{"nodes":[{"nodeID":"1352599","text":"campaigners start to disrupt businesses going about their work, building for the economy","type":"I","timestamp":"2023-11-09 14:12:11"},{"nodeID":"1352600","text":"Lucy Frazer: when campaigners start to disrupt businesses going about their work, building for the economy, building the economy","type":"L","timestamp":"2023-11-09 14:12:11"},{"nodeID":"1352601","text":"Analysing","type":"YA","timestamp":"2023-11-09 14:12:11"},{"nodeID":"1352602","text":"Calum: Lucy Frazer: when campaigners start to disrupt businesses going about their work, building for the economy, building the economy","type":"L","timestamp":"2023-11-09 14:12:11"},{"nodeID":"1352603","text":"Asserting","type":"YA","timestamp":"2023-11-09 14:12:11"},{"nodeID":"1352604","text":"campaigners disrupt people","type":"I","timestamp":"2023-11-09 14:12:11"},{"nodeID":"1352605","text":"Lucy Frazer: when they disrupt people","type":"L","timestamp":"2023-11-09 14:12:11"},{"nodeID":"1352606","text":"Analysing","type":"YA","timestamp":"2023-11-09 14:12:11"},{"nodeID":"1352607","text":"Calum: Lucy Frazer: when they disrupt people","type":"L","timestamp":"2023-11-09 14:12:11"},{"nodeID":"1352608","text":"Asserting","type":"YA","timestamp":"2023-11-09 14:12:11"},{"nodeID":"1352609","text":"we\u2019ve all talked about ambulances and four hour waits and our NHS","type":"I","timestamp":"2023-11-09 14:12:12"},{"nodeID":"1352610","text":"Lucy Frazer: We\u2019ve all talked about ambulances and four hour waits and our NHS","type":"L","timestamp":"2023-11-09 14:12:12"},{"nodeID":"1352611","text":"Analysing","type":"YA","timestamp":"2023-11-09 14:12:12"},{"nodeID":"1352612","text":"Calum: Lucy Frazer: We\u2019ve all talked about ambulances and four hour waits and our NHS","type":"L","timestamp":"2023-11-09 14:12:12"},{"nodeID":"1352613","text":"Asserting","type":"YA","timestamp":"2023-11-09 14:12:12"},{"nodeID":"1352614","text":"campaigners disrupt ambulances getting sick people to hospital","type":"I","timestamp":"2023-11-09 14:12:13"},{"nodeID":"1352615","text":"Lucy Frazer: disrupting ambulances getting sick people to hospital","type":"L","timestamp":"2023-11-09 14:12:13"},{"nodeID":"1352616","text":"Analysing","type":"YA","timestamp":"2023-11-09 14:12:13"},{"nodeID":"1352617","text":"Calum: Lucy Frazer: disrupting ambulances getting sick people to hospital","type":"L","timestamp":"2023-11-09 14:12:13"},{"nodeID":"1352618","text":"Asserting","type":"YA","timestamp":"2023-11-09 14:12:13"},{"nodeID":"1352619","text":"campaigners stop people going to school","type":"I","timestamp":"2023-11-09 14:12:13"},{"nodeID":"1352620","text":"Lucy Frazer: stopping people going to school","type":"L","timestamp":"2023-11-09 14:12:13"},{"nodeID":"1352621","text":"Analysing","type":"YA","timestamp":"2023-11-09 14:12:13"},{"nodeID":"1352622","text":"Calum: Lucy Frazer: stopping people going to school","type":"L","timestamp":"2023-11-09 14:12:13"},{"nodeID":"1352623","text":"Asserting","type":"YA","timestamp":"2023-11-09 14:12:13"},{"nodeID":"1352624","text":"there\u2019s a problem","type":"I","timestamp":"2023-11-09 14:12:14"},{"nodeID":"1352625","text":"Lucy Frazer: there\u2019s a problem","type":"L","timestamp":"2023-11-09 14:12:14"},{"nodeID":"1352626","text":"Analysing","type":"YA","timestamp":"2023-11-09 14:12:14"},{"nodeID":"1352627","text":"Calum: Lucy Frazer: there\u2019s a problem","type":"L","timestamp":"2023-11-09 14:12:14"},{"nodeID":"1352628","text":"Asserting","type":"YA","timestamp":"2023-11-09 14:12:14"},{"nodeID":"1352629","text":"Default Transition","type":"TA","timestamp":"2023-11-09 14:12:14"},{"nodeID":"1352630","text":"Default Transition","type":"TA","timestamp":"2023-11-09 14:12:14"},{"nodeID":"1352631","text":"Default Transition","type":"TA","timestamp":"2023-11-09 14:12:14"},{"nodeID":"1352632","text":"Default Transition","type":"TA","timestamp":"2023-11-09 14:12:14"},{"nodeID":"1352633","text":"Default Transition","type":"TA","timestamp":"2023-11-09 14:12:14"},{"nodeID":"1352634","text":"we need to act and tackle campaigners disrupting people","type":"I","timestamp":"2023-11-09 14:12:14"},{"nodeID":"1352635","text":"Lucy Frazer: we need to act and tackle that","type":"L","timestamp":"2023-11-09 14:12:14"},{"nodeID":"1352636","text":"Analysing","type":"YA","timestamp":"2023-11-09 14:12:14"},{"nodeID":"1352637","text":"Calum: Lucy Frazer: we need to act and tackle that","type":"L","timestamp":"2023-11-09 14:12:14"},{"nodeID":"1352638","text":"Asserting","type":"YA","timestamp":"2023-11-09 14:12:14"},{"nodeID":"1352639","text":"Default Transition","type":"TA","timestamp":"2023-11-09 14:12:14"},{"nodeID":"1352640","text":"Default Inference","type":"RA","timestamp":"2023-11-09 14:12:14"},{"nodeID":"1352641","text":"Arguing","type":"YA","timestamp":"2023-11-09 14:12:14"},{"nodeID":"1352642","text":"the Government is absolutely listening to the issue of climate change","type":"I","timestamp":"2023-11-09 14:12:15"},{"nodeID":"1352643","text":"Lucy Frazer: the Government is absolutely listening to the issue of climate change","type":"L","timestamp":"2023-11-09 14:12:15"},{"nodeID":"1352644","text":"Analysing","type":"YA","timestamp":"2023-11-09 14:12:15"},{"nodeID":"1352645","text":"Calum: Lucy Frazer: the Government is absolutely listening to the issue of climate change","type":"L","timestamp":"2023-11-09 14:12:15"},{"nodeID":"1352646","text":"Asserting","type":"YA","timestamp":"2023-11-09 14:12:15"},{"nodeID":"1352647","text":"the Government is not just listening","type":"I","timestamp":"2023-11-09 14:12:16"},{"nodeID":"1352648","text":"Lucy Frazer: It\u2019s not just listening","type":"L","timestamp":"2023-11-09 14:12:16"},{"nodeID":"1352649","text":"Analysing","type":"YA","timestamp":"2023-11-09 14:12:16"},{"nodeID":"1352650","text":"Calum: Lucy Frazer: It\u2019s not just listening","type":"L","timestamp":"2023-11-09 14:12:16"},{"nodeID":"1352651","text":"Asserting","type":"YA","timestamp":"2023-11-09 14:12:16"},{"nodeID":"1352652","text":"the government acted on the issue of climate change","type":"I","timestamp":"2023-11-09 14:12:16"},{"nodeID":"1352653","text":"Lucy Frazer: it\u2019s acted on it","type":"L","timestamp":"2023-11-09 14:12:16"},{"nodeID":"1352654","text":"Analysing","type":"YA","timestamp":"2023-11-09 14:12:16"},{"nodeID":"1352655","text":"Calum: Lucy Frazer: it\u2019s acted on it","type":"L","timestamp":"2023-11-09 14:12:16"},{"nodeID":"1352656","text":"Asserting","type":"YA","timestamp":"2023-11-09 14:12:16"},{"nodeID":"1352657","text":"Default Transition","type":"TA","timestamp":"2023-11-09 14:12:16"},{"nodeID":"1352658","text":"Default Transition","type":"TA","timestamp":"2023-11-09 14:12:16"},{"nodeID":"1352659","text":"Default Inference","type":"RA","timestamp":"2023-11-09 14:12:16"},{"nodeID":"1352660","text":"Arguing","type":"YA","timestamp":"2023-11-09 14:12:16"},{"nodeID":"1352661","text":"Default Transition","type":"TA","timestamp":"2023-11-09 14:12:16"},{"nodeID":"1352662","text":"Default Rephrase","type":"MA","timestamp":"2023-11-09 14:12:16"},{"nodeID":"1352663","text":"Restating","type":"YA","timestamp":"2023-11-09 14:12:16"},{"nodeID":"1352664","text":"the UK were one of the first major countries to legislate for net zero by 2050","type":"I","timestamp":"2023-11-09 14:12:17"},{"nodeID":"1352665","text":"Lucy Frazer: we were one of the first major countries to legislate for net zero by 2050","type":"L","timestamp":"2023-11-09 14:12:17"},{"nodeID":"1352666","text":"Analysing","type":"YA","timestamp":"2023-11-09 14:12:17"},{"nodeID":"1352667","text":"Calum: Lucy Frazer: we were one of the first major countries to legislate for net zero by 2050","type":"L","timestamp":"2023-11-09 14:12:17"},{"nodeID":"1352668","text":"Asserting","type":"YA","timestamp":"2023-11-09 14:12:17"},{"nodeID":"1352669","text":"Default Transition","type":"TA","timestamp":"2023-11-09 14:12:17"},{"nodeID":"1352670","text":"Default Rephrase","type":"MA","timestamp":"2023-11-09 14:12:17"},{"nodeID":"1352671","text":"Restating","type":"YA","timestamp":"2023-11-09 14:12:17"},{"nodeID":"1352672","text":"xxx is why the Prime Minister is not going to COP 27","type":"I","timestamp":"2023-11-09 14:12:17"},{"nodeID":"1352673","text":"Fiona Bruce: So why is the Prime Minister not going not the COP 27","type":"L","timestamp":"2023-11-09 14:12:17"},{"nodeID":"1352674","text":"Analysing","type":"YA","timestamp":"2023-11-09 14:12:17"},{"nodeID":"1352675","text":"Calum: Fiona Bruce: So why is the Prime Minister not going not the COP 27","type":"L","timestamp":"2023-11-09 14:12:17"},{"nodeID":"1352676","text":"Pure Questioning","type":"YA","timestamp":"2023-11-09 14:12:17"},{"nodeID":"1352677","text":"Default Transition","type":"TA","timestamp":"2023-11-09 14:12:17"},{"nodeID":"1352678","text":"the UK have reduced carbon emissions by 40 per cent since 1990","type":"I","timestamp":"2023-11-09 14:12:18"},{"nodeID":"1352679","text":"Lucy Frazer: we have reduced our carbon emissions by 40 per cent since 1990","type":"L","timestamp":"2023-11-09 14:12:18"},{"nodeID":"1352680","text":"Analysing","type":"YA","timestamp":"2023-11-09 14:12:18"},{"nodeID":"1352681","text":"Calum: Lucy Frazer: we have reduced our carbon emissions by 40 per cent since 1990","type":"L","timestamp":"2023-11-09 14:12:18"},{"nodeID":"1352682","text":"Asserting","type":"YA","timestamp":"2023-11-09 14:12:18"},{"nodeID":"1352683","text":"the UK have reduced carbon emissions faster than any other western country","type":"I","timestamp":"2023-11-09 14:12:19"},{"nodeID":"1352684","text":"Lucy Frazer: faster than any other western country","type":"L","timestamp":"2023-11-09 14:12:19"},{"nodeID":"1352685","text":"Analysing","type":"YA","timestamp":"2023-11-09 14:12:19"},{"nodeID":"1352686","text":"Calum: Lucy Frazer: faster than any other western country","type":"L","timestamp":"2023-11-09 14:12:19"},{"nodeID":"1352687","text":"Asserting","type":"YA","timestamp":"2023-11-09 14:12:19"},{"nodeID":"1352688","text":"the UK government are acting","type":"I","timestamp":"2023-11-09 14:12:19"},{"nodeID":"1352689","text":"Lucy Frazer: we are acting","type":"L","timestamp":"2023-11-09 14:12:19"},{"nodeID":"1352690","text":"Analysing","type":"YA","timestamp":"2023-11-09 14:12:19"},{"nodeID":"1352691","text":"Calum: Lucy Frazer: we are acting","type":"L","timestamp":"2023-11-09 14:12:19"},{"nodeID":"1352692","text":"Asserting","type":"YA","timestamp":"2023-11-09 14:12:19"},{"nodeID":"1352693","text":"the UK government hear and are acting on climate change","type":"I","timestamp":"2023-11-09 14:12:20"},{"nodeID":"1352694","text":"Lucy Frazer: we hear and we\u2019re acting on it","type":"L","timestamp":"2023-11-09 14:12:20"},{"nodeID":"1352695","text":"Analysing","type":"YA","timestamp":"2023-11-09 14:12:20"},{"nodeID":"1352696","text":"Calum: Lucy Frazer: we hear and we\u2019re acting on it","type":"L","timestamp":"2023-11-09 14:12:20"},{"nodeID":"1352697","text":"Asserting","type":"YA","timestamp":"2023-11-09 14:12:20"},{"nodeID":"1352698","text":"the UK is leading not just in COP when they held the presidency","type":"I","timestamp":"2023-11-09 14:12:21"},{"nodeID":"1352699","text":"Lucy Frazer: not just in COP, when we held the presidency","type":"L","timestamp":"2023-11-09 14:12:21"},{"nodeID":"1352700","text":"Analysing","type":"YA","timestamp":"2023-11-09 14:12:21"},{"nodeID":"1352701","text":"Calum: Lucy Frazer: not just in COP, when we held the presidency","type":"L","timestamp":"2023-11-09 14:12:21"},{"nodeID":"1352702","text":"Asserting","type":"YA","timestamp":"2023-11-09 14:12:21"},{"nodeID":"1352703","text":"the UK is leading overall","type":"I","timestamp":"2023-11-09 14:12:22"},{"nodeID":"1352704","text":"Lucy Frazer: overall","type":"L","timestamp":"2023-11-09 14:12:22"},{"nodeID":"1352705","text":"Analysing","type":"YA","timestamp":"2023-11-09 14:12:22"},{"nodeID":"1352706","text":"Calum: Lucy Frazer: overall","type":"L","timestamp":"2023-11-09 14:12:22"},{"nodeID":"1352707","text":"Asserting","type":"YA","timestamp":"2023-11-09 14:12:22"},{"nodeID":"1352708","text":"Rishi Sunak, when he was Chancellor, led on climate change as well","type":"I","timestamp":"2023-11-09 14:12:23"},{"nodeID":"1352709","text":"Lucy Frazer: the Prime Minister, when he was Chancellor, led on this issue as well","type":"L","timestamp":"2023-11-09 14:12:23"},{"nodeID":"1352710","text":"Analysing","type":"YA","timestamp":"2023-11-09 14:12:23"},{"nodeID":"1352711","text":"Calum: Lucy Frazer: the Prime Minister, when he was Chancellor, led on this issue as well","type":"L","timestamp":"2023-11-09 14:12:23"},{"nodeID":"1352712","text":"Asserting","type":"YA","timestamp":"2023-11-09 14:12:23"},{"nodeID":"1352713","text":"Rishi Sunak brought together financial institutions","type":"I","timestamp":"2023-11-09 14:12:24"},{"nodeID":"1352714","text":"Lucy Frazer: He brought together financial institutions","type":"L","timestamp":"2023-11-09 14:12:24"},{"nodeID":"1352715","text":"Analysing","type":"YA","timestamp":"2023-11-09 14:12:24"},{"nodeID":"1352716","text":"Calum: Lucy Frazer: He brought together financial institutions","type":"L","timestamp":"2023-11-09 14:12:24"},{"nodeID":"1352717","text":"Asserting","type":"YA","timestamp":"2023-11-09 14:12:24"},{"nodeID":"1352718","text":"Rishi Sunak committed to the UK being the world\u2019s first net zero financial centre","type":"I","timestamp":"2023-11-09 14:12:25"},{"nodeID":"1352719","text":"Lucy Frazer: he\u2019s committed to the UK being the world\u2019s first net zero financial centre","type":"L","timestamp":"2023-11-09 14:12:25"},{"nodeID":"1352720","text":"Analysing","type":"YA","timestamp":"2023-11-09 14:12:25"},{"nodeID":"1352721","text":"Calum: Lucy Frazer: he\u2019s committed to the UK being the world\u2019s first net zero financial centre","type":"L","timestamp":"2023-11-09 14:12:25"},{"nodeID":"1352722","text":"Asserting","type":"YA","timestamp":"2023-11-09 14:12:25"},{"nodeID":"1352723","text":"Rishi Sunak is absolutely on the climate change issue","type":"I","timestamp":"2023-11-09 14:12:25"},{"nodeID":"1352724","text":"Lucy Frazer: he is absolutely on this issue","type":"L","timestamp":"2023-11-09 14:12:25"},{"nodeID":"1352725","text":"Analysing","type":"YA","timestamp":"2023-11-09 14:12:25"},{"nodeID":"1352726","text":"Calum: Lucy Frazer: he is absolutely on this issue","type":"L","timestamp":"2023-11-09 14:12:25"},{"nodeID":"1352727","text":"Asserting","type":"YA","timestamp":"2023-11-09 14:12:25"},{"nodeID":"1352728","text":"Default Transition","type":"TA","timestamp":"2023-11-09 14:12:25"},{"nodeID":"1352729","text":"Default Inference","type":"RA","timestamp":"2023-11-09 14:12:25"},{"nodeID":"1352730","text":"Default Transition","type":"TA","timestamp":"2023-11-09 14:12:25"},{"nodeID":"1352731","text":"Default Transition","type":"TA","timestamp":"2023-11-09 14:12:25"},{"nodeID":"1352732","text":"Arguing","type":"YA","timestamp":"2023-11-09 14:12:25"},{"nodeID":"1352733","text":"Default Transition","type":"TA","timestamp":"2023-11-09 14:12:25"},{"nodeID":"1352734","text":"Default Rephrase","type":"MA","timestamp":"2023-11-09 14:12:25"},{"nodeID":"1352735","text":"Restating","type":"YA","timestamp":"2023-11-09 14:12:25"},{"nodeID":"1352736","text":"the UK has been leading in the sphere of climate change","type":"I","timestamp":"2023-11-09 14:12:26"},{"nodeID":"1352737","text":"Lucy Frazer: the UK has been leading in this sphere","type":"L","timestamp":"2023-11-09 14:12:26"},{"nodeID":"1352738","text":"Analysing","type":"YA","timestamp":"2023-11-09 14:12:26"},{"nodeID":"1352739","text":"Calum: Lucy Frazer: the UK has been leading in this sphere","type":"L","timestamp":"2023-11-09 14:12:26"},{"nodeID":"1352740","text":"Asserting","type":"YA","timestamp":"2023-11-09 14:12:26"},{"nodeID":"1352741","text":"Default Inference","type":"RA","timestamp":"2023-11-09 14:12:26"},{"nodeID":"1352742","text":"Default Transition","type":"TA","timestamp":"2023-11-09 14:12:26"},{"nodeID":"1352743","text":"Default Transition","type":"TA","timestamp":"2023-11-09 14:12:26"},{"nodeID":"1352744","text":"Default Transition","type":"TA","timestamp":"2023-11-09 14:12:26"},{"nodeID":"1352745","text":"Default Transition","type":"TA","timestamp":"2023-11-09 14:12:26"},{"nodeID":"1352746","text":"Arguing","type":"YA","timestamp":"2023-11-09 14:12:26"},{"nodeID":"1352747","text":"Default Transition","type":"TA","timestamp":"2023-11-09 14:12:26"},{"nodeID":"1352748","text":"Default Inference","type":"RA","timestamp":"2023-11-09 14:12:26"},{"nodeID":"1352749","text":"Default Transition","type":"TA","timestamp":"2023-11-09 14:12:26"},{"nodeID":"1352750","text":"Arguing","type":"YA","timestamp":"2023-11-09 14:12:26"},{"nodeID":"1352751","text":"Default Transition","type":"TA","timestamp":"2023-11-09 14:12:26"},{"nodeID":"1352752","text":"Default Rephrase","type":"MA","timestamp":"2023-11-09 14:12:26"},{"nodeID":"1352753","text":"Restating","type":"YA","timestamp":"2023-11-09 14:12:26"},{"nodeID":"1352754","text":"Default Rephrase","type":"MA","timestamp":"2023-11-09 14:12:26"},{"nodeID":"1352755","text":"Restating","type":"YA","timestamp":"2023-11-09 14:12:26"},{"nodeID":"1352756","text":"Default Inference","type":"RA","timestamp":"2023-11-09 14:12:26"},{"nodeID":"1352757","text":"Default Transition","type":"TA","timestamp":"2023-11-09 14:12:26"},{"nodeID":"1352758","text":"Arguing","type":"YA","timestamp":"2023-11-09 14:12:26"},{"nodeID":"1352759","text":"Default Rephrase","type":"MA","timestamp":"2023-11-09 14:12:26"},{"nodeID":"1352760","text":"Default Transition","type":"TA","timestamp":"2023-11-09 14:12:26"},{"nodeID":"1352761","text":"Restating","type":"YA","timestamp":"2023-11-09 14:12:26"}],"edges":[{"edgeID":"1771440","fromID":"1352601","toID":"1352600","formEdgeID":null},{"edgeID":"1771441","fromID":"1352602","toID":"1352601","formEdgeID":null},{"edgeID":"1771442","fromID":"1352600","toID":"1352603","formEdgeID":null},{"edgeID":"1771443","fromID":"1352603","toID":"1352599","formEdgeID":null},{"edgeID":"1771444","fromID":"1352606","toID":"1352605","formEdgeID":null},{"edgeID":"1771445","fromID":"1352607","toID":"1352606","formEdgeID":null},{"edgeID":"1771446","fromID":"1352605","toID":"1352608","formEdgeID":null},{"edgeID":"1771447","fromID":"1352608","toID":"1352604","formEdgeID":null},{"edgeID":"1771448","fromID":"1352611","toID":"1352610","formEdgeID":null},{"edgeID":"1771449","fromID":"1352612","toID":"1352611","formEdgeID":null},{"edgeID":"1771450","fromID":"1352610","toID":"1352613","formEdgeID":null},{"edgeID":"1771451","fromID":"1352613","toID":"1352609","formEdgeID":null},{"edgeID":"1771452","fromID":"1352616","toID":"1352615","formEdgeID":null},{"edgeID":"1771453","fromID":"1352617","toID":"1352616","formEdgeID":null},{"edgeID":"1771454","fromID":"1352615","toID":"1352618","formEdgeID":null},{"edgeID":"1771455","fromID":"1352618","toID":"1352614","formEdgeID":null},{"edgeID":"1771456","fromID":"1352621","toID":"1352620","formEdgeID":null},{"edgeID":"1771457","fromID":"1352622","toID":"1352621","formEdgeID":null},{"edgeID":"1771458","fromID":"1352620","toID":"1352623","formEdgeID":null},{"edgeID":"1771459","fromID":"1352623","toID":"1352619","formEdgeID":null},{"edgeID":"1771460","fromID":"1352626","toID":"1352625","formEdgeID":null},{"edgeID":"1771461","fromID":"1352627","toID":"1352626","formEdgeID":null},{"edgeID":"1771462","fromID":"1352625","toID":"1352628","formEdgeID":null},{"edgeID":"1771463","fromID":"1352628","toID":"1352624","formEdgeID":null},{"edgeID":"1771464","fromID":"1352610","toID":"1352629","formEdgeID":null},{"edgeID":"1771465","fromID":"1352629","toID":"1352615","formEdgeID":null},{"edgeID":"1771466","fromID":"1352620","toID":"1352630","formEdgeID":null},{"edgeID":"1771467","fromID":"1352630","toID":"1352625","formEdgeID":null},{"edgeID":"1771468","fromID":"1352615","toID":"1352631","formEdgeID":null},{"edgeID":"1771469","fromID":"1352631","toID":"1352625","formEdgeID":null},{"edgeID":"1771470","fromID":"1352605","toID":"1352632","formEdgeID":null},{"edgeID":"1771471","fromID":"1352632","toID":"1352625","formEdgeID":null},{"edgeID":"1771472","fromID":"1352600","toID":"1352633","formEdgeID":null},{"edgeID":"1771473","fromID":"1352633","toID":"1352625","formEdgeID":null},{"edgeID":"1771474","fromID":"1352636","toID":"1352635","formEdgeID":null},{"edgeID":"1771475","fromID":"1352637","toID":"1352636","formEdgeID":null},{"edgeID":"1771476","fromID":"1352635","toID":"1352638","formEdgeID":null},{"edgeID":"1771477","fromID":"1352638","toID":"1352634","formEdgeID":null},{"edgeID":"1771478","fromID":"1352625","toID":"1352639","formEdgeID":null},{"edgeID":"1771479","fromID":"1352639","toID":"1352635","formEdgeID":null},{"edgeID":"1771480","fromID":"1352624","toID":"1352640","formEdgeID":null},{"edgeID":"1771481","fromID":"1352640","toID":"1352634","formEdgeID":null},{"edgeID":"1771482","fromID":"1352639","toID":"1352641","formEdgeID":null},{"edgeID":"1771483","fromID":"1352641","toID":"1352640","formEdgeID":null},{"edgeID":"1771484","fromID":"1352644","toID":"1352643","formEdgeID":null},{"edgeID":"1771485","fromID":"1352645","toID":"1352644","formEdgeID":null},{"edgeID":"1771486","fromID":"1352643","toID":"1352646","formEdgeID":null},{"edgeID":"1771487","fromID":"1352646","toID":"1352642","formEdgeID":null},{"edgeID":"1771488","fromID":"1352649","toID":"1352648","formEdgeID":null},{"edgeID":"1771489","fromID":"1352650","toID":"1352649","formEdgeID":null},{"edgeID":"1771490","fromID":"1352648","toID":"1352651","formEdgeID":null},{"edgeID":"1771491","fromID":"1352651","toID":"1352647","formEdgeID":null},{"edgeID":"1771492","fromID":"1352654","toID":"1352653","formEdgeID":null},{"edgeID":"1771493","fromID":"1352655","toID":"1352654","formEdgeID":null},{"edgeID":"1771494","fromID":"1352653","toID":"1352656","formEdgeID":null},{"edgeID":"1771495","fromID":"1352656","toID":"1352652","formEdgeID":null},{"edgeID":"1771496","fromID":"1352635","toID":"1352657","formEdgeID":null},{"edgeID":"1771497","fromID":"1352657","toID":"1352643","formEdgeID":null},{"edgeID":"1771498","fromID":"1352648","toID":"1352658","formEdgeID":null},{"edgeID":"1771499","fromID":"1352658","toID":"1352653","formEdgeID":null},{"edgeID":"1771500","fromID":"1352652","toID":"1352659","formEdgeID":null},{"edgeID":"1771501","fromID":"1352659","toID":"1352647","formEdgeID":null},{"edgeID":"1771502","fromID":"1352658","toID":"1352660","formEdgeID":null},{"edgeID":"1771503","fromID":"1352660","toID":"1352659","formEdgeID":null},{"edgeID":"1771504","fromID":"1352643","toID":"1352661","formEdgeID":null},{"edgeID":"1771505","fromID":"1352661","toID":"1352648","formEdgeID":null},{"edgeID":"1771506","fromID":"1352647","toID":"1352662","formEdgeID":null},{"edgeID":"1771507","fromID":"1352662","toID":"1352642","formEdgeID":null},{"edgeID":"1771508","fromID":"1352661","toID":"1352663","formEdgeID":null},{"edgeID":"1771509","fromID":"1352663","toID":"1352662","formEdgeID":null},{"edgeID":"1771510","fromID":"1352666","toID":"1352665","formEdgeID":null},{"edgeID":"1771511","fromID":"1352667","toID":"1352666","formEdgeID":null},{"edgeID":"1771512","fromID":"1352665","toID":"1352668","formEdgeID":null},{"edgeID":"1771513","fromID":"1352668","toID":"1352664","formEdgeID":null},{"edgeID":"1771514","fromID":"1352653","toID":"1352669","formEdgeID":null},{"edgeID":"1771515","fromID":"1352669","toID":"1352665","formEdgeID":null},{"edgeID":"1771516","fromID":"1352664","toID":"1352670","formEdgeID":null},{"edgeID":"1771517","fromID":"1352670","toID":"1352652","formEdgeID":null},{"edgeID":"1771518","fromID":"1352669","toID":"1352671","formEdgeID":null},{"edgeID":"1771519","fromID":"1352671","toID":"1352670","formEdgeID":null},{"edgeID":"1771520","fromID":"1352674","toID":"1352673","formEdgeID":null},{"edgeID":"1771521","fromID":"1352675","toID":"1352674","formEdgeID":null},{"edgeID":"1771522","fromID":"1352673","toID":"1352676","formEdgeID":null},{"edgeID":"1771523","fromID":"1352676","toID":"1352672","formEdgeID":null},{"edgeID":"1771524","fromID":"1352665","toID":"1352677","formEdgeID":null},{"edgeID":"1771525","fromID":"1352677","toID":"1352673","formEdgeID":null},{"edgeID":"1771526","fromID":"1352680","toID":"1352679","formEdgeID":null},{"edgeID":"1771527","fromID":"1352681","toID":"1352680","formEdgeID":null},{"edgeID":"1771528","fromID":"1352679","toID":"1352682","formEdgeID":null},{"edgeID":"1771529","fromID":"1352682","toID":"1352678","formEdgeID":null},{"edgeID":"1771530","fromID":"1352685","toID":"1352684","formEdgeID":null},{"edgeID":"1771531","fromID":"1352686","toID":"1352685","formEdgeID":null},{"edgeID":"1771532","fromID":"1352684","toID":"1352687","formEdgeID":null},{"edgeID":"1771533","fromID":"1352687","toID":"1352683","formEdgeID":null},{"edgeID":"1771534","fromID":"1352690","toID":"1352689","formEdgeID":null},{"edgeID":"1771535","fromID":"1352691","toID":"1352690","formEdgeID":null},{"edgeID":"1771536","fromID":"1352689","toID":"1352692","formEdgeID":null},{"edgeID":"1771537","fromID":"1352692","toID":"1352688","formEdgeID":null},{"edgeID":"1771538","fromID":"1352695","toID":"1352694","formEdgeID":null},{"edgeID":"1771539","fromID":"1352696","toID":"1352695","formEdgeID":null},{"edgeID":"1771540","fromID":"1352694","toID":"1352697","formEdgeID":null},{"edgeID":"1771541","fromID":"1352697","toID":"1352693","formEdgeID":null},{"edgeID":"1771542","fromID":"1352700","toID":"1352699","formEdgeID":null},{"edgeID":"1771543","fromID":"1352701","toID":"1352700","formEdgeID":null},{"edgeID":"1771544","fromID":"1352699","toID":"1352702","formEdgeID":null},{"edgeID":"1771545","fromID":"1352702","toID":"1352698","formEdgeID":null},{"edgeID":"1771546","fromID":"1352705","toID":"1352704","formEdgeID":null},{"edgeID":"1771547","fromID":"1352706","toID":"1352705","formEdgeID":null},{"edgeID":"1771548","fromID":"1352704","toID":"1352707","formEdgeID":null},{"edgeID":"1771549","fromID":"1352707","toID":"1352703","formEdgeID":null},{"edgeID":"1771550","fromID":"1352710","toID":"1352709","formEdgeID":null},{"edgeID":"1771551","fromID":"1352711","toID":"1352710","formEdgeID":null},{"edgeID":"1771552","fromID":"1352709","toID":"1352712","formEdgeID":null},{"edgeID":"1771553","fromID":"1352712","toID":"1352708","formEdgeID":null},{"edgeID":"1771554","fromID":"1352715","toID":"1352714","formEdgeID":null},{"edgeID":"1771555","fromID":"1352716","toID":"1352715","formEdgeID":null},{"edgeID":"1771556","fromID":"1352714","toID":"1352717","formEdgeID":null},{"edgeID":"1771557","fromID":"1352717","toID":"1352713","formEdgeID":null},{"edgeID":"1771558","fromID":"1352720","toID":"1352719","formEdgeID":null},{"edgeID":"1771559","fromID":"1352721","toID":"1352720","formEdgeID":null},{"edgeID":"1771560","fromID":"1352719","toID":"1352722","formEdgeID":null},{"edgeID":"1771561","fromID":"1352722","toID":"1352718","formEdgeID":null},{"edgeID":"1771562","fromID":"1352725","toID":"1352724","formEdgeID":null},{"edgeID":"1771563","fromID":"1352726","toID":"1352725","formEdgeID":null},{"edgeID":"1771564","fromID":"1352724","toID":"1352727","formEdgeID":null},{"edgeID":"1771565","fromID":"1352727","toID":"1352723","formEdgeID":null},{"edgeID":"1771566","fromID":"1352673","toID":"1352728","formEdgeID":null},{"edgeID":"1771567","fromID":"1352728","toID":"1352679","formEdgeID":null},{"edgeID":"1771568","fromID":"1352678","toID":"1352729","formEdgeID":null},{"edgeID":"1771569","fromID":"1352729","toID":"1352688","formEdgeID":null},{"edgeID":"1771570","fromID":"1352683","toID":"1352729","formEdgeID":null},{"edgeID":"1771571","fromID":"1352679","toID":"1352730","formEdgeID":null},{"edgeID":"1771572","fromID":"1352730","toID":"1352689","formEdgeID":null},{"edgeID":"1771573","fromID":"1352684","toID":"1352731","formEdgeID":null},{"edgeID":"1771574","fromID":"1352731","toID":"1352689","formEdgeID":null},{"edgeID":"1771575","fromID":"1352731","toID":"1352732","formEdgeID":null},{"edgeID":"1771576","fromID":"1352732","toID":"1352729","formEdgeID":null},{"edgeID":"1771577","fromID":"1352689","toID":"1352733","formEdgeID":null},{"edgeID":"1771578","fromID":"1352733","toID":"1352694","formEdgeID":null},{"edgeID":"1771579","fromID":"1352693","toID":"1352734","formEdgeID":null},{"edgeID":"1771580","fromID":"1352734","toID":"1352688","formEdgeID":null},{"edgeID":"1771581","fromID":"1352733","toID":"1352735","formEdgeID":null},{"edgeID":"1771582","fromID":"1352735","toID":"1352734","formEdgeID":null},{"edgeID":"1771583","fromID":"1352738","toID":"1352737","formEdgeID":null},{"edgeID":"1771584","fromID":"1352739","toID":"1352738","formEdgeID":null},{"edgeID":"1771585","fromID":"1352737","toID":"1352740","formEdgeID":null},{"edgeID":"1771586","fromID":"1352740","toID":"1352736","formEdgeID":null},{"edgeID":"1771587","fromID":"1352736","toID":"1352741","formEdgeID":null},{"edgeID":"1771588","fromID":"1352741","toID":"1352693","formEdgeID":null},{"edgeID":"1771589","fromID":"1352698","toID":"1352741","formEdgeID":null},{"edgeID":"1771590","fromID":"1352703","toID":"1352741","formEdgeID":null},{"edgeID":"1771591","fromID":"1352708","toID":"1352741","formEdgeID":null},{"edgeID":"1771592","fromID":"1352694","toID":"1352742","formEdgeID":null},{"edgeID":"1771593","fromID":"1352742","toID":"1352737","formEdgeID":null},{"edgeID":"1771594","fromID":"1352694","toID":"1352743","formEdgeID":null},{"edgeID":"1771595","fromID":"1352743","toID":"1352699","formEdgeID":null},{"edgeID":"1771596","fromID":"1352694","toID":"1352744","formEdgeID":null},{"edgeID":"1771597","fromID":"1352744","toID":"1352704","formEdgeID":null},{"edgeID":"1771598","fromID":"1352694","toID":"1352745","formEdgeID":null},{"edgeID":"1771599","fromID":"1352745","toID":"1352709","formEdgeID":null},{"edgeID":"1771600","fromID":"1352745","toID":"1352746","formEdgeID":null},{"edgeID":"1771601","fromID":"1352746","toID":"1352741","formEdgeID":null},{"edgeID":"1771602","fromID":"1352709","toID":"1352747","formEdgeID":null},{"edgeID":"1771603","fromID":"1352747","toID":"1352714","formEdgeID":null},{"edgeID":"1771604","fromID":"1352713","toID":"1352748","formEdgeID":null},{"edgeID":"1771605","fromID":"1352748","toID":"1352708","formEdgeID":null},{"edgeID":"1771606","fromID":"1352718","toID":"1352748","formEdgeID":null},{"edgeID":"1771607","fromID":"1352714","toID":"1352749","formEdgeID":null},{"edgeID":"1771608","fromID":"1352749","toID":"1352719","formEdgeID":null},{"edgeID":"1771609","fromID":"1352749","toID":"1352750","formEdgeID":null},{"edgeID":"1771610","fromID":"1352750","toID":"1352748","formEdgeID":null},{"edgeID":"1771611","fromID":"1352709","toID":"1352751","formEdgeID":null},{"edgeID":"1771612","fromID":"1352751","toID":"1352724","formEdgeID":null},{"edgeID":"1771613","fromID":"1352723","toID":"1352752","formEdgeID":null},{"edgeID":"1771614","fromID":"1352752","toID":"1352708","formEdgeID":null},{"edgeID":"1771615","fromID":"1352751","toID":"1352753","formEdgeID":null},{"edgeID":"1771616","fromID":"1352753","toID":"1352752","formEdgeID":null},{"edgeID":"1771617","fromID":"1352614","toID":"1352754","formEdgeID":null},{"edgeID":"1771618","fromID":"1352754","toID":"1352609","formEdgeID":null},{"edgeID":"1771619","fromID":"1352629","toID":"1352755","formEdgeID":null},{"edgeID":"1771620","fromID":"1352755","toID":"1352754","formEdgeID":null},{"edgeID":"1771621","fromID":"1352599","toID":"1352756","formEdgeID":null},{"edgeID":"1771622","fromID":"1352756","toID":"1352624","formEdgeID":null},{"edgeID":"1771623","fromID":"1352604","toID":"1352756","formEdgeID":null},{"edgeID":"1771624","fromID":"1352609","toID":"1352756","formEdgeID":null},{"edgeID":"1771625","fromID":"1352619","toID":"1352756","formEdgeID":null},{"edgeID":"1771626","fromID":"1352610","toID":"1352757","formEdgeID":null},{"edgeID":"1771627","fromID":"1352757","toID":"1352625","formEdgeID":null},{"edgeID":"1771628","fromID":"1352630","toID":"1352758","formEdgeID":null},{"edgeID":"1771629","fromID":"1352758","toID":"1352756","formEdgeID":null},{"edgeID":"1771630","fromID":"1352688","toID":"1352759","formEdgeID":null},{"edgeID":"1771631","fromID":"1352759","toID":"1352664","formEdgeID":null},{"edgeID":"1771632","fromID":"1352665","toID":"1352760","formEdgeID":null},{"edgeID":"1771633","fromID":"1352760","toID":"1352689","formEdgeID":null},{"edgeID":"1771634","fromID":"1352760","toID":"1352761","formEdgeID":null},{"edgeID":"1771635","fromID":"1352761","toID":"1352759","formEdgeID":null}],"locutions":[]}