{"nodes":[{"nodeID":"1352250","text":"Armando Iannucci pities poor Grant Shapps","type":"I","timestamp":"2023-11-09 14:11:40"},{"nodeID":"1352251","text":"Armando Iannucci: I pity poor Grant Shapps","type":"L","timestamp":"2023-11-09 14:11:40"},{"nodeID":"1352252","text":"Analysing","type":"YA","timestamp":"2023-11-09 14:11:40"},{"nodeID":"1352253","text":"Chris: Armando Iannucci: I pity poor Grant Shapps","type":"L","timestamp":"2023-11-09 14:11:40"},{"nodeID":"1352254","text":"Asserting","type":"YA","timestamp":"2023-11-09 14:11:40"},{"nodeID":"1352255","text":"Grant Shapps was Home Secretary for one week","type":"I","timestamp":"2023-11-09 14:11:41"},{"nodeID":"1352256","text":"Armando Iannucci: who was Home Secretary for one week","type":"L","timestamp":"2023-11-09 14:11:41"},{"nodeID":"1352257","text":"Analysing","type":"YA","timestamp":"2023-11-09 14:11:41"},{"nodeID":"1352258","text":"Chris: Armando Iannucci: who was Home Secretary for one week","type":"L","timestamp":"2023-11-09 14:11:41"},{"nodeID":"1352259","text":"Asserting","type":"YA","timestamp":"2023-11-09 14:11:41"},{"nodeID":"1352260","text":"Default Transition","type":"TA","timestamp":"2023-11-09 14:11:41"},{"nodeID":"1352261","text":"Default Inference","type":"RA","timestamp":"2023-11-09 14:11:41"},{"nodeID":"1352262","text":"Arguing","type":"YA","timestamp":"2023-11-09 14:11:41"},{"nodeID":"1352263","text":"in The Thick of It, he\u2019d be presented with a Swiss clock when on the hour a woman comes out and a man comes in, and a woman comes out and a man comes in, one of those things","type":"I","timestamp":"2023-11-09 14:11:42"},{"nodeID":"1352264","text":"Armando Iannucci: In the Thick of It, he\u2019d be presented with a Swiss clock when on the hour a woman comes out and a man comes in, and a woman comes out and a man comes in, one of those things","type":"L","timestamp":"2023-11-09 14:11:42"},{"nodeID":"1352265","text":"Analysing","type":"YA","timestamp":"2023-11-09 14:11:42"},{"nodeID":"1352266","text":"Chris: Armando Iannucci: In the Thick of It, he\u2019d be presented with a Swiss clock when on the hour a woman comes out and a man comes in, and a woman comes out and a man comes in, one of those things","type":"L","timestamp":"2023-11-09 14:11:42"},{"nodeID":"1352267","text":"Asserting","type":"YA","timestamp":"2023-11-09 14:11:42"},{"nodeID":"1352268","text":"Default Transition","type":"TA","timestamp":"2023-11-09 14:11:42"},{"nodeID":"1352269","text":"Default Rephrase","type":"MA","timestamp":"2023-11-09 14:11:42"},{"nodeID":"1352270","text":"Restating","type":"YA","timestamp":"2023-11-09 14:11:42"},{"nodeID":"1352271","text":"Armando Iannucci is glad The Thick of It stopped ten years ago","type":"I","timestamp":"2023-11-09 14:11:42"},{"nodeID":"1352272","text":"Armando Iannucci: I\u2019m glad we stopped ten years ago","type":"L","timestamp":"2023-11-09 14:11:42"},{"nodeID":"1352273","text":"Analysing","type":"YA","timestamp":"2023-11-09 14:11:42"},{"nodeID":"1352274","text":"Chris: Armando Iannucci: I\u2019m glad we stopped ten years ago","type":"L","timestamp":"2023-11-09 14:11:42"},{"nodeID":"1352275","text":"Asserting","type":"YA","timestamp":"2023-11-09 14:11:42"},{"nodeID":"1352276","text":"Default Transition","type":"TA","timestamp":"2023-11-09 14:11:42"},{"nodeID":"1352277","text":"The Thick of It was seen as a warning, not a prediction","type":"I","timestamp":"2023-11-09 14:11:43"},{"nodeID":"1352278","text":"Armando Iannucci: It was seen as a warning, not a prediction","type":"L","timestamp":"2023-11-09 14:11:43"},{"nodeID":"1352279","text":"Analysing","type":"YA","timestamp":"2023-11-09 14:11:43"},{"nodeID":"1352280","text":"Chris: Armando Iannucci: It was seen as a warning, not a prediction","type":"L","timestamp":"2023-11-09 14:11:43"},{"nodeID":"1352281","text":"Asserting","type":"YA","timestamp":"2023-11-09 14:11:43"},{"nodeID":"1352282","text":"Default Transition","type":"TA","timestamp":"2023-11-09 14:11:43"},{"nodeID":"1352283","text":"Default Inference","type":"RA","timestamp":"2023-11-09 14:11:43"},{"nodeID":"1352284","text":"Arguing","type":"YA","timestamp":"2023-11-09 14:11:43"},{"nodeID":"1352285","text":"Armando Iannucci would like to change The Thick of It not being seen as a prediction in hindsight","type":"I","timestamp":"2023-11-09 14:11:44"},{"nodeID":"1352286","text":"Armando Iannucci: I\u2019d like to change that now","type":"L","timestamp":"2023-11-09 14:11:44"},{"nodeID":"1352287","text":"Analysing","type":"YA","timestamp":"2023-11-09 14:11:44"},{"nodeID":"1352288","text":"Chris: Armando Iannucci: I\u2019d like to change that now","type":"L","timestamp":"2023-11-09 14:11:44"},{"nodeID":"1352289","text":"Asserting","type":"YA","timestamp":"2023-11-09 14:11:44"},{"nodeID":"1352290","text":"Default Transition","type":"TA","timestamp":"2023-11-09 14:11:44"},{"nodeID":"1352291","text":"Armando Iannucci wishes he could write something which all is well","type":"I","timestamp":"2023-11-09 14:11:44"},{"nodeID":"1352292","text":"Armando Iannucci: I wish I could write something which all is well","type":"L","timestamp":"2023-11-09 14:11:44"},{"nodeID":"1352293","text":"Analysing","type":"YA","timestamp":"2023-11-09 14:11:44"},{"nodeID":"1352294","text":"Chris: Armando Iannucci: I wish I could write something which all is well","type":"L","timestamp":"2023-11-09 14:11:44"},{"nodeID":"1352295","text":"Asserting","type":"YA","timestamp":"2023-11-09 14:11:44"},{"nodeID":"1352296","text":"Default Transition","type":"TA","timestamp":"2023-11-09 14:11:44"},{"nodeID":"1352297","text":"Default Inference","type":"RA","timestamp":"2023-11-09 14:11:44"},{"nodeID":"1352298","text":"Arguing","type":"YA","timestamp":"2023-11-09 14:11:44"},{"nodeID":"1352299","text":"Armando Iannucci is not minded to write something positive at the moment","type":"I","timestamp":"2023-11-09 14:11:45"},{"nodeID":"1352300","text":"Armando Iannucci: I'm not minded to do so at the moment","type":"L","timestamp":"2023-11-09 14:11:45"},{"nodeID":"1352301","text":"Analysing","type":"YA","timestamp":"2023-11-09 14:11:45"},{"nodeID":"1352302","text":"Chris: Armando Iannucci: I'm not minded to do so at the moment","type":"L","timestamp":"2023-11-09 14:11:45"},{"nodeID":"1352303","text":"Asserting","type":"YA","timestamp":"2023-11-09 14:11:45"},{"nodeID":"1352304","text":"Default Transition","type":"TA","timestamp":"2023-11-09 14:11:45"},{"nodeID":"1352305","text":"Default Conflict","type":"CA","timestamp":"2023-11-09 14:11:45"},{"nodeID":"1352306","text":"Disagreeing","type":"YA","timestamp":"2023-11-09 14:11:45"},{"nodeID":"1352307","text":"there\u2019s been a lot of talk","type":"I","timestamp":"2023-11-09 14:11:46"},{"nodeID":"1352308","text":"Fiona Bruce: there\u2019s been a lot of talk","type":"L","timestamp":"2023-11-09 14:11:46"},{"nodeID":"1352309","text":"Analysing","type":"YA","timestamp":"2023-11-09 14:11:46"},{"nodeID":"1352310","text":"Chris: Fiona Bruce: there\u2019s been a lot of talk","type":"L","timestamp":"2023-11-09 14:11:46"},{"nodeID":"1352311","text":"Asserting","type":"YA","timestamp":"2023-11-09 14:11:46"},{"nodeID":"1352312","text":"Default Transition","type":"TA","timestamp":"2023-11-09 14:11:46"},{"nodeID":"1352313","text":"there has been so much churn and so much instability recently","type":"I","timestamp":"2023-11-09 14:11:46"},{"nodeID":"1352314","text":"Fiona Bruce: there has been so much churn and so much instability recently","type":"L","timestamp":"2023-11-09 14:11:46"},{"nodeID":"1352315","text":"Analysing","type":"YA","timestamp":"2023-11-09 14:11:46"},{"nodeID":"1352316","text":"Chris: Fiona Bruce: there has been so much churn and so much instability recently","type":"L","timestamp":"2023-11-09 14:11:46"},{"nodeID":"1352317","text":"Asserting","type":"YA","timestamp":"2023-11-09 14:11:46"},{"nodeID":"1352318","text":"Default Transition","type":"TA","timestamp":"2023-11-09 14:11:46"},{"nodeID":"1352319","text":"Default Inference","type":"RA","timestamp":"2023-11-09 14:11:46"},{"nodeID":"1352320","text":"Arguing","type":"YA","timestamp":"2023-11-09 14:11:46"},{"nodeID":"1352321","text":"we have or have not got a lesser class of politicians now than we used to","type":"I","timestamp":"2023-11-09 14:11:47"},{"nodeID":"1352322","text":"Fiona Bruce: have we got a lesser class of politicians now than we used to","type":"L","timestamp":"2023-11-09 14:11:47"},{"nodeID":"1352323","text":"Analysing","type":"YA","timestamp":"2023-11-09 14:11:47"},{"nodeID":"1352324","text":"Chris: Fiona Bruce: have we got a lesser class of politicians now than we used to","type":"L","timestamp":"2023-11-09 14:11:47"},{"nodeID":"1352325","text":"Default Transition","type":"TA","timestamp":"2023-11-09 14:11:47"},{"nodeID":"1352326","text":"Pure Questioning","type":"YA","timestamp":"2023-11-09 14:11:47"},{"nodeID":"1352327","text":"we are or are not just nostalgic about the old days","type":"I","timestamp":"2023-11-09 14:11:47"},{"nodeID":"1352328","text":"Fiona Bruce: Or are we just nostalgic about the old days","type":"L","timestamp":"2023-11-09 14:11:47"},{"nodeID":"1352329","text":"Analysing","type":"YA","timestamp":"2023-11-09 14:11:47"},{"nodeID":"1352330","text":"Chris: Fiona Bruce: Or are we just nostalgic about the old days","type":"L","timestamp":"2023-11-09 14:11:47"},{"nodeID":"1352331","text":"Pure Questioning","type":"YA","timestamp":"2023-11-09 14:11:47"},{"nodeID":"1352332","text":"Default Transition","type":"TA","timestamp":"2023-11-09 14:11:47"},{"nodeID":"1352333","text":"we always think that things have changed","type":"I","timestamp":"2023-11-09 14:11:48"},{"nodeID":"1352334","text":"Fiona Bruce: we always think that things have changed","type":"L","timestamp":"2023-11-09 14:11:48"},{"nodeID":"1352335","text":"Analysing","type":"YA","timestamp":"2023-11-09 14:11:48"},{"nodeID":"1352336","text":"Chris: Fiona Bruce: we always think that things have changed","type":"L","timestamp":"2023-11-09 14:11:48"},{"nodeID":"1352337","text":"Asserting","type":"YA","timestamp":"2023-11-09 14:11:48"},{"nodeID":"1352338","text":"Default Transition","type":"TA","timestamp":"2023-11-09 14:11:48"},{"nodeID":"1352339","text":"Default Rephrase","type":"MA","timestamp":"2023-11-09 14:11:48"},{"nodeID":"1352340","text":"Restating","type":"YA","timestamp":"2023-11-09 14:11:48"},{"nodeID":"1352341","text":"people now go into politics straight from university","type":"I","timestamp":"2023-11-09 14:11:49"},{"nodeID":"1352342","text":"Armando Iannucci: people now go into politics straight from university","type":"L","timestamp":"2023-11-09 14:11:49"},{"nodeID":"1352343","text":"Analysing","type":"YA","timestamp":"2023-11-09 14:11:49"},{"nodeID":"1352344","text":"Chris: Armando Iannucci: people now go into politics straight from university","type":"L","timestamp":"2023-11-09 14:11:49"},{"nodeID":"1352345","text":"Asserting","type":"YA","timestamp":"2023-11-09 14:11:49"},{"nodeID":"1352346","text":"Default Transition","type":"TA","timestamp":"2023-11-09 14:11:49"},{"nodeID":"1352347","text":"Agreeing","type":"YA","timestamp":"2023-11-09 14:11:49"},{"nodeID":"1352348","text":"they become members of a think-tank","type":"I","timestamp":"2023-11-09 14:11:50"},{"nodeID":"1352349","text":"Armando Iannucci: they become members of a think-tank","type":"L","timestamp":"2023-11-09 14:11:50"},{"nodeID":"1352350","text":"Analysing","type":"YA","timestamp":"2023-11-09 14:11:50"},{"nodeID":"1352351","text":"Chris: Armando Iannucci: they become members of a think-tank","type":"L","timestamp":"2023-11-09 14:11:50"},{"nodeID":"1352352","text":"Asserting","type":"YA","timestamp":"2023-11-09 14:11:50"},{"nodeID":"1352353","text":"Default Transition","type":"TA","timestamp":"2023-11-09 14:11:50"},{"nodeID":"1352354","text":"Default Rephrase","type":"MA","timestamp":"2023-11-09 14:11:50"},{"nodeID":"1352355","text":"Restating","type":"YA","timestamp":"2023-11-09 14:11:50"},{"nodeID":"1352356","text":"the university to politics pipeline is what the Thick of It picked up on","type":"I","timestamp":"2023-11-09 14:11:50"},{"nodeID":"1352357","text":"Armando Iannucci: This is what the Thick of It picked up on","type":"L","timestamp":"2023-11-09 14:11:50"},{"nodeID":"1352358","text":"Analysing","type":"YA","timestamp":"2023-11-09 14:11:50"},{"nodeID":"1352359","text":"Chris: Armando Iannucci: This is what the Thick of It picked up on","type":"L","timestamp":"2023-11-09 14:11:50"},{"nodeID":"1352360","text":"Asserting","type":"YA","timestamp":"2023-11-09 14:11:50"},{"nodeID":"1352361","text":"Default Transition","type":"TA","timestamp":"2023-11-09 14:11:50"},{"nodeID":"1352362","text":"Default Rephrase","type":"MA","timestamp":"2023-11-09 14:11:50"},{"nodeID":"1352363","text":"the way the country is run by lots of 24-year-olds who have got degrees in PPE from Oxford and then have become a researcher for an MP","type":"I","timestamp":"2023-11-09 14:11:51"},{"nodeID":"1352364","text":"Armando Iannucci: the way the country is run by lots of 24-year-olds who have got degrees in PPE from Oxford and then have become a researcher for an MP","type":"L","timestamp":"2023-11-09 14:11:51"},{"nodeID":"1352365","text":"Analysing","type":"YA","timestamp":"2023-11-09 14:11:51"},{"nodeID":"1352366","text":"Chris: Armando Iannucci: the way the country is run by lots of 24-year-olds who have got degrees in PPE from Oxford and then have become a researcher for an MP","type":"L","timestamp":"2023-11-09 14:11:51"},{"nodeID":"1352367","text":"Asserting","type":"YA","timestamp":"2023-11-09 14:11:51"},{"nodeID":"1352368","text":"Default Transition","type":"TA","timestamp":"2023-11-09 14:11:51"},{"nodeID":"1352369","text":"Default Rephrase","type":"MA","timestamp":"2023-11-09 14:11:51"},{"nodeID":"1352370","text":"Default Conflict","type":"CA","timestamp":"2023-11-09 14:11:51"},{"nodeID":"1352371","text":"Disagreeing","type":"YA","timestamp":"2023-11-09 14:11:51"},{"nodeID":"1352372","text":"then joined a think-tank and then become an MP themselves and are devising furlough schemes at the age of 32","type":"I","timestamp":"2023-11-09 14:11:51"},{"nodeID":"1352373","text":"Armando Iannucci: then joined a think-tank and then become an MP themselves and are devising furlough schemes at the age of 32","type":"L","timestamp":"2023-11-09 14:11:51"},{"nodeID":"1352374","text":"Analysing","type":"YA","timestamp":"2023-11-09 14:11:51"},{"nodeID":"1352375","text":"Chris: Armando Iannucci: then joined a think-tank and then become an MP themselves and are devising furlough schemes at the age of 32","type":"L","timestamp":"2023-11-09 14:11:51"},{"nodeID":"1352376","text":"Asserting","type":"YA","timestamp":"2023-11-09 14:11:51"},{"nodeID":"1352377","text":"Default Transition","type":"TA","timestamp":"2023-11-09 14:11:51"},{"nodeID":"1352378","text":"Default Rephrase","type":"MA","timestamp":"2023-11-09 14:11:51"},{"nodeID":"1352379","text":"Restating","type":"YA","timestamp":"2023-11-09 14:11:51"},{"nodeID":"1352380","text":"that MPs have no life experience and are devising furlough schemes at 32 years of age is not true","type":"I","timestamp":"2023-11-09 14:11:52"},{"nodeID":"1352381","text":"Fiona Bruce:  that\u2019s not true","type":"L","timestamp":"2023-11-09 14:11:52"},{"nodeID":"1352382","text":"Analysing","type":"YA","timestamp":"2023-11-09 14:11:52"},{"nodeID":"1352383","text":"Chris: Fiona Bruce:  that\u2019s not true","type":"L","timestamp":"2023-11-09 14:11:52"},{"nodeID":"1352384","text":"Asserting","type":"YA","timestamp":"2023-11-09 14:11:52"},{"nodeID":"1352385","text":"Default Transition","type":"TA","timestamp":"2023-11-09 14:11:52"},{"nodeID":"1352386","text":"Default Conflict","type":"CA","timestamp":"2023-11-09 14:11:52"},{"nodeID":"1352387","text":"Disagreeing","type":"YA","timestamp":"2023-11-09 14:11:52"}],"edges":[{"edgeID":"1771027","fromID":"1352252","toID":"1352251","formEdgeID":null},{"edgeID":"1771028","fromID":"1352253","toID":"1352252","formEdgeID":null},{"edgeID":"1771029","fromID":"1352251","toID":"1352254","formEdgeID":null},{"edgeID":"1771030","fromID":"1352254","toID":"1352250","formEdgeID":null},{"edgeID":"1771031","fromID":"1352257","toID":"1352256","formEdgeID":null},{"edgeID":"1771032","fromID":"1352258","toID":"1352257","formEdgeID":null},{"edgeID":"1771033","fromID":"1352256","toID":"1352259","formEdgeID":null},{"edgeID":"1771034","fromID":"1352259","toID":"1352255","formEdgeID":null},{"edgeID":"1771035","fromID":"1352251","toID":"1352260","formEdgeID":null},{"edgeID":"1771036","fromID":"1352260","toID":"1352256","formEdgeID":null},{"edgeID":"1771037","fromID":"1352255","toID":"1352261","formEdgeID":null},{"edgeID":"1771038","fromID":"1352261","toID":"1352250","formEdgeID":null},{"edgeID":"1771039","fromID":"1352260","toID":"1352262","formEdgeID":null},{"edgeID":"1771040","fromID":"1352262","toID":"1352261","formEdgeID":null},{"edgeID":"1771041","fromID":"1352265","toID":"1352264","formEdgeID":null},{"edgeID":"1771042","fromID":"1352266","toID":"1352265","formEdgeID":null},{"edgeID":"1771043","fromID":"1352264","toID":"1352267","formEdgeID":null},{"edgeID":"1771044","fromID":"1352267","toID":"1352263","formEdgeID":null},{"edgeID":"1771045","fromID":"1352256","toID":"1352268","formEdgeID":null},{"edgeID":"1771046","fromID":"1352268","toID":"1352264","formEdgeID":null},{"edgeID":"1771047","fromID":"1352263","toID":"1352269","formEdgeID":null},{"edgeID":"1771048","fromID":"1352269","toID":"1352255","formEdgeID":null},{"edgeID":"1771049","fromID":"1352268","toID":"1352270","formEdgeID":null},{"edgeID":"1771050","fromID":"1352270","toID":"1352269","formEdgeID":null},{"edgeID":"1771051","fromID":"1352273","toID":"1352272","formEdgeID":null},{"edgeID":"1771052","fromID":"1352274","toID":"1352273","formEdgeID":null},{"edgeID":"1771053","fromID":"1352272","toID":"1352275","formEdgeID":null},{"edgeID":"1771054","fromID":"1352275","toID":"1352271","formEdgeID":null},{"edgeID":"1771055","fromID":"1352264","toID":"1352276","formEdgeID":null},{"edgeID":"1771056","fromID":"1352276","toID":"1352272","formEdgeID":null},{"edgeID":"1771057","fromID":"1352279","toID":"1352278","formEdgeID":null},{"edgeID":"1771058","fromID":"1352280","toID":"1352279","formEdgeID":null},{"edgeID":"1771059","fromID":"1352278","toID":"1352281","formEdgeID":null},{"edgeID":"1771060","fromID":"1352281","toID":"1352277","formEdgeID":null},{"edgeID":"1771061","fromID":"1352272","toID":"1352282","formEdgeID":null},{"edgeID":"1771062","fromID":"1352282","toID":"1352278","formEdgeID":null},{"edgeID":"1771063","fromID":"1352277","toID":"1352283","formEdgeID":null},{"edgeID":"1771064","fromID":"1352283","toID":"1352271","formEdgeID":null},{"edgeID":"1771065","fromID":"1352282","toID":"1352284","formEdgeID":null},{"edgeID":"1771066","fromID":"1352284","toID":"1352283","formEdgeID":null},{"edgeID":"1771067","fromID":"1352287","toID":"1352286","formEdgeID":null},{"edgeID":"1771068","fromID":"1352288","toID":"1352287","formEdgeID":null},{"edgeID":"1771069","fromID":"1352286","toID":"1352289","formEdgeID":null},{"edgeID":"1771070","fromID":"1352289","toID":"1352285","formEdgeID":null},{"edgeID":"1771071","fromID":"1352278","toID":"1352290","formEdgeID":null},{"edgeID":"1771072","fromID":"1352290","toID":"1352286","formEdgeID":null},{"edgeID":"1771073","fromID":"1352293","toID":"1352292","formEdgeID":null},{"edgeID":"1771074","fromID":"1352294","toID":"1352293","formEdgeID":null},{"edgeID":"1771075","fromID":"1352292","toID":"1352295","formEdgeID":null},{"edgeID":"1771076","fromID":"1352295","toID":"1352291","formEdgeID":null},{"edgeID":"1771077","fromID":"1352286","toID":"1352296","formEdgeID":null},{"edgeID":"1771078","fromID":"1352296","toID":"1352292","formEdgeID":null},{"edgeID":"1771079","fromID":"1352277","toID":"1352297","formEdgeID":null},{"edgeID":"1771080","fromID":"1352297","toID":"1352285","formEdgeID":null},{"edgeID":"1771081","fromID":"1352290","toID":"1352298","formEdgeID":null},{"edgeID":"1771082","fromID":"1352298","toID":"1352297","formEdgeID":null},{"edgeID":"1771083","fromID":"1352301","toID":"1352300","formEdgeID":null},{"edgeID":"1771084","fromID":"1352302","toID":"1352301","formEdgeID":null},{"edgeID":"1771085","fromID":"1352300","toID":"1352303","formEdgeID":null},{"edgeID":"1771086","fromID":"1352303","toID":"1352299","formEdgeID":null},{"edgeID":"1771087","fromID":"1352292","toID":"1352304","formEdgeID":null},{"edgeID":"1771088","fromID":"1352304","toID":"1352300","formEdgeID":null},{"edgeID":"1771089","fromID":"1352299","toID":"1352305","formEdgeID":null},{"edgeID":"1771090","fromID":"1352305","toID":"1352291","formEdgeID":null},{"edgeID":"1771091","fromID":"1352304","toID":"1352306","formEdgeID":null},{"edgeID":"1771092","fromID":"1352306","toID":"1352305","formEdgeID":null},{"edgeID":"1771093","fromID":"1352309","toID":"1352308","formEdgeID":null},{"edgeID":"1771094","fromID":"1352310","toID":"1352309","formEdgeID":null},{"edgeID":"1771095","fromID":"1352308","toID":"1352311","formEdgeID":null},{"edgeID":"1771096","fromID":"1352311","toID":"1352307","formEdgeID":null},{"edgeID":"1771097","fromID":"1352300","toID":"1352312","formEdgeID":null},{"edgeID":"1771098","fromID":"1352312","toID":"1352308","formEdgeID":null},{"edgeID":"1771099","fromID":"1352315","toID":"1352314","formEdgeID":null},{"edgeID":"1771100","fromID":"1352316","toID":"1352315","formEdgeID":null},{"edgeID":"1771101","fromID":"1352314","toID":"1352317","formEdgeID":null},{"edgeID":"1771102","fromID":"1352317","toID":"1352313","formEdgeID":null},{"edgeID":"1771103","fromID":"1352308","toID":"1352318","formEdgeID":null},{"edgeID":"1771104","fromID":"1352318","toID":"1352314","formEdgeID":null},{"edgeID":"1771105","fromID":"1352313","toID":"1352319","formEdgeID":null},{"edgeID":"1771106","fromID":"1352319","toID":"1352307","formEdgeID":null},{"edgeID":"1771107","fromID":"1352318","toID":"1352320","formEdgeID":null},{"edgeID":"1771108","fromID":"1352320","toID":"1352319","formEdgeID":null},{"edgeID":"1771109","fromID":"1352323","toID":"1352322","formEdgeID":null},{"edgeID":"1771110","fromID":"1352324","toID":"1352323","formEdgeID":null},{"edgeID":"1771111","fromID":"1352314","toID":"1352325","formEdgeID":null},{"edgeID":"1771112","fromID":"1352325","toID":"1352322","formEdgeID":null},{"edgeID":"1771113","fromID":"1352322","toID":"1352326","formEdgeID":null},{"edgeID":"1771114","fromID":"1352326","toID":"1352321","formEdgeID":null},{"edgeID":"1771115","fromID":"1352329","toID":"1352328","formEdgeID":null},{"edgeID":"1771116","fromID":"1352330","toID":"1352329","formEdgeID":null},{"edgeID":"1771117","fromID":"1352328","toID":"1352331","formEdgeID":null},{"edgeID":"1771118","fromID":"1352331","toID":"1352327","formEdgeID":null},{"edgeID":"1771119","fromID":"1352322","toID":"1352332","formEdgeID":null},{"edgeID":"1771120","fromID":"1352332","toID":"1352328","formEdgeID":null},{"edgeID":"1771121","fromID":"1352335","toID":"1352334","formEdgeID":null},{"edgeID":"1771122","fromID":"1352336","toID":"1352335","formEdgeID":null},{"edgeID":"1771123","fromID":"1352334","toID":"1352337","formEdgeID":null},{"edgeID":"1771124","fromID":"1352337","toID":"1352333","formEdgeID":null},{"edgeID":"1771125","fromID":"1352328","toID":"1352338","formEdgeID":null},{"edgeID":"1771126","fromID":"1352338","toID":"1352334","formEdgeID":null},{"edgeID":"1771127","fromID":"1352333","toID":"1352339","formEdgeID":null},{"edgeID":"1771128","fromID":"1352339","toID":"1352327","formEdgeID":null},{"edgeID":"1771129","fromID":"1352338","toID":"1352340","formEdgeID":null},{"edgeID":"1771130","fromID":"1352340","toID":"1352339","formEdgeID":null},{"edgeID":"1771131","fromID":"1352343","toID":"1352342","formEdgeID":null},{"edgeID":"1771132","fromID":"1352344","toID":"1352343","formEdgeID":null},{"edgeID":"1771133","fromID":"1352342","toID":"1352345","formEdgeID":null},{"edgeID":"1771134","fromID":"1352345","toID":"1352341","formEdgeID":null},{"edgeID":"1771135","fromID":"1352334","toID":"1352346","formEdgeID":null},{"edgeID":"1771136","fromID":"1352346","toID":"1352342","formEdgeID":null},{"edgeID":"1771137","fromID":"1352346","toID":"1352347","formEdgeID":null},{"edgeID":"1771138","fromID":"1352347","toID":"1352321","formEdgeID":null},{"edgeID":"1771139","fromID":"1352350","toID":"1352349","formEdgeID":null},{"edgeID":"1771140","fromID":"1352351","toID":"1352350","formEdgeID":null},{"edgeID":"1771141","fromID":"1352349","toID":"1352352","formEdgeID":null},{"edgeID":"1771142","fromID":"1352352","toID":"1352348","formEdgeID":null},{"edgeID":"1771143","fromID":"1352342","toID":"1352353","formEdgeID":null},{"edgeID":"1771144","fromID":"1352353","toID":"1352349","formEdgeID":null},{"edgeID":"1771145","fromID":"1352348","toID":"1352354","formEdgeID":null},{"edgeID":"1771146","fromID":"1352354","toID":"1352341","formEdgeID":null},{"edgeID":"1771147","fromID":"1352353","toID":"1352355","formEdgeID":null},{"edgeID":"1771148","fromID":"1352355","toID":"1352354","formEdgeID":null},{"edgeID":"1771149","fromID":"1352358","toID":"1352357","formEdgeID":null},{"edgeID":"1771150","fromID":"1352359","toID":"1352358","formEdgeID":null},{"edgeID":"1771151","fromID":"1352357","toID":"1352360","formEdgeID":null},{"edgeID":"1771152","fromID":"1352360","toID":"1352356","formEdgeID":null},{"edgeID":"1771153","fromID":"1352349","toID":"1352361","formEdgeID":null},{"edgeID":"1771154","fromID":"1352361","toID":"1352357","formEdgeID":null},{"edgeID":"1771155","fromID":"1352356","toID":"1352362","formEdgeID":null},{"edgeID":"1771156","fromID":"1352362","toID":"1352348","formEdgeID":null},{"edgeID":"1771157","fromID":"1352365","toID":"1352364","formEdgeID":null},{"edgeID":"1771158","fromID":"1352366","toID":"1352365","formEdgeID":null},{"edgeID":"1771159","fromID":"1352364","toID":"1352367","formEdgeID":null},{"edgeID":"1771160","fromID":"1352367","toID":"1352363","formEdgeID":null},{"edgeID":"1771161","fromID":"1352357","toID":"1352368","formEdgeID":null},{"edgeID":"1771162","fromID":"1352368","toID":"1352364","formEdgeID":null},{"edgeID":"1771163","fromID":"1352363","toID":"1352369","formEdgeID":null},{"edgeID":"1771164","fromID":"1352369","toID":"1352356","formEdgeID":null},{"edgeID":"1771165","fromID":"1352327","toID":"1352370","formEdgeID":null},{"edgeID":"1771166","fromID":"1352370","toID":"1352321","formEdgeID":null},{"edgeID":"1771167","fromID":"1352332","toID":"1352371","formEdgeID":null},{"edgeID":"1771168","fromID":"1352371","toID":"1352370","formEdgeID":null},{"edgeID":"1771169","fromID":"1352374","toID":"1352373","formEdgeID":null},{"edgeID":"1771170","fromID":"1352375","toID":"1352374","formEdgeID":null},{"edgeID":"1771171","fromID":"1352373","toID":"1352376","formEdgeID":null},{"edgeID":"1771172","fromID":"1352376","toID":"1352372","formEdgeID":null},{"edgeID":"1771173","fromID":"1352364","toID":"1352377","formEdgeID":null},{"edgeID":"1771174","fromID":"1352377","toID":"1352373","formEdgeID":null},{"edgeID":"1771175","fromID":"1352372","toID":"1352378","formEdgeID":null},{"edgeID":"1771176","fromID":"1352378","toID":"1352363","formEdgeID":null},{"edgeID":"1771177","fromID":"1352377","toID":"1352379","formEdgeID":null},{"edgeID":"1771178","fromID":"1352379","toID":"1352378","formEdgeID":null},{"edgeID":"1771179","fromID":"1352382","toID":"1352381","formEdgeID":null},{"edgeID":"1771180","fromID":"1352383","toID":"1352382","formEdgeID":null},{"edgeID":"1771181","fromID":"1352381","toID":"1352384","formEdgeID":null},{"edgeID":"1771182","fromID":"1352384","toID":"1352380","formEdgeID":null},{"edgeID":"1771183","fromID":"1352373","toID":"1352385","formEdgeID":null},{"edgeID":"1771184","fromID":"1352385","toID":"1352381","formEdgeID":null},{"edgeID":"1771185","fromID":"1352380","toID":"1352386","formEdgeID":null},{"edgeID":"1771186","fromID":"1352386","toID":"1352372","formEdgeID":null},{"edgeID":"1771187","fromID":"1352385","toID":"1352387","formEdgeID":null},{"edgeID":"1771188","fromID":"1352387","toID":"1352386","formEdgeID":null}],"locutions":[]}