{"nodes":[{"nodeID":"1342260","text":"we\u2019re now reading that every department is being asked to look at 10 to 15 per cent cuts in its budget, or savings in its budget","type":"I","timestamp":"2023-11-09 13:56:23"},{"nodeID":"1342261","text":"Armando Iannucci: we\u2019re now reading that every department is being asked to look at 10 to 15 per cent cuts in its budget, or savings in its budget","type":"L","timestamp":"2023-11-09 13:56:23"},{"nodeID":"1342262","text":"Analysing","type":"YA","timestamp":"2023-11-09 13:56:23"},{"nodeID":"1342263","text":"Anon: Armando Iannucci: we\u2019re now reading that every department is being asked to look at 10 to 15 per cent cuts in its budget, or savings in its budget","type":"L","timestamp":"2023-11-09 13:56:23"},{"nodeID":"1342264","text":"Asserting","type":"YA","timestamp":"2023-11-09 13:56:23"},{"nodeID":"1342265","text":"Armando Iannucci is reading that every department is being asked to look at 10 to 15 per cent cuts in its budget, or savings in its budget","type":"I","timestamp":"2023-11-09 13:56:23"},{"nodeID":"1342266","text":"Lucy Frazer: you are reading","type":"L","timestamp":"2023-11-09 13:56:23"},{"nodeID":"1342267","text":"Analysing","type":"YA","timestamp":"2023-11-09 13:56:23"},{"nodeID":"1342268","text":"Anon: Lucy Frazer: you are reading","type":"L","timestamp":"2023-11-09 13:56:23"},{"nodeID":"1342269","text":"Asserting","type":"YA","timestamp":"2023-11-09 13:56:23"},{"nodeID":"1342270","text":"Default Transition","type":"TA","timestamp":"2023-11-09 13:56:23"},{"nodeID":"1342271","text":"Default Rephrase","type":"MA","timestamp":"2023-11-09 13:56:23"},{"nodeID":"1342272","text":"Restating","type":"YA","timestamp":"2023-11-09 13:56:23"},{"nodeID":"1342273","text":"let\u2019s wait for the announcement","type":"I","timestamp":"2023-11-09 13:56:24"},{"nodeID":"1342274","text":"Lucy Frazer: let\u2019s wait for the announcement","type":"L","timestamp":"2023-11-09 13:56:24"},{"nodeID":"1342275","text":"Analysing","type":"YA","timestamp":"2023-11-09 13:56:24"},{"nodeID":"1342276","text":"Anon: Lucy Frazer: let\u2019s wait for the announcement","type":"L","timestamp":"2023-11-09 13:56:24"},{"nodeID":"1342277","text":"Asserting","type":"YA","timestamp":"2023-11-09 13:56:24"},{"nodeID":"1342278","text":"Default Transition","type":"TA","timestamp":"2023-11-09 13:56:24"},{"nodeID":"1342279","text":"Default Conflict","type":"CA","timestamp":"2023-11-09 13:56:24"},{"nodeID":"1342280","text":"Disagreeing","type":"YA","timestamp":"2023-11-09 13:56:24"},{"nodeID":"1342281","text":"AudienceMember 20221027QT35 retired from medicine ten years ago","type":"I","timestamp":"2023-11-09 13:56:25"},{"nodeID":"1342282","text":"AudienceMember 20221027QT35: I retired from medicine ten years ago","type":"L","timestamp":"2023-11-09 13:56:25"},{"nodeID":"1342283","text":"Analysing","type":"YA","timestamp":"2023-11-09 13:56:25"},{"nodeID":"1342284","text":"Anon: AudienceMember 20221027QT35: I retired from medicine ten years ago","type":"L","timestamp":"2023-11-09 13:56:25"},{"nodeID":"1342285","text":"Asserting","type":"YA","timestamp":"2023-11-09 13:56:25"},{"nodeID":"1342286","text":"Default Transition","type":"TA","timestamp":"2023-11-09 13:56:25"},{"nodeID":"1342287","text":"we are well served for NHS practitioners here","type":"I","timestamp":"2023-11-09 13:56:25"},{"nodeID":"1342288","text":"Fiona Bruce: we are well served for NHS practitioners here","type":"L","timestamp":"2023-11-09 13:56:25"},{"nodeID":"1342289","text":"Analysing","type":"YA","timestamp":"2023-11-09 13:56:25"},{"nodeID":"1342290","text":"Anon: Fiona Bruce: we are well served for NHS practitioners here","type":"L","timestamp":"2023-11-09 13:56:25"},{"nodeID":"1342291","text":"Asserting","type":"YA","timestamp":"2023-11-09 13:56:25"},{"nodeID":"1342292","text":"Default Transition","type":"TA","timestamp":"2023-11-09 13:56:25"},{"nodeID":"1342293","text":"Default Inference","type":"RA","timestamp":"2023-11-09 13:56:25"},{"nodeID":"1342294","text":"Arguing","type":"YA","timestamp":"2023-11-09 13:56:25"},{"nodeID":"1342295","text":"not an awful lot has changed with bed blockers","type":"I","timestamp":"2023-11-09 13:56:26"},{"nodeID":"1342296","text":"AudienceMember 20221027QT36: not an awful lot has changed with bed blockers","type":"L","timestamp":"2023-11-09 13:56:26"},{"nodeID":"1342297","text":"Analysing","type":"YA","timestamp":"2023-11-09 13:56:26"},{"nodeID":"1342298","text":"Anon: AudienceMember 20221027QT36: not an awful lot has changed with bed blockers","type":"L","timestamp":"2023-11-09 13:56:26"},{"nodeID":"1342299","text":"Asserting","type":"YA","timestamp":"2023-11-09 13:56:26"},{"nodeID":"1342300","text":"the NHS were having to cancel elective surgery patients","type":"I","timestamp":"2023-11-09 13:56:27"},{"nodeID":"1342301","text":"AudienceMember 20221027QT36: we were having to cancel elective surgery patients","type":"L","timestamp":"2023-11-09 13:56:27"},{"nodeID":"1342302","text":"Analysing","type":"YA","timestamp":"2023-11-09 13:56:27"},{"nodeID":"1342303","text":"Anon: AudienceMember 20221027QT36: we were having to cancel elective surgery patients","type":"L","timestamp":"2023-11-09 13:56:27"},{"nodeID":"1342304","text":"Asserting","type":"YA","timestamp":"2023-11-09 13:56:27"},{"nodeID":"1342305","text":"Default Transition","type":"TA","timestamp":"2023-11-09 13:56:27"},{"nodeID":"1342306","text":"the NHS couldn\u2019t get patients home","type":"I","timestamp":"2023-11-09 13:56:27"},{"nodeID":"1342307","text":"AudienceMember 20221027QT36: we couldn\u2019t get patients home","type":"L","timestamp":"2023-11-09 13:56:27"},{"nodeID":"1342308","text":"Analysing","type":"YA","timestamp":"2023-11-09 13:56:27"},{"nodeID":"1342309","text":"Anon: AudienceMember 20221027QT36: we couldn\u2019t get patients home","type":"L","timestamp":"2023-11-09 13:56:27"},{"nodeID":"1342310","text":"Asserting","type":"YA","timestamp":"2023-11-09 13:56:27"},{"nodeID":"1342311","text":"Default Transition","type":"TA","timestamp":"2023-11-09 13:56:27"},{"nodeID":"1342312","text":"Default Inference","type":"RA","timestamp":"2023-11-09 13:56:27"},{"nodeID":"1342313","text":"Arguing","type":"YA","timestamp":"2023-11-09 13:56:27"},{"nodeID":"1342314","text":"Default Inference","type":"RA","timestamp":"2023-11-09 13:56:27"},{"nodeID":"1342315","text":"Arguing","type":"YA","timestamp":"2023-11-09 13:56:27"},{"nodeID":"1342316","text":"Default Transition","type":"TA","timestamp":"2023-11-09 13:56:27"},{"nodeID":"1342317","text":"the NHS were having to cancel elective surgery patients 15 years ago","type":"I","timestamp":"2023-11-09 13:56:28"},{"nodeID":"1342318","text":"Fiona Bruce: this was, what did you say, 15 years ago","type":"L","timestamp":"2023-11-09 13:56:28"},{"nodeID":"1342319","text":"Analysing","type":"YA","timestamp":"2023-11-09 13:56:28"},{"nodeID":"1342320","text":"Anon: Fiona Bruce: this was, what did you say, 15 years ago","type":"L","timestamp":"2023-11-09 13:56:28"},{"nodeID":"1342321","text":"AudienceMember 20221027QT36: the NHS were having to cancel elective surgery patients 15 years ago","type":"L","timestamp":"2023-11-09 13:56:28"},{"nodeID":"1342322","text":"Analysing","type":"YA","timestamp":"2023-11-09 13:56:28"},{"nodeID":"1342323","text":"Anon: AudienceMember 20221027QT36: this was, what did you say, 15 years ago","type":"L","timestamp":"2023-11-09 13:56:28"},{"nodeID":"1342324","text":"Asserting","type":"YA","timestamp":"2023-11-09 13:56:28"},{"nodeID":"1342325","text":"Assertive Questioning","type":"YA","timestamp":"2023-11-09 13:56:28"},{"nodeID":"1342326","text":"the NHS were having to cancel elective surgery patients 10 years ago","type":"I","timestamp":"2023-11-09 13:56:29"},{"nodeID":"1342327","text":"AudienceMember 20221027QT37: Ten years ago","type":"L","timestamp":"2023-11-09 13:56:29"},{"nodeID":"1342328","text":"Analysing","type":"YA","timestamp":"2023-11-09 13:56:29"},{"nodeID":"1342329","text":"Anon: AudienceMember 20221027QT37: Ten years ago","type":"L","timestamp":"2023-11-09 13:56:29"},{"nodeID":"1342330","text":"Disagreeing","type":"YA","timestamp":"2023-11-09 13:56:29"},{"nodeID":"1342331","text":"Default Transition","type":"TA","timestamp":"2023-11-09 13:56:29"},{"nodeID":"1342332","text":"Default Transition","type":"TA","timestamp":"2023-11-09 13:56:29"},{"nodeID":"1342333","text":"Default Conflict","type":"CA","timestamp":"2023-11-09 13:56:29"},{"nodeID":"1342334","text":"Fiona Bruce: Ten years ago","type":"L","timestamp":"2023-11-09 13:56:29"},{"nodeID":"1342335","text":"Analysing","type":"YA","timestamp":"2023-11-09 13:56:29"},{"nodeID":"1342336","text":"Anon: Fiona Bruce: Ten years ago","type":"L","timestamp":"2023-11-09 13:56:29"},{"nodeID":"1342337","text":"Asserting","type":"YA","timestamp":"2023-11-09 13:56:29"},{"nodeID":"1342338","text":"Default Transition","type":"TA","timestamp":"2023-11-09 13:56:29"},{"nodeID":"1342339","text":"Default Conflict","type":"CA","timestamp":"2023-11-09 13:56:29"},{"nodeID":"1342340","text":"Disagreeing","type":"YA","timestamp":"2023-11-09 13:56:29"},{"nodeID":"1342341","text":"AudienceMember 20221027QT38 retired ten years ago","type":"I","timestamp":"2023-11-09 13:56:29"},{"nodeID":"1342342","text":"AudienceMember 20221027QT38: I retired ten years ago","type":"L","timestamp":"2023-11-09 13:56:29"},{"nodeID":"1342343","text":"Analysing","type":"YA","timestamp":"2023-11-09 13:56:29"},{"nodeID":"1342344","text":"Anon: AudienceMember 20221027QT38: I retired ten years ago","type":"L","timestamp":"2023-11-09 13:56:29"},{"nodeID":"1342345","text":"Asserting","type":"YA","timestamp":"2023-11-09 13:56:29"},{"nodeID":"1342346","text":"Default Transition","type":"TA","timestamp":"2023-11-09 13:56:29"},{"nodeID":"1342347","text":"Default Rephrase","type":"MA","timestamp":"2023-11-09 13:56:29"},{"nodeID":"1342348","text":"Restating","type":"YA","timestamp":"2023-11-09 13:56:29"},{"nodeID":"1342349","text":"the NHS were having to cancel elective surgery patients for more than 10 years","type":"I","timestamp":"2023-11-09 13:56:30"},{"nodeID":"1342350","text":"AudienceMember 20221027QT38: this happened before","type":"L","timestamp":"2023-11-09 13:56:30"},{"nodeID":"1342351","text":"Analysing","type":"YA","timestamp":"2023-11-09 13:56:30"},{"nodeID":"1342352","text":"Anon: AudienceMember 20221027QT38: this happened before","type":"L","timestamp":"2023-11-09 13:56:30"},{"nodeID":"1342353","text":"Asserting","type":"YA","timestamp":"2023-11-09 13:56:30"},{"nodeID":"1342354","text":"Default Transition","type":"TA","timestamp":"2023-11-09 13:56:30"},{"nodeID":"1342355","text":"a lot of the problem actually came with the private financial initiatives for the new hospitals","type":"I","timestamp":"2023-11-09 13:56:31"},{"nodeID":"1342356","text":"AudienceMember 20221027QT38: a lot of the problem actually came with the private financial initiatives for the new hospitals","type":"L","timestamp":"2023-11-09 13:56:31"},{"nodeID":"1342357","text":"Analysing","type":"YA","timestamp":"2023-11-09 13:56:31"},{"nodeID":"1342358","text":"Anon: AudienceMember 20221027QT38: a lot of the problem actually came with the private financial initiatives for the new hospitals","type":"L","timestamp":"2023-11-09 13:56:31"},{"nodeID":"1342359","text":"Asserting","type":"YA","timestamp":"2023-11-09 13:56:31"},{"nodeID":"1342360","text":"Default Transition","type":"TA","timestamp":"2023-11-09 13:56:31"},{"nodeID":"1342361","text":"AudienceMember 20221027QT38 has only just heard this week that where they live, they\u2019re shutting a community hospital that had two wards, ten beds in each ward","type":"I","timestamp":"2023-11-09 13:56:31"},{"nodeID":"1342362","text":"AudienceMember 20221027QT38: I\u2019ve only just heard this week, where I live, they\u2019re shutting a community hospital that had two wards, ten beds in each ward","type":"L","timestamp":"2023-11-09 13:56:31"},{"nodeID":"1342363","text":"Analysing","type":"YA","timestamp":"2023-11-09 13:56:31"},{"nodeID":"1342364","text":"Anon: AudienceMember 20221027QT38: I\u2019ve only just heard this week, where I live, they\u2019re shutting a community hospital that had two wards, ten beds in each ward","type":"L","timestamp":"2023-11-09 13:56:31"},{"nodeID":"1342365","text":"Asserting","type":"YA","timestamp":"2023-11-09 13:56:31"},{"nodeID":"1342366","text":"Default Transition","type":"TA","timestamp":"2023-11-09 13:56:31"},{"nodeID":"1342367","text":"Default Rephrase","type":"MA","timestamp":"2023-11-09 13:56:31"},{"nodeID":"1342368","text":"Restating","type":"YA","timestamp":"2023-11-09 13:56:31"},{"nodeID":"1342369","text":"if they can\u2019t go home the patients who have had hips and need rehabilitation have nowhere to go","type":"I","timestamp":"2023-11-09 13:56:32"},{"nodeID":"1342370","text":"AudienceMember 20221027QT38: where are the patients going to go who have had hips and need rehabilitation if they can\u2019t go home","type":"L","timestamp":"2023-11-09 13:56:32"},{"nodeID":"1342371","text":"Analysing","type":"YA","timestamp":"2023-11-09 13:56:32"},{"nodeID":"1342372","text":"Anon: AudienceMember 20221027QT38: where are the patients going to go who have had hips and need rehabilitation if they can\u2019t go home","type":"L","timestamp":"2023-11-09 13:56:32"},{"nodeID":"1342373","text":"Rhetorical Questioning","type":"YA","timestamp":"2023-11-09 13:56:32"},{"nodeID":"1342374","text":"Default Transition","type":"TA","timestamp":"2023-11-09 13:56:32"},{"nodeID":"1342375","text":"Default Inference","type":"RA","timestamp":"2023-11-09 13:56:32"},{"nodeID":"1342376","text":"Arguing","type":"YA","timestamp":"2023-11-09 13:56:32"},{"nodeID":"1342377","text":"nothing has changed in the last ten years","type":"I","timestamp":"2023-11-09 13:56:33"},{"nodeID":"1342378","text":"AudienceMember 20221027QT38: nothing has changed in the last ten years","type":"L","timestamp":"2023-11-09 13:56:33"},{"nodeID":"1342379","text":"Analysing","type":"YA","timestamp":"2023-11-09 13:56:33"},{"nodeID":"1342380","text":"Anon: AudienceMember 20221027QT38: nothing has changed in the last ten years","type":"L","timestamp":"2023-11-09 13:56:33"},{"nodeID":"1342381","text":"Asserting","type":"YA","timestamp":"2023-11-09 13:56:33"},{"nodeID":"1342382","text":"Default Transition","type":"TA","timestamp":"2023-11-09 13:56:33"},{"nodeID":"1342383","text":"Default Inference","type":"RA","timestamp":"2023-11-09 13:56:33"},{"nodeID":"1342384","text":"Default Transition","type":"TA","timestamp":"2023-11-09 13:56:33"},{"nodeID":"1342385","text":"Arguing","type":"YA","timestamp":"2023-11-09 13:56:33"},{"nodeID":"1342386","text":"Default Transition","type":"TA","timestamp":"2023-11-09 13:56:33"},{"nodeID":"1342387","text":"Default Rephrase","type":"MA","timestamp":"2023-11-09 13:56:33"},{"nodeID":"1342388","text":"Restating","type":"YA","timestamp":"2023-11-09 13:56:33"}],"edges":[{"edgeID":"1759102","fromID":"1342262","toID":"1342261","formEdgeID":null},{"edgeID":"1759103","fromID":"1342263","toID":"1342262","formEdgeID":null},{"edgeID":"1759104","fromID":"1342261","toID":"1342264","formEdgeID":null},{"edgeID":"1759105","fromID":"1342264","toID":"1342260","formEdgeID":null},{"edgeID":"1759106","fromID":"1342267","toID":"1342266","formEdgeID":null},{"edgeID":"1759107","fromID":"1342268","toID":"1342267","formEdgeID":null},{"edgeID":"1759108","fromID":"1342266","toID":"1342269","formEdgeID":null},{"edgeID":"1759109","fromID":"1342269","toID":"1342265","formEdgeID":null},{"edgeID":"1759110","fromID":"1342261","toID":"1342270","formEdgeID":null},{"edgeID":"1759111","fromID":"1342270","toID":"1342266","formEdgeID":null},{"edgeID":"1759112","fromID":"1342265","toID":"1342271","formEdgeID":null},{"edgeID":"1759113","fromID":"1342271","toID":"1342260","formEdgeID":null},{"edgeID":"1759114","fromID":"1342270","toID":"1342272","formEdgeID":null},{"edgeID":"1759115","fromID":"1342272","toID":"1342271","formEdgeID":null},{"edgeID":"1759116","fromID":"1342275","toID":"1342274","formEdgeID":null},{"edgeID":"1759117","fromID":"1342276","toID":"1342275","formEdgeID":null},{"edgeID":"1759118","fromID":"1342274","toID":"1342277","formEdgeID":null},{"edgeID":"1759119","fromID":"1342277","toID":"1342273","formEdgeID":null},{"edgeID":"1759120","fromID":"1342266","toID":"1342278","formEdgeID":null},{"edgeID":"1759121","fromID":"1342278","toID":"1342274","formEdgeID":null},{"edgeID":"1759122","fromID":"1342273","toID":"1342279","formEdgeID":null},{"edgeID":"1759123","fromID":"1342279","toID":"1342265","formEdgeID":null},{"edgeID":"1759124","fromID":"1342278","toID":"1342280","formEdgeID":null},{"edgeID":"1759125","fromID":"1342280","toID":"1342279","formEdgeID":null},{"edgeID":"1759126","fromID":"1342283","toID":"1342282","formEdgeID":null},{"edgeID":"1759127","fromID":"1342284","toID":"1342283","formEdgeID":null},{"edgeID":"1759128","fromID":"1342282","toID":"1342285","formEdgeID":null},{"edgeID":"1759129","fromID":"1342285","toID":"1342281","formEdgeID":null},{"edgeID":"1759130","fromID":"1342274","toID":"1342286","formEdgeID":null},{"edgeID":"1759131","fromID":"1342286","toID":"1342282","formEdgeID":null},{"edgeID":"1759132","fromID":"1342289","toID":"1342288","formEdgeID":null},{"edgeID":"1759133","fromID":"1342290","toID":"1342289","formEdgeID":null},{"edgeID":"1759134","fromID":"1342288","toID":"1342291","formEdgeID":null},{"edgeID":"1759135","fromID":"1342291","toID":"1342287","formEdgeID":null},{"edgeID":"1759136","fromID":"1342282","toID":"1342292","formEdgeID":null},{"edgeID":"1759137","fromID":"1342292","toID":"1342288","formEdgeID":null},{"edgeID":"1759138","fromID":"1342281","toID":"1342293","formEdgeID":null},{"edgeID":"1759139","fromID":"1342293","toID":"1342287","formEdgeID":null},{"edgeID":"1759140","fromID":"1342292","toID":"1342294","formEdgeID":null},{"edgeID":"1759141","fromID":"1342294","toID":"1342293","formEdgeID":null},{"edgeID":"1759142","fromID":"1342297","toID":"1342296","formEdgeID":null},{"edgeID":"1759143","fromID":"1342298","toID":"1342297","formEdgeID":null},{"edgeID":"1759144","fromID":"1342296","toID":"1342299","formEdgeID":null},{"edgeID":"1759145","fromID":"1342299","toID":"1342295","formEdgeID":null},{"edgeID":"1759146","fromID":"1342302","toID":"1342301","formEdgeID":null},{"edgeID":"1759147","fromID":"1342303","toID":"1342302","formEdgeID":null},{"edgeID":"1759148","fromID":"1342301","toID":"1342304","formEdgeID":null},{"edgeID":"1759149","fromID":"1342304","toID":"1342300","formEdgeID":null},{"edgeID":"1759150","fromID":"1342296","toID":"1342305","formEdgeID":null},{"edgeID":"1759151","fromID":"1342305","toID":"1342301","formEdgeID":null},{"edgeID":"1759152","fromID":"1342308","toID":"1342307","formEdgeID":null},{"edgeID":"1759153","fromID":"1342309","toID":"1342308","formEdgeID":null},{"edgeID":"1759154","fromID":"1342307","toID":"1342310","formEdgeID":null},{"edgeID":"1759155","fromID":"1342310","toID":"1342306","formEdgeID":null},{"edgeID":"1759156","fromID":"1342301","toID":"1342311","formEdgeID":null},{"edgeID":"1759157","fromID":"1342311","toID":"1342307","formEdgeID":null},{"edgeID":"1759158","fromID":"1342306","toID":"1342312","formEdgeID":null},{"edgeID":"1759159","fromID":"1342312","toID":"1342300","formEdgeID":null},{"edgeID":"1759160","fromID":"1342311","toID":"1342313","formEdgeID":null},{"edgeID":"1759161","fromID":"1342313","toID":"1342312","formEdgeID":null},{"edgeID":"1759162","fromID":"1342300","toID":"1342314","formEdgeID":null},{"edgeID":"1759163","fromID":"1342314","toID":"1342295","formEdgeID":null},{"edgeID":"1759164","fromID":"1342305","toID":"1342315","formEdgeID":null},{"edgeID":"1759165","fromID":"1342315","toID":"1342314","formEdgeID":null},{"edgeID":"1759166","fromID":"1342282","toID":"1342316","formEdgeID":null},{"edgeID":"1759167","fromID":"1342316","toID":"1342301","formEdgeID":null},{"edgeID":"1759168","fromID":"1342281","toID":"1342314","formEdgeID":null},{"edgeID":"1759169","fromID":"1342319","toID":"1342318","formEdgeID":null},{"edgeID":"1759170","fromID":"1342320","toID":"1342319","formEdgeID":null},{"edgeID":"1759171","fromID":"1342322","toID":"1342321","formEdgeID":null},{"edgeID":"1759172","fromID":"1342323","toID":"1342322","formEdgeID":null},{"edgeID":"1759173","fromID":"1342321","toID":"1342324","formEdgeID":null},{"edgeID":"1759174","fromID":"1342324","toID":"1342317","formEdgeID":null},{"edgeID":"1759175","fromID":"1342318","toID":"1342325","formEdgeID":null},{"edgeID":"1759176","fromID":"1342325","toID":"1342321","formEdgeID":null},{"edgeID":"1759177","fromID":"1342328","toID":"1342327","formEdgeID":null},{"edgeID":"1759178","fromID":"1342329","toID":"1342328","formEdgeID":null},{"edgeID":"1759179","fromID":"1342327","toID":"1342330","formEdgeID":null},{"edgeID":"1759180","fromID":"1342330","toID":"1342326","formEdgeID":null},{"edgeID":"1759181","fromID":"1342318","toID":"1342331","formEdgeID":null},{"edgeID":"1759182","fromID":"1342331","toID":"1342327","formEdgeID":null},{"edgeID":"1759183","fromID":"1342282","toID":"1342332","formEdgeID":null},{"edgeID":"1759184","fromID":"1342332","toID":"1342318","formEdgeID":null},{"edgeID":"1759185","fromID":"1342326","toID":"1342333","formEdgeID":null},{"edgeID":"1759186","fromID":"1342333","toID":"1342321","formEdgeID":null},{"edgeID":"1759187","fromID":"1342335","toID":"1342334","formEdgeID":null},{"edgeID":"1759188","fromID":"1342336","toID":"1342335","formEdgeID":null},{"edgeID":"1759189","fromID":"1342334","toID":"1342337","formEdgeID":null},{"edgeID":"1759190","fromID":"1342337","toID":"1342326","formEdgeID":null},{"edgeID":"1759191","fromID":"1342318","toID":"1342338","formEdgeID":null},{"edgeID":"1759192","fromID":"1342338","toID":"1342334","formEdgeID":null},{"edgeID":"1759193","fromID":"1342326","toID":"1342339","formEdgeID":null},{"edgeID":"1759194","fromID":"1342339","toID":"1342317","formEdgeID":null},{"edgeID":"1759195","fromID":"1342338","toID":"1342340","formEdgeID":null},{"edgeID":"1759196","fromID":"1342340","toID":"1342339","formEdgeID":null},{"edgeID":"1759197","fromID":"1342343","toID":"1342342","formEdgeID":null},{"edgeID":"1759198","fromID":"1342344","toID":"1342343","formEdgeID":null},{"edgeID":"1759199","fromID":"1342342","toID":"1342345","formEdgeID":null},{"edgeID":"1759200","fromID":"1342345","toID":"1342341","formEdgeID":null},{"edgeID":"1759201","fromID":"1342282","toID":"1342346","formEdgeID":null},{"edgeID":"1759202","fromID":"1342346","toID":"1342342","formEdgeID":null},{"edgeID":"1759203","fromID":"1342341","toID":"1342347","formEdgeID":null},{"edgeID":"1759204","fromID":"1342347","toID":"1342281","formEdgeID":null},{"edgeID":"1759205","fromID":"1342346","toID":"1342348","formEdgeID":null},{"edgeID":"1759206","fromID":"1342348","toID":"1342347","formEdgeID":null},{"edgeID":"1759207","fromID":"1342351","toID":"1342350","formEdgeID":null},{"edgeID":"1759208","fromID":"1342352","toID":"1342351","formEdgeID":null},{"edgeID":"1759209","fromID":"1342350","toID":"1342353","formEdgeID":null},{"edgeID":"1759210","fromID":"1342353","toID":"1342349","formEdgeID":null},{"edgeID":"1759211","fromID":"1342342","toID":"1342354","formEdgeID":null},{"edgeID":"1759212","fromID":"1342354","toID":"1342350","formEdgeID":null},{"edgeID":"1759213","fromID":"1342357","toID":"1342356","formEdgeID":null},{"edgeID":"1759214","fromID":"1342358","toID":"1342357","formEdgeID":null},{"edgeID":"1759215","fromID":"1342356","toID":"1342359","formEdgeID":null},{"edgeID":"1759216","fromID":"1342359","toID":"1342355","formEdgeID":null},{"edgeID":"1759217","fromID":"1342350","toID":"1342360","formEdgeID":null},{"edgeID":"1759218","fromID":"1342360","toID":"1342356","formEdgeID":null},{"edgeID":"1759219","fromID":"1342363","toID":"1342362","formEdgeID":null},{"edgeID":"1759220","fromID":"1342364","toID":"1342363","formEdgeID":null},{"edgeID":"1759221","fromID":"1342362","toID":"1342365","formEdgeID":null},{"edgeID":"1759222","fromID":"1342365","toID":"1342361","formEdgeID":null},{"edgeID":"1759223","fromID":"1342356","toID":"1342366","formEdgeID":null},{"edgeID":"1759224","fromID":"1342366","toID":"1342362","formEdgeID":null},{"edgeID":"1759225","fromID":"1342361","toID":"1342367","formEdgeID":null},{"edgeID":"1759226","fromID":"1342367","toID":"1342355","formEdgeID":null},{"edgeID":"1759227","fromID":"1342366","toID":"1342368","formEdgeID":null},{"edgeID":"1759228","fromID":"1342368","toID":"1342367","formEdgeID":null},{"edgeID":"1759229","fromID":"1342371","toID":"1342370","formEdgeID":null},{"edgeID":"1759230","fromID":"1342372","toID":"1342371","formEdgeID":null},{"edgeID":"1759231","fromID":"1342370","toID":"1342373","formEdgeID":null},{"edgeID":"1759232","fromID":"1342373","toID":"1342369","formEdgeID":null},{"edgeID":"1759233","fromID":"1342362","toID":"1342374","formEdgeID":null},{"edgeID":"1759234","fromID":"1342374","toID":"1342370","formEdgeID":null},{"edgeID":"1759235","fromID":"1342361","toID":"1342375","formEdgeID":null},{"edgeID":"1759236","fromID":"1342375","toID":"1342369","formEdgeID":null},{"edgeID":"1759237","fromID":"1342374","toID":"1342376","formEdgeID":null},{"edgeID":"1759238","fromID":"1342376","toID":"1342375","formEdgeID":null},{"edgeID":"1759239","fromID":"1342379","toID":"1342378","formEdgeID":null},{"edgeID":"1759240","fromID":"1342380","toID":"1342379","formEdgeID":null},{"edgeID":"1759241","fromID":"1342378","toID":"1342381","formEdgeID":null},{"edgeID":"1759242","fromID":"1342381","toID":"1342377","formEdgeID":null},{"edgeID":"1759243","fromID":"1342307","toID":"1342382","formEdgeID":null},{"edgeID":"1759244","fromID":"1342382","toID":"1342378","formEdgeID":null},{"edgeID":"1759245","fromID":"1342306","toID":"1342383","formEdgeID":null},{"edgeID":"1759246","fromID":"1342383","toID":"1342377","formEdgeID":null},{"edgeID":"1759247","fromID":"1342369","toID":"1342383","formEdgeID":null},{"edgeID":"1759248","fromID":"1342370","toID":"1342384","formEdgeID":null},{"edgeID":"1759249","fromID":"1342384","toID":"1342378","formEdgeID":null},{"edgeID":"1759250","fromID":"1342384","toID":"1342385","formEdgeID":null},{"edgeID":"1759251","fromID":"1342385","toID":"1342383","formEdgeID":null},{"edgeID":"1759252","fromID":"1342296","toID":"1342386","formEdgeID":null},{"edgeID":"1759253","fromID":"1342386","toID":"1342378","formEdgeID":null},{"edgeID":"1759254","fromID":"1342377","toID":"1342387","formEdgeID":null},{"edgeID":"1759255","fromID":"1342387","toID":"1342295","formEdgeID":null},{"edgeID":"1759256","fromID":"1342386","toID":"1342388","formEdgeID":null},{"edgeID":"1759257","fromID":"1342388","toID":"1342387","formEdgeID":null}],"locutions":[]}