{"nodes":[{"nodeID":"1353242","text":"Lucy Frazer would also like to end on a positive note","type":"I","timestamp":"2023-11-09 14:13:09"},{"nodeID":"1353243","text":"Lucy Frazer:  I\u2019d also like to end on a positive note","type":"L","timestamp":"2023-11-09 14:13:09"},{"nodeID":"1353244","text":"Analysing","type":"YA","timestamp":"2023-11-09 14:13:09"},{"nodeID":"1353245","text":"Joanna: Lucy Frazer:  I\u2019d also like to end on a positive note","type":"L","timestamp":"2023-11-09 14:13:09"},{"nodeID":"1353246","text":"Asserting","type":"YA","timestamp":"2023-11-09 14:13:09"},{"nodeID":"1353247","text":"Lucy Frazer does think that we now have a government that is serious","type":"I","timestamp":"2023-11-09 14:13:10"},{"nodeID":"1353248","text":"Lucy Frazer: I do think that we now have a government that is serious","type":"L","timestamp":"2023-11-09 14:13:10"},{"nodeID":"1353249","text":"Analysing","type":"YA","timestamp":"2023-11-09 14:13:10"},{"nodeID":"1353250","text":"Joanna: Lucy Frazer: I do think that we now have a government that is serious","type":"L","timestamp":"2023-11-09 14:13:10"},{"nodeID":"1353251","text":"Asserting","type":"YA","timestamp":"2023-11-09 14:13:10"},{"nodeID":"1353252","text":"Default Transition","type":"TA","timestamp":"2023-11-09 14:13:10"},{"nodeID":"1353253","text":"Lucy Frazer thinks the government now is much more stable","type":"I","timestamp":"2023-11-09 14:13:11"},{"nodeID":"1353254","text":"Lucy Frazer:  I think it\u2019s much more stable","type":"L","timestamp":"2023-11-09 14:13:11"},{"nodeID":"1353255","text":"Analysing","type":"YA","timestamp":"2023-11-09 14:13:11"},{"nodeID":"1353256","text":"Joanna: Lucy Frazer:  I think it\u2019s much more stable","type":"L","timestamp":"2023-11-09 14:13:11"},{"nodeID":"1353257","text":"Asserting","type":"YA","timestamp":"2023-11-09 14:13:11"},{"nodeID":"1353258","text":"Default Transition","type":"TA","timestamp":"2023-11-09 14:13:11"},{"nodeID":"1353259","text":"the government is going to stabilise the economy","type":"I","timestamp":"2023-11-09 14:13:11"},{"nodeID":"1353260","text":"Lucy Frazer: that is going to stabilise the economy","type":"L","timestamp":"2023-11-09 14:13:11"},{"nodeID":"1353261","text":"Analysing","type":"YA","timestamp":"2023-11-09 14:13:11"},{"nodeID":"1353262","text":"Joanna: Lucy Frazer: that is going to stabilise the economy","type":"L","timestamp":"2023-11-09 14:13:11"},{"nodeID":"1353263","text":"Asserting","type":"YA","timestamp":"2023-11-09 14:13:11"},{"nodeID":"1353264","text":"Default Transition","type":"TA","timestamp":"2023-11-09 14:13:11"},{"nodeID":"1353265","text":"Default Inference","type":"RA","timestamp":"2023-11-09 14:13:11"},{"nodeID":"1353266","text":"Default Transition","type":"TA","timestamp":"2023-11-09 14:13:11"},{"nodeID":"1353267","text":"Arguing","type":"YA","timestamp":"2023-11-09 14:13:11"},{"nodeID":"1353268","text":"Lucy Frazer must say, to give credit to the Labour party","type":"I","timestamp":"2023-11-09 14:13:12"},{"nodeID":"1353269","text":"Lucy Frazer: I must say, to give credit to the Labour party","type":"L","timestamp":"2023-11-09 14:13:12"},{"nodeID":"1353270","text":"Analysing","type":"YA","timestamp":"2023-11-09 14:13:12"},{"nodeID":"1353271","text":"Joanna: Lucy Frazer: I must say, to give credit to the Labour party","type":"L","timestamp":"2023-11-09 14:13:12"},{"nodeID":"1353272","text":"Asserting","type":"YA","timestamp":"2023-11-09 14:13:12"},{"nodeID":"1353273","text":"Default Transition","type":"TA","timestamp":"2023-11-09 14:13:12"},{"nodeID":"1353274","text":"Lucy Frazer thinks the Prime Minister\u2019s Questions that we had on Wednesday, there was a serious debate across the House","type":"I","timestamp":"2023-11-09 14:13:13"},{"nodeID":"1353275","text":"Lucy Frazer: I just think the Prime Minister\u2019s Questions that we had on Wednesday, there was a serious debate across the House","type":"L","timestamp":"2023-11-09 14:13:13"},{"nodeID":"1353276","text":"Analysing","type":"YA","timestamp":"2023-11-09 14:13:13"},{"nodeID":"1353277","text":"Joanna: Lucy Frazer: I just think the Prime Minister\u2019s Questions that we had on Wednesday, there was a serious debate across the House","type":"L","timestamp":"2023-11-09 14:13:13"},{"nodeID":"1353278","text":"Asserting","type":"YA","timestamp":"2023-11-09 14:13:13"},{"nodeID":"1353279","text":"Default Transition","type":"TA","timestamp":"2023-11-09 14:13:13"},{"nodeID":"1353280","text":"Lucy Frazer has got an optimistic outlook for the future","type":"I","timestamp":"2023-11-09 14:13:13"},{"nodeID":"1353281","text":"Lucy Frazer: I\u2019ve got an optimistic outlook for the future","type":"L","timestamp":"2023-11-09 14:13:13"},{"nodeID":"1353282","text":"Analysing","type":"YA","timestamp":"2023-11-09 14:13:13"},{"nodeID":"1353283","text":"Joanna: Lucy Frazer: I\u2019ve got an optimistic outlook for the future","type":"L","timestamp":"2023-11-09 14:13:13"},{"nodeID":"1353284","text":"Asserting","type":"YA","timestamp":"2023-11-09 14:13:13"},{"nodeID":"1353285","text":"Default Transition","type":"TA","timestamp":"2023-11-09 14:13:13"},{"nodeID":"1353286","text":"Default Inference","type":"RA","timestamp":"2023-11-09 14:13:13"},{"nodeID":"1353287","text":"Default Transition","type":"TA","timestamp":"2023-11-09 14:13:13"},{"nodeID":"1353288","text":"Arguing","type":"YA","timestamp":"2023-11-09 14:13:13"},{"nodeID":"1353289","text":"Default Rephrase","type":"MA","timestamp":"2023-11-09 14:13:13"},{"nodeID":"1353290","text":"Default Transition","type":"TA","timestamp":"2023-11-09 14:13:13"},{"nodeID":"1353291","text":"Restating","type":"YA","timestamp":"2023-11-09 14:13:13"},{"nodeID":"1353292","text":"optimism has broken out on the panel here at Question Time","type":"I","timestamp":"2023-11-09 14:13:14"},{"nodeID":"1353293","text":"Lucy Frazer: optimism has broken out on the panel here at Question Time","type":"L","timestamp":"2023-11-09 14:13:14"},{"nodeID":"1353294","text":"Analysing","type":"YA","timestamp":"2023-11-09 14:13:14"},{"nodeID":"1353295","text":"Joanna: Lucy Frazer: optimism has broken out on the panel here at Question Time","type":"L","timestamp":"2023-11-09 14:13:14"},{"nodeID":"1353296","text":"Asserting","type":"YA","timestamp":"2023-11-09 14:13:14"},{"nodeID":"1353297","text":"Default Transition","type":"TA","timestamp":"2023-11-09 14:13:14"},{"nodeID":"1353298","text":"optimism breaking out at the Question Time doesn\u2019t happen very often","type":"I","timestamp":"2023-11-09 14:13:15"},{"nodeID":"1353299","text":"Lucy Frazer: That doesn\u2019t happen very often","type":"L","timestamp":"2023-11-09 14:13:15"},{"nodeID":"1353300","text":"Analysing","type":"YA","timestamp":"2023-11-09 14:13:15"},{"nodeID":"1353301","text":"Joanna: Lucy Frazer: That doesn\u2019t happen very often","type":"L","timestamp":"2023-11-09 14:13:15"},{"nodeID":"1353302","text":"Asserting","type":"YA","timestamp":"2023-11-09 14:13:15"},{"nodeID":"1353303","text":"Default Inference","type":"RA","timestamp":"2023-11-09 14:13:15"},{"nodeID":"1353304","text":"Default Transition","type":"TA","timestamp":"2023-11-09 14:13:15"},{"nodeID":"1353305","text":"Arguing","type":"YA","timestamp":"2023-11-09 14:13:15"}],"edges":[{"edgeID":"1772204","fromID":"1353244","toID":"1353243","formEdgeID":null},{"edgeID":"1772205","fromID":"1353245","toID":"1353244","formEdgeID":null},{"edgeID":"1772206","fromID":"1353243","toID":"1353246","formEdgeID":null},{"edgeID":"1772207","fromID":"1353246","toID":"1353242","formEdgeID":null},{"edgeID":"1772208","fromID":"1353249","toID":"1353248","formEdgeID":null},{"edgeID":"1772209","fromID":"1353250","toID":"1353249","formEdgeID":null},{"edgeID":"1772210","fromID":"1353248","toID":"1353251","formEdgeID":null},{"edgeID":"1772211","fromID":"1353251","toID":"1353247","formEdgeID":null},{"edgeID":"1772212","fromID":"1353243","toID":"1353252","formEdgeID":null},{"edgeID":"1772213","fromID":"1353252","toID":"1353248","formEdgeID":null},{"edgeID":"1772214","fromID":"1353255","toID":"1353254","formEdgeID":null},{"edgeID":"1772215","fromID":"1353256","toID":"1353255","formEdgeID":null},{"edgeID":"1772216","fromID":"1353254","toID":"1353257","formEdgeID":null},{"edgeID":"1772217","fromID":"1353257","toID":"1353253","formEdgeID":null},{"edgeID":"1772218","fromID":"1353248","toID":"1353258","formEdgeID":null},{"edgeID":"1772219","fromID":"1353258","toID":"1353254","formEdgeID":null},{"edgeID":"1772220","fromID":"1353261","toID":"1353260","formEdgeID":null},{"edgeID":"1772221","fromID":"1353262","toID":"1353261","formEdgeID":null},{"edgeID":"1772222","fromID":"1353260","toID":"1353263","formEdgeID":null},{"edgeID":"1772223","fromID":"1353263","toID":"1353259","formEdgeID":null},{"edgeID":"1772224","fromID":"1353254","toID":"1353264","formEdgeID":null},{"edgeID":"1772225","fromID":"1353264","toID":"1353260","formEdgeID":null},{"edgeID":"1772226","fromID":"1353259","toID":"1353265","formEdgeID":null},{"edgeID":"1772227","fromID":"1353265","toID":"1353242","formEdgeID":null},{"edgeID":"1772228","fromID":"1353253","toID":"1353265","formEdgeID":null},{"edgeID":"1772229","fromID":"1353247","toID":"1353265","formEdgeID":null},{"edgeID":"1772230","fromID":"1353243","toID":"1353266","formEdgeID":null},{"edgeID":"1772231","fromID":"1353266","toID":"1353260","formEdgeID":null},{"edgeID":"1772232","fromID":"1353266","toID":"1353267","formEdgeID":null},{"edgeID":"1772233","fromID":"1353267","toID":"1353265","formEdgeID":null},{"edgeID":"1772234","fromID":"1353270","toID":"1353269","formEdgeID":null},{"edgeID":"1772235","fromID":"1353271","toID":"1353270","formEdgeID":null},{"edgeID":"1772236","fromID":"1353269","toID":"1353272","formEdgeID":null},{"edgeID":"1772237","fromID":"1353272","toID":"1353268","formEdgeID":null},{"edgeID":"1772238","fromID":"1353260","toID":"1353273","formEdgeID":null},{"edgeID":"1772239","fromID":"1353273","toID":"1353269","formEdgeID":null},{"edgeID":"1772240","fromID":"1353276","toID":"1353275","formEdgeID":null},{"edgeID":"1772241","fromID":"1353277","toID":"1353276","formEdgeID":null},{"edgeID":"1772242","fromID":"1353275","toID":"1353278","formEdgeID":null},{"edgeID":"1772243","fromID":"1353278","toID":"1353274","formEdgeID":null},{"edgeID":"1772244","fromID":"1353269","toID":"1353279","formEdgeID":null},{"edgeID":"1772245","fromID":"1353279","toID":"1353275","formEdgeID":null},{"edgeID":"1772246","fromID":"1353282","toID":"1353281","formEdgeID":null},{"edgeID":"1772247","fromID":"1353283","toID":"1353282","formEdgeID":null},{"edgeID":"1772248","fromID":"1353281","toID":"1353284","formEdgeID":null},{"edgeID":"1772249","fromID":"1353284","toID":"1353280","formEdgeID":null},{"edgeID":"1772250","fromID":"1353275","toID":"1353285","formEdgeID":null},{"edgeID":"1772251","fromID":"1353285","toID":"1353281","formEdgeID":null},{"edgeID":"1772252","fromID":"1353268","toID":"1353286","formEdgeID":null},{"edgeID":"1772253","fromID":"1353286","toID":"1353280","formEdgeID":null},{"edgeID":"1772254","fromID":"1353274","toID":"1353286","formEdgeID":null},{"edgeID":"1772255","fromID":"1353269","toID":"1353287","formEdgeID":null},{"edgeID":"1772256","fromID":"1353287","toID":"1353281","formEdgeID":null},{"edgeID":"1772257","fromID":"1353287","toID":"1353288","formEdgeID":null},{"edgeID":"1772258","fromID":"1353288","toID":"1353286","formEdgeID":null},{"edgeID":"1772259","fromID":"1353280","toID":"1353289","formEdgeID":null},{"edgeID":"1772260","fromID":"1353289","toID":"1353242","formEdgeID":null},{"edgeID":"1772261","fromID":"1353243","toID":"1353290","formEdgeID":null},{"edgeID":"1772262","fromID":"1353290","toID":"1353281","formEdgeID":null},{"edgeID":"1772263","fromID":"1353290","toID":"1353291","formEdgeID":null},{"edgeID":"1772264","fromID":"1353291","toID":"1353289","formEdgeID":null},{"edgeID":"1772265","fromID":"1353294","toID":"1353293","formEdgeID":null},{"edgeID":"1772266","fromID":"1353295","toID":"1353294","formEdgeID":null},{"edgeID":"1772267","fromID":"1353293","toID":"1353296","formEdgeID":null},{"edgeID":"1772268","fromID":"1353296","toID":"1353292","formEdgeID":null},{"edgeID":"1772269","fromID":"1353281","toID":"1353297","formEdgeID":null},{"edgeID":"1772270","fromID":"1353297","toID":"1353293","formEdgeID":null},{"edgeID":"1772271","fromID":"1353300","toID":"1353299","formEdgeID":null},{"edgeID":"1772272","fromID":"1353301","toID":"1353300","formEdgeID":null},{"edgeID":"1772273","fromID":"1353299","toID":"1353302","formEdgeID":null},{"edgeID":"1772274","fromID":"1353302","toID":"1353298","formEdgeID":null},{"edgeID":"1772275","fromID":"1353298","toID":"1353303","formEdgeID":null},{"edgeID":"1772276","fromID":"1353303","toID":"1353280","formEdgeID":null},{"edgeID":"1772277","fromID":"1353292","toID":"1353303","formEdgeID":null},{"edgeID":"1772278","fromID":"1353281","toID":"1353304","formEdgeID":null},{"edgeID":"1772279","fromID":"1353304","toID":"1353299","formEdgeID":null},{"edgeID":"1772280","fromID":"1353304","toID":"1353305","formEdgeID":null},{"edgeID":"1772281","fromID":"1353305","toID":"1353303","formEdgeID":null}],"locutions":[]}