{"nodes":[{"nodeID":"1351493","text":"you know that the consensus of scientists is these things are happening more often","type":"I","timestamp":"2023-11-09 14:10:31"},{"nodeID":"1351494","text":"Fiona Bruce: you know that the consensus of scientists is these things are happening more often","type":"L","timestamp":"2023-11-09 14:10:31"},{"nodeID":"1351495","text":"Analysing","type":"YA","timestamp":"2023-11-09 14:10:31"},{"nodeID":"1351496","text":"Anon: Fiona Bruce: you know that the consensus of scientists is these things are happening more often","type":"L","timestamp":"2023-11-09 14:10:31"},{"nodeID":"1351497","text":"Asserting","type":"YA","timestamp":"2023-11-09 14:10:31"},{"nodeID":"1351498","text":"Fiona Bruce doesn't think these things happening more often is in dispute","type":"I","timestamp":"2023-11-09 14:10:31"},{"nodeID":"1351499","text":"Fiona Bruce: I don\u2019t think that is in dispute","type":"L","timestamp":"2023-11-09 14:10:31"},{"nodeID":"1351500","text":"Analysing","type":"YA","timestamp":"2023-11-09 14:10:31"},{"nodeID":"1351501","text":"Anon: Fiona Bruce: I don\u2019t think that is in dispute","type":"L","timestamp":"2023-11-09 14:10:31"},{"nodeID":"1351502","text":"Asserting","type":"YA","timestamp":"2023-11-09 14:10:31"},{"nodeID":"1351503","text":"Default Transition","type":"TA","timestamp":"2023-11-09 14:10:31"},{"nodeID":"1351504","text":"Default Rephrase","type":"MA","timestamp":"2023-11-09 14:10:31"},{"nodeID":"1351505","text":"Restating","type":"YA","timestamp":"2023-11-09 14:10:31"},{"nodeID":"1351506","text":"the past five years hottest on record, for example","type":"I","timestamp":"2023-11-09 14:10:32"},{"nodeID":"1351507","text":"Fiona Bruce: The past five years hottest on record, for example","type":"L","timestamp":"2023-11-09 14:10:32"},{"nodeID":"1351508","text":"Analysing","type":"YA","timestamp":"2023-11-09 14:10:32"},{"nodeID":"1351509","text":"Anon: Fiona Bruce: The past five years hottest on record, for example","type":"L","timestamp":"2023-11-09 14:10:32"},{"nodeID":"1351510","text":"Asserting","type":"YA","timestamp":"2023-11-09 14:10:32"},{"nodeID":"1351511","text":"Default Transition","type":"TA","timestamp":"2023-11-09 14:10:32"},{"nodeID":"1351512","text":"there is actually not consensus on the idea that actually a lot of these extreme weather events are happening more often","type":"I","timestamp":"2023-11-09 14:10:33"},{"nodeID":"1351513","text":"Julia Hartley-Brewer: there is actually not consensus on the idea that actually a lot of these extreme weather events are happening more often","type":"L","timestamp":"2023-11-09 14:10:33"},{"nodeID":"1351514","text":"Analysing","type":"YA","timestamp":"2023-11-09 14:10:33"},{"nodeID":"1351515","text":"Anon: Julia Hartley-Brewer: there is actually not consensus on the idea that actually a lot of these extreme weather events are happening more often","type":"L","timestamp":"2023-11-09 14:10:33"},{"nodeID":"1351516","text":"Asserting","type":"YA","timestamp":"2023-11-09 14:10:33"},{"nodeID":"1351517","text":"Default Conflict","type":"CA","timestamp":"2023-11-09 14:10:33"},{"nodeID":"1351518","text":"Default Transition","type":"TA","timestamp":"2023-11-09 14:10:33"},{"nodeID":"1351519","text":"Disagreeing","type":"YA","timestamp":"2023-11-09 14:10:33"},{"nodeID":"1351520","text":"extreme weather events are not happening more often","type":"I","timestamp":"2023-11-09 14:10:33"},{"nodeID":"1351521","text":"Julia Hartley-Brewer: They\u2019re not","type":"L","timestamp":"2023-11-09 14:10:33"},{"nodeID":"1351522","text":"Analysing","type":"YA","timestamp":"2023-11-09 14:10:33"},{"nodeID":"1351523","text":"Anon: Julia Hartley-Brewer: They\u2019re not","type":"L","timestamp":"2023-11-09 14:10:33"},{"nodeID":"1351524","text":"Asserting","type":"YA","timestamp":"2023-11-09 14:10:33"},{"nodeID":"1351525","text":"Default Transition","type":"TA","timestamp":"2023-11-09 14:10:33"},{"nodeID":"1351526","text":"Default Inference","type":"RA","timestamp":"2023-11-09 14:10:33"},{"nodeID":"1351527","text":"Arguing","type":"YA","timestamp":"2023-11-09 14:10:33"},{"nodeID":"1351528","text":"Default Rephrase","type":"MA","timestamp":"2023-11-09 14:10:33"},{"nodeID":"1351529","text":"Restating","type":"YA","timestamp":"2023-11-09 14:10:33"},{"nodeID":"1351530","text":"Julia Hartley-Brewer can send Fiona Bruce the data confirming that extreme weather events are not happening more often","type":"I","timestamp":"2023-11-09 14:10:34"},{"nodeID":"1351531","text":"Julia Hartley-Brewer: I can send you the data","type":"L","timestamp":"2023-11-09 14:10:34"},{"nodeID":"1351532","text":"Analysing","type":"YA","timestamp":"2023-11-09 14:10:34"},{"nodeID":"1351533","text":"Anon: Julia Hartley-Brewer: I can send you the data","type":"L","timestamp":"2023-11-09 14:10:34"},{"nodeID":"1351534","text":"Asserting","type":"YA","timestamp":"2023-11-09 14:10:34"},{"nodeID":"1351535","text":"Default Transition","type":"TA","timestamp":"2023-11-09 14:10:34"},{"nodeID":"1351536","text":"Default Rephrase","type":"MA","timestamp":"2023-11-09 14:10:34"},{"nodeID":"1351537","text":"Restating","type":"YA","timestamp":"2023-11-09 14:10:34"},{"nodeID":"1351538","text":"AudienceMember 20221027QT52 finds Julia Hartley-Brewer's denial that extreme weather events are happening more often shocking","type":"I","timestamp":"2023-11-09 14:10:35"},{"nodeID":"1351539","text":"AudienceMember 20221027QT52: I find your denial shocking","type":"L","timestamp":"2023-11-09 14:10:35"},{"nodeID":"1351540","text":"Analysing","type":"YA","timestamp":"2023-11-09 14:10:35"},{"nodeID":"1351541","text":"Anon: AudienceMember 20221027QT52: I find your denial shocking","type":"L","timestamp":"2023-11-09 14:10:35"},{"nodeID":"1351542","text":"Asserting","type":"YA","timestamp":"2023-11-09 14:10:35"},{"nodeID":"1351543","text":"Default Transition","type":"TA","timestamp":"2023-11-09 14:10:35"},{"nodeID":"1351544","text":"AudienceMember 20221027QT52 finds Julia Hartley-Brewer's judgement, which is pretty ignorant, on people who protest very insulting","type":"I","timestamp":"2023-11-09 14:10:35"},{"nodeID":"1351545","text":"AudienceMember 20221027QT52: I find your judgement, which is pretty ignorant, on people who protest very insulting","type":"L","timestamp":"2023-11-09 14:10:35"},{"nodeID":"1351546","text":"Analysing","type":"YA","timestamp":"2023-11-09 14:10:35"},{"nodeID":"1351547","text":"Anon: AudienceMember 20221027QT52: I find your judgement, which is pretty ignorant, on people who protest very insulting","type":"L","timestamp":"2023-11-09 14:10:35"},{"nodeID":"1351548","text":"Asserting","type":"YA","timestamp":"2023-11-09 14:10:35"},{"nodeID":"1351549","text":"Default Transition","type":"TA","timestamp":"2023-11-09 14:10:35"},{"nodeID":"1351550","text":"AudienceMember 20221027QT52 has protested all her or his life","type":"I","timestamp":"2023-11-09 14:10:36"},{"nodeID":"1351551","text":"AudienceMember 20221027QT52: as someone who\u2019s protested all my life","type":"L","timestamp":"2023-11-09 14:10:36"},{"nodeID":"1351552","text":"Analysing","type":"YA","timestamp":"2023-11-09 14:10:36"},{"nodeID":"1351553","text":"Anon: AudienceMember 20221027QT52: as someone who\u2019s protested all my life","type":"L","timestamp":"2023-11-09 14:10:36"},{"nodeID":"1351554","text":"Asserting","type":"YA","timestamp":"2023-11-09 14:10:36"},{"nodeID":"1351555","text":"Default Transition","type":"TA","timestamp":"2023-11-09 14:10:36"},{"nodeID":"1351556","text":"protesting is a human right","type":"I","timestamp":"2023-11-09 14:10:36"},{"nodeID":"1351557","text":"AudienceMember 20221027QT52: it is a human right","type":"L","timestamp":"2023-11-09 14:10:36"},{"nodeID":"1351558","text":"Analysing","type":"YA","timestamp":"2023-11-09 14:10:36"},{"nodeID":"1351559","text":"Anon: AudienceMember 20221027QT52: it is a human right","type":"L","timestamp":"2023-11-09 14:10:36"},{"nodeID":"1351560","text":"Asserting","type":"YA","timestamp":"2023-11-09 14:10:36"},{"nodeID":"1351561","text":"Default Transition","type":"TA","timestamp":"2023-11-09 14:10:36"},{"nodeID":"1351562","text":"protesting is a democratic human right","type":"I","timestamp":"2023-11-09 14:10:37"},{"nodeID":"1351563","text":"AudienceMember 20221027QT52: it\u2019s a democratic human right","type":"L","timestamp":"2023-11-09 14:10:37"},{"nodeID":"1351564","text":"Analysing","type":"YA","timestamp":"2023-11-09 14:10:37"},{"nodeID":"1351565","text":"Anon: AudienceMember 20221027QT52: it\u2019s a democratic human right","type":"L","timestamp":"2023-11-09 14:10:37"},{"nodeID":"1351566","text":"Asserting","type":"YA","timestamp":"2023-11-09 14:10:37"},{"nodeID":"1351567","text":"Default Transition","type":"TA","timestamp":"2023-11-09 14:10:37"},{"nodeID":"1351568","text":"Default Rephrase","type":"MA","timestamp":"2023-11-09 14:10:37"},{"nodeID":"1351569","text":"Restating","type":"YA","timestamp":"2023-11-09 14:10:37"},{"nodeID":"1351570","text":"that\u2019s the point, AudienceMember 20221027QT52 is right to protest","type":"I","timestamp":"2023-11-09 14:10:38"},{"nodeID":"1351571","text":"Julia Hartley-Brewer: That\u2019s the point, you\u2019re right to protest","type":"L","timestamp":"2023-11-09 14:10:38"},{"nodeID":"1351572","text":"Analysing","type":"YA","timestamp":"2023-11-09 14:10:38"},{"nodeID":"1351573","text":"Anon: Julia Hartley-Brewer: That\u2019s the point, you\u2019re right to protest","type":"L","timestamp":"2023-11-09 14:10:38"},{"nodeID":"1351574","text":"Asserting","type":"YA","timestamp":"2023-11-09 14:10:38"},{"nodeID":"1351575","text":"Default Transition","type":"TA","timestamp":"2023-11-09 14:10:38"},{"nodeID":"1351576","text":"Default Rephrase","type":"MA","timestamp":"2023-11-09 14:10:38"},{"nodeID":"1351577","text":"Restating","type":"YA","timestamp":"2023-11-09 14:10:38"}],"edges":[{"edgeID":"1770131","fromID":"1351495","toID":"1351494","formEdgeID":null},{"edgeID":"1770132","fromID":"1351496","toID":"1351495","formEdgeID":null},{"edgeID":"1770133","fromID":"1351494","toID":"1351497","formEdgeID":null},{"edgeID":"1770134","fromID":"1351497","toID":"1351493","formEdgeID":null},{"edgeID":"1770135","fromID":"1351500","toID":"1351499","formEdgeID":null},{"edgeID":"1770136","fromID":"1351501","toID":"1351500","formEdgeID":null},{"edgeID":"1770137","fromID":"1351499","toID":"1351502","formEdgeID":null},{"edgeID":"1770138","fromID":"1351502","toID":"1351498","formEdgeID":null},{"edgeID":"1770139","fromID":"1351494","toID":"1351503","formEdgeID":null},{"edgeID":"1770140","fromID":"1351503","toID":"1351499","formEdgeID":null},{"edgeID":"1770141","fromID":"1351498","toID":"1351504","formEdgeID":null},{"edgeID":"1770142","fromID":"1351504","toID":"1351493","formEdgeID":null},{"edgeID":"1770143","fromID":"1351503","toID":"1351505","formEdgeID":null},{"edgeID":"1770144","fromID":"1351505","toID":"1351504","formEdgeID":null},{"edgeID":"1770145","fromID":"1351508","toID":"1351507","formEdgeID":null},{"edgeID":"1770146","fromID":"1351509","toID":"1351508","formEdgeID":null},{"edgeID":"1770147","fromID":"1351507","toID":"1351510","formEdgeID":null},{"edgeID":"1770148","fromID":"1351510","toID":"1351506","formEdgeID":null},{"edgeID":"1770149","fromID":"1351499","toID":"1351511","formEdgeID":null},{"edgeID":"1770150","fromID":"1351511","toID":"1351507","formEdgeID":null},{"edgeID":"1770151","fromID":"1351514","toID":"1351513","formEdgeID":null},{"edgeID":"1770152","fromID":"1351515","toID":"1351514","formEdgeID":null},{"edgeID":"1770153","fromID":"1351513","toID":"1351516","formEdgeID":null},{"edgeID":"1770154","fromID":"1351516","toID":"1351512","formEdgeID":null},{"edgeID":"1770155","fromID":"1351512","toID":"1351517","formEdgeID":null},{"edgeID":"1770156","fromID":"1351517","toID":"1351493","formEdgeID":null},{"edgeID":"1770157","fromID":"1351494","toID":"1351518","formEdgeID":null},{"edgeID":"1770158","fromID":"1351518","toID":"1351513","formEdgeID":null},{"edgeID":"1770159","fromID":"1351518","toID":"1351519","formEdgeID":null},{"edgeID":"1770160","fromID":"1351519","toID":"1351517","formEdgeID":null},{"edgeID":"1770161","fromID":"1351522","toID":"1351521","formEdgeID":null},{"edgeID":"1770162","fromID":"1351523","toID":"1351522","formEdgeID":null},{"edgeID":"1770163","fromID":"1351521","toID":"1351524","formEdgeID":null},{"edgeID":"1770164","fromID":"1351524","toID":"1351520","formEdgeID":null},{"edgeID":"1770165","fromID":"1351513","toID":"1351525","formEdgeID":null},{"edgeID":"1770166","fromID":"1351525","toID":"1351521","formEdgeID":null},{"edgeID":"1770167","fromID":"1351506","toID":"1351526","formEdgeID":null},{"edgeID":"1770168","fromID":"1351526","toID":"1351498","formEdgeID":null},{"edgeID":"1770169","fromID":"1351511","toID":"1351527","formEdgeID":null},{"edgeID":"1770170","fromID":"1351527","toID":"1351526","formEdgeID":null},{"edgeID":"1770171","fromID":"1351520","toID":"1351528","formEdgeID":null},{"edgeID":"1770172","fromID":"1351528","toID":"1351512","formEdgeID":null},{"edgeID":"1770173","fromID":"1351525","toID":"1351529","formEdgeID":null},{"edgeID":"1770174","fromID":"1351529","toID":"1351528","formEdgeID":null},{"edgeID":"1770175","fromID":"1351532","toID":"1351531","formEdgeID":null},{"edgeID":"1770176","fromID":"1351533","toID":"1351532","formEdgeID":null},{"edgeID":"1770177","fromID":"1351531","toID":"1351534","formEdgeID":null},{"edgeID":"1770178","fromID":"1351534","toID":"1351530","formEdgeID":null},{"edgeID":"1770179","fromID":"1351521","toID":"1351535","formEdgeID":null},{"edgeID":"1770180","fromID":"1351535","toID":"1351531","formEdgeID":null},{"edgeID":"1770181","fromID":"1351530","toID":"1351536","formEdgeID":null},{"edgeID":"1770182","fromID":"1351536","toID":"1351520","formEdgeID":null},{"edgeID":"1770183","fromID":"1351535","toID":"1351537","formEdgeID":null},{"edgeID":"1770184","fromID":"1351537","toID":"1351536","formEdgeID":null},{"edgeID":"1770185","fromID":"1351540","toID":"1351539","formEdgeID":null},{"edgeID":"1770186","fromID":"1351541","toID":"1351540","formEdgeID":null},{"edgeID":"1770187","fromID":"1351539","toID":"1351542","formEdgeID":null},{"edgeID":"1770188","fromID":"1351542","toID":"1351538","formEdgeID":null},{"edgeID":"1770189","fromID":"1351531","toID":"1351543","formEdgeID":null},{"edgeID":"1770190","fromID":"1351543","toID":"1351539","formEdgeID":null},{"edgeID":"1770191","fromID":"1351546","toID":"1351545","formEdgeID":null},{"edgeID":"1770192","fromID":"1351547","toID":"1351546","formEdgeID":null},{"edgeID":"1770193","fromID":"1351545","toID":"1351548","formEdgeID":null},{"edgeID":"1770194","fromID":"1351548","toID":"1351544","formEdgeID":null},{"edgeID":"1770195","fromID":"1351539","toID":"1351549","formEdgeID":null},{"edgeID":"1770196","fromID":"1351549","toID":"1351545","formEdgeID":null},{"edgeID":"1770197","fromID":"1351552","toID":"1351551","formEdgeID":null},{"edgeID":"1770198","fromID":"1351553","toID":"1351552","formEdgeID":null},{"edgeID":"1770199","fromID":"1351551","toID":"1351554","formEdgeID":null},{"edgeID":"1770200","fromID":"1351554","toID":"1351550","formEdgeID":null},{"edgeID":"1770201","fromID":"1351545","toID":"1351555","formEdgeID":null},{"edgeID":"1770202","fromID":"1351555","toID":"1351551","formEdgeID":null},{"edgeID":"1770203","fromID":"1351558","toID":"1351557","formEdgeID":null},{"edgeID":"1770204","fromID":"1351559","toID":"1351558","formEdgeID":null},{"edgeID":"1770205","fromID":"1351557","toID":"1351560","formEdgeID":null},{"edgeID":"1770206","fromID":"1351560","toID":"1351556","formEdgeID":null},{"edgeID":"1770207","fromID":"1351551","toID":"1351561","formEdgeID":null},{"edgeID":"1770208","fromID":"1351561","toID":"1351557","formEdgeID":null},{"edgeID":"1770209","fromID":"1351564","toID":"1351563","formEdgeID":null},{"edgeID":"1770210","fromID":"1351565","toID":"1351564","formEdgeID":null},{"edgeID":"1770211","fromID":"1351563","toID":"1351566","formEdgeID":null},{"edgeID":"1770212","fromID":"1351566","toID":"1351562","formEdgeID":null},{"edgeID":"1770213","fromID":"1351557","toID":"1351567","formEdgeID":null},{"edgeID":"1770214","fromID":"1351567","toID":"1351563","formEdgeID":null},{"edgeID":"1770215","fromID":"1351562","toID":"1351568","formEdgeID":null},{"edgeID":"1770216","fromID":"1351568","toID":"1351556","formEdgeID":null},{"edgeID":"1770217","fromID":"1351567","toID":"1351569","formEdgeID":null},{"edgeID":"1770218","fromID":"1351569","toID":"1351568","formEdgeID":null},{"edgeID":"1770219","fromID":"1351572","toID":"1351571","formEdgeID":null},{"edgeID":"1770220","fromID":"1351573","toID":"1351572","formEdgeID":null},{"edgeID":"1770221","fromID":"1351571","toID":"1351574","formEdgeID":null},{"edgeID":"1770222","fromID":"1351574","toID":"1351570","formEdgeID":null},{"edgeID":"1770223","fromID":"1351563","toID":"1351575","formEdgeID":null},{"edgeID":"1770224","fromID":"1351575","toID":"1351571","formEdgeID":null},{"edgeID":"1770225","fromID":"1351570","toID":"1351576","formEdgeID":null},{"edgeID":"1770226","fromID":"1351576","toID":"1351562","formEdgeID":null},{"edgeID":"1770227","fromID":"1351575","toID":"1351577","formEdgeID":null},{"edgeID":"1770228","fromID":"1351577","toID":"1351576","formEdgeID":null}],"locutions":[]}