{"nodes":[{"nodeID":"1343057","text":"Fiona Bruca is not sure if it's entirely fair to ask Lucy Frazer off the top of her head if she knows what the last figure of the budget allocation to the NHS was","type":"I","timestamp":"2023-11-09 13:57:29"},{"nodeID":"1343058","text":"Fiona Bruce:  I\u2019m not sure if it\u2019s entirely fair to ask you off the top of your head if you know what the last figure was","type":"L","timestamp":"2023-11-09 13:57:29"},{"nodeID":"1343059","text":"Analysing","type":"YA","timestamp":"2023-11-09 13:57:29"},{"nodeID":"1343060","text":"Lara: Fiona Bruce:  I\u2019m not sure if it\u2019s entirely fair to ask you off the top of your head if you know what the last figure was","type":"L","timestamp":"2023-11-09 13:57:29"},{"nodeID":"1343061","text":"Asserting","type":"YA","timestamp":"2023-11-09 13:57:29"},{"nodeID":"1343062","text":"the budget allocation to the NHS is not Lucy Frazer's department","type":"I","timestamp":"2023-11-09 13:57:29"},{"nodeID":"1343063","text":"Fiona Bruce: given that\u2019s not your department","type":"L","timestamp":"2023-11-09 13:57:29"},{"nodeID":"1343064","text":"Analysing","type":"YA","timestamp":"2023-11-09 13:57:29"},{"nodeID":"1343065","text":"Lara: Fiona Bruce: given that\u2019s not your department","type":"L","timestamp":"2023-11-09 13:57:29"},{"nodeID":"1343066","text":"Asserting","type":"YA","timestamp":"2023-11-09 13:57:29"},{"nodeID":"1343067","text":"Default Transition","type":"TA","timestamp":"2023-11-09 13:57:29"},{"nodeID":"1343068","text":"Default Inference","type":"RA","timestamp":"2023-11-09 13:57:29"},{"nodeID":"1343069","text":"Arguing","type":"YA","timestamp":"2023-11-09 13:57:29"},{"nodeID":"1343070","text":"the figure of the budget allocation to the NHS is lower or higher than before","type":"I","timestamp":"2023-11-09 13:57:30"},{"nodeID":"1343071","text":"AudienceMember 20221027QT32:  is it lower or higher","type":"L","timestamp":"2023-11-09 13:57:30"},{"nodeID":"1343072","text":"Analysing","type":"YA","timestamp":"2023-11-09 13:57:30"},{"nodeID":"1343073","text":"Lara: AudienceMember 20221027QT32:  is it lower or higher","type":"L","timestamp":"2023-11-09 13:57:30"},{"nodeID":"1343074","text":"Pure Questioning","type":"YA","timestamp":"2023-11-09 13:57:30"},{"nodeID":"1343075","text":"Default Transition","type":"TA","timestamp":"2023-11-09 13:57:30"},{"nodeID":"1343076","text":"there\u2019s inflation to take into account as well","type":"I","timestamp":"2023-11-09 13:57:31"},{"nodeID":"1343077","text":"Fiona Bruce: don\u2019t forget there\u2019s inflation, of course, to take into account as well","type":"L","timestamp":"2023-11-09 13:57:31"},{"nodeID":"1343078","text":"Analysing","type":"YA","timestamp":"2023-11-09 13:57:31"},{"nodeID":"1343079","text":"Lara: Fiona Bruce: don\u2019t forget there\u2019s inflation, of course, to take into account as well","type":"L","timestamp":"2023-11-09 13:57:31"},{"nodeID":"1343080","text":"Asserting","type":"YA","timestamp":"2023-11-09 13:57:31"},{"nodeID":"1343081","text":"Default Transition","type":"TA","timestamp":"2023-11-09 13:57:31"},{"nodeID":"1343082","text":"the inflation is at 10.2 per cent","type":"I","timestamp":"2023-11-09 13:57:31"},{"nodeID":"1343083","text":"AudienceMember 20221027QT33: At 10.2 per cent","type":"L","timestamp":"2023-11-09 13:57:31"},{"nodeID":"1343084","text":"Analysing","type":"YA","timestamp":"2023-11-09 13:57:31"},{"nodeID":"1343085","text":"Lara: AudienceMember 20221027QT33: At 10.2 per cent","type":"L","timestamp":"2023-11-09 13:57:31"},{"nodeID":"1343086","text":"Asserting","type":"YA","timestamp":"2023-11-09 13:57:31"},{"nodeID":"1343087","text":"Default Transition","type":"TA","timestamp":"2023-11-09 13:57:31"},{"nodeID":"1343088","text":"Fiona Bruce: politicians talk about the budget getting bigger","type":"L","timestamp":"2023-11-09 13:57:31"},{"nodeID":"1343089","text":"Analysing","type":"YA","timestamp":"2023-11-09 13:57:31"},{"nodeID":"1343090","text":"Lara: Fiona Bruce: politicians talk about the budget getting bigger","type":"L","timestamp":"2023-11-09 13:57:31"},{"nodeID":"1343091","text":"the budget is getting bigger","type":"I","timestamp":"2023-11-09 13:57:32"},{"nodeID":"1343092","text":"Politicians : the budget getting bigger","type":"L","timestamp":"2023-11-09 13:57:32"},{"nodeID":"1343093","text":"Analysing","type":"YA","timestamp":"2023-11-09 13:57:32"},{"nodeID":"1343094","text":"Lara: Politicians : the budget getting bigger","type":"L","timestamp":"2023-11-09 13:57:32"},{"nodeID":"1343095","text":"Asserting","type":"YA","timestamp":"2023-11-09 13:57:32"},{"nodeID":"1343096","text":"Asserting","type":"YA","timestamp":"2023-11-09 13:57:32"},{"nodeID":"1343097","text":"the budget is getting bigger because of inflation","type":"I","timestamp":"2023-11-09 13:57:32"},{"nodeID":"1343098","text":"Fiona Bruce:  it\u2019s because of inflation","type":"L","timestamp":"2023-11-09 13:57:32"},{"nodeID":"1343099","text":"Analysing","type":"YA","timestamp":"2023-11-09 13:57:32"},{"nodeID":"1343100","text":"Lara: Fiona Bruce:  it\u2019s because of inflation","type":"L","timestamp":"2023-11-09 13:57:32"},{"nodeID":"1343101","text":"Asserting","type":"YA","timestamp":"2023-11-09 13:57:32"},{"nodeID":"1343102","text":"Default Transition","type":"TA","timestamp":"2023-11-09 13:57:32"},{"nodeID":"1343103","text":"Default Transition","type":"TA","timestamp":"2023-11-09 13:57:32"},{"nodeID":"1343104","text":"the budget is not necessarily getting bigger just because politicians have been given more money in real terms","type":"I","timestamp":"2023-11-09 13:57:33"},{"nodeID":"1343105","text":"Fiona Bruce: It\u2019s not necessarily just because they\u2019ve been given more money in real terms","type":"L","timestamp":"2023-11-09 13:57:33"},{"nodeID":"1343106","text":"Analysing","type":"YA","timestamp":"2023-11-09 13:57:33"},{"nodeID":"1343107","text":"Lara: Fiona Bruce: It\u2019s not necessarily just because they\u2019ve been given more money in real terms","type":"L","timestamp":"2023-11-09 13:57:33"},{"nodeID":"1343108","text":"Asserting","type":"YA","timestamp":"2023-11-09 13:57:33"},{"nodeID":"1343109","text":"AudienceMember 20221027QT34 understands that often the budget gets bigger because of inflation and not because politicians are given more money","type":"I","timestamp":"2023-11-09 13:57:34"},{"nodeID":"1343110","text":"AudienceMember 20221027QT34:  I understand","type":"L","timestamp":"2023-11-09 13:57:34"},{"nodeID":"1343111","text":"Analysing","type":"YA","timestamp":"2023-11-09 13:57:34"},{"nodeID":"1343112","text":"Lara: AudienceMember 20221027QT34:  I understand","type":"L","timestamp":"2023-11-09 13:57:34"},{"nodeID":"1343113","text":"Asserting","type":"YA","timestamp":"2023-11-09 13:57:34"},{"nodeID":"1343114","text":"every single department in the last spending review got an increase in its budget","type":"I","timestamp":"2023-11-09 13:57:34"},{"nodeID":"1343115","text":"Lucy Frazer: every single department in the last spending review got an increase in its budget","type":"L","timestamp":"2023-11-09 13:57:34"},{"nodeID":"1343116","text":"Analysing","type":"YA","timestamp":"2023-11-09 13:57:34"},{"nodeID":"1343117","text":"Lara: Lucy Frazer: every single department in the last spending review got an increase in its budget","type":"L","timestamp":"2023-11-09 13:57:34"},{"nodeID":"1343118","text":"Asserting","type":"YA","timestamp":"2023-11-09 13:57:34"},{"nodeID":"1343119","text":"every department getting an increase in budget means xxx in real terms","type":"I","timestamp":"2023-11-09 13:57:35"},{"nodeID":"1343120","text":"Fiona Bruce: But in real terms","type":"L","timestamp":"2023-11-09 13:57:35"},{"nodeID":"1343121","text":"Analysing","type":"YA","timestamp":"2023-11-09 13:57:35"},{"nodeID":"1343122","text":"Lara: Fiona Bruce: But in real terms","type":"L","timestamp":"2023-11-09 13:57:35"},{"nodeID":"1343123","text":"Pure Questioning","type":"YA","timestamp":"2023-11-09 13:57:35"},{"nodeID":"1343124","text":"every department getting an increase in budget means that the NHS got an increase in its budget","type":"I","timestamp":"2023-11-09 13:57:35"},{"nodeID":"1343125","text":"Lucy Frazer: The NHS got an increase in its budget","type":"L","timestamp":"2023-11-09 13:57:35"},{"nodeID":"1343126","text":"Analysing","type":"YA","timestamp":"2023-11-09 13:57:35"},{"nodeID":"1343127","text":"Lara: Lucy Frazer: The NHS got an increase in its budget","type":"L","timestamp":"2023-11-09 13:57:35"},{"nodeID":"1343128","text":"Asserting","type":"YA","timestamp":"2023-11-09 13:57:35"},{"nodeID":"1343129","text":"the NHS getting an increase in budget means xxx in real terms","type":"I","timestamp":"2023-11-09 13:57:36"},{"nodeID":"1343130","text":"Fiona Bruce: In real terms","type":"L","timestamp":"2023-11-09 13:57:36"},{"nodeID":"1343131","text":"Analysing","type":"YA","timestamp":"2023-11-09 13:57:36"},{"nodeID":"1343132","text":"Lara: Fiona Bruce: In real terms","type":"L","timestamp":"2023-11-09 13:57:36"},{"nodeID":"1343133","text":"Pure Questioning","type":"YA","timestamp":"2023-11-09 13:57:36"},{"nodeID":"1343134","text":"what matters at the end of the day is what the increase in the NHS budget means in real terms","type":"I","timestamp":"2023-11-09 13:57:37"},{"nodeID":"1343135","text":"Fiona Bruce: that\u2019s what matters at the end of the day","type":"L","timestamp":"2023-11-09 13:57:37"},{"nodeID":"1343136","text":"Analysing","type":"YA","timestamp":"2023-11-09 13:57:37"},{"nodeID":"1343137","text":"Lara: Fiona Bruce: that\u2019s what matters at the end of the day","type":"L","timestamp":"2023-11-09 13:57:37"},{"nodeID":"1343138","text":"Asserting","type":"YA","timestamp":"2023-11-09 13:57:37"},{"nodeID":"1343139","text":"Lucy Frazer: of course that\u2019s what matters","type":"L","timestamp":"2023-11-09 13:57:37"},{"nodeID":"1343140","text":"Analysing","type":"YA","timestamp":"2023-11-09 13:57:37"},{"nodeID":"1343141","text":"Lara: Lucy Frazer: of course that\u2019s what matters","type":"L","timestamp":"2023-11-09 13:57:37"},{"nodeID":"1343142","text":"Lucy Frazer can\u2019t tell the gentleman what\u2019s going to be in the spending review","type":"I","timestamp":"2023-11-09 13:57:37"},{"nodeID":"1343143","text":"Lucy Frazer:  I can\u2019t tell the gentleman what\u2019s going to be in the spending review","type":"L","timestamp":"2023-11-09 13:57:37"},{"nodeID":"1343144","text":"Analysing","type":"YA","timestamp":"2023-11-09 13:57:37"},{"nodeID":"1343145","text":"Lara: Lucy Frazer:  I can\u2019t tell the gentleman what\u2019s going to be in the spending review","type":"L","timestamp":"2023-11-09 13:57:37"},{"nodeID":"1343146","text":"Asserting","type":"YA","timestamp":"2023-11-09 13:57:37"},{"nodeID":"1343147","text":"Lucy Frazer can't tell whether the figures of the budget are going to go up or it\u2019s going to go down","type":"I","timestamp":"2023-11-09 13:57:38"},{"nodeID":"1343148","text":"Lucy Frazer: whether it\u2019s going to go up or it\u2019s going to go down","type":"L","timestamp":"2023-11-09 13:57:38"},{"nodeID":"1343149","text":"Analysing","type":"YA","timestamp":"2023-11-09 13:57:38"},{"nodeID":"1343150","text":"Lara: Lucy Frazer: whether it\u2019s going to go up or it\u2019s going to go down","type":"L","timestamp":"2023-11-09 13:57:38"},{"nodeID":"1343151","text":"Asserting","type":"YA","timestamp":"2023-11-09 13:57:38"},{"nodeID":"1343152","text":"we have invested significant amounts","type":"I","timestamp":"2023-11-09 13:57:38"},{"nodeID":"1343153","text":"Lucy Frazer: we have invested significant amounts","type":"L","timestamp":"2023-11-09 13:57:38"},{"nodeID":"1343154","text":"Analysing","type":"YA","timestamp":"2023-11-09 13:57:38"},{"nodeID":"1343155","text":"Lara: Lucy Frazer: we have invested significant amounts","type":"L","timestamp":"2023-11-09 13:57:38"},{"nodeID":"1343156","text":"Asserting","type":"YA","timestamp":"2023-11-09 13:57:38"},{"nodeID":"1343157","text":"Default Rephrase","type":"MA","timestamp":"2023-11-09 13:57:38"},{"nodeID":"1343158","text":"Restating","type":"YA","timestamp":"2023-11-09 13:57:38"},{"nodeID":"1343159","text":"Default Rephrase","type":"MA","timestamp":"2023-11-09 13:57:38"},{"nodeID":"1343160","text":"Default Transition","type":"TA","timestamp":"2023-11-09 13:57:38"},{"nodeID":"1343161","text":"Default Transition","type":"TA","timestamp":"2023-11-09 13:57:38"},{"nodeID":"1343162","text":"Restating","type":"YA","timestamp":"2023-11-09 13:57:38"},{"nodeID":"1343163","text":"Default Transition","type":"TA","timestamp":"2023-11-09 13:57:38"},{"nodeID":"1343164","text":"Default Transition","type":"TA","timestamp":"2023-11-09 13:57:38"},{"nodeID":"1343165","text":"Default Transition","type":"TA","timestamp":"2023-11-09 13:57:38"},{"nodeID":"1343166","text":"Default Rephrase","type":"MA","timestamp":"2023-11-09 13:57:38"},{"nodeID":"1343167","text":"Default Illocuting","type":"YA","timestamp":"2023-11-09 13:57:38"},{"nodeID":"1343168","text":"Default Transition","type":"TA","timestamp":"2023-11-09 13:57:38"},{"nodeID":"1343169","text":"Default Rephrase","type":"MA","timestamp":"2023-11-09 13:57:38"},{"nodeID":"1343170","text":"Restating","type":"YA","timestamp":"2023-11-09 13:57:38"},{"nodeID":"1343171","text":"Default Transition","type":"TA","timestamp":"2023-11-09 13:57:38"},{"nodeID":"1343172","text":"Default Rephrase","type":"MA","timestamp":"2023-11-09 13:57:38"},{"nodeID":"1343173","text":"Restating","type":"YA","timestamp":"2023-11-09 13:57:38"},{"nodeID":"1343174","text":"Default Transition","type":"TA","timestamp":"2023-11-09 13:57:38"},{"nodeID":"1343175","text":"Default Transition","type":"TA","timestamp":"2023-11-09 13:57:38"},{"nodeID":"1343176","text":"Default Transition","type":"TA","timestamp":"2023-11-09 13:57:38"},{"nodeID":"1343177","text":"Default Rephrase","type":"MA","timestamp":"2023-11-09 13:57:38"},{"nodeID":"1343178","text":"Restating","type":"YA","timestamp":"2023-11-09 13:57:38"},{"nodeID":"1343179","text":"Default Transition","type":"TA","timestamp":"2023-11-09 13:57:38"},{"nodeID":"1343180","text":"Agreeing","type":"YA","timestamp":"2023-11-09 13:57:38"}],"edges":[{"edgeID":"1760095","fromID":"1343059","toID":"1343058","formEdgeID":null},{"edgeID":"1760096","fromID":"1343060","toID":"1343059","formEdgeID":null},{"edgeID":"1760097","fromID":"1343058","toID":"1343061","formEdgeID":null},{"edgeID":"1760098","fromID":"1343061","toID":"1343057","formEdgeID":null},{"edgeID":"1760099","fromID":"1343064","toID":"1343063","formEdgeID":null},{"edgeID":"1760100","fromID":"1343065","toID":"1343064","formEdgeID":null},{"edgeID":"1760101","fromID":"1343063","toID":"1343066","formEdgeID":null},{"edgeID":"1760102","fromID":"1343066","toID":"1343062","formEdgeID":null},{"edgeID":"1760103","fromID":"1343058","toID":"1343067","formEdgeID":null},{"edgeID":"1760104","fromID":"1343067","toID":"1343063","formEdgeID":null},{"edgeID":"1760105","fromID":"1343062","toID":"1343068","formEdgeID":null},{"edgeID":"1760106","fromID":"1343068","toID":"1343057","formEdgeID":null},{"edgeID":"1760107","fromID":"1343067","toID":"1343069","formEdgeID":null},{"edgeID":"1760108","fromID":"1343069","toID":"1343068","formEdgeID":null},{"edgeID":"1760109","fromID":"1343072","toID":"1343071","formEdgeID":null},{"edgeID":"1760110","fromID":"1343073","toID":"1343072","formEdgeID":null},{"edgeID":"1760111","fromID":"1343071","toID":"1343074","formEdgeID":null},{"edgeID":"1760112","fromID":"1343074","toID":"1343070","formEdgeID":null},{"edgeID":"1760113","fromID":"1343063","toID":"1343075","formEdgeID":null},{"edgeID":"1760114","fromID":"1343075","toID":"1343071","formEdgeID":null},{"edgeID":"1760115","fromID":"1343078","toID":"1343077","formEdgeID":null},{"edgeID":"1760116","fromID":"1343079","toID":"1343078","formEdgeID":null},{"edgeID":"1760117","fromID":"1343077","toID":"1343080","formEdgeID":null},{"edgeID":"1760118","fromID":"1343080","toID":"1343076","formEdgeID":null},{"edgeID":"1760119","fromID":"1343071","toID":"1343081","formEdgeID":null},{"edgeID":"1760120","fromID":"1343081","toID":"1343077","formEdgeID":null},{"edgeID":"1760121","fromID":"1343084","toID":"1343083","formEdgeID":null},{"edgeID":"1760122","fromID":"1343085","toID":"1343084","formEdgeID":null},{"edgeID":"1760123","fromID":"1343083","toID":"1343086","formEdgeID":null},{"edgeID":"1760124","fromID":"1343086","toID":"1343082","formEdgeID":null},{"edgeID":"1760125","fromID":"1343077","toID":"1343087","formEdgeID":null},{"edgeID":"1760126","fromID":"1343087","toID":"1343083","formEdgeID":null},{"edgeID":"1760127","fromID":"1343089","toID":"1343088","formEdgeID":null},{"edgeID":"1760128","fromID":"1343090","toID":"1343089","formEdgeID":null},{"edgeID":"1760129","fromID":"1343093","toID":"1343092","formEdgeID":null},{"edgeID":"1760130","fromID":"1343094","toID":"1343093","formEdgeID":null},{"edgeID":"1760131","fromID":"1343092","toID":"1343095","formEdgeID":null},{"edgeID":"1760132","fromID":"1343095","toID":"1343091","formEdgeID":null},{"edgeID":"1760133","fromID":"1343088","toID":"1343096","formEdgeID":null},{"edgeID":"1760134","fromID":"1343096","toID":"1343092","formEdgeID":null},{"edgeID":"1760135","fromID":"1343099","toID":"1343098","formEdgeID":null},{"edgeID":"1760136","fromID":"1343100","toID":"1343099","formEdgeID":null},{"edgeID":"1760137","fromID":"1343098","toID":"1343101","formEdgeID":null},{"edgeID":"1760138","fromID":"1343101","toID":"1343097","formEdgeID":null},{"edgeID":"1760139","fromID":"1343083","toID":"1343102","formEdgeID":null},{"edgeID":"1760140","fromID":"1343102","toID":"1343088","formEdgeID":null},{"edgeID":"1760141","fromID":"1343088","toID":"1343103","formEdgeID":null},{"edgeID":"1760142","fromID":"1343103","toID":"1343098","formEdgeID":null},{"edgeID":"1760143","fromID":"1343106","toID":"1343105","formEdgeID":null},{"edgeID":"1760144","fromID":"1343107","toID":"1343106","formEdgeID":null},{"edgeID":"1760145","fromID":"1343105","toID":"1343108","formEdgeID":null},{"edgeID":"1760146","fromID":"1343108","toID":"1343104","formEdgeID":null},{"edgeID":"1760147","fromID":"1343111","toID":"1343110","formEdgeID":null},{"edgeID":"1760148","fromID":"1343112","toID":"1343111","formEdgeID":null},{"edgeID":"1760149","fromID":"1343110","toID":"1343113","formEdgeID":null},{"edgeID":"1760150","fromID":"1343113","toID":"1343109","formEdgeID":null},{"edgeID":"1760151","fromID":"1343116","toID":"1343115","formEdgeID":null},{"edgeID":"1760152","fromID":"1343117","toID":"1343116","formEdgeID":null},{"edgeID":"1760153","fromID":"1343115","toID":"1343118","formEdgeID":null},{"edgeID":"1760154","fromID":"1343118","toID":"1343114","formEdgeID":null},{"edgeID":"1760155","fromID":"1343121","toID":"1343120","formEdgeID":null},{"edgeID":"1760156","fromID":"1343122","toID":"1343121","formEdgeID":null},{"edgeID":"1760157","fromID":"1343120","toID":"1343123","formEdgeID":null},{"edgeID":"1760158","fromID":"1343123","toID":"1343119","formEdgeID":null},{"edgeID":"1760159","fromID":"1343126","toID":"1343125","formEdgeID":null},{"edgeID":"1760160","fromID":"1343127","toID":"1343126","formEdgeID":null},{"edgeID":"1760161","fromID":"1343125","toID":"1343128","formEdgeID":null},{"edgeID":"1760162","fromID":"1343128","toID":"1343124","formEdgeID":null},{"edgeID":"1760163","fromID":"1343131","toID":"1343130","formEdgeID":null},{"edgeID":"1760164","fromID":"1343132","toID":"1343131","formEdgeID":null},{"edgeID":"1760165","fromID":"1343130","toID":"1343133","formEdgeID":null},{"edgeID":"1760166","fromID":"1343133","toID":"1343129","formEdgeID":null},{"edgeID":"1760167","fromID":"1343136","toID":"1343135","formEdgeID":null},{"edgeID":"1760168","fromID":"1343137","toID":"1343136","formEdgeID":null},{"edgeID":"1760169","fromID":"1343135","toID":"1343138","formEdgeID":null},{"edgeID":"1760170","fromID":"1343138","toID":"1343134","formEdgeID":null},{"edgeID":"1760171","fromID":"1343140","toID":"1343139","formEdgeID":null},{"edgeID":"1760172","fromID":"1343141","toID":"1343140","formEdgeID":null},{"edgeID":"1760173","fromID":"1343144","toID":"1343143","formEdgeID":null},{"edgeID":"1760174","fromID":"1343145","toID":"1343144","formEdgeID":null},{"edgeID":"1760175","fromID":"1343143","toID":"1343146","formEdgeID":null},{"edgeID":"1760176","fromID":"1343146","toID":"1343142","formEdgeID":null},{"edgeID":"1760177","fromID":"1343149","toID":"1343148","formEdgeID":null},{"edgeID":"1760178","fromID":"1343150","toID":"1343149","formEdgeID":null},{"edgeID":"1760179","fromID":"1343148","toID":"1343151","formEdgeID":null},{"edgeID":"1760180","fromID":"1343151","toID":"1343147","formEdgeID":null},{"edgeID":"1760181","fromID":"1343154","toID":"1343153","formEdgeID":null},{"edgeID":"1760182","fromID":"1343155","toID":"1343154","formEdgeID":null},{"edgeID":"1760183","fromID":"1343153","toID":"1343156","formEdgeID":null},{"edgeID":"1760184","fromID":"1343156","toID":"1343152","formEdgeID":null},{"edgeID":"1760185","fromID":"1343097","toID":"1343157","formEdgeID":null},{"edgeID":"1760186","fromID":"1343157","toID":"1343091","formEdgeID":null},{"edgeID":"1760187","fromID":"1343103","toID":"1343158","formEdgeID":null},{"edgeID":"1760188","fromID":"1343158","toID":"1343157","formEdgeID":null},{"edgeID":"1760189","fromID":"1343109","toID":"1343159","formEdgeID":null},{"edgeID":"1760190","fromID":"1343159","toID":"1343104","formEdgeID":null},{"edgeID":"1760191","fromID":"1343098","toID":"1343160","formEdgeID":null},{"edgeID":"1760192","fromID":"1343160","toID":"1343105","formEdgeID":null},{"edgeID":"1760193","fromID":"1343105","toID":"1343161","formEdgeID":null},{"edgeID":"1760194","fromID":"1343161","toID":"1343110","formEdgeID":null},{"edgeID":"1760195","fromID":"1343161","toID":"1343162","formEdgeID":null},{"edgeID":"1760196","fromID":"1343162","toID":"1343159","formEdgeID":null},{"edgeID":"1760197","fromID":"1343110","toID":"1343163","formEdgeID":null},{"edgeID":"1760198","fromID":"1343163","toID":"1343115","formEdgeID":null},{"edgeID":"1760199","fromID":"1343115","toID":"1343164","formEdgeID":null},{"edgeID":"1760200","fromID":"1343164","toID":"1343120","formEdgeID":null},{"edgeID":"1760201","fromID":"1343120","toID":"1343165","formEdgeID":null},{"edgeID":"1760202","fromID":"1343165","toID":"1343125","formEdgeID":null},{"edgeID":"1760203","fromID":"1343124","toID":"1343166","formEdgeID":null},{"edgeID":"1760204","fromID":"1343166","toID":"1343119","formEdgeID":null},{"edgeID":"1760205","fromID":"1343165","toID":"1343167","formEdgeID":null},{"edgeID":"1760206","fromID":"1343167","toID":"1343166","formEdgeID":null},{"edgeID":"1760207","fromID":"1343125","toID":"1343168","formEdgeID":null},{"edgeID":"1760208","fromID":"1343168","toID":"1343130","formEdgeID":null},{"edgeID":"1760209","fromID":"1343129","toID":"1343169","formEdgeID":null},{"edgeID":"1760210","fromID":"1343169","toID":"1343124","formEdgeID":null},{"edgeID":"1760211","fromID":"1343168","toID":"1343170","formEdgeID":null},{"edgeID":"1760212","fromID":"1343170","toID":"1343169","formEdgeID":null},{"edgeID":"1760213","fromID":"1343130","toID":"1343171","formEdgeID":null},{"edgeID":"1760214","fromID":"1343171","toID":"1343135","formEdgeID":null},{"edgeID":"1760215","fromID":"1343134","toID":"1343172","formEdgeID":null},{"edgeID":"1760216","fromID":"1343172","toID":"1343129","formEdgeID":null},{"edgeID":"1760217","fromID":"1343171","toID":"1343173","formEdgeID":null},{"edgeID":"1760218","fromID":"1343173","toID":"1343172","formEdgeID":null},{"edgeID":"1760219","fromID":"1343135","toID":"1343174","formEdgeID":null},{"edgeID":"1760220","fromID":"1343174","toID":"1343139","formEdgeID":null},{"edgeID":"1760221","fromID":"1343139","toID":"1343175","formEdgeID":null},{"edgeID":"1760222","fromID":"1343175","toID":"1343143","formEdgeID":null},{"edgeID":"1760223","fromID":"1343143","toID":"1343176","formEdgeID":null},{"edgeID":"1760224","fromID":"1343176","toID":"1343148","formEdgeID":null},{"edgeID":"1760225","fromID":"1343147","toID":"1343177","formEdgeID":null},{"edgeID":"1760226","fromID":"1343177","toID":"1343142","formEdgeID":null},{"edgeID":"1760227","fromID":"1343176","toID":"1343178","formEdgeID":null},{"edgeID":"1760228","fromID":"1343178","toID":"1343177","formEdgeID":null},{"edgeID":"1760229","fromID":"1343148","toID":"1343179","formEdgeID":null},{"edgeID":"1760230","fromID":"1343179","toID":"1343153","formEdgeID":null},{"edgeID":"1760231","fromID":"1343174","toID":"1343180","formEdgeID":null},{"edgeID":"1760232","fromID":"1343180","toID":"1343134","formEdgeID":null}],"locutions":[]}