{"nodes":[{"nodeID":"1340892","text":"it\u2019s desperate right across the NHS","type":"I","timestamp":"2023-11-09 13:54:26"},{"nodeID":"1340893","text":"David Lammy: It\u2019s desperate right across the NHS","type":"L","timestamp":"2023-11-09 13:54:26"},{"nodeID":"1340894","text":"Analysing","type":"YA","timestamp":"2023-11-09 13:54:26"},{"nodeID":"1340895","text":"Anon: David Lammy: It\u2019s desperate right across the NHS","type":"L","timestamp":"2023-11-09 13:54:26"},{"nodeID":"1340896","text":"Asserting","type":"YA","timestamp":"2023-11-09 13:54:26"},{"nodeID":"1340897","text":"you can\u2019t find an NHS dentist","type":"I","timestamp":"2023-11-09 13:54:26"},{"nodeID":"1340898","text":"David Lammy: You can\u2019t find an NHS dentist","type":"L","timestamp":"2023-11-09 13:54:26"},{"nodeID":"1340899","text":"Analysing","type":"YA","timestamp":"2023-11-09 13:54:26"},{"nodeID":"1340900","text":"Anon: David Lammy: You can\u2019t find an NHS dentist","type":"L","timestamp":"2023-11-09 13:54:26"},{"nodeID":"1340901","text":"Asserting","type":"YA","timestamp":"2023-11-09 13:54:26"},{"nodeID":"1340902","text":"David Lammy met a woman who\u2019s been waiting for an appointment at a bowel clinic for 18 months","type":"I","timestamp":"2023-11-09 13:54:27"},{"nodeID":"1340903","text":"David Lammy: I met a woman who\u2019s been waiting for an appointment at a bowel clinic for 18 months","type":"L","timestamp":"2023-11-09 13:54:27"},{"nodeID":"1340904","text":"Analysing","type":"YA","timestamp":"2023-11-09 13:54:27"},{"nodeID":"1340905","text":"Anon: David Lammy: I met a woman who\u2019s been waiting for an appointment at a bowel clinic for 18 months","type":"L","timestamp":"2023-11-09 13:54:27"},{"nodeID":"1340906","text":"Asserting","type":"YA","timestamp":"2023-11-09 13:54:27"},{"nodeID":"1340907","text":"the Government\u2019s ambition is that you should see your GP within two weeks","type":"I","timestamp":"2023-11-09 13:54:28"},{"nodeID":"1340908","text":"David Lammy: The Government\u2019s ambition is that you should see your GP within two weeks","type":"L","timestamp":"2023-11-09 13:54:28"},{"nodeID":"1340909","text":"Analysing","type":"YA","timestamp":"2023-11-09 13:54:28"},{"nodeID":"1340910","text":"Anon: David Lammy: The Government\u2019s ambition is that you should see your GP within two weeks","type":"L","timestamp":"2023-11-09 13:54:28"},{"nodeID":"1340911","text":"Asserting","type":"YA","timestamp":"2023-11-09 13:54:28"},{"nodeID":"1340912","text":"Default Transition","type":"TA","timestamp":"2023-11-09 13:54:28"},{"nodeID":"1340913","text":"Default Conflict","type":"CA","timestamp":"2023-11-09 13:54:28"},{"nodeID":"1340914","text":"Default Transition","type":"TA","timestamp":"2023-11-09 13:54:28"},{"nodeID":"1340915","text":"Disagreeing","type":"YA","timestamp":"2023-11-09 13:54:28"},{"nodeID":"1340916","text":"we had a decade of cuts in the National Health Service","type":"I","timestamp":"2023-11-09 13:54:28"},{"nodeID":"1340917","text":"David Lammy: We had a decade of cuts in the National Health Service","type":"L","timestamp":"2023-11-09 13:54:28"},{"nodeID":"1340918","text":"Analysing","type":"YA","timestamp":"2023-11-09 13:54:28"},{"nodeID":"1340919","text":"Anon: David Lammy: We had a decade of cuts in the National Health Service","type":"L","timestamp":"2023-11-09 13:54:28"},{"nodeID":"1340920","text":"Asserting","type":"YA","timestamp":"2023-11-09 13:54:28"},{"nodeID":"1340921","text":"a consequence of the black hole that they gave us, they\u2019re talking about further austerity in public services","type":"I","timestamp":"2023-11-09 13:54:29"},{"nodeID":"1340922","text":"David Lammy: a consequence of the black hole that they gave us, they\u2019re talking about further austerity in public services","type":"L","timestamp":"2023-11-09 13:54:29"},{"nodeID":"1340923","text":"Analysing","type":"YA","timestamp":"2023-11-09 13:54:29"},{"nodeID":"1340924","text":"Anon: David Lammy: a consequence of the black hole that they gave us, they\u2019re talking about further austerity in public services","type":"L","timestamp":"2023-11-09 13:54:29"},{"nodeID":"1340925","text":"Asserting","type":"YA","timestamp":"2023-11-09 13:54:29"},{"nodeID":"1340926","text":"the NHS is on its knees","type":"I","timestamp":"2023-11-09 13:54:29"},{"nodeID":"1340927","text":"David Lammy: The NHS is on its knees","type":"L","timestamp":"2023-11-09 13:54:29"},{"nodeID":"1340928","text":"Analysing","type":"YA","timestamp":"2023-11-09 13:54:29"},{"nodeID":"1340929","text":"Anon: David Lammy: The NHS is on its knees","type":"L","timestamp":"2023-11-09 13:54:29"},{"nodeID":"1340930","text":"Asserting","type":"YA","timestamp":"2023-11-09 13:54:29"},{"nodeID":"1340931","text":"nurses are leaving","type":"I","timestamp":"2023-11-09 13:54:30"},{"nodeID":"1340932","text":"David Lammy: Nurses are leaving","type":"L","timestamp":"2023-11-09 13:54:30"},{"nodeID":"1340933","text":"Analysing","type":"YA","timestamp":"2023-11-09 13:54:30"},{"nodeID":"1340934","text":"Anon: David Lammy: Nurses are leaving","type":"L","timestamp":"2023-11-09 13:54:30"},{"nodeID":"1340935","text":"Asserting","type":"YA","timestamp":"2023-11-09 13:54:30"},{"nodeID":"1340936","text":"Default Transition","type":"TA","timestamp":"2023-11-09 13:54:30"},{"nodeID":"1340937","text":"Default Inference","type":"RA","timestamp":"2023-11-09 13:54:30"},{"nodeID":"1340938","text":"Arguing","type":"YA","timestamp":"2023-11-09 13:54:30"},{"nodeID":"1340939","text":"Default Inference","type":"RA","timestamp":"2023-11-09 13:54:30"},{"nodeID":"1340940","text":"Default Transition","type":"TA","timestamp":"2023-11-09 13:54:30"},{"nodeID":"1340941","text":"Default Rephrase","type":"MA","timestamp":"2023-11-09 13:54:30"},{"nodeID":"1340942","text":"Default Transition","type":"TA","timestamp":"2023-11-09 13:54:30"},{"nodeID":"1340943","text":"Restating","type":"YA","timestamp":"2023-11-09 13:54:30"},{"nodeID":"1340944","text":"nurses want a less stressful life","type":"I","timestamp":"2023-11-09 13:54:31"},{"nodeID":"1340945","text":"David Lammy: they want a less stressful life","type":"L","timestamp":"2023-11-09 13:54:31"},{"nodeID":"1340946","text":"Analysing","type":"YA","timestamp":"2023-11-09 13:54:31"},{"nodeID":"1340947","text":"Anon: David Lammy: they want a less stressful life","type":"L","timestamp":"2023-11-09 13:54:31"},{"nodeID":"1340948","text":"Asserting","type":"YA","timestamp":"2023-11-09 13:54:31"},{"nodeID":"1340949","text":"Default Inference","type":"RA","timestamp":"2023-11-09 13:54:31"},{"nodeID":"1340950","text":"Default Transition","type":"TA","timestamp":"2023-11-09 13:54:31"},{"nodeID":"1340951","text":"nurses are having to take their own kids to foodbanks","type":"I","timestamp":"2023-11-09 13:54:31"},{"nodeID":"1340952","text":"David Lammy: They\u2019re having to take their own kids to foodbanks","type":"L","timestamp":"2023-11-09 13:54:31"},{"nodeID":"1340953","text":"Analysing","type":"YA","timestamp":"2023-11-09 13:54:31"},{"nodeID":"1340954","text":"Anon: David Lammy: They\u2019re having to take their own kids to foodbanks","type":"L","timestamp":"2023-11-09 13:54:31"},{"nodeID":"1340955","text":"Asserting","type":"YA","timestamp":"2023-11-09 13:54:31"},{"nodeID":"1340956","text":"Default Transition","type":"TA","timestamp":"2023-11-09 13:54:31"},{"nodeID":"1340957","text":"Arguing","type":"YA","timestamp":"2023-11-09 13:54:31"},{"nodeID":"1340958","text":"it is desperate in the NHS","type":"I","timestamp":"2023-11-09 13:54:32"},{"nodeID":"1340959","text":"David Lammy: It is desperate","type":"L","timestamp":"2023-11-09 13:54:32"},{"nodeID":"1340960","text":"Analysing","type":"YA","timestamp":"2023-11-09 13:54:32"},{"nodeID":"1340961","text":"Anon: David Lammy: It is desperate","type":"L","timestamp":"2023-11-09 13:54:32"},{"nodeID":"1340962","text":"Asserting","type":"YA","timestamp":"2023-11-09 13:54:32"},{"nodeID":"1340963","text":"Default Rephrase","type":"MA","timestamp":"2023-11-09 13:54:32"},{"nodeID":"1340964","text":"Default Transition","type":"TA","timestamp":"2023-11-09 13:54:32"},{"nodeID":"1340965","text":"Restating","type":"YA","timestamp":"2023-11-09 13:54:32"},{"nodeID":"1340966","text":"Britain is the sixth richest economy in the world","type":"I","timestamp":"2023-11-09 13:54:32"},{"nodeID":"1340967","text":"David Lammy: this is the sixth richest economy in the world","type":"L","timestamp":"2023-11-09 13:54:32"},{"nodeID":"1340968","text":"Analysing","type":"YA","timestamp":"2023-11-09 13:54:32"},{"nodeID":"1340969","text":"Anon: David Lammy: this is the sixth richest economy in the world","type":"L","timestamp":"2023-11-09 13:54:32"},{"nodeID":"1340970","text":"Asserting","type":"YA","timestamp":"2023-11-09 13:54:32"},{"nodeID":"1340971","text":"David Lammy hopes when we get that next general election, Lucy Frazer's party will be held to account for what they've done to the National Health Service","type":"I","timestamp":"2023-11-09 13:54:33"},{"nodeID":"1340972","text":"David Lammy: I hope when we get that next general election, Lucy, your party will be held to account for what you\u2019ve done for the National Health Service","type":"L","timestamp":"2023-11-09 13:54:33"},{"nodeID":"1340973","text":"Analysing","type":"YA","timestamp":"2023-11-09 13:54:33"},{"nodeID":"1340974","text":"Anon: David Lammy: I hope when we get that next general election, Lucy, your party will be held to account for what you\u2019ve done for the National Health Service","type":"L","timestamp":"2023-11-09 13:54:33"},{"nodeID":"1340975","text":"Asserting","type":"YA","timestamp":"2023-11-09 13:54:33"},{"nodeID":"1340976","text":"Default Conflict","type":"CA","timestamp":"2023-11-09 13:54:33"},{"nodeID":"1340977","text":"Default Transition","type":"TA","timestamp":"2023-11-09 13:54:33"},{"nodeID":"1340978","text":"Disagreeing","type":"YA","timestamp":"2023-11-09 13:54:33"},{"nodeID":"1340979","text":"Default Inference","type":"RA","timestamp":"2023-11-09 13:54:33"},{"nodeID":"1340980","text":"Default Transition","type":"TA","timestamp":"2023-11-09 13:54:33"},{"nodeID":"1340981","text":"Default Transition","type":"TA","timestamp":"2023-11-09 13:54:33"},{"nodeID":"1340982","text":"Arguing","type":"YA","timestamp":"2023-11-09 13:54:33"},{"nodeID":"1340983","text":"there\u2019s no doubt at all the NHS is in crisis","type":"I","timestamp":"2023-11-09 13:54:34"},{"nodeID":"1340984","text":"Julia Hartley-Brewer: There\u2019s no doubt at all the NHS is in crisis","type":"L","timestamp":"2023-11-09 13:54:34"},{"nodeID":"1340985","text":"Analysing","type":"YA","timestamp":"2023-11-09 13:54:34"},{"nodeID":"1340986","text":"Anon: Julia Hartley-Brewer: There\u2019s no doubt at all the NHS is in crisis","type":"L","timestamp":"2023-11-09 13:54:34"},{"nodeID":"1340987","text":"Asserting","type":"YA","timestamp":"2023-11-09 13:54:34"},{"nodeID":"1340988","text":"Default Transition","type":"TA","timestamp":"2023-11-09 13:54:34"},{"nodeID":"1340989","text":"Agreeing","type":"YA","timestamp":"2023-11-09 13:54:34"},{"nodeID":"1340990","text":"there are about eight million people waiting for operations at the current time","type":"I","timestamp":"2023-11-09 13:54:34"},{"nodeID":"1340991","text":"Julia Hartley-Brewer: There are about eight million people waiting for operations at the current time","type":"L","timestamp":"2023-11-09 13:54:34"},{"nodeID":"1340992","text":"Analysing","type":"YA","timestamp":"2023-11-09 13:54:34"},{"nodeID":"1340993","text":"Anon: Julia Hartley-Brewer: There are about eight million people waiting for operations at the current time","type":"L","timestamp":"2023-11-09 13:54:34"},{"nodeID":"1340994","text":"Asserting","type":"YA","timestamp":"2023-11-09 13:54:34"},{"nodeID":"1340995","text":"Default Inference","type":"RA","timestamp":"2023-11-09 13:54:34"},{"nodeID":"1340996","text":"a report this week showing that seven out of ten NHS trusts have longer than two week waits from when someone very anxious goes to the GP and then gets referred to actually see someone in a hospital","type":"I","timestamp":"2023-11-09 13:54:35"},{"nodeID":"1340997","text":"Julia Hartley-Brewer: A report this week showing that seven out of ten NHS trusts have longer than two week waits from when someone very anxious goes to the GP and then gets referred to actually see someone in a hospital","type":"L","timestamp":"2023-11-09 13:54:35"},{"nodeID":"1340998","text":"Analysing","type":"YA","timestamp":"2023-11-09 13:54:35"},{"nodeID":"1340999","text":"Anon: Julia Hartley-Brewer: A report this week showing that seven out of ten NHS trusts have longer than two week waits from when someone very anxious goes to the GP and then gets referred to actually see someone in a hospital","type":"L","timestamp":"2023-11-09 13:54:35"},{"nodeID":"1341000","text":"Asserting","type":"YA","timestamp":"2023-11-09 13:54:35"},{"nodeID":"1341001","text":"Default Transition","type":"TA","timestamp":"2023-11-09 13:54:35"},{"nodeID":"1341002","text":"Default Transition","type":"TA","timestamp":"2023-11-09 13:54:35"},{"nodeID":"1341003","text":"Arguing","type":"YA","timestamp":"2023-11-09 13:54:35"},{"nodeID":"1341004","text":"Default Inference","type":"RA","timestamp":"2023-11-09 13:54:35"},{"nodeID":"1341005","text":"Default Inference","type":"RA","timestamp":"2023-11-09 13:54:35"},{"nodeID":"1341006","text":"Arguing","type":"YA","timestamp":"2023-11-09 13:54:35"},{"nodeID":"1341007","text":"Default Transition","type":"TA","timestamp":"2023-11-09 13:54:35"},{"nodeID":"1341008","text":"Arguing","type":"YA","timestamp":"2023-11-09 13:54:35"},{"nodeID":"1341009","text":"Default Inference","type":"RA","timestamp":"2023-11-09 13:54:35"},{"nodeID":"1341010","text":"Default Transition","type":"TA","timestamp":"2023-11-09 13:54:35"},{"nodeID":"1341011","text":"Arguing","type":"YA","timestamp":"2023-11-09 13:54:35"}],"edges":[{"edgeID":"1757455","fromID":"1340894","toID":"1340893","formEdgeID":null},{"edgeID":"1757456","fromID":"1340895","toID":"1340894","formEdgeID":null},{"edgeID":"1757457","fromID":"1340893","toID":"1340896","formEdgeID":null},{"edgeID":"1757458","fromID":"1340896","toID":"1340892","formEdgeID":null},{"edgeID":"1757459","fromID":"1340899","toID":"1340898","formEdgeID":null},{"edgeID":"1757460","fromID":"1340900","toID":"1340899","formEdgeID":null},{"edgeID":"1757461","fromID":"1340898","toID":"1340901","formEdgeID":null},{"edgeID":"1757462","fromID":"1340901","toID":"1340897","formEdgeID":null},{"edgeID":"1757463","fromID":"1340904","toID":"1340903","formEdgeID":null},{"edgeID":"1757464","fromID":"1340905","toID":"1340904","formEdgeID":null},{"edgeID":"1757465","fromID":"1340903","toID":"1340906","formEdgeID":null},{"edgeID":"1757466","fromID":"1340906","toID":"1340902","formEdgeID":null},{"edgeID":"1757467","fromID":"1340909","toID":"1340908","formEdgeID":null},{"edgeID":"1757468","fromID":"1340910","toID":"1340909","formEdgeID":null},{"edgeID":"1757469","fromID":"1340908","toID":"1340911","formEdgeID":null},{"edgeID":"1757470","fromID":"1340911","toID":"1340907","formEdgeID":null},{"edgeID":"1757471","fromID":"1340898","toID":"1340912","formEdgeID":null},{"edgeID":"1757472","fromID":"1340912","toID":"1340903","formEdgeID":null},{"edgeID":"1757473","fromID":"1340907","toID":"1340913","formEdgeID":null},{"edgeID":"1757474","fromID":"1340913","toID":"1340902","formEdgeID":null},{"edgeID":"1757475","fromID":"1340903","toID":"1340914","formEdgeID":null},{"edgeID":"1757476","fromID":"1340914","toID":"1340908","formEdgeID":null},{"edgeID":"1757477","fromID":"1340914","toID":"1340915","formEdgeID":null},{"edgeID":"1757478","fromID":"1340915","toID":"1340913","formEdgeID":null},{"edgeID":"1757479","fromID":"1340918","toID":"1340917","formEdgeID":null},{"edgeID":"1757480","fromID":"1340919","toID":"1340918","formEdgeID":null},{"edgeID":"1757481","fromID":"1340917","toID":"1340920","formEdgeID":null},{"edgeID":"1757482","fromID":"1340920","toID":"1340916","formEdgeID":null},{"edgeID":"1757483","fromID":"1340923","toID":"1340922","formEdgeID":null},{"edgeID":"1757484","fromID":"1340924","toID":"1340923","formEdgeID":null},{"edgeID":"1757485","fromID":"1340922","toID":"1340925","formEdgeID":null},{"edgeID":"1757486","fromID":"1340925","toID":"1340921","formEdgeID":null},{"edgeID":"1757487","fromID":"1340928","toID":"1340927","formEdgeID":null},{"edgeID":"1757488","fromID":"1340929","toID":"1340928","formEdgeID":null},{"edgeID":"1757489","fromID":"1340927","toID":"1340930","formEdgeID":null},{"edgeID":"1757490","fromID":"1340930","toID":"1340926","formEdgeID":null},{"edgeID":"1757491","fromID":"1340933","toID":"1340932","formEdgeID":null},{"edgeID":"1757492","fromID":"1340934","toID":"1340933","formEdgeID":null},{"edgeID":"1757493","fromID":"1340932","toID":"1340935","formEdgeID":null},{"edgeID":"1757494","fromID":"1340935","toID":"1340931","formEdgeID":null},{"edgeID":"1757495","fromID":"1340917","toID":"1340936","formEdgeID":null},{"edgeID":"1757496","fromID":"1340936","toID":"1340922","formEdgeID":null},{"edgeID":"1757497","fromID":"1340916","toID":"1340937","formEdgeID":null},{"edgeID":"1757498","fromID":"1340937","toID":"1340921","formEdgeID":null},{"edgeID":"1757499","fromID":"1340936","toID":"1340938","formEdgeID":null},{"edgeID":"1757500","fromID":"1340938","toID":"1340937","formEdgeID":null},{"edgeID":"1757501","fromID":"1340931","toID":"1340939","formEdgeID":null},{"edgeID":"1757502","fromID":"1340939","toID":"1340926","formEdgeID":null},{"edgeID":"1757503","fromID":"1340927","toID":"1340940","formEdgeID":null},{"edgeID":"1757504","fromID":"1340940","toID":"1340932","formEdgeID":null},{"edgeID":"1757505","fromID":"1340926","toID":"1340941","formEdgeID":null},{"edgeID":"1757506","fromID":"1340941","toID":"1340892","formEdgeID":null},{"edgeID":"1757507","fromID":"1340893","toID":"1340942","formEdgeID":null},{"edgeID":"1757508","fromID":"1340942","toID":"1340927","formEdgeID":null},{"edgeID":"1757509","fromID":"1340942","toID":"1340943","formEdgeID":null},{"edgeID":"1757510","fromID":"1340943","toID":"1340941","formEdgeID":null},{"edgeID":"1757511","fromID":"1340946","toID":"1340945","formEdgeID":null},{"edgeID":"1757512","fromID":"1340947","toID":"1340946","formEdgeID":null},{"edgeID":"1757513","fromID":"1340945","toID":"1340948","formEdgeID":null},{"edgeID":"1757514","fromID":"1340948","toID":"1340944","formEdgeID":null},{"edgeID":"1757515","fromID":"1340944","toID":"1340949","formEdgeID":null},{"edgeID":"1757516","fromID":"1340949","toID":"1340931","formEdgeID":null},{"edgeID":"1757517","fromID":"1340932","toID":"1340950","formEdgeID":null},{"edgeID":"1757518","fromID":"1340950","toID":"1340945","formEdgeID":null},{"edgeID":"1757519","fromID":"1340953","toID":"1340952","formEdgeID":null},{"edgeID":"1757520","fromID":"1340954","toID":"1340953","formEdgeID":null},{"edgeID":"1757521","fromID":"1340952","toID":"1340955","formEdgeID":null},{"edgeID":"1757522","fromID":"1340955","toID":"1340951","formEdgeID":null},{"edgeID":"1757523","fromID":"1340932","toID":"1340956","formEdgeID":null},{"edgeID":"1757524","fromID":"1340956","toID":"1340952","formEdgeID":null},{"edgeID":"1757525","fromID":"1340951","toID":"1340949","formEdgeID":null},{"edgeID":"1757526","fromID":"1340956","toID":"1340957","formEdgeID":null},{"edgeID":"1757527","fromID":"1340957","toID":"1340949","formEdgeID":null},{"edgeID":"1757528","fromID":"1340960","toID":"1340959","formEdgeID":null},{"edgeID":"1757529","fromID":"1340961","toID":"1340960","formEdgeID":null},{"edgeID":"1757530","fromID":"1340959","toID":"1340962","formEdgeID":null},{"edgeID":"1757531","fromID":"1340962","toID":"1340958","formEdgeID":null},{"edgeID":"1757532","fromID":"1340958","toID":"1340963","formEdgeID":null},{"edgeID":"1757533","fromID":"1340963","toID":"1340926","formEdgeID":null},{"edgeID":"1757534","fromID":"1340927","toID":"1340964","formEdgeID":null},{"edgeID":"1757535","fromID":"1340964","toID":"1340959","formEdgeID":null},{"edgeID":"1757536","fromID":"1340964","toID":"1340965","formEdgeID":null},{"edgeID":"1757537","fromID":"1340965","toID":"1340963","formEdgeID":null},{"edgeID":"1757538","fromID":"1340968","toID":"1340967","formEdgeID":null},{"edgeID":"1757539","fromID":"1340969","toID":"1340968","formEdgeID":null},{"edgeID":"1757540","fromID":"1340967","toID":"1340970","formEdgeID":null},{"edgeID":"1757541","fromID":"1340970","toID":"1340966","formEdgeID":null},{"edgeID":"1757542","fromID":"1340973","toID":"1340972","formEdgeID":null},{"edgeID":"1757543","fromID":"1340974","toID":"1340973","formEdgeID":null},{"edgeID":"1757544","fromID":"1340972","toID":"1340975","formEdgeID":null},{"edgeID":"1757545","fromID":"1340975","toID":"1340971","formEdgeID":null},{"edgeID":"1757546","fromID":"1340966","toID":"1340976","formEdgeID":null},{"edgeID":"1757547","fromID":"1340976","toID":"1340958","formEdgeID":null},{"edgeID":"1757548","fromID":"1340959","toID":"1340977","formEdgeID":null},{"edgeID":"1757549","fromID":"1340977","toID":"1340967","formEdgeID":null},{"edgeID":"1757550","fromID":"1340977","toID":"1340978","formEdgeID":null},{"edgeID":"1757551","fromID":"1340978","toID":"1340976","formEdgeID":null},{"edgeID":"1757552","fromID":"1340958","toID":"1340979","formEdgeID":null},{"edgeID":"1757553","fromID":"1340979","toID":"1340971","formEdgeID":null},{"edgeID":"1757554","fromID":"1340959","toID":"1340980","formEdgeID":null},{"edgeID":"1757555","fromID":"1340980","toID":"1340972","formEdgeID":null},{"edgeID":"1757556","fromID":"1340966","toID":"1340979","formEdgeID":null},{"edgeID":"1757557","fromID":"1340967","toID":"1340981","formEdgeID":null},{"edgeID":"1757558","fromID":"1340981","toID":"1340972","formEdgeID":null},{"edgeID":"1757559","fromID":"1340981","toID":"1340982","formEdgeID":null},{"edgeID":"1757560","fromID":"1340982","toID":"1340979","formEdgeID":null},{"edgeID":"1757561","fromID":"1340985","toID":"1340984","formEdgeID":null},{"edgeID":"1757562","fromID":"1340986","toID":"1340985","formEdgeID":null},{"edgeID":"1757563","fromID":"1340984","toID":"1340987","formEdgeID":null},{"edgeID":"1757564","fromID":"1340987","toID":"1340983","formEdgeID":null},{"edgeID":"1757565","fromID":"1340972","toID":"1340988","formEdgeID":null},{"edgeID":"1757566","fromID":"1340988","toID":"1340984","formEdgeID":null},{"edgeID":"1757567","fromID":"1340988","toID":"1340989","formEdgeID":null},{"edgeID":"1757568","fromID":"1340989","toID":"1340892","formEdgeID":null},{"edgeID":"1757569","fromID":"1340992","toID":"1340991","formEdgeID":null},{"edgeID":"1757570","fromID":"1340993","toID":"1340992","formEdgeID":null},{"edgeID":"1757571","fromID":"1340991","toID":"1340994","formEdgeID":null},{"edgeID":"1757572","fromID":"1340994","toID":"1340990","formEdgeID":null},{"edgeID":"1757573","fromID":"1340990","toID":"1340995","formEdgeID":null},{"edgeID":"1757574","fromID":"1340995","toID":"1340983","formEdgeID":null},{"edgeID":"1757575","fromID":"1340998","toID":"1340997","formEdgeID":null},{"edgeID":"1757576","fromID":"1340999","toID":"1340998","formEdgeID":null},{"edgeID":"1757577","fromID":"1340997","toID":"1341000","formEdgeID":null},{"edgeID":"1757578","fromID":"1341000","toID":"1340996","formEdgeID":null},{"edgeID":"1757579","fromID":"1340996","toID":"1340995","formEdgeID":null},{"edgeID":"1757580","fromID":"1340984","toID":"1341001","formEdgeID":null},{"edgeID":"1757581","fromID":"1341001","toID":"1340991","formEdgeID":null},{"edgeID":"1757582","fromID":"1340984","toID":"1341002","formEdgeID":null},{"edgeID":"1757583","fromID":"1341002","toID":"1340997","formEdgeID":null},{"edgeID":"1757584","fromID":"1341002","toID":"1341003","formEdgeID":null},{"edgeID":"1757585","fromID":"1341003","toID":"1340995","formEdgeID":null},{"edgeID":"1757586","fromID":"1340897","toID":"1341004","formEdgeID":null},{"edgeID":"1757587","fromID":"1341004","toID":"1340892","formEdgeID":null},{"edgeID":"1757588","fromID":"1340902","toID":"1341005","formEdgeID":null},{"edgeID":"1757589","fromID":"1341005","toID":"1340892","formEdgeID":null},{"edgeID":"1757590","fromID":"1340912","toID":"1341006","formEdgeID":null},{"edgeID":"1757591","fromID":"1341006","toID":"1341005","formEdgeID":null},{"edgeID":"1757592","fromID":"1340893","toID":"1341007","formEdgeID":null},{"edgeID":"1757593","fromID":"1341007","toID":"1340898","formEdgeID":null},{"edgeID":"1757594","fromID":"1341007","toID":"1341008","formEdgeID":null},{"edgeID":"1757595","fromID":"1341008","toID":"1341004","formEdgeID":null},{"edgeID":"1757596","fromID":"1340916","toID":"1341009","formEdgeID":null},{"edgeID":"1757597","fromID":"1341009","toID":"1340892","formEdgeID":null},{"edgeID":"1757598","fromID":"1340893","toID":"1341010","formEdgeID":null},{"edgeID":"1757599","fromID":"1341010","toID":"1340917","formEdgeID":null},{"edgeID":"1757600","fromID":"1341010","toID":"1341011","formEdgeID":null},{"edgeID":"1757601","fromID":"1341011","toID":"1341009","formEdgeID":null}],"locutions":[]}