{"nodes":[{"nodeID":"1339616","text":"the truth is, to wake up yet again to stories about breaches of the Ministerial Code, this is on the back of Boris\u2019s problems with the Ministerial Code, Priti Patel\u2019s problems with the Ministerial Code, Hancock\u2019s problem with the Ministerial Code","type":"I","timestamp":"2023-11-09 13:52:36"},{"nodeID":"1339617","text":"David Lammy:  the truth is, to wake up yet again to stories about breaches of the Ministerial Code, this is on the back of Boris\u2019s problems with the Ministerial Code, Priti Patel\u2019s problems with the Ministerial Code, Hancock\u2019s problem with the Mini-","type":"L","timestamp":"2023-11-09 13:52:36"},{"nodeID":"1339618","text":"Analysing","type":"YA","timestamp":"2023-11-09 13:52:36"},{"nodeID":"1339619","text":"Anon: David Lammy:  the truth is, to wake up yet again to stories about breaches of the Ministerial Code, this is on the back of Boris\u2019s problems with the Ministerial Code, Priti Patel\u2019s problems with the Ministerial Code, Hancock\u2019s problem with the Mini-","type":"L","timestamp":"2023-11-09 13:52:36"},{"nodeID":"1339620","text":"Asserting","type":"YA","timestamp":"2023-11-09 13:52:36"},{"nodeID":"1339621","text":"the chain of problems with the Ministerial Code just goes on and on and on","type":"I","timestamp":"2023-11-09 13:52:36"},{"nodeID":"1339622","text":"David Lammy: It just goes on and on and on","type":"L","timestamp":"2023-11-09 13:52:36"},{"nodeID":"1339623","text":"Analysing","type":"YA","timestamp":"2023-11-09 13:52:36"},{"nodeID":"1339624","text":"Anon: David Lammy: It just goes on and on and on","type":"L","timestamp":"2023-11-09 13:52:36"},{"nodeID":"1339625","text":"Asserting","type":"YA","timestamp":"2023-11-09 13:52:36"},{"nodeID":"1339626","text":"Default Transition","type":"TA","timestamp":"2023-11-09 13:52:36"},{"nodeID":"1339627","text":"Home Secretary is a serious office of state","type":"I","timestamp":"2023-11-09 13:52:37"},{"nodeID":"1339628","text":"David Lammy: This is a serious office of state","type":"L","timestamp":"2023-11-09 13:52:37"},{"nodeID":"1339629","text":"Analysing","type":"YA","timestamp":"2023-11-09 13:52:37"},{"nodeID":"1339630","text":"Anon: David Lammy: This is a serious office of state","type":"L","timestamp":"2023-11-09 13:52:37"},{"nodeID":"1339631","text":"Asserting","type":"YA","timestamp":"2023-11-09 13:52:37"},{"nodeID":"1339632","text":"Default Transition","type":"TA","timestamp":"2023-11-09 13:52:37"},{"nodeID":"1339633","text":"Suella Braverman is in the Home Secretary office","type":"I","timestamp":"2023-11-09 13:52:38"},{"nodeID":"1339634","text":"David Lammy: she\u2019s there","type":"L","timestamp":"2023-11-09 13:52:38"},{"nodeID":"1339635","text":"Analysing","type":"YA","timestamp":"2023-11-09 13:52:38"},{"nodeID":"1339636","text":"Anon: David Lammy: she\u2019s there","type":"L","timestamp":"2023-11-09 13:52:38"},{"nodeID":"1339637","text":"Asserting","type":"YA","timestamp":"2023-11-09 13:52:38"},{"nodeID":"1339638","text":"Suella Braverman is in the pocket of the ERG","type":"I","timestamp":"2023-11-09 13:52:38"},{"nodeID":"1339639","text":"David Lammy: she\u2019s in the pocket of the ERG","type":"L","timestamp":"2023-11-09 13:52:38"},{"nodeID":"1339640","text":"Analysing","type":"YA","timestamp":"2023-11-09 13:52:38"},{"nodeID":"1339641","text":"Anon: David Lammy: she\u2019s in the pocket of the ERG","type":"L","timestamp":"2023-11-09 13:52:38"},{"nodeID":"1339642","text":"Asserting","type":"YA","timestamp":"2023-11-09 13:52:38"},{"nodeID":"1339643","text":"Default Transition","type":"TA","timestamp":"2023-11-09 13:52:38"},{"nodeID":"1339644","text":"Default Inference","type":"RA","timestamp":"2023-11-09 13:52:38"},{"nodeID":"1339645","text":"Arguing","type":"YA","timestamp":"2023-11-09 13:52:38"},{"nodeID":"1339646","text":"Default Conflict","type":"CA","timestamp":"2023-11-09 13:52:38"},{"nodeID":"1339647","text":"Default Transition","type":"TA","timestamp":"2023-11-09 13:52:38"},{"nodeID":"1339648","text":"Disagreeing","type":"YA","timestamp":"2023-11-09 13:52:38"},{"nodeID":"1339649","text":"this country is bigger than just the ultra-right of the Conservative Party","type":"I","timestamp":"2023-11-09 13:52:39"},{"nodeID":"1339650","text":"David Lammy: This country is bigger than just the ultra-right of the Conservative Party","type":"L","timestamp":"2023-11-09 13:52:39"},{"nodeID":"1339651","text":"Analysing","type":"YA","timestamp":"2023-11-09 13:52:39"},{"nodeID":"1339652","text":"Anon: David Lammy: This country is bigger than just the ultra-right of the Conservative Party","type":"L","timestamp":"2023-11-09 13:52:39"},{"nodeID":"1339653","text":"Asserting","type":"YA","timestamp":"2023-11-09 13:52:39"},{"nodeID":"1339654","text":"Default Transition","type":"TA","timestamp":"2023-11-09 13:52:39"},{"nodeID":"1339655","text":"David Lammy suspects Rishi Sunak is not going to be able to unite his party","type":"I","timestamp":"2023-11-09 13:52:40"},{"nodeID":"1339656","text":"David Lammy: I suspect he\u2019s not going to be able to unite his party","type":"L","timestamp":"2023-11-09 13:52:40"},{"nodeID":"1339657","text":"Analysing","type":"YA","timestamp":"2023-11-09 13:52:40"},{"nodeID":"1339658","text":"Anon: David Lammy: I suspect he\u2019s not going to be able to unite his party","type":"L","timestamp":"2023-11-09 13:52:40"},{"nodeID":"1339659","text":"Asserting","type":"YA","timestamp":"2023-11-09 13:52:40"},{"nodeID":"1339660","text":"Default Transition","type":"TA","timestamp":"2023-11-09 13:52:40"},{"nodeID":"1339661","text":"Default Inference","type":"RA","timestamp":"2023-11-09 13:52:40"},{"nodeID":"1339662","text":"Arguing","type":"YA","timestamp":"2023-11-09 13:52:40"},{"nodeID":"1339663","text":"Rishi Sunak didn\u2019t even get a mandate from his party\u2019s members","type":"I","timestamp":"2023-11-09 13:52:40"},{"nodeID":"1339664","text":"David Lammy: he didn\u2019t even get a mandate from his party\u2019s members","type":"L","timestamp":"2023-11-09 13:52:40"},{"nodeID":"1339665","text":"Analysing","type":"YA","timestamp":"2023-11-09 13:52:40"},{"nodeID":"1339666","text":"Anon: David Lammy: he didn\u2019t even get a mandate from his party\u2019s members","type":"L","timestamp":"2023-11-09 13:52:40"},{"nodeID":"1339667","text":"Asserting","type":"YA","timestamp":"2023-11-09 13:52:40"},{"nodeID":"1339668","text":"Default Transition","type":"TA","timestamp":"2023-11-09 13:52:40"},{"nodeID":"1339669","text":"Rishi Sunak's party members rejected him in the summer","type":"I","timestamp":"2023-11-09 13:52:41"},{"nodeID":"1339670","text":"David Lammy: They rejected him in the summer","type":"L","timestamp":"2023-11-09 13:52:41"},{"nodeID":"1339671","text":"Analysing","type":"YA","timestamp":"2023-11-09 13:52:41"},{"nodeID":"1339672","text":"Anon: David Lammy: They rejected him in the summer","type":"L","timestamp":"2023-11-09 13:52:41"},{"nodeID":"1339673","text":"Asserting","type":"YA","timestamp":"2023-11-09 13:52:41"},{"nodeID":"1339674","text":"Default Transition","type":"TA","timestamp":"2023-11-09 13:52:41"},{"nodeID":"1339675","text":"Rishi Sunak's party members didn\u2019t put it to them this time round","type":"I","timestamp":"2023-11-09 13:52:41"},{"nodeID":"1339676","text":"David Lammy: they didn\u2019t put it to them this time round","type":"L","timestamp":"2023-11-09 13:52:41"},{"nodeID":"1339677","text":"Analysing","type":"YA","timestamp":"2023-11-09 13:52:41"},{"nodeID":"1339678","text":"Anon: David Lammy: they didn\u2019t put it to them this time round","type":"L","timestamp":"2023-11-09 13:52:41"},{"nodeID":"1339679","text":"Asserting","type":"YA","timestamp":"2023-11-09 13:52:41"},{"nodeID":"1339680","text":"Rishi Sunak's party members thought that Rishi Sunak would get rejected again","type":"I","timestamp":"2023-11-09 13:52:42"},{"nodeID":"1339681","text":"David Lammy: they thought that he\u2019d get rejected again","type":"L","timestamp":"2023-11-09 13:52:42"},{"nodeID":"1339682","text":"Analysing","type":"YA","timestamp":"2023-11-09 13:52:42"},{"nodeID":"1339683","text":"Anon: David Lammy: they thought that he\u2019d get rejected again","type":"L","timestamp":"2023-11-09 13:52:42"},{"nodeID":"1339684","text":"Asserting","type":"YA","timestamp":"2023-11-09 13:52:42"},{"nodeID":"1339685","text":"Default Transition","type":"TA","timestamp":"2023-11-09 13:52:42"},{"nodeID":"1339686","text":"Default Inference","type":"RA","timestamp":"2023-11-09 13:52:42"},{"nodeID":"1339687","text":"Arguing","type":"YA","timestamp":"2023-11-09 13:52:42"},{"nodeID":"1339688","text":"Rishi Sunak's party members never thought of him winning a mandate for the people","type":"I","timestamp":"2023-11-09 13:52:43"},{"nodeID":"1339689","text":"David Lammy: never mind a mandate for the people","type":"L","timestamp":"2023-11-09 13:52:43"},{"nodeID":"1339690","text":"Analysing","type":"YA","timestamp":"2023-11-09 13:52:43"},{"nodeID":"1339691","text":"Anon: David Lammy: never mind a mandate for the people","type":"L","timestamp":"2023-11-09 13:52:43"},{"nodeID":"1339692","text":"Asserting","type":"YA","timestamp":"2023-11-09 13:52:43"},{"nodeID":"1339693","text":"Default Transition","type":"TA","timestamp":"2023-11-09 13:52:43"},{"nodeID":"1339694","text":"what we need is a general election","type":"I","timestamp":"2023-11-09 13:52:43"},{"nodeID":"1339695","text":"David Lammy: what we need is a general election","type":"L","timestamp":"2023-11-09 13:52:43"},{"nodeID":"1339696","text":"Analysing","type":"YA","timestamp":"2023-11-09 13:52:43"},{"nodeID":"1339697","text":"Anon: David Lammy: what we need is a general election","type":"L","timestamp":"2023-11-09 13:52:43"},{"nodeID":"1339698","text":"Asserting","type":"YA","timestamp":"2023-11-09 13:52:43"},{"nodeID":"1339699","text":"Rishi Sunak is not going to cut it","type":"I","timestamp":"2023-11-09 13:52:44"},{"nodeID":"1339700","text":"David Lammy: He\u2019s not going to cut it","type":"L","timestamp":"2023-11-09 13:52:44"},{"nodeID":"1339701","text":"Analysing","type":"YA","timestamp":"2023-11-09 13:52:44"},{"nodeID":"1339702","text":"Anon: David Lammy: He\u2019s not going to cut it","type":"L","timestamp":"2023-11-09 13:52:44"},{"nodeID":"1339703","text":"Asserting","type":"YA","timestamp":"2023-11-09 13:52:44"},{"nodeID":"1339704","text":"Default Transition","type":"TA","timestamp":"2023-11-09 13:52:44"},{"nodeID":"1339705","text":"Default Inference","type":"RA","timestamp":"2023-11-09 13:52:44"},{"nodeID":"1339706","text":"Arguing","type":"YA","timestamp":"2023-11-09 13:52:44"},{"nodeID":"1339707","text":"Default Rephrase","type":"MA","timestamp":"2023-11-09 13:52:44"},{"nodeID":"1339708","text":"Default Transition","type":"TA","timestamp":"2023-11-09 13:52:44"},{"nodeID":"1339709","text":"Restating","type":"YA","timestamp":"2023-11-09 13:52:44"},{"nodeID":"1339710","text":"Default Rephrase","type":"MA","timestamp":"2023-11-09 13:52:44"},{"nodeID":"1339711","text":"Restating","type":"YA","timestamp":"2023-11-09 13:52:44"},{"nodeID":"1339712","text":"Default Inference","type":"RA","timestamp":"2023-11-09 13:52:44"},{"nodeID":"1339713","text":"Default Transition","type":"TA","timestamp":"2023-11-09 13:52:44"},{"nodeID":"1339714","text":"Arguing","type":"YA","timestamp":"2023-11-09 13:52:44"},{"nodeID":"1339715","text":"Default Inference","type":"RA","timestamp":"2023-11-09 13:52:44"},{"nodeID":"1339716","text":"Default Transition","type":"TA","timestamp":"2023-11-09 13:52:44"},{"nodeID":"1339717","text":"Arguing","type":"YA","timestamp":"2023-11-09 13:52:44"}],"edges":[{"edgeID":"1755963","fromID":"1339618","toID":"1339617","formEdgeID":null},{"edgeID":"1755964","fromID":"1339619","toID":"1339618","formEdgeID":null},{"edgeID":"1755965","fromID":"1339617","toID":"1339620","formEdgeID":null},{"edgeID":"1755966","fromID":"1339620","toID":"1339616","formEdgeID":null},{"edgeID":"1755967","fromID":"1339623","toID":"1339622","formEdgeID":null},{"edgeID":"1755968","fromID":"1339624","toID":"1339623","formEdgeID":null},{"edgeID":"1755969","fromID":"1339622","toID":"1339625","formEdgeID":null},{"edgeID":"1755970","fromID":"1339625","toID":"1339621","formEdgeID":null},{"edgeID":"1755971","fromID":"1339617","toID":"1339626","formEdgeID":null},{"edgeID":"1755972","fromID":"1339626","toID":"1339622","formEdgeID":null},{"edgeID":"1755973","fromID":"1339629","toID":"1339628","formEdgeID":null},{"edgeID":"1755974","fromID":"1339630","toID":"1339629","formEdgeID":null},{"edgeID":"1755975","fromID":"1339628","toID":"1339631","formEdgeID":null},{"edgeID":"1755976","fromID":"1339631","toID":"1339627","formEdgeID":null},{"edgeID":"1755977","fromID":"1339622","toID":"1339632","formEdgeID":null},{"edgeID":"1755978","fromID":"1339632","toID":"1339628","formEdgeID":null},{"edgeID":"1755979","fromID":"1339635","toID":"1339634","formEdgeID":null},{"edgeID":"1755980","fromID":"1339636","toID":"1339635","formEdgeID":null},{"edgeID":"1755981","fromID":"1339634","toID":"1339637","formEdgeID":null},{"edgeID":"1755982","fromID":"1339637","toID":"1339633","formEdgeID":null},{"edgeID":"1755983","fromID":"1339640","toID":"1339639","formEdgeID":null},{"edgeID":"1755984","fromID":"1339641","toID":"1339640","formEdgeID":null},{"edgeID":"1755985","fromID":"1339639","toID":"1339642","formEdgeID":null},{"edgeID":"1755986","fromID":"1339642","toID":"1339638","formEdgeID":null},{"edgeID":"1755987","fromID":"1339634","toID":"1339643","formEdgeID":null},{"edgeID":"1755988","fromID":"1339643","toID":"1339639","formEdgeID":null},{"edgeID":"1755989","fromID":"1339638","toID":"1339644","formEdgeID":null},{"edgeID":"1755990","fromID":"1339644","toID":"1339633","formEdgeID":null},{"edgeID":"1755991","fromID":"1339643","toID":"1339645","formEdgeID":null},{"edgeID":"1755992","fromID":"1339645","toID":"1339644","formEdgeID":null},{"edgeID":"1755993","fromID":"1339638","toID":"1339646","formEdgeID":null},{"edgeID":"1755994","fromID":"1339646","toID":"1339627","formEdgeID":null},{"edgeID":"1755995","fromID":"1339628","toID":"1339647","formEdgeID":null},{"edgeID":"1755996","fromID":"1339647","toID":"1339639","formEdgeID":null},{"edgeID":"1755997","fromID":"1339647","toID":"1339648","formEdgeID":null},{"edgeID":"1755998","fromID":"1339648","toID":"1339646","formEdgeID":null},{"edgeID":"1755999","fromID":"1339651","toID":"1339650","formEdgeID":null},{"edgeID":"1756000","fromID":"1339652","toID":"1339651","formEdgeID":null},{"edgeID":"1756001","fromID":"1339650","toID":"1339653","formEdgeID":null},{"edgeID":"1756002","fromID":"1339653","toID":"1339649","formEdgeID":null},{"edgeID":"1756003","fromID":"1339639","toID":"1339654","formEdgeID":null},{"edgeID":"1756004","fromID":"1339654","toID":"1339650","formEdgeID":null},{"edgeID":"1756005","fromID":"1339657","toID":"1339656","formEdgeID":null},{"edgeID":"1756006","fromID":"1339658","toID":"1339657","formEdgeID":null},{"edgeID":"1756007","fromID":"1339656","toID":"1339659","formEdgeID":null},{"edgeID":"1756008","fromID":"1339659","toID":"1339655","formEdgeID":null},{"edgeID":"1756009","fromID":"1339650","toID":"1339660","formEdgeID":null},{"edgeID":"1756010","fromID":"1339660","toID":"1339656","formEdgeID":null},{"edgeID":"1756011","fromID":"1339649","toID":"1339661","formEdgeID":null},{"edgeID":"1756012","fromID":"1339661","toID":"1339655","formEdgeID":null},{"edgeID":"1756013","fromID":"1339660","toID":"1339662","formEdgeID":null},{"edgeID":"1756014","fromID":"1339662","toID":"1339661","formEdgeID":null},{"edgeID":"1756015","fromID":"1339665","toID":"1339664","formEdgeID":null},{"edgeID":"1756016","fromID":"1339666","toID":"1339665","formEdgeID":null},{"edgeID":"1756017","fromID":"1339664","toID":"1339667","formEdgeID":null},{"edgeID":"1756018","fromID":"1339667","toID":"1339663","formEdgeID":null},{"edgeID":"1756019","fromID":"1339656","toID":"1339668","formEdgeID":null},{"edgeID":"1756020","fromID":"1339668","toID":"1339664","formEdgeID":null},{"edgeID":"1756021","fromID":"1339671","toID":"1339670","formEdgeID":null},{"edgeID":"1756022","fromID":"1339672","toID":"1339671","formEdgeID":null},{"edgeID":"1756023","fromID":"1339670","toID":"1339673","formEdgeID":null},{"edgeID":"1756024","fromID":"1339673","toID":"1339669","formEdgeID":null},{"edgeID":"1756025","fromID":"1339664","toID":"1339674","formEdgeID":null},{"edgeID":"1756026","fromID":"1339674","toID":"1339670","formEdgeID":null},{"edgeID":"1756027","fromID":"1339677","toID":"1339676","formEdgeID":null},{"edgeID":"1756028","fromID":"1339678","toID":"1339677","formEdgeID":null},{"edgeID":"1756029","fromID":"1339676","toID":"1339679","formEdgeID":null},{"edgeID":"1756030","fromID":"1339679","toID":"1339675","formEdgeID":null},{"edgeID":"1756031","fromID":"1339682","toID":"1339681","formEdgeID":null},{"edgeID":"1756032","fromID":"1339683","toID":"1339682","formEdgeID":null},{"edgeID":"1756033","fromID":"1339681","toID":"1339684","formEdgeID":null},{"edgeID":"1756034","fromID":"1339684","toID":"1339680","formEdgeID":null},{"edgeID":"1756035","fromID":"1339676","toID":"1339685","formEdgeID":null},{"edgeID":"1756036","fromID":"1339685","toID":"1339681","formEdgeID":null},{"edgeID":"1756037","fromID":"1339680","toID":"1339686","formEdgeID":null},{"edgeID":"1756038","fromID":"1339686","toID":"1339675","formEdgeID":null},{"edgeID":"1756039","fromID":"1339685","toID":"1339687","formEdgeID":null},{"edgeID":"1756040","fromID":"1339687","toID":"1339686","formEdgeID":null},{"edgeID":"1756041","fromID":"1339690","toID":"1339689","formEdgeID":null},{"edgeID":"1756042","fromID":"1339691","toID":"1339690","formEdgeID":null},{"edgeID":"1756043","fromID":"1339689","toID":"1339692","formEdgeID":null},{"edgeID":"1756044","fromID":"1339692","toID":"1339688","formEdgeID":null},{"edgeID":"1756045","fromID":"1339681","toID":"1339693","formEdgeID":null},{"edgeID":"1756046","fromID":"1339693","toID":"1339689","formEdgeID":null},{"edgeID":"1756047","fromID":"1339696","toID":"1339695","formEdgeID":null},{"edgeID":"1756048","fromID":"1339697","toID":"1339696","formEdgeID":null},{"edgeID":"1756049","fromID":"1339695","toID":"1339698","formEdgeID":null},{"edgeID":"1756050","fromID":"1339698","toID":"1339694","formEdgeID":null},{"edgeID":"1756051","fromID":"1339701","toID":"1339700","formEdgeID":null},{"edgeID":"1756052","fromID":"1339702","toID":"1339701","formEdgeID":null},{"edgeID":"1756053","fromID":"1339700","toID":"1339703","formEdgeID":null},{"edgeID":"1756054","fromID":"1339703","toID":"1339699","formEdgeID":null},{"edgeID":"1756055","fromID":"1339695","toID":"1339704","formEdgeID":null},{"edgeID":"1756056","fromID":"1339704","toID":"1339700","formEdgeID":null},{"edgeID":"1756057","fromID":"1339699","toID":"1339705","formEdgeID":null},{"edgeID":"1756058","fromID":"1339705","toID":"1339694","formEdgeID":null},{"edgeID":"1756059","fromID":"1339704","toID":"1339706","formEdgeID":null},{"edgeID":"1756060","fromID":"1339706","toID":"1339705","formEdgeID":null},{"edgeID":"1756061","fromID":"1339675","toID":"1339707","formEdgeID":null},{"edgeID":"1756062","fromID":"1339707","toID":"1339663","formEdgeID":null},{"edgeID":"1756063","fromID":"1339664","toID":"1339708","formEdgeID":null},{"edgeID":"1756064","fromID":"1339708","toID":"1339676","formEdgeID":null},{"edgeID":"1756065","fromID":"1339708","toID":"1339709","formEdgeID":null},{"edgeID":"1756066","fromID":"1339709","toID":"1339707","formEdgeID":null},{"edgeID":"1756067","fromID":"1339621","toID":"1339710","formEdgeID":null},{"edgeID":"1756068","fromID":"1339710","toID":"1339616","formEdgeID":null},{"edgeID":"1756069","fromID":"1339626","toID":"1339711","formEdgeID":null},{"edgeID":"1756070","fromID":"1339711","toID":"1339710","formEdgeID":null},{"edgeID":"1756071","fromID":"1339655","toID":"1339712","formEdgeID":null},{"edgeID":"1756072","fromID":"1339712","toID":"1339694","formEdgeID":null},{"edgeID":"1756073","fromID":"1339656","toID":"1339713","formEdgeID":null},{"edgeID":"1756074","fromID":"1339713","toID":"1339695","formEdgeID":null},{"edgeID":"1756075","fromID":"1339713","toID":"1339714","formEdgeID":null},{"edgeID":"1756076","fromID":"1339714","toID":"1339712","formEdgeID":null},{"edgeID":"1756077","fromID":"1339675","toID":"1339715","formEdgeID":null},{"edgeID":"1756078","fromID":"1339715","toID":"1339699","formEdgeID":null},{"edgeID":"1756079","fromID":"1339688","toID":"1339715","formEdgeID":null},{"edgeID":"1756080","fromID":"1339669","toID":"1339715","formEdgeID":null},{"edgeID":"1756081","fromID":"1339670","toID":"1339716","formEdgeID":null},{"edgeID":"1756082","fromID":"1339716","toID":"1339700","formEdgeID":null},{"edgeID":"1756083","fromID":"1339676","toID":"1339716","formEdgeID":null},{"edgeID":"1756084","fromID":"1339689","toID":"1339716","formEdgeID":null},{"edgeID":"1756085","fromID":"1339716","toID":"1339717","formEdgeID":null},{"edgeID":"1756086","fromID":"1339717","toID":"1339715","formEdgeID":null}],"locutions":[]}