{"nodes":[{"nodeID":"1339296","text":"what the Labour Government had done, was give money to big urban areas","type":"I","timestamp":"2023-11-09 13:52:09"},{"nodeID":"1339297","text":"Lucy Frazer: what he was saying in relation to that was\u2026what the Labour Government had done, was give money to big urban areas","type":"L","timestamp":"2023-11-09 13:52:09"},{"nodeID":"1339298","text":"Analysing","type":"YA","timestamp":"2023-11-09 13:52:09"},{"nodeID":"1339299","text":"Nette: Lucy Frazer: what he was saying in relation to that was\u2026what the Labour Government had done, was give money to big urban areas","type":"L","timestamp":"2023-11-09 13:52:09"},{"nodeID":"1339300","text":"Rishi Sunak: what the Labour Government had done, was give money to big urban areas","type":"L","timestamp":"2023-11-09 13:52:09"},{"nodeID":"1339301","text":"Analysing","type":"YA","timestamp":"2023-11-09 13:52:09"},{"nodeID":"1339302","text":"Nette: Rishi Sunak: what he was saying in relation to that was\u2026what the Labour Government had done, was give money to big urban areas","type":"L","timestamp":"2023-11-09 13:52:09"},{"nodeID":"1339303","text":"Asserting","type":"YA","timestamp":"2023-11-09 13:52:09"},{"nodeID":"1339304","text":"Asserting","type":"YA","timestamp":"2023-11-09 13:52:09"},{"nodeID":"1339305","text":"disadvantage spreads across the country","type":"I","timestamp":"2023-11-09 13:52:09"},{"nodeID":"1339306","text":"Lucy Frazer: disadvantage spreads across the country","type":"L","timestamp":"2023-11-09 13:52:09"},{"nodeID":"1339307","text":"Analysing","type":"YA","timestamp":"2023-11-09 13:52:09"},{"nodeID":"1339308","text":"Nette: Lucy Frazer: disadvantage spreads across the country","type":"L","timestamp":"2023-11-09 13:52:09"},{"nodeID":"1339309","text":"Asserting","type":"YA","timestamp":"2023-11-09 13:52:09"},{"nodeID":"1339310","text":"Default Transition","type":"TA","timestamp":"2023-11-09 13:52:09"},{"nodeID":"1339311","text":"what we need to do is level up across the country","type":"I","timestamp":"2023-11-09 13:52:10"},{"nodeID":"1339312","text":"Lucy Frazer: what we need to do is level up across the country","type":"L","timestamp":"2023-11-09 13:52:10"},{"nodeID":"1339313","text":"Analysing","type":"YA","timestamp":"2023-11-09 13:52:10"},{"nodeID":"1339314","text":"Nette: Lucy Frazer: what we need to do is level up across the country","type":"L","timestamp":"2023-11-09 13:52:10"},{"nodeID":"1339315","text":"Asserting","type":"YA","timestamp":"2023-11-09 13:52:10"},{"nodeID":"1339316","text":"Default Transition","type":"TA","timestamp":"2023-11-09 13:52:10"},{"nodeID":"1339317","text":"some quite wealthy areas, actually there\u2019s deprivation within them as well","type":"I","timestamp":"2023-11-09 13:52:11"},{"nodeID":"1339318","text":"Lucy Frazer: some quite wealthy areas, actually there\u2019s deprivation within them as well","type":"L","timestamp":"2023-11-09 13:52:11"},{"nodeID":"1339319","text":"Analysing","type":"YA","timestamp":"2023-11-09 13:52:11"},{"nodeID":"1339320","text":"Nette: Lucy Frazer: some quite wealthy areas, actually there\u2019s deprivation within them as well","type":"L","timestamp":"2023-11-09 13:52:11"},{"nodeID":"1339321","text":"Asserting","type":"YA","timestamp":"2023-11-09 13:52:11"},{"nodeID":"1339322","text":"Default Rephrase","type":"MA","timestamp":"2023-11-09 13:52:11"},{"nodeID":"1339323","text":"Default Transition","type":"TA","timestamp":"2023-11-09 13:52:11"},{"nodeID":"1339324","text":"Restating","type":"YA","timestamp":"2023-11-09 13:52:11"},{"nodeID":"1339325","text":"what we need to do is not just level up in big cities, we need to level up across the country and that\u2019s what Rishi Sunak was for","type":"I","timestamp":"2023-11-09 13:52:11"},{"nodeID":"1339326","text":"Lucy Frazer: what we need to do is not just level up in big cities, we need to level up across the country and that\u2019s what he was for","type":"L","timestamp":"2023-11-09 13:52:11"},{"nodeID":"1339327","text":"Analysing","type":"YA","timestamp":"2023-11-09 13:52:11"},{"nodeID":"1339328","text":"Nette: Lucy Frazer: what we need to do is not just level up in big cities, we need to level up across the country and that\u2019s what he was for","type":"L","timestamp":"2023-11-09 13:52:11"},{"nodeID":"1339329","text":"Asserting","type":"YA","timestamp":"2023-11-09 13:52:11"},{"nodeID":"1339330","text":"Default Rephrase","type":"MA","timestamp":"2023-11-09 13:52:11"},{"nodeID":"1339331","text":"Default Transition","type":"TA","timestamp":"2023-11-09 13:52:11"},{"nodeID":"1339332","text":"Restating","type":"YA","timestamp":"2023-11-09 13:52:11"},{"nodeID":"1339333","text":"it\u2019s a little dangerous to tie the economic stability of the country to the markets when what might be beneficial for the markets is not necessarily beneficial for ordinary people, especially in a cost of living crisis","type":"I","timestamp":"2023-11-09 13:52:12"},{"nodeID":"1339334","text":"AudienceMember 20221027QT03: Don\u2019t you think it\u2019s a little dangerous to tie the economic stability of the country to the markets when what might be beneficial for the markets is not necessarily beneficial for ordinary people, especially in a cost of living crisis","type":"L","timestamp":"2023-11-09 13:52:12"},{"nodeID":"1339335","text":"Analysing","type":"YA","timestamp":"2023-11-09 13:52:12"},{"nodeID":"1339336","text":"Nette: AudienceMember 20221027QT03: Don\u2019t you think it\u2019s a little dangerous to tie the economic stability of the country to the markets when what might be beneficial for the markets is not necessarily beneficial for ordinary people, especially in a cost of living crisis","type":"L","timestamp":"2023-11-09 13:52:12"},{"nodeID":"1339337","text":"Asserting","type":"YA","timestamp":"2023-11-09 13:52:12"},{"nodeID":"1339338","text":"Default Transition","type":"TA","timestamp":"2023-11-09 13:52:12"},{"nodeID":"1339339","text":"Default Inference","type":"RA","timestamp":"2023-11-09 13:52:12"},{"nodeID":"1339340","text":"Arguing","type":"YA","timestamp":"2023-11-09 13:52:12"}],"edges":[{"edgeID":"1755583","fromID":"1339298","toID":"1339297","formEdgeID":null},{"edgeID":"1755584","fromID":"1339299","toID":"1339298","formEdgeID":null},{"edgeID":"1755585","fromID":"1339301","toID":"1339300","formEdgeID":null},{"edgeID":"1755586","fromID":"1339302","toID":"1339301","formEdgeID":null},{"edgeID":"1755587","fromID":"1339300","toID":"1339303","formEdgeID":null},{"edgeID":"1755588","fromID":"1339303","toID":"1339296","formEdgeID":null},{"edgeID":"1755589","fromID":"1339297","toID":"1339304","formEdgeID":null},{"edgeID":"1755590","fromID":"1339304","toID":"1339300","formEdgeID":null},{"edgeID":"1755591","fromID":"1339307","toID":"1339306","formEdgeID":null},{"edgeID":"1755592","fromID":"1339308","toID":"1339307","formEdgeID":null},{"edgeID":"1755593","fromID":"1339306","toID":"1339309","formEdgeID":null},{"edgeID":"1755594","fromID":"1339309","toID":"1339305","formEdgeID":null},{"edgeID":"1755595","fromID":"1339297","toID":"1339310","formEdgeID":null},{"edgeID":"1755596","fromID":"1339310","toID":"1339306","formEdgeID":null},{"edgeID":"1755597","fromID":"1339313","toID":"1339312","formEdgeID":null},{"edgeID":"1755598","fromID":"1339314","toID":"1339313","formEdgeID":null},{"edgeID":"1755599","fromID":"1339312","toID":"1339315","formEdgeID":null},{"edgeID":"1755600","fromID":"1339315","toID":"1339311","formEdgeID":null},{"edgeID":"1755601","fromID":"1339306","toID":"1339316","formEdgeID":null},{"edgeID":"1755602","fromID":"1339316","toID":"1339312","formEdgeID":null},{"edgeID":"1755603","fromID":"1339319","toID":"1339318","formEdgeID":null},{"edgeID":"1755604","fromID":"1339320","toID":"1339319","formEdgeID":null},{"edgeID":"1755605","fromID":"1339318","toID":"1339321","formEdgeID":null},{"edgeID":"1755606","fromID":"1339321","toID":"1339317","formEdgeID":null},{"edgeID":"1755607","fromID":"1339317","toID":"1339322","formEdgeID":null},{"edgeID":"1755608","fromID":"1339322","toID":"1339305","formEdgeID":null},{"edgeID":"1755609","fromID":"1339306","toID":"1339323","formEdgeID":null},{"edgeID":"1755610","fromID":"1339323","toID":"1339318","formEdgeID":null},{"edgeID":"1755611","fromID":"1339323","toID":"1339324","formEdgeID":null},{"edgeID":"1755612","fromID":"1339324","toID":"1339322","formEdgeID":null},{"edgeID":"1755613","fromID":"1339327","toID":"1339326","formEdgeID":null},{"edgeID":"1755614","fromID":"1339328","toID":"1339327","formEdgeID":null},{"edgeID":"1755615","fromID":"1339326","toID":"1339329","formEdgeID":null},{"edgeID":"1755616","fromID":"1339329","toID":"1339325","formEdgeID":null},{"edgeID":"1755617","fromID":"1339325","toID":"1339330","formEdgeID":null},{"edgeID":"1755618","fromID":"1339330","toID":"1339311","formEdgeID":null},{"edgeID":"1755619","fromID":"1339312","toID":"1339331","formEdgeID":null},{"edgeID":"1755620","fromID":"1339331","toID":"1339326","formEdgeID":null},{"edgeID":"1755621","fromID":"1339331","toID":"1339332","formEdgeID":null},{"edgeID":"1755622","fromID":"1339332","toID":"1339330","formEdgeID":null},{"edgeID":"1755623","fromID":"1339335","toID":"1339334","formEdgeID":null},{"edgeID":"1755624","fromID":"1339336","toID":"1339335","formEdgeID":null},{"edgeID":"1755625","fromID":"1339334","toID":"1339337","formEdgeID":null},{"edgeID":"1755626","fromID":"1339337","toID":"1339333","formEdgeID":null},{"edgeID":"1755627","fromID":"1339326","toID":"1339338","formEdgeID":null},{"edgeID":"1755628","fromID":"1339338","toID":"1339334","formEdgeID":null},{"edgeID":"1755629","fromID":"1339305","toID":"1339339","formEdgeID":null},{"edgeID":"1755630","fromID":"1339339","toID":"1339311","formEdgeID":null},{"edgeID":"1755631","fromID":"1339316","toID":"1339340","formEdgeID":null},{"edgeID":"1755632","fromID":"1339340","toID":"1339339","formEdgeID":null}],"locutions":[]}