{"nodes":[{"nodeID":"1341915","text":"the social care levy is going to happen by doing xxx","type":"I","timestamp":"2023-11-09 13:55:53"},{"nodeID":"1341916","text":"Fiona Bruce: how is it going to happen","type":"L","timestamp":"2023-11-09 13:55:53"},{"nodeID":"1341917","text":"Analysing","type":"YA","timestamp":"2023-11-09 13:55:53"},{"nodeID":"1341918","text":"Anon: Fiona Bruce: how is it going to happen","type":"L","timestamp":"2023-11-09 13:55:53"},{"nodeID":"1341919","text":"Pure Questioning","type":"YA","timestamp":"2023-11-09 13:55:53"},{"nodeID":"1341920","text":"there will still be money for social care","type":"I","timestamp":"2023-11-09 13:55:53"},{"nodeID":"1341921","text":"Lucy Frazer: there will still be money for social care","type":"L","timestamp":"2023-11-09 13:55:53"},{"nodeID":"1341922","text":"Analysing","type":"YA","timestamp":"2023-11-09 13:55:53"},{"nodeID":"1341923","text":"Anon: Lucy Frazer: there will still be money for social care","type":"L","timestamp":"2023-11-09 13:55:53"},{"nodeID":"1341924","text":"Asserting","type":"YA","timestamp":"2023-11-09 13:55:53"},{"nodeID":"1341925","text":"Default Transition","type":"TA","timestamp":"2023-11-09 13:55:53"},{"nodeID":"1341926","text":"Default Rephrase","type":"MA","timestamp":"2023-11-09 13:55:53"},{"nodeID":"1341927","text":"Default Illocuting","type":"YA","timestamp":"2023-11-09 13:55:53"},{"nodeID":"1341928","text":"the money for social care is or is not just going to come from some other pot","type":"I","timestamp":"2023-11-09 13:55:54"},{"nodeID":"1341929","text":"Fiona Bruce: It\u2019s just going to come from some other pot","type":"L","timestamp":"2023-11-09 13:55:54"},{"nodeID":"1341930","text":"Analysing","type":"YA","timestamp":"2023-11-09 13:55:54"},{"nodeID":"1341931","text":"Anon: Fiona Bruce: It\u2019s just going to come from some other pot","type":"L","timestamp":"2023-11-09 13:55:54"},{"nodeID":"1341932","text":"Pure Questioning","type":"YA","timestamp":"2023-11-09 13:55:54"},{"nodeID":"1341933","text":"Default Transition","type":"TA","timestamp":"2023-11-09 13:55:54"},{"nodeID":"1341934","text":"there's significant money for social care, separate to other areas","type":"I","timestamp":"2023-11-09 13:55:55"},{"nodeID":"1341935","text":"Lucy Frazer: Significant money for social care, separate to","type":"L","timestamp":"2023-11-09 13:55:55"},{"nodeID":"1341936","text":"Analysing","type":"YA","timestamp":"2023-11-09 13:55:55"},{"nodeID":"1341937","text":"Anon: Lucy Frazer: Significant money for social care, separate to","type":"L","timestamp":"2023-11-09 13:55:55"},{"nodeID":"1341938","text":"Asserting","type":"YA","timestamp":"2023-11-09 13:55:55"},{"nodeID":"1341939","text":"Default Transition","type":"TA","timestamp":"2023-11-09 13:55:55"},{"nodeID":"1341940","text":"Default Rephrase","type":"MA","timestamp":"2023-11-09 13:55:55"},{"nodeID":"1341941","text":"Default Illocuting","type":"YA","timestamp":"2023-11-09 13:55:55"},{"nodeID":"1341942","text":"there\u2019s significant record sums going into the NHS","type":"I","timestamp":"2023-11-09 13:55:55"},{"nodeID":"1341943","text":"Lucy Frazer: There\u2019s significant record sums going into the NHS","type":"L","timestamp":"2023-11-09 13:55:55"},{"nodeID":"1341944","text":"Analysing","type":"YA","timestamp":"2023-11-09 13:55:55"},{"nodeID":"1341945","text":"Anon: Lucy Frazer: There\u2019s significant record sums going into the NHS","type":"L","timestamp":"2023-11-09 13:55:55"},{"nodeID":"1341946","text":"Asserting","type":"YA","timestamp":"2023-11-09 13:55:55"},{"nodeID":"1341947","text":"Default Transition","type":"TA","timestamp":"2023-11-09 13:55:55"},{"nodeID":"1341948","text":"there's been an increase in the last spending review to NHS funding","type":"I","timestamp":"2023-11-09 13:55:56"},{"nodeID":"1341949","text":"Lucy Frazer: an increase in the last spending review to NHS funding","type":"L","timestamp":"2023-11-09 13:55:56"},{"nodeID":"1341950","text":"Analysing","type":"YA","timestamp":"2023-11-09 13:55:56"},{"nodeID":"1341951","text":"Anon: Lucy Frazer: an increase in the last spending review to NHS funding","type":"L","timestamp":"2023-11-09 13:55:56"},{"nodeID":"1341952","text":"Asserting","type":"YA","timestamp":"2023-11-09 13:55:56"},{"nodeID":"1341953","text":"Default Transition","type":"TA","timestamp":"2023-11-09 13:55:56"},{"nodeID":"1341954","text":"Default Rephrase","type":"MA","timestamp":"2023-11-09 13:55:56"},{"nodeID":"1341955","text":"Restating","type":"YA","timestamp":"2023-11-09 13:55:56"},{"nodeID":"1341956","text":"Default Rephrase","type":"MA","timestamp":"2023-11-09 13:55:56"},{"nodeID":"1341957","text":"Restating","type":"YA","timestamp":"2023-11-09 13:55:56"},{"nodeID":"1341958","text":"the increase in NHS funding would have raised \u00a313 billion a year","type":"I","timestamp":"2023-11-09 13:55:57"},{"nodeID":"1341959","text":"Fiona Bruce:  it would have raised \u00a313 billion a year","type":"L","timestamp":"2023-11-09 13:55:57"},{"nodeID":"1341960","text":"Analysing","type":"YA","timestamp":"2023-11-09 13:55:57"},{"nodeID":"1341961","text":"Anon: Fiona Bruce:  it would have raised \u00a313 billion a year","type":"L","timestamp":"2023-11-09 13:55:57"},{"nodeID":"1341962","text":"Asserting","type":"YA","timestamp":"2023-11-09 13:55:57"},{"nodeID":"1341963","text":"Default Transition","type":"TA","timestamp":"2023-11-09 13:55:57"},{"nodeID":"1341964","text":"Agreeing","type":"YA","timestamp":"2023-11-09 13:55:57"},{"nodeID":"1341965","text":"the increase in NHS funding is or is not going to come from somewhere else","type":"I","timestamp":"2023-11-09 13:55:57"},{"nodeID":"1341966","text":"Fiona Bruce: that\u2019s going to come from somewhere else, is it","type":"L","timestamp":"2023-11-09 13:55:57"},{"nodeID":"1341967","text":"Analysing","type":"YA","timestamp":"2023-11-09 13:55:57"},{"nodeID":"1341968","text":"Anon: Fiona Bruce: that\u2019s going to come from somewhere else, is it","type":"L","timestamp":"2023-11-09 13:55:57"},{"nodeID":"1341969","text":"Pure Questioning","type":"YA","timestamp":"2023-11-09 13:55:57"},{"nodeID":"1341970","text":"Default Transition","type":"TA","timestamp":"2023-11-09 13:55:57"},{"nodeID":"1341971","text":"Default Inference","type":"RA","timestamp":"2023-11-09 13:55:57"},{"nodeID":"1341972","text":"Arguing","type":"YA","timestamp":"2023-11-09 13:55:57"},{"nodeID":"1341973","text":"Lucy Frazer is sure we\u2019ll hear about spending commitments in the spending review on 17 November","type":"I","timestamp":"2023-11-09 13:55:58"},{"nodeID":"1341974","text":"Lucy Frazer: I\u2019m sure we\u2019ll hear about spending commitments in the spending review on 17 November","type":"L","timestamp":"2023-11-09 13:55:58"},{"nodeID":"1341975","text":"Analysing","type":"YA","timestamp":"2023-11-09 13:55:58"},{"nodeID":"1341976","text":"Anon: Lucy Frazer: I\u2019m sure we\u2019ll hear about spending commitments in the spending review on 17 November","type":"L","timestamp":"2023-11-09 13:55:58"},{"nodeID":"1341977","text":"Asserting","type":"YA","timestamp":"2023-11-09 13:55:58"},{"nodeID":"1341978","text":"Default Transition","type":"TA","timestamp":"2023-11-09 13:55:58"},{"nodeID":"1341979","text":"there are many ways of treating people","type":"I","timestamp":"2023-11-09 13:55:59"},{"nodeID":"1341980","text":"Lucy Frazer: there are many ways of treating people","type":"L","timestamp":"2023-11-09 13:55:59"},{"nodeID":"1341981","text":"Analysing","type":"YA","timestamp":"2023-11-09 13:55:59"},{"nodeID":"1341982","text":"Anon: Lucy Frazer: there are many ways of treating people","type":"L","timestamp":"2023-11-09 13:55:59"},{"nodeID":"1341983","text":"Asserting","type":"YA","timestamp":"2023-11-09 13:55:59"},{"nodeID":"1341984","text":"Default Transition","type":"TA","timestamp":"2023-11-09 13:55:59"},{"nodeID":"1341985","text":"we have committed money to diagnostic centres and we\u2019ve got 40 new hospitals","type":"I","timestamp":"2023-11-09 13:55:59"},{"nodeID":"1341986","text":"Lucy Frazer: we have committed money to diagnostic centres and we\u2019ve got 40 new hospitals","type":"L","timestamp":"2023-11-09 13:55:59"},{"nodeID":"1341987","text":"Analysing","type":"YA","timestamp":"2023-11-09 13:55:59"},{"nodeID":"1341988","text":"Anon: Lucy Frazer: we have committed money to diagnostic centres and we\u2019ve got 40 new hospitals","type":"L","timestamp":"2023-11-09 13:55:59"},{"nodeID":"1341989","text":"Asserting","type":"YA","timestamp":"2023-11-09 13:55:59"},{"nodeID":"1341990","text":"Default Transition","type":"TA","timestamp":"2023-11-09 13:55:59"},{"nodeID":"1341991","text":"we haven\u2019t got 40 new hospitals","type":"I","timestamp":"2023-11-09 13:56:00"},{"nodeID":"1341992","text":"Julia Hartley-Brewer: We haven\u2019t got 40 new hospitals","type":"L","timestamp":"2023-11-09 13:56:00"},{"nodeID":"1341993","text":"Analysing","type":"YA","timestamp":"2023-11-09 13:56:00"},{"nodeID":"1341994","text":"Anon: Julia Hartley-Brewer: We haven\u2019t got 40 new hospitals","type":"L","timestamp":"2023-11-09 13:56:00"},{"nodeID":"1341995","text":"Asserting","type":"YA","timestamp":"2023-11-09 13:56:00"},{"nodeID":"1341996","text":"Default Transition","type":"TA","timestamp":"2023-11-09 13:56:00"},{"nodeID":"1341997","text":"Default Conflict","type":"CA","timestamp":"2023-11-09 13:56:00"},{"nodeID":"1341998","text":"Disagreeing","type":"YA","timestamp":"2023-11-09 13:56:00"},{"nodeID":"1341999","text":"Julia Hartley-Brewer: That\u2019s a load of nonsense","type":"L","timestamp":"2023-11-09 13:56:00"},{"nodeID":"1342000","text":"Analysing","type":"YA","timestamp":"2023-11-09 13:56:00"},{"nodeID":"1342001","text":"Anon: Julia Hartley-Brewer: That\u2019s a load of nonsense","type":"L","timestamp":"2023-11-09 13:56:00"},{"nodeID":"1342002","text":"Default Transition","type":"TA","timestamp":"2023-11-09 13:56:00"},{"nodeID":"1342003","text":"Disagreeing","type":"YA","timestamp":"2023-11-09 13:56:00"},{"nodeID":"1342004","text":"there are so many different ways of treating people","type":"I","timestamp":"2023-11-09 13:56:00"},{"nodeID":"1342005","text":"Lucy Frazer: There are so many different ways of","type":"L","timestamp":"2023-11-09 13:56:00"},{"nodeID":"1342006","text":"Analysing","type":"YA","timestamp":"2023-11-09 13:56:00"},{"nodeID":"1342007","text":"Anon: Lucy Frazer: There are so many different ways of","type":"L","timestamp":"2023-11-09 13:56:00"},{"nodeID":"1342008","text":"Asserting","type":"YA","timestamp":"2023-11-09 13:56:00"},{"nodeID":"1342009","text":"Default Rephrase","type":"MA","timestamp":"2023-11-09 13:56:00"},{"nodeID":"1342010","text":"Default Transition","type":"TA","timestamp":"2023-11-09 13:56:00"},{"nodeID":"1342011","text":"Restating","type":"YA","timestamp":"2023-11-09 13:56:00"},{"nodeID":"1342012","text":"Lucy Frazer did just say we have 40 new hospitals","type":"I","timestamp":"2023-11-09 13:56:01"},{"nodeID":"1342013","text":"Fiona Bruce: did you just say we have 40 new hospitals","type":"L","timestamp":"2023-11-09 13:56:01"},{"nodeID":"1342014","text":"Analysing","type":"YA","timestamp":"2023-11-09 13:56:01"},{"nodeID":"1342015","text":"Anon: Fiona Bruce: did you just say we have 40 new hospitals","type":"L","timestamp":"2023-11-09 13:56:01"},{"nodeID":"1342016","text":"Assertive Questioning","type":"YA","timestamp":"2023-11-09 13:56:01"},{"nodeID":"1342017","text":"Default Transition","type":"TA","timestamp":"2023-11-09 13:56:01"},{"nodeID":"1342018","text":"there is a commitment to have 40 new hospitals","type":"I","timestamp":"2023-11-09 13:56:02"},{"nodeID":"1342019","text":"Lucy Frazer: there is a commitment to do that","type":"L","timestamp":"2023-11-09 13:56:02"},{"nodeID":"1342020","text":"Analysing","type":"YA","timestamp":"2023-11-09 13:56:02"},{"nodeID":"1342021","text":"Anon: Lucy Frazer: there is a commitment to do that","type":"L","timestamp":"2023-11-09 13:56:02"},{"nodeID":"1342022","text":"Asserting","type":"YA","timestamp":"2023-11-09 13:56:02"},{"nodeID":"1342023","text":"Default Transition","type":"TA","timestamp":"2023-11-09 13:56:02"},{"nodeID":"1342024","text":"Default Rephrase","type":"MA","timestamp":"2023-11-09 13:56:02"},{"nodeID":"1342025","text":"Default Illocuting","type":"YA","timestamp":"2023-11-09 13:56:02"},{"nodeID":"1342026","text":"we don\u2019t have 40 new hospitals","type":"I","timestamp":"2023-11-09 13:56:02"},{"nodeID":"1342027","text":"Fiona Bruce: we don\u2019t have 40","type":"L","timestamp":"2023-11-09 13:56:02"},{"nodeID":"1342028","text":"Analysing","type":"YA","timestamp":"2023-11-09 13:56:02"},{"nodeID":"1342029","text":"Anon: Fiona Bruce: we don\u2019t have 40","type":"L","timestamp":"2023-11-09 13:56:02"},{"nodeID":"1342030","text":"Asserting","type":"YA","timestamp":"2023-11-09 13:56:02"},{"nodeID":"1342031","text":"Default Conflict","type":"CA","timestamp":"2023-11-09 13:56:02"},{"nodeID":"1342032","text":"Default Transition","type":"TA","timestamp":"2023-11-09 13:56:02"},{"nodeID":"1342033","text":"Disagreeing","type":"YA","timestamp":"2023-11-09 13:56:02"},{"nodeID":"1342034","text":"Fiona Bruce: Julia is right about that","type":"L","timestamp":"2023-11-09 13:56:02"},{"nodeID":"1342035","text":"Analysing","type":"YA","timestamp":"2023-11-09 13:56:02"},{"nodeID":"1342036","text":"Anon: Fiona Bruce: Julia is right about that","type":"L","timestamp":"2023-11-09 13:56:02"},{"nodeID":"1342037","text":"Default Transition","type":"TA","timestamp":"2023-11-09 13:56:02"},{"nodeID":"1342038","text":"Agreeing","type":"YA","timestamp":"2023-11-09 13:56:02"},{"nodeID":"1342039","text":"it\u2019s not even new hospitals, some of it\u2019s just a refurbish of an existing hospital","type":"I","timestamp":"2023-11-09 13:56:03"},{"nodeID":"1342040","text":"Julia Hartley-Brewer: It\u2019s not even new hospitals, some of it\u2019s just a refurbish of an existing hospital","type":"L","timestamp":"2023-11-09 13:56:03"},{"nodeID":"1342041","text":"Analysing","type":"YA","timestamp":"2023-11-09 13:56:03"},{"nodeID":"1342042","text":"Anon: Julia Hartley-Brewer: It\u2019s not even new hospitals, some of it\u2019s just a refurbish of an existing hospital","type":"L","timestamp":"2023-11-09 13:56:03"},{"nodeID":"1342043","text":"Asserting","type":"YA","timestamp":"2023-11-09 13:56:03"},{"nodeID":"1342044","text":"Default Conflict","type":"CA","timestamp":"2023-11-09 13:56:03"},{"nodeID":"1342045","text":"Default Transition","type":"TA","timestamp":"2023-11-09 13:56:03"},{"nodeID":"1342046","text":"Disagreeing","type":"YA","timestamp":"2023-11-09 13:56:03"},{"nodeID":"1342047","text":"Default Inference","type":"RA","timestamp":"2023-11-09 13:56:03"},{"nodeID":"1342048","text":"Arguing","type":"YA","timestamp":"2023-11-09 13:56:03"}],"edges":[{"edgeID":"1758686","fromID":"1341917","toID":"1341916","formEdgeID":null},{"edgeID":"1758687","fromID":"1341918","toID":"1341917","formEdgeID":null},{"edgeID":"1758688","fromID":"1341916","toID":"1341919","formEdgeID":null},{"edgeID":"1758689","fromID":"1341919","toID":"1341915","formEdgeID":null},{"edgeID":"1758690","fromID":"1341922","toID":"1341921","formEdgeID":null},{"edgeID":"1758691","fromID":"1341923","toID":"1341922","formEdgeID":null},{"edgeID":"1758692","fromID":"1341921","toID":"1341924","formEdgeID":null},{"edgeID":"1758693","fromID":"1341924","toID":"1341920","formEdgeID":null},{"edgeID":"1758694","fromID":"1341916","toID":"1341925","formEdgeID":null},{"edgeID":"1758695","fromID":"1341925","toID":"1341921","formEdgeID":null},{"edgeID":"1758696","fromID":"1341920","toID":"1341926","formEdgeID":null},{"edgeID":"1758697","fromID":"1341926","toID":"1341915","formEdgeID":null},{"edgeID":"1758698","fromID":"1341925","toID":"1341927","formEdgeID":null},{"edgeID":"1758699","fromID":"1341927","toID":"1341926","formEdgeID":null},{"edgeID":"1758700","fromID":"1341930","toID":"1341929","formEdgeID":null},{"edgeID":"1758701","fromID":"1341931","toID":"1341930","formEdgeID":null},{"edgeID":"1758702","fromID":"1341929","toID":"1341932","formEdgeID":null},{"edgeID":"1758703","fromID":"1341932","toID":"1341928","formEdgeID":null},{"edgeID":"1758704","fromID":"1341921","toID":"1341933","formEdgeID":null},{"edgeID":"1758705","fromID":"1341933","toID":"1341929","formEdgeID":null},{"edgeID":"1758706","fromID":"1341936","toID":"1341935","formEdgeID":null},{"edgeID":"1758707","fromID":"1341937","toID":"1341936","formEdgeID":null},{"edgeID":"1758708","fromID":"1341935","toID":"1341938","formEdgeID":null},{"edgeID":"1758709","fromID":"1341938","toID":"1341934","formEdgeID":null},{"edgeID":"1758710","fromID":"1341929","toID":"1341939","formEdgeID":null},{"edgeID":"1758711","fromID":"1341939","toID":"1341935","formEdgeID":null},{"edgeID":"1758712","fromID":"1341934","toID":"1341940","formEdgeID":null},{"edgeID":"1758713","fromID":"1341940","toID":"1341928","formEdgeID":null},{"edgeID":"1758714","fromID":"1341939","toID":"1341941","formEdgeID":null},{"edgeID":"1758715","fromID":"1341941","toID":"1341940","formEdgeID":null},{"edgeID":"1758716","fromID":"1341944","toID":"1341943","formEdgeID":null},{"edgeID":"1758717","fromID":"1341945","toID":"1341944","formEdgeID":null},{"edgeID":"1758718","fromID":"1341943","toID":"1341946","formEdgeID":null},{"edgeID":"1758719","fromID":"1341946","toID":"1341942","formEdgeID":null},{"edgeID":"1758720","fromID":"1341935","toID":"1341947","formEdgeID":null},{"edgeID":"1758721","fromID":"1341947","toID":"1341943","formEdgeID":null},{"edgeID":"1758722","fromID":"1341950","toID":"1341949","formEdgeID":null},{"edgeID":"1758723","fromID":"1341951","toID":"1341950","formEdgeID":null},{"edgeID":"1758724","fromID":"1341949","toID":"1341952","formEdgeID":null},{"edgeID":"1758725","fromID":"1341952","toID":"1341948","formEdgeID":null},{"edgeID":"1758726","fromID":"1341943","toID":"1341953","formEdgeID":null},{"edgeID":"1758727","fromID":"1341953","toID":"1341949","formEdgeID":null},{"edgeID":"1758728","fromID":"1341948","toID":"1341954","formEdgeID":null},{"edgeID":"1758729","fromID":"1341954","toID":"1341942","formEdgeID":null},{"edgeID":"1758730","fromID":"1341953","toID":"1341955","formEdgeID":null},{"edgeID":"1758731","fromID":"1341955","toID":"1341954","formEdgeID":null},{"edgeID":"1758732","fromID":"1341942","toID":"1341956","formEdgeID":null},{"edgeID":"1758733","fromID":"1341956","toID":"1341934","formEdgeID":null},{"edgeID":"1758734","fromID":"1341947","toID":"1341957","formEdgeID":null},{"edgeID":"1758735","fromID":"1341957","toID":"1341956","formEdgeID":null},{"edgeID":"1758736","fromID":"1341960","toID":"1341959","formEdgeID":null},{"edgeID":"1758737","fromID":"1341961","toID":"1341960","formEdgeID":null},{"edgeID":"1758738","fromID":"1341959","toID":"1341962","formEdgeID":null},{"edgeID":"1758739","fromID":"1341962","toID":"1341958","formEdgeID":null},{"edgeID":"1758740","fromID":"1341949","toID":"1341963","formEdgeID":null},{"edgeID":"1758741","fromID":"1341963","toID":"1341959","formEdgeID":null},{"edgeID":"1758742","fromID":"1341963","toID":"1341964","formEdgeID":null},{"edgeID":"1758743","fromID":"1341964","toID":"1341948","formEdgeID":null},{"edgeID":"1758744","fromID":"1341967","toID":"1341966","formEdgeID":null},{"edgeID":"1758745","fromID":"1341968","toID":"1341967","formEdgeID":null},{"edgeID":"1758746","fromID":"1341966","toID":"1341969","formEdgeID":null},{"edgeID":"1758747","fromID":"1341969","toID":"1341965","formEdgeID":null},{"edgeID":"1758748","fromID":"1341959","toID":"1341970","formEdgeID":null},{"edgeID":"1758749","fromID":"1341970","toID":"1341966","formEdgeID":null},{"edgeID":"1758750","fromID":"1341958","toID":"1341971","formEdgeID":null},{"edgeID":"1758751","fromID":"1341971","toID":"1341965","formEdgeID":null},{"edgeID":"1758752","fromID":"1341970","toID":"1341972","formEdgeID":null},{"edgeID":"1758753","fromID":"1341972","toID":"1341971","formEdgeID":null},{"edgeID":"1758754","fromID":"1341975","toID":"1341974","formEdgeID":null},{"edgeID":"1758755","fromID":"1341976","toID":"1341975","formEdgeID":null},{"edgeID":"1758756","fromID":"1341974","toID":"1341977","formEdgeID":null},{"edgeID":"1758757","fromID":"1341977","toID":"1341973","formEdgeID":null},{"edgeID":"1758758","fromID":"1341966","toID":"1341978","formEdgeID":null},{"edgeID":"1758759","fromID":"1341978","toID":"1341974","formEdgeID":null},{"edgeID":"1758760","fromID":"1341981","toID":"1341980","formEdgeID":null},{"edgeID":"1758761","fromID":"1341982","toID":"1341981","formEdgeID":null},{"edgeID":"1758762","fromID":"1341980","toID":"1341983","formEdgeID":null},{"edgeID":"1758763","fromID":"1341983","toID":"1341979","formEdgeID":null},{"edgeID":"1758764","fromID":"1341974","toID":"1341984","formEdgeID":null},{"edgeID":"1758765","fromID":"1341984","toID":"1341980","formEdgeID":null},{"edgeID":"1758766","fromID":"1341987","toID":"1341986","formEdgeID":null},{"edgeID":"1758767","fromID":"1341988","toID":"1341987","formEdgeID":null},{"edgeID":"1758768","fromID":"1341986","toID":"1341989","formEdgeID":null},{"edgeID":"1758769","fromID":"1341989","toID":"1341985","formEdgeID":null},{"edgeID":"1758770","fromID":"1341980","toID":"1341990","formEdgeID":null},{"edgeID":"1758771","fromID":"1341990","toID":"1341986","formEdgeID":null},{"edgeID":"1758772","fromID":"1341993","toID":"1341992","formEdgeID":null},{"edgeID":"1758773","fromID":"1341994","toID":"1341993","formEdgeID":null},{"edgeID":"1758774","fromID":"1341992","toID":"1341995","formEdgeID":null},{"edgeID":"1758775","fromID":"1341995","toID":"1341991","formEdgeID":null},{"edgeID":"1758776","fromID":"1341986","toID":"1341996","formEdgeID":null},{"edgeID":"1758777","fromID":"1341996","toID":"1341992","formEdgeID":null},{"edgeID":"1758778","fromID":"1341991","toID":"1341997","formEdgeID":null},{"edgeID":"1758779","fromID":"1341997","toID":"1341985","formEdgeID":null},{"edgeID":"1758780","fromID":"1341996","toID":"1341998","formEdgeID":null},{"edgeID":"1758781","fromID":"1341998","toID":"1341997","formEdgeID":null},{"edgeID":"1758782","fromID":"1342000","toID":"1341999","formEdgeID":null},{"edgeID":"1758783","fromID":"1342001","toID":"1342000","formEdgeID":null},{"edgeID":"1758784","fromID":"1341992","toID":"1342002","formEdgeID":null},{"edgeID":"1758785","fromID":"1342002","toID":"1341999","formEdgeID":null},{"edgeID":"1758786","fromID":"1342002","toID":"1342003","formEdgeID":null},{"edgeID":"1758787","fromID":"1342003","toID":"1341985","formEdgeID":null},{"edgeID":"1758788","fromID":"1342006","toID":"1342005","formEdgeID":null},{"edgeID":"1758789","fromID":"1342007","toID":"1342006","formEdgeID":null},{"edgeID":"1758790","fromID":"1342005","toID":"1342008","formEdgeID":null},{"edgeID":"1758791","fromID":"1342008","toID":"1342004","formEdgeID":null},{"edgeID":"1758792","fromID":"1342004","toID":"1342009","formEdgeID":null},{"edgeID":"1758793","fromID":"1342009","toID":"1341979","formEdgeID":null},{"edgeID":"1758794","fromID":"1341980","toID":"1342010","formEdgeID":null},{"edgeID":"1758795","fromID":"1342010","toID":"1342005","formEdgeID":null},{"edgeID":"1758796","fromID":"1342010","toID":"1342011","formEdgeID":null},{"edgeID":"1758797","fromID":"1342011","toID":"1342009","formEdgeID":null},{"edgeID":"1758798","fromID":"1342014","toID":"1342013","formEdgeID":null},{"edgeID":"1758799","fromID":"1342015","toID":"1342014","formEdgeID":null},{"edgeID":"1758800","fromID":"1342013","toID":"1342016","formEdgeID":null},{"edgeID":"1758801","fromID":"1342016","toID":"1342012","formEdgeID":null},{"edgeID":"1758802","fromID":"1342005","toID":"1342017","formEdgeID":null},{"edgeID":"1758803","fromID":"1342017","toID":"1342013","formEdgeID":null},{"edgeID":"1758804","fromID":"1342020","toID":"1342019","formEdgeID":null},{"edgeID":"1758805","fromID":"1342021","toID":"1342020","formEdgeID":null},{"edgeID":"1758806","fromID":"1342019","toID":"1342022","formEdgeID":null},{"edgeID":"1758807","fromID":"1342022","toID":"1342018","formEdgeID":null},{"edgeID":"1758808","fromID":"1342013","toID":"1342023","formEdgeID":null},{"edgeID":"1758809","fromID":"1342023","toID":"1342019","formEdgeID":null},{"edgeID":"1758810","fromID":"1342018","toID":"1342024","formEdgeID":null},{"edgeID":"1758811","fromID":"1342024","toID":"1342012","formEdgeID":null},{"edgeID":"1758812","fromID":"1342023","toID":"1342025","formEdgeID":null},{"edgeID":"1758813","fromID":"1342025","toID":"1342024","formEdgeID":null},{"edgeID":"1758814","fromID":"1342028","toID":"1342027","formEdgeID":null},{"edgeID":"1758815","fromID":"1342029","toID":"1342028","formEdgeID":null},{"edgeID":"1758816","fromID":"1342027","toID":"1342030","formEdgeID":null},{"edgeID":"1758817","fromID":"1342030","toID":"1342026","formEdgeID":null},{"edgeID":"1758818","fromID":"1342026","toID":"1342031","formEdgeID":null},{"edgeID":"1758819","fromID":"1342031","toID":"1342012","formEdgeID":null},{"edgeID":"1758820","fromID":"1342013","toID":"1342032","formEdgeID":null},{"edgeID":"1758821","fromID":"1342032","toID":"1342027","formEdgeID":null},{"edgeID":"1758822","fromID":"1342032","toID":"1342033","formEdgeID":null},{"edgeID":"1758823","fromID":"1342033","toID":"1342031","formEdgeID":null},{"edgeID":"1758824","fromID":"1342035","toID":"1342034","formEdgeID":null},{"edgeID":"1758825","fromID":"1342036","toID":"1342035","formEdgeID":null},{"edgeID":"1758826","fromID":"1342027","toID":"1342037","formEdgeID":null},{"edgeID":"1758827","fromID":"1342037","toID":"1342034","formEdgeID":null},{"edgeID":"1758828","fromID":"1342037","toID":"1342038","formEdgeID":null},{"edgeID":"1758829","fromID":"1342038","toID":"1341991","formEdgeID":null},{"edgeID":"1758830","fromID":"1342041","toID":"1342040","formEdgeID":null},{"edgeID":"1758831","fromID":"1342042","toID":"1342041","formEdgeID":null},{"edgeID":"1758832","fromID":"1342040","toID":"1342043","formEdgeID":null},{"edgeID":"1758833","fromID":"1342043","toID":"1342039","formEdgeID":null},{"edgeID":"1758834","fromID":"1342039","toID":"1342044","formEdgeID":null},{"edgeID":"1758835","fromID":"1342044","toID":"1342018","formEdgeID":null},{"edgeID":"1758836","fromID":"1342019","toID":"1342045","formEdgeID":null},{"edgeID":"1758837","fromID":"1342045","toID":"1342040","formEdgeID":null},{"edgeID":"1758838","fromID":"1342045","toID":"1342046","formEdgeID":null},{"edgeID":"1758839","fromID":"1342046","toID":"1342044","formEdgeID":null},{"edgeID":"1758840","fromID":"1341979","toID":"1342047","formEdgeID":null},{"edgeID":"1758841","fromID":"1342047","toID":"1341985","formEdgeID":null},{"edgeID":"1758842","fromID":"1341990","toID":"1342048","formEdgeID":null},{"edgeID":"1758843","fromID":"1342048","toID":"1342047","formEdgeID":null}],"locutions":[]}