{"nodes":[{"nodeID":"1341160","text":"Lucy Frazer didn\u2019t have any of the discussions about someone getting a job in exchange for support","type":"I","timestamp":"2023-11-09 13:54:48"},{"nodeID":"1341161","text":"Lucy Frazer: I didn\u2019t have any of those discussions","type":"L","timestamp":"2023-11-09 13:54:48"},{"nodeID":"1341162","text":"Analysing","type":"YA","timestamp":"2023-11-09 13:54:48"},{"nodeID":"1341163","text":"Amelie: Lucy Frazer: I didn\u2019t have any of those discussions","type":"L","timestamp":"2023-11-09 13:54:48"},{"nodeID":"1341164","text":"Asserting","type":"YA","timestamp":"2023-11-09 13:54:48"},{"nodeID":"1341165","text":"economic stability is the heart of everything","type":"I","timestamp":"2023-11-09 13:54:49"},{"nodeID":"1341166","text":"Lucy Frazer: economic stability is the heart of everything","type":"L","timestamp":"2023-11-09 13:54:49"},{"nodeID":"1341167","text":"Analysing","type":"YA","timestamp":"2023-11-09 13:54:49"},{"nodeID":"1341168","text":"Amelie: Lucy Frazer: economic stability is the heart of everything","type":"L","timestamp":"2023-11-09 13:54:49"},{"nodeID":"1341169","text":"Asserting","type":"YA","timestamp":"2023-11-09 13:54:49"},{"nodeID":"1341170","text":"we could have economic stability","type":"I","timestamp":"2023-11-09 13:54:50"},{"nodeID":"1341171","text":"Lucy Frazer: we have economic stability","type":"L","timestamp":"2023-11-09 13:54:50"},{"nodeID":"1341172","text":"Analysing","type":"YA","timestamp":"2023-11-09 13:54:50"},{"nodeID":"1341173","text":"Amelie: Lucy Frazer: we have economic stability","type":"L","timestamp":"2023-11-09 13:54:50"},{"nodeID":"1341174","text":"Asserting","type":"YA","timestamp":"2023-11-09 13:54:50"},{"nodeID":"1341175","text":"economic stability would be the foundation on which we can build all other policies","type":"I","timestamp":"2023-11-09 13:54:50"},{"nodeID":"1341176","text":"Lucy Frazer: that\u2019s the foundation on which we can build all other policies","type":"L","timestamp":"2023-11-09 13:54:50"},{"nodeID":"1341177","text":"Analysing","type":"YA","timestamp":"2023-11-09 13:54:50"},{"nodeID":"1341178","text":"Amelie: Lucy Frazer: that\u2019s the foundation on which we can build all other policies","type":"L","timestamp":"2023-11-09 13:54:50"},{"nodeID":"1341179","text":"Asserting","type":"YA","timestamp":"2023-11-09 13:54:50"},{"nodeID":"1341180","text":"Default Inference","type":"RA","timestamp":"2023-11-09 13:54:50"},{"nodeID":"1341181","text":"Default Transition","type":"TA","timestamp":"2023-11-09 13:54:50"},{"nodeID":"1341182","text":"Arguing","type":"YA","timestamp":"2023-11-09 13:54:50"},{"nodeID":"1341183","text":"Analysing","type":"YA","timestamp":"2023-11-09 13:54:50"},{"nodeID":"1341184","text":"Asserting","type":"YA","timestamp":"2023-11-09 13:54:50"},{"nodeID":"1341185","text":"we could have market stability","type":"I","timestamp":"2023-11-09 13:54:51"},{"nodeID":"1341186","text":"Lucy Frazer: we have market stability","type":"L","timestamp":"2023-11-09 13:54:51"},{"nodeID":"1341187","text":"Analysing","type":"YA","timestamp":"2023-11-09 13:54:51"},{"nodeID":"1341188","text":"Amelie: Lucy Frazer: we have market stability","type":"L","timestamp":"2023-11-09 13:54:51"},{"nodeID":"1341189","text":"Asserting","type":"YA","timestamp":"2023-11-09 13:54:51"},{"nodeID":"1341190","text":"we could support the most vulnerable","type":"I","timestamp":"2023-11-09 13:54:52"},{"nodeID":"1341191","text":"Lucy Frazer: we can support the most vulnerable","type":"L","timestamp":"2023-11-09 13:54:52"},{"nodeID":"1341192","text":"Analysing","type":"YA","timestamp":"2023-11-09 13:54:52"},{"nodeID":"1341193","text":"Amelie: Lucy Frazer: we can support the most vulnerable","type":"L","timestamp":"2023-11-09 13:54:52"},{"nodeID":"1341194","text":"Asserting","type":"YA","timestamp":"2023-11-09 13:54:52"},{"nodeID":"1341195","text":"we could give money to our schools","type":"I","timestamp":"2023-11-09 13:54:52"},{"nodeID":"1341196","text":"Lucy Frazer:  we can give money to our schools","type":"L","timestamp":"2023-11-09 13:54:52"},{"nodeID":"1341197","text":"Analysing","type":"YA","timestamp":"2023-11-09 13:54:52"},{"nodeID":"1341198","text":"Amelie: Lucy Frazer:  we can give money to our schools","type":"L","timestamp":"2023-11-09 13:54:52"},{"nodeID":"1341199","text":"Asserting","type":"YA","timestamp":"2023-11-09 13:54:52"},{"nodeID":"1341200","text":"Default Transition","type":"TA","timestamp":"2023-11-09 13:54:52"},{"nodeID":"1341201","text":"Default Inference","type":"RA","timestamp":"2023-11-09 13:54:52"},{"nodeID":"1341202","text":"Default Rephrase","type":"MA","timestamp":"2023-11-09 13:54:52"},{"nodeID":"1341203","text":"Default Transition","type":"TA","timestamp":"2023-11-09 13:54:52"},{"nodeID":"1341204","text":"Restating","type":"YA","timestamp":"2023-11-09 13:54:52"},{"nodeID":"1341205","text":"Default Transition","type":"TA","timestamp":"2023-11-09 13:54:52"},{"nodeID":"1341206","text":"Default Transition","type":"TA","timestamp":"2023-11-09 13:54:52"},{"nodeID":"1341207","text":"Arguing","type":"YA","timestamp":"2023-11-09 13:54:52"},{"nodeID":"1341208","text":"Default Inference","type":"RA","timestamp":"2023-11-09 13:54:52"},{"nodeID":"1341209","text":"Default Transition","type":"TA","timestamp":"2023-11-09 13:54:52"},{"nodeID":"1341210","text":"Arguing","type":"YA","timestamp":"2023-11-09 13:54:52"},{"nodeID":"1341211","text":"Default Transition","type":"TA","timestamp":"2023-11-09 13:54:52"},{"nodeID":"1341212","text":"Lucy Frazer thinks economic stability is central to ensuring that we can do everything else","type":"I","timestamp":"2023-11-09 13:54:53"},{"nodeID":"1341213","text":"Lucy Frazer: I think economic stability is central to ensuring that we can do everything else","type":"L","timestamp":"2023-11-09 13:54:53"},{"nodeID":"1341214","text":"Analysing","type":"YA","timestamp":"2023-11-09 13:54:53"},{"nodeID":"1341215","text":"Amelie: Lucy Frazer: I think economic stability is central to ensuring that we can do everything else","type":"L","timestamp":"2023-11-09 13:54:53"},{"nodeID":"1341216","text":"Asserting","type":"YA","timestamp":"2023-11-09 13:54:53"},{"nodeID":"1341217","text":"Default Rephrase","type":"MA","timestamp":"2023-11-09 13:54:53"},{"nodeID":"1341218","text":"Default Transition","type":"TA","timestamp":"2023-11-09 13:54:53"},{"nodeID":"1341219","text":"Restating","type":"YA","timestamp":"2023-11-09 13:54:53"},{"nodeID":"1341220","text":"levelling up is or isn't going to fall by the wayside along with other things","type":"I","timestamp":"2023-11-09 13:54:54"},{"nodeID":"1341221","text":"Fiona Bruce: Is that going to fall by the wayside along with other things","type":"L","timestamp":"2023-11-09 13:54:54"},{"nodeID":"1341222","text":"Analysing","type":"YA","timestamp":"2023-11-09 13:54:54"},{"nodeID":"1341223","text":"Amelie: Fiona Bruce: Is that going to fall by the wayside along with other things","type":"L","timestamp":"2023-11-09 13:54:54"},{"nodeID":"1341224","text":"Pure Questioning","type":"YA","timestamp":"2023-11-09 13:54:54"},{"nodeID":"1341225","text":"levelling up isn't going to fall by the wayside along with other things","type":"I","timestamp":"2023-11-09 13:54:54"},{"nodeID":"1341226","text":"Lucy Frazer: No","type":"L","timestamp":"2023-11-09 13:54:54"},{"nodeID":"1341227","text":"Analysing","type":"YA","timestamp":"2023-11-09 13:54:54"},{"nodeID":"1341228","text":"Amelie: Lucy Frazer: No","type":"L","timestamp":"2023-11-09 13:54:54"},{"nodeID":"1341229","text":"Asserting","type":"YA","timestamp":"2023-11-09 13:54:54"},{"nodeID":"1341230","text":"Default Rephrase","type":"MA","timestamp":"2023-11-09 13:54:54"},{"nodeID":"1341231","text":"Default Transition","type":"TA","timestamp":"2023-11-09 13:54:54"},{"nodeID":"1341232","text":"Default Illocuting","type":"YA","timestamp":"2023-11-09 13:54:54"},{"nodeID":"1341233","text":"the levelling up efforts are or aren't going to have to be cut","type":"I","timestamp":"2023-11-09 13:54:55"},{"nodeID":"1341234","text":"Fiona Bruce: Are they going to have to be cut","type":"L","timestamp":"2023-11-09 13:54:55"},{"nodeID":"1341235","text":"Analysing","type":"YA","timestamp":"2023-11-09 13:54:55"},{"nodeID":"1341236","text":"Amelie: Fiona Bruce: Are they going to have to be cut","type":"L","timestamp":"2023-11-09 13:54:55"},{"nodeID":"1341237","text":"Pure Questioning","type":"YA","timestamp":"2023-11-09 13:54:55"},{"nodeID":"1341238","text":"the levelling up efforts aren't going to have to be cut","type":"I","timestamp":"2023-11-09 13:54:55"},{"nodeID":"1341239","text":"Analysing","type":"YA","timestamp":"2023-11-09 13:54:55"},{"nodeID":"1341240","text":"Asserting","type":"YA","timestamp":"2023-11-09 13:54:55"},{"nodeID":"1341241","text":"Default Rephrase","type":"MA","timestamp":"2023-11-09 13:54:55"},{"nodeID":"1341242","text":"Default Transition","type":"TA","timestamp":"2023-11-09 13:54:55"},{"nodeID":"1341243","text":"Default Illocuting","type":"YA","timestamp":"2023-11-09 13:54:55"},{"nodeID":"1341244","text":"Lucy Frazer was in a meeting today","type":"I","timestamp":"2023-11-09 13:54:56"},{"nodeID":"1341245","text":"Lucy Frazer: I was in a meeting today","type":"L","timestamp":"2023-11-09 13:54:56"},{"nodeID":"1341246","text":"Analysing","type":"YA","timestamp":"2023-11-09 13:54:56"},{"nodeID":"1341247","text":"Amelie: Lucy Frazer: I was in a meeting today","type":"L","timestamp":"2023-11-09 13:54:56"},{"nodeID":"1341248","text":"Asserting","type":"YA","timestamp":"2023-11-09 13:54:56"},{"nodeID":"1341249","text":"Lucy Frazer has only been 24 hours in the job","type":"I","timestamp":"2023-11-09 13:54:57"},{"nodeID":"1341250","text":"Lucy Frazer: I\u2019ve only been 24 hours in the job","type":"L","timestamp":"2023-11-09 13:54:57"},{"nodeID":"1341251","text":"Analysing","type":"YA","timestamp":"2023-11-09 13:54:57"},{"nodeID":"1341252","text":"Amelie: Lucy Frazer: I\u2019ve only been 24 hours in the job","type":"L","timestamp":"2023-11-09 13:54:57"},{"nodeID":"1341253","text":"Asserting","type":"YA","timestamp":"2023-11-09 13:54:57"},{"nodeID":"1341254","text":"Default Transition","type":"TA","timestamp":"2023-11-09 13:54:57"},{"nodeID":"1341255","text":"Default Transition","type":"TA","timestamp":"2023-11-09 13:54:57"},{"nodeID":"1341256","text":"Default Transition","type":"TA","timestamp":"2023-11-09 13:54:57"},{"nodeID":"1341257","text":"Default Transition","type":"TA","timestamp":"2023-11-09 13:54:57"},{"nodeID":"1341258","text":"Default Transition","type":"TA","timestamp":"2023-11-09 13:54:57"},{"nodeID":"1341259","text":"Default Transition","type":"TA","timestamp":"2023-11-09 13:54:57"},{"nodeID":"1341260","text":"Default Inference","type":"RA","timestamp":"2023-11-09 13:54:57"},{"nodeID":"1341261","text":"Arguing","type":"YA","timestamp":"2023-11-09 13:54:57"},{"nodeID":"1341262","text":"Default Rephrase","type":"MA","timestamp":"2023-11-09 13:54:57"},{"nodeID":"1341263","text":"Restating","type":"YA","timestamp":"2023-11-09 13:54:57"},{"nodeID":"1341264","text":"Liz Truss had friends in places","type":"I","timestamp":"2023-11-09 13:54:57"},{"nodeID":"1341265","text":"AudienceMember 20221027QT14: had friends in places","type":"L","timestamp":"2023-11-09 13:54:57"},{"nodeID":"1341266","text":"Analysing","type":"YA","timestamp":"2023-11-09 13:54:57"},{"nodeID":"1341267","text":"Amelie: AudienceMember 20221027QT14: had friends in places","type":"L","timestamp":"2023-11-09 13:54:57"},{"nodeID":"1341268","text":"Asserting","type":"YA","timestamp":"2023-11-09 13:54:57"},{"nodeID":"1341269","text":"Liz Truss' friends gave her a job","type":"I","timestamp":"2023-11-09 13:54:58"},{"nodeID":"1341270","text":"AudienceMember 20221027QT14: you give me a job","type":"L","timestamp":"2023-11-09 13:54:58"},{"nodeID":"1341271","text":"Analysing","type":"YA","timestamp":"2023-11-09 13:54:58"},{"nodeID":"1341272","text":"Amelie: AudienceMember 20221027QT14: you give me a job","type":"L","timestamp":"2023-11-09 13:54:58"},{"nodeID":"1341273","text":"Asserting","type":"YA","timestamp":"2023-11-09 13:54:58"},{"nodeID":"1341274","text":"Liz Truss will back her friends","type":"I","timestamp":"2023-11-09 13:54:59"},{"nodeID":"1341275","text":"AudienceMember 20221027QT14: I\u2019ll back you","type":"L","timestamp":"2023-11-09 13:54:59"},{"nodeID":"1341276","text":"Analysing","type":"YA","timestamp":"2023-11-09 13:54:59"},{"nodeID":"1341277","text":"Amelie: AudienceMember 20221027QT14: I\u2019ll back you","type":"L","timestamp":"2023-11-09 13:54:59"},{"nodeID":"1341278","text":"Asserting","type":"YA","timestamp":"2023-11-09 13:54:59"},{"nodeID":"1341279","text":"Default Transition","type":"TA","timestamp":"2023-11-09 13:54:59"},{"nodeID":"1341280","text":"Default Inference","type":"RA","timestamp":"2023-11-09 13:54:59"},{"nodeID":"1341281","text":"Arguing","type":"YA","timestamp":"2023-11-09 13:54:59"},{"nodeID":"1341282","text":"Default Transition","type":"TA","timestamp":"2023-11-09 13:54:59"},{"nodeID":"1341283","text":"Default Inference","type":"RA","timestamp":"2023-11-09 13:54:59"},{"nodeID":"1341284","text":"Arguing","type":"YA","timestamp":"2023-11-09 13:54:59"},{"nodeID":"1341285","text":"Default Conflict","type":"CA","timestamp":"2023-11-09 13:54:59"},{"nodeID":"1341286","text":"Default Transition","type":"TA","timestamp":"2023-11-09 13:54:59"},{"nodeID":"1341287","text":"Disagreeing","type":"YA","timestamp":"2023-11-09 13:54:59"},{"nodeID":"1341288","text":"Lucy Frazer had a meeting today across every portfolio","type":"I","timestamp":"2023-11-09 13:54:59"},{"nodeID":"1341289","text":"Lucy Frazer: I had a meeting today across every portfolio","type":"L","timestamp":"2023-11-09 13:54:59"},{"nodeID":"1341290","text":"Analysing","type":"YA","timestamp":"2023-11-09 13:54:59"},{"nodeID":"1341291","text":"Amelie: Lucy Frazer: I had a meeting today across every portfolio","type":"L","timestamp":"2023-11-09 13:54:59"},{"nodeID":"1341292","text":"Asserting","type":"YA","timestamp":"2023-11-09 13:54:59"},{"nodeID":"1341293","text":"levelling up is here to stay","type":"I","timestamp":"2023-11-09 13:55:00"},{"nodeID":"1341294","text":"Lucy Frazer: levelling up is here to stay","type":"L","timestamp":"2023-11-09 13:55:00"},{"nodeID":"1341295","text":"Analysing","type":"YA","timestamp":"2023-11-09 13:55:00"},{"nodeID":"1341296","text":"Amelie: Lucy Frazer: levelling up is here to stay","type":"L","timestamp":"2023-11-09 13:55:00"},{"nodeID":"1341297","text":"Asserting","type":"YA","timestamp":"2023-11-09 13:55:00"},{"nodeID":"1341298","text":"Default Rephrase","type":"MA","timestamp":"2023-11-09 13:55:00"},{"nodeID":"1341299","text":"Default Transition","type":"TA","timestamp":"2023-11-09 13:55:00"},{"nodeID":"1341300","text":"Restating","type":"YA","timestamp":"2023-11-09 13:55:00"},{"nodeID":"1341301","text":"Default Transition","type":"TA","timestamp":"2023-11-09 13:55:00"},{"nodeID":"1341302","text":"Default Rephrase","type":"MA","timestamp":"2023-11-09 13:55:00"},{"nodeID":"1341303","text":"Restating","type":"YA","timestamp":"2023-11-09 13:55:00"}],"edges":[{"edgeID":"1757777","fromID":"1341162","toID":"1341161","formEdgeID":null},{"edgeID":"1757778","fromID":"1341163","toID":"1341162","formEdgeID":null},{"edgeID":"1757779","fromID":"1341161","toID":"1341164","formEdgeID":null},{"edgeID":"1757780","fromID":"1341164","toID":"1341160","formEdgeID":null},{"edgeID":"1757781","fromID":"1341167","toID":"1341166","formEdgeID":null},{"edgeID":"1757782","fromID":"1341168","toID":"1341167","formEdgeID":null},{"edgeID":"1757783","fromID":"1341166","toID":"1341169","formEdgeID":null},{"edgeID":"1757784","fromID":"1341169","toID":"1341165","formEdgeID":null},{"edgeID":"1757785","fromID":"1341172","toID":"1341171","formEdgeID":null},{"edgeID":"1757786","fromID":"1341173","toID":"1341172","formEdgeID":null},{"edgeID":"1757787","fromID":"1341171","toID":"1341174","formEdgeID":null},{"edgeID":"1757788","fromID":"1341174","toID":"1341170","formEdgeID":null},{"edgeID":"1757789","fromID":"1341177","toID":"1341176","formEdgeID":null},{"edgeID":"1757790","fromID":"1341178","toID":"1341177","formEdgeID":null},{"edgeID":"1757791","fromID":"1341176","toID":"1341179","formEdgeID":null},{"edgeID":"1757792","fromID":"1341179","toID":"1341175","formEdgeID":null},{"edgeID":"1757793","fromID":"1341170","toID":"1341180","formEdgeID":null},{"edgeID":"1757794","fromID":"1341180","toID":"1341175","formEdgeID":null},{"edgeID":"1757795","fromID":"1341171","toID":"1341181","formEdgeID":null},{"edgeID":"1757796","fromID":"1341181","toID":"1341176","formEdgeID":null},{"edgeID":"1757797","fromID":"1341181","toID":"1341182","formEdgeID":null},{"edgeID":"1757798","fromID":"1341182","toID":"1341180","formEdgeID":null},{"edgeID":"1757799","fromID":"1341183","toID":"1341171","formEdgeID":null},{"edgeID":"1757800","fromID":"1341173","toID":"1341183","formEdgeID":null},{"edgeID":"1757801","fromID":"1341171","toID":"1341184","formEdgeID":null},{"edgeID":"1757802","fromID":"1341184","toID":"1341170","formEdgeID":null},{"edgeID":"1757803","fromID":"1341187","toID":"1341186","formEdgeID":null},{"edgeID":"1757804","fromID":"1341188","toID":"1341187","formEdgeID":null},{"edgeID":"1757805","fromID":"1341186","toID":"1341189","formEdgeID":null},{"edgeID":"1757806","fromID":"1341189","toID":"1341185","formEdgeID":null},{"edgeID":"1757807","fromID":"1341192","toID":"1341191","formEdgeID":null},{"edgeID":"1757808","fromID":"1341193","toID":"1341192","formEdgeID":null},{"edgeID":"1757809","fromID":"1341191","toID":"1341194","formEdgeID":null},{"edgeID":"1757810","fromID":"1341194","toID":"1341190","formEdgeID":null},{"edgeID":"1757811","fromID":"1341197","toID":"1341196","formEdgeID":null},{"edgeID":"1757812","fromID":"1341198","toID":"1341197","formEdgeID":null},{"edgeID":"1757813","fromID":"1341196","toID":"1341199","formEdgeID":null},{"edgeID":"1757814","fromID":"1341199","toID":"1341195","formEdgeID":null},{"edgeID":"1757815","fromID":"1341166","toID":"1341200","formEdgeID":null},{"edgeID":"1757816","fromID":"1341200","toID":"1341176","formEdgeID":null},{"edgeID":"1757817","fromID":"1341170","toID":"1341201","formEdgeID":null},{"edgeID":"1757818","fromID":"1341201","toID":"1341190","formEdgeID":null},{"edgeID":"1757819","fromID":"1341185","toID":"1341202","formEdgeID":null},{"edgeID":"1757820","fromID":"1341202","toID":"1341170","formEdgeID":null},{"edgeID":"1757821","fromID":"1341171","toID":"1341203","formEdgeID":null},{"edgeID":"1757822","fromID":"1341203","toID":"1341186","formEdgeID":null},{"edgeID":"1757823","fromID":"1341203","toID":"1341204","formEdgeID":null},{"edgeID":"1757824","fromID":"1341204","toID":"1341202","formEdgeID":null},{"edgeID":"1757825","fromID":"1341191","toID":"1341205","formEdgeID":null},{"edgeID":"1757826","fromID":"1341205","toID":"1341196","formEdgeID":null},{"edgeID":"1757827","fromID":"1341171","toID":"1341206","formEdgeID":null},{"edgeID":"1757828","fromID":"1341206","toID":"1341191","formEdgeID":null},{"edgeID":"1757829","fromID":"1341206","toID":"1341207","formEdgeID":null},{"edgeID":"1757830","fromID":"1341207","toID":"1341201","formEdgeID":null},{"edgeID":"1757831","fromID":"1341190","toID":"1341208","formEdgeID":null},{"edgeID":"1757832","fromID":"1341208","toID":"1341175","formEdgeID":null},{"edgeID":"1757833","fromID":"1341176","toID":"1341209","formEdgeID":null},{"edgeID":"1757834","fromID":"1341209","toID":"1341191","formEdgeID":null},{"edgeID":"1757835","fromID":"1341209","toID":"1341210","formEdgeID":null},{"edgeID":"1757836","fromID":"1341210","toID":"1341208","formEdgeID":null},{"edgeID":"1757837","fromID":"1341176","toID":"1341211","formEdgeID":null},{"edgeID":"1757838","fromID":"1341211","toID":"1341171","formEdgeID":null},{"edgeID":"1757839","fromID":"1341214","toID":"1341213","formEdgeID":null},{"edgeID":"1757840","fromID":"1341215","toID":"1341214","formEdgeID":null},{"edgeID":"1757841","fromID":"1341213","toID":"1341216","formEdgeID":null},{"edgeID":"1757842","fromID":"1341216","toID":"1341212","formEdgeID":null},{"edgeID":"1757843","fromID":"1341212","toID":"1341217","formEdgeID":null},{"edgeID":"1757844","fromID":"1341217","toID":"1341175","formEdgeID":null},{"edgeID":"1757845","fromID":"1341176","toID":"1341218","formEdgeID":null},{"edgeID":"1757846","fromID":"1341218","toID":"1341213","formEdgeID":null},{"edgeID":"1757847","fromID":"1341218","toID":"1341219","formEdgeID":null},{"edgeID":"1757848","fromID":"1341219","toID":"1341217","formEdgeID":null},{"edgeID":"1757849","fromID":"1341222","toID":"1341221","formEdgeID":null},{"edgeID":"1757850","fromID":"1341223","toID":"1341222","formEdgeID":null},{"edgeID":"1757851","fromID":"1341221","toID":"1341224","formEdgeID":null},{"edgeID":"1757852","fromID":"1341224","toID":"1341220","formEdgeID":null},{"edgeID":"1757853","fromID":"1341227","toID":"1341226","formEdgeID":null},{"edgeID":"1757854","fromID":"1341228","toID":"1341227","formEdgeID":null},{"edgeID":"1757855","fromID":"1341226","toID":"1341229","formEdgeID":null},{"edgeID":"1757856","fromID":"1341229","toID":"1341225","formEdgeID":null},{"edgeID":"1757857","fromID":"1341225","toID":"1341230","formEdgeID":null},{"edgeID":"1757858","fromID":"1341230","toID":"1341220","formEdgeID":null},{"edgeID":"1757859","fromID":"1341221","toID":"1341231","formEdgeID":null},{"edgeID":"1757860","fromID":"1341231","toID":"1341226","formEdgeID":null},{"edgeID":"1757861","fromID":"1341231","toID":"1341232","formEdgeID":null},{"edgeID":"1757862","fromID":"1341232","toID":"1341230","formEdgeID":null},{"edgeID":"1757863","fromID":"1341235","toID":"1341234","formEdgeID":null},{"edgeID":"1757864","fromID":"1341236","toID":"1341235","formEdgeID":null},{"edgeID":"1757865","fromID":"1341234","toID":"1341237","formEdgeID":null},{"edgeID":"1757866","fromID":"1341237","toID":"1341233","formEdgeID":null},{"edgeID":"1757867","fromID":"1341239","toID":"1341226","formEdgeID":null},{"edgeID":"1757868","fromID":"1341228","toID":"1341239","formEdgeID":null},{"edgeID":"1757869","fromID":"1341226","toID":"1341240","formEdgeID":null},{"edgeID":"1757870","fromID":"1341240","toID":"1341238","formEdgeID":null},{"edgeID":"1757871","fromID":"1341238","toID":"1341241","formEdgeID":null},{"edgeID":"1757872","fromID":"1341241","toID":"1341233","formEdgeID":null},{"edgeID":"1757873","fromID":"1341234","toID":"1341242","formEdgeID":null},{"edgeID":"1757874","fromID":"1341242","toID":"1341226","formEdgeID":null},{"edgeID":"1757875","fromID":"1341242","toID":"1341243","formEdgeID":null},{"edgeID":"1757876","fromID":"1341243","toID":"1341241","formEdgeID":null},{"edgeID":"1757877","fromID":"1341246","toID":"1341245","formEdgeID":null},{"edgeID":"1757878","fromID":"1341247","toID":"1341246","formEdgeID":null},{"edgeID":"1757879","fromID":"1341245","toID":"1341248","formEdgeID":null},{"edgeID":"1757880","fromID":"1341248","toID":"1341244","formEdgeID":null},{"edgeID":"1757881","fromID":"1341251","toID":"1341250","formEdgeID":null},{"edgeID":"1757882","fromID":"1341252","toID":"1341251","formEdgeID":null},{"edgeID":"1757883","fromID":"1341250","toID":"1341253","formEdgeID":null},{"edgeID":"1757884","fromID":"1341253","toID":"1341249","formEdgeID":null},{"edgeID":"1757885","fromID":"1341245","toID":"1341254","formEdgeID":null},{"edgeID":"1757886","fromID":"1341254","toID":"1341250","formEdgeID":null},{"edgeID":"1757887","fromID":"1341226","toID":"1341255","formEdgeID":null},{"edgeID":"1757888","fromID":"1341255","toID":"1341245","formEdgeID":null},{"edgeID":"1757889","fromID":"1341226","toID":"1341256","formEdgeID":null},{"edgeID":"1757890","fromID":"1341256","toID":"1341234","formEdgeID":null},{"edgeID":"1757891","fromID":"1341213","toID":"1341257","formEdgeID":null},{"edgeID":"1757892","fromID":"1341257","toID":"1341221","formEdgeID":null},{"edgeID":"1757893","fromID":"1341161","toID":"1341258","formEdgeID":null},{"edgeID":"1757894","fromID":"1341258","toID":"1341166","formEdgeID":null},{"edgeID":"1757895","fromID":"1341166","toID":"1341259","formEdgeID":null},{"edgeID":"1757896","fromID":"1341259","toID":"1341171","formEdgeID":null},{"edgeID":"1757897","fromID":"1341175","toID":"1341260","formEdgeID":null},{"edgeID":"1757898","fromID":"1341260","toID":"1341165","formEdgeID":null},{"edgeID":"1757899","fromID":"1341200","toID":"1341261","formEdgeID":null},{"edgeID":"1757900","fromID":"1341261","toID":"1341260","formEdgeID":null},{"edgeID":"1757901","fromID":"1341195","toID":"1341262","formEdgeID":null},{"edgeID":"1757902","fromID":"1341262","toID":"1341190","formEdgeID":null},{"edgeID":"1757903","fromID":"1341205","toID":"1341263","formEdgeID":null},{"edgeID":"1757904","fromID":"1341263","toID":"1341262","formEdgeID":null},{"edgeID":"1757905","fromID":"1341266","toID":"1341265","formEdgeID":null},{"edgeID":"1757906","fromID":"1341267","toID":"1341266","formEdgeID":null},{"edgeID":"1757907","fromID":"1341265","toID":"1341268","formEdgeID":null},{"edgeID":"1757908","fromID":"1341268","toID":"1341264","formEdgeID":null},{"edgeID":"1757909","fromID":"1341271","toID":"1341270","formEdgeID":null},{"edgeID":"1757910","fromID":"1341272","toID":"1341271","formEdgeID":null},{"edgeID":"1757911","fromID":"1341270","toID":"1341273","formEdgeID":null},{"edgeID":"1757912","fromID":"1341273","toID":"1341269","formEdgeID":null},{"edgeID":"1757913","fromID":"1341276","toID":"1341275","formEdgeID":null},{"edgeID":"1757914","fromID":"1341277","toID":"1341276","formEdgeID":null},{"edgeID":"1757915","fromID":"1341275","toID":"1341278","formEdgeID":null},{"edgeID":"1757916","fromID":"1341278","toID":"1341274","formEdgeID":null},{"edgeID":"1757917","fromID":"1341270","toID":"1341279","formEdgeID":null},{"edgeID":"1757918","fromID":"1341279","toID":"1341275","formEdgeID":null},{"edgeID":"1757919","fromID":"1341269","toID":"1341280","formEdgeID":null},{"edgeID":"1757920","fromID":"1341280","toID":"1341274","formEdgeID":null},{"edgeID":"1757921","fromID":"1341279","toID":"1341281","formEdgeID":null},{"edgeID":"1757922","fromID":"1341281","toID":"1341280","formEdgeID":null},{"edgeID":"1757923","fromID":"1341265","toID":"1341282","formEdgeID":null},{"edgeID":"1757924","fromID":"1341282","toID":"1341270","formEdgeID":null},{"edgeID":"1757925","fromID":"1341264","toID":"1341283","formEdgeID":null},{"edgeID":"1757926","fromID":"1341283","toID":"1341269","formEdgeID":null},{"edgeID":"1757927","fromID":"1341282","toID":"1341284","formEdgeID":null},{"edgeID":"1757928","fromID":"1341284","toID":"1341283","formEdgeID":null},{"edgeID":"1757929","fromID":"1341160","toID":"1341285","formEdgeID":null},{"edgeID":"1757930","fromID":"1341285","toID":"1341269","formEdgeID":null},{"edgeID":"1757931","fromID":"1341270","toID":"1341286","formEdgeID":null},{"edgeID":"1757932","fromID":"1341286","toID":"1341161","formEdgeID":null},{"edgeID":"1757933","fromID":"1341286","toID":"1341287","formEdgeID":null},{"edgeID":"1757934","fromID":"1341287","toID":"1341285","formEdgeID":null},{"edgeID":"1757935","fromID":"1341290","toID":"1341289","formEdgeID":null},{"edgeID":"1757936","fromID":"1341291","toID":"1341290","formEdgeID":null},{"edgeID":"1757937","fromID":"1341289","toID":"1341292","formEdgeID":null},{"edgeID":"1757938","fromID":"1341292","toID":"1341288","formEdgeID":null},{"edgeID":"1757939","fromID":"1341295","toID":"1341294","formEdgeID":null},{"edgeID":"1757940","fromID":"1341296","toID":"1341295","formEdgeID":null},{"edgeID":"1757941","fromID":"1341294","toID":"1341297","formEdgeID":null},{"edgeID":"1757942","fromID":"1341297","toID":"1341293","formEdgeID":null},{"edgeID":"1757943","fromID":"1341288","toID":"1341298","formEdgeID":null},{"edgeID":"1757944","fromID":"1341298","toID":"1341244","formEdgeID":null},{"edgeID":"1757945","fromID":"1341245","toID":"1341299","formEdgeID":null},{"edgeID":"1757946","fromID":"1341299","toID":"1341289","formEdgeID":null},{"edgeID":"1757947","fromID":"1341299","toID":"1341300","formEdgeID":null},{"edgeID":"1757948","fromID":"1341300","toID":"1341298","formEdgeID":null},{"edgeID":"1757949","fromID":"1341226","toID":"1341301","formEdgeID":null},{"edgeID":"1757950","fromID":"1341301","toID":"1341294","formEdgeID":null},{"edgeID":"1757951","fromID":"1341293","toID":"1341302","formEdgeID":null},{"edgeID":"1757952","fromID":"1341302","toID":"1341238","formEdgeID":null},{"edgeID":"1757953","fromID":"1341301","toID":"1341303","formEdgeID":null},{"edgeID":"1757954","fromID":"1341303","toID":"1341302","formEdgeID":null}],"locutions":[]}