{"nodes":[{"nodeID":"1340262","text":"Julia Hartley-Brewer: whether they were Truss-ites","type":"L","timestamp":"2023-11-09 13:53:32"},{"nodeID":"1340263","text":"Julia Hartley-Brewer: or Penny Mordaunt fans","type":"L","timestamp":"2023-11-09 13:53:32"},{"nodeID":"1340264","text":"Julia Hartley-Brewer: he wanted them to be, to paraphrase an American president, spitting out of the tent rather than spitting in","type":"L","timestamp":"2023-11-09 13:53:32"},{"nodeID":"1340265","text":"Julia Hartley-Brewer: or whether they wanted Boris Johnson back","type":"L","timestamp":"2023-11-09 13:53:32"},{"nodeID":"1340266","text":"Default Transition","type":"TA","timestamp":"2023-11-09 13:53:32"},{"nodeID":"1340267","text":"Default Transition","type":"TA","timestamp":"2023-11-09 13:53:32"},{"nodeID":"1340268","text":"Default Transition","type":"TA","timestamp":"2023-11-09 13:53:32"},{"nodeID":"1340269","text":"Julia Hartley-Brewer:  the reality is, he brought a lot of people in","type":"L","timestamp":"2023-11-09 13:53:32"},{"nodeID":"1340270","text":"Julia Hartley-Brewer: I\u2019m thinking of you, Michael Gove","type":"L","timestamp":"2023-11-09 13:53:32"},{"nodeID":"1340271","text":"Default Transition","type":"TA","timestamp":"2023-11-09 13:53:32"},{"nodeID":"1340272","text":"Julia Hartley-Brewer: But the reality is, we need it to work.","type":"L","timestamp":"2023-11-09 13:53:32"},{"nodeID":"1340273","text":"Default Transition","type":"TA","timestamp":"2023-11-09 13:53:32"},{"nodeID":"1340274","text":"Default Transition","type":"TA","timestamp":"2023-11-09 13:53:32"},{"nodeID":"1340275","text":"Default Transition","type":"TA","timestamp":"2023-11-09 13:53:32"},{"nodeID":"1340276","text":"Julia Hartley-Brewer: As he told his MPs, unite or die","type":"L","timestamp":"2023-11-09 13:53:32"},{"nodeID":"1340277","text":"Julia Hartley-Brewer: I do look forward to reading Suella Braverman\u2019s memoirs of her six days in the political wilderness, I think it will make a post-it-note","type":"L","timestamp":"2023-11-09 13:53:32"},{"nodeID":"1340278","text":"AudienceMember 20221027QT04: a big issue for that was levelling up","type":"L","timestamp":"2023-11-09 13:53:32"},{"nodeID":"1340279","text":"Default Transition","type":"TA","timestamp":"2023-11-09 13:53:32"},{"nodeID":"1340280","text":"Julia Hartley-Brewer: he and his party will hope so","type":"L","timestamp":"2023-11-09 13:53:32"},{"nodeID":"1340281","text":"Default Transition","type":"TA","timestamp":"2023-11-09 13:53:32"},{"nodeID":"1340282","text":"AudienceMember 20221027QT04: So Rishi Sunak has derived his legitimacy to govern from the 2019 mandate","type":"L","timestamp":"2023-11-09 13:53:32"},{"nodeID":"1340283","text":"AudienceMember 20221027QT04: and that was fought","type":"L","timestamp":"2023-11-09 13:53:32"},{"nodeID":"1340284","text":"Fiona Bruce: So can Rishi Sunak unite his fractious party?","type":"L","timestamp":"2023-11-09 13:53:32"},{"nodeID":"1340285","text":"Default Transition","type":"TA","timestamp":"2023-11-09 13:53:32"},{"nodeID":"1340286","text":"AudienceMember 20221027QT04: how is it going to happen?","type":"L","timestamp":"2023-11-09 13:53:32"},{"nodeID":"1340287","text":"AudienceMember 20221027QT04: he says tough decisions need to be made economically to get us out of this mess","type":"L","timestamp":"2023-11-09 13:53:32"},{"nodeID":"1340288","text":"Default Transition","type":"TA","timestamp":"2023-11-09 13:53:32"},{"nodeID":"1340289","text":"Default Transition","type":"TA","timestamp":"2023-11-09 13:53:32"},{"nodeID":"1340290","text":"AudienceMember 20221027QT04: So is levelling up still going to happen","type":"L","timestamp":"2023-11-09 13:53:32"},{"nodeID":"1340291","text":"Default Transition","type":"TA","timestamp":"2023-11-09 13:53:32"},{"nodeID":"1340292","text":"Asserting","type":"YA","timestamp":"2023-11-09 13:53:32"},{"nodeID":"1340293","text":"Asserting","type":"YA","timestamp":"2023-11-09 13:53:32"},{"nodeID":"1340294","text":"Asserting","type":"YA","timestamp":"2023-11-09 13:53:32"},{"nodeID":"1340295","text":"Asserting","type":"YA","timestamp":"2023-11-09 13:53:32"},{"nodeID":"1340296","text":"Asserting","type":"YA","timestamp":"2023-11-09 13:53:32"},{"nodeID":"1340297","text":"Asserting","type":"YA","timestamp":"2023-11-09 13:53:32"},{"nodeID":"1340298","text":"Arguing","type":"YA","timestamp":"2023-11-09 13:53:32"},{"nodeID":"1340299","text":"Rishi Sunak : unite or die","type":"L","timestamp":"2023-11-09 13:53:32"},{"nodeID":"1340300","text":"Asserting","type":"YA","timestamp":"2023-11-09 13:53:32"},{"nodeID":"1340301","text":"Default Illocuting","type":"YA","timestamp":"2023-11-09 13:53:32"},{"nodeID":"1340302","text":"Pure Questioning","type":"YA","timestamp":"2023-11-09 13:53:32"},{"nodeID":"1340303","text":"Pure Questioning","type":"YA","timestamp":"2023-11-09 13:53:32"},{"nodeID":"1340304","text":"Asserting","type":"YA","timestamp":"2023-11-09 13:53:32"},{"nodeID":"1340305","text":"Asserting","type":"YA","timestamp":"2023-11-09 13:53:32"},{"nodeID":"1340306","text":"Asserting","type":"YA","timestamp":"2023-11-09 13:53:32"},{"nodeID":"1340307","text":"Pure Questioning","type":"YA","timestamp":"2023-11-09 13:53:32"},{"nodeID":"1340308","text":"Rishi Sunak: tough decisions need to be made economically to get us out of this mess","type":"L","timestamp":"2023-11-09 13:53:32"},{"nodeID":"1340309","text":"Asserting","type":"YA","timestamp":"2023-11-09 13:53:32"},{"nodeID":"1340310","text":"Asserting","type":"YA","timestamp":"2023-11-09 13:53:32"},{"nodeID":"1340311","text":"Asserting","type":"YA","timestamp":"2023-11-09 13:53:32"},{"nodeID":"1340312","text":"Asserting","type":"YA","timestamp":"2023-11-09 13:53:32"},{"nodeID":"1340313","text":"Asserting","type":"YA","timestamp":"2023-11-09 13:53:32"},{"nodeID":"1340314","text":"Asserting","type":"YA","timestamp":"2023-11-09 13:53:32"},{"nodeID":"1340315","text":"Rishi Sunak brought some people into the cabinet who wanted Boris Johnson back","type":"I","timestamp":"2023-11-09 13:53:33"},{"nodeID":"1340316","text":"Rishi Sunak brought in Penny Mordaunt supporters","type":"I","timestamp":"2023-11-09 13:53:34"},{"nodeID":"1340317","text":"Michael Gove was spitting in","type":"I","timestamp":"2023-11-09 13:53:34"},{"nodeID":"1340318","text":"Default Rephrase","type":"MA","timestamp":"2023-11-09 13:53:34"},{"nodeID":"1340319","text":"we need the new office to work","type":"I","timestamp":"2023-11-09 13:53:35"},{"nodeID":"1340320","text":"Default Conflict","type":"CA","timestamp":"2023-11-09 13:53:35"},{"nodeID":"1340321","text":"Default Rephrase","type":"MA","timestamp":"2023-11-09 13:53:35"},{"nodeID":"1340322","text":"Rishi Sunak wanted those in office to be spitting out of the tent rather than spitting in","type":"I","timestamp":"2023-11-09 13:53:36"},{"nodeID":"1340323","text":"Julia Hartley-Brewer looks forward to reading Suella Braverman\u2019s memoirs of her six days in the political wilderness, Julia Hartley-Brewer thinks the memoir will make a post it note","type":"I","timestamp":"2023-11-09 13:53:36"},{"nodeID":"1340324","text":"Rishi Sunak brought in Liz Truss supporters","type":"I","timestamp":"2023-11-09 13:53:37"},{"nodeID":"1340325","text":"Default Rephrase","type":"MA","timestamp":"2023-11-09 13:53:37"},{"nodeID":"1340326","text":"Default Inference","type":"RA","timestamp":"2023-11-09 13:53:37"},{"nodeID":"1340327","text":"a big issue for Rishi Sunak's legitimacy to govern was levelling up","type":"I","timestamp":"2023-11-09 13:53:38"},{"nodeID":"1340328","text":"Default Rephrase","type":"MA","timestamp":"2023-11-09 13:53:38"},{"nodeID":"1340329","text":"Rishi Sunak's legitimacy to govern was fought for","type":"I","timestamp":"2023-11-09 13:53:38"},{"nodeID":"1340330","text":"Default Rephrase","type":"MA","timestamp":"2023-11-09 13:53:38"},{"nodeID":"1340331","text":"Rishi Sunak brought a lot of people into office","type":"I","timestamp":"2023-11-09 13:53:39"},{"nodeID":"1340332","text":"with the tough economic decisions that need to be made, will or will mot levelling up still happen","type":"I","timestamp":"2023-11-09 13:53:39"},{"nodeID":"1340333","text":"Default Rephrase","type":"MA","timestamp":"2023-11-09 13:53:39"},{"nodeID":"1340334","text":"Rishi Sunak is going to make levelling up happen by doing xxx","type":"I","timestamp":"2023-11-09 13:53:40"},{"nodeID":"1340335","text":"Rishi Sunak has derived his legitimacy to govern from the 2019 mandate","type":"I","timestamp":"2023-11-09 13:53:41"},{"nodeID":"1340336","text":"Default Rephrase","type":"MA","timestamp":"2023-11-09 13:53:41"},{"nodeID":"1340337","text":"tough decisions need to be made economically to get the UK out of this mess","type":"I","timestamp":"2023-11-09 13:53:41"},{"nodeID":"1340338","text":"Rishi Sunak and his party hope that he will be able to reunite the party","type":"I","timestamp":"2023-11-09 13:53:42"},{"nodeID":"1340339","text":"Rishi Sunak can or can not unite his fractious party","type":"I","timestamp":"2023-11-09 13:53:43"},{"nodeID":"1340340","text":"Rishi Sunak told the Conservative Party they needed to unite or die","type":"I","timestamp":"2023-11-09 13:53:43"},{"nodeID":"1340341","text":"Analysing","type":"YA","timestamp":"2023-11-09 13:53:43"},{"nodeID":"1340342","text":"Freya : AudienceMember 20221027QT04: So Rishi Sunak has derived his legitimacy to govern from the 2019 mandate","type":"L","timestamp":"2023-11-09 13:53:43"},{"nodeID":"1340343","text":"Analysing","type":"YA","timestamp":"2023-11-09 13:53:43"},{"nodeID":"1340344","text":"Freya : AudienceMember 20221027QT04: and that was fought","type":"L","timestamp":"2023-11-09 13:53:43"},{"nodeID":"1340345","text":"Analysing","type":"YA","timestamp":"2023-11-09 13:53:43"},{"nodeID":"1340346","text":"Freya : AudienceMember 20221027QT04: a big issue for that was levelling up","type":"L","timestamp":"2023-11-09 13:53:43"},{"nodeID":"1340347","text":"Analysing","type":"YA","timestamp":"2023-11-09 13:53:43"},{"nodeID":"1340348","text":"Freya : AudienceMember 20221027QT04: he says tough decisions need to be made economically to get us out of this mess","type":"L","timestamp":"2023-11-09 13:53:43"},{"nodeID":"1340349","text":"Analysing","type":"YA","timestamp":"2023-11-09 13:53:43"},{"nodeID":"1340350","text":"Freya : AudienceMember 20221027QT04: So is levelling up still going to happen","type":"L","timestamp":"2023-11-09 13:53:43"},{"nodeID":"1340351","text":"Analysing","type":"YA","timestamp":"2023-11-09 13:53:43"},{"nodeID":"1340352","text":"Freya : Rishi Sunak: he says tough decisions need to be made economically to get us out of this mess","type":"L","timestamp":"2023-11-09 13:53:43"},{"nodeID":"1340353","text":"Analysing","type":"YA","timestamp":"2023-11-09 13:53:43"},{"nodeID":"1340354","text":"Freya : AudienceMember 20221027QT04: how is it going to happen?","type":"L","timestamp":"2023-11-09 13:53:43"},{"nodeID":"1340355","text":"Analysing","type":"YA","timestamp":"2023-11-09 13:53:43"},{"nodeID":"1340356","text":"Freya : Fiona Bruce: So can Rishi Sunak unite his fractious party?","type":"L","timestamp":"2023-11-09 13:53:43"},{"nodeID":"1340357","text":"Analysing","type":"YA","timestamp":"2023-11-09 13:53:43"},{"nodeID":"1340358","text":"Freya : Julia Hartley-Brewer: he and his party will hope so","type":"L","timestamp":"2023-11-09 13:53:43"},{"nodeID":"1340359","text":"Analysing","type":"YA","timestamp":"2023-11-09 13:53:43"},{"nodeID":"1340360","text":"Freya : Julia Hartley-Brewer: As he told his MPs, unite or die","type":"L","timestamp":"2023-11-09 13:53:43"},{"nodeID":"1340361","text":"Analysing","type":"YA","timestamp":"2023-11-09 13:53:43"},{"nodeID":"1340362","text":"Freya : Rishi Sunak : Julia Hartley-Brewer: As he told his MPs, unite or die","type":"L","timestamp":"2023-11-09 13:53:43"},{"nodeID":"1340363","text":"Analysing","type":"YA","timestamp":"2023-11-09 13:53:43"},{"nodeID":"1340364","text":"Freya : Julia Hartley-Brewer: I do look forward to reading Suella Braverman\u2019s memoirs of her six days in the political wilderness","type":"L","timestamp":"2023-11-09 13:53:43"},{"nodeID":"1340365","text":"Analysing","type":"YA","timestamp":"2023-11-09 13:53:43"},{"nodeID":"1340366","text":"Freya : Julia Hartley-Brewer:  the reality is, he brought a lot of people in","type":"L","timestamp":"2023-11-09 13:53:43"},{"nodeID":"1340367","text":"Analysing","type":"YA","timestamp":"2023-11-09 13:53:43"},{"nodeID":"1340368","text":"Freya : Julia Hartley-Brewer: hether they were Truss-ites","type":"L","timestamp":"2023-11-09 13:53:43"},{"nodeID":"1340369","text":"Analysing","type":"YA","timestamp":"2023-11-09 13:53:43"},{"nodeID":"1340370","text":"Freya : Julia Hartley-Brewer: r Penny Mordaunt fans","type":"L","timestamp":"2023-11-09 13:53:43"},{"nodeID":"1340371","text":"Analysing","type":"YA","timestamp":"2023-11-09 13:53:43"},{"nodeID":"1340372","text":"Freya : Julia Hartley-Brewer: or whether they wanted Boris Johnson back","type":"L","timestamp":"2023-11-09 13:53:43"},{"nodeID":"1340373","text":"Analysing","type":"YA","timestamp":"2023-11-09 13:53:43"},{"nodeID":"1340374","text":"Freya : Julia Hartley-Brewer: he wanted them to be, to paraphrase an American president, spitting out of the tent rather than spitting in","type":"L","timestamp":"2023-11-09 13:53:43"},{"nodeID":"1340375","text":"Analysing","type":"YA","timestamp":"2023-11-09 13:53:43"},{"nodeID":"1340376","text":"Freya : Julia Hartley-Brewer: \u2019m thinking of you, Michael Gove","type":"L","timestamp":"2023-11-09 13:53:43"},{"nodeID":"1340377","text":"Analysing","type":"YA","timestamp":"2023-11-09 13:53:43"},{"nodeID":"1340378","text":"Freya : Julia Hartley-Brewer: But the reality is, we need it to work.","type":"L","timestamp":"2023-11-09 13:53:43"},{"nodeID":"1340379","text":"Restating","type":"YA","timestamp":"2023-11-09 13:53:43"},{"nodeID":"1340380","text":"Restating","type":"YA","timestamp":"2023-11-09 13:53:43"},{"nodeID":"1340381","text":"Default Transition","type":"TA","timestamp":"2023-11-09 13:53:43"},{"nodeID":"1340382","text":"Default Conflict","type":"CA","timestamp":"2023-11-09 13:53:43"},{"nodeID":"1340383","text":"Default Transition","type":"TA","timestamp":"2023-11-09 13:53:43"},{"nodeID":"1340384","text":"Disagreeing","type":"YA","timestamp":"2023-11-09 13:53:43"},{"nodeID":"1340385","text":"Default Inference","type":"RA","timestamp":"2023-11-09 13:53:43"},{"nodeID":"1340386","text":"Arguing","type":"YA","timestamp":"2023-11-09 13:53:43"},{"nodeID":"1340387","text":"Restating","type":"YA","timestamp":"2023-11-09 13:53:43"},{"nodeID":"1340388","text":"Restating","type":"YA","timestamp":"2023-11-09 13:53:43"},{"nodeID":"1340389","text":"Restating","type":"YA","timestamp":"2023-11-09 13:53:43"},{"nodeID":"1340390","text":"Default Inference","type":"RA","timestamp":"2023-11-09 13:53:43"},{"nodeID":"1340391","text":"Default Transition","type":"TA","timestamp":"2023-11-09 13:53:43"},{"nodeID":"1340392","text":"Arguing","type":"YA","timestamp":"2023-11-09 13:53:43"}],"edges":[{"edgeID":"1756711","fromID":"1340341","toID":"1340282","formEdgeID":null},{"edgeID":"1756712","fromID":"1340342","toID":"1340341","formEdgeID":null},{"edgeID":"1756713","fromID":"1340282","toID":"1340312","formEdgeID":null},{"edgeID":"1756714","fromID":"1340312","toID":"1340335","formEdgeID":null},{"edgeID":"1756715","fromID":"1340343","toID":"1340283","formEdgeID":null},{"edgeID":"1756716","fromID":"1340344","toID":"1340343","formEdgeID":null},{"edgeID":"1756717","fromID":"1340283","toID":"1340311","formEdgeID":null},{"edgeID":"1756718","fromID":"1340311","toID":"1340329","formEdgeID":null},{"edgeID":"1756719","fromID":"1340282","toID":"1340288","formEdgeID":null},{"edgeID":"1756720","fromID":"1340288","toID":"1340283","formEdgeID":null},{"edgeID":"1756721","fromID":"1340329","toID":"1340333","formEdgeID":null},{"edgeID":"1756722","fromID":"1340333","toID":"1340335","formEdgeID":null},{"edgeID":"1756723","fromID":"1340345","toID":"1340278","formEdgeID":null},{"edgeID":"1756724","fromID":"1340346","toID":"1340345","formEdgeID":null},{"edgeID":"1756725","fromID":"1340278","toID":"1340310","formEdgeID":null},{"edgeID":"1756726","fromID":"1340310","toID":"1340327","formEdgeID":null},{"edgeID":"1756727","fromID":"1340283","toID":"1340285","formEdgeID":null},{"edgeID":"1756728","fromID":"1340285","toID":"1340278","formEdgeID":null},{"edgeID":"1756729","fromID":"1340327","toID":"1340321","formEdgeID":null},{"edgeID":"1756730","fromID":"1340321","toID":"1340329","formEdgeID":null},{"edgeID":"1756731","fromID":"1340347","toID":"1340287","formEdgeID":null},{"edgeID":"1756732","fromID":"1340348","toID":"1340347","formEdgeID":null},{"edgeID":"1756733","fromID":"1340349","toID":"1340290","formEdgeID":null},{"edgeID":"1756734","fromID":"1340350","toID":"1340349","formEdgeID":null},{"edgeID":"1756735","fromID":"1340290","toID":"1340307","formEdgeID":null},{"edgeID":"1756736","fromID":"1340307","toID":"1340332","formEdgeID":null},{"edgeID":"1756737","fromID":"1340351","toID":"1340308","formEdgeID":null},{"edgeID":"1756738","fromID":"1340352","toID":"1340351","formEdgeID":null},{"edgeID":"1756739","fromID":"1340287","toID":"1340292","formEdgeID":null},{"edgeID":"1756740","fromID":"1340292","toID":"1340308","formEdgeID":null},{"edgeID":"1756741","fromID":"1340308","toID":"1340314","formEdgeID":null},{"edgeID":"1756742","fromID":"1340314","toID":"1340337","formEdgeID":null},{"edgeID":"1756743","fromID":"1340353","toID":"1340286","formEdgeID":null},{"edgeID":"1756744","fromID":"1340354","toID":"1340353","formEdgeID":null},{"edgeID":"1756745","fromID":"1340286","toID":"1340302","formEdgeID":null},{"edgeID":"1756746","fromID":"1340302","toID":"1340334","formEdgeID":null},{"edgeID":"1756747","fromID":"1340290","toID":"1340291","formEdgeID":null},{"edgeID":"1756748","fromID":"1340291","toID":"1340286","formEdgeID":null},{"edgeID":"1756749","fromID":"1340334","toID":"1340328","formEdgeID":null},{"edgeID":"1756750","fromID":"1340328","toID":"1340332","formEdgeID":null},{"edgeID":"1756751","fromID":"1340355","toID":"1340284","formEdgeID":null},{"edgeID":"1756752","fromID":"1340356","toID":"1340355","formEdgeID":null},{"edgeID":"1756753","fromID":"1340284","toID":"1340303","formEdgeID":null},{"edgeID":"1756754","fromID":"1340303","toID":"1340339","formEdgeID":null},{"edgeID":"1756755","fromID":"1340286","toID":"1340289","formEdgeID":null},{"edgeID":"1756756","fromID":"1340289","toID":"1340284","formEdgeID":null},{"edgeID":"1756757","fromID":"1340357","toID":"1340280","formEdgeID":null},{"edgeID":"1756758","fromID":"1340358","toID":"1340357","formEdgeID":null},{"edgeID":"1756759","fromID":"1340280","toID":"1340309","formEdgeID":null},{"edgeID":"1756760","fromID":"1340309","toID":"1340338","formEdgeID":null},{"edgeID":"1756761","fromID":"1340284","toID":"1340281","formEdgeID":null},{"edgeID":"1756762","fromID":"1340281","toID":"1340280","formEdgeID":null},{"edgeID":"1756763","fromID":"1340338","toID":"1340336","formEdgeID":null},{"edgeID":"1756764","fromID":"1340336","toID":"1340339","formEdgeID":null},{"edgeID":"1756765","fromID":"1340281","toID":"1340301","formEdgeID":null},{"edgeID":"1756766","fromID":"1340301","toID":"1340336","formEdgeID":null},{"edgeID":"1756767","fromID":"1340359","toID":"1340276","formEdgeID":null},{"edgeID":"1756768","fromID":"1340360","toID":"1340359","formEdgeID":null},{"edgeID":"1756769","fromID":"1340361","toID":"1340299","formEdgeID":null},{"edgeID":"1756770","fromID":"1340362","toID":"1340361","formEdgeID":null},{"edgeID":"1756771","fromID":"1340276","toID":"1340293","formEdgeID":null},{"edgeID":"1756772","fromID":"1340293","toID":"1340299","formEdgeID":null},{"edgeID":"1756773","fromID":"1340299","toID":"1340313","formEdgeID":null},{"edgeID":"1756774","fromID":"1340313","toID":"1340340","formEdgeID":null},{"edgeID":"1756775","fromID":"1340284","toID":"1340279","formEdgeID":null},{"edgeID":"1756776","fromID":"1340279","toID":"1340276","formEdgeID":null},{"edgeID":"1756777","fromID":"1340363","toID":"1340277","formEdgeID":null},{"edgeID":"1756778","fromID":"1340364","toID":"1340363","formEdgeID":null},{"edgeID":"1756779","fromID":"1340277","toID":"1340296","formEdgeID":null},{"edgeID":"1756780","fromID":"1340296","toID":"1340323","formEdgeID":null},{"edgeID":"1756781","fromID":"1340276","toID":"1340275","formEdgeID":null},{"edgeID":"1756782","fromID":"1340275","toID":"1340277","formEdgeID":null},{"edgeID":"1756783","fromID":"1340365","toID":"1340269","formEdgeID":null},{"edgeID":"1756784","fromID":"1340366","toID":"1340365","formEdgeID":null},{"edgeID":"1756785","fromID":"1340269","toID":"1340300","formEdgeID":null},{"edgeID":"1756786","fromID":"1340300","toID":"1340331","formEdgeID":null},{"edgeID":"1756787","fromID":"1340277","toID":"1340274","formEdgeID":null},{"edgeID":"1756788","fromID":"1340274","toID":"1340269","formEdgeID":null},{"edgeID":"1756789","fromID":"1340323","toID":"1340326","formEdgeID":null},{"edgeID":"1756790","fromID":"1340326","toID":"1340331","formEdgeID":null},{"edgeID":"1756791","fromID":"1340274","toID":"1340298","formEdgeID":null},{"edgeID":"1756792","fromID":"1340298","toID":"1340326","formEdgeID":null},{"edgeID":"1756793","fromID":"1340367","toID":"1340262","formEdgeID":null},{"edgeID":"1756794","fromID":"1340368","toID":"1340367","formEdgeID":null},{"edgeID":"1756795","fromID":"1340262","toID":"1340294","formEdgeID":null},{"edgeID":"1756796","fromID":"1340294","toID":"1340324","formEdgeID":null},{"edgeID":"1756797","fromID":"1340369","toID":"1340263","formEdgeID":null},{"edgeID":"1756798","fromID":"1340370","toID":"1340369","formEdgeID":null},{"edgeID":"1756799","fromID":"1340263","toID":"1340295","formEdgeID":null},{"edgeID":"1756800","fromID":"1340295","toID":"1340316","formEdgeID":null},{"edgeID":"1756801","fromID":"1340269","toID":"1340267","formEdgeID":null},{"edgeID":"1756802","fromID":"1340267","toID":"1340262","formEdgeID":null},{"edgeID":"1756803","fromID":"1340262","toID":"1340268","formEdgeID":null},{"edgeID":"1756804","fromID":"1340268","toID":"1340263","formEdgeID":null},{"edgeID":"1756805","fromID":"1340324","toID":"1340325","formEdgeID":null},{"edgeID":"1756806","fromID":"1340325","toID":"1340331","formEdgeID":null},{"edgeID":"1756807","fromID":"1340316","toID":"1340330","formEdgeID":null},{"edgeID":"1756808","fromID":"1340330","toID":"1340324","formEdgeID":null},{"edgeID":"1756809","fromID":"1340371","toID":"1340265","formEdgeID":null},{"edgeID":"1756810","fromID":"1340372","toID":"1340371","formEdgeID":null},{"edgeID":"1756811","fromID":"1340265","toID":"1340304","formEdgeID":null},{"edgeID":"1756812","fromID":"1340304","toID":"1340315","formEdgeID":null},{"edgeID":"1756813","fromID":"1340315","toID":"1340318","formEdgeID":null},{"edgeID":"1756814","fromID":"1340318","toID":"1340316","formEdgeID":null},{"edgeID":"1756815","fromID":"1340263","toID":"1340266","formEdgeID":null},{"edgeID":"1756816","fromID":"1340266","toID":"1340265","formEdgeID":null},{"edgeID":"1756817","fromID":"1340373","toID":"1340264","formEdgeID":null},{"edgeID":"1756818","fromID":"1340374","toID":"1340373","formEdgeID":null},{"edgeID":"1756819","fromID":"1340264","toID":"1340305","formEdgeID":null},{"edgeID":"1756820","fromID":"1340305","toID":"1340322","formEdgeID":null},{"edgeID":"1756821","fromID":"1340375","toID":"1340270","formEdgeID":null},{"edgeID":"1756822","fromID":"1340376","toID":"1340375","formEdgeID":null},{"edgeID":"1756823","fromID":"1340270","toID":"1340297","formEdgeID":null},{"edgeID":"1756824","fromID":"1340297","toID":"1340317","formEdgeID":null},{"edgeID":"1756825","fromID":"1340317","toID":"1340320","formEdgeID":null},{"edgeID":"1756826","fromID":"1340320","toID":"1340322","formEdgeID":null},{"edgeID":"1756827","fromID":"1340377","toID":"1340272","formEdgeID":null},{"edgeID":"1756828","fromID":"1340378","toID":"1340377","formEdgeID":null},{"edgeID":"1756829","fromID":"1340272","toID":"1340306","formEdgeID":null},{"edgeID":"1756830","fromID":"1340306","toID":"1340319","formEdgeID":null},{"edgeID":"1756831","fromID":"1340264","toID":"1340273","formEdgeID":null},{"edgeID":"1756832","fromID":"1340273","toID":"1340270","formEdgeID":null},{"edgeID":"1756833","fromID":"1340270","toID":"1340271","formEdgeID":null},{"edgeID":"1756834","fromID":"1340271","toID":"1340272","formEdgeID":null},{"edgeID":"1756835","fromID":"1340288","toID":"1340379","formEdgeID":null},{"edgeID":"1756836","fromID":"1340379","toID":"1340333","formEdgeID":null},{"edgeID":"1756837","fromID":"1340285","toID":"1340380","formEdgeID":null},{"edgeID":"1756838","fromID":"1340380","toID":"1340321","formEdgeID":null},{"edgeID":"1756839","fromID":"1340278","toID":"1340381","formEdgeID":null},{"edgeID":"1756840","fromID":"1340381","toID":"1340287","formEdgeID":null},{"edgeID":"1756841","fromID":"1340332","toID":"1340382","formEdgeID":null},{"edgeID":"1756842","fromID":"1340382","toID":"1340327","formEdgeID":null},{"edgeID":"1756843","fromID":"1340278","toID":"1340383","formEdgeID":null},{"edgeID":"1756844","fromID":"1340383","toID":"1340290","formEdgeID":null},{"edgeID":"1756845","fromID":"1340383","toID":"1340384","formEdgeID":null},{"edgeID":"1756846","fromID":"1340384","toID":"1340382","formEdgeID":null},{"edgeID":"1756847","fromID":"1340340","toID":"1340385","formEdgeID":null},{"edgeID":"1756848","fromID":"1340385","toID":"1340338","formEdgeID":null},{"edgeID":"1756849","fromID":"1340279","toID":"1340386","formEdgeID":null},{"edgeID":"1756850","fromID":"1340386","toID":"1340385","formEdgeID":null},{"edgeID":"1756851","fromID":"1340267","toID":"1340387","formEdgeID":null},{"edgeID":"1756852","fromID":"1340387","toID":"1340325","formEdgeID":null},{"edgeID":"1756853","fromID":"1340268","toID":"1340388","formEdgeID":null},{"edgeID":"1756854","fromID":"1340388","toID":"1340330","formEdgeID":null},{"edgeID":"1756855","fromID":"1340266","toID":"1340389","formEdgeID":null},{"edgeID":"1756856","fromID":"1340389","toID":"1340318","formEdgeID":null},{"edgeID":"1756857","fromID":"1340322","toID":"1340390","formEdgeID":null},{"edgeID":"1756858","fromID":"1340390","toID":"1340331","formEdgeID":null},{"edgeID":"1756859","fromID":"1340269","toID":"1340391","formEdgeID":null},{"edgeID":"1756860","fromID":"1340391","toID":"1340264","formEdgeID":null},{"edgeID":"1756861","fromID":"1340391","toID":"1340392","formEdgeID":null},{"edgeID":"1756862","fromID":"1340392","toID":"1340390","formEdgeID":null}],"locutions":[]}