{"nodes":[{"nodeID":"1351075","text":"look what\u2019s happening in Moscow and in Russia","type":"I","timestamp":"2023-11-09 14:09:48"},{"nodeID":"1351076","text":"Armando Iannucci: look what\u2019s happening in Moscow and in Russia","type":"L","timestamp":"2023-11-09 14:09:48"},{"nodeID":"1351077","text":"Analysing","type":"YA","timestamp":"2023-11-09 14:09:48"},{"nodeID":"1351078","text":"Jordan: Armando Iannucci: look what\u2019s happening in Moscow and in Russia","type":"L","timestamp":"2023-11-09 14:09:48"},{"nodeID":"1351079","text":"Asserting","type":"YA","timestamp":"2023-11-09 14:09:48"},{"nodeID":"1351080","text":"we don\u2019t want that","type":"I","timestamp":"2023-11-09 14:09:49"},{"nodeID":"1351081","text":"Armando Iannucci: We don\u2019t want that","type":"L","timestamp":"2023-11-09 14:09:49"},{"nodeID":"1351082","text":"Analysing","type":"YA","timestamp":"2023-11-09 14:09:49"},{"nodeID":"1351083","text":"Jordan: Armando Iannucci: We don\u2019t want that","type":"L","timestamp":"2023-11-09 14:09:49"},{"nodeID":"1351084","text":"Asserting","type":"YA","timestamp":"2023-11-09 14:09:49"},{"nodeID":"1351085","text":"Default Transition","type":"TA","timestamp":"2023-11-09 14:09:49"},{"nodeID":"1351086","text":"Default Rephrase","type":"MA","timestamp":"2023-11-09 14:09:49"},{"nodeID":"1351087","text":"Restating","type":"YA","timestamp":"2023-11-09 14:09:49"},{"nodeID":"1351088","text":"we have laws in the United Kingdom","type":"I","timestamp":"2023-11-09 14:09:50"},{"nodeID":"1351089","text":"Armando Iannucci: We have laws here","type":"L","timestamp":"2023-11-09 14:09:50"},{"nodeID":"1351090","text":"Analysing","type":"YA","timestamp":"2023-11-09 14:09:50"},{"nodeID":"1351091","text":"Jordan: Armando Iannucci: We have laws here","type":"L","timestamp":"2023-11-09 14:09:50"},{"nodeID":"1351092","text":"Asserting","type":"YA","timestamp":"2023-11-09 14:09:50"},{"nodeID":"1351093","text":"Default Transition","type":"TA","timestamp":"2023-11-09 14:09:50"},{"nodeID":"1351094","text":"Default Inference","type":"RA","timestamp":"2023-11-09 14:09:50"},{"nodeID":"1351095","text":"Arguing","type":"YA","timestamp":"2023-11-09 14:09:50"},{"nodeID":"1351096","text":"people transgress the laws","type":"I","timestamp":"2023-11-09 14:09:50"},{"nodeID":"1351097","text":"Armando Iannucci: people transgress them","type":"L","timestamp":"2023-11-09 14:09:50"},{"nodeID":"1351098","text":"Analysing","type":"YA","timestamp":"2023-11-09 14:09:50"},{"nodeID":"1351099","text":"Jordan: Armando Iannucci: people transgress them","type":"L","timestamp":"2023-11-09 14:09:50"},{"nodeID":"1351100","text":"Asserting","type":"YA","timestamp":"2023-11-09 14:09:50"},{"nodeID":"1351101","text":"Default Transition","type":"TA","timestamp":"2023-11-09 14:09:50"},{"nodeID":"1351102","text":"people are causing obstruction","type":"I","timestamp":"2023-11-09 14:09:51"},{"nodeID":"1351103","text":"Armando Iannucci: people are causing obstruction","type":"L","timestamp":"2023-11-09 14:09:51"},{"nodeID":"1351104","text":"Analysing","type":"YA","timestamp":"2023-11-09 14:09:51"},{"nodeID":"1351105","text":"Jordan: Armando Iannucci: people are causing obstruction","type":"L","timestamp":"2023-11-09 14:09:51"},{"nodeID":"1351106","text":"Asserting","type":"YA","timestamp":"2023-11-09 14:09:51"},{"nodeID":"1351107","text":"Default Transition","type":"TA","timestamp":"2023-11-09 14:09:51"},{"nodeID":"1351108","text":"Default Rephrase","type":"MA","timestamp":"2023-11-09 14:09:51"},{"nodeID":"1351109","text":"Restating","type":"YA","timestamp":"2023-11-09 14:09:51"},{"nodeID":"1351110","text":"they\u2019ll be charged","type":"I","timestamp":"2023-11-09 14:09:52"},{"nodeID":"1351111","text":"Armando Iannucci: they\u2019ll be charged","type":"L","timestamp":"2023-11-09 14:09:52"},{"nodeID":"1351112","text":"Analysing","type":"YA","timestamp":"2023-11-09 14:09:52"},{"nodeID":"1351113","text":"Jordan: Armando Iannucci: they\u2019ll be charged","type":"L","timestamp":"2023-11-09 14:09:52"},{"nodeID":"1351114","text":"Asserting","type":"YA","timestamp":"2023-11-09 14:09:52"},{"nodeID":"1351115","text":"Default Transition","type":"TA","timestamp":"2023-11-09 14:09:52"},{"nodeID":"1351116","text":"Default Inference","type":"RA","timestamp":"2023-11-09 14:09:52"},{"nodeID":"1351117","text":"Arguing","type":"YA","timestamp":"2023-11-09 14:09:52"},{"nodeID":"1351118","text":"Default Rephrase","type":"MA","timestamp":"2023-11-09 14:09:52"},{"nodeID":"1351119","text":"Restating","type":"YA","timestamp":"2023-11-09 14:09:52"},{"nodeID":"1351120","text":"the idea that we can\u2019t protest","type":"I","timestamp":"2023-11-09 14:09:52"},{"nodeID":"1351121","text":"Armando Iannucci: the idea that we can\u2019t protest","type":"L","timestamp":"2023-11-09 14:09:52"},{"nodeID":"1351122","text":"Analysing","type":"YA","timestamp":"2023-11-09 14:09:52"},{"nodeID":"1351123","text":"Jordan: Armando Iannucci: the idea that we can\u2019t protest","type":"L","timestamp":"2023-11-09 14:09:52"},{"nodeID":"1351124","text":"Asserting","type":"YA","timestamp":"2023-11-09 14:09:52"},{"nodeID":"1351125","text":"Default Transition","type":"TA","timestamp":"2023-11-09 14:09:52"},{"nodeID":"1351126","text":"there\u2019s a new law saying that we mustn\u2019t make noise when we protest","type":"I","timestamp":"2023-11-09 14:09:53"},{"nodeID":"1351127","text":"Armando Iannucci: there\u2019s a new law saying that we mustn\u2019t make noise when we protest","type":"L","timestamp":"2023-11-09 14:09:53"},{"nodeID":"1351128","text":"Analysing","type":"YA","timestamp":"2023-11-09 14:09:53"},{"nodeID":"1351129","text":"Jordan: Armando Iannucci: there\u2019s a new law saying that we mustn\u2019t make noise when we protest","type":"L","timestamp":"2023-11-09 14:09:53"},{"nodeID":"1351130","text":"Asserting","type":"YA","timestamp":"2023-11-09 14:09:53"},{"nodeID":"1351131","text":"Default Transition","type":"TA","timestamp":"2023-11-09 14:09:53"},{"nodeID":"1351132","text":"it\u2019s a protest","type":"I","timestamp":"2023-11-09 14:09:54"},{"nodeID":"1351133","text":"Armando Iannucci: It\u2019s a protest","type":"L","timestamp":"2023-11-09 14:09:54"},{"nodeID":"1351134","text":"Analysing","type":"YA","timestamp":"2023-11-09 14:09:54"},{"nodeID":"1351135","text":"Jordan: Armando Iannucci: It\u2019s a protest","type":"L","timestamp":"2023-11-09 14:09:54"},{"nodeID":"1351136","text":"Asserting","type":"YA","timestamp":"2023-11-09 14:09:54"},{"nodeID":"1351137","text":"Default Transition","type":"TA","timestamp":"2023-11-09 14:09:54"},{"nodeID":"1351138","text":"noise is part of the definition of protest","type":"I","timestamp":"2023-11-09 14:09:54"},{"nodeID":"1351139","text":"Armando Iannucci: Noise is part of the definition","type":"L","timestamp":"2023-11-09 14:09:54"},{"nodeID":"1351140","text":"Analysing","type":"YA","timestamp":"2023-11-09 14:09:54"},{"nodeID":"1351141","text":"Jordan: Armando Iannucci: Noise is part of the definition","type":"L","timestamp":"2023-11-09 14:09:54"},{"nodeID":"1351142","text":"Asserting","type":"YA","timestamp":"2023-11-09 14:09:54"},{"nodeID":"1351143","text":"Default Transition","type":"TA","timestamp":"2023-11-09 14:09:54"},{"nodeID":"1351144","text":"Default Inference","type":"RA","timestamp":"2023-11-09 14:09:54"},{"nodeID":"1351145","text":"Arguing","type":"YA","timestamp":"2023-11-09 14:09:54"},{"nodeID":"1351146","text":"Default Conflict","type":"CA","timestamp":"2023-11-09 14:09:54"},{"nodeID":"1351147","text":"Disagreeing","type":"YA","timestamp":"2023-11-09 14:09:54"},{"nodeID":"1351148","text":"Armando Iannucci is very, very reluctant about advocating any further kind of restrictions on how people behave during protest","type":"I","timestamp":"2023-11-09 14:09:55"},{"nodeID":"1351149","text":"Armando Iannucci: I\u2019m very, very reluctant about advocating any further kind of restrictions on how people behave like that","type":"L","timestamp":"2023-11-09 14:09:55"},{"nodeID":"1351150","text":"Analysing","type":"YA","timestamp":"2023-11-09 14:09:55"},{"nodeID":"1351151","text":"Jordan: Armando Iannucci: I\u2019m very, very reluctant about advocating any further kind of restrictions on how people behave like that","type":"L","timestamp":"2023-11-09 14:09:55"},{"nodeID":"1351152","text":"Asserting","type":"YA","timestamp":"2023-11-09 14:09:55"},{"nodeID":"1351153","text":"Default Transition","type":"TA","timestamp":"2023-11-09 14:09:55"},{"nodeID":"1351154","text":"Default Inference","type":"RA","timestamp":"2023-11-09 14:09:55"},{"nodeID":"1351155","text":"Arguing","type":"YA","timestamp":"2023-11-09 14:09:55"},{"nodeID":"1351156","text":"the protesters are harming their cause","type":"I","timestamp":"2023-11-09 14:09:56"},{"nodeID":"1351157","text":"Julia Hartley: they\u2019re harming their cause","type":"L","timestamp":"2023-11-09 14:09:56"},{"nodeID":"1351158","text":"Analysing","type":"YA","timestamp":"2023-11-09 14:09:56"},{"nodeID":"1351159","text":"Jordan: Julia Hartley: they\u2019re harming their cause","type":"L","timestamp":"2023-11-09 14:09:56"},{"nodeID":"1351160","text":"Asserting","type":"YA","timestamp":"2023-11-09 14:09:56"},{"nodeID":"1351161","text":"Default Transition","type":"TA","timestamp":"2023-11-09 14:09:56"},{"nodeID":"1351162","text":"Julia Hartley does not want to just stop oil, she wants to keep oil","type":"I","timestamp":"2023-11-09 14:09:57"},{"nodeID":"1351163","text":"Julia Hartley: I don\u2019t want to just stop oil, I want to keep oil","type":"L","timestamp":"2023-11-09 14:09:57"},{"nodeID":"1351164","text":"Analysing","type":"YA","timestamp":"2023-11-09 14:09:57"},{"nodeID":"1351165","text":"Jordan: Julia Hartley: I don\u2019t want to just stop oil, I want to keep oil","type":"L","timestamp":"2023-11-09 14:09:57"},{"nodeID":"1351166","text":"Asserting","type":"YA","timestamp":"2023-11-09 14:09:57"},{"nodeID":"1351167","text":"Julia Hartley wants to keep gas and fossil fuels","type":"I","timestamp":"2023-11-09 14:09:57"},{"nodeID":"1351168","text":"Julia Hartley: I want to keep gas and fossil fuels","type":"L","timestamp":"2023-11-09 14:09:57"},{"nodeID":"1351169","text":"Analysing","type":"YA","timestamp":"2023-11-09 14:09:57"},{"nodeID":"1351170","text":"Jordan: Julia Hartley: I want to keep gas and fossil fuels","type":"L","timestamp":"2023-11-09 14:09:57"},{"nodeID":"1351171","text":"Asserting","type":"YA","timestamp":"2023-11-09 14:09:57"},{"nodeID":"1351172","text":"Default Transition","type":"TA","timestamp":"2023-11-09 14:09:57"},{"nodeID":"1351173","text":"Default Rephrase","type":"MA","timestamp":"2023-11-09 14:09:57"},{"nodeID":"1351174","text":"Restating","type":"YA","timestamp":"2023-11-09 14:09:57"},{"nodeID":"1351175","text":"the reason why we live the lives we do in the west in the 21st century is thank god for fossil fuels which delivered the Industrial Revolution","type":"I","timestamp":"2023-11-09 14:09:58"},{"nodeID":"1351176","text":"Julia Hartley: The reason why we live the lives we do in the west in the 21st century is thank god for fossil fuels which delivered the Industrial Revolution","type":"L","timestamp":"2023-11-09 14:09:58"},{"nodeID":"1351177","text":"Analysing","type":"YA","timestamp":"2023-11-09 14:09:58"},{"nodeID":"1351178","text":"Jordan: Julia Hartley: The reason why we live the lives we do in the west in the 21st century is thank god for fossil fuels which delivered the Industrial Revolution","type":"L","timestamp":"2023-11-09 14:09:58"},{"nodeID":"1351179","text":"Asserting","type":"YA","timestamp":"2023-11-09 14:09:58"},{"nodeID":"1351180","text":"Default Transition","type":"TA","timestamp":"2023-11-09 14:09:58"},{"nodeID":"1351181","text":"Default Inference","type":"RA","timestamp":"2023-11-09 14:09:58"},{"nodeID":"1351182","text":"Arguing","type":"YA","timestamp":"2023-11-09 14:09:58"},{"nodeID":"1351183","text":"Julia Hartley would like that Industrial Revolution delivered to everyone around the world","type":"I","timestamp":"2023-11-09 14:09:59"},{"nodeID":"1351184","text":"Julia Hartley: I would like that Industrial Revolution delivered to everyone around the world","type":"L","timestamp":"2023-11-09 14:09:59"},{"nodeID":"1351185","text":"Analysing","type":"YA","timestamp":"2023-11-09 14:09:59"},{"nodeID":"1351186","text":"Jordan: Julia Hartley: I would like that Industrial Revolution delivered to everyone around the world","type":"L","timestamp":"2023-11-09 14:09:59"},{"nodeID":"1351187","text":"Asserting","type":"YA","timestamp":"2023-11-09 14:09:59"},{"nodeID":"1351188","text":"Default Transition","type":"TA","timestamp":"2023-11-09 14:09:59"},{"nodeID":"1351189","text":"the billions of people who survive on a couple of dollars a day and are scrabbling around to make a life for themselves and keep their children alive","type":"I","timestamp":"2023-11-09 14:10:00"},{"nodeID":"1351190","text":"Julia Hartley: the billions of people who survive on a couple of dollars a day and are scrabbling around to make a life for themselves and keep their children alive","type":"L","timestamp":"2023-11-09 14:10:00"},{"nodeID":"1351191","text":"Analysing","type":"YA","timestamp":"2023-11-09 14:10:00"},{"nodeID":"1351192","text":"Jordan: Julia Hartley: the billions of people who survive on a couple of dollars a day and are scrabbling around to make a life for themselves and keep their children alive","type":"L","timestamp":"2023-11-09 14:10:00"},{"nodeID":"1351193","text":"Asserting","type":"YA","timestamp":"2023-11-09 14:10:00"},{"nodeID":"1351194","text":"Default Transition","type":"TA","timestamp":"2023-11-09 14:10:00"},{"nodeID":"1351195","text":"Default Rephrase","type":"MA","timestamp":"2023-11-09 14:10:00"},{"nodeID":"1351196","text":"Restating","type":"YA","timestamp":"2023-11-09 14:10:00"},{"nodeID":"1351197","text":"Default Inference","type":"RA","timestamp":"2023-11-09 14:10:00"},{"nodeID":"1351198","text":"Arguing","type":"YA","timestamp":"2023-11-09 14:10:00"},{"nodeID":"1351199","text":"Default Rephrase","type":"MA","timestamp":"2023-11-09 14:10:00"},{"nodeID":"1351200","text":"Restating","type":"YA","timestamp":"2023-11-09 14:10:00"},{"nodeID":"1351201","text":"Julia Hartley doesn\u2019t think the protestors do have a just cause","type":"I","timestamp":"2023-11-09 14:10:00"},{"nodeID":"1351202","text":"Analysing","type":"YA","timestamp":"2023-11-09 14:10:00"},{"nodeID":"1351203","text":"Julia Hartley: I don\u2019t think they do have a just cause","type":"L","timestamp":"2023-11-09 14:10:00"},{"nodeID":"1351204","text":"Chris: Julia Hartley: I don\u2019t think they do have a just cause","type":"L","timestamp":"2023-11-09 14:10:00"},{"nodeID":"1351205","text":"Asserting","type":"YA","timestamp":"2023-11-09 14:10:00"},{"nodeID":"1351206","text":"Default Transition","type":"TA","timestamp":"2023-11-09 14:10:00"},{"nodeID":"1351207","text":"Default Transition","type":"TA","timestamp":"2023-11-09 14:10:00"}],"edges":[{"edgeID":"1769626","fromID":"1351077","toID":"1351076","formEdgeID":null},{"edgeID":"1769627","fromID":"1351078","toID":"1351077","formEdgeID":null},{"edgeID":"1769628","fromID":"1351076","toID":"1351079","formEdgeID":null},{"edgeID":"1769629","fromID":"1351079","toID":"1351075","formEdgeID":null},{"edgeID":"1769630","fromID":"1351082","toID":"1351081","formEdgeID":null},{"edgeID":"1769631","fromID":"1351083","toID":"1351082","formEdgeID":null},{"edgeID":"1769632","fromID":"1351081","toID":"1351084","formEdgeID":null},{"edgeID":"1769633","fromID":"1351084","toID":"1351080","formEdgeID":null},{"edgeID":"1769634","fromID":"1351076","toID":"1351085","formEdgeID":null},{"edgeID":"1769635","fromID":"1351085","toID":"1351081","formEdgeID":null},{"edgeID":"1769636","fromID":"1351080","toID":"1351086","formEdgeID":null},{"edgeID":"1769637","fromID":"1351086","toID":"1351075","formEdgeID":null},{"edgeID":"1769638","fromID":"1351085","toID":"1351087","formEdgeID":null},{"edgeID":"1769639","fromID":"1351087","toID":"1351086","formEdgeID":null},{"edgeID":"1769640","fromID":"1351090","toID":"1351089","formEdgeID":null},{"edgeID":"1769641","fromID":"1351091","toID":"1351090","formEdgeID":null},{"edgeID":"1769642","fromID":"1351089","toID":"1351092","formEdgeID":null},{"edgeID":"1769643","fromID":"1351092","toID":"1351088","formEdgeID":null},{"edgeID":"1769644","fromID":"1351081","toID":"1351093","formEdgeID":null},{"edgeID":"1769645","fromID":"1351093","toID":"1351089","formEdgeID":null},{"edgeID":"1769646","fromID":"1351088","toID":"1351094","formEdgeID":null},{"edgeID":"1769647","fromID":"1351094","toID":"1351080","formEdgeID":null},{"edgeID":"1769648","fromID":"1351093","toID":"1351095","formEdgeID":null},{"edgeID":"1769649","fromID":"1351095","toID":"1351094","formEdgeID":null},{"edgeID":"1769650","fromID":"1351098","toID":"1351097","formEdgeID":null},{"edgeID":"1769651","fromID":"1351099","toID":"1351098","formEdgeID":null},{"edgeID":"1769652","fromID":"1351097","toID":"1351100","formEdgeID":null},{"edgeID":"1769653","fromID":"1351100","toID":"1351096","formEdgeID":null},{"edgeID":"1769654","fromID":"1351089","toID":"1351101","formEdgeID":null},{"edgeID":"1769655","fromID":"1351101","toID":"1351097","formEdgeID":null},{"edgeID":"1769656","fromID":"1351104","toID":"1351103","formEdgeID":null},{"edgeID":"1769657","fromID":"1351105","toID":"1351104","formEdgeID":null},{"edgeID":"1769658","fromID":"1351103","toID":"1351106","formEdgeID":null},{"edgeID":"1769659","fromID":"1351106","toID":"1351102","formEdgeID":null},{"edgeID":"1769660","fromID":"1351097","toID":"1351107","formEdgeID":null},{"edgeID":"1769661","fromID":"1351107","toID":"1351103","formEdgeID":null},{"edgeID":"1769662","fromID":"1351102","toID":"1351108","formEdgeID":null},{"edgeID":"1769663","fromID":"1351108","toID":"1351096","formEdgeID":null},{"edgeID":"1769664","fromID":"1351107","toID":"1351109","formEdgeID":null},{"edgeID":"1769665","fromID":"1351109","toID":"1351108","formEdgeID":null},{"edgeID":"1769666","fromID":"1351112","toID":"1351111","formEdgeID":null},{"edgeID":"1769667","fromID":"1351113","toID":"1351112","formEdgeID":null},{"edgeID":"1769668","fromID":"1351111","toID":"1351114","formEdgeID":null},{"edgeID":"1769669","fromID":"1351114","toID":"1351110","formEdgeID":null},{"edgeID":"1769670","fromID":"1351103","toID":"1351115","formEdgeID":null},{"edgeID":"1769671","fromID":"1351115","toID":"1351111","formEdgeID":null},{"edgeID":"1769672","fromID":"1351102","toID":"1351116","formEdgeID":null},{"edgeID":"1769673","fromID":"1351116","toID":"1351110","formEdgeID":null},{"edgeID":"1769674","fromID":"1351115","toID":"1351117","formEdgeID":null},{"edgeID":"1769675","fromID":"1351117","toID":"1351116","formEdgeID":null},{"edgeID":"1769676","fromID":"1351096","toID":"1351118","formEdgeID":null},{"edgeID":"1769677","fromID":"1351118","toID":"1351088","formEdgeID":null},{"edgeID":"1769678","fromID":"1351101","toID":"1351119","formEdgeID":null},{"edgeID":"1769679","fromID":"1351119","toID":"1351118","formEdgeID":null},{"edgeID":"1769680","fromID":"1351122","toID":"1351121","formEdgeID":null},{"edgeID":"1769681","fromID":"1351123","toID":"1351122","formEdgeID":null},{"edgeID":"1769682","fromID":"1351121","toID":"1351124","formEdgeID":null},{"edgeID":"1769683","fromID":"1351124","toID":"1351120","formEdgeID":null},{"edgeID":"1769684","fromID":"1351111","toID":"1351125","formEdgeID":null},{"edgeID":"1769685","fromID":"1351125","toID":"1351121","formEdgeID":null},{"edgeID":"1769686","fromID":"1351128","toID":"1351127","formEdgeID":null},{"edgeID":"1769687","fromID":"1351129","toID":"1351128","formEdgeID":null},{"edgeID":"1769688","fromID":"1351127","toID":"1351130","formEdgeID":null},{"edgeID":"1769689","fromID":"1351130","toID":"1351126","formEdgeID":null},{"edgeID":"1769690","fromID":"1351121","toID":"1351131","formEdgeID":null},{"edgeID":"1769691","fromID":"1351131","toID":"1351127","formEdgeID":null},{"edgeID":"1769692","fromID":"1351134","toID":"1351133","formEdgeID":null},{"edgeID":"1769693","fromID":"1351135","toID":"1351134","formEdgeID":null},{"edgeID":"1769694","fromID":"1351133","toID":"1351136","formEdgeID":null},{"edgeID":"1769695","fromID":"1351136","toID":"1351132","formEdgeID":null},{"edgeID":"1769696","fromID":"1351127","toID":"1351137","formEdgeID":null},{"edgeID":"1769697","fromID":"1351137","toID":"1351133","formEdgeID":null},{"edgeID":"1769698","fromID":"1351140","toID":"1351139","formEdgeID":null},{"edgeID":"1769699","fromID":"1351141","toID":"1351140","formEdgeID":null},{"edgeID":"1769700","fromID":"1351139","toID":"1351142","formEdgeID":null},{"edgeID":"1769701","fromID":"1351142","toID":"1351138","formEdgeID":null},{"edgeID":"1769702","fromID":"1351133","toID":"1351143","formEdgeID":null},{"edgeID":"1769703","fromID":"1351143","toID":"1351139","formEdgeID":null},{"edgeID":"1769704","fromID":"1351132","toID":"1351144","formEdgeID":null},{"edgeID":"1769705","fromID":"1351144","toID":"1351138","formEdgeID":null},{"edgeID":"1769706","fromID":"1351143","toID":"1351145","formEdgeID":null},{"edgeID":"1769707","fromID":"1351145","toID":"1351144","formEdgeID":null},{"edgeID":"1769708","fromID":"1351132","toID":"1351146","formEdgeID":null},{"edgeID":"1769709","fromID":"1351146","toID":"1351126","formEdgeID":null},{"edgeID":"1769710","fromID":"1351137","toID":"1351147","formEdgeID":null},{"edgeID":"1769711","fromID":"1351147","toID":"1351146","formEdgeID":null},{"edgeID":"1769712","fromID":"1351150","toID":"1351149","formEdgeID":null},{"edgeID":"1769713","fromID":"1351151","toID":"1351150","formEdgeID":null},{"edgeID":"1769714","fromID":"1351149","toID":"1351152","formEdgeID":null},{"edgeID":"1769715","fromID":"1351152","toID":"1351148","formEdgeID":null},{"edgeID":"1769716","fromID":"1351139","toID":"1351153","formEdgeID":null},{"edgeID":"1769717","fromID":"1351153","toID":"1351149","formEdgeID":null},{"edgeID":"1769718","fromID":"1351138","toID":"1351154","formEdgeID":null},{"edgeID":"1769719","fromID":"1351154","toID":"1351148","formEdgeID":null},{"edgeID":"1769720","fromID":"1351153","toID":"1351155","formEdgeID":null},{"edgeID":"1769721","fromID":"1351155","toID":"1351154","formEdgeID":null},{"edgeID":"1769722","fromID":"1351158","toID":"1351157","formEdgeID":null},{"edgeID":"1769723","fromID":"1351159","toID":"1351158","formEdgeID":null},{"edgeID":"1769724","fromID":"1351157","toID":"1351160","formEdgeID":null},{"edgeID":"1769725","fromID":"1351160","toID":"1351156","formEdgeID":null},{"edgeID":"1769726","fromID":"1351149","toID":"1351161","formEdgeID":null},{"edgeID":"1769727","fromID":"1351161","toID":"1351157","formEdgeID":null},{"edgeID":"1769728","fromID":"1351164","toID":"1351163","formEdgeID":null},{"edgeID":"1769729","fromID":"1351165","toID":"1351164","formEdgeID":null},{"edgeID":"1769730","fromID":"1351163","toID":"1351166","formEdgeID":null},{"edgeID":"1769731","fromID":"1351166","toID":"1351162","formEdgeID":null},{"edgeID":"1769732","fromID":"1351169","toID":"1351168","formEdgeID":null},{"edgeID":"1769733","fromID":"1351170","toID":"1351169","formEdgeID":null},{"edgeID":"1769734","fromID":"1351168","toID":"1351171","formEdgeID":null},{"edgeID":"1769735","fromID":"1351171","toID":"1351167","formEdgeID":null},{"edgeID":"1769736","fromID":"1351163","toID":"1351172","formEdgeID":null},{"edgeID":"1769737","fromID":"1351172","toID":"1351168","formEdgeID":null},{"edgeID":"1769738","fromID":"1351167","toID":"1351173","formEdgeID":null},{"edgeID":"1769739","fromID":"1351173","toID":"1351162","formEdgeID":null},{"edgeID":"1769740","fromID":"1351172","toID":"1351174","formEdgeID":null},{"edgeID":"1769741","fromID":"1351174","toID":"1351173","formEdgeID":null},{"edgeID":"1769742","fromID":"1351177","toID":"1351176","formEdgeID":null},{"edgeID":"1769743","fromID":"1351178","toID":"1351177","formEdgeID":null},{"edgeID":"1769744","fromID":"1351176","toID":"1351179","formEdgeID":null},{"edgeID":"1769745","fromID":"1351179","toID":"1351175","formEdgeID":null},{"edgeID":"1769746","fromID":"1351168","toID":"1351180","formEdgeID":null},{"edgeID":"1769747","fromID":"1351180","toID":"1351176","formEdgeID":null},{"edgeID":"1769748","fromID":"1351175","toID":"1351181","formEdgeID":null},{"edgeID":"1769749","fromID":"1351181","toID":"1351167","formEdgeID":null},{"edgeID":"1769750","fromID":"1351180","toID":"1351182","formEdgeID":null},{"edgeID":"1769751","fromID":"1351182","toID":"1351181","formEdgeID":null},{"edgeID":"1769752","fromID":"1351185","toID":"1351184","formEdgeID":null},{"edgeID":"1769753","fromID":"1351186","toID":"1351185","formEdgeID":null},{"edgeID":"1769754","fromID":"1351184","toID":"1351187","formEdgeID":null},{"edgeID":"1769755","fromID":"1351187","toID":"1351183","formEdgeID":null},{"edgeID":"1769756","fromID":"1351176","toID":"1351188","formEdgeID":null},{"edgeID":"1769757","fromID":"1351188","toID":"1351184","formEdgeID":null},{"edgeID":"1769758","fromID":"1351191","toID":"1351190","formEdgeID":null},{"edgeID":"1769759","fromID":"1351192","toID":"1351191","formEdgeID":null},{"edgeID":"1769760","fromID":"1351190","toID":"1351193","formEdgeID":null},{"edgeID":"1769761","fromID":"1351193","toID":"1351189","formEdgeID":null},{"edgeID":"1769762","fromID":"1351184","toID":"1351194","formEdgeID":null},{"edgeID":"1769763","fromID":"1351194","toID":"1351190","formEdgeID":null},{"edgeID":"1769764","fromID":"1351189","toID":"1351195","formEdgeID":null},{"edgeID":"1769765","fromID":"1351195","toID":"1351183","formEdgeID":null},{"edgeID":"1769766","fromID":"1351194","toID":"1351196","formEdgeID":null},{"edgeID":"1769767","fromID":"1351196","toID":"1351195","formEdgeID":null},{"edgeID":"1769768","fromID":"1351175","toID":"1351197","formEdgeID":null},{"edgeID":"1769769","fromID":"1351197","toID":"1351183","formEdgeID":null},{"edgeID":"1769770","fromID":"1351188","toID":"1351198","formEdgeID":null},{"edgeID":"1769771","fromID":"1351198","toID":"1351197","formEdgeID":null},{"edgeID":"1769772","fromID":"1351126","toID":"1351199","formEdgeID":null},{"edgeID":"1769773","fromID":"1351199","toID":"1351120","formEdgeID":null},{"edgeID":"1769774","fromID":"1351131","toID":"1351200","formEdgeID":null},{"edgeID":"1769775","fromID":"1351200","toID":"1351199","formEdgeID":null},{"edgeID":"1769776","fromID":"1351088","toID":"1351116","formEdgeID":null},{"edgeID":"1769777","fromID":"1351096","toID":"1351116","formEdgeID":null},{"edgeID":"1769778","fromID":"1351204","toID":"1351202","formEdgeID":null},{"edgeID":"1769779","fromID":"1351202","toID":"1351203","formEdgeID":null},{"edgeID":"1769780","fromID":"1351203","toID":"1351205","formEdgeID":null},{"edgeID":"1769781","fromID":"1351205","toID":"1351201","formEdgeID":null},{"edgeID":"1769782","fromID":"1351157","toID":"1351206","formEdgeID":null},{"edgeID":"1769783","fromID":"1351206","toID":"1351203","formEdgeID":null},{"edgeID":"1769784","fromID":"1351207","toID":"1351163","formEdgeID":null},{"edgeID":"1769785","fromID":"1351203","toID":"1351207","formEdgeID":null}],"locutions":[]}