{"nodes":[{"nodeID":"1339341","text":"part of the problem has been, over the last ten years, we\u2019ve given this role of prime minister a kind of presidential meaning to it, some old powerful figure","type":"I","timestamp":"2023-11-09 13:52:13"},{"nodeID":"1339342","text":"Armando Iannucci: part of the problem has been, over the last ten years, we\u2019ve given this role of prime minister a kind of presidential meaning to it, some old powerful figure","type":"L","timestamp":"2023-11-09 13:52:13"},{"nodeID":"1339343","text":"Analysing","type":"YA","timestamp":"2023-11-09 13:52:13"},{"nodeID":"1339344","text":"Tuuli: Armando Iannucci: part of the problem has been, over the last ten years, we\u2019ve given this role of prime minister a kind of presidential meaning to it, some old powerful figure","type":"L","timestamp":"2023-11-09 13:52:13"},{"nodeID":"1339345","text":"Asserting","type":"YA","timestamp":"2023-11-09 13:52:13"},{"nodeID":"1339346","text":"thinking the role of prime minister has a kind of presidential meaning to it is the mistake Liz Truss made when she came into power","type":"I","timestamp":"2023-11-09 13:52:13"},{"nodeID":"1339347","text":"Armando Iannucci: that\u2019s the mistake Liz Truss made when she came into power","type":"L","timestamp":"2023-11-09 13:52:13"},{"nodeID":"1339348","text":"Analysing","type":"YA","timestamp":"2023-11-09 13:52:13"},{"nodeID":"1339349","text":"Tuuli: Armando Iannucci: that\u2019s the mistake Liz Truss made when she came into power","type":"L","timestamp":"2023-11-09 13:52:13"},{"nodeID":"1339350","text":"Asserting","type":"YA","timestamp":"2023-11-09 13:52:13"},{"nodeID":"1339351","text":"Default Transition","type":"TA","timestamp":"2023-11-09 13:52:13"},{"nodeID":"1339352","text":"thinking that Liz Truss could change everything is the mistake she made when she came into power","type":"I","timestamp":"2023-11-09 13:52:14"},{"nodeID":"1339353","text":"Armando Iannucci: that she could change everything","type":"L","timestamp":"2023-11-09 13:52:14"},{"nodeID":"1339354","text":"Analysing","type":"YA","timestamp":"2023-11-09 13:52:14"},{"nodeID":"1339355","text":"Tuuli: Armando Iannucci: that she could change everything","type":"L","timestamp":"2023-11-09 13:52:14"},{"nodeID":"1339356","text":"Asserting","type":"YA","timestamp":"2023-11-09 13:52:14"},{"nodeID":"1339357","text":"Default Transition","type":"TA","timestamp":"2023-11-09 13:52:14"},{"nodeID":"1339358","text":"what we have now is someone who can at least string two sentences together and sound and look competent","type":"I","timestamp":"2023-11-09 13:52:14"},{"nodeID":"1339359","text":"Armando Iannucci: what we have now is someone who can at least string two sentences together and sound and look competent","type":"L","timestamp":"2023-11-09 13:52:14"},{"nodeID":"1339360","text":"Analysing","type":"YA","timestamp":"2023-11-09 13:52:14"},{"nodeID":"1339361","text":"Tuuli: Armando Iannucci: what we have now is someone who can at least string two sentences together and sound and look competent","type":"L","timestamp":"2023-11-09 13:52:14"},{"nodeID":"1339362","text":"Asserting","type":"YA","timestamp":"2023-11-09 13:52:14"},{"nodeID":"1339363","text":"Default Transition","type":"TA","timestamp":"2023-11-09 13:52:14"},{"nodeID":"1339364","text":"as the weeks go on, we\u2019ll see the Government start to fray","type":"I","timestamp":"2023-11-09 13:52:15"},{"nodeID":"1339365","text":"Armando Iannucci: as the weeks go on, we\u2019ll see the Government start to fray","type":"L","timestamp":"2023-11-09 13:52:15"},{"nodeID":"1339366","text":"Analysing","type":"YA","timestamp":"2023-11-09 13:52:15"},{"nodeID":"1339367","text":"Tuuli: Armando Iannucci: as the weeks go on, we\u2019ll see the Government start to fray","type":"L","timestamp":"2023-11-09 13:52:15"},{"nodeID":"1339368","text":"Asserting","type":"YA","timestamp":"2023-11-09 13:52:15"},{"nodeID":"1339369","text":"Default Transition","type":"TA","timestamp":"2023-11-09 13:52:15"},{"nodeID":"1339370","text":"the same old people have the same old attitudes to government","type":"I","timestamp":"2023-11-09 13:52:16"},{"nodeID":"1339371","text":"Armando Iannucci: the same old people have the same old attitudes to government","type":"L","timestamp":"2023-11-09 13:52:16"},{"nodeID":"1339372","text":"Analysing","type":"YA","timestamp":"2023-11-09 13:52:16"},{"nodeID":"1339373","text":"Tuuli: Armando Iannucci: the same old people have the same old attitudes to government","type":"L","timestamp":"2023-11-09 13:52:16"},{"nodeID":"1339374","text":"Asserting","type":"YA","timestamp":"2023-11-09 13:52:16"},{"nodeID":"1339375","text":"Default Transition","type":"TA","timestamp":"2023-11-09 13:52:16"},{"nodeID":"1339376","text":"Default Inference","type":"RA","timestamp":"2023-11-09 13:52:16"},{"nodeID":"1339377","text":"Arguing","type":"YA","timestamp":"2023-11-09 13:52:16"},{"nodeID":"1339378","text":"Suella Braverman politicises every law and every aspect of the Home Office that she\u2019s meant to preside over","type":"I","timestamp":"2023-11-09 13:52:16"},{"nodeID":"1339379","text":"Armando Iannucci: who politicises every law and every aspect of the Home Office that she\u2019s meant to preside over","type":"L","timestamp":"2023-11-09 13:52:16"},{"nodeID":"1339380","text":"Analysing","type":"YA","timestamp":"2023-11-09 13:52:16"},{"nodeID":"1339381","text":"Tuuli: Armando Iannucci: who politicises every law and every aspect of the Home Office that she\u2019s meant to preside over","type":"L","timestamp":"2023-11-09 13:52:16"},{"nodeID":"1339382","text":"Asserting","type":"YA","timestamp":"2023-11-09 13:52:16"},{"nodeID":"1339383","text":"some people in the government are like Suella Braverman who is not going to last that long","type":"I","timestamp":"2023-11-09 13:52:17"},{"nodeID":"1339384","text":"Armando Iannucci: Some are like Suella Braverman who is not going to last that long","type":"L","timestamp":"2023-11-09 13:52:17"},{"nodeID":"1339385","text":"Analysing","type":"YA","timestamp":"2023-11-09 13:52:17"},{"nodeID":"1339386","text":"Tuuli: Armando Iannucci: Some are like Suella Braverman, who politicises every law and every aspect of the Home Office that she\u2019s meant to preside over, is not going to last that long","type":"L","timestamp":"2023-11-09 13:52:17"},{"nodeID":"1339387","text":"Asserting","type":"YA","timestamp":"2023-11-09 13:52:17"},{"nodeID":"1339388","text":"Default Transition","type":"TA","timestamp":"2023-11-09 13:52:17"},{"nodeID":"1339389","text":"Default Transition","type":"TA","timestamp":"2023-11-09 13:52:17"},{"nodeID":"1339390","text":"Default Inference","type":"RA","timestamp":"2023-11-09 13:52:17"},{"nodeID":"1339391","text":"Arguing","type":"YA","timestamp":"2023-11-09 13:52:17"},{"nodeID":"1339392","text":"Default Rephrase","type":"MA","timestamp":"2023-11-09 13:52:17"},{"nodeID":"1339393","text":"Restating","type":"YA","timestamp":"2023-11-09 13:52:17"},{"nodeID":"1339394","text":"Default Rephrase","type":"MA","timestamp":"2023-11-09 13:52:17"},{"nodeID":"1339395","text":"Restating","type":"YA","timestamp":"2023-11-09 13:52:17"},{"nodeID":"1339396","text":"Default Rephrase","type":"MA","timestamp":"2023-11-09 13:52:17"},{"nodeID":"1339397","text":"Restating","type":"YA","timestamp":"2023-11-09 13:52:17"},{"nodeID":"1339398","text":"Default Conflict","type":"CA","timestamp":"2023-11-09 13:52:17"},{"nodeID":"1339399","text":"Disagreeing","type":"YA","timestamp":"2023-11-09 13:52:17"}],"edges":[{"edgeID":"1755633","fromID":"1339343","toID":"1339342","formEdgeID":null},{"edgeID":"1755634","fromID":"1339344","toID":"1339343","formEdgeID":null},{"edgeID":"1755635","fromID":"1339342","toID":"1339345","formEdgeID":null},{"edgeID":"1755636","fromID":"1339345","toID":"1339341","formEdgeID":null},{"edgeID":"1755637","fromID":"1339348","toID":"1339347","formEdgeID":null},{"edgeID":"1755638","fromID":"1339349","toID":"1339348","formEdgeID":null},{"edgeID":"1755639","fromID":"1339347","toID":"1339350","formEdgeID":null},{"edgeID":"1755640","fromID":"1339350","toID":"1339346","formEdgeID":null},{"edgeID":"1755641","fromID":"1339342","toID":"1339351","formEdgeID":null},{"edgeID":"1755642","fromID":"1339351","toID":"1339347","formEdgeID":null},{"edgeID":"1755643","fromID":"1339354","toID":"1339353","formEdgeID":null},{"edgeID":"1755644","fromID":"1339355","toID":"1339354","formEdgeID":null},{"edgeID":"1755645","fromID":"1339353","toID":"1339356","formEdgeID":null},{"edgeID":"1755646","fromID":"1339356","toID":"1339352","formEdgeID":null},{"edgeID":"1755647","fromID":"1339347","toID":"1339357","formEdgeID":null},{"edgeID":"1755648","fromID":"1339357","toID":"1339353","formEdgeID":null},{"edgeID":"1755649","fromID":"1339360","toID":"1339359","formEdgeID":null},{"edgeID":"1755650","fromID":"1339361","toID":"1339360","formEdgeID":null},{"edgeID":"1755651","fromID":"1339359","toID":"1339362","formEdgeID":null},{"edgeID":"1755652","fromID":"1339362","toID":"1339358","formEdgeID":null},{"edgeID":"1755653","fromID":"1339353","toID":"1339363","formEdgeID":null},{"edgeID":"1755654","fromID":"1339363","toID":"1339359","formEdgeID":null},{"edgeID":"1755655","fromID":"1339366","toID":"1339365","formEdgeID":null},{"edgeID":"1755656","fromID":"1339367","toID":"1339366","formEdgeID":null},{"edgeID":"1755657","fromID":"1339365","toID":"1339368","formEdgeID":null},{"edgeID":"1755658","fromID":"1339368","toID":"1339364","formEdgeID":null},{"edgeID":"1755659","fromID":"1339359","toID":"1339369","formEdgeID":null},{"edgeID":"1755660","fromID":"1339369","toID":"1339365","formEdgeID":null},{"edgeID":"1755661","fromID":"1339372","toID":"1339371","formEdgeID":null},{"edgeID":"1755662","fromID":"1339373","toID":"1339372","formEdgeID":null},{"edgeID":"1755663","fromID":"1339371","toID":"1339374","formEdgeID":null},{"edgeID":"1755664","fromID":"1339374","toID":"1339370","formEdgeID":null},{"edgeID":"1755665","fromID":"1339365","toID":"1339375","formEdgeID":null},{"edgeID":"1755666","fromID":"1339375","toID":"1339371","formEdgeID":null},{"edgeID":"1755667","fromID":"1339370","toID":"1339376","formEdgeID":null},{"edgeID":"1755668","fromID":"1339376","toID":"1339364","formEdgeID":null},{"edgeID":"1755669","fromID":"1339375","toID":"1339377","formEdgeID":null},{"edgeID":"1755670","fromID":"1339377","toID":"1339376","formEdgeID":null},{"edgeID":"1755671","fromID":"1339380","toID":"1339379","formEdgeID":null},{"edgeID":"1755672","fromID":"1339381","toID":"1339380","formEdgeID":null},{"edgeID":"1755673","fromID":"1339379","toID":"1339382","formEdgeID":null},{"edgeID":"1755674","fromID":"1339382","toID":"1339378","formEdgeID":null},{"edgeID":"1755675","fromID":"1339385","toID":"1339384","formEdgeID":null},{"edgeID":"1755676","fromID":"1339386","toID":"1339385","formEdgeID":null},{"edgeID":"1755677","fromID":"1339384","toID":"1339387","formEdgeID":null},{"edgeID":"1755678","fromID":"1339387","toID":"1339383","formEdgeID":null},{"edgeID":"1755679","fromID":"1339371","toID":"1339388","formEdgeID":null},{"edgeID":"1755680","fromID":"1339388","toID":"1339384","formEdgeID":null},{"edgeID":"1755681","fromID":"1339384","toID":"1339389","formEdgeID":null},{"edgeID":"1755682","fromID":"1339389","toID":"1339379","formEdgeID":null},{"edgeID":"1755683","fromID":"1339378","toID":"1339390","formEdgeID":null},{"edgeID":"1755684","fromID":"1339390","toID":"1339383","formEdgeID":null},{"edgeID":"1755685","fromID":"1339389","toID":"1339391","formEdgeID":null},{"edgeID":"1755686","fromID":"1339391","toID":"1339390","formEdgeID":null},{"edgeID":"1755687","fromID":"1339383","toID":"1339392","formEdgeID":null},{"edgeID":"1755688","fromID":"1339392","toID":"1339370","formEdgeID":null},{"edgeID":"1755689","fromID":"1339388","toID":"1339393","formEdgeID":null},{"edgeID":"1755690","fromID":"1339393","toID":"1339392","formEdgeID":null},{"edgeID":"1755691","fromID":"1339346","toID":"1339394","formEdgeID":null},{"edgeID":"1755692","fromID":"1339394","toID":"1339341","formEdgeID":null},{"edgeID":"1755693","fromID":"1339351","toID":"1339395","formEdgeID":null},{"edgeID":"1755694","fromID":"1339395","toID":"1339394","formEdgeID":null},{"edgeID":"1755695","fromID":"1339352","toID":"1339396","formEdgeID":null},{"edgeID":"1755696","fromID":"1339396","toID":"1339346","formEdgeID":null},{"edgeID":"1755697","fromID":"1339357","toID":"1339397","formEdgeID":null},{"edgeID":"1755698","fromID":"1339397","toID":"1339396","formEdgeID":null},{"edgeID":"1755699","fromID":"1339364","toID":"1339398","formEdgeID":null},{"edgeID":"1755700","fromID":"1339398","toID":"1339358","formEdgeID":null},{"edgeID":"1755701","fromID":"1339369","toID":"1339399","formEdgeID":null},{"edgeID":"1755702","fromID":"1339399","toID":"1339398","formEdgeID":null}],"locutions":[]}