{"nodes":[{"nodeID":"1352065","text":"Just Stop Oil latest protests are or aren't hurting their own cause","type":"I","timestamp":"2023-11-09 14:11:20"},{"nodeID":"1352066","text":"AudienceMember 20221110QT46: Are Just Stop Oil latest protests hurting their own cause","type":"L","timestamp":"2023-11-09 14:11:20"},{"nodeID":"1352067","text":"Analysing","type":"YA","timestamp":"2023-11-09 14:11:20"},{"nodeID":"1352068","text":"Anon: AudienceMember 20221110QT46: Are Just Stop Oil latest protests hurting their own cause","type":"L","timestamp":"2023-11-09 14:11:20"},{"nodeID":"1352069","text":"Pure Questioning","type":"YA","timestamp":"2023-11-09 14:11:20"},{"nodeID":"1352070","text":"Just Stop Oil members are a group that basically wants to stop new licences and production of fossil fuels in this country","type":"I","timestamp":"2023-11-09 14:11:21"},{"nodeID":"1352071","text":"Fiona Bruce: So Just Stop Oil members, and they are a group that basically want to stop new licences and production of fossil fuels in this country","type":"L","timestamp":"2023-11-09 14:11:21"},{"nodeID":"1352072","text":"Analysing","type":"YA","timestamp":"2023-11-09 14:11:21"},{"nodeID":"1352073","text":"Anon: Fiona Bruce: So Just Stop Oil members, and they are a group that basically want to stop new licences and production of fossil fuels in this country","type":"L","timestamp":"2023-11-09 14:11:21"},{"nodeID":"1352074","text":"Asserting","type":"YA","timestamp":"2023-11-09 14:11:21"},{"nodeID":"1352075","text":"the Just Stop Oil members threw tomato soup at Van Gough\u2019s Sunflowers","type":"I","timestamp":"2023-11-09 14:11:22"},{"nodeID":"1352076","text":"Fiona Bruce: They threw, I think it was tomato soup, at Van Gough\u2019s Sunflowers","type":"L","timestamp":"2023-11-09 14:11:22"},{"nodeID":"1352077","text":"Analysing","type":"YA","timestamp":"2023-11-09 14:11:22"},{"nodeID":"1352078","text":"Anon: Fiona Bruce: They threw, I think it was tomato soup, at Van Gough\u2019s Sunflowers","type":"L","timestamp":"2023-11-09 14:11:22"},{"nodeID":"1352079","text":"Asserting","type":"YA","timestamp":"2023-11-09 14:11:22"},{"nodeID":"1352080","text":"the Just Stop Oil members are gluing themselves to the road","type":"I","timestamp":"2023-11-09 14:11:22"},{"nodeID":"1352081","text":"Fiona Bruce: They\u2019re gluing themselves to the road","type":"L","timestamp":"2023-11-09 14:11:22"},{"nodeID":"1352082","text":"Analysing","type":"YA","timestamp":"2023-11-09 14:11:22"},{"nodeID":"1352083","text":"Anon: Fiona Bruce: They\u2019re gluing themselves to the road","type":"L","timestamp":"2023-11-09 14:11:22"},{"nodeID":"1352084","text":"Asserting","type":"YA","timestamp":"2023-11-09 14:11:22"},{"nodeID":"1352085","text":"the Just Stop Oil members targeted luxury car showrooms","type":"I","timestamp":"2023-11-09 14:11:23"},{"nodeID":"1352086","text":"Fiona Bruce: targeted luxury car showrooms","type":"L","timestamp":"2023-11-09 14:11:23"},{"nodeID":"1352087","text":"Analysing","type":"YA","timestamp":"2023-11-09 14:11:23"},{"nodeID":"1352088","text":"Anon: Fiona Bruce: targeted luxury car showrooms","type":"L","timestamp":"2023-11-09 14:11:23"},{"nodeID":"1352089","text":"Asserting","type":"YA","timestamp":"2023-11-09 14:11:23"},{"nodeID":"1352090","text":"the Just Stop Oil members put some cream cake, or something like that, over King Charles\u2019s waxwork at Tussauds","type":"I","timestamp":"2023-11-09 14:11:24"},{"nodeID":"1352091","text":"Fiona Bruce: they put some cream cake, or something like that, over King Charles\u2019s waxwork at Tussauds","type":"L","timestamp":"2023-11-09 14:11:24"},{"nodeID":"1352092","text":"Analysing","type":"YA","timestamp":"2023-11-09 14:11:24"},{"nodeID":"1352093","text":"Anon: Fiona Bruce: they put some cream cake, or something like that, over King Charles\u2019s waxwork at Tussauds","type":"L","timestamp":"2023-11-09 14:11:24"},{"nodeID":"1352094","text":"Asserting","type":"YA","timestamp":"2023-11-09 14:11:24"},{"nodeID":"1352095","text":"Default Transition","type":"TA","timestamp":"2023-11-09 14:11:24"},{"nodeID":"1352096","text":"Default Transition","type":"TA","timestamp":"2023-11-09 14:11:24"},{"nodeID":"1352097","text":"Default Transition","type":"TA","timestamp":"2023-11-09 14:11:24"},{"nodeID":"1352098","text":"Default Transition","type":"TA","timestamp":"2023-11-09 14:11:24"},{"nodeID":"1352099","text":"Default Transition","type":"TA","timestamp":"2023-11-09 14:11:24"},{"nodeID":"1352100","text":"Armando Iannucci is always very, very nervous about endorsing, or even listening to someone advocating even more bans on protests","type":"I","timestamp":"2023-11-09 14:11:25"},{"nodeID":"1352101","text":"Armando Iannucci: I\u2019m always very, very nervous about endorsing, or even listening to someone advocating even more bans on protests","type":"L","timestamp":"2023-11-09 14:11:25"},{"nodeID":"1352102","text":"Analysing","type":"YA","timestamp":"2023-11-09 14:11:25"},{"nodeID":"1352103","text":"Anon: Armando Iannucci: I\u2019m always very, very nervous about endorsing, or even listening to someone advocating even more bans on protests","type":"L","timestamp":"2023-11-09 14:11:25"},{"nodeID":"1352104","text":"Asserting","type":"YA","timestamp":"2023-11-09 14:11:25"},{"nodeID":"1352105","text":"Default Transition","type":"TA","timestamp":"2023-11-09 14:11:25"},{"nodeID":"1352106","text":"they Just Stop Oil campaign would get charged for what it did","type":"I","timestamp":"2023-11-09 14:11:26"},{"nodeID":"1352107","text":"Armando Iannucci:  what this campaign did they\u2019ll get charged","type":"L","timestamp":"2023-11-09 14:11:26"},{"nodeID":"1352108","text":"Analysing","type":"YA","timestamp":"2023-11-09 14:11:26"},{"nodeID":"1352109","text":"Anon: Armando Iannucci:  what this campaign did, if it transgressed a law, they\u2019ll get charged","type":"L","timestamp":"2023-11-09 14:11:26"},{"nodeID":"1352110","text":"Asserting","type":"YA","timestamp":"2023-11-09 14:11:26"},{"nodeID":"1352111","text":"what the Just Stop Oil campaign did might have transgressed a law","type":"I","timestamp":"2023-11-09 14:11:26"},{"nodeID":"1352112","text":"Armando Iannucci: if it transgressed a law","type":"L","timestamp":"2023-11-09 14:11:26"},{"nodeID":"1352113","text":"Analysing","type":"YA","timestamp":"2023-11-09 14:11:26"},{"nodeID":"1352114","text":"Anon: Armando Iannucci: if it transgressed a law","type":"L","timestamp":"2023-11-09 14:11:26"},{"nodeID":"1352115","text":"Asserting","type":"YA","timestamp":"2023-11-09 14:11:26"},{"nodeID":"1352116","text":"Default Inference","type":"RA","timestamp":"2023-11-09 14:11:26"},{"nodeID":"1352117","text":"Default Transition","type":"TA","timestamp":"2023-11-09 14:11:26"},{"nodeID":"1352118","text":"Arguing","type":"YA","timestamp":"2023-11-09 14:11:26"},{"nodeID":"1352119","text":"Default Transition","type":"TA","timestamp":"2023-11-09 14:11:26"},{"nodeID":"1352120","text":"the laws are in place","type":"I","timestamp":"2023-11-09 14:11:27"},{"nodeID":"1352121","text":"Armando Iannucci: The laws are in place","type":"L","timestamp":"2023-11-09 14:11:27"},{"nodeID":"1352122","text":"Analysing","type":"YA","timestamp":"2023-11-09 14:11:27"},{"nodeID":"1352123","text":"Anon: Armando Iannucci: The laws are in place","type":"L","timestamp":"2023-11-09 14:11:27"},{"nodeID":"1352124","text":"Asserting","type":"YA","timestamp":"2023-11-09 14:11:27"},{"nodeID":"1352125","text":"Default Transition","type":"TA","timestamp":"2023-11-09 14:11:27"},{"nodeID":"1352126","text":"Default Inference","type":"RA","timestamp":"2023-11-09 14:11:27"},{"nodeID":"1352127","text":"Arguing","type":"YA","timestamp":"2023-11-09 14:11:27"}],"edges":[{"edgeID":"1770815","fromID":"1352067","toID":"1352066","formEdgeID":null},{"edgeID":"1770816","fromID":"1352068","toID":"1352067","formEdgeID":null},{"edgeID":"1770817","fromID":"1352066","toID":"1352069","formEdgeID":null},{"edgeID":"1770818","fromID":"1352069","toID":"1352065","formEdgeID":null},{"edgeID":"1770819","fromID":"1352072","toID":"1352071","formEdgeID":null},{"edgeID":"1770820","fromID":"1352073","toID":"1352072","formEdgeID":null},{"edgeID":"1770821","fromID":"1352071","toID":"1352074","formEdgeID":null},{"edgeID":"1770822","fromID":"1352074","toID":"1352070","formEdgeID":null},{"edgeID":"1770823","fromID":"1352077","toID":"1352076","formEdgeID":null},{"edgeID":"1770824","fromID":"1352078","toID":"1352077","formEdgeID":null},{"edgeID":"1770825","fromID":"1352076","toID":"1352079","formEdgeID":null},{"edgeID":"1770826","fromID":"1352079","toID":"1352075","formEdgeID":null},{"edgeID":"1770827","fromID":"1352082","toID":"1352081","formEdgeID":null},{"edgeID":"1770828","fromID":"1352083","toID":"1352082","formEdgeID":null},{"edgeID":"1770829","fromID":"1352081","toID":"1352084","formEdgeID":null},{"edgeID":"1770830","fromID":"1352084","toID":"1352080","formEdgeID":null},{"edgeID":"1770831","fromID":"1352087","toID":"1352086","formEdgeID":null},{"edgeID":"1770832","fromID":"1352088","toID":"1352087","formEdgeID":null},{"edgeID":"1770833","fromID":"1352086","toID":"1352089","formEdgeID":null},{"edgeID":"1770834","fromID":"1352089","toID":"1352085","formEdgeID":null},{"edgeID":"1770835","fromID":"1352092","toID":"1352091","formEdgeID":null},{"edgeID":"1770836","fromID":"1352093","toID":"1352092","formEdgeID":null},{"edgeID":"1770837","fromID":"1352091","toID":"1352094","formEdgeID":null},{"edgeID":"1770838","fromID":"1352094","toID":"1352090","formEdgeID":null},{"edgeID":"1770839","fromID":"1352066","toID":"1352095","formEdgeID":null},{"edgeID":"1770840","fromID":"1352095","toID":"1352071","formEdgeID":null},{"edgeID":"1770841","fromID":"1352071","toID":"1352096","formEdgeID":null},{"edgeID":"1770842","fromID":"1352096","toID":"1352076","formEdgeID":null},{"edgeID":"1770843","fromID":"1352076","toID":"1352097","formEdgeID":null},{"edgeID":"1770844","fromID":"1352097","toID":"1352081","formEdgeID":null},{"edgeID":"1770845","fromID":"1352081","toID":"1352098","formEdgeID":null},{"edgeID":"1770846","fromID":"1352098","toID":"1352086","formEdgeID":null},{"edgeID":"1770847","fromID":"1352086","toID":"1352099","formEdgeID":null},{"edgeID":"1770848","fromID":"1352099","toID":"1352091","formEdgeID":null},{"edgeID":"1770849","fromID":"1352102","toID":"1352101","formEdgeID":null},{"edgeID":"1770850","fromID":"1352103","toID":"1352102","formEdgeID":null},{"edgeID":"1770851","fromID":"1352101","toID":"1352104","formEdgeID":null},{"edgeID":"1770852","fromID":"1352104","toID":"1352100","formEdgeID":null},{"edgeID":"1770853","fromID":"1352091","toID":"1352105","formEdgeID":null},{"edgeID":"1770854","fromID":"1352105","toID":"1352101","formEdgeID":null},{"edgeID":"1770855","fromID":"1352108","toID":"1352107","formEdgeID":null},{"edgeID":"1770856","fromID":"1352109","toID":"1352108","formEdgeID":null},{"edgeID":"1770857","fromID":"1352107","toID":"1352110","formEdgeID":null},{"edgeID":"1770858","fromID":"1352110","toID":"1352106","formEdgeID":null},{"edgeID":"1770859","fromID":"1352113","toID":"1352112","formEdgeID":null},{"edgeID":"1770860","fromID":"1352114","toID":"1352113","formEdgeID":null},{"edgeID":"1770861","fromID":"1352112","toID":"1352115","formEdgeID":null},{"edgeID":"1770862","fromID":"1352115","toID":"1352111","formEdgeID":null},{"edgeID":"1770863","fromID":"1352111","toID":"1352116","formEdgeID":null},{"edgeID":"1770864","fromID":"1352116","toID":"1352106","formEdgeID":null},{"edgeID":"1770865","fromID":"1352112","toID":"1352117","formEdgeID":null},{"edgeID":"1770866","fromID":"1352117","toID":"1352107","formEdgeID":null},{"edgeID":"1770867","fromID":"1352117","toID":"1352118","formEdgeID":null},{"edgeID":"1770868","fromID":"1352118","toID":"1352116","formEdgeID":null},{"edgeID":"1770869","fromID":"1352101","toID":"1352119","formEdgeID":null},{"edgeID":"1770870","fromID":"1352119","toID":"1352112","formEdgeID":null},{"edgeID":"1770871","fromID":"1352122","toID":"1352121","formEdgeID":null},{"edgeID":"1770872","fromID":"1352123","toID":"1352122","formEdgeID":null},{"edgeID":"1770873","fromID":"1352121","toID":"1352124","formEdgeID":null},{"edgeID":"1770874","fromID":"1352124","toID":"1352120","formEdgeID":null},{"edgeID":"1770875","fromID":"1352107","toID":"1352125","formEdgeID":null},{"edgeID":"1770876","fromID":"1352125","toID":"1352121","formEdgeID":null},{"edgeID":"1770877","fromID":"1352120","toID":"1352126","formEdgeID":null},{"edgeID":"1770878","fromID":"1352126","toID":"1352106","formEdgeID":null},{"edgeID":"1770879","fromID":"1352125","toID":"1352127","formEdgeID":null},{"edgeID":"1770880","fromID":"1352127","toID":"1352126","formEdgeID":null}],"locutions":[]}