{"nodes":[{"nodeID":"1341455","text":"Fiona Bruce expressed surprise at a four hour wait for an ambulance","type":"I","timestamp":"2023-11-09 13:55:14"},{"nodeID":"1341456","text":"Julia Hartley-Brewer: you expressed surprise at a four hour wait","type":"L","timestamp":"2023-11-09 13:55:14"},{"nodeID":"1341457","text":"Analysing","type":"YA","timestamp":"2023-11-09 13:55:14"},{"nodeID":"1341458","text":"Louise: Julia Hartley-Brewer: you expressed surprise at a four hour wait","type":"L","timestamp":"2023-11-09 13:55:14"},{"nodeID":"1341459","text":"Asserting","type":"YA","timestamp":"2023-11-09 13:55:14"},{"nodeID":"1341460","text":"a member of Julia Hartley-Brewer's family who had an accident was told it would be a six hour wait for an ambulance","type":"I","timestamp":"2023-11-09 13:55:14"},{"nodeID":"1341461","text":"Julia Hartley-Brewer: A member of my family who had an accident was told it would be a six hour wait","type":"L","timestamp":"2023-11-09 13:55:14"},{"nodeID":"1341462","text":"Analysing","type":"YA","timestamp":"2023-11-09 13:55:14"},{"nodeID":"1341463","text":"Louise: Julia Hartley-Brewer: A member of my family who had an accident was told it would be a six hour wait","type":"L","timestamp":"2023-11-09 13:55:14"},{"nodeID":"1341464","text":"Asserting","type":"YA","timestamp":"2023-11-09 13:55:14"},{"nodeID":"1341465","text":"a member of Julia Hartley-Brewer's family had a broken pelvis","type":"I","timestamp":"2023-11-09 13:55:15"},{"nodeID":"1341466","text":"Julia Hartley-Brewer: he had a broken pelvis","type":"L","timestamp":"2023-11-09 13:55:15"},{"nodeID":"1341467","text":"Analysing","type":"YA","timestamp":"2023-11-09 13:55:15"},{"nodeID":"1341468","text":"Louise: Julia Hartley-Brewer: he had a broken pelvis","type":"L","timestamp":"2023-11-09 13:55:15"},{"nodeID":"1341469","text":"Asserting","type":"YA","timestamp":"2023-11-09 13:55:15"},{"nodeID":"1341470","text":"Julia Hartley-Brewer was told a broken pelvis has a 25 per cent death rate","type":"I","timestamp":"2023-11-09 13:55:16"},{"nodeID":"1341471","text":"Julia Hartley-Brewer: which has a, I\u2019m told, a 25 per cent death rate","type":"L","timestamp":"2023-11-09 13:55:16"},{"nodeID":"1341472","text":"Analysing","type":"YA","timestamp":"2023-11-09 13:55:16"},{"nodeID":"1341473","text":"Louise: Julia Hartley-Brewer: which has a, I\u2019m told, a 25 per cent death rate","type":"L","timestamp":"2023-11-09 13:55:16"},{"nodeID":"1341474","text":"Asserting","type":"YA","timestamp":"2023-11-09 13:55:16"},{"nodeID":"1341475","text":"a six hour wait for an ambulance for an injury with a 25 per cent death rate is the dire state we\u2019re in","type":"I","timestamp":"2023-11-09 13:55:16"},{"nodeID":"1341476","text":"Julia Hartley-Brewer: that is the dire state we\u2019re in","type":"L","timestamp":"2023-11-09 13:55:16"},{"nodeID":"1341477","text":"Analysing","type":"YA","timestamp":"2023-11-09 13:55:16"},{"nodeID":"1341478","text":"Louise: Julia Hartley-Brewer: that is the dire state we\u2019re in","type":"L","timestamp":"2023-11-09 13:55:16"},{"nodeID":"1341479","text":"Asserting","type":"YA","timestamp":"2023-11-09 13:55:16"},{"nodeID":"1341480","text":"Default Transition","type":"TA","timestamp":"2023-11-09 13:55:16"},{"nodeID":"1341481","text":"Default Transition","type":"TA","timestamp":"2023-11-09 13:55:16"},{"nodeID":"1341482","text":"Default Transition","type":"TA","timestamp":"2023-11-09 13:55:16"},{"nodeID":"1341483","text":"Default Rephrase","type":"MA","timestamp":"2023-11-09 13:55:16"},{"nodeID":"1341484","text":"Default Inference","type":"RA","timestamp":"2023-11-09 13:55:16"},{"nodeID":"1341485","text":"Default Transition","type":"TA","timestamp":"2023-11-09 13:55:16"},{"nodeID":"1341486","text":"Restating","type":"YA","timestamp":"2023-11-09 13:55:16"},{"nodeID":"1341487","text":"Default Transition","type":"TA","timestamp":"2023-11-09 13:55:16"},{"nodeID":"1341488","text":"Arguing","type":"YA","timestamp":"2023-11-09 13:55:16"},{"nodeID":"1341489","text":"the social care workers who were sacked worked the whole way through the pandemic","type":"I","timestamp":"2023-11-09 13:55:17"},{"nodeID":"1341490","text":"Julia Hartley-Brewer: who worked the whole way through the pandemic","type":"L","timestamp":"2023-11-09 13:55:17"},{"nodeID":"1341491","text":"Analysing","type":"YA","timestamp":"2023-11-09 13:55:17"},{"nodeID":"1341492","text":"Louise: Julia Hartley-Brewer: who worked the whole way through the pandemic","type":"L","timestamp":"2023-11-09 13:55:17"},{"nodeID":"1341493","text":"Asserting","type":"YA","timestamp":"2023-11-09 13:55:17"},{"nodeID":"1341494","text":"it would be a good idea not to have sacked 40,000 social care workers because they didn\u2019t choose to get the vaccine","type":"I","timestamp":"2023-11-09 13:55:17"},{"nodeID":"1341495","text":"Julia Hartley-Brewer: it would be a good idea not to have sacked 40,000 social care workers because they didn\u2019t choose to get the vaccine","type":"L","timestamp":"2023-11-09 13:55:17"},{"nodeID":"1341496","text":"Analysing","type":"YA","timestamp":"2023-11-09 13:55:17"},{"nodeID":"1341497","text":"Louise: Julia Hartley-Brewer: it would be a good idea not to have sacked 40,000 social care workers, who worked the whole way through the pandemic, because they didn\u2019t choose to get the vaccine","type":"L","timestamp":"2023-11-09 13:55:17"},{"nodeID":"1341498","text":"Asserting","type":"YA","timestamp":"2023-11-09 13:55:17"},{"nodeID":"1341499","text":"Default Transition","type":"TA","timestamp":"2023-11-09 13:55:17"},{"nodeID":"1341500","text":"Default Inference","type":"RA","timestamp":"2023-11-09 13:55:17"},{"nodeID":"1341501","text":"Default Transition","type":"TA","timestamp":"2023-11-09 13:55:17"},{"nodeID":"1341502","text":"Julia Hartley-Brewer believes in personal bodily autonomy","type":"I","timestamp":"2023-11-09 13:55:18"},{"nodeID":"1341503","text":"Julia Hartley-Brewer: I believe in personal bodily autonomy","type":"L","timestamp":"2023-11-09 13:55:18"},{"nodeID":"1341504","text":"Analysing","type":"YA","timestamp":"2023-11-09 13:55:18"},{"nodeID":"1341505","text":"Louise: Julia Hartley-Brewer: I believe in personal bodily autonomy","type":"L","timestamp":"2023-11-09 13:55:18"},{"nodeID":"1341506","text":"Asserting","type":"YA","timestamp":"2023-11-09 13:55:18"},{"nodeID":"1341507","text":"the social care workers who didn't get the vaccine shouldn\u2019t have been sacked","type":"I","timestamp":"2023-11-09 13:55:19"},{"nodeID":"1341508","text":"Julia Hartley-Brewer: that shouldn\u2019t have happened","type":"L","timestamp":"2023-11-09 13:55:19"},{"nodeID":"1341509","text":"Analysing","type":"YA","timestamp":"2023-11-09 13:55:19"},{"nodeID":"1341510","text":"Louise: Julia Hartley-Brewer: that shouldn\u2019t have happened","type":"L","timestamp":"2023-11-09 13:55:19"},{"nodeID":"1341511","text":"Asserting","type":"YA","timestamp":"2023-11-09 13:55:19"},{"nodeID":"1341512","text":"Default Rephrase","type":"MA","timestamp":"2023-11-09 13:55:19"},{"nodeID":"1341513","text":"Default Transition","type":"TA","timestamp":"2023-11-09 13:55:19"},{"nodeID":"1341514","text":"Default Transition","type":"TA","timestamp":"2023-11-09 13:55:19"},{"nodeID":"1341515","text":"Restating","type":"YA","timestamp":"2023-11-09 13:55:19"},{"nodeID":"1341516","text":"Default Inference","type":"RA","timestamp":"2023-11-09 13:55:19"},{"nodeID":"1341517","text":"Default Transition","type":"TA","timestamp":"2023-11-09 13:55:19"},{"nodeID":"1341518","text":"Arguing","type":"YA","timestamp":"2023-11-09 13:55:19"},{"nodeID":"1341519","text":"if you\u2019re going to have a national insurance rise to pay for social care, maybe give some of that money to social care","type":"I","timestamp":"2023-11-09 13:55:19"},{"nodeID":"1341520","text":"Julia Hartley-Brewer: if you\u2019re going to have a national insurance rise to pay for social care, maybe give some of that money to social care","type":"L","timestamp":"2023-11-09 13:55:19"},{"nodeID":"1341521","text":"Analysing","type":"YA","timestamp":"2023-11-09 13:55:19"},{"nodeID":"1341522","text":"Louise: Julia Hartley-Brewer: if you\u2019re going to have a national insurance rise to pay for social care, maybe give some of that money to social care","type":"L","timestamp":"2023-11-09 13:55:19"},{"nodeID":"1341523","text":"Asserting","type":"YA","timestamp":"2023-11-09 13:55:19"},{"nodeID":"1341524","text":"Default Transition","type":"TA","timestamp":"2023-11-09 13:55:19"},{"nodeID":"1341525","text":"we are not going to fix anything in our NHS until we actually start paying care workers properly","type":"I","timestamp":"2023-11-09 13:55:20"},{"nodeID":"1341526","text":"Julia Hartley-Brewer: We are not going to fix anything in our NHS until we actually start paying care workers properly","type":"L","timestamp":"2023-11-09 13:55:20"},{"nodeID":"1341527","text":"Analysing","type":"YA","timestamp":"2023-11-09 13:55:20"},{"nodeID":"1341528","text":"Louise: Julia Hartley-Brewer: We are not going to fix anything in our NHS until we actually start paying care workers properly","type":"L","timestamp":"2023-11-09 13:55:20"},{"nodeID":"1341529","text":"Asserting","type":"YA","timestamp":"2023-11-09 13:55:20"},{"nodeID":"1341530","text":"Default Transition","type":"TA","timestamp":"2023-11-09 13:55:20"},{"nodeID":"1341531","text":"Default Inference","type":"RA","timestamp":"2023-11-09 13:55:20"},{"nodeID":"1341532","text":"Arguing","type":"YA","timestamp":"2023-11-09 13:55:20"},{"nodeID":"1341533","text":"we are not going to fix anything in our NHS until we start funding care homes properly","type":"I","timestamp":"2023-11-09 13:55:20"},{"nodeID":"1341534","text":"Julia Hartley-Brewer: funding care homes properly","type":"L","timestamp":"2023-11-09 13:55:20"},{"nodeID":"1341535","text":"Analysing","type":"YA","timestamp":"2023-11-09 13:55:20"},{"nodeID":"1341536","text":"Louise: Julia Hartley-Brewer: funding care homes properly","type":"L","timestamp":"2023-11-09 13:55:20"},{"nodeID":"1341537","text":"Asserting","type":"YA","timestamp":"2023-11-09 13:55:20"},{"nodeID":"1341538","text":"Default Transition","type":"TA","timestamp":"2023-11-09 13:55:20"},{"nodeID":"1341539","text":"we are not going to fix anything in our NHS until we start funding the people who are actually giving the care in people\u2019s homes","type":"I","timestamp":"2023-11-09 13:55:21"},{"nodeID":"1341540","text":"Julia Hartley-Brewer: funding the people who are actually giving the care in people\u2019s homes","type":"L","timestamp":"2023-11-09 13:55:21"},{"nodeID":"1341541","text":"Analysing","type":"YA","timestamp":"2023-11-09 13:55:21"},{"nodeID":"1341542","text":"Louise: Julia Hartley-Brewer: funding the people who are actually giving the care in people\u2019s homes","type":"L","timestamp":"2023-11-09 13:55:21"},{"nodeID":"1341543","text":"Asserting","type":"YA","timestamp":"2023-11-09 13:55:21"},{"nodeID":"1341544","text":"Default Rephrase","type":"MA","timestamp":"2023-11-09 13:55:21"},{"nodeID":"1341545","text":"Default Transition","type":"TA","timestamp":"2023-11-09 13:55:21"},{"nodeID":"1341546","text":"Restating","type":"YA","timestamp":"2023-11-09 13:55:21"},{"nodeID":"1341547","text":"funding the people that provide care allows them to leave hospital when they\u2019ve had their treatment","type":"I","timestamp":"2023-11-09 13:55:22"},{"nodeID":"1341548","text":"Julia Hartley-Brewer: that not only allows them to leave hospital when they\u2019ve had their treatment","type":"L","timestamp":"2023-11-09 13:55:22"},{"nodeID":"1341549","text":"Analysing","type":"YA","timestamp":"2023-11-09 13:55:22"},{"nodeID":"1341550","text":"Louise: Julia Hartley-Brewer: that not only allows them to leave hospital when they\u2019ve had their treatment","type":"L","timestamp":"2023-11-09 13:55:22"},{"nodeID":"1341551","text":"Asserting","type":"YA","timestamp":"2023-11-09 13:55:22"},{"nodeID":"1341552","text":"funding the people that provide care allows patients not to go into hospital in the first place","type":"I","timestamp":"2023-11-09 13:55:22"},{"nodeID":"1341553","text":"Julia Hartley-Brewer:  not to go into hospital in the first place","type":"L","timestamp":"2023-11-09 13:55:22"},{"nodeID":"1341554","text":"Analysing","type":"YA","timestamp":"2023-11-09 13:55:22"},{"nodeID":"1341555","text":"Louise: Julia Hartley-Brewer:  not to go into hospital in the first place","type":"L","timestamp":"2023-11-09 13:55:22"},{"nodeID":"1341556","text":"Asserting","type":"YA","timestamp":"2023-11-09 13:55:22"},{"nodeID":"1341557","text":"Default Rephrase","type":"MA","timestamp":"2023-11-09 13:55:22"},{"nodeID":"1341558","text":"Default Rephrase","type":"MA","timestamp":"2023-11-09 13:55:22"},{"nodeID":"1341559","text":"Default Transition","type":"TA","timestamp":"2023-11-09 13:55:22"},{"nodeID":"1341560","text":"Default Transition","type":"TA","timestamp":"2023-11-09 13:55:22"},{"nodeID":"1341561","text":"Restating","type":"YA","timestamp":"2023-11-09 13:55:22"},{"nodeID":"1341562","text":"Restating","type":"YA","timestamp":"2023-11-09 13:55:22"},{"nodeID":"1341563","text":"it is a Cinderella service and it\u2019s about time we actually started spending the money on the social care","type":"I","timestamp":"2023-11-09 13:55:23"},{"nodeID":"1341564","text":"Julia Hartley-Brewer: It is a Cinderella service and it\u2019s about time we actually started spending the money on the social care","type":"L","timestamp":"2023-11-09 13:55:23"},{"nodeID":"1341565","text":"Analysing","type":"YA","timestamp":"2023-11-09 13:55:23"},{"nodeID":"1341566","text":"Louise: Julia Hartley-Brewer: It is a Cinderella service and it\u2019s about time we actually started spending the money on the social care","type":"L","timestamp":"2023-11-09 13:55:23"},{"nodeID":"1341567","text":"Asserting","type":"YA","timestamp":"2023-11-09 13:55:23"},{"nodeID":"1341568","text":"Default Rephrase","type":"MA","timestamp":"2023-11-09 13:55:23"},{"nodeID":"1341569","text":"Default Transition","type":"TA","timestamp":"2023-11-09 13:55:23"},{"nodeID":"1341570","text":"Restating","type":"YA","timestamp":"2023-11-09 13:55:23"},{"nodeID":"1341571","text":"social care is not glamorous","type":"I","timestamp":"2023-11-09 13:55:23"},{"nodeID":"1341572","text":"Julia Hartley-Brewer: It\u2019s not glamorous","type":"L","timestamp":"2023-11-09 13:55:23"},{"nodeID":"1341573","text":"Analysing","type":"YA","timestamp":"2023-11-09 13:55:23"},{"nodeID":"1341574","text":"Louise: Julia Hartley-Brewer: It\u2019s not glamorous","type":"L","timestamp":"2023-11-09 13:55:23"},{"nodeID":"1341575","text":"Asserting","type":"YA","timestamp":"2023-11-09 13:55:23"},{"nodeID":"1341576","text":"Default Transition","type":"TA","timestamp":"2023-11-09 13:55:23"},{"nodeID":"1341577","text":"social care is not a big glamorous hospital","type":"I","timestamp":"2023-11-09 13:55:24"},{"nodeID":"1341578","text":"Julia Hartley-Brewer: it\u2019s not a big glamorous hospital","type":"L","timestamp":"2023-11-09 13:55:24"},{"nodeID":"1341579","text":"Analysing","type":"YA","timestamp":"2023-11-09 13:55:24"},{"nodeID":"1341580","text":"Louise: Julia Hartley-Brewer: it\u2019s not a big glamorous hospital","type":"L","timestamp":"2023-11-09 13:55:24"},{"nodeID":"1341581","text":"Asserting","type":"YA","timestamp":"2023-11-09 13:55:24"},{"nodeID":"1341582","text":"social care is not a new cancer unit","type":"I","timestamp":"2023-11-09 13:55:25"},{"nodeID":"1341583","text":"Julia Hartley-Brewer:  a new cancer unit","type":"L","timestamp":"2023-11-09 13:55:25"},{"nodeID":"1341584","text":"Analysing","type":"YA","timestamp":"2023-11-09 13:55:25"},{"nodeID":"1341585","text":"Louise: Julia Hartley-Brewer:  a new cancer unit","type":"L","timestamp":"2023-11-09 13:55:25"},{"nodeID":"1341586","text":"Asserting","type":"YA","timestamp":"2023-11-09 13:55:25"},{"nodeID":"1341587","text":"social care will actually save lives","type":"I","timestamp":"2023-11-09 13:55:25"},{"nodeID":"1341588","text":"Julia Hartley-Brewer:  it will actually save lives","type":"L","timestamp":"2023-11-09 13:55:25"},{"nodeID":"1341589","text":"Analysing","type":"YA","timestamp":"2023-11-09 13:55:25"},{"nodeID":"1341590","text":"Louise: Julia Hartley-Brewer:  it will actually save lives","type":"L","timestamp":"2023-11-09 13:55:25"},{"nodeID":"1341591","text":"Asserting","type":"YA","timestamp":"2023-11-09 13:55:25"},{"nodeID":"1341592","text":"Default Transition","type":"TA","timestamp":"2023-11-09 13:55:25"},{"nodeID":"1341593","text":"Default Inference","type":"RA","timestamp":"2023-11-09 13:55:25"},{"nodeID":"1341594","text":"Default Transition","type":"TA","timestamp":"2023-11-09 13:55:25"},{"nodeID":"1341595","text":"Arguing","type":"YA","timestamp":"2023-11-09 13:55:25"},{"nodeID":"1341596","text":"Default Transition","type":"TA","timestamp":"2023-11-09 13:55:25"},{"nodeID":"1341597","text":"Default Rephrase","type":"MA","timestamp":"2023-11-09 13:55:25"},{"nodeID":"1341598","text":"Default Rephrase","type":"MA","timestamp":"2023-11-09 13:55:25"},{"nodeID":"1341599","text":"Restating","type":"YA","timestamp":"2023-11-09 13:55:25"},{"nodeID":"1341600","text":"Restating","type":"YA","timestamp":"2023-11-09 13:55:25"}],"edges":[{"edgeID":"1758133","fromID":"1341457","toID":"1341456","formEdgeID":null},{"edgeID":"1758134","fromID":"1341458","toID":"1341457","formEdgeID":null},{"edgeID":"1758135","fromID":"1341456","toID":"1341459","formEdgeID":null},{"edgeID":"1758136","fromID":"1341459","toID":"1341455","formEdgeID":null},{"edgeID":"1758137","fromID":"1341462","toID":"1341461","formEdgeID":null},{"edgeID":"1758138","fromID":"1341463","toID":"1341462","formEdgeID":null},{"edgeID":"1758139","fromID":"1341461","toID":"1341464","formEdgeID":null},{"edgeID":"1758140","fromID":"1341464","toID":"1341460","formEdgeID":null},{"edgeID":"1758141","fromID":"1341467","toID":"1341466","formEdgeID":null},{"edgeID":"1758142","fromID":"1341468","toID":"1341467","formEdgeID":null},{"edgeID":"1758143","fromID":"1341466","toID":"1341469","formEdgeID":null},{"edgeID":"1758144","fromID":"1341469","toID":"1341465","formEdgeID":null},{"edgeID":"1758145","fromID":"1341472","toID":"1341471","formEdgeID":null},{"edgeID":"1758146","fromID":"1341473","toID":"1341472","formEdgeID":null},{"edgeID":"1758147","fromID":"1341471","toID":"1341474","formEdgeID":null},{"edgeID":"1758148","fromID":"1341474","toID":"1341470","formEdgeID":null},{"edgeID":"1758149","fromID":"1341477","toID":"1341476","formEdgeID":null},{"edgeID":"1758150","fromID":"1341478","toID":"1341477","formEdgeID":null},{"edgeID":"1758151","fromID":"1341476","toID":"1341479","formEdgeID":null},{"edgeID":"1758152","fromID":"1341479","toID":"1341475","formEdgeID":null},{"edgeID":"1758153","fromID":"1341456","toID":"1341480","formEdgeID":null},{"edgeID":"1758154","fromID":"1341480","toID":"1341461","formEdgeID":null},{"edgeID":"1758155","fromID":"1341461","toID":"1341481","formEdgeID":null},{"edgeID":"1758156","fromID":"1341481","toID":"1341466","formEdgeID":null},{"edgeID":"1758157","fromID":"1341466","toID":"1341482","formEdgeID":null},{"edgeID":"1758158","fromID":"1341482","toID":"1341471","formEdgeID":null},{"edgeID":"1758159","fromID":"1341475","toID":"1341483","formEdgeID":null},{"edgeID":"1758160","fromID":"1341483","toID":"1341460","formEdgeID":null},{"edgeID":"1758161","fromID":"1341465","toID":"1341484","formEdgeID":null},{"edgeID":"1758162","fromID":"1341484","toID":"1341475","formEdgeID":null},{"edgeID":"1758163","fromID":"1341470","toID":"1341484","formEdgeID":null},{"edgeID":"1758164","fromID":"1341461","toID":"1341485","formEdgeID":null},{"edgeID":"1758165","fromID":"1341485","toID":"1341476","formEdgeID":null},{"edgeID":"1758166","fromID":"1341485","toID":"1341486","formEdgeID":null},{"edgeID":"1758167","fromID":"1341486","toID":"1341483","formEdgeID":null},{"edgeID":"1758168","fromID":"1341471","toID":"1341487","formEdgeID":null},{"edgeID":"1758169","fromID":"1341487","toID":"1341476","formEdgeID":null},{"edgeID":"1758170","fromID":"1341487","toID":"1341488","formEdgeID":null},{"edgeID":"1758171","fromID":"1341488","toID":"1341484","formEdgeID":null},{"edgeID":"1758172","fromID":"1341491","toID":"1341490","formEdgeID":null},{"edgeID":"1758173","fromID":"1341492","toID":"1341491","formEdgeID":null},{"edgeID":"1758174","fromID":"1341490","toID":"1341493","formEdgeID":null},{"edgeID":"1758175","fromID":"1341493","toID":"1341489","formEdgeID":null},{"edgeID":"1758176","fromID":"1341496","toID":"1341495","formEdgeID":null},{"edgeID":"1758177","fromID":"1341497","toID":"1341496","formEdgeID":null},{"edgeID":"1758178","fromID":"1341495","toID":"1341498","formEdgeID":null},{"edgeID":"1758179","fromID":"1341498","toID":"1341494","formEdgeID":null},{"edgeID":"1758180","fromID":"1341476","toID":"1341499","formEdgeID":null},{"edgeID":"1758181","fromID":"1341499","toID":"1341495","formEdgeID":null},{"edgeID":"1758182","fromID":"1341475","toID":"1341500","formEdgeID":null},{"edgeID":"1758183","fromID":"1341500","toID":"1341494","formEdgeID":null},{"edgeID":"1758184","fromID":"1341495","toID":"1341501","formEdgeID":null},{"edgeID":"1758185","fromID":"1341501","toID":"1341490","formEdgeID":null},{"edgeID":"1758186","fromID":"1341504","toID":"1341503","formEdgeID":null},{"edgeID":"1758187","fromID":"1341505","toID":"1341504","formEdgeID":null},{"edgeID":"1758188","fromID":"1341503","toID":"1341506","formEdgeID":null},{"edgeID":"1758189","fromID":"1341506","toID":"1341502","formEdgeID":null},{"edgeID":"1758190","fromID":"1341509","toID":"1341508","formEdgeID":null},{"edgeID":"1758191","fromID":"1341510","toID":"1341509","formEdgeID":null},{"edgeID":"1758192","fromID":"1341508","toID":"1341511","formEdgeID":null},{"edgeID":"1758193","fromID":"1341511","toID":"1341507","formEdgeID":null},{"edgeID":"1758194","fromID":"1341507","toID":"1341512","formEdgeID":null},{"edgeID":"1758195","fromID":"1341512","toID":"1341494","formEdgeID":null},{"edgeID":"1758196","fromID":"1341503","toID":"1341513","formEdgeID":null},{"edgeID":"1758197","fromID":"1341513","toID":"1341508","formEdgeID":null},{"edgeID":"1758198","fromID":"1341495","toID":"1341514","formEdgeID":null},{"edgeID":"1758199","fromID":"1341514","toID":"1341508","formEdgeID":null},{"edgeID":"1758200","fromID":"1341514","toID":"1341515","formEdgeID":null},{"edgeID":"1758201","fromID":"1341515","toID":"1341512","formEdgeID":null},{"edgeID":"1758202","fromID":"1341489","toID":"1341516","formEdgeID":null},{"edgeID":"1758203","fromID":"1341516","toID":"1341507","formEdgeID":null},{"edgeID":"1758204","fromID":"1341502","toID":"1341516","formEdgeID":null},{"edgeID":"1758205","fromID":"1341490","toID":"1341517","formEdgeID":null},{"edgeID":"1758206","fromID":"1341517","toID":"1341508","formEdgeID":null},{"edgeID":"1758207","fromID":"1341517","toID":"1341518","formEdgeID":null},{"edgeID":"1758208","fromID":"1341518","toID":"1341516","formEdgeID":null},{"edgeID":"1758209","fromID":"1341521","toID":"1341520","formEdgeID":null},{"edgeID":"1758210","fromID":"1341522","toID":"1341521","formEdgeID":null},{"edgeID":"1758211","fromID":"1341520","toID":"1341523","formEdgeID":null},{"edgeID":"1758212","fromID":"1341523","toID":"1341519","formEdgeID":null},{"edgeID":"1758213","fromID":"1341508","toID":"1341524","formEdgeID":null},{"edgeID":"1758214","fromID":"1341524","toID":"1341520","formEdgeID":null},{"edgeID":"1758215","fromID":"1341527","toID":"1341526","formEdgeID":null},{"edgeID":"1758216","fromID":"1341528","toID":"1341527","formEdgeID":null},{"edgeID":"1758217","fromID":"1341526","toID":"1341529","formEdgeID":null},{"edgeID":"1758218","fromID":"1341529","toID":"1341525","formEdgeID":null},{"edgeID":"1758219","fromID":"1341520","toID":"1341530","formEdgeID":null},{"edgeID":"1758220","fromID":"1341530","toID":"1341526","formEdgeID":null},{"edgeID":"1758221","fromID":"1341525","toID":"1341531","formEdgeID":null},{"edgeID":"1758222","fromID":"1341531","toID":"1341519","formEdgeID":null},{"edgeID":"1758223","fromID":"1341530","toID":"1341532","formEdgeID":null},{"edgeID":"1758224","fromID":"1341532","toID":"1341531","formEdgeID":null},{"edgeID":"1758225","fromID":"1341535","toID":"1341534","formEdgeID":null},{"edgeID":"1758226","fromID":"1341536","toID":"1341535","formEdgeID":null},{"edgeID":"1758227","fromID":"1341534","toID":"1341537","formEdgeID":null},{"edgeID":"1758228","fromID":"1341537","toID":"1341533","formEdgeID":null},{"edgeID":"1758229","fromID":"1341533","toID":"1341531","formEdgeID":null},{"edgeID":"1758230","fromID":"1341520","toID":"1341538","formEdgeID":null},{"edgeID":"1758231","fromID":"1341538","toID":"1341534","formEdgeID":null},{"edgeID":"1758232","fromID":"1341541","toID":"1341540","formEdgeID":null},{"edgeID":"1758233","fromID":"1341542","toID":"1341541","formEdgeID":null},{"edgeID":"1758234","fromID":"1341540","toID":"1341543","formEdgeID":null},{"edgeID":"1758235","fromID":"1341543","toID":"1341539","formEdgeID":null},{"edgeID":"1758236","fromID":"1341539","toID":"1341544","formEdgeID":null},{"edgeID":"1758237","fromID":"1341544","toID":"1341525","formEdgeID":null},{"edgeID":"1758238","fromID":"1341526","toID":"1341545","formEdgeID":null},{"edgeID":"1758239","fromID":"1341545","toID":"1341540","formEdgeID":null},{"edgeID":"1758240","fromID":"1341545","toID":"1341546","formEdgeID":null},{"edgeID":"1758241","fromID":"1341546","toID":"1341544","formEdgeID":null},{"edgeID":"1758242","fromID":"1341549","toID":"1341548","formEdgeID":null},{"edgeID":"1758243","fromID":"1341550","toID":"1341549","formEdgeID":null},{"edgeID":"1758244","fromID":"1341548","toID":"1341551","formEdgeID":null},{"edgeID":"1758245","fromID":"1341551","toID":"1341547","formEdgeID":null},{"edgeID":"1758246","fromID":"1341554","toID":"1341553","formEdgeID":null},{"edgeID":"1758247","fromID":"1341555","toID":"1341554","formEdgeID":null},{"edgeID":"1758248","fromID":"1341553","toID":"1341556","formEdgeID":null},{"edgeID":"1758249","fromID":"1341556","toID":"1341552","formEdgeID":null},{"edgeID":"1758250","fromID":"1341547","toID":"1341557","formEdgeID":null},{"edgeID":"1758251","fromID":"1341557","toID":"1341539","formEdgeID":null},{"edgeID":"1758252","fromID":"1341552","toID":"1341558","formEdgeID":null},{"edgeID":"1758253","fromID":"1341558","toID":"1341547","formEdgeID":null},{"edgeID":"1758254","fromID":"1341540","toID":"1341559","formEdgeID":null},{"edgeID":"1758255","fromID":"1341559","toID":"1341548","formEdgeID":null},{"edgeID":"1758256","fromID":"1341548","toID":"1341560","formEdgeID":null},{"edgeID":"1758257","fromID":"1341560","toID":"1341553","formEdgeID":null},{"edgeID":"1758258","fromID":"1341559","toID":"1341561","formEdgeID":null},{"edgeID":"1758259","fromID":"1341561","toID":"1341557","formEdgeID":null},{"edgeID":"1758260","fromID":"1341560","toID":"1341562","formEdgeID":null},{"edgeID":"1758261","fromID":"1341562","toID":"1341558","formEdgeID":null},{"edgeID":"1758262","fromID":"1341565","toID":"1341564","formEdgeID":null},{"edgeID":"1758263","fromID":"1341566","toID":"1341565","formEdgeID":null},{"edgeID":"1758264","fromID":"1341564","toID":"1341567","formEdgeID":null},{"edgeID":"1758265","fromID":"1341567","toID":"1341563","formEdgeID":null},{"edgeID":"1758266","fromID":"1341563","toID":"1341568","formEdgeID":null},{"edgeID":"1758267","fromID":"1341568","toID":"1341519","formEdgeID":null},{"edgeID":"1758268","fromID":"1341520","toID":"1341569","formEdgeID":null},{"edgeID":"1758269","fromID":"1341569","toID":"1341564","formEdgeID":null},{"edgeID":"1758270","fromID":"1341569","toID":"1341570","formEdgeID":null},{"edgeID":"1758271","fromID":"1341570","toID":"1341568","formEdgeID":null},{"edgeID":"1758272","fromID":"1341573","toID":"1341572","formEdgeID":null},{"edgeID":"1758273","fromID":"1341574","toID":"1341573","formEdgeID":null},{"edgeID":"1758274","fromID":"1341572","toID":"1341575","formEdgeID":null},{"edgeID":"1758275","fromID":"1341575","toID":"1341571","formEdgeID":null},{"edgeID":"1758276","fromID":"1341564","toID":"1341576","formEdgeID":null},{"edgeID":"1758277","fromID":"1341576","toID":"1341572","formEdgeID":null},{"edgeID":"1758278","fromID":"1341579","toID":"1341578","formEdgeID":null},{"edgeID":"1758279","fromID":"1341580","toID":"1341579","formEdgeID":null},{"edgeID":"1758280","fromID":"1341578","toID":"1341581","formEdgeID":null},{"edgeID":"1758281","fromID":"1341581","toID":"1341577","formEdgeID":null},{"edgeID":"1758282","fromID":"1341584","toID":"1341583","formEdgeID":null},{"edgeID":"1758283","fromID":"1341585","toID":"1341584","formEdgeID":null},{"edgeID":"1758284","fromID":"1341583","toID":"1341586","formEdgeID":null},{"edgeID":"1758285","fromID":"1341586","toID":"1341582","formEdgeID":null},{"edgeID":"1758286","fromID":"1341589","toID":"1341588","formEdgeID":null},{"edgeID":"1758287","fromID":"1341590","toID":"1341589","formEdgeID":null},{"edgeID":"1758288","fromID":"1341588","toID":"1341591","formEdgeID":null},{"edgeID":"1758289","fromID":"1341591","toID":"1341587","formEdgeID":null},{"edgeID":"1758290","fromID":"1341572","toID":"1341592","formEdgeID":null},{"edgeID":"1758291","fromID":"1341592","toID":"1341578","formEdgeID":null},{"edgeID":"1758292","fromID":"1341587","toID":"1341593","formEdgeID":null},{"edgeID":"1758293","fromID":"1341593","toID":"1341563","formEdgeID":null},{"edgeID":"1758294","fromID":"1341564","toID":"1341594","formEdgeID":null},{"edgeID":"1758295","fromID":"1341594","toID":"1341588","formEdgeID":null},{"edgeID":"1758296","fromID":"1341594","toID":"1341595","formEdgeID":null},{"edgeID":"1758297","fromID":"1341595","toID":"1341593","formEdgeID":null},{"edgeID":"1758298","fromID":"1341578","toID":"1341596","formEdgeID":null},{"edgeID":"1758299","fromID":"1341596","toID":"1341583","formEdgeID":null},{"edgeID":"1758300","fromID":"1341582","toID":"1341597","formEdgeID":null},{"edgeID":"1758301","fromID":"1341597","toID":"1341577","formEdgeID":null},{"edgeID":"1758302","fromID":"1341577","toID":"1341598","formEdgeID":null},{"edgeID":"1758303","fromID":"1341598","toID":"1341571","formEdgeID":null},{"edgeID":"1758304","fromID":"1341592","toID":"1341599","formEdgeID":null},{"edgeID":"1758305","fromID":"1341599","toID":"1341598","formEdgeID":null},{"edgeID":"1758306","fromID":"1341596","toID":"1341600","formEdgeID":null},{"edgeID":"1758307","fromID":"1341600","toID":"1341597","formEdgeID":null}],"locutions":[]}