{"nodes":[{"nodeID":"1352972","text":"AudienceMember 20221027QT53 is definitely working-class","type":"I","timestamp":"2023-11-09 14:12:45"},{"nodeID":"1352973","text":"AudienceMember 20221110QT53: I\u2019m definitely working-class","type":"L","timestamp":"2023-11-09 14:12:45"},{"nodeID":"1352974","text":"Analysing","type":"YA","timestamp":"2023-11-09 14:12:45"},{"nodeID":"1352975","text":"Jordan: AudienceMember 20221110QT53: I\u2019m definitely working-class","type":"L","timestamp":"2023-11-09 14:12:45"},{"nodeID":"1352976","text":"Asserting","type":"YA","timestamp":"2023-11-09 14:12:45"},{"nodeID":"1352977","text":"AudienceMember 20221027QT53 is going to be going to a demonstration on Saturday","type":"I","timestamp":"2023-11-09 14:12:46"},{"nodeID":"1352978","text":"AudienceMember 20221110QT53: I\u2019m going to be going to a demonstration on Saturday","type":"L","timestamp":"2023-11-09 14:12:46"},{"nodeID":"1352979","text":"Analysing","type":"YA","timestamp":"2023-11-09 14:12:46"},{"nodeID":"1352980","text":"Jordan: AudienceMember 20221110QT53: I\u2019m going to be going to a demonstration on Saturday","type":"L","timestamp":"2023-11-09 14:12:46"},{"nodeID":"1352981","text":"Asserting","type":"YA","timestamp":"2023-11-09 14:12:46"},{"nodeID":"1352982","text":"Default Transition","type":"TA","timestamp":"2023-11-09 14:12:46"},{"nodeID":"1352983","text":"AudienceMember 20221027QT53 is going to the March of the Mummies","type":"I","timestamp":"2023-11-09 14:12:47"},{"nodeID":"1352984","text":"AudienceMember 20221110QT53: the March of the Mummies","type":"L","timestamp":"2023-11-09 14:12:47"},{"nodeID":"1352985","text":"Analysing","type":"YA","timestamp":"2023-11-09 14:12:47"},{"nodeID":"1352986","text":"Jordan: AudienceMember 20221110QT53: the March of the Mummies","type":"L","timestamp":"2023-11-09 14:12:47"},{"nodeID":"1352987","text":"Asserting","type":"YA","timestamp":"2023-11-09 14:12:47"},{"nodeID":"1352988","text":"Default Transition","type":"TA","timestamp":"2023-11-09 14:12:47"},{"nodeID":"1352989","text":"Default Rephrase","type":"MA","timestamp":"2023-11-09 14:12:47"},{"nodeID":"1352990","text":"Restating","type":"YA","timestamp":"2023-11-09 14:12:47"},{"nodeID":"1352991","text":"AudienceMember 20221027QT53 is or is not likely, possibly, in anything up to five years\u2019 time to get a tag for having gone to the March of the Mummies","type":"I","timestamp":"2023-11-09 14:12:47"},{"nodeID":"1352992","text":"AudienceMember 20221110QT53: I'm likely, possibly, in anything up to five years\u2019 time to get a tag for having gone to the march","type":"L","timestamp":"2023-11-09 14:12:47"},{"nodeID":"1352993","text":"Analysing","type":"YA","timestamp":"2023-11-09 14:12:47"},{"nodeID":"1352994","text":"Jordan: AudienceMember 20221110QT53: I'm likely, possibly, in anything up to five years\u2019 time to get a tag for having gone to the march","type":"L","timestamp":"2023-11-09 14:12:47"},{"nodeID":"1352995","text":"Pure Questioning","type":"YA","timestamp":"2023-11-09 14:12:47"},{"nodeID":"1352996","text":"Default Transition","type":"TA","timestamp":"2023-11-09 14:12:47"},{"nodeID":"1352997","text":"getting a tag for having gone to the March of the Mummies is apparently on the cards, scarily on the cards","type":"I","timestamp":"2023-11-09 14:12:48"},{"nodeID":"1352998","text":"AudienceMember 20221110QT53: that\u2019s apparently on the cards, scarily on the cards","type":"L","timestamp":"2023-11-09 14:12:48"},{"nodeID":"1352999","text":"Analysing","type":"YA","timestamp":"2023-11-09 14:12:48"},{"nodeID":"1353000","text":"Jordan: AudienceMember 20221110QT53: that\u2019s apparently on the cards, scarily on the cards","type":"L","timestamp":"2023-11-09 14:12:48"},{"nodeID":"1353001","text":"Asserting","type":"YA","timestamp":"2023-11-09 14:12:48"},{"nodeID":"1353002","text":"Default Inference","type":"RA","timestamp":"2023-11-09 14:12:48"},{"nodeID":"1353003","text":"Arguing","type":"YA","timestamp":"2023-11-09 14:12:48"},{"nodeID":"1353004","text":"Default Inference","type":"RA","timestamp":"2023-11-09 14:12:48"},{"nodeID":"1353005","text":"Default Transition","type":"TA","timestamp":"2023-11-09 14:12:48"},{"nodeID":"1353006","text":"Arguing","type":"YA","timestamp":"2023-11-09 14:12:48"},{"nodeID":"1353007","text":"AudienceMember 20221027QT53 is talking about the Public Order Bill which is going through at the moment","type":"I","timestamp":"2023-11-09 14:12:49"},{"nodeID":"1353008","text":"Fiona Bruce: You\u2019re talking about the Public Order Bill which is going through at the moment","type":"L","timestamp":"2023-11-09 14:12:49"},{"nodeID":"1353009","text":"Analysing","type":"YA","timestamp":"2023-11-09 14:12:49"},{"nodeID":"1353010","text":"Jordan: Fiona Bruce: You\u2019re talking about the Public Order Bill which is going through at the moment","type":"L","timestamp":"2023-11-09 14:12:49"},{"nodeID":"1353011","text":"Asserting","type":"YA","timestamp":"2023-11-09 14:12:49"},{"nodeID":"1353012","text":"Default Transition","type":"TA","timestamp":"2023-11-09 14:12:49"},{"nodeID":"1353013","text":"Default Rephrase","type":"MA","timestamp":"2023-11-09 14:12:49"},{"nodeID":"1353014","text":"Restating","type":"YA","timestamp":"2023-11-09 14:12:49"},{"nodeID":"1353015","text":"AudienceMember 20221110QT54: Yeah","type":"L","timestamp":"2023-11-09 14:12:49"},{"nodeID":"1353016","text":"Analysing","type":"YA","timestamp":"2023-11-09 14:12:49"},{"nodeID":"1353017","text":"Jordan: AudienceMember 20221110QT54: Yeah","type":"L","timestamp":"2023-11-09 14:12:49"},{"nodeID":"1353018","text":"Default Transition","type":"TA","timestamp":"2023-11-09 14:12:49"},{"nodeID":"1353019","text":"Agreeing","type":"YA","timestamp":"2023-11-09 14:12:49"},{"nodeID":"1353020","text":"Just Stop Oil\u2019s latest protests are or are not hurting their own cause","type":"I","timestamp":"2023-11-09 14:12:49"},{"nodeID":"1353021","text":"Fiona Bruce: are Just Stop Oil\u2019s latest protests hurting their own cause","type":"L","timestamp":"2023-11-09 14:12:49"},{"nodeID":"1353022","text":"Analysing","type":"YA","timestamp":"2023-11-09 14:12:49"},{"nodeID":"1353023","text":"Jordan: Fiona Bruce: are Just Stop Oil\u2019s latest protests hurting their own cause","type":"L","timestamp":"2023-11-09 14:12:49"},{"nodeID":"1353024","text":"Pure Questioning","type":"YA","timestamp":"2023-11-09 14:12:49"},{"nodeID":"1353025","text":"Default Transition","type":"TA","timestamp":"2023-11-09 14:12:49"},{"nodeID":"1353026","text":"we do xxx to incentivise politicians to think long-term, when we\u2019ve got Rishi Sunak, for example, not going to COP 27","type":"I","timestamp":"2023-11-09 14:12:50"},{"nodeID":"1353027","text":"Fiona Bruce: how do we incentivise politicians to think long-term, when we\u2019ve got Rishi Sunak, for example, not going to COP 27","type":"L","timestamp":"2023-11-09 14:12:50"},{"nodeID":"1353028","text":"Analysing","type":"YA","timestamp":"2023-11-09 14:12:50"},{"nodeID":"1353029","text":"Jordan: Fiona Bruce: how do we incentivise politicians to think long-term, when we\u2019ve got Rishi Sunak, for example, not going to COP 27","type":"L","timestamp":"2023-11-09 14:12:50"},{"nodeID":"1353030","text":"Pure Questioning","type":"YA","timestamp":"2023-11-09 14:12:50"},{"nodeID":"1353031","text":"Default Transition","type":"TA","timestamp":"2023-11-09 14:12:50"},{"nodeID":"1353032","text":"it\u2019s absolutely right that people should have a voice","type":"I","timestamp":"2023-11-09 14:12:51"},{"nodeID":"1353033","text":"Lucy Frazer: it\u2019s absolutely right that people should have a voice","type":"L","timestamp":"2023-11-09 14:12:51"},{"nodeID":"1353034","text":"Analysing","type":"YA","timestamp":"2023-11-09 14:12:51"},{"nodeID":"1353035","text":"Jordan: Lucy Frazer: it\u2019s absolutely right that people should have a voice","type":"L","timestamp":"2023-11-09 14:12:51"},{"nodeID":"1353036","text":"Asserting","type":"YA","timestamp":"2023-11-09 14:12:51"},{"nodeID":"1353037","text":"Default Transition","type":"TA","timestamp":"2023-11-09 14:12:51"},{"nodeID":"1353038","text":"people should be able to express their voice","type":"I","timestamp":"2023-11-09 14:12:51"},{"nodeID":"1353039","text":"Lucy Frazer: they should be able to express their voice","type":"L","timestamp":"2023-11-09 14:12:51"},{"nodeID":"1353040","text":"Analysing","type":"YA","timestamp":"2023-11-09 14:12:51"},{"nodeID":"1353041","text":"Jordan: Lucy Frazer: they should be able to express their voice","type":"L","timestamp":"2023-11-09 14:12:51"},{"nodeID":"1353042","text":"Asserting","type":"YA","timestamp":"2023-11-09 14:12:51"},{"nodeID":"1353043","text":"Default Transition","type":"TA","timestamp":"2023-11-09 14:12:51"},{"nodeID":"1353044","text":"Default Rephrase","type":"MA","timestamp":"2023-11-09 14:12:51"},{"nodeID":"1353045","text":"Restating","type":"YA","timestamp":"2023-11-09 14:12:51"},{"nodeID":"1353046","text":"people should be able to campaign and bring things to the attention of decision-makers","type":"I","timestamp":"2023-11-09 14:12:52"},{"nodeID":"1353047","text":"Lucy Frazer: They should be able to campaign and bring things to the attention of decision-makers","type":"L","timestamp":"2023-11-09 14:12:52"},{"nodeID":"1353048","text":"Analysing","type":"YA","timestamp":"2023-11-09 14:12:52"},{"nodeID":"1353049","text":"Jordan: Lucy Frazer: They should be able to campaign and bring things to the attention of decision-makers","type":"L","timestamp":"2023-11-09 14:12:52"},{"nodeID":"1353050","text":"Asserting","type":"YA","timestamp":"2023-11-09 14:12:52"},{"nodeID":"1353051","text":"Default Transition","type":"TA","timestamp":"2023-11-09 14:12:52"},{"nodeID":"1353052","text":"Default Rephrase","type":"MA","timestamp":"2023-11-09 14:12:52"},{"nodeID":"1353053","text":"Restating","type":"YA","timestamp":"2023-11-09 14:12:52"},{"nodeID":"1353054","text":"Default Inference","type":"RA","timestamp":"2023-11-09 14:12:52"},{"nodeID":"1353055","text":"Default Transition","type":"TA","timestamp":"2023-11-09 14:12:52"},{"nodeID":"1353056","text":"Arguing","type":"YA","timestamp":"2023-11-09 14:12:52"},{"nodeID":"1353057","text":"as an MP, people are writing to Lucy Frazer the whole time with their campaigns and bringing them to her attention","type":"I","timestamp":"2023-11-09 14:12:53"},{"nodeID":"1353058","text":"Lucy Frazer: As an MP, people are writing to me the whole time with their campaigns and bringing them to my attention","type":"L","timestamp":"2023-11-09 14:12:53"},{"nodeID":"1353059","text":"Analysing","type":"YA","timestamp":"2023-11-09 14:12:53"},{"nodeID":"1353060","text":"Jordan: Lucy Frazer: As an MP, people are writing to me the whole time with their campaigns and bringing them to my attention","type":"L","timestamp":"2023-11-09 14:12:53"},{"nodeID":"1353061","text":"Asserting","type":"YA","timestamp":"2023-11-09 14:12:53"},{"nodeID":"1353062","text":"Default Transition","type":"TA","timestamp":"2023-11-09 14:12:53"},{"nodeID":"1353063","text":"Default Inference","type":"RA","timestamp":"2023-11-09 14:12:53"},{"nodeID":"1353064","text":"Arguing","type":"YA","timestamp":"2023-11-09 14:12:53"},{"nodeID":"1353065","text":"people having a voice is part of living in a democracy and Lucy Frazer welcomes it","type":"I","timestamp":"2023-11-09 14:12:53"},{"nodeID":"1353066","text":"Lucy Frazer: that is part of living in a democracy and I welcome it","type":"L","timestamp":"2023-11-09 14:12:53"},{"nodeID":"1353067","text":"Analysing","type":"YA","timestamp":"2023-11-09 14:12:53"},{"nodeID":"1353068","text":"Jordan: Lucy Frazer: that is part of living in a democracy and I welcome it","type":"L","timestamp":"2023-11-09 14:12:53"},{"nodeID":"1353069","text":"Asserting","type":"YA","timestamp":"2023-11-09 14:12:53"},{"nodeID":"1353070","text":"Default Transition","type":"TA","timestamp":"2023-11-09 14:12:53"},{"nodeID":"1353071","text":"Default Inference","type":"RA","timestamp":"2023-11-09 14:12:53"},{"nodeID":"1353072","text":"Arguing","type":"YA","timestamp":"2023-11-09 14:12:53"}],"edges":[{"edgeID":"1771882","fromID":"1352974","toID":"1352973","formEdgeID":null},{"edgeID":"1771883","fromID":"1352975","toID":"1352974","formEdgeID":null},{"edgeID":"1771884","fromID":"1352973","toID":"1352976","formEdgeID":null},{"edgeID":"1771885","fromID":"1352976","toID":"1352972","formEdgeID":null},{"edgeID":"1771886","fromID":"1352979","toID":"1352978","formEdgeID":null},{"edgeID":"1771887","fromID":"1352980","toID":"1352979","formEdgeID":null},{"edgeID":"1771888","fromID":"1352978","toID":"1352981","formEdgeID":null},{"edgeID":"1771889","fromID":"1352981","toID":"1352977","formEdgeID":null},{"edgeID":"1771890","fromID":"1352973","toID":"1352982","formEdgeID":null},{"edgeID":"1771891","fromID":"1352982","toID":"1352978","formEdgeID":null},{"edgeID":"1771892","fromID":"1352985","toID":"1352984","formEdgeID":null},{"edgeID":"1771893","fromID":"1352986","toID":"1352985","formEdgeID":null},{"edgeID":"1771894","fromID":"1352984","toID":"1352987","formEdgeID":null},{"edgeID":"1771895","fromID":"1352987","toID":"1352983","formEdgeID":null},{"edgeID":"1771896","fromID":"1352978","toID":"1352988","formEdgeID":null},{"edgeID":"1771897","fromID":"1352988","toID":"1352984","formEdgeID":null},{"edgeID":"1771898","fromID":"1352983","toID":"1352989","formEdgeID":null},{"edgeID":"1771899","fromID":"1352989","toID":"1352977","formEdgeID":null},{"edgeID":"1771900","fromID":"1352988","toID":"1352990","formEdgeID":null},{"edgeID":"1771901","fromID":"1352990","toID":"1352989","formEdgeID":null},{"edgeID":"1771902","fromID":"1352993","toID":"1352992","formEdgeID":null},{"edgeID":"1771903","fromID":"1352994","toID":"1352993","formEdgeID":null},{"edgeID":"1771904","fromID":"1352992","toID":"1352995","formEdgeID":null},{"edgeID":"1771905","fromID":"1352995","toID":"1352991","formEdgeID":null},{"edgeID":"1771906","fromID":"1352984","toID":"1352996","formEdgeID":null},{"edgeID":"1771907","fromID":"1352996","toID":"1352992","formEdgeID":null},{"edgeID":"1771908","fromID":"1352999","toID":"1352998","formEdgeID":null},{"edgeID":"1771909","fromID":"1353000","toID":"1352999","formEdgeID":null},{"edgeID":"1771910","fromID":"1352998","toID":"1353001","formEdgeID":null},{"edgeID":"1771911","fromID":"1353001","toID":"1352997","formEdgeID":null},{"edgeID":"1771912","fromID":"1352983","toID":"1353002","formEdgeID":null},{"edgeID":"1771913","fromID":"1353002","toID":"1352991","formEdgeID":null},{"edgeID":"1771914","fromID":"1352996","toID":"1353003","formEdgeID":null},{"edgeID":"1771915","fromID":"1353003","toID":"1353002","formEdgeID":null},{"edgeID":"1771916","fromID":"1352997","toID":"1353004","formEdgeID":null},{"edgeID":"1771917","fromID":"1353004","toID":"1352991","formEdgeID":null},{"edgeID":"1771918","fromID":"1352992","toID":"1353005","formEdgeID":null},{"edgeID":"1771919","fromID":"1353005","toID":"1352998","formEdgeID":null},{"edgeID":"1771920","fromID":"1353005","toID":"1353006","formEdgeID":null},{"edgeID":"1771921","fromID":"1353006","toID":"1353004","formEdgeID":null},{"edgeID":"1771922","fromID":"1353009","toID":"1353008","formEdgeID":null},{"edgeID":"1771923","fromID":"1353010","toID":"1353009","formEdgeID":null},{"edgeID":"1771924","fromID":"1353008","toID":"1353011","formEdgeID":null},{"edgeID":"1771925","fromID":"1353011","toID":"1353007","formEdgeID":null},{"edgeID":"1771926","fromID":"1352998","toID":"1353012","formEdgeID":null},{"edgeID":"1771927","fromID":"1353012","toID":"1353008","formEdgeID":null},{"edgeID":"1771928","fromID":"1353007","toID":"1353013","formEdgeID":null},{"edgeID":"1771929","fromID":"1353013","toID":"1352997","formEdgeID":null},{"edgeID":"1771930","fromID":"1353012","toID":"1353014","formEdgeID":null},{"edgeID":"1771931","fromID":"1353014","toID":"1353013","formEdgeID":null},{"edgeID":"1771932","fromID":"1353016","toID":"1353015","formEdgeID":null},{"edgeID":"1771933","fromID":"1353017","toID":"1353016","formEdgeID":null},{"edgeID":"1771934","fromID":"1353008","toID":"1353018","formEdgeID":null},{"edgeID":"1771935","fromID":"1353018","toID":"1353015","formEdgeID":null},{"edgeID":"1771936","fromID":"1353018","toID":"1353019","formEdgeID":null},{"edgeID":"1771937","fromID":"1353019","toID":"1353007","formEdgeID":null},{"edgeID":"1771938","fromID":"1353022","toID":"1353021","formEdgeID":null},{"edgeID":"1771939","fromID":"1353023","toID":"1353022","formEdgeID":null},{"edgeID":"1771940","fromID":"1353021","toID":"1353024","formEdgeID":null},{"edgeID":"1771941","fromID":"1353024","toID":"1353020","formEdgeID":null},{"edgeID":"1771942","fromID":"1353015","toID":"1353025","formEdgeID":null},{"edgeID":"1771943","fromID":"1353025","toID":"1353021","formEdgeID":null},{"edgeID":"1771944","fromID":"1353028","toID":"1353027","formEdgeID":null},{"edgeID":"1771945","fromID":"1353029","toID":"1353028","formEdgeID":null},{"edgeID":"1771946","fromID":"1353027","toID":"1353030","formEdgeID":null},{"edgeID":"1771947","fromID":"1353030","toID":"1353026","formEdgeID":null},{"edgeID":"1771948","fromID":"1353021","toID":"1353031","formEdgeID":null},{"edgeID":"1771949","fromID":"1353031","toID":"1353027","formEdgeID":null},{"edgeID":"1771950","fromID":"1353034","toID":"1353033","formEdgeID":null},{"edgeID":"1771951","fromID":"1353035","toID":"1353034","formEdgeID":null},{"edgeID":"1771952","fromID":"1353033","toID":"1353036","formEdgeID":null},{"edgeID":"1771953","fromID":"1353036","toID":"1353032","formEdgeID":null},{"edgeID":"1771954","fromID":"1353027","toID":"1353037","formEdgeID":null},{"edgeID":"1771955","fromID":"1353037","toID":"1353033","formEdgeID":null},{"edgeID":"1771956","fromID":"1353040","toID":"1353039","formEdgeID":null},{"edgeID":"1771957","fromID":"1353041","toID":"1353040","formEdgeID":null},{"edgeID":"1771958","fromID":"1353039","toID":"1353042","formEdgeID":null},{"edgeID":"1771959","fromID":"1353042","toID":"1353038","formEdgeID":null},{"edgeID":"1771960","fromID":"1353033","toID":"1353043","formEdgeID":null},{"edgeID":"1771961","fromID":"1353043","toID":"1353039","formEdgeID":null},{"edgeID":"1771962","fromID":"1353038","toID":"1353044","formEdgeID":null},{"edgeID":"1771963","fromID":"1353044","toID":"1353032","formEdgeID":null},{"edgeID":"1771964","fromID":"1353043","toID":"1353045","formEdgeID":null},{"edgeID":"1771965","fromID":"1353045","toID":"1353044","formEdgeID":null},{"edgeID":"1771966","fromID":"1353048","toID":"1353047","formEdgeID":null},{"edgeID":"1771967","fromID":"1353049","toID":"1353048","formEdgeID":null},{"edgeID":"1771968","fromID":"1353047","toID":"1353050","formEdgeID":null},{"edgeID":"1771969","fromID":"1353050","toID":"1353046","formEdgeID":null},{"edgeID":"1771970","fromID":"1353039","toID":"1353051","formEdgeID":null},{"edgeID":"1771971","fromID":"1353051","toID":"1353047","formEdgeID":null},{"edgeID":"1771972","fromID":"1353046","toID":"1353052","formEdgeID":null},{"edgeID":"1771973","fromID":"1353052","toID":"1353038","formEdgeID":null},{"edgeID":"1771974","fromID":"1353051","toID":"1353053","formEdgeID":null},{"edgeID":"1771975","fromID":"1353053","toID":"1353052","formEdgeID":null},{"edgeID":"1771976","fromID":"1353046","toID":"1353054","formEdgeID":null},{"edgeID":"1771977","fromID":"1353054","toID":"1353032","formEdgeID":null},{"edgeID":"1771978","fromID":"1353038","toID":"1353054","formEdgeID":null},{"edgeID":"1771979","fromID":"1353039","toID":"1353055","formEdgeID":null},{"edgeID":"1771980","fromID":"1353055","toID":"1353047","formEdgeID":null},{"edgeID":"1771981","fromID":"1353055","toID":"1353056","formEdgeID":null},{"edgeID":"1771982","fromID":"1353056","toID":"1353054","formEdgeID":null},{"edgeID":"1771983","fromID":"1353059","toID":"1353058","formEdgeID":null},{"edgeID":"1771984","fromID":"1353060","toID":"1353059","formEdgeID":null},{"edgeID":"1771985","fromID":"1353058","toID":"1353061","formEdgeID":null},{"edgeID":"1771986","fromID":"1353061","toID":"1353057","formEdgeID":null},{"edgeID":"1771987","fromID":"1353047","toID":"1353062","formEdgeID":null},{"edgeID":"1771988","fromID":"1353062","toID":"1353058","formEdgeID":null},{"edgeID":"1771989","fromID":"1353057","toID":"1353063","formEdgeID":null},{"edgeID":"1771990","fromID":"1353063","toID":"1353046","formEdgeID":null},{"edgeID":"1771991","fromID":"1353062","toID":"1353064","formEdgeID":null},{"edgeID":"1771992","fromID":"1353064","toID":"1353063","formEdgeID":null},{"edgeID":"1771993","fromID":"1353067","toID":"1353066","formEdgeID":null},{"edgeID":"1771994","fromID":"1353068","toID":"1353067","formEdgeID":null},{"edgeID":"1771995","fromID":"1353066","toID":"1353069","formEdgeID":null},{"edgeID":"1771996","fromID":"1353069","toID":"1353065","formEdgeID":null},{"edgeID":"1771997","fromID":"1353058","toID":"1353070","formEdgeID":null},{"edgeID":"1771998","fromID":"1353070","toID":"1353066","formEdgeID":null},{"edgeID":"1771999","fromID":"1353065","toID":"1353071","formEdgeID":null},{"edgeID":"1772000","fromID":"1353071","toID":"1353057","formEdgeID":null},{"edgeID":"1772001","fromID":"1353070","toID":"1353072","formEdgeID":null},{"edgeID":"1772002","fromID":"1353072","toID":"1353071","formEdgeID":null}],"locutions":[]}