{"nodes":[{"nodeID":"1351758","text":"Julia Hartley-Brewer: No","type":"L","timestamp":"2023-11-09 14:10:55"},{"nodeID":"1351759","text":"David Lammy: No","type":"L","timestamp":"2023-11-09 14:10:55"},{"nodeID":"1351760","text":"Fiona Bruce: Okay","type":"L","timestamp":"2023-11-09 14:10:55"},{"nodeID":"1351761","text":"science is all subjective","type":"I","timestamp":"2023-11-09 14:10:55"},{"nodeID":"1351762","text":"Armando Iannucci: Science is all subjective","type":"L","timestamp":"2023-11-09 14:10:55"},{"nodeID":"1351763","text":"Analysing","type":"YA","timestamp":"2023-11-09 14:10:55"},{"nodeID":"1351764","text":"Lara: Armando Iannucci: Science is all subjective","type":"L","timestamp":"2023-11-09 14:10:55"},{"nodeID":"1351765","text":"Asserting","type":"YA","timestamp":"2023-11-09 14:10:55"},{"nodeID":"1351766","text":"Analysing","type":"YA","timestamp":"2023-11-09 14:10:55"},{"nodeID":"1351767","text":"Lara: Julia Hartley-Brewer: No","type":"L","timestamp":"2023-11-09 14:10:55"},{"nodeID":"1351768","text":"Default Transition","type":"TA","timestamp":"2023-11-09 14:10:55"},{"nodeID":"1351769","text":"Disagreeing","type":"YA","timestamp":"2023-11-09 14:10:55"},{"nodeID":"1351770","text":"science should be objective","type":"I","timestamp":"2023-11-09 14:10:56"},{"nodeID":"1351771","text":"Julia Hartley-Brewer: science should be objective","type":"L","timestamp":"2023-11-09 14:10:56"},{"nodeID":"1351772","text":"Analysing","type":"YA","timestamp":"2023-11-09 14:10:56"},{"nodeID":"1351773","text":"Lara: Julia Hartley-Brewer: science should be objective","type":"L","timestamp":"2023-11-09 14:10:56"},{"nodeID":"1351774","text":"Asserting","type":"YA","timestamp":"2023-11-09 14:10:56"},{"nodeID":"1351775","text":"Default Transition","type":"TA","timestamp":"2023-11-09 14:10:56"},{"nodeID":"1351776","text":"Default Conflict","type":"CA","timestamp":"2023-11-09 14:10:56"},{"nodeID":"1351777","text":"Disagreeing","type":"YA","timestamp":"2023-11-09 14:10:56"},{"nodeID":"1351778","text":"Armando Iannucci: Yes","type":"L","timestamp":"2023-11-09 14:10:56"},{"nodeID":"1351779","text":"Analysing","type":"YA","timestamp":"2023-11-09 14:10:56"},{"nodeID":"1351780","text":"Lara: Armando Iannucci: Yes","type":"L","timestamp":"2023-11-09 14:10:56"},{"nodeID":"1351781","text":"Default Transition","type":"TA","timestamp":"2023-11-09 14:10:56"},{"nodeID":"1351782","text":"Agreeing","type":"YA","timestamp":"2023-11-09 14:10:56"},{"nodeID":"1351783","text":"we shouldn\u2019t have politicised statements","type":"I","timestamp":"2023-11-09 14:10:57"},{"nodeID":"1351784","text":"Julia Hartley-Brewer: which is why we shouldn\u2019t have politicised statements","type":"L","timestamp":"2023-11-09 14:10:57"},{"nodeID":"1351785","text":"Analysing","type":"YA","timestamp":"2023-11-09 14:10:57"},{"nodeID":"1351786","text":"Lara: Julia Hartley-Brewer: which is why we shouldn\u2019t have politicised statements","type":"L","timestamp":"2023-11-09 14:10:57"},{"nodeID":"1351787","text":"Asserting","type":"YA","timestamp":"2023-11-09 14:10:57"},{"nodeID":"1351788","text":"Default Transition","type":"TA","timestamp":"2023-11-09 14:10:57"},{"nodeID":"1351789","text":"Default Inference","type":"RA","timestamp":"2023-11-09 14:10:57"},{"nodeID":"1351790","text":"Arguing","type":"YA","timestamp":"2023-11-09 14:10:57"},{"nodeID":"1351791","text":"okay","type":"I","timestamp":"2023-11-09 14:10:57"},{"nodeID":"1351792","text":"Analysing","type":"YA","timestamp":"2023-11-09 14:10:57"},{"nodeID":"1351793","text":"Lara: Fiona Bruce: Okay","type":"L","timestamp":"2023-11-09 14:10:57"},{"nodeID":"1351794","text":"Asserting","type":"YA","timestamp":"2023-11-09 14:10:57"},{"nodeID":"1351795","text":"Default Transition","type":"TA","timestamp":"2023-11-09 14:10:57"},{"nodeID":"1351796","text":"ninety nine point nine percent of the science tells us that the climate is facing an utter catastrophe","type":"I","timestamp":"2023-11-09 14:10:58"},{"nodeID":"1351797","text":"Armando Iannucci: Ninety nine point nine percent of the science tells us that the climate is facing","type":"L","timestamp":"2023-11-09 14:10:58"},{"nodeID":"1351798","text":"Analysing","type":"YA","timestamp":"2023-11-09 14:10:58"},{"nodeID":"1351799","text":"Lara: Armando Iannucci: Ninety nine point nine percent of the science tells us that the climate is facing","type":"L","timestamp":"2023-11-09 14:10:58"},{"nodeID":"1351800","text":"Asserting","type":"YA","timestamp":"2023-11-09 14:10:58"},{"nodeID":"1351801","text":"Default Transition","type":"TA","timestamp":"2023-11-09 14:10:58"},{"nodeID":"1351802","text":"Julia Hartley-Brewer: No, it doesn\u2019t","type":"L","timestamp":"2023-11-09 14:10:58"},{"nodeID":"1351803","text":"Analysing","type":"YA","timestamp":"2023-11-09 14:10:58"},{"nodeID":"1351804","text":"Lara: Julia Hartley-Brewer: No, it doesn\u2019t","type":"L","timestamp":"2023-11-09 14:10:58"},{"nodeID":"1351805","text":"Default Transition","type":"TA","timestamp":"2023-11-09 14:10:58"},{"nodeID":"1351806","text":"Disagreeing","type":"YA","timestamp":"2023-11-09 14:10:58"},{"nodeID":"1351807","text":"ninety nine point nine percent of the science doesn\u2019t tell us that the climate is facing an utter catastrophe","type":"I","timestamp":"2023-11-09 14:10:58"},{"nodeID":"1351808","text":"Julia Hartley-Brewer: It doesn\u2019t","type":"L","timestamp":"2023-11-09 14:10:58"},{"nodeID":"1351809","text":"Analysing","type":"YA","timestamp":"2023-11-09 14:10:58"},{"nodeID":"1351810","text":"Lara: Julia Hartley-Brewer: It doesn\u2019t","type":"L","timestamp":"2023-11-09 14:10:58"},{"nodeID":"1351811","text":"Asserting","type":"YA","timestamp":"2023-11-09 14:10:58"},{"nodeID":"1351812","text":"Default Transition","type":"TA","timestamp":"2023-11-09 14:10:58"},{"nodeID":"1351813","text":"Default Conflict","type":"CA","timestamp":"2023-11-09 14:10:58"},{"nodeID":"1351814","text":"Disagreeing","type":"YA","timestamp":"2023-11-09 14:10:58"},{"nodeID":"1351815","text":"the utter catastrophe climate is facing may have started already","type":"I","timestamp":"2023-11-09 14:10:59"},{"nodeID":"1351816","text":"Armando Iannucci: If it hasn\u2019t started already","type":"L","timestamp":"2023-11-09 14:10:59"},{"nodeID":"1351817","text":"Analysing","type":"YA","timestamp":"2023-11-09 14:10:59"},{"nodeID":"1351818","text":"Lara: Armando Iannucci: If it hasn\u2019t started already","type":"L","timestamp":"2023-11-09 14:10:59"},{"nodeID":"1351819","text":"Asserting","type":"YA","timestamp":"2023-11-09 14:10:59"},{"nodeID":"1351820","text":"Default Transition","type":"TA","timestamp":"2023-11-09 14:10:59"},{"nodeID":"1351821","text":"Default Rephrase","type":"MA","timestamp":"2023-11-09 14:10:59"},{"nodeID":"1351822","text":"Restating","type":"YA","timestamp":"2023-11-09 14:10:59"},{"nodeID":"1351823","text":"Default Transition","type":"TA","timestamp":"2023-11-09 14:10:59"},{"nodeID":"1351824","text":"Default Conflict","type":"CA","timestamp":"2023-11-09 14:10:59"},{"nodeID":"1351825","text":"Disagreeing","type":"YA","timestamp":"2023-11-09 14:10:59"},{"nodeID":"1351826","text":"science doesn't tell us that the climate is facing an utter catastrophe","type":"I","timestamp":"2023-11-09 14:11:00"},{"nodeID":"1351827","text":"Julia Hartley-Brewer: It literally doesn\u2019t","type":"L","timestamp":"2023-11-09 14:11:00"},{"nodeID":"1351828","text":"Analysing","type":"YA","timestamp":"2023-11-09 14:11:00"},{"nodeID":"1351829","text":"Lara: Julia Hartley-Brewer: It literally doesn\u2019t","type":"L","timestamp":"2023-11-09 14:11:00"},{"nodeID":"1351830","text":"Asserting","type":"YA","timestamp":"2023-11-09 14:11:00"},{"nodeID":"1351831","text":"Default Rephrase","type":"MA","timestamp":"2023-11-09 14:11:00"},{"nodeID":"1351832","text":"Default Transition","type":"TA","timestamp":"2023-11-09 14:11:00"},{"nodeID":"1351833","text":"Restating","type":"YA","timestamp":"2023-11-09 14:11:00"},{"nodeID":"1351834","text":"Default Transition","type":"TA","timestamp":"2023-11-09 14:11:00"},{"nodeID":"1351835","text":"Default Conflict","type":"CA","timestamp":"2023-11-09 14:11:00"},{"nodeID":"1351836","text":"Disagreeing","type":"YA","timestamp":"2023-11-09 14:11:00"},{"nodeID":"1351837","text":"Armando Iannucci should read some of the scientific reports","type":"I","timestamp":"2023-11-09 14:11:00"},{"nodeID":"1351838","text":"Julia Hartley-Brewer: You should read some of the scientific reports","type":"L","timestamp":"2023-11-09 14:11:00"},{"nodeID":"1351839","text":"Analysing","type":"YA","timestamp":"2023-11-09 14:11:00"},{"nodeID":"1351840","text":"Lara: Julia Hartley-Brewer: You should read some of the scientific reports","type":"L","timestamp":"2023-11-09 14:11:00"},{"nodeID":"1351841","text":"Asserting","type":"YA","timestamp":"2023-11-09 14:11:00"},{"nodeID":"1351842","text":"the scientific reports don\u2019t back up the political statements that say the climate is facing an utter catastrophe","type":"I","timestamp":"2023-11-09 14:11:01"},{"nodeID":"1351843","text":"Julia Hartley-Brewer: They don\u2019t back up those political statements","type":"L","timestamp":"2023-11-09 14:11:01"},{"nodeID":"1351844","text":"Analysing","type":"YA","timestamp":"2023-11-09 14:11:01"},{"nodeID":"1351845","text":"Lara: Julia Hartley-Brewer: They don\u2019t back up those political statements","type":"L","timestamp":"2023-11-09 14:11:01"},{"nodeID":"1351846","text":"Asserting","type":"YA","timestamp":"2023-11-09 14:11:01"},{"nodeID":"1351847","text":"Default Transition","type":"TA","timestamp":"2023-11-09 14:11:01"},{"nodeID":"1351848","text":"Default Inference","type":"RA","timestamp":"2023-11-09 14:11:01"},{"nodeID":"1351849","text":"Arguing","type":"YA","timestamp":"2023-11-09 14:11:01"},{"nodeID":"1351850","text":"Default Transition","type":"TA","timestamp":"2023-11-09 14:11:01"},{"nodeID":"1351851","text":"Default Inference","type":"RA","timestamp":"2023-11-09 14:11:01"},{"nodeID":"1351852","text":"Arguing","type":"YA","timestamp":"2023-11-09 14:11:01"},{"nodeID":"1351853","text":"the scientific reports don\u2019t back up those political statements","type":"I","timestamp":"2023-11-09 14:11:01"},{"nodeID":"1351854","text":"Julia Hartley-Brewer: They don\u2019t","type":"L","timestamp":"2023-11-09 14:11:01"},{"nodeID":"1351855","text":"Analysing","type":"YA","timestamp":"2023-11-09 14:11:01"},{"nodeID":"1351856","text":"Lara: Julia Hartley-Brewer: They don\u2019t","type":"L","timestamp":"2023-11-09 14:11:01"},{"nodeID":"1351857","text":"Asserting","type":"YA","timestamp":"2023-11-09 14:11:01"},{"nodeID":"1351858","text":"Default Transition","type":"TA","timestamp":"2023-11-09 14:11:01"},{"nodeID":"1351859","text":"Default Rephrase","type":"MA","timestamp":"2023-11-09 14:11:01"},{"nodeID":"1351860","text":"Restating","type":"YA","timestamp":"2023-11-09 14:11:01"},{"nodeID":"1351861","text":"there is the point of view in the Conservative Party that the scientific reports don\u2019t back up that the climate is facing an utter catastrophe","type":"I","timestamp":"2023-11-09 14:11:02"},{"nodeID":"1351862","text":"David Lammy: because of this point of view in the Conservative Party","type":"L","timestamp":"2023-11-09 14:11:02"},{"nodeID":"1351863","text":"Analysing","type":"YA","timestamp":"2023-11-09 14:11:02"},{"nodeID":"1351864","text":"Lara: David Lammy: because of this point of view in the Conservative Party","type":"L","timestamp":"2023-11-09 14:11:02"},{"nodeID":"1351865","text":"Asserting","type":"YA","timestamp":"2023-11-09 14:11:02"},{"nodeID":"1351866","text":"Default Transition","type":"TA","timestamp":"2023-11-09 14:11:02"},{"nodeID":"1351867","text":"Default Rephrase","type":"MA","timestamp":"2023-11-09 14:11:02"},{"nodeID":"1351868","text":"Restating","type":"YA","timestamp":"2023-11-09 14:11:02"},{"nodeID":"1351869","text":"Julia Hartley-Brewer is not in the Conservative Party","type":"I","timestamp":"2023-11-09 14:11:03"},{"nodeID":"1351870","text":"Julia Hartley-Brewer: I\u2019m not in the Conservative Party","type":"L","timestamp":"2023-11-09 14:11:03"},{"nodeID":"1351871","text":"Analysing","type":"YA","timestamp":"2023-11-09 14:11:03"},{"nodeID":"1351872","text":"Lara: Julia Hartley-Brewer: I\u2019m not in the Conservative Party","type":"L","timestamp":"2023-11-09 14:11:03"},{"nodeID":"1351873","text":"Asserting","type":"YA","timestamp":"2023-11-09 14:11:03"},{"nodeID":"1351874","text":"Default Transition","type":"TA","timestamp":"2023-11-09 14:11:03"},{"nodeID":"1351875","text":"Default Conflict","type":"CA","timestamp":"2023-11-09 14:11:03"},{"nodeID":"1351876","text":"Disagreeing","type":"YA","timestamp":"2023-11-09 14:11:03"},{"nodeID":"1351877","text":"Analysing","type":"YA","timestamp":"2023-11-09 14:11:03"},{"nodeID":"1351878","text":"Lara: David Lammy: No","type":"L","timestamp":"2023-11-09 14:11:03"},{"nodeID":"1351879","text":"Default Transition","type":"TA","timestamp":"2023-11-09 14:11:03"},{"nodeID":"1351880","text":"Agreeing","type":"YA","timestamp":"2023-11-09 14:11:03"},{"nodeID":"1351881","text":"the point of view that science doesn't tell us the climate is facing an utter catastrophe exists","type":"I","timestamp":"2023-11-09 14:11:03"},{"nodeID":"1351882","text":"David Lammy: the point of view that exists","type":"L","timestamp":"2023-11-09 14:11:03"},{"nodeID":"1351883","text":"Analysing","type":"YA","timestamp":"2023-11-09 14:11:03"},{"nodeID":"1351884","text":"Lara: David Lammy: the point of view that exists","type":"L","timestamp":"2023-11-09 14:11:03"},{"nodeID":"1351885","text":"Asserting","type":"YA","timestamp":"2023-11-09 14:11:03"},{"nodeID":"1351886","text":"Default Transition","type":"TA","timestamp":"2023-11-09 14:11:03"},{"nodeID":"1351887","text":"Default Rephrase","type":"MA","timestamp":"2023-11-09 14:11:03"},{"nodeID":"1351888","text":"Restating","type":"YA","timestamp":"2023-11-09 14:11:03"},{"nodeID":"1351889","text":"our Prime Minister announced today that he will not be going to the next COP in Egypt","type":"I","timestamp":"2023-11-09 14:11:04"},{"nodeID":"1351890","text":"David Lammy: our Prime Minister announced today that despite us chairing COP, he will not be going to the next COP in Egypt","type":"L","timestamp":"2023-11-09 14:11:04"},{"nodeID":"1351891","text":"Analysing","type":"YA","timestamp":"2023-11-09 14:11:04"},{"nodeID":"1351892","text":"Lara: David Lammy: our Prime Minister announced today that despite us chairing COP, he will not be going to the next COP in Egypt","type":"L","timestamp":"2023-11-09 14:11:04"},{"nodeID":"1351893","text":"Asserting","type":"YA","timestamp":"2023-11-09 14:11:04"},{"nodeID":"1351894","text":"Default Transition","type":"TA","timestamp":"2023-11-09 14:11:04"},{"nodeID":"1351895","text":"Default Inference","type":"RA","timestamp":"2023-11-09 14:11:04"},{"nodeID":"1351896","text":"Arguing","type":"YA","timestamp":"2023-11-09 14:11:04"},{"nodeID":"1351897","text":"we chair COP","type":"I","timestamp":"2023-11-09 14:11:05"},{"nodeID":"1351898","text":"David Lammy: despite us chairing COP","type":"L","timestamp":"2023-11-09 14:11:05"},{"nodeID":"1351899","text":"Analysing","type":"YA","timestamp":"2023-11-09 14:11:05"},{"nodeID":"1351900","text":"Lara: David Lammy: despite us chairing COP","type":"L","timestamp":"2023-11-09 14:11:05"},{"nodeID":"1351901","text":"Asserting","type":"YA","timestamp":"2023-11-09 14:11:05"},{"nodeID":"1351902","text":"Default Transition","type":"TA","timestamp":"2023-11-09 14:11:05"},{"nodeID":"1351903","text":"Default Conflict","type":"CA","timestamp":"2023-11-09 14:11:05"},{"nodeID":"1351904","text":"Disagreeing","type":"YA","timestamp":"2023-11-09 14:11:05"},{"nodeID":"1351905","text":"Rishi Sunak not going to the next COP is the reason why these young people are on the street","type":"I","timestamp":"2023-11-09 14:11:05"},{"nodeID":"1351906","text":"David Lammy: that\u2019s why these young people are on the street","type":"L","timestamp":"2023-11-09 14:11:05"},{"nodeID":"1351907","text":"Analysing","type":"YA","timestamp":"2023-11-09 14:11:05"},{"nodeID":"1351908","text":"Lara: David Lammy: that\u2019s why these young people are on the street","type":"L","timestamp":"2023-11-09 14:11:05"},{"nodeID":"1351909","text":"Asserting","type":"YA","timestamp":"2023-11-09 14:11:05"},{"nodeID":"1351910","text":"Default Transition","type":"TA","timestamp":"2023-11-09 14:11:05"},{"nodeID":"1351911","text":"Default Rephrase","type":"MA","timestamp":"2023-11-09 14:11:05"},{"nodeID":"1351912","text":"Restating","type":"YA","timestamp":"2023-11-09 14:11:05"},{"nodeID":"1351913","text":"David Lammy longs for a Labour Government","type":"I","timestamp":"2023-11-09 14:11:06"},{"nodeID":"1351914","text":"David Lammy: I long for a Labour Government","type":"L","timestamp":"2023-11-09 14:11:06"},{"nodeID":"1351915","text":"Analysing","type":"YA","timestamp":"2023-11-09 14:11:06"},{"nodeID":"1351916","text":"Lara: David Lammy: I long for a Labour Government","type":"L","timestamp":"2023-11-09 14:11:06"},{"nodeID":"1351917","text":"Asserting","type":"YA","timestamp":"2023-11-09 14:11:06"},{"nodeID":"1351918","text":"Default Transition","type":"TA","timestamp":"2023-11-09 14:11:06"},{"nodeID":"1351919","text":"David Lammy longs for a Labour Government only for one thing","type":"I","timestamp":"2023-11-09 14:11:06"},{"nodeID":"1351920","text":"David Lammy: if only for one thing","type":"L","timestamp":"2023-11-09 14:11:06"},{"nodeID":"1351921","text":"Analysing","type":"YA","timestamp":"2023-11-09 14:11:06"},{"nodeID":"1351922","text":"Lara: David Lammy: if only for one thing","type":"L","timestamp":"2023-11-09 14:11:06"},{"nodeID":"1351923","text":"Asserting","type":"YA","timestamp":"2023-11-09 14:11:06"},{"nodeID":"1351924","text":"we will not be granting new licences for oil and gas","type":"I","timestamp":"2023-11-09 14:11:07"},{"nodeID":"1351925","text":"David Lammy: we will not be granting new licences for oil and gas","type":"L","timestamp":"2023-11-09 14:11:07"},{"nodeID":"1351926","text":"Analysing","type":"YA","timestamp":"2023-11-09 14:11:07"},{"nodeID":"1351927","text":"Lara: David Lammy: we will not be granting new licences for oil and gas","type":"L","timestamp":"2023-11-09 14:11:07"},{"nodeID":"1351928","text":"Asserting","type":"YA","timestamp":"2023-11-09 14:11:07"},{"nodeID":"1351929","text":"we\u2019re serious about climate change","type":"I","timestamp":"2023-11-09 14:11:08"},{"nodeID":"1351930","text":"David Lammy: we\u2019re serious about it","type":"L","timestamp":"2023-11-09 14:11:08"},{"nodeID":"1351931","text":"Analysing","type":"YA","timestamp":"2023-11-09 14:11:08"},{"nodeID":"1351932","text":"Lara: David Lammy: we\u2019re serious about it","type":"L","timestamp":"2023-11-09 14:11:08"},{"nodeID":"1351933","text":"Asserting","type":"YA","timestamp":"2023-11-09 14:11:08"},{"nodeID":"1351934","text":"Default Transition","type":"TA","timestamp":"2023-11-09 14:11:08"},{"nodeID":"1351935","text":"Default Rephrase","type":"MA","timestamp":"2023-11-09 14:11:08"},{"nodeID":"1351936","text":"Restating","type":"YA","timestamp":"2023-11-09 14:11:08"},{"nodeID":"1351937","text":"Default Transition","type":"TA","timestamp":"2023-11-09 14:11:08"},{"nodeID":"1351938","text":"Default Inference","type":"RA","timestamp":"2023-11-09 14:11:08"},{"nodeID":"1351939","text":"Arguing","type":"YA","timestamp":"2023-11-09 14:11:08"},{"nodeID":"1351940","text":"Default Transition","type":"TA","timestamp":"2023-11-09 14:11:08"},{"nodeID":"1351941","text":"Default Inference","type":"RA","timestamp":"2023-11-09 14:11:08"},{"nodeID":"1351942","text":"Arguing","type":"YA","timestamp":"2023-11-09 14:11:08"},{"nodeID":"1351943","text":"we can all be cold","type":"I","timestamp":"2023-11-09 14:11:08"},{"nodeID":"1351944","text":"Julia Hartley-Brewer: we can all be cold","type":"L","timestamp":"2023-11-09 14:11:08"},{"nodeID":"1351945","text":"Analysing","type":"YA","timestamp":"2023-11-09 14:11:08"},{"nodeID":"1351946","text":"Lara: Julia Hartley-Brewer: we can all be cold","type":"L","timestamp":"2023-11-09 14:11:08"},{"nodeID":"1351947","text":"Asserting","type":"YA","timestamp":"2023-11-09 14:11:08"},{"nodeID":"1351948","text":"we can all be cold in the winter","type":"I","timestamp":"2023-11-09 14:11:09"},{"nodeID":"1351949","text":"Julia Hartley-Brewer: Then we can all be cold in the winter","type":"L","timestamp":"2023-11-09 14:11:09"},{"nodeID":"1351950","text":"Analysing","type":"YA","timestamp":"2023-11-09 14:11:09"},{"nodeID":"1351951","text":"Lara: Julia Hartley-Brewer: Then we can all be cold in the winter","type":"L","timestamp":"2023-11-09 14:11:09"},{"nodeID":"1351952","text":"Asserting","type":"YA","timestamp":"2023-11-09 14:11:09"},{"nodeID":"1351953","text":"Default Transition","type":"TA","timestamp":"2023-11-09 14:11:09"},{"nodeID":"1351954","text":"Default Rephrase","type":"MA","timestamp":"2023-11-09 14:11:09"},{"nodeID":"1351955","text":"Restating","type":"YA","timestamp":"2023-11-09 14:11:09"},{"nodeID":"1351956","text":"Default Inference","type":"RA","timestamp":"2023-11-09 14:11:09"},{"nodeID":"1351957","text":"Default Transition","type":"TA","timestamp":"2023-11-09 14:11:09"},{"nodeID":"1351958","text":"Arguing","type":"YA","timestamp":"2023-11-09 14:11:09"}],"edges":[{"edgeID":"1770445","fromID":"1351763","toID":"1351762","formEdgeID":null},{"edgeID":"1770446","fromID":"1351764","toID":"1351763","formEdgeID":null},{"edgeID":"1770447","fromID":"1351762","toID":"1351765","formEdgeID":null},{"edgeID":"1770448","fromID":"1351765","toID":"1351761","formEdgeID":null},{"edgeID":"1770449","fromID":"1351766","toID":"1351758","formEdgeID":null},{"edgeID":"1770450","fromID":"1351767","toID":"1351766","formEdgeID":null},{"edgeID":"1770451","fromID":"1351762","toID":"1351768","formEdgeID":null},{"edgeID":"1770452","fromID":"1351768","toID":"1351758","formEdgeID":null},{"edgeID":"1770453","fromID":"1351768","toID":"1351769","formEdgeID":null},{"edgeID":"1770454","fromID":"1351769","toID":"1351761","formEdgeID":null},{"edgeID":"1770455","fromID":"1351772","toID":"1351771","formEdgeID":null},{"edgeID":"1770456","fromID":"1351773","toID":"1351772","formEdgeID":null},{"edgeID":"1770457","fromID":"1351771","toID":"1351774","formEdgeID":null},{"edgeID":"1770458","fromID":"1351774","toID":"1351770","formEdgeID":null},{"edgeID":"1770459","fromID":"1351762","toID":"1351775","formEdgeID":null},{"edgeID":"1770460","fromID":"1351775","toID":"1351771","formEdgeID":null},{"edgeID":"1770461","fromID":"1351770","toID":"1351776","formEdgeID":null},{"edgeID":"1770462","fromID":"1351776","toID":"1351761","formEdgeID":null},{"edgeID":"1770463","fromID":"1351775","toID":"1351777","formEdgeID":null},{"edgeID":"1770464","fromID":"1351777","toID":"1351776","formEdgeID":null},{"edgeID":"1770465","fromID":"1351779","toID":"1351778","formEdgeID":null},{"edgeID":"1770466","fromID":"1351780","toID":"1351779","formEdgeID":null},{"edgeID":"1770467","fromID":"1351771","toID":"1351781","formEdgeID":null},{"edgeID":"1770468","fromID":"1351781","toID":"1351778","formEdgeID":null},{"edgeID":"1770469","fromID":"1351781","toID":"1351782","formEdgeID":null},{"edgeID":"1770470","fromID":"1351782","toID":"1351770","formEdgeID":null},{"edgeID":"1770471","fromID":"1351785","toID":"1351784","formEdgeID":null},{"edgeID":"1770472","fromID":"1351786","toID":"1351785","formEdgeID":null},{"edgeID":"1770473","fromID":"1351784","toID":"1351787","formEdgeID":null},{"edgeID":"1770474","fromID":"1351787","toID":"1351783","formEdgeID":null},{"edgeID":"1770475","fromID":"1351771","toID":"1351788","formEdgeID":null},{"edgeID":"1770476","fromID":"1351788","toID":"1351784","formEdgeID":null},{"edgeID":"1770477","fromID":"1351770","toID":"1351789","formEdgeID":null},{"edgeID":"1770478","fromID":"1351789","toID":"1351783","formEdgeID":null},{"edgeID":"1770479","fromID":"1351788","toID":"1351790","formEdgeID":null},{"edgeID":"1770480","fromID":"1351790","toID":"1351789","formEdgeID":null},{"edgeID":"1770481","fromID":"1351792","toID":"1351760","formEdgeID":null},{"edgeID":"1770482","fromID":"1351793","toID":"1351792","formEdgeID":null},{"edgeID":"1770483","fromID":"1351760","toID":"1351794","formEdgeID":null},{"edgeID":"1770484","fromID":"1351794","toID":"1351791","formEdgeID":null},{"edgeID":"1770485","fromID":"1351784","toID":"1351795","formEdgeID":null},{"edgeID":"1770486","fromID":"1351795","toID":"1351760","formEdgeID":null},{"edgeID":"1770487","fromID":"1351798","toID":"1351797","formEdgeID":null},{"edgeID":"1770488","fromID":"1351799","toID":"1351798","formEdgeID":null},{"edgeID":"1770489","fromID":"1351797","toID":"1351800","formEdgeID":null},{"edgeID":"1770490","fromID":"1351800","toID":"1351796","formEdgeID":null},{"edgeID":"1770491","fromID":"1351760","toID":"1351801","formEdgeID":null},{"edgeID":"1770492","fromID":"1351801","toID":"1351797","formEdgeID":null},{"edgeID":"1770493","fromID":"1351803","toID":"1351802","formEdgeID":null},{"edgeID":"1770494","fromID":"1351804","toID":"1351803","formEdgeID":null},{"edgeID":"1770495","fromID":"1351797","toID":"1351805","formEdgeID":null},{"edgeID":"1770496","fromID":"1351805","toID":"1351802","formEdgeID":null},{"edgeID":"1770497","fromID":"1351805","toID":"1351806","formEdgeID":null},{"edgeID":"1770498","fromID":"1351806","toID":"1351796","formEdgeID":null},{"edgeID":"1770499","fromID":"1351809","toID":"1351808","formEdgeID":null},{"edgeID":"1770500","fromID":"1351810","toID":"1351809","formEdgeID":null},{"edgeID":"1770501","fromID":"1351808","toID":"1351811","formEdgeID":null},{"edgeID":"1770502","fromID":"1351811","toID":"1351807","formEdgeID":null},{"edgeID":"1770503","fromID":"1351797","toID":"1351812","formEdgeID":null},{"edgeID":"1770504","fromID":"1351812","toID":"1351808","formEdgeID":null},{"edgeID":"1770505","fromID":"1351807","toID":"1351813","formEdgeID":null},{"edgeID":"1770506","fromID":"1351813","toID":"1351796","formEdgeID":null},{"edgeID":"1770507","fromID":"1351812","toID":"1351814","formEdgeID":null},{"edgeID":"1770508","fromID":"1351814","toID":"1351813","formEdgeID":null},{"edgeID":"1770509","fromID":"1351817","toID":"1351816","formEdgeID":null},{"edgeID":"1770510","fromID":"1351818","toID":"1351817","formEdgeID":null},{"edgeID":"1770511","fromID":"1351816","toID":"1351819","formEdgeID":null},{"edgeID":"1770512","fromID":"1351819","toID":"1351815","formEdgeID":null},{"edgeID":"1770513","fromID":"1351797","toID":"1351820","formEdgeID":null},{"edgeID":"1770514","fromID":"1351820","toID":"1351816","formEdgeID":null},{"edgeID":"1770515","fromID":"1351815","toID":"1351821","formEdgeID":null},{"edgeID":"1770516","fromID":"1351821","toID":"1351796","formEdgeID":null},{"edgeID":"1770517","fromID":"1351820","toID":"1351822","formEdgeID":null},{"edgeID":"1770518","fromID":"1351822","toID":"1351821","formEdgeID":null},{"edgeID":"1770519","fromID":"1351808","toID":"1351823","formEdgeID":null},{"edgeID":"1770520","fromID":"1351823","toID":"1351816","formEdgeID":null},{"edgeID":"1770521","fromID":"1351815","toID":"1351824","formEdgeID":null},{"edgeID":"1770522","fromID":"1351824","toID":"1351807","formEdgeID":null},{"edgeID":"1770523","fromID":"1351823","toID":"1351825","formEdgeID":null},{"edgeID":"1770524","fromID":"1351825","toID":"1351824","formEdgeID":null},{"edgeID":"1770525","fromID":"1351828","toID":"1351827","formEdgeID":null},{"edgeID":"1770526","fromID":"1351829","toID":"1351828","formEdgeID":null},{"edgeID":"1770527","fromID":"1351827","toID":"1351830","formEdgeID":null},{"edgeID":"1770528","fromID":"1351830","toID":"1351826","formEdgeID":null},{"edgeID":"1770529","fromID":"1351826","toID":"1351831","formEdgeID":null},{"edgeID":"1770530","fromID":"1351831","toID":"1351807","formEdgeID":null},{"edgeID":"1770531","fromID":"1351808","toID":"1351832","formEdgeID":null},{"edgeID":"1770532","fromID":"1351832","toID":"1351827","formEdgeID":null},{"edgeID":"1770533","fromID":"1351832","toID":"1351833","formEdgeID":null},{"edgeID":"1770534","fromID":"1351833","toID":"1351831","formEdgeID":null},{"edgeID":"1770535","fromID":"1351816","toID":"1351834","formEdgeID":null},{"edgeID":"1770536","fromID":"1351834","toID":"1351827","formEdgeID":null},{"edgeID":"1770537","fromID":"1351826","toID":"1351835","formEdgeID":null},{"edgeID":"1770538","fromID":"1351835","toID":"1351815","formEdgeID":null},{"edgeID":"1770539","fromID":"1351834","toID":"1351836","formEdgeID":null},{"edgeID":"1770540","fromID":"1351836","toID":"1351835","formEdgeID":null},{"edgeID":"1770541","fromID":"1351839","toID":"1351838","formEdgeID":null},{"edgeID":"1770542","fromID":"1351840","toID":"1351839","formEdgeID":null},{"edgeID":"1770543","fromID":"1351838","toID":"1351841","formEdgeID":null},{"edgeID":"1770544","fromID":"1351841","toID":"1351837","formEdgeID":null},{"edgeID":"1770545","fromID":"1351844","toID":"1351843","formEdgeID":null},{"edgeID":"1770546","fromID":"1351845","toID":"1351844","formEdgeID":null},{"edgeID":"1770547","fromID":"1351843","toID":"1351846","formEdgeID":null},{"edgeID":"1770548","fromID":"1351846","toID":"1351842","formEdgeID":null},{"edgeID":"1770549","fromID":"1351838","toID":"1351847","formEdgeID":null},{"edgeID":"1770550","fromID":"1351847","toID":"1351843","formEdgeID":null},{"edgeID":"1770551","fromID":"1351842","toID":"1351848","formEdgeID":null},{"edgeID":"1770552","fromID":"1351848","toID":"1351837","formEdgeID":null},{"edgeID":"1770553","fromID":"1351847","toID":"1351849","formEdgeID":null},{"edgeID":"1770554","fromID":"1351849","toID":"1351848","formEdgeID":null},{"edgeID":"1770555","fromID":"1351827","toID":"1351850","formEdgeID":null},{"edgeID":"1770556","fromID":"1351850","toID":"1351843","formEdgeID":null},{"edgeID":"1770557","fromID":"1351842","toID":"1351851","formEdgeID":null},{"edgeID":"1770558","fromID":"1351851","toID":"1351826","formEdgeID":null},{"edgeID":"1770559","fromID":"1351850","toID":"1351852","formEdgeID":null},{"edgeID":"1770560","fromID":"1351852","toID":"1351851","formEdgeID":null},{"edgeID":"1770561","fromID":"1351855","toID":"1351854","formEdgeID":null},{"edgeID":"1770562","fromID":"1351856","toID":"1351855","formEdgeID":null},{"edgeID":"1770563","fromID":"1351854","toID":"1351857","formEdgeID":null},{"edgeID":"1770564","fromID":"1351857","toID":"1351853","formEdgeID":null},{"edgeID":"1770565","fromID":"1351843","toID":"1351858","formEdgeID":null},{"edgeID":"1770566","fromID":"1351858","toID":"1351854","formEdgeID":null},{"edgeID":"1770567","fromID":"1351853","toID":"1351859","formEdgeID":null},{"edgeID":"1770568","fromID":"1351859","toID":"1351842","formEdgeID":null},{"edgeID":"1770569","fromID":"1351858","toID":"1351860","formEdgeID":null},{"edgeID":"1770570","fromID":"1351860","toID":"1351859","formEdgeID":null},{"edgeID":"1770571","fromID":"1351863","toID":"1351862","formEdgeID":null},{"edgeID":"1770572","fromID":"1351864","toID":"1351863","formEdgeID":null},{"edgeID":"1770573","fromID":"1351862","toID":"1351865","formEdgeID":null},{"edgeID":"1770574","fromID":"1351865","toID":"1351861","formEdgeID":null},{"edgeID":"1770575","fromID":"1351854","toID":"1351866","formEdgeID":null},{"edgeID":"1770576","fromID":"1351866","toID":"1351862","formEdgeID":null},{"edgeID":"1770577","fromID":"1351861","toID":"1351867","formEdgeID":null},{"edgeID":"1770578","fromID":"1351867","toID":"1351853","formEdgeID":null},{"edgeID":"1770579","fromID":"1351866","toID":"1351868","formEdgeID":null},{"edgeID":"1770580","fromID":"1351868","toID":"1351867","formEdgeID":null},{"edgeID":"1770581","fromID":"1351871","toID":"1351870","formEdgeID":null},{"edgeID":"1770582","fromID":"1351872","toID":"1351871","formEdgeID":null},{"edgeID":"1770583","fromID":"1351870","toID":"1351873","formEdgeID":null},{"edgeID":"1770584","fromID":"1351873","toID":"1351869","formEdgeID":null},{"edgeID":"1770585","fromID":"1351862","toID":"1351874","formEdgeID":null},{"edgeID":"1770586","fromID":"1351874","toID":"1351870","formEdgeID":null},{"edgeID":"1770587","fromID":"1351869","toID":"1351875","formEdgeID":null},{"edgeID":"1770588","fromID":"1351875","toID":"1351861","formEdgeID":null},{"edgeID":"1770589","fromID":"1351874","toID":"1351876","formEdgeID":null},{"edgeID":"1770590","fromID":"1351876","toID":"1351875","formEdgeID":null},{"edgeID":"1770591","fromID":"1351877","toID":"1351759","formEdgeID":null},{"edgeID":"1770592","fromID":"1351878","toID":"1351877","formEdgeID":null},{"edgeID":"1770593","fromID":"1351870","toID":"1351879","formEdgeID":null},{"edgeID":"1770594","fromID":"1351879","toID":"1351759","formEdgeID":null},{"edgeID":"1770595","fromID":"1351879","toID":"1351880","formEdgeID":null},{"edgeID":"1770596","fromID":"1351880","toID":"1351869","formEdgeID":null},{"edgeID":"1770597","fromID":"1351883","toID":"1351882","formEdgeID":null},{"edgeID":"1770598","fromID":"1351884","toID":"1351883","formEdgeID":null},{"edgeID":"1770599","fromID":"1351882","toID":"1351885","formEdgeID":null},{"edgeID":"1770600","fromID":"1351885","toID":"1351881","formEdgeID":null},{"edgeID":"1770601","fromID":"1351862","toID":"1351886","formEdgeID":null},{"edgeID":"1770602","fromID":"1351886","toID":"1351882","formEdgeID":null},{"edgeID":"1770603","fromID":"1351881","toID":"1351887","formEdgeID":null},{"edgeID":"1770604","fromID":"1351887","toID":"1351861","formEdgeID":null},{"edgeID":"1770605","fromID":"1351886","toID":"1351888","formEdgeID":null},{"edgeID":"1770606","fromID":"1351888","toID":"1351887","formEdgeID":null},{"edgeID":"1770607","fromID":"1351891","toID":"1351890","formEdgeID":null},{"edgeID":"1770608","fromID":"1351892","toID":"1351891","formEdgeID":null},{"edgeID":"1770609","fromID":"1351890","toID":"1351893","formEdgeID":null},{"edgeID":"1770610","fromID":"1351893","toID":"1351889","formEdgeID":null},{"edgeID":"1770611","fromID":"1351882","toID":"1351894","formEdgeID":null},{"edgeID":"1770612","fromID":"1351894","toID":"1351890","formEdgeID":null},{"edgeID":"1770613","fromID":"1351881","toID":"1351895","formEdgeID":null},{"edgeID":"1770614","fromID":"1351895","toID":"1351889","formEdgeID":null},{"edgeID":"1770615","fromID":"1351894","toID":"1351896","formEdgeID":null},{"edgeID":"1770616","fromID":"1351896","toID":"1351895","formEdgeID":null},{"edgeID":"1770617","fromID":"1351899","toID":"1351898","formEdgeID":null},{"edgeID":"1770618","fromID":"1351900","toID":"1351899","formEdgeID":null},{"edgeID":"1770619","fromID":"1351898","toID":"1351901","formEdgeID":null},{"edgeID":"1770620","fromID":"1351901","toID":"1351897","formEdgeID":null},{"edgeID":"1770621","fromID":"1351890","toID":"1351902","formEdgeID":null},{"edgeID":"1770622","fromID":"1351902","toID":"1351898","formEdgeID":null},{"edgeID":"1770623","fromID":"1351897","toID":"1351903","formEdgeID":null},{"edgeID":"1770624","fromID":"1351903","toID":"1351889","formEdgeID":null},{"edgeID":"1770625","fromID":"1351902","toID":"1351904","formEdgeID":null},{"edgeID":"1770626","fromID":"1351904","toID":"1351903","formEdgeID":null},{"edgeID":"1770627","fromID":"1351907","toID":"1351906","formEdgeID":null},{"edgeID":"1770628","fromID":"1351908","toID":"1351907","formEdgeID":null},{"edgeID":"1770629","fromID":"1351906","toID":"1351909","formEdgeID":null},{"edgeID":"1770630","fromID":"1351909","toID":"1351905","formEdgeID":null},{"edgeID":"1770631","fromID":"1351890","toID":"1351910","formEdgeID":null},{"edgeID":"1770632","fromID":"1351910","toID":"1351906","formEdgeID":null},{"edgeID":"1770633","fromID":"1351905","toID":"1351911","formEdgeID":null},{"edgeID":"1770634","fromID":"1351911","toID":"1351889","formEdgeID":null},{"edgeID":"1770635","fromID":"1351910","toID":"1351912","formEdgeID":null},{"edgeID":"1770636","fromID":"1351912","toID":"1351911","formEdgeID":null},{"edgeID":"1770637","fromID":"1351915","toID":"1351914","formEdgeID":null},{"edgeID":"1770638","fromID":"1351916","toID":"1351915","formEdgeID":null},{"edgeID":"1770639","fromID":"1351914","toID":"1351917","formEdgeID":null},{"edgeID":"1770640","fromID":"1351917","toID":"1351913","formEdgeID":null},{"edgeID":"1770641","fromID":"1351906","toID":"1351918","formEdgeID":null},{"edgeID":"1770642","fromID":"1351918","toID":"1351914","formEdgeID":null},{"edgeID":"1770643","fromID":"1351921","toID":"1351920","formEdgeID":null},{"edgeID":"1770644","fromID":"1351922","toID":"1351921","formEdgeID":null},{"edgeID":"1770645","fromID":"1351920","toID":"1351923","formEdgeID":null},{"edgeID":"1770646","fromID":"1351923","toID":"1351919","formEdgeID":null},{"edgeID":"1770647","fromID":"1351926","toID":"1351925","formEdgeID":null},{"edgeID":"1770648","fromID":"1351927","toID":"1351926","formEdgeID":null},{"edgeID":"1770649","fromID":"1351925","toID":"1351928","formEdgeID":null},{"edgeID":"1770650","fromID":"1351928","toID":"1351924","formEdgeID":null},{"edgeID":"1770651","fromID":"1351931","toID":"1351930","formEdgeID":null},{"edgeID":"1770652","fromID":"1351932","toID":"1351931","formEdgeID":null},{"edgeID":"1770653","fromID":"1351930","toID":"1351933","formEdgeID":null},{"edgeID":"1770654","fromID":"1351933","toID":"1351929","formEdgeID":null},{"edgeID":"1770655","fromID":"1351914","toID":"1351934","formEdgeID":null},{"edgeID":"1770656","fromID":"1351934","toID":"1351920","formEdgeID":null},{"edgeID":"1770657","fromID":"1351919","toID":"1351935","formEdgeID":null},{"edgeID":"1770658","fromID":"1351935","toID":"1351913","formEdgeID":null},{"edgeID":"1770659","fromID":"1351934","toID":"1351936","formEdgeID":null},{"edgeID":"1770660","fromID":"1351936","toID":"1351935","formEdgeID":null},{"edgeID":"1770661","fromID":"1351920","toID":"1351937","formEdgeID":null},{"edgeID":"1770662","fromID":"1351937","toID":"1351925","formEdgeID":null},{"edgeID":"1770663","fromID":"1351924","toID":"1351938","formEdgeID":null},{"edgeID":"1770664","fromID":"1351938","toID":"1351919","formEdgeID":null},{"edgeID":"1770665","fromID":"1351937","toID":"1351939","formEdgeID":null},{"edgeID":"1770666","fromID":"1351939","toID":"1351938","formEdgeID":null},{"edgeID":"1770667","fromID":"1351925","toID":"1351940","formEdgeID":null},{"edgeID":"1770668","fromID":"1351940","toID":"1351930","formEdgeID":null},{"edgeID":"1770669","fromID":"1351929","toID":"1351941","formEdgeID":null},{"edgeID":"1770670","fromID":"1351941","toID":"1351924","formEdgeID":null},{"edgeID":"1770671","fromID":"1351940","toID":"1351942","formEdgeID":null},{"edgeID":"1770672","fromID":"1351942","toID":"1351941","formEdgeID":null},{"edgeID":"1770673","fromID":"1351945","toID":"1351944","formEdgeID":null},{"edgeID":"1770674","fromID":"1351946","toID":"1351945","formEdgeID":null},{"edgeID":"1770675","fromID":"1351944","toID":"1351947","formEdgeID":null},{"edgeID":"1770676","fromID":"1351947","toID":"1351943","formEdgeID":null},{"edgeID":"1770677","fromID":"1351950","toID":"1351949","formEdgeID":null},{"edgeID":"1770678","fromID":"1351951","toID":"1351950","formEdgeID":null},{"edgeID":"1770679","fromID":"1351949","toID":"1351952","formEdgeID":null},{"edgeID":"1770680","fromID":"1351952","toID":"1351948","formEdgeID":null},{"edgeID":"1770681","fromID":"1351944","toID":"1351953","formEdgeID":null},{"edgeID":"1770682","fromID":"1351953","toID":"1351949","formEdgeID":null},{"edgeID":"1770683","fromID":"1351948","toID":"1351954","formEdgeID":null},{"edgeID":"1770684","fromID":"1351954","toID":"1351943","formEdgeID":null},{"edgeID":"1770685","fromID":"1351953","toID":"1351955","formEdgeID":null},{"edgeID":"1770686","fromID":"1351955","toID":"1351954","formEdgeID":null},{"edgeID":"1770687","fromID":"1351924","toID":"1351956","formEdgeID":null},{"edgeID":"1770688","fromID":"1351956","toID":"1351943","formEdgeID":null},{"edgeID":"1770689","fromID":"1351925","toID":"1351957","formEdgeID":null},{"edgeID":"1770690","fromID":"1351957","toID":"1351944","formEdgeID":null},{"edgeID":"1770691","fromID":"1351957","toID":"1351958","formEdgeID":null},{"edgeID":"1770692","fromID":"1351958","toID":"1351956","formEdgeID":null}],"locutions":[]}