{"nodes":[{"nodeID":"1351374","text":"Default Transition","type":"TA","timestamp":"2023-11-09 14:10:17"},{"nodeID":"1351375","text":"Default Transition","type":"TA","timestamp":"2023-11-09 14:10:17"},{"nodeID":"1351376","text":"Default Transition","type":"TA","timestamp":"2023-11-09 14:10:17"},{"nodeID":"1351377","text":"Default Transition","type":"TA","timestamp":"2023-11-09 14:10:17"},{"nodeID":"1351378","text":"Julia Hartley- Brewer: you can all disagree with me\u00a0","type":"L","timestamp":"2023-11-09 14:10:17"},{"nodeID":"1351379","text":"Default Transition","type":"TA","timestamp":"2023-11-09 14:10:17"},{"nodeID":"1351380","text":"Julia Hartley-Brewer: It\u2019s called weather","type":"L","timestamp":"2023-11-09 14:10:17"},{"nodeID":"1351381","text":"Default Transition","type":"TA","timestamp":"2023-11-09 14:10:17"},{"nodeID":"1351382","text":"AudienceMember 20221110QT51: we really need to take action.","type":"L","timestamp":"2023-11-09 14:10:17"},{"nodeID":"1351383","text":"Default Transition","type":"TA","timestamp":"2023-11-09 14:10:17"},{"nodeID":"1351384","text":"AudienceMember 20221110QT51: this summer should have shown everybody that we thought maybe it\u2019s going to be in a few\u2026maybe in 30 years\u2019 time, 2050, but it\u2019s happening right now","type":"L","timestamp":"2023-11-09 14:10:17"},{"nodeID":"1351385","text":"AudienceMember 20221110QT51: Climate refugees is like that\u2019s going to\u2026that\u2019s our future, it\u2019s really immediate","type":"L","timestamp":"2023-11-09 14:10:17"},{"nodeID":"1351386","text":"Julia Hartley-Brewer: It happened 30 years ago as well","type":"L","timestamp":"2023-11-09 14:10:17"},{"nodeID":"1351387","text":"Default Transition","type":"TA","timestamp":"2023-11-09 14:10:17"},{"nodeID":"1351388","text":"Default Transition","type":"TA","timestamp":"2023-11-09 14:10:17"},{"nodeID":"1351389","text":"AudienceMember 20221110QT50: 30 million people displaced.","type":"L","timestamp":"2023-11-09 14:10:17"},{"nodeID":"1351390","text":"Default Transition","type":"TA","timestamp":"2023-11-09 14:10:17"},{"nodeID":"1351391","text":"AudienceMember 20221110QT50: the floods that have been happening in Pakistan","type":"L","timestamp":"2023-11-09 14:10:17"},{"nodeID":"1351392","text":"Default Transition","type":"TA","timestamp":"2023-11-09 14:10:17"},{"nodeID":"1351393","text":"AudienceMember 20221110QT50: That\u2019s unheard of.","type":"L","timestamp":"2023-11-09 14:10:17"},{"nodeID":"1351394","text":"Default Transition","type":"TA","timestamp":"2023-11-09 14:10:17"},{"nodeID":"1351395","text":"AudienceMember 20221110QT49: what do the panel think is the best way to","type":"L","timestamp":"2023-11-09 14:10:17"},{"nodeID":"1351396","text":"AudienceMember 20221110QT50: did we not all experience this summer where we got 40 degree heat?","type":"L","timestamp":"2023-11-09 14:10:17"},{"nodeID":"1351397","text":"AudienceMember 20221110QT49: how do we incentivise politicians to think long-term","type":"L","timestamp":"2023-11-09 14:10:17"},{"nodeID":"1351398","text":"AudienceMember 20221110QT49:  the UN report said that there\u2019s no credible pathway to get below 1.5","type":"L","timestamp":"2023-11-09 14:10:17"},{"nodeID":"1351399","text":"AudienceMember 20221110QT49: And actually focus on the things that are really, really going to affect our generations?","type":"L","timestamp":"2023-11-09 14:10:17"},{"nodeID":"1351400","text":"AudienceMember 20221110QT49: not focus on short-term party political infighting?","type":"L","timestamp":"2023-11-09 14:10:17"},{"nodeID":"1351401","text":"AudienceMember 20221110QT49: Rishi Sunak is not attending COP","type":"L","timestamp":"2023-11-09 14:10:17"},{"nodeID":"1351402","text":"AudienceMember 20221110QT50:  think it\u2019s a bit ridiculous to say that climate change is not as bad as it is","type":"L","timestamp":"2023-11-09 14:10:17"},{"nodeID":"1351403","text":"Default Transition","type":"TA","timestamp":"2023-11-09 14:10:17"},{"nodeID":"1351404","text":"Default Transition","type":"TA","timestamp":"2023-11-09 14:10:17"},{"nodeID":"1351405","text":"Default Transition","type":"TA","timestamp":"2023-11-09 14:10:17"},{"nodeID":"1351406","text":"Default Transition","type":"TA","timestamp":"2023-11-09 14:10:17"},{"nodeID":"1351407","text":"Arguing","type":"YA","timestamp":"2023-11-09 14:10:17"},{"nodeID":"1351408","text":"Asserting","type":"YA","timestamp":"2023-11-09 14:10:17"},{"nodeID":"1351409","text":"Disagreeing","type":"YA","timestamp":"2023-11-09 14:10:17"},{"nodeID":"1351410","text":"Arguing","type":"YA","timestamp":"2023-11-09 14:10:17"},{"nodeID":"1351411","text":"Asserting","type":"YA","timestamp":"2023-11-09 14:10:17"},{"nodeID":"1351412","text":"Asserting","type":"YA","timestamp":"2023-11-09 14:10:17"},{"nodeID":"1351413","text":"Asserting","type":"YA","timestamp":"2023-11-09 14:10:17"},{"nodeID":"1351414","text":"Asserting","type":"YA","timestamp":"2023-11-09 14:10:17"},{"nodeID":"1351415","text":"Disagreeing","type":"YA","timestamp":"2023-11-09 14:10:17"},{"nodeID":"1351416","text":"Asserting","type":"YA","timestamp":"2023-11-09 14:10:17"},{"nodeID":"1351417","text":"Arguing","type":"YA","timestamp":"2023-11-09 14:10:17"},{"nodeID":"1351418","text":"Arguing","type":"YA","timestamp":"2023-11-09 14:10:17"},{"nodeID":"1351419","text":"Asserting","type":"YA","timestamp":"2023-11-09 14:10:17"},{"nodeID":"1351420","text":"Asserting","type":"YA","timestamp":"2023-11-09 14:10:17"},{"nodeID":"1351421","text":"Asserting","type":"YA","timestamp":"2023-11-09 14:10:17"},{"nodeID":"1351422","text":"Rhetorical Questioning","type":"YA","timestamp":"2023-11-09 14:10:17"},{"nodeID":"1351423","text":"Pure Questioning","type":"YA","timestamp":"2023-11-09 14:10:17"},{"nodeID":"1351424","text":"Pure Questioning","type":"YA","timestamp":"2023-11-09 14:10:17"},{"nodeID":"1351425","text":"Pure Questioning","type":"YA","timestamp":"2023-11-09 14:10:17"},{"nodeID":"1351426","text":"Arguing","type":"YA","timestamp":"2023-11-09 14:10:17"},{"nodeID":"1351427","text":"Asserting","type":"YA","timestamp":"2023-11-09 14:10:17"},{"nodeID":"1351428","text":"Asserting","type":"YA","timestamp":"2023-11-09 14:10:17"},{"nodeID":"1351429","text":"Asserting","type":"YA","timestamp":"2023-11-09 14:10:17"},{"nodeID":"1351430","text":"Asserting","type":"YA","timestamp":"2023-11-09 14:10:17"},{"nodeID":"1351431","text":"30 million people have been displaced in the floods in Pakistan","type":"I","timestamp":"2023-11-09 14:10:18"},{"nodeID":"1351432","text":"Default Rephrase","type":"MA","timestamp":"2023-11-09 14:10:18"},{"nodeID":"1351433","text":"the floods that have been happening in Pakistan","type":"I","timestamp":"2023-11-09 14:10:19"},{"nodeID":"1351434","text":"this summer should have shown everybody that while we thought climate change would be bad in 2050, it is bad now","type":"I","timestamp":"2023-11-09 14:10:20"},{"nodeID":"1351435","text":"Default Inference","type":"RA","timestamp":"2023-11-09 14:10:20"},{"nodeID":"1351436","text":"climate refugees are the reality of our immediate future","type":"I","timestamp":"2023-11-09 14:10:21"},{"nodeID":"1351437","text":"this extreme weather happened 30 years ago as well","type":"I","timestamp":"2023-11-09 14:10:21"},{"nodeID":"1351438","text":"Default Inference","type":"RA","timestamp":"2023-11-09 14:10:21"},{"nodeID":"1351439","text":"we all experienced the 40 degree heat this summer","type":"I","timestamp":"2023-11-09 14:10:22"},{"nodeID":"1351440","text":"you can all disagree with me\u00a0","type":"I","timestamp":"2023-11-09 14:10:23"},{"nodeID":"1351441","text":"Default Inference","type":"RA","timestamp":"2023-11-09 14:10:23"},{"nodeID":"1351442","text":"it\u2019s a bit ridiculous to say that climate change is not as bad as it is","type":"I","timestamp":"2023-11-09 14:10:23"},{"nodeID":"1351443","text":"we really need to take action","type":"I","timestamp":"2023-11-09 14:10:24"},{"nodeID":"1351444","text":"Default Inference","type":"RA","timestamp":"2023-11-09 14:10:24"},{"nodeID":"1351445","text":"the 40 degree heat is unheard of","type":"I","timestamp":"2023-11-09 14:10:25"},{"nodeID":"1351446","text":"Default Conflict","type":"CA","timestamp":"2023-11-09 14:10:25"},{"nodeID":"1351447","text":"politicians should be incentivised to focus actually focus on the things that are really, really going to affect our generations by xxx","type":"I","timestamp":"2023-11-09 14:10:25"},{"nodeID":"1351448","text":"Rishi Sunak is not attending COP","type":"I","timestamp":"2023-11-09 14:10:26"},{"nodeID":"1351449","text":"politicians focus on short-term party political infighting","type":"I","timestamp":"2023-11-09 14:10:27"},{"nodeID":"1351450","text":"the UN report said that there\u2019s no credible pathway to get below 1.5","type":"I","timestamp":"2023-11-09 14:10:28"},{"nodeID":"1351451","text":"the panel think is the best way to focus on long term issues like climate change is xxx","type":"I","timestamp":"2023-11-09 14:10:28"},{"nodeID":"1351452","text":"Default Rephrase","type":"MA","timestamp":"2023-11-09 14:10:28"},{"nodeID":"1351453","text":"we incentivise politicians to think long-term by XXX","type":"I","timestamp":"2023-11-09 14:10:29"},{"nodeID":"1351454","text":"it\u2019s called weather","type":"I","timestamp":"2023-11-09 14:10:30"},{"nodeID":"1351455","text":"Default Rephrase","type":"MA","timestamp":"2023-11-09 14:10:30"},{"nodeID":"1351456","text":"Default Rephrase","type":"MA","timestamp":"2023-11-09 14:10:30"},{"nodeID":"1351457","text":"Default Inference","type":"RA","timestamp":"2023-11-09 14:10:30"},{"nodeID":"1351458","text":"Default Conflict","type":"CA","timestamp":"2023-11-09 14:10:30"},{"nodeID":"1351459","text":"Analysing","type":"YA","timestamp":"2023-11-09 14:10:30"},{"nodeID":"1351460","text":"Anon: AudienceMember 20221110QT49: Rishi Sunak is not attending COP","type":"L","timestamp":"2023-11-09 14:10:30"},{"nodeID":"1351461","text":"Analysing","type":"YA","timestamp":"2023-11-09 14:10:30"},{"nodeID":"1351462","text":"Anon: AudienceMember 20221110QT49:  the UN report said that there\u2019s no credible pathway to get below 1.5","type":"L","timestamp":"2023-11-09 14:10:30"},{"nodeID":"1351463","text":"Analysing","type":"YA","timestamp":"2023-11-09 14:10:30"},{"nodeID":"1351464","text":"Anon: AudienceMember 20221110QT49: how do we incentivise politicians to think long-term","type":"L","timestamp":"2023-11-09 14:10:30"},{"nodeID":"1351465","text":"Analysing","type":"YA","timestamp":"2023-11-09 14:10:30"},{"nodeID":"1351466","text":"Anon: AudienceMember 20221110QT49: not focus on short-term party political infighting?","type":"L","timestamp":"2023-11-09 14:10:30"},{"nodeID":"1351467","text":"Analysing","type":"YA","timestamp":"2023-11-09 14:10:30"},{"nodeID":"1351468","text":"Anon: AudienceMember 20221110QT49: And actually focus on the things that are really, really going to affect our generations?","type":"L","timestamp":"2023-11-09 14:10:30"},{"nodeID":"1351469","text":"Analysing","type":"YA","timestamp":"2023-11-09 14:10:30"},{"nodeID":"1351470","text":"Anon: AudienceMember 20221110QT49: what do the panel think is the best way to","type":"L","timestamp":"2023-11-09 14:10:30"},{"nodeID":"1351471","text":"Analysing","type":"YA","timestamp":"2023-11-09 14:10:30"},{"nodeID":"1351472","text":"Anon: AudienceMember 20221110QT50:  think it\u2019s a bit ridiculous to say that climate change is not as bad as it is","type":"L","timestamp":"2023-11-09 14:10:30"},{"nodeID":"1351473","text":"Analysing","type":"YA","timestamp":"2023-11-09 14:10:30"},{"nodeID":"1351474","text":"Anon: AudienceMember 20221110QT50: did we not all experience this summer where we got 40 degree heat?","type":"L","timestamp":"2023-11-09 14:10:30"},{"nodeID":"1351475","text":"Analysing","type":"YA","timestamp":"2023-11-09 14:10:30"},{"nodeID":"1351476","text":"Anon: AudienceMember 20221110QT50: That\u2019s unheard of.","type":"L","timestamp":"2023-11-09 14:10:30"},{"nodeID":"1351477","text":"Analysing","type":"YA","timestamp":"2023-11-09 14:10:30"},{"nodeID":"1351478","text":"Anon: AudienceMember 20221110QT50: the floods that have been happening in Pakistan","type":"L","timestamp":"2023-11-09 14:10:30"},{"nodeID":"1351479","text":"Analysing","type":"YA","timestamp":"2023-11-09 14:10:30"},{"nodeID":"1351480","text":"Anon: AudienceMember 20221110QT50: 30 million people displaced.","type":"L","timestamp":"2023-11-09 14:10:30"},{"nodeID":"1351481","text":"Analysing","type":"YA","timestamp":"2023-11-09 14:10:30"},{"nodeID":"1351482","text":"Anon: Julia Hartley-Brewer: It happened 30 years ago as well","type":"L","timestamp":"2023-11-09 14:10:30"},{"nodeID":"1351483","text":"Analysing","type":"YA","timestamp":"2023-11-09 14:10:30"},{"nodeID":"1351484","text":"Anon: AudienceMember 20221110QT51: Climate refugees is like that\u2019s going to\u2026that\u2019s our future, it\u2019s really immediate","type":"L","timestamp":"2023-11-09 14:10:30"},{"nodeID":"1351485","text":"Analysing","type":"YA","timestamp":"2023-11-09 14:10:30"},{"nodeID":"1351486","text":"Anon: AudienceMember 20221110QT51: this summer should have shown everybody that we thought maybe it\u2019s going to be in a few\u2026maybe in 30 years\u2019 time, 2050, but it\u2019s happening right now","type":"L","timestamp":"2023-11-09 14:10:30"},{"nodeID":"1351487","text":"Analysing","type":"YA","timestamp":"2023-11-09 14:10:30"},{"nodeID":"1351488","text":"Anon: AudienceMember 20221110QT51: we really need to take action.","type":"L","timestamp":"2023-11-09 14:10:30"},{"nodeID":"1351489","text":"Analysing","type":"YA","timestamp":"2023-11-09 14:10:30"},{"nodeID":"1351490","text":"Anon: Julia Hartley-Brewer: It\u2019s called weather","type":"L","timestamp":"2023-11-09 14:10:30"},{"nodeID":"1351491","text":"Analysing","type":"YA","timestamp":"2023-11-09 14:10:30"},{"nodeID":"1351492","text":"Anon: Julia Hartley- Brewer: you can all disagree with me\u00a0","type":"L","timestamp":"2023-11-09 14:10:30"}],"edges":[{"edgeID":"1769995","fromID":"1351459","toID":"1351401","formEdgeID":null},{"edgeID":"1769996","fromID":"1351460","toID":"1351459","formEdgeID":null},{"edgeID":"1769997","fromID":"1351401","toID":"1351429","formEdgeID":null},{"edgeID":"1769998","fromID":"1351429","toID":"1351448","formEdgeID":null},{"edgeID":"1769999","fromID":"1351461","toID":"1351398","formEdgeID":null},{"edgeID":"1770000","fromID":"1351462","toID":"1351461","formEdgeID":null},{"edgeID":"1770001","fromID":"1351398","toID":"1351430","formEdgeID":null},{"edgeID":"1770002","fromID":"1351430","toID":"1351450","formEdgeID":null},{"edgeID":"1770003","fromID":"1351463","toID":"1351397","formEdgeID":null},{"edgeID":"1770004","fromID":"1351464","toID":"1351463","formEdgeID":null},{"edgeID":"1770005","fromID":"1351397","toID":"1351423","formEdgeID":null},{"edgeID":"1770006","fromID":"1351423","toID":"1351453","formEdgeID":null},{"edgeID":"1770007","fromID":"1351465","toID":"1351400","formEdgeID":null},{"edgeID":"1770008","fromID":"1351466","toID":"1351465","formEdgeID":null},{"edgeID":"1770009","fromID":"1351400","toID":"1351428","formEdgeID":null},{"edgeID":"1770010","fromID":"1351428","toID":"1351449","formEdgeID":null},{"edgeID":"1770011","fromID":"1351467","toID":"1351399","formEdgeID":null},{"edgeID":"1770012","fromID":"1351468","toID":"1351467","formEdgeID":null},{"edgeID":"1770013","fromID":"1351399","toID":"1351424","formEdgeID":null},{"edgeID":"1770014","fromID":"1351424","toID":"1351447","formEdgeID":null},{"edgeID":"1770015","fromID":"1351469","toID":"1351395","formEdgeID":null},{"edgeID":"1770016","fromID":"1351470","toID":"1351469","formEdgeID":null},{"edgeID":"1770017","fromID":"1351395","toID":"1351425","formEdgeID":null},{"edgeID":"1770018","fromID":"1351425","toID":"1351451","formEdgeID":null},{"edgeID":"1770019","fromID":"1351395","toID":"1351376","formEdgeID":null},{"edgeID":"1770020","fromID":"1351376","toID":"1351401","formEdgeID":null},{"edgeID":"1770021","fromID":"1351401","toID":"1351375","formEdgeID":null},{"edgeID":"1770022","fromID":"1351375","toID":"1351398","formEdgeID":null},{"edgeID":"1770023","fromID":"1351398","toID":"1351404","formEdgeID":null},{"edgeID":"1770024","fromID":"1351404","toID":"1351397","formEdgeID":null},{"edgeID":"1770025","fromID":"1351453","toID":"1351456","formEdgeID":null},{"edgeID":"1770026","fromID":"1351456","toID":"1351451","formEdgeID":null},{"edgeID":"1770027","fromID":"1351449","toID":"1351455","formEdgeID":null},{"edgeID":"1770028","fromID":"1351455","toID":"1351453","formEdgeID":null},{"edgeID":"1770029","fromID":"1351397","toID":"1351405","formEdgeID":null},{"edgeID":"1770030","fromID":"1351405","toID":"1351400","formEdgeID":null},{"edgeID":"1770031","fromID":"1351400","toID":"1351406","formEdgeID":null},{"edgeID":"1770032","fromID":"1351406","toID":"1351399","formEdgeID":null},{"edgeID":"1770033","fromID":"1351447","toID":"1351452","formEdgeID":null},{"edgeID":"1770034","fromID":"1351452","toID":"1351453","formEdgeID":null},{"edgeID":"1770035","fromID":"1351471","toID":"1351402","formEdgeID":null},{"edgeID":"1770036","fromID":"1351472","toID":"1351471","formEdgeID":null},{"edgeID":"1770037","fromID":"1351402","toID":"1351427","formEdgeID":null},{"edgeID":"1770038","fromID":"1351427","toID":"1351442","formEdgeID":null},{"edgeID":"1770039","fromID":"1351399","toID":"1351390","formEdgeID":null},{"edgeID":"1770040","fromID":"1351390","toID":"1351402","formEdgeID":null},{"edgeID":"1770041","fromID":"1351473","toID":"1351396","formEdgeID":null},{"edgeID":"1770042","fromID":"1351474","toID":"1351473","formEdgeID":null},{"edgeID":"1770043","fromID":"1351396","toID":"1351422","formEdgeID":null},{"edgeID":"1770044","fromID":"1351422","toID":"1351439","formEdgeID":null},{"edgeID":"1770045","fromID":"1351402","toID":"1351403","formEdgeID":null},{"edgeID":"1770046","fromID":"1351403","toID":"1351396","formEdgeID":null},{"edgeID":"1770047","fromID":"1351439","toID":"1351435","formEdgeID":null},{"edgeID":"1770048","fromID":"1351435","toID":"1351442","formEdgeID":null},{"edgeID":"1770049","fromID":"1351403","toID":"1351426","formEdgeID":null},{"edgeID":"1770050","fromID":"1351426","toID":"1351435","formEdgeID":null},{"edgeID":"1770051","fromID":"1351475","toID":"1351393","formEdgeID":null},{"edgeID":"1770052","fromID":"1351476","toID":"1351475","formEdgeID":null},{"edgeID":"1770053","fromID":"1351393","toID":"1351420","formEdgeID":null},{"edgeID":"1770054","fromID":"1351420","toID":"1351445","formEdgeID":null},{"edgeID":"1770055","fromID":"1351445","toID":"1351444","formEdgeID":null},{"edgeID":"1770056","fromID":"1351444","toID":"1351442","formEdgeID":null},{"edgeID":"1770057","fromID":"1351477","toID":"1351391","formEdgeID":null},{"edgeID":"1770058","fromID":"1351478","toID":"1351477","formEdgeID":null},{"edgeID":"1770059","fromID":"1351391","toID":"1351414","formEdgeID":null},{"edgeID":"1770060","fromID":"1351414","toID":"1351433","formEdgeID":null},{"edgeID":"1770061","fromID":"1351433","toID":"1351441","formEdgeID":null},{"edgeID":"1770062","fromID":"1351441","toID":"1351442","formEdgeID":null},{"edgeID":"1770063","fromID":"1351402","toID":"1351374","formEdgeID":null},{"edgeID":"1770064","fromID":"1351374","toID":"1351393","formEdgeID":null},{"edgeID":"1770065","fromID":"1351402","toID":"1351394","formEdgeID":null},{"edgeID":"1770066","fromID":"1351394","toID":"1351391","formEdgeID":null},{"edgeID":"1770067","fromID":"1351374","toID":"1351407","formEdgeID":null},{"edgeID":"1770068","fromID":"1351407","toID":"1351444","formEdgeID":null},{"edgeID":"1770069","fromID":"1351394","toID":"1351418","formEdgeID":null},{"edgeID":"1770070","fromID":"1351418","toID":"1351441","formEdgeID":null},{"edgeID":"1770071","fromID":"1351479","toID":"1351389","formEdgeID":null},{"edgeID":"1770072","fromID":"1351480","toID":"1351479","formEdgeID":null},{"edgeID":"1770073","fromID":"1351389","toID":"1351421","formEdgeID":null},{"edgeID":"1770074","fromID":"1351421","toID":"1351431","formEdgeID":null},{"edgeID":"1770075","fromID":"1351431","toID":"1351432","formEdgeID":null},{"edgeID":"1770076","fromID":"1351432","toID":"1351433","formEdgeID":null},{"edgeID":"1770077","fromID":"1351391","toID":"1351392","formEdgeID":null},{"edgeID":"1770078","fromID":"1351392","toID":"1351389","formEdgeID":null},{"edgeID":"1770079","fromID":"1351481","toID":"1351386","formEdgeID":null},{"edgeID":"1770080","fromID":"1351482","toID":"1351481","formEdgeID":null},{"edgeID":"1770081","fromID":"1351386","toID":"1351412","formEdgeID":null},{"edgeID":"1770082","fromID":"1351412","toID":"1351437","formEdgeID":null},{"edgeID":"1770083","fromID":"1351389","toID":"1351387","formEdgeID":null},{"edgeID":"1770084","fromID":"1351387","toID":"1351386","formEdgeID":null},{"edgeID":"1770085","fromID":"1351437","toID":"1351458","formEdgeID":null},{"edgeID":"1770086","fromID":"1351458","toID":"1351445","formEdgeID":null},{"edgeID":"1770087","fromID":"1351387","toID":"1351415","formEdgeID":null},{"edgeID":"1770088","fromID":"1351415","toID":"1351458","formEdgeID":null},{"edgeID":"1770089","fromID":"1351483","toID":"1351385","formEdgeID":null},{"edgeID":"1770090","fromID":"1351484","toID":"1351483","formEdgeID":null},{"edgeID":"1770091","fromID":"1351385","toID":"1351413","formEdgeID":null},{"edgeID":"1770092","fromID":"1351413","toID":"1351436","formEdgeID":null},{"edgeID":"1770093","fromID":"1351436","toID":"1351457","formEdgeID":null},{"edgeID":"1770094","fromID":"1351457","toID":"1351442","formEdgeID":null},{"edgeID":"1770095","fromID":"1351402","toID":"1351377","formEdgeID":null},{"edgeID":"1770096","fromID":"1351377","toID":"1351385","formEdgeID":null},{"edgeID":"1770097","fromID":"1351377","toID":"1351417","formEdgeID":null},{"edgeID":"1770098","fromID":"1351417","toID":"1351457","formEdgeID":null},{"edgeID":"1770099","fromID":"1351485","toID":"1351384","formEdgeID":null},{"edgeID":"1770100","fromID":"1351486","toID":"1351485","formEdgeID":null},{"edgeID":"1770101","fromID":"1351384","toID":"1351419","formEdgeID":null},{"edgeID":"1770102","fromID":"1351419","toID":"1351434","formEdgeID":null},{"edgeID":"1770103","fromID":"1351385","toID":"1351388","formEdgeID":null},{"edgeID":"1770104","fromID":"1351388","toID":"1351384","formEdgeID":null},{"edgeID":"1770105","fromID":"1351487","toID":"1351382","formEdgeID":null},{"edgeID":"1770106","fromID":"1351488","toID":"1351487","formEdgeID":null},{"edgeID":"1770107","fromID":"1351382","toID":"1351416","formEdgeID":null},{"edgeID":"1770108","fromID":"1351416","toID":"1351443","formEdgeID":null},{"edgeID":"1770109","fromID":"1351384","toID":"1351383","formEdgeID":null},{"edgeID":"1770110","fromID":"1351383","toID":"1351382","formEdgeID":null},{"edgeID":"1770111","fromID":"1351434","toID":"1351438","formEdgeID":null},{"edgeID":"1770112","fromID":"1351438","toID":"1351443","formEdgeID":null},{"edgeID":"1770113","fromID":"1351383","toID":"1351410","formEdgeID":null},{"edgeID":"1770114","fromID":"1351410","toID":"1351438","formEdgeID":null},{"edgeID":"1770115","fromID":"1351489","toID":"1351380","formEdgeID":null},{"edgeID":"1770116","fromID":"1351490","toID":"1351489","formEdgeID":null},{"edgeID":"1770117","fromID":"1351380","toID":"1351408","formEdgeID":null},{"edgeID":"1770118","fromID":"1351408","toID":"1351454","formEdgeID":null},{"edgeID":"1770119","fromID":"1351382","toID":"1351381","formEdgeID":null},{"edgeID":"1770120","fromID":"1351381","toID":"1351380","formEdgeID":null},{"edgeID":"1770121","fromID":"1351454","toID":"1351446","formEdgeID":null},{"edgeID":"1770122","fromID":"1351446","toID":"1351434","formEdgeID":null},{"edgeID":"1770123","fromID":"1351381","toID":"1351409","formEdgeID":null},{"edgeID":"1770124","fromID":"1351409","toID":"1351446","formEdgeID":null},{"edgeID":"1770125","fromID":"1351491","toID":"1351378","formEdgeID":null},{"edgeID":"1770126","fromID":"1351492","toID":"1351491","formEdgeID":null},{"edgeID":"1770127","fromID":"1351378","toID":"1351411","formEdgeID":null},{"edgeID":"1770128","fromID":"1351411","toID":"1351440","formEdgeID":null},{"edgeID":"1770129","fromID":"1351380","toID":"1351379","formEdgeID":null},{"edgeID":"1770130","fromID":"1351379","toID":"1351378","formEdgeID":null}],"locutions":[]}