{"nodes":[{"nodeID":"1280817","text":"we need to do our bit","type":"I","timestamp":"2023-11-09 12:28:23"},{"nodeID":"1304821","text":"Revd Justin Welby agrees with what June Sharp was saying","type":"I","timestamp":"2023-11-09 13:02:15"},{"nodeID":"1304822","text":"Justin Welby: I agree with what June was saying","type":"L","timestamp":"2023-11-09 13:02:15"},{"nodeID":"1304823","text":"Analysing","type":"YA","timestamp":"2023-11-09 13:02:15"},{"nodeID":"1304824","text":"Steffi: Justin Welby: I agree with what June was saying","type":"L","timestamp":"2023-11-09 13:02:15"},{"nodeID":"1304825","text":"Asserting","type":"YA","timestamp":"2023-11-09 13:02:15"},{"nodeID":"1304826","text":"Archbishop, as a former oil man yourself in days gone by, at least you've been in that industry at one stage","type":"I","timestamp":"2023-11-09 13:02:16"},{"nodeID":"1304827","text":"Fiona Bruce: Archbishop, as a former oil man yourself in days gone by, at least you've been in that industry at one stage","type":"L","timestamp":"2023-11-09 13:02:16"},{"nodeID":"1304828","text":"Analysing","type":"YA","timestamp":"2023-11-09 13:02:16"},{"nodeID":"1304829","text":"Steffi: Fiona Bruce: Archbishop, as a former oil man yourself in days gone by, at least you've been in that industry at one stage","type":"L","timestamp":"2023-11-09 13:02:16"},{"nodeID":"1304830","text":"Asserting","type":"YA","timestamp":"2023-11-09 13:02:16"},{"nodeID":"1304831","text":"Revd Justin Welby's view on people from all social classes having to pay for this energy crisis is xxx","type":"I","timestamp":"2023-11-09 13:02:17"},{"nodeID":"1304832","text":"Fiona Bruce: what's your view on that","type":"L","timestamp":"2023-11-09 13:02:17"},{"nodeID":"1304833","text":"Analysing","type":"YA","timestamp":"2023-11-09 13:02:17"},{"nodeID":"1304834","text":"Steffi: Fiona Bruce: what's your view on that","type":"L","timestamp":"2023-11-09 13:02:17"},{"nodeID":"1304835","text":"Pure Questioning","type":"YA","timestamp":"2023-11-09 13:02:17"},{"nodeID":"1304836","text":"Default Transition","type":"TA","timestamp":"2023-11-09 13:02:17"},{"nodeID":"1304837","text":"Default Transition","type":"TA","timestamp":"2023-11-09 13:02:17"},{"nodeID":"1304838","text":"it is ridiculous that companies can make excessive profits","type":"I","timestamp":"2023-11-09 13:02:17"},{"nodeID":"1304839","text":"Justin Welby: It is ridiculous that companies can make excessive profits","type":"L","timestamp":"2023-11-09 13:02:17"},{"nodeID":"1304840","text":"Analysing","type":"YA","timestamp":"2023-11-09 13:02:17"},{"nodeID":"1304841","text":"Steffi: Justin Welby: It is ridiculous that companies can make excessive profits","type":"L","timestamp":"2023-11-09 13:02:17"},{"nodeID":"1304842","text":"Asserting","type":"YA","timestamp":"2023-11-09 13:02:17"},{"nodeID":"1304843","text":"Default Rephrase","type":"MA","timestamp":"2023-11-09 13:02:17"},{"nodeID":"1304844","text":"Default Transition","type":"TA","timestamp":"2023-11-09 13:02:17"},{"nodeID":"1304845","text":"Default Illocuting","type":"YA","timestamp":"2023-11-09 13:02:17"},{"nodeID":"1304846","text":"there's no windfall tax","type":"I","timestamp":"2023-11-09 13:02:18"},{"nodeID":"1304847","text":"Justin Welby: there's no windfall tax","type":"L","timestamp":"2023-11-09 13:02:18"},{"nodeID":"1304848","text":"Analysing","type":"YA","timestamp":"2023-11-09 13:02:18"},{"nodeID":"1304849","text":"Steffi: Justin Welby: there's no windfall tax","type":"L","timestamp":"2023-11-09 13:02:18"},{"nodeID":"1304850","text":"Asserting","type":"YA","timestamp":"2023-11-09 13:02:18"},{"nodeID":"1304851","text":"Default Transition","type":"TA","timestamp":"2023-11-09 13:02:18"},{"nodeID":"1304852","text":"Default Inference","type":"RA","timestamp":"2023-11-09 13:02:18"},{"nodeID":"1304853","text":"Arguing","type":"YA","timestamp":"2023-11-09 13:02:18"},{"nodeID":"1304854","text":"that's slightly missing the picture","type":"I","timestamp":"2023-11-09 13:02:18"},{"nodeID":"1304855","text":"Justin Welby: that's slightly missing the picture","type":"L","timestamp":"2023-11-09 13:02:18"},{"nodeID":"1304856","text":"Analysing","type":"YA","timestamp":"2023-11-09 13:02:18"},{"nodeID":"1304857","text":"Steffi: Justin Welby: that's slightly missing the picture","type":"L","timestamp":"2023-11-09 13:02:18"},{"nodeID":"1304858","text":"Asserting","type":"YA","timestamp":"2023-11-09 13:02:18"},{"nodeID":"1304859","text":"climate change is a global crisis","type":"I","timestamp":"2023-11-09 13:02:19"},{"nodeID":"1304860","text":"Justin Welby: What June was saying is it's a global crisis","type":"L","timestamp":"2023-11-09 13:02:19"},{"nodeID":"1304861","text":"Analysing","type":"YA","timestamp":"2023-11-09 13:02:19"},{"nodeID":"1304862","text":"Steffi: Justin Welby: What June was saying is it's a global crisis","type":"L","timestamp":"2023-11-09 13:02:19"},{"nodeID":"1304863","text":"Justin Welby: that we need to do our bit","type":"L","timestamp":"2023-11-09 13:02:19"},{"nodeID":"1304864","text":"Analysing","type":"YA","timestamp":"2023-11-09 13:02:19"},{"nodeID":"1304865","text":"Steffi: Justin Welby: that we need to do our bit","type":"L","timestamp":"2023-11-09 13:02:19"},{"nodeID":"1304866","text":"we have to make sure that other countries do their bit","type":"I","timestamp":"2023-11-09 13:02:20"},{"nodeID":"1304867","text":"Justin Welby: we have to make sure that other countries do theirs","type":"L","timestamp":"2023-11-09 13:02:20"},{"nodeID":"1304868","text":"Analysing","type":"YA","timestamp":"2023-11-09 13:02:20"},{"nodeID":"1304869","text":"Steffi: Justin Welby: we have to make sure that other countries do theirs","type":"L","timestamp":"2023-11-09 13:02:20"},{"nodeID":"1304870","text":"June Sharp: it's a global crisis","type":"L","timestamp":"2023-11-09 13:02:20"},{"nodeID":"1304871","text":"Analysing","type":"YA","timestamp":"2023-11-09 13:02:20"},{"nodeID":"1304872","text":"Steffi: June Sharp: What June was saying is it's a global crisis","type":"L","timestamp":"2023-11-09 13:02:20"},{"nodeID":"1304873","text":"Asserting","type":"YA","timestamp":"2023-11-09 13:02:20"},{"nodeID":"1304874","text":"Asserting","type":"YA","timestamp":"2023-11-09 13:02:20"},{"nodeID":"1304875","text":"June Sharp: we need to do our bit","type":"L","timestamp":"2023-11-09 13:02:20"},{"nodeID":"1304876","text":"Analysing","type":"YA","timestamp":"2023-11-09 13:02:20"},{"nodeID":"1304877","text":"Steffi: June Sharp: that we need to do our bit","type":"L","timestamp":"2023-11-09 13:02:20"},{"nodeID":"1304878","text":"Asserting","type":"YA","timestamp":"2023-11-09 13:02:20"},{"nodeID":"1304879","text":"Asserting","type":"YA","timestamp":"2023-11-09 13:02:20"},{"nodeID":"1304880","text":"Default Transition","type":"TA","timestamp":"2023-11-09 13:02:20"},{"nodeID":"1304881","text":"Default Transition","type":"TA","timestamp":"2023-11-09 13:02:20"},{"nodeID":"1304882","text":"Default Transition","type":"TA","timestamp":"2023-11-09 13:02:20"},{"nodeID":"1304883","text":"June Sharp: we have to make sure that other countries do theirs","type":"L","timestamp":"2023-11-09 13:02:20"},{"nodeID":"1304884","text":"Analysing","type":"YA","timestamp":"2023-11-09 13:02:20"},{"nodeID":"1304885","text":"Steffi: June Sharp: we have to make sure that other countries do theirs","type":"L","timestamp":"2023-11-09 13:02:20"},{"nodeID":"1304886","text":"Asserting","type":"YA","timestamp":"2023-11-09 13:02:20"},{"nodeID":"1304887","text":"Asserting","type":"YA","timestamp":"2023-11-09 13:02:20"},{"nodeID":"1304888","text":"Default Inference","type":"RA","timestamp":"2023-11-09 13:02:20"},{"nodeID":"1304889","text":"Arguing","type":"YA","timestamp":"2023-11-09 13:02:20"},{"nodeID":"1304890","text":"otherwise it's like trying to stop a flood coming in through the front door but you leave your backdoor wide open","type":"I","timestamp":"2023-11-09 13:02:20"},{"nodeID":"1304891","text":"Justin Welby: otherwise it's like trying to stop a flood coming in through the front door but you leave your backdoor wide open","type":"L","timestamp":"2023-11-09 13:02:20"},{"nodeID":"1304892","text":"Analysing","type":"YA","timestamp":"2023-11-09 13:02:20"},{"nodeID":"1304893","text":"Steffi: Justin Welby: otherwise it's like trying to stop a flood coming in through the front door but you leave your backdoor wide open","type":"L","timestamp":"2023-11-09 13:02:20"},{"nodeID":"1304894","text":"Asserting","type":"YA","timestamp":"2023-11-09 13:02:20"},{"nodeID":"1304895","text":"Default Transition","type":"TA","timestamp":"2023-11-09 13:02:20"},{"nodeID":"1304896","text":"Default Inference","type":"RA","timestamp":"2023-11-09 13:02:20"},{"nodeID":"1304897","text":"Arguing","type":"YA","timestamp":"2023-11-09 13:02:20"},{"nodeID":"1304898","text":"we had a meeting last week of the heads of the different provinces of the Anglican Communion, representing about 145 countries around the world","type":"I","timestamp":"2023-11-09 13:02:21"},{"nodeID":"1304899","text":"Justin Welby: We had a meeting last week of the heads of the different provinces of the Anglican Communion, representing about 145 countries around the world","type":"L","timestamp":"2023-11-09 13:02:21"},{"nodeID":"1304900","text":"Analysing","type":"YA","timestamp":"2023-11-09 13:02:21"},{"nodeID":"1304901","text":"Steffi: Justin Welby: We had a meeting last week of the heads of the different provinces of the Anglican Communion, representing about 145 countries around the world","type":"L","timestamp":"2023-11-09 13:02:21"},{"nodeID":"1304902","text":"Asserting","type":"YA","timestamp":"2023-11-09 13:02:21"},{"nodeID":"1304903","text":"Default Transition","type":"TA","timestamp":"2023-11-09 13:02:21"},{"nodeID":"1304904","text":"climate change for the heads of the different provinces of the Anglican Communion isn't a future thing","type":"I","timestamp":"2023-11-09 13:02:22"},{"nodeID":"1304905","text":"Justin Welby: Climate change for them isn't a future thing","type":"L","timestamp":"2023-11-09 13:02:22"},{"nodeID":"1304906","text":"Analysing","type":"YA","timestamp":"2023-11-09 13:02:22"},{"nodeID":"1304907","text":"Steffi: Justin Welby: Climate change for them isn't a future thing","type":"L","timestamp":"2023-11-09 13:02:22"},{"nodeID":"1304908","text":"Asserting","type":"YA","timestamp":"2023-11-09 13:02:22"},{"nodeID":"1304909","text":"for many of them, they're already seeing conflict growing very rapidly through desertification","type":"I","timestamp":"2023-11-09 13:02:22"},{"nodeID":"1304910","text":"Justin Welby: for many of them, they're already seeing conflict growing very rapidly through desertification","type":"L","timestamp":"2023-11-09 13:02:22"},{"nodeID":"1304911","text":"Analysing","type":"YA","timestamp":"2023-11-09 13:02:22"},{"nodeID":"1304912","text":"Steffi: Justin Welby: for many of them, they're already seeing conflict growing very rapidly through desertification","type":"L","timestamp":"2023-11-09 13:02:22"},{"nodeID":"1304913","text":"Asserting","type":"YA","timestamp":"2023-11-09 13:02:22"},{"nodeID":"1304914","text":"Default Transition","type":"TA","timestamp":"2023-11-09 13:02:22"},{"nodeID":"1304915","text":"Default Transition","type":"TA","timestamp":"2023-11-09 13:02:22"},{"nodeID":"1304916","text":"Default Rephrase","type":"MA","timestamp":"2023-11-09 13:02:22"},{"nodeID":"1304917","text":"Restating","type":"YA","timestamp":"2023-11-09 13:02:22"},{"nodeID":"1304918","text":"the heads of the different provinces of the Anglican Communion are seeing floods","type":"I","timestamp":"2023-11-09 13:02:23"},{"nodeID":"1304919","text":"Justin Welby: They're seeing floods","type":"L","timestamp":"2023-11-09 13:02:23"},{"nodeID":"1304920","text":"Analysing","type":"YA","timestamp":"2023-11-09 13:02:23"},{"nodeID":"1304921","text":"Steffi: Justin Welby: They're seeing floods","type":"L","timestamp":"2023-11-09 13:02:23"},{"nodeID":"1304922","text":"Asserting","type":"YA","timestamp":"2023-11-09 13:02:23"},{"nodeID":"1304923","text":"Default Transition","type":"TA","timestamp":"2023-11-09 13:02:23"},{"nodeID":"1304924","text":"Default Rephrase","type":"MA","timestamp":"2023-11-09 13:02:23"},{"nodeID":"1304925","text":"Restating","type":"YA","timestamp":"2023-11-09 13:02:23"},{"nodeID":"1304926","text":"the heads of the different provinces of the Anglican Communion are seeing complete changes in the pattern of rainfall","type":"I","timestamp":"2023-11-09 13:02:23"},{"nodeID":"1304927","text":"Justin Welby: they're seeing complete changes in the pattern of rainfall","type":"L","timestamp":"2023-11-09 13:02:23"},{"nodeID":"1304928","text":"Analysing","type":"YA","timestamp":"2023-11-09 13:02:23"},{"nodeID":"1304929","text":"Steffi: Justin Welby: they're seeing complete changes in the pattern of rainfall","type":"L","timestamp":"2023-11-09 13:02:23"},{"nodeID":"1304930","text":"Asserting","type":"YA","timestamp":"2023-11-09 13:02:23"},{"nodeID":"1304931","text":"Default Transition","type":"TA","timestamp":"2023-11-09 13:02:23"},{"nodeID":"1304932","text":"Default Rephrase","type":"MA","timestamp":"2023-11-09 13:02:23"},{"nodeID":"1304933","text":"Restating","type":"YA","timestamp":"2023-11-09 13:02:23"},{"nodeID":"1304934","text":"climate change is going to drive migration","type":"I","timestamp":"2023-11-09 13:02:24"},{"nodeID":"1304935","text":"Justin Welby: That is going to drive migration","type":"L","timestamp":"2023-11-09 13:02:24"},{"nodeID":"1304936","text":"Analysing","type":"YA","timestamp":"2023-11-09 13:02:24"},{"nodeID":"1304937","text":"Steffi: Justin Welby: That is going to drive migration","type":"L","timestamp":"2023-11-09 13:02:24"},{"nodeID":"1304938","text":"Asserting","type":"YA","timestamp":"2023-11-09 13:02:24"},{"nodeID":"1304939","text":"Default Transition","type":"TA","timestamp":"2023-11-09 13:02:24"},{"nodeID":"1304940","text":"migration is going to drive more conflict","type":"I","timestamp":"2023-11-09 13:02:25"},{"nodeID":"1304941","text":"Justin Welby:  that is going to drive more conflict","type":"L","timestamp":"2023-11-09 13:02:25"},{"nodeID":"1304942","text":"Analysing","type":"YA","timestamp":"2023-11-09 13:02:25"},{"nodeID":"1304943","text":"Steffi: Justin Welby:  that is going to drive more conflict","type":"L","timestamp":"2023-11-09 13:02:25"},{"nodeID":"1304944","text":"Asserting","type":"YA","timestamp":"2023-11-09 13:02:25"},{"nodeID":"1304945","text":"Default Transition","type":"TA","timestamp":"2023-11-09 13:02:25"},{"nodeID":"1304946","text":"more conflict stop people dealing with climate change","type":"I","timestamp":"2023-11-09 13:02:25"},{"nodeID":"1304947","text":"Justin Welby:  stop people dealing with climate change","type":"L","timestamp":"2023-11-09 13:02:25"},{"nodeID":"1304948","text":"Analysing","type":"YA","timestamp":"2023-11-09 13:02:25"},{"nodeID":"1304949","text":"Steffi: Justin Welby:  stop people dealing with climate change","type":"L","timestamp":"2023-11-09 13:02:25"},{"nodeID":"1304950","text":"Asserting","type":"YA","timestamp":"2023-11-09 13:02:25"},{"nodeID":"1304951","text":"Default Transition","type":"TA","timestamp":"2023-11-09 13:02:25"},{"nodeID":"1304952","text":"Default Inference","type":"RA","timestamp":"2023-11-09 13:02:25"},{"nodeID":"1304953","text":"Default Inference","type":"RA","timestamp":"2023-11-09 13:02:25"},{"nodeID":"1304954","text":"Default Inference","type":"RA","timestamp":"2023-11-09 13:02:25"},{"nodeID":"1304955","text":"Arguing","type":"YA","timestamp":"2023-11-09 13:02:25"},{"nodeID":"1304956","text":"Arguing","type":"YA","timestamp":"2023-11-09 13:02:25"},{"nodeID":"1304957","text":"Arguing","type":"YA","timestamp":"2023-11-09 13:02:25"},{"nodeID":"1304958","text":"Default Conflict","type":"CA","timestamp":"2023-11-09 13:02:25"},{"nodeID":"1304959","text":"Default Transition","type":"TA","timestamp":"2023-11-09 13:02:25"},{"nodeID":"1304960","text":"Disagreeing","type":"YA","timestamp":"2023-11-09 13:02:25"},{"nodeID":"1304961","text":"Default Inference","type":"RA","timestamp":"2023-11-09 13:02:25"},{"nodeID":"1304962","text":"Arguing","type":"YA","timestamp":"2023-11-09 13:02:25"}],"edges":[{"edgeID":"1714300","fromID":"1304823","toID":"1304822","formEdgeID":null},{"edgeID":"1714301","fromID":"1304824","toID":"1304823","formEdgeID":null},{"edgeID":"1714302","fromID":"1304822","toID":"1304825","formEdgeID":null},{"edgeID":"1714303","fromID":"1304825","toID":"1304821","formEdgeID":null},{"edgeID":"1714304","fromID":"1304828","toID":"1304827","formEdgeID":null},{"edgeID":"1714305","fromID":"1304829","toID":"1304828","formEdgeID":null},{"edgeID":"1714306","fromID":"1304827","toID":"1304830","formEdgeID":null},{"edgeID":"1714307","fromID":"1304830","toID":"1304826","formEdgeID":null},{"edgeID":"1714308","fromID":"1304833","toID":"1304832","formEdgeID":null},{"edgeID":"1714309","fromID":"1304834","toID":"1304833","formEdgeID":null},{"edgeID":"1714310","fromID":"1304832","toID":"1304835","formEdgeID":null},{"edgeID":"1714311","fromID":"1304835","toID":"1304831","formEdgeID":null},{"edgeID":"1714312","fromID":"1304827","toID":"1304836","formEdgeID":null},{"edgeID":"1714313","fromID":"1304836","toID":"1304832","formEdgeID":null},{"edgeID":"1714314","fromID":"1304832","toID":"1304837","formEdgeID":null},{"edgeID":"1714315","fromID":"1304837","toID":"1304822","formEdgeID":null},{"edgeID":"1714316","fromID":"1304840","toID":"1304839","formEdgeID":null},{"edgeID":"1714317","fromID":"1304841","toID":"1304840","formEdgeID":null},{"edgeID":"1714318","fromID":"1304839","toID":"1304842","formEdgeID":null},{"edgeID":"1714319","fromID":"1304842","toID":"1304838","formEdgeID":null},{"edgeID":"1714320","fromID":"1304838","toID":"1304843","formEdgeID":null},{"edgeID":"1714321","fromID":"1304843","toID":"1304831","formEdgeID":null},{"edgeID":"1714322","fromID":"1304832","toID":"1304844","formEdgeID":null},{"edgeID":"1714323","fromID":"1304844","toID":"1304839","formEdgeID":null},{"edgeID":"1714324","fromID":"1304844","toID":"1304845","formEdgeID":null},{"edgeID":"1714325","fromID":"1304845","toID":"1304843","formEdgeID":null},{"edgeID":"1714326","fromID":"1304848","toID":"1304847","formEdgeID":null},{"edgeID":"1714327","fromID":"1304849","toID":"1304848","formEdgeID":null},{"edgeID":"1714328","fromID":"1304847","toID":"1304850","formEdgeID":null},{"edgeID":"1714329","fromID":"1304850","toID":"1304846","formEdgeID":null},{"edgeID":"1714330","fromID":"1304839","toID":"1304851","formEdgeID":null},{"edgeID":"1714331","fromID":"1304851","toID":"1304847","formEdgeID":null},{"edgeID":"1714332","fromID":"1304846","toID":"1304852","formEdgeID":null},{"edgeID":"1714333","fromID":"1304852","toID":"1304838","formEdgeID":null},{"edgeID":"1714334","fromID":"1304851","toID":"1304853","formEdgeID":null},{"edgeID":"1714335","fromID":"1304853","toID":"1304852","formEdgeID":null},{"edgeID":"1714336","fromID":"1304856","toID":"1304855","formEdgeID":null},{"edgeID":"1714337","fromID":"1304857","toID":"1304856","formEdgeID":null},{"edgeID":"1714338","fromID":"1304855","toID":"1304858","formEdgeID":null},{"edgeID":"1714339","fromID":"1304858","toID":"1304854","formEdgeID":null},{"edgeID":"1714340","fromID":"1304861","toID":"1304860","formEdgeID":null},{"edgeID":"1714341","fromID":"1304862","toID":"1304861","formEdgeID":null},{"edgeID":"1714342","fromID":"1304864","toID":"1304863","formEdgeID":null},{"edgeID":"1714343","fromID":"1304865","toID":"1304864","formEdgeID":null},{"edgeID":"1714344","fromID":"1304868","toID":"1304867","formEdgeID":null},{"edgeID":"1714345","fromID":"1304869","toID":"1304868","formEdgeID":null},{"edgeID":"1714346","fromID":"1304871","toID":"1304870","formEdgeID":null},{"edgeID":"1714347","fromID":"1304872","toID":"1304871","formEdgeID":null},{"edgeID":"1714348","fromID":"1304870","toID":"1304873","formEdgeID":null},{"edgeID":"1714349","fromID":"1304873","toID":"1304859","formEdgeID":null},{"edgeID":"1714350","fromID":"1304860","toID":"1304874","formEdgeID":null},{"edgeID":"1714351","fromID":"1304874","toID":"1304870","formEdgeID":null},{"edgeID":"1714352","fromID":"1304876","toID":"1304875","formEdgeID":null},{"edgeID":"1714353","fromID":"1304877","toID":"1304876","formEdgeID":null},{"edgeID":"1714354","fromID":"1304875","toID":"1304878","formEdgeID":null},{"edgeID":"1714355","fromID":"1304878","toID":"1280817","formEdgeID":null},{"edgeID":"1714356","fromID":"1304863","toID":"1304879","formEdgeID":null},{"edgeID":"1714357","fromID":"1304879","toID":"1304875","formEdgeID":null},{"edgeID":"1714358","fromID":"1304855","toID":"1304880","formEdgeID":null},{"edgeID":"1714359","fromID":"1304880","toID":"1304860","formEdgeID":null},{"edgeID":"1714360","fromID":"1304860","toID":"1304881","formEdgeID":null},{"edgeID":"1714361","fromID":"1304881","toID":"1304863","formEdgeID":null},{"edgeID":"1714362","fromID":"1304863","toID":"1304882","formEdgeID":null},{"edgeID":"1714363","fromID":"1304882","toID":"1304867","formEdgeID":null},{"edgeID":"1714364","fromID":"1304884","toID":"1304883","formEdgeID":null},{"edgeID":"1714365","fromID":"1304885","toID":"1304884","formEdgeID":null},{"edgeID":"1714366","fromID":"1304883","toID":"1304886","formEdgeID":null},{"edgeID":"1714367","fromID":"1304886","toID":"1304866","formEdgeID":null},{"edgeID":"1714368","fromID":"1304867","toID":"1304887","formEdgeID":null},{"edgeID":"1714369","fromID":"1304887","toID":"1304883","formEdgeID":null},{"edgeID":"1714370","fromID":"1304866","toID":"1304888","formEdgeID":null},{"edgeID":"1714371","fromID":"1304888","toID":"1304859","formEdgeID":null},{"edgeID":"1714372","fromID":"1280817","toID":"1304888","formEdgeID":null},{"edgeID":"1714373","fromID":"1304881","toID":"1304889","formEdgeID":null},{"edgeID":"1714374","fromID":"1304889","toID":"1304888","formEdgeID":null},{"edgeID":"1714375","fromID":"1304892","toID":"1304891","formEdgeID":null},{"edgeID":"1714376","fromID":"1304893","toID":"1304892","formEdgeID":null},{"edgeID":"1714377","fromID":"1304891","toID":"1304894","formEdgeID":null},{"edgeID":"1714378","fromID":"1304894","toID":"1304890","formEdgeID":null},{"edgeID":"1714379","fromID":"1304867","toID":"1304895","formEdgeID":null},{"edgeID":"1714380","fromID":"1304895","toID":"1304891","formEdgeID":null},{"edgeID":"1714381","fromID":"1304890","toID":"1304896","formEdgeID":null},{"edgeID":"1714382","fromID":"1304896","toID":"1304866","formEdgeID":null},{"edgeID":"1714383","fromID":"1304895","toID":"1304897","formEdgeID":null},{"edgeID":"1714384","fromID":"1304897","toID":"1304896","formEdgeID":null},{"edgeID":"1714385","fromID":"1304900","toID":"1304899","formEdgeID":null},{"edgeID":"1714386","fromID":"1304901","toID":"1304900","formEdgeID":null},{"edgeID":"1714387","fromID":"1304899","toID":"1304902","formEdgeID":null},{"edgeID":"1714388","fromID":"1304902","toID":"1304898","formEdgeID":null},{"edgeID":"1714389","fromID":"1304891","toID":"1304903","formEdgeID":null},{"edgeID":"1714390","fromID":"1304903","toID":"1304899","formEdgeID":null},{"edgeID":"1714391","fromID":"1304906","toID":"1304905","formEdgeID":null},{"edgeID":"1714392","fromID":"1304907","toID":"1304906","formEdgeID":null},{"edgeID":"1714393","fromID":"1304905","toID":"1304908","formEdgeID":null},{"edgeID":"1714394","fromID":"1304908","toID":"1304904","formEdgeID":null},{"edgeID":"1714395","fromID":"1304911","toID":"1304910","formEdgeID":null},{"edgeID":"1714396","fromID":"1304912","toID":"1304911","formEdgeID":null},{"edgeID":"1714397","fromID":"1304910","toID":"1304913","formEdgeID":null},{"edgeID":"1714398","fromID":"1304913","toID":"1304909","formEdgeID":null},{"edgeID":"1714399","fromID":"1304899","toID":"1304914","formEdgeID":null},{"edgeID":"1714400","fromID":"1304914","toID":"1304905","formEdgeID":null},{"edgeID":"1714401","fromID":"1304905","toID":"1304915","formEdgeID":null},{"edgeID":"1714402","fromID":"1304915","toID":"1304910","formEdgeID":null},{"edgeID":"1714403","fromID":"1304909","toID":"1304916","formEdgeID":null},{"edgeID":"1714404","fromID":"1304916","toID":"1304904","formEdgeID":null},{"edgeID":"1714405","fromID":"1304915","toID":"1304917","formEdgeID":null},{"edgeID":"1714406","fromID":"1304917","toID":"1304916","formEdgeID":null},{"edgeID":"1714407","fromID":"1304920","toID":"1304919","formEdgeID":null},{"edgeID":"1714408","fromID":"1304921","toID":"1304920","formEdgeID":null},{"edgeID":"1714409","fromID":"1304919","toID":"1304922","formEdgeID":null},{"edgeID":"1714410","fromID":"1304922","toID":"1304918","formEdgeID":null},{"edgeID":"1714411","fromID":"1304910","toID":"1304923","formEdgeID":null},{"edgeID":"1714412","fromID":"1304923","toID":"1304919","formEdgeID":null},{"edgeID":"1714413","fromID":"1304918","toID":"1304924","formEdgeID":null},{"edgeID":"1714414","fromID":"1304924","toID":"1304909","formEdgeID":null},{"edgeID":"1714415","fromID":"1304923","toID":"1304925","formEdgeID":null},{"edgeID":"1714416","fromID":"1304925","toID":"1304924","formEdgeID":null},{"edgeID":"1714417","fromID":"1304928","toID":"1304927","formEdgeID":null},{"edgeID":"1714418","fromID":"1304929","toID":"1304928","formEdgeID":null},{"edgeID":"1714419","fromID":"1304927","toID":"1304930","formEdgeID":null},{"edgeID":"1714420","fromID":"1304930","toID":"1304926","formEdgeID":null},{"edgeID":"1714421","fromID":"1304919","toID":"1304931","formEdgeID":null},{"edgeID":"1714422","fromID":"1304931","toID":"1304927","formEdgeID":null},{"edgeID":"1714423","fromID":"1304926","toID":"1304932","formEdgeID":null},{"edgeID":"1714424","fromID":"1304932","toID":"1304918","formEdgeID":null},{"edgeID":"1714425","fromID":"1304931","toID":"1304933","formEdgeID":null},{"edgeID":"1714426","fromID":"1304933","toID":"1304932","formEdgeID":null},{"edgeID":"1714427","fromID":"1304936","toID":"1304935","formEdgeID":null},{"edgeID":"1714428","fromID":"1304937","toID":"1304936","formEdgeID":null},{"edgeID":"1714429","fromID":"1304935","toID":"1304938","formEdgeID":null},{"edgeID":"1714430","fromID":"1304938","toID":"1304934","formEdgeID":null},{"edgeID":"1714431","fromID":"1304927","toID":"1304939","formEdgeID":null},{"edgeID":"1714432","fromID":"1304939","toID":"1304935","formEdgeID":null},{"edgeID":"1714433","fromID":"1304942","toID":"1304941","formEdgeID":null},{"edgeID":"1714434","fromID":"1304943","toID":"1304942","formEdgeID":null},{"edgeID":"1714435","fromID":"1304941","toID":"1304944","formEdgeID":null},{"edgeID":"1714436","fromID":"1304944","toID":"1304940","formEdgeID":null},{"edgeID":"1714437","fromID":"1304935","toID":"1304945","formEdgeID":null},{"edgeID":"1714438","fromID":"1304945","toID":"1304941","formEdgeID":null},{"edgeID":"1714439","fromID":"1304948","toID":"1304947","formEdgeID":null},{"edgeID":"1714440","fromID":"1304949","toID":"1304948","formEdgeID":null},{"edgeID":"1714441","fromID":"1304947","toID":"1304950","formEdgeID":null},{"edgeID":"1714442","fromID":"1304950","toID":"1304946","formEdgeID":null},{"edgeID":"1714443","fromID":"1304941","toID":"1304951","formEdgeID":null},{"edgeID":"1714444","fromID":"1304951","toID":"1304947","formEdgeID":null},{"edgeID":"1714445","fromID":"1304934","toID":"1304952","formEdgeID":null},{"edgeID":"1714446","fromID":"1304952","toID":"1304940","formEdgeID":null},{"edgeID":"1714447","fromID":"1304926","toID":"1304953","formEdgeID":null},{"edgeID":"1714448","fromID":"1304953","toID":"1304934","formEdgeID":null},{"edgeID":"1714449","fromID":"1304940","toID":"1304954","formEdgeID":null},{"edgeID":"1714450","fromID":"1304954","toID":"1304946","formEdgeID":null},{"edgeID":"1714451","fromID":"1304939","toID":"1304955","formEdgeID":null},{"edgeID":"1714452","fromID":"1304955","toID":"1304953","formEdgeID":null},{"edgeID":"1714453","fromID":"1304945","toID":"1304956","formEdgeID":null},{"edgeID":"1714454","fromID":"1304956","toID":"1304952","formEdgeID":null},{"edgeID":"1714455","fromID":"1304951","toID":"1304957","formEdgeID":null},{"edgeID":"1714456","fromID":"1304957","toID":"1304954","formEdgeID":null},{"edgeID":"1714457","fromID":"1304854","toID":"1304958","formEdgeID":null},{"edgeID":"1714458","fromID":"1304958","toID":"1304838","formEdgeID":null},{"edgeID":"1714459","fromID":"1304839","toID":"1304959","formEdgeID":null},{"edgeID":"1714460","fromID":"1304959","toID":"1304855","formEdgeID":null},{"edgeID":"1714461","fromID":"1304959","toID":"1304960","formEdgeID":null},{"edgeID":"1714462","fromID":"1304960","toID":"1304958","formEdgeID":null},{"edgeID":"1714463","fromID":"1304859","toID":"1304961","formEdgeID":null},{"edgeID":"1714464","fromID":"1304961","toID":"1304854","formEdgeID":null},{"edgeID":"1714465","fromID":"1304880","toID":"1304962","formEdgeID":null},{"edgeID":"1714466","fromID":"1304962","toID":"1304961","formEdgeID":null}],"locutions":[]}