{"nodes":[{"nodeID":"1308038","text":"Kent continues to see disruption as a result of both Brexit and bracing issues with P&O","type":"I","timestamp":"2023-11-09 13:06:43"},{"nodeID":"1308039","text":"Lucas Warden: Kent continues to see disruption as a result of both Brexit and bracing issues with P&O","type":"L","timestamp":"2023-11-09 13:06:43"},{"nodeID":"1308040","text":"Analysing","type":"YA","timestamp":"2023-11-09 13:06:43"},{"nodeID":"1308041","text":"Mascha: Lucas Warden: Kent continues to see disruption as a result of both Brexit and bracing issues with P&O","type":"L","timestamp":"2023-11-09 13:06:43"},{"nodeID":"1308042","text":"Asserting","type":"YA","timestamp":"2023-11-09 13:06:43"},{"nodeID":"1308043","text":"the Government should or should not increase resources to prevent the county being turned into a carpark","type":"I","timestamp":"2023-11-09 13:06:44"},{"nodeID":"1308044","text":"Lucas Warden: Should the Government increase resources to prevent the county being turned into a carpark","type":"L","timestamp":"2023-11-09 13:06:44"},{"nodeID":"1308045","text":"Analysing","type":"YA","timestamp":"2023-11-09 13:06:44"},{"nodeID":"1308046","text":"Mascha: Lucas Warden: Should the Government increase resources to prevent the county being turned into a carpark","type":"L","timestamp":"2023-11-09 13:06:44"},{"nodeID":"1308047","text":"Pure Questioning","type":"YA","timestamp":"2023-11-09 13:06:44"},{"nodeID":"1308048","text":"Default Transition","type":"TA","timestamp":"2023-11-09 13:06:44"},{"nodeID":"1308049","text":"Kent seeing disruption as a result of Brexit and bracing issues with P&O has been going on for a few days","type":"I","timestamp":"2023-11-09 13:06:44"},{"nodeID":"1308050","text":"Fiona Bruce:  this has been going on for a few days","type":"L","timestamp":"2023-11-09 13:06:44"},{"nodeID":"1308051","text":"Analysing","type":"YA","timestamp":"2023-11-09 13:06:44"},{"nodeID":"1308052","text":"Mascha: Fiona Bruce:  this has been going on for a few days","type":"L","timestamp":"2023-11-09 13:06:44"},{"nodeID":"1308053","text":"Asserting","type":"YA","timestamp":"2023-11-09 13:06:44"},{"nodeID":"1308054","text":"Default Rephrase","type":"MA","timestamp":"2023-11-09 13:06:44"},{"nodeID":"1308055","text":"Default Transition","type":"TA","timestamp":"2023-11-09 13:06:44"},{"nodeID":"1308056","text":"Restating","type":"YA","timestamp":"2023-11-09 13:06:44"},{"nodeID":"1308057","text":"Kent has been seeing disruption for six days in a row","type":"I","timestamp":"2023-11-09 13:06:45"},{"nodeID":"1308058","text":"Fiona Bruce:  Is it six days in a row","type":"L","timestamp":"2023-11-09 13:06:45"},{"nodeID":"1308059","text":"Analysing","type":"YA","timestamp":"2023-11-09 13:06:45"},{"nodeID":"1308060","text":"Mascha: Fiona Bruce:  Is it six days in a row","type":"L","timestamp":"2023-11-09 13:06:45"},{"nodeID":"1308061","text":"Assertive Questioning","type":"YA","timestamp":"2023-11-09 13:06:45"},{"nodeID":"1308062","text":"Default Transition","type":"TA","timestamp":"2023-11-09 13:06:45"},{"nodeID":"1308063","text":"the disruptions in Kent have been taking place longer than six days","type":"I","timestamp":"2023-11-09 13:06:45"},{"nodeID":"1308064","text":"Fiona Bruce:  It's been longer than that, is it","type":"L","timestamp":"2023-11-09 13:06:45"},{"nodeID":"1308065","text":"Analysing","type":"YA","timestamp":"2023-11-09 13:06:45"},{"nodeID":"1308066","text":"Mascha: Fiona Bruce:  It's been longer than that, is it","type":"L","timestamp":"2023-11-09 13:06:45"},{"nodeID":"1308067","text":"Assertive Questioning","type":"YA","timestamp":"2023-11-09 13:06:45"},{"nodeID":"1308068","text":"Default Transition","type":"TA","timestamp":"2023-11-09 13:06:45"},{"nodeID":"1308069","text":"that traffic has been backed up along the motorway in Kent","type":"I","timestamp":"2023-11-09 13:06:46"},{"nodeID":"1308070","text":"Fiona Bruce: That traffic has been backed up along the motorway here","type":"L","timestamp":"2023-11-09 13:06:46"},{"nodeID":"1308071","text":"Analysing","type":"YA","timestamp":"2023-11-09 13:06:46"},{"nodeID":"1308072","text":"Mascha: Fiona Bruce: That traffic has been backed up along the motorway here","type":"L","timestamp":"2023-11-09 13:06:46"},{"nodeID":"1308073","text":"Asserting","type":"YA","timestamp":"2023-11-09 13:06:46"},{"nodeID":"1308074","text":"Default Rephrase","type":"MA","timestamp":"2023-11-09 13:06:46"},{"nodeID":"1308075","text":"Restating","type":"YA","timestamp":"2023-11-09 13:06:46"},{"nodeID":"1308076","text":"stretches of the motorway were shut today, 23 miles of the M20 were shut","type":"I","timestamp":"2023-11-09 13:06:46"},{"nodeID":"1308077","text":"Fiona Bruce: stretches of it were shut today, 23 miles of the M20 were shut","type":"L","timestamp":"2023-11-09 13:06:46"},{"nodeID":"1308078","text":"Analysing","type":"YA","timestamp":"2023-11-09 13:06:46"},{"nodeID":"1308079","text":"Mascha: Fiona Bruce: stretches of it were shut today, 23 miles of the M20 were shut","type":"L","timestamp":"2023-11-09 13:06:46"},{"nodeID":"1308080","text":"Asserting","type":"YA","timestamp":"2023-11-09 13:06:46"},{"nodeID":"1308081","text":"Default Transition","type":"TA","timestamp":"2023-11-09 13:06:46"},{"nodeID":"1308082","text":"Default Inference","type":"RA","timestamp":"2023-11-09 13:06:46"},{"nodeID":"1308083","text":"Arguing","type":"YA","timestamp":"2023-11-09 13:06:46"},{"nodeID":"1308084","text":"it took me two hours to get into Kent, from Maidstone, to be fair","type":"I","timestamp":"2023-11-09 13:06:47"},{"nodeID":"1308085","text":"Lucas Warden:  it took me two hours to get in here, from Maidstone, to be fair","type":"L","timestamp":"2023-11-09 13:06:47"},{"nodeID":"1308086","text":"Analysing","type":"YA","timestamp":"2023-11-09 13:06:47"},{"nodeID":"1308087","text":"Mascha: Lucas Warden:  it took me two hours to get in here, from Maidstone, to be fair","type":"L","timestamp":"2023-11-09 13:06:47"},{"nodeID":"1308088","text":"Asserting","type":"YA","timestamp":"2023-11-09 13:06:47"},{"nodeID":"1308089","text":"Default Transition","type":"TA","timestamp":"2023-11-09 13:06:47"},{"nodeID":"1308090","text":"it usually only takes an hour from Maidstone to Kent","type":"I","timestamp":"2023-11-09 13:06:48"},{"nodeID":"1308091","text":"Lucas Warden:  it usually only takes an hour","type":"L","timestamp":"2023-11-09 13:06:48"},{"nodeID":"1308092","text":"Analysing","type":"YA","timestamp":"2023-11-09 13:06:48"},{"nodeID":"1308093","text":"Mascha: Lucas Warden:  it usually only takes an hour","type":"L","timestamp":"2023-11-09 13:06:48"},{"nodeID":"1308094","text":"Asserting","type":"YA","timestamp":"2023-11-09 13:06:48"},{"nodeID":"1308095","text":"Default Inference","type":"RA","timestamp":"2023-11-09 13:06:48"},{"nodeID":"1308096","text":"Default Transition","type":"TA","timestamp":"2023-11-09 13:06:48"},{"nodeID":"1308097","text":"Arguing","type":"YA","timestamp":"2023-11-09 13:06:48"},{"nodeID":"1308098","text":"Default Transition","type":"TA","timestamp":"2023-11-09 13:06:48"},{"nodeID":"1308099","text":"Dan Hodges is not entirely sure that Kent should necessarily get a degree of special treatment","type":"I","timestamp":"2023-11-09 13:06:48"},{"nodeID":"1308100","text":"Dan Hodges:  I'm not entirely sure this part of the world should necessarily get a degree of special treatment","type":"L","timestamp":"2023-11-09 13:06:48"},{"nodeID":"1308101","text":"Analysing","type":"YA","timestamp":"2023-11-09 13:06:48"},{"nodeID":"1308102","text":"Mascha: Dan Hodges:  I'm not entirely sure this part of the world should necessarily get a degree of special treatment","type":"L","timestamp":"2023-11-09 13:06:48"},{"nodeID":"1308103","text":"Asserting","type":"YA","timestamp":"2023-11-09 13:06:48"},{"nodeID":"1308104","text":"Default Transition","type":"TA","timestamp":"2023-11-09 13:06:48"},{"nodeID":"1308105","text":"the disruption today is as a result of P&O and the, frankly, scandalous decision of P&O to sack its workforce","type":"I","timestamp":"2023-11-09 13:06:49"},{"nodeID":"1308106","text":"Dan Hodges:  the disruption today is as a result of P&O and the, frankly, scandalous decision of P&O to sack its workforce","type":"L","timestamp":"2023-11-09 13:06:49"},{"nodeID":"1308107","text":"Analysing","type":"YA","timestamp":"2023-11-09 13:06:49"},{"nodeID":"1308108","text":"Mascha: Dan Hodges:  the disruption today is as a result of P&O and the, frankly, scandalous decision of P&O to sack its workforce","type":"L","timestamp":"2023-11-09 13:06:49"},{"nodeID":"1308109","text":"Asserting","type":"YA","timestamp":"2023-11-09 13:06:49"},{"nodeID":"1308110","text":"Default Transition","type":"TA","timestamp":"2023-11-09 13:06:49"},{"nodeID":"1308111","text":"Default Rephrase","type":"MA","timestamp":"2023-11-09 13:06:49"},{"nodeID":"1308112","text":"Default Transition","type":"TA","timestamp":"2023-11-09 13:06:49"},{"nodeID":"1308113","text":"Restating","type":"YA","timestamp":"2023-11-09 13:06:49"}],"edges":[{"edgeID":"1718062","fromID":"1308040","toID":"1308039","formEdgeID":null},{"edgeID":"1718063","fromID":"1308041","toID":"1308040","formEdgeID":null},{"edgeID":"1718064","fromID":"1308039","toID":"1308042","formEdgeID":null},{"edgeID":"1718065","fromID":"1308042","toID":"1308038","formEdgeID":null},{"edgeID":"1718066","fromID":"1308045","toID":"1308044","formEdgeID":null},{"edgeID":"1718067","fromID":"1308046","toID":"1308045","formEdgeID":null},{"edgeID":"1718068","fromID":"1308044","toID":"1308047","formEdgeID":null},{"edgeID":"1718069","fromID":"1308047","toID":"1308043","formEdgeID":null},{"edgeID":"1718070","fromID":"1308039","toID":"1308048","formEdgeID":null},{"edgeID":"1718071","fromID":"1308048","toID":"1308044","formEdgeID":null},{"edgeID":"1718072","fromID":"1308051","toID":"1308050","formEdgeID":null},{"edgeID":"1718073","fromID":"1308052","toID":"1308051","formEdgeID":null},{"edgeID":"1718074","fromID":"1308050","toID":"1308053","formEdgeID":null},{"edgeID":"1718075","fromID":"1308053","toID":"1308049","formEdgeID":null},{"edgeID":"1718076","fromID":"1308049","toID":"1308054","formEdgeID":null},{"edgeID":"1718077","fromID":"1308054","toID":"1308038","formEdgeID":null},{"edgeID":"1718078","fromID":"1308039","toID":"1308055","formEdgeID":null},{"edgeID":"1718079","fromID":"1308055","toID":"1308050","formEdgeID":null},{"edgeID":"1718080","fromID":"1308055","toID":"1308056","formEdgeID":null},{"edgeID":"1718081","fromID":"1308056","toID":"1308054","formEdgeID":null},{"edgeID":"1718082","fromID":"1308059","toID":"1308058","formEdgeID":null},{"edgeID":"1718083","fromID":"1308060","toID":"1308059","formEdgeID":null},{"edgeID":"1718084","fromID":"1308058","toID":"1308061","formEdgeID":null},{"edgeID":"1718085","fromID":"1308061","toID":"1308057","formEdgeID":null},{"edgeID":"1718086","fromID":"1308050","toID":"1308062","formEdgeID":null},{"edgeID":"1718087","fromID":"1308062","toID":"1308058","formEdgeID":null},{"edgeID":"1718088","fromID":"1308065","toID":"1308064","formEdgeID":null},{"edgeID":"1718089","fromID":"1308066","toID":"1308065","formEdgeID":null},{"edgeID":"1718090","fromID":"1308064","toID":"1308067","formEdgeID":null},{"edgeID":"1718091","fromID":"1308067","toID":"1308063","formEdgeID":null},{"edgeID":"1718092","fromID":"1308058","toID":"1308068","formEdgeID":null},{"edgeID":"1718093","fromID":"1308068","toID":"1308064","formEdgeID":null},{"edgeID":"1718094","fromID":"1308071","toID":"1308070","formEdgeID":null},{"edgeID":"1718095","fromID":"1308072","toID":"1308071","formEdgeID":null},{"edgeID":"1718096","fromID":"1308070","toID":"1308073","formEdgeID":null},{"edgeID":"1718097","fromID":"1308073","toID":"1308069","formEdgeID":null},{"edgeID":"1718098","fromID":"1308063","toID":"1308074","formEdgeID":null},{"edgeID":"1718099","fromID":"1308074","toID":"1308057","formEdgeID":null},{"edgeID":"1718100","fromID":"1308068","toID":"1308075","formEdgeID":null},{"edgeID":"1718101","fromID":"1308075","toID":"1308074","formEdgeID":null},{"edgeID":"1718102","fromID":"1308078","toID":"1308077","formEdgeID":null},{"edgeID":"1718103","fromID":"1308079","toID":"1308078","formEdgeID":null},{"edgeID":"1718104","fromID":"1308077","toID":"1308080","formEdgeID":null},{"edgeID":"1718105","fromID":"1308080","toID":"1308076","formEdgeID":null},{"edgeID":"1718106","fromID":"1308070","toID":"1308081","formEdgeID":null},{"edgeID":"1718107","fromID":"1308081","toID":"1308077","formEdgeID":null},{"edgeID":"1718108","fromID":"1308069","toID":"1308082","formEdgeID":null},{"edgeID":"1718109","fromID":"1308082","toID":"1308076","formEdgeID":null},{"edgeID":"1718110","fromID":"1308081","toID":"1308083","formEdgeID":null},{"edgeID":"1718111","fromID":"1308083","toID":"1308082","formEdgeID":null},{"edgeID":"1718112","fromID":"1308086","toID":"1308085","formEdgeID":null},{"edgeID":"1718113","fromID":"1308087","toID":"1308086","formEdgeID":null},{"edgeID":"1718114","fromID":"1308085","toID":"1308088","formEdgeID":null},{"edgeID":"1718115","fromID":"1308088","toID":"1308084","formEdgeID":null},{"edgeID":"1718116","fromID":"1308070","toID":"1308089","formEdgeID":null},{"edgeID":"1718117","fromID":"1308089","toID":"1308085","formEdgeID":null},{"edgeID":"1718118","fromID":"1308092","toID":"1308091","formEdgeID":null},{"edgeID":"1718119","fromID":"1308093","toID":"1308092","formEdgeID":null},{"edgeID":"1718120","fromID":"1308091","toID":"1308094","formEdgeID":null},{"edgeID":"1718121","fromID":"1308094","toID":"1308090","formEdgeID":null},{"edgeID":"1718122","fromID":"1308090","toID":"1308095","formEdgeID":null},{"edgeID":"1718123","fromID":"1308095","toID":"1308069","formEdgeID":null},{"edgeID":"1718124","fromID":"1308084","toID":"1308095","formEdgeID":null},{"edgeID":"1718125","fromID":"1308070","toID":"1308096","formEdgeID":null},{"edgeID":"1718126","fromID":"1308096","toID":"1308091","formEdgeID":null},{"edgeID":"1718127","fromID":"1308096","toID":"1308097","formEdgeID":null},{"edgeID":"1718128","fromID":"1308097","toID":"1308095","formEdgeID":null},{"edgeID":"1718129","fromID":"1308085","toID":"1308098","formEdgeID":null},{"edgeID":"1718130","fromID":"1308098","toID":"1308091","formEdgeID":null},{"edgeID":"1718131","fromID":"1308101","toID":"1308100","formEdgeID":null},{"edgeID":"1718132","fromID":"1308102","toID":"1308101","formEdgeID":null},{"edgeID":"1718133","fromID":"1308100","toID":"1308103","formEdgeID":null},{"edgeID":"1718134","fromID":"1308103","toID":"1308099","formEdgeID":null},{"edgeID":"1718135","fromID":"1308091","toID":"1308104","formEdgeID":null},{"edgeID":"1718136","fromID":"1308104","toID":"1308100","formEdgeID":null},{"edgeID":"1718137","fromID":"1308107","toID":"1308106","formEdgeID":null},{"edgeID":"1718138","fromID":"1308108","toID":"1308107","formEdgeID":null},{"edgeID":"1718139","fromID":"1308106","toID":"1308109","formEdgeID":null},{"edgeID":"1718140","fromID":"1308109","toID":"1308105","formEdgeID":null},{"edgeID":"1718141","fromID":"1308064","toID":"1308110","formEdgeID":null},{"edgeID":"1718142","fromID":"1308110","toID":"1308070","formEdgeID":null},{"edgeID":"1718143","fromID":"1308105","toID":"1308111","formEdgeID":null},{"edgeID":"1718144","fromID":"1308111","toID":"1308049","formEdgeID":null},{"edgeID":"1718145","fromID":"1308050","toID":"1308112","formEdgeID":null},{"edgeID":"1718146","fromID":"1308112","toID":"1308106","formEdgeID":null},{"edgeID":"1718147","fromID":"1308112","toID":"1308113","formEdgeID":null},{"edgeID":"1718148","fromID":"1308113","toID":"1308111","formEdgeID":null}],"locutions":[]}