{"nodes":[{"nodeID":"1308875","text":"of companies, that you can buy something here and they make the money here","type":"I","timestamp":"2023-11-09 13:07:53"},{"nodeID":"1308876","text":"Justin Welby: of companies, that you can buy something here and they make the money here","type":"L","timestamp":"2023-11-09 13:07:53"},{"nodeID":"1308877","text":"Analysing","type":"YA","timestamp":"2023-11-09 13:07:53"},{"nodeID":"1308878","text":"Nicole: Justin Welby: of companies, that you can buy something here and they make the money here","type":"L","timestamp":"2023-11-09 13:07:53"},{"nodeID":"1308879","text":"Asserting","type":"YA","timestamp":"2023-11-09 13:07:53"},{"nodeID":"1308880","text":"there needs to be a real look at our tax system","type":"I","timestamp":"2023-11-09 13:07:54"},{"nodeID":"1308881","text":"Justin Welby: There needs to be a real look at our tax system","type":"L","timestamp":"2023-11-09 13:07:54"},{"nodeID":"1308882","text":"Analysing","type":"YA","timestamp":"2023-11-09 13:07:54"},{"nodeID":"1308883","text":"Nicole: Justin Welby: There needs to be a real look at our tax system","type":"L","timestamp":"2023-11-09 13:07:54"},{"nodeID":"1308884","text":"Asserting","type":"YA","timestamp":"2023-11-09 13:07:54"},{"nodeID":"1308885","text":"the basic principle is you pay for the benefit of living in the country to which you belong","type":"I","timestamp":"2023-11-09 13:07:54"},{"nodeID":"1308886","text":"Justin Welby: the basic principle is you pay for the benefit of living in the country to which you belong","type":"L","timestamp":"2023-11-09 13:07:54"},{"nodeID":"1308887","text":"Analysing","type":"YA","timestamp":"2023-11-09 13:07:54"},{"nodeID":"1308888","text":"Nicole: Justin Welby: the basic principle is you pay for the benefit of living in the country to which you belong","type":"L","timestamp":"2023-11-09 13:07:54"},{"nodeID":"1308889","text":"Asserting","type":"YA","timestamp":"2023-11-09 13:07:54"},{"nodeID":"1308890","text":"Default Transition","type":"TA","timestamp":"2023-11-09 13:07:54"},{"nodeID":"1308891","text":"Default Inference","type":"RA","timestamp":"2023-11-09 13:07:54"},{"nodeID":"1308892","text":"Arguing","type":"YA","timestamp":"2023-11-09 13:07:54"},{"nodeID":"1308893","text":"when Justin Welby first started work, he got a job in France","type":"I","timestamp":"2023-11-09 13:07:55"},{"nodeID":"1308894","text":"Justin Welby: When I first started work, because I couldn't get a job here, I got a job in France","type":"L","timestamp":"2023-11-09 13:07:55"},{"nodeID":"1308895","text":"Analysing","type":"YA","timestamp":"2023-11-09 13:07:55"},{"nodeID":"1308896","text":"Nicole: Justin Welby: When I first started work, because I couldn't get a job here, I got a job in France","type":"L","timestamp":"2023-11-09 13:07:55"},{"nodeID":"1308897","text":"Asserting","type":"YA","timestamp":"2023-11-09 13:07:55"},{"nodeID":"1308898","text":"Justin Welby couldn't get a job here, in the UK","type":"I","timestamp":"2023-11-09 13:07:55"},{"nodeID":"1308899","text":"Justin Welby: I couldn't get a job here","type":"L","timestamp":"2023-11-09 13:07:55"},{"nodeID":"1308900","text":"Analysing","type":"YA","timestamp":"2023-11-09 13:07:55"},{"nodeID":"1308901","text":"Nicole: Justin Welby: I couldn't get a job here","type":"L","timestamp":"2023-11-09 13:07:55"},{"nodeID":"1308902","text":"Asserting","type":"YA","timestamp":"2023-11-09 13:07:55"},{"nodeID":"1308903","text":"Default Transition","type":"TA","timestamp":"2023-11-09 13:07:55"},{"nodeID":"1308904","text":"Default Transition","type":"TA","timestamp":"2023-11-09 13:07:55"},{"nodeID":"1308905","text":"Default Inference","type":"RA","timestamp":"2023-11-09 13:07:55"},{"nodeID":"1308906","text":"Arguing","type":"YA","timestamp":"2023-11-09 13:07:55"},{"nodeID":"1308907","text":"Justin Welby paid on his huge income of \u00a32,200 a year","type":"I","timestamp":"2023-11-09 13:07:56"},{"nodeID":"1308908","text":"Justin Welby: I paid on my huge income of \u00a32,200 a year","type":"L","timestamp":"2023-11-09 13:07:56"},{"nodeID":"1308909","text":"Analysing","type":"YA","timestamp":"2023-11-09 13:07:56"},{"nodeID":"1308910","text":"Nicole: Justin Welby: I paid on my huge income of \u00a32,200 a year","type":"L","timestamp":"2023-11-09 13:07:56"},{"nodeID":"1308911","text":"Asserting","type":"YA","timestamp":"2023-11-09 13:07:56"},{"nodeID":"1308912","text":"Default Transition","type":"TA","timestamp":"2023-11-09 13:07:56"},{"nodeID":"1308913","text":"xxx is when Justin Welby worked in France","type":"I","timestamp":"2023-11-09 13:07:56"},{"nodeID":"1308914","text":"Fiona Bruce: when was this, Justin","type":"L","timestamp":"2023-11-09 13:07:56"},{"nodeID":"1308915","text":"Analysing","type":"YA","timestamp":"2023-11-09 13:07:56"},{"nodeID":"1308916","text":"Nicole: Fiona Bruce: when was this, Justin","type":"L","timestamp":"2023-11-09 13:07:56"},{"nodeID":"1308917","text":"Pure Questioning","type":"YA","timestamp":"2023-11-09 13:07:56"},{"nodeID":"1308918","text":"Default Transition","type":"TA","timestamp":"2023-11-09 13:07:56"},{"nodeID":"1308919","text":"the middle of the 17th century","type":"I","timestamp":"2023-11-09 13:07:57"},{"nodeID":"1308920","text":"Justin Welby: The middle of the 17th century","type":"L","timestamp":"2023-11-09 13:07:57"},{"nodeID":"1308921","text":"Analysing","type":"YA","timestamp":"2023-11-09 13:07:57"},{"nodeID":"1308922","text":"Nicole: Justin Welby: The middle of the 17th century","type":"L","timestamp":"2023-11-09 13:07:57"},{"nodeID":"1308923","text":"Asserting","type":"YA","timestamp":"2023-11-09 13:07:57"},{"nodeID":"1308924","text":"Default Transition","type":"TA","timestamp":"2023-11-09 13:07:57"},{"nodeID":"1308925","text":"Default Rephrase","type":"MA","timestamp":"2023-11-09 13:07:57"},{"nodeID":"1308926","text":"Default Illocuting","type":"YA","timestamp":"2023-11-09 13:07:57"},{"nodeID":"1308927","text":"Justin Welby paid on his global income","type":"I","timestamp":"2023-11-09 13:07:58"},{"nodeID":"1308928","text":"Justin Welby: I paid on my global income","type":"L","timestamp":"2023-11-09 13:07:58"},{"nodeID":"1308929","text":"Analysing","type":"YA","timestamp":"2023-11-09 13:07:58"},{"nodeID":"1308930","text":"Nicole: Justin Welby: I paid on my global income","type":"L","timestamp":"2023-11-09 13:07:58"},{"nodeID":"1308931","text":"Asserting","type":"YA","timestamp":"2023-11-09 13:07:58"},{"nodeID":"1308932","text":"Default Transition","type":"TA","timestamp":"2023-11-09 13:07:58"},{"nodeID":"1308933","text":"Default Rephrase","type":"MA","timestamp":"2023-11-09 13:07:58"},{"nodeID":"1308934","text":"Restating","type":"YA","timestamp":"2023-11-09 13:07:58"},{"nodeID":"1308935","text":"Justin Welby paid French tax","type":"I","timestamp":"2023-11-09 13:07:58"},{"nodeID":"1308936","text":"Justin Welby: I paid French tax","type":"L","timestamp":"2023-11-09 13:07:58"},{"nodeID":"1308937","text":"Analysing","type":"YA","timestamp":"2023-11-09 13:07:58"},{"nodeID":"1308938","text":"Nicole: Justin Welby: I paid French tax","type":"L","timestamp":"2023-11-09 13:07:58"},{"nodeID":"1308939","text":"Asserting","type":"YA","timestamp":"2023-11-09 13:07:58"},{"nodeID":"1308940","text":"Default Transition","type":"TA","timestamp":"2023-11-09 13:07:58"},{"nodeID":"1308941","text":"Default Rephrase","type":"MA","timestamp":"2023-11-09 13:07:58"},{"nodeID":"1308942","text":"Restating","type":"YA","timestamp":"2023-11-09 13:07:58"},{"nodeID":"1308943","text":"we've had non-dom status for a very long time","type":"I","timestamp":"2023-11-09 13:07:59"},{"nodeID":"1308944","text":"Justin Welby: for a very long time","type":"L","timestamp":"2023-11-09 13:07:59"},{"nodeID":"1308945","text":"Analysing","type":"YA","timestamp":"2023-11-09 13:07:59"},{"nodeID":"1308946","text":"Nicole: Justin Welby: for a very long time","type":"L","timestamp":"2023-11-09 13:07:59"},{"nodeID":"1308947","text":"Asserting","type":"YA","timestamp":"2023-11-09 13:07:59"},{"nodeID":"1308948","text":"Default Transition","type":"TA","timestamp":"2023-11-09 13:07:59"},{"nodeID":"1308949","text":"that sounds like, even though Justin Welby doesn't want to get drawn into personalities, that he thinks the Chancellor's wife should be paying tax on her income here","type":"I","timestamp":"2023-11-09 13:07:59"},{"nodeID":"1308950","text":"Fiona Bruce: That sounds to me like you're saying, even though you don't want to get drawn into personalities, that you think the Chancellor's wife should be paying tax on her income here","type":"L","timestamp":"2023-11-09 13:07:59"},{"nodeID":"1308951","text":"Analysing","type":"YA","timestamp":"2023-11-09 13:07:59"},{"nodeID":"1308952","text":"Nicole: Fiona Bruce: That sounds to me like you're saying, even though you don't want to get drawn into personalities, that you think the Chancellor's wife should be paying tax on her income here","type":"L","timestamp":"2023-11-09 13:07:59"},{"nodeID":"1308953","text":"Assertive Questioning","type":"YA","timestamp":"2023-11-09 13:07:59"},{"nodeID":"1308954","text":"Default Transition","type":"TA","timestamp":"2023-11-09 13:07:59"},{"nodeID":"1308955","text":"no, the Chancellor's wife shouldn't be paying tax on her income here","type":"I","timestamp":"2023-11-09 13:08:00"},{"nodeID":"1308956","text":"Justin Welby: No","type":"L","timestamp":"2023-11-09 13:08:00"},{"nodeID":"1308957","text":"Analysing","type":"YA","timestamp":"2023-11-09 13:08:00"},{"nodeID":"1308958","text":"Nicole: Justin Welby: No","type":"L","timestamp":"2023-11-09 13:08:00"},{"nodeID":"1308959","text":"Asserting","type":"YA","timestamp":"2023-11-09 13:08:00"},{"nodeID":"1308960","text":"Default Transition","type":"TA","timestamp":"2023-11-09 13:08:00"},{"nodeID":"1308961","text":"Default Conflict","type":"CA","timestamp":"2023-11-09 13:08:00"},{"nodeID":"1308962","text":"Disagreeing","type":"YA","timestamp":"2023-11-09 13:08:00"},{"nodeID":"1308963","text":"it is an old established rule and a very good one, that you should not pay more tax than you are obliged to pay","type":"I","timestamp":"2023-11-09 13:08:01"},{"nodeID":"1308964","text":"Justin Welby: it is an old established rule and a very good one, that you should not pay more tax than you are obliged to pay","type":"L","timestamp":"2023-11-09 13:08:01"},{"nodeID":"1308965","text":"Analysing","type":"YA","timestamp":"2023-11-09 13:08:01"},{"nodeID":"1308966","text":"Nicole: Justin Welby: it is an old established rule and a very good one, that you should not pay more tax than you are obliged to pay","type":"L","timestamp":"2023-11-09 13:08:01"},{"nodeID":"1308967","text":"Asserting","type":"YA","timestamp":"2023-11-09 13:08:01"},{"nodeID":"1308968","text":"Default Transition","type":"TA","timestamp":"2023-11-09 13:08:01"},{"nodeID":"1308969","text":"Default Inference","type":"RA","timestamp":"2023-11-09 13:08:01"},{"nodeID":"1308970","text":"Arguing","type":"YA","timestamp":"2023-11-09 13:08:01"},{"nodeID":"1308971","text":"you're perfectly entitled","type":"I","timestamp":"2023-11-09 13:08:01"},{"nodeID":"1308972","text":"Justin Welby: You're perfectly entitled","type":"L","timestamp":"2023-11-09 13:08:01"},{"nodeID":"1308973","text":"Analysing","type":"YA","timestamp":"2023-11-09 13:08:01"},{"nodeID":"1308974","text":"Nicole: Justin Welby: You're perfectly entitled","type":"L","timestamp":"2023-11-09 13:08:01"},{"nodeID":"1308975","text":"Asserting","type":"YA","timestamp":"2023-11-09 13:08:01"},{"nodeID":"1308976","text":"Default Transition","type":"TA","timestamp":"2023-11-09 13:08:01"},{"nodeID":"1308977","text":"Default Rephrase","type":"MA","timestamp":"2023-11-09 13:08:01"},{"nodeID":"1308978","text":"Restating","type":"YA","timestamp":"2023-11-09 13:08:01"},{"nodeID":"1308979","text":"Justin Welby is not criticising the Chancellor's wife at all","type":"I","timestamp":"2023-11-09 13:08:02"},{"nodeID":"1308980","text":"Justin Welby: I'm not criticising her at all","type":"L","timestamp":"2023-11-09 13:08:02"},{"nodeID":"1308981","text":"Analysing","type":"YA","timestamp":"2023-11-09 13:08:02"},{"nodeID":"1308982","text":"Nicole: Justin Welby: I'm not criticising her at all","type":"L","timestamp":"2023-11-09 13:08:02"},{"nodeID":"1308983","text":"Asserting","type":"YA","timestamp":"2023-11-09 13:08:02"},{"nodeID":"1308984","text":"the rules are wrong","type":"I","timestamp":"2023-11-09 13:08:02"},{"nodeID":"1308985","text":"Justin Welby: the rules are wrong","type":"L","timestamp":"2023-11-09 13:08:02"},{"nodeID":"1308986","text":"Analysing","type":"YA","timestamp":"2023-11-09 13:08:02"},{"nodeID":"1308987","text":"Nicole: Justin Welby: the rules are wrong","type":"L","timestamp":"2023-11-09 13:08:02"},{"nodeID":"1308988","text":"Asserting","type":"YA","timestamp":"2023-11-09 13:08:02"},{"nodeID":"1308989","text":"Default Transition","type":"TA","timestamp":"2023-11-09 13:08:02"},{"nodeID":"1308990","text":"Default Rephrase","type":"MA","timestamp":"2023-11-09 13:08:02"},{"nodeID":"1308991","text":"Restating","type":"YA","timestamp":"2023-11-09 13:08:02"},{"nodeID":"1308992","text":"companies charge it from Luxemburg or somewhere","type":"I","timestamp":"2023-11-09 13:08:03"},{"nodeID":"1308993","text":"Justin Welby: they charge it from Luxemburg or somewhere","type":"L","timestamp":"2023-11-09 13:08:03"},{"nodeID":"1308994","text":"Analysing","type":"YA","timestamp":"2023-11-09 13:08:03"},{"nodeID":"1308995","text":"Nicole: Justin Welby: they charge it from Luxemburg or somewhere","type":"L","timestamp":"2023-11-09 13:08:03"},{"nodeID":"1308996","text":"Asserting","type":"YA","timestamp":"2023-11-09 13:08:03"},{"nodeID":"1308997","text":"Default Transition","type":"TA","timestamp":"2023-11-09 13:08:03"},{"nodeID":"1308998","text":"companies don't pay tax on that","type":"I","timestamp":"2023-11-09 13:08:03"},{"nodeID":"1308999","text":"Justin Welby: they don't pay tax on that","type":"L","timestamp":"2023-11-09 13:08:03"},{"nodeID":"1309000","text":"Analysing","type":"YA","timestamp":"2023-11-09 13:08:03"},{"nodeID":"1309001","text":"Nicole: Justin Welby: they don't pay tax on that","type":"L","timestamp":"2023-11-09 13:08:03"},{"nodeID":"1309002","text":"Asserting","type":"YA","timestamp":"2023-11-09 13:08:03"},{"nodeID":"1309003","text":"Default Transition","type":"TA","timestamp":"2023-11-09 13:08:03"},{"nodeID":"1309004","text":"Default Transition","type":"TA","timestamp":"2023-11-09 13:08:03"},{"nodeID":"1309005","text":"Default Conflict","type":"CA","timestamp":"2023-11-09 13:08:03"},{"nodeID":"1309006","text":"Disagreeing","type":"YA","timestamp":"2023-11-09 13:08:03"},{"nodeID":"1309007","text":"Default Inference","type":"RA","timestamp":"2023-11-09 13:08:03"},{"nodeID":"1309008","text":"Arguing","type":"YA","timestamp":"2023-11-09 13:08:03"},{"nodeID":"1309009","text":"it's a very old rule, to fix your tax affairs legally","type":"I","timestamp":"2023-11-09 13:08:04"},{"nodeID":"1309010","text":"Justin Welby: It's a very old rule, to fix your tax affairs legally","type":"L","timestamp":"2023-11-09 13:08:04"},{"nodeID":"1309011","text":"Analysing","type":"YA","timestamp":"2023-11-09 13:08:04"},{"nodeID":"1309012","text":"Nicole: Justin Welby: It's a very old rule, to fix your tax affairs legally","type":"L","timestamp":"2023-11-09 13:08:04"},{"nodeID":"1309013","text":"Asserting","type":"YA","timestamp":"2023-11-09 13:08:04"},{"nodeID":"1309014","text":"the Chancellor's wife has fixed her tax affairs legally","type":"I","timestamp":"2023-11-09 13:08:05"},{"nodeID":"1309015","text":"Justin Welby: she has done","type":"L","timestamp":"2023-11-09 13:08:05"},{"nodeID":"1309016","text":"Analysing","type":"YA","timestamp":"2023-11-09 13:08:05"},{"nodeID":"1309017","text":"Nicole: Justin Welby: she has done","type":"L","timestamp":"2023-11-09 13:08:05"},{"nodeID":"1309018","text":"Asserting","type":"YA","timestamp":"2023-11-09 13:08:05"},{"nodeID":"1309019","text":"Default Transition","type":"TA","timestamp":"2023-11-09 13:08:05"},{"nodeID":"1309020","text":"Default Transition","type":"TA","timestamp":"2023-11-09 13:08:05"},{"nodeID":"1309021","text":"Default Transition","type":"TA","timestamp":"2023-11-09 13:08:05"},{"nodeID":"1309022","text":"Default Rephrase","type":"MA","timestamp":"2023-11-09 13:08:05"},{"nodeID":"1309023","text":"Restating","type":"YA","timestamp":"2023-11-09 13:08:05"},{"nodeID":"1309024","text":"Default Rephrase","type":"MA","timestamp":"2023-11-09 13:08:05"},{"nodeID":"1309025","text":"Restating","type":"YA","timestamp":"2023-11-09 13:08:05"},{"nodeID":"1309026","text":"Default Inference","type":"RA","timestamp":"2023-11-09 13:08:05"},{"nodeID":"1309027","text":"Arguing","type":"YA","timestamp":"2023-11-09 13:08:05"},{"nodeID":"1309028","text":"Default Conflict","type":"CA","timestamp":"2023-11-09 13:08:05"},{"nodeID":"1309029","text":"Default Transition","type":"TA","timestamp":"2023-11-09 13:08:05"},{"nodeID":"1309030","text":"Disagreeing","type":"YA","timestamp":"2023-11-09 13:08:05"}],"edges":[{"edgeID":"1719060","fromID":"1308877","toID":"1308876","formEdgeID":null},{"edgeID":"1719061","fromID":"1308878","toID":"1308877","formEdgeID":null},{"edgeID":"1719062","fromID":"1308876","toID":"1308879","formEdgeID":null},{"edgeID":"1719063","fromID":"1308879","toID":"1308875","formEdgeID":null},{"edgeID":"1719064","fromID":"1308882","toID":"1308881","formEdgeID":null},{"edgeID":"1719065","fromID":"1308883","toID":"1308882","formEdgeID":null},{"edgeID":"1719066","fromID":"1308881","toID":"1308884","formEdgeID":null},{"edgeID":"1719067","fromID":"1308884","toID":"1308880","formEdgeID":null},{"edgeID":"1719068","fromID":"1308887","toID":"1308886","formEdgeID":null},{"edgeID":"1719069","fromID":"1308888","toID":"1308887","formEdgeID":null},{"edgeID":"1719070","fromID":"1308886","toID":"1308889","formEdgeID":null},{"edgeID":"1719071","fromID":"1308889","toID":"1308885","formEdgeID":null},{"edgeID":"1719072","fromID":"1308881","toID":"1308890","formEdgeID":null},{"edgeID":"1719073","fromID":"1308890","toID":"1308886","formEdgeID":null},{"edgeID":"1719074","fromID":"1308885","toID":"1308891","formEdgeID":null},{"edgeID":"1719075","fromID":"1308891","toID":"1308880","formEdgeID":null},{"edgeID":"1719076","fromID":"1308890","toID":"1308892","formEdgeID":null},{"edgeID":"1719077","fromID":"1308892","toID":"1308891","formEdgeID":null},{"edgeID":"1719078","fromID":"1308895","toID":"1308894","formEdgeID":null},{"edgeID":"1719079","fromID":"1308896","toID":"1308895","formEdgeID":null},{"edgeID":"1719080","fromID":"1308894","toID":"1308897","formEdgeID":null},{"edgeID":"1719081","fromID":"1308897","toID":"1308893","formEdgeID":null},{"edgeID":"1719082","fromID":"1308900","toID":"1308899","formEdgeID":null},{"edgeID":"1719083","fromID":"1308901","toID":"1308900","formEdgeID":null},{"edgeID":"1719084","fromID":"1308899","toID":"1308902","formEdgeID":null},{"edgeID":"1719085","fromID":"1308902","toID":"1308898","formEdgeID":null},{"edgeID":"1719086","fromID":"1308886","toID":"1308903","formEdgeID":null},{"edgeID":"1719087","fromID":"1308903","toID":"1308894","formEdgeID":null},{"edgeID":"1719088","fromID":"1308894","toID":"1308904","formEdgeID":null},{"edgeID":"1719089","fromID":"1308904","toID":"1308899","formEdgeID":null},{"edgeID":"1719090","fromID":"1308898","toID":"1308905","formEdgeID":null},{"edgeID":"1719091","fromID":"1308905","toID":"1308893","formEdgeID":null},{"edgeID":"1719092","fromID":"1308904","toID":"1308906","formEdgeID":null},{"edgeID":"1719093","fromID":"1308906","toID":"1308905","formEdgeID":null},{"edgeID":"1719094","fromID":"1308909","toID":"1308908","formEdgeID":null},{"edgeID":"1719095","fromID":"1308910","toID":"1308909","formEdgeID":null},{"edgeID":"1719096","fromID":"1308908","toID":"1308911","formEdgeID":null},{"edgeID":"1719097","fromID":"1308911","toID":"1308907","formEdgeID":null},{"edgeID":"1719098","fromID":"1308894","toID":"1308912","formEdgeID":null},{"edgeID":"1719099","fromID":"1308912","toID":"1308908","formEdgeID":null},{"edgeID":"1719100","fromID":"1308915","toID":"1308914","formEdgeID":null},{"edgeID":"1719101","fromID":"1308916","toID":"1308915","formEdgeID":null},{"edgeID":"1719102","fromID":"1308914","toID":"1308917","formEdgeID":null},{"edgeID":"1719103","fromID":"1308917","toID":"1308913","formEdgeID":null},{"edgeID":"1719104","fromID":"1308908","toID":"1308918","formEdgeID":null},{"edgeID":"1719105","fromID":"1308918","toID":"1308914","formEdgeID":null},{"edgeID":"1719106","fromID":"1308921","toID":"1308920","formEdgeID":null},{"edgeID":"1719107","fromID":"1308922","toID":"1308921","formEdgeID":null},{"edgeID":"1719108","fromID":"1308920","toID":"1308923","formEdgeID":null},{"edgeID":"1719109","fromID":"1308923","toID":"1308919","formEdgeID":null},{"edgeID":"1719110","fromID":"1308914","toID":"1308924","formEdgeID":null},{"edgeID":"1719111","fromID":"1308924","toID":"1308920","formEdgeID":null},{"edgeID":"1719112","fromID":"1308919","toID":"1308925","formEdgeID":null},{"edgeID":"1719113","fromID":"1308925","toID":"1308913","formEdgeID":null},{"edgeID":"1719114","fromID":"1308924","toID":"1308926","formEdgeID":null},{"edgeID":"1719115","fromID":"1308926","toID":"1308925","formEdgeID":null},{"edgeID":"1719116","fromID":"1308929","toID":"1308928","formEdgeID":null},{"edgeID":"1719117","fromID":"1308930","toID":"1308929","formEdgeID":null},{"edgeID":"1719118","fromID":"1308928","toID":"1308931","formEdgeID":null},{"edgeID":"1719119","fromID":"1308931","toID":"1308927","formEdgeID":null},{"edgeID":"1719120","fromID":"1308908","toID":"1308932","formEdgeID":null},{"edgeID":"1719121","fromID":"1308932","toID":"1308928","formEdgeID":null},{"edgeID":"1719122","fromID":"1308927","toID":"1308933","formEdgeID":null},{"edgeID":"1719123","fromID":"1308933","toID":"1308907","formEdgeID":null},{"edgeID":"1719124","fromID":"1308932","toID":"1308934","formEdgeID":null},{"edgeID":"1719125","fromID":"1308934","toID":"1308933","formEdgeID":null},{"edgeID":"1719126","fromID":"1308937","toID":"1308936","formEdgeID":null},{"edgeID":"1719127","fromID":"1308938","toID":"1308937","formEdgeID":null},{"edgeID":"1719128","fromID":"1308936","toID":"1308939","formEdgeID":null},{"edgeID":"1719129","fromID":"1308939","toID":"1308935","formEdgeID":null},{"edgeID":"1719130","fromID":"1308928","toID":"1308940","formEdgeID":null},{"edgeID":"1719131","fromID":"1308940","toID":"1308936","formEdgeID":null},{"edgeID":"1719132","fromID":"1308935","toID":"1308941","formEdgeID":null},{"edgeID":"1719133","fromID":"1308941","toID":"1308927","formEdgeID":null},{"edgeID":"1719134","fromID":"1308940","toID":"1308942","formEdgeID":null},{"edgeID":"1719135","fromID":"1308942","toID":"1308941","formEdgeID":null},{"edgeID":"1719136","fromID":"1308945","toID":"1308944","formEdgeID":null},{"edgeID":"1719137","fromID":"1308946","toID":"1308945","formEdgeID":null},{"edgeID":"1719138","fromID":"1308944","toID":"1308947","formEdgeID":null},{"edgeID":"1719139","fromID":"1308947","toID":"1308943","formEdgeID":null},{"edgeID":"1719140","fromID":"1308936","toID":"1308948","formEdgeID":null},{"edgeID":"1719141","fromID":"1308948","toID":"1308944","formEdgeID":null},{"edgeID":"1719142","fromID":"1308951","toID":"1308950","formEdgeID":null},{"edgeID":"1719143","fromID":"1308952","toID":"1308951","formEdgeID":null},{"edgeID":"1719144","fromID":"1308950","toID":"1308953","formEdgeID":null},{"edgeID":"1719145","fromID":"1308953","toID":"1308949","formEdgeID":null},{"edgeID":"1719146","fromID":"1308944","toID":"1308954","formEdgeID":null},{"edgeID":"1719147","fromID":"1308954","toID":"1308950","formEdgeID":null},{"edgeID":"1719148","fromID":"1308957","toID":"1308956","formEdgeID":null},{"edgeID":"1719149","fromID":"1308958","toID":"1308957","formEdgeID":null},{"edgeID":"1719150","fromID":"1308956","toID":"1308959","formEdgeID":null},{"edgeID":"1719151","fromID":"1308959","toID":"1308955","formEdgeID":null},{"edgeID":"1719152","fromID":"1308950","toID":"1308960","formEdgeID":null},{"edgeID":"1719153","fromID":"1308960","toID":"1308956","formEdgeID":null},{"edgeID":"1719154","fromID":"1308955","toID":"1308961","formEdgeID":null},{"edgeID":"1719155","fromID":"1308961","toID":"1308949","formEdgeID":null},{"edgeID":"1719156","fromID":"1308960","toID":"1308962","formEdgeID":null},{"edgeID":"1719157","fromID":"1308962","toID":"1308961","formEdgeID":null},{"edgeID":"1719158","fromID":"1308965","toID":"1308964","formEdgeID":null},{"edgeID":"1719159","fromID":"1308966","toID":"1308965","formEdgeID":null},{"edgeID":"1719160","fromID":"1308964","toID":"1308967","formEdgeID":null},{"edgeID":"1719161","fromID":"1308967","toID":"1308963","formEdgeID":null},{"edgeID":"1719162","fromID":"1308956","toID":"1308968","formEdgeID":null},{"edgeID":"1719163","fromID":"1308968","toID":"1308964","formEdgeID":null},{"edgeID":"1719164","fromID":"1308963","toID":"1308969","formEdgeID":null},{"edgeID":"1719165","fromID":"1308969","toID":"1308955","formEdgeID":null},{"edgeID":"1719166","fromID":"1308968","toID":"1308970","formEdgeID":null},{"edgeID":"1719167","fromID":"1308970","toID":"1308969","formEdgeID":null},{"edgeID":"1719168","fromID":"1308973","toID":"1308972","formEdgeID":null},{"edgeID":"1719169","fromID":"1308974","toID":"1308973","formEdgeID":null},{"edgeID":"1719170","fromID":"1308972","toID":"1308975","formEdgeID":null},{"edgeID":"1719171","fromID":"1308975","toID":"1308971","formEdgeID":null},{"edgeID":"1719172","fromID":"1308964","toID":"1308976","formEdgeID":null},{"edgeID":"1719173","fromID":"1308976","toID":"1308972","formEdgeID":null},{"edgeID":"1719174","fromID":"1308971","toID":"1308977","formEdgeID":null},{"edgeID":"1719175","fromID":"1308977","toID":"1308963","formEdgeID":null},{"edgeID":"1719176","fromID":"1308976","toID":"1308978","formEdgeID":null},{"edgeID":"1719177","fromID":"1308978","toID":"1308977","formEdgeID":null},{"edgeID":"1719178","fromID":"1308981","toID":"1308980","formEdgeID":null},{"edgeID":"1719179","fromID":"1308982","toID":"1308981","formEdgeID":null},{"edgeID":"1719180","fromID":"1308980","toID":"1308983","formEdgeID":null},{"edgeID":"1719181","fromID":"1308983","toID":"1308979","formEdgeID":null},{"edgeID":"1719182","fromID":"1308986","toID":"1308985","formEdgeID":null},{"edgeID":"1719183","fromID":"1308987","toID":"1308986","formEdgeID":null},{"edgeID":"1719184","fromID":"1308985","toID":"1308988","formEdgeID":null},{"edgeID":"1719185","fromID":"1308988","toID":"1308984","formEdgeID":null},{"edgeID":"1719186","fromID":"1308881","toID":"1308989","formEdgeID":null},{"edgeID":"1719187","fromID":"1308989","toID":"1308985","formEdgeID":null},{"edgeID":"1719188","fromID":"1308984","toID":"1308990","formEdgeID":null},{"edgeID":"1719189","fromID":"1308990","toID":"1308880","formEdgeID":null},{"edgeID":"1719190","fromID":"1308989","toID":"1308991","formEdgeID":null},{"edgeID":"1719191","fromID":"1308991","toID":"1308990","formEdgeID":null},{"edgeID":"1719192","fromID":"1308994","toID":"1308993","formEdgeID":null},{"edgeID":"1719193","fromID":"1308995","toID":"1308994","formEdgeID":null},{"edgeID":"1719194","fromID":"1308993","toID":"1308996","formEdgeID":null},{"edgeID":"1719195","fromID":"1308996","toID":"1308992","formEdgeID":null},{"edgeID":"1719196","fromID":"1308876","toID":"1308997","formEdgeID":null},{"edgeID":"1719197","fromID":"1308997","toID":"1308993","formEdgeID":null},{"edgeID":"1719198","fromID":"1309000","toID":"1308999","formEdgeID":null},{"edgeID":"1719199","fromID":"1309001","toID":"1309000","formEdgeID":null},{"edgeID":"1719200","fromID":"1308999","toID":"1309002","formEdgeID":null},{"edgeID":"1719201","fromID":"1309002","toID":"1308998","formEdgeID":null},{"edgeID":"1719202","fromID":"1308993","toID":"1309003","formEdgeID":null},{"edgeID":"1719203","fromID":"1309003","toID":"1308999","formEdgeID":null},{"edgeID":"1719204","fromID":"1308999","toID":"1309004","formEdgeID":null},{"edgeID":"1719205","fromID":"1309004","toID":"1308881","formEdgeID":null},{"edgeID":"1719206","fromID":"1308992","toID":"1309005","formEdgeID":null},{"edgeID":"1719207","fromID":"1309005","toID":"1308875","formEdgeID":null},{"edgeID":"1719208","fromID":"1308997","toID":"1309006","formEdgeID":null},{"edgeID":"1719209","fromID":"1309006","toID":"1309005","formEdgeID":null},{"edgeID":"1719210","fromID":"1308992","toID":"1309007","formEdgeID":null},{"edgeID":"1719211","fromID":"1309007","toID":"1308998","formEdgeID":null},{"edgeID":"1719212","fromID":"1309003","toID":"1309008","formEdgeID":null},{"edgeID":"1719213","fromID":"1309008","toID":"1309007","formEdgeID":null},{"edgeID":"1719214","fromID":"1309011","toID":"1309010","formEdgeID":null},{"edgeID":"1719215","fromID":"1309012","toID":"1309011","formEdgeID":null},{"edgeID":"1719216","fromID":"1309010","toID":"1309013","formEdgeID":null},{"edgeID":"1719217","fromID":"1309013","toID":"1309009","formEdgeID":null},{"edgeID":"1719218","fromID":"1309016","toID":"1309015","formEdgeID":null},{"edgeID":"1719219","fromID":"1309017","toID":"1309016","formEdgeID":null},{"edgeID":"1719220","fromID":"1309015","toID":"1309018","formEdgeID":null},{"edgeID":"1719221","fromID":"1309018","toID":"1309014","formEdgeID":null},{"edgeID":"1719222","fromID":"1308972","toID":"1309019","formEdgeID":null},{"edgeID":"1719223","fromID":"1309019","toID":"1309010","formEdgeID":null},{"edgeID":"1719224","fromID":"1309010","toID":"1309020","formEdgeID":null},{"edgeID":"1719225","fromID":"1309020","toID":"1309015","formEdgeID":null},{"edgeID":"1719226","fromID":"1309015","toID":"1309021","formEdgeID":null},{"edgeID":"1719227","fromID":"1309021","toID":"1308980","formEdgeID":null},{"edgeID":"1719228","fromID":"1309009","toID":"1309022","formEdgeID":null},{"edgeID":"1719229","fromID":"1309022","toID":"1308971","formEdgeID":null},{"edgeID":"1719230","fromID":"1309019","toID":"1309023","formEdgeID":null},{"edgeID":"1719231","fromID":"1309023","toID":"1309022","formEdgeID":null},{"edgeID":"1719232","fromID":"1309014","toID":"1309024","formEdgeID":null},{"edgeID":"1719233","fromID":"1309024","toID":"1309009","formEdgeID":null},{"edgeID":"1719234","fromID":"1309020","toID":"1309025","formEdgeID":null},{"edgeID":"1719235","fromID":"1309025","toID":"1309024","formEdgeID":null},{"edgeID":"1719236","fromID":"1309014","toID":"1309026","formEdgeID":null},{"edgeID":"1719237","fromID":"1309026","toID":"1308979","formEdgeID":null},{"edgeID":"1719238","fromID":"1309021","toID":"1309027","formEdgeID":null},{"edgeID":"1719239","fromID":"1309027","toID":"1309026","formEdgeID":null},{"edgeID":"1719240","fromID":"1308984","toID":"1309028","formEdgeID":null},{"edgeID":"1719241","fromID":"1309028","toID":"1308979","formEdgeID":null},{"edgeID":"1719242","fromID":"1308980","toID":"1309029","formEdgeID":null},{"edgeID":"1719243","fromID":"1309029","toID":"1308985","formEdgeID":null},{"edgeID":"1719244","fromID":"1309029","toID":"1309030","formEdgeID":null},{"edgeID":"1719245","fromID":"1309030","toID":"1309028","formEdgeID":null}],"locutions":[]}