{"nodes":[{"nodeID":"1306856","text":"the refugees minister from the Tory Party came on air this week","type":"I","timestamp":"2023-11-09 13:05:02"},{"nodeID":"1306857","text":"Zing Tsjeng: The refugees minister from the Tory Party came on air this week","type":"L","timestamp":"2023-11-09 13:05:02"},{"nodeID":"1306858","text":"Analysing","type":"YA","timestamp":"2023-11-09 13:05:02"},{"nodeID":"1306859","text":"Steffi: Zing Tsjeng: The refugees minister from the Tory Party came on air this week","type":"L","timestamp":"2023-11-09 13:05:02"},{"nodeID":"1306860","text":"Asserting","type":"YA","timestamp":"2023-11-09 13:05:02"},{"nodeID":"1306861","text":"that only one in ten Ukrainians who have a valid visa to come here have actually arrived in the UK is embarrassing","type":"I","timestamp":"2023-11-09 13:05:03"},{"nodeID":"1306862","text":"Zing Tsjeng: described it as embarrassing","type":"L","timestamp":"2023-11-09 13:05:03"},{"nodeID":"1306863","text":"Analysing","type":"YA","timestamp":"2023-11-09 13:05:03"},{"nodeID":"1306864","text":"Steffi: Zing Tsjeng: described it as embarrassing","type":"L","timestamp":"2023-11-09 13:05:03"},{"nodeID":"1306865","text":"Default Transition","type":"TA","timestamp":"2023-11-09 13:05:03"},{"nodeID":"1306866","text":"Richard Harrington: that only one in ten Ukrainians who have a valid visa to come here have actually arrived in the UK is embarrassing","type":"L","timestamp":"2023-11-09 13:05:03"},{"nodeID":"1306867","text":"Analysing","type":"YA","timestamp":"2023-11-09 13:05:03"},{"nodeID":"1306868","text":"Steffi: Richard Harrington: the refugees minister from the Tory Party described it as embarrassing","type":"L","timestamp":"2023-11-09 13:05:03"},{"nodeID":"1306869","text":"Asserting","type":"YA","timestamp":"2023-11-09 13:05:03"},{"nodeID":"1306870","text":"Asserting","type":"YA","timestamp":"2023-11-09 13:05:03"},{"nodeID":"1306871","text":"we are an outlier in Europe","type":"I","timestamp":"2023-11-09 13:05:03"},{"nodeID":"1306872","text":"Zing Tsjeng: we are an outlier in Europe","type":"L","timestamp":"2023-11-09 13:05:03"},{"nodeID":"1306873","text":"Analysing","type":"YA","timestamp":"2023-11-09 13:05:03"},{"nodeID":"1306874","text":"Steffi: Zing Tsjeng: we are an outlier in Europe","type":"L","timestamp":"2023-11-09 13:05:03"},{"nodeID":"1306875","text":"Asserting","type":"YA","timestamp":"2023-11-09 13:05:03"},{"nodeID":"1306876","text":"Default Transition","type":"TA","timestamp":"2023-11-09 13:05:03"},{"nodeID":"1306877","text":"we are the only country that is forcing these Ukrainian people, fleeing war, to come to us with the reams and reams of paperwork to try to process them through a bureaucratic process","type":"I","timestamp":"2023-11-09 13:05:04"},{"nodeID":"1306878","text":"Zing Tsjeng:  we are the only countr that is forcing these people, fleeing war, to come to us with the reams and reams of paperwork to try to process them through a bureaucratic process","type":"L","timestamp":"2023-11-09 13:05:04"},{"nodeID":"1306879","text":"Analysing","type":"YA","timestamp":"2023-11-09 13:05:04"},{"nodeID":"1306880","text":"Steffi: Zing Tsjeng:  we are the only countr that is forcing these people, fleeing war, to come to us with the reams and reams of paperwork to try to process them through a bureaucratic process","type":"L","timestamp":"2023-11-09 13:05:04"},{"nodeID":"1306881","text":"Asserting","type":"YA","timestamp":"2023-11-09 13:05:04"},{"nodeID":"1306882","text":"Default Transition","type":"TA","timestamp":"2023-11-09 13:05:04"},{"nodeID":"1306883","text":"all the Ukrainian refugees have done is flee a war with, in many cases, just the clothes on their back","type":"I","timestamp":"2023-11-09 13:05:04"},{"nodeID":"1306884","text":"Zing Tsjeng: when all they've done is flee a war with, in many cases, just the clothes on their back","type":"L","timestamp":"2023-11-09 13:05:04"},{"nodeID":"1306885","text":"Analysing","type":"YA","timestamp":"2023-11-09 13:05:04"},{"nodeID":"1306886","text":"Steffi: Zing Tsjeng: when all they've done is flee a war with, in many cases, just the clothes on their back","type":"L","timestamp":"2023-11-09 13:05:04"},{"nodeID":"1306887","text":"Asserting","type":"YA","timestamp":"2023-11-09 13:05:04"},{"nodeID":"1306888","text":"Default Transition","type":"TA","timestamp":"2023-11-09 13:05:04"},{"nodeID":"1306889","text":"Default Inference","type":"RA","timestamp":"2023-11-09 13:05:04"},{"nodeID":"1306890","text":"Arguing","type":"YA","timestamp":"2023-11-09 13:05:04"},{"nodeID":"1306891","text":"a lot of these Ukrainian people haven't arrived in the UK yet, even though they've got visas","type":"I","timestamp":"2023-11-09 13:05:05"},{"nodeID":"1306892","text":"Zing Tsjeng: a lot of these people haven't arrived in the UK yet, even though they've got visas","type":"L","timestamp":"2023-11-09 13:05:05"},{"nodeID":"1306893","text":"Analysing","type":"YA","timestamp":"2023-11-09 13:05:05"},{"nodeID":"1306894","text":"Steffi: Zing Tsjeng: a lot of these people haven't arrived in the UK yet, even though they've got visas","type":"L","timestamp":"2023-11-09 13:05:05"},{"nodeID":"1306895","text":"Asserting","type":"YA","timestamp":"2023-11-09 13:05:05"},{"nodeID":"1306896","text":"Default Transition","type":"TA","timestamp":"2023-11-09 13:05:05"},{"nodeID":"1306897","text":"the Home Office is somehow deciding to process applications individually","type":"I","timestamp":"2023-11-09 13:05:06"},{"nodeID":"1306898","text":"Unknown Speaker: is the Home Office is somehow deciding to process applications individually","type":"L","timestamp":"2023-11-09 13:05:06"},{"nodeID":"1306899","text":"Analysing","type":"YA","timestamp":"2023-11-09 13:05:06"},{"nodeID":"1306900","text":"Steffi: Unknown Speaker: is the Home Office is somehow deciding to process applications individually","type":"L","timestamp":"2023-11-09 13:05:06"},{"nodeID":"1306901","text":"Asserting","type":"YA","timestamp":"2023-11-09 13:05:06"},{"nodeID":"1306902","text":"Default Transition","type":"TA","timestamp":"2023-11-09 13:05:06"},{"nodeID":"1306903","text":"Default Inference","type":"RA","timestamp":"2023-11-09 13:05:06"},{"nodeID":"1306904","text":"Arguing","type":"YA","timestamp":"2023-11-09 13:05:06"},{"nodeID":"1306905","text":"you could be a family of five people, you could all apply for visas, your four-year-old child could get the visa approved","type":"I","timestamp":"2023-11-09 13:05:06"},{"nodeID":"1306906","text":"Zing Tsjeng: you could be a family of five people, you could all apply for visas, your four-year-old child could get the visa approved","type":"L","timestamp":"2023-11-09 13:05:06"},{"nodeID":"1306907","text":"Analysing","type":"YA","timestamp":"2023-11-09 13:05:06"},{"nodeID":"1306908","text":"Steffi: Zing Tsjeng: you could be a family of five people, you could all apply for visas, your four-year-old child could get the visa approved","type":"L","timestamp":"2023-11-09 13:05:06"},{"nodeID":"1306909","text":"Asserting","type":"YA","timestamp":"2023-11-09 13:05:06"},{"nodeID":"1306910","text":"Default Transition","type":"TA","timestamp":"2023-11-09 13:05:06"},{"nodeID":"1306911","text":"that means nothing if the rest of you can't get a visa","type":"I","timestamp":"2023-11-09 13:05:07"},{"nodeID":"1306912","text":"Zing Tsjeng: that means nothing if the rest of you can't get a visa","type":"L","timestamp":"2023-11-09 13:05:07"},{"nodeID":"1306913","text":"Analysing","type":"YA","timestamp":"2023-11-09 13:05:07"},{"nodeID":"1306914","text":"Steffi: Zing Tsjeng: that means nothing if the rest of you can't get a visa","type":"L","timestamp":"2023-11-09 13:05:07"},{"nodeID":"1306915","text":"Asserting","type":"YA","timestamp":"2023-11-09 13:05:07"},{"nodeID":"1306916","text":"Default Transition","type":"TA","timestamp":"2023-11-09 13:05:07"},{"nodeID":"1306917","text":"Default Rephrase","type":"MA","timestamp":"2023-11-09 13:05:07"},{"nodeID":"1306918","text":"Restating","type":"YA","timestamp":"2023-11-09 13:05:07"},{"nodeID":"1306919","text":"the Home Office desperately needs to re-hone what it's doing right now to help Ukrainian refugees","type":"I","timestamp":"2023-11-09 13:05:08"},{"nodeID":"1306920","text":"Zing Tsjeng: the Home Office desperately needs to re-hone what it's doing right now to help Ukrainian refugees","type":"L","timestamp":"2023-11-09 13:05:08"},{"nodeID":"1306921","text":"Analysing","type":"YA","timestamp":"2023-11-09 13:05:08"},{"nodeID":"1306922","text":"Steffi: Zing Tsjeng: the Home Office desperately needs to re-hone what it's doing right now to help Ukrainian refugees","type":"L","timestamp":"2023-11-09 13:05:08"},{"nodeID":"1306923","text":"Asserting","type":"YA","timestamp":"2023-11-09 13:05:08"},{"nodeID":"1306924","text":"Default Transition","type":"TA","timestamp":"2023-11-09 13:05:08"},{"nodeID":"1306925","text":"processing applications individually simply isn't acceptable","type":"I","timestamp":"2023-11-09 13:05:08"},{"nodeID":"1306926","text":"Zing Tsjeng: it simply isn't acceptable","type":"L","timestamp":"2023-11-09 13:05:08"},{"nodeID":"1306927","text":"Analysing","type":"YA","timestamp":"2023-11-09 13:05:08"},{"nodeID":"1306928","text":"Steffi: Zing Tsjeng: it simply isn't acceptable","type":"L","timestamp":"2023-11-09 13:05:08"},{"nodeID":"1306929","text":"Asserting","type":"YA","timestamp":"2023-11-09 13:05:08"},{"nodeID":"1306930","text":"Default Transition","type":"TA","timestamp":"2023-11-09 13:05:08"},{"nodeID":"1306931","text":"Default Inference","type":"RA","timestamp":"2023-11-09 13:05:08"},{"nodeID":"1306932","text":"Default Transition","type":"TA","timestamp":"2023-11-09 13:05:08"},{"nodeID":"1306933","text":"there's a huge amount of good will from the British people to try and help the Ukrainians now","type":"I","timestamp":"2023-11-09 13:05:09"},{"nodeID":"1306934","text":"Zing Tsjeng:  there's a huge amount of good will from the British people to try and help the Ukrainians now","type":"L","timestamp":"2023-11-09 13:05:09"},{"nodeID":"1306935","text":"Analysing","type":"YA","timestamp":"2023-11-09 13:05:09"},{"nodeID":"1306936","text":"Steffi: Zing Tsjeng:  there's a huge amount of good will from the British people to try and help the Ukrainians now","type":"L","timestamp":"2023-11-09 13:05:09"},{"nodeID":"1306937","text":"Asserting","type":"YA","timestamp":"2023-11-09 13:05:09"},{"nodeID":"1306938","text":"Default Transition","type":"TA","timestamp":"2023-11-09 13:05:09"},{"nodeID":"1306939","text":"Russia can be held accountable for the horrific war crimes being committed in Ukraine by xxx","type":"I","timestamp":"2023-11-09 13:05:09"},{"nodeID":"1306940","text":"Fiona Bruce: how can Russia be held accountable for the horrific war crimes being committed in Ukraine","type":"L","timestamp":"2023-11-09 13:05:09"},{"nodeID":"1306941","text":"Analysing","type":"YA","timestamp":"2023-11-09 13:05:09"},{"nodeID":"1306942","text":"Steffi: Fiona Bruce: how can Russia be held accountable for the horrific war crimes being committed in Ukraine","type":"L","timestamp":"2023-11-09 13:05:09"},{"nodeID":"1306943","text":"Pure Questioning","type":"YA","timestamp":"2023-11-09 13:05:09"},{"nodeID":"1306944","text":"Default Transition","type":"TA","timestamp":"2023-11-09 13:05:09"},{"nodeID":"1306945","text":"Default Inference","type":"RA","timestamp":"2023-11-09 13:05:09"},{"nodeID":"1306946","text":"Arguing","type":"YA","timestamp":"2023-11-09 13:05:09"},{"nodeID":"1306947","text":"Default Inference","type":"RA","timestamp":"2023-11-09 13:05:09"},{"nodeID":"1306948","text":"Arguing","type":"YA","timestamp":"2023-11-09 13:05:09"},{"nodeID":"1306949","text":"Default Transition","type":"TA","timestamp":"2023-11-09 13:05:09"},{"nodeID":"1306950","text":"Arguing","type":"YA","timestamp":"2023-11-09 13:05:09"}],"edges":[{"edgeID":"1716705","fromID":"1306858","toID":"1306857","formEdgeID":null},{"edgeID":"1716706","fromID":"1306859","toID":"1306858","formEdgeID":null},{"edgeID":"1716707","fromID":"1306857","toID":"1306860","formEdgeID":null},{"edgeID":"1716708","fromID":"1306860","toID":"1306856","formEdgeID":null},{"edgeID":"1716709","fromID":"1306863","toID":"1306862","formEdgeID":null},{"edgeID":"1716710","fromID":"1306864","toID":"1306863","formEdgeID":null},{"edgeID":"1716711","fromID":"1306857","toID":"1306865","formEdgeID":null},{"edgeID":"1716712","fromID":"1306865","toID":"1306862","formEdgeID":null},{"edgeID":"1716713","fromID":"1306867","toID":"1306866","formEdgeID":null},{"edgeID":"1716714","fromID":"1306868","toID":"1306867","formEdgeID":null},{"edgeID":"1716715","fromID":"1306866","toID":"1306869","formEdgeID":null},{"edgeID":"1716716","fromID":"1306869","toID":"1306861","formEdgeID":null},{"edgeID":"1716717","fromID":"1306862","toID":"1306870","formEdgeID":null},{"edgeID":"1716718","fromID":"1306870","toID":"1306866","formEdgeID":null},{"edgeID":"1716719","fromID":"1306873","toID":"1306872","formEdgeID":null},{"edgeID":"1716720","fromID":"1306874","toID":"1306873","formEdgeID":null},{"edgeID":"1716721","fromID":"1306872","toID":"1306875","formEdgeID":null},{"edgeID":"1716722","fromID":"1306875","toID":"1306871","formEdgeID":null},{"edgeID":"1716723","fromID":"1306862","toID":"1306876","formEdgeID":null},{"edgeID":"1716724","fromID":"1306876","toID":"1306872","formEdgeID":null},{"edgeID":"1716725","fromID":"1306879","toID":"1306878","formEdgeID":null},{"edgeID":"1716726","fromID":"1306880","toID":"1306879","formEdgeID":null},{"edgeID":"1716727","fromID":"1306878","toID":"1306881","formEdgeID":null},{"edgeID":"1716728","fromID":"1306881","toID":"1306877","formEdgeID":null},{"edgeID":"1716729","fromID":"1306872","toID":"1306882","formEdgeID":null},{"edgeID":"1716730","fromID":"1306882","toID":"1306878","formEdgeID":null},{"edgeID":"1716731","fromID":"1306885","toID":"1306884","formEdgeID":null},{"edgeID":"1716732","fromID":"1306886","toID":"1306885","formEdgeID":null},{"edgeID":"1716733","fromID":"1306884","toID":"1306887","formEdgeID":null},{"edgeID":"1716734","fromID":"1306887","toID":"1306883","formEdgeID":null},{"edgeID":"1716735","fromID":"1306878","toID":"1306888","formEdgeID":null},{"edgeID":"1716736","fromID":"1306888","toID":"1306884","formEdgeID":null},{"edgeID":"1716737","fromID":"1306877","toID":"1306889","formEdgeID":null},{"edgeID":"1716738","fromID":"1306889","toID":"1306871","formEdgeID":null},{"edgeID":"1716739","fromID":"1306883","toID":"1306889","formEdgeID":null},{"edgeID":"1716740","fromID":"1306888","toID":"1306890","formEdgeID":null},{"edgeID":"1716741","fromID":"1306890","toID":"1306889","formEdgeID":null},{"edgeID":"1716742","fromID":"1306893","toID":"1306892","formEdgeID":null},{"edgeID":"1716743","fromID":"1306894","toID":"1306893","formEdgeID":null},{"edgeID":"1716744","fromID":"1306892","toID":"1306895","formEdgeID":null},{"edgeID":"1716745","fromID":"1306895","toID":"1306891","formEdgeID":null},{"edgeID":"1716746","fromID":"1306884","toID":"1306896","formEdgeID":null},{"edgeID":"1716747","fromID":"1306896","toID":"1306892","formEdgeID":null},{"edgeID":"1716748","fromID":"1306899","toID":"1306898","formEdgeID":null},{"edgeID":"1716749","fromID":"1306900","toID":"1306899","formEdgeID":null},{"edgeID":"1716750","fromID":"1306898","toID":"1306901","formEdgeID":null},{"edgeID":"1716751","fromID":"1306901","toID":"1306897","formEdgeID":null},{"edgeID":"1716752","fromID":"1306892","toID":"1306902","formEdgeID":null},{"edgeID":"1716753","fromID":"1306902","toID":"1306898","formEdgeID":null},{"edgeID":"1716754","fromID":"1306897","toID":"1306903","formEdgeID":null},{"edgeID":"1716755","fromID":"1306903","toID":"1306891","formEdgeID":null},{"edgeID":"1716756","fromID":"1306902","toID":"1306904","formEdgeID":null},{"edgeID":"1716757","fromID":"1306904","toID":"1306903","formEdgeID":null},{"edgeID":"1716758","fromID":"1306907","toID":"1306906","formEdgeID":null},{"edgeID":"1716759","fromID":"1306908","toID":"1306907","formEdgeID":null},{"edgeID":"1716760","fromID":"1306906","toID":"1306909","formEdgeID":null},{"edgeID":"1716761","fromID":"1306909","toID":"1306905","formEdgeID":null},{"edgeID":"1716762","fromID":"1306898","toID":"1306910","formEdgeID":null},{"edgeID":"1716763","fromID":"1306910","toID":"1306906","formEdgeID":null},{"edgeID":"1716764","fromID":"1306913","toID":"1306912","formEdgeID":null},{"edgeID":"1716765","fromID":"1306914","toID":"1306913","formEdgeID":null},{"edgeID":"1716766","fromID":"1306912","toID":"1306915","formEdgeID":null},{"edgeID":"1716767","fromID":"1306915","toID":"1306911","formEdgeID":null},{"edgeID":"1716768","fromID":"1306906","toID":"1306916","formEdgeID":null},{"edgeID":"1716769","fromID":"1306916","toID":"1306912","formEdgeID":null},{"edgeID":"1716770","fromID":"1306905","toID":"1306917","formEdgeID":null},{"edgeID":"1716771","fromID":"1306917","toID":"1306897","formEdgeID":null},{"edgeID":"1716772","fromID":"1306910","toID":"1306918","formEdgeID":null},{"edgeID":"1716773","fromID":"1306918","toID":"1306917","formEdgeID":null},{"edgeID":"1716774","fromID":"1306921","toID":"1306920","formEdgeID":null},{"edgeID":"1716775","fromID":"1306922","toID":"1306921","formEdgeID":null},{"edgeID":"1716776","fromID":"1306920","toID":"1306923","formEdgeID":null},{"edgeID":"1716777","fromID":"1306923","toID":"1306919","formEdgeID":null},{"edgeID":"1716778","fromID":"1306912","toID":"1306924","formEdgeID":null},{"edgeID":"1716779","fromID":"1306924","toID":"1306920","formEdgeID":null},{"edgeID":"1716780","fromID":"1306927","toID":"1306926","formEdgeID":null},{"edgeID":"1716781","fromID":"1306928","toID":"1306927","formEdgeID":null},{"edgeID":"1716782","fromID":"1306926","toID":"1306929","formEdgeID":null},{"edgeID":"1716783","fromID":"1306929","toID":"1306925","formEdgeID":null},{"edgeID":"1716784","fromID":"1306920","toID":"1306930","formEdgeID":null},{"edgeID":"1716785","fromID":"1306930","toID":"1306926","formEdgeID":null},{"edgeID":"1716786","fromID":"1306897","toID":"1306931","formEdgeID":null},{"edgeID":"1716787","fromID":"1306931","toID":"1306925","formEdgeID":null},{"edgeID":"1716788","fromID":"1306898","toID":"1306932","formEdgeID":null},{"edgeID":"1716789","fromID":"1306932","toID":"1306926","formEdgeID":null},{"edgeID":"1716790","fromID":"1306935","toID":"1306934","formEdgeID":null},{"edgeID":"1716791","fromID":"1306936","toID":"1306935","formEdgeID":null},{"edgeID":"1716792","fromID":"1306934","toID":"1306937","formEdgeID":null},{"edgeID":"1716793","fromID":"1306937","toID":"1306933","formEdgeID":null},{"edgeID":"1716794","fromID":"1306926","toID":"1306938","formEdgeID":null},{"edgeID":"1716795","fromID":"1306938","toID":"1306934","formEdgeID":null},{"edgeID":"1716796","fromID":"1306941","toID":"1306940","formEdgeID":null},{"edgeID":"1716797","fromID":"1306942","toID":"1306941","formEdgeID":null},{"edgeID":"1716798","fromID":"1306940","toID":"1306943","formEdgeID":null},{"edgeID":"1716799","fromID":"1306943","toID":"1306939","formEdgeID":null},{"edgeID":"1716800","fromID":"1306934","toID":"1306944","formEdgeID":null},{"edgeID":"1716801","fromID":"1306944","toID":"1306940","formEdgeID":null},{"edgeID":"1716802","fromID":"1306905","toID":"1306945","formEdgeID":null},{"edgeID":"1716803","fromID":"1306945","toID":"1306911","formEdgeID":null},{"edgeID":"1716804","fromID":"1306916","toID":"1306946","formEdgeID":null},{"edgeID":"1716805","fromID":"1306946","toID":"1306945","formEdgeID":null},{"edgeID":"1716806","fromID":"1306897","toID":"1306947","formEdgeID":null},{"edgeID":"1716807","fromID":"1306947","toID":"1306919","formEdgeID":null},{"edgeID":"1716808","fromID":"1306911","toID":"1306947","formEdgeID":null},{"edgeID":"1716809","fromID":"1306924","toID":"1306948","formEdgeID":null},{"edgeID":"1716810","fromID":"1306948","toID":"1306947","formEdgeID":null},{"edgeID":"1716811","fromID":"1306898","toID":"1306949","formEdgeID":null},{"edgeID":"1716812","fromID":"1306949","toID":"1306932","formEdgeID":null},{"edgeID":"1716813","fromID":"1306919","toID":"1306931","formEdgeID":null},{"edgeID":"1716814","fromID":"1306930","toID":"1306950","formEdgeID":null},{"edgeID":"1716815","fromID":"1306950","toID":"1306931","formEdgeID":null}],"locutions":[]}