{"nodes":[{"nodeID":"1304282","text":"Greg Hands should have done more to make sure that we retrofitted houses","type":"I","timestamp":"2023-11-09 13:01:30"},{"nodeID":"1304283","text":"Emily Thornberry: you should have done more to make sure that we retrofitted houses","type":"L","timestamp":"2023-11-09 13:01:30"},{"nodeID":"1304284","text":"Analysing","type":"YA","timestamp":"2023-11-09 13:01:30"},{"nodeID":"1304285","text":"Anon: Emily Thornberry: you should have done more to make sure that we retrofitted houses","type":"L","timestamp":"2023-11-09 13:01:30"},{"nodeID":"1304286","text":"Asserting","type":"YA","timestamp":"2023-11-09 13:01:30"},{"nodeID":"1304287","text":"it's all very well warming up a house if it all goes out the window","type":"I","timestamp":"2023-11-09 13:01:31"},{"nodeID":"1304288","text":"Emily Thornberry: it's all very well warming up a house if it all goes out the window","type":"L","timestamp":"2023-11-09 13:01:31"},{"nodeID":"1304289","text":"Analysing","type":"YA","timestamp":"2023-11-09 13:01:31"},{"nodeID":"1304290","text":"Anon: Emily Thornberry: it's all very well warming up a house if it all goes out the window","type":"L","timestamp":"2023-11-09 13:01:31"},{"nodeID":"1304291","text":"Asserting","type":"YA","timestamp":"2023-11-09 13:01:31"},{"nodeID":"1304292","text":"Default Transition","type":"TA","timestamp":"2023-11-09 13:01:31"},{"nodeID":"1304293","text":"Default Inference","type":"RA","timestamp":"2023-11-09 13:01:31"},{"nodeID":"1304294","text":"Arguing","type":"YA","timestamp":"2023-11-09 13:01:31"},{"nodeID":"1304295","text":"Greg Hands needs to make sure that we bring people with it and we subsidise and we make sure our houses are properly looked after","type":"I","timestamp":"2023-11-09 13:01:32"},{"nodeID":"1304296","text":"Emily Thornberry: You need to make sure that we bring people with it and we subsidise and we make sure our houses are properly looked after","type":"L","timestamp":"2023-11-09 13:01:32"},{"nodeID":"1304297","text":"Analysing","type":"YA","timestamp":"2023-11-09 13:01:32"},{"nodeID":"1304298","text":"Anon: Emily Thornberry: You need to make sure that we bring people with it and we subsidise and we make sure our houses are properly looked after","type":"L","timestamp":"2023-11-09 13:01:32"},{"nodeID":"1304299","text":"Asserting","type":"YA","timestamp":"2023-11-09 13:01:32"},{"nodeID":"1304300","text":"Default Transition","type":"TA","timestamp":"2023-11-09 13:01:32"},{"nodeID":"1304301","text":"Emily Thornberry does not think in either political party over the last few years has done sufficient on this issue","type":"I","timestamp":"2023-11-09 13:01:32"},{"nodeID":"1304302","text":"Emily Thornberry: I don't think in either political party over the last few years has done sufficient on this issue","type":"L","timestamp":"2023-11-09 13:01:32"},{"nodeID":"1304303","text":"Analysing","type":"YA","timestamp":"2023-11-09 13:01:32"},{"nodeID":"1304304","text":"Anon: Emily Thornberry: I don't think in either political party over the last few years has done sufficient on this issue","type":"L","timestamp":"2023-11-09 13:01:32"},{"nodeID":"1304305","text":"Asserting","type":"YA","timestamp":"2023-11-09 13:01:32"},{"nodeID":"1304306","text":"Default Transition","type":"TA","timestamp":"2023-11-09 13:01:32"},{"nodeID":"1304307","text":"it is the truth that either political party has not done sufficient on this issue","type":"I","timestamp":"2023-11-09 13:01:33"},{"nodeID":"1304308","text":"Emily Thornberry: that's the truth","type":"L","timestamp":"2023-11-09 13:01:33"},{"nodeID":"1304309","text":"Analysing","type":"YA","timestamp":"2023-11-09 13:01:33"},{"nodeID":"1304310","text":"Anon: Emily Thornberry: that's the truth","type":"L","timestamp":"2023-11-09 13:01:33"},{"nodeID":"1304311","text":"Asserting","type":"YA","timestamp":"2023-11-09 13:01:33"},{"nodeID":"1304312","text":"Default Rephrase","type":"MA","timestamp":"2023-11-09 13:01:33"},{"nodeID":"1304313","text":"Default Transition","type":"TA","timestamp":"2023-11-09 13:01:33"},{"nodeID":"1304314","text":"Restating","type":"YA","timestamp":"2023-11-09 13:01:33"},{"nodeID":"1304315","text":"Emily Thornberry was looking forward to this review","type":"I","timestamp":"2023-11-09 13:01:33"},{"nodeID":"1304316","text":"Emily Thornberry: I was kind of looking forward to this review","type":"L","timestamp":"2023-11-09 13:01:33"},{"nodeID":"1304317","text":"Analysing","type":"YA","timestamp":"2023-11-09 13:01:33"},{"nodeID":"1304318","text":"Anon: Emily Thornberry: I was kind of looking forward to this review","type":"L","timestamp":"2023-11-09 13:01:33"},{"nodeID":"1304319","text":"Asserting","type":"YA","timestamp":"2023-11-09 13:01:33"},{"nodeID":"1304320","text":"Default Transition","type":"TA","timestamp":"2023-11-09 13:01:33"},{"nodeID":"1304321","text":"Default Inference","type":"RA","timestamp":"2023-11-09 13:01:33"},{"nodeID":"1304322","text":"Arguing","type":"YA","timestamp":"2023-11-09 13:01:33"},{"nodeID":"1304323","text":"Emily Thornberry was thinking that maybe Greg Hands would come up with something","type":"I","timestamp":"2023-11-09 13:01:34"},{"nodeID":"1304324","text":"Emily Thornberry: I was thinking that maybe you'd come up with something","type":"L","timestamp":"2023-11-09 13:01:34"},{"nodeID":"1304325","text":"Analysing","type":"YA","timestamp":"2023-11-09 13:01:34"},{"nodeID":"1304326","text":"Anon: Emily Thornberry: I was thinking that maybe you'd come up with something","type":"L","timestamp":"2023-11-09 13:01:34"},{"nodeID":"1304327","text":"Asserting","type":"YA","timestamp":"2023-11-09 13:01:34"},{"nodeID":"1304328","text":"Default Transition","type":"TA","timestamp":"2023-11-09 13:01:34"},{"nodeID":"1304329","text":"Default Inference","type":"RA","timestamp":"2023-11-09 13:01:34"},{"nodeID":"1304330","text":"Arguing","type":"YA","timestamp":"2023-11-09 13:01:34"},{"nodeID":"1304331","text":"Greg Hands hasn't come up with something","type":"I","timestamp":"2023-11-09 13:01:34"},{"nodeID":"1304332","text":"Emily Thornberry: you haven't","type":"L","timestamp":"2023-11-09 13:01:34"},{"nodeID":"1304333","text":"Analysing","type":"YA","timestamp":"2023-11-09 13:01:34"},{"nodeID":"1304334","text":"Anon: Emily Thornberry: you haven't","type":"L","timestamp":"2023-11-09 13:01:34"},{"nodeID":"1304335","text":"Asserting","type":"YA","timestamp":"2023-11-09 13:01:34"},{"nodeID":"1304336","text":"Default Transition","type":"TA","timestamp":"2023-11-09 13:01:34"},{"nodeID":"1304337","text":"Default Conflict","type":"CA","timestamp":"2023-11-09 13:01:34"},{"nodeID":"1304338","text":"Disagreeing","type":"YA","timestamp":"2023-11-09 13:01:34"},{"nodeID":"1304339","text":"Greg Hands talks about nuclear power stations a long time ahead","type":"I","timestamp":"2023-11-09 13:01:35"},{"nodeID":"1304340","text":"Emily Thornberry: You talk about nuclear power stations a long time ahead","type":"L","timestamp":"2023-11-09 13:01:35"},{"nodeID":"1304341","text":"Analysing","type":"YA","timestamp":"2023-11-09 13:01:35"},{"nodeID":"1304342","text":"Anon: Emily Thornberry: You talk about nuclear power stations a long time ahead","type":"L","timestamp":"2023-11-09 13:01:35"},{"nodeID":"1304343","text":"Asserting","type":"YA","timestamp":"2023-11-09 13:01:35"},{"nodeID":"1304344","text":"Default Transition","type":"TA","timestamp":"2023-11-09 13:01:35"},{"nodeID":"1304345","text":"we going to do xxx in the meantime before nuclear power stations are created","type":"I","timestamp":"2023-11-09 13:01:36"},{"nodeID":"1304346","text":"Emily Thornberry: what are we going to do in the meantime","type":"L","timestamp":"2023-11-09 13:01:36"},{"nodeID":"1304347","text":"Analysing","type":"YA","timestamp":"2023-11-09 13:01:36"},{"nodeID":"1304348","text":"Anon: Emily Thornberry: what are we going to do in the meantime","type":"L","timestamp":"2023-11-09 13:01:36"},{"nodeID":"1304349","text":"Pure Questioning","type":"YA","timestamp":"2023-11-09 13:01:36"},{"nodeID":"1304350","text":"Default Transition","type":"TA","timestamp":"2023-11-09 13:01:36"},{"nodeID":"1304351","text":"Default Conflict","type":"CA","timestamp":"2023-11-09 13:01:36"},{"nodeID":"1304352","text":"Disagreeing","type":"YA","timestamp":"2023-11-09 13:01:36"}],"edges":[{"edgeID":"1713679","fromID":"1304284","toID":"1304283","formEdgeID":null},{"edgeID":"1713680","fromID":"1304285","toID":"1304284","formEdgeID":null},{"edgeID":"1713681","fromID":"1304283","toID":"1304286","formEdgeID":null},{"edgeID":"1713682","fromID":"1304286","toID":"1304282","formEdgeID":null},{"edgeID":"1713683","fromID":"1304289","toID":"1304288","formEdgeID":null},{"edgeID":"1713684","fromID":"1304290","toID":"1304289","formEdgeID":null},{"edgeID":"1713685","fromID":"1304288","toID":"1304291","formEdgeID":null},{"edgeID":"1713686","fromID":"1304291","toID":"1304287","formEdgeID":null},{"edgeID":"1713687","fromID":"1304283","toID":"1304292","formEdgeID":null},{"edgeID":"1713688","fromID":"1304292","toID":"1304288","formEdgeID":null},{"edgeID":"1713689","fromID":"1304287","toID":"1304293","formEdgeID":null},{"edgeID":"1713690","fromID":"1304293","toID":"1304282","formEdgeID":null},{"edgeID":"1713691","fromID":"1304292","toID":"1304294","formEdgeID":null},{"edgeID":"1713692","fromID":"1304294","toID":"1304293","formEdgeID":null},{"edgeID":"1713693","fromID":"1304297","toID":"1304296","formEdgeID":null},{"edgeID":"1713694","fromID":"1304298","toID":"1304297","formEdgeID":null},{"edgeID":"1713695","fromID":"1304296","toID":"1304299","formEdgeID":null},{"edgeID":"1713696","fromID":"1304299","toID":"1304295","formEdgeID":null},{"edgeID":"1713697","fromID":"1304288","toID":"1304300","formEdgeID":null},{"edgeID":"1713698","fromID":"1304300","toID":"1304296","formEdgeID":null},{"edgeID":"1713699","fromID":"1304303","toID":"1304302","formEdgeID":null},{"edgeID":"1713700","fromID":"1304304","toID":"1304303","formEdgeID":null},{"edgeID":"1713701","fromID":"1304302","toID":"1304305","formEdgeID":null},{"edgeID":"1713702","fromID":"1304305","toID":"1304301","formEdgeID":null},{"edgeID":"1713703","fromID":"1304296","toID":"1304306","formEdgeID":null},{"edgeID":"1713704","fromID":"1304306","toID":"1304302","formEdgeID":null},{"edgeID":"1713705","fromID":"1304309","toID":"1304308","formEdgeID":null},{"edgeID":"1713706","fromID":"1304310","toID":"1304309","formEdgeID":null},{"edgeID":"1713707","fromID":"1304308","toID":"1304311","formEdgeID":null},{"edgeID":"1713708","fromID":"1304311","toID":"1304307","formEdgeID":null},{"edgeID":"1713709","fromID":"1304307","toID":"1304312","formEdgeID":null},{"edgeID":"1713710","fromID":"1304312","toID":"1304301","formEdgeID":null},{"edgeID":"1713711","fromID":"1304302","toID":"1304313","formEdgeID":null},{"edgeID":"1713712","fromID":"1304313","toID":"1304308","formEdgeID":null},{"edgeID":"1713713","fromID":"1304313","toID":"1304314","formEdgeID":null},{"edgeID":"1713714","fromID":"1304314","toID":"1304312","formEdgeID":null},{"edgeID":"1713715","fromID":"1304317","toID":"1304316","formEdgeID":null},{"edgeID":"1713716","fromID":"1304318","toID":"1304317","formEdgeID":null},{"edgeID":"1713717","fromID":"1304316","toID":"1304319","formEdgeID":null},{"edgeID":"1713718","fromID":"1304319","toID":"1304315","formEdgeID":null},{"edgeID":"1713719","fromID":"1304308","toID":"1304320","formEdgeID":null},{"edgeID":"1713720","fromID":"1304320","toID":"1304316","formEdgeID":null},{"edgeID":"1713721","fromID":"1304307","toID":"1304321","formEdgeID":null},{"edgeID":"1713722","fromID":"1304321","toID":"1304315","formEdgeID":null},{"edgeID":"1713723","fromID":"1304320","toID":"1304322","formEdgeID":null},{"edgeID":"1713724","fromID":"1304322","toID":"1304321","formEdgeID":null},{"edgeID":"1713725","fromID":"1304325","toID":"1304324","formEdgeID":null},{"edgeID":"1713726","fromID":"1304326","toID":"1304325","formEdgeID":null},{"edgeID":"1713727","fromID":"1304324","toID":"1304327","formEdgeID":null},{"edgeID":"1713728","fromID":"1304327","toID":"1304323","formEdgeID":null},{"edgeID":"1713729","fromID":"1304316","toID":"1304328","formEdgeID":null},{"edgeID":"1713730","fromID":"1304328","toID":"1304324","formEdgeID":null},{"edgeID":"1713731","fromID":"1304323","toID":"1304329","formEdgeID":null},{"edgeID":"1713732","fromID":"1304329","toID":"1304315","formEdgeID":null},{"edgeID":"1713733","fromID":"1304328","toID":"1304330","formEdgeID":null},{"edgeID":"1713734","fromID":"1304330","toID":"1304329","formEdgeID":null},{"edgeID":"1713735","fromID":"1304333","toID":"1304332","formEdgeID":null},{"edgeID":"1713736","fromID":"1304334","toID":"1304333","formEdgeID":null},{"edgeID":"1713737","fromID":"1304332","toID":"1304335","formEdgeID":null},{"edgeID":"1713738","fromID":"1304335","toID":"1304331","formEdgeID":null},{"edgeID":"1713739","fromID":"1304324","toID":"1304336","formEdgeID":null},{"edgeID":"1713740","fromID":"1304336","toID":"1304332","formEdgeID":null},{"edgeID":"1713741","fromID":"1304331","toID":"1304337","formEdgeID":null},{"edgeID":"1713742","fromID":"1304337","toID":"1304323","formEdgeID":null},{"edgeID":"1713743","fromID":"1304336","toID":"1304338","formEdgeID":null},{"edgeID":"1713744","fromID":"1304338","toID":"1304337","formEdgeID":null},{"edgeID":"1713745","fromID":"1304341","toID":"1304340","formEdgeID":null},{"edgeID":"1713746","fromID":"1304342","toID":"1304341","formEdgeID":null},{"edgeID":"1713747","fromID":"1304340","toID":"1304343","formEdgeID":null},{"edgeID":"1713748","fromID":"1304343","toID":"1304339","formEdgeID":null},{"edgeID":"1713749","fromID":"1304332","toID":"1304344","formEdgeID":null},{"edgeID":"1713750","fromID":"1304344","toID":"1304340","formEdgeID":null},{"edgeID":"1713751","fromID":"1304347","toID":"1304346","formEdgeID":null},{"edgeID":"1713752","fromID":"1304348","toID":"1304347","formEdgeID":null},{"edgeID":"1713753","fromID":"1304346","toID":"1304349","formEdgeID":null},{"edgeID":"1713754","fromID":"1304349","toID":"1304345","formEdgeID":null},{"edgeID":"1713755","fromID":"1304340","toID":"1304350","formEdgeID":null},{"edgeID":"1713756","fromID":"1304350","toID":"1304346","formEdgeID":null},{"edgeID":"1713757","fromID":"1304345","toID":"1304351","formEdgeID":null},{"edgeID":"1713758","fromID":"1304351","toID":"1304339","formEdgeID":null},{"edgeID":"1713759","fromID":"1304350","toID":"1304352","formEdgeID":null},{"edgeID":"1713760","fromID":"1304352","toID":"1304351","formEdgeID":null}],"locutions":[]}