{"nodes":[{"nodeID":"1307053","text":"the most important thing is to allow the Ukrainians to defend themselves","type":"I","timestamp":"2023-11-09 13:05:18"},{"nodeID":"1307054","text":"Greg Hands: The most important thing is to allow the Ukrainians to defend themselves","type":"L","timestamp":"2023-11-09 13:05:18"},{"nodeID":"1307055","text":"Analysing","type":"YA","timestamp":"2023-11-09 13:05:18"},{"nodeID":"1307056","text":"Anon: Greg Hands: The most important thing is to allow the Ukrainians to defend themselves","type":"L","timestamp":"2023-11-09 13:05:18"},{"nodeID":"1307057","text":"Asserting","type":"YA","timestamp":"2023-11-09 13:05:18"},{"nodeID":"1307058","text":"allowing the Ukrainians to defend themselves has got to be the highest priority","type":"I","timestamp":"2023-11-09 13:05:19"},{"nodeID":"1307059","text":"Greg Hands: that has got to be the highest priority","type":"L","timestamp":"2023-11-09 13:05:19"},{"nodeID":"1307060","text":"Analysing","type":"YA","timestamp":"2023-11-09 13:05:19"},{"nodeID":"1307061","text":"Anon: Greg Hands: that has got to be the highest priority","type":"L","timestamp":"2023-11-09 13:05:19"},{"nodeID":"1307062","text":"Asserting","type":"YA","timestamp":"2023-11-09 13:05:19"},{"nodeID":"1307063","text":"Default Transition","type":"TA","timestamp":"2023-11-09 13:05:19"},{"nodeID":"1307064","text":"Default Rephrase","type":"MA","timestamp":"2023-11-09 13:05:19"},{"nodeID":"1307065","text":"Restating","type":"YA","timestamp":"2023-11-09 13:05:19"},{"nodeID":"1307066","text":"Greg Hands agrees with Emily Thornberry","type":"I","timestamp":"2023-11-09 13:05:20"},{"nodeID":"1307067","text":"Greg Hands: I actually agree with Emily","type":"L","timestamp":"2023-11-09 13:05:20"},{"nodeID":"1307068","text":"Analysing","type":"YA","timestamp":"2023-11-09 13:05:20"},{"nodeID":"1307069","text":"Anon: Greg Hands: I actually agree with Emily","type":"L","timestamp":"2023-11-09 13:05:20"},{"nodeID":"1307070","text":"Asserting","type":"YA","timestamp":"2023-11-09 13:05:20"},{"nodeID":"1307071","text":"Default Transition","type":"TA","timestamp":"2023-11-09 13:05:20"},{"nodeID":"1307072","text":"most military experts say it will be a dangerous course to try and enforce a no-fly zone","type":"I","timestamp":"2023-11-09 13:05:20"},{"nodeID":"1307073","text":"Greg Hands: most military experts say it will be a dangerous course to try and enforce a no-fly zone","type":"L","timestamp":"2023-11-09 13:05:20"},{"nodeID":"1307074","text":"Analysing","type":"YA","timestamp":"2023-11-09 13:05:20"},{"nodeID":"1307075","text":"Anon: Greg Hands: most military experts say it will be a dangerous course to try and enforce a no-fly zone","type":"L","timestamp":"2023-11-09 13:05:20"},{"nodeID":"1307076","text":"Asserting","type":"YA","timestamp":"2023-11-09 13:05:20"},{"nodeID":"1307077","text":"Default Transition","type":"TA","timestamp":"2023-11-09 13:05:20"},{"nodeID":"1307078","text":"almost inevitably, the RAF would end up in direct conflict with Russian forces if a no-fly zone were enforced","type":"I","timestamp":"2023-11-09 13:05:21"},{"nodeID":"1307079","text":"Greg Hands: almost inevitably, the RAF would end up in direct conflict with Russian forces","type":"L","timestamp":"2023-11-09 13:05:21"},{"nodeID":"1307080","text":"Analysing","type":"YA","timestamp":"2023-11-09 13:05:21"},{"nodeID":"1307081","text":"Anon: Greg Hands: almost inevitably, the RAF would end up in direct conflict with Russian forces","type":"L","timestamp":"2023-11-09 13:05:21"},{"nodeID":"1307082","text":"Asserting","type":"YA","timestamp":"2023-11-09 13:05:21"},{"nodeID":"1307083","text":"Default Transition","type":"TA","timestamp":"2023-11-09 13:05:21"},{"nodeID":"1307084","text":"Default Inference","type":"RA","timestamp":"2023-11-09 13:05:21"},{"nodeID":"1307085","text":"Arguing","type":"YA","timestamp":"2023-11-09 13:05:21"},{"nodeID":"1307086","text":"the best thing is to do what we're doing but to do more of it, which is to arm the Ukrainian forces with equipment to be able to defend themselves","type":"I","timestamp":"2023-11-09 13:05:22"},{"nodeID":"1307087","text":"Greg Hands: The best thing is to do what we're doing but to do more of it, which is to arm the Ukrainian forces with equipment to be able to defend themselves","type":"L","timestamp":"2023-11-09 13:05:22"},{"nodeID":"1307088","text":"Analysing","type":"YA","timestamp":"2023-11-09 13:05:22"},{"nodeID":"1307089","text":"Anon: Greg Hands: The best thing is to do what we're doing but to do more of it, which is to arm the Ukrainian forces with equipment to be able to defend themselves","type":"L","timestamp":"2023-11-09 13:05:22"},{"nodeID":"1307090","text":"Asserting","type":"YA","timestamp":"2023-11-09 13:05:22"},{"nodeID":"1307091","text":"Default Rephrase","type":"MA","timestamp":"2023-11-09 13:05:22"},{"nodeID":"1307092","text":"Restating","type":"YA","timestamp":"2023-11-09 13:05:22"},{"nodeID":"1307093","text":"Default Transition","type":"TA","timestamp":"2023-11-09 13:05:22"},{"nodeID":"1307094","text":"Default Inference","type":"RA","timestamp":"2023-11-09 13:05:22"},{"nodeID":"1307095","text":"Arguing","type":"YA","timestamp":"2023-11-09 13:05:22"},{"nodeID":"1307096","text":"the enthusiasm for a lot of the British weaponry that's been given, particularly on the anti-aircraft and the anti-tank side, has been there for all to see from the Ukrainian forces","type":"I","timestamp":"2023-11-09 13:05:22"},{"nodeID":"1307097","text":"Greg Hands: the enthusiasm for a lot of the British weaponry that's been given, particularly on the anti-aircraft and the anti-tank side, has been there for all to see from the Ukrainian forces","type":"L","timestamp":"2023-11-09 13:05:22"},{"nodeID":"1307098","text":"Analysing","type":"YA","timestamp":"2023-11-09 13:05:22"},{"nodeID":"1307099","text":"Anon: Greg Hands: the enthusiasm for a lot of the British weaponry that's been given, particularly on the anti-aircraft and the anti-tank side, has been there for all to see from the Ukrainian forces","type":"L","timestamp":"2023-11-09 13:05:22"},{"nodeID":"1307100","text":"Asserting","type":"YA","timestamp":"2023-11-09 13:05:22"},{"nodeID":"1307101","text":"Default Transition","type":"TA","timestamp":"2023-11-09 13:05:22"},{"nodeID":"1307102","text":"Default Rephrase","type":"MA","timestamp":"2023-11-09 13:05:22"},{"nodeID":"1307103","text":"Restating","type":"YA","timestamp":"2023-11-09 13:05:22"},{"nodeID":"1307104","text":"following the recent report on Rishi Sunak's wife of a non-dom tax, the Chancellor is or is not oblivious to the public's finances and struggles","type":"I","timestamp":"2023-11-09 13:05:23"},{"nodeID":"1307105","text":"Richard Meacham: Following the recent report on Rishi Sunak's wife of a non-dom tax, is the Chancellor oblivious to the public's finances and struggles","type":"L","timestamp":"2023-11-09 13:05:23"},{"nodeID":"1307106","text":"Analysing","type":"YA","timestamp":"2023-11-09 13:05:23"},{"nodeID":"1307107","text":"Anon: Richard Meacham: Following the recent report on Rishi Sunak's wife of a non-dom tax, is the Chancellor oblivious to the public's finances and struggles","type":"L","timestamp":"2023-11-09 13:05:23"},{"nodeID":"1307108","text":"Pure Questioning","type":"YA","timestamp":"2023-11-09 13:05:23"},{"nodeID":"1307109","text":"Default Transition","type":"TA","timestamp":"2023-11-09 13:05:23"}],"edges":[{"edgeID":"1716936","fromID":"1307055","toID":"1307054","formEdgeID":null},{"edgeID":"1716937","fromID":"1307056","toID":"1307055","formEdgeID":null},{"edgeID":"1716938","fromID":"1307054","toID":"1307057","formEdgeID":null},{"edgeID":"1716939","fromID":"1307057","toID":"1307053","formEdgeID":null},{"edgeID":"1716940","fromID":"1307060","toID":"1307059","formEdgeID":null},{"edgeID":"1716941","fromID":"1307061","toID":"1307060","formEdgeID":null},{"edgeID":"1716942","fromID":"1307059","toID":"1307062","formEdgeID":null},{"edgeID":"1716943","fromID":"1307062","toID":"1307058","formEdgeID":null},{"edgeID":"1716944","fromID":"1307054","toID":"1307063","formEdgeID":null},{"edgeID":"1716945","fromID":"1307063","toID":"1307059","formEdgeID":null},{"edgeID":"1716946","fromID":"1307058","toID":"1307064","formEdgeID":null},{"edgeID":"1716947","fromID":"1307064","toID":"1307053","formEdgeID":null},{"edgeID":"1716948","fromID":"1307063","toID":"1307065","formEdgeID":null},{"edgeID":"1716949","fromID":"1307065","toID":"1307064","formEdgeID":null},{"edgeID":"1716950","fromID":"1307068","toID":"1307067","formEdgeID":null},{"edgeID":"1716951","fromID":"1307069","toID":"1307068","formEdgeID":null},{"edgeID":"1716952","fromID":"1307067","toID":"1307070","formEdgeID":null},{"edgeID":"1716953","fromID":"1307070","toID":"1307066","formEdgeID":null},{"edgeID":"1716954","fromID":"1307059","toID":"1307071","formEdgeID":null},{"edgeID":"1716955","fromID":"1307071","toID":"1307067","formEdgeID":null},{"edgeID":"1716956","fromID":"1307074","toID":"1307073","formEdgeID":null},{"edgeID":"1716957","fromID":"1307075","toID":"1307074","formEdgeID":null},{"edgeID":"1716958","fromID":"1307073","toID":"1307076","formEdgeID":null},{"edgeID":"1716959","fromID":"1307076","toID":"1307072","formEdgeID":null},{"edgeID":"1716960","fromID":"1307067","toID":"1307077","formEdgeID":null},{"edgeID":"1716961","fromID":"1307077","toID":"1307073","formEdgeID":null},{"edgeID":"1716962","fromID":"1307080","toID":"1307079","formEdgeID":null},{"edgeID":"1716963","fromID":"1307081","toID":"1307080","formEdgeID":null},{"edgeID":"1716964","fromID":"1307079","toID":"1307082","formEdgeID":null},{"edgeID":"1716965","fromID":"1307082","toID":"1307078","formEdgeID":null},{"edgeID":"1716966","fromID":"1307073","toID":"1307083","formEdgeID":null},{"edgeID":"1716967","fromID":"1307083","toID":"1307079","formEdgeID":null},{"edgeID":"1716968","fromID":"1307078","toID":"1307084","formEdgeID":null},{"edgeID":"1716969","fromID":"1307084","toID":"1307072","formEdgeID":null},{"edgeID":"1716970","fromID":"1307083","toID":"1307085","formEdgeID":null},{"edgeID":"1716971","fromID":"1307085","toID":"1307084","formEdgeID":null},{"edgeID":"1716972","fromID":"1307088","toID":"1307087","formEdgeID":null},{"edgeID":"1716973","fromID":"1307089","toID":"1307088","formEdgeID":null},{"edgeID":"1716974","fromID":"1307087","toID":"1307090","formEdgeID":null},{"edgeID":"1716975","fromID":"1307090","toID":"1307086","formEdgeID":null},{"edgeID":"1716976","fromID":"1307072","toID":"1307091","formEdgeID":null},{"edgeID":"1716977","fromID":"1307091","toID":"1307066","formEdgeID":null},{"edgeID":"1716978","fromID":"1307077","toID":"1307092","formEdgeID":null},{"edgeID":"1716979","fromID":"1307092","toID":"1307091","formEdgeID":null},{"edgeID":"1716980","fromID":"1307079","toID":"1307093","formEdgeID":null},{"edgeID":"1716981","fromID":"1307093","toID":"1307087","formEdgeID":null},{"edgeID":"1716982","fromID":"1307078","toID":"1307094","formEdgeID":null},{"edgeID":"1716983","fromID":"1307094","toID":"1307086","formEdgeID":null},{"edgeID":"1716984","fromID":"1307093","toID":"1307095","formEdgeID":null},{"edgeID":"1716985","fromID":"1307095","toID":"1307094","formEdgeID":null},{"edgeID":"1716986","fromID":"1307098","toID":"1307097","formEdgeID":null},{"edgeID":"1716987","fromID":"1307099","toID":"1307098","formEdgeID":null},{"edgeID":"1716988","fromID":"1307097","toID":"1307100","formEdgeID":null},{"edgeID":"1716989","fromID":"1307100","toID":"1307096","formEdgeID":null},{"edgeID":"1716990","fromID":"1307087","toID":"1307101","formEdgeID":null},{"edgeID":"1716991","fromID":"1307101","toID":"1307097","formEdgeID":null},{"edgeID":"1716992","fromID":"1307096","toID":"1307102","formEdgeID":null},{"edgeID":"1716993","fromID":"1307102","toID":"1307086","formEdgeID":null},{"edgeID":"1716994","fromID":"1307101","toID":"1307103","formEdgeID":null},{"edgeID":"1716995","fromID":"1307103","toID":"1307102","formEdgeID":null},{"edgeID":"1716996","fromID":"1307106","toID":"1307105","formEdgeID":null},{"edgeID":"1716997","fromID":"1307107","toID":"1307106","formEdgeID":null},{"edgeID":"1716998","fromID":"1307105","toID":"1307108","formEdgeID":null},{"edgeID":"1716999","fromID":"1307108","toID":"1307104","formEdgeID":null},{"edgeID":"1717000","fromID":"1307097","toID":"1307109","formEdgeID":null},{"edgeID":"1717001","fromID":"1307109","toID":"1307105","formEdgeID":null}],"locutions":[]}