{"nodes":[{"nodeID":"1309292","text":"Operation Brock has been in operation before","type":"I","timestamp":"2023-11-09 13:08:27"},{"nodeID":"1309293","text":"Greg Hands: it has been in operation before","type":"L","timestamp":"2023-11-09 13:08:27"},{"nodeID":"1309294","text":"Analysing","type":"YA","timestamp":"2023-11-09 13:08:27"},{"nodeID":"1309295","text":"Calum: Greg Hands: it has been in operation before","type":"L","timestamp":"2023-11-09 13:08:27"},{"nodeID":"1309296","text":"Asserting","type":"YA","timestamp":"2023-11-09 13:08:27"},{"nodeID":"1309297","text":"the UK government are looking at all available measures","type":"I","timestamp":"2023-11-09 13:08:28"},{"nodeID":"1309298","text":"Greg Hands: we are looking at all available measures","type":"L","timestamp":"2023-11-09 13:08:28"},{"nodeID":"1309299","text":"Analysing","type":"YA","timestamp":"2023-11-09 13:08:28"},{"nodeID":"1309300","text":"Calum: Greg Hands: we are looking at all available measures","type":"L","timestamp":"2023-11-09 13:08:28"},{"nodeID":"1309301","text":"Asserting","type":"YA","timestamp":"2023-11-09 13:08:28"},{"nodeID":"1309302","text":"Grant Shapps, the Transport Secretary, is very focused on this job","type":"I","timestamp":"2023-11-09 13:08:28"},{"nodeID":"1309303","text":"Greg Hands: Grant Shapps, the Transport Secretary, is very focused on this job","type":"L","timestamp":"2023-11-09 13:08:28"},{"nodeID":"1309304","text":"Analysing","type":"YA","timestamp":"2023-11-09 13:08:28"},{"nodeID":"1309305","text":"Calum: Greg Hands: Grant Shapps, the Transport Secretary, is very focused on this job","type":"L","timestamp":"2023-11-09 13:08:28"},{"nodeID":"1309306","text":"Asserting","type":"YA","timestamp":"2023-11-09 13:08:28"},{"nodeID":"1309307","text":"the UK government are taking really tough action on P&O as well","type":"I","timestamp":"2023-11-09 13:08:29"},{"nodeID":"1309308","text":"Greg Hands: we're taking really tough action on P&O as well","type":"L","timestamp":"2023-11-09 13:08:29"},{"nodeID":"1309309","text":"Analysing","type":"YA","timestamp":"2023-11-09 13:08:29"},{"nodeID":"1309310","text":"Calum: Greg Hands: we're taking really tough action on P&O as well","type":"L","timestamp":"2023-11-09 13:08:29"},{"nodeID":"1309311","text":"Asserting","type":"YA","timestamp":"2023-11-09 13:08:29"},{"nodeID":"1309312","text":"Default Transition","type":"TA","timestamp":"2023-11-09 13:08:29"},{"nodeID":"1309313","text":"Default Transition","type":"TA","timestamp":"2023-11-09 13:08:29"},{"nodeID":"1309314","text":"Default Transition","type":"TA","timestamp":"2023-11-09 13:08:29"},{"nodeID":"1309315","text":"Default Inference","type":"RA","timestamp":"2023-11-09 13:08:29"},{"nodeID":"1309316","text":"Arguing","type":"YA","timestamp":"2023-11-09 13:08:29"},{"nodeID":"1309317","text":"it's not P&O","type":"I","timestamp":"2023-11-09 13:08:30"},{"nodeID":"1309318","text":"AudienceMember 20220407QT33: it's not P&O","type":"L","timestamp":"2023-11-09 13:08:30"},{"nodeID":"1309319","text":"Analysing","type":"YA","timestamp":"2023-11-09 13:08:30"},{"nodeID":"1309320","text":"Calum: AudienceMember 20220407QT33: it's not P&O","type":"L","timestamp":"2023-11-09 13:08:30"},{"nodeID":"1309321","text":"Asserting","type":"YA","timestamp":"2023-11-09 13:08:30"},{"nodeID":"1309322","text":"it's easy to blame P&O","type":"I","timestamp":"2023-11-09 13:08:30"},{"nodeID":"1309323","text":"AudienceMember 20220407QT33: It's easy to blame them","type":"L","timestamp":"2023-11-09 13:08:30"},{"nodeID":"1309324","text":"Analysing","type":"YA","timestamp":"2023-11-09 13:08:30"},{"nodeID":"1309325","text":"Calum: AudienceMember 20220407QT33: It's easy to blame them","type":"L","timestamp":"2023-11-09 13:08:30"},{"nodeID":"1309326","text":"Asserting","type":"YA","timestamp":"2023-11-09 13:08:30"},{"nodeID":"1309327","text":"it's a lack of planning","type":"I","timestamp":"2023-11-09 13:08:31"},{"nodeID":"1309328","text":"AudienceMember 20220407QT33: It's a lack of planning","type":"L","timestamp":"2023-11-09 13:08:31"},{"nodeID":"1309329","text":"Analysing","type":"YA","timestamp":"2023-11-09 13:08:31"},{"nodeID":"1309330","text":"Calum: AudienceMember 20220407QT33: It's a lack of planning","type":"L","timestamp":"2023-11-09 13:08:31"},{"nodeID":"1309331","text":"Asserting","type":"YA","timestamp":"2023-11-09 13:08:31"},{"nodeID":"1309332","text":"Default Transition","type":"TA","timestamp":"2023-11-09 13:08:31"},{"nodeID":"1309333","text":"Default Conflict","type":"CA","timestamp":"2023-11-09 13:08:31"},{"nodeID":"1309334","text":"Disagreeing","type":"YA","timestamp":"2023-11-09 13:08:31"},{"nodeID":"1309335","text":"Default Transition","type":"TA","timestamp":"2023-11-09 13:08:31"},{"nodeID":"1309336","text":"Default Transition","type":"TA","timestamp":"2023-11-09 13:08:31"},{"nodeID":"1309337","text":"Default Inference","type":"RA","timestamp":"2023-11-09 13:08:31"},{"nodeID":"1309338","text":"Arguing","type":"YA","timestamp":"2023-11-09 13:08:31"},{"nodeID":"1309339","text":"Fiona Bruce can see lots of audience members shaking their heads about Operation Brock","type":"I","timestamp":"2023-11-09 13:08:31"},{"nodeID":"1309340","text":"Fiona Bruce:  I can see lots of you shaking your head about Operation Brock","type":"L","timestamp":"2023-11-09 13:08:31"},{"nodeID":"1309341","text":"Analysing","type":"YA","timestamp":"2023-11-09 13:08:31"},{"nodeID":"1309342","text":"Calum: Fiona Bruce:  I can see lots of you shaking your head about Operation Brock","type":"L","timestamp":"2023-11-09 13:08:31"},{"nodeID":"1309343","text":"Asserting","type":"YA","timestamp":"2023-11-09 13:08:31"},{"nodeID":"1309344","text":"xxx are Emily Thornberry's thoughts on Operation Brock","type":"I","timestamp":"2023-11-09 13:08:32"},{"nodeID":"1309345","text":"Fiona Bruce: Emily","type":"L","timestamp":"2023-11-09 13:08:32"},{"nodeID":"1309346","text":"Analysing","type":"YA","timestamp":"2023-11-09 13:08:32"},{"nodeID":"1309347","text":"Calum: Fiona Bruce: Emily","type":"L","timestamp":"2023-11-09 13:08:32"},{"nodeID":"1309348","text":"Pure Questioning","type":"YA","timestamp":"2023-11-09 13:08:32"},{"nodeID":"1309349","text":"Default Transition","type":"TA","timestamp":"2023-11-09 13:08:32"},{"nodeID":"1309350","text":"Default Transition","type":"TA","timestamp":"2023-11-09 13:08:32"},{"nodeID":"1309351","text":"the UK have got a really fragile infrastructure","type":"I","timestamp":"2023-11-09 13:08:33"},{"nodeID":"1309352","text":"Emily Thornberry: we've got a really fragile infrastructure","type":"L","timestamp":"2023-11-09 13:08:33"},{"nodeID":"1309353","text":"Analysing","type":"YA","timestamp":"2023-11-09 13:08:33"},{"nodeID":"1309354","text":"Calum: Emily Thornberry: we've got a really fragile infrastructure","type":"L","timestamp":"2023-11-09 13:08:33"},{"nodeID":"1309355","text":"Asserting","type":"YA","timestamp":"2023-11-09 13:08:33"},{"nodeID":"1309356","text":"the UK had a deal with the European Union that was signed off on Christmas Eve and has got great big holes in it","type":"I","timestamp":"2023-11-09 13:08:33"},{"nodeID":"1309357","text":"Emily Thornberry: we had a deal with the European Union that was signed off on Christmas Eve and has got great big holes in it","type":"L","timestamp":"2023-11-09 13:08:33"},{"nodeID":"1309358","text":"Analysing","type":"YA","timestamp":"2023-11-09 13:08:33"},{"nodeID":"1309359","text":"Calum: Emily Thornberry: we had a deal with the European Union that was signed off on Christmas Eve and has got great big holes in it","type":"L","timestamp":"2023-11-09 13:08:33"},{"nodeID":"1309360","text":"Asserting","type":"YA","timestamp":"2023-11-09 13:08:33"},{"nodeID":"1309361","text":"the holes in the deal with the European union really should have been patched since we've signed that deal","type":"I","timestamp":"2023-11-09 13:08:34"},{"nodeID":"1309362","text":"Emily Thornberry: those holes really should have been patched since we've signed that deal","type":"L","timestamp":"2023-11-09 13:08:34"},{"nodeID":"1309363","text":"Analysing","type":"YA","timestamp":"2023-11-09 13:08:34"},{"nodeID":"1309364","text":"Calum: Emily Thornberry: those holes really should have been patched since we've signed that deal","type":"L","timestamp":"2023-11-09 13:08:34"},{"nodeID":"1309365","text":"Asserting","type":"YA","timestamp":"2023-11-09 13:08:34"},{"nodeID":"1309366","text":"the ministers are missing in action","type":"I","timestamp":"2023-11-09 13:08:34"},{"nodeID":"1309367","text":"Emily Thornberry: the ministers are missing in action","type":"L","timestamp":"2023-11-09 13:08:34"},{"nodeID":"1309368","text":"Analysing","type":"YA","timestamp":"2023-11-09 13:08:34"},{"nodeID":"1309369","text":"Calum: Emily Thornberry: the ministers are missing in action","type":"L","timestamp":"2023-11-09 13:08:34"},{"nodeID":"1309370","text":"Asserting","type":"YA","timestamp":"2023-11-09 13:08:34"},{"nodeID":"1309371","text":"the ministers don't seem to be getting down to patching these holes up","type":"I","timestamp":"2023-11-09 13:08:35"},{"nodeID":"1309372","text":"Emily Thornberry: they don't seem to be getting down to patching these holes up","type":"L","timestamp":"2023-11-09 13:08:35"},{"nodeID":"1309373","text":"Analysing","type":"YA","timestamp":"2023-11-09 13:08:35"},{"nodeID":"1309374","text":"Calum: Emily Thornberry: they don't seem to be getting down to patching these holes up","type":"L","timestamp":"2023-11-09 13:08:35"},{"nodeID":"1309375","text":"Asserting","type":"YA","timestamp":"2023-11-09 13:08:35"},{"nodeID":"1309376","text":"one way to patch a hole is what's called a veterinary agreement","type":"I","timestamp":"2023-11-09 13:08:35"},{"nodeID":"1309377","text":"Emily Thornberry: One of them is what's called a veterinary agreement","type":"L","timestamp":"2023-11-09 13:08:35"},{"nodeID":"1309378","text":"Analysing","type":"YA","timestamp":"2023-11-09 13:08:35"},{"nodeID":"1309379","text":"Calum: Emily Thornberry: One of them is what's called a veterinary agreement","type":"L","timestamp":"2023-11-09 13:08:35"},{"nodeID":"1309380","text":"Asserting","type":"YA","timestamp":"2023-11-09 13:08:35"},{"nodeID":"1309381","text":"you sign a veterinary agreement, agree that you've got food the same standard as the rest of Europe, so that when a lorry driver goes across the channel, he doesn't have his ham sandwich confiscated","type":"I","timestamp":"2023-11-09 13:08:36"},{"nodeID":"1309382","text":"Emily Thornberry: That is you sign a veterinary agreement, agree that you've got food the same standard as the rest of Europe, so that when a lorry driver goes across the channel, he doesn't have his ham sandwich confiscated","type":"L","timestamp":"2023-11-09 13:08:36"},{"nodeID":"1309383","text":"Analysing","type":"YA","timestamp":"2023-11-09 13:08:36"},{"nodeID":"1309384","text":"Calum: Emily Thornberry: That is you sign a veterinary agreement, agree that you've got food the same standard as the rest of Europe, so that when a lorry driver goes across the channel, he doesn't have his ham sandwich confiscated","type":"L","timestamp":"2023-11-09 13:08:36"},{"nodeID":"1309385","text":"Asserting","type":"YA","timestamp":"2023-11-09 13:08:36"},{"nodeID":"1309386","text":"a veterinary agreement is the sort of thing that ministers really could do","type":"I","timestamp":"2023-11-09 13:08:37"},{"nodeID":"1309387","text":"Emily Thornberry: It's that sort of thing that they really could do","type":"L","timestamp":"2023-11-09 13:08:37"},{"nodeID":"1309388","text":"Analysing","type":"YA","timestamp":"2023-11-09 13:08:37"},{"nodeID":"1309389","text":"Calum: Emily Thornberry: It's that sort of thing that they really could do","type":"L","timestamp":"2023-11-09 13:08:37"},{"nodeID":"1309390","text":"Asserting","type":"YA","timestamp":"2023-11-09 13:08:37"},{"nodeID":"1309391","text":"the veterinary agreement isn't just about ham sandwiches","type":"I","timestamp":"2023-11-09 13:08:37"},{"nodeID":"1309392","text":"Emily Thornberry: It isn't just about ham sandwiches, let me tell you","type":"L","timestamp":"2023-11-09 13:08:37"},{"nodeID":"1309393","text":"Analysing","type":"YA","timestamp":"2023-11-09 13:08:37"},{"nodeID":"1309394","text":"Calum: Emily Thornberry: It isn't just about ham sandwiches, let me tell you","type":"L","timestamp":"2023-11-09 13:08:37"},{"nodeID":"1309395","text":"Asserting","type":"YA","timestamp":"2023-11-09 13:08:37"},{"nodeID":"1309396","text":"the veterinary agreement is about our food exports","type":"I","timestamp":"2023-11-09 13:08:38"},{"nodeID":"1309397","text":"Emily Thornberry: it's about our food exports","type":"L","timestamp":"2023-11-09 13:08:38"},{"nodeID":"1309398","text":"Analysing","type":"YA","timestamp":"2023-11-09 13:08:38"},{"nodeID":"1309399","text":"Calum: Emily Thornberry: it's about our food exports","type":"L","timestamp":"2023-11-09 13:08:38"},{"nodeID":"1309400","text":"Asserting","type":"YA","timestamp":"2023-11-09 13:08:38"},{"nodeID":"1309401","text":"the veterinary agreement is about lorries being stopped and everything being checked","type":"I","timestamp":"2023-11-09 13:08:38"},{"nodeID":"1309402","text":"Emily Thornberry: about lorries being stopped and everything being checked","type":"L","timestamp":"2023-11-09 13:08:38"},{"nodeID":"1309403","text":"Analysing","type":"YA","timestamp":"2023-11-09 13:08:38"},{"nodeID":"1309404","text":"Calum: Emily Thornberry: about lorries being stopped and everything being checked","type":"L","timestamp":"2023-11-09 13:08:38"},{"nodeID":"1309405","text":"Asserting","type":"YA","timestamp":"2023-11-09 13:08:38"},{"nodeID":"1309406","text":"lorries being stopped just holds things up","type":"I","timestamp":"2023-11-09 13:08:39"},{"nodeID":"1309407","text":"Emily Thornberry: which just holds things up","type":"L","timestamp":"2023-11-09 13:08:39"},{"nodeID":"1309408","text":"Analysing","type":"YA","timestamp":"2023-11-09 13:08:39"},{"nodeID":"1309409","text":"Calum: Emily Thornberry: which just holds things up","type":"L","timestamp":"2023-11-09 13:08:39"},{"nodeID":"1309410","text":"Asserting","type":"YA","timestamp":"2023-11-09 13:08:39"},{"nodeID":"1309411","text":"Default Transition","type":"TA","timestamp":"2023-11-09 13:08:39"},{"nodeID":"1309412","text":"Default Transition","type":"TA","timestamp":"2023-11-09 13:08:39"},{"nodeID":"1309413","text":"Default Transition","type":"TA","timestamp":"2023-11-09 13:08:39"},{"nodeID":"1309414","text":"Default Inference","type":"RA","timestamp":"2023-11-09 13:08:39"},{"nodeID":"1309415","text":"Arguing","type":"YA","timestamp":"2023-11-09 13:08:39"},{"nodeID":"1309416","text":"Default Transition","type":"TA","timestamp":"2023-11-09 13:08:39"},{"nodeID":"1309417","text":"Default Rephrase","type":"MA","timestamp":"2023-11-09 13:08:39"},{"nodeID":"1309418","text":"Default Illocuting","type":"YA","timestamp":"2023-11-09 13:08:39"},{"nodeID":"1309419","text":"Default Transition","type":"TA","timestamp":"2023-11-09 13:08:39"},{"nodeID":"1309420","text":"Default Transition","type":"TA","timestamp":"2023-11-09 13:08:39"},{"nodeID":"1309421","text":"Default Transition","type":"TA","timestamp":"2023-11-09 13:08:39"},{"nodeID":"1309422","text":"Default Rephrase","type":"MA","timestamp":"2023-11-09 13:08:39"},{"nodeID":"1309423","text":"Default Rephrase","type":"MA","timestamp":"2023-11-09 13:08:39"},{"nodeID":"1309424","text":"Restating","type":"YA","timestamp":"2023-11-09 13:08:39"},{"nodeID":"1309425","text":"Default Transition","type":"TA","timestamp":"2023-11-09 13:08:39"},{"nodeID":"1309426","text":"Restating","type":"YA","timestamp":"2023-11-09 13:08:39"},{"nodeID":"1309427","text":"Default Transition","type":"TA","timestamp":"2023-11-09 13:08:39"},{"nodeID":"1309428","text":"Default Transition","type":"TA","timestamp":"2023-11-09 13:08:39"},{"nodeID":"1309429","text":"Default Rephrase","type":"MA","timestamp":"2023-11-09 13:08:39"},{"nodeID":"1309430","text":"Restating","type":"YA","timestamp":"2023-11-09 13:08:39"},{"nodeID":"1309431","text":"Default Transition","type":"TA","timestamp":"2023-11-09 13:08:39"},{"nodeID":"1309432","text":"Default Transition","type":"TA","timestamp":"2023-11-09 13:08:39"},{"nodeID":"1309433","text":"Default Rephrase","type":"MA","timestamp":"2023-11-09 13:08:39"},{"nodeID":"1309434","text":"Restating","type":"YA","timestamp":"2023-11-09 13:08:39"}],"edges":[{"edgeID":"1719551","fromID":"1309294","toID":"1309293","formEdgeID":null},{"edgeID":"1719552","fromID":"1309295","toID":"1309294","formEdgeID":null},{"edgeID":"1719553","fromID":"1309293","toID":"1309296","formEdgeID":null},{"edgeID":"1719554","fromID":"1309296","toID":"1309292","formEdgeID":null},{"edgeID":"1719555","fromID":"1309299","toID":"1309298","formEdgeID":null},{"edgeID":"1719556","fromID":"1309300","toID":"1309299","formEdgeID":null},{"edgeID":"1719557","fromID":"1309298","toID":"1309301","formEdgeID":null},{"edgeID":"1719558","fromID":"1309301","toID":"1309297","formEdgeID":null},{"edgeID":"1719559","fromID":"1309304","toID":"1309303","formEdgeID":null},{"edgeID":"1719560","fromID":"1309305","toID":"1309304","formEdgeID":null},{"edgeID":"1719561","fromID":"1309303","toID":"1309306","formEdgeID":null},{"edgeID":"1719562","fromID":"1309306","toID":"1309302","formEdgeID":null},{"edgeID":"1719563","fromID":"1309309","toID":"1309308","formEdgeID":null},{"edgeID":"1719564","fromID":"1309310","toID":"1309309","formEdgeID":null},{"edgeID":"1719565","fromID":"1309308","toID":"1309311","formEdgeID":null},{"edgeID":"1719566","fromID":"1309311","toID":"1309307","formEdgeID":null},{"edgeID":"1719567","fromID":"1309293","toID":"1309312","formEdgeID":null},{"edgeID":"1719568","fromID":"1309312","toID":"1309298","formEdgeID":null},{"edgeID":"1719569","fromID":"1309298","toID":"1309313","formEdgeID":null},{"edgeID":"1719570","fromID":"1309313","toID":"1309303","formEdgeID":null},{"edgeID":"1719571","fromID":"1309298","toID":"1309314","formEdgeID":null},{"edgeID":"1719572","fromID":"1309314","toID":"1309308","formEdgeID":null},{"edgeID":"1719573","fromID":"1309302","toID":"1309315","formEdgeID":null},{"edgeID":"1719574","fromID":"1309315","toID":"1309297","formEdgeID":null},{"edgeID":"1719575","fromID":"1309307","toID":"1309315","formEdgeID":null},{"edgeID":"1719576","fromID":"1309314","toID":"1309316","formEdgeID":null},{"edgeID":"1719577","fromID":"1309316","toID":"1309315","formEdgeID":null},{"edgeID":"1719578","fromID":"1309319","toID":"1309318","formEdgeID":null},{"edgeID":"1719579","fromID":"1309320","toID":"1309319","formEdgeID":null},{"edgeID":"1719580","fromID":"1309318","toID":"1309321","formEdgeID":null},{"edgeID":"1719581","fromID":"1309321","toID":"1309317","formEdgeID":null},{"edgeID":"1719582","fromID":"1309324","toID":"1309323","formEdgeID":null},{"edgeID":"1719583","fromID":"1309325","toID":"1309324","formEdgeID":null},{"edgeID":"1719584","fromID":"1309323","toID":"1309326","formEdgeID":null},{"edgeID":"1719585","fromID":"1309326","toID":"1309322","formEdgeID":null},{"edgeID":"1719586","fromID":"1309329","toID":"1309328","formEdgeID":null},{"edgeID":"1719587","fromID":"1309330","toID":"1309329","formEdgeID":null},{"edgeID":"1719588","fromID":"1309328","toID":"1309331","formEdgeID":null},{"edgeID":"1719589","fromID":"1309331","toID":"1309327","formEdgeID":null},{"edgeID":"1719590","fromID":"1309308","toID":"1309332","formEdgeID":null},{"edgeID":"1719591","fromID":"1309332","toID":"1309318","formEdgeID":null},{"edgeID":"1719592","fromID":"1309317","toID":"1309333","formEdgeID":null},{"edgeID":"1719593","fromID":"1309333","toID":"1309307","formEdgeID":null},{"edgeID":"1719594","fromID":"1309332","toID":"1309334","formEdgeID":null},{"edgeID":"1719595","fromID":"1309334","toID":"1309333","formEdgeID":null},{"edgeID":"1719596","fromID":"1309318","toID":"1309335","formEdgeID":null},{"edgeID":"1719597","fromID":"1309335","toID":"1309323","formEdgeID":null},{"edgeID":"1719598","fromID":"1309318","toID":"1309336","formEdgeID":null},{"edgeID":"1719599","fromID":"1309336","toID":"1309328","formEdgeID":null},{"edgeID":"1719600","fromID":"1309322","toID":"1309337","formEdgeID":null},{"edgeID":"1719601","fromID":"1309337","toID":"1309317","formEdgeID":null},{"edgeID":"1719602","fromID":"1309327","toID":"1309337","formEdgeID":null},{"edgeID":"1719603","fromID":"1309336","toID":"1309338","formEdgeID":null},{"edgeID":"1719604","fromID":"1309338","toID":"1309337","formEdgeID":null},{"edgeID":"1719605","fromID":"1309341","toID":"1309340","formEdgeID":null},{"edgeID":"1719606","fromID":"1309342","toID":"1309341","formEdgeID":null},{"edgeID":"1719607","fromID":"1309340","toID":"1309343","formEdgeID":null},{"edgeID":"1719608","fromID":"1309343","toID":"1309339","formEdgeID":null},{"edgeID":"1719609","fromID":"1309346","toID":"1309345","formEdgeID":null},{"edgeID":"1719610","fromID":"1309347","toID":"1309346","formEdgeID":null},{"edgeID":"1719611","fromID":"1309345","toID":"1309348","formEdgeID":null},{"edgeID":"1719612","fromID":"1309348","toID":"1309344","formEdgeID":null},{"edgeID":"1719613","fromID":"1309340","toID":"1309349","formEdgeID":null},{"edgeID":"1719614","fromID":"1309349","toID":"1309345","formEdgeID":null},{"edgeID":"1719615","fromID":"1309328","toID":"1309350","formEdgeID":null},{"edgeID":"1719616","fromID":"1309350","toID":"1309340","formEdgeID":null},{"edgeID":"1719617","fromID":"1309353","toID":"1309352","formEdgeID":null},{"edgeID":"1719618","fromID":"1309354","toID":"1309353","formEdgeID":null},{"edgeID":"1719619","fromID":"1309352","toID":"1309355","formEdgeID":null},{"edgeID":"1719620","fromID":"1309355","toID":"1309351","formEdgeID":null},{"edgeID":"1719621","fromID":"1309358","toID":"1309357","formEdgeID":null},{"edgeID":"1719622","fromID":"1309359","toID":"1309358","formEdgeID":null},{"edgeID":"1719623","fromID":"1309357","toID":"1309360","formEdgeID":null},{"edgeID":"1719624","fromID":"1309360","toID":"1309356","formEdgeID":null},{"edgeID":"1719625","fromID":"1309363","toID":"1309362","formEdgeID":null},{"edgeID":"1719626","fromID":"1309364","toID":"1309363","formEdgeID":null},{"edgeID":"1719627","fromID":"1309362","toID":"1309365","formEdgeID":null},{"edgeID":"1719628","fromID":"1309365","toID":"1309361","formEdgeID":null},{"edgeID":"1719629","fromID":"1309368","toID":"1309367","formEdgeID":null},{"edgeID":"1719630","fromID":"1309369","toID":"1309368","formEdgeID":null},{"edgeID":"1719631","fromID":"1309367","toID":"1309370","formEdgeID":null},{"edgeID":"1719632","fromID":"1309370","toID":"1309366","formEdgeID":null},{"edgeID":"1719633","fromID":"1309373","toID":"1309372","formEdgeID":null},{"edgeID":"1719634","fromID":"1309374","toID":"1309373","formEdgeID":null},{"edgeID":"1719635","fromID":"1309372","toID":"1309375","formEdgeID":null},{"edgeID":"1719636","fromID":"1309375","toID":"1309371","formEdgeID":null},{"edgeID":"1719637","fromID":"1309378","toID":"1309377","formEdgeID":null},{"edgeID":"1719638","fromID":"1309379","toID":"1309378","formEdgeID":null},{"edgeID":"1719639","fromID":"1309377","toID":"1309380","formEdgeID":null},{"edgeID":"1719640","fromID":"1309380","toID":"1309376","formEdgeID":null},{"edgeID":"1719641","fromID":"1309383","toID":"1309382","formEdgeID":null},{"edgeID":"1719642","fromID":"1309384","toID":"1309383","formEdgeID":null},{"edgeID":"1719643","fromID":"1309382","toID":"1309385","formEdgeID":null},{"edgeID":"1719644","fromID":"1309385","toID":"1309381","formEdgeID":null},{"edgeID":"1719645","fromID":"1309388","toID":"1309387","formEdgeID":null},{"edgeID":"1719646","fromID":"1309389","toID":"1309388","formEdgeID":null},{"edgeID":"1719647","fromID":"1309387","toID":"1309390","formEdgeID":null},{"edgeID":"1719648","fromID":"1309390","toID":"1309386","formEdgeID":null},{"edgeID":"1719649","fromID":"1309393","toID":"1309392","formEdgeID":null},{"edgeID":"1719650","fromID":"1309394","toID":"1309393","formEdgeID":null},{"edgeID":"1719651","fromID":"1309392","toID":"1309395","formEdgeID":null},{"edgeID":"1719652","fromID":"1309395","toID":"1309391","formEdgeID":null},{"edgeID":"1719653","fromID":"1309398","toID":"1309397","formEdgeID":null},{"edgeID":"1719654","fromID":"1309399","toID":"1309398","formEdgeID":null},{"edgeID":"1719655","fromID":"1309397","toID":"1309400","formEdgeID":null},{"edgeID":"1719656","fromID":"1309400","toID":"1309396","formEdgeID":null},{"edgeID":"1719657","fromID":"1309403","toID":"1309402","formEdgeID":null},{"edgeID":"1719658","fromID":"1309404","toID":"1309403","formEdgeID":null},{"edgeID":"1719659","fromID":"1309402","toID":"1309405","formEdgeID":null},{"edgeID":"1719660","fromID":"1309405","toID":"1309401","formEdgeID":null},{"edgeID":"1719661","fromID":"1309408","toID":"1309407","formEdgeID":null},{"edgeID":"1719662","fromID":"1309409","toID":"1309408","formEdgeID":null},{"edgeID":"1719663","fromID":"1309407","toID":"1309410","formEdgeID":null},{"edgeID":"1719664","fromID":"1309410","toID":"1309406","formEdgeID":null},{"edgeID":"1719665","fromID":"1309392","toID":"1309411","formEdgeID":null},{"edgeID":"1719666","fromID":"1309411","toID":"1309397","formEdgeID":null},{"edgeID":"1719667","fromID":"1309392","toID":"1309412","formEdgeID":null},{"edgeID":"1719668","fromID":"1309412","toID":"1309402","formEdgeID":null},{"edgeID":"1719669","fromID":"1309392","toID":"1309413","formEdgeID":null},{"edgeID":"1719670","fromID":"1309413","toID":"1309407","formEdgeID":null},{"edgeID":"1719671","fromID":"1309396","toID":"1309414","formEdgeID":null},{"edgeID":"1719672","fromID":"1309414","toID":"1309391","formEdgeID":null},{"edgeID":"1719673","fromID":"1309401","toID":"1309414","formEdgeID":null},{"edgeID":"1719674","fromID":"1309406","toID":"1309414","formEdgeID":null},{"edgeID":"1719675","fromID":"1309413","toID":"1309415","formEdgeID":null},{"edgeID":"1719676","fromID":"1309415","toID":"1309414","formEdgeID":null},{"edgeID":"1719677","fromID":"1309345","toID":"1309416","formEdgeID":null},{"edgeID":"1719678","fromID":"1309416","toID":"1309352","formEdgeID":null},{"edgeID":"1719679","fromID":"1309351","toID":"1309417","formEdgeID":null},{"edgeID":"1719680","fromID":"1309417","toID":"1309344","formEdgeID":null},{"edgeID":"1719681","fromID":"1309416","toID":"1309418","formEdgeID":null},{"edgeID":"1719682","fromID":"1309418","toID":"1309417","formEdgeID":null},{"edgeID":"1719683","fromID":"1309352","toID":"1309419","formEdgeID":null},{"edgeID":"1719684","fromID":"1309419","toID":"1309357","formEdgeID":null},{"edgeID":"1719685","fromID":"1309357","toID":"1309420","formEdgeID":null},{"edgeID":"1719686","fromID":"1309420","toID":"1309362","formEdgeID":null},{"edgeID":"1719687","fromID":"1309362","toID":"1309421","formEdgeID":null},{"edgeID":"1719688","fromID":"1309421","toID":"1309367","formEdgeID":null},{"edgeID":"1719689","fromID":"1309366","toID":"1309422","formEdgeID":null},{"edgeID":"1719690","fromID":"1309422","toID":"1309361","formEdgeID":null},{"edgeID":"1719691","fromID":"1309371","toID":"1309423","formEdgeID":null},{"edgeID":"1719692","fromID":"1309423","toID":"1309366","formEdgeID":null},{"edgeID":"1719693","fromID":"1309421","toID":"1309424","formEdgeID":null},{"edgeID":"1719694","fromID":"1309424","toID":"1309422","formEdgeID":null},{"edgeID":"1719695","fromID":"1309367","toID":"1309425","formEdgeID":null},{"edgeID":"1719696","fromID":"1309425","toID":"1309372","formEdgeID":null},{"edgeID":"1719697","fromID":"1309425","toID":"1309426","formEdgeID":null},{"edgeID":"1719698","fromID":"1309426","toID":"1309423","formEdgeID":null},{"edgeID":"1719699","fromID":"1309372","toID":"1309427","formEdgeID":null},{"edgeID":"1719700","fromID":"1309427","toID":"1309377","formEdgeID":null},{"edgeID":"1719701","fromID":"1309377","toID":"1309428","formEdgeID":null},{"edgeID":"1719702","fromID":"1309428","toID":"1309382","formEdgeID":null},{"edgeID":"1719703","fromID":"1309381","toID":"1309429","formEdgeID":null},{"edgeID":"1719704","fromID":"1309429","toID":"1309376","formEdgeID":null},{"edgeID":"1719705","fromID":"1309428","toID":"1309430","formEdgeID":null},{"edgeID":"1719706","fromID":"1309430","toID":"1309429","formEdgeID":null},{"edgeID":"1719707","fromID":"1309382","toID":"1309431","formEdgeID":null},{"edgeID":"1719708","fromID":"1309431","toID":"1309387","formEdgeID":null},{"edgeID":"1719709","fromID":"1309387","toID":"1309432","formEdgeID":null},{"edgeID":"1719710","fromID":"1309432","toID":"1309392","formEdgeID":null},{"edgeID":"1719711","fromID":"1309386","toID":"1309433","formEdgeID":null},{"edgeID":"1719712","fromID":"1309433","toID":"1309381","formEdgeID":null},{"edgeID":"1719713","fromID":"1309431","toID":"1309434","formEdgeID":null},{"edgeID":"1719714","fromID":"1309434","toID":"1309433","formEdgeID":null}],"locutions":[]}