{"nodes":[{"nodeID":"1309031","text":"there were long traffic jams before today as well","type":"I","timestamp":"2023-11-09 13:08:05"},{"nodeID":"1309032","text":"Fiona Bruce: there were long traffic jams before that as well","type":"L","timestamp":"2023-11-09 13:08:05"},{"nodeID":"1309033","text":"Analysing","type":"YA","timestamp":"2023-11-09 13:08:05"},{"nodeID":"1309034","text":"Amelie: Fiona Bruce: there were long traffic jams before that as well","type":"L","timestamp":"2023-11-09 13:08:05"},{"nodeID":"1309035","text":"Asserting","type":"YA","timestamp":"2023-11-09 13:08:05"},{"nodeID":"1309036","text":"Analysing","type":"YA","timestamp":"2023-11-09 13:08:05"},{"nodeID":"1309037","text":"Amelie: Dan Hodges: There were","type":"L","timestamp":"2023-11-09 13:08:05"},{"nodeID":"1309038","text":"Dan Hodges: There were","type":"L","timestamp":"2023-11-09 13:08:05"},{"nodeID":"1309039","text":"Agreeing","type":"YA","timestamp":"2023-11-09 13:08:05"},{"nodeID":"1309040","text":"Default Transition","type":"TA","timestamp":"2023-11-09 13:08:05"},{"nodeID":"1309041","text":"today's disruption, which is what we're talking about, is specifically as a result of the P&O issue","type":"I","timestamp":"2023-11-09 13:08:06"},{"nodeID":"1309042","text":"Analysing","type":"YA","timestamp":"2023-11-09 13:08:06"},{"nodeID":"1309043","text":"Dan Hodges: I've seen people today saying today's disruption, which is what we're talking about, is specifically as a result of the P&O issue","type":"L","timestamp":"2023-11-09 13:08:06"},{"nodeID":"1309044","text":"Amelie: Dan Hodges: I've seen people today saying today's disruption, which is what we're talking about, is specifically as a result of the P&O issue","type":"L","timestamp":"2023-11-09 13:08:06"},{"nodeID":"1309045","text":"Unknown Speaker: today's disruption, which is what we're talking about, is specifically as a result of the P&O issue","type":"L","timestamp":"2023-11-09 13:08:06"},{"nodeID":"1309046","text":"Analysing","type":"YA","timestamp":"2023-11-09 13:08:06"},{"nodeID":"1309047","text":"Amelie: Unknown Speaker: I've seen people today saying today's disruption, which is what we're talking about, is specifically as a result of the P&O issue","type":"L","timestamp":"2023-11-09 13:08:06"},{"nodeID":"1309048","text":"Asserting","type":"YA","timestamp":"2023-11-09 13:08:06"},{"nodeID":"1309049","text":"Asserting","type":"YA","timestamp":"2023-11-09 13:08:06"},{"nodeID":"1309050","text":"the Government is taking P&O to court on the P&O issue and taking legal action over this","type":"I","timestamp":"2023-11-09 13:08:07"},{"nodeID":"1309051","text":"Dan Hodges: My understanding is the Government is taking P&O to court on this and taking legal action over this","type":"L","timestamp":"2023-11-09 13:08:07"},{"nodeID":"1309052","text":"Analysing","type":"YA","timestamp":"2023-11-09 13:08:07"},{"nodeID":"1309053","text":"Amelie: Dan Hodges: My understanding is the Government is taking P&O to court on this and taking legal action over this","type":"L","timestamp":"2023-11-09 13:08:07"},{"nodeID":"1309054","text":"Asserting","type":"YA","timestamp":"2023-11-09 13:08:07"},{"nodeID":"1309055","text":"Default Transition","type":"TA","timestamp":"2023-11-09 13:08:07"},{"nodeID":"1309056","text":"Dan Hodges hopes the Government takes P&O to court","type":"I","timestamp":"2023-11-09 13:08:07"},{"nodeID":"1309057","text":"Analysing","type":"YA","timestamp":"2023-11-09 13:08:07"},{"nodeID":"1309058","text":"Amelie: Dan Hodges: I hope they do","type":"L","timestamp":"2023-11-09 13:08:07"},{"nodeID":"1309059","text":"Dan Hodges: I hope they do","type":"L","timestamp":"2023-11-09 13:08:07"},{"nodeID":"1309060","text":"Asserting","type":"YA","timestamp":"2023-11-09 13:08:07"},{"nodeID":"1309061","text":"Dan Hodges hopes the Government wins the case against P&O","type":"I","timestamp":"2023-11-09 13:08:08"},{"nodeID":"1309062","text":"Amelie: Dan Hodges: I hope they win","type":"L","timestamp":"2023-11-09 13:08:08"},{"nodeID":"1309063","text":"Analysing","type":"YA","timestamp":"2023-11-09 13:08:08"},{"nodeID":"1309064","text":"Dan Hodges: I hope they win","type":"L","timestamp":"2023-11-09 13:08:08"},{"nodeID":"1309065","text":"Asserting","type":"YA","timestamp":"2023-11-09 13:08:08"},{"nodeID":"1309066","text":"Default Transition","type":"TA","timestamp":"2023-11-09 13:08:08"},{"nodeID":"1309067","text":"Default Transition","type":"TA","timestamp":"2023-11-09 13:08:08"},{"nodeID":"1309068","text":"Default Rephrase","type":"MA","timestamp":"2023-11-09 13:08:08"},{"nodeID":"1309069","text":"Restating","type":"YA","timestamp":"2023-11-09 13:08:08"},{"nodeID":"1309070","text":"anybody should be paying for the disruption that you're all experiencing","type":"I","timestamp":"2023-11-09 13:08:09"},{"nodeID":"1309071","text":"Dan Hodges: anybody should be paying for the disruption that you're all experiencing","type":"L","timestamp":"2023-11-09 13:08:09"},{"nodeID":"1309072","text":"Analysing","type":"YA","timestamp":"2023-11-09 13:08:09"},{"nodeID":"1309073","text":"Amelie: Dan Hodges: anybody should be paying for the disruption that you're all experiencing","type":"L","timestamp":"2023-11-09 13:08:09"},{"nodeID":"1309074","text":"Asserting","type":"YA","timestamp":"2023-11-09 13:08:09"},{"nodeID":"1309075","text":"Default Transition","type":"TA","timestamp":"2023-11-09 13:08:09"},{"nodeID":"1309076","text":"the one who is paying for the disruption should be P&O","type":"I","timestamp":"2023-11-09 13:08:09"},{"nodeID":"1309077","text":"Analysing","type":"YA","timestamp":"2023-11-09 13:08:09"},{"nodeID":"1309078","text":"Dan Hodges: it should be P&O","type":"L","timestamp":"2023-11-09 13:08:09"},{"nodeID":"1309079","text":"Amelie: Dan Hodges: it should be P&O","type":"L","timestamp":"2023-11-09 13:08:09"},{"nodeID":"1309080","text":"Asserting","type":"YA","timestamp":"2023-11-09 13:08:09"},{"nodeID":"1309081","text":"Default Transition","type":"TA","timestamp":"2023-11-09 13:08:09"},{"nodeID":"1309082","text":"Default Inference","type":"RA","timestamp":"2023-11-09 13:08:09"},{"nodeID":"1309083","text":"Arguing","type":"YA","timestamp":"2023-11-09 13:08:09"},{"nodeID":"1309084","text":"the disruption isn't just a recent P&O issue","type":"I","timestamp":"2023-11-09 13:08:10"},{"nodeID":"1309085","text":"AudienceMember 20220407QT28: I really don't think this is just a recent P&O issue","type":"L","timestamp":"2023-11-09 13:08:10"},{"nodeID":"1309086","text":"Amelie: AudienceMember 20220407QT28: I really don't think this is just a recent P&O issue","type":"L","timestamp":"2023-11-09 13:08:10"},{"nodeID":"1309087","text":"Analysing","type":"YA","timestamp":"2023-11-09 13:08:10"},{"nodeID":"1309088","text":"Asserting","type":"YA","timestamp":"2023-11-09 13:08:10"},{"nodeID":"1309089","text":"Default Inference","type":"RA","timestamp":"2023-11-09 13:08:10"},{"nodeID":"1309090","text":"Default Transition","type":"TA","timestamp":"2023-11-09 13:08:10"},{"nodeID":"1309091","text":"Arguing","type":"YA","timestamp":"2023-11-09 13:08:10"},{"nodeID":"1309092","text":"the disruptions have been going on for a long time","type":"I","timestamp":"2023-11-09 13:08:10"},{"nodeID":"1309093","text":"Analysing","type":"YA","timestamp":"2023-11-09 13:08:10"},{"nodeID":"1309094","text":"AudienceMember 20220407QT28: this has been going on for a long time","type":"L","timestamp":"2023-11-09 13:08:10"},{"nodeID":"1309095","text":"Amelie: AudienceMember 20220407QT28: this has been going on for a long time","type":"L","timestamp":"2023-11-09 13:08:10"},{"nodeID":"1309096","text":"Asserting","type":"YA","timestamp":"2023-11-09 13:08:10"},{"nodeID":"1309097","text":"Default Transition","type":"TA","timestamp":"2023-11-09 13:08:10"},{"nodeID":"1309098","text":"Default Rephrase","type":"MA","timestamp":"2023-11-09 13:08:10"},{"nodeID":"1309099","text":"Restating","type":"YA","timestamp":"2023-11-09 13:08:10"},{"nodeID":"1309100","text":"not enough has been done to provide any contingency plans","type":"I","timestamp":"2023-11-09 13:08:11"},{"nodeID":"1309101","text":"AudienceMember 20220407QT28: I don't think enough has been done to provide any contingency plans","type":"L","timestamp":"2023-11-09 13:08:11"},{"nodeID":"1309102","text":"Analysing","type":"YA","timestamp":"2023-11-09 13:08:11"},{"nodeID":"1309103","text":"Amelie: AudienceMember 20220407QT28: I don't think enough has been done to provide any contingency plans","type":"L","timestamp":"2023-11-09 13:08:11"},{"nodeID":"1309104","text":"Asserting","type":"YA","timestamp":"2023-11-09 13:08:11"},{"nodeID":"1309105","text":"Default Transition","type":"TA","timestamp":"2023-11-09 13:08:11"},{"nodeID":"1309106","text":"things happen at short notice","type":"I","timestamp":"2023-11-09 13:08:12"},{"nodeID":"1309107","text":"AudienceMember 20220407QT28: things happen at short notice","type":"L","timestamp":"2023-11-09 13:08:12"},{"nodeID":"1309108","text":"Analysing","type":"YA","timestamp":"2023-11-09 13:08:12"},{"nodeID":"1309109","text":"Amelie: AudienceMember 20220407QT28: things happen at short notice","type":"L","timestamp":"2023-11-09 13:08:12"},{"nodeID":"1309110","text":"Asserting","type":"YA","timestamp":"2023-11-09 13:08:12"},{"nodeID":"1309111","text":"Default Transition","type":"TA","timestamp":"2023-11-09 13:08:12"},{"nodeID":"1309112","text":"we're left in gridlock","type":"I","timestamp":"2023-11-09 13:08:12"},{"nodeID":"1309113","text":"AudienceMember 20220407QT28: we're left in gridlock","type":"L","timestamp":"2023-11-09 13:08:12"},{"nodeID":"1309114","text":"Analysing","type":"YA","timestamp":"2023-11-09 13:08:12"},{"nodeID":"1309115","text":"Amelie: AudienceMember 20220407QT28: we're left in gridlock","type":"L","timestamp":"2023-11-09 13:08:12"},{"nodeID":"1309116","text":"Asserting","type":"YA","timestamp":"2023-11-09 13:08:12"},{"nodeID":"1309117","text":"Default Transition","type":"TA","timestamp":"2023-11-09 13:08:12"},{"nodeID":"1309118","text":"Default Conflict","type":"CA","timestamp":"2023-11-09 13:08:12"},{"nodeID":"1309119","text":"Disagreeing","type":"YA","timestamp":"2023-11-09 13:08:12"},{"nodeID":"1309120","text":"AudienceMember20220407QT28 has spent nearly six hours in my car unnecessarily this week just trying to get to and from work","type":"I","timestamp":"2023-11-09 13:08:13"},{"nodeID":"1309121","text":"Amelie: AudienceMember 20220407QT28: I've spent nearly six hours in my car unnecessarily this week just trying to get to and from work","type":"L","timestamp":"2023-11-09 13:08:13"},{"nodeID":"1309122","text":"AudienceMember 20220407QT28: I've spent nearly six hours in my car unnecessarily this week just trying to get to and from work","type":"L","timestamp":"2023-11-09 13:08:13"},{"nodeID":"1309123","text":"Analysing","type":"YA","timestamp":"2023-11-09 13:08:13"},{"nodeID":"1309124","text":"Asserting","type":"YA","timestamp":"2023-11-09 13:08:13"},{"nodeID":"1309125","text":"Default Transition","type":"TA","timestamp":"2023-11-09 13:08:13"},{"nodeID":"1309126","text":"Default Rephrase","type":"MA","timestamp":"2023-11-09 13:08:13"},{"nodeID":"1309127","text":"Restating","type":"YA","timestamp":"2023-11-09 13:08:13"},{"nodeID":"1309128","text":"there doesn't seem to be a plan","type":"I","timestamp":"2023-11-09 13:08:14"},{"nodeID":"1309129","text":"AudienceMember 20220407QT28: There doesn't seem to be a plan","type":"L","timestamp":"2023-11-09 13:08:14"},{"nodeID":"1309130","text":"Amelie: AudienceMember 20220407QT28: There doesn't seem to be a plan","type":"L","timestamp":"2023-11-09 13:08:14"},{"nodeID":"1309131","text":"Analysing","type":"YA","timestamp":"2023-11-09 13:08:14"},{"nodeID":"1309132","text":"Asserting","type":"YA","timestamp":"2023-11-09 13:08:14"},{"nodeID":"1309133","text":"Default Rephrase","type":"MA","timestamp":"2023-11-09 13:08:14"},{"nodeID":"1309134","text":"Default Transition","type":"TA","timestamp":"2023-11-09 13:08:14"},{"nodeID":"1309135","text":"Restating","type":"YA","timestamp":"2023-11-09 13:08:14"},{"nodeID":"1309136","text":"Default Transition","type":"TA","timestamp":"2023-11-09 13:08:14"},{"nodeID":"1309137","text":"Default Conflict","type":"CA","timestamp":"2023-11-09 13:08:14"},{"nodeID":"1309138","text":"Disagreeing","type":"YA","timestamp":"2023-11-09 13:08:14"},{"nodeID":"1309139","text":"Default Rephrase","type":"MA","timestamp":"2023-11-09 13:08:14"},{"nodeID":"1309140","text":"Restating","type":"YA","timestamp":"2023-11-09 13:08:14"},{"nodeID":"1309141","text":"Default Inference","type":"RA","timestamp":"2023-11-09 13:08:14"},{"nodeID":"1309142","text":"Arguing","type":"YA","timestamp":"2023-11-09 13:08:14"},{"nodeID":"1309143","text":"Default Rephrase","type":"MA","timestamp":"2023-11-09 13:08:14"},{"nodeID":"1309144","text":"Default Transition","type":"TA","timestamp":"2023-11-09 13:08:14"},{"nodeID":"1309145","text":"Restating","type":"YA","timestamp":"2023-11-09 13:08:14"}],"edges":[{"edgeID":"1719246","fromID":"1309033","toID":"1309032","formEdgeID":null},{"edgeID":"1719247","fromID":"1309034","toID":"1309033","formEdgeID":null},{"edgeID":"1719248","fromID":"1309032","toID":"1309035","formEdgeID":null},{"edgeID":"1719249","fromID":"1309035","toID":"1309031","formEdgeID":null},{"edgeID":"1719250","fromID":"1309036","toID":"1309038","formEdgeID":null},{"edgeID":"1719251","fromID":"1309037","toID":"1309036","formEdgeID":null},{"edgeID":"1719252","fromID":"1309038","toID":"1309039","formEdgeID":null},{"edgeID":"1719253","fromID":"1309039","toID":"1309031","formEdgeID":null},{"edgeID":"1719254","fromID":"1309032","toID":"1309040","formEdgeID":null},{"edgeID":"1719255","fromID":"1309040","toID":"1309038","formEdgeID":null},{"edgeID":"1719256","fromID":"1309042","toID":"1309043","formEdgeID":null},{"edgeID":"1719257","fromID":"1309044","toID":"1309042","formEdgeID":null},{"edgeID":"1719258","fromID":"1309046","toID":"1309045","formEdgeID":null},{"edgeID":"1719259","fromID":"1309047","toID":"1309046","formEdgeID":null},{"edgeID":"1719260","fromID":"1309045","toID":"1309048","formEdgeID":null},{"edgeID":"1719261","fromID":"1309048","toID":"1309041","formEdgeID":null},{"edgeID":"1719262","fromID":"1309043","toID":"1309049","formEdgeID":null},{"edgeID":"1719263","fromID":"1309049","toID":"1309045","formEdgeID":null},{"edgeID":"1719264","fromID":"1309053","toID":"1309052","formEdgeID":null},{"edgeID":"1719265","fromID":"1309052","toID":"1309051","formEdgeID":null},{"edgeID":"1719266","fromID":"1309051","toID":"1309054","formEdgeID":null},{"edgeID":"1719267","fromID":"1309054","toID":"1309050","formEdgeID":null},{"edgeID":"1719268","fromID":"1309043","toID":"1309055","formEdgeID":null},{"edgeID":"1719269","fromID":"1309055","toID":"1309051","formEdgeID":null},{"edgeID":"1719270","fromID":"1309058","toID":"1309057","formEdgeID":null},{"edgeID":"1719271","fromID":"1309057","toID":"1309059","formEdgeID":null},{"edgeID":"1719272","fromID":"1309059","toID":"1309060","formEdgeID":null},{"edgeID":"1719273","fromID":"1309060","toID":"1309056","formEdgeID":null},{"edgeID":"1719274","fromID":"1309063","toID":"1309064","formEdgeID":null},{"edgeID":"1719275","fromID":"1309062","toID":"1309063","formEdgeID":null},{"edgeID":"1719276","fromID":"1309065","toID":"1309061","formEdgeID":null},{"edgeID":"1719277","fromID":"1309064","toID":"1309065","formEdgeID":null},{"edgeID":"1719278","fromID":"1309066","toID":"1309059","formEdgeID":null},{"edgeID":"1719279","fromID":"1309051","toID":"1309066","formEdgeID":null},{"edgeID":"1719280","fromID":"1309067","toID":"1309064","formEdgeID":null},{"edgeID":"1719281","fromID":"1309059","toID":"1309067","formEdgeID":null},{"edgeID":"1719282","fromID":"1309061","toID":"1309068","formEdgeID":null},{"edgeID":"1719283","fromID":"1309068","toID":"1309056","formEdgeID":null},{"edgeID":"1719284","fromID":"1309069","toID":"1309068","formEdgeID":null},{"edgeID":"1719285","fromID":"1309067","toID":"1309069","formEdgeID":null},{"edgeID":"1719286","fromID":"1309072","toID":"1309071","formEdgeID":null},{"edgeID":"1719287","fromID":"1309073","toID":"1309072","formEdgeID":null},{"edgeID":"1719288","fromID":"1309071","toID":"1309074","formEdgeID":null},{"edgeID":"1719289","fromID":"1309074","toID":"1309070","formEdgeID":null},{"edgeID":"1719290","fromID":"1309064","toID":"1309075","formEdgeID":null},{"edgeID":"1719291","fromID":"1309075","toID":"1309071","formEdgeID":null},{"edgeID":"1719292","fromID":"1309077","toID":"1309078","formEdgeID":null},{"edgeID":"1719293","fromID":"1309079","toID":"1309077","formEdgeID":null},{"edgeID":"1719294","fromID":"1309078","toID":"1309080","formEdgeID":null},{"edgeID":"1719295","fromID":"1309080","toID":"1309076","formEdgeID":null},{"edgeID":"1719296","fromID":"1309071","toID":"1309081","formEdgeID":null},{"edgeID":"1719297","fromID":"1309081","toID":"1309078","formEdgeID":null},{"edgeID":"1719298","fromID":"1309070","toID":"1309082","formEdgeID":null},{"edgeID":"1719299","fromID":"1309082","toID":"1309076","formEdgeID":null},{"edgeID":"1719300","fromID":"1309081","toID":"1309083","formEdgeID":null},{"edgeID":"1719301","fromID":"1309083","toID":"1309082","formEdgeID":null},{"edgeID":"1719302","fromID":"1309087","toID":"1309085","formEdgeID":null},{"edgeID":"1719303","fromID":"1309086","toID":"1309087","formEdgeID":null},{"edgeID":"1719304","fromID":"1309085","toID":"1309088","formEdgeID":null},{"edgeID":"1719305","fromID":"1309088","toID":"1309084","formEdgeID":null},{"edgeID":"1719306","fromID":"1309076","toID":"1309089","formEdgeID":null},{"edgeID":"1719307","fromID":"1309089","toID":"1309061","formEdgeID":null},{"edgeID":"1719308","fromID":"1309064","toID":"1309090","formEdgeID":null},{"edgeID":"1719309","fromID":"1309090","toID":"1309078","formEdgeID":null},{"edgeID":"1719310","fromID":"1309090","toID":"1309091","formEdgeID":null},{"edgeID":"1719311","fromID":"1309091","toID":"1309089","formEdgeID":null},{"edgeID":"1719312","fromID":"1309093","toID":"1309094","formEdgeID":null},{"edgeID":"1719313","fromID":"1309095","toID":"1309093","formEdgeID":null},{"edgeID":"1719314","fromID":"1309094","toID":"1309096","formEdgeID":null},{"edgeID":"1719315","fromID":"1309096","toID":"1309092","formEdgeID":null},{"edgeID":"1719316","fromID":"1309097","toID":"1309094","formEdgeID":null},{"edgeID":"1719317","fromID":"1309085","toID":"1309097","formEdgeID":null},{"edgeID":"1719318","fromID":"1309098","toID":"1309084","formEdgeID":null},{"edgeID":"1719319","fromID":"1309092","toID":"1309098","formEdgeID":null},{"edgeID":"1719320","fromID":"1309097","toID":"1309099","formEdgeID":null},{"edgeID":"1719321","fromID":"1309099","toID":"1309098","formEdgeID":null},{"edgeID":"1719322","fromID":"1309102","toID":"1309101","formEdgeID":null},{"edgeID":"1719323","fromID":"1309103","toID":"1309102","formEdgeID":null},{"edgeID":"1719324","fromID":"1309101","toID":"1309104","formEdgeID":null},{"edgeID":"1719325","fromID":"1309104","toID":"1309100","formEdgeID":null},{"edgeID":"1719326","fromID":"1309094","toID":"1309105","formEdgeID":null},{"edgeID":"1719327","fromID":"1309105","toID":"1309101","formEdgeID":null},{"edgeID":"1719328","fromID":"1309108","toID":"1309107","formEdgeID":null},{"edgeID":"1719329","fromID":"1309109","toID":"1309108","formEdgeID":null},{"edgeID":"1719330","fromID":"1309110","toID":"1309106","formEdgeID":null},{"edgeID":"1719331","fromID":"1309107","toID":"1309110","formEdgeID":null},{"edgeID":"1719332","fromID":"1309101","toID":"1309111","formEdgeID":null},{"edgeID":"1719333","fromID":"1309111","toID":"1309107","formEdgeID":null},{"edgeID":"1719334","fromID":"1309114","toID":"1309113","formEdgeID":null},{"edgeID":"1719335","fromID":"1309113","toID":"1309116","formEdgeID":null},{"edgeID":"1719336","fromID":"1309116","toID":"1309112","formEdgeID":null},{"edgeID":"1719337","fromID":"1309115","toID":"1309114","formEdgeID":null},{"edgeID":"1719338","fromID":"1309117","toID":"1309113","formEdgeID":null},{"edgeID":"1719339","fromID":"1309107","toID":"1309117","formEdgeID":null},{"edgeID":"1719340","fromID":"1309118","toID":"1309106","formEdgeID":null},{"edgeID":"1719341","fromID":"1309112","toID":"1309118","formEdgeID":null},{"edgeID":"1719342","fromID":"1309119","toID":"1309118","formEdgeID":null},{"edgeID":"1719343","fromID":"1309117","toID":"1309119","formEdgeID":null},{"edgeID":"1719344","fromID":"1309121","toID":"1309123","formEdgeID":null},{"edgeID":"1719345","fromID":"1309123","toID":"1309122","formEdgeID":null},{"edgeID":"1719346","fromID":"1309122","toID":"1309124","formEdgeID":null},{"edgeID":"1719347","fromID":"1309124","toID":"1309120","formEdgeID":null},{"edgeID":"1719348","fromID":"1309113","toID":"1309125","formEdgeID":null},{"edgeID":"1719349","fromID":"1309125","toID":"1309122","formEdgeID":null},{"edgeID":"1719350","fromID":"1309120","toID":"1309126","formEdgeID":null},{"edgeID":"1719351","fromID":"1309126","toID":"1309112","formEdgeID":null},{"edgeID":"1719352","fromID":"1309125","toID":"1309127","formEdgeID":null},{"edgeID":"1719353","fromID":"1309127","toID":"1309126","formEdgeID":null},{"edgeID":"1719354","fromID":"1309130","toID":"1309131","formEdgeID":null},{"edgeID":"1719355","fromID":"1309131","toID":"1309129","formEdgeID":null},{"edgeID":"1719356","fromID":"1309129","toID":"1309132","formEdgeID":null},{"edgeID":"1719357","fromID":"1309132","toID":"1309128","formEdgeID":null},{"edgeID":"1719358","fromID":"1309128","toID":"1309133","formEdgeID":null},{"edgeID":"1719359","fromID":"1309133","toID":"1309100","formEdgeID":null},{"edgeID":"1719360","fromID":"1309134","toID":"1309129","formEdgeID":null},{"edgeID":"1719361","fromID":"1309101","toID":"1309134","formEdgeID":null},{"edgeID":"1719362","fromID":"1309134","toID":"1309135","formEdgeID":null},{"edgeID":"1719363","fromID":"1309135","toID":"1309133","formEdgeID":null},{"edgeID":"1719364","fromID":"1309038","toID":"1309136","formEdgeID":null},{"edgeID":"1719365","fromID":"1309136","toID":"1309043","formEdgeID":null},{"edgeID":"1719366","fromID":"1309041","toID":"1309137","formEdgeID":null},{"edgeID":"1719367","fromID":"1309137","toID":"1309031","formEdgeID":null},{"edgeID":"1719368","fromID":"1309040","toID":"1309138","formEdgeID":null},{"edgeID":"1719369","fromID":"1309138","toID":"1309137","formEdgeID":null},{"edgeID":"1719370","fromID":"1309139","toID":"1309050","formEdgeID":null},{"edgeID":"1719371","fromID":"1309056","toID":"1309139","formEdgeID":null},{"edgeID":"1719372","fromID":"1309066","toID":"1309140","formEdgeID":null},{"edgeID":"1719373","fromID":"1309140","toID":"1309139","formEdgeID":null},{"edgeID":"1719374","fromID":"1309100","toID":"1309141","formEdgeID":null},{"edgeID":"1719375","fromID":"1309141","toID":"1309092","formEdgeID":null},{"edgeID":"1719376","fromID":"1309105","toID":"1309142","formEdgeID":null},{"edgeID":"1719377","fromID":"1309142","toID":"1309141","formEdgeID":null},{"edgeID":"1719378","fromID":"1309084","toID":"1309143","formEdgeID":null},{"edgeID":"1719379","fromID":"1309143","toID":"1309031","formEdgeID":null},{"edgeID":"1719380","fromID":"1309032","toID":"1309144","formEdgeID":null},{"edgeID":"1719381","fromID":"1309144","toID":"1309085","formEdgeID":null},{"edgeID":"1719382","fromID":"1309144","toID":"1309145","formEdgeID":null},{"edgeID":"1719383","fromID":"1309145","toID":"1309143","formEdgeID":null}],"locutions":[]}