{"nodes":[{"nodeID":"1309537","text":"AudienceMember 20220407QT19 would like to shift the topic a little bit and talk about old-fashioned integrity","type":"I","timestamp":"2023-11-09 13:08:49"},{"nodeID":"1309538","text":"AudienceMember 20220407QT19: I would like to shift the topic a little bit and talk about old-fashioned integrity","type":"L","timestamp":"2023-11-09 13:08:49"},{"nodeID":"1309539","text":"Analysing","type":"YA","timestamp":"2023-11-09 13:08:49"},{"nodeID":"1309540","text":"Joanna: AudienceMember 20220407QT19: I would like to shift the topic a little bit and talk about old-fashioned integrity","type":"L","timestamp":"2023-11-09 13:08:49"},{"nodeID":"1309541","text":"Asserting","type":"YA","timestamp":"2023-11-09 13:08:49"},{"nodeID":"1309542","text":"people in a position of leadership need to lead by example","type":"I","timestamp":"2023-11-09 13:08:50"},{"nodeID":"1309543","text":"AudienceMember 20220407QT19:  Don't people in a position of leadership need to lead by example","type":"L","timestamp":"2023-11-09 13:08:50"},{"nodeID":"1309544","text":"Analysing","type":"YA","timestamp":"2023-11-09 13:08:50"},{"nodeID":"1309545","text":"Joanna: AudienceMember 20220407QT19:  Don't people in a position of leadership need to lead by example","type":"L","timestamp":"2023-11-09 13:08:50"},{"nodeID":"1309546","text":"Assertive Questioning","type":"YA","timestamp":"2023-11-09 13:08:50"},{"nodeID":"1309547","text":"Default Transition","type":"TA","timestamp":"2023-11-09 13:08:50"},{"nodeID":"1309548","text":"Default Rephrase","type":"MA","timestamp":"2023-11-09 13:08:50"},{"nodeID":"1309549","text":"Restating","type":"YA","timestamp":"2023-11-09 13:08:50"},{"nodeID":"1309550","text":"being in a position of leadership is a matter of integrity and modelling behaviour","type":"I","timestamp":"2023-11-09 13:08:51"},{"nodeID":"1309551","text":"AudienceMember 20220407QT19:  It's a matter of integrity, I think, and modelling behaviour","type":"L","timestamp":"2023-11-09 13:08:51"},{"nodeID":"1309552","text":"Analysing","type":"YA","timestamp":"2023-11-09 13:08:51"},{"nodeID":"1309553","text":"Joanna: AudienceMember 20220407QT19:  It's a matter of integrity, I think, and modelling behaviour","type":"L","timestamp":"2023-11-09 13:08:51"},{"nodeID":"1309554","text":"Asserting","type":"YA","timestamp":"2023-11-09 13:08:51"},{"nodeID":"1309555","text":"Default Transition","type":"TA","timestamp":"2023-11-09 13:08:51"},{"nodeID":"1309556","text":"Default Rephrase","type":"MA","timestamp":"2023-11-09 13:08:51"},{"nodeID":"1309557","text":"Restating","type":"YA","timestamp":"2023-11-09 13:08:51"},{"nodeID":"1309558","text":"Akshata Murthy is obviously not in leadership, Akshata Murthy is just married to someone who is","type":"I","timestamp":"2023-11-09 13:08:51"},{"nodeID":"1309559","text":"Fiona Bruce: she's obviously not in leadership, she's just married to someone who is","type":"L","timestamp":"2023-11-09 13:08:51"},{"nodeID":"1309560","text":"Analysing","type":"YA","timestamp":"2023-11-09 13:08:51"},{"nodeID":"1309561","text":"Joanna: Fiona Bruce: she's obviously not in leadership, she's just married to someone who is","type":"L","timestamp":"2023-11-09 13:08:51"},{"nodeID":"1309562","text":"Asserting","type":"YA","timestamp":"2023-11-09 13:08:51"},{"nodeID":"1309563","text":"Default Transition","type":"TA","timestamp":"2023-11-09 13:08:51"},{"nodeID":"1309564","text":"Default Conflict","type":"CA","timestamp":"2023-11-09 13:08:51"},{"nodeID":"1309565","text":"Disagreeing","type":"YA","timestamp":"2023-11-09 13:08:51"},{"nodeID":"1309566","text":"AudienceMember 20220407QT20 fully appreciates that Akshata Murthy is obviously not in leadership, Akshata Murthy is just married to someone who is","type":"I","timestamp":"2023-11-09 13:08:52"},{"nodeID":"1309567","text":"AudienceMember 20220407QT20: I fully appreciate that","type":"L","timestamp":"2023-11-09 13:08:52"},{"nodeID":"1309568","text":"Analysing","type":"YA","timestamp":"2023-11-09 13:08:52"},{"nodeID":"1309569","text":"Joanna: AudienceMember 20220407QT20: I fully appreciate that","type":"L","timestamp":"2023-11-09 13:08:52"},{"nodeID":"1309570","text":"Asserting","type":"YA","timestamp":"2023-11-09 13:08:52"},{"nodeID":"1309571","text":"Default Transition","type":"TA","timestamp":"2023-11-09 13:08:52"},{"nodeID":"1309572","text":"it's a bit disingenuous, to say the least, to have somebody who holds public office not to model the behaviour that we would all like to see and not to hold the right standards of behaviour","type":"I","timestamp":"2023-11-09 13:08:52"},{"nodeID":"1309573","text":"AudienceMember 20220407QT20: it's a bit disingenuous, to say the least, to have somebody who holds public office not to model the behaviour that we would all like to see and not to hold the right standards of behaviour","type":"L","timestamp":"2023-11-09 13:08:52"},{"nodeID":"1309574","text":"Analysing","type":"YA","timestamp":"2023-11-09 13:08:52"},{"nodeID":"1309575","text":"Joanna: AudienceMember 20220407QT20: it's a bit disingenuous, to say the least, to have somebody who holds public office not to model the behaviour that we would all like to see and not to hold the right standards of behaviour","type":"L","timestamp":"2023-11-09 13:08:52"},{"nodeID":"1309576","text":"Asserting","type":"YA","timestamp":"2023-11-09 13:08:52"},{"nodeID":"1309577","text":"Default Transition","type":"TA","timestamp":"2023-11-09 13:08:52"},{"nodeID":"1309578","text":"Default Conflict","type":"CA","timestamp":"2023-11-09 13:08:52"},{"nodeID":"1309579","text":"Disagreeing","type":"YA","timestamp":"2023-11-09 13:08:52"},{"nodeID":"1309580","text":"Default Rephrase","type":"MA","timestamp":"2023-11-09 13:08:52"},{"nodeID":"1309581","text":"Default Transition","type":"TA","timestamp":"2023-11-09 13:08:52"},{"nodeID":"1309582","text":"Restating","type":"YA","timestamp":"2023-11-09 13:08:52"},{"nodeID":"1309583","text":"AudienceMember 20220407QT21's understanding is the non-dom status expires after 15 years anyway","type":"I","timestamp":"2023-11-09 13:08:53"},{"nodeID":"1309584","text":"AudienceMember 20220407QT21: My understanding is the non-dom status expires after 15 years anyway","type":"L","timestamp":"2023-11-09 13:08:53"},{"nodeID":"1309585","text":"Analysing","type":"YA","timestamp":"2023-11-09 13:08:53"},{"nodeID":"1309586","text":"Joanna: AudienceMember 20220407QT21: My understanding is the non-dom status expires after 15 years anyway","type":"L","timestamp":"2023-11-09 13:08:53"},{"nodeID":"1309587","text":"Asserting","type":"YA","timestamp":"2023-11-09 13:08:53"},{"nodeID":"1309588","text":"Default Transition","type":"TA","timestamp":"2023-11-09 13:08:53"},{"nodeID":"1309589","text":"we've got no transparency here about how long this issue with Akshata Murthy has been going on for","type":"I","timestamp":"2023-11-09 13:08:54"},{"nodeID":"1309590","text":"AudienceMember 20220407QT21: we've got no transparency here about how long this has been going on for","type":"L","timestamp":"2023-11-09 13:08:54"},{"nodeID":"1309591","text":"Analysing","type":"YA","timestamp":"2023-11-09 13:08:54"},{"nodeID":"1309592","text":"Joanna: AudienceMember 20220407QT21: we've got no transparency here about how long this has been going on for","type":"L","timestamp":"2023-11-09 13:08:54"},{"nodeID":"1309593","text":"Assertive Questioning","type":"YA","timestamp":"2023-11-09 13:08:54"},{"nodeID":"1309594","text":"Default Transition","type":"TA","timestamp":"2023-11-09 13:08:54"},{"nodeID":"1309595","text":"the issue with Akshata Murthy has been going on for eight years","type":"I","timestamp":"2023-11-09 13:08:54"},{"nodeID":"1309596","text":"Fiona Bruce: It's been going on for eight years","type":"L","timestamp":"2023-11-09 13:08:54"},{"nodeID":"1309597","text":"Analysing","type":"YA","timestamp":"2023-11-09 13:08:54"},{"nodeID":"1309598","text":"Joanna: Fiona Bruce: It's been going on for eight years","type":"L","timestamp":"2023-11-09 13:08:54"},{"nodeID":"1309599","text":"Asserting","type":"YA","timestamp":"2023-11-09 13:08:54"},{"nodeID":"1309600","text":"Default Transition","type":"TA","timestamp":"2023-11-09 13:08:54"},{"nodeID":"1309601","text":"Default Conflict","type":"CA","timestamp":"2023-11-09 13:08:54"},{"nodeID":"1309602","text":"Disagreeing","type":"YA","timestamp":"2023-11-09 13:08:54"},{"nodeID":"1309603","text":"this issue with Akshata Murthy has been going for eight years, so if she's got nothing to hide, it's going on for a significant period of time","type":"I","timestamp":"2023-11-09 13:08:55"},{"nodeID":"1309604","text":"AudienceMember 20220407QT22: Eight years, so if she's got nothing to hide, it's going on for a significant period of time, isn't it","type":"L","timestamp":"2023-11-09 13:08:55"},{"nodeID":"1309605","text":"Analysing","type":"YA","timestamp":"2023-11-09 13:08:55"},{"nodeID":"1309606","text":"Joanna: AudienceMember 20220407QT22: Eight years, so if she's got nothing to hide, it's going on for a significant period of time, isn't it","type":"L","timestamp":"2023-11-09 13:08:55"},{"nodeID":"1309607","text":"Assertive Questioning","type":"YA","timestamp":"2023-11-09 13:08:55"},{"nodeID":"1309608","text":"Default Transition","type":"TA","timestamp":"2023-11-09 13:08:55"},{"nodeID":"1309609","text":"Default Rephrase","type":"MA","timestamp":"2023-11-09 13:08:55"},{"nodeID":"1309610","text":"Restating","type":"YA","timestamp":"2023-11-09 13:08:55"},{"nodeID":"1309611","text":"surely in eight years, you know where you want to live permanently","type":"I","timestamp":"2023-11-09 13:08:56"},{"nodeID":"1309612","text":"AudienceMember 20220407QT22: Surely in eight years, you know where you want to live permanently","type":"L","timestamp":"2023-11-09 13:08:56"},{"nodeID":"1309613","text":"Analysing","type":"YA","timestamp":"2023-11-09 13:08:56"},{"nodeID":"1309614","text":"Joanna: AudienceMember 20220407QT22: Surely in eight years, you know where you want to live permanently","type":"L","timestamp":"2023-11-09 13:08:56"},{"nodeID":"1309615","text":"Asserting","type":"YA","timestamp":"2023-11-09 13:08:56"},{"nodeID":"1309616","text":"Default Transition","type":"TA","timestamp":"2023-11-09 13:08:56"},{"nodeID":"1309617","text":"Default Inference","type":"RA","timestamp":"2023-11-09 13:08:56"},{"nodeID":"1309618","text":"Arguing","type":"YA","timestamp":"2023-11-09 13:08:56"},{"nodeID":"1309619","text":"Agreeing","type":"YA","timestamp":"2023-11-09 13:08:56"}],"edges":[{"edgeID":"1719832","fromID":"1309539","toID":"1309538","formEdgeID":null},{"edgeID":"1719833","fromID":"1309540","toID":"1309539","formEdgeID":null},{"edgeID":"1719834","fromID":"1309538","toID":"1309541","formEdgeID":null},{"edgeID":"1719835","fromID":"1309541","toID":"1309537","formEdgeID":null},{"edgeID":"1719836","fromID":"1309544","toID":"1309543","formEdgeID":null},{"edgeID":"1719837","fromID":"1309545","toID":"1309544","formEdgeID":null},{"edgeID":"1719838","fromID":"1309543","toID":"1309546","formEdgeID":null},{"edgeID":"1719839","fromID":"1309546","toID":"1309542","formEdgeID":null},{"edgeID":"1719840","fromID":"1309538","toID":"1309547","formEdgeID":null},{"edgeID":"1719841","fromID":"1309547","toID":"1309543","formEdgeID":null},{"edgeID":"1719842","fromID":"1309542","toID":"1309548","formEdgeID":null},{"edgeID":"1719843","fromID":"1309548","toID":"1309537","formEdgeID":null},{"edgeID":"1719844","fromID":"1309547","toID":"1309549","formEdgeID":null},{"edgeID":"1719845","fromID":"1309549","toID":"1309548","formEdgeID":null},{"edgeID":"1719846","fromID":"1309552","toID":"1309551","formEdgeID":null},{"edgeID":"1719847","fromID":"1309553","toID":"1309552","formEdgeID":null},{"edgeID":"1719848","fromID":"1309551","toID":"1309554","formEdgeID":null},{"edgeID":"1719849","fromID":"1309554","toID":"1309550","formEdgeID":null},{"edgeID":"1719850","fromID":"1309543","toID":"1309555","formEdgeID":null},{"edgeID":"1719851","fromID":"1309555","toID":"1309551","formEdgeID":null},{"edgeID":"1719852","fromID":"1309550","toID":"1309556","formEdgeID":null},{"edgeID":"1719853","fromID":"1309556","toID":"1309542","formEdgeID":null},{"edgeID":"1719854","fromID":"1309555","toID":"1309557","formEdgeID":null},{"edgeID":"1719855","fromID":"1309557","toID":"1309556","formEdgeID":null},{"edgeID":"1719856","fromID":"1309560","toID":"1309559","formEdgeID":null},{"edgeID":"1719857","fromID":"1309561","toID":"1309560","formEdgeID":null},{"edgeID":"1719858","fromID":"1309559","toID":"1309562","formEdgeID":null},{"edgeID":"1719859","fromID":"1309562","toID":"1309558","formEdgeID":null},{"edgeID":"1719860","fromID":"1309551","toID":"1309563","formEdgeID":null},{"edgeID":"1719861","fromID":"1309563","toID":"1309559","formEdgeID":null},{"edgeID":"1719862","fromID":"1309558","toID":"1309564","formEdgeID":null},{"edgeID":"1719863","fromID":"1309564","toID":"1309550","formEdgeID":null},{"edgeID":"1719864","fromID":"1309563","toID":"1309565","formEdgeID":null},{"edgeID":"1719865","fromID":"1309565","toID":"1309564","formEdgeID":null},{"edgeID":"1719866","fromID":"1309568","toID":"1309567","formEdgeID":null},{"edgeID":"1719867","fromID":"1309569","toID":"1309568","formEdgeID":null},{"edgeID":"1719868","fromID":"1309567","toID":"1309570","formEdgeID":null},{"edgeID":"1719869","fromID":"1309570","toID":"1309566","formEdgeID":null},{"edgeID":"1719870","fromID":"1309559","toID":"1309571","formEdgeID":null},{"edgeID":"1719871","fromID":"1309571","toID":"1309567","formEdgeID":null},{"edgeID":"1719872","fromID":"1309574","toID":"1309573","formEdgeID":null},{"edgeID":"1719873","fromID":"1309575","toID":"1309574","formEdgeID":null},{"edgeID":"1719874","fromID":"1309573","toID":"1309576","formEdgeID":null},{"edgeID":"1719875","fromID":"1309576","toID":"1309572","formEdgeID":null},{"edgeID":"1719876","fromID":"1309567","toID":"1309577","formEdgeID":null},{"edgeID":"1719877","fromID":"1309577","toID":"1309573","formEdgeID":null},{"edgeID":"1719878","fromID":"1309572","toID":"1309578","formEdgeID":null},{"edgeID":"1719879","fromID":"1309578","toID":"1309566","formEdgeID":null},{"edgeID":"1719880","fromID":"1309577","toID":"1309579","formEdgeID":null},{"edgeID":"1719881","fromID":"1309579","toID":"1309578","formEdgeID":null},{"edgeID":"1719882","fromID":"1309572","toID":"1309580","formEdgeID":null},{"edgeID":"1719883","fromID":"1309580","toID":"1309550","formEdgeID":null},{"edgeID":"1719884","fromID":"1309551","toID":"1309581","formEdgeID":null},{"edgeID":"1719885","fromID":"1309581","toID":"1309573","formEdgeID":null},{"edgeID":"1719886","fromID":"1309581","toID":"1309582","formEdgeID":null},{"edgeID":"1719887","fromID":"1309582","toID":"1309580","formEdgeID":null},{"edgeID":"1719888","fromID":"1309585","toID":"1309584","formEdgeID":null},{"edgeID":"1719889","fromID":"1309586","toID":"1309585","formEdgeID":null},{"edgeID":"1719890","fromID":"1309584","toID":"1309587","formEdgeID":null},{"edgeID":"1719891","fromID":"1309587","toID":"1309583","formEdgeID":null},{"edgeID":"1719892","fromID":"1309573","toID":"1309588","formEdgeID":null},{"edgeID":"1719893","fromID":"1309588","toID":"1309584","formEdgeID":null},{"edgeID":"1719894","fromID":"1309591","toID":"1309590","formEdgeID":null},{"edgeID":"1719895","fromID":"1309592","toID":"1309591","formEdgeID":null},{"edgeID":"1719896","fromID":"1309590","toID":"1309593","formEdgeID":null},{"edgeID":"1719897","fromID":"1309593","toID":"1309589","formEdgeID":null},{"edgeID":"1719898","fromID":"1309584","toID":"1309594","formEdgeID":null},{"edgeID":"1719899","fromID":"1309594","toID":"1309590","formEdgeID":null},{"edgeID":"1719900","fromID":"1309597","toID":"1309596","formEdgeID":null},{"edgeID":"1719901","fromID":"1309598","toID":"1309597","formEdgeID":null},{"edgeID":"1719902","fromID":"1309596","toID":"1309599","formEdgeID":null},{"edgeID":"1719903","fromID":"1309599","toID":"1309595","formEdgeID":null},{"edgeID":"1719904","fromID":"1309590","toID":"1309600","formEdgeID":null},{"edgeID":"1719905","fromID":"1309600","toID":"1309596","formEdgeID":null},{"edgeID":"1719906","fromID":"1309595","toID":"1309601","formEdgeID":null},{"edgeID":"1719907","fromID":"1309601","toID":"1309589","formEdgeID":null},{"edgeID":"1719908","fromID":"1309600","toID":"1309602","formEdgeID":null},{"edgeID":"1719909","fromID":"1309602","toID":"1309601","formEdgeID":null},{"edgeID":"1719910","fromID":"1309605","toID":"1309604","formEdgeID":null},{"edgeID":"1719911","fromID":"1309606","toID":"1309605","formEdgeID":null},{"edgeID":"1719912","fromID":"1309604","toID":"1309607","formEdgeID":null},{"edgeID":"1719913","fromID":"1309607","toID":"1309603","formEdgeID":null},{"edgeID":"1719914","fromID":"1309596","toID":"1309608","formEdgeID":null},{"edgeID":"1719915","fromID":"1309608","toID":"1309604","formEdgeID":null},{"edgeID":"1719916","fromID":"1309603","toID":"1309609","formEdgeID":null},{"edgeID":"1719917","fromID":"1309609","toID":"1309595","formEdgeID":null},{"edgeID":"1719918","fromID":"1309608","toID":"1309610","formEdgeID":null},{"edgeID":"1719919","fromID":"1309610","toID":"1309609","formEdgeID":null},{"edgeID":"1719920","fromID":"1309613","toID":"1309612","formEdgeID":null},{"edgeID":"1719921","fromID":"1309614","toID":"1309613","formEdgeID":null},{"edgeID":"1719922","fromID":"1309612","toID":"1309615","formEdgeID":null},{"edgeID":"1719923","fromID":"1309615","toID":"1309611","formEdgeID":null},{"edgeID":"1719924","fromID":"1309604","toID":"1309616","formEdgeID":null},{"edgeID":"1719925","fromID":"1309616","toID":"1309612","formEdgeID":null},{"edgeID":"1719926","fromID":"1309611","toID":"1309617","formEdgeID":null},{"edgeID":"1719927","fromID":"1309617","toID":"1309603","formEdgeID":null},{"edgeID":"1719928","fromID":"1309616","toID":"1309618","formEdgeID":null},{"edgeID":"1719929","fromID":"1309618","toID":"1309617","formEdgeID":null},{"edgeID":"1719930","fromID":"1309571","toID":"1309619","formEdgeID":null},{"edgeID":"1719931","fromID":"1309619","toID":"1309558","formEdgeID":null}],"locutions":[]}