{"nodes":[{"nodeID":"1304155","text":"Labour would or would not have more onshore wind farms even if people did object","type":"I","timestamp":"2023-11-09 13:01:20"},{"nodeID":"1304156","text":"Fiona Bruce: Labour would have more onshore wind farms even if people did object","type":"L","timestamp":"2023-11-09 13:01:20"},{"nodeID":"1304157","text":"Analysing","type":"YA","timestamp":"2023-11-09 13:01:20"},{"nodeID":"1304158","text":"Fyfe: Fiona Bruce: Labour would have more onshore wind farms even if people did object","type":"L","timestamp":"2023-11-09 13:01:20"},{"nodeID":"1304159","text":"Pure Questioning","type":"YA","timestamp":"2023-11-09 13:01:20"},{"nodeID":"1304160","text":"people say that onshore wind farms are not popular","type":"I","timestamp":"2023-11-09 13:01:20"},{"nodeID":"1304161","text":"Emily Thornberry: people say that onshore wind farms are not popular","type":"L","timestamp":"2023-11-09 13:01:20"},{"nodeID":"1304162","text":"Analysing","type":"YA","timestamp":"2023-11-09 13:01:20"},{"nodeID":"1304163","text":"Fyfe: Emily Thornberry: people say that onshore wind farms are not popular","type":"L","timestamp":"2023-11-09 13:01:20"},{"nodeID":"1304164","text":"Asserting","type":"YA","timestamp":"2023-11-09 13:01:20"},{"nodeID":"1304165","text":"Default Transition","type":"TA","timestamp":"2023-11-09 13:01:20"},{"nodeID":"1304166","text":"the polling shows that 80 per cent of the population actually think that wind farms onshore are a good thing, showing that onshore wind farms are popular","type":"I","timestamp":"2023-11-09 13:01:21"},{"nodeID":"1304167","text":"Emily Thornberry: the polling shows that 80 per cent of the population actually think that wind farms onshore are a good thing","type":"L","timestamp":"2023-11-09 13:01:21"},{"nodeID":"1304168","text":"Analysing","type":"YA","timestamp":"2023-11-09 13:01:21"},{"nodeID":"1304169","text":"Fyfe: Emily Thornberry: the polling shows that 80 per cent of the population actually think that wind farms onshore are a good thing","type":"L","timestamp":"2023-11-09 13:01:21"},{"nodeID":"1304170","text":"Asserting","type":"YA","timestamp":"2023-11-09 13:01:21"},{"nodeID":"1304171","text":"Default Transition","type":"TA","timestamp":"2023-11-09 13:01:21"},{"nodeID":"1304172","text":"Default Conflict","type":"CA","timestamp":"2023-11-09 13:01:21"},{"nodeID":"1304173","text":"Disagreeing","type":"YA","timestamp":"2023-11-09 13:01:21"},{"nodeID":"1304174","text":"onshore wind farms are or are not popular with people even if they're right next to them","type":"I","timestamp":"2023-11-09 13:01:22"},{"nodeID":"1304175","text":"Fiona Bruce: Even if they're right next to them","type":"L","timestamp":"2023-11-09 13:01:22"},{"nodeID":"1304176","text":"Analysing","type":"YA","timestamp":"2023-11-09 13:01:22"},{"nodeID":"1304177","text":"Fyfe: Fiona Bruce: Even if they're right next to them","type":"L","timestamp":"2023-11-09 13:01:22"},{"nodeID":"1304178","text":"Pure Questioning","type":"YA","timestamp":"2023-11-09 13:01:22"},{"nodeID":"1304179","text":"Default Transition","type":"TA","timestamp":"2023-11-09 13:01:22"},{"nodeID":"1304180","text":"onshore wind farms are popular with people right next to them, and those that live near them approve of them more","type":"I","timestamp":"2023-11-09 13:01:22"},{"nodeID":"1304181","text":"Emily Thornberry: Yeah, and those that live near them actually seem to approve of them more","type":"L","timestamp":"2023-11-09 13:01:22"},{"nodeID":"1304182","text":"Analysing","type":"YA","timestamp":"2023-11-09 13:01:22"},{"nodeID":"1304183","text":"Fyfe: Emily Thornberry: Yeah, and those that live near them actually seem to approve of them more","type":"L","timestamp":"2023-11-09 13:01:22"},{"nodeID":"1304184","text":"Asserting","type":"YA","timestamp":"2023-11-09 13:01:22"},{"nodeID":"1304185","text":"Default Transition","type":"TA","timestamp":"2023-11-09 13:01:22"},{"nodeID":"1304186","text":"Default Rephrase","type":"MA","timestamp":"2023-11-09 13:01:22"},{"nodeID":"1304187","text":"Restating","type":"YA","timestamp":"2023-11-09 13:01:22"},{"nodeID":"1304188","text":"onshore wind farms being popular is what the polling says","type":"I","timestamp":"2023-11-09 13:01:23"},{"nodeID":"1304189","text":"Emily Thornberry:  that's what the polling says","type":"L","timestamp":"2023-11-09 13:01:23"},{"nodeID":"1304190","text":"Analysing","type":"YA","timestamp":"2023-11-09 13:01:23"},{"nodeID":"1304191","text":"Fyfe: Emily Thornberry:  that's what the polling says","type":"L","timestamp":"2023-11-09 13:01:23"},{"nodeID":"1304192","text":"Asserting","type":"YA","timestamp":"2023-11-09 13:01:23"},{"nodeID":"1304193","text":"Default Transition","type":"TA","timestamp":"2023-11-09 13:01:23"},{"nodeID":"1304194","text":"the silent majority are ignored far too often on the climate issue","type":"I","timestamp":"2023-11-09 13:01:23"},{"nodeID":"1304195","text":"Emily Thornberry: the silent majority are ignored far too often on this issue","type":"L","timestamp":"2023-11-09 13:01:23"},{"nodeID":"1304196","text":"Analysing","type":"YA","timestamp":"2023-11-09 13:01:23"},{"nodeID":"1304197","text":"Fyfe: Emily Thornberry: the silent majority are ignored far too often on this issue","type":"L","timestamp":"2023-11-09 13:01:23"},{"nodeID":"1304198","text":"Asserting","type":"YA","timestamp":"2023-11-09 13:01:23"},{"nodeID":"1304199","text":"Default Transition","type":"TA","timestamp":"2023-11-09 13:01:23"},{"nodeID":"1304200","text":"the silent majority want us to do something about climate change and make sure that we cut the bills down","type":"I","timestamp":"2023-11-09 13:01:24"},{"nodeID":"1304201","text":"Emily Thornberry: the majority want us to do something about climate change and make sure that we cut the bills down","type":"L","timestamp":"2023-11-09 13:01:24"},{"nodeID":"1304202","text":"Analysing","type":"YA","timestamp":"2023-11-09 13:01:24"},{"nodeID":"1304203","text":"Fyfe: Emily Thornberry: the majority want us to do something about climate change and make sure that we cut the bills down","type":"L","timestamp":"2023-11-09 13:01:24"},{"nodeID":"1304204","text":"Asserting","type":"YA","timestamp":"2023-11-09 13:01:24"},{"nodeID":"1304205","text":"Default Transition","type":"TA","timestamp":"2023-11-09 13:01:24"},{"nodeID":"1304206","text":"Default Rephrase","type":"MA","timestamp":"2023-11-09 13:01:24"},{"nodeID":"1304207","text":"Default Rephrase","type":"MA","timestamp":"2023-11-09 13:01:24"},{"nodeID":"1304208","text":"Restating","type":"YA","timestamp":"2023-11-09 13:01:24"},{"nodeID":"1304209","text":"Restating","type":"YA","timestamp":"2023-11-09 13:01:24"}],"edges":[{"edgeID":"1713527","fromID":"1304157","toID":"1304156","formEdgeID":null},{"edgeID":"1713528","fromID":"1304158","toID":"1304157","formEdgeID":null},{"edgeID":"1713529","fromID":"1304156","toID":"1304159","formEdgeID":null},{"edgeID":"1713530","fromID":"1304159","toID":"1304155","formEdgeID":null},{"edgeID":"1713531","fromID":"1304162","toID":"1304161","formEdgeID":null},{"edgeID":"1713532","fromID":"1304163","toID":"1304162","formEdgeID":null},{"edgeID":"1713533","fromID":"1304161","toID":"1304164","formEdgeID":null},{"edgeID":"1713534","fromID":"1304164","toID":"1304160","formEdgeID":null},{"edgeID":"1713535","fromID":"1304156","toID":"1304165","formEdgeID":null},{"edgeID":"1713536","fromID":"1304165","toID":"1304161","formEdgeID":null},{"edgeID":"1713537","fromID":"1304168","toID":"1304167","formEdgeID":null},{"edgeID":"1713538","fromID":"1304169","toID":"1304168","formEdgeID":null},{"edgeID":"1713539","fromID":"1304167","toID":"1304170","formEdgeID":null},{"edgeID":"1713540","fromID":"1304170","toID":"1304166","formEdgeID":null},{"edgeID":"1713541","fromID":"1304161","toID":"1304171","formEdgeID":null},{"edgeID":"1713542","fromID":"1304171","toID":"1304167","formEdgeID":null},{"edgeID":"1713543","fromID":"1304166","toID":"1304172","formEdgeID":null},{"edgeID":"1713544","fromID":"1304172","toID":"1304160","formEdgeID":null},{"edgeID":"1713545","fromID":"1304171","toID":"1304173","formEdgeID":null},{"edgeID":"1713546","fromID":"1304173","toID":"1304172","formEdgeID":null},{"edgeID":"1713547","fromID":"1304176","toID":"1304175","formEdgeID":null},{"edgeID":"1713548","fromID":"1304177","toID":"1304176","formEdgeID":null},{"edgeID":"1713549","fromID":"1304175","toID":"1304178","formEdgeID":null},{"edgeID":"1713550","fromID":"1304178","toID":"1304174","formEdgeID":null},{"edgeID":"1713551","fromID":"1304167","toID":"1304179","formEdgeID":null},{"edgeID":"1713552","fromID":"1304179","toID":"1304175","formEdgeID":null},{"edgeID":"1713553","fromID":"1304182","toID":"1304181","formEdgeID":null},{"edgeID":"1713554","fromID":"1304183","toID":"1304182","formEdgeID":null},{"edgeID":"1713555","fromID":"1304181","toID":"1304184","formEdgeID":null},{"edgeID":"1713556","fromID":"1304184","toID":"1304180","formEdgeID":null},{"edgeID":"1713557","fromID":"1304175","toID":"1304185","formEdgeID":null},{"edgeID":"1713558","fromID":"1304185","toID":"1304181","formEdgeID":null},{"edgeID":"1713559","fromID":"1304180","toID":"1304186","formEdgeID":null},{"edgeID":"1713560","fromID":"1304186","toID":"1304174","formEdgeID":null},{"edgeID":"1713561","fromID":"1304185","toID":"1304187","formEdgeID":null},{"edgeID":"1713562","fromID":"1304187","toID":"1304186","formEdgeID":null},{"edgeID":"1713563","fromID":"1304190","toID":"1304189","formEdgeID":null},{"edgeID":"1713564","fromID":"1304191","toID":"1304190","formEdgeID":null},{"edgeID":"1713565","fromID":"1304189","toID":"1304192","formEdgeID":null},{"edgeID":"1713566","fromID":"1304192","toID":"1304188","formEdgeID":null},{"edgeID":"1713567","fromID":"1304181","toID":"1304193","formEdgeID":null},{"edgeID":"1713568","fromID":"1304193","toID":"1304189","formEdgeID":null},{"edgeID":"1713569","fromID":"1304196","toID":"1304195","formEdgeID":null},{"edgeID":"1713570","fromID":"1304197","toID":"1304196","formEdgeID":null},{"edgeID":"1713571","fromID":"1304195","toID":"1304198","formEdgeID":null},{"edgeID":"1713572","fromID":"1304198","toID":"1304194","formEdgeID":null},{"edgeID":"1713573","fromID":"1304189","toID":"1304199","formEdgeID":null},{"edgeID":"1713574","fromID":"1304199","toID":"1304195","formEdgeID":null},{"edgeID":"1713575","fromID":"1304202","toID":"1304201","formEdgeID":null},{"edgeID":"1713576","fromID":"1304203","toID":"1304202","formEdgeID":null},{"edgeID":"1713577","fromID":"1304201","toID":"1304204","formEdgeID":null},{"edgeID":"1713578","fromID":"1304204","toID":"1304200","formEdgeID":null},{"edgeID":"1713579","fromID":"1304195","toID":"1304205","formEdgeID":null},{"edgeID":"1713580","fromID":"1304205","toID":"1304201","formEdgeID":null},{"edgeID":"1713581","fromID":"1304200","toID":"1304206","formEdgeID":null},{"edgeID":"1713582","fromID":"1304206","toID":"1304194","formEdgeID":null},{"edgeID":"1713583","fromID":"1304188","toID":"1304207","formEdgeID":null},{"edgeID":"1713584","fromID":"1304207","toID":"1304180","formEdgeID":null},{"edgeID":"1713585","fromID":"1304193","toID":"1304208","formEdgeID":null},{"edgeID":"1713586","fromID":"1304208","toID":"1304207","formEdgeID":null},{"edgeID":"1713587","fromID":"1304205","toID":"1304209","formEdgeID":null},{"edgeID":"1713588","fromID":"1304209","toID":"1304206","formEdgeID":null}],"locutions":[]}