{"nodes":[{"nodeID":"1304415","text":"it was quite bold, what Emily said about we need to go ahead with wind energy","type":"I","timestamp":"2023-11-09 13:01:41"},{"nodeID":"1304416","text":"Greg Hands: it was quite bold, what Emily said about we need to go ahead with wind energy","type":"L","timestamp":"2023-11-09 13:01:41"},{"nodeID":"1304417","text":"Analysing","type":"YA","timestamp":"2023-11-09 13:01:41"},{"nodeID":"1304418","text":"Rebecca: Greg Hands: it was quite bold, what Emily said about we need to go ahead with wind energy","type":"L","timestamp":"2023-11-09 13:01:41"},{"nodeID":"1304419","text":"Asserting","type":"YA","timestamp":"2023-11-09 13:01:41"},{"nodeID":"1304420","text":"introducing more wind energy is going to require courage and maturity from politicians of all sides","type":"I","timestamp":"2023-11-09 13:01:42"},{"nodeID":"1304421","text":"Greg Hands: that is going to require courage and maturity from politicians of all sides","type":"L","timestamp":"2023-11-09 13:01:42"},{"nodeID":"1304422","text":"Analysing","type":"YA","timestamp":"2023-11-09 13:01:42"},{"nodeID":"1304423","text":"Rebecca: Greg Hands: that is going to require courage and maturity from politicians of all sides","type":"L","timestamp":"2023-11-09 13:01:42"},{"nodeID":"1304424","text":"Asserting","type":"YA","timestamp":"2023-11-09 13:01:42"},{"nodeID":"1304425","text":"we need wind energy and people shouldn't be able to object","type":"I","timestamp":"2023-11-09 13:01:43"},{"nodeID":"1304426","text":"Greg Hands:  it's great Emily saying today, well, we need this and people shouldn't be able to object","type":"L","timestamp":"2023-11-09 13:01:43"},{"nodeID":"1304427","text":"Analysing","type":"YA","timestamp":"2023-11-09 13:01:43"},{"nodeID":"1304428","text":"Rebecca: Greg Hands:  it's great Emily saying today, well, we need this and people shouldn't be able to object","type":"L","timestamp":"2023-11-09 13:01:43"},{"nodeID":"1304429","text":"when the Labour Party sees the polling in certain constituency showing that wind energy could be an issue that could win them the seat","type":"I","timestamp":"2023-11-09 13:01:43"},{"nodeID":"1304430","text":"Greg Hands: when the Labour Party sees the polling in certain constituency showing this could be an issue that could win them the seat","type":"L","timestamp":"2023-11-09 13:01:43"},{"nodeID":"1304431","text":"Analysing","type":"YA","timestamp":"2023-11-09 13:01:43"},{"nodeID":"1304432","text":"Rebecca: Greg Hands: when the Labour Party sees the polling in certain constituency showing this could be an issue that could win them the seat","type":"L","timestamp":"2023-11-09 13:01:43"},{"nodeID":"1304433","text":"Asserting","type":"YA","timestamp":"2023-11-09 13:01:43"},{"nodeID":"1304434","text":"it will be very interesting to see if the Labour Party sticks to the commitment of installing more wind energy","type":"I","timestamp":"2023-11-09 13:01:44"},{"nodeID":"1304435","text":"Greg Hands: it will be very interesting to see if the Labour Party sticks to that commitment","type":"L","timestamp":"2023-11-09 13:01:44"},{"nodeID":"1304436","text":"Analysing","type":"YA","timestamp":"2023-11-09 13:01:44"},{"nodeID":"1304437","text":"Rebecca: Greg Hands: it will be very interesting to see if the Labour Party sticks to that commitment","type":"L","timestamp":"2023-11-09 13:01:44"},{"nodeID":"1304438","text":"Asserting","type":"YA","timestamp":"2023-11-09 13:01:44"},{"nodeID":"1304439","text":"we are going to have to actually implement something that resembles a strategy and not what seems to be, to use that phrase, a sort of a whack a mole approach to what is perceived to be a current crisis","type":"I","timestamp":"2023-11-09 13:01:44"},{"nodeID":"1304440","text":"Greg Hands: we are going to have to actually implement, as I say, something that resembles a strategy and not what seems to be, to use that phrase, a sort of a whack a mole approach to what is perceived to be a current crisis","type":"L","timestamp":"2023-11-09 13:01:44"},{"nodeID":"1304441","text":"Analysing","type":"YA","timestamp":"2023-11-09 13:01:44"},{"nodeID":"1304442","text":"Rebecca: Greg Hands: we are going to have to actually implement, as I say, something that resembles a strategy and not what seems to be, to use that phrase, a sort of a whack a mole approach to what is perceived to be a current crisis","type":"L","timestamp":"2023-11-09 13:01:44"},{"nodeID":"1304443","text":"Asserting","type":"YA","timestamp":"2023-11-09 13:01:44"},{"nodeID":"1304444","text":"Default Transition","type":"TA","timestamp":"2023-11-09 13:01:44"},{"nodeID":"1304445","text":"Default Inference","type":"RA","timestamp":"2023-11-09 13:01:44"},{"nodeID":"1304446","text":"Arguing","type":"YA","timestamp":"2023-11-09 13:01:44"},{"nodeID":"1304447","text":"Emily Thornberry: we need this and people shouldn't be able to object","type":"L","timestamp":"2023-11-09 13:01:44"},{"nodeID":"1304448","text":"Analysing","type":"YA","timestamp":"2023-11-09 13:01:44"},{"nodeID":"1304449","text":"Rebecca: Emily Thornberry:  it's great Emily saying today, well, we need this and people shouldn't be able to object","type":"L","timestamp":"2023-11-09 13:01:44"},{"nodeID":"1304450","text":"Asserting","type":"YA","timestamp":"2023-11-09 13:01:44"},{"nodeID":"1304451","text":"Asserting","type":"YA","timestamp":"2023-11-09 13:01:44"},{"nodeID":"1304452","text":"Default Transition","type":"TA","timestamp":"2023-11-09 13:01:44"},{"nodeID":"1304453","text":"Default Transition","type":"TA","timestamp":"2023-11-09 13:01:44"},{"nodeID":"1304454","text":"Default Transition","type":"TA","timestamp":"2023-11-09 13:01:44"},{"nodeID":"1304455","text":"Default Inference","type":"RA","timestamp":"2023-11-09 13:01:44"},{"nodeID":"1304456","text":"Arguing","type":"YA","timestamp":"2023-11-09 13:01:44"},{"nodeID":"1304457","text":"Default Transition","type":"TA","timestamp":"2023-11-09 13:01:44"},{"nodeID":"1304458","text":"we have run out of time","type":"I","timestamp":"2023-11-09 13:01:45"},{"nodeID":"1304459","text":"June Sharp: we have run out of time","type":"L","timestamp":"2023-11-09 13:01:45"},{"nodeID":"1304460","text":"Analysing","type":"YA","timestamp":"2023-11-09 13:01:45"},{"nodeID":"1304461","text":"Rebecca: June Sharp: we have run out of time","type":"L","timestamp":"2023-11-09 13:01:45"},{"nodeID":"1304462","text":"Asserting","type":"YA","timestamp":"2023-11-09 13:01:45"},{"nodeID":"1304463","text":"we need to be decarbonising our housing stock now","type":"I","timestamp":"2023-11-09 13:01:46"},{"nodeID":"1304464","text":"June Sharp: We need to be decarbonising our housing stock now","type":"L","timestamp":"2023-11-09 13:01:46"},{"nodeID":"1304465","text":"Analysing","type":"YA","timestamp":"2023-11-09 13:01:46"},{"nodeID":"1304466","text":"Rebecca: June Sharp: We need to be decarbonising our housing stock now","type":"L","timestamp":"2023-11-09 13:01:46"},{"nodeID":"1304467","text":"Asserting","type":"YA","timestamp":"2023-11-09 13:01:46"},{"nodeID":"1304468","text":"we would be reducing energy bills for people that desperately need not to have to make those choices, whether to have heating or whether to have hot food","type":"I","timestamp":"2023-11-09 13:01:46"},{"nodeID":"1304469","text":"June Sharp: we would be reducing energy bills for people that desperately need not to have to make those choices, whether to have heating or whether to have hot food","type":"L","timestamp":"2023-11-09 13:01:46"},{"nodeID":"1304470","text":"Analysing","type":"YA","timestamp":"2023-11-09 13:01:46"},{"nodeID":"1304471","text":"Rebecca: June Sharp: we would be reducing energy bills for people that desperately need not to have to make those choices, whether to have heating or whether to have hot food","type":"L","timestamp":"2023-11-09 13:01:46"},{"nodeID":"1304472","text":"Asserting","type":"YA","timestamp":"2023-11-09 13:01:46"},{"nodeID":"1304473","text":"Default Inference","type":"RA","timestamp":"2023-11-09 13:01:46"},{"nodeID":"1304474","text":"Default Transition","type":"TA","timestamp":"2023-11-09 13:01:46"},{"nodeID":"1304475","text":"Arguing","type":"YA","timestamp":"2023-11-09 13:01:46"},{"nodeID":"1304476","text":"Default Transition","type":"TA","timestamp":"2023-11-09 13:01:46"},{"nodeID":"1304477","text":"Default Inference","type":"RA","timestamp":"2023-11-09 13:01:46"},{"nodeID":"1304478","text":"Default Transition","type":"TA","timestamp":"2023-11-09 13:01:46"},{"nodeID":"1304479","text":"Arguing","type":"YA","timestamp":"2023-11-09 13:01:46"}],"edges":[{"edgeID":"1713834","fromID":"1304417","toID":"1304416","formEdgeID":null},{"edgeID":"1713835","fromID":"1304418","toID":"1304417","formEdgeID":null},{"edgeID":"1713836","fromID":"1304416","toID":"1304419","formEdgeID":null},{"edgeID":"1713837","fromID":"1304419","toID":"1304415","formEdgeID":null},{"edgeID":"1713838","fromID":"1304422","toID":"1304421","formEdgeID":null},{"edgeID":"1713839","fromID":"1304423","toID":"1304422","formEdgeID":null},{"edgeID":"1713840","fromID":"1304421","toID":"1304424","formEdgeID":null},{"edgeID":"1713841","fromID":"1304424","toID":"1304420","formEdgeID":null},{"edgeID":"1713842","fromID":"1304427","toID":"1304426","formEdgeID":null},{"edgeID":"1713843","fromID":"1304428","toID":"1304427","formEdgeID":null},{"edgeID":"1713844","fromID":"1304431","toID":"1304430","formEdgeID":null},{"edgeID":"1713845","fromID":"1304432","toID":"1304431","formEdgeID":null},{"edgeID":"1713846","fromID":"1304430","toID":"1304433","formEdgeID":null},{"edgeID":"1713847","fromID":"1304433","toID":"1304429","formEdgeID":null},{"edgeID":"1713848","fromID":"1304436","toID":"1304435","formEdgeID":null},{"edgeID":"1713849","fromID":"1304437","toID":"1304436","formEdgeID":null},{"edgeID":"1713850","fromID":"1304435","toID":"1304438","formEdgeID":null},{"edgeID":"1713851","fromID":"1304438","toID":"1304434","formEdgeID":null},{"edgeID":"1713852","fromID":"1304441","toID":"1304440","formEdgeID":null},{"edgeID":"1713853","fromID":"1304442","toID":"1304441","formEdgeID":null},{"edgeID":"1713854","fromID":"1304440","toID":"1304443","formEdgeID":null},{"edgeID":"1713855","fromID":"1304443","toID":"1304439","formEdgeID":null},{"edgeID":"1713856","fromID":"1304416","toID":"1304444","formEdgeID":null},{"edgeID":"1713857","fromID":"1304444","toID":"1304421","formEdgeID":null},{"edgeID":"1713858","fromID":"1304420","toID":"1304445","formEdgeID":null},{"edgeID":"1713859","fromID":"1304445","toID":"1304415","formEdgeID":null},{"edgeID":"1713860","fromID":"1304444","toID":"1304446","formEdgeID":null},{"edgeID":"1713861","fromID":"1304446","toID":"1304445","formEdgeID":null},{"edgeID":"1713862","fromID":"1304448","toID":"1304447","formEdgeID":null},{"edgeID":"1713863","fromID":"1304449","toID":"1304448","formEdgeID":null},{"edgeID":"1713864","fromID":"1304447","toID":"1304450","formEdgeID":null},{"edgeID":"1713865","fromID":"1304450","toID":"1304425","formEdgeID":null},{"edgeID":"1713866","fromID":"1304426","toID":"1304451","formEdgeID":null},{"edgeID":"1713867","fromID":"1304451","toID":"1304447","formEdgeID":null},{"edgeID":"1713868","fromID":"1304421","toID":"1304452","formEdgeID":null},{"edgeID":"1713869","fromID":"1304452","toID":"1304426","formEdgeID":null},{"edgeID":"1713870","fromID":"1304426","toID":"1304453","formEdgeID":null},{"edgeID":"1713871","fromID":"1304453","toID":"1304430","formEdgeID":null},{"edgeID":"1713872","fromID":"1304430","toID":"1304454","formEdgeID":null},{"edgeID":"1713873","fromID":"1304454","toID":"1304435","formEdgeID":null},{"edgeID":"1713874","fromID":"1304429","toID":"1304455","formEdgeID":null},{"edgeID":"1713875","fromID":"1304455","toID":"1304434","formEdgeID":null},{"edgeID":"1713876","fromID":"1304454","toID":"1304456","formEdgeID":null},{"edgeID":"1713877","fromID":"1304456","toID":"1304455","formEdgeID":null},{"edgeID":"1713878","fromID":"1304435","toID":"1304457","formEdgeID":null},{"edgeID":"1713879","fromID":"1304457","toID":"1304440","formEdgeID":null},{"edgeID":"1713880","fromID":"1304460","toID":"1304459","formEdgeID":null},{"edgeID":"1713881","fromID":"1304461","toID":"1304460","formEdgeID":null},{"edgeID":"1713882","fromID":"1304459","toID":"1304462","formEdgeID":null},{"edgeID":"1713883","fromID":"1304462","toID":"1304458","formEdgeID":null},{"edgeID":"1713884","fromID":"1304465","toID":"1304464","formEdgeID":null},{"edgeID":"1713885","fromID":"1304466","toID":"1304465","formEdgeID":null},{"edgeID":"1713886","fromID":"1304464","toID":"1304467","formEdgeID":null},{"edgeID":"1713887","fromID":"1304467","toID":"1304463","formEdgeID":null},{"edgeID":"1713888","fromID":"1304470","toID":"1304469","formEdgeID":null},{"edgeID":"1713889","fromID":"1304471","toID":"1304470","formEdgeID":null},{"edgeID":"1713890","fromID":"1304469","toID":"1304472","formEdgeID":null},{"edgeID":"1713891","fromID":"1304472","toID":"1304468","formEdgeID":null},{"edgeID":"1713892","fromID":"1304468","toID":"1304473","formEdgeID":null},{"edgeID":"1713893","fromID":"1304473","toID":"1304463","formEdgeID":null},{"edgeID":"1713894","fromID":"1304464","toID":"1304474","formEdgeID":null},{"edgeID":"1713895","fromID":"1304474","toID":"1304469","formEdgeID":null},{"edgeID":"1713896","fromID":"1304474","toID":"1304475","formEdgeID":null},{"edgeID":"1713897","fromID":"1304475","toID":"1304473","formEdgeID":null},{"edgeID":"1713898","fromID":"1304440","toID":"1304476","formEdgeID":null},{"edgeID":"1713899","fromID":"1304476","toID":"1304459","formEdgeID":null},{"edgeID":"1713900","fromID":"1304458","toID":"1304477","formEdgeID":null},{"edgeID":"1713901","fromID":"1304477","toID":"1304463","formEdgeID":null},{"edgeID":"1713902","fromID":"1304459","toID":"1304478","formEdgeID":null},{"edgeID":"1713903","fromID":"1304478","toID":"1304464","formEdgeID":null},{"edgeID":"1713904","fromID":"1304478","toID":"1304479","formEdgeID":null},{"edgeID":"1713905","fromID":"1304479","toID":"1304477","formEdgeID":null}],"locutions":[]}