{"nodes":[{"nodeID":"1304617","text":"Greg Hands: I would agree to an extent with what Emily said","type":"L","timestamp":"2023-11-09 13:01:57"},{"nodeID":"1304618","text":"Analysing","type":"YA","timestamp":"2023-11-09 13:01:57"},{"nodeID":"1304619","text":"Nicole: Greg Hands: I would agree to an extent with what Emily said","type":"L","timestamp":"2023-11-09 13:01:57"},{"nodeID":"1304620","text":"the first thing that we have to do is we have to be honest","type":"I","timestamp":"2023-11-09 13:01:58"},{"nodeID":"1304621","text":"Greg Hands: the first thing that we have to do is we have to be honest","type":"L","timestamp":"2023-11-09 13:01:58"},{"nodeID":"1304622","text":"Analysing","type":"YA","timestamp":"2023-11-09 13:01:58"},{"nodeID":"1304623","text":"Nicole: Greg Hands: the first thing that we have to do is we have to be honest","type":"L","timestamp":"2023-11-09 13:01:58"},{"nodeID":"1304624","text":"Asserting","type":"YA","timestamp":"2023-11-09 13:01:58"},{"nodeID":"1304625","text":"Default Transition","type":"TA","timestamp":"2023-11-09 13:01:58"},{"nodeID":"1304626","text":"we have to stop describing what we've seen today as an energy strategy","type":"I","timestamp":"2023-11-09 13:01:59"},{"nodeID":"1304627","text":"Greg Hands: we have to stop describing what we've seen today as an energy strategy","type":"L","timestamp":"2023-11-09 13:01:59"},{"nodeID":"1304628","text":"Analysing","type":"YA","timestamp":"2023-11-09 13:01:59"},{"nodeID":"1304629","text":"Nicole: Greg Hands: we have to stop describing what we've seen today as an energy strategy","type":"L","timestamp":"2023-11-09 13:01:59"},{"nodeID":"1304630","text":"Asserting","type":"YA","timestamp":"2023-11-09 13:01:59"},{"nodeID":"1304631","text":"Default Transition","type":"TA","timestamp":"2023-11-09 13:01:59"},{"nodeID":"1304632","text":"Default Rephrase","type":"MA","timestamp":"2023-11-09 13:01:59"},{"nodeID":"1304633","text":"Restating","type":"YA","timestamp":"2023-11-09 13:01:59"},{"nodeID":"1304634","text":"it's effectively a panic measure in response to what is perceived to be a cost of living crisis","type":"I","timestamp":"2023-11-09 13:01:59"},{"nodeID":"1304635","text":"Greg Hands: It's effectively a panic measure in response to what is perceived to be a cost of living crisis","type":"L","timestamp":"2023-11-09 13:01:59"},{"nodeID":"1304636","text":"Analysing","type":"YA","timestamp":"2023-11-09 13:01:59"},{"nodeID":"1304637","text":"Nicole: Greg Hands: It's effectively a panic measure in response to what is perceived to be a cost of living crisis","type":"L","timestamp":"2023-11-09 13:01:59"},{"nodeID":"1304638","text":"Asserting","type":"YA","timestamp":"2023-11-09 13:01:59"},{"nodeID":"1304639","text":"Default Transition","type":"TA","timestamp":"2023-11-09 13:01:59"},{"nodeID":"1304640","text":"Default Inference","type":"RA","timestamp":"2023-11-09 13:01:59"},{"nodeID":"1304641","text":"it's effectively a panic measure in response, to another extent, Putin's invasion of the Ukraine","type":"I","timestamp":"2023-11-09 13:02:00"},{"nodeID":"1304642","text":"Greg Hands: to another extent, Putin's invasion of the Ukraine","type":"L","timestamp":"2023-11-09 13:02:00"},{"nodeID":"1304643","text":"Analysing","type":"YA","timestamp":"2023-11-09 13:02:00"},{"nodeID":"1304644","text":"Nicole: Greg Hands: to another extent, Putin's invasion of the Ukraine","type":"L","timestamp":"2023-11-09 13:02:00"},{"nodeID":"1304645","text":"Asserting","type":"YA","timestamp":"2023-11-09 13:02:00"},{"nodeID":"1304646","text":"the person who let the cat out of the bag was Kwasi Kwarteng","type":"I","timestamp":"2023-11-09 13:02:01"},{"nodeID":"1304647","text":"Greg Hands: the person who let the cat out of the bag was Kwasi Kwarteng","type":"L","timestamp":"2023-11-09 13:02:01"},{"nodeID":"1304648","text":"Analysing","type":"YA","timestamp":"2023-11-09 13:02:01"},{"nodeID":"1304649","text":"Nicole: Greg Hands: the person who let the cat out of the bag was Kwasi Kwarteng","type":"L","timestamp":"2023-11-09 13:02:01"},{"nodeID":"1304650","text":"Asserting","type":"YA","timestamp":"2023-11-09 13:02:01"},{"nodeID":"1304651","text":"Default Transition","type":"TA","timestamp":"2023-11-09 13:02:01"},{"nodeID":"1304652","text":"people will see the benefits of this very, very quickly","type":"I","timestamp":"2023-11-09 13:02:01"},{"nodeID":"1304653","text":"Greg Hands: insisted people will see the benefits of this very, very quickly","type":"L","timestamp":"2023-11-09 13:02:01"},{"nodeID":"1304654","text":"Analysing","type":"YA","timestamp":"2023-11-09 13:02:01"},{"nodeID":"1304655","text":"Nicole: Greg Hands: insisted people will see the benefits of this very, very quickly","type":"L","timestamp":"2023-11-09 13:02:01"},{"nodeID":"1304656","text":"Default Transition","type":"TA","timestamp":"2023-11-09 13:02:01"},{"nodeID":"1304657","text":"Kwasi Kwarteng: people will see the benefits of this very, very quickly","type":"L","timestamp":"2023-11-09 13:02:01"},{"nodeID":"1304658","text":"Analysing","type":"YA","timestamp":"2023-11-09 13:02:01"},{"nodeID":"1304659","text":"Nicole: Kwasi Kwarteng: people will see the benefits of this very, very quickly","type":"L","timestamp":"2023-11-09 13:02:01"},{"nodeID":"1304660","text":"Asserting","type":"YA","timestamp":"2023-11-09 13:02:01"},{"nodeID":"1304661","text":"Asserting","type":"YA","timestamp":"2023-11-09 13:02:01"},{"nodeID":"1304662","text":"Kwasi Kwarteng means xxx by very, very quickly","type":"I","timestamp":"2023-11-09 13:02:02"},{"nodeID":"1304663","text":"Greg Hands: Was then asked what very, very quickly meant","type":"L","timestamp":"2023-11-09 13:02:02"},{"nodeID":"1304664","text":"Analysing","type":"YA","timestamp":"2023-11-09 13:02:02"},{"nodeID":"1304665","text":"Nicole: Greg Hands: Was then asked what very, very quickly meant","type":"L","timestamp":"2023-11-09 13:02:02"},{"nodeID":"1304666","text":"Pure Questioning","type":"YA","timestamp":"2023-11-09 13:02:02"},{"nodeID":"1304667","text":"Default Transition","type":"TA","timestamp":"2023-11-09 13:02:02"},{"nodeID":"1304668","text":"within three or four years","type":"I","timestamp":"2023-11-09 13:02:02"},{"nodeID":"1304669","text":"Greg Hands: he said within three or four years","type":"L","timestamp":"2023-11-09 13:02:02"},{"nodeID":"1304670","text":"Analysing","type":"YA","timestamp":"2023-11-09 13:02:02"},{"nodeID":"1304671","text":"Nicole: Greg Hands: he said within three or four years","type":"L","timestamp":"2023-11-09 13:02:02"},{"nodeID":"1304672","text":"Default Transition","type":"TA","timestamp":"2023-11-09 13:02:02"},{"nodeID":"1304673","text":"Kwasi Kwarteng: within three or four years","type":"L","timestamp":"2023-11-09 13:02:02"},{"nodeID":"1304674","text":"Analysing","type":"YA","timestamp":"2023-11-09 13:02:02"},{"nodeID":"1304675","text":"Nicole: Kwasi Kwarteng: within three or four years","type":"L","timestamp":"2023-11-09 13:02:02"},{"nodeID":"1304676","text":"Asserting","type":"YA","timestamp":"2023-11-09 13:02:02"},{"nodeID":"1304677","text":"Asserting","type":"YA","timestamp":"2023-11-09 13:02:02"},{"nodeID":"1304678","text":"Default Rephrase","type":"MA","timestamp":"2023-11-09 13:02:02"},{"nodeID":"1304679","text":"Default Illocuting","type":"YA","timestamp":"2023-11-09 13:02:02"},{"nodeID":"1304680","text":"Greg Hands is not sure that within three or four years is what most people's idea of quickly is","type":"I","timestamp":"2023-11-09 13:02:03"},{"nodeID":"1304681","text":"Greg Hands: I'm not sure that's what most people's idea of quickly is","type":"L","timestamp":"2023-11-09 13:02:03"},{"nodeID":"1304682","text":"Analysing","type":"YA","timestamp":"2023-11-09 13:02:03"},{"nodeID":"1304683","text":"Nicole: Greg Hands: I'm not sure that's what most people's idea of quickly is","type":"L","timestamp":"2023-11-09 13:02:03"},{"nodeID":"1304684","text":"Asserting","type":"YA","timestamp":"2023-11-09 13:02:03"},{"nodeID":"1304685","text":"Default Transition","type":"TA","timestamp":"2023-11-09 13:02:03"},{"nodeID":"1304686","text":"Default Conflict","type":"CA","timestamp":"2023-11-09 13:02:03"},{"nodeID":"1304687","text":"Disagreeing","type":"YA","timestamp":"2023-11-09 13:02:03"},{"nodeID":"1304688","text":"partly the problem is that this debate has been wrapped up in political ideology","type":"I","timestamp":"2023-11-09 13:02:04"},{"nodeID":"1304689","text":"Greg Hands: partly the problem is that this debate has been wrapped up in political ideology","type":"L","timestamp":"2023-11-09 13:02:04"},{"nodeID":"1304690","text":"Analysing","type":"YA","timestamp":"2023-11-09 13:02:04"},{"nodeID":"1304691","text":"Nicole: Greg Hands: partly the problem is that this debate has been wrapped up in political ideology","type":"L","timestamp":"2023-11-09 13:02:04"},{"nodeID":"1304692","text":"Asserting","type":"YA","timestamp":"2023-11-09 13:02:04"},{"nodeID":"1304693","text":"Default Transition","type":"TA","timestamp":"2023-11-09 13:02:04"},{"nodeID":"1304694","text":"certainly, just within Greg Hands's lifetime, we've had a situation where we had to move away from the dependency on oil","type":"I","timestamp":"2023-11-09 13:02:04"},{"nodeID":"1304695","text":"Greg Hands: certainly, just within my lifetime, we've had a situation where we had to move away from the dependency on oil","type":"L","timestamp":"2023-11-09 13:02:04"},{"nodeID":"1304696","text":"Analysing","type":"YA","timestamp":"2023-11-09 13:02:04"},{"nodeID":"1304697","text":"Nicole: Greg Hands: certainly, just within my lifetime, we've had a situation where we had to move away from the dependency on oil","type":"L","timestamp":"2023-11-09 13:02:04"},{"nodeID":"1304698","text":"Asserting","type":"YA","timestamp":"2023-11-09 13:02:04"},{"nodeID":"1304699","text":"Default Transition","type":"TA","timestamp":"2023-11-09 13:02:04"},{"nodeID":"1304700","text":"we're about to get a North Sea oil renaissance as a result of this strategy","type":"I","timestamp":"2023-11-09 13:02:05"},{"nodeID":"1304701","text":"Greg Hands: the Prime Minister has said we're about to get a North Sea oil renaissance as a result of this strategy","type":"L","timestamp":"2023-11-09 13:02:05"},{"nodeID":"1304702","text":"Analysing","type":"YA","timestamp":"2023-11-09 13:02:05"},{"nodeID":"1304703","text":"Nicole: Greg Hands: the Prime Minister has said we're about to get a North Sea oil renaissance as a result of this strategy","type":"L","timestamp":"2023-11-09 13:02:05"},{"nodeID":"1304704","text":"Default Transition","type":"TA","timestamp":"2023-11-09 13:02:05"},{"nodeID":"1304705","text":"Boris Johnson: we're about to get a North Sea oil renaissance as a result of this strategy","type":"L","timestamp":"2023-11-09 13:02:05"},{"nodeID":"1304706","text":"Analysing","type":"YA","timestamp":"2023-11-09 13:02:05"},{"nodeID":"1304707","text":"Nicole: Boris Johnson: we're about to get a North Sea oil renaissance as a result of this strategy","type":"L","timestamp":"2023-11-09 13:02:05"},{"nodeID":"1304708","text":"Asserting","type":"YA","timestamp":"2023-11-09 13:02:05"},{"nodeID":"1304709","text":"Asserting","type":"YA","timestamp":"2023-11-09 13:02:05"},{"nodeID":"1304710","text":"Greg Hands remembers when people were insisting we had to move away from nuclear power","type":"I","timestamp":"2023-11-09 13:02:06"},{"nodeID":"1304711","text":"Greg Hands: I remember when people were insisting we had to move away from nuclear power","type":"L","timestamp":"2023-11-09 13:02:06"},{"nodeID":"1304712","text":"Analysing","type":"YA","timestamp":"2023-11-09 13:02:06"},{"nodeID":"1304713","text":"Nicole: Greg Hands: I remember when people were insisting we had to move away from nuclear power","type":"L","timestamp":"2023-11-09 13:02:06"},{"nodeID":"1304714","text":"Asserting","type":"YA","timestamp":"2023-11-09 13:02:06"},{"nodeID":"1304715","text":"Default Transition","type":"TA","timestamp":"2023-11-09 13:02:06"},{"nodeID":"1304716","text":"nuclear power wasn't seen to be safe","type":"I","timestamp":"2023-11-09 13:02:06"},{"nodeID":"1304717","text":"Greg Hands: nuclear power wasn't seen to be safe","type":"L","timestamp":"2023-11-09 13:02:06"},{"nodeID":"1304718","text":"Analysing","type":"YA","timestamp":"2023-11-09 13:02:06"},{"nodeID":"1304719","text":"Nicole: Greg Hands: nuclear power wasn't seen to be safe","type":"L","timestamp":"2023-11-09 13:02:06"},{"nodeID":"1304720","text":"Asserting","type":"YA","timestamp":"2023-11-09 13:02:06"},{"nodeID":"1304721","text":"Default Transition","type":"TA","timestamp":"2023-11-09 13:02:06"},{"nodeID":"1304722","text":"Default Inference","type":"RA","timestamp":"2023-11-09 13:02:06"},{"nodeID":"1304723","text":"we're now apparently getting a nuclear power station every year","type":"I","timestamp":"2023-11-09 13:02:07"},{"nodeID":"1304724","text":"Greg Hands: We're now apparently getting a nuclear power station every year","type":"L","timestamp":"2023-11-09 13:02:07"},{"nodeID":"1304725","text":"Analysing","type":"YA","timestamp":"2023-11-09 13:02:07"},{"nodeID":"1304726","text":"Nicole: Greg Hands: We're now apparently getting a nuclear power station every year","type":"L","timestamp":"2023-11-09 13:02:07"},{"nodeID":"1304727","text":"Asserting","type":"YA","timestamp":"2023-11-09 13:02:07"},{"nodeID":"1304728","text":"Default Transition","type":"TA","timestamp":"2023-11-09 13:02:07"},{"nodeID":"1304729","text":"Default Conflict","type":"CA","timestamp":"2023-11-09 13:02:07"},{"nodeID":"1304730","text":"Disagreeing","type":"YA","timestamp":"2023-11-09 13:02:07"},{"nodeID":"1304731","text":"Greg Hands will believe that we're now getting a nuclear power station every year when he sees it","type":"I","timestamp":"2023-11-09 13:02:07"},{"nodeID":"1304732","text":"Greg Hands: I'll believe that when I see it","type":"L","timestamp":"2023-11-09 13:02:07"},{"nodeID":"1304733","text":"Analysing","type":"YA","timestamp":"2023-11-09 13:02:07"},{"nodeID":"1304734","text":"Nicole: Greg Hands: I'll believe that when I see it","type":"L","timestamp":"2023-11-09 13:02:07"},{"nodeID":"1304735","text":"Asserting","type":"YA","timestamp":"2023-11-09 13:02:07"},{"nodeID":"1304736","text":"Default Transition","type":"TA","timestamp":"2023-11-09 13:02:07"},{"nodeID":"1304737","text":"Default Rephrase","type":"MA","timestamp":"2023-11-09 13:02:07"},{"nodeID":"1304738","text":"Restating","type":"YA","timestamp":"2023-11-09 13:02:07"},{"nodeID":"1304739","text":"Default Transition","type":"TA","timestamp":"2023-11-09 13:02:07"},{"nodeID":"1304740","text":"Arguing","type":"YA","timestamp":"2023-11-09 13:02:07"},{"nodeID":"1304741","text":"Arguing","type":"YA","timestamp":"2023-11-09 13:02:07"}],"edges":[{"edgeID":"1714069","fromID":"1304618","toID":"1304617","formEdgeID":null},{"edgeID":"1714070","fromID":"1304619","toID":"1304618","formEdgeID":null},{"edgeID":"1714071","fromID":"1304622","toID":"1304621","formEdgeID":null},{"edgeID":"1714072","fromID":"1304623","toID":"1304622","formEdgeID":null},{"edgeID":"1714073","fromID":"1304621","toID":"1304624","formEdgeID":null},{"edgeID":"1714074","fromID":"1304624","toID":"1304620","formEdgeID":null},{"edgeID":"1714075","fromID":"1304617","toID":"1304625","formEdgeID":null},{"edgeID":"1714076","fromID":"1304625","toID":"1304621","formEdgeID":null},{"edgeID":"1714077","fromID":"1304628","toID":"1304627","formEdgeID":null},{"edgeID":"1714078","fromID":"1304629","toID":"1304628","formEdgeID":null},{"edgeID":"1714079","fromID":"1304627","toID":"1304630","formEdgeID":null},{"edgeID":"1714080","fromID":"1304630","toID":"1304626","formEdgeID":null},{"edgeID":"1714081","fromID":"1304621","toID":"1304631","formEdgeID":null},{"edgeID":"1714082","fromID":"1304631","toID":"1304627","formEdgeID":null},{"edgeID":"1714083","fromID":"1304626","toID":"1304632","formEdgeID":null},{"edgeID":"1714084","fromID":"1304632","toID":"1304620","formEdgeID":null},{"edgeID":"1714085","fromID":"1304631","toID":"1304633","formEdgeID":null},{"edgeID":"1714086","fromID":"1304633","toID":"1304632","formEdgeID":null},{"edgeID":"1714087","fromID":"1304636","toID":"1304635","formEdgeID":null},{"edgeID":"1714088","fromID":"1304637","toID":"1304636","formEdgeID":null},{"edgeID":"1714089","fromID":"1304635","toID":"1304638","formEdgeID":null},{"edgeID":"1714090","fromID":"1304638","toID":"1304634","formEdgeID":null},{"edgeID":"1714091","fromID":"1304627","toID":"1304639","formEdgeID":null},{"edgeID":"1714092","fromID":"1304639","toID":"1304635","formEdgeID":null},{"edgeID":"1714093","fromID":"1304634","toID":"1304640","formEdgeID":null},{"edgeID":"1714094","fromID":"1304640","toID":"1304626","formEdgeID":null},{"edgeID":"1714095","fromID":"1304643","toID":"1304642","formEdgeID":null},{"edgeID":"1714096","fromID":"1304644","toID":"1304643","formEdgeID":null},{"edgeID":"1714097","fromID":"1304642","toID":"1304645","formEdgeID":null},{"edgeID":"1714098","fromID":"1304645","toID":"1304641","formEdgeID":null},{"edgeID":"1714099","fromID":"1304648","toID":"1304647","formEdgeID":null},{"edgeID":"1714100","fromID":"1304649","toID":"1304648","formEdgeID":null},{"edgeID":"1714101","fromID":"1304647","toID":"1304650","formEdgeID":null},{"edgeID":"1714102","fromID":"1304650","toID":"1304646","formEdgeID":null},{"edgeID":"1714103","fromID":"1304642","toID":"1304651","formEdgeID":null},{"edgeID":"1714104","fromID":"1304651","toID":"1304647","formEdgeID":null},{"edgeID":"1714105","fromID":"1304654","toID":"1304653","formEdgeID":null},{"edgeID":"1714106","fromID":"1304655","toID":"1304654","formEdgeID":null},{"edgeID":"1714107","fromID":"1304647","toID":"1304656","formEdgeID":null},{"edgeID":"1714108","fromID":"1304656","toID":"1304653","formEdgeID":null},{"edgeID":"1714109","fromID":"1304658","toID":"1304657","formEdgeID":null},{"edgeID":"1714110","fromID":"1304659","toID":"1304658","formEdgeID":null},{"edgeID":"1714111","fromID":"1304657","toID":"1304660","formEdgeID":null},{"edgeID":"1714112","fromID":"1304660","toID":"1304652","formEdgeID":null},{"edgeID":"1714113","fromID":"1304653","toID":"1304661","formEdgeID":null},{"edgeID":"1714114","fromID":"1304661","toID":"1304657","formEdgeID":null},{"edgeID":"1714115","fromID":"1304664","toID":"1304663","formEdgeID":null},{"edgeID":"1714116","fromID":"1304665","toID":"1304664","formEdgeID":null},{"edgeID":"1714117","fromID":"1304663","toID":"1304666","formEdgeID":null},{"edgeID":"1714118","fromID":"1304666","toID":"1304662","formEdgeID":null},{"edgeID":"1714119","fromID":"1304653","toID":"1304667","formEdgeID":null},{"edgeID":"1714120","fromID":"1304667","toID":"1304663","formEdgeID":null},{"edgeID":"1714121","fromID":"1304670","toID":"1304669","formEdgeID":null},{"edgeID":"1714122","fromID":"1304671","toID":"1304670","formEdgeID":null},{"edgeID":"1714123","fromID":"1304663","toID":"1304672","formEdgeID":null},{"edgeID":"1714124","fromID":"1304672","toID":"1304669","formEdgeID":null},{"edgeID":"1714125","fromID":"1304674","toID":"1304673","formEdgeID":null},{"edgeID":"1714126","fromID":"1304675","toID":"1304674","formEdgeID":null},{"edgeID":"1714127","fromID":"1304673","toID":"1304676","formEdgeID":null},{"edgeID":"1714128","fromID":"1304676","toID":"1304668","formEdgeID":null},{"edgeID":"1714129","fromID":"1304669","toID":"1304677","formEdgeID":null},{"edgeID":"1714130","fromID":"1304677","toID":"1304673","formEdgeID":null},{"edgeID":"1714131","fromID":"1304668","toID":"1304678","formEdgeID":null},{"edgeID":"1714132","fromID":"1304678","toID":"1304662","formEdgeID":null},{"edgeID":"1714133","fromID":"1304672","toID":"1304679","formEdgeID":null},{"edgeID":"1714134","fromID":"1304679","toID":"1304678","formEdgeID":null},{"edgeID":"1714135","fromID":"1304682","toID":"1304681","formEdgeID":null},{"edgeID":"1714136","fromID":"1304683","toID":"1304682","formEdgeID":null},{"edgeID":"1714137","fromID":"1304681","toID":"1304684","formEdgeID":null},{"edgeID":"1714138","fromID":"1304684","toID":"1304680","formEdgeID":null},{"edgeID":"1714139","fromID":"1304669","toID":"1304685","formEdgeID":null},{"edgeID":"1714140","fromID":"1304685","toID":"1304681","formEdgeID":null},{"edgeID":"1714141","fromID":"1304680","toID":"1304686","formEdgeID":null},{"edgeID":"1714142","fromID":"1304686","toID":"1304668","formEdgeID":null},{"edgeID":"1714143","fromID":"1304685","toID":"1304687","formEdgeID":null},{"edgeID":"1714144","fromID":"1304687","toID":"1304686","formEdgeID":null},{"edgeID":"1714145","fromID":"1304690","toID":"1304689","formEdgeID":null},{"edgeID":"1714146","fromID":"1304691","toID":"1304690","formEdgeID":null},{"edgeID":"1714147","fromID":"1304689","toID":"1304692","formEdgeID":null},{"edgeID":"1714148","fromID":"1304692","toID":"1304688","formEdgeID":null},{"edgeID":"1714149","fromID":"1304681","toID":"1304693","formEdgeID":null},{"edgeID":"1714150","fromID":"1304693","toID":"1304689","formEdgeID":null},{"edgeID":"1714151","fromID":"1304696","toID":"1304695","formEdgeID":null},{"edgeID":"1714152","fromID":"1304697","toID":"1304696","formEdgeID":null},{"edgeID":"1714153","fromID":"1304695","toID":"1304698","formEdgeID":null},{"edgeID":"1714154","fromID":"1304698","toID":"1304694","formEdgeID":null},{"edgeID":"1714155","fromID":"1304689","toID":"1304699","formEdgeID":null},{"edgeID":"1714156","fromID":"1304699","toID":"1304695","formEdgeID":null},{"edgeID":"1714157","fromID":"1304702","toID":"1304701","formEdgeID":null},{"edgeID":"1714158","fromID":"1304703","toID":"1304702","formEdgeID":null},{"edgeID":"1714159","fromID":"1304695","toID":"1304704","formEdgeID":null},{"edgeID":"1714160","fromID":"1304704","toID":"1304701","formEdgeID":null},{"edgeID":"1714161","fromID":"1304706","toID":"1304705","formEdgeID":null},{"edgeID":"1714162","fromID":"1304707","toID":"1304706","formEdgeID":null},{"edgeID":"1714163","fromID":"1304705","toID":"1304708","formEdgeID":null},{"edgeID":"1714164","fromID":"1304708","toID":"1304700","formEdgeID":null},{"edgeID":"1714165","fromID":"1304701","toID":"1304709","formEdgeID":null},{"edgeID":"1714166","fromID":"1304709","toID":"1304705","formEdgeID":null},{"edgeID":"1714167","fromID":"1304712","toID":"1304711","formEdgeID":null},{"edgeID":"1714168","fromID":"1304713","toID":"1304712","formEdgeID":null},{"edgeID":"1714169","fromID":"1304711","toID":"1304714","formEdgeID":null},{"edgeID":"1714170","fromID":"1304714","toID":"1304710","formEdgeID":null},{"edgeID":"1714171","fromID":"1304701","toID":"1304715","formEdgeID":null},{"edgeID":"1714172","fromID":"1304715","toID":"1304711","formEdgeID":null},{"edgeID":"1714173","fromID":"1304718","toID":"1304717","formEdgeID":null},{"edgeID":"1714174","fromID":"1304719","toID":"1304718","formEdgeID":null},{"edgeID":"1714175","fromID":"1304717","toID":"1304720","formEdgeID":null},{"edgeID":"1714176","fromID":"1304720","toID":"1304716","formEdgeID":null},{"edgeID":"1714177","fromID":"1304711","toID":"1304721","formEdgeID":null},{"edgeID":"1714178","fromID":"1304721","toID":"1304717","formEdgeID":null},{"edgeID":"1714179","fromID":"1304716","toID":"1304722","formEdgeID":null},{"edgeID":"1714180","fromID":"1304722","toID":"1304710","formEdgeID":null},{"edgeID":"1714181","fromID":"1304725","toID":"1304724","formEdgeID":null},{"edgeID":"1714182","fromID":"1304726","toID":"1304725","formEdgeID":null},{"edgeID":"1714183","fromID":"1304724","toID":"1304727","formEdgeID":null},{"edgeID":"1714184","fromID":"1304727","toID":"1304723","formEdgeID":null},{"edgeID":"1714185","fromID":"1304717","toID":"1304728","formEdgeID":null},{"edgeID":"1714186","fromID":"1304728","toID":"1304724","formEdgeID":null},{"edgeID":"1714187","fromID":"1304723","toID":"1304729","formEdgeID":null},{"edgeID":"1714188","fromID":"1304729","toID":"1304716","formEdgeID":null},{"edgeID":"1714189","fromID":"1304728","toID":"1304730","formEdgeID":null},{"edgeID":"1714190","fromID":"1304730","toID":"1304729","formEdgeID":null},{"edgeID":"1714191","fromID":"1304733","toID":"1304732","formEdgeID":null},{"edgeID":"1714192","fromID":"1304734","toID":"1304733","formEdgeID":null},{"edgeID":"1714193","fromID":"1304732","toID":"1304735","formEdgeID":null},{"edgeID":"1714194","fromID":"1304735","toID":"1304731","formEdgeID":null},{"edgeID":"1714195","fromID":"1304724","toID":"1304736","formEdgeID":null},{"edgeID":"1714196","fromID":"1304736","toID":"1304732","formEdgeID":null},{"edgeID":"1714197","fromID":"1304731","toID":"1304737","formEdgeID":null},{"edgeID":"1714198","fromID":"1304737","toID":"1304723","formEdgeID":null},{"edgeID":"1714199","fromID":"1304736","toID":"1304738","formEdgeID":null},{"edgeID":"1714200","fromID":"1304738","toID":"1304737","formEdgeID":null},{"edgeID":"1714201","fromID":"1304641","toID":"1304640","formEdgeID":null},{"edgeID":"1714202","fromID":"1304627","toID":"1304739","formEdgeID":null},{"edgeID":"1714203","fromID":"1304739","toID":"1304642","formEdgeID":null},{"edgeID":"1714204","fromID":"1304739","toID":"1304740","formEdgeID":null},{"edgeID":"1714205","fromID":"1304740","toID":"1304640","formEdgeID":null},{"edgeID":"1714206","fromID":"1304721","toID":"1304741","formEdgeID":null},{"edgeID":"1714207","fromID":"1304741","toID":"1304722","formEdgeID":null}],"locutions":[]}