{"nodes":[{"nodeID":"1306951","text":"in terms of the actual question, the most important thing here is to make sure that Vladimir Putin does not succeed","type":"I","timestamp":"2023-11-09 13:05:10"},{"nodeID":"1306952","text":"Greg Hands: in terms of the actual question, the most important thing here is to make sure that Vladimir Putin does not succeed","type":"L","timestamp":"2023-11-09 13:05:10"},{"nodeID":"1306953","text":"Analysing","type":"YA","timestamp":"2023-11-09 13:05:10"},{"nodeID":"1306954","text":"Anon: Greg Hands: in terms of the actual question, the most important thing here is to make sure that Vladimir Putin does not succeed","type":"L","timestamp":"2023-11-09 13:05:10"},{"nodeID":"1306955","text":"Asserting","type":"YA","timestamp":"2023-11-09 13:05:10"},{"nodeID":"1306956","text":"the most important thing here is to make sure that Vladimir Putin loses","type":"I","timestamp":"2023-11-09 13:05:11"},{"nodeID":"1306957","text":"Greg Hands: that he loses","type":"L","timestamp":"2023-11-09 13:05:11"},{"nodeID":"1306958","text":"Analysing","type":"YA","timestamp":"2023-11-09 13:05:11"},{"nodeID":"1306959","text":"Anon: Greg Hands: that he loses","type":"L","timestamp":"2023-11-09 13:05:11"},{"nodeID":"1306960","text":"Asserting","type":"YA","timestamp":"2023-11-09 13:05:11"},{"nodeID":"1306961","text":"the most important thing here is to make sure that Vladimir Putin will be made accountable for the absolutely appalling crimes committed by him, his coterie and his armed forces","type":"I","timestamp":"2023-11-09 13:05:11"},{"nodeID":"1306962","text":"Greg Hands:  that he be made accountable for the absolutely appalling crimes committed by him, his coterie and his armed forces","type":"L","timestamp":"2023-11-09 13:05:11"},{"nodeID":"1306963","text":"Analysing","type":"YA","timestamp":"2023-11-09 13:05:11"},{"nodeID":"1306964","text":"Anon: Greg Hands:  that he be made accountable for the absolutely appalling crimes committed by him, his coterie and his armed forces","type":"L","timestamp":"2023-11-09 13:05:11"},{"nodeID":"1306965","text":"Asserting","type":"YA","timestamp":"2023-11-09 13:05:11"},{"nodeID":"1306966","text":"Default Transition","type":"TA","timestamp":"2023-11-09 13:05:11"},{"nodeID":"1306967","text":"Default Transition","type":"TA","timestamp":"2023-11-09 13:05:11"},{"nodeID":"1306968","text":"Greg Hands wants to praise actually the journalists in Ukraine there on the ground","type":"I","timestamp":"2023-11-09 13:05:12"},{"nodeID":"1306969","text":"Greg Hands: I want to praise actually the journalists there on the ground","type":"L","timestamp":"2023-11-09 13:05:12"},{"nodeID":"1306970","text":"Analysing","type":"YA","timestamp":"2023-11-09 13:05:12"},{"nodeID":"1306971","text":"Anon: Greg Hands: I want to praise actually the journalists there on the ground","type":"L","timestamp":"2023-11-09 13:05:12"},{"nodeID":"1306972","text":"Asserting","type":"YA","timestamp":"2023-11-09 13:05:12"},{"nodeID":"1306973","text":"Default Transition","type":"TA","timestamp":"2023-11-09 13:05:12"},{"nodeID":"1306974","text":"Default Rephrase","type":"MA","timestamp":"2023-11-09 13:05:12"},{"nodeID":"1306975","text":"Restating","type":"YA","timestamp":"2023-11-09 13:05:12"},{"nodeID":"1306976","text":"Default Rephrase","type":"MA","timestamp":"2023-11-09 13:05:12"},{"nodeID":"1306977","text":"Restating","type":"YA","timestamp":"2023-11-09 13:05:12"},{"nodeID":"1306978","text":"for example, Jeremy Bowen, the amazing reports on the News at Ten last night from Borodyanka","type":"I","timestamp":"2023-11-09 13:05:12"},{"nodeID":"1306979","text":"Greg Hands: For example, Jeremy Bowen, the amazing reports on the News at Ten last night from Borodyanka","type":"L","timestamp":"2023-11-09 13:05:12"},{"nodeID":"1306980","text":"Analysing","type":"YA","timestamp":"2023-11-09 13:05:12"},{"nodeID":"1306981","text":"Anon: Greg Hands: For example, Jeremy Bowen, the amazing reports on the News at Ten last night from Borodyanka","type":"L","timestamp":"2023-11-09 13:05:12"},{"nodeID":"1306982","text":"Asserting","type":"YA","timestamp":"2023-11-09 13:05:12"},{"nodeID":"1306983","text":"Default Transition","type":"TA","timestamp":"2023-11-09 13:05:12"},{"nodeID":"1306984","text":"Default Rephrase","type":"MA","timestamp":"2023-11-09 13:05:12"},{"nodeID":"1306985","text":"Restating","type":"YA","timestamp":"2023-11-09 13:05:12"},{"nodeID":"1306986","text":"Mariupol, the reporting out of there","type":"I","timestamp":"2023-11-09 13:05:13"},{"nodeID":"1306987","text":"Greg Hands: Mariupol, the reporting out of there","type":"L","timestamp":"2023-11-09 13:05:13"},{"nodeID":"1306988","text":"Analysing","type":"YA","timestamp":"2023-11-09 13:05:13"},{"nodeID":"1306989","text":"Anon: Greg Hands: Mariupol, the reporting out of there","type":"L","timestamp":"2023-11-09 13:05:13"},{"nodeID":"1306990","text":"Asserting","type":"YA","timestamp":"2023-11-09 13:05:13"},{"nodeID":"1306991","text":"Default Transition","type":"TA","timestamp":"2023-11-09 13:05:13"},{"nodeID":"1306992","text":"Default Rephrase","type":"MA","timestamp":"2023-11-09 13:05:13"},{"nodeID":"1306993","text":"Restating","type":"YA","timestamp":"2023-11-09 13:05:13"},{"nodeID":"1306994","text":"all of these places","type":"I","timestamp":"2023-11-09 13:05:14"},{"nodeID":"1306995","text":"Greg Hands:  all of these places","type":"L","timestamp":"2023-11-09 13:05:14"},{"nodeID":"1306996","text":"Analysing","type":"YA","timestamp":"2023-11-09 13:05:14"},{"nodeID":"1306997","text":"Anon: Greg Hands:  all of these places","type":"L","timestamp":"2023-11-09 13:05:14"},{"nodeID":"1306998","text":"Asserting","type":"YA","timestamp":"2023-11-09 13:05:14"},{"nodeID":"1306999","text":"Default Transition","type":"TA","timestamp":"2023-11-09 13:05:14"},{"nodeID":"1307000","text":"incredible and gripping accounts by journalists, really helping to document what has happened in real time","type":"I","timestamp":"2023-11-09 13:05:14"},{"nodeID":"1307001","text":"Greg Hands:  Incredible and gripping accounts by journalists, really helping to document what has happened in real time","type":"L","timestamp":"2023-11-09 13:05:14"},{"nodeID":"1307002","text":"Analysing","type":"YA","timestamp":"2023-11-09 13:05:14"},{"nodeID":"1307003","text":"Anon: Greg Hands:  Incredible and gripping accounts by journalists, really helping to document what has happened in real time","type":"L","timestamp":"2023-11-09 13:05:14"},{"nodeID":"1307004","text":"Asserting","type":"YA","timestamp":"2023-11-09 13:05:14"},{"nodeID":"1307005","text":"Default Transition","type":"TA","timestamp":"2023-11-09 13:05:14"},{"nodeID":"1307006","text":"Default Transition","type":"TA","timestamp":"2023-11-09 13:05:14"},{"nodeID":"1307007","text":"Default Inference","type":"RA","timestamp":"2023-11-09 13:05:14"},{"nodeID":"1307008","text":"Arguing","type":"YA","timestamp":"2023-11-09 13:05:14"},{"nodeID":"1307009","text":"in answer to the question earlier about our Prime Minister","type":"I","timestamp":"2023-11-09 13:05:15"},{"nodeID":"1307010","text":"Greg Hands: in answer to the question earlier about our Prime Minister","type":"L","timestamp":"2023-11-09 13:05:15"},{"nodeID":"1307011","text":"Analysing","type":"YA","timestamp":"2023-11-09 13:05:15"},{"nodeID":"1307012","text":"Anon: Greg Hands: in answer to the question earlier about our Prime Minister","type":"L","timestamp":"2023-11-09 13:05:15"},{"nodeID":"1307013","text":"Asserting","type":"YA","timestamp":"2023-11-09 13:05:15"},{"nodeID":"1307014","text":"Default Transition","type":"TA","timestamp":"2023-11-09 13:05:15"},{"nodeID":"1307015","text":"if you listen to the Ukrainians, if you listen to President Zelensky, if you listen to who the Ukrainians say is most on their side, the name of Boris Johnson and the UK Government crops up very, very frequently","type":"I","timestamp":"2023-11-09 13:05:15"},{"nodeID":"1307016","text":"Greg Hands: if you listen to the Ukrainians, if you listen to President Zelensky, if you listen to who the Ukrainians say is most on their side, the name of Boris Johnson and the UK Government crops up very, very frequently","type":"L","timestamp":"2023-11-09 13:05:15"},{"nodeID":"1307017","text":"Analysing","type":"YA","timestamp":"2023-11-09 13:05:15"},{"nodeID":"1307018","text":"Anon: Greg Hands: if you listen to the Ukrainians, if you listen to President Zelensky, if you listen to who the Ukrainians say is most on their side, the name of Boris Johnson and the UK Government crops up very, very frequently","type":"L","timestamp":"2023-11-09 13:05:15"},{"nodeID":"1307019","text":"Asserting","type":"YA","timestamp":"2023-11-09 13:05:15"},{"nodeID":"1307020","text":"Default Transition","type":"TA","timestamp":"2023-11-09 13:05:15"},{"nodeID":"1307021","text":"both in terms of providing help, in terms of humanitarian aid, the UK is the largest bilateral donor to Ukraine","type":"I","timestamp":"2023-11-09 13:05:16"},{"nodeID":"1307022","text":"Greg Hands: Both in terms of providing help, in terms of humanitarian aid, the UK is the largest bilateral donor to Ukraine","type":"L","timestamp":"2023-11-09 13:05:16"},{"nodeID":"1307023","text":"Analysing","type":"YA","timestamp":"2023-11-09 13:05:16"},{"nodeID":"1307024","text":"Anon: Greg Hands: Both in terms of providing help, in terms of humanitarian aid, the UK is the largest bilateral donor to Ukraine","type":"L","timestamp":"2023-11-09 13:05:16"},{"nodeID":"1307025","text":"Asserting","type":"YA","timestamp":"2023-11-09 13:05:16"},{"nodeID":"1307026","text":"Default Transition","type":"TA","timestamp":"2023-11-09 13:05:16"},{"nodeID":"1307027","text":"Default Inference","type":"RA","timestamp":"2023-11-09 13:05:16"},{"nodeID":"1307028","text":"Arguing","type":"YA","timestamp":"2023-11-09 13:05:16"},{"nodeID":"1307029","text":"a big amount on the humanitarian side, in terms of the weaponry that is being provided","type":"I","timestamp":"2023-11-09 13:05:17"},{"nodeID":"1307030","text":"Greg Hands: A big amount on the humanitarian side, in terms of the weaponry that is being provided","type":"L","timestamp":"2023-11-09 13:05:17"},{"nodeID":"1307031","text":"Analysing","type":"YA","timestamp":"2023-11-09 13:05:17"},{"nodeID":"1307032","text":"Anon: Greg Hands: A big amount on the humanitarian side, in terms of the weaponry that is being provided","type":"L","timestamp":"2023-11-09 13:05:17"},{"nodeID":"1307033","text":"Asserting","type":"YA","timestamp":"2023-11-09 13:05:17"},{"nodeID":"1307034","text":"a lot of the anti-aircraft missiles, a lot of the anti-tank missiles are coming from the UK","type":"I","timestamp":"2023-11-09 13:05:17"},{"nodeID":"1307035","text":"Greg Hands: A lot of the anti-aircraft missiles, a lot of the anti-tank missiles are coming from the UK","type":"L","timestamp":"2023-11-09 13:05:17"},{"nodeID":"1307036","text":"Analysing","type":"YA","timestamp":"2023-11-09 13:05:17"},{"nodeID":"1307037","text":"Anon: Greg Hands: A lot of the anti-aircraft missiles, a lot of the anti-tank missiles are coming from the UK","type":"L","timestamp":"2023-11-09 13:05:17"},{"nodeID":"1307038","text":"Asserting","type":"YA","timestamp":"2023-11-09 13:05:17"},{"nodeID":"1307039","text":"Default Transition","type":"TA","timestamp":"2023-11-09 13:05:17"},{"nodeID":"1307040","text":"if you listen to the Ukrainians, actually, it's them who are praising the UK as being one of the biggest donors","type":"I","timestamp":"2023-11-09 13:05:18"},{"nodeID":"1307041","text":"Greg Hands:  if you listen to the Ukrainians, actually, it's them who are praising the UK as being one of the biggest donors","type":"L","timestamp":"2023-11-09 13:05:18"},{"nodeID":"1307042","text":"Analysing","type":"YA","timestamp":"2023-11-09 13:05:18"},{"nodeID":"1307043","text":"Anon: Greg Hands:  if you listen to the Ukrainians, actually, it's them who are praising the UK as being one of the biggest donors","type":"L","timestamp":"2023-11-09 13:05:18"},{"nodeID":"1307044","text":"Asserting","type":"YA","timestamp":"2023-11-09 13:05:18"},{"nodeID":"1307045","text":"Default Transition","type":"TA","timestamp":"2023-11-09 13:05:18"},{"nodeID":"1307046","text":"Default Rephrase","type":"MA","timestamp":"2023-11-09 13:05:18"},{"nodeID":"1307047","text":"Restating","type":"YA","timestamp":"2023-11-09 13:05:18"},{"nodeID":"1307048","text":"Default Inference","type":"RA","timestamp":"2023-11-09 13:05:18"},{"nodeID":"1307049","text":"Arguing","type":"YA","timestamp":"2023-11-09 13:05:18"},{"nodeID":"1307050","text":"Default Rephrase","type":"MA","timestamp":"2023-11-09 13:05:18"},{"nodeID":"1307051","text":"Default Transition","type":"TA","timestamp":"2023-11-09 13:05:18"},{"nodeID":"1307052","text":"Restating","type":"YA","timestamp":"2023-11-09 13:05:18"}],"edges":[{"edgeID":"1716816","fromID":"1306953","toID":"1306952","formEdgeID":null},{"edgeID":"1716817","fromID":"1306954","toID":"1306953","formEdgeID":null},{"edgeID":"1716818","fromID":"1306952","toID":"1306955","formEdgeID":null},{"edgeID":"1716819","fromID":"1306955","toID":"1306951","formEdgeID":null},{"edgeID":"1716820","fromID":"1306958","toID":"1306957","formEdgeID":null},{"edgeID":"1716821","fromID":"1306959","toID":"1306958","formEdgeID":null},{"edgeID":"1716822","fromID":"1306957","toID":"1306960","formEdgeID":null},{"edgeID":"1716823","fromID":"1306960","toID":"1306956","formEdgeID":null},{"edgeID":"1716824","fromID":"1306963","toID":"1306962","formEdgeID":null},{"edgeID":"1716825","fromID":"1306964","toID":"1306963","formEdgeID":null},{"edgeID":"1716826","fromID":"1306962","toID":"1306965","formEdgeID":null},{"edgeID":"1716827","fromID":"1306965","toID":"1306961","formEdgeID":null},{"edgeID":"1716828","fromID":"1306952","toID":"1306966","formEdgeID":null},{"edgeID":"1716829","fromID":"1306966","toID":"1306957","formEdgeID":null},{"edgeID":"1716830","fromID":"1306957","toID":"1306967","formEdgeID":null},{"edgeID":"1716831","fromID":"1306967","toID":"1306962","formEdgeID":null},{"edgeID":"1716832","fromID":"1306970","toID":"1306969","formEdgeID":null},{"edgeID":"1716833","fromID":"1306971","toID":"1306970","formEdgeID":null},{"edgeID":"1716834","fromID":"1306969","toID":"1306972","formEdgeID":null},{"edgeID":"1716835","fromID":"1306972","toID":"1306968","formEdgeID":null},{"edgeID":"1716836","fromID":"1306962","toID":"1306973","formEdgeID":null},{"edgeID":"1716837","fromID":"1306973","toID":"1306969","formEdgeID":null},{"edgeID":"1716838","fromID":"1306956","toID":"1306974","formEdgeID":null},{"edgeID":"1716839","fromID":"1306974","toID":"1306951","formEdgeID":null},{"edgeID":"1716840","fromID":"1306966","toID":"1306975","formEdgeID":null},{"edgeID":"1716841","fromID":"1306975","toID":"1306974","formEdgeID":null},{"edgeID":"1716842","fromID":"1306961","toID":"1306976","formEdgeID":null},{"edgeID":"1716843","fromID":"1306976","toID":"1306956","formEdgeID":null},{"edgeID":"1716844","fromID":"1306967","toID":"1306977","formEdgeID":null},{"edgeID":"1716845","fromID":"1306977","toID":"1306976","formEdgeID":null},{"edgeID":"1716846","fromID":"1306980","toID":"1306979","formEdgeID":null},{"edgeID":"1716847","fromID":"1306981","toID":"1306980","formEdgeID":null},{"edgeID":"1716848","fromID":"1306979","toID":"1306982","formEdgeID":null},{"edgeID":"1716849","fromID":"1306982","toID":"1306978","formEdgeID":null},{"edgeID":"1716850","fromID":"1306969","toID":"1306983","formEdgeID":null},{"edgeID":"1716851","fromID":"1306983","toID":"1306979","formEdgeID":null},{"edgeID":"1716852","fromID":"1306978","toID":"1306984","formEdgeID":null},{"edgeID":"1716853","fromID":"1306984","toID":"1306968","formEdgeID":null},{"edgeID":"1716854","fromID":"1306983","toID":"1306985","formEdgeID":null},{"edgeID":"1716855","fromID":"1306985","toID":"1306984","formEdgeID":null},{"edgeID":"1716856","fromID":"1306988","toID":"1306987","formEdgeID":null},{"edgeID":"1716857","fromID":"1306989","toID":"1306988","formEdgeID":null},{"edgeID":"1716858","fromID":"1306987","toID":"1306990","formEdgeID":null},{"edgeID":"1716859","fromID":"1306990","toID":"1306986","formEdgeID":null},{"edgeID":"1716860","fromID":"1306969","toID":"1306991","formEdgeID":null},{"edgeID":"1716861","fromID":"1306991","toID":"1306987","formEdgeID":null},{"edgeID":"1716862","fromID":"1306986","toID":"1306992","formEdgeID":null},{"edgeID":"1716863","fromID":"1306992","toID":"1306968","formEdgeID":null},{"edgeID":"1716864","fromID":"1306991","toID":"1306993","formEdgeID":null},{"edgeID":"1716865","fromID":"1306993","toID":"1306992","formEdgeID":null},{"edgeID":"1716866","fromID":"1306996","toID":"1306995","formEdgeID":null},{"edgeID":"1716867","fromID":"1306997","toID":"1306996","formEdgeID":null},{"edgeID":"1716868","fromID":"1306995","toID":"1306998","formEdgeID":null},{"edgeID":"1716869","fromID":"1306998","toID":"1306994","formEdgeID":null},{"edgeID":"1716870","fromID":"1306987","toID":"1306999","formEdgeID":null},{"edgeID":"1716871","fromID":"1306999","toID":"1306995","formEdgeID":null},{"edgeID":"1716872","fromID":"1307002","toID":"1307001","formEdgeID":null},{"edgeID":"1716873","fromID":"1307003","toID":"1307002","formEdgeID":null},{"edgeID":"1716874","fromID":"1307001","toID":"1307004","formEdgeID":null},{"edgeID":"1716875","fromID":"1307004","toID":"1307000","formEdgeID":null},{"edgeID":"1716876","fromID":"1306995","toID":"1307005","formEdgeID":null},{"edgeID":"1716877","fromID":"1307005","toID":"1307001","formEdgeID":null},{"edgeID":"1716878","fromID":"1306969","toID":"1307006","formEdgeID":null},{"edgeID":"1716879","fromID":"1307006","toID":"1307001","formEdgeID":null},{"edgeID":"1716880","fromID":"1307000","toID":"1307007","formEdgeID":null},{"edgeID":"1716881","fromID":"1307007","toID":"1306968","formEdgeID":null},{"edgeID":"1716882","fromID":"1307006","toID":"1307008","formEdgeID":null},{"edgeID":"1716883","fromID":"1307008","toID":"1307007","formEdgeID":null},{"edgeID":"1716884","fromID":"1307011","toID":"1307010","formEdgeID":null},{"edgeID":"1716885","fromID":"1307012","toID":"1307011","formEdgeID":null},{"edgeID":"1716886","fromID":"1307010","toID":"1307013","formEdgeID":null},{"edgeID":"1716887","fromID":"1307013","toID":"1307009","formEdgeID":null},{"edgeID":"1716888","fromID":"1307001","toID":"1307014","formEdgeID":null},{"edgeID":"1716889","fromID":"1307014","toID":"1307010","formEdgeID":null},{"edgeID":"1716890","fromID":"1307017","toID":"1307016","formEdgeID":null},{"edgeID":"1716891","fromID":"1307018","toID":"1307017","formEdgeID":null},{"edgeID":"1716892","fromID":"1307016","toID":"1307019","formEdgeID":null},{"edgeID":"1716893","fromID":"1307019","toID":"1307015","formEdgeID":null},{"edgeID":"1716894","fromID":"1307010","toID":"1307020","formEdgeID":null},{"edgeID":"1716895","fromID":"1307020","toID":"1307016","formEdgeID":null},{"edgeID":"1716896","fromID":"1307023","toID":"1307022","formEdgeID":null},{"edgeID":"1716897","fromID":"1307024","toID":"1307023","formEdgeID":null},{"edgeID":"1716898","fromID":"1307022","toID":"1307025","formEdgeID":null},{"edgeID":"1716899","fromID":"1307025","toID":"1307021","formEdgeID":null},{"edgeID":"1716900","fromID":"1307016","toID":"1307026","formEdgeID":null},{"edgeID":"1716901","fromID":"1307026","toID":"1307022","formEdgeID":null},{"edgeID":"1716902","fromID":"1307021","toID":"1307027","formEdgeID":null},{"edgeID":"1716903","fromID":"1307027","toID":"1307015","formEdgeID":null},{"edgeID":"1716904","fromID":"1307026","toID":"1307028","formEdgeID":null},{"edgeID":"1716905","fromID":"1307028","toID":"1307027","formEdgeID":null},{"edgeID":"1716906","fromID":"1307031","toID":"1307030","formEdgeID":null},{"edgeID":"1716907","fromID":"1307032","toID":"1307031","formEdgeID":null},{"edgeID":"1716908","fromID":"1307030","toID":"1307033","formEdgeID":null},{"edgeID":"1716909","fromID":"1307033","toID":"1307029","formEdgeID":null},{"edgeID":"1716910","fromID":"1307036","toID":"1307035","formEdgeID":null},{"edgeID":"1716911","fromID":"1307037","toID":"1307036","formEdgeID":null},{"edgeID":"1716912","fromID":"1307035","toID":"1307038","formEdgeID":null},{"edgeID":"1716913","fromID":"1307038","toID":"1307034","formEdgeID":null},{"edgeID":"1716914","fromID":"1307022","toID":"1307039","formEdgeID":null},{"edgeID":"1716915","fromID":"1307039","toID":"1307030","formEdgeID":null},{"edgeID":"1716916","fromID":"1307042","toID":"1307041","formEdgeID":null},{"edgeID":"1716917","fromID":"1307043","toID":"1307042","formEdgeID":null},{"edgeID":"1716918","fromID":"1307041","toID":"1307044","formEdgeID":null},{"edgeID":"1716919","fromID":"1307044","toID":"1307040","formEdgeID":null},{"edgeID":"1716920","fromID":"1307016","toID":"1307045","formEdgeID":null},{"edgeID":"1716921","fromID":"1307045","toID":"1307041","formEdgeID":null},{"edgeID":"1716922","fromID":"1307040","toID":"1307046","formEdgeID":null},{"edgeID":"1716923","fromID":"1307046","toID":"1307015","formEdgeID":null},{"edgeID":"1716924","fromID":"1307045","toID":"1307047","formEdgeID":null},{"edgeID":"1716925","fromID":"1307047","toID":"1307046","formEdgeID":null},{"edgeID":"1716926","fromID":"1307029","toID":"1307048","formEdgeID":null},{"edgeID":"1716927","fromID":"1307048","toID":"1307021","formEdgeID":null},{"edgeID":"1716928","fromID":"1307039","toID":"1307049","formEdgeID":null},{"edgeID":"1716929","fromID":"1307049","toID":"1307048","formEdgeID":null},{"edgeID":"1716930","fromID":"1307034","toID":"1307050","formEdgeID":null},{"edgeID":"1716931","fromID":"1307050","toID":"1307029","formEdgeID":null},{"edgeID":"1716932","fromID":"1307030","toID":"1307051","formEdgeID":null},{"edgeID":"1716933","fromID":"1307051","toID":"1307035","formEdgeID":null},{"edgeID":"1716934","fromID":"1307051","toID":"1307052","formEdgeID":null},{"edgeID":"1716935","fromID":"1307052","toID":"1307050","formEdgeID":null}],"locutions":[]}