{"nodes":[{"nodeID":"1306635","text":"there is pressure on prices on things like heating oil","type":"I","timestamp":"2023-11-09 13:04:43"},{"nodeID":"1306636","text":"Greg Hands: there is pressure on prices on things like heating oil","type":"L","timestamp":"2023-11-09 13:04:43"},{"nodeID":"1306637","text":"Analysing","type":"YA","timestamp":"2023-11-09 13:04:43"},{"nodeID":"1306638","text":"Amelie: Greg Hands: there is pressure on prices on things like heating oil","type":"L","timestamp":"2023-11-09 13:04:43"},{"nodeID":"1306639","text":"Asserting","type":"YA","timestamp":"2023-11-09 13:04:43"},{"nodeID":"1306640","text":"there is a very competitive market out there, in terms of the number of different companies","type":"I","timestamp":"2023-11-09 13:04:43"},{"nodeID":"1306641","text":"Greg Hands: There is a very competitive market out there, in terms of the number of different companies","type":"L","timestamp":"2023-11-09 13:04:43"},{"nodeID":"1306642","text":"Analysing","type":"YA","timestamp":"2023-11-09 13:04:43"},{"nodeID":"1306643","text":"Amelie: Greg Hands: There is a very competitive market out there, in terms of the number of different companies","type":"L","timestamp":"2023-11-09 13:04:43"},{"nodeID":"1306644","text":"Asserting","type":"YA","timestamp":"2023-11-09 13:04:43"},{"nodeID":"1306645","text":"Default Transition","type":"TA","timestamp":"2023-11-09 13:04:43"},{"nodeID":"1306646","text":"the market operates in a different way to providing energy through the mains","type":"I","timestamp":"2023-11-09 13:04:44"},{"nodeID":"1306647","text":"Greg Hands: It operates in a different way to providing energy through the mains","type":"L","timestamp":"2023-11-09 13:04:44"},{"nodeID":"1306648","text":"Analysing","type":"YA","timestamp":"2023-11-09 13:04:44"},{"nodeID":"1306649","text":"Amelie: Greg Hands: It operates in a different way to providing energy through the mains","type":"L","timestamp":"2023-11-09 13:04:44"},{"nodeID":"1306650","text":"Asserting","type":"YA","timestamp":"2023-11-09 13:04:44"},{"nodeID":"1306651","text":"Default Transition","type":"TA","timestamp":"2023-11-09 13:04:44"},{"nodeID":"1306652","text":"Default Inference","type":"RA","timestamp":"2023-11-09 13:04:44"},{"nodeID":"1306653","text":"Arguing","type":"YA","timestamp":"2023-11-09 13:04:44"},{"nodeID":"1306654","text":"there is a competitive market out there","type":"I","timestamp":"2023-11-09 13:04:44"},{"nodeID":"1306655","text":"Greg Hands: There is a competitive market out there","type":"L","timestamp":"2023-11-09 13:04:44"},{"nodeID":"1306656","text":"Analysing","type":"YA","timestamp":"2023-11-09 13:04:44"},{"nodeID":"1306657","text":"Amelie: Greg Hands: There is a competitive market out there","type":"L","timestamp":"2023-11-09 13:04:44"},{"nodeID":"1306658","text":"Asserting","type":"YA","timestamp":"2023-11-09 13:04:44"},{"nodeID":"1306659","text":"Default Rephrase","type":"MA","timestamp":"2023-11-09 13:04:44"},{"nodeID":"1306660","text":"Default Transition","type":"TA","timestamp":"2023-11-09 13:04:44"},{"nodeID":"1306661","text":"Restating","type":"YA","timestamp":"2023-11-09 13:04:44"},{"nodeID":"1306662","text":"people are having difficulties paying those high heating oil prices","type":"I","timestamp":"2023-11-09 13:04:45"},{"nodeID":"1306663","text":"Greg Hands: I'm very much with you in terms of the difficulties that people are having paying those high heating oil prices","type":"L","timestamp":"2023-11-09 13:04:45"},{"nodeID":"1306664","text":"Analysing","type":"YA","timestamp":"2023-11-09 13:04:45"},{"nodeID":"1306665","text":"Amelie: Greg Hands: I'm very much with you in terms of the difficulties that people are having paying those high heating oil prices","type":"L","timestamp":"2023-11-09 13:04:45"},{"nodeID":"1306666","text":"Asserting","type":"YA","timestamp":"2023-11-09 13:04:45"},{"nodeID":"1306667","text":"Default Transition","type":"TA","timestamp":"2023-11-09 13:04:45"},{"nodeID":"1306668","text":"Default Conflict","type":"CA","timestamp":"2023-11-09 13:04:45"},{"nodeID":"1306669","text":"Disagreeing","type":"YA","timestamp":"2023-11-09 13:04:45"},{"nodeID":"1306670","text":"there's sometimes put up this kind of false choice between being green and being good for our energy security","type":"I","timestamp":"2023-11-09 13:04:46"},{"nodeID":"1306671","text":"Greg Hands: there's sometimes, if you like, put up this kind of false choice between being green and being good for our energy security","type":"L","timestamp":"2023-11-09 13:04:46"},{"nodeID":"1306672","text":"Analysing","type":"YA","timestamp":"2023-11-09 13:04:46"},{"nodeID":"1306673","text":"Amelie: Greg Hands: there's sometimes, if you like, put up this kind of false choice between being green and being good for our energy security","type":"L","timestamp":"2023-11-09 13:04:46"},{"nodeID":"1306674","text":"Asserting","type":"YA","timestamp":"2023-11-09 13:04:46"},{"nodeID":"1306675","text":"Default Transition","type":"TA","timestamp":"2023-11-09 13:04:46"},{"nodeID":"1306676","text":"the answer is the same for being green and being good for our energy security","type":"I","timestamp":"2023-11-09 13:04:46"},{"nodeID":"1306677","text":"Greg Hands: the answer is the same for both","type":"L","timestamp":"2023-11-09 13:04:46"},{"nodeID":"1306678","text":"Analysing","type":"YA","timestamp":"2023-11-09 13:04:46"},{"nodeID":"1306679","text":"Amelie: Greg Hands: the answer is the same for both","type":"L","timestamp":"2023-11-09 13:04:46"},{"nodeID":"1306680","text":"Asserting","type":"YA","timestamp":"2023-11-09 13:04:46"},{"nodeID":"1306681","text":"Default Transition","type":"TA","timestamp":"2023-11-09 13:04:46"},{"nodeID":"1306682","text":"the answer to being green and being good for our energy security is more renewables","type":"I","timestamp":"2023-11-09 13:04:47"},{"nodeID":"1306683","text":"Greg Hands: The answer is more renewables","type":"L","timestamp":"2023-11-09 13:04:47"},{"nodeID":"1306684","text":"Analysing","type":"YA","timestamp":"2023-11-09 13:04:47"},{"nodeID":"1306685","text":"Amelie: Greg Hands: The answer is more renewables","type":"L","timestamp":"2023-11-09 13:04:47"},{"nodeID":"1306686","text":"Asserting","type":"YA","timestamp":"2023-11-09 13:04:47"},{"nodeID":"1306687","text":"Default Rephrase","type":"MA","timestamp":"2023-11-09 13:04:47"},{"nodeID":"1306688","text":"Default Transition","type":"TA","timestamp":"2023-11-09 13:04:47"},{"nodeID":"1306689","text":"Restating","type":"YA","timestamp":"2023-11-09 13:04:47"},{"nodeID":"1306690","text":"going back to the IPCC report, the answer is actually more nuclear as well","type":"I","timestamp":"2023-11-09 13:04:48"},{"nodeID":"1306691","text":"Greg Hands: Going back to the IPCC report, the answer is actually more nuclear as well","type":"L","timestamp":"2023-11-09 13:04:48"},{"nodeID":"1306692","text":"Analysing","type":"YA","timestamp":"2023-11-09 13:04:48"},{"nodeID":"1306693","text":"Amelie: Greg Hands: Going back to the IPCC report, the answer is actually more nuclear as well","type":"L","timestamp":"2023-11-09 13:04:48"},{"nodeID":"1306694","text":"Asserting","type":"YA","timestamp":"2023-11-09 13:04:48"},{"nodeID":"1306695","text":"Default Transition","type":"TA","timestamp":"2023-11-09 13:04:48"},{"nodeID":"1306696","text":"nuclear power is very low carbon","type":"I","timestamp":"2023-11-09 13:04:48"},{"nodeID":"1306697","text":"Greg Hands: which is very low carbon","type":"L","timestamp":"2023-11-09 13:04:48"},{"nodeID":"1306698","text":"Analysing","type":"YA","timestamp":"2023-11-09 13:04:48"},{"nodeID":"1306699","text":"Amelie: Greg Hands: which is very low carbon","type":"L","timestamp":"2023-11-09 13:04:48"},{"nodeID":"1306700","text":"Asserting","type":"YA","timestamp":"2023-11-09 13:04:48"},{"nodeID":"1306701","text":"Default Inference","type":"RA","timestamp":"2023-11-09 13:04:48"},{"nodeID":"1306702","text":"Default Transition","type":"TA","timestamp":"2023-11-09 13:04:48"},{"nodeID":"1306703","text":"Arguing","type":"YA","timestamp":"2023-11-09 13:04:48"},{"nodeID":"1306704","text":"one person objecting to nuclear power is or isn't enough to kibosh it","type":"I","timestamp":"2023-11-09 13:04:49"},{"nodeID":"1306705","text":"Fiona Bruce: If one person objects, is that enough to kibosh it","type":"L","timestamp":"2023-11-09 13:04:49"},{"nodeID":"1306706","text":"Analysing","type":"YA","timestamp":"2023-11-09 13:04:49"},{"nodeID":"1306707","text":"Amelie: Fiona Bruce: If one person objects, is that enough to kibosh it","type":"L","timestamp":"2023-11-09 13:04:49"},{"nodeID":"1306708","text":"Pure Questioning","type":"YA","timestamp":"2023-11-09 13:04:49"},{"nodeID":"1306709","text":"Default Transition","type":"TA","timestamp":"2023-11-09 13:04:49"},{"nodeID":"1306710","text":"Default Rephrase","type":"MA","timestamp":"2023-11-09 13:04:49"},{"nodeID":"1306711","text":"Restating","type":"YA","timestamp":"2023-11-09 13:04:49"}],"edges":[{"edgeID":"1716455","fromID":"1306637","toID":"1306636","formEdgeID":null},{"edgeID":"1716456","fromID":"1306638","toID":"1306637","formEdgeID":null},{"edgeID":"1716457","fromID":"1306636","toID":"1306639","formEdgeID":null},{"edgeID":"1716458","fromID":"1306639","toID":"1306635","formEdgeID":null},{"edgeID":"1716459","fromID":"1306642","toID":"1306641","formEdgeID":null},{"edgeID":"1716460","fromID":"1306643","toID":"1306642","formEdgeID":null},{"edgeID":"1716461","fromID":"1306641","toID":"1306644","formEdgeID":null},{"edgeID":"1716462","fromID":"1306644","toID":"1306640","formEdgeID":null},{"edgeID":"1716463","fromID":"1306636","toID":"1306645","formEdgeID":null},{"edgeID":"1716464","fromID":"1306645","toID":"1306641","formEdgeID":null},{"edgeID":"1716465","fromID":"1306648","toID":"1306647","formEdgeID":null},{"edgeID":"1716466","fromID":"1306649","toID":"1306648","formEdgeID":null},{"edgeID":"1716467","fromID":"1306647","toID":"1306650","formEdgeID":null},{"edgeID":"1716468","fromID":"1306650","toID":"1306646","formEdgeID":null},{"edgeID":"1716469","fromID":"1306641","toID":"1306651","formEdgeID":null},{"edgeID":"1716470","fromID":"1306651","toID":"1306647","formEdgeID":null},{"edgeID":"1716471","fromID":"1306640","toID":"1306652","formEdgeID":null},{"edgeID":"1716472","fromID":"1306652","toID":"1306635","formEdgeID":null},{"edgeID":"1716473","fromID":"1306645","toID":"1306653","formEdgeID":null},{"edgeID":"1716474","fromID":"1306653","toID":"1306652","formEdgeID":null},{"edgeID":"1716475","fromID":"1306656","toID":"1306655","formEdgeID":null},{"edgeID":"1716476","fromID":"1306657","toID":"1306656","formEdgeID":null},{"edgeID":"1716477","fromID":"1306655","toID":"1306658","formEdgeID":null},{"edgeID":"1716478","fromID":"1306658","toID":"1306654","formEdgeID":null},{"edgeID":"1716479","fromID":"1306654","toID":"1306659","formEdgeID":null},{"edgeID":"1716480","fromID":"1306659","toID":"1306640","formEdgeID":null},{"edgeID":"1716481","fromID":"1306647","toID":"1306660","formEdgeID":null},{"edgeID":"1716482","fromID":"1306660","toID":"1306655","formEdgeID":null},{"edgeID":"1716483","fromID":"1306660","toID":"1306661","formEdgeID":null},{"edgeID":"1716484","fromID":"1306661","toID":"1306659","formEdgeID":null},{"edgeID":"1716485","fromID":"1306664","toID":"1306663","formEdgeID":null},{"edgeID":"1716486","fromID":"1306665","toID":"1306664","formEdgeID":null},{"edgeID":"1716487","fromID":"1306663","toID":"1306666","formEdgeID":null},{"edgeID":"1716488","fromID":"1306666","toID":"1306662","formEdgeID":null},{"edgeID":"1716489","fromID":"1306655","toID":"1306667","formEdgeID":null},{"edgeID":"1716490","fromID":"1306667","toID":"1306663","formEdgeID":null},{"edgeID":"1716491","fromID":"1306662","toID":"1306668","formEdgeID":null},{"edgeID":"1716492","fromID":"1306668","toID":"1306654","formEdgeID":null},{"edgeID":"1716493","fromID":"1306667","toID":"1306669","formEdgeID":null},{"edgeID":"1716494","fromID":"1306669","toID":"1306668","formEdgeID":null},{"edgeID":"1716495","fromID":"1306672","toID":"1306671","formEdgeID":null},{"edgeID":"1716496","fromID":"1306673","toID":"1306672","formEdgeID":null},{"edgeID":"1716497","fromID":"1306671","toID":"1306674","formEdgeID":null},{"edgeID":"1716498","fromID":"1306674","toID":"1306670","formEdgeID":null},{"edgeID":"1716499","fromID":"1306663","toID":"1306675","formEdgeID":null},{"edgeID":"1716500","fromID":"1306675","toID":"1306671","formEdgeID":null},{"edgeID":"1716501","fromID":"1306678","toID":"1306677","formEdgeID":null},{"edgeID":"1716502","fromID":"1306679","toID":"1306678","formEdgeID":null},{"edgeID":"1716503","fromID":"1306677","toID":"1306680","formEdgeID":null},{"edgeID":"1716504","fromID":"1306680","toID":"1306676","formEdgeID":null},{"edgeID":"1716505","fromID":"1306671","toID":"1306681","formEdgeID":null},{"edgeID":"1716506","fromID":"1306681","toID":"1306677","formEdgeID":null},{"edgeID":"1716507","fromID":"1306684","toID":"1306683","formEdgeID":null},{"edgeID":"1716508","fromID":"1306685","toID":"1306684","formEdgeID":null},{"edgeID":"1716509","fromID":"1306683","toID":"1306686","formEdgeID":null},{"edgeID":"1716510","fromID":"1306686","toID":"1306682","formEdgeID":null},{"edgeID":"1716511","fromID":"1306682","toID":"1306687","formEdgeID":null},{"edgeID":"1716512","fromID":"1306687","toID":"1306676","formEdgeID":null},{"edgeID":"1716513","fromID":"1306677","toID":"1306688","formEdgeID":null},{"edgeID":"1716514","fromID":"1306688","toID":"1306683","formEdgeID":null},{"edgeID":"1716515","fromID":"1306688","toID":"1306689","formEdgeID":null},{"edgeID":"1716516","fromID":"1306689","toID":"1306687","formEdgeID":null},{"edgeID":"1716517","fromID":"1306692","toID":"1306691","formEdgeID":null},{"edgeID":"1716518","fromID":"1306693","toID":"1306692","formEdgeID":null},{"edgeID":"1716519","fromID":"1306691","toID":"1306694","formEdgeID":null},{"edgeID":"1716520","fromID":"1306694","toID":"1306690","formEdgeID":null},{"edgeID":"1716521","fromID":"1306683","toID":"1306695","formEdgeID":null},{"edgeID":"1716522","fromID":"1306695","toID":"1306691","formEdgeID":null},{"edgeID":"1716523","fromID":"1306698","toID":"1306697","formEdgeID":null},{"edgeID":"1716524","fromID":"1306699","toID":"1306698","formEdgeID":null},{"edgeID":"1716525","fromID":"1306697","toID":"1306700","formEdgeID":null},{"edgeID":"1716526","fromID":"1306700","toID":"1306696","formEdgeID":null},{"edgeID":"1716527","fromID":"1306696","toID":"1306701","formEdgeID":null},{"edgeID":"1716528","fromID":"1306701","toID":"1306690","formEdgeID":null},{"edgeID":"1716529","fromID":"1306691","toID":"1306702","formEdgeID":null},{"edgeID":"1716530","fromID":"1306702","toID":"1306697","formEdgeID":null},{"edgeID":"1716531","fromID":"1306702","toID":"1306703","formEdgeID":null},{"edgeID":"1716532","fromID":"1306703","toID":"1306701","formEdgeID":null},{"edgeID":"1716533","fromID":"1306706","toID":"1306705","formEdgeID":null},{"edgeID":"1716534","fromID":"1306707","toID":"1306706","formEdgeID":null},{"edgeID":"1716535","fromID":"1306705","toID":"1306708","formEdgeID":null},{"edgeID":"1716536","fromID":"1306708","toID":"1306704","formEdgeID":null},{"edgeID":"1716537","fromID":"1306697","toID":"1306709","formEdgeID":null},{"edgeID":"1716538","fromID":"1306709","toID":"1306705","formEdgeID":null},{"edgeID":"1716539","fromID":"1306676","toID":"1306710","formEdgeID":null},{"edgeID":"1716540","fromID":"1306710","toID":"1306670","formEdgeID":null},{"edgeID":"1716541","fromID":"1306681","toID":"1306711","formEdgeID":null},{"edgeID":"1716542","fromID":"1306711","toID":"1306710","formEdgeID":null}],"locutions":[]}