{"nodes":[{"nodeID":"1308765","text":"AudienceMember 20220407QT29 cannot understand why everything has to come through Dover","type":"I","timestamp":"2023-11-09 13:07:44"},{"nodeID":"1308766","text":"AudienceMember 20220407QT29: I cannot understand why everything has to come through Dover","type":"L","timestamp":"2023-11-09 13:07:44"},{"nodeID":"1308767","text":"Analysing","type":"YA","timestamp":"2023-11-09 13:07:44"},{"nodeID":"1308768","text":"Pawe\u0142: AudienceMember 20220407QT29: I cannot understand why everything has to come through Dover","type":"L","timestamp":"2023-11-09 13:07:44"},{"nodeID":"1308769","text":"Asserting","type":"YA","timestamp":"2023-11-09 13:07:44"},{"nodeID":"1308770","text":"we need some entrepreneurs, along with the banks","type":"I","timestamp":"2023-11-09 13:07:44"},{"nodeID":"1308771","text":"AudienceMember 20220407QT29: I think we need some entrepreneurs, along with the banks","type":"L","timestamp":"2023-11-09 13:07:44"},{"nodeID":"1308772","text":"Analysing","type":"YA","timestamp":"2023-11-09 13:07:44"},{"nodeID":"1308773","text":"Pawe\u0142: AudienceMember 20220407QT29: I think we need some entrepreneurs, along with the banks","type":"L","timestamp":"2023-11-09 13:07:44"},{"nodeID":"1308774","text":"Asserting","type":"YA","timestamp":"2023-11-09 13:07:44"},{"nodeID":"1308775","text":"we've got the Port of Sheerness, we've got the Port of Ramsgate, and they aren't used for ferries","type":"I","timestamp":"2023-11-09 13:07:45"},{"nodeID":"1308776","text":"AudienceMember 20220407QT29: We've got the Port of Sheerness, we've got the Port of Ramsgate, why aren't they used for ferries","type":"L","timestamp":"2023-11-09 13:07:45"},{"nodeID":"1308777","text":"Analysing","type":"YA","timestamp":"2023-11-09 13:07:45"},{"nodeID":"1308778","text":"Pawe\u0142: AudienceMember 20220407QT29: We've got the Port of Sheerness, we've got the Port of Ramsgate, why aren't they used for ferries","type":"L","timestamp":"2023-11-09 13:07:45"},{"nodeID":"1308779","text":"Challenging","type":"YA","timestamp":"2023-11-09 13:07:45"},{"nodeID":"1308780","text":"AudienceMember 20220407QT29 wants to spread the load","type":"I","timestamp":"2023-11-09 13:07:46"},{"nodeID":"1308781","text":"Fiona Bruce: you want to spread the load","type":"L","timestamp":"2023-11-09 13:07:46"},{"nodeID":"1308782","text":"Analysing","type":"YA","timestamp":"2023-11-09 13:07:46"},{"nodeID":"1308783","text":"Pawe\u0142: Fiona Bruce: you want to spread the load","type":"L","timestamp":"2023-11-09 13:07:46"},{"nodeID":"1308784","text":"Asserting","type":"YA","timestamp":"2023-11-09 13:07:46"},{"nodeID":"1308785","text":"Default Inference","type":"RA","timestamp":"2023-11-09 13:07:46"},{"nodeID":"1308786","text":"Default Transition","type":"TA","timestamp":"2023-11-09 13:07:46"},{"nodeID":"1308787","text":"Default Transition","type":"TA","timestamp":"2023-11-09 13:07:46"},{"nodeID":"1308788","text":"Arguing","type":"YA","timestamp":"2023-11-09 13:07:46"},{"nodeID":"1308789","text":"Default Transition","type":"TA","timestamp":"2023-11-09 13:07:46"},{"nodeID":"1308790","text":"the traffic round here is bad","type":"I","timestamp":"2023-11-09 13:07:46"},{"nodeID":"1308791","text":"Fiona Bruce: the traffic round here and how bad it is","type":"L","timestamp":"2023-11-09 13:07:46"},{"nodeID":"1308792","text":"Analysing","type":"YA","timestamp":"2023-11-09 13:07:46"},{"nodeID":"1308793","text":"Pawe\u0142: Fiona Bruce: the traffic round here and how bad it is","type":"L","timestamp":"2023-11-09 13:07:46"},{"nodeID":"1308794","text":"Asserting","type":"YA","timestamp":"2023-11-09 13:07:46"},{"nodeID":"1308795","text":"Default Transition","type":"TA","timestamp":"2023-11-09 13:07:46"},{"nodeID":"1308796","text":"Justin Welby: I agree with the question","type":"L","timestamp":"2023-11-09 13:07:46"},{"nodeID":"1308797","text":"Analysing","type":"YA","timestamp":"2023-11-09 13:07:46"},{"nodeID":"1308798","text":"Pawe\u0142: Justin Welby: I agree with the question","type":"L","timestamp":"2023-11-09 13:07:46"},{"nodeID":"1308799","text":"Default Transition","type":"TA","timestamp":"2023-11-09 13:07:46"},{"nodeID":"1308800","text":"Agreeing","type":"YA","timestamp":"2023-11-09 13:07:46"},{"nodeID":"1308801","text":"bad traffic has been going on for more than six days on this occasion","type":"I","timestamp":"2023-11-09 13:07:47"},{"nodeID":"1308802","text":"Justin Welby: it's been going on for more than six days on this occasion","type":"L","timestamp":"2023-11-09 13:07:47"},{"nodeID":"1308803","text":"Analysing","type":"YA","timestamp":"2023-11-09 13:07:47"},{"nodeID":"1308804","text":"Pawe\u0142: Justin Welby: it's been going on for more than six days on this occasion","type":"L","timestamp":"2023-11-09 13:07:47"},{"nodeID":"1308805","text":"Asserting","type":"YA","timestamp":"2023-11-09 13:07:47"},{"nodeID":"1308806","text":"bad traffic has been going on for years for different reasons at different times","type":"I","timestamp":"2023-11-09 13:07:47"},{"nodeID":"1308807","text":"Justin Welby: it's been going on for years for different reasons at different times","type":"L","timestamp":"2023-11-09 13:07:47"},{"nodeID":"1308808","text":"Analysing","type":"YA","timestamp":"2023-11-09 13:07:47"},{"nodeID":"1308809","text":"Pawe\u0142: Justin Welby: it's been going on for years for different reasons at different times","type":"L","timestamp":"2023-11-09 13:07:47"},{"nodeID":"1308810","text":"Asserting","type":"YA","timestamp":"2023-11-09 13:07:47"},{"nodeID":"1308811","text":"Default Transition","type":"TA","timestamp":"2023-11-09 13:07:47"},{"nodeID":"1308812","text":"Default Transition","type":"TA","timestamp":"2023-11-09 13:07:47"},{"nodeID":"1308813","text":"Default Rephrase","type":"MA","timestamp":"2023-11-09 13:07:47"},{"nodeID":"1308814","text":"Restating","type":"YA","timestamp":"2023-11-09 13:07:47"},{"nodeID":"1308815","text":"every time bad traffic happens, everyone who has a small business can't get to work","type":"I","timestamp":"2023-11-09 13:07:48"},{"nodeID":"1308816","text":"Justin Welby:  Every time it happens, everyone who has a small business can't get to work","type":"L","timestamp":"2023-11-09 13:07:48"},{"nodeID":"1308817","text":"Analysing","type":"YA","timestamp":"2023-11-09 13:07:48"},{"nodeID":"1308818","text":"Pawe\u0142: Justin Welby:  Every time it happens, everyone who has a small business can't get to work","type":"L","timestamp":"2023-11-09 13:07:48"},{"nodeID":"1308819","text":"Asserting","type":"YA","timestamp":"2023-11-09 13:07:48"},{"nodeID":"1308820","text":"every time bad traffic happens, people can't get to hospital, the ambulances get held up, the roads get blocked","type":"I","timestamp":"2023-11-09 13:07:49"},{"nodeID":"1308821","text":"Justin Welby: Every time it happens, people can't get to hospital, the ambulances get held up, the roads get blocked","type":"L","timestamp":"2023-11-09 13:07:49"},{"nodeID":"1308822","text":"Analysing","type":"YA","timestamp":"2023-11-09 13:07:49"},{"nodeID":"1308823","text":"Pawe\u0142: Justin Welby: Every time it happens, people can't get to hospital, the ambulances get held up, the roads get blocked","type":"L","timestamp":"2023-11-09 13:07:49"},{"nodeID":"1308824","text":"Asserting","type":"YA","timestamp":"2023-11-09 13:07:49"},{"nodeID":"1308825","text":"Default Transition","type":"TA","timestamp":"2023-11-09 13:07:49"},{"nodeID":"1308826","text":"Default Transition","type":"TA","timestamp":"2023-11-09 13:07:49"},{"nodeID":"1308827","text":"every time bad traffic happens people take different routes","type":"I","timestamp":"2023-11-09 13:07:49"},{"nodeID":"1308828","text":"Justin Welby: People take different routes","type":"L","timestamp":"2023-11-09 13:07:49"},{"nodeID":"1308829","text":"Analysing","type":"YA","timestamp":"2023-11-09 13:07:49"},{"nodeID":"1308830","text":"Pawe\u0142: Justin Welby: People take different routes","type":"L","timestamp":"2023-11-09 13:07:49"},{"nodeID":"1308831","text":"Asserting","type":"YA","timestamp":"2023-11-09 13:07:49"},{"nodeID":"1308832","text":"Default Rephrase","type":"MA","timestamp":"2023-11-09 13:07:49"},{"nodeID":"1308833","text":"Default Rephrase","type":"MA","timestamp":"2023-11-09 13:07:49"},{"nodeID":"1308834","text":"Default Transition","type":"TA","timestamp":"2023-11-09 13:07:49"},{"nodeID":"1308835","text":"Restating","type":"YA","timestamp":"2023-11-09 13:07:49"},{"nodeID":"1308836","text":"Restating","type":"YA","timestamp":"2023-11-09 13:07:49"},{"nodeID":"1308837","text":"every time bad traffic happens one finds absolute chaos in towns near the main roads","type":"I","timestamp":"2023-11-09 13:07:50"},{"nodeID":"1308838","text":"Justin Welby: You find absolute chaos in towns near the main roads","type":"L","timestamp":"2023-11-09 13:07:50"},{"nodeID":"1308839","text":"Analysing","type":"YA","timestamp":"2023-11-09 13:07:50"},{"nodeID":"1308840","text":"Pawe\u0142: Justin Welby: You find absolute chaos in towns near the main roads","type":"L","timestamp":"2023-11-09 13:07:50"},{"nodeID":"1308841","text":"Asserting","type":"YA","timestamp":"2023-11-09 13:07:50"},{"nodeID":"1308842","text":"Default Rephrase","type":"MA","timestamp":"2023-11-09 13:07:50"},{"nodeID":"1308843","text":"Default Transition","type":"TA","timestamp":"2023-11-09 13:07:50"},{"nodeID":"1308844","text":"Restating","type":"YA","timestamp":"2023-11-09 13:07:50"},{"nodeID":"1308845","text":"traffic does need support on that","type":"I","timestamp":"2023-11-09 13:07:50"},{"nodeID":"1308846","text":"Justin Welby: it does need support on that","type":"L","timestamp":"2023-11-09 13:07:50"},{"nodeID":"1308847","text":"Analysing","type":"YA","timestamp":"2023-11-09 13:07:50"},{"nodeID":"1308848","text":"Pawe\u0142: Justin Welby: it does need support on that","type":"L","timestamp":"2023-11-09 13:07:50"},{"nodeID":"1308849","text":"Asserting","type":"YA","timestamp":"2023-11-09 13:07:50"},{"nodeID":"1308850","text":"Default Transition","type":"TA","timestamp":"2023-11-09 13:07:50"},{"nodeID":"1308851","text":"there is no real sense that traffic is being gripped","type":"I","timestamp":"2023-11-09 13:07:51"},{"nodeID":"1308852","text":"Justin Welby: There is no real sense that it's being gripped","type":"L","timestamp":"2023-11-09 13:07:51"},{"nodeID":"1308853","text":"Analysing","type":"YA","timestamp":"2023-11-09 13:07:51"},{"nodeID":"1308854","text":"Pawe\u0142: Justin Welby: There is no real sense that it's being gripped","type":"L","timestamp":"2023-11-09 13:07:51"},{"nodeID":"1308855","text":"Asserting","type":"YA","timestamp":"2023-11-09 13:07:51"},{"nodeID":"1308856","text":"we have to look at local communities and support them","type":"I","timestamp":"2023-11-09 13:07:52"},{"nodeID":"1308857","text":"Justin Welby:  We have to look at local communities and support them","type":"L","timestamp":"2023-11-09 13:07:52"},{"nodeID":"1308858","text":"Analysing","type":"YA","timestamp":"2023-11-09 13:07:52"},{"nodeID":"1308859","text":"Pawe\u0142: Justin Welby:  We have to look at local communities and support them","type":"L","timestamp":"2023-11-09 13:07:52"},{"nodeID":"1308860","text":"Asserting","type":"YA","timestamp":"2023-11-09 13:07:52"},{"nodeID":"1308861","text":"Default Transition","type":"TA","timestamp":"2023-11-09 13:07:52"},{"nodeID":"1308862","text":"local communities need extra resources","type":"I","timestamp":"2023-11-09 13:07:52"},{"nodeID":"1308863","text":"Justin Welby: They need extra resources","type":"L","timestamp":"2023-11-09 13:07:52"},{"nodeID":"1308864","text":"Analysing","type":"YA","timestamp":"2023-11-09 13:07:52"},{"nodeID":"1308865","text":"Pawe\u0142: Justin Welby: They need extra resources","type":"L","timestamp":"2023-11-09 13:07:52"},{"nodeID":"1308866","text":"Asserting","type":"YA","timestamp":"2023-11-09 13:07:52"},{"nodeID":"1308867","text":"Default Transition","type":"TA","timestamp":"2023-11-09 13:07:52"},{"nodeID":"1308868","text":"Default Inference","type":"RA","timestamp":"2023-11-09 13:07:52"},{"nodeID":"1308869","text":"Arguing","type":"YA","timestamp":"2023-11-09 13:07:52"},{"nodeID":"1308870","text":"Default Rephrase","type":"MA","timestamp":"2023-11-09 13:07:52"},{"nodeID":"1308871","text":"Default Transition","type":"TA","timestamp":"2023-11-09 13:07:52"},{"nodeID":"1308872","text":"Restating","type":"YA","timestamp":"2023-11-09 13:07:52"},{"nodeID":"1308873","text":"Default Inference","type":"RA","timestamp":"2023-11-09 13:07:52"},{"nodeID":"1308874","text":"Arguing","type":"YA","timestamp":"2023-11-09 13:07:52"}],"edges":[{"edgeID":"1718934","fromID":"1308767","toID":"1308766","formEdgeID":null},{"edgeID":"1718935","fromID":"1308768","toID":"1308767","formEdgeID":null},{"edgeID":"1718936","fromID":"1308766","toID":"1308769","formEdgeID":null},{"edgeID":"1718937","fromID":"1308769","toID":"1308765","formEdgeID":null},{"edgeID":"1718938","fromID":"1308772","toID":"1308771","formEdgeID":null},{"edgeID":"1718939","fromID":"1308773","toID":"1308772","formEdgeID":null},{"edgeID":"1718940","fromID":"1308771","toID":"1308774","formEdgeID":null},{"edgeID":"1718941","fromID":"1308774","toID":"1308770","formEdgeID":null},{"edgeID":"1718942","fromID":"1308777","toID":"1308776","formEdgeID":null},{"edgeID":"1718943","fromID":"1308778","toID":"1308777","formEdgeID":null},{"edgeID":"1718944","fromID":"1308776","toID":"1308779","formEdgeID":null},{"edgeID":"1718945","fromID":"1308779","toID":"1308775","formEdgeID":null},{"edgeID":"1718946","fromID":"1308782","toID":"1308781","formEdgeID":null},{"edgeID":"1718947","fromID":"1308783","toID":"1308782","formEdgeID":null},{"edgeID":"1718948","fromID":"1308781","toID":"1308784","formEdgeID":null},{"edgeID":"1718949","fromID":"1308784","toID":"1308780","formEdgeID":null},{"edgeID":"1718950","fromID":"1308775","toID":"1308785","formEdgeID":null},{"edgeID":"1718951","fromID":"1308785","toID":"1308765","formEdgeID":null},{"edgeID":"1718952","fromID":"1308766","toID":"1308786","formEdgeID":null},{"edgeID":"1718953","fromID":"1308786","toID":"1308771","formEdgeID":null},{"edgeID":"1718954","fromID":"1308766","toID":"1308787","formEdgeID":null},{"edgeID":"1718955","fromID":"1308787","toID":"1308776","formEdgeID":null},{"edgeID":"1718956","fromID":"1308787","toID":"1308788","formEdgeID":null},{"edgeID":"1718957","fromID":"1308788","toID":"1308785","formEdgeID":null},{"edgeID":"1718958","fromID":"1308776","toID":"1308789","formEdgeID":null},{"edgeID":"1718959","fromID":"1308789","toID":"1308781","formEdgeID":null},{"edgeID":"1718960","fromID":"1308792","toID":"1308791","formEdgeID":null},{"edgeID":"1718961","fromID":"1308793","toID":"1308792","formEdgeID":null},{"edgeID":"1718962","fromID":"1308791","toID":"1308794","formEdgeID":null},{"edgeID":"1718963","fromID":"1308794","toID":"1308790","formEdgeID":null},{"edgeID":"1718964","fromID":"1308781","toID":"1308795","formEdgeID":null},{"edgeID":"1718965","fromID":"1308795","toID":"1308791","formEdgeID":null},{"edgeID":"1718966","fromID":"1308797","toID":"1308796","formEdgeID":null},{"edgeID":"1718967","fromID":"1308798","toID":"1308797","formEdgeID":null},{"edgeID":"1718968","fromID":"1308791","toID":"1308799","formEdgeID":null},{"edgeID":"1718969","fromID":"1308799","toID":"1308796","formEdgeID":null},{"edgeID":"1718970","fromID":"1308796","toID":"1308800","formEdgeID":null},{"edgeID":"1718971","fromID":"1308800","toID":"1308790","formEdgeID":null},{"edgeID":"1718972","fromID":"1308803","toID":"1308802","formEdgeID":null},{"edgeID":"1718973","fromID":"1308804","toID":"1308803","formEdgeID":null},{"edgeID":"1718974","fromID":"1308802","toID":"1308805","formEdgeID":null},{"edgeID":"1718975","fromID":"1308805","toID":"1308801","formEdgeID":null},{"edgeID":"1718976","fromID":"1308808","toID":"1308807","formEdgeID":null},{"edgeID":"1718977","fromID":"1308809","toID":"1308808","formEdgeID":null},{"edgeID":"1718978","fromID":"1308807","toID":"1308810","formEdgeID":null},{"edgeID":"1718979","fromID":"1308810","toID":"1308806","formEdgeID":null},{"edgeID":"1718980","fromID":"1308796","toID":"1308811","formEdgeID":null},{"edgeID":"1718981","fromID":"1308811","toID":"1308802","formEdgeID":null},{"edgeID":"1718982","fromID":"1308802","toID":"1308812","formEdgeID":null},{"edgeID":"1718983","fromID":"1308812","toID":"1308807","formEdgeID":null},{"edgeID":"1718984","fromID":"1308806","toID":"1308813","formEdgeID":null},{"edgeID":"1718985","fromID":"1308813","toID":"1308801","formEdgeID":null},{"edgeID":"1718986","fromID":"1308812","toID":"1308814","formEdgeID":null},{"edgeID":"1718987","fromID":"1308814","toID":"1308813","formEdgeID":null},{"edgeID":"1718988","fromID":"1308817","toID":"1308816","formEdgeID":null},{"edgeID":"1718989","fromID":"1308818","toID":"1308817","formEdgeID":null},{"edgeID":"1718990","fromID":"1308816","toID":"1308819","formEdgeID":null},{"edgeID":"1718991","fromID":"1308819","toID":"1308815","formEdgeID":null},{"edgeID":"1718992","fromID":"1308822","toID":"1308821","formEdgeID":null},{"edgeID":"1718993","fromID":"1308823","toID":"1308822","formEdgeID":null},{"edgeID":"1718994","fromID":"1308821","toID":"1308824","formEdgeID":null},{"edgeID":"1718995","fromID":"1308824","toID":"1308820","formEdgeID":null},{"edgeID":"1718996","fromID":"1308807","toID":"1308825","formEdgeID":null},{"edgeID":"1718997","fromID":"1308825","toID":"1308816","formEdgeID":null},{"edgeID":"1718998","fromID":"1308816","toID":"1308826","formEdgeID":null},{"edgeID":"1718999","fromID":"1308826","toID":"1308821","formEdgeID":null},{"edgeID":"1719000","fromID":"1308829","toID":"1308828","formEdgeID":null},{"edgeID":"1719001","fromID":"1308830","toID":"1308829","formEdgeID":null},{"edgeID":"1719002","fromID":"1308828","toID":"1308831","formEdgeID":null},{"edgeID":"1719003","fromID":"1308831","toID":"1308827","formEdgeID":null},{"edgeID":"1719004","fromID":"1308827","toID":"1308832","formEdgeID":null},{"edgeID":"1719005","fromID":"1308832","toID":"1308820","formEdgeID":null},{"edgeID":"1719006","fromID":"1308820","toID":"1308833","formEdgeID":null},{"edgeID":"1719007","fromID":"1308833","toID":"1308815","formEdgeID":null},{"edgeID":"1719008","fromID":"1308821","toID":"1308834","formEdgeID":null},{"edgeID":"1719009","fromID":"1308834","toID":"1308828","formEdgeID":null},{"edgeID":"1719010","fromID":"1308826","toID":"1308835","formEdgeID":null},{"edgeID":"1719011","fromID":"1308835","toID":"1308833","formEdgeID":null},{"edgeID":"1719012","fromID":"1308834","toID":"1308836","formEdgeID":null},{"edgeID":"1719013","fromID":"1308836","toID":"1308832","formEdgeID":null},{"edgeID":"1719014","fromID":"1308839","toID":"1308838","formEdgeID":null},{"edgeID":"1719015","fromID":"1308840","toID":"1308839","formEdgeID":null},{"edgeID":"1719016","fromID":"1308838","toID":"1308841","formEdgeID":null},{"edgeID":"1719017","fromID":"1308841","toID":"1308837","formEdgeID":null},{"edgeID":"1719018","fromID":"1308837","toID":"1308842","formEdgeID":null},{"edgeID":"1719019","fromID":"1308842","toID":"1308827","formEdgeID":null},{"edgeID":"1719020","fromID":"1308828","toID":"1308843","formEdgeID":null},{"edgeID":"1719021","fromID":"1308843","toID":"1308838","formEdgeID":null},{"edgeID":"1719022","fromID":"1308843","toID":"1308844","formEdgeID":null},{"edgeID":"1719023","fromID":"1308844","toID":"1308842","formEdgeID":null},{"edgeID":"1719024","fromID":"1308847","toID":"1308846","formEdgeID":null},{"edgeID":"1719025","fromID":"1308848","toID":"1308847","formEdgeID":null},{"edgeID":"1719026","fromID":"1308846","toID":"1308849","formEdgeID":null},{"edgeID":"1719027","fromID":"1308849","toID":"1308845","formEdgeID":null},{"edgeID":"1719028","fromID":"1308838","toID":"1308850","formEdgeID":null},{"edgeID":"1719029","fromID":"1308850","toID":"1308846","formEdgeID":null},{"edgeID":"1719030","fromID":"1308853","toID":"1308852","formEdgeID":null},{"edgeID":"1719031","fromID":"1308854","toID":"1308853","formEdgeID":null},{"edgeID":"1719032","fromID":"1308852","toID":"1308855","formEdgeID":null},{"edgeID":"1719033","fromID":"1308855","toID":"1308851","formEdgeID":null},{"edgeID":"1719034","fromID":"1308858","toID":"1308857","formEdgeID":null},{"edgeID":"1719035","fromID":"1308859","toID":"1308858","formEdgeID":null},{"edgeID":"1719036","fromID":"1308857","toID":"1308860","formEdgeID":null},{"edgeID":"1719037","fromID":"1308860","toID":"1308856","formEdgeID":null},{"edgeID":"1719038","fromID":"1308846","toID":"1308861","formEdgeID":null},{"edgeID":"1719039","fromID":"1308861","toID":"1308852","formEdgeID":null},{"edgeID":"1719040","fromID":"1308864","toID":"1308863","formEdgeID":null},{"edgeID":"1719041","fromID":"1308865","toID":"1308864","formEdgeID":null},{"edgeID":"1719042","fromID":"1308863","toID":"1308866","formEdgeID":null},{"edgeID":"1719043","fromID":"1308866","toID":"1308862","formEdgeID":null},{"edgeID":"1719044","fromID":"1308857","toID":"1308867","formEdgeID":null},{"edgeID":"1719045","fromID":"1308867","toID":"1308863","formEdgeID":null},{"edgeID":"1719046","fromID":"1308862","toID":"1308868","formEdgeID":null},{"edgeID":"1719047","fromID":"1308868","toID":"1308856","formEdgeID":null},{"edgeID":"1719048","fromID":"1308867","toID":"1308869","formEdgeID":null},{"edgeID":"1719049","fromID":"1308869","toID":"1308868","formEdgeID":null},{"edgeID":"1719050","fromID":"1308856","toID":"1308870","formEdgeID":null},{"edgeID":"1719051","fromID":"1308870","toID":"1308845","formEdgeID":null},{"edgeID":"1719052","fromID":"1308846","toID":"1308871","formEdgeID":null},{"edgeID":"1719053","fromID":"1308871","toID":"1308857","formEdgeID":null},{"edgeID":"1719054","fromID":"1308871","toID":"1308872","formEdgeID":null},{"edgeID":"1719055","fromID":"1308872","toID":"1308870","formEdgeID":null},{"edgeID":"1719056","fromID":"1308837","toID":"1308873","formEdgeID":null},{"edgeID":"1719057","fromID":"1308873","toID":"1308845","formEdgeID":null},{"edgeID":"1719058","fromID":"1308850","toID":"1308874","formEdgeID":null},{"edgeID":"1719059","fromID":"1308874","toID":"1308873","formEdgeID":null}],"locutions":[]}