{"nodes":[{"nodeID":"1309456","text":"people need infrastructure and they need support","type":"I","timestamp":"2023-11-09 13:08:42"},{"nodeID":"1309461","text":"people don't want their homes to be turned into gigantic carparks and they don't want to see the long-term consequences of seeing that happen","type":"I","timestamp":"2023-11-09 13:08:42"},{"nodeID":"1309466","text":"using P&O is quite a convenient smokescreen from what clearly is quite long standing issues that pre-date P&O","type":"I","timestamp":"2023-11-09 13:08:43"},{"nodeID":"1309497","text":"Zing Tsjeng: people need infrastructure and they need support","type":"L","timestamp":"2023-11-09 13:08:45"},{"nodeID":"1309498","text":"Zing Tsjeng: They don't want their homes to be turned into gigantic carparks and they don't want to see the long-term consequences of seeing that happen","type":"L","timestamp":"2023-11-09 13:08:46"},{"nodeID":"1309499","text":"Zing Tsjeng: using P&O is quite a convenient smokescreen from what clearly is quite long standing issues that pre-date P&O","type":"L","timestamp":"2023-11-09 13:08:47"},{"nodeID":"1309500","text":"Zing Tsjeng: Just think about how bad air quality is going to get if every day you have vehicles sat in traffic running exhausts three to four hours a day","type":"L","timestamp":"2023-11-09 13:08:47"},{"nodeID":"1309501","text":"Zing Tsjeng: It's not going to be good and it's going to affect the long-term health of people in the county","type":"L","timestamp":"2023-11-09 13:08:47"},{"nodeID":"1309502","text":"Anon: Zing Tsjeng: using P&O is quite a convenient smokescreen from what clearly is quite long standing issues that pre-date P&O","type":"L","timestamp":"2023-11-09 13:08:47"},{"nodeID":"1309503","text":"Analysing","type":"YA","timestamp":"2023-11-09 13:08:47"},{"nodeID":"1309504","text":"Asserting","type":"YA","timestamp":"2023-11-09 13:08:47"},{"nodeID":"1309505","text":"Analysing","type":"YA","timestamp":"2023-11-09 13:08:47"},{"nodeID":"1309506","text":"Anon: Zing Tsjeng: people need infrastructure and they need support","type":"L","timestamp":"2023-11-09 13:08:47"},{"nodeID":"1309507","text":"Asserting","type":"YA","timestamp":"2023-11-09 13:08:47"},{"nodeID":"1309508","text":"Default Transition","type":"TA","timestamp":"2023-11-09 13:08:47"},{"nodeID":"1309509","text":"Anon: Zing Tsjeng: They don't want their homes to be turned into gigantic carparks and they don't want to see the long-term consequences of seeing that happen","type":"L","timestamp":"2023-11-09 13:08:47"},{"nodeID":"1309510","text":"Analysing","type":"YA","timestamp":"2023-11-09 13:08:47"},{"nodeID":"1309511","text":"Asserting","type":"YA","timestamp":"2023-11-09 13:08:47"},{"nodeID":"1309512","text":"Default Transition","type":"TA","timestamp":"2023-11-09 13:08:47"},{"nodeID":"1309513","text":"Default Rephrase","type":"MA","timestamp":"2023-11-09 13:08:47"},{"nodeID":"1309514","text":"Restating","type":"YA","timestamp":"2023-11-09 13:08:47"},{"nodeID":"1309515","text":"just think about how bad air quality is going to get if every day you have vehicles sat in traffic running exhausts three to four hours a day","type":"I","timestamp":"2023-11-09 13:08:47"},{"nodeID":"1309516","text":"Analysing","type":"YA","timestamp":"2023-11-09 13:08:47"},{"nodeID":"1309517","text":"Anon: Zing Tsjeng: Just think about how bad air quality is going to get if every day you have vehicles sat in traffic running exhausts three to four hours a day","type":"L","timestamp":"2023-11-09 13:08:47"},{"nodeID":"1309518","text":"Asserting","type":"YA","timestamp":"2023-11-09 13:08:47"},{"nodeID":"1309519","text":"Default Transition","type":"TA","timestamp":"2023-11-09 13:08:47"},{"nodeID":"1309520","text":"Default Inference","type":"RA","timestamp":"2023-11-09 13:08:47"},{"nodeID":"1309521","text":"Arguing","type":"YA","timestamp":"2023-11-09 13:08:47"},{"nodeID":"1309522","text":"vehicles sat in traffic running exhausts for hours is not going to be good and it's going to affect the long-term health of people in the county","type":"I","timestamp":"2023-11-09 13:08:48"},{"nodeID":"1309523","text":"Analysing","type":"YA","timestamp":"2023-11-09 13:08:48"},{"nodeID":"1309524","text":"Anon: Zing Tsjeng: It's not going to be good and it's going to affect the long-term health of people in the county","type":"L","timestamp":"2023-11-09 13:08:48"},{"nodeID":"1309525","text":"Asserting","type":"YA","timestamp":"2023-11-09 13:08:48"},{"nodeID":"1309526","text":"Default Transition","type":"TA","timestamp":"2023-11-09 13:08:48"},{"nodeID":"1309527","text":"Default Inference","type":"RA","timestamp":"2023-11-09 13:08:48"},{"nodeID":"1309528","text":"Arguing","type":"YA","timestamp":"2023-11-09 13:08:48"},{"nodeID":"1309529","text":"it's about asking the Government, xx x is what you are doing to mitigate the effects of that beyond taking P&O to court","type":"I","timestamp":"2023-11-09 13:08:48"},{"nodeID":"1309530","text":"Analysing","type":"YA","timestamp":"2023-11-09 13:08:48"},{"nodeID":"1309531","text":"Zing Tsjeng: it's about asking the Government, what are you doing to mitigate the effects of that beyond taking P&O to court","type":"L","timestamp":"2023-11-09 13:08:48"},{"nodeID":"1309532","text":"Anon: Zing Tsjeng: it's about asking the Government, what are you doing to mitigate the effects of that beyond taking P&O to court","type":"L","timestamp":"2023-11-09 13:08:48"},{"nodeID":"1309533","text":"Pure Questioning","type":"YA","timestamp":"2023-11-09 13:08:48"},{"nodeID":"1309534","text":"Default Rephrase","type":"MA","timestamp":"2023-11-09 13:08:48"},{"nodeID":"1309535","text":"Default Transition","type":"TA","timestamp":"2023-11-09 13:08:48"},{"nodeID":"1309536","text":"Restating","type":"YA","timestamp":"2023-11-09 13:08:48"}],"edges":[{"edgeID":"1719782","fromID":"1309503","toID":"1309499","formEdgeID":null},{"edgeID":"1719783","fromID":"1309502","toID":"1309503","formEdgeID":null},{"edgeID":"1719784","fromID":"1309504","toID":"1309466","formEdgeID":null},{"edgeID":"1719785","fromID":"1309499","toID":"1309504","formEdgeID":null},{"edgeID":"1719786","fromID":"1309505","toID":"1309497","formEdgeID":null},{"edgeID":"1719787","fromID":"1309506","toID":"1309505","formEdgeID":null},{"edgeID":"1719788","fromID":"1309497","toID":"1309507","formEdgeID":null},{"edgeID":"1719789","fromID":"1309507","toID":"1309456","formEdgeID":null},{"edgeID":"1719790","fromID":"1309508","toID":"1309497","formEdgeID":null},{"edgeID":"1719791","fromID":"1309499","toID":"1309508","formEdgeID":null},{"edgeID":"1719792","fromID":"1309509","toID":"1309510","formEdgeID":null},{"edgeID":"1719793","fromID":"1309510","toID":"1309498","formEdgeID":null},{"edgeID":"1719794","fromID":"1309511","toID":"1309461","formEdgeID":null},{"edgeID":"1719795","fromID":"1309498","toID":"1309511","formEdgeID":null},{"edgeID":"1719796","fromID":"1309497","toID":"1309512","formEdgeID":null},{"edgeID":"1719797","fromID":"1309512","toID":"1309498","formEdgeID":null},{"edgeID":"1719798","fromID":"1309461","toID":"1309513","formEdgeID":null},{"edgeID":"1719799","fromID":"1309513","toID":"1309456","formEdgeID":null},{"edgeID":"1719800","fromID":"1309512","toID":"1309514","formEdgeID":null},{"edgeID":"1719801","fromID":"1309514","toID":"1309513","formEdgeID":null},{"edgeID":"1719802","fromID":"1309517","toID":"1309516","formEdgeID":null},{"edgeID":"1719803","fromID":"1309516","toID":"1309500","formEdgeID":null},{"edgeID":"1719804","fromID":"1309518","toID":"1309515","formEdgeID":null},{"edgeID":"1719805","fromID":"1309500","toID":"1309518","formEdgeID":null},{"edgeID":"1719806","fromID":"1309498","toID":"1309519","formEdgeID":null},{"edgeID":"1719807","fromID":"1309519","toID":"1309500","formEdgeID":null},{"edgeID":"1719808","fromID":"1309515","toID":"1309520","formEdgeID":null},{"edgeID":"1719809","fromID":"1309520","toID":"1309461","formEdgeID":null},{"edgeID":"1719810","fromID":"1309521","toID":"1309520","formEdgeID":null},{"edgeID":"1719811","fromID":"1309519","toID":"1309521","formEdgeID":null},{"edgeID":"1719812","fromID":"1309524","toID":"1309523","formEdgeID":null},{"edgeID":"1719813","fromID":"1309523","toID":"1309501","formEdgeID":null},{"edgeID":"1719814","fromID":"1309501","toID":"1309525","formEdgeID":null},{"edgeID":"1719815","fromID":"1309525","toID":"1309522","formEdgeID":null},{"edgeID":"1719816","fromID":"1309526","toID":"1309501","formEdgeID":null},{"edgeID":"1719817","fromID":"1309500","toID":"1309526","formEdgeID":null},{"edgeID":"1719818","fromID":"1309527","toID":"1309515","formEdgeID":null},{"edgeID":"1719819","fromID":"1309522","toID":"1309527","formEdgeID":null},{"edgeID":"1719820","fromID":"1309526","toID":"1309528","formEdgeID":null},{"edgeID":"1719821","fromID":"1309528","toID":"1309527","formEdgeID":null},{"edgeID":"1719822","fromID":"1309532","toID":"1309530","formEdgeID":null},{"edgeID":"1719823","fromID":"1309530","toID":"1309531","formEdgeID":null},{"edgeID":"1719824","fromID":"1309531","toID":"1309533","formEdgeID":null},{"edgeID":"1719825","fromID":"1309533","toID":"1309529","formEdgeID":null},{"edgeID":"1719826","fromID":"1309529","toID":"1309534","formEdgeID":null},{"edgeID":"1719827","fromID":"1309534","toID":"1309466","formEdgeID":null},{"edgeID":"1719828","fromID":"1309499","toID":"1309535","formEdgeID":null},{"edgeID":"1719829","fromID":"1309535","toID":"1309531","formEdgeID":null},{"edgeID":"1719830","fromID":"1309535","toID":"1309536","formEdgeID":null},{"edgeID":"1719831","fromID":"1309536","toID":"1309534","formEdgeID":null}],"locutions":[]}