{"nodes":[{"nodeID":"1306712","text":"nobody wants a World War III","type":"I","timestamp":"2023-11-09 13:04:50"},{"nodeID":"1306713","text":"AudienceMember 20220407QT16: Nobody wants a World War III","type":"L","timestamp":"2023-11-09 13:04:50"},{"nodeID":"1306714","text":"Analysing","type":"YA","timestamp":"2023-11-09 13:04:50"},{"nodeID":"1306715","text":"Fyfe: AudienceMember 20220407QT16: Nobody wants a World War III","type":"L","timestamp":"2023-11-09 13:04:50"},{"nodeID":"1306716","text":"Asserting","type":"YA","timestamp":"2023-11-09 13:04:50"},{"nodeID":"1306717","text":"nobody wants World War III at all","type":"I","timestamp":"2023-11-09 13:04:50"},{"nodeID":"1306718","text":"AudienceMember 20220407QT16: nobody wants that at all","type":"L","timestamp":"2023-11-09 13:04:50"},{"nodeID":"1306719","text":"Analysing","type":"YA","timestamp":"2023-11-09 13:04:50"},{"nodeID":"1306720","text":"Fyfe: AudienceMember 20220407QT16: nobody wants that at all","type":"L","timestamp":"2023-11-09 13:04:50"},{"nodeID":"1306721","text":"Asserting","type":"YA","timestamp":"2023-11-09 13:04:50"},{"nodeID":"1306722","text":"Default Transition","type":"TA","timestamp":"2023-11-09 13:04:50"},{"nodeID":"1306723","text":"Default Rephrase","type":"MA","timestamp":"2023-11-09 13:04:50"},{"nodeID":"1306724","text":"Restating","type":"YA","timestamp":"2023-11-09 13:04:50"},{"nodeID":"1306725","text":"we have Holocaust Day where we remember the atrocities of World War II","type":"I","timestamp":"2023-11-09 13:04:51"},{"nodeID":"1306726","text":"AudienceMember 20220407QT16:  we have Holocaust Day where we remember the atrocities of World War II","type":"L","timestamp":"2023-11-09 13:04:51"},{"nodeID":"1306727","text":"Analysing","type":"YA","timestamp":"2023-11-09 13:04:51"},{"nodeID":"1306728","text":"Fyfe: AudienceMember 20220407QT16:  we have Holocaust Day where we remember the atrocities of World War II","type":"L","timestamp":"2023-11-09 13:04:51"},{"nodeID":"1306729","text":"Asserting","type":"YA","timestamp":"2023-11-09 13:04:51"},{"nodeID":"1306730","text":"Default Transition","type":"TA","timestamp":"2023-11-09 13:04:51"},{"nodeID":"1306731","text":"the world is just sitting there looking","type":"I","timestamp":"2023-11-09 13:04:51"},{"nodeID":"1306732","text":"AudienceMember 20220407QT16: The world is just sitting there looking","type":"L","timestamp":"2023-11-09 13:04:51"},{"nodeID":"1306733","text":"Analysing","type":"YA","timestamp":"2023-11-09 13:04:51"},{"nodeID":"1306734","text":"Fyfe: AudienceMember 20220407QT16: The world is just sitting there looking","type":"L","timestamp":"2023-11-09 13:04:51"},{"nodeID":"1306735","text":"Asserting","type":"YA","timestamp":"2023-11-09 13:04:51"},{"nodeID":"1306736","text":"Default Transition","type":"TA","timestamp":"2023-11-09 13:04:51"},{"nodeID":"1306737","text":"AudienceMember 20220407QT16 feels for President Zelensky","type":"I","timestamp":"2023-11-09 13:04:52"},{"nodeID":"1306738","text":"AudienceMember 20220407QT16: I so feel for President Zelensky","type":"L","timestamp":"2023-11-09 13:04:52"},{"nodeID":"1306739","text":"Analysing","type":"YA","timestamp":"2023-11-09 13:04:52"},{"nodeID":"1306740","text":"Fyfe: AudienceMember 20220407QT16: I so feel for President Zelensky","type":"L","timestamp":"2023-11-09 13:04:52"},{"nodeID":"1306741","text":"Asserting","type":"YA","timestamp":"2023-11-09 13:04:52"},{"nodeID":"1306742","text":"Default Transition","type":"TA","timestamp":"2023-11-09 13:04:52"},{"nodeID":"1306743","text":"every time President Zelensky is on television, he's begging us to help","type":"I","timestamp":"2023-11-09 13:04:52"},{"nodeID":"1306744","text":"AudienceMember 20220407QT16: Every time he's on television, he's begging us to help","type":"L","timestamp":"2023-11-09 13:04:52"},{"nodeID":"1306745","text":"Analysing","type":"YA","timestamp":"2023-11-09 13:04:52"},{"nodeID":"1306746","text":"Fyfe: AudienceMember 20220407QT16: Every time he's on television, he's begging us to help","type":"L","timestamp":"2023-11-09 13:04:52"},{"nodeID":"1306747","text":"Asserting","type":"YA","timestamp":"2023-11-09 13:04:52"},{"nodeID":"1306748","text":"Default Transition","type":"TA","timestamp":"2023-11-09 13:04:52"},{"nodeID":"1306749","text":"Default Inference","type":"RA","timestamp":"2023-11-09 13:04:52"},{"nodeID":"1306750","text":"Arguing","type":"YA","timestamp":"2023-11-09 13:04:52"},{"nodeID":"1306751","text":"The people of Ukraine, AudienceMember 20220407QT16 takes their hat off to them","type":"I","timestamp":"2023-11-09 13:04:53"},{"nodeID":"1306752","text":"AudienceMember 20220407QT16: The people of Ukraine, I take my hat off to them","type":"L","timestamp":"2023-11-09 13:04:53"},{"nodeID":"1306753","text":"Analysing","type":"YA","timestamp":"2023-11-09 13:04:53"},{"nodeID":"1306754","text":"Fyfe: AudienceMember 20220407QT16: The people of Ukraine, I take my hat off to them","type":"L","timestamp":"2023-11-09 13:04:53"},{"nodeID":"1306755","text":"Asserting","type":"YA","timestamp":"2023-11-09 13:04:53"},{"nodeID":"1306756","text":"Default Transition","type":"TA","timestamp":"2023-11-09 13:04:53"},{"nodeID":"1306757","text":"AudienceMember 20220407QT16 takes their hat off to Ukrainian people as they are so cohesive","type":"I","timestamp":"2023-11-09 13:04:54"},{"nodeID":"1306758","text":"AudienceMember 20220407QT16: they are so cohesive","type":"L","timestamp":"2023-11-09 13:04:54"},{"nodeID":"1306759","text":"Analysing","type":"YA","timestamp":"2023-11-09 13:04:54"},{"nodeID":"1306760","text":"Fyfe: AudienceMember 20220407QT16: they are so cohesive","type":"L","timestamp":"2023-11-09 13:04:54"},{"nodeID":"1306761","text":"Asserting","type":"YA","timestamp":"2023-11-09 13:04:54"},{"nodeID":"1306762","text":"Default Transition","type":"TA","timestamp":"2023-11-09 13:04:54"},{"nodeID":"1306763","text":"AudienceMember 20220407QT16 takes their hat off to the Ukrainian people as they are fighters","type":"I","timestamp":"2023-11-09 13:04:54"},{"nodeID":"1306764","text":"AudienceMember 20220407QT16: they are fighters","type":"L","timestamp":"2023-11-09 13:04:54"},{"nodeID":"1306765","text":"Analysing","type":"YA","timestamp":"2023-11-09 13:04:54"},{"nodeID":"1306766","text":"Fyfe: AudienceMember 20220407QT16: they are fighters","type":"L","timestamp":"2023-11-09 13:04:54"},{"nodeID":"1306767","text":"Asserting","type":"YA","timestamp":"2023-11-09 13:04:54"},{"nodeID":"1306768","text":"Default Transition","type":"TA","timestamp":"2023-11-09 13:04:54"},{"nodeID":"1306769","text":"AudienceMember 20220407QT16 takes their hat off to the Ukrainian people as they are hard people","type":"I","timestamp":"2023-11-09 13:04:55"},{"nodeID":"1306770","text":"AudienceMember 20220407QT16: they are hard people","type":"L","timestamp":"2023-11-09 13:04:55"},{"nodeID":"1306771","text":"Analysing","type":"YA","timestamp":"2023-11-09 13:04:55"},{"nodeID":"1306772","text":"Fyfe: AudienceMember 20220407QT16: they are hard people","type":"L","timestamp":"2023-11-09 13:04:55"},{"nodeID":"1306773","text":"Asserting","type":"YA","timestamp":"2023-11-09 13:04:55"},{"nodeID":"1306774","text":"Default Transition","type":"TA","timestamp":"2023-11-09 13:04:55"},{"nodeID":"1306775","text":"Default Rephrase","type":"MA","timestamp":"2023-11-09 13:04:55"},{"nodeID":"1306776","text":"Default Rephrase","type":"MA","timestamp":"2023-11-09 13:04:55"},{"nodeID":"1306777","text":"Default Rephrase","type":"MA","timestamp":"2023-11-09 13:04:55"},{"nodeID":"1306778","text":"Default Transition","type":"TA","timestamp":"2023-11-09 13:04:55"},{"nodeID":"1306779","text":"Default Transition","type":"TA","timestamp":"2023-11-09 13:04:55"},{"nodeID":"1306780","text":"Restating","type":"YA","timestamp":"2023-11-09 13:04:55"},{"nodeID":"1306781","text":"Restating","type":"YA","timestamp":"2023-11-09 13:04:55"},{"nodeID":"1306782","text":"Restating","type":"YA","timestamp":"2023-11-09 13:04:55"},{"nodeID":"1306783","text":"the Ukrainian people need our help","type":"I","timestamp":"2023-11-09 13:04:55"},{"nodeID":"1306784","text":"AudienceMember 20220407QT16: They need our help","type":"L","timestamp":"2023-11-09 13:04:55"},{"nodeID":"1306785","text":"Analysing","type":"YA","timestamp":"2023-11-09 13:04:55"},{"nodeID":"1306786","text":"Fyfe: AudienceMember 20220407QT16: They need our help","type":"L","timestamp":"2023-11-09 13:04:55"},{"nodeID":"1306787","text":"Asserting","type":"YA","timestamp":"2023-11-09 13:04:55"},{"nodeID":"1306788","text":"Default Transition","type":"TA","timestamp":"2023-11-09 13:04:55"},{"nodeID":"1306789","text":"if the UK were in Ukraine's shoes, we would be begging them and the rest of the world to help us","type":"I","timestamp":"2023-11-09 13:04:56"},{"nodeID":"1306790","text":"AudienceMember 20220407QT16:  If we were in their shoes, would we not be begging them and the rest of the world to help us","type":"L","timestamp":"2023-11-09 13:04:56"},{"nodeID":"1306791","text":"Analysing","type":"YA","timestamp":"2023-11-09 13:04:56"},{"nodeID":"1306792","text":"Fyfe: AudienceMember 20220407QT16:  If we were in their shoes, would we not be begging them and the rest of the world to help us","type":"L","timestamp":"2023-11-09 13:04:56"},{"nodeID":"1306793","text":"Assertive Questioning","type":"YA","timestamp":"2023-11-09 13:04:56"},{"nodeID":"1306794","text":"Default Transition","type":"TA","timestamp":"2023-11-09 13:04:56"},{"nodeID":"1306795","text":"AudienceMember 20220407QT16 cannot believe the scenes that I've seen on television","type":"I","timestamp":"2023-11-09 13:04:57"},{"nodeID":"1306796","text":"AudienceMember 20220407QT16:  I cannot believe the scenes that I've seen on television","type":"L","timestamp":"2023-11-09 13:04:57"},{"nodeID":"1306797","text":"Analysing","type":"YA","timestamp":"2023-11-09 13:04:57"},{"nodeID":"1306798","text":"Fyfe: AudienceMember 20220407QT16:  I cannot believe the scenes that I've seen on television","type":"L","timestamp":"2023-11-09 13:04:57"},{"nodeID":"1306799","text":"Asserting","type":"YA","timestamp":"2023-11-09 13:04:57"},{"nodeID":"1306800","text":"Default Transition","type":"TA","timestamp":"2023-11-09 13:04:57"},{"nodeID":"1306801","text":"talking is always good","type":"I","timestamp":"2023-11-09 13:04:57"},{"nodeID":"1306802","text":"AudienceMember 20220407QT16:  talking is always good","type":"L","timestamp":"2023-11-09 13:04:57"},{"nodeID":"1306803","text":"Analysing","type":"YA","timestamp":"2023-11-09 13:04:57"},{"nodeID":"1306804","text":"Fyfe: AudienceMember 20220407QT16:  talking is always good","type":"L","timestamp":"2023-11-09 13:04:57"},{"nodeID":"1306805","text":"Asserting","type":"YA","timestamp":"2023-11-09 13:04:57"},{"nodeID":"1306806","text":"Default Transition","type":"TA","timestamp":"2023-11-09 13:04:57"},{"nodeID":"1306807","text":"talking does not work for somebody like Putin, he told us he wasn't going to invade, and he did","type":"I","timestamp":"2023-11-09 13:04:58"},{"nodeID":"1306808","text":"AudienceMember 20220407QT16: for somebody like Putin? He told us he wasn't going to invade, and he did","type":"L","timestamp":"2023-11-09 13:04:58"},{"nodeID":"1306809","text":"Analysing","type":"YA","timestamp":"2023-11-09 13:04:58"},{"nodeID":"1306810","text":"Fyfe: AudienceMember 20220407QT16: for somebody like Putin? He told us he wasn't going to invade, and he did","type":"L","timestamp":"2023-11-09 13:04:58"},{"nodeID":"1306811","text":"Asserting","type":"YA","timestamp":"2023-11-09 13:04:58"},{"nodeID":"1306812","text":"Default Transition","type":"TA","timestamp":"2023-11-09 13:04:58"},{"nodeID":"1306813","text":"Default Conflict","type":"CA","timestamp":"2023-11-09 13:04:58"},{"nodeID":"1306814","text":"Disagreeing","type":"YA","timestamp":"2023-11-09 13:04:58"},{"nodeID":"1306815","text":"Putin is telling us that what we see on our televisions night after night, the awful rape, pillage, all of those things, we see it nightly, he tells us it's not happening","type":"I","timestamp":"2023-11-09 13:04:58"},{"nodeID":"1306816","text":"AudienceMember 20220407QT16: He's telling us that what we see on our televisions night after night, the awful rape, pillage, all of those things, we see it nightly, he tells us it's not happening","type":"L","timestamp":"2023-11-09 13:04:58"},{"nodeID":"1306817","text":"Analysing","type":"YA","timestamp":"2023-11-09 13:04:58"},{"nodeID":"1306818","text":"Fyfe: AudienceMember 20220407QT16: He's telling us that what we see on our televisions night after night, the awful rape, pillage, all of those things, we see it nightly, he tells us it's not happening","type":"L","timestamp":"2023-11-09 13:04:58"},{"nodeID":"1306819","text":"Asserting","type":"YA","timestamp":"2023-11-09 13:04:58"},{"nodeID":"1306820","text":"Default Transition","type":"TA","timestamp":"2023-11-09 13:04:58"},{"nodeID":"1306821","text":"you cannot talk to somebody that actually will just lie","type":"I","timestamp":"2023-11-09 13:04:59"},{"nodeID":"1306822","text":"AudienceMember 20220407QT16: How can you talk to somebody that actually will just lie","type":"L","timestamp":"2023-11-09 13:04:59"},{"nodeID":"1306823","text":"Analysing","type":"YA","timestamp":"2023-11-09 13:04:59"},{"nodeID":"1306824","text":"Fyfe: AudienceMember 20220407QT16: How can you talk to somebody that actually will just lie","type":"L","timestamp":"2023-11-09 13:04:59"},{"nodeID":"1306825","text":"Assertive Questioning","type":"YA","timestamp":"2023-11-09 13:04:59"},{"nodeID":"1306826","text":"Default Transition","type":"TA","timestamp":"2023-11-09 13:04:59"},{"nodeID":"1306827","text":"if Putin signs an agreement he will or will not keep to it","type":"I","timestamp":"2023-11-09 13:04:59"},{"nodeID":"1306828","text":"AudienceMember 20220407QT16: Will he sign an agreement? Will he keep to it","type":"L","timestamp":"2023-11-09 13:04:59"},{"nodeID":"1306829","text":"Analysing","type":"YA","timestamp":"2023-11-09 13:04:59"},{"nodeID":"1306830","text":"Fyfe: AudienceMember 20220407QT16: Will he sign an agreement? Will he keep to it","type":"L","timestamp":"2023-11-09 13:04:59"},{"nodeID":"1306831","text":"Pure Questioning","type":"YA","timestamp":"2023-11-09 13:04:59"},{"nodeID":"1306832","text":"Default Transition","type":"TA","timestamp":"2023-11-09 13:04:59"},{"nodeID":"1306833","text":"if Putin signs an agreement he will not keep to it","type":"I","timestamp":"2023-11-09 13:05:00"},{"nodeID":"1306834","text":"AudienceMember 20220407QT16:  I think not","type":"L","timestamp":"2023-11-09 13:05:00"},{"nodeID":"1306835","text":"Analysing","type":"YA","timestamp":"2023-11-09 13:05:00"},{"nodeID":"1306836","text":"Fyfe: AudienceMember 20220407QT16:  I think not","type":"L","timestamp":"2023-11-09 13:05:00"},{"nodeID":"1306837","text":"Asserting","type":"YA","timestamp":"2023-11-09 13:05:00"},{"nodeID":"1306838","text":"Default Transition","type":"TA","timestamp":"2023-11-09 13:05:00"},{"nodeID":"1306839","text":"Default Rephrase","type":"MA","timestamp":"2023-11-09 13:05:00"},{"nodeID":"1306840","text":"Default Illocuting","type":"YA","timestamp":"2023-11-09 13:05:00"},{"nodeID":"1306841","text":"we need to act now for those Ukrainian people living under these awful conditions","type":"I","timestamp":"2023-11-09 13:05:01"},{"nodeID":"1306842","text":"AudienceMember 20220407QT16: We need to act now for those people","type":"L","timestamp":"2023-11-09 13:05:01"},{"nodeID":"1306843","text":"Analysing","type":"YA","timestamp":"2023-11-09 13:05:01"},{"nodeID":"1306844","text":"Fyfe: AudienceMember 20220407QT16: We need to act now for those people","type":"L","timestamp":"2023-11-09 13:05:01"},{"nodeID":"1306845","text":"Asserting","type":"YA","timestamp":"2023-11-09 13:05:01"},{"nodeID":"1306846","text":"Default Transition","type":"TA","timestamp":"2023-11-09 13:05:01"},{"nodeID":"1306847","text":"Default Rephrase","type":"MA","timestamp":"2023-11-09 13:05:01"},{"nodeID":"1306848","text":"Default Transition","type":"TA","timestamp":"2023-11-09 13:05:01"},{"nodeID":"1306849","text":"Restating","type":"YA","timestamp":"2023-11-09 13:05:01"},{"nodeID":"1306850","text":"AudienceMember 20220407QT16 thinks we should do xxx","type":"I","timestamp":"2023-11-09 13:05:01"},{"nodeID":"1306851","text":"Fiona Bruce: what do you think we should do","type":"L","timestamp":"2023-11-09 13:05:01"},{"nodeID":"1306852","text":"Analysing","type":"YA","timestamp":"2023-11-09 13:05:01"},{"nodeID":"1306853","text":"Fyfe: Fiona Bruce: what do you think we should do","type":"L","timestamp":"2023-11-09 13:05:01"},{"nodeID":"1306854","text":"Pure Questioning","type":"YA","timestamp":"2023-11-09 13:05:01"},{"nodeID":"1306855","text":"Default Transition","type":"TA","timestamp":"2023-11-09 13:05:01"}],"edges":[{"edgeID":"1716543","fromID":"1306714","toID":"1306713","formEdgeID":null},{"edgeID":"1716544","fromID":"1306715","toID":"1306714","formEdgeID":null},{"edgeID":"1716545","fromID":"1306713","toID":"1306716","formEdgeID":null},{"edgeID":"1716546","fromID":"1306716","toID":"1306712","formEdgeID":null},{"edgeID":"1716547","fromID":"1306719","toID":"1306718","formEdgeID":null},{"edgeID":"1716548","fromID":"1306720","toID":"1306719","formEdgeID":null},{"edgeID":"1716549","fromID":"1306718","toID":"1306721","formEdgeID":null},{"edgeID":"1716550","fromID":"1306721","toID":"1306717","formEdgeID":null},{"edgeID":"1716551","fromID":"1306713","toID":"1306722","formEdgeID":null},{"edgeID":"1716552","fromID":"1306722","toID":"1306718","formEdgeID":null},{"edgeID":"1716553","fromID":"1306717","toID":"1306723","formEdgeID":null},{"edgeID":"1716554","fromID":"1306723","toID":"1306712","formEdgeID":null},{"edgeID":"1716555","fromID":"1306722","toID":"1306724","formEdgeID":null},{"edgeID":"1716556","fromID":"1306724","toID":"1306723","formEdgeID":null},{"edgeID":"1716557","fromID":"1306727","toID":"1306726","formEdgeID":null},{"edgeID":"1716558","fromID":"1306728","toID":"1306727","formEdgeID":null},{"edgeID":"1716559","fromID":"1306726","toID":"1306729","formEdgeID":null},{"edgeID":"1716560","fromID":"1306729","toID":"1306725","formEdgeID":null},{"edgeID":"1716561","fromID":"1306718","toID":"1306730","formEdgeID":null},{"edgeID":"1716562","fromID":"1306730","toID":"1306726","formEdgeID":null},{"edgeID":"1716563","fromID":"1306733","toID":"1306732","formEdgeID":null},{"edgeID":"1716564","fromID":"1306734","toID":"1306733","formEdgeID":null},{"edgeID":"1716565","fromID":"1306732","toID":"1306735","formEdgeID":null},{"edgeID":"1716566","fromID":"1306735","toID":"1306731","formEdgeID":null},{"edgeID":"1716567","fromID":"1306726","toID":"1306736","formEdgeID":null},{"edgeID":"1716568","fromID":"1306736","toID":"1306732","formEdgeID":null},{"edgeID":"1716569","fromID":"1306739","toID":"1306738","formEdgeID":null},{"edgeID":"1716570","fromID":"1306740","toID":"1306739","formEdgeID":null},{"edgeID":"1716571","fromID":"1306738","toID":"1306741","formEdgeID":null},{"edgeID":"1716572","fromID":"1306741","toID":"1306737","formEdgeID":null},{"edgeID":"1716573","fromID":"1306732","toID":"1306742","formEdgeID":null},{"edgeID":"1716574","fromID":"1306742","toID":"1306738","formEdgeID":null},{"edgeID":"1716575","fromID":"1306745","toID":"1306744","formEdgeID":null},{"edgeID":"1716576","fromID":"1306746","toID":"1306745","formEdgeID":null},{"edgeID":"1716577","fromID":"1306744","toID":"1306747","formEdgeID":null},{"edgeID":"1716578","fromID":"1306747","toID":"1306743","formEdgeID":null},{"edgeID":"1716579","fromID":"1306738","toID":"1306748","formEdgeID":null},{"edgeID":"1716580","fromID":"1306748","toID":"1306744","formEdgeID":null},{"edgeID":"1716581","fromID":"1306743","toID":"1306749","formEdgeID":null},{"edgeID":"1716582","fromID":"1306749","toID":"1306737","formEdgeID":null},{"edgeID":"1716583","fromID":"1306748","toID":"1306750","formEdgeID":null},{"edgeID":"1716584","fromID":"1306750","toID":"1306749","formEdgeID":null},{"edgeID":"1716585","fromID":"1306753","toID":"1306752","formEdgeID":null},{"edgeID":"1716586","fromID":"1306754","toID":"1306753","formEdgeID":null},{"edgeID":"1716587","fromID":"1306752","toID":"1306755","formEdgeID":null},{"edgeID":"1716588","fromID":"1306755","toID":"1306751","formEdgeID":null},{"edgeID":"1716589","fromID":"1306744","toID":"1306756","formEdgeID":null},{"edgeID":"1716590","fromID":"1306756","toID":"1306752","formEdgeID":null},{"edgeID":"1716591","fromID":"1306759","toID":"1306758","formEdgeID":null},{"edgeID":"1716592","fromID":"1306760","toID":"1306759","formEdgeID":null},{"edgeID":"1716593","fromID":"1306758","toID":"1306761","formEdgeID":null},{"edgeID":"1716594","fromID":"1306761","toID":"1306757","formEdgeID":null},{"edgeID":"1716595","fromID":"1306752","toID":"1306762","formEdgeID":null},{"edgeID":"1716596","fromID":"1306762","toID":"1306758","formEdgeID":null},{"edgeID":"1716597","fromID":"1306765","toID":"1306764","formEdgeID":null},{"edgeID":"1716598","fromID":"1306766","toID":"1306765","formEdgeID":null},{"edgeID":"1716599","fromID":"1306764","toID":"1306767","formEdgeID":null},{"edgeID":"1716600","fromID":"1306767","toID":"1306763","formEdgeID":null},{"edgeID":"1716601","fromID":"1306758","toID":"1306768","formEdgeID":null},{"edgeID":"1716602","fromID":"1306768","toID":"1306764","formEdgeID":null},{"edgeID":"1716603","fromID":"1306771","toID":"1306770","formEdgeID":null},{"edgeID":"1716604","fromID":"1306772","toID":"1306771","formEdgeID":null},{"edgeID":"1716605","fromID":"1306770","toID":"1306773","formEdgeID":null},{"edgeID":"1716606","fromID":"1306773","toID":"1306769","formEdgeID":null},{"edgeID":"1716607","fromID":"1306764","toID":"1306774","formEdgeID":null},{"edgeID":"1716608","fromID":"1306774","toID":"1306770","formEdgeID":null},{"edgeID":"1716609","fromID":"1306757","toID":"1306775","formEdgeID":null},{"edgeID":"1716610","fromID":"1306775","toID":"1306751","formEdgeID":null},{"edgeID":"1716611","fromID":"1306763","toID":"1306776","formEdgeID":null},{"edgeID":"1716612","fromID":"1306776","toID":"1306751","formEdgeID":null},{"edgeID":"1716613","fromID":"1306769","toID":"1306777","formEdgeID":null},{"edgeID":"1716614","fromID":"1306777","toID":"1306751","formEdgeID":null},{"edgeID":"1716615","fromID":"1306752","toID":"1306778","formEdgeID":null},{"edgeID":"1716616","fromID":"1306778","toID":"1306764","formEdgeID":null},{"edgeID":"1716617","fromID":"1306752","toID":"1306779","formEdgeID":null},{"edgeID":"1716618","fromID":"1306779","toID":"1306770","formEdgeID":null},{"edgeID":"1716619","fromID":"1306778","toID":"1306780","formEdgeID":null},{"edgeID":"1716620","fromID":"1306780","toID":"1306776","formEdgeID":null},{"edgeID":"1716621","fromID":"1306779","toID":"1306781","formEdgeID":null},{"edgeID":"1716622","fromID":"1306781","toID":"1306777","formEdgeID":null},{"edgeID":"1716623","fromID":"1306762","toID":"1306782","formEdgeID":null},{"edgeID":"1716624","fromID":"1306782","toID":"1306775","formEdgeID":null},{"edgeID":"1716625","fromID":"1306785","toID":"1306784","formEdgeID":null},{"edgeID":"1716626","fromID":"1306786","toID":"1306785","formEdgeID":null},{"edgeID":"1716627","fromID":"1306784","toID":"1306787","formEdgeID":null},{"edgeID":"1716628","fromID":"1306787","toID":"1306783","formEdgeID":null},{"edgeID":"1716629","fromID":"1306770","toID":"1306788","formEdgeID":null},{"edgeID":"1716630","fromID":"1306788","toID":"1306784","formEdgeID":null},{"edgeID":"1716631","fromID":"1306791","toID":"1306790","formEdgeID":null},{"edgeID":"1716632","fromID":"1306792","toID":"1306791","formEdgeID":null},{"edgeID":"1716633","fromID":"1306790","toID":"1306793","formEdgeID":null},{"edgeID":"1716634","fromID":"1306793","toID":"1306789","formEdgeID":null},{"edgeID":"1716635","fromID":"1306784","toID":"1306794","formEdgeID":null},{"edgeID":"1716636","fromID":"1306794","toID":"1306790","formEdgeID":null},{"edgeID":"1716637","fromID":"1306797","toID":"1306796","formEdgeID":null},{"edgeID":"1716638","fromID":"1306798","toID":"1306797","formEdgeID":null},{"edgeID":"1716639","fromID":"1306796","toID":"1306799","formEdgeID":null},{"edgeID":"1716640","fromID":"1306799","toID":"1306795","formEdgeID":null},{"edgeID":"1716641","fromID":"1306790","toID":"1306800","formEdgeID":null},{"edgeID":"1716642","fromID":"1306800","toID":"1306796","formEdgeID":null},{"edgeID":"1716643","fromID":"1306803","toID":"1306802","formEdgeID":null},{"edgeID":"1716644","fromID":"1306804","toID":"1306803","formEdgeID":null},{"edgeID":"1716645","fromID":"1306802","toID":"1306805","formEdgeID":null},{"edgeID":"1716646","fromID":"1306805","toID":"1306801","formEdgeID":null},{"edgeID":"1716647","fromID":"1306796","toID":"1306806","formEdgeID":null},{"edgeID":"1716648","fromID":"1306806","toID":"1306802","formEdgeID":null},{"edgeID":"1716649","fromID":"1306809","toID":"1306808","formEdgeID":null},{"edgeID":"1716650","fromID":"1306810","toID":"1306809","formEdgeID":null},{"edgeID":"1716651","fromID":"1306808","toID":"1306811","formEdgeID":null},{"edgeID":"1716652","fromID":"1306811","toID":"1306807","formEdgeID":null},{"edgeID":"1716653","fromID":"1306802","toID":"1306812","formEdgeID":null},{"edgeID":"1716654","fromID":"1306812","toID":"1306808","formEdgeID":null},{"edgeID":"1716655","fromID":"1306807","toID":"1306813","formEdgeID":null},{"edgeID":"1716656","fromID":"1306813","toID":"1306801","formEdgeID":null},{"edgeID":"1716657","fromID":"1306812","toID":"1306814","formEdgeID":null},{"edgeID":"1716658","fromID":"1306814","toID":"1306813","formEdgeID":null},{"edgeID":"1716659","fromID":"1306817","toID":"1306816","formEdgeID":null},{"edgeID":"1716660","fromID":"1306818","toID":"1306817","formEdgeID":null},{"edgeID":"1716661","fromID":"1306816","toID":"1306819","formEdgeID":null},{"edgeID":"1716662","fromID":"1306819","toID":"1306815","formEdgeID":null},{"edgeID":"1716663","fromID":"1306808","toID":"1306820","formEdgeID":null},{"edgeID":"1716664","fromID":"1306820","toID":"1306816","formEdgeID":null},{"edgeID":"1716665","fromID":"1306823","toID":"1306822","formEdgeID":null},{"edgeID":"1716666","fromID":"1306824","toID":"1306823","formEdgeID":null},{"edgeID":"1716667","fromID":"1306822","toID":"1306825","formEdgeID":null},{"edgeID":"1716668","fromID":"1306825","toID":"1306821","formEdgeID":null},{"edgeID":"1716669","fromID":"1306816","toID":"1306826","formEdgeID":null},{"edgeID":"1716670","fromID":"1306826","toID":"1306822","formEdgeID":null},{"edgeID":"1716671","fromID":"1306829","toID":"1306828","formEdgeID":null},{"edgeID":"1716672","fromID":"1306830","toID":"1306829","formEdgeID":null},{"edgeID":"1716673","fromID":"1306828","toID":"1306831","formEdgeID":null},{"edgeID":"1716674","fromID":"1306831","toID":"1306827","formEdgeID":null},{"edgeID":"1716675","fromID":"1306822","toID":"1306832","formEdgeID":null},{"edgeID":"1716676","fromID":"1306832","toID":"1306828","formEdgeID":null},{"edgeID":"1716677","fromID":"1306835","toID":"1306834","formEdgeID":null},{"edgeID":"1716678","fromID":"1306836","toID":"1306835","formEdgeID":null},{"edgeID":"1716679","fromID":"1306834","toID":"1306837","formEdgeID":null},{"edgeID":"1716680","fromID":"1306837","toID":"1306833","formEdgeID":null},{"edgeID":"1716681","fromID":"1306828","toID":"1306838","formEdgeID":null},{"edgeID":"1716682","fromID":"1306838","toID":"1306834","formEdgeID":null},{"edgeID":"1716683","fromID":"1306833","toID":"1306839","formEdgeID":null},{"edgeID":"1716684","fromID":"1306839","toID":"1306827","formEdgeID":null},{"edgeID":"1716685","fromID":"1306838","toID":"1306840","formEdgeID":null},{"edgeID":"1716686","fromID":"1306840","toID":"1306839","formEdgeID":null},{"edgeID":"1716687","fromID":"1306843","toID":"1306842","formEdgeID":null},{"edgeID":"1716688","fromID":"1306844","toID":"1306843","formEdgeID":null},{"edgeID":"1716689","fromID":"1306842","toID":"1306845","formEdgeID":null},{"edgeID":"1716690","fromID":"1306845","toID":"1306841","formEdgeID":null},{"edgeID":"1716691","fromID":"1306834","toID":"1306846","formEdgeID":null},{"edgeID":"1716692","fromID":"1306846","toID":"1306842","formEdgeID":null},{"edgeID":"1716693","fromID":"1306841","toID":"1306847","formEdgeID":null},{"edgeID":"1716694","fromID":"1306847","toID":"1306815","formEdgeID":null},{"edgeID":"1716695","fromID":"1306816","toID":"1306848","formEdgeID":null},{"edgeID":"1716696","fromID":"1306848","toID":"1306842","formEdgeID":null},{"edgeID":"1716697","fromID":"1306848","toID":"1306849","formEdgeID":null},{"edgeID":"1716698","fromID":"1306849","toID":"1306847","formEdgeID":null},{"edgeID":"1716699","fromID":"1306852","toID":"1306851","formEdgeID":null},{"edgeID":"1716700","fromID":"1306853","toID":"1306852","formEdgeID":null},{"edgeID":"1716701","fromID":"1306851","toID":"1306854","formEdgeID":null},{"edgeID":"1716702","fromID":"1306854","toID":"1306850","formEdgeID":null},{"edgeID":"1716703","fromID":"1306842","toID":"1306855","formEdgeID":null},{"edgeID":"1716704","fromID":"1306855","toID":"1306851","formEdgeID":null}],"locutions":[]}