{"nodes":[{"nodeID":"1308302","text":"AudienceMember20220407QT25 read Rishi Sunak's wife's non-dom status and therefore not paying some tax story on the news and was not even surprised","type":"I","timestamp":"2023-11-09 13:07:05"},{"nodeID":"1308303","text":"AudienceMember 20220407QT25: I read this story on the news and I was completely\u2026 I'm not even surprised anymore","type":"L","timestamp":"2023-11-09 13:07:05"},{"nodeID":"1308304","text":"Analysing","type":"YA","timestamp":"2023-11-09 13:07:05"},{"nodeID":"1308305","text":"Ella: AudienceMember 20220407QT25: I read this story on the news and I was completely\u2026 I'm not even surprised anymore","type":"L","timestamp":"2023-11-09 13:07:05"},{"nodeID":"1308306","text":"Asserting","type":"YA","timestamp":"2023-11-09 13:07:05"},{"nodeID":"1308307","text":"AudienceMember20220407QT25 expects this sort of behaviour","type":"I","timestamp":"2023-11-09 13:07:06"},{"nodeID":"1308308","text":"AudienceMember 20220407QT25: I expect this sort of behaviour","type":"L","timestamp":"2023-11-09 13:07:06"},{"nodeID":"1308309","text":"Analysing","type":"YA","timestamp":"2023-11-09 13:07:06"},{"nodeID":"1308310","text":"Ella: AudienceMember 20220407QT25: I expect this sort of behaviour","type":"L","timestamp":"2023-11-09 13:07:06"},{"nodeID":"1308311","text":"Asserting","type":"YA","timestamp":"2023-11-09 13:07:06"},{"nodeID":"1308312","text":"Default Inference","type":"RA","timestamp":"2023-11-09 13:07:06"},{"nodeID":"1308313","text":"Default Transition","type":"TA","timestamp":"2023-11-09 13:07:06"},{"nodeID":"1308314","text":"Arguing","type":"YA","timestamp":"2023-11-09 13:07:06"},{"nodeID":"1308315","text":"as a young person getting into politics, it's so disappointing to hear how it's gotten","type":"I","timestamp":"2023-11-09 13:07:07"},{"nodeID":"1308316","text":"AudienceMember 20220407QT25: as a young person getting into politics, it's so disappointing to hear how it's gotten","type":"L","timestamp":"2023-11-09 13:07:07"},{"nodeID":"1308317","text":"Analysing","type":"YA","timestamp":"2023-11-09 13:07:07"},{"nodeID":"1308318","text":"Ella: AudienceMember 20220407QT25: as a young person getting into politics, it's so disappointing to hear how it's gotten","type":"L","timestamp":"2023-11-09 13:07:07"},{"nodeID":"1308319","text":"Asserting","type":"YA","timestamp":"2023-11-09 13:07:07"},{"nodeID":"1308320","text":"Default Transition","type":"TA","timestamp":"2023-11-09 13:07:07"},{"nodeID":"1308321","text":"AudienceMember20220407QT25 can't trust politicians","type":"I","timestamp":"2023-11-09 13:07:07"},{"nodeID":"1308322","text":"AudienceMember 20220407QT25: I can't trust politicians","type":"L","timestamp":"2023-11-09 13:07:07"},{"nodeID":"1308323","text":"Analysing","type":"YA","timestamp":"2023-11-09 13:07:07"},{"nodeID":"1308324","text":"Ella: AudienceMember 20220407QT25: I can't trust politicians","type":"L","timestamp":"2023-11-09 13:07:07"},{"nodeID":"1308325","text":"Asserting","type":"YA","timestamp":"2023-11-09 13:07:07"},{"nodeID":"1308326","text":"not trusting politicians is ridiculous","type":"I","timestamp":"2023-11-09 13:07:08"},{"nodeID":"1308327","text":"AudienceMember 20220407QT25: that's ridiculous","type":"L","timestamp":"2023-11-09 13:07:08"},{"nodeID":"1308328","text":"Analysing","type":"YA","timestamp":"2023-11-09 13:07:08"},{"nodeID":"1308329","text":"Ella: AudienceMember 20220407QT25: that's ridiculous","type":"L","timestamp":"2023-11-09 13:07:08"},{"nodeID":"1308330","text":"Asserting","type":"YA","timestamp":"2023-11-09 13:07:08"},{"nodeID":"1308331","text":"politicians are supposed to run our countries","type":"I","timestamp":"2023-11-09 13:07:08"},{"nodeID":"1308332","text":"AudienceMember 20220407QT25: you're supposed to run our countries","type":"L","timestamp":"2023-11-09 13:07:08"},{"nodeID":"1308333","text":"Analysing","type":"YA","timestamp":"2023-11-09 13:07:08"},{"nodeID":"1308334","text":"Ella: AudienceMember 20220407QT25: you're supposed to run our countries","type":"L","timestamp":"2023-11-09 13:07:08"},{"nodeID":"1308335","text":"Asserting","type":"YA","timestamp":"2023-11-09 13:07:08"},{"nodeID":"1308336","text":"Default Transition","type":"TA","timestamp":"2023-11-09 13:07:08"},{"nodeID":"1308337","text":"Default Transition","type":"TA","timestamp":"2023-11-09 13:07:08"},{"nodeID":"1308338","text":"Default Rephrase","type":"MA","timestamp":"2023-11-09 13:07:08"},{"nodeID":"1308339","text":"Restating","type":"YA","timestamp":"2023-11-09 13:07:08"},{"nodeID":"1308340","text":"Default Inference","type":"RA","timestamp":"2023-11-09 13:07:08"},{"nodeID":"1308341","text":"Default Transition","type":"TA","timestamp":"2023-11-09 13:07:08"},{"nodeID":"1308342","text":"Arguing","type":"YA","timestamp":"2023-11-09 13:07:08"},{"nodeID":"1308343","text":"you hear about these stories about politicians not paying tax","type":"I","timestamp":"2023-11-09 13:07:09"},{"nodeID":"1308344","text":"AudienceMember 20220407QT25: you hear about these stories about you're not paying tax","type":"L","timestamp":"2023-11-09 13:07:09"},{"nodeID":"1308345","text":"Analysing","type":"YA","timestamp":"2023-11-09 13:07:09"},{"nodeID":"1308346","text":"Ella: AudienceMember 20220407QT25: you hear about these stories about you're not paying tax","type":"L","timestamp":"2023-11-09 13:07:09"},{"nodeID":"1308347","text":"Asserting","type":"YA","timestamp":"2023-11-09 13:07:09"},{"nodeID":"1308348","text":"Default Conflict","type":"CA","timestamp":"2023-11-09 13:07:09"},{"nodeID":"1308349","text":"Default Inference","type":"RA","timestamp":"2023-11-09 13:07:09"},{"nodeID":"1308350","text":"Default Transition","type":"TA","timestamp":"2023-11-09 13:07:09"},{"nodeID":"1308351","text":"Default Transition","type":"TA","timestamp":"2023-11-09 13:07:09"},{"nodeID":"1308352","text":"Disagreeing","type":"YA","timestamp":"2023-11-09 13:07:09"},{"nodeID":"1308353","text":"Arguing","type":"YA","timestamp":"2023-11-09 13:07:09"},{"nodeID":"1308354","text":"politicians are in charge and the Exchequer's wife is not even paying tax as a non-dom","type":"I","timestamp":"2023-11-09 13:07:10"},{"nodeID":"1308355","text":"AudienceMember 20220407QT25: They're in charge and the wife\u2026 Sorry, the Exchequer's wife is not even","type":"L","timestamp":"2023-11-09 13:07:10"},{"nodeID":"1308356","text":"Analysing","type":"YA","timestamp":"2023-11-09 13:07:10"},{"nodeID":"1308357","text":"Ella: AudienceMember 20220407QT25: They're in charge and the wife\u2026 Sorry, the Exchequer's wife is not even","type":"L","timestamp":"2023-11-09 13:07:10"},{"nodeID":"1308358","text":"Asserting","type":"YA","timestamp":"2023-11-09 13:07:10"},{"nodeID":"1308359","text":"Default Transition","type":"TA","timestamp":"2023-11-09 13:07:10"},{"nodeID":"1308360","text":"the Chancellor's wife","type":"I","timestamp":"2023-11-09 13:07:10"},{"nodeID":"1308361","text":"Fiona Bruce: The Chancellor's wife","type":"L","timestamp":"2023-11-09 13:07:10"},{"nodeID":"1308362","text":"Analysing","type":"YA","timestamp":"2023-11-09 13:07:10"},{"nodeID":"1308363","text":"Ella: Fiona Bruce: The Chancellor's wife","type":"L","timestamp":"2023-11-09 13:07:10"},{"nodeID":"1308364","text":"Asserting","type":"YA","timestamp":"2023-11-09 13:07:10"},{"nodeID":"1308365","text":"Default Rephrase","type":"MA","timestamp":"2023-11-09 13:07:10"},{"nodeID":"1308366","text":"Default Transition","type":"TA","timestamp":"2023-11-09 13:07:10"},{"nodeID":"1308367","text":"Restating","type":"YA","timestamp":"2023-11-09 13:07:10"},{"nodeID":"1308368","text":"the Chancellor is not even paying tax","type":"I","timestamp":"2023-11-09 13:07:11"},{"nodeID":"1308369","text":"AudienceMember 20220407QT26: The Chancellor, thank you, is not even paying tax","type":"L","timestamp":"2023-11-09 13:07:11"},{"nodeID":"1308370","text":"Analysing","type":"YA","timestamp":"2023-11-09 13:07:11"},{"nodeID":"1308371","text":"Ella: AudienceMember 20220407QT26: The Chancellor, thank you, is not even paying tax","type":"L","timestamp":"2023-11-09 13:07:11"},{"nodeID":"1308372","text":"Asserting","type":"YA","timestamp":"2023-11-09 13:07:11"},{"nodeID":"1308373","text":"Default Rephrase","type":"MA","timestamp":"2023-11-09 13:07:11"},{"nodeID":"1308374","text":"Default Transition","type":"TA","timestamp":"2023-11-09 13:07:11"},{"nodeID":"1308375","text":"Restating","type":"YA","timestamp":"2023-11-09 13:07:11"},{"nodeID":"1308376","text":"Rishi Sunak's wife, Akshata Murthy, is paying tax","type":"I","timestamp":"2023-11-09 13:07:12"},{"nodeID":"1308377","text":"Greg Hands: she is paying tax","type":"L","timestamp":"2023-11-09 13:07:12"},{"nodeID":"1308378","text":"Analysing","type":"YA","timestamp":"2023-11-09 13:07:12"},{"nodeID":"1308379","text":"Ella: Greg Hands: she is paying tax","type":"L","timestamp":"2023-11-09 13:07:12"},{"nodeID":"1308380","text":"Asserting","type":"YA","timestamp":"2023-11-09 13:07:12"},{"nodeID":"1308381","text":"Default Conflict","type":"CA","timestamp":"2023-11-09 13:07:12"},{"nodeID":"1308382","text":"Default Transition","type":"TA","timestamp":"2023-11-09 13:07:12"},{"nodeID":"1308383","text":"Disagreeing","type":"YA","timestamp":"2023-11-09 13:07:12"},{"nodeID":"1308384","text":"Akshata Murthy is not paying tax on the vast majority of her income","type":"I","timestamp":"2023-11-09 13:07:12"},{"nodeID":"1308385","text":"Fiona Bruce: she's not paying tax on the vast majority of her income","type":"L","timestamp":"2023-11-09 13:07:12"},{"nodeID":"1308386","text":"Analysing","type":"YA","timestamp":"2023-11-09 13:07:12"},{"nodeID":"1308387","text":"Ella: Fiona Bruce: she's not paying tax on the vast majority of her income","type":"L","timestamp":"2023-11-09 13:07:12"},{"nodeID":"1308388","text":"Asserting","type":"YA","timestamp":"2023-11-09 13:07:12"},{"nodeID":"1308389","text":"Default Conflict","type":"CA","timestamp":"2023-11-09 13:07:12"},{"nodeID":"1308390","text":"Default Transition","type":"TA","timestamp":"2023-11-09 13:07:12"},{"nodeID":"1308391","text":"Disagreeing","type":"YA","timestamp":"2023-11-09 13:07:12"},{"nodeID":"1308392","text":"yes, Akshata Murthy is not paying tax on the vast majority of her income","type":"I","timestamp":"2023-11-09 13:07:13"},{"nodeID":"1308393","text":"Greg Hands: Yes","type":"L","timestamp":"2023-11-09 13:07:13"},{"nodeID":"1308394","text":"Analysing","type":"YA","timestamp":"2023-11-09 13:07:13"},{"nodeID":"1308395","text":"Ella: Greg Hands: Yes","type":"L","timestamp":"2023-11-09 13:07:13"},{"nodeID":"1308396","text":"Asserting","type":"YA","timestamp":"2023-11-09 13:07:13"},{"nodeID":"1308397","text":"Default Transition","type":"TA","timestamp":"2023-11-09 13:07:13"},{"nodeID":"1308398","text":"Agreeing","type":"YA","timestamp":"2023-11-09 13:07:13"},{"nodeID":"1308399","text":"importantly, Akshata Murthy is paying tax on her UK income","type":"I","timestamp":"2023-11-09 13:07:13"},{"nodeID":"1308400","text":"Greg Hands: it is important, she is paying tax on her UK income","type":"L","timestamp":"2023-11-09 13:07:13"},{"nodeID":"1308401","text":"Analysing","type":"YA","timestamp":"2023-11-09 13:07:13"},{"nodeID":"1308402","text":"Ella: Greg Hands: it is important, she is paying tax on her UK income","type":"L","timestamp":"2023-11-09 13:07:13"},{"nodeID":"1308403","text":"Asserting","type":"YA","timestamp":"2023-11-09 13:07:13"},{"nodeID":"1308404","text":"Default Conflict","type":"CA","timestamp":"2023-11-09 13:07:13"},{"nodeID":"1308405","text":"Default Transition","type":"TA","timestamp":"2023-11-09 13:07:13"},{"nodeID":"1308406","text":"Disagreeing","type":"YA","timestamp":"2023-11-09 13:07:13"},{"nodeID":"1308407","text":"Akshata Murthy not paying tax on the majority of her income is so disappointing","type":"I","timestamp":"2023-11-09 13:07:14"},{"nodeID":"1308408","text":"AudienceMember 20220407QT27: It's so disappointing","type":"L","timestamp":"2023-11-09 13:07:14"},{"nodeID":"1308409","text":"Analysing","type":"YA","timestamp":"2023-11-09 13:07:14"},{"nodeID":"1308410","text":"Ella: AudienceMember 20220407QT27: It's so disappointing","type":"L","timestamp":"2023-11-09 13:07:14"},{"nodeID":"1308411","text":"Asserting","type":"YA","timestamp":"2023-11-09 13:07:14"},{"nodeID":"1308412","text":"Default Rephrase","type":"MA","timestamp":"2023-11-09 13:07:14"},{"nodeID":"1308413","text":"Default Transition","type":"TA","timestamp":"2023-11-09 13:07:14"},{"nodeID":"1308414","text":"Restating","type":"YA","timestamp":"2023-11-09 13:07:14"},{"nodeID":"1308415","text":"we get into personalities and individuals","type":"I","timestamp":"2023-11-09 13:07:15"},{"nodeID":"1308416","text":"Justin Welby: we get into personalities and individuals","type":"L","timestamp":"2023-11-09 13:07:15"},{"nodeID":"1308417","text":"Analysing","type":"YA","timestamp":"2023-11-09 13:07:15"},{"nodeID":"1308418","text":"Ella: Justin Welby: we get into personalities and individuals","type":"L","timestamp":"2023-11-09 13:07:15"},{"nodeID":"1308419","text":"Asserting","type":"YA","timestamp":"2023-11-09 13:07:15"},{"nodeID":"1308420","text":"we lose the plot","type":"I","timestamp":"2023-11-09 13:07:15"},{"nodeID":"1308421","text":"Justin Welby: we lose the plot","type":"L","timestamp":"2023-11-09 13:07:15"},{"nodeID":"1308422","text":"Analysing","type":"YA","timestamp":"2023-11-09 13:07:15"},{"nodeID":"1308423","text":"Ella: Justin Welby: we lose the plot","type":"L","timestamp":"2023-11-09 13:07:15"},{"nodeID":"1308424","text":"Asserting","type":"YA","timestamp":"2023-11-09 13:07:15"},{"nodeID":"1308425","text":"it just becomes political ping-pong","type":"I","timestamp":"2023-11-09 13:07:16"},{"nodeID":"1308426","text":"Justin Welby: it just becomes political ping-pong","type":"L","timestamp":"2023-11-09 13:07:16"},{"nodeID":"1308427","text":"Analysing","type":"YA","timestamp":"2023-11-09 13:07:16"},{"nodeID":"1308428","text":"Ella: Justin Welby: it just becomes political ping-pong","type":"L","timestamp":"2023-11-09 13:07:16"},{"nodeID":"1308429","text":"Asserting","type":"YA","timestamp":"2023-11-09 13:07:16"},{"nodeID":"1308430","text":"Default Transition","type":"TA","timestamp":"2023-11-09 13:07:16"},{"nodeID":"1308431","text":"Default Transition","type":"TA","timestamp":"2023-11-09 13:07:16"},{"nodeID":"1308432","text":"Default Transition","type":"TA","timestamp":"2023-11-09 13:07:16"},{"nodeID":"1308433","text":"Default Inference","type":"RA","timestamp":"2023-11-09 13:07:16"},{"nodeID":"1308434","text":"Default Inference","type":"RA","timestamp":"2023-11-09 13:07:16"},{"nodeID":"1308435","text":"the point of tax is you pay for the benefit of living in a country","type":"I","timestamp":"2023-11-09 13:07:17"},{"nodeID":"1308436","text":"Justin Welby: The point of tax is you pay for the benefit of living in a country","type":"L","timestamp":"2023-11-09 13:07:17"},{"nodeID":"1308437","text":"Analysing","type":"YA","timestamp":"2023-11-09 13:07:17"},{"nodeID":"1308438","text":"Ella: Justin Welby: The point of tax is you pay for the benefit of living in a country","type":"L","timestamp":"2023-11-09 13:07:17"},{"nodeID":"1308439","text":"Asserting","type":"YA","timestamp":"2023-11-09 13:07:17"},{"nodeID":"1308440","text":"whether you're a company or anyone else, you should pay tax","type":"I","timestamp":"2023-11-09 13:07:17"},{"nodeID":"1308441","text":"Justin Welby: whether you're a company or anyone else, you should pay","type":"L","timestamp":"2023-11-09 13:07:17"},{"nodeID":"1308442","text":"Analysing","type":"YA","timestamp":"2023-11-09 13:07:17"},{"nodeID":"1308443","text":"Ella: Justin Welby: whether you're a company or anyone else, you should pay","type":"L","timestamp":"2023-11-09 13:07:17"},{"nodeID":"1308444","text":"Asserting","type":"YA","timestamp":"2023-11-09 13:07:17"},{"nodeID":"1308445","text":"Default Transition","type":"TA","timestamp":"2023-11-09 13:07:17"},{"nodeID":"1308446","text":"Default Transition","type":"TA","timestamp":"2023-11-09 13:07:17"},{"nodeID":"1308447","text":"there are double tax treaties","type":"I","timestamp":"2023-11-09 13:07:18"},{"nodeID":"1308448","text":"Justin Welby: there are double tax treaties","type":"L","timestamp":"2023-11-09 13:07:18"},{"nodeID":"1308449","text":"Analysing","type":"YA","timestamp":"2023-11-09 13:07:18"},{"nodeID":"1308450","text":"Ella: Justin Welby: there are double tax treaties","type":"L","timestamp":"2023-11-09 13:07:18"},{"nodeID":"1308451","text":"Asserting","type":"YA","timestamp":"2023-11-09 13:07:18"},{"nodeID":"1308452","text":"double tax treaties stops you paying double taxation","type":"I","timestamp":"2023-11-09 13:07:18"},{"nodeID":"1308453","text":"Justin Welby: which stops you paying double taxation","type":"L","timestamp":"2023-11-09 13:07:18"},{"nodeID":"1308454","text":"Analysing","type":"YA","timestamp":"2023-11-09 13:07:18"},{"nodeID":"1308455","text":"Ella: Justin Welby: which stops you paying double taxation","type":"L","timestamp":"2023-11-09 13:07:18"},{"nodeID":"1308456","text":"Asserting","type":"YA","timestamp":"2023-11-09 13:07:18"},{"nodeID":"1308457","text":"Justin Welby is not talking about Rishi Sunak's wife","type":"I","timestamp":"2023-11-09 13:07:19"},{"nodeID":"1308458","text":"Justin Welby: I'm not talking about Rishi Sunak's wife","type":"L","timestamp":"2023-11-09 13:07:19"},{"nodeID":"1308459","text":"Analysing","type":"YA","timestamp":"2023-11-09 13:07:19"},{"nodeID":"1308460","text":"Ella: Justin Welby: I'm not talking about Rishi Sunak's wife","type":"L","timestamp":"2023-11-09 13:07:19"},{"nodeID":"1308461","text":"Asserting","type":"YA","timestamp":"2023-11-09 13:07:19"},{"nodeID":"1308462","text":"there seems to be a real problem with the whole concept of non-dom status","type":"I","timestamp":"2023-11-09 13:07:20"},{"nodeID":"1308463","text":"Justin Welby: there seems to be a real problem with the whole concept of non-dom status","type":"L","timestamp":"2023-11-09 13:07:20"},{"nodeID":"1308464","text":"Analysing","type":"YA","timestamp":"2023-11-09 13:07:20"},{"nodeID":"1308465","text":"Ella: Justin Welby: there seems to be a real problem with the whole concept of non-dom status","type":"L","timestamp":"2023-11-09 13:07:20"},{"nodeID":"1308466","text":"Asserting","type":"YA","timestamp":"2023-11-09 13:07:20"},{"nodeID":"1308467","text":"Default Transition","type":"TA","timestamp":"2023-11-09 13:07:20"},{"nodeID":"1308468","text":"Default Rephrase","type":"MA","timestamp":"2023-11-09 13:07:20"},{"nodeID":"1308469","text":"Default Transition","type":"TA","timestamp":"2023-11-09 13:07:20"},{"nodeID":"1308470","text":"Restating","type":"YA","timestamp":"2023-11-09 13:07:20"},{"nodeID":"1308471","text":"Default Transition","type":"TA","timestamp":"2023-11-09 13:07:20"},{"nodeID":"1308472","text":"Default Transition","type":"TA","timestamp":"2023-11-09 13:07:20"},{"nodeID":"1308473","text":"Arguing","type":"YA","timestamp":"2023-11-09 13:07:20"},{"nodeID":"1308474","text":"Arguing","type":"YA","timestamp":"2023-11-09 13:07:20"},{"nodeID":"1308475","text":"Default Rephrase","type":"MA","timestamp":"2023-11-09 13:07:20"},{"nodeID":"1308476","text":"Restating","type":"YA","timestamp":"2023-11-09 13:07:20"},{"nodeID":"1308477","text":"Default Conflict","type":"CA","timestamp":"2023-11-09 13:07:20"},{"nodeID":"1308478","text":"Disagreeing","type":"YA","timestamp":"2023-11-09 13:07:20"}],"edges":[{"edgeID":"1718387","fromID":"1308304","toID":"1308303","formEdgeID":null},{"edgeID":"1718388","fromID":"1308305","toID":"1308304","formEdgeID":null},{"edgeID":"1718389","fromID":"1308303","toID":"1308306","formEdgeID":null},{"edgeID":"1718390","fromID":"1308306","toID":"1308302","formEdgeID":null},{"edgeID":"1718391","fromID":"1308309","toID":"1308308","formEdgeID":null},{"edgeID":"1718392","fromID":"1308310","toID":"1308309","formEdgeID":null},{"edgeID":"1718393","fromID":"1308308","toID":"1308311","formEdgeID":null},{"edgeID":"1718394","fromID":"1308311","toID":"1308307","formEdgeID":null},{"edgeID":"1718395","fromID":"1308307","toID":"1308312","formEdgeID":null},{"edgeID":"1718396","fromID":"1308312","toID":"1308302","formEdgeID":null},{"edgeID":"1718397","fromID":"1308303","toID":"1308313","formEdgeID":null},{"edgeID":"1718398","fromID":"1308313","toID":"1308308","formEdgeID":null},{"edgeID":"1718399","fromID":"1308313","toID":"1308314","formEdgeID":null},{"edgeID":"1718400","fromID":"1308314","toID":"1308312","formEdgeID":null},{"edgeID":"1718401","fromID":"1308317","toID":"1308316","formEdgeID":null},{"edgeID":"1718402","fromID":"1308318","toID":"1308317","formEdgeID":null},{"edgeID":"1718403","fromID":"1308316","toID":"1308319","formEdgeID":null},{"edgeID":"1718404","fromID":"1308319","toID":"1308315","formEdgeID":null},{"edgeID":"1718405","fromID":"1308308","toID":"1308320","formEdgeID":null},{"edgeID":"1718406","fromID":"1308320","toID":"1308316","formEdgeID":null},{"edgeID":"1718407","fromID":"1308323","toID":"1308322","formEdgeID":null},{"edgeID":"1718408","fromID":"1308324","toID":"1308323","formEdgeID":null},{"edgeID":"1718409","fromID":"1308322","toID":"1308325","formEdgeID":null},{"edgeID":"1718410","fromID":"1308325","toID":"1308321","formEdgeID":null},{"edgeID":"1718411","fromID":"1308328","toID":"1308327","formEdgeID":null},{"edgeID":"1718412","fromID":"1308329","toID":"1308328","formEdgeID":null},{"edgeID":"1718413","fromID":"1308327","toID":"1308330","formEdgeID":null},{"edgeID":"1718414","fromID":"1308330","toID":"1308326","formEdgeID":null},{"edgeID":"1718415","fromID":"1308333","toID":"1308332","formEdgeID":null},{"edgeID":"1718416","fromID":"1308334","toID":"1308333","formEdgeID":null},{"edgeID":"1718417","fromID":"1308332","toID":"1308335","formEdgeID":null},{"edgeID":"1718418","fromID":"1308335","toID":"1308331","formEdgeID":null},{"edgeID":"1718419","fromID":"1308316","toID":"1308336","formEdgeID":null},{"edgeID":"1718420","fromID":"1308336","toID":"1308322","formEdgeID":null},{"edgeID":"1718421","fromID":"1308322","toID":"1308337","formEdgeID":null},{"edgeID":"1718422","fromID":"1308337","toID":"1308327","formEdgeID":null},{"edgeID":"1718423","fromID":"1308326","toID":"1308338","formEdgeID":null},{"edgeID":"1718424","fromID":"1308338","toID":"1308321","formEdgeID":null},{"edgeID":"1718425","fromID":"1308337","toID":"1308339","formEdgeID":null},{"edgeID":"1718426","fromID":"1308339","toID":"1308338","formEdgeID":null},{"edgeID":"1718427","fromID":"1308331","toID":"1308340","formEdgeID":null},{"edgeID":"1718428","fromID":"1308340","toID":"1308326","formEdgeID":null},{"edgeID":"1718429","fromID":"1308327","toID":"1308341","formEdgeID":null},{"edgeID":"1718430","fromID":"1308341","toID":"1308332","formEdgeID":null},{"edgeID":"1718431","fromID":"1308341","toID":"1308342","formEdgeID":null},{"edgeID":"1718432","fromID":"1308342","toID":"1308340","formEdgeID":null},{"edgeID":"1718433","fromID":"1308345","toID":"1308344","formEdgeID":null},{"edgeID":"1718434","fromID":"1308346","toID":"1308345","formEdgeID":null},{"edgeID":"1718435","fromID":"1308344","toID":"1308347","formEdgeID":null},{"edgeID":"1718436","fromID":"1308347","toID":"1308343","formEdgeID":null},{"edgeID":"1718437","fromID":"1308343","toID":"1308348","formEdgeID":null},{"edgeID":"1718438","fromID":"1308348","toID":"1308326","formEdgeID":null},{"edgeID":"1718439","fromID":"1308343","toID":"1308349","formEdgeID":null},{"edgeID":"1718440","fromID":"1308349","toID":"1308321","formEdgeID":null},{"edgeID":"1718441","fromID":"1308327","toID":"1308350","formEdgeID":null},{"edgeID":"1718442","fromID":"1308350","toID":"1308344","formEdgeID":null},{"edgeID":"1718443","fromID":"1308322","toID":"1308351","formEdgeID":null},{"edgeID":"1718444","fromID":"1308351","toID":"1308344","formEdgeID":null},{"edgeID":"1718445","fromID":"1308350","toID":"1308352","formEdgeID":null},{"edgeID":"1718446","fromID":"1308352","toID":"1308348","formEdgeID":null},{"edgeID":"1718447","fromID":"1308351","toID":"1308353","formEdgeID":null},{"edgeID":"1718448","fromID":"1308353","toID":"1308349","formEdgeID":null},{"edgeID":"1718449","fromID":"1308356","toID":"1308355","formEdgeID":null},{"edgeID":"1718450","fromID":"1308357","toID":"1308356","formEdgeID":null},{"edgeID":"1718451","fromID":"1308355","toID":"1308358","formEdgeID":null},{"edgeID":"1718452","fromID":"1308358","toID":"1308354","formEdgeID":null},{"edgeID":"1718453","fromID":"1308344","toID":"1308359","formEdgeID":null},{"edgeID":"1718454","fromID":"1308359","toID":"1308355","formEdgeID":null},{"edgeID":"1718455","fromID":"1308362","toID":"1308361","formEdgeID":null},{"edgeID":"1718456","fromID":"1308363","toID":"1308362","formEdgeID":null},{"edgeID":"1718457","fromID":"1308361","toID":"1308364","formEdgeID":null},{"edgeID":"1718458","fromID":"1308364","toID":"1308360","formEdgeID":null},{"edgeID":"1718459","fromID":"1308360","toID":"1308365","formEdgeID":null},{"edgeID":"1718460","fromID":"1308365","toID":"1308354","formEdgeID":null},{"edgeID":"1718461","fromID":"1308355","toID":"1308366","formEdgeID":null},{"edgeID":"1718462","fromID":"1308366","toID":"1308361","formEdgeID":null},{"edgeID":"1718463","fromID":"1308366","toID":"1308367","formEdgeID":null},{"edgeID":"1718464","fromID":"1308367","toID":"1308365","formEdgeID":null},{"edgeID":"1718465","fromID":"1308370","toID":"1308369","formEdgeID":null},{"edgeID":"1718466","fromID":"1308371","toID":"1308370","formEdgeID":null},{"edgeID":"1718467","fromID":"1308369","toID":"1308372","formEdgeID":null},{"edgeID":"1718468","fromID":"1308372","toID":"1308368","formEdgeID":null},{"edgeID":"1718469","fromID":"1308368","toID":"1308373","formEdgeID":null},{"edgeID":"1718470","fromID":"1308373","toID":"1308360","formEdgeID":null},{"edgeID":"1718471","fromID":"1308361","toID":"1308374","formEdgeID":null},{"edgeID":"1718472","fromID":"1308374","toID":"1308369","formEdgeID":null},{"edgeID":"1718473","fromID":"1308374","toID":"1308375","formEdgeID":null},{"edgeID":"1718474","fromID":"1308375","toID":"1308373","formEdgeID":null},{"edgeID":"1718475","fromID":"1308378","toID":"1308377","formEdgeID":null},{"edgeID":"1718476","fromID":"1308379","toID":"1308378","formEdgeID":null},{"edgeID":"1718477","fromID":"1308377","toID":"1308380","formEdgeID":null},{"edgeID":"1718478","fromID":"1308380","toID":"1308376","formEdgeID":null},{"edgeID":"1718479","fromID":"1308376","toID":"1308381","formEdgeID":null},{"edgeID":"1718480","fromID":"1308381","toID":"1308368","formEdgeID":null},{"edgeID":"1718481","fromID":"1308369","toID":"1308382","formEdgeID":null},{"edgeID":"1718482","fromID":"1308382","toID":"1308377","formEdgeID":null},{"edgeID":"1718483","fromID":"1308382","toID":"1308383","formEdgeID":null},{"edgeID":"1718484","fromID":"1308383","toID":"1308381","formEdgeID":null},{"edgeID":"1718485","fromID":"1308386","toID":"1308385","formEdgeID":null},{"edgeID":"1718486","fromID":"1308387","toID":"1308386","formEdgeID":null},{"edgeID":"1718487","fromID":"1308385","toID":"1308388","formEdgeID":null},{"edgeID":"1718488","fromID":"1308388","toID":"1308384","formEdgeID":null},{"edgeID":"1718489","fromID":"1308384","toID":"1308389","formEdgeID":null},{"edgeID":"1718490","fromID":"1308389","toID":"1308376","formEdgeID":null},{"edgeID":"1718491","fromID":"1308377","toID":"1308390","formEdgeID":null},{"edgeID":"1718492","fromID":"1308390","toID":"1308385","formEdgeID":null},{"edgeID":"1718493","fromID":"1308390","toID":"1308391","formEdgeID":null},{"edgeID":"1718494","fromID":"1308391","toID":"1308389","formEdgeID":null},{"edgeID":"1718495","fromID":"1308394","toID":"1308393","formEdgeID":null},{"edgeID":"1718496","fromID":"1308395","toID":"1308394","formEdgeID":null},{"edgeID":"1718497","fromID":"1308393","toID":"1308396","formEdgeID":null},{"edgeID":"1718498","fromID":"1308396","toID":"1308392","formEdgeID":null},{"edgeID":"1718499","fromID":"1308385","toID":"1308397","formEdgeID":null},{"edgeID":"1718500","fromID":"1308397","toID":"1308393","formEdgeID":null},{"edgeID":"1718501","fromID":"1308397","toID":"1308398","formEdgeID":null},{"edgeID":"1718502","fromID":"1308398","toID":"1308384","formEdgeID":null},{"edgeID":"1718503","fromID":"1308401","toID":"1308400","formEdgeID":null},{"edgeID":"1718504","fromID":"1308402","toID":"1308401","formEdgeID":null},{"edgeID":"1718505","fromID":"1308400","toID":"1308403","formEdgeID":null},{"edgeID":"1718506","fromID":"1308403","toID":"1308399","formEdgeID":null},{"edgeID":"1718507","fromID":"1308399","toID":"1308404","formEdgeID":null},{"edgeID":"1718508","fromID":"1308404","toID":"1308392","formEdgeID":null},{"edgeID":"1718509","fromID":"1308393","toID":"1308405","formEdgeID":null},{"edgeID":"1718510","fromID":"1308405","toID":"1308400","formEdgeID":null},{"edgeID":"1718511","fromID":"1308405","toID":"1308406","formEdgeID":null},{"edgeID":"1718512","fromID":"1308406","toID":"1308404","formEdgeID":null},{"edgeID":"1718513","fromID":"1308409","toID":"1308408","formEdgeID":null},{"edgeID":"1718514","fromID":"1308410","toID":"1308409","formEdgeID":null},{"edgeID":"1718515","fromID":"1308408","toID":"1308411","formEdgeID":null},{"edgeID":"1718516","fromID":"1308411","toID":"1308407","formEdgeID":null},{"edgeID":"1718517","fromID":"1308407","toID":"1308412","formEdgeID":null},{"edgeID":"1718518","fromID":"1308412","toID":"1308384","formEdgeID":null},{"edgeID":"1718519","fromID":"1308385","toID":"1308413","formEdgeID":null},{"edgeID":"1718520","fromID":"1308413","toID":"1308408","formEdgeID":null},{"edgeID":"1718521","fromID":"1308413","toID":"1308414","formEdgeID":null},{"edgeID":"1718522","fromID":"1308414","toID":"1308412","formEdgeID":null},{"edgeID":"1718523","fromID":"1308417","toID":"1308416","formEdgeID":null},{"edgeID":"1718524","fromID":"1308418","toID":"1308417","formEdgeID":null},{"edgeID":"1718525","fromID":"1308416","toID":"1308419","formEdgeID":null},{"edgeID":"1718526","fromID":"1308419","toID":"1308415","formEdgeID":null},{"edgeID":"1718527","fromID":"1308422","toID":"1308421","formEdgeID":null},{"edgeID":"1718528","fromID":"1308423","toID":"1308422","formEdgeID":null},{"edgeID":"1718529","fromID":"1308421","toID":"1308424","formEdgeID":null},{"edgeID":"1718530","fromID":"1308424","toID":"1308420","formEdgeID":null},{"edgeID":"1718531","fromID":"1308427","toID":"1308426","formEdgeID":null},{"edgeID":"1718532","fromID":"1308428","toID":"1308427","formEdgeID":null},{"edgeID":"1718533","fromID":"1308426","toID":"1308429","formEdgeID":null},{"edgeID":"1718534","fromID":"1308429","toID":"1308425","formEdgeID":null},{"edgeID":"1718535","fromID":"1308408","toID":"1308430","formEdgeID":null},{"edgeID":"1718536","fromID":"1308430","toID":"1308416","formEdgeID":null},{"edgeID":"1718537","fromID":"1308416","toID":"1308431","formEdgeID":null},{"edgeID":"1718538","fromID":"1308431","toID":"1308421","formEdgeID":null},{"edgeID":"1718539","fromID":"1308421","toID":"1308432","formEdgeID":null},{"edgeID":"1718540","fromID":"1308432","toID":"1308426","formEdgeID":null},{"edgeID":"1718541","fromID":"1308415","toID":"1308433","formEdgeID":null},{"edgeID":"1718542","fromID":"1308433","toID":"1308420","formEdgeID":null},{"edgeID":"1718543","fromID":"1308425","toID":"1308434","formEdgeID":null},{"edgeID":"1718544","fromID":"1308434","toID":"1308420","formEdgeID":null},{"edgeID":"1718545","fromID":"1308437","toID":"1308436","formEdgeID":null},{"edgeID":"1718546","fromID":"1308438","toID":"1308437","formEdgeID":null},{"edgeID":"1718547","fromID":"1308436","toID":"1308439","formEdgeID":null},{"edgeID":"1718548","fromID":"1308439","toID":"1308435","formEdgeID":null},{"edgeID":"1718549","fromID":"1308442","toID":"1308441","formEdgeID":null},{"edgeID":"1718550","fromID":"1308443","toID":"1308442","formEdgeID":null},{"edgeID":"1718551","fromID":"1308441","toID":"1308444","formEdgeID":null},{"edgeID":"1718552","fromID":"1308444","toID":"1308440","formEdgeID":null},{"edgeID":"1718553","fromID":"1308426","toID":"1308445","formEdgeID":null},{"edgeID":"1718554","fromID":"1308445","toID":"1308436","formEdgeID":null},{"edgeID":"1718555","fromID":"1308436","toID":"1308446","formEdgeID":null},{"edgeID":"1718556","fromID":"1308446","toID":"1308441","formEdgeID":null},{"edgeID":"1718557","fromID":"1308449","toID":"1308448","formEdgeID":null},{"edgeID":"1718558","fromID":"1308450","toID":"1308449","formEdgeID":null},{"edgeID":"1718559","fromID":"1308448","toID":"1308451","formEdgeID":null},{"edgeID":"1718560","fromID":"1308451","toID":"1308447","formEdgeID":null},{"edgeID":"1718561","fromID":"1308454","toID":"1308453","formEdgeID":null},{"edgeID":"1718562","fromID":"1308455","toID":"1308454","formEdgeID":null},{"edgeID":"1718563","fromID":"1308453","toID":"1308456","formEdgeID":null},{"edgeID":"1718564","fromID":"1308456","toID":"1308452","formEdgeID":null},{"edgeID":"1718565","fromID":"1308459","toID":"1308458","formEdgeID":null},{"edgeID":"1718566","fromID":"1308460","toID":"1308459","formEdgeID":null},{"edgeID":"1718567","fromID":"1308458","toID":"1308461","formEdgeID":null},{"edgeID":"1718568","fromID":"1308461","toID":"1308457","formEdgeID":null},{"edgeID":"1718569","fromID":"1308464","toID":"1308463","formEdgeID":null},{"edgeID":"1718570","fromID":"1308465","toID":"1308464","formEdgeID":null},{"edgeID":"1718571","fromID":"1308463","toID":"1308466","formEdgeID":null},{"edgeID":"1718572","fromID":"1308466","toID":"1308462","formEdgeID":null},{"edgeID":"1718573","fromID":"1308441","toID":"1308467","formEdgeID":null},{"edgeID":"1718574","fromID":"1308467","toID":"1308448","formEdgeID":null},{"edgeID":"1718575","fromID":"1308452","toID":"1308468","formEdgeID":null},{"edgeID":"1718576","fromID":"1308468","toID":"1308447","formEdgeID":null},{"edgeID":"1718577","fromID":"1308448","toID":"1308469","formEdgeID":null},{"edgeID":"1718578","fromID":"1308469","toID":"1308453","formEdgeID":null},{"edgeID":"1718579","fromID":"1308469","toID":"1308470","formEdgeID":null},{"edgeID":"1718580","fromID":"1308470","toID":"1308468","formEdgeID":null},{"edgeID":"1718581","fromID":"1308453","toID":"1308471","formEdgeID":null},{"edgeID":"1718582","fromID":"1308471","toID":"1308458","formEdgeID":null},{"edgeID":"1718583","fromID":"1308458","toID":"1308472","formEdgeID":null},{"edgeID":"1718584","fromID":"1308472","toID":"1308463","formEdgeID":null},{"edgeID":"1718585","fromID":"1308431","toID":"1308473","formEdgeID":null},{"edgeID":"1718586","fromID":"1308473","toID":"1308433","formEdgeID":null},{"edgeID":"1718587","fromID":"1308432","toID":"1308474","formEdgeID":null},{"edgeID":"1718588","fromID":"1308474","toID":"1308434","formEdgeID":null},{"edgeID":"1718589","fromID":"1308440","toID":"1308475","formEdgeID":null},{"edgeID":"1718590","fromID":"1308475","toID":"1308435","formEdgeID":null},{"edgeID":"1718591","fromID":"1308446","toID":"1308476","formEdgeID":null},{"edgeID":"1718592","fromID":"1308476","toID":"1308475","formEdgeID":null},{"edgeID":"1718593","fromID":"1308462","toID":"1308477","formEdgeID":null},{"edgeID":"1718594","fromID":"1308477","toID":"1308457","formEdgeID":null},{"edgeID":"1718595","fromID":"1308472","toID":"1308478","formEdgeID":null},{"edgeID":"1718596","fromID":"1308478","toID":"1308477","formEdgeID":null}],"locutions":[]}