{"nodes":[{"nodeID":"1308580","text":"we're just about holding the fragile infrastructure together","type":"I","timestamp":"2023-11-09 13:07:28"},{"nodeID":"1308581","text":"Emily Thornberry: we're just about holding everything together","type":"L","timestamp":"2023-11-09 13:07:28"},{"nodeID":"1308582","text":"Analysing","type":"YA","timestamp":"2023-11-09 13:07:28"},{"nodeID":"1308583","text":"Zofia: Emily Thornberry: we're just about holding everything together","type":"L","timestamp":"2023-11-09 13:07:28"},{"nodeID":"1308584","text":"Asserting","type":"YA","timestamp":"2023-11-09 13:07:28"},{"nodeID":"1308585","text":"the deal with European Union is stretched as much as it can","type":"I","timestamp":"2023-11-09 13:07:29"},{"nodeID":"1308586","text":"Emily Thornberry: it's like stretched as much as it can","type":"L","timestamp":"2023-11-09 13:07:29"},{"nodeID":"1308587","text":"Analysing","type":"YA","timestamp":"2023-11-09 13:07:29"},{"nodeID":"1308588","text":"Zofia: Emily Thornberry: it's like stretched as much as it can","type":"L","timestamp":"2023-11-09 13:07:29"},{"nodeID":"1308589","text":"Asserting","type":"YA","timestamp":"2023-11-09 13:07:29"},{"nodeID":"1308590","text":"Default Transition","type":"TA","timestamp":"2023-11-09 13:07:29"},{"nodeID":"1308591","text":"then you get a little thing happen, like Easter","type":"I","timestamp":"2023-11-09 13:07:30"},{"nodeID":"1308592","text":"Emily Thornberry: then you get a little thing happen, like Easter","type":"L","timestamp":"2023-11-09 13:07:30"},{"nodeID":"1308593","text":"Analysing","type":"YA","timestamp":"2023-11-09 13:07:30"},{"nodeID":"1308594","text":"Zofia: Emily Thornberry: then you get a little thing happen, like Easter","type":"L","timestamp":"2023-11-09 13:07:30"},{"nodeID":"1308595","text":"Asserting","type":"YA","timestamp":"2023-11-09 13:07:30"},{"nodeID":"1308596","text":"during Easter lots more families want to go abroad","type":"I","timestamp":"2023-11-09 13:07:30"},{"nodeID":"1308597","text":"Emily Thornberry: lots more families want to go abroad","type":"L","timestamp":"2023-11-09 13:07:30"},{"nodeID":"1308598","text":"Analysing","type":"YA","timestamp":"2023-11-09 13:07:30"},{"nodeID":"1308599","text":"Zofia: Emily Thornberry: lots more families want to go abroad","type":"L","timestamp":"2023-11-09 13:07:30"},{"nodeID":"1308600","text":"Asserting","type":"YA","timestamp":"2023-11-09 13:07:30"},{"nodeID":"1308601","text":"Default Transition","type":"TA","timestamp":"2023-11-09 13:07:30"},{"nodeID":"1308602","text":"after an event like Easter things start to fall apart","type":"I","timestamp":"2023-11-09 13:07:31"},{"nodeID":"1308603","text":"Emily Thornberry: then things start to fall apart","type":"L","timestamp":"2023-11-09 13:07:31"},{"nodeID":"1308604","text":"Analysing","type":"YA","timestamp":"2023-11-09 13:07:31"},{"nodeID":"1308605","text":"Zofia: Emily Thornberry: then things start to fall apart","type":"L","timestamp":"2023-11-09 13:07:31"},{"nodeID":"1308606","text":"Asserting","type":"YA","timestamp":"2023-11-09 13:07:31"},{"nodeID":"1308607","text":"Default Transition","type":"TA","timestamp":"2023-11-09 13:07:31"},{"nodeID":"1308608","text":"after an event like Easter you get the situation with P&O","type":"I","timestamp":"2023-11-09 13:07:31"},{"nodeID":"1308609","text":"Emily Thornberry: you get P&O","type":"L","timestamp":"2023-11-09 13:07:31"},{"nodeID":"1308610","text":"Analysing","type":"YA","timestamp":"2023-11-09 13:07:31"},{"nodeID":"1308611","text":"Zofia: Emily Thornberry: you get P&O","type":"L","timestamp":"2023-11-09 13:07:31"},{"nodeID":"1308612","text":"Asserting","type":"YA","timestamp":"2023-11-09 13:07:31"},{"nodeID":"1308613","text":"Default Transition","type":"TA","timestamp":"2023-11-09 13:07:31"},{"nodeID":"1308614","text":"Default Inference","type":"RA","timestamp":"2023-11-09 13:07:31"},{"nodeID":"1308615","text":"Arguing","type":"YA","timestamp":"2023-11-09 13:07:31"},{"nodeID":"1308616","text":"Default Inference","type":"RA","timestamp":"2023-11-09 13:07:31"},{"nodeID":"1308617","text":"Default Rephrase","type":"MA","timestamp":"2023-11-09 13:07:31"},{"nodeID":"1308618","text":"Restating","type":"YA","timestamp":"2023-11-09 13:07:31"},{"nodeID":"1308619","text":"Default Transition","type":"TA","timestamp":"2023-11-09 13:07:31"},{"nodeID":"1308620","text":"Default Transition","type":"TA","timestamp":"2023-11-09 13:07:31"},{"nodeID":"1308621","text":"Arguing","type":"YA","timestamp":"2023-11-09 13:07:31"},{"nodeID":"1308622","text":"Default Rephrase","type":"MA","timestamp":"2023-11-09 13:07:31"},{"nodeID":"1308623","text":"Restating","type":"YA","timestamp":"2023-11-09 13:07:31"},{"nodeID":"1308624","text":"P&O is part of the problem of the deal with the European Union","type":"I","timestamp":"2023-11-09 13:07:32"},{"nodeID":"1308625","text":"Emily Thornberry: P&O is part of this too","type":"L","timestamp":"2023-11-09 13:07:32"},{"nodeID":"1308626","text":"Analysing","type":"YA","timestamp":"2023-11-09 13:07:32"},{"nodeID":"1308627","text":"Zofia: Emily Thornberry: P&O is part of this too","type":"L","timestamp":"2023-11-09 13:07:32"},{"nodeID":"1308628","text":"Asserting","type":"YA","timestamp":"2023-11-09 13:07:32"},{"nodeID":"1308629","text":"Default Transition","type":"TA","timestamp":"2023-11-09 13:07:32"},{"nodeID":"1308630","text":"Default Inference","type":"RA","timestamp":"2023-11-09 13:07:32"},{"nodeID":"1308631","text":"Arguing","type":"YA","timestamp":"2023-11-09 13:07:32"},{"nodeID":"1308632","text":"Emily Thornberry hears what's being said, that the Government are looking into the problem of the deal with the European Union","type":"I","timestamp":"2023-11-09 13:07:33"},{"nodeID":"1308633","text":"Emily Thornberry: I hear what's being said, that the Government are looking into it","type":"L","timestamp":"2023-11-09 13:07:33"},{"nodeID":"1308634","text":"Analysing","type":"YA","timestamp":"2023-11-09 13:07:33"},{"nodeID":"1308635","text":"Zofia: Emily Thornberry: I hear what's being said, that the Government are looking into it","type":"L","timestamp":"2023-11-09 13:07:33"},{"nodeID":"1308636","text":"Asserting","type":"YA","timestamp":"2023-11-09 13:07:33"},{"nodeID":"1308637","text":"Default Transition","type":"TA","timestamp":"2023-11-09 13:07:33"},{"nodeID":"1308638","text":"the Government should stop looking into the problem of the deal with the European Union and do something about it instead","type":"I","timestamp":"2023-11-09 13:07:33"},{"nodeID":"1308639","text":"Emily Thornberry: stop looking into it and do something about it","type":"L","timestamp":"2023-11-09 13:07:33"},{"nodeID":"1308640","text":"Analysing","type":"YA","timestamp":"2023-11-09 13:07:33"},{"nodeID":"1308641","text":"Zofia: Emily Thornberry: stop looking into it and do something about it","type":"L","timestamp":"2023-11-09 13:07:33"},{"nodeID":"1308642","text":"Asserting","type":"YA","timestamp":"2023-11-09 13:07:33"},{"nodeID":"1308643","text":"Default Transition","type":"TA","timestamp":"2023-11-09 13:07:33"},{"nodeID":"1308644","text":"we are doing something about the problem of the deal with the European Union","type":"I","timestamp":"2023-11-09 13:07:34"},{"nodeID":"1308645","text":"Greg Hands: We are","type":"L","timestamp":"2023-11-09 13:07:34"},{"nodeID":"1308646","text":"Analysing","type":"YA","timestamp":"2023-11-09 13:07:34"},{"nodeID":"1308647","text":"Zofia: Greg Hands: We are","type":"L","timestamp":"2023-11-09 13:07:34"},{"nodeID":"1308648","text":"Asserting","type":"YA","timestamp":"2023-11-09 13:07:34"},{"nodeID":"1308649","text":"Default Transition","type":"TA","timestamp":"2023-11-09 13:07:34"},{"nodeID":"1308650","text":"we're taking action on P&O and Operation Brock","type":"I","timestamp":"2023-11-09 13:07:35"},{"nodeID":"1308651","text":"Greg Hands: We're taking action on P&O and Operation Brock","type":"L","timestamp":"2023-11-09 13:07:35"},{"nodeID":"1308652","text":"Analysing","type":"YA","timestamp":"2023-11-09 13:07:35"},{"nodeID":"1308653","text":"Zofia: Greg Hands: We're taking action on P&O and Operation Brock","type":"L","timestamp":"2023-11-09 13:07:35"},{"nodeID":"1308654","text":"Asserting","type":"YA","timestamp":"2023-11-09 13:07:35"},{"nodeID":"1308655","text":"Default Transition","type":"TA","timestamp":"2023-11-09 13:07:35"},{"nodeID":"1308656","text":"Default Inference","type":"RA","timestamp":"2023-11-09 13:07:35"},{"nodeID":"1308657","text":"Arguing","type":"YA","timestamp":"2023-11-09 13:07:35"},{"nodeID":"1308658","text":"Default Rephrase","type":"MA","timestamp":"2023-11-09 13:07:35"},{"nodeID":"1308659","text":"Restating","type":"YA","timestamp":"2023-11-09 13:07:35"}],"edges":[{"edgeID":"1718717","fromID":"1308582","toID":"1308581","formEdgeID":null},{"edgeID":"1718718","fromID":"1308583","toID":"1308582","formEdgeID":null},{"edgeID":"1718719","fromID":"1308581","toID":"1308584","formEdgeID":null},{"edgeID":"1718720","fromID":"1308584","toID":"1308580","formEdgeID":null},{"edgeID":"1718721","fromID":"1308587","toID":"1308586","formEdgeID":null},{"edgeID":"1718722","fromID":"1308588","toID":"1308587","formEdgeID":null},{"edgeID":"1718723","fromID":"1308586","toID":"1308589","formEdgeID":null},{"edgeID":"1718724","fromID":"1308589","toID":"1308585","formEdgeID":null},{"edgeID":"1718725","fromID":"1308581","toID":"1308590","formEdgeID":null},{"edgeID":"1718726","fromID":"1308590","toID":"1308586","formEdgeID":null},{"edgeID":"1718727","fromID":"1308593","toID":"1308592","formEdgeID":null},{"edgeID":"1718728","fromID":"1308594","toID":"1308593","formEdgeID":null},{"edgeID":"1718729","fromID":"1308592","toID":"1308595","formEdgeID":null},{"edgeID":"1718730","fromID":"1308595","toID":"1308591","formEdgeID":null},{"edgeID":"1718731","fromID":"1308598","toID":"1308597","formEdgeID":null},{"edgeID":"1718732","fromID":"1308599","toID":"1308598","formEdgeID":null},{"edgeID":"1718733","fromID":"1308597","toID":"1308600","formEdgeID":null},{"edgeID":"1718734","fromID":"1308600","toID":"1308596","formEdgeID":null},{"edgeID":"1718735","fromID":"1308592","toID":"1308601","formEdgeID":null},{"edgeID":"1718736","fromID":"1308601","toID":"1308597","formEdgeID":null},{"edgeID":"1718737","fromID":"1308604","toID":"1308603","formEdgeID":null},{"edgeID":"1718738","fromID":"1308605","toID":"1308604","formEdgeID":null},{"edgeID":"1718739","fromID":"1308603","toID":"1308606","formEdgeID":null},{"edgeID":"1718740","fromID":"1308606","toID":"1308602","formEdgeID":null},{"edgeID":"1718741","fromID":"1308597","toID":"1308607","formEdgeID":null},{"edgeID":"1718742","fromID":"1308607","toID":"1308603","formEdgeID":null},{"edgeID":"1718743","fromID":"1308610","toID":"1308609","formEdgeID":null},{"edgeID":"1718744","fromID":"1308611","toID":"1308610","formEdgeID":null},{"edgeID":"1718745","fromID":"1308609","toID":"1308612","formEdgeID":null},{"edgeID":"1718746","fromID":"1308612","toID":"1308608","formEdgeID":null},{"edgeID":"1718747","fromID":"1308603","toID":"1308613","formEdgeID":null},{"edgeID":"1718748","fromID":"1308613","toID":"1308609","formEdgeID":null},{"edgeID":"1718749","fromID":"1308596","toID":"1308614","formEdgeID":null},{"edgeID":"1718750","fromID":"1308614","toID":"1308602","formEdgeID":null},{"edgeID":"1718751","fromID":"1308607","toID":"1308615","formEdgeID":null},{"edgeID":"1718752","fromID":"1308615","toID":"1308614","formEdgeID":null},{"edgeID":"1718753","fromID":"1308580","toID":"1308616","formEdgeID":null},{"edgeID":"1718754","fromID":"1308616","toID":"1308602","formEdgeID":null},{"edgeID":"1718755","fromID":"1308585","toID":"1308617","formEdgeID":null},{"edgeID":"1718756","fromID":"1308617","toID":"1308580","formEdgeID":null},{"edgeID":"1718757","fromID":"1308590","toID":"1308618","formEdgeID":null},{"edgeID":"1718758","fromID":"1308618","toID":"1308617","formEdgeID":null},{"edgeID":"1718759","fromID":"1308586","toID":"1308619","formEdgeID":null},{"edgeID":"1718760","fromID":"1308619","toID":"1308592","formEdgeID":null},{"edgeID":"1718761","fromID":"1308581","toID":"1308620","formEdgeID":null},{"edgeID":"1718762","fromID":"1308620","toID":"1308603","formEdgeID":null},{"edgeID":"1718763","fromID":"1308620","toID":"1308621","formEdgeID":null},{"edgeID":"1718764","fromID":"1308621","toID":"1308616","formEdgeID":null},{"edgeID":"1718765","fromID":"1308608","toID":"1308622","formEdgeID":null},{"edgeID":"1718766","fromID":"1308622","toID":"1308602","formEdgeID":null},{"edgeID":"1718767","fromID":"1308613","toID":"1308623","formEdgeID":null},{"edgeID":"1718768","fromID":"1308623","toID":"1308622","formEdgeID":null},{"edgeID":"1718769","fromID":"1308626","toID":"1308625","formEdgeID":null},{"edgeID":"1718770","fromID":"1308627","toID":"1308626","formEdgeID":null},{"edgeID":"1718771","fromID":"1308625","toID":"1308628","formEdgeID":null},{"edgeID":"1718772","fromID":"1308628","toID":"1308624","formEdgeID":null},{"edgeID":"1718773","fromID":"1308609","toID":"1308629","formEdgeID":null},{"edgeID":"1718774","fromID":"1308629","toID":"1308625","formEdgeID":null},{"edgeID":"1718775","fromID":"1308624","toID":"1308630","formEdgeID":null},{"edgeID":"1718776","fromID":"1308630","toID":"1308608","formEdgeID":null},{"edgeID":"1718777","fromID":"1308629","toID":"1308631","formEdgeID":null},{"edgeID":"1718778","fromID":"1308631","toID":"1308630","formEdgeID":null},{"edgeID":"1718779","fromID":"1308634","toID":"1308633","formEdgeID":null},{"edgeID":"1718780","fromID":"1308635","toID":"1308634","formEdgeID":null},{"edgeID":"1718781","fromID":"1308633","toID":"1308636","formEdgeID":null},{"edgeID":"1718782","fromID":"1308636","toID":"1308632","formEdgeID":null},{"edgeID":"1718783","fromID":"1308625","toID":"1308637","formEdgeID":null},{"edgeID":"1718784","fromID":"1308637","toID":"1308633","formEdgeID":null},{"edgeID":"1718785","fromID":"1308640","toID":"1308639","formEdgeID":null},{"edgeID":"1718786","fromID":"1308641","toID":"1308640","formEdgeID":null},{"edgeID":"1718787","fromID":"1308639","toID":"1308642","formEdgeID":null},{"edgeID":"1718788","fromID":"1308642","toID":"1308638","formEdgeID":null},{"edgeID":"1718789","fromID":"1308633","toID":"1308643","formEdgeID":null},{"edgeID":"1718790","fromID":"1308643","toID":"1308639","formEdgeID":null},{"edgeID":"1718791","fromID":"1308646","toID":"1308645","formEdgeID":null},{"edgeID":"1718792","fromID":"1308647","toID":"1308646","formEdgeID":null},{"edgeID":"1718793","fromID":"1308645","toID":"1308648","formEdgeID":null},{"edgeID":"1718794","fromID":"1308648","toID":"1308644","formEdgeID":null},{"edgeID":"1718795","fromID":"1308639","toID":"1308649","formEdgeID":null},{"edgeID":"1718796","fromID":"1308649","toID":"1308645","formEdgeID":null},{"edgeID":"1718797","fromID":"1308652","toID":"1308651","formEdgeID":null},{"edgeID":"1718798","fromID":"1308653","toID":"1308652","formEdgeID":null},{"edgeID":"1718799","fromID":"1308651","toID":"1308654","formEdgeID":null},{"edgeID":"1718800","fromID":"1308654","toID":"1308650","formEdgeID":null},{"edgeID":"1718801","fromID":"1308645","toID":"1308655","formEdgeID":null},{"edgeID":"1718802","fromID":"1308655","toID":"1308651","formEdgeID":null},{"edgeID":"1718803","fromID":"1308650","toID":"1308656","formEdgeID":null},{"edgeID":"1718804","fromID":"1308656","toID":"1308644","formEdgeID":null},{"edgeID":"1718805","fromID":"1308655","toID":"1308657","formEdgeID":null},{"edgeID":"1718806","fromID":"1308657","toID":"1308656","formEdgeID":null},{"edgeID":"1718807","fromID":"1308638","toID":"1308658","formEdgeID":null},{"edgeID":"1718808","fromID":"1308658","toID":"1308632","formEdgeID":null},{"edgeID":"1718809","fromID":"1308643","toID":"1308659","formEdgeID":null},{"edgeID":"1718810","fromID":"1308659","toID":"1308658","formEdgeID":null}],"locutions":[]}