{"nodes":[{"nodeID":"1308479","text":"the Government is looking at taking P&O to court","type":"I","timestamp":"2023-11-09 13:07:20"},{"nodeID":"1308480","text":"Greg Hands: that is what we are looking at doing","type":"L","timestamp":"2023-11-09 13:07:20"},{"nodeID":"1308481","text":"Analysing","type":"YA","timestamp":"2023-11-09 13:07:20"},{"nodeID":"1308482","text":"Rebecca: Greg Hands: that is what we are looking at doing","type":"L","timestamp":"2023-11-09 13:07:20"},{"nodeID":"1308483","text":"Asserting","type":"YA","timestamp":"2023-11-09 13:07:20"},{"nodeID":"1308484","text":"the Government is also looking at P&O in terms of putting in place new measures on hire and fire","type":"I","timestamp":"2023-11-09 13:07:21"},{"nodeID":"1308485","text":"Greg Hands: We are also, in terms of putting in place new measures on hire and fire","type":"L","timestamp":"2023-11-09 13:07:21"},{"nodeID":"1308486","text":"Analysing","type":"YA","timestamp":"2023-11-09 13:07:21"},{"nodeID":"1308487","text":"Rebecca: Greg Hands: We are also, in terms of putting in place new measures on hire and fire","type":"L","timestamp":"2023-11-09 13:07:21"},{"nodeID":"1308488","text":"Asserting","type":"YA","timestamp":"2023-11-09 13:07:21"},{"nodeID":"1308489","text":"this was a case of just firing and it actually wasn't the hire and fire sort of case as such","type":"I","timestamp":"2023-11-09 13:07:22"},{"nodeID":"1308490","text":"Greg Hands: this was a case of just firing and it actually wasn't the hire and fire sort of case as such","type":"L","timestamp":"2023-11-09 13:07:22"},{"nodeID":"1308491","text":"Analysing","type":"YA","timestamp":"2023-11-09 13:07:22"},{"nodeID":"1308492","text":"Rebecca: Greg Hands: this was a case of just firing and it actually wasn't the hire and fire sort of case as such","type":"L","timestamp":"2023-11-09 13:07:22"},{"nodeID":"1308493","text":"Asserting","type":"YA","timestamp":"2023-11-09 13:07:22"},{"nodeID":"1308494","text":"we've put in place Operation Brock, which is the use of the M20, the carriageway of the M20, as an additional facility to put backed up lorries","type":"I","timestamp":"2023-11-09 13:07:22"},{"nodeID":"1308495","text":"Greg Hands: we've put in place Operation Brock, which is the use of the M20, the carriageway of the M20, as an additional facility to put backed up lorries","type":"L","timestamp":"2023-11-09 13:07:22"},{"nodeID":"1308496","text":"Analysing","type":"YA","timestamp":"2023-11-09 13:07:22"},{"nodeID":"1308497","text":"Rebecca: Greg Hands: we've put in place Operation Brock, which is the use of the M20, the carriageway of the M20, as an additional facility to put backed up lorries","type":"L","timestamp":"2023-11-09 13:07:22"},{"nodeID":"1308498","text":"Asserting","type":"YA","timestamp":"2023-11-09 13:07:22"},{"nodeID":"1308499","text":"Operation Brock is not as good as designating a dedicated area","type":"I","timestamp":"2023-11-09 13:07:23"},{"nodeID":"1308500","text":"Greg Hands: I appreciate Justin is saying that's not as good as a dedicated area","type":"L","timestamp":"2023-11-09 13:07:23"},{"nodeID":"1308501","text":"Analysing","type":"YA","timestamp":"2023-11-09 13:07:23"},{"nodeID":"1308502","text":"Rebecca: Greg Hands: I appreciate Justin is saying that's not as good as a dedicated area","type":"L","timestamp":"2023-11-09 13:07:23"},{"nodeID":"1308503","text":"it's still very helpful to have Operation Brock","type":"I","timestamp":"2023-11-09 13:07:23"},{"nodeID":"1308504","text":"Greg Hands: it's still very helpful to have Operation Brock","type":"L","timestamp":"2023-11-09 13:07:23"},{"nodeID":"1308505","text":"Analysing","type":"YA","timestamp":"2023-11-09 13:07:23"},{"nodeID":"1308506","text":"Rebecca: Greg Hands: it's still very helpful to have Operation Brock","type":"L","timestamp":"2023-11-09 13:07:23"},{"nodeID":"1308507","text":"Asserting","type":"YA","timestamp":"2023-11-09 13:07:23"},{"nodeID":"1308508","text":"Operation Brock blocks the entire country","type":"I","timestamp":"2023-11-09 13:07:24"},{"nodeID":"1308509","text":"AudienceMember 20220407QT30: It blocks the entire country","type":"L","timestamp":"2023-11-09 13:07:24"},{"nodeID":"1308510","text":"Analysing","type":"YA","timestamp":"2023-11-09 13:07:24"},{"nodeID":"1308511","text":"Rebecca: AudienceMember 20220407QT30: It blocks the entire country","type":"L","timestamp":"2023-11-09 13:07:24"},{"nodeID":"1308512","text":"Asserting","type":"YA","timestamp":"2023-11-09 13:07:24"},{"nodeID":"1308513","text":"AudienceMember 20220407QT30 lives on the A20 and you get two\/three hour delays because the Government closed the motorway","type":"I","timestamp":"2023-11-09 13:07:25"},{"nodeID":"1308514","text":"AudienceMember 20220407QT30: I live on the A20 and you get two\/three hour delays because they've closed the motorway","type":"L","timestamp":"2023-11-09 13:07:25"},{"nodeID":"1308515","text":"Analysing","type":"YA","timestamp":"2023-11-09 13:07:25"},{"nodeID":"1308516","text":"Rebecca: AudienceMember 20220407QT30: I live on the A20 and you get two\/three hour delays because they've closed the motorway","type":"L","timestamp":"2023-11-09 13:07:25"},{"nodeID":"1308517","text":"Asserting","type":"YA","timestamp":"2023-11-09 13:07:25"},{"nodeID":"1308518","text":"the motorway is not a carpark","type":"I","timestamp":"2023-11-09 13:07:25"},{"nodeID":"1308519","text":"AudienceMember 20220407QT31: the motorway is not a carpark","type":"L","timestamp":"2023-11-09 13:07:25"},{"nodeID":"1308520","text":"Analysing","type":"YA","timestamp":"2023-11-09 13:07:25"},{"nodeID":"1308521","text":"Rebecca: AudienceMember 20220407QT31: the motorway is not a carpark","type":"L","timestamp":"2023-11-09 13:07:25"},{"nodeID":"1308522","text":"Asserting","type":"YA","timestamp":"2023-11-09 13:07:25"},{"nodeID":"1308523","text":"everybody gets impacted because of Operation Brock","type":"I","timestamp":"2023-11-09 13:07:26"},{"nodeID":"1308524","text":"AudienceMember 20220407QT32: everybody gets impacted because of it","type":"L","timestamp":"2023-11-09 13:07:26"},{"nodeID":"1308525","text":"Analysing","type":"YA","timestamp":"2023-11-09 13:07:26"},{"nodeID":"1308526","text":"Rebecca: AudienceMember 20220407QT32: everybody gets impacted because of it","type":"L","timestamp":"2023-11-09 13:07:26"},{"nodeID":"1308527","text":"Asserting","type":"YA","timestamp":"2023-11-09 13:07:26"},{"nodeID":"1308528","text":"Operation Brock is a plan which we've had in place for some years now","type":"I","timestamp":"2023-11-09 13:07:26"},{"nodeID":"1308529","text":"Greg Hands: It's a plan which we've had in place for some years now","type":"L","timestamp":"2023-11-09 13:07:26"},{"nodeID":"1308530","text":"Analysing","type":"YA","timestamp":"2023-11-09 13:07:26"},{"nodeID":"1308531","text":"Rebecca: Greg Hands: It's a plan which we've had in place for some years now","type":"L","timestamp":"2023-11-09 13:07:26"},{"nodeID":"1308532","text":"Asserting","type":"YA","timestamp":"2023-11-09 13:07:26"},{"nodeID":"1308533","text":"Operation Brock has been operated effecticely before","type":"I","timestamp":"2023-11-09 13:07:27"},{"nodeID":"1308534","text":"Greg Hands: We've operated it before, I think effectively","type":"L","timestamp":"2023-11-09 13:07:27"},{"nodeID":"1308535","text":"Analysing","type":"YA","timestamp":"2023-11-09 13:07:27"},{"nodeID":"1308536","text":"Rebecca: Greg Hands: We've operated it before, I think effectively","type":"L","timestamp":"2023-11-09 13:07:27"},{"nodeID":"1308537","text":"Asserting","type":"YA","timestamp":"2023-11-09 13:07:27"},{"nodeID":"1308538","text":"Operation Brock has been operated before, late in 2020 when France closed the border with the Omicron variant","type":"I","timestamp":"2023-11-09 13:07:27"},{"nodeID":"1308539","text":"Greg Hands: It has been operated before, late in 2020 when France closed the border with the Omicron variant","type":"L","timestamp":"2023-11-09 13:07:27"},{"nodeID":"1308540","text":"Analysing","type":"YA","timestamp":"2023-11-09 13:07:27"},{"nodeID":"1308541","text":"Rebecca: Greg Hands: It has been operated before, late in 2020 when France closed the border with the Omicron variant","type":"L","timestamp":"2023-11-09 13:07:27"},{"nodeID":"1308542","text":"Asserting","type":"YA","timestamp":"2023-11-09 13:07:27"},{"nodeID":"1308543","text":"Default Transition","type":"TA","timestamp":"2023-11-09 13:07:27"},{"nodeID":"1308544","text":"Default Rephrase","type":"MA","timestamp":"2023-11-09 13:07:27"},{"nodeID":"1308545","text":"Restating","type":"YA","timestamp":"2023-11-09 13:07:27"},{"nodeID":"1308546","text":"Default Conflict","type":"CA","timestamp":"2023-11-09 13:07:27"},{"nodeID":"1308547","text":"Default Transition","type":"TA","timestamp":"2023-11-09 13:07:27"},{"nodeID":"1308548","text":"Disagreeing","type":"YA","timestamp":"2023-11-09 13:07:27"},{"nodeID":"1308549","text":"Default Transition","type":"TA","timestamp":"2023-11-09 13:07:27"},{"nodeID":"1308550","text":"Default Transition","type":"TA","timestamp":"2023-11-09 13:07:27"},{"nodeID":"1308551","text":"Justin Welby: Operation Brock is not as good as designating a dedicated area","type":"L","timestamp":"2023-11-09 13:07:27"},{"nodeID":"1308552","text":"Analysing","type":"YA","timestamp":"2023-11-09 13:07:27"},{"nodeID":"1308553","text":"Rebecca: Justin Welby: Operation Brock is not as good as designating a dedicated area","type":"L","timestamp":"2023-11-09 13:07:27"},{"nodeID":"1308554","text":"Asserting","type":"YA","timestamp":"2023-11-09 13:07:27"},{"nodeID":"1308555","text":"Asserting","type":"YA","timestamp":"2023-11-09 13:07:27"},{"nodeID":"1308556","text":"Default Conflict","type":"CA","timestamp":"2023-11-09 13:07:27"},{"nodeID":"1308557","text":"Disagreeing","type":"YA","timestamp":"2023-11-09 13:07:27"},{"nodeID":"1308558","text":"Default Conflict","type":"CA","timestamp":"2023-11-09 13:07:27"},{"nodeID":"1308559","text":"Default Transition","type":"TA","timestamp":"2023-11-09 13:07:27"},{"nodeID":"1308560","text":"Disagreeing","type":"YA","timestamp":"2023-11-09 13:07:27"},{"nodeID":"1308561","text":"Default Conflict","type":"CA","timestamp":"2023-11-09 13:07:27"},{"nodeID":"1308562","text":"Default Transition","type":"TA","timestamp":"2023-11-09 13:07:27"},{"nodeID":"1308563","text":"Disagreeing","type":"YA","timestamp":"2023-11-09 13:07:27"},{"nodeID":"1308564","text":"Default Rephrase","type":"MA","timestamp":"2023-11-09 13:07:27"},{"nodeID":"1308565","text":"Default Transition","type":"TA","timestamp":"2023-11-09 13:07:27"},{"nodeID":"1308566","text":"Restating","type":"YA","timestamp":"2023-11-09 13:07:27"},{"nodeID":"1308567","text":"Default Transition","type":"TA","timestamp":"2023-11-09 13:07:27"},{"nodeID":"1308568","text":"Default Rephrase","type":"MA","timestamp":"2023-11-09 13:07:27"},{"nodeID":"1308569","text":"Restating","type":"YA","timestamp":"2023-11-09 13:07:27"},{"nodeID":"1308570","text":"Default Inference","type":"RA","timestamp":"2023-11-09 13:07:27"},{"nodeID":"1308571","text":"Default Transition","type":"TA","timestamp":"2023-11-09 13:07:27"},{"nodeID":"1308572","text":"Arguing","type":"YA","timestamp":"2023-11-09 13:07:27"},{"nodeID":"1308573","text":"Default Transition","type":"TA","timestamp":"2023-11-09 13:07:27"},{"nodeID":"1308574","text":"Default Conflict","type":"CA","timestamp":"2023-11-09 13:07:28"},{"nodeID":"1308575","text":"Default Transition","type":"TA","timestamp":"2023-11-09 13:07:28"},{"nodeID":"1308576","text":"Disagreeing","type":"YA","timestamp":"2023-11-09 13:07:28"},{"nodeID":"1308577","text":"Default Transition","type":"TA","timestamp":"2023-11-09 13:07:28"},{"nodeID":"1308578","text":"Default Rephrase","type":"MA","timestamp":"2023-11-09 13:07:28"},{"nodeID":"1308579","text":"Restating","type":"YA","timestamp":"2023-11-09 13:07:28"}],"edges":[{"edgeID":"1718597","fromID":"1308481","toID":"1308480","formEdgeID":null},{"edgeID":"1718598","fromID":"1308482","toID":"1308481","formEdgeID":null},{"edgeID":"1718599","fromID":"1308480","toID":"1308483","formEdgeID":null},{"edgeID":"1718600","fromID":"1308483","toID":"1308479","formEdgeID":null},{"edgeID":"1718601","fromID":"1308486","toID":"1308485","formEdgeID":null},{"edgeID":"1718602","fromID":"1308487","toID":"1308486","formEdgeID":null},{"edgeID":"1718603","fromID":"1308485","toID":"1308488","formEdgeID":null},{"edgeID":"1718604","fromID":"1308488","toID":"1308484","formEdgeID":null},{"edgeID":"1718605","fromID":"1308491","toID":"1308490","formEdgeID":null},{"edgeID":"1718606","fromID":"1308492","toID":"1308491","formEdgeID":null},{"edgeID":"1718607","fromID":"1308490","toID":"1308493","formEdgeID":null},{"edgeID":"1718608","fromID":"1308493","toID":"1308489","formEdgeID":null},{"edgeID":"1718609","fromID":"1308496","toID":"1308495","formEdgeID":null},{"edgeID":"1718610","fromID":"1308497","toID":"1308496","formEdgeID":null},{"edgeID":"1718611","fromID":"1308495","toID":"1308498","formEdgeID":null},{"edgeID":"1718612","fromID":"1308498","toID":"1308494","formEdgeID":null},{"edgeID":"1718613","fromID":"1308501","toID":"1308500","formEdgeID":null},{"edgeID":"1718614","fromID":"1308502","toID":"1308501","formEdgeID":null},{"edgeID":"1718615","fromID":"1308505","toID":"1308504","formEdgeID":null},{"edgeID":"1718616","fromID":"1308506","toID":"1308505","formEdgeID":null},{"edgeID":"1718617","fromID":"1308504","toID":"1308507","formEdgeID":null},{"edgeID":"1718618","fromID":"1308507","toID":"1308503","formEdgeID":null},{"edgeID":"1718619","fromID":"1308510","toID":"1308509","formEdgeID":null},{"edgeID":"1718620","fromID":"1308511","toID":"1308510","formEdgeID":null},{"edgeID":"1718621","fromID":"1308509","toID":"1308512","formEdgeID":null},{"edgeID":"1718622","fromID":"1308512","toID":"1308508","formEdgeID":null},{"edgeID":"1718623","fromID":"1308515","toID":"1308514","formEdgeID":null},{"edgeID":"1718624","fromID":"1308516","toID":"1308515","formEdgeID":null},{"edgeID":"1718625","fromID":"1308514","toID":"1308517","formEdgeID":null},{"edgeID":"1718626","fromID":"1308517","toID":"1308513","formEdgeID":null},{"edgeID":"1718627","fromID":"1308520","toID":"1308519","formEdgeID":null},{"edgeID":"1718628","fromID":"1308521","toID":"1308520","formEdgeID":null},{"edgeID":"1718629","fromID":"1308519","toID":"1308522","formEdgeID":null},{"edgeID":"1718630","fromID":"1308522","toID":"1308518","formEdgeID":null},{"edgeID":"1718631","fromID":"1308525","toID":"1308524","formEdgeID":null},{"edgeID":"1718632","fromID":"1308526","toID":"1308525","formEdgeID":null},{"edgeID":"1718633","fromID":"1308524","toID":"1308527","formEdgeID":null},{"edgeID":"1718634","fromID":"1308527","toID":"1308523","formEdgeID":null},{"edgeID":"1718635","fromID":"1308530","toID":"1308529","formEdgeID":null},{"edgeID":"1718636","fromID":"1308531","toID":"1308530","formEdgeID":null},{"edgeID":"1718637","fromID":"1308529","toID":"1308532","formEdgeID":null},{"edgeID":"1718638","fromID":"1308532","toID":"1308528","formEdgeID":null},{"edgeID":"1718639","fromID":"1308535","toID":"1308534","formEdgeID":null},{"edgeID":"1718640","fromID":"1308536","toID":"1308535","formEdgeID":null},{"edgeID":"1718641","fromID":"1308534","toID":"1308537","formEdgeID":null},{"edgeID":"1718642","fromID":"1308537","toID":"1308533","formEdgeID":null},{"edgeID":"1718643","fromID":"1308540","toID":"1308539","formEdgeID":null},{"edgeID":"1718644","fromID":"1308541","toID":"1308540","formEdgeID":null},{"edgeID":"1718645","fromID":"1308539","toID":"1308542","formEdgeID":null},{"edgeID":"1718646","fromID":"1308542","toID":"1308538","formEdgeID":null},{"edgeID":"1718647","fromID":"1308480","toID":"1308543","formEdgeID":null},{"edgeID":"1718648","fromID":"1308543","toID":"1308485","formEdgeID":null},{"edgeID":"1718649","fromID":"1308484","toID":"1308544","formEdgeID":null},{"edgeID":"1718650","fromID":"1308544","toID":"1308479","formEdgeID":null},{"edgeID":"1718651","fromID":"1308543","toID":"1308545","formEdgeID":null},{"edgeID":"1718652","fromID":"1308545","toID":"1308544","formEdgeID":null},{"edgeID":"1718653","fromID":"1308489","toID":"1308546","formEdgeID":null},{"edgeID":"1718654","fromID":"1308546","toID":"1308484","formEdgeID":null},{"edgeID":"1718655","fromID":"1308485","toID":"1308547","formEdgeID":null},{"edgeID":"1718656","fromID":"1308547","toID":"1308490","formEdgeID":null},{"edgeID":"1718657","fromID":"1308547","toID":"1308548","formEdgeID":null},{"edgeID":"1718658","fromID":"1308548","toID":"1308546","formEdgeID":null},{"edgeID":"1718659","fromID":"1308490","toID":"1308549","formEdgeID":null},{"edgeID":"1718660","fromID":"1308549","toID":"1308495","formEdgeID":null},{"edgeID":"1718661","fromID":"1308495","toID":"1308550","formEdgeID":null},{"edgeID":"1718662","fromID":"1308550","toID":"1308500","formEdgeID":null},{"edgeID":"1718663","fromID":"1308552","toID":"1308551","formEdgeID":null},{"edgeID":"1718664","fromID":"1308553","toID":"1308552","formEdgeID":null},{"edgeID":"1718665","fromID":"1308551","toID":"1308554","formEdgeID":null},{"edgeID":"1718666","fromID":"1308554","toID":"1308499","formEdgeID":null},{"edgeID":"1718667","fromID":"1308500","toID":"1308555","formEdgeID":null},{"edgeID":"1718668","fromID":"1308555","toID":"1308551","formEdgeID":null},{"edgeID":"1718669","fromID":"1308499","toID":"1308556","formEdgeID":null},{"edgeID":"1718670","fromID":"1308556","toID":"1308494","formEdgeID":null},{"edgeID":"1718671","fromID":"1308550","toID":"1308557","formEdgeID":null},{"edgeID":"1718672","fromID":"1308557","toID":"1308556","formEdgeID":null},{"edgeID":"1718673","fromID":"1308503","toID":"1308558","formEdgeID":null},{"edgeID":"1718674","fromID":"1308558","toID":"1308499","formEdgeID":null},{"edgeID":"1718675","fromID":"1308500","toID":"1308559","formEdgeID":null},{"edgeID":"1718676","fromID":"1308559","toID":"1308504","formEdgeID":null},{"edgeID":"1718677","fromID":"1308559","toID":"1308560","formEdgeID":null},{"edgeID":"1718678","fromID":"1308560","toID":"1308558","formEdgeID":null},{"edgeID":"1718679","fromID":"1308508","toID":"1308561","formEdgeID":null},{"edgeID":"1718680","fromID":"1308561","toID":"1308503","formEdgeID":null},{"edgeID":"1718681","fromID":"1308504","toID":"1308562","formEdgeID":null},{"edgeID":"1718682","fromID":"1308562","toID":"1308509","formEdgeID":null},{"edgeID":"1718683","fromID":"1308562","toID":"1308563","formEdgeID":null},{"edgeID":"1718684","fromID":"1308563","toID":"1308561","formEdgeID":null},{"edgeID":"1718685","fromID":"1308513","toID":"1308564","formEdgeID":null},{"edgeID":"1718686","fromID":"1308564","toID":"1308508","formEdgeID":null},{"edgeID":"1718687","fromID":"1308509","toID":"1308565","formEdgeID":null},{"edgeID":"1718688","fromID":"1308565","toID":"1308514","formEdgeID":null},{"edgeID":"1718689","fromID":"1308565","toID":"1308566","formEdgeID":null},{"edgeID":"1718690","fromID":"1308566","toID":"1308564","formEdgeID":null},{"edgeID":"1718691","fromID":"1308514","toID":"1308567","formEdgeID":null},{"edgeID":"1718692","fromID":"1308567","toID":"1308519","formEdgeID":null},{"edgeID":"1718693","fromID":"1308518","toID":"1308568","formEdgeID":null},{"edgeID":"1718694","fromID":"1308568","toID":"1308513","formEdgeID":null},{"edgeID":"1718695","fromID":"1308567","toID":"1308569","formEdgeID":null},{"edgeID":"1718696","fromID":"1308569","toID":"1308568","formEdgeID":null},{"edgeID":"1718697","fromID":"1308508","toID":"1308570","formEdgeID":null},{"edgeID":"1718698","fromID":"1308570","toID":"1308523","formEdgeID":null},{"edgeID":"1718699","fromID":"1308509","toID":"1308571","formEdgeID":null},{"edgeID":"1718700","fromID":"1308571","toID":"1308524","formEdgeID":null},{"edgeID":"1718701","fromID":"1308571","toID":"1308572","formEdgeID":null},{"edgeID":"1718702","fromID":"1308572","toID":"1308570","formEdgeID":null},{"edgeID":"1718703","fromID":"1308524","toID":"1308573","formEdgeID":null},{"edgeID":"1718704","fromID":"1308573","toID":"1308529","formEdgeID":null},{"edgeID":"1718705","fromID":"1308533","toID":"1308574","formEdgeID":null},{"edgeID":"1718706","fromID":"1308574","toID":"1308523","formEdgeID":null},{"edgeID":"1718707","fromID":"1308524","toID":"1308575","formEdgeID":null},{"edgeID":"1718708","fromID":"1308575","toID":"1308534","formEdgeID":null},{"edgeID":"1718709","fromID":"1308575","toID":"1308576","formEdgeID":null},{"edgeID":"1718710","fromID":"1308576","toID":"1308574","formEdgeID":null},{"edgeID":"1718711","fromID":"1308534","toID":"1308577","formEdgeID":null},{"edgeID":"1718712","fromID":"1308577","toID":"1308539","formEdgeID":null},{"edgeID":"1718713","fromID":"1308538","toID":"1308578","formEdgeID":null},{"edgeID":"1718714","fromID":"1308578","toID":"1308533","formEdgeID":null},{"edgeID":"1718715","fromID":"1308577","toID":"1308579","formEdgeID":null},{"edgeID":"1718716","fromID":"1308579","toID":"1308578","formEdgeID":null}],"locutions":[]}