{"nodes":[{"nodeID":"1304480","text":"Analysing","type":"YA","timestamp":"2023-11-09 13:01:46"},{"nodeID":"1304481","text":"Amelie: Emily Thornberry: you want to do something quickly and fast and you want to do something cheap","type":"L","timestamp":"2023-11-09 13:01:46"},{"nodeID":"1304482","text":"what they've done is not only have they cut the subsidies","type":"I","timestamp":"2023-11-09 13:01:47"},{"nodeID":"1304483","text":"Emily Thornberry: what they've done is not only have they cut the subsidies","type":"L","timestamp":"2023-11-09 13:01:47"},{"nodeID":"1304484","text":"Analysing","type":"YA","timestamp":"2023-11-09 13:01:47"},{"nodeID":"1304485","text":"Amelie: Emily Thornberry: what they've done is not only have they cut the subsidies","type":"L","timestamp":"2023-11-09 13:01:47"},{"nodeID":"1304486","text":"Asserting","type":"YA","timestamp":"2023-11-09 13:01:47"},{"nodeID":"1304487","text":"they've also changed the law, so it just takes one person to object to a wind farm and the wind farm is stopped","type":"I","timestamp":"2023-11-09 13:01:48"},{"nodeID":"1304488","text":"Emily Thornberry: they've also changed the law, so it just takes one person to object to a wind farm and the wind farm is stopped","type":"L","timestamp":"2023-11-09 13:01:48"},{"nodeID":"1304489","text":"Amelie: Emily Thornberry: they've also changed the law, so it just takes one person to object to a wind farm and the wind farm is stopped","type":"L","timestamp":"2023-11-09 13:01:48"},{"nodeID":"1304490","text":"Analysing","type":"YA","timestamp":"2023-11-09 13:01:48"},{"nodeID":"1304491","text":"Asserting","type":"YA","timestamp":"2023-11-09 13:01:48"},{"nodeID":"1304492","text":"Default Transition","type":"TA","timestamp":"2023-11-09 13:01:48"},{"nodeID":"1304493","text":"they're not going to change the law","type":"I","timestamp":"2023-11-09 13:01:48"},{"nodeID":"1304494","text":"Emily Thornberry: they're not going to change the law","type":"L","timestamp":"2023-11-09 13:01:48"},{"nodeID":"1304495","text":"Analysing","type":"YA","timestamp":"2023-11-09 13:01:48"},{"nodeID":"1304496","text":"Amelie: Emily Thornberry: they're not going to change the law","type":"L","timestamp":"2023-11-09 13:01:48"},{"nodeID":"1304497","text":"Asserting","type":"YA","timestamp":"2023-11-09 13:01:48"},{"nodeID":"1304498","text":"Default Transition","type":"TA","timestamp":"2023-11-09 13:01:48"},{"nodeID":"1304499","text":"start having onshore wind farms","type":"I","timestamp":"2023-11-09 13:01:49"},{"nodeID":"1304500","text":"Analysing","type":"YA","timestamp":"2023-11-09 13:01:49"},{"nodeID":"1304501","text":"Emily Thornberry: start having onshore wind farms","type":"L","timestamp":"2023-11-09 13:01:49"},{"nodeID":"1304502","text":"Amelie: Emily Thornberry: start having onshore wind farms","type":"L","timestamp":"2023-11-09 13:01:49"},{"nodeID":"1304503","text":"Asserting","type":"YA","timestamp":"2023-11-09 13:01:49"},{"nodeID":"1304504","text":"start having solar power","type":"I","timestamp":"2023-11-09 13:01:49"},{"nodeID":"1304505","text":"Amelie: Emily Thornberry: Start having solar power","type":"L","timestamp":"2023-11-09 13:01:49"},{"nodeID":"1304506","text":"Analysing","type":"YA","timestamp":"2023-11-09 13:01:49"},{"nodeID":"1304507","text":"Emily Thornberry: Start having solar power","type":"L","timestamp":"2023-11-09 13:01:49"},{"nodeID":"1304508","text":"Asserting","type":"YA","timestamp":"2023-11-09 13:01:49"},{"nodeID":"1304509","text":"you want to do something quickly and fast and you want to do something cheap, you want to do something effective","type":"I","timestamp":"2023-11-09 13:01:50"},{"nodeID":"1304510","text":"Emily Thornberry: you want to do something quickly and fast and you want to do something cheap, you want to do something effective","type":"L","timestamp":"2023-11-09 13:01:50"},{"nodeID":"1304511","text":"Amelie: Emily Thornberry: you want to do something quickly and fast and you want to do something cheap, you want to do something effective","type":"L","timestamp":"2023-11-09 13:01:50"},{"nodeID":"1304512","text":"Analysing","type":"YA","timestamp":"2023-11-09 13:01:50"},{"nodeID":"1304513","text":"Asserting","type":"YA","timestamp":"2023-11-09 13:01:50"},{"nodeID":"1304514","text":"Default Transition","type":"TA","timestamp":"2023-11-09 13:01:50"},{"nodeID":"1304515","text":"Default Inference","type":"RA","timestamp":"2023-11-09 13:01:50"},{"nodeID":"1304516","text":"Arguing","type":"YA","timestamp":"2023-11-09 13:01:50"},{"nodeID":"1304517","text":"start onshore wind farms","type":"I","timestamp":"2023-11-09 13:01:51"},{"nodeID":"1304518","text":"Analysing","type":"YA","timestamp":"2023-11-09 13:01:51"},{"nodeID":"1304519","text":"Amelie: Emily Thornberry: start onshore wind farms","type":"L","timestamp":"2023-11-09 13:01:51"},{"nodeID":"1304520","text":"Emily Thornberry: start onshore wind farms","type":"L","timestamp":"2023-11-09 13:01:51"},{"nodeID":"1304521","text":"Asserting","type":"YA","timestamp":"2023-11-09 13:01:51"},{"nodeID":"1304522","text":"Default Inference","type":"RA","timestamp":"2023-11-09 13:01:51"},{"nodeID":"1304523","text":"Default Transition","type":"TA","timestamp":"2023-11-09 13:01:51"},{"nodeID":"1304524","text":"Default Rephrase","type":"MA","timestamp":"2023-11-09 13:01:51"},{"nodeID":"1304525","text":"Default Transition","type":"TA","timestamp":"2023-11-09 13:01:51"},{"nodeID":"1304526","text":"Arguing","type":"YA","timestamp":"2023-11-09 13:01:51"},{"nodeID":"1304527","text":"Default Transition","type":"TA","timestamp":"2023-11-09 13:01:51"},{"nodeID":"1304528","text":"Restating","type":"YA","timestamp":"2023-11-09 13:01:51"},{"nodeID":"1304529","text":"Default Rephrase","type":"MA","timestamp":"2023-11-09 13:01:51"},{"nodeID":"1304530","text":"Restating","type":"YA","timestamp":"2023-11-09 13:01:51"},{"nodeID":"1304531","text":"Default Rephrase","type":"MA","timestamp":"2023-11-09 13:01:51"},{"nodeID":"1304532","text":"Restating","type":"YA","timestamp":"2023-11-09 13:01:51"}],"edges":[{"edgeID":"1713906","fromID":"1304481","toID":"1304480","formEdgeID":null},{"edgeID":"1713907","fromID":"1304484","toID":"1304483","formEdgeID":null},{"edgeID":"1713908","fromID":"1304485","toID":"1304484","formEdgeID":null},{"edgeID":"1713909","fromID":"1304483","toID":"1304486","formEdgeID":null},{"edgeID":"1713910","fromID":"1304486","toID":"1304482","formEdgeID":null},{"edgeID":"1713911","fromID":"1304490","toID":"1304488","formEdgeID":null},{"edgeID":"1713912","fromID":"1304489","toID":"1304490","formEdgeID":null},{"edgeID":"1713913","fromID":"1304488","toID":"1304491","formEdgeID":null},{"edgeID":"1713914","fromID":"1304491","toID":"1304487","formEdgeID":null},{"edgeID":"1713915","fromID":"1304483","toID":"1304492","formEdgeID":null},{"edgeID":"1713916","fromID":"1304492","toID":"1304488","formEdgeID":null},{"edgeID":"1713917","fromID":"1304496","toID":"1304495","formEdgeID":null},{"edgeID":"1713918","fromID":"1304495","toID":"1304494","formEdgeID":null},{"edgeID":"1713919","fromID":"1304497","toID":"1304493","formEdgeID":null},{"edgeID":"1713920","fromID":"1304494","toID":"1304497","formEdgeID":null},{"edgeID":"1713921","fromID":"1304488","toID":"1304498","formEdgeID":null},{"edgeID":"1713922","fromID":"1304498","toID":"1304494","formEdgeID":null},{"edgeID":"1713923","fromID":"1304502","toID":"1304500","formEdgeID":null},{"edgeID":"1713924","fromID":"1304500","toID":"1304501","formEdgeID":null},{"edgeID":"1713925","fromID":"1304501","toID":"1304503","formEdgeID":null},{"edgeID":"1713926","fromID":"1304503","toID":"1304499","formEdgeID":null},{"edgeID":"1713927","fromID":"1304506","toID":"1304507","formEdgeID":null},{"edgeID":"1713928","fromID":"1304505","toID":"1304506","formEdgeID":null},{"edgeID":"1713929","fromID":"1304508","toID":"1304504","formEdgeID":null},{"edgeID":"1713930","fromID":"1304507","toID":"1304508","formEdgeID":null},{"edgeID":"1713931","fromID":"1304512","toID":"1304510","formEdgeID":null},{"edgeID":"1713932","fromID":"1304511","toID":"1304512","formEdgeID":null},{"edgeID":"1713933","fromID":"1304510","toID":"1304513","formEdgeID":null},{"edgeID":"1713934","fromID":"1304513","toID":"1304509","formEdgeID":null},{"edgeID":"1713935","fromID":"1304510","toID":"1304514","formEdgeID":null},{"edgeID":"1713936","fromID":"1304514","toID":"1304501","formEdgeID":null},{"edgeID":"1713937","fromID":"1304509","toID":"1304515","formEdgeID":null},{"edgeID":"1713938","fromID":"1304515","toID":"1304499","formEdgeID":null},{"edgeID":"1713939","fromID":"1304514","toID":"1304516","formEdgeID":null},{"edgeID":"1713940","fromID":"1304516","toID":"1304515","formEdgeID":null},{"edgeID":"1713941","fromID":"1304519","toID":"1304518","formEdgeID":null},{"edgeID":"1713942","fromID":"1304518","toID":"1304520","formEdgeID":null},{"edgeID":"1713943","fromID":"1304520","toID":"1304521","formEdgeID":null},{"edgeID":"1713944","fromID":"1304521","toID":"1304517","formEdgeID":null},{"edgeID":"1713945","fromID":"1304509","toID":"1304522","formEdgeID":null},{"edgeID":"1713946","fromID":"1304522","toID":"1304504","formEdgeID":null},{"edgeID":"1713947","fromID":"1304520","toID":"1304523","formEdgeID":null},{"edgeID":"1713948","fromID":"1304523","toID":"1304483","formEdgeID":null},{"edgeID":"1713949","fromID":"1304517","toID":"1304524","formEdgeID":null},{"edgeID":"1713950","fromID":"1304524","toID":"1304499","formEdgeID":null},{"edgeID":"1713951","fromID":"1304510","toID":"1304525","formEdgeID":null},{"edgeID":"1713952","fromID":"1304525","toID":"1304507","formEdgeID":null},{"edgeID":"1713953","fromID":"1304525","toID":"1304526","formEdgeID":null},{"edgeID":"1713954","fromID":"1304526","toID":"1304522","formEdgeID":null},{"edgeID":"1713955","fromID":"1304501","toID":"1304527","formEdgeID":null},{"edgeID":"1713956","fromID":"1304527","toID":"1304520","formEdgeID":null},{"edgeID":"1713957","fromID":"1304527","toID":"1304528","formEdgeID":null},{"edgeID":"1713958","fromID":"1304528","toID":"1304524","formEdgeID":null},{"edgeID":"1713959","fromID":"1304487","toID":"1304529","formEdgeID":null},{"edgeID":"1713960","fromID":"1304529","toID":"1304482","formEdgeID":null},{"edgeID":"1713961","fromID":"1304492","toID":"1304530","formEdgeID":null},{"edgeID":"1713962","fromID":"1304530","toID":"1304529","formEdgeID":null},{"edgeID":"1713963","fromID":"1304493","toID":"1304531","formEdgeID":null},{"edgeID":"1713964","fromID":"1304531","toID":"1304487","formEdgeID":null},{"edgeID":"1713965","fromID":"1304498","toID":"1304532","formEdgeID":null},{"edgeID":"1713966","fromID":"1304532","toID":"1304531","formEdgeID":null}],"locutions":[]}