{"nodes":[{"nodeID":"1307399","text":"we should have closed the airspace before now","type":"I","timestamp":"2023-11-09 13:05:48"},{"nodeID":"1307400","text":"AudienceMember 20220407QT17: we should have closed the airspace before now","type":"L","timestamp":"2023-11-09 13:05:48"},{"nodeID":"1307401","text":"Analysing","type":"YA","timestamp":"2023-11-09 13:05:48"},{"nodeID":"1307402","text":"Rebecca: AudienceMember 20220407QT17: we should have closed the airspace before now","type":"L","timestamp":"2023-11-09 13:05:48"},{"nodeID":"1307403","text":"Asserting","type":"YA","timestamp":"2023-11-09 13:05:48"},{"nodeID":"1307404","text":"closing the airspace should have been our first thing, or a lot sooner than now, that we should have done","type":"I","timestamp":"2023-11-09 13:05:48"},{"nodeID":"1307405","text":"AudienceMember 20220407QT17: that should have been our first thing, or a lot sooner than now, that we should have done","type":"L","timestamp":"2023-11-09 13:05:48"},{"nodeID":"1307406","text":"Analysing","type":"YA","timestamp":"2023-11-09 13:05:48"},{"nodeID":"1307407","text":"Rebecca: AudienceMember 20220407QT17: that should have been our first thing, or a lot sooner than now, that we should have done","type":"L","timestamp":"2023-11-09 13:05:48"},{"nodeID":"1307408","text":"Asserting","type":"YA","timestamp":"2023-11-09 13:05:48"},{"nodeID":"1307409","text":"Default Transition","type":"TA","timestamp":"2023-11-09 13:05:48"},{"nodeID":"1307410","text":"Default Rephrase","type":"MA","timestamp":"2023-11-09 13:05:48"},{"nodeID":"1307411","text":"Restating","type":"YA","timestamp":"2023-11-09 13:05:48"},{"nodeID":"1307412","text":"closing the airspace is a solution at the moment but actually the whole thing with passports and the Ukrainian people that want to come to Britain, that needs to be speeded up","type":"I","timestamp":"2023-11-09 13:05:49"},{"nodeID":"1307413","text":"AudienceMember 20220407QT17: it's a solution slightly at the moment but actually the whole thing with passports and the Ukrainian people that want to come to Britain, I think that needs to be speeded up","type":"L","timestamp":"2023-11-09 13:05:49"},{"nodeID":"1307414","text":"Analysing","type":"YA","timestamp":"2023-11-09 13:05:49"},{"nodeID":"1307415","text":"Rebecca: AudienceMember 20220407QT17: it's a solution slightly at the moment but actually the whole thing with passports and the Ukrainian people that want to come to Britain, I think that needs to be speeded up","type":"L","timestamp":"2023-11-09 13:05:49"},{"nodeID":"1307416","text":"Asserting","type":"YA","timestamp":"2023-11-09 13:05:49"},{"nodeID":"1307417","text":"Default Transition","type":"TA","timestamp":"2023-11-09 13:05:49"},{"nodeID":"1307418","text":"take the immigration system to Poland and do the processing there and bring the Ukrainian people over to Great Britain","type":"I","timestamp":"2023-11-09 13:05:50"},{"nodeID":"1307419","text":"AudienceMember 20220407QT17: take the system to Poland and do the processing there and bring them over","type":"L","timestamp":"2023-11-09 13:05:50"},{"nodeID":"1307420","text":"Analysing","type":"YA","timestamp":"2023-11-09 13:05:50"},{"nodeID":"1307421","text":"Rebecca: AudienceMember 20220407QT17: take the system to Poland and do the processing there and bring them over","type":"L","timestamp":"2023-11-09 13:05:50"},{"nodeID":"1307422","text":"Asserting","type":"YA","timestamp":"2023-11-09 13:05:50"},{"nodeID":"1307423","text":"Default Transition","type":"TA","timestamp":"2023-11-09 13:05:50"},{"nodeID":"1307424","text":"Default Inference","type":"RA","timestamp":"2023-11-09 13:05:50"},{"nodeID":"1307425","text":"Arguing","type":"YA","timestamp":"2023-11-09 13:05:50"},{"nodeID":"1307426","text":"use Manston as the accommodation","type":"I","timestamp":"2023-11-09 13:05:50"},{"nodeID":"1307427","text":"AudienceMember 20220407QT17: As Roger Gale, the local MP for here, suggested, use Manston as the accommodation","type":"L","timestamp":"2023-11-09 13:05:50"},{"nodeID":"1307428","text":"Analysing","type":"YA","timestamp":"2023-11-09 13:05:50"},{"nodeID":"1307429","text":"Rebecca: AudienceMember 20220407QT17: As Roger Gale, the local MP for here, suggested, use Manston as the accommodation","type":"L","timestamp":"2023-11-09 13:05:50"},{"nodeID":"1307430","text":"they use Manston as a centre to process Ukrainian immigrants","type":"I","timestamp":"2023-11-09 13:05:51"},{"nodeID":"1307431","text":"AudienceMember 20220407QT17: they use that as a centre to process them","type":"L","timestamp":"2023-11-09 13:05:51"},{"nodeID":"1307432","text":"Analysing","type":"YA","timestamp":"2023-11-09 13:05:51"},{"nodeID":"1307433","text":"Rebecca: AudienceMember 20220407QT17: they use that as a centre to process them","type":"L","timestamp":"2023-11-09 13:05:51"},{"nodeID":"1307434","text":"Asserting","type":"YA","timestamp":"2023-11-09 13:05:51"},{"nodeID":"1307435","text":"everything is taking too long","type":"I","timestamp":"2023-11-09 13:05:52"},{"nodeID":"1307436","text":"AudienceMember 20220407QT17:  Everything is taking too long","type":"L","timestamp":"2023-11-09 13:05:52"},{"nodeID":"1307437","text":"Analysing","type":"YA","timestamp":"2023-11-09 13:05:52"},{"nodeID":"1307438","text":"Rebecca: AudienceMember 20220407QT17:  Everything is taking too long","type":"L","timestamp":"2023-11-09 13:05:52"},{"nodeID":"1307439","text":"Asserting","type":"YA","timestamp":"2023-11-09 13:05:52"},{"nodeID":"1307440","text":"Roger Gale: use Manston as the accommodation","type":"L","timestamp":"2023-11-09 13:05:52"},{"nodeID":"1307441","text":"Analysing","type":"YA","timestamp":"2023-11-09 13:05:52"},{"nodeID":"1307442","text":"Rebecca: Roger Gale: use Manston as the accommodation","type":"L","timestamp":"2023-11-09 13:05:52"},{"nodeID":"1307443","text":"Asserting","type":"YA","timestamp":"2023-11-09 13:05:52"},{"nodeID":"1307444","text":"Asserting","type":"YA","timestamp":"2023-11-09 13:05:52"},{"nodeID":"1307445","text":"Default Transition","type":"TA","timestamp":"2023-11-09 13:05:52"},{"nodeID":"1307446","text":"Default Conflict","type":"CA","timestamp":"2023-11-09 13:05:52"},{"nodeID":"1307447","text":"Default Transition","type":"TA","timestamp":"2023-11-09 13:05:52"},{"nodeID":"1307448","text":"Disagreeing","type":"YA","timestamp":"2023-11-09 13:05:52"},{"nodeID":"1307449","text":"Default Inference","type":"RA","timestamp":"2023-11-09 13:05:52"},{"nodeID":"1307450","text":"Default Transition","type":"TA","timestamp":"2023-11-09 13:05:52"},{"nodeID":"1307451","text":"Arguing","type":"YA","timestamp":"2023-11-09 13:05:52"},{"nodeID":"1307452","text":"we have a no-fly zone","type":"I","timestamp":"2023-11-09 13:05:52"},{"nodeID":"1307453","text":"Emily Thornberry: Dan's just said, we'd have a no-fly zone","type":"L","timestamp":"2023-11-09 13:05:52"},{"nodeID":"1307454","text":"Analysing","type":"YA","timestamp":"2023-11-09 13:05:52"},{"nodeID":"1307455","text":"Rebecca: Emily Thornberry: Dan's just said, we'd have a no-fly zone","type":"L","timestamp":"2023-11-09 13:05:52"},{"nodeID":"1307456","text":"Dan Hodges: we have a no-fly zone","type":"L","timestamp":"2023-11-09 13:05:52"},{"nodeID":"1307457","text":"Analysing","type":"YA","timestamp":"2023-11-09 13:05:52"},{"nodeID":"1307458","text":"Rebecca: Dan Hodges: we have a no-fly zone","type":"L","timestamp":"2023-11-09 13:05:52"},{"nodeID":"1307459","text":"Asserting","type":"YA","timestamp":"2023-11-09 13:05:52"},{"nodeID":"1307460","text":"Asserting","type":"YA","timestamp":"2023-11-09 13:05:52"},{"nodeID":"1307461","text":"Default Transition","type":"TA","timestamp":"2023-11-09 13:05:52"},{"nodeID":"1307462","text":"that we have a no-fly zone means that we are committed to the RAF shooting down Russian planes and possibly bombing airfields in Russia","type":"I","timestamp":"2023-11-09 13:05:53"},{"nodeID":"1307463","text":"Emily Thornberry: that does mean that we are committed to the RAF shooting down Russian planes and possibly bombing airfields in Russia","type":"L","timestamp":"2023-11-09 13:05:53"},{"nodeID":"1307464","text":"Analysing","type":"YA","timestamp":"2023-11-09 13:05:53"},{"nodeID":"1307465","text":"Rebecca: Emily Thornberry: that does mean that we are committed to the RAF shooting down Russian planes and possibly bombing airfields in Russia","type":"L","timestamp":"2023-11-09 13:05:53"},{"nodeID":"1307466","text":"Asserting","type":"YA","timestamp":"2023-11-09 13:05:53"},{"nodeID":"1307467","text":"Default Transition","type":"TA","timestamp":"2023-11-09 13:05:53"},{"nodeID":"1307468","text":"Default Inference","type":"RA","timestamp":"2023-11-09 13:05:53"},{"nodeID":"1307469","text":"Arguing","type":"YA","timestamp":"2023-11-09 13:05:53"},{"nodeID":"1307470","text":"we need to be kind of aware of what it is that we're committing ourselves to","type":"I","timestamp":"2023-11-09 13:05:53"},{"nodeID":"1307471","text":"Emily Thornberry: we need to be kind of aware of what it is that we're committing ourselves to","type":"L","timestamp":"2023-11-09 13:05:53"},{"nodeID":"1307472","text":"Analysing","type":"YA","timestamp":"2023-11-09 13:05:53"},{"nodeID":"1307473","text":"Rebecca: Emily Thornberry: we need to be kind of aware of what it is that we're committing ourselves to","type":"L","timestamp":"2023-11-09 13:05:53"},{"nodeID":"1307474","text":"Asserting","type":"YA","timestamp":"2023-11-09 13:05:53"},{"nodeID":"1307475","text":"Default Transition","type":"TA","timestamp":"2023-11-09 13:05:53"},{"nodeID":"1307476","text":"we cannot let Putin go further","type":"I","timestamp":"2023-11-09 13:05:54"},{"nodeID":"1307477","text":"AudienceMember 20220407QT18: how far do we let him go","type":"L","timestamp":"2023-11-09 13:05:54"},{"nodeID":"1307478","text":"Analysing","type":"YA","timestamp":"2023-11-09 13:05:54"},{"nodeID":"1307479","text":"Rebecca: AudienceMember 20220407QT18: how far do we let him go","type":"L","timestamp":"2023-11-09 13:05:54"},{"nodeID":"1307480","text":"Rhetorical Questioning","type":"YA","timestamp":"2023-11-09 13:05:54"},{"nodeID":"1307481","text":"Default Transition","type":"TA","timestamp":"2023-11-09 13:05:54"},{"nodeID":"1307482","text":"we cannot let many more peoplebe killed, raped, civilians before more is done","type":"I","timestamp":"2023-11-09 13:05:55"},{"nodeID":"1307483","text":"AudienceMember 20220407QT18: How many more people have to be killed, raped, civilians? How far does this actually go before more is done","type":"L","timestamp":"2023-11-09 13:05:55"},{"nodeID":"1307484","text":"Analysing","type":"YA","timestamp":"2023-11-09 13:05:55"},{"nodeID":"1307485","text":"Rebecca: AudienceMember 20220407QT18: How many more people have to be killed, raped, civilians? How far does this actually go before more is done","type":"L","timestamp":"2023-11-09 13:05:55"},{"nodeID":"1307486","text":"Rhetorical Questioning","type":"YA","timestamp":"2023-11-09 13:05:55"},{"nodeID":"1307487","text":"Default Transition","type":"TA","timestamp":"2023-11-09 13:05:55"}],"edges":[{"edgeID":"1717360","fromID":"1307401","toID":"1307400","formEdgeID":null},{"edgeID":"1717361","fromID":"1307402","toID":"1307401","formEdgeID":null},{"edgeID":"1717362","fromID":"1307400","toID":"1307403","formEdgeID":null},{"edgeID":"1717363","fromID":"1307403","toID":"1307399","formEdgeID":null},{"edgeID":"1717364","fromID":"1307406","toID":"1307405","formEdgeID":null},{"edgeID":"1717365","fromID":"1307407","toID":"1307406","formEdgeID":null},{"edgeID":"1717366","fromID":"1307405","toID":"1307408","formEdgeID":null},{"edgeID":"1717367","fromID":"1307408","toID":"1307404","formEdgeID":null},{"edgeID":"1717368","fromID":"1307400","toID":"1307409","formEdgeID":null},{"edgeID":"1717369","fromID":"1307409","toID":"1307405","formEdgeID":null},{"edgeID":"1717370","fromID":"1307404","toID":"1307410","formEdgeID":null},{"edgeID":"1717371","fromID":"1307410","toID":"1307399","formEdgeID":null},{"edgeID":"1717372","fromID":"1307409","toID":"1307411","formEdgeID":null},{"edgeID":"1717373","fromID":"1307411","toID":"1307410","formEdgeID":null},{"edgeID":"1717374","fromID":"1307414","toID":"1307413","formEdgeID":null},{"edgeID":"1717375","fromID":"1307415","toID":"1307414","formEdgeID":null},{"edgeID":"1717376","fromID":"1307413","toID":"1307416","formEdgeID":null},{"edgeID":"1717377","fromID":"1307416","toID":"1307412","formEdgeID":null},{"edgeID":"1717378","fromID":"1307405","toID":"1307417","formEdgeID":null},{"edgeID":"1717379","fromID":"1307417","toID":"1307413","formEdgeID":null},{"edgeID":"1717380","fromID":"1307420","toID":"1307419","formEdgeID":null},{"edgeID":"1717381","fromID":"1307421","toID":"1307420","formEdgeID":null},{"edgeID":"1717382","fromID":"1307419","toID":"1307422","formEdgeID":null},{"edgeID":"1717383","fromID":"1307422","toID":"1307418","formEdgeID":null},{"edgeID":"1717384","fromID":"1307413","toID":"1307423","formEdgeID":null},{"edgeID":"1717385","fromID":"1307423","toID":"1307419","formEdgeID":null},{"edgeID":"1717386","fromID":"1307412","toID":"1307424","formEdgeID":null},{"edgeID":"1717387","fromID":"1307424","toID":"1307418","formEdgeID":null},{"edgeID":"1717388","fromID":"1307423","toID":"1307425","formEdgeID":null},{"edgeID":"1717389","fromID":"1307425","toID":"1307424","formEdgeID":null},{"edgeID":"1717390","fromID":"1307428","toID":"1307427","formEdgeID":null},{"edgeID":"1717391","fromID":"1307429","toID":"1307428","formEdgeID":null},{"edgeID":"1717392","fromID":"1307432","toID":"1307431","formEdgeID":null},{"edgeID":"1717393","fromID":"1307433","toID":"1307432","formEdgeID":null},{"edgeID":"1717394","fromID":"1307431","toID":"1307434","formEdgeID":null},{"edgeID":"1717395","fromID":"1307434","toID":"1307430","formEdgeID":null},{"edgeID":"1717396","fromID":"1307437","toID":"1307436","formEdgeID":null},{"edgeID":"1717397","fromID":"1307438","toID":"1307437","formEdgeID":null},{"edgeID":"1717398","fromID":"1307436","toID":"1307439","formEdgeID":null},{"edgeID":"1717399","fromID":"1307439","toID":"1307435","formEdgeID":null},{"edgeID":"1717400","fromID":"1307441","toID":"1307440","formEdgeID":null},{"edgeID":"1717401","fromID":"1307442","toID":"1307441","formEdgeID":null},{"edgeID":"1717402","fromID":"1307440","toID":"1307443","formEdgeID":null},{"edgeID":"1717403","fromID":"1307443","toID":"1307426","formEdgeID":null},{"edgeID":"1717404","fromID":"1307427","toID":"1307444","formEdgeID":null},{"edgeID":"1717405","fromID":"1307444","toID":"1307440","formEdgeID":null},{"edgeID":"1717406","fromID":"1307419","toID":"1307445","formEdgeID":null},{"edgeID":"1717407","fromID":"1307445","toID":"1307427","formEdgeID":null},{"edgeID":"1717408","fromID":"1307430","toID":"1307446","formEdgeID":null},{"edgeID":"1717409","fromID":"1307446","toID":"1307426","formEdgeID":null},{"edgeID":"1717410","fromID":"1307427","toID":"1307447","formEdgeID":null},{"edgeID":"1717411","fromID":"1307447","toID":"1307431","formEdgeID":null},{"edgeID":"1717412","fromID":"1307447","toID":"1307448","formEdgeID":null},{"edgeID":"1717413","fromID":"1307448","toID":"1307446","formEdgeID":null},{"edgeID":"1717414","fromID":"1307435","toID":"1307449","formEdgeID":null},{"edgeID":"1717415","fromID":"1307449","toID":"1307412","formEdgeID":null},{"edgeID":"1717416","fromID":"1307413","toID":"1307450","formEdgeID":null},{"edgeID":"1717417","fromID":"1307450","toID":"1307436","formEdgeID":null},{"edgeID":"1717418","fromID":"1307450","toID":"1307451","formEdgeID":null},{"edgeID":"1717419","fromID":"1307451","toID":"1307449","formEdgeID":null},{"edgeID":"1717420","fromID":"1307454","toID":"1307453","formEdgeID":null},{"edgeID":"1717421","fromID":"1307455","toID":"1307454","formEdgeID":null},{"edgeID":"1717422","fromID":"1307457","toID":"1307456","formEdgeID":null},{"edgeID":"1717423","fromID":"1307458","toID":"1307457","formEdgeID":null},{"edgeID":"1717424","fromID":"1307456","toID":"1307459","formEdgeID":null},{"edgeID":"1717425","fromID":"1307459","toID":"1307452","formEdgeID":null},{"edgeID":"1717426","fromID":"1307453","toID":"1307460","formEdgeID":null},{"edgeID":"1717427","fromID":"1307460","toID":"1307456","formEdgeID":null},{"edgeID":"1717428","fromID":"1307436","toID":"1307461","formEdgeID":null},{"edgeID":"1717429","fromID":"1307461","toID":"1307453","formEdgeID":null},{"edgeID":"1717430","fromID":"1307464","toID":"1307463","formEdgeID":null},{"edgeID":"1717431","fromID":"1307465","toID":"1307464","formEdgeID":null},{"edgeID":"1717432","fromID":"1307463","toID":"1307466","formEdgeID":null},{"edgeID":"1717433","fromID":"1307466","toID":"1307462","formEdgeID":null},{"edgeID":"1717434","fromID":"1307453","toID":"1307467","formEdgeID":null},{"edgeID":"1717435","fromID":"1307467","toID":"1307463","formEdgeID":null},{"edgeID":"1717436","fromID":"1307452","toID":"1307468","formEdgeID":null},{"edgeID":"1717437","fromID":"1307468","toID":"1307462","formEdgeID":null},{"edgeID":"1717438","fromID":"1307467","toID":"1307469","formEdgeID":null},{"edgeID":"1717439","fromID":"1307469","toID":"1307468","formEdgeID":null},{"edgeID":"1717440","fromID":"1307472","toID":"1307471","formEdgeID":null},{"edgeID":"1717441","fromID":"1307473","toID":"1307472","formEdgeID":null},{"edgeID":"1717442","fromID":"1307471","toID":"1307474","formEdgeID":null},{"edgeID":"1717443","fromID":"1307474","toID":"1307470","formEdgeID":null},{"edgeID":"1717444","fromID":"1307463","toID":"1307475","formEdgeID":null},{"edgeID":"1717445","fromID":"1307475","toID":"1307471","formEdgeID":null},{"edgeID":"1717446","fromID":"1307478","toID":"1307477","formEdgeID":null},{"edgeID":"1717447","fromID":"1307479","toID":"1307478","formEdgeID":null},{"edgeID":"1717448","fromID":"1307477","toID":"1307480","formEdgeID":null},{"edgeID":"1717449","fromID":"1307480","toID":"1307476","formEdgeID":null},{"edgeID":"1717450","fromID":"1307471","toID":"1307481","formEdgeID":null},{"edgeID":"1717451","fromID":"1307481","toID":"1307477","formEdgeID":null},{"edgeID":"1717452","fromID":"1307484","toID":"1307483","formEdgeID":null},{"edgeID":"1717453","fromID":"1307485","toID":"1307484","formEdgeID":null},{"edgeID":"1717454","fromID":"1307483","toID":"1307486","formEdgeID":null},{"edgeID":"1717455","fromID":"1307486","toID":"1307482","formEdgeID":null},{"edgeID":"1717456","fromID":"1307477","toID":"1307487","formEdgeID":null},{"edgeID":"1717457","fromID":"1307487","toID":"1307483","formEdgeID":null}],"locutions":[]}