{"nodes":[{"nodeID":"1309435","text":"AudienceMember 20220407QT34 lives in the village of Mersham, which got land grabbed and had the big lorry park and the Brexit thing put at the end of the village","type":"I","timestamp":"2023-11-09 13:08:40"},{"nodeID":"1309436","text":"AudienceMember 20220407QT34: I live in the village of Mersham, which got land grabbed and had the big lorry park and the Brexit thing put at the end of the village","type":"L","timestamp":"2023-11-09 13:08:40"},{"nodeID":"1309437","text":"Analysing","type":"YA","timestamp":"2023-11-09 13:08:40"},{"nodeID":"1309438","text":"Tuuli: AudienceMember 20220407QT34: I live in the village of Mersham, which got land grabbed and had the big lorry park and the Brexit thing put at the end of the village","type":"L","timestamp":"2023-11-09 13:08:40"},{"nodeID":"1309439","text":"Asserting","type":"YA","timestamp":"2023-11-09 13:08:40"},{"nodeID":"1309440","text":"we were the village that were lowering food down that Christmas","type":"I","timestamp":"2023-11-09 13:08:40"},{"nodeID":"1309441","text":"AudienceMember 20220407QT34: We were the village that were lowering food down that Christmas","type":"L","timestamp":"2023-11-09 13:08:40"},{"nodeID":"1309442","text":"Analysing","type":"YA","timestamp":"2023-11-09 13:08:40"},{"nodeID":"1309443","text":"Tuuli: AudienceMember 20220407QT34: We were the village that were lowering food down that Christmas","type":"L","timestamp":"2023-11-09 13:08:40"},{"nodeID":"1309444","text":"Asserting","type":"YA","timestamp":"2023-11-09 13:08:40"},{"nodeID":"1309445","text":"Default Transition","type":"TA","timestamp":"2023-11-09 13:08:40"},{"nodeID":"1309446","text":"AudienceMember 20220407QT34 means they were lowering food down xxx","type":"I","timestamp":"2023-11-09 13:08:41"},{"nodeID":"1309447","text":"Fiona Bruce: What do you mean, you were lowering food down","type":"L","timestamp":"2023-11-09 13:08:41"},{"nodeID":"1309448","text":"Analysing","type":"YA","timestamp":"2023-11-09 13:08:41"},{"nodeID":"1309449","text":"Tuuli: Fiona Bruce: What do you mean, you were lowering food down","type":"L","timestamp":"2023-11-09 13:08:41"},{"nodeID":"1309450","text":"Pure Questioning","type":"YA","timestamp":"2023-11-09 13:08:41"},{"nodeID":"1309451","text":"Default Transition","type":"TA","timestamp":"2023-11-09 13:08:41"},{"nodeID":"1309452","text":"Default Rephrase","type":"MA","timestamp":"2023-11-09 13:08:41"},{"nodeID":"1309453","text":"Restating","type":"YA","timestamp":"2023-11-09 13:08:41"}],"edges":[{"edgeID":"1719715","fromID":"1309437","toID":"1309436","formEdgeID":null},{"edgeID":"1719716","fromID":"1309438","toID":"1309437","formEdgeID":null},{"edgeID":"1719717","fromID":"1309436","toID":"1309439","formEdgeID":null},{"edgeID":"1719718","fromID":"1309439","toID":"1309435","formEdgeID":null},{"edgeID":"1719719","fromID":"1309442","toID":"1309441","formEdgeID":null},{"edgeID":"1719720","fromID":"1309443","toID":"1309442","formEdgeID":null},{"edgeID":"1719721","fromID":"1309441","toID":"1309444","formEdgeID":null},{"edgeID":"1719722","fromID":"1309444","toID":"1309440","formEdgeID":null},{"edgeID":"1719723","fromID":"1309436","toID":"1309445","formEdgeID":null},{"edgeID":"1719724","fromID":"1309445","toID":"1309441","formEdgeID":null},{"edgeID":"1719725","fromID":"1309448","toID":"1309447","formEdgeID":null},{"edgeID":"1719726","fromID":"1309449","toID":"1309448","formEdgeID":null},{"edgeID":"1719727","fromID":"1309447","toID":"1309450","formEdgeID":null},{"edgeID":"1719728","fromID":"1309450","toID":"1309446","formEdgeID":null},{"edgeID":"1719729","fromID":"1309441","toID":"1309451","formEdgeID":null},{"edgeID":"1719730","fromID":"1309451","toID":"1309447","formEdgeID":null},{"edgeID":"1719731","fromID":"1309440","toID":"1309452","formEdgeID":null},{"edgeID":"1719732","fromID":"1309452","toID":"1309446","formEdgeID":null},{"edgeID":"1719733","fromID":"1309451","toID":"1309453","formEdgeID":null},{"edgeID":"1719734","fromID":"1309453","toID":"1309452","formEdgeID":null}],"locutions":[]}