{"nodes":[{"nodeID":"1307713","text":"Greg Hands has not met Rishi Sunak's wife","type":"I","timestamp":"2023-11-09 13:06:14"},{"nodeID":"1307714","text":"Greg Hands: I've not met Rishi Sunak's wife","type":"L","timestamp":"2023-11-09 13:06:14"},{"nodeID":"1307715","text":"Analysing","type":"YA","timestamp":"2023-11-09 13:06:14"},{"nodeID":"1307716","text":"Tuuli: Greg Hands: I've not met Rishi Sunak's wife","type":"L","timestamp":"2023-11-09 13:06:14"},{"nodeID":"1307717","text":"Asserting","type":"YA","timestamp":"2023-11-09 13:06:14"},{"nodeID":"1307718","text":"Rishi Sunak's wife's statement explains she is an Indian national","type":"I","timestamp":"2023-11-09 13:06:15"},{"nodeID":"1307719","text":"Greg Hands: her statement explains she is an Indian national","type":"L","timestamp":"2023-11-09 13:06:15"},{"nodeID":"1307720","text":"Analysing","type":"YA","timestamp":"2023-11-09 13:06:15"},{"nodeID":"1307721","text":"Tuuli: Greg Hands: her statement explains, if I'm not mistaken, she is an Indian national","type":"L","timestamp":"2023-11-09 13:06:15"},{"nodeID":"1307722","text":"Asserting","type":"YA","timestamp":"2023-11-09 13:06:15"},{"nodeID":"1307723","text":"Default Transition","type":"TA","timestamp":"2023-11-09 13:06:15"},{"nodeID":"1307724","text":"Greg Hands is not mistaken","type":"I","timestamp":"2023-11-09 13:06:15"},{"nodeID":"1307725","text":"Greg Hands: if I'm not mistaken","type":"L","timestamp":"2023-11-09 13:06:15"},{"nodeID":"1307726","text":"Analysing","type":"YA","timestamp":"2023-11-09 13:06:15"},{"nodeID":"1307727","text":"Tuuli: Greg Hands: if I'm not mistaken","type":"L","timestamp":"2023-11-09 13:06:15"},{"nodeID":"1307728","text":"Asserting","type":"YA","timestamp":"2023-11-09 13:06:15"},{"nodeID":"1307729","text":"Default Transition","type":"TA","timestamp":"2023-11-09 13:06:15"},{"nodeID":"1307730","text":"Default Inference","type":"RA","timestamp":"2023-11-09 13:06:15"},{"nodeID":"1307731","text":"Arguing","type":"YA","timestamp":"2023-11-09 13:06:15"},{"nodeID":"1307732","text":"Rishi Sunak's wife being an Indian national has got nothing to do with her having a non-domiciled status","type":"I","timestamp":"2023-11-09 13:06:16"},{"nodeID":"1307733","text":"Emily Thornberry: It's got nothing to do with it","type":"L","timestamp":"2023-11-09 13:06:16"},{"nodeID":"1307734","text":"Analysing","type":"YA","timestamp":"2023-11-09 13:06:16"},{"nodeID":"1307735","text":"Tuuli: Emily Thornberry: It's got nothing to do with it","type":"L","timestamp":"2023-11-09 13:06:16"},{"nodeID":"1307736","text":"Asserting","type":"YA","timestamp":"2023-11-09 13:06:16"},{"nodeID":"1307737","text":"Default Conflict","type":"CA","timestamp":"2023-11-09 13:06:16"},{"nodeID":"1307738","text":"Default Transition","type":"TA","timestamp":"2023-11-09 13:06:16"},{"nodeID":"1307739","text":"Disagreeing","type":"YA","timestamp":"2023-11-09 13:06:16"},{"nodeID":"1307740","text":"it's impossible for Rishi Sunak's wife to be an Indian national and a dual-national","type":"I","timestamp":"2023-11-09 13:06:16"},{"nodeID":"1307741","text":"Greg Hands: it's impossible for her to be an Indian national and a dual-national","type":"L","timestamp":"2023-11-09 13:06:16"},{"nodeID":"1307742","text":"Analysing","type":"YA","timestamp":"2023-11-09 13:06:16"},{"nodeID":"1307743","text":"Tuuli: Greg Hands: it's impossible for her to be an Indian national and a dual-national","type":"L","timestamp":"2023-11-09 13:06:16"},{"nodeID":"1307744","text":"Asserting","type":"YA","timestamp":"2023-11-09 13:06:16"},{"nodeID":"1307745","text":"it being impossible for Rishi Sunak's wife to be an Indian national and a dual-national doesn't matter","type":"I","timestamp":"2023-11-09 13:06:17"},{"nodeID":"1307746","text":"Emily Thornberry: It doesn't matter","type":"L","timestamp":"2023-11-09 13:06:17"},{"nodeID":"1307747","text":"Analysing","type":"YA","timestamp":"2023-11-09 13:06:17"},{"nodeID":"1307748","text":"Tuuli: Emily Thornberry: It doesn't matter","type":"L","timestamp":"2023-11-09 13:06:17"},{"nodeID":"1307749","text":"Asserting","type":"YA","timestamp":"2023-11-09 13:06:17"},{"nodeID":"1307750","text":"Default Transition","type":"TA","timestamp":"2023-11-09 13:06:17"},{"nodeID":"1307751","text":"Default Conflict","type":"CA","timestamp":"2023-11-09 13:06:17"},{"nodeID":"1307752","text":"Disagreeing","type":"YA","timestamp":"2023-11-09 13:06:17"},{"nodeID":"1307753","text":"Default Rephrase","type":"MA","timestamp":"2023-11-09 13:06:17"},{"nodeID":"1307754","text":"Default Transition","type":"TA","timestamp":"2023-11-09 13:06:17"},{"nodeID":"1307755","text":"Restating","type":"YA","timestamp":"2023-11-09 13:06:17"},{"nodeID":"1307756","text":"it's impossible, according to Rishi Sunak's wife's statement, that she could become a British national","type":"I","timestamp":"2023-11-09 13:06:18"},{"nodeID":"1307757","text":"Greg Hands: It's impossible, according to her statement, that she could become a British national","type":"L","timestamp":"2023-11-09 13:06:18"},{"nodeID":"1307758","text":"Analysing","type":"YA","timestamp":"2023-11-09 13:06:18"},{"nodeID":"1307759","text":"Tuuli: Greg Hands: It's impossible, according to her statement, that she could become a British national","type":"L","timestamp":"2023-11-09 13:06:18"},{"nodeID":"1307760","text":"Asserting","type":"YA","timestamp":"2023-11-09 13:06:18"},{"nodeID":"1307761","text":"it being impossible for Rishi Sunak's wife to become a British National doesn't matter","type":"I","timestamp":"2023-11-09 13:06:18"},{"nodeID":"1307762","text":"Analysing","type":"YA","timestamp":"2023-11-09 13:06:18"},{"nodeID":"1307763","text":"Asserting","type":"YA","timestamp":"2023-11-09 13:06:18"},{"nodeID":"1307764","text":"Default Inference","type":"RA","timestamp":"2023-11-09 13:06:18"},{"nodeID":"1307765","text":"Default Transition","type":"TA","timestamp":"2023-11-09 13:06:18"},{"nodeID":"1307766","text":"Arguing","type":"YA","timestamp":"2023-11-09 13:06:18"},{"nodeID":"1307767","text":"Default Transition","type":"TA","timestamp":"2023-11-09 13:06:18"},{"nodeID":"1307768","text":"Default Conflict","type":"CA","timestamp":"2023-11-09 13:06:18"},{"nodeID":"1307769","text":"Disagreeing","type":"YA","timestamp":"2023-11-09 13:06:18"},{"nodeID":"1307770","text":"it being impossible for Rishi Sunak's wife to become a British national means, according to her statement, she is inevitably going to be a non-dom","type":"I","timestamp":"2023-11-09 13:06:19"},{"nodeID":"1307771","text":"Greg Hands: Which means, according to her statement, she is inevitably going to be a non-dom","type":"L","timestamp":"2023-11-09 13:06:19"},{"nodeID":"1307772","text":"Analysing","type":"YA","timestamp":"2023-11-09 13:06:19"},{"nodeID":"1307773","text":"Tuuli: Greg Hands: Which means, according to her statement, she is inevitably going to be a non-dom","type":"L","timestamp":"2023-11-09 13:06:19"},{"nodeID":"1307774","text":"Asserting","type":"YA","timestamp":"2023-11-09 13:06:19"},{"nodeID":"1307775","text":"Default Rephrase","type":"MA","timestamp":"2023-11-09 13:06:19"},{"nodeID":"1307776","text":"Default Transition","type":"TA","timestamp":"2023-11-09 13:06:19"},{"nodeID":"1307777","text":"Restating","type":"YA","timestamp":"2023-11-09 13:06:19"},{"nodeID":"1307778","text":"Emily Thornberry: No","type":"L","timestamp":"2023-11-09 13:06:19"},{"nodeID":"1307779","text":"Analysing","type":"YA","timestamp":"2023-11-09 13:06:19"},{"nodeID":"1307780","text":"Tuuli: Emily Thornberry: No","type":"L","timestamp":"2023-11-09 13:06:19"},{"nodeID":"1307781","text":"Default Transition","type":"TA","timestamp":"2023-11-09 13:06:19"},{"nodeID":"1307782","text":"Disagreeing","type":"YA","timestamp":"2023-11-09 13:06:19"},{"nodeID":"1307783","text":"Rishi Sunak's wife pays tax, as Greg Hands understands it on her UK income in the United Kingdom and pays tax on her non-UK income outside of the UK","type":"I","timestamp":"2023-11-09 13:06:19"},{"nodeID":"1307784","text":"Greg Hands: she pays tax, as I understand it on her UK income in the United Kingdom and pays tax on her non-UK income outside of the UK","type":"L","timestamp":"2023-11-09 13:06:19"},{"nodeID":"1307785","text":"Analysing","type":"YA","timestamp":"2023-11-09 13:06:19"},{"nodeID":"1307786","text":"Tuuli: Greg Hands: she pays tax, as I understand it on her UK income in the United Kingdom and pays tax on her non-UK income outside of the UK","type":"L","timestamp":"2023-11-09 13:06:19"},{"nodeID":"1307787","text":"Asserting","type":"YA","timestamp":"2023-11-09 13:06:19"},{"nodeID":"1307788","text":"Default Transition","type":"TA","timestamp":"2023-11-09 13:06:19"},{"nodeID":"1307789","text":"Emily Thornberry is sorry","type":"I","timestamp":"2023-11-09 13:06:20"},{"nodeID":"1307790","text":"Emily Thornberry: I'm sorry","type":"L","timestamp":"2023-11-09 13:06:20"},{"nodeID":"1307791","text":"Analysing","type":"YA","timestamp":"2023-11-09 13:06:20"},{"nodeID":"1307792","text":"Tuuli: Emily Thornberry: I'm sorry","type":"L","timestamp":"2023-11-09 13:06:20"},{"nodeID":"1307793","text":"Asserting","type":"YA","timestamp":"2023-11-09 13:06:20"},{"nodeID":"1307794","text":"Default Transition","type":"TA","timestamp":"2023-11-09 13:06:20"},{"nodeID":"1307795","text":"it's just such nonsense, honestly","type":"I","timestamp":"2023-11-09 13:06:21"},{"nodeID":"1307796","text":"Emily Thornberry: it's just such nonsense, honestly","type":"L","timestamp":"2023-11-09 13:06:21"},{"nodeID":"1307797","text":"Analysing","type":"YA","timestamp":"2023-11-09 13:06:21"},{"nodeID":"1307798","text":"Tuuli: Emily Thornberry: it's just such nonsense, honestly","type":"L","timestamp":"2023-11-09 13:06:21"},{"nodeID":"1307799","text":"Asserting","type":"YA","timestamp":"2023-11-09 13:06:21"},{"nodeID":"1307800","text":"you can have any passport you like","type":"I","timestamp":"2023-11-09 13:06:21"},{"nodeID":"1307801","text":"Emily Thornberry: you can have any passport you like","type":"L","timestamp":"2023-11-09 13:06:21"},{"nodeID":"1307802","text":"Analysing","type":"YA","timestamp":"2023-11-09 13:06:21"},{"nodeID":"1307803","text":"Tuuli: Emily Thornberry: you can have any passport you like","type":"L","timestamp":"2023-11-09 13:06:21"},{"nodeID":"1307804","text":"Asserting","type":"YA","timestamp":"2023-11-09 13:06:21"},{"nodeID":"1307805","text":"you're allowed to live in the UK","type":"I","timestamp":"2023-11-09 13:06:22"},{"nodeID":"1307806","text":"Emily Thornberry: you're allowed to live in this country","type":"L","timestamp":"2023-11-09 13:06:22"},{"nodeID":"1307807","text":"Analysing","type":"YA","timestamp":"2023-11-09 13:06:22"},{"nodeID":"1307808","text":"Tuuli: Emily Thornberry: you're allowed to live in this country","type":"L","timestamp":"2023-11-09 13:06:22"},{"nodeID":"1307809","text":"Asserting","type":"YA","timestamp":"2023-11-09 13:06:22"},{"nodeID":"1307810","text":"you live in the UK","type":"I","timestamp":"2023-11-09 13:06:22"},{"nodeID":"1307811","text":"Emily Thornberry: you live in this country","type":"L","timestamp":"2023-11-09 13:06:22"},{"nodeID":"1307812","text":"Analysing","type":"YA","timestamp":"2023-11-09 13:06:22"},{"nodeID":"1307813","text":"Tuuli: Emily Thornberry: you live in this country","type":"L","timestamp":"2023-11-09 13:06:22"},{"nodeID":"1307814","text":"Asserting","type":"YA","timestamp":"2023-11-09 13:06:22"},{"nodeID":"1307815","text":"Default Inference","type":"RA","timestamp":"2023-11-09 13:06:22"},{"nodeID":"1307816","text":"Default Transition","type":"TA","timestamp":"2023-11-09 13:06:22"},{"nodeID":"1307817","text":"Default Transition","type":"TA","timestamp":"2023-11-09 13:06:22"},{"nodeID":"1307818","text":"Default Transition","type":"TA","timestamp":"2023-11-09 13:06:22"},{"nodeID":"1307819","text":"you make a decision, a positive decision, am I permanent resident in this country or am I only here temporarily","type":"I","timestamp":"2023-11-09 13:06:23"},{"nodeID":"1307820","text":"Emily Thornberry: you make a decision, a positive decision, am I permanent resident in this country or am I only here temporarily","type":"L","timestamp":"2023-11-09 13:06:23"},{"nodeID":"1307821","text":"Analysing","type":"YA","timestamp":"2023-11-09 13:06:23"},{"nodeID":"1307822","text":"Tuuli: Emily Thornberry: you make a decision, a positive decision, am I permanent resident in this country or am I only here temporarily","type":"L","timestamp":"2023-11-09 13:06:23"},{"nodeID":"1307823","text":"Asserting","type":"YA","timestamp":"2023-11-09 13:06:23"},{"nodeID":"1307824","text":"Default Transition","type":"TA","timestamp":"2023-11-09 13:06:23"},{"nodeID":"1307825","text":"Default Inference","type":"RA","timestamp":"2023-11-09 13:06:23"},{"nodeID":"1307826","text":"Arguing","type":"YA","timestamp":"2023-11-09 13:06:23"},{"nodeID":"1307827","text":"Arguing","type":"YA","timestamp":"2023-11-09 13:06:23"},{"nodeID":"1307828","text":"you don't have to pay British taxes on all your income","type":"I","timestamp":"2023-11-09 13:06:23"},{"nodeID":"1307829","text":"Emily Thornberry: you don't have to pay British taxes on all your income","type":"L","timestamp":"2023-11-09 13:06:23"},{"nodeID":"1307830","text":"Analysing","type":"YA","timestamp":"2023-11-09 13:06:23"},{"nodeID":"1307831","text":"Tuuli: Emily Thornberry: you don't have to pay British taxes on all your income","type":"L","timestamp":"2023-11-09 13:06:23"},{"nodeID":"1307832","text":"Asserting","type":"YA","timestamp":"2023-11-09 13:06:23"},{"nodeID":"1307833","text":"Default Inference","type":"RA","timestamp":"2023-11-09 13:06:23"},{"nodeID":"1307834","text":"Arguing","type":"YA","timestamp":"2023-11-09 13:06:23"},{"nodeID":"1307835","text":"you're only here temporarily","type":"I","timestamp":"2023-11-09 13:06:24"},{"nodeID":"1307836","text":"Emily Thornberry: you're only here temporarily","type":"L","timestamp":"2023-11-09 13:06:24"},{"nodeID":"1307837","text":"Analysing","type":"YA","timestamp":"2023-11-09 13:06:24"},{"nodeID":"1307838","text":"Tuuli: Emily Thornberry: you're only here temporarily","type":"L","timestamp":"2023-11-09 13:06:24"},{"nodeID":"1307839","text":"Asserting","type":"YA","timestamp":"2023-11-09 13:06:24"},{"nodeID":"1307840","text":"Default Transition","type":"TA","timestamp":"2023-11-09 13:06:24"},{"nodeID":"1307841","text":"you're a non-dom","type":"I","timestamp":"2023-11-09 13:06:25"},{"nodeID":"1307842","text":"Emily Thornberry: you're a non-dom","type":"L","timestamp":"2023-11-09 13:06:25"},{"nodeID":"1307843","text":"Analysing","type":"YA","timestamp":"2023-11-09 13:06:25"},{"nodeID":"1307844","text":"Tuuli: Emily Thornberry: you're a non-dom","type":"L","timestamp":"2023-11-09 13:06:25"},{"nodeID":"1307845","text":"Asserting","type":"YA","timestamp":"2023-11-09 13:06:25"},{"nodeID":"1307846","text":"Default Transition","type":"TA","timestamp":"2023-11-09 13:06:25"},{"nodeID":"1307847","text":"Default Transition","type":"TA","timestamp":"2023-11-09 13:06:25"},{"nodeID":"1307848","text":"Default Inference","type":"RA","timestamp":"2023-11-09 13:06:25"},{"nodeID":"1307849","text":"Default Inference","type":"RA","timestamp":"2023-11-09 13:06:25"},{"nodeID":"1307850","text":"Arguing","type":"YA","timestamp":"2023-11-09 13:06:25"},{"nodeID":"1307851","text":"Arguing","type":"YA","timestamp":"2023-11-09 13:06:25"},{"nodeID":"1307852","text":"Default Conflict","type":"CA","timestamp":"2023-11-09 13:06:25"},{"nodeID":"1307853","text":"Default Transition","type":"TA","timestamp":"2023-11-09 13:06:25"},{"nodeID":"1307854","text":"Disagreeing","type":"YA","timestamp":"2023-11-09 13:06:25"}],"edges":[{"edgeID":"1717715","fromID":"1307715","toID":"1307714","formEdgeID":null},{"edgeID":"1717716","fromID":"1307716","toID":"1307715","formEdgeID":null},{"edgeID":"1717717","fromID":"1307714","toID":"1307717","formEdgeID":null},{"edgeID":"1717718","fromID":"1307717","toID":"1307713","formEdgeID":null},{"edgeID":"1717719","fromID":"1307720","toID":"1307719","formEdgeID":null},{"edgeID":"1717720","fromID":"1307721","toID":"1307720","formEdgeID":null},{"edgeID":"1717721","fromID":"1307719","toID":"1307722","formEdgeID":null},{"edgeID":"1717722","fromID":"1307722","toID":"1307718","formEdgeID":null},{"edgeID":"1717723","fromID":"1307714","toID":"1307723","formEdgeID":null},{"edgeID":"1717724","fromID":"1307723","toID":"1307719","formEdgeID":null},{"edgeID":"1717725","fromID":"1307726","toID":"1307725","formEdgeID":null},{"edgeID":"1717726","fromID":"1307727","toID":"1307726","formEdgeID":null},{"edgeID":"1717727","fromID":"1307725","toID":"1307728","formEdgeID":null},{"edgeID":"1717728","fromID":"1307728","toID":"1307724","formEdgeID":null},{"edgeID":"1717729","fromID":"1307719","toID":"1307729","formEdgeID":null},{"edgeID":"1717730","fromID":"1307729","toID":"1307725","formEdgeID":null},{"edgeID":"1717731","fromID":"1307724","toID":"1307730","formEdgeID":null},{"edgeID":"1717732","fromID":"1307730","toID":"1307718","formEdgeID":null},{"edgeID":"1717733","fromID":"1307729","toID":"1307731","formEdgeID":null},{"edgeID":"1717734","fromID":"1307731","toID":"1307730","formEdgeID":null},{"edgeID":"1717735","fromID":"1307734","toID":"1307733","formEdgeID":null},{"edgeID":"1717736","fromID":"1307735","toID":"1307734","formEdgeID":null},{"edgeID":"1717737","fromID":"1307733","toID":"1307736","formEdgeID":null},{"edgeID":"1717738","fromID":"1307736","toID":"1307732","formEdgeID":null},{"edgeID":"1717739","fromID":"1307732","toID":"1307737","formEdgeID":null},{"edgeID":"1717740","fromID":"1307737","toID":"1307718","formEdgeID":null},{"edgeID":"1717741","fromID":"1307719","toID":"1307738","formEdgeID":null},{"edgeID":"1717742","fromID":"1307738","toID":"1307733","formEdgeID":null},{"edgeID":"1717743","fromID":"1307738","toID":"1307739","formEdgeID":null},{"edgeID":"1717744","fromID":"1307739","toID":"1307737","formEdgeID":null},{"edgeID":"1717745","fromID":"1307742","toID":"1307741","formEdgeID":null},{"edgeID":"1717746","fromID":"1307743","toID":"1307742","formEdgeID":null},{"edgeID":"1717747","fromID":"1307741","toID":"1307744","formEdgeID":null},{"edgeID":"1717748","fromID":"1307744","toID":"1307740","formEdgeID":null},{"edgeID":"1717749","fromID":"1307747","toID":"1307746","formEdgeID":null},{"edgeID":"1717750","fromID":"1307748","toID":"1307747","formEdgeID":null},{"edgeID":"1717751","fromID":"1307746","toID":"1307749","formEdgeID":null},{"edgeID":"1717752","fromID":"1307749","toID":"1307745","formEdgeID":null},{"edgeID":"1717753","fromID":"1307741","toID":"1307750","formEdgeID":null},{"edgeID":"1717754","fromID":"1307750","toID":"1307746","formEdgeID":null},{"edgeID":"1717755","fromID":"1307745","toID":"1307751","formEdgeID":null},{"edgeID":"1717756","fromID":"1307751","toID":"1307740","formEdgeID":null},{"edgeID":"1717757","fromID":"1307750","toID":"1307752","formEdgeID":null},{"edgeID":"1717758","fromID":"1307752","toID":"1307751","formEdgeID":null},{"edgeID":"1717759","fromID":"1307740","toID":"1307753","formEdgeID":null},{"edgeID":"1717760","fromID":"1307753","toID":"1307718","formEdgeID":null},{"edgeID":"1717761","fromID":"1307719","toID":"1307754","formEdgeID":null},{"edgeID":"1717762","fromID":"1307754","toID":"1307741","formEdgeID":null},{"edgeID":"1717763","fromID":"1307754","toID":"1307755","formEdgeID":null},{"edgeID":"1717764","fromID":"1307755","toID":"1307753","formEdgeID":null},{"edgeID":"1717765","fromID":"1307758","toID":"1307757","formEdgeID":null},{"edgeID":"1717766","fromID":"1307759","toID":"1307758","formEdgeID":null},{"edgeID":"1717767","fromID":"1307757","toID":"1307760","formEdgeID":null},{"edgeID":"1717768","fromID":"1307760","toID":"1307756","formEdgeID":null},{"edgeID":"1717769","fromID":"1307762","toID":"1307746","formEdgeID":null},{"edgeID":"1717770","fromID":"1307748","toID":"1307762","formEdgeID":null},{"edgeID":"1717771","fromID":"1307746","toID":"1307763","formEdgeID":null},{"edgeID":"1717772","fromID":"1307763","toID":"1307761","formEdgeID":null},{"edgeID":"1717773","fromID":"1307740","toID":"1307764","formEdgeID":null},{"edgeID":"1717774","fromID":"1307764","toID":"1307756","formEdgeID":null},{"edgeID":"1717775","fromID":"1307741","toID":"1307765","formEdgeID":null},{"edgeID":"1717776","fromID":"1307765","toID":"1307757","formEdgeID":null},{"edgeID":"1717777","fromID":"1307765","toID":"1307766","formEdgeID":null},{"edgeID":"1717778","fromID":"1307766","toID":"1307764","formEdgeID":null},{"edgeID":"1717779","fromID":"1307757","toID":"1307767","formEdgeID":null},{"edgeID":"1717780","fromID":"1307767","toID":"1307746","formEdgeID":null},{"edgeID":"1717781","fromID":"1307761","toID":"1307768","formEdgeID":null},{"edgeID":"1717782","fromID":"1307768","toID":"1307756","formEdgeID":null},{"edgeID":"1717783","fromID":"1307767","toID":"1307769","formEdgeID":null},{"edgeID":"1717784","fromID":"1307769","toID":"1307768","formEdgeID":null},{"edgeID":"1717785","fromID":"1307772","toID":"1307771","formEdgeID":null},{"edgeID":"1717786","fromID":"1307773","toID":"1307772","formEdgeID":null},{"edgeID":"1717787","fromID":"1307771","toID":"1307774","formEdgeID":null},{"edgeID":"1717788","fromID":"1307774","toID":"1307770","formEdgeID":null},{"edgeID":"1717789","fromID":"1307770","toID":"1307775","formEdgeID":null},{"edgeID":"1717790","fromID":"1307775","toID":"1307756","formEdgeID":null},{"edgeID":"1717791","fromID":"1307757","toID":"1307776","formEdgeID":null},{"edgeID":"1717792","fromID":"1307776","toID":"1307771","formEdgeID":null},{"edgeID":"1717793","fromID":"1307776","toID":"1307777","formEdgeID":null},{"edgeID":"1717794","fromID":"1307777","toID":"1307775","formEdgeID":null},{"edgeID":"1717795","fromID":"1307779","toID":"1307778","formEdgeID":null},{"edgeID":"1717796","fromID":"1307780","toID":"1307779","formEdgeID":null},{"edgeID":"1717797","fromID":"1307771","toID":"1307781","formEdgeID":null},{"edgeID":"1717798","fromID":"1307781","toID":"1307778","formEdgeID":null},{"edgeID":"1717799","fromID":"1307781","toID":"1307782","formEdgeID":null},{"edgeID":"1717800","fromID":"1307782","toID":"1307770","formEdgeID":null},{"edgeID":"1717801","fromID":"1307785","toID":"1307784","formEdgeID":null},{"edgeID":"1717802","fromID":"1307786","toID":"1307785","formEdgeID":null},{"edgeID":"1717803","fromID":"1307784","toID":"1307787","formEdgeID":null},{"edgeID":"1717804","fromID":"1307787","toID":"1307783","formEdgeID":null},{"edgeID":"1717805","fromID":"1307778","toID":"1307788","formEdgeID":null},{"edgeID":"1717806","fromID":"1307788","toID":"1307784","formEdgeID":null},{"edgeID":"1717807","fromID":"1307791","toID":"1307790","formEdgeID":null},{"edgeID":"1717808","fromID":"1307792","toID":"1307791","formEdgeID":null},{"edgeID":"1717809","fromID":"1307790","toID":"1307793","formEdgeID":null},{"edgeID":"1717810","fromID":"1307793","toID":"1307789","formEdgeID":null},{"edgeID":"1717811","fromID":"1307784","toID":"1307794","formEdgeID":null},{"edgeID":"1717812","fromID":"1307794","toID":"1307790","formEdgeID":null},{"edgeID":"1717813","fromID":"1307797","toID":"1307796","formEdgeID":null},{"edgeID":"1717814","fromID":"1307798","toID":"1307797","formEdgeID":null},{"edgeID":"1717815","fromID":"1307796","toID":"1307799","formEdgeID":null},{"edgeID":"1717816","fromID":"1307799","toID":"1307795","formEdgeID":null},{"edgeID":"1717817","fromID":"1307802","toID":"1307801","formEdgeID":null},{"edgeID":"1717818","fromID":"1307803","toID":"1307802","formEdgeID":null},{"edgeID":"1717819","fromID":"1307801","toID":"1307804","formEdgeID":null},{"edgeID":"1717820","fromID":"1307804","toID":"1307800","formEdgeID":null},{"edgeID":"1717821","fromID":"1307807","toID":"1307806","formEdgeID":null},{"edgeID":"1717822","fromID":"1307808","toID":"1307807","formEdgeID":null},{"edgeID":"1717823","fromID":"1307806","toID":"1307809","formEdgeID":null},{"edgeID":"1717824","fromID":"1307809","toID":"1307805","formEdgeID":null},{"edgeID":"1717825","fromID":"1307812","toID":"1307811","formEdgeID":null},{"edgeID":"1717826","fromID":"1307813","toID":"1307812","formEdgeID":null},{"edgeID":"1717827","fromID":"1307811","toID":"1307814","formEdgeID":null},{"edgeID":"1717828","fromID":"1307814","toID":"1307810","formEdgeID":null},{"edgeID":"1717829","fromID":"1307805","toID":"1307815","formEdgeID":null},{"edgeID":"1717830","fromID":"1307815","toID":"1307810","formEdgeID":null},{"edgeID":"1717831","fromID":"1307796","toID":"1307816","formEdgeID":null},{"edgeID":"1717832","fromID":"1307816","toID":"1307801","formEdgeID":null},{"edgeID":"1717833","fromID":"1307801","toID":"1307817","formEdgeID":null},{"edgeID":"1717834","fromID":"1307817","toID":"1307806","formEdgeID":null},{"edgeID":"1717835","fromID":"1307806","toID":"1307818","formEdgeID":null},{"edgeID":"1717836","fromID":"1307818","toID":"1307811","formEdgeID":null},{"edgeID":"1717837","fromID":"1307821","toID":"1307820","formEdgeID":null},{"edgeID":"1717838","fromID":"1307822","toID":"1307821","formEdgeID":null},{"edgeID":"1717839","fromID":"1307820","toID":"1307823","formEdgeID":null},{"edgeID":"1717840","fromID":"1307823","toID":"1307819","formEdgeID":null},{"edgeID":"1717841","fromID":"1307811","toID":"1307824","formEdgeID":null},{"edgeID":"1717842","fromID":"1307824","toID":"1307820","formEdgeID":null},{"edgeID":"1717843","fromID":"1307810","toID":"1307825","formEdgeID":null},{"edgeID":"1717844","fromID":"1307825","toID":"1307819","formEdgeID":null},{"edgeID":"1717845","fromID":"1307824","toID":"1307826","formEdgeID":null},{"edgeID":"1717846","fromID":"1307826","toID":"1307825","formEdgeID":null},{"edgeID":"1717847","fromID":"1307818","toID":"1307827","formEdgeID":null},{"edgeID":"1717848","fromID":"1307827","toID":"1307815","formEdgeID":null},{"edgeID":"1717849","fromID":"1307830","toID":"1307829","formEdgeID":null},{"edgeID":"1717850","fromID":"1307831","toID":"1307830","formEdgeID":null},{"edgeID":"1717851","fromID":"1307829","toID":"1307832","formEdgeID":null},{"edgeID":"1717852","fromID":"1307832","toID":"1307828","formEdgeID":null},{"edgeID":"1717853","fromID":"1307800","toID":"1307833","formEdgeID":null},{"edgeID":"1717854","fromID":"1307833","toID":"1307795","formEdgeID":null},{"edgeID":"1717855","fromID":"1307816","toID":"1307834","formEdgeID":null},{"edgeID":"1717856","fromID":"1307834","toID":"1307833","formEdgeID":null},{"edgeID":"1717857","fromID":"1307837","toID":"1307836","formEdgeID":null},{"edgeID":"1717858","fromID":"1307838","toID":"1307837","formEdgeID":null},{"edgeID":"1717859","fromID":"1307836","toID":"1307839","formEdgeID":null},{"edgeID":"1717860","fromID":"1307839","toID":"1307835","formEdgeID":null},{"edgeID":"1717861","fromID":"1307820","toID":"1307840","formEdgeID":null},{"edgeID":"1717862","fromID":"1307840","toID":"1307836","formEdgeID":null},{"edgeID":"1717863","fromID":"1307843","toID":"1307842","formEdgeID":null},{"edgeID":"1717864","fromID":"1307844","toID":"1307843","formEdgeID":null},{"edgeID":"1717865","fromID":"1307842","toID":"1307845","formEdgeID":null},{"edgeID":"1717866","fromID":"1307845","toID":"1307841","formEdgeID":null},{"edgeID":"1717867","fromID":"1307836","toID":"1307846","formEdgeID":null},{"edgeID":"1717868","fromID":"1307846","toID":"1307842","formEdgeID":null},{"edgeID":"1717869","fromID":"1307842","toID":"1307847","formEdgeID":null},{"edgeID":"1717870","fromID":"1307847","toID":"1307829","formEdgeID":null},{"edgeID":"1717871","fromID":"1307835","toID":"1307848","formEdgeID":null},{"edgeID":"1717872","fromID":"1307848","toID":"1307841","formEdgeID":null},{"edgeID":"1717873","fromID":"1307841","toID":"1307849","formEdgeID":null},{"edgeID":"1717874","fromID":"1307849","toID":"1307828","formEdgeID":null},{"edgeID":"1717875","fromID":"1307846","toID":"1307850","formEdgeID":null},{"edgeID":"1717876","fromID":"1307850","toID":"1307848","formEdgeID":null},{"edgeID":"1717877","fromID":"1307847","toID":"1307851","formEdgeID":null},{"edgeID":"1717878","fromID":"1307851","toID":"1307849","formEdgeID":null},{"edgeID":"1717879","fromID":"1307795","toID":"1307852","formEdgeID":null},{"edgeID":"1717880","fromID":"1307852","toID":"1307770","formEdgeID":null},{"edgeID":"1717881","fromID":"1307771","toID":"1307853","formEdgeID":null},{"edgeID":"1717882","fromID":"1307853","toID":"1307796","formEdgeID":null},{"edgeID":"1717883","fromID":"1307853","toID":"1307854","formEdgeID":null},{"edgeID":"1717884","fromID":"1307854","toID":"1307852","formEdgeID":null}],"locutions":[]}