{"nodes":[{"nodeID":"1304533","text":"we have the needs that we see in the church, through foodbanks and through the many things we're involved in","type":"I","timestamp":"2023-11-09 13:01:51"},{"nodeID":"1304534","text":"Justin Welby: we have the needs that we see in the church, through foodbanks and through the many things we're involved in","type":"L","timestamp":"2023-11-09 13:01:51"},{"nodeID":"1304535","text":"Analysing","type":"YA","timestamp":"2023-11-09 13:01:51"},{"nodeID":"1304536","text":"Tuuli: Justin Welby: we have the needs that we see in the church, through foodbanks and through the many things we're involved in","type":"L","timestamp":"2023-11-09 13:01:51"},{"nodeID":"1304537","text":"Asserting","type":"YA","timestamp":"2023-11-09 13:01:51"},{"nodeID":"1304538","text":"we have the needs with people who are the least well paid in the UK who are facing real problems with paying their heating bills","type":"I","timestamp":"2023-11-09 13:01:52"},{"nodeID":"1304539","text":"Justin Welby: with people who are the least well paid in this country who are facing real problems with paying their heating bills","type":"L","timestamp":"2023-11-09 13:01:52"},{"nodeID":"1304540","text":"Analysing","type":"YA","timestamp":"2023-11-09 13:01:52"},{"nodeID":"1304541","text":"Tuuli: Justin Welby: with people who are the least well paid in this country who are facing real problems with paying their heating bills","type":"L","timestamp":"2023-11-09 13:01:52"},{"nodeID":"1304542","text":"Asserting","type":"YA","timestamp":"2023-11-09 13:01:52"},{"nodeID":"1304543","text":"Default Transition","type":"TA","timestamp":"2023-11-09 13:01:52"},{"nodeID":"1304544","text":"the least well paid people's real problems with paying their heating bills will be worse next winter and the winter after that","type":"I","timestamp":"2023-11-09 13:01:53"},{"nodeID":"1304545","text":"Justin Welby: it will be worse next winter and the winter after that","type":"L","timestamp":"2023-11-09 13:01:53"},{"nodeID":"1304546","text":"Analysing","type":"YA","timestamp":"2023-11-09 13:01:53"},{"nodeID":"1304547","text":"Tuuli: Justin Welby: it will be worse next winter and the winter after that","type":"L","timestamp":"2023-11-09 13:01:53"},{"nodeID":"1304548","text":"Asserting","type":"YA","timestamp":"2023-11-09 13:01:53"},{"nodeID":"1304549","text":"Default Transition","type":"TA","timestamp":"2023-11-09 13:01:53"},{"nodeID":"1304550","text":"Default Rephrase","type":"MA","timestamp":"2023-11-09 13:01:53"},{"nodeID":"1304551","text":"Restating","type":"YA","timestamp":"2023-11-09 13:01:53"},{"nodeID":"1304552","text":"Default Rephrase","type":"MA","timestamp":"2023-11-09 13:01:53"},{"nodeID":"1304553","text":"Restating","type":"YA","timestamp":"2023-11-09 13:01:53"},{"nodeID":"1304554","text":"the UK Government's energy strategy is or is not too little too late","type":"I","timestamp":"2023-11-09 13:01:53"},{"nodeID":"1304555","text":"Fiona Bruce: is the Government's energy strategy too little too late","type":"L","timestamp":"2023-11-09 13:01:53"},{"nodeID":"1304556","text":"Analysing","type":"YA","timestamp":"2023-11-09 13:01:53"},{"nodeID":"1304557","text":"Tuuli: Fiona Bruce: is the Government's energy strategy too little too late","type":"L","timestamp":"2023-11-09 13:01:53"},{"nodeID":"1304558","text":"Pure Questioning","type":"YA","timestamp":"2023-11-09 13:01:53"},{"nodeID":"1304559","text":"Default Transition","type":"TA","timestamp":"2023-11-09 13:01:53"},{"nodeID":"1304560","text":"Justin Welby doesn't think the UK Government's energy strategy is too little too late","type":"I","timestamp":"2023-11-09 13:01:54"},{"nodeID":"1304561","text":"Justin Welby: I don't think it's too little too late","type":"L","timestamp":"2023-11-09 13:01:54"},{"nodeID":"1304562","text":"Analysing","type":"YA","timestamp":"2023-11-09 13:01:54"},{"nodeID":"1304563","text":"Tuuli: Justin Welby: I don't think it's too little too late","type":"L","timestamp":"2023-11-09 13:01:54"},{"nodeID":"1304564","text":"Asserting","type":"YA","timestamp":"2023-11-09 13:01:54"},{"nodeID":"1304565","text":"Default Transition","type":"TA","timestamp":"2023-11-09 13:01:54"},{"nodeID":"1304566","text":"Default Rephrase","type":"MA","timestamp":"2023-11-09 13:01:54"},{"nodeID":"1304567","text":"Default Illocuting","type":"YA","timestamp":"2023-11-09 13:01:54"},{"nodeID":"1304568","text":"the UK Government's energy strategy is a good long-term energy strategy in some ways","type":"I","timestamp":"2023-11-09 13:01:54"},{"nodeID":"1304569","text":"Justin Welby: it's a good long-term energy strategy in some ways","type":"L","timestamp":"2023-11-09 13:01:54"},{"nodeID":"1304570","text":"Analysing","type":"YA","timestamp":"2023-11-09 13:01:54"},{"nodeID":"1304571","text":"Tuuli: Justin Welby: it's a good long-term energy strategy in some ways","type":"L","timestamp":"2023-11-09 13:01:54"},{"nodeID":"1304572","text":"Asserting","type":"YA","timestamp":"2023-11-09 13:01:54"},{"nodeID":"1304573","text":"Default Transition","type":"TA","timestamp":"2023-11-09 13:01:54"},{"nodeID":"1304574","text":"Default Inference","type":"RA","timestamp":"2023-11-09 13:01:54"},{"nodeID":"1304575","text":"Arguing","type":"YA","timestamp":"2023-11-09 13:01:54"},{"nodeID":"1304576","text":"something is going to happen in the short-term","type":"I","timestamp":"2023-11-09 13:01:55"},{"nodeID":"1304577","text":"Justin Welby: what's going to happen in the short-term","type":"L","timestamp":"2023-11-09 13:01:55"},{"nodeID":"1304578","text":"Analysing","type":"YA","timestamp":"2023-11-09 13:01:55"},{"nodeID":"1304579","text":"Tuuli: Justin Welby: what's going to happen in the short-term","type":"L","timestamp":"2023-11-09 13:01:55"},{"nodeID":"1304580","text":"Rhetorical Questioning","type":"YA","timestamp":"2023-11-09 13:01:55"},{"nodeID":"1304581","text":"Default Transition","type":"TA","timestamp":"2023-11-09 13:01:55"},{"nodeID":"1304582","text":"Default Conflict","type":"CA","timestamp":"2023-11-09 13:01:55"},{"nodeID":"1304583","text":"Disagreeing","type":"YA","timestamp":"2023-11-09 13:01:55"},{"nodeID":"1304584","text":"we need to decarbonise now","type":"I","timestamp":"2023-11-09 13:01:55"},{"nodeID":"1304585","text":"Justin Welby: We need to decarbonise now","type":"L","timestamp":"2023-11-09 13:01:55"},{"nodeID":"1304586","text":"Analysing","type":"YA","timestamp":"2023-11-09 13:01:55"},{"nodeID":"1304587","text":"Tuuli: Justin Welby: We need to decarbonise now","type":"L","timestamp":"2023-11-09 13:01:55"},{"nodeID":"1304588","text":"Asserting","type":"YA","timestamp":"2023-11-09 13:01:55"},{"nodeID":"1304589","text":"Default Transition","type":"TA","timestamp":"2023-11-09 13:01:55"},{"nodeID":"1304590","text":"Default Inference","type":"RA","timestamp":"2023-11-09 13:01:55"},{"nodeID":"1304591","text":"Arguing","type":"YA","timestamp":"2023-11-09 13:01:55"},{"nodeID":"1304592","text":"decarbonising means subsidies for people to insulate their homes and to care for those who have the least capacity to care for themselves","type":"I","timestamp":"2023-11-09 13:01:56"},{"nodeID":"1304593","text":"Justin Welby: That means subsidies for people to insulate their homes and to care for those who have the least capacity to care for themselves","type":"L","timestamp":"2023-11-09 13:01:56"},{"nodeID":"1304594","text":"Analysing","type":"YA","timestamp":"2023-11-09 13:01:56"},{"nodeID":"1304595","text":"Tuuli: Justin Welby: That means subsidies for people to insulate their homes and to care for those who have the least capacity to care for themselves","type":"L","timestamp":"2023-11-09 13:01:56"},{"nodeID":"1304596","text":"Asserting","type":"YA","timestamp":"2023-11-09 13:01:56"},{"nodeID":"1304597","text":"Default Transition","type":"TA","timestamp":"2023-11-09 13:01:56"},{"nodeID":"1304598","text":"Default Rephrase","type":"MA","timestamp":"2023-11-09 13:01:56"},{"nodeID":"1304599","text":"Restating","type":"YA","timestamp":"2023-11-09 13:01:56"},{"nodeID":"1304600","text":"Default Inference","type":"RA","timestamp":"2023-11-09 13:01:56"},{"nodeID":"1304601","text":"Default Transition","type":"TA","timestamp":"2023-11-09 13:01:56"},{"nodeID":"1304602","text":"Arguing","type":"YA","timestamp":"2023-11-09 13:01:56"},{"nodeID":"1304603","text":"the IPCC report came out earlier this week, just before the so-called strategy, saying that we have to decarbonise now if we want to mitigate climate change and that we have to phase out fossil fuels","type":"I","timestamp":"2023-11-09 13:01:57"},{"nodeID":"1304604","text":"AudienceMember 20220407QT03: The IPCC report came out earlier this week, just before the so-called strategy, saying that we have to decarbonise now if we want to mitigate climate change and that we have to phase out fossil fuels","type":"L","timestamp":"2023-11-09 13:01:57"},{"nodeID":"1304605","text":"Analysing","type":"YA","timestamp":"2023-11-09 13:01:57"},{"nodeID":"1304606","text":"Tuuli: AudienceMember 20220407QT03: The IPCC report came out earlier this week, just before the so-called strategy, saying that we have to decarbonise now if we want to mitigate climate change and that we have to phase out fossil fuels","type":"L","timestamp":"2023-11-09 13:01:57"},{"nodeID":"1304607","text":"Asserting","type":"YA","timestamp":"2023-11-09 13:01:57"},{"nodeID":"1304608","text":"Default Transition","type":"TA","timestamp":"2023-11-09 13:01:57"},{"nodeID":"1304609","text":"the UK Government will stop approving oil rigs in xxx","type":"I","timestamp":"2023-11-09 13:01:57"},{"nodeID":"1304610","text":"AudienceMember 20220407QT03: when will the Government stop approving oil rigs","type":"L","timestamp":"2023-11-09 13:01:57"},{"nodeID":"1304611","text":"Analysing","type":"YA","timestamp":"2023-11-09 13:01:57"},{"nodeID":"1304612","text":"Tuuli: AudienceMember 20220407QT03: when will the Government stop approving oil rigs","type":"L","timestamp":"2023-11-09 13:01:57"},{"nodeID":"1304613","text":"Pure Questioning","type":"YA","timestamp":"2023-11-09 13:01:57"},{"nodeID":"1304614","text":"Default Transition","type":"TA","timestamp":"2023-11-09 13:01:57"},{"nodeID":"1304615","text":"Default Inference","type":"RA","timestamp":"2023-11-09 13:01:57"},{"nodeID":"1304616","text":"Arguing","type":"YA","timestamp":"2023-11-09 13:01:57"}],"edges":[{"edgeID":"1713967","fromID":"1304535","toID":"1304534","formEdgeID":null},{"edgeID":"1713968","fromID":"1304536","toID":"1304535","formEdgeID":null},{"edgeID":"1713969","fromID":"1304534","toID":"1304537","formEdgeID":null},{"edgeID":"1713970","fromID":"1304537","toID":"1304533","formEdgeID":null},{"edgeID":"1713971","fromID":"1304540","toID":"1304539","formEdgeID":null},{"edgeID":"1713972","fromID":"1304541","toID":"1304540","formEdgeID":null},{"edgeID":"1713973","fromID":"1304539","toID":"1304542","formEdgeID":null},{"edgeID":"1713974","fromID":"1304542","toID":"1304538","formEdgeID":null},{"edgeID":"1713975","fromID":"1304534","toID":"1304543","formEdgeID":null},{"edgeID":"1713976","fromID":"1304543","toID":"1304539","formEdgeID":null},{"edgeID":"1713977","fromID":"1304546","toID":"1304545","formEdgeID":null},{"edgeID":"1713978","fromID":"1304547","toID":"1304546","formEdgeID":null},{"edgeID":"1713979","fromID":"1304545","toID":"1304548","formEdgeID":null},{"edgeID":"1713980","fromID":"1304548","toID":"1304544","formEdgeID":null},{"edgeID":"1713981","fromID":"1304539","toID":"1304549","formEdgeID":null},{"edgeID":"1713982","fromID":"1304549","toID":"1304545","formEdgeID":null},{"edgeID":"1713983","fromID":"1304538","toID":"1304550","formEdgeID":null},{"edgeID":"1713984","fromID":"1304550","toID":"1304533","formEdgeID":null},{"edgeID":"1713985","fromID":"1304543","toID":"1304551","formEdgeID":null},{"edgeID":"1713986","fromID":"1304551","toID":"1304550","formEdgeID":null},{"edgeID":"1713987","fromID":"1304544","toID":"1304552","formEdgeID":null},{"edgeID":"1713988","fromID":"1304552","toID":"1304538","formEdgeID":null},{"edgeID":"1713989","fromID":"1304549","toID":"1304553","formEdgeID":null},{"edgeID":"1713990","fromID":"1304553","toID":"1304552","formEdgeID":null},{"edgeID":"1713991","fromID":"1304556","toID":"1304555","formEdgeID":null},{"edgeID":"1713992","fromID":"1304557","toID":"1304556","formEdgeID":null},{"edgeID":"1713993","fromID":"1304555","toID":"1304558","formEdgeID":null},{"edgeID":"1713994","fromID":"1304558","toID":"1304554","formEdgeID":null},{"edgeID":"1713995","fromID":"1304545","toID":"1304559","formEdgeID":null},{"edgeID":"1713996","fromID":"1304559","toID":"1304555","formEdgeID":null},{"edgeID":"1713997","fromID":"1304562","toID":"1304561","formEdgeID":null},{"edgeID":"1713998","fromID":"1304563","toID":"1304562","formEdgeID":null},{"edgeID":"1713999","fromID":"1304561","toID":"1304564","formEdgeID":null},{"edgeID":"1714000","fromID":"1304564","toID":"1304560","formEdgeID":null},{"edgeID":"1714001","fromID":"1304555","toID":"1304565","formEdgeID":null},{"edgeID":"1714002","fromID":"1304565","toID":"1304561","formEdgeID":null},{"edgeID":"1714003","fromID":"1304560","toID":"1304566","formEdgeID":null},{"edgeID":"1714004","fromID":"1304566","toID":"1304554","formEdgeID":null},{"edgeID":"1714005","fromID":"1304565","toID":"1304567","formEdgeID":null},{"edgeID":"1714006","fromID":"1304567","toID":"1304566","formEdgeID":null},{"edgeID":"1714007","fromID":"1304570","toID":"1304569","formEdgeID":null},{"edgeID":"1714008","fromID":"1304571","toID":"1304570","formEdgeID":null},{"edgeID":"1714009","fromID":"1304569","toID":"1304572","formEdgeID":null},{"edgeID":"1714010","fromID":"1304572","toID":"1304568","formEdgeID":null},{"edgeID":"1714011","fromID":"1304561","toID":"1304573","formEdgeID":null},{"edgeID":"1714012","fromID":"1304573","toID":"1304569","formEdgeID":null},{"edgeID":"1714013","fromID":"1304568","toID":"1304574","formEdgeID":null},{"edgeID":"1714014","fromID":"1304574","toID":"1304560","formEdgeID":null},{"edgeID":"1714015","fromID":"1304573","toID":"1304575","formEdgeID":null},{"edgeID":"1714016","fromID":"1304575","toID":"1304574","formEdgeID":null},{"edgeID":"1714017","fromID":"1304578","toID":"1304577","formEdgeID":null},{"edgeID":"1714018","fromID":"1304579","toID":"1304578","formEdgeID":null},{"edgeID":"1714019","fromID":"1304577","toID":"1304580","formEdgeID":null},{"edgeID":"1714020","fromID":"1304580","toID":"1304576","formEdgeID":null},{"edgeID":"1714021","fromID":"1304569","toID":"1304581","formEdgeID":null},{"edgeID":"1714022","fromID":"1304581","toID":"1304577","formEdgeID":null},{"edgeID":"1714023","fromID":"1304576","toID":"1304582","formEdgeID":null},{"edgeID":"1714024","fromID":"1304582","toID":"1304568","formEdgeID":null},{"edgeID":"1714025","fromID":"1304581","toID":"1304583","formEdgeID":null},{"edgeID":"1714026","fromID":"1304583","toID":"1304582","formEdgeID":null},{"edgeID":"1714027","fromID":"1304586","toID":"1304585","formEdgeID":null},{"edgeID":"1714028","fromID":"1304587","toID":"1304586","formEdgeID":null},{"edgeID":"1714029","fromID":"1304585","toID":"1304588","formEdgeID":null},{"edgeID":"1714030","fromID":"1304588","toID":"1304584","formEdgeID":null},{"edgeID":"1714031","fromID":"1304577","toID":"1304589","formEdgeID":null},{"edgeID":"1714032","fromID":"1304589","toID":"1304585","formEdgeID":null},{"edgeID":"1714033","fromID":"1304576","toID":"1304590","formEdgeID":null},{"edgeID":"1714034","fromID":"1304590","toID":"1304584","formEdgeID":null},{"edgeID":"1714035","fromID":"1304589","toID":"1304591","formEdgeID":null},{"edgeID":"1714036","fromID":"1304591","toID":"1304590","formEdgeID":null},{"edgeID":"1714037","fromID":"1304594","toID":"1304593","formEdgeID":null},{"edgeID":"1714038","fromID":"1304595","toID":"1304594","formEdgeID":null},{"edgeID":"1714039","fromID":"1304593","toID":"1304596","formEdgeID":null},{"edgeID":"1714040","fromID":"1304596","toID":"1304592","formEdgeID":null},{"edgeID":"1714041","fromID":"1304585","toID":"1304597","formEdgeID":null},{"edgeID":"1714042","fromID":"1304597","toID":"1304593","formEdgeID":null},{"edgeID":"1714043","fromID":"1304592","toID":"1304598","formEdgeID":null},{"edgeID":"1714044","fromID":"1304598","toID":"1304584","formEdgeID":null},{"edgeID":"1714045","fromID":"1304597","toID":"1304599","formEdgeID":null},{"edgeID":"1714046","fromID":"1304599","toID":"1304598","formEdgeID":null},{"edgeID":"1714047","fromID":"1304544","toID":"1304600","formEdgeID":null},{"edgeID":"1714048","fromID":"1304600","toID":"1304592","formEdgeID":null},{"edgeID":"1714049","fromID":"1304545","toID":"1304601","formEdgeID":null},{"edgeID":"1714050","fromID":"1304601","toID":"1304593","formEdgeID":null},{"edgeID":"1714051","fromID":"1304601","toID":"1304602","formEdgeID":null},{"edgeID":"1714052","fromID":"1304602","toID":"1304600","formEdgeID":null},{"edgeID":"1714053","fromID":"1304605","toID":"1304604","formEdgeID":null},{"edgeID":"1714054","fromID":"1304606","toID":"1304605","formEdgeID":null},{"edgeID":"1714055","fromID":"1304604","toID":"1304607","formEdgeID":null},{"edgeID":"1714056","fromID":"1304607","toID":"1304603","formEdgeID":null},{"edgeID":"1714057","fromID":"1304593","toID":"1304608","formEdgeID":null},{"edgeID":"1714058","fromID":"1304608","toID":"1304604","formEdgeID":null},{"edgeID":"1714059","fromID":"1304611","toID":"1304610","formEdgeID":null},{"edgeID":"1714060","fromID":"1304612","toID":"1304611","formEdgeID":null},{"edgeID":"1714061","fromID":"1304610","toID":"1304613","formEdgeID":null},{"edgeID":"1714062","fromID":"1304613","toID":"1304609","formEdgeID":null},{"edgeID":"1714063","fromID":"1304604","toID":"1304614","formEdgeID":null},{"edgeID":"1714064","fromID":"1304614","toID":"1304610","formEdgeID":null},{"edgeID":"1714065","fromID":"1304603","toID":"1304615","formEdgeID":null},{"edgeID":"1714066","fromID":"1304615","toID":"1304609","formEdgeID":null},{"edgeID":"1714067","fromID":"1304614","toID":"1304616","formEdgeID":null},{"edgeID":"1714068","fromID":"1304616","toID":"1304615","formEdgeID":null}],"locutions":[]}