{"nodes":[{"nodeID":"1142186","text":"the third thing, particularly with Ukraine and Russia, is the longer the war goes on, the worse the war crimes get","type":"I","timestamp":"2023-04-11 20:07:53"},{"nodeID":"1142191","text":"wars get harder and more horrible and more cruel and more foul with every day that passes","type":"I","timestamp":"2023-04-11 20:08:03"},{"nodeID":"1142199","text":"we have to investigate the war crimes","type":"I","timestamp":"2023-04-11 20:08:10"},{"nodeID":"1142297","text":"we go for the people who are suffering and try and stop the suffering before it gets worse","type":"I","timestamp":"2023-04-11 20:09:39"},{"nodeID":"1142383","text":"Russia tonight has been voted off the UN Human Rights Council","type":"I","timestamp":"2023-04-11 20:10:33"},{"nodeID":"1305587","text":"Fiona Bruce: Will that make any difference","type":"L","timestamp":"2023-11-09 13:03:18"},{"nodeID":"1305588","text":"Justin Welby: the third thing, particularly with Ukraine and Russia, is the longer it goes on, the worse the war crimes get","type":"L","timestamp":"2023-11-09 13:03:18"},{"nodeID":"1305589","text":"Analysing","type":"YA","timestamp":"2023-11-09 13:03:18"},{"nodeID":"1305590","text":"Rebecca: Justin Welby: the third thing, particularly with Ukraine and Russia, is the longer it goes on, the worse the war crimes get","type":"L","timestamp":"2023-11-09 13:03:18"},{"nodeID":"1305591","text":"Asserting","type":"YA","timestamp":"2023-11-09 13:03:18"},{"nodeID":"1305592","text":"Justin Welby: Wars get harder and more horrible and more cruel and more foul with every day that passes","type":"L","timestamp":"2023-11-09 13:03:19"},{"nodeID":"1305593","text":"Analysing","type":"YA","timestamp":"2023-11-09 13:03:19"},{"nodeID":"1305594","text":"Rebecca: Justin Welby: Wars get harder and more horrible and more cruel and more foul with every day that passes","type":"L","timestamp":"2023-11-09 13:03:19"},{"nodeID":"1305595","text":"Asserting","type":"YA","timestamp":"2023-11-09 13:03:19"},{"nodeID":"1305596","text":"Default Rephrase","type":"MA","timestamp":"2023-11-09 13:03:19"},{"nodeID":"1305597","text":"Default Transition","type":"TA","timestamp":"2023-11-09 13:03:19"},{"nodeID":"1305598","text":"Restating","type":"YA","timestamp":"2023-11-09 13:03:19"},{"nodeID":"1305599","text":"we have to get a ceasefire and that has to be the top priority","type":"I","timestamp":"2023-11-09 13:03:19"},{"nodeID":"1305600","text":"Justin Welby: we have to get a ceasefire and that has to be the top priority","type":"L","timestamp":"2023-11-09 13:03:19"},{"nodeID":"1305601","text":"Analysing","type":"YA","timestamp":"2023-11-09 13:03:19"},{"nodeID":"1305602","text":"Rebecca: Justin Welby: we have to get a ceasefire and that has to be the top priority","type":"L","timestamp":"2023-11-09 13:03:19"},{"nodeID":"1305603","text":"Asserting","type":"YA","timestamp":"2023-11-09 13:03:19"},{"nodeID":"1305604","text":"Default Transition","type":"TA","timestamp":"2023-11-09 13:03:19"},{"nodeID":"1305605","text":"Default Inference","type":"RA","timestamp":"2023-11-09 13:03:19"},{"nodeID":"1305606","text":"Arguing","type":"YA","timestamp":"2023-11-09 13:03:19"},{"nodeID":"1305607","text":"Justin Welby has been with the victims of war crimes often enough in enough places to know that they're the ones who matter at the moment","type":"I","timestamp":"2023-11-09 13:03:20"},{"nodeID":"1305608","text":"Justin Welby: I also have been with the victims often enough in enough places to know that they're the ones who matter at the moment","type":"L","timestamp":"2023-11-09 13:03:20"},{"nodeID":"1305609","text":"Analysing","type":"YA","timestamp":"2023-11-09 13:03:20"},{"nodeID":"1305610","text":"Rebecca: Justin Welby: I also have been with the victims often enough in enough places to know that they're the ones who matter at the moment","type":"L","timestamp":"2023-11-09 13:03:20"},{"nodeID":"1305611","text":"Asserting","type":"YA","timestamp":"2023-11-09 13:03:20"},{"nodeID":"1305612","text":"it's not the rulers, they will be held to account by God, if not before","type":"I","timestamp":"2023-11-09 13:03:20"},{"nodeID":"1305613","text":"Justin Welby: it's not the rulers, they will be held to account by\u2026 As a Christian, you'd expect me to say they'll be held to account by God, if not before","type":"L","timestamp":"2023-11-09 13:03:20"},{"nodeID":"1305614","text":"Analysing","type":"YA","timestamp":"2023-11-09 13:03:20"},{"nodeID":"1305615","text":"Rebecca: Justin Welby: it's not the rulers, they will be held to account by\u2026 As a Christian, you'd expect me to say they'll be held to account by God, if not before","type":"L","timestamp":"2023-11-09 13:03:20"},{"nodeID":"1305616","text":"Asserting","type":"YA","timestamp":"2023-11-09 13:03:20"},{"nodeID":"1305617","text":"Default Transition","type":"TA","timestamp":"2023-11-09 13:03:20"},{"nodeID":"1305618","text":"Default Transition","type":"TA","timestamp":"2023-11-09 13:03:20"},{"nodeID":"1305619","text":"Justin Welby: We go for the people who are suffering and try and stop the suffering before it gets worse","type":"L","timestamp":"2023-11-09 13:03:21"},{"nodeID":"1305620","text":"Analysing","type":"YA","timestamp":"2023-11-09 13:03:21"},{"nodeID":"1305621","text":"Rebecca: Justin Welby: We go for the people who are suffering and try and stop the suffering before it gets worse","type":"L","timestamp":"2023-11-09 13:03:21"},{"nodeID":"1305622","text":"Asserting","type":"YA","timestamp":"2023-11-09 13:03:21"},{"nodeID":"1305623","text":"Default Rephrase","type":"MA","timestamp":"2023-11-09 13:03:21"},{"nodeID":"1305624","text":"Default Transition","type":"TA","timestamp":"2023-11-09 13:03:21"},{"nodeID":"1305625","text":"Restating","type":"YA","timestamp":"2023-11-09 13:03:21"},{"nodeID":"1305626","text":"that's going to mean sanctions","type":"I","timestamp":"2023-11-09 13:03:22"},{"nodeID":"1305627","text":"Justin Welby:  that's going to mean sanctions","type":"L","timestamp":"2023-11-09 13:03:22"},{"nodeID":"1305628","text":"Analysing","type":"YA","timestamp":"2023-11-09 13:03:22"},{"nodeID":"1305629","text":"Rebecca: Justin Welby:  that's going to mean sanctions","type":"L","timestamp":"2023-11-09 13:03:22"},{"nodeID":"1305630","text":"Asserting","type":"YA","timestamp":"2023-11-09 13:03:22"},{"nodeID":"1305631","text":"it also means diplomacy","type":"I","timestamp":"2023-11-09 13:03:22"},{"nodeID":"1305632","text":"Justin Welby: it also means diplomacy","type":"L","timestamp":"2023-11-09 13:03:22"},{"nodeID":"1305633","text":"Analysing","type":"YA","timestamp":"2023-11-09 13:03:22"},{"nodeID":"1305634","text":"Rebecca: Justin Welby: it also means diplomacy","type":"L","timestamp":"2023-11-09 13:03:22"},{"nodeID":"1305635","text":"Asserting","type":"YA","timestamp":"2023-11-09 13:03:22"},{"nodeID":"1305636","text":"it often means negotiating with people who have done pretty unpleasant things","type":"I","timestamp":"2023-11-09 13:03:23"},{"nodeID":"1305637","text":"Justin Welby: it often means negotiating with people who have done pretty unpleasant things","type":"L","timestamp":"2023-11-09 13:03:23"},{"nodeID":"1305638","text":"Analysing","type":"YA","timestamp":"2023-11-09 13:03:23"},{"nodeID":"1305639","text":"Rebecca: Justin Welby: it often means negotiating with people who have done pretty unpleasant things","type":"L","timestamp":"2023-11-09 13:03:23"},{"nodeID":"1305640","text":"Asserting","type":"YA","timestamp":"2023-11-09 13:03:23"},{"nodeID":"1305641","text":"Default Transition","type":"TA","timestamp":"2023-11-09 13:03:23"},{"nodeID":"1305642","text":"Default Rephrase","type":"MA","timestamp":"2023-11-09 13:03:23"},{"nodeID":"1305643","text":"Default Transition","type":"TA","timestamp":"2023-11-09 13:03:23"},{"nodeID":"1305644","text":"Restating","type":"YA","timestamp":"2023-11-09 13:03:23"},{"nodeID":"1305645","text":"Default Transition","type":"TA","timestamp":"2023-11-09 13:03:23"},{"nodeID":"1305646","text":"Default Conflict","type":"CA","timestamp":"2023-11-09 13:03:23"},{"nodeID":"1305647","text":"Disagreeing","type":"YA","timestamp":"2023-11-09 13:03:23"},{"nodeID":"1305648","text":"Fiona Bruce: Russia tonight has been voted off the UN Human Rights Council","type":"L","timestamp":"2023-11-09 13:03:23"},{"nodeID":"1305649","text":"Analysing","type":"YA","timestamp":"2023-11-09 13:03:23"},{"nodeID":"1305650","text":"Rebecca: Fiona Bruce: Russia tonight has been voted off the UN Human Rights Council","type":"L","timestamp":"2023-11-09 13:03:23"},{"nodeID":"1305651","text":"Asserting","type":"YA","timestamp":"2023-11-09 13:03:23"},{"nodeID":"1305652","text":"Default Transition","type":"TA","timestamp":"2023-11-09 13:03:23"},{"nodeID":"1305653","text":"that Russia has been voted off the UN Human Rights Council will or will not make any difference","type":"I","timestamp":"2023-11-09 13:03:24"},{"nodeID":"1305654","text":"Analysing","type":"YA","timestamp":"2023-11-09 13:03:24"},{"nodeID":"1305655","text":"Rebecca: Fiona Bruce: Will that make any difference","type":"L","timestamp":"2023-11-09 13:03:24"},{"nodeID":"1305656","text":"Pure Questioning","type":"YA","timestamp":"2023-11-09 13:03:24"},{"nodeID":"1305657","text":"Default Transition","type":"TA","timestamp":"2023-11-09 13:03:24"},{"nodeID":"1305658","text":"that Russia has been voted off the UN Human Rights Council does or doesn't not take us any further forward","type":"I","timestamp":"2023-11-09 13:03:24"},{"nodeID":"1305659","text":"Fiona Bruce: Does that take us any further forward","type":"L","timestamp":"2023-11-09 13:03:24"},{"nodeID":"1305660","text":"Analysing","type":"YA","timestamp":"2023-11-09 13:03:24"},{"nodeID":"1305661","text":"Rebecca: Fiona Bruce: Does that take us any further forward","type":"L","timestamp":"2023-11-09 13:03:24"},{"nodeID":"1305662","text":"Pure Questioning","type":"YA","timestamp":"2023-11-09 13:03:24"},{"nodeID":"1305663","text":"Default Transition","type":"TA","timestamp":"2023-11-09 13:03:24"},{"nodeID":"1305664","text":"Justin Welby: we have to investigate the war crimes","type":"L","timestamp":"2023-11-09 13:03:25"},{"nodeID":"1305665","text":"Analysing","type":"YA","timestamp":"2023-11-09 13:03:25"},{"nodeID":"1305666","text":"Rebecca: Justin Welby: we have to investigate the war crimes","type":"L","timestamp":"2023-11-09 13:03:25"},{"nodeID":"1305667","text":"Asserting","type":"YA","timestamp":"2023-11-09 13:03:25"},{"nodeID":"1305668","text":"Default Transition","type":"TA","timestamp":"2023-11-09 13:03:25"},{"nodeID":"1305669","text":"Default Inference","type":"RA","timestamp":"2023-11-09 13:03:25"},{"nodeID":"1305670","text":"Arguing","type":"YA","timestamp":"2023-11-09 13:03:25"},{"nodeID":"1305671","text":"we have to make sure that people are held to account, either publicly or, best of all, in a cour","type":"I","timestamp":"2023-11-09 13:03:26"},{"nodeID":"1305672","text":"Justin Welby: We have to make sure that people are held to account, either publicly or, best of all, in a cour","type":"L","timestamp":"2023-11-09 13:03:26"},{"nodeID":"1305673","text":"Analysing","type":"YA","timestamp":"2023-11-09 13:03:26"},{"nodeID":"1305674","text":"Rebecca: Justin Welby: We have to make sure that people are held to account, either publicly or, best of all, in a cour","type":"L","timestamp":"2023-11-09 13:03:26"},{"nodeID":"1305675","text":"Asserting","type":"YA","timestamp":"2023-11-09 13:03:26"},{"nodeID":"1305676","text":"Default Inference","type":"RA","timestamp":"2023-11-09 13:03:26"},{"nodeID":"1305677","text":"Default Transition","type":"TA","timestamp":"2023-11-09 13:03:26"},{"nodeID":"1305678","text":"Default Rephrase","type":"MA","timestamp":"2023-11-09 13:03:26"},{"nodeID":"1305679","text":"Restating","type":"YA","timestamp":"2023-11-09 13:03:26"}],"edges":[{"edgeID":"1715188","fromID":"1305589","toID":"1305588","formEdgeID":null},{"edgeID":"1715189","fromID":"1305590","toID":"1305589","formEdgeID":null},{"edgeID":"1715190","fromID":"1305588","toID":"1305591","formEdgeID":null},{"edgeID":"1715191","fromID":"1305591","toID":"1142186","formEdgeID":null},{"edgeID":"1715192","fromID":"1305593","toID":"1305592","formEdgeID":null},{"edgeID":"1715193","fromID":"1305594","toID":"1305593","formEdgeID":null},{"edgeID":"1715194","fromID":"1305592","toID":"1305595","formEdgeID":null},{"edgeID":"1715195","fromID":"1305595","toID":"1142191","formEdgeID":null},{"edgeID":"1715196","fromID":"1142191","toID":"1305596","formEdgeID":null},{"edgeID":"1715197","fromID":"1305596","toID":"1142186","formEdgeID":null},{"edgeID":"1715198","fromID":"1305588","toID":"1305597","formEdgeID":null},{"edgeID":"1715199","fromID":"1305597","toID":"1305592","formEdgeID":null},{"edgeID":"1715200","fromID":"1305597","toID":"1305598","formEdgeID":null},{"edgeID":"1715201","fromID":"1305598","toID":"1305596","formEdgeID":null},{"edgeID":"1715202","fromID":"1305601","toID":"1305600","formEdgeID":null},{"edgeID":"1715203","fromID":"1305602","toID":"1305601","formEdgeID":null},{"edgeID":"1715204","fromID":"1305600","toID":"1305603","formEdgeID":null},{"edgeID":"1715205","fromID":"1305603","toID":"1305599","formEdgeID":null},{"edgeID":"1715206","fromID":"1305592","toID":"1305604","formEdgeID":null},{"edgeID":"1715207","fromID":"1305604","toID":"1305600","formEdgeID":null},{"edgeID":"1715208","fromID":"1142191","toID":"1305605","formEdgeID":null},{"edgeID":"1715209","fromID":"1305605","toID":"1305599","formEdgeID":null},{"edgeID":"1715210","fromID":"1305604","toID":"1305606","formEdgeID":null},{"edgeID":"1715211","fromID":"1305606","toID":"1305605","formEdgeID":null},{"edgeID":"1715212","fromID":"1305609","toID":"1305608","formEdgeID":null},{"edgeID":"1715213","fromID":"1305610","toID":"1305609","formEdgeID":null},{"edgeID":"1715214","fromID":"1305608","toID":"1305611","formEdgeID":null},{"edgeID":"1715215","fromID":"1305611","toID":"1305607","formEdgeID":null},{"edgeID":"1715216","fromID":"1305614","toID":"1305613","formEdgeID":null},{"edgeID":"1715217","fromID":"1305615","toID":"1305614","formEdgeID":null},{"edgeID":"1715218","fromID":"1305613","toID":"1305616","formEdgeID":null},{"edgeID":"1715219","fromID":"1305616","toID":"1305612","formEdgeID":null},{"edgeID":"1715220","fromID":"1305600","toID":"1305617","formEdgeID":null},{"edgeID":"1715221","fromID":"1305617","toID":"1305613","formEdgeID":null},{"edgeID":"1715222","fromID":"1305613","toID":"1305618","formEdgeID":null},{"edgeID":"1715223","fromID":"1305618","toID":"1305608","formEdgeID":null},{"edgeID":"1715224","fromID":"1305620","toID":"1305619","formEdgeID":null},{"edgeID":"1715225","fromID":"1305621","toID":"1305620","formEdgeID":null},{"edgeID":"1715226","fromID":"1305619","toID":"1305622","formEdgeID":null},{"edgeID":"1715227","fromID":"1305622","toID":"1142297","formEdgeID":null},{"edgeID":"1715228","fromID":"1142297","toID":"1305623","formEdgeID":null},{"edgeID":"1715229","fromID":"1305623","toID":"1305607","formEdgeID":null},{"edgeID":"1715230","fromID":"1305608","toID":"1305624","formEdgeID":null},{"edgeID":"1715231","fromID":"1305624","toID":"1305619","formEdgeID":null},{"edgeID":"1715232","fromID":"1305624","toID":"1305625","formEdgeID":null},{"edgeID":"1715233","fromID":"1305625","toID":"1305623","formEdgeID":null},{"edgeID":"1715234","fromID":"1305628","toID":"1305627","formEdgeID":null},{"edgeID":"1715235","fromID":"1305629","toID":"1305628","formEdgeID":null},{"edgeID":"1715236","fromID":"1305627","toID":"1305630","formEdgeID":null},{"edgeID":"1715237","fromID":"1305630","toID":"1305626","formEdgeID":null},{"edgeID":"1715238","fromID":"1305633","toID":"1305632","formEdgeID":null},{"edgeID":"1715239","fromID":"1305634","toID":"1305633","formEdgeID":null},{"edgeID":"1715240","fromID":"1305632","toID":"1305635","formEdgeID":null},{"edgeID":"1715241","fromID":"1305635","toID":"1305631","formEdgeID":null},{"edgeID":"1715242","fromID":"1305638","toID":"1305637","formEdgeID":null},{"edgeID":"1715243","fromID":"1305639","toID":"1305638","formEdgeID":null},{"edgeID":"1715244","fromID":"1305637","toID":"1305640","formEdgeID":null},{"edgeID":"1715245","fromID":"1305640","toID":"1305636","formEdgeID":null},{"edgeID":"1715246","fromID":"1305619","toID":"1305641","formEdgeID":null},{"edgeID":"1715247","fromID":"1305641","toID":"1305627","formEdgeID":null},{"edgeID":"1715248","fromID":"1305636","toID":"1305642","formEdgeID":null},{"edgeID":"1715249","fromID":"1305642","toID":"1305631","formEdgeID":null},{"edgeID":"1715250","fromID":"1305632","toID":"1305643","formEdgeID":null},{"edgeID":"1715251","fromID":"1305643","toID":"1305637","formEdgeID":null},{"edgeID":"1715252","fromID":"1305643","toID":"1305644","formEdgeID":null},{"edgeID":"1715253","fromID":"1305644","toID":"1305642","formEdgeID":null},{"edgeID":"1715254","fromID":"1305627","toID":"1305645","formEdgeID":null},{"edgeID":"1715255","fromID":"1305645","toID":"1305632","formEdgeID":null},{"edgeID":"1715256","fromID":"1305631","toID":"1305646","formEdgeID":null},{"edgeID":"1715257","fromID":"1305646","toID":"1305626","formEdgeID":null},{"edgeID":"1715258","fromID":"1305645","toID":"1305647","formEdgeID":null},{"edgeID":"1715259","fromID":"1305647","toID":"1305646","formEdgeID":null},{"edgeID":"1715260","fromID":"1305649","toID":"1305648","formEdgeID":null},{"edgeID":"1715261","fromID":"1305650","toID":"1305649","formEdgeID":null},{"edgeID":"1715262","fromID":"1305648","toID":"1305651","formEdgeID":null},{"edgeID":"1715263","fromID":"1305651","toID":"1142383","formEdgeID":null},{"edgeID":"1715264","fromID":"1305637","toID":"1305652","formEdgeID":null},{"edgeID":"1715265","fromID":"1305652","toID":"1305648","formEdgeID":null},{"edgeID":"1715266","fromID":"1305654","toID":"1305587","formEdgeID":null},{"edgeID":"1715267","fromID":"1305655","toID":"1305654","formEdgeID":null},{"edgeID":"1715268","fromID":"1305587","toID":"1305656","formEdgeID":null},{"edgeID":"1715269","fromID":"1305656","toID":"1305653","formEdgeID":null},{"edgeID":"1715270","fromID":"1305648","toID":"1305657","formEdgeID":null},{"edgeID":"1715271","fromID":"1305657","toID":"1305587","formEdgeID":null},{"edgeID":"1715272","fromID":"1305660","toID":"1305659","formEdgeID":null},{"edgeID":"1715273","fromID":"1305661","toID":"1305660","formEdgeID":null},{"edgeID":"1715274","fromID":"1305659","toID":"1305662","formEdgeID":null},{"edgeID":"1715275","fromID":"1305662","toID":"1305658","formEdgeID":null},{"edgeID":"1715276","fromID":"1305587","toID":"1305663","formEdgeID":null},{"edgeID":"1715277","fromID":"1305663","toID":"1305659","formEdgeID":null},{"edgeID":"1715278","fromID":"1305665","toID":"1305664","formEdgeID":null},{"edgeID":"1715279","fromID":"1305666","toID":"1305665","formEdgeID":null},{"edgeID":"1715280","fromID":"1305664","toID":"1305667","formEdgeID":null},{"edgeID":"1715281","fromID":"1305667","toID":"1142199","formEdgeID":null},{"edgeID":"1715282","fromID":"1305592","toID":"1305668","formEdgeID":null},{"edgeID":"1715283","fromID":"1305668","toID":"1305664","formEdgeID":null},{"edgeID":"1715284","fromID":"1142191","toID":"1305669","formEdgeID":null},{"edgeID":"1715285","fromID":"1305669","toID":"1142199","formEdgeID":null},{"edgeID":"1715286","fromID":"1305668","toID":"1305670","formEdgeID":null},{"edgeID":"1715287","fromID":"1305670","toID":"1305669","formEdgeID":null},{"edgeID":"1715288","fromID":"1305673","toID":"1305672","formEdgeID":null},{"edgeID":"1715289","fromID":"1305674","toID":"1305673","formEdgeID":null},{"edgeID":"1715290","fromID":"1305672","toID":"1305675","formEdgeID":null},{"edgeID":"1715291","fromID":"1305675","toID":"1305671","formEdgeID":null},{"edgeID":"1715292","fromID":"1305671","toID":"1305676","formEdgeID":null},{"edgeID":"1715293","fromID":"1305676","toID":"1142199","formEdgeID":null},{"edgeID":"1715294","fromID":"1305664","toID":"1305677","formEdgeID":null},{"edgeID":"1715295","fromID":"1305677","toID":"1305672","formEdgeID":null},{"edgeID":"1715296","fromID":"1305658","toID":"1305678","formEdgeID":null},{"edgeID":"1715297","fromID":"1305678","toID":"1305653","formEdgeID":null},{"edgeID":"1715298","fromID":"1305663","toID":"1305679","formEdgeID":null},{"edgeID":"1715299","fromID":"1305679","toID":"1305678","formEdgeID":null}],"locutions":[]}