{"nodes":[{"nodeID":"1145948","text":"AudienceMember 20220407QT13 feels powerless or not","type":"I","timestamp":"2023-04-20 10:17:13"},{"nodeID":"1145953","text":"AudienceMember 20220407QT13 feels powerless","type":"I","timestamp":"2023-04-20 10:17:16"},{"nodeID":"1145961","text":"AudienceMember 20220407QT14 doesn't think it's just necessarily a fear of Vladimir Putin","type":"I","timestamp":"2023-04-20 10:17:18"},{"nodeID":"1145969","text":"AudienceMember 20220407QT14 a lot of the time fears of Boris Johnson's mouth","type":"I","timestamp":"2023-04-20 10:17:20"},{"nodeID":"1145977","text":"Boris Johnson with his history of getting involved with various dictators has led to things like a prison sentence extension for Nazanin Zaghari-Ratcliff","type":"I","timestamp":"2023-04-20 10:17:23"},{"nodeID":"1145984","text":"it's not necessarily that people don't want to help","type":"I","timestamp":"2023-04-20 10:17:25"},{"nodeID":"1145990","text":"one thing that we could definitely do is accept more Ukrainian refugees","type":"I","timestamp":"2023-04-20 10:17:27"},{"nodeID":"1145996","text":"that's a way of helping Ukrainians without Boris Johnson going in, guns blazing","type":"I","timestamp":"2023-04-20 10:17:30"},{"nodeID":"1146004","text":"Boris Johnson is not someone that we can particularly trust, especially given the circumstances with Partygate","type":"I","timestamp":"2023-04-20 10:17:32"},{"nodeID":"1146015","text":"Zing Tsjeng agrees there's so much more that can be done to help the Ukrainian people, particularly the Ukrainian people who have already fled the country","type":"I","timestamp":"2023-04-20 10:17:34"},{"nodeID":"1146027","text":"only one in ten Ukrainians who have a valid visa to come here have actually arrived in the UK","type":"I","timestamp":"2023-04-20 10:17:37"},{"nodeID":"1146035","text":"the fact that only one in ten Ukrainians who have a valid visa to come here have actually arrived in the UK is shocking","type":"I","timestamp":"2023-04-20 10:17:39"},{"nodeID":"1307110","text":"Fiona Bruce: You feel powerless","type":"L","timestamp":"2023-11-09 13:05:24"},{"nodeID":"1307111","text":"Analysing","type":"YA","timestamp":"2023-11-09 13:05:24"},{"nodeID":"1307112","text":"Joanna: Fiona Bruce: You feel powerless","type":"L","timestamp":"2023-11-09 13:05:24"},{"nodeID":"1307113","text":"Pure Questioning","type":"YA","timestamp":"2023-11-09 13:05:24"},{"nodeID":"1307114","text":"AudienceMember 20220407QT13: powerless","type":"L","timestamp":"2023-11-09 13:05:24"},{"nodeID":"1307115","text":"Analysing","type":"YA","timestamp":"2023-11-09 13:05:24"},{"nodeID":"1307116","text":"Joanna: AudienceMember 20220407QT13: powerless","type":"L","timestamp":"2023-11-09 13:05:24"},{"nodeID":"1307117","text":"Asserting","type":"YA","timestamp":"2023-11-09 13:05:24"},{"nodeID":"1307118","text":"Default Transition","type":"TA","timestamp":"2023-11-09 13:05:24"},{"nodeID":"1307119","text":"Default Rephrase","type":"MA","timestamp":"2023-11-09 13:05:24"},{"nodeID":"1307120","text":"Default Illocuting","type":"YA","timestamp":"2023-11-09 13:05:24"},{"nodeID":"1307121","text":"AudienceMember 20220407QT14: I don't think it's just necessarily a fear of Vladimir Putin","type":"L","timestamp":"2023-11-09 13:05:25"},{"nodeID":"1307122","text":"Analysing","type":"YA","timestamp":"2023-11-09 13:05:25"},{"nodeID":"1307123","text":"Joanna: AudienceMember 20220407QT13: I don't think it's just necessarily a fear of Vladimir Putin","type":"L","timestamp":"2023-11-09 13:05:25"},{"nodeID":"1307124","text":"Asserting","type":"YA","timestamp":"2023-11-09 13:05:25"},{"nodeID":"1307125","text":"Default Rephrase","type":"MA","timestamp":"2023-11-09 13:05:25"},{"nodeID":"1307126","text":"Default Transition","type":"TA","timestamp":"2023-11-09 13:05:25"},{"nodeID":"1307127","text":"Restating","type":"YA","timestamp":"2023-11-09 13:05:25"},{"nodeID":"1307128","text":"AudienceMember 20220407QT14: a lot of the time it's a fear of Boris's mouth","type":"L","timestamp":"2023-11-09 13:05:25"},{"nodeID":"1307129","text":"Analysing","type":"YA","timestamp":"2023-11-09 13:05:25"},{"nodeID":"1307130","text":"Joanna: AudienceMember 20220407QT13: a lot of the time it's a fear of Boris's mouth","type":"L","timestamp":"2023-11-09 13:05:25"},{"nodeID":"1307131","text":"Asserting","type":"YA","timestamp":"2023-11-09 13:05:25"},{"nodeID":"1307132","text":"Default Transition","type":"TA","timestamp":"2023-11-09 13:05:25"},{"nodeID":"1307133","text":"Default Rephrase","type":"MA","timestamp":"2023-11-09 13:05:25"},{"nodeID":"1307134","text":"Restating","type":"YA","timestamp":"2023-11-09 13:05:25"},{"nodeID":"1307135","text":"AudienceMember 20220407QT14: Boris with his history of getting involved with various dictators has led to things like a prison sentence extension for Nazanin Zaghari-Ratcliff","type":"L","timestamp":"2023-11-09 13:05:26"},{"nodeID":"1307136","text":"Analysing","type":"YA","timestamp":"2023-11-09 13:05:26"},{"nodeID":"1307137","text":"Joanna: AudienceMember 20220407QT13: Boris with his history of getting involved with various dictators has led to things like a prison sentence extension for Nazanin Zaghari-Ratcliff","type":"L","timestamp":"2023-11-09 13:05:26"},{"nodeID":"1307138","text":"Asserting","type":"YA","timestamp":"2023-11-09 13:05:26"},{"nodeID":"1307139","text":"Default Transition","type":"TA","timestamp":"2023-11-09 13:05:26"},{"nodeID":"1307140","text":"Default Inference","type":"RA","timestamp":"2023-11-09 13:05:26"},{"nodeID":"1307141","text":"AudienceMember 20220407QT14: It's not necessarily that people don't want to help","type":"L","timestamp":"2023-11-09 13:05:26"},{"nodeID":"1307142","text":"Analysing","type":"YA","timestamp":"2023-11-09 13:05:26"},{"nodeID":"1307143","text":"Joanna: AudienceMember 20220407QT13: It's not necessarily that people don't want to help","type":"L","timestamp":"2023-11-09 13:05:26"},{"nodeID":"1307144","text":"Asserting","type":"YA","timestamp":"2023-11-09 13:05:26"},{"nodeID":"1307145","text":"Default Transition","type":"TA","timestamp":"2023-11-09 13:05:26"},{"nodeID":"1307146","text":"AudienceMember 20220407QT14: one thing that we could definitely do is accept more Ukrainian refugees","type":"L","timestamp":"2023-11-09 13:05:27"},{"nodeID":"1307147","text":"Analysing","type":"YA","timestamp":"2023-11-09 13:05:27"},{"nodeID":"1307148","text":"Joanna: AudienceMember 20220407QT14: one thing that we could definitely do is accept more Ukrainian refugees","type":"L","timestamp":"2023-11-09 13:05:27"},{"nodeID":"1307149","text":"Asserting","type":"YA","timestamp":"2023-11-09 13:05:27"},{"nodeID":"1307150","text":"Default Transition","type":"TA","timestamp":"2023-11-09 13:05:27"},{"nodeID":"1307151","text":"AudienceMember 20220407QT14: That's a way without Boris going in, guns blazing","type":"L","timestamp":"2023-11-09 13:05:28"},{"nodeID":"1307152","text":"Analysing","type":"YA","timestamp":"2023-11-09 13:05:28"},{"nodeID":"1307153","text":"Joanna: AudienceMember 20220407QT14: That's a way without Boris going in, guns blazing","type":"L","timestamp":"2023-11-09 13:05:28"},{"nodeID":"1307154","text":"Asserting","type":"YA","timestamp":"2023-11-09 13:05:28"},{"nodeID":"1307155","text":"Default Inference","type":"RA","timestamp":"2023-11-09 13:05:28"},{"nodeID":"1307156","text":"Arguing","type":"YA","timestamp":"2023-11-09 13:05:28"},{"nodeID":"1307157","text":"Default Transition","type":"TA","timestamp":"2023-11-09 13:05:28"},{"nodeID":"1307158","text":"AudienceMember 20220407QT14: is someone that we can particularly trust, especially given the circumstances with Partygate","type":"L","timestamp":"2023-11-09 13:05:28"},{"nodeID":"1307159","text":"Analysing","type":"YA","timestamp":"2023-11-09 13:05:28"},{"nodeID":"1307160","text":"Joanna: AudienceMember 20220407QT14: is someone that we can particularly trust, especially given the circumstances with Partygate","type":"L","timestamp":"2023-11-09 13:05:28"},{"nodeID":"1307161","text":"Asserting","type":"YA","timestamp":"2023-11-09 13:05:28"},{"nodeID":"1307162","text":"Default Transition","type":"TA","timestamp":"2023-11-09 13:05:28"},{"nodeID":"1307163","text":"Default Inference","type":"RA","timestamp":"2023-11-09 13:05:28"},{"nodeID":"1307164","text":"Arguing","type":"YA","timestamp":"2023-11-09 13:05:28"},{"nodeID":"1307165","text":"Default Rephrase","type":"MA","timestamp":"2023-11-09 13:05:28"},{"nodeID":"1307166","text":"Default Transition","type":"TA","timestamp":"2023-11-09 13:05:28"},{"nodeID":"1307167","text":"Restating","type":"YA","timestamp":"2023-11-09 13:05:28"},{"nodeID":"1307168","text":"Zing Tsjeng: I agree there's so much more that can be done to help the Ukrainian people, particularly the Ukrainian people who have already fled the country","type":"L","timestamp":"2023-11-09 13:05:29"},{"nodeID":"1307169","text":"Analysing","type":"YA","timestamp":"2023-11-09 13:05:29"},{"nodeID":"1307170","text":"Joanna: Zing Tsjeng: I agree there's so much more that can be done to help the Ukrainian people, particularly the Ukrainian people who have already fled the country","type":"L","timestamp":"2023-11-09 13:05:29"},{"nodeID":"1307171","text":"Asserting","type":"YA","timestamp":"2023-11-09 13:05:29"},{"nodeID":"1307172","text":"Default Transition","type":"TA","timestamp":"2023-11-09 13:05:29"},{"nodeID":"1307173","text":"Default Rephrase","type":"MA","timestamp":"2023-11-09 13:05:29"},{"nodeID":"1307174","text":"Default Transition","type":"TA","timestamp":"2023-11-09 13:05:29"},{"nodeID":"1307175","text":"Restating","type":"YA","timestamp":"2023-11-09 13:05:29"},{"nodeID":"1307176","text":"Default Inference","type":"RA","timestamp":"2023-11-09 13:05:29"},{"nodeID":"1307177","text":"Default Transition","type":"TA","timestamp":"2023-11-09 13:05:29"},{"nodeID":"1307178","text":"Agreeing","type":"YA","timestamp":"2023-11-09 13:05:29"},{"nodeID":"1307179","text":"Zing Tsjeng: Only one in ten Ukrainians who have a valid visa to come here have actually arrived in the UK","type":"L","timestamp":"2023-11-09 13:05:29"},{"nodeID":"1307180","text":"Analysing","type":"YA","timestamp":"2023-11-09 13:05:29"},{"nodeID":"1307181","text":"Joanna: Zing Tsjeng: Only one in ten Ukrainians who have a valid visa to come here have actually arrived in the UK","type":"L","timestamp":"2023-11-09 13:05:29"},{"nodeID":"1307182","text":"Asserting","type":"YA","timestamp":"2023-11-09 13:05:29"},{"nodeID":"1307183","text":"Default Transition","type":"TA","timestamp":"2023-11-09 13:05:29"},{"nodeID":"1307184","text":"Default Inference","type":"RA","timestamp":"2023-11-09 13:05:29"},{"nodeID":"1307185","text":"Arguing","type":"YA","timestamp":"2023-11-09 13:05:29"},{"nodeID":"1307186","text":"Zing Tsjeng: That is shocking","type":"L","timestamp":"2023-11-09 13:05:30"},{"nodeID":"1307187","text":"Analysing","type":"YA","timestamp":"2023-11-09 13:05:30"},{"nodeID":"1307188","text":"Joanna: Zing Tsjeng: That is shocking","type":"L","timestamp":"2023-11-09 13:05:30"},{"nodeID":"1307189","text":"Asserting","type":"YA","timestamp":"2023-11-09 13:05:30"},{"nodeID":"1307190","text":"Default Transition","type":"TA","timestamp":"2023-11-09 13:05:30"},{"nodeID":"1307191","text":"Default Rephrase","type":"MA","timestamp":"2023-11-09 13:05:30"},{"nodeID":"1307192","text":"Restating","type":"YA","timestamp":"2023-11-09 13:05:30"}],"edges":[{"edgeID":"1717002","fromID":"1307111","toID":"1307110","formEdgeID":null},{"edgeID":"1717003","fromID":"1307112","toID":"1307111","formEdgeID":null},{"edgeID":"1717004","fromID":"1307110","toID":"1307113","formEdgeID":null},{"edgeID":"1717005","fromID":"1307113","toID":"1145948","formEdgeID":null},{"edgeID":"1717006","fromID":"1307115","toID":"1307114","formEdgeID":null},{"edgeID":"1717007","fromID":"1307116","toID":"1307115","formEdgeID":null},{"edgeID":"1717008","fromID":"1307114","toID":"1307117","formEdgeID":null},{"edgeID":"1717009","fromID":"1307117","toID":"1145953","formEdgeID":null},{"edgeID":"1717010","fromID":"1307110","toID":"1307118","formEdgeID":null},{"edgeID":"1717011","fromID":"1307118","toID":"1307114","formEdgeID":null},{"edgeID":"1717012","fromID":"1145953","toID":"1307119","formEdgeID":null},{"edgeID":"1717013","fromID":"1307119","toID":"1145948","formEdgeID":null},{"edgeID":"1717014","fromID":"1307118","toID":"1307120","formEdgeID":null},{"edgeID":"1717015","fromID":"1307120","toID":"1307119","formEdgeID":null},{"edgeID":"1717016","fromID":"1307122","toID":"1307121","formEdgeID":null},{"edgeID":"1717017","fromID":"1307123","toID":"1307122","formEdgeID":null},{"edgeID":"1717018","fromID":"1307121","toID":"1307124","formEdgeID":null},{"edgeID":"1717019","fromID":"1307124","toID":"1145961","formEdgeID":null},{"edgeID":"1717020","fromID":"1145961","toID":"1307125","formEdgeID":null},{"edgeID":"1717021","fromID":"1307125","toID":"1145953","formEdgeID":null},{"edgeID":"1717022","fromID":"1307114","toID":"1307126","formEdgeID":null},{"edgeID":"1717023","fromID":"1307126","toID":"1307121","formEdgeID":null},{"edgeID":"1717024","fromID":"1307126","toID":"1307127","formEdgeID":null},{"edgeID":"1717025","fromID":"1307127","toID":"1307125","formEdgeID":null},{"edgeID":"1717026","fromID":"1307129","toID":"1307128","formEdgeID":null},{"edgeID":"1717027","fromID":"1307130","toID":"1307129","formEdgeID":null},{"edgeID":"1717028","fromID":"1307128","toID":"1307131","formEdgeID":null},{"edgeID":"1717029","fromID":"1307131","toID":"1145969","formEdgeID":null},{"edgeID":"1717030","fromID":"1307121","toID":"1307132","formEdgeID":null},{"edgeID":"1717031","fromID":"1307132","toID":"1307128","formEdgeID":null},{"edgeID":"1717032","fromID":"1145969","toID":"1307133","formEdgeID":null},{"edgeID":"1717033","fromID":"1307133","toID":"1145961","formEdgeID":null},{"edgeID":"1717034","fromID":"1307132","toID":"1307134","formEdgeID":null},{"edgeID":"1717035","fromID":"1307134","toID":"1307133","formEdgeID":null},{"edgeID":"1717036","fromID":"1307136","toID":"1307135","formEdgeID":null},{"edgeID":"1717037","fromID":"1307137","toID":"1307136","formEdgeID":null},{"edgeID":"1717038","fromID":"1307135","toID":"1307138","formEdgeID":null},{"edgeID":"1717039","fromID":"1307138","toID":"1145977","formEdgeID":null},{"edgeID":"1717040","fromID":"1307128","toID":"1307139","formEdgeID":null},{"edgeID":"1717041","fromID":"1307139","toID":"1307135","formEdgeID":null},{"edgeID":"1717042","fromID":"1145977","toID":"1307140","formEdgeID":null},{"edgeID":"1717043","fromID":"1307140","toID":"1145969","formEdgeID":null},{"edgeID":"1717044","fromID":"1307142","toID":"1307141","formEdgeID":null},{"edgeID":"1717045","fromID":"1307143","toID":"1307142","formEdgeID":null},{"edgeID":"1717046","fromID":"1307141","toID":"1307144","formEdgeID":null},{"edgeID":"1717047","fromID":"1307144","toID":"1145984","formEdgeID":null},{"edgeID":"1717048","fromID":"1307135","toID":"1307145","formEdgeID":null},{"edgeID":"1717049","fromID":"1307145","toID":"1307141","formEdgeID":null},{"edgeID":"1717050","fromID":"1307147","toID":"1307146","formEdgeID":null},{"edgeID":"1717051","fromID":"1307148","toID":"1307147","formEdgeID":null},{"edgeID":"1717052","fromID":"1307146","toID":"1307149","formEdgeID":null},{"edgeID":"1717053","fromID":"1307149","toID":"1145990","formEdgeID":null},{"edgeID":"1717054","fromID":"1307141","toID":"1307150","formEdgeID":null},{"edgeID":"1717055","fromID":"1307150","toID":"1307146","formEdgeID":null},{"edgeID":"1717056","fromID":"1307152","toID":"1307151","formEdgeID":null},{"edgeID":"1717057","fromID":"1307153","toID":"1307152","formEdgeID":null},{"edgeID":"1717058","fromID":"1307151","toID":"1307154","formEdgeID":null},{"edgeID":"1717059","fromID":"1307154","toID":"1145996","formEdgeID":null},{"edgeID":"1717060","fromID":"1145984","toID":"1307155","formEdgeID":null},{"edgeID":"1717061","fromID":"1307155","toID":"1145990","formEdgeID":null},{"edgeID":"1717062","fromID":"1307150","toID":"1307156","formEdgeID":null},{"edgeID":"1717063","fromID":"1307156","toID":"1307155","formEdgeID":null},{"edgeID":"1717064","fromID":"1307146","toID":"1307157","formEdgeID":null},{"edgeID":"1717065","fromID":"1307157","toID":"1307151","formEdgeID":null},{"edgeID":"1717066","fromID":"1307159","toID":"1307158","formEdgeID":null},{"edgeID":"1717067","fromID":"1307160","toID":"1307159","formEdgeID":null},{"edgeID":"1717068","fromID":"1307158","toID":"1307161","formEdgeID":null},{"edgeID":"1717069","fromID":"1307161","toID":"1146004","formEdgeID":null},{"edgeID":"1717070","fromID":"1307151","toID":"1307162","formEdgeID":null},{"edgeID":"1717071","fromID":"1307162","toID":"1307158","formEdgeID":null},{"edgeID":"1717072","fromID":"1146004","toID":"1307163","formEdgeID":null},{"edgeID":"1717073","fromID":"1307163","toID":"1145996","formEdgeID":null},{"edgeID":"1717074","fromID":"1307162","toID":"1307164","formEdgeID":null},{"edgeID":"1717075","fromID":"1307164","toID":"1307163","formEdgeID":null},{"edgeID":"1717076","fromID":"1146004","toID":"1307165","formEdgeID":null},{"edgeID":"1717077","fromID":"1307165","toID":"1145969","formEdgeID":null},{"edgeID":"1717078","fromID":"1307128","toID":"1307166","formEdgeID":null},{"edgeID":"1717079","fromID":"1307166","toID":"1307158","formEdgeID":null},{"edgeID":"1717080","fromID":"1307166","toID":"1307167","formEdgeID":null},{"edgeID":"1717081","fromID":"1307167","toID":"1307165","formEdgeID":null},{"edgeID":"1717082","fromID":"1307169","toID":"1307168","formEdgeID":null},{"edgeID":"1717083","fromID":"1307170","toID":"1307169","formEdgeID":null},{"edgeID":"1717084","fromID":"1307168","toID":"1307171","formEdgeID":null},{"edgeID":"1717085","fromID":"1307171","toID":"1146015","formEdgeID":null},{"edgeID":"1717086","fromID":"1307158","toID":"1307172","formEdgeID":null},{"edgeID":"1717087","fromID":"1307172","toID":"1307168","formEdgeID":null},{"edgeID":"1717088","fromID":"1146015","toID":"1307173","formEdgeID":null},{"edgeID":"1717089","fromID":"1307173","toID":"1145990","formEdgeID":null},{"edgeID":"1717090","fromID":"1307146","toID":"1307174","formEdgeID":null},{"edgeID":"1717091","fromID":"1307174","toID":"1307168","formEdgeID":null},{"edgeID":"1717092","fromID":"1307174","toID":"1307175","formEdgeID":null},{"edgeID":"1717093","fromID":"1307175","toID":"1307173","formEdgeID":null},{"edgeID":"1717094","fromID":"1146015","toID":"1307176","formEdgeID":null},{"edgeID":"1717095","fromID":"1307176","toID":"1145984","formEdgeID":null},{"edgeID":"1717096","fromID":"1307141","toID":"1307177","formEdgeID":null},{"edgeID":"1717097","fromID":"1307177","toID":"1307168","formEdgeID":null},{"edgeID":"1717098","fromID":"1307177","toID":"1307178","formEdgeID":null},{"edgeID":"1717099","fromID":"1307178","toID":"1307176","formEdgeID":null},{"edgeID":"1717100","fromID":"1307180","toID":"1307179","formEdgeID":null},{"edgeID":"1717101","fromID":"1307181","toID":"1307180","formEdgeID":null},{"edgeID":"1717102","fromID":"1307179","toID":"1307182","formEdgeID":null},{"edgeID":"1717103","fromID":"1307182","toID":"1146027","formEdgeID":null},{"edgeID":"1717104","fromID":"1307168","toID":"1307183","formEdgeID":null},{"edgeID":"1717105","fromID":"1307183","toID":"1307179","formEdgeID":null},{"edgeID":"1717106","fromID":"1146027","toID":"1307184","formEdgeID":null},{"edgeID":"1717107","fromID":"1307184","toID":"1146015","formEdgeID":null},{"edgeID":"1717108","fromID":"1307183","toID":"1307185","formEdgeID":null},{"edgeID":"1717109","fromID":"1307185","toID":"1307184","formEdgeID":null},{"edgeID":"1717110","fromID":"1307187","toID":"1307186","formEdgeID":null},{"edgeID":"1717111","fromID":"1307188","toID":"1307187","formEdgeID":null},{"edgeID":"1717112","fromID":"1307186","toID":"1307189","formEdgeID":null},{"edgeID":"1717113","fromID":"1307189","toID":"1146035","formEdgeID":null},{"edgeID":"1717114","fromID":"1307179","toID":"1307190","formEdgeID":null},{"edgeID":"1717115","fromID":"1307190","toID":"1307186","formEdgeID":null},{"edgeID":"1717116","fromID":"1146035","toID":"1307191","formEdgeID":null},{"edgeID":"1717117","fromID":"1307191","toID":"1146027","formEdgeID":null},{"edgeID":"1717118","fromID":"1307190","toID":"1307192","formEdgeID":null},{"edgeID":"1717119","fromID":"1307192","toID":"1307191","formEdgeID":null}],"locutions":[]}