{"nodes":[{"nodeID":"1307488","text":"Fiona Bruce thinks this is a story that was broken last night or earlier today","type":"I","timestamp":"2023-11-09 13:05:55"},{"nodeID":"1307489","text":"Fiona Bruce: this is a story that was broken last night, I think it was, or it was earlier today","type":"L","timestamp":"2023-11-09 13:05:55"},{"nodeID":"1307490","text":"Analysing","type":"YA","timestamp":"2023-11-09 13:05:55"},{"nodeID":"1307491","text":"Calum: Fiona Bruce: this is a story that was broken last night, I think it was, or it was earlier today","type":"L","timestamp":"2023-11-09 13:05:55"},{"nodeID":"1307492","text":"Asserting","type":"YA","timestamp":"2023-11-09 13:05:55"},{"nodeID":"1307493","text":"Rishi Sunak's wife has non-domiciled status","type":"I","timestamp":"2023-11-09 13:05:56"},{"nodeID":"1307494","text":"Fiona Bruce: Rishi Sunak's wife has non-domiciled status","type":"L","timestamp":"2023-11-09 13:05:56"},{"nodeID":"1307495","text":"Analysing","type":"YA","timestamp":"2023-11-09 13:05:56"},{"nodeID":"1307496","text":"Calum: Fiona Bruce: Rishi Sunak's wife has non-domiciled status","type":"L","timestamp":"2023-11-09 13:05:56"},{"nodeID":"1307497","text":"Asserting","type":"YA","timestamp":"2023-11-09 13:05:56"},{"nodeID":"1307498","text":"Akshata Murthy doesn't have to pay UK tax on income she earns abroad","type":"I","timestamp":"2023-11-09 13:05:57"},{"nodeID":"1307499","text":"Fiona Bruce: she doesn't have to pay UK tax on income she earns abroad","type":"L","timestamp":"2023-11-09 13:05:57"},{"nodeID":"1307500","text":"Analysing","type":"YA","timestamp":"2023-11-09 13:05:57"},{"nodeID":"1307501","text":"Calum: Fiona Bruce: she doesn't have to pay UK tax on income she earns abroad","type":"L","timestamp":"2023-11-09 13:05:57"},{"nodeID":"1307502","text":"Asserting","type":"YA","timestamp":"2023-11-09 13:05:57"},{"nodeID":"1307503","text":"it is a considerable income of many millions of pounds that Akshata Murthy earns abroad","type":"I","timestamp":"2023-11-09 13:05:57"},{"nodeID":"1307504","text":"Fiona Bruce: it is a considerable income of many millions of pounds that she earns abroad","type":"L","timestamp":"2023-11-09 13:05:57"},{"nodeID":"1307505","text":"Analysing","type":"YA","timestamp":"2023-11-09 13:05:57"},{"nodeID":"1307506","text":"Calum: Fiona Bruce: it is a considerable income of many millions of pounds that she earns abroad","type":"L","timestamp":"2023-11-09 13:05:57"},{"nodeID":"1307507","text":"Asserting","type":"YA","timestamp":"2023-11-09 13:05:57"},{"nodeID":"1307508","text":"Greg Hands probably knows more about Akshata Murthy's non-domiciled status","type":"I","timestamp":"2023-11-09 13:05:58"},{"nodeID":"1307509","text":"Fiona Bruce: you probably know more about it, Greg","type":"L","timestamp":"2023-11-09 13:05:58"},{"nodeID":"1307510","text":"Analysing","type":"YA","timestamp":"2023-11-09 13:05:58"},{"nodeID":"1307511","text":"Calum: Fiona Bruce: you probably know more about it, Greg","type":"L","timestamp":"2023-11-09 13:05:58"},{"nodeID":"1307512","text":"Asserting","type":"YA","timestamp":"2023-11-09 13:05:58"},{"nodeID":"1307513","text":"Default Transition","type":"TA","timestamp":"2023-11-09 13:05:58"},{"nodeID":"1307514","text":"Akshata Murthy not paying UK tax in income she earns abroad is entirely legal","type":"I","timestamp":"2023-11-09 13:05:58"},{"nodeID":"1307515","text":"Fiona Bruce: It is entirely legal","type":"L","timestamp":"2023-11-09 13:05:58"},{"nodeID":"1307516","text":"Analysing","type":"YA","timestamp":"2023-11-09 13:05:58"},{"nodeID":"1307517","text":"Calum: Fiona Bruce: It is entirely legal","type":"L","timestamp":"2023-11-09 13:05:58"},{"nodeID":"1307518","text":"Asserting","type":"YA","timestamp":"2023-11-09 13:05:58"},{"nodeID":"1307519","text":"Default Transition","type":"TA","timestamp":"2023-11-09 13:05:58"},{"nodeID":"1307520","text":"Default Inference","type":"RA","timestamp":"2023-11-09 13:05:58"},{"nodeID":"1307521","text":"Arguing","type":"YA","timestamp":"2023-11-09 13:05:58"},{"nodeID":"1307522","text":"Default Transition","type":"TA","timestamp":"2023-11-09 13:05:58"},{"nodeID":"1307523","text":"Default Transition","type":"TA","timestamp":"2023-11-09 13:05:58"},{"nodeID":"1307524","text":"Default Transition","type":"TA","timestamp":"2023-11-09 13:05:58"},{"nodeID":"1307525","text":"Greg Hands does not know about Rishi Sunak's wife's tax affairs","type":"I","timestamp":"2023-11-09 13:05:59"},{"nodeID":"1307526","text":"Greg Hands: I don't know about Rishi Sunak's wife's tax affairs","type":"L","timestamp":"2023-11-09 13:05:59"},{"nodeID":"1307527","text":"Analysing","type":"YA","timestamp":"2023-11-09 13:05:59"},{"nodeID":"1307528","text":"Calum: Greg Hands: I don't know about Rishi Sunak's wife's tax affairs","type":"L","timestamp":"2023-11-09 13:05:59"},{"nodeID":"1307529","text":"Asserting","type":"YA","timestamp":"2023-11-09 13:05:59"},{"nodeID":"1307530","text":"Greg Hands should not know about Rishi Sunak's wife's tax affairs","type":"I","timestamp":"2023-11-09 13:05:59"},{"nodeID":"1307531","text":"Greg Hands: nor should I","type":"L","timestamp":"2023-11-09 13:05:59"},{"nodeID":"1307532","text":"Analysing","type":"YA","timestamp":"2023-11-09 13:05:59"},{"nodeID":"1307533","text":"Calum: Greg Hands: nor should I","type":"L","timestamp":"2023-11-09 13:05:59"},{"nodeID":"1307534","text":"Asserting","type":"YA","timestamp":"2023-11-09 13:05:59"},{"nodeID":"1307535","text":"Akshata Murthy is a private citizen","type":"I","timestamp":"2023-11-09 13:06:00"},{"nodeID":"1307536","text":"Greg Hands: she is a private citizen","type":"L","timestamp":"2023-11-09 13:06:00"},{"nodeID":"1307537","text":"Analysing","type":"YA","timestamp":"2023-11-09 13:06:00"},{"nodeID":"1307538","text":"Calum: Greg Hands: she is a private citizen","type":"L","timestamp":"2023-11-09 13:06:00"},{"nodeID":"1307539","text":"Asserting","type":"YA","timestamp":"2023-11-09 13:06:00"},{"nodeID":"1307540","text":"it is wrong for us to be going down a road of attacking","type":"I","timestamp":"2023-11-09 13:06:01"},{"nodeID":"1307541","text":"Greg Hands: it is wrong for us to be going down a road of attacking","type":"L","timestamp":"2023-11-09 13:06:01"},{"nodeID":"1307542","text":"Analysing","type":"YA","timestamp":"2023-11-09 13:06:01"},{"nodeID":"1307543","text":"Calum: Greg Hands: it is wrong for us to be going down a road of attacking","type":"L","timestamp":"2023-11-09 13:06:01"},{"nodeID":"1307544","text":"Asserting","type":"YA","timestamp":"2023-11-09 13:06:01"},{"nodeID":"1307545","text":"Greg Hands remembers when Emily Thornberry got attacked for what her husband does in the House of Commons","type":"I","timestamp":"2023-11-09 13:06:01"},{"nodeID":"1307546","text":"Greg Hands: I remember when Emily got attacked for what her husband does in the House of Commons","type":"L","timestamp":"2023-11-09 13:06:01"},{"nodeID":"1307547","text":"Analysing","type":"YA","timestamp":"2023-11-09 13:06:01"},{"nodeID":"1307548","text":"Calum: Greg Hands: I remember when Emily got attacked for what her husband does in the House of Commons","type":"L","timestamp":"2023-11-09 13:06:01"},{"nodeID":"1307549","text":"Asserting","type":"YA","timestamp":"2023-11-09 13:06:01"},{"nodeID":"1307550","text":"Christopher Nugee wasn't attacked","type":"I","timestamp":"2023-11-09 13:06:02"},{"nodeID":"1307551","text":"Emily Thornberry: He wasn't attacked","type":"L","timestamp":"2023-11-09 13:06:02"},{"nodeID":"1307552","text":"Analysing","type":"YA","timestamp":"2023-11-09 13:06:02"},{"nodeID":"1307553","text":"Calum: Emily Thornberry: He wasn't attacked","type":"L","timestamp":"2023-11-09 13:06:02"},{"nodeID":"1307554","text":"Asserting","type":"YA","timestamp":"2023-11-09 13:06:02"},{"nodeID":"1307555","text":"Christopher Nugee is a judge, that's all","type":"I","timestamp":"2023-11-09 13:06:02"},{"nodeID":"1307556","text":"Emily Thornberry: He's a judge, that's all","type":"L","timestamp":"2023-11-09 13:06:02"},{"nodeID":"1307557","text":"Analysing","type":"YA","timestamp":"2023-11-09 13:06:02"},{"nodeID":"1307558","text":"Calum: Emily Thornberry: He's a judge, that's all","type":"L","timestamp":"2023-11-09 13:06:02"},{"nodeID":"1307559","text":"Asserting","type":"YA","timestamp":"2023-11-09 13:06:02"},{"nodeID":"1307560","text":"a judge is a terrible thing to be, clearly","type":"I","timestamp":"2023-11-09 13:06:03"},{"nodeID":"1307561","text":"Fiona Bruce: What a terrible thing to be, clearly","type":"L","timestamp":"2023-11-09 13:06:03"},{"nodeID":"1307562","text":"Analysing","type":"YA","timestamp":"2023-11-09 13:06:03"},{"nodeID":"1307563","text":"Calum: Fiona Bruce: What a terrible thing to be, clearly","type":"L","timestamp":"2023-11-09 13:06:03"},{"nodeID":"1307564","text":"Asserting","type":"YA","timestamp":"2023-11-09 13:06:03"},{"nodeID":"1307565","text":"Cherie Blair got quite a bit of stick","type":"I","timestamp":"2023-11-09 13:06:03"},{"nodeID":"1307566","text":"Fiona Bruce: Cherie Blair got quite a bit of stick, didn't she","type":"L","timestamp":"2023-11-09 13:06:03"},{"nodeID":"1307567","text":"Analysing","type":"YA","timestamp":"2023-11-09 13:06:03"},{"nodeID":"1307568","text":"Calum: Fiona Bruce: Cherie Blair got quite a bit of stick, didn't she","type":"L","timestamp":"2023-11-09 13:06:03"},{"nodeID":"1307569","text":"Assertive Questioning","type":"YA","timestamp":"2023-11-09 13:06:03"},{"nodeID":"1307570","text":"Default Transition","type":"TA","timestamp":"2023-11-09 13:06:03"},{"nodeID":"1307571","text":"Default Conflict","type":"CA","timestamp":"2023-11-09 13:06:03"},{"nodeID":"1307572","text":"Disagreeing","type":"YA","timestamp":"2023-11-09 13:06:03"},{"nodeID":"1307573","text":"Default Transition","type":"TA","timestamp":"2023-11-09 13:06:03"},{"nodeID":"1307574","text":"Default Rephrase","type":"MA","timestamp":"2023-11-09 13:06:03"},{"nodeID":"1307575","text":"Restating","type":"YA","timestamp":"2023-11-09 13:06:03"},{"nodeID":"1307576","text":"Default Inference","type":"RA","timestamp":"2023-11-09 13:06:03"},{"nodeID":"1307577","text":"Default Transition","type":"TA","timestamp":"2023-11-09 13:06:03"},{"nodeID":"1307578","text":"Default Transition","type":"TA","timestamp":"2023-11-09 13:06:03"},{"nodeID":"1307579","text":"Arguing","type":"YA","timestamp":"2023-11-09 13:06:03"},{"nodeID":"1307580","text":"Default Transition","type":"TA","timestamp":"2023-11-09 13:06:03"},{"nodeID":"1307581","text":"Default Inference","type":"RA","timestamp":"2023-11-09 13:06:03"},{"nodeID":"1307582","text":"Arguing","type":"YA","timestamp":"2023-11-09 13:06:03"},{"nodeID":"1307583","text":"Default Transition","type":"TA","timestamp":"2023-11-09 13:06:03"},{"nodeID":"1307584","text":"Default Conflict","type":"CA","timestamp":"2023-11-09 13:06:03"},{"nodeID":"1307585","text":"Disagreeing","type":"YA","timestamp":"2023-11-09 13:06:03"},{"nodeID":"1307586","text":"Default Transition","type":"TA","timestamp":"2023-11-09 13:06:03"},{"nodeID":"1307587","text":"Default Transition","type":"TA","timestamp":"2023-11-09 13:06:03"},{"nodeID":"1307588","text":"Default Transition","type":"TA","timestamp":"2023-11-09 13:06:03"},{"nodeID":"1307589","text":"Greg Hands is not supporting the stick that Cherie Blair got","type":"I","timestamp":"2023-11-09 13:06:04"},{"nodeID":"1307590","text":"Greg Hands: I'm not supporting that","type":"L","timestamp":"2023-11-09 13:06:04"},{"nodeID":"1307591","text":"Analysing","type":"YA","timestamp":"2023-11-09 13:06:04"},{"nodeID":"1307592","text":"Calum: Greg Hands: I'm not supporting that","type":"L","timestamp":"2023-11-09 13:06:04"},{"nodeID":"1307593","text":"Asserting","type":"YA","timestamp":"2023-11-09 13:06:04"},{"nodeID":"1307594","text":"Default Transition","type":"TA","timestamp":"2023-11-09 13:06:04"},{"nodeID":"1307595","text":"we have to be really careful about what we say about politicians' spouses and relatives","type":"I","timestamp":"2023-11-09 13:06:05"},{"nodeID":"1307596","text":"Greg Hands: we have to be really careful about what we say about politicians' spouses and relatives","type":"L","timestamp":"2023-11-09 13:06:05"},{"nodeID":"1307597","text":"Analysing","type":"YA","timestamp":"2023-11-09 13:06:05"},{"nodeID":"1307598","text":"Calum: Greg Hands: we have to be really careful about what we say about politicians' spouses and relatives","type":"L","timestamp":"2023-11-09 13:06:05"},{"nodeID":"1307599","text":"Asserting","type":"YA","timestamp":"2023-11-09 13:06:05"},{"nodeID":"1307600","text":"Greg Hands does or does not think it's right that Akshata Murthy should be a non-dom","type":"I","timestamp":"2023-11-09 13:06:05"},{"nodeID":"1307601","text":"Fiona Bruce: Do you think it's right that she should be a non-dom","type":"L","timestamp":"2023-11-09 13:06:05"},{"nodeID":"1307602","text":"Analysing","type":"YA","timestamp":"2023-11-09 13:06:05"},{"nodeID":"1307603","text":"Calum: Fiona Bruce: Do you think it's right that she should be a non-dom","type":"L","timestamp":"2023-11-09 13:06:05"},{"nodeID":"1307604","text":"Pure Questioning","type":"YA","timestamp":"2023-11-09 13:06:05"},{"nodeID":"1307605","text":"Default Transition","type":"TA","timestamp":"2023-11-09 13:06:05"},{"nodeID":"1307606","text":"Default Transition","type":"TA","timestamp":"2023-11-09 13:06:05"},{"nodeID":"1307607","text":"Default Inference","type":"RA","timestamp":"2023-11-09 13:06:05"},{"nodeID":"1307608","text":"Arguing","type":"YA","timestamp":"2023-11-09 13:06:05"}],"edges":[{"edgeID":"1717458","fromID":"1307490","toID":"1307489","formEdgeID":null},{"edgeID":"1717459","fromID":"1307491","toID":"1307490","formEdgeID":null},{"edgeID":"1717460","fromID":"1307489","toID":"1307492","formEdgeID":null},{"edgeID":"1717461","fromID":"1307492","toID":"1307488","formEdgeID":null},{"edgeID":"1717462","fromID":"1307495","toID":"1307494","formEdgeID":null},{"edgeID":"1717463","fromID":"1307496","toID":"1307495","formEdgeID":null},{"edgeID":"1717464","fromID":"1307494","toID":"1307497","formEdgeID":null},{"edgeID":"1717465","fromID":"1307497","toID":"1307493","formEdgeID":null},{"edgeID":"1717466","fromID":"1307500","toID":"1307499","formEdgeID":null},{"edgeID":"1717467","fromID":"1307501","toID":"1307500","formEdgeID":null},{"edgeID":"1717468","fromID":"1307499","toID":"1307502","formEdgeID":null},{"edgeID":"1717469","fromID":"1307502","toID":"1307498","formEdgeID":null},{"edgeID":"1717470","fromID":"1307505","toID":"1307504","formEdgeID":null},{"edgeID":"1717471","fromID":"1307506","toID":"1307505","formEdgeID":null},{"edgeID":"1717472","fromID":"1307504","toID":"1307507","formEdgeID":null},{"edgeID":"1717473","fromID":"1307507","toID":"1307503","formEdgeID":null},{"edgeID":"1717474","fromID":"1307510","toID":"1307509","formEdgeID":null},{"edgeID":"1717475","fromID":"1307511","toID":"1307510","formEdgeID":null},{"edgeID":"1717476","fromID":"1307509","toID":"1307512","formEdgeID":null},{"edgeID":"1717477","fromID":"1307512","toID":"1307508","formEdgeID":null},{"edgeID":"1717478","fromID":"1307489","toID":"1307513","formEdgeID":null},{"edgeID":"1717479","fromID":"1307513","toID":"1307494","formEdgeID":null},{"edgeID":"1717480","fromID":"1307516","toID":"1307515","formEdgeID":null},{"edgeID":"1717481","fromID":"1307517","toID":"1307516","formEdgeID":null},{"edgeID":"1717482","fromID":"1307515","toID":"1307518","formEdgeID":null},{"edgeID":"1717483","fromID":"1307518","toID":"1307514","formEdgeID":null},{"edgeID":"1717484","fromID":"1307494","toID":"1307519","formEdgeID":null},{"edgeID":"1717485","fromID":"1307519","toID":"1307499","formEdgeID":null},{"edgeID":"1717486","fromID":"1307493","toID":"1307520","formEdgeID":null},{"edgeID":"1717487","fromID":"1307520","toID":"1307498","formEdgeID":null},{"edgeID":"1717488","fromID":"1307519","toID":"1307521","formEdgeID":null},{"edgeID":"1717489","fromID":"1307521","toID":"1307520","formEdgeID":null},{"edgeID":"1717490","fromID":"1307499","toID":"1307522","formEdgeID":null},{"edgeID":"1717491","fromID":"1307522","toID":"1307504","formEdgeID":null},{"edgeID":"1717492","fromID":"1307504","toID":"1307523","formEdgeID":null},{"edgeID":"1717493","fromID":"1307523","toID":"1307515","formEdgeID":null},{"edgeID":"1717494","fromID":"1307515","toID":"1307524","formEdgeID":null},{"edgeID":"1717495","fromID":"1307524","toID":"1307509","formEdgeID":null},{"edgeID":"1717496","fromID":"1307527","toID":"1307526","formEdgeID":null},{"edgeID":"1717497","fromID":"1307528","toID":"1307527","formEdgeID":null},{"edgeID":"1717498","fromID":"1307526","toID":"1307529","formEdgeID":null},{"edgeID":"1717499","fromID":"1307529","toID":"1307525","formEdgeID":null},{"edgeID":"1717500","fromID":"1307532","toID":"1307531","formEdgeID":null},{"edgeID":"1717501","fromID":"1307533","toID":"1307532","formEdgeID":null},{"edgeID":"1717502","fromID":"1307531","toID":"1307534","formEdgeID":null},{"edgeID":"1717503","fromID":"1307534","toID":"1307530","formEdgeID":null},{"edgeID":"1717504","fromID":"1307537","toID":"1307536","formEdgeID":null},{"edgeID":"1717505","fromID":"1307538","toID":"1307537","formEdgeID":null},{"edgeID":"1717506","fromID":"1307536","toID":"1307539","formEdgeID":null},{"edgeID":"1717507","fromID":"1307539","toID":"1307535","formEdgeID":null},{"edgeID":"1717508","fromID":"1307542","toID":"1307541","formEdgeID":null},{"edgeID":"1717509","fromID":"1307543","toID":"1307542","formEdgeID":null},{"edgeID":"1717510","fromID":"1307541","toID":"1307544","formEdgeID":null},{"edgeID":"1717511","fromID":"1307544","toID":"1307540","formEdgeID":null},{"edgeID":"1717512","fromID":"1307547","toID":"1307546","formEdgeID":null},{"edgeID":"1717513","fromID":"1307548","toID":"1307547","formEdgeID":null},{"edgeID":"1717514","fromID":"1307546","toID":"1307549","formEdgeID":null},{"edgeID":"1717515","fromID":"1307549","toID":"1307545","formEdgeID":null},{"edgeID":"1717516","fromID":"1307552","toID":"1307551","formEdgeID":null},{"edgeID":"1717517","fromID":"1307553","toID":"1307552","formEdgeID":null},{"edgeID":"1717518","fromID":"1307551","toID":"1307554","formEdgeID":null},{"edgeID":"1717519","fromID":"1307554","toID":"1307550","formEdgeID":null},{"edgeID":"1717520","fromID":"1307557","toID":"1307556","formEdgeID":null},{"edgeID":"1717521","fromID":"1307558","toID":"1307557","formEdgeID":null},{"edgeID":"1717522","fromID":"1307556","toID":"1307559","formEdgeID":null},{"edgeID":"1717523","fromID":"1307559","toID":"1307555","formEdgeID":null},{"edgeID":"1717524","fromID":"1307562","toID":"1307561","formEdgeID":null},{"edgeID":"1717525","fromID":"1307563","toID":"1307562","formEdgeID":null},{"edgeID":"1717526","fromID":"1307561","toID":"1307564","formEdgeID":null},{"edgeID":"1717527","fromID":"1307564","toID":"1307560","formEdgeID":null},{"edgeID":"1717528","fromID":"1307567","toID":"1307566","formEdgeID":null},{"edgeID":"1717529","fromID":"1307568","toID":"1307567","formEdgeID":null},{"edgeID":"1717530","fromID":"1307566","toID":"1307569","formEdgeID":null},{"edgeID":"1717531","fromID":"1307569","toID":"1307565","formEdgeID":null},{"edgeID":"1717532","fromID":"1307509","toID":"1307570","formEdgeID":null},{"edgeID":"1717533","fromID":"1307570","toID":"1307526","formEdgeID":null},{"edgeID":"1717534","fromID":"1307525","toID":"1307571","formEdgeID":null},{"edgeID":"1717535","fromID":"1307571","toID":"1307508","formEdgeID":null},{"edgeID":"1717536","fromID":"1307570","toID":"1307572","formEdgeID":null},{"edgeID":"1717537","fromID":"1307572","toID":"1307571","formEdgeID":null},{"edgeID":"1717538","fromID":"1307526","toID":"1307573","formEdgeID":null},{"edgeID":"1717539","fromID":"1307573","toID":"1307531","formEdgeID":null},{"edgeID":"1717540","fromID":"1307530","toID":"1307574","formEdgeID":null},{"edgeID":"1717541","fromID":"1307574","toID":"1307525","formEdgeID":null},{"edgeID":"1717542","fromID":"1307573","toID":"1307575","formEdgeID":null},{"edgeID":"1717543","fromID":"1307575","toID":"1307574","formEdgeID":null},{"edgeID":"1717544","fromID":"1307535","toID":"1307576","formEdgeID":null},{"edgeID":"1717545","fromID":"1307576","toID":"1307530","formEdgeID":null},{"edgeID":"1717546","fromID":"1307540","toID":"1307576","formEdgeID":null},{"edgeID":"1717547","fromID":"1307531","toID":"1307577","formEdgeID":null},{"edgeID":"1717548","fromID":"1307577","toID":"1307536","formEdgeID":null},{"edgeID":"1717549","fromID":"1307531","toID":"1307578","formEdgeID":null},{"edgeID":"1717550","fromID":"1307578","toID":"1307541","formEdgeID":null},{"edgeID":"1717551","fromID":"1307578","toID":"1307579","formEdgeID":null},{"edgeID":"1717552","fromID":"1307579","toID":"1307576","formEdgeID":null},{"edgeID":"1717553","fromID":"1307541","toID":"1307580","formEdgeID":null},{"edgeID":"1717554","fromID":"1307580","toID":"1307546","formEdgeID":null},{"edgeID":"1717555","fromID":"1307545","toID":"1307581","formEdgeID":null},{"edgeID":"1717556","fromID":"1307581","toID":"1307540","formEdgeID":null},{"edgeID":"1717557","fromID":"1307580","toID":"1307582","formEdgeID":null},{"edgeID":"1717558","fromID":"1307582","toID":"1307581","formEdgeID":null},{"edgeID":"1717559","fromID":"1307546","toID":"1307583","formEdgeID":null},{"edgeID":"1717560","fromID":"1307583","toID":"1307551","formEdgeID":null},{"edgeID":"1717561","fromID":"1307550","toID":"1307584","formEdgeID":null},{"edgeID":"1717562","fromID":"1307584","toID":"1307545","formEdgeID":null},{"edgeID":"1717563","fromID":"1307583","toID":"1307585","formEdgeID":null},{"edgeID":"1717564","fromID":"1307585","toID":"1307584","formEdgeID":null},{"edgeID":"1717565","fromID":"1307551","toID":"1307586","formEdgeID":null},{"edgeID":"1717566","fromID":"1307586","toID":"1307556","formEdgeID":null},{"edgeID":"1717567","fromID":"1307556","toID":"1307587","formEdgeID":null},{"edgeID":"1717568","fromID":"1307587","toID":"1307561","formEdgeID":null},{"edgeID":"1717569","fromID":"1307561","toID":"1307588","formEdgeID":null},{"edgeID":"1717570","fromID":"1307588","toID":"1307566","formEdgeID":null},{"edgeID":"1717571","fromID":"1307591","toID":"1307590","formEdgeID":null},{"edgeID":"1717572","fromID":"1307592","toID":"1307591","formEdgeID":null},{"edgeID":"1717573","fromID":"1307590","toID":"1307593","formEdgeID":null},{"edgeID":"1717574","fromID":"1307593","toID":"1307589","formEdgeID":null},{"edgeID":"1717575","fromID":"1307566","toID":"1307594","formEdgeID":null},{"edgeID":"1717576","fromID":"1307594","toID":"1307590","formEdgeID":null},{"edgeID":"1717577","fromID":"1307597","toID":"1307596","formEdgeID":null},{"edgeID":"1717578","fromID":"1307598","toID":"1307597","formEdgeID":null},{"edgeID":"1717579","fromID":"1307596","toID":"1307599","formEdgeID":null},{"edgeID":"1717580","fromID":"1307599","toID":"1307595","formEdgeID":null},{"edgeID":"1717581","fromID":"1307602","toID":"1307601","formEdgeID":null},{"edgeID":"1717582","fromID":"1307603","toID":"1307602","formEdgeID":null},{"edgeID":"1717583","fromID":"1307601","toID":"1307604","formEdgeID":null},{"edgeID":"1717584","fromID":"1307604","toID":"1307600","formEdgeID":null},{"edgeID":"1717585","fromID":"1307590","toID":"1307605","formEdgeID":null},{"edgeID":"1717586","fromID":"1307605","toID":"1307596","formEdgeID":null},{"edgeID":"1717587","fromID":"1307596","toID":"1307606","formEdgeID":null},{"edgeID":"1717588","fromID":"1307606","toID":"1307601","formEdgeID":null},{"edgeID":"1717589","fromID":"1307565","toID":"1307607","formEdgeID":null},{"edgeID":"1717590","fromID":"1307607","toID":"1307589","formEdgeID":null},{"edgeID":"1717591","fromID":"1307594","toID":"1307608","formEdgeID":null},{"edgeID":"1717592","fromID":"1307608","toID":"1307607","formEdgeID":null}],"locutions":[]}