{"nodes":[{"nodeID":"1305332","text":"xxx is what's likely to happen with fracking","type":"I","timestamp":"2023-11-09 13:02:57"},{"nodeID":"1305333","text":"Fiona Bruce: what's likely to happen with fracking","type":"L","timestamp":"2023-11-09 13:02:57"},{"nodeID":"1305334","text":"Analysing","type":"YA","timestamp":"2023-11-09 13:02:57"},{"nodeID":"1305335","text":"Zofia: Fiona Bruce: what's likely to happen with fracking","type":"L","timestamp":"2023-11-09 13:02:57"},{"nodeID":"1305336","text":"Pure Questioning","type":"YA","timestamp":"2023-11-09 13:02:57"},{"nodeID":"1305337","text":"fracking was something that Greg Hands himself said had no place really in the British economy","type":"I","timestamp":"2023-11-09 13:02:57"},{"nodeID":"1305338","text":"Fiona Bruce: fracking was something that you yourself said had no place really in the British economy","type":"L","timestamp":"2023-11-09 13:02:57"},{"nodeID":"1305339","text":"Analysing","type":"YA","timestamp":"2023-11-09 13:02:57"},{"nodeID":"1305340","text":"Zofia: Fiona Bruce: fracking was something that you yourself said had no place really in the British economy","type":"L","timestamp":"2023-11-09 13:02:57"},{"nodeID":"1305341","text":"Asserting","type":"YA","timestamp":"2023-11-09 13:02:57"},{"nodeID":"1305342","text":"Default Transition","type":"TA","timestamp":"2023-11-09 13:02:57"},{"nodeID":"1305343","text":"the Government has now gone back to the British Geological Survey and asked them to look again at fracking","type":"I","timestamp":"2023-11-09 13:02:58"},{"nodeID":"1305344","text":"Fiona Bruce: now the Government has gone back to the British Geological Survey and asked them to look again at it","type":"L","timestamp":"2023-11-09 13:02:58"},{"nodeID":"1305345","text":"Analysing","type":"YA","timestamp":"2023-11-09 13:02:58"},{"nodeID":"1305346","text":"Zofia: Fiona Bruce: now the Government has gone back to the British Geological Survey and asked them to look again at it","type":"L","timestamp":"2023-11-09 13:02:58"},{"nodeID":"1305347","text":"Asserting","type":"YA","timestamp":"2023-11-09 13:02:58"},{"nodeID":"1305348","text":"Default Transition","type":"TA","timestamp":"2023-11-09 13:02:58"},{"nodeID":"1305349","text":"Default Conflict","type":"CA","timestamp":"2023-11-09 13:02:58"},{"nodeID":"1305350","text":"Disagreeing","type":"YA","timestamp":"2023-11-09 13:02:58"},{"nodeID":"1305351","text":"we've asked on fracking to keep our options open","type":"I","timestamp":"2023-11-09 13:02:59"},{"nodeID":"1305352","text":"Greg Hands: We've asked on fracking to keep our options open","type":"L","timestamp":"2023-11-09 13:02:59"},{"nodeID":"1305353","text":"Analysing","type":"YA","timestamp":"2023-11-09 13:02:59"},{"nodeID":"1305354","text":"Zofia: Greg Hands: We've asked on fracking to keep our options open","type":"L","timestamp":"2023-11-09 13:02:59"},{"nodeID":"1305355","text":"Asserting","type":"YA","timestamp":"2023-11-09 13:02:59"},{"nodeID":"1305356","text":"Default Rephrase","type":"MA","timestamp":"2023-11-09 13:02:59"},{"nodeID":"1305357","text":"Default Transition","type":"TA","timestamp":"2023-11-09 13:02:59"},{"nodeID":"1305358","text":"Restating","type":"YA","timestamp":"2023-11-09 13:02:59"},{"nodeID":"1305359","text":"we've asked British Geological Survey to look at fracking again to see if the science has changed","type":"I","timestamp":"2023-11-09 13:02:59"},{"nodeID":"1305360","text":"Greg Hands: fracking is we've asked to see if the science has changed","type":"L","timestamp":"2023-11-09 13:02:59"},{"nodeID":"1305361","text":"Analysing","type":"YA","timestamp":"2023-11-09 13:02:59"},{"nodeID":"1305362","text":"Zofia: Greg Hands: fracking is we've asked to see if the science has changed","type":"L","timestamp":"2023-11-09 13:02:59"},{"nodeID":"1305363","text":"Asserting","type":"YA","timestamp":"2023-11-09 13:02:59"},{"nodeID":"1305364","text":"Default Transition","type":"TA","timestamp":"2023-11-09 13:02:59"},{"nodeID":"1305365","text":"we put a pause on fracking in 2019","type":"I","timestamp":"2023-11-09 13:03:00"},{"nodeID":"1305366","text":"Greg Hands: We put a pause on fracking in 2019","type":"L","timestamp":"2023-11-09 13:03:00"},{"nodeID":"1305367","text":"Analysing","type":"YA","timestamp":"2023-11-09 13:03:00"},{"nodeID":"1305368","text":"Zofia: Greg Hands: We put a pause on fracking in 2019","type":"L","timestamp":"2023-11-09 13:03:00"},{"nodeID":"1305369","text":"Asserting","type":"YA","timestamp":"2023-11-09 13:03:00"},{"nodeID":"1305370","text":"Greg Hands: we've asked to see if the science has changed","type":"L","timestamp":"2023-11-09 13:03:00"},{"nodeID":"1305371","text":"Analysing","type":"YA","timestamp":"2023-11-09 13:03:00"},{"nodeID":"1305372","text":"Zofia: Greg Hands: we've asked to see if the science has changed","type":"L","timestamp":"2023-11-09 13:03:00"},{"nodeID":"1305373","text":"Asserting","type":"YA","timestamp":"2023-11-09 13:03:00"},{"nodeID":"1305374","text":"Default Rephrase","type":"MA","timestamp":"2023-11-09 13:03:00"},{"nodeID":"1305375","text":"Default Transition","type":"TA","timestamp":"2023-11-09 13:03:00"},{"nodeID":"1305376","text":"Restating","type":"YA","timestamp":"2023-11-09 13:03:00"},{"nodeID":"1305377","text":"Default Inference","type":"RA","timestamp":"2023-11-09 13:03:00"},{"nodeID":"1305378","text":"Default Transition","type":"TA","timestamp":"2023-11-09 13:03:00"},{"nodeID":"1305379","text":"Arguing","type":"YA","timestamp":"2023-11-09 13:03:00"},{"nodeID":"1305380","text":"the point about bills is the other really important part of what we're dealing with tonight","type":"I","timestamp":"2023-11-09 13:03:00"},{"nodeID":"1305381","text":"Greg Hands: that's the other really important part of what we're dealing with tonight","type":"L","timestamp":"2023-11-09 13:03:00"},{"nodeID":"1305382","text":"Analysing","type":"YA","timestamp":"2023-11-09 13:03:00"},{"nodeID":"1305383","text":"Zofia: Greg Hands: that's the other really important part of what we're dealing with tonight","type":"L","timestamp":"2023-11-09 13:03:00"},{"nodeID":"1305384","text":"Asserting","type":"YA","timestamp":"2023-11-09 13:03:00"},{"nodeID":"1305385","text":"Default Transition","type":"TA","timestamp":"2023-11-09 13:03:00"},{"nodeID":"1305386","text":"the Chancellor of the Exchequer launched a really important package in February, just two months ago, to deal with the rise in bills","type":"I","timestamp":"2023-11-09 13:03:01"},{"nodeID":"1305387","text":"Greg Hands: the Chancellor of the Exchequer launched a really important package in February, just two months ago, to deal with the rise in bills","type":"L","timestamp":"2023-11-09 13:03:01"},{"nodeID":"1305388","text":"Analysing","type":"YA","timestamp":"2023-11-09 13:03:01"},{"nodeID":"1305389","text":"Zofia: Greg Hands: the Chancellor of the Exchequer launched a really important package in February, just two months ago, to deal with the rise in bills","type":"L","timestamp":"2023-11-09 13:03:01"},{"nodeID":"1305390","text":"Asserting","type":"YA","timestamp":"2023-11-09 13:03:01"},{"nodeID":"1305391","text":"Default Transition","type":"TA","timestamp":"2023-11-09 13:03:01"},{"nodeID":"1305392","text":"the package launched by the Chancellor of the Exchequer doesn't deal with the rise in bills completely","type":"I","timestamp":"2023-11-09 13:03:02"},{"nodeID":"1305393","text":"Greg Hands: Not deal with it completely","type":"L","timestamp":"2023-11-09 13:03:02"},{"nodeID":"1305394","text":"Analysing","type":"YA","timestamp":"2023-11-09 13:03:02"},{"nodeID":"1305395","text":"Zofia: Greg Hands: Not deal with it completely","type":"L","timestamp":"2023-11-09 13:03:02"},{"nodeID":"1305396","text":"Asserting","type":"YA","timestamp":"2023-11-09 13:03:02"},{"nodeID":"1305397","text":"Default Transition","type":"TA","timestamp":"2023-11-09 13:03:02"},{"nodeID":"1305398","text":"the package launched by the Chancellor of the Exchequer actually set aside \u00a39 billion, a \u00a3200 discount on energy bills, \u00a3150 discount on council tax, additional funds to give the most vulnerable  assistance in paying their energy bills","type":"I","timestamp":"2023-11-09 13:03:02"},{"nodeID":"1305399","text":"Greg Hands: actually \u00a39 billion set aside, a \u00a3200 discount on energy bills, \u00a3150 discount on council tax, additional funds to make sure the most vulnerable are able\u2026give them assistance in paying their energy bills","type":"L","timestamp":"2023-11-09 13:03:02"},{"nodeID":"1305400","text":"Analysing","type":"YA","timestamp":"2023-11-09 13:03:02"},{"nodeID":"1305401","text":"Zofia: Greg Hands: actually \u00a39 billion set aside, a \u00a3200 discount on energy bills, \u00a3150 discount on council tax, additional funds to make sure the most vulnerable are able\u2026give them assistance in paying their energy bills","type":"L","timestamp":"2023-11-09 13:03:02"},{"nodeID":"1305402","text":"Asserting","type":"YA","timestamp":"2023-11-09 13:03:02"},{"nodeID":"1305403","text":"Default Transition","type":"TA","timestamp":"2023-11-09 13:03:02"},{"nodeID":"1305404","text":"Default Conflict","type":"CA","timestamp":"2023-11-09 13:03:02"},{"nodeID":"1305405","text":"Disagreeing","type":"YA","timestamp":"2023-11-09 13:03:02"}],"edges":[{"edgeID":"1714900","fromID":"1305334","toID":"1305333","formEdgeID":null},{"edgeID":"1714901","fromID":"1305335","toID":"1305334","formEdgeID":null},{"edgeID":"1714902","fromID":"1305333","toID":"1305336","formEdgeID":null},{"edgeID":"1714903","fromID":"1305336","toID":"1305332","formEdgeID":null},{"edgeID":"1714904","fromID":"1305339","toID":"1305338","formEdgeID":null},{"edgeID":"1714905","fromID":"1305340","toID":"1305339","formEdgeID":null},{"edgeID":"1714906","fromID":"1305338","toID":"1305341","formEdgeID":null},{"edgeID":"1714907","fromID":"1305341","toID":"1305337","formEdgeID":null},{"edgeID":"1714908","fromID":"1305333","toID":"1305342","formEdgeID":null},{"edgeID":"1714909","fromID":"1305342","toID":"1305338","formEdgeID":null},{"edgeID":"1714910","fromID":"1305345","toID":"1305344","formEdgeID":null},{"edgeID":"1714911","fromID":"1305346","toID":"1305345","formEdgeID":null},{"edgeID":"1714912","fromID":"1305344","toID":"1305347","formEdgeID":null},{"edgeID":"1714913","fromID":"1305347","toID":"1305343","formEdgeID":null},{"edgeID":"1714914","fromID":"1305338","toID":"1305348","formEdgeID":null},{"edgeID":"1714915","fromID":"1305348","toID":"1305344","formEdgeID":null},{"edgeID":"1714916","fromID":"1305343","toID":"1305349","formEdgeID":null},{"edgeID":"1714917","fromID":"1305349","toID":"1305337","formEdgeID":null},{"edgeID":"1714918","fromID":"1305348","toID":"1305350","formEdgeID":null},{"edgeID":"1714919","fromID":"1305350","toID":"1305349","formEdgeID":null},{"edgeID":"1714920","fromID":"1305353","toID":"1305352","formEdgeID":null},{"edgeID":"1714921","fromID":"1305354","toID":"1305353","formEdgeID":null},{"edgeID":"1714922","fromID":"1305352","toID":"1305355","formEdgeID":null},{"edgeID":"1714923","fromID":"1305355","toID":"1305351","formEdgeID":null},{"edgeID":"1714924","fromID":"1305351","toID":"1305356","formEdgeID":null},{"edgeID":"1714925","fromID":"1305356","toID":"1305343","formEdgeID":null},{"edgeID":"1714926","fromID":"1305344","toID":"1305357","formEdgeID":null},{"edgeID":"1714927","fromID":"1305357","toID":"1305352","formEdgeID":null},{"edgeID":"1714928","fromID":"1305357","toID":"1305358","formEdgeID":null},{"edgeID":"1714929","fromID":"1305358","toID":"1305356","formEdgeID":null},{"edgeID":"1714930","fromID":"1305361","toID":"1305360","formEdgeID":null},{"edgeID":"1714931","fromID":"1305362","toID":"1305361","formEdgeID":null},{"edgeID":"1714932","fromID":"1305360","toID":"1305363","formEdgeID":null},{"edgeID":"1714933","fromID":"1305363","toID":"1305359","formEdgeID":null},{"edgeID":"1714934","fromID":"1305352","toID":"1305364","formEdgeID":null},{"edgeID":"1714935","fromID":"1305364","toID":"1305360","formEdgeID":null},{"edgeID":"1714936","fromID":"1305367","toID":"1305366","formEdgeID":null},{"edgeID":"1714937","fromID":"1305368","toID":"1305367","formEdgeID":null},{"edgeID":"1714938","fromID":"1305366","toID":"1305369","formEdgeID":null},{"edgeID":"1714939","fromID":"1305369","toID":"1305365","formEdgeID":null},{"edgeID":"1714940","fromID":"1305371","toID":"1305370","formEdgeID":null},{"edgeID":"1714941","fromID":"1305372","toID":"1305371","formEdgeID":null},{"edgeID":"1714942","fromID":"1305370","toID":"1305373","formEdgeID":null},{"edgeID":"1714943","fromID":"1305373","toID":"1305359","formEdgeID":null},{"edgeID":"1714944","fromID":"1305359","toID":"1305374","formEdgeID":null},{"edgeID":"1714945","fromID":"1305374","toID":"1305359","formEdgeID":null},{"edgeID":"1714946","fromID":"1305360","toID":"1305375","formEdgeID":null},{"edgeID":"1714947","fromID":"1305375","toID":"1305370","formEdgeID":null},{"edgeID":"1714948","fromID":"1305375","toID":"1305376","formEdgeID":null},{"edgeID":"1714949","fromID":"1305376","toID":"1305374","formEdgeID":null},{"edgeID":"1714950","fromID":"1305365","toID":"1305377","formEdgeID":null},{"edgeID":"1714951","fromID":"1305377","toID":"1305359","formEdgeID":null},{"edgeID":"1714952","fromID":"1305366","toID":"1305378","formEdgeID":null},{"edgeID":"1714953","fromID":"1305378","toID":"1305370","formEdgeID":null},{"edgeID":"1714954","fromID":"1305378","toID":"1305379","formEdgeID":null},{"edgeID":"1714955","fromID":"1305379","toID":"1305377","formEdgeID":null},{"edgeID":"1714956","fromID":"1305382","toID":"1305381","formEdgeID":null},{"edgeID":"1714957","fromID":"1305383","toID":"1305382","formEdgeID":null},{"edgeID":"1714958","fromID":"1305381","toID":"1305384","formEdgeID":null},{"edgeID":"1714959","fromID":"1305384","toID":"1305380","formEdgeID":null},{"edgeID":"1714960","fromID":"1305370","toID":"1305385","formEdgeID":null},{"edgeID":"1714961","fromID":"1305385","toID":"1305381","formEdgeID":null},{"edgeID":"1714962","fromID":"1305388","toID":"1305387","formEdgeID":null},{"edgeID":"1714963","fromID":"1305389","toID":"1305388","formEdgeID":null},{"edgeID":"1714964","fromID":"1305387","toID":"1305390","formEdgeID":null},{"edgeID":"1714965","fromID":"1305390","toID":"1305386","formEdgeID":null},{"edgeID":"1714966","fromID":"1305381","toID":"1305391","formEdgeID":null},{"edgeID":"1714967","fromID":"1305391","toID":"1305387","formEdgeID":null},{"edgeID":"1714968","fromID":"1305394","toID":"1305393","formEdgeID":null},{"edgeID":"1714969","fromID":"1305395","toID":"1305394","formEdgeID":null},{"edgeID":"1714970","fromID":"1305393","toID":"1305396","formEdgeID":null},{"edgeID":"1714971","fromID":"1305396","toID":"1305392","formEdgeID":null},{"edgeID":"1714972","fromID":"1305387","toID":"1305397","formEdgeID":null},{"edgeID":"1714973","fromID":"1305397","toID":"1305393","formEdgeID":null},{"edgeID":"1714974","fromID":"1305400","toID":"1305399","formEdgeID":null},{"edgeID":"1714975","fromID":"1305401","toID":"1305400","formEdgeID":null},{"edgeID":"1714976","fromID":"1305399","toID":"1305402","formEdgeID":null},{"edgeID":"1714977","fromID":"1305402","toID":"1305398","formEdgeID":null},{"edgeID":"1714978","fromID":"1305393","toID":"1305403","formEdgeID":null},{"edgeID":"1714979","fromID":"1305403","toID":"1305399","formEdgeID":null},{"edgeID":"1714980","fromID":"1305398","toID":"1305404","formEdgeID":null},{"edgeID":"1714981","fromID":"1305404","toID":"1305392","formEdgeID":null},{"edgeID":"1714982","fromID":"1305403","toID":"1305405","formEdgeID":null},{"edgeID":"1714983","fromID":"1305405","toID":"1305404","formEdgeID":null}],"locutions":[]}