{"nodes":[{"nodeID":"1307301","text":"we've heard today a call from the Ukrainians for more weaponry","type":"I","timestamp":"2023-11-09 13:05:40"},{"nodeID":"1307302","text":"Emily Thornberry: we've heard today a call from the Ukrainians for more weaponry","type":"L","timestamp":"2023-11-09 13:05:40"},{"nodeID":"1307303","text":"Analysing","type":"YA","timestamp":"2023-11-09 13:05:40"},{"nodeID":"1307304","text":"Zofia: Emily Thornberry: we've heard today a call from the Ukrainians for more weaponry","type":"L","timestamp":"2023-11-09 13:05:40"},{"nodeID":"1307305","text":"Asserting","type":"YA","timestamp":"2023-11-09 13:05:40"},{"nodeID":"1307306","text":"we should be providing weaponry for the Ukraine","type":"I","timestamp":"2023-11-09 13:05:41"},{"nodeID":"1307307","text":"Emily Thornberry: we should be providing that","type":"L","timestamp":"2023-11-09 13:05:41"},{"nodeID":"1307308","text":"Analysing","type":"YA","timestamp":"2023-11-09 13:05:41"},{"nodeID":"1307309","text":"Zofia: Emily Thornberry: we should be providing that","type":"L","timestamp":"2023-11-09 13:05:41"},{"nodeID":"1307310","text":"Asserting","type":"YA","timestamp":"2023-11-09 13:05:41"},{"nodeID":"1307311","text":"Default Transition","type":"TA","timestamp":"2023-11-09 13:05:41"},{"nodeID":"1307312","text":"we should be providing weaponry for the Ukraine quickly","type":"I","timestamp":"2023-11-09 13:05:41"},{"nodeID":"1307313","text":"Emily Thornberry: we should be providing that quickly","type":"L","timestamp":"2023-11-09 13:05:41"},{"nodeID":"1307314","text":"Analysing","type":"YA","timestamp":"2023-11-09 13:05:41"},{"nodeID":"1307315","text":"Zofia: Emily Thornberry: we should be providing that quickly","type":"L","timestamp":"2023-11-09 13:05:41"},{"nodeID":"1307316","text":"Asserting","type":"YA","timestamp":"2023-11-09 13:05:41"},{"nodeID":"1307317","text":"Default Transition","type":"TA","timestamp":"2023-11-09 13:05:41"},{"nodeID":"1307318","text":"Default Inference","type":"RA","timestamp":"2023-11-09 13:05:41"},{"nodeID":"1307319","text":"Arguing","type":"YA","timestamp":"2023-11-09 13:05:41"},{"nodeID":"1307320","text":"Default Rephrase","type":"MA","timestamp":"2023-11-09 13:05:41"},{"nodeID":"1307321","text":"Restating","type":"YA","timestamp":"2023-11-09 13:05:41"},{"nodeID":"1307322","text":"we should go the whole hog when it comes to sanctions against Russia","type":"I","timestamp":"2023-11-09 13:05:42"},{"nodeID":"1307323","text":"Emily Thornberry: we should go the whole hog when it comes to sanctions","type":"L","timestamp":"2023-11-09 13:05:42"},{"nodeID":"1307324","text":"Analysing","type":"YA","timestamp":"2023-11-09 13:05:42"},{"nodeID":"1307325","text":"Zofia: Emily Thornberry: we should go the whole hog when it comes to sanctions","type":"L","timestamp":"2023-11-09 13:05:42"},{"nodeID":"1307326","text":"Asserting","type":"YA","timestamp":"2023-11-09 13:05:42"},{"nodeID":"1307327","text":"Default Transition","type":"TA","timestamp":"2023-11-09 13:05:42"},{"nodeID":"1307328","text":"we have done better than we have ever done before in terms of sanctions against a major economy","type":"I","timestamp":"2023-11-09 13:05:42"},{"nodeID":"1307329","text":"Emily Thornberry: we have done better than, frankly, we have ever done before in terms of sanctions against a major economy until now","type":"L","timestamp":"2023-11-09 13:05:42"},{"nodeID":"1307330","text":"Analysing","type":"YA","timestamp":"2023-11-09 13:05:42"},{"nodeID":"1307331","text":"Zofia: Emily Thornberry: we have done better than, frankly, we have ever done before in terms of sanctions against a major economy until now","type":"L","timestamp":"2023-11-09 13:05:42"},{"nodeID":"1307332","text":"Asserting","type":"YA","timestamp":"2023-11-09 13:05:42"},{"nodeID":"1307333","text":"Default Transition","type":"TA","timestamp":"2023-11-09 13:05:42"},{"nodeID":"1307334","text":"we can still go further when it comes to sanctions against Russia","type":"I","timestamp":"2023-11-09 13:05:43"},{"nodeID":"1307335","text":"Emily Thornberry: we can still go further","type":"L","timestamp":"2023-11-09 13:05:43"},{"nodeID":"1307336","text":"Analysing","type":"YA","timestamp":"2023-11-09 13:05:43"},{"nodeID":"1307337","text":"Zofia: Emily Thornberry: we can still go further","type":"L","timestamp":"2023-11-09 13:05:43"},{"nodeID":"1307338","text":"Asserting","type":"YA","timestamp":"2023-11-09 13:05:43"},{"nodeID":"1307339","text":"Default Transition","type":"TA","timestamp":"2023-11-09 13:05:43"},{"nodeID":"1307340","text":"we should be going further when it comes to sanctions against Russia","type":"I","timestamp":"2023-11-09 13:05:44"},{"nodeID":"1307341","text":"Emily Thornberry: we should be going further","type":"L","timestamp":"2023-11-09 13:05:44"},{"nodeID":"1307342","text":"Analysing","type":"YA","timestamp":"2023-11-09 13:05:44"},{"nodeID":"1307343","text":"Zofia: Emily Thornberry: we should be going further","type":"L","timestamp":"2023-11-09 13:05:44"},{"nodeID":"1307344","text":"Asserting","type":"YA","timestamp":"2023-11-09 13:05:44"},{"nodeID":"1307345","text":"Default Rephrase","type":"MA","timestamp":"2023-11-09 13:05:44"},{"nodeID":"1307346","text":"Default Transition","type":"TA","timestamp":"2023-11-09 13:05:44"},{"nodeID":"1307347","text":"Restating","type":"YA","timestamp":"2023-11-09 13:05:44"},{"nodeID":"1307348","text":"we need to be collecting the evidence about Russia's actions","type":"I","timestamp":"2023-11-09 13:05:44"},{"nodeID":"1307349","text":"Emily Thornberry: we need to be collecting the evidence so that","type":"L","timestamp":"2023-11-09 13:05:44"},{"nodeID":"1307350","text":"Analysing","type":"YA","timestamp":"2023-11-09 13:05:44"},{"nodeID":"1307351","text":"Zofia: Emily Thornberry: we need to be collecting the evidence so that","type":"L","timestamp":"2023-11-09 13:05:44"},{"nodeID":"1307352","text":"Asserting","type":"YA","timestamp":"2023-11-09 13:05:44"},{"nodeID":"1307353","text":"Default Transition","type":"TA","timestamp":"2023-11-09 13:05:44"},{"nodeID":"1307354","text":"collecting the evidence to hold Russia to justice will take a long time","type":"I","timestamp":"2023-11-09 13:05:45"},{"nodeID":"1307355","text":"Emily Thornberry: it will take a long time","type":"L","timestamp":"2023-11-09 13:05:45"},{"nodeID":"1307356","text":"Analysing","type":"YA","timestamp":"2023-11-09 13:05:45"},{"nodeID":"1307357","text":"Zofia: Emily Thornberry: it will take a long time","type":"L","timestamp":"2023-11-09 13:05:45"},{"nodeID":"1307358","text":"Asserting","type":"YA","timestamp":"2023-11-09 13:05:45"},{"nodeID":"1307359","text":"Default Transition","type":"TA","timestamp":"2023-11-09 13:05:45"},{"nodeID":"1307360","text":"we will hold Russia to justice","type":"I","timestamp":"2023-11-09 13:05:45"},{"nodeID":"1307361","text":"Emily Thornberry: we will hold them to justice","type":"L","timestamp":"2023-11-09 13:05:45"},{"nodeID":"1307362","text":"Analysing","type":"YA","timestamp":"2023-11-09 13:05:45"},{"nodeID":"1307363","text":"Zofia: Emily Thornberry: we will hold them to justice","type":"L","timestamp":"2023-11-09 13:05:45"},{"nodeID":"1307364","text":"Asserting","type":"YA","timestamp":"2023-11-09 13:05:45"},{"nodeID":"1307365","text":"Default Inference","type":"RA","timestamp":"2023-11-09 13:05:45"},{"nodeID":"1307366","text":"Default Transition","type":"TA","timestamp":"2023-11-09 13:05:45"},{"nodeID":"1307367","text":"Arguing","type":"YA","timestamp":"2023-11-09 13:05:45"},{"nodeID":"1307368","text":"AudienceMember 20220407QT15: you're right","type":"L","timestamp":"2023-11-09 13:05:45"},{"nodeID":"1307369","text":"Analysing","type":"YA","timestamp":"2023-11-09 13:05:45"},{"nodeID":"1307370","text":"Zofia: AudienceMember 20220407QT15: you're right","type":"L","timestamp":"2023-11-09 13:05:45"},{"nodeID":"1307371","text":"Default Transition","type":"TA","timestamp":"2023-11-09 13:05:45"},{"nodeID":"1307372","text":"AudienceMember 20220407QT15 heard Ukrainians say thank you","type":"I","timestamp":"2023-11-09 13:05:46"},{"nodeID":"1307373","text":"Emily Thornberry: I've heard them say thank you","type":"L","timestamp":"2023-11-09 13:05:46"},{"nodeID":"1307374","text":"Analysing","type":"YA","timestamp":"2023-11-09 13:05:46"},{"nodeID":"1307375","text":"Zofia: Emily Thornberry: I've heard them say thank you","type":"L","timestamp":"2023-11-09 13:05:46"},{"nodeID":"1307376","text":"Asserting","type":"YA","timestamp":"2023-11-09 13:05:46"},{"nodeID":"1307377","text":"Default Transition","type":"TA","timestamp":"2023-11-09 13:05:46"},{"nodeID":"1307378","text":"for the last six weeks AudienceMember 20220407QT15 has also heard Ukrainians say: we need more, we need more help, we need more support","type":"I","timestamp":"2023-11-09 13:05:47"},{"nodeID":"1307379","text":"AudienceMember 20220407QT15: for the last six weeks I've also heard them say: we need more, we need more help, we need more support","type":"L","timestamp":"2023-11-09 13:05:47"},{"nodeID":"1307380","text":"Analysing","type":"YA","timestamp":"2023-11-09 13:05:47"},{"nodeID":"1307381","text":"Zofia: AudienceMember 20220407QT15: for the last six weeks I've also heard them say: we need more, we need more help, we need more support","type":"L","timestamp":"2023-11-09 13:05:47"},{"nodeID":"1307382","text":"Asserting","type":"YA","timestamp":"2023-11-09 13:05:47"},{"nodeID":"1307383","text":"Default Transition","type":"TA","timestamp":"2023-11-09 13:05:47"},{"nodeID":"1307384","text":"it's about the time that we should be giving Ukrainians more help and support","type":"I","timestamp":"2023-11-09 13:05:47"},{"nodeID":"1307385","text":"AudienceMember 20220407QT15: it's about the time that we should be giving that","type":"L","timestamp":"2023-11-09 13:05:47"},{"nodeID":"1307386","text":"Analysing","type":"YA","timestamp":"2023-11-09 13:05:47"},{"nodeID":"1307387","text":"Zofia: AudienceMember 20220407QT15: it's about the time that we should be giving that","type":"L","timestamp":"2023-11-09 13:05:47"},{"nodeID":"1307388","text":"Asserting","type":"YA","timestamp":"2023-11-09 13:05:47"},{"nodeID":"1307389","text":"Default Transition","type":"TA","timestamp":"2023-11-09 13:05:47"},{"nodeID":"1307390","text":"Default Inference","type":"RA","timestamp":"2023-11-09 13:05:47"},{"nodeID":"1307391","text":"Arguing","type":"YA","timestamp":"2023-11-09 13:05:47"},{"nodeID":"1307392","text":"Default Rephrase","type":"MA","timestamp":"2023-11-09 13:05:47"},{"nodeID":"1307393","text":"Default Transition","type":"TA","timestamp":"2023-11-09 13:05:47"},{"nodeID":"1307394","text":"Restating","type":"YA","timestamp":"2023-11-09 13:05:47"},{"nodeID":"1307395","text":"Default Inference","type":"RA","timestamp":"2023-11-09 13:05:47"},{"nodeID":"1307396","text":"Default Transition","type":"TA","timestamp":"2023-11-09 13:05:47"},{"nodeID":"1307397","text":"Arguing","type":"YA","timestamp":"2023-11-09 13:05:47"},{"nodeID":"1307398","text":"Agreeing","type":"YA","timestamp":"2023-11-09 13:05:47"}],"edges":[{"edgeID":"1717246","fromID":"1307303","toID":"1307302","formEdgeID":null},{"edgeID":"1717247","fromID":"1307304","toID":"1307303","formEdgeID":null},{"edgeID":"1717248","fromID":"1307302","toID":"1307305","formEdgeID":null},{"edgeID":"1717249","fromID":"1307305","toID":"1307301","formEdgeID":null},{"edgeID":"1717250","fromID":"1307308","toID":"1307307","formEdgeID":null},{"edgeID":"1717251","fromID":"1307309","toID":"1307308","formEdgeID":null},{"edgeID":"1717252","fromID":"1307307","toID":"1307310","formEdgeID":null},{"edgeID":"1717253","fromID":"1307310","toID":"1307306","formEdgeID":null},{"edgeID":"1717254","fromID":"1307302","toID":"1307311","formEdgeID":null},{"edgeID":"1717255","fromID":"1307311","toID":"1307307","formEdgeID":null},{"edgeID":"1717256","fromID":"1307314","toID":"1307313","formEdgeID":null},{"edgeID":"1717257","fromID":"1307315","toID":"1307314","formEdgeID":null},{"edgeID":"1717258","fromID":"1307313","toID":"1307316","formEdgeID":null},{"edgeID":"1717259","fromID":"1307316","toID":"1307312","formEdgeID":null},{"edgeID":"1717260","fromID":"1307307","toID":"1307317","formEdgeID":null},{"edgeID":"1717261","fromID":"1307317","toID":"1307313","formEdgeID":null},{"edgeID":"1717262","fromID":"1307301","toID":"1307318","formEdgeID":null},{"edgeID":"1717263","fromID":"1307318","toID":"1307306","formEdgeID":null},{"edgeID":"1717264","fromID":"1307311","toID":"1307319","formEdgeID":null},{"edgeID":"1717265","fromID":"1307319","toID":"1307318","formEdgeID":null},{"edgeID":"1717266","fromID":"1307312","toID":"1307320","formEdgeID":null},{"edgeID":"1717267","fromID":"1307320","toID":"1307306","formEdgeID":null},{"edgeID":"1717268","fromID":"1307317","toID":"1307321","formEdgeID":null},{"edgeID":"1717269","fromID":"1307321","toID":"1307320","formEdgeID":null},{"edgeID":"1717270","fromID":"1307324","toID":"1307323","formEdgeID":null},{"edgeID":"1717271","fromID":"1307325","toID":"1307324","formEdgeID":null},{"edgeID":"1717272","fromID":"1307323","toID":"1307326","formEdgeID":null},{"edgeID":"1717273","fromID":"1307326","toID":"1307322","formEdgeID":null},{"edgeID":"1717274","fromID":"1307313","toID":"1307327","formEdgeID":null},{"edgeID":"1717275","fromID":"1307327","toID":"1307323","formEdgeID":null},{"edgeID":"1717276","fromID":"1307330","toID":"1307329","formEdgeID":null},{"edgeID":"1717277","fromID":"1307331","toID":"1307330","formEdgeID":null},{"edgeID":"1717278","fromID":"1307329","toID":"1307332","formEdgeID":null},{"edgeID":"1717279","fromID":"1307332","toID":"1307328","formEdgeID":null},{"edgeID":"1717280","fromID":"1307323","toID":"1307333","formEdgeID":null},{"edgeID":"1717281","fromID":"1307333","toID":"1307329","formEdgeID":null},{"edgeID":"1717282","fromID":"1307336","toID":"1307335","formEdgeID":null},{"edgeID":"1717283","fromID":"1307337","toID":"1307336","formEdgeID":null},{"edgeID":"1717284","fromID":"1307335","toID":"1307338","formEdgeID":null},{"edgeID":"1717285","fromID":"1307338","toID":"1307334","formEdgeID":null},{"edgeID":"1717286","fromID":"1307329","toID":"1307339","formEdgeID":null},{"edgeID":"1717287","fromID":"1307339","toID":"1307335","formEdgeID":null},{"edgeID":"1717288","fromID":"1307342","toID":"1307341","formEdgeID":null},{"edgeID":"1717289","fromID":"1307343","toID":"1307342","formEdgeID":null},{"edgeID":"1717290","fromID":"1307341","toID":"1307344","formEdgeID":null},{"edgeID":"1717291","fromID":"1307344","toID":"1307340","formEdgeID":null},{"edgeID":"1717292","fromID":"1307340","toID":"1307345","formEdgeID":null},{"edgeID":"1717293","fromID":"1307345","toID":"1307322","formEdgeID":null},{"edgeID":"1717294","fromID":"1307323","toID":"1307346","formEdgeID":null},{"edgeID":"1717295","fromID":"1307346","toID":"1307341","formEdgeID":null},{"edgeID":"1717296","fromID":"1307346","toID":"1307347","formEdgeID":null},{"edgeID":"1717297","fromID":"1307347","toID":"1307345","formEdgeID":null},{"edgeID":"1717298","fromID":"1307350","toID":"1307349","formEdgeID":null},{"edgeID":"1717299","fromID":"1307351","toID":"1307350","formEdgeID":null},{"edgeID":"1717300","fromID":"1307349","toID":"1307352","formEdgeID":null},{"edgeID":"1717301","fromID":"1307352","toID":"1307348","formEdgeID":null},{"edgeID":"1717302","fromID":"1307341","toID":"1307353","formEdgeID":null},{"edgeID":"1717303","fromID":"1307353","toID":"1307349","formEdgeID":null},{"edgeID":"1717304","fromID":"1307356","toID":"1307355","formEdgeID":null},{"edgeID":"1717305","fromID":"1307357","toID":"1307356","formEdgeID":null},{"edgeID":"1717306","fromID":"1307355","toID":"1307358","formEdgeID":null},{"edgeID":"1717307","fromID":"1307358","toID":"1307354","formEdgeID":null},{"edgeID":"1717308","fromID":"1307349","toID":"1307359","formEdgeID":null},{"edgeID":"1717309","fromID":"1307359","toID":"1307355","formEdgeID":null},{"edgeID":"1717310","fromID":"1307362","toID":"1307361","formEdgeID":null},{"edgeID":"1717311","fromID":"1307363","toID":"1307362","formEdgeID":null},{"edgeID":"1717312","fromID":"1307361","toID":"1307364","formEdgeID":null},{"edgeID":"1717313","fromID":"1307364","toID":"1307360","formEdgeID":null},{"edgeID":"1717314","fromID":"1307348","toID":"1307365","formEdgeID":null},{"edgeID":"1717315","fromID":"1307365","toID":"1307360","formEdgeID":null},{"edgeID":"1717316","fromID":"1307349","toID":"1307366","formEdgeID":null},{"edgeID":"1717317","fromID":"1307366","toID":"1307361","formEdgeID":null},{"edgeID":"1717318","fromID":"1307366","toID":"1307367","formEdgeID":null},{"edgeID":"1717319","fromID":"1307367","toID":"1307365","formEdgeID":null},{"edgeID":"1717320","fromID":"1307369","toID":"1307368","formEdgeID":null},{"edgeID":"1717321","fromID":"1307370","toID":"1307369","formEdgeID":null},{"edgeID":"1717322","fromID":"1307361","toID":"1307371","formEdgeID":null},{"edgeID":"1717323","fromID":"1307371","toID":"1307368","formEdgeID":null},{"edgeID":"1717324","fromID":"1307374","toID":"1307373","formEdgeID":null},{"edgeID":"1717325","fromID":"1307375","toID":"1307374","formEdgeID":null},{"edgeID":"1717326","fromID":"1307373","toID":"1307376","formEdgeID":null},{"edgeID":"1717327","fromID":"1307376","toID":"1307372","formEdgeID":null},{"edgeID":"1717328","fromID":"1307368","toID":"1307377","formEdgeID":null},{"edgeID":"1717329","fromID":"1307377","toID":"1307373","formEdgeID":null},{"edgeID":"1717330","fromID":"1307380","toID":"1307379","formEdgeID":null},{"edgeID":"1717331","fromID":"1307381","toID":"1307380","formEdgeID":null},{"edgeID":"1717332","fromID":"1307379","toID":"1307382","formEdgeID":null},{"edgeID":"1717333","fromID":"1307382","toID":"1307378","formEdgeID":null},{"edgeID":"1717334","fromID":"1307373","toID":"1307383","formEdgeID":null},{"edgeID":"1717335","fromID":"1307383","toID":"1307379","formEdgeID":null},{"edgeID":"1717336","fromID":"1307386","toID":"1307385","formEdgeID":null},{"edgeID":"1717337","fromID":"1307387","toID":"1307386","formEdgeID":null},{"edgeID":"1717338","fromID":"1307385","toID":"1307388","formEdgeID":null},{"edgeID":"1717339","fromID":"1307388","toID":"1307384","formEdgeID":null},{"edgeID":"1717340","fromID":"1307379","toID":"1307389","formEdgeID":null},{"edgeID":"1717341","fromID":"1307389","toID":"1307385","formEdgeID":null},{"edgeID":"1717342","fromID":"1307378","toID":"1307390","formEdgeID":null},{"edgeID":"1717343","fromID":"1307390","toID":"1307384","formEdgeID":null},{"edgeID":"1717344","fromID":"1307389","toID":"1307391","formEdgeID":null},{"edgeID":"1717345","fromID":"1307391","toID":"1307390","formEdgeID":null},{"edgeID":"1717346","fromID":"1307384","toID":"1307392","formEdgeID":null},{"edgeID":"1717347","fromID":"1307392","toID":"1307312","formEdgeID":null},{"edgeID":"1717348","fromID":"1307313","toID":"1307393","formEdgeID":null},{"edgeID":"1717349","fromID":"1307393","toID":"1307385","formEdgeID":null},{"edgeID":"1717350","fromID":"1307393","toID":"1307394","formEdgeID":null},{"edgeID":"1717351","fromID":"1307394","toID":"1307392","formEdgeID":null},{"edgeID":"1717352","fromID":"1307334","toID":"1307395","formEdgeID":null},{"edgeID":"1717353","fromID":"1307395","toID":"1307340","formEdgeID":null},{"edgeID":"1717354","fromID":"1307335","toID":"1307396","formEdgeID":null},{"edgeID":"1717355","fromID":"1307396","toID":"1307341","formEdgeID":null},{"edgeID":"1717356","fromID":"1307396","toID":"1307397","formEdgeID":null},{"edgeID":"1717357","fromID":"1307397","toID":"1307395","formEdgeID":null},{"edgeID":"1717358","fromID":"1307368","toID":"1307398","formEdgeID":null},{"edgeID":"1717359","fromID":"1307398","toID":"1307306","formEdgeID":null}],"locutions":[]}