{"nodes":[{"nodeID":"1307609","text":"Emily Thornberry thinks the non-dom status should be abolished","type":"I","timestamp":"2023-11-09 13:06:06"},{"nodeID":"1307610","text":"Emily Thornberry: The non-dom status i thinks it should be abolished","type":"L","timestamp":"2023-11-09 13:06:06"},{"nodeID":"1307611","text":"Analysing","type":"YA","timestamp":"2023-11-09 13:06:06"},{"nodeID":"1307612","text":"Fyfe: Emily Thornberry: The non-dom status, Emily says she thinks it should be abolished","type":"L","timestamp":"2023-11-09 13:06:06"},{"nodeID":"1307613","text":"Asserting","type":"YA","timestamp":"2023-11-09 13:06:06"},{"nodeID":"1307614","text":"Dan Hodges: The non-dom status, Emily says she thinks it should be abolished","type":"L","timestamp":"2023-11-09 13:06:06"},{"nodeID":"1307615","text":"Analysing","type":"YA","timestamp":"2023-11-09 13:06:06"},{"nodeID":"1307616","text":"Fyfe: Dan Hodges: Emily Thornberry: The non-dom status, Emily says she thinks it should be abolished","type":"L","timestamp":"2023-11-09 13:06:06"},{"nodeID":"1307617","text":"Asserting","type":"YA","timestamp":"2023-11-09 13:06:06"},{"nodeID":"1307618","text":"Dan Hodges: Fine","type":"L","timestamp":"2023-11-09 13:06:06"},{"nodeID":"1307619","text":"Analysing","type":"YA","timestamp":"2023-11-09 13:06:06"},{"nodeID":"1307620","text":"Fyfe: Dan Hodges: Fine","type":"L","timestamp":"2023-11-09 13:06:06"},{"nodeID":"1307621","text":"Default Transition","type":"TA","timestamp":"2023-11-09 13:06:06"},{"nodeID":"1307622","text":"the previous Labour Government had the opportunity to abolish non-dom status and didn't choose to do so","type":"I","timestamp":"2023-11-09 13:06:07"},{"nodeID":"1307623","text":"Dan Hodges: governments of all persuasions, including the previous Labour Government, had the opportunity to abolish it and didn't choose to do so","type":"L","timestamp":"2023-11-09 13:06:07"},{"nodeID":"1307624","text":"Analysing","type":"YA","timestamp":"2023-11-09 13:06:07"},{"nodeID":"1307625","text":"Fyfe: Dan Hodges: governments of all persuasions, including the previous Labour Government, had the opportunity to abolish it and didn't choose to do so","type":"L","timestamp":"2023-11-09 13:06:07"},{"nodeID":"1307626","text":"Asserting","type":"YA","timestamp":"2023-11-09 13:06:07"},{"nodeID":"1307627","text":"Default Transition","type":"TA","timestamp":"2023-11-09 13:06:07"},{"nodeID":"1307628","text":"Default Conflict","type":"CA","timestamp":"2023-11-09 13:06:07"},{"nodeID":"1307629","text":"Disagreeing","type":"YA","timestamp":"2023-11-09 13:06:07"},{"nodeID":"1307630","text":"non-dom status has not been abolished as it is not, as has been reported, a tax loophole, it is a longstanding principle of tax policy","type":"I","timestamp":"2023-11-09 13:06:07"},{"nodeID":"1307631","text":"Dan Hodges: That's because this is not, as has been reported, a tax loophole, it is a longstanding principle of tax policy","type":"L","timestamp":"2023-11-09 13:06:07"},{"nodeID":"1307632","text":"Analysing","type":"YA","timestamp":"2023-11-09 13:06:07"},{"nodeID":"1307633","text":"Fyfe: Dan Hodges: That's because this is not, as has been reported, a tax loophole, it is a longstanding principle of tax policy","type":"L","timestamp":"2023-11-09 13:06:07"},{"nodeID":"1307634","text":"Asserting","type":"YA","timestamp":"2023-11-09 13:06:07"},{"nodeID":"1307635","text":"Default Transition","type":"TA","timestamp":"2023-11-09 13:06:07"},{"nodeID":"1307636","text":"Default Rephrase","type":"MA","timestamp":"2023-11-09 13:06:07"},{"nodeID":"1307637","text":"Restating","type":"YA","timestamp":"2023-11-09 13:06:07"},{"nodeID":"1307638","text":"foreign nationals, foreign corporations, who make profits in the UK, don't they pay tax in the UK because of xxx","type":"I","timestamp":"2023-11-09 13:06:08"},{"nodeID":"1307639","text":"Dan Hodges: why is it that foreign nationals who work\u2026foreign nationals, foreign corporations, who make profits in the UK, why don't they pay tax in the UK","type":"L","timestamp":"2023-11-09 13:06:08"},{"nodeID":"1307640","text":"Analysing","type":"YA","timestamp":"2023-11-09 13:06:08"},{"nodeID":"1307641","text":"Fyfe: Dan Hodges: why is it that foreign nationals who work\u2026foreign nationals, foreign corporations, who make profits in the UK, why don't they pay tax in the UK","type":"L","timestamp":"2023-11-09 13:06:08"},{"nodeID":"1307642","text":"Pure Questioning","type":"YA","timestamp":"2023-11-09 13:06:08"},{"nodeID":"1307643","text":"Default Transition","type":"TA","timestamp":"2023-11-09 13:06:08"},{"nodeID":"1307644","text":"if paying tax where you make profits is the principle here, then it seems to me a fair principle, that if she earns her income outside of the UK, she should pay tax in those tax regimes","type":"I","timestamp":"2023-11-09 13:06:08"},{"nodeID":"1307645","text":"Dan Hodges:  if that's the principle here, then it seems to me a fair principle, that if she earns her income outside of the UK, she should pay tax in those tax regimes","type":"L","timestamp":"2023-11-09 13:06:08"},{"nodeID":"1307646","text":"Analysing","type":"YA","timestamp":"2023-11-09 13:06:08"},{"nodeID":"1307647","text":"Fyfe: Dan Hodges:  if that's the principle here, then it seems to me a fair principle, that if she earns her income outside of the UK, she should pay tax in those tax regimes","type":"L","timestamp":"2023-11-09 13:06:08"},{"nodeID":"1307648","text":"Asserting","type":"YA","timestamp":"2023-11-09 13:06:08"},{"nodeID":"1307649","text":"Default Transition","type":"TA","timestamp":"2023-11-09 13:06:08"},{"nodeID":"1307650","text":"the problem with Rishi Sunak is not Rishi Sunak's wife","type":"I","timestamp":"2023-11-09 13:06:09"},{"nodeID":"1307651","text":"Dan Hodges:  the problem with Rishi Sunak is not Rishi Sunak's wife","type":"L","timestamp":"2023-11-09 13:06:09"},{"nodeID":"1307652","text":"Analysing","type":"YA","timestamp":"2023-11-09 13:06:09"},{"nodeID":"1307653","text":"Fyfe: Dan Hodges:  the problem with Rishi Sunak is not Rishi Sunak's wife","type":"L","timestamp":"2023-11-09 13:06:09"},{"nodeID":"1307654","text":"Asserting","type":"YA","timestamp":"2023-11-09 13:06:09"},{"nodeID":"1307655","text":"Default Transition","type":"TA","timestamp":"2023-11-09 13:06:09"},{"nodeID":"1307656","text":"the problem with Rishi Sunak is not his wife, instead he is a chancellor who has been too obsessed with his own personal brand","type":"I","timestamp":"2023-11-09 13:06:10"},{"nodeID":"1307657","text":"Dan Hodges: The problem with Rishi Sunak is we have a chancellor who has been too obsessed with his own personal brand","type":"L","timestamp":"2023-11-09 13:06:10"},{"nodeID":"1307658","text":"Analysing","type":"YA","timestamp":"2023-11-09 13:06:10"},{"nodeID":"1307659","text":"Fyfe: Dan Hodges: The problem with Rishi Sunak is we have a chancellor who has been too obsessed with his own personal brand","type":"L","timestamp":"2023-11-09 13:06:10"},{"nodeID":"1307660","text":"Asserting","type":"YA","timestamp":"2023-11-09 13:06:10"},{"nodeID":"1307661","text":"Default Transition","type":"TA","timestamp":"2023-11-09 13:06:10"},{"nodeID":"1307662","text":"Default Rephrase","type":"MA","timestamp":"2023-11-09 13:06:10"},{"nodeID":"1307663","text":"Restating","type":"YA","timestamp":"2023-11-09 13:06:10"},{"nodeID":"1307664","text":"as a result of Rishi Sunaks' obsession with his personal brand he has lost control of the economy","type":"I","timestamp":"2023-11-09 13:06:10"},{"nodeID":"1307665","text":"Dan Hodges: As a result of that, he has lost control of the economy","type":"L","timestamp":"2023-11-09 13:06:10"},{"nodeID":"1307666","text":"Analysing","type":"YA","timestamp":"2023-11-09 13:06:10"},{"nodeID":"1307667","text":"Fyfe: Dan Hodges: As a result of that, he has lost control of the economy","type":"L","timestamp":"2023-11-09 13:06:10"},{"nodeID":"1307668","text":"Asserting","type":"YA","timestamp":"2023-11-09 13:06:10"},{"nodeID":"1307669","text":"Default Transition","type":"TA","timestamp":"2023-11-09 13:06:10"},{"nodeID":"1307670","text":"Default Rephrase","type":"MA","timestamp":"2023-11-09 13:06:10"},{"nodeID":"1307671","text":"Restating","type":"YA","timestamp":"2023-11-09 13:06:10"},{"nodeID":"1307672","text":"Rishi Sunak has lost control of the economy as inflation is soaring","type":"I","timestamp":"2023-11-09 13:06:11"},{"nodeID":"1307673","text":"Dan Hodges: inflation is soaring","type":"L","timestamp":"2023-11-09 13:06:11"},{"nodeID":"1307674","text":"Analysing","type":"YA","timestamp":"2023-11-09 13:06:11"},{"nodeID":"1307675","text":"Fyfe: Dan Hodges: inflation is soaring","type":"L","timestamp":"2023-11-09 13:06:11"},{"nodeID":"1307676","text":"Asserting","type":"YA","timestamp":"2023-11-09 13:06:11"},{"nodeID":"1307677","text":"Rishi Sunak has lost control of the economy as debt is soaring","type":"I","timestamp":"2023-11-09 13:06:12"},{"nodeID":"1307678","text":"Dan Hodges: debt is soaring","type":"L","timestamp":"2023-11-09 13:06:12"},{"nodeID":"1307679","text":"Analysing","type":"YA","timestamp":"2023-11-09 13:06:12"},{"nodeID":"1307680","text":"Fyfe: Dan Hodges: debt is soaring","type":"L","timestamp":"2023-11-09 13:06:12"},{"nodeID":"1307681","text":"Asserting","type":"YA","timestamp":"2023-11-09 13:06:12"},{"nodeID":"1307682","text":"Rushi Sunak has lost control of the economy as taxation is soaring","type":"I","timestamp":"2023-11-09 13:06:12"},{"nodeID":"1307683","text":"Dan Hodges: taxation is soaring","type":"L","timestamp":"2023-11-09 13:06:12"},{"nodeID":"1307684","text":"Analysing","type":"YA","timestamp":"2023-11-09 13:06:12"},{"nodeID":"1307685","text":"Fyfe: Dan Hodges: taxation is soaring","type":"L","timestamp":"2023-11-09 13:06:12"},{"nodeID":"1307686","text":"Asserting","type":"YA","timestamp":"2023-11-09 13:06:12"},{"nodeID":"1307687","text":"Default Transition","type":"TA","timestamp":"2023-11-09 13:06:12"},{"nodeID":"1307688","text":"Default Rephrase","type":"MA","timestamp":"2023-11-09 13:06:12"},{"nodeID":"1307689","text":"Default Transition","type":"TA","timestamp":"2023-11-09 13:06:12"},{"nodeID":"1307690","text":"Default Transition","type":"TA","timestamp":"2023-11-09 13:06:12"},{"nodeID":"1307691","text":"Default Transition","type":"TA","timestamp":"2023-11-09 13:06:12"},{"nodeID":"1307692","text":"Default Transition","type":"TA","timestamp":"2023-11-09 13:06:12"},{"nodeID":"1307693","text":"Default Rephrase","type":"MA","timestamp":"2023-11-09 13:06:12"},{"nodeID":"1307694","text":"Default Rephrase","type":"MA","timestamp":"2023-11-09 13:06:12"},{"nodeID":"1307695","text":"Restating","type":"YA","timestamp":"2023-11-09 13:06:12"},{"nodeID":"1307696","text":"Restating","type":"YA","timestamp":"2023-11-09 13:06:12"},{"nodeID":"1307697","text":"Restating","type":"YA","timestamp":"2023-11-09 13:06:12"},{"nodeID":"1307698","text":"growth is anaemic and predicted to be anaemic","type":"I","timestamp":"2023-11-09 13:06:13"},{"nodeID":"1307699","text":"Dan Hodges: growth is anaemic and predicted to be anaemic","type":"L","timestamp":"2023-11-09 13:06:13"},{"nodeID":"1307700","text":"Analysing","type":"YA","timestamp":"2023-11-09 13:06:13"},{"nodeID":"1307701","text":"Fyfe: Dan Hodges: growth is anaemic and predicted to be anaemic","type":"L","timestamp":"2023-11-09 13:06:13"},{"nodeID":"1307702","text":"Asserting","type":"YA","timestamp":"2023-11-09 13:06:13"},{"nodeID":"1307703","text":"Default Transition","type":"TA","timestamp":"2023-11-09 13:06:13"},{"nodeID":"1307704","text":"Rishi Sunak has lost control of the economy, but that is due to his obsession with his personal brand, that is not his wife's fault","type":"I","timestamp":"2023-11-09 13:06:13"},{"nodeID":"1307705","text":"Dan Hodges:  he has lost control of the economy, but that is his fault, that is not his wife's fault","type":"L","timestamp":"2023-11-09 13:06:13"},{"nodeID":"1307706","text":"Analysing","type":"YA","timestamp":"2023-11-09 13:06:13"},{"nodeID":"1307707","text":"Fyfe: Dan Hodges:  he has lost control of the economy, but that is his fault, that is not his wife's fault","type":"L","timestamp":"2023-11-09 13:06:13"},{"nodeID":"1307708","text":"Asserting","type":"YA","timestamp":"2023-11-09 13:06:13"},{"nodeID":"1307709","text":"Default Transition","type":"TA","timestamp":"2023-11-09 13:06:13"},{"nodeID":"1307710","text":"Default Rephrase","type":"MA","timestamp":"2023-11-09 13:06:13"},{"nodeID":"1307711","text":"Restating","type":"YA","timestamp":"2023-11-09 13:06:13"},{"nodeID":"1307712","text":"Agreeing","type":"YA","timestamp":"2023-11-09 13:06:13"}],"edges":[{"edgeID":"1717593","fromID":"1307611","toID":"1307610","formEdgeID":null},{"edgeID":"1717594","fromID":"1307612","toID":"1307611","formEdgeID":null},{"edgeID":"1717595","fromID":"1307610","toID":"1307613","formEdgeID":null},{"edgeID":"1717596","fromID":"1307613","toID":"1307609","formEdgeID":null},{"edgeID":"1717597","fromID":"1307615","toID":"1307614","formEdgeID":null},{"edgeID":"1717598","fromID":"1307616","toID":"1307615","formEdgeID":null},{"edgeID":"1717599","fromID":"1307614","toID":"1307617","formEdgeID":null},{"edgeID":"1717600","fromID":"1307617","toID":"1307610","formEdgeID":null},{"edgeID":"1717601","fromID":"1307619","toID":"1307618","formEdgeID":null},{"edgeID":"1717602","fromID":"1307620","toID":"1307619","formEdgeID":null},{"edgeID":"1717603","fromID":"1307614","toID":"1307621","formEdgeID":null},{"edgeID":"1717604","fromID":"1307621","toID":"1307618","formEdgeID":null},{"edgeID":"1717605","fromID":"1307624","toID":"1307623","formEdgeID":null},{"edgeID":"1717606","fromID":"1307625","toID":"1307624","formEdgeID":null},{"edgeID":"1717607","fromID":"1307623","toID":"1307626","formEdgeID":null},{"edgeID":"1717608","fromID":"1307626","toID":"1307622","formEdgeID":null},{"edgeID":"1717609","fromID":"1307618","toID":"1307627","formEdgeID":null},{"edgeID":"1717610","fromID":"1307627","toID":"1307623","formEdgeID":null},{"edgeID":"1717611","fromID":"1307622","toID":"1307628","formEdgeID":null},{"edgeID":"1717612","fromID":"1307628","toID":"1307609","formEdgeID":null},{"edgeID":"1717613","fromID":"1307627","toID":"1307629","formEdgeID":null},{"edgeID":"1717614","fromID":"1307629","toID":"1307628","formEdgeID":null},{"edgeID":"1717615","fromID":"1307632","toID":"1307631","formEdgeID":null},{"edgeID":"1717616","fromID":"1307633","toID":"1307632","formEdgeID":null},{"edgeID":"1717617","fromID":"1307631","toID":"1307634","formEdgeID":null},{"edgeID":"1717618","fromID":"1307634","toID":"1307630","formEdgeID":null},{"edgeID":"1717619","fromID":"1307623","toID":"1307635","formEdgeID":null},{"edgeID":"1717620","fromID":"1307635","toID":"1307631","formEdgeID":null},{"edgeID":"1717621","fromID":"1307630","toID":"1307636","formEdgeID":null},{"edgeID":"1717622","fromID":"1307636","toID":"1307622","formEdgeID":null},{"edgeID":"1717623","fromID":"1307635","toID":"1307637","formEdgeID":null},{"edgeID":"1717624","fromID":"1307637","toID":"1307636","formEdgeID":null},{"edgeID":"1717625","fromID":"1307640","toID":"1307639","formEdgeID":null},{"edgeID":"1717626","fromID":"1307641","toID":"1307640","formEdgeID":null},{"edgeID":"1717627","fromID":"1307639","toID":"1307642","formEdgeID":null},{"edgeID":"1717628","fromID":"1307642","toID":"1307638","formEdgeID":null},{"edgeID":"1717629","fromID":"1307631","toID":"1307643","formEdgeID":null},{"edgeID":"1717630","fromID":"1307643","toID":"1307639","formEdgeID":null},{"edgeID":"1717631","fromID":"1307646","toID":"1307645","formEdgeID":null},{"edgeID":"1717632","fromID":"1307647","toID":"1307646","formEdgeID":null},{"edgeID":"1717633","fromID":"1307645","toID":"1307648","formEdgeID":null},{"edgeID":"1717634","fromID":"1307648","toID":"1307644","formEdgeID":null},{"edgeID":"1717635","fromID":"1307639","toID":"1307649","formEdgeID":null},{"edgeID":"1717636","fromID":"1307649","toID":"1307645","formEdgeID":null},{"edgeID":"1717637","fromID":"1307652","toID":"1307651","formEdgeID":null},{"edgeID":"1717638","fromID":"1307653","toID":"1307652","formEdgeID":null},{"edgeID":"1717639","fromID":"1307651","toID":"1307654","formEdgeID":null},{"edgeID":"1717640","fromID":"1307654","toID":"1307650","formEdgeID":null},{"edgeID":"1717641","fromID":"1307645","toID":"1307655","formEdgeID":null},{"edgeID":"1717642","fromID":"1307655","toID":"1307651","formEdgeID":null},{"edgeID":"1717643","fromID":"1307658","toID":"1307657","formEdgeID":null},{"edgeID":"1717644","fromID":"1307659","toID":"1307658","formEdgeID":null},{"edgeID":"1717645","fromID":"1307657","toID":"1307660","formEdgeID":null},{"edgeID":"1717646","fromID":"1307660","toID":"1307656","formEdgeID":null},{"edgeID":"1717647","fromID":"1307651","toID":"1307661","formEdgeID":null},{"edgeID":"1717648","fromID":"1307661","toID":"1307657","formEdgeID":null},{"edgeID":"1717649","fromID":"1307656","toID":"1307662","formEdgeID":null},{"edgeID":"1717650","fromID":"1307662","toID":"1307650","formEdgeID":null},{"edgeID":"1717651","fromID":"1307661","toID":"1307663","formEdgeID":null},{"edgeID":"1717652","fromID":"1307663","toID":"1307662","formEdgeID":null},{"edgeID":"1717653","fromID":"1307666","toID":"1307665","formEdgeID":null},{"edgeID":"1717654","fromID":"1307667","toID":"1307666","formEdgeID":null},{"edgeID":"1717655","fromID":"1307665","toID":"1307668","formEdgeID":null},{"edgeID":"1717656","fromID":"1307668","toID":"1307664","formEdgeID":null},{"edgeID":"1717657","fromID":"1307657","toID":"1307669","formEdgeID":null},{"edgeID":"1717658","fromID":"1307669","toID":"1307665","formEdgeID":null},{"edgeID":"1717659","fromID":"1307664","toID":"1307670","formEdgeID":null},{"edgeID":"1717660","fromID":"1307670","toID":"1307656","formEdgeID":null},{"edgeID":"1717661","fromID":"1307669","toID":"1307671","formEdgeID":null},{"edgeID":"1717662","fromID":"1307671","toID":"1307670","formEdgeID":null},{"edgeID":"1717663","fromID":"1307674","toID":"1307673","formEdgeID":null},{"edgeID":"1717664","fromID":"1307675","toID":"1307674","formEdgeID":null},{"edgeID":"1717665","fromID":"1307673","toID":"1307676","formEdgeID":null},{"edgeID":"1717666","fromID":"1307676","toID":"1307672","formEdgeID":null},{"edgeID":"1717667","fromID":"1307679","toID":"1307678","formEdgeID":null},{"edgeID":"1717668","fromID":"1307680","toID":"1307679","formEdgeID":null},{"edgeID":"1717669","fromID":"1307678","toID":"1307681","formEdgeID":null},{"edgeID":"1717670","fromID":"1307681","toID":"1307677","formEdgeID":null},{"edgeID":"1717671","fromID":"1307684","toID":"1307683","formEdgeID":null},{"edgeID":"1717672","fromID":"1307685","toID":"1307684","formEdgeID":null},{"edgeID":"1717673","fromID":"1307683","toID":"1307686","formEdgeID":null},{"edgeID":"1717674","fromID":"1307686","toID":"1307682","formEdgeID":null},{"edgeID":"1717675","fromID":"1307665","toID":"1307687","formEdgeID":null},{"edgeID":"1717676","fromID":"1307687","toID":"1307673","formEdgeID":null},{"edgeID":"1717677","fromID":"1307672","toID":"1307688","formEdgeID":null},{"edgeID":"1717678","fromID":"1307688","toID":"1307664","formEdgeID":null},{"edgeID":"1717679","fromID":"1307673","toID":"1307689","formEdgeID":null},{"edgeID":"1717680","fromID":"1307689","toID":"1307678","formEdgeID":null},{"edgeID":"1717681","fromID":"1307678","toID":"1307690","formEdgeID":null},{"edgeID":"1717682","fromID":"1307690","toID":"1307683","formEdgeID":null},{"edgeID":"1717683","fromID":"1307665","toID":"1307691","formEdgeID":null},{"edgeID":"1717684","fromID":"1307691","toID":"1307678","formEdgeID":null},{"edgeID":"1717685","fromID":"1307665","toID":"1307692","formEdgeID":null},{"edgeID":"1717686","fromID":"1307692","toID":"1307683","formEdgeID":null},{"edgeID":"1717687","fromID":"1307677","toID":"1307693","formEdgeID":null},{"edgeID":"1717688","fromID":"1307693","toID":"1307664","formEdgeID":null},{"edgeID":"1717689","fromID":"1307682","toID":"1307694","formEdgeID":null},{"edgeID":"1717690","fromID":"1307694","toID":"1307664","formEdgeID":null},{"edgeID":"1717691","fromID":"1307687","toID":"1307695","formEdgeID":null},{"edgeID":"1717692","fromID":"1307695","toID":"1307688","formEdgeID":null},{"edgeID":"1717693","fromID":"1307691","toID":"1307696","formEdgeID":null},{"edgeID":"1717694","fromID":"1307696","toID":"1307693","formEdgeID":null},{"edgeID":"1717695","fromID":"1307692","toID":"1307697","formEdgeID":null},{"edgeID":"1717696","fromID":"1307697","toID":"1307694","formEdgeID":null},{"edgeID":"1717697","fromID":"1307700","toID":"1307699","formEdgeID":null},{"edgeID":"1717698","fromID":"1307701","toID":"1307700","formEdgeID":null},{"edgeID":"1717699","fromID":"1307699","toID":"1307702","formEdgeID":null},{"edgeID":"1717700","fromID":"1307702","toID":"1307698","formEdgeID":null},{"edgeID":"1717701","fromID":"1307683","toID":"1307703","formEdgeID":null},{"edgeID":"1717702","fromID":"1307703","toID":"1307699","formEdgeID":null},{"edgeID":"1717703","fromID":"1307706","toID":"1307705","formEdgeID":null},{"edgeID":"1717704","fromID":"1307707","toID":"1307706","formEdgeID":null},{"edgeID":"1717705","fromID":"1307705","toID":"1307708","formEdgeID":null},{"edgeID":"1717706","fromID":"1307708","toID":"1307704","formEdgeID":null},{"edgeID":"1717707","fromID":"1307699","toID":"1307709","formEdgeID":null},{"edgeID":"1717708","fromID":"1307709","toID":"1307705","formEdgeID":null},{"edgeID":"1717709","fromID":"1307704","toID":"1307710","formEdgeID":null},{"edgeID":"1717710","fromID":"1307710","toID":"1307664","formEdgeID":null},{"edgeID":"1717711","fromID":"1307709","toID":"1307711","formEdgeID":null},{"edgeID":"1717712","fromID":"1307711","toID":"1307710","formEdgeID":null},{"edgeID":"1717713","fromID":"1307621","toID":"1307712","formEdgeID":null},{"edgeID":"1717714","fromID":"1307712","toID":"1307609","formEdgeID":null}],"locutions":[]}