{"nodes":[{"nodeID":"1309454","text":"Analysing","type":"YA","timestamp":"2023-11-09 13:08:41"},{"nodeID":"1309455","text":"Rebecca: Zing Tsjeng: it strikes me that using P&O is quite a convenient smokescreen from what clearly is quite long standing issues that pre-date P&O","type":"L","timestamp":"2023-11-09 13:08:41"},{"nodeID":"1309456","text":"people need infrastructure and they need support","type":"I","timestamp":"2023-11-09 13:08:42"},{"nodeID":"1309457","text":"Zing Tsjeng: people need infrastructure and they need support","type":"L","timestamp":"2023-11-09 13:08:42"},{"nodeID":"1309458","text":"Analysing","type":"YA","timestamp":"2023-11-09 13:08:42"},{"nodeID":"1309459","text":"Rebecca: Zing Tsjeng: people need infrastructure and they need support","type":"L","timestamp":"2023-11-09 13:08:42"},{"nodeID":"1309460","text":"Asserting","type":"YA","timestamp":"2023-11-09 13:08:42"},{"nodeID":"1309461","text":"people don't want their homes to be turned into gigantic carparks and they don't want to see the long-term consequences of seeing that happen","type":"I","timestamp":"2023-11-09 13:08:42"},{"nodeID":"1309462","text":"Zing Tsjeng: They don't want their homes to be turned into gigantic carparks and they don't want to see the long-term consequences of seeing that happen","type":"L","timestamp":"2023-11-09 13:08:42"},{"nodeID":"1309463","text":"Analysing","type":"YA","timestamp":"2023-11-09 13:08:42"},{"nodeID":"1309464","text":"Rebecca: Zing Tsjeng: They don't want their homes to be turned into gigantic carparks and they don't want to see the long-term consequences of seeing that happen","type":"L","timestamp":"2023-11-09 13:08:42"},{"nodeID":"1309465","text":"Asserting","type":"YA","timestamp":"2023-11-09 13:08:42"},{"nodeID":"1309466","text":"using P&O is quite a convenient smokescreen from what clearly is quite long standing issues that pre-date P&O","type":"I","timestamp":"2023-11-09 13:08:43"},{"nodeID":"1309467","text":"Zing Tsjeng: using P&O is quite a convenient smokescreen from what clearly is quite long standing issues that pre-date P&O","type":"L","timestamp":"2023-11-09 13:08:43"},{"nodeID":"1309468","text":"Analysing","type":"YA","timestamp":"2023-11-09 13:08:43"},{"nodeID":"1309469","text":"Rebecca: Zing Tsjeng: using P&O is quite a convenient smokescreen from what clearly is quite long standing issues that pre-date P&O","type":"L","timestamp":"2023-11-09 13:08:43"},{"nodeID":"1309470","text":"Asserting","type":"YA","timestamp":"2023-11-09 13:08:43"},{"nodeID":"1309471","text":"Default Transition","type":"TA","timestamp":"2023-11-09 13:08:43"},{"nodeID":"1309472","text":"Default Rephrase","type":"MA","timestamp":"2023-11-09 13:08:43"},{"nodeID":"1309473","text":"Restating","type":"YA","timestamp":"2023-11-09 13:08:43"},{"nodeID":"1309474","text":"Default Transition","type":"TA","timestamp":"2023-11-09 13:08:43"},{"nodeID":"1309475","text":"the air quality is going to get worse if every day you have vehicles sat in traffic running exhausts three to four hours a day","type":"I","timestamp":"2023-11-09 13:08:43"},{"nodeID":"1309476","text":"Zing Tsjeng: Just think about how bad air quality is going to get if every day you have vehicles sat in traffic running exhausts three to four hours a day","type":"L","timestamp":"2023-11-09 13:08:43"},{"nodeID":"1309477","text":"Analysing","type":"YA","timestamp":"2023-11-09 13:08:43"},{"nodeID":"1309478","text":"Rebecca: Zing Tsjeng: Just think about how bad air quality is going to get if every day you have vehicles sat in traffic running exhausts three to four hours a day","type":"L","timestamp":"2023-11-09 13:08:43"},{"nodeID":"1309479","text":"Asserting","type":"YA","timestamp":"2023-11-09 13:08:43"},{"nodeID":"1309480","text":"Default Transition","type":"TA","timestamp":"2023-11-09 13:08:43"},{"nodeID":"1309481","text":"the exhausts of cars stuck in traffic are not going to be good and it's going to affect the long-term health of people in the county","type":"I","timestamp":"2023-11-09 13:08:44"},{"nodeID":"1309482","text":"Zing Tsjeng: It's not going to be good and it's going to affect the long-term health of people in the county","type":"L","timestamp":"2023-11-09 13:08:44"},{"nodeID":"1309483","text":"Analysing","type":"YA","timestamp":"2023-11-09 13:08:44"},{"nodeID":"1309484","text":"Rebecca: Zing Tsjeng: It's not going to be good and it's going to affect the long-term health of people in the county","type":"L","timestamp":"2023-11-09 13:08:44"},{"nodeID":"1309485","text":"Asserting","type":"YA","timestamp":"2023-11-09 13:08:44"},{"nodeID":"1309486","text":"Default Transition","type":"TA","timestamp":"2023-11-09 13:08:44"},{"nodeID":"1309487","text":"Default Rephrase","type":"MA","timestamp":"2023-11-09 13:08:44"},{"nodeID":"1309488","text":"Restating","type":"YA","timestamp":"2023-11-09 13:08:44"},{"nodeID":"1309489","text":"the Government is doing xxx to mitigate the effects of that beyond taking P&O to court","type":"I","timestamp":"2023-11-09 13:08:45"},{"nodeID":"1309490","text":"Zing Tsjeng: what are you doing to mitigate the effects of that beyond taking P&O to court","type":"L","timestamp":"2023-11-09 13:08:45"},{"nodeID":"1309491","text":"Analysing","type":"YA","timestamp":"2023-11-09 13:08:45"},{"nodeID":"1309492","text":"Rebecca: Zing Tsjeng: what are you doing to mitigate the effects of that beyond taking P&O to court","type":"L","timestamp":"2023-11-09 13:08:45"},{"nodeID":"1309493","text":"Pure Questioning","type":"YA","timestamp":"2023-11-09 13:08:45"},{"nodeID":"1309494","text":"Default Transition","type":"TA","timestamp":"2023-11-09 13:08:45"},{"nodeID":"1309495","text":"Default Inference","type":"RA","timestamp":"2023-11-09 13:08:45"},{"nodeID":"1309496","text":"Arguing","type":"YA","timestamp":"2023-11-09 13:08:45"}],"edges":[{"edgeID":"1719735","fromID":"1309455","toID":"1309454","formEdgeID":null},{"edgeID":"1719736","fromID":"1309458","toID":"1309457","formEdgeID":null},{"edgeID":"1719737","fromID":"1309459","toID":"1309458","formEdgeID":null},{"edgeID":"1719738","fromID":"1309457","toID":"1309460","formEdgeID":null},{"edgeID":"1719739","fromID":"1309460","toID":"1309456","formEdgeID":null},{"edgeID":"1719740","fromID":"1309463","toID":"1309462","formEdgeID":null},{"edgeID":"1719741","fromID":"1309464","toID":"1309463","formEdgeID":null},{"edgeID":"1719742","fromID":"1309462","toID":"1309465","formEdgeID":null},{"edgeID":"1719743","fromID":"1309465","toID":"1309461","formEdgeID":null},{"edgeID":"1719744","fromID":"1309468","toID":"1309467","formEdgeID":null},{"edgeID":"1719745","fromID":"1309469","toID":"1309468","formEdgeID":null},{"edgeID":"1719746","fromID":"1309467","toID":"1309470","formEdgeID":null},{"edgeID":"1719747","fromID":"1309470","toID":"1309466","formEdgeID":null},{"edgeID":"1719748","fromID":"1309467","toID":"1309471","formEdgeID":null},{"edgeID":"1719749","fromID":"1309471","toID":"1309457","formEdgeID":null},{"edgeID":"1719750","fromID":"1309456","toID":"1309472","formEdgeID":null},{"edgeID":"1719751","fromID":"1309472","toID":"1309466","formEdgeID":null},{"edgeID":"1719752","fromID":"1309471","toID":"1309473","formEdgeID":null},{"edgeID":"1719753","fromID":"1309473","toID":"1309472","formEdgeID":null},{"edgeID":"1719754","fromID":"1309457","toID":"1309474","formEdgeID":null},{"edgeID":"1719755","fromID":"1309474","toID":"1309462","formEdgeID":null},{"edgeID":"1719756","fromID":"1309477","toID":"1309476","formEdgeID":null},{"edgeID":"1719757","fromID":"1309478","toID":"1309477","formEdgeID":null},{"edgeID":"1719758","fromID":"1309476","toID":"1309479","formEdgeID":null},{"edgeID":"1719759","fromID":"1309479","toID":"1309475","formEdgeID":null},{"edgeID":"1719760","fromID":"1309462","toID":"1309480","formEdgeID":null},{"edgeID":"1719761","fromID":"1309480","toID":"1309476","formEdgeID":null},{"edgeID":"1719762","fromID":"1309483","toID":"1309482","formEdgeID":null},{"edgeID":"1719763","fromID":"1309484","toID":"1309483","formEdgeID":null},{"edgeID":"1719764","fromID":"1309482","toID":"1309485","formEdgeID":null},{"edgeID":"1719765","fromID":"1309485","toID":"1309481","formEdgeID":null},{"edgeID":"1719766","fromID":"1309476","toID":"1309486","formEdgeID":null},{"edgeID":"1719767","fromID":"1309486","toID":"1309482","formEdgeID":null},{"edgeID":"1719768","fromID":"1309481","toID":"1309487","formEdgeID":null},{"edgeID":"1719769","fromID":"1309487","toID":"1309475","formEdgeID":null},{"edgeID":"1719770","fromID":"1309486","toID":"1309488","formEdgeID":null},{"edgeID":"1719771","fromID":"1309488","toID":"1309487","formEdgeID":null},{"edgeID":"1719772","fromID":"1309491","toID":"1309490","formEdgeID":null},{"edgeID":"1719773","fromID":"1309492","toID":"1309491","formEdgeID":null},{"edgeID":"1719774","fromID":"1309490","toID":"1309493","formEdgeID":null},{"edgeID":"1719775","fromID":"1309493","toID":"1309489","formEdgeID":null},{"edgeID":"1719776","fromID":"1309482","toID":"1309494","formEdgeID":null},{"edgeID":"1719777","fromID":"1309494","toID":"1309490","formEdgeID":null},{"edgeID":"1719778","fromID":"1309475","toID":"1309495","formEdgeID":null},{"edgeID":"1719779","fromID":"1309495","toID":"1309461","formEdgeID":null},{"edgeID":"1719780","fromID":"1309480","toID":"1309496","formEdgeID":null},{"edgeID":"1719781","fromID":"1309496","toID":"1309495","formEdgeID":null}],"locutions":[]}