{"nodes":[{"nodeID":"1304353","text":"this energy strategy is a short-term answer to a short-term problem","type":"I","timestamp":"2023-11-09 13:01:36"},{"nodeID":"1304354","text":"Zing Tsjeng:  this energy strategy is a short-term answer to a short-term problem","type":"L","timestamp":"2023-11-09 13:01:36"},{"nodeID":"1304355","text":"Analysing","type":"YA","timestamp":"2023-11-09 13:01:36"},{"nodeID":"1304356","text":"Mascha: Zing Tsjeng:  this energy strategy is a short-term answer to a short-term problem","type":"L","timestamp":"2023-11-09 13:01:36"},{"nodeID":"1304357","text":"Asserting","type":"YA","timestamp":"2023-11-09 13:01:36"},{"nodeID":"1304358","text":"we have to reduce our dependency on Russian fossil fuels","type":"I","timestamp":"2023-11-09 13:01:37"},{"nodeID":"1304359","text":"Zing Tsjeng: We have to reduce our dependency on Russian fossil fuels","type":"L","timestamp":"2023-11-09 13:01:37"},{"nodeID":"1304360","text":"Analysing","type":"YA","timestamp":"2023-11-09 13:01:37"},{"nodeID":"1304361","text":"Mascha: Zing Tsjeng: We have to reduce our dependency on Russian fossil fuels","type":"L","timestamp":"2023-11-09 13:01:37"},{"nodeID":"1304362","text":"Asserting","type":"YA","timestamp":"2023-11-09 13:01:37"},{"nodeID":"1304363","text":"Default Transition","type":"TA","timestamp":"2023-11-09 13:01:37"},{"nodeID":"1304364","text":"the long-term problem is the climate crisis","type":"I","timestamp":"2023-11-09 13:01:38"},{"nodeID":"1304365","text":"Zing Tsjeng: the long-term problem is the climate crisis","type":"L","timestamp":"2023-11-09 13:01:38"},{"nodeID":"1304366","text":"Analysing","type":"YA","timestamp":"2023-11-09 13:01:38"},{"nodeID":"1304367","text":"Mascha: Zing Tsjeng: the long-term problem is the climate crisis","type":"L","timestamp":"2023-11-09 13:01:38"},{"nodeID":"1304368","text":"Asserting","type":"YA","timestamp":"2023-11-09 13:01:38"},{"nodeID":"1304369","text":"Default Transition","type":"TA","timestamp":"2023-11-09 13:01:38"},{"nodeID":"1304370","text":"Default Inference","type":"RA","timestamp":"2023-11-09 13:01:38"},{"nodeID":"1304371","text":"Arguing","type":"YA","timestamp":"2023-11-09 13:01:38"},{"nodeID":"1304372","text":"we have three years to drastically reduce emissions unless we face a three degree warming across the planet","type":"I","timestamp":"2023-11-09 13:01:38"},{"nodeID":"1304373","text":"Zing Tsjeng: It warns that we have three years to drastically reduce emissions unless we face a three degree warming across the planet","type":"L","timestamp":"2023-11-09 13:01:38"},{"nodeID":"1304374","text":"Analysing","type":"YA","timestamp":"2023-11-09 13:01:38"},{"nodeID":"1304375","text":"Mascha: Zing Tsjeng: It warns that we have three years to drastically reduce emissions unless we face a three degree warming across the planet","type":"L","timestamp":"2023-11-09 13:01:38"},{"nodeID":"1304376","text":"Default Transition","type":"TA","timestamp":"2023-11-09 13:01:38"},{"nodeID":"1304377","text":"IPCC report: we have three years to drastically reduce emissions unless we face a three degree warming across the planet","type":"L","timestamp":"2023-11-09 13:01:38"},{"nodeID":"1304378","text":"Analysing","type":"YA","timestamp":"2023-11-09 13:01:38"},{"nodeID":"1304379","text":"Mascha: IPCC report: It warns that we have three years to drastically reduce emissions unless we face a three degree warming across the planet","type":"L","timestamp":"2023-11-09 13:01:38"},{"nodeID":"1304380","text":"Asserting","type":"YA","timestamp":"2023-11-09 13:01:38"},{"nodeID":"1304381","text":"Asserting","type":"YA","timestamp":"2023-11-09 13:01:38"},{"nodeID":"1304382","text":"in the decades to come, it's highly likely that some parts of Dover might be under water because of rising sea levels","type":"I","timestamp":"2023-11-09 13:01:39"},{"nodeID":"1304383","text":"Zing Tsjeng:  in the decades to come, it's highly likely that some parts of Dover might be under water because of rising sea levels","type":"L","timestamp":"2023-11-09 13:01:39"},{"nodeID":"1304384","text":"Analysing","type":"YA","timestamp":"2023-11-09 13:01:39"},{"nodeID":"1304385","text":"Mascha: Zing Tsjeng:  in the decades to come, it's highly likely that some parts of Dover might be under water because of rising sea levels","type":"L","timestamp":"2023-11-09 13:01:39"},{"nodeID":"1304386","text":"Asserting","type":"YA","timestamp":"2023-11-09 13:01:39"},{"nodeID":"1304387","text":"Default Inference","type":"RA","timestamp":"2023-11-09 13:01:39"},{"nodeID":"1304388","text":"Arguing","type":"YA","timestamp":"2023-11-09 13:01:39"},{"nodeID":"1304389","text":"Default Inference","type":"RA","timestamp":"2023-11-09 13:01:39"},{"nodeID":"1304390","text":"Default Transition","type":"TA","timestamp":"2023-11-09 13:01:39"},{"nodeID":"1304391","text":"Arguing","type":"YA","timestamp":"2023-11-09 13:01:39"},{"nodeID":"1304392","text":"we need something that stops the problem of the climate crisis right now","type":"I","timestamp":"2023-11-09 13:01:40"},{"nodeID":"1304393","text":"Zing Tsjeng: We need something that stops the problem right now","type":"L","timestamp":"2023-11-09 13:01:40"},{"nodeID":"1304394","text":"Analysing","type":"YA","timestamp":"2023-11-09 13:01:40"},{"nodeID":"1304395","text":"Mascha: Zing Tsjeng: We need something that stops the problem right now","type":"L","timestamp":"2023-11-09 13:01:40"},{"nodeID":"1304396","text":"Asserting","type":"YA","timestamp":"2023-11-09 13:01:40"},{"nodeID":"1304397","text":"Default Transition","type":"TA","timestamp":"2023-11-09 13:01:40"},{"nodeID":"1304398","text":"Default Inference","type":"RA","timestamp":"2023-11-09 13:01:40"},{"nodeID":"1304399","text":"Arguing","type":"YA","timestamp":"2023-11-09 13:01:40"},{"nodeID":"1304400","text":"Default Inference","type":"RA","timestamp":"2023-11-09 13:01:40"},{"nodeID":"1304401","text":"Default Transition","type":"TA","timestamp":"2023-11-09 13:01:40"},{"nodeID":"1304402","text":"Arguing","type":"YA","timestamp":"2023-11-09 13:01:40"},{"nodeID":"1304403","text":"insulation is one of the cheapest, quickest and most effective ways for people to both cut their energy bills and also to save on energy","type":"I","timestamp":"2023-11-09 13:01:40"},{"nodeID":"1304404","text":"Zing Tsjeng:  insulation is one of the cheapest, quickest and most effective ways for people to both cut their energy bills and also to save on energy","type":"L","timestamp":"2023-11-09 13:01:40"},{"nodeID":"1304405","text":"Analysing","type":"YA","timestamp":"2023-11-09 13:01:40"},{"nodeID":"1304406","text":"Mascha: Zing Tsjeng:  insulation is one of the cheapest, quickest and most effective ways for people to both cut their energy bills and also to save on energy","type":"L","timestamp":"2023-11-09 13:01:40"},{"nodeID":"1304407","text":"Asserting","type":"YA","timestamp":"2023-11-09 13:01:40"},{"nodeID":"1304408","text":"Default Transition","type":"TA","timestamp":"2023-11-09 13:01:40"},{"nodeID":"1304409","text":"xxx is why insulation hasn't that been part of the Government's energy strategy","type":"I","timestamp":"2023-11-09 13:01:41"},{"nodeID":"1304410","text":"Zing Tsjeng: why hasn't that been part of the Government's strategy","type":"L","timestamp":"2023-11-09 13:01:41"},{"nodeID":"1304411","text":"Analysing","type":"YA","timestamp":"2023-11-09 13:01:41"},{"nodeID":"1304412","text":"Mascha: Zing Tsjeng: why hasn't that been part of the Government's strategy","type":"L","timestamp":"2023-11-09 13:01:41"},{"nodeID":"1304413","text":"Pure Questioning","type":"YA","timestamp":"2023-11-09 13:01:41"},{"nodeID":"1304414","text":"Default Transition","type":"TA","timestamp":"2023-11-09 13:01:41"}],"edges":[{"edgeID":"1713761","fromID":"1304355","toID":"1304354","formEdgeID":null},{"edgeID":"1713762","fromID":"1304356","toID":"1304355","formEdgeID":null},{"edgeID":"1713763","fromID":"1304354","toID":"1304357","formEdgeID":null},{"edgeID":"1713764","fromID":"1304357","toID":"1304353","formEdgeID":null},{"edgeID":"1713765","fromID":"1304360","toID":"1304359","formEdgeID":null},{"edgeID":"1713766","fromID":"1304361","toID":"1304360","formEdgeID":null},{"edgeID":"1713767","fromID":"1304359","toID":"1304362","formEdgeID":null},{"edgeID":"1713768","fromID":"1304362","toID":"1304358","formEdgeID":null},{"edgeID":"1713769","fromID":"1304354","toID":"1304363","formEdgeID":null},{"edgeID":"1713770","fromID":"1304363","toID":"1304359","formEdgeID":null},{"edgeID":"1713771","fromID":"1304366","toID":"1304365","formEdgeID":null},{"edgeID":"1713772","fromID":"1304367","toID":"1304366","formEdgeID":null},{"edgeID":"1713773","fromID":"1304365","toID":"1304368","formEdgeID":null},{"edgeID":"1713774","fromID":"1304368","toID":"1304364","formEdgeID":null},{"edgeID":"1713775","fromID":"1304359","toID":"1304369","formEdgeID":null},{"edgeID":"1713776","fromID":"1304369","toID":"1304365","formEdgeID":null},{"edgeID":"1713777","fromID":"1304364","toID":"1304370","formEdgeID":null},{"edgeID":"1713778","fromID":"1304370","toID":"1304353","formEdgeID":null},{"edgeID":"1713779","fromID":"1304358","toID":"1304370","formEdgeID":null},{"edgeID":"1713780","fromID":"1304369","toID":"1304371","formEdgeID":null},{"edgeID":"1713781","fromID":"1304371","toID":"1304370","formEdgeID":null},{"edgeID":"1713782","fromID":"1304374","toID":"1304373","formEdgeID":null},{"edgeID":"1713783","fromID":"1304375","toID":"1304374","formEdgeID":null},{"edgeID":"1713784","fromID":"1304365","toID":"1304376","formEdgeID":null},{"edgeID":"1713785","fromID":"1304376","toID":"1304373","formEdgeID":null},{"edgeID":"1713786","fromID":"1304378","toID":"1304377","formEdgeID":null},{"edgeID":"1713787","fromID":"1304379","toID":"1304378","formEdgeID":null},{"edgeID":"1713788","fromID":"1304377","toID":"1304380","formEdgeID":null},{"edgeID":"1713789","fromID":"1304380","toID":"1304372","formEdgeID":null},{"edgeID":"1713790","fromID":"1304373","toID":"1304381","formEdgeID":null},{"edgeID":"1713791","fromID":"1304381","toID":"1304377","formEdgeID":null},{"edgeID":"1713792","fromID":"1304384","toID":"1304383","formEdgeID":null},{"edgeID":"1713793","fromID":"1304385","toID":"1304384","formEdgeID":null},{"edgeID":"1713794","fromID":"1304383","toID":"1304386","formEdgeID":null},{"edgeID":"1713795","fromID":"1304386","toID":"1304382","formEdgeID":null},{"edgeID":"1713796","fromID":"1304372","toID":"1304387","formEdgeID":null},{"edgeID":"1713797","fromID":"1304387","toID":"1304364","formEdgeID":null},{"edgeID":"1713798","fromID":"1304376","toID":"1304388","formEdgeID":null},{"edgeID":"1713799","fromID":"1304388","toID":"1304387","formEdgeID":null},{"edgeID":"1713800","fromID":"1304382","toID":"1304389","formEdgeID":null},{"edgeID":"1713801","fromID":"1304389","toID":"1304364","formEdgeID":null},{"edgeID":"1713802","fromID":"1304365","toID":"1304390","formEdgeID":null},{"edgeID":"1713803","fromID":"1304390","toID":"1304383","formEdgeID":null},{"edgeID":"1713804","fromID":"1304390","toID":"1304391","formEdgeID":null},{"edgeID":"1713805","fromID":"1304391","toID":"1304389","formEdgeID":null},{"edgeID":"1713806","fromID":"1304394","toID":"1304393","formEdgeID":null},{"edgeID":"1713807","fromID":"1304395","toID":"1304394","formEdgeID":null},{"edgeID":"1713808","fromID":"1304393","toID":"1304396","formEdgeID":null},{"edgeID":"1713809","fromID":"1304396","toID":"1304392","formEdgeID":null},{"edgeID":"1713810","fromID":"1304383","toID":"1304397","formEdgeID":null},{"edgeID":"1713811","fromID":"1304397","toID":"1304393","formEdgeID":null},{"edgeID":"1713812","fromID":"1304382","toID":"1304398","formEdgeID":null},{"edgeID":"1713813","fromID":"1304398","toID":"1304392","formEdgeID":null},{"edgeID":"1713814","fromID":"1304397","toID":"1304399","formEdgeID":null},{"edgeID":"1713815","fromID":"1304399","toID":"1304398","formEdgeID":null},{"edgeID":"1713816","fromID":"1304372","toID":"1304400","formEdgeID":null},{"edgeID":"1713817","fromID":"1304400","toID":"1304392","formEdgeID":null},{"edgeID":"1713818","fromID":"1304373","toID":"1304401","formEdgeID":null},{"edgeID":"1713819","fromID":"1304401","toID":"1304393","formEdgeID":null},{"edgeID":"1713820","fromID":"1304401","toID":"1304402","formEdgeID":null},{"edgeID":"1713821","fromID":"1304402","toID":"1304400","formEdgeID":null},{"edgeID":"1713822","fromID":"1304405","toID":"1304404","formEdgeID":null},{"edgeID":"1713823","fromID":"1304406","toID":"1304405","formEdgeID":null},{"edgeID":"1713824","fromID":"1304404","toID":"1304407","formEdgeID":null},{"edgeID":"1713825","fromID":"1304407","toID":"1304403","formEdgeID":null},{"edgeID":"1713826","fromID":"1304393","toID":"1304408","formEdgeID":null},{"edgeID":"1713827","fromID":"1304408","toID":"1304404","formEdgeID":null},{"edgeID":"1713828","fromID":"1304411","toID":"1304410","formEdgeID":null},{"edgeID":"1713829","fromID":"1304412","toID":"1304411","formEdgeID":null},{"edgeID":"1713830","fromID":"1304410","toID":"1304413","formEdgeID":null},{"edgeID":"1713831","fromID":"1304413","toID":"1304409","formEdgeID":null},{"edgeID":"1713832","fromID":"1304404","toID":"1304414","formEdgeID":null},{"edgeID":"1713833","fromID":"1304414","toID":"1304410","formEdgeID":null}],"locutions":[]}