{"nodes":[{"nodeID":"1153751","text":"Akshata Murthy is or is not paying in on all her income","type":"I","timestamp":"2023-04-21 13:34:28"},{"nodeID":"1153756","text":"if you spent most of your life living in the UK, it stands to reason that you should be paying tax on most of your income if you're spending your spending your life here","type":"I","timestamp":"2023-04-21 13:34:31"},{"nodeID":"1153764","text":"you should be paying tax on most of your income if you're spending your life in the UK which is why the non-dom rules are there","type":"I","timestamp":"2023-04-21 13:34:33"},{"nodeID":"1153772","text":"this government has tightened the non-dom rules very considerably","type":"I","timestamp":"2023-04-21 13:34:36"},{"nodeID":"1153780","text":"the government has not tightened the nom-dom rules enough","type":"I","timestamp":"2023-04-21 13:34:38"},{"nodeID":"1153788","text":"this government has tightened the nom-dom rules very considerably from the last government under Labour","type":"I","timestamp":"2023-04-21 13:34:41"},{"nodeID":"1153796","text":"the last government under Labour had a total free for all","type":"I","timestamp":"2023-04-21 13:34:43"},{"nodeID":"1153804","text":"this situation with Akshata Murthy does or does not scupper her husband Rishi Sunak's plans of ever wanting to be prime minister of this country, if he wanted it","type":"I","timestamp":"2023-04-21 13:34:46"},{"nodeID":"1153810","text":"when you have a look at Partygate, with regards to a government where they're giving out one instruction and following something completely different","type":"I","timestamp":"2023-04-21 13:34:48"},{"nodeID":"1308114","text":"Zing Tsjeng: is she paying in on all her income","type":"L","timestamp":"2023-11-09 13:06:50"},{"nodeID":"1308115","text":"Analysing","type":"YA","timestamp":"2023-11-09 13:06:50"},{"nodeID":"1308116","text":"Anon: Zing Tsjeng: is she paying in on all her income","type":"L","timestamp":"2023-11-09 13:06:50"},{"nodeID":"1308117","text":"Pure Questioning","type":"YA","timestamp":"2023-11-09 13:06:50"},{"nodeID":"1308118","text":"Zing Tsjeng: if you spent most of your life living in the UK, it stands to reason that you should be paying tax on most of your income if you're spending your spending your life here","type":"L","timestamp":"2023-11-09 13:06:50"},{"nodeID":"1308119","text":"Analysing","type":"YA","timestamp":"2023-11-09 13:06:50"},{"nodeID":"1308120","text":"Anon: Zing Tsjeng: if you spent most of your life living in the UK, it stands to reason that you should be paying tax on most of your income if you're spending your spending your life here","type":"L","timestamp":"2023-11-09 13:06:50"},{"nodeID":"1308121","text":"Asserting","type":"YA","timestamp":"2023-11-09 13:06:50"},{"nodeID":"1308122","text":"Default Transition","type":"TA","timestamp":"2023-11-09 13:06:50"},{"nodeID":"1308123","text":"Default Rephrase","type":"MA","timestamp":"2023-11-09 13:06:50"},{"nodeID":"1308124","text":"Restating","type":"YA","timestamp":"2023-11-09 13:06:50"},{"nodeID":"1308125","text":"Greg Hands: That's why the non-dom rules are there","type":"L","timestamp":"2023-11-09 13:06:51"},{"nodeID":"1308126","text":"Analysing","type":"YA","timestamp":"2023-11-09 13:06:51"},{"nodeID":"1308127","text":"Anon: Greg Hands: That's why the non-dom rules are there","type":"L","timestamp":"2023-11-09 13:06:51"},{"nodeID":"1308128","text":"Asserting","type":"YA","timestamp":"2023-11-09 13:06:51"},{"nodeID":"1308129","text":"Default Transition","type":"TA","timestamp":"2023-11-09 13:06:51"},{"nodeID":"1308130","text":"Default Inference","type":"RA","timestamp":"2023-11-09 13:06:51"},{"nodeID":"1308131","text":"Arguing","type":"YA","timestamp":"2023-11-09 13:06:51"},{"nodeID":"1308132","text":"Greg Hands: this government has tightened the non-dom rules very considerably","type":"L","timestamp":"2023-11-09 13:06:51"},{"nodeID":"1308133","text":"Analysing","type":"YA","timestamp":"2023-11-09 13:06:51"},{"nodeID":"1308134","text":"Anon: Greg Hands: this government has tightened the non-dom rules very considerably","type":"L","timestamp":"2023-11-09 13:06:51"},{"nodeID":"1308135","text":"Asserting","type":"YA","timestamp":"2023-11-09 13:06:51"},{"nodeID":"1308136","text":"Default Transition","type":"TA","timestamp":"2023-11-09 13:06:51"},{"nodeID":"1308137","text":"Default Rephrase","type":"MA","timestamp":"2023-11-09 13:06:51"},{"nodeID":"1308138","text":"Restating","type":"YA","timestamp":"2023-11-09 13:06:51"},{"nodeID":"1308139","text":"Emily Thornberry: not enough","type":"L","timestamp":"2023-11-09 13:06:52"},{"nodeID":"1308140","text":"Analysing","type":"YA","timestamp":"2023-11-09 13:06:52"},{"nodeID":"1308141","text":"Anon: Emily Thornberry: not enough","type":"L","timestamp":"2023-11-09 13:06:52"},{"nodeID":"1308142","text":"Asserting","type":"YA","timestamp":"2023-11-09 13:06:52"},{"nodeID":"1308143","text":"Default Transition","type":"TA","timestamp":"2023-11-09 13:06:52"},{"nodeID":"1308144","text":"Default Conflict","type":"CA","timestamp":"2023-11-09 13:06:52"},{"nodeID":"1308145","text":"Disagreeing","type":"YA","timestamp":"2023-11-09 13:06:52"},{"nodeID":"1308146","text":"Greg Hands: from the last government under Labour","type":"L","timestamp":"2023-11-09 13:06:53"},{"nodeID":"1308147","text":"Analysing","type":"YA","timestamp":"2023-11-09 13:06:53"},{"nodeID":"1308148","text":"Anon: Greg Hands: from the last government under Labour","type":"L","timestamp":"2023-11-09 13:06:53"},{"nodeID":"1308149","text":"Asserting","type":"YA","timestamp":"2023-11-09 13:06:53"},{"nodeID":"1308150","text":"Default Rephrase","type":"MA","timestamp":"2023-11-09 13:06:53"},{"nodeID":"1308151","text":"Default Transition","type":"TA","timestamp":"2023-11-09 13:06:53"},{"nodeID":"1308152","text":"Restating","type":"YA","timestamp":"2023-11-09 13:06:53"},{"nodeID":"1308153","text":"Greg Hands: which had a total free for all","type":"L","timestamp":"2023-11-09 13:06:53"},{"nodeID":"1308154","text":"Analysing","type":"YA","timestamp":"2023-11-09 13:06:53"},{"nodeID":"1308155","text":"Anon: Greg Hands: which had a total free for all","type":"L","timestamp":"2023-11-09 13:06:53"},{"nodeID":"1308156","text":"Asserting","type":"YA","timestamp":"2023-11-09 13:06:53"},{"nodeID":"1308157","text":"Default Transition","type":"TA","timestamp":"2023-11-09 13:06:53"},{"nodeID":"1308158","text":"Default Rephrase","type":"MA","timestamp":"2023-11-09 13:06:53"},{"nodeID":"1308159","text":"Restating","type":"YA","timestamp":"2023-11-09 13:06:53"},{"nodeID":"1308160","text":"AudienceMember 20220407QT24: If Rishi Sunak wanted it, does this scupper his plans of ever wanting to be prime minister of this country","type":"L","timestamp":"2023-11-09 13:06:54"},{"nodeID":"1308161","text":"Analysing","type":"YA","timestamp":"2023-11-09 13:06:54"},{"nodeID":"1308162","text":"Anon: AudienceMember 20220407QT24: If Rishi Sunak wanted it, does this scupper his plans of ever wanting to be prime minister of this country","type":"L","timestamp":"2023-11-09 13:06:54"},{"nodeID":"1308163","text":"Pure Questioning","type":"YA","timestamp":"2023-11-09 13:06:54"},{"nodeID":"1308164","text":"Default Transition","type":"TA","timestamp":"2023-11-09 13:06:54"},{"nodeID":"1308165","text":"AudienceMember 20220407QT24: when you have a look at Partygate, and I know I've diverged a little bit there, but with regards to a government where they're giving out one instruction and following something completely different","type":"L","timestamp":"2023-11-09 13:06:54"},{"nodeID":"1308166","text":"Analysing","type":"YA","timestamp":"2023-11-09 13:06:54"},{"nodeID":"1308167","text":"Anon: AudienceMember 20220407QT24: when you have a look at Partygate, and I know I've diverged a little bit there, but with regards to a government where they're giving out one instruction and following something completely different","type":"L","timestamp":"2023-11-09 13:06:54"},{"nodeID":"1308168","text":"Asserting","type":"YA","timestamp":"2023-11-09 13:06:54"},{"nodeID":"1308169","text":"Default Transition","type":"TA","timestamp":"2023-11-09 13:06:54"}],"edges":[{"edgeID":"1718149","fromID":"1308115","toID":"1308114","formEdgeID":null},{"edgeID":"1718150","fromID":"1308116","toID":"1308115","formEdgeID":null},{"edgeID":"1718151","fromID":"1308114","toID":"1308117","formEdgeID":null},{"edgeID":"1718152","fromID":"1308117","toID":"1153751","formEdgeID":null},{"edgeID":"1718153","fromID":"1308119","toID":"1308118","formEdgeID":null},{"edgeID":"1718154","fromID":"1308120","toID":"1308119","formEdgeID":null},{"edgeID":"1718155","fromID":"1308118","toID":"1308121","formEdgeID":null},{"edgeID":"1718156","fromID":"1308121","toID":"1153756","formEdgeID":null},{"edgeID":"1718157","fromID":"1308114","toID":"1308122","formEdgeID":null},{"edgeID":"1718158","fromID":"1308122","toID":"1308118","formEdgeID":null},{"edgeID":"1718159","fromID":"1153756","toID":"1308123","formEdgeID":null},{"edgeID":"1718160","fromID":"1308123","toID":"1153751","formEdgeID":null},{"edgeID":"1718161","fromID":"1308122","toID":"1308124","formEdgeID":null},{"edgeID":"1718162","fromID":"1308124","toID":"1308123","formEdgeID":null},{"edgeID":"1718163","fromID":"1308126","toID":"1308125","formEdgeID":null},{"edgeID":"1718164","fromID":"1308127","toID":"1308126","formEdgeID":null},{"edgeID":"1718165","fromID":"1308125","toID":"1308128","formEdgeID":null},{"edgeID":"1718166","fromID":"1308128","toID":"1153764","formEdgeID":null},{"edgeID":"1718167","fromID":"1308118","toID":"1308129","formEdgeID":null},{"edgeID":"1718168","fromID":"1308129","toID":"1308125","formEdgeID":null},{"edgeID":"1718169","fromID":"1153756","toID":"1308130","formEdgeID":null},{"edgeID":"1718170","fromID":"1308130","toID":"1153764","formEdgeID":null},{"edgeID":"1718171","fromID":"1308129","toID":"1308131","formEdgeID":null},{"edgeID":"1718172","fromID":"1308131","toID":"1308130","formEdgeID":null},{"edgeID":"1718173","fromID":"1308133","toID":"1308132","formEdgeID":null},{"edgeID":"1718174","fromID":"1308134","toID":"1308133","formEdgeID":null},{"edgeID":"1718175","fromID":"1308132","toID":"1308135","formEdgeID":null},{"edgeID":"1718176","fromID":"1308135","toID":"1153772","formEdgeID":null},{"edgeID":"1718177","fromID":"1308125","toID":"1308136","formEdgeID":null},{"edgeID":"1718178","fromID":"1308136","toID":"1308132","formEdgeID":null},{"edgeID":"1718179","fromID":"1153772","toID":"1308137","formEdgeID":null},{"edgeID":"1718180","fromID":"1308137","toID":"1153764","formEdgeID":null},{"edgeID":"1718181","fromID":"1308136","toID":"1308138","formEdgeID":null},{"edgeID":"1718182","fromID":"1308138","toID":"1308137","formEdgeID":null},{"edgeID":"1718183","fromID":"1308140","toID":"1308139","formEdgeID":null},{"edgeID":"1718184","fromID":"1308141","toID":"1308140","formEdgeID":null},{"edgeID":"1718185","fromID":"1308139","toID":"1308142","formEdgeID":null},{"edgeID":"1718186","fromID":"1308142","toID":"1153780","formEdgeID":null},{"edgeID":"1718187","fromID":"1308132","toID":"1308143","formEdgeID":null},{"edgeID":"1718188","fromID":"1308143","toID":"1308139","formEdgeID":null},{"edgeID":"1718189","fromID":"1153780","toID":"1308144","formEdgeID":null},{"edgeID":"1718190","fromID":"1308144","toID":"1153772","formEdgeID":null},{"edgeID":"1718191","fromID":"1308143","toID":"1308145","formEdgeID":null},{"edgeID":"1718192","fromID":"1308145","toID":"1308144","formEdgeID":null},{"edgeID":"1718193","fromID":"1308147","toID":"1308146","formEdgeID":null},{"edgeID":"1718194","fromID":"1308148","toID":"1308147","formEdgeID":null},{"edgeID":"1718195","fromID":"1308146","toID":"1308149","formEdgeID":null},{"edgeID":"1718196","fromID":"1308149","toID":"1153788","formEdgeID":null},{"edgeID":"1718197","fromID":"1153788","toID":"1308150","formEdgeID":null},{"edgeID":"1718198","fromID":"1308150","toID":"1153772","formEdgeID":null},{"edgeID":"1718199","fromID":"1308132","toID":"1308151","formEdgeID":null},{"edgeID":"1718200","fromID":"1308151","toID":"1308146","formEdgeID":null},{"edgeID":"1718201","fromID":"1308151","toID":"1308152","formEdgeID":null},{"edgeID":"1718202","fromID":"1308152","toID":"1308150","formEdgeID":null},{"edgeID":"1718203","fromID":"1308154","toID":"1308153","formEdgeID":null},{"edgeID":"1718204","fromID":"1308155","toID":"1308154","formEdgeID":null},{"edgeID":"1718205","fromID":"1308153","toID":"1308156","formEdgeID":null},{"edgeID":"1718206","fromID":"1308156","toID":"1153796","formEdgeID":null},{"edgeID":"1718207","fromID":"1308146","toID":"1308157","formEdgeID":null},{"edgeID":"1718208","fromID":"1308157","toID":"1308153","formEdgeID":null},{"edgeID":"1718209","fromID":"1153796","toID":"1308158","formEdgeID":null},{"edgeID":"1718210","fromID":"1308158","toID":"1153788","formEdgeID":null},{"edgeID":"1718211","fromID":"1308157","toID":"1308159","formEdgeID":null},{"edgeID":"1718212","fromID":"1308159","toID":"1308158","formEdgeID":null},{"edgeID":"1718213","fromID":"1308161","toID":"1308160","formEdgeID":null},{"edgeID":"1718214","fromID":"1308162","toID":"1308161","formEdgeID":null},{"edgeID":"1718215","fromID":"1308160","toID":"1308163","formEdgeID":null},{"edgeID":"1718216","fromID":"1308163","toID":"1153804","formEdgeID":null},{"edgeID":"1718217","fromID":"1308153","toID":"1308164","formEdgeID":null},{"edgeID":"1718218","fromID":"1308164","toID":"1308160","formEdgeID":null},{"edgeID":"1718219","fromID":"1308166","toID":"1308165","formEdgeID":null},{"edgeID":"1718220","fromID":"1308167","toID":"1308166","formEdgeID":null},{"edgeID":"1718221","fromID":"1308165","toID":"1308168","formEdgeID":null},{"edgeID":"1718222","fromID":"1308168","toID":"1153810","formEdgeID":null},{"edgeID":"1718223","fromID":"1308160","toID":"1308169","formEdgeID":null},{"edgeID":"1718224","fromID":"1308169","toID":"1308165","formEdgeID":null}],"locutions":[]}