{"nodes":[{"nodeID":"1308170","text":"Rishi Sunak's wife should or should not have paid tax on that in the UK","type":"I","timestamp":"2023-11-09 13:06:55"},{"nodeID":"1308171","text":"Fiona Bruce: Do you think she should have paid tax on that in the UK","type":"L","timestamp":"2023-11-09 13:06:55"},{"nodeID":"1308172","text":"Analysing","type":"YA","timestamp":"2023-11-09 13:06:55"},{"nodeID":"1308173","text":"Steffi: Fiona Bruce: Do you think she should have paid tax on that in the UK","type":"L","timestamp":"2023-11-09 13:06:55"},{"nodeID":"1308174","text":"Pure Questioning","type":"YA","timestamp":"2023-11-09 13:06:55"},{"nodeID":"1308175","text":"Rishi Sunak's wife having paid tax on that in the UK would help","type":"I","timestamp":"2023-11-09 13:06:56"},{"nodeID":"1308176","text":"Emily Thornberry: It would help","type":"L","timestamp":"2023-11-09 13:06:56"},{"nodeID":"1308177","text":"Analysing","type":"YA","timestamp":"2023-11-09 13:06:56"},{"nodeID":"1308178","text":"Steffi: Emily Thornberry: It would help","type":"L","timestamp":"2023-11-09 13:06:56"},{"nodeID":"1308179","text":"Asserting","type":"YA","timestamp":"2023-11-09 13:06:56"},{"nodeID":"1308180","text":"Default Transition","type":"TA","timestamp":"2023-11-09 13:06:56"},{"nodeID":"1308181","text":"Default Rephrase","type":"MA","timestamp":"2023-11-09 13:06:56"},{"nodeID":"1308182","text":"Default Illocuting","type":"YA","timestamp":"2023-11-09 13:06:56"},{"nodeID":"1308183","text":"the current system that we have is that ordinary working people are the ones who pay taxes in this country","type":"I","timestamp":"2023-11-09 13:06:56"},{"nodeID":"1308184","text":"Emily Thornberry: the current system that we have is that ordinary working people are the ones who pay taxes in this country","type":"L","timestamp":"2023-11-09 13:06:56"},{"nodeID":"1308185","text":"Analysing","type":"YA","timestamp":"2023-11-09 13:06:56"},{"nodeID":"1308186","text":"Steffi: Emily Thornberry: the current system that we have is that ordinary working people are the ones who pay taxes in this country","type":"L","timestamp":"2023-11-09 13:06:56"},{"nodeID":"1308187","text":"Asserting","type":"YA","timestamp":"2023-11-09 13:06:56"},{"nodeID":"1308188","text":"Default Transition","type":"TA","timestamp":"2023-11-09 13:06:56"},{"nodeID":"1308189","text":"ordinary working people are the ones who have to carry the burden","type":"I","timestamp":"2023-11-09 13:06:57"},{"nodeID":"1308190","text":"Emily Thornberry: They're the ones who have to carry the burden","type":"L","timestamp":"2023-11-09 13:06:57"},{"nodeID":"1308191","text":"Analysing","type":"YA","timestamp":"2023-11-09 13:06:57"},{"nodeID":"1308192","text":"Steffi: Emily Thornberry: They're the ones who have to carry the burden","type":"L","timestamp":"2023-11-09 13:06:57"},{"nodeID":"1308193","text":"Asserting","type":"YA","timestamp":"2023-11-09 13:06:57"},{"nodeID":"1308194","text":"Default Transition","type":"TA","timestamp":"2023-11-09 13:06:57"},{"nodeID":"1308195","text":"Default Rephrase","type":"MA","timestamp":"2023-11-09 13:06:57"},{"nodeID":"1308196","text":"Restating","type":"YA","timestamp":"2023-11-09 13:06:57"},{"nodeID":"1308197","text":"there are far too many people who just take the mickey","type":"I","timestamp":"2023-11-09 13:06:58"},{"nodeID":"1308198","text":"Emily Thornberry: there are far too many people, I think, who just take the mickey","type":"L","timestamp":"2023-11-09 13:06:58"},{"nodeID":"1308199","text":"Analysing","type":"YA","timestamp":"2023-11-09 13:06:58"},{"nodeID":"1308200","text":"Steffi: Emily Thornberry: there are far too many people, I think, who just take the mickey","type":"L","timestamp":"2023-11-09 13:06:58"},{"nodeID":"1308201","text":"Asserting","type":"YA","timestamp":"2023-11-09 13:06:58"},{"nodeID":"1308202","text":"Default Transition","type":"TA","timestamp":"2023-11-09 13:06:58"},{"nodeID":"1308203","text":"there are far too many people who are not paying taxes","type":"I","timestamp":"2023-11-09 13:06:58"},{"nodeID":"1308204","text":"Emily Thornberry: who are not paying taxes","type":"L","timestamp":"2023-11-09 13:06:58"},{"nodeID":"1308205","text":"Analysing","type":"YA","timestamp":"2023-11-09 13:06:58"},{"nodeID":"1308206","text":"Steffi: Emily Thornberry: who are not paying taxes","type":"L","timestamp":"2023-11-09 13:06:58"},{"nodeID":"1308207","text":"Asserting","type":"YA","timestamp":"2023-11-09 13:06:58"},{"nodeID":"1308208","text":"Default Transition","type":"TA","timestamp":"2023-11-09 13:06:58"},{"nodeID":"1308209","text":"Default Rephrase","type":"MA","timestamp":"2023-11-09 13:06:58"},{"nodeID":"1308210","text":"Restating","type":"YA","timestamp":"2023-11-09 13:06:58"},{"nodeID":"1308211","text":"Rishi Sunak's wife is paying UK taxes","type":"I","timestamp":"2023-11-09 13:06:59"},{"nodeID":"1308212","text":"Greg Hands: she's paying UK taxes","type":"L","timestamp":"2023-11-09 13:06:59"},{"nodeID":"1308213","text":"Analysing","type":"YA","timestamp":"2023-11-09 13:06:59"},{"nodeID":"1308214","text":"Steffi: Greg Hands: she's paying UK taxes","type":"L","timestamp":"2023-11-09 13:06:59"},{"nodeID":"1308215","text":"Asserting","type":"YA","timestamp":"2023-11-09 13:06:59"},{"nodeID":"1308216","text":"Default Transition","type":"TA","timestamp":"2023-11-09 13:06:59"},{"nodeID":"1308217","text":"Default Conflict","type":"CA","timestamp":"2023-11-09 13:06:59"},{"nodeID":"1308218","text":"Emily Thornberry appreciates Rishi Sunak's wife is paying taxes","type":"I","timestamp":"2023-11-09 13:06:59"},{"nodeID":"1308219","text":"Emily Thornberry: I appreciate she's paying taxes","type":"L","timestamp":"2023-11-09 13:06:59"},{"nodeID":"1308220","text":"Analysing","type":"YA","timestamp":"2023-11-09 13:06:59"},{"nodeID":"1308221","text":"Steffi: Emily Thornberry: I appreciate she's paying taxes","type":"L","timestamp":"2023-11-09 13:06:59"},{"nodeID":"1308222","text":"Asserting","type":"YA","timestamp":"2023-11-09 13:06:59"},{"nodeID":"1308223","text":"Emily Thornberry appreciates what Rishi Sunak's wife is doing","type":"I","timestamp":"2023-11-09 13:07:00"},{"nodeID":"1308224","text":"Emily Thornberry: I appreciate what she's doing","type":"L","timestamp":"2023-11-09 13:07:00"},{"nodeID":"1308225","text":"Analysing","type":"YA","timestamp":"2023-11-09 13:07:00"},{"nodeID":"1308226","text":"Steffi: Emily Thornberry: I appreciate what she's doing","type":"L","timestamp":"2023-11-09 13:07:00"},{"nodeID":"1308227","text":"Asserting","type":"YA","timestamp":"2023-11-09 13:07:00"},{"nodeID":"1308228","text":"Default Transition","type":"TA","timestamp":"2023-11-09 13:07:00"},{"nodeID":"1308229","text":"Default Transition","type":"TA","timestamp":"2023-11-09 13:07:00"},{"nodeID":"1308230","text":"Default Rephrase","type":"MA","timestamp":"2023-11-09 13:07:00"},{"nodeID":"1308231","text":"Restating","type":"YA","timestamp":"2023-11-09 13:07:00"},{"nodeID":"1308232","text":"Rishi Sunak's wife is not taking the mickey","type":"I","timestamp":"2023-11-09 13:07:00"},{"nodeID":"1308233","text":"Greg Hands: she's not taking the mickey","type":"L","timestamp":"2023-11-09 13:07:00"},{"nodeID":"1308234","text":"Analysing","type":"YA","timestamp":"2023-11-09 13:07:00"},{"nodeID":"1308235","text":"Steffi: Greg Hands: she's not taking the mickey","type":"L","timestamp":"2023-11-09 13:07:00"},{"nodeID":"1308236","text":"Asserting","type":"YA","timestamp":"2023-11-09 13:07:00"},{"nodeID":"1308237","text":"Default Conflict","type":"CA","timestamp":"2023-11-09 13:07:00"},{"nodeID":"1308238","text":"Default Transition","type":"TA","timestamp":"2023-11-09 13:07:00"},{"nodeID":"1308239","text":"Disagreeing","type":"YA","timestamp":"2023-11-09 13:07:00"},{"nodeID":"1308240","text":"Analysing","type":"YA","timestamp":"2023-11-09 13:07:00"},{"nodeID":"1308241","text":"Asserting","type":"YA","timestamp":"2023-11-09 13:07:00"},{"nodeID":"1308242","text":"Emily Thornberry appreciates that what Rishi Sunak's wife is doing is within the law","type":"I","timestamp":"2023-11-09 13:07:01"},{"nodeID":"1308243","text":"Emily Thornberry: I appreciate that what she's doing is within the law","type":"L","timestamp":"2023-11-09 13:07:01"},{"nodeID":"1308244","text":"Analysing","type":"YA","timestamp":"2023-11-09 13:07:01"},{"nodeID":"1308245","text":"Steffi: Emily Thornberry: I appreciate that what she's doing is within the law","type":"L","timestamp":"2023-11-09 13:07:01"},{"nodeID":"1308246","text":"Asserting","type":"YA","timestamp":"2023-11-09 13:07:01"},{"nodeID":"1308247","text":"Default Rephrase","type":"MA","timestamp":"2023-11-09 13:07:01"},{"nodeID":"1308248","text":"Default Transition","type":"TA","timestamp":"2023-11-09 13:07:01"},{"nodeID":"1308249","text":"Restating","type":"YA","timestamp":"2023-11-09 13:07:01"},{"nodeID":"1308250","text":"we should change the law","type":"I","timestamp":"2023-11-09 13:07:02"},{"nodeID":"1308251","text":"Emily Thornberry: we should change the law","type":"L","timestamp":"2023-11-09 13:07:02"},{"nodeID":"1308252","text":"Analysing","type":"YA","timestamp":"2023-11-09 13:07:02"},{"nodeID":"1308253","text":"Steffi: Emily Thornberry: we should change the law","type":"L","timestamp":"2023-11-09 13:07:02"},{"nodeID":"1308254","text":"Asserting","type":"YA","timestamp":"2023-11-09 13:07:02"},{"nodeID":"1308255","text":"Default Transition","type":"TA","timestamp":"2023-11-09 13:07:02"},{"nodeID":"1308256","text":"we should change the law so that we have a fairer tax system","type":"I","timestamp":"2023-11-09 13:07:02"},{"nodeID":"1308257","text":"Emily Thornberry: we should change the law so that we have a fairer tax system","type":"L","timestamp":"2023-11-09 13:07:02"},{"nodeID":"1308258","text":"Analysing","type":"YA","timestamp":"2023-11-09 13:07:02"},{"nodeID":"1308259","text":"Steffi: Emily Thornberry: we should change the law so that we have a fairer tax system","type":"L","timestamp":"2023-11-09 13:07:02"},{"nodeID":"1308260","text":"Asserting","type":"YA","timestamp":"2023-11-09 13:07:02"},{"nodeID":"1308261","text":"Default Transition","type":"TA","timestamp":"2023-11-09 13:07:02"},{"nodeID":"1308262","text":"Default Rephrase","type":"MA","timestamp":"2023-11-09 13:07:02"},{"nodeID":"1308263","text":"Restating","type":"YA","timestamp":"2023-11-09 13:07:02"},{"nodeID":"1308264","text":"there is clear evidence that Rishi Sunak is out of touch","type":"I","timestamp":"2023-11-09 13:07:03"},{"nodeID":"1308265","text":"Dan Hodges: there is clear evidence that Rishi Sunak is out of touch","type":"L","timestamp":"2023-11-09 13:07:03"},{"nodeID":"1308266","text":"Analysing","type":"YA","timestamp":"2023-11-09 13:07:03"},{"nodeID":"1308267","text":"Steffi: Dan Hodges: there is clear evidence that Rishi Sunak is out of touch","type":"L","timestamp":"2023-11-09 13:07:03"},{"nodeID":"1308268","text":"Asserting","type":"YA","timestamp":"2023-11-09 13:07:03"},{"nodeID":"1308269","text":"Default Transition","type":"TA","timestamp":"2023-11-09 13:07:03"},{"nodeID":"1308270","text":"not because of Rishi Sunak's wife's tax arrangements","type":"I","timestamp":"2023-11-09 13:07:03"},{"nodeID":"1308271","text":"Dan Hodges: not because of his wife's tax arrangements","type":"L","timestamp":"2023-11-09 13:07:03"},{"nodeID":"1308272","text":"Analysing","type":"YA","timestamp":"2023-11-09 13:07:03"},{"nodeID":"1308273","text":"Steffi: Dan Hodges: not because of his wife's tax arrangements","type":"L","timestamp":"2023-11-09 13:07:03"},{"nodeID":"1308274","text":"Asserting","type":"YA","timestamp":"2023-11-09 13:07:03"},{"nodeID":"1308275","text":"Default Transition","type":"TA","timestamp":"2023-11-09 13:07:03"},{"nodeID":"1308276","text":"Default Conflict","type":"CA","timestamp":"2023-11-09 13:07:03"},{"nodeID":"1308277","text":"Disagreeing","type":"YA","timestamp":"2023-11-09 13:07:03"},{"nodeID":"1308278","text":"the reality is, Rishi Sunak's wife is paying the amount of tax she is legally required to pay","type":"I","timestamp":"2023-11-09 13:07:04"},{"nodeID":"1308279","text":"Dan Hodges: The reality is, she, as I presume like all of us in this room, is paying the amount of tax she is legally required to pay","type":"L","timestamp":"2023-11-09 13:07:04"},{"nodeID":"1308280","text":"Analysing","type":"YA","timestamp":"2023-11-09 13:07:04"},{"nodeID":"1308281","text":"Steffi: Dan Hodges: The reality is, she, as I presume like all of us in this room, is paying the amount of tax she is legally required to pay","type":"L","timestamp":"2023-11-09 13:07:04"},{"nodeID":"1308282","text":"Asserting","type":"YA","timestamp":"2023-11-09 13:07:04"},{"nodeID":"1308283","text":"Default Transition","type":"TA","timestamp":"2023-11-09 13:07:04"},{"nodeID":"1308284","text":"Default Inference","type":"RA","timestamp":"2023-11-09 13:07:04"},{"nodeID":"1308285","text":"Arguing","type":"YA","timestamp":"2023-11-09 13:07:04"},{"nodeID":"1308286","text":"Analysing","type":"YA","timestamp":"2023-11-09 13:07:04"},{"nodeID":"1308287","text":"Asserting","type":"YA","timestamp":"2023-11-09 13:07:04"},{"nodeID":"1308288","text":"let's be clear on that Rishi Sunak's wife is paying UK taxes","type":"I","timestamp":"2023-11-09 13:07:04"},{"nodeID":"1308289","text":"Greg Hands: let's be clear on this","type":"L","timestamp":"2023-11-09 13:07:04"},{"nodeID":"1308290","text":"Analysing","type":"YA","timestamp":"2023-11-09 13:07:04"},{"nodeID":"1308291","text":"Steffi: Greg Hands: let's be clear on this","type":"L","timestamp":"2023-11-09 13:07:05"},{"nodeID":"1308292","text":"Asserting","type":"YA","timestamp":"2023-11-09 13:07:05"},{"nodeID":"1308293","text":"Default Rephrase","type":"MA","timestamp":"2023-11-09 13:07:05"},{"nodeID":"1308294","text":"Default Transition","type":"TA","timestamp":"2023-11-09 13:07:05"},{"nodeID":"1308295","text":"Restating","type":"YA","timestamp":"2023-11-09 13:07:05"},{"nodeID":"1308296","text":"Default Rephrase","type":"MA","timestamp":"2023-11-09 13:07:05"},{"nodeID":"1308297","text":"Default Transition","type":"TA","timestamp":"2023-11-09 13:07:05"},{"nodeID":"1308298","text":"Restating","type":"YA","timestamp":"2023-11-09 13:07:05"},{"nodeID":"1308299","text":"Default Rephrase","type":"MA","timestamp":"2023-11-09 13:07:05"},{"nodeID":"1308300","text":"Default Transition","type":"TA","timestamp":"2023-11-09 13:07:05"},{"nodeID":"1308301","text":"Restating","type":"YA","timestamp":"2023-11-09 13:07:05"}],"edges":[{"edgeID":"1718225","fromID":"1308172","toID":"1308171","formEdgeID":null},{"edgeID":"1718226","fromID":"1308173","toID":"1308172","formEdgeID":null},{"edgeID":"1718227","fromID":"1308171","toID":"1308174","formEdgeID":null},{"edgeID":"1718228","fromID":"1308174","toID":"1308170","formEdgeID":null},{"edgeID":"1718229","fromID":"1308177","toID":"1308176","formEdgeID":null},{"edgeID":"1718230","fromID":"1308178","toID":"1308177","formEdgeID":null},{"edgeID":"1718231","fromID":"1308176","toID":"1308179","formEdgeID":null},{"edgeID":"1718232","fromID":"1308179","toID":"1308175","formEdgeID":null},{"edgeID":"1718233","fromID":"1308171","toID":"1308180","formEdgeID":null},{"edgeID":"1718234","fromID":"1308180","toID":"1308176","formEdgeID":null},{"edgeID":"1718235","fromID":"1308175","toID":"1308181","formEdgeID":null},{"edgeID":"1718236","fromID":"1308181","toID":"1308170","formEdgeID":null},{"edgeID":"1718237","fromID":"1308180","toID":"1308182","formEdgeID":null},{"edgeID":"1718238","fromID":"1308182","toID":"1308181","formEdgeID":null},{"edgeID":"1718239","fromID":"1308185","toID":"1308184","formEdgeID":null},{"edgeID":"1718240","fromID":"1308186","toID":"1308185","formEdgeID":null},{"edgeID":"1718241","fromID":"1308184","toID":"1308187","formEdgeID":null},{"edgeID":"1718242","fromID":"1308187","toID":"1308183","formEdgeID":null},{"edgeID":"1718243","fromID":"1308176","toID":"1308188","formEdgeID":null},{"edgeID":"1718244","fromID":"1308188","toID":"1308184","formEdgeID":null},{"edgeID":"1718245","fromID":"1308191","toID":"1308190","formEdgeID":null},{"edgeID":"1718246","fromID":"1308192","toID":"1308191","formEdgeID":null},{"edgeID":"1718247","fromID":"1308190","toID":"1308193","formEdgeID":null},{"edgeID":"1718248","fromID":"1308193","toID":"1308189","formEdgeID":null},{"edgeID":"1718249","fromID":"1308184","toID":"1308194","formEdgeID":null},{"edgeID":"1718250","fromID":"1308194","toID":"1308190","formEdgeID":null},{"edgeID":"1718251","fromID":"1308189","toID":"1308195","formEdgeID":null},{"edgeID":"1718252","fromID":"1308195","toID":"1308183","formEdgeID":null},{"edgeID":"1718253","fromID":"1308194","toID":"1308196","formEdgeID":null},{"edgeID":"1718254","fromID":"1308196","toID":"1308195","formEdgeID":null},{"edgeID":"1718255","fromID":"1308199","toID":"1308198","formEdgeID":null},{"edgeID":"1718256","fromID":"1308200","toID":"1308199","formEdgeID":null},{"edgeID":"1718257","fromID":"1308198","toID":"1308201","formEdgeID":null},{"edgeID":"1718258","fromID":"1308201","toID":"1308197","formEdgeID":null},{"edgeID":"1718259","fromID":"1308190","toID":"1308202","formEdgeID":null},{"edgeID":"1718260","fromID":"1308202","toID":"1308198","formEdgeID":null},{"edgeID":"1718261","fromID":"1308205","toID":"1308204","formEdgeID":null},{"edgeID":"1718262","fromID":"1308206","toID":"1308205","formEdgeID":null},{"edgeID":"1718263","fromID":"1308204","toID":"1308207","formEdgeID":null},{"edgeID":"1718264","fromID":"1308207","toID":"1308203","formEdgeID":null},{"edgeID":"1718265","fromID":"1308198","toID":"1308208","formEdgeID":null},{"edgeID":"1718266","fromID":"1308208","toID":"1308204","formEdgeID":null},{"edgeID":"1718267","fromID":"1308203","toID":"1308209","formEdgeID":null},{"edgeID":"1718268","fromID":"1308209","toID":"1308197","formEdgeID":null},{"edgeID":"1718269","fromID":"1308208","toID":"1308210","formEdgeID":null},{"edgeID":"1718270","fromID":"1308210","toID":"1308209","formEdgeID":null},{"edgeID":"1718271","fromID":"1308213","toID":"1308212","formEdgeID":null},{"edgeID":"1718272","fromID":"1308214","toID":"1308213","formEdgeID":null},{"edgeID":"1718273","fromID":"1308212","toID":"1308215","formEdgeID":null},{"edgeID":"1718274","fromID":"1308215","toID":"1308211","formEdgeID":null},{"edgeID":"1718275","fromID":"1308204","toID":"1308216","formEdgeID":null},{"edgeID":"1718276","fromID":"1308216","toID":"1308212","formEdgeID":null},{"edgeID":"1718277","fromID":"1308211","toID":"1308217","formEdgeID":null},{"edgeID":"1718278","fromID":"1308217","toID":"1308203","formEdgeID":null},{"edgeID":"1718279","fromID":"1308220","toID":"1308219","formEdgeID":null},{"edgeID":"1718280","fromID":"1308221","toID":"1308220","formEdgeID":null},{"edgeID":"1718281","fromID":"1308219","toID":"1308222","formEdgeID":null},{"edgeID":"1718282","fromID":"1308222","toID":"1308218","formEdgeID":null},{"edgeID":"1718283","fromID":"1308225","toID":"1308224","formEdgeID":null},{"edgeID":"1718284","fromID":"1308226","toID":"1308225","formEdgeID":null},{"edgeID":"1718285","fromID":"1308224","toID":"1308227","formEdgeID":null},{"edgeID":"1718286","fromID":"1308227","toID":"1308223","formEdgeID":null},{"edgeID":"1718287","fromID":"1308212","toID":"1308228","formEdgeID":null},{"edgeID":"1718288","fromID":"1308228","toID":"1308219","formEdgeID":null},{"edgeID":"1718289","fromID":"1308219","toID":"1308229","formEdgeID":null},{"edgeID":"1718290","fromID":"1308229","toID":"1308224","formEdgeID":null},{"edgeID":"1718291","fromID":"1308223","toID":"1308230","formEdgeID":null},{"edgeID":"1718292","fromID":"1308230","toID":"1308218","formEdgeID":null},{"edgeID":"1718293","fromID":"1308229","toID":"1308231","formEdgeID":null},{"edgeID":"1718294","fromID":"1308231","toID":"1308230","formEdgeID":null},{"edgeID":"1718295","fromID":"1308234","toID":"1308233","formEdgeID":null},{"edgeID":"1718296","fromID":"1308235","toID":"1308234","formEdgeID":null},{"edgeID":"1718297","fromID":"1308233","toID":"1308236","formEdgeID":null},{"edgeID":"1718298","fromID":"1308236","toID":"1308232","formEdgeID":null},{"edgeID":"1718299","fromID":"1308232","toID":"1308237","formEdgeID":null},{"edgeID":"1718300","fromID":"1308237","toID":"1308197","formEdgeID":null},{"edgeID":"1718301","fromID":"1308198","toID":"1308238","formEdgeID":null},{"edgeID":"1718302","fromID":"1308238","toID":"1308233","formEdgeID":null},{"edgeID":"1718303","fromID":"1308238","toID":"1308239","formEdgeID":null},{"edgeID":"1718304","fromID":"1308239","toID":"1308237","formEdgeID":null},{"edgeID":"1718305","fromID":"1308240","toID":"1308212","formEdgeID":null},{"edgeID":"1718306","fromID":"1308214","toID":"1308240","formEdgeID":null},{"edgeID":"1718307","fromID":"1308212","toID":"1308241","formEdgeID":null},{"edgeID":"1718308","fromID":"1308241","toID":"1308211","formEdgeID":null},{"edgeID":"1718309","fromID":"1308244","toID":"1308243","formEdgeID":null},{"edgeID":"1718310","fromID":"1308245","toID":"1308244","formEdgeID":null},{"edgeID":"1718311","fromID":"1308243","toID":"1308246","formEdgeID":null},{"edgeID":"1718312","fromID":"1308246","toID":"1308242","formEdgeID":null},{"edgeID":"1718313","fromID":"1308242","toID":"1308247","formEdgeID":null},{"edgeID":"1718314","fromID":"1308247","toID":"1308223","formEdgeID":null},{"edgeID":"1718315","fromID":"1308224","toID":"1308248","formEdgeID":null},{"edgeID":"1718316","fromID":"1308248","toID":"1308243","formEdgeID":null},{"edgeID":"1718317","fromID":"1308248","toID":"1308249","formEdgeID":null},{"edgeID":"1718318","fromID":"1308249","toID":"1308247","formEdgeID":null},{"edgeID":"1718319","fromID":"1308252","toID":"1308251","formEdgeID":null},{"edgeID":"1718320","fromID":"1308253","toID":"1308252","formEdgeID":null},{"edgeID":"1718321","fromID":"1308251","toID":"1308254","formEdgeID":null},{"edgeID":"1718322","fromID":"1308254","toID":"1308250","formEdgeID":null},{"edgeID":"1718323","fromID":"1308243","toID":"1308255","formEdgeID":null},{"edgeID":"1718324","fromID":"1308255","toID":"1308251","formEdgeID":null},{"edgeID":"1718325","fromID":"1308258","toID":"1308257","formEdgeID":null},{"edgeID":"1718326","fromID":"1308259","toID":"1308258","formEdgeID":null},{"edgeID":"1718327","fromID":"1308257","toID":"1308260","formEdgeID":null},{"edgeID":"1718328","fromID":"1308260","toID":"1308256","formEdgeID":null},{"edgeID":"1718329","fromID":"1308251","toID":"1308261","formEdgeID":null},{"edgeID":"1718330","fromID":"1308261","toID":"1308257","formEdgeID":null},{"edgeID":"1718331","fromID":"1308256","toID":"1308262","formEdgeID":null},{"edgeID":"1718332","fromID":"1308262","toID":"1308250","formEdgeID":null},{"edgeID":"1718333","fromID":"1308261","toID":"1308263","formEdgeID":null},{"edgeID":"1718334","fromID":"1308263","toID":"1308262","formEdgeID":null},{"edgeID":"1718335","fromID":"1308266","toID":"1308265","formEdgeID":null},{"edgeID":"1718336","fromID":"1308267","toID":"1308266","formEdgeID":null},{"edgeID":"1718337","fromID":"1308265","toID":"1308268","formEdgeID":null},{"edgeID":"1718338","fromID":"1308268","toID":"1308264","formEdgeID":null},{"edgeID":"1718339","fromID":"1308257","toID":"1308269","formEdgeID":null},{"edgeID":"1718340","fromID":"1308269","toID":"1308265","formEdgeID":null},{"edgeID":"1718341","fromID":"1308272","toID":"1308271","formEdgeID":null},{"edgeID":"1718342","fromID":"1308273","toID":"1308272","formEdgeID":null},{"edgeID":"1718343","fromID":"1308271","toID":"1308274","formEdgeID":null},{"edgeID":"1718344","fromID":"1308274","toID":"1308270","formEdgeID":null},{"edgeID":"1718345","fromID":"1308265","toID":"1308275","formEdgeID":null},{"edgeID":"1718346","fromID":"1308275","toID":"1308271","formEdgeID":null},{"edgeID":"1718347","fromID":"1308270","toID":"1308276","formEdgeID":null},{"edgeID":"1718348","fromID":"1308276","toID":"1308264","formEdgeID":null},{"edgeID":"1718349","fromID":"1308275","toID":"1308277","formEdgeID":null},{"edgeID":"1718350","fromID":"1308277","toID":"1308276","formEdgeID":null},{"edgeID":"1718351","fromID":"1308280","toID":"1308279","formEdgeID":null},{"edgeID":"1718352","fromID":"1308281","toID":"1308280","formEdgeID":null},{"edgeID":"1718353","fromID":"1308279","toID":"1308282","formEdgeID":null},{"edgeID":"1718354","fromID":"1308282","toID":"1308278","formEdgeID":null},{"edgeID":"1718355","fromID":"1308271","toID":"1308283","formEdgeID":null},{"edgeID":"1718356","fromID":"1308283","toID":"1308279","formEdgeID":null},{"edgeID":"1718357","fromID":"1308270","toID":"1308284","formEdgeID":null},{"edgeID":"1718358","fromID":"1308284","toID":"1308278","formEdgeID":null},{"edgeID":"1718359","fromID":"1308283","toID":"1308285","formEdgeID":null},{"edgeID":"1718360","fromID":"1308285","toID":"1308284","formEdgeID":null},{"edgeID":"1718361","fromID":"1308286","toID":"1308212","formEdgeID":null},{"edgeID":"1718362","fromID":"1308214","toID":"1308286","formEdgeID":null},{"edgeID":"1718363","fromID":"1308212","toID":"1308287","formEdgeID":null},{"edgeID":"1718364","fromID":"1308287","toID":"1308211","formEdgeID":null},{"edgeID":"1718365","fromID":"1308290","toID":"1308289","formEdgeID":null},{"edgeID":"1718366","fromID":"1308291","toID":"1308290","formEdgeID":null},{"edgeID":"1718367","fromID":"1308289","toID":"1308292","formEdgeID":null},{"edgeID":"1718368","fromID":"1308292","toID":"1308288","formEdgeID":null},{"edgeID":"1718369","fromID":"1308278","toID":"1308293","formEdgeID":null},{"edgeID":"1718370","fromID":"1308293","toID":"1308211","formEdgeID":null},{"edgeID":"1718371","fromID":"1308212","toID":"1308294","formEdgeID":null},{"edgeID":"1718372","fromID":"1308294","toID":"1308279","formEdgeID":null},{"edgeID":"1718373","fromID":"1308294","toID":"1308295","formEdgeID":null},{"edgeID":"1718374","fromID":"1308295","toID":"1308293","formEdgeID":null},{"edgeID":"1718375","fromID":"1308211","toID":"1308296","formEdgeID":null},{"edgeID":"1718376","fromID":"1308296","toID":"1308211","formEdgeID":null},{"edgeID":"1718377","fromID":"1308212","toID":"1308297","formEdgeID":null},{"edgeID":"1718378","fromID":"1308297","toID":"1308212","formEdgeID":null},{"edgeID":"1718379","fromID":"1308297","toID":"1308298","formEdgeID":null},{"edgeID":"1718380","fromID":"1308298","toID":"1308296","formEdgeID":null},{"edgeID":"1718381","fromID":"1308288","toID":"1308299","formEdgeID":null},{"edgeID":"1718382","fromID":"1308299","toID":"1308211","formEdgeID":null},{"edgeID":"1718383","fromID":"1308212","toID":"1308300","formEdgeID":null},{"edgeID":"1718384","fromID":"1308300","toID":"1308289","formEdgeID":null},{"edgeID":"1718385","fromID":"1308300","toID":"1308301","formEdgeID":null},{"edgeID":"1718386","fromID":"1308301","toID":"1308299","formEdgeID":null}],"locutions":[]}