{"nodes":[{"nodeID":"1307193","text":"the problem of holding Russia accountable for war crimes is a confusion of two issues","type":"I","timestamp":"2023-11-09 13:05:31"},{"nodeID":"1307194","text":"Zing Tsjeng: it's a confusion of two issues","type":"L","timestamp":"2023-11-09 13:05:31"},{"nodeID":"1307195","text":"Analysing","type":"YA","timestamp":"2023-11-09 13:05:31"},{"nodeID":"1307196","text":"Pawe\u0142: Zing Tsjeng: it's a confusion of two issues","type":"L","timestamp":"2023-11-09 13:05:31"},{"nodeID":"1307197","text":"Asserting","type":"YA","timestamp":"2023-11-09 13:05:31"},{"nodeID":"1307198","text":"the first issue is holding Vladimir Putin to account","type":"I","timestamp":"2023-11-09 13:05:31"},{"nodeID":"1307199","text":"Zing Tsjeng: the first issue is holding Vladimir Putin to account","type":"L","timestamp":"2023-11-09 13:05:31"},{"nodeID":"1307200","text":"Analysing","type":"YA","timestamp":"2023-11-09 13:05:31"},{"nodeID":"1307201","text":"Pawe\u0142: Zing Tsjeng: the first issue is holding Vladimir Putin to account","type":"L","timestamp":"2023-11-09 13:05:31"},{"nodeID":"1307202","text":"Asserting","type":"YA","timestamp":"2023-11-09 13:05:31"},{"nodeID":"1307203","text":"holding Vladimir Putin to account will be a long and laborious process","type":"I","timestamp":"2023-11-09 13:05:32"},{"nodeID":"1307204","text":"Zing Tsjeng: this will be a long and laborious process","type":"L","timestamp":"2023-11-09 13:05:32"},{"nodeID":"1307205","text":"Analysing","type":"YA","timestamp":"2023-11-09 13:05:32"},{"nodeID":"1307206","text":"Pawe\u0142: Zing Tsjeng: this will be a long and laborious process","type":"L","timestamp":"2023-11-09 13:05:32"},{"nodeID":"1307207","text":"Asserting","type":"YA","timestamp":"2023-11-09 13:05:32"},{"nodeID":"1307208","text":"holding Vladimir Putin to account is probably going to take years, if not decades","type":"I","timestamp":"2023-11-09 13:05:33"},{"nodeID":"1307209","text":"Zing Tsjeng: it's probably going to take years, if not decades","type":"L","timestamp":"2023-11-09 13:05:33"},{"nodeID":"1307210","text":"Analysing","type":"YA","timestamp":"2023-11-09 13:05:33"},{"nodeID":"1307211","text":"Pawe\u0142: Zing Tsjeng: it's probably going to take years, if not decades","type":"L","timestamp":"2023-11-09 13:05:33"},{"nodeID":"1307212","text":"Asserting","type":"YA","timestamp":"2023-11-09 13:05:33"},{"nodeID":"1307213","text":"Default Transition","type":"TA","timestamp":"2023-11-09 13:05:33"},{"nodeID":"1307214","text":"Default Transition","type":"TA","timestamp":"2023-11-09 13:05:33"},{"nodeID":"1307215","text":"Default Transition","type":"TA","timestamp":"2023-11-09 13:05:33"},{"nodeID":"1307216","text":"Default Rephrase","type":"MA","timestamp":"2023-11-09 13:05:33"},{"nodeID":"1307217","text":"Restating","type":"YA","timestamp":"2023-11-09 13:05:33"},{"nodeID":"1307218","text":"it's important that holding Vladimir Putin to account has to be done","type":"I","timestamp":"2023-11-09 13:05:33"},{"nodeID":"1307219","text":"Zing Tsjeng: it's important that it has to be done","type":"L","timestamp":"2023-11-09 13:05:33"},{"nodeID":"1307220","text":"Analysing","type":"YA","timestamp":"2023-11-09 13:05:33"},{"nodeID":"1307221","text":"Pawe\u0142: Zing Tsjeng: it's important that it has to be done","type":"L","timestamp":"2023-11-09 13:05:33"},{"nodeID":"1307222","text":"Asserting","type":"YA","timestamp":"2023-11-09 13:05:33"},{"nodeID":"1307223","text":"holding Vladimir Putin to account offers a way for Ukrainian victims to look Putin in the eye and hold him accountable for the crimes he's committed","type":"I","timestamp":"2023-11-09 13:05:34"},{"nodeID":"1307224","text":"Zing Tsjeng: it offers a way for Ukrainian victims to look Putin in the eye and hold him accountable for the crimes he's committed","type":"L","timestamp":"2023-11-09 13:05:34"},{"nodeID":"1307225","text":"Analysing","type":"YA","timestamp":"2023-11-09 13:05:34"},{"nodeID":"1307226","text":"Pawe\u0142: Zing Tsjeng: it offers a way for Ukrainian victims to look Putin in the eye and hold him accountable for the crimes he's committed","type":"L","timestamp":"2023-11-09 13:05:34"},{"nodeID":"1307227","text":"Asserting","type":"YA","timestamp":"2023-11-09 13:05:34"},{"nodeID":"1307228","text":"Default Inference","type":"RA","timestamp":"2023-11-09 13:05:34"},{"nodeID":"1307229","text":"Default Transition","type":"TA","timestamp":"2023-11-09 13:05:34"},{"nodeID":"1307230","text":"Arguing","type":"YA","timestamp":"2023-11-09 13:05:34"},{"nodeID":"1307231","text":"Default Transition","type":"TA","timestamp":"2023-11-09 13:05:34"},{"nodeID":"1307232","text":"the mechanism for holding Vladimir Putin to account is xxx","type":"I","timestamp":"2023-11-09 13:05:34"},{"nodeID":"1307233","text":"Dan Hodges: what's the mechanism for it to be done","type":"L","timestamp":"2023-11-09 13:05:34"},{"nodeID":"1307234","text":"Analysing","type":"YA","timestamp":"2023-11-09 13:05:34"},{"nodeID":"1307235","text":"Pawe\u0142: Dan Hodges: what's the mechanism for it to be done","type":"L","timestamp":"2023-11-09 13:05:34"},{"nodeID":"1307236","text":"Pure Questioning","type":"YA","timestamp":"2023-11-09 13:05:34"},{"nodeID":"1307237","text":"the practical mechanism whereby we get Vladimir Putin into some form of justice is xxx","type":"I","timestamp":"2023-11-09 13:05:35"},{"nodeID":"1307238","text":"Dan Hodges: What is the practical mechanism whereby we get Vladimir Putin into some form of","type":"L","timestamp":"2023-11-09 13:05:35"},{"nodeID":"1307239","text":"Analysing","type":"YA","timestamp":"2023-11-09 13:05:35"},{"nodeID":"1307240","text":"Pawe\u0142: Dan Hodges: What is the practical mechanism whereby we get Vladimir Putin into some form of","type":"L","timestamp":"2023-11-09 13:05:35"},{"nodeID":"1307241","text":"Pure Questioning","type":"YA","timestamp":"2023-11-09 13:05:35"},{"nodeID":"1307242","text":"Default Rephrase","type":"MA","timestamp":"2023-11-09 13:05:35"},{"nodeID":"1307243","text":"Default Transition","type":"TA","timestamp":"2023-11-09 13:05:35"},{"nodeID":"1307244","text":"Restating","type":"YA","timestamp":"2023-11-09 13:05:35"},{"nodeID":"1307245","text":"Default Transition","type":"TA","timestamp":"2023-11-09 13:05:35"},{"nodeID":"1307246","text":"the mechanism for holding Vladimir Putin to account is the International Criminal Court","type":"I","timestamp":"2023-11-09 13:05:36"},{"nodeID":"1307247","text":"Zing Tsjeng: It's the International Criminal Court","type":"L","timestamp":"2023-11-09 13:05:36"},{"nodeID":"1307248","text":"Analysing","type":"YA","timestamp":"2023-11-09 13:05:36"},{"nodeID":"1307249","text":"Pawe\u0142: Zing Tsjeng: It's the International Criminal Court","type":"L","timestamp":"2023-11-09 13:05:36"},{"nodeID":"1307250","text":"Asserting","type":"YA","timestamp":"2023-11-09 13:05:36"},{"nodeID":"1307251","text":"Default Transition","type":"TA","timestamp":"2023-11-09 13:05:36"},{"nodeID":"1307252","text":"Default Rephrase","type":"MA","timestamp":"2023-11-09 13:05:36"},{"nodeID":"1307253","text":"Default Illocuting","type":"YA","timestamp":"2023-11-09 13:05:36"},{"nodeID":"1307254","text":"Russia doesn't recognise the International Criminal Court","type":"I","timestamp":"2023-11-09 13:05:36"},{"nodeID":"1307255","text":"Dan Hodges: But they don't recognise the International Criminal Court","type":"L","timestamp":"2023-11-09 13:05:36"},{"nodeID":"1307256","text":"Analysing","type":"YA","timestamp":"2023-11-09 13:05:36"},{"nodeID":"1307257","text":"Pawe\u0142: Dan Hodges: But they don't recognise the International Criminal Court","type":"L","timestamp":"2023-11-09 13:05:36"},{"nodeID":"1307258","text":"Asserting","type":"YA","timestamp":"2023-11-09 13:05:36"},{"nodeID":"1307259","text":"Default Transition","type":"TA","timestamp":"2023-11-09 13:05:36"},{"nodeID":"1307260","text":"Default Conflict","type":"CA","timestamp":"2023-11-09 13:05:36"},{"nodeID":"1307261","text":"Disagreeing","type":"YA","timestamp":"2023-11-09 13:05:36"},{"nodeID":"1307262","text":"Putin would have to appear before it in person","type":"I","timestamp":"2023-11-09 13:05:37"},{"nodeID":"1307263","text":"Fiona Bruce: he'd have to appear before it in person","type":"L","timestamp":"2023-11-09 13:05:37"},{"nodeID":"1307264","text":"Analysing","type":"YA","timestamp":"2023-11-09 13:05:37"},{"nodeID":"1307265","text":"Pawe\u0142: Fiona Bruce: he'd have to appear before it in person","type":"L","timestamp":"2023-11-09 13:05:37"},{"nodeID":"1307266","text":"Asserting","type":"YA","timestamp":"2023-11-09 13:05:37"},{"nodeID":"1307267","text":"Default Transition","type":"TA","timestamp":"2023-11-09 13:05:37"},{"nodeID":"1307268","text":"Default Conflict","type":"CA","timestamp":"2023-11-09 13:05:37"},{"nodeID":"1307269","text":"Disagreeing","type":"YA","timestamp":"2023-11-09 13:05:37"},{"nodeID":"1307270","text":"Putin clearly hasn't seen the sunlight in quite a while","type":"I","timestamp":"2023-11-09 13:05:37"},{"nodeID":"1307271","text":"Zing Tsjeng: Putin clearly hasn't seen the sunlight in quite a while","type":"L","timestamp":"2023-11-09 13:05:37"},{"nodeID":"1307272","text":"Analysing","type":"YA","timestamp":"2023-11-09 13:05:37"},{"nodeID":"1307273","text":"Pawe\u0142: Zing Tsjeng: Putin clearly hasn't seen the sunlight in quite a while","type":"L","timestamp":"2023-11-09 13:05:37"},{"nodeID":"1307274","text":"Asserting","type":"YA","timestamp":"2023-11-09 13:05:37"},{"nodeID":"1307275","text":"Default Conflict","type":"CA","timestamp":"2023-11-09 13:05:37"},{"nodeID":"1307276","text":"Default Transition","type":"TA","timestamp":"2023-11-09 13:05:37"},{"nodeID":"1307277","text":"Disagreeing","type":"YA","timestamp":"2023-11-09 13:05:37"},{"nodeID":"1307278","text":"all members of the International Criminal Court are obliged to pick people up if they see someone who has been wanted by the International Criminal Court to stand for war crimes","type":"I","timestamp":"2023-11-09 13:05:38"},{"nodeID":"1307279","text":"Zing Tsjeng: the International Criminal Court, all members are obliged to pick people up if they see someone who has been wanted by the International Criminal Court to stand for war crimes","type":"L","timestamp":"2023-11-09 13:05:38"},{"nodeID":"1307280","text":"Analysing","type":"YA","timestamp":"2023-11-09 13:05:38"},{"nodeID":"1307281","text":"Pawe\u0142: Zing Tsjeng: the International Criminal Court, all members are obliged to pick people up if they see someone who has been wanted by the International Criminal Court to stand for war crimes","type":"L","timestamp":"2023-11-09 13:05:38"},{"nodeID":"1307282","text":"Asserting","type":"YA","timestamp":"2023-11-09 13:05:38"},{"nodeID":"1307283","text":"Default Transition","type":"TA","timestamp":"2023-11-09 13:05:38"},{"nodeID":"1307284","text":"Default Conflict","type":"CA","timestamp":"2023-11-09 13:05:38"},{"nodeID":"1307285","text":"Disagreeing","type":"YA","timestamp":"2023-11-09 13:05:38"},{"nodeID":"1307286","text":"getting picked up by a member of the International Criminal Court exactly what happened in Germany when victims of torture recognised a former colonel and he was made to stand trial and is now sentenced to life in prison","type":"I","timestamp":"2023-11-09 13:05:39"},{"nodeID":"1307287","text":"Zing Tsjeng: It's exactly what happened in Germany when victims of torture recognised a former colonel and he was made to stand trial and is now sentenced to life in prison","type":"L","timestamp":"2023-11-09 13:05:39"},{"nodeID":"1307288","text":"Analysing","type":"YA","timestamp":"2023-11-09 13:05:39"},{"nodeID":"1307289","text":"Pawe\u0142: Zing Tsjeng: It's exactly what happened in Germany when victims of torture recognised a former colonel and he was made to stand trial and is now sentenced to life in prison","type":"L","timestamp":"2023-11-09 13:05:39"},{"nodeID":"1307290","text":"Asserting","type":"YA","timestamp":"2023-11-09 13:05:39"},{"nodeID":"1307291","text":"Default Transition","type":"TA","timestamp":"2023-11-09 13:05:39"},{"nodeID":"1307292","text":"justice is going to take a long time but that doesn't mean we should cancel it out completely","type":"I","timestamp":"2023-11-09 13:05:39"},{"nodeID":"1307293","text":"Zing Tsjeng: justice is going to take a long time but that doesn't mean we should cancel it out completely","type":"L","timestamp":"2023-11-09 13:05:39"},{"nodeID":"1307294","text":"Analysing","type":"YA","timestamp":"2023-11-09 13:05:39"},{"nodeID":"1307295","text":"Pawe\u0142: Zing Tsjeng: justice is going to take a long time but that doesn't mean we should cancel it out completely","type":"L","timestamp":"2023-11-09 13:05:39"},{"nodeID":"1307296","text":"Asserting","type":"YA","timestamp":"2023-11-09 13:05:39"},{"nodeID":"1307297","text":"Default Transition","type":"TA","timestamp":"2023-11-09 13:05:39"},{"nodeID":"1307298","text":"Default Rephrase","type":"MA","timestamp":"2023-11-09 13:05:39"},{"nodeID":"1307299","text":"Default Transition","type":"TA","timestamp":"2023-11-09 13:05:39"},{"nodeID":"1307300","text":"Restating","type":"YA","timestamp":"2023-11-09 13:05:39"}],"edges":[{"edgeID":"1717120","fromID":"1307195","toID":"1307194","formEdgeID":null},{"edgeID":"1717121","fromID":"1307196","toID":"1307195","formEdgeID":null},{"edgeID":"1717122","fromID":"1307194","toID":"1307197","formEdgeID":null},{"edgeID":"1717123","fromID":"1307197","toID":"1307193","formEdgeID":null},{"edgeID":"1717124","fromID":"1307200","toID":"1307199","formEdgeID":null},{"edgeID":"1717125","fromID":"1307201","toID":"1307200","formEdgeID":null},{"edgeID":"1717126","fromID":"1307199","toID":"1307202","formEdgeID":null},{"edgeID":"1717127","fromID":"1307202","toID":"1307198","formEdgeID":null},{"edgeID":"1717128","fromID":"1307205","toID":"1307204","formEdgeID":null},{"edgeID":"1717129","fromID":"1307206","toID":"1307205","formEdgeID":null},{"edgeID":"1717130","fromID":"1307204","toID":"1307207","formEdgeID":null},{"edgeID":"1717131","fromID":"1307207","toID":"1307203","formEdgeID":null},{"edgeID":"1717132","fromID":"1307210","toID":"1307209","formEdgeID":null},{"edgeID":"1717133","fromID":"1307211","toID":"1307210","formEdgeID":null},{"edgeID":"1717134","fromID":"1307209","toID":"1307212","formEdgeID":null},{"edgeID":"1717135","fromID":"1307212","toID":"1307208","formEdgeID":null},{"edgeID":"1717136","fromID":"1307194","toID":"1307213","formEdgeID":null},{"edgeID":"1717137","fromID":"1307213","toID":"1307199","formEdgeID":null},{"edgeID":"1717138","fromID":"1307199","toID":"1307214","formEdgeID":null},{"edgeID":"1717139","fromID":"1307214","toID":"1307204","formEdgeID":null},{"edgeID":"1717140","fromID":"1307204","toID":"1307215","formEdgeID":null},{"edgeID":"1717141","fromID":"1307215","toID":"1307209","formEdgeID":null},{"edgeID":"1717142","fromID":"1307208","toID":"1307216","formEdgeID":null},{"edgeID":"1717143","fromID":"1307216","toID":"1307203","formEdgeID":null},{"edgeID":"1717144","fromID":"1307215","toID":"1307217","formEdgeID":null},{"edgeID":"1717145","fromID":"1307217","toID":"1307216","formEdgeID":null},{"edgeID":"1717146","fromID":"1307220","toID":"1307219","formEdgeID":null},{"edgeID":"1717147","fromID":"1307221","toID":"1307220","formEdgeID":null},{"edgeID":"1717148","fromID":"1307219","toID":"1307222","formEdgeID":null},{"edgeID":"1717149","fromID":"1307222","toID":"1307218","formEdgeID":null},{"edgeID":"1717150","fromID":"1307225","toID":"1307224","formEdgeID":null},{"edgeID":"1717151","fromID":"1307226","toID":"1307225","formEdgeID":null},{"edgeID":"1717152","fromID":"1307224","toID":"1307227","formEdgeID":null},{"edgeID":"1717153","fromID":"1307227","toID":"1307223","formEdgeID":null},{"edgeID":"1717154","fromID":"1307223","toID":"1307228","formEdgeID":null},{"edgeID":"1717155","fromID":"1307228","toID":"1307218","formEdgeID":null},{"edgeID":"1717156","fromID":"1307219","toID":"1307229","formEdgeID":null},{"edgeID":"1717157","fromID":"1307229","toID":"1307224","formEdgeID":null},{"edgeID":"1717158","fromID":"1307229","toID":"1307230","formEdgeID":null},{"edgeID":"1717159","fromID":"1307230","toID":"1307228","formEdgeID":null},{"edgeID":"1717160","fromID":"1307209","toID":"1307231","formEdgeID":null},{"edgeID":"1717161","fromID":"1307231","toID":"1307219","formEdgeID":null},{"edgeID":"1717162","fromID":"1307234","toID":"1307233","formEdgeID":null},{"edgeID":"1717163","fromID":"1307235","toID":"1307234","formEdgeID":null},{"edgeID":"1717164","fromID":"1307233","toID":"1307236","formEdgeID":null},{"edgeID":"1717165","fromID":"1307236","toID":"1307232","formEdgeID":null},{"edgeID":"1717166","fromID":"1307239","toID":"1307238","formEdgeID":null},{"edgeID":"1717167","fromID":"1307240","toID":"1307239","formEdgeID":null},{"edgeID":"1717168","fromID":"1307238","toID":"1307241","formEdgeID":null},{"edgeID":"1717169","fromID":"1307241","toID":"1307237","formEdgeID":null},{"edgeID":"1717170","fromID":"1307237","toID":"1307242","formEdgeID":null},{"edgeID":"1717171","fromID":"1307242","toID":"1307232","formEdgeID":null},{"edgeID":"1717172","fromID":"1307233","toID":"1307243","formEdgeID":null},{"edgeID":"1717173","fromID":"1307243","toID":"1307238","formEdgeID":null},{"edgeID":"1717174","fromID":"1307243","toID":"1307244","formEdgeID":null},{"edgeID":"1717175","fromID":"1307244","toID":"1307242","formEdgeID":null},{"edgeID":"1717176","fromID":"1307224","toID":"1307245","formEdgeID":null},{"edgeID":"1717177","fromID":"1307245","toID":"1307233","formEdgeID":null},{"edgeID":"1717178","fromID":"1307248","toID":"1307247","formEdgeID":null},{"edgeID":"1717179","fromID":"1307249","toID":"1307248","formEdgeID":null},{"edgeID":"1717180","fromID":"1307247","toID":"1307250","formEdgeID":null},{"edgeID":"1717181","fromID":"1307250","toID":"1307246","formEdgeID":null},{"edgeID":"1717182","fromID":"1307238","toID":"1307251","formEdgeID":null},{"edgeID":"1717183","fromID":"1307251","toID":"1307247","formEdgeID":null},{"edgeID":"1717184","fromID":"1307246","toID":"1307252","formEdgeID":null},{"edgeID":"1717185","fromID":"1307252","toID":"1307237","formEdgeID":null},{"edgeID":"1717186","fromID":"1307251","toID":"1307253","formEdgeID":null},{"edgeID":"1717187","fromID":"1307253","toID":"1307252","formEdgeID":null},{"edgeID":"1717188","fromID":"1307256","toID":"1307255","formEdgeID":null},{"edgeID":"1717189","fromID":"1307257","toID":"1307256","formEdgeID":null},{"edgeID":"1717190","fromID":"1307255","toID":"1307258","formEdgeID":null},{"edgeID":"1717191","fromID":"1307258","toID":"1307254","formEdgeID":null},{"edgeID":"1717192","fromID":"1307247","toID":"1307259","formEdgeID":null},{"edgeID":"1717193","fromID":"1307259","toID":"1307255","formEdgeID":null},{"edgeID":"1717194","fromID":"1307254","toID":"1307260","formEdgeID":null},{"edgeID":"1717195","fromID":"1307260","toID":"1307246","formEdgeID":null},{"edgeID":"1717196","fromID":"1307259","toID":"1307261","formEdgeID":null},{"edgeID":"1717197","fromID":"1307261","toID":"1307260","formEdgeID":null},{"edgeID":"1717198","fromID":"1307264","toID":"1307263","formEdgeID":null},{"edgeID":"1717199","fromID":"1307265","toID":"1307264","formEdgeID":null},{"edgeID":"1717200","fromID":"1307263","toID":"1307266","formEdgeID":null},{"edgeID":"1717201","fromID":"1307266","toID":"1307262","formEdgeID":null},{"edgeID":"1717202","fromID":"1307247","toID":"1307267","formEdgeID":null},{"edgeID":"1717203","fromID":"1307267","toID":"1307263","formEdgeID":null},{"edgeID":"1717204","fromID":"1307262","toID":"1307268","formEdgeID":null},{"edgeID":"1717205","fromID":"1307268","toID":"1307246","formEdgeID":null},{"edgeID":"1717206","fromID":"1307267","toID":"1307269","formEdgeID":null},{"edgeID":"1717207","fromID":"1307269","toID":"1307268","formEdgeID":null},{"edgeID":"1717208","fromID":"1307272","toID":"1307271","formEdgeID":null},{"edgeID":"1717209","fromID":"1307273","toID":"1307272","formEdgeID":null},{"edgeID":"1717210","fromID":"1307271","toID":"1307274","formEdgeID":null},{"edgeID":"1717211","fromID":"1307274","toID":"1307270","formEdgeID":null},{"edgeID":"1717212","fromID":"1307270","toID":"1307275","formEdgeID":null},{"edgeID":"1717213","fromID":"1307275","toID":"1307246","formEdgeID":null},{"edgeID":"1717214","fromID":"1307247","toID":"1307276","formEdgeID":null},{"edgeID":"1717215","fromID":"1307276","toID":"1307271","formEdgeID":null},{"edgeID":"1717216","fromID":"1307276","toID":"1307277","formEdgeID":null},{"edgeID":"1717217","fromID":"1307277","toID":"1307275","formEdgeID":null},{"edgeID":"1717218","fromID":"1307280","toID":"1307279","formEdgeID":null},{"edgeID":"1717219","fromID":"1307281","toID":"1307280","formEdgeID":null},{"edgeID":"1717220","fromID":"1307279","toID":"1307282","formEdgeID":null},{"edgeID":"1717221","fromID":"1307282","toID":"1307278","formEdgeID":null},{"edgeID":"1717222","fromID":"1307271","toID":"1307283","formEdgeID":null},{"edgeID":"1717223","fromID":"1307283","toID":"1307279","formEdgeID":null},{"edgeID":"1717224","fromID":"1307278","toID":"1307284","formEdgeID":null},{"edgeID":"1717225","fromID":"1307284","toID":"1307270","formEdgeID":null},{"edgeID":"1717226","fromID":"1307283","toID":"1307285","formEdgeID":null},{"edgeID":"1717227","fromID":"1307285","toID":"1307284","formEdgeID":null},{"edgeID":"1717228","fromID":"1307288","toID":"1307287","formEdgeID":null},{"edgeID":"1717229","fromID":"1307289","toID":"1307288","formEdgeID":null},{"edgeID":"1717230","fromID":"1307287","toID":"1307290","formEdgeID":null},{"edgeID":"1717231","fromID":"1307290","toID":"1307286","formEdgeID":null},{"edgeID":"1717232","fromID":"1307279","toID":"1307291","formEdgeID":null},{"edgeID":"1717233","fromID":"1307291","toID":"1307287","formEdgeID":null},{"edgeID":"1717234","fromID":"1307294","toID":"1307293","formEdgeID":null},{"edgeID":"1717235","fromID":"1307295","toID":"1307294","formEdgeID":null},{"edgeID":"1717236","fromID":"1307293","toID":"1307296","formEdgeID":null},{"edgeID":"1717237","fromID":"1307296","toID":"1307292","formEdgeID":null},{"edgeID":"1717238","fromID":"1307287","toID":"1307297","formEdgeID":null},{"edgeID":"1717239","fromID":"1307297","toID":"1307293","formEdgeID":null},{"edgeID":"1717240","fromID":"1307292","toID":"1307298","formEdgeID":null},{"edgeID":"1717241","fromID":"1307298","toID":"1307203","formEdgeID":null},{"edgeID":"1717242","fromID":"1307204","toID":"1307299","formEdgeID":null},{"edgeID":"1717243","fromID":"1307299","toID":"1307293","formEdgeID":null},{"edgeID":"1717244","fromID":"1307299","toID":"1307300","formEdgeID":null},{"edgeID":"1717245","fromID":"1307300","toID":"1307298","formEdgeID":null}],"locutions":[]}