{"nodes":[{"nodeID":"23880","text":"yes","type":"I","timestamp":"2013-08-06 16:53:15"},{"nodeID":"1304087","text":"Emily Thornberry:  Yes","type":"L","timestamp":"2023-11-09 13:01:14"},{"nodeID":"1304088","text":"Analysing","type":"YA","timestamp":"2023-11-09 13:01:14"},{"nodeID":"1304089","text":"Mascha: Emily Thornberry:  Yes","type":"L","timestamp":"2023-11-09 13:01:14"},{"nodeID":"1304090","text":"Asserting","type":"YA","timestamp":"2023-11-09 13:01:14"},{"nodeID":"1304091","text":"offshore wind is a success","type":"I","timestamp":"2023-11-09 13:01:14"},{"nodeID":"1304092","text":"Emily Thornberry: offshore wind is a success","type":"L","timestamp":"2023-11-09 13:01:14"},{"nodeID":"1304093","text":"Analysing","type":"YA","timestamp":"2023-11-09 13:01:14"},{"nodeID":"1304094","text":"Mascha: Emily Thornberry: offshore wind is a success","type":"L","timestamp":"2023-11-09 13:01:14"},{"nodeID":"1304095","text":"Asserting","type":"YA","timestamp":"2023-11-09 13:01:14"},{"nodeID":"1304096","text":"Default Transition","type":"TA","timestamp":"2023-11-09 13:01:14"},{"nodeID":"1304097","text":"both political parties can take their hats off and say, actually that was down to us","type":"I","timestamp":"2023-11-09 13:01:15"},{"nodeID":"1304098","text":"Emily Thornberry: both parties can take their hats off and say, actually that was down to us","type":"L","timestamp":"2023-11-09 13:01:15"},{"nodeID":"1304099","text":"Analysing","type":"YA","timestamp":"2023-11-09 13:01:15"},{"nodeID":"1304100","text":"Mascha: Emily Thornberry: both parties can take their hats off and say, actually that was down to us","type":"L","timestamp":"2023-11-09 13:01:15"},{"nodeID":"1304101","text":"Asserting","type":"YA","timestamp":"2023-11-09 13:01:15"},{"nodeID":"1304102","text":"Default Transition","type":"TA","timestamp":"2023-11-09 13:01:15"},{"nodeID":"1304103","text":"Default Inference","type":"RA","timestamp":"2023-11-09 13:01:15"},{"nodeID":"1304104","text":"Arguing","type":"YA","timestamp":"2023-11-09 13:01:15"},{"nodeID":"1304105","text":"all the other things that need to be done, you haven't done it","type":"I","timestamp":"2023-11-09 13:01:15"},{"nodeID":"1304106","text":"Emily Thornberry:  all the other things that need to be done, you haven't done it","type":"L","timestamp":"2023-11-09 13:01:15"},{"nodeID":"1304107","text":"Analysing","type":"YA","timestamp":"2023-11-09 13:01:15"},{"nodeID":"1304108","text":"Mascha: Emily Thornberry:  all the other things that need to be done, you haven't done it","type":"L","timestamp":"2023-11-09 13:01:15"},{"nodeID":"1304109","text":"Asserting","type":"YA","timestamp":"2023-11-09 13:01:15"},{"nodeID":"1304110","text":"Default Transition","type":"TA","timestamp":"2023-11-09 13:01:15"},{"nodeID":"1304111","text":"we've run out of time","type":"I","timestamp":"2023-11-09 13:01:16"},{"nodeID":"1304112","text":"Emily Thornberry: we've run out of time","type":"L","timestamp":"2023-11-09 13:01:16"},{"nodeID":"1304113","text":"Analysing","type":"YA","timestamp":"2023-11-09 13:01:16"},{"nodeID":"1304114","text":"Mascha: Emily Thornberry: we've run out of time","type":"L","timestamp":"2023-11-09 13:01:16"},{"nodeID":"1304115","text":"Asserting","type":"YA","timestamp":"2023-11-09 13:01:16"},{"nodeID":"1304116","text":"Default Transition","type":"TA","timestamp":"2023-11-09 13:01:16"},{"nodeID":"1304117","text":"Default Conflict","type":"CA","timestamp":"2023-11-09 13:01:16"},{"nodeID":"1304118","text":"Disagreeing","type":"YA","timestamp":"2023-11-09 13:01:16"},{"nodeID":"1304119","text":"energy supply and climate change are a serious matter","type":"I","timestamp":"2023-11-09 13:01:17"},{"nodeID":"1304120","text":"Emily Thornberry:  this is a serious matter","type":"L","timestamp":"2023-11-09 13:01:17"},{"nodeID":"1304121","text":"Analysing","type":"YA","timestamp":"2023-11-09 13:01:17"},{"nodeID":"1304122","text":"Mascha: Emily Thornberry:  this is a serious matter","type":"L","timestamp":"2023-11-09 13:01:17"},{"nodeID":"1304123","text":"Asserting","type":"YA","timestamp":"2023-11-09 13:01:17"},{"nodeID":"1304124","text":"Default Transition","type":"TA","timestamp":"2023-11-09 13:01:17"},{"nodeID":"1304125","text":"there's a great deal of rhetoric","type":"I","timestamp":"2023-11-09 13:01:17"},{"nodeID":"1304126","text":"Emily Thornberry:  there's a great deal of rhetoric","type":"L","timestamp":"2023-11-09 13:01:17"},{"nodeID":"1304127","text":"Analysing","type":"YA","timestamp":"2023-11-09 13:01:17"},{"nodeID":"1304128","text":"Mascha: Emily Thornberry:  there's a great deal of rhetoric","type":"L","timestamp":"2023-11-09 13:01:17"},{"nodeID":"1304129","text":"Asserting","type":"YA","timestamp":"2023-11-09 13:01:17"},{"nodeID":"1304130","text":"Default Transition","type":"TA","timestamp":"2023-11-09 13:01:17"},{"nodeID":"1304131","text":"if only you could warm the houses with the hot air coming out of the Conservative Party at the moment when it comes to what a great deal this energy strategy is","type":"I","timestamp":"2023-11-09 13:01:18"},{"nodeID":"1304132","text":"Emily Thornberry: if only you could warm the houses with the hot air coming out of the Conservative Party at the moment when it comes to what a great deal this is","type":"L","timestamp":"2023-11-09 13:01:18"},{"nodeID":"1304133","text":"Analysing","type":"YA","timestamp":"2023-11-09 13:01:18"},{"nodeID":"1304134","text":"Mascha: Emily Thornberry: if only you could warm the houses with the hot air coming out of the Conservative Party at the moment when it comes to what a great deal this is","type":"L","timestamp":"2023-11-09 13:01:18"},{"nodeID":"1304135","text":"Asserting","type":"YA","timestamp":"2023-11-09 13:01:18"},{"nodeID":"1304136","text":"Default Transition","type":"TA","timestamp":"2023-11-09 13:01:18"},{"nodeID":"1304137","text":"the Governments energy strategy isn't a great deal","type":"I","timestamp":"2023-11-09 13:01:19"},{"nodeID":"1304138","text":"Emily Thornberry:  it isn't","type":"L","timestamp":"2023-11-09 13:01:19"},{"nodeID":"1304139","text":"Analysing","type":"YA","timestamp":"2023-11-09 13:01:19"},{"nodeID":"1304140","text":"Mascha: Emily Thornberry:  it isn't","type":"L","timestamp":"2023-11-09 13:01:19"},{"nodeID":"1304141","text":"Asserting","type":"YA","timestamp":"2023-11-09 13:01:19"},{"nodeID":"1304142","text":"Default Transition","type":"TA","timestamp":"2023-11-09 13:01:19"},{"nodeID":"1304143","text":"Default Rephrase","type":"MA","timestamp":"2023-11-09 13:01:19"},{"nodeID":"1304144","text":"Restating","type":"YA","timestamp":"2023-11-09 13:01:19"},{"nodeID":"1304145","text":"you've not done enough","type":"I","timestamp":"2023-11-09 13:01:19"},{"nodeID":"1304146","text":"Emily Thornberry:  you've not done enough","type":"L","timestamp":"2023-11-09 13:01:19"},{"nodeID":"1304147","text":"Analysing","type":"YA","timestamp":"2023-11-09 13:01:19"},{"nodeID":"1304148","text":"Mascha: Emily Thornberry:  you've not done enough","type":"L","timestamp":"2023-11-09 13:01:19"},{"nodeID":"1304149","text":"Asserting","type":"YA","timestamp":"2023-11-09 13:01:19"},{"nodeID":"1304150","text":"Default Rephrase","type":"MA","timestamp":"2023-11-09 13:01:19"},{"nodeID":"1304151","text":"Default Transition","type":"TA","timestamp":"2023-11-09 13:01:19"},{"nodeID":"1304152","text":"Restating","type":"YA","timestamp":"2023-11-09 13:01:19"},{"nodeID":"1304153","text":"Default Inference","type":"RA","timestamp":"2023-11-09 13:01:19"},{"nodeID":"1304154","text":"Arguing","type":"YA","timestamp":"2023-11-09 13:01:19"}],"edges":[{"edgeID":"1713449","fromID":"1304088","toID":"1304087","formEdgeID":null},{"edgeID":"1713450","fromID":"1304089","toID":"1304088","formEdgeID":null},{"edgeID":"1713451","fromID":"1304087","toID":"1304090","formEdgeID":null},{"edgeID":"1713452","fromID":"1304090","toID":"23880","formEdgeID":null},{"edgeID":"1713453","fromID":"1304093","toID":"1304092","formEdgeID":null},{"edgeID":"1713454","fromID":"1304094","toID":"1304093","formEdgeID":null},{"edgeID":"1713455","fromID":"1304092","toID":"1304095","formEdgeID":null},{"edgeID":"1713456","fromID":"1304095","toID":"1304091","formEdgeID":null},{"edgeID":"1713457","fromID":"1304087","toID":"1304096","formEdgeID":null},{"edgeID":"1713458","fromID":"1304096","toID":"1304092","formEdgeID":null},{"edgeID":"1713459","fromID":"1304099","toID":"1304098","formEdgeID":null},{"edgeID":"1713460","fromID":"1304100","toID":"1304099","formEdgeID":null},{"edgeID":"1713461","fromID":"1304098","toID":"1304101","formEdgeID":null},{"edgeID":"1713462","fromID":"1304101","toID":"1304097","formEdgeID":null},{"edgeID":"1713463","fromID":"1304092","toID":"1304102","formEdgeID":null},{"edgeID":"1713464","fromID":"1304102","toID":"1304098","formEdgeID":null},{"edgeID":"1713465","fromID":"1304097","toID":"1304103","formEdgeID":null},{"edgeID":"1713466","fromID":"1304103","toID":"1304091","formEdgeID":null},{"edgeID":"1713467","fromID":"1304102","toID":"1304104","formEdgeID":null},{"edgeID":"1713468","fromID":"1304104","toID":"1304103","formEdgeID":null},{"edgeID":"1713469","fromID":"1304107","toID":"1304106","formEdgeID":null},{"edgeID":"1713470","fromID":"1304108","toID":"1304107","formEdgeID":null},{"edgeID":"1713471","fromID":"1304106","toID":"1304109","formEdgeID":null},{"edgeID":"1713472","fromID":"1304109","toID":"1304105","formEdgeID":null},{"edgeID":"1713473","fromID":"1304098","toID":"1304110","formEdgeID":null},{"edgeID":"1713474","fromID":"1304110","toID":"1304106","formEdgeID":null},{"edgeID":"1713475","fromID":"1304113","toID":"1304112","formEdgeID":null},{"edgeID":"1713476","fromID":"1304114","toID":"1304113","formEdgeID":null},{"edgeID":"1713477","fromID":"1304112","toID":"1304115","formEdgeID":null},{"edgeID":"1713478","fromID":"1304115","toID":"1304111","formEdgeID":null},{"edgeID":"1713479","fromID":"1304106","toID":"1304116","formEdgeID":null},{"edgeID":"1713480","fromID":"1304116","toID":"1304112","formEdgeID":null},{"edgeID":"1713481","fromID":"1304105","toID":"1304117","formEdgeID":null},{"edgeID":"1713482","fromID":"1304117","toID":"1304097","formEdgeID":null},{"edgeID":"1713483","fromID":"1304110","toID":"1304118","formEdgeID":null},{"edgeID":"1713484","fromID":"1304118","toID":"1304117","formEdgeID":null},{"edgeID":"1713485","fromID":"1304121","toID":"1304120","formEdgeID":null},{"edgeID":"1713486","fromID":"1304122","toID":"1304121","formEdgeID":null},{"edgeID":"1713487","fromID":"1304120","toID":"1304123","formEdgeID":null},{"edgeID":"1713488","fromID":"1304123","toID":"1304119","formEdgeID":null},{"edgeID":"1713489","fromID":"1304112","toID":"1304124","formEdgeID":null},{"edgeID":"1713490","fromID":"1304124","toID":"1304120","formEdgeID":null},{"edgeID":"1713491","fromID":"1304127","toID":"1304126","formEdgeID":null},{"edgeID":"1713492","fromID":"1304128","toID":"1304127","formEdgeID":null},{"edgeID":"1713493","fromID":"1304126","toID":"1304129","formEdgeID":null},{"edgeID":"1713494","fromID":"1304129","toID":"1304125","formEdgeID":null},{"edgeID":"1713495","fromID":"1304120","toID":"1304130","formEdgeID":null},{"edgeID":"1713496","fromID":"1304130","toID":"1304126","formEdgeID":null},{"edgeID":"1713497","fromID":"1304133","toID":"1304132","formEdgeID":null},{"edgeID":"1713498","fromID":"1304134","toID":"1304133","formEdgeID":null},{"edgeID":"1713499","fromID":"1304132","toID":"1304135","formEdgeID":null},{"edgeID":"1713500","fromID":"1304135","toID":"1304131","formEdgeID":null},{"edgeID":"1713501","fromID":"1304126","toID":"1304136","formEdgeID":null},{"edgeID":"1713502","fromID":"1304136","toID":"1304132","formEdgeID":null},{"edgeID":"1713503","fromID":"1304139","toID":"1304138","formEdgeID":null},{"edgeID":"1713504","fromID":"1304140","toID":"1304139","formEdgeID":null},{"edgeID":"1713505","fromID":"1304138","toID":"1304141","formEdgeID":null},{"edgeID":"1713506","fromID":"1304141","toID":"1304137","formEdgeID":null},{"edgeID":"1713507","fromID":"1304132","toID":"1304142","formEdgeID":null},{"edgeID":"1713508","fromID":"1304142","toID":"1304138","formEdgeID":null},{"edgeID":"1713509","fromID":"1304137","toID":"1304143","formEdgeID":null},{"edgeID":"1713510","fromID":"1304143","toID":"1304131","formEdgeID":null},{"edgeID":"1713511","fromID":"1304142","toID":"1304144","formEdgeID":null},{"edgeID":"1713512","fromID":"1304144","toID":"1304143","formEdgeID":null},{"edgeID":"1713513","fromID":"1304147","toID":"1304146","formEdgeID":null},{"edgeID":"1713514","fromID":"1304148","toID":"1304147","formEdgeID":null},{"edgeID":"1713515","fromID":"1304146","toID":"1304149","formEdgeID":null},{"edgeID":"1713516","fromID":"1304149","toID":"1304145","formEdgeID":null},{"edgeID":"1713517","fromID":"1304145","toID":"1304150","formEdgeID":null},{"edgeID":"1713518","fromID":"1304150","toID":"1304105","formEdgeID":null},{"edgeID":"1713519","fromID":"1304106","toID":"1304151","formEdgeID":null},{"edgeID":"1713520","fromID":"1304151","toID":"1304146","formEdgeID":null},{"edgeID":"1713521","fromID":"1304151","toID":"1304152","formEdgeID":null},{"edgeID":"1713522","fromID":"1304152","toID":"1304150","formEdgeID":null},{"edgeID":"1713523","fromID":"1304105","toID":"1304153","formEdgeID":null},{"edgeID":"1713524","fromID":"1304153","toID":"1304111","formEdgeID":null},{"edgeID":"1713525","fromID":"1304116","toID":"1304154","formEdgeID":null},{"edgeID":"1713526","fromID":"1304154","toID":"1304153","formEdgeID":null}],"locutions":[]}