{"nodes":[{"nodeID":"1142016","text":"the first priority has to be pressure and encouragement to bring a ceasefire","type":"I","timestamp":"2023-04-11 20:02:46"},{"nodeID":"1142045","text":"while the guns sound, nobody is going to deal with war crime","type":"I","timestamp":"2023-04-11 20:03:01"},{"nodeID":"1142056","text":"if you're going to have justice, it will take a long time","type":"I","timestamp":"2023-04-11 20:03:10"},{"nodeID":"1142081","text":"Darfur is kicking off again at the moment","type":"I","timestamp":"2023-04-11 20:03:27"},{"nodeID":"1304963","text":"apart from Europe going to war or applying more sanctions, xxx is how can Russia be held accountable for the horrific war crimes being committed in Ukraine","type":"I","timestamp":"2023-11-09 13:02:26"},{"nodeID":"1304964","text":"Dean Cook: Apart from Europe going to war or applying more sanctions, how can Russia be held accountable for the horrific war crimes being committed in Ukraine","type":"L","timestamp":"2023-11-09 13:02:26"},{"nodeID":"1304965","text":"Analysing","type":"YA","timestamp":"2023-11-09 13:02:26"},{"nodeID":"1304966","text":"Mascha: Dean Cook: Apart from Europe going to war or applying more sanctions, how can Russia be held accountable for the horrific war crimes being committed in Ukraine","type":"L","timestamp":"2023-11-09 13:02:26"},{"nodeID":"1304967","text":"Pure Questioning","type":"YA","timestamp":"2023-11-09 13:02:26"},{"nodeID":"1304968","text":"we are seeing image upon image upon image of the war crimes in Ukraine","type":"I","timestamp":"2023-11-09 13:02:27"},{"nodeID":"1304969","text":"Fiona Bruce: we are seeing image upon image upon image","type":"L","timestamp":"2023-11-09 13:02:27"},{"nodeID":"1304970","text":"Analysing","type":"YA","timestamp":"2023-11-09 13:02:27"},{"nodeID":"1304971","text":"Mascha: Fiona Bruce: we are seeing image upon image upon image","type":"L","timestamp":"2023-11-09 13:02:27"},{"nodeID":"1304972","text":"Asserting","type":"YA","timestamp":"2023-11-09 13:02:27"},{"nodeID":"1304973","text":"Default Transition","type":"TA","timestamp":"2023-11-09 13:02:27"},{"nodeID":"1304974","text":"the images of the war crimes in the Ukraine are only what we're being allowed to see of what's happening in the Ukraine","type":"I","timestamp":"2023-11-09 13:02:27"},{"nodeID":"1304975","text":"Fiona Bruce: that's only what we're being allowed to see of what's happening in the Ukraine","type":"L","timestamp":"2023-11-09 13:02:27"},{"nodeID":"1304976","text":"Analysing","type":"YA","timestamp":"2023-11-09 13:02:27"},{"nodeID":"1304977","text":"Mascha: Fiona Bruce: that's only what we're being allowed to see of what's happening in the Ukraine","type":"L","timestamp":"2023-11-09 13:02:27"},{"nodeID":"1304978","text":"Asserting","type":"YA","timestamp":"2023-11-09 13:02:27"},{"nodeID":"1304979","text":"Default Transition","type":"TA","timestamp":"2023-11-09 13:02:27"},{"nodeID":"1304980","text":"one of the lasting memories Justin Welby has while trying to mediate and bring peace in various war zones around the world, was standing beside a mass grave","type":"I","timestamp":"2023-11-09 13:02:28"},{"nodeID":"1304981","text":"Justin Welby: One of the lasting memories I have is, having spent 20 years on mediation in\u2026trying to mediate and bring peace in various war zones around the world, was standing beside a mass grave","type":"L","timestamp":"2023-11-09 13:02:28"},{"nodeID":"1304982","text":"Analysing","type":"YA","timestamp":"2023-11-09 13:02:28"},{"nodeID":"1304983","text":"Mascha: Justin Welby: One of the lasting memories I have is, having spent 20 years on mediation in\u2026trying to mediate and bring peace in various war zones around the world, was standing beside a mass grave","type":"L","timestamp":"2023-11-09 13:02:28"},{"nodeID":"1304984","text":"Asserting","type":"YA","timestamp":"2023-11-09 13:02:28"},{"nodeID":"1304985","text":"Default Transition","type":"TA","timestamp":"2023-11-09 13:02:28"},{"nodeID":"1304986","text":"having to consecrate a mass grave with the bodies of those who had been killed at my feet","type":"I","timestamp":"2023-11-09 13:02:28"},{"nodeID":"1304987","text":"Justin Welby: having to consecrate a mass grave with the bodies of those who had been killed at my feet","type":"L","timestamp":"2023-11-09 13:02:28"},{"nodeID":"1304988","text":"Analysing","type":"YA","timestamp":"2023-11-09 13:02:28"},{"nodeID":"1304989","text":"Mascha: Justin Welby: having to consecrate a mass grave with the bodies of those who had been killed at my feet","type":"L","timestamp":"2023-11-09 13:02:28"},{"nodeID":"1304990","text":"Asserting","type":"YA","timestamp":"2023-11-09 13:02:28"},{"nodeID":"1304991","text":"Default Transition","type":"TA","timestamp":"2023-11-09 13:02:28"},{"nodeID":"1304992","text":"Default Rephrase","type":"MA","timestamp":"2023-11-09 13:02:28"},{"nodeID":"1304993","text":"Restating","type":"YA","timestamp":"2023-11-09 13:02:28"},{"nodeID":"1304994","text":"in a town where 3,000 bodies were still left unburied in 50 degrees of heat is one of Justin Welby's lasting memories","type":"I","timestamp":"2023-11-09 13:02:29"},{"nodeID":"1304995","text":"Justin Welby:  In a town where 3,000 bodies were still left unburied in 50 degrees of heat","type":"L","timestamp":"2023-11-09 13:02:29"},{"nodeID":"1304996","text":"Analysing","type":"YA","timestamp":"2023-11-09 13:02:29"},{"nodeID":"1304997","text":"Mascha: Justin Welby:  In a town where 3,000 bodies were still left unburied in 50 degrees of heat","type":"L","timestamp":"2023-11-09 13:02:29"},{"nodeID":"1304998","text":"Asserting","type":"YA","timestamp":"2023-11-09 13:02:29"},{"nodeID":"1304999","text":"Default Transition","type":"TA","timestamp":"2023-11-09 13:02:29"},{"nodeID":"1305000","text":"Default Rephrase","type":"MA","timestamp":"2023-11-09 13:02:29"},{"nodeID":"1305001","text":"Restating","type":"YA","timestamp":"2023-11-09 13:02:29"},{"nodeID":"1305002","text":"xxx is where Justin Welby was standing beside a mass grave","type":"I","timestamp":"2023-11-09 13:02:30"},{"nodeID":"1305003","text":"Fiona Bruce:  where was this","type":"L","timestamp":"2023-11-09 13:02:30"},{"nodeID":"1305004","text":"Analysing","type":"YA","timestamp":"2023-11-09 13:02:30"},{"nodeID":"1305005","text":"Mascha: Fiona Bruce:  where was this","type":"L","timestamp":"2023-11-09 13:02:30"},{"nodeID":"1305006","text":"Pure Questioning","type":"YA","timestamp":"2023-11-09 13:02:30"},{"nodeID":"1305007","text":"Default Transition","type":"TA","timestamp":"2023-11-09 13:02:30"},{"nodeID":"1305008","text":"South Sudan in 2014","type":"I","timestamp":"2023-11-09 13:02:30"},{"nodeID":"1305009","text":"Justin Welby:  South Sudan in 2014","type":"L","timestamp":"2023-11-09 13:02:30"},{"nodeID":"1305010","text":"Analysing","type":"YA","timestamp":"2023-11-09 13:02:30"},{"nodeID":"1305011","text":"Mascha: Justin Welby:  South Sudan in 2014","type":"L","timestamp":"2023-11-09 13:02:30"},{"nodeID":"1305012","text":"Asserting","type":"YA","timestamp":"2023-11-09 13:02:30"},{"nodeID":"1305013","text":"Default Transition","type":"TA","timestamp":"2023-11-09 13:02:30"},{"nodeID":"1305014","text":"Default Rephrase","type":"MA","timestamp":"2023-11-09 13:02:30"},{"nodeID":"1305015","text":"Default Illocuting","type":"YA","timestamp":"2023-11-09 13:02:30"},{"nodeID":"1305016","text":"you never deal with war crimes until the fighting stops","type":"I","timestamp":"2023-11-09 13:02:31"},{"nodeID":"1305017","text":"Justin Welby:  you never deal with war crimes until the fighting stops","type":"L","timestamp":"2023-11-09 13:02:31"},{"nodeID":"1305018","text":"Analysing","type":"YA","timestamp":"2023-11-09 13:02:31"},{"nodeID":"1305019","text":"Mascha: Justin Welby:  you never deal with war crimes until the fighting stops","type":"L","timestamp":"2023-11-09 13:02:31"},{"nodeID":"1305020","text":"Asserting","type":"YA","timestamp":"2023-11-09 13:02:31"},{"nodeID":"1305021","text":"Default Transition","type":"TA","timestamp":"2023-11-09 13:02:31"},{"nodeID":"1305022","text":"Justin Welby:  the first priority has to be pressure and encouragement to bring a ceasefire","type":"L","timestamp":"2023-11-09 13:02:31"},{"nodeID":"1305023","text":"Analysing","type":"YA","timestamp":"2023-11-09 13:02:31"},{"nodeID":"1305024","text":"Mascha: Justin Welby:  the first priority has to be pressure and encouragement to bring a ceasefire","type":"L","timestamp":"2023-11-09 13:02:31"},{"nodeID":"1305025","text":"Asserting","type":"YA","timestamp":"2023-11-09 13:02:31"},{"nodeID":"1305026","text":"Default Transition","type":"TA","timestamp":"2023-11-09 13:02:31"},{"nodeID":"1305027","text":"Default Inference","type":"RA","timestamp":"2023-11-09 13:02:31"},{"nodeID":"1305028","text":"Arguing","type":"YA","timestamp":"2023-11-09 13:02:31"},{"nodeID":"1305029","text":"bringing a ceasefire is an absolute priority","type":"I","timestamp":"2023-11-09 13:02:32"},{"nodeID":"1305030","text":"Justin Welby:  that is an absolute priority","type":"L","timestamp":"2023-11-09 13:02:32"},{"nodeID":"1305031","text":"Analysing","type":"YA","timestamp":"2023-11-09 13:02:32"},{"nodeID":"1305032","text":"Mascha: Justin Welby:  that is an absolute priority","type":"L","timestamp":"2023-11-09 13:02:32"},{"nodeID":"1305033","text":"Asserting","type":"YA","timestamp":"2023-11-09 13:02:32"},{"nodeID":"1305034","text":"Default Transition","type":"TA","timestamp":"2023-11-09 13:02:32"},{"nodeID":"1305035","text":"Default Rephrase","type":"MA","timestamp":"2023-11-09 13:02:32"},{"nodeID":"1305036","text":"Restating","type":"YA","timestamp":"2023-11-09 13:02:32"},{"nodeID":"1305037","text":"Justin Welby:  while the guns sound, nobody is going to deal with war crime","type":"L","timestamp":"2023-11-09 13:02:32"},{"nodeID":"1305038","text":"Analysing","type":"YA","timestamp":"2023-11-09 13:02:32"},{"nodeID":"1305039","text":"Mascha: Justin Welby:  while the guns sound, nobody is going to deal with war crime","type":"L","timestamp":"2023-11-09 13:02:32"},{"nodeID":"1305040","text":"Asserting","type":"YA","timestamp":"2023-11-09 13:02:32"},{"nodeID":"1305041","text":"Default Transition","type":"TA","timestamp":"2023-11-09 13:02:32"},{"nodeID":"1305042","text":"Default Inference","type":"RA","timestamp":"2023-11-09 13:02:32"},{"nodeID":"1305043","text":"Arguing","type":"YA","timestamp":"2023-11-09 13:02:32"},{"nodeID":"1305044","text":"Default Inference","type":"RA","timestamp":"2023-11-09 13:02:32"},{"nodeID":"1305045","text":"Default Transition","type":"TA","timestamp":"2023-11-09 13:02:32"},{"nodeID":"1305046","text":"Arguing","type":"YA","timestamp":"2023-11-09 13:02:32"},{"nodeID":"1305047","text":"Justin Welby:  if you're going to have justice, it will take a long time","type":"L","timestamp":"2023-11-09 13:02:33"},{"nodeID":"1305048","text":"Analysing","type":"YA","timestamp":"2023-11-09 13:02:33"},{"nodeID":"1305049","text":"Mascha: Justin Welby:  if you're going to have justice, it will take a long time","type":"L","timestamp":"2023-11-09 13:02:33"},{"nodeID":"1305050","text":"Asserting","type":"YA","timestamp":"2023-11-09 13:02:33"},{"nodeID":"1305051","text":"Default Transition","type":"TA","timestamp":"2023-11-09 13:02:33"},{"nodeID":"1305052","text":"justice has taken a long time in Bosnia and Darfur","type":"I","timestamp":"2023-11-09 13:02:34"},{"nodeID":"1305053","text":"Justin Welby: it has with Bosnia and Darfur","type":"L","timestamp":"2023-11-09 13:02:34"},{"nodeID":"1305054","text":"Analysing","type":"YA","timestamp":"2023-11-09 13:02:34"},{"nodeID":"1305055","text":"Mascha: Justin Welby: it has with Bosnia and Darfur","type":"L","timestamp":"2023-11-09 13:02:34"},{"nodeID":"1305056","text":"Asserting","type":"YA","timestamp":"2023-11-09 13:02:34"},{"nodeID":"1305057","text":"Default Transition","type":"TA","timestamp":"2023-11-09 13:02:34"},{"nodeID":"1305058","text":"Default Inference","type":"RA","timestamp":"2023-11-09 13:02:34"},{"nodeID":"1305059","text":"Arguing","type":"YA","timestamp":"2023-11-09 13:02:34"},{"nodeID":"1305060","text":"Justin Welby: Darfur is kicking off again at the moment","type":"L","timestamp":"2023-11-09 13:02:34"},{"nodeID":"1305061","text":"Analysing","type":"YA","timestamp":"2023-11-09 13:02:34"},{"nodeID":"1305062","text":"Mascha: Justin Welby: Darfur is kicking off again at the moment","type":"L","timestamp":"2023-11-09 13:02:34"},{"nodeID":"1305063","text":"Asserting","type":"YA","timestamp":"2023-11-09 13:02:34"},{"nodeID":"1305064","text":"Default Transition","type":"TA","timestamp":"2023-11-09 13:02:34"},{"nodeID":"1305065","text":"we're forgetting about so many of these","type":"I","timestamp":"2023-11-09 13:02:35"},{"nodeID":"1305066","text":"Justin Welby:  we're forgetting about so many of these","type":"L","timestamp":"2023-11-09 13:02:35"},{"nodeID":"1305067","text":"Analysing","type":"YA","timestamp":"2023-11-09 13:02:35"},{"nodeID":"1305068","text":"Mascha: Justin Welby:  we're forgetting about so many of these","type":"L","timestamp":"2023-11-09 13:02:35"},{"nodeID":"1305069","text":"Asserting","type":"YA","timestamp":"2023-11-09 13:02:35"},{"nodeID":"1305070","text":"Default Transition","type":"TA","timestamp":"2023-11-09 13:02:35"}],"edges":[{"edgeID":"1714467","fromID":"1304965","toID":"1304964","formEdgeID":null},{"edgeID":"1714468","fromID":"1304966","toID":"1304965","formEdgeID":null},{"edgeID":"1714469","fromID":"1304964","toID":"1304967","formEdgeID":null},{"edgeID":"1714470","fromID":"1304967","toID":"1304963","formEdgeID":null},{"edgeID":"1714471","fromID":"1304970","toID":"1304969","formEdgeID":null},{"edgeID":"1714472","fromID":"1304971","toID":"1304970","formEdgeID":null},{"edgeID":"1714473","fromID":"1304969","toID":"1304972","formEdgeID":null},{"edgeID":"1714474","fromID":"1304972","toID":"1304968","formEdgeID":null},{"edgeID":"1714475","fromID":"1304964","toID":"1304973","formEdgeID":null},{"edgeID":"1714476","fromID":"1304973","toID":"1304969","formEdgeID":null},{"edgeID":"1714477","fromID":"1304976","toID":"1304975","formEdgeID":null},{"edgeID":"1714478","fromID":"1304977","toID":"1304976","formEdgeID":null},{"edgeID":"1714479","fromID":"1304975","toID":"1304978","formEdgeID":null},{"edgeID":"1714480","fromID":"1304978","toID":"1304974","formEdgeID":null},{"edgeID":"1714481","fromID":"1304969","toID":"1304979","formEdgeID":null},{"edgeID":"1714482","fromID":"1304979","toID":"1304975","formEdgeID":null},{"edgeID":"1714483","fromID":"1304982","toID":"1304981","formEdgeID":null},{"edgeID":"1714484","fromID":"1304983","toID":"1304982","formEdgeID":null},{"edgeID":"1714485","fromID":"1304981","toID":"1304984","formEdgeID":null},{"edgeID":"1714486","fromID":"1304984","toID":"1304980","formEdgeID":null},{"edgeID":"1714487","fromID":"1304975","toID":"1304985","formEdgeID":null},{"edgeID":"1714488","fromID":"1304985","toID":"1304981","formEdgeID":null},{"edgeID":"1714489","fromID":"1304988","toID":"1304987","formEdgeID":null},{"edgeID":"1714490","fromID":"1304989","toID":"1304988","formEdgeID":null},{"edgeID":"1714491","fromID":"1304987","toID":"1304990","formEdgeID":null},{"edgeID":"1714492","fromID":"1304990","toID":"1304986","formEdgeID":null},{"edgeID":"1714493","fromID":"1304981","toID":"1304991","formEdgeID":null},{"edgeID":"1714494","fromID":"1304991","toID":"1304987","formEdgeID":null},{"edgeID":"1714495","fromID":"1304986","toID":"1304992","formEdgeID":null},{"edgeID":"1714496","fromID":"1304992","toID":"1304980","formEdgeID":null},{"edgeID":"1714497","fromID":"1304991","toID":"1304993","formEdgeID":null},{"edgeID":"1714498","fromID":"1304993","toID":"1304992","formEdgeID":null},{"edgeID":"1714499","fromID":"1304996","toID":"1304995","formEdgeID":null},{"edgeID":"1714500","fromID":"1304997","toID":"1304996","formEdgeID":null},{"edgeID":"1714501","fromID":"1304995","toID":"1304998","formEdgeID":null},{"edgeID":"1714502","fromID":"1304998","toID":"1304994","formEdgeID":null},{"edgeID":"1714503","fromID":"1304987","toID":"1304999","formEdgeID":null},{"edgeID":"1714504","fromID":"1304999","toID":"1304995","formEdgeID":null},{"edgeID":"1714505","fromID":"1304994","toID":"1305000","formEdgeID":null},{"edgeID":"1714506","fromID":"1305000","toID":"1304986","formEdgeID":null},{"edgeID":"1714507","fromID":"1304999","toID":"1305001","formEdgeID":null},{"edgeID":"1714508","fromID":"1305001","toID":"1305000","formEdgeID":null},{"edgeID":"1714509","fromID":"1305004","toID":"1305003","formEdgeID":null},{"edgeID":"1714510","fromID":"1305005","toID":"1305004","formEdgeID":null},{"edgeID":"1714511","fromID":"1305003","toID":"1305006","formEdgeID":null},{"edgeID":"1714512","fromID":"1305006","toID":"1305002","formEdgeID":null},{"edgeID":"1714513","fromID":"1304995","toID":"1305007","formEdgeID":null},{"edgeID":"1714514","fromID":"1305007","toID":"1305003","formEdgeID":null},{"edgeID":"1714515","fromID":"1305010","toID":"1305009","formEdgeID":null},{"edgeID":"1714516","fromID":"1305011","toID":"1305010","formEdgeID":null},{"edgeID":"1714517","fromID":"1305009","toID":"1305012","formEdgeID":null},{"edgeID":"1714518","fromID":"1305012","toID":"1305008","formEdgeID":null},{"edgeID":"1714519","fromID":"1305003","toID":"1305013","formEdgeID":null},{"edgeID":"1714520","fromID":"1305013","toID":"1305009","formEdgeID":null},{"edgeID":"1714521","fromID":"1305008","toID":"1305014","formEdgeID":null},{"edgeID":"1714522","fromID":"1305014","toID":"1305002","formEdgeID":null},{"edgeID":"1714523","fromID":"1305013","toID":"1305015","formEdgeID":null},{"edgeID":"1714524","fromID":"1305015","toID":"1305014","formEdgeID":null},{"edgeID":"1714525","fromID":"1305018","toID":"1305017","formEdgeID":null},{"edgeID":"1714526","fromID":"1305019","toID":"1305018","formEdgeID":null},{"edgeID":"1714527","fromID":"1305017","toID":"1305020","formEdgeID":null},{"edgeID":"1714528","fromID":"1305020","toID":"1305016","formEdgeID":null},{"edgeID":"1714529","fromID":"1305009","toID":"1305021","formEdgeID":null},{"edgeID":"1714530","fromID":"1305021","toID":"1305017","formEdgeID":null},{"edgeID":"1714531","fromID":"1305023","toID":"1305022","formEdgeID":null},{"edgeID":"1714532","fromID":"1305024","toID":"1305023","formEdgeID":null},{"edgeID":"1714533","fromID":"1305022","toID":"1305025","formEdgeID":null},{"edgeID":"1714534","fromID":"1305025","toID":"1142016","formEdgeID":null},{"edgeID":"1714535","fromID":"1305017","toID":"1305026","formEdgeID":null},{"edgeID":"1714536","fromID":"1305026","toID":"1305022","formEdgeID":null},{"edgeID":"1714537","fromID":"1305016","toID":"1305027","formEdgeID":null},{"edgeID":"1714538","fromID":"1305027","toID":"1142016","formEdgeID":null},{"edgeID":"1714539","fromID":"1305026","toID":"1305028","formEdgeID":null},{"edgeID":"1714540","fromID":"1305028","toID":"1305027","formEdgeID":null},{"edgeID":"1714541","fromID":"1305031","toID":"1305030","formEdgeID":null},{"edgeID":"1714542","fromID":"1305032","toID":"1305031","formEdgeID":null},{"edgeID":"1714543","fromID":"1305030","toID":"1305033","formEdgeID":null},{"edgeID":"1714544","fromID":"1305033","toID":"1305029","formEdgeID":null},{"edgeID":"1714545","fromID":"1305022","toID":"1305034","formEdgeID":null},{"edgeID":"1714546","fromID":"1305034","toID":"1305030","formEdgeID":null},{"edgeID":"1714547","fromID":"1305029","toID":"1305035","formEdgeID":null},{"edgeID":"1714548","fromID":"1305035","toID":"1142016","formEdgeID":null},{"edgeID":"1714549","fromID":"1305034","toID":"1305036","formEdgeID":null},{"edgeID":"1714550","fromID":"1305036","toID":"1305035","formEdgeID":null},{"edgeID":"1714551","fromID":"1305038","toID":"1305037","formEdgeID":null},{"edgeID":"1714552","fromID":"1305039","toID":"1305038","formEdgeID":null},{"edgeID":"1714553","fromID":"1305037","toID":"1305040","formEdgeID":null},{"edgeID":"1714554","fromID":"1305040","toID":"1142045","formEdgeID":null},{"edgeID":"1714555","fromID":"1305030","toID":"1305041","formEdgeID":null},{"edgeID":"1714556","fromID":"1305041","toID":"1305037","formEdgeID":null},{"edgeID":"1714557","fromID":"1142045","toID":"1305042","formEdgeID":null},{"edgeID":"1714558","fromID":"1305042","toID":"1305029","formEdgeID":null},{"edgeID":"1714559","fromID":"1305041","toID":"1305043","formEdgeID":null},{"edgeID":"1714560","fromID":"1305043","toID":"1305042","formEdgeID":null},{"edgeID":"1714561","fromID":"1142045","toID":"1305044","formEdgeID":null},{"edgeID":"1714562","fromID":"1305044","toID":"1305016","formEdgeID":null},{"edgeID":"1714563","fromID":"1305017","toID":"1305045","formEdgeID":null},{"edgeID":"1714564","fromID":"1305045","toID":"1305037","formEdgeID":null},{"edgeID":"1714565","fromID":"1305045","toID":"1305046","formEdgeID":null},{"edgeID":"1714566","fromID":"1305046","toID":"1305044","formEdgeID":null},{"edgeID":"1714567","fromID":"1305048","toID":"1305047","formEdgeID":null},{"edgeID":"1714568","fromID":"1305049","toID":"1305048","formEdgeID":null},{"edgeID":"1714569","fromID":"1305047","toID":"1305050","formEdgeID":null},{"edgeID":"1714570","fromID":"1305050","toID":"1142056","formEdgeID":null},{"edgeID":"1714571","fromID":"1305037","toID":"1305051","formEdgeID":null},{"edgeID":"1714572","fromID":"1305051","toID":"1305047","formEdgeID":null},{"edgeID":"1714573","fromID":"1305054","toID":"1305053","formEdgeID":null},{"edgeID":"1714574","fromID":"1305055","toID":"1305054","formEdgeID":null},{"edgeID":"1714575","fromID":"1305053","toID":"1305056","formEdgeID":null},{"edgeID":"1714576","fromID":"1305056","toID":"1305052","formEdgeID":null},{"edgeID":"1714577","fromID":"1305047","toID":"1305057","formEdgeID":null},{"edgeID":"1714578","fromID":"1305057","toID":"1305053","formEdgeID":null},{"edgeID":"1714579","fromID":"1305052","toID":"1305058","formEdgeID":null},{"edgeID":"1714580","fromID":"1305058","toID":"1142056","formEdgeID":null},{"edgeID":"1714581","fromID":"1305057","toID":"1305059","formEdgeID":null},{"edgeID":"1714582","fromID":"1305059","toID":"1305058","formEdgeID":null},{"edgeID":"1714583","fromID":"1305061","toID":"1305060","formEdgeID":null},{"edgeID":"1714584","fromID":"1305062","toID":"1305061","formEdgeID":null},{"edgeID":"1714585","fromID":"1305060","toID":"1305063","formEdgeID":null},{"edgeID":"1714586","fromID":"1305063","toID":"1142081","formEdgeID":null},{"edgeID":"1714587","fromID":"1305053","toID":"1305064","formEdgeID":null},{"edgeID":"1714588","fromID":"1305064","toID":"1305060","formEdgeID":null},{"edgeID":"1714589","fromID":"1305067","toID":"1305066","formEdgeID":null},{"edgeID":"1714590","fromID":"1305068","toID":"1305067","formEdgeID":null},{"edgeID":"1714591","fromID":"1305066","toID":"1305069","formEdgeID":null},{"edgeID":"1714592","fromID":"1305069","toID":"1305065","formEdgeID":null},{"edgeID":"1714593","fromID":"1305060","toID":"1305070","formEdgeID":null},{"edgeID":"1714594","fromID":"1305070","toID":"1305066","formEdgeID":null}],"locutions":[]}