{"nodes":[{"nodeID":"1309146","text":"sometime around Christmas 2020 or 2021 we were lowering food down to the poor lorry drivers that were backed up","type":"I","timestamp":"2023-11-09 13:08:14"},{"nodeID":"1309147","text":"AudienceMember 20220407QT35: Christmas 2020, was it 2021, I can't remember, but we were lowering food down to the poor lorry drivers that were backed up","type":"L","timestamp":"2023-11-09 13:08:14"},{"nodeID":"1309148","text":"Analysing","type":"YA","timestamp":"2023-11-09 13:08:14"},{"nodeID":"1309149","text":"Mascha: AudienceMember 20220407QT35: Christmas 2020, was it 2021, I can't remember, but we were lowering food down to the poor lorry drivers that were backed up","type":"L","timestamp":"2023-11-09 13:08:14"},{"nodeID":"1309150","text":"Asserting","type":"YA","timestamp":"2023-11-09 13:08:14"},{"nodeID":"1309151","text":"backed up lorry drivers is not new at all","type":"I","timestamp":"2023-11-09 13:08:15"},{"nodeID":"1309152","text":"AudienceMember 20220407QT35: this is not new at all","type":"L","timestamp":"2023-11-09 13:08:15"},{"nodeID":"1309153","text":"Analysing","type":"YA","timestamp":"2023-11-09 13:08:15"},{"nodeID":"1309154","text":"Mascha: AudienceMember 20220407QT35: this is not new at all","type":"L","timestamp":"2023-11-09 13:08:15"},{"nodeID":"1309155","text":"Asserting","type":"YA","timestamp":"2023-11-09 13:08:15"},{"nodeID":"1309156","text":"Default Transition","type":"TA","timestamp":"2023-11-09 13:08:15"},{"nodeID":"1309157","text":"the Government didn't even give the right postcode to where those lorries should go","type":"I","timestamp":"2023-11-09 13:08:15"},{"nodeID":"1309158","text":"AudienceMember 20220407QT35:  the Government didn't even give the right postcode to where those lorries should go","type":"L","timestamp":"2023-11-09 13:08:15"},{"nodeID":"1309159","text":"Analysing","type":"YA","timestamp":"2023-11-09 13:08:15"},{"nodeID":"1309160","text":"Mascha: AudienceMember 20220407QT35:  the Government didn't even give the right postcode to where those lorries should go","type":"L","timestamp":"2023-11-09 13:08:15"},{"nodeID":"1309161","text":"Asserting","type":"YA","timestamp":"2023-11-09 13:08:15"},{"nodeID":"1309162","text":"Default Transition","type":"TA","timestamp":"2023-11-09 13:08:15"},{"nodeID":"1309163","text":"Default Inference","type":"RA","timestamp":"2023-11-09 13:08:15"},{"nodeID":"1309164","text":"Arguing","type":"YA","timestamp":"2023-11-09 13:08:15"},{"nodeID":"1309165","text":"there's a lot of work to be done","type":"I","timestamp":"2023-11-09 13:08:16"},{"nodeID":"1309166","text":"AudienceMember 20220407QT35:  there's a lot of work to be done","type":"L","timestamp":"2023-11-09 13:08:16"},{"nodeID":"1309167","text":"Analysing","type":"YA","timestamp":"2023-11-09 13:08:16"},{"nodeID":"1309168","text":"Mascha: AudienceMember 20220407QT35:  there's a lot of work to be done","type":"L","timestamp":"2023-11-09 13:08:16"},{"nodeID":"1309169","text":"Asserting","type":"YA","timestamp":"2023-11-09 13:08:16"},{"nodeID":"1309170","text":"Default Transition","type":"TA","timestamp":"2023-11-09 13:08:16"},{"nodeID":"1309171","text":"Default Inference","type":"RA","timestamp":"2023-11-09 13:08:16"},{"nodeID":"1309172","text":"Arguing","type":"YA","timestamp":"2023-11-09 13:08:16"},{"nodeID":"1309173","text":"we had loads of lorry drivers coming through the village, just tearing through the village, it's awful","type":"I","timestamp":"2023-11-09 13:08:17"},{"nodeID":"1309174","text":"AudienceMember 20220407QT35: We had loads of them coming through the village, just tearing through the village, it's awful","type":"L","timestamp":"2023-11-09 13:08:17"},{"nodeID":"1309175","text":"Analysing","type":"YA","timestamp":"2023-11-09 13:08:17"},{"nodeID":"1309176","text":"Mascha: AudienceMember 20220407QT35: We had loads of them coming through the village, just tearing through the village, it's awful","type":"L","timestamp":"2023-11-09 13:08:17"},{"nodeID":"1309177","text":"Asserting","type":"YA","timestamp":"2023-11-09 13:08:17"},{"nodeID":"1309178","text":"Default Transition","type":"TA","timestamp":"2023-11-09 13:08:17"},{"nodeID":"1309179","text":"it's amazing how quickly land can be grabbed and things can be built when you want them to be","type":"I","timestamp":"2023-11-09 13:08:17"},{"nodeID":"1309180","text":"AudienceMember 20220407QT35: it's amazing how quickly land can be grabbed and things can be built when you want them to be","type":"L","timestamp":"2023-11-09 13:08:17"},{"nodeID":"1309181","text":"Analysing","type":"YA","timestamp":"2023-11-09 13:08:17"},{"nodeID":"1309182","text":"Mascha: AudienceMember 20220407QT35: it's amazing how quickly land can be grabbed and things can be built when you want them to be","type":"L","timestamp":"2023-11-09 13:08:17"},{"nodeID":"1309183","text":"Asserting","type":"YA","timestamp":"2023-11-09 13:08:17"},{"nodeID":"1309184","text":"Default Transition","type":"TA","timestamp":"2023-11-09 13:08:17"}],"edges":[{"edgeID":"1719384","fromID":"1309148","toID":"1309147","formEdgeID":null},{"edgeID":"1719385","fromID":"1309149","toID":"1309148","formEdgeID":null},{"edgeID":"1719386","fromID":"1309147","toID":"1309150","formEdgeID":null},{"edgeID":"1719387","fromID":"1309150","toID":"1309146","formEdgeID":null},{"edgeID":"1719388","fromID":"1309153","toID":"1309152","formEdgeID":null},{"edgeID":"1719389","fromID":"1309154","toID":"1309153","formEdgeID":null},{"edgeID":"1719390","fromID":"1309152","toID":"1309155","formEdgeID":null},{"edgeID":"1719391","fromID":"1309155","toID":"1309151","formEdgeID":null},{"edgeID":"1719392","fromID":"1309147","toID":"1309156","formEdgeID":null},{"edgeID":"1719393","fromID":"1309156","toID":"1309152","formEdgeID":null},{"edgeID":"1719394","fromID":"1309159","toID":"1309158","formEdgeID":null},{"edgeID":"1719395","fromID":"1309160","toID":"1309159","formEdgeID":null},{"edgeID":"1719396","fromID":"1309158","toID":"1309161","formEdgeID":null},{"edgeID":"1719397","fromID":"1309161","toID":"1309157","formEdgeID":null},{"edgeID":"1719398","fromID":"1309152","toID":"1309162","formEdgeID":null},{"edgeID":"1719399","fromID":"1309162","toID":"1309158","formEdgeID":null},{"edgeID":"1719400","fromID":"1309146","toID":"1309163","formEdgeID":null},{"edgeID":"1719401","fromID":"1309163","toID":"1309151","formEdgeID":null},{"edgeID":"1719402","fromID":"1309156","toID":"1309164","formEdgeID":null},{"edgeID":"1719403","fromID":"1309164","toID":"1309163","formEdgeID":null},{"edgeID":"1719404","fromID":"1309167","toID":"1309166","formEdgeID":null},{"edgeID":"1719405","fromID":"1309168","toID":"1309167","formEdgeID":null},{"edgeID":"1719406","fromID":"1309166","toID":"1309169","formEdgeID":null},{"edgeID":"1719407","fromID":"1309169","toID":"1309165","formEdgeID":null},{"edgeID":"1719408","fromID":"1309158","toID":"1309170","formEdgeID":null},{"edgeID":"1719409","fromID":"1309170","toID":"1309166","formEdgeID":null},{"edgeID":"1719410","fromID":"1309157","toID":"1309171","formEdgeID":null},{"edgeID":"1719411","fromID":"1309171","toID":"1309165","formEdgeID":null},{"edgeID":"1719412","fromID":"1309170","toID":"1309172","formEdgeID":null},{"edgeID":"1719413","fromID":"1309172","toID":"1309171","formEdgeID":null},{"edgeID":"1719414","fromID":"1309175","toID":"1309174","formEdgeID":null},{"edgeID":"1719415","fromID":"1309176","toID":"1309175","formEdgeID":null},{"edgeID":"1719416","fromID":"1309174","toID":"1309177","formEdgeID":null},{"edgeID":"1719417","fromID":"1309177","toID":"1309173","formEdgeID":null},{"edgeID":"1719418","fromID":"1309166","toID":"1309178","formEdgeID":null},{"edgeID":"1719419","fromID":"1309178","toID":"1309174","formEdgeID":null},{"edgeID":"1719420","fromID":"1309181","toID":"1309180","formEdgeID":null},{"edgeID":"1719421","fromID":"1309182","toID":"1309181","formEdgeID":null},{"edgeID":"1719422","fromID":"1309180","toID":"1309183","formEdgeID":null},{"edgeID":"1719423","fromID":"1309183","toID":"1309179","formEdgeID":null},{"edgeID":"1719424","fromID":"1309174","toID":"1309184","formEdgeID":null},{"edgeID":"1719425","fromID":"1309184","toID":"1309180","formEdgeID":null}],"locutions":[]}