{"nodes":[{"nodeID":"1306530","text":"the Russian attack on Ukraine is of a scale, or appears to be of a scale, that we now need to introduce a no-fly zone","type":"I","timestamp":"2023-11-09 13:04:34"},{"nodeID":"1306531","text":"Dan Hodges: this is of a scale, or appears to be of a scale, that we now need to introduce a no-fly zone","type":"L","timestamp":"2023-11-09 13:04:34"},{"nodeID":"1306532","text":"Analysing","type":"YA","timestamp":"2023-11-09 13:04:34"},{"nodeID":"1306533","text":"Tuuli: Dan Hodges: this is of a scale, or appears to be of a scale, that we now need to introduce a no-fly zone","type":"L","timestamp":"2023-11-09 13:04:34"},{"nodeID":"1306534","text":"Asserting","type":"YA","timestamp":"2023-11-09 13:04:34"},{"nodeID":"1306535","text":"we need to look at introducing safe havens so that the atrocities in Ukraine stop","type":"I","timestamp":"2023-11-09 13:04:34"},{"nodeID":"1306536","text":"Dan Hodges: we need to look at introducing safe havens so that the atrocities stop","type":"L","timestamp":"2023-11-09 13:04:34"},{"nodeID":"1306537","text":"Analysing","type":"YA","timestamp":"2023-11-09 13:04:34"},{"nodeID":"1306538","text":"Tuuli: Dan Hodges: we need to look at introducing safe havens so that the atrocities stop","type":"L","timestamp":"2023-11-09 13:04:34"},{"nodeID":"1306539","text":"Asserting","type":"YA","timestamp":"2023-11-09 13:04:34"},{"nodeID":"1306540","text":"Default Transition","type":"TA","timestamp":"2023-11-09 13:04:34"},{"nodeID":"1306541","text":"Dan Hodges completely understands those people who express concern in introducing a no-fly zone and safe havens","type":"I","timestamp":"2023-11-09 13:04:35"},{"nodeID":"1306542","text":"Dan Hodges: I completely understand those people who express concern","type":"L","timestamp":"2023-11-09 13:04:35"},{"nodeID":"1306543","text":"Analysing","type":"YA","timestamp":"2023-11-09 13:04:35"},{"nodeID":"1306544","text":"Tuuli: Dan Hodges: I completely understand those people who express concern","type":"L","timestamp":"2023-11-09 13:04:35"},{"nodeID":"1306545","text":"Asserting","type":"YA","timestamp":"2023-11-09 13:04:35"},{"nodeID":"1306546","text":"Default Transition","type":"TA","timestamp":"2023-11-09 13:04:35"},{"nodeID":"1306547","text":"there are very real risks in taking the approach of introducing a no-fly zone and safe havens","type":"I","timestamp":"2023-11-09 13:04:35"},{"nodeID":"1306548","text":"Dan Hodges: there are very real risks","type":"L","timestamp":"2023-11-09 13:04:35"},{"nodeID":"1306549","text":"Analysing","type":"YA","timestamp":"2023-11-09 13:04:35"},{"nodeID":"1306550","text":"Tuuli: Dan Hodges: there are very real risks","type":"L","timestamp":"2023-11-09 13:04:35"},{"nodeID":"1306551","text":"Asserting","type":"YA","timestamp":"2023-11-09 13:04:35"},{"nodeID":"1306552","text":"there are very real dangers in taking the approach of introducing a no-fly zone and safe havens","type":"I","timestamp":"2023-11-09 13:04:36"},{"nodeID":"1306553","text":"Dan Hodges: there are very real dangers in taking that approach","type":"L","timestamp":"2023-11-09 13:04:36"},{"nodeID":"1306554","text":"Analysing","type":"YA","timestamp":"2023-11-09 13:04:36"},{"nodeID":"1306555","text":"Tuuli: Dan Hodges: there are very real dangers in taking that approach","type":"L","timestamp":"2023-11-09 13:04:36"},{"nodeID":"1306556","text":"Asserting","type":"YA","timestamp":"2023-11-09 13:04:36"},{"nodeID":"1306557","text":"Default Inference","type":"RA","timestamp":"2023-11-09 13:04:36"},{"nodeID":"1306558","text":"Default Transition","type":"TA","timestamp":"2023-11-09 13:04:36"},{"nodeID":"1306559","text":"Default Transition","type":"TA","timestamp":"2023-11-09 13:04:36"},{"nodeID":"1306560","text":"Arguing","type":"YA","timestamp":"2023-11-09 13:04:36"},{"nodeID":"1306561","text":"we now need to think about the risks of not intervening in the atrocities in Ukraine","type":"I","timestamp":"2023-11-09 13:04:37"},{"nodeID":"1306562","text":"Dan Hodges:  we now need to think about the risks of not intervening","type":"L","timestamp":"2023-11-09 13:04:37"},{"nodeID":"1306563","text":"Analysing","type":"YA","timestamp":"2023-11-09 13:04:37"},{"nodeID":"1306564","text":"Tuuli: Dan Hodges:  we now need to think about the risks of not intervening","type":"L","timestamp":"2023-11-09 13:04:37"},{"nodeID":"1306565","text":"Asserting","type":"YA","timestamp":"2023-11-09 13:04:37"},{"nodeID":"1306566","text":"Default Conflict","type":"CA","timestamp":"2023-11-09 13:04:37"},{"nodeID":"1306567","text":"Default Transition","type":"TA","timestamp":"2023-11-09 13:04:37"},{"nodeID":"1306568","text":"Disagreeing","type":"YA","timestamp":"2023-11-09 13:04:37"},{"nodeID":"1306569","text":"Dan Hodges means thinking about the risks of not intervening in the atrocities in Ukraine in terms of in a practical sense","type":"I","timestamp":"2023-11-09 13:04:37"},{"nodeID":"1306570","text":"Dan Hodges: I mean that in terms of in a practical sense","type":"L","timestamp":"2023-11-09 13:04:37"},{"nodeID":"1306571","text":"Analysing","type":"YA","timestamp":"2023-11-09 13:04:37"},{"nodeID":"1306572","text":"Tuuli: Dan Hodges: I mean that in terms of in a practical sense","type":"L","timestamp":"2023-11-09 13:04:37"},{"nodeID":"1306573","text":"Asserting","type":"YA","timestamp":"2023-11-09 13:04:37"},{"nodeID":"1306574","text":"Default Transition","type":"TA","timestamp":"2023-11-09 13:04:37"},{"nodeID":"1306575","text":"Dan Hodges does not mean thinking about the risks of not intervening in the atrocities in Ukraine just in a moral sense","type":"I","timestamp":"2023-11-09 13:04:38"},{"nodeID":"1306576","text":"Dan Hodges: not just in a moral sense","type":"L","timestamp":"2023-11-09 13:04:38"},{"nodeID":"1306577","text":"Analysing","type":"YA","timestamp":"2023-11-09 13:04:38"},{"nodeID":"1306578","text":"Tuuli: Dan Hodges: not just in a moral sense","type":"L","timestamp":"2023-11-09 13:04:38"},{"nodeID":"1306579","text":"Asserting","type":"YA","timestamp":"2023-11-09 13:04:38"},{"nodeID":"1306580","text":"Default Transition","type":"TA","timestamp":"2023-11-09 13:04:38"},{"nodeID":"1306581","text":"Default Rephrase","type":"MA","timestamp":"2023-11-09 13:04:38"},{"nodeID":"1306582","text":"Restating","type":"YA","timestamp":"2023-11-09 13:04:38"},{"nodeID":"1306583","text":"Default Rephrase","type":"MA","timestamp":"2023-11-09 13:04:38"},{"nodeID":"1306584","text":"Restating","type":"YA","timestamp":"2023-11-09 13:04:38"},{"nodeID":"1306585","text":"Dan Hodges thinks risks of not intervening in the atrocities in Ukraine will be xxx","type":"I","timestamp":"2023-11-09 13:04:38"},{"nodeID":"1306586","text":"Fiona Bruce: what do you think those risks will be","type":"L","timestamp":"2023-11-09 13:04:38"},{"nodeID":"1306587","text":"Analysing","type":"YA","timestamp":"2023-11-09 13:04:38"},{"nodeID":"1306588","text":"Tuuli: Fiona Bruce: what do you think those risks will be","type":"L","timestamp":"2023-11-09 13:04:38"},{"nodeID":"1306589","text":"Pure Questioning","type":"YA","timestamp":"2023-11-09 13:04:38"},{"nodeID":"1306590","text":"Default Transition","type":"TA","timestamp":"2023-11-09 13:04:38"},{"nodeID":"1306591","text":"Default Rephrase","type":"MA","timestamp":"2023-11-09 13:04:38"},{"nodeID":"1306592","text":"Restating","type":"YA","timestamp":"2023-11-09 13:04:38"},{"nodeID":"1306593","text":"we're not intervening in the atrocities in Ukraine","type":"I","timestamp":"2023-11-09 13:04:39"},{"nodeID":"1306594","text":"Dan Hodges: why we're not intervening","type":"L","timestamp":"2023-11-09 13:04:39"},{"nodeID":"1306595","text":"Analysing","type":"YA","timestamp":"2023-11-09 13:04:39"},{"nodeID":"1306596","text":"Tuuli: Dan Hodges: why we're not intervening","type":"L","timestamp":"2023-11-09 13:04:39"},{"nodeID":"1306597","text":"Assertive Questioning","type":"YA","timestamp":"2023-11-09 13:04:39"},{"nodeID":"1306598","text":"Default Transition","type":"TA","timestamp":"2023-11-09 13:04:39"},{"nodeID":"1306599","text":"we are scared of Vladimir Putin","type":"I","timestamp":"2023-11-09 13:04:39"},{"nodeID":"1306600","text":"Dan Hodges: we are scared of Vladimir Putin","type":"L","timestamp":"2023-11-09 13:04:39"},{"nodeID":"1306601","text":"Analysing","type":"YA","timestamp":"2023-11-09 13:04:39"},{"nodeID":"1306602","text":"Tuuli: Dan Hodges: we are scared of Vladimir Putin","type":"L","timestamp":"2023-11-09 13:04:39"},{"nodeID":"1306603","text":"Asserting","type":"YA","timestamp":"2023-11-09 13:04:39"},{"nodeID":"1306604","text":"Default Transition","type":"TA","timestamp":"2023-11-09 13:04:39"},{"nodeID":"1306605","text":"Default Inference","type":"RA","timestamp":"2023-11-09 13:04:39"},{"nodeID":"1306606","text":"Arguing","type":"YA","timestamp":"2023-11-09 13:04:39"},{"nodeID":"1306607","text":"any dictator or potential dictator secures a nuclear weapon","type":"I","timestamp":"2023-11-09 13:04:40"},{"nodeID":"1306608","text":"Dan Hodges: you secure a nuclear weapon","type":"L","timestamp":"2023-11-09 13:04:40"},{"nodeID":"1306609","text":"Analysing","type":"YA","timestamp":"2023-11-09 13:04:40"},{"nodeID":"1306610","text":"Tuuli: Dan Hodges: you secure a nuclear weapon","type":"L","timestamp":"2023-11-09 13:04:40"},{"nodeID":"1306611","text":"Asserting","type":"YA","timestamp":"2023-11-09 13:04:40"},{"nodeID":"1306612","text":"any dictator or potential dictator can effectively operate outside of the norms of international law","type":"I","timestamp":"2023-11-09 13:04:41"},{"nodeID":"1306613","text":"Dan Hodges: you can effectively operate outside of the norms of international law","type":"L","timestamp":"2023-11-09 13:04:41"},{"nodeID":"1306614","text":"Analysing","type":"YA","timestamp":"2023-11-09 13:04:41"},{"nodeID":"1306615","text":"Tuuli: Dan Hodges: you can effectively operate outside of the norms of international law","type":"L","timestamp":"2023-11-09 13:04:41"},{"nodeID":"1306616","text":"Asserting","type":"YA","timestamp":"2023-11-09 13:04:41"},{"nodeID":"1306617","text":"Default Transition","type":"TA","timestamp":"2023-11-09 13:04:41"},{"nodeID":"1306618","text":"Default Inference","type":"RA","timestamp":"2023-11-09 13:04:41"},{"nodeID":"1306619","text":"Arguing","type":"YA","timestamp":"2023-11-09 13:04:41"},{"nodeID":"1306620","text":"any dictator or potential dictator can effectively, with impunity, invade a sovereign state","type":"I","timestamp":"2023-11-09 13:04:41"},{"nodeID":"1306621","text":"Dan Hodges: you can effectively, with impunity, invade a sovereign state","type":"L","timestamp":"2023-11-09 13:04:41"},{"nodeID":"1306622","text":"Analysing","type":"YA","timestamp":"2023-11-09 13:04:41"},{"nodeID":"1306623","text":"Tuuli: Dan Hodges: you can effectively, with impunity, invade a sovereign state","type":"L","timestamp":"2023-11-09 13:04:41"},{"nodeID":"1306624","text":"Asserting","type":"YA","timestamp":"2023-11-09 13:04:41"},{"nodeID":"1306625","text":"Default Inference","type":"RA","timestamp":"2023-11-09 13:04:41"},{"nodeID":"1306626","text":"Default Transition","type":"TA","timestamp":"2023-11-09 13:04:41"},{"nodeID":"1306627","text":"Arguing","type":"YA","timestamp":"2023-11-09 13:04:41"},{"nodeID":"1306628","text":"that's exactly the point Dan Hodges is making","type":"I","timestamp":"2023-11-09 13:04:42"},{"nodeID":"1306629","text":"Dan Hodges: That's exactly the point I'm making","type":"L","timestamp":"2023-11-09 13:04:42"},{"nodeID":"1306630","text":"Analysing","type":"YA","timestamp":"2023-11-09 13:04:42"},{"nodeID":"1306631","text":"Tuuli: Dan Hodges: That's exactly the point I'm making","type":"L","timestamp":"2023-11-09 13:04:42"},{"nodeID":"1306632","text":"Asserting","type":"YA","timestamp":"2023-11-09 13:04:42"},{"nodeID":"1306633","text":"Default Transition","type":"TA","timestamp":"2023-11-09 13:04:42"},{"nodeID":"1306634","text":"Default Transition","type":"TA","timestamp":"2023-11-09 13:04:42"}],"edges":[{"edgeID":"1716334","fromID":"1306532","toID":"1306531","formEdgeID":null},{"edgeID":"1716335","fromID":"1306533","toID":"1306532","formEdgeID":null},{"edgeID":"1716336","fromID":"1306531","toID":"1306534","formEdgeID":null},{"edgeID":"1716337","fromID":"1306534","toID":"1306530","formEdgeID":null},{"edgeID":"1716338","fromID":"1306537","toID":"1306536","formEdgeID":null},{"edgeID":"1716339","fromID":"1306538","toID":"1306537","formEdgeID":null},{"edgeID":"1716340","fromID":"1306536","toID":"1306539","formEdgeID":null},{"edgeID":"1716341","fromID":"1306539","toID":"1306535","formEdgeID":null},{"edgeID":"1716342","fromID":"1306531","toID":"1306540","formEdgeID":null},{"edgeID":"1716343","fromID":"1306540","toID":"1306536","formEdgeID":null},{"edgeID":"1716344","fromID":"1306543","toID":"1306542","formEdgeID":null},{"edgeID":"1716345","fromID":"1306544","toID":"1306543","formEdgeID":null},{"edgeID":"1716346","fromID":"1306542","toID":"1306545","formEdgeID":null},{"edgeID":"1716347","fromID":"1306545","toID":"1306541","formEdgeID":null},{"edgeID":"1716348","fromID":"1306536","toID":"1306546","formEdgeID":null},{"edgeID":"1716349","fromID":"1306546","toID":"1306542","formEdgeID":null},{"edgeID":"1716350","fromID":"1306549","toID":"1306548","formEdgeID":null},{"edgeID":"1716351","fromID":"1306550","toID":"1306549","formEdgeID":null},{"edgeID":"1716352","fromID":"1306548","toID":"1306551","formEdgeID":null},{"edgeID":"1716353","fromID":"1306551","toID":"1306547","formEdgeID":null},{"edgeID":"1716354","fromID":"1306554","toID":"1306553","formEdgeID":null},{"edgeID":"1716355","fromID":"1306555","toID":"1306554","formEdgeID":null},{"edgeID":"1716356","fromID":"1306553","toID":"1306556","formEdgeID":null},{"edgeID":"1716357","fromID":"1306556","toID":"1306552","formEdgeID":null},{"edgeID":"1716358","fromID":"1306552","toID":"1306557","formEdgeID":null},{"edgeID":"1716359","fromID":"1306557","toID":"1306541","formEdgeID":null},{"edgeID":"1716360","fromID":"1306547","toID":"1306557","formEdgeID":null},{"edgeID":"1716361","fromID":"1306542","toID":"1306558","formEdgeID":null},{"edgeID":"1716362","fromID":"1306558","toID":"1306548","formEdgeID":null},{"edgeID":"1716363","fromID":"1306542","toID":"1306559","formEdgeID":null},{"edgeID":"1716364","fromID":"1306559","toID":"1306553","formEdgeID":null},{"edgeID":"1716365","fromID":"1306559","toID":"1306560","formEdgeID":null},{"edgeID":"1716366","fromID":"1306560","toID":"1306557","formEdgeID":null},{"edgeID":"1716367","fromID":"1306563","toID":"1306562","formEdgeID":null},{"edgeID":"1716368","fromID":"1306564","toID":"1306563","formEdgeID":null},{"edgeID":"1716369","fromID":"1306562","toID":"1306565","formEdgeID":null},{"edgeID":"1716370","fromID":"1306565","toID":"1306561","formEdgeID":null},{"edgeID":"1716371","fromID":"1306561","toID":"1306566","formEdgeID":null},{"edgeID":"1716372","fromID":"1306566","toID":"1306547","formEdgeID":null},{"edgeID":"1716373","fromID":"1306548","toID":"1306567","formEdgeID":null},{"edgeID":"1716374","fromID":"1306567","toID":"1306562","formEdgeID":null},{"edgeID":"1716375","fromID":"1306567","toID":"1306568","formEdgeID":null},{"edgeID":"1716376","fromID":"1306568","toID":"1306566","formEdgeID":null},{"edgeID":"1716377","fromID":"1306571","toID":"1306570","formEdgeID":null},{"edgeID":"1716378","fromID":"1306572","toID":"1306571","formEdgeID":null},{"edgeID":"1716379","fromID":"1306570","toID":"1306573","formEdgeID":null},{"edgeID":"1716380","fromID":"1306573","toID":"1306569","formEdgeID":null},{"edgeID":"1716381","fromID":"1306562","toID":"1306574","formEdgeID":null},{"edgeID":"1716382","fromID":"1306574","toID":"1306570","formEdgeID":null},{"edgeID":"1716383","fromID":"1306577","toID":"1306576","formEdgeID":null},{"edgeID":"1716384","fromID":"1306578","toID":"1306577","formEdgeID":null},{"edgeID":"1716385","fromID":"1306576","toID":"1306579","formEdgeID":null},{"edgeID":"1716386","fromID":"1306579","toID":"1306575","formEdgeID":null},{"edgeID":"1716387","fromID":"1306570","toID":"1306580","formEdgeID":null},{"edgeID":"1716388","fromID":"1306580","toID":"1306576","formEdgeID":null},{"edgeID":"1716389","fromID":"1306569","toID":"1306581","formEdgeID":null},{"edgeID":"1716390","fromID":"1306581","toID":"1306561","formEdgeID":null},{"edgeID":"1716391","fromID":"1306574","toID":"1306582","formEdgeID":null},{"edgeID":"1716392","fromID":"1306582","toID":"1306581","formEdgeID":null},{"edgeID":"1716393","fromID":"1306575","toID":"1306583","formEdgeID":null},{"edgeID":"1716394","fromID":"1306583","toID":"1306569","formEdgeID":null},{"edgeID":"1716395","fromID":"1306580","toID":"1306584","formEdgeID":null},{"edgeID":"1716396","fromID":"1306584","toID":"1306583","formEdgeID":null},{"edgeID":"1716397","fromID":"1306587","toID":"1306586","formEdgeID":null},{"edgeID":"1716398","fromID":"1306588","toID":"1306587","formEdgeID":null},{"edgeID":"1716399","fromID":"1306586","toID":"1306589","formEdgeID":null},{"edgeID":"1716400","fromID":"1306589","toID":"1306585","formEdgeID":null},{"edgeID":"1716401","fromID":"1306576","toID":"1306590","formEdgeID":null},{"edgeID":"1716402","fromID":"1306590","toID":"1306586","formEdgeID":null},{"edgeID":"1716403","fromID":"1306585","toID":"1306591","formEdgeID":null},{"edgeID":"1716404","fromID":"1306591","toID":"1306575","formEdgeID":null},{"edgeID":"1716405","fromID":"1306590","toID":"1306592","formEdgeID":null},{"edgeID":"1716406","fromID":"1306592","toID":"1306591","formEdgeID":null},{"edgeID":"1716407","fromID":"1306595","toID":"1306594","formEdgeID":null},{"edgeID":"1716408","fromID":"1306596","toID":"1306595","formEdgeID":null},{"edgeID":"1716409","fromID":"1306594","toID":"1306597","formEdgeID":null},{"edgeID":"1716410","fromID":"1306597","toID":"1306593","formEdgeID":null},{"edgeID":"1716411","fromID":"1306586","toID":"1306598","formEdgeID":null},{"edgeID":"1716412","fromID":"1306598","toID":"1306594","formEdgeID":null},{"edgeID":"1716413","fromID":"1306601","toID":"1306600","formEdgeID":null},{"edgeID":"1716414","fromID":"1306602","toID":"1306601","formEdgeID":null},{"edgeID":"1716415","fromID":"1306600","toID":"1306603","formEdgeID":null},{"edgeID":"1716416","fromID":"1306603","toID":"1306599","formEdgeID":null},{"edgeID":"1716417","fromID":"1306594","toID":"1306604","formEdgeID":null},{"edgeID":"1716418","fromID":"1306604","toID":"1306600","formEdgeID":null},{"edgeID":"1716419","fromID":"1306599","toID":"1306605","formEdgeID":null},{"edgeID":"1716420","fromID":"1306605","toID":"1306593","formEdgeID":null},{"edgeID":"1716421","fromID":"1306604","toID":"1306606","formEdgeID":null},{"edgeID":"1716422","fromID":"1306606","toID":"1306605","formEdgeID":null},{"edgeID":"1716423","fromID":"1306609","toID":"1306608","formEdgeID":null},{"edgeID":"1716424","fromID":"1306610","toID":"1306609","formEdgeID":null},{"edgeID":"1716425","fromID":"1306608","toID":"1306611","formEdgeID":null},{"edgeID":"1716426","fromID":"1306611","toID":"1306607","formEdgeID":null},{"edgeID":"1716427","fromID":"1306614","toID":"1306613","formEdgeID":null},{"edgeID":"1716428","fromID":"1306615","toID":"1306614","formEdgeID":null},{"edgeID":"1716429","fromID":"1306613","toID":"1306616","formEdgeID":null},{"edgeID":"1716430","fromID":"1306616","toID":"1306612","formEdgeID":null},{"edgeID":"1716431","fromID":"1306608","toID":"1306617","formEdgeID":null},{"edgeID":"1716432","fromID":"1306617","toID":"1306613","formEdgeID":null},{"edgeID":"1716433","fromID":"1306607","toID":"1306618","formEdgeID":null},{"edgeID":"1716434","fromID":"1306618","toID":"1306612","formEdgeID":null},{"edgeID":"1716435","fromID":"1306617","toID":"1306619","formEdgeID":null},{"edgeID":"1716436","fromID":"1306619","toID":"1306618","formEdgeID":null},{"edgeID":"1716437","fromID":"1306622","toID":"1306621","formEdgeID":null},{"edgeID":"1716438","fromID":"1306623","toID":"1306622","formEdgeID":null},{"edgeID":"1716439","fromID":"1306621","toID":"1306624","formEdgeID":null},{"edgeID":"1716440","fromID":"1306624","toID":"1306620","formEdgeID":null},{"edgeID":"1716441","fromID":"1306607","toID":"1306625","formEdgeID":null},{"edgeID":"1716442","fromID":"1306625","toID":"1306620","formEdgeID":null},{"edgeID":"1716443","fromID":"1306608","toID":"1306626","formEdgeID":null},{"edgeID":"1716444","fromID":"1306626","toID":"1306621","formEdgeID":null},{"edgeID":"1716445","fromID":"1306626","toID":"1306627","formEdgeID":null},{"edgeID":"1716446","fromID":"1306627","toID":"1306625","formEdgeID":null},{"edgeID":"1716447","fromID":"1306630","toID":"1306629","formEdgeID":null},{"edgeID":"1716448","fromID":"1306631","toID":"1306630","formEdgeID":null},{"edgeID":"1716449","fromID":"1306629","toID":"1306632","formEdgeID":null},{"edgeID":"1716450","fromID":"1306632","toID":"1306628","formEdgeID":null},{"edgeID":"1716451","fromID":"1306600","toID":"1306633","formEdgeID":null},{"edgeID":"1716452","fromID":"1306633","toID":"1306629","formEdgeID":null},{"edgeID":"1716453","fromID":"1306629","toID":"1306634","formEdgeID":null},{"edgeID":"1716454","fromID":"1306634","toID":"1306608","formEdgeID":null}],"locutions":[]}