{"nodes":[{"nodeID":"1306133","text":"there would be \u00a3170 a year saved by insulated homes","type":"I","timestamp":"2023-11-09 13:04:00"},{"nodeID":"1306134","text":"Emily Thornberry: there would be \u00a3170 a year saved by those homes","type":"L","timestamp":"2023-11-09 13:04:00"},{"nodeID":"1306135","text":"Analysing","type":"YA","timestamp":"2023-11-09 13:04:00"},{"nodeID":"1306136","text":"Anon: Emily Thornberry: there would be \u00a3170 a year saved by those homes","type":"L","timestamp":"2023-11-09 13:04:00"},{"nodeID":"1306137","text":"Asserting","type":"YA","timestamp":"2023-11-09 13:04:00"},{"nodeID":"1306138","text":"their homes would be warmer","type":"I","timestamp":"2023-11-09 13:04:01"},{"nodeID":"1306139","text":"Emily Thornberry: their homes would be warmer","type":"L","timestamp":"2023-11-09 13:04:01"},{"nodeID":"1306140","text":"Analysing","type":"YA","timestamp":"2023-11-09 13:04:01"},{"nodeID":"1306141","text":"Anon: Emily Thornberry: their homes would be warmer","type":"L","timestamp":"2023-11-09 13:04:01"},{"nodeID":"1306142","text":"Asserting","type":"YA","timestamp":"2023-11-09 13:04:01"},{"nodeID":"1306143","text":"decisions about homes' insulation is the real life stuff","type":"I","timestamp":"2023-11-09 13:04:02"},{"nodeID":"1306144","text":"Emily Thornberry: This is the real life stuff","type":"L","timestamp":"2023-11-09 13:04:02"},{"nodeID":"1306145","text":"Analysing","type":"YA","timestamp":"2023-11-09 13:04:02"},{"nodeID":"1306146","text":"Anon: Emily Thornberry: This is the real life stuff","type":"L","timestamp":"2023-11-09 13:04:02"},{"nodeID":"1306147","text":"Asserting","type":"YA","timestamp":"2023-11-09 13:04:02"},{"nodeID":"1306148","text":"cuts on homes' insulation are decisions that have been made wrongly","type":"I","timestamp":"2023-11-09 13:04:02"},{"nodeID":"1306149","text":"Emily Thornberry: These are the decisions that have been made and they've been made wrongly","type":"L","timestamp":"2023-11-09 13:04:02"},{"nodeID":"1306150","text":"Analysing","type":"YA","timestamp":"2023-11-09 13:04:02"},{"nodeID":"1306151","text":"Anon: Emily Thornberry: These are the decisions that have been made and they've been made wrongly","type":"L","timestamp":"2023-11-09 13:04:02"},{"nodeID":"1306152","text":"Asserting","type":"YA","timestamp":"2023-11-09 13:04:02"},{"nodeID":"1306153","text":"bad decisions about homes' insulation are in the past","type":"I","timestamp":"2023-11-09 13:04:03"},{"nodeID":"1306154","text":"Emily Thornberry: okay, so it's in the past","type":"L","timestamp":"2023-11-09 13:04:03"},{"nodeID":"1306155","text":"Analysing","type":"YA","timestamp":"2023-11-09 13:04:03"},{"nodeID":"1306156","text":"Anon: Emily Thornberry: okay, so it's in the past","type":"L","timestamp":"2023-11-09 13:04:03"},{"nodeID":"1306157","text":"Asserting","type":"YA","timestamp":"2023-11-09 13:04:03"},{"nodeID":"1306158","text":"let's do good decisions about homes' insulation right now","type":"I","timestamp":"2023-11-09 13:04:03"},{"nodeID":"1306159","text":"Emily Thornberry: let's do it right now","type":"L","timestamp":"2023-11-09 13:04:03"},{"nodeID":"1306160","text":"Analysing","type":"YA","timestamp":"2023-11-09 13:04:03"},{"nodeID":"1306161","text":"Anon: Emily Thornberry: let's do it right now","type":"L","timestamp":"2023-11-09 13:04:03"},{"nodeID":"1306162","text":"Asserting","type":"YA","timestamp":"2023-11-09 13:04:03"},{"nodeID":"1306163","text":"we don't have a policy now that doesn't include insulating homes because of xxx","type":"I","timestamp":"2023-11-09 13:04:04"},{"nodeID":"1306164","text":"Emily Thornberry: why is it that we don't have a policy now that doesn't include insulating homes","type":"L","timestamp":"2023-11-09 13:04:04"},{"nodeID":"1306165","text":"Analysing","type":"YA","timestamp":"2023-11-09 13:04:04"},{"nodeID":"1306166","text":"Anon: Emily Thornberry: why is it that we don't have a policy now that doesn't include insulating homes","type":"L","timestamp":"2023-11-09 13:04:04"},{"nodeID":"1306167","text":"Pure Challenging","type":"YA","timestamp":"2023-11-09 13:04:04"},{"nodeID":"1306168","text":"Default Inference","type":"RA","timestamp":"2023-11-09 13:04:04"},{"nodeID":"1306169","text":"Default Transition","type":"TA","timestamp":"2023-11-09 13:04:04"},{"nodeID":"1306170","text":"Arguing","type":"YA","timestamp":"2023-11-09 13:04:04"},{"nodeID":"1306171","text":"Default Transition","type":"TA","timestamp":"2023-11-09 13:04:04"},{"nodeID":"1306172","text":"Default Conflict","type":"CA","timestamp":"2023-11-09 13:04:04"},{"nodeID":"1306173","text":"Default Transition","type":"TA","timestamp":"2023-11-09 13:04:04"},{"nodeID":"1306174","text":"Disagreeing","type":"YA","timestamp":"2023-11-09 13:04:04"},{"nodeID":"1306175","text":"Default Transition","type":"TA","timestamp":"2023-11-09 13:04:04"},{"nodeID":"1306176","text":"Default Transition","type":"TA","timestamp":"2023-11-09 13:04:04"},{"nodeID":"1306177","text":"Default Transition","type":"TA","timestamp":"2023-11-09 13:04:04"},{"nodeID":"1306178","text":"nine million homes would have been insulated","type":"I","timestamp":"2023-11-09 13:04:04"},{"nodeID":"1306179","text":"Emily Thornberry: nine million homes would have been insulated","type":"L","timestamp":"2023-11-09 13:04:04"},{"nodeID":"1306180","text":"Analysing","type":"YA","timestamp":"2023-11-09 13:04:04"},{"nodeID":"1306181","text":"Anon: Emily Thornberry: nine million homes would have been insulated","type":"L","timestamp":"2023-11-09 13:04:04"},{"nodeID":"1306182","text":"Asserting","type":"YA","timestamp":"2023-11-09 13:04:04"},{"nodeID":"1306183","text":"if we hadn't cut it, if the Government hadn't cut it.","type":"I","timestamp":"2023-11-09 13:04:05"},{"nodeID":"1306184","text":"Emily Thornberry: if we hadn't cut it, if the Government hadn't cut it.","type":"L","timestamp":"2023-11-09 13:04:05"},{"nodeID":"1306185","text":"Analysing","type":"YA","timestamp":"2023-11-09 13:04:05"},{"nodeID":"1306186","text":"Anon: Emily Thornberry: if we hadn't cut it, if the Government hadn't cut it.","type":"L","timestamp":"2023-11-09 13:04:05"},{"nodeID":"1306187","text":"Asserting","type":"YA","timestamp":"2023-11-09 13:04:05"},{"nodeID":"1306188","text":"Default Transition","type":"TA","timestamp":"2023-11-09 13:04:05"},{"nodeID":"1306189","text":"Default Conflict","type":"CA","timestamp":"2023-11-09 13:04:05"},{"nodeID":"1306190","text":"Disagreeing","type":"YA","timestamp":"2023-11-09 13:04:05"},{"nodeID":"1306191","text":"Default Rephrase","type":"MA","timestamp":"2023-11-09 13:04:05"},{"nodeID":"1306192","text":"Default Transition","type":"TA","timestamp":"2023-11-09 13:04:05"},{"nodeID":"1306193","text":"Restating","type":"YA","timestamp":"2023-11-09 13:04:05"},{"nodeID":"1306194","text":"Default Inference","type":"RA","timestamp":"2023-11-09 13:04:05"},{"nodeID":"1306195","text":"Arguing","type":"YA","timestamp":"2023-11-09 13:04:05"}],"edges":[{"edgeID":"1715873","fromID":"1306135","toID":"1306134","formEdgeID":null},{"edgeID":"1715874","fromID":"1306136","toID":"1306135","formEdgeID":null},{"edgeID":"1715875","fromID":"1306134","toID":"1306137","formEdgeID":null},{"edgeID":"1715876","fromID":"1306137","toID":"1306133","formEdgeID":null},{"edgeID":"1715877","fromID":"1306140","toID":"1306139","formEdgeID":null},{"edgeID":"1715878","fromID":"1306141","toID":"1306140","formEdgeID":null},{"edgeID":"1715879","fromID":"1306139","toID":"1306142","formEdgeID":null},{"edgeID":"1715880","fromID":"1306142","toID":"1306138","formEdgeID":null},{"edgeID":"1715881","fromID":"1306145","toID":"1306144","formEdgeID":null},{"edgeID":"1715882","fromID":"1306146","toID":"1306145","formEdgeID":null},{"edgeID":"1715883","fromID":"1306144","toID":"1306147","formEdgeID":null},{"edgeID":"1715884","fromID":"1306147","toID":"1306143","formEdgeID":null},{"edgeID":"1715885","fromID":"1306150","toID":"1306149","formEdgeID":null},{"edgeID":"1715886","fromID":"1306151","toID":"1306150","formEdgeID":null},{"edgeID":"1715887","fromID":"1306149","toID":"1306152","formEdgeID":null},{"edgeID":"1715888","fromID":"1306152","toID":"1306148","formEdgeID":null},{"edgeID":"1715889","fromID":"1306155","toID":"1306154","formEdgeID":null},{"edgeID":"1715890","fromID":"1306156","toID":"1306155","formEdgeID":null},{"edgeID":"1715891","fromID":"1306154","toID":"1306157","formEdgeID":null},{"edgeID":"1715892","fromID":"1306157","toID":"1306153","formEdgeID":null},{"edgeID":"1715893","fromID":"1306160","toID":"1306159","formEdgeID":null},{"edgeID":"1715894","fromID":"1306161","toID":"1306160","formEdgeID":null},{"edgeID":"1715895","fromID":"1306159","toID":"1306162","formEdgeID":null},{"edgeID":"1715896","fromID":"1306162","toID":"1306158","formEdgeID":null},{"edgeID":"1715897","fromID":"1306165","toID":"1306164","formEdgeID":null},{"edgeID":"1715898","fromID":"1306166","toID":"1306165","formEdgeID":null},{"edgeID":"1715899","fromID":"1306164","toID":"1306167","formEdgeID":null},{"edgeID":"1715900","fromID":"1306167","toID":"1306163","formEdgeID":null},{"edgeID":"1715901","fromID":"1306138","toID":"1306168","formEdgeID":null},{"edgeID":"1715902","fromID":"1306168","toID":"1306133","formEdgeID":null},{"edgeID":"1715903","fromID":"1306134","toID":"1306169","formEdgeID":null},{"edgeID":"1715904","fromID":"1306169","toID":"1306139","formEdgeID":null},{"edgeID":"1715905","fromID":"1306169","toID":"1306170","formEdgeID":null},{"edgeID":"1715906","fromID":"1306170","toID":"1306168","formEdgeID":null},{"edgeID":"1715907","fromID":"1306139","toID":"1306171","formEdgeID":null},{"edgeID":"1715908","fromID":"1306171","toID":"1306144","formEdgeID":null},{"edgeID":"1715909","fromID":"1306158","toID":"1306172","formEdgeID":null},{"edgeID":"1715910","fromID":"1306172","toID":"1306153","formEdgeID":null},{"edgeID":"1715911","fromID":"1306154","toID":"1306173","formEdgeID":null},{"edgeID":"1715912","fromID":"1306173","toID":"1306159","formEdgeID":null},{"edgeID":"1715913","fromID":"1306173","toID":"1306174","formEdgeID":null},{"edgeID":"1715914","fromID":"1306174","toID":"1306172","formEdgeID":null},{"edgeID":"1715915","fromID":"1306149","toID":"1306175","formEdgeID":null},{"edgeID":"1715916","fromID":"1306175","toID":"1306154","formEdgeID":null},{"edgeID":"1715917","fromID":"1306159","toID":"1306176","formEdgeID":null},{"edgeID":"1715918","fromID":"1306176","toID":"1306164","formEdgeID":null},{"edgeID":"1715919","fromID":"1306134","toID":"1306177","formEdgeID":null},{"edgeID":"1715920","fromID":"1306177","toID":"1306149","formEdgeID":null},{"edgeID":"1715921","fromID":"1306180","toID":"1306179","formEdgeID":null},{"edgeID":"1715922","fromID":"1306181","toID":"1306180","formEdgeID":null},{"edgeID":"1715923","fromID":"1306179","toID":"1306182","formEdgeID":null},{"edgeID":"1715924","fromID":"1306182","toID":"1306178","formEdgeID":null},{"edgeID":"1715925","fromID":"1306185","toID":"1306184","formEdgeID":null},{"edgeID":"1715926","fromID":"1306186","toID":"1306185","formEdgeID":null},{"edgeID":"1715927","fromID":"1306184","toID":"1306187","formEdgeID":null},{"edgeID":"1715928","fromID":"1306187","toID":"1306183","formEdgeID":null},{"edgeID":"1715929","fromID":"1306179","toID":"1306188","formEdgeID":null},{"edgeID":"1715930","fromID":"1306188","toID":"1306184","formEdgeID":null},{"edgeID":"1715931","fromID":"1306183","toID":"1306189","formEdgeID":null},{"edgeID":"1715932","fromID":"1306189","toID":"1306178","formEdgeID":null},{"edgeID":"1715933","fromID":"1306188","toID":"1306190","formEdgeID":null},{"edgeID":"1715934","fromID":"1306190","toID":"1306189","formEdgeID":null},{"edgeID":"1715935","fromID":"1306133","toID":"1306191","formEdgeID":null},{"edgeID":"1715936","fromID":"1306191","toID":"1306178","formEdgeID":null},{"edgeID":"1715937","fromID":"1306179","toID":"1306192","formEdgeID":null},{"edgeID":"1715938","fromID":"1306192","toID":"1306134","formEdgeID":null},{"edgeID":"1715939","fromID":"1306192","toID":"1306193","formEdgeID":null},{"edgeID":"1715940","fromID":"1306193","toID":"1306191","formEdgeID":null},{"edgeID":"1715941","fromID":"1306133","toID":"1306194","formEdgeID":null},{"edgeID":"1715942","fromID":"1306194","toID":"1306148","formEdgeID":null},{"edgeID":"1715943","fromID":"1306177","toID":"1306195","formEdgeID":null},{"edgeID":"1715944","fromID":"1306195","toID":"1306194","formEdgeID":null}],"locutions":[]}