{"nodes":[{"nodeID":"1306346","text":"we also, as we now know, are saying, you can, with impunity, use rape, use torture, use genocide, as a weapon of war","type":"I","timestamp":"2023-11-09 13:04:18"},{"nodeID":"1306347","text":"Dan Hodges: we also, as we now know, are saying, you can, with impunity, use rape, use torture, use genocide, as a weapon of war","type":"L","timestamp":"2023-11-09 13:04:18"},{"nodeID":"1306348","text":"Analysing","type":"YA","timestamp":"2023-11-09 13:04:18"},{"nodeID":"1306349","text":"Nicole: Dan Hodges: we also, as we now know, are saying, you can, with impunity, use rape, use torture, use genocide, as a weapon of war","type":"L","timestamp":"2023-11-09 13:04:18"},{"nodeID":"1306350","text":"Asserting","type":"YA","timestamp":"2023-11-09 13:04:18"},{"nodeID":"1306351","text":"the idea that living in a world that abides by those rules we are in some way making ourselves safer is a fantasy","type":"I","timestamp":"2023-11-09 13:04:19"},{"nodeID":"1306352","text":"Dan Hodges: the idea that living in a world that abides by those rules we are in some way making ourselves safer is a fantasy","type":"L","timestamp":"2023-11-09 13:04:19"},{"nodeID":"1306353","text":"Analysing","type":"YA","timestamp":"2023-11-09 13:04:19"},{"nodeID":"1306354","text":"Nicole: Dan Hodges: the idea that living in a world that abides by those rules we are in some way making ourselves safer is a fantasy","type":"L","timestamp":"2023-11-09 13:04:19"},{"nodeID":"1306355","text":"Asserting","type":"YA","timestamp":"2023-11-09 13:04:19"},{"nodeID":"1306356","text":"Default Transition","type":"TA","timestamp":"2023-11-09 13:04:19"},{"nodeID":"1306357","text":"we said at the end of the Second World War never again","type":"I","timestamp":"2023-11-09 13:04:19"},{"nodeID":"1306358","text":"Dan Hodges: we said at the end of the Second World War never again","type":"L","timestamp":"2023-11-09 13:04:19"},{"nodeID":"1306359","text":"Analysing","type":"YA","timestamp":"2023-11-09 13:04:19"},{"nodeID":"1306360","text":"Nicole: Dan Hodges: we said at the end of the Second World War never again","type":"L","timestamp":"2023-11-09 13:04:19"},{"nodeID":"1306361","text":"Asserting","type":"YA","timestamp":"2023-11-09 13:04:19"},{"nodeID":"1306362","text":"Default Transition","type":"TA","timestamp":"2023-11-09 13:04:19"},{"nodeID":"1306363","text":"we said, after we saw the atrocities in Bosnia, never again","type":"I","timestamp":"2023-11-09 13:04:20"},{"nodeID":"1306364","text":"Dan Hodges: We said, after we saw the atrocities in Bosnia, never again","type":"L","timestamp":"2023-11-09 13:04:20"},{"nodeID":"1306365","text":"Analysing","type":"YA","timestamp":"2023-11-09 13:04:20"},{"nodeID":"1306366","text":"Nicole: Dan Hodges: We said, after we saw the atrocities in Bosnia, never again","type":"L","timestamp":"2023-11-09 13:04:20"},{"nodeID":"1306367","text":"Asserting","type":"YA","timestamp":"2023-11-09 13:04:20"},{"nodeID":"1306368","text":"Default Transition","type":"TA","timestamp":"2023-11-09 13:04:20"},{"nodeID":"1306369","text":"Default Rephrase","type":"MA","timestamp":"2023-11-09 13:04:20"},{"nodeID":"1306370","text":"Restating","type":"YA","timestamp":"2023-11-09 13:04:20"},{"nodeID":"1306371","text":"we said, after we saw the atrocities in Rwanda, never again","type":"I","timestamp":"2023-11-09 13:04:21"},{"nodeID":"1306372","text":"Dan Hodges: We said, after we saw the atrocities in Rwanda, never again","type":"L","timestamp":"2023-11-09 13:04:21"},{"nodeID":"1306373","text":"Analysing","type":"YA","timestamp":"2023-11-09 13:04:21"},{"nodeID":"1306374","text":"Nicole: Dan Hodges: We said, after we saw the atrocities in Rwanda, never again","type":"L","timestamp":"2023-11-09 13:04:21"},{"nodeID":"1306375","text":"Asserting","type":"YA","timestamp":"2023-11-09 13:04:21"},{"nodeID":"1306376","text":"Default Transition","type":"TA","timestamp":"2023-11-09 13:04:21"},{"nodeID":"1306377","text":"Default Rephrase","type":"MA","timestamp":"2023-11-09 13:04:21"},{"nodeID":"1306378","text":"Restating","type":"YA","timestamp":"2023-11-09 13:04:21"},{"nodeID":"1306379","text":"sooner or later we are going to have to say never again and actually mean it","type":"I","timestamp":"2023-11-09 13:04:21"},{"nodeID":"1306380","text":"Dan Hodges: Sooner or later we are going to have to say never again and actually mean it","type":"L","timestamp":"2023-11-09 13:04:21"},{"nodeID":"1306381","text":"Analysing","type":"YA","timestamp":"2023-11-09 13:04:21"},{"nodeID":"1306382","text":"Nicole: Dan Hodges: Sooner or later we are going to have to say never again and actually mean it","type":"L","timestamp":"2023-11-09 13:04:21"},{"nodeID":"1306383","text":"Asserting","type":"YA","timestamp":"2023-11-09 13:04:21"},{"nodeID":"1306384","text":"Default Transition","type":"TA","timestamp":"2023-11-09 13:04:21"},{"nodeID":"1306385","text":"Default Inference","type":"RA","timestamp":"2023-11-09 13:04:21"},{"nodeID":"1306386","text":"Arguing","type":"YA","timestamp":"2023-11-09 13:04:21"},{"nodeID":"1306387","text":"thanks for clarifying what actions do need to be taken","type":"I","timestamp":"2023-11-09 13:04:22"},{"nodeID":"1306388","text":"AudienceMember 20220407QT12: thanks for clarifying what actions do need to be taken","type":"L","timestamp":"2023-11-09 13:04:22"},{"nodeID":"1306389","text":"Analysing","type":"YA","timestamp":"2023-11-09 13:04:22"},{"nodeID":"1306390","text":"Nicole: AudienceMember 20220407QT12: thanks for clarifying what actions do need to be taken","type":"L","timestamp":"2023-11-09 13:04:22"},{"nodeID":"1306391","text":"Asserting","type":"YA","timestamp":"2023-11-09 13:04:22"},{"nodeID":"1306392","text":"Default Transition","type":"TA","timestamp":"2023-11-09 13:04:22"},{"nodeID":"1306393","text":"a lot of the stuff you see in the news lately is all action from the Government","type":"I","timestamp":"2023-11-09 13:04:22"},{"nodeID":"1306394","text":"AudienceMember 20220407QT12: a lot of the stuff you see in the news lately is all action from the Government","type":"L","timestamp":"2023-11-09 13:04:22"},{"nodeID":"1306395","text":"Analysing","type":"YA","timestamp":"2023-11-09 13:04:22"},{"nodeID":"1306396","text":"Nicole: AudienceMember 20220407QT12: a lot of the stuff you see in the news lately is all action from the Government","type":"L","timestamp":"2023-11-09 13:04:22"},{"nodeID":"1306397","text":"Asserting","type":"YA","timestamp":"2023-11-09 13:04:22"},{"nodeID":"1306398","text":"the news is actions need to be taken, sanctions have been put forward","type":"I","timestamp":"2023-11-09 13:04:23"},{"nodeID":"1306399","text":"AudienceMember 20220407QT12: the news is actions need to be taken, sanctions have been put forward","type":"L","timestamp":"2023-11-09 13:04:23"},{"nodeID":"1306400","text":"Analysing","type":"YA","timestamp":"2023-11-09 13:04:23"},{"nodeID":"1306401","text":"Nicole: AudienceMember 20220407QT12: the news is actions need to be taken, sanctions have been put forward","type":"L","timestamp":"2023-11-09 13:04:23"},{"nodeID":"1306402","text":"Asserting","type":"YA","timestamp":"2023-11-09 13:04:23"},{"nodeID":"1306403","text":"it's never actually explained to us what actions need to be taken or what sanctions have been put forward","type":"I","timestamp":"2023-11-09 13:04:24"},{"nodeID":"1306404","text":"AudienceMember 20220407QT12: it's never actually explained to us what actions need to be taken or what sanctions have been put forward","type":"L","timestamp":"2023-11-09 13:04:24"},{"nodeID":"1306405","text":"Analysing","type":"YA","timestamp":"2023-11-09 13:04:24"},{"nodeID":"1306406","text":"Nicole: AudienceMember 20220407QT12: it's never actually explained to us what actions need to be taken or what sanctions have been put forward","type":"L","timestamp":"2023-11-09 13:04:24"},{"nodeID":"1306407","text":"Asserting","type":"YA","timestamp":"2023-11-09 13:04:24"},{"nodeID":"1306408","text":"Default Transition","type":"TA","timestamp":"2023-11-09 13:04:24"},{"nodeID":"1306409","text":"Default Transition","type":"TA","timestamp":"2023-11-09 13:04:24"},{"nodeID":"1306410","text":"Default Rephrase","type":"MA","timestamp":"2023-11-09 13:04:24"},{"nodeID":"1306411","text":"Restating","type":"YA","timestamp":"2023-11-09 13:04:24"},{"nodeID":"1306412","text":"Default Transition","type":"TA","timestamp":"2023-11-09 13:04:24"},{"nodeID":"1306413","text":"Default Conflict","type":"CA","timestamp":"2023-11-09 13:04:24"},{"nodeID":"1306414","text":"Disagreeing","type":"YA","timestamp":"2023-11-09 13:04:24"},{"nodeID":"1306415","text":"Default Inference","type":"RA","timestamp":"2023-11-09 13:04:24"},{"nodeID":"1306416","text":"Arguing","type":"YA","timestamp":"2023-11-09 13:04:24"},{"nodeID":"1306417","text":"AudienceMember 20220407QT12 just wants more clarification from our Government and our news what we need to do and what we are doing to prevent","type":"I","timestamp":"2023-11-09 13:04:24"},{"nodeID":"1306418","text":"AudienceMember 20220407QT12: I just want more clarification from our Government and our news what we need to do and what we are doing to prevent","type":"L","timestamp":"2023-11-09 13:04:24"},{"nodeID":"1306419","text":"Analysing","type":"YA","timestamp":"2023-11-09 13:04:24"},{"nodeID":"1306420","text":"Nicole: AudienceMember 20220407QT12: I just want more clarification from our Government and our news what we need to do and what we are doing to prevent","type":"L","timestamp":"2023-11-09 13:04:24"},{"nodeID":"1306421","text":"Asserting","type":"YA","timestamp":"2023-11-09 13:04:24"},{"nodeID":"1306422","text":"Default Transition","type":"TA","timestamp":"2023-11-09 13:04:24"},{"nodeID":"1306423","text":"Default Inference","type":"RA","timestamp":"2023-11-09 13:04:24"},{"nodeID":"1306424","text":"it feels like we're lost","type":"I","timestamp":"2023-11-09 13:04:25"},{"nodeID":"1306425","text":"AudienceMember 20220407QT12: it feels like we're lost","type":"L","timestamp":"2023-11-09 13:04:25"},{"nodeID":"1306426","text":"Analysing","type":"YA","timestamp":"2023-11-09 13:04:25"},{"nodeID":"1306427","text":"Nicole: AudienceMember 20220407QT12: it feels like we're lost","type":"L","timestamp":"2023-11-09 13:04:25"},{"nodeID":"1306428","text":"Asserting","type":"YA","timestamp":"2023-11-09 13:04:25"},{"nodeID":"1306429","text":"Default Transition","type":"TA","timestamp":"2023-11-09 13:04:25"},{"nodeID":"1306430","text":"Arguing","type":"YA","timestamp":"2023-11-09 13:04:25"},{"nodeID":"1306431","text":"Default Transition","type":"TA","timestamp":"2023-11-09 13:04:25"}],"edges":[{"edgeID":"1716115","fromID":"1306348","toID":"1306347","formEdgeID":null},{"edgeID":"1716116","fromID":"1306349","toID":"1306348","formEdgeID":null},{"edgeID":"1716117","fromID":"1306347","toID":"1306350","formEdgeID":null},{"edgeID":"1716118","fromID":"1306350","toID":"1306346","formEdgeID":null},{"edgeID":"1716119","fromID":"1306353","toID":"1306352","formEdgeID":null},{"edgeID":"1716120","fromID":"1306354","toID":"1306353","formEdgeID":null},{"edgeID":"1716121","fromID":"1306352","toID":"1306355","formEdgeID":null},{"edgeID":"1716122","fromID":"1306355","toID":"1306351","formEdgeID":null},{"edgeID":"1716123","fromID":"1306347","toID":"1306356","formEdgeID":null},{"edgeID":"1716124","fromID":"1306356","toID":"1306352","formEdgeID":null},{"edgeID":"1716125","fromID":"1306359","toID":"1306358","formEdgeID":null},{"edgeID":"1716126","fromID":"1306360","toID":"1306359","formEdgeID":null},{"edgeID":"1716127","fromID":"1306358","toID":"1306361","formEdgeID":null},{"edgeID":"1716128","fromID":"1306361","toID":"1306357","formEdgeID":null},{"edgeID":"1716129","fromID":"1306352","toID":"1306362","formEdgeID":null},{"edgeID":"1716130","fromID":"1306362","toID":"1306358","formEdgeID":null},{"edgeID":"1716131","fromID":"1306365","toID":"1306364","formEdgeID":null},{"edgeID":"1716132","fromID":"1306366","toID":"1306365","formEdgeID":null},{"edgeID":"1716133","fromID":"1306364","toID":"1306367","formEdgeID":null},{"edgeID":"1716134","fromID":"1306367","toID":"1306363","formEdgeID":null},{"edgeID":"1716135","fromID":"1306358","toID":"1306368","formEdgeID":null},{"edgeID":"1716136","fromID":"1306368","toID":"1306364","formEdgeID":null},{"edgeID":"1716137","fromID":"1306363","toID":"1306369","formEdgeID":null},{"edgeID":"1716138","fromID":"1306369","toID":"1306357","formEdgeID":null},{"edgeID":"1716139","fromID":"1306368","toID":"1306370","formEdgeID":null},{"edgeID":"1716140","fromID":"1306370","toID":"1306369","formEdgeID":null},{"edgeID":"1716141","fromID":"1306373","toID":"1306372","formEdgeID":null},{"edgeID":"1716142","fromID":"1306374","toID":"1306373","formEdgeID":null},{"edgeID":"1716143","fromID":"1306372","toID":"1306375","formEdgeID":null},{"edgeID":"1716144","fromID":"1306375","toID":"1306371","formEdgeID":null},{"edgeID":"1716145","fromID":"1306364","toID":"1306376","formEdgeID":null},{"edgeID":"1716146","fromID":"1306376","toID":"1306372","formEdgeID":null},{"edgeID":"1716147","fromID":"1306371","toID":"1306377","formEdgeID":null},{"edgeID":"1716148","fromID":"1306377","toID":"1306363","formEdgeID":null},{"edgeID":"1716149","fromID":"1306376","toID":"1306378","formEdgeID":null},{"edgeID":"1716150","fromID":"1306378","toID":"1306377","formEdgeID":null},{"edgeID":"1716151","fromID":"1306381","toID":"1306380","formEdgeID":null},{"edgeID":"1716152","fromID":"1306382","toID":"1306381","formEdgeID":null},{"edgeID":"1716153","fromID":"1306380","toID":"1306383","formEdgeID":null},{"edgeID":"1716154","fromID":"1306383","toID":"1306379","formEdgeID":null},{"edgeID":"1716155","fromID":"1306372","toID":"1306384","formEdgeID":null},{"edgeID":"1716156","fromID":"1306384","toID":"1306380","formEdgeID":null},{"edgeID":"1716157","fromID":"1306371","toID":"1306385","formEdgeID":null},{"edgeID":"1716158","fromID":"1306385","toID":"1306379","formEdgeID":null},{"edgeID":"1716159","fromID":"1306384","toID":"1306386","formEdgeID":null},{"edgeID":"1716160","fromID":"1306386","toID":"1306385","formEdgeID":null},{"edgeID":"1716161","fromID":"1306389","toID":"1306388","formEdgeID":null},{"edgeID":"1716162","fromID":"1306390","toID":"1306389","formEdgeID":null},{"edgeID":"1716163","fromID":"1306388","toID":"1306391","formEdgeID":null},{"edgeID":"1716164","fromID":"1306391","toID":"1306387","formEdgeID":null},{"edgeID":"1716165","fromID":"1306380","toID":"1306392","formEdgeID":null},{"edgeID":"1716166","fromID":"1306392","toID":"1306388","formEdgeID":null},{"edgeID":"1716167","fromID":"1306395","toID":"1306394","formEdgeID":null},{"edgeID":"1716168","fromID":"1306396","toID":"1306395","formEdgeID":null},{"edgeID":"1716169","fromID":"1306394","toID":"1306397","formEdgeID":null},{"edgeID":"1716170","fromID":"1306397","toID":"1306393","formEdgeID":null},{"edgeID":"1716171","fromID":"1306400","toID":"1306399","formEdgeID":null},{"edgeID":"1716172","fromID":"1306401","toID":"1306400","formEdgeID":null},{"edgeID":"1716173","fromID":"1306399","toID":"1306402","formEdgeID":null},{"edgeID":"1716174","fromID":"1306402","toID":"1306398","formEdgeID":null},{"edgeID":"1716175","fromID":"1306405","toID":"1306404","formEdgeID":null},{"edgeID":"1716176","fromID":"1306406","toID":"1306405","formEdgeID":null},{"edgeID":"1716177","fromID":"1306404","toID":"1306407","formEdgeID":null},{"edgeID":"1716178","fromID":"1306407","toID":"1306403","formEdgeID":null},{"edgeID":"1716179","fromID":"1306388","toID":"1306408","formEdgeID":null},{"edgeID":"1716180","fromID":"1306408","toID":"1306394","formEdgeID":null},{"edgeID":"1716181","fromID":"1306394","toID":"1306409","formEdgeID":null},{"edgeID":"1716182","fromID":"1306409","toID":"1306399","formEdgeID":null},{"edgeID":"1716183","fromID":"1306398","toID":"1306410","formEdgeID":null},{"edgeID":"1716184","fromID":"1306410","toID":"1306393","formEdgeID":null},{"edgeID":"1716185","fromID":"1306409","toID":"1306411","formEdgeID":null},{"edgeID":"1716186","fromID":"1306411","toID":"1306410","formEdgeID":null},{"edgeID":"1716187","fromID":"1306399","toID":"1306412","formEdgeID":null},{"edgeID":"1716188","fromID":"1306412","toID":"1306404","formEdgeID":null},{"edgeID":"1716189","fromID":"1306403","toID":"1306413","formEdgeID":null},{"edgeID":"1716190","fromID":"1306413","toID":"1306398","formEdgeID":null},{"edgeID":"1716191","fromID":"1306412","toID":"1306414","formEdgeID":null},{"edgeID":"1716192","fromID":"1306414","toID":"1306413","formEdgeID":null},{"edgeID":"1716193","fromID":"1306393","toID":"1306415","formEdgeID":null},{"edgeID":"1716194","fromID":"1306415","toID":"1306387","formEdgeID":null},{"edgeID":"1716195","fromID":"1306408","toID":"1306416","formEdgeID":null},{"edgeID":"1716196","fromID":"1306416","toID":"1306415","formEdgeID":null},{"edgeID":"1716197","fromID":"1306419","toID":"1306418","formEdgeID":null},{"edgeID":"1716198","fromID":"1306420","toID":"1306419","formEdgeID":null},{"edgeID":"1716199","fromID":"1306418","toID":"1306421","formEdgeID":null},{"edgeID":"1716200","fromID":"1306421","toID":"1306417","formEdgeID":null},{"edgeID":"1716201","fromID":"1306404","toID":"1306422","formEdgeID":null},{"edgeID":"1716202","fromID":"1306422","toID":"1306418","formEdgeID":null},{"edgeID":"1716203","fromID":"1306403","toID":"1306423","formEdgeID":null},{"edgeID":"1716204","fromID":"1306423","toID":"1306417","formEdgeID":null},{"edgeID":"1716205","fromID":"1306426","toID":"1306425","formEdgeID":null},{"edgeID":"1716206","fromID":"1306427","toID":"1306426","formEdgeID":null},{"edgeID":"1716207","fromID":"1306425","toID":"1306428","formEdgeID":null},{"edgeID":"1716208","fromID":"1306428","toID":"1306424","formEdgeID":null},{"edgeID":"1716209","fromID":"1306424","toID":"1306423","formEdgeID":null},{"edgeID":"1716210","fromID":"1306399","toID":"1306429","formEdgeID":null},{"edgeID":"1716211","fromID":"1306429","toID":"1306425","formEdgeID":null},{"edgeID":"1716212","fromID":"1306429","toID":"1306430","formEdgeID":null},{"edgeID":"1716213","fromID":"1306430","toID":"1306423","formEdgeID":null},{"edgeID":"1716214","fromID":"1306418","toID":"1306431","formEdgeID":null},{"edgeID":"1716215","fromID":"1306431","toID":"1306425","formEdgeID":null}],"locutions":[]}