{"nodes":[{"nodeID":"1142549","text":"we need to act now","type":"I","timestamp":"2023-04-11 20:23:54"},{"nodeID":"1142558","text":"we need to have urgent, independent verification of the scale of the atrocities and war crimes we have all seen in our TV screens","type":"I","timestamp":"2023-04-11 20:24:01"},{"nodeID":"1142582","text":"we have to act","type":"I","timestamp":"2023-04-11 20:24:28"},{"nodeID":"1142597","text":"we have to act directly","type":"I","timestamp":"2023-04-11 20:24:35"},{"nodeID":"1142605","text":"we have to, at a minimum, obviously, give the Ukrainians the weapons required to defend themselves","type":"I","timestamp":"2023-04-11 20:24:42"},{"nodeID":"1294241","text":"we need to be honest","type":"I","timestamp":"2023-11-09 12:47:30"},{"nodeID":"1305755","text":"Russia having been voted off the UN Human Rights Council tonight of course does not make a difference","type":"I","timestamp":"2023-11-09 13:03:33"},{"nodeID":"1305756","text":"Dan Hodges: No, of course not","type":"L","timestamp":"2023-11-09 13:03:33"},{"nodeID":"1305757","text":"Analysing","type":"YA","timestamp":"2023-11-09 13:03:33"},{"nodeID":"1305758","text":"Clara: Dan Hodges: No, of course not","type":"L","timestamp":"2023-11-09 13:03:33"},{"nodeID":"1305759","text":"Asserting","type":"YA","timestamp":"2023-11-09 13:03:33"},{"nodeID":"1305760","text":"Dan Hodges: Of course it won't make any difference","type":"L","timestamp":"2023-11-09 13:03:33"},{"nodeID":"1305761","text":"Analysing","type":"YA","timestamp":"2023-11-09 13:03:33"},{"nodeID":"1305762","text":"Clara: Dan Hodges: Of course it won't make any difference","type":"L","timestamp":"2023-11-09 13:03:33"},{"nodeID":"1305763","text":"Default Transition","type":"TA","timestamp":"2023-11-09 13:03:33"},{"nodeID":"1305764","text":"Asserting","type":"YA","timestamp":"2023-11-09 13:03:33"},{"nodeID":"1305765","text":"that Russia having been voted off the UN Human Rights Council does not make a difference underlines the weakness of the Council","type":"I","timestamp":"2023-11-09 13:03:34"},{"nodeID":"1305766","text":"Dan Hodges: that underlines the weakness of the Council","type":"L","timestamp":"2023-11-09 13:03:34"},{"nodeID":"1305767","text":"Analysing","type":"YA","timestamp":"2023-11-09 13:03:34"},{"nodeID":"1305768","text":"Clara: Dan Hodges: that underlines the weakness of the Council","type":"L","timestamp":"2023-11-09 13:03:34"},{"nodeID":"1305769","text":"Asserting","type":"YA","timestamp":"2023-11-09 13:03:34"},{"nodeID":"1305770","text":"the UN Human Rights Council's weakness is the fact that Russia could be on it in the first place","type":"I","timestamp":"2023-11-09 13:03:34"},{"nodeID":"1305771","text":"Dan Hodges: the fact that Russia could be on it in the first place","type":"L","timestamp":"2023-11-09 13:03:34"},{"nodeID":"1305772","text":"Analysing","type":"YA","timestamp":"2023-11-09 13:03:34"},{"nodeID":"1305773","text":"Clara: Dan Hodges: the fact that Russia could be on it in the first place","type":"L","timestamp":"2023-11-09 13:03:34"},{"nodeID":"1305774","text":"Asserting","type":"YA","timestamp":"2023-11-09 13:03:34"},{"nodeID":"1305775","text":"Default Transition","type":"TA","timestamp":"2023-11-09 13:03:34"},{"nodeID":"1305776","text":"Default Transition","type":"TA","timestamp":"2023-11-09 13:03:34"},{"nodeID":"1305777","text":"Default Inference","type":"RA","timestamp":"2023-11-09 13:03:34"},{"nodeID":"1305778","text":"Default Transition","type":"TA","timestamp":"2023-11-09 13:03:34"},{"nodeID":"1305779","text":"Arguing","type":"YA","timestamp":"2023-11-09 13:03:34"},{"nodeID":"1305780","text":"Dan Hodges:  we need to be honest","type":"L","timestamp":"2023-11-09 13:03:34"},{"nodeID":"1305781","text":"Analysing","type":"YA","timestamp":"2023-11-09 13:03:34"},{"nodeID":"1305782","text":"Clara: Dan Hodges:  we need to be honest","type":"L","timestamp":"2023-11-09 13:03:34"},{"nodeID":"1305783","text":"Asserting","type":"YA","timestamp":"2023-11-09 13:03:34"},{"nodeID":"1305784","text":"Default Transition","type":"TA","timestamp":"2023-11-09 13:03:34"},{"nodeID":"1305785","text":"the reality is Vladimir Putin is not going to appear in front of any form of criminal tribunal to account for his actions","type":"I","timestamp":"2023-11-09 13:03:35"},{"nodeID":"1305786","text":"Dan Hodges: the reality is Vladimir Putin is not going to appear in front of any form of criminal tribunal to account for his actions","type":"L","timestamp":"2023-11-09 13:03:35"},{"nodeID":"1305787","text":"Analysing","type":"YA","timestamp":"2023-11-09 13:03:35"},{"nodeID":"1305788","text":"Clara: Dan Hodges: the reality is Vladimir Putin is not going to appear in front of any form of criminal tribunal to account for his actions","type":"L","timestamp":"2023-11-09 13:03:35"},{"nodeID":"1305789","text":"Asserting","type":"YA","timestamp":"2023-11-09 13:03:35"},{"nodeID":"1305790","text":"Default Transition","type":"TA","timestamp":"2023-11-09 13:03:35"},{"nodeID":"1305791","text":"Dan Hodges has complete sympathy with what was understood","type":"I","timestamp":"2023-11-09 13:03:36"},{"nodeID":"1305792","text":"Dan Hodges: I have complete sympathy with what was understood","type":"L","timestamp":"2023-11-09 13:03:36"},{"nodeID":"1305793","text":"Analysing","type":"YA","timestamp":"2023-11-09 13:03:36"},{"nodeID":"1305794","text":"Clara: Dan Hodges: I have complete sympathy with what was understood","type":"L","timestamp":"2023-11-09 13:03:36"},{"nodeID":"1305795","text":"Asserting","type":"YA","timestamp":"2023-11-09 13:03:36"},{"nodeID":"1305796","text":"Default Transition","type":"TA","timestamp":"2023-11-09 13:03:36"},{"nodeID":"1305797","text":"the reality is we cannot simply wait for Vladimir Putin to have an accounting with his god","type":"I","timestamp":"2023-11-09 13:03:36"},{"nodeID":"1305798","text":"Dan Hodges: the reality is we cannot simply wait for Vladimir Putin to have an accounting with his god","type":"L","timestamp":"2023-11-09 13:03:36"},{"nodeID":"1305799","text":"Analysing","type":"YA","timestamp":"2023-11-09 13:03:36"},{"nodeID":"1305800","text":"Clara: Dan Hodges: the reality is we cannot simply wait for Vladimir Putin to have an accounting with his god","type":"L","timestamp":"2023-11-09 13:03:36"},{"nodeID":"1305801","text":"Asserting","type":"YA","timestamp":"2023-11-09 13:03:36"},{"nodeID":"1305802","text":"Default Transition","type":"TA","timestamp":"2023-11-09 13:03:36"},{"nodeID":"1305803","text":"Default Conflict","type":"CA","timestamp":"2023-11-09 13:03:36"},{"nodeID":"1305804","text":"Disagreeing","type":"YA","timestamp":"2023-11-09 13:03:36"},{"nodeID":"1305805","text":"Default Transition","type":"TA","timestamp":"2023-11-09 13:03:36"},{"nodeID":"1305806","text":"Default Inference","type":"RA","timestamp":"2023-11-09 13:03:36"},{"nodeID":"1305807","text":"Arguing","type":"YA","timestamp":"2023-11-09 13:03:36"},{"nodeID":"1305808","text":"Dan Hodges: We need to act now","type":"L","timestamp":"2023-11-09 13:03:37"},{"nodeID":"1305809","text":"Analysing","type":"YA","timestamp":"2023-11-09 13:03:37"},{"nodeID":"1305810","text":"Clara: Dan Hodges: We need to act now","type":"L","timestamp":"2023-11-09 13:03:37"},{"nodeID":"1305811","text":"Asserting","type":"YA","timestamp":"2023-11-09 13:03:37"},{"nodeID":"1305812","text":"Default Transition","type":"TA","timestamp":"2023-11-09 13:03:37"},{"nodeID":"1305813","text":"Default Inference","type":"RA","timestamp":"2023-11-09 13:03:37"},{"nodeID":"1305814","text":"Arguing","type":"YA","timestamp":"2023-11-09 13:03:37"},{"nodeID":"1305815","text":"Dan Hodges: we need to have urgent, independent verification of the scale of the atrocities and war crimes we have all seen in our TV screens","type":"L","timestamp":"2023-11-09 13:03:37"},{"nodeID":"1305816","text":"Analysing","type":"YA","timestamp":"2023-11-09 13:03:37"},{"nodeID":"1305817","text":"Clara: Dan Hodges: we need to have urgent, and by urgent I mean a matter of days, not weeks and months, independent verification of the scale of the atrocities and war crimes we have all seen in our TV screens","type":"L","timestamp":"2023-11-09 13:03:37"},{"nodeID":"1305818","text":"Asserting","type":"YA","timestamp":"2023-11-09 13:03:37"},{"nodeID":"1305819","text":"Default Rephrase","type":"MA","timestamp":"2023-11-09 13:03:37"},{"nodeID":"1305820","text":"Default Transition","type":"TA","timestamp":"2023-11-09 13:03:37"},{"nodeID":"1305821","text":"Restating","type":"YA","timestamp":"2023-11-09 13:03:37"},{"nodeID":"1305822","text":"by urgent Dan Hodges means a matter of days, not weeks and months","type":"I","timestamp":"2023-11-09 13:03:38"},{"nodeID":"1305823","text":"Dan Hodges: by urgent I mean a matter of days, not weeks and months","type":"L","timestamp":"2023-11-09 13:03:38"},{"nodeID":"1305824","text":"Analysing","type":"YA","timestamp":"2023-11-09 13:03:38"},{"nodeID":"1305825","text":"Clara: Dan Hodges: by urgent I mean a matter of days, not weeks and months","type":"L","timestamp":"2023-11-09 13:03:38"},{"nodeID":"1305826","text":"Asserting","type":"YA","timestamp":"2023-11-09 13:03:38"},{"nodeID":"1305827","text":"Default Transition","type":"TA","timestamp":"2023-11-09 13:03:38"},{"nodeID":"1305828","text":"Default Rephrase","type":"MA","timestamp":"2023-11-09 13:03:38"},{"nodeID":"1305829","text":"Restating","type":"YA","timestamp":"2023-11-09 13:03:38"},{"nodeID":"1305830","text":"the atrocities and war crimes we have all seen in our TV screens might be verified","type":"I","timestamp":"2023-11-09 13:03:38"},{"nodeID":"1305831","text":"Dan Hodges: they are verified","type":"L","timestamp":"2023-11-09 13:03:38"},{"nodeID":"1305832","text":"Analysing","type":"YA","timestamp":"2023-11-09 13:03:38"},{"nodeID":"1305833","text":"Clara: Dan Hodges: they are verified","type":"L","timestamp":"2023-11-09 13:03:38"},{"nodeID":"1305834","text":"Asserting","type":"YA","timestamp":"2023-11-09 13:03:38"},{"nodeID":"1305835","text":"Default Transition","type":"TA","timestamp":"2023-11-09 13:03:38"},{"nodeID":"1305836","text":"Default Inference","type":"RA","timestamp":"2023-11-09 13:03:38"},{"nodeID":"1305837","text":"Arguing","type":"YA","timestamp":"2023-11-09 13:03:38"},{"nodeID":"1305838","text":"Dan Hodges fears that the atrocities and war crimes we have all seen in our TV screens could be verified","type":"I","timestamp":"2023-11-09 13:03:39"},{"nodeID":"1305839","text":"Dan Hodges: I fear they would be","type":"L","timestamp":"2023-11-09 13:03:39"},{"nodeID":"1305840","text":"Analysing","type":"YA","timestamp":"2023-11-09 13:03:39"},{"nodeID":"1305841","text":"Clara: Dan Hodges: I fear they would be","type":"L","timestamp":"2023-11-09 13:03:39"},{"nodeID":"1305842","text":"Asserting","type":"YA","timestamp":"2023-11-09 13:03:39"},{"nodeID":"1305843","text":"Default Transition","type":"TA","timestamp":"2023-11-09 13:03:39"},{"nodeID":"1305844","text":"Default Rephrase","type":"MA","timestamp":"2023-11-09 13:03:39"},{"nodeID":"1305845","text":"Restating","type":"YA","timestamp":"2023-11-09 13:03:39"},{"nodeID":"1305846","text":"Dan Hodges: we have to act","type":"L","timestamp":"2023-11-09 13:03:40"},{"nodeID":"1305847","text":"Analysing","type":"YA","timestamp":"2023-11-09 13:03:40"},{"nodeID":"1305848","text":"Clara: Dan Hodges: we have to act","type":"L","timestamp":"2023-11-09 13:03:40"},{"nodeID":"1305849","text":"Asserting","type":"YA","timestamp":"2023-11-09 13:03:40"},{"nodeID":"1305850","text":"Default Transition","type":"TA","timestamp":"2023-11-09 13:03:40"},{"nodeID":"1305851","text":"Default Inference","type":"RA","timestamp":"2023-11-09 13:03:40"},{"nodeID":"1305852","text":"Arguing","type":"YA","timestamp":"2023-11-09 13:03:40"},{"nodeID":"1305853","text":"Dan Hodges: we have to act directly","type":"L","timestamp":"2023-11-09 13:03:40"},{"nodeID":"1305854","text":"Analysing","type":"YA","timestamp":"2023-11-09 13:03:40"},{"nodeID":"1305855","text":"Clara: Dan Hodges: we have to act directly","type":"L","timestamp":"2023-11-09 13:03:40"},{"nodeID":"1305856","text":"Asserting","type":"YA","timestamp":"2023-11-09 13:03:40"},{"nodeID":"1305857","text":"Default Rephrase","type":"MA","timestamp":"2023-11-09 13:03:40"},{"nodeID":"1305858","text":"Default Transition","type":"TA","timestamp":"2023-11-09 13:03:40"},{"nodeID":"1305859","text":"Restating","type":"YA","timestamp":"2023-11-09 13:03:40"},{"nodeID":"1305860","text":"Dan Hodges: We have to, at a minimum, obviously, give the Ukrainians the weapons required to defend themselves","type":"L","timestamp":"2023-11-09 13:03:41"},{"nodeID":"1305861","text":"Analysing","type":"YA","timestamp":"2023-11-09 13:03:41"},{"nodeID":"1305862","text":"Clara: Dan Hodges: We have to, at a minimum, obviously, give the Ukrainians the weapons required to defend themselves","type":"L","timestamp":"2023-11-09 13:03:41"},{"nodeID":"1305863","text":"Asserting","type":"YA","timestamp":"2023-11-09 13:03:41"},{"nodeID":"1305864","text":"Default Transition","type":"TA","timestamp":"2023-11-09 13:03:41"},{"nodeID":"1305865","text":"Default Rephrase","type":"MA","timestamp":"2023-11-09 13:03:41"},{"nodeID":"1305866","text":"Restating","type":"YA","timestamp":"2023-11-09 13:03:41"},{"nodeID":"1305867","text":"Dan Hodges would or would not include fighter jets in giving the Ukrainians the weapons required to defend themselves","type":"I","timestamp":"2023-11-09 13:03:41"},{"nodeID":"1305868","text":"Fiona Bruce: Would you include in that fighter jets","type":"L","timestamp":"2023-11-09 13:03:41"},{"nodeID":"1305869","text":"Analysing","type":"YA","timestamp":"2023-11-09 13:03:41"},{"nodeID":"1305870","text":"Clara: Fiona Bruce: Would you include in that fighter jets","type":"L","timestamp":"2023-11-09 13:03:41"},{"nodeID":"1305871","text":"Pure Questioning","type":"YA","timestamp":"2023-11-09 13:03:41"},{"nodeID":"1305872","text":"Default Transition","type":"TA","timestamp":"2023-11-09 13:03:41"},{"nodeID":"1305873","text":"Dan Hodges would absolutely, without question include fighter jets in giving the Ukrainians the weapons required to defend themselves","type":"I","timestamp":"2023-11-09 13:03:42"},{"nodeID":"1305874","text":"Dan Hodges: Yes, absolutely, without question","type":"L","timestamp":"2023-11-09 13:03:42"},{"nodeID":"1305875","text":"Analysing","type":"YA","timestamp":"2023-11-09 13:03:42"},{"nodeID":"1305876","text":"Clara: Dan Hodges: Yes, absolutely, without question","type":"L","timestamp":"2023-11-09 13:03:42"},{"nodeID":"1305877","text":"Asserting","type":"YA","timestamp":"2023-11-09 13:03:42"},{"nodeID":"1305878","text":"Default Transition","type":"TA","timestamp":"2023-11-09 13:03:42"},{"nodeID":"1305879","text":"Default Rephrase","type":"MA","timestamp":"2023-11-09 13:03:42"},{"nodeID":"1305880","text":"Default Illocuting","type":"YA","timestamp":"2023-11-09 13:03:42"},{"nodeID":"1305881","text":"Dan Hodges would go further than including fighter jets in giving the Ukrainians the weapons required to defend themselves","type":"I","timestamp":"2023-11-09 13:03:43"},{"nodeID":"1305882","text":"Dan Hodges: I would go further","type":"L","timestamp":"2023-11-09 13:03:43"},{"nodeID":"1305883","text":"Analysing","type":"YA","timestamp":"2023-11-09 13:03:43"},{"nodeID":"1305884","text":"Clara: Dan Hodges: I would go further","type":"L","timestamp":"2023-11-09 13:03:43"},{"nodeID":"1305885","text":"Asserting","type":"YA","timestamp":"2023-11-09 13:03:43"},{"nodeID":"1305886","text":"Default Rephrase","type":"MA","timestamp":"2023-11-09 13:03:43"},{"nodeID":"1305887","text":"Default Transition","type":"TA","timestamp":"2023-11-09 13:03:43"},{"nodeID":"1305888","text":"Restating","type":"YA","timestamp":"2023-11-09 13:03:43"},{"nodeID":"1305889","text":"Default Rephrase","type":"MA","timestamp":"2023-11-09 13:03:43"},{"nodeID":"1305890","text":"Restating","type":"YA","timestamp":"2023-11-09 13:03:43"},{"nodeID":"1305891","text":"Default Inference","type":"RA","timestamp":"2023-11-09 13:03:43"},{"nodeID":"1305892","text":"Arguing","type":"YA","timestamp":"2023-11-09 13:03:43"}],"edges":[{"edgeID":"1715390","fromID":"1305757","toID":"1305756","formEdgeID":null},{"edgeID":"1715391","fromID":"1305758","toID":"1305757","formEdgeID":null},{"edgeID":"1715392","fromID":"1305756","toID":"1305759","formEdgeID":null},{"edgeID":"1715393","fromID":"1305759","toID":"1305755","formEdgeID":null},{"edgeID":"1715394","fromID":"1305761","toID":"1305760","formEdgeID":null},{"edgeID":"1715395","fromID":"1305762","toID":"1305761","formEdgeID":null},{"edgeID":"1715396","fromID":"1305756","toID":"1305763","formEdgeID":null},{"edgeID":"1715397","fromID":"1305763","toID":"1305760","formEdgeID":null},{"edgeID":"1715398","fromID":"1305760","toID":"1305764","formEdgeID":null},{"edgeID":"1715399","fromID":"1305764","toID":"1305755","formEdgeID":null},{"edgeID":"1715400","fromID":"1305767","toID":"1305766","formEdgeID":null},{"edgeID":"1715401","fromID":"1305768","toID":"1305767","formEdgeID":null},{"edgeID":"1715402","fromID":"1305766","toID":"1305769","formEdgeID":null},{"edgeID":"1715403","fromID":"1305769","toID":"1305765","formEdgeID":null},{"edgeID":"1715404","fromID":"1305772","toID":"1305771","formEdgeID":null},{"edgeID":"1715405","fromID":"1305773","toID":"1305772","formEdgeID":null},{"edgeID":"1715406","fromID":"1305771","toID":"1305774","formEdgeID":null},{"edgeID":"1715407","fromID":"1305774","toID":"1305770","formEdgeID":null},{"edgeID":"1715408","fromID":"1305760","toID":"1305775","formEdgeID":null},{"edgeID":"1715409","fromID":"1305775","toID":"1305766","formEdgeID":null},{"edgeID":"1715410","fromID":"1305756","toID":"1305776","formEdgeID":null},{"edgeID":"1715411","fromID":"1305776","toID":"1305766","formEdgeID":null},{"edgeID":"1715412","fromID":"1305770","toID":"1305777","formEdgeID":null},{"edgeID":"1715413","fromID":"1305777","toID":"1305765","formEdgeID":null},{"edgeID":"1715414","fromID":"1305766","toID":"1305778","formEdgeID":null},{"edgeID":"1715415","fromID":"1305778","toID":"1305771","formEdgeID":null},{"edgeID":"1715416","fromID":"1305778","toID":"1305779","formEdgeID":null},{"edgeID":"1715417","fromID":"1305779","toID":"1305777","formEdgeID":null},{"edgeID":"1715418","fromID":"1305755","toID":"1305777","formEdgeID":null},{"edgeID":"1715419","fromID":"1305781","toID":"1305780","formEdgeID":null},{"edgeID":"1715420","fromID":"1305782","toID":"1305781","formEdgeID":null},{"edgeID":"1715421","fromID":"1305780","toID":"1305783","formEdgeID":null},{"edgeID":"1715422","fromID":"1305783","toID":"1294241","formEdgeID":null},{"edgeID":"1715423","fromID":"1305771","toID":"1305784","formEdgeID":null},{"edgeID":"1715424","fromID":"1305784","toID":"1305780","formEdgeID":null},{"edgeID":"1715425","fromID":"1305787","toID":"1305786","formEdgeID":null},{"edgeID":"1715426","fromID":"1305788","toID":"1305787","formEdgeID":null},{"edgeID":"1715427","fromID":"1305786","toID":"1305789","formEdgeID":null},{"edgeID":"1715428","fromID":"1305789","toID":"1305785","formEdgeID":null},{"edgeID":"1715429","fromID":"1305780","toID":"1305790","formEdgeID":null},{"edgeID":"1715430","fromID":"1305790","toID":"1305786","formEdgeID":null},{"edgeID":"1715431","fromID":"1305793","toID":"1305792","formEdgeID":null},{"edgeID":"1715432","fromID":"1305794","toID":"1305793","formEdgeID":null},{"edgeID":"1715433","fromID":"1305792","toID":"1305795","formEdgeID":null},{"edgeID":"1715434","fromID":"1305795","toID":"1305791","formEdgeID":null},{"edgeID":"1715435","fromID":"1305786","toID":"1305796","formEdgeID":null},{"edgeID":"1715436","fromID":"1305796","toID":"1305792","formEdgeID":null},{"edgeID":"1715437","fromID":"1305799","toID":"1305798","formEdgeID":null},{"edgeID":"1715438","fromID":"1305800","toID":"1305799","formEdgeID":null},{"edgeID":"1715439","fromID":"1305798","toID":"1305801","formEdgeID":null},{"edgeID":"1715440","fromID":"1305801","toID":"1305797","formEdgeID":null},{"edgeID":"1715441","fromID":"1305792","toID":"1305802","formEdgeID":null},{"edgeID":"1715442","fromID":"1305802","toID":"1305798","formEdgeID":null},{"edgeID":"1715443","fromID":"1305797","toID":"1305803","formEdgeID":null},{"edgeID":"1715444","fromID":"1305803","toID":"1305791","formEdgeID":null},{"edgeID":"1715445","fromID":"1305802","toID":"1305804","formEdgeID":null},{"edgeID":"1715446","fromID":"1305804","toID":"1305803","formEdgeID":null},{"edgeID":"1715447","fromID":"1305786","toID":"1305805","formEdgeID":null},{"edgeID":"1715448","fromID":"1305805","toID":"1305798","formEdgeID":null},{"edgeID":"1715449","fromID":"1305785","toID":"1305806","formEdgeID":null},{"edgeID":"1715450","fromID":"1305806","toID":"1305797","formEdgeID":null},{"edgeID":"1715451","fromID":"1305805","toID":"1305807","formEdgeID":null},{"edgeID":"1715452","fromID":"1305807","toID":"1305806","formEdgeID":null},{"edgeID":"1715453","fromID":"1305809","toID":"1305808","formEdgeID":null},{"edgeID":"1715454","fromID":"1305810","toID":"1305809","formEdgeID":null},{"edgeID":"1715455","fromID":"1305808","toID":"1305811","formEdgeID":null},{"edgeID":"1715456","fromID":"1305811","toID":"1142549","formEdgeID":null},{"edgeID":"1715457","fromID":"1305798","toID":"1305812","formEdgeID":null},{"edgeID":"1715458","fromID":"1305812","toID":"1305808","formEdgeID":null},{"edgeID":"1715459","fromID":"1305797","toID":"1305813","formEdgeID":null},{"edgeID":"1715460","fromID":"1305813","toID":"1142549","formEdgeID":null},{"edgeID":"1715461","fromID":"1305812","toID":"1305814","formEdgeID":null},{"edgeID":"1715462","fromID":"1305814","toID":"1305813","formEdgeID":null},{"edgeID":"1715463","fromID":"1305816","toID":"1305815","formEdgeID":null},{"edgeID":"1715464","fromID":"1305817","toID":"1305816","formEdgeID":null},{"edgeID":"1715465","fromID":"1305815","toID":"1305818","formEdgeID":null},{"edgeID":"1715466","fromID":"1305818","toID":"1142558","formEdgeID":null},{"edgeID":"1715467","fromID":"1142558","toID":"1305819","formEdgeID":null},{"edgeID":"1715468","fromID":"1305819","toID":"1142549","formEdgeID":null},{"edgeID":"1715469","fromID":"1305808","toID":"1305820","formEdgeID":null},{"edgeID":"1715470","fromID":"1305820","toID":"1305815","formEdgeID":null},{"edgeID":"1715471","fromID":"1305820","toID":"1305821","formEdgeID":null},{"edgeID":"1715472","fromID":"1305821","toID":"1305819","formEdgeID":null},{"edgeID":"1715473","fromID":"1305824","toID":"1305823","formEdgeID":null},{"edgeID":"1715474","fromID":"1305825","toID":"1305824","formEdgeID":null},{"edgeID":"1715475","fromID":"1305823","toID":"1305826","formEdgeID":null},{"edgeID":"1715476","fromID":"1305826","toID":"1305822","formEdgeID":null},{"edgeID":"1715477","fromID":"1305815","toID":"1305827","formEdgeID":null},{"edgeID":"1715478","fromID":"1305827","toID":"1305823","formEdgeID":null},{"edgeID":"1715479","fromID":"1305822","toID":"1305828","formEdgeID":null},{"edgeID":"1715480","fromID":"1305828","toID":"1142558","formEdgeID":null},{"edgeID":"1715481","fromID":"1305827","toID":"1305829","formEdgeID":null},{"edgeID":"1715482","fromID":"1305829","toID":"1305828","formEdgeID":null},{"edgeID":"1715483","fromID":"1305832","toID":"1305831","formEdgeID":null},{"edgeID":"1715484","fromID":"1305833","toID":"1305832","formEdgeID":null},{"edgeID":"1715485","fromID":"1305831","toID":"1305834","formEdgeID":null},{"edgeID":"1715486","fromID":"1305834","toID":"1305830","formEdgeID":null},{"edgeID":"1715487","fromID":"1305815","toID":"1305835","formEdgeID":null},{"edgeID":"1715488","fromID":"1305835","toID":"1305831","formEdgeID":null},{"edgeID":"1715489","fromID":"1142558","toID":"1305836","formEdgeID":null},{"edgeID":"1715490","fromID":"1305836","toID":"1305830","formEdgeID":null},{"edgeID":"1715491","fromID":"1305835","toID":"1305837","formEdgeID":null},{"edgeID":"1715492","fromID":"1305837","toID":"1305836","formEdgeID":null},{"edgeID":"1715493","fromID":"1305840","toID":"1305839","formEdgeID":null},{"edgeID":"1715494","fromID":"1305841","toID":"1305840","formEdgeID":null},{"edgeID":"1715495","fromID":"1305839","toID":"1305842","formEdgeID":null},{"edgeID":"1715496","fromID":"1305842","toID":"1305838","formEdgeID":null},{"edgeID":"1715497","fromID":"1305831","toID":"1305843","formEdgeID":null},{"edgeID":"1715498","fromID":"1305843","toID":"1305839","formEdgeID":null},{"edgeID":"1715499","fromID":"1305838","toID":"1305844","formEdgeID":null},{"edgeID":"1715500","fromID":"1305844","toID":"1305830","formEdgeID":null},{"edgeID":"1715501","fromID":"1305843","toID":"1305845","formEdgeID":null},{"edgeID":"1715502","fromID":"1305845","toID":"1305844","formEdgeID":null},{"edgeID":"1715503","fromID":"1305847","toID":"1305846","formEdgeID":null},{"edgeID":"1715504","fromID":"1305848","toID":"1305847","formEdgeID":null},{"edgeID":"1715505","fromID":"1305846","toID":"1305849","formEdgeID":null},{"edgeID":"1715506","fromID":"1305849","toID":"1142582","formEdgeID":null},{"edgeID":"1715507","fromID":"1305839","toID":"1305850","formEdgeID":null},{"edgeID":"1715508","fromID":"1305850","toID":"1305846","formEdgeID":null},{"edgeID":"1715509","fromID":"1305838","toID":"1305851","formEdgeID":null},{"edgeID":"1715510","fromID":"1305851","toID":"1142582","formEdgeID":null},{"edgeID":"1715511","fromID":"1305850","toID":"1305852","formEdgeID":null},{"edgeID":"1715512","fromID":"1305852","toID":"1305851","formEdgeID":null},{"edgeID":"1715513","fromID":"1305854","toID":"1305853","formEdgeID":null},{"edgeID":"1715514","fromID":"1305855","toID":"1305854","formEdgeID":null},{"edgeID":"1715515","fromID":"1305853","toID":"1305856","formEdgeID":null},{"edgeID":"1715516","fromID":"1305856","toID":"1142597","formEdgeID":null},{"edgeID":"1715517","fromID":"1142597","toID":"1305857","formEdgeID":null},{"edgeID":"1715518","fromID":"1305857","toID":"1142582","formEdgeID":null},{"edgeID":"1715519","fromID":"1305846","toID":"1305858","formEdgeID":null},{"edgeID":"1715520","fromID":"1305858","toID":"1305853","formEdgeID":null},{"edgeID":"1715521","fromID":"1305858","toID":"1305859","formEdgeID":null},{"edgeID":"1715522","fromID":"1305859","toID":"1305857","formEdgeID":null},{"edgeID":"1715523","fromID":"1305861","toID":"1305860","formEdgeID":null},{"edgeID":"1715524","fromID":"1305862","toID":"1305861","formEdgeID":null},{"edgeID":"1715525","fromID":"1305860","toID":"1305863","formEdgeID":null},{"edgeID":"1715526","fromID":"1305863","toID":"1142605","formEdgeID":null},{"edgeID":"1715527","fromID":"1305853","toID":"1305864","formEdgeID":null},{"edgeID":"1715528","fromID":"1305864","toID":"1305860","formEdgeID":null},{"edgeID":"1715529","fromID":"1142605","toID":"1305865","formEdgeID":null},{"edgeID":"1715530","fromID":"1305865","toID":"1142597","formEdgeID":null},{"edgeID":"1715531","fromID":"1305864","toID":"1305866","formEdgeID":null},{"edgeID":"1715532","fromID":"1305866","toID":"1305865","formEdgeID":null},{"edgeID":"1715533","fromID":"1305869","toID":"1305868","formEdgeID":null},{"edgeID":"1715534","fromID":"1305870","toID":"1305869","formEdgeID":null},{"edgeID":"1715535","fromID":"1305868","toID":"1305871","formEdgeID":null},{"edgeID":"1715536","fromID":"1305871","toID":"1305867","formEdgeID":null},{"edgeID":"1715537","fromID":"1305860","toID":"1305872","formEdgeID":null},{"edgeID":"1715538","fromID":"1305872","toID":"1305868","formEdgeID":null},{"edgeID":"1715539","fromID":"1305875","toID":"1305874","formEdgeID":null},{"edgeID":"1715540","fromID":"1305876","toID":"1305875","formEdgeID":null},{"edgeID":"1715541","fromID":"1305874","toID":"1305877","formEdgeID":null},{"edgeID":"1715542","fromID":"1305877","toID":"1305873","formEdgeID":null},{"edgeID":"1715543","fromID":"1305868","toID":"1305878","formEdgeID":null},{"edgeID":"1715544","fromID":"1305878","toID":"1305874","formEdgeID":null},{"edgeID":"1715545","fromID":"1305873","toID":"1305879","formEdgeID":null},{"edgeID":"1715546","fromID":"1305879","toID":"1305867","formEdgeID":null},{"edgeID":"1715547","fromID":"1305878","toID":"1305880","formEdgeID":null},{"edgeID":"1715548","fromID":"1305880","toID":"1305879","formEdgeID":null},{"edgeID":"1715549","fromID":"1305883","toID":"1305882","formEdgeID":null},{"edgeID":"1715550","fromID":"1305884","toID":"1305883","formEdgeID":null},{"edgeID":"1715551","fromID":"1305882","toID":"1305885","formEdgeID":null},{"edgeID":"1715552","fromID":"1305885","toID":"1305881","formEdgeID":null},{"edgeID":"1715553","fromID":"1305881","toID":"1305886","formEdgeID":null},{"edgeID":"1715554","fromID":"1305886","toID":"1305873","formEdgeID":null},{"edgeID":"1715555","fromID":"1305874","toID":"1305887","formEdgeID":null},{"edgeID":"1715556","fromID":"1305887","toID":"1305882","formEdgeID":null},{"edgeID":"1715557","fromID":"1305887","toID":"1305888","formEdgeID":null},{"edgeID":"1715558","fromID":"1305888","toID":"1305886","formEdgeID":null},{"edgeID":"1715559","fromID":"1305867","toID":"1305889","formEdgeID":null},{"edgeID":"1715560","fromID":"1305889","toID":"1142605","formEdgeID":null},{"edgeID":"1715561","fromID":"1305872","toID":"1305890","formEdgeID":null},{"edgeID":"1715562","fromID":"1305890","toID":"1305889","formEdgeID":null},{"edgeID":"1715563","fromID":"1294241","toID":"1305891","formEdgeID":null},{"edgeID":"1715564","fromID":"1305891","toID":"1305785","formEdgeID":null},{"edgeID":"1715565","fromID":"1305790","toID":"1305892","formEdgeID":null},{"edgeID":"1715566","fromID":"1305892","toID":"1305891","formEdgeID":null}],"locutions":[]}