{"nodes":[{"nodeID":"1305198","text":"Analysing","type":"YA","timestamp":"2023-11-09 13:02:45"},{"nodeID":"1305199","text":"Joanna: Greg Hands: actually today what we launched was the long-term energy strategy which lays out, really in three main planks, how we're going to deliver on renewables","type":"L","timestamp":"2023-11-09 13:02:45"},{"nodeID":"1305200","text":"today what we launched was the long-term energy strategy which lays out, really in three main planks, how we're going to deliver on renewables","type":"I","timestamp":"2023-11-09 13:02:46"},{"nodeID":"1305201","text":"Greg Hands: today what we launched was the long-term energy strategy which lays out, really in three main planks, how we're going to deliver on renewables","type":"L","timestamp":"2023-11-09 13:02:46"},{"nodeID":"1305202","text":"Analysing","type":"YA","timestamp":"2023-11-09 13:02:46"},{"nodeID":"1305203","text":"Joanna: Greg Hands: today what we launched was the long-term energy strategy which lays out, really in three main planks, how we're going to deliver on renewables","type":"L","timestamp":"2023-11-09 13:02:46"},{"nodeID":"1305204","text":"Asserting","type":"YA","timestamp":"2023-11-09 13:02:46"},{"nodeID":"1305205","text":"the UK already has Europe's largest installed offshore wind capacity","type":"I","timestamp":"2023-11-09 13:02:46"},{"nodeID":"1305206","text":"Greg Hands: The UK already has Europe's largest installed offshore wind capacity","type":"L","timestamp":"2023-11-09 13:02:46"},{"nodeID":"1305207","text":"Analysing","type":"YA","timestamp":"2023-11-09 13:02:46"},{"nodeID":"1305208","text":"Joanna: Greg Hands: The UK already has Europe's largest installed offshore wind capacity","type":"L","timestamp":"2023-11-09 13:02:46"},{"nodeID":"1305209","text":"Asserting","type":"YA","timestamp":"2023-11-09 13:02:46"},{"nodeID":"1305210","text":"Default Transition","type":"TA","timestamp":"2023-11-09 13:02:46"},{"nodeID":"1305211","text":"we are number one when it comes to offshore wind","type":"I","timestamp":"2023-11-09 13:02:47"},{"nodeID":"1305212","text":"Greg Hands: We are number one when it comes to offshore wind","type":"L","timestamp":"2023-11-09 13:02:47"},{"nodeID":"1305213","text":"Analysing","type":"YA","timestamp":"2023-11-09 13:02:47"},{"nodeID":"1305214","text":"Joanna: Greg Hands: We are number one when it comes to offshore wind","type":"L","timestamp":"2023-11-09 13:02:47"},{"nodeID":"1305215","text":"Asserting","type":"YA","timestamp":"2023-11-09 13:02:47"},{"nodeID":"1305216","text":"Default Transition","type":"TA","timestamp":"2023-11-09 13:02:47"},{"nodeID":"1305217","text":"we do more onshore wind than we do offshore wind","type":"I","timestamp":"2023-11-09 13:02:47"},{"nodeID":"1305218","text":"Greg Hands: we do more onshore wind than we do offshore wind","type":"L","timestamp":"2023-11-09 13:02:47"},{"nodeID":"1305219","text":"Analysing","type":"YA","timestamp":"2023-11-09 13:02:47"},{"nodeID":"1305220","text":"Joanna: Greg Hands: we do more onshore wind than we do offshore wind","type":"L","timestamp":"2023-11-09 13:02:47"},{"nodeID":"1305221","text":"Asserting","type":"YA","timestamp":"2023-11-09 13:02:47"},{"nodeID":"1305222","text":"Default Transition","type":"TA","timestamp":"2023-11-09 13:02:47"},{"nodeID":"1305223","text":"Default Rephrase","type":"MA","timestamp":"2023-11-09 13:02:47"},{"nodeID":"1305224","text":"Restating","type":"YA","timestamp":"2023-11-09 13:02:47"},{"nodeID":"1305225","text":"we're in a good place on renewables but we need to go further and we need to go faster","type":"I","timestamp":"2023-11-09 13:02:48"},{"nodeID":"1305226","text":"Greg Hands: We're in a good place on renewables but we need to go further and we need to go faster","type":"L","timestamp":"2023-11-09 13:02:48"},{"nodeID":"1305227","text":"Analysing","type":"YA","timestamp":"2023-11-09 13:02:48"},{"nodeID":"1305228","text":"Joanna: Greg Hands: We're in a good place on renewables but we need to go further and we need to go faster","type":"L","timestamp":"2023-11-09 13:02:48"},{"nodeID":"1305229","text":"Asserting","type":"YA","timestamp":"2023-11-09 13:02:48"},{"nodeID":"1305230","text":"Default Transition","type":"TA","timestamp":"2023-11-09 13:02:48"},{"nodeID":"1305231","text":"Default Inference","type":"RA","timestamp":"2023-11-09 13:02:48"},{"nodeID":"1305232","text":"Arguing","type":"YA","timestamp":"2023-11-09 13:02:48"},{"nodeID":"1305233","text":"we need to do more on nuclear","type":"I","timestamp":"2023-11-09 13:02:49"},{"nodeID":"1305234","text":"Greg Hands: we need to do more on nuclear","type":"L","timestamp":"2023-11-09 13:02:49"},{"nodeID":"1305235","text":"Analysing","type":"YA","timestamp":"2023-11-09 13:02:49"},{"nodeID":"1305236","text":"Joanna: Greg Hands: we need to do more on nuclear","type":"L","timestamp":"2023-11-09 13:02:49"},{"nodeID":"1305237","text":"Asserting","type":"YA","timestamp":"2023-11-09 13:02:49"},{"nodeID":"1305238","text":"Default Transition","type":"TA","timestamp":"2023-11-09 13:02:49"},{"nodeID":"1305239","text":"nuclear will provide the baseload","type":"I","timestamp":"2023-11-09 13:02:49"},{"nodeID":"1305240","text":"Greg Hands: Nuclear will provide the baseload","type":"L","timestamp":"2023-11-09 13:02:49"},{"nodeID":"1305241","text":"Analysing","type":"YA","timestamp":"2023-11-09 13:02:49"},{"nodeID":"1305242","text":"Joanna: Greg Hands: Nuclear will provide the baseload","type":"L","timestamp":"2023-11-09 13:02:49"},{"nodeID":"1305243","text":"Asserting","type":"YA","timestamp":"2023-11-09 13:02:49"},{"nodeID":"1305244","text":"Default Transition","type":"TA","timestamp":"2023-11-09 13:02:49"},{"nodeID":"1305245","text":"nuclear is homegrown energy","type":"I","timestamp":"2023-11-09 13:02:50"},{"nodeID":"1305246","text":"Greg Hands: it's homegrown energy","type":"L","timestamp":"2023-11-09 13:02:50"},{"nodeID":"1305247","text":"Analysing","type":"YA","timestamp":"2023-11-09 13:02:50"},{"nodeID":"1305248","text":"Joanna: Greg Hands: it's homegrown energy","type":"L","timestamp":"2023-11-09 13:02:50"},{"nodeID":"1305249","text":"Asserting","type":"YA","timestamp":"2023-11-09 13:02:50"},{"nodeID":"1305250","text":"Default Transition","type":"TA","timestamp":"2023-11-09 13:02:50"},{"nodeID":"1305251","text":"nuclear is low carbon energy","type":"I","timestamp":"2023-11-09 13:02:50"},{"nodeID":"1305252","text":"Greg Hands: low carbon energy","type":"L","timestamp":"2023-11-09 13:02:50"},{"nodeID":"1305253","text":"Analysing","type":"YA","timestamp":"2023-11-09 13:02:50"},{"nodeID":"1305254","text":"Joanna: Greg Hands: low carbon energy","type":"L","timestamp":"2023-11-09 13:02:50"},{"nodeID":"1305255","text":"Asserting","type":"YA","timestamp":"2023-11-09 13:02:50"},{"nodeID":"1305256","text":"Default Transition","type":"TA","timestamp":"2023-11-09 13:02:50"},{"nodeID":"1305257","text":"Default Inference","type":"RA","timestamp":"2023-11-09 13:02:50"},{"nodeID":"1305258","text":"Arguing","type":"YA","timestamp":"2023-11-09 13:02:50"},{"nodeID":"1305259","text":"the third area is actually on oil and gas","type":"I","timestamp":"2023-11-09 13:02:51"},{"nodeID":"1305260","text":"Greg Hands: the third area is actually on oil and gas","type":"L","timestamp":"2023-11-09 13:02:51"},{"nodeID":"1305261","text":"Analysing","type":"YA","timestamp":"2023-11-09 13:02:51"},{"nodeID":"1305262","text":"Joanna: Greg Hands: the third area is actually on oil and gas","type":"L","timestamp":"2023-11-09 13:02:51"},{"nodeID":"1305263","text":"Asserting","type":"YA","timestamp":"2023-11-09 13:02:51"},{"nodeID":"1305264","text":"Default Transition","type":"TA","timestamp":"2023-11-09 13:02:51"},{"nodeID":"1305265","text":"AudienceMember 20220407QT03  is right that we are taking action and moving to net zero","type":"I","timestamp":"2023-11-09 13:02:51"},{"nodeID":"1305266","text":"Greg Hands: she is right that we are taking action and moving to net zero","type":"L","timestamp":"2023-11-09 13:02:51"},{"nodeID":"1305267","text":"Analysing","type":"YA","timestamp":"2023-11-09 13:02:51"},{"nodeID":"1305268","text":"Joanna: Greg Hands: she is right that we are taking action and moving to net zero","type":"L","timestamp":"2023-11-09 13:02:51"},{"nodeID":"1305269","text":"Asserting","type":"YA","timestamp":"2023-11-09 13:02:51"},{"nodeID":"1305270","text":"Default Transition","type":"TA","timestamp":"2023-11-09 13:02:51"},{"nodeID":"1305271","text":"the UK has actually done more to decarbonise than any other G7 economy in the last 30 years","type":"I","timestamp":"2023-11-09 13:02:52"},{"nodeID":"1305272","text":"Greg Hands: the UK has actually done more to decarbonise than any other G7 economy in the last 30 years","type":"L","timestamp":"2023-11-09 13:02:52"},{"nodeID":"1305273","text":"Analysing","type":"YA","timestamp":"2023-11-09 13:02:52"},{"nodeID":"1305274","text":"Joanna: Greg Hands: the UK has actually done more to decarbonise than any other G7 economy in the last 30 years","type":"L","timestamp":"2023-11-09 13:02:52"},{"nodeID":"1305275","text":"Asserting","type":"YA","timestamp":"2023-11-09 13:02:52"},{"nodeID":"1305276","text":"Default Transition","type":"TA","timestamp":"2023-11-09 13:02:52"},{"nodeID":"1305277","text":"Default Inference","type":"RA","timestamp":"2023-11-09 13:02:52"},{"nodeID":"1305278","text":"Arguing","type":"YA","timestamp":"2023-11-09 13:02:52"},{"nodeID":"1305279","text":"our emissions are down by 44 per cent in the last 30 years","type":"I","timestamp":"2023-11-09 13:02:52"},{"nodeID":"1305280","text":"Greg Hands: Our emissions are down by 44 per cent in the last 30 years","type":"L","timestamp":"2023-11-09 13:02:52"},{"nodeID":"1305281","text":"Analysing","type":"YA","timestamp":"2023-11-09 13:02:52"},{"nodeID":"1305282","text":"Joanna: Greg Hands: Our emissions are down by 44 per cent in the last 30 years","type":"L","timestamp":"2023-11-09 13:02:52"},{"nodeID":"1305283","text":"Asserting","type":"YA","timestamp":"2023-11-09 13:02:52"},{"nodeID":"1305284","text":"Default Transition","type":"TA","timestamp":"2023-11-09 13:02:52"},{"nodeID":"1305285","text":"Default Rephrase","type":"MA","timestamp":"2023-11-09 13:02:52"},{"nodeID":"1305286","text":"Restating","type":"YA","timestamp":"2023-11-09 13:02:52"},{"nodeID":"1305287","text":"at this time we don't want to be increasing our import of hydrocarbons from abroad, particularly from Russia","type":"I","timestamp":"2023-11-09 13:02:53"},{"nodeID":"1305288","text":"Greg Hands: at this time we don't want to be increasing our import of hydrocarbons from abroad, particularly from Russia","type":"L","timestamp":"2023-11-09 13:02:53"},{"nodeID":"1305289","text":"Analysing","type":"YA","timestamp":"2023-11-09 13:02:53"},{"nodeID":"1305290","text":"Joanna: Greg Hands: at this time we don't want to be increasing our import of hydrocarbons from abroad, particularly from Russia","type":"L","timestamp":"2023-11-09 13:02:53"},{"nodeID":"1305291","text":"Asserting","type":"YA","timestamp":"2023-11-09 13:02:53"},{"nodeID":"1305292","text":"Default Transition","type":"TA","timestamp":"2023-11-09 13:02:53"},{"nodeID":"1305293","text":"we are in a good position on not increasing our import of hydrocarbons from abroad, particularly from Russia","type":"I","timestamp":"2023-11-09 13:02:54"},{"nodeID":"1305294","text":"Greg Hands: we are in a good position on that","type":"L","timestamp":"2023-11-09 13:02:54"},{"nodeID":"1305295","text":"Analysing","type":"YA","timestamp":"2023-11-09 13:02:54"},{"nodeID":"1305296","text":"Joanna: Greg Hands: we are in a good position on that","type":"L","timestamp":"2023-11-09 13:02:54"},{"nodeID":"1305297","text":"Asserting","type":"YA","timestamp":"2023-11-09 13:02:54"},{"nodeID":"1305298","text":"Default Transition","type":"TA","timestamp":"2023-11-09 13:02:54"},{"nodeID":"1305299","text":"we produce 50 per cent of our gas from the UK Continental Shelf","type":"I","timestamp":"2023-11-09 13:02:54"},{"nodeID":"1305300","text":"Greg Hands: We produce 50 per cent of our gas from the UK Continental Shelf","type":"L","timestamp":"2023-11-09 13:02:54"},{"nodeID":"1305301","text":"Analysing","type":"YA","timestamp":"2023-11-09 13:02:54"},{"nodeID":"1305302","text":"Joanna: Greg Hands: We produce 50 per cent of our gas from the UK Continental Shelf","type":"L","timestamp":"2023-11-09 13:02:54"},{"nodeID":"1305303","text":"Asserting","type":"YA","timestamp":"2023-11-09 13:02:54"},{"nodeID":"1305304","text":"Default Transition","type":"TA","timestamp":"2023-11-09 13:02:54"},{"nodeID":"1305305","text":"Default Inference","type":"RA","timestamp":"2023-11-09 13:02:54"},{"nodeID":"1305306","text":"Arguing","type":"YA","timestamp":"2023-11-09 13:02:54"},{"nodeID":"1305307","text":"we import less than four per cent on Russia","type":"I","timestamp":"2023-11-09 13:02:55"},{"nodeID":"1305308","text":"Greg Hands: We import less than four per cent on Russia","type":"L","timestamp":"2023-11-09 13:02:55"},{"nodeID":"1305309","text":"Analysing","type":"YA","timestamp":"2023-11-09 13:02:55"},{"nodeID":"1305310","text":"Joanna: Greg Hands: We import less than four per cent on Russia","type":"L","timestamp":"2023-11-09 13:02:55"},{"nodeID":"1305311","text":"Asserting","type":"YA","timestamp":"2023-11-09 13:02:55"},{"nodeID":"1305312","text":"Default Transition","type":"TA","timestamp":"2023-11-09 13:02:55"},{"nodeID":"1305313","text":"Default Inference","type":"RA","timestamp":"2023-11-09 13:02:55"},{"nodeID":"1305314","text":"Arguing","type":"YA","timestamp":"2023-11-09 13:02:55"},{"nodeID":"1305315","text":"Greg Hands doesn't want us to be increasing the amount of energy we're importing from Russia or countries like Russia at the moment","type":"I","timestamp":"2023-11-09 13:02:55"},{"nodeID":"1305316","text":"Greg Hands: I don't want us to be increasing the amount of energy we're importing from Russia or countries like Russia at the moment","type":"L","timestamp":"2023-11-09 13:02:55"},{"nodeID":"1305317","text":"Analysing","type":"YA","timestamp":"2023-11-09 13:02:55"},{"nodeID":"1305318","text":"Joanna: Greg Hands: I don't want us to be increasing the amount of energy we're importing from Russia or countries like Russia at the moment","type":"L","timestamp":"2023-11-09 13:02:55"},{"nodeID":"1305319","text":"Asserting","type":"YA","timestamp":"2023-11-09 13:02:55"},{"nodeID":"1305320","text":"Default Transition","type":"TA","timestamp":"2023-11-09 13:02:55"},{"nodeID":"1305321","text":"Default Rephrase","type":"MA","timestamp":"2023-11-09 13:02:55"},{"nodeID":"1305322","text":"Default Transition","type":"TA","timestamp":"2023-11-09 13:02:55"},{"nodeID":"1305323","text":"Restating","type":"YA","timestamp":"2023-11-09 13:02:55"},{"nodeID":"1305324","text":"oil and gas is part of an important transition","type":"I","timestamp":"2023-11-09 13:02:56"},{"nodeID":"1305325","text":"Greg Hands: oil and gas is part of an important transition","type":"L","timestamp":"2023-11-09 13:02:56"},{"nodeID":"1305326","text":"Analysing","type":"YA","timestamp":"2023-11-09 13:02:56"},{"nodeID":"1305327","text":"Joanna: Greg Hands: oil and gas is part of an important transition","type":"L","timestamp":"2023-11-09 13:02:56"},{"nodeID":"1305328","text":"Asserting","type":"YA","timestamp":"2023-11-09 13:02:56"},{"nodeID":"1305329","text":"Default Transition","type":"TA","timestamp":"2023-11-09 13:02:56"},{"nodeID":"1305330","text":"Default Inference","type":"RA","timestamp":"2023-11-09 13:02:56"},{"nodeID":"1305331","text":"Arguing","type":"YA","timestamp":"2023-11-09 13:02:56"}],"edges":[{"edgeID":"1714745","fromID":"1305199","toID":"1305198","formEdgeID":null},{"edgeID":"1714746","fromID":"1305202","toID":"1305201","formEdgeID":null},{"edgeID":"1714747","fromID":"1305203","toID":"1305202","formEdgeID":null},{"edgeID":"1714748","fromID":"1305201","toID":"1305204","formEdgeID":null},{"edgeID":"1714749","fromID":"1305204","toID":"1305200","formEdgeID":null},{"edgeID":"1714750","fromID":"1305207","toID":"1305206","formEdgeID":null},{"edgeID":"1714751","fromID":"1305208","toID":"1305207","formEdgeID":null},{"edgeID":"1714752","fromID":"1305206","toID":"1305209","formEdgeID":null},{"edgeID":"1714753","fromID":"1305209","toID":"1305205","formEdgeID":null},{"edgeID":"1714754","fromID":"1305201","toID":"1305210","formEdgeID":null},{"edgeID":"1714755","fromID":"1305210","toID":"1305206","formEdgeID":null},{"edgeID":"1714756","fromID":"1305213","toID":"1305212","formEdgeID":null},{"edgeID":"1714757","fromID":"1305214","toID":"1305213","formEdgeID":null},{"edgeID":"1714758","fromID":"1305212","toID":"1305215","formEdgeID":null},{"edgeID":"1714759","fromID":"1305215","toID":"1305211","formEdgeID":null},{"edgeID":"1714760","fromID":"1305206","toID":"1305216","formEdgeID":null},{"edgeID":"1714761","fromID":"1305216","toID":"1305212","formEdgeID":null},{"edgeID":"1714762","fromID":"1305219","toID":"1305218","formEdgeID":null},{"edgeID":"1714763","fromID":"1305220","toID":"1305219","formEdgeID":null},{"edgeID":"1714764","fromID":"1305218","toID":"1305221","formEdgeID":null},{"edgeID":"1714765","fromID":"1305221","toID":"1305217","formEdgeID":null},{"edgeID":"1714766","fromID":"1305212","toID":"1305222","formEdgeID":null},{"edgeID":"1714767","fromID":"1305222","toID":"1305218","formEdgeID":null},{"edgeID":"1714768","fromID":"1305211","toID":"1305223","formEdgeID":null},{"edgeID":"1714769","fromID":"1305223","toID":"1305205","formEdgeID":null},{"edgeID":"1714770","fromID":"1305216","toID":"1305224","formEdgeID":null},{"edgeID":"1714771","fromID":"1305224","toID":"1305223","formEdgeID":null},{"edgeID":"1714772","fromID":"1305227","toID":"1305226","formEdgeID":null},{"edgeID":"1714773","fromID":"1305228","toID":"1305227","formEdgeID":null},{"edgeID":"1714774","fromID":"1305226","toID":"1305229","formEdgeID":null},{"edgeID":"1714775","fromID":"1305229","toID":"1305225","formEdgeID":null},{"edgeID":"1714776","fromID":"1305218","toID":"1305230","formEdgeID":null},{"edgeID":"1714777","fromID":"1305230","toID":"1305226","formEdgeID":null},{"edgeID":"1714778","fromID":"1305211","toID":"1305231","formEdgeID":null},{"edgeID":"1714779","fromID":"1305231","toID":"1305225","formEdgeID":null},{"edgeID":"1714780","fromID":"1305217","toID":"1305231","formEdgeID":null},{"edgeID":"1714781","fromID":"1305230","toID":"1305232","formEdgeID":null},{"edgeID":"1714782","fromID":"1305232","toID":"1305231","formEdgeID":null},{"edgeID":"1714783","fromID":"1305235","toID":"1305234","formEdgeID":null},{"edgeID":"1714784","fromID":"1305236","toID":"1305235","formEdgeID":null},{"edgeID":"1714785","fromID":"1305234","toID":"1305237","formEdgeID":null},{"edgeID":"1714786","fromID":"1305237","toID":"1305233","formEdgeID":null},{"edgeID":"1714787","fromID":"1305226","toID":"1305238","formEdgeID":null},{"edgeID":"1714788","fromID":"1305238","toID":"1305234","formEdgeID":null},{"edgeID":"1714789","fromID":"1305241","toID":"1305240","formEdgeID":null},{"edgeID":"1714790","fromID":"1305242","toID":"1305241","formEdgeID":null},{"edgeID":"1714791","fromID":"1305240","toID":"1305243","formEdgeID":null},{"edgeID":"1714792","fromID":"1305243","toID":"1305239","formEdgeID":null},{"edgeID":"1714793","fromID":"1305234","toID":"1305244","formEdgeID":null},{"edgeID":"1714794","fromID":"1305244","toID":"1305240","formEdgeID":null},{"edgeID":"1714795","fromID":"1305247","toID":"1305246","formEdgeID":null},{"edgeID":"1714796","fromID":"1305248","toID":"1305247","formEdgeID":null},{"edgeID":"1714797","fromID":"1305246","toID":"1305249","formEdgeID":null},{"edgeID":"1714798","fromID":"1305249","toID":"1305245","formEdgeID":null},{"edgeID":"1714799","fromID":"1305240","toID":"1305250","formEdgeID":null},{"edgeID":"1714800","fromID":"1305250","toID":"1305246","formEdgeID":null},{"edgeID":"1714801","fromID":"1305253","toID":"1305252","formEdgeID":null},{"edgeID":"1714802","fromID":"1305254","toID":"1305253","formEdgeID":null},{"edgeID":"1714803","fromID":"1305252","toID":"1305255","formEdgeID":null},{"edgeID":"1714804","fromID":"1305255","toID":"1305251","formEdgeID":null},{"edgeID":"1714805","fromID":"1305246","toID":"1305256","formEdgeID":null},{"edgeID":"1714806","fromID":"1305256","toID":"1305252","formEdgeID":null},{"edgeID":"1714807","fromID":"1305251","toID":"1305257","formEdgeID":null},{"edgeID":"1714808","fromID":"1305257","toID":"1305233","formEdgeID":null},{"edgeID":"1714809","fromID":"1305239","toID":"1305257","formEdgeID":null},{"edgeID":"1714810","fromID":"1305245","toID":"1305257","formEdgeID":null},{"edgeID":"1714811","fromID":"1305256","toID":"1305258","formEdgeID":null},{"edgeID":"1714812","fromID":"1305258","toID":"1305257","formEdgeID":null},{"edgeID":"1714813","fromID":"1305261","toID":"1305260","formEdgeID":null},{"edgeID":"1714814","fromID":"1305262","toID":"1305261","formEdgeID":null},{"edgeID":"1714815","fromID":"1305260","toID":"1305263","formEdgeID":null},{"edgeID":"1714816","fromID":"1305263","toID":"1305259","formEdgeID":null},{"edgeID":"1714817","fromID":"1305252","toID":"1305264","formEdgeID":null},{"edgeID":"1714818","fromID":"1305264","toID":"1305260","formEdgeID":null},{"edgeID":"1714819","fromID":"1305267","toID":"1305266","formEdgeID":null},{"edgeID":"1714820","fromID":"1305268","toID":"1305267","formEdgeID":null},{"edgeID":"1714821","fromID":"1305266","toID":"1305269","formEdgeID":null},{"edgeID":"1714822","fromID":"1305269","toID":"1305265","formEdgeID":null},{"edgeID":"1714823","fromID":"1305260","toID":"1305270","formEdgeID":null},{"edgeID":"1714824","fromID":"1305270","toID":"1305266","formEdgeID":null},{"edgeID":"1714825","fromID":"1305273","toID":"1305272","formEdgeID":null},{"edgeID":"1714826","fromID":"1305274","toID":"1305273","formEdgeID":null},{"edgeID":"1714827","fromID":"1305272","toID":"1305275","formEdgeID":null},{"edgeID":"1714828","fromID":"1305275","toID":"1305271","formEdgeID":null},{"edgeID":"1714829","fromID":"1305266","toID":"1305276","formEdgeID":null},{"edgeID":"1714830","fromID":"1305276","toID":"1305272","formEdgeID":null},{"edgeID":"1714831","fromID":"1305271","toID":"1305277","formEdgeID":null},{"edgeID":"1714832","fromID":"1305277","toID":"1305265","formEdgeID":null},{"edgeID":"1714833","fromID":"1305276","toID":"1305278","formEdgeID":null},{"edgeID":"1714834","fromID":"1305278","toID":"1305277","formEdgeID":null},{"edgeID":"1714835","fromID":"1305281","toID":"1305280","formEdgeID":null},{"edgeID":"1714836","fromID":"1305282","toID":"1305281","formEdgeID":null},{"edgeID":"1714837","fromID":"1305280","toID":"1305283","formEdgeID":null},{"edgeID":"1714838","fromID":"1305283","toID":"1305279","formEdgeID":null},{"edgeID":"1714839","fromID":"1305272","toID":"1305284","formEdgeID":null},{"edgeID":"1714840","fromID":"1305284","toID":"1305280","formEdgeID":null},{"edgeID":"1714841","fromID":"1305279","toID":"1305285","formEdgeID":null},{"edgeID":"1714842","fromID":"1305285","toID":"1305271","formEdgeID":null},{"edgeID":"1714843","fromID":"1305284","toID":"1305286","formEdgeID":null},{"edgeID":"1714844","fromID":"1305286","toID":"1305285","formEdgeID":null},{"edgeID":"1714845","fromID":"1305289","toID":"1305288","formEdgeID":null},{"edgeID":"1714846","fromID":"1305290","toID":"1305289","formEdgeID":null},{"edgeID":"1714847","fromID":"1305288","toID":"1305291","formEdgeID":null},{"edgeID":"1714848","fromID":"1305291","toID":"1305287","formEdgeID":null},{"edgeID":"1714849","fromID":"1305280","toID":"1305292","formEdgeID":null},{"edgeID":"1714850","fromID":"1305292","toID":"1305288","formEdgeID":null},{"edgeID":"1714851","fromID":"1305295","toID":"1305294","formEdgeID":null},{"edgeID":"1714852","fromID":"1305296","toID":"1305295","formEdgeID":null},{"edgeID":"1714853","fromID":"1305294","toID":"1305297","formEdgeID":null},{"edgeID":"1714854","fromID":"1305297","toID":"1305293","formEdgeID":null},{"edgeID":"1714855","fromID":"1305288","toID":"1305298","formEdgeID":null},{"edgeID":"1714856","fromID":"1305298","toID":"1305294","formEdgeID":null},{"edgeID":"1714857","fromID":"1305301","toID":"1305300","formEdgeID":null},{"edgeID":"1714858","fromID":"1305302","toID":"1305301","formEdgeID":null},{"edgeID":"1714859","fromID":"1305300","toID":"1305303","formEdgeID":null},{"edgeID":"1714860","fromID":"1305303","toID":"1305299","formEdgeID":null},{"edgeID":"1714861","fromID":"1305294","toID":"1305304","formEdgeID":null},{"edgeID":"1714862","fromID":"1305304","toID":"1305300","formEdgeID":null},{"edgeID":"1714863","fromID":"1305293","toID":"1305305","formEdgeID":null},{"edgeID":"1714864","fromID":"1305305","toID":"1305287","formEdgeID":null},{"edgeID":"1714865","fromID":"1305298","toID":"1305306","formEdgeID":null},{"edgeID":"1714866","fromID":"1305306","toID":"1305305","formEdgeID":null},{"edgeID":"1714867","fromID":"1305309","toID":"1305308","formEdgeID":null},{"edgeID":"1714868","fromID":"1305310","toID":"1305309","formEdgeID":null},{"edgeID":"1714869","fromID":"1305308","toID":"1305311","formEdgeID":null},{"edgeID":"1714870","fromID":"1305311","toID":"1305307","formEdgeID":null},{"edgeID":"1714871","fromID":"1305300","toID":"1305312","formEdgeID":null},{"edgeID":"1714872","fromID":"1305312","toID":"1305308","formEdgeID":null},{"edgeID":"1714873","fromID":"1305307","toID":"1305313","formEdgeID":null},{"edgeID":"1714874","fromID":"1305313","toID":"1305293","formEdgeID":null},{"edgeID":"1714875","fromID":"1305299","toID":"1305313","formEdgeID":null},{"edgeID":"1714876","fromID":"1305312","toID":"1305314","formEdgeID":null},{"edgeID":"1714877","fromID":"1305314","toID":"1305313","formEdgeID":null},{"edgeID":"1714878","fromID":"1305317","toID":"1305316","formEdgeID":null},{"edgeID":"1714879","fromID":"1305318","toID":"1305317","formEdgeID":null},{"edgeID":"1714880","fromID":"1305316","toID":"1305319","formEdgeID":null},{"edgeID":"1714881","fromID":"1305319","toID":"1305315","formEdgeID":null},{"edgeID":"1714882","fromID":"1305308","toID":"1305320","formEdgeID":null},{"edgeID":"1714883","fromID":"1305320","toID":"1305316","formEdgeID":null},{"edgeID":"1714884","fromID":"1305315","toID":"1305321","formEdgeID":null},{"edgeID":"1714885","fromID":"1305321","toID":"1305287","formEdgeID":null},{"edgeID":"1714886","fromID":"1305288","toID":"1305322","formEdgeID":null},{"edgeID":"1714887","fromID":"1305322","toID":"1305316","formEdgeID":null},{"edgeID":"1714888","fromID":"1305322","toID":"1305323","formEdgeID":null},{"edgeID":"1714889","fromID":"1305323","toID":"1305321","formEdgeID":null},{"edgeID":"1714890","fromID":"1305326","toID":"1305325","formEdgeID":null},{"edgeID":"1714891","fromID":"1305327","toID":"1305326","formEdgeID":null},{"edgeID":"1714892","fromID":"1305325","toID":"1305328","formEdgeID":null},{"edgeID":"1714893","fromID":"1305328","toID":"1305324","formEdgeID":null},{"edgeID":"1714894","fromID":"1305316","toID":"1305329","formEdgeID":null},{"edgeID":"1714895","fromID":"1305329","toID":"1305325","formEdgeID":null},{"edgeID":"1714896","fromID":"1305315","toID":"1305330","formEdgeID":null},{"edgeID":"1714897","fromID":"1305330","toID":"1305324","formEdgeID":null},{"edgeID":"1714898","fromID":"1305329","toID":"1305331","formEdgeID":null},{"edgeID":"1714899","fromID":"1305331","toID":"1305330","formEdgeID":null}],"locutions":[]}