{"nodes":[{"nodeID":"23880","text":"yes","type":"I","timestamp":"2013-08-06 16:53:15"},{"nodeID":"1142549","text":"we need to act now","type":"I","timestamp":"2023-04-11 20:23:54"},{"nodeID":"1142558","text":"we need to have urgent, independent verification of the scale of the atrocities and war crimes we have all seen in our TV screens","type":"I","timestamp":"2023-04-11 20:24:01"},{"nodeID":"1142582","text":"we have to act","type":"I","timestamp":"2023-04-11 20:24:28"},{"nodeID":"1142597","text":"we have to act directly","type":"I","timestamp":"2023-04-11 20:24:35"},{"nodeID":"1142605","text":"we have to, at a minimum, obviously, give the Ukrainians the weapons required to defend themselves","type":"I","timestamp":"2023-04-11 20:24:42"},{"nodeID":"1145948","text":"AudienceMember 20220407QT13 feels powerless or not","type":"I","timestamp":"2023-04-20 10:17:13"},{"nodeID":"1145953","text":"AudienceMember 20220407QT13 feels powerless","type":"I","timestamp":"2023-04-20 10:17:16"},{"nodeID":"1145961","text":"AudienceMember 20220407QT14 doesn't think it's just necessarily a fear of Vladimir Putin","type":"I","timestamp":"2023-04-20 10:17:18"},{"nodeID":"1145969","text":"AudienceMember 20220407QT14 a lot of the time fears of Boris Johnson's mouth","type":"I","timestamp":"2023-04-20 10:17:20"},{"nodeID":"1145977","text":"Boris Johnson with his history of getting involved with various dictators has led to things like a prison sentence extension for Nazanin Zaghari-Ratcliff","type":"I","timestamp":"2023-04-20 10:17:23"},{"nodeID":"1145984","text":"it's not necessarily that people don't want to help","type":"I","timestamp":"2023-04-20 10:17:25"},{"nodeID":"1145990","text":"one thing that we could definitely do is accept more Ukrainian refugees","type":"I","timestamp":"2023-04-20 10:17:27"},{"nodeID":"1145996","text":"that's a way of helping Ukrainians without Boris Johnson going in, guns blazing","type":"I","timestamp":"2023-04-20 10:17:30"},{"nodeID":"1146004","text":"Boris Johnson is not someone that we can particularly trust, especially given the circumstances with Partygate","type":"I","timestamp":"2023-04-20 10:17:32"},{"nodeID":"1294241","text":"we need to be honest","type":"I","timestamp":"2023-11-09 12:47:30"},{"nodeID":"1305755","text":"Russia having been voted off the UN Human Rights Council tonight of course does not make a difference","type":"I","timestamp":"2023-11-09 13:03:33"},{"nodeID":"1305765","text":"that Russia having been voted off the UN Human Rights Council does not make a difference underlines the weakness of the Council","type":"I","timestamp":"2023-11-09 13:03:34"},{"nodeID":"1305770","text":"the UN Human Rights Council's weakness is the fact that Russia could be on it in the first place","type":"I","timestamp":"2023-11-09 13:03:34"},{"nodeID":"1305785","text":"the reality is Vladimir Putin is not going to appear in front of any form of criminal tribunal to account for his actions","type":"I","timestamp":"2023-11-09 13:03:35"},{"nodeID":"1305791","text":"Dan Hodges has complete sympathy with what was understood","type":"I","timestamp":"2023-11-09 13:03:36"},{"nodeID":"1305797","text":"the reality is we cannot simply wait for Vladimir Putin to have an accounting with his god","type":"I","timestamp":"2023-11-09 13:03:36"},{"nodeID":"1305822","text":"by urgent Dan Hodges means a matter of days, not weeks and months","type":"I","timestamp":"2023-11-09 13:03:38"},{"nodeID":"1305830","text":"the atrocities and war crimes we have all seen in our TV screens might be verified","type":"I","timestamp":"2023-11-09 13:03:38"},{"nodeID":"1305838","text":"Dan Hodges fears that the atrocities and war crimes we have all seen in our TV screens could be verified","type":"I","timestamp":"2023-11-09 13:03:39"},{"nodeID":"1305867","text":"Dan Hodges would or would not include fighter jets in giving the Ukrainians the weapons required to defend themselves","type":"I","timestamp":"2023-11-09 13:03:41"},{"nodeID":"1305873","text":"Dan Hodges would absolutely, without question include fighter jets in giving the Ukrainians the weapons required to defend themselves","type":"I","timestamp":"2023-11-09 13:03:42"},{"nodeID":"1305881","text":"Dan Hodges would go further than including fighter jets in giving the Ukrainians the weapons required to defend themselves","type":"I","timestamp":"2023-11-09 13:03:43"},{"nodeID":"1307855","text":"Fiona Bruce: Yes","type":"L","timestamp":"2023-11-09 13:06:26"},{"nodeID":"1307856","text":"Dan Hodges: No, of course not","type":"L","timestamp":"2023-11-09 13:06:27"},{"nodeID":"1307857","text":"Clara: Dan Hodges: No, of course not","type":"L","timestamp":"2023-11-09 13:06:27"},{"nodeID":"1307858","text":"Dan Hodges: Of course it won't make any difference","type":"L","timestamp":"2023-11-09 13:06:27"},{"nodeID":"1307859","text":"Clara: Dan Hodges: Of course it won't make any difference","type":"L","timestamp":"2023-11-09 13:06:27"},{"nodeID":"1307860","text":"Dan Hodges: that underlines the weakness of the Council","type":"L","timestamp":"2023-11-09 13:06:27"},{"nodeID":"1307861","text":"Clara: Dan Hodges: that underlines the weakness of the Council","type":"L","timestamp":"2023-11-09 13:06:27"},{"nodeID":"1307862","text":"Dan Hodges: the fact that Russia could be on it in the first place","type":"L","timestamp":"2023-11-09 13:06:28"},{"nodeID":"1307863","text":"Clara: Dan Hodges: the fact that Russia could be on it in the first place","type":"L","timestamp":"2023-11-09 13:06:28"},{"nodeID":"1307864","text":"Dan Hodges:  we need to be honest","type":"L","timestamp":"2023-11-09 13:06:28"},{"nodeID":"1307865","text":"Clara: Dan Hodges:  we need to be honest","type":"L","timestamp":"2023-11-09 13:06:28"},{"nodeID":"1307866","text":"Dan Hodges: the reality is Vladimir Putin is not going to appear in front of any form of criminal tribunal to account for his actions","type":"L","timestamp":"2023-11-09 13:06:28"},{"nodeID":"1307867","text":"Clara: Dan Hodges: the reality is Vladimir Putin is not going to appear in front of any form of criminal tribunal to account for his actions","type":"L","timestamp":"2023-11-09 13:06:28"},{"nodeID":"1307868","text":"Dan Hodges: I have complete sympathy with what was understood","type":"L","timestamp":"2023-11-09 13:06:29"},{"nodeID":"1307869","text":"Clara: Dan Hodges: I have complete sympathy with what was understood","type":"L","timestamp":"2023-11-09 13:06:29"},{"nodeID":"1307870","text":"Dan Hodges: the reality is we cannot simply wait for Vladimir Putin to have an accounting with his god","type":"L","timestamp":"2023-11-09 13:06:30"},{"nodeID":"1307871","text":"Clara: Dan Hodges: the reality is we cannot simply wait for Vladimir Putin to have an accounting with his god","type":"L","timestamp":"2023-11-09 13:06:30"},{"nodeID":"1307872","text":"Dan Hodges: We need to act now","type":"L","timestamp":"2023-11-09 13:06:30"},{"nodeID":"1307873","text":"Clara: Dan Hodges: We need to act now","type":"L","timestamp":"2023-11-09 13:06:30"},{"nodeID":"1307874","text":"Dan Hodges: we need to have urgent, independent verification of the scale of the atrocities and war crimes we have all seen in our TV screens","type":"L","timestamp":"2023-11-09 13:06:31"},{"nodeID":"1307875","text":"Clara: Dan Hodges: we need to have urgent, and by urgent I mean a matter of days, not weeks and months, independent verification of the scale of the atrocities and war crimes we have all seen in our TV screens","type":"L","timestamp":"2023-11-09 13:06:31"},{"nodeID":"1307876","text":"Dan Hodges: by urgent I mean a matter of days, not weeks and months","type":"L","timestamp":"2023-11-09 13:06:32"},{"nodeID":"1307877","text":"Clara: Dan Hodges: by urgent I mean a matter of days, not weeks and months","type":"L","timestamp":"2023-11-09 13:06:32"},{"nodeID":"1307878","text":"Dan Hodges: they are verified","type":"L","timestamp":"2023-11-09 13:06:32"},{"nodeID":"1307879","text":"Clara: Dan Hodges: they are verified","type":"L","timestamp":"2023-11-09 13:06:32"},{"nodeID":"1307880","text":"Dan Hodges: I fear they would be","type":"L","timestamp":"2023-11-09 13:06:33"},{"nodeID":"1307881","text":"Clara: Dan Hodges: I fear they would be","type":"L","timestamp":"2023-11-09 13:06:33"},{"nodeID":"1307882","text":"Dan Hodges: we have to act","type":"L","timestamp":"2023-11-09 13:06:33"},{"nodeID":"1307883","text":"Clara: Dan Hodges: we have to act","type":"L","timestamp":"2023-11-09 13:06:33"},{"nodeID":"1307884","text":"Dan Hodges: we have to act directly","type":"L","timestamp":"2023-11-09 13:06:34"},{"nodeID":"1307885","text":"Clara: Dan Hodges: we have to act directly","type":"L","timestamp":"2023-11-09 13:06:34"},{"nodeID":"1307886","text":"Dan Hodges: We have to, at a minimum, obviously, give the Ukrainians the weapons required to defend themselves","type":"L","timestamp":"2023-11-09 13:06:35"},{"nodeID":"1307887","text":"Clara: Dan Hodges: We have to, at a minimum, obviously, give the Ukrainians the weapons required to defend themselves","type":"L","timestamp":"2023-11-09 13:06:35"},{"nodeID":"1307888","text":"Fiona Bruce: Would you include in that fighter jets","type":"L","timestamp":"2023-11-09 13:06:35"},{"nodeID":"1307889","text":"Clara: Fiona Bruce: Would you include in that fighter jets","type":"L","timestamp":"2023-11-09 13:06:35"},{"nodeID":"1307890","text":"Dan Hodges: Yes, absolutely, without question","type":"L","timestamp":"2023-11-09 13:06:36"},{"nodeID":"1307891","text":"Clara: Dan Hodges: Yes, absolutely, without question","type":"L","timestamp":"2023-11-09 13:06:36"},{"nodeID":"1307892","text":"Dan Hodges: I would go further","type":"L","timestamp":"2023-11-09 13:06:37"},{"nodeID":"1307893","text":"Clara: Dan Hodges: I would go further","type":"L","timestamp":"2023-11-09 13:06:37"},{"nodeID":"1307894","text":"Fiona Bruce: You feel powerless","type":"L","timestamp":"2023-11-09 13:06:37"},{"nodeID":"1307895","text":"Joanna: Fiona Bruce: You feel powerless","type":"L","timestamp":"2023-11-09 13:06:37"},{"nodeID":"1307896","text":"AudienceMember 20220407QT13: powerless","type":"L","timestamp":"2023-11-09 13:06:38"},{"nodeID":"1307897","text":"Joanna: AudienceMember 20220407QT13: powerless","type":"L","timestamp":"2023-11-09 13:06:38"},{"nodeID":"1307898","text":"AudienceMember 20220407QT14: I don't think it's just necessarily a fear of Vladimir Putin","type":"L","timestamp":"2023-11-09 13:06:38"},{"nodeID":"1307899","text":"Joanna: AudienceMember 20220407QT13: I don't think it's just necessarily a fear of Vladimir Putin","type":"L","timestamp":"2023-11-09 13:06:38"},{"nodeID":"1307900","text":"AudienceMember 20220407QT14: a lot of the time it's a fear of Boris's mouth","type":"L","timestamp":"2023-11-09 13:06:39"},{"nodeID":"1307901","text":"Joanna: AudienceMember 20220407QT13: a lot of the time it's a fear of Boris's mouth","type":"L","timestamp":"2023-11-09 13:06:39"},{"nodeID":"1307902","text":"AudienceMember 20220407QT14: Boris with his history of getting involved with various dictators has led to things like a prison sentence extension for Nazanin Zaghari-Ratcliff","type":"L","timestamp":"2023-11-09 13:06:40"},{"nodeID":"1307903","text":"Joanna: AudienceMember 20220407QT13: Boris with his history of getting involved with various dictators has led to things like a prison sentence extension for Nazanin Zaghari-Ratcliff","type":"L","timestamp":"2023-11-09 13:06:40"},{"nodeID":"1307904","text":"AudienceMember 20220407QT14: It's not necessarily that people don't want to help","type":"L","timestamp":"2023-11-09 13:06:40"},{"nodeID":"1307905","text":"Joanna: AudienceMember 20220407QT13: It's not necessarily that people don't want to help","type":"L","timestamp":"2023-11-09 13:06:40"},{"nodeID":"1307906","text":"AudienceMember 20220407QT14: one thing that we could definitely do is accept more Ukrainian refugees","type":"L","timestamp":"2023-11-09 13:06:41"},{"nodeID":"1307907","text":"Joanna: AudienceMember 20220407QT14: one thing that we could definitely do is accept more Ukrainian refugees","type":"L","timestamp":"2023-11-09 13:06:41"},{"nodeID":"1307908","text":"AudienceMember 20220407QT14: That's a way without Boris going in, guns blazing","type":"L","timestamp":"2023-11-09 13:06:42"},{"nodeID":"1307909","text":"Joanna: AudienceMember 20220407QT14: That's a way without Boris going in, guns blazing","type":"L","timestamp":"2023-11-09 13:06:42"},{"nodeID":"1307910","text":"Analysing","type":"YA","timestamp":"2023-11-09 13:06:42"},{"nodeID":"1307911","text":"Asserting","type":"YA","timestamp":"2023-11-09 13:06:42"},{"nodeID":"1307912","text":"Analysing","type":"YA","timestamp":"2023-11-09 13:06:42"},{"nodeID":"1307913","text":"Default Transition","type":"TA","timestamp":"2023-11-09 13:06:42"},{"nodeID":"1307914","text":"Asserting","type":"YA","timestamp":"2023-11-09 13:06:42"},{"nodeID":"1307915","text":"Analysing","type":"YA","timestamp":"2023-11-09 13:06:42"},{"nodeID":"1307916","text":"Asserting","type":"YA","timestamp":"2023-11-09 13:06:42"},{"nodeID":"1307917","text":"Analysing","type":"YA","timestamp":"2023-11-09 13:06:42"},{"nodeID":"1307918","text":"Asserting","type":"YA","timestamp":"2023-11-09 13:06:42"},{"nodeID":"1307919","text":"Default Transition","type":"TA","timestamp":"2023-11-09 13:06:42"},{"nodeID":"1307920","text":"Default Transition","type":"TA","timestamp":"2023-11-09 13:06:42"},{"nodeID":"1307921","text":"Default Inference","type":"RA","timestamp":"2023-11-09 13:06:42"},{"nodeID":"1307922","text":"Default Transition","type":"TA","timestamp":"2023-11-09 13:06:42"},{"nodeID":"1307923","text":"Arguing","type":"YA","timestamp":"2023-11-09 13:06:42"},{"nodeID":"1307924","text":"Analysing","type":"YA","timestamp":"2023-11-09 13:06:42"},{"nodeID":"1307925","text":"Asserting","type":"YA","timestamp":"2023-11-09 13:06:42"},{"nodeID":"1307926","text":"Default Transition","type":"TA","timestamp":"2023-11-09 13:06:42"},{"nodeID":"1307927","text":"Analysing","type":"YA","timestamp":"2023-11-09 13:06:42"},{"nodeID":"1307928","text":"Asserting","type":"YA","timestamp":"2023-11-09 13:06:42"},{"nodeID":"1307929","text":"Default Transition","type":"TA","timestamp":"2023-11-09 13:06:42"},{"nodeID":"1307930","text":"Analysing","type":"YA","timestamp":"2023-11-09 13:06:42"},{"nodeID":"1307931","text":"Asserting","type":"YA","timestamp":"2023-11-09 13:06:42"},{"nodeID":"1307932","text":"Default Transition","type":"TA","timestamp":"2023-11-09 13:06:42"},{"nodeID":"1307933","text":"Analysing","type":"YA","timestamp":"2023-11-09 13:06:42"},{"nodeID":"1307934","text":"Asserting","type":"YA","timestamp":"2023-11-09 13:06:42"},{"nodeID":"1307935","text":"Default Transition","type":"TA","timestamp":"2023-11-09 13:06:42"},{"nodeID":"1307936","text":"Default Conflict","type":"CA","timestamp":"2023-11-09 13:06:42"},{"nodeID":"1307937","text":"Disagreeing","type":"YA","timestamp":"2023-11-09 13:06:42"},{"nodeID":"1307938","text":"Default Transition","type":"TA","timestamp":"2023-11-09 13:06:42"},{"nodeID":"1307939","text":"Default Inference","type":"RA","timestamp":"2023-11-09 13:06:42"},{"nodeID":"1307940","text":"Arguing","type":"YA","timestamp":"2023-11-09 13:06:42"},{"nodeID":"1307941","text":"Analysing","type":"YA","timestamp":"2023-11-09 13:06:42"},{"nodeID":"1307942","text":"Asserting","type":"YA","timestamp":"2023-11-09 13:06:42"},{"nodeID":"1307943","text":"Default Transition","type":"TA","timestamp":"2023-11-09 13:06:42"},{"nodeID":"1307944","text":"Default Inference","type":"RA","timestamp":"2023-11-09 13:06:42"},{"nodeID":"1307945","text":"Arguing","type":"YA","timestamp":"2023-11-09 13:06:42"},{"nodeID":"1307946","text":"Analysing","type":"YA","timestamp":"2023-11-09 13:06:42"},{"nodeID":"1307947","text":"Asserting","type":"YA","timestamp":"2023-11-09 13:06:42"},{"nodeID":"1307948","text":"Default Rephrase","type":"MA","timestamp":"2023-11-09 13:06:42"},{"nodeID":"1307949","text":"Default Transition","type":"TA","timestamp":"2023-11-09 13:06:42"},{"nodeID":"1307950","text":"Restating","type":"YA","timestamp":"2023-11-09 13:06:42"},{"nodeID":"1307951","text":"Analysing","type":"YA","timestamp":"2023-11-09 13:06:42"},{"nodeID":"1307952","text":"Asserting","type":"YA","timestamp":"2023-11-09 13:06:42"},{"nodeID":"1307953","text":"Default Transition","type":"TA","timestamp":"2023-11-09 13:06:42"},{"nodeID":"1307954","text":"Default Rephrase","type":"MA","timestamp":"2023-11-09 13:06:42"},{"nodeID":"1307955","text":"Restating","type":"YA","timestamp":"2023-11-09 13:06:42"},{"nodeID":"1307956","text":"Analysing","type":"YA","timestamp":"2023-11-09 13:06:42"},{"nodeID":"1307957","text":"Asserting","type":"YA","timestamp":"2023-11-09 13:06:42"},{"nodeID":"1307958","text":"Default Transition","type":"TA","timestamp":"2023-11-09 13:06:42"},{"nodeID":"1307959","text":"Default Inference","type":"RA","timestamp":"2023-11-09 13:06:42"},{"nodeID":"1307960","text":"Arguing","type":"YA","timestamp":"2023-11-09 13:06:42"},{"nodeID":"1307961","text":"Analysing","type":"YA","timestamp":"2023-11-09 13:06:42"},{"nodeID":"1307962","text":"Asserting","type":"YA","timestamp":"2023-11-09 13:06:42"},{"nodeID":"1307963","text":"Default Transition","type":"TA","timestamp":"2023-11-09 13:06:42"},{"nodeID":"1307964","text":"Default Rephrase","type":"MA","timestamp":"2023-11-09 13:06:42"},{"nodeID":"1307965","text":"Restating","type":"YA","timestamp":"2023-11-09 13:06:42"},{"nodeID":"1307966","text":"Analysing","type":"YA","timestamp":"2023-11-09 13:06:42"},{"nodeID":"1307967","text":"Asserting","type":"YA","timestamp":"2023-11-09 13:06:42"},{"nodeID":"1307968","text":"Default Transition","type":"TA","timestamp":"2023-11-09 13:06:42"},{"nodeID":"1307969","text":"Default Inference","type":"RA","timestamp":"2023-11-09 13:06:42"},{"nodeID":"1307970","text":"Arguing","type":"YA","timestamp":"2023-11-09 13:06:42"},{"nodeID":"1307971","text":"Analysing","type":"YA","timestamp":"2023-11-09 13:06:42"},{"nodeID":"1307972","text":"Asserting","type":"YA","timestamp":"2023-11-09 13:06:42"},{"nodeID":"1307973","text":"Default Rephrase","type":"MA","timestamp":"2023-11-09 13:06:42"},{"nodeID":"1307974","text":"Default Transition","type":"TA","timestamp":"2023-11-09 13:06:42"},{"nodeID":"1307975","text":"Restating","type":"YA","timestamp":"2023-11-09 13:06:42"},{"nodeID":"1307976","text":"Analysing","type":"YA","timestamp":"2023-11-09 13:06:42"},{"nodeID":"1307977","text":"Asserting","type":"YA","timestamp":"2023-11-09 13:06:42"},{"nodeID":"1307978","text":"Default Transition","type":"TA","timestamp":"2023-11-09 13:06:42"},{"nodeID":"1307979","text":"Default Rephrase","type":"MA","timestamp":"2023-11-09 13:06:42"},{"nodeID":"1307980","text":"Restating","type":"YA","timestamp":"2023-11-09 13:06:42"},{"nodeID":"1307981","text":"Analysing","type":"YA","timestamp":"2023-11-09 13:06:42"},{"nodeID":"1307982","text":"Pure Questioning","type":"YA","timestamp":"2023-11-09 13:06:42"},{"nodeID":"1307983","text":"Default Transition","type":"TA","timestamp":"2023-11-09 13:06:42"},{"nodeID":"1307984","text":"Analysing","type":"YA","timestamp":"2023-11-09 13:06:42"},{"nodeID":"1307985","text":"Asserting","type":"YA","timestamp":"2023-11-09 13:06:42"},{"nodeID":"1307986","text":"Default Transition","type":"TA","timestamp":"2023-11-09 13:06:42"},{"nodeID":"1307987","text":"Default Rephrase","type":"MA","timestamp":"2023-11-09 13:06:42"},{"nodeID":"1307988","text":"Default Illocuting","type":"YA","timestamp":"2023-11-09 13:06:42"},{"nodeID":"1307989","text":"Analysing","type":"YA","timestamp":"2023-11-09 13:06:42"},{"nodeID":"1307990","text":"Asserting","type":"YA","timestamp":"2023-11-09 13:06:42"},{"nodeID":"1307991","text":"Default Rephrase","type":"MA","timestamp":"2023-11-09 13:06:42"},{"nodeID":"1307992","text":"Default Transition","type":"TA","timestamp":"2023-11-09 13:06:42"},{"nodeID":"1307993","text":"Restating","type":"YA","timestamp":"2023-11-09 13:06:42"},{"nodeID":"1307994","text":"Default Rephrase","type":"MA","timestamp":"2023-11-09 13:06:42"},{"nodeID":"1307995","text":"Restating","type":"YA","timestamp":"2023-11-09 13:06:42"},{"nodeID":"1307996","text":"Default Inference","type":"RA","timestamp":"2023-11-09 13:06:42"},{"nodeID":"1307997","text":"Arguing","type":"YA","timestamp":"2023-11-09 13:06:42"},{"nodeID":"1307998","text":"Analysing","type":"YA","timestamp":"2023-11-09 13:06:42"},{"nodeID":"1307999","text":"Pure Questioning","type":"YA","timestamp":"2023-11-09 13:06:42"},{"nodeID":"1308000","text":"Analysing","type":"YA","timestamp":"2023-11-09 13:06:42"},{"nodeID":"1308001","text":"Asserting","type":"YA","timestamp":"2023-11-09 13:06:42"},{"nodeID":"1308002","text":"Default Transition","type":"TA","timestamp":"2023-11-09 13:06:42"},{"nodeID":"1308003","text":"Default Rephrase","type":"MA","timestamp":"2023-11-09 13:06:42"},{"nodeID":"1308004","text":"Default Illocuting","type":"YA","timestamp":"2023-11-09 13:06:42"},{"nodeID":"1308005","text":"Analysing","type":"YA","timestamp":"2023-11-09 13:06:42"},{"nodeID":"1308006","text":"Joanna: Fiona Bruce: Yes","type":"L","timestamp":"2023-11-09 13:06:42"},{"nodeID":"1308007","text":"Asserting","type":"YA","timestamp":"2023-11-09 13:06:42"},{"nodeID":"1308008","text":"Default Transition","type":"TA","timestamp":"2023-11-09 13:06:42"},{"nodeID":"1308009","text":"Default Inference","type":"RA","timestamp":"2023-11-09 13:06:42"},{"nodeID":"1308010","text":"Pure Challenging","type":"YA","timestamp":"2023-11-09 13:06:42"},{"nodeID":"1308011","text":"pure challenging? incentive to talk more?","type":"EN","timestamp":"2023-11-09 13:06:42"},{"nodeID":"1308012","text":"Analysing","type":"YA","timestamp":"2023-11-09 13:06:42"},{"nodeID":"1308013","text":"Asserting","type":"YA","timestamp":"2023-11-09 13:06:42"},{"nodeID":"1308014","text":"Default Transition","type":"TA","timestamp":"2023-11-09 13:06:42"},{"nodeID":"1308015","text":"Default Rephrase","type":"MA","timestamp":"2023-11-09 13:06:42"},{"nodeID":"1308016","text":"Default Transition","type":"TA","timestamp":"2023-11-09 13:06:42"},{"nodeID":"1308017","text":"Restating","type":"YA","timestamp":"2023-11-09 13:06:42"},{"nodeID":"1308018","text":"Analysing","type":"YA","timestamp":"2023-11-09 13:06:42"},{"nodeID":"1308019","text":"Asserting","type":"YA","timestamp":"2023-11-09 13:06:42"},{"nodeID":"1308020","text":"Default Transition","type":"TA","timestamp":"2023-11-09 13:06:42"},{"nodeID":"1308021","text":"Default Rephrase","type":"MA","timestamp":"2023-11-09 13:06:42"},{"nodeID":"1308022","text":"Restating","type":"YA","timestamp":"2023-11-09 13:06:42"},{"nodeID":"1308023","text":"Analysing","type":"YA","timestamp":"2023-11-09 13:06:42"},{"nodeID":"1308024","text":"Asserting","type":"YA","timestamp":"2023-11-09 13:06:42"},{"nodeID":"1308025","text":"Default Transition","type":"TA","timestamp":"2023-11-09 13:06:42"},{"nodeID":"1308026","text":"Default Inference","type":"RA","timestamp":"2023-11-09 13:06:42"},{"nodeID":"1308027","text":"Analysing","type":"YA","timestamp":"2023-11-09 13:06:42"},{"nodeID":"1308028","text":"Asserting","type":"YA","timestamp":"2023-11-09 13:06:42"},{"nodeID":"1308029","text":"Default Transition","type":"TA","timestamp":"2023-11-09 13:06:42"},{"nodeID":"1308030","text":"Analysing","type":"YA","timestamp":"2023-11-09 13:06:42"},{"nodeID":"1308031","text":"Asserting","type":"YA","timestamp":"2023-11-09 13:06:42"},{"nodeID":"1308032","text":"Default Transition","type":"TA","timestamp":"2023-11-09 13:06:42"},{"nodeID":"1308033","text":"Analysing","type":"YA","timestamp":"2023-11-09 13:06:42"},{"nodeID":"1308034","text":"Asserting","type":"YA","timestamp":"2023-11-09 13:06:42"},{"nodeID":"1308035","text":"Default Inference","type":"RA","timestamp":"2023-11-09 13:06:42"},{"nodeID":"1308036","text":"Arguing","type":"YA","timestamp":"2023-11-09 13:06:42"},{"nodeID":"1308037","text":"Default Transition","type":"TA","timestamp":"2023-11-09 13:06:42"}],"edges":[{"edgeID":"1717885","fromID":"1307910","toID":"1307856","formEdgeID":null},{"edgeID":"1717886","fromID":"1307857","toID":"1307910","formEdgeID":null},{"edgeID":"1717887","fromID":"1307856","toID":"1307911","formEdgeID":null},{"edgeID":"1717888","fromID":"1307911","toID":"1305755","formEdgeID":null},{"edgeID":"1717889","fromID":"1307912","toID":"1307858","formEdgeID":null},{"edgeID":"1717890","fromID":"1307859","toID":"1307912","formEdgeID":null},{"edgeID":"1717891","fromID":"1307856","toID":"1307913","formEdgeID":null},{"edgeID":"1717892","fromID":"1307913","toID":"1307858","formEdgeID":null},{"edgeID":"1717893","fromID":"1307858","toID":"1307914","formEdgeID":null},{"edgeID":"1717894","fromID":"1307914","toID":"1305755","formEdgeID":null},{"edgeID":"1717895","fromID":"1307915","toID":"1307860","formEdgeID":null},{"edgeID":"1717896","fromID":"1307861","toID":"1307915","formEdgeID":null},{"edgeID":"1717897","fromID":"1307860","toID":"1307916","formEdgeID":null},{"edgeID":"1717898","fromID":"1307916","toID":"1305765","formEdgeID":null},{"edgeID":"1717899","fromID":"1307917","toID":"1307862","formEdgeID":null},{"edgeID":"1717900","fromID":"1307863","toID":"1307917","formEdgeID":null},{"edgeID":"1717901","fromID":"1307862","toID":"1307918","formEdgeID":null},{"edgeID":"1717902","fromID":"1307918","toID":"1305770","formEdgeID":null},{"edgeID":"1717903","fromID":"1307858","toID":"1307919","formEdgeID":null},{"edgeID":"1717904","fromID":"1307919","toID":"1307860","formEdgeID":null},{"edgeID":"1717905","fromID":"1307856","toID":"1307920","formEdgeID":null},{"edgeID":"1717906","fromID":"1307920","toID":"1307860","formEdgeID":null},{"edgeID":"1717907","fromID":"1305770","toID":"1307921","formEdgeID":null},{"edgeID":"1717908","fromID":"1307921","toID":"1305765","formEdgeID":null},{"edgeID":"1717909","fromID":"1307860","toID":"1307922","formEdgeID":null},{"edgeID":"1717910","fromID":"1307922","toID":"1307862","formEdgeID":null},{"edgeID":"1717911","fromID":"1307922","toID":"1307923","formEdgeID":null},{"edgeID":"1717912","fromID":"1307923","toID":"1307921","formEdgeID":null},{"edgeID":"1717913","fromID":"1305755","toID":"1307921","formEdgeID":null},{"edgeID":"1717914","fromID":"1307924","toID":"1307864","formEdgeID":null},{"edgeID":"1717915","fromID":"1307865","toID":"1307924","formEdgeID":null},{"edgeID":"1717916","fromID":"1307864","toID":"1307925","formEdgeID":null},{"edgeID":"1717917","fromID":"1307925","toID":"1294241","formEdgeID":null},{"edgeID":"1717918","fromID":"1307862","toID":"1307926","formEdgeID":null},{"edgeID":"1717919","fromID":"1307926","toID":"1307864","formEdgeID":null},{"edgeID":"1717920","fromID":"1307927","toID":"1307866","formEdgeID":null},{"edgeID":"1717921","fromID":"1307867","toID":"1307927","formEdgeID":null},{"edgeID":"1717922","fromID":"1307866","toID":"1307928","formEdgeID":null},{"edgeID":"1717923","fromID":"1307928","toID":"1305785","formEdgeID":null},{"edgeID":"1717924","fromID":"1307864","toID":"1307929","formEdgeID":null},{"edgeID":"1717925","fromID":"1307929","toID":"1307866","formEdgeID":null},{"edgeID":"1717926","fromID":"1307930","toID":"1307868","formEdgeID":null},{"edgeID":"1717927","fromID":"1307869","toID":"1307930","formEdgeID":null},{"edgeID":"1717928","fromID":"1307868","toID":"1307931","formEdgeID":null},{"edgeID":"1717929","fromID":"1307931","toID":"1305791","formEdgeID":null},{"edgeID":"1717930","fromID":"1307866","toID":"1307932","formEdgeID":null},{"edgeID":"1717931","fromID":"1307932","toID":"1307868","formEdgeID":null},{"edgeID":"1717932","fromID":"1307933","toID":"1307870","formEdgeID":null},{"edgeID":"1717933","fromID":"1307871","toID":"1307933","formEdgeID":null},{"edgeID":"1717934","fromID":"1307870","toID":"1307934","formEdgeID":null},{"edgeID":"1717935","fromID":"1307934","toID":"1305797","formEdgeID":null},{"edgeID":"1717936","fromID":"1307868","toID":"1307935","formEdgeID":null},{"edgeID":"1717937","fromID":"1307935","toID":"1307870","formEdgeID":null},{"edgeID":"1717938","fromID":"1305797","toID":"1307936","formEdgeID":null},{"edgeID":"1717939","fromID":"1307936","toID":"1305791","formEdgeID":null},{"edgeID":"1717940","fromID":"1307935","toID":"1307937","formEdgeID":null},{"edgeID":"1717941","fromID":"1307937","toID":"1307936","formEdgeID":null},{"edgeID":"1717942","fromID":"1307866","toID":"1307938","formEdgeID":null},{"edgeID":"1717943","fromID":"1307938","toID":"1307870","formEdgeID":null},{"edgeID":"1717944","fromID":"1305785","toID":"1307939","formEdgeID":null},{"edgeID":"1717945","fromID":"1307939","toID":"1305797","formEdgeID":null},{"edgeID":"1717946","fromID":"1307938","toID":"1307940","formEdgeID":null},{"edgeID":"1717947","fromID":"1307940","toID":"1307939","formEdgeID":null},{"edgeID":"1717948","fromID":"1307941","toID":"1307872","formEdgeID":null},{"edgeID":"1717949","fromID":"1307873","toID":"1307941","formEdgeID":null},{"edgeID":"1717950","fromID":"1307872","toID":"1307942","formEdgeID":null},{"edgeID":"1717951","fromID":"1307942","toID":"1142549","formEdgeID":null},{"edgeID":"1717952","fromID":"1307870","toID":"1307943","formEdgeID":null},{"edgeID":"1717953","fromID":"1307943","toID":"1307872","formEdgeID":null},{"edgeID":"1717954","fromID":"1305797","toID":"1307944","formEdgeID":null},{"edgeID":"1717955","fromID":"1307944","toID":"1142549","formEdgeID":null},{"edgeID":"1717956","fromID":"1307943","toID":"1307945","formEdgeID":null},{"edgeID":"1717957","fromID":"1307945","toID":"1307944","formEdgeID":null},{"edgeID":"1717958","fromID":"1307946","toID":"1307874","formEdgeID":null},{"edgeID":"1717959","fromID":"1307875","toID":"1307946","formEdgeID":null},{"edgeID":"1717960","fromID":"1307874","toID":"1307947","formEdgeID":null},{"edgeID":"1717961","fromID":"1307947","toID":"1142558","formEdgeID":null},{"edgeID":"1717962","fromID":"1142558","toID":"1307948","formEdgeID":null},{"edgeID":"1717963","fromID":"1307948","toID":"1142549","formEdgeID":null},{"edgeID":"1717964","fromID":"1307872","toID":"1307949","formEdgeID":null},{"edgeID":"1717965","fromID":"1307949","toID":"1307874","formEdgeID":null},{"edgeID":"1717966","fromID":"1307949","toID":"1307950","formEdgeID":null},{"edgeID":"1717967","fromID":"1307950","toID":"1307948","formEdgeID":null},{"edgeID":"1717968","fromID":"1307951","toID":"1307876","formEdgeID":null},{"edgeID":"1717969","fromID":"1307877","toID":"1307951","formEdgeID":null},{"edgeID":"1717970","fromID":"1307876","toID":"1307952","formEdgeID":null},{"edgeID":"1717971","fromID":"1307952","toID":"1305822","formEdgeID":null},{"edgeID":"1717972","fromID":"1307874","toID":"1307953","formEdgeID":null},{"edgeID":"1717973","fromID":"1307953","toID":"1307876","formEdgeID":null},{"edgeID":"1717974","fromID":"1305822","toID":"1307954","formEdgeID":null},{"edgeID":"1717975","fromID":"1307954","toID":"1142558","formEdgeID":null},{"edgeID":"1717976","fromID":"1307953","toID":"1307955","formEdgeID":null},{"edgeID":"1717977","fromID":"1307955","toID":"1307954","formEdgeID":null},{"edgeID":"1717978","fromID":"1307956","toID":"1307878","formEdgeID":null},{"edgeID":"1717979","fromID":"1307879","toID":"1307956","formEdgeID":null},{"edgeID":"1717980","fromID":"1307878","toID":"1307957","formEdgeID":null},{"edgeID":"1717981","fromID":"1307957","toID":"1305830","formEdgeID":null},{"edgeID":"1717982","fromID":"1307874","toID":"1307958","formEdgeID":null},{"edgeID":"1717983","fromID":"1307958","toID":"1307878","formEdgeID":null},{"edgeID":"1717984","fromID":"1142558","toID":"1307959","formEdgeID":null},{"edgeID":"1717985","fromID":"1307959","toID":"1305830","formEdgeID":null},{"edgeID":"1717986","fromID":"1307958","toID":"1307960","formEdgeID":null},{"edgeID":"1717987","fromID":"1307960","toID":"1307959","formEdgeID":null},{"edgeID":"1717988","fromID":"1307961","toID":"1307880","formEdgeID":null},{"edgeID":"1717989","fromID":"1307881","toID":"1307961","formEdgeID":null},{"edgeID":"1717990","fromID":"1307880","toID":"1307962","formEdgeID":null},{"edgeID":"1717991","fromID":"1307962","toID":"1305838","formEdgeID":null},{"edgeID":"1717992","fromID":"1307878","toID":"1307963","formEdgeID":null},{"edgeID":"1717993","fromID":"1307963","toID":"1307880","formEdgeID":null},{"edgeID":"1717994","fromID":"1305838","toID":"1307964","formEdgeID":null},{"edgeID":"1717995","fromID":"1307964","toID":"1305830","formEdgeID":null},{"edgeID":"1717996","fromID":"1307963","toID":"1307965","formEdgeID":null},{"edgeID":"1717997","fromID":"1307965","toID":"1307964","formEdgeID":null},{"edgeID":"1717998","fromID":"1307966","toID":"1307882","formEdgeID":null},{"edgeID":"1717999","fromID":"1307883","toID":"1307966","formEdgeID":null},{"edgeID":"1718000","fromID":"1307882","toID":"1307967","formEdgeID":null},{"edgeID":"1718001","fromID":"1307967","toID":"1142582","formEdgeID":null},{"edgeID":"1718002","fromID":"1307880","toID":"1307968","formEdgeID":null},{"edgeID":"1718003","fromID":"1307968","toID":"1307882","formEdgeID":null},{"edgeID":"1718004","fromID":"1305838","toID":"1307969","formEdgeID":null},{"edgeID":"1718005","fromID":"1307969","toID":"1142582","formEdgeID":null},{"edgeID":"1718006","fromID":"1307968","toID":"1307970","formEdgeID":null},{"edgeID":"1718007","fromID":"1307970","toID":"1307969","formEdgeID":null},{"edgeID":"1718008","fromID":"1307971","toID":"1307884","formEdgeID":null},{"edgeID":"1718009","fromID":"1307885","toID":"1307971","formEdgeID":null},{"edgeID":"1718010","fromID":"1307884","toID":"1307972","formEdgeID":null},{"edgeID":"1718011","fromID":"1307972","toID":"1142597","formEdgeID":null},{"edgeID":"1718012","fromID":"1142597","toID":"1307973","formEdgeID":null},{"edgeID":"1718013","fromID":"1307973","toID":"1142582","formEdgeID":null},{"edgeID":"1718014","fromID":"1307882","toID":"1307974","formEdgeID":null},{"edgeID":"1718015","fromID":"1307974","toID":"1307884","formEdgeID":null},{"edgeID":"1718016","fromID":"1307974","toID":"1307975","formEdgeID":null},{"edgeID":"1718017","fromID":"1307975","toID":"1307973","formEdgeID":null},{"edgeID":"1718018","fromID":"1307976","toID":"1307886","formEdgeID":null},{"edgeID":"1718019","fromID":"1307887","toID":"1307976","formEdgeID":null},{"edgeID":"1718020","fromID":"1307886","toID":"1307977","formEdgeID":null},{"edgeID":"1718021","fromID":"1307977","toID":"1142605","formEdgeID":null},{"edgeID":"1718022","fromID":"1307884","toID":"1307978","formEdgeID":null},{"edgeID":"1718023","fromID":"1307978","toID":"1307886","formEdgeID":null},{"edgeID":"1718024","fromID":"1142605","toID":"1307979","formEdgeID":null},{"edgeID":"1718025","fromID":"1307979","toID":"1142597","formEdgeID":null},{"edgeID":"1718026","fromID":"1307978","toID":"1307980","formEdgeID":null},{"edgeID":"1718027","fromID":"1307980","toID":"1307979","formEdgeID":null},{"edgeID":"1718028","fromID":"1307981","toID":"1307888","formEdgeID":null},{"edgeID":"1718029","fromID":"1307889","toID":"1307981","formEdgeID":null},{"edgeID":"1718030","fromID":"1307888","toID":"1307982","formEdgeID":null},{"edgeID":"1718031","fromID":"1307982","toID":"1305867","formEdgeID":null},{"edgeID":"1718032","fromID":"1307886","toID":"1307983","formEdgeID":null},{"edgeID":"1718033","fromID":"1307983","toID":"1307888","formEdgeID":null},{"edgeID":"1718034","fromID":"1307984","toID":"1307890","formEdgeID":null},{"edgeID":"1718035","fromID":"1307891","toID":"1307984","formEdgeID":null},{"edgeID":"1718036","fromID":"1307890","toID":"1307985","formEdgeID":null},{"edgeID":"1718037","fromID":"1307985","toID":"1305873","formEdgeID":null},{"edgeID":"1718038","fromID":"1307888","toID":"1307986","formEdgeID":null},{"edgeID":"1718039","fromID":"1307986","toID":"1307890","formEdgeID":null},{"edgeID":"1718040","fromID":"1305873","toID":"1307987","formEdgeID":null},{"edgeID":"1718041","fromID":"1307987","toID":"1305867","formEdgeID":null},{"edgeID":"1718042","fromID":"1307986","toID":"1307988","formEdgeID":null},{"edgeID":"1718043","fromID":"1307988","toID":"1307987","formEdgeID":null},{"edgeID":"1718044","fromID":"1307989","toID":"1307892","formEdgeID":null},{"edgeID":"1718045","fromID":"1307893","toID":"1307989","formEdgeID":null},{"edgeID":"1718046","fromID":"1307892","toID":"1307990","formEdgeID":null},{"edgeID":"1718047","fromID":"1307990","toID":"1305881","formEdgeID":null},{"edgeID":"1718048","fromID":"1305881","toID":"1307991","formEdgeID":null},{"edgeID":"1718049","fromID":"1307991","toID":"1305873","formEdgeID":null},{"edgeID":"1718050","fromID":"1307890","toID":"1307992","formEdgeID":null},{"edgeID":"1718051","fromID":"1307992","toID":"1307892","formEdgeID":null},{"edgeID":"1718052","fromID":"1307992","toID":"1307993","formEdgeID":null},{"edgeID":"1718053","fromID":"1307993","toID":"1307991","formEdgeID":null},{"edgeID":"1718054","fromID":"1305867","toID":"1307994","formEdgeID":null},{"edgeID":"1718055","fromID":"1307994","toID":"1142605","formEdgeID":null},{"edgeID":"1718056","fromID":"1307983","toID":"1307995","formEdgeID":null},{"edgeID":"1718057","fromID":"1307995","toID":"1307994","formEdgeID":null},{"edgeID":"1718058","fromID":"1294241","toID":"1307996","formEdgeID":null},{"edgeID":"1718059","fromID":"1307996","toID":"1305785","formEdgeID":null},{"edgeID":"1718060","fromID":"1307929","toID":"1307997","formEdgeID":null},{"edgeID":"1718061","fromID":"1307997","toID":"1307996","formEdgeID":null}],"locutions":[]}