{"nodes":[{"nodeID":"1304210","text":"we urgently need to reduce energy bills and limit climate change","type":"I","timestamp":"2023-11-09 13:01:25"},{"nodeID":"1304211","text":"June Sharp: We urgently need to reduce energy bills and limit climate change","type":"L","timestamp":"2023-11-09 13:01:25"},{"nodeID":"1304212","text":"Analysing","type":"YA","timestamp":"2023-11-09 13:01:25"},{"nodeID":"1304213","text":"Ella: June Sharp: We urgently need to reduce energy bills and limit climate change","type":"L","timestamp":"2023-11-09 13:01:25"},{"nodeID":"1304214","text":"Asserting","type":"YA","timestamp":"2023-11-09 13:01:25"},{"nodeID":"1304215","text":"the Government's energy strategy is or is not too little too late","type":"I","timestamp":"2023-11-09 13:01:25"},{"nodeID":"1304216","text":"June Sharp: Is the Government's energy strategy too little too late","type":"L","timestamp":"2023-11-09 13:01:25"},{"nodeID":"1304217","text":"Analysing","type":"YA","timestamp":"2023-11-09 13:01:25"},{"nodeID":"1304218","text":"Ella: June Sharp: Is the Government's energy strategy too little too late","type":"L","timestamp":"2023-11-09 13:01:25"},{"nodeID":"1304219","text":"Asserting","type":"YA","timestamp":"2023-11-09 13:01:25"},{"nodeID":"1304220","text":"Default Transition","type":"TA","timestamp":"2023-11-09 13:01:25"},{"nodeID":"1304221","text":"Default Inference","type":"RA","timestamp":"2023-11-09 13:01:25"},{"nodeID":"1304222","text":"yes the Government's energy strategy is too little too late","type":"I","timestamp":"2023-11-09 13:01:26"},{"nodeID":"1304223","text":"Emily Thornberry: Well, yeah","type":"L","timestamp":"2023-11-09 13:01:26"},{"nodeID":"1304224","text":"Analysing","type":"YA","timestamp":"2023-11-09 13:01:26"},{"nodeID":"1304225","text":"Ella: Emily Thornberry: Well, yeah","type":"L","timestamp":"2023-11-09 13:01:26"},{"nodeID":"1304226","text":"Asserting","type":"YA","timestamp":"2023-11-09 13:01:26"},{"nodeID":"1304227","text":"Default Transition","type":"TA","timestamp":"2023-11-09 13:01:26"},{"nodeID":"1304228","text":"Greg Hands and Emily Thornberry could kind of perform this dance","type":"I","timestamp":"2023-11-09 13:01:27"},{"nodeID":"1304229","text":"Emily Thornberry: what I could do is, and Greg and I could kind of perform this dance","type":"L","timestamp":"2023-11-09 13:01:27"},{"nodeID":"1304230","text":"Analysing","type":"YA","timestamp":"2023-11-09 13:01:27"},{"nodeID":"1304231","text":"Ella: Emily Thornberry: what I could do is, and Greg and I could kind of perform this dance","type":"L","timestamp":"2023-11-09 13:01:27"},{"nodeID":"1304232","text":"Asserting","type":"YA","timestamp":"2023-11-09 13:01:27"},{"nodeID":"1304233","text":"Default Conflict","type":"CA","timestamp":"2023-11-09 13:01:27"},{"nodeID":"1304234","text":"Default Transition","type":"TA","timestamp":"2023-11-09 13:01:27"},{"nodeID":"1304235","text":"Disagreeing","type":"YA","timestamp":"2023-11-09 13:01:27"},{"nodeID":"1304236","text":"Greg Hands could say to Emily Thornberry that we weren't sufficiently in favour of nuclear early enough","type":"I","timestamp":"2023-11-09 13:01:27"},{"nodeID":"1304237","text":"Emily Thornberry: he could say to me that, I don't know, that we weren't sufficiently in favour of nuclear early enough","type":"L","timestamp":"2023-11-09 13:01:27"},{"nodeID":"1304238","text":"Analysing","type":"YA","timestamp":"2023-11-09 13:01:27"},{"nodeID":"1304239","text":"Ella: Emily Thornberry: he could say to me that, I don't know, that we weren't sufficiently in favour of nuclear early enough","type":"L","timestamp":"2023-11-09 13:01:27"},{"nodeID":"1304240","text":"Asserting","type":"YA","timestamp":"2023-11-09 13:01:27"},{"nodeID":"1304241","text":"Default Rephrase","type":"MA","timestamp":"2023-11-09 13:01:27"},{"nodeID":"1304242","text":"Default Transition","type":"TA","timestamp":"2023-11-09 13:01:27"},{"nodeID":"1304243","text":"Restating","type":"YA","timestamp":"2023-11-09 13:01:27"},{"nodeID":"1304244","text":"in 1997 we weren't in favour of nuclear","type":"I","timestamp":"2023-11-09 13:01:28"},{"nodeID":"1304245","text":"Emily Thornberry: 97 we weren't in favour","type":"L","timestamp":"2023-11-09 13:01:28"},{"nodeID":"1304246","text":"Analysing","type":"YA","timestamp":"2023-11-09 13:01:28"},{"nodeID":"1304247","text":"Ella: Emily Thornberry: 97 we weren't in favour","type":"L","timestamp":"2023-11-09 13:01:28"},{"nodeID":"1304248","text":"Asserting","type":"YA","timestamp":"2023-11-09 13:01:28"},{"nodeID":"1304249","text":"Default Rephrase","type":"MA","timestamp":"2023-11-09 13:01:28"},{"nodeID":"1304250","text":"Default Transition","type":"TA","timestamp":"2023-11-09 13:01:28"},{"nodeID":"1304251","text":"Restating","type":"YA","timestamp":"2023-11-09 13:01:28"},{"nodeID":"1304252","text":"we were in favour of nuclear by 2005","type":"I","timestamp":"2023-11-09 13:01:28"},{"nodeID":"1304253","text":"Emily Thornberry: we were by 2005","type":"L","timestamp":"2023-11-09 13:01:28"},{"nodeID":"1304254","text":"Analysing","type":"YA","timestamp":"2023-11-09 13:01:28"},{"nodeID":"1304255","text":"Ella: Emily Thornberry: we were by 2005","type":"L","timestamp":"2023-11-09 13:01:28"},{"nodeID":"1304256","text":"Asserting","type":"YA","timestamp":"2023-11-09 13:01:28"},{"nodeID":"1304257","text":"Default Rephrase","type":"MA","timestamp":"2023-11-09 13:01:28"},{"nodeID":"1304258","text":"Default Transition","type":"TA","timestamp":"2023-11-09 13:01:28"},{"nodeID":"1304259","text":"Restating","type":"YA","timestamp":"2023-11-09 13:01:28"},{"nodeID":"1304260","text":"Greg Hands cut the subsidies when it came to onshore wind and solar","type":"I","timestamp":"2023-11-09 13:01:29"},{"nodeID":"1304261","text":"Emily Thornberry: you cut the subsidies when it came to onshore wind and solar","type":"L","timestamp":"2023-11-09 13:01:29"},{"nodeID":"1304262","text":"Analysing","type":"YA","timestamp":"2023-11-09 13:01:29"},{"nodeID":"1304263","text":"Ella: Emily Thornberry: you cut the subsidies when it came to onshore wind and solar","type":"L","timestamp":"2023-11-09 13:01:29"},{"nodeID":"1304264","text":"Asserting","type":"YA","timestamp":"2023-11-09 13:01:29"},{"nodeID":"1304265","text":"Default Rephrase","type":"MA","timestamp":"2023-11-09 13:01:29"},{"nodeID":"1304266","text":"Default Conflict","type":"CA","timestamp":"2023-11-09 13:01:29"},{"nodeID":"1304267","text":"Default Transition","type":"TA","timestamp":"2023-11-09 13:01:29"},{"nodeID":"1304268","text":"Default Transition","type":"TA","timestamp":"2023-11-09 13:01:29"},{"nodeID":"1304269","text":"Disagreeing","type":"YA","timestamp":"2023-11-09 13:01:29"},{"nodeID":"1304270","text":"Restating","type":"YA","timestamp":"2023-11-09 13:01:29"},{"nodeID":"1304271","text":"Greg Hands should have done more","type":"I","timestamp":"2023-11-09 13:01:30"},{"nodeID":"1304272","text":"Emily Thornberry: you should have done more","type":"L","timestamp":"2023-11-09 13:01:30"},{"nodeID":"1304273","text":"Analysing","type":"YA","timestamp":"2023-11-09 13:01:30"},{"nodeID":"1304274","text":"Ella: Emily Thornberry: you should have done more","type":"L","timestamp":"2023-11-09 13:01:30"},{"nodeID":"1304275","text":"Asserting","type":"YA","timestamp":"2023-11-09 13:01:30"},{"nodeID":"1304276","text":"Default Rephrase","type":"MA","timestamp":"2023-11-09 13:01:30"},{"nodeID":"1304277","text":"Default Transition","type":"TA","timestamp":"2023-11-09 13:01:30"},{"nodeID":"1304278","text":"Restating","type":"YA","timestamp":"2023-11-09 13:01:30"},{"nodeID":"1304279","text":"Default Rephrase","type":"MA","timestamp":"2023-11-09 13:01:30"},{"nodeID":"1304280","text":"Default Illocuting","type":"YA","timestamp":"2023-11-09 13:01:30"},{"nodeID":"1304281","text":"Arguing","type":"YA","timestamp":"2023-11-09 13:01:30"}],"edges":[{"edgeID":"1713589","fromID":"1304212","toID":"1304211","formEdgeID":null},{"edgeID":"1713590","fromID":"1304213","toID":"1304212","formEdgeID":null},{"edgeID":"1713591","fromID":"1304211","toID":"1304214","formEdgeID":null},{"edgeID":"1713592","fromID":"1304214","toID":"1304210","formEdgeID":null},{"edgeID":"1713593","fromID":"1304217","toID":"1304216","formEdgeID":null},{"edgeID":"1713594","fromID":"1304218","toID":"1304217","formEdgeID":null},{"edgeID":"1713595","fromID":"1304216","toID":"1304219","formEdgeID":null},{"edgeID":"1713596","fromID":"1304219","toID":"1304215","formEdgeID":null},{"edgeID":"1713597","fromID":"1304211","toID":"1304220","formEdgeID":null},{"edgeID":"1713598","fromID":"1304220","toID":"1304216","formEdgeID":null},{"edgeID":"1713599","fromID":"1304210","toID":"1304221","formEdgeID":null},{"edgeID":"1713600","fromID":"1304221","toID":"1304215","formEdgeID":null},{"edgeID":"1713601","fromID":"1304224","toID":"1304223","formEdgeID":null},{"edgeID":"1713602","fromID":"1304225","toID":"1304224","formEdgeID":null},{"edgeID":"1713603","fromID":"1304223","toID":"1304226","formEdgeID":null},{"edgeID":"1713604","fromID":"1304226","toID":"1304222","formEdgeID":null},{"edgeID":"1713605","fromID":"1304216","toID":"1304227","formEdgeID":null},{"edgeID":"1713606","fromID":"1304227","toID":"1304223","formEdgeID":null},{"edgeID":"1713607","fromID":"1304230","toID":"1304229","formEdgeID":null},{"edgeID":"1713608","fromID":"1304231","toID":"1304230","formEdgeID":null},{"edgeID":"1713609","fromID":"1304229","toID":"1304232","formEdgeID":null},{"edgeID":"1713610","fromID":"1304232","toID":"1304228","formEdgeID":null},{"edgeID":"1713611","fromID":"1304228","toID":"1304233","formEdgeID":null},{"edgeID":"1713612","fromID":"1304233","toID":"1304222","formEdgeID":null},{"edgeID":"1713613","fromID":"1304223","toID":"1304234","formEdgeID":null},{"edgeID":"1713614","fromID":"1304234","toID":"1304229","formEdgeID":null},{"edgeID":"1713615","fromID":"1304234","toID":"1304235","formEdgeID":null},{"edgeID":"1713616","fromID":"1304235","toID":"1304233","formEdgeID":null},{"edgeID":"1713617","fromID":"1304238","toID":"1304237","formEdgeID":null},{"edgeID":"1713618","fromID":"1304239","toID":"1304238","formEdgeID":null},{"edgeID":"1713619","fromID":"1304237","toID":"1304240","formEdgeID":null},{"edgeID":"1713620","fromID":"1304240","toID":"1304236","formEdgeID":null},{"edgeID":"1713621","fromID":"1304236","toID":"1304241","formEdgeID":null},{"edgeID":"1713622","fromID":"1304241","toID":"1304228","formEdgeID":null},{"edgeID":"1713623","fromID":"1304229","toID":"1304242","formEdgeID":null},{"edgeID":"1713624","fromID":"1304242","toID":"1304237","formEdgeID":null},{"edgeID":"1713625","fromID":"1304242","toID":"1304243","formEdgeID":null},{"edgeID":"1713626","fromID":"1304243","toID":"1304241","formEdgeID":null},{"edgeID":"1713627","fromID":"1304246","toID":"1304245","formEdgeID":null},{"edgeID":"1713628","fromID":"1304247","toID":"1304246","formEdgeID":null},{"edgeID":"1713629","fromID":"1304245","toID":"1304248","formEdgeID":null},{"edgeID":"1713630","fromID":"1304248","toID":"1304244","formEdgeID":null},{"edgeID":"1713631","fromID":"1304244","toID":"1304249","formEdgeID":null},{"edgeID":"1713632","fromID":"1304249","toID":"1304236","formEdgeID":null},{"edgeID":"1713633","fromID":"1304237","toID":"1304250","formEdgeID":null},{"edgeID":"1713634","fromID":"1304250","toID":"1304245","formEdgeID":null},{"edgeID":"1713635","fromID":"1304250","toID":"1304251","formEdgeID":null},{"edgeID":"1713636","fromID":"1304251","toID":"1304249","formEdgeID":null},{"edgeID":"1713637","fromID":"1304254","toID":"1304253","formEdgeID":null},{"edgeID":"1713638","fromID":"1304255","toID":"1304254","formEdgeID":null},{"edgeID":"1713639","fromID":"1304253","toID":"1304256","formEdgeID":null},{"edgeID":"1713640","fromID":"1304256","toID":"1304252","formEdgeID":null},{"edgeID":"1713641","fromID":"1304252","toID":"1304257","formEdgeID":null},{"edgeID":"1713642","fromID":"1304257","toID":"1304244","formEdgeID":null},{"edgeID":"1713643","fromID":"1304245","toID":"1304258","formEdgeID":null},{"edgeID":"1713644","fromID":"1304258","toID":"1304253","formEdgeID":null},{"edgeID":"1713645","fromID":"1304258","toID":"1304259","formEdgeID":null},{"edgeID":"1713646","fromID":"1304259","toID":"1304257","formEdgeID":null},{"edgeID":"1713647","fromID":"1304262","toID":"1304261","formEdgeID":null},{"edgeID":"1713648","fromID":"1304263","toID":"1304262","formEdgeID":null},{"edgeID":"1713649","fromID":"1304261","toID":"1304264","formEdgeID":null},{"edgeID":"1713650","fromID":"1304264","toID":"1304260","formEdgeID":null},{"edgeID":"1713651","fromID":"1304260","toID":"1304265","formEdgeID":null},{"edgeID":"1713652","fromID":"1304265","toID":"1304228","formEdgeID":null},{"edgeID":"1713653","fromID":"1304260","toID":"1304266","formEdgeID":null},{"edgeID":"1713654","fromID":"1304266","toID":"1304236","formEdgeID":null},{"edgeID":"1713655","fromID":"1304237","toID":"1304267","formEdgeID":null},{"edgeID":"1713656","fromID":"1304267","toID":"1304261","formEdgeID":null},{"edgeID":"1713657","fromID":"1304229","toID":"1304268","formEdgeID":null},{"edgeID":"1713658","fromID":"1304268","toID":"1304261","formEdgeID":null},{"edgeID":"1713659","fromID":"1304267","toID":"1304269","formEdgeID":null},{"edgeID":"1713660","fromID":"1304269","toID":"1304266","formEdgeID":null},{"edgeID":"1713661","fromID":"1304268","toID":"1304270","formEdgeID":null},{"edgeID":"1713662","fromID":"1304270","toID":"1304265","formEdgeID":null},{"edgeID":"1713663","fromID":"1304273","toID":"1304272","formEdgeID":null},{"edgeID":"1713664","fromID":"1304274","toID":"1304273","formEdgeID":null},{"edgeID":"1713665","fromID":"1304272","toID":"1304275","formEdgeID":null},{"edgeID":"1713666","fromID":"1304275","toID":"1304271","formEdgeID":null},{"edgeID":"1713667","fromID":"1304271","toID":"1304276","formEdgeID":null},{"edgeID":"1713668","fromID":"1304276","toID":"1304260","formEdgeID":null},{"edgeID":"1713669","fromID":"1304261","toID":"1304277","formEdgeID":null},{"edgeID":"1713670","fromID":"1304277","toID":"1304272","formEdgeID":null},{"edgeID":"1713671","fromID":"1304277","toID":"1304278","formEdgeID":null},{"edgeID":"1713672","fromID":"1304278","toID":"1304276","formEdgeID":null},{"edgeID":"1713673","fromID":"1304222","toID":"1304279","formEdgeID":null},{"edgeID":"1713674","fromID":"1304279","toID":"1304215","formEdgeID":null},{"edgeID":"1713675","fromID":"1304227","toID":"1304280","formEdgeID":null},{"edgeID":"1713676","fromID":"1304280","toID":"1304279","formEdgeID":null},{"edgeID":"1713677","fromID":"1304220","toID":"1304281","formEdgeID":null},{"edgeID":"1713678","fromID":"1304281","toID":"1304221","formEdgeID":null}],"locutions":[]}