{"nodes":[{"nodeID":"1305680","text":"the way nuclear works in this country is that nuclear power plants will be in places where they will be desired by local people","type":"I","timestamp":"2023-11-09 13:03:26"},{"nodeID":"1305681","text":"Greg Hands: the way nuclear works in this country is that nuclear power plants will be in places where they will be desired by local people","type":"L","timestamp":"2023-11-09 13:03:26"},{"nodeID":"1305682","text":"Analysing","type":"YA","timestamp":"2023-11-09 13:03:26"},{"nodeID":"1305683","text":"Anon: Greg Hands: the way nuclear works in this country is that nuclear power plants will be in places where they will be desired by local people","type":"L","timestamp":"2023-11-09 13:03:26"},{"nodeID":"1305684","text":"Asserting","type":"YA","timestamp":"2023-11-09 13:03:26"},{"nodeID":"1305685","text":"places where local people desire power plants have had nuclear power plants before","type":"I","timestamp":"2023-11-09 13:03:27"},{"nodeID":"1305686","text":"Greg Hands: they're typically the place that have had nuclear power plants before","type":"L","timestamp":"2023-11-09 13:03:27"},{"nodeID":"1305687","text":"Analysing","type":"YA","timestamp":"2023-11-09 13:03:27"},{"nodeID":"1305688","text":"Anon: Greg Hands: they're typically the place that have had nuclear power plants before","type":"L","timestamp":"2023-11-09 13:03:27"},{"nodeID":"1305689","text":"Asserting","type":"YA","timestamp":"2023-11-09 13:03:27"},{"nodeID":"1305690","text":"Default Transition","type":"TA","timestamp":"2023-11-09 13:03:27"},{"nodeID":"1305691","text":"Default Inference","type":"RA","timestamp":"2023-11-09 13:03:27"},{"nodeID":"1305692","text":"Arguing","type":"YA","timestamp":"2023-11-09 13:03:27"},{"nodeID":"1305693","text":"the announcements today of the eight sites, for example, Wylfa, for example, Hartlepool, these are all places with a long nuclear tradition, sometimes going back to the 1950s","type":"I","timestamp":"2023-11-09 13:03:28"},{"nodeID":"1305694","text":"Greg Hands: the announcements today of the eight sites, for example, Wylfa, for example, Hartlepool, these are all places with a long nuclear tradition, sometimes going back to the 1950s","type":"L","timestamp":"2023-11-09 13:03:28"},{"nodeID":"1305695","text":"Analysing","type":"YA","timestamp":"2023-11-09 13:03:28"},{"nodeID":"1305696","text":"Anon: Greg Hands: the announcements today of the eight sites, for example, Wylfa, for example, Hartlepool, these are all places with a long nuclear tradition, sometimes going back to the 1950s","type":"L","timestamp":"2023-11-09 13:03:28"},{"nodeID":"1305697","text":"Asserting","type":"YA","timestamp":"2023-11-09 13:03:28"},{"nodeID":"1305698","text":"Default Transition","type":"TA","timestamp":"2023-11-09 13:03:28"},{"nodeID":"1305699","text":"Default Inference","type":"RA","timestamp":"2023-11-09 13:03:28"},{"nodeID":"1305700","text":"Arguing","type":"YA","timestamp":"2023-11-09 13:03:28"},{"nodeID":"1305701","text":"there are areas with strong popular support for nuclear power in those places of the eight sites","type":"I","timestamp":"2023-11-09 13:03:28"},{"nodeID":"1305702","text":"Greg Hands: There are areas with strong popular support for nuclear power in those places","type":"L","timestamp":"2023-11-09 13:03:28"},{"nodeID":"1305703","text":"Analysing","type":"YA","timestamp":"2023-11-09 13:03:28"},{"nodeID":"1305704","text":"Anon: Greg Hands: There are areas with strong popular support for nuclear power in those places","type":"L","timestamp":"2023-11-09 13:03:28"},{"nodeID":"1305705","text":"Asserting","type":"YA","timestamp":"2023-11-09 13:03:28"},{"nodeID":"1305706","text":"Default Transition","type":"TA","timestamp":"2023-11-09 13:03:28"},{"nodeID":"1305707","text":"Default Rephrase","type":"MA","timestamp":"2023-11-09 13:03:28"},{"nodeID":"1305708","text":"Restating","type":"YA","timestamp":"2023-11-09 13:03:28"},{"nodeID":"1305709","text":"climate change and action on the climate, going back to the IPCC report on Monday, it goes hand in hand with increasing and enhancing our energy security","type":"I","timestamp":"2023-11-09 13:03:29"},{"nodeID":"1305710","text":"Greg Hands: climate change and action on the climate, going back to the IPCC report on Monday, it goes hand in hand with increasing and enhancing our energy security","type":"L","timestamp":"2023-11-09 13:03:29"},{"nodeID":"1305711","text":"Analysing","type":"YA","timestamp":"2023-11-09 13:03:29"},{"nodeID":"1305712","text":"Anon: Greg Hands: climate change and action on the climate, going back to the IPCC report on Monday, it goes hand in hand with increasing and enhancing our energy security","type":"L","timestamp":"2023-11-09 13:03:29"},{"nodeID":"1305713","text":"Asserting","type":"YA","timestamp":"2023-11-09 13:03:29"},{"nodeID":"1305714","text":"Default Transition","type":"TA","timestamp":"2023-11-09 13:03:29"},{"nodeID":"1305715","text":"we need energy that is homegrown and home blown","type":"I","timestamp":"2023-11-09 13:03:29"},{"nodeID":"1305716","text":"Greg Hands: We need energy that is homegrown and home blown","type":"L","timestamp":"2023-11-09 13:03:29"},{"nodeID":"1305717","text":"Analysing","type":"YA","timestamp":"2023-11-09 13:03:29"},{"nodeID":"1305718","text":"Anon: Greg Hands: We need energy that is homegrown and home blown","type":"L","timestamp":"2023-11-09 13:03:29"},{"nodeID":"1305719","text":"Asserting","type":"YA","timestamp":"2023-11-09 13:03:29"},{"nodeID":"1305720","text":"Default Transition","type":"TA","timestamp":"2023-11-09 13:03:29"},{"nodeID":"1305721","text":"Default Inference","type":"RA","timestamp":"2023-11-09 13:03:29"},{"nodeID":"1305722","text":"Arguing","type":"YA","timestamp":"2023-11-09 13:03:29"},{"nodeID":"1305723","text":"our offshore wind capacity, our onshore wind capacity, we've got more onshore wind than offshore wind","type":"I","timestamp":"2023-11-09 13:03:30"},{"nodeID":"1305724","text":"Greg Hands: Our offshore wind capacity, our onshore wind capacity, we've got more onshore wind than offshore wind","type":"L","timestamp":"2023-11-09 13:03:30"},{"nodeID":"1305725","text":"Analysing","type":"YA","timestamp":"2023-11-09 13:03:30"},{"nodeID":"1305726","text":"Anon: Greg Hands: Our offshore wind capacity, our onshore wind capacity, we've got more onshore wind than offshore wind","type":"L","timestamp":"2023-11-09 13:03:30"},{"nodeID":"1305727","text":"Asserting","type":"YA","timestamp":"2023-11-09 13:03:30"},{"nodeID":"1305728","text":"Default Transition","type":"TA","timestamp":"2023-11-09 13:03:30"},{"nodeID":"1305729","text":"Default Rephrase","type":"MA","timestamp":"2023-11-09 13:03:30"},{"nodeID":"1305730","text":"Restating","type":"YA","timestamp":"2023-11-09 13:03:30"},{"nodeID":"1305731","text":"we've got more solar energy","type":"I","timestamp":"2023-11-09 13:03:31"},{"nodeID":"1305732","text":"Greg Hands: We've got more solar","type":"L","timestamp":"2023-11-09 13:03:31"},{"nodeID":"1305733","text":"Analysing","type":"YA","timestamp":"2023-11-09 13:03:31"},{"nodeID":"1305734","text":"Anon: Greg Hands: We've got more solar","type":"L","timestamp":"2023-11-09 13:03:31"},{"nodeID":"1305735","text":"Asserting","type":"YA","timestamp":"2023-11-09 13:03:31"},{"nodeID":"1305736","text":"Default Transition","type":"TA","timestamp":"2023-11-09 13:03:31"},{"nodeID":"1305737","text":"Default Rephrase","type":"MA","timestamp":"2023-11-09 13:03:31"},{"nodeID":"1305738","text":"Restating","type":"YA","timestamp":"2023-11-09 13:03:31"},{"nodeID":"1305739","text":"we are producing this energy, pushing all of this through","type":"I","timestamp":"2023-11-09 13:03:31"},{"nodeID":"1305740","text":"Greg Hands: We are doing this, pushing all of this through","type":"L","timestamp":"2023-11-09 13:03:31"},{"nodeID":"1305741","text":"Analysing","type":"YA","timestamp":"2023-11-09 13:03:31"},{"nodeID":"1305742","text":"Anon: Greg Hands: We are doing this, pushing all of this through","type":"L","timestamp":"2023-11-09 13:03:31"},{"nodeID":"1305743","text":"Asserting","type":"YA","timestamp":"2023-11-09 13:03:31"},{"nodeID":"1305744","text":"Default Inference","type":"RA","timestamp":"2023-11-09 13:03:31"},{"nodeID":"1305745","text":"Default Transition","type":"TA","timestamp":"2023-11-09 13:03:31"},{"nodeID":"1305746","text":"Arguing","type":"YA","timestamp":"2023-11-09 13:03:31"},{"nodeID":"1305747","text":"today's energy security strategy will help to move that further in that same direction, of a low carbon energy secure future","type":"I","timestamp":"2023-11-09 13:03:32"},{"nodeID":"1305748","text":"Greg Hands: today's energy security strategy will help to move that further in that same direction, of a low carbon energy secure future","type":"L","timestamp":"2023-11-09 13:03:32"},{"nodeID":"1305749","text":"Analysing","type":"YA","timestamp":"2023-11-09 13:03:32"},{"nodeID":"1305750","text":"Anon: Greg Hands: today's energy security strategy will help to move that further in that same direction, of a low carbon energy secure future","type":"L","timestamp":"2023-11-09 13:03:32"},{"nodeID":"1305751","text":"Asserting","type":"YA","timestamp":"2023-11-09 13:03:32"},{"nodeID":"1305752","text":"Default Transition","type":"TA","timestamp":"2023-11-09 13:03:32"},{"nodeID":"1305753","text":"Default Rephrase","type":"MA","timestamp":"2023-11-09 13:03:32"},{"nodeID":"1305754","text":"Restating","type":"YA","timestamp":"2023-11-09 13:03:32"}],"edges":[{"edgeID":"1715300","fromID":"1305682","toID":"1305681","formEdgeID":null},{"edgeID":"1715301","fromID":"1305683","toID":"1305682","formEdgeID":null},{"edgeID":"1715302","fromID":"1305681","toID":"1305684","formEdgeID":null},{"edgeID":"1715303","fromID":"1305684","toID":"1305680","formEdgeID":null},{"edgeID":"1715304","fromID":"1305687","toID":"1305686","formEdgeID":null},{"edgeID":"1715305","fromID":"1305688","toID":"1305687","formEdgeID":null},{"edgeID":"1715306","fromID":"1305686","toID":"1305689","formEdgeID":null},{"edgeID":"1715307","fromID":"1305689","toID":"1305685","formEdgeID":null},{"edgeID":"1715308","fromID":"1305681","toID":"1305690","formEdgeID":null},{"edgeID":"1715309","fromID":"1305690","toID":"1305686","formEdgeID":null},{"edgeID":"1715310","fromID":"1305685","toID":"1305691","formEdgeID":null},{"edgeID":"1715311","fromID":"1305691","toID":"1305680","formEdgeID":null},{"edgeID":"1715312","fromID":"1305690","toID":"1305692","formEdgeID":null},{"edgeID":"1715313","fromID":"1305692","toID":"1305691","formEdgeID":null},{"edgeID":"1715314","fromID":"1305695","toID":"1305694","formEdgeID":null},{"edgeID":"1715315","fromID":"1305696","toID":"1305695","formEdgeID":null},{"edgeID":"1715316","fromID":"1305694","toID":"1305697","formEdgeID":null},{"edgeID":"1715317","fromID":"1305697","toID":"1305693","formEdgeID":null},{"edgeID":"1715318","fromID":"1305686","toID":"1305698","formEdgeID":null},{"edgeID":"1715319","fromID":"1305698","toID":"1305694","formEdgeID":null},{"edgeID":"1715320","fromID":"1305693","toID":"1305699","formEdgeID":null},{"edgeID":"1715321","fromID":"1305699","toID":"1305685","formEdgeID":null},{"edgeID":"1715322","fromID":"1305698","toID":"1305700","formEdgeID":null},{"edgeID":"1715323","fromID":"1305700","toID":"1305699","formEdgeID":null},{"edgeID":"1715324","fromID":"1305703","toID":"1305702","formEdgeID":null},{"edgeID":"1715325","fromID":"1305704","toID":"1305703","formEdgeID":null},{"edgeID":"1715326","fromID":"1305702","toID":"1305705","formEdgeID":null},{"edgeID":"1715327","fromID":"1305705","toID":"1305701","formEdgeID":null},{"edgeID":"1715328","fromID":"1305694","toID":"1305706","formEdgeID":null},{"edgeID":"1715329","fromID":"1305706","toID":"1305702","formEdgeID":null},{"edgeID":"1715330","fromID":"1305701","toID":"1305707","formEdgeID":null},{"edgeID":"1715331","fromID":"1305707","toID":"1305693","formEdgeID":null},{"edgeID":"1715332","fromID":"1305706","toID":"1305708","formEdgeID":null},{"edgeID":"1715333","fromID":"1305708","toID":"1305707","formEdgeID":null},{"edgeID":"1715334","fromID":"1305711","toID":"1305710","formEdgeID":null},{"edgeID":"1715335","fromID":"1305712","toID":"1305711","formEdgeID":null},{"edgeID":"1715336","fromID":"1305710","toID":"1305713","formEdgeID":null},{"edgeID":"1715337","fromID":"1305713","toID":"1305709","formEdgeID":null},{"edgeID":"1715338","fromID":"1305702","toID":"1305714","formEdgeID":null},{"edgeID":"1715339","fromID":"1305714","toID":"1305710","formEdgeID":null},{"edgeID":"1715340","fromID":"1305717","toID":"1305716","formEdgeID":null},{"edgeID":"1715341","fromID":"1305718","toID":"1305717","formEdgeID":null},{"edgeID":"1715342","fromID":"1305716","toID":"1305719","formEdgeID":null},{"edgeID":"1715343","fromID":"1305719","toID":"1305715","formEdgeID":null},{"edgeID":"1715344","fromID":"1305710","toID":"1305720","formEdgeID":null},{"edgeID":"1715345","fromID":"1305720","toID":"1305716","formEdgeID":null},{"edgeID":"1715346","fromID":"1305709","toID":"1305721","formEdgeID":null},{"edgeID":"1715347","fromID":"1305721","toID":"1305715","formEdgeID":null},{"edgeID":"1715348","fromID":"1305720","toID":"1305722","formEdgeID":null},{"edgeID":"1715349","fromID":"1305722","toID":"1305721","formEdgeID":null},{"edgeID":"1715350","fromID":"1305725","toID":"1305724","formEdgeID":null},{"edgeID":"1715351","fromID":"1305726","toID":"1305725","formEdgeID":null},{"edgeID":"1715352","fromID":"1305724","toID":"1305727","formEdgeID":null},{"edgeID":"1715353","fromID":"1305727","toID":"1305723","formEdgeID":null},{"edgeID":"1715354","fromID":"1305716","toID":"1305728","formEdgeID":null},{"edgeID":"1715355","fromID":"1305728","toID":"1305724","formEdgeID":null},{"edgeID":"1715356","fromID":"1305723","toID":"1305729","formEdgeID":null},{"edgeID":"1715357","fromID":"1305729","toID":"1305715","formEdgeID":null},{"edgeID":"1715358","fromID":"1305728","toID":"1305730","formEdgeID":null},{"edgeID":"1715359","fromID":"1305730","toID":"1305729","formEdgeID":null},{"edgeID":"1715360","fromID":"1305733","toID":"1305732","formEdgeID":null},{"edgeID":"1715361","fromID":"1305734","toID":"1305733","formEdgeID":null},{"edgeID":"1715362","fromID":"1305732","toID":"1305735","formEdgeID":null},{"edgeID":"1715363","fromID":"1305735","toID":"1305731","formEdgeID":null},{"edgeID":"1715364","fromID":"1305724","toID":"1305736","formEdgeID":null},{"edgeID":"1715365","fromID":"1305736","toID":"1305732","formEdgeID":null},{"edgeID":"1715366","fromID":"1305731","toID":"1305737","formEdgeID":null},{"edgeID":"1715367","fromID":"1305737","toID":"1305723","formEdgeID":null},{"edgeID":"1715368","fromID":"1305736","toID":"1305738","formEdgeID":null},{"edgeID":"1715369","fromID":"1305738","toID":"1305737","formEdgeID":null},{"edgeID":"1715370","fromID":"1305741","toID":"1305740","formEdgeID":null},{"edgeID":"1715371","fromID":"1305742","toID":"1305741","formEdgeID":null},{"edgeID":"1715372","fromID":"1305740","toID":"1305743","formEdgeID":null},{"edgeID":"1715373","fromID":"1305743","toID":"1305739","formEdgeID":null},{"edgeID":"1715374","fromID":"1305715","toID":"1305744","formEdgeID":null},{"edgeID":"1715375","fromID":"1305744","toID":"1305739","formEdgeID":null},{"edgeID":"1715376","fromID":"1305716","toID":"1305745","formEdgeID":null},{"edgeID":"1715377","fromID":"1305745","toID":"1305740","formEdgeID":null},{"edgeID":"1715378","fromID":"1305745","toID":"1305746","formEdgeID":null},{"edgeID":"1715379","fromID":"1305746","toID":"1305744","formEdgeID":null},{"edgeID":"1715380","fromID":"1305749","toID":"1305748","formEdgeID":null},{"edgeID":"1715381","fromID":"1305750","toID":"1305749","formEdgeID":null},{"edgeID":"1715382","fromID":"1305748","toID":"1305751","formEdgeID":null},{"edgeID":"1715383","fromID":"1305751","toID":"1305747","formEdgeID":null},{"edgeID":"1715384","fromID":"1305740","toID":"1305752","formEdgeID":null},{"edgeID":"1715385","fromID":"1305752","toID":"1305748","formEdgeID":null},{"edgeID":"1715386","fromID":"1305747","toID":"1305753","formEdgeID":null},{"edgeID":"1715387","fromID":"1305753","toID":"1305739","formEdgeID":null},{"edgeID":"1715388","fromID":"1305752","toID":"1305754","formEdgeID":null},{"edgeID":"1715389","fromID":"1305754","toID":"1305753","formEdgeID":null}],"locutions":[]}