{"nodes":[{"nodeID":"1304742","text":"the Chancellor of the Exchequer's really important package comes in this October","type":"I","timestamp":"2023-11-09 13:02:08"},{"nodeID":"1304743","text":"Greg Hands: it comes in this October","type":"L","timestamp":"2023-11-09 13:02:08"},{"nodeID":"1304744","text":"Analysing","type":"YA","timestamp":"2023-11-09 13:02:08"},{"nodeID":"1304745","text":"Clara: Greg Hands: it comes in this October","type":"L","timestamp":"2023-11-09 13:02:08"},{"nodeID":"1304746","text":"Asserting","type":"YA","timestamp":"2023-11-09 13:02:08"},{"nodeID":"1304747","text":"the \u00a3200 discount on energy bills, \u00a3150 discount on council tax, and the additional funds are the important things that we've announced to help people with bills","type":"I","timestamp":"2023-11-09 13:02:09"},{"nodeID":"1304748","text":"Greg Hands: these are the important things that we've announced to help people with bills","type":"L","timestamp":"2023-11-09 13:02:09"},{"nodeID":"1304749","text":"Analysing","type":"YA","timestamp":"2023-11-09 13:02:09"},{"nodeID":"1304750","text":"Clara: Greg Hands: these are the important things that we've announced to help people with bills","type":"L","timestamp":"2023-11-09 13:02:09"},{"nodeID":"1304751","text":"Asserting","type":"YA","timestamp":"2023-11-09 13:02:09"},{"nodeID":"1304752","text":"Default Transition","type":"TA","timestamp":"2023-11-09 13:02:09"},{"nodeID":"1304753","text":"the Chancellor of the Exchequer's really important package is different to the long-term strategy that we've launched today with renewables, nuclear, and making sure we're not increasing our imports of oil and gas","type":"I","timestamp":"2023-11-09 13:02:09"},{"nodeID":"1304754","text":"Greg Hands: that's different to the long-term strategy that we've launched today with renewables, nuclear, and making sure we're not increasing our imports of oil and gas","type":"L","timestamp":"2023-11-09 13:02:09"},{"nodeID":"1304755","text":"Analysing","type":"YA","timestamp":"2023-11-09 13:02:09"},{"nodeID":"1304756","text":"Clara: Greg Hands: that's different to the long-term strategy that we've launched today with renewables, nuclear, and making sure we're not increasing our imports of oil and gas","type":"L","timestamp":"2023-11-09 13:02:09"},{"nodeID":"1304757","text":"Asserting","type":"YA","timestamp":"2023-11-09 13:02:09"},{"nodeID":"1304758","text":"Default Transition","type":"TA","timestamp":"2023-11-09 13:02:09"},{"nodeID":"1304759","text":"Default Conflict","type":"CA","timestamp":"2023-11-09 13:02:09"},{"nodeID":"1304760","text":"Disagreeing","type":"YA","timestamp":"2023-11-09 13:02:09"},{"nodeID":"1304761","text":"we should mention the planning process for onshore wind","type":"I","timestamp":"2023-11-09 13:02:10"},{"nodeID":"1304762","text":"AudienceMember 20220407QT04: Have we mentioned the planning process for onshore wind","type":"L","timestamp":"2023-11-09 13:02:10"},{"nodeID":"1304763","text":"Analysing","type":"YA","timestamp":"2023-11-09 13:02:10"},{"nodeID":"1304764","text":"Clara: AudienceMember 20220407QT04: Have we mentioned the planning process for onshore wind","type":"L","timestamp":"2023-11-09 13:02:10"},{"nodeID":"1304765","text":"Assertive Questioning","type":"YA","timestamp":"2023-11-09 13:02:10"},{"nodeID":"1304766","text":"Default Transition","type":"TA","timestamp":"2023-11-09 13:02:10"},{"nodeID":"1304767","text":"David Cameron brought in the restriction for the planning process for onshore wind","type":"I","timestamp":"2023-11-09 13:02:10"},{"nodeID":"1304768","text":"AudienceMember 20220407QT04: David Cameron brought in the restriction","type":"L","timestamp":"2023-11-09 13:02:10"},{"nodeID":"1304769","text":"Analysing","type":"YA","timestamp":"2023-11-09 13:02:10"},{"nodeID":"1304770","text":"Clara: AudienceMember 20220407QT04: David Cameron brought in the restriction","type":"L","timestamp":"2023-11-09 13:02:10"},{"nodeID":"1304771","text":"Asserting","type":"YA","timestamp":"2023-11-09 13:02:10"},{"nodeID":"1304772","text":"Default Transition","type":"TA","timestamp":"2023-11-09 13:02:10"},{"nodeID":"1304773","text":"Default Rephrase","type":"MA","timestamp":"2023-11-09 13:02:10"},{"nodeID":"1304774","text":"Restating","type":"YA","timestamp":"2023-11-09 13:02:10"},{"nodeID":"1304775","text":"if one person votes against onshore wind, you can't get planning permission","type":"I","timestamp":"2023-11-09 13:02:11"},{"nodeID":"1304776","text":"AudienceMember 20220407QT04: if one person votes against it, you can't get planning permission","type":"L","timestamp":"2023-11-09 13:02:11"},{"nodeID":"1304777","text":"Analysing","type":"YA","timestamp":"2023-11-09 13:02:11"},{"nodeID":"1304778","text":"Clara: AudienceMember 20220407QT04: if one person votes against it, you can't get planning permission","type":"L","timestamp":"2023-11-09 13:02:11"},{"nodeID":"1304779","text":"Asserting","type":"YA","timestamp":"2023-11-09 13:02:11"},{"nodeID":"1304780","text":"Default Rephrase","type":"MA","timestamp":"2023-11-09 13:02:11"},{"nodeID":"1304781","text":"Default Transition","type":"TA","timestamp":"2023-11-09 13:02:11"},{"nodeID":"1304782","text":"Restating","type":"YA","timestamp":"2023-11-09 13:02:11"},{"nodeID":"1304783","text":"nuclear plant stations planned are or are not going to follow the same restriction process as for onshore wind","type":"I","timestamp":"2023-11-09 13:02:12"},{"nodeID":"1304784","text":"AudienceMember 20220407QT04: Are the nuclear plant stations planned going to follow the same process","type":"L","timestamp":"2023-11-09 13:02:12"},{"nodeID":"1304785","text":"Analysing","type":"YA","timestamp":"2023-11-09 13:02:12"},{"nodeID":"1304786","text":"Clara: AudienceMember 20220407QT04: Are the nuclear plant stations planned going to follow the same process","type":"L","timestamp":"2023-11-09 13:02:12"},{"nodeID":"1304787","text":"Pure Questioning","type":"YA","timestamp":"2023-11-09 13:02:12"},{"nodeID":"1304788","text":"Default Transition","type":"TA","timestamp":"2023-11-09 13:02:12"},{"nodeID":"1304789","text":"most people would prefer wind to nuclear next door to their house","type":"I","timestamp":"2023-11-09 13:02:12"},{"nodeID":"1304790","text":"AudienceMember 20220407QT04: most people would prefer wind to nuclear next door to their house","type":"L","timestamp":"2023-11-09 13:02:12"},{"nodeID":"1304791","text":"Analysing","type":"YA","timestamp":"2023-11-09 13:02:12"},{"nodeID":"1304792","text":"Clara: AudienceMember 20220407QT04: most people would prefer wind to nuclear next door to their house","type":"L","timestamp":"2023-11-09 13:02:12"},{"nodeID":"1304793","text":"Asserting","type":"YA","timestamp":"2023-11-09 13:02:12"},{"nodeID":"1304794","text":"Default Transition","type":"TA","timestamp":"2023-11-09 13:02:12"},{"nodeID":"1304795","text":"Default Rephrase","type":"MA","timestamp":"2023-11-09 13:02:12"},{"nodeID":"1304796","text":"Restating","type":"YA","timestamp":"2023-11-09 13:02:12"},{"nodeID":"1304797","text":"on the fracking side of things, AudienceMember 20220407QT05 understands with the Ukrainian situation the desire to draw up our fuel","type":"I","timestamp":"2023-11-09 13:02:13"},{"nodeID":"1304798","text":"AudienceMember 20220407QT05: on the fracking side of things, I understand with the Ukrainian situation the desire to draw up our fuel","type":"L","timestamp":"2023-11-09 13:02:13"},{"nodeID":"1304799","text":"Analysing","type":"YA","timestamp":"2023-11-09 13:02:13"},{"nodeID":"1304800","text":"Clara: AudienceMember 20220407QT05: on the fracking side of things, I understand with the Ukrainian situation the desire to draw up our fuel","type":"L","timestamp":"2023-11-09 13:02:13"},{"nodeID":"1304801","text":"Asserting","type":"YA","timestamp":"2023-11-09 13:02:13"},{"nodeID":"1304802","text":"Default Transition","type":"TA","timestamp":"2023-11-09 13:02:13"},{"nodeID":"1304803","text":"drawing up our fuel might go through","type":"I","timestamp":"2023-11-09 13:02:13"},{"nodeID":"1304804","text":"AudienceMember 20220407QT05: that goes through","type":"L","timestamp":"2023-11-09 13:02:13"},{"nodeID":"1304805","text":"Analysing","type":"YA","timestamp":"2023-11-09 13:02:13"},{"nodeID":"1304806","text":"Clara: AudienceMember 20220407QT05: that goes through","type":"L","timestamp":"2023-11-09 13:02:13"},{"nodeID":"1304807","text":"Asserting","type":"YA","timestamp":"2023-11-09 13:02:13"},{"nodeID":"1304808","text":"xxx is the longer-term plan to actually bring drawing up our fuel back down and shift to renewables as quickly as we should do","type":"I","timestamp":"2023-11-09 13:02:14"},{"nodeID":"1304809","text":"AudienceMember 20220407QT05: what is the longer-term plan to actually bring that back down and shift to renewables as quickly as we should do","type":"L","timestamp":"2023-11-09 13:02:14"},{"nodeID":"1304810","text":"Analysing","type":"YA","timestamp":"2023-11-09 13:02:14"},{"nodeID":"1304811","text":"Clara: AudienceMember 20220407QT05: what is the longer-term plan to actually bring that back down and shift to renewables as quickly as we should do","type":"L","timestamp":"2023-11-09 13:02:14"},{"nodeID":"1304812","text":"Pure Questioning","type":"YA","timestamp":"2023-11-09 13:02:14"},{"nodeID":"1304813","text":"Default Rephrase","type":"MA","timestamp":"2023-11-09 13:02:14"},{"nodeID":"1304814","text":"Restating","type":"YA","timestamp":"2023-11-09 13:02:14"},{"nodeID":"1304815","text":"Default Transition","type":"TA","timestamp":"2023-11-09 13:02:14"},{"nodeID":"1304816","text":"Default Rephrase","type":"MA","timestamp":"2023-11-09 13:02:14"},{"nodeID":"1304817","text":"Default Transition","type":"TA","timestamp":"2023-11-09 13:02:14"},{"nodeID":"1304818","text":"Restating","type":"YA","timestamp":"2023-11-09 13:02:14"},{"nodeID":"1304819","text":"Default Inference","type":"RA","timestamp":"2023-11-09 13:02:14"},{"nodeID":"1304820","text":"Arguing","type":"YA","timestamp":"2023-11-09 13:02:14"}],"edges":[{"edgeID":"1714208","fromID":"1304744","toID":"1304743","formEdgeID":null},{"edgeID":"1714209","fromID":"1304745","toID":"1304744","formEdgeID":null},{"edgeID":"1714210","fromID":"1304743","toID":"1304746","formEdgeID":null},{"edgeID":"1714211","fromID":"1304746","toID":"1304742","formEdgeID":null},{"edgeID":"1714212","fromID":"1304749","toID":"1304748","formEdgeID":null},{"edgeID":"1714213","fromID":"1304750","toID":"1304749","formEdgeID":null},{"edgeID":"1714214","fromID":"1304748","toID":"1304751","formEdgeID":null},{"edgeID":"1714215","fromID":"1304751","toID":"1304747","formEdgeID":null},{"edgeID":"1714216","fromID":"1304743","toID":"1304752","formEdgeID":null},{"edgeID":"1714217","fromID":"1304752","toID":"1304748","formEdgeID":null},{"edgeID":"1714218","fromID":"1304755","toID":"1304754","formEdgeID":null},{"edgeID":"1714219","fromID":"1304756","toID":"1304755","formEdgeID":null},{"edgeID":"1714220","fromID":"1304754","toID":"1304757","formEdgeID":null},{"edgeID":"1714221","fromID":"1304757","toID":"1304753","formEdgeID":null},{"edgeID":"1714222","fromID":"1304748","toID":"1304758","formEdgeID":null},{"edgeID":"1714223","fromID":"1304758","toID":"1304754","formEdgeID":null},{"edgeID":"1714224","fromID":"1304753","toID":"1304759","formEdgeID":null},{"edgeID":"1714225","fromID":"1304759","toID":"1304747","formEdgeID":null},{"edgeID":"1714226","fromID":"1304758","toID":"1304760","formEdgeID":null},{"edgeID":"1714227","fromID":"1304760","toID":"1304759","formEdgeID":null},{"edgeID":"1714228","fromID":"1304763","toID":"1304762","formEdgeID":null},{"edgeID":"1714229","fromID":"1304764","toID":"1304763","formEdgeID":null},{"edgeID":"1714230","fromID":"1304762","toID":"1304765","formEdgeID":null},{"edgeID":"1714231","fromID":"1304765","toID":"1304761","formEdgeID":null},{"edgeID":"1714232","fromID":"1304754","toID":"1304766","formEdgeID":null},{"edgeID":"1714233","fromID":"1304766","toID":"1304762","formEdgeID":null},{"edgeID":"1714234","fromID":"1304769","toID":"1304768","formEdgeID":null},{"edgeID":"1714235","fromID":"1304770","toID":"1304769","formEdgeID":null},{"edgeID":"1714236","fromID":"1304768","toID":"1304771","formEdgeID":null},{"edgeID":"1714237","fromID":"1304771","toID":"1304767","formEdgeID":null},{"edgeID":"1714238","fromID":"1304762","toID":"1304772","formEdgeID":null},{"edgeID":"1714239","fromID":"1304772","toID":"1304768","formEdgeID":null},{"edgeID":"1714240","fromID":"1304767","toID":"1304773","formEdgeID":null},{"edgeID":"1714241","fromID":"1304773","toID":"1304761","formEdgeID":null},{"edgeID":"1714242","fromID":"1304772","toID":"1304774","formEdgeID":null},{"edgeID":"1714243","fromID":"1304774","toID":"1304773","formEdgeID":null},{"edgeID":"1714244","fromID":"1304777","toID":"1304776","formEdgeID":null},{"edgeID":"1714245","fromID":"1304778","toID":"1304777","formEdgeID":null},{"edgeID":"1714246","fromID":"1304776","toID":"1304779","formEdgeID":null},{"edgeID":"1714247","fromID":"1304779","toID":"1304775","formEdgeID":null},{"edgeID":"1714248","fromID":"1304775","toID":"1304780","formEdgeID":null},{"edgeID":"1714249","fromID":"1304780","toID":"1304767","formEdgeID":null},{"edgeID":"1714250","fromID":"1304768","toID":"1304781","formEdgeID":null},{"edgeID":"1714251","fromID":"1304781","toID":"1304776","formEdgeID":null},{"edgeID":"1714252","fromID":"1304781","toID":"1304782","formEdgeID":null},{"edgeID":"1714253","fromID":"1304782","toID":"1304780","formEdgeID":null},{"edgeID":"1714254","fromID":"1304785","toID":"1304784","formEdgeID":null},{"edgeID":"1714255","fromID":"1304786","toID":"1304785","formEdgeID":null},{"edgeID":"1714256","fromID":"1304784","toID":"1304787","formEdgeID":null},{"edgeID":"1714257","fromID":"1304787","toID":"1304783","formEdgeID":null},{"edgeID":"1714258","fromID":"1304776","toID":"1304788","formEdgeID":null},{"edgeID":"1714259","fromID":"1304788","toID":"1304784","formEdgeID":null},{"edgeID":"1714260","fromID":"1304791","toID":"1304790","formEdgeID":null},{"edgeID":"1714261","fromID":"1304792","toID":"1304791","formEdgeID":null},{"edgeID":"1714262","fromID":"1304790","toID":"1304793","formEdgeID":null},{"edgeID":"1714263","fromID":"1304793","toID":"1304789","formEdgeID":null},{"edgeID":"1714264","fromID":"1304784","toID":"1304794","formEdgeID":null},{"edgeID":"1714265","fromID":"1304794","toID":"1304790","formEdgeID":null},{"edgeID":"1714266","fromID":"1304789","toID":"1304795","formEdgeID":null},{"edgeID":"1714267","fromID":"1304795","toID":"1304783","formEdgeID":null},{"edgeID":"1714268","fromID":"1304794","toID":"1304796","formEdgeID":null},{"edgeID":"1714269","fromID":"1304796","toID":"1304795","formEdgeID":null},{"edgeID":"1714270","fromID":"1304799","toID":"1304798","formEdgeID":null},{"edgeID":"1714271","fromID":"1304800","toID":"1304799","formEdgeID":null},{"edgeID":"1714272","fromID":"1304798","toID":"1304801","formEdgeID":null},{"edgeID":"1714273","fromID":"1304801","toID":"1304797","formEdgeID":null},{"edgeID":"1714274","fromID":"1304790","toID":"1304802","formEdgeID":null},{"edgeID":"1714275","fromID":"1304802","toID":"1304798","formEdgeID":null},{"edgeID":"1714276","fromID":"1304805","toID":"1304804","formEdgeID":null},{"edgeID":"1714277","fromID":"1304806","toID":"1304805","formEdgeID":null},{"edgeID":"1714278","fromID":"1304804","toID":"1304807","formEdgeID":null},{"edgeID":"1714279","fromID":"1304807","toID":"1304803","formEdgeID":null},{"edgeID":"1714280","fromID":"1304810","toID":"1304809","formEdgeID":null},{"edgeID":"1714281","fromID":"1304811","toID":"1304810","formEdgeID":null},{"edgeID":"1714282","fromID":"1304809","toID":"1304812","formEdgeID":null},{"edgeID":"1714283","fromID":"1304812","toID":"1304808","formEdgeID":null},{"edgeID":"1714284","fromID":"1304783","toID":"1304813","formEdgeID":null},{"edgeID":"1714285","fromID":"1304813","toID":"1304775","formEdgeID":null},{"edgeID":"1714286","fromID":"1304788","toID":"1304814","formEdgeID":null},{"edgeID":"1714287","fromID":"1304814","toID":"1304813","formEdgeID":null},{"edgeID":"1714288","fromID":"1304798","toID":"1304815","formEdgeID":null},{"edgeID":"1714289","fromID":"1304815","toID":"1304804","formEdgeID":null},{"edgeID":"1714290","fromID":"1304808","toID":"1304816","formEdgeID":null},{"edgeID":"1714291","fromID":"1304816","toID":"1304803","formEdgeID":null},{"edgeID":"1714292","fromID":"1304804","toID":"1304817","formEdgeID":null},{"edgeID":"1714293","fromID":"1304817","toID":"1304809","formEdgeID":null},{"edgeID":"1714294","fromID":"1304817","toID":"1304818","formEdgeID":null},{"edgeID":"1714295","fromID":"1304818","toID":"1304816","formEdgeID":null},{"edgeID":"1714296","fromID":"1304797","toID":"1304819","formEdgeID":null},{"edgeID":"1714297","fromID":"1304819","toID":"1304803","formEdgeID":null},{"edgeID":"1714298","fromID":"1304815","toID":"1304820","formEdgeID":null},{"edgeID":"1714299","fromID":"1304820","toID":"1304819","formEdgeID":null}],"locutions":[]}