{"nodes":[{"nodeID":"1306432","text":"in terms of the International Criminal Court, we've got to remember that only 20 years or so ago, these characters were actually, or a lot of them were actually brought to justice","type":"I","timestamp":"2023-11-09 13:04:25"},{"nodeID":"1306433","text":"Greg Hands:  in terms of the International Criminal Court, we've got to remember that only 20 years or so ago,","type":"L","timestamp":"2023-11-09 13:04:25"},{"nodeID":"1306434","text":"Analysing","type":"YA","timestamp":"2023-11-09 13:04:26"},{"nodeID":"1306435","text":"Mascha: Greg Hands:  in terms of the International Criminal Court, we've got to remember that only 20 years or so ago,","type":"L","timestamp":"2023-11-09 13:04:26"},{"nodeID":"1306436","text":"Asserting","type":"YA","timestamp":"2023-11-09 13:04:26"},{"nodeID":"1306437","text":"Greg Hands does not think we should have no faith in the International Criminal Court","type":"I","timestamp":"2023-11-09 13:04:26"},{"nodeID":"1306438","text":"Greg Hands:  I don't think we should have no faith in the International Criminal Court","type":"L","timestamp":"2023-11-09 13:04:26"},{"nodeID":"1306439","text":"Analysing","type":"YA","timestamp":"2023-11-09 13:04:26"},{"nodeID":"1306440","text":"Mascha: Greg Hands:  I don't think we should have no faith in the International Criminal Court","type":"L","timestamp":"2023-11-09 13:04:26"},{"nodeID":"1306441","text":"Asserting","type":"YA","timestamp":"2023-11-09 13:04:26"},{"nodeID":"1306442","text":"Default Transition","type":"TA","timestamp":"2023-11-09 13:04:26"},{"nodeID":"1306443","text":"Default Inference","type":"RA","timestamp":"2023-11-09 13:04:26"},{"nodeID":"1306444","text":"Arguing","type":"YA","timestamp":"2023-11-09 13:04:26"},{"nodeID":"1306445","text":"we should have confidence in the International Criminal Court","type":"I","timestamp":"2023-11-09 13:04:27"},{"nodeID":"1306446","text":"Greg Hands: we should have confidence in it","type":"L","timestamp":"2023-11-09 13:04:27"},{"nodeID":"1306447","text":"Analysing","type":"YA","timestamp":"2023-11-09 13:04:27"},{"nodeID":"1306448","text":"Mascha: Greg Hands: we should have confidence in it","type":"L","timestamp":"2023-11-09 13:04:27"},{"nodeID":"1306449","text":"Asserting","type":"YA","timestamp":"2023-11-09 13:04:27"},{"nodeID":"1306450","text":"Default Transition","type":"TA","timestamp":"2023-11-09 13:04:27"},{"nodeID":"1306451","text":"Default Rephrase","type":"MA","timestamp":"2023-11-09 13:04:27"},{"nodeID":"1306452","text":"Restating","type":"YA","timestamp":"2023-11-09 13:04:27"},{"nodeID":"1306453","text":"we also have to make sure that Vladimir Putin actually does not win this conflict","type":"I","timestamp":"2023-11-09 13:04:27"},{"nodeID":"1306454","text":"Greg Hands:  we also have to make sure that Vladimir Putin actually does not win this conflict","type":"L","timestamp":"2023-11-09 13:04:27"},{"nodeID":"1306455","text":"Analysing","type":"YA","timestamp":"2023-11-09 13:04:27"},{"nodeID":"1306456","text":"Mascha: Greg Hands:  we also have to make sure that Vladimir Putin actually does not win this conflict","type":"L","timestamp":"2023-11-09 13:04:27"},{"nodeID":"1306457","text":"Asserting","type":"YA","timestamp":"2023-11-09 13:04:27"},{"nodeID":"1306458","text":"Default Transition","type":"TA","timestamp":"2023-11-09 13:04:27"},{"nodeID":"1306459","text":"it is essential, both for the Ukraine, and for international peace and security going forward, that a country that has launched such a blatant and offensive, an old-style, early 20th century military offensive against its neighbour does not succeed","type":"I","timestamp":"2023-11-09 13:04:28"},{"nodeID":"1306460","text":"Greg Hands: It is essential, both for the Ukraine, and for international peace and security going forward, that a country that has launched such a blatant and offensive, an old-style, early 20th century military offensive against its neighbour does not succeed","type":"L","timestamp":"2023-11-09 13:04:28"},{"nodeID":"1306461","text":"Analysing","type":"YA","timestamp":"2023-11-09 13:04:28"},{"nodeID":"1306462","text":"Mascha: Greg Hands: It is essential, both for the Ukraine, and for international peace and security going forward, that a country that has launched such a blatant and offensive, an old-style, early 20th century military offensive against its neighbour does not succeed","type":"L","timestamp":"2023-11-09 13:04:28"},{"nodeID":"1306463","text":"Asserting","type":"YA","timestamp":"2023-11-09 13:04:28"},{"nodeID":"1306464","text":"Default Transition","type":"TA","timestamp":"2023-11-09 13:04:28"},{"nodeID":"1306465","text":"Default Rephrase","type":"MA","timestamp":"2023-11-09 13:04:28"},{"nodeID":"1306466","text":"Restating","type":"YA","timestamp":"2023-11-09 13:04:28"},{"nodeID":"1306467","text":"that Vladimir Putin does not win this conflict is the most important thing in this","type":"I","timestamp":"2023-11-09 13:04:29"},{"nodeID":"1306468","text":"Greg Hands:  That is the most important thing in this","type":"L","timestamp":"2023-11-09 13:04:29"},{"nodeID":"1306469","text":"Analysing","type":"YA","timestamp":"2023-11-09 13:04:29"},{"nodeID":"1306470","text":"Mascha: Greg Hands:  That is the most important thing in this","type":"L","timestamp":"2023-11-09 13:04:29"},{"nodeID":"1306471","text":"Asserting","type":"YA","timestamp":"2023-11-09 13:04:29"},{"nodeID":"1306472","text":"Default Transition","type":"TA","timestamp":"2023-11-09 13:04:29"},{"nodeID":"1306473","text":"Default Rephrase","type":"MA","timestamp":"2023-11-09 13:04:29"},{"nodeID":"1306474","text":"Restating","type":"YA","timestamp":"2023-11-09 13:04:29"},{"nodeID":"1306475","text":"we're just seeing the tip of the iceberg, in terms of where the Russians have withdrawn, and then we see the complete abuse and the bodies and we hear the stories","type":"I","timestamp":"2023-11-09 13:04:29"},{"nodeID":"1306476","text":"Emily Thornberry: we're just seeing the tip of the iceberg, in terms of where the Russians have withdrawn, and then we see the complete abuse and the bodies and we hear the stories","type":"L","timestamp":"2023-11-09 13:04:29"},{"nodeID":"1306477","text":"Analysing","type":"YA","timestamp":"2023-11-09 13:04:29"},{"nodeID":"1306478","text":"Mascha: Emily Thornberry: we're just seeing the tip of the iceberg, in terms of where the Russians have withdrawn, and then we see the complete abuse and the bodies and we hear the stories","type":"L","timestamp":"2023-11-09 13:04:29"},{"nodeID":"1306479","text":"Asserting","type":"YA","timestamp":"2023-11-09 13:04:29"},{"nodeID":"1306480","text":"Default Transition","type":"TA","timestamp":"2023-11-09 13:04:29"},{"nodeID":"1306481","text":"there are many other towns and villages that are still under Russian control","type":"I","timestamp":"2023-11-09 13:04:30"},{"nodeID":"1306482","text":"Emily Thornberry:  there are many other towns and villages that are still under Russian control","type":"L","timestamp":"2023-11-09 13:04:30"},{"nodeID":"1306483","text":"Analysing","type":"YA","timestamp":"2023-11-09 13:04:30"},{"nodeID":"1306484","text":"Mascha: Emily Thornberry:  there are many other towns and villages that are still under Russian control","type":"L","timestamp":"2023-11-09 13:04:30"},{"nodeID":"1306485","text":"Asserting","type":"YA","timestamp":"2023-11-09 13:04:30"},{"nodeID":"1306486","text":"Default Transition","type":"TA","timestamp":"2023-11-09 13:04:30"},{"nodeID":"1306487","text":"Default Inference","type":"RA","timestamp":"2023-11-09 13:04:30"},{"nodeID":"1306488","text":"Arguing","type":"YA","timestamp":"2023-11-09 13:04:30"},{"nodeID":"1306489","text":"Emily Thornberry hates to think the stories that we're going to hear coming out of those countries as well","type":"I","timestamp":"2023-11-09 13:04:30"},{"nodeID":"1306490","text":"Emily Thornberry:  I hate to think the stories that we're going to hear coming out of those countries as well","type":"L","timestamp":"2023-11-09 13:04:30"},{"nodeID":"1306491","text":"Analysing","type":"YA","timestamp":"2023-11-09 13:04:30"},{"nodeID":"1306492","text":"Mascha: Emily Thornberry:  I hate to think the stories that we're going to hear coming out of those countries as well","type":"L","timestamp":"2023-11-09 13:04:30"},{"nodeID":"1306493","text":"Asserting","type":"YA","timestamp":"2023-11-09 13:04:30"},{"nodeID":"1306494","text":"Default Inference","type":"RA","timestamp":"2023-11-09 13:04:30"},{"nodeID":"1306495","text":"Default Transition","type":"TA","timestamp":"2023-11-09 13:04:30"},{"nodeID":"1306496","text":"Arguing","type":"YA","timestamp":"2023-11-09 13:04:30"},{"nodeID":"1306497","text":"we're at a moment where the Russians are recalibrating","type":"I","timestamp":"2023-11-09 13:04:31"},{"nodeID":"1306498","text":"Emily Thornberry:  we're at a moment where they are recalibrating","type":"L","timestamp":"2023-11-09 13:04:31"},{"nodeID":"1306499","text":"Analysing","type":"YA","timestamp":"2023-11-09 13:04:31"},{"nodeID":"1306500","text":"Mascha: Emily Thornberry:  we're at a moment where they are recalibrating","type":"L","timestamp":"2023-11-09 13:04:31"},{"nodeID":"1306501","text":"Asserting","type":"YA","timestamp":"2023-11-09 13:04:31"},{"nodeID":"1306502","text":"Default Transition","type":"TA","timestamp":"2023-11-09 13:04:31"},{"nodeID":"1306503","text":"we need to recalibrate as well","type":"I","timestamp":"2023-11-09 13:04:32"},{"nodeID":"1306504","text":"Emily Thornberry: We need to recalibrate as well","type":"L","timestamp":"2023-11-09 13:04:32"},{"nodeID":"1306505","text":"Analysing","type":"YA","timestamp":"2023-11-09 13:04:32"},{"nodeID":"1306506","text":"Mascha: Emily Thornberry: We need to recalibrate as well","type":"L","timestamp":"2023-11-09 13:04:32"},{"nodeID":"1306507","text":"Asserting","type":"YA","timestamp":"2023-11-09 13:04:32"},{"nodeID":"1306508","text":"Default Transition","type":"TA","timestamp":"2023-11-09 13:04:32"},{"nodeID":"1306509","text":"the Russians withdraw and work out what they're going to do next","type":"I","timestamp":"2023-11-09 13:04:32"},{"nodeID":"1306510","text":"Emily Thornberry:  they withdraw and work out what they're going to do next","type":"L","timestamp":"2023-11-09 13:04:32"},{"nodeID":"1306511","text":"Analysing","type":"YA","timestamp":"2023-11-09 13:04:32"},{"nodeID":"1306512","text":"Mascha: Emily Thornberry:  they withdraw and work out what they're going to do next","type":"L","timestamp":"2023-11-09 13:04:32"},{"nodeID":"1306513","text":"Asserting","type":"YA","timestamp":"2023-11-09 13:04:32"},{"nodeID":"1306514","text":"Default Transition","type":"TA","timestamp":"2023-11-09 13:04:32"},{"nodeID":"1306515","text":"Default Rephrase","type":"MA","timestamp":"2023-11-09 13:04:32"},{"nodeID":"1306516","text":"Restating","type":"YA","timestamp":"2023-11-09 13:04:32"},{"nodeID":"1306517","text":"we need to make sure that we work out what we're doing next","type":"I","timestamp":"2023-11-09 13:04:33"},{"nodeID":"1306518","text":"Emily Thornberry: we need to make sure that we work out what we're doing next","type":"L","timestamp":"2023-11-09 13:04:33"},{"nodeID":"1306519","text":"Analysing","type":"YA","timestamp":"2023-11-09 13:04:33"},{"nodeID":"1306520","text":"Mascha: Emily Thornberry: we need to make sure that we work out what we're doing next","type":"L","timestamp":"2023-11-09 13:04:33"},{"nodeID":"1306521","text":"Asserting","type":"YA","timestamp":"2023-11-09 13:04:33"},{"nodeID":"1306522","text":"Default Transition","type":"TA","timestamp":"2023-11-09 13:04:33"},{"nodeID":"1306523","text":"Default Inference","type":"RA","timestamp":"2023-11-09 13:04:33"},{"nodeID":"1306524","text":"Arguing","type":"YA","timestamp":"2023-11-09 13:04:33"},{"nodeID":"1306525","text":"Default Inference","type":"RA","timestamp":"2023-11-09 13:04:33"},{"nodeID":"1306526","text":"Arguing","type":"YA","timestamp":"2023-11-09 13:04:33"},{"nodeID":"1306527","text":"Default Rephrase","type":"MA","timestamp":"2023-11-09 13:04:33"},{"nodeID":"1306528","text":"Default Transition","type":"TA","timestamp":"2023-11-09 13:04:33"},{"nodeID":"1306529","text":"Restating","type":"YA","timestamp":"2023-11-09 13:04:33"}],"edges":[{"edgeID":"1716216","fromID":"1306434","toID":"1306433","formEdgeID":null},{"edgeID":"1716217","fromID":"1306435","toID":"1306434","formEdgeID":null},{"edgeID":"1716218","fromID":"1306433","toID":"1306436","formEdgeID":null},{"edgeID":"1716219","fromID":"1306436","toID":"1306432","formEdgeID":null},{"edgeID":"1716220","fromID":"1306439","toID":"1306438","formEdgeID":null},{"edgeID":"1716221","fromID":"1306440","toID":"1306439","formEdgeID":null},{"edgeID":"1716222","fromID":"1306438","toID":"1306441","formEdgeID":null},{"edgeID":"1716223","fromID":"1306441","toID":"1306437","formEdgeID":null},{"edgeID":"1716224","fromID":"1306433","toID":"1306442","formEdgeID":null},{"edgeID":"1716225","fromID":"1306442","toID":"1306438","formEdgeID":null},{"edgeID":"1716226","fromID":"1306432","toID":"1306443","formEdgeID":null},{"edgeID":"1716227","fromID":"1306443","toID":"1306437","formEdgeID":null},{"edgeID":"1716228","fromID":"1306442","toID":"1306444","formEdgeID":null},{"edgeID":"1716229","fromID":"1306444","toID":"1306443","formEdgeID":null},{"edgeID":"1716230","fromID":"1306447","toID":"1306446","formEdgeID":null},{"edgeID":"1716231","fromID":"1306448","toID":"1306447","formEdgeID":null},{"edgeID":"1716232","fromID":"1306446","toID":"1306449","formEdgeID":null},{"edgeID":"1716233","fromID":"1306449","toID":"1306445","formEdgeID":null},{"edgeID":"1716234","fromID":"1306438","toID":"1306450","formEdgeID":null},{"edgeID":"1716235","fromID":"1306450","toID":"1306446","formEdgeID":null},{"edgeID":"1716236","fromID":"1306445","toID":"1306451","formEdgeID":null},{"edgeID":"1716237","fromID":"1306451","toID":"1306437","formEdgeID":null},{"edgeID":"1716238","fromID":"1306450","toID":"1306452","formEdgeID":null},{"edgeID":"1716239","fromID":"1306452","toID":"1306451","formEdgeID":null},{"edgeID":"1716240","fromID":"1306455","toID":"1306454","formEdgeID":null},{"edgeID":"1716241","fromID":"1306456","toID":"1306455","formEdgeID":null},{"edgeID":"1716242","fromID":"1306454","toID":"1306457","formEdgeID":null},{"edgeID":"1716243","fromID":"1306457","toID":"1306453","formEdgeID":null},{"edgeID":"1716244","fromID":"1306446","toID":"1306458","formEdgeID":null},{"edgeID":"1716245","fromID":"1306458","toID":"1306454","formEdgeID":null},{"edgeID":"1716246","fromID":"1306461","toID":"1306460","formEdgeID":null},{"edgeID":"1716247","fromID":"1306462","toID":"1306461","formEdgeID":null},{"edgeID":"1716248","fromID":"1306460","toID":"1306463","formEdgeID":null},{"edgeID":"1716249","fromID":"1306463","toID":"1306459","formEdgeID":null},{"edgeID":"1716250","fromID":"1306454","toID":"1306464","formEdgeID":null},{"edgeID":"1716251","fromID":"1306464","toID":"1306460","formEdgeID":null},{"edgeID":"1716252","fromID":"1306459","toID":"1306465","formEdgeID":null},{"edgeID":"1716253","fromID":"1306465","toID":"1306453","formEdgeID":null},{"edgeID":"1716254","fromID":"1306464","toID":"1306466","formEdgeID":null},{"edgeID":"1716255","fromID":"1306466","toID":"1306465","formEdgeID":null},{"edgeID":"1716256","fromID":"1306469","toID":"1306468","formEdgeID":null},{"edgeID":"1716257","fromID":"1306470","toID":"1306469","formEdgeID":null},{"edgeID":"1716258","fromID":"1306468","toID":"1306471","formEdgeID":null},{"edgeID":"1716259","fromID":"1306471","toID":"1306467","formEdgeID":null},{"edgeID":"1716260","fromID":"1306460","toID":"1306472","formEdgeID":null},{"edgeID":"1716261","fromID":"1306472","toID":"1306468","formEdgeID":null},{"edgeID":"1716262","fromID":"1306467","toID":"1306473","formEdgeID":null},{"edgeID":"1716263","fromID":"1306473","toID":"1306459","formEdgeID":null},{"edgeID":"1716264","fromID":"1306472","toID":"1306474","formEdgeID":null},{"edgeID":"1716265","fromID":"1306474","toID":"1306473","formEdgeID":null},{"edgeID":"1716266","fromID":"1306477","toID":"1306476","formEdgeID":null},{"edgeID":"1716267","fromID":"1306478","toID":"1306477","formEdgeID":null},{"edgeID":"1716268","fromID":"1306476","toID":"1306479","formEdgeID":null},{"edgeID":"1716269","fromID":"1306479","toID":"1306475","formEdgeID":null},{"edgeID":"1716270","fromID":"1306468","toID":"1306480","formEdgeID":null},{"edgeID":"1716271","fromID":"1306480","toID":"1306476","formEdgeID":null},{"edgeID":"1716272","fromID":"1306483","toID":"1306482","formEdgeID":null},{"edgeID":"1716273","fromID":"1306484","toID":"1306483","formEdgeID":null},{"edgeID":"1716274","fromID":"1306482","toID":"1306485","formEdgeID":null},{"edgeID":"1716275","fromID":"1306485","toID":"1306481","formEdgeID":null},{"edgeID":"1716276","fromID":"1306476","toID":"1306486","formEdgeID":null},{"edgeID":"1716277","fromID":"1306486","toID":"1306482","formEdgeID":null},{"edgeID":"1716278","fromID":"1306481","toID":"1306487","formEdgeID":null},{"edgeID":"1716279","fromID":"1306487","toID":"1306475","formEdgeID":null},{"edgeID":"1716280","fromID":"1306486","toID":"1306488","formEdgeID":null},{"edgeID":"1716281","fromID":"1306488","toID":"1306487","formEdgeID":null},{"edgeID":"1716282","fromID":"1306491","toID":"1306490","formEdgeID":null},{"edgeID":"1716283","fromID":"1306492","toID":"1306491","formEdgeID":null},{"edgeID":"1716284","fromID":"1306490","toID":"1306493","formEdgeID":null},{"edgeID":"1716285","fromID":"1306493","toID":"1306489","formEdgeID":null},{"edgeID":"1716286","fromID":"1306475","toID":"1306494","formEdgeID":null},{"edgeID":"1716287","fromID":"1306494","toID":"1306489","formEdgeID":null},{"edgeID":"1716288","fromID":"1306476","toID":"1306495","formEdgeID":null},{"edgeID":"1716289","fromID":"1306495","toID":"1306490","formEdgeID":null},{"edgeID":"1716290","fromID":"1306495","toID":"1306496","formEdgeID":null},{"edgeID":"1716291","fromID":"1306496","toID":"1306494","formEdgeID":null},{"edgeID":"1716292","fromID":"1306499","toID":"1306498","formEdgeID":null},{"edgeID":"1716293","fromID":"1306500","toID":"1306499","formEdgeID":null},{"edgeID":"1716294","fromID":"1306498","toID":"1306501","formEdgeID":null},{"edgeID":"1716295","fromID":"1306501","toID":"1306497","formEdgeID":null},{"edgeID":"1716296","fromID":"1306490","toID":"1306502","formEdgeID":null},{"edgeID":"1716297","fromID":"1306502","toID":"1306498","formEdgeID":null},{"edgeID":"1716298","fromID":"1306505","toID":"1306504","formEdgeID":null},{"edgeID":"1716299","fromID":"1306506","toID":"1306505","formEdgeID":null},{"edgeID":"1716300","fromID":"1306504","toID":"1306507","formEdgeID":null},{"edgeID":"1716301","fromID":"1306507","toID":"1306503","formEdgeID":null},{"edgeID":"1716302","fromID":"1306498","toID":"1306508","formEdgeID":null},{"edgeID":"1716303","fromID":"1306508","toID":"1306504","formEdgeID":null},{"edgeID":"1716304","fromID":"1306511","toID":"1306510","formEdgeID":null},{"edgeID":"1716305","fromID":"1306512","toID":"1306511","formEdgeID":null},{"edgeID":"1716306","fromID":"1306510","toID":"1306513","formEdgeID":null},{"edgeID":"1716307","fromID":"1306513","toID":"1306509","formEdgeID":null},{"edgeID":"1716308","fromID":"1306498","toID":"1306514","formEdgeID":null},{"edgeID":"1716309","fromID":"1306514","toID":"1306510","formEdgeID":null},{"edgeID":"1716310","fromID":"1306509","toID":"1306515","formEdgeID":null},{"edgeID":"1716311","fromID":"1306515","toID":"1306497","formEdgeID":null},{"edgeID":"1716312","fromID":"1306514","toID":"1306516","formEdgeID":null},{"edgeID":"1716313","fromID":"1306516","toID":"1306515","formEdgeID":null},{"edgeID":"1716314","fromID":"1306519","toID":"1306518","formEdgeID":null},{"edgeID":"1716315","fromID":"1306520","toID":"1306519","formEdgeID":null},{"edgeID":"1716316","fromID":"1306518","toID":"1306521","formEdgeID":null},{"edgeID":"1716317","fromID":"1306521","toID":"1306517","formEdgeID":null},{"edgeID":"1716318","fromID":"1306510","toID":"1306522","formEdgeID":null},{"edgeID":"1716319","fromID":"1306522","toID":"1306518","formEdgeID":null},{"edgeID":"1716320","fromID":"1306509","toID":"1306523","formEdgeID":null},{"edgeID":"1716321","fromID":"1306523","toID":"1306517","formEdgeID":null},{"edgeID":"1716322","fromID":"1306522","toID":"1306524","formEdgeID":null},{"edgeID":"1716323","fromID":"1306524","toID":"1306523","formEdgeID":null},{"edgeID":"1716324","fromID":"1306497","toID":"1306525","formEdgeID":null},{"edgeID":"1716325","fromID":"1306525","toID":"1306503","formEdgeID":null},{"edgeID":"1716326","fromID":"1306508","toID":"1306526","formEdgeID":null},{"edgeID":"1716327","fromID":"1306526","toID":"1306525","formEdgeID":null},{"edgeID":"1716328","fromID":"1306517","toID":"1306527","formEdgeID":null},{"edgeID":"1716329","fromID":"1306527","toID":"1306503","formEdgeID":null},{"edgeID":"1716330","fromID":"1306504","toID":"1306528","formEdgeID":null},{"edgeID":"1716331","fromID":"1306528","toID":"1306518","formEdgeID":null},{"edgeID":"1716332","fromID":"1306528","toID":"1306529","formEdgeID":null},{"edgeID":"1716333","fromID":"1306529","toID":"1306527","formEdgeID":null}],"locutions":[]}