{"nodes":[{"nodeID":"1305406","text":"we're coming up to summer","type":"I","timestamp":"2023-11-09 13:03:03"},{"nodeID":"1305407","text":"June Sharp: we're coming up to summer","type":"L","timestamp":"2023-11-09 13:03:03"},{"nodeID":"1305408","text":"Analysing","type":"YA","timestamp":"2023-11-09 13:03:03"},{"nodeID":"1305409","text":"Pawe\u0142: June Sharp: we're coming up to summer","type":"L","timestamp":"2023-11-09 13:03:03"},{"nodeID":"1305410","text":"Asserting","type":"YA","timestamp":"2023-11-09 13:03:03"},{"nodeID":"1305411","text":"winter is coming","type":"I","timestamp":"2023-11-09 13:03:04"},{"nodeID":"1305412","text":"June Sharp: winter is coming","type":"L","timestamp":"2023-11-09 13:03:04"},{"nodeID":"1305413","text":"Analysing","type":"YA","timestamp":"2023-11-09 13:03:04"},{"nodeID":"1305414","text":"Pawe\u0142: June Sharp: winter is coming","type":"L","timestamp":"2023-11-09 13:03:04"},{"nodeID":"1305415","text":"Asserting","type":"YA","timestamp":"2023-11-09 13:03:04"},{"nodeID":"1305416","text":"we also need to be saving the planet","type":"I","timestamp":"2023-11-09 13:03:04"},{"nodeID":"1305417","text":"June Sharp: we also need to be saving the planet","type":"L","timestamp":"2023-11-09 13:03:04"},{"nodeID":"1305418","text":"Analysing","type":"YA","timestamp":"2023-11-09 13:03:04"},{"nodeID":"1305419","text":"Pawe\u0142: June Sharp: we also need to be saving the planet","type":"L","timestamp":"2023-11-09 13:03:04"},{"nodeID":"1305420","text":"Asserting","type":"YA","timestamp":"2023-11-09 13:03:04"},{"nodeID":"1305421","text":"the war in Ukraine will look like a stroll in the park compared to the famine and starvation and the wars that will happen if climate change actually goes beyond the 1.5 degrees that we're already destined to achieve","type":"I","timestamp":"2023-11-09 13:03:05"},{"nodeID":"1305422","text":"June Sharp: the war in Ukraine will look like a stroll in the park compared to the famine and starvation and the wars that will happen if climate change actually goes beyond the 1.5 degrees that we're already destined to achieve","type":"L","timestamp":"2023-11-09 13:03:05"},{"nodeID":"1305423","text":"Analysing","type":"YA","timestamp":"2023-11-09 13:03:05"},{"nodeID":"1305424","text":"Pawe\u0142: June Sharp: the war in Ukraine will look like a stroll in the park compared to the famine and starvation and the wars that will happen if climate change actually goes beyond the 1.5 degrees that we're already destined to achieve","type":"L","timestamp":"2023-11-09 13:03:05"},{"nodeID":"1305425","text":"Asserting","type":"YA","timestamp":"2023-11-09 13:03:05"},{"nodeID":"1305426","text":"Default Transition","type":"TA","timestamp":"2023-11-09 13:03:05"},{"nodeID":"1305427","text":"Default Transition","type":"TA","timestamp":"2023-11-09 13:03:05"},{"nodeID":"1305428","text":"Default Transition","type":"TA","timestamp":"2023-11-09 13:03:05"},{"nodeID":"1305429","text":"Default Inference","type":"RA","timestamp":"2023-11-09 13:03:05"},{"nodeID":"1305430","text":"Arguing","type":"YA","timestamp":"2023-11-09 13:03:05"},{"nodeID":"1305431","text":"there are billions of pounds being paid out to shareholders constantly over the last 11 years","type":"I","timestamp":"2023-11-09 13:03:05"},{"nodeID":"1305432","text":"AudienceMember 20220407QT01: there are billions of pounds being paid out to shareholders constantly over the last","type":"L","timestamp":"2023-11-09 13:03:05"},{"nodeID":"1305433","text":"Analysing","type":"YA","timestamp":"2023-11-09 13:03:05"},{"nodeID":"1305434","text":"Pawe\u0142: AudienceMember 20220407QT01: there are billions of pounds being paid out to shareholders constantly over the last","type":"L","timestamp":"2023-11-09 13:03:05"},{"nodeID":"1305435","text":"Asserting","type":"YA","timestamp":"2023-11-09 13:03:05"},{"nodeID":"1305436","text":"the figure that is being paid out to shareholders is \u00a3200 billion over the last 11 years","type":"I","timestamp":"2023-11-09 13:03:06"},{"nodeID":"1305437","text":"AudienceMember 20220407QT01: the figure is \u00a3200 billion over the last 11 years","type":"L","timestamp":"2023-11-09 13:03:06"},{"nodeID":"1305438","text":"Analysing","type":"YA","timestamp":"2023-11-09 13:03:06"},{"nodeID":"1305439","text":"Pawe\u0142: AudienceMember 20220407QT01: the figure is \u00a3200 billion over the last 11 years","type":"L","timestamp":"2023-11-09 13:03:06"},{"nodeID":"1305440","text":"Asserting","type":"YA","timestamp":"2023-11-09 13:03:06"},{"nodeID":"1305441","text":"Default Transition","type":"TA","timestamp":"2023-11-09 13:03:06"},{"nodeID":"1305442","text":"the Government is not regulating the payouts to shareholders","type":"I","timestamp":"2023-11-09 13:03:06"},{"nodeID":"1305443","text":"AudienceMember 20220407QT01: Why is the Government not regulating that","type":"L","timestamp":"2023-11-09 13:03:06"},{"nodeID":"1305444","text":"Analysing","type":"YA","timestamp":"2023-11-09 13:03:06"},{"nodeID":"1305445","text":"Pawe\u0142: AudienceMember 20220407QT01: Why is the Government not regulating that","type":"L","timestamp":"2023-11-09 13:03:06"},{"nodeID":"1305446","text":"Challenging","type":"YA","timestamp":"2023-11-09 13:03:06"},{"nodeID":"1305447","text":"surely Labour should be implementing the regulations on payouts to shareholders","type":"I","timestamp":"2023-11-09 13:03:07"},{"nodeID":"1305448","text":"AudienceMember 20220407QT01: surely Labour should be implementing that as well","type":"L","timestamp":"2023-11-09 13:03:07"},{"nodeID":"1305449","text":"Analysing","type":"YA","timestamp":"2023-11-09 13:03:07"},{"nodeID":"1305450","text":"Pawe\u0142: AudienceMember 20220407QT01: surely Labour should be implementing that as well","type":"L","timestamp":"2023-11-09 13:03:07"},{"nodeID":"1305451","text":"Assertive Questioning","type":"YA","timestamp":"2023-11-09 13:03:07"},{"nodeID":"1305452","text":"working class people and people from all social classes having to pay for this energy crisis","type":"I","timestamp":"2023-11-09 13:03:08"},{"nodeID":"1305453","text":"AudienceMember 20220407QT01: Why are working class people and people from all social classes having to pay for this energy crisis","type":"L","timestamp":"2023-11-09 13:03:08"},{"nodeID":"1305454","text":"Analysing","type":"YA","timestamp":"2023-11-09 13:03:08"},{"nodeID":"1305455","text":"Pawe\u0142: AudienceMember 20220407QT01: Why are working class people and people from all social classes having to pay for this energy crisis","type":"L","timestamp":"2023-11-09 13:03:08"},{"nodeID":"1305456","text":"Challenging","type":"YA","timestamp":"2023-11-09 13:03:08"},{"nodeID":"1305457","text":"AudienceMember 20220407QT01: Why","type":"L","timestamp":"2023-11-09 13:03:08"},{"nodeID":"1305458","text":"Analysing","type":"YA","timestamp":"2023-11-09 13:03:08"},{"nodeID":"1305459","text":"Pawe\u0142: AudienceMember 20220407QT01: Why","type":"L","timestamp":"2023-11-09 13:03:08"},{"nodeID":"1305460","text":"Default Transition","type":"TA","timestamp":"2023-11-09 13:03:08"},{"nodeID":"1305461","text":"Default Transition","type":"TA","timestamp":"2023-11-09 13:03:08"},{"nodeID":"1305462","text":"Default Transition","type":"TA","timestamp":"2023-11-09 13:03:08"},{"nodeID":"1305463","text":"Default Transition","type":"TA","timestamp":"2023-11-09 13:03:08"},{"nodeID":"1305464","text":"Default Transition","type":"TA","timestamp":"2023-11-09 13:03:08"},{"nodeID":"1305465","text":"AudienceMember 20220407QT01 is or is not talking about the shareholders of the energy companies","type":"I","timestamp":"2023-11-09 13:03:08"},{"nodeID":"1305466","text":"Fiona Bruce: You're talking about the shareholders of the energy companies","type":"L","timestamp":"2023-11-09 13:03:08"},{"nodeID":"1305467","text":"Analysing","type":"YA","timestamp":"2023-11-09 13:03:08"},{"nodeID":"1305468","text":"Pawe\u0142: Fiona Bruce: You're talking about the shareholders of the energy companies","type":"L","timestamp":"2023-11-09 13:03:08"},{"nodeID":"1305469","text":"Pure Questioning","type":"YA","timestamp":"2023-11-09 13:03:08"},{"nodeID":"1305470","text":"AudienceMember 20220407QT01 is talking about the shareholders of the energy companies","type":"I","timestamp":"2023-11-09 13:03:09"},{"nodeID":"1305471","text":"AudienceMember 20220407QT02: Yeah","type":"L","timestamp":"2023-11-09 13:03:09"},{"nodeID":"1305472","text":"Analysing","type":"YA","timestamp":"2023-11-09 13:03:09"},{"nodeID":"1305473","text":"Pawe\u0142: AudienceMember 20220407QT02: Yeah","type":"L","timestamp":"2023-11-09 13:03:09"},{"nodeID":"1305474","text":"Asserting","type":"YA","timestamp":"2023-11-09 13:03:09"},{"nodeID":"1305475","text":"Default Rephrase","type":"MA","timestamp":"2023-11-09 13:03:09"},{"nodeID":"1305476","text":"Restating","type":"YA","timestamp":"2023-11-09 13:03:09"},{"nodeID":"1305477","text":"Challenging","type":"YA","timestamp":"2023-11-09 13:03:09"},{"nodeID":"1305478","text":"Default Transition","type":"TA","timestamp":"2023-11-09 13:03:09"},{"nodeID":"1305479","text":"Default Transition","type":"TA","timestamp":"2023-11-09 13:03:09"},{"nodeID":"1305480","text":"Default Rephrase","type":"MA","timestamp":"2023-11-09 13:03:09"},{"nodeID":"1305481","text":"Default Illocuting","type":"YA","timestamp":"2023-11-09 13:03:09"},{"nodeID":"1305482","text":"Default Conflict","type":"CA","timestamp":"2023-11-09 13:03:09"},{"nodeID":"1305483","text":"Disagreeing","type":"YA","timestamp":"2023-11-09 13:03:09"}],"edges":[{"edgeID":"1714984","fromID":"1305408","toID":"1305407","formEdgeID":null},{"edgeID":"1714985","fromID":"1305409","toID":"1305408","formEdgeID":null},{"edgeID":"1714986","fromID":"1305407","toID":"1305410","formEdgeID":null},{"edgeID":"1714987","fromID":"1305410","toID":"1305406","formEdgeID":null},{"edgeID":"1714988","fromID":"1305413","toID":"1305412","formEdgeID":null},{"edgeID":"1714989","fromID":"1305414","toID":"1305413","formEdgeID":null},{"edgeID":"1714990","fromID":"1305412","toID":"1305415","formEdgeID":null},{"edgeID":"1714991","fromID":"1305415","toID":"1305411","formEdgeID":null},{"edgeID":"1714992","fromID":"1305418","toID":"1305417","formEdgeID":null},{"edgeID":"1714993","fromID":"1305419","toID":"1305418","formEdgeID":null},{"edgeID":"1714994","fromID":"1305417","toID":"1305420","formEdgeID":null},{"edgeID":"1714995","fromID":"1305420","toID":"1305416","formEdgeID":null},{"edgeID":"1714996","fromID":"1305423","toID":"1305422","formEdgeID":null},{"edgeID":"1714997","fromID":"1305424","toID":"1305423","formEdgeID":null},{"edgeID":"1714998","fromID":"1305422","toID":"1305425","formEdgeID":null},{"edgeID":"1714999","fromID":"1305425","toID":"1305421","formEdgeID":null},{"edgeID":"1715000","fromID":"1305407","toID":"1305426","formEdgeID":null},{"edgeID":"1715001","fromID":"1305426","toID":"1305412","formEdgeID":null},{"edgeID":"1715002","fromID":"1305412","toID":"1305427","formEdgeID":null},{"edgeID":"1715003","fromID":"1305427","toID":"1305417","formEdgeID":null},{"edgeID":"1715004","fromID":"1305417","toID":"1305428","formEdgeID":null},{"edgeID":"1715005","fromID":"1305428","toID":"1305422","formEdgeID":null},{"edgeID":"1715006","fromID":"1305421","toID":"1305429","formEdgeID":null},{"edgeID":"1715007","fromID":"1305429","toID":"1305416","formEdgeID":null},{"edgeID":"1715008","fromID":"1305428","toID":"1305430","formEdgeID":null},{"edgeID":"1715009","fromID":"1305430","toID":"1305429","formEdgeID":null},{"edgeID":"1715010","fromID":"1305433","toID":"1305432","formEdgeID":null},{"edgeID":"1715011","fromID":"1305434","toID":"1305433","formEdgeID":null},{"edgeID":"1715012","fromID":"1305432","toID":"1305435","formEdgeID":null},{"edgeID":"1715013","fromID":"1305435","toID":"1305431","formEdgeID":null},{"edgeID":"1715014","fromID":"1305438","toID":"1305437","formEdgeID":null},{"edgeID":"1715015","fromID":"1305439","toID":"1305438","formEdgeID":null},{"edgeID":"1715016","fromID":"1305437","toID":"1305440","formEdgeID":null},{"edgeID":"1715017","fromID":"1305440","toID":"1305436","formEdgeID":null},{"edgeID":"1715018","fromID":"1305422","toID":"1305441","formEdgeID":null},{"edgeID":"1715019","fromID":"1305441","toID":"1305432","formEdgeID":null},{"edgeID":"1715020","fromID":"1305444","toID":"1305443","formEdgeID":null},{"edgeID":"1715021","fromID":"1305445","toID":"1305444","formEdgeID":null},{"edgeID":"1715022","fromID":"1305443","toID":"1305446","formEdgeID":null},{"edgeID":"1715023","fromID":"1305446","toID":"1305442","formEdgeID":null},{"edgeID":"1715024","fromID":"1305449","toID":"1305448","formEdgeID":null},{"edgeID":"1715025","fromID":"1305450","toID":"1305449","formEdgeID":null},{"edgeID":"1715026","fromID":"1305448","toID":"1305451","formEdgeID":null},{"edgeID":"1715027","fromID":"1305451","toID":"1305447","formEdgeID":null},{"edgeID":"1715028","fromID":"1305454","toID":"1305453","formEdgeID":null},{"edgeID":"1715029","fromID":"1305455","toID":"1305454","formEdgeID":null},{"edgeID":"1715030","fromID":"1305453","toID":"1305456","formEdgeID":null},{"edgeID":"1715031","fromID":"1305456","toID":"1305452","formEdgeID":null},{"edgeID":"1715032","fromID":"1305458","toID":"1305457","formEdgeID":null},{"edgeID":"1715033","fromID":"1305459","toID":"1305458","formEdgeID":null},{"edgeID":"1715034","fromID":"1305437","toID":"1305460","formEdgeID":null},{"edgeID":"1715035","fromID":"1305460","toID":"1305443","formEdgeID":null},{"edgeID":"1715036","fromID":"1305443","toID":"1305461","formEdgeID":null},{"edgeID":"1715037","fromID":"1305461","toID":"1305448","formEdgeID":null},{"edgeID":"1715038","fromID":"1305448","toID":"1305462","formEdgeID":null},{"edgeID":"1715039","fromID":"1305462","toID":"1305453","formEdgeID":null},{"edgeID":"1715040","fromID":"1305453","toID":"1305463","formEdgeID":null},{"edgeID":"1715041","fromID":"1305463","toID":"1305457","formEdgeID":null},{"edgeID":"1715042","fromID":"1305432","toID":"1305464","formEdgeID":null},{"edgeID":"1715043","fromID":"1305464","toID":"1305437","formEdgeID":null},{"edgeID":"1715044","fromID":"1305467","toID":"1305466","formEdgeID":null},{"edgeID":"1715045","fromID":"1305468","toID":"1305467","formEdgeID":null},{"edgeID":"1715046","fromID":"1305466","toID":"1305469","formEdgeID":null},{"edgeID":"1715047","fromID":"1305469","toID":"1305465","formEdgeID":null},{"edgeID":"1715048","fromID":"1305472","toID":"1305471","formEdgeID":null},{"edgeID":"1715049","fromID":"1305473","toID":"1305472","formEdgeID":null},{"edgeID":"1715050","fromID":"1305471","toID":"1305474","formEdgeID":null},{"edgeID":"1715051","fromID":"1305474","toID":"1305470","formEdgeID":null},{"edgeID":"1715052","fromID":"1305436","toID":"1305475","formEdgeID":null},{"edgeID":"1715053","fromID":"1305475","toID":"1305431","formEdgeID":null},{"edgeID":"1715054","fromID":"1305464","toID":"1305476","formEdgeID":null},{"edgeID":"1715055","fromID":"1305476","toID":"1305475","formEdgeID":null},{"edgeID":"1715056","fromID":"1305463","toID":"1305477","formEdgeID":null},{"edgeID":"1715057","fromID":"1305477","toID":"1305452","formEdgeID":null},{"edgeID":"1715058","fromID":"1305457","toID":"1305478","formEdgeID":null},{"edgeID":"1715059","fromID":"1305478","toID":"1305466","formEdgeID":null},{"edgeID":"1715060","fromID":"1305466","toID":"1305479","formEdgeID":null},{"edgeID":"1715061","fromID":"1305479","toID":"1305471","formEdgeID":null},{"edgeID":"1715062","fromID":"1305470","toID":"1305480","formEdgeID":null},{"edgeID":"1715063","fromID":"1305480","toID":"1305465","formEdgeID":null},{"edgeID":"1715064","fromID":"1305479","toID":"1305481","formEdgeID":null},{"edgeID":"1715065","fromID":"1305481","toID":"1305480","formEdgeID":null},{"edgeID":"1715066","fromID":"1305416","toID":"1305482","formEdgeID":null},{"edgeID":"1715067","fromID":"1305482","toID":"1305411","formEdgeID":null},{"edgeID":"1715068","fromID":"1305427","toID":"1305483","formEdgeID":null},{"edgeID":"1715069","fromID":"1305483","toID":"1305482","formEdgeID":null}],"locutions":[]}