{"nodes":[{"nodeID":"1309185","text":"it's a clear matter of a conflict of interest really","type":"I","timestamp":"2023-11-09 13:08:18"},{"nodeID":"1309186","text":"AudienceMember 20220407QT23: it's a clear matter of a conflict of interest really","type":"L","timestamp":"2023-11-09 13:08:18"},{"nodeID":"1309187","text":"Anon: AudienceMember 20220407QT23: it's a clear matter of a conflict of interest really","type":"L","timestamp":"2023-11-09 13:08:18"},{"nodeID":"1309188","text":"Rishi Sunak is setting the rules for the rest of the country for tax and what actually makes someone a non-dom, the actual definition of a non-dom","type":"I","timestamp":"2023-11-09 13:08:18"},{"nodeID":"1309189","text":"AudienceMember 20220407QT23: The man is setting the rules for the rest of the country for tax and what actually makes someone a non-dom, the actual definition of a non-dom","type":"L","timestamp":"2023-11-09 13:08:18"},{"nodeID":"1309190","text":"Anon: AudienceMember 20220407QT23: The man is setting the rules for the rest of the country for tax and what actually makes someone a non-dom, the actual definition of a non-dom","type":"L","timestamp":"2023-11-09 13:08:18"},{"nodeID":"1309191","text":"Rishi Sunak setting the actual definition of a non-dom, possibly that's what should be looked at","type":"I","timestamp":"2023-11-09 13:08:19"},{"nodeID":"1309192","text":"AudienceMember 20220407QT23: that's possibly that's what should be looked at","type":"L","timestamp":"2023-11-09 13:08:19"},{"nodeID":"1309193","text":"Anon: AudienceMember 20220407QT23: that's possibly that's what should be looked at","type":"L","timestamp":"2023-11-09 13:08:19"},{"nodeID":"1309194","text":"Rishi Sunak's wife is living in Number 10 with her husband","type":"I","timestamp":"2023-11-09 13:08:20"},{"nodeID":"1309195","text":"AudienceMember 20220407QT23: She's living in Number 10 with her husband","type":"L","timestamp":"2023-11-09 13:08:20"},{"nodeID":"1309196","text":"Anon: AudienceMember 20220407QT23: She's living in Number 10 with her husband","type":"L","timestamp":"2023-11-09 13:08:20"},{"nodeID":"1309197","text":"Rishi Sunak's wife is not domiciled in this country","type":"I","timestamp":"2023-11-09 13:08:20"},{"nodeID":"1309198","text":"Anon: AudienceMember 20220407QT23: she's not domiciled in this country","type":"L","timestamp":"2023-11-09 13:08:20"},{"nodeID":"1309199","text":"AudienceMember 20220407QT23: she's not domiciled in this country","type":"L","timestamp":"2023-11-09 13:08:20"},{"nodeID":"1309200","text":"Rishi Sunak'a wife living in number 10 with her husband while not being domiciled just seems to AudienceMember 20220407QT23 wrong","type":"I","timestamp":"2023-11-09 13:08:21"},{"nodeID":"1309201","text":"AudienceMember 20220407QT23: That just seems to me wrong","type":"L","timestamp":"2023-11-09 13:08:21"},{"nodeID":"1309202","text":"Anon: AudienceMember 20220407QT23: That just seems to me wrong","type":"L","timestamp":"2023-11-09 13:08:21"},{"nodeID":"1309203","text":"Zing Tsjeng never thought she would say this but Zing is in the exact same position as Rishi Sunak's wife, in that she's a foreign national, similarly to her","type":"I","timestamp":"2023-11-09 13:08:22"},{"nodeID":"1309204","text":"Zing Tsjeng: I never thought I would say this but I'm in the exact same position as Rishi Sunak's wife, in that I'm a foreign national, similarly to her","type":"L","timestamp":"2023-11-09 13:08:22"},{"nodeID":"1309205","text":"Anon: Zing Tsjeng: I never thought I would say this but I'm in the exact same position as Rishi Sunak's wife, in that I'm a foreign national, similarly to her","type":"L","timestamp":"2023-11-09 13:08:22"},{"nodeID":"1309206","text":"Zing Tsjeng can't give up her passport because her country doesn't allow for dual nationality, and yet she has absolutely no problem with paying tax on what she earns in the UK and beyond","type":"I","timestamp":"2023-11-09 13:08:22"},{"nodeID":"1309207","text":"Zing Tsjeng:  I can't give up my passport because my country doesn't allow for dual nationality, and yet I have absolutely no problem with paying tax on what I earn in the UK and beyond","type":"L","timestamp":"2023-11-09 13:08:22"},{"nodeID":"1309208","text":"Anon: Zing Tsjeng:  I can't give up my passport because my country doesn't allow for dual nationality, and yet I have absolutely no problem with paying tax on what I earn in the UK and beyond","type":"L","timestamp":"2023-11-09 13:08:22"},{"nodeID":"1309209","text":"Rishi Sunaks' wife pays tax on what she earns in the UK. The issue is where she pays tax on income earned abroad","type":"I","timestamp":"2023-11-09 13:08:23"},{"nodeID":"1309210","text":"Fiona Bruce:  she pays tax on what she earns in the UK. The issue is where she pays tax on income earned abroad","type":"L","timestamp":"2023-11-09 13:08:23"},{"nodeID":"1309211","text":"Fyfe: Fiona Bruce:  she pays tax on what she earns in the UK. The issue is where she pays tax on income earned abroad","type":"L","timestamp":"2023-11-09 13:08:23"},{"nodeID":"1309212","text":"Rishi Sunaks' wife is paying in to contribute to the country","type":"I","timestamp":"2023-11-09 13:08:23"},{"nodeID":"1309213","text":"Greg Hands: Which she is","type":"L","timestamp":"2023-11-09 13:08:23"},{"nodeID":"1309214","text":"Fyfe: Greg Hands: Which she is","type":"L","timestamp":"2023-11-09 13:08:23"},{"nodeID":"1309215","text":"Rishi Sunak's wife is a resident in the UK, and she clearly is","type":"I","timestamp":"2023-11-09 13:08:24"},{"nodeID":"1309216","text":"Rishi Sunak's wife is a resident in the UK because she's living on Downing Street","type":"I","timestamp":"2023-11-09 13:08:25"},{"nodeID":"1309217","text":"Zing Tsjeng: she's living on Downing Street","type":"L","timestamp":"2023-11-09 13:08:25"},{"nodeID":"1309218","text":"Analysing","type":"YA","timestamp":"2023-11-09 13:08:25"},{"nodeID":"1309219","text":"Fyfe: Zing Tsjeng: she's living on Downing Street","type":"L","timestamp":"2023-11-09 13:08:25"},{"nodeID":"1309220","text":"Fyfe: Zing Tsjeng: she is resident in the UK, and she clearly is","type":"L","timestamp":"2023-11-09 13:08:25"},{"nodeID":"1309221","text":"Asserting","type":"YA","timestamp":"2023-11-09 13:08:25"},{"nodeID":"1309222","text":"Zing Tsjeng: she is resident in the UK, and she clearly is","type":"L","timestamp":"2023-11-09 13:08:25"},{"nodeID":"1309223","text":"Rishi Sunak's wife is a resident in the UK as she is making use of British infrastructure","type":"I","timestamp":"2023-11-09 13:08:25"},{"nodeID":"1309224","text":"Analysing","type":"YA","timestamp":"2023-11-09 13:08:25"},{"nodeID":"1309225","text":"Zing Tsjeng: she is making use of British infrastructure","type":"L","timestamp":"2023-11-09 13:08:25"},{"nodeID":"1309226","text":"Asserting","type":"YA","timestamp":"2023-11-09 13:08:25"},{"nodeID":"1309227","text":"Default Transition","type":"TA","timestamp":"2023-11-09 13:08:25"},{"nodeID":"1309228","text":"Fyfe: Zing Tsjeng: she is making use of British infrastructure","type":"L","timestamp":"2023-11-09 13:08:25"},{"nodeID":"1309229","text":"Zing Tsjeng: She's sending her children to British schools, she's raising them in the UK","type":"L","timestamp":"2023-11-09 13:08:25"},{"nodeID":"1309230","text":"Analysing","type":"YA","timestamp":"2023-11-09 13:08:25"},{"nodeID":"1309231","text":"Fyfe: Zing Tsjeng: She's sending her children to British schools, she's raising them in the UK","type":"L","timestamp":"2023-11-09 13:08:25"},{"nodeID":"1309232","text":"Asserting","type":"YA","timestamp":"2023-11-09 13:08:25"},{"nodeID":"1309233","text":"Default Transition","type":"TA","timestamp":"2023-11-09 13:08:25"},{"nodeID":"1309234","text":"Default Rephrase","type":"MA","timestamp":"2023-11-09 13:08:25"},{"nodeID":"1309235","text":"Restating","type":"YA","timestamp":"2023-11-09 13:08:25"},{"nodeID":"1309236","text":"it is absolutely right that she should be paying in to contribute to the country","type":"I","timestamp":"2023-11-09 13:08:26"},{"nodeID":"1309237","text":"Zing Tsjeng: it is absolutely right that she should be paying in to contribute to the country","type":"L","timestamp":"2023-11-09 13:08:26"},{"nodeID":"1309238","text":"Analysing","type":"YA","timestamp":"2023-11-09 13:08:26"},{"nodeID":"1309239","text":"Assertive Questioning","type":"YA","timestamp":"2023-11-09 13:08:26"},{"nodeID":"1309240","text":"Default Transition","type":"TA","timestamp":"2023-11-09 13:08:26"},{"nodeID":"1309241","text":"Fyfe: Zing Tsjeng: it is absolutely right that she should be paying in to contribute to the country","type":"L","timestamp":"2023-11-09 13:08:26"},{"nodeID":"1309242","text":"Analysing","type":"YA","timestamp":"2023-11-09 13:08:26"},{"nodeID":"1309243","text":"Asserting","type":"YA","timestamp":"2023-11-09 13:08:26"},{"nodeID":"1309244","text":"Analysing","type":"YA","timestamp":"2023-11-09 13:08:26"},{"nodeID":"1309245","text":"Asserting","type":"YA","timestamp":"2023-11-09 13:08:26"},{"nodeID":"1309246","text":"Default Inference","type":"RA","timestamp":"2023-11-09 13:08:26"},{"nodeID":"1309247","text":"Default Transition","type":"TA","timestamp":"2023-11-09 13:08:26"},{"nodeID":"1309248","text":"Default Transition","type":"TA","timestamp":"2023-11-09 13:08:26"},{"nodeID":"1309249","text":"Arguing","type":"YA","timestamp":"2023-11-09 13:08:26"},{"nodeID":"1309250","text":"Analysing","type":"YA","timestamp":"2023-11-09 13:08:26"},{"nodeID":"1309251","text":"Asserting","type":"YA","timestamp":"2023-11-09 13:08:26"},{"nodeID":"1309252","text":"Default Transition","type":"TA","timestamp":"2023-11-09 13:08:26"},{"nodeID":"1309253","text":"Analysing","type":"YA","timestamp":"2023-11-09 13:08:26"},{"nodeID":"1309254","text":"Asserting","type":"YA","timestamp":"2023-11-09 13:08:26"},{"nodeID":"1309255","text":"Default Transition","type":"TA","timestamp":"2023-11-09 13:08:26"},{"nodeID":"1309256","text":"Analysing","type":"YA","timestamp":"2023-11-09 13:08:26"},{"nodeID":"1309257","text":"Asserting","type":"YA","timestamp":"2023-11-09 13:08:26"},{"nodeID":"1309258","text":"Default Transition","type":"TA","timestamp":"2023-11-09 13:08:26"},{"nodeID":"1309259","text":"Default Conflict","type":"CA","timestamp":"2023-11-09 13:08:26"},{"nodeID":"1309260","text":"Disagreeing","type":"YA","timestamp":"2023-11-09 13:08:26"},{"nodeID":"1309261","text":"Analysing","type":"YA","timestamp":"2023-11-09 13:08:26"},{"nodeID":"1309262","text":"Asserting","type":"YA","timestamp":"2023-11-09 13:08:26"},{"nodeID":"1309263","text":"Default Rephrase","type":"MA","timestamp":"2023-11-09 13:08:26"},{"nodeID":"1309264","text":"Restating","type":"YA","timestamp":"2023-11-09 13:08:26"},{"nodeID":"1309265","text":"Analysing","type":"YA","timestamp":"2023-11-09 13:08:26"},{"nodeID":"1309266","text":"Asserting","type":"YA","timestamp":"2023-11-09 13:08:26"},{"nodeID":"1309267","text":"Default Transition","type":"TA","timestamp":"2023-11-09 13:08:26"},{"nodeID":"1309268","text":"Asserting","type":"YA","timestamp":"2023-11-09 13:08:26"},{"nodeID":"1309269","text":"Analysing","type":"YA","timestamp":"2023-11-09 13:08:26"},{"nodeID":"1309270","text":"Analysing","type":"YA","timestamp":"2023-11-09 13:08:26"},{"nodeID":"1309271","text":"Asserting","type":"YA","timestamp":"2023-11-09 13:08:26"},{"nodeID":"1309272","text":"Rishi Sunak's wife is a resident in the UK as she is sending her children to British schools, she's raising them in the UK","type":"I","timestamp":"2023-11-09 13:08:27"},{"nodeID":"1309273","text":"Analysing","type":"YA","timestamp":"2023-11-09 13:08:27"},{"nodeID":"1309274","text":"Asserting","type":"YA","timestamp":"2023-11-09 13:08:27"},{"nodeID":"1309275","text":"Analysing","type":"YA","timestamp":"2023-11-09 13:08:27"},{"nodeID":"1309276","text":"Asserting","type":"YA","timestamp":"2023-11-09 13:08:27"},{"nodeID":"1309277","text":"Default Transition","type":"TA","timestamp":"2023-11-09 13:08:27"},{"nodeID":"1309278","text":"Default Rephrase","type":"MA","timestamp":"2023-11-09 13:08:27"},{"nodeID":"1309279","text":"Default Rephrase","type":"MA","timestamp":"2023-11-09 13:08:27"},{"nodeID":"1309280","text":"Default Rephrase","type":"MA","timestamp":"2023-11-09 13:08:27"},{"nodeID":"1309281","text":"Default Rephrase","type":"MA","timestamp":"2023-11-09 13:08:27"},{"nodeID":"1309282","text":"Default Transition","type":"TA","timestamp":"2023-11-09 13:08:27"},{"nodeID":"1309283","text":"Default Transition","type":"TA","timestamp":"2023-11-09 13:08:27"},{"nodeID":"1309284","text":"Default Transition","type":"TA","timestamp":"2023-11-09 13:08:27"},{"nodeID":"1309285","text":"Default Transition","type":"TA","timestamp":"2023-11-09 13:08:27"},{"nodeID":"1309286","text":"Default Transition","type":"TA","timestamp":"2023-11-09 13:08:27"},{"nodeID":"1309287","text":"Default Transition","type":"TA","timestamp":"2023-11-09 13:08:27"},{"nodeID":"1309288","text":"Restating","type":"YA","timestamp":"2023-11-09 13:08:27"},{"nodeID":"1309289","text":"Restating","type":"YA","timestamp":"2023-11-09 13:08:27"},{"nodeID":"1309290","text":"Restating","type":"YA","timestamp":"2023-11-09 13:08:27"},{"nodeID":"1309291","text":"Restating","type":"YA","timestamp":"2023-11-09 13:08:27"}],"edges":[{"edgeID":"1719426","fromID":"1309218","toID":"1309186","formEdgeID":null},{"edgeID":"1719427","fromID":"1309187","toID":"1309218","formEdgeID":null},{"edgeID":"1719428","fromID":"1309221","toID":"1309185","formEdgeID":null},{"edgeID":"1719429","fromID":"1309186","toID":"1309221","formEdgeID":null},{"edgeID":"1719430","fromID":"1309224","toID":"1309189","formEdgeID":null},{"edgeID":"1719431","fromID":"1309190","toID":"1309224","formEdgeID":null},{"edgeID":"1719432","fromID":"1309189","toID":"1309226","formEdgeID":null},{"edgeID":"1719433","fromID":"1309226","toID":"1309188","formEdgeID":null},{"edgeID":"1719434","fromID":"1309186","toID":"1309227","formEdgeID":null},{"edgeID":"1719435","fromID":"1309227","toID":"1309189","formEdgeID":null},{"edgeID":"1719436","fromID":"1309193","toID":"1309230","formEdgeID":null},{"edgeID":"1719437","fromID":"1309230","toID":"1309192","formEdgeID":null},{"edgeID":"1719438","fromID":"1309232","toID":"1309191","formEdgeID":null},{"edgeID":"1719439","fromID":"1309192","toID":"1309232","formEdgeID":null},{"edgeID":"1719440","fromID":"1309189","toID":"1309233","formEdgeID":null},{"edgeID":"1719441","fromID":"1309233","toID":"1309192","formEdgeID":null},{"edgeID":"1719442","fromID":"1309234","toID":"1309188","formEdgeID":null},{"edgeID":"1719443","fromID":"1309191","toID":"1309234","formEdgeID":null},{"edgeID":"1719444","fromID":"1309233","toID":"1309235","formEdgeID":null},{"edgeID":"1719445","fromID":"1309235","toID":"1309234","formEdgeID":null},{"edgeID":"1719446","fromID":"1309238","toID":"1309195","formEdgeID":null},{"edgeID":"1719447","fromID":"1309196","toID":"1309238","formEdgeID":null},{"edgeID":"1719448","fromID":"1309239","toID":"1309194","formEdgeID":null},{"edgeID":"1719449","fromID":"1309195","toID":"1309239","formEdgeID":null},{"edgeID":"1719450","fromID":"1309192","toID":"1309240","formEdgeID":null},{"edgeID":"1719451","fromID":"1309240","toID":"1309195","formEdgeID":null},{"edgeID":"1719452","fromID":"1309242","toID":"1309199","formEdgeID":null},{"edgeID":"1719453","fromID":"1309198","toID":"1309242","formEdgeID":null},{"edgeID":"1719454","fromID":"1309199","toID":"1309243","formEdgeID":null},{"edgeID":"1719455","fromID":"1309243","toID":"1309197","formEdgeID":null},{"edgeID":"1719456","fromID":"1309202","toID":"1309244","formEdgeID":null},{"edgeID":"1719457","fromID":"1309201","toID":"1309245","formEdgeID":null},{"edgeID":"1719458","fromID":"1309244","toID":"1309201","formEdgeID":null},{"edgeID":"1719459","fromID":"1309245","toID":"1309200","formEdgeID":null},{"edgeID":"1719460","fromID":"1309197","toID":"1309246","formEdgeID":null},{"edgeID":"1719461","fromID":"1309246","toID":"1309200","formEdgeID":null},{"edgeID":"1719462","fromID":"1309194","toID":"1309246","formEdgeID":null},{"edgeID":"1719463","fromID":"1309247","toID":"1309201","formEdgeID":null},{"edgeID":"1719464","fromID":"1309195","toID":"1309247","formEdgeID":null},{"edgeID":"1719465","fromID":"1309199","toID":"1309248","formEdgeID":null},{"edgeID":"1719466","fromID":"1309248","toID":"1309201","formEdgeID":null},{"edgeID":"1719467","fromID":"1309248","toID":"1309249","formEdgeID":null},{"edgeID":"1719468","fromID":"1309249","toID":"1309246","formEdgeID":null},{"edgeID":"1719469","fromID":"1309250","toID":"1309204","formEdgeID":null},{"edgeID":"1719470","fromID":"1309205","toID":"1309250","formEdgeID":null},{"edgeID":"1719471","fromID":"1309204","toID":"1309251","formEdgeID":null},{"edgeID":"1719472","fromID":"1309251","toID":"1309203","formEdgeID":null},{"edgeID":"1719473","fromID":"1309201","toID":"1309252","formEdgeID":null},{"edgeID":"1719474","fromID":"1309252","toID":"1309204","formEdgeID":null},{"edgeID":"1719475","fromID":"1309208","toID":"1309253","formEdgeID":null},{"edgeID":"1719476","fromID":"1309253","toID":"1309207","formEdgeID":null},{"edgeID":"1719477","fromID":"1309207","toID":"1309254","formEdgeID":null},{"edgeID":"1719478","fromID":"1309254","toID":"1309206","formEdgeID":null},{"edgeID":"1719479","fromID":"1309204","toID":"1309255","formEdgeID":null},{"edgeID":"1719480","fromID":"1309255","toID":"1309207","formEdgeID":null},{"edgeID":"1719481","fromID":"1309256","toID":"1309210","formEdgeID":null},{"edgeID":"1719482","fromID":"1309211","toID":"1309256","formEdgeID":null},{"edgeID":"1719483","fromID":"1309210","toID":"1309257","formEdgeID":null},{"edgeID":"1719484","fromID":"1309257","toID":"1309209","formEdgeID":null},{"edgeID":"1719485","fromID":"1309207","toID":"1309258","formEdgeID":null},{"edgeID":"1719486","fromID":"1309258","toID":"1309210","formEdgeID":null},{"edgeID":"1719487","fromID":"1309209","toID":"1309259","formEdgeID":null},{"edgeID":"1719488","fromID":"1309259","toID":"1309206","formEdgeID":null},{"edgeID":"1719489","fromID":"1309258","toID":"1309260","formEdgeID":null},{"edgeID":"1719490","fromID":"1309260","toID":"1309259","formEdgeID":null},{"edgeID":"1719491","fromID":"1309261","toID":"1309213","formEdgeID":null},{"edgeID":"1719492","fromID":"1309214","toID":"1309261","formEdgeID":null},{"edgeID":"1719493","fromID":"1309213","toID":"1309262","formEdgeID":null},{"edgeID":"1719494","fromID":"1309262","toID":"1309212","formEdgeID":null},{"edgeID":"1719495","fromID":"1309206","toID":"1309263","formEdgeID":null},{"edgeID":"1719496","fromID":"1309263","toID":"1309203","formEdgeID":null},{"edgeID":"1719497","fromID":"1309255","toID":"1309264","formEdgeID":null},{"edgeID":"1719498","fromID":"1309264","toID":"1309263","formEdgeID":null},{"edgeID":"1719499","fromID":"1309265","toID":"1309217","formEdgeID":null},{"edgeID":"1719500","fromID":"1309219","toID":"1309265","formEdgeID":null},{"edgeID":"1719501","fromID":"1309217","toID":"1309266","formEdgeID":null},{"edgeID":"1719502","fromID":"1309266","toID":"1309216","formEdgeID":null},{"edgeID":"1719503","fromID":"1309210","toID":"1309267","formEdgeID":null},{"edgeID":"1719504","fromID":"1309267","toID":"1309222","formEdgeID":null},{"edgeID":"1719505","fromID":"1309268","toID":"1309215","formEdgeID":null},{"edgeID":"1719506","fromID":"1309222","toID":"1309268","formEdgeID":null},{"edgeID":"1719507","fromID":"1309220","toID":"1309269","formEdgeID":null},{"edgeID":"1719508","fromID":"1309269","toID":"1309222","formEdgeID":null},{"edgeID":"1719509","fromID":"1309270","toID":"1309225","formEdgeID":null},{"edgeID":"1719510","fromID":"1309228","toID":"1309270","formEdgeID":null},{"edgeID":"1719511","fromID":"1309225","toID":"1309271","formEdgeID":null},{"edgeID":"1719512","fromID":"1309271","toID":"1309223","formEdgeID":null},{"edgeID":"1719513","fromID":"1309273","toID":"1309229","formEdgeID":null},{"edgeID":"1719514","fromID":"1309231","toID":"1309273","formEdgeID":null},{"edgeID":"1719515","fromID":"1309229","toID":"1309274","formEdgeID":null},{"edgeID":"1719516","fromID":"1309274","toID":"1309272","formEdgeID":null},{"edgeID":"1719517","fromID":"1309275","toID":"1309237","formEdgeID":null},{"edgeID":"1719518","fromID":"1309241","toID":"1309275","formEdgeID":null},{"edgeID":"1719519","fromID":"1309237","toID":"1309276","formEdgeID":null},{"edgeID":"1719520","fromID":"1309276","toID":"1309236","formEdgeID":null},{"edgeID":"1719521","fromID":"1309237","toID":"1309277","formEdgeID":null},{"edgeID":"1719522","fromID":"1309277","toID":"1309213","formEdgeID":null},{"edgeID":"1719523","fromID":"1309212","toID":"1309278","formEdgeID":null},{"edgeID":"1719524","fromID":"1309278","toID":"1309236","formEdgeID":null},{"edgeID":"1719525","fromID":"1309216","toID":"1309279","formEdgeID":null},{"edgeID":"1719526","fromID":"1309279","toID":"1309215","formEdgeID":null},{"edgeID":"1719527","fromID":"1309223","toID":"1309280","formEdgeID":null},{"edgeID":"1719528","fromID":"1309280","toID":"1309215","formEdgeID":null},{"edgeID":"1719529","fromID":"1309272","toID":"1309281","formEdgeID":null},{"edgeID":"1719530","fromID":"1309281","toID":"1309215","formEdgeID":null},{"edgeID":"1719531","fromID":"1309222","toID":"1309282","formEdgeID":null},{"edgeID":"1719532","fromID":"1309282","toID":"1309217","formEdgeID":null},{"edgeID":"1719533","fromID":"1309217","toID":"1309283","formEdgeID":null},{"edgeID":"1719534","fromID":"1309283","toID":"1309225","formEdgeID":null},{"edgeID":"1719535","fromID":"1309225","toID":"1309284","formEdgeID":null},{"edgeID":"1719536","fromID":"1309284","toID":"1309229","formEdgeID":null},{"edgeID":"1719537","fromID":"1309229","toID":"1309285","formEdgeID":null},{"edgeID":"1719538","fromID":"1309285","toID":"1309237","formEdgeID":null},{"edgeID":"1719539","fromID":"1309222","toID":"1309286","formEdgeID":null},{"edgeID":"1719540","fromID":"1309286","toID":"1309225","formEdgeID":null},{"edgeID":"1719541","fromID":"1309222","toID":"1309287","formEdgeID":null},{"edgeID":"1719542","fromID":"1309287","toID":"1309229","formEdgeID":null},{"edgeID":"1719543","fromID":"1309287","toID":"1309288","formEdgeID":null},{"edgeID":"1719544","fromID":"1309288","toID":"1309281","formEdgeID":null},{"edgeID":"1719545","fromID":"1309286","toID":"1309289","formEdgeID":null},{"edgeID":"1719546","fromID":"1309289","toID":"1309280","formEdgeID":null},{"edgeID":"1719547","fromID":"1309282","toID":"1309290","formEdgeID":null},{"edgeID":"1719548","fromID":"1309290","toID":"1309279","formEdgeID":null},{"edgeID":"1719549","fromID":"1309277","toID":"1309291","formEdgeID":null},{"edgeID":"1719550","fromID":"1309291","toID":"1309278","formEdgeID":null}],"locutions":[]}