{"nodes":[{"nodeID":"1305484","text":"the Treasury offered a \u00a3200 rebate which the UK public will pay back in \u00a340 instalments","type":"I","timestamp":"2023-11-09 13:03:09"},{"nodeID":"1305485","text":"AudienceMember 20220407QT09: You said about the \u00a3200 rebate which we're going to have to pay back in \u00a340 instalments","type":"L","timestamp":"2023-11-09 13:03:09"},{"nodeID":"1305486","text":"Analysing","type":"YA","timestamp":"2023-11-09 13:03:09"},{"nodeID":"1305487","text":"Fyfe: AudienceMember 20220407QT09: You said about the \u00a3200 rebate which we're going to have to pay back in \u00a340 instalments","type":"L","timestamp":"2023-11-09 13:03:09"},{"nodeID":"1305488","text":"Asserting","type":"YA","timestamp":"2023-11-09 13:03:09"},{"nodeID":"1305489","text":"the cost of living isn't going down","type":"I","timestamp":"2023-11-09 13:03:10"},{"nodeID":"1305490","text":"AudienceMember 20220407QT09: the cost of living isn't going down","type":"L","timestamp":"2023-11-09 13:03:10"},{"nodeID":"1305491","text":"Analysing","type":"YA","timestamp":"2023-11-09 13:03:10"},{"nodeID":"1305492","text":"Fyfe: AudienceMember 20220407QT09: the cost of living isn't going down","type":"L","timestamp":"2023-11-09 13:03:10"},{"nodeID":"1305493","text":"Asserting","type":"YA","timestamp":"2023-11-09 13:03:10"},{"nodeID":"1305494","text":"Default Transition","type":"TA","timestamp":"2023-11-09 13:03:10"},{"nodeID":"1305495","text":"the cost of living is going up","type":"I","timestamp":"2023-11-09 13:03:11"},{"nodeID":"1305496","text":"AudienceMember 20220407QT09: it's going up","type":"L","timestamp":"2023-11-09 13:03:11"},{"nodeID":"1305497","text":"Analysing","type":"YA","timestamp":"2023-11-09 13:03:11"},{"nodeID":"1305498","text":"Fyfe: AudienceMember 20220407QT09: it's going up","type":"L","timestamp":"2023-11-09 13:03:11"},{"nodeID":"1305499","text":"Asserting","type":"YA","timestamp":"2023-11-09 13:03:11"},{"nodeID":"1305500","text":"Default Transition","type":"TA","timestamp":"2023-11-09 13:03:11"},{"nodeID":"1305501","text":"Default Rephrase","type":"MA","timestamp":"2023-11-09 13:03:11"},{"nodeID":"1305502","text":"Restating","type":"YA","timestamp":"2023-11-09 13:03:11"},{"nodeID":"1305503","text":"the UK public are getting a short-term slight benefit","type":"I","timestamp":"2023-11-09 13:03:11"},{"nodeID":"1305504","text":"AudienceMember 20220407QT09: we're getting a short-term slight benefit","type":"L","timestamp":"2023-11-09 13:03:11"},{"nodeID":"1305505","text":"Analysing","type":"YA","timestamp":"2023-11-09 13:03:11"},{"nodeID":"1305506","text":"Fyfe: AudienceMember 20220407QT09: we're getting a short-term slight benefit","type":"L","timestamp":"2023-11-09 13:03:11"},{"nodeID":"1305507","text":"Asserting","type":"YA","timestamp":"2023-11-09 13:03:11"},{"nodeID":"1305508","text":"Default Transition","type":"TA","timestamp":"2023-11-09 13:03:11"},{"nodeID":"1305509","text":"Default Transition","type":"TA","timestamp":"2023-11-09 13:03:11"},{"nodeID":"1305510","text":"Default Inference","type":"RA","timestamp":"2023-11-09 13:03:11"},{"nodeID":"1305511","text":"Arguing","type":"YA","timestamp":"2023-11-09 13:03:11"},{"nodeID":"1305512","text":"the UK public are getting short term benefit as they are not going to have \u00a340 more next year to pay the loan back","type":"I","timestamp":"2023-11-09 13:03:12"},{"nodeID":"1305513","text":"AudienceMember 20220407QT09: it's not as if we're going to have \u00a340 more next year to pay our loan back","type":"L","timestamp":"2023-11-09 13:03:12"},{"nodeID":"1305514","text":"Analysing","type":"YA","timestamp":"2023-11-09 13:03:12"},{"nodeID":"1305515","text":"Fyfe: AudienceMember 20220407QT09: it's not as if we're going to have \u00a340 more next year to pay our loan back","type":"L","timestamp":"2023-11-09 13:03:12"},{"nodeID":"1305516","text":"Asserting","type":"YA","timestamp":"2023-11-09 13:03:12"},{"nodeID":"1305517","text":"Default Transition","type":"TA","timestamp":"2023-11-09 13:03:12"},{"nodeID":"1305518","text":"Default Rephrase","type":"MA","timestamp":"2023-11-09 13:03:12"},{"nodeID":"1305519","text":"Restating","type":"YA","timestamp":"2023-11-09 13:03:12"},{"nodeID":"1305520","text":"Ed Miliband: how much billions they were going to put into nuclear energy","type":"I","timestamp":"2023-11-09 13:03:12"},{"nodeID":"1305521","text":"AudienceMember 20220407QT10: Ed Miliband was on TV this morning saying how much billions they were going to put into nuclear energy","type":"L","timestamp":"2023-11-09 13:03:12"},{"nodeID":"1305522","text":"Analysing","type":"YA","timestamp":"2023-11-09 13:03:12"},{"nodeID":"1305523","text":"Fyfe: AudienceMember 20220407QT10: Ed Miliband was on TV this morning saying how much billions they were going to put into nuclear energy","type":"L","timestamp":"2023-11-09 13:03:12"},{"nodeID":"1305524","text":"Asserting","type":"YA","timestamp":"2023-11-09 13:03:12"},{"nodeID":"1305525","text":"a Labour government want to put billions into nuclear energy","type":"L","timestamp":"2023-11-09 13:03:12"},{"nodeID":"1305526","text":"Analysing","type":"YA","timestamp":"2023-11-09 13:03:12"},{"nodeID":"1305527","text":"Fyfe: Ed Miliband: Ed Miliband was on TV this morning saying how much billions they were going to put into nuclear energy","type":"L","timestamp":"2023-11-09 13:03:12"},{"nodeID":"1305528","text":"Asserting","type":"YA","timestamp":"2023-11-09 13:03:12"},{"nodeID":"1305529","text":"Default Transition","type":"TA","timestamp":"2023-11-09 13:03:12"},{"nodeID":"1305530","text":"money should not be going into nuclear energy","type":"I","timestamp":"2023-11-09 13:03:13"},{"nodeID":"1305531","text":"AudienceMember 20220407QT10: The money is going into the wrong things","type":"L","timestamp":"2023-11-09 13:03:13"},{"nodeID":"1305532","text":"Analysing","type":"YA","timestamp":"2023-11-09 13:03:13"},{"nodeID":"1305533","text":"Fyfe: AudienceMember 20220407QT10: The money is going into the wrong things","type":"L","timestamp":"2023-11-09 13:03:13"},{"nodeID":"1305534","text":"Asserting","type":"YA","timestamp":"2023-11-09 13:03:13"},{"nodeID":"1305535","text":"Default Transition","type":"TA","timestamp":"2023-11-09 13:03:13"},{"nodeID":"1305536","text":"Default Conflict","type":"CA","timestamp":"2023-11-09 13:03:13"},{"nodeID":"1305537","text":"Disagreeing","type":"YA","timestamp":"2023-11-09 13:03:13"},{"nodeID":"1305538","text":"the one thing that's missing from this whole scenario is honesty","type":"I","timestamp":"2023-11-09 13:03:14"},{"nodeID":"1305539","text":"AudienceMember 20220407QT10: The one thing that's missing from this whole scenario is honesty","type":"L","timestamp":"2023-11-09 13:03:14"},{"nodeID":"1305540","text":"Analysing","type":"YA","timestamp":"2023-11-09 13:03:14"},{"nodeID":"1305541","text":"Fyfe: AudienceMember 20220407QT10: The one thing that's missing from this whole scenario is honesty","type":"L","timestamp":"2023-11-09 13:03:14"},{"nodeID":"1305542","text":"Asserting","type":"YA","timestamp":"2023-11-09 13:03:14"},{"nodeID":"1305543","text":"Default Transition","type":"TA","timestamp":"2023-11-09 13:03:14"},{"nodeID":"1305544","text":"there is no honesty in the scenario about the technology that's being used","type":"I","timestamp":"2023-11-09 13:03:14"},{"nodeID":"1305545","text":"AudienceMember 20220407QT10: There's no honesty about the technology that's being used","type":"L","timestamp":"2023-11-09 13:03:14"},{"nodeID":"1305546","text":"Analysing","type":"YA","timestamp":"2023-11-09 13:03:14"},{"nodeID":"1305547","text":"Fyfe: AudienceMember 20220407QT10: There's no honesty about the technology that's being used","type":"L","timestamp":"2023-11-09 13:03:14"},{"nodeID":"1305548","text":"Asserting","type":"YA","timestamp":"2023-11-09 13:03:14"},{"nodeID":"1305549","text":"Default Transition","type":"TA","timestamp":"2023-11-09 13:03:14"},{"nodeID":"1305550","text":"Default Rephrase","type":"MA","timestamp":"2023-11-09 13:03:14"},{"nodeID":"1305551","text":"Restating","type":"YA","timestamp":"2023-11-09 13:03:14"},{"nodeID":"1305552","text":"one hundred years ago, Nikola Tesla downloaded electromagnetic energy from the sun","type":"I","timestamp":"2023-11-09 13:03:15"},{"nodeID":"1305553","text":"AudienceMember 20220407QT10: One hundred years ago, Nikola Tesla downloaded electromagnetic energy from the sun","type":"L","timestamp":"2023-11-09 13:03:15"},{"nodeID":"1305554","text":"Analysing","type":"YA","timestamp":"2023-11-09 13:03:15"},{"nodeID":"1305555","text":"Fyfe: AudienceMember 20220407QT10: One hundred years ago, Nikola Tesla downloaded electromagnetic energy from the sun","type":"L","timestamp":"2023-11-09 13:03:15"},{"nodeID":"1305556","text":"Asserting","type":"YA","timestamp":"2023-11-09 13:03:15"},{"nodeID":"1305557","text":"Default Transition","type":"TA","timestamp":"2023-11-09 13:03:15"},{"nodeID":"1305558","text":"Nikola Tesla downloading electromagnetic energy from the sun was suppressed by a banker","type":"I","timestamp":"2023-11-09 13:03:16"},{"nodeID":"1305559","text":"AudienceMember 20220407QT10: It was suppressed by a banker","type":"L","timestamp":"2023-11-09 13:03:16"},{"nodeID":"1305560","text":"Analysing","type":"YA","timestamp":"2023-11-09 13:03:16"},{"nodeID":"1305561","text":"Fyfe: AudienceMember 20220407QT10: It was suppressed by a banker","type":"L","timestamp":"2023-11-09 13:03:16"},{"nodeID":"1305562","text":"Asserting","type":"YA","timestamp":"2023-11-09 13:03:16"},{"nodeID":"1305563","text":"Default Rephrase","type":"MA","timestamp":"2023-11-09 13:03:16"},{"nodeID":"1305564","text":"Default Transition","type":"TA","timestamp":"2023-11-09 13:03:16"},{"nodeID":"1305565","text":"Restating","type":"YA","timestamp":"2023-11-09 13:03:16"},{"nodeID":"1305566","text":"it's the bankers that have been holding us back from and suppressing alternate energy sources because of their investments and we need to start looking at new technology","type":"I","timestamp":"2023-11-09 13:03:16"},{"nodeID":"1305567","text":"AudienceMember 20220407QT10: It's the bankers that have been holding us back because of their investments and we need to start looking at new technology","type":"L","timestamp":"2023-11-09 13:03:16"},{"nodeID":"1305568","text":"Analysing","type":"YA","timestamp":"2023-11-09 13:03:16"},{"nodeID":"1305569","text":"Fyfe: AudienceMember 20220407QT10: It's the bankers that have been holding us back because of their investments and we need to start looking at new technology","type":"L","timestamp":"2023-11-09 13:03:16"},{"nodeID":"1305570","text":"Asserting","type":"YA","timestamp":"2023-11-09 13:03:16"},{"nodeID":"1305571","text":"Default Rephrase","type":"MA","timestamp":"2023-11-09 13:03:16"},{"nodeID":"1305572","text":"Default Transition","type":"TA","timestamp":"2023-11-09 13:03:16"},{"nodeID":"1305573","text":"Restating","type":"YA","timestamp":"2023-11-09 13:03:16"},{"nodeID":"1305574","text":"the money is coming from xxx to support innovative disruptive technology","type":"I","timestamp":"2023-11-09 13:03:17"},{"nodeID":"1305575","text":"AudienceMember 20220407QT10: where's the money coming from that's going to support innovative disruptive technology","type":"L","timestamp":"2023-11-09 13:03:17"},{"nodeID":"1305576","text":"Analysing","type":"YA","timestamp":"2023-11-09 13:03:17"},{"nodeID":"1305577","text":"Fyfe: AudienceMember 20220407QT10: where's the money coming from that's going to support innovative disruptive technology","type":"L","timestamp":"2023-11-09 13:03:17"},{"nodeID":"1305578","text":"Pure Questioning","type":"YA","timestamp":"2023-11-09 13:03:17"},{"nodeID":"1305579","text":"Default Transition","type":"TA","timestamp":"2023-11-09 13:03:17"},{"nodeID":"1305580","text":"when you look at COP26, it was all about the bankers investing and the green eco","type":"I","timestamp":"2023-11-09 13:03:17"},{"nodeID":"1305581","text":"AudienceMember 20220407QT10: when you look at COP26, it was all about the bankers investing and the green eco","type":"L","timestamp":"2023-11-09 13:03:17"},{"nodeID":"1305582","text":"Analysing","type":"YA","timestamp":"2023-11-09 13:03:17"},{"nodeID":"1305583","text":"Fyfe: AudienceMember 20220407QT10: when you look at COP26, it was all about the bankers investing and the green eco","type":"L","timestamp":"2023-11-09 13:03:17"},{"nodeID":"1305584","text":"Asserting","type":"YA","timestamp":"2023-11-09 13:03:17"},{"nodeID":"1305585","text":"Default Transition","type":"TA","timestamp":"2023-11-09 13:03:17"},{"nodeID":"1305586","text":"Default Transition","type":"TA","timestamp":"2023-11-09 13:03:17"}],"edges":[{"edgeID":"1715070","fromID":"1305486","toID":"1305485","formEdgeID":null},{"edgeID":"1715071","fromID":"1305487","toID":"1305486","formEdgeID":null},{"edgeID":"1715072","fromID":"1305485","toID":"1305488","formEdgeID":null},{"edgeID":"1715073","fromID":"1305488","toID":"1305484","formEdgeID":null},{"edgeID":"1715074","fromID":"1305491","toID":"1305490","formEdgeID":null},{"edgeID":"1715075","fromID":"1305492","toID":"1305491","formEdgeID":null},{"edgeID":"1715076","fromID":"1305490","toID":"1305493","formEdgeID":null},{"edgeID":"1715077","fromID":"1305493","toID":"1305489","formEdgeID":null},{"edgeID":"1715078","fromID":"1305485","toID":"1305494","formEdgeID":null},{"edgeID":"1715079","fromID":"1305494","toID":"1305490","formEdgeID":null},{"edgeID":"1715080","fromID":"1305498","toID":"1305497","formEdgeID":null},{"edgeID":"1715081","fromID":"1305497","toID":"1305496","formEdgeID":null},{"edgeID":"1715082","fromID":"1305496","toID":"1305499","formEdgeID":null},{"edgeID":"1715083","fromID":"1305499","toID":"1305495","formEdgeID":null},{"edgeID":"1715084","fromID":"1305490","toID":"1305500","formEdgeID":null},{"edgeID":"1715085","fromID":"1305500","toID":"1305496","formEdgeID":null},{"edgeID":"1715086","fromID":"1305495","toID":"1305501","formEdgeID":null},{"edgeID":"1715087","fromID":"1305501","toID":"1305489","formEdgeID":null},{"edgeID":"1715088","fromID":"1305500","toID":"1305502","formEdgeID":null},{"edgeID":"1715089","fromID":"1305502","toID":"1305501","formEdgeID":null},{"edgeID":"1715090","fromID":"1305506","toID":"1305505","formEdgeID":null},{"edgeID":"1715091","fromID":"1305505","toID":"1305504","formEdgeID":null},{"edgeID":"1715092","fromID":"1305507","toID":"1305503","formEdgeID":null},{"edgeID":"1715093","fromID":"1305504","toID":"1305507","formEdgeID":null},{"edgeID":"1715094","fromID":"1305496","toID":"1305508","formEdgeID":null},{"edgeID":"1715095","fromID":"1305508","toID":"1305504","formEdgeID":null},{"edgeID":"1715096","fromID":"1305485","toID":"1305509","formEdgeID":null},{"edgeID":"1715097","fromID":"1305509","toID":"1305504","formEdgeID":null},{"edgeID":"1715098","fromID":"1305484","toID":"1305510","formEdgeID":null},{"edgeID":"1715099","fromID":"1305510","toID":"1305503","formEdgeID":null},{"edgeID":"1715100","fromID":"1305509","toID":"1305511","formEdgeID":null},{"edgeID":"1715101","fromID":"1305511","toID":"1305510","formEdgeID":null},{"edgeID":"1715102","fromID":"1305514","toID":"1305513","formEdgeID":null},{"edgeID":"1715103","fromID":"1305515","toID":"1305514","formEdgeID":null},{"edgeID":"1715104","fromID":"1305513","toID":"1305516","formEdgeID":null},{"edgeID":"1715105","fromID":"1305516","toID":"1305512","formEdgeID":null},{"edgeID":"1715106","fromID":"1305504","toID":"1305517","formEdgeID":null},{"edgeID":"1715107","fromID":"1305517","toID":"1305513","formEdgeID":null},{"edgeID":"1715108","fromID":"1305512","toID":"1305518","formEdgeID":null},{"edgeID":"1715109","fromID":"1305518","toID":"1305503","formEdgeID":null},{"edgeID":"1715110","fromID":"1305519","toID":"1305518","formEdgeID":null},{"edgeID":"1715111","fromID":"1305517","toID":"1305519","formEdgeID":null},{"edgeID":"1715112","fromID":"1305522","toID":"1305521","formEdgeID":null},{"edgeID":"1715113","fromID":"1305523","toID":"1305522","formEdgeID":null},{"edgeID":"1715114","fromID":"1305521","toID":"1305524","formEdgeID":null},{"edgeID":"1715115","fromID":"1305524","toID":"1305520","formEdgeID":null},{"edgeID":"1715116","fromID":"1305526","toID":"1305525","formEdgeID":null},{"edgeID":"1715117","fromID":"1305527","toID":"1305526","formEdgeID":null},{"edgeID":"1715118","fromID":"1305525","toID":"1305528","formEdgeID":null},{"edgeID":"1715119","fromID":"1305528","toID":"1305520","formEdgeID":null},{"edgeID":"1715120","fromID":"1305513","toID":"1305529","formEdgeID":null},{"edgeID":"1715121","fromID":"1305529","toID":"1305521","formEdgeID":null},{"edgeID":"1715122","fromID":"1305532","toID":"1305531","formEdgeID":null},{"edgeID":"1715123","fromID":"1305533","toID":"1305532","formEdgeID":null},{"edgeID":"1715124","fromID":"1305531","toID":"1305534","formEdgeID":null},{"edgeID":"1715125","fromID":"1305534","toID":"1305530","formEdgeID":null},{"edgeID":"1715126","fromID":"1305521","toID":"1305535","formEdgeID":null},{"edgeID":"1715127","fromID":"1305535","toID":"1305531","formEdgeID":null},{"edgeID":"1715128","fromID":"1305530","toID":"1305536","formEdgeID":null},{"edgeID":"1715129","fromID":"1305536","toID":"1305525","formEdgeID":null},{"edgeID":"1715130","fromID":"1305535","toID":"1305537","formEdgeID":null},{"edgeID":"1715131","fromID":"1305537","toID":"1305536","formEdgeID":null},{"edgeID":"1715132","fromID":"1305540","toID":"1305539","formEdgeID":null},{"edgeID":"1715133","fromID":"1305541","toID":"1305540","formEdgeID":null},{"edgeID":"1715134","fromID":"1305539","toID":"1305542","formEdgeID":null},{"edgeID":"1715135","fromID":"1305542","toID":"1305538","formEdgeID":null},{"edgeID":"1715136","fromID":"1305531","toID":"1305543","formEdgeID":null},{"edgeID":"1715137","fromID":"1305543","toID":"1305539","formEdgeID":null},{"edgeID":"1715138","fromID":"1305546","toID":"1305545","formEdgeID":null},{"edgeID":"1715139","fromID":"1305547","toID":"1305546","formEdgeID":null},{"edgeID":"1715140","fromID":"1305545","toID":"1305548","formEdgeID":null},{"edgeID":"1715141","fromID":"1305548","toID":"1305544","formEdgeID":null},{"edgeID":"1715142","fromID":"1305539","toID":"1305549","formEdgeID":null},{"edgeID":"1715143","fromID":"1305549","toID":"1305545","formEdgeID":null},{"edgeID":"1715144","fromID":"1305544","toID":"1305550","formEdgeID":null},{"edgeID":"1715145","fromID":"1305550","toID":"1305538","formEdgeID":null},{"edgeID":"1715146","fromID":"1305549","toID":"1305551","formEdgeID":null},{"edgeID":"1715147","fromID":"1305551","toID":"1305550","formEdgeID":null},{"edgeID":"1715148","fromID":"1305554","toID":"1305553","formEdgeID":null},{"edgeID":"1715149","fromID":"1305555","toID":"1305554","formEdgeID":null},{"edgeID":"1715150","fromID":"1305553","toID":"1305556","formEdgeID":null},{"edgeID":"1715151","fromID":"1305556","toID":"1305552","formEdgeID":null},{"edgeID":"1715152","fromID":"1305545","toID":"1305557","formEdgeID":null},{"edgeID":"1715153","fromID":"1305557","toID":"1305553","formEdgeID":null},{"edgeID":"1715154","fromID":"1305560","toID":"1305559","formEdgeID":null},{"edgeID":"1715155","fromID":"1305561","toID":"1305560","formEdgeID":null},{"edgeID":"1715156","fromID":"1305559","toID":"1305562","formEdgeID":null},{"edgeID":"1715157","fromID":"1305562","toID":"1305558","formEdgeID":null},{"edgeID":"1715158","fromID":"1305558","toID":"1305563","formEdgeID":null},{"edgeID":"1715159","fromID":"1305563","toID":"1305552","formEdgeID":null},{"edgeID":"1715160","fromID":"1305553","toID":"1305564","formEdgeID":null},{"edgeID":"1715161","fromID":"1305564","toID":"1305559","formEdgeID":null},{"edgeID":"1715162","fromID":"1305564","toID":"1305565","formEdgeID":null},{"edgeID":"1715163","fromID":"1305565","toID":"1305563","formEdgeID":null},{"edgeID":"1715164","fromID":"1305568","toID":"1305567","formEdgeID":null},{"edgeID":"1715165","fromID":"1305569","toID":"1305568","formEdgeID":null},{"edgeID":"1715166","fromID":"1305567","toID":"1305570","formEdgeID":null},{"edgeID":"1715167","fromID":"1305570","toID":"1305566","formEdgeID":null},{"edgeID":"1715168","fromID":"1305566","toID":"1305571","formEdgeID":null},{"edgeID":"1715169","fromID":"1305571","toID":"1305558","formEdgeID":null},{"edgeID":"1715170","fromID":"1305559","toID":"1305572","formEdgeID":null},{"edgeID":"1715171","fromID":"1305572","toID":"1305567","formEdgeID":null},{"edgeID":"1715172","fromID":"1305572","toID":"1305573","formEdgeID":null},{"edgeID":"1715173","fromID":"1305573","toID":"1305571","formEdgeID":null},{"edgeID":"1715174","fromID":"1305576","toID":"1305575","formEdgeID":null},{"edgeID":"1715175","fromID":"1305577","toID":"1305576","formEdgeID":null},{"edgeID":"1715176","fromID":"1305575","toID":"1305578","formEdgeID":null},{"edgeID":"1715177","fromID":"1305578","toID":"1305574","formEdgeID":null},{"edgeID":"1715178","fromID":"1305567","toID":"1305579","formEdgeID":null},{"edgeID":"1715179","fromID":"1305579","toID":"1305575","formEdgeID":null},{"edgeID":"1715180","fromID":"1305582","toID":"1305581","formEdgeID":null},{"edgeID":"1715181","fromID":"1305583","toID":"1305582","formEdgeID":null},{"edgeID":"1715182","fromID":"1305581","toID":"1305584","formEdgeID":null},{"edgeID":"1715183","fromID":"1305584","toID":"1305580","formEdgeID":null},{"edgeID":"1715184","fromID":"1305559","toID":"1305585","formEdgeID":null},{"edgeID":"1715185","fromID":"1305585","toID":"1305581","formEdgeID":null},{"edgeID":"1715186","fromID":"1305581","toID":"1305586","formEdgeID":null},{"edgeID":"1715187","fromID":"1305586","toID":"1305567","formEdgeID":null}],"locutions":[]}