{"nodes":[{"nodeID":"1305071","text":"Greg Hands shouldn't patronise us","type":"I","timestamp":"2023-11-09 13:02:36"},{"nodeID":"1305072","text":"AudienceMember 20220407QT06: Don't patronise us","type":"L","timestamp":"2023-11-09 13:02:36"},{"nodeID":"1305073","text":"Analysing","type":"YA","timestamp":"2023-11-09 13:02:36"},{"nodeID":"1305074","text":"Anon: AudienceMember 20220407QT06: Don't patronise us","type":"L","timestamp":"2023-11-09 13:02:36"},{"nodeID":"1305075","text":"Asserting","type":"YA","timestamp":"2023-11-09 13:02:36"},{"nodeID":"1305076","text":"what Greg Hands is talking about is a loan","type":"I","timestamp":"2023-11-09 13:02:36"},{"nodeID":"1305077","text":"AudienceMember 20220407QT06: It is a loan, for a start","type":"L","timestamp":"2023-11-09 13:02:36"},{"nodeID":"1305078","text":"Analysing","type":"YA","timestamp":"2023-11-09 13:02:36"},{"nodeID":"1305079","text":"Anon: AudienceMember 20220407QT06: It is a loan, for a start","type":"L","timestamp":"2023-11-09 13:02:36"},{"nodeID":"1305080","text":"Asserting","type":"YA","timestamp":"2023-11-09 13:02:36"},{"nodeID":"1305081","text":"we don't need to be patronised anymore","type":"I","timestamp":"2023-11-09 13:02:37"},{"nodeID":"1305082","text":"AudienceMember 20220407QT06: We don't need to be patronised anymore","type":"L","timestamp":"2023-11-09 13:02:37"},{"nodeID":"1305083","text":"Analysing","type":"YA","timestamp":"2023-11-09 13:02:37"},{"nodeID":"1305084","text":"Anon: AudienceMember 20220407QT06: We don't need to be patronised anymore","type":"L","timestamp":"2023-11-09 13:02:37"},{"nodeID":"1305085","text":"Asserting","type":"YA","timestamp":"2023-11-09 13:02:37"},{"nodeID":"1305086","text":"all the utilities have doubled","type":"I","timestamp":"2023-11-09 13:02:37"},{"nodeID":"1305087","text":"AudienceMember 20220407QT06: all the utilities have doubled","type":"L","timestamp":"2023-11-09 13:02:37"},{"nodeID":"1305088","text":"Analysing","type":"YA","timestamp":"2023-11-09 13:02:37"},{"nodeID":"1305089","text":"Anon: AudienceMember 20220407QT06: all the utilities have doubled","type":"L","timestamp":"2023-11-09 13:02:37"},{"nodeID":"1305090","text":"Asserting","type":"YA","timestamp":"2023-11-09 13:02:37"},{"nodeID":"1305091","text":"VAT has doubled","type":"I","timestamp":"2023-11-09 13:02:38"},{"nodeID":"1305092","text":"AudienceMember 20220407QT06: VAT has doubled","type":"L","timestamp":"2023-11-09 13:02:38"},{"nodeID":"1305093","text":"Analysing","type":"YA","timestamp":"2023-11-09 13:02:38"},{"nodeID":"1305094","text":"Anon: AudienceMember 20220407QT06: VAT has doubled","type":"L","timestamp":"2023-11-09 13:02:38"},{"nodeID":"1305095","text":"Asserting","type":"YA","timestamp":"2023-11-09 13:02:38"},{"nodeID":"1305096","text":"VAT money is going to xxx","type":"I","timestamp":"2023-11-09 13:02:39"},{"nodeID":"1305097","text":"AudienceMember 20220407QT06: where is that money going","type":"L","timestamp":"2023-11-09 13:02:39"},{"nodeID":"1305098","text":"Analysing","type":"YA","timestamp":"2023-11-09 13:02:39"},{"nodeID":"1305099","text":"Anon: AudienceMember 20220407QT06: where is that money going","type":"L","timestamp":"2023-11-09 13:02:39"},{"nodeID":"1305100","text":"Pure Questioning","type":"YA","timestamp":"2023-11-09 13:02:39"},{"nodeID":"1305101","text":"we can't get some sort of grant or something from the extra VAT you're raising to at least do some insulation, something quick, because of xxx","type":"I","timestamp":"2023-11-09 13:02:39"},{"nodeID":"1305102","text":"AudienceMember 20220407QT06: Why can't we get some sort of grant or something from the extra VAT you're raising to at least do some insulation, something quick","type":"L","timestamp":"2023-11-09 13:02:39"},{"nodeID":"1305103","text":"Analysing","type":"YA","timestamp":"2023-11-09 13:02:39"},{"nodeID":"1305104","text":"Anon: AudienceMember 20220407QT06: Why can't we get some sort of grant or something from the extra VAT you're raising to at least do some insulation, something quick","type":"L","timestamp":"2023-11-09 13:02:39"},{"nodeID":"1305105","text":"Pure Questioning","type":"YA","timestamp":"2023-11-09 13:02:39"},{"nodeID":"1305106","text":"AudienceMember 20220407QT06 doesn't know how they can even begin to get an oil tank out of their back garden","type":"I","timestamp":"2023-11-09 13:02:40"},{"nodeID":"1305107","text":"AudienceMember 20220407QT06: I don't know how I can even begin to get an oil tank out of my back garden","type":"L","timestamp":"2023-11-09 13:02:40"},{"nodeID":"1305108","text":"Analysing","type":"YA","timestamp":"2023-11-09 13:02:40"},{"nodeID":"1305109","text":"Anon: AudienceMember 20220407QT06: I don't know how I can even begin to get an oil tank out of my back garden","type":"L","timestamp":"2023-11-09 13:02:40"},{"nodeID":"1305110","text":"Asserting","type":"YA","timestamp":"2023-11-09 13:02:40"},{"nodeID":"1305111","text":"AudienceMember 20220407QT06 is a single parent","type":"I","timestamp":"2023-11-09 13:02:40"},{"nodeID":"1305112","text":"AudienceMember 20220407QT06: I'm a single parent","type":"L","timestamp":"2023-11-09 13:02:40"},{"nodeID":"1305113","text":"Analysing","type":"YA","timestamp":"2023-11-09 13:02:40"},{"nodeID":"1305114","text":"Anon: AudienceMember 20220407QT06: I'm a single parent","type":"L","timestamp":"2023-11-09 13:02:40"},{"nodeID":"1305115","text":"Asserting","type":"YA","timestamp":"2023-11-09 13:02:40"},{"nodeID":"1305116","text":"AudienceMember 20220407QT06 can't afford to go green","type":"I","timestamp":"2023-11-09 13:02:41"},{"nodeID":"1305117","text":"AudienceMember 20220407QT06: I can't afford it","type":"L","timestamp":"2023-11-09 13:02:41"},{"nodeID":"1305118","text":"Analysing","type":"YA","timestamp":"2023-11-09 13:02:41"},{"nodeID":"1305119","text":"Anon: AudienceMember 20220407QT06: I can't afford it","type":"L","timestamp":"2023-11-09 13:02:41"},{"nodeID":"1305120","text":"Asserting","type":"YA","timestamp":"2023-11-09 13:02:41"},{"nodeID":"1305121","text":"there's nothing left in AudienceMember 20220407QT06's purse","type":"I","timestamp":"2023-11-09 13:02:42"},{"nodeID":"1305122","text":"AudienceMember 20220407QT06: There's nothing left in my purse","type":"L","timestamp":"2023-11-09 13:02:42"},{"nodeID":"1305123","text":"Analysing","type":"YA","timestamp":"2023-11-09 13:02:42"},{"nodeID":"1305124","text":"Anon: AudienceMember 20220407QT06: There's nothing left in my purse","type":"L","timestamp":"2023-11-09 13:02:42"},{"nodeID":"1305125","text":"Asserting","type":"YA","timestamp":"2023-11-09 13:02:42"},{"nodeID":"1305126","text":"Default Transition","type":"TA","timestamp":"2023-11-09 13:02:42"},{"nodeID":"1305127","text":"Default Inference","type":"RA","timestamp":"2023-11-09 13:02:42"},{"nodeID":"1305128","text":"Arguing","type":"YA","timestamp":"2023-11-09 13:02:42"},{"nodeID":"1305129","text":"Default Rephrase","type":"MA","timestamp":"2023-11-09 13:02:42"},{"nodeID":"1305130","text":"Default Transition","type":"TA","timestamp":"2023-11-09 13:02:42"},{"nodeID":"1305131","text":"Restating","type":"YA","timestamp":"2023-11-09 13:02:42"},{"nodeID":"1305132","text":"Default Rephrase","type":"MA","timestamp":"2023-11-09 13:02:42"},{"nodeID":"1305133","text":"Default Transition","type":"TA","timestamp":"2023-11-09 13:02:42"},{"nodeID":"1305134","text":"Restating","type":"YA","timestamp":"2023-11-09 13:02:42"},{"nodeID":"1305135","text":"Default Transition","type":"TA","timestamp":"2023-11-09 13:02:42"},{"nodeID":"1305136","text":"Default Transition","type":"TA","timestamp":"2023-11-09 13:02:42"},{"nodeID":"1305137","text":"Default Transition","type":"TA","timestamp":"2023-11-09 13:02:42"},{"nodeID":"1305138","text":"Default Inference","type":"RA","timestamp":"2023-11-09 13:02:42"},{"nodeID":"1305139","text":"Default Transition","type":"TA","timestamp":"2023-11-09 13:02:42"},{"nodeID":"1305140","text":"Default Transition","type":"TA","timestamp":"2023-11-09 13:02:42"},{"nodeID":"1305141","text":"Arguing","type":"YA","timestamp":"2023-11-09 13:02:42"},{"nodeID":"1305142","text":"Default Transition","type":"TA","timestamp":"2023-11-09 13:02:42"},{"nodeID":"1305143","text":"Default Rephrase","type":"MA","timestamp":"2023-11-09 13:02:42"},{"nodeID":"1305144","text":"Restating","type":"YA","timestamp":"2023-11-09 13:02:42"},{"nodeID":"1305145","text":"UK's energy strategy doesn't talk about tidal generation","type":"I","timestamp":"2023-11-09 13:02:42"},{"nodeID":"1305146","text":"AudienceMember 20220407QT07: The strategy doesn't talk about tidal generation","type":"L","timestamp":"2023-11-09 13:02:42"},{"nodeID":"1305147","text":"Analysing","type":"YA","timestamp":"2023-11-09 13:02:42"},{"nodeID":"1305148","text":"Anon: AudienceMember 20220407QT07: The strategy doesn't talk about tidal generation","type":"L","timestamp":"2023-11-09 13:02:42"},{"nodeID":"1305149","text":"Asserting","type":"YA","timestamp":"2023-11-09 13:02:42"},{"nodeID":"1305150","text":"the tide comes in and out twice a day and offers an almost endless opportunity to generate electricity","type":"I","timestamp":"2023-11-09 13:02:43"},{"nodeID":"1305151","text":"AudienceMember 20220407QT07: The tide comes in and out twice a day and offers an almost endless opportunity to generate electricity","type":"L","timestamp":"2023-11-09 13:02:43"},{"nodeID":"1305152","text":"Analysing","type":"YA","timestamp":"2023-11-09 13:02:43"},{"nodeID":"1305153","text":"Anon: AudienceMember 20220407QT07: The tide comes in and out twice a day and offers an almost endless opportunity to generate electricity","type":"L","timestamp":"2023-11-09 13:02:43"},{"nodeID":"1305154","text":"Asserting","type":"YA","timestamp":"2023-11-09 13:02:43"},{"nodeID":"1305155","text":"of course we're not that far from the sea here in Canterbury","type":"I","timestamp":"2023-11-09 13:02:44"},{"nodeID":"1305156","text":"Fiona Bruce: of course we're not that far from the sea here in Canterbury","type":"L","timestamp":"2023-11-09 13:02:44"},{"nodeID":"1305157","text":"Analysing","type":"YA","timestamp":"2023-11-09 13:02:44"},{"nodeID":"1305158","text":"Anon: Fiona Bruce: of course we're not that far from the sea here in Canterbury","type":"L","timestamp":"2023-11-09 13:02:44"},{"nodeID":"1305159","text":"Asserting","type":"YA","timestamp":"2023-11-09 13:02:44"},{"nodeID":"1305160","text":"AudienceMember 20220407QT08: Indeed","type":"L","timestamp":"2023-11-09 13:02:44"},{"nodeID":"1305161","text":"Analysing","type":"YA","timestamp":"2023-11-09 13:02:44"},{"nodeID":"1305162","text":"Anon: AudienceMember 20220407QT08: Indeed","type":"L","timestamp":"2023-11-09 13:02:44"},{"nodeID":"1305163","text":"Default Transition","type":"TA","timestamp":"2023-11-09 13:02:44"},{"nodeID":"1305164","text":"Agreeing","type":"YA","timestamp":"2023-11-09 13:02:44"},{"nodeID":"1305165","text":"Default Transition","type":"TA","timestamp":"2023-11-09 13:02:44"},{"nodeID":"1305166","text":"Default Transition","type":"TA","timestamp":"2023-11-09 13:02:44"},{"nodeID":"1305167","text":"Default Conflict","type":"CA","timestamp":"2023-11-09 13:02:44"},{"nodeID":"1305168","text":"Disagreeing","type":"YA","timestamp":"2023-11-09 13:02:44"},{"nodeID":"1305169","text":"Default Transition","type":"TA","timestamp":"2023-11-09 13:02:44"},{"nodeID":"1305170","text":"AudienceMember 20220407QT06: I can't afford to","type":"L","timestamp":"2023-11-09 13:02:44"},{"nodeID":"1305171","text":"Analysing","type":"YA","timestamp":"2023-11-09 13:02:44"},{"nodeID":"1305172","text":"Anon: AudienceMember 20220407QT06: I can't afford to","type":"L","timestamp":"2023-11-09 13:02:44"},{"nodeID":"1305173","text":"Asserting","type":"YA","timestamp":"2023-11-09 13:02:44"},{"nodeID":"1305174","text":"Default Inference","type":"RA","timestamp":"2023-11-09 13:02:44"},{"nodeID":"1305175","text":"Default Transition","type":"TA","timestamp":"2023-11-09 13:02:44"},{"nodeID":"1305176","text":"Arguing","type":"YA","timestamp":"2023-11-09 13:02:44"},{"nodeID":"1305177","text":"Default Transition","type":"TA","timestamp":"2023-11-09 13:02:44"},{"nodeID":"1305178","text":"Default Rephrase","type":"MA","timestamp":"2023-11-09 13:02:44"},{"nodeID":"1305179","text":"Restating","type":"YA","timestamp":"2023-11-09 13:02:44"},{"nodeID":"1305180","text":"AudienceMember 20220407QT06 lives in a rural community with an oil tank. It is very expensive","type":"I","timestamp":"2023-11-09 13:02:44"},{"nodeID":"1305181","text":"AudienceMember 20220407QT06: I live in a rural community with an oil tank. It is very expensive","type":"L","timestamp":"2023-11-09 13:02:44"},{"nodeID":"1305182","text":"Analysing","type":"YA","timestamp":"2023-11-09 13:02:44"},{"nodeID":"1305183","text":"Anon: AudienceMember 20220407QT06: I live in a rural community with an oil tank. It is very expensive","type":"L","timestamp":"2023-11-09 13:02:44"},{"nodeID":"1305184","text":"Asserting","type":"YA","timestamp":"2023-11-09 13:02:44"},{"nodeID":"1305185","text":"AudienceMember 20220407QT06 wants to go green","type":"I","timestamp":"2023-11-09 13:02:45"},{"nodeID":"1305186","text":"Default Transition","type":"TA","timestamp":"2023-11-09 13:02:45"},{"nodeID":"1305187","text":"AudienceMember 20220407QT06: I want to go green","type":"L","timestamp":"2023-11-09 13:02:45"},{"nodeID":"1305188","text":"Analysing","type":"YA","timestamp":"2023-11-09 13:02:45"},{"nodeID":"1305189","text":"Anon: AudienceMember 20220407QT06: I want to go green","type":"L","timestamp":"2023-11-09 13:02:45"},{"nodeID":"1305190","text":"Asserting","type":"YA","timestamp":"2023-11-09 13:02:45"},{"nodeID":"1305191","text":"Default Conflict","type":"CA","timestamp":"2023-11-09 13:02:45"},{"nodeID":"1305192","text":"Default Transition","type":"TA","timestamp":"2023-11-09 13:02:45"},{"nodeID":"1305193","text":"Default Transition","type":"TA","timestamp":"2023-11-09 13:02:45"},{"nodeID":"1305194","text":"Disagreeing","type":"YA","timestamp":"2023-11-09 13:02:45"},{"nodeID":"1305195","text":"Default Inference","type":"RA","timestamp":"2023-11-09 13:02:45"},{"nodeID":"1305196","text":"Default Transition","type":"TA","timestamp":"2023-11-09 13:02:45"},{"nodeID":"1305197","text":"Arguing","type":"YA","timestamp":"2023-11-09 13:02:45"}],"edges":[{"edgeID":"1714595","fromID":"1305073","toID":"1305072","formEdgeID":null},{"edgeID":"1714596","fromID":"1305074","toID":"1305073","formEdgeID":null},{"edgeID":"1714597","fromID":"1305072","toID":"1305075","formEdgeID":null},{"edgeID":"1714598","fromID":"1305075","toID":"1305071","formEdgeID":null},{"edgeID":"1714599","fromID":"1305078","toID":"1305077","formEdgeID":null},{"edgeID":"1714600","fromID":"1305079","toID":"1305078","formEdgeID":null},{"edgeID":"1714601","fromID":"1305077","toID":"1305080","formEdgeID":null},{"edgeID":"1714602","fromID":"1305080","toID":"1305076","formEdgeID":null},{"edgeID":"1714603","fromID":"1305083","toID":"1305082","formEdgeID":null},{"edgeID":"1714604","fromID":"1305084","toID":"1305083","formEdgeID":null},{"edgeID":"1714605","fromID":"1305082","toID":"1305085","formEdgeID":null},{"edgeID":"1714606","fromID":"1305085","toID":"1305081","formEdgeID":null},{"edgeID":"1714607","fromID":"1305088","toID":"1305087","formEdgeID":null},{"edgeID":"1714608","fromID":"1305089","toID":"1305088","formEdgeID":null},{"edgeID":"1714609","fromID":"1305087","toID":"1305090","formEdgeID":null},{"edgeID":"1714610","fromID":"1305090","toID":"1305086","formEdgeID":null},{"edgeID":"1714611","fromID":"1305093","toID":"1305092","formEdgeID":null},{"edgeID":"1714612","fromID":"1305094","toID":"1305093","formEdgeID":null},{"edgeID":"1714613","fromID":"1305092","toID":"1305095","formEdgeID":null},{"edgeID":"1714614","fromID":"1305095","toID":"1305091","formEdgeID":null},{"edgeID":"1714615","fromID":"1305098","toID":"1305097","formEdgeID":null},{"edgeID":"1714616","fromID":"1305099","toID":"1305098","formEdgeID":null},{"edgeID":"1714617","fromID":"1305097","toID":"1305100","formEdgeID":null},{"edgeID":"1714618","fromID":"1305100","toID":"1305096","formEdgeID":null},{"edgeID":"1714619","fromID":"1305103","toID":"1305102","formEdgeID":null},{"edgeID":"1714620","fromID":"1305104","toID":"1305103","formEdgeID":null},{"edgeID":"1714621","fromID":"1305102","toID":"1305105","formEdgeID":null},{"edgeID":"1714622","fromID":"1305105","toID":"1305101","formEdgeID":null},{"edgeID":"1714623","fromID":"1305108","toID":"1305107","formEdgeID":null},{"edgeID":"1714624","fromID":"1305109","toID":"1305108","formEdgeID":null},{"edgeID":"1714625","fromID":"1305107","toID":"1305110","formEdgeID":null},{"edgeID":"1714626","fromID":"1305110","toID":"1305106","formEdgeID":null},{"edgeID":"1714627","fromID":"1305113","toID":"1305112","formEdgeID":null},{"edgeID":"1714628","fromID":"1305114","toID":"1305113","formEdgeID":null},{"edgeID":"1714629","fromID":"1305112","toID":"1305115","formEdgeID":null},{"edgeID":"1714630","fromID":"1305115","toID":"1305111","formEdgeID":null},{"edgeID":"1714631","fromID":"1305118","toID":"1305117","formEdgeID":null},{"edgeID":"1714632","fromID":"1305119","toID":"1305118","formEdgeID":null},{"edgeID":"1714633","fromID":"1305117","toID":"1305120","formEdgeID":null},{"edgeID":"1714634","fromID":"1305120","toID":"1305116","formEdgeID":null},{"edgeID":"1714635","fromID":"1305123","toID":"1305122","formEdgeID":null},{"edgeID":"1714636","fromID":"1305124","toID":"1305123","formEdgeID":null},{"edgeID":"1714637","fromID":"1305122","toID":"1305125","formEdgeID":null},{"edgeID":"1714638","fromID":"1305125","toID":"1305121","formEdgeID":null},{"edgeID":"1714639","fromID":"1305072","toID":"1305126","formEdgeID":null},{"edgeID":"1714640","fromID":"1305126","toID":"1305077","formEdgeID":null},{"edgeID":"1714641","fromID":"1305076","toID":"1305127","formEdgeID":null},{"edgeID":"1714642","fromID":"1305127","toID":"1305071","formEdgeID":null},{"edgeID":"1714643","fromID":"1305126","toID":"1305128","formEdgeID":null},{"edgeID":"1714644","fromID":"1305128","toID":"1305127","formEdgeID":null},{"edgeID":"1714645","fromID":"1305081","toID":"1305129","formEdgeID":null},{"edgeID":"1714646","fromID":"1305129","toID":"1305071","formEdgeID":null},{"edgeID":"1714647","fromID":"1305072","toID":"1305130","formEdgeID":null},{"edgeID":"1714648","fromID":"1305130","toID":"1305082","formEdgeID":null},{"edgeID":"1714649","fromID":"1305130","toID":"1305131","formEdgeID":null},{"edgeID":"1714650","fromID":"1305131","toID":"1305129","formEdgeID":null},{"edgeID":"1714651","fromID":"1305091","toID":"1305132","formEdgeID":null},{"edgeID":"1714652","fromID":"1305132","toID":"1305086","formEdgeID":null},{"edgeID":"1714653","fromID":"1305087","toID":"1305133","formEdgeID":null},{"edgeID":"1714654","fromID":"1305133","toID":"1305092","formEdgeID":null},{"edgeID":"1714655","fromID":"1305133","toID":"1305134","formEdgeID":null},{"edgeID":"1714656","fromID":"1305134","toID":"1305132","formEdgeID":null},{"edgeID":"1714657","fromID":"1305092","toID":"1305135","formEdgeID":null},{"edgeID":"1714658","fromID":"1305135","toID":"1305097","formEdgeID":null},{"edgeID":"1714659","fromID":"1305097","toID":"1305136","formEdgeID":null},{"edgeID":"1714660","fromID":"1305136","toID":"1305102","formEdgeID":null},{"edgeID":"1714661","fromID":"1305102","toID":"1305137","formEdgeID":null},{"edgeID":"1714662","fromID":"1305137","toID":"1305107","formEdgeID":null},{"edgeID":"1714663","fromID":"1305111","toID":"1305138","formEdgeID":null},{"edgeID":"1714664","fromID":"1305138","toID":"1305116","formEdgeID":null},{"edgeID":"1714665","fromID":"1305112","toID":"1305139","formEdgeID":null},{"edgeID":"1714666","fromID":"1305139","toID":"1305117","formEdgeID":null},{"edgeID":"1714667","fromID":"1305107","toID":"1305140","formEdgeID":null},{"edgeID":"1714668","fromID":"1305140","toID":"1305112","formEdgeID":null},{"edgeID":"1714669","fromID":"1305139","toID":"1305141","formEdgeID":null},{"edgeID":"1714670","fromID":"1305141","toID":"1305138","formEdgeID":null},{"edgeID":"1714671","fromID":"1305117","toID":"1305142","formEdgeID":null},{"edgeID":"1714672","fromID":"1305142","toID":"1305122","formEdgeID":null},{"edgeID":"1714673","fromID":"1305121","toID":"1305143","formEdgeID":null},{"edgeID":"1714674","fromID":"1305143","toID":"1305116","formEdgeID":null},{"edgeID":"1714675","fromID":"1305142","toID":"1305144","formEdgeID":null},{"edgeID":"1714676","fromID":"1305144","toID":"1305143","formEdgeID":null},{"edgeID":"1714677","fromID":"1305147","toID":"1305146","formEdgeID":null},{"edgeID":"1714678","fromID":"1305148","toID":"1305147","formEdgeID":null},{"edgeID":"1714679","fromID":"1305146","toID":"1305149","formEdgeID":null},{"edgeID":"1714680","fromID":"1305149","toID":"1305145","formEdgeID":null},{"edgeID":"1714681","fromID":"1305152","toID":"1305151","formEdgeID":null},{"edgeID":"1714682","fromID":"1305153","toID":"1305152","formEdgeID":null},{"edgeID":"1714683","fromID":"1305151","toID":"1305154","formEdgeID":null},{"edgeID":"1714684","fromID":"1305154","toID":"1305150","formEdgeID":null},{"edgeID":"1714685","fromID":"1305157","toID":"1305156","formEdgeID":null},{"edgeID":"1714686","fromID":"1305158","toID":"1305157","formEdgeID":null},{"edgeID":"1714687","fromID":"1305156","toID":"1305159","formEdgeID":null},{"edgeID":"1714688","fromID":"1305159","toID":"1305155","formEdgeID":null},{"edgeID":"1714689","fromID":"1305161","toID":"1305160","formEdgeID":null},{"edgeID":"1714690","fromID":"1305162","toID":"1305161","formEdgeID":null},{"edgeID":"1714691","fromID":"1305156","toID":"1305163","formEdgeID":null},{"edgeID":"1714692","fromID":"1305163","toID":"1305160","formEdgeID":null},{"edgeID":"1714693","fromID":"1305163","toID":"1305164","formEdgeID":null},{"edgeID":"1714694","fromID":"1305164","toID":"1305155","formEdgeID":null},{"edgeID":"1714695","fromID":"1305146","toID":"1305165","formEdgeID":null},{"edgeID":"1714696","fromID":"1305165","toID":"1305151","formEdgeID":null},{"edgeID":"1714697","fromID":"1305151","toID":"1305166","formEdgeID":null},{"edgeID":"1714698","fromID":"1305166","toID":"1305156","formEdgeID":null},{"edgeID":"1714699","fromID":"1305150","toID":"1305167","formEdgeID":null},{"edgeID":"1714700","fromID":"1305167","toID":"1305145","formEdgeID":null},{"edgeID":"1714701","fromID":"1305165","toID":"1305168","formEdgeID":null},{"edgeID":"1714702","fromID":"1305168","toID":"1305167","formEdgeID":null},{"edgeID":"1714703","fromID":"1305122","toID":"1305169","formEdgeID":null},{"edgeID":"1714704","fromID":"1305169","toID":"1305146","formEdgeID":null},{"edgeID":"1714705","fromID":"1305171","toID":"1305170","formEdgeID":null},{"edgeID":"1714706","fromID":"1305172","toID":"1305171","formEdgeID":null},{"edgeID":"1714707","fromID":"1305170","toID":"1305173","formEdgeID":null},{"edgeID":"1714708","fromID":"1305173","toID":"1305116","formEdgeID":null},{"edgeID":"1714709","fromID":"1305086","toID":"1305174","formEdgeID":null},{"edgeID":"1714710","fromID":"1305174","toID":"1305116","formEdgeID":null},{"edgeID":"1714711","fromID":"1305170","toID":"1305175","formEdgeID":null},{"edgeID":"1714712","fromID":"1305175","toID":"1305087","formEdgeID":null},{"edgeID":"1714713","fromID":"1305175","toID":"1305176","formEdgeID":null},{"edgeID":"1714714","fromID":"1305176","toID":"1305174","formEdgeID":null},{"edgeID":"1714715","fromID":"1305170","toID":"1305177","formEdgeID":null},{"edgeID":"1714716","fromID":"1305177","toID":"1305117","formEdgeID":null},{"edgeID":"1714717","fromID":"1305116","toID":"1305178","formEdgeID":null},{"edgeID":"1714718","fromID":"1305178","toID":"1305116","formEdgeID":null},{"edgeID":"1714719","fromID":"1305177","toID":"1305179","formEdgeID":null},{"edgeID":"1714720","fromID":"1305179","toID":"1305178","formEdgeID":null},{"edgeID":"1714721","fromID":"1305182","toID":"1305181","formEdgeID":null},{"edgeID":"1714722","fromID":"1305183","toID":"1305182","formEdgeID":null},{"edgeID":"1714723","fromID":"1305181","toID":"1305184","formEdgeID":null},{"edgeID":"1714724","fromID":"1305184","toID":"1305180","formEdgeID":null},{"edgeID":"1714725","fromID":"1305082","toID":"1305186","formEdgeID":null},{"edgeID":"1714726","fromID":"1305186","toID":"1305181","formEdgeID":null},{"edgeID":"1714727","fromID":"1305188","toID":"1305187","formEdgeID":null},{"edgeID":"1714728","fromID":"1305189","toID":"1305188","formEdgeID":null},{"edgeID":"1714729","fromID":"1305187","toID":"1305190","formEdgeID":null},{"edgeID":"1714730","fromID":"1305190","toID":"1305185","formEdgeID":null},{"edgeID":"1714731","fromID":"1305116","toID":"1305191","formEdgeID":null},{"edgeID":"1714732","fromID":"1305191","toID":"1305185","formEdgeID":null},{"edgeID":"1714733","fromID":"1305192","toID":"1305170","formEdgeID":null},{"edgeID":"1714734","fromID":"1305187","toID":"1305192","formEdgeID":null},{"edgeID":"1714735","fromID":"1305181","toID":"1305193","formEdgeID":null},{"edgeID":"1714736","fromID":"1305193","toID":"1305187","formEdgeID":null},{"edgeID":"1714737","fromID":"1305192","toID":"1305194","formEdgeID":null},{"edgeID":"1714738","fromID":"1305194","toID":"1305191","formEdgeID":null},{"edgeID":"1714739","fromID":"1305086","toID":"1305195","formEdgeID":null},{"edgeID":"1714740","fromID":"1305195","toID":"1305180","formEdgeID":null},{"edgeID":"1714741","fromID":"1305181","toID":"1305196","formEdgeID":null},{"edgeID":"1714742","fromID":"1305196","toID":"1305087","formEdgeID":null},{"edgeID":"1714743","fromID":"1305196","toID":"1305197","formEdgeID":null},{"edgeID":"1714744","fromID":"1305197","toID":"1305195","formEdgeID":null}],"locutions":[]}