{"nodes":[{"nodeID":"1308660","text":"AudienceMember 20220407QT28 has got the Government represented here next to them","type":"I","timestamp":"2023-11-09 13:07:35"},{"nodeID":"1308661","text":"Fiona Bruce: You've got the Government represented here next to you","type":"L","timestamp":"2023-11-09 13:07:35"},{"nodeID":"1308662","text":"Analysing","type":"YA","timestamp":"2023-11-09 13:07:35"},{"nodeID":"1308663","text":"Anon: Fiona Bruce: You've got the Government represented here next to you","type":"L","timestamp":"2023-11-09 13:07:35"},{"nodeID":"1308664","text":"Asserting","type":"YA","timestamp":"2023-11-09 13:07:35"},{"nodeID":"1308665","text":"AudienceMember 20220407QT28 doesn't tell the Government representative directly what they'd like because of xxx","type":"I","timestamp":"2023-11-09 13:07:36"},{"nodeID":"1308666","text":"Fiona Bruce: Why don't you tell him directly what you'd like","type":"L","timestamp":"2023-11-09 13:07:36"},{"nodeID":"1308667","text":"Analysing","type":"YA","timestamp":"2023-11-09 13:07:36"},{"nodeID":"1308668","text":"Anon: Fiona Bruce: Why don't you tell him directly what you'd like","type":"L","timestamp":"2023-11-09 13:07:36"},{"nodeID":"1308669","text":"Pure Challenging","type":"YA","timestamp":"2023-11-09 13:07:36"},{"nodeID":"1308670","text":"Justin Welby would like in for Kent more money for the County Council, more places where the lorries can be stacked up other than on the roads","type":"I","timestamp":"2023-11-09 13:07:36"},{"nodeID":"1308671","text":"Justin Welby: What I'd like in for Kent is more money for the County Council, more places where the lorries can be stacked up other than on the roads","type":"L","timestamp":"2023-11-09 13:07:36"},{"nodeID":"1308672","text":"Analysing","type":"YA","timestamp":"2023-11-09 13:07:36"},{"nodeID":"1308673","text":"Anon: Revd Justin Welby: What I'd like in for Kent is more money for the County Council, more places where the lorries can be stacked up other than on the roads","type":"L","timestamp":"2023-11-09 13:07:36"},{"nodeID":"1308674","text":"Asserting","type":"YA","timestamp":"2023-11-09 13:07:36"},{"nodeID":"1308675","text":"Justin Welby would like decent provision for those who are stuck in their cabs of their lorries, for a week at a time","type":"I","timestamp":"2023-11-09 13:07:37"},{"nodeID":"1308676","text":"Justin Welby: decent provision for those who are stuck in their cabs of their lorries, for a week at a time","type":"L","timestamp":"2023-11-09 13:07:37"},{"nodeID":"1308677","text":"Analysing","type":"YA","timestamp":"2023-11-09 13:07:37"},{"nodeID":"1308678","text":"Anon: Revd Justin Welby: decent provision for those who are stuck in their cabs of their lorries, for a week at a time","type":"L","timestamp":"2023-11-09 13:07:37"},{"nodeID":"1308679","text":"Asserting","type":"YA","timestamp":"2023-11-09 13:07:37"},{"nodeID":"1308680","text":"Kent is an absolutely vital part of the country","type":"I","timestamp":"2023-11-09 13:07:38"},{"nodeID":"1308681","text":"Greg Hands: Kent is an absolutely vital part of the country","type":"L","timestamp":"2023-11-09 13:07:38"},{"nodeID":"1308682","text":"Analysing","type":"YA","timestamp":"2023-11-09 13:07:38"},{"nodeID":"1308683","text":"Anon: Greg Hands: Kent is an absolutely vital part of the country","type":"L","timestamp":"2023-11-09 13:07:38"},{"nodeID":"1308684","text":"Asserting","type":"YA","timestamp":"2023-11-09 13:07:38"},{"nodeID":"1308685","text":"Kent is a very densely populated part of the country","type":"I","timestamp":"2023-11-09 13:07:38"},{"nodeID":"1308686","text":"Greg Hands:  it's a very dense, as you all know, a very densely populated part of the country","type":"L","timestamp":"2023-11-09 13:07:38"},{"nodeID":"1308687","text":"Analysing","type":"YA","timestamp":"2023-11-09 13:07:38"},{"nodeID":"1308688","text":"Anon: Greg Hands:  it's a very dense, as you all know, a very densely populated part of the country","type":"L","timestamp":"2023-11-09 13:07:38"},{"nodeID":"1308689","text":"Asserting","type":"YA","timestamp":"2023-11-09 13:07:38"},{"nodeID":"1308690","text":"Kent is vital for our transport and our commercial links","type":"I","timestamp":"2023-11-09 13:07:39"},{"nodeID":"1308691","text":"Greg Hands: is vital for our transport and our commercial links","type":"L","timestamp":"2023-11-09 13:07:39"},{"nodeID":"1308692","text":"Analysing","type":"YA","timestamp":"2023-11-09 13:07:39"},{"nodeID":"1308693","text":"Anon: Greg Hands: is vital for our transport and our commercial links","type":"L","timestamp":"2023-11-09 13:07:39"},{"nodeID":"1308694","text":"Asserting","type":"YA","timestamp":"2023-11-09 13:07:39"},{"nodeID":"1308695","text":"the Government does recognise very keenly that Kent is a vital part of the country","type":"I","timestamp":"2023-11-09 13:07:39"},{"nodeID":"1308696","text":"Greg Hands: the Government does recognise that very keenly","type":"L","timestamp":"2023-11-09 13:07:39"},{"nodeID":"1308697","text":"Analysing","type":"YA","timestamp":"2023-11-09 13:07:39"},{"nodeID":"1308698","text":"Anon: Greg Hands: the Government does recognise that very keenly","type":"L","timestamp":"2023-11-09 13:07:39"},{"nodeID":"1308699","text":"Asserting","type":"YA","timestamp":"2023-11-09 13:07:39"},{"nodeID":"1308700","text":"we're taking action on P&O","type":"I","timestamp":"2023-11-09 13:07:40"},{"nodeID":"1308701","text":"Greg Hands: we're taking action on P&O","type":"L","timestamp":"2023-11-09 13:07:40"},{"nodeID":"1308702","text":"Analysing","type":"YA","timestamp":"2023-11-09 13:07:40"},{"nodeID":"1308703","text":"Anon: Greg Hands: we're taking action on P&O","type":"L","timestamp":"2023-11-09 13:07:40"},{"nodeID":"1308704","text":"Asserting","type":"YA","timestamp":"2023-11-09 13:07:40"},{"nodeID":"1308705","text":"we're investigating whether P&O have created criminal offences","type":"I","timestamp":"2023-11-09 13:07:41"},{"nodeID":"1308706","text":"Greg Hands: we're investigating whether they have created criminal offences","type":"L","timestamp":"2023-11-09 13:07:41"},{"nodeID":"1308707","text":"Analysing","type":"YA","timestamp":"2023-11-09 13:07:41"},{"nodeID":"1308708","text":"Anon: Greg Hands: we're investigating whether they have created criminal offences","type":"L","timestamp":"2023-11-09 13:07:41"},{"nodeID":"1308709","text":"Asserting","type":"YA","timestamp":"2023-11-09 13:07:41"},{"nodeID":"1308710","text":"having possibly created criminal offences is a very serious matter for a company","type":"I","timestamp":"2023-11-09 13:07:41"},{"nodeID":"1308711","text":"Greg Hands: That is a very serious matter for a company","type":"L","timestamp":"2023-11-09 13:07:41"},{"nodeID":"1308712","text":"Analysing","type":"YA","timestamp":"2023-11-09 13:07:41"},{"nodeID":"1308713","text":"Anon: Greg Hands: That is a very serious matter for a company","type":"L","timestamp":"2023-11-09 13:07:41"},{"nodeID":"1308714","text":"Asserting","type":"YA","timestamp":"2023-11-09 13:07:41"},{"nodeID":"1308715","text":"the Government will be taking P&O to court","type":"I","timestamp":"2023-11-09 13:07:42"},{"nodeID":"1308716","text":"Fiona Bruce: the Prime Minister said in the House of Commons that the Government would be taking P&O to court","type":"L","timestamp":"2023-11-09 13:07:42"},{"nodeID":"1308717","text":"Analysing","type":"YA","timestamp":"2023-11-09 13:07:42"},{"nodeID":"1308718","text":"Anon: Fiona Bruce: the Prime Minister said in the House of Commons that the Government would be taking P&O to court","type":"L","timestamp":"2023-11-09 13:07:42"},{"nodeID":"1308719","text":"the Government will or will not actually take P&O to court","type":"I","timestamp":"2023-11-09 13:07:42"},{"nodeID":"1308720","text":"Fiona Bruce: Is that actually happening","type":"L","timestamp":"2023-11-09 13:07:42"},{"nodeID":"1308721","text":"Analysing","type":"YA","timestamp":"2023-11-09 13:07:42"},{"nodeID":"1308722","text":"Anon: Fiona Bruce: Is that actually happening","type":"L","timestamp":"2023-11-09 13:07:42"},{"nodeID":"1308723","text":"Pure Questioning","type":"YA","timestamp":"2023-11-09 13:07:42"},{"nodeID":"1308724","text":"Default Transition","type":"TA","timestamp":"2023-11-09 13:07:42"},{"nodeID":"1308725","text":"Default Transition","type":"TA","timestamp":"2023-11-09 13:07:42"},{"nodeID":"1308726","text":"Default Transition","type":"TA","timestamp":"2023-11-09 13:07:42"},{"nodeID":"1308727","text":"so they've got toilets, so they've got water, so they've got food.","type":"I","timestamp":"2023-11-09 13:07:43"},{"nodeID":"1308728","text":"Justin Welby: so they've got toilets, so they've got water, so they've got food.","type":"L","timestamp":"2023-11-09 13:07:43"},{"nodeID":"1308729","text":"Analysing","type":"YA","timestamp":"2023-11-09 13:07:43"},{"nodeID":"1308730","text":"Anon: Justin Welby: so they've got toilets, so they've got water, so they've got food.","type":"L","timestamp":"2023-11-09 13:07:43"},{"nodeID":"1308731","text":"Asserting","type":"YA","timestamp":"2023-11-09 13:07:43"},{"nodeID":"1308732","text":"Default Transition","type":"TA","timestamp":"2023-11-09 13:07:43"},{"nodeID":"1308733","text":"Default Transition","type":"TA","timestamp":"2023-11-09 13:07:43"},{"nodeID":"1308734","text":"Default Inference","type":"RA","timestamp":"2023-11-09 13:07:43"},{"nodeID":"1308735","text":"Default Rephrase","type":"MA","timestamp":"2023-11-09 13:07:43"},{"nodeID":"1308736","text":"Default Transition","type":"TA","timestamp":"2023-11-09 13:07:43"},{"nodeID":"1308737","text":"Restating","type":"YA","timestamp":"2023-11-09 13:07:43"},{"nodeID":"1308738","text":"Default Transition","type":"TA","timestamp":"2023-11-09 13:07:43"},{"nodeID":"1308739","text":"Default Transition","type":"TA","timestamp":"2023-11-09 13:07:43"},{"nodeID":"1308740","text":"Default Transition","type":"TA","timestamp":"2023-11-09 13:07:43"},{"nodeID":"1308741","text":"Default Inference","type":"RA","timestamp":"2023-11-09 13:07:43"},{"nodeID":"1308742","text":"Arguing","type":"YA","timestamp":"2023-11-09 13:07:43"},{"nodeID":"1308743","text":"Default Transition","type":"TA","timestamp":"2023-11-09 13:07:43"},{"nodeID":"1308744","text":"Prime Minister: the Government will be taking P&O to court","type":"L","timestamp":"2023-11-09 13:07:43"},{"nodeID":"1308745","text":"Analysing","type":"YA","timestamp":"2023-11-09 13:07:43"},{"nodeID":"1308746","text":"Anon: Prime Minister: the Prime Minister said in the House of Commons that the Government would be taking P&O to court","type":"L","timestamp":"2023-11-09 13:07:43"},{"nodeID":"1308747","text":"Asserting","type":"YA","timestamp":"2023-11-09 13:07:43"},{"nodeID":"1308748","text":"Asserting","type":"YA","timestamp":"2023-11-09 13:07:43"},{"nodeID":"1308749","text":"Default Transition","type":"TA","timestamp":"2023-11-09 13:07:43"},{"nodeID":"1308750","text":"Default Rephrase","type":"MA","timestamp":"2023-11-09 13:07:43"},{"nodeID":"1308751","text":"Restating","type":"YA","timestamp":"2023-11-09 13:07:43"},{"nodeID":"1308752","text":"Default Inference","type":"RA","timestamp":"2023-11-09 13:07:43"},{"nodeID":"1308753","text":"Arguing","type":"YA","timestamp":"2023-11-09 13:07:43"},{"nodeID":"1308754","text":"Default Inference","type":"RA","timestamp":"2023-11-09 13:07:43"},{"nodeID":"1308755","text":"Arguing","type":"YA","timestamp":"2023-11-09 13:07:43"},{"nodeID":"1308756","text":"Default Inference","type":"RA","timestamp":"2023-11-09 13:07:43"},{"nodeID":"1308757","text":"Default Transition","type":"TA","timestamp":"2023-11-09 13:07:43"},{"nodeID":"1308758","text":"Arguing","type":"YA","timestamp":"2023-11-09 13:07:43"},{"nodeID":"1308759","text":"Default Transition","type":"TA","timestamp":"2023-11-09 13:07:43"},{"nodeID":"1308760","text":"Arguing","type":"YA","timestamp":"2023-11-09 13:07:43"},{"nodeID":"1308761","text":"Default Rephrase","type":"MA","timestamp":"2023-11-09 13:07:43"},{"nodeID":"1308762","text":"Restating","type":"YA","timestamp":"2023-11-09 13:07:43"},{"nodeID":"1308763","text":"Default Inference","type":"RA","timestamp":"2023-11-09 13:07:43"},{"nodeID":"1308764","text":"Arguing","type":"YA","timestamp":"2023-11-09 13:07:43"}],"edges":[{"edgeID":"1718811","fromID":"1308662","toID":"1308661","formEdgeID":null},{"edgeID":"1718812","fromID":"1308663","toID":"1308662","formEdgeID":null},{"edgeID":"1718813","fromID":"1308661","toID":"1308664","formEdgeID":null},{"edgeID":"1718814","fromID":"1308664","toID":"1308660","formEdgeID":null},{"edgeID":"1718815","fromID":"1308667","toID":"1308666","formEdgeID":null},{"edgeID":"1718816","fromID":"1308668","toID":"1308667","formEdgeID":null},{"edgeID":"1718817","fromID":"1308666","toID":"1308669","formEdgeID":null},{"edgeID":"1718818","fromID":"1308669","toID":"1308665","formEdgeID":null},{"edgeID":"1718819","fromID":"1308672","toID":"1308671","formEdgeID":null},{"edgeID":"1718820","fromID":"1308673","toID":"1308672","formEdgeID":null},{"edgeID":"1718821","fromID":"1308671","toID":"1308674","formEdgeID":null},{"edgeID":"1718822","fromID":"1308674","toID":"1308670","formEdgeID":null},{"edgeID":"1718823","fromID":"1308677","toID":"1308676","formEdgeID":null},{"edgeID":"1718824","fromID":"1308678","toID":"1308677","formEdgeID":null},{"edgeID":"1718825","fromID":"1308676","toID":"1308679","formEdgeID":null},{"edgeID":"1718826","fromID":"1308679","toID":"1308675","formEdgeID":null},{"edgeID":"1718827","fromID":"1308682","toID":"1308681","formEdgeID":null},{"edgeID":"1718828","fromID":"1308683","toID":"1308682","formEdgeID":null},{"edgeID":"1718829","fromID":"1308681","toID":"1308684","formEdgeID":null},{"edgeID":"1718830","fromID":"1308684","toID":"1308680","formEdgeID":null},{"edgeID":"1718831","fromID":"1308687","toID":"1308686","formEdgeID":null},{"edgeID":"1718832","fromID":"1308688","toID":"1308687","formEdgeID":null},{"edgeID":"1718833","fromID":"1308686","toID":"1308689","formEdgeID":null},{"edgeID":"1718834","fromID":"1308689","toID":"1308685","formEdgeID":null},{"edgeID":"1718835","fromID":"1308692","toID":"1308691","formEdgeID":null},{"edgeID":"1718836","fromID":"1308693","toID":"1308692","formEdgeID":null},{"edgeID":"1718837","fromID":"1308691","toID":"1308694","formEdgeID":null},{"edgeID":"1718838","fromID":"1308694","toID":"1308690","formEdgeID":null},{"edgeID":"1718839","fromID":"1308697","toID":"1308696","formEdgeID":null},{"edgeID":"1718840","fromID":"1308698","toID":"1308697","formEdgeID":null},{"edgeID":"1718841","fromID":"1308696","toID":"1308699","formEdgeID":null},{"edgeID":"1718842","fromID":"1308699","toID":"1308695","formEdgeID":null},{"edgeID":"1718843","fromID":"1308702","toID":"1308701","formEdgeID":null},{"edgeID":"1718844","fromID":"1308703","toID":"1308702","formEdgeID":null},{"edgeID":"1718845","fromID":"1308701","toID":"1308704","formEdgeID":null},{"edgeID":"1718846","fromID":"1308704","toID":"1308700","formEdgeID":null},{"edgeID":"1718847","fromID":"1308707","toID":"1308706","formEdgeID":null},{"edgeID":"1718848","fromID":"1308708","toID":"1308707","formEdgeID":null},{"edgeID":"1718849","fromID":"1308706","toID":"1308709","formEdgeID":null},{"edgeID":"1718850","fromID":"1308709","toID":"1308705","formEdgeID":null},{"edgeID":"1718851","fromID":"1308712","toID":"1308711","formEdgeID":null},{"edgeID":"1718852","fromID":"1308713","toID":"1308712","formEdgeID":null},{"edgeID":"1718853","fromID":"1308711","toID":"1308714","formEdgeID":null},{"edgeID":"1718854","fromID":"1308714","toID":"1308710","formEdgeID":null},{"edgeID":"1718855","fromID":"1308717","toID":"1308716","formEdgeID":null},{"edgeID":"1718856","fromID":"1308718","toID":"1308717","formEdgeID":null},{"edgeID":"1718857","fromID":"1308721","toID":"1308720","formEdgeID":null},{"edgeID":"1718858","fromID":"1308722","toID":"1308721","formEdgeID":null},{"edgeID":"1718859","fromID":"1308720","toID":"1308723","formEdgeID":null},{"edgeID":"1718860","fromID":"1308723","toID":"1308719","formEdgeID":null},{"edgeID":"1718861","fromID":"1308661","toID":"1308724","formEdgeID":null},{"edgeID":"1718862","fromID":"1308724","toID":"1308666","formEdgeID":null},{"edgeID":"1718863","fromID":"1308666","toID":"1308725","formEdgeID":null},{"edgeID":"1718864","fromID":"1308725","toID":"1308671","formEdgeID":null},{"edgeID":"1718865","fromID":"1308671","toID":"1308726","formEdgeID":null},{"edgeID":"1718866","fromID":"1308726","toID":"1308676","formEdgeID":null},{"edgeID":"1718867","fromID":"1308729","toID":"1308728","formEdgeID":null},{"edgeID":"1718868","fromID":"1308730","toID":"1308729","formEdgeID":null},{"edgeID":"1718869","fromID":"1308728","toID":"1308731","formEdgeID":null},{"edgeID":"1718870","fromID":"1308731","toID":"1308727","formEdgeID":null},{"edgeID":"1718871","fromID":"1308676","toID":"1308732","formEdgeID":null},{"edgeID":"1718872","fromID":"1308732","toID":"1308728","formEdgeID":null},{"edgeID":"1718873","fromID":"1308681","toID":"1308733","formEdgeID":null},{"edgeID":"1718874","fromID":"1308733","toID":"1308686","formEdgeID":null},{"edgeID":"1718875","fromID":"1308685","toID":"1308734","formEdgeID":null},{"edgeID":"1718876","fromID":"1308734","toID":"1308680","formEdgeID":null},{"edgeID":"1718877","fromID":"1308690","toID":"1308735","formEdgeID":null},{"edgeID":"1718878","fromID":"1308735","toID":"1308680","formEdgeID":null},{"edgeID":"1718879","fromID":"1308681","toID":"1308736","formEdgeID":null},{"edgeID":"1718880","fromID":"1308736","toID":"1308691","formEdgeID":null},{"edgeID":"1718881","fromID":"1308736","toID":"1308737","formEdgeID":null},{"edgeID":"1718882","fromID":"1308737","toID":"1308735","formEdgeID":null},{"edgeID":"1718883","fromID":"1308691","toID":"1308738","formEdgeID":null},{"edgeID":"1718884","fromID":"1308738","toID":"1308696","formEdgeID":null},{"edgeID":"1718885","fromID":"1308701","toID":"1308739","formEdgeID":null},{"edgeID":"1718886","fromID":"1308739","toID":"1308706","formEdgeID":null},{"edgeID":"1718887","fromID":"1308706","toID":"1308740","formEdgeID":null},{"edgeID":"1718888","fromID":"1308740","toID":"1308711","formEdgeID":null},{"edgeID":"1718889","fromID":"1308710","toID":"1308741","formEdgeID":null},{"edgeID":"1718890","fromID":"1308741","toID":"1308705","formEdgeID":null},{"edgeID":"1718891","fromID":"1308740","toID":"1308742","formEdgeID":null},{"edgeID":"1718892","fromID":"1308742","toID":"1308741","formEdgeID":null},{"edgeID":"1718893","fromID":"1308711","toID":"1308743","formEdgeID":null},{"edgeID":"1718894","fromID":"1308743","toID":"1308716","formEdgeID":null},{"edgeID":"1718895","fromID":"1308745","toID":"1308744","formEdgeID":null},{"edgeID":"1718896","fromID":"1308746","toID":"1308745","formEdgeID":null},{"edgeID":"1718897","fromID":"1308716","toID":"1308747","formEdgeID":null},{"edgeID":"1718898","fromID":"1308747","toID":"1308744","formEdgeID":null},{"edgeID":"1718899","fromID":"1308744","toID":"1308748","formEdgeID":null},{"edgeID":"1718900","fromID":"1308748","toID":"1308715","formEdgeID":null},{"edgeID":"1718901","fromID":"1308716","toID":"1308749","formEdgeID":null},{"edgeID":"1718902","fromID":"1308749","toID":"1308720","formEdgeID":null},{"edgeID":"1718903","fromID":"1308705","toID":"1308750","formEdgeID":null},{"edgeID":"1718904","fromID":"1308750","toID":"1308700","formEdgeID":null},{"edgeID":"1718905","fromID":"1308739","toID":"1308751","formEdgeID":null},{"edgeID":"1718906","fromID":"1308751","toID":"1308750","formEdgeID":null},{"edgeID":"1718907","fromID":"1308710","toID":"1308752","formEdgeID":null},{"edgeID":"1718908","fromID":"1308752","toID":"1308715","formEdgeID":null},{"edgeID":"1718909","fromID":"1308743","toID":"1308753","formEdgeID":null},{"edgeID":"1718910","fromID":"1308753","toID":"1308752","formEdgeID":null},{"edgeID":"1718911","fromID":"1308727","toID":"1308754","formEdgeID":null},{"edgeID":"1718912","fromID":"1308754","toID":"1308675","formEdgeID":null},{"edgeID":"1718913","fromID":"1308732","toID":"1308755","formEdgeID":null},{"edgeID":"1718914","fromID":"1308755","toID":"1308754","formEdgeID":null},{"edgeID":"1718915","fromID":"1308680","toID":"1308756","formEdgeID":null},{"edgeID":"1718916","fromID":"1308756","toID":"1308670","formEdgeID":null},{"edgeID":"1718917","fromID":"1308671","toID":"1308757","formEdgeID":null},{"edgeID":"1718918","fromID":"1308757","toID":"1308681","formEdgeID":null},{"edgeID":"1718919","fromID":"1308757","toID":"1308758","formEdgeID":null},{"edgeID":"1718920","fromID":"1308758","toID":"1308756","formEdgeID":null},{"edgeID":"1718921","fromID":"1308756","toID":"1308675","formEdgeID":null},{"edgeID":"1718922","fromID":"1308676","toID":"1308759","formEdgeID":null},{"edgeID":"1718923","fromID":"1308759","toID":"1308701","formEdgeID":null},{"edgeID":"1718924","fromID":"1308733","toID":"1308760","formEdgeID":null},{"edgeID":"1718925","fromID":"1308760","toID":"1308734","formEdgeID":null},{"edgeID":"1718926","fromID":"1308695","toID":"1308761","formEdgeID":null},{"edgeID":"1718927","fromID":"1308761","toID":"1308690","formEdgeID":null},{"edgeID":"1718928","fromID":"1308738","toID":"1308762","formEdgeID":null},{"edgeID":"1718929","fromID":"1308762","toID":"1308761","formEdgeID":null},{"edgeID":"1718930","fromID":"1308675","toID":"1308763","formEdgeID":null},{"edgeID":"1718931","fromID":"1308763","toID":"1308700","formEdgeID":null},{"edgeID":"1718932","fromID":"1308759","toID":"1308764","formEdgeID":null},{"edgeID":"1718933","fromID":"1308764","toID":"1308763","formEdgeID":null}],"locutions":[]}