{"nodes":[{"nodeID":"1150091","text":"climate change presents us with so many challenges","type":"I","timestamp":"2023-04-20 20:10:57"},{"nodeID":"1150207","text":"rent is going up as well","type":"I","timestamp":"2023-04-20 20:11:39"},{"nodeID":"1150216","text":"AudienceMember 20221006QT50 is not feeling better off","type":"I","timestamp":"2023-04-20 20:11:41"},{"nodeID":"1150244","text":"house prices have gone up so much","type":"I","timestamp":"2023-04-20 20:11:53"},{"nodeID":"1150251","text":"it is impossible to get on the ladder","type":"I","timestamp":"2023-04-20 20:11:55"},{"nodeID":"1330527","text":"any plan for growth, it is not trickling down","type":"I","timestamp":"2023-11-09 13:38:24"},{"nodeID":"1330528","text":"Bridget Phillipson: So any plan for growth, it is not trickling down","type":"L","timestamp":"2023-11-09 13:38:24"},{"nodeID":"1330529","text":"Analysing","type":"YA","timestamp":"2023-11-09 13:38:24"},{"nodeID":"1330530","text":"Anna : Bridget Phillipson: So any plan for growth, it is not trickling down","type":"L","timestamp":"2023-11-09 13:38:24"},{"nodeID":"1330531","text":"Asserting","type":"YA","timestamp":"2023-11-09 13:38:24"},{"nodeID":"1330532","text":"any plan for growth has to involve investing in our people","type":"I","timestamp":"2023-11-09 13:38:25"},{"nodeID":"1330533","text":"Bridget Phillipson: Any plan for growth has to involve investing in our people","type":"L","timestamp":"2023-11-09 13:38:25"},{"nodeID":"1330534","text":"Analysing","type":"YA","timestamp":"2023-11-09 13:38:25"},{"nodeID":"1330535","text":"Anna : Bridget Phillipson: Any plan for growth has to involve investing in our people","type":"L","timestamp":"2023-11-09 13:38:25"},{"nodeID":"1330536","text":"Asserting","type":"YA","timestamp":"2023-11-09 13:38:25"},{"nodeID":"1330537","text":"any plan for growth has to involve making the transition when it comes to new technologies of the future","type":"I","timestamp":"2023-11-09 13:38:25"},{"nodeID":"1330538","text":"Bridget Phillipson:  and making the transition when it comes to new technologies of the future","type":"L","timestamp":"2023-11-09 13:38:25"},{"nodeID":"1330539","text":"Analysing","type":"YA","timestamp":"2023-11-09 13:38:25"},{"nodeID":"1330540","text":"Anna : Bridget Phillipson:  and making the transition when it comes to new technologies of the future","type":"L","timestamp":"2023-11-09 13:38:25"},{"nodeID":"1330541","text":"Asserting","type":"YA","timestamp":"2023-11-09 13:38:25"},{"nodeID":"1330542","text":"Bridget Phillipson: Climate change presents us with so many challenges","type":"L","timestamp":"2023-11-09 13:38:26"},{"nodeID":"1330543","text":"Analysing","type":"YA","timestamp":"2023-11-09 13:38:26"},{"nodeID":"1330544","text":"Anna : Bridget Phillipson: Climate change presents us with so many challenges","type":"L","timestamp":"2023-11-09 13:38:26"},{"nodeID":"1330545","text":"Asserting","type":"YA","timestamp":"2023-11-09 13:38:26"},{"nodeID":"1330546","text":"climate change it presents us with so many opportunities to create brilliant jobs across our country, well paid, highly skilled","type":"I","timestamp":"2023-11-09 13:38:26"},{"nodeID":"1330547","text":"Bridget Phillipson: but it presents us with so many opportunities to create brilliant jobs across our country, well paid, highly skilled","type":"L","timestamp":"2023-11-09 13:38:26"},{"nodeID":"1330548","text":"Analysing","type":"YA","timestamp":"2023-11-09 13:38:26"},{"nodeID":"1330549","text":"Anna : Bridget Phillipson: but it presents us with so many opportunities to create brilliant jobs across our country, well paid, highly skilled","type":"L","timestamp":"2023-11-09 13:38:26"},{"nodeID":"1330550","text":"Asserting","type":"YA","timestamp":"2023-11-09 13:38:26"},{"nodeID":"1330551","text":"that should be the focus of government","type":"I","timestamp":"2023-11-09 13:38:27"},{"nodeID":"1330552","text":"Bridget Phillipson:  that should be the focus of government","type":"L","timestamp":"2023-11-09 13:38:27"},{"nodeID":"1330553","text":"Analysing","type":"YA","timestamp":"2023-11-09 13:38:27"},{"nodeID":"1330554","text":"Anna : Bridget Phillipson:  that should be the focus of government","type":"L","timestamp":"2023-11-09 13:38:27"},{"nodeID":"1330555","text":"Asserting","type":"YA","timestamp":"2023-11-09 13:38:27"},{"nodeID":"1330556","text":"unfunded tax cuts that lead us to a crash on the economy should not be the focus of government","type":"I","timestamp":"2023-11-09 13:38:28"},{"nodeID":"1330557","text":"Bridget Phillipson: not unfunded tax cuts that lead us to a crash on the economy","type":"L","timestamp":"2023-11-09 13:38:28"},{"nodeID":"1330558","text":"Analysing","type":"YA","timestamp":"2023-11-09 13:38:28"},{"nodeID":"1330559","text":"Anna : Bridget Phillipson: not unfunded tax cuts that lead us to a crash on the economy","type":"L","timestamp":"2023-11-09 13:38:28"},{"nodeID":"1330560","text":"Asserting","type":"YA","timestamp":"2023-11-09 13:38:28"},{"nodeID":"1330561","text":"xxx is what we can say to Jamie","type":"I","timestamp":"2023-11-09 13:38:28"},{"nodeID":"1330562","text":"Fiona Bruce: what can we say to Jamie","type":"L","timestamp":"2023-11-09 13:38:28"},{"nodeID":"1330563","text":"Analysing","type":"YA","timestamp":"2023-11-09 13:38:28"},{"nodeID":"1330564","text":"Anna : Fiona Bruce: what can we say to Jamie","type":"L","timestamp":"2023-11-09 13:38:28"},{"nodeID":"1330565","text":"Pure Questioning","type":"YA","timestamp":"2023-11-09 13:38:28"},{"nodeID":"1330566","text":"first-time buyers like Jamie will or will not ever be able to afford a mortgage","type":"I","timestamp":"2023-11-09 13:38:29"},{"nodeID":"1330567","text":"Fiona Bruce: Will first-time buyers like Jamie ever be able to afford a mortgage","type":"L","timestamp":"2023-11-09 13:38:29"},{"nodeID":"1330568","text":"Analysing","type":"YA","timestamp":"2023-11-09 13:38:29"},{"nodeID":"1330569","text":"Anna : Fiona Bruce: Will first-time buyers like Jamie ever be able to afford a mortgage","type":"L","timestamp":"2023-11-09 13:38:29"},{"nodeID":"1330570","text":"Pure Questioning","type":"YA","timestamp":"2023-11-09 13:38:29"},{"nodeID":"1330571","text":"right now, Jamie is thinking he can't ever afford a mortgage","type":"I","timestamp":"2023-11-09 13:38:29"},{"nodeID":"1330572","text":"Fiona Bruce: Right now, you're thinking you can't","type":"L","timestamp":"2023-11-09 13:38:29"},{"nodeID":"1330573","text":"Analysing","type":"YA","timestamp":"2023-11-09 13:38:29"},{"nodeID":"1330574","text":"Anna : Fiona Bruce: Right now, you're thinking you can't","type":"L","timestamp":"2023-11-09 13:38:29"},{"nodeID":"1330575","text":"Asserting","type":"YA","timestamp":"2023-11-09 13:38:29"},{"nodeID":"1330576","text":"that's another 2 years until AudienceMember 20221006QT50 is 30","type":"I","timestamp":"2023-11-09 13:38:30"},{"nodeID":"1330577","text":"AudienceMember 20221006QT50: That's another 2 years","type":"L","timestamp":"2023-11-09 13:38:30"},{"nodeID":"1330578","text":"Analysing","type":"YA","timestamp":"2023-11-09 13:38:30"},{"nodeID":"1330579","text":"Anna : AudienceMember 20221006QT50: That's another 2 years","type":"L","timestamp":"2023-11-09 13:38:30"},{"nodeID":"1330580","text":"Asserting","type":"YA","timestamp":"2023-11-09 13:38:30"},{"nodeID":"1330581","text":"AudienceMember 20221006QT50 just feels at the moment he's trapped in a rent cycle","type":"I","timestamp":"2023-11-09 13:38:30"},{"nodeID":"1330582","text":"AudienceMember 20221006QT50:  I just feel at the moment I'm trapped in a rent cycle","type":"L","timestamp":"2023-11-09 13:38:30"},{"nodeID":"1330583","text":"Analysing","type":"YA","timestamp":"2023-11-09 13:38:30"},{"nodeID":"1330584","text":"Anna : AudienceMember 20221006QT50:  I just feel at the moment I'm trapped in a rent cycle","type":"L","timestamp":"2023-11-09 13:38:30"},{"nodeID":"1330585","text":"Asserting","type":"YA","timestamp":"2023-11-09 13:38:30"},{"nodeID":"1330586","text":"getting a house within two years is not going to happen realistically now","type":"I","timestamp":"2023-11-09 13:38:31"},{"nodeID":"1330587","text":"AudienceMember 20221006QT50:  it is not going to happen realistically now","type":"L","timestamp":"2023-11-09 13:38:31"},{"nodeID":"1330588","text":"Analysing","type":"YA","timestamp":"2023-11-09 13:38:31"},{"nodeID":"1330589","text":"Anna : AudienceMember 20221006QT50:  it is not going to happen realistically now","type":"L","timestamp":"2023-11-09 13:38:31"},{"nodeID":"1330590","text":"Asserting","type":"YA","timestamp":"2023-11-09 13:38:31"},{"nodeID":"1330591","text":"especially with energy bills going up, buying a house is not going to happen realistically now","type":"I","timestamp":"2023-11-09 13:38:32"},{"nodeID":"1330592","text":"AudienceMember 20221006QT50: especially with energy bills going up","type":"L","timestamp":"2023-11-09 13:38:32"},{"nodeID":"1330593","text":"Analysing","type":"YA","timestamp":"2023-11-09 13:38:32"},{"nodeID":"1330594","text":"Anna : AudienceMember 20221006QT50: especially with energy bills going up","type":"L","timestamp":"2023-11-09 13:38:32"},{"nodeID":"1330595","text":"Asserting","type":"YA","timestamp":"2023-11-09 13:38:32"},{"nodeID":"1330596","text":"the Government very taken action on","type":"I","timestamp":"2023-11-09 13:38:32"},{"nodeID":"1330597","text":"Fiona Bruce:  The Government very taken action on","type":"L","timestamp":"2023-11-09 13:38:32"},{"nodeID":"1330598","text":"Analysing","type":"YA","timestamp":"2023-11-09 13:38:32"},{"nodeID":"1330599","text":"Anna : Fiona Bruce:  The Government very taken action on","type":"L","timestamp":"2023-11-09 13:38:32"},{"nodeID":"1330600","text":"Asserting","type":"YA","timestamp":"2023-11-09 13:38:32"},{"nodeID":"1330601","text":"to be fair, the government has taken action","type":"I","timestamp":"2023-11-09 13:38:33"},{"nodeID":"1330602","text":"AudienceMember 20221006QT51: To be fair they have","type":"L","timestamp":"2023-11-09 13:38:33"},{"nodeID":"1330603","text":"Analysing","type":"YA","timestamp":"2023-11-09 13:38:33"},{"nodeID":"1330604","text":"Anna : AudienceMember 20221006QT51: To be fair they have","type":"L","timestamp":"2023-11-09 13:38:33"},{"nodeID":"1330605","text":"Asserting","type":"YA","timestamp":"2023-11-09 13:38:33"},{"nodeID":"1330606","text":"everything else is going up","type":"I","timestamp":"2023-11-09 13:38:33"},{"nodeID":"1330607","text":"AudienceMember 20221006QT51: Everything else is going up","type":"L","timestamp":"2023-11-09 13:38:33"},{"nodeID":"1330608","text":"Analysing","type":"YA","timestamp":"2023-11-09 13:38:33"},{"nodeID":"1330609","text":"Anna : AudienceMember 20221006QT51: Everything else is going up","type":"L","timestamp":"2023-11-09 13:38:33"},{"nodeID":"1330610","text":"Asserting","type":"YA","timestamp":"2023-11-09 13:38:33"},{"nodeID":"1330611","text":"AudienceMember 20221006QT51: Rent is going up as well","type":"L","timestamp":"2023-11-09 13:38:34"},{"nodeID":"1330612","text":"Analysing","type":"YA","timestamp":"2023-11-09 13:38:34"},{"nodeID":"1330613","text":"Anna : AudienceMember 20221006QT51: Rent is going up as well","type":"L","timestamp":"2023-11-09 13:38:34"},{"nodeID":"1330614","text":"Asserting","type":"YA","timestamp":"2023-11-09 13:38:34"},{"nodeID":"1330615","text":"so AudienceMember 20221006QT51 is not not feeling better off","type":"I","timestamp":"2023-11-09 13:38:35"},{"nodeID":"1330616","text":"Fiona Bruce: So you're not feeling better off","type":"L","timestamp":"2023-11-09 13:38:35"},{"nodeID":"1330617","text":"Analysing","type":"YA","timestamp":"2023-11-09 13:38:35"},{"nodeID":"1330618","text":"Anna : Fiona Bruce: So you're not feeling better off","type":"L","timestamp":"2023-11-09 13:38:35"},{"nodeID":"1330619","text":"Asserting","type":"YA","timestamp":"2023-11-09 13:38:35"},{"nodeID":"1330620","text":"AudienceMember 20221006QT52: I'm not feeling better off","type":"L","timestamp":"2023-11-09 13:38:35"},{"nodeID":"1330621","text":"Analysing","type":"YA","timestamp":"2023-11-09 13:38:35"},{"nodeID":"1330622","text":"Anna : AudienceMember 20221006QT52: I'm not feeling better off","type":"L","timestamp":"2023-11-09 13:38:35"},{"nodeID":"1330623","text":"Asserting","type":"YA","timestamp":"2023-11-09 13:38:35"},{"nodeID":"1330624","text":"the aspiration to own your own home, Karan Bilimoria remembers when his wife and him bought their own home","type":"I","timestamp":"2023-11-09 13:38:36"},{"nodeID":"1330625","text":"Karan Bilimoria: The aspiration to own your own home, I remember when my wife and I bought our own home.","type":"L","timestamp":"2023-11-09 13:38:36"},{"nodeID":"1330626","text":"Analysing","type":"YA","timestamp":"2023-11-09 13:38:36"},{"nodeID":"1330627","text":"Anna : Karan Bilimoria: The aspiration to own your own home, I remember when my wife and I bought our own home.","type":"L","timestamp":"2023-11-09 13:38:36"},{"nodeID":"1330628","text":"Asserting","type":"YA","timestamp":"2023-11-09 13:38:36"},{"nodeID":"1330629","text":"Karan Bilimoria remembers how they struggled to get that deposit amount","type":"I","timestamp":"2023-11-09 13:38:36"},{"nodeID":"1330630","text":"Karan Bilimoria: How we struggled to get that deposit amount","type":"L","timestamp":"2023-11-09 13:38:36"},{"nodeID":"1330631","text":"Analysing","type":"YA","timestamp":"2023-11-09 13:38:36"},{"nodeID":"1330632","text":"Anna : Karan Bilimoria: How we struggled to get that deposit amount","type":"L","timestamp":"2023-11-09 13:38:36"},{"nodeID":"1330633","text":"Asserting","type":"YA","timestamp":"2023-11-09 13:38:36"},{"nodeID":"1330634","text":"people buying their own houses is one thing we've got to encourage","type":"I","timestamp":"2023-11-09 13:38:37"},{"nodeID":"1330635","text":"Karan Bilimoria: It is one thing we've got to encourage","type":"L","timestamp":"2023-11-09 13:38:37"},{"nodeID":"1330636","text":"Analysing","type":"YA","timestamp":"2023-11-09 13:38:37"},{"nodeID":"1330637","text":"Anna : Karan Bilimoria: It is one thing we've got to encourage","type":"L","timestamp":"2023-11-09 13:38:37"},{"nodeID":"1330638","text":"Asserting","type":"YA","timestamp":"2023-11-09 13:38:37"},{"nodeID":"1330639","text":"Karan Bilimoria: house prices have gone up so much","type":"L","timestamp":"2023-11-09 13:38:37"},{"nodeID":"1330640","text":"Analysing","type":"YA","timestamp":"2023-11-09 13:38:37"},{"nodeID":"1330641","text":"Anna : Karan Bilimoria: house prices have gone up so much","type":"L","timestamp":"2023-11-09 13:38:37"},{"nodeID":"1330642","text":"Asserting","type":"YA","timestamp":"2023-11-09 13:38:37"},{"nodeID":"1330643","text":"Karan Bilimoria: it is impossible to get on the ladder","type":"L","timestamp":"2023-11-09 13:38:38"},{"nodeID":"1330644","text":"Analysing","type":"YA","timestamp":"2023-11-09 13:38:38"},{"nodeID":"1330645","text":"Anna : Karan Bilimoria: it is impossible to get on the ladder","type":"L","timestamp":"2023-11-09 13:38:38"},{"nodeID":"1330646","text":"Asserting","type":"YA","timestamp":"2023-11-09 13:38:38"},{"nodeID":"1330647","text":"AudienceMember 20221006QT51 was nearly on the ladder","type":"I","timestamp":"2023-11-09 13:38:39"},{"nodeID":"1330648","text":"Karan Bilimoria: Here you were nearly on the ladder","type":"L","timestamp":"2023-11-09 13:38:39"},{"nodeID":"1330649","text":"Analysing","type":"YA","timestamp":"2023-11-09 13:38:39"},{"nodeID":"1330650","text":"Anna : Karan Bilimoria: Here you were nearly on the ladder","type":"L","timestamp":"2023-11-09 13:38:39"},{"nodeID":"1330651","text":"Asserting","type":"YA","timestamp":"2023-11-09 13:38:39"},{"nodeID":"1330652","text":"interest rates are rocketing up","type":"I","timestamp":"2023-11-09 13:38:39"},{"nodeID":"1330653","text":"Karan Bilimoria: interest rates are rocketing up","type":"L","timestamp":"2023-11-09 13:38:39"},{"nodeID":"1330654","text":"Analysing","type":"YA","timestamp":"2023-11-09 13:38:39"},{"nodeID":"1330655","text":"Anna : Karan Bilimoria: interest rates are rocketing up","type":"L","timestamp":"2023-11-09 13:38:39"},{"nodeID":"1330656","text":"Asserting","type":"YA","timestamp":"2023-11-09 13:38:39"},{"nodeID":"1330657","text":"Default Transition","type":"TA","timestamp":"2023-11-09 13:38:39"},{"nodeID":"1330658","text":"Default Transition","type":"TA","timestamp":"2023-11-09 13:38:39"},{"nodeID":"1330659","text":"Default Rephrase","type":"MA","timestamp":"2023-11-09 13:38:39"},{"nodeID":"1330660","text":"Restating","type":"YA","timestamp":"2023-11-09 13:38:39"},{"nodeID":"1330661","text":"Default Transition","type":"TA","timestamp":"2023-11-09 13:38:39"},{"nodeID":"1330662","text":"Default Conflict","type":"CA","timestamp":"2023-11-09 13:38:39"},{"nodeID":"1330663","text":"Default Transition","type":"TA","timestamp":"2023-11-09 13:38:39"},{"nodeID":"1330664","text":"Disagreeing","type":"YA","timestamp":"2023-11-09 13:38:39"},{"nodeID":"1330665","text":"Default Transition","type":"TA","timestamp":"2023-11-09 13:38:39"},{"nodeID":"1330666","text":"Default Inference","type":"RA","timestamp":"2023-11-09 13:38:39"},{"nodeID":"1330667","text":"Arguing","type":"YA","timestamp":"2023-11-09 13:38:39"},{"nodeID":"1330668","text":"Default Rephrase","type":"MA","timestamp":"2023-11-09 13:38:39"},{"nodeID":"1330669","text":"Default Transition","type":"TA","timestamp":"2023-11-09 13:38:39"},{"nodeID":"1330670","text":"Restating","type":"YA","timestamp":"2023-11-09 13:38:39"},{"nodeID":"1330671","text":"Default Transition","type":"TA","timestamp":"2023-11-09 13:38:39"},{"nodeID":"1330672","text":"Default Transition","type":"TA","timestamp":"2023-11-09 13:38:39"},{"nodeID":"1330673","text":"Default Transition","type":"TA","timestamp":"2023-11-09 13:38:39"},{"nodeID":"1330674","text":"AudienceMember 20221006QT50: Yeah","type":"L","timestamp":"2023-11-09 13:38:39"},{"nodeID":"1330675","text":"Analysing","type":"YA","timestamp":"2023-11-09 13:38:39"},{"nodeID":"1330676","text":"Anna : AudienceMember 20221006QT50: Yeah","type":"L","timestamp":"2023-11-09 13:38:39"},{"nodeID":"1330677","text":"Default Transition","type":"TA","timestamp":"2023-11-09 13:38:39"},{"nodeID":"1330678","text":"Agreeing","type":"YA","timestamp":"2023-11-09 13:38:39"},{"nodeID":"1330679","text":"AudienceMember 20221006QT50 wanted to get a house by the time he's 30","type":"I","timestamp":"2023-11-09 13:38:40"},{"nodeID":"1330680","text":"AudienceMember 20221006QT50:  I wanted to get a house by the time I'm 30","type":"L","timestamp":"2023-11-09 13:38:40"},{"nodeID":"1330681","text":"Analysing","type":"YA","timestamp":"2023-11-09 13:38:40"},{"nodeID":"1330682","text":"Anna : AudienceMember 20221006QT50:  I wanted to get a house by the time I'm 30","type":"L","timestamp":"2023-11-09 13:38:40"},{"nodeID":"1330683","text":"Asserting","type":"YA","timestamp":"2023-11-09 13:38:40"},{"nodeID":"1330684","text":"Default Transition","type":"TA","timestamp":"2023-11-09 13:38:40"},{"nodeID":"1330685","text":"Default Transition","type":"TA","timestamp":"2023-11-09 13:38:40"},{"nodeID":"1330686","text":"Default Rephrase","type":"MA","timestamp":"2023-11-09 13:38:40"},{"nodeID":"1330687","text":"Restating","type":"YA","timestamp":"2023-11-09 13:38:40"},{"nodeID":"1330688","text":"Default Transition","type":"TA","timestamp":"2023-11-09 13:38:40"},{"nodeID":"1330689","text":"Default Inference","type":"RA","timestamp":"2023-11-09 13:38:40"},{"nodeID":"1330690","text":"Default Transition","type":"TA","timestamp":"2023-11-09 13:38:40"},{"nodeID":"1330691","text":"Arguing","type":"YA","timestamp":"2023-11-09 13:38:40"},{"nodeID":"1330692","text":"Default Transition","type":"TA","timestamp":"2023-11-09 13:38:40"},{"nodeID":"1330693","text":"Default Rephrase","type":"MA","timestamp":"2023-11-09 13:38:40"},{"nodeID":"1330694","text":"Restating","type":"YA","timestamp":"2023-11-09 13:38:40"},{"nodeID":"1330695","text":"Default Transition","type":"TA","timestamp":"2023-11-09 13:38:40"},{"nodeID":"1330696","text":"Default Inference","type":"RA","timestamp":"2023-11-09 13:38:40"},{"nodeID":"1330697","text":"Default Transition","type":"TA","timestamp":"2023-11-09 13:38:40"},{"nodeID":"1330698","text":"Agreeing","type":"YA","timestamp":"2023-11-09 13:38:40"},{"nodeID":"1330699","text":"Default Transition","type":"TA","timestamp":"2023-11-09 13:38:40"},{"nodeID":"1330700","text":"Default Inference","type":"RA","timestamp":"2023-11-09 13:38:40"},{"nodeID":"1330701","text":"Arguing","type":"YA","timestamp":"2023-11-09 13:38:40"},{"nodeID":"1330702","text":"Default Rephrase","type":"MA","timestamp":"2023-11-09 13:38:40"},{"nodeID":"1330703","text":"Default Transition","type":"TA","timestamp":"2023-11-09 13:38:40"},{"nodeID":"1330704","text":"Restating","type":"YA","timestamp":"2023-11-09 13:38:40"},{"nodeID":"1330705","text":"Default Transition","type":"TA","timestamp":"2023-11-09 13:38:40"},{"nodeID":"1330706","text":"Default Rephrase","type":"MA","timestamp":"2023-11-09 13:38:40"},{"nodeID":"1330707","text":"Default Transition","type":"TA","timestamp":"2023-11-09 13:38:40"},{"nodeID":"1330708","text":"Restating","type":"YA","timestamp":"2023-11-09 13:38:40"},{"nodeID":"1330709","text":"Default Transition","type":"TA","timestamp":"2023-11-09 13:38:40"},{"nodeID":"1330710","text":"Default Rephrase","type":"MA","timestamp":"2023-11-09 13:38:40"},{"nodeID":"1330711","text":"Default Transition","type":"TA","timestamp":"2023-11-09 13:38:40"},{"nodeID":"1330712","text":"Restating","type":"YA","timestamp":"2023-11-09 13:38:40"},{"nodeID":"1330713","text":"Default Transition","type":"TA","timestamp":"2023-11-09 13:38:40"},{"nodeID":"1330714","text":"Default Transition","type":"TA","timestamp":"2023-11-09 13:38:40"},{"nodeID":"1330715","text":"Default Inference","type":"RA","timestamp":"2023-11-09 13:38:40"},{"nodeID":"1330716","text":"Default Transition","type":"TA","timestamp":"2023-11-09 13:38:40"},{"nodeID":"1330717","text":"Arguing","type":"YA","timestamp":"2023-11-09 13:38:40"},{"nodeID":"1330718","text":"Default Transition","type":"TA","timestamp":"2023-11-09 13:38:40"},{"nodeID":"1330719","text":"Default Transition","type":"TA","timestamp":"2023-11-09 13:38:40"},{"nodeID":"1330720","text":"Default Rephrase","type":"MA","timestamp":"2023-11-09 13:38:40"},{"nodeID":"1330721","text":"Default Illocuting","type":"YA","timestamp":"2023-11-09 13:38:40"}],"edges":[{"edgeID":"1745106","fromID":"1330529","toID":"1330528","formEdgeID":null},{"edgeID":"1745107","fromID":"1330530","toID":"1330529","formEdgeID":null},{"edgeID":"1745108","fromID":"1330528","toID":"1330531","formEdgeID":null},{"edgeID":"1745109","fromID":"1330531","toID":"1330527","formEdgeID":null},{"edgeID":"1745110","fromID":"1330534","toID":"1330533","formEdgeID":null},{"edgeID":"1745111","fromID":"1330535","toID":"1330534","formEdgeID":null},{"edgeID":"1745112","fromID":"1330533","toID":"1330536","formEdgeID":null},{"edgeID":"1745113","fromID":"1330536","toID":"1330532","formEdgeID":null},{"edgeID":"1745114","fromID":"1330539","toID":"1330538","formEdgeID":null},{"edgeID":"1745115","fromID":"1330540","toID":"1330539","formEdgeID":null},{"edgeID":"1745116","fromID":"1330538","toID":"1330541","formEdgeID":null},{"edgeID":"1745117","fromID":"1330541","toID":"1330537","formEdgeID":null},{"edgeID":"1745118","fromID":"1330543","toID":"1330542","formEdgeID":null},{"edgeID":"1745119","fromID":"1330544","toID":"1330543","formEdgeID":null},{"edgeID":"1745120","fromID":"1330542","toID":"1330545","formEdgeID":null},{"edgeID":"1745121","fromID":"1330545","toID":"1150091","formEdgeID":null},{"edgeID":"1745122","fromID":"1330548","toID":"1330547","formEdgeID":null},{"edgeID":"1745123","fromID":"1330549","toID":"1330548","formEdgeID":null},{"edgeID":"1745124","fromID":"1330547","toID":"1330550","formEdgeID":null},{"edgeID":"1745125","fromID":"1330550","toID":"1330546","formEdgeID":null},{"edgeID":"1745126","fromID":"1330553","toID":"1330552","formEdgeID":null},{"edgeID":"1745127","fromID":"1330554","toID":"1330553","formEdgeID":null},{"edgeID":"1745128","fromID":"1330552","toID":"1330555","formEdgeID":null},{"edgeID":"1745129","fromID":"1330555","toID":"1330551","formEdgeID":null},{"edgeID":"1745130","fromID":"1330558","toID":"1330557","formEdgeID":null},{"edgeID":"1745131","fromID":"1330559","toID":"1330558","formEdgeID":null},{"edgeID":"1745132","fromID":"1330557","toID":"1330560","formEdgeID":null},{"edgeID":"1745133","fromID":"1330560","toID":"1330556","formEdgeID":null},{"edgeID":"1745134","fromID":"1330563","toID":"1330562","formEdgeID":null},{"edgeID":"1745135","fromID":"1330564","toID":"1330563","formEdgeID":null},{"edgeID":"1745136","fromID":"1330562","toID":"1330565","formEdgeID":null},{"edgeID":"1745137","fromID":"1330565","toID":"1330561","formEdgeID":null},{"edgeID":"1745138","fromID":"1330568","toID":"1330567","formEdgeID":null},{"edgeID":"1745139","fromID":"1330569","toID":"1330568","formEdgeID":null},{"edgeID":"1745140","fromID":"1330567","toID":"1330570","formEdgeID":null},{"edgeID":"1745141","fromID":"1330570","toID":"1330566","formEdgeID":null},{"edgeID":"1745142","fromID":"1330573","toID":"1330572","formEdgeID":null},{"edgeID":"1745143","fromID":"1330574","toID":"1330573","formEdgeID":null},{"edgeID":"1745144","fromID":"1330572","toID":"1330575","formEdgeID":null},{"edgeID":"1745145","fromID":"1330575","toID":"1330571","formEdgeID":null},{"edgeID":"1745146","fromID":"1330578","toID":"1330577","formEdgeID":null},{"edgeID":"1745147","fromID":"1330579","toID":"1330578","formEdgeID":null},{"edgeID":"1745148","fromID":"1330577","toID":"1330580","formEdgeID":null},{"edgeID":"1745149","fromID":"1330580","toID":"1330576","formEdgeID":null},{"edgeID":"1745150","fromID":"1330583","toID":"1330582","formEdgeID":null},{"edgeID":"1745151","fromID":"1330584","toID":"1330583","formEdgeID":null},{"edgeID":"1745152","fromID":"1330582","toID":"1330585","formEdgeID":null},{"edgeID":"1745153","fromID":"1330585","toID":"1330581","formEdgeID":null},{"edgeID":"1745154","fromID":"1330588","toID":"1330587","formEdgeID":null},{"edgeID":"1745155","fromID":"1330589","toID":"1330588","formEdgeID":null},{"edgeID":"1745156","fromID":"1330587","toID":"1330590","formEdgeID":null},{"edgeID":"1745157","fromID":"1330590","toID":"1330586","formEdgeID":null},{"edgeID":"1745158","fromID":"1330593","toID":"1330592","formEdgeID":null},{"edgeID":"1745159","fromID":"1330594","toID":"1330593","formEdgeID":null},{"edgeID":"1745160","fromID":"1330592","toID":"1330595","formEdgeID":null},{"edgeID":"1745161","fromID":"1330595","toID":"1330591","formEdgeID":null},{"edgeID":"1745162","fromID":"1330598","toID":"1330597","formEdgeID":null},{"edgeID":"1745163","fromID":"1330599","toID":"1330598","formEdgeID":null},{"edgeID":"1745164","fromID":"1330597","toID":"1330600","formEdgeID":null},{"edgeID":"1745165","fromID":"1330600","toID":"1330596","formEdgeID":null},{"edgeID":"1745166","fromID":"1330603","toID":"1330602","formEdgeID":null},{"edgeID":"1745167","fromID":"1330604","toID":"1330603","formEdgeID":null},{"edgeID":"1745168","fromID":"1330602","toID":"1330605","formEdgeID":null},{"edgeID":"1745169","fromID":"1330605","toID":"1330601","formEdgeID":null},{"edgeID":"1745170","fromID":"1330608","toID":"1330607","formEdgeID":null},{"edgeID":"1745171","fromID":"1330609","toID":"1330608","formEdgeID":null},{"edgeID":"1745172","fromID":"1330607","toID":"1330610","formEdgeID":null},{"edgeID":"1745173","fromID":"1330610","toID":"1330606","formEdgeID":null},{"edgeID":"1745174","fromID":"1330612","toID":"1330611","formEdgeID":null},{"edgeID":"1745175","fromID":"1330613","toID":"1330612","formEdgeID":null},{"edgeID":"1745176","fromID":"1330611","toID":"1330614","formEdgeID":null},{"edgeID":"1745177","fromID":"1330614","toID":"1150207","formEdgeID":null},{"edgeID":"1745178","fromID":"1330617","toID":"1330616","formEdgeID":null},{"edgeID":"1745179","fromID":"1330618","toID":"1330617","formEdgeID":null},{"edgeID":"1745180","fromID":"1330616","toID":"1330619","formEdgeID":null},{"edgeID":"1745181","fromID":"1330619","toID":"1330615","formEdgeID":null},{"edgeID":"1745182","fromID":"1330621","toID":"1330620","formEdgeID":null},{"edgeID":"1745183","fromID":"1330622","toID":"1330621","formEdgeID":null},{"edgeID":"1745184","fromID":"1330620","toID":"1330623","formEdgeID":null},{"edgeID":"1745185","fromID":"1330623","toID":"1150216","formEdgeID":null},{"edgeID":"1745186","fromID":"1330626","toID":"1330625","formEdgeID":null},{"edgeID":"1745187","fromID":"1330627","toID":"1330626","formEdgeID":null},{"edgeID":"1745188","fromID":"1330625","toID":"1330628","formEdgeID":null},{"edgeID":"1745189","fromID":"1330628","toID":"1330624","formEdgeID":null},{"edgeID":"1745190","fromID":"1330631","toID":"1330630","formEdgeID":null},{"edgeID":"1745191","fromID":"1330632","toID":"1330631","formEdgeID":null},{"edgeID":"1745192","fromID":"1330630","toID":"1330633","formEdgeID":null},{"edgeID":"1745193","fromID":"1330633","toID":"1330629","formEdgeID":null},{"edgeID":"1745194","fromID":"1330636","toID":"1330635","formEdgeID":null},{"edgeID":"1745195","fromID":"1330637","toID":"1330636","formEdgeID":null},{"edgeID":"1745196","fromID":"1330635","toID":"1330638","formEdgeID":null},{"edgeID":"1745197","fromID":"1330638","toID":"1330634","formEdgeID":null},{"edgeID":"1745198","fromID":"1330640","toID":"1330639","formEdgeID":null},{"edgeID":"1745199","fromID":"1330641","toID":"1330640","formEdgeID":null},{"edgeID":"1745200","fromID":"1330639","toID":"1330642","formEdgeID":null},{"edgeID":"1745201","fromID":"1330642","toID":"1150244","formEdgeID":null},{"edgeID":"1745202","fromID":"1330644","toID":"1330643","formEdgeID":null},{"edgeID":"1745203","fromID":"1330645","toID":"1330644","formEdgeID":null},{"edgeID":"1745204","fromID":"1330643","toID":"1330646","formEdgeID":null},{"edgeID":"1745205","fromID":"1330646","toID":"1150251","formEdgeID":null},{"edgeID":"1745206","fromID":"1330649","toID":"1330648","formEdgeID":null},{"edgeID":"1745207","fromID":"1330650","toID":"1330649","formEdgeID":null},{"edgeID":"1745208","fromID":"1330648","toID":"1330651","formEdgeID":null},{"edgeID":"1745209","fromID":"1330651","toID":"1330647","formEdgeID":null},{"edgeID":"1745210","fromID":"1330654","toID":"1330653","formEdgeID":null},{"edgeID":"1745211","fromID":"1330655","toID":"1330654","formEdgeID":null},{"edgeID":"1745212","fromID":"1330653","toID":"1330656","formEdgeID":null},{"edgeID":"1745213","fromID":"1330656","toID":"1330652","formEdgeID":null},{"edgeID":"1745214","fromID":"1330528","toID":"1330657","formEdgeID":null},{"edgeID":"1745215","fromID":"1330657","toID":"1330533","formEdgeID":null},{"edgeID":"1745216","fromID":"1330533","toID":"1330658","formEdgeID":null},{"edgeID":"1745217","fromID":"1330658","toID":"1330538","formEdgeID":null},{"edgeID":"1745218","fromID":"1330537","toID":"1330659","formEdgeID":null},{"edgeID":"1745219","fromID":"1330659","toID":"1330532","formEdgeID":null},{"edgeID":"1745220","fromID":"1330658","toID":"1330660","formEdgeID":null},{"edgeID":"1745221","fromID":"1330660","toID":"1330659","formEdgeID":null},{"edgeID":"1745222","fromID":"1330538","toID":"1330661","formEdgeID":null},{"edgeID":"1745223","fromID":"1330661","toID":"1330542","formEdgeID":null},{"edgeID":"1745224","fromID":"1330546","toID":"1330662","formEdgeID":null},{"edgeID":"1745225","fromID":"1330662","toID":"1150091","formEdgeID":null},{"edgeID":"1745226","fromID":"1330542","toID":"1330663","formEdgeID":null},{"edgeID":"1745227","fromID":"1330663","toID":"1330547","formEdgeID":null},{"edgeID":"1745228","fromID":"1330663","toID":"1330664","formEdgeID":null},{"edgeID":"1745229","fromID":"1330664","toID":"1330662","formEdgeID":null},{"edgeID":"1745230","fromID":"1330547","toID":"1330665","formEdgeID":null},{"edgeID":"1745231","fromID":"1330665","toID":"1330552","formEdgeID":null},{"edgeID":"1745232","fromID":"1330532","toID":"1330666","formEdgeID":null},{"edgeID":"1745233","fromID":"1330666","toID":"1330551","formEdgeID":null},{"edgeID":"1745234","fromID":"1330537","toID":"1330666","formEdgeID":null},{"edgeID":"1745235","fromID":"1150091","toID":"1330666","formEdgeID":null},{"edgeID":"1745236","fromID":"1330546","toID":"1330666","formEdgeID":null},{"edgeID":"1745237","fromID":"1330665","toID":"1330667","formEdgeID":null},{"edgeID":"1745238","fromID":"1330667","toID":"1330666","formEdgeID":null},{"edgeID":"1745239","fromID":"1330556","toID":"1330668","formEdgeID":null},{"edgeID":"1745240","fromID":"1330668","toID":"1330551","formEdgeID":null},{"edgeID":"1745241","fromID":"1330552","toID":"1330669","formEdgeID":null},{"edgeID":"1745242","fromID":"1330669","toID":"1330557","formEdgeID":null},{"edgeID":"1745243","fromID":"1330669","toID":"1330670","formEdgeID":null},{"edgeID":"1745244","fromID":"1330670","toID":"1330668","formEdgeID":null},{"edgeID":"1745245","fromID":"1330557","toID":"1330671","formEdgeID":null},{"edgeID":"1745246","fromID":"1330671","toID":"1330562","formEdgeID":null},{"edgeID":"1745247","fromID":"1330562","toID":"1330672","formEdgeID":null},{"edgeID":"1745248","fromID":"1330672","toID":"1330567","formEdgeID":null},{"edgeID":"1745249","fromID":"1330567","toID":"1330673","formEdgeID":null},{"edgeID":"1745250","fromID":"1330673","toID":"1330572","formEdgeID":null},{"edgeID":"1745251","fromID":"1330675","toID":"1330674","formEdgeID":null},{"edgeID":"1745252","fromID":"1330676","toID":"1330675","formEdgeID":null},{"edgeID":"1745253","fromID":"1330572","toID":"1330677","formEdgeID":null},{"edgeID":"1745254","fromID":"1330677","toID":"1330674","formEdgeID":null},{"edgeID":"1745255","fromID":"1330674","toID":"1330678","formEdgeID":null},{"edgeID":"1745256","fromID":"1330678","toID":"1330571","formEdgeID":null},{"edgeID":"1745257","fromID":"1330681","toID":"1330680","formEdgeID":null},{"edgeID":"1745258","fromID":"1330682","toID":"1330681","formEdgeID":null},{"edgeID":"1745259","fromID":"1330680","toID":"1330683","formEdgeID":null},{"edgeID":"1745260","fromID":"1330683","toID":"1330679","formEdgeID":null},{"edgeID":"1745261","fromID":"1330674","toID":"1330684","formEdgeID":null},{"edgeID":"1745262","fromID":"1330684","toID":"1330680","formEdgeID":null},{"edgeID":"1745263","fromID":"1330680","toID":"1330685","formEdgeID":null},{"edgeID":"1745264","fromID":"1330685","toID":"1330577","formEdgeID":null},{"edgeID":"1745265","fromID":"1330576","toID":"1330686","formEdgeID":null},{"edgeID":"1745266","fromID":"1330686","toID":"1330679","formEdgeID":null},{"edgeID":"1745267","fromID":"1330685","toID":"1330687","formEdgeID":null},{"edgeID":"1745268","fromID":"1330687","toID":"1330686","formEdgeID":null},{"edgeID":"1745269","fromID":"1330577","toID":"1330688","formEdgeID":null},{"edgeID":"1745270","fromID":"1330688","toID":"1330582","formEdgeID":null},{"edgeID":"1745271","fromID":"1330581","toID":"1330689","formEdgeID":null},{"edgeID":"1745272","fromID":"1330689","toID":"1330586","formEdgeID":null},{"edgeID":"1745273","fromID":"1330582","toID":"1330690","formEdgeID":null},{"edgeID":"1745274","fromID":"1330690","toID":"1330587","formEdgeID":null},{"edgeID":"1745275","fromID":"1330690","toID":"1330691","formEdgeID":null},{"edgeID":"1745276","fromID":"1330691","toID":"1330689","formEdgeID":null},{"edgeID":"1745277","fromID":"1330587","toID":"1330692","formEdgeID":null},{"edgeID":"1745278","fromID":"1330692","toID":"1330592","formEdgeID":null},{"edgeID":"1745279","fromID":"1330591","toID":"1330693","formEdgeID":null},{"edgeID":"1745280","fromID":"1330693","toID":"1330586","formEdgeID":null},{"edgeID":"1745281","fromID":"1330692","toID":"1330694","formEdgeID":null},{"edgeID":"1745282","fromID":"1330694","toID":"1330693","formEdgeID":null},{"edgeID":"1745283","fromID":"1330592","toID":"1330695","formEdgeID":null},{"edgeID":"1745284","fromID":"1330695","toID":"1330597","formEdgeID":null},{"edgeID":"1745285","fromID":"1330601","toID":"1330696","formEdgeID":null},{"edgeID":"1745286","fromID":"1330696","toID":"1330596","formEdgeID":null},{"edgeID":"1745287","fromID":"1330597","toID":"1330697","formEdgeID":null},{"edgeID":"1745288","fromID":"1330697","toID":"1330602","formEdgeID":null},{"edgeID":"1745289","fromID":"1330697","toID":"1330698","formEdgeID":null},{"edgeID":"1745290","fromID":"1330698","toID":"1330696","formEdgeID":null},{"edgeID":"1745291","fromID":"1330602","toID":"1330699","formEdgeID":null},{"edgeID":"1745292","fromID":"1330699","toID":"1330607","formEdgeID":null},{"edgeID":"1745293","fromID":"1330601","toID":"1330700","formEdgeID":null},{"edgeID":"1745294","fromID":"1330700","toID":"1330606","formEdgeID":null},{"edgeID":"1745295","fromID":"1330699","toID":"1330701","formEdgeID":null},{"edgeID":"1745296","fromID":"1330701","toID":"1330700","formEdgeID":null},{"edgeID":"1745297","fromID":"1150207","toID":"1330702","formEdgeID":null},{"edgeID":"1745298","fromID":"1330702","toID":"1330606","formEdgeID":null},{"edgeID":"1745299","fromID":"1330607","toID":"1330703","formEdgeID":null},{"edgeID":"1745300","fromID":"1330703","toID":"1330611","formEdgeID":null},{"edgeID":"1745301","fromID":"1330703","toID":"1330704","formEdgeID":null},{"edgeID":"1745302","fromID":"1330704","toID":"1330702","formEdgeID":null},{"edgeID":"1745303","fromID":"1330611","toID":"1330705","formEdgeID":null},{"edgeID":"1745304","fromID":"1330705","toID":"1330616","formEdgeID":null},{"edgeID":"1745305","fromID":"1150216","toID":"1330706","formEdgeID":null},{"edgeID":"1745306","fromID":"1330706","toID":"1330615","formEdgeID":null},{"edgeID":"1745307","fromID":"1330616","toID":"1330707","formEdgeID":null},{"edgeID":"1745308","fromID":"1330707","toID":"1330620","formEdgeID":null},{"edgeID":"1745309","fromID":"1330707","toID":"1330708","formEdgeID":null},{"edgeID":"1745310","fromID":"1330708","toID":"1330706","formEdgeID":null},{"edgeID":"1745311","fromID":"1330620","toID":"1330709","formEdgeID":null},{"edgeID":"1745312","fromID":"1330709","toID":"1330625","formEdgeID":null},{"edgeID":"1745313","fromID":"1330629","toID":"1330710","formEdgeID":null},{"edgeID":"1745314","fromID":"1330710","toID":"1330624","formEdgeID":null},{"edgeID":"1745315","fromID":"1330625","toID":"1330711","formEdgeID":null},{"edgeID":"1745316","fromID":"1330711","toID":"1330630","formEdgeID":null},{"edgeID":"1745317","fromID":"1330711","toID":"1330712","formEdgeID":null},{"edgeID":"1745318","fromID":"1330712","toID":"1330710","formEdgeID":null},{"edgeID":"1745319","fromID":"1330630","toID":"1330713","formEdgeID":null},{"edgeID":"1745320","fromID":"1330713","toID":"1330635","formEdgeID":null},{"edgeID":"1745321","fromID":"1330635","toID":"1330714","formEdgeID":null},{"edgeID":"1745322","fromID":"1330714","toID":"1330639","formEdgeID":null},{"edgeID":"1745323","fromID":"1150244","toID":"1330715","formEdgeID":null},{"edgeID":"1745324","fromID":"1330715","toID":"1150251","formEdgeID":null},{"edgeID":"1745325","fromID":"1330639","toID":"1330716","formEdgeID":null},{"edgeID":"1745326","fromID":"1330716","toID":"1330643","formEdgeID":null},{"edgeID":"1745327","fromID":"1330716","toID":"1330717","formEdgeID":null},{"edgeID":"1745328","fromID":"1330717","toID":"1330715","formEdgeID":null},{"edgeID":"1745329","fromID":"1330643","toID":"1330718","formEdgeID":null},{"edgeID":"1745330","fromID":"1330718","toID":"1330648","formEdgeID":null},{"edgeID":"1745331","fromID":"1330648","toID":"1330719","formEdgeID":null},{"edgeID":"1745332","fromID":"1330719","toID":"1330653","formEdgeID":null},{"edgeID":"1745333","fromID":"1330571","toID":"1330720","formEdgeID":null},{"edgeID":"1745334","fromID":"1330720","toID":"1330566","formEdgeID":null},{"edgeID":"1745335","fromID":"1330673","toID":"1330721","formEdgeID":null},{"edgeID":"1745336","fromID":"1330721","toID":"1330720","formEdgeID":null}],"locutions":[]}