{"nodes":[{"nodeID":"1332745","text":"AudienceMember 20221006QT93 has or has not been convinced by anything that he heard","type":"I","timestamp":"2023-11-09 13:41:24"},{"nodeID":"1332746","text":"Fiona Bruce: Have you been convinced by anything that you heard","type":"L","timestamp":"2023-11-09 13:41:24"},{"nodeID":"1332747","text":"Analysing","type":"YA","timestamp":"2023-11-09 13:41:24"},{"nodeID":"1332748","text":"Anon: Fiona Bruce: Have you been convinced by anything that you heard","type":"L","timestamp":"2023-11-09 13:41:24"},{"nodeID":"1332749","text":"Pure Questioning","type":"YA","timestamp":"2023-11-09 13:41:24"},{"nodeID":"1332750","text":"AudienceMember 20221006QT93 keeps hearing from the Labour Party what they're going to do","type":"I","timestamp":"2023-11-09 13:41:24"},{"nodeID":"1332751","text":"AudienceMember 20221006QT93: I keep hearing it from Labour what they're going to do","type":"L","timestamp":"2023-11-09 13:41:24"},{"nodeID":"1332752","text":"Analysing","type":"YA","timestamp":"2023-11-09 13:41:24"},{"nodeID":"1332753","text":"Anon: AudienceMember 20221006QT93: I keep hearing it from Labour what they're going to do","type":"L","timestamp":"2023-11-09 13:41:24"},{"nodeID":"1332754","text":"Asserting","type":"YA","timestamp":"2023-11-09 13:41:24"},{"nodeID":"1332755","text":"the Labour Party have never really got a proper answer for anything","type":"I","timestamp":"2023-11-09 13:41:25"},{"nodeID":"1332756","text":"AudienceMember 20221006QT93: They've never really got a proper answer for anything","type":"L","timestamp":"2023-11-09 13:41:25"},{"nodeID":"1332757","text":"Analysing","type":"YA","timestamp":"2023-11-09 13:41:25"},{"nodeID":"1332758","text":"Anon: AudienceMember 20221006QT93: They've never really got a proper answer for anything","type":"L","timestamp":"2023-11-09 13:41:25"},{"nodeID":"1332759","text":"Asserting","type":"YA","timestamp":"2023-11-09 13:41:25"},{"nodeID":"1332760","text":"Default Transition","type":"TA","timestamp":"2023-11-09 13:41:25"},{"nodeID":"1332761","text":"AudienceMember 20221006QT93 does or does not think Keir Starmer would be a good PM","type":"I","timestamp":"2023-11-09 13:41:25"},{"nodeID":"1332762","text":"Richard Bacon: Do you think Keir would be a good PM","type":"L","timestamp":"2023-11-09 13:41:25"},{"nodeID":"1332763","text":"Analysing","type":"YA","timestamp":"2023-11-09 13:41:25"},{"nodeID":"1332764","text":"Anon: Richard Bacon: Do you think Keir would be a good PM","type":"L","timestamp":"2023-11-09 13:41:25"},{"nodeID":"1332765","text":"Pure Questioning","type":"YA","timestamp":"2023-11-09 13:41:25"},{"nodeID":"1332766","text":"Default Transition","type":"TA","timestamp":"2023-11-09 13:41:25"},{"nodeID":"1332767","text":"Default Conflict","type":"CA","timestamp":"2023-11-09 13:41:25"},{"nodeID":"1332768","text":"Disagreeing","type":"YA","timestamp":"2023-11-09 13:41:25"},{"nodeID":"1332769","text":"Keir Starmer becoming PM has been a very serious business","type":"I","timestamp":"2023-11-09 13:41:26"},{"nodeID":"1332770","text":"Fiona Bruce: This has been a very serious business","type":"L","timestamp":"2023-11-09 13:41:26"},{"nodeID":"1332771","text":"Analysing","type":"YA","timestamp":"2023-11-09 13:41:26"},{"nodeID":"1332772","text":"Anon: Fiona Bruce: This has been a very serious business","type":"L","timestamp":"2023-11-09 13:41:26"},{"nodeID":"1332773","text":"Asserting","type":"YA","timestamp":"2023-11-09 13:41:26"},{"nodeID":"1332774","text":"Keir Starmer becoming PM has been a very serious business quite rightly too","type":"I","timestamp":"2023-11-09 13:41:26"},{"nodeID":"1332775","text":"Fiona Bruce: quite rightly too","type":"L","timestamp":"2023-11-09 13:41:26"},{"nodeID":"1332776","text":"Analysing","type":"YA","timestamp":"2023-11-09 13:41:26"},{"nodeID":"1332777","text":"Anon: Fiona Bruce: quite rightly too","type":"L","timestamp":"2023-11-09 13:41:26"},{"nodeID":"1332778","text":"Asserting","type":"YA","timestamp":"2023-11-09 13:41:26"},{"nodeID":"1332779","text":"Default Rephrase","type":"MA","timestamp":"2023-11-09 13:41:26"},{"nodeID":"1332780","text":"Default Transition","type":"TA","timestamp":"2023-11-09 13:41:26"},{"nodeID":"1332781","text":"Restating","type":"YA","timestamp":"2023-11-09 13:41:26"},{"nodeID":"1332782","text":"now is a very serious time","type":"I","timestamp":"2023-11-09 13:41:27"},{"nodeID":"1332783","text":"Fiona Bruce: this a very serious time","type":"L","timestamp":"2023-11-09 13:41:27"},{"nodeID":"1332784","text":"Analysing","type":"YA","timestamp":"2023-11-09 13:41:27"},{"nodeID":"1332785","text":"Anon: Fiona Bruce: this a very serious time","type":"L","timestamp":"2023-11-09 13:41:27"},{"nodeID":"1332786","text":"Asserting","type":"YA","timestamp":"2023-11-09 13:41:27"},{"nodeID":"1332787","text":"Default Transition","type":"TA","timestamp":"2023-11-09 13:41:27"},{"nodeID":"1332788","text":"Default Inference","type":"RA","timestamp":"2023-11-09 13:41:27"},{"nodeID":"1332789","text":"Arguing","type":"YA","timestamp":"2023-11-09 13:41:27"},{"nodeID":"1332790","text":"there were a lot of people asking about Keir Starmer becoming PM","type":"I","timestamp":"2023-11-09 13:41:28"},{"nodeID":"1332791","text":"Fiona Bruce: There were a lot of people asking about this","type":"L","timestamp":"2023-11-09 13:41:28"},{"nodeID":"1332792","text":"Analysing","type":"YA","timestamp":"2023-11-09 13:41:28"},{"nodeID":"1332793","text":"Anon: Fiona Bruce: There were a lot of people asking about this","type":"L","timestamp":"2023-11-09 13:41:28"},{"nodeID":"1332794","text":"Asserting","type":"YA","timestamp":"2023-11-09 13:41:28"},{"nodeID":"1332795","text":"Default Transition","type":"TA","timestamp":"2023-11-09 13:41:28"},{"nodeID":"1332796","text":"AudienceMember 20221006QT93 has not been convinced by anything that he heard","type":"I","timestamp":"2023-11-09 13:41:28"},{"nodeID":"1332797","text":"AudienceMember 20221006QT93: Not really, no","type":"L","timestamp":"2023-11-09 13:41:28"},{"nodeID":"1332798","text":"Analysing","type":"YA","timestamp":"2023-11-09 13:41:28"},{"nodeID":"1332799","text":"Anon: AudienceMember 20221006QT93: Not really, no","type":"L","timestamp":"2023-11-09 13:41:28"},{"nodeID":"1332800","text":"Asserting","type":"YA","timestamp":"2023-11-09 13:41:28"},{"nodeID":"1332801","text":"Default Transition","type":"TA","timestamp":"2023-11-09 13:41:28"},{"nodeID":"1332802","text":"Default Transition","type":"TA","timestamp":"2023-11-09 13:41:28"},{"nodeID":"1332803","text":"Default Rephrase","type":"MA","timestamp":"2023-11-09 13:41:28"},{"nodeID":"1332804","text":"Default Illocuting","type":"YA","timestamp":"2023-11-09 13:41:28"},{"nodeID":"1332805","text":"Keir Starmer would not be a good PM","type":"I","timestamp":"2023-11-09 13:41:29"},{"nodeID":"1332806","text":"AudienceMember 20221006QT94: No","type":"L","timestamp":"2023-11-09 13:41:29"},{"nodeID":"1332807","text":"Analysing","type":"YA","timestamp":"2023-11-09 13:41:29"},{"nodeID":"1332808","text":"Anon: AudienceMember 20221006QT94: No","type":"L","timestamp":"2023-11-09 13:41:29"},{"nodeID":"1332809","text":"Asserting","type":"YA","timestamp":"2023-11-09 13:41:29"},{"nodeID":"1332810","text":"Default Transition","type":"TA","timestamp":"2023-11-09 13:41:29"},{"nodeID":"1332811","text":"Default Transition","type":"TA","timestamp":"2023-11-09 13:41:29"},{"nodeID":"1332812","text":"Default Rephrase","type":"MA","timestamp":"2023-11-09 13:41:29"},{"nodeID":"1332813","text":"Default Illocuting","type":"YA","timestamp":"2023-11-09 13:41:29"}],"edges":[{"edgeID":"1747742","fromID":"1332747","toID":"1332746","formEdgeID":null},{"edgeID":"1747743","fromID":"1332748","toID":"1332747","formEdgeID":null},{"edgeID":"1747744","fromID":"1332746","toID":"1332749","formEdgeID":null},{"edgeID":"1747745","fromID":"1332749","toID":"1332745","formEdgeID":null},{"edgeID":"1747746","fromID":"1332752","toID":"1332751","formEdgeID":null},{"edgeID":"1747747","fromID":"1332753","toID":"1332752","formEdgeID":null},{"edgeID":"1747748","fromID":"1332751","toID":"1332754","formEdgeID":null},{"edgeID":"1747749","fromID":"1332754","toID":"1332750","formEdgeID":null},{"edgeID":"1747750","fromID":"1332757","toID":"1332756","formEdgeID":null},{"edgeID":"1747751","fromID":"1332758","toID":"1332757","formEdgeID":null},{"edgeID":"1747752","fromID":"1332756","toID":"1332759","formEdgeID":null},{"edgeID":"1747753","fromID":"1332759","toID":"1332755","formEdgeID":null},{"edgeID":"1747754","fromID":"1332751","toID":"1332760","formEdgeID":null},{"edgeID":"1747755","fromID":"1332760","toID":"1332756","formEdgeID":null},{"edgeID":"1747756","fromID":"1332763","toID":"1332762","formEdgeID":null},{"edgeID":"1747757","fromID":"1332764","toID":"1332763","formEdgeID":null},{"edgeID":"1747758","fromID":"1332762","toID":"1332765","formEdgeID":null},{"edgeID":"1747759","fromID":"1332765","toID":"1332761","formEdgeID":null},{"edgeID":"1747760","fromID":"1332756","toID":"1332766","formEdgeID":null},{"edgeID":"1747761","fromID":"1332766","toID":"1332762","formEdgeID":null},{"edgeID":"1747762","fromID":"1332755","toID":"1332767","formEdgeID":null},{"edgeID":"1747763","fromID":"1332767","toID":"1332750","formEdgeID":null},{"edgeID":"1747764","fromID":"1332760","toID":"1332768","formEdgeID":null},{"edgeID":"1747765","fromID":"1332768","toID":"1332767","formEdgeID":null},{"edgeID":"1747766","fromID":"1332771","toID":"1332770","formEdgeID":null},{"edgeID":"1747767","fromID":"1332772","toID":"1332771","formEdgeID":null},{"edgeID":"1747768","fromID":"1332770","toID":"1332773","formEdgeID":null},{"edgeID":"1747769","fromID":"1332773","toID":"1332769","formEdgeID":null},{"edgeID":"1747770","fromID":"1332776","toID":"1332775","formEdgeID":null},{"edgeID":"1747771","fromID":"1332777","toID":"1332776","formEdgeID":null},{"edgeID":"1747772","fromID":"1332775","toID":"1332778","formEdgeID":null},{"edgeID":"1747773","fromID":"1332778","toID":"1332774","formEdgeID":null},{"edgeID":"1747774","fromID":"1332774","toID":"1332779","formEdgeID":null},{"edgeID":"1747775","fromID":"1332779","toID":"1332769","formEdgeID":null},{"edgeID":"1747776","fromID":"1332770","toID":"1332780","formEdgeID":null},{"edgeID":"1747777","fromID":"1332780","toID":"1332775","formEdgeID":null},{"edgeID":"1747778","fromID":"1332780","toID":"1332781","formEdgeID":null},{"edgeID":"1747779","fromID":"1332781","toID":"1332779","formEdgeID":null},{"edgeID":"1747780","fromID":"1332784","toID":"1332783","formEdgeID":null},{"edgeID":"1747781","fromID":"1332785","toID":"1332784","formEdgeID":null},{"edgeID":"1747782","fromID":"1332783","toID":"1332786","formEdgeID":null},{"edgeID":"1747783","fromID":"1332786","toID":"1332782","formEdgeID":null},{"edgeID":"1747784","fromID":"1332775","toID":"1332787","formEdgeID":null},{"edgeID":"1747785","fromID":"1332787","toID":"1332783","formEdgeID":null},{"edgeID":"1747786","fromID":"1332782","toID":"1332788","formEdgeID":null},{"edgeID":"1747787","fromID":"1332788","toID":"1332774","formEdgeID":null},{"edgeID":"1747788","fromID":"1332787","toID":"1332789","formEdgeID":null},{"edgeID":"1747789","fromID":"1332789","toID":"1332788","formEdgeID":null},{"edgeID":"1747790","fromID":"1332792","toID":"1332791","formEdgeID":null},{"edgeID":"1747791","fromID":"1332793","toID":"1332792","formEdgeID":null},{"edgeID":"1747792","fromID":"1332791","toID":"1332794","formEdgeID":null},{"edgeID":"1747793","fromID":"1332794","toID":"1332790","formEdgeID":null},{"edgeID":"1747794","fromID":"1332783","toID":"1332795","formEdgeID":null},{"edgeID":"1747795","fromID":"1332795","toID":"1332791","formEdgeID":null},{"edgeID":"1747796","fromID":"1332798","toID":"1332797","formEdgeID":null},{"edgeID":"1747797","fromID":"1332799","toID":"1332798","formEdgeID":null},{"edgeID":"1747798","fromID":"1332797","toID":"1332800","formEdgeID":null},{"edgeID":"1747799","fromID":"1332800","toID":"1332796","formEdgeID":null},{"edgeID":"1747800","fromID":"1332746","toID":"1332801","formEdgeID":null},{"edgeID":"1747801","fromID":"1332801","toID":"1332797","formEdgeID":null},{"edgeID":"1747802","fromID":"1332797","toID":"1332802","formEdgeID":null},{"edgeID":"1747803","fromID":"1332802","toID":"1332751","formEdgeID":null},{"edgeID":"1747804","fromID":"1332796","toID":"1332803","formEdgeID":null},{"edgeID":"1747805","fromID":"1332803","toID":"1332745","formEdgeID":null},{"edgeID":"1747806","fromID":"1332801","toID":"1332804","formEdgeID":null},{"edgeID":"1747807","fromID":"1332804","toID":"1332803","formEdgeID":null},{"edgeID":"1747808","fromID":"1332807","toID":"1332806","formEdgeID":null},{"edgeID":"1747809","fromID":"1332808","toID":"1332807","formEdgeID":null},{"edgeID":"1747810","fromID":"1332806","toID":"1332809","formEdgeID":null},{"edgeID":"1747811","fromID":"1332809","toID":"1332805","formEdgeID":null},{"edgeID":"1747812","fromID":"1332762","toID":"1332810","formEdgeID":null},{"edgeID":"1747813","fromID":"1332810","toID":"1332806","formEdgeID":null},{"edgeID":"1747814","fromID":"1332806","toID":"1332811","formEdgeID":null},{"edgeID":"1747815","fromID":"1332811","toID":"1332770","formEdgeID":null},{"edgeID":"1747816","fromID":"1332805","toID":"1332812","formEdgeID":null},{"edgeID":"1747817","fromID":"1332812","toID":"1332761","formEdgeID":null},{"edgeID":"1747818","fromID":"1332810","toID":"1332813","formEdgeID":null},{"edgeID":"1747819","fromID":"1332813","toID":"1332812","formEdgeID":null}],"locutions":[]}