{"nodes":[{"nodeID":"1333422","text":"there are people who are trying to take out a new mortgage","type":"I","timestamp":"2023-11-09 13:42:19"},{"nodeID":"1333423","text":"Paul Scully: There are people who are trying to take out a new mortgage","type":"L","timestamp":"2023-11-09 13:42:19"},{"nodeID":"1333424","text":"Calum: Paul Scully: There are people who are trying to take out a new mortgage","type":"L","timestamp":"2023-11-09 13:42:19"},{"nodeID":"1333425","text":"Analysing","type":"YA","timestamp":"2023-11-09 13:42:19"},{"nodeID":"1333426","text":"Asserting","type":"YA","timestamp":"2023-11-09 13:42:19"},{"nodeID":"1333427","text":"Paul Scully understands the situation that mortgage borrowers are finding themselves in","type":"I","timestamp":"2023-11-09 13:42:20"},{"nodeID":"1333428","text":"Paul Scully: I understand the situation that you're finding yourself in","type":"L","timestamp":"2023-11-09 13:42:20"},{"nodeID":"1333429","text":"Calum: Paul Scully: I understand the situation that you're finding yourself in","type":"L","timestamp":"2023-11-09 13:42:20"},{"nodeID":"1333430","text":"Analysing","type":"YA","timestamp":"2023-11-09 13:42:20"},{"nodeID":"1333431","text":"Asserting","type":"YA","timestamp":"2023-11-09 13:42:20"},{"nodeID":"1333432","text":"the mortgage rates are not government levers","type":"I","timestamp":"2023-11-09 13:42:20"},{"nodeID":"1333433","text":"Analysing","type":"YA","timestamp":"2023-11-09 13:42:20"},{"nodeID":"1333434","text":"Paul Scully:  It is not our levers","type":"L","timestamp":"2023-11-09 13:42:20"},{"nodeID":"1333435","text":"Calum: Paul Scully:  It is not our levers","type":"L","timestamp":"2023-11-09 13:42:20"},{"nodeID":"1333436","text":"Asserting","type":"YA","timestamp":"2023-11-09 13:42:20"},{"nodeID":"1333437","text":"the Bank of England have the independence to set mortgage rates","type":"I","timestamp":"2023-11-09 13:42:21"},{"nodeID":"1333438","text":"Calum: Paul Scully: the Bank of England have the independence","type":"L","timestamp":"2023-11-09 13:42:21"},{"nodeID":"1333439","text":"Analysing","type":"YA","timestamp":"2023-11-09 13:42:21"},{"nodeID":"1333440","text":"Paul Scully: the Bank of England have the independence","type":"L","timestamp":"2023-11-09 13:42:21"},{"nodeID":"1333441","text":"Asserting","type":"YA","timestamp":"2023-11-09 13:42:21"},{"nodeID":"1333442","text":"mortgage rates are not the Bank of England","type":"I","timestamp":"2023-11-09 13:42:22"},{"nodeID":"1333443","text":"Fiona Bruce: It is not the Bank of England","type":"L","timestamp":"2023-11-09 13:42:22"},{"nodeID":"1333444","text":"Analysing","type":"YA","timestamp":"2023-11-09 13:42:22"},{"nodeID":"1333445","text":"Calum: Fiona Bruce: It is not the Bank of England","type":"L","timestamp":"2023-11-09 13:42:22"},{"nodeID":"1333446","text":"Asserting","type":"YA","timestamp":"2023-11-09 13:42:22"},{"nodeID":"1333447","text":"mortgages are based on market rates","type":"I","timestamp":"2023-11-09 13:42:22"},{"nodeID":"1333448","text":"Fiona Bruce: It is market rates","type":"L","timestamp":"2023-11-09 13:42:22"},{"nodeID":"1333449","text":"Analysing","type":"YA","timestamp":"2023-11-09 13:42:22"},{"nodeID":"1333450","text":"Calum: Fiona Bruce: It is market rates","type":"L","timestamp":"2023-11-09 13:42:22"},{"nodeID":"1333451","text":"Asserting","type":"YA","timestamp":"2023-11-09 13:42:22"},{"nodeID":"1333452","text":"market rates and the bank of England are two different things","type":"I","timestamp":"2023-11-09 13:42:23"},{"nodeID":"1333453","text":"Fiona Bruce: It is two different things, Paul, isn't it","type":"L","timestamp":"2023-11-09 13:42:23"},{"nodeID":"1333454","text":"Analysing","type":"YA","timestamp":"2023-11-09 13:42:23"},{"nodeID":"1333455","text":"Calum: Fiona Bruce: It is two different things, Paul, isn't it","type":"L","timestamp":"2023-11-09 13:42:23"},{"nodeID":"1333456","text":"Assertive Questioning","type":"YA","timestamp":"2023-11-09 13:42:23"},{"nodeID":"1333457","text":"interest rates were due to go up","type":"I","timestamp":"2023-11-09 13:42:23"},{"nodeID":"1333458","text":"Karan Bilimoria: We heard from Karan Bilimoria earlier, the fact that interest rates were due to go up","type":"L","timestamp":"2023-11-09 13:42:23"},{"nodeID":"1333459","text":"Calum: Karan Bilimoria: We heard from Karan Bilimoria earlier, the fact that interest rates were due to go up","type":"L","timestamp":"2023-11-09 13:42:23"},{"nodeID":"1333460","text":"Analysing","type":"YA","timestamp":"2023-11-09 13:42:23"},{"nodeID":"1333461","text":"interest rates were not due to go up so suddenly","type":"I","timestamp":"2023-11-09 13:42:24"},{"nodeID":"1333462","text":"Karan Bilimoria: Not so suddenly","type":"L","timestamp":"2023-11-09 13:42:24"},{"nodeID":"1333463","text":"Calum: Paul Scully: Not so suddenly","type":"L","timestamp":"2023-11-09 13:42:24"},{"nodeID":"1333464","text":"Analysing","type":"YA","timestamp":"2023-11-09 13:42:24"},{"nodeID":"1333465","text":"Asserting","type":"YA","timestamp":"2023-11-09 13:42:24"},{"nodeID":"1333466","text":"Default Transition","type":"TA","timestamp":"2023-11-09 13:42:24"},{"nodeID":"1333467","text":"Default Transition","type":"TA","timestamp":"2023-11-09 13:42:24"},{"nodeID":"1333468","text":"Default Transition","type":"TA","timestamp":"2023-11-09 13:42:24"},{"nodeID":"1333469","text":"Default Inference","type":"RA","timestamp":"2023-11-09 13:42:24"},{"nodeID":"1333470","text":"Arguing","type":"YA","timestamp":"2023-11-09 13:42:24"},{"nodeID":"1333471","text":"Default Transition","type":"TA","timestamp":"2023-11-09 13:42:24"},{"nodeID":"1333472","text":"Default Conflict","type":"CA","timestamp":"2023-11-09 13:42:24"},{"nodeID":"1333473","text":"Disagreeing","type":"YA","timestamp":"2023-11-09 13:42:24"},{"nodeID":"1333474","text":"Default Transition","type":"TA","timestamp":"2023-11-09 13:42:24"},{"nodeID":"1333475","text":"Default Inference","type":"RA","timestamp":"2023-11-09 13:42:24"},{"nodeID":"1333476","text":"Arguing","type":"YA","timestamp":"2023-11-09 13:42:24"},{"nodeID":"1333477","text":"Default Transition","type":"TA","timestamp":"2023-11-09 13:42:24"},{"nodeID":"1333478","text":"Karan Bilimoria: interest rates were due to go up","type":"L","timestamp":"2023-11-09 13:42:24"},{"nodeID":"1333479","text":"Analysing","type":"YA","timestamp":"2023-11-09 13:42:24"},{"nodeID":"1333480","text":"Asserting","type":"YA","timestamp":"2023-11-09 13:42:24"},{"nodeID":"1333481","text":"Asserting","type":"YA","timestamp":"2023-11-09 13:42:24"},{"nodeID":"1333482","text":"Default Transition","type":"TA","timestamp":"2023-11-09 13:42:24"},{"nodeID":"1333483","text":"Default Transition","type":"TA","timestamp":"2023-11-09 13:42:24"},{"nodeID":"1333484","text":"Default Conflict","type":"CA","timestamp":"2023-11-09 13:42:24"},{"nodeID":"1333485","text":"Disagreeing","type":"YA","timestamp":"2023-11-09 13:42:24"},{"nodeID":"1333486","text":"interest rates would be going up to tackle that underlying inflation rate","type":"I","timestamp":"2023-11-09 13:42:25"},{"nodeID":"1333487","text":"Analysing","type":"YA","timestamp":"2023-11-09 13:42:25"},{"nodeID":"1333488","text":"Paul Scully: they would be going up to tackle that underlying inflation rate","type":"L","timestamp":"2023-11-09 13:42:25"},{"nodeID":"1333489","text":"Calum: Paul Scully: they would be going up to tackle that underlying inflation rate","type":"L","timestamp":"2023-11-09 13:42:25"},{"nodeID":"1333490","text":"Asserting","type":"YA","timestamp":"2023-11-09 13:42:25"},{"nodeID":"1333491","text":"Default Transition","type":"TA","timestamp":"2023-11-09 13:42:25"},{"nodeID":"1333492","text":"Default Conflict","type":"CA","timestamp":"2023-11-09 13:42:25"},{"nodeID":"1333493","text":"Disagreeing","type":"YA","timestamp":"2023-11-09 13:42:25"},{"nodeID":"1333494","text":"the bank's target is 2%","type":"I","timestamp":"2023-11-09 13:42:25"},{"nodeID":"1333495","text":"Paul Scully: their target is 2%","type":"L","timestamp":"2023-11-09 13:42:25"},{"nodeID":"1333496","text":"Analysing","type":"YA","timestamp":"2023-11-09 13:42:25"},{"nodeID":"1333497","text":"Calum: Paul Scully: their target is 2%","type":"L","timestamp":"2023-11-09 13:42:25"},{"nodeID":"1333498","text":"Asserting","type":"YA","timestamp":"2023-11-09 13:42:25"},{"nodeID":"1333499","text":"Default Transition","type":"TA","timestamp":"2023-11-09 13:42:25"},{"nodeID":"1333500","text":"Default Inference","type":"RA","timestamp":"2023-11-09 13:42:25"},{"nodeID":"1333501","text":"Arguing","type":"YA","timestamp":"2023-11-09 13:42:25"},{"nodeID":"1333502","text":"Rabia Unknown had got a fixed-rate mortgage","type":"I","timestamp":"2023-11-09 13:42:26"},{"nodeID":"1333503","text":"Fiona Bruce: Rabia had got a fixed-rate mortgage","type":"L","timestamp":"2023-11-09 13:42:26"},{"nodeID":"1333504","text":"Analysing","type":"YA","timestamp":"2023-11-09 13:42:26"},{"nodeID":"1333505","text":"Calum: Fiona Bruce: Rabia had got a fixed-rate mortgage","type":"L","timestamp":"2023-11-09 13:42:26"},{"nodeID":"1333506","text":"Asserting","type":"YA","timestamp":"2023-11-09 13:42:26"},{"nodeID":"1333507","text":"Rabia Unknown is sitting pretty","type":"I","timestamp":"2023-11-09 13:42:26"},{"nodeID":"1333508","text":"Analysing","type":"YA","timestamp":"2023-11-09 13:42:26"},{"nodeID":"1333509","text":"Fiona Bruce: you would be sitting pretty","type":"L","timestamp":"2023-11-09 13:42:26"},{"nodeID":"1333510","text":"Calum: Fiona Bruce: you would be sitting pretty","type":"L","timestamp":"2023-11-09 13:42:26"},{"nodeID":"1333511","text":"Asserting","type":"YA","timestamp":"2023-11-09 13:42:26"},{"nodeID":"1333512","text":"Default Transition","type":"TA","timestamp":"2023-11-09 13:42:26"},{"nodeID":"1333513","text":"Default Transition","type":"TA","timestamp":"2023-11-09 13:42:26"},{"nodeID":"1333514","text":"Default Inference","type":"RA","timestamp":"2023-11-09 13:42:26"},{"nodeID":"1333515","text":"Arguing","type":"YA","timestamp":"2023-11-09 13:42:26"},{"nodeID":"1333516","text":"Rabia Unknown should try to get a mortgage again over the next couple of weeks","type":"I","timestamp":"2023-11-09 13:42:27"},{"nodeID":"1333517","text":"Paul Scully: Try again over the next couple of weeks","type":"L","timestamp":"2023-11-09 13:42:27"},{"nodeID":"1333518","text":"Analysing","type":"YA","timestamp":"2023-11-09 13:42:27"},{"nodeID":"1333519","text":"Calum: Paul Scully: Try again over the next couple of weeks","type":"L","timestamp":"2023-11-09 13:42:27"},{"nodeID":"1333520","text":"Asserting","type":"YA","timestamp":"2023-11-09 13:42:27"},{"nodeID":"1333521","text":"back to the foothills of Covid, banks are going through that same level of uncertainty","type":"I","timestamp":"2023-11-09 13:42:28"},{"nodeID":"1333522","text":"Paul Scully: Back to the foothills of Covid, they're going through that same level of uncertainty","type":"L","timestamp":"2023-11-09 13:42:28"},{"nodeID":"1333523","text":"Analysing","type":"YA","timestamp":"2023-11-09 13:42:28"},{"nodeID":"1333524","text":"Calum: Paul Scully: Back to the foothills of Covid, they're going through that same level of uncertainty","type":"L","timestamp":"2023-11-09 13:42:28"},{"nodeID":"1333525","text":"Asserting","type":"YA","timestamp":"2023-11-09 13:42:28"},{"nodeID":"1333526","text":"mortgage products will get reintroduced to the market as the lenders understand what they're facing","type":"I","timestamp":"2023-11-09 13:42:28"},{"nodeID":"1333527","text":"Paul Scully: mortgage products will get reintroduced to the market as the lenders understand what they're facing","type":"L","timestamp":"2023-11-09 13:42:28"},{"nodeID":"1333528","text":"Analysing","type":"YA","timestamp":"2023-11-09 13:42:28"},{"nodeID":"1333529","text":"Calum: Paul Scully: mortgage products will get reintroduced to the market as the lenders understand what they're facing","type":"L","timestamp":"2023-11-09 13:42:28"},{"nodeID":"1333530","text":"Asserting","type":"YA","timestamp":"2023-11-09 13:42:28"},{"nodeID":"1333531","text":"letting people use their rent payments to show that they're good payers will make it easier for them to get a mortgage","type":"I","timestamp":"2023-11-09 13:42:29"},{"nodeID":"1333532","text":"Paul Scully: Liz Truss talked a lot over the summer will letting people use their rent payments to show that they're good payers to make it easier for them to get a mortgage","type":"L","timestamp":"2023-11-09 13:42:29"},{"nodeID":"1333533","text":"Analysing","type":"YA","timestamp":"2023-11-09 13:42:29"},{"nodeID":"1333534","text":"Calum: Paul Scully: Liz Truss talked a lot over the summer will letting people use their rent payments to show that they're good payers to make it easier for them to get a mortgage","type":"L","timestamp":"2023-11-09 13:42:29"},{"nodeID":"1333535","text":"Liz Truss: will letting people use their rent payments to show that they're good payers to make it easier for them to get a mortgage","type":"L","timestamp":"2023-11-09 13:42:29"},{"nodeID":"1333536","text":"Analysing","type":"YA","timestamp":"2023-11-09 13:42:29"},{"nodeID":"1333537","text":"Calum: Liz Truss: Liz Truss talked a lot over the summer will letting people use their rent payments to show that they're good payers to make it easier for them to get a mortgage","type":"L","timestamp":"2023-11-09 13:42:29"},{"nodeID":"1333538","text":"Asserting","type":"YA","timestamp":"2023-11-09 13:42:29"},{"nodeID":"1333539","text":"Asserting","type":"YA","timestamp":"2023-11-09 13:42:29"},{"nodeID":"1333540","text":"Default Transition","type":"TA","timestamp":"2023-11-09 13:42:29"},{"nodeID":"1333541","text":"Default Inference","type":"RA","timestamp":"2023-11-09 13:42:29"},{"nodeID":"1333542","text":"Default Transition","type":"TA","timestamp":"2023-11-09 13:42:29"},{"nodeID":"1333543","text":"Default Transition","type":"TA","timestamp":"2023-11-09 13:42:29"},{"nodeID":"1333544","text":"Arguing","type":"YA","timestamp":"2023-11-09 13:42:29"},{"nodeID":"1333545","text":"Default Transition","type":"TA","timestamp":"2023-11-09 13:42:29"},{"nodeID":"1333546","text":"the Conservatives have been in power now for 12 years","type":"I","timestamp":"2023-11-09 13:42:29"},{"nodeID":"1333547","text":"Calum: Bridget Phillipson: Paul, you've been in power now for 12 years","type":"L","timestamp":"2023-11-09 13:42:29"},{"nodeID":"1333548","text":"Analysing","type":"YA","timestamp":"2023-11-09 13:42:29"},{"nodeID":"1333549","text":"Bridget Phillipson: Paul, you've been in power now for 12 years","type":"L","timestamp":"2023-11-09 13:42:29"},{"nodeID":"1333550","text":"Asserting","type":"YA","timestamp":"2023-11-09 13:42:29"},{"nodeID":"1333551","text":"these are not new problems that we're talking about","type":"I","timestamp":"2023-11-09 13:42:30"},{"nodeID":"1333552","text":"Bridget Phillipson: these are not new problems that we're talking about","type":"L","timestamp":"2023-11-09 13:42:30"},{"nodeID":"1333553","text":"Calum: Bridget Phillipson: these are not new problems that we're talking about","type":"L","timestamp":"2023-11-09 13:42:30"},{"nodeID":"1333554","text":"Analysing","type":"YA","timestamp":"2023-11-09 13:42:30"},{"nodeID":"1333555","text":"Asserting","type":"YA","timestamp":"2023-11-09 13:42:30"},{"nodeID":"1333556","text":"Default Transition","type":"TA","timestamp":"2023-11-09 13:42:30"},{"nodeID":"1333557","text":"Default Transition","type":"TA","timestamp":"2023-11-09 13:42:30"},{"nodeID":"1333558","text":"Default Inference","type":"RA","timestamp":"2023-11-09 13:42:30"},{"nodeID":"1333559","text":"Arguing","type":"YA","timestamp":"2023-11-09 13:42:30"},{"nodeID":"1333560","text":"Paul Scully: No, it is not","type":"L","timestamp":"2023-11-09 13:42:30"},{"nodeID":"1333561","text":"Calum: Paul Scully: No, it is not","type":"L","timestamp":"2023-11-09 13:42:30"},{"nodeID":"1333562","text":"Analysing","type":"YA","timestamp":"2023-11-09 13:42:30"},{"nodeID":"1333563","text":"Default Transition","type":"TA","timestamp":"2023-11-09 13:42:30"},{"nodeID":"1333564","text":"mortgage rates was something that John Bird raised","type":"I","timestamp":"2023-11-09 13:42:30"},{"nodeID":"1333565","text":"Paul Scully: it was something that John Bird raised","type":"L","timestamp":"2023-11-09 13:42:30"},{"nodeID":"1333566","text":"Analysing","type":"YA","timestamp":"2023-11-09 13:42:30"},{"nodeID":"1333567","text":"Calum: Paul Scully: it was something that John Bird, the founder of the Big Issue, raised","type":"L","timestamp":"2023-11-09 13:42:30"},{"nodeID":"1333568","text":"Asserting","type":"YA","timestamp":"2023-11-09 13:42:30"},{"nodeID":"1333569","text":"Default Transition","type":"TA","timestamp":"2023-11-09 13:42:30"},{"nodeID":"1333570","text":"John Bird is the founder of the Big Issue","type":"I","timestamp":"2023-11-09 13:42:31"},{"nodeID":"1333571","text":"Analysing","type":"YA","timestamp":"2023-11-09 13:42:31"},{"nodeID":"1333572","text":"Paul Scully:  the founder of the Big Issue","type":"L","timestamp":"2023-11-09 13:42:31"},{"nodeID":"1333573","text":"Calum: Paul Scully:  the founder of the Big Issue","type":"L","timestamp":"2023-11-09 13:42:31"},{"nodeID":"1333574","text":"Asserting","type":"YA","timestamp":"2023-11-09 13:42:31"},{"nodeID":"1333575","text":"Default Transition","type":"TA","timestamp":"2023-11-09 13:42:31"},{"nodeID":"1333576","text":"mortgage rates is something the government will tackle","type":"I","timestamp":"2023-11-09 13:42:32"},{"nodeID":"1333577","text":"Paul Scully: As the new Prime Minister and new Chancellor said, that's something they're going to tackle","type":"L","timestamp":"2023-11-09 13:42:32"},{"nodeID":"1333578","text":"Analysing","type":"YA","timestamp":"2023-11-09 13:42:32"},{"nodeID":"1333579","text":"Calum: Paul Scully: As the new Prime Minister and new Chancellor said, that's something they're going to tackle","type":"L","timestamp":"2023-11-09 13:42:32"},{"nodeID":"1333580","text":"Liz Truss: that's something they're going to tackle","type":"L","timestamp":"2023-11-09 13:42:32"},{"nodeID":"1333581","text":"Analysing","type":"YA","timestamp":"2023-11-09 13:42:32"},{"nodeID":"1333582","text":"Calum: Liz Truss: As the new Prime Minister and new Chancellor said, that's something they're going to tackle","type":"L","timestamp":"2023-11-09 13:42:32"},{"nodeID":"1333583","text":"Asserting","type":"YA","timestamp":"2023-11-09 13:42:32"},{"nodeID":"1333584","text":"Asserting","type":"YA","timestamp":"2023-11-09 13:42:32"},{"nodeID":"1333585","text":"Paul Scully: new Chancellor said","type":"L","timestamp":"2023-11-09 13:42:32"},{"nodeID":"1333586","text":"Calum: Paul Scully: new Chancellor said","type":"L","timestamp":"2023-11-09 13:42:32"},{"nodeID":"1333587","text":"Analysing","type":"YA","timestamp":"2023-11-09 13:42:32"},{"nodeID":"1333588","text":"Kwasi Kwarteng: new Chancellor said","type":"L","timestamp":"2023-11-09 13:42:32"},{"nodeID":"1333589","text":"Analysing","type":"YA","timestamp":"2023-11-09 13:42:32"},{"nodeID":"1333590","text":"Calum: Kwasi Kwarteng: new Chancellor said","type":"L","timestamp":"2023-11-09 13:42:32"},{"nodeID":"1333591","text":"Asserting","type":"YA","timestamp":"2023-11-09 13:42:32"},{"nodeID":"1333592","text":"Asserting","type":"YA","timestamp":"2023-11-09 13:42:32"},{"nodeID":"1333593","text":"Default Transition","type":"TA","timestamp":"2023-11-09 13:42:32"},{"nodeID":"1333594","text":"Default Transition","type":"TA","timestamp":"2023-11-09 13:42:32"},{"nodeID":"1333595","text":"Default Rephrase","type":"MA","timestamp":"2023-11-09 13:42:32"},{"nodeID":"1333596","text":"Restating","type":"YA","timestamp":"2023-11-09 13:42:32"},{"nodeID":"1333597","text":"Agreeing","type":"YA","timestamp":"2023-11-09 13:42:32"}],"edges":[{"edgeID":"1748539","fromID":"1333425","toID":"1333423","formEdgeID":null},{"edgeID":"1748540","fromID":"1333424","toID":"1333425","formEdgeID":null},{"edgeID":"1748541","fromID":"1333423","toID":"1333426","formEdgeID":null},{"edgeID":"1748542","fromID":"1333426","toID":"1333422","formEdgeID":null},{"edgeID":"1748543","fromID":"1333430","toID":"1333428","formEdgeID":null},{"edgeID":"1748544","fromID":"1333429","toID":"1333430","formEdgeID":null},{"edgeID":"1748545","fromID":"1333428","toID":"1333431","formEdgeID":null},{"edgeID":"1748546","fromID":"1333431","toID":"1333427","formEdgeID":null},{"edgeID":"1748547","fromID":"1333435","toID":"1333433","formEdgeID":null},{"edgeID":"1748548","fromID":"1333433","toID":"1333434","formEdgeID":null},{"edgeID":"1748549","fromID":"1333434","toID":"1333436","formEdgeID":null},{"edgeID":"1748550","fromID":"1333436","toID":"1333432","formEdgeID":null},{"edgeID":"1748551","fromID":"1333439","toID":"1333440","formEdgeID":null},{"edgeID":"1748552","fromID":"1333438","toID":"1333439","formEdgeID":null},{"edgeID":"1748553","fromID":"1333441","toID":"1333437","formEdgeID":null},{"edgeID":"1748554","fromID":"1333440","toID":"1333441","formEdgeID":null},{"edgeID":"1748555","fromID":"1333444","toID":"1333443","formEdgeID":null},{"edgeID":"1748556","fromID":"1333445","toID":"1333444","formEdgeID":null},{"edgeID":"1748557","fromID":"1333443","toID":"1333446","formEdgeID":null},{"edgeID":"1748558","fromID":"1333446","toID":"1333442","formEdgeID":null},{"edgeID":"1748559","fromID":"1333449","toID":"1333448","formEdgeID":null},{"edgeID":"1748560","fromID":"1333450","toID":"1333449","formEdgeID":null},{"edgeID":"1748561","fromID":"1333448","toID":"1333451","formEdgeID":null},{"edgeID":"1748562","fromID":"1333451","toID":"1333447","formEdgeID":null},{"edgeID":"1748563","fromID":"1333454","toID":"1333453","formEdgeID":null},{"edgeID":"1748564","fromID":"1333455","toID":"1333454","formEdgeID":null},{"edgeID":"1748565","fromID":"1333453","toID":"1333456","formEdgeID":null},{"edgeID":"1748566","fromID":"1333456","toID":"1333452","formEdgeID":null},{"edgeID":"1748567","fromID":"1333459","toID":"1333460","formEdgeID":null},{"edgeID":"1748568","fromID":"1333460","toID":"1333458","formEdgeID":null},{"edgeID":"1748569","fromID":"1333464","toID":"1333462","formEdgeID":null},{"edgeID":"1748570","fromID":"1333463","toID":"1333464","formEdgeID":null},{"edgeID":"1748571","fromID":"1333462","toID":"1333465","formEdgeID":null},{"edgeID":"1748572","fromID":"1333465","toID":"1333461","formEdgeID":null},{"edgeID":"1748573","fromID":"1333466","toID":"1333428","formEdgeID":null},{"edgeID":"1748574","fromID":"1333423","toID":"1333466","formEdgeID":null},{"edgeID":"1748575","fromID":"1333428","toID":"1333467","formEdgeID":null},{"edgeID":"1748576","fromID":"1333467","toID":"1333434","formEdgeID":null},{"edgeID":"1748577","fromID":"1333434","toID":"1333468","formEdgeID":null},{"edgeID":"1748578","fromID":"1333468","toID":"1333440","formEdgeID":null},{"edgeID":"1748579","fromID":"1333437","toID":"1333469","formEdgeID":null},{"edgeID":"1748580","fromID":"1333469","toID":"1333432","formEdgeID":null},{"edgeID":"1748581","fromID":"1333468","toID":"1333470","formEdgeID":null},{"edgeID":"1748582","fromID":"1333470","toID":"1333469","formEdgeID":null},{"edgeID":"1748583","fromID":"1333440","toID":"1333471","formEdgeID":null},{"edgeID":"1748584","fromID":"1333471","toID":"1333443","formEdgeID":null},{"edgeID":"1748585","fromID":"1333442","toID":"1333472","formEdgeID":null},{"edgeID":"1748586","fromID":"1333472","toID":"1333437","formEdgeID":null},{"edgeID":"1748587","fromID":"1333473","toID":"1333472","formEdgeID":null},{"edgeID":"1748588","fromID":"1333471","toID":"1333473","formEdgeID":null},{"edgeID":"1748589","fromID":"1333474","toID":"1333448","formEdgeID":null},{"edgeID":"1748590","fromID":"1333443","toID":"1333474","formEdgeID":null},{"edgeID":"1748591","fromID":"1333475","toID":"1333442","formEdgeID":null},{"edgeID":"1748592","fromID":"1333447","toID":"1333475","formEdgeID":null},{"edgeID":"1748593","fromID":"1333474","toID":"1333476","formEdgeID":null},{"edgeID":"1748594","fromID":"1333476","toID":"1333475","formEdgeID":null},{"edgeID":"1748595","fromID":"1333448","toID":"1333477","formEdgeID":null},{"edgeID":"1748596","fromID":"1333477","toID":"1333453","formEdgeID":null},{"edgeID":"1748597","fromID":"1333459","toID":"1333479","formEdgeID":null},{"edgeID":"1748598","fromID":"1333479","toID":"1333478","formEdgeID":null},{"edgeID":"1748599","fromID":"1333478","toID":"1333480","formEdgeID":null},{"edgeID":"1748600","fromID":"1333480","toID":"1333457","formEdgeID":null},{"edgeID":"1748601","fromID":"1333458","toID":"1333481","formEdgeID":null},{"edgeID":"1748602","fromID":"1333481","toID":"1333478","formEdgeID":null},{"edgeID":"1748603","fromID":"1333453","toID":"1333482","formEdgeID":null},{"edgeID":"1748604","fromID":"1333482","toID":"1333458","formEdgeID":null},{"edgeID":"1748605","fromID":"1333458","toID":"1333483","formEdgeID":null},{"edgeID":"1748606","fromID":"1333483","toID":"1333462","formEdgeID":null},{"edgeID":"1748607","fromID":"1333461","toID":"1333484","formEdgeID":null},{"edgeID":"1748608","fromID":"1333484","toID":"1333457","formEdgeID":null},{"edgeID":"1748609","fromID":"1333483","toID":"1333485","formEdgeID":null},{"edgeID":"1748610","fromID":"1333485","toID":"1333484","formEdgeID":null},{"edgeID":"1748611","fromID":"1333487","toID":"1333488","formEdgeID":null},{"edgeID":"1748612","fromID":"1333489","toID":"1333487","formEdgeID":null},{"edgeID":"1748613","fromID":"1333488","toID":"1333490","formEdgeID":null},{"edgeID":"1748614","fromID":"1333490","toID":"1333486","formEdgeID":null},{"edgeID":"1748615","fromID":"1333462","toID":"1333491","formEdgeID":null},{"edgeID":"1748616","fromID":"1333491","toID":"1333488","formEdgeID":null},{"edgeID":"1748617","fromID":"1333486","toID":"1333492","formEdgeID":null},{"edgeID":"1748618","fromID":"1333492","toID":"1333461","formEdgeID":null},{"edgeID":"1748619","fromID":"1333491","toID":"1333493","formEdgeID":null},{"edgeID":"1748620","fromID":"1333493","toID":"1333492","formEdgeID":null},{"edgeID":"1748621","fromID":"1333497","toID":"1333496","formEdgeID":null},{"edgeID":"1748622","fromID":"1333496","toID":"1333495","formEdgeID":null},{"edgeID":"1748623","fromID":"1333498","toID":"1333494","formEdgeID":null},{"edgeID":"1748624","fromID":"1333495","toID":"1333498","formEdgeID":null},{"edgeID":"1748625","fromID":"1333488","toID":"1333499","formEdgeID":null},{"edgeID":"1748626","fromID":"1333499","toID":"1333495","formEdgeID":null},{"edgeID":"1748627","fromID":"1333494","toID":"1333500","formEdgeID":null},{"edgeID":"1748628","fromID":"1333500","toID":"1333486","formEdgeID":null},{"edgeID":"1748629","fromID":"1333501","toID":"1333500","formEdgeID":null},{"edgeID":"1748630","fromID":"1333499","toID":"1333501","formEdgeID":null},{"edgeID":"1748631","fromID":"1333505","toID":"1333504","formEdgeID":null},{"edgeID":"1748632","fromID":"1333504","toID":"1333503","formEdgeID":null},{"edgeID":"1748633","fromID":"1333506","toID":"1333502","formEdgeID":null},{"edgeID":"1748634","fromID":"1333503","toID":"1333506","formEdgeID":null},{"edgeID":"1748635","fromID":"1333508","toID":"1333509","formEdgeID":null},{"edgeID":"1748636","fromID":"1333510","toID":"1333508","formEdgeID":null},{"edgeID":"1748637","fromID":"1333509","toID":"1333511","formEdgeID":null},{"edgeID":"1748638","fromID":"1333511","toID":"1333507","formEdgeID":null},{"edgeID":"1748639","fromID":"1333495","toID":"1333512","formEdgeID":null},{"edgeID":"1748640","fromID":"1333512","toID":"1333503","formEdgeID":null},{"edgeID":"1748641","fromID":"1333503","toID":"1333513","formEdgeID":null},{"edgeID":"1748642","fromID":"1333513","toID":"1333509","formEdgeID":null},{"edgeID":"1748643","fromID":"1333507","toID":"1333514","formEdgeID":null},{"edgeID":"1748644","fromID":"1333514","toID":"1333502","formEdgeID":null},{"edgeID":"1748645","fromID":"1333515","toID":"1333514","formEdgeID":null},{"edgeID":"1748646","fromID":"1333513","toID":"1333515","formEdgeID":null},{"edgeID":"1748647","fromID":"1333519","toID":"1333518","formEdgeID":null},{"edgeID":"1748648","fromID":"1333518","toID":"1333517","formEdgeID":null},{"edgeID":"1748649","fromID":"1333517","toID":"1333520","formEdgeID":null},{"edgeID":"1748650","fromID":"1333520","toID":"1333516","formEdgeID":null},{"edgeID":"1748651","fromID":"1333523","toID":"1333522","formEdgeID":null},{"edgeID":"1748652","fromID":"1333524","toID":"1333523","formEdgeID":null},{"edgeID":"1748653","fromID":"1333522","toID":"1333525","formEdgeID":null},{"edgeID":"1748654","fromID":"1333525","toID":"1333521","formEdgeID":null},{"edgeID":"1748655","fromID":"1333528","toID":"1333527","formEdgeID":null},{"edgeID":"1748656","fromID":"1333529","toID":"1333528","formEdgeID":null},{"edgeID":"1748657","fromID":"1333530","toID":"1333526","formEdgeID":null},{"edgeID":"1748658","fromID":"1333527","toID":"1333530","formEdgeID":null},{"edgeID":"1748659","fromID":"1333533","toID":"1333532","formEdgeID":null},{"edgeID":"1748660","fromID":"1333534","toID":"1333533","formEdgeID":null},{"edgeID":"1748661","fromID":"1333536","toID":"1333535","formEdgeID":null},{"edgeID":"1748662","fromID":"1333537","toID":"1333536","formEdgeID":null},{"edgeID":"1748663","fromID":"1333538","toID":"1333531","formEdgeID":null},{"edgeID":"1748664","fromID":"1333535","toID":"1333538","formEdgeID":null},{"edgeID":"1748665","fromID":"1333532","toID":"1333539","formEdgeID":null},{"edgeID":"1748666","fromID":"1333539","toID":"1333535","formEdgeID":null},{"edgeID":"1748667","fromID":"1333509","toID":"1333540","formEdgeID":null},{"edgeID":"1748668","fromID":"1333540","toID":"1333517","formEdgeID":null},{"edgeID":"1748669","fromID":"1333541","toID":"1333516","formEdgeID":null},{"edgeID":"1748670","fromID":"1333521","toID":"1333541","formEdgeID":null},{"edgeID":"1748671","fromID":"1333526","toID":"1333541","formEdgeID":null},{"edgeID":"1748672","fromID":"1333542","toID":"1333522","formEdgeID":null},{"edgeID":"1748673","fromID":"1333517","toID":"1333542","formEdgeID":null},{"edgeID":"1748674","fromID":"1333543","toID":"1333527","formEdgeID":null},{"edgeID":"1748675","fromID":"1333517","toID":"1333543","formEdgeID":null},{"edgeID":"1748676","fromID":"1333544","toID":"1333541","formEdgeID":null},{"edgeID":"1748677","fromID":"1333543","toID":"1333544","formEdgeID":null},{"edgeID":"1748678","fromID":"1333527","toID":"1333545","formEdgeID":null},{"edgeID":"1748679","fromID":"1333545","toID":"1333532","formEdgeID":null},{"edgeID":"1748680","fromID":"1333548","toID":"1333549","formEdgeID":null},{"edgeID":"1748681","fromID":"1333547","toID":"1333548","formEdgeID":null},{"edgeID":"1748682","fromID":"1333549","toID":"1333550","formEdgeID":null},{"edgeID":"1748683","fromID":"1333550","toID":"1333546","formEdgeID":null},{"edgeID":"1748684","fromID":"1333554","toID":"1333552","formEdgeID":null},{"edgeID":"1748685","fromID":"1333553","toID":"1333554","formEdgeID":null},{"edgeID":"1748686","fromID":"1333552","toID":"1333555","formEdgeID":null},{"edgeID":"1748687","fromID":"1333555","toID":"1333551","formEdgeID":null},{"edgeID":"1748688","fromID":"1333532","toID":"1333556","formEdgeID":null},{"edgeID":"1748689","fromID":"1333556","toID":"1333549","formEdgeID":null},{"edgeID":"1748690","fromID":"1333549","toID":"1333557","formEdgeID":null},{"edgeID":"1748691","fromID":"1333557","toID":"1333552","formEdgeID":null},{"edgeID":"1748692","fromID":"1333546","toID":"1333558","formEdgeID":null},{"edgeID":"1748693","fromID":"1333558","toID":"1333551","formEdgeID":null},{"edgeID":"1748694","fromID":"1333557","toID":"1333559","formEdgeID":null},{"edgeID":"1748695","fromID":"1333559","toID":"1333558","formEdgeID":null},{"edgeID":"1748696","fromID":"1333562","toID":"1333560","formEdgeID":null},{"edgeID":"1748697","fromID":"1333561","toID":"1333562","formEdgeID":null},{"edgeID":"1748698","fromID":"1333552","toID":"1333563","formEdgeID":null},{"edgeID":"1748699","fromID":"1333563","toID":"1333560","formEdgeID":null},{"edgeID":"1748700","fromID":"1333566","toID":"1333565","formEdgeID":null},{"edgeID":"1748701","fromID":"1333567","toID":"1333566","formEdgeID":null},{"edgeID":"1748702","fromID":"1333565","toID":"1333568","formEdgeID":null},{"edgeID":"1748703","fromID":"1333568","toID":"1333564","formEdgeID":null},{"edgeID":"1748704","fromID":"1333569","toID":"1333565","formEdgeID":null},{"edgeID":"1748705","fromID":"1333560","toID":"1333569","formEdgeID":null},{"edgeID":"1748706","fromID":"1333573","toID":"1333571","formEdgeID":null},{"edgeID":"1748707","fromID":"1333571","toID":"1333572","formEdgeID":null},{"edgeID":"1748708","fromID":"1333574","toID":"1333570","formEdgeID":null},{"edgeID":"1748709","fromID":"1333572","toID":"1333574","formEdgeID":null},{"edgeID":"1748710","fromID":"1333565","toID":"1333575","formEdgeID":null},{"edgeID":"1748711","fromID":"1333575","toID":"1333572","formEdgeID":null},{"edgeID":"1748712","fromID":"1333578","toID":"1333577","formEdgeID":null},{"edgeID":"1748713","fromID":"1333579","toID":"1333578","formEdgeID":null},{"edgeID":"1748714","fromID":"1333582","toID":"1333581","formEdgeID":null},{"edgeID":"1748715","fromID":"1333581","toID":"1333580","formEdgeID":null},{"edgeID":"1748716","fromID":"1333580","toID":"1333583","formEdgeID":null},{"edgeID":"1748717","fromID":"1333583","toID":"1333576","formEdgeID":null},{"edgeID":"1748718","fromID":"1333577","toID":"1333584","formEdgeID":null},{"edgeID":"1748719","fromID":"1333584","toID":"1333580","formEdgeID":null},{"edgeID":"1748720","fromID":"1333587","toID":"1333585","formEdgeID":null},{"edgeID":"1748721","fromID":"1333586","toID":"1333587","formEdgeID":null},{"edgeID":"1748722","fromID":"1333589","toID":"1333588","formEdgeID":null},{"edgeID":"1748723","fromID":"1333590","toID":"1333589","formEdgeID":null},{"edgeID":"1748724","fromID":"1333588","toID":"1333591","formEdgeID":null},{"edgeID":"1748725","fromID":"1333591","toID":"1333576","formEdgeID":null},{"edgeID":"1748726","fromID":"1333585","toID":"1333592","formEdgeID":null},{"edgeID":"1748727","fromID":"1333592","toID":"1333588","formEdgeID":null},{"edgeID":"1748728","fromID":"1333572","toID":"1333593","formEdgeID":null},{"edgeID":"1748729","fromID":"1333593","toID":"1333577","formEdgeID":null},{"edgeID":"1748730","fromID":"1333577","toID":"1333594","formEdgeID":null},{"edgeID":"1748731","fromID":"1333594","toID":"1333585","formEdgeID":null},{"edgeID":"1748732","fromID":"1333576","toID":"1333595","formEdgeID":null},{"edgeID":"1748733","fromID":"1333595","toID":"1333576","formEdgeID":null},{"edgeID":"1748734","fromID":"1333594","toID":"1333596","formEdgeID":null},{"edgeID":"1748735","fromID":"1333596","toID":"1333595","formEdgeID":null},{"edgeID":"1748736","fromID":"1333563","toID":"1333597","formEdgeID":null},{"edgeID":"1748737","fromID":"1333597","toID":"1333551","formEdgeID":null}],"locutions":[]}