{"nodes":[{"nodeID":"1348077","text":"Anne Mcelvoy doesn't want to burst the bubble too much on the Labour love there","type":"I","timestamp":"2023-11-09 14:05:16"},{"nodeID":"1348078","text":"Anne Mcelvoy: I don't want to burst the bubble too much on the Labour love here","type":"L","timestamp":"2023-11-09 14:05:16"},{"nodeID":"1348079","text":"Analysing","type":"YA","timestamp":"2023-11-09 14:05:16"},{"nodeID":"1348080","text":"Anon: Anne Mcelvoy: I don't want to burst the bubble too much on the Labour love here","type":"L","timestamp":"2023-11-09 14:05:16"},{"nodeID":"1348081","text":"Asserting","type":"YA","timestamp":"2023-11-09 14:05:16"},{"nodeID":"1348082","text":"we're not talking seriously about here and Labour had a very good conference this week","type":"I","timestamp":"2023-11-09 14:05:16"},{"nodeID":"1348083","text":"Anne Mcelvoy:  we're not talking seriously about here and Labour had a very good conference this week","type":"L","timestamp":"2023-11-09 14:05:16"},{"nodeID":"1348084","text":"Analysing","type":"YA","timestamp":"2023-11-09 14:05:16"},{"nodeID":"1348085","text":"Anon: Anne Mcelvoy:  we're not talking seriously about here and Labour had a very good conference this week","type":"L","timestamp":"2023-11-09 14:05:16"},{"nodeID":"1348086","text":"Asserting","type":"YA","timestamp":"2023-11-09 14:05:16"},{"nodeID":"1348087","text":"Rachel Reeches gets a lot of credit from Anne Mcelvoy about her very calm approach","type":"I","timestamp":"2023-11-09 14:05:17"},{"nodeID":"1348088","text":"Anne Mcelvoy: Rachel Reeches gets a lot of credit from me about her very calm approach","type":"L","timestamp":"2023-11-09 14:05:17"},{"nodeID":"1348089","text":"Analysing","type":"YA","timestamp":"2023-11-09 14:05:17"},{"nodeID":"1348090","text":"Anon: Anne Mcelvoy: Rachel Reeches gets a lot of credit from me about her very calm approach","type":"L","timestamp":"2023-11-09 14:05:17"},{"nodeID":"1348091","text":"Asserting","type":"YA","timestamp":"2023-11-09 14:05:17"},{"nodeID":"1348092","text":"there is a seriousness about business and about wielding power","type":"I","timestamp":"2023-11-09 14:05:18"},{"nodeID":"1348093","text":"Anne Mcelvoy: there is a seriousness about business and about wielding power","type":"L","timestamp":"2023-11-09 14:05:18"},{"nodeID":"1348094","text":"Analysing","type":"YA","timestamp":"2023-11-09 14:05:18"},{"nodeID":"1348095","text":"Anon: Anne Mcelvoy: there is a seriousness about business and about wielding power","type":"L","timestamp":"2023-11-09 14:05:18"},{"nodeID":"1348096","text":"Asserting","type":"YA","timestamp":"2023-11-09 14:05:18"},{"nodeID":"1348097","text":"wielding power may come sooner rather than later to Labour","type":"I","timestamp":"2023-11-09 14:05:18"},{"nodeID":"1348098","text":"Anne Mcelvoy: it may come sooner rather than later to Labour","type":"L","timestamp":"2023-11-09 14:05:18"},{"nodeID":"1348099","text":"Analysing","type":"YA","timestamp":"2023-11-09 14:05:18"},{"nodeID":"1348100","text":"Anon: Anne Mcelvoy: it may come sooner rather than later to Labour","type":"L","timestamp":"2023-11-09 14:05:18"},{"nodeID":"1348101","text":"Asserting","type":"YA","timestamp":"2023-11-09 14:05:18"},{"nodeID":"1348102","text":"we need to take the business and wielding power seriously","type":"I","timestamp":"2023-11-09 14:05:19"},{"nodeID":"1348103","text":"Anne Mcelvoy: we need to take it seriously","type":"L","timestamp":"2023-11-09 14:05:19"},{"nodeID":"1348104","text":"Analysing","type":"YA","timestamp":"2023-11-09 14:05:19"},{"nodeID":"1348105","text":"Anon: Anne Mcelvoy: we need to take it seriously","type":"L","timestamp":"2023-11-09 14:05:19"},{"nodeID":"1348106","text":"Asserting","type":"YA","timestamp":"2023-11-09 14:05:19"},{"nodeID":"1348107","text":"Default Inference","type":"RA","timestamp":"2023-11-09 14:05:19"},{"nodeID":"1348108","text":"there is a big empty space around growth","type":"I","timestamp":"2023-11-09 14:05:19"},{"nodeID":"1348109","text":"Anne Mcelvoy: there is a big empty space is around growth","type":"L","timestamp":"2023-11-09 14:05:20"},{"nodeID":"1348110","text":"Analysing","type":"YA","timestamp":"2023-11-09 14:05:20"},{"nodeID":"1348111","text":"Anon: Anne Mcelvoy: there is a big empty space is around growth","type":"L","timestamp":"2023-11-09 14:05:20"},{"nodeID":"1348112","text":"Asserting","type":"YA","timestamp":"2023-11-09 14:05:20"},{"nodeID":"1348113","text":"Default Transition","type":"TA","timestamp":"2023-11-09 14:05:20"},{"nodeID":"1348114","text":"Default Transition","type":"TA","timestamp":"2023-11-09 14:05:20"},{"nodeID":"1348115","text":"Default Transition","type":"TA","timestamp":"2023-11-09 14:05:20"},{"nodeID":"1348116","text":"Default Transition","type":"TA","timestamp":"2023-11-09 14:05:20"},{"nodeID":"1348117","text":"Default Transition","type":"TA","timestamp":"2023-11-09 14:05:20"},{"nodeID":"1348118","text":"Default Transition","type":"TA","timestamp":"2023-11-09 14:05:20"},{"nodeID":"1348119","text":"what Anne Mcelvoy heard about how Labour will drive growth does not really deliver","type":"I","timestamp":"2023-11-09 14:05:20"},{"nodeID":"1348120","text":"Anne Mcelvoy:  What I heard about how Labour will drive growth does not really","type":"L","timestamp":"2023-11-09 14:05:20"},{"nodeID":"1348121","text":"Analysing","type":"YA","timestamp":"2023-11-09 14:05:20"},{"nodeID":"1348122","text":"Anon: Anne Mcelvoy:  What I heard about how Labour will drive growth does not really","type":"L","timestamp":"2023-11-09 14:05:20"},{"nodeID":"1348123","text":"Asserting","type":"YA","timestamp":"2023-11-09 14:05:20"},{"nodeID":"1348124","text":"Default Transition","type":"TA","timestamp":"2023-11-09 14:05:20"},{"nodeID":"1348125","text":"it is early days for Labour","type":"I","timestamp":"2023-11-09 14:05:21"},{"nodeID":"1348126","text":"Anne Mcelvoy:  it is early days","type":"L","timestamp":"2023-11-09 14:05:21"},{"nodeID":"1348127","text":"Analysing","type":"YA","timestamp":"2023-11-09 14:05:21"},{"nodeID":"1348128","text":"Anon: Anne Mcelvoy:  it is early days","type":"L","timestamp":"2023-11-09 14:05:21"},{"nodeID":"1348129","text":"Asserting","type":"YA","timestamp":"2023-11-09 14:05:21"},{"nodeID":"1348130","text":"Default Transition","type":"TA","timestamp":"2023-11-09 14:05:21"},{"nodeID":"1348131","text":"we need to hear more about what the growth recipe would be","type":"I","timestamp":"2023-11-09 14:05:21"},{"nodeID":"1348132","text":"Anne Mcelvoy:  we need to hear more about what the growth recipe would be","type":"L","timestamp":"2023-11-09 14:05:21"},{"nodeID":"1348133","text":"Analysing","type":"YA","timestamp":"2023-11-09 14:05:21"},{"nodeID":"1348134","text":"Anon: Anne Mcelvoy:  we need to hear more about what the growth recipe would be","type":"L","timestamp":"2023-11-09 14:05:21"},{"nodeID":"1348135","text":"Asserting","type":"YA","timestamp":"2023-11-09 14:05:21"},{"nodeID":"1348136","text":"Default Transition","type":"TA","timestamp":"2023-11-09 14:05:22"},{"nodeID":"1348137","text":"it is right to talk about women being able to get to work","type":"I","timestamp":"2023-11-09 14:05:22"},{"nodeID":"1348138","text":"Anne Mcelvoy:  It is right to talk about women being able to get to work","type":"L","timestamp":"2023-11-09 14:05:22"},{"nodeID":"1348139","text":"Analysing","type":"YA","timestamp":"2023-11-09 14:05:22"},{"nodeID":"1348140","text":"Anon: Anne Mcelvoy:  It is right to talk about women being able to get to work","type":"L","timestamp":"2023-11-09 14:05:22"},{"nodeID":"1348141","text":"Asserting","type":"YA","timestamp":"2023-11-09 14:05:22"},{"nodeID":"1348142","text":"Default Transition","type":"TA","timestamp":"2023-11-09 14:05:22"},{"nodeID":"1348143","text":"it is right to talk about women not being able to find childcare","type":"I","timestamp":"2023-11-09 14:05:23"},{"nodeID":"1348144","text":"Anne Mcelvoy: not being able to find childcare","type":"L","timestamp":"2023-11-09 14:05:23"},{"nodeID":"1348145","text":"Analysing","type":"YA","timestamp":"2023-11-09 14:05:23"},{"nodeID":"1348146","text":"Anon: Anne Mcelvoy: not being able to find childcare","type":"L","timestamp":"2023-11-09 14:05:23"},{"nodeID":"1348147","text":"Asserting","type":"YA","timestamp":"2023-11-09 14:05:23"},{"nodeID":"1348148","text":"women being able to get to work and not being able to find childcare is a problem for the men around the house too","type":"I","timestamp":"2023-11-09 14:05:23"},{"nodeID":"1348149","text":"Anne Mcelvoy:  that's one for the men around the house too","type":"L","timestamp":"2023-11-09 14:05:23"},{"nodeID":"1348150","text":"Analysing","type":"YA","timestamp":"2023-11-09 14:05:23"},{"nodeID":"1348151","text":"Anon: Anne Mcelvoy:  that's one for the men around the house too","type":"L","timestamp":"2023-11-09 14:05:23"},{"nodeID":"1348152","text":"Asserting","type":"YA","timestamp":"2023-11-09 14:05:23"},{"nodeID":"1348153","text":"talking about women being able to get to work and not being able to find childcare is not enough","type":"I","timestamp":"2023-11-09 14:05:24"},{"nodeID":"1348154","text":"Anne Mcelvoy:  that is not enough","type":"L","timestamp":"2023-11-09 14:05:24"},{"nodeID":"1348155","text":"Analysing","type":"YA","timestamp":"2023-11-09 14:05:24"},{"nodeID":"1348156","text":"Anon: Anne Mcelvoy:  that is not enough","type":"L","timestamp":"2023-11-09 14:05:24"},{"nodeID":"1348157","text":"Asserting","type":"YA","timestamp":"2023-11-09 14:05:24"},{"nodeID":"1348158","text":"Default Conflict","type":"CA","timestamp":"2023-11-09 14:05:24"},{"nodeID":"1348159","text":"Default Conflict","type":"CA","timestamp":"2023-11-09 14:05:24"},{"nodeID":"1348160","text":"Default Transition","type":"TA","timestamp":"2023-11-09 14:05:24"},{"nodeID":"1348161","text":"Default Transition","type":"TA","timestamp":"2023-11-09 14:05:24"},{"nodeID":"1348162","text":"Default Transition","type":"TA","timestamp":"2023-11-09 14:05:24"},{"nodeID":"1348163","text":"Karan Bilimoria is talking about research and development","type":"I","timestamp":"2023-11-09 14:05:25"},{"nodeID":"1348164","text":"Anne Mcelvoy: you're talking about research and development","type":"L","timestamp":"2023-11-09 14:05:25"},{"nodeID":"1348165","text":"Analysing","type":"YA","timestamp":"2023-11-09 14:05:25"},{"nodeID":"1348166","text":"Anon: Anne Mcelvoy: you're talking about research and development","type":"L","timestamp":"2023-11-09 14:05:25"},{"nodeID":"1348167","text":"Asserting","type":"YA","timestamp":"2023-11-09 14:05:25"},{"nodeID":"1348168","text":"Default Transition","type":"TA","timestamp":"2023-11-09 14:05:25"},{"nodeID":"1348169","text":"the last thing Anne Mcelvoy heard from a Labour frontbencher at conference at the weekend was the slight talking down of Cambridge","type":"I","timestamp":"2023-11-09 14:05:25"},{"nodeID":"1348170","text":"Anne Mcelvoy:  the last thing I heard from a Labour frontbencher at conference at the weekend was that, slightly talking down Cambridge","type":"L","timestamp":"2023-11-09 14:05:25"},{"nodeID":"1348171","text":"Analysing","type":"YA","timestamp":"2023-11-09 14:05:25"},{"nodeID":"1348172","text":"Anon: Anne Mcelvoy:  the last thing I heard from a Labour frontbencher at conference at the weekend was that, slightly talking down Cambridge","type":"L","timestamp":"2023-11-09 14:05:25"},{"nodeID":"1348173","text":"Asserting","type":"YA","timestamp":"2023-11-09 14:05:25"},{"nodeID":"1348174","text":"Cambridge was a prosperous southern hub for technology and innovation and life sciences","type":"I","timestamp":"2023-11-09 14:05:26"},{"nodeID":"1348175","text":"Anne Mcelvoy:  it was a prosperous southern hub for technology and innovation and life sciences","type":"L","timestamp":"2023-11-09 14:05:26"},{"nodeID":"1348176","text":"Analysing","type":"YA","timestamp":"2023-11-09 14:05:26"},{"nodeID":"1348177","text":"Anon: Anne Mcelvoy:  it was a prosperous southern hub for technology and innovation and life sciences","type":"L","timestamp":"2023-11-09 14:05:26"},{"nodeID":"1348178","text":"Asserting","type":"YA","timestamp":"2023-11-09 14:05:26"},{"nodeID":"1348179","text":"Default Inference","type":"RA","timestamp":"2023-11-09 14:05:26"},{"nodeID":"1348180","text":"Default Transition","type":"TA","timestamp":"2023-11-09 14:05:26"},{"nodeID":"1348181","text":"Arguing","type":"YA","timestamp":"2023-11-09 14:05:26"},{"nodeID":"1348182","text":"Arguing","type":"YA","timestamp":"2023-11-09 14:05:26"},{"nodeID":"1348183","text":"at conference at the weekend there was playing the south off against the north","type":"I","timestamp":"2023-11-09 14:05:27"},{"nodeID":"1348184","text":"Anne Mcelvoy:  playing the south off against the north","type":"L","timestamp":"2023-11-09 14:05:27"},{"nodeID":"1348185","text":"Analysing","type":"YA","timestamp":"2023-11-09 14:05:27"},{"nodeID":"1348186","text":"Anon: Anne Mcelvoy:  playing the south off against the north","type":"L","timestamp":"2023-11-09 14:05:27"},{"nodeID":"1348187","text":"Asserting","type":"YA","timestamp":"2023-11-09 14:05:27"},{"nodeID":"1348188","text":"at the conference at the weekend it was said we'll put the money in to levelling up in the north","type":"I","timestamp":"2023-11-09 14:05:27"},{"nodeID":"1348189","text":"Anne Mcelvoy:  saying we'll put the money in to levelling up in the north","type":"L","timestamp":"2023-11-09 14:05:27"},{"nodeID":"1348190","text":"Analysing","type":"YA","timestamp":"2023-11-09 14:05:27"},{"nodeID":"1348191","text":"Anon: Anne Mcelvoy:  saying we'll put the money in to levelling up in the north","type":"L","timestamp":"2023-11-09 14:05:27"},{"nodeID":"1348192","text":"Asserting","type":"YA","timestamp":"2023-11-09 14:05:27"},{"nodeID":"1348193","text":"Default Inference","type":"RA","timestamp":"2023-11-09 14:05:27"},{"nodeID":"1348194","text":"Default Transition","type":"TA","timestamp":"2023-11-09 14:05:27"},{"nodeID":"1348195","text":"Arguing","type":"YA","timestamp":"2023-11-09 14:05:27"},{"nodeID":"1348196","text":"Disagreeing","type":"YA","timestamp":"2023-11-09 14:05:27"},{"nodeID":"1348197","text":"Disagreeing","type":"YA","timestamp":"2023-11-09 14:05:27"},{"nodeID":"1348198","text":"Default Inference","type":"RA","timestamp":"2023-11-09 14:05:27"},{"nodeID":"1348199","text":"Arguing","type":"YA","timestamp":"2023-11-09 14:05:27"},{"nodeID":"1348200","text":"Default Inference","type":"RA","timestamp":"2023-11-09 14:05:27"},{"nodeID":"1348201","text":"Arguing","type":"YA","timestamp":"2023-11-09 14:05:27"},{"nodeID":"1348202","text":"Default Transition","type":"TA","timestamp":"2023-11-09 14:05:27"},{"nodeID":"1348203","text":"Default Rephrase","type":"MA","timestamp":"2023-11-09 14:05:27"},{"nodeID":"1348204","text":"Default Rephrase","type":"MA","timestamp":"2023-11-09 14:05:27"},{"nodeID":"1348205","text":"Default Transition","type":"TA","timestamp":"2023-11-09 14:05:27"},{"nodeID":"1348206","text":"Restating","type":"YA","timestamp":"2023-11-09 14:05:27"},{"nodeID":"1348207","text":"Default Transition","type":"TA","timestamp":"2023-11-09 14:05:27"},{"nodeID":"1348208","text":"Restating","type":"YA","timestamp":"2023-11-09 14:05:27"}],"edges":[{"edgeID":"1766076","fromID":"1348079","toID":"1348078","formEdgeID":null},{"edgeID":"1766077","fromID":"1348080","toID":"1348079","formEdgeID":null},{"edgeID":"1766078","fromID":"1348078","toID":"1348081","formEdgeID":null},{"edgeID":"1766079","fromID":"1348081","toID":"1348077","formEdgeID":null},{"edgeID":"1766080","fromID":"1348084","toID":"1348083","formEdgeID":null},{"edgeID":"1766081","fromID":"1348085","toID":"1348084","formEdgeID":null},{"edgeID":"1766082","fromID":"1348083","toID":"1348086","formEdgeID":null},{"edgeID":"1766083","fromID":"1348086","toID":"1348082","formEdgeID":null},{"edgeID":"1766084","fromID":"1348089","toID":"1348088","formEdgeID":null},{"edgeID":"1766085","fromID":"1348090","toID":"1348089","formEdgeID":null},{"edgeID":"1766086","fromID":"1348088","toID":"1348091","formEdgeID":null},{"edgeID":"1766087","fromID":"1348091","toID":"1348087","formEdgeID":null},{"edgeID":"1766088","fromID":"1348094","toID":"1348093","formEdgeID":null},{"edgeID":"1766089","fromID":"1348095","toID":"1348094","formEdgeID":null},{"edgeID":"1766090","fromID":"1348093","toID":"1348096","formEdgeID":null},{"edgeID":"1766091","fromID":"1348096","toID":"1348092","formEdgeID":null},{"edgeID":"1766092","fromID":"1348099","toID":"1348098","formEdgeID":null},{"edgeID":"1766093","fromID":"1348100","toID":"1348099","formEdgeID":null},{"edgeID":"1766094","fromID":"1348098","toID":"1348101","formEdgeID":null},{"edgeID":"1766095","fromID":"1348101","toID":"1348097","formEdgeID":null},{"edgeID":"1766096","fromID":"1348104","toID":"1348103","formEdgeID":null},{"edgeID":"1766097","fromID":"1348105","toID":"1348104","formEdgeID":null},{"edgeID":"1766098","fromID":"1348103","toID":"1348106","formEdgeID":null},{"edgeID":"1766099","fromID":"1348106","toID":"1348102","formEdgeID":null},{"edgeID":"1766100","fromID":"1348097","toID":"1348107","formEdgeID":null},{"edgeID":"1766101","fromID":"1348107","toID":"1348102","formEdgeID":null},{"edgeID":"1766102","fromID":"1348110","toID":"1348109","formEdgeID":null},{"edgeID":"1766103","fromID":"1348111","toID":"1348110","formEdgeID":null},{"edgeID":"1766104","fromID":"1348109","toID":"1348112","formEdgeID":null},{"edgeID":"1766105","fromID":"1348112","toID":"1348108","formEdgeID":null},{"edgeID":"1766106","fromID":"1348078","toID":"1348113","formEdgeID":null},{"edgeID":"1766107","fromID":"1348113","toID":"1348083","formEdgeID":null},{"edgeID":"1766108","fromID":"1348083","toID":"1348114","formEdgeID":null},{"edgeID":"1766109","fromID":"1348114","toID":"1348088","formEdgeID":null},{"edgeID":"1766110","fromID":"1348088","toID":"1348115","formEdgeID":null},{"edgeID":"1766111","fromID":"1348115","toID":"1348093","formEdgeID":null},{"edgeID":"1766112","fromID":"1348093","toID":"1348116","formEdgeID":null},{"edgeID":"1766113","fromID":"1348116","toID":"1348098","formEdgeID":null},{"edgeID":"1766114","fromID":"1348098","toID":"1348117","formEdgeID":null},{"edgeID":"1766115","fromID":"1348117","toID":"1348103","formEdgeID":null},{"edgeID":"1766116","fromID":"1348103","toID":"1348118","formEdgeID":null},{"edgeID":"1766117","fromID":"1348118","toID":"1348109","formEdgeID":null},{"edgeID":"1766118","fromID":"1348121","toID":"1348120","formEdgeID":null},{"edgeID":"1766119","fromID":"1348122","toID":"1348121","formEdgeID":null},{"edgeID":"1766120","fromID":"1348120","toID":"1348123","formEdgeID":null},{"edgeID":"1766121","fromID":"1348123","toID":"1348119","formEdgeID":null},{"edgeID":"1766122","fromID":"1348109","toID":"1348124","formEdgeID":null},{"edgeID":"1766123","fromID":"1348124","toID":"1348120","formEdgeID":null},{"edgeID":"1766124","fromID":"1348127","toID":"1348126","formEdgeID":null},{"edgeID":"1766125","fromID":"1348128","toID":"1348127","formEdgeID":null},{"edgeID":"1766126","fromID":"1348126","toID":"1348129","formEdgeID":null},{"edgeID":"1766127","fromID":"1348129","toID":"1348125","formEdgeID":null},{"edgeID":"1766128","fromID":"1348120","toID":"1348130","formEdgeID":null},{"edgeID":"1766129","fromID":"1348130","toID":"1348126","formEdgeID":null},{"edgeID":"1766130","fromID":"1348133","toID":"1348132","formEdgeID":null},{"edgeID":"1766131","fromID":"1348134","toID":"1348133","formEdgeID":null},{"edgeID":"1766132","fromID":"1348132","toID":"1348135","formEdgeID":null},{"edgeID":"1766133","fromID":"1348135","toID":"1348131","formEdgeID":null},{"edgeID":"1766134","fromID":"1348126","toID":"1348136","formEdgeID":null},{"edgeID":"1766135","fromID":"1348136","toID":"1348132","formEdgeID":null},{"edgeID":"1766136","fromID":"1348139","toID":"1348138","formEdgeID":null},{"edgeID":"1766137","fromID":"1348140","toID":"1348139","formEdgeID":null},{"edgeID":"1766138","fromID":"1348138","toID":"1348141","formEdgeID":null},{"edgeID":"1766139","fromID":"1348141","toID":"1348137","formEdgeID":null},{"edgeID":"1766140","fromID":"1348132","toID":"1348142","formEdgeID":null},{"edgeID":"1766141","fromID":"1348142","toID":"1348138","formEdgeID":null},{"edgeID":"1766142","fromID":"1348145","toID":"1348144","formEdgeID":null},{"edgeID":"1766143","fromID":"1348146","toID":"1348145","formEdgeID":null},{"edgeID":"1766144","fromID":"1348144","toID":"1348147","formEdgeID":null},{"edgeID":"1766145","fromID":"1348147","toID":"1348143","formEdgeID":null},{"edgeID":"1766146","fromID":"1348150","toID":"1348149","formEdgeID":null},{"edgeID":"1766147","fromID":"1348151","toID":"1348150","formEdgeID":null},{"edgeID":"1766148","fromID":"1348149","toID":"1348152","formEdgeID":null},{"edgeID":"1766149","fromID":"1348152","toID":"1348148","formEdgeID":null},{"edgeID":"1766150","fromID":"1348155","toID":"1348154","formEdgeID":null},{"edgeID":"1766151","fromID":"1348156","toID":"1348155","formEdgeID":null},{"edgeID":"1766152","fromID":"1348154","toID":"1348157","formEdgeID":null},{"edgeID":"1766153","fromID":"1348157","toID":"1348153","formEdgeID":null},{"edgeID":"1766154","fromID":"1348153","toID":"1348158","formEdgeID":null},{"edgeID":"1766155","fromID":"1348158","toID":"1348137","formEdgeID":null},{"edgeID":"1766156","fromID":"1348153","toID":"1348159","formEdgeID":null},{"edgeID":"1766157","fromID":"1348159","toID":"1348143","formEdgeID":null},{"edgeID":"1766158","fromID":"1348138","toID":"1348160","formEdgeID":null},{"edgeID":"1766159","fromID":"1348160","toID":"1348154","formEdgeID":null},{"edgeID":"1766160","fromID":"1348144","toID":"1348161","formEdgeID":null},{"edgeID":"1766161","fromID":"1348161","toID":"1348154","formEdgeID":null},{"edgeID":"1766162","fromID":"1348149","toID":"1348162","formEdgeID":null},{"edgeID":"1766163","fromID":"1348162","toID":"1348154","formEdgeID":null},{"edgeID":"1766164","fromID":"1348165","toID":"1348164","formEdgeID":null},{"edgeID":"1766165","fromID":"1348166","toID":"1348165","formEdgeID":null},{"edgeID":"1766166","fromID":"1348164","toID":"1348167","formEdgeID":null},{"edgeID":"1766167","fromID":"1348167","toID":"1348163","formEdgeID":null},{"edgeID":"1766168","fromID":"1348154","toID":"1348168","formEdgeID":null},{"edgeID":"1766169","fromID":"1348168","toID":"1348164","formEdgeID":null},{"edgeID":"1766170","fromID":"1348171","toID":"1348170","formEdgeID":null},{"edgeID":"1766171","fromID":"1348172","toID":"1348171","formEdgeID":null},{"edgeID":"1766172","fromID":"1348170","toID":"1348173","formEdgeID":null},{"edgeID":"1766173","fromID":"1348173","toID":"1348169","formEdgeID":null},{"edgeID":"1766174","fromID":"1348176","toID":"1348175","formEdgeID":null},{"edgeID":"1766175","fromID":"1348177","toID":"1348176","formEdgeID":null},{"edgeID":"1766176","fromID":"1348175","toID":"1348178","formEdgeID":null},{"edgeID":"1766177","fromID":"1348178","toID":"1348174","formEdgeID":null},{"edgeID":"1766178","fromID":"1348174","toID":"1348179","formEdgeID":null},{"edgeID":"1766179","fromID":"1348179","toID":"1348169","formEdgeID":null},{"edgeID":"1766180","fromID":"1348170","toID":"1348180","formEdgeID":null},{"edgeID":"1766181","fromID":"1348180","toID":"1348175","formEdgeID":null},{"edgeID":"1766182","fromID":"1348180","toID":"1348181","formEdgeID":null},{"edgeID":"1766183","fromID":"1348181","toID":"1348179","formEdgeID":null},{"edgeID":"1766184","fromID":"1348117","toID":"1348182","formEdgeID":null},{"edgeID":"1766185","fromID":"1348182","toID":"1348107","formEdgeID":null},{"edgeID":"1766186","fromID":"1348185","toID":"1348184","formEdgeID":null},{"edgeID":"1766187","fromID":"1348186","toID":"1348185","formEdgeID":null},{"edgeID":"1766188","fromID":"1348184","toID":"1348187","formEdgeID":null},{"edgeID":"1766189","fromID":"1348187","toID":"1348183","formEdgeID":null},{"edgeID":"1766190","fromID":"1348190","toID":"1348189","formEdgeID":null},{"edgeID":"1766191","fromID":"1348191","toID":"1348190","formEdgeID":null},{"edgeID":"1766192","fromID":"1348189","toID":"1348192","formEdgeID":null},{"edgeID":"1766193","fromID":"1348192","toID":"1348188","formEdgeID":null},{"edgeID":"1766194","fromID":"1348188","toID":"1348193","formEdgeID":null},{"edgeID":"1766195","fromID":"1348193","toID":"1348183","formEdgeID":null},{"edgeID":"1766196","fromID":"1348184","toID":"1348194","formEdgeID":null},{"edgeID":"1766197","fromID":"1348194","toID":"1348189","formEdgeID":null},{"edgeID":"1766198","fromID":"1348194","toID":"1348195","formEdgeID":null},{"edgeID":"1766199","fromID":"1348195","toID":"1348193","formEdgeID":null},{"edgeID":"1766200","fromID":"1348160","toID":"1348196","formEdgeID":null},{"edgeID":"1766201","fromID":"1348196","toID":"1348158","formEdgeID":null},{"edgeID":"1766202","fromID":"1348161","toID":"1348197","formEdgeID":null},{"edgeID":"1766203","fromID":"1348197","toID":"1348159","formEdgeID":null},{"edgeID":"1766204","fromID":"1348125","toID":"1348198","formEdgeID":null},{"edgeID":"1766205","fromID":"1348198","toID":"1348131","formEdgeID":null},{"edgeID":"1766206","fromID":"1348136","toID":"1348199","formEdgeID":null},{"edgeID":"1766207","fromID":"1348199","toID":"1348198","formEdgeID":null},{"edgeID":"1766208","fromID":"1348125","toID":"1348200","formEdgeID":null},{"edgeID":"1766209","fromID":"1348200","toID":"1348119","formEdgeID":null},{"edgeID":"1766210","fromID":"1348130","toID":"1348201","formEdgeID":null},{"edgeID":"1766211","fromID":"1348201","toID":"1348200","formEdgeID":null},{"edgeID":"1766212","fromID":"1348164","toID":"1348202","formEdgeID":null},{"edgeID":"1766213","fromID":"1348202","toID":"1348170","formEdgeID":null},{"edgeID":"1766214","fromID":"1348183","toID":"1348203","formEdgeID":null},{"edgeID":"1766215","fromID":"1348203","toID":"1348169","formEdgeID":null},{"edgeID":"1766216","fromID":"1348188","toID":"1348204","formEdgeID":null},{"edgeID":"1766217","fromID":"1348204","toID":"1348169","formEdgeID":null},{"edgeID":"1766218","fromID":"1348170","toID":"1348205","formEdgeID":null},{"edgeID":"1766219","fromID":"1348205","toID":"1348184","formEdgeID":null},{"edgeID":"1766220","fromID":"1348205","toID":"1348206","formEdgeID":null},{"edgeID":"1766221","fromID":"1348206","toID":"1348203","formEdgeID":null},{"edgeID":"1766222","fromID":"1348170","toID":"1348207","formEdgeID":null},{"edgeID":"1766223","fromID":"1348207","toID":"1348189","formEdgeID":null},{"edgeID":"1766224","fromID":"1348207","toID":"1348208","formEdgeID":null},{"edgeID":"1766225","fromID":"1348208","toID":"1348204","formEdgeID":null}],"locutions":[]}