{"nodes":[{"nodeID":"1333136","text":"Fiona Bruce: What do you think","type":"L","timestamp":"2023-11-09 13:41:56"},{"nodeID":"1333137","text":"Manchester was unfortunately beaten from hosting the Eurovision Song Contest","type":"I","timestamp":"2023-11-09 13:41:56"},{"nodeID":"1333138","text":"AudienceMember : Manchester was unfortunately beaten from hosting the Eurovision Song Contest","type":"L","timestamp":"2023-11-09 13:41:56"},{"nodeID":"1333139","text":"Analysing","type":"YA","timestamp":"2023-11-09 13:41:56"},{"nodeID":"1333140","text":"Lara : AudienceMember : Manchester was unfortunately beaten from hosting the Eurovision Song Contest","type":"L","timestamp":"2023-11-09 13:41:56"},{"nodeID":"1333141","text":"Asserting","type":"YA","timestamp":"2023-11-09 13:41:56"},{"nodeID":"1333142","text":"Liverpool or Glasgow should host the Eurovision Song Contest on behalf of Ukraine","type":"I","timestamp":"2023-11-09 13:41:57"},{"nodeID":"1333143","text":"AudienceMember : Which city do you think should host on behalf of Ukraine: Liverpool or Glasgow","type":"L","timestamp":"2023-11-09 13:41:57"},{"nodeID":"1333144","text":"Analysing","type":"YA","timestamp":"2023-11-09 13:41:57"},{"nodeID":"1333145","text":"Lara : AudienceMember : Which city do you think should host on behalf of Ukraine: Liverpool or Glasgow","type":"L","timestamp":"2023-11-09 13:41:57"},{"nodeID":"1333146","text":"Pure Questioning","type":"YA","timestamp":"2023-11-09 13:41:57"},{"nodeID":"1333147","text":"AudienceMember thinks Liverpool or Glasgow should host on behalf of Ukraine","type":"I","timestamp":"2023-11-09 13:41:57"},{"nodeID":"1333148","text":"Analysing","type":"YA","timestamp":"2023-11-09 13:41:57"},{"nodeID":"1333149","text":"Lara : Fiona Bruce: what do you think","type":"L","timestamp":"2023-11-09 13:41:57"},{"nodeID":"1333150","text":"Pure Questioning","type":"YA","timestamp":"2023-11-09 13:41:57"},{"nodeID":"1333151","text":"Default Transition","type":"TA","timestamp":"2023-11-09 13:41:57"},{"nodeID":"1333152","text":"Liverpool should host on behalf of Ukraine","type":"I","timestamp":"2023-11-09 13:41:58"},{"nodeID":"1333153","text":"AudienceMember : Liverpool","type":"L","timestamp":"2023-11-09 13:41:58"},{"nodeID":"1333154","text":"Analysing","type":"YA","timestamp":"2023-11-09 13:41:58"},{"nodeID":"1333155","text":"Lara : AudienceMember : Liverpool","type":"L","timestamp":"2023-11-09 13:41:58"},{"nodeID":"1333156","text":"Asserting","type":"YA","timestamp":"2023-11-09 13:41:58"},{"nodeID":"1333157","text":"Default Transition","type":"TA","timestamp":"2023-11-09 13:41:58"},{"nodeID":"1333158","text":"Default Rephrase","type":"MA","timestamp":"2023-11-09 13:41:58"},{"nodeID":"1333159","text":"Default Transition","type":"TA","timestamp":"2023-11-09 13:41:58"},{"nodeID":"1333160","text":"Default Illocuting","type":"YA","timestamp":"2023-11-09 13:41:58"},{"nodeID":"1333161","text":"AudienceMember's other half lives in Liverpool","type":"I","timestamp":"2023-11-09 13:41:59"},{"nodeID":"1333162","text":"AudienceMember : That's where my other half lives","type":"L","timestamp":"2023-11-09 13:41:59"},{"nodeID":"1333163","text":"Analysing","type":"YA","timestamp":"2023-11-09 13:41:59"},{"nodeID":"1333164","text":"Lara : AudienceMember : That's where my other half lives","type":"L","timestamp":"2023-11-09 13:41:59"},{"nodeID":"1333165","text":"Asserting","type":"YA","timestamp":"2023-11-09 13:41:59"},{"nodeID":"1333166","text":"Default Rephrase","type":"MA","timestamp":"2023-11-09 13:41:59"},{"nodeID":"1333167","text":"Default Transition","type":"TA","timestamp":"2023-11-09 13:41:59"},{"nodeID":"1333168","text":"Restating","type":"YA","timestamp":"2023-11-09 13:41:59"},{"nodeID":"1333169","text":"Karan Bilimoria didn't hear the question","type":"I","timestamp":"2023-11-09 13:41:59"},{"nodeID":"1333170","text":"Karan Bilimoria: I didn't hear the question","type":"L","timestamp":"2023-11-09 13:41:59"},{"nodeID":"1333171","text":"Analysing","type":"YA","timestamp":"2023-11-09 13:41:59"},{"nodeID":"1333172","text":"Lara : Karan Bilimoria: I didn't hear the question","type":"L","timestamp":"2023-11-09 13:41:59"},{"nodeID":"1333173","text":"Asserting","type":"YA","timestamp":"2023-11-09 13:41:59"},{"nodeID":"1333174","text":"it is about the Eurovision Song Contest, Liverpool or Glasgow","type":"I","timestamp":"2023-11-09 13:42:00"},{"nodeID":"1333175","text":"Fiona Bruce: It is about the Eurovision Song Contest, Liverpool or Glasgow","type":"L","timestamp":"2023-11-09 13:42:00"},{"nodeID":"1333176","text":"Analysing","type":"YA","timestamp":"2023-11-09 13:42:00"},{"nodeID":"1333177","text":"Lara : Fiona Bruce: It is about the Eurovision Song Contest, Liverpool or Glasgow","type":"L","timestamp":"2023-11-09 13:42:00"},{"nodeID":"1333178","text":"Asserting","type":"YA","timestamp":"2023-11-09 13:42:00"},{"nodeID":"1333179","text":"Default Rephrase","type":"MA","timestamp":"2023-11-09 13:42:00"},{"nodeID":"1333180","text":"Default Transition","type":"TA","timestamp":"2023-11-09 13:42:00"},{"nodeID":"1333181","text":"Restating","type":"YA","timestamp":"2023-11-09 13:42:00"},{"nodeID":"1333182","text":"Karan Bilimoria loves both Glasgow and Liverpool","type":"I","timestamp":"2023-11-09 13:42:00"},{"nodeID":"1333183","text":"Karan Bilimoria:  I love both cities","type":"L","timestamp":"2023-11-09 13:42:00"},{"nodeID":"1333184","text":"Analysing","type":"YA","timestamp":"2023-11-09 13:42:00"},{"nodeID":"1333185","text":"Lara : Karan Bilimoria:  I love both cities","type":"L","timestamp":"2023-11-09 13:42:00"},{"nodeID":"1333186","text":"Asserting","type":"YA","timestamp":"2023-11-09 13:42:00"},{"nodeID":"1333187","text":"Fiona Bruce: Come on","type":"L","timestamp":"2023-11-09 13:42:00"},{"nodeID":"1333188","text":"Analysing","type":"YA","timestamp":"2023-11-09 13:42:00"},{"nodeID":"1333189","text":"Lara : Fiona Bruce: Come on","type":"L","timestamp":"2023-11-09 13:42:00"},{"nodeID":"1333190","text":"Challenging","type":"YA","timestamp":"2023-11-09 13:42:00"},{"nodeID":"1333191","text":"Karan Bilimoria was in Glasgow for COP26","type":"I","timestamp":"2023-11-09 13:42:01"},{"nodeID":"1333192","text":"Karan Bilimoria: I was in Glasgow for COP26","type":"L","timestamp":"2023-11-09 13:42:01"},{"nodeID":"1333193","text":"Analysing","type":"YA","timestamp":"2023-11-09 13:42:01"},{"nodeID":"1333194","text":"Lara : Karan Bilimoria: I was in Glasgow for COP26","type":"L","timestamp":"2023-11-09 13:42:01"},{"nodeID":"1333195","text":"Asserting","type":"YA","timestamp":"2023-11-09 13:42:01"},{"nodeID":"1333196","text":"Default Transition","type":"TA","timestamp":"2023-11-09 13:42:01"},{"nodeID":"1333197","text":"Default Transition","type":"TA","timestamp":"2023-11-09 13:42:01"},{"nodeID":"1333198","text":"Default Transition","type":"TA","timestamp":"2023-11-09 13:42:01"},{"nodeID":"1333199","text":"Karan Bilimoria loved Glasgow","type":"I","timestamp":"2023-11-09 13:42:02"},{"nodeID":"1333200","text":"Karan Bilimoria: I loved the city","type":"L","timestamp":"2023-11-09 13:42:02"},{"nodeID":"1333201","text":"Analysing","type":"YA","timestamp":"2023-11-09 13:42:02"},{"nodeID":"1333202","text":"Lara : Karan Bilimoria: I loved the city","type":"L","timestamp":"2023-11-09 13:42:02"},{"nodeID":"1333203","text":"Asserting","type":"YA","timestamp":"2023-11-09 13:42:02"},{"nodeID":"1333204","text":"Default Transition","type":"TA","timestamp":"2023-11-09 13:42:02"},{"nodeID":"1333205","text":"Bridget Philipson just had a brilliant week at Labour Party Conference in Liverpool","type":"I","timestamp":"2023-11-09 13:42:02"},{"nodeID":"1333206","text":"Bridget Philipson: I just had a brilliant week at Labour Party Conference in Liverpool","type":"L","timestamp":"2023-11-09 13:42:02"},{"nodeID":"1333207","text":"Analysing","type":"YA","timestamp":"2023-11-09 13:42:02"},{"nodeID":"1333208","text":"Lara : Bridget Philipson: I just had a brilliant week at Labour Party Conference in Liverpool","type":"L","timestamp":"2023-11-09 13:42:02"},{"nodeID":"1333209","text":"Asserting","type":"YA","timestamp":"2023-11-09 13:42:02"},{"nodeID":"1333210","text":"Liverpool is a fantastic city","type":"I","timestamp":"2023-11-09 13:42:03"},{"nodeID":"1333211","text":"Bridget Philipson: a fantastic city","type":"L","timestamp":"2023-11-09 13:42:03"},{"nodeID":"1333212","text":"Analysing","type":"YA","timestamp":"2023-11-09 13:42:03"},{"nodeID":"1333213","text":"Lara : Bridget Philipson: a fantastic city","type":"L","timestamp":"2023-11-09 13:42:03"},{"nodeID":"1333214","text":"Asserting","type":"YA","timestamp":"2023-11-09 13:42:03"},{"nodeID":"1333215","text":"Bridget Philipson's grandad grew up in Glasgow","type":"I","timestamp":"2023-11-09 13:42:03"},{"nodeID":"1333216","text":"Bridget Philipson: my grandad grew up in Glasgow","type":"L","timestamp":"2023-11-09 13:42:03"},{"nodeID":"1333217","text":"Analysing","type":"YA","timestamp":"2023-11-09 13:42:03"},{"nodeID":"1333218","text":"Lara : Bridget Philipson: my grandad grew up in Glasgow","type":"L","timestamp":"2023-11-09 13:42:03"},{"nodeID":"1333219","text":"Asserting","type":"YA","timestamp":"2023-11-09 13:42:03"},{"nodeID":"1333220","text":"Glasgow has got a special place in my heart","type":"I","timestamp":"2023-11-09 13:42:04"},{"nodeID":"1333221","text":"Bridget Philipson: Glasgow has got a special place in my heart","type":"L","timestamp":"2023-11-09 13:42:04"},{"nodeID":"1333222","text":"Analysing","type":"YA","timestamp":"2023-11-09 13:42:04"},{"nodeID":"1333223","text":"Lara : Bridget Philipson: Glasgow has got a special place in my heart","type":"L","timestamp":"2023-11-09 13:42:04"},{"nodeID":"1333224","text":"Asserting","type":"YA","timestamp":"2023-11-09 13:42:04"},{"nodeID":"1333225","text":"Default Rephrase","type":"MA","timestamp":"2023-11-09 13:42:04"},{"nodeID":"1333226","text":"Restating","type":"YA","timestamp":"2023-11-09 13:42:04"},{"nodeID":"1333227","text":"Default Inference","type":"RA","timestamp":"2023-11-09 13:42:04"},{"nodeID":"1333228","text":"Default Transition","type":"TA","timestamp":"2023-11-09 13:42:04"},{"nodeID":"1333229","text":"Arguing","type":"YA","timestamp":"2023-11-09 13:42:04"},{"nodeID":"1333230","text":"Default Inference","type":"RA","timestamp":"2023-11-09 13:42:04"},{"nodeID":"1333231","text":"Arguing","type":"YA","timestamp":"2023-11-09 13:42:04"},{"nodeID":"1333232","text":"Default Inference","type":"RA","timestamp":"2023-11-09 13:42:04"},{"nodeID":"1333233","text":"Default Transition","type":"TA","timestamp":"2023-11-09 13:42:04"},{"nodeID":"1333234","text":"Arguing","type":"YA","timestamp":"2023-11-09 13:42:04"},{"nodeID":"1333235","text":"Default Transition","type":"TA","timestamp":"2023-11-09 13:42:04"},{"nodeID":"1333236","text":"Default Transition","type":"TA","timestamp":"2023-11-09 13:42:04"},{"nodeID":"1333237","text":"Default Transition","type":"TA","timestamp":"2023-11-09 13:42:04"}],"edges":[{"edgeID":"1748202","fromID":"1333139","toID":"1333138","formEdgeID":null},{"edgeID":"1748203","fromID":"1333140","toID":"1333139","formEdgeID":null},{"edgeID":"1748204","fromID":"1333138","toID":"1333141","formEdgeID":null},{"edgeID":"1748205","fromID":"1333141","toID":"1333137","formEdgeID":null},{"edgeID":"1748206","fromID":"1333144","toID":"1333143","formEdgeID":null},{"edgeID":"1748207","fromID":"1333145","toID":"1333144","formEdgeID":null},{"edgeID":"1748208","fromID":"1333143","toID":"1333146","formEdgeID":null},{"edgeID":"1748209","fromID":"1333146","toID":"1333142","formEdgeID":null},{"edgeID":"1748210","fromID":"1333148","toID":"1333136","formEdgeID":null},{"edgeID":"1748211","fromID":"1333149","toID":"1333148","formEdgeID":null},{"edgeID":"1748212","fromID":"1333136","toID":"1333150","formEdgeID":null},{"edgeID":"1748213","fromID":"1333150","toID":"1333147","formEdgeID":null},{"edgeID":"1748214","fromID":"1333143","toID":"1333151","formEdgeID":null},{"edgeID":"1748215","fromID":"1333151","toID":"1333136","formEdgeID":null},{"edgeID":"1748216","fromID":"1333154","toID":"1333153","formEdgeID":null},{"edgeID":"1748217","fromID":"1333155","toID":"1333154","formEdgeID":null},{"edgeID":"1748218","fromID":"1333153","toID":"1333156","formEdgeID":null},{"edgeID":"1748219","fromID":"1333156","toID":"1333152","formEdgeID":null},{"edgeID":"1748220","fromID":"1333138","toID":"1333157","formEdgeID":null},{"edgeID":"1748221","fromID":"1333157","toID":"1333143","formEdgeID":null},{"edgeID":"1748222","fromID":"1333152","toID":"1333158","formEdgeID":null},{"edgeID":"1748223","fromID":"1333158","toID":"1333147","formEdgeID":null},{"edgeID":"1748224","fromID":"1333136","toID":"1333159","formEdgeID":null},{"edgeID":"1748225","fromID":"1333159","toID":"1333153","formEdgeID":null},{"edgeID":"1748226","fromID":"1333159","toID":"1333160","formEdgeID":null},{"edgeID":"1748227","fromID":"1333160","toID":"1333158","formEdgeID":null},{"edgeID":"1748228","fromID":"1333163","toID":"1333162","formEdgeID":null},{"edgeID":"1748229","fromID":"1333164","toID":"1333163","formEdgeID":null},{"edgeID":"1748230","fromID":"1333162","toID":"1333165","formEdgeID":null},{"edgeID":"1748231","fromID":"1333165","toID":"1333161","formEdgeID":null},{"edgeID":"1748232","fromID":"1333161","toID":"1333166","formEdgeID":null},{"edgeID":"1748233","fromID":"1333166","toID":"1333152","formEdgeID":null},{"edgeID":"1748234","fromID":"1333153","toID":"1333167","formEdgeID":null},{"edgeID":"1748235","fromID":"1333167","toID":"1333162","formEdgeID":null},{"edgeID":"1748236","fromID":"1333167","toID":"1333168","formEdgeID":null},{"edgeID":"1748237","fromID":"1333168","toID":"1333166","formEdgeID":null},{"edgeID":"1748238","fromID":"1333171","toID":"1333170","formEdgeID":null},{"edgeID":"1748239","fromID":"1333172","toID":"1333171","formEdgeID":null},{"edgeID":"1748240","fromID":"1333170","toID":"1333173","formEdgeID":null},{"edgeID":"1748241","fromID":"1333173","toID":"1333169","formEdgeID":null},{"edgeID":"1748242","fromID":"1333176","toID":"1333175","formEdgeID":null},{"edgeID":"1748243","fromID":"1333177","toID":"1333176","formEdgeID":null},{"edgeID":"1748244","fromID":"1333175","toID":"1333178","formEdgeID":null},{"edgeID":"1748245","fromID":"1333178","toID":"1333174","formEdgeID":null},{"edgeID":"1748246","fromID":"1333174","toID":"1333179","formEdgeID":null},{"edgeID":"1748247","fromID":"1333179","toID":"1333142","formEdgeID":null},{"edgeID":"1748248","fromID":"1333143","toID":"1333180","formEdgeID":null},{"edgeID":"1748249","fromID":"1333180","toID":"1333175","formEdgeID":null},{"edgeID":"1748250","fromID":"1333180","toID":"1333181","formEdgeID":null},{"edgeID":"1748251","fromID":"1333181","toID":"1333179","formEdgeID":null},{"edgeID":"1748252","fromID":"1333184","toID":"1333183","formEdgeID":null},{"edgeID":"1748253","fromID":"1333185","toID":"1333184","formEdgeID":null},{"edgeID":"1748254","fromID":"1333183","toID":"1333186","formEdgeID":null},{"edgeID":"1748255","fromID":"1333186","toID":"1333182","formEdgeID":null},{"edgeID":"1748256","fromID":"1333188","toID":"1333187","formEdgeID":null},{"edgeID":"1748257","fromID":"1333189","toID":"1333188","formEdgeID":null},{"edgeID":"1748258","fromID":"1333187","toID":"1333190","formEdgeID":null},{"edgeID":"1748259","fromID":"1333190","toID":"1333182","formEdgeID":null},{"edgeID":"1748260","fromID":"1333193","toID":"1333192","formEdgeID":null},{"edgeID":"1748261","fromID":"1333194","toID":"1333193","formEdgeID":null},{"edgeID":"1748262","fromID":"1333192","toID":"1333195","formEdgeID":null},{"edgeID":"1748263","fromID":"1333195","toID":"1333191","formEdgeID":null},{"edgeID":"1748264","fromID":"1333175","toID":"1333196","formEdgeID":null},{"edgeID":"1748265","fromID":"1333196","toID":"1333183","formEdgeID":null},{"edgeID":"1748266","fromID":"1333183","toID":"1333197","formEdgeID":null},{"edgeID":"1748267","fromID":"1333197","toID":"1333187","formEdgeID":null},{"edgeID":"1748268","fromID":"1333187","toID":"1333198","formEdgeID":null},{"edgeID":"1748269","fromID":"1333198","toID":"1333192","formEdgeID":null},{"edgeID":"1748270","fromID":"1333201","toID":"1333200","formEdgeID":null},{"edgeID":"1748271","fromID":"1333202","toID":"1333201","formEdgeID":null},{"edgeID":"1748272","fromID":"1333200","toID":"1333203","formEdgeID":null},{"edgeID":"1748273","fromID":"1333203","toID":"1333199","formEdgeID":null},{"edgeID":"1748274","fromID":"1333192","toID":"1333204","formEdgeID":null},{"edgeID":"1748275","fromID":"1333204","toID":"1333200","formEdgeID":null},{"edgeID":"1748276","fromID":"1333207","toID":"1333206","formEdgeID":null},{"edgeID":"1748277","fromID":"1333208","toID":"1333207","formEdgeID":null},{"edgeID":"1748278","fromID":"1333206","toID":"1333209","formEdgeID":null},{"edgeID":"1748279","fromID":"1333209","toID":"1333205","formEdgeID":null},{"edgeID":"1748280","fromID":"1333212","toID":"1333211","formEdgeID":null},{"edgeID":"1748281","fromID":"1333213","toID":"1333212","formEdgeID":null},{"edgeID":"1748282","fromID":"1333211","toID":"1333214","formEdgeID":null},{"edgeID":"1748283","fromID":"1333214","toID":"1333210","formEdgeID":null},{"edgeID":"1748284","fromID":"1333217","toID":"1333216","formEdgeID":null},{"edgeID":"1748285","fromID":"1333218","toID":"1333217","formEdgeID":null},{"edgeID":"1748286","fromID":"1333216","toID":"1333219","formEdgeID":null},{"edgeID":"1748287","fromID":"1333219","toID":"1333215","formEdgeID":null},{"edgeID":"1748288","fromID":"1333222","toID":"1333221","formEdgeID":null},{"edgeID":"1748289","fromID":"1333223","toID":"1333222","formEdgeID":null},{"edgeID":"1748290","fromID":"1333221","toID":"1333224","formEdgeID":null},{"edgeID":"1748291","fromID":"1333224","toID":"1333220","formEdgeID":null},{"edgeID":"1748292","fromID":"1333182","toID":"1333225","formEdgeID":null},{"edgeID":"1748293","fromID":"1333225","toID":"1333174","formEdgeID":null},{"edgeID":"1748294","fromID":"1333196","toID":"1333226","formEdgeID":null},{"edgeID":"1748295","fromID":"1333226","toID":"1333225","formEdgeID":null},{"edgeID":"1748296","fromID":"1333205","toID":"1333227","formEdgeID":null},{"edgeID":"1748297","fromID":"1333227","toID":"1333210","formEdgeID":null},{"edgeID":"1748298","fromID":"1333206","toID":"1333228","formEdgeID":null},{"edgeID":"1748299","fromID":"1333228","toID":"1333211","formEdgeID":null},{"edgeID":"1748300","fromID":"1333228","toID":"1333229","formEdgeID":null},{"edgeID":"1748301","fromID":"1333229","toID":"1333227","formEdgeID":null},{"edgeID":"1748302","fromID":"1333191","toID":"1333230","formEdgeID":null},{"edgeID":"1748303","fromID":"1333230","toID":"1333199","formEdgeID":null},{"edgeID":"1748304","fromID":"1333204","toID":"1333231","formEdgeID":null},{"edgeID":"1748305","fromID":"1333231","toID":"1333230","formEdgeID":null},{"edgeID":"1748306","fromID":"1333215","toID":"1333232","formEdgeID":null},{"edgeID":"1748307","fromID":"1333232","toID":"1333220","formEdgeID":null},{"edgeID":"1748308","fromID":"1333216","toID":"1333233","formEdgeID":null},{"edgeID":"1748309","fromID":"1333233","toID":"1333221","formEdgeID":null},{"edgeID":"1748310","fromID":"1333233","toID":"1333234","formEdgeID":null},{"edgeID":"1748311","fromID":"1333234","toID":"1333232","formEdgeID":null},{"edgeID":"1748312","fromID":"1333211","toID":"1333235","formEdgeID":null},{"edgeID":"1748313","fromID":"1333235","toID":"1333216","formEdgeID":null},{"edgeID":"1748314","fromID":"1333162","toID":"1333236","formEdgeID":null},{"edgeID":"1748315","fromID":"1333236","toID":"1333170","formEdgeID":null},{"edgeID":"1748316","fromID":"1333200","toID":"1333237","formEdgeID":null},{"edgeID":"1748317","fromID":"1333237","toID":"1333206","formEdgeID":null}],"locutions":[]}