{"nodes":[{"nodeID":"1331295","text":"xxx is what anyone has to say on mortgages in particular","type":"I","timestamp":"2023-11-09 13:39:26"},{"nodeID":"1331296","text":"Fiona Bruce: Has anyone got anything to say on mortgages in particular","type":"L","timestamp":"2023-11-09 13:39:26"},{"nodeID":"1331297","text":"Analysing","type":"YA","timestamp":"2023-11-09 13:39:26"},{"nodeID":"1331298","text":"Calum: Fiona Bruce: Has anyone got anything to say on mortgages in particular","type":"L","timestamp":"2023-11-09 13:39:26"},{"nodeID":"1331299","text":"Pure Questioning","type":"YA","timestamp":"2023-11-09 13:39:26"},{"nodeID":"1331300","text":"AudienceMember 20221006QT62 wants to know what the plan is for mortgages","type":"I","timestamp":"2023-11-09 13:39:26"},{"nodeID":"1331301","text":"AudienceMember 20221006QT62:  I want to know what the plan is for mortgages","type":"L","timestamp":"2023-11-09 13:39:26"},{"nodeID":"1331302","text":"Analysing","type":"YA","timestamp":"2023-11-09 13:39:26"},{"nodeID":"1331303","text":"Calum: AudienceMember 20221006QT60:  I want to know what the plan is for mortgages","type":"L","timestamp":"2023-11-09 13:39:26"},{"nodeID":"1331304","text":"Asserting","type":"YA","timestamp":"2023-11-09 13:39:26"},{"nodeID":"1331305","text":"AudienceMember 20221006QT62 was in the process of getting a mortgage as a young person","type":"I","timestamp":"2023-11-09 13:39:27"},{"nodeID":"1331306","text":"AudienceMember 20221006QT62:  I was in the process of getting a mortgage as a young person","type":"L","timestamp":"2023-11-09 13:39:27"},{"nodeID":"1331307","text":"Analysing","type":"YA","timestamp":"2023-11-09 13:39:27"},{"nodeID":"1331308","text":"Calum: AudienceMember 20221006QT60:  I was in the process of getting a mortgage as a young person","type":"L","timestamp":"2023-11-09 13:39:27"},{"nodeID":"1331309","text":"Asserting","type":"YA","timestamp":"2023-11-09 13:39:27"},{"nodeID":"1331310","text":"AudienceMember 20221006QT62 was told their initial interest rate would be 4.5%","type":"I","timestamp":"2023-11-09 13:39:27"},{"nodeID":"1331311","text":"AudienceMember 20221006QT62: I was told my initial interest rate would be 4.5%","type":"L","timestamp":"2023-11-09 13:39:27"},{"nodeID":"1331312","text":"Analysing","type":"YA","timestamp":"2023-11-09 13:39:27"},{"nodeID":"1331313","text":"Calum: AudienceMember 20221006QT60: I was told my initial interest rate would be 4.5%","type":"L","timestamp":"2023-11-09 13:39:27"},{"nodeID":"1331314","text":"Asserting","type":"YA","timestamp":"2023-11-09 13:39:27"},{"nodeID":"1331315","text":"AudienceMember 20221006QT62 was told today that the lender has pulled the offer and the best they can get is 10.5%","type":"I","timestamp":"2023-11-09 13:39:28"},{"nodeID":"1331316","text":"AudienceMember 20221006QT62: I was told today that the lender has pulled the offer and the best I can get is 10.5%","type":"L","timestamp":"2023-11-09 13:39:28"},{"nodeID":"1331317","text":"Analysing","type":"YA","timestamp":"2023-11-09 13:39:28"},{"nodeID":"1331318","text":"Calum: AudienceMember 20221006QT60: I was told today that the lender has pulled the offer and the best I can get is 10.5%","type":"L","timestamp":"2023-11-09 13:39:28"},{"nodeID":"1331319","text":"Asserting","type":"YA","timestamp":"2023-11-09 13:39:28"},{"nodeID":"1331320","text":"the lender is saying you need to look at putting your application through","type":"I","timestamp":"2023-11-09 13:39:29"},{"nodeID":"1331321","text":"Calum: AudienceMember 20221006QT60: They are saying you need to look at putting your application through","type":"L","timestamp":"2023-11-09 13:39:29"},{"nodeID":"1331322","text":"AudienceMember 20221006QT62: They are saying you need to look at putting your application through","type":"L","timestamp":"2023-11-09 13:39:29"},{"nodeID":"1331323","text":"Analysing","type":"YA","timestamp":"2023-11-09 13:39:29"},{"nodeID":"1331324","text":"Asserting","type":"YA","timestamp":"2023-11-09 13:39:29"},{"nodeID":"1331325","text":"the lenders may pull these offers","type":"I","timestamp":"2023-11-09 13:39:29"},{"nodeID":"1331326","text":"AudienceMember 20221006QT62: the lenders may pull these offers","type":"L","timestamp":"2023-11-09 13:39:29"},{"nodeID":"1331327","text":"Analysing","type":"YA","timestamp":"2023-11-09 13:39:29"},{"nodeID":"1331328","text":"Calum: AudienceMember 20221006QT60: the lenders may pull these offers","type":"L","timestamp":"2023-11-09 13:39:29"},{"nodeID":"1331329","text":"Asserting","type":"YA","timestamp":"2023-11-09 13:39:29"},{"nodeID":"1331330","text":"as a first time buyer AudienceMember 20221006QT62 does not think they can afford to get a mortgage","type":"I","timestamp":"2023-11-09 13:39:30"},{"nodeID":"1331331","text":"AudienceMember 20221006QT62: as a first time buyer, I don't think I can afford to get a mortgage","type":"L","timestamp":"2023-11-09 13:39:30"},{"nodeID":"1331332","text":"Analysing","type":"YA","timestamp":"2023-11-09 13:39:30"},{"nodeID":"1331333","text":"Calum: AudienceMember 20221006QT60: as a first time buyer, I don't think I can afford to get a mortgage","type":"L","timestamp":"2023-11-09 13:39:30"},{"nodeID":"1331334","text":"Asserting","type":"YA","timestamp":"2023-11-09 13:39:30"},{"nodeID":"1331335","text":"Default Transition","type":"TA","timestamp":"2023-11-09 13:39:30"},{"nodeID":"1331336","text":"Default Transition","type":"TA","timestamp":"2023-11-09 13:39:30"},{"nodeID":"1331337","text":"Default Transition","type":"TA","timestamp":"2023-11-09 13:39:30"},{"nodeID":"1331338","text":"Default Conflict","type":"CA","timestamp":"2023-11-09 13:39:30"},{"nodeID":"1331339","text":"Disagreeing","type":"YA","timestamp":"2023-11-09 13:39:30"},{"nodeID":"1331340","text":"Default Transition","type":"TA","timestamp":"2023-11-09 13:39:30"},{"nodeID":"1331341","text":"Default Transition","type":"TA","timestamp":"2023-11-09 13:39:30"},{"nodeID":"1331342","text":"Default Inference","type":"RA","timestamp":"2023-11-09 13:39:30"},{"nodeID":"1331343","text":"Arguing","type":"YA","timestamp":"2023-11-09 13:39:30"},{"nodeID":"1331344","text":"Default Transition","type":"TA","timestamp":"2023-11-09 13:39:30"},{"nodeID":"1331345","text":"Default Inference","type":"RA","timestamp":"2023-11-09 13:39:30"},{"nodeID":"1331346","text":"Default Transition","type":"TA","timestamp":"2023-11-09 13:39:30"},{"nodeID":"1331347","text":"Default Transition","type":"TA","timestamp":"2023-11-09 13:39:30"},{"nodeID":"1331348","text":"Arguing","type":"YA","timestamp":"2023-11-09 13:39:30"},{"nodeID":"1331349","text":"the mortgage offer has or has not changed since Friday","type":"I","timestamp":"2023-11-09 13:39:30"},{"nodeID":"1331350","text":"Richard Bacon: Is that since Friday","type":"L","timestamp":"2023-11-09 13:39:30"},{"nodeID":"1331351","text":"Calum: Richard Bacon: Is that since Friday","type":"L","timestamp":"2023-11-09 13:39:30"},{"nodeID":"1331352","text":"Analysing","type":"YA","timestamp":"2023-11-09 13:39:30"},{"nodeID":"1331353","text":"Pure Questioning","type":"YA","timestamp":"2023-11-09 13:39:30"},{"nodeID":"1331354","text":"Default Transition","type":"TA","timestamp":"2023-11-09 13:39:30"},{"nodeID":"1331355","text":"AudienceMember 20221006QT63 was given their initial rate about 2 weeks ago","type":"I","timestamp":"2023-11-09 13:39:31"},{"nodeID":"1331356","text":"AudienceMember 20221006QT63: I was given this initial rate about 2 weeks ago","type":"L","timestamp":"2023-11-09 13:39:31"},{"nodeID":"1331357","text":"Analysing","type":"YA","timestamp":"2023-11-09 13:39:31"},{"nodeID":"1331358","text":"Calum: AudienceMember 20221006QT63: I was given this initial rate about 2 weeks ago","type":"L","timestamp":"2023-11-09 13:39:31"},{"nodeID":"1331359","text":"Asserting","type":"YA","timestamp":"2023-11-09 13:39:31"},{"nodeID":"1331360","text":"AudienceMember 20221006QT63 was in the process of getting the documentation together and making sure that everything was correct and ID and all those things","type":"I","timestamp":"2023-11-09 13:39:32"},{"nodeID":"1331361","text":"AudienceMember 20221006QT63: We were in the process of getting the documentation together and making sure that everything was correct and ID and all those things","type":"L","timestamp":"2023-11-09 13:39:32"},{"nodeID":"1331362","text":"Analysing","type":"YA","timestamp":"2023-11-09 13:39:32"},{"nodeID":"1331363","text":"Calum: AudienceMember 20221006QT63: We were in the process of getting the documentation together and making sure that everything was correct and ID and all those things","type":"L","timestamp":"2023-11-09 13:39:32"},{"nodeID":"1331364","text":"Asserting","type":"YA","timestamp":"2023-11-09 13:39:32"},{"nodeID":"1331365","text":"AudienceMember 20221006QT63 was told today that the lenders are pulling those offers","type":"I","timestamp":"2023-11-09 13:39:32"},{"nodeID":"1331366","text":"AudienceMember 20221006QT63: today I was told the lenders are pulling those offers","type":"L","timestamp":"2023-11-09 13:39:32"},{"nodeID":"1331367","text":"Analysing","type":"YA","timestamp":"2023-11-09 13:39:32"},{"nodeID":"1331368","text":"Calum: AudienceMember 20221006QT63: today I was told the lenders are pulling those offers","type":"L","timestamp":"2023-11-09 13:39:32"},{"nodeID":"1331369","text":"Asserting","type":"YA","timestamp":"2023-11-09 13:39:32"},{"nodeID":"1331370","text":"the mortgage offers are no longer there","type":"I","timestamp":"2023-11-09 13:39:33"},{"nodeID":"1331371","text":"AudienceMember 20221006QT63: Those offers are no longer there","type":"L","timestamp":"2023-11-09 13:39:33"},{"nodeID":"1331372","text":"Analysing","type":"YA","timestamp":"2023-11-09 13:39:33"},{"nodeID":"1331373","text":"Calum: AudienceMember 20221006QT63: Those offers are no longer there","type":"L","timestamp":"2023-11-09 13:39:33"},{"nodeID":"1331374","text":"Asserting","type":"YA","timestamp":"2023-11-09 13:39:33"},{"nodeID":"1331375","text":"Default Transition","type":"TA","timestamp":"2023-11-09 13:39:33"},{"nodeID":"1331376","text":"Default Rephrase","type":"MA","timestamp":"2023-11-09 13:39:33"},{"nodeID":"1331377","text":"Restating","type":"YA","timestamp":"2023-11-09 13:39:33"},{"nodeID":"1331378","text":"Default Transition","type":"TA","timestamp":"2023-11-09 13:39:33"},{"nodeID":"1331379","text":"Default Rephrase","type":"MA","timestamp":"2023-11-09 13:39:33"},{"nodeID":"1331380","text":"Restating","type":"YA","timestamp":"2023-11-09 13:39:33"},{"nodeID":"1331381","text":"Default Transition","type":"TA","timestamp":"2023-11-09 13:39:33"},{"nodeID":"1331382","text":"Default Transition","type":"TA","timestamp":"2023-11-09 13:39:33"},{"nodeID":"1331383","text":"xxx is what the lenders are saying to AudienceMember 20221006QT63","type":"I","timestamp":"2023-11-09 13:39:33"},{"nodeID":"1331384","text":"Fiona Bruce: What are they saying to you","type":"L","timestamp":"2023-11-09 13:39:33"},{"nodeID":"1331385","text":"Calum: Fiona Bruce: What are they saying to you","type":"L","timestamp":"2023-11-09 13:39:33"},{"nodeID":"1331386","text":"Analysing","type":"YA","timestamp":"2023-11-09 13:39:33"},{"nodeID":"1331387","text":"Pure Questioning","type":"YA","timestamp":"2023-11-09 13:39:33"},{"nodeID":"1331388","text":"Default Transition","type":"TA","timestamp":"2023-11-09 13:39:33"},{"nodeID":"1331389","text":"the lenders are pulling the mortgage offers and now the best offer is about 10.4%","type":"I","timestamp":"2023-11-09 13:39:34"},{"nodeID":"1331390","text":"AudienceMember 20221006QT64: They are saying the lenders are pulling the offers and now the best offer we have is about 10.4%","type":"L","timestamp":"2023-11-09 13:39:34"},{"nodeID":"1331391","text":"Analysing","type":"YA","timestamp":"2023-11-09 13:39:34"},{"nodeID":"1331392","text":"Calum: AudienceMember 20221006QT63: They are saying the lenders are pulling the offers and now the best offer we have is about 10.4%","type":"L","timestamp":"2023-11-09 13:39:34"},{"nodeID":"1331393","text":"Mortgage Lender: the lenders are pulling the offers and now the best offer we have is about 10.4%","type":"L","timestamp":"2023-11-09 13:39:34"},{"nodeID":"1331394","text":"Calum: Mortgage Lender: They are saying the lenders are pulling the offers and now the best offer we have is about 10.4%","type":"L","timestamp":"2023-11-09 13:39:34"},{"nodeID":"1331395","text":"Analysing","type":"YA","timestamp":"2023-11-09 13:39:34"},{"nodeID":"1331396","text":"Asserting","type":"YA","timestamp":"2023-11-09 13:39:34"},{"nodeID":"1331397","text":"Asserting","type":"YA","timestamp":"2023-11-09 13:39:34"},{"nodeID":"1331398","text":"Default Transition","type":"TA","timestamp":"2023-11-09 13:39:34"},{"nodeID":"1331399","text":"Default Rephrase","type":"MA","timestamp":"2023-11-09 13:39:34"},{"nodeID":"1331400","text":"Default Illocuting","type":"YA","timestamp":"2023-11-09 13:39:34"},{"nodeID":"1331401","text":"mortgage rates going up is or is not why Paul Scully is comfortable in here","type":"I","timestamp":"2023-11-09 13:39:35"},{"nodeID":"1331402","text":"Richard Bacon: Is that why you're comfortable in here, Paul","type":"L","timestamp":"2023-11-09 13:39:35"},{"nodeID":"1331403","text":"Calum: Richard Bacon: Is that why you're comfortable in here, Paul","type":"L","timestamp":"2023-11-09 13:39:35"},{"nodeID":"1331404","text":"Analysing","type":"YA","timestamp":"2023-11-09 13:39:35"},{"nodeID":"1331405","text":"Rhetorical Questioning","type":"YA","timestamp":"2023-11-09 13:39:35"},{"nodeID":"1331406","text":"Default Transition","type":"TA","timestamp":"2023-11-09 13:39:35"},{"nodeID":"1331407","text":"it is almost you can't do it","type":"I","timestamp":"2023-11-09 13:39:35"},{"nodeID":"1331408","text":"AudienceMember 20221006QT65: It is almost you can't do it","type":"L","timestamp":"2023-11-09 13:39:35"},{"nodeID":"1331409","text":"Analysing","type":"YA","timestamp":"2023-11-09 13:39:35"},{"nodeID":"1331410","text":"Calum: AudienceMember 20221006QT65: It is almost you can't do it","type":"L","timestamp":"2023-11-09 13:39:35"},{"nodeID":"1331411","text":"Asserting","type":"YA","timestamp":"2023-11-09 13:39:35"},{"nodeID":"1331412","text":"from 4.5% to 10.4% is a drastic increase","type":"I","timestamp":"2023-11-09 13:39:36"},{"nodeID":"1331413","text":"Analysing","type":"YA","timestamp":"2023-11-09 13:39:36"},{"nodeID":"1331414","text":"Calum: AudienceMember 20221006QT65: from 4.5% to 10.4% is a drastic increase","type":"L","timestamp":"2023-11-09 13:39:36"},{"nodeID":"1331415","text":"AudienceMember 20221006QT65: from 4.5% to 10.4% is a drastic increase","type":"L","timestamp":"2023-11-09 13:39:36"},{"nodeID":"1331416","text":"Asserting","type":"YA","timestamp":"2023-11-09 13:39:36"},{"nodeID":"1331417","text":"Default Transition","type":"TA","timestamp":"2023-11-09 13:39:36"},{"nodeID":"1331418","text":"Default Inference","type":"RA","timestamp":"2023-11-09 13:39:36"},{"nodeID":"1331419","text":"Arguing","type":"YA","timestamp":"2023-11-09 13:39:36"},{"nodeID":"1331420","text":"Default Transition","type":"TA","timestamp":"2023-11-09 13:39:36"},{"nodeID":"1331421","text":"AudienceMember 20221006QT65 is or is not being given hope if they sit tight for a couple of weeks or months, that it will settle down and they will be back to an offer that they can afford","type":"I","timestamp":"2023-11-09 13:39:36"},{"nodeID":"1331422","text":"Fiona Bruce: Are you being given hope if you sit tight for a couple of weeks or months, that it will settle down and you'll be back to an offer that you can afford","type":"L","timestamp":"2023-11-09 13:39:36"},{"nodeID":"1331423","text":"Analysing","type":"YA","timestamp":"2023-11-09 13:39:36"},{"nodeID":"1331424","text":"Calum: Fiona Bruce: Are you being given hope if you sit tight for a couple of weeks or months, that it will settle down and you'll be back to an offer that you can afford","type":"L","timestamp":"2023-11-09 13:39:36"},{"nodeID":"1331425","text":"Pure Questioning","type":"YA","timestamp":"2023-11-09 13:39:36"},{"nodeID":"1331426","text":"we're in a recession","type":"I","timestamp":"2023-11-09 13:39:37"},{"nodeID":"1331427","text":"AudienceMember 20221006QT66: we're in a recession","type":"L","timestamp":"2023-11-09 13:39:37"},{"nodeID":"1331428","text":"Analysing","type":"YA","timestamp":"2023-11-09 13:39:37"},{"nodeID":"1331429","text":"Calum: AudienceMember 20221006QT65: we're in a recession","type":"L","timestamp":"2023-11-09 13:39:37"},{"nodeID":"1331430","text":"Asserting","type":"YA","timestamp":"2023-11-09 13:39:37"},{"nodeID":"1331431","text":"getting back to an affordable mortgage offer cannot happen for the next couple of years at least","type":"I","timestamp":"2023-11-09 13:39:37"},{"nodeID":"1331432","text":"AudienceMember 20221006QT66: I don't think that can happen for the next couple of years at least","type":"L","timestamp":"2023-11-09 13:39:37"},{"nodeID":"1331433","text":"Calum: AudienceMember 20221006QT66: I don't think that can happen for the next couple of years at least","type":"L","timestamp":"2023-11-09 13:39:37"},{"nodeID":"1331434","text":"Analysing","type":"YA","timestamp":"2023-11-09 13:39:37"},{"nodeID":"1331435","text":"Asserting","type":"YA","timestamp":"2023-11-09 13:39:37"},{"nodeID":"1331436","text":"Default Transition","type":"TA","timestamp":"2023-11-09 13:39:37"},{"nodeID":"1331437","text":"Default Transition","type":"TA","timestamp":"2023-11-09 13:39:37"},{"nodeID":"1331438","text":"Default Transition","type":"TA","timestamp":"2023-11-09 13:39:37"},{"nodeID":"1331439","text":"Default Inference","type":"RA","timestamp":"2023-11-09 13:39:37"},{"nodeID":"1331440","text":"Arguing","type":"YA","timestamp":"2023-11-09 13:39:37"},{"nodeID":"1331441","text":"Default Rephrase","type":"MA","timestamp":"2023-11-09 13:39:37"},{"nodeID":"1331442","text":"Default Transition","type":"TA","timestamp":"2023-11-09 13:39:37"},{"nodeID":"1331443","text":"Default Illocuting","type":"YA","timestamp":"2023-11-09 13:39:37"},{"nodeID":"1331444","text":"the mortgage offer was since Friday","type":"I","timestamp":"2023-11-09 13:39:38"},{"nodeID":"1331445","text":"AudienceMember 20221006QT63: Yes","type":"L","timestamp":"2023-11-09 13:39:38"},{"nodeID":"1331446","text":"Analysing","type":"YA","timestamp":"2023-11-09 13:39:38"},{"nodeID":"1331447","text":"Calum: AudienceMember 20221006QT63: Yes","type":"L","timestamp":"2023-11-09 13:39:38"},{"nodeID":"1331448","text":"Asserting","type":"YA","timestamp":"2023-11-09 13:39:38"},{"nodeID":"1331449","text":"Default Transition","type":"TA","timestamp":"2023-11-09 13:39:38"},{"nodeID":"1331450","text":"Default Transition","type":"TA","timestamp":"2023-11-09 13:39:38"},{"nodeID":"1331451","text":"Default Rephrase","type":"MA","timestamp":"2023-11-09 13:39:38"},{"nodeID":"1331452","text":"Default Illocuting","type":"YA","timestamp":"2023-11-09 13:39:38"}],"edges":[{"edgeID":"1746022","fromID":"1331297","toID":"1331296","formEdgeID":null},{"edgeID":"1746023","fromID":"1331298","toID":"1331297","formEdgeID":null},{"edgeID":"1746024","fromID":"1331296","toID":"1331299","formEdgeID":null},{"edgeID":"1746025","fromID":"1331299","toID":"1331295","formEdgeID":null},{"edgeID":"1746026","fromID":"1331302","toID":"1331301","formEdgeID":null},{"edgeID":"1746027","fromID":"1331303","toID":"1331302","formEdgeID":null},{"edgeID":"1746028","fromID":"1331301","toID":"1331304","formEdgeID":null},{"edgeID":"1746029","fromID":"1331304","toID":"1331300","formEdgeID":null},{"edgeID":"1746030","fromID":"1331307","toID":"1331306","formEdgeID":null},{"edgeID":"1746031","fromID":"1331308","toID":"1331307","formEdgeID":null},{"edgeID":"1746032","fromID":"1331306","toID":"1331309","formEdgeID":null},{"edgeID":"1746033","fromID":"1331309","toID":"1331305","formEdgeID":null},{"edgeID":"1746034","fromID":"1331313","toID":"1331312","formEdgeID":null},{"edgeID":"1746035","fromID":"1331312","toID":"1331311","formEdgeID":null},{"edgeID":"1746036","fromID":"1331311","toID":"1331314","formEdgeID":null},{"edgeID":"1746037","fromID":"1331314","toID":"1331310","formEdgeID":null},{"edgeID":"1746038","fromID":"1331317","toID":"1331316","formEdgeID":null},{"edgeID":"1746039","fromID":"1331318","toID":"1331317","formEdgeID":null},{"edgeID":"1746040","fromID":"1331316","toID":"1331319","formEdgeID":null},{"edgeID":"1746041","fromID":"1331319","toID":"1331315","formEdgeID":null},{"edgeID":"1746042","fromID":"1331321","toID":"1331323","formEdgeID":null},{"edgeID":"1746043","fromID":"1331323","toID":"1331322","formEdgeID":null},{"edgeID":"1746044","fromID":"1331322","toID":"1331324","formEdgeID":null},{"edgeID":"1746045","fromID":"1331324","toID":"1331320","formEdgeID":null},{"edgeID":"1746046","fromID":"1331327","toID":"1331326","formEdgeID":null},{"edgeID":"1746047","fromID":"1331328","toID":"1331327","formEdgeID":null},{"edgeID":"1746048","fromID":"1331329","toID":"1331325","formEdgeID":null},{"edgeID":"1746049","fromID":"1331326","toID":"1331329","formEdgeID":null},{"edgeID":"1746050","fromID":"1331333","toID":"1331332","formEdgeID":null},{"edgeID":"1746051","fromID":"1331332","toID":"1331331","formEdgeID":null},{"edgeID":"1746052","fromID":"1331331","toID":"1331334","formEdgeID":null},{"edgeID":"1746053","fromID":"1331334","toID":"1331330","formEdgeID":null},{"edgeID":"1746054","fromID":"1331335","toID":"1331301","formEdgeID":null},{"edgeID":"1746055","fromID":"1331296","toID":"1331335","formEdgeID":null},{"edgeID":"1746056","fromID":"1331301","toID":"1331336","formEdgeID":null},{"edgeID":"1746057","fromID":"1331336","toID":"1331306","formEdgeID":null},{"edgeID":"1746058","fromID":"1331311","toID":"1331337","formEdgeID":null},{"edgeID":"1746059","fromID":"1331337","toID":"1331316","formEdgeID":null},{"edgeID":"1746060","fromID":"1331315","toID":"1331338","formEdgeID":null},{"edgeID":"1746061","fromID":"1331338","toID":"1331310","formEdgeID":null},{"edgeID":"1746062","fromID":"1331337","toID":"1331339","formEdgeID":null},{"edgeID":"1746063","fromID":"1331339","toID":"1331338","formEdgeID":null},{"edgeID":"1746064","fromID":"1331306","toID":"1331340","formEdgeID":null},{"edgeID":"1746065","fromID":"1331340","toID":"1331311","formEdgeID":null},{"edgeID":"1746066","fromID":"1331341","toID":"1331326","formEdgeID":null},{"edgeID":"1746067","fromID":"1331322","toID":"1331341","formEdgeID":null},{"edgeID":"1746068","fromID":"1331325","toID":"1331342","formEdgeID":null},{"edgeID":"1746069","fromID":"1331342","toID":"1331320","formEdgeID":null},{"edgeID":"1746070","fromID":"1331341","toID":"1331343","formEdgeID":null},{"edgeID":"1746071","fromID":"1331343","toID":"1331342","formEdgeID":null},{"edgeID":"1746072","fromID":"1331344","toID":"1331322","formEdgeID":null},{"edgeID":"1746073","fromID":"1331316","toID":"1331344","formEdgeID":null},{"edgeID":"1746074","fromID":"1331305","toID":"1331345","formEdgeID":null},{"edgeID":"1746075","fromID":"1331345","toID":"1331300","formEdgeID":null},{"edgeID":"1746076","fromID":"1331315","toID":"1331345","formEdgeID":null},{"edgeID":"1746077","fromID":"1331330","toID":"1331345","formEdgeID":null},{"edgeID":"1746078","fromID":"1331301","toID":"1331346","formEdgeID":null},{"edgeID":"1746079","fromID":"1331346","toID":"1331316","formEdgeID":null},{"edgeID":"1746080","fromID":"1331301","toID":"1331347","formEdgeID":null},{"edgeID":"1746081","fromID":"1331347","toID":"1331331","formEdgeID":null},{"edgeID":"1746082","fromID":"1331347","toID":"1331348","formEdgeID":null},{"edgeID":"1746083","fromID":"1331348","toID":"1331345","formEdgeID":null},{"edgeID":"1746084","fromID":"1331351","toID":"1331352","formEdgeID":null},{"edgeID":"1746085","fromID":"1331352","toID":"1331350","formEdgeID":null},{"edgeID":"1746086","fromID":"1331350","toID":"1331353","formEdgeID":null},{"edgeID":"1746087","fromID":"1331353","toID":"1331349","formEdgeID":null},{"edgeID":"1746088","fromID":"1331331","toID":"1331354","formEdgeID":null},{"edgeID":"1746089","fromID":"1331354","toID":"1331350","formEdgeID":null},{"edgeID":"1746090","fromID":"1331358","toID":"1331357","formEdgeID":null},{"edgeID":"1746091","fromID":"1331357","toID":"1331356","formEdgeID":null},{"edgeID":"1746092","fromID":"1331356","toID":"1331359","formEdgeID":null},{"edgeID":"1746093","fromID":"1331359","toID":"1331355","formEdgeID":null},{"edgeID":"1746094","fromID":"1331362","toID":"1331361","formEdgeID":null},{"edgeID":"1746095","fromID":"1331363","toID":"1331362","formEdgeID":null},{"edgeID":"1746096","fromID":"1331364","toID":"1331360","formEdgeID":null},{"edgeID":"1746097","fromID":"1331361","toID":"1331364","formEdgeID":null},{"edgeID":"1746098","fromID":"1331367","toID":"1331366","formEdgeID":null},{"edgeID":"1746099","fromID":"1331368","toID":"1331367","formEdgeID":null},{"edgeID":"1746100","fromID":"1331366","toID":"1331369","formEdgeID":null},{"edgeID":"1746101","fromID":"1331369","toID":"1331365","formEdgeID":null},{"edgeID":"1746102","fromID":"1331372","toID":"1331371","formEdgeID":null},{"edgeID":"1746103","fromID":"1331373","toID":"1331372","formEdgeID":null},{"edgeID":"1746104","fromID":"1331371","toID":"1331374","formEdgeID":null},{"edgeID":"1746105","fromID":"1331374","toID":"1331370","formEdgeID":null},{"edgeID":"1746106","fromID":"1331366","toID":"1331375","formEdgeID":null},{"edgeID":"1746107","fromID":"1331375","toID":"1331371","formEdgeID":null},{"edgeID":"1746108","fromID":"1331370","toID":"1331376","formEdgeID":null},{"edgeID":"1746109","fromID":"1331376","toID":"1331365","formEdgeID":null},{"edgeID":"1746110","fromID":"1331375","toID":"1331377","formEdgeID":null},{"edgeID":"1746111","fromID":"1331377","toID":"1331376","formEdgeID":null},{"edgeID":"1746112","fromID":"1331316","toID":"1331378","formEdgeID":null},{"edgeID":"1746113","fromID":"1331378","toID":"1331366","formEdgeID":null},{"edgeID":"1746114","fromID":"1331365","toID":"1331379","formEdgeID":null},{"edgeID":"1746115","fromID":"1331379","toID":"1331315","formEdgeID":null},{"edgeID":"1746116","fromID":"1331378","toID":"1331380","formEdgeID":null},{"edgeID":"1746117","fromID":"1331380","toID":"1331379","formEdgeID":null},{"edgeID":"1746118","fromID":"1331356","toID":"1331381","formEdgeID":null},{"edgeID":"1746119","fromID":"1331381","toID":"1331361","formEdgeID":null},{"edgeID":"1746120","fromID":"1331361","toID":"1331382","formEdgeID":null},{"edgeID":"1746121","fromID":"1331382","toID":"1331366","formEdgeID":null},{"edgeID":"1746122","fromID":"1331386","toID":"1331384","formEdgeID":null},{"edgeID":"1746123","fromID":"1331385","toID":"1331386","formEdgeID":null},{"edgeID":"1746124","fromID":"1331387","toID":"1331383","formEdgeID":null},{"edgeID":"1746125","fromID":"1331384","toID":"1331387","formEdgeID":null},{"edgeID":"1746126","fromID":"1331371","toID":"1331388","formEdgeID":null},{"edgeID":"1746127","fromID":"1331388","toID":"1331384","formEdgeID":null},{"edgeID":"1746128","fromID":"1331391","toID":"1331390","formEdgeID":null},{"edgeID":"1746129","fromID":"1331392","toID":"1331391","formEdgeID":null},{"edgeID":"1746130","fromID":"1331394","toID":"1331395","formEdgeID":null},{"edgeID":"1746131","fromID":"1331395","toID":"1331393","formEdgeID":null},{"edgeID":"1746132","fromID":"1331396","toID":"1331389","formEdgeID":null},{"edgeID":"1746133","fromID":"1331393","toID":"1331396","formEdgeID":null},{"edgeID":"1746134","fromID":"1331397","toID":"1331393","formEdgeID":null},{"edgeID":"1746135","fromID":"1331390","toID":"1331397","formEdgeID":null},{"edgeID":"1746136","fromID":"1331384","toID":"1331398","formEdgeID":null},{"edgeID":"1746137","fromID":"1331398","toID":"1331390","formEdgeID":null},{"edgeID":"1746138","fromID":"1331389","toID":"1331399","formEdgeID":null},{"edgeID":"1746139","fromID":"1331399","toID":"1331383","formEdgeID":null},{"edgeID":"1746140","fromID":"1331398","toID":"1331400","formEdgeID":null},{"edgeID":"1746141","fromID":"1331400","toID":"1331399","formEdgeID":null},{"edgeID":"1746142","fromID":"1331404","toID":"1331402","formEdgeID":null},{"edgeID":"1746143","fromID":"1331403","toID":"1331404","formEdgeID":null},{"edgeID":"1746144","fromID":"1331405","toID":"1331401","formEdgeID":null},{"edgeID":"1746145","fromID":"1331402","toID":"1331405","formEdgeID":null},{"edgeID":"1746146","fromID":"1331390","toID":"1331406","formEdgeID":null},{"edgeID":"1746147","fromID":"1331406","toID":"1331402","formEdgeID":null},{"edgeID":"1746148","fromID":"1331410","toID":"1331409","formEdgeID":null},{"edgeID":"1746149","fromID":"1331409","toID":"1331408","formEdgeID":null},{"edgeID":"1746150","fromID":"1331408","toID":"1331411","formEdgeID":null},{"edgeID":"1746151","fromID":"1331411","toID":"1331407","formEdgeID":null},{"edgeID":"1746152","fromID":"1331413","toID":"1331415","formEdgeID":null},{"edgeID":"1746153","fromID":"1331414","toID":"1331413","formEdgeID":null},{"edgeID":"1746154","fromID":"1331415","toID":"1331416","formEdgeID":null},{"edgeID":"1746155","fromID":"1331416","toID":"1331412","formEdgeID":null},{"edgeID":"1746156","fromID":"1331408","toID":"1331417","formEdgeID":null},{"edgeID":"1746157","fromID":"1331417","toID":"1331415","formEdgeID":null},{"edgeID":"1746158","fromID":"1331418","toID":"1331407","formEdgeID":null},{"edgeID":"1746159","fromID":"1331412","toID":"1331418","formEdgeID":null},{"edgeID":"1746160","fromID":"1331417","toID":"1331419","formEdgeID":null},{"edgeID":"1746161","fromID":"1331419","toID":"1331418","formEdgeID":null},{"edgeID":"1746162","fromID":"1331402","toID":"1331420","formEdgeID":null},{"edgeID":"1746163","fromID":"1331420","toID":"1331408","formEdgeID":null},{"edgeID":"1746164","fromID":"1331423","toID":"1331422","formEdgeID":null},{"edgeID":"1746165","fromID":"1331424","toID":"1331423","formEdgeID":null},{"edgeID":"1746166","fromID":"1331422","toID":"1331425","formEdgeID":null},{"edgeID":"1746167","fromID":"1331425","toID":"1331421","formEdgeID":null},{"edgeID":"1746168","fromID":"1331429","toID":"1331428","formEdgeID":null},{"edgeID":"1746169","fromID":"1331428","toID":"1331427","formEdgeID":null},{"edgeID":"1746170","fromID":"1331430","toID":"1331426","formEdgeID":null},{"edgeID":"1746171","fromID":"1331427","toID":"1331430","formEdgeID":null},{"edgeID":"1746172","fromID":"1331433","toID":"1331434","formEdgeID":null},{"edgeID":"1746173","fromID":"1331434","toID":"1331432","formEdgeID":null},{"edgeID":"1746174","fromID":"1331432","toID":"1331435","formEdgeID":null},{"edgeID":"1746175","fromID":"1331435","toID":"1331431","formEdgeID":null},{"edgeID":"1746176","fromID":"1331415","toID":"1331436","formEdgeID":null},{"edgeID":"1746177","fromID":"1331436","toID":"1331422","formEdgeID":null},{"edgeID":"1746178","fromID":"1331422","toID":"1331437","formEdgeID":null},{"edgeID":"1746179","fromID":"1331437","toID":"1331427","formEdgeID":null},{"edgeID":"1746180","fromID":"1331438","toID":"1331432","formEdgeID":null},{"edgeID":"1746181","fromID":"1331427","toID":"1331438","formEdgeID":null},{"edgeID":"1746182","fromID":"1331426","toID":"1331439","formEdgeID":null},{"edgeID":"1746183","fromID":"1331439","toID":"1331431","formEdgeID":null},{"edgeID":"1746184","fromID":"1331438","toID":"1331440","formEdgeID":null},{"edgeID":"1746185","fromID":"1331440","toID":"1331439","formEdgeID":null},{"edgeID":"1746186","fromID":"1331431","toID":"1331441","formEdgeID":null},{"edgeID":"1746187","fromID":"1331441","toID":"1331421","formEdgeID":null},{"edgeID":"1746188","fromID":"1331422","toID":"1331442","formEdgeID":null},{"edgeID":"1746189","fromID":"1331442","toID":"1331432","formEdgeID":null},{"edgeID":"1746190","fromID":"1331443","toID":"1331441","formEdgeID":null},{"edgeID":"1746191","fromID":"1331442","toID":"1331443","formEdgeID":null},{"edgeID":"1746192","fromID":"1331446","toID":"1331445","formEdgeID":null},{"edgeID":"1746193","fromID":"1331447","toID":"1331446","formEdgeID":null},{"edgeID":"1746194","fromID":"1331445","toID":"1331448","formEdgeID":null},{"edgeID":"1746195","fromID":"1331448","toID":"1331444","formEdgeID":null},{"edgeID":"1746196","fromID":"1331350","toID":"1331449","formEdgeID":null},{"edgeID":"1746197","fromID":"1331449","toID":"1331445","formEdgeID":null},{"edgeID":"1746198","fromID":"1331445","toID":"1331450","formEdgeID":null},{"edgeID":"1746199","fromID":"1331450","toID":"1331356","formEdgeID":null},{"edgeID":"1746200","fromID":"1331444","toID":"1331451","formEdgeID":null},{"edgeID":"1746201","fromID":"1331451","toID":"1331349","formEdgeID":null},{"edgeID":"1746202","fromID":"1331449","toID":"1331452","formEdgeID":null},{"edgeID":"1746203","fromID":"1331452","toID":"1331451","formEdgeID":null}],"locutions":[]}