{"nodes":[{"nodeID":"1069783","text":"the UK has got a great fight on its hands in competition and in growth","type":"I","timestamp":"2022-12-01 17:46:39"},{"nodeID":"1069788","text":"Labour can profit from the Tories' woes","type":"I","timestamp":"2022-12-01 17:46:42"},{"nodeID":"1069793","text":"profiting from the Tories troubles will not be a recipe for growth","type":"I","timestamp":"2022-12-01 17:46:45"},{"nodeID":"1069801","text":"sooner or later you'll have to think more about what you want to really do to power the UK forward","type":"I","timestamp":"2022-12-01 17:46:47"},{"nodeID":"1069809","text":"AudienceMember 20221006QT89 doesn't think that oppositions win elections","type":"I","timestamp":"2022-12-01 17:46:49"},{"nodeID":"1069815","text":"governments lose elections","type":"I","timestamp":"2022-12-01 17:46:52"},{"nodeID":"1069821","text":"current government has already lost and we all know that","type":"I","timestamp":"2022-12-01 17:46:54"},{"nodeID":"1069829","text":"in 2 years' time, the government will lose the election","type":"I","timestamp":"2022-12-01 17:46:56"},{"nodeID":"1069837","text":"since electing Boris Johnson, up to now it has been a nightmare that's just never come to an end","type":"I","timestamp":"2022-12-01 17:46:58"},{"nodeID":"1069860","text":"we've heard people wondering about what's Labout got to offer this week","type":"I","timestamp":"2022-12-01 17:47:08"},{"nodeID":"1069866","text":"you've clearly seen people wondering about what's Labout got to offer in terms of what the public thinks in terms of the polling","type":"I","timestamp":"2022-12-01 17:47:10"},{"nodeID":"1069872","text":"it is a re-set button and AudienceMember 20221006QT91 will give their vote to Labour this time coming in the next general election","type":"I","timestamp":"2022-12-01 17:47:12"},{"nodeID":"1069877","text":"AudienceMember 20221006QT91 did or did not you give their vote to Labour last time","type":"I","timestamp":"2022-12-01 17:47:15"},{"nodeID":"1069883","text":"this is a new start for Labour","type":"I","timestamp":"2022-12-01 17:47:17"},{"nodeID":"1069899","text":"AudienceMember 20221006QT91 regrets not giving their vote to Labour party last time","type":"I","timestamp":"2022-12-01 17:47:21"},{"nodeID":"1347841","text":"Anne McElvoy: The UK has got a great fight on its hands in competition and in growth","type":"L","timestamp":"2023-11-09 14:04:53"},{"nodeID":"1347842","text":"Analysing","type":"YA","timestamp":"2023-11-09 14:04:53"},{"nodeID":"1347843","text":"Rebecca: Anne McElvoy: The UK has got a great fight on its hands in competition and in growth","type":"L","timestamp":"2023-11-09 14:04:53"},{"nodeID":"1347844","text":"Asserting","type":"YA","timestamp":"2023-11-09 14:04:53"},{"nodeID":"1347845","text":"Anne McElvoy: Labour can profit from the Tories' woes","type":"L","timestamp":"2023-11-09 14:04:54"},{"nodeID":"1347846","text":"Analysing","type":"YA","timestamp":"2023-11-09 14:04:54"},{"nodeID":"1347847","text":"Rebecca: Anne McElvoy: Labour can profit from the Tories' woes","type":"L","timestamp":"2023-11-09 14:04:54"},{"nodeID":"1347848","text":"Asserting","type":"YA","timestamp":"2023-11-09 14:04:54"},{"nodeID":"1347849","text":"Anne McElvoy: that will not be a recipe for growth","type":"L","timestamp":"2023-11-09 14:04:54"},{"nodeID":"1347850","text":"Analysing","type":"YA","timestamp":"2023-11-09 14:04:54"},{"nodeID":"1347851","text":"Rebecca: Anne McElvoy: that will not be a recipe for growth","type":"L","timestamp":"2023-11-09 14:04:54"},{"nodeID":"1347852","text":"Asserting","type":"YA","timestamp":"2023-11-09 14:04:54"},{"nodeID":"1347853","text":"Default Transition","type":"TA","timestamp":"2023-11-09 14:04:54"},{"nodeID":"1347854","text":"Default Rephrase","type":"MA","timestamp":"2023-11-09 14:04:54"},{"nodeID":"1347855","text":"Default Transition","type":"TA","timestamp":"2023-11-09 14:04:54"},{"nodeID":"1347856","text":"Anne McElvoy: sooner or later you'll have to think more about what you want to really do to power the UK forward","type":"L","timestamp":"2023-11-09 14:04:55"},{"nodeID":"1347857","text":"Analysing","type":"YA","timestamp":"2023-11-09 14:04:55"},{"nodeID":"1347858","text":"Rebecca: Anne McElvoy: sooner or later you'll have to think more about what you want to really do to power the UK forward","type":"L","timestamp":"2023-11-09 14:04:55"},{"nodeID":"1347859","text":"Asserting","type":"YA","timestamp":"2023-11-09 14:04:55"},{"nodeID":"1347860","text":"Default Transition","type":"TA","timestamp":"2023-11-09 14:04:55"},{"nodeID":"1347861","text":"Default Inference","type":"RA","timestamp":"2023-11-09 14:04:55"},{"nodeID":"1347862","text":"Arguing","type":"YA","timestamp":"2023-11-09 14:04:55"},{"nodeID":"1347863","text":"AudienceMember 20221006QT89: I don't think that oppositions win elections","type":"L","timestamp":"2023-11-09 14:04:56"},{"nodeID":"1347864","text":"Analysing","type":"YA","timestamp":"2023-11-09 14:04:56"},{"nodeID":"1347865","text":"Rebecca: AudienceMember 20221006QT89: I don't think that oppositions win elections","type":"L","timestamp":"2023-11-09 14:04:56"},{"nodeID":"1347866","text":"Asserting","type":"YA","timestamp":"2023-11-09 14:04:56"},{"nodeID":"1347867","text":"Default Transition","type":"TA","timestamp":"2023-11-09 14:04:56"},{"nodeID":"1347868","text":"AudienceMember 20221006QT89: governments lose them","type":"L","timestamp":"2023-11-09 14:04:56"},{"nodeID":"1347869","text":"Analysing","type":"YA","timestamp":"2023-11-09 14:04:56"},{"nodeID":"1347870","text":"Rebecca: AudienceMember 20221006QT89: governments lose them","type":"L","timestamp":"2023-11-09 14:04:56"},{"nodeID":"1347871","text":"Asserting","type":"YA","timestamp":"2023-11-09 14:04:56"},{"nodeID":"1347872","text":"Default Transition","type":"TA","timestamp":"2023-11-09 14:04:56"},{"nodeID":"1347873","text":"AudienceMember 20221006QT89:  this government has already lost and we all know that","type":"L","timestamp":"2023-11-09 14:04:57"},{"nodeID":"1347874","text":"Analysing","type":"YA","timestamp":"2023-11-09 14:04:57"},{"nodeID":"1347875","text":"Rebecca: AudienceMember 20221006QT89:  this government has already lost and we all know that","type":"L","timestamp":"2023-11-09 14:04:57"},{"nodeID":"1347876","text":"Asserting","type":"YA","timestamp":"2023-11-09 14:04:57"},{"nodeID":"1347877","text":"Default Transition","type":"TA","timestamp":"2023-11-09 14:04:57"},{"nodeID":"1347878","text":"Default Rephrase","type":"MA","timestamp":"2023-11-09 14:04:57"},{"nodeID":"1347879","text":"Restating","type":"YA","timestamp":"2023-11-09 14:04:57"},{"nodeID":"1347880","text":"AudienceMember 20221006QT89: In 2 years' time, you will lose the election","type":"L","timestamp":"2023-11-09 14:04:57"},{"nodeID":"1347881","text":"Analysing","type":"YA","timestamp":"2023-11-09 14:04:57"},{"nodeID":"1347882","text":"Rebecca: AudienceMember 20221006QT89: In 2 years' time, you will lose the election","type":"L","timestamp":"2023-11-09 14:04:57"},{"nodeID":"1347883","text":"Asserting","type":"YA","timestamp":"2023-11-09 14:04:57"},{"nodeID":"1347884","text":"Default Transition","type":"TA","timestamp":"2023-11-09 14:04:57"},{"nodeID":"1347885","text":"Default Rephrase","type":"MA","timestamp":"2023-11-09 14:04:57"},{"nodeID":"1347886","text":"Restating","type":"YA","timestamp":"2023-11-09 14:04:57"},{"nodeID":"1347887","text":"AudienceMember 20221006QT91: since electing Boris Johnson, up to now it has been a nightmare that's just never come to an end","type":"L","timestamp":"2023-11-09 14:04:58"},{"nodeID":"1347888","text":"Analysing","type":"YA","timestamp":"2023-11-09 14:04:58"},{"nodeID":"1347889","text":"Rebecca: AudienceMember 20221006QT91: since electing Boris Johnson, up to now it has been a nightmare that's just never come to an end","type":"L","timestamp":"2023-11-09 14:04:58"},{"nodeID":"1347890","text":"Asserting","type":"YA","timestamp":"2023-11-09 14:04:58"},{"nodeID":"1347891","text":"Default Transition","type":"TA","timestamp":"2023-11-09 14:04:58"},{"nodeID":"1347892","text":"AudienceMember 20221006QT91: We've heard it this week","type":"L","timestamp":"2023-11-09 14:04:59"},{"nodeID":"1347893","text":"Analysing","type":"YA","timestamp":"2023-11-09 14:04:59"},{"nodeID":"1347894","text":"Rebecca: AudienceMember 20221006QT91: We've heard it this week","type":"L","timestamp":"2023-11-09 14:04:59"},{"nodeID":"1347895","text":"Asserting","type":"YA","timestamp":"2023-11-09 14:04:59"},{"nodeID":"1347896","text":"AudienceMember 20221006QT91: You've clearly seen it in terms of what the public think in terms of the polling","type":"L","timestamp":"2023-11-09 14:05:00"},{"nodeID":"1347897","text":"Analysing","type":"YA","timestamp":"2023-11-09 14:05:00"},{"nodeID":"1347898","text":"Rebecca: AudienceMember 20221006QT91: You've clearly seen it in terms of what the public think in terms of the polling","type":"L","timestamp":"2023-11-09 14:05:00"},{"nodeID":"1347899","text":"Asserting","type":"YA","timestamp":"2023-11-09 14:05:00"},{"nodeID":"1347900","text":"Default Transition","type":"TA","timestamp":"2023-11-09 14:05:00"},{"nodeID":"1347901","text":"AudienceMember 20221006QT91: It is a re-set button and I will give my vote to Labour this time coming in the next general election","type":"L","timestamp":"2023-11-09 14:05:00"},{"nodeID":"1347902","text":"Analysing","type":"YA","timestamp":"2023-11-09 14:05:00"},{"nodeID":"1347903","text":"Rebecca: AudienceMember 20221006QT91: It is a re-set button and I will give my vote to Labour this time coming in the next general election","type":"L","timestamp":"2023-11-09 14:05:00"},{"nodeID":"1347904","text":"Asserting","type":"YA","timestamp":"2023-11-09 14:05:00"},{"nodeID":"1347905","text":"Fiona Bruce: Did you give to them last time","type":"L","timestamp":"2023-11-09 14:05:01"},{"nodeID":"1347906","text":"Analysing","type":"YA","timestamp":"2023-11-09 14:05:01"},{"nodeID":"1347907","text":"Rebecca: Fiona Bruce: Did you give to them last time","type":"L","timestamp":"2023-11-09 14:05:01"},{"nodeID":"1347908","text":"Pure Questioning","type":"YA","timestamp":"2023-11-09 14:05:01"},{"nodeID":"1347909","text":"Default Transition","type":"TA","timestamp":"2023-11-09 14:05:01"},{"nodeID":"1347910","text":"AudienceMember 20221006QT91: this is a new start for Labour","type":"L","timestamp":"2023-11-09 14:05:02"},{"nodeID":"1347911","text":"Analysing","type":"YA","timestamp":"2023-11-09 14:05:02"},{"nodeID":"1347912","text":"Anon: AudienceMember 20221006QT91: this is a new start for Labour","type":"L","timestamp":"2023-11-09 14:05:02"},{"nodeID":"1347913","text":"Asserting","type":"YA","timestamp":"2023-11-09 14:05:02"},{"nodeID":"1347914","text":"Default Transition","type":"TA","timestamp":"2023-11-09 14:05:02"},{"nodeID":"1347915","text":"Default Inference","type":"RA","timestamp":"2023-11-09 14:05:02"},{"nodeID":"1347916","text":"Arguing","type":"YA","timestamp":"2023-11-09 14:05:02"},{"nodeID":"1347917","text":"AudienceMember 20221006QT91: No","type":"L","timestamp":"2023-11-09 14:05:02"},{"nodeID":"1347918","text":"Analysing","type":"YA","timestamp":"2023-11-09 14:05:02"},{"nodeID":"1347919","text":"Anon: AudienceMember 20221006QT91: No","type":"L","timestamp":"2023-11-09 14:05:02"},{"nodeID":"1347920","text":"Default Transition","type":"TA","timestamp":"2023-11-09 14:05:02"},{"nodeID":"1347921","text":"Disagreeing","type":"YA","timestamp":"2023-11-09 14:05:02"},{"nodeID":"1347922","text":"AudienceMember 20221006QT91: I regret it","type":"L","timestamp":"2023-11-09 14:05:02"},{"nodeID":"1347923","text":"Analysing","type":"YA","timestamp":"2023-11-09 14:05:02"},{"nodeID":"1347924","text":"Anon: AudienceMember 20221006QT91: I regret it","type":"L","timestamp":"2023-11-09 14:05:02"},{"nodeID":"1347925","text":"Asserting","type":"YA","timestamp":"2023-11-09 14:05:02"},{"nodeID":"1347926","text":"Default Transition","type":"TA","timestamp":"2023-11-09 14:05:02"},{"nodeID":"1347927","text":"Default Rephrase","type":"MA","timestamp":"2023-11-09 14:05:02"},{"nodeID":"1347928","text":"Default Illocuting","type":"YA","timestamp":"2023-11-09 14:05:02"},{"nodeID":"1347929","text":"Restating","type":"YA","timestamp":"2023-11-09 14:05:02"},{"nodeID":"1347930","text":"Default Rephrase","type":"MA","timestamp":"2023-11-09 14:05:02"},{"nodeID":"1347931","text":"Restating","type":"YA","timestamp":"2023-11-09 14:05:02"},{"nodeID":"1347932","text":"Default Inference","type":"RA","timestamp":"2023-11-09 14:05:02"},{"nodeID":"1347933","text":"Arguing","type":"YA","timestamp":"2023-11-09 14:05:02"},{"nodeID":"1347934","text":"there's no alternative to conservative party","type":"I","timestamp":"2023-11-09 14:05:03"},{"nodeID":"1347935","text":"AudienceMember 20221006QT91: people always used to say what's the alternative","type":"L","timestamp":"2023-11-09 14:05:03"},{"nodeID":"1347936","text":"Analysing","type":"YA","timestamp":"2023-11-09 14:05:03"},{"nodeID":"1347937","text":"Anon: AudienceMember 20221006QT91: people always used to say what's the alternative","type":"L","timestamp":"2023-11-09 14:05:03"},{"nodeID":"1347938","text":"People  : people always used to say what's the alternative","type":"L","timestamp":"2023-11-09 14:05:03"},{"nodeID":"1347939","text":"Analysing","type":"YA","timestamp":"2023-11-09 14:05:03"},{"nodeID":"1347940","text":"Anon: People  : people always used to say what's the alternative","type":"L","timestamp":"2023-11-09 14:05:03"},{"nodeID":"1347941","text":"Default Transition","type":"TA","timestamp":"2023-11-09 14:05:03"},{"nodeID":"1347942","text":"Asserting","type":"YA","timestamp":"2023-11-09 14:05:03"},{"nodeID":"1347943","text":"Rhetorical Questioning","type":"YA","timestamp":"2023-11-09 14:05:03"},{"nodeID":"1347944","text":"Labour has nothing to offer","type":"I","timestamp":"2023-11-09 14:05:04"},{"nodeID":"1347945","text":"AudienceMember 20221006QT91: What's Labour got to offer","type":"L","timestamp":"2023-11-09 14:05:04"},{"nodeID":"1347946","text":"Analysing","type":"YA","timestamp":"2023-11-09 14:05:04"},{"nodeID":"1347947","text":"Anon: AudienceMember 20221006QT91: What's Labour got to offer","type":"L","timestamp":"2023-11-09 14:05:04"},{"nodeID":"1347948","text":"Labour doesn't have a plan","type":"I","timestamp":"2023-11-09 14:05:04"},{"nodeID":"1347949","text":"AudienceMember 20221006QT91: Where is Labour's plans","type":"L","timestamp":"2023-11-09 14:05:04"},{"nodeID":"1347950","text":"Analysing","type":"YA","timestamp":"2023-11-09 14:05:04"},{"nodeID":"1347951","text":"Anon: AudienceMember 20221006QT91: Where is Labour's plans","type":"L","timestamp":"2023-11-09 14:05:04"},{"nodeID":"1347952","text":"People : Where is Labour's plans","type":"L","timestamp":"2023-11-09 14:05:04"},{"nodeID":"1347953","text":"Analysing","type":"YA","timestamp":"2023-11-09 14:05:04"},{"nodeID":"1347954","text":"Anon: People : Where is Labour's plans","type":"L","timestamp":"2023-11-09 14:05:04"},{"nodeID":"1347955","text":"People : What's Labour got to offer","type":"L","timestamp":"2023-11-09 14:05:04"},{"nodeID":"1347956","text":"Analysing","type":"YA","timestamp":"2023-11-09 14:05:04"},{"nodeID":"1347957","text":"Anon: People : What's Labour got to offer","type":"L","timestamp":"2023-11-09 14:05:04"},{"nodeID":"1347958","text":"Default Transition","type":"TA","timestamp":"2023-11-09 14:05:04"},{"nodeID":"1347959","text":"Default Transition","type":"TA","timestamp":"2023-11-09 14:05:04"},{"nodeID":"1347960","text":"Default Transition","type":"TA","timestamp":"2023-11-09 14:05:04"},{"nodeID":"1347961","text":"Default Conflict","type":"CA","timestamp":"2023-11-09 14:05:04"},{"nodeID":"1347962","text":"Disagreeing","type":"YA","timestamp":"2023-11-09 14:05:04"},{"nodeID":"1347963","text":"Asserting","type":"YA","timestamp":"2023-11-09 14:05:04"},{"nodeID":"1347964","text":"Asserting","type":"YA","timestamp":"2023-11-09 14:05:04"},{"nodeID":"1347965","text":"Rhetorical Questioning","type":"YA","timestamp":"2023-11-09 14:05:04"},{"nodeID":"1347966","text":"Rhetorical Challenging","type":"YA","timestamp":"2023-11-09 14:05:04"},{"nodeID":"1347967","text":"Default Inference","type":"RA","timestamp":"2023-11-09 14:05:04"},{"nodeID":"1347968","text":"Arguing","type":"YA","timestamp":"2023-11-09 14:05:04"}],"edges":[{"edgeID":"1765788","fromID":"1347842","toID":"1347841","formEdgeID":null},{"edgeID":"1765789","fromID":"1347843","toID":"1347842","formEdgeID":null},{"edgeID":"1765790","fromID":"1347841","toID":"1347844","formEdgeID":null},{"edgeID":"1765791","fromID":"1347844","toID":"1069783","formEdgeID":null},{"edgeID":"1765792","fromID":"1347846","toID":"1347845","formEdgeID":null},{"edgeID":"1765793","fromID":"1347847","toID":"1347846","formEdgeID":null},{"edgeID":"1765794","fromID":"1347845","toID":"1347848","formEdgeID":null},{"edgeID":"1765795","fromID":"1347848","toID":"1069788","formEdgeID":null},{"edgeID":"1765796","fromID":"1347850","toID":"1347849","formEdgeID":null},{"edgeID":"1765797","fromID":"1347851","toID":"1347850","formEdgeID":null},{"edgeID":"1765798","fromID":"1347849","toID":"1347852","formEdgeID":null},{"edgeID":"1765799","fromID":"1347852","toID":"1069793","formEdgeID":null},{"edgeID":"1765800","fromID":"1347845","toID":"1347853","formEdgeID":null},{"edgeID":"1765801","fromID":"1347853","toID":"1347849","formEdgeID":null},{"edgeID":"1765802","fromID":"1069793","toID":"1347854","formEdgeID":null},{"edgeID":"1765803","fromID":"1347854","toID":"1069788","formEdgeID":null},{"edgeID":"1765804","fromID":"1347841","toID":"1347855","formEdgeID":null},{"edgeID":"1765805","fromID":"1347855","toID":"1347845","formEdgeID":null},{"edgeID":"1765806","fromID":"1347857","toID":"1347856","formEdgeID":null},{"edgeID":"1765807","fromID":"1347858","toID":"1347857","formEdgeID":null},{"edgeID":"1765808","fromID":"1347856","toID":"1347859","formEdgeID":null},{"edgeID":"1765809","fromID":"1347859","toID":"1069801","formEdgeID":null},{"edgeID":"1765810","fromID":"1347849","toID":"1347860","formEdgeID":null},{"edgeID":"1765811","fromID":"1347860","toID":"1347856","formEdgeID":null},{"edgeID":"1765812","fromID":"1069793","toID":"1347861","formEdgeID":null},{"edgeID":"1765813","fromID":"1347861","toID":"1069801","formEdgeID":null},{"edgeID":"1765814","fromID":"1347860","toID":"1347862","formEdgeID":null},{"edgeID":"1765815","fromID":"1347862","toID":"1347861","formEdgeID":null},{"edgeID":"1765816","fromID":"1347864","toID":"1347863","formEdgeID":null},{"edgeID":"1765817","fromID":"1347865","toID":"1347864","formEdgeID":null},{"edgeID":"1765818","fromID":"1347863","toID":"1347866","formEdgeID":null},{"edgeID":"1765819","fromID":"1347866","toID":"1069809","formEdgeID":null},{"edgeID":"1765820","fromID":"1347856","toID":"1347867","formEdgeID":null},{"edgeID":"1765821","fromID":"1347867","toID":"1347863","formEdgeID":null},{"edgeID":"1765822","fromID":"1347869","toID":"1347868","formEdgeID":null},{"edgeID":"1765823","fromID":"1347870","toID":"1347869","formEdgeID":null},{"edgeID":"1765824","fromID":"1347868","toID":"1347871","formEdgeID":null},{"edgeID":"1765825","fromID":"1347871","toID":"1069815","formEdgeID":null},{"edgeID":"1765826","fromID":"1347863","toID":"1347872","formEdgeID":null},{"edgeID":"1765827","fromID":"1347872","toID":"1347868","formEdgeID":null},{"edgeID":"1765828","fromID":"1347874","toID":"1347873","formEdgeID":null},{"edgeID":"1765829","fromID":"1347875","toID":"1347874","formEdgeID":null},{"edgeID":"1765830","fromID":"1347873","toID":"1347876","formEdgeID":null},{"edgeID":"1765831","fromID":"1347876","toID":"1069821","formEdgeID":null},{"edgeID":"1765832","fromID":"1347868","toID":"1347877","formEdgeID":null},{"edgeID":"1765833","fromID":"1347877","toID":"1347873","formEdgeID":null},{"edgeID":"1765834","fromID":"1069821","toID":"1347878","formEdgeID":null},{"edgeID":"1765835","fromID":"1347878","toID":"1069815","formEdgeID":null},{"edgeID":"1765836","fromID":"1347877","toID":"1347879","formEdgeID":null},{"edgeID":"1765837","fromID":"1347879","toID":"1347878","formEdgeID":null},{"edgeID":"1765838","fromID":"1347881","toID":"1347880","formEdgeID":null},{"edgeID":"1765839","fromID":"1347882","toID":"1347881","formEdgeID":null},{"edgeID":"1765840","fromID":"1347880","toID":"1347883","formEdgeID":null},{"edgeID":"1765841","fromID":"1347883","toID":"1069829","formEdgeID":null},{"edgeID":"1765842","fromID":"1347873","toID":"1347884","formEdgeID":null},{"edgeID":"1765843","fromID":"1347884","toID":"1347880","formEdgeID":null},{"edgeID":"1765844","fromID":"1069829","toID":"1347885","formEdgeID":null},{"edgeID":"1765845","fromID":"1347885","toID":"1069821","formEdgeID":null},{"edgeID":"1765846","fromID":"1347884","toID":"1347886","formEdgeID":null},{"edgeID":"1765847","fromID":"1347886","toID":"1347885","formEdgeID":null},{"edgeID":"1765848","fromID":"1347888","toID":"1347887","formEdgeID":null},{"edgeID":"1765849","fromID":"1347889","toID":"1347888","formEdgeID":null},{"edgeID":"1765850","fromID":"1347887","toID":"1347890","formEdgeID":null},{"edgeID":"1765851","fromID":"1347890","toID":"1069837","formEdgeID":null},{"edgeID":"1765852","fromID":"1347880","toID":"1347891","formEdgeID":null},{"edgeID":"1765853","fromID":"1347891","toID":"1347887","formEdgeID":null},{"edgeID":"1765854","fromID":"1347893","toID":"1347892","formEdgeID":null},{"edgeID":"1765855","fromID":"1347894","toID":"1347893","formEdgeID":null},{"edgeID":"1765856","fromID":"1347892","toID":"1347895","formEdgeID":null},{"edgeID":"1765857","fromID":"1347895","toID":"1069860","formEdgeID":null},{"edgeID":"1765858","fromID":"1347897","toID":"1347896","formEdgeID":null},{"edgeID":"1765859","fromID":"1347898","toID":"1347897","formEdgeID":null},{"edgeID":"1765860","fromID":"1347896","toID":"1347899","formEdgeID":null},{"edgeID":"1765861","fromID":"1347899","toID":"1069866","formEdgeID":null},{"edgeID":"1765862","fromID":"1347892","toID":"1347900","formEdgeID":null},{"edgeID":"1765863","fromID":"1347900","toID":"1347896","formEdgeID":null},{"edgeID":"1765864","fromID":"1347902","toID":"1347901","formEdgeID":null},{"edgeID":"1765865","fromID":"1347903","toID":"1347902","formEdgeID":null},{"edgeID":"1765866","fromID":"1347901","toID":"1347904","formEdgeID":null},{"edgeID":"1765867","fromID":"1347904","toID":"1069872","formEdgeID":null},{"edgeID":"1765868","fromID":"1347906","toID":"1347905","formEdgeID":null},{"edgeID":"1765869","fromID":"1347907","toID":"1347906","formEdgeID":null},{"edgeID":"1765870","fromID":"1347905","toID":"1347908","formEdgeID":null},{"edgeID":"1765871","fromID":"1347908","toID":"1069877","formEdgeID":null},{"edgeID":"1765872","fromID":"1347901","toID":"1347909","formEdgeID":null},{"edgeID":"1765873","fromID":"1347909","toID":"1347905","formEdgeID":null},{"edgeID":"1765874","fromID":"1347911","toID":"1347910","formEdgeID":null},{"edgeID":"1765875","fromID":"1347912","toID":"1347911","formEdgeID":null},{"edgeID":"1765876","fromID":"1347910","toID":"1347913","formEdgeID":null},{"edgeID":"1765877","fromID":"1347913","toID":"1069883","formEdgeID":null},{"edgeID":"1765878","fromID":"1347910","toID":"1347914","formEdgeID":null},{"edgeID":"1765879","fromID":"1347914","toID":"1347901","formEdgeID":null},{"edgeID":"1765880","fromID":"1069872","toID":"1347915","formEdgeID":null},{"edgeID":"1765881","fromID":"1347915","toID":"1069883","formEdgeID":null},{"edgeID":"1765882","fromID":"1347914","toID":"1347916","formEdgeID":null},{"edgeID":"1765883","fromID":"1347916","toID":"1347915","formEdgeID":null},{"edgeID":"1765884","fromID":"1347918","toID":"1347917","formEdgeID":null},{"edgeID":"1765885","fromID":"1347919","toID":"1347918","formEdgeID":null},{"edgeID":"1765886","fromID":"1347905","toID":"1347920","formEdgeID":null},{"edgeID":"1765887","fromID":"1347920","toID":"1347917","formEdgeID":null},{"edgeID":"1765888","fromID":"1347920","toID":"1347921","formEdgeID":null},{"edgeID":"1765889","fromID":"1347921","toID":"1069877","formEdgeID":null},{"edgeID":"1765890","fromID":"1347923","toID":"1347922","formEdgeID":null},{"edgeID":"1765891","fromID":"1347924","toID":"1347923","formEdgeID":null},{"edgeID":"1765892","fromID":"1347922","toID":"1347925","formEdgeID":null},{"edgeID":"1765893","fromID":"1347925","toID":"1069899","formEdgeID":null},{"edgeID":"1765894","fromID":"1347905","toID":"1347926","formEdgeID":null},{"edgeID":"1765895","fromID":"1347926","toID":"1347922","formEdgeID":null},{"edgeID":"1765896","fromID":"1069899","toID":"1347927","formEdgeID":null},{"edgeID":"1765897","fromID":"1347927","toID":"1069877","formEdgeID":null},{"edgeID":"1765898","fromID":"1347926","toID":"1347928","formEdgeID":null},{"edgeID":"1765899","fromID":"1347928","toID":"1347927","formEdgeID":null},{"edgeID":"1765900","fromID":"1347853","toID":"1347929","formEdgeID":null},{"edgeID":"1765901","fromID":"1347929","toID":"1347854","formEdgeID":null},{"edgeID":"1765902","fromID":"1069815","toID":"1347930","formEdgeID":null},{"edgeID":"1765903","fromID":"1347930","toID":"1069809","formEdgeID":null},{"edgeID":"1765904","fromID":"1347872","toID":"1347931","formEdgeID":null},{"edgeID":"1765905","fromID":"1347931","toID":"1347930","formEdgeID":null},{"edgeID":"1765906","fromID":"1069837","toID":"1347932","formEdgeID":null},{"edgeID":"1765907","fromID":"1347932","toID":"1069829","formEdgeID":null},{"edgeID":"1765908","fromID":"1347891","toID":"1347933","formEdgeID":null},{"edgeID":"1765909","fromID":"1347933","toID":"1347932","formEdgeID":null},{"edgeID":"1765910","fromID":"1347936","toID":"1347935","formEdgeID":null},{"edgeID":"1765911","fromID":"1347937","toID":"1347936","formEdgeID":null},{"edgeID":"1765912","fromID":"1347939","toID":"1347938","formEdgeID":null},{"edgeID":"1765913","fromID":"1347940","toID":"1347939","formEdgeID":null},{"edgeID":"1765914","fromID":"1347887","toID":"1347941","formEdgeID":null},{"edgeID":"1765915","fromID":"1347941","toID":"1347935","formEdgeID":null},{"edgeID":"1765916","fromID":"1347935","toID":"1347942","formEdgeID":null},{"edgeID":"1765917","fromID":"1347942","toID":"1347938","formEdgeID":null},{"edgeID":"1765918","fromID":"1347938","toID":"1347943","formEdgeID":null},{"edgeID":"1765919","fromID":"1347943","toID":"1347934","formEdgeID":null},{"edgeID":"1765920","fromID":"1347946","toID":"1347945","formEdgeID":null},{"edgeID":"1765921","fromID":"1347947","toID":"1347946","formEdgeID":null},{"edgeID":"1765922","fromID":"1347950","toID":"1347949","formEdgeID":null},{"edgeID":"1765923","fromID":"1347951","toID":"1347950","formEdgeID":null},{"edgeID":"1765924","fromID":"1347953","toID":"1347952","formEdgeID":null},{"edgeID":"1765925","fromID":"1347954","toID":"1347953","formEdgeID":null},{"edgeID":"1765926","fromID":"1347956","toID":"1347955","formEdgeID":null},{"edgeID":"1765927","fromID":"1347957","toID":"1347956","formEdgeID":null},{"edgeID":"1765928","fromID":"1347935","toID":"1347958","formEdgeID":null},{"edgeID":"1765929","fromID":"1347958","toID":"1347945","formEdgeID":null},{"edgeID":"1765930","fromID":"1347945","toID":"1347959","formEdgeID":null},{"edgeID":"1765931","fromID":"1347959","toID":"1347949","formEdgeID":null},{"edgeID":"1765932","fromID":"1347949","toID":"1347960","formEdgeID":null},{"edgeID":"1765933","fromID":"1347960","toID":"1347910","formEdgeID":null},{"edgeID":"1765934","fromID":"1069883","toID":"1347961","formEdgeID":null},{"edgeID":"1765935","fromID":"1347961","toID":"1347948","formEdgeID":null},{"edgeID":"1765936","fromID":"1347960","toID":"1347962","formEdgeID":null},{"edgeID":"1765937","fromID":"1347962","toID":"1347961","formEdgeID":null},{"edgeID":"1765938","fromID":"1347945","toID":"1347963","formEdgeID":null},{"edgeID":"1765939","fromID":"1347963","toID":"1347955","formEdgeID":null},{"edgeID":"1765940","fromID":"1347949","toID":"1347964","formEdgeID":null},{"edgeID":"1765941","fromID":"1347964","toID":"1347952","formEdgeID":null},{"edgeID":"1765942","fromID":"1347955","toID":"1347965","formEdgeID":null},{"edgeID":"1765943","fromID":"1347965","toID":"1347944","formEdgeID":null},{"edgeID":"1765944","fromID":"1347952","toID":"1347966","formEdgeID":null},{"edgeID":"1765945","fromID":"1347966","toID":"1347948","formEdgeID":null},{"edgeID":"1765946","fromID":"1347944","toID":"1347967","formEdgeID":null},{"edgeID":"1765947","fromID":"1347967","toID":"1347934","formEdgeID":null},{"edgeID":"1765948","fromID":"1347958","toID":"1347968","formEdgeID":null},{"edgeID":"1765949","fromID":"1347968","toID":"1347967","formEdgeID":null}],"locutions":[]}