{"nodes":[{"nodeID":"1150271","text":"mortgage products are being withdrawn","type":"I","timestamp":"2023-04-20 20:12:48"},{"nodeID":"1150330","text":"we need hundreds of thousands more houses per year","type":"I","timestamp":"2023-04-20 20:13:12"},{"nodeID":"1150335","text":"let's build houses","type":"I","timestamp":"2023-04-20 20:13:15"},{"nodeID":"1150340","text":"we talk about the green revolution","type":"I","timestamp":"2023-04-20 20:13:17"},{"nodeID":"1150345","text":"we can make nuclear reactors","type":"I","timestamp":"2023-04-20 20:13:20"},{"nodeID":"1150355","text":"we can build nuclear reactors within 5 years","type":"I","timestamp":"2023-04-20 20:13:25"},{"nodeID":"1150365","text":"let's get on and build nuclear reactors","type":"I","timestamp":"2023-04-20 20:13:30"},{"nodeID":"1331453","text":"Fiona Bruce: mortgage products being withdrawn","type":"L","timestamp":"2023-11-09 13:39:39"},{"nodeID":"1331454","text":"Analysing","type":"YA","timestamp":"2023-11-09 13:39:39"},{"nodeID":"1331455","text":"Chris: Fiona Bruce: mortgage products being withdrawn","type":"L","timestamp":"2023-11-09 13:39:39"},{"nodeID":"1331456","text":"Asserting","type":"YA","timestamp":"2023-11-09 13:39:39"},{"nodeID":"1331457","text":"If you have got a 2.29% mortgage, it may run out next year","type":"I","timestamp":"2023-11-09 13:39:39"},{"nodeID":"1331458","text":"Karan Bilimoria: If you have got a 2.29%, it may run out next year","type":"L","timestamp":"2023-11-09 13:39:39"},{"nodeID":"1331459","text":"Analysing","type":"YA","timestamp":"2023-11-09 13:39:39"},{"nodeID":"1331460","text":"Chris: Karan Bilimoria: If you have got a 2.29%, it may run out next year","type":"L","timestamp":"2023-11-09 13:39:39"},{"nodeID":"1331461","text":"Asserting","type":"YA","timestamp":"2023-11-09 13:39:39"},{"nodeID":"1331462","text":"Default Transition","type":"TA","timestamp":"2023-11-09 13:39:39"},{"nodeID":"1331463","text":"your mortgage may run out in 2 years","type":"I","timestamp":"2023-11-09 13:39:40"},{"nodeID":"1331464","text":"Karan Bilimoria: It may run out in 2 years","type":"L","timestamp":"2023-11-09 13:39:40"},{"nodeID":"1331465","text":"Analysing","type":"YA","timestamp":"2023-11-09 13:39:40"},{"nodeID":"1331466","text":"Chris: Karan Bilimoria: It may run out in 2 years","type":"L","timestamp":"2023-11-09 13:39:40"},{"nodeID":"1331467","text":"Asserting","type":"YA","timestamp":"2023-11-09 13:39:40"},{"nodeID":"1331468","text":"Default Transition","type":"TA","timestamp":"2023-11-09 13:39:40"},{"nodeID":"1331469","text":"Default Rephrase","type":"MA","timestamp":"2023-11-09 13:39:40"},{"nodeID":"1331470","text":"mortgages will shoot up by 4%, 5%","type":"I","timestamp":"2023-11-09 13:39:41"},{"nodeID":"1331471","text":"Karan Bilimoria: It'll shoot up by 4%, 5%","type":"L","timestamp":"2023-11-09 13:39:41"},{"nodeID":"1331472","text":"Analysing","type":"YA","timestamp":"2023-11-09 13:39:41"},{"nodeID":"1331473","text":"Chris: Karan Bilimoria: It'll shoot up by 4%, 5%","type":"L","timestamp":"2023-11-09 13:39:41"},{"nodeID":"1331474","text":"Asserting","type":"YA","timestamp":"2023-11-09 13:39:41"},{"nodeID":"1331475","text":"Default Transition","type":"TA","timestamp":"2023-11-09 13:39:41"},{"nodeID":"1331476","text":"Default Inference","type":"RA","timestamp":"2023-11-09 13:39:41"},{"nodeID":"1331477","text":"banks will say can you meet the higher interest rate before they'll lend you money","type":"I","timestamp":"2023-11-09 13:39:41"},{"nodeID":"1331478","text":"Richard Bacon: Banks will say can you meet the higher interest rate before they'll lend you money","type":"L","timestamp":"2023-11-09 13:39:41"},{"nodeID":"1331479","text":"Analysing","type":"YA","timestamp":"2023-11-09 13:39:41"},{"nodeID":"1331480","text":"Chris: Richard Bacon: Banks will say can you meet the higher interest rate before they'll lend you money","type":"L","timestamp":"2023-11-09 13:39:41"},{"nodeID":"1331481","text":"Asserting","type":"YA","timestamp":"2023-11-09 13:39:41"},{"nodeID":"1331482","text":"Default Transition","type":"TA","timestamp":"2023-11-09 13:39:41"},{"nodeID":"1331483","text":"to give the Government credit, in this announcement on Friday, they said they would make house building easier","type":"I","timestamp":"2023-11-09 13:39:42"},{"nodeID":"1331484","text":"Karan Bilimoria: To give the Government credit, in this announcement on Friday, they said they would make house building easier","type":"L","timestamp":"2023-11-09 13:39:42"},{"nodeID":"1331485","text":"Analysing","type":"YA","timestamp":"2023-11-09 13:39:42"},{"nodeID":"1331486","text":"Chris: Karan Bilimoria: To give the Government credit, in this announcement on Friday, they said they would make house building easier","type":"L","timestamp":"2023-11-09 13:39:42"},{"nodeID":"1331487","text":"Asserting","type":"YA","timestamp":"2023-11-09 13:39:42"},{"nodeID":"1331488","text":"Default Transition","type":"TA","timestamp":"2023-11-09 13:39:42"},{"nodeID":"1331489","text":"let's see the action on it","type":"I","timestamp":"2023-11-09 13:39:42"},{"nodeID":"1331490","text":"Karan Bilimoria: let's see the action on it","type":"L","timestamp":"2023-11-09 13:39:42"},{"nodeID":"1331491","text":"Analysing","type":"YA","timestamp":"2023-11-09 13:39:42"},{"nodeID":"1331492","text":"Chris: Karan Bilimoria: let's see the action on it","type":"L","timestamp":"2023-11-09 13:39:42"},{"nodeID":"1331493","text":"Asserting","type":"YA","timestamp":"2023-11-09 13:39:42"},{"nodeID":"1331494","text":"Default Transition","type":"TA","timestamp":"2023-11-09 13:39:42"},{"nodeID":"1331495","text":"Default Conflict","type":"CA","timestamp":"2023-11-09 13:39:42"},{"nodeID":"1331496","text":"Disagreeing","type":"YA","timestamp":"2023-11-09 13:39:42"},{"nodeID":"1331497","text":"Karan Bilimoria: We need hundreds of thousands more houses per year","type":"L","timestamp":"2023-11-09 13:39:43"},{"nodeID":"1331498","text":"Analysing","type":"YA","timestamp":"2023-11-09 13:39:43"},{"nodeID":"1331499","text":"Chris: Karan Bilimoria: We need hundreds of thousands more houses per year","type":"L","timestamp":"2023-11-09 13:39:43"},{"nodeID":"1331500","text":"Asserting","type":"YA","timestamp":"2023-11-09 13:39:43"},{"nodeID":"1331501","text":"Default Transition","type":"TA","timestamp":"2023-11-09 13:39:43"},{"nodeID":"1331502","text":"Karan Bilimoria: Let's build them","type":"L","timestamp":"2023-11-09 13:39:44"},{"nodeID":"1331503","text":"Analysing","type":"YA","timestamp":"2023-11-09 13:39:44"},{"nodeID":"1331504","text":"Chris: Karan Bilimoria: Let's build them","type":"L","timestamp":"2023-11-09 13:39:44"},{"nodeID":"1331505","text":"Asserting","type":"YA","timestamp":"2023-11-09 13:39:44"},{"nodeID":"1331506","text":"Default Inference","type":"RA","timestamp":"2023-11-09 13:39:44"},{"nodeID":"1331507","text":"Default Rephrase","type":"MA","timestamp":"2023-11-09 13:39:44"},{"nodeID":"1331508","text":"Default Transition","type":"TA","timestamp":"2023-11-09 13:39:44"},{"nodeID":"1331509","text":"Arguing","type":"YA","timestamp":"2023-11-09 13:39:44"},{"nodeID":"1331510","text":"Default Transition","type":"TA","timestamp":"2023-11-09 13:39:44"},{"nodeID":"1331511","text":"Restating","type":"YA","timestamp":"2023-11-09 13:39:44"},{"nodeID":"1331512","text":"Karan Bilimoria: We talk about the green revolution","type":"L","timestamp":"2023-11-09 13:39:44"},{"nodeID":"1331513","text":"Analysing","type":"YA","timestamp":"2023-11-09 13:39:44"},{"nodeID":"1331514","text":"Chris: Karan Bilimoria: We talk about the green revolution","type":"L","timestamp":"2023-11-09 13:39:44"},{"nodeID":"1331515","text":"Asserting","type":"YA","timestamp":"2023-11-09 13:39:44"},{"nodeID":"1331516","text":"Default Transition","type":"TA","timestamp":"2023-11-09 13:39:44"},{"nodeID":"1331517","text":"Karan Bilimoria: we can make nuclear reactors","type":"L","timestamp":"2023-11-09 13:39:45"},{"nodeID":"1331518","text":"Analysing","type":"YA","timestamp":"2023-11-09 13:39:45"},{"nodeID":"1331519","text":"Chris: Karan Bilimoria: we can make nuclear reactors","type":"L","timestamp":"2023-11-09 13:39:45"},{"nodeID":"1331520","text":"Asserting","type":"YA","timestamp":"2023-11-09 13:39:45"},{"nodeID":"1331521","text":"Default Transition","type":"TA","timestamp":"2023-11-09 13:39:45"},{"nodeID":"1331522","text":"Rolls-Royce have nuclear technology","type":"I","timestamp":"2023-11-09 13:39:45"},{"nodeID":"1331523","text":"Karan Bilimoria: Rolls-Royce have the technology","type":"L","timestamp":"2023-11-09 13:39:45"},{"nodeID":"1331524","text":"Analysing","type":"YA","timestamp":"2023-11-09 13:39:45"},{"nodeID":"1331525","text":"Chris: Karan Bilimoria: Rolls-Royce have the technology","type":"L","timestamp":"2023-11-09 13:39:45"},{"nodeID":"1331526","text":"Asserting","type":"YA","timestamp":"2023-11-09 13:39:45"},{"nodeID":"1331527","text":"Default Transition","type":"TA","timestamp":"2023-11-09 13:39:45"},{"nodeID":"1331528","text":"Default Rephrase","type":"MA","timestamp":"2023-11-09 13:39:45"},{"nodeID":"1331529","text":"Restating","type":"YA","timestamp":"2023-11-09 13:39:45"},{"nodeID":"1331530","text":"Karan Bilimoria: We can build them within 5 years","type":"L","timestamp":"2023-11-09 13:39:46"},{"nodeID":"1331531","text":"Analysing","type":"YA","timestamp":"2023-11-09 13:39:46"},{"nodeID":"1331532","text":"Chris: Karan Bilimoria: We can build them within 5 years","type":"L","timestamp":"2023-11-09 13:39:46"},{"nodeID":"1331533","text":"Asserting","type":"YA","timestamp":"2023-11-09 13:39:46"},{"nodeID":"1331534","text":"Default Transition","type":"TA","timestamp":"2023-11-09 13:39:46"},{"nodeID":"1331535","text":"each single nuclear reactor can power a city the size of Sheffield","type":"I","timestamp":"2023-11-09 13:39:46"},{"nodeID":"1331536","text":"Karan Bilimoria: Each one can power a city the size of Sheffield","type":"L","timestamp":"2023-11-09 13:39:46"},{"nodeID":"1331537","text":"Analysing","type":"YA","timestamp":"2023-11-09 13:39:46"},{"nodeID":"1331538","text":"Chris: Karan Bilimoria: Each one can power a city the size of Sheffield","type":"L","timestamp":"2023-11-09 13:39:46"},{"nodeID":"1331539","text":"Asserting","type":"YA","timestamp":"2023-11-09 13:39:46"},{"nodeID":"1331540","text":"Default Transition","type":"TA","timestamp":"2023-11-09 13:39:46"},{"nodeID":"1331541","text":"Karan Bilimoria: Let's get on and build them","type":"L","timestamp":"2023-11-09 13:39:47"},{"nodeID":"1331542","text":"Analysing","type":"YA","timestamp":"2023-11-09 13:39:47"},{"nodeID":"1331543","text":"Chris: Karan Bilimoria: Let's get on and build them","type":"L","timestamp":"2023-11-09 13:39:47"},{"nodeID":"1331544","text":"Asserting","type":"YA","timestamp":"2023-11-09 13:39:47"},{"nodeID":"1331545","text":"Default Transition","type":"TA","timestamp":"2023-11-09 13:39:47"},{"nodeID":"1331546","text":"Default Inference","type":"RA","timestamp":"2023-11-09 13:39:47"},{"nodeID":"1331547","text":"Arguing","type":"YA","timestamp":"2023-11-09 13:39:47"},{"nodeID":"1331548","text":"in addition to being more difficult to buy your first home","type":"I","timestamp":"2023-11-09 13:39:48"},{"nodeID":"1331549","text":"AudienceMember 20221006QT53: in addition to being more difficult to buy your first home","type":"L","timestamp":"2023-11-09 13:39:48"},{"nodeID":"1331550","text":"Analysing","type":"YA","timestamp":"2023-11-09 13:39:48"},{"nodeID":"1331551","text":"Chris: AudienceMember 20221006QT53: in addition to being more difficult to buy your first home","type":"L","timestamp":"2023-11-09 13:39:48"},{"nodeID":"1331552","text":"Asserting","type":"YA","timestamp":"2023-11-09 13:39:48"},{"nodeID":"1331553","text":"actually selling one's home AudienceMember 20221006QT53 is finding is difficult at the moment","type":"I","timestamp":"2023-11-09 13:39:48"},{"nodeID":"1331554","text":"AudienceMember 20221006QT53: actually selling your home I'm finding is difficult at the moment","type":"L","timestamp":"2023-11-09 13:39:48"},{"nodeID":"1331555","text":"Analysing","type":"YA","timestamp":"2023-11-09 13:39:48"},{"nodeID":"1331556","text":"Chris: AudienceMember 20221006QT53: actually selling your home I'm finding is difficult at the moment","type":"L","timestamp":"2023-11-09 13:39:48"},{"nodeID":"1331557","text":"Asserting","type":"YA","timestamp":"2023-11-09 13:39:48"},{"nodeID":"1331558","text":"Default Rephrase","type":"MA","timestamp":"2023-11-09 13:39:48"},{"nodeID":"1331559","text":"Default Transition","type":"TA","timestamp":"2023-11-09 13:39:48"},{"nodeID":"1331560","text":"Restating","type":"YA","timestamp":"2023-11-09 13:39:48"},{"nodeID":"1331561","text":"in light of the cladding crisis that's ongoing at the moment, our insurer has actually demanded \u00a3250,000 from 52 leaseholders by the end of this month","type":"I","timestamp":"2023-11-09 13:39:49"},{"nodeID":"1331562","text":"AudienceMember 20221006QT53: in light of the cladding crisis that's ongoing at the moment, our insurer has actually demanded \u00a3250,000 from 52 leaseholders by the end of this month","type":"L","timestamp":"2023-11-09 13:39:49"},{"nodeID":"1331563","text":"Analysing","type":"YA","timestamp":"2023-11-09 13:39:49"},{"nodeID":"1331564","text":"Chris: AudienceMember 20221006QT53: in light of the cladding crisis that's ongoing at the moment, our insurer has actually demanded \u00a3250,000 from 52 leaseholders by the end of this month","type":"L","timestamp":"2023-11-09 13:39:49"},{"nodeID":"1331565","text":"Asserting","type":"YA","timestamp":"2023-11-09 13:39:49"},{"nodeID":"1331566","text":"Default Transition","type":"TA","timestamp":"2023-11-09 13:39:49"},{"nodeID":"1331567","text":"\u00a3250,000 between 52 leaseholders within a month is an impossible ask","type":"I","timestamp":"2023-11-09 13:39:49"},{"nodeID":"1331568","text":"AudienceMember 20221006QT53: which is an impossible ask","type":"L","timestamp":"2023-11-09 13:39:49"},{"nodeID":"1331569","text":"Analysing","type":"YA","timestamp":"2023-11-09 13:39:49"},{"nodeID":"1331570","text":"Chris: AudienceMember 20221006QT53: which is an impossible ask","type":"L","timestamp":"2023-11-09 13:39:49"},{"nodeID":"1331571","text":"Asserting","type":"YA","timestamp":"2023-11-09 13:39:49"},{"nodeID":"1331572","text":"Default Transition","type":"TA","timestamp":"2023-11-09 13:39:49"},{"nodeID":"1331573","text":"Default Rephrase","type":"MA","timestamp":"2023-11-09 13:39:49"},{"nodeID":"1331574","text":"Restating","type":"YA","timestamp":"2023-11-09 13:39:49"},{"nodeID":"1331575","text":"xxx is what are the Government doing to stop these profiteering companies","type":"I","timestamp":"2023-11-09 13:39:50"},{"nodeID":"1331576","text":"AudienceMember 20221006QT53: what are the Government doing to stop these profiteering companies","type":"L","timestamp":"2023-11-09 13:39:50"},{"nodeID":"1331577","text":"Analysing","type":"YA","timestamp":"2023-11-09 13:39:50"},{"nodeID":"1331578","text":"Chris: AudienceMember 20221006QT53: what are the Government doing to stop these profiteering companies","type":"L","timestamp":"2023-11-09 13:39:50"},{"nodeID":"1331579","text":"Pure Questioning","type":"YA","timestamp":"2023-11-09 13:39:50"},{"nodeID":"1331580","text":"Default Transition","type":"TA","timestamp":"2023-11-09 13:39:50"},{"nodeID":"1331581","text":"this is or is not part of helping the rich over the leaseholders of the country","type":"I","timestamp":"2023-11-09 13:39:51"},{"nodeID":"1331582","text":"AudienceMember 20221006QT53: Is this part of helping the rich over the leaseholders of the country","type":"L","timestamp":"2023-11-09 13:39:51"},{"nodeID":"1331583","text":"Analysing","type":"YA","timestamp":"2023-11-09 13:39:51"},{"nodeID":"1331584","text":"Chris: AudienceMember 20221006QT53: Is this part of helping the rich over the leaseholders of the country","type":"L","timestamp":"2023-11-09 13:39:51"},{"nodeID":"1331585","text":"Pure Questioning","type":"YA","timestamp":"2023-11-09 13:39:51"},{"nodeID":"1331586","text":"Default Transition","type":"TA","timestamp":"2023-11-09 13:39:51"},{"nodeID":"1331587","text":"Default Rephrase","type":"MA","timestamp":"2023-11-09 13:39:51"},{"nodeID":"1331588","text":"Restating","type":"YA","timestamp":"2023-11-09 13:39:51"},{"nodeID":"1331589","text":"Default Rephrase","type":"MA","timestamp":"2023-11-09 13:39:51"},{"nodeID":"1331590","text":"Default Transition","type":"TA","timestamp":"2023-11-09 13:39:51"},{"nodeID":"1331591","text":"Restating","type":"YA","timestamp":"2023-11-09 13:39:51"},{"nodeID":"1331592","text":"Restating","type":"YA","timestamp":"2023-11-09 13:39:51"},{"nodeID":"1331593","text":"Arguing","type":"YA","timestamp":"2023-11-09 13:39:51"},{"nodeID":"1331594","text":"Default Rephrase","type":"MA","timestamp":"2023-11-09 13:39:51"},{"nodeID":"1331595","text":"Default Transition","type":"TA","timestamp":"2023-11-09 13:39:51"},{"nodeID":"1331596","text":"Restating","type":"YA","timestamp":"2023-11-09 13:39:51"},{"nodeID":"1331597","text":"Default Transition","type":"TA","timestamp":"2023-11-09 13:39:51"}],"edges":[{"edgeID":"1746204","fromID":"1331454","toID":"1331453","formEdgeID":null},{"edgeID":"1746205","fromID":"1331455","toID":"1331454","formEdgeID":null},{"edgeID":"1746206","fromID":"1331453","toID":"1331456","formEdgeID":null},{"edgeID":"1746207","fromID":"1331456","toID":"1150271","formEdgeID":null},{"edgeID":"1746208","fromID":"1331459","toID":"1331458","formEdgeID":null},{"edgeID":"1746209","fromID":"1331460","toID":"1331459","formEdgeID":null},{"edgeID":"1746210","fromID":"1331458","toID":"1331461","formEdgeID":null},{"edgeID":"1746211","fromID":"1331461","toID":"1331457","formEdgeID":null},{"edgeID":"1746212","fromID":"1331453","toID":"1331462","formEdgeID":null},{"edgeID":"1746213","fromID":"1331462","toID":"1331458","formEdgeID":null},{"edgeID":"1746214","fromID":"1331465","toID":"1331464","formEdgeID":null},{"edgeID":"1746215","fromID":"1331466","toID":"1331465","formEdgeID":null},{"edgeID":"1746216","fromID":"1331464","toID":"1331467","formEdgeID":null},{"edgeID":"1746217","fromID":"1331467","toID":"1331463","formEdgeID":null},{"edgeID":"1746218","fromID":"1331458","toID":"1331468","formEdgeID":null},{"edgeID":"1746219","fromID":"1331468","toID":"1331464","formEdgeID":null},{"edgeID":"1746220","fromID":"1331463","toID":"1331469","formEdgeID":null},{"edgeID":"1746221","fromID":"1331469","toID":"1331457","formEdgeID":null},{"edgeID":"1746222","fromID":"1331472","toID":"1331471","formEdgeID":null},{"edgeID":"1746223","fromID":"1331473","toID":"1331472","formEdgeID":null},{"edgeID":"1746224","fromID":"1331471","toID":"1331474","formEdgeID":null},{"edgeID":"1746225","fromID":"1331474","toID":"1331470","formEdgeID":null},{"edgeID":"1746226","fromID":"1331464","toID":"1331475","formEdgeID":null},{"edgeID":"1746227","fromID":"1331475","toID":"1331471","formEdgeID":null},{"edgeID":"1746228","fromID":"1331463","toID":"1331476","formEdgeID":null},{"edgeID":"1746229","fromID":"1331476","toID":"1331470","formEdgeID":null},{"edgeID":"1746230","fromID":"1331457","toID":"1331476","formEdgeID":null},{"edgeID":"1746231","fromID":"1331479","toID":"1331478","formEdgeID":null},{"edgeID":"1746232","fromID":"1331480","toID":"1331479","formEdgeID":null},{"edgeID":"1746233","fromID":"1331478","toID":"1331481","formEdgeID":null},{"edgeID":"1746234","fromID":"1331481","toID":"1331477","formEdgeID":null},{"edgeID":"1746235","fromID":"1331471","toID":"1331482","formEdgeID":null},{"edgeID":"1746236","fromID":"1331482","toID":"1331478","formEdgeID":null},{"edgeID":"1746237","fromID":"1331485","toID":"1331484","formEdgeID":null},{"edgeID":"1746238","fromID":"1331486","toID":"1331485","formEdgeID":null},{"edgeID":"1746239","fromID":"1331484","toID":"1331487","formEdgeID":null},{"edgeID":"1746240","fromID":"1331487","toID":"1331483","formEdgeID":null},{"edgeID":"1746241","fromID":"1331478","toID":"1331488","formEdgeID":null},{"edgeID":"1746242","fromID":"1331488","toID":"1331484","formEdgeID":null},{"edgeID":"1746243","fromID":"1331491","toID":"1331490","formEdgeID":null},{"edgeID":"1746244","fromID":"1331492","toID":"1331491","formEdgeID":null},{"edgeID":"1746245","fromID":"1331490","toID":"1331493","formEdgeID":null},{"edgeID":"1746246","fromID":"1331493","toID":"1331489","formEdgeID":null},{"edgeID":"1746247","fromID":"1331484","toID":"1331494","formEdgeID":null},{"edgeID":"1746248","fromID":"1331494","toID":"1331490","formEdgeID":null},{"edgeID":"1746249","fromID":"1331489","toID":"1331495","formEdgeID":null},{"edgeID":"1746250","fromID":"1331495","toID":"1331483","formEdgeID":null},{"edgeID":"1746251","fromID":"1331494","toID":"1331496","formEdgeID":null},{"edgeID":"1746252","fromID":"1331496","toID":"1331495","formEdgeID":null},{"edgeID":"1746253","fromID":"1331498","toID":"1331497","formEdgeID":null},{"edgeID":"1746254","fromID":"1331499","toID":"1331498","formEdgeID":null},{"edgeID":"1746255","fromID":"1331497","toID":"1331500","formEdgeID":null},{"edgeID":"1746256","fromID":"1331500","toID":"1150330","formEdgeID":null},{"edgeID":"1746257","fromID":"1331490","toID":"1331501","formEdgeID":null},{"edgeID":"1746258","fromID":"1331501","toID":"1331497","formEdgeID":null},{"edgeID":"1746259","fromID":"1331503","toID":"1331502","formEdgeID":null},{"edgeID":"1746260","fromID":"1331504","toID":"1331503","formEdgeID":null},{"edgeID":"1746261","fromID":"1331502","toID":"1331505","formEdgeID":null},{"edgeID":"1746262","fromID":"1331505","toID":"1150335","formEdgeID":null},{"edgeID":"1746263","fromID":"1150330","toID":"1331506","formEdgeID":null},{"edgeID":"1746264","fromID":"1331506","toID":"1150335","formEdgeID":null},{"edgeID":"1746265","fromID":"1150335","toID":"1331507","formEdgeID":null},{"edgeID":"1746266","fromID":"1331507","toID":"1331489","formEdgeID":null},{"edgeID":"1746267","fromID":"1331497","toID":"1331508","formEdgeID":null},{"edgeID":"1746268","fromID":"1331508","toID":"1331502","formEdgeID":null},{"edgeID":"1746269","fromID":"1331508","toID":"1331509","formEdgeID":null},{"edgeID":"1746270","fromID":"1331509","toID":"1331506","formEdgeID":null},{"edgeID":"1746271","fromID":"1331490","toID":"1331510","formEdgeID":null},{"edgeID":"1746272","fromID":"1331510","toID":"1331502","formEdgeID":null},{"edgeID":"1746273","fromID":"1331510","toID":"1331511","formEdgeID":null},{"edgeID":"1746274","fromID":"1331511","toID":"1331507","formEdgeID":null},{"edgeID":"1746275","fromID":"1331513","toID":"1331512","formEdgeID":null},{"edgeID":"1746276","fromID":"1331514","toID":"1331513","formEdgeID":null},{"edgeID":"1746277","fromID":"1331512","toID":"1331515","formEdgeID":null},{"edgeID":"1746278","fromID":"1331515","toID":"1150340","formEdgeID":null},{"edgeID":"1746279","fromID":"1331502","toID":"1331516","formEdgeID":null},{"edgeID":"1746280","fromID":"1331516","toID":"1331512","formEdgeID":null},{"edgeID":"1746281","fromID":"1331518","toID":"1331517","formEdgeID":null},{"edgeID":"1746282","fromID":"1331519","toID":"1331518","formEdgeID":null},{"edgeID":"1746283","fromID":"1331517","toID":"1331520","formEdgeID":null},{"edgeID":"1746284","fromID":"1331520","toID":"1150345","formEdgeID":null},{"edgeID":"1746285","fromID":"1331512","toID":"1331521","formEdgeID":null},{"edgeID":"1746286","fromID":"1331521","toID":"1331517","formEdgeID":null},{"edgeID":"1746287","fromID":"1331524","toID":"1331523","formEdgeID":null},{"edgeID":"1746288","fromID":"1331525","toID":"1331524","formEdgeID":null},{"edgeID":"1746289","fromID":"1331523","toID":"1331526","formEdgeID":null},{"edgeID":"1746290","fromID":"1331526","toID":"1331522","formEdgeID":null},{"edgeID":"1746291","fromID":"1331517","toID":"1331527","formEdgeID":null},{"edgeID":"1746292","fromID":"1331527","toID":"1331523","formEdgeID":null},{"edgeID":"1746293","fromID":"1331522","toID":"1331528","formEdgeID":null},{"edgeID":"1746294","fromID":"1331528","toID":"1150345","formEdgeID":null},{"edgeID":"1746295","fromID":"1331527","toID":"1331529","formEdgeID":null},{"edgeID":"1746296","fromID":"1331529","toID":"1331528","formEdgeID":null},{"edgeID":"1746297","fromID":"1331531","toID":"1331530","formEdgeID":null},{"edgeID":"1746298","fromID":"1331532","toID":"1331531","formEdgeID":null},{"edgeID":"1746299","fromID":"1331530","toID":"1331533","formEdgeID":null},{"edgeID":"1746300","fromID":"1331533","toID":"1150355","formEdgeID":null},{"edgeID":"1746301","fromID":"1331523","toID":"1331534","formEdgeID":null},{"edgeID":"1746302","fromID":"1331534","toID":"1331530","formEdgeID":null},{"edgeID":"1746303","fromID":"1331537","toID":"1331536","formEdgeID":null},{"edgeID":"1746304","fromID":"1331538","toID":"1331537","formEdgeID":null},{"edgeID":"1746305","fromID":"1331536","toID":"1331539","formEdgeID":null},{"edgeID":"1746306","fromID":"1331539","toID":"1331535","formEdgeID":null},{"edgeID":"1746307","fromID":"1331530","toID":"1331540","formEdgeID":null},{"edgeID":"1746308","fromID":"1331540","toID":"1331536","formEdgeID":null},{"edgeID":"1746309","fromID":"1331542","toID":"1331541","formEdgeID":null},{"edgeID":"1746310","fromID":"1331543","toID":"1331542","formEdgeID":null},{"edgeID":"1746311","fromID":"1331541","toID":"1331544","formEdgeID":null},{"edgeID":"1746312","fromID":"1331544","toID":"1150365","formEdgeID":null},{"edgeID":"1746313","fromID":"1331536","toID":"1331545","formEdgeID":null},{"edgeID":"1746314","fromID":"1331545","toID":"1331541","formEdgeID":null},{"edgeID":"1746315","fromID":"1331535","toID":"1331546","formEdgeID":null},{"edgeID":"1746316","fromID":"1331546","toID":"1150365","formEdgeID":null},{"edgeID":"1746317","fromID":"1150355","toID":"1331546","formEdgeID":null},{"edgeID":"1746318","fromID":"1150345","toID":"1331546","formEdgeID":null},{"edgeID":"1746319","fromID":"1150340","toID":"1331546","formEdgeID":null},{"edgeID":"1746320","fromID":"1331545","toID":"1331547","formEdgeID":null},{"edgeID":"1746321","fromID":"1331547","toID":"1331546","formEdgeID":null},{"edgeID":"1746322","fromID":"1331550","toID":"1331549","formEdgeID":null},{"edgeID":"1746323","fromID":"1331551","toID":"1331550","formEdgeID":null},{"edgeID":"1746324","fromID":"1331549","toID":"1331552","formEdgeID":null},{"edgeID":"1746325","fromID":"1331552","toID":"1331548","formEdgeID":null},{"edgeID":"1746326","fromID":"1331555","toID":"1331554","formEdgeID":null},{"edgeID":"1746327","fromID":"1331556","toID":"1331555","formEdgeID":null},{"edgeID":"1746328","fromID":"1331554","toID":"1331557","formEdgeID":null},{"edgeID":"1746329","fromID":"1331557","toID":"1331553","formEdgeID":null},{"edgeID":"1746330","fromID":"1331553","toID":"1331558","formEdgeID":null},{"edgeID":"1746331","fromID":"1331558","toID":"1331548","formEdgeID":null},{"edgeID":"1746332","fromID":"1331549","toID":"1331559","formEdgeID":null},{"edgeID":"1746333","fromID":"1331559","toID":"1331554","formEdgeID":null},{"edgeID":"1746334","fromID":"1331559","toID":"1331560","formEdgeID":null},{"edgeID":"1746335","fromID":"1331560","toID":"1331558","formEdgeID":null},{"edgeID":"1746336","fromID":"1331563","toID":"1331562","formEdgeID":null},{"edgeID":"1746337","fromID":"1331564","toID":"1331563","formEdgeID":null},{"edgeID":"1746338","fromID":"1331562","toID":"1331565","formEdgeID":null},{"edgeID":"1746339","fromID":"1331565","toID":"1331561","formEdgeID":null},{"edgeID":"1746340","fromID":"1331554","toID":"1331566","formEdgeID":null},{"edgeID":"1746341","fromID":"1331566","toID":"1331562","formEdgeID":null},{"edgeID":"1746342","fromID":"1331569","toID":"1331568","formEdgeID":null},{"edgeID":"1746343","fromID":"1331570","toID":"1331569","formEdgeID":null},{"edgeID":"1746344","fromID":"1331568","toID":"1331571","formEdgeID":null},{"edgeID":"1746345","fromID":"1331571","toID":"1331567","formEdgeID":null},{"edgeID":"1746346","fromID":"1331562","toID":"1331572","formEdgeID":null},{"edgeID":"1746347","fromID":"1331572","toID":"1331568","formEdgeID":null},{"edgeID":"1746348","fromID":"1331567","toID":"1331573","formEdgeID":null},{"edgeID":"1746349","fromID":"1331573","toID":"1331561","formEdgeID":null},{"edgeID":"1746350","fromID":"1331572","toID":"1331574","formEdgeID":null},{"edgeID":"1746351","fromID":"1331574","toID":"1331573","formEdgeID":null},{"edgeID":"1746352","fromID":"1331577","toID":"1331576","formEdgeID":null},{"edgeID":"1746353","fromID":"1331578","toID":"1331577","formEdgeID":null},{"edgeID":"1746354","fromID":"1331576","toID":"1331579","formEdgeID":null},{"edgeID":"1746355","fromID":"1331579","toID":"1331575","formEdgeID":null},{"edgeID":"1746356","fromID":"1331568","toID":"1331580","formEdgeID":null},{"edgeID":"1746357","fromID":"1331580","toID":"1331576","formEdgeID":null},{"edgeID":"1746358","fromID":"1331583","toID":"1331582","formEdgeID":null},{"edgeID":"1746359","fromID":"1331584","toID":"1331583","formEdgeID":null},{"edgeID":"1746360","fromID":"1331582","toID":"1331585","formEdgeID":null},{"edgeID":"1746361","fromID":"1331585","toID":"1331581","formEdgeID":null},{"edgeID":"1746362","fromID":"1331576","toID":"1331586","formEdgeID":null},{"edgeID":"1746363","fromID":"1331586","toID":"1331582","formEdgeID":null},{"edgeID":"1746364","fromID":"1331581","toID":"1331587","formEdgeID":null},{"edgeID":"1746365","fromID":"1331587","toID":"1331575","formEdgeID":null},{"edgeID":"1746366","fromID":"1331586","toID":"1331588","formEdgeID":null},{"edgeID":"1746367","fromID":"1331588","toID":"1331587","formEdgeID":null},{"edgeID":"1746368","fromID":"1331575","toID":"1331589","formEdgeID":null},{"edgeID":"1746369","fromID":"1331589","toID":"1331561","formEdgeID":null},{"edgeID":"1746370","fromID":"1331562","toID":"1331590","formEdgeID":null},{"edgeID":"1746371","fromID":"1331590","toID":"1331576","formEdgeID":null},{"edgeID":"1746372","fromID":"1331590","toID":"1331591","formEdgeID":null},{"edgeID":"1746373","fromID":"1331591","toID":"1331589","formEdgeID":null},{"edgeID":"1746374","fromID":"1331468","toID":"1331592","formEdgeID":null},{"edgeID":"1746375","fromID":"1331592","toID":"1331469","formEdgeID":null},{"edgeID":"1746376","fromID":"1331475","toID":"1331593","formEdgeID":null},{"edgeID":"1746377","fromID":"1331593","toID":"1331476","formEdgeID":null},{"edgeID":"1746378","fromID":"1150355","toID":"1331594","formEdgeID":null},{"edgeID":"1746379","fromID":"1331594","toID":"1150345","formEdgeID":null},{"edgeID":"1746380","fromID":"1331517","toID":"1331595","formEdgeID":null},{"edgeID":"1746381","fromID":"1331595","toID":"1331530","formEdgeID":null},{"edgeID":"1746382","fromID":"1331595","toID":"1331596","formEdgeID":null},{"edgeID":"1746383","fromID":"1331596","toID":"1331594","formEdgeID":null},{"edgeID":"1746384","fromID":"1331541","toID":"1331597","formEdgeID":null},{"edgeID":"1746385","fromID":"1331597","toID":"1331549","formEdgeID":null}],"locutions":[]}