{"nodes":[{"nodeID":"1333744","text":"Richard Bacon has to be careful with polls projecting","type":"I","timestamp":"2023-11-09 13:42:44"},{"nodeID":"1333745","text":"Fiona Bruce: You have to be careful with polls projecting","type":"L","timestamp":"2023-11-09 13:42:44"},{"nodeID":"1333746","text":"Ella: Fiona Bruce: You have to be careful with polls projecting","type":"L","timestamp":"2023-11-09 13:42:44"},{"nodeID":"1333747","text":"Richard Bacon: I 100% agree with you","type":"L","timestamp":"2023-11-09 13:42:44"},{"nodeID":"1333748","text":"Ella: Richard Bacon: I 100% agree with you","type":"L","timestamp":"2023-11-09 13:42:44"},{"nodeID":"1333749","text":"33 point lead to Labour seems like an extraordinary reaction to what happened last Friday","type":"I","timestamp":"2023-11-09 13:42:45"},{"nodeID":"1333750","text":"Richard Bacon: It seems like an extraordinary reaction to what happened last Friday","type":"L","timestamp":"2023-11-09 13:42:45"},{"nodeID":"1333751","text":"Ella: Richard Bacon: It seems like an extraordinary reaction to what happened last Friday","type":"L","timestamp":"2023-11-09 13:42:45"},{"nodeID":"1333752","text":"Liz Truss could go down in history as the person who wiped out the Conservatives","type":"I","timestamp":"2023-11-09 13:42:46"},{"nodeID":"1333753","text":"Richard Bacon: Liz Truss could go down in history as the person who wiped out the Conservatives","type":"L","timestamp":"2023-11-09 13:42:46"},{"nodeID":"1333754","text":"Ella: Richard Bacon: Liz Truss could go down in history as the person who wiped out the Conservatives","type":"L","timestamp":"2023-11-09 13:42:46"},{"nodeID":"1333755","text":"Keir Starmer can or can not make good on all his promises","type":"I","timestamp":"2023-11-09 13:42:46"},{"nodeID":"1333756","text":"Fiona Bruce: Can Keir Starmer make good on all his promises","type":"L","timestamp":"2023-11-09 13:42:46"},{"nodeID":"1333757","text":"Ella: Fiona Bruce: Can Keir Starmer make good on all his promises","type":"L","timestamp":"2023-11-09 13:42:46"},{"nodeID":"1333758","text":"xxx is who is going to end up paying for Keir Starmer's promises","type":"I","timestamp":"2023-11-09 13:42:47"},{"nodeID":"1333759","text":"Fiona Bruce: who is going to end up paying for it","type":"L","timestamp":"2023-11-09 13:42:47"},{"nodeID":"1333760","text":"Ella: Fiona Bruce: who is going to end up paying for it","type":"L","timestamp":"2023-11-09 13:42:47"},{"nodeID":"1333761","text":"Paul Scully heard this in '97 and Paul Scully heard it when Jeremy Corbyn and the Labour Party are going to get wiped out","type":"I","timestamp":"2023-11-09 13:42:47"},{"nodeID":"1333762","text":"Paul Scully: I heard this in '97 and I heard it when Jeremy Corbyn and the Labour Party are going to get wiped out","type":"L","timestamp":"2023-11-09 13:42:47"},{"nodeID":"1333763","text":"Ella: Paul Scully: I heard this in '97 and I heard it when Jeremy Corbyn and the Labour Party are going to get wiped out","type":"L","timestamp":"2023-11-09 13:42:47"},{"nodeID":"1333764","text":"it doesn't really happen","type":"I","timestamp":"2023-11-09 13:42:48"},{"nodeID":"1333765","text":"Paul Scully: It doesn't really happen","type":"L","timestamp":"2023-11-09 13:42:48"},{"nodeID":"1333766","text":"Ella: Paul Scully: It doesn't really happen","type":"L","timestamp":"2023-11-09 13:42:48"},{"nodeID":"1333767","text":"we've got 2 years","type":"I","timestamp":"2023-11-09 13:42:49"},{"nodeID":"1333768","text":"Paul Scully: we've got 2 years","type":"L","timestamp":"2023-11-09 13:42:49"},{"nodeID":"1333769","text":"Ella: Paul Scully: we've got 2 years","type":"L","timestamp":"2023-11-09 13:42:49"},{"nodeID":"1333770","text":"we're a government in a hurry to deliver","type":"I","timestamp":"2023-11-09 13:42:49"},{"nodeID":"1333771","text":"Paul Scully: we're a government in a hurry, to deliver","type":"L","timestamp":"2023-11-09 13:42:49"},{"nodeID":"1333772","text":"Ella: Paul Scully: we're a government in a hurry, to deliver","type":"L","timestamp":"2023-11-09 13:42:49"},{"nodeID":"1333773","text":"we've reversed the national insurance levy","type":"I","timestamp":"2023-11-09 13:42:50"},{"nodeID":"1333774","text":"Paul Scully: we've reversed the national insurance levy","type":"L","timestamp":"2023-11-09 13:42:50"},{"nodeID":"1333775","text":"Ella: Paul Scully: we've reversed the national insurance levy","type":"L","timestamp":"2023-11-09 13:42:50"},{"nodeID":"1333776","text":"the Labour Party were in favour of the national insurance levy 6 months ago","type":"I","timestamp":"2023-11-09 13:42:50"},{"nodeID":"1333777","text":"Paul Scully: the Labour Party were in favour of that, 6 months ago","type":"L","timestamp":"2023-11-09 13:42:50"},{"nodeID":"1333778","text":"Ella: Paul Scully: the Labour Party were in favour of that, 6 months ago","type":"L","timestamp":"2023-11-09 13:42:50"},{"nodeID":"1333779","text":"now the Labour Party are against the national insurance levy","type":"I","timestamp":"2023-11-09 13:42:51"},{"nodeID":"1333780","text":"Paul Scully: Now they're against it","type":"L","timestamp":"2023-11-09 13:42:51"},{"nodeID":"1333781","text":"Ella: Paul Scully: Now they're against it","type":"L","timestamp":"2023-11-09 13:42:51"},{"nodeID":"1333782","text":"the Labour Party are using the polar opposite argument","type":"I","timestamp":"2023-11-09 13:42:52"},{"nodeID":"1333783","text":"Paul Scully: they're using the polar opposite argument","type":"L","timestamp":"2023-11-09 13:42:52"},{"nodeID":"1333784","text":"Ella: Paul Scully: they're using the polar opposite argument","type":"L","timestamp":"2023-11-09 13:42:52"},{"nodeID":"1333785","text":"the Labour Party talked about the windfall tax","type":"I","timestamp":"2023-11-09 13:42:52"},{"nodeID":"1333786","text":"Paul Scully: they talked about the windfall tax","type":"L","timestamp":"2023-11-09 13:42:52"},{"nodeID":"1333787","text":"Ella: Paul Scully: they talked about the windfall tax","type":"L","timestamp":"2023-11-09 13:42:52"},{"nodeID":"1333788","text":"Bridget Phillipson talked about all the money that oil and gas companies are making","type":"I","timestamp":"2023-11-09 13:42:53"},{"nodeID":"1333789","text":"Paul Scully: Bridget talked about all the money that oil and gas companies are making","type":"L","timestamp":"2023-11-09 13:42:53"},{"nodeID":"1333790","text":"Ella: Paul Scully: Bridget talked about all the money that oil and gas companies are making","type":"L","timestamp":"2023-11-09 13:42:53"},{"nodeID":"1333791","text":"the Labour Party want to still cite the money that oil and gas companies now even though it is false","type":"I","timestamp":"2023-11-09 13:42:54"},{"nodeID":"1333792","text":"Paul Scully: They want to still cite it now even though it is false","type":"L","timestamp":"2023-11-09 13:42:54"},{"nodeID":"1333793","text":"Ella: Paul Scully: They want to still cite it now even though it is false","type":"L","timestamp":"2023-11-09 13:42:54"},{"nodeID":"1333794","text":"\u00a3170 billion, that's the global profits of every single oil and gas company","type":"I","timestamp":"2023-11-09 13:42:54"},{"nodeID":"1333795","text":"Paul Scully:  \u00a3170 billion, that's the global profits of every single oil and gas company","type":"L","timestamp":"2023-11-09 13:42:54"},{"nodeID":"1333796","text":"Ella: Paul Scully:  \u00a3170 billion, that's the global profits of every single oil and gas company","type":"L","timestamp":"2023-11-09 13:42:54"},{"nodeID":"1333797","text":"Paul Scully can or can not justify the costs","type":"I","timestamp":"2023-11-09 13:42:55"},{"nodeID":"1333798","text":"Bridget Phillipson: Can you justify the costs","type":"L","timestamp":"2023-11-09 13:42:55"},{"nodeID":"1333799","text":"Ella: Bridget Phillipson: Can you justify the costs","type":"L","timestamp":"2023-11-09 13:42:55"},{"nodeID":"1333800","text":"people here pay for it","type":"I","timestamp":"2023-11-09 13:42:56"},{"nodeID":"1333801","text":"Bridget Phillipson: People here pay for it","type":"L","timestamp":"2023-11-09 13:42:56"},{"nodeID":"1333802","text":"Ella: Bridget Phillipson: People here pay for it","type":"L","timestamp":"2023-11-09 13:42:56"},{"nodeID":"1333803","text":"the oil and gas companies can make a profit","type":"I","timestamp":"2023-11-09 13:42:56"},{"nodeID":"1333804","text":"Bridget Phillipson: the oil and gas companies can make a profit","type":"L","timestamp":"2023-11-09 13:42:56"},{"nodeID":"1333805","text":"Ella: Bridget Phillipson: the oil and gas companies can make a profit","type":"L","timestamp":"2023-11-09 13:42:56"},{"nodeID":"1333806","text":"massive profit","type":"I","timestamp":"2023-11-09 13:42:57"},{"nodeID":"1333807","text":"Bridget Phillipson: Massive profit","type":"L","timestamp":"2023-11-09 13:42:57"},{"nodeID":"1333808","text":"Ella: Bridget Phillipson: Massive profit","type":"L","timestamp":"2023-11-09 13:42:57"},{"nodeID":"1333809","text":"you have a windfall tax","type":"I","timestamp":"2023-11-09 13:42:57"},{"nodeID":"1333810","text":"Fiona Bruce: You have a windfall tax","type":"L","timestamp":"2023-11-09 13:42:57"},{"nodeID":"1333811","text":"Ella: Fiona Bruce: You have a windfall tax","type":"L","timestamp":"2023-11-09 13:42:57"},{"nodeID":"1333812","text":"we have the energy levy still in place","type":"I","timestamp":"2023-11-09 13:42:58"},{"nodeID":"1333813","text":"Paul Scully: We have the energy levy still in place","type":"L","timestamp":"2023-11-09 13:42:58"},{"nodeID":"1333814","text":"Ella: Paul Scully: We have the energy levy still in place","type":"L","timestamp":"2023-11-09 13:42:58"},{"nodeID":"1333815","text":"Analysing","type":"YA","timestamp":"2023-11-09 13:42:58"},{"nodeID":"1333816","text":"Asserting","type":"YA","timestamp":"2023-11-09 13:42:58"},{"nodeID":"1333817","text":"Analysing","type":"YA","timestamp":"2023-11-09 13:42:58"},{"nodeID":"1333818","text":"Default Transition","type":"TA","timestamp":"2023-11-09 13:42:58"},{"nodeID":"1333819","text":"Agreeing","type":"YA","timestamp":"2023-11-09 13:42:58"},{"nodeID":"1333820","text":"Analysing","type":"YA","timestamp":"2023-11-09 13:42:58"},{"nodeID":"1333821","text":"Asserting","type":"YA","timestamp":"2023-11-09 13:42:58"},{"nodeID":"1333822","text":"Default Transition","type":"TA","timestamp":"2023-11-09 13:42:58"},{"nodeID":"1333823","text":"Analysing","type":"YA","timestamp":"2023-11-09 13:42:58"},{"nodeID":"1333824","text":"Asserting","type":"YA","timestamp":"2023-11-09 13:42:58"},{"nodeID":"1333825","text":"Default Transition","type":"TA","timestamp":"2023-11-09 13:42:58"},{"nodeID":"1333826","text":"Analysing","type":"YA","timestamp":"2023-11-09 13:42:58"},{"nodeID":"1333827","text":"Pure Questioning","type":"YA","timestamp":"2023-11-09 13:42:58"},{"nodeID":"1333828","text":"Default Transition","type":"TA","timestamp":"2023-11-09 13:42:58"},{"nodeID":"1333829","text":"Analysing","type":"YA","timestamp":"2023-11-09 13:42:58"},{"nodeID":"1333830","text":"Pure Questioning","type":"YA","timestamp":"2023-11-09 13:42:58"},{"nodeID":"1333831","text":"Default Transition","type":"TA","timestamp":"2023-11-09 13:42:58"},{"nodeID":"1333832","text":"Default Rephrase","type":"MA","timestamp":"2023-11-09 13:42:58"},{"nodeID":"1333833","text":"Restating","type":"YA","timestamp":"2023-11-09 13:42:58"},{"nodeID":"1333834","text":"Analysing","type":"YA","timestamp":"2023-11-09 13:42:58"},{"nodeID":"1333835","text":"Asserting","type":"YA","timestamp":"2023-11-09 13:42:58"},{"nodeID":"1333836","text":"Analysing","type":"YA","timestamp":"2023-11-09 13:42:58"},{"nodeID":"1333837","text":"Asserting","type":"YA","timestamp":"2023-11-09 13:42:58"},{"nodeID":"1333838","text":"Analysing","type":"YA","timestamp":"2023-11-09 13:42:58"},{"nodeID":"1333839","text":"Asserting","type":"YA","timestamp":"2023-11-09 13:42:58"},{"nodeID":"1333840","text":"Analysing","type":"YA","timestamp":"2023-11-09 13:42:58"},{"nodeID":"1333841","text":"Asserting","type":"YA","timestamp":"2023-11-09 13:42:58"},{"nodeID":"1333842","text":"Default Transition","type":"TA","timestamp":"2023-11-09 13:42:58"},{"nodeID":"1333843","text":"Default Transition","type":"TA","timestamp":"2023-11-09 13:42:58"},{"nodeID":"1333844","text":"Default Transition","type":"TA","timestamp":"2023-11-09 13:42:58"},{"nodeID":"1333845","text":"Default Inference","type":"RA","timestamp":"2023-11-09 13:42:58"},{"nodeID":"1333846","text":"Default Transition","type":"TA","timestamp":"2023-11-09 13:42:58"},{"nodeID":"1333847","text":"Arguing","type":"YA","timestamp":"2023-11-09 13:42:58"},{"nodeID":"1333848","text":"Analysing","type":"YA","timestamp":"2023-11-09 13:42:58"},{"nodeID":"1333849","text":"Asserting","type":"YA","timestamp":"2023-11-09 13:42:58"},{"nodeID":"1333850","text":"Analysing","type":"YA","timestamp":"2023-11-09 13:42:58"},{"nodeID":"1333851","text":"Asserting","type":"YA","timestamp":"2023-11-09 13:42:58"},{"nodeID":"1333852","text":"Analysing","type":"YA","timestamp":"2023-11-09 13:42:58"},{"nodeID":"1333853","text":"Asserting","type":"YA","timestamp":"2023-11-09 13:42:58"},{"nodeID":"1333854","text":"Analysing","type":"YA","timestamp":"2023-11-09 13:42:58"},{"nodeID":"1333855","text":"Asserting","type":"YA","timestamp":"2023-11-09 13:42:58"},{"nodeID":"1333856","text":"Default Transition","type":"TA","timestamp":"2023-11-09 13:42:58"},{"nodeID":"1333857","text":"Default Transition","type":"TA","timestamp":"2023-11-09 13:42:58"},{"nodeID":"1333858","text":"Default Conflict","type":"CA","timestamp":"2023-11-09 13:42:58"},{"nodeID":"1333859","text":"Default Transition","type":"TA","timestamp":"2023-11-09 13:42:58"},{"nodeID":"1333860","text":"Disagreeing","type":"YA","timestamp":"2023-11-09 13:42:58"},{"nodeID":"1333861","text":"Default Transition","type":"TA","timestamp":"2023-11-09 13:42:58"},{"nodeID":"1333862","text":"Default Inference","type":"RA","timestamp":"2023-11-09 13:42:58"},{"nodeID":"1333863","text":"Arguing","type":"YA","timestamp":"2023-11-09 13:42:58"},{"nodeID":"1333864","text":"Analysing","type":"YA","timestamp":"2023-11-09 13:42:58"},{"nodeID":"1333865","text":"Asserting","type":"YA","timestamp":"2023-11-09 13:42:58"},{"nodeID":"1333866","text":"Analysing","type":"YA","timestamp":"2023-11-09 13:42:58"},{"nodeID":"1333867","text":"Asserting","type":"YA","timestamp":"2023-11-09 13:42:58"},{"nodeID":"1333868","text":"Analysing","type":"YA","timestamp":"2023-11-09 13:42:58"},{"nodeID":"1333869","text":"Asserting","type":"YA","timestamp":"2023-11-09 13:42:58"},{"nodeID":"1333870","text":"Analysing","type":"YA","timestamp":"2023-11-09 13:42:58"},{"nodeID":"1333871","text":"Asserting","type":"YA","timestamp":"2023-11-09 13:42:58"},{"nodeID":"1333872","text":"Default Transition","type":"TA","timestamp":"2023-11-09 13:42:58"},{"nodeID":"1333873","text":"Default Transition","type":"TA","timestamp":"2023-11-09 13:42:58"},{"nodeID":"1333874","text":"Default Conflict","type":"CA","timestamp":"2023-11-09 13:42:58"},{"nodeID":"1333875","text":"Default Transition","type":"TA","timestamp":"2023-11-09 13:42:58"},{"nodeID":"1333876","text":"Disagreeing","type":"YA","timestamp":"2023-11-09 13:42:58"},{"nodeID":"1333877","text":"Default Transition","type":"TA","timestamp":"2023-11-09 13:42:58"},{"nodeID":"1333878","text":"Analysing","type":"YA","timestamp":"2023-11-09 13:42:58"},{"nodeID":"1333879","text":"Pure Questioning","type":"YA","timestamp":"2023-11-09 13:42:58"},{"nodeID":"1333880","text":"Analysing","type":"YA","timestamp":"2023-11-09 13:42:58"},{"nodeID":"1333881","text":"Asserting","type":"YA","timestamp":"2023-11-09 13:42:58"},{"nodeID":"1333882","text":"Analysing","type":"YA","timestamp":"2023-11-09 13:42:58"},{"nodeID":"1333883","text":"Asserting","type":"YA","timestamp":"2023-11-09 13:42:58"},{"nodeID":"1333884","text":"Analysing","type":"YA","timestamp":"2023-11-09 13:42:58"},{"nodeID":"1333885","text":"Asserting","type":"YA","timestamp":"2023-11-09 13:42:58"},{"nodeID":"1333886","text":"Default Transition","type":"TA","timestamp":"2023-11-09 13:42:58"},{"nodeID":"1333887","text":"Default Transition","type":"TA","timestamp":"2023-11-09 13:42:58"},{"nodeID":"1333888","text":"Default Inference","type":"RA","timestamp":"2023-11-09 13:42:58"},{"nodeID":"1333889","text":"Arguing","type":"YA","timestamp":"2023-11-09 13:42:58"},{"nodeID":"1333890","text":"Default Inference","type":"RA","timestamp":"2023-11-09 13:42:58"},{"nodeID":"1333891","text":"Default Transition","type":"TA","timestamp":"2023-11-09 13:42:58"},{"nodeID":"1333892","text":"Arguing","type":"YA","timestamp":"2023-11-09 13:42:58"},{"nodeID":"1333893","text":"Default Rephrase","type":"MA","timestamp":"2023-11-09 13:42:58"},{"nodeID":"1333894","text":"Default Transition","type":"TA","timestamp":"2023-11-09 13:42:58"},{"nodeID":"1333895","text":"Restating","type":"YA","timestamp":"2023-11-09 13:42:58"},{"nodeID":"1333896","text":"Analysing","type":"YA","timestamp":"2023-11-09 13:42:58"},{"nodeID":"1333897","text":"Asserting","type":"YA","timestamp":"2023-11-09 13:42:58"},{"nodeID":"1333898","text":"Analysing","type":"YA","timestamp":"2023-11-09 13:42:58"},{"nodeID":"1333899","text":"Asserting","type":"YA","timestamp":"2023-11-09 13:42:58"},{"nodeID":"1333900","text":"Default Transition","type":"TA","timestamp":"2023-11-09 13:42:58"},{"nodeID":"1333901","text":"Default Transition","type":"TA","timestamp":"2023-11-09 13:42:58"},{"nodeID":"1333902","text":"Default Conflict","type":"CA","timestamp":"2023-11-09 13:42:58"},{"nodeID":"1333903","text":"Default Transition","type":"TA","timestamp":"2023-11-09 13:42:58"},{"nodeID":"1333904","text":"Disagreeing","type":"YA","timestamp":"2023-11-09 13:42:58"}],"edges":[{"edgeID":"1748911","fromID":"1333815","toID":"1333745","formEdgeID":null},{"edgeID":"1748912","fromID":"1333746","toID":"1333815","formEdgeID":null},{"edgeID":"1748913","fromID":"1333745","toID":"1333816","formEdgeID":null},{"edgeID":"1748914","fromID":"1333816","toID":"1333744","formEdgeID":null},{"edgeID":"1748915","fromID":"1333817","toID":"1333747","formEdgeID":null},{"edgeID":"1748916","fromID":"1333748","toID":"1333817","formEdgeID":null},{"edgeID":"1748917","fromID":"1333745","toID":"1333818","formEdgeID":null},{"edgeID":"1748918","fromID":"1333818","toID":"1333747","formEdgeID":null},{"edgeID":"1748919","fromID":"1333818","toID":"1333819","formEdgeID":null},{"edgeID":"1748920","fromID":"1333819","toID":"1333744","formEdgeID":null},{"edgeID":"1748921","fromID":"1333820","toID":"1333750","formEdgeID":null},{"edgeID":"1748922","fromID":"1333751","toID":"1333820","formEdgeID":null},{"edgeID":"1748923","fromID":"1333750","toID":"1333821","formEdgeID":null},{"edgeID":"1748924","fromID":"1333821","toID":"1333749","formEdgeID":null},{"edgeID":"1748925","fromID":"1333747","toID":"1333822","formEdgeID":null},{"edgeID":"1748926","fromID":"1333822","toID":"1333750","formEdgeID":null},{"edgeID":"1748927","fromID":"1333823","toID":"1333753","formEdgeID":null},{"edgeID":"1748928","fromID":"1333754","toID":"1333823","formEdgeID":null},{"edgeID":"1748929","fromID":"1333753","toID":"1333824","formEdgeID":null},{"edgeID":"1748930","fromID":"1333824","toID":"1333752","formEdgeID":null},{"edgeID":"1748931","fromID":"1333750","toID":"1333825","formEdgeID":null},{"edgeID":"1748932","fromID":"1333825","toID":"1333753","formEdgeID":null},{"edgeID":"1748933","fromID":"1333826","toID":"1333756","formEdgeID":null},{"edgeID":"1748934","fromID":"1333757","toID":"1333826","formEdgeID":null},{"edgeID":"1748935","fromID":"1333756","toID":"1333827","formEdgeID":null},{"edgeID":"1748936","fromID":"1333827","toID":"1333755","formEdgeID":null},{"edgeID":"1748937","fromID":"1333753","toID":"1333828","formEdgeID":null},{"edgeID":"1748938","fromID":"1333828","toID":"1333756","formEdgeID":null},{"edgeID":"1748939","fromID":"1333829","toID":"1333759","formEdgeID":null},{"edgeID":"1748940","fromID":"1333760","toID":"1333829","formEdgeID":null},{"edgeID":"1748941","fromID":"1333759","toID":"1333830","formEdgeID":null},{"edgeID":"1748942","fromID":"1333830","toID":"1333758","formEdgeID":null},{"edgeID":"1748943","fromID":"1333756","toID":"1333831","formEdgeID":null},{"edgeID":"1748944","fromID":"1333831","toID":"1333759","formEdgeID":null},{"edgeID":"1748945","fromID":"1333758","toID":"1333832","formEdgeID":null},{"edgeID":"1748946","fromID":"1333832","toID":"1333755","formEdgeID":null},{"edgeID":"1748947","fromID":"1333831","toID":"1333833","formEdgeID":null},{"edgeID":"1748948","fromID":"1333833","toID":"1333832","formEdgeID":null},{"edgeID":"1748949","fromID":"1333834","toID":"1333762","formEdgeID":null},{"edgeID":"1748950","fromID":"1333763","toID":"1333834","formEdgeID":null},{"edgeID":"1748951","fromID":"1333762","toID":"1333835","formEdgeID":null},{"edgeID":"1748952","fromID":"1333835","toID":"1333761","formEdgeID":null},{"edgeID":"1748953","fromID":"1333836","toID":"1333765","formEdgeID":null},{"edgeID":"1748954","fromID":"1333766","toID":"1333836","formEdgeID":null},{"edgeID":"1748955","fromID":"1333765","toID":"1333837","formEdgeID":null},{"edgeID":"1748956","fromID":"1333837","toID":"1333764","formEdgeID":null},{"edgeID":"1748957","fromID":"1333838","toID":"1333768","formEdgeID":null},{"edgeID":"1748958","fromID":"1333769","toID":"1333838","formEdgeID":null},{"edgeID":"1748959","fromID":"1333768","toID":"1333839","formEdgeID":null},{"edgeID":"1748960","fromID":"1333839","toID":"1333767","formEdgeID":null},{"edgeID":"1748961","fromID":"1333840","toID":"1333771","formEdgeID":null},{"edgeID":"1748962","fromID":"1333772","toID":"1333840","formEdgeID":null},{"edgeID":"1748963","fromID":"1333771","toID":"1333841","formEdgeID":null},{"edgeID":"1748964","fromID":"1333841","toID":"1333770","formEdgeID":null},{"edgeID":"1748965","fromID":"1333759","toID":"1333842","formEdgeID":null},{"edgeID":"1748966","fromID":"1333842","toID":"1333762","formEdgeID":null},{"edgeID":"1748967","fromID":"1333762","toID":"1333843","formEdgeID":null},{"edgeID":"1748968","fromID":"1333843","toID":"1333765","formEdgeID":null},{"edgeID":"1748969","fromID":"1333765","toID":"1333844","formEdgeID":null},{"edgeID":"1748970","fromID":"1333844","toID":"1333768","formEdgeID":null},{"edgeID":"1748971","fromID":"1333767","toID":"1333845","formEdgeID":null},{"edgeID":"1748972","fromID":"1333845","toID":"1333770","formEdgeID":null},{"edgeID":"1748973","fromID":"1333768","toID":"1333846","formEdgeID":null},{"edgeID":"1748974","fromID":"1333846","toID":"1333771","formEdgeID":null},{"edgeID":"1748975","fromID":"1333846","toID":"1333847","formEdgeID":null},{"edgeID":"1748976","fromID":"1333847","toID":"1333845","formEdgeID":null},{"edgeID":"1748977","fromID":"1333848","toID":"1333774","formEdgeID":null},{"edgeID":"1748978","fromID":"1333775","toID":"1333848","formEdgeID":null},{"edgeID":"1748979","fromID":"1333774","toID":"1333849","formEdgeID":null},{"edgeID":"1748980","fromID":"1333849","toID":"1333773","formEdgeID":null},{"edgeID":"1748981","fromID":"1333850","toID":"1333777","formEdgeID":null},{"edgeID":"1748982","fromID":"1333778","toID":"1333850","formEdgeID":null},{"edgeID":"1748983","fromID":"1333777","toID":"1333851","formEdgeID":null},{"edgeID":"1748984","fromID":"1333851","toID":"1333776","formEdgeID":null},{"edgeID":"1748985","fromID":"1333852","toID":"1333780","formEdgeID":null},{"edgeID":"1748986","fromID":"1333781","toID":"1333852","formEdgeID":null},{"edgeID":"1748987","fromID":"1333780","toID":"1333853","formEdgeID":null},{"edgeID":"1748988","fromID":"1333853","toID":"1333779","formEdgeID":null},{"edgeID":"1748989","fromID":"1333854","toID":"1333783","formEdgeID":null},{"edgeID":"1748990","fromID":"1333784","toID":"1333854","formEdgeID":null},{"edgeID":"1748991","fromID":"1333783","toID":"1333855","formEdgeID":null},{"edgeID":"1748992","fromID":"1333855","toID":"1333782","formEdgeID":null},{"edgeID":"1748993","fromID":"1333771","toID":"1333856","formEdgeID":null},{"edgeID":"1748994","fromID":"1333856","toID":"1333774","formEdgeID":null},{"edgeID":"1748995","fromID":"1333774","toID":"1333857","formEdgeID":null},{"edgeID":"1748996","fromID":"1333857","toID":"1333777","formEdgeID":null},{"edgeID":"1748997","fromID":"1333779","toID":"1333858","formEdgeID":null},{"edgeID":"1748998","fromID":"1333858","toID":"1333776","formEdgeID":null},{"edgeID":"1748999","fromID":"1333777","toID":"1333859","formEdgeID":null},{"edgeID":"1749000","fromID":"1333859","toID":"1333780","formEdgeID":null},{"edgeID":"1749001","fromID":"1333859","toID":"1333860","formEdgeID":null},{"edgeID":"1749002","fromID":"1333860","toID":"1333858","formEdgeID":null},{"edgeID":"1749003","fromID":"1333780","toID":"1333861","formEdgeID":null},{"edgeID":"1749004","fromID":"1333861","toID":"1333783","formEdgeID":null},{"edgeID":"1749005","fromID":"1333782","toID":"1333862","formEdgeID":null},{"edgeID":"1749006","fromID":"1333862","toID":"1333779","formEdgeID":null},{"edgeID":"1749007","fromID":"1333861","toID":"1333863","formEdgeID":null},{"edgeID":"1749008","fromID":"1333863","toID":"1333862","formEdgeID":null},{"edgeID":"1749009","fromID":"1333864","toID":"1333786","formEdgeID":null},{"edgeID":"1749010","fromID":"1333787","toID":"1333864","formEdgeID":null},{"edgeID":"1749011","fromID":"1333786","toID":"1333865","formEdgeID":null},{"edgeID":"1749012","fromID":"1333865","toID":"1333785","formEdgeID":null},{"edgeID":"1749013","fromID":"1333866","toID":"1333789","formEdgeID":null},{"edgeID":"1749014","fromID":"1333790","toID":"1333866","formEdgeID":null},{"edgeID":"1749015","fromID":"1333789","toID":"1333867","formEdgeID":null},{"edgeID":"1749016","fromID":"1333867","toID":"1333788","formEdgeID":null},{"edgeID":"1749017","fromID":"1333868","toID":"1333792","formEdgeID":null},{"edgeID":"1749018","fromID":"1333793","toID":"1333868","formEdgeID":null},{"edgeID":"1749019","fromID":"1333792","toID":"1333869","formEdgeID":null},{"edgeID":"1749020","fromID":"1333869","toID":"1333791","formEdgeID":null},{"edgeID":"1749021","fromID":"1333870","toID":"1333795","formEdgeID":null},{"edgeID":"1749022","fromID":"1333796","toID":"1333870","formEdgeID":null},{"edgeID":"1749023","fromID":"1333795","toID":"1333871","formEdgeID":null},{"edgeID":"1749024","fromID":"1333871","toID":"1333794","formEdgeID":null},{"edgeID":"1749025","fromID":"1333783","toID":"1333872","formEdgeID":null},{"edgeID":"1749026","fromID":"1333872","toID":"1333786","formEdgeID":null},{"edgeID":"1749027","fromID":"1333786","toID":"1333873","formEdgeID":null},{"edgeID":"1749028","fromID":"1333873","toID":"1333789","formEdgeID":null},{"edgeID":"1749029","fromID":"1333791","toID":"1333874","formEdgeID":null},{"edgeID":"1749030","fromID":"1333874","toID":"1333788","formEdgeID":null},{"edgeID":"1749031","fromID":"1333789","toID":"1333875","formEdgeID":null},{"edgeID":"1749032","fromID":"1333875","toID":"1333792","formEdgeID":null},{"edgeID":"1749033","fromID":"1333875","toID":"1333876","formEdgeID":null},{"edgeID":"1749034","fromID":"1333876","toID":"1333874","formEdgeID":null},{"edgeID":"1749035","fromID":"1333792","toID":"1333877","formEdgeID":null},{"edgeID":"1749036","fromID":"1333877","toID":"1333795","formEdgeID":null},{"edgeID":"1749037","fromID":"1333878","toID":"1333798","formEdgeID":null},{"edgeID":"1749038","fromID":"1333799","toID":"1333878","formEdgeID":null},{"edgeID":"1749039","fromID":"1333798","toID":"1333879","formEdgeID":null},{"edgeID":"1749040","fromID":"1333879","toID":"1333797","formEdgeID":null},{"edgeID":"1749041","fromID":"1333880","toID":"1333801","formEdgeID":null},{"edgeID":"1749042","fromID":"1333802","toID":"1333880","formEdgeID":null},{"edgeID":"1749043","fromID":"1333801","toID":"1333881","formEdgeID":null},{"edgeID":"1749044","fromID":"1333881","toID":"1333800","formEdgeID":null},{"edgeID":"1749045","fromID":"1333882","toID":"1333804","formEdgeID":null},{"edgeID":"1749046","fromID":"1333805","toID":"1333882","formEdgeID":null},{"edgeID":"1749047","fromID":"1333804","toID":"1333883","formEdgeID":null},{"edgeID":"1749048","fromID":"1333883","toID":"1333803","formEdgeID":null},{"edgeID":"1749049","fromID":"1333884","toID":"1333807","formEdgeID":null},{"edgeID":"1749050","fromID":"1333808","toID":"1333884","formEdgeID":null},{"edgeID":"1749051","fromID":"1333807","toID":"1333885","formEdgeID":null},{"edgeID":"1749052","fromID":"1333885","toID":"1333806","formEdgeID":null},{"edgeID":"1749053","fromID":"1333795","toID":"1333886","formEdgeID":null},{"edgeID":"1749054","fromID":"1333886","toID":"1333798","formEdgeID":null},{"edgeID":"1749055","fromID":"1333798","toID":"1333887","formEdgeID":null},{"edgeID":"1749056","fromID":"1333887","toID":"1333801","formEdgeID":null},{"edgeID":"1749057","fromID":"1333800","toID":"1333888","formEdgeID":null},{"edgeID":"1749058","fromID":"1333888","toID":"1333797","formEdgeID":null},{"edgeID":"1749059","fromID":"1333887","toID":"1333889","formEdgeID":null},{"edgeID":"1749060","fromID":"1333889","toID":"1333888","formEdgeID":null},{"edgeID":"1749061","fromID":"1333800","toID":"1333890","formEdgeID":null},{"edgeID":"1749062","fromID":"1333890","toID":"1333803","formEdgeID":null},{"edgeID":"1749063","fromID":"1333801","toID":"1333891","formEdgeID":null},{"edgeID":"1749064","fromID":"1333891","toID":"1333804","formEdgeID":null},{"edgeID":"1749065","fromID":"1333891","toID":"1333892","formEdgeID":null},{"edgeID":"1749066","fromID":"1333892","toID":"1333890","formEdgeID":null},{"edgeID":"1749067","fromID":"1333806","toID":"1333893","formEdgeID":null},{"edgeID":"1749068","fromID":"1333893","toID":"1333803","formEdgeID":null},{"edgeID":"1749069","fromID":"1333804","toID":"1333894","formEdgeID":null},{"edgeID":"1749070","fromID":"1333894","toID":"1333807","formEdgeID":null},{"edgeID":"1749071","fromID":"1333894","toID":"1333895","formEdgeID":null},{"edgeID":"1749072","fromID":"1333895","toID":"1333893","formEdgeID":null},{"edgeID":"1749073","fromID":"1333896","toID":"1333810","formEdgeID":null},{"edgeID":"1749074","fromID":"1333811","toID":"1333896","formEdgeID":null},{"edgeID":"1749075","fromID":"1333810","toID":"1333897","formEdgeID":null},{"edgeID":"1749076","fromID":"1333897","toID":"1333809","formEdgeID":null},{"edgeID":"1749077","fromID":"1333898","toID":"1333813","formEdgeID":null},{"edgeID":"1749078","fromID":"1333814","toID":"1333898","formEdgeID":null},{"edgeID":"1749079","fromID":"1333813","toID":"1333899","formEdgeID":null},{"edgeID":"1749080","fromID":"1333899","toID":"1333812","formEdgeID":null},{"edgeID":"1749081","fromID":"1333807","toID":"1333900","formEdgeID":null},{"edgeID":"1749082","fromID":"1333900","toID":"1333810","formEdgeID":null},{"edgeID":"1749083","fromID":"1333810","toID":"1333901","formEdgeID":null},{"edgeID":"1749084","fromID":"1333901","toID":"1333813","formEdgeID":null},{"edgeID":"1749085","fromID":"1333806","toID":"1333902","formEdgeID":null},{"edgeID":"1749086","fromID":"1333902","toID":"1333791","formEdgeID":null},{"edgeID":"1749087","fromID":"1333792","toID":"1333903","formEdgeID":null},{"edgeID":"1749088","fromID":"1333903","toID":"1333807","formEdgeID":null},{"edgeID":"1749089","fromID":"1333903","toID":"1333904","formEdgeID":null},{"edgeID":"1749090","fromID":"1333904","toID":"1333902","formEdgeID":null}],"locutions":[]}