{"nodes":[{"nodeID":"1329417","text":"the upcoming rise of energy prices is why we brought in the energy price guarantee which limits that for a typical household to \u00a32500","type":"I","timestamp":"2023-11-09 13:36:50"},{"nodeID":"1329418","text":"Paul Scully: So that's why we brought in the energy price guarantee which limits that for a typical household to \u00a32500","type":"L","timestamp":"2023-11-09 13:36:50"},{"nodeID":"1329419","text":"Analysing","type":"YA","timestamp":"2023-11-09 13:36:50"},{"nodeID":"1329420","text":"Dominika: Paul Scully: So that's why we brought in the energy price guarantee which limits that for a typical household to \u00a32500","type":"L","timestamp":"2023-11-09 13:36:50"},{"nodeID":"1329421","text":"Asserting","type":"YA","timestamp":"2023-11-09 13:36:50"},{"nodeID":"1329422","text":"we have to go further than energy price guarantee","type":"I","timestamp":"2023-11-09 13:36:51"},{"nodeID":"1329423","text":"Paul Scully: we have to go further","type":"L","timestamp":"2023-11-09 13:36:51"},{"nodeID":"1329424","text":"Analysing","type":"YA","timestamp":"2023-11-09 13:36:51"},{"nodeID":"1329425","text":"Dominika: Paul Scully: we have to go further","type":"L","timestamp":"2023-11-09 13:36:51"},{"nodeID":"1329426","text":"Asserting","type":"YA","timestamp":"2023-11-09 13:36:51"},{"nodeID":"1329427","text":"we need to make sure that the economy can grow","type":"I","timestamp":"2023-11-09 13:36:52"},{"nodeID":"1329428","text":"Paul Scully: we need to make sure that the economy can grow","type":"L","timestamp":"2023-11-09 13:36:52"},{"nodeID":"1329429","text":"Analysing","type":"YA","timestamp":"2023-11-09 13:36:52"},{"nodeID":"1329430","text":"Dominika: Paul Scully: we need to make sure that the economy can grow","type":"L","timestamp":"2023-11-09 13:36:52"},{"nodeID":"1329431","text":"Asserting","type":"YA","timestamp":"2023-11-09 13:36:52"},{"nodeID":"1329432","text":"there is no way we can have more of the same tax your way out of a relatively stagnant economy and tax your way out of the pressures that we have on our cost of living","type":"I","timestamp":"2023-11-09 13:36:52"},{"nodeID":"1329433","text":"Paul Scully: There is no way we can have more of the same tax your way out of a relatively stagnant economy and tax your way out of the pressures that we have on our cost of living","type":"L","timestamp":"2023-11-09 13:36:52"},{"nodeID":"1329434","text":"Analysing","type":"YA","timestamp":"2023-11-09 13:36:52"},{"nodeID":"1329435","text":"Dominika: Paul Scully: There is no way we can have more of the same tax your way out of a relatively stagnant economy and tax your way out of the pressures that we have on our cost of living","type":"L","timestamp":"2023-11-09 13:36:52"},{"nodeID":"1329436","text":"Asserting","type":"YA","timestamp":"2023-11-09 13:36:52"},{"nodeID":"1329437","text":"wider than energy","type":"I","timestamp":"2023-11-09 13:36:53"},{"nodeID":"1329438","text":"Paul Scully: Wider than energy","type":"L","timestamp":"2023-11-09 13:36:53"},{"nodeID":"1329439","text":"Analysing","type":"YA","timestamp":"2023-11-09 13:36:53"},{"nodeID":"1329440","text":"Dominika: Paul Scully: Wider than energy","type":"L","timestamp":"2023-11-09 13:36:53"},{"nodeID":"1329441","text":"Asserting","type":"YA","timestamp":"2023-11-09 13:36:53"},{"nodeID":"1329442","text":"Paul Scully is or is not happy with the way things have gone since Friday","type":"I","timestamp":"2023-11-09 13:36:53"},{"nodeID":"1329443","text":"Fiona Bruce: Are you happy with the way things have gone since Friday","type":"L","timestamp":"2023-11-09 13:36:53"},{"nodeID":"1329444","text":"Analysing","type":"YA","timestamp":"2023-11-09 13:36:53"},{"nodeID":"1329445","text":"Dominika: Fiona Bruce: Are you happy with the way things have gone since Friday","type":"L","timestamp":"2023-11-09 13:36:53"},{"nodeID":"1329446","text":"Pure Questioning","type":"YA","timestamp":"2023-11-09 13:36:53"},{"nodeID":"1329447","text":"things have been difficult","type":"I","timestamp":"2023-11-09 13:36:54"},{"nodeID":"1329448","text":"Paul Scully: Things have been difficult","type":"L","timestamp":"2023-11-09 13:36:54"},{"nodeID":"1329449","text":"Analysing","type":"YA","timestamp":"2023-11-09 13:36:54"},{"nodeID":"1329450","text":"Dominika: Paul Scully: Things have been difficult","type":"L","timestamp":"2023-11-09 13:36:54"},{"nodeID":"1329451","text":"Asserting","type":"YA","timestamp":"2023-11-09 13:36:54"},{"nodeID":"1329452","text":"we saw the market reaction","type":"I","timestamp":"2023-11-09 13:36:55"},{"nodeID":"1329453","text":"Paul Scully: We saw the market reaction","type":"L","timestamp":"2023-11-09 13:36:55"},{"nodeID":"1329454","text":"Analysing","type":"YA","timestamp":"2023-11-09 13:36:55"},{"nodeID":"1329455","text":"Dominika: Paul Scully: We saw the market reaction","type":"L","timestamp":"2023-11-09 13:36:55"},{"nodeID":"1329456","text":"Asserting","type":"YA","timestamp":"2023-11-09 13:36:55"},{"nodeID":"1329457","text":"we have seen the snowball effect from the market reaction","type":"I","timestamp":"2023-11-09 13:36:55"},{"nodeID":"1329458","text":"Paul Scully: we have seen the snowball effect from that","type":"L","timestamp":"2023-11-09 13:36:55"},{"nodeID":"1329459","text":"Analysing","type":"YA","timestamp":"2023-11-09 13:36:55"},{"nodeID":"1329460","text":"Dominika: Paul Scully: we have seen the snowball effect from that","type":"L","timestamp":"2023-11-09 13:36:55"},{"nodeID":"1329461","text":"Asserting","type":"YA","timestamp":"2023-11-09 13:36:55"},{"nodeID":"1329462","text":"this is the first financial event of its kind that's been in the maelstrom of social media","type":"I","timestamp":"2023-11-09 13:36:56"},{"nodeID":"1329463","text":"Paul Scully: This is the first financial event of its kind that's been in the maelstrom of social media","type":"L","timestamp":"2023-11-09 13:36:56"},{"nodeID":"1329464","text":"Analysing","type":"YA","timestamp":"2023-11-09 13:36:56"},{"nodeID":"1329465","text":"Dominika: Paul Scully: This is the first financial event of its kind that's been in the maelstrom of social media","type":"L","timestamp":"2023-11-09 13:36:56"},{"nodeID":"1329466","text":"Asserting","type":"YA","timestamp":"2023-11-09 13:36:56"},{"nodeID":"1329467","text":"Default Transition","type":"TA","timestamp":"2023-11-09 13:36:56"},{"nodeID":"1329468","text":"Default Transition","type":"TA","timestamp":"2023-11-09 13:36:56"},{"nodeID":"1329469","text":"Default Transition","type":"TA","timestamp":"2023-11-09 13:36:56"},{"nodeID":"1329470","text":"Default Inference","type":"RA","timestamp":"2023-11-09 13:36:56"},{"nodeID":"1329471","text":"Arguing","type":"YA","timestamp":"2023-11-09 13:36:56"},{"nodeID":"1329472","text":"Default Inference","type":"RA","timestamp":"2023-11-09 13:36:56"},{"nodeID":"1329473","text":"Default Transition","type":"TA","timestamp":"2023-11-09 13:36:56"},{"nodeID":"1329474","text":"Default Transition","type":"TA","timestamp":"2023-11-09 13:36:56"},{"nodeID":"1329475","text":"Default Transition","type":"TA","timestamp":"2023-11-09 13:36:56"},{"nodeID":"1329476","text":"Default Transition","type":"TA","timestamp":"2023-11-09 13:36:56"},{"nodeID":"1329477","text":"Default Transition","type":"TA","timestamp":"2023-11-09 13:36:56"},{"nodeID":"1329478","text":"Default Rephrase","type":"MA","timestamp":"2023-11-09 13:36:56"},{"nodeID":"1329479","text":"Restating","type":"YA","timestamp":"2023-11-09 13:36:56"},{"nodeID":"1329480","text":"Default Inference","type":"RA","timestamp":"2023-11-09 13:36:56"},{"nodeID":"1329481","text":"Arguing","type":"YA","timestamp":"2023-11-09 13:36:56"},{"nodeID":"1329482","text":"Default Transition","type":"TA","timestamp":"2023-11-09 13:36:56"},{"nodeID":"1329483","text":"Arguing","type":"YA","timestamp":"2023-11-09 13:36:56"}],"edges":[{"edgeID":"1743811","fromID":"1329419","toID":"1329418","formEdgeID":null},{"edgeID":"1743812","fromID":"1329420","toID":"1329419","formEdgeID":null},{"edgeID":"1743813","fromID":"1329418","toID":"1329421","formEdgeID":null},{"edgeID":"1743814","fromID":"1329421","toID":"1329417","formEdgeID":null},{"edgeID":"1743815","fromID":"1329424","toID":"1329423","formEdgeID":null},{"edgeID":"1743816","fromID":"1329425","toID":"1329424","formEdgeID":null},{"edgeID":"1743817","fromID":"1329423","toID":"1329426","formEdgeID":null},{"edgeID":"1743818","fromID":"1329426","toID":"1329422","formEdgeID":null},{"edgeID":"1743819","fromID":"1329429","toID":"1329428","formEdgeID":null},{"edgeID":"1743820","fromID":"1329430","toID":"1329429","formEdgeID":null},{"edgeID":"1743821","fromID":"1329428","toID":"1329431","formEdgeID":null},{"edgeID":"1743822","fromID":"1329431","toID":"1329427","formEdgeID":null},{"edgeID":"1743823","fromID":"1329434","toID":"1329433","formEdgeID":null},{"edgeID":"1743824","fromID":"1329435","toID":"1329434","formEdgeID":null},{"edgeID":"1743825","fromID":"1329433","toID":"1329436","formEdgeID":null},{"edgeID":"1743826","fromID":"1329436","toID":"1329432","formEdgeID":null},{"edgeID":"1743827","fromID":"1329439","toID":"1329438","formEdgeID":null},{"edgeID":"1743828","fromID":"1329440","toID":"1329439","formEdgeID":null},{"edgeID":"1743829","fromID":"1329438","toID":"1329441","formEdgeID":null},{"edgeID":"1743830","fromID":"1329441","toID":"1329437","formEdgeID":null},{"edgeID":"1743831","fromID":"1329444","toID":"1329443","formEdgeID":null},{"edgeID":"1743832","fromID":"1329445","toID":"1329444","formEdgeID":null},{"edgeID":"1743833","fromID":"1329443","toID":"1329446","formEdgeID":null},{"edgeID":"1743834","fromID":"1329446","toID":"1329442","formEdgeID":null},{"edgeID":"1743835","fromID":"1329449","toID":"1329448","formEdgeID":null},{"edgeID":"1743836","fromID":"1329450","toID":"1329449","formEdgeID":null},{"edgeID":"1743837","fromID":"1329448","toID":"1329451","formEdgeID":null},{"edgeID":"1743838","fromID":"1329451","toID":"1329447","formEdgeID":null},{"edgeID":"1743839","fromID":"1329454","toID":"1329453","formEdgeID":null},{"edgeID":"1743840","fromID":"1329455","toID":"1329454","formEdgeID":null},{"edgeID":"1743841","fromID":"1329453","toID":"1329456","formEdgeID":null},{"edgeID":"1743842","fromID":"1329456","toID":"1329452","formEdgeID":null},{"edgeID":"1743843","fromID":"1329459","toID":"1329458","formEdgeID":null},{"edgeID":"1743844","fromID":"1329460","toID":"1329459","formEdgeID":null},{"edgeID":"1743845","fromID":"1329458","toID":"1329461","formEdgeID":null},{"edgeID":"1743846","fromID":"1329461","toID":"1329457","formEdgeID":null},{"edgeID":"1743847","fromID":"1329464","toID":"1329463","formEdgeID":null},{"edgeID":"1743848","fromID":"1329465","toID":"1329464","formEdgeID":null},{"edgeID":"1743849","fromID":"1329463","toID":"1329466","formEdgeID":null},{"edgeID":"1743850","fromID":"1329466","toID":"1329462","formEdgeID":null},{"edgeID":"1743851","fromID":"1329433","toID":"1329467","formEdgeID":null},{"edgeID":"1743852","fromID":"1329467","toID":"1329438","formEdgeID":null},{"edgeID":"1743853","fromID":"1329418","toID":"1329468","formEdgeID":null},{"edgeID":"1743854","fromID":"1329468","toID":"1329423","formEdgeID":null},{"edgeID":"1743855","fromID":"1329423","toID":"1329469","formEdgeID":null},{"edgeID":"1743856","fromID":"1329469","toID":"1329428","formEdgeID":null},{"edgeID":"1743857","fromID":"1329427","toID":"1329470","formEdgeID":null},{"edgeID":"1743858","fromID":"1329470","toID":"1329422","formEdgeID":null},{"edgeID":"1743859","fromID":"1329469","toID":"1329471","formEdgeID":null},{"edgeID":"1743860","fromID":"1329471","toID":"1329470","formEdgeID":null},{"edgeID":"1743861","fromID":"1329432","toID":"1329472","formEdgeID":null},{"edgeID":"1743862","fromID":"1329472","toID":"1329422","formEdgeID":null},{"edgeID":"1743863","fromID":"1329438","toID":"1329473","formEdgeID":null},{"edgeID":"1743864","fromID":"1329473","toID":"1329443","formEdgeID":null},{"edgeID":"1743865","fromID":"1329443","toID":"1329474","formEdgeID":null},{"edgeID":"1743866","fromID":"1329474","toID":"1329448","formEdgeID":null},{"edgeID":"1743867","fromID":"1329448","toID":"1329475","formEdgeID":null},{"edgeID":"1743868","fromID":"1329475","toID":"1329453","formEdgeID":null},{"edgeID":"1743869","fromID":"1329453","toID":"1329476","formEdgeID":null},{"edgeID":"1743870","fromID":"1329476","toID":"1329458","formEdgeID":null},{"edgeID":"1743871","fromID":"1329458","toID":"1329477","formEdgeID":null},{"edgeID":"1743872","fromID":"1329477","toID":"1329463","formEdgeID":null},{"edgeID":"1743873","fromID":"1329457","toID":"1329478","formEdgeID":null},{"edgeID":"1743874","fromID":"1329478","toID":"1329452","formEdgeID":null},{"edgeID":"1743875","fromID":"1329476","toID":"1329479","formEdgeID":null},{"edgeID":"1743876","fromID":"1329479","toID":"1329478","formEdgeID":null},{"edgeID":"1743877","fromID":"1329457","toID":"1329480","formEdgeID":null},{"edgeID":"1743878","fromID":"1329480","toID":"1329462","formEdgeID":null},{"edgeID":"1743879","fromID":"1329477","toID":"1329481","formEdgeID":null},{"edgeID":"1743880","fromID":"1329481","toID":"1329480","formEdgeID":null},{"edgeID":"1743881","fromID":"1329423","toID":"1329482","formEdgeID":null},{"edgeID":"1743882","fromID":"1329482","toID":"1329433","formEdgeID":null},{"edgeID":"1743883","fromID":"1329482","toID":"1329483","formEdgeID":null},{"edgeID":"1743884","fromID":"1329483","toID":"1329472","formEdgeID":null}],"locutions":[]}