{"nodes":[{"nodeID":"1330371","text":"Anne McElvoy has a problem with Liz Truss and her Chancellor's economic plans","type":"I","timestamp":"2023-11-09 13:38:11"},{"nodeID":"1330372","text":"Anne McElvoy: the problem that I have with it","type":"L","timestamp":"2023-11-09 13:38:11"},{"nodeID":"1330373","text":"Analysing","type":"YA","timestamp":"2023-11-09 13:38:11"},{"nodeID":"1330374","text":"Ella: Anne McElvoy: the problem that I have with it","type":"L","timestamp":"2023-11-09 13:38:11"},{"nodeID":"1330375","text":"Asserting","type":"YA","timestamp":"2023-11-09 13:38:11"},{"nodeID":"1330376","text":"Anne McElvoy followed Liz Truss' campaign","type":"I","timestamp":"2023-11-09 13:38:11"},{"nodeID":"1330377","text":"Anne McElvoy: I followed Liz Truss' campaign","type":"L","timestamp":"2023-11-09 13:38:11"},{"nodeID":"1330378","text":"Analysing","type":"YA","timestamp":"2023-11-09 13:38:11"},{"nodeID":"1330379","text":"Ella: Anne McElvoy: I followed Liz Truss' campaign","type":"L","timestamp":"2023-11-09 13:38:11"},{"nodeID":"1330380","text":"Asserting","type":"YA","timestamp":"2023-11-09 13:38:11"},{"nodeID":"1330381","text":"the dividing line drawn by Liz Truss between her and Rishi Sunak is where this idea of fantasy or fairytale economics comes from","type":"I","timestamp":"2023-11-09 13:38:12"},{"nodeID":"1330382","text":"Anne McElvoy: that's where this idea of fantasy or fairytale economics comes from","type":"L","timestamp":"2023-11-09 13:38:12"},{"nodeID":"1330383","text":"Analysing","type":"YA","timestamp":"2023-11-09 13:38:12"},{"nodeID":"1330384","text":"Ella: Anne McElvoy: that's where this idea of fantasy or fairytale economics comes from","type":"L","timestamp":"2023-11-09 13:38:12"},{"nodeID":"1330385","text":"Asserting","type":"YA","timestamp":"2023-11-09 13:38:12"},{"nodeID":"1330386","text":"there was a dividing line that Liz Truss was drawing with Rishi Sunak","type":"I","timestamp":"2023-11-09 13:38:13"},{"nodeID":"1330387","text":"Anne McElvoy: the dividing line that she was drawing with Rishi Sunak","type":"L","timestamp":"2023-11-09 13:38:13"},{"nodeID":"1330388","text":"Analysing","type":"YA","timestamp":"2023-11-09 13:38:13"},{"nodeID":"1330389","text":"Ella: Anne McElvoy: the dividing line that she was drawing with Rishi Sunak","type":"L","timestamp":"2023-11-09 13:38:13"},{"nodeID":"1330390","text":"Asserting","type":"YA","timestamp":"2023-11-09 13:38:13"},{"nodeID":"1330391","text":"Default Transition","type":"TA","timestamp":"2023-11-09 13:38:13"},{"nodeID":"1330392","text":"Default Transition","type":"TA","timestamp":"2023-11-09 13:38:13"},{"nodeID":"1330393","text":"Default Inference","type":"RA","timestamp":"2023-11-09 13:38:13"},{"nodeID":"1330394","text":"Default Transition","type":"TA","timestamp":"2023-11-09 13:38:13"},{"nodeID":"1330395","text":"Arguing","type":"YA","timestamp":"2023-11-09 13:38:13"},{"nodeID":"1330396","text":"Liz Truss is a free-marketeer who wants to stimulate growth","type":"I","timestamp":"2023-11-09 13:38:13"},{"nodeID":"1330397","text":"Anne McElvoy: She is a free-marketeer who wants to stimulate growth","type":"L","timestamp":"2023-11-09 13:38:13"},{"nodeID":"1330398","text":"Analysing","type":"YA","timestamp":"2023-11-09 13:38:13"},{"nodeID":"1330399","text":"Ella: Anne McElvoy: She is a free-marketeer who wants to stimulate growth","type":"L","timestamp":"2023-11-09 13:38:13"},{"nodeID":"1330400","text":"Asserting","type":"YA","timestamp":"2023-11-09 13:38:13"},{"nodeID":"1330401","text":"it is good that Liz Truss is a free-marketeer who wants to stimulate growth","type":"I","timestamp":"2023-11-09 13:38:14"},{"nodeID":"1330402","text":"Anne McElvoy: good","type":"L","timestamp":"2023-11-09 13:38:14"},{"nodeID":"1330403","text":"Analysing","type":"YA","timestamp":"2023-11-09 13:38:14"},{"nodeID":"1330404","text":"Ella: Anne McElvoy: good","type":"L","timestamp":"2023-11-09 13:38:14"},{"nodeID":"1330405","text":"Asserting","type":"YA","timestamp":"2023-11-09 13:38:14"},{"nodeID":"1330406","text":"Liz Truss wanted to take on some orthodoxies","type":"I","timestamp":"2023-11-09 13:38:14"},{"nodeID":"1330407","text":"Anne McElvoy: She wanted to take on some orthodoxies","type":"L","timestamp":"2023-11-09 13:38:14"},{"nodeID":"1330408","text":"Analysing","type":"YA","timestamp":"2023-11-09 13:38:14"},{"nodeID":"1330409","text":"Ella: Anne McElvoy: She wanted to take on some orthodoxies","type":"L","timestamp":"2023-11-09 13:38:14"},{"nodeID":"1330410","text":"Asserting","type":"YA","timestamp":"2023-11-09 13:38:14"},{"nodeID":"1330411","text":"it is good that Liz Truss wanted to take on some orthodoxies","type":"I","timestamp":"2023-11-09 13:38:15"},{"nodeID":"1330412","text":"Analysing","type":"YA","timestamp":"2023-11-09 13:38:15"},{"nodeID":"1330413","text":"Asserting","type":"YA","timestamp":"2023-11-09 13:38:15"},{"nodeID":"1330414","text":"you have a change of leadership in a party or a change of government","type":"I","timestamp":"2023-11-09 13:38:16"},{"nodeID":"1330415","text":"Anne McElvoy: you have a change of leadership in a party or a change of government","type":"L","timestamp":"2023-11-09 13:38:16"},{"nodeID":"1330416","text":"Analysing","type":"YA","timestamp":"2023-11-09 13:38:16"},{"nodeID":"1330417","text":"Ella: Anne McElvoy: you have a change of leadership in a party or a change of government","type":"L","timestamp":"2023-11-09 13:38:16"},{"nodeID":"1330418","text":"Asserting","type":"YA","timestamp":"2023-11-09 13:38:16"},{"nodeID":"1330419","text":"you want to shake things up","type":"I","timestamp":"2023-11-09 13:38:16"},{"nodeID":"1330420","text":"Anne McElvoy: you want to shake things up","type":"L","timestamp":"2023-11-09 13:38:16"},{"nodeID":"1330421","text":"Analysing","type":"YA","timestamp":"2023-11-09 13:38:16"},{"nodeID":"1330422","text":"Ella: Anne McElvoy: you want to shake things up","type":"L","timestamp":"2023-11-09 13:38:16"},{"nodeID":"1330423","text":"Asserting","type":"YA","timestamp":"2023-11-09 13:38:16"},{"nodeID":"1330424","text":"Default Inference","type":"RA","timestamp":"2023-11-09 13:38:16"},{"nodeID":"1330425","text":"Default Transition","type":"TA","timestamp":"2023-11-09 13:38:16"},{"nodeID":"1330426","text":"Arguing","type":"YA","timestamp":"2023-11-09 13:38:16"},{"nodeID":"1330427","text":"Default Transition","type":"TA","timestamp":"2023-11-09 13:38:16"},{"nodeID":"1330428","text":"Default Rephrase","type":"MA","timestamp":"2023-11-09 13:38:16"},{"nodeID":"1330429","text":"Default Transition","type":"TA","timestamp":"2023-11-09 13:38:16"},{"nodeID":"1330430","text":"Restating","type":"YA","timestamp":"2023-11-09 13:38:16"},{"nodeID":"1330431","text":"Default Transition","type":"TA","timestamp":"2023-11-09 13:38:16"},{"nodeID":"1330432","text":"Default Rephrase","type":"MA","timestamp":"2023-11-09 13:38:16"},{"nodeID":"1330433","text":"Default Transition","type":"TA","timestamp":"2023-11-09 13:38:16"},{"nodeID":"1330434","text":"Restating","type":"YA","timestamp":"2023-11-09 13:38:16"},{"nodeID":"1330435","text":"Default Transition","type":"TA","timestamp":"2023-11-09 13:38:16"},{"nodeID":"1330436","text":"you want things to be different and thought of again in a different way","type":"I","timestamp":"2023-11-09 13:38:17"},{"nodeID":"1330437","text":"Anne McElvoy: You want things to be different and thought of again in a different way","type":"L","timestamp":"2023-11-09 13:38:17"},{"nodeID":"1330438","text":"Analysing","type":"YA","timestamp":"2023-11-09 13:38:17"},{"nodeID":"1330439","text":"Ella: Anne McElvoy: You want things to be different and thought of again in a different way","type":"L","timestamp":"2023-11-09 13:38:17"},{"nodeID":"1330440","text":"Asserting","type":"YA","timestamp":"2023-11-09 13:38:17"},{"nodeID":"1330441","text":"Default Rephrase","type":"MA","timestamp":"2023-11-09 13:38:17"},{"nodeID":"1330442","text":"Default Transition","type":"TA","timestamp":"2023-11-09 13:38:17"},{"nodeID":"1330443","text":"Restating","type":"YA","timestamp":"2023-11-09 13:38:17"},{"nodeID":"1330444","text":"Liz Truss didn't seem to take on board was that shaking things up goes hand-in-hand with reassurance","type":"I","timestamp":"2023-11-09 13:38:17"},{"nodeID":"1330445","text":"Anne McElvoy: she didn't seem to take on board was that that goes hand-in-hand with reassurance","type":"L","timestamp":"2023-11-09 13:38:17"},{"nodeID":"1330446","text":"Analysing","type":"YA","timestamp":"2023-11-09 13:38:17"},{"nodeID":"1330447","text":"Ella: Anne McElvoy: she didn't seem to take on board was that that goes hand-in-hand with reassurance","type":"L","timestamp":"2023-11-09 13:38:17"},{"nodeID":"1330448","text":"Asserting","type":"YA","timestamp":"2023-11-09 13:38:17"},{"nodeID":"1330449","text":"Default Transition","type":"TA","timestamp":"2023-11-09 13:38:17"},{"nodeID":"1330450","text":"Default Conflict","type":"CA","timestamp":"2023-11-09 13:38:17"},{"nodeID":"1330451","text":"Disagreeing","type":"YA","timestamp":"2023-11-09 13:38:17"},{"nodeID":"1330452","text":"Liz Truss sort of came in as a free-marketeer who didn't understand the markets","type":"I","timestamp":"2023-11-09 13:38:18"},{"nodeID":"1330453","text":"Anne McElvoy: She sort of came in as a free-marketeer who didn't understand the markets","type":"L","timestamp":"2023-11-09 13:38:18"},{"nodeID":"1330454","text":"Analysing","type":"YA","timestamp":"2023-11-09 13:38:18"},{"nodeID":"1330455","text":"Ella: Anne McElvoy: She sort of came in as a free-marketeer who didn't understand the markets","type":"L","timestamp":"2023-11-09 13:38:18"},{"nodeID":"1330456","text":"Asserting","type":"YA","timestamp":"2023-11-09 13:38:18"},{"nodeID":"1330457","text":"Paul Scully has slightly gone down the same road","type":"I","timestamp":"2023-11-09 13:38:19"},{"nodeID":"1330458","text":"Anne McElvoy: Paul Scully has slightly gone down the same road","type":"L","timestamp":"2023-11-09 13:38:19"},{"nodeID":"1330459","text":"Analysing","type":"YA","timestamp":"2023-11-09 13:38:19"},{"nodeID":"1330460","text":"Ella: Anne McElvoy: Paul Scully has slightly gone down the same road","type":"L","timestamp":"2023-11-09 13:38:19"},{"nodeID":"1330461","text":"Asserting","type":"YA","timestamp":"2023-11-09 13:38:19"},{"nodeID":"1330462","text":"Default Transition","type":"TA","timestamp":"2023-11-09 13:38:19"},{"nodeID":"1330463","text":"Anne McElvoy does feel sorry for the gig Paul Scully has got tonight","type":"I","timestamp":"2023-11-09 13:38:19"},{"nodeID":"1330464","text":"Anne McElvoy: I do feel sorry for the gig you've got tonigh","type":"L","timestamp":"2023-11-09 13:38:19"},{"nodeID":"1330465","text":"Analysing","type":"YA","timestamp":"2023-11-09 13:38:19"},{"nodeID":"1330466","text":"Ella: Anne McElvoy: I do feel sorry for the gig you've got tonigh","type":"L","timestamp":"2023-11-09 13:38:19"},{"nodeID":"1330467","text":"Asserting","type":"YA","timestamp":"2023-11-09 13:38:19"},{"nodeID":"1330468","text":"Default Transition","type":"TA","timestamp":"2023-11-09 13:38:19"},{"nodeID":"1330469","text":"Paul Scully does believe in a low tax economy","type":"I","timestamp":"2023-11-09 13:38:20"},{"nodeID":"1330470","text":"Anne McElvoy: you do believe in a low tax economy","type":"L","timestamp":"2023-11-09 13:38:20"},{"nodeID":"1330471","text":"Analysing","type":"YA","timestamp":"2023-11-09 13:38:20"},{"nodeID":"1330472","text":"Ella: Anne McElvoy: you do believe in a low tax economy","type":"L","timestamp":"2023-11-09 13:38:20"},{"nodeID":"1330473","text":"Asserting","type":"YA","timestamp":"2023-11-09 13:38:20"},{"nodeID":"1330474","text":"Paul Scully does believe that we need to stimulate growth","type":"I","timestamp":"2023-11-09 13:38:20"},{"nodeID":"1330475","text":"Anne McElvoy: you do believe that we need to stimulate growth","type":"L","timestamp":"2023-11-09 13:38:20"},{"nodeID":"1330476","text":"Analysing","type":"YA","timestamp":"2023-11-09 13:38:20"},{"nodeID":"1330477","text":"Ella: Anne McElvoy: you do believe that we need to stimulate growth","type":"L","timestamp":"2023-11-09 13:38:20"},{"nodeID":"1330478","text":"Asserting","type":"YA","timestamp":"2023-11-09 13:38:20"},{"nodeID":"1330479","text":"Default Transition","type":"TA","timestamp":"2023-11-09 13:38:20"},{"nodeID":"1330480","text":"Paul Scully believes a lot of things that the publication like The Economist would stand for","type":"I","timestamp":"2023-11-09 13:38:21"},{"nodeID":"1330481","text":"Anne McElvoy: You believe a lot of things that the publication like The Economist would stand for","type":"L","timestamp":"2023-11-09 13:38:21"},{"nodeID":"1330482","text":"Analysing","type":"YA","timestamp":"2023-11-09 13:38:21"},{"nodeID":"1330483","text":"Ella: Anne McElvoy: You believe a lot of things that the publication like The Economist would stand for","type":"L","timestamp":"2023-11-09 13:38:21"},{"nodeID":"1330484","text":"Asserting","type":"YA","timestamp":"2023-11-09 13:38:21"},{"nodeID":"1330485","text":"Default Inference","type":"RA","timestamp":"2023-11-09 13:38:21"},{"nodeID":"1330486","text":"Default Transition","type":"TA","timestamp":"2023-11-09 13:38:21"},{"nodeID":"1330487","text":"Default Transition","type":"TA","timestamp":"2023-11-09 13:38:21"},{"nodeID":"1330488","text":"Arguing","type":"YA","timestamp":"2023-11-09 13:38:21"},{"nodeID":"1330489","text":"the response of the markets and political response is so negative","type":"I","timestamp":"2023-11-09 13:38:21"},{"nodeID":"1330490","text":"Anne McElvoy: the response of the markets and political response is so negative","type":"L","timestamp":"2023-11-09 13:38:21"},{"nodeID":"1330491","text":"Analysing","type":"YA","timestamp":"2023-11-09 13:38:21"},{"nodeID":"1330492","text":"Ella: Anne McElvoy: the response of the markets and political response is so negative","type":"L","timestamp":"2023-11-09 13:38:21"},{"nodeID":"1330493","text":"Asserting","type":"YA","timestamp":"2023-11-09 13:38:21"},{"nodeID":"1330494","text":"the negative response is not just from people from the left","type":"I","timestamp":"2023-11-09 13:38:22"},{"nodeID":"1330495","text":"Anne McElvoy: not just from people from the left","type":"L","timestamp":"2023-11-09 13:38:22"},{"nodeID":"1330496","text":"Analysing","type":"YA","timestamp":"2023-11-09 13:38:22"},{"nodeID":"1330497","text":"Ella: Anne McElvoy: not just from people from the left","type":"L","timestamp":"2023-11-09 13:38:22"},{"nodeID":"1330498","text":"Asserting","type":"YA","timestamp":"2023-11-09 13:38:22"},{"nodeID":"1330499","text":"Default Rephrase","type":"MA","timestamp":"2023-11-09 13:38:22"},{"nodeID":"1330500","text":"Default Transition","type":"TA","timestamp":"2023-11-09 13:38:22"},{"nodeID":"1330501","text":"Restating","type":"YA","timestamp":"2023-11-09 13:38:22"},{"nodeID":"1330502","text":"Anne McElvoy would rather be sitting here to say \"I'm not sure about Labour's growth plans\"","type":"I","timestamp":"2023-11-09 13:38:23"},{"nodeID":"1330503","text":"Anne McElvoy: I would rather be sitting here to say \"I'm not sure about Labour's growth plans\"","type":"L","timestamp":"2023-11-09 13:38:23"},{"nodeID":"1330504","text":"Analysing","type":"YA","timestamp":"2023-11-09 13:38:23"},{"nodeID":"1330505","text":"Ella: Anne McElvoy: I would rather be sitting here to say \"I'm not sure about Labour's growth plans\"","type":"L","timestamp":"2023-11-09 13:38:23"},{"nodeID":"1330506","text":"Asserting","type":"YA","timestamp":"2023-11-09 13:38:23"},{"nodeID":"1330507","text":"Default Inference","type":"RA","timestamp":"2023-11-09 13:38:23"},{"nodeID":"1330508","text":"Default Transition","type":"TA","timestamp":"2023-11-09 13:38:23"},{"nodeID":"1330509","text":"Arguing","type":"YA","timestamp":"2023-11-09 13:38:23"},{"nodeID":"1330510","text":"Default Inference","type":"RA","timestamp":"2023-11-09 13:38:23"},{"nodeID":"1330511","text":"Default Transition","type":"TA","timestamp":"2023-11-09 13:38:23"},{"nodeID":"1330512","text":"Arguing","type":"YA","timestamp":"2023-11-09 13:38:23"},{"nodeID":"1330513","text":"Default Conflict","type":"CA","timestamp":"2023-11-09 13:38:23"},{"nodeID":"1330514","text":"Default Transition","type":"TA","timestamp":"2023-11-09 13:38:23"},{"nodeID":"1330515","text":"Disagreeing","type":"YA","timestamp":"2023-11-09 13:38:23"},{"nodeID":"1330516","text":"Paul Scully can't sit there and say \"we are free-marketeers now running the party. We wanted to take things in an animal spirit world and we gingered up and we'll get the response of that\"","type":"I","timestamp":"2023-11-09 13:38:23"},{"nodeID":"1330517","text":"Anne McElvoy: you can't sit there and say \"we are free-marketeers now running the party. We wanted to take things in an animal spirit world and we gingered up and we'll get the response of that.\"","type":"L","timestamp":"2023-11-09 13:38:23"},{"nodeID":"1330518","text":"Analysing","type":"YA","timestamp":"2023-11-09 13:38:23"},{"nodeID":"1330519","text":"Ella: Anne McElvoy: you can't sit there and say \"we are free-marketeers now running the party. We wanted to take things in an animal spirit world and we gingered up and we'll get the response of that.\"","type":"L","timestamp":"2023-11-09 13:38:23"},{"nodeID":"1330520","text":"Paul Scully: we are free-marketeers now running the party. We wanted to take things in an animal spirit world and we gingered up and we'll get the response of that","type":"L","timestamp":"2023-11-09 13:38:23"},{"nodeID":"1330521","text":"Analysing","type":"YA","timestamp":"2023-11-09 13:38:23"},{"nodeID":"1330522","text":"Ella: Paul Scully: you can't sit there and say \"we are free-marketeers now running the party. We wanted to take things in an animal spirit world and we gingered up and we'll get the response of that.\"","type":"L","timestamp":"2023-11-09 13:38:23"},{"nodeID":"1330523","text":"Asserting","type":"YA","timestamp":"2023-11-09 13:38:23"},{"nodeID":"1330524","text":"Asserting","type":"YA","timestamp":"2023-11-09 13:38:23"},{"nodeID":"1330525","text":"Default Transition","type":"TA","timestamp":"2023-11-09 13:38:23"},{"nodeID":"1330526","text":"Default Transition","type":"TA","timestamp":"2023-11-09 13:38:23"}],"edges":[{"edgeID":"1744925","fromID":"1330373","toID":"1330372","formEdgeID":null},{"edgeID":"1744926","fromID":"1330374","toID":"1330373","formEdgeID":null},{"edgeID":"1744927","fromID":"1330372","toID":"1330375","formEdgeID":null},{"edgeID":"1744928","fromID":"1330375","toID":"1330371","formEdgeID":null},{"edgeID":"1744929","fromID":"1330378","toID":"1330377","formEdgeID":null},{"edgeID":"1744930","fromID":"1330379","toID":"1330378","formEdgeID":null},{"edgeID":"1744931","fromID":"1330377","toID":"1330380","formEdgeID":null},{"edgeID":"1744932","fromID":"1330380","toID":"1330376","formEdgeID":null},{"edgeID":"1744933","fromID":"1330383","toID":"1330382","formEdgeID":null},{"edgeID":"1744934","fromID":"1330384","toID":"1330383","formEdgeID":null},{"edgeID":"1744935","fromID":"1330382","toID":"1330385","formEdgeID":null},{"edgeID":"1744936","fromID":"1330385","toID":"1330381","formEdgeID":null},{"edgeID":"1744937","fromID":"1330388","toID":"1330387","formEdgeID":null},{"edgeID":"1744938","fromID":"1330389","toID":"1330388","formEdgeID":null},{"edgeID":"1744939","fromID":"1330387","toID":"1330390","formEdgeID":null},{"edgeID":"1744940","fromID":"1330390","toID":"1330386","formEdgeID":null},{"edgeID":"1744941","fromID":"1330372","toID":"1330391","formEdgeID":null},{"edgeID":"1744942","fromID":"1330391","toID":"1330377","formEdgeID":null},{"edgeID":"1744943","fromID":"1330377","toID":"1330392","formEdgeID":null},{"edgeID":"1744944","fromID":"1330392","toID":"1330387","formEdgeID":null},{"edgeID":"1744945","fromID":"1330386","toID":"1330393","formEdgeID":null},{"edgeID":"1744946","fromID":"1330393","toID":"1330381","formEdgeID":null},{"edgeID":"1744947","fromID":"1330387","toID":"1330394","formEdgeID":null},{"edgeID":"1744948","fromID":"1330394","toID":"1330382","formEdgeID":null},{"edgeID":"1744949","fromID":"1330394","toID":"1330395","formEdgeID":null},{"edgeID":"1744950","fromID":"1330395","toID":"1330393","formEdgeID":null},{"edgeID":"1744951","fromID":"1330398","toID":"1330397","formEdgeID":null},{"edgeID":"1744952","fromID":"1330399","toID":"1330398","formEdgeID":null},{"edgeID":"1744953","fromID":"1330397","toID":"1330400","formEdgeID":null},{"edgeID":"1744954","fromID":"1330400","toID":"1330396","formEdgeID":null},{"edgeID":"1744955","fromID":"1330403","toID":"1330402","formEdgeID":null},{"edgeID":"1744956","fromID":"1330404","toID":"1330403","formEdgeID":null},{"edgeID":"1744957","fromID":"1330402","toID":"1330405","formEdgeID":null},{"edgeID":"1744958","fromID":"1330405","toID":"1330401","formEdgeID":null},{"edgeID":"1744959","fromID":"1330408","toID":"1330407","formEdgeID":null},{"edgeID":"1744960","fromID":"1330409","toID":"1330408","formEdgeID":null},{"edgeID":"1744961","fromID":"1330407","toID":"1330410","formEdgeID":null},{"edgeID":"1744962","fromID":"1330410","toID":"1330406","formEdgeID":null},{"edgeID":"1744963","fromID":"1330412","toID":"1330402","formEdgeID":null},{"edgeID":"1744964","fromID":"1330404","toID":"1330412","formEdgeID":null},{"edgeID":"1744965","fromID":"1330402","toID":"1330413","formEdgeID":null},{"edgeID":"1744966","fromID":"1330413","toID":"1330411","formEdgeID":null},{"edgeID":"1744967","fromID":"1330416","toID":"1330415","formEdgeID":null},{"edgeID":"1744968","fromID":"1330417","toID":"1330416","formEdgeID":null},{"edgeID":"1744969","fromID":"1330415","toID":"1330418","formEdgeID":null},{"edgeID":"1744970","fromID":"1330418","toID":"1330414","formEdgeID":null},{"edgeID":"1744971","fromID":"1330421","toID":"1330420","formEdgeID":null},{"edgeID":"1744972","fromID":"1330422","toID":"1330421","formEdgeID":null},{"edgeID":"1744973","fromID":"1330420","toID":"1330423","formEdgeID":null},{"edgeID":"1744974","fromID":"1330423","toID":"1330419","formEdgeID":null},{"edgeID":"1744975","fromID":"1330414","toID":"1330424","formEdgeID":null},{"edgeID":"1744976","fromID":"1330424","toID":"1330419","formEdgeID":null},{"edgeID":"1744977","fromID":"1330415","toID":"1330425","formEdgeID":null},{"edgeID":"1744978","fromID":"1330425","toID":"1330420","formEdgeID":null},{"edgeID":"1744979","fromID":"1330425","toID":"1330426","formEdgeID":null},{"edgeID":"1744980","fromID":"1330426","toID":"1330424","formEdgeID":null},{"edgeID":"1744981","fromID":"1330382","toID":"1330427","formEdgeID":null},{"edgeID":"1744982","fromID":"1330427","toID":"1330397","formEdgeID":null},{"edgeID":"1744983","fromID":"1330401","toID":"1330428","formEdgeID":null},{"edgeID":"1744984","fromID":"1330428","toID":"1330396","formEdgeID":null},{"edgeID":"1744985","fromID":"1330397","toID":"1330429","formEdgeID":null},{"edgeID":"1744986","fromID":"1330429","toID":"1330402","formEdgeID":null},{"edgeID":"1744987","fromID":"1330429","toID":"1330430","formEdgeID":null},{"edgeID":"1744988","fromID":"1330430","toID":"1330428","formEdgeID":null},{"edgeID":"1744989","fromID":"1330402","toID":"1330431","formEdgeID":null},{"edgeID":"1744990","fromID":"1330431","toID":"1330407","formEdgeID":null},{"edgeID":"1744991","fromID":"1330411","toID":"1330432","formEdgeID":null},{"edgeID":"1744992","fromID":"1330432","toID":"1330406","formEdgeID":null},{"edgeID":"1744993","fromID":"1330407","toID":"1330433","formEdgeID":null},{"edgeID":"1744994","fromID":"1330433","toID":"1330402","formEdgeID":null},{"edgeID":"1744995","fromID":"1330433","toID":"1330434","formEdgeID":null},{"edgeID":"1744996","fromID":"1330434","toID":"1330432","formEdgeID":null},{"edgeID":"1744997","fromID":"1330402","toID":"1330435","formEdgeID":null},{"edgeID":"1744998","fromID":"1330435","toID":"1330415","formEdgeID":null},{"edgeID":"1744999","fromID":"1330438","toID":"1330437","formEdgeID":null},{"edgeID":"1745000","fromID":"1330439","toID":"1330438","formEdgeID":null},{"edgeID":"1745001","fromID":"1330437","toID":"1330440","formEdgeID":null},{"edgeID":"1745002","fromID":"1330440","toID":"1330436","formEdgeID":null},{"edgeID":"1745003","fromID":"1330436","toID":"1330441","formEdgeID":null},{"edgeID":"1745004","fromID":"1330441","toID":"1330419","formEdgeID":null},{"edgeID":"1745005","fromID":"1330420","toID":"1330442","formEdgeID":null},{"edgeID":"1745006","fromID":"1330442","toID":"1330437","formEdgeID":null},{"edgeID":"1745007","fromID":"1330442","toID":"1330443","formEdgeID":null},{"edgeID":"1745008","fromID":"1330443","toID":"1330441","formEdgeID":null},{"edgeID":"1745009","fromID":"1330446","toID":"1330445","formEdgeID":null},{"edgeID":"1745010","fromID":"1330447","toID":"1330446","formEdgeID":null},{"edgeID":"1745011","fromID":"1330445","toID":"1330448","formEdgeID":null},{"edgeID":"1745012","fromID":"1330448","toID":"1330444","formEdgeID":null},{"edgeID":"1745013","fromID":"1330437","toID":"1330449","formEdgeID":null},{"edgeID":"1745014","fromID":"1330449","toID":"1330445","formEdgeID":null},{"edgeID":"1745015","fromID":"1330444","toID":"1330450","formEdgeID":null},{"edgeID":"1745016","fromID":"1330450","toID":"1330436","formEdgeID":null},{"edgeID":"1745017","fromID":"1330449","toID":"1330451","formEdgeID":null},{"edgeID":"1745018","fromID":"1330451","toID":"1330450","formEdgeID":null},{"edgeID":"1745019","fromID":"1330454","toID":"1330453","formEdgeID":null},{"edgeID":"1745020","fromID":"1330455","toID":"1330454","formEdgeID":null},{"edgeID":"1745021","fromID":"1330453","toID":"1330456","formEdgeID":null},{"edgeID":"1745022","fromID":"1330456","toID":"1330452","formEdgeID":null},{"edgeID":"1745023","fromID":"1330459","toID":"1330458","formEdgeID":null},{"edgeID":"1745024","fromID":"1330460","toID":"1330459","formEdgeID":null},{"edgeID":"1745025","fromID":"1330458","toID":"1330461","formEdgeID":null},{"edgeID":"1745026","fromID":"1330461","toID":"1330457","formEdgeID":null},{"edgeID":"1745027","fromID":"1330453","toID":"1330462","formEdgeID":null},{"edgeID":"1745028","fromID":"1330462","toID":"1330458","formEdgeID":null},{"edgeID":"1745029","fromID":"1330465","toID":"1330464","formEdgeID":null},{"edgeID":"1745030","fromID":"1330466","toID":"1330465","formEdgeID":null},{"edgeID":"1745031","fromID":"1330464","toID":"1330467","formEdgeID":null},{"edgeID":"1745032","fromID":"1330467","toID":"1330463","formEdgeID":null},{"edgeID":"1745033","fromID":"1330458","toID":"1330468","formEdgeID":null},{"edgeID":"1745034","fromID":"1330468","toID":"1330464","formEdgeID":null},{"edgeID":"1745035","fromID":"1330471","toID":"1330470","formEdgeID":null},{"edgeID":"1745036","fromID":"1330472","toID":"1330471","formEdgeID":null},{"edgeID":"1745037","fromID":"1330470","toID":"1330473","formEdgeID":null},{"edgeID":"1745038","fromID":"1330473","toID":"1330469","formEdgeID":null},{"edgeID":"1745039","fromID":"1330476","toID":"1330475","formEdgeID":null},{"edgeID":"1745040","fromID":"1330477","toID":"1330476","formEdgeID":null},{"edgeID":"1745041","fromID":"1330475","toID":"1330478","formEdgeID":null},{"edgeID":"1745042","fromID":"1330478","toID":"1330474","formEdgeID":null},{"edgeID":"1745043","fromID":"1330464","toID":"1330479","formEdgeID":null},{"edgeID":"1745044","fromID":"1330479","toID":"1330470","formEdgeID":null},{"edgeID":"1745045","fromID":"1330482","toID":"1330481","formEdgeID":null},{"edgeID":"1745046","fromID":"1330483","toID":"1330482","formEdgeID":null},{"edgeID":"1745047","fromID":"1330481","toID":"1330484","formEdgeID":null},{"edgeID":"1745048","fromID":"1330484","toID":"1330480","formEdgeID":null},{"edgeID":"1745049","fromID":"1330474","toID":"1330485","formEdgeID":null},{"edgeID":"1745050","fromID":"1330485","toID":"1330480","formEdgeID":null},{"edgeID":"1745051","fromID":"1330469","toID":"1330485","formEdgeID":null},{"edgeID":"1745052","fromID":"1330470","toID":"1330486","formEdgeID":null},{"edgeID":"1745053","fromID":"1330486","toID":"1330481","formEdgeID":null},{"edgeID":"1745054","fromID":"1330475","toID":"1330487","formEdgeID":null},{"edgeID":"1745055","fromID":"1330487","toID":"1330481","formEdgeID":null},{"edgeID":"1745056","fromID":"1330487","toID":"1330488","formEdgeID":null},{"edgeID":"1745057","fromID":"1330488","toID":"1330485","formEdgeID":null},{"edgeID":"1745058","fromID":"1330491","toID":"1330490","formEdgeID":null},{"edgeID":"1745059","fromID":"1330492","toID":"1330491","formEdgeID":null},{"edgeID":"1745060","fromID":"1330490","toID":"1330493","formEdgeID":null},{"edgeID":"1745061","fromID":"1330493","toID":"1330489","formEdgeID":null},{"edgeID":"1745062","fromID":"1330496","toID":"1330495","formEdgeID":null},{"edgeID":"1745063","fromID":"1330497","toID":"1330496","formEdgeID":null},{"edgeID":"1745064","fromID":"1330495","toID":"1330498","formEdgeID":null},{"edgeID":"1745065","fromID":"1330498","toID":"1330494","formEdgeID":null},{"edgeID":"1745066","fromID":"1330494","toID":"1330499","formEdgeID":null},{"edgeID":"1745067","fromID":"1330499","toID":"1330489","formEdgeID":null},{"edgeID":"1745068","fromID":"1330490","toID":"1330500","formEdgeID":null},{"edgeID":"1745069","fromID":"1330500","toID":"1330495","formEdgeID":null},{"edgeID":"1745070","fromID":"1330500","toID":"1330501","formEdgeID":null},{"edgeID":"1745071","fromID":"1330501","toID":"1330499","formEdgeID":null},{"edgeID":"1745072","fromID":"1330504","toID":"1330503","formEdgeID":null},{"edgeID":"1745073","fromID":"1330505","toID":"1330504","formEdgeID":null},{"edgeID":"1745074","fromID":"1330503","toID":"1330506","formEdgeID":null},{"edgeID":"1745075","fromID":"1330506","toID":"1330502","formEdgeID":null},{"edgeID":"1745076","fromID":"1330489","toID":"1330507","formEdgeID":null},{"edgeID":"1745077","fromID":"1330507","toID":"1330502","formEdgeID":null},{"edgeID":"1745078","fromID":"1330490","toID":"1330508","formEdgeID":null},{"edgeID":"1745079","fromID":"1330508","toID":"1330503","formEdgeID":null},{"edgeID":"1745080","fromID":"1330508","toID":"1330509","formEdgeID":null},{"edgeID":"1745081","fromID":"1330509","toID":"1330507","formEdgeID":null},{"edgeID":"1745082","fromID":"1330452","toID":"1330510","formEdgeID":null},{"edgeID":"1745083","fromID":"1330510","toID":"1330371","formEdgeID":null},{"edgeID":"1745084","fromID":"1330372","toID":"1330511","formEdgeID":null},{"edgeID":"1745085","fromID":"1330511","toID":"1330453","formEdgeID":null},{"edgeID":"1745086","fromID":"1330511","toID":"1330512","formEdgeID":null},{"edgeID":"1745087","fromID":"1330512","toID":"1330510","formEdgeID":null},{"edgeID":"1745088","fromID":"1330452","toID":"1330513","formEdgeID":null},{"edgeID":"1745089","fromID":"1330513","toID":"1330396","formEdgeID":null},{"edgeID":"1745090","fromID":"1330397","toID":"1330514","formEdgeID":null},{"edgeID":"1745091","fromID":"1330514","toID":"1330453","formEdgeID":null},{"edgeID":"1745092","fromID":"1330514","toID":"1330515","formEdgeID":null},{"edgeID":"1745093","fromID":"1330515","toID":"1330513","formEdgeID":null},{"edgeID":"1745094","fromID":"1330518","toID":"1330517","formEdgeID":null},{"edgeID":"1745095","fromID":"1330519","toID":"1330518","formEdgeID":null},{"edgeID":"1745096","fromID":"1330521","toID":"1330520","formEdgeID":null},{"edgeID":"1745097","fromID":"1330522","toID":"1330521","formEdgeID":null},{"edgeID":"1745098","fromID":"1330520","toID":"1330523","formEdgeID":null},{"edgeID":"1745099","fromID":"1330523","toID":"1330516","formEdgeID":null},{"edgeID":"1745100","fromID":"1330517","toID":"1330524","formEdgeID":null},{"edgeID":"1745101","fromID":"1330524","toID":"1330520","formEdgeID":null},{"edgeID":"1745102","fromID":"1330481","toID":"1330525","formEdgeID":null},{"edgeID":"1745103","fromID":"1330525","toID":"1330517","formEdgeID":null},{"edgeID":"1745104","fromID":"1330517","toID":"1330526","formEdgeID":null},{"edgeID":"1745105","fromID":"1330526","toID":"1330490","formEdgeID":null}],"locutions":[]}