{"nodes":[{"nodeID":"1329672","text":"Anne McElvoy would love to know where the Labour growth recipe comes from","type":"I","timestamp":"2023-11-09 13:37:12"},{"nodeID":"1329673","text":"Anne McElvoy: I'd love to know where the Labour growth recipe comes from","type":"L","timestamp":"2023-11-09 13:37:12"},{"nodeID":"1329674","text":"Analysing","type":"YA","timestamp":"2023-11-09 13:37:12"},{"nodeID":"1329675","text":"Chris: Anne McElvoy: I'd love to know where the Labour growth recipe comes from","type":"L","timestamp":"2023-11-09 13:37:12"},{"nodeID":"1329676","text":"Asserting","type":"YA","timestamp":"2023-11-09 13:37:12"},{"nodeID":"1329677","text":"Bridget Phillipson has the right point","type":"I","timestamp":"2023-11-09 13:37:13"},{"nodeID":"1329678","text":"Anne McElvoy: Bridget has the right point","type":"L","timestamp":"2023-11-09 13:37:13"},{"nodeID":"1329679","text":"Analysing","type":"YA","timestamp":"2023-11-09 13:37:13"},{"nodeID":"1329680","text":"Chris: Anne McElvoy: Bridget has the right point","type":"L","timestamp":"2023-11-09 13:37:13"},{"nodeID":"1329681","text":"Asserting","type":"YA","timestamp":"2023-11-09 13:37:13"},{"nodeID":"1329682","text":"Default Transition","type":"TA","timestamp":"2023-11-09 13:37:13"},{"nodeID":"1329683","text":"Default Conflict","type":"CA","timestamp":"2023-11-09 13:37:13"},{"nodeID":"1329684","text":"Disagreeing","type":"YA","timestamp":"2023-11-09 13:37:13"},{"nodeID":"1329685","text":"the Government is the Government","type":"I","timestamp":"2023-11-09 13:37:13"},{"nodeID":"1329686","text":"Anne McElvoy: The Government is the Government","type":"L","timestamp":"2023-11-09 13:37:13"},{"nodeID":"1329687","text":"Analysing","type":"YA","timestamp":"2023-11-09 13:37:13"},{"nodeID":"1329688","text":"Chris: Anne McElvoy: The Government is the Government","type":"L","timestamp":"2023-11-09 13:37:13"},{"nodeID":"1329689","text":"Asserting","type":"YA","timestamp":"2023-11-09 13:37:13"},{"nodeID":"1329690","text":"Default Transition","type":"TA","timestamp":"2023-11-09 13:37:13"},{"nodeID":"1329691","text":"Default Rephrase","type":"MA","timestamp":"2023-11-09 13:37:13"},{"nodeID":"1329692","text":"Restating","type":"YA","timestamp":"2023-11-09 13:37:13"},{"nodeID":"1329693","text":"the Government is going to have a big problem","type":"I","timestamp":"2023-11-09 13:37:14"},{"nodeID":"1329694","text":"Anne McElvoy: it is going to have a big problem","type":"L","timestamp":"2023-11-09 13:37:14"},{"nodeID":"1329695","text":"Analysing","type":"YA","timestamp":"2023-11-09 13:37:14"},{"nodeID":"1329696","text":"Chris: Anne McElvoy: it is going to have a big problem","type":"L","timestamp":"2023-11-09 13:37:14"},{"nodeID":"1329697","text":"Asserting","type":"YA","timestamp":"2023-11-09 13:37:14"},{"nodeID":"1329698","text":"this is certainly the ropiest start that Anne McElvoy has seen from a Prime Minister and chancellor","type":"I","timestamp":"2023-11-09 13:37:15"},{"nodeID":"1329699","text":"Anne McElvoy: It is certainly, the ropiest start that I have seen from a Prime Minister and chancellor","type":"L","timestamp":"2023-11-09 13:37:15"},{"nodeID":"1329700","text":"Analysing","type":"YA","timestamp":"2023-11-09 13:37:15"},{"nodeID":"1329701","text":"Chris: Anne McElvoy: It is certainly, the ropiest start that I have seen from a Prime Minister and chancellor","type":"L","timestamp":"2023-11-09 13:37:15"},{"nodeID":"1329702","text":"Asserting","type":"YA","timestamp":"2023-11-09 13:37:15"},{"nodeID":"1329703","text":"Default Transition","type":"TA","timestamp":"2023-11-09 13:37:15"},{"nodeID":"1329704","text":"Default Rephrase","type":"MA","timestamp":"2023-11-09 13:37:15"},{"nodeID":"1329705","text":"Restating","type":"YA","timestamp":"2023-11-09 13:37:15"},{"nodeID":"1329706","text":"the PM and Chancellor must learn from their very ropey start","type":"I","timestamp":"2023-11-09 13:37:15"},{"nodeID":"1329707","text":"Anne McElvoy: either they learn from that","type":"L","timestamp":"2023-11-09 13:37:15"},{"nodeID":"1329708","text":"Analysing","type":"YA","timestamp":"2023-11-09 13:37:15"},{"nodeID":"1329709","text":"Chris: Anne McElvoy: either they learn from that","type":"L","timestamp":"2023-11-09 13:37:15"},{"nodeID":"1329710","text":"Asserting","type":"YA","timestamp":"2023-11-09 13:37:15"},{"nodeID":"1329711","text":"Default Transition","type":"TA","timestamp":"2023-11-09 13:37:15"},{"nodeID":"1329712","text":"it could be a rather short-lived new team indeed","type":"I","timestamp":"2023-11-09 13:37:16"},{"nodeID":"1329713","text":"Anne McElvoy: it could be a rather short-lived new team indeed","type":"L","timestamp":"2023-11-09 13:37:16"},{"nodeID":"1329714","text":"Analysing","type":"YA","timestamp":"2023-11-09 13:37:16"},{"nodeID":"1329715","text":"Chris: Anne McElvoy: it could be a rather short-lived new team indeed","type":"L","timestamp":"2023-11-09 13:37:16"},{"nodeID":"1329716","text":"Asserting","type":"YA","timestamp":"2023-11-09 13:37:16"},{"nodeID":"1329717","text":"Default Transition","type":"TA","timestamp":"2023-11-09 13:37:16"},{"nodeID":"1329718","text":"Default Inference","type":"RA","timestamp":"2023-11-09 13:37:16"},{"nodeID":"1329719","text":"Arguing","type":"YA","timestamp":"2023-11-09 13:37:16"},{"nodeID":"1329720","text":"that reassurance is all about growth","type":"I","timestamp":"2023-11-09 13:37:16"},{"nodeID":"1329721","text":"Paul Scully: That reassurance is all about growth","type":"L","timestamp":"2023-11-09 13:37:16"},{"nodeID":"1329722","text":"Analysing","type":"YA","timestamp":"2023-11-09 13:37:16"},{"nodeID":"1329723","text":"Chris: Paul Scully: That reassurance is all about growth","type":"L","timestamp":"2023-11-09 13:37:16"},{"nodeID":"1329724","text":"Asserting","type":"YA","timestamp":"2023-11-09 13:37:16"},{"nodeID":"1329725","text":"Default Transition","type":"TA","timestamp":"2023-11-09 13:37:16"},{"nodeID":"1329726","text":"first of all, it is personal growth to make sure that we can keep jobs","type":"I","timestamp":"2023-11-09 13:37:17"},{"nodeID":"1329727","text":"Paul Scully: First of all, it is personal growth to make sure that we can keep jobs","type":"L","timestamp":"2023-11-09 13:37:17"},{"nodeID":"1329728","text":"Analysing","type":"YA","timestamp":"2023-11-09 13:37:17"},{"nodeID":"1329729","text":"Chris: Paul Scully: First of all, it is personal growth to make sure that we can keep jobs","type":"L","timestamp":"2023-11-09 13:37:17"},{"nodeID":"1329730","text":"Asserting","type":"YA","timestamp":"2023-11-09 13:37:17"},{"nodeID":"1329731","text":"Default Transition","type":"TA","timestamp":"2023-11-09 13:37:17"},{"nodeID":"1329732","text":"Default Rephrase","type":"MA","timestamp":"2023-11-09 13:37:17"},{"nodeID":"1329733","text":"Restating","type":"YA","timestamp":"2023-11-09 13:37:17"},{"nodeID":"1329734","text":"the national insurance levy is something to encourage 920,000 businesses to be able to carry on taking people","type":"I","timestamp":"2023-11-09 13:37:18"},{"nodeID":"1329735","text":"Paul Scully: the national insurance levy is something to encourage 920,000 businesses to be able to carry on taking people","type":"L","timestamp":"2023-11-09 13:37:18"},{"nodeID":"1329736","text":"Analysing","type":"YA","timestamp":"2023-11-09 13:37:18"},{"nodeID":"1329737","text":"Chris: Paul Scully: the national insurance levy is something to encourage 920,000 businesses to be able to carry on taking people","type":"L","timestamp":"2023-11-09 13:37:18"},{"nodeID":"1329738","text":"Asserting","type":"YA","timestamp":"2023-11-09 13:37:18"},{"nodeID":"1329739","text":"Default Inference","type":"RA","timestamp":"2023-11-09 13:37:18"},{"nodeID":"1329740","text":"Default Transition","type":"TA","timestamp":"2023-11-09 13:37:18"},{"nodeID":"1329741","text":"Arguing","type":"YA","timestamp":"2023-11-09 13:37:18"},{"nodeID":"1329742","text":"the national insurance freeze etc are great initiatives","type":"I","timestamp":"2023-11-09 13:37:18"},{"nodeID":"1329743","text":"Karan Bilimoria: These are great initiatives","type":"L","timestamp":"2023-11-09 13:37:18"},{"nodeID":"1329744","text":"Analysing","type":"YA","timestamp":"2023-11-09 13:37:18"},{"nodeID":"1329745","text":"Chris: Karan Bilimoria: These are great initiatives","type":"L","timestamp":"2023-11-09 13:37:18"},{"nodeID":"1329746","text":"Asserting","type":"YA","timestamp":"2023-11-09 13:37:18"},{"nodeID":"1329747","text":"Default Transition","type":"TA","timestamp":"2023-11-09 13:37:18"},{"nodeID":"1329748","text":"Default Rephrase","type":"MA","timestamp":"2023-11-09 13:37:18"},{"nodeID":"1329749","text":"Restating","type":"YA","timestamp":"2023-11-09 13:37:18"},{"nodeID":"1329750","text":"Paul Scully can or can not answer the question that was asked here","type":"I","timestamp":"2023-11-09 13:37:19"},{"nodeID":"1329751","text":"Karan Bilimoria: what about the question that was asked here","type":"L","timestamp":"2023-11-09 13:37:19"},{"nodeID":"1329752","text":"Analysing","type":"YA","timestamp":"2023-11-09 13:37:19"},{"nodeID":"1329753","text":"Chris: Karan Bilimoria: what about the question that was asked here","type":"L","timestamp":"2023-11-09 13:37:19"},{"nodeID":"1329754","text":"Pure Questioning","type":"YA","timestamp":"2023-11-09 13:37:19"},{"nodeID":"1329755","text":"Default Transition","type":"TA","timestamp":"2023-11-09 13:37:19"},{"nodeID":"1329756","text":"Default Conflict","type":"CA","timestamp":"2023-11-09 13:37:19"},{"nodeID":"1329757","text":"Disagreeing","type":"YA","timestamp":"2023-11-09 13:37:19"},{"nodeID":"1329758","text":"the Conservative Party had tax cuts and the 1p reduction that Rishi Sunak said he would do before the election","type":"I","timestamp":"2023-11-09 13:37:19"},{"nodeID":"1329759","text":"Karan Bilimoria: You had tax cuts and the 1p reduction that Rishi Sunak said he would do before the election","type":"L","timestamp":"2023-11-09 13:37:19"},{"nodeID":"1329760","text":"Analysing","type":"YA","timestamp":"2023-11-09 13:37:19"},{"nodeID":"1329761","text":"Chris: Karan Bilimoria: You had tax cuts and the 1p reduction that Rishi Sunak said he would do before the election","type":"L","timestamp":"2023-11-09 13:37:19"},{"nodeID":"1329762","text":"Asserting","type":"YA","timestamp":"2023-11-09 13:37:19"},{"nodeID":"1329763","text":"Default Transition","type":"TA","timestamp":"2023-11-09 13:37:19"},{"nodeID":"1329764","text":"Default Rephrase","type":"MA","timestamp":"2023-11-09 13:37:19"},{"nodeID":"1329765","text":"Restating","type":"YA","timestamp":"2023-11-09 13:37:19"},{"nodeID":"1329766","text":"Rishi Sunak brought the 1p tax cut forward","type":"I","timestamp":"2023-11-09 13:37:20"},{"nodeID":"1329767","text":"Karan Bilimoria: he brought that forward","type":"L","timestamp":"2023-11-09 13:37:20"},{"nodeID":"1329768","text":"Analysing","type":"YA","timestamp":"2023-11-09 13:37:20"},{"nodeID":"1329769","text":"Chris: Karan Bilimoria: he brought that forward","type":"L","timestamp":"2023-11-09 13:37:20"},{"nodeID":"1329770","text":"Asserting","type":"YA","timestamp":"2023-11-09 13:37:20"},{"nodeID":"1329771","text":"Default Transition","type":"TA","timestamp":"2023-11-09 13:37:20"},{"nodeID":"1329772","text":"Default Rephrase","type":"MA","timestamp":"2023-11-09 13:37:20"},{"nodeID":"1329773","text":"Restating","type":"YA","timestamp":"2023-11-09 13:37:20"},{"nodeID":"1329774","text":"xxx is what will happen about the income tax thresholds","type":"I","timestamp":"2023-11-09 13:37:21"},{"nodeID":"1329775","text":"Karan Bilimoria: What about the income tax thresholds","type":"L","timestamp":"2023-11-09 13:37:21"},{"nodeID":"1329776","text":"Analysing","type":"YA","timestamp":"2023-11-09 13:37:21"},{"nodeID":"1329777","text":"Chris: Karan Bilimoria: What about the income tax thresholds","type":"L","timestamp":"2023-11-09 13:37:21"},{"nodeID":"1329778","text":"Pure Questioning","type":"YA","timestamp":"2023-11-09 13:37:21"},{"nodeID":"1329779","text":"Default Transition","type":"TA","timestamp":"2023-11-09 13:37:21"},{"nodeID":"1329780","text":"income tax thresholds are frozen","type":"I","timestamp":"2023-11-09 13:37:21"},{"nodeID":"1329781","text":"Karan Bilimoria: Those thresholds are frozen","type":"L","timestamp":"2023-11-09 13:37:21"},{"nodeID":"1329782","text":"Analysing","type":"YA","timestamp":"2023-11-09 13:37:21"},{"nodeID":"1329783","text":"Chris: Karan Bilimoria: Those thresholds are frozen","type":"L","timestamp":"2023-11-09 13:37:21"},{"nodeID":"1329784","text":"Asserting","type":"YA","timestamp":"2023-11-09 13:37:21"},{"nodeID":"1329785","text":"Default Transition","type":"TA","timestamp":"2023-11-09 13:37:21"},{"nodeID":"1329786","text":"take inflation into account, income tax is the most expensive element","type":"I","timestamp":"2023-11-09 13:37:22"},{"nodeID":"1329787","text":"Karan Bilimoria: take inflation into account, that's the most expensive element","type":"L","timestamp":"2023-11-09 13:37:22"},{"nodeID":"1329788","text":"Analysing","type":"YA","timestamp":"2023-11-09 13:37:22"},{"nodeID":"1329789","text":"Chris: Karan Bilimoria: take inflation into account, that's the most expensive element","type":"L","timestamp":"2023-11-09 13:37:22"},{"nodeID":"1329790","text":"Asserting","type":"YA","timestamp":"2023-11-09 13:37:22"},{"nodeID":"1329791","text":"Default Transition","type":"TA","timestamp":"2023-11-09 13:37:22"},{"nodeID":"1329792","text":"Default Inference","type":"RA","timestamp":"2023-11-09 13:37:22"},{"nodeID":"1329793","text":"income tax regulation has not been touched","type":"I","timestamp":"2023-11-09 13:37:22"},{"nodeID":"1329794","text":"Karan Bilimoria: that's not been touched","type":"L","timestamp":"2023-11-09 13:37:22"},{"nodeID":"1329795","text":"Analysing","type":"YA","timestamp":"2023-11-09 13:37:22"},{"nodeID":"1329796","text":"Chris: Karan Bilimoria: that's not been touched","type":"L","timestamp":"2023-11-09 13:37:22"},{"nodeID":"1329797","text":"Asserting","type":"YA","timestamp":"2023-11-09 13:37:22"},{"nodeID":"1329798","text":"Default Transition","type":"TA","timestamp":"2023-11-09 13:37:22"},{"nodeID":"1329799","text":"Arguing","type":"YA","timestamp":"2023-11-09 13:37:22"},{"nodeID":"1329800","text":"it is slightly absurd that in the middle of a cost of living crisis that we've known is coming and people can barely afford to buy shoes for the kids and there is not enough food at foodbanks, last Friday, you reduced the top rate of income tax for rich people, and you took away the cap on bankers' bonuses which the bankers weren't even asking for","type":"I","timestamp":"2023-11-09 13:37:23"},{"nodeID":"1329801","text":"Richard Bacon: isn't it slightly absurd that in the middle of a cost of living crisis that we've known is coming and people can barely afford to buy shoes for the kids and there is not enough food at foodbanks, last Friday, you reduced the top rate of income tax for rich people, and you took away the cap on bankers' bonuses which the bankers weren't even asking for","type":"L","timestamp":"2023-11-09 13:37:23"},{"nodeID":"1329802","text":"Analysing","type":"YA","timestamp":"2023-11-09 13:37:23"},{"nodeID":"1329803","text":"Chris: Richard Bacon: isn't it slightly absurd that in the middle of a cost of living crisis that we've known is coming and people can barely afford to buy shoes for the kids and there is not enough food at foodbanks, last Friday, you reduced the top rate of income tax for rich people, and you took away the cap on bankers' bonuses which the bankers weren't even asking for","type":"L","timestamp":"2023-11-09 13:37:23"},{"nodeID":"1329804","text":"Rhetorical Questioning","type":"YA","timestamp":"2023-11-09 13:37:23"},{"nodeID":"1329805","text":"Default Transition","type":"TA","timestamp":"2023-11-09 13:37:23"},{"nodeID":"1329806","text":"doesn't cutting tax and increasing bonuses for the ultra rich in the middle of an economic depression seem wild","type":"I","timestamp":"2023-11-09 13:37:24"},{"nodeID":"1329807","text":"Richard Bacon: Doesn't it seem wild","type":"L","timestamp":"2023-11-09 13:37:24"},{"nodeID":"1329808","text":"Analysing","type":"YA","timestamp":"2023-11-09 13:37:24"},{"nodeID":"1329809","text":"Chris: Richard Bacon: Doesn't it seem wild","type":"L","timestamp":"2023-11-09 13:37:24"},{"nodeID":"1329810","text":"Rhetorical Questioning","type":"YA","timestamp":"2023-11-09 13:37:24"},{"nodeID":"1329811","text":"Default Transition","type":"TA","timestamp":"2023-11-09 13:37:24"},{"nodeID":"1329812","text":"Default Rephrase","type":"MA","timestamp":"2023-11-09 13:37:24"},{"nodeID":"1329813","text":"Restating","type":"YA","timestamp":"2023-11-09 13:37:24"},{"nodeID":"1329814","text":"the Government can't be more consistent or more reassuring","type":"I","timestamp":"2023-11-09 13:37:24"},{"nodeID":"1329815","text":"Anne McElvoy: the Government can't be more consistent or more reassuring","type":"L","timestamp":"2023-11-09 13:37:24"},{"nodeID":"1329816","text":"Analysing","type":"YA","timestamp":"2023-11-09 13:37:24"},{"nodeID":"1329817","text":"Chris: Anne McElvoy: the Government can't be more consistent or more reassuring","type":"L","timestamp":"2023-11-09 13:37:24"},{"nodeID":"1329818","text":"Asserting","type":"YA","timestamp":"2023-11-09 13:37:24"},{"nodeID":"1329819","text":"Default Transition","type":"TA","timestamp":"2023-11-09 13:37:24"},{"nodeID":"1329820","text":"Default Transition","type":"TA","timestamp":"2023-11-09 13:37:24"},{"nodeID":"1329821","text":"Default Inference","type":"RA","timestamp":"2023-11-09 13:37:24"},{"nodeID":"1329822","text":"Arguing","type":"YA","timestamp":"2023-11-09 13:37:24"}],"edges":[{"edgeID":"1744103","fromID":"1329674","toID":"1329673","formEdgeID":null},{"edgeID":"1744104","fromID":"1329675","toID":"1329674","formEdgeID":null},{"edgeID":"1744105","fromID":"1329673","toID":"1329676","formEdgeID":null},{"edgeID":"1744106","fromID":"1329676","toID":"1329672","formEdgeID":null},{"edgeID":"1744107","fromID":"1329679","toID":"1329678","formEdgeID":null},{"edgeID":"1744108","fromID":"1329680","toID":"1329679","formEdgeID":null},{"edgeID":"1744109","fromID":"1329678","toID":"1329681","formEdgeID":null},{"edgeID":"1744110","fromID":"1329681","toID":"1329677","formEdgeID":null},{"edgeID":"1744111","fromID":"1329673","toID":"1329682","formEdgeID":null},{"edgeID":"1744112","fromID":"1329682","toID":"1329678","formEdgeID":null},{"edgeID":"1744113","fromID":"1329677","toID":"1329683","formEdgeID":null},{"edgeID":"1744114","fromID":"1329683","toID":"1329672","formEdgeID":null},{"edgeID":"1744115","fromID":"1329682","toID":"1329684","formEdgeID":null},{"edgeID":"1744116","fromID":"1329684","toID":"1329683","formEdgeID":null},{"edgeID":"1744117","fromID":"1329687","toID":"1329686","formEdgeID":null},{"edgeID":"1744118","fromID":"1329688","toID":"1329687","formEdgeID":null},{"edgeID":"1744119","fromID":"1329686","toID":"1329689","formEdgeID":null},{"edgeID":"1744120","fromID":"1329689","toID":"1329685","formEdgeID":null},{"edgeID":"1744121","fromID":"1329678","toID":"1329690","formEdgeID":null},{"edgeID":"1744122","fromID":"1329690","toID":"1329686","formEdgeID":null},{"edgeID":"1744123","fromID":"1329685","toID":"1329691","formEdgeID":null},{"edgeID":"1744124","fromID":"1329691","toID":"1329677","formEdgeID":null},{"edgeID":"1744125","fromID":"1329690","toID":"1329692","formEdgeID":null},{"edgeID":"1744126","fromID":"1329692","toID":"1329691","formEdgeID":null},{"edgeID":"1744127","fromID":"1329695","toID":"1329694","formEdgeID":null},{"edgeID":"1744128","fromID":"1329696","toID":"1329695","formEdgeID":null},{"edgeID":"1744129","fromID":"1329694","toID":"1329697","formEdgeID":null},{"edgeID":"1744130","fromID":"1329697","toID":"1329693","formEdgeID":null},{"edgeID":"1744131","fromID":"1329700","toID":"1329699","formEdgeID":null},{"edgeID":"1744132","fromID":"1329701","toID":"1329700","formEdgeID":null},{"edgeID":"1744133","fromID":"1329699","toID":"1329702","formEdgeID":null},{"edgeID":"1744134","fromID":"1329702","toID":"1329698","formEdgeID":null},{"edgeID":"1744135","fromID":"1329694","toID":"1329703","formEdgeID":null},{"edgeID":"1744136","fromID":"1329703","toID":"1329699","formEdgeID":null},{"edgeID":"1744137","fromID":"1329698","toID":"1329704","formEdgeID":null},{"edgeID":"1744138","fromID":"1329704","toID":"1329693","formEdgeID":null},{"edgeID":"1744139","fromID":"1329703","toID":"1329705","formEdgeID":null},{"edgeID":"1744140","fromID":"1329705","toID":"1329704","formEdgeID":null},{"edgeID":"1744141","fromID":"1329708","toID":"1329707","formEdgeID":null},{"edgeID":"1744142","fromID":"1329709","toID":"1329708","formEdgeID":null},{"edgeID":"1744143","fromID":"1329707","toID":"1329710","formEdgeID":null},{"edgeID":"1744144","fromID":"1329710","toID":"1329706","formEdgeID":null},{"edgeID":"1744145","fromID":"1329699","toID":"1329711","formEdgeID":null},{"edgeID":"1744146","fromID":"1329711","toID":"1329707","formEdgeID":null},{"edgeID":"1744147","fromID":"1329714","toID":"1329713","formEdgeID":null},{"edgeID":"1744148","fromID":"1329715","toID":"1329714","formEdgeID":null},{"edgeID":"1744149","fromID":"1329713","toID":"1329716","formEdgeID":null},{"edgeID":"1744150","fromID":"1329716","toID":"1329712","formEdgeID":null},{"edgeID":"1744151","fromID":"1329707","toID":"1329717","formEdgeID":null},{"edgeID":"1744152","fromID":"1329717","toID":"1329713","formEdgeID":null},{"edgeID":"1744153","fromID":"1329706","toID":"1329718","formEdgeID":null},{"edgeID":"1744154","fromID":"1329718","toID":"1329712","formEdgeID":null},{"edgeID":"1744155","fromID":"1329717","toID":"1329719","formEdgeID":null},{"edgeID":"1744156","fromID":"1329719","toID":"1329718","formEdgeID":null},{"edgeID":"1744157","fromID":"1329722","toID":"1329721","formEdgeID":null},{"edgeID":"1744158","fromID":"1329723","toID":"1329722","formEdgeID":null},{"edgeID":"1744159","fromID":"1329721","toID":"1329724","formEdgeID":null},{"edgeID":"1744160","fromID":"1329724","toID":"1329720","formEdgeID":null},{"edgeID":"1744161","fromID":"1329713","toID":"1329725","formEdgeID":null},{"edgeID":"1744162","fromID":"1329725","toID":"1329721","formEdgeID":null},{"edgeID":"1744163","fromID":"1329728","toID":"1329727","formEdgeID":null},{"edgeID":"1744164","fromID":"1329729","toID":"1329728","formEdgeID":null},{"edgeID":"1744165","fromID":"1329727","toID":"1329730","formEdgeID":null},{"edgeID":"1744166","fromID":"1329730","toID":"1329726","formEdgeID":null},{"edgeID":"1744167","fromID":"1329721","toID":"1329731","formEdgeID":null},{"edgeID":"1744168","fromID":"1329731","toID":"1329727","formEdgeID":null},{"edgeID":"1744169","fromID":"1329726","toID":"1329732","formEdgeID":null},{"edgeID":"1744170","fromID":"1329732","toID":"1329720","formEdgeID":null},{"edgeID":"1744171","fromID":"1329731","toID":"1329733","formEdgeID":null},{"edgeID":"1744172","fromID":"1329733","toID":"1329732","formEdgeID":null},{"edgeID":"1744173","fromID":"1329736","toID":"1329735","formEdgeID":null},{"edgeID":"1744174","fromID":"1329737","toID":"1329736","formEdgeID":null},{"edgeID":"1744175","fromID":"1329735","toID":"1329738","formEdgeID":null},{"edgeID":"1744176","fromID":"1329738","toID":"1329734","formEdgeID":null},{"edgeID":"1744177","fromID":"1329726","toID":"1329739","formEdgeID":null},{"edgeID":"1744178","fromID":"1329739","toID":"1329734","formEdgeID":null},{"edgeID":"1744179","fromID":"1329727","toID":"1329740","formEdgeID":null},{"edgeID":"1744180","fromID":"1329740","toID":"1329735","formEdgeID":null},{"edgeID":"1744181","fromID":"1329740","toID":"1329741","formEdgeID":null},{"edgeID":"1744182","fromID":"1329741","toID":"1329739","formEdgeID":null},{"edgeID":"1744183","fromID":"1329744","toID":"1329743","formEdgeID":null},{"edgeID":"1744184","fromID":"1329745","toID":"1329744","formEdgeID":null},{"edgeID":"1744185","fromID":"1329743","toID":"1329746","formEdgeID":null},{"edgeID":"1744186","fromID":"1329746","toID":"1329742","formEdgeID":null},{"edgeID":"1744187","fromID":"1329735","toID":"1329747","formEdgeID":null},{"edgeID":"1744188","fromID":"1329747","toID":"1329743","formEdgeID":null},{"edgeID":"1744189","fromID":"1329742","toID":"1329748","formEdgeID":null},{"edgeID":"1744190","fromID":"1329748","toID":"1329734","formEdgeID":null},{"edgeID":"1744191","fromID":"1329747","toID":"1329749","formEdgeID":null},{"edgeID":"1744192","fromID":"1329749","toID":"1329748","formEdgeID":null},{"edgeID":"1744193","fromID":"1329752","toID":"1329751","formEdgeID":null},{"edgeID":"1744194","fromID":"1329753","toID":"1329752","formEdgeID":null},{"edgeID":"1744195","fromID":"1329751","toID":"1329754","formEdgeID":null},{"edgeID":"1744196","fromID":"1329754","toID":"1329750","formEdgeID":null},{"edgeID":"1744197","fromID":"1329743","toID":"1329755","formEdgeID":null},{"edgeID":"1744198","fromID":"1329755","toID":"1329751","formEdgeID":null},{"edgeID":"1744199","fromID":"1329750","toID":"1329756","formEdgeID":null},{"edgeID":"1744200","fromID":"1329756","toID":"1329742","formEdgeID":null},{"edgeID":"1744201","fromID":"1329755","toID":"1329757","formEdgeID":null},{"edgeID":"1744202","fromID":"1329757","toID":"1329756","formEdgeID":null},{"edgeID":"1744203","fromID":"1329760","toID":"1329759","formEdgeID":null},{"edgeID":"1744204","fromID":"1329761","toID":"1329760","formEdgeID":null},{"edgeID":"1744205","fromID":"1329759","toID":"1329762","formEdgeID":null},{"edgeID":"1744206","fromID":"1329762","toID":"1329758","formEdgeID":null},{"edgeID":"1744207","fromID":"1329751","toID":"1329763","formEdgeID":null},{"edgeID":"1744208","fromID":"1329763","toID":"1329759","formEdgeID":null},{"edgeID":"1744209","fromID":"1329758","toID":"1329764","formEdgeID":null},{"edgeID":"1744210","fromID":"1329764","toID":"1329750","formEdgeID":null},{"edgeID":"1744211","fromID":"1329763","toID":"1329765","formEdgeID":null},{"edgeID":"1744212","fromID":"1329765","toID":"1329764","formEdgeID":null},{"edgeID":"1744213","fromID":"1329768","toID":"1329767","formEdgeID":null},{"edgeID":"1744214","fromID":"1329769","toID":"1329768","formEdgeID":null},{"edgeID":"1744215","fromID":"1329767","toID":"1329770","formEdgeID":null},{"edgeID":"1744216","fromID":"1329770","toID":"1329766","formEdgeID":null},{"edgeID":"1744217","fromID":"1329759","toID":"1329771","formEdgeID":null},{"edgeID":"1744218","fromID":"1329771","toID":"1329767","formEdgeID":null},{"edgeID":"1744219","fromID":"1329766","toID":"1329772","formEdgeID":null},{"edgeID":"1744220","fromID":"1329772","toID":"1329758","formEdgeID":null},{"edgeID":"1744221","fromID":"1329771","toID":"1329773","formEdgeID":null},{"edgeID":"1744222","fromID":"1329773","toID":"1329772","formEdgeID":null},{"edgeID":"1744223","fromID":"1329776","toID":"1329775","formEdgeID":null},{"edgeID":"1744224","fromID":"1329777","toID":"1329776","formEdgeID":null},{"edgeID":"1744225","fromID":"1329775","toID":"1329778","formEdgeID":null},{"edgeID":"1744226","fromID":"1329778","toID":"1329774","formEdgeID":null},{"edgeID":"1744227","fromID":"1329767","toID":"1329779","formEdgeID":null},{"edgeID":"1744228","fromID":"1329779","toID":"1329775","formEdgeID":null},{"edgeID":"1744229","fromID":"1329782","toID":"1329781","formEdgeID":null},{"edgeID":"1744230","fromID":"1329783","toID":"1329782","formEdgeID":null},{"edgeID":"1744231","fromID":"1329781","toID":"1329784","formEdgeID":null},{"edgeID":"1744232","fromID":"1329784","toID":"1329780","formEdgeID":null},{"edgeID":"1744233","fromID":"1329775","toID":"1329785","formEdgeID":null},{"edgeID":"1744234","fromID":"1329785","toID":"1329781","formEdgeID":null},{"edgeID":"1744235","fromID":"1329788","toID":"1329787","formEdgeID":null},{"edgeID":"1744236","fromID":"1329789","toID":"1329788","formEdgeID":null},{"edgeID":"1744237","fromID":"1329787","toID":"1329790","formEdgeID":null},{"edgeID":"1744238","fromID":"1329790","toID":"1329786","formEdgeID":null},{"edgeID":"1744239","fromID":"1329781","toID":"1329791","formEdgeID":null},{"edgeID":"1744240","fromID":"1329791","toID":"1329787","formEdgeID":null},{"edgeID":"1744241","fromID":"1329780","toID":"1329792","formEdgeID":null},{"edgeID":"1744242","fromID":"1329792","toID":"1329774","formEdgeID":null},{"edgeID":"1744243","fromID":"1329786","toID":"1329792","formEdgeID":null},{"edgeID":"1744244","fromID":"1329795","toID":"1329794","formEdgeID":null},{"edgeID":"1744245","fromID":"1329796","toID":"1329795","formEdgeID":null},{"edgeID":"1744246","fromID":"1329794","toID":"1329797","formEdgeID":null},{"edgeID":"1744247","fromID":"1329797","toID":"1329793","formEdgeID":null},{"edgeID":"1744248","fromID":"1329787","toID":"1329798","formEdgeID":null},{"edgeID":"1744249","fromID":"1329798","toID":"1329794","formEdgeID":null},{"edgeID":"1744250","fromID":"1329793","toID":"1329792","formEdgeID":null},{"edgeID":"1744251","fromID":"1329798","toID":"1329799","formEdgeID":null},{"edgeID":"1744252","fromID":"1329799","toID":"1329792","formEdgeID":null},{"edgeID":"1744253","fromID":"1329802","toID":"1329801","formEdgeID":null},{"edgeID":"1744254","fromID":"1329803","toID":"1329802","formEdgeID":null},{"edgeID":"1744255","fromID":"1329801","toID":"1329804","formEdgeID":null},{"edgeID":"1744256","fromID":"1329804","toID":"1329800","formEdgeID":null},{"edgeID":"1744257","fromID":"1329794","toID":"1329805","formEdgeID":null},{"edgeID":"1744258","fromID":"1329805","toID":"1329801","formEdgeID":null},{"edgeID":"1744259","fromID":"1329808","toID":"1329807","formEdgeID":null},{"edgeID":"1744260","fromID":"1329809","toID":"1329808","formEdgeID":null},{"edgeID":"1744261","fromID":"1329807","toID":"1329810","formEdgeID":null},{"edgeID":"1744262","fromID":"1329810","toID":"1329806","formEdgeID":null},{"edgeID":"1744263","fromID":"1329801","toID":"1329811","formEdgeID":null},{"edgeID":"1744264","fromID":"1329811","toID":"1329807","formEdgeID":null},{"edgeID":"1744265","fromID":"1329806","toID":"1329812","formEdgeID":null},{"edgeID":"1744266","fromID":"1329812","toID":"1329800","formEdgeID":null},{"edgeID":"1744267","fromID":"1329811","toID":"1329813","formEdgeID":null},{"edgeID":"1744268","fromID":"1329813","toID":"1329812","formEdgeID":null},{"edgeID":"1744269","fromID":"1329816","toID":"1329815","formEdgeID":null},{"edgeID":"1744270","fromID":"1329817","toID":"1329816","formEdgeID":null},{"edgeID":"1744271","fromID":"1329815","toID":"1329818","formEdgeID":null},{"edgeID":"1744272","fromID":"1329818","toID":"1329814","formEdgeID":null},{"edgeID":"1744273","fromID":"1329686","toID":"1329819","formEdgeID":null},{"edgeID":"1744274","fromID":"1329819","toID":"1329815","formEdgeID":null},{"edgeID":"1744275","fromID":"1329815","toID":"1329820","formEdgeID":null},{"edgeID":"1744276","fromID":"1329820","toID":"1329694","formEdgeID":null},{"edgeID":"1744277","fromID":"1329814","toID":"1329821","formEdgeID":null},{"edgeID":"1744278","fromID":"1329821","toID":"1329693","formEdgeID":null},{"edgeID":"1744279","fromID":"1329820","toID":"1329822","formEdgeID":null},{"edgeID":"1744280","fromID":"1329822","toID":"1329821","formEdgeID":null}],"locutions":[]}