{"nodes":[{"nodeID":"1348961","text":"the conversation is all about growth and building growth","type":"I","timestamp":"2023-11-09 14:06:38"},{"nodeID":"1348962","text":"AudienceMember 20221006QT92: the conversation is all about growth and building growth","type":"L","timestamp":"2023-11-09 14:06:38"},{"nodeID":"1348963","text":"Analysing","type":"YA","timestamp":"2023-11-09 14:06:38"},{"nodeID":"1348964","text":"Lara: AudienceMember 20221006QT92: the conversation is all about growth and building growth","type":"L","timestamp":"2023-11-09 14:06:38"},{"nodeID":"1348965","text":"Asserting","type":"YA","timestamp":"2023-11-09 14:06:38"},{"nodeID":"1348966","text":"the biggest thing we did against growth was come out of the single market","type":"I","timestamp":"2023-11-09 14:06:39"},{"nodeID":"1348967","text":"AudienceMember 20221006QT92: the biggest, the biggest thing we did against growth was come out of the single market","type":"L","timestamp":"2023-11-09 14:06:39"},{"nodeID":"1348968","text":"Analysing","type":"YA","timestamp":"2023-11-09 14:06:39"},{"nodeID":"1348969","text":"Lara: AudienceMember 20221006QT92: the biggest, the biggest thing we did against growth was come out of the single market","type":"L","timestamp":"2023-11-09 14:06:39"},{"nodeID":"1348970","text":"Asserting","type":"YA","timestamp":"2023-11-09 14:06:39"},{"nodeID":"1348971","text":"AudienceMember 20221006QT92 would like to hear Labour's view on how the biggest thing we did against growth was come out of the single market","type":"I","timestamp":"2023-11-09 14:06:40"},{"nodeID":"1348972","text":"AudienceMember 20221006QT92: I'd like to hear Labour's view on that","type":"L","timestamp":"2023-11-09 14:06:40"},{"nodeID":"1348973","text":"Analysing","type":"YA","timestamp":"2023-11-09 14:06:40"},{"nodeID":"1348974","text":"Lara: AudienceMember 20221006QT92: I'd like to hear Labour's view on that","type":"L","timestamp":"2023-11-09 14:06:40"},{"nodeID":"1348975","text":"Asserting","type":"YA","timestamp":"2023-11-09 14:06:40"},{"nodeID":"1348976","text":"AudienceMember 20221006QT92 would like to hear Labour's view on how we've cut ties with our free trade with the EU","type":"I","timestamp":"2023-11-09 14:06:41"},{"nodeID":"1348977","text":"AudienceMember 20221006QT92: how, you know, we've cut ties with our free trade, with, you know, the EU","type":"L","timestamp":"2023-11-09 14:06:41"},{"nodeID":"1348978","text":"Analysing","type":"YA","timestamp":"2023-11-09 14:06:41"},{"nodeID":"1348979","text":"Lara: AudienceMember 20221006QT92: how, you know, we've cut ties with our free trade, with, you know, the EU","type":"L","timestamp":"2023-11-09 14:06:41"},{"nodeID":"1348980","text":"Asserting","type":"YA","timestamp":"2023-11-09 14:06:41"},{"nodeID":"1348981","text":"cutting ties with our free trade with the EU has had a massive impact on our growth","type":"I","timestamp":"2023-11-09 14:06:41"},{"nodeID":"1348982","text":"AudienceMember 20221006QT92: that's had a massive impact on that","type":"L","timestamp":"2023-11-09 14:06:41"},{"nodeID":"1348983","text":"Analysing","type":"YA","timestamp":"2023-11-09 14:06:41"},{"nodeID":"1348984","text":"Lara: AudienceMember 20221006QT92: that's had a massive impact on that","type":"L","timestamp":"2023-11-09 14:06:41"},{"nodeID":"1348985","text":"Asserting","type":"YA","timestamp":"2023-11-09 14:06:41"},{"nodeID":"1348986","text":"AudienceMember 20221006QT92 would like to hear Bridget Phillipson's views on how cutting ties with our free trade with the EU has had a massive impact on our growth","type":"I","timestamp":"2023-11-09 14:06:42"},{"nodeID":"1348987","text":"AudienceMember 20221006QT92: I'd just like to hear your views, Bridget, on that","type":"L","timestamp":"2023-11-09 14:06:42"},{"nodeID":"1348988","text":"Analysing","type":"YA","timestamp":"2023-11-09 14:06:42"},{"nodeID":"1348989","text":"Lara: AudienceMember 20221006QT92: I'd just like to hear your views, Bridget, on that","type":"L","timestamp":"2023-11-09 14:06:42"},{"nodeID":"1348990","text":"Asserting","type":"YA","timestamp":"2023-11-09 14:06:42"},{"nodeID":"1348991","text":"AudienceMember 20221006QT92 would like to hear Bridget Phillipson's views on how Labour would build relationships back","type":"I","timestamp":"2023-11-09 14:06:43"},{"nodeID":"1348992","text":"AudienceMember 20221006QT92: how Labour would build relationships back","type":"L","timestamp":"2023-11-09 14:06:43"},{"nodeID":"1348993","text":"Analysing","type":"YA","timestamp":"2023-11-09 14:06:43"},{"nodeID":"1348994","text":"Lara: AudienceMember 20221006QT92: how Labour would build relationships back","type":"L","timestamp":"2023-11-09 14:06:43"},{"nodeID":"1348995","text":"Asserting","type":"YA","timestamp":"2023-11-09 14:06:43"},{"nodeID":"1348996","text":"Default Transition","type":"TA","timestamp":"2023-11-09 14:06:43"},{"nodeID":"1348997","text":"Default Rephrase","type":"MA","timestamp":"2023-11-09 14:06:43"},{"nodeID":"1348998","text":"Default Transition","type":"TA","timestamp":"2023-11-09 14:06:43"},{"nodeID":"1348999","text":"Restating","type":"YA","timestamp":"2023-11-09 14:06:43"},{"nodeID":"1349000","text":"Default Transition","type":"TA","timestamp":"2023-11-09 14:06:43"},{"nodeID":"1349001","text":"Default Rephrase","type":"MA","timestamp":"2023-11-09 14:06:43"},{"nodeID":"1349002","text":"Default Transition","type":"TA","timestamp":"2023-11-09 14:06:43"},{"nodeID":"1349003","text":"Restating","type":"YA","timestamp":"2023-11-09 14:06:43"},{"nodeID":"1349004","text":"Default Transition","type":"TA","timestamp":"2023-11-09 14:06:43"},{"nodeID":"1349005","text":"there is a broader point whichever side of the fence you sit on","type":"I","timestamp":"2023-11-09 14:06:44"},{"nodeID":"1349006","text":"Richard Bacon: There is a broader point whichever side of the fence you sit on","type":"L","timestamp":"2023-11-09 14:06:44"},{"nodeID":"1349007","text":"Analysing","type":"YA","timestamp":"2023-11-09 14:06:44"},{"nodeID":"1349008","text":"Lara: Richard Bacon: There is a broader point whichever side of the fence you sit on","type":"L","timestamp":"2023-11-09 14:06:44"},{"nodeID":"1349009","text":"Asserting","type":"YA","timestamp":"2023-11-09 14:06:44"},{"nodeID":"1349010","text":"Default Transition","type":"TA","timestamp":"2023-11-09 14:06:44"},{"nodeID":"1349011","text":"you don't want the same party in government in perpetuity","type":"I","timestamp":"2023-11-09 14:06:44"},{"nodeID":"1349012","text":"Richard Bacon: you don't want the same party in government in perpetuity","type":"L","timestamp":"2023-11-09 14:06:44"},{"nodeID":"1349013","text":"Analysing","type":"YA","timestamp":"2023-11-09 14:06:44"},{"nodeID":"1349014","text":"Lara: Richard Bacon: you don't want the same party in government in perpetuity","type":"L","timestamp":"2023-11-09 14:06:44"},{"nodeID":"1349015","text":"Asserting","type":"YA","timestamp":"2023-11-09 14:06:44"},{"nodeID":"1349016","text":"Default Transition","type":"TA","timestamp":"2023-11-09 14:06:44"},{"nodeID":"1349017","text":"it has now been 12 years since Labour was in power","type":"I","timestamp":"2023-11-09 14:06:45"},{"nodeID":"1349018","text":"Richard Bacon: It has now been 12 years","type":"L","timestamp":"2023-11-09 14:06:45"},{"nodeID":"1349019","text":"Analysing","type":"YA","timestamp":"2023-11-09 14:06:45"},{"nodeID":"1349020","text":"Lara: Richard Bacon: It has now been 12 years","type":"L","timestamp":"2023-11-09 14:06:45"},{"nodeID":"1349021","text":"Asserting","type":"YA","timestamp":"2023-11-09 14:06:45"},{"nodeID":"1349022","text":"12 years is a long time","type":"I","timestamp":"2023-11-09 14:06:45"},{"nodeID":"1349023","text":"Richard Bacon: it is a long time","type":"L","timestamp":"2023-11-09 14:06:45"},{"nodeID":"1349024","text":"Analysing","type":"YA","timestamp":"2023-11-09 14:06:45"},{"nodeID":"1349025","text":"Lara: Richard Bacon: it is a long time","type":"L","timestamp":"2023-11-09 14:06:46"},{"nodeID":"1349026","text":"Asserting","type":"YA","timestamp":"2023-11-09 14:06:46"},{"nodeID":"1349027","text":"you reference there that governments tend to lose rather than opposition win","type":"I","timestamp":"2023-11-09 14:06:46"},{"nodeID":"1349028","text":"Richard Bacon: you reference there that governments tend to lose rather than opposition win","type":"L","timestamp":"2023-11-09 14:06:46"},{"nodeID":"1349029","text":"Analysing","type":"YA","timestamp":"2023-11-09 14:06:46"},{"nodeID":"1349030","text":"Lara: Richard Bacon: you reference there that governments tend to lose rather than opposition win","type":"L","timestamp":"2023-11-09 14:06:46"},{"nodeID":"1349031","text":"Asserting","type":"YA","timestamp":"2023-11-09 14:06:46"},{"nodeID":"1349032","text":"there was a poll which came out today","type":"I","timestamp":"2023-11-09 14:06:47"},{"nodeID":"1349033","text":"Richard Bacon: there was a poll which came out today","type":"L","timestamp":"2023-11-09 14:06:47"},{"nodeID":"1349034","text":"Analysing","type":"YA","timestamp":"2023-11-09 14:06:47"},{"nodeID":"1349035","text":"Lara: Richard Bacon: there was a poll which came out today","type":"L","timestamp":"2023-11-09 14:06:47"},{"nodeID":"1349036","text":"Asserting","type":"YA","timestamp":"2023-11-09 14:06:47"},{"nodeID":"1349037","text":"we can really see what the public thinks to what happened last Friday","type":"I","timestamp":"2023-11-09 14:06:48"},{"nodeID":"1349038","text":"Richard Bacon: we can really see what the public thinks to what happened last Friday","type":"L","timestamp":"2023-11-09 14:06:48"},{"nodeID":"1349039","text":"Analysing","type":"YA","timestamp":"2023-11-09 14:06:48"},{"nodeID":"1349040","text":"Lara: Richard Bacon: we can really see what the public thinks to what happened last Friday","type":"L","timestamp":"2023-11-09 14:06:48"},{"nodeID":"1349041","text":"Asserting","type":"YA","timestamp":"2023-11-09 14:06:48"},{"nodeID":"1349042","text":"we can see a few of you today saying \"I voted Tory last time, but probably not next time\"","type":"I","timestamp":"2023-11-09 14:06:48"},{"nodeID":"1349043","text":"Richard Bacon: We can see a few of you today saying \"I voted Tory last time, but probably not next time\"","type":"L","timestamp":"2023-11-09 14:06:48"},{"nodeID":"1349044","text":"Analysing","type":"YA","timestamp":"2023-11-09 14:06:48"},{"nodeID":"1349045","text":"Lara: Richard Bacon: We can see a few of you today saying \"I voted Tory last time, but probably not next time\"","type":"L","timestamp":"2023-11-09 14:06:48"},{"nodeID":"1349046","text":"Asserting","type":"YA","timestamp":"2023-11-09 14:06:48"},{"nodeID":"1349047","text":"the poll by the Times and YouGov have given Labour a 33 point lead","type":"I","timestamp":"2023-11-09 14:06:49"},{"nodeID":"1349048","text":"Richard Bacon: The poll by the Times and YouGov have given Labour a 33 point lead","type":"L","timestamp":"2023-11-09 14:06:49"},{"nodeID":"1349049","text":"Analysing","type":"YA","timestamp":"2023-11-09 14:06:49"},{"nodeID":"1349050","text":"Lara: Richard Bacon: The poll by the Times and YouGov have given Labour a 33 point lead","type":"L","timestamp":"2023-11-09 14:06:49"},{"nodeID":"1349051","text":"Asserting","type":"YA","timestamp":"2023-11-09 14:06:49"},{"nodeID":"1349052","text":"the poll is only a moment in time","type":"I","timestamp":"2023-11-09 14:06:50"},{"nodeID":"1349053","text":"Richard Bacon: That's only a moment in time","type":"L","timestamp":"2023-11-09 14:06:50"},{"nodeID":"1349054","text":"Analysing","type":"YA","timestamp":"2023-11-09 14:06:50"},{"nodeID":"1349055","text":"Lara: Richard Bacon: That's only a moment in time","type":"L","timestamp":"2023-11-09 14:06:50"},{"nodeID":"1349056","text":"Asserting","type":"YA","timestamp":"2023-11-09 14:06:50"},{"nodeID":"1349057","text":"the poll giving Labour a 33 point lead feels like a moment nonetheless","type":"I","timestamp":"2023-11-09 14:06:50"},{"nodeID":"1349058","text":"Richard Bacon: it feels like a moment nonetheless","type":"L","timestamp":"2023-11-09 14:06:50"},{"nodeID":"1349059","text":"Analysing","type":"YA","timestamp":"2023-11-09 14:06:50"},{"nodeID":"1349060","text":"Lara: Richard Bacon: it feels like a moment nonetheless","type":"L","timestamp":"2023-11-09 14:06:50"},{"nodeID":"1349061","text":"Asserting","type":"YA","timestamp":"2023-11-09 14:06:50"},{"nodeID":"1349062","text":"Richard Bacon: Electoral MPs UK said that would project to a 346 seat majority to the Labour Party","type":"L","timestamp":"2023-11-09 14:06:50"},{"nodeID":"1349063","text":"Analysing","type":"YA","timestamp":"2023-11-09 14:06:50"},{"nodeID":"1349064","text":"Lara: Richard Bacon: Electoral MPs UK said that would project to a 346 seat majority to the Labour Party","type":"L","timestamp":"2023-11-09 14:06:50"},{"nodeID":"1349065","text":"that would project to a 346 seat majority to the Labour Party","type":"I","timestamp":"2023-11-09 14:06:51"},{"nodeID":"1349066","text":"Electoral MPs UK: that would project to a 346 seat majority to the Labour Party","type":"L","timestamp":"2023-11-09 14:06:51"},{"nodeID":"1349067","text":"Analysing","type":"YA","timestamp":"2023-11-09 14:06:51"},{"nodeID":"1349068","text":"Lara: Electoral MPs UK: that would project to a 346 seat majority to the Labour Party","type":"L","timestamp":"2023-11-09 14:06:51"},{"nodeID":"1349069","text":"Asserting","type":"YA","timestamp":"2023-11-09 14:06:51"},{"nodeID":"1349070","text":"Asserting","type":"YA","timestamp":"2023-11-09 14:06:51"},{"nodeID":"1349071","text":"Default Transition","type":"TA","timestamp":"2023-11-09 14:06:51"},{"nodeID":"1349072","text":"Default Transition","type":"TA","timestamp":"2023-11-09 14:06:51"},{"nodeID":"1349073","text":"Default Rephrase","type":"MA","timestamp":"2023-11-09 14:06:51"},{"nodeID":"1349074","text":"Restating","type":"YA","timestamp":"2023-11-09 14:06:51"},{"nodeID":"1349075","text":"Default Transition","type":"TA","timestamp":"2023-11-09 14:06:51"},{"nodeID":"1349076","text":"Default Transition","type":"TA","timestamp":"2023-11-09 14:06:51"},{"nodeID":"1349077","text":"Default Transition","type":"TA","timestamp":"2023-11-09 14:06:51"},{"nodeID":"1349078","text":"Default Inference","type":"RA","timestamp":"2023-11-09 14:06:51"},{"nodeID":"1349079","text":"Arguing","type":"YA","timestamp":"2023-11-09 14:06:51"},{"nodeID":"1349080","text":"Default Transition","type":"TA","timestamp":"2023-11-09 14:06:51"},{"nodeID":"1349081","text":"Default Transition","type":"TA","timestamp":"2023-11-09 14:06:51"},{"nodeID":"1349082","text":"Default Inference","type":"RA","timestamp":"2023-11-09 14:06:51"},{"nodeID":"1349083","text":"Arguing","type":"YA","timestamp":"2023-11-09 14:06:51"},{"nodeID":"1349084","text":"Default Transition","type":"TA","timestamp":"2023-11-09 14:06:51"},{"nodeID":"1349085","text":"Default Transition","type":"TA","timestamp":"2023-11-09 14:06:51"},{"nodeID":"1349086","text":"Default Rephrase","type":"MA","timestamp":"2023-11-09 14:06:51"},{"nodeID":"1349087","text":"Restating","type":"YA","timestamp":"2023-11-09 14:06:51"},{"nodeID":"1349088","text":"Default Transition","type":"TA","timestamp":"2023-11-09 14:06:51"},{"nodeID":"1349089","text":"Default Inference","type":"RA","timestamp":"2023-11-09 14:06:51"},{"nodeID":"1349090","text":"Arguing","type":"YA","timestamp":"2023-11-09 14:06:51"},{"nodeID":"1349091","text":"Default Rephrase","type":"MA","timestamp":"2023-11-09 14:06:51"},{"nodeID":"1349092","text":"Restating","type":"YA","timestamp":"2023-11-09 14:06:51"},{"nodeID":"1349093","text":"Default Conflict","type":"CA","timestamp":"2023-11-09 14:06:51"},{"nodeID":"1349094","text":"Disagreeing","type":"YA","timestamp":"2023-11-09 14:06:51"},{"nodeID":"1349095","text":"Default Inference","type":"RA","timestamp":"2023-11-09 14:06:51"},{"nodeID":"1349096","text":"Arguing","type":"YA","timestamp":"2023-11-09 14:06:51"},{"nodeID":"1349097","text":"Default Inference","type":"RA","timestamp":"2023-11-09 14:06:51"},{"nodeID":"1349098","text":"Arguing","type":"YA","timestamp":"2023-11-09 14:06:51"},{"nodeID":"1349099","text":"Default Transition","type":"TA","timestamp":"2023-11-09 14:06:51"},{"nodeID":"1349100","text":"Default Rephrase","type":"MA","timestamp":"2023-11-09 14:06:51"},{"nodeID":"1349101","text":"Restating","type":"YA","timestamp":"2023-11-09 14:06:51"},{"nodeID":"1349102","text":"Default Conflict","type":"CA","timestamp":"2023-11-09 14:06:51"},{"nodeID":"1349103","text":"Disagreeing","type":"YA","timestamp":"2023-11-09 14:06:51"}],"edges":[{"edgeID":"1767115","fromID":"1348963","toID":"1348962","formEdgeID":null},{"edgeID":"1767116","fromID":"1348964","toID":"1348963","formEdgeID":null},{"edgeID":"1767117","fromID":"1348962","toID":"1348965","formEdgeID":null},{"edgeID":"1767118","fromID":"1348965","toID":"1348961","formEdgeID":null},{"edgeID":"1767119","fromID":"1348968","toID":"1348967","formEdgeID":null},{"edgeID":"1767120","fromID":"1348969","toID":"1348968","formEdgeID":null},{"edgeID":"1767121","fromID":"1348967","toID":"1348970","formEdgeID":null},{"edgeID":"1767122","fromID":"1348970","toID":"1348966","formEdgeID":null},{"edgeID":"1767123","fromID":"1348973","toID":"1348972","formEdgeID":null},{"edgeID":"1767124","fromID":"1348974","toID":"1348973","formEdgeID":null},{"edgeID":"1767125","fromID":"1348972","toID":"1348975","formEdgeID":null},{"edgeID":"1767126","fromID":"1348975","toID":"1348971","formEdgeID":null},{"edgeID":"1767127","fromID":"1348978","toID":"1348977","formEdgeID":null},{"edgeID":"1767128","fromID":"1348979","toID":"1348978","formEdgeID":null},{"edgeID":"1767129","fromID":"1348977","toID":"1348980","formEdgeID":null},{"edgeID":"1767130","fromID":"1348980","toID":"1348976","formEdgeID":null},{"edgeID":"1767131","fromID":"1348983","toID":"1348982","formEdgeID":null},{"edgeID":"1767132","fromID":"1348984","toID":"1348983","formEdgeID":null},{"edgeID":"1767133","fromID":"1348982","toID":"1348985","formEdgeID":null},{"edgeID":"1767134","fromID":"1348985","toID":"1348981","formEdgeID":null},{"edgeID":"1767135","fromID":"1348988","toID":"1348987","formEdgeID":null},{"edgeID":"1767136","fromID":"1348989","toID":"1348988","formEdgeID":null},{"edgeID":"1767137","fromID":"1348987","toID":"1348990","formEdgeID":null},{"edgeID":"1767138","fromID":"1348990","toID":"1348986","formEdgeID":null},{"edgeID":"1767139","fromID":"1348993","toID":"1348992","formEdgeID":null},{"edgeID":"1767140","fromID":"1348994","toID":"1348993","formEdgeID":null},{"edgeID":"1767141","fromID":"1348992","toID":"1348995","formEdgeID":null},{"edgeID":"1767142","fromID":"1348995","toID":"1348991","formEdgeID":null},{"edgeID":"1767143","fromID":"1348967","toID":"1348996","formEdgeID":null},{"edgeID":"1767144","fromID":"1348996","toID":"1348972","formEdgeID":null},{"edgeID":"1767145","fromID":"1348976","toID":"1348997","formEdgeID":null},{"edgeID":"1767146","fromID":"1348997","toID":"1348971","formEdgeID":null},{"edgeID":"1767147","fromID":"1348972","toID":"1348998","formEdgeID":null},{"edgeID":"1767148","fromID":"1348998","toID":"1348977","formEdgeID":null},{"edgeID":"1767149","fromID":"1348998","toID":"1348999","formEdgeID":null},{"edgeID":"1767150","fromID":"1348999","toID":"1348997","formEdgeID":null},{"edgeID":"1767151","fromID":"1348977","toID":"1349000","formEdgeID":null},{"edgeID":"1767152","fromID":"1349000","toID":"1348982","formEdgeID":null},{"edgeID":"1767153","fromID":"1348991","toID":"1349001","formEdgeID":null},{"edgeID":"1767154","fromID":"1349001","toID":"1348986","formEdgeID":null},{"edgeID":"1767155","fromID":"1348987","toID":"1349002","formEdgeID":null},{"edgeID":"1767156","fromID":"1349002","toID":"1348992","formEdgeID":null},{"edgeID":"1767157","fromID":"1349002","toID":"1349003","formEdgeID":null},{"edgeID":"1767158","fromID":"1349003","toID":"1349001","formEdgeID":null},{"edgeID":"1767159","fromID":"1348962","toID":"1349004","formEdgeID":null},{"edgeID":"1767160","fromID":"1349004","toID":"1348967","formEdgeID":null},{"edgeID":"1767161","fromID":"1349007","toID":"1349006","formEdgeID":null},{"edgeID":"1767162","fromID":"1349008","toID":"1349007","formEdgeID":null},{"edgeID":"1767163","fromID":"1349006","toID":"1349009","formEdgeID":null},{"edgeID":"1767164","fromID":"1349009","toID":"1349005","formEdgeID":null},{"edgeID":"1767165","fromID":"1348992","toID":"1349010","formEdgeID":null},{"edgeID":"1767166","fromID":"1349010","toID":"1349006","formEdgeID":null},{"edgeID":"1767167","fromID":"1349013","toID":"1349012","formEdgeID":null},{"edgeID":"1767168","fromID":"1349014","toID":"1349013","formEdgeID":null},{"edgeID":"1767169","fromID":"1349012","toID":"1349015","formEdgeID":null},{"edgeID":"1767170","fromID":"1349015","toID":"1349011","formEdgeID":null},{"edgeID":"1767171","fromID":"1349006","toID":"1349016","formEdgeID":null},{"edgeID":"1767172","fromID":"1349016","toID":"1349012","formEdgeID":null},{"edgeID":"1767173","fromID":"1349019","toID":"1349018","formEdgeID":null},{"edgeID":"1767174","fromID":"1349020","toID":"1349019","formEdgeID":null},{"edgeID":"1767175","fromID":"1349018","toID":"1349021","formEdgeID":null},{"edgeID":"1767176","fromID":"1349021","toID":"1349017","formEdgeID":null},{"edgeID":"1767177","fromID":"1349024","toID":"1349023","formEdgeID":null},{"edgeID":"1767178","fromID":"1349025","toID":"1349024","formEdgeID":null},{"edgeID":"1767179","fromID":"1349023","toID":"1349026","formEdgeID":null},{"edgeID":"1767180","fromID":"1349026","toID":"1349022","formEdgeID":null},{"edgeID":"1767181","fromID":"1349029","toID":"1349028","formEdgeID":null},{"edgeID":"1767182","fromID":"1349030","toID":"1349029","formEdgeID":null},{"edgeID":"1767183","fromID":"1349028","toID":"1349031","formEdgeID":null},{"edgeID":"1767184","fromID":"1349031","toID":"1349027","formEdgeID":null},{"edgeID":"1767185","fromID":"1349034","toID":"1349033","formEdgeID":null},{"edgeID":"1767186","fromID":"1349035","toID":"1349034","formEdgeID":null},{"edgeID":"1767187","fromID":"1349033","toID":"1349036","formEdgeID":null},{"edgeID":"1767188","fromID":"1349036","toID":"1349032","formEdgeID":null},{"edgeID":"1767189","fromID":"1349039","toID":"1349038","formEdgeID":null},{"edgeID":"1767190","fromID":"1349040","toID":"1349039","formEdgeID":null},{"edgeID":"1767191","fromID":"1349038","toID":"1349041","formEdgeID":null},{"edgeID":"1767192","fromID":"1349041","toID":"1349037","formEdgeID":null},{"edgeID":"1767193","fromID":"1349044","toID":"1349043","formEdgeID":null},{"edgeID":"1767194","fromID":"1349045","toID":"1349044","formEdgeID":null},{"edgeID":"1767195","fromID":"1349043","toID":"1349046","formEdgeID":null},{"edgeID":"1767196","fromID":"1349046","toID":"1349042","formEdgeID":null},{"edgeID":"1767197","fromID":"1349049","toID":"1349048","formEdgeID":null},{"edgeID":"1767198","fromID":"1349050","toID":"1349049","formEdgeID":null},{"edgeID":"1767199","fromID":"1349048","toID":"1349051","formEdgeID":null},{"edgeID":"1767200","fromID":"1349051","toID":"1349047","formEdgeID":null},{"edgeID":"1767201","fromID":"1349054","toID":"1349053","formEdgeID":null},{"edgeID":"1767202","fromID":"1349055","toID":"1349054","formEdgeID":null},{"edgeID":"1767203","fromID":"1349053","toID":"1349056","formEdgeID":null},{"edgeID":"1767204","fromID":"1349056","toID":"1349052","formEdgeID":null},{"edgeID":"1767205","fromID":"1349059","toID":"1349058","formEdgeID":null},{"edgeID":"1767206","fromID":"1349060","toID":"1349059","formEdgeID":null},{"edgeID":"1767207","fromID":"1349058","toID":"1349061","formEdgeID":null},{"edgeID":"1767208","fromID":"1349061","toID":"1349057","formEdgeID":null},{"edgeID":"1767209","fromID":"1349063","toID":"1349062","formEdgeID":null},{"edgeID":"1767210","fromID":"1349064","toID":"1349063","formEdgeID":null},{"edgeID":"1767211","fromID":"1349067","toID":"1349066","formEdgeID":null},{"edgeID":"1767212","fromID":"1349068","toID":"1349067","formEdgeID":null},{"edgeID":"1767213","fromID":"1349066","toID":"1349069","formEdgeID":null},{"edgeID":"1767214","fromID":"1349069","toID":"1349065","formEdgeID":null},{"edgeID":"1767215","fromID":"1349062","toID":"1349070","formEdgeID":null},{"edgeID":"1767216","fromID":"1349070","toID":"1349066","formEdgeID":null},{"edgeID":"1767217","fromID":"1349012","toID":"1349071","formEdgeID":null},{"edgeID":"1767218","fromID":"1349071","toID":"1349018","formEdgeID":null},{"edgeID":"1767219","fromID":"1349018","toID":"1349072","formEdgeID":null},{"edgeID":"1767220","fromID":"1349072","toID":"1349023","formEdgeID":null},{"edgeID":"1767221","fromID":"1349022","toID":"1349073","formEdgeID":null},{"edgeID":"1767222","fromID":"1349073","toID":"1349017","formEdgeID":null},{"edgeID":"1767223","fromID":"1349072","toID":"1349074","formEdgeID":null},{"edgeID":"1767224","fromID":"1349074","toID":"1349073","formEdgeID":null},{"edgeID":"1767225","fromID":"1349023","toID":"1349075","formEdgeID":null},{"edgeID":"1767226","fromID":"1349075","toID":"1349028","formEdgeID":null},{"edgeID":"1767227","fromID":"1349028","toID":"1349076","formEdgeID":null},{"edgeID":"1767228","fromID":"1349076","toID":"1349033","formEdgeID":null},{"edgeID":"1767229","fromID":"1349033","toID":"1349077","formEdgeID":null},{"edgeID":"1767230","fromID":"1349077","toID":"1349038","formEdgeID":null},{"edgeID":"1767231","fromID":"1349032","toID":"1349078","formEdgeID":null},{"edgeID":"1767232","fromID":"1349078","toID":"1349037","formEdgeID":null},{"edgeID":"1767233","fromID":"1349077","toID":"1349079","formEdgeID":null},{"edgeID":"1767234","fromID":"1349079","toID":"1349078","formEdgeID":null},{"edgeID":"1767235","fromID":"1349038","toID":"1349080","formEdgeID":null},{"edgeID":"1767236","fromID":"1349080","toID":"1349043","formEdgeID":null},{"edgeID":"1767237","fromID":"1349043","toID":"1349081","formEdgeID":null},{"edgeID":"1767238","fromID":"1349081","toID":"1349048","formEdgeID":null},{"edgeID":"1767239","fromID":"1349042","toID":"1349082","formEdgeID":null},{"edgeID":"1767240","fromID":"1349082","toID":"1349037","formEdgeID":null},{"edgeID":"1767241","fromID":"1349080","toID":"1349083","formEdgeID":null},{"edgeID":"1767242","fromID":"1349083","toID":"1349082","formEdgeID":null},{"edgeID":"1767243","fromID":"1349048","toID":"1349084","formEdgeID":null},{"edgeID":"1767244","fromID":"1349084","toID":"1349053","formEdgeID":null},{"edgeID":"1767245","fromID":"1349053","toID":"1349085","formEdgeID":null},{"edgeID":"1767246","fromID":"1349085","toID":"1349058","formEdgeID":null},{"edgeID":"1767247","fromID":"1349057","toID":"1349086","formEdgeID":null},{"edgeID":"1767248","fromID":"1349086","toID":"1349052","formEdgeID":null},{"edgeID":"1767249","fromID":"1349085","toID":"1349087","formEdgeID":null},{"edgeID":"1767250","fromID":"1349087","toID":"1349086","formEdgeID":null},{"edgeID":"1767251","fromID":"1349058","toID":"1349088","formEdgeID":null},{"edgeID":"1767252","fromID":"1349088","toID":"1349062","formEdgeID":null},{"edgeID":"1767253","fromID":"1349065","toID":"1349089","formEdgeID":null},{"edgeID":"1767254","fromID":"1349089","toID":"1349057","formEdgeID":null},{"edgeID":"1767255","fromID":"1349088","toID":"1349090","formEdgeID":null},{"edgeID":"1767256","fromID":"1349090","toID":"1349089","formEdgeID":null},{"edgeID":"1767257","fromID":"1349052","toID":"1349091","formEdgeID":null},{"edgeID":"1767258","fromID":"1349091","toID":"1349047","formEdgeID":null},{"edgeID":"1767259","fromID":"1349084","toID":"1349092","formEdgeID":null},{"edgeID":"1767260","fromID":"1349092","toID":"1349091","formEdgeID":null},{"edgeID":"1767261","fromID":"1348966","toID":"1349093","formEdgeID":null},{"edgeID":"1767262","fromID":"1349093","toID":"1348961","formEdgeID":null},{"edgeID":"1767263","fromID":"1349004","toID":"1349094","formEdgeID":null},{"edgeID":"1767264","fromID":"1349094","toID":"1349093","formEdgeID":null},{"edgeID":"1767265","fromID":"1348966","toID":"1349095","formEdgeID":null},{"edgeID":"1767266","fromID":"1349095","toID":"1348971","formEdgeID":null},{"edgeID":"1767267","fromID":"1348996","toID":"1349096","formEdgeID":null},{"edgeID":"1767268","fromID":"1349096","toID":"1349095","formEdgeID":null},{"edgeID":"1767269","fromID":"1348981","toID":"1349097","formEdgeID":null},{"edgeID":"1767270","fromID":"1349097","toID":"1348976","formEdgeID":null},{"edgeID":"1767271","fromID":"1349000","toID":"1349098","formEdgeID":null},{"edgeID":"1767272","fromID":"1349098","toID":"1349097","formEdgeID":null},{"edgeID":"1767273","fromID":"1348977","toID":"1349099","formEdgeID":null},{"edgeID":"1767274","fromID":"1349099","toID":"1348987","formEdgeID":null},{"edgeID":"1767275","fromID":"1348986","toID":"1349100","formEdgeID":null},{"edgeID":"1767276","fromID":"1349100","toID":"1348976","formEdgeID":null},{"edgeID":"1767277","fromID":"1349099","toID":"1349101","formEdgeID":null},{"edgeID":"1767278","fromID":"1349101","toID":"1349100","formEdgeID":null},{"edgeID":"1767279","fromID":"1349017","toID":"1349102","formEdgeID":null},{"edgeID":"1767280","fromID":"1349102","toID":"1349011","formEdgeID":null},{"edgeID":"1767281","fromID":"1349071","toID":"1349103","formEdgeID":null},{"edgeID":"1767282","fromID":"1349103","toID":"1349102","formEdgeID":null}],"locutions":[]}