{"nodes":[{"nodeID":"1332330","text":"AudienceMember 20221006QT70 is a Conservative voter","type":"I","timestamp":"2023-11-09 13:40:50"},{"nodeID":"1332331","text":"Fiona Bruce: You're a Conservative voter","type":"L","timestamp":"2023-11-09 13:40:50"},{"nodeID":"1332332","text":"Analysing","type":"YA","timestamp":"2023-11-09 13:40:50"},{"nodeID":"1332333","text":"Anna : Fiona Bruce: You're a Conservative voter","type":"L","timestamp":"2023-11-09 13:40:50"},{"nodeID":"1332334","text":"Asserting","type":"YA","timestamp":"2023-11-09 13:40:50"},{"nodeID":"1332335","text":"AudienceMember 20221006QT70 was a conservative voter at the last election","type":"I","timestamp":"2023-11-09 13:40:51"},{"nodeID":"1332336","text":"AudienceMember 20221006QT07: I was at the last election","type":"L","timestamp":"2023-11-09 13:40:51"},{"nodeID":"1332337","text":"Analysing","type":"YA","timestamp":"2023-11-09 13:40:51"},{"nodeID":"1332338","text":"Anna : AudienceMember 20221006QT07: I was at the last election","type":"L","timestamp":"2023-11-09 13:40:51"},{"nodeID":"1332339","text":"Asserting","type":"YA","timestamp":"2023-11-09 13:40:51"},{"nodeID":"1332340","text":"AudienceMember 20221006QT70 is or is not thinking they won't be a Conservative voter at the coming election","type":"I","timestamp":"2023-11-09 13:40:51"},{"nodeID":"1332341","text":"AudienceMember 20221006QT07: Are you thinking you won't be at the coming election","type":"L","timestamp":"2023-11-09 13:40:51"},{"nodeID":"1332342","text":"Analysing","type":"YA","timestamp":"2023-11-09 13:40:51"},{"nodeID":"1332343","text":"Anna : AudienceMember 20221006QT07: Are you thinking you won't be at the coming election","type":"L","timestamp":"2023-11-09 13:40:51"},{"nodeID":"1332344","text":"Pure Questioning","type":"YA","timestamp":"2023-11-09 13:40:51"},{"nodeID":"1332345","text":"AudienceMember 20221006QT70 does't know if they'll be a conservative voter at the next election","type":"I","timestamp":"2023-11-09 13:40:52"},{"nodeID":"1332346","text":"AudienceMember 20221006QT07: I don't know","type":"L","timestamp":"2023-11-09 13:40:52"},{"nodeID":"1332347","text":"Analysing","type":"YA","timestamp":"2023-11-09 13:40:52"},{"nodeID":"1332348","text":"Anna : AudienceMember 20221006QT07: I don't know","type":"L","timestamp":"2023-11-09 13:40:52"},{"nodeID":"1332349","text":"Asserting","type":"YA","timestamp":"2023-11-09 13:40:52"},{"nodeID":"1332350","text":"Analysing","type":"YA","timestamp":"2023-11-09 13:40:52"},{"nodeID":"1332351","text":"Asserting","type":"YA","timestamp":"2023-11-09 13:40:52"},{"nodeID":"1332352","text":"AudienceMember 20221006QT70  was a Conservative voter and now they don't know if they will be at the next election","type":"I","timestamp":"2023-11-09 13:40:52"},{"nodeID":"1332353","text":"AudienceMember 20221006QT07: You were a Conservative voter and now you don't know","type":"L","timestamp":"2023-11-09 13:40:52"},{"nodeID":"1332354","text":"Analysing","type":"YA","timestamp":"2023-11-09 13:40:52"},{"nodeID":"1332355","text":"Anna : AudienceMember 20221006QT07: You were a Conservative voter and now you don't know","type":"L","timestamp":"2023-11-09 13:40:52"},{"nodeID":"1332356","text":"Asserting","type":"YA","timestamp":"2023-11-09 13:40:52"},{"nodeID":"1332357","text":"in the last 10 years, the Government have kept going on about affordable housing and making housing affordable","type":"I","timestamp":"2023-11-09 13:40:53"},{"nodeID":"1332358","text":"AudienceMember 20221006QT07:  Just the fact, in the last 10 years, the Government have kept going on about affordable housing and making housing affordable","type":"L","timestamp":"2023-11-09 13:40:53"},{"nodeID":"1332359","text":"Analysing","type":"YA","timestamp":"2023-11-09 13:40:53"},{"nodeID":"1332360","text":"Anna : AudienceMember 20221006QT07:  Just the fact, in the last 10 years, the Government have kept going on about affordable housing and making housing affordable","type":"L","timestamp":"2023-11-09 13:40:53"},{"nodeID":"1332361","text":"Asserting","type":"YA","timestamp":"2023-11-09 13:40:53"},{"nodeID":"1332362","text":"AudienceMember 20221006QT70 doesn't understand why in the first place you haven't changed the building regs so all houses are faced with a south-facing roof so that they can, and they are fitted with solar panels","type":"I","timestamp":"2023-11-09 13:40:54"},{"nodeID":"1332363","text":"AudienceMember 20221006QT07: I don't understand why in the first place you haven't changed the building regs so all houses are faced with a south-facing roof so that they can, and they are fitted with solar panels","type":"L","timestamp":"2023-11-09 13:40:54"},{"nodeID":"1332364","text":"Analysing","type":"YA","timestamp":"2023-11-09 13:40:54"},{"nodeID":"1332365","text":"Anna : AudienceMember 20221006QT07: I don't understand why in the first place you haven't changed the building regs so all houses are faced with a south-facing roof so that they can, and they are fitted with solar panels","type":"L","timestamp":"2023-11-09 13:40:54"},{"nodeID":"1332366","text":"Asserting","type":"YA","timestamp":"2023-11-09 13:40:54"},{"nodeID":"1332367","text":"if you want heat exchangers, you should get the developers to put the heat exchangers in at their cost","type":"I","timestamp":"2023-11-09 13:40:54"},{"nodeID":"1332368","text":"AudienceMember 20221006QT07: and if you want heat exchangers, why you don't get the developers to put the heat exchangers in at their cost","type":"L","timestamp":"2023-11-09 13:40:54"},{"nodeID":"1332369","text":"Analysing","type":"YA","timestamp":"2023-11-09 13:40:54"},{"nodeID":"1332370","text":"Anna : AudienceMember 20221006QT07: and if you want heat exchangers, why you don't get the developers to put the heat exchangers in at their cost","type":"L","timestamp":"2023-11-09 13:40:54"},{"nodeID":"1332371","text":"Assertive Questioning","type":"YA","timestamp":"2023-11-09 13:40:54"},{"nodeID":"1332372","text":"the cost of the heat exchangers can be spanned out over the entire length of the mortgage","type":"I","timestamp":"2023-11-09 13:40:55"},{"nodeID":"1332373","text":"AudienceMember 20221006QT07: that can be spanned out over the entire length of the mortgage","type":"L","timestamp":"2023-11-09 13:40:55"},{"nodeID":"1332374","text":"Analysing","type":"YA","timestamp":"2023-11-09 13:40:55"},{"nodeID":"1332375","text":"Anna : AudienceMember 20221006QT07: that can be spanned out over the entire length of the mortgage","type":"L","timestamp":"2023-11-09 13:40:55"},{"nodeID":"1332376","text":"Asserting","type":"YA","timestamp":"2023-11-09 13:40:55"},{"nodeID":"1332377","text":"AudienceMember 20221006QT70 is talking about trying to introduce green energy-saving mechanisms","type":"I","timestamp":"2023-11-09 13:40:55"},{"nodeID":"1332378","text":"Fiona Bruce: You're talking about trying to introduce green energy-saving mechanisms?","type":"L","timestamp":"2023-11-09 13:40:55"},{"nodeID":"1332379","text":"Analysing","type":"YA","timestamp":"2023-11-09 13:40:55"},{"nodeID":"1332380","text":"Anna : Fiona Bruce: You're talking about trying to introduce green energy-saving mechanisms?","type":"L","timestamp":"2023-11-09 13:40:55"},{"nodeID":"1332381","text":"Assertive Questioning","type":"YA","timestamp":"2023-11-09 13:40:55"},{"nodeID":"1332382","text":"the Government had said we're changing the building regs and all houses have to have PV panels or a heat exchanger","type":"I","timestamp":"2023-11-09 13:40:56"},{"nodeID":"1332383","text":"AudienceMember 20221006QT07:  If the Government had said we're changing the building regs and all houses have to have PV panels or a heat exchanger","type":"L","timestamp":"2023-11-09 13:40:56"},{"nodeID":"1332384","text":"Analysing","type":"YA","timestamp":"2023-11-09 13:40:56"},{"nodeID":"1332385","text":"Anna : AudienceMember 20221006QT07:  If the Government had said we're changing the building regs and all houses have to have PV panels or a heat exchanger","type":"L","timestamp":"2023-11-09 13:40:56"},{"nodeID":"1332386","text":"Asserting","type":"YA","timestamp":"2023-11-09 13:40:56"},{"nodeID":"1332387","text":"they aren't doing it so PV panels and heat exchanges are on the new builds","type":"I","timestamp":"2023-11-09 13:40:57"},{"nodeID":"1332388","text":"AudienceMember 20221006QT07: why aren't they doing it so it is on the new builds","type":"L","timestamp":"2023-11-09 13:40:57"},{"nodeID":"1332389","text":"Analysing","type":"YA","timestamp":"2023-11-09 13:40:57"},{"nodeID":"1332390","text":"Anna : AudienceMember 20221006QT07: why aren't they doing it so it is on the new builds","type":"L","timestamp":"2023-11-09 13:40:57"},{"nodeID":"1332391","text":"Assertive Challenging","type":"YA","timestamp":"2023-11-09 13:40:57"},{"nodeID":"1332392","text":"PV panels and heat exchanges will add \u00a320,000 to the cost of the house","type":"I","timestamp":"2023-11-09 13:40:57"},{"nodeID":"1332393","text":"AudienceMember 20221006QT07: it will add \u00a320,000 to the cost of the house","type":"L","timestamp":"2023-11-09 13:40:57"},{"nodeID":"1332394","text":"Analysing","type":"YA","timestamp":"2023-11-09 13:40:57"},{"nodeID":"1332395","text":"Anna : AudienceMember 20221006QT07: it will add \u00a320,000 to the cost of the house","type":"L","timestamp":"2023-11-09 13:40:57"},{"nodeID":"1332396","text":"Asserting","type":"YA","timestamp":"2023-11-09 13:40:57"},{"nodeID":"1332397","text":"the PV panels and heat exchangers will get paid over 25 years of a mortgage","type":"I","timestamp":"2023-11-09 13:40:58"},{"nodeID":"1332398","text":"AudienceMember 20221006QT07: but will get paid over 25 years of a mortgage","type":"L","timestamp":"2023-11-09 13:40:58"},{"nodeID":"1332399","text":"Analysing","type":"YA","timestamp":"2023-11-09 13:40:58"},{"nodeID":"1332400","text":"Anna : AudienceMember 20221006QT07: but will get paid over 25 years of a mortgage","type":"L","timestamp":"2023-11-09 13:40:58"},{"nodeID":"1332401","text":"Asserting","type":"YA","timestamp":"2023-11-09 13:40:58"},{"nodeID":"1332402","text":"people will be able to save to pay towards their mortgage","type":"I","timestamp":"2023-11-09 13:40:58"},{"nodeID":"1332403","text":"AudienceMember 20221006QT07: and people will be able to save to pay towards their mortgage","type":"L","timestamp":"2023-11-09 13:40:58"},{"nodeID":"1332404","text":"Analysing","type":"YA","timestamp":"2023-11-09 13:40:58"},{"nodeID":"1332405","text":"Anna : AudienceMember 20221006QT07: and people will be able to save to pay towards their mortgage","type":"L","timestamp":"2023-11-09 13:40:58"},{"nodeID":"1332406","text":"Asserting","type":"YA","timestamp":"2023-11-09 13:40:58"},{"nodeID":"1332407","text":"Default Transition","type":"TA","timestamp":"2023-11-09 13:40:58"},{"nodeID":"1332408","text":"Default Rephrase","type":"MA","timestamp":"2023-11-09 13:40:58"},{"nodeID":"1332409","text":"Restating","type":"YA","timestamp":"2023-11-09 13:40:58"},{"nodeID":"1332410","text":"Default Transition","type":"TA","timestamp":"2023-11-09 13:40:58"},{"nodeID":"1332411","text":"Default Transition","type":"TA","timestamp":"2023-11-09 13:40:58"},{"nodeID":"1332412","text":"Default Rephrase","type":"MA","timestamp":"2023-11-09 13:40:58"},{"nodeID":"1332413","text":"Restating","type":"YA","timestamp":"2023-11-09 13:40:58"},{"nodeID":"1332414","text":"Default Transition","type":"TA","timestamp":"2023-11-09 13:40:58"},{"nodeID":"1332415","text":"Default Rephrase","type":"MA","timestamp":"2023-11-09 13:40:58"},{"nodeID":"1332416","text":"Restating","type":"YA","timestamp":"2023-11-09 13:40:58"},{"nodeID":"1332417","text":"Default Transition","type":"TA","timestamp":"2023-11-09 13:40:58"},{"nodeID":"1332418","text":"Default Rephrase","type":"MA","timestamp":"2023-11-09 13:40:58"},{"nodeID":"1332419","text":"Restating","type":"YA","timestamp":"2023-11-09 13:40:58"},{"nodeID":"1332420","text":"Default Transition","type":"TA","timestamp":"2023-11-09 13:40:58"},{"nodeID":"1332421","text":"Default Transition","type":"TA","timestamp":"2023-11-09 13:40:58"},{"nodeID":"1332422","text":"Default Inference","type":"RA","timestamp":"2023-11-09 13:40:58"},{"nodeID":"1332423","text":"Arguing","type":"YA","timestamp":"2023-11-09 13:40:58"},{"nodeID":"1332424","text":"Default Transition","type":"TA","timestamp":"2023-11-09 13:40:58"},{"nodeID":"1332425","text":"Default Rephrase","type":"MA","timestamp":"2023-11-09 13:40:58"},{"nodeID":"1332426","text":"Default Transition","type":"TA","timestamp":"2023-11-09 13:40:58"},{"nodeID":"1332427","text":"Restating","type":"YA","timestamp":"2023-11-09 13:40:58"},{"nodeID":"1332428","text":"Default Transition","type":"TA","timestamp":"2023-11-09 13:40:58"},{"nodeID":"1332429","text":"Default Transition","type":"TA","timestamp":"2023-11-09 13:40:58"},{"nodeID":"1332430","text":"Default Transition","type":"TA","timestamp":"2023-11-09 13:40:58"},{"nodeID":"1332431","text":"Default Conflict","type":"CA","timestamp":"2023-11-09 13:40:58"},{"nodeID":"1332432","text":"Disagreeing","type":"YA","timestamp":"2023-11-09 13:40:58"},{"nodeID":"1332433","text":"Default Transition","type":"TA","timestamp":"2023-11-09 13:40:58"},{"nodeID":"1332434","text":"Default Inference","type":"RA","timestamp":"2023-11-09 13:40:58"},{"nodeID":"1332435","text":"Default Transition","type":"TA","timestamp":"2023-11-09 13:40:58"},{"nodeID":"1332436","text":"Arguing","type":"YA","timestamp":"2023-11-09 13:40:58"},{"nodeID":"1332437","text":"Default Transition","type":"TA","timestamp":"2023-11-09 13:40:58"},{"nodeID":"1332438","text":"Default Rephrase","type":"MA","timestamp":"2023-11-09 13:40:58"},{"nodeID":"1332439","text":"Restating","type":"YA","timestamp":"2023-11-09 13:40:58"}],"edges":[{"edgeID":"1747254","fromID":"1332332","toID":"1332331","formEdgeID":null},{"edgeID":"1747255","fromID":"1332333","toID":"1332332","formEdgeID":null},{"edgeID":"1747256","fromID":"1332331","toID":"1332334","formEdgeID":null},{"edgeID":"1747257","fromID":"1332334","toID":"1332330","formEdgeID":null},{"edgeID":"1747258","fromID":"1332337","toID":"1332336","formEdgeID":null},{"edgeID":"1747259","fromID":"1332338","toID":"1332337","formEdgeID":null},{"edgeID":"1747260","fromID":"1332336","toID":"1332339","formEdgeID":null},{"edgeID":"1747261","fromID":"1332339","toID":"1332335","formEdgeID":null},{"edgeID":"1747262","fromID":"1332342","toID":"1332341","formEdgeID":null},{"edgeID":"1747263","fromID":"1332343","toID":"1332342","formEdgeID":null},{"edgeID":"1747264","fromID":"1332341","toID":"1332344","formEdgeID":null},{"edgeID":"1747265","fromID":"1332344","toID":"1332340","formEdgeID":null},{"edgeID":"1747266","fromID":"1332347","toID":"1332346","formEdgeID":null},{"edgeID":"1747267","fromID":"1332348","toID":"1332347","formEdgeID":null},{"edgeID":"1747268","fromID":"1332346","toID":"1332349","formEdgeID":null},{"edgeID":"1747269","fromID":"1332349","toID":"1332345","formEdgeID":null},{"edgeID":"1747270","fromID":"1332350","toID":"1332346","formEdgeID":null},{"edgeID":"1747271","fromID":"1332348","toID":"1332350","formEdgeID":null},{"edgeID":"1747272","fromID":"1332346","toID":"1332351","formEdgeID":null},{"edgeID":"1747273","fromID":"1332351","toID":"1332345","formEdgeID":null},{"edgeID":"1747274","fromID":"1332354","toID":"1332353","formEdgeID":null},{"edgeID":"1747275","fromID":"1332355","toID":"1332354","formEdgeID":null},{"edgeID":"1747276","fromID":"1332353","toID":"1332356","formEdgeID":null},{"edgeID":"1747277","fromID":"1332356","toID":"1332352","formEdgeID":null},{"edgeID":"1747278","fromID":"1332359","toID":"1332358","formEdgeID":null},{"edgeID":"1747279","fromID":"1332360","toID":"1332359","formEdgeID":null},{"edgeID":"1747280","fromID":"1332358","toID":"1332361","formEdgeID":null},{"edgeID":"1747281","fromID":"1332361","toID":"1332357","formEdgeID":null},{"edgeID":"1747282","fromID":"1332364","toID":"1332363","formEdgeID":null},{"edgeID":"1747283","fromID":"1332365","toID":"1332364","formEdgeID":null},{"edgeID":"1747284","fromID":"1332363","toID":"1332366","formEdgeID":null},{"edgeID":"1747285","fromID":"1332366","toID":"1332362","formEdgeID":null},{"edgeID":"1747286","fromID":"1332369","toID":"1332368","formEdgeID":null},{"edgeID":"1747287","fromID":"1332370","toID":"1332369","formEdgeID":null},{"edgeID":"1747288","fromID":"1332368","toID":"1332371","formEdgeID":null},{"edgeID":"1747289","fromID":"1332371","toID":"1332367","formEdgeID":null},{"edgeID":"1747290","fromID":"1332374","toID":"1332373","formEdgeID":null},{"edgeID":"1747291","fromID":"1332375","toID":"1332374","formEdgeID":null},{"edgeID":"1747292","fromID":"1332373","toID":"1332376","formEdgeID":null},{"edgeID":"1747293","fromID":"1332376","toID":"1332372","formEdgeID":null},{"edgeID":"1747294","fromID":"1332379","toID":"1332378","formEdgeID":null},{"edgeID":"1747295","fromID":"1332380","toID":"1332379","formEdgeID":null},{"edgeID":"1747296","fromID":"1332378","toID":"1332381","formEdgeID":null},{"edgeID":"1747297","fromID":"1332381","toID":"1332377","formEdgeID":null},{"edgeID":"1747298","fromID":"1332384","toID":"1332383","formEdgeID":null},{"edgeID":"1747299","fromID":"1332385","toID":"1332384","formEdgeID":null},{"edgeID":"1747300","fromID":"1332383","toID":"1332386","formEdgeID":null},{"edgeID":"1747301","fromID":"1332386","toID":"1332382","formEdgeID":null},{"edgeID":"1747302","fromID":"1332389","toID":"1332388","formEdgeID":null},{"edgeID":"1747303","fromID":"1332390","toID":"1332389","formEdgeID":null},{"edgeID":"1747304","fromID":"1332388","toID":"1332391","formEdgeID":null},{"edgeID":"1747305","fromID":"1332391","toID":"1332387","formEdgeID":null},{"edgeID":"1747306","fromID":"1332394","toID":"1332393","formEdgeID":null},{"edgeID":"1747307","fromID":"1332395","toID":"1332394","formEdgeID":null},{"edgeID":"1747308","fromID":"1332393","toID":"1332396","formEdgeID":null},{"edgeID":"1747309","fromID":"1332396","toID":"1332392","formEdgeID":null},{"edgeID":"1747310","fromID":"1332399","toID":"1332398","formEdgeID":null},{"edgeID":"1747311","fromID":"1332400","toID":"1332399","formEdgeID":null},{"edgeID":"1747312","fromID":"1332398","toID":"1332401","formEdgeID":null},{"edgeID":"1747313","fromID":"1332401","toID":"1332397","formEdgeID":null},{"edgeID":"1747314","fromID":"1332404","toID":"1332403","formEdgeID":null},{"edgeID":"1747315","fromID":"1332405","toID":"1332404","formEdgeID":null},{"edgeID":"1747316","fromID":"1332403","toID":"1332406","formEdgeID":null},{"edgeID":"1747317","fromID":"1332406","toID":"1332402","formEdgeID":null},{"edgeID":"1747318","fromID":"1332331","toID":"1332407","formEdgeID":null},{"edgeID":"1747319","fromID":"1332407","toID":"1332336","formEdgeID":null},{"edgeID":"1747320","fromID":"1332335","toID":"1332408","formEdgeID":null},{"edgeID":"1747321","fromID":"1332408","toID":"1332330","formEdgeID":null},{"edgeID":"1747322","fromID":"1332407","toID":"1332409","formEdgeID":null},{"edgeID":"1747323","fromID":"1332409","toID":"1332408","formEdgeID":null},{"edgeID":"1747324","fromID":"1332336","toID":"1332410","formEdgeID":null},{"edgeID":"1747325","fromID":"1332410","toID":"1332341","formEdgeID":null},{"edgeID":"1747326","fromID":"1332341","toID":"1332411","formEdgeID":null},{"edgeID":"1747327","fromID":"1332411","toID":"1332346","formEdgeID":null},{"edgeID":"1747328","fromID":"1332345","toID":"1332412","formEdgeID":null},{"edgeID":"1747329","fromID":"1332412","toID":"1332340","formEdgeID":null},{"edgeID":"1747330","fromID":"1332411","toID":"1332413","formEdgeID":null},{"edgeID":"1747331","fromID":"1332413","toID":"1332412","formEdgeID":null},{"edgeID":"1747332","fromID":"1332346","toID":"1332414","formEdgeID":null},{"edgeID":"1747333","fromID":"1332414","toID":"1332346","formEdgeID":null},{"edgeID":"1747334","fromID":"1332345","toID":"1332415","formEdgeID":null},{"edgeID":"1747335","fromID":"1332415","toID":"1332345","formEdgeID":null},{"edgeID":"1747336","fromID":"1332414","toID":"1332416","formEdgeID":null},{"edgeID":"1747337","fromID":"1332416","toID":"1332415","formEdgeID":null},{"edgeID":"1747338","fromID":"1332346","toID":"1332417","formEdgeID":null},{"edgeID":"1747339","fromID":"1332417","toID":"1332353","formEdgeID":null},{"edgeID":"1747340","fromID":"1332352","toID":"1332418","formEdgeID":null},{"edgeID":"1747341","fromID":"1332418","toID":"1332345","formEdgeID":null},{"edgeID":"1747342","fromID":"1332417","toID":"1332419","formEdgeID":null},{"edgeID":"1747343","fromID":"1332419","toID":"1332418","formEdgeID":null},{"edgeID":"1747344","fromID":"1332353","toID":"1332420","formEdgeID":null},{"edgeID":"1747345","fromID":"1332420","toID":"1332358","formEdgeID":null},{"edgeID":"1747346","fromID":"1332358","toID":"1332421","formEdgeID":null},{"edgeID":"1747347","fromID":"1332421","toID":"1332363","formEdgeID":null},{"edgeID":"1747348","fromID":"1332357","toID":"1332422","formEdgeID":null},{"edgeID":"1747349","fromID":"1332422","toID":"1332362","formEdgeID":null},{"edgeID":"1747350","fromID":"1332421","toID":"1332423","formEdgeID":null},{"edgeID":"1747351","fromID":"1332423","toID":"1332422","formEdgeID":null},{"edgeID":"1747352","fromID":"1332363","toID":"1332424","formEdgeID":null},{"edgeID":"1747353","fromID":"1332424","toID":"1332368","formEdgeID":null},{"edgeID":"1747354","fromID":"1332372","toID":"1332425","formEdgeID":null},{"edgeID":"1747355","fromID":"1332425","toID":"1332367","formEdgeID":null},{"edgeID":"1747356","fromID":"1332368","toID":"1332426","formEdgeID":null},{"edgeID":"1747357","fromID":"1332426","toID":"1332373","formEdgeID":null},{"edgeID":"1747358","fromID":"1332426","toID":"1332427","formEdgeID":null},{"edgeID":"1747359","fromID":"1332427","toID":"1332425","formEdgeID":null},{"edgeID":"1747360","fromID":"1332373","toID":"1332428","formEdgeID":null},{"edgeID":"1747361","fromID":"1332428","toID":"1332378","formEdgeID":null},{"edgeID":"1747362","fromID":"1332378","toID":"1332429","formEdgeID":null},{"edgeID":"1747363","fromID":"1332429","toID":"1332383","formEdgeID":null},{"edgeID":"1747364","fromID":"1332383","toID":"1332430","formEdgeID":null},{"edgeID":"1747365","fromID":"1332430","toID":"1332388","formEdgeID":null},{"edgeID":"1747366","fromID":"1332387","toID":"1332431","formEdgeID":null},{"edgeID":"1747367","fromID":"1332431","toID":"1332382","formEdgeID":null},{"edgeID":"1747368","fromID":"1332430","toID":"1332432","formEdgeID":null},{"edgeID":"1747369","fromID":"1332432","toID":"1332431","formEdgeID":null},{"edgeID":"1747370","fromID":"1332388","toID":"1332433","formEdgeID":null},{"edgeID":"1747371","fromID":"1332433","toID":"1332393","formEdgeID":null},{"edgeID":"1747372","fromID":"1332397","toID":"1332434","formEdgeID":null},{"edgeID":"1747373","fromID":"1332434","toID":"1332402","formEdgeID":null},{"edgeID":"1747374","fromID":"1332398","toID":"1332435","formEdgeID":null},{"edgeID":"1747375","fromID":"1332435","toID":"1332403","formEdgeID":null},{"edgeID":"1747376","fromID":"1332435","toID":"1332436","formEdgeID":null},{"edgeID":"1747377","fromID":"1332436","toID":"1332434","formEdgeID":null},{"edgeID":"1747378","fromID":"1332393","toID":"1332437","formEdgeID":null},{"edgeID":"1747379","fromID":"1332437","toID":"1332398","formEdgeID":null},{"edgeID":"1747380","fromID":"1332397","toID":"1332438","formEdgeID":null},{"edgeID":"1747381","fromID":"1332438","toID":"1332392","formEdgeID":null},{"edgeID":"1747382","fromID":"1332437","toID":"1332439","formEdgeID":null},{"edgeID":"1747383","fromID":"1332439","toID":"1332438","formEdgeID":null}],"locutions":[]}