{"nodes":[{"nodeID":"1333598","text":"Keir Starmer can or cannot make good on all his promises from the Labour Conference","type":"I","timestamp":"2023-11-09 13:42:32"},{"nodeID":"1333599","text":"AudienceMember 20221006QT78: Can Keir Starmer make good on all his promises from the Labour Conference","type":"L","timestamp":"2023-11-09 13:42:32"},{"nodeID":"1333600","text":"Analysing","type":"YA","timestamp":"2023-11-09 13:42:32"},{"nodeID":"1333601","text":"Jordan: AudienceMember 20221006QT78: Can Keir Starmer make good on all his promises from the Labour Conference","type":"L","timestamp":"2023-11-09 13:42:32"},{"nodeID":"1333602","text":"Pure Questioning","type":"YA","timestamp":"2023-11-09 13:42:32"},{"nodeID":"1333603","text":"xxx is going to end up paying for Keir Starmer to make good on all his promises from the Labour Conference","type":"I","timestamp":"2023-11-09 13:42:33"},{"nodeID":"1333604","text":"AudienceMember 20221006QT78:  more importantly, who is going to end up paying for it","type":"L","timestamp":"2023-11-09 13:42:33"},{"nodeID":"1333605","text":"Analysing","type":"YA","timestamp":"2023-11-09 13:42:33"},{"nodeID":"1333606","text":"Jordan: AudienceMember 20221006QT78:  more importantly, who is going to end up paying for it","type":"L","timestamp":"2023-11-09 13:42:33"},{"nodeID":"1333607","text":"Pure Questioning","type":"YA","timestamp":"2023-11-09 13:42:33"},{"nodeID":"1333608","text":"Default Transition","type":"TA","timestamp":"2023-11-09 13:42:33"},{"nodeID":"1333609","text":"AudienceMember 20221006QT78 is feeling xxx","type":"I","timestamp":"2023-11-09 13:42:34"},{"nodeID":"1333610","text":"Fiona Bruce: what's your feeling, Dave","type":"L","timestamp":"2023-11-09 13:42:34"},{"nodeID":"1333611","text":"Analysing","type":"YA","timestamp":"2023-11-09 13:42:34"},{"nodeID":"1333612","text":"Jordan: Fiona Bruce: what's your feeling, Dave","type":"L","timestamp":"2023-11-09 13:42:34"},{"nodeID":"1333613","text":"Pure Questioning","type":"YA","timestamp":"2023-11-09 13:42:34"},{"nodeID":"1333614","text":"Default Transition","type":"TA","timestamp":"2023-11-09 13:42:34"},{"nodeID":"1333615","text":"Default Transition","type":"TA","timestamp":"2023-11-09 13:42:34"},{"nodeID":"1333616","text":"Default Rephrase","type":"MA","timestamp":"2023-11-09 13:42:34"},{"nodeID":"1333617","text":"Default Illocuting","type":"YA","timestamp":"2023-11-09 13:42:34"},{"nodeID":"1333618","text":"Default Rephrase","type":"MA","timestamp":"2023-11-09 13:42:34"},{"nodeID":"1333619","text":"Default Illocuting","type":"YA","timestamp":"2023-11-09 13:42:34"},{"nodeID":"1333620","text":"Fiona Bruce can kind of get a sense of what AudienceMember 20221006QT78 might be feeling from that question","type":"I","timestamp":"2023-11-09 13:42:34"},{"nodeID":"1333621","text":"Fiona Bruce:  I kind of get a sense of what it might be from that question","type":"L","timestamp":"2023-11-09 13:42:34"},{"nodeID":"1333622","text":"Analysing","type":"YA","timestamp":"2023-11-09 13:42:34"},{"nodeID":"1333623","text":"Jordan: Fiona Bruce:  I kind of get a sense of what it might be from that question","type":"L","timestamp":"2023-11-09 13:42:34"},{"nodeID":"1333624","text":"Asserting","type":"YA","timestamp":"2023-11-09 13:42:34"},{"nodeID":"1333625","text":"Default Transition","type":"TA","timestamp":"2023-11-09 13:42:34"},{"nodeID":"1333626","text":"Default Rephrase","type":"MA","timestamp":"2023-11-09 13:42:34"},{"nodeID":"1333627","text":"Default Illocuting","type":"YA","timestamp":"2023-11-09 13:42:34"},{"nodeID":"1333628","text":"AudienceMember 20221006QT78's feeling at the conference is that Keir Starmer is pandering to the faithful and everything else","type":"I","timestamp":"2023-11-09 13:42:35"},{"nodeID":"1333629","text":"AudienceMember 20221006QT78: My feeling at the conference he's pandering to the faithful and everything else","type":"L","timestamp":"2023-11-09 13:42:35"},{"nodeID":"1333630","text":"Analysing","type":"YA","timestamp":"2023-11-09 13:42:35"},{"nodeID":"1333631","text":"Jordan: AudienceMember 20221006QT78: My feeling at the conference he's pandering to the faithful and everything else","type":"L","timestamp":"2023-11-09 13:42:35"},{"nodeID":"1333632","text":"Asserting","type":"YA","timestamp":"2023-11-09 13:42:35"},{"nodeID":"1333633","text":"Default Transition","type":"TA","timestamp":"2023-11-09 13:42:35"},{"nodeID":"1333634","text":"Default Rephrase","type":"MA","timestamp":"2023-11-09 13:42:35"},{"nodeID":"1333635","text":"Default Illocuting","type":"YA","timestamp":"2023-11-09 13:42:35"},{"nodeID":"1333636","text":"it is easy to make promises when you're in opposition","type":"I","timestamp":"2023-11-09 13:42:35"},{"nodeID":"1333637","text":"AudienceMember 20221006QT78: it is easy to make promises when you're in opposition","type":"L","timestamp":"2023-11-09 13:42:35"},{"nodeID":"1333638","text":"Analysing","type":"YA","timestamp":"2023-11-09 13:42:35"},{"nodeID":"1333639","text":"Jordan: AudienceMember 20221006QT78: it is easy to make promises when you're in opposition","type":"L","timestamp":"2023-11-09 13:42:35"},{"nodeID":"1333640","text":"Asserting","type":"YA","timestamp":"2023-11-09 13:42:35"},{"nodeID":"1333641","text":"Default Inference","type":"RA","timestamp":"2023-11-09 13:42:35"},{"nodeID":"1333642","text":"Default Transition","type":"TA","timestamp":"2023-11-09 13:42:35"},{"nodeID":"1333643","text":"Arguing","type":"YA","timestamp":"2023-11-09 13:42:35"},{"nodeID":"1333644","text":"it is a lot more difficult to actually make the plans work and come up with firm plans for the future","type":"I","timestamp":"2023-11-09 13:42:36"},{"nodeID":"1333645","text":"AudienceMember 20221006QT78: It is a lot more difficult to actually make them work and come up with firm plans for the future","type":"L","timestamp":"2023-11-09 13:42:36"},{"nodeID":"1333646","text":"Analysing","type":"YA","timestamp":"2023-11-09 13:42:36"},{"nodeID":"1333647","text":"Jordan: AudienceMember 20221006QT78: It is a lot more difficult to actually make them work and come up with firm plans for the future","type":"L","timestamp":"2023-11-09 13:42:36"},{"nodeID":"1333648","text":"Asserting","type":"YA","timestamp":"2023-11-09 13:42:36"},{"nodeID":"1333649","text":"Default Transition","type":"TA","timestamp":"2023-11-09 13:42:36"},{"nodeID":"1333650","text":"Default Conflict","type":"CA","timestamp":"2023-11-09 13:42:36"},{"nodeID":"1333651","text":"Disagreeing","type":"YA","timestamp":"2023-11-09 13:42:36"},{"nodeID":"1333652","text":"we've got Labour's plans","type":"I","timestamp":"2023-11-09 13:42:37"},{"nodeID":"1333653","text":"Fiona Bruce: We've got Labour's plans","type":"L","timestamp":"2023-11-09 13:42:37"},{"nodeID":"1333654","text":"Analysing","type":"YA","timestamp":"2023-11-09 13:42:37"},{"nodeID":"1333655","text":"Jordan: Fiona Bruce: We've got Labour's plans","type":"L","timestamp":"2023-11-09 13:42:37"},{"nodeID":"1333656","text":"Asserting","type":"YA","timestamp":"2023-11-09 13:42:37"},{"nodeID":"1333657","text":"Default Transition","type":"TA","timestamp":"2023-11-09 13:42:37"},{"nodeID":"1333658","text":"Bridget Phillipson has got the Institute for Fiscal Studies saying that Labour's plans would only reverse half of the \u00a345 billion cuts","type":"I","timestamp":"2023-11-09 13:42:37"},{"nodeID":"1333659","text":"Fiona Bruce: you've got the Institute for Fiscal Studies says that Labour's plans would only reverse half of the \u00a345 billion cuts","type":"L","timestamp":"2023-11-09 13:42:37"},{"nodeID":"1333660","text":"Analysing","type":"YA","timestamp":"2023-11-09 13:42:37"},{"nodeID":"1333661","text":"Jordan: Fiona Bruce: you've got the Institute for Fiscal Studies says that Labour's plans would only reverse half of the \u00a345 billion cuts","type":"L","timestamp":"2023-11-09 13:42:37"},{"nodeID":"1333662","text":"Asserting","type":"YA","timestamp":"2023-11-09 13:42:37"},{"nodeID":"1333663","text":"Bridget Phillipson would have to find \u00a322.5 billion and the windfall tax to raise half a billion","type":"I","timestamp":"2023-11-09 13:42:38"},{"nodeID":"1333664","text":"Fiona Bruce: You would have to find \u00a322.5 billion and the windfall tax raise half a billion","type":"L","timestamp":"2023-11-09 13:42:38"},{"nodeID":"1333665","text":"Analysing","type":"YA","timestamp":"2023-11-09 13:42:38"},{"nodeID":"1333666","text":"Jordan: Fiona Bruce: You would have to find \u00a322.5 billion and the windfall tax raise half a billion","type":"L","timestamp":"2023-11-09 13:42:38"},{"nodeID":"1333667","text":"Asserting","type":"YA","timestamp":"2023-11-09 13:42:38"},{"nodeID":"1333668","text":"Default Transition","type":"TA","timestamp":"2023-11-09 13:42:38"},{"nodeID":"1333669","text":"Default Transition","type":"TA","timestamp":"2023-11-09 13:42:38"},{"nodeID":"1333670","text":"Default Inference","type":"RA","timestamp":"2023-11-09 13:42:38"},{"nodeID":"1333671","text":"Arguing","type":"YA","timestamp":"2023-11-09 13:42:38"},{"nodeID":"1333672","text":"there is a lot of money to find","type":"I","timestamp":"2023-11-09 13:42:38"},{"nodeID":"1333673","text":"Fiona Bruce: There is a lot of money to find","type":"L","timestamp":"2023-11-09 13:42:38"},{"nodeID":"1333674","text":"Analysing","type":"YA","timestamp":"2023-11-09 13:42:38"},{"nodeID":"1333675","text":"Jordan: Fiona Bruce: There is a lot of money to find","type":"L","timestamp":"2023-11-09 13:42:38"},{"nodeID":"1333676","text":"Asserting","type":"YA","timestamp":"2023-11-09 13:42:38"},{"nodeID":"1333677","text":"Default Transition","type":"TA","timestamp":"2023-11-09 13:42:38"},{"nodeID":"1333678","text":"Bridget Phillipson has made a lot of pledges","type":"I","timestamp":"2023-11-09 13:42:39"},{"nodeID":"1333679","text":"Fiona Bruce: you made a lot of pledges","type":"L","timestamp":"2023-11-09 13:42:39"},{"nodeID":"1333680","text":"Analysing","type":"YA","timestamp":"2023-11-09 13:42:39"},{"nodeID":"1333681","text":"Jordan: Fiona Bruce: you made a lot of pledges","type":"L","timestamp":"2023-11-09 13:42:39"},{"nodeID":"1333682","text":"Asserting","type":"YA","timestamp":"2023-11-09 13:42:39"},{"nodeID":"1333683","text":"Default Inference","type":"RA","timestamp":"2023-11-09 13:42:39"},{"nodeID":"1333684","text":"Default Transition","type":"TA","timestamp":"2023-11-09 13:42:39"},{"nodeID":"1333685","text":"Default Rephrase","type":"MA","timestamp":"2023-11-09 13:42:39"},{"nodeID":"1333686","text":"Restating","type":"YA","timestamp":"2023-11-09 13:42:39"},{"nodeID":"1333687","text":"we need to see around climate change","type":"I","timestamp":"2023-11-09 13:42:40"},{"nodeID":"1333688","text":"Bridget Phillipson:  We need to see around climate change","type":"L","timestamp":"2023-11-09 13:42:40"},{"nodeID":"1333689","text":"Analysing","type":"YA","timestamp":"2023-11-09 13:42:40"},{"nodeID":"1333690","text":"Jordan: Bridget Phillipson:  We need to see around climate change","type":"L","timestamp":"2023-11-09 13:42:40"},{"nodeID":"1333691","text":"Asserting","type":"YA","timestamp":"2023-11-09 13:42:40"},{"nodeID":"1333692","text":"Default Transition","type":"TA","timestamp":"2023-11-09 13:42:40"},{"nodeID":"1333693","text":"it is right that we use government money to create jobs and not cut the higher rate of tax","type":"I","timestamp":"2023-11-09 13:42:40"},{"nodeID":"1333694","text":"Bridget Phillipson: it is right that we use government money to create jobs and not cut the higher rate of tax","type":"L","timestamp":"2023-11-09 13:42:40"},{"nodeID":"1333695","text":"Analysing","type":"YA","timestamp":"2023-11-09 13:42:40"},{"nodeID":"1333696","text":"Jordan: Bridget Phillipson: it is right that we use government money to create jobs and not cut the higher rate of tax","type":"L","timestamp":"2023-11-09 13:42:40"},{"nodeID":"1333697","text":"Asserting","type":"YA","timestamp":"2023-11-09 13:42:40"},{"nodeID":"1333698","text":"using government money to create jobs and not cutting the higher rate of taxes is not a responsible choice","type":"I","timestamp":"2023-11-09 13:42:41"},{"nodeID":"1333699","text":"Bridget Phillipson: I don't think that's a responsible choice","type":"L","timestamp":"2023-11-09 13:42:41"},{"nodeID":"1333700","text":"Analysing","type":"YA","timestamp":"2023-11-09 13:42:41"},{"nodeID":"1333701","text":"Jordan: Bridget Phillipson: I don't think that's a responsible choice","type":"L","timestamp":"2023-11-09 13:42:41"},{"nodeID":"1333702","text":"Asserting","type":"YA","timestamp":"2023-11-09 13:42:41"},{"nodeID":"1333703","text":"Default Transition","type":"TA","timestamp":"2023-11-09 13:42:41"},{"nodeID":"1333704","text":"Default Transition","type":"TA","timestamp":"2023-11-09 13:42:41"},{"nodeID":"1333705","text":"Default Conflict","type":"CA","timestamp":"2023-11-09 13:42:41"},{"nodeID":"1333706","text":"Arguing","type":"YA","timestamp":"2023-11-09 13:42:41"},{"nodeID":"1333707","text":"being in government involves priorities and choices","type":"I","timestamp":"2023-11-09 13:42:41"},{"nodeID":"1333708","text":"Bridget Phillipson: Being in government involves priorities and choices","type":"L","timestamp":"2023-11-09 13:42:41"},{"nodeID":"1333709","text":"Analysing","type":"YA","timestamp":"2023-11-09 13:42:41"},{"nodeID":"1333710","text":"Jordan: Bridget Phillipson: Being in government involves priorities and choices","type":"L","timestamp":"2023-11-09 13:42:41"},{"nodeID":"1333711","text":"Asserting","type":"YA","timestamp":"2023-11-09 13:42:41"},{"nodeID":"1333712","text":"Default Transition","type":"TA","timestamp":"2023-11-09 13:42:41"},{"nodeID":"1333713","text":"Default Inference","type":"RA","timestamp":"2023-11-09 13:42:41"},{"nodeID":"1333714","text":"Arguing","type":"YA","timestamp":"2023-11-09 13:42:41"},{"nodeID":"1333715","text":"Keir Starmer was clear about that at the Labour Party Conference","type":"I","timestamp":"2023-11-09 13:42:42"},{"nodeID":"1333716","text":"Bridget Phillipson:  Keir Starmer was clear about that at the Labour Party Conference","type":"L","timestamp":"2023-11-09 13:42:42"},{"nodeID":"1333717","text":"Analysing","type":"YA","timestamp":"2023-11-09 13:42:42"},{"nodeID":"1333718","text":"Jordan: Bridget Phillipson:  Keir Starmer was clear about that at the Labour Party Conference","type":"L","timestamp":"2023-11-09 13:42:42"},{"nodeID":"1333719","text":"Asserting","type":"YA","timestamp":"2023-11-09 13:42:42"},{"nodeID":"1333720","text":"Default Transition","type":"TA","timestamp":"2023-11-09 13:42:42"},{"nodeID":"1333721","text":"Default Rephrase","type":"MA","timestamp":"2023-11-09 13:42:42"},{"nodeID":"1333722","text":"Restating","type":"YA","timestamp":"2023-11-09 13:42:42"},{"nodeID":"1333723","text":"the ideas that we have been setting out","type":"I","timestamp":"2023-11-09 13:42:43"},{"nodeID":"1333724","text":"Bridget Phillipson: The ideas that we have been setting out","type":"L","timestamp":"2023-11-09 13:42:43"},{"nodeID":"1333725","text":"Analysing","type":"YA","timestamp":"2023-11-09 13:42:43"},{"nodeID":"1333726","text":"Jordan: Bridget Phillipson: The ideas that we have been setting out","type":"L","timestamp":"2023-11-09 13:42:43"},{"nodeID":"1333727","text":"Asserting","type":"YA","timestamp":"2023-11-09 13:42:43"},{"nodeID":"1333728","text":"Default Transition","type":"TA","timestamp":"2023-11-09 13:42:43"},{"nodeID":"1333729","text":"all of them by the way were with a full plan behind them as to how we fund them and all costed","type":"I","timestamp":"2023-11-09 13:42:43"},{"nodeID":"1333730","text":"Bridget Phillipson: All of them by the way were with a full plan behind them as to how we fund them and all costed","type":"L","timestamp":"2023-11-09 13:42:43"},{"nodeID":"1333731","text":"Analysing","type":"YA","timestamp":"2023-11-09 13:42:43"},{"nodeID":"1333732","text":"Jordan: Bridget Phillipson: All of them by the way were with a full plan behind them as to how we fund them and all costed","type":"L","timestamp":"2023-11-09 13:42:43"},{"nodeID":"1333733","text":"Asserting","type":"YA","timestamp":"2023-11-09 13:42:43"},{"nodeID":"1333734","text":"Default Transition","type":"TA","timestamp":"2023-11-09 13:42:43"},{"nodeID":"1333735","text":"Default Rephrase","type":"MA","timestamp":"2023-11-09 13:42:43"},{"nodeID":"1333736","text":"Restating","type":"YA","timestamp":"2023-11-09 13:42:43"},{"nodeID":"1333737","text":"childcare is a really big concern","type":"I","timestamp":"2023-11-09 13:42:44"},{"nodeID":"1333738","text":"Bridget Phillipson: I know that childcare is a really big concern","type":"L","timestamp":"2023-11-09 13:42:44"},{"nodeID":"1333739","text":"Analysing","type":"YA","timestamp":"2023-11-09 13:42:44"},{"nodeID":"1333740","text":"Jordan: Bridget Phillipson: I know that childcare is a really big concern","type":"L","timestamp":"2023-11-09 13:42:44"},{"nodeID":"1333741","text":"Asserting","type":"YA","timestamp":"2023-11-09 13:42:44"},{"nodeID":"1333742","text":"Default Transition","type":"TA","timestamp":"2023-11-09 13:42:44"},{"nodeID":"1333743","text":"Arguing","type":"YA","timestamp":"2023-11-09 13:42:44"}],"edges":[{"edgeID":"1748738","fromID":"1333600","toID":"1333599","formEdgeID":null},{"edgeID":"1748739","fromID":"1333601","toID":"1333600","formEdgeID":null},{"edgeID":"1748740","fromID":"1333599","toID":"1333602","formEdgeID":null},{"edgeID":"1748741","fromID":"1333602","toID":"1333598","formEdgeID":null},{"edgeID":"1748742","fromID":"1333605","toID":"1333604","formEdgeID":null},{"edgeID":"1748743","fromID":"1333606","toID":"1333605","formEdgeID":null},{"edgeID":"1748744","fromID":"1333604","toID":"1333607","formEdgeID":null},{"edgeID":"1748745","fromID":"1333607","toID":"1333603","formEdgeID":null},{"edgeID":"1748746","fromID":"1333599","toID":"1333608","formEdgeID":null},{"edgeID":"1748747","fromID":"1333608","toID":"1333604","formEdgeID":null},{"edgeID":"1748748","fromID":"1333611","toID":"1333610","formEdgeID":null},{"edgeID":"1748749","fromID":"1333612","toID":"1333611","formEdgeID":null},{"edgeID":"1748750","fromID":"1333610","toID":"1333613","formEdgeID":null},{"edgeID":"1748751","fromID":"1333613","toID":"1333609","formEdgeID":null},{"edgeID":"1748752","fromID":"1333604","toID":"1333614","formEdgeID":null},{"edgeID":"1748753","fromID":"1333614","toID":"1333610","formEdgeID":null},{"edgeID":"1748754","fromID":"1333599","toID":"1333615","formEdgeID":null},{"edgeID":"1748755","fromID":"1333615","toID":"1333610","formEdgeID":null},{"edgeID":"1748756","fromID":"1333609","toID":"1333616","formEdgeID":null},{"edgeID":"1748757","fromID":"1333616","toID":"1333603","formEdgeID":null},{"edgeID":"1748758","fromID":"1333614","toID":"1333617","formEdgeID":null},{"edgeID":"1748759","fromID":"1333617","toID":"1333616","formEdgeID":null},{"edgeID":"1748760","fromID":"1333609","toID":"1333618","formEdgeID":null},{"edgeID":"1748761","fromID":"1333618","toID":"1333598","formEdgeID":null},{"edgeID":"1748762","fromID":"1333615","toID":"1333619","formEdgeID":null},{"edgeID":"1748763","fromID":"1333619","toID":"1333618","formEdgeID":null},{"edgeID":"1748764","fromID":"1333622","toID":"1333621","formEdgeID":null},{"edgeID":"1748765","fromID":"1333623","toID":"1333622","formEdgeID":null},{"edgeID":"1748766","fromID":"1333621","toID":"1333624","formEdgeID":null},{"edgeID":"1748767","fromID":"1333624","toID":"1333620","formEdgeID":null},{"edgeID":"1748768","fromID":"1333610","toID":"1333625","formEdgeID":null},{"edgeID":"1748769","fromID":"1333625","toID":"1333621","formEdgeID":null},{"edgeID":"1748770","fromID":"1333620","toID":"1333626","formEdgeID":null},{"edgeID":"1748771","fromID":"1333626","toID":"1333609","formEdgeID":null},{"edgeID":"1748772","fromID":"1333625","toID":"1333627","formEdgeID":null},{"edgeID":"1748773","fromID":"1333627","toID":"1333626","formEdgeID":null},{"edgeID":"1748774","fromID":"1333630","toID":"1333629","formEdgeID":null},{"edgeID":"1748775","fromID":"1333631","toID":"1333630","formEdgeID":null},{"edgeID":"1748776","fromID":"1333629","toID":"1333632","formEdgeID":null},{"edgeID":"1748777","fromID":"1333632","toID":"1333628","formEdgeID":null},{"edgeID":"1748778","fromID":"1333610","toID":"1333633","formEdgeID":null},{"edgeID":"1748779","fromID":"1333633","toID":"1333629","formEdgeID":null},{"edgeID":"1748780","fromID":"1333628","toID":"1333634","formEdgeID":null},{"edgeID":"1748781","fromID":"1333634","toID":"1333609","formEdgeID":null},{"edgeID":"1748782","fromID":"1333633","toID":"1333635","formEdgeID":null},{"edgeID":"1748783","fromID":"1333635","toID":"1333634","formEdgeID":null},{"edgeID":"1748784","fromID":"1333638","toID":"1333637","formEdgeID":null},{"edgeID":"1748785","fromID":"1333639","toID":"1333638","formEdgeID":null},{"edgeID":"1748786","fromID":"1333637","toID":"1333640","formEdgeID":null},{"edgeID":"1748787","fromID":"1333640","toID":"1333636","formEdgeID":null},{"edgeID":"1748788","fromID":"1333636","toID":"1333641","formEdgeID":null},{"edgeID":"1748789","fromID":"1333641","toID":"1333628","formEdgeID":null},{"edgeID":"1748790","fromID":"1333629","toID":"1333642","formEdgeID":null},{"edgeID":"1748791","fromID":"1333642","toID":"1333637","formEdgeID":null},{"edgeID":"1748792","fromID":"1333642","toID":"1333643","formEdgeID":null},{"edgeID":"1748793","fromID":"1333643","toID":"1333641","formEdgeID":null},{"edgeID":"1748794","fromID":"1333646","toID":"1333645","formEdgeID":null},{"edgeID":"1748795","fromID":"1333647","toID":"1333646","formEdgeID":null},{"edgeID":"1748796","fromID":"1333645","toID":"1333648","formEdgeID":null},{"edgeID":"1748797","fromID":"1333648","toID":"1333644","formEdgeID":null},{"edgeID":"1748798","fromID":"1333637","toID":"1333649","formEdgeID":null},{"edgeID":"1748799","fromID":"1333649","toID":"1333645","formEdgeID":null},{"edgeID":"1748800","fromID":"1333644","toID":"1333650","formEdgeID":null},{"edgeID":"1748801","fromID":"1333650","toID":"1333636","formEdgeID":null},{"edgeID":"1748802","fromID":"1333649","toID":"1333651","formEdgeID":null},{"edgeID":"1748803","fromID":"1333651","toID":"1333650","formEdgeID":null},{"edgeID":"1748804","fromID":"1333654","toID":"1333653","formEdgeID":null},{"edgeID":"1748805","fromID":"1333655","toID":"1333654","formEdgeID":null},{"edgeID":"1748806","fromID":"1333653","toID":"1333656","formEdgeID":null},{"edgeID":"1748807","fromID":"1333656","toID":"1333652","formEdgeID":null},{"edgeID":"1748808","fromID":"1333645","toID":"1333657","formEdgeID":null},{"edgeID":"1748809","fromID":"1333657","toID":"1333653","formEdgeID":null},{"edgeID":"1748810","fromID":"1333660","toID":"1333659","formEdgeID":null},{"edgeID":"1748811","fromID":"1333661","toID":"1333660","formEdgeID":null},{"edgeID":"1748812","fromID":"1333659","toID":"1333662","formEdgeID":null},{"edgeID":"1748813","fromID":"1333662","toID":"1333658","formEdgeID":null},{"edgeID":"1748814","fromID":"1333665","toID":"1333664","formEdgeID":null},{"edgeID":"1748815","fromID":"1333666","toID":"1333665","formEdgeID":null},{"edgeID":"1748816","fromID":"1333664","toID":"1333667","formEdgeID":null},{"edgeID":"1748817","fromID":"1333667","toID":"1333663","formEdgeID":null},{"edgeID":"1748818","fromID":"1333653","toID":"1333668","formEdgeID":null},{"edgeID":"1748819","fromID":"1333668","toID":"1333664","formEdgeID":null},{"edgeID":"1748820","fromID":"1333659","toID":"1333669","formEdgeID":null},{"edgeID":"1748821","fromID":"1333669","toID":"1333664","formEdgeID":null},{"edgeID":"1748822","fromID":"1333652","toID":"1333670","formEdgeID":null},{"edgeID":"1748823","fromID":"1333670","toID":"1333663","formEdgeID":null},{"edgeID":"1748824","fromID":"1333658","toID":"1333670","formEdgeID":null},{"edgeID":"1748825","fromID":"1333669","toID":"1333671","formEdgeID":null},{"edgeID":"1748826","fromID":"1333671","toID":"1333670","formEdgeID":null},{"edgeID":"1748827","fromID":"1333674","toID":"1333673","formEdgeID":null},{"edgeID":"1748828","fromID":"1333675","toID":"1333674","formEdgeID":null},{"edgeID":"1748829","fromID":"1333673","toID":"1333676","formEdgeID":null},{"edgeID":"1748830","fromID":"1333676","toID":"1333672","formEdgeID":null},{"edgeID":"1748831","fromID":"1333664","toID":"1333677","formEdgeID":null},{"edgeID":"1748832","fromID":"1333677","toID":"1333673","formEdgeID":null},{"edgeID":"1748833","fromID":"1333680","toID":"1333679","formEdgeID":null},{"edgeID":"1748834","fromID":"1333681","toID":"1333680","formEdgeID":null},{"edgeID":"1748835","fromID":"1333679","toID":"1333682","formEdgeID":null},{"edgeID":"1748836","fromID":"1333682","toID":"1333678","formEdgeID":null},{"edgeID":"1748837","fromID":"1333678","toID":"1333683","formEdgeID":null},{"edgeID":"1748838","fromID":"1333683","toID":"1333672","formEdgeID":null},{"edgeID":"1748839","fromID":"1333673","toID":"1333684","formEdgeID":null},{"edgeID":"1748840","fromID":"1333684","toID":"1333679","formEdgeID":null},{"edgeID":"1748841","fromID":"1333672","toID":"1333685","formEdgeID":null},{"edgeID":"1748842","fromID":"1333685","toID":"1333663","formEdgeID":null},{"edgeID":"1748843","fromID":"1333677","toID":"1333686","formEdgeID":null},{"edgeID":"1748844","fromID":"1333686","toID":"1333685","formEdgeID":null},{"edgeID":"1748845","fromID":"1333689","toID":"1333688","formEdgeID":null},{"edgeID":"1748846","fromID":"1333690","toID":"1333689","formEdgeID":null},{"edgeID":"1748847","fromID":"1333688","toID":"1333691","formEdgeID":null},{"edgeID":"1748848","fromID":"1333691","toID":"1333687","formEdgeID":null},{"edgeID":"1748849","fromID":"1333679","toID":"1333692","formEdgeID":null},{"edgeID":"1748850","fromID":"1333692","toID":"1333688","formEdgeID":null},{"edgeID":"1748851","fromID":"1333695","toID":"1333694","formEdgeID":null},{"edgeID":"1748852","fromID":"1333696","toID":"1333695","formEdgeID":null},{"edgeID":"1748853","fromID":"1333694","toID":"1333697","formEdgeID":null},{"edgeID":"1748854","fromID":"1333697","toID":"1333693","formEdgeID":null},{"edgeID":"1748855","fromID":"1333700","toID":"1333699","formEdgeID":null},{"edgeID":"1748856","fromID":"1333701","toID":"1333700","formEdgeID":null},{"edgeID":"1748857","fromID":"1333699","toID":"1333702","formEdgeID":null},{"edgeID":"1748858","fromID":"1333702","toID":"1333698","formEdgeID":null},{"edgeID":"1748859","fromID":"1333694","toID":"1333703","formEdgeID":null},{"edgeID":"1748860","fromID":"1333703","toID":"1333699","formEdgeID":null},{"edgeID":"1748861","fromID":"1333688","toID":"1333704","formEdgeID":null},{"edgeID":"1748862","fromID":"1333704","toID":"1333694","formEdgeID":null},{"edgeID":"1748863","fromID":"1333698","toID":"1333705","formEdgeID":null},{"edgeID":"1748864","fromID":"1333705","toID":"1333693","formEdgeID":null},{"edgeID":"1748865","fromID":"1333703","toID":"1333706","formEdgeID":null},{"edgeID":"1748866","fromID":"1333706","toID":"1333705","formEdgeID":null},{"edgeID":"1748867","fromID":"1333709","toID":"1333708","formEdgeID":null},{"edgeID":"1748868","fromID":"1333710","toID":"1333709","formEdgeID":null},{"edgeID":"1748869","fromID":"1333708","toID":"1333711","formEdgeID":null},{"edgeID":"1748870","fromID":"1333711","toID":"1333707","formEdgeID":null},{"edgeID":"1748871","fromID":"1333699","toID":"1333712","formEdgeID":null},{"edgeID":"1748872","fromID":"1333712","toID":"1333708","formEdgeID":null},{"edgeID":"1748873","fromID":"1333707","toID":"1333713","formEdgeID":null},{"edgeID":"1748874","fromID":"1333713","toID":"1333698","formEdgeID":null},{"edgeID":"1748875","fromID":"1333712","toID":"1333714","formEdgeID":null},{"edgeID":"1748876","fromID":"1333714","toID":"1333713","formEdgeID":null},{"edgeID":"1748877","fromID":"1333717","toID":"1333716","formEdgeID":null},{"edgeID":"1748878","fromID":"1333718","toID":"1333717","formEdgeID":null},{"edgeID":"1748879","fromID":"1333716","toID":"1333719","formEdgeID":null},{"edgeID":"1748880","fromID":"1333719","toID":"1333715","formEdgeID":null},{"edgeID":"1748881","fromID":"1333708","toID":"1333720","formEdgeID":null},{"edgeID":"1748882","fromID":"1333720","toID":"1333716","formEdgeID":null},{"edgeID":"1748883","fromID":"1333715","toID":"1333721","formEdgeID":null},{"edgeID":"1748884","fromID":"1333721","toID":"1333707","formEdgeID":null},{"edgeID":"1748885","fromID":"1333720","toID":"1333722","formEdgeID":null},{"edgeID":"1748886","fromID":"1333722","toID":"1333721","formEdgeID":null},{"edgeID":"1748887","fromID":"1333725","toID":"1333724","formEdgeID":null},{"edgeID":"1748888","fromID":"1333726","toID":"1333725","formEdgeID":null},{"edgeID":"1748889","fromID":"1333724","toID":"1333727","formEdgeID":null},{"edgeID":"1748890","fromID":"1333727","toID":"1333723","formEdgeID":null},{"edgeID":"1748891","fromID":"1333716","toID":"1333728","formEdgeID":null},{"edgeID":"1748892","fromID":"1333728","toID":"1333724","formEdgeID":null},{"edgeID":"1748893","fromID":"1333731","toID":"1333730","formEdgeID":null},{"edgeID":"1748894","fromID":"1333732","toID":"1333731","formEdgeID":null},{"edgeID":"1748895","fromID":"1333730","toID":"1333733","formEdgeID":null},{"edgeID":"1748896","fromID":"1333733","toID":"1333729","formEdgeID":null},{"edgeID":"1748897","fromID":"1333724","toID":"1333734","formEdgeID":null},{"edgeID":"1748898","fromID":"1333734","toID":"1333730","formEdgeID":null},{"edgeID":"1748899","fromID":"1333729","toID":"1333735","formEdgeID":null},{"edgeID":"1748900","fromID":"1333735","toID":"1333723","formEdgeID":null},{"edgeID":"1748901","fromID":"1333734","toID":"1333736","formEdgeID":null},{"edgeID":"1748902","fromID":"1333736","toID":"1333735","formEdgeID":null},{"edgeID":"1748903","fromID":"1333739","toID":"1333738","formEdgeID":null},{"edgeID":"1748904","fromID":"1333740","toID":"1333739","formEdgeID":null},{"edgeID":"1748905","fromID":"1333738","toID":"1333741","formEdgeID":null},{"edgeID":"1748906","fromID":"1333741","toID":"1333737","formEdgeID":null},{"edgeID":"1748907","fromID":"1333730","toID":"1333742","formEdgeID":null},{"edgeID":"1748908","fromID":"1333742","toID":"1333738","formEdgeID":null},{"edgeID":"1748909","fromID":"1333684","toID":"1333743","formEdgeID":null},{"edgeID":"1748910","fromID":"1333743","toID":"1333683","formEdgeID":null}],"locutions":[]}