{"nodes":[{"nodeID":"1332110","text":"AudienceMember 20221006QT74 is a Conservative voter","type":"I","timestamp":"2023-11-09 13:40:31"},{"nodeID":"1332111","text":"AudienceMember 20221006QT74: I'm a Conservative voter","type":"L","timestamp":"2023-11-09 13:40:31"},{"nodeID":"1332112","text":"Analysing","type":"YA","timestamp":"2023-11-09 13:40:31"},{"nodeID":"1332113","text":"Dominika: AudienceMember 20221006QT74: I'm a Conservative voter","type":"L","timestamp":"2023-11-09 13:40:31"},{"nodeID":"1332114","text":"Asserting","type":"YA","timestamp":"2023-11-09 13:40:31"},{"nodeID":"1332115","text":"we seem to go from one disaster to the next","type":"I","timestamp":"2023-11-09 13:40:32"},{"nodeID":"1332116","text":"AudienceMember 20221006QT74: We seem to go from one disaster to the next","type":"L","timestamp":"2023-11-09 13:40:32"},{"nodeID":"1332117","text":"Analysing","type":"YA","timestamp":"2023-11-09 13:40:32"},{"nodeID":"1332118","text":"Dominika: AudienceMember 20221006QT74: We seem to go from one disaster to the next","type":"L","timestamp":"2023-11-09 13:40:32"},{"nodeID":"1332119","text":"Asserting","type":"YA","timestamp":"2023-11-09 13:40:32"},{"nodeID":"1332120","text":"as much as you look at the policies and individually, a lot of the policies that were mentioned in the mini-budget were good and will help with growth","type":"I","timestamp":"2023-11-09 13:40:33"},{"nodeID":"1332121","text":"AudienceMember 20221006QT74: As much as you look at the policies and individually, a lot of the policies that were mentioned in the mini-budget were good and will help with growth","type":"L","timestamp":"2023-11-09 13:40:33"},{"nodeID":"1332122","text":"Analysing","type":"YA","timestamp":"2023-11-09 13:40:33"},{"nodeID":"1332123","text":"Dominika: AudienceMember 20221006QT74: As much as you look at the policies and individually, a lot of the policies that were mentioned in the mini-budget were good and will help with growth","type":"L","timestamp":"2023-11-09 13:40:33"},{"nodeID":"1332124","text":"Asserting","type":"YA","timestamp":"2023-11-09 13:40:33"},{"nodeID":"1332125","text":"the timing is horrendous","type":"I","timestamp":"2023-11-09 13:40:33"},{"nodeID":"1332126","text":"AudienceMember 20221006QT74: the timing is horrendous","type":"L","timestamp":"2023-11-09 13:40:33"},{"nodeID":"1332127","text":"Analysing","type":"YA","timestamp":"2023-11-09 13:40:33"},{"nodeID":"1332128","text":"Dominika: AudienceMember 20221006QT74: the timing is horrendous","type":"L","timestamp":"2023-11-09 13:40:33"},{"nodeID":"1332129","text":"Asserting","type":"YA","timestamp":"2023-11-09 13:40:33"},{"nodeID":"1332130","text":"we're coming off the back of the pandemic","type":"I","timestamp":"2023-11-09 13:40:34"},{"nodeID":"1332131","text":"AudienceMember 20221006QT74: coming off the back of the pandemic","type":"L","timestamp":"2023-11-09 13:40:34"},{"nodeID":"1332132","text":"Analysing","type":"YA","timestamp":"2023-11-09 13:40:34"},{"nodeID":"1332133","text":"Dominika: AudienceMember 20221006QT74: coming off the back of the pandemic","type":"L","timestamp":"2023-11-09 13:40:34"},{"nodeID":"1332134","text":"Asserting","type":"YA","timestamp":"2023-11-09 13:40:34"},{"nodeID":"1332135","text":"we have something which shocks the markets","type":"I","timestamp":"2023-11-09 13:40:34"},{"nodeID":"1332136","text":"AudienceMember 20221006QT74: we have something which shocks the markets","type":"L","timestamp":"2023-11-09 13:40:34"},{"nodeID":"1332137","text":"Analysing","type":"YA","timestamp":"2023-11-09 13:40:34"},{"nodeID":"1332138","text":"Dominika: AudienceMember 20221006QT74: we have something which shocks the markets","type":"L","timestamp":"2023-11-09 13:40:34"},{"nodeID":"1332139","text":"Asserting","type":"YA","timestamp":"2023-11-09 13:40:34"},{"nodeID":"1332140","text":"there was no OBR data to support the mini-budget","type":"I","timestamp":"2023-11-09 13:40:35"},{"nodeID":"1332141","text":"AudienceMember 20221006QT74: there was no OBR data to support it","type":"L","timestamp":"2023-11-09 13:40:35"},{"nodeID":"1332142","text":"Analysing","type":"YA","timestamp":"2023-11-09 13:40:35"},{"nodeID":"1332143","text":"Dominika: AudienceMember 20221006QT74: there was no OBR data to support it","type":"L","timestamp":"2023-11-09 13:40:35"},{"nodeID":"1332144","text":"Asserting","type":"YA","timestamp":"2023-11-09 13:40:35"},{"nodeID":"1332145","text":"we're now a week on with a lot of problems to face","type":"I","timestamp":"2023-11-09 13:40:36"},{"nodeID":"1332146","text":"AudienceMember 20221006QT74: Now a week on with a lot of problems to face","type":"L","timestamp":"2023-11-09 13:40:36"},{"nodeID":"1332147","text":"Analysing","type":"YA","timestamp":"2023-11-09 13:40:36"},{"nodeID":"1332148","text":"Dominika: AudienceMember 20221006QT74: Now a week on with a lot of problems to face","type":"L","timestamp":"2023-11-09 13:40:36"},{"nodeID":"1332149","text":"Asserting","type":"YA","timestamp":"2023-11-09 13:40:36"},{"nodeID":"1332150","text":"Default Transition","type":"TA","timestamp":"2023-11-09 13:40:36"},{"nodeID":"1332151","text":"Default Transition","type":"TA","timestamp":"2023-11-09 13:40:36"},{"nodeID":"1332152","text":"Default Transition","type":"TA","timestamp":"2023-11-09 13:40:36"},{"nodeID":"1332153","text":"Default Conflict","type":"CA","timestamp":"2023-11-09 13:40:36"},{"nodeID":"1332154","text":"Disagreeing","type":"YA","timestamp":"2023-11-09 13:40:36"},{"nodeID":"1332155","text":"Default Transition","type":"TA","timestamp":"2023-11-09 13:40:36"},{"nodeID":"1332156","text":"Default Transition","type":"TA","timestamp":"2023-11-09 13:40:36"},{"nodeID":"1332157","text":"Default Transition","type":"TA","timestamp":"2023-11-09 13:40:36"},{"nodeID":"1332158","text":"Default Inference","type":"RA","timestamp":"2023-11-09 13:40:36"},{"nodeID":"1332159","text":"Arguing","type":"YA","timestamp":"2023-11-09 13:40:36"},{"nodeID":"1332160","text":"Default Rephrase","type":"MA","timestamp":"2023-11-09 13:40:36"},{"nodeID":"1332161","text":"Default Transition","type":"TA","timestamp":"2023-11-09 13:40:36"},{"nodeID":"1332162","text":"Restating","type":"YA","timestamp":"2023-11-09 13:40:36"},{"nodeID":"1332163","text":"the Conservatives are a party of home ownership and you want to build more homes","type":"I","timestamp":"2023-11-09 13:40:36"},{"nodeID":"1332164","text":"AudienceMember 20221006QT75: You said that the Conservatives are a party of home ownership and you want to build more homes","type":"L","timestamp":"2023-11-09 13:40:36"},{"nodeID":"1332165","text":"Analysing","type":"YA","timestamp":"2023-11-09 13:40:36"},{"nodeID":"1332166","text":"Dominika: AudienceMember 20221006QT75: You said that the Conservatives are a party of home ownership and you want to build more homes","type":"L","timestamp":"2023-11-09 13:40:36"},{"nodeID":"1332167","text":"Paul Scully: the Conservatives are a party of home ownership and you want to build more homes","type":"L","timestamp":"2023-11-09 13:40:36"},{"nodeID":"1332168","text":"Analysing","type":"YA","timestamp":"2023-11-09 13:40:36"},{"nodeID":"1332169","text":"Dominika: Paul Scully: Paul Scully:","type":"L","timestamp":"2023-11-09 13:40:36"},{"nodeID":"1332170","text":"Default Illocuting","type":"YA","timestamp":"2023-11-09 13:40:36"},{"nodeID":"1332171","text":"Asserting","type":"YA","timestamp":"2023-11-09 13:40:36"},{"nodeID":"1332172","text":"Default Transition","type":"TA","timestamp":"2023-11-09 13:40:36"},{"nodeID":"1332173","text":"people simply aren't going to be able to either get the mortgage to move into the home or even remortgage as well","type":"I","timestamp":"2023-11-09 13:40:37"},{"nodeID":"1332174","text":"AudienceMember 20221006QT75:  people simply aren't going to be able to either get the mortgage to move into the home or even remortgage as well","type":"L","timestamp":"2023-11-09 13:40:37"},{"nodeID":"1332175","text":"Analysing","type":"YA","timestamp":"2023-11-09 13:40:37"},{"nodeID":"1332176","text":"Dominika: AudienceMember 20221006QT75:  people simply aren't going to be able to either get the mortgage to move into the home or even remortgage as well","type":"L","timestamp":"2023-11-09 13:40:37"},{"nodeID":"1332177","text":"Asserting","type":"YA","timestamp":"2023-11-09 13:40:37"},{"nodeID":"1332178","text":"Default Conflict","type":"CA","timestamp":"2023-11-09 13:40:37"},{"nodeID":"1332179","text":"Default Transition","type":"TA","timestamp":"2023-11-09 13:40:37"},{"nodeID":"1332180","text":"Disagreeing","type":"YA","timestamp":"2023-11-09 13:40:37"},{"nodeID":"1332181","text":"in Manchester, there has been homelessness which has been dealt with by Andy Burnham really well","type":"I","timestamp":"2023-11-09 13:40:37"},{"nodeID":"1332182","text":"AudienceMember 20221006QT75: In Manchester, there has been homelessness which has been dealt with by Andy Burnham really well","type":"L","timestamp":"2023-11-09 13:40:37"},{"nodeID":"1332183","text":"Analysing","type":"YA","timestamp":"2023-11-09 13:40:37"},{"nodeID":"1332184","text":"Dominika: AudienceMember 20221006QT75: In Manchester, there has been homelessness which has been dealt with by Andy Burnham really well","type":"L","timestamp":"2023-11-09 13:40:37"},{"nodeID":"1332185","text":"Asserting","type":"YA","timestamp":"2023-11-09 13:40:37"},{"nodeID":"1332186","text":"Default Transition","type":"TA","timestamp":"2023-11-09 13:40:37"},{"nodeID":"1332187","text":"people in two or three years time when they're remortgaging, they're not going to be able to afford it","type":"I","timestamp":"2023-11-09 13:40:38"},{"nodeID":"1332188","text":"AudienceMember 20221006QT75: People two or 3 years time when they're remortgaging, they're not going to be able to afford it","type":"L","timestamp":"2023-11-09 13:40:38"},{"nodeID":"1332189","text":"Analysing","type":"YA","timestamp":"2023-11-09 13:40:38"},{"nodeID":"1332190","text":"Dominika: AudienceMember 20221006QT75: People two or 3 years time when they're remortgaging, they're not going to be able to afford it","type":"L","timestamp":"2023-11-09 13:40:38"},{"nodeID":"1332191","text":"Asserting","type":"YA","timestamp":"2023-11-09 13:40:38"},{"nodeID":"1332192","text":"there is homelessness","type":"I","timestamp":"2023-11-09 13:40:39"},{"nodeID":"1332193","text":"AudienceMember 20221006QT75: there is homelessness","type":"L","timestamp":"2023-11-09 13:40:39"},{"nodeID":"1332194","text":"Analysing","type":"YA","timestamp":"2023-11-09 13:40:39"},{"nodeID":"1332195","text":"Dominika: AudienceMember 20221006QT75: there is homelessness","type":"L","timestamp":"2023-11-09 13:40:39"},{"nodeID":"1332196","text":"Asserting","type":"YA","timestamp":"2023-11-09 13:40:39"},{"nodeID":"1332197","text":"Paul Scully have or have not got any plans to deal with homelesness","type":"I","timestamp":"2023-11-09 13:40:39"},{"nodeID":"1332198","text":"AudienceMember 20221006QT75: Have you got any plans to deal with that","type":"L","timestamp":"2023-11-09 13:40:39"},{"nodeID":"1332199","text":"Analysing","type":"YA","timestamp":"2023-11-09 13:40:39"},{"nodeID":"1332200","text":"Dominika: AudienceMember 20221006QT75: Have you got any plans to deal with that","type":"L","timestamp":"2023-11-09 13:40:39"},{"nodeID":"1332201","text":"Pure Questioning","type":"YA","timestamp":"2023-11-09 13:40:39"},{"nodeID":"1332202","text":"Default Rephrase","type":"MA","timestamp":"2023-11-09 13:40:39"},{"nodeID":"1332203","text":"Default Transition","type":"TA","timestamp":"2023-11-09 13:40:39"},{"nodeID":"1332204","text":"Restating","type":"YA","timestamp":"2023-11-09 13:40:39"},{"nodeID":"1332205","text":"Default Transition","type":"TA","timestamp":"2023-11-09 13:40:39"},{"nodeID":"1332206","text":"Default Transition","type":"TA","timestamp":"2023-11-09 13:40:39"},{"nodeID":"1332207","text":"Default Rephrase","type":"MA","timestamp":"2023-11-09 13:40:39"},{"nodeID":"1332208","text":"Restating","type":"YA","timestamp":"2023-11-09 13:40:39"}],"edges":[{"edgeID":"1747002","fromID":"1332112","toID":"1332111","formEdgeID":null},{"edgeID":"1747003","fromID":"1332113","toID":"1332112","formEdgeID":null},{"edgeID":"1747004","fromID":"1332111","toID":"1332114","formEdgeID":null},{"edgeID":"1747005","fromID":"1332114","toID":"1332110","formEdgeID":null},{"edgeID":"1747006","fromID":"1332117","toID":"1332116","formEdgeID":null},{"edgeID":"1747007","fromID":"1332118","toID":"1332117","formEdgeID":null},{"edgeID":"1747008","fromID":"1332116","toID":"1332119","formEdgeID":null},{"edgeID":"1747009","fromID":"1332119","toID":"1332115","formEdgeID":null},{"edgeID":"1747010","fromID":"1332122","toID":"1332121","formEdgeID":null},{"edgeID":"1747011","fromID":"1332123","toID":"1332122","formEdgeID":null},{"edgeID":"1747012","fromID":"1332121","toID":"1332124","formEdgeID":null},{"edgeID":"1747013","fromID":"1332124","toID":"1332120","formEdgeID":null},{"edgeID":"1747014","fromID":"1332127","toID":"1332126","formEdgeID":null},{"edgeID":"1747015","fromID":"1332128","toID":"1332127","formEdgeID":null},{"edgeID":"1747016","fromID":"1332126","toID":"1332129","formEdgeID":null},{"edgeID":"1747017","fromID":"1332129","toID":"1332125","formEdgeID":null},{"edgeID":"1747018","fromID":"1332132","toID":"1332131","formEdgeID":null},{"edgeID":"1747019","fromID":"1332133","toID":"1332132","formEdgeID":null},{"edgeID":"1747020","fromID":"1332131","toID":"1332134","formEdgeID":null},{"edgeID":"1747021","fromID":"1332134","toID":"1332130","formEdgeID":null},{"edgeID":"1747022","fromID":"1332137","toID":"1332136","formEdgeID":null},{"edgeID":"1747023","fromID":"1332138","toID":"1332137","formEdgeID":null},{"edgeID":"1747024","fromID":"1332136","toID":"1332139","formEdgeID":null},{"edgeID":"1747025","fromID":"1332139","toID":"1332135","formEdgeID":null},{"edgeID":"1747026","fromID":"1332142","toID":"1332141","formEdgeID":null},{"edgeID":"1747027","fromID":"1332143","toID":"1332142","formEdgeID":null},{"edgeID":"1747028","fromID":"1332141","toID":"1332144","formEdgeID":null},{"edgeID":"1747029","fromID":"1332144","toID":"1332140","formEdgeID":null},{"edgeID":"1747030","fromID":"1332147","toID":"1332146","formEdgeID":null},{"edgeID":"1747031","fromID":"1332148","toID":"1332147","formEdgeID":null},{"edgeID":"1747032","fromID":"1332146","toID":"1332149","formEdgeID":null},{"edgeID":"1747033","fromID":"1332149","toID":"1332145","formEdgeID":null},{"edgeID":"1747034","fromID":"1332111","toID":"1332150","formEdgeID":null},{"edgeID":"1747035","fromID":"1332150","toID":"1332116","formEdgeID":null},{"edgeID":"1747036","fromID":"1332116","toID":"1332151","formEdgeID":null},{"edgeID":"1747037","fromID":"1332151","toID":"1332121","formEdgeID":null},{"edgeID":"1747038","fromID":"1332121","toID":"1332152","formEdgeID":null},{"edgeID":"1747039","fromID":"1332152","toID":"1332126","formEdgeID":null},{"edgeID":"1747040","fromID":"1332125","toID":"1332153","formEdgeID":null},{"edgeID":"1747041","fromID":"1332153","toID":"1332120","formEdgeID":null},{"edgeID":"1747042","fromID":"1332152","toID":"1332154","formEdgeID":null},{"edgeID":"1747043","fromID":"1332154","toID":"1332153","formEdgeID":null},{"edgeID":"1747044","fromID":"1332126","toID":"1332155","formEdgeID":null},{"edgeID":"1747045","fromID":"1332155","toID":"1332131","formEdgeID":null},{"edgeID":"1747046","fromID":"1332126","toID":"1332156","formEdgeID":null},{"edgeID":"1747047","fromID":"1332156","toID":"1332136","formEdgeID":null},{"edgeID":"1747048","fromID":"1332126","toID":"1332157","formEdgeID":null},{"edgeID":"1747049","fromID":"1332157","toID":"1332141","formEdgeID":null},{"edgeID":"1747050","fromID":"1332140","toID":"1332158","formEdgeID":null},{"edgeID":"1747051","fromID":"1332158","toID":"1332125","formEdgeID":null},{"edgeID":"1747052","fromID":"1332135","toID":"1332158","formEdgeID":null},{"edgeID":"1747053","fromID":"1332130","toID":"1332158","formEdgeID":null},{"edgeID":"1747054","fromID":"1332157","toID":"1332159","formEdgeID":null},{"edgeID":"1747055","fromID":"1332159","toID":"1332158","formEdgeID":null},{"edgeID":"1747056","fromID":"1332145","toID":"1332160","formEdgeID":null},{"edgeID":"1747057","fromID":"1332160","toID":"1332125","formEdgeID":null},{"edgeID":"1747058","fromID":"1332126","toID":"1332161","formEdgeID":null},{"edgeID":"1747059","fromID":"1332161","toID":"1332146","formEdgeID":null},{"edgeID":"1747060","fromID":"1332161","toID":"1332162","formEdgeID":null},{"edgeID":"1747061","fromID":"1332162","toID":"1332160","formEdgeID":null},{"edgeID":"1747062","fromID":"1332165","toID":"1332164","formEdgeID":null},{"edgeID":"1747063","fromID":"1332166","toID":"1332165","formEdgeID":null},{"edgeID":"1747064","fromID":"1332168","toID":"1332167","formEdgeID":null},{"edgeID":"1747065","fromID":"1332169","toID":"1332168","formEdgeID":null},{"edgeID":"1747066","fromID":"1332164","toID":"1332170","formEdgeID":null},{"edgeID":"1747067","fromID":"1332170","toID":"1332167","formEdgeID":null},{"edgeID":"1747068","fromID":"1332167","toID":"1332171","formEdgeID":null},{"edgeID":"1747069","fromID":"1332171","toID":"1332163","formEdgeID":null},{"edgeID":"1747070","fromID":"1332146","toID":"1332172","formEdgeID":null},{"edgeID":"1747071","fromID":"1332172","toID":"1332164","formEdgeID":null},{"edgeID":"1747072","fromID":"1332175","toID":"1332174","formEdgeID":null},{"edgeID":"1747073","fromID":"1332176","toID":"1332175","formEdgeID":null},{"edgeID":"1747074","fromID":"1332174","toID":"1332177","formEdgeID":null},{"edgeID":"1747075","fromID":"1332177","toID":"1332173","formEdgeID":null},{"edgeID":"1747076","fromID":"1332173","toID":"1332178","formEdgeID":null},{"edgeID":"1747077","fromID":"1332178","toID":"1332163","formEdgeID":null},{"edgeID":"1747078","fromID":"1332164","toID":"1332179","formEdgeID":null},{"edgeID":"1747079","fromID":"1332179","toID":"1332174","formEdgeID":null},{"edgeID":"1747080","fromID":"1332179","toID":"1332180","formEdgeID":null},{"edgeID":"1747081","fromID":"1332180","toID":"1332178","formEdgeID":null},{"edgeID":"1747082","fromID":"1332183","toID":"1332182","formEdgeID":null},{"edgeID":"1747083","fromID":"1332184","toID":"1332183","formEdgeID":null},{"edgeID":"1747084","fromID":"1332182","toID":"1332185","formEdgeID":null},{"edgeID":"1747085","fromID":"1332185","toID":"1332181","formEdgeID":null},{"edgeID":"1747086","fromID":"1332174","toID":"1332186","formEdgeID":null},{"edgeID":"1747087","fromID":"1332186","toID":"1332182","formEdgeID":null},{"edgeID":"1747088","fromID":"1332189","toID":"1332188","formEdgeID":null},{"edgeID":"1747089","fromID":"1332190","toID":"1332189","formEdgeID":null},{"edgeID":"1747090","fromID":"1332188","toID":"1332191","formEdgeID":null},{"edgeID":"1747091","fromID":"1332191","toID":"1332187","formEdgeID":null},{"edgeID":"1747092","fromID":"1332194","toID":"1332193","formEdgeID":null},{"edgeID":"1747093","fromID":"1332195","toID":"1332194","formEdgeID":null},{"edgeID":"1747094","fromID":"1332193","toID":"1332196","formEdgeID":null},{"edgeID":"1747095","fromID":"1332196","toID":"1332192","formEdgeID":null},{"edgeID":"1747096","fromID":"1332199","toID":"1332198","formEdgeID":null},{"edgeID":"1747097","fromID":"1332200","toID":"1332199","formEdgeID":null},{"edgeID":"1747098","fromID":"1332198","toID":"1332201","formEdgeID":null},{"edgeID":"1747099","fromID":"1332201","toID":"1332197","formEdgeID":null},{"edgeID":"1747100","fromID":"1332187","toID":"1332202","formEdgeID":null},{"edgeID":"1747101","fromID":"1332202","toID":"1332173","formEdgeID":null},{"edgeID":"1747102","fromID":"1332174","toID":"1332203","formEdgeID":null},{"edgeID":"1747103","fromID":"1332203","toID":"1332188","formEdgeID":null},{"edgeID":"1747104","fromID":"1332203","toID":"1332204","formEdgeID":null},{"edgeID":"1747105","fromID":"1332204","toID":"1332202","formEdgeID":null},{"edgeID":"1747106","fromID":"1332188","toID":"1332205","formEdgeID":null},{"edgeID":"1747107","fromID":"1332205","toID":"1332193","formEdgeID":null},{"edgeID":"1747108","fromID":"1332193","toID":"1332206","formEdgeID":null},{"edgeID":"1747109","fromID":"1332206","toID":"1332198","formEdgeID":null},{"edgeID":"1747110","fromID":"1332197","toID":"1332207","formEdgeID":null},{"edgeID":"1747111","fromID":"1332207","toID":"1332192","formEdgeID":null},{"edgeID":"1747112","fromID":"1332206","toID":"1332208","formEdgeID":null},{"edgeID":"1747113","fromID":"1332208","toID":"1332207","formEdgeID":null}],"locutions":[]}