{"nodes":[{"nodeID":"1348209","text":"the actual tax on energy is different from what the Labour Party proposed","type":"I","timestamp":"2023-11-09 14:05:28"},{"nodeID":"1348210","text":"Paul Scully:  What it does slightly different from what the Labour Party proposed was","type":"L","timestamp":"2023-11-09 14:05:28"},{"nodeID":"1348211","text":"Analysing","type":"YA","timestamp":"2023-11-09 14:05:28"},{"nodeID":"1348212","text":"Anon: Paul Scully:  What it does slightly different from what the Labour Party proposed was","type":"L","timestamp":"2023-11-09 14:05:28"},{"nodeID":"1348213","text":"Asserting","type":"YA","timestamp":"2023-11-09 14:05:28"},{"nodeID":"1348214","text":"the actual tax on energy rewards the fact that energy companies invest now","type":"I","timestamp":"2023-11-09 14:05:29"},{"nodeID":"1348215","text":"Paul Scully: it rewards the fact that if energy companies invest now","type":"L","timestamp":"2023-11-09 14:05:29"},{"nodeID":"1348216","text":"Analysing","type":"YA","timestamp":"2023-11-09 14:05:29"},{"nodeID":"1348217","text":"Anon: Paul Scully: it rewards the fact that if energy companies invest now","type":"L","timestamp":"2023-11-09 14:05:29"},{"nodeID":"1348218","text":"Asserting","type":"YA","timestamp":"2023-11-09 14:05:29"},{"nodeID":"1348219","text":"Default Transition","type":"TA","timestamp":"2023-11-09 14:05:29"},{"nodeID":"1348220","text":"companies don't have to pay that levy","type":"I","timestamp":"2023-11-09 14:05:30"},{"nodeID":"1348221","text":"Paul Scully: they don't have to pay that levy","type":"L","timestamp":"2023-11-09 14:05:30"},{"nodeID":"1348222","text":"Analysing","type":"YA","timestamp":"2023-11-09 14:05:30"},{"nodeID":"1348223","text":"Anon: Paul Scully: they don't have to pay that levy","type":"L","timestamp":"2023-11-09 14:05:30"},{"nodeID":"1348224","text":"Asserting","type":"YA","timestamp":"2023-11-09 14:05:30"},{"nodeID":"1348225","text":"Default Transition","type":"TA","timestamp":"2023-11-09 14:05:30"},{"nodeID":"1348226","text":"Default Inference","type":"RA","timestamp":"2023-11-09 14:05:30"},{"nodeID":"1348227","text":"Arguing","type":"YA","timestamp":"2023-11-09 14:05:30"},{"nodeID":"1348228","text":"Default Rephrase","type":"MA","timestamp":"2023-11-09 14:05:30"},{"nodeID":"1348229","text":"Restating","type":"YA","timestamp":"2023-11-09 14:05:30"},{"nodeID":"1348230","text":"companies have to only pay 10% of the levy","type":"I","timestamp":"2023-11-09 14:05:30"},{"nodeID":"1348231","text":"Paul Scully: they have to only pay 10% of it","type":"L","timestamp":"2023-11-09 14:05:30"},{"nodeID":"1348232","text":"Analysing","type":"YA","timestamp":"2023-11-09 14:05:30"},{"nodeID":"1348233","text":"Anon: Paul Scully: they have to only pay 10% of it","type":"L","timestamp":"2023-11-09 14:05:30"},{"nodeID":"1348234","text":"Asserting","type":"YA","timestamp":"2023-11-09 14:05:30"},{"nodeID":"1348235","text":"Default Transition","type":"TA","timestamp":"2023-11-09 14:05:30"},{"nodeID":"1348236","text":"Default Rephrase","type":"MA","timestamp":"2023-11-09 14:05:30"},{"nodeID":"1348237","text":"Restating","type":"YA","timestamp":"2023-11-09 14:05:30"},{"nodeID":"1348238","text":"we want to move medium-term away from fossil fuels","type":"I","timestamp":"2023-11-09 14:05:31"},{"nodeID":"1348239","text":"Paul Scully: we want to move medium-term away from fossil fuels","type":"L","timestamp":"2023-11-09 14:05:31"},{"nodeID":"1348240","text":"Analysing","type":"YA","timestamp":"2023-11-09 14:05:31"},{"nodeID":"1348241","text":"Anon: Paul Scully: we want to move medium-term away from fossil fuels","type":"L","timestamp":"2023-11-09 14:05:31"},{"nodeID":"1348242","text":"Asserting","type":"YA","timestamp":"2023-11-09 14:05:31"},{"nodeID":"1348243","text":"Default Transition","type":"TA","timestamp":"2023-11-09 14:05:31"},{"nodeID":"1348244","text":"Default Inference","type":"RA","timestamp":"2023-11-09 14:05:31"},{"nodeID":"1348245","text":"Arguing","type":"YA","timestamp":"2023-11-09 14:05:31"},{"nodeID":"1348246","text":"we want to move to the Net Zero we were talking about","type":"I","timestamp":"2023-11-09 14:05:31"},{"nodeID":"1348247","text":"Paul Scully: Net Zero that we were talking about","type":"L","timestamp":"2023-11-09 14:05:31"},{"nodeID":"1348248","text":"Analysing","type":"YA","timestamp":"2023-11-09 14:05:31"},{"nodeID":"1348249","text":"Anon: Paul Scully: Net Zero that we were talking about","type":"L","timestamp":"2023-11-09 14:05:31"},{"nodeID":"1348250","text":"Asserting","type":"YA","timestamp":"2023-11-09 14:05:31"},{"nodeID":"1348251","text":"Default Transition","type":"TA","timestamp":"2023-11-09 14:05:31"},{"nodeID":"1348252","text":"Default Rephrase","type":"MA","timestamp":"2023-11-09 14:05:31"},{"nodeID":"1348253","text":"Restating","type":"YA","timestamp":"2023-11-09 14:05:31"},{"nodeID":"1348254","text":"Paul Scully agrees with Bridget Phillipson about childcare","type":"I","timestamp":"2023-11-09 14:05:32"},{"nodeID":"1348255","text":"Paul Scully: I agree with Bridget about childcare","type":"L","timestamp":"2023-11-09 14:05:32"},{"nodeID":"1348256","text":"Analysing","type":"YA","timestamp":"2023-11-09 14:05:32"},{"nodeID":"1348257","text":"Anon: Paul Scully: I agree with Bridget about childcare","type":"L","timestamp":"2023-11-09 14:05:32"},{"nodeID":"1348258","text":"Asserting","type":"YA","timestamp":"2023-11-09 14:05:32"},{"nodeID":"1348259","text":"Default Transition","type":"TA","timestamp":"2023-11-09 14:05:32"},{"nodeID":"1348260","text":"lack of support on childcare matters is a real drag on people staying in careers and employment","type":"I","timestamp":"2023-11-09 14:05:33"},{"nodeID":"1348261","text":"Paul Scully: that's a real drag on people staying in careers and employment","type":"L","timestamp":"2023-11-09 14:05:33"},{"nodeID":"1348262","text":"Analysing","type":"YA","timestamp":"2023-11-09 14:05:33"},{"nodeID":"1348263","text":"Anon: Paul Scully: that's a real drag on people staying in careers and employment","type":"L","timestamp":"2023-11-09 14:05:33"},{"nodeID":"1348264","text":"Asserting","type":"YA","timestamp":"2023-11-09 14:05:33"},{"nodeID":"1348265","text":"Default Transition","type":"TA","timestamp":"2023-11-09 14:05:33"},{"nodeID":"1348266","text":"Default Inference","type":"RA","timestamp":"2023-11-09 14:05:33"},{"nodeID":"1348267","text":"Arguing","type":"YA","timestamp":"2023-11-09 14:05:33"},{"nodeID":"1348268","text":"Paul Scully's party has been in charge of matters concerning childcare for 12 years","type":"I","timestamp":"2023-11-09 14:05:33"},{"nodeID":"1348269","text":"Bridget Phillipson: Who has been in charge of that for 12 years, Paul","type":"L","timestamp":"2023-11-09 14:05:33"},{"nodeID":"1348270","text":"Analysing","type":"YA","timestamp":"2023-11-09 14:05:33"},{"nodeID":"1348271","text":"Anon: Bridget Phillipson: Who has been in charge of that for 12 years, Paul","type":"L","timestamp":"2023-11-09 14:05:33"},{"nodeID":"1348272","text":"Rhetorical Questioning","type":"YA","timestamp":"2023-11-09 14:05:33"},{"nodeID":"1348273","text":"Default Transition","type":"TA","timestamp":"2023-11-09 14:05:33"},{"nodeID":"1348274","text":"childcare is one of the six pillars that the Chancellor was talking about","type":"I","timestamp":"2023-11-09 14:05:34"},{"nodeID":"1348275","text":"Paul Scully: This is one of the six pillars that the Chancellor was talking about","type":"L","timestamp":"2023-11-09 14:05:34"},{"nodeID":"1348276","text":"Analysing","type":"YA","timestamp":"2023-11-09 14:05:34"},{"nodeID":"1348277","text":"Anon: Paul Scully: This is one of the six pillars that the Chancellor was talking about","type":"L","timestamp":"2023-11-09 14:05:34"},{"nodeID":"1348278","text":"Asserting","type":"YA","timestamp":"2023-11-09 14:05:34"},{"nodeID":"1348279","text":"Paul Scully's party could have done something about childcare","type":"I","timestamp":"2023-11-09 14:05:35"},{"nodeID":"1348280","text":"Bridget Phillipson:  I mean, come on","type":"L","timestamp":"2023-11-09 14:05:35"},{"nodeID":"1348281","text":"Analysing","type":"YA","timestamp":"2023-11-09 14:05:35"},{"nodeID":"1348282","text":"Anon: Bridget Phillipson:  I mean, come on","type":"L","timestamp":"2023-11-09 14:05:35"},{"nodeID":"1348283","text":"Asserting","type":"YA","timestamp":"2023-11-09 14:05:35"},{"nodeID":"1348284","text":"Default Inference","type":"RA","timestamp":"2023-11-09 14:05:35"},{"nodeID":"1348285","text":"Default Transition","type":"TA","timestamp":"2023-11-09 14:05:35"},{"nodeID":"1348286","text":"Arguing","type":"YA","timestamp":"2023-11-09 14:05:35"},{"nodeID":"1348287","text":"Default Transition","type":"TA","timestamp":"2023-11-09 14:05:35"},{"nodeID":"1348288","text":"Default Rephrase","type":"MA","timestamp":"2023-11-09 14:05:35"},{"nodeID":"1348289","text":"Restating","type":"YA","timestamp":"2023-11-09 14:05:35"},{"nodeID":"1348290","text":"the question about the EU has not been answered","type":"I","timestamp":"2023-11-09 14:05:35"},{"nodeID":"1348291","text":"Karan Bilimoria: The question about the EU has not been answered","type":"L","timestamp":"2023-11-09 14:05:35"},{"nodeID":"1348292","text":"Analysing","type":"YA","timestamp":"2023-11-09 14:05:35"},{"nodeID":"1348293","text":"Anon: Karan Bilimoria: The question about the EU has not been answered","type":"L","timestamp":"2023-11-09 14:05:35"},{"nodeID":"1348294","text":"Asserting","type":"YA","timestamp":"2023-11-09 14:05:35"},{"nodeID":"1348295","text":"Default Transition","type":"TA","timestamp":"2023-11-09 14:05:35"},{"nodeID":"1348296","text":"Bridget Phillipson wants to know about the policies","type":"I","timestamp":"2023-11-09 14:05:36"},{"nodeID":"1348297","text":"Fiona Bruce: Bridget, what you want to know is the policies","type":"L","timestamp":"2023-11-09 14:05:36"},{"nodeID":"1348298","text":"Analysing","type":"YA","timestamp":"2023-11-09 14:05:36"},{"nodeID":"1348299","text":"Anon: Fiona Bruce: Bridget, what you want to know is the policies","type":"L","timestamp":"2023-11-09 14:05:36"},{"nodeID":"1348300","text":"Asserting","type":"YA","timestamp":"2023-11-09 14:05:36"},{"nodeID":"1348301","text":"Default Transition","type":"TA","timestamp":"2023-11-09 14:05:36"},{"nodeID":"1348302","text":"Bridget Phillipson thinks xxx about the single market","type":"I","timestamp":"2023-11-09 14:05:37"},{"nodeID":"1348303","text":"Fiona Bruce: What about the single market","type":"L","timestamp":"2023-11-09 14:05:37"},{"nodeID":"1348304","text":"Analysing","type":"YA","timestamp":"2023-11-09 14:05:37"},{"nodeID":"1348305","text":"Anon: Fiona Bruce: What about the single market","type":"L","timestamp":"2023-11-09 14:05:37"},{"nodeID":"1348306","text":"Pure Questioning","type":"YA","timestamp":"2023-11-09 14:05:37"},{"nodeID":"1348307","text":"Default Transition","type":"TA","timestamp":"2023-11-09 14:05:37"},{"nodeID":"1348308","text":"Default Conflict","type":"CA","timestamp":"2023-11-09 14:05:37"},{"nodeID":"1348309","text":"Disagreeing","type":"YA","timestamp":"2023-11-09 14:05:37"},{"nodeID":"1348310","text":"Bridget Phillipson voted Remain in 2016","type":"I","timestamp":"2023-11-09 14:05:37"},{"nodeID":"1348311","text":"Bridget Phillipson:  I voted Remain in 2016","type":"L","timestamp":"2023-11-09 14:05:37"},{"nodeID":"1348312","text":"Analysing","type":"YA","timestamp":"2023-11-09 14:05:37"},{"nodeID":"1348313","text":"Anon: Bridget Phillipson:  I voted Remain in 2016","type":"L","timestamp":"2023-11-09 14:05:37"},{"nodeID":"1348314","text":"Asserting","type":"YA","timestamp":"2023-11-09 14:05:37"},{"nodeID":"1348315","text":"Default Transition","type":"TA","timestamp":"2023-11-09 14:05:37"},{"nodeID":"1348316","text":"Bridget Phillipson wanted the UK to stay in the Union","type":"I","timestamp":"2023-11-09 14:05:38"},{"nodeID":"1348317","text":"Bridget Phillipson: I wanted us to stay in the Union","type":"L","timestamp":"2023-11-09 14:05:38"},{"nodeID":"1348318","text":"Analysing","type":"YA","timestamp":"2023-11-09 14:05:38"},{"nodeID":"1348319","text":"Anon: Bridget Phillipson: I wanted us to stay in the Union","type":"L","timestamp":"2023-11-09 14:05:38"},{"nodeID":"1348320","text":"Asserting","type":"YA","timestamp":"2023-11-09 14:05:38"},{"nodeID":"1348321","text":"Default Transition","type":"TA","timestamp":"2023-11-09 14:05:38"},{"nodeID":"1348322","text":"Default Inference","type":"RA","timestamp":"2023-11-09 14:05:38"},{"nodeID":"1348323","text":"Arguing","type":"YA","timestamp":"2023-11-09 14:05:38"},{"nodeID":"1348324","text":"Bridget Phillipson campaigned for the UK staying in the Union","type":"I","timestamp":"2023-11-09 14:05:39"},{"nodeID":"1348325","text":"Bridget Phillipson: I campaigned for that","type":"L","timestamp":"2023-11-09 14:05:39"},{"nodeID":"1348326","text":"Analysing","type":"YA","timestamp":"2023-11-09 14:05:39"},{"nodeID":"1348327","text":"Anon: Bridget Phillipson: I campaigned for that","type":"L","timestamp":"2023-11-09 14:05:39"},{"nodeID":"1348328","text":"Asserting","type":"YA","timestamp":"2023-11-09 14:05:39"},{"nodeID":"1348329","text":"Default Transition","type":"TA","timestamp":"2023-11-09 14:05:39"},{"nodeID":"1348330","text":"Default Rephrase","type":"MA","timestamp":"2023-11-09 14:05:39"},{"nodeID":"1348331","text":"Restating","type":"YA","timestamp":"2023-11-09 14:05:39"},{"nodeID":"1348332","text":"UK is not in the Union anymore","type":"I","timestamp":"2023-11-09 14:05:39"},{"nodeID":"1348333","text":"Bridget Phillipson: That's not where we are","type":"L","timestamp":"2023-11-09 14:05:39"},{"nodeID":"1348334","text":"Analysing","type":"YA","timestamp":"2023-11-09 14:05:39"},{"nodeID":"1348335","text":"Anon: Bridget Phillipson: That's not where we are","type":"L","timestamp":"2023-11-09 14:05:39"},{"nodeID":"1348336","text":"Asserting","type":"YA","timestamp":"2023-11-09 14:05:39"},{"nodeID":"1348337","text":"Default Transition","type":"TA","timestamp":"2023-11-09 14:05:39"},{"nodeID":"1348338","text":"Default Conflict","type":"CA","timestamp":"2023-11-09 14:05:39"},{"nodeID":"1348339","text":"Disagreeing","type":"YA","timestamp":"2023-11-09 14:05:39"},{"nodeID":"1348340","text":"the UK left the European Union","type":"I","timestamp":"2023-11-09 14:05:40"},{"nodeID":"1348341","text":"Bridget Phillipson: We've left the European Union","type":"L","timestamp":"2023-11-09 14:05:40"},{"nodeID":"1348342","text":"Analysing","type":"YA","timestamp":"2023-11-09 14:05:40"},{"nodeID":"1348343","text":"Anon: Bridget Phillipson: We've left the European Union","type":"L","timestamp":"2023-11-09 14:05:40"},{"nodeID":"1348344","text":"Asserting","type":"YA","timestamp":"2023-11-09 14:05:40"},{"nodeID":"1348345","text":"Default Transition","type":"TA","timestamp":"2023-11-09 14:05:40"},{"nodeID":"1348346","text":"Default Rephrase","type":"MA","timestamp":"2023-11-09 14:05:40"},{"nodeID":"1348347","text":"Restating","type":"YA","timestamp":"2023-11-09 14:05:40"},{"nodeID":"1348348","text":"there are challenges when it comes to the Northern Ireland protocol","type":"I","timestamp":"2023-11-09 14:05:41"},{"nodeID":"1348349","text":"Bridget Phillipson: There are challenges when it comes to the Northern Ireland protocol as Karan was talking about","type":"L","timestamp":"2023-11-09 14:05:41"},{"nodeID":"1348350","text":"Analysing","type":"YA","timestamp":"2023-11-09 14:05:41"},{"nodeID":"1348351","text":"Anon: Bridget Phillipson: There are challenges when it comes to the Northern Ireland protocol as Karan was talking about","type":"L","timestamp":"2023-11-09 14:05:41"},{"nodeID":"1348352","text":"Karan Bilimoria: There are challenges when it comes to the Northern Ireland protocol","type":"L","timestamp":"2023-11-09 14:05:41"},{"nodeID":"1348353","text":"Analysing","type":"YA","timestamp":"2023-11-09 14:05:41"},{"nodeID":"1348354","text":"Anon: Karan Bilimoria: There are challenges when it comes to the Northern Ireland protocol as Karan was talking about","type":"L","timestamp":"2023-11-09 14:05:41"},{"nodeID":"1348355","text":"Asserting","type":"YA","timestamp":"2023-11-09 14:05:41"},{"nodeID":"1348356","text":"Asserting","type":"YA","timestamp":"2023-11-09 14:05:41"},{"nodeID":"1348357","text":"Default Inference","type":"RA","timestamp":"2023-11-09 14:05:41"},{"nodeID":"1348358","text":"Default Transition","type":"TA","timestamp":"2023-11-09 14:05:41"},{"nodeID":"1348359","text":"Arguing","type":"YA","timestamp":"2023-11-09 14:05:41"},{"nodeID":"1348360","text":"there are problems around the Brexit deal","type":"I","timestamp":"2023-11-09 14:05:41"},{"nodeID":"1348361","text":"Bridget Phillipson: problems around the Brexit deal","type":"L","timestamp":"2023-11-09 14:05:41"},{"nodeID":"1348362","text":"Analysing","type":"YA","timestamp":"2023-11-09 14:05:41"},{"nodeID":"1348363","text":"Anon: Bridget Phillipson: problems around the Brexit deal","type":"L","timestamp":"2023-11-09 14:05:41"},{"nodeID":"1348364","text":"Asserting","type":"YA","timestamp":"2023-11-09 14:05:41"},{"nodeID":"1348365","text":"Default Inference","type":"RA","timestamp":"2023-11-09 14:05:41"},{"nodeID":"1348366","text":"Default Transition","type":"TA","timestamp":"2023-11-09 14:05:41"},{"nodeID":"1348367","text":"Arguing","type":"YA","timestamp":"2023-11-09 14:05:41"},{"nodeID":"1348368","text":"there are areas that we do absolutely need to fix those gaps in the Brexit deal","type":"I","timestamp":"2023-11-09 14:05:42"},{"nodeID":"1348369","text":"Bridget Phillipson: There are areas that we do absolutely need to fix those gaps in the deal","type":"L","timestamp":"2023-11-09 14:05:42"},{"nodeID":"1348370","text":"Analysing","type":"YA","timestamp":"2023-11-09 14:05:42"},{"nodeID":"1348371","text":"Anon: Bridget Phillipson: There are areas that we do absolutely need to fix those gaps in the deal","type":"L","timestamp":"2023-11-09 14:05:42"},{"nodeID":"1348372","text":"Asserting","type":"YA","timestamp":"2023-11-09 14:05:42"},{"nodeID":"1348373","text":"Default Transition","type":"TA","timestamp":"2023-11-09 14:05:42"},{"nodeID":"1348374","text":"Default Inference","type":"RA","timestamp":"2023-11-09 14:05:42"},{"nodeID":"1348375","text":"Arguing","type":"YA","timestamp":"2023-11-09 14:05:42"},{"nodeID":"1348376","text":"Bridget Phillipson doesn't think there is a great appetite at the moment for fixing gaps in the Brexit deal","type":"I","timestamp":"2023-11-09 14:05:43"},{"nodeID":"1348377","text":"Bridget Phillipson: I don't think there is a great appetite at the moment for that kind of approach","type":"L","timestamp":"2023-11-09 14:05:43"},{"nodeID":"1348378","text":"Analysing","type":"YA","timestamp":"2023-11-09 14:05:43"},{"nodeID":"1348379","text":"Anon: Bridget Phillipson: I don't think there is a great appetite at the moment for that kind of approach","type":"L","timestamp":"2023-11-09 14:05:43"},{"nodeID":"1348380","text":"Asserting","type":"YA","timestamp":"2023-11-09 14:05:43"},{"nodeID":"1348381","text":"Default Transition","type":"TA","timestamp":"2023-11-09 14:05:43"},{"nodeID":"1348382","text":"Default Conflict","type":"CA","timestamp":"2023-11-09 14:05:43"},{"nodeID":"1348383","text":"Disagreeing","type":"YA","timestamp":"2023-11-09 14:05:43"}],"edges":[{"edgeID":"1766226","fromID":"1348211","toID":"1348210","formEdgeID":null},{"edgeID":"1766227","fromID":"1348212","toID":"1348211","formEdgeID":null},{"edgeID":"1766228","fromID":"1348210","toID":"1348213","formEdgeID":null},{"edgeID":"1766229","fromID":"1348213","toID":"1348209","formEdgeID":null},{"edgeID":"1766230","fromID":"1348216","toID":"1348215","formEdgeID":null},{"edgeID":"1766231","fromID":"1348217","toID":"1348216","formEdgeID":null},{"edgeID":"1766232","fromID":"1348215","toID":"1348218","formEdgeID":null},{"edgeID":"1766233","fromID":"1348218","toID":"1348214","formEdgeID":null},{"edgeID":"1766234","fromID":"1348210","toID":"1348219","formEdgeID":null},{"edgeID":"1766235","fromID":"1348219","toID":"1348215","formEdgeID":null},{"edgeID":"1766236","fromID":"1348222","toID":"1348221","formEdgeID":null},{"edgeID":"1766237","fromID":"1348223","toID":"1348222","formEdgeID":null},{"edgeID":"1766238","fromID":"1348221","toID":"1348224","formEdgeID":null},{"edgeID":"1766239","fromID":"1348224","toID":"1348220","formEdgeID":null},{"edgeID":"1766240","fromID":"1348215","toID":"1348225","formEdgeID":null},{"edgeID":"1766241","fromID":"1348225","toID":"1348221","formEdgeID":null},{"edgeID":"1766242","fromID":"1348214","toID":"1348226","formEdgeID":null},{"edgeID":"1766243","fromID":"1348226","toID":"1348220","formEdgeID":null},{"edgeID":"1766244","fromID":"1348225","toID":"1348227","formEdgeID":null},{"edgeID":"1766245","fromID":"1348227","toID":"1348226","formEdgeID":null},{"edgeID":"1766246","fromID":"1348214","toID":"1348228","formEdgeID":null},{"edgeID":"1766247","fromID":"1348228","toID":"1348209","formEdgeID":null},{"edgeID":"1766248","fromID":"1348219","toID":"1348229","formEdgeID":null},{"edgeID":"1766249","fromID":"1348229","toID":"1348228","formEdgeID":null},{"edgeID":"1766250","fromID":"1348232","toID":"1348231","formEdgeID":null},{"edgeID":"1766251","fromID":"1348233","toID":"1348232","formEdgeID":null},{"edgeID":"1766252","fromID":"1348231","toID":"1348234","formEdgeID":null},{"edgeID":"1766253","fromID":"1348234","toID":"1348230","formEdgeID":null},{"edgeID":"1766254","fromID":"1348221","toID":"1348235","formEdgeID":null},{"edgeID":"1766255","fromID":"1348235","toID":"1348231","formEdgeID":null},{"edgeID":"1766256","fromID":"1348230","toID":"1348236","formEdgeID":null},{"edgeID":"1766257","fromID":"1348236","toID":"1348220","formEdgeID":null},{"edgeID":"1766258","fromID":"1348235","toID":"1348237","formEdgeID":null},{"edgeID":"1766259","fromID":"1348237","toID":"1348236","formEdgeID":null},{"edgeID":"1766260","fromID":"1348240","toID":"1348239","formEdgeID":null},{"edgeID":"1766261","fromID":"1348241","toID":"1348240","formEdgeID":null},{"edgeID":"1766262","fromID":"1348239","toID":"1348242","formEdgeID":null},{"edgeID":"1766263","fromID":"1348242","toID":"1348238","formEdgeID":null},{"edgeID":"1766264","fromID":"1348231","toID":"1348243","formEdgeID":null},{"edgeID":"1766265","fromID":"1348243","toID":"1348239","formEdgeID":null},{"edgeID":"1766266","fromID":"1348238","toID":"1348244","formEdgeID":null},{"edgeID":"1766267","fromID":"1348244","toID":"1348230","formEdgeID":null},{"edgeID":"1766268","fromID":"1348243","toID":"1348245","formEdgeID":null},{"edgeID":"1766269","fromID":"1348245","toID":"1348244","formEdgeID":null},{"edgeID":"1766270","fromID":"1348248","toID":"1348247","formEdgeID":null},{"edgeID":"1766271","fromID":"1348249","toID":"1348248","formEdgeID":null},{"edgeID":"1766272","fromID":"1348247","toID":"1348250","formEdgeID":null},{"edgeID":"1766273","fromID":"1348250","toID":"1348246","formEdgeID":null},{"edgeID":"1766274","fromID":"1348239","toID":"1348251","formEdgeID":null},{"edgeID":"1766275","fromID":"1348251","toID":"1348247","formEdgeID":null},{"edgeID":"1766276","fromID":"1348246","toID":"1348252","formEdgeID":null},{"edgeID":"1766277","fromID":"1348252","toID":"1348238","formEdgeID":null},{"edgeID":"1766278","fromID":"1348251","toID":"1348253","formEdgeID":null},{"edgeID":"1766279","fromID":"1348253","toID":"1348252","formEdgeID":null},{"edgeID":"1766280","fromID":"1348256","toID":"1348255","formEdgeID":null},{"edgeID":"1766281","fromID":"1348257","toID":"1348256","formEdgeID":null},{"edgeID":"1766282","fromID":"1348255","toID":"1348258","formEdgeID":null},{"edgeID":"1766283","fromID":"1348258","toID":"1348254","formEdgeID":null},{"edgeID":"1766284","fromID":"1348247","toID":"1348259","formEdgeID":null},{"edgeID":"1766285","fromID":"1348259","toID":"1348255","formEdgeID":null},{"edgeID":"1766286","fromID":"1348262","toID":"1348261","formEdgeID":null},{"edgeID":"1766287","fromID":"1348263","toID":"1348262","formEdgeID":null},{"edgeID":"1766288","fromID":"1348261","toID":"1348264","formEdgeID":null},{"edgeID":"1766289","fromID":"1348264","toID":"1348260","formEdgeID":null},{"edgeID":"1766290","fromID":"1348255","toID":"1348265","formEdgeID":null},{"edgeID":"1766291","fromID":"1348265","toID":"1348261","formEdgeID":null},{"edgeID":"1766292","fromID":"1348260","toID":"1348266","formEdgeID":null},{"edgeID":"1766293","fromID":"1348266","toID":"1348254","formEdgeID":null},{"edgeID":"1766294","fromID":"1348265","toID":"1348267","formEdgeID":null},{"edgeID":"1766295","fromID":"1348267","toID":"1348266","formEdgeID":null},{"edgeID":"1766296","fromID":"1348270","toID":"1348269","formEdgeID":null},{"edgeID":"1766297","fromID":"1348271","toID":"1348270","formEdgeID":null},{"edgeID":"1766298","fromID":"1348269","toID":"1348272","formEdgeID":null},{"edgeID":"1766299","fromID":"1348272","toID":"1348268","formEdgeID":null},{"edgeID":"1766300","fromID":"1348261","toID":"1348273","formEdgeID":null},{"edgeID":"1766301","fromID":"1348273","toID":"1348269","formEdgeID":null},{"edgeID":"1766302","fromID":"1348276","toID":"1348275","formEdgeID":null},{"edgeID":"1766303","fromID":"1348277","toID":"1348276","formEdgeID":null},{"edgeID":"1766304","fromID":"1348275","toID":"1348278","formEdgeID":null},{"edgeID":"1766305","fromID":"1348278","toID":"1348274","formEdgeID":null},{"edgeID":"1766306","fromID":"1348281","toID":"1348280","formEdgeID":null},{"edgeID":"1766307","fromID":"1348282","toID":"1348281","formEdgeID":null},{"edgeID":"1766308","fromID":"1348280","toID":"1348283","formEdgeID":null},{"edgeID":"1766309","fromID":"1348283","toID":"1348279","formEdgeID":null},{"edgeID":"1766310","fromID":"1348268","toID":"1348284","formEdgeID":null},{"edgeID":"1766311","fromID":"1348284","toID":"1348279","formEdgeID":null},{"edgeID":"1766312","fromID":"1348269","toID":"1348285","formEdgeID":null},{"edgeID":"1766313","fromID":"1348285","toID":"1348280","formEdgeID":null},{"edgeID":"1766314","fromID":"1348285","toID":"1348286","formEdgeID":null},{"edgeID":"1766315","fromID":"1348286","toID":"1348284","formEdgeID":null},{"edgeID":"1766316","fromID":"1348280","toID":"1348287","formEdgeID":null},{"edgeID":"1766317","fromID":"1348287","toID":"1348275","formEdgeID":null},{"edgeID":"1766318","fromID":"1348274","toID":"1348288","formEdgeID":null},{"edgeID":"1766319","fromID":"1348288","toID":"1348279","formEdgeID":null},{"edgeID":"1766320","fromID":"1348287","toID":"1348289","formEdgeID":null},{"edgeID":"1766321","fromID":"1348289","toID":"1348288","formEdgeID":null},{"edgeID":"1766322","fromID":"1348292","toID":"1348291","formEdgeID":null},{"edgeID":"1766323","fromID":"1348293","toID":"1348292","formEdgeID":null},{"edgeID":"1766324","fromID":"1348291","toID":"1348294","formEdgeID":null},{"edgeID":"1766325","fromID":"1348294","toID":"1348290","formEdgeID":null},{"edgeID":"1766326","fromID":"1348275","toID":"1348295","formEdgeID":null},{"edgeID":"1766327","fromID":"1348295","toID":"1348291","formEdgeID":null},{"edgeID":"1766328","fromID":"1348298","toID":"1348297","formEdgeID":null},{"edgeID":"1766329","fromID":"1348299","toID":"1348298","formEdgeID":null},{"edgeID":"1766330","fromID":"1348297","toID":"1348300","formEdgeID":null},{"edgeID":"1766331","fromID":"1348300","toID":"1348296","formEdgeID":null},{"edgeID":"1766332","fromID":"1348291","toID":"1348301","formEdgeID":null},{"edgeID":"1766333","fromID":"1348301","toID":"1348297","formEdgeID":null},{"edgeID":"1766334","fromID":"1348304","toID":"1348303","formEdgeID":null},{"edgeID":"1766335","fromID":"1348305","toID":"1348304","formEdgeID":null},{"edgeID":"1766336","fromID":"1348303","toID":"1348306","formEdgeID":null},{"edgeID":"1766337","fromID":"1348306","toID":"1348302","formEdgeID":null},{"edgeID":"1766338","fromID":"1348297","toID":"1348307","formEdgeID":null},{"edgeID":"1766339","fromID":"1348307","toID":"1348303","formEdgeID":null},{"edgeID":"1766340","fromID":"1348302","toID":"1348308","formEdgeID":null},{"edgeID":"1766341","fromID":"1348308","toID":"1348296","formEdgeID":null},{"edgeID":"1766342","fromID":"1348307","toID":"1348309","formEdgeID":null},{"edgeID":"1766343","fromID":"1348309","toID":"1348308","formEdgeID":null},{"edgeID":"1766344","fromID":"1348312","toID":"1348311","formEdgeID":null},{"edgeID":"1766345","fromID":"1348313","toID":"1348312","formEdgeID":null},{"edgeID":"1766346","fromID":"1348311","toID":"1348314","formEdgeID":null},{"edgeID":"1766347","fromID":"1348314","toID":"1348310","formEdgeID":null},{"edgeID":"1766348","fromID":"1348303","toID":"1348315","formEdgeID":null},{"edgeID":"1766349","fromID":"1348315","toID":"1348311","formEdgeID":null},{"edgeID":"1766350","fromID":"1348318","toID":"1348317","formEdgeID":null},{"edgeID":"1766351","fromID":"1348319","toID":"1348318","formEdgeID":null},{"edgeID":"1766352","fromID":"1348317","toID":"1348320","formEdgeID":null},{"edgeID":"1766353","fromID":"1348320","toID":"1348316","formEdgeID":null},{"edgeID":"1766354","fromID":"1348311","toID":"1348321","formEdgeID":null},{"edgeID":"1766355","fromID":"1348321","toID":"1348317","formEdgeID":null},{"edgeID":"1766356","fromID":"1348316","toID":"1348322","formEdgeID":null},{"edgeID":"1766357","fromID":"1348322","toID":"1348310","formEdgeID":null},{"edgeID":"1766358","fromID":"1348321","toID":"1348323","formEdgeID":null},{"edgeID":"1766359","fromID":"1348323","toID":"1348322","formEdgeID":null},{"edgeID":"1766360","fromID":"1348326","toID":"1348325","formEdgeID":null},{"edgeID":"1766361","fromID":"1348327","toID":"1348326","formEdgeID":null},{"edgeID":"1766362","fromID":"1348325","toID":"1348328","formEdgeID":null},{"edgeID":"1766363","fromID":"1348328","toID":"1348324","formEdgeID":null},{"edgeID":"1766364","fromID":"1348317","toID":"1348329","formEdgeID":null},{"edgeID":"1766365","fromID":"1348329","toID":"1348325","formEdgeID":null},{"edgeID":"1766366","fromID":"1348324","toID":"1348330","formEdgeID":null},{"edgeID":"1766367","fromID":"1348330","toID":"1348316","formEdgeID":null},{"edgeID":"1766368","fromID":"1348329","toID":"1348331","formEdgeID":null},{"edgeID":"1766369","fromID":"1348331","toID":"1348330","formEdgeID":null},{"edgeID":"1766370","fromID":"1348334","toID":"1348333","formEdgeID":null},{"edgeID":"1766371","fromID":"1348335","toID":"1348334","formEdgeID":null},{"edgeID":"1766372","fromID":"1348333","toID":"1348336","formEdgeID":null},{"edgeID":"1766373","fromID":"1348336","toID":"1348332","formEdgeID":null},{"edgeID":"1766374","fromID":"1348325","toID":"1348337","formEdgeID":null},{"edgeID":"1766375","fromID":"1348337","toID":"1348333","formEdgeID":null},{"edgeID":"1766376","fromID":"1348332","toID":"1348338","formEdgeID":null},{"edgeID":"1766377","fromID":"1348338","toID":"1348324","formEdgeID":null},{"edgeID":"1766378","fromID":"1348337","toID":"1348339","formEdgeID":null},{"edgeID":"1766379","fromID":"1348339","toID":"1348338","formEdgeID":null},{"edgeID":"1766380","fromID":"1348342","toID":"1348341","formEdgeID":null},{"edgeID":"1766381","fromID":"1348343","toID":"1348342","formEdgeID":null},{"edgeID":"1766382","fromID":"1348341","toID":"1348344","formEdgeID":null},{"edgeID":"1766383","fromID":"1348344","toID":"1348340","formEdgeID":null},{"edgeID":"1766384","fromID":"1348333","toID":"1348345","formEdgeID":null},{"edgeID":"1766385","fromID":"1348345","toID":"1348341","formEdgeID":null},{"edgeID":"1766386","fromID":"1348340","toID":"1348346","formEdgeID":null},{"edgeID":"1766387","fromID":"1348346","toID":"1348332","formEdgeID":null},{"edgeID":"1766388","fromID":"1348345","toID":"1348347","formEdgeID":null},{"edgeID":"1766389","fromID":"1348347","toID":"1348346","formEdgeID":null},{"edgeID":"1766390","fromID":"1348350","toID":"1348349","formEdgeID":null},{"edgeID":"1766391","fromID":"1348351","toID":"1348350","formEdgeID":null},{"edgeID":"1766392","fromID":"1348353","toID":"1348352","formEdgeID":null},{"edgeID":"1766393","fromID":"1348354","toID":"1348353","formEdgeID":null},{"edgeID":"1766394","fromID":"1348352","toID":"1348355","formEdgeID":null},{"edgeID":"1766395","fromID":"1348355","toID":"1348348","formEdgeID":null},{"edgeID":"1766396","fromID":"1348349","toID":"1348356","formEdgeID":null},{"edgeID":"1766397","fromID":"1348356","toID":"1348352","formEdgeID":null},{"edgeID":"1766398","fromID":"1348340","toID":"1348357","formEdgeID":null},{"edgeID":"1766399","fromID":"1348357","toID":"1348348","formEdgeID":null},{"edgeID":"1766400","fromID":"1348341","toID":"1348358","formEdgeID":null},{"edgeID":"1766401","fromID":"1348358","toID":"1348349","formEdgeID":null},{"edgeID":"1766402","fromID":"1348358","toID":"1348359","formEdgeID":null},{"edgeID":"1766403","fromID":"1348359","toID":"1348357","formEdgeID":null},{"edgeID":"1766404","fromID":"1348362","toID":"1348361","formEdgeID":null},{"edgeID":"1766405","fromID":"1348363","toID":"1348362","formEdgeID":null},{"edgeID":"1766406","fromID":"1348361","toID":"1348364","formEdgeID":null},{"edgeID":"1766407","fromID":"1348364","toID":"1348360","formEdgeID":null},{"edgeID":"1766408","fromID":"1348340","toID":"1348365","formEdgeID":null},{"edgeID":"1766409","fromID":"1348365","toID":"1348360","formEdgeID":null},{"edgeID":"1766410","fromID":"1348341","toID":"1348366","formEdgeID":null},{"edgeID":"1766411","fromID":"1348366","toID":"1348361","formEdgeID":null},{"edgeID":"1766412","fromID":"1348366","toID":"1348367","formEdgeID":null},{"edgeID":"1766413","fromID":"1348367","toID":"1348365","formEdgeID":null},{"edgeID":"1766414","fromID":"1348370","toID":"1348369","formEdgeID":null},{"edgeID":"1766415","fromID":"1348371","toID":"1348370","formEdgeID":null},{"edgeID":"1766416","fromID":"1348369","toID":"1348372","formEdgeID":null},{"edgeID":"1766417","fromID":"1348372","toID":"1348368","formEdgeID":null},{"edgeID":"1766418","fromID":"1348361","toID":"1348373","formEdgeID":null},{"edgeID":"1766419","fromID":"1348373","toID":"1348369","formEdgeID":null},{"edgeID":"1766420","fromID":"1348360","toID":"1348374","formEdgeID":null},{"edgeID":"1766421","fromID":"1348374","toID":"1348368","formEdgeID":null},{"edgeID":"1766422","fromID":"1348373","toID":"1348375","formEdgeID":null},{"edgeID":"1766423","fromID":"1348375","toID":"1348374","formEdgeID":null},{"edgeID":"1766424","fromID":"1348378","toID":"1348377","formEdgeID":null},{"edgeID":"1766425","fromID":"1348379","toID":"1348378","formEdgeID":null},{"edgeID":"1766426","fromID":"1348377","toID":"1348380","formEdgeID":null},{"edgeID":"1766427","fromID":"1348380","toID":"1348376","formEdgeID":null},{"edgeID":"1766428","fromID":"1348369","toID":"1348381","formEdgeID":null},{"edgeID":"1766429","fromID":"1348381","toID":"1348377","formEdgeID":null},{"edgeID":"1766430","fromID":"1348376","toID":"1348382","formEdgeID":null},{"edgeID":"1766431","fromID":"1348382","toID":"1348368","formEdgeID":null},{"edgeID":"1766432","fromID":"1348381","toID":"1348383","formEdgeID":null},{"edgeID":"1766433","fromID":"1348383","toID":"1348382","formEdgeID":null}],"locutions":[]}