{"nodes":[{"nodeID":"1332209","text":"the audience talked about cladding and wanting help with cladding","type":"I","timestamp":"2023-11-09 13:40:40"},{"nodeID":"1332210","text":"Fiona Bruce: You talked about cladding and wanting help with cladding","type":"L","timestamp":"2023-11-09 13:40:40"},{"nodeID":"1332211","text":"Analysing","type":"YA","timestamp":"2023-11-09 13:40:40"},{"nodeID":"1332212","text":"Rebecca: Fiona Bruce: You talked about cladding and wanting help with cladding","type":"L","timestamp":"2023-11-09 13:40:40"},{"nodeID":"1332213","text":"Asserting","type":"YA","timestamp":"2023-11-09 13:40:40"},{"nodeID":"1332214","text":"cladding has been an issue which has been going on for some considerable time","type":"I","timestamp":"2023-11-09 13:40:40"},{"nodeID":"1332215","text":"Fiona Bruce: which has been an issue which has been going on for some considerable time","type":"L","timestamp":"2023-11-09 13:40:40"},{"nodeID":"1332216","text":"Analysing","type":"YA","timestamp":"2023-11-09 13:40:40"},{"nodeID":"1332217","text":"Rebecca: Fiona Bruce: which has been an issue which has been going on for some considerable time","type":"L","timestamp":"2023-11-09 13:40:40"},{"nodeID":"1332218","text":"Asserting","type":"YA","timestamp":"2023-11-09 13:40:40"},{"nodeID":"1332219","text":"Default Transition","type":"TA","timestamp":"2023-11-09 13:40:40"},{"nodeID":"1332220","text":"Default Rephrase","type":"MA","timestamp":"2023-11-09 13:40:40"},{"nodeID":"1332221","text":"Restating","type":"YA","timestamp":"2023-11-09 13:40:40"},{"nodeID":"1332222","text":"you're going to be paying more in other costs as well","type":"I","timestamp":"2023-11-09 13:40:41"},{"nodeID":"1332223","text":"Fiona Bruce: you're going to be paying more in other costs as well","type":"L","timestamp":"2023-11-09 13:40:41"},{"nodeID":"1332224","text":"Analysing","type":"YA","timestamp":"2023-11-09 13:40:41"},{"nodeID":"1332225","text":"Rebecca: Fiona Bruce: you're going to be paying more in other costs as well","type":"L","timestamp":"2023-11-09 13:40:41"},{"nodeID":"1332226","text":"Asserting","type":"YA","timestamp":"2023-11-09 13:40:41"},{"nodeID":"1332227","text":"you're saving money in energy","type":"I","timestamp":"2023-11-09 13:40:42"},{"nodeID":"1332228","text":"Fiona Bruce: any money you're saving in energy","type":"L","timestamp":"2023-11-09 13:40:42"},{"nodeID":"1332229","text":"Analysing","type":"YA","timestamp":"2023-11-09 13:40:42"},{"nodeID":"1332230","text":"Rebecca: Fiona Bruce: any money you're saving in energy","type":"L","timestamp":"2023-11-09 13:40:42"},{"nodeID":"1332231","text":"Asserting","type":"YA","timestamp":"2023-11-09 13:40:42"},{"nodeID":"1332232","text":"Default Transition","type":"TA","timestamp":"2023-11-09 13:40:42"},{"nodeID":"1332233","text":"Default Transition","type":"TA","timestamp":"2023-11-09 13:40:42"},{"nodeID":"1332234","text":"Default Conflict","type":"CA","timestamp":"2023-11-09 13:40:42"},{"nodeID":"1332235","text":"Disagreeing","type":"YA","timestamp":"2023-11-09 13:40:42"},{"nodeID":"1332236","text":"the audience was talking about heat exchange pumps, solar panels","type":"I","timestamp":"2023-11-09 13:40:42"},{"nodeID":"1332237","text":"Fiona Bruce:  you were talking about, you know, heat exchange pumps, solar panels","type":"L","timestamp":"2023-11-09 13:40:42"},{"nodeID":"1332238","text":"Analysing","type":"YA","timestamp":"2023-11-09 13:40:42"},{"nodeID":"1332239","text":"Rebecca: Fiona Bruce:  you were talking about, you know, heat exchange pumps, solar panels","type":"L","timestamp":"2023-11-09 13:40:42"},{"nodeID":"1332240","text":"Asserting","type":"YA","timestamp":"2023-11-09 13:40:42"},{"nodeID":"1332241","text":"Default Transition","type":"TA","timestamp":"2023-11-09 13:40:42"},{"nodeID":"1332242","text":"heat exchanging pumps and solar panels could be something that's put into the cost of the house at the beginning","type":"I","timestamp":"2023-11-09 13:40:43"},{"nodeID":"1332243","text":"Fiona Bruce: could that not be something that's put into the cost of the house at the beginning","type":"L","timestamp":"2023-11-09 13:40:43"},{"nodeID":"1332244","text":"Analysing","type":"YA","timestamp":"2023-11-09 13:40:43"},{"nodeID":"1332245","text":"Rebecca: Fiona Bruce: could that not be something that's put into the cost of the house at the beginning","type":"L","timestamp":"2023-11-09 13:40:43"},{"nodeID":"1332246","text":"Assertive Questioning","type":"YA","timestamp":"2023-11-09 13:40:43"},{"nodeID":"1332247","text":"Default Transition","type":"TA","timestamp":"2023-11-09 13:40:43"},{"nodeID":"1332248","text":"Paul Scully is 2 weeks in to the job as minister for building safety","type":"I","timestamp":"2023-11-09 13:40:43"},{"nodeID":"1332249","text":"Paul Scully: I'm 2 weeks in","type":"L","timestamp":"2023-11-09 13:40:43"},{"nodeID":"1332250","text":"Analysing","type":"YA","timestamp":"2023-11-09 13:40:43"},{"nodeID":"1332251","text":"Rebecca: Paul Scully: I'm 2 weeks in","type":"L","timestamp":"2023-11-09 13:40:43"},{"nodeID":"1332252","text":"Asserting","type":"YA","timestamp":"2023-11-09 13:40:43"},{"nodeID":"1332253","text":"Paul Scully is glad the audience asked about the cladding","type":"I","timestamp":"2023-11-09 13:40:44"},{"nodeID":"1332254","text":"Paul Scully: I'm glad you asked about the cladding","type":"L","timestamp":"2023-11-09 13:40:44"},{"nodeID":"1332255","text":"Analysing","type":"YA","timestamp":"2023-11-09 13:40:44"},{"nodeID":"1332256","text":"Rebecca: Paul Scully: I'm glad you asked about the cladding","type":"L","timestamp":"2023-11-09 13:40:44"},{"nodeID":"1332257","text":"Asserting","type":"YA","timestamp":"2023-11-09 13:40:44"},{"nodeID":"1332258","text":"Default Transition","type":"TA","timestamp":"2023-11-09 13:40:44"},{"nodeID":"1332259","text":"Default Transition","type":"TA","timestamp":"2023-11-09 13:40:44"},{"nodeID":"1332260","text":"Default Inference","type":"RA","timestamp":"2023-11-09 13:40:44"},{"nodeID":"1332261","text":"Arguing","type":"YA","timestamp":"2023-11-09 13:40:44"},{"nodeID":"1332262","text":"Paul Scully is 2 weeks into the job as minister for building safety so it is something he is learning in how the government deals with what has happened over the last few months","type":"I","timestamp":"2023-11-09 13:40:45"},{"nodeID":"1332263","text":"Paul Scully: I'm 2 weeks into the job as minister for building safety so it is something I'm learning in how we deal with what has happened over the last few months","type":"L","timestamp":"2023-11-09 13:40:45"},{"nodeID":"1332264","text":"Analysing","type":"YA","timestamp":"2023-11-09 13:40:45"},{"nodeID":"1332265","text":"Rebecca: Paul Scully: I'm 2 weeks into the job as minister for building safety so it is something I'm learning in how we deal with what has happened over the last few months","type":"L","timestamp":"2023-11-09 13:40:45"},{"nodeID":"1332266","text":"Asserting","type":"YA","timestamp":"2023-11-09 13:40:45"},{"nodeID":"1332267","text":"Default Transition","type":"TA","timestamp":"2023-11-09 13:40:45"},{"nodeID":"1332268","text":"Default Inference","type":"RA","timestamp":"2023-11-09 13:40:45"},{"nodeID":"1332269","text":"Arguing","type":"YA","timestamp":"2023-11-09 13:40:45"},{"nodeID":"1332270","text":"Paul Scully is learning about the work the government has done around the Building Safety Act","type":"I","timestamp":"2023-11-09 13:40:45"},{"nodeID":"1332271","text":"Paul Scully: the work we've done around the Building Safety Act","type":"L","timestamp":"2023-11-09 13:40:45"},{"nodeID":"1332272","text":"Analysing","type":"YA","timestamp":"2023-11-09 13:40:45"},{"nodeID":"1332273","text":"Rebecca: Paul Scully: the work we've done around the Building Safety Act","type":"L","timestamp":"2023-11-09 13:40:45"},{"nodeID":"1332274","text":"Asserting","type":"YA","timestamp":"2023-11-09 13:40:45"},{"nodeID":"1332275","text":"Default Transition","type":"TA","timestamp":"2023-11-09 13:40:45"},{"nodeID":"1332276","text":"Default Rephrase","type":"MA","timestamp":"2023-11-09 13:40:45"},{"nodeID":"1332277","text":"Restating","type":"YA","timestamp":"2023-11-09 13:40:45"},{"nodeID":"1332278","text":"one thing is looking at this insurance","type":"I","timestamp":"2023-11-09 13:40:46"},{"nodeID":"1332279","text":"Paul Scully: one is looking at this insurance","type":"L","timestamp":"2023-11-09 13:40:46"},{"nodeID":"1332280","text":"Analysing","type":"YA","timestamp":"2023-11-09 13:40:46"},{"nodeID":"1332281","text":"Rebecca: Paul Scully: one is looking at this insurance","type":"L","timestamp":"2023-11-09 13:40:46"},{"nodeID":"1332282","text":"Asserting","type":"YA","timestamp":"2023-11-09 13:40:46"},{"nodeID":"1332283","text":"Default Transition","type":"TA","timestamp":"2023-11-09 13:40:46"},{"nodeID":"1332284","text":"Default Rephrase","type":"MA","timestamp":"2023-11-09 13:40:46"},{"nodeID":"1332285","text":"Restating","type":"YA","timestamp":"2023-11-09 13:40:46"},{"nodeID":"1332286","text":"the FCA, the Financial Conduct Authority, has just this week released a report where they have been looking at this insurance","type":"I","timestamp":"2023-11-09 13:40:46"},{"nodeID":"1332287","text":"Paul Scully: the FCA, the Financial Conduct Authority, has just this week released a report where they have been looking at this","type":"L","timestamp":"2023-11-09 13:40:46"},{"nodeID":"1332288","text":"Analysing","type":"YA","timestamp":"2023-11-09 13:40:46"},{"nodeID":"1332289","text":"Rebecca: Paul Scully: the FCA, the Financial Conduct Authority, has just this week released a report where they have been looking at this","type":"L","timestamp":"2023-11-09 13:40:46"},{"nodeID":"1332290","text":"Asserting","type":"YA","timestamp":"2023-11-09 13:40:46"},{"nodeID":"1332291","text":"Default Transition","type":"TA","timestamp":"2023-11-09 13:40:46"},{"nodeID":"1332292","text":"Default Rephrase","type":"MA","timestamp":"2023-11-09 13:40:46"},{"nodeID":"1332293","text":"Restating","type":"YA","timestamp":"2023-11-09 13:40:46"},{"nodeID":"1332294","text":"the FCA have exposed some really, really terrible practice","type":"I","timestamp":"2023-11-09 13:40:47"},{"nodeID":"1332295","text":"Paul Scully: they have exposed some really, really terrible practice","type":"L","timestamp":"2023-11-09 13:40:47"},{"nodeID":"1332296","text":"Analysing","type":"YA","timestamp":"2023-11-09 13:40:47"},{"nodeID":"1332297","text":"Rebecca: Paul Scully: they have exposed some really, really terrible practice","type":"L","timestamp":"2023-11-09 13:40:47"},{"nodeID":"1332298","text":"Asserting","type":"YA","timestamp":"2023-11-09 13:40:47"},{"nodeID":"1332299","text":"Default Transition","type":"TA","timestamp":"2023-11-09 13:40:47"},{"nodeID":"1332300","text":"Default Inference","type":"RA","timestamp":"2023-11-09 13:40:47"},{"nodeID":"1332301","text":"Arguing","type":"YA","timestamp":"2023-11-09 13:40:47"},{"nodeID":"1332302","text":"agents are demanding commissions, kick-backs from the insurance companies before they actually place their insurance with them","type":"I","timestamp":"2023-11-09 13:40:48"},{"nodeID":"1332303","text":"Paul Scully: agents are demanding commissions, kick-backs from the insurance companies before they actually place their insurance with them","type":"L","timestamp":"2023-11-09 13:40:48"},{"nodeID":"1332304","text":"Analysing","type":"YA","timestamp":"2023-11-09 13:40:48"},{"nodeID":"1332305","text":"Rebecca: Paul Scully: agents are demanding commissions, kick-backs from the insurance companies before they actually place their insurance with them","type":"L","timestamp":"2023-11-09 13:40:48"},{"nodeID":"1332306","text":"Asserting","type":"YA","timestamp":"2023-11-09 13:40:48"},{"nodeID":"1332307","text":"Default Transition","type":"TA","timestamp":"2023-11-09 13:40:48"},{"nodeID":"1332308","text":"these kind of things actually just ratchet up the insurance","type":"I","timestamp":"2023-11-09 13:40:48"},{"nodeID":"1332309","text":"Paul Scully: these kind of things which actually then just ratchets up the insurance","type":"L","timestamp":"2023-11-09 13:40:48"},{"nodeID":"1332310","text":"Analysing","type":"YA","timestamp":"2023-11-09 13:40:48"},{"nodeID":"1332311","text":"Rebecca: Paul Scully: these kind of things which actually then just ratchets up the insurance","type":"L","timestamp":"2023-11-09 13:40:48"},{"nodeID":"1332312","text":"Asserting","type":"YA","timestamp":"2023-11-09 13:40:48"},{"nodeID":"1332313","text":"Default Transition","type":"TA","timestamp":"2023-11-09 13:40:48"},{"nodeID":"1332314","text":"Default Inference","type":"RA","timestamp":"2023-11-09 13:40:48"},{"nodeID":"1332315","text":"Arguing","type":"YA","timestamp":"2023-11-09 13:40:48"},{"nodeID":"1332316","text":"Paul Scully would be responding to the agent's requests ASAP","type":"I","timestamp":"2023-11-09 13:40:49"},{"nodeID":"1332317","text":"Paul Scully:  I would be responding to that ASAP","type":"L","timestamp":"2023-11-09 13:40:49"},{"nodeID":"1332318","text":"Analysing","type":"YA","timestamp":"2023-11-09 13:40:49"},{"nodeID":"1332319","text":"Rebecca: Paul Scully:  I would be responding to that ASAP","type":"L","timestamp":"2023-11-09 13:40:49"},{"nodeID":"1332320","text":"Asserting","type":"YA","timestamp":"2023-11-09 13:40:49"},{"nodeID":"1332321","text":"Default Transition","type":"TA","timestamp":"2023-11-09 13:40:49"},{"nodeID":"1332322","text":"the requests are outrageous","type":"I","timestamp":"2023-11-09 13:40:49"},{"nodeID":"1332323","text":"Paul Scully: that's outrageous","type":"L","timestamp":"2023-11-09 13:40:49"},{"nodeID":"1332324","text":"Analysing","type":"YA","timestamp":"2023-11-09 13:40:49"},{"nodeID":"1332325","text":"Rebecca: Paul Scully: that's outrageous","type":"L","timestamp":"2023-11-09 13:40:49"},{"nodeID":"1332326","text":"Asserting","type":"YA","timestamp":"2023-11-09 13:40:49"},{"nodeID":"1332327","text":"Default Transition","type":"TA","timestamp":"2023-11-09 13:40:49"},{"nodeID":"1332328","text":"Default Inference","type":"RA","timestamp":"2023-11-09 13:40:49"},{"nodeID":"1332329","text":"Arguing","type":"YA","timestamp":"2023-11-09 13:40:49"}],"edges":[{"edgeID":"1747114","fromID":"1332211","toID":"1332210","formEdgeID":null},{"edgeID":"1747115","fromID":"1332212","toID":"1332211","formEdgeID":null},{"edgeID":"1747116","fromID":"1332210","toID":"1332213","formEdgeID":null},{"edgeID":"1747117","fromID":"1332213","toID":"1332209","formEdgeID":null},{"edgeID":"1747118","fromID":"1332216","toID":"1332215","formEdgeID":null},{"edgeID":"1747119","fromID":"1332217","toID":"1332216","formEdgeID":null},{"edgeID":"1747120","fromID":"1332215","toID":"1332218","formEdgeID":null},{"edgeID":"1747121","fromID":"1332218","toID":"1332214","formEdgeID":null},{"edgeID":"1747122","fromID":"1332210","toID":"1332219","formEdgeID":null},{"edgeID":"1747123","fromID":"1332219","toID":"1332215","formEdgeID":null},{"edgeID":"1747124","fromID":"1332214","toID":"1332220","formEdgeID":null},{"edgeID":"1747125","fromID":"1332220","toID":"1332209","formEdgeID":null},{"edgeID":"1747126","fromID":"1332219","toID":"1332221","formEdgeID":null},{"edgeID":"1747127","fromID":"1332221","toID":"1332220","formEdgeID":null},{"edgeID":"1747128","fromID":"1332224","toID":"1332223","formEdgeID":null},{"edgeID":"1747129","fromID":"1332225","toID":"1332224","formEdgeID":null},{"edgeID":"1747130","fromID":"1332223","toID":"1332226","formEdgeID":null},{"edgeID":"1747131","fromID":"1332226","toID":"1332222","formEdgeID":null},{"edgeID":"1747132","fromID":"1332229","toID":"1332228","formEdgeID":null},{"edgeID":"1747133","fromID":"1332230","toID":"1332229","formEdgeID":null},{"edgeID":"1747134","fromID":"1332228","toID":"1332231","formEdgeID":null},{"edgeID":"1747135","fromID":"1332231","toID":"1332227","formEdgeID":null},{"edgeID":"1747136","fromID":"1332215","toID":"1332232","formEdgeID":null},{"edgeID":"1747137","fromID":"1332232","toID":"1332228","formEdgeID":null},{"edgeID":"1747138","fromID":"1332228","toID":"1332233","formEdgeID":null},{"edgeID":"1747139","fromID":"1332233","toID":"1332223","formEdgeID":null},{"edgeID":"1747140","fromID":"1332222","toID":"1332234","formEdgeID":null},{"edgeID":"1747141","fromID":"1332234","toID":"1332227","formEdgeID":null},{"edgeID":"1747142","fromID":"1332233","toID":"1332235","formEdgeID":null},{"edgeID":"1747143","fromID":"1332235","toID":"1332234","formEdgeID":null},{"edgeID":"1747144","fromID":"1332238","toID":"1332237","formEdgeID":null},{"edgeID":"1747145","fromID":"1332239","toID":"1332238","formEdgeID":null},{"edgeID":"1747146","fromID":"1332237","toID":"1332240","formEdgeID":null},{"edgeID":"1747147","fromID":"1332240","toID":"1332236","formEdgeID":null},{"edgeID":"1747148","fromID":"1332223","toID":"1332241","formEdgeID":null},{"edgeID":"1747149","fromID":"1332241","toID":"1332237","formEdgeID":null},{"edgeID":"1747150","fromID":"1332244","toID":"1332243","formEdgeID":null},{"edgeID":"1747151","fromID":"1332245","toID":"1332244","formEdgeID":null},{"edgeID":"1747152","fromID":"1332243","toID":"1332246","formEdgeID":null},{"edgeID":"1747153","fromID":"1332246","toID":"1332242","formEdgeID":null},{"edgeID":"1747154","fromID":"1332237","toID":"1332247","formEdgeID":null},{"edgeID":"1747155","fromID":"1332247","toID":"1332243","formEdgeID":null},{"edgeID":"1747156","fromID":"1332250","toID":"1332249","formEdgeID":null},{"edgeID":"1747157","fromID":"1332251","toID":"1332250","formEdgeID":null},{"edgeID":"1747158","fromID":"1332249","toID":"1332252","formEdgeID":null},{"edgeID":"1747159","fromID":"1332252","toID":"1332248","formEdgeID":null},{"edgeID":"1747160","fromID":"1332255","toID":"1332254","formEdgeID":null},{"edgeID":"1747161","fromID":"1332256","toID":"1332255","formEdgeID":null},{"edgeID":"1747162","fromID":"1332254","toID":"1332257","formEdgeID":null},{"edgeID":"1747163","fromID":"1332257","toID":"1332253","formEdgeID":null},{"edgeID":"1747164","fromID":"1332243","toID":"1332258","formEdgeID":null},{"edgeID":"1747165","fromID":"1332258","toID":"1332254","formEdgeID":null},{"edgeID":"1747166","fromID":"1332254","toID":"1332259","formEdgeID":null},{"edgeID":"1747167","fromID":"1332259","toID":"1332249","formEdgeID":null},{"edgeID":"1747168","fromID":"1332248","toID":"1332260","formEdgeID":null},{"edgeID":"1747169","fromID":"1332260","toID":"1332253","formEdgeID":null},{"edgeID":"1747170","fromID":"1332259","toID":"1332261","formEdgeID":null},{"edgeID":"1747171","fromID":"1332261","toID":"1332260","formEdgeID":null},{"edgeID":"1747172","fromID":"1332264","toID":"1332263","formEdgeID":null},{"edgeID":"1747173","fromID":"1332265","toID":"1332264","formEdgeID":null},{"edgeID":"1747174","fromID":"1332263","toID":"1332266","formEdgeID":null},{"edgeID":"1747175","fromID":"1332266","toID":"1332262","formEdgeID":null},{"edgeID":"1747176","fromID":"1332249","toID":"1332267","formEdgeID":null},{"edgeID":"1747177","fromID":"1332267","toID":"1332263","formEdgeID":null},{"edgeID":"1747178","fromID":"1332248","toID":"1332268","formEdgeID":null},{"edgeID":"1747179","fromID":"1332268","toID":"1332262","formEdgeID":null},{"edgeID":"1747180","fromID":"1332267","toID":"1332269","formEdgeID":null},{"edgeID":"1747181","fromID":"1332269","toID":"1332268","formEdgeID":null},{"edgeID":"1747182","fromID":"1332272","toID":"1332271","formEdgeID":null},{"edgeID":"1747183","fromID":"1332273","toID":"1332272","formEdgeID":null},{"edgeID":"1747184","fromID":"1332271","toID":"1332274","formEdgeID":null},{"edgeID":"1747185","fromID":"1332274","toID":"1332270","formEdgeID":null},{"edgeID":"1747186","fromID":"1332263","toID":"1332275","formEdgeID":null},{"edgeID":"1747187","fromID":"1332275","toID":"1332271","formEdgeID":null},{"edgeID":"1747188","fromID":"1332270","toID":"1332276","formEdgeID":null},{"edgeID":"1747189","fromID":"1332276","toID":"1332262","formEdgeID":null},{"edgeID":"1747190","fromID":"1332275","toID":"1332277","formEdgeID":null},{"edgeID":"1747191","fromID":"1332277","toID":"1332276","formEdgeID":null},{"edgeID":"1747192","fromID":"1332280","toID":"1332279","formEdgeID":null},{"edgeID":"1747193","fromID":"1332281","toID":"1332280","formEdgeID":null},{"edgeID":"1747194","fromID":"1332279","toID":"1332282","formEdgeID":null},{"edgeID":"1747195","fromID":"1332282","toID":"1332278","formEdgeID":null},{"edgeID":"1747196","fromID":"1332271","toID":"1332283","formEdgeID":null},{"edgeID":"1747197","fromID":"1332283","toID":"1332279","formEdgeID":null},{"edgeID":"1747198","fromID":"1332278","toID":"1332284","formEdgeID":null},{"edgeID":"1747199","fromID":"1332284","toID":"1332270","formEdgeID":null},{"edgeID":"1747200","fromID":"1332283","toID":"1332285","formEdgeID":null},{"edgeID":"1747201","fromID":"1332285","toID":"1332284","formEdgeID":null},{"edgeID":"1747202","fromID":"1332288","toID":"1332287","formEdgeID":null},{"edgeID":"1747203","fromID":"1332289","toID":"1332288","formEdgeID":null},{"edgeID":"1747204","fromID":"1332287","toID":"1332290","formEdgeID":null},{"edgeID":"1747205","fromID":"1332290","toID":"1332286","formEdgeID":null},{"edgeID":"1747206","fromID":"1332279","toID":"1332291","formEdgeID":null},{"edgeID":"1747207","fromID":"1332291","toID":"1332287","formEdgeID":null},{"edgeID":"1747208","fromID":"1332286","toID":"1332292","formEdgeID":null},{"edgeID":"1747209","fromID":"1332292","toID":"1332278","formEdgeID":null},{"edgeID":"1747210","fromID":"1332291","toID":"1332293","formEdgeID":null},{"edgeID":"1747211","fromID":"1332293","toID":"1332292","formEdgeID":null},{"edgeID":"1747212","fromID":"1332296","toID":"1332295","formEdgeID":null},{"edgeID":"1747213","fromID":"1332297","toID":"1332296","formEdgeID":null},{"edgeID":"1747214","fromID":"1332295","toID":"1332298","formEdgeID":null},{"edgeID":"1747215","fromID":"1332298","toID":"1332294","formEdgeID":null},{"edgeID":"1747216","fromID":"1332287","toID":"1332299","formEdgeID":null},{"edgeID":"1747217","fromID":"1332299","toID":"1332295","formEdgeID":null},{"edgeID":"1747218","fromID":"1332286","toID":"1332300","formEdgeID":null},{"edgeID":"1747219","fromID":"1332300","toID":"1332294","formEdgeID":null},{"edgeID":"1747220","fromID":"1332299","toID":"1332301","formEdgeID":null},{"edgeID":"1747221","fromID":"1332301","toID":"1332300","formEdgeID":null},{"edgeID":"1747222","fromID":"1332304","toID":"1332303","formEdgeID":null},{"edgeID":"1747223","fromID":"1332305","toID":"1332304","formEdgeID":null},{"edgeID":"1747224","fromID":"1332303","toID":"1332306","formEdgeID":null},{"edgeID":"1747225","fromID":"1332306","toID":"1332302","formEdgeID":null},{"edgeID":"1747226","fromID":"1332295","toID":"1332307","formEdgeID":null},{"edgeID":"1747227","fromID":"1332307","toID":"1332303","formEdgeID":null},{"edgeID":"1747228","fromID":"1332310","toID":"1332309","formEdgeID":null},{"edgeID":"1747229","fromID":"1332311","toID":"1332310","formEdgeID":null},{"edgeID":"1747230","fromID":"1332309","toID":"1332312","formEdgeID":null},{"edgeID":"1747231","fromID":"1332312","toID":"1332308","formEdgeID":null},{"edgeID":"1747232","fromID":"1332303","toID":"1332313","formEdgeID":null},{"edgeID":"1747233","fromID":"1332313","toID":"1332309","formEdgeID":null},{"edgeID":"1747234","fromID":"1332302","toID":"1332314","formEdgeID":null},{"edgeID":"1747235","fromID":"1332314","toID":"1332308","formEdgeID":null},{"edgeID":"1747236","fromID":"1332313","toID":"1332315","formEdgeID":null},{"edgeID":"1747237","fromID":"1332315","toID":"1332314","formEdgeID":null},{"edgeID":"1747238","fromID":"1332318","toID":"1332317","formEdgeID":null},{"edgeID":"1747239","fromID":"1332319","toID":"1332318","formEdgeID":null},{"edgeID":"1747240","fromID":"1332317","toID":"1332320","formEdgeID":null},{"edgeID":"1747241","fromID":"1332320","toID":"1332316","formEdgeID":null},{"edgeID":"1747242","fromID":"1332309","toID":"1332321","formEdgeID":null},{"edgeID":"1747243","fromID":"1332321","toID":"1332317","formEdgeID":null},{"edgeID":"1747244","fromID":"1332324","toID":"1332323","formEdgeID":null},{"edgeID":"1747245","fromID":"1332325","toID":"1332324","formEdgeID":null},{"edgeID":"1747246","fromID":"1332323","toID":"1332326","formEdgeID":null},{"edgeID":"1747247","fromID":"1332326","toID":"1332322","formEdgeID":null},{"edgeID":"1747248","fromID":"1332317","toID":"1332327","formEdgeID":null},{"edgeID":"1747249","fromID":"1332327","toID":"1332323","formEdgeID":null},{"edgeID":"1747250","fromID":"1332322","toID":"1332328","formEdgeID":null},{"edgeID":"1747251","fromID":"1332328","toID":"1332316","formEdgeID":null},{"edgeID":"1747252","fromID":"1332327","toID":"1332329","formEdgeID":null},{"edgeID":"1747253","fromID":"1332329","toID":"1332328","formEdgeID":null}],"locutions":[]}