{"nodes":[{"nodeID":"1332814","text":"Paul Scully can't go on AudienceMember 20221006QT67 individual circumstances, but he would like to help","type":"I","timestamp":"2023-11-09 13:41:30"},{"nodeID":"1332815","text":"Analysing","type":"YA","timestamp":"2023-11-09 13:41:30"},{"nodeID":"1332816","text":"Anon: Paul Scully: I can't go on her individual circumstances, but I would like to help","type":"L","timestamp":"2023-11-09 13:41:30"},{"nodeID":"1332817","text":"Paul Scully: I can't go on her individual circumstances, but I would like to help","type":"L","timestamp":"2023-11-09 13:41:30"},{"nodeID":"1332818","text":"Asserting","type":"YA","timestamp":"2023-11-09 13:41:30"},{"nodeID":"1332819","text":"AudienceMember 20221006QT67's response is xxx","type":"I","timestamp":"2023-11-09 13:41:30"},{"nodeID":"1332820","text":"Anon: Fiona Bruce: Rabia, what's your response","type":"L","timestamp":"2023-11-09 13:41:30"},{"nodeID":"1332821","text":"Fiona Bruce: Rabia, what's your response","type":"L","timestamp":"2023-11-09 13:41:30"},{"nodeID":"1332822","text":"Analysing","type":"YA","timestamp":"2023-11-09 13:41:30"},{"nodeID":"1332823","text":"Pure Questioning","type":"YA","timestamp":"2023-11-09 13:41:30"},{"nodeID":"1332824","text":"Default Transition","type":"TA","timestamp":"2023-11-09 13:41:30"},{"nodeID":"1332825","text":"AudienceMember 20221006QT68 was given four different offers","type":"I","timestamp":"2023-11-09 13:41:31"},{"nodeID":"1332826","text":"Anon: AudienceMember 20221006QT68:  I was given four different offers","type":"L","timestamp":"2023-11-09 13:41:31"},{"nodeID":"1332827","text":"Analysing","type":"YA","timestamp":"2023-11-09 13:41:31"},{"nodeID":"1332828","text":"AudienceMember 20221006QT68:  I was given four different offers","type":"L","timestamp":"2023-11-09 13:41:31"},{"nodeID":"1332829","text":"Asserting","type":"YA","timestamp":"2023-11-09 13:41:31"},{"nodeID":"1332830","text":"Default Transition","type":"TA","timestamp":"2023-11-09 13:41:31"},{"nodeID":"1332831","text":"none of the offers given to AudienceMember 20221006QT68 are now available","type":"I","timestamp":"2023-11-09 13:41:31"},{"nodeID":"1332832","text":"Analysing","type":"YA","timestamp":"2023-11-09 13:41:31"},{"nodeID":"1332833","text":"Anon: AudienceMember 20221006QT68: None of them are now available","type":"L","timestamp":"2023-11-09 13:41:31"},{"nodeID":"1332834","text":"AudienceMember 20221006QT68: None of them are now available","type":"L","timestamp":"2023-11-09 13:41:31"},{"nodeID":"1332835","text":"Asserting","type":"YA","timestamp":"2023-11-09 13:41:31"},{"nodeID":"1332836","text":"Default Transition","type":"TA","timestamp":"2023-11-09 13:41:31"},{"nodeID":"1332837","text":"Default Conflict","type":"CA","timestamp":"2023-11-09 13:41:31"},{"nodeID":"1332838","text":"Disagreeing","type":"YA","timestamp":"2023-11-09 13:41:31"},{"nodeID":"1332839","text":"AudienceMember 20221006QT68 does or does not think this mini-budget has had a big impact on her life","type":"I","timestamp":"2023-11-09 13:41:32"},{"nodeID":"1332840","text":"Richard Bacon: Do you think this mini-budget has had a big impact on your life","type":"L","timestamp":"2023-11-09 13:41:32"},{"nodeID":"1332841","text":"Analysing","type":"YA","timestamp":"2023-11-09 13:41:32"},{"nodeID":"1332842","text":"Anon: Richard Bacon: Do you think this mini-budget has had a big impact on your life","type":"L","timestamp":"2023-11-09 13:41:32"},{"nodeID":"1332843","text":"Pure Questioning","type":"YA","timestamp":"2023-11-09 13:41:32"},{"nodeID":"1332844","text":"Default Transition","type":"TA","timestamp":"2023-11-09 13:41:32"},{"nodeID":"1332845","text":"Default Rephrase","type":"MA","timestamp":"2023-11-09 13:41:32"},{"nodeID":"1332846","text":"Default Illocuting","type":"YA","timestamp":"2023-11-09 13:41:32"},{"nodeID":"1332847","text":"AudienceMember 20221006QT69 is someone trying to get a house","type":"I","timestamp":"2023-11-09 13:41:33"},{"nodeID":"1332848","text":"AudienceMember 20221006QT69: As someone trying to get a house","type":"L","timestamp":"2023-11-09 13:41:33"},{"nodeID":"1332849","text":"Analysing","type":"YA","timestamp":"2023-11-09 13:41:33"},{"nodeID":"1332850","text":"Anon: AudienceMember 20221006QT69: As someone trying to get a house","type":"L","timestamp":"2023-11-09 13:41:33"},{"nodeID":"1332851","text":"Asserting","type":"YA","timestamp":"2023-11-09 13:41:33"},{"nodeID":"1332852","text":"the mini-budget has had an impact on AudienceMember 20221006QT69's life","type":"I","timestamp":"2023-11-09 13:41:33"},{"nodeID":"1332853","text":"AudienceMember 20221006QT69: yes","type":"L","timestamp":"2023-11-09 13:41:33"},{"nodeID":"1332854","text":"Analysing","type":"YA","timestamp":"2023-11-09 13:41:33"},{"nodeID":"1332855","text":"Anon: AudienceMember 20221006QT69: yes","type":"L","timestamp":"2023-11-09 13:41:33"},{"nodeID":"1332856","text":"Asserting","type":"YA","timestamp":"2023-11-09 13:41:33"},{"nodeID":"1332857","text":"Default Transition","type":"TA","timestamp":"2023-11-09 13:41:33"},{"nodeID":"1332858","text":"Default Inference","type":"RA","timestamp":"2023-11-09 13:41:33"},{"nodeID":"1332859","text":"Arguing","type":"YA","timestamp":"2023-11-09 13:41:33"},{"nodeID":"1332860","text":"Default Rephrase","type":"MA","timestamp":"2023-11-09 13:41:33"},{"nodeID":"1332861","text":"Default Transition","type":"TA","timestamp":"2023-11-09 13:41:33"},{"nodeID":"1332862","text":"Default Illocuting","type":"YA","timestamp":"2023-11-09 13:41:33"},{"nodeID":"1332863","text":"there is a real paradox here","type":"I","timestamp":"2023-11-09 13:41:34"},{"nodeID":"1332864","text":"Anne McElvoy: There is a real paradox here","type":"L","timestamp":"2023-11-09 13:41:34"},{"nodeID":"1332865","text":"Anon: Anne McElvoy: There is a real paradox here","type":"L","timestamp":"2023-11-09 13:41:34"},{"nodeID":"1332866","text":"Analysing","type":"YA","timestamp":"2023-11-09 13:41:34"},{"nodeID":"1332867","text":"Asserting","type":"YA","timestamp":"2023-11-09 13:41:34"},{"nodeID":"1332868","text":"one of the things that Paul Scully could have been arguing on the panel is a cut in stamp duty","type":"I","timestamp":"2023-11-09 13:41:34"},{"nodeID":"1332869","text":"Anne McElvoy: One of the things that you could have been arguing on the panel is a cut in stamp duty","type":"L","timestamp":"2023-11-09 13:41:34"},{"nodeID":"1332870","text":"Analysing","type":"YA","timestamp":"2023-11-09 13:41:34"},{"nodeID":"1332871","text":"Anon: Anne McElvoy: One of the things that you could have been arguing on the panel is a cut in stamp duty","type":"L","timestamp":"2023-11-09 13:41:34"},{"nodeID":"1332872","text":"Asserting","type":"YA","timestamp":"2023-11-09 13:41:34"},{"nodeID":"1332873","text":"Default Transition","type":"TA","timestamp":"2023-11-09 13:41:34"},{"nodeID":"1332874","text":"the Government did want to help","type":"I","timestamp":"2023-11-09 13:41:35"},{"nodeID":"1332875","text":"Anon: Anne McElvoy: The Government did want to help","type":"L","timestamp":"2023-11-09 13:41:35"},{"nodeID":"1332876","text":"Analysing","type":"YA","timestamp":"2023-11-09 13:41:35"},{"nodeID":"1332877","text":"Anne McElvoy: The Government did want to help","type":"L","timestamp":"2023-11-09 13:41:35"},{"nodeID":"1332878","text":"Asserting","type":"YA","timestamp":"2023-11-09 13:41:35"},{"nodeID":"1332879","text":"Default Transition","type":"TA","timestamp":"2023-11-09 13:41:35"},{"nodeID":"1332880","text":"the government did want to free up and take off the edge of some of what is effectively a tax on moving and on the housing market","type":"I","timestamp":"2023-11-09 13:41:36"},{"nodeID":"1332881","text":"Anon: Anne McElvoy: it did want to free up and take off the edge of some of what is effectively a tax on moving and on the housing market","type":"L","timestamp":"2023-11-09 13:41:36"},{"nodeID":"1332882","text":"Anne McElvoy: it did want to free up and take off the edge of some of what is effectively a tax on moving and on the housing market","type":"L","timestamp":"2023-11-09 13:41:36"},{"nodeID":"1332883","text":"Analysing","type":"YA","timestamp":"2023-11-09 13:41:36"},{"nodeID":"1332884","text":"Asserting","type":"YA","timestamp":"2023-11-09 13:41:36"},{"nodeID":"1332885","text":"Default Transition","type":"TA","timestamp":"2023-11-09 13:41:36"},{"nodeID":"1332886","text":"Default Rephrase","type":"MA","timestamp":"2023-11-09 13:41:36"},{"nodeID":"1332887","text":"Restating","type":"YA","timestamp":"2023-11-09 13:41:36"},{"nodeID":"1332888","text":"the circumstances outweigh any gains","type":"I","timestamp":"2023-11-09 13:41:36"},{"nodeID":"1332889","text":"Analysing","type":"YA","timestamp":"2023-11-09 13:41:36"},{"nodeID":"1332890","text":"Anne McElvoy: The circumstances outweigh any gains","type":"L","timestamp":"2023-11-09 13:41:36"},{"nodeID":"1332891","text":"Anon: Anne McElvoy: The circumstances outweigh any gains","type":"L","timestamp":"2023-11-09 13:41:36"},{"nodeID":"1332892","text":"Asserting","type":"YA","timestamp":"2023-11-09 13:41:36"},{"nodeID":"1332893","text":"Default Transition","type":"TA","timestamp":"2023-11-09 13:41:36"},{"nodeID":"1332894","text":"Default Conflict","type":"CA","timestamp":"2023-11-09 13:41:36"},{"nodeID":"1332895","text":"Disagreeing","type":"YA","timestamp":"2023-11-09 13:41:36"},{"nodeID":"1332896","text":"the fact that the circumstances outweigh any gains is what perplexes Anne McElvoy so much about the fiscal event","type":"I","timestamp":"2023-11-09 13:41:37"},{"nodeID":"1332897","text":"Analysing","type":"YA","timestamp":"2023-11-09 13:41:37"},{"nodeID":"1332898","text":"Anon: Anne McElvoy: this is what perplexes me so much about the fiscal event","type":"L","timestamp":"2023-11-09 13:41:37"},{"nodeID":"1332899","text":"Anne McElvoy: this is what perplexes me so much about the fiscal event","type":"L","timestamp":"2023-11-09 13:41:37"},{"nodeID":"1332900","text":"Asserting","type":"YA","timestamp":"2023-11-09 13:41:37"},{"nodeID":"1332901","text":"Default Rephrase","type":"MA","timestamp":"2023-11-09 13:41:37"},{"nodeID":"1332902","text":"Default Transition","type":"TA","timestamp":"2023-11-09 13:41:37"},{"nodeID":"1332903","text":"Restating","type":"YA","timestamp":"2023-11-09 13:41:37"},{"nodeID":"1332904","text":"what perplexes Anne McElvoy is the idea that the Government should now intervene more to sort out a situation which it kicked off","type":"I","timestamp":"2023-11-09 13:41:37"},{"nodeID":"1332905","text":"Anne McElvoy: The idea that the Government should now intervene more to sort out a situation which it kicked off","type":"L","timestamp":"2023-11-09 13:41:37"},{"nodeID":"1332906","text":"Anon: Anne McElvoy: The idea that the Government should now intervene more to sort out a situation which it kicked off","type":"L","timestamp":"2023-11-09 13:41:37"},{"nodeID":"1332907","text":"Analysing","type":"YA","timestamp":"2023-11-09 13:41:37"},{"nodeID":"1332908","text":"Asserting","type":"YA","timestamp":"2023-11-09 13:41:37"},{"nodeID":"1332909","text":"Default Transition","type":"TA","timestamp":"2023-11-09 13:41:37"},{"nodeID":"1332910","text":"Default Rephrase","type":"MA","timestamp":"2023-11-09 13:41:37"},{"nodeID":"1332911","text":"Restating","type":"YA","timestamp":"2023-11-09 13:41:37"},{"nodeID":"1332912","text":"people think that the Government shouldn't intervene anymore on the housing market situation","type":"I","timestamp":"2023-11-09 13:41:38"},{"nodeID":"1332913","text":"Anne McElvoy: people will be thinking please don't intervene anymore","type":"L","timestamp":"2023-11-09 13:41:38"},{"nodeID":"1332914","text":"Anon: Anne McElvoy: people will be thinking please don't intervene anymore","type":"L","timestamp":"2023-11-09 13:41:38"},{"nodeID":"1332915","text":"Analysing","type":"YA","timestamp":"2023-11-09 13:41:38"},{"nodeID":"1332916","text":"Asserting","type":"YA","timestamp":"2023-11-09 13:41:38"},{"nodeID":"1332917","text":"Default Transition","type":"TA","timestamp":"2023-11-09 13:41:38"},{"nodeID":"1332918","text":"people think that it is whatever the Government does, the Government just shouldn't intervene in the housing market situation","type":"I","timestamp":"2023-11-09 13:41:39"},{"nodeID":"1332919","text":"Anne McElvoy: It is whatever you do, just don't intervene","type":"L","timestamp":"2023-11-09 13:41:39"},{"nodeID":"1332920","text":"Anon: Anne McElvoy: It is whatever you do, just don't intervene","type":"L","timestamp":"2023-11-09 13:41:39"},{"nodeID":"1332921","text":"Analysing","type":"YA","timestamp":"2023-11-09 13:41:39"},{"nodeID":"1332922","text":"Asserting","type":"YA","timestamp":"2023-11-09 13:41:39"},{"nodeID":"1332923","text":"Default Transition","type":"TA","timestamp":"2023-11-09 13:41:39"},{"nodeID":"1332924","text":"the Government intervention on the housing market is a real problem for a party of home ownership","type":"I","timestamp":"2023-11-09 13:41:39"},{"nodeID":"1332925","text":"Anne McElvoy: That's a real problem for a party of home ownership","type":"L","timestamp":"2023-11-09 13:41:39"},{"nodeID":"1332926","text":"Analysing","type":"YA","timestamp":"2023-11-09 13:41:39"},{"nodeID":"1332927","text":"Anon: Anne McElvoy: That's a real problem for a party of home ownership","type":"L","timestamp":"2023-11-09 13:41:39"},{"nodeID":"1332928","text":"Asserting","type":"YA","timestamp":"2023-11-09 13:41:39"},{"nodeID":"1332929","text":"Default Transition","type":"TA","timestamp":"2023-11-09 13:41:39"},{"nodeID":"1332930","text":"the Conservatives have struck successfully for many years the aspirational note on housing ownership","type":"I","timestamp":"2023-11-09 13:41:40"},{"nodeID":"1332931","text":"Analysing","type":"YA","timestamp":"2023-11-09 13:41:40"},{"nodeID":"1332932","text":"Anne McElvoy: the aspirational note that the Conservatives have struck successfully for many years","type":"L","timestamp":"2023-11-09 13:41:40"},{"nodeID":"1332933","text":"Anon: Anne McElvoy: the aspirational note that the Conservatives have struck successfully for many years","type":"L","timestamp":"2023-11-09 13:41:40"},{"nodeID":"1332934","text":"Asserting","type":"YA","timestamp":"2023-11-09 13:41:40"},{"nodeID":"1332935","text":"Default Transition","type":"TA","timestamp":"2023-11-09 13:41:40"},{"nodeID":"1332936","text":"Labour had sometimes mixed messages about house ownership","type":"I","timestamp":"2023-11-09 13:41:40"},{"nodeID":"1332937","text":"Anon: Anne McElvoy: sometimes where Labour had mixed messages","type":"L","timestamp":"2023-11-09 13:41:40"},{"nodeID":"1332938","text":"Anne McElvoy: sometimes where Labour had mixed messages","type":"L","timestamp":"2023-11-09 13:41:40"},{"nodeID":"1332939","text":"Analysing","type":"YA","timestamp":"2023-11-09 13:41:40"},{"nodeID":"1332940","text":"Asserting","type":"YA","timestamp":"2023-11-09 13:41:40"},{"nodeID":"1332941","text":"Default Transition","type":"TA","timestamp":"2023-11-09 13:41:40"},{"nodeID":"1332942","text":"the Conservatives are really in danger of losing it on the housing issue","type":"I","timestamp":"2023-11-09 13:41:41"},{"nodeID":"1332943","text":"Anne McElvoy:  they're really in danger of losing it on this issue","type":"L","timestamp":"2023-11-09 13:41:41"},{"nodeID":"1332944","text":"Analysing","type":"YA","timestamp":"2023-11-09 13:41:41"},{"nodeID":"1332945","text":"Anon: Anne McElvoy:  they're really in danger of losing it on this issue","type":"L","timestamp":"2023-11-09 13:41:41"},{"nodeID":"1332946","text":"Asserting","type":"YA","timestamp":"2023-11-09 13:41:41"},{"nodeID":"1332947","text":"we heard specific examples of housing issues from the audience","type":"I","timestamp":"2023-11-09 13:41:42"},{"nodeID":"1332948","text":"Analysing","type":"YA","timestamp":"2023-11-09 13:41:42"},{"nodeID":"1332949","text":"Anon: Anne McElvoy: It is specific examples we heard from the audience","type":"L","timestamp":"2023-11-09 13:41:42"},{"nodeID":"1332950","text":"Anne McElvoy: It is specific examples we heard from the audience","type":"L","timestamp":"2023-11-09 13:41:42"},{"nodeID":"1332951","text":"Asserting","type":"YA","timestamp":"2023-11-09 13:41:42"},{"nodeID":"1332952","text":"Default Transition","type":"TA","timestamp":"2023-11-09 13:41:42"},{"nodeID":"1332953","text":"you associate the Conservatives with problems with your mortgage","type":"I","timestamp":"2023-11-09 13:41:42"},{"nodeID":"1332954","text":"Anon: Anne McElvoy: you associate the Conservatives with problems with your mortgage","type":"L","timestamp":"2023-11-09 13:41:42"},{"nodeID":"1332955","text":"Analysing","type":"YA","timestamp":"2023-11-09 13:41:42"},{"nodeID":"1332956","text":"Anne McElvoy: you associate the Conservatives with problems with your mortgage","type":"L","timestamp":"2023-11-09 13:41:42"},{"nodeID":"1332957","text":"Asserting","type":"YA","timestamp":"2023-11-09 13:41:42"},{"nodeID":"1332958","text":"Default Rephrase","type":"MA","timestamp":"2023-11-09 13:41:42"},{"nodeID":"1332959","text":"Restating","type":"YA","timestamp":"2023-11-09 13:41:42"},{"nodeID":"1332960","text":"Default Inference","type":"RA","timestamp":"2023-11-09 13:41:42"},{"nodeID":"1332961","text":"Arguing","type":"YA","timestamp":"2023-11-09 13:41:42"},{"nodeID":"1332962","text":"Default Conflict","type":"CA","timestamp":"2023-11-09 13:41:42"},{"nodeID":"1332963","text":"Disagreeing","type":"YA","timestamp":"2023-11-09 13:41:42"},{"nodeID":"1332964","text":"Default Inference","type":"RA","timestamp":"2023-11-09 13:41:42"},{"nodeID":"1332965","text":"Default Transition","type":"TA","timestamp":"2023-11-09 13:41:42"},{"nodeID":"1332966","text":"Arguing","type":"YA","timestamp":"2023-11-09 13:41:42"},{"nodeID":"1332967","text":"Anne McElvoy is not a marketing genius like Karan Bilimoria","type":"I","timestamp":"2023-11-09 13:41:43"},{"nodeID":"1332968","text":"Anne McElvoy: I'm not a marketing genius like Karan here","type":"L","timestamp":"2023-11-09 13:41:43"},{"nodeID":"1332969","text":"Analysing","type":"YA","timestamp":"2023-11-09 13:41:43"},{"nodeID":"1332970","text":"Anon: Anne McElvoy: I'm not a marketing genius like Karan here","type":"L","timestamp":"2023-11-09 13:41:43"},{"nodeID":"1332971","text":"Asserting","type":"YA","timestamp":"2023-11-09 13:41:43"},{"nodeID":"1332972","text":"Anne McElvoy wouldn't say that associating Conservatives with housing problems is a good sign for them","type":"I","timestamp":"2023-11-09 13:41:43"},{"nodeID":"1332973","text":"Anne McElvoy: I wouldn't say that's a particular","type":"L","timestamp":"2023-11-09 13:41:43"},{"nodeID":"1332974","text":"Analysing","type":"YA","timestamp":"2023-11-09 13:41:43"},{"nodeID":"1332975","text":"Anon: Anne McElvoy: I wouldn't say that's a particular","type":"L","timestamp":"2023-11-09 13:41:43"},{"nodeID":"1332976","text":"Asserting","type":"YA","timestamp":"2023-11-09 13:41:43"},{"nodeID":"1332977","text":"Default Transition","type":"TA","timestamp":"2023-11-09 13:41:43"},{"nodeID":"1332978","text":"Default Transition","type":"TA","timestamp":"2023-11-09 13:41:43"},{"nodeID":"1332979","text":"Default Conflict","type":"CA","timestamp":"2023-11-09 13:41:43"},{"nodeID":"1332980","text":"Disagreeing","type":"YA","timestamp":"2023-11-09 13:41:43"},{"nodeID":"1332981","text":"Default Transition","type":"TA","timestamp":"2023-11-09 13:41:43"},{"nodeID":"1332982","text":"Default Inference","type":"RA","timestamp":"2023-11-09 13:41:43"},{"nodeID":"1332983","text":"Arguing","type":"YA","timestamp":"2023-11-09 13:41:43"},{"nodeID":"1332984","text":"Default Inference","type":"RA","timestamp":"2023-11-09 13:41:43"},{"nodeID":"1332985","text":"Default Transition","type":"TA","timestamp":"2023-11-09 13:41:43"},{"nodeID":"1332986","text":"Arguing","type":"YA","timestamp":"2023-11-09 13:41:43"}],"edges":[{"edgeID":"1747820","fromID":"1332815","toID":"1332817","formEdgeID":null},{"edgeID":"1747821","fromID":"1332816","toID":"1332815","formEdgeID":null},{"edgeID":"1747822","fromID":"1332818","toID":"1332814","formEdgeID":null},{"edgeID":"1747823","fromID":"1332817","toID":"1332818","formEdgeID":null},{"edgeID":"1747824","fromID":"1332822","toID":"1332821","formEdgeID":null},{"edgeID":"1747825","fromID":"1332820","toID":"1332822","formEdgeID":null},{"edgeID":"1747826","fromID":"1332821","toID":"1332823","formEdgeID":null},{"edgeID":"1747827","fromID":"1332823","toID":"1332819","formEdgeID":null},{"edgeID":"1747828","fromID":"1332817","toID":"1332824","formEdgeID":null},{"edgeID":"1747829","fromID":"1332824","toID":"1332821","formEdgeID":null},{"edgeID":"1747830","fromID":"1332826","toID":"1332827","formEdgeID":null},{"edgeID":"1747831","fromID":"1332827","toID":"1332828","formEdgeID":null},{"edgeID":"1747832","fromID":"1332829","toID":"1332825","formEdgeID":null},{"edgeID":"1747833","fromID":"1332828","toID":"1332829","formEdgeID":null},{"edgeID":"1747834","fromID":"1332830","toID":"1332828","formEdgeID":null},{"edgeID":"1747835","fromID":"1332821","toID":"1332830","formEdgeID":null},{"edgeID":"1747836","fromID":"1332832","toID":"1332834","formEdgeID":null},{"edgeID":"1747837","fromID":"1332833","toID":"1332832","formEdgeID":null},{"edgeID":"1747838","fromID":"1332834","toID":"1332835","formEdgeID":null},{"edgeID":"1747839","fromID":"1332835","toID":"1332831","formEdgeID":null},{"edgeID":"1747840","fromID":"1332828","toID":"1332836","formEdgeID":null},{"edgeID":"1747841","fromID":"1332836","toID":"1332834","formEdgeID":null},{"edgeID":"1747842","fromID":"1332837","toID":"1332825","formEdgeID":null},{"edgeID":"1747843","fromID":"1332831","toID":"1332837","formEdgeID":null},{"edgeID":"1747844","fromID":"1332838","toID":"1332837","formEdgeID":null},{"edgeID":"1747845","fromID":"1332836","toID":"1332838","formEdgeID":null},{"edgeID":"1747846","fromID":"1332842","toID":"1332841","formEdgeID":null},{"edgeID":"1747847","fromID":"1332841","toID":"1332840","formEdgeID":null},{"edgeID":"1747848","fromID":"1332843","toID":"1332839","formEdgeID":null},{"edgeID":"1747849","fromID":"1332840","toID":"1332843","formEdgeID":null},{"edgeID":"1747850","fromID":"1332844","toID":"1332840","formEdgeID":null},{"edgeID":"1747851","fromID":"1332834","toID":"1332844","formEdgeID":null},{"edgeID":"1747852","fromID":"1332825","toID":"1332845","formEdgeID":null},{"edgeID":"1747853","fromID":"1332845","toID":"1332819","formEdgeID":null},{"edgeID":"1747854","fromID":"1332846","toID":"1332845","formEdgeID":null},{"edgeID":"1747855","fromID":"1332830","toID":"1332846","formEdgeID":null},{"edgeID":"1747856","fromID":"1332849","toID":"1332848","formEdgeID":null},{"edgeID":"1747857","fromID":"1332850","toID":"1332849","formEdgeID":null},{"edgeID":"1747858","fromID":"1332848","toID":"1332851","formEdgeID":null},{"edgeID":"1747859","fromID":"1332851","toID":"1332847","formEdgeID":null},{"edgeID":"1747860","fromID":"1332854","toID":"1332853","formEdgeID":null},{"edgeID":"1747861","fromID":"1332855","toID":"1332854","formEdgeID":null},{"edgeID":"1747862","fromID":"1332856","toID":"1332852","formEdgeID":null},{"edgeID":"1747863","fromID":"1332853","toID":"1332856","formEdgeID":null},{"edgeID":"1747864","fromID":"1332848","toID":"1332857","formEdgeID":null},{"edgeID":"1747865","fromID":"1332857","toID":"1332853","formEdgeID":null},{"edgeID":"1747866","fromID":"1332858","toID":"1332852","formEdgeID":null},{"edgeID":"1747867","fromID":"1332847","toID":"1332858","formEdgeID":null},{"edgeID":"1747868","fromID":"1332857","toID":"1332859","formEdgeID":null},{"edgeID":"1747869","fromID":"1332859","toID":"1332858","formEdgeID":null},{"edgeID":"1747870","fromID":"1332852","toID":"1332860","formEdgeID":null},{"edgeID":"1747871","fromID":"1332860","toID":"1332839","formEdgeID":null},{"edgeID":"1747872","fromID":"1332861","toID":"1332853","formEdgeID":null},{"edgeID":"1747873","fromID":"1332840","toID":"1332861","formEdgeID":null},{"edgeID":"1747874","fromID":"1332862","toID":"1332860","formEdgeID":null},{"edgeID":"1747875","fromID":"1332861","toID":"1332862","formEdgeID":null},{"edgeID":"1747876","fromID":"1332866","toID":"1332864","formEdgeID":null},{"edgeID":"1747877","fromID":"1332865","toID":"1332866","formEdgeID":null},{"edgeID":"1747878","fromID":"1332864","toID":"1332867","formEdgeID":null},{"edgeID":"1747879","fromID":"1332867","toID":"1332863","formEdgeID":null},{"edgeID":"1747880","fromID":"1332870","toID":"1332869","formEdgeID":null},{"edgeID":"1747881","fromID":"1332871","toID":"1332870","formEdgeID":null},{"edgeID":"1747882","fromID":"1332869","toID":"1332872","formEdgeID":null},{"edgeID":"1747883","fromID":"1332872","toID":"1332868","formEdgeID":null},{"edgeID":"1747884","fromID":"1332873","toID":"1332869","formEdgeID":null},{"edgeID":"1747885","fromID":"1332864","toID":"1332873","formEdgeID":null},{"edgeID":"1747886","fromID":"1332875","toID":"1332876","formEdgeID":null},{"edgeID":"1747887","fromID":"1332876","toID":"1332877","formEdgeID":null},{"edgeID":"1747888","fromID":"1332878","toID":"1332874","formEdgeID":null},{"edgeID":"1747889","fromID":"1332877","toID":"1332878","formEdgeID":null},{"edgeID":"1747890","fromID":"1332879","toID":"1332877","formEdgeID":null},{"edgeID":"1747891","fromID":"1332869","toID":"1332879","formEdgeID":null},{"edgeID":"1747892","fromID":"1332881","toID":"1332883","formEdgeID":null},{"edgeID":"1747893","fromID":"1332883","toID":"1332882","formEdgeID":null},{"edgeID":"1747894","fromID":"1332884","toID":"1332880","formEdgeID":null},{"edgeID":"1747895","fromID":"1332882","toID":"1332884","formEdgeID":null},{"edgeID":"1747896","fromID":"1332885","toID":"1332882","formEdgeID":null},{"edgeID":"1747897","fromID":"1332877","toID":"1332885","formEdgeID":null},{"edgeID":"1747898","fromID":"1332886","toID":"1332874","formEdgeID":null},{"edgeID":"1747899","fromID":"1332880","toID":"1332886","formEdgeID":null},{"edgeID":"1747900","fromID":"1332885","toID":"1332887","formEdgeID":null},{"edgeID":"1747901","fromID":"1332887","toID":"1332886","formEdgeID":null},{"edgeID":"1747902","fromID":"1332891","toID":"1332889","formEdgeID":null},{"edgeID":"1747903","fromID":"1332889","toID":"1332890","formEdgeID":null},{"edgeID":"1747904","fromID":"1332890","toID":"1332892","formEdgeID":null},{"edgeID":"1747905","fromID":"1332892","toID":"1332888","formEdgeID":null},{"edgeID":"1747906","fromID":"1332893","toID":"1332890","formEdgeID":null},{"edgeID":"1747907","fromID":"1332882","toID":"1332893","formEdgeID":null},{"edgeID":"1747908","fromID":"1332894","toID":"1332880","formEdgeID":null},{"edgeID":"1747909","fromID":"1332888","toID":"1332894","formEdgeID":null},{"edgeID":"1747910","fromID":"1332893","toID":"1332895","formEdgeID":null},{"edgeID":"1747911","fromID":"1332895","toID":"1332894","formEdgeID":null},{"edgeID":"1747912","fromID":"1332898","toID":"1332897","formEdgeID":null},{"edgeID":"1747913","fromID":"1332897","toID":"1332899","formEdgeID":null},{"edgeID":"1747914","fromID":"1332900","toID":"1332896","formEdgeID":null},{"edgeID":"1747915","fromID":"1332899","toID":"1332900","formEdgeID":null},{"edgeID":"1747916","fromID":"1332901","toID":"1332863","formEdgeID":null},{"edgeID":"1747917","fromID":"1332896","toID":"1332901","formEdgeID":null},{"edgeID":"1747918","fromID":"1332864","toID":"1332902","formEdgeID":null},{"edgeID":"1747919","fromID":"1332902","toID":"1332899","formEdgeID":null},{"edgeID":"1747920","fromID":"1332903","toID":"1332901","formEdgeID":null},{"edgeID":"1747921","fromID":"1332902","toID":"1332903","formEdgeID":null},{"edgeID":"1747922","fromID":"1332907","toID":"1332905","formEdgeID":null},{"edgeID":"1747923","fromID":"1332906","toID":"1332907","formEdgeID":null},{"edgeID":"1747924","fromID":"1332905","toID":"1332908","formEdgeID":null},{"edgeID":"1747925","fromID":"1332908","toID":"1332904","formEdgeID":null},{"edgeID":"1747926","fromID":"1332899","toID":"1332909","formEdgeID":null},{"edgeID":"1747927","fromID":"1332909","toID":"1332905","formEdgeID":null},{"edgeID":"1747928","fromID":"1332904","toID":"1332910","formEdgeID":null},{"edgeID":"1747929","fromID":"1332910","toID":"1332896","formEdgeID":null},{"edgeID":"1747930","fromID":"1332909","toID":"1332911","formEdgeID":null},{"edgeID":"1747931","fromID":"1332911","toID":"1332910","formEdgeID":null},{"edgeID":"1747932","fromID":"1332914","toID":"1332915","formEdgeID":null},{"edgeID":"1747933","fromID":"1332915","toID":"1332913","formEdgeID":null},{"edgeID":"1747934","fromID":"1332916","toID":"1332912","formEdgeID":null},{"edgeID":"1747935","fromID":"1332913","toID":"1332916","formEdgeID":null},{"edgeID":"1747936","fromID":"1332905","toID":"1332917","formEdgeID":null},{"edgeID":"1747937","fromID":"1332917","toID":"1332913","formEdgeID":null},{"edgeID":"1747938","fromID":"1332920","toID":"1332921","formEdgeID":null},{"edgeID":"1747939","fromID":"1332921","toID":"1332919","formEdgeID":null},{"edgeID":"1747940","fromID":"1332919","toID":"1332922","formEdgeID":null},{"edgeID":"1747941","fromID":"1332922","toID":"1332918","formEdgeID":null},{"edgeID":"1747942","fromID":"1332923","toID":"1332919","formEdgeID":null},{"edgeID":"1747943","fromID":"1332913","toID":"1332923","formEdgeID":null},{"edgeID":"1747944","fromID":"1332926","toID":"1332925","formEdgeID":null},{"edgeID":"1747945","fromID":"1332927","toID":"1332926","formEdgeID":null},{"edgeID":"1747946","fromID":"1332928","toID":"1332924","formEdgeID":null},{"edgeID":"1747947","fromID":"1332925","toID":"1332928","formEdgeID":null},{"edgeID":"1747948","fromID":"1332919","toID":"1332929","formEdgeID":null},{"edgeID":"1747949","fromID":"1332929","toID":"1332925","formEdgeID":null},{"edgeID":"1747950","fromID":"1332933","toID":"1332931","formEdgeID":null},{"edgeID":"1747951","fromID":"1332931","toID":"1332932","formEdgeID":null},{"edgeID":"1747952","fromID":"1332932","toID":"1332934","formEdgeID":null},{"edgeID":"1747953","fromID":"1332934","toID":"1332930","formEdgeID":null},{"edgeID":"1747954","fromID":"1332925","toID":"1332935","formEdgeID":null},{"edgeID":"1747955","fromID":"1332935","toID":"1332932","formEdgeID":null},{"edgeID":"1747956","fromID":"1332937","toID":"1332939","formEdgeID":null},{"edgeID":"1747957","fromID":"1332939","toID":"1332938","formEdgeID":null},{"edgeID":"1747958","fromID":"1332938","toID":"1332940","formEdgeID":null},{"edgeID":"1747959","fromID":"1332940","toID":"1332936","formEdgeID":null},{"edgeID":"1747960","fromID":"1332932","toID":"1332941","formEdgeID":null},{"edgeID":"1747961","fromID":"1332941","toID":"1332938","formEdgeID":null},{"edgeID":"1747962","fromID":"1332944","toID":"1332943","formEdgeID":null},{"edgeID":"1747963","fromID":"1332945","toID":"1332944","formEdgeID":null},{"edgeID":"1747964","fromID":"1332943","toID":"1332946","formEdgeID":null},{"edgeID":"1747965","fromID":"1332946","toID":"1332942","formEdgeID":null},{"edgeID":"1747966","fromID":"1332949","toID":"1332948","formEdgeID":null},{"edgeID":"1747967","fromID":"1332948","toID":"1332950","formEdgeID":null},{"edgeID":"1747968","fromID":"1332950","toID":"1332951","formEdgeID":null},{"edgeID":"1747969","fromID":"1332951","toID":"1332947","formEdgeID":null},{"edgeID":"1747970","fromID":"1332952","toID":"1332950","formEdgeID":null},{"edgeID":"1747971","fromID":"1332943","toID":"1332952","formEdgeID":null},{"edgeID":"1747972","fromID":"1332955","toID":"1332956","formEdgeID":null},{"edgeID":"1747973","fromID":"1332954","toID":"1332955","formEdgeID":null},{"edgeID":"1747974","fromID":"1332957","toID":"1332953","formEdgeID":null},{"edgeID":"1747975","fromID":"1332956","toID":"1332957","formEdgeID":null},{"edgeID":"1747976","fromID":"1332918","toID":"1332958","formEdgeID":null},{"edgeID":"1747977","fromID":"1332958","toID":"1332912","formEdgeID":null},{"edgeID":"1747978","fromID":"1332923","toID":"1332959","formEdgeID":null},{"edgeID":"1747979","fromID":"1332959","toID":"1332958","formEdgeID":null},{"edgeID":"1747980","fromID":"1332924","toID":"1332960","formEdgeID":null},{"edgeID":"1747981","fromID":"1332929","toID":"1332961","formEdgeID":null},{"edgeID":"1747982","fromID":"1332960","toID":"1332918","formEdgeID":null},{"edgeID":"1747983","fromID":"1332961","toID":"1332960","formEdgeID":null},{"edgeID":"1747984","fromID":"1332936","toID":"1332962","formEdgeID":null},{"edgeID":"1747985","fromID":"1332962","toID":"1332930","formEdgeID":null},{"edgeID":"1747986","fromID":"1332941","toID":"1332963","formEdgeID":null},{"edgeID":"1747987","fromID":"1332963","toID":"1332962","formEdgeID":null},{"edgeID":"1747988","fromID":"1332924","toID":"1332964","formEdgeID":null},{"edgeID":"1747989","fromID":"1332964","toID":"1332942","formEdgeID":null},{"edgeID":"1747990","fromID":"1332930","toID":"1332964","formEdgeID":null},{"edgeID":"1747991","fromID":"1332965","toID":"1332943","formEdgeID":null},{"edgeID":"1747992","fromID":"1332925","toID":"1332965","formEdgeID":null},{"edgeID":"1747993","fromID":"1332932","toID":"1332965","formEdgeID":null},{"edgeID":"1747994","fromID":"1332965","toID":"1332966","formEdgeID":null},{"edgeID":"1747995","fromID":"1332966","toID":"1332964","formEdgeID":null},{"edgeID":"1747996","fromID":"1332969","toID":"1332968","formEdgeID":null},{"edgeID":"1747997","fromID":"1332970","toID":"1332969","formEdgeID":null},{"edgeID":"1747998","fromID":"1332968","toID":"1332971","formEdgeID":null},{"edgeID":"1747999","fromID":"1332971","toID":"1332967","formEdgeID":null},{"edgeID":"1748000","fromID":"1332974","toID":"1332973","formEdgeID":null},{"edgeID":"1748001","fromID":"1332975","toID":"1332974","formEdgeID":null},{"edgeID":"1748002","fromID":"1332973","toID":"1332976","formEdgeID":null},{"edgeID":"1748003","fromID":"1332976","toID":"1332972","formEdgeID":null},{"edgeID":"1748004","fromID":"1332956","toID":"1332977","formEdgeID":null},{"edgeID":"1748005","fromID":"1332977","toID":"1332968","formEdgeID":null},{"edgeID":"1748006","fromID":"1332968","toID":"1332978","formEdgeID":null},{"edgeID":"1748007","fromID":"1332978","toID":"1332973","formEdgeID":null},{"edgeID":"1748008","fromID":"1332972","toID":"1332979","formEdgeID":null},{"edgeID":"1748009","fromID":"1332979","toID":"1332967","formEdgeID":null},{"edgeID":"1748010","fromID":"1332978","toID":"1332980","formEdgeID":null},{"edgeID":"1748011","fromID":"1332980","toID":"1332979","formEdgeID":null},{"edgeID":"1748012","fromID":"1332853","toID":"1332981","formEdgeID":null},{"edgeID":"1748013","fromID":"1332981","toID":"1332864","formEdgeID":null},{"edgeID":"1748014","fromID":"1332947","toID":"1332982","formEdgeID":null},{"edgeID":"1748015","fromID":"1332982","toID":"1332942","formEdgeID":null},{"edgeID":"1748016","fromID":"1332952","toID":"1332983","formEdgeID":null},{"edgeID":"1748017","fromID":"1332983","toID":"1332982","formEdgeID":null},{"edgeID":"1748018","fromID":"1332953","toID":"1332984","formEdgeID":null},{"edgeID":"1748019","fromID":"1332984","toID":"1332942","formEdgeID":null},{"edgeID":"1748020","fromID":"1332943","toID":"1332985","formEdgeID":null},{"edgeID":"1748021","fromID":"1332985","toID":"1332956","formEdgeID":null},{"edgeID":"1748022","fromID":"1332985","toID":"1332986","formEdgeID":null},{"edgeID":"1748023","fromID":"1332986","toID":"1332984","formEdgeID":null}],"locutions":[]}