{"nodes":[{"nodeID":"1329547","text":"we have seen a response from the markets","type":"I","timestamp":"2023-11-09 13:37:02"},{"nodeID":"1329548","text":"Bridget Phillipson: The response that we have seen from the markets","type":"L","timestamp":"2023-11-09 13:37:02"},{"nodeID":"1329549","text":"Analysing","type":"YA","timestamp":"2023-11-09 13:37:02"},{"nodeID":"1329550","text":"Anna : Bridget Phillipson: The response that we have seen from the markets","type":"L","timestamp":"2023-11-09 13:37:02"},{"nodeID":"1329551","text":"Asserting","type":"YA","timestamp":"2023-11-09 13:37:02"},{"nodeID":"1329552","text":"the response from the markets is a consequence of the conservative  government's needless and unnecessary tax cuts for the wealthiest","type":"I","timestamp":"2023-11-09 13:37:02"},{"nodeID":"1329553","text":"Bridget Phillipson: is a consequence of your government's needless and unnecessary tax cuts for the wealthiest.","type":"L","timestamp":"2023-11-09 13:37:02"},{"nodeID":"1329554","text":"Analysing","type":"YA","timestamp":"2023-11-09 13:37:02"},{"nodeID":"1329555","text":"Anna : Bridget Phillipson: is a consequence of your government's needless and unnecessary tax cuts for the wealthiest.","type":"L","timestamp":"2023-11-09 13:37:02"},{"nodeID":"1329556","text":"Asserting","type":"YA","timestamp":"2023-11-09 13:37:02"},{"nodeID":"1329557","text":"everyone accepts the need for action on energy bills","type":"I","timestamp":"2023-11-09 13:37:03"},{"nodeID":"1329558","text":"Bridget Phillipson:  Everyone accepts the need for action on energy bills","type":"L","timestamp":"2023-11-09 13:37:03"},{"nodeID":"1329559","text":"Analysing","type":"YA","timestamp":"2023-11-09 13:37:03"},{"nodeID":"1329560","text":"Anna : Bridget Phillipson:  Everyone accepts the need for action on energy bills","type":"L","timestamp":"2023-11-09 13:37:03"},{"nodeID":"1329561","text":"Asserting","type":"YA","timestamp":"2023-11-09 13:37:03"},{"nodeID":"1329562","text":"the oil and gas companies are making a killing during this time","type":"I","timestamp":"2023-11-09 13:37:04"},{"nodeID":"1329563","text":"Bridget Phillipson: the oil and gas companies who are making a killing during this time","type":"L","timestamp":"2023-11-09 13:37:04"},{"nodeID":"1329564","text":"Analysing","type":"YA","timestamp":"2023-11-09 13:37:04"},{"nodeID":"1329565","text":"Anna : Bridget Phillipson: the oil and gas companies who are making a killing during this time","type":"L","timestamp":"2023-11-09 13:37:04"},{"nodeID":"1329566","text":"Asserting","type":"YA","timestamp":"2023-11-09 13:37:04"},{"nodeID":"1329567","text":"oil and gas companies should be made to contribute towards that","type":"I","timestamp":"2023-11-09 13:37:04"},{"nodeID":"1329568","text":"Bridget Phillipson: although I think the oil and gas companies who are making a killing during this time should be made to contribute towards that","type":"L","timestamp":"2023-11-09 13:37:04"},{"nodeID":"1329569","text":"Analysing","type":"YA","timestamp":"2023-11-09 13:37:04"},{"nodeID":"1329570","text":"Anna : Bridget Phillipson: although I think the oil and gas companies who are making a killing during this time should be made to contribute towards that","type":"L","timestamp":"2023-11-09 13:37:04"},{"nodeID":"1329571","text":"Asserting","type":"YA","timestamp":"2023-11-09 13:37:04"},{"nodeID":"1329572","text":"it shouldn't fall just to working people to pick up the bill for all of it","type":"I","timestamp":"2023-11-09 13:37:05"},{"nodeID":"1329573","text":"Bridget Phillipson:  It shouldn't fall just to working people to pick up the bill for all of it","type":"L","timestamp":"2023-11-09 13:37:05"},{"nodeID":"1329574","text":"Analysing","type":"YA","timestamp":"2023-11-09 13:37:05"},{"nodeID":"1329575","text":"Anna : Bridget Phillipson:  It shouldn't fall just to working people to pick up the bill for all of it","type":"L","timestamp":"2023-11-09 13:37:05"},{"nodeID":"1329576","text":"Asserting","type":"YA","timestamp":"2023-11-09 13:37:05"},{"nodeID":"1329577","text":"the direct consequence of that totally unnecessary budget that will see tax cuts for the wealthiest in the middle of a cost of living crisis will mean higher mortgages for people here","type":"I","timestamp":"2023-11-09 13:37:05"},{"nodeID":"1329578","text":"Bridget Phillipson: but the direct consequence of that totally unnecessary budget that will see tax cuts for the wealthiest in the middle of a cost of living crisis will mean higher mortgages for people here","type":"L","timestamp":"2023-11-09 13:37:05"},{"nodeID":"1329579","text":"Analysing","type":"YA","timestamp":"2023-11-09 13:37:05"},{"nodeID":"1329580","text":"Anna : Bridget Phillipson: but the direct consequence of that totally unnecessary budget that will see tax cuts for the wealthiest in the middle of a cost of living crisis will mean higher mortgages for people here","type":"L","timestamp":"2023-11-09 13:37:05"},{"nodeID":"1329581","text":"Asserting","type":"YA","timestamp":"2023-11-09 13:37:05"},{"nodeID":"1329582","text":"that totally unnecessary budget that will see tax cuts for the wealthiest in the middle of a cost of living crisis  will mean rising prices and it will directly contribute and make the situation worse still","type":"I","timestamp":"2023-11-09 13:37:06"},{"nodeID":"1329583","text":"Bridget Phillipson: it will mean rising prices and it will directly contribute and make the situation worse still","type":"L","timestamp":"2023-11-09 13:37:06"},{"nodeID":"1329584","text":"Analysing","type":"YA","timestamp":"2023-11-09 13:37:06"},{"nodeID":"1329585","text":"Anna : Bridget Phillipson: it will mean rising prices and it will directly contribute and make the situation worse still","type":"L","timestamp":"2023-11-09 13:37:06"},{"nodeID":"1329586","text":"Asserting","type":"YA","timestamp":"2023-11-09 13:37:06"},{"nodeID":"1329587","text":"we should get Parliament back, we should recall Parliament and reverse the measures put forward","type":"I","timestamp":"2023-11-09 13:37:07"},{"nodeID":"1329588","text":"Bridget Phillipson: We should get Parliament back, we should recall Parliament and reverse the measures put forward","type":"L","timestamp":"2023-11-09 13:37:07"},{"nodeID":"1329589","text":"Analysing","type":"YA","timestamp":"2023-11-09 13:37:07"},{"nodeID":"1329590","text":"Anna : Bridget Phillipson: We should get Parliament back, we should recall Parliament and reverse the measures put forward","type":"L","timestamp":"2023-11-09 13:37:07"},{"nodeID":"1329591","text":"Asserting","type":"YA","timestamp":"2023-11-09 13:37:07"},{"nodeID":"1329592","text":"Default Transition","type":"TA","timestamp":"2023-11-09 13:37:07"},{"nodeID":"1329593","text":"Default Transition","type":"TA","timestamp":"2023-11-09 13:37:07"},{"nodeID":"1329594","text":"Default Transition","type":"TA","timestamp":"2023-11-09 13:37:07"},{"nodeID":"1329595","text":"Default Transition","type":"TA","timestamp":"2023-11-09 13:37:07"},{"nodeID":"1329596","text":"Default Inference","type":"RA","timestamp":"2023-11-09 13:37:07"},{"nodeID":"1329597","text":"Arguing","type":"YA","timestamp":"2023-11-09 13:37:07"},{"nodeID":"1329598","text":"Default Transition","type":"TA","timestamp":"2023-11-09 13:37:07"},{"nodeID":"1329599","text":"Default Inference","type":"RA","timestamp":"2023-11-09 13:37:07"},{"nodeID":"1329600","text":"Arguing","type":"YA","timestamp":"2023-11-09 13:37:07"},{"nodeID":"1329601","text":"Default Transition","type":"TA","timestamp":"2023-11-09 13:37:07"},{"nodeID":"1329602","text":"Default Transition","type":"TA","timestamp":"2023-11-09 13:37:07"},{"nodeID":"1329603","text":"Default Transition","type":"TA","timestamp":"2023-11-09 13:37:07"},{"nodeID":"1329604","text":"Default Inference","type":"RA","timestamp":"2023-11-09 13:37:07"},{"nodeID":"1329605","text":"Arguing","type":"YA","timestamp":"2023-11-09 13:37:07"},{"nodeID":"1329606","text":"Default Rephrase","type":"MA","timestamp":"2023-11-09 13:37:07"},{"nodeID":"1329607","text":"Restating","type":"YA","timestamp":"2023-11-09 13:37:07"},{"nodeID":"1329608","text":"Default Inference","type":"RA","timestamp":"2023-11-09 13:37:07"},{"nodeID":"1329609","text":"Default Rephrase","type":"MA","timestamp":"2023-11-09 13:37:07"},{"nodeID":"1329610","text":"Restating","type":"YA","timestamp":"2023-11-09 13:37:07"}],"edges":[{"edgeID":"1743958","fromID":"1329549","toID":"1329548","formEdgeID":null},{"edgeID":"1743959","fromID":"1329550","toID":"1329549","formEdgeID":null},{"edgeID":"1743960","fromID":"1329548","toID":"1329551","formEdgeID":null},{"edgeID":"1743961","fromID":"1329551","toID":"1329547","formEdgeID":null},{"edgeID":"1743962","fromID":"1329554","toID":"1329553","formEdgeID":null},{"edgeID":"1743963","fromID":"1329555","toID":"1329554","formEdgeID":null},{"edgeID":"1743964","fromID":"1329553","toID":"1329556","formEdgeID":null},{"edgeID":"1743965","fromID":"1329556","toID":"1329552","formEdgeID":null},{"edgeID":"1743966","fromID":"1329559","toID":"1329558","formEdgeID":null},{"edgeID":"1743967","fromID":"1329560","toID":"1329559","formEdgeID":null},{"edgeID":"1743968","fromID":"1329558","toID":"1329561","formEdgeID":null},{"edgeID":"1743969","fromID":"1329561","toID":"1329557","formEdgeID":null},{"edgeID":"1743970","fromID":"1329564","toID":"1329563","formEdgeID":null},{"edgeID":"1743971","fromID":"1329565","toID":"1329564","formEdgeID":null},{"edgeID":"1743972","fromID":"1329563","toID":"1329566","formEdgeID":null},{"edgeID":"1743973","fromID":"1329566","toID":"1329562","formEdgeID":null},{"edgeID":"1743974","fromID":"1329569","toID":"1329568","formEdgeID":null},{"edgeID":"1743975","fromID":"1329570","toID":"1329569","formEdgeID":null},{"edgeID":"1743976","fromID":"1329568","toID":"1329571","formEdgeID":null},{"edgeID":"1743977","fromID":"1329571","toID":"1329567","formEdgeID":null},{"edgeID":"1743978","fromID":"1329574","toID":"1329573","formEdgeID":null},{"edgeID":"1743979","fromID":"1329575","toID":"1329574","formEdgeID":null},{"edgeID":"1743980","fromID":"1329573","toID":"1329576","formEdgeID":null},{"edgeID":"1743981","fromID":"1329576","toID":"1329572","formEdgeID":null},{"edgeID":"1743982","fromID":"1329579","toID":"1329578","formEdgeID":null},{"edgeID":"1743983","fromID":"1329580","toID":"1329579","formEdgeID":null},{"edgeID":"1743984","fromID":"1329578","toID":"1329581","formEdgeID":null},{"edgeID":"1743985","fromID":"1329581","toID":"1329577","formEdgeID":null},{"edgeID":"1743986","fromID":"1329584","toID":"1329583","formEdgeID":null},{"edgeID":"1743987","fromID":"1329585","toID":"1329584","formEdgeID":null},{"edgeID":"1743988","fromID":"1329583","toID":"1329586","formEdgeID":null},{"edgeID":"1743989","fromID":"1329586","toID":"1329582","formEdgeID":null},{"edgeID":"1743990","fromID":"1329589","toID":"1329588","formEdgeID":null},{"edgeID":"1743991","fromID":"1329590","toID":"1329589","formEdgeID":null},{"edgeID":"1743992","fromID":"1329588","toID":"1329591","formEdgeID":null},{"edgeID":"1743993","fromID":"1329591","toID":"1329587","formEdgeID":null},{"edgeID":"1743994","fromID":"1329548","toID":"1329592","formEdgeID":null},{"edgeID":"1743995","fromID":"1329592","toID":"1329553","formEdgeID":null},{"edgeID":"1743996","fromID":"1329553","toID":"1329593","formEdgeID":null},{"edgeID":"1743997","fromID":"1329593","toID":"1329558","formEdgeID":null},{"edgeID":"1743998","fromID":"1329558","toID":"1329594","formEdgeID":null},{"edgeID":"1743999","fromID":"1329594","toID":"1329563","formEdgeID":null},{"edgeID":"1744000","fromID":"1329563","toID":"1329595","formEdgeID":null},{"edgeID":"1744001","fromID":"1329595","toID":"1329568","formEdgeID":null},{"edgeID":"1744002","fromID":"1329562","toID":"1329596","formEdgeID":null},{"edgeID":"1744003","fromID":"1329596","toID":"1329567","formEdgeID":null},{"edgeID":"1744004","fromID":"1329595","toID":"1329597","formEdgeID":null},{"edgeID":"1744005","fromID":"1329597","toID":"1329596","formEdgeID":null},{"edgeID":"1744006","fromID":"1329568","toID":"1329598","formEdgeID":null},{"edgeID":"1744007","fromID":"1329598","toID":"1329573","formEdgeID":null},{"edgeID":"1744008","fromID":"1329572","toID":"1329599","formEdgeID":null},{"edgeID":"1744009","fromID":"1329599","toID":"1329567","formEdgeID":null},{"edgeID":"1744010","fromID":"1329598","toID":"1329600","formEdgeID":null},{"edgeID":"1744011","fromID":"1329600","toID":"1329599","formEdgeID":null},{"edgeID":"1744012","fromID":"1329573","toID":"1329601","formEdgeID":null},{"edgeID":"1744013","fromID":"1329601","toID":"1329578","formEdgeID":null},{"edgeID":"1744014","fromID":"1329578","toID":"1329602","formEdgeID":null},{"edgeID":"1744015","fromID":"1329602","toID":"1329583","formEdgeID":null},{"edgeID":"1744016","fromID":"1329583","toID":"1329603","formEdgeID":null},{"edgeID":"1744017","fromID":"1329603","toID":"1329588","formEdgeID":null},{"edgeID":"1744018","fromID":"1329582","toID":"1329604","formEdgeID":null},{"edgeID":"1744019","fromID":"1329604","toID":"1329587","formEdgeID":null},{"edgeID":"1744020","fromID":"1329603","toID":"1329605","formEdgeID":null},{"edgeID":"1744021","fromID":"1329605","toID":"1329604","formEdgeID":null},{"edgeID":"1744022","fromID":"1329552","toID":"1329606","formEdgeID":null},{"edgeID":"1744023","fromID":"1329606","toID":"1329547","formEdgeID":null},{"edgeID":"1744024","fromID":"1329592","toID":"1329607","formEdgeID":null},{"edgeID":"1744025","fromID":"1329607","toID":"1329606","formEdgeID":null},{"edgeID":"1744026","fromID":"1329577","toID":"1329608","formEdgeID":null},{"edgeID":"1744027","fromID":"1329608","toID":"1329552","formEdgeID":null},{"edgeID":"1744028","fromID":"1329582","toID":"1329609","formEdgeID":null},{"edgeID":"1744029","fromID":"1329609","toID":"1329577","formEdgeID":null},{"edgeID":"1744030","fromID":"1329602","toID":"1329610","formEdgeID":null},{"edgeID":"1744031","fromID":"1329610","toID":"1329609","formEdgeID":null}],"locutions":[]}