{"nodes":[{"nodeID":"1329876","text":"xxx of people who here are now more worried about their ability to pay their bills and buy food and pay their mortgage","type":"I","timestamp":"2023-11-09 13:37:29"},{"nodeID":"1329877","text":"Richard Bacon: who here is now more worried about their ability to pay their bills and buy food and pay their mortgage","type":"L","timestamp":"2023-11-09 13:37:29"},{"nodeID":"1329878","text":"Analysing","type":"YA","timestamp":"2023-11-09 13:37:29"},{"nodeID":"1329879","text":"Joanna: Richard Bacon: who here is now more worried about their ability to pay their bills and buy food and pay their mortgage","type":"L","timestamp":"2023-11-09 13:37:29"},{"nodeID":"1329880","text":"Assertive Questioning","type":"YA","timestamp":"2023-11-09 13:37:29"},{"nodeID":"1329881","text":"xxx of peope who feel more optimistic about the British economy since Friday","type":"I","timestamp":"2023-11-09 13:37:30"},{"nodeID":"1329882","text":"Richard Bacon: Feels more optimistic about the British economy since Friday","type":"L","timestamp":"2023-11-09 13:37:30"},{"nodeID":"1329883","text":"Analysing","type":"YA","timestamp":"2023-11-09 13:37:30"},{"nodeID":"1329884","text":"Joanna: Richard Bacon: Feels more optimistic about the British economy since Friday","type":"L","timestamp":"2023-11-09 13:37:30"},{"nodeID":"1329885","text":"Asserting","type":"YA","timestamp":"2023-11-09 13:37:30"},{"nodeID":"1329886","text":"Default Transition","type":"TA","timestamp":"2023-11-09 13:37:30"},{"nodeID":"1329887","text":"Default Rephrase","type":"MA","timestamp":"2023-11-09 13:37:30"},{"nodeID":"1329888","text":"Restating","type":"YA","timestamp":"2023-11-09 13:37:30"},{"nodeID":"1329889","text":"no one feels more optimistic about the British economy since Friday","type":"I","timestamp":"2023-11-09 13:37:30"},{"nodeID":"1329890","text":"Richard Bacon: no one","type":"L","timestamp":"2023-11-09 13:37:30"},{"nodeID":"1329891","text":"Analysing","type":"YA","timestamp":"2023-11-09 13:37:30"},{"nodeID":"1329892","text":"Joanna: Richard Bacon: no one","type":"L","timestamp":"2023-11-09 13:37:30"},{"nodeID":"1329893","text":"Asserting","type":"YA","timestamp":"2023-11-09 13:37:30"},{"nodeID":"1329894","text":"Default Transition","type":"TA","timestamp":"2023-11-09 13:37:30"},{"nodeID":"1329895","text":"Default Rephrase","type":"MA","timestamp":"2023-11-09 13:37:30"},{"nodeID":"1329896","text":"Default Illocuting","type":"YA","timestamp":"2023-11-09 13:37:30"},{"nodeID":"1329897","text":"Richard Bacon talks about people being worse off","type":"I","timestamp":"2023-11-09 13:37:31"},{"nodeID":"1329898","text":"Paul Scully: you talk about people being worse off","type":"L","timestamp":"2023-11-09 13:37:31"},{"nodeID":"1329899","text":"Analysing","type":"YA","timestamp":"2023-11-09 13:37:31"},{"nodeID":"1329900","text":"Joanna: Paul Scully: you talk about people being worse off","type":"L","timestamp":"2023-11-09 13:37:31"},{"nodeID":"1329901","text":"Asserting","type":"YA","timestamp":"2023-11-09 13:37:31"},{"nodeID":"1329902","text":"Default Transition","type":"TA","timestamp":"2023-11-09 13:37:31"},{"nodeID":"1329903","text":"Richard Bacon is asking people how they feel","type":"I","timestamp":"2023-11-09 13:37:32"},{"nodeID":"1329904","text":"Paul Scully: you're asking people how they feel","type":"L","timestamp":"2023-11-09 13:37:32"},{"nodeID":"1329905","text":"Analysing","type":"YA","timestamp":"2023-11-09 13:37:32"},{"nodeID":"1329906","text":"Joanna: Paul Scully: you're asking people how they feel","type":"L","timestamp":"2023-11-09 13:37:32"},{"nodeID":"1329907","text":"Asserting","type":"YA","timestamp":"2023-11-09 13:37:32"},{"nodeID":"1329908","text":"Default Transition","type":"TA","timestamp":"2023-11-09 13:37:32"},{"nodeID":"1329909","text":"Default Rephrase","type":"MA","timestamp":"2023-11-09 13:37:32"},{"nodeID":"1329910","text":"Default Transition","type":"TA","timestamp":"2023-11-09 13:37:32"},{"nodeID":"1329911","text":"Restating","type":"YA","timestamp":"2023-11-09 13:37:32"},{"nodeID":"1329912","text":"Default Rephrase","type":"MA","timestamp":"2023-11-09 13:37:32"},{"nodeID":"1329913","text":"Default Transition","type":"TA","timestamp":"2023-11-09 13:37:32"},{"nodeID":"1329914","text":"Restating","type":"YA","timestamp":"2023-11-09 13:37:32"},{"nodeID":"1329915","text":"Paul Scully can understand why people are concerned and worried about the future","type":"I","timestamp":"2023-11-09 13:37:32"},{"nodeID":"1329916","text":"Paul Scully: I can understand why people are concerned and worried about the future","type":"L","timestamp":"2023-11-09 13:37:32"},{"nodeID":"1329917","text":"Analysing","type":"YA","timestamp":"2023-11-09 13:37:32"},{"nodeID":"1329918","text":"Joanna: Paul Scully: I can understand why people are concerned and worried about the future","type":"L","timestamp":"2023-11-09 13:37:32"},{"nodeID":"1329919","text":"Asserting","type":"YA","timestamp":"2023-11-09 13:37:32"},{"nodeID":"1329920","text":"Default Transition","type":"TA","timestamp":"2023-11-09 13:37:32"},{"nodeID":"1329921","text":"Paul Scully can understand why people are concerned and worried about the future because of the narrative that we've had over the last week","type":"I","timestamp":"2023-11-09 13:37:33"},{"nodeID":"1329922","text":"Paul Scully: because of the narrative that we've had over the last week","type":"L","timestamp":"2023-11-09 13:37:33"},{"nodeID":"1329923","text":"Analysing","type":"YA","timestamp":"2023-11-09 13:37:33"},{"nodeID":"1329924","text":"Joanna: Paul Scully: because of the narrative that we've had over the last week","type":"L","timestamp":"2023-11-09 13:37:33"},{"nodeID":"1329925","text":"Asserting","type":"YA","timestamp":"2023-11-09 13:37:33"},{"nodeID":"1329926","text":"Default Transition","type":"TA","timestamp":"2023-11-09 13:37:33"},{"nodeID":"1329927","text":"Default Inference","type":"RA","timestamp":"2023-11-09 13:37:33"},{"nodeID":"1329928","text":"Arguing","type":"YA","timestamp":"2023-11-09 13:37:33"},{"nodeID":"1329929","text":"Fiona Bruce thinks that everobody being asked feels more worried","type":"I","timestamp":"2023-11-09 13:37:33"},{"nodeID":"1329930","text":"Fiona Bruce: if asked who feels more worried, I think it was everybody","type":"L","timestamp":"2023-11-09 13:37:33"},{"nodeID":"1329931","text":"Analysing","type":"YA","timestamp":"2023-11-09 13:37:33"},{"nodeID":"1329932","text":"Joanna: Fiona Bruce: if asked who feels more worried, I think it was everybody","type":"L","timestamp":"2023-11-09 13:37:33"},{"nodeID":"1329933","text":"Asserting","type":"YA","timestamp":"2023-11-09 13:37:33"},{"nodeID":"1329934","text":"Default Rephrase","type":"MA","timestamp":"2023-11-09 13:37:33"},{"nodeID":"1329935","text":"Default Transition","type":"TA","timestamp":"2023-11-09 13:37:33"},{"nodeID":"1329936","text":"Default Illocuting","type":"YA","timestamp":"2023-11-09 13:37:33"},{"nodeID":"1329937","text":"there are more people who voted Conservative in this audience than any other party","type":"I","timestamp":"2023-11-09 13:37:34"},{"nodeID":"1329938","text":"Fiona Bruce: there are more people who voted Conservative in this audience than any other party","type":"L","timestamp":"2023-11-09 13:37:34"},{"nodeID":"1329939","text":"Analysing","type":"YA","timestamp":"2023-11-09 13:37:34"},{"nodeID":"1329940","text":"Joanna: Fiona Bruce: there are more people who voted Conservative in this audience than any other party","type":"L","timestamp":"2023-11-09 13:37:34"},{"nodeID":"1329941","text":"Asserting","type":"YA","timestamp":"2023-11-09 13:37:34"},{"nodeID":"1329942","text":"Default Transition","type":"TA","timestamp":"2023-11-09 13:37:34"},{"nodeID":"1329943","text":"people feeling worried about British economy is not a party political thing","type":"I","timestamp":"2023-11-09 13:37:35"},{"nodeID":"1329944","text":"Fiona Bruce: This is not a party political thing","type":"L","timestamp":"2023-11-09 13:37:35"},{"nodeID":"1329945","text":"Analysing","type":"YA","timestamp":"2023-11-09 13:37:35"},{"nodeID":"1329946","text":"Joanna: Fiona Bruce: This is not a party political thing","type":"L","timestamp":"2023-11-09 13:37:35"},{"nodeID":"1329947","text":"Asserting","type":"YA","timestamp":"2023-11-09 13:37:35"},{"nodeID":"1329948","text":"Default Inference","type":"RA","timestamp":"2023-11-09 13:37:35"},{"nodeID":"1329949","text":"Default Transition","type":"TA","timestamp":"2023-11-09 13:37:35"},{"nodeID":"1329950","text":"Arguing","type":"YA","timestamp":"2023-11-09 13:37:35"},{"nodeID":"1329951","text":"there is unanimity on people feeling worried","type":"I","timestamp":"2023-11-09 13:37:35"},{"nodeID":"1329952","text":"Fiona Bruce: Unanimity on people feeling worried","type":"L","timestamp":"2023-11-09 13:37:35"},{"nodeID":"1329953","text":"Analysing","type":"YA","timestamp":"2023-11-09 13:37:35"},{"nodeID":"1329954","text":"Joanna: Fiona Bruce: Unanimity on people feeling worried","type":"L","timestamp":"2023-11-09 13:37:35"},{"nodeID":"1329955","text":"Asserting","type":"YA","timestamp":"2023-11-09 13:37:35"},{"nodeID":"1329956","text":"Default Transition","type":"TA","timestamp":"2023-11-09 13:37:35"},{"nodeID":"1329957","text":"Default Rephrase","type":"MA","timestamp":"2023-11-09 13:37:35"},{"nodeID":"1329958","text":"Restating","type":"YA","timestamp":"2023-11-09 13:37:35"},{"nodeID":"1329959","text":"we want to make sure that you can keep more of your money in your pockets, not the super wealthy","type":"I","timestamp":"2023-11-09 13:37:36"},{"nodeID":"1329960","text":"Paul Scully: we want to make sure that you can keep more of your money in your pockets, not the super wealthy","type":"L","timestamp":"2023-11-09 13:37:36"},{"nodeID":"1329961","text":"Analysing","type":"YA","timestamp":"2023-11-09 13:37:36"},{"nodeID":"1329962","text":"Joanna: Paul Scully: we want to make sure that you can keep more of your money in your pockets, not the super wealthy","type":"L","timestamp":"2023-11-09 13:37:36"},{"nodeID":"1329963","text":"Asserting","type":"YA","timestamp":"2023-11-09 13:37:36"},{"nodeID":"1329964","text":"Default Transition","type":"TA","timestamp":"2023-11-09 13:37:36"},{"nodeID":"1329965","text":"AudienceMember 20221006QT02 is a mortgage adviser","type":"I","timestamp":"2023-11-09 13:37:36"},{"nodeID":"1329966","text":"AudienceMember 20221006QT02: I'm a mortgage adviser","type":"L","timestamp":"2023-11-09 13:37:36"},{"nodeID":"1329967","text":"Analysing","type":"YA","timestamp":"2023-11-09 13:37:36"},{"nodeID":"1329968","text":"Joanna: AudienceMember 20221006QT02: I'm a mortgage adviser","type":"L","timestamp":"2023-11-09 13:37:36"},{"nodeID":"1329969","text":"Asserting","type":"YA","timestamp":"2023-11-09 13:37:36"},{"nodeID":"1329970","text":"Default Transition","type":"TA","timestamp":"2023-11-09 13:37:36"},{"nodeID":"1329971","text":"in the last week, AudienceMember 20221006QT02 have seen people's mortgages from last week, went from \u00a3750 to \u00a31500","type":"I","timestamp":"2023-11-09 13:37:37"},{"nodeID":"1329972","text":"AudienceMember 20221006QT02: In the last week, I have seen people's mortgages from last week, went from \u00a3750 to \u00a31500","type":"L","timestamp":"2023-11-09 13:37:37"},{"nodeID":"1329973","text":"Analysing","type":"YA","timestamp":"2023-11-09 13:37:37"},{"nodeID":"1329974","text":"Joanna: AudienceMember 20221006QT02: In the last week, I have seen people's mortgages from last week, went from \u00a3750 to \u00a31500","type":"L","timestamp":"2023-11-09 13:37:37"},{"nodeID":"1329975","text":"Asserting","type":"YA","timestamp":"2023-11-09 13:37:37"},{"nodeID":"1329976","text":"mortages going up are replacing the gas crisis, the electricity crisis","type":"I","timestamp":"2023-11-09 13:37:38"},{"nodeID":"1329977","text":"AudienceMember 20221006QT03: That's replacing the gas crisis, the electricity crisis","type":"L","timestamp":"2023-11-09 13:37:38"},{"nodeID":"1329978","text":"Analysing","type":"YA","timestamp":"2023-11-09 13:37:38"},{"nodeID":"1329979","text":"Joanna: AudienceMember 20221006QT03: That's replacing the gas crisis, the electricity crisis","type":"L","timestamp":"2023-11-09 13:37:38"},{"nodeID":"1329980","text":"Asserting","type":"YA","timestamp":"2023-11-09 13:37:38"},{"nodeID":"1329981","text":"crises have been replaced from one to the other","type":"I","timestamp":"2023-11-09 13:37:38"},{"nodeID":"1329982","text":"AudienceMember 20221006QT03: It has been replaced from one to the other","type":"L","timestamp":"2023-11-09 13:37:38"},{"nodeID":"1329983","text":"Analysing","type":"YA","timestamp":"2023-11-09 13:37:38"},{"nodeID":"1329984","text":"Joanna: AudienceMember 20221006QT03: It has been replaced from one to the other","type":"L","timestamp":"2023-11-09 13:37:38"},{"nodeID":"1329985","text":"Asserting","type":"YA","timestamp":"2023-11-09 13:37:38"},{"nodeID":"1329986","text":"Default Transition","type":"TA","timestamp":"2023-11-09 13:37:38"},{"nodeID":"1329987","text":"Default Rephrase","type":"MA","timestamp":"2023-11-09 13:37:38"},{"nodeID":"1329988","text":"Restating","type":"YA","timestamp":"2023-11-09 13:37:38"},{"nodeID":"1329989","text":"1600 mortgage products have been withdrawn","type":"I","timestamp":"2023-11-09 13:37:39"},{"nodeID":"1329990","text":"Richard Bacon: 1600 mortgage products have been withdrawn","type":"L","timestamp":"2023-11-09 13:37:39"},{"nodeID":"1329991","text":"Analysing","type":"YA","timestamp":"2023-11-09 13:37:39"},{"nodeID":"1329992","text":"Joanna: Richard Bacon: 1600 mortgage products have been withdrawn","type":"L","timestamp":"2023-11-09 13:37:39"},{"nodeID":"1329993","text":"Asserting","type":"YA","timestamp":"2023-11-09 13:37:39"},{"nodeID":"1329994","text":"1600 mortgage products are 40% of mortgage products","type":"I","timestamp":"2023-11-09 13:37:39"},{"nodeID":"1329995","text":"Fiona Bruce: It is 40% of mortgage products","type":"L","timestamp":"2023-11-09 13:37:39"},{"nodeID":"1329996","text":"Analysing","type":"YA","timestamp":"2023-11-09 13:37:39"},{"nodeID":"1329997","text":"Joanna: Fiona Bruce: It is 40% of mortgage products","type":"L","timestamp":"2023-11-09 13:37:39"},{"nodeID":"1329998","text":"Asserting","type":"YA","timestamp":"2023-11-09 13:37:39"},{"nodeID":"1329999","text":"Default Transition","type":"TA","timestamp":"2023-11-09 13:37:39"},{"nodeID":"1330000","text":"Default Rephrase","type":"MA","timestamp":"2023-11-09 13:37:39"},{"nodeID":"1330001","text":"Restating","type":"YA","timestamp":"2023-11-09 13:37:39"},{"nodeID":"1330002","text":"Default Inference","type":"RA","timestamp":"2023-11-09 13:37:39"},{"nodeID":"1330003","text":"Default Transition","type":"TA","timestamp":"2023-11-09 13:37:39"},{"nodeID":"1330004","text":"Arguing","type":"YA","timestamp":"2023-11-09 13:37:39"},{"nodeID":"1330005","text":"mortgages going up that much are amazing","type":"I","timestamp":"2023-11-09 13:37:40"},{"nodeID":"1330006","text":"Richard Bacon: That's amazing","type":"L","timestamp":"2023-11-09 13:37:40"},{"nodeID":"1330007","text":"Analysing","type":"YA","timestamp":"2023-11-09 13:37:40"},{"nodeID":"1330008","text":"Joanna: Richard Bacon: That's amazing","type":"L","timestamp":"2023-11-09 13:37:40"},{"nodeID":"1330009","text":"Asserting","type":"YA","timestamp":"2023-11-09 13:37:40"},{"nodeID":"1330010","text":"Default Transition","type":"TA","timestamp":"2023-11-09 13:37:40"},{"nodeID":"1330011","text":"Default Transition","type":"TA","timestamp":"2023-11-09 13:37:40"},{"nodeID":"1330012","text":"you were meant to be better off because of this","type":"I","timestamp":"2023-11-09 13:37:41"},{"nodeID":"1330013","text":"Richard Bacon: you were meant to be better off because of this","type":"L","timestamp":"2023-11-09 13:37:41"},{"nodeID":"1330014","text":"Analysing","type":"YA","timestamp":"2023-11-09 13:37:41"},{"nodeID":"1330015","text":"Joanna: Richard Bacon: you were meant to be better off because of this","type":"L","timestamp":"2023-11-09 13:37:41"},{"nodeID":"1330016","text":"Assertive Questioning","type":"YA","timestamp":"2023-11-09 13:37:41"},{"nodeID":"1330017","text":"Default Transition","type":"TA","timestamp":"2023-11-09 13:37:41"},{"nodeID":"1330018","text":"Default Rephrase","type":"MA","timestamp":"2023-11-09 13:37:41"},{"nodeID":"1330019","text":"Restating","type":"YA","timestamp":"2023-11-09 13:37:41"},{"nodeID":"1330020","text":"Default Conflict","type":"CA","timestamp":"2023-11-09 13:37:41"},{"nodeID":"1330021","text":"Default Transition","type":"TA","timestamp":"2023-11-09 13:37:41"},{"nodeID":"1330022","text":"Disagreeing","type":"YA","timestamp":"2023-11-09 13:37:41"},{"nodeID":"1330023","text":"Default Inference","type":"RA","timestamp":"2023-11-09 13:37:41"},{"nodeID":"1330024","text":"Default Transition","type":"TA","timestamp":"2023-11-09 13:37:41"},{"nodeID":"1330025","text":"Arguing","type":"YA","timestamp":"2023-11-09 13:37:41"}],"edges":[{"edgeID":"1744343","fromID":"1329878","toID":"1329877","formEdgeID":null},{"edgeID":"1744344","fromID":"1329879","toID":"1329878","formEdgeID":null},{"edgeID":"1744345","fromID":"1329877","toID":"1329880","formEdgeID":null},{"edgeID":"1744346","fromID":"1329880","toID":"1329876","formEdgeID":null},{"edgeID":"1744347","fromID":"1329883","toID":"1329882","formEdgeID":null},{"edgeID":"1744348","fromID":"1329884","toID":"1329883","formEdgeID":null},{"edgeID":"1744349","fromID":"1329882","toID":"1329885","formEdgeID":null},{"edgeID":"1744350","fromID":"1329885","toID":"1329881","formEdgeID":null},{"edgeID":"1744351","fromID":"1329877","toID":"1329886","formEdgeID":null},{"edgeID":"1744352","fromID":"1329886","toID":"1329882","formEdgeID":null},{"edgeID":"1744353","fromID":"1329881","toID":"1329887","formEdgeID":null},{"edgeID":"1744354","fromID":"1329887","toID":"1329876","formEdgeID":null},{"edgeID":"1744355","fromID":"1329886","toID":"1329888","formEdgeID":null},{"edgeID":"1744356","fromID":"1329888","toID":"1329887","formEdgeID":null},{"edgeID":"1744357","fromID":"1329891","toID":"1329890","formEdgeID":null},{"edgeID":"1744358","fromID":"1329892","toID":"1329891","formEdgeID":null},{"edgeID":"1744359","fromID":"1329890","toID":"1329893","formEdgeID":null},{"edgeID":"1744360","fromID":"1329893","toID":"1329889","formEdgeID":null},{"edgeID":"1744361","fromID":"1329882","toID":"1329894","formEdgeID":null},{"edgeID":"1744362","fromID":"1329894","toID":"1329890","formEdgeID":null},{"edgeID":"1744363","fromID":"1329889","toID":"1329895","formEdgeID":null},{"edgeID":"1744364","fromID":"1329895","toID":"1329881","formEdgeID":null},{"edgeID":"1744365","fromID":"1329894","toID":"1329896","formEdgeID":null},{"edgeID":"1744366","fromID":"1329896","toID":"1329895","formEdgeID":null},{"edgeID":"1744367","fromID":"1329899","toID":"1329898","formEdgeID":null},{"edgeID":"1744368","fromID":"1329900","toID":"1329899","formEdgeID":null},{"edgeID":"1744369","fromID":"1329898","toID":"1329901","formEdgeID":null},{"edgeID":"1744370","fromID":"1329901","toID":"1329897","formEdgeID":null},{"edgeID":"1744371","fromID":"1329890","toID":"1329902","formEdgeID":null},{"edgeID":"1744372","fromID":"1329902","toID":"1329898","formEdgeID":null},{"edgeID":"1744373","fromID":"1329905","toID":"1329904","formEdgeID":null},{"edgeID":"1744374","fromID":"1329906","toID":"1329905","formEdgeID":null},{"edgeID":"1744375","fromID":"1329904","toID":"1329907","formEdgeID":null},{"edgeID":"1744376","fromID":"1329907","toID":"1329903","formEdgeID":null},{"edgeID":"1744377","fromID":"1329898","toID":"1329908","formEdgeID":null},{"edgeID":"1744378","fromID":"1329908","toID":"1329904","formEdgeID":null},{"edgeID":"1744379","fromID":"1329897","toID":"1329909","formEdgeID":null},{"edgeID":"1744380","fromID":"1329909","toID":"1329876","formEdgeID":null},{"edgeID":"1744381","fromID":"1329877","toID":"1329910","formEdgeID":null},{"edgeID":"1744382","fromID":"1329910","toID":"1329898","formEdgeID":null},{"edgeID":"1744383","fromID":"1329910","toID":"1329911","formEdgeID":null},{"edgeID":"1744384","fromID":"1329911","toID":"1329909","formEdgeID":null},{"edgeID":"1744385","fromID":"1329903","toID":"1329912","formEdgeID":null},{"edgeID":"1744386","fromID":"1329912","toID":"1329881","formEdgeID":null},{"edgeID":"1744387","fromID":"1329877","toID":"1329913","formEdgeID":null},{"edgeID":"1744388","fromID":"1329913","toID":"1329904","formEdgeID":null},{"edgeID":"1744389","fromID":"1329913","toID":"1329914","formEdgeID":null},{"edgeID":"1744390","fromID":"1329914","toID":"1329912","formEdgeID":null},{"edgeID":"1744391","fromID":"1329917","toID":"1329916","formEdgeID":null},{"edgeID":"1744392","fromID":"1329918","toID":"1329917","formEdgeID":null},{"edgeID":"1744393","fromID":"1329916","toID":"1329919","formEdgeID":null},{"edgeID":"1744394","fromID":"1329919","toID":"1329915","formEdgeID":null},{"edgeID":"1744395","fromID":"1329904","toID":"1329920","formEdgeID":null},{"edgeID":"1744396","fromID":"1329920","toID":"1329916","formEdgeID":null},{"edgeID":"1744397","fromID":"1329923","toID":"1329922","formEdgeID":null},{"edgeID":"1744398","fromID":"1329924","toID":"1329923","formEdgeID":null},{"edgeID":"1744399","fromID":"1329922","toID":"1329925","formEdgeID":null},{"edgeID":"1744400","fromID":"1329925","toID":"1329921","formEdgeID":null},{"edgeID":"1744401","fromID":"1329916","toID":"1329926","formEdgeID":null},{"edgeID":"1744402","fromID":"1329926","toID":"1329922","formEdgeID":null},{"edgeID":"1744403","fromID":"1329921","toID":"1329927","formEdgeID":null},{"edgeID":"1744404","fromID":"1329927","toID":"1329915","formEdgeID":null},{"edgeID":"1744405","fromID":"1329926","toID":"1329928","formEdgeID":null},{"edgeID":"1744406","fromID":"1329928","toID":"1329927","formEdgeID":null},{"edgeID":"1744407","fromID":"1329931","toID":"1329930","formEdgeID":null},{"edgeID":"1744408","fromID":"1329932","toID":"1329931","formEdgeID":null},{"edgeID":"1744409","fromID":"1329930","toID":"1329933","formEdgeID":null},{"edgeID":"1744410","fromID":"1329933","toID":"1329929","formEdgeID":null},{"edgeID":"1744411","fromID":"1329929","toID":"1329934","formEdgeID":null},{"edgeID":"1744412","fromID":"1329934","toID":"1329876","formEdgeID":null},{"edgeID":"1744413","fromID":"1329877","toID":"1329935","formEdgeID":null},{"edgeID":"1744414","fromID":"1329935","toID":"1329930","formEdgeID":null},{"edgeID":"1744415","fromID":"1329935","toID":"1329936","formEdgeID":null},{"edgeID":"1744416","fromID":"1329936","toID":"1329934","formEdgeID":null},{"edgeID":"1744417","fromID":"1329939","toID":"1329938","formEdgeID":null},{"edgeID":"1744418","fromID":"1329940","toID":"1329939","formEdgeID":null},{"edgeID":"1744419","fromID":"1329938","toID":"1329941","formEdgeID":null},{"edgeID":"1744420","fromID":"1329941","toID":"1329937","formEdgeID":null},{"edgeID":"1744421","fromID":"1329930","toID":"1329942","formEdgeID":null},{"edgeID":"1744422","fromID":"1329942","toID":"1329938","formEdgeID":null},{"edgeID":"1744423","fromID":"1329945","toID":"1329944","formEdgeID":null},{"edgeID":"1744424","fromID":"1329946","toID":"1329945","formEdgeID":null},{"edgeID":"1744425","fromID":"1329944","toID":"1329947","formEdgeID":null},{"edgeID":"1744426","fromID":"1329947","toID":"1329943","formEdgeID":null},{"edgeID":"1744427","fromID":"1329929","toID":"1329948","formEdgeID":null},{"edgeID":"1744428","fromID":"1329948","toID":"1329943","formEdgeID":null},{"edgeID":"1744429","fromID":"1329937","toID":"1329948","formEdgeID":null},{"edgeID":"1744430","fromID":"1329930","toID":"1329949","formEdgeID":null},{"edgeID":"1744431","fromID":"1329949","toID":"1329944","formEdgeID":null},{"edgeID":"1744432","fromID":"1329949","toID":"1329950","formEdgeID":null},{"edgeID":"1744433","fromID":"1329950","toID":"1329948","formEdgeID":null},{"edgeID":"1744434","fromID":"1329953","toID":"1329952","formEdgeID":null},{"edgeID":"1744435","fromID":"1329954","toID":"1329953","formEdgeID":null},{"edgeID":"1744436","fromID":"1329952","toID":"1329955","formEdgeID":null},{"edgeID":"1744437","fromID":"1329955","toID":"1329951","formEdgeID":null},{"edgeID":"1744438","fromID":"1329944","toID":"1329956","formEdgeID":null},{"edgeID":"1744439","fromID":"1329956","toID":"1329952","formEdgeID":null},{"edgeID":"1744440","fromID":"1329951","toID":"1329957","formEdgeID":null},{"edgeID":"1744441","fromID":"1329957","toID":"1329943","formEdgeID":null},{"edgeID":"1744442","fromID":"1329956","toID":"1329958","formEdgeID":null},{"edgeID":"1744443","fromID":"1329958","toID":"1329957","formEdgeID":null},{"edgeID":"1744444","fromID":"1329961","toID":"1329960","formEdgeID":null},{"edgeID":"1744445","fromID":"1329962","toID":"1329961","formEdgeID":null},{"edgeID":"1744446","fromID":"1329960","toID":"1329963","formEdgeID":null},{"edgeID":"1744447","fromID":"1329963","toID":"1329959","formEdgeID":null},{"edgeID":"1744448","fromID":"1329952","toID":"1329964","formEdgeID":null},{"edgeID":"1744449","fromID":"1329964","toID":"1329960","formEdgeID":null},{"edgeID":"1744450","fromID":"1329967","toID":"1329966","formEdgeID":null},{"edgeID":"1744451","fromID":"1329968","toID":"1329967","formEdgeID":null},{"edgeID":"1744452","fromID":"1329966","toID":"1329969","formEdgeID":null},{"edgeID":"1744453","fromID":"1329969","toID":"1329965","formEdgeID":null},{"edgeID":"1744454","fromID":"1329960","toID":"1329970","formEdgeID":null},{"edgeID":"1744455","fromID":"1329970","toID":"1329966","formEdgeID":null},{"edgeID":"1744456","fromID":"1329973","toID":"1329972","formEdgeID":null},{"edgeID":"1744457","fromID":"1329974","toID":"1329973","formEdgeID":null},{"edgeID":"1744458","fromID":"1329972","toID":"1329975","formEdgeID":null},{"edgeID":"1744459","fromID":"1329975","toID":"1329971","formEdgeID":null},{"edgeID":"1744460","fromID":"1329978","toID":"1329977","formEdgeID":null},{"edgeID":"1744461","fromID":"1329979","toID":"1329978","formEdgeID":null},{"edgeID":"1744462","fromID":"1329977","toID":"1329980","formEdgeID":null},{"edgeID":"1744463","fromID":"1329980","toID":"1329976","formEdgeID":null},{"edgeID":"1744464","fromID":"1329983","toID":"1329982","formEdgeID":null},{"edgeID":"1744465","fromID":"1329984","toID":"1329983","formEdgeID":null},{"edgeID":"1744466","fromID":"1329982","toID":"1329985","formEdgeID":null},{"edgeID":"1744467","fromID":"1329985","toID":"1329981","formEdgeID":null},{"edgeID":"1744468","fromID":"1329977","toID":"1329986","formEdgeID":null},{"edgeID":"1744469","fromID":"1329986","toID":"1329982","formEdgeID":null},{"edgeID":"1744470","fromID":"1329981","toID":"1329987","formEdgeID":null},{"edgeID":"1744471","fromID":"1329987","toID":"1329976","formEdgeID":null},{"edgeID":"1744472","fromID":"1329986","toID":"1329988","formEdgeID":null},{"edgeID":"1744473","fromID":"1329988","toID":"1329987","formEdgeID":null},{"edgeID":"1744474","fromID":"1329991","toID":"1329990","formEdgeID":null},{"edgeID":"1744475","fromID":"1329992","toID":"1329991","formEdgeID":null},{"edgeID":"1744476","fromID":"1329990","toID":"1329993","formEdgeID":null},{"edgeID":"1744477","fromID":"1329993","toID":"1329989","formEdgeID":null},{"edgeID":"1744478","fromID":"1329996","toID":"1329995","formEdgeID":null},{"edgeID":"1744479","fromID":"1329997","toID":"1329996","formEdgeID":null},{"edgeID":"1744480","fromID":"1329995","toID":"1329998","formEdgeID":null},{"edgeID":"1744481","fromID":"1329998","toID":"1329994","formEdgeID":null},{"edgeID":"1744482","fromID":"1329990","toID":"1329999","formEdgeID":null},{"edgeID":"1744483","fromID":"1329999","toID":"1329995","formEdgeID":null},{"edgeID":"1744484","fromID":"1329994","toID":"1330000","formEdgeID":null},{"edgeID":"1744485","fromID":"1330000","toID":"1329989","formEdgeID":null},{"edgeID":"1744486","fromID":"1329999","toID":"1330001","formEdgeID":null},{"edgeID":"1744487","fromID":"1330001","toID":"1330000","formEdgeID":null},{"edgeID":"1744488","fromID":"1329989","toID":"1330002","formEdgeID":null},{"edgeID":"1744489","fromID":"1330002","toID":"1329976","formEdgeID":null},{"edgeID":"1744490","fromID":"1329977","toID":"1330003","formEdgeID":null},{"edgeID":"1744491","fromID":"1330003","toID":"1329990","formEdgeID":null},{"edgeID":"1744492","fromID":"1330003","toID":"1330004","formEdgeID":null},{"edgeID":"1744493","fromID":"1330004","toID":"1330002","formEdgeID":null},{"edgeID":"1744494","fromID":"1330007","toID":"1330006","formEdgeID":null},{"edgeID":"1744495","fromID":"1330008","toID":"1330007","formEdgeID":null},{"edgeID":"1744496","fromID":"1330006","toID":"1330009","formEdgeID":null},{"edgeID":"1744497","fromID":"1330009","toID":"1330005","formEdgeID":null},{"edgeID":"1744498","fromID":"1329972","toID":"1330010","formEdgeID":null},{"edgeID":"1744499","fromID":"1330010","toID":"1330006","formEdgeID":null},{"edgeID":"1744500","fromID":"1330006","toID":"1330011","formEdgeID":null},{"edgeID":"1744501","fromID":"1330011","toID":"1329977","formEdgeID":null},{"edgeID":"1744502","fromID":"1330014","toID":"1330013","formEdgeID":null},{"edgeID":"1744503","fromID":"1330015","toID":"1330014","formEdgeID":null},{"edgeID":"1744504","fromID":"1330013","toID":"1330016","formEdgeID":null},{"edgeID":"1744505","fromID":"1330016","toID":"1330012","formEdgeID":null},{"edgeID":"1744506","fromID":"1330013","toID":"1330017","formEdgeID":null},{"edgeID":"1744507","fromID":"1330017","toID":"1329877","formEdgeID":null},{"edgeID":"1744508","fromID":"1329876","toID":"1330018","formEdgeID":null},{"edgeID":"1744509","fromID":"1330018","toID":"1330012","formEdgeID":null},{"edgeID":"1744510","fromID":"1330017","toID":"1330019","formEdgeID":null},{"edgeID":"1744511","fromID":"1330019","toID":"1330018","formEdgeID":null},{"edgeID":"1744512","fromID":"1329971","toID":"1330020","formEdgeID":null},{"edgeID":"1744513","fromID":"1330020","toID":"1329959","formEdgeID":null},{"edgeID":"1744514","fromID":"1329960","toID":"1330021","formEdgeID":null},{"edgeID":"1744515","fromID":"1330021","toID":"1329972","formEdgeID":null},{"edgeID":"1744516","fromID":"1330021","toID":"1330022","formEdgeID":null},{"edgeID":"1744517","fromID":"1330022","toID":"1330020","formEdgeID":null},{"edgeID":"1744518","fromID":"1329965","toID":"1330023","formEdgeID":null},{"edgeID":"1744519","fromID":"1330023","toID":"1329971","formEdgeID":null},{"edgeID":"1744520","fromID":"1329966","toID":"1330024","formEdgeID":null},{"edgeID":"1744521","fromID":"1330024","toID":"1329972","formEdgeID":null},{"edgeID":"1744522","fromID":"1330024","toID":"1330025","formEdgeID":null},{"edgeID":"1744523","fromID":"1330025","toID":"1330023","formEdgeID":null}],"locutions":[]}