{"nodes":[{"nodeID":"1330878","text":"Paul Scully explains why we reduced the top rate of income tax for rich people, and took away the cap on bankers' bonuses","type":"I","timestamp":"2023-11-09 13:38:53"},{"nodeID":"1330879","text":"Paul Scully: let me explain why we did it","type":"L","timestamp":"2023-11-09 13:38:53"},{"nodeID":"1330880","text":"Analysing","type":"YA","timestamp":"2023-11-09 13:38:53"},{"nodeID":"1330881","text":"Dominika: Paul Scully: let me explain why we did it","type":"L","timestamp":"2023-11-09 13:38:53"},{"nodeID":"1330882","text":"Asserting","type":"YA","timestamp":"2023-11-09 13:38:53"},{"nodeID":"1330883","text":"explaining might give you a bit of context","type":"I","timestamp":"2023-11-09 13:38:53"},{"nodeID":"1330884","text":"Paul Scully: it might give you a bit of context","type":"L","timestamp":"2023-11-09 13:38:53"},{"nodeID":"1330885","text":"Analysing","type":"YA","timestamp":"2023-11-09 13:38:53"},{"nodeID":"1330886","text":"Dominika: Paul Scully: it might give you a bit of context","type":"L","timestamp":"2023-11-09 13:38:53"},{"nodeID":"1330887","text":"Asserting","type":"YA","timestamp":"2023-11-09 13:38:53"},{"nodeID":"1330888","text":"in terms of optics there is never a good time to receive that accusation","type":"I","timestamp":"2023-11-09 13:38:54"},{"nodeID":"1330889","text":"Paul Scully: there is never a good time to receive that accusation","type":"L","timestamp":"2023-11-09 13:38:54"},{"nodeID":"1330890","text":"Analysing","type":"YA","timestamp":"2023-11-09 13:38:54"},{"nodeID":"1330891","text":"Dominika: Paul Scully: there is never a good time to receive that accusation","type":"L","timestamp":"2023-11-09 13:38:54"},{"nodeID":"1330892","text":"Asserting","type":"YA","timestamp":"2023-11-09 13:38:54"},{"nodeID":"1330893","text":"the 45%, basically top rate of tax, it just does not compete when you look at the United States","type":"I","timestamp":"2023-11-09 13:38:54"},{"nodeID":"1330894","text":"Paul Scully: the 45%, basically top rate of tax, it just does not compete when you look at the US","type":"L","timestamp":"2023-11-09 13:38:54"},{"nodeID":"1330895","text":"Analysing","type":"YA","timestamp":"2023-11-09 13:38:54"},{"nodeID":"1330896","text":"Dominika: Paul Scully: the 45%, basically top rate of tax, it just does not compete when you look at the US","type":"L","timestamp":"2023-11-09 13:38:54"},{"nodeID":"1330897","text":"Asserting","type":"YA","timestamp":"2023-11-09 13:38:54"},{"nodeID":"1330898","text":"the top rate tax in the United States is 37%","type":"I","timestamp":"2023-11-09 13:38:55"},{"nodeID":"1330899","text":"Paul Scully: it is 37%","type":"L","timestamp":"2023-11-09 13:38:55"},{"nodeID":"1330900","text":"Analysing","type":"YA","timestamp":"2023-11-09 13:38:55"},{"nodeID":"1330901","text":"Dominika: Paul Scully: it is 37%","type":"L","timestamp":"2023-11-09 13:38:55"},{"nodeID":"1330902","text":"Asserting","type":"YA","timestamp":"2023-11-09 13:38:55"},{"nodeID":"1330903","text":"you look at Italy, look at Norway, as a lower top tax rate","type":"I","timestamp":"2023-11-09 13:38:56"},{"nodeID":"1330904","text":"Paul Scully: You look at Italy, look at Norway, as a lower top tax rate","type":"L","timestamp":"2023-11-09 13:38:56"},{"nodeID":"1330905","text":"Analysing","type":"YA","timestamp":"2023-11-09 13:38:56"},{"nodeID":"1330906","text":"Dominika: Paul Scully: You look at Italy, look at Norway, as a lower top tax rate","type":"L","timestamp":"2023-11-09 13:38:56"},{"nodeID":"1330907","text":"Asserting","type":"YA","timestamp":"2023-11-09 13:38:56"},{"nodeID":"1330908","text":"Default Transition","type":"TA","timestamp":"2023-11-09 13:38:56"},{"nodeID":"1330909","text":"Default Inference","type":"RA","timestamp":"2023-11-09 13:38:56"},{"nodeID":"1330910","text":"Arguing","type":"YA","timestamp":"2023-11-09 13:38:56"},{"nodeID":"1330911","text":"Default Inference","type":"RA","timestamp":"2023-11-09 13:38:56"},{"nodeID":"1330912","text":"Default Transition","type":"TA","timestamp":"2023-11-09 13:38:56"},{"nodeID":"1330913","text":"Arguing","type":"YA","timestamp":"2023-11-09 13:38:56"},{"nodeID":"1330914","text":"Default Transition","type":"TA","timestamp":"2023-11-09 13:38:56"},{"nodeID":"1330915","text":"Default Transition","type":"TA","timestamp":"2023-11-09 13:38:56"},{"nodeID":"1330916","text":"Default Inference","type":"RA","timestamp":"2023-11-09 13:38:56"},{"nodeID":"1330917","text":"Arguing","type":"YA","timestamp":"2023-11-09 13:38:56"},{"nodeID":"1330918","text":"Default Transition","type":"TA","timestamp":"2023-11-09 13:38:56"},{"nodeID":"1330919","text":"the IMF said this mini-budget is going to increase inequality","type":"I","timestamp":"2023-11-09 13:38:56"},{"nodeID":"1330920","text":"Richard Bacon: The IMF said this mini-budget is going to increase inequality","type":"L","timestamp":"2023-11-09 13:38:56"},{"nodeID":"1330921","text":"Analysing","type":"YA","timestamp":"2023-11-09 13:38:56"},{"nodeID":"1330922","text":"Dominika: Richard Bacon: The IMF said this mini-budget is going to increase inequality","type":"L","timestamp":"2023-11-09 13:38:56"},{"nodeID":"1330923","text":"Asserting","type":"YA","timestamp":"2023-11-09 13:38:56"},{"nodeID":"1330924","text":"Default Transition","type":"TA","timestamp":"2023-11-09 13:38:56"},{"nodeID":"1330925","text":"Anne is agreeing with Fiona Bruce","type":"I","timestamp":"2023-11-09 13:38:57"},{"nodeID":"1330926","text":"Fiona Bruce: Anne is agreeing with me","type":"L","timestamp":"2023-11-09 13:38:57"},{"nodeID":"1330927","text":"Analysing","type":"YA","timestamp":"2023-11-09 13:38:57"},{"nodeID":"1330928","text":"Dominika: Fiona Bruce: Anne is agreeing with me","type":"L","timestamp":"2023-11-09 13:38:57"},{"nodeID":"1330929","text":"Asserting","type":"YA","timestamp":"2023-11-09 13:38:57"},{"nodeID":"1330930","text":"the mini-budget is all about growth","type":"I","timestamp":"2023-11-09 13:38:57"},{"nodeID":"1330931","text":"Paul Scully: It is all about growth","type":"L","timestamp":"2023-11-09 13:38:57"},{"nodeID":"1330932","text":"Analysing","type":"YA","timestamp":"2023-11-09 13:38:57"},{"nodeID":"1330933","text":"Dominika: Paul Scully: It is all about growth","type":"L","timestamp":"2023-11-09 13:38:57"},{"nodeID":"1330934","text":"Asserting","type":"YA","timestamp":"2023-11-09 13:38:57"},{"nodeID":"1330935","text":"Anne McElvoy doesn't think there was a widespread expectation there would be a cut","type":"I","timestamp":"2023-11-09 13:38:58"},{"nodeID":"1330936","text":"Anne McElvoy: I don't think there was a widespread expectation there would be a cut","type":"L","timestamp":"2023-11-09 13:38:58"},{"nodeID":"1330937","text":"Analysing","type":"YA","timestamp":"2023-11-09 13:38:58"},{"nodeID":"1330938","text":"Dominika: Anne McElvoy: I don't think there was a widespread expectation there would be a cut","type":"L","timestamp":"2023-11-09 13:38:58"},{"nodeID":"1330939","text":"Asserting","type":"YA","timestamp":"2023-11-09 13:38:58"},{"nodeID":"1330940","text":"the cut seemed to be done for symbolic reasons","type":"I","timestamp":"2023-11-09 13:38:59"},{"nodeID":"1330941","text":"Anne McElvoy: It seemed to be done for symbolic reasons","type":"L","timestamp":"2023-11-09 13:38:59"},{"nodeID":"1330942","text":"Analysing","type":"YA","timestamp":"2023-11-09 13:38:59"},{"nodeID":"1330943","text":"Dominika: Anne McElvoy: It seemed to be done for symbolic reasons","type":"L","timestamp":"2023-11-09 13:38:59"},{"nodeID":"1330944","text":"Asserting","type":"YA","timestamp":"2023-11-09 13:38:59"},{"nodeID":"1330945","text":"Default Transition","type":"TA","timestamp":"2023-11-09 13:38:59"},{"nodeID":"1330946","text":"Default Transition","type":"TA","timestamp":"2023-11-09 13:38:59"},{"nodeID":"1330947","text":"Anne McElvoy: You say the optics","type":"L","timestamp":"2023-11-09 13:38:59"},{"nodeID":"1330948","text":"Analysing","type":"YA","timestamp":"2023-11-09 13:38:59"},{"nodeID":"1330949","text":"Dominika: Anne McElvoy: You say the optics","type":"L","timestamp":"2023-11-09 13:38:59"},{"nodeID":"1330950","text":"Paul Scully: in terms of optics there is never a good time to receive that accusation","type":"L","timestamp":"2023-11-09 13:38:59"},{"nodeID":"1330951","text":"Analysing","type":"YA","timestamp":"2023-11-09 13:38:59"},{"nodeID":"1330952","text":"Dominika: Paul Scully:","type":"L","timestamp":"2023-11-09 13:38:59"},{"nodeID":"1330953","text":"Asserting","type":"YA","timestamp":"2023-11-09 13:38:59"},{"nodeID":"1330954","text":"Asserting","type":"YA","timestamp":"2023-11-09 13:38:59"},{"nodeID":"1330955","text":"Default Transition","type":"TA","timestamp":"2023-11-09 13:38:59"},{"nodeID":"1330956","text":"Default Rephrase","type":"MA","timestamp":"2023-11-09 13:38:59"},{"nodeID":"1330957","text":"Default Transition","type":"TA","timestamp":"2023-11-09 13:38:59"},{"nodeID":"1330958","text":"Restating","type":"YA","timestamp":"2023-11-09 13:38:59"},{"nodeID":"1330959","text":"the optics were why reducing the top rate of income tax for rich people was a priority","type":"I","timestamp":"2023-11-09 13:38:59"},{"nodeID":"1330960","text":"Anne McElvoy: the optics were why was that a priority","type":"L","timestamp":"2023-11-09 13:38:59"},{"nodeID":"1330961","text":"Analysing","type":"YA","timestamp":"2023-11-09 13:38:59"},{"nodeID":"1330962","text":"Dominika: Anne McElvoy: the optics were why was that a priority","type":"L","timestamp":"2023-11-09 13:38:59"},{"nodeID":"1330963","text":"Asserting","type":"YA","timestamp":"2023-11-09 13:38:59"},{"nodeID":"1330964","text":"fiscally, reducing the top rate of income tax for rich people is relatively minor","type":"I","timestamp":"2023-11-09 13:39:00"},{"nodeID":"1330965","text":"Anne McElvoy: Fiscally, it is relatively minor","type":"L","timestamp":"2023-11-09 13:39:00"},{"nodeID":"1330966","text":"Analysing","type":"YA","timestamp":"2023-11-09 13:39:00"},{"nodeID":"1330967","text":"Dominika: Anne McElvoy: Fiscally, it is relatively minor","type":"L","timestamp":"2023-11-09 13:39:00"},{"nodeID":"1330968","text":"Asserting","type":"YA","timestamp":"2023-11-09 13:39:00"},{"nodeID":"1330969","text":"there are lots things that are happening other than reducing the top rate of income tax for rich people","type":"I","timestamp":"2023-11-09 13:39:00"},{"nodeID":"1330970","text":"Anne McElvoy: lots of the other things that are happening","type":"L","timestamp":"2023-11-09 13:39:00"},{"nodeID":"1330971","text":"Analysing","type":"YA","timestamp":"2023-11-09 13:39:00"},{"nodeID":"1330972","text":"Dominika: Anne McElvoy: lots of the other things that are happening","type":"L","timestamp":"2023-11-09 13:39:00"},{"nodeID":"1330973","text":"Asserting","type":"YA","timestamp":"2023-11-09 13:39:00"},{"nodeID":"1330974","text":"Default Transition","type":"TA","timestamp":"2023-11-09 13:39:00"},{"nodeID":"1330975","text":"Default Inference","type":"RA","timestamp":"2023-11-09 13:39:00"},{"nodeID":"1330976","text":"Default Transition","type":"TA","timestamp":"2023-11-09 13:39:00"},{"nodeID":"1330977","text":"Default Transition","type":"TA","timestamp":"2023-11-09 13:39:00"},{"nodeID":"1330978","text":"Arguing","type":"YA","timestamp":"2023-11-09 13:39:00"},{"nodeID":"1330979","text":"Anne McElvoy does or does not  mean reducing the top rate of income tax for rich people is minor in terms of the difference it will make to the economy","type":"I","timestamp":"2023-11-09 13:39:01"},{"nodeID":"1330980","text":"Fiona Bruce: You mean in terms of the difference it will make to the economy","type":"L","timestamp":"2023-11-09 13:39:01"},{"nodeID":"1330981","text":"Analysing","type":"YA","timestamp":"2023-11-09 13:39:01"},{"nodeID":"1330982","text":"Dominika: Fiona Bruce: You mean in terms of the difference it will make to the economy","type":"L","timestamp":"2023-11-09 13:39:01"},{"nodeID":"1330983","text":"Pure Questioning","type":"YA","timestamp":"2023-11-09 13:39:01"},{"nodeID":"1330984","text":"reducing the top rate of income tax for rich people is minor in terms of the difference it will really make","type":"I","timestamp":"2023-11-09 13:39:02"},{"nodeID":"1330985","text":"Anne McElvoy: In terms of the difference it will really make","type":"L","timestamp":"2023-11-09 13:39:02"},{"nodeID":"1330986","text":"Analysing","type":"YA","timestamp":"2023-11-09 13:39:02"},{"nodeID":"1330987","text":"Dominika: Anne McElvoy: In terms of the difference it will really make","type":"L","timestamp":"2023-11-09 13:39:02"},{"nodeID":"1330988","text":"Asserting","type":"YA","timestamp":"2023-11-09 13:39:02"},{"nodeID":"1330989","text":"Default Transition","type":"TA","timestamp":"2023-11-09 13:39:02"},{"nodeID":"1330990","text":"Default Transition","type":"TA","timestamp":"2023-11-09 13:39:02"},{"nodeID":"1330991","text":"Anne McElvoy thinks it was an odd time to reduce the top rate of income tax for rich people","type":"I","timestamp":"2023-11-09 13:39:02"},{"nodeID":"1330992","text":"Anne McElvoy: I think it was an odd time to do it","type":"L","timestamp":"2023-11-09 13:39:02"},{"nodeID":"1330993","text":"Analysing","type":"YA","timestamp":"2023-11-09 13:39:02"},{"nodeID":"1330994","text":"Dominika: Anne McElvoy: I think it was an odd time to do it","type":"L","timestamp":"2023-11-09 13:39:02"},{"nodeID":"1330995","text":"Asserting","type":"YA","timestamp":"2023-11-09 13:39:02"},{"nodeID":"1330996","text":"Default Transition","type":"TA","timestamp":"2023-11-09 13:39:02"},{"nodeID":"1330997","text":"reducing the top rate of income tax for rich people strikes Anne McElvoy as a budget that you could have done after Brexit in 2016 and let a lot of things rip","type":"I","timestamp":"2023-11-09 13:39:03"},{"nodeID":"1330998","text":"Anne McElvoy: It strikes me as a budget that you could have done after Brexit in 2016 and let a lot of things rip","type":"L","timestamp":"2023-11-09 13:39:03"},{"nodeID":"1330999","text":"Analysing","type":"YA","timestamp":"2023-11-09 13:39:03"},{"nodeID":"1331000","text":"Dominika: Anne McElvoy: It strikes me as a budget that you could have done after Brexit in 2016 and let a lot of things rip","type":"L","timestamp":"2023-11-09 13:39:03"},{"nodeID":"1331001","text":"Asserting","type":"YA","timestamp":"2023-11-09 13:39:03"},{"nodeID":"1331002","text":"Default Transition","type":"TA","timestamp":"2023-11-09 13:39:03"},{"nodeID":"1331003","text":"Default Inference","type":"RA","timestamp":"2023-11-09 13:39:03"},{"nodeID":"1331004","text":"Arguing","type":"YA","timestamp":"2023-11-09 13:39:03"},{"nodeID":"1331005","text":"there would have still been arguments","type":"I","timestamp":"2023-11-09 13:39:03"},{"nodeID":"1331006","text":"Anne McElvoy: There would have still been arguments","type":"L","timestamp":"2023-11-09 13:39:03"},{"nodeID":"1331007","text":"Analysing","type":"YA","timestamp":"2023-11-09 13:39:03"},{"nodeID":"1331008","text":"Dominika: Anne McElvoy: There would have still been arguments","type":"L","timestamp":"2023-11-09 13:39:03"},{"nodeID":"1331009","text":"Asserting","type":"YA","timestamp":"2023-11-09 13:39:03"},{"nodeID":"1331010","text":"we wouldn't be sitting here agreeing on the panel","type":"I","timestamp":"2023-11-09 13:39:04"},{"nodeID":"1331011","text":"Anne McElvoy: we wouldn't be sitting here agreeing on the panel","type":"L","timestamp":"2023-11-09 13:39:04"},{"nodeID":"1331012","text":"Analysing","type":"YA","timestamp":"2023-11-09 13:39:04"},{"nodeID":"1331013","text":"Dominika: Anne McElvoy: we wouldn't be sitting here agreeing on the panel","type":"L","timestamp":"2023-11-09 13:39:04"},{"nodeID":"1331014","text":"Asserting","type":"YA","timestamp":"2023-11-09 13:39:04"},{"nodeID":"1331015","text":"Default Transition","type":"TA","timestamp":"2023-11-09 13:39:04"},{"nodeID":"1331016","text":"Default Transition","type":"TA","timestamp":"2023-11-09 13:39:04"},{"nodeID":"1331017","text":"Default Rephrase","type":"MA","timestamp":"2023-11-09 13:39:04"},{"nodeID":"1331018","text":"Restating","type":"YA","timestamp":"2023-11-09 13:39:04"},{"nodeID":"1331019","text":"you were coming out of the pandemic","type":"I","timestamp":"2023-11-09 13:39:05"},{"nodeID":"1331020","text":"Anne McElvoy: you were coming out of the pandemic","type":"L","timestamp":"2023-11-09 13:39:05"},{"nodeID":"1331021","text":"Analysing","type":"YA","timestamp":"2023-11-09 13:39:05"},{"nodeID":"1331022","text":"Dominika: Anne McElvoy: you were coming out of the pandemic","type":"L","timestamp":"2023-11-09 13:39:05"},{"nodeID":"1331023","text":"Asserting","type":"YA","timestamp":"2023-11-09 13:39:05"},{"nodeID":"1331024","text":"Default Transition","type":"TA","timestamp":"2023-11-09 13:39:05"},{"nodeID":"1331025","text":"a lot of people thought they would be taking higher earners and didn't expect that they were going to get something else after that","type":"I","timestamp":"2023-11-09 13:39:05"},{"nodeID":"1331026","text":"Anne McElvoy: a lot of people thought they would be taking higher earners and didn't expect that they were going to get something else after that","type":"L","timestamp":"2023-11-09 13:39:05"},{"nodeID":"1331027","text":"Analysing","type":"YA","timestamp":"2023-11-09 13:39:05"},{"nodeID":"1331028","text":"Dominika: Anne McElvoy: a lot of people thought they would be taking higher earners and didn't expect that they were going to get something else after that","type":"L","timestamp":"2023-11-09 13:39:05"},{"nodeID":"1331029","text":"Asserting","type":"YA","timestamp":"2023-11-09 13:39:05"},{"nodeID":"1331030","text":"Default Transition","type":"TA","timestamp":"2023-11-09 13:39:05"},{"nodeID":"1331031","text":"Default Inference","type":"RA","timestamp":"2023-11-09 13:39:05"},{"nodeID":"1331032","text":"Arguing","type":"YA","timestamp":"2023-11-09 13:39:05"},{"nodeID":"1331033","text":"Default Rephrase","type":"MA","timestamp":"2023-11-09 13:39:05"},{"nodeID":"1331034","text":"Restating","type":"YA","timestamp":"2023-11-09 13:39:05"},{"nodeID":"1331035","text":"this mini-budget is about growth","type":"I","timestamp":"2023-11-09 13:39:06"},{"nodeID":"1331036","text":"Paul Scully: that's about growth","type":"L","timestamp":"2023-11-09 13:39:06"},{"nodeID":"1331037","text":"Analysing","type":"YA","timestamp":"2023-11-09 13:39:06"},{"nodeID":"1331038","text":"Dominika: Paul Scully: that's about growth","type":"L","timestamp":"2023-11-09 13:39:06"},{"nodeID":"1331039","text":"Asserting","type":"YA","timestamp":"2023-11-09 13:39:06"},{"nodeID":"1331040","text":"Default Transition","type":"TA","timestamp":"2023-11-09 13:39:06"},{"nodeID":"1331041","text":"Analysing","type":"YA","timestamp":"2023-11-09 13:39:06"},{"nodeID":"1331042","text":"Default Transition","type":"TA","timestamp":"2023-11-09 13:39:06"},{"nodeID":"1331043","text":"Restating","type":"YA","timestamp":"2023-11-09 13:39:06"},{"nodeID":"1331044","text":"Anon: Paul Scully: That's about growth","type":"L","timestamp":"2023-11-09 13:39:06"},{"nodeID":"1331045","text":"Analysing","type":"YA","timestamp":"2023-11-09 13:39:06"},{"nodeID":"1331046","text":"Default Transition","type":"TA","timestamp":"2023-11-09 13:39:06"},{"nodeID":"1331047","text":"Restating","type":"YA","timestamp":"2023-11-09 13:39:06"},{"nodeID":"1331048","text":"Default Rephrase","type":"MA","timestamp":"2023-11-09 13:39:06"},{"nodeID":"1331049","text":"Default Transition","type":"TA","timestamp":"2023-11-09 13:39:06"},{"nodeID":"1331050","text":"Restating","type":"YA","timestamp":"2023-11-09 13:39:06"},{"nodeID":"1331051","text":"Default Conflict","type":"CA","timestamp":"2023-11-09 13:39:06"},{"nodeID":"1331052","text":"Disagreeing","type":"YA","timestamp":"2023-11-09 13:39:06"},{"nodeID":"1331053","text":"Default Rephrase","type":"MA","timestamp":"2023-11-09 13:39:06"},{"nodeID":"1331054","text":"Restating","type":"YA","timestamp":"2023-11-09 13:39:06"},{"nodeID":"1331055","text":"Default Rephrase","type":"MA","timestamp":"2023-11-09 13:39:06"},{"nodeID":"1331056","text":"Restating","type":"YA","timestamp":"2023-11-09 13:39:06"},{"nodeID":"1331057","text":"Default Rephrase","type":"MA","timestamp":"2023-11-09 13:39:06"},{"nodeID":"1331058","text":"Restating","type":"YA","timestamp":"2023-11-09 13:39:06"},{"nodeID":"1331059","text":"Default Conflict","type":"CA","timestamp":"2023-11-09 13:39:06"},{"nodeID":"1331060","text":"Disagreeing","type":"YA","timestamp":"2023-11-09 13:39:06"}],"edges":[{"edgeID":"1745527","fromID":"1330880","toID":"1330879","formEdgeID":null},{"edgeID":"1745528","fromID":"1330881","toID":"1330880","formEdgeID":null},{"edgeID":"1745529","fromID":"1330879","toID":"1330882","formEdgeID":null},{"edgeID":"1745530","fromID":"1330882","toID":"1330878","formEdgeID":null},{"edgeID":"1745531","fromID":"1330885","toID":"1330884","formEdgeID":null},{"edgeID":"1745532","fromID":"1330886","toID":"1330885","formEdgeID":null},{"edgeID":"1745533","fromID":"1330884","toID":"1330887","formEdgeID":null},{"edgeID":"1745534","fromID":"1330887","toID":"1330883","formEdgeID":null},{"edgeID":"1745535","fromID":"1330890","toID":"1330889","formEdgeID":null},{"edgeID":"1745536","fromID":"1330891","toID":"1330890","formEdgeID":null},{"edgeID":"1745537","fromID":"1330889","toID":"1330892","formEdgeID":null},{"edgeID":"1745538","fromID":"1330892","toID":"1330888","formEdgeID":null},{"edgeID":"1745539","fromID":"1330895","toID":"1330894","formEdgeID":null},{"edgeID":"1745540","fromID":"1330896","toID":"1330895","formEdgeID":null},{"edgeID":"1745541","fromID":"1330894","toID":"1330897","formEdgeID":null},{"edgeID":"1745542","fromID":"1330897","toID":"1330893","formEdgeID":null},{"edgeID":"1745543","fromID":"1330900","toID":"1330899","formEdgeID":null},{"edgeID":"1745544","fromID":"1330901","toID":"1330900","formEdgeID":null},{"edgeID":"1745545","fromID":"1330899","toID":"1330902","formEdgeID":null},{"edgeID":"1745546","fromID":"1330902","toID":"1330898","formEdgeID":null},{"edgeID":"1745547","fromID":"1330905","toID":"1330904","formEdgeID":null},{"edgeID":"1745548","fromID":"1330906","toID":"1330905","formEdgeID":null},{"edgeID":"1745549","fromID":"1330904","toID":"1330907","formEdgeID":null},{"edgeID":"1745550","fromID":"1330907","toID":"1330903","formEdgeID":null},{"edgeID":"1745551","fromID":"1330879","toID":"1330908","formEdgeID":null},{"edgeID":"1745552","fromID":"1330908","toID":"1330884","formEdgeID":null},{"edgeID":"1745553","fromID":"1330883","toID":"1330909","formEdgeID":null},{"edgeID":"1745554","fromID":"1330909","toID":"1330878","formEdgeID":null},{"edgeID":"1745555","fromID":"1330908","toID":"1330910","formEdgeID":null},{"edgeID":"1745556","fromID":"1330910","toID":"1330909","formEdgeID":null},{"edgeID":"1745557","fromID":"1330888","toID":"1330911","formEdgeID":null},{"edgeID":"1745558","fromID":"1330911","toID":"1330878","formEdgeID":null},{"edgeID":"1745559","fromID":"1330879","toID":"1330912","formEdgeID":null},{"edgeID":"1745560","fromID":"1330912","toID":"1330889","formEdgeID":null},{"edgeID":"1745561","fromID":"1330912","toID":"1330913","formEdgeID":null},{"edgeID":"1745562","fromID":"1330913","toID":"1330911","formEdgeID":null},{"edgeID":"1745563","fromID":"1330889","toID":"1330914","formEdgeID":null},{"edgeID":"1745564","fromID":"1330914","toID":"1330894","formEdgeID":null},{"edgeID":"1745565","fromID":"1330894","toID":"1330915","formEdgeID":null},{"edgeID":"1745566","fromID":"1330915","toID":"1330899","formEdgeID":null},{"edgeID":"1745567","fromID":"1330898","toID":"1330916","formEdgeID":null},{"edgeID":"1745568","fromID":"1330916","toID":"1330893","formEdgeID":null},{"edgeID":"1745569","fromID":"1330915","toID":"1330917","formEdgeID":null},{"edgeID":"1745570","fromID":"1330917","toID":"1330916","formEdgeID":null},{"edgeID":"1745571","fromID":"1330899","toID":"1330918","formEdgeID":null},{"edgeID":"1745572","fromID":"1330918","toID":"1330904","formEdgeID":null},{"edgeID":"1745573","fromID":"1330921","toID":"1330920","formEdgeID":null},{"edgeID":"1745574","fromID":"1330922","toID":"1330921","formEdgeID":null},{"edgeID":"1745575","fromID":"1330920","toID":"1330923","formEdgeID":null},{"edgeID":"1745576","fromID":"1330923","toID":"1330919","formEdgeID":null},{"edgeID":"1745577","fromID":"1330904","toID":"1330924","formEdgeID":null},{"edgeID":"1745578","fromID":"1330924","toID":"1330920","formEdgeID":null},{"edgeID":"1745579","fromID":"1330927","toID":"1330926","formEdgeID":null},{"edgeID":"1745580","fromID":"1330928","toID":"1330927","formEdgeID":null},{"edgeID":"1745581","fromID":"1330926","toID":"1330929","formEdgeID":null},{"edgeID":"1745582","fromID":"1330929","toID":"1330925","formEdgeID":null},{"edgeID":"1745583","fromID":"1330932","toID":"1330931","formEdgeID":null},{"edgeID":"1745584","fromID":"1330933","toID":"1330932","formEdgeID":null},{"edgeID":"1745585","fromID":"1330931","toID":"1330934","formEdgeID":null},{"edgeID":"1745586","fromID":"1330934","toID":"1330930","formEdgeID":null},{"edgeID":"1745587","fromID":"1330937","toID":"1330936","formEdgeID":null},{"edgeID":"1745588","fromID":"1330938","toID":"1330937","formEdgeID":null},{"edgeID":"1745589","fromID":"1330936","toID":"1330939","formEdgeID":null},{"edgeID":"1745590","fromID":"1330939","toID":"1330935","formEdgeID":null},{"edgeID":"1745591","fromID":"1330942","toID":"1330941","formEdgeID":null},{"edgeID":"1745592","fromID":"1330943","toID":"1330942","formEdgeID":null},{"edgeID":"1745593","fromID":"1330941","toID":"1330944","formEdgeID":null},{"edgeID":"1745594","fromID":"1330944","toID":"1330940","formEdgeID":null},{"edgeID":"1745595","fromID":"1330931","toID":"1330945","formEdgeID":null},{"edgeID":"1745596","fromID":"1330945","toID":"1330936","formEdgeID":null},{"edgeID":"1745597","fromID":"1330936","toID":"1330946","formEdgeID":null},{"edgeID":"1745598","fromID":"1330946","toID":"1330941","formEdgeID":null},{"edgeID":"1745599","fromID":"1330948","toID":"1330947","formEdgeID":null},{"edgeID":"1745600","fromID":"1330949","toID":"1330948","formEdgeID":null},{"edgeID":"1745601","fromID":"1330951","toID":"1330950","formEdgeID":null},{"edgeID":"1745602","fromID":"1330952","toID":"1330951","formEdgeID":null},{"edgeID":"1745603","fromID":"1330947","toID":"1330953","formEdgeID":null},{"edgeID":"1745604","fromID":"1330953","toID":"1330950","formEdgeID":null},{"edgeID":"1745605","fromID":"1330950","toID":"1330954","formEdgeID":null},{"edgeID":"1745606","fromID":"1330954","toID":"1330888","formEdgeID":null},{"edgeID":"1745607","fromID":"1330941","toID":"1330955","formEdgeID":null},{"edgeID":"1745608","fromID":"1330955","toID":"1330947","formEdgeID":null},{"edgeID":"1745609","fromID":"1330888","toID":"1330956","formEdgeID":null},{"edgeID":"1745610","fromID":"1330956","toID":"1330888","formEdgeID":null},{"edgeID":"1745611","fromID":"1330889","toID":"1330957","formEdgeID":null},{"edgeID":"1745612","fromID":"1330957","toID":"1330947","formEdgeID":null},{"edgeID":"1745613","fromID":"1330957","toID":"1330958","formEdgeID":null},{"edgeID":"1745614","fromID":"1330958","toID":"1330956","formEdgeID":null},{"edgeID":"1745615","fromID":"1330961","toID":"1330960","formEdgeID":null},{"edgeID":"1745616","fromID":"1330962","toID":"1330961","formEdgeID":null},{"edgeID":"1745617","fromID":"1330960","toID":"1330963","formEdgeID":null},{"edgeID":"1745618","fromID":"1330963","toID":"1330959","formEdgeID":null},{"edgeID":"1745619","fromID":"1330966","toID":"1330965","formEdgeID":null},{"edgeID":"1745620","fromID":"1330967","toID":"1330966","formEdgeID":null},{"edgeID":"1745621","fromID":"1330965","toID":"1330968","formEdgeID":null},{"edgeID":"1745622","fromID":"1330968","toID":"1330964","formEdgeID":null},{"edgeID":"1745623","fromID":"1330971","toID":"1330970","formEdgeID":null},{"edgeID":"1745624","fromID":"1330972","toID":"1330971","formEdgeID":null},{"edgeID":"1745625","fromID":"1330970","toID":"1330973","formEdgeID":null},{"edgeID":"1745626","fromID":"1330973","toID":"1330969","formEdgeID":null},{"edgeID":"1745627","fromID":"1330947","toID":"1330974","formEdgeID":null},{"edgeID":"1745628","fromID":"1330974","toID":"1330960","formEdgeID":null},{"edgeID":"1745629","fromID":"1330969","toID":"1330975","formEdgeID":null},{"edgeID":"1745630","fromID":"1330975","toID":"1330959","formEdgeID":null},{"edgeID":"1745631","fromID":"1330964","toID":"1330975","formEdgeID":null},{"edgeID":"1745632","fromID":"1330960","toID":"1330976","formEdgeID":null},{"edgeID":"1745633","fromID":"1330976","toID":"1330970","formEdgeID":null},{"edgeID":"1745634","fromID":"1330960","toID":"1330977","formEdgeID":null},{"edgeID":"1745635","fromID":"1330977","toID":"1330965","formEdgeID":null},{"edgeID":"1745636","fromID":"1330976","toID":"1330978","formEdgeID":null},{"edgeID":"1745637","fromID":"1330978","toID":"1330975","formEdgeID":null},{"edgeID":"1745638","fromID":"1330981","toID":"1330980","formEdgeID":null},{"edgeID":"1745639","fromID":"1330982","toID":"1330981","formEdgeID":null},{"edgeID":"1745640","fromID":"1330980","toID":"1330983","formEdgeID":null},{"edgeID":"1745641","fromID":"1330983","toID":"1330979","formEdgeID":null},{"edgeID":"1745642","fromID":"1330986","toID":"1330985","formEdgeID":null},{"edgeID":"1745643","fromID":"1330987","toID":"1330986","formEdgeID":null},{"edgeID":"1745644","fromID":"1330985","toID":"1330988","formEdgeID":null},{"edgeID":"1745645","fromID":"1330988","toID":"1330984","formEdgeID":null},{"edgeID":"1745646","fromID":"1330970","toID":"1330989","formEdgeID":null},{"edgeID":"1745647","fromID":"1330989","toID":"1330980","formEdgeID":null},{"edgeID":"1745648","fromID":"1330980","toID":"1330990","formEdgeID":null},{"edgeID":"1745649","fromID":"1330990","toID":"1330985","formEdgeID":null},{"edgeID":"1745650","fromID":"1330993","toID":"1330992","formEdgeID":null},{"edgeID":"1745651","fromID":"1330994","toID":"1330993","formEdgeID":null},{"edgeID":"1745652","fromID":"1330992","toID":"1330995","formEdgeID":null},{"edgeID":"1745653","fromID":"1330995","toID":"1330991","formEdgeID":null},{"edgeID":"1745654","fromID":"1330985","toID":"1330996","formEdgeID":null},{"edgeID":"1745655","fromID":"1330996","toID":"1330992","formEdgeID":null},{"edgeID":"1745656","fromID":"1330999","toID":"1330998","formEdgeID":null},{"edgeID":"1745657","fromID":"1331000","toID":"1330999","formEdgeID":null},{"edgeID":"1745658","fromID":"1330998","toID":"1331001","formEdgeID":null},{"edgeID":"1745659","fromID":"1331001","toID":"1330997","formEdgeID":null},{"edgeID":"1745660","fromID":"1330992","toID":"1331002","formEdgeID":null},{"edgeID":"1745661","fromID":"1331002","toID":"1330998","formEdgeID":null},{"edgeID":"1745662","fromID":"1330997","toID":"1331003","formEdgeID":null},{"edgeID":"1745663","fromID":"1331003","toID":"1330991","formEdgeID":null},{"edgeID":"1745664","fromID":"1331002","toID":"1331004","formEdgeID":null},{"edgeID":"1745665","fromID":"1331004","toID":"1331003","formEdgeID":null},{"edgeID":"1745666","fromID":"1331007","toID":"1331006","formEdgeID":null},{"edgeID":"1745667","fromID":"1331008","toID":"1331007","formEdgeID":null},{"edgeID":"1745668","fromID":"1331006","toID":"1331009","formEdgeID":null},{"edgeID":"1745669","fromID":"1331009","toID":"1331005","formEdgeID":null},{"edgeID":"1745670","fromID":"1331012","toID":"1331011","formEdgeID":null},{"edgeID":"1745671","fromID":"1331013","toID":"1331012","formEdgeID":null},{"edgeID":"1745672","fromID":"1331011","toID":"1331014","formEdgeID":null},{"edgeID":"1745673","fromID":"1331014","toID":"1331010","formEdgeID":null},{"edgeID":"1745674","fromID":"1330998","toID":"1331015","formEdgeID":null},{"edgeID":"1745675","fromID":"1331015","toID":"1331006","formEdgeID":null},{"edgeID":"1745676","fromID":"1331006","toID":"1331016","formEdgeID":null},{"edgeID":"1745677","fromID":"1331016","toID":"1331011","formEdgeID":null},{"edgeID":"1745678","fromID":"1331010","toID":"1331017","formEdgeID":null},{"edgeID":"1745679","fromID":"1331017","toID":"1331005","formEdgeID":null},{"edgeID":"1745680","fromID":"1331016","toID":"1331018","formEdgeID":null},{"edgeID":"1745681","fromID":"1331018","toID":"1331017","formEdgeID":null},{"edgeID":"1745682","fromID":"1331021","toID":"1331020","formEdgeID":null},{"edgeID":"1745683","fromID":"1331022","toID":"1331021","formEdgeID":null},{"edgeID":"1745684","fromID":"1331020","toID":"1331023","formEdgeID":null},{"edgeID":"1745685","fromID":"1331023","toID":"1331019","formEdgeID":null},{"edgeID":"1745686","fromID":"1331011","toID":"1331024","formEdgeID":null},{"edgeID":"1745687","fromID":"1331024","toID":"1331020","formEdgeID":null},{"edgeID":"1745688","fromID":"1331027","toID":"1331026","formEdgeID":null},{"edgeID":"1745689","fromID":"1331028","toID":"1331027","formEdgeID":null},{"edgeID":"1745690","fromID":"1331026","toID":"1331029","formEdgeID":null},{"edgeID":"1745691","fromID":"1331029","toID":"1331025","formEdgeID":null},{"edgeID":"1745692","fromID":"1331020","toID":"1331030","formEdgeID":null},{"edgeID":"1745693","fromID":"1331030","toID":"1331026","formEdgeID":null},{"edgeID":"1745694","fromID":"1331019","toID":"1331031","formEdgeID":null},{"edgeID":"1745695","fromID":"1331031","toID":"1331025","formEdgeID":null},{"edgeID":"1745696","fromID":"1331030","toID":"1331032","formEdgeID":null},{"edgeID":"1745697","fromID":"1331032","toID":"1331031","formEdgeID":null},{"edgeID":"1745698","fromID":"1330903","toID":"1331033","formEdgeID":null},{"edgeID":"1745699","fromID":"1331033","toID":"1330898","formEdgeID":null},{"edgeID":"1745700","fromID":"1330918","toID":"1331034","formEdgeID":null},{"edgeID":"1745701","fromID":"1331034","toID":"1331033","formEdgeID":null},{"edgeID":"1745702","fromID":"1331037","toID":"1331036","formEdgeID":null},{"edgeID":"1745703","fromID":"1331038","toID":"1331037","formEdgeID":null},{"edgeID":"1745704","fromID":"1331036","toID":"1331039","formEdgeID":null},{"edgeID":"1745705","fromID":"1331039","toID":"1331035","formEdgeID":null},{"edgeID":"1745706","fromID":"1330920","toID":"1331040","formEdgeID":null},{"edgeID":"1745707","fromID":"1331040","toID":"1331036","formEdgeID":null},{"edgeID":"1745708","fromID":"1331041","toID":"1331036","formEdgeID":null},{"edgeID":"1745709","fromID":"1331038","toID":"1331041","formEdgeID":null},{"edgeID":"1745710","fromID":"1331036","toID":"1331042","formEdgeID":null},{"edgeID":"1745711","fromID":"1331042","toID":"1331036","formEdgeID":null},{"edgeID":"1745712","fromID":"1331036","toID":"1331043","formEdgeID":null},{"edgeID":"1745713","fromID":"1331043","toID":"1331035","formEdgeID":null},{"edgeID":"1745714","fromID":"1331045","toID":"1331036","formEdgeID":null},{"edgeID":"1745715","fromID":"1331044","toID":"1331045","formEdgeID":null},{"edgeID":"1745716","fromID":"1331046","toID":"1331036","formEdgeID":null},{"edgeID":"1745717","fromID":"1331036","toID":"1331046","formEdgeID":null},{"edgeID":"1745718","fromID":"1331036","toID":"1331047","formEdgeID":null},{"edgeID":"1745719","fromID":"1331047","toID":"1331035","formEdgeID":null},{"edgeID":"1745720","fromID":"1330930","toID":"1331048","formEdgeID":null},{"edgeID":"1745721","fromID":"1331048","toID":"1331035","formEdgeID":null},{"edgeID":"1745722","fromID":"1331036","toID":"1331049","formEdgeID":null},{"edgeID":"1745723","fromID":"1331049","toID":"1330931","formEdgeID":null},{"edgeID":"1745724","fromID":"1331049","toID":"1331050","formEdgeID":null},{"edgeID":"1745725","fromID":"1331050","toID":"1331048","formEdgeID":null},{"edgeID":"1745726","fromID":"1331035","toID":"1331051","formEdgeID":null},{"edgeID":"1745727","fromID":"1331051","toID":"1330919","formEdgeID":null},{"edgeID":"1745728","fromID":"1331040","toID":"1331052","formEdgeID":null},{"edgeID":"1745729","fromID":"1331052","toID":"1331051","formEdgeID":null},{"edgeID":"1745730","fromID":"1330940","toID":"1331053","formEdgeID":null},{"edgeID":"1745731","fromID":"1331053","toID":"1330935","formEdgeID":null},{"edgeID":"1745732","fromID":"1330946","toID":"1331054","formEdgeID":null},{"edgeID":"1745733","fromID":"1331054","toID":"1331053","formEdgeID":null},{"edgeID":"1745734","fromID":"1330984","toID":"1331055","formEdgeID":null},{"edgeID":"1745735","fromID":"1331055","toID":"1330979","formEdgeID":null},{"edgeID":"1745736","fromID":"1330990","toID":"1331056","formEdgeID":null},{"edgeID":"1745737","fromID":"1331056","toID":"1331055","formEdgeID":null},{"edgeID":"1745738","fromID":"1330991","toID":"1331057","formEdgeID":null},{"edgeID":"1745739","fromID":"1331057","toID":"1330984","formEdgeID":null},{"edgeID":"1745740","fromID":"1330996","toID":"1331058","formEdgeID":null},{"edgeID":"1745741","fromID":"1331058","toID":"1331057","formEdgeID":null},{"edgeID":"1745742","fromID":"1331005","toID":"1331059","formEdgeID":null},{"edgeID":"1745743","fromID":"1331059","toID":"1330997","formEdgeID":null},{"edgeID":"1745744","fromID":"1331015","toID":"1331060","formEdgeID":null},{"edgeID":"1745745","fromID":"1331060","toID":"1331059","formEdgeID":null}],"locutions":[]}