{"nodes":[{"nodeID":"1150437","text":"AudienceMember 20221006QT55 has dyscalculia which is mathematical dyslexia","type":"I","timestamp":"2023-04-20 20:26:40"},{"nodeID":"1150448","text":"the cut for people earning a lot less is not going to happen until April","type":"I","timestamp":"2023-04-20 20:26:46"},{"nodeID":"1150466","text":"Ofgem were going to increase the rates by 178%","type":"I","timestamp":"2023-04-20 20:26:53"},{"nodeID":"1150472","text":"the rates are going up by 6%","type":"I","timestamp":"2023-04-20 20:26:55"},{"nodeID":"1150516","text":"Paul Scully wants us to have more money in our pockets","type":"I","timestamp":"2023-04-20 20:27:18"},{"nodeID":"1331986","text":"AudienceMember 20221006QT55: I have dyscalculia which is mathematical dyslexia","type":"L","timestamp":"2023-11-09 13:40:22"},{"nodeID":"1331987","text":"Analysing","type":"YA","timestamp":"2023-11-09 13:40:22"},{"nodeID":"1331988","text":"Joanna: AudienceMember 20221006QT55: I have dyscalculia which is mathematical dyslexia","type":"L","timestamp":"2023-11-09 13:40:22"},{"nodeID":"1331989","text":"Asserting","type":"YA","timestamp":"2023-11-09 13:40:22"},{"nodeID":"1331990","text":"AudienceMember 20221006QT55: the cut for people earning a lot less is not going to happen until April","type":"L","timestamp":"2023-11-09 13:40:22"},{"nodeID":"1331991","text":"Analysing","type":"YA","timestamp":"2023-11-09 13:40:22"},{"nodeID":"1331992","text":"Joanna: AudienceMember 20221006QT55: the cut for people earning a lot less is not going to happen until April","type":"L","timestamp":"2023-11-09 13:40:22"},{"nodeID":"1331993","text":"Asserting","type":"YA","timestamp":"2023-11-09 13:40:22"},{"nodeID":"1331994","text":"the 5% cut has gone right now","type":"I","timestamp":"2023-11-09 13:40:23"},{"nodeID":"1331995","text":"AudienceMember 20221006QT55: the 5% has gone right now","type":"L","timestamp":"2023-11-09 13:40:23"},{"nodeID":"1331996","text":"Analysing","type":"YA","timestamp":"2023-11-09 13:40:23"},{"nodeID":"1331997","text":"Joanna: AudienceMember 20221006QT55: the 5% has gone right now","type":"L","timestamp":"2023-11-09 13:40:23"},{"nodeID":"1331998","text":"Asserting","type":"YA","timestamp":"2023-11-09 13:40:23"},{"nodeID":"1331999","text":"Default Transition","type":"TA","timestamp":"2023-11-09 13:40:23"},{"nodeID":"1332000","text":"AudienceMember 20221006QT55: You're saying you want us to have more money in our pockets","type":"L","timestamp":"2023-11-09 13:40:24"},{"nodeID":"1332001","text":"Analysing","type":"YA","timestamp":"2023-11-09 13:40:24"},{"nodeID":"1332002","text":"Joanna: AudienceMember 20221006QT55: You're saying you want us to have more money in our pockets","type":"L","timestamp":"2023-11-09 13:40:24"},{"nodeID":"1332003","text":"Default Transition","type":"TA","timestamp":"2023-11-09 13:40:24"},{"nodeID":"1332004","text":"Paul Scully: we want you to have more money in your pockets","type":"L","timestamp":"2023-11-09 13:40:24"},{"nodeID":"1332005","text":"Analysing","type":"YA","timestamp":"2023-11-09 13:40:24"},{"nodeID":"1332006","text":"Joanna: Paul Scully: You're saying you want us to have more money in our pockets","type":"L","timestamp":"2023-11-09 13:40:24"},{"nodeID":"1332007","text":"Asserting","type":"YA","timestamp":"2023-11-09 13:40:24"},{"nodeID":"1332008","text":"Asserting","type":"YA","timestamp":"2023-11-09 13:40:24"},{"nodeID":"1332009","text":"AudienceMember 20221006QT55: Ofgem were going to increase the rates by 178%","type":"L","timestamp":"2023-11-09 13:40:24"},{"nodeID":"1332010","text":"Analysing","type":"YA","timestamp":"2023-11-09 13:40:24"},{"nodeID":"1332011","text":"Joanna: AudienceMember 20221006QT55: Ofgem were going to increase the rates by 178%","type":"L","timestamp":"2023-11-09 13:40:24"},{"nodeID":"1332012","text":"Asserting","type":"YA","timestamp":"2023-11-09 13:40:24"},{"nodeID":"1332013","text":"Default Transition","type":"TA","timestamp":"2023-11-09 13:40:24"},{"nodeID":"1332014","text":"Paul Scully stepped in as a Central Government and said no, the 178% are increase won't happen","type":"I","timestamp":"2023-11-09 13:40:25"},{"nodeID":"1332015","text":"AudienceMember 20221006QT55: You stepped in as a Central Government and said no, that won't happen","type":"L","timestamp":"2023-11-09 13:40:25"},{"nodeID":"1332016","text":"Analysing","type":"YA","timestamp":"2023-11-09 13:40:25"},{"nodeID":"1332017","text":"Joanna: AudienceMember 20221006QT55: You stepped in as a Central Government and said no, that won't happen","type":"L","timestamp":"2023-11-09 13:40:25"},{"nodeID":"1332018","text":"Asserting","type":"YA","timestamp":"2023-11-09 13:40:25"},{"nodeID":"1332019","text":"Default Transition","type":"TA","timestamp":"2023-11-09 13:40:25"},{"nodeID":"1332020","text":"AudienceMember 20221006QT55: they're going up by 6%","type":"L","timestamp":"2023-11-09 13:40:25"},{"nodeID":"1332021","text":"Analysing","type":"YA","timestamp":"2023-11-09 13:40:25"},{"nodeID":"1332022","text":"Joanna: AudienceMember 20221006QT55: they're going up by 6%","type":"L","timestamp":"2023-11-09 13:40:25"},{"nodeID":"1332023","text":"Asserting","type":"YA","timestamp":"2023-11-09 13:40:25"},{"nodeID":"1332024","text":"Default Transition","type":"TA","timestamp":"2023-11-09 13:40:25"},{"nodeID":"1332025","text":"the rates going up by 6% is a massive increase for people like AudienceMember 20221006QT55 and people on this panel","type":"I","timestamp":"2023-11-09 13:40:26"},{"nodeID":"1332026","text":"AudienceMember 20221006QT55: that's a massive increase for people like me and people on this panel","type":"L","timestamp":"2023-11-09 13:40:26"},{"nodeID":"1332027","text":"Analysing","type":"YA","timestamp":"2023-11-09 13:40:26"},{"nodeID":"1332028","text":"Joanna: AudienceMember 20221006QT55: that's a massive increase for people like me and people on this panel","type":"L","timestamp":"2023-11-09 13:40:26"},{"nodeID":"1332029","text":"Asserting","type":"YA","timestamp":"2023-11-09 13:40:26"},{"nodeID":"1332030","text":"Default Transition","type":"TA","timestamp":"2023-11-09 13:40:26"},{"nodeID":"1332031","text":"Default Conflict","type":"CA","timestamp":"2023-11-09 13:40:26"},{"nodeID":"1332032","text":"Disagreeing","type":"YA","timestamp":"2023-11-09 13:40:26"},{"nodeID":"1332033","text":"Default Inference","type":"RA","timestamp":"2023-11-09 13:40:26"},{"nodeID":"1332034","text":"Arguing","type":"YA","timestamp":"2023-11-09 13:40:26"},{"nodeID":"1332035","text":"Jamie cannot get a new house","type":"I","timestamp":"2023-11-09 13:40:27"},{"nodeID":"1332036","text":"AudienceMember 20221006QT55: How can Jamie over there get a new house","type":"L","timestamp":"2023-11-09 13:40:27"},{"nodeID":"1332037","text":"Analysing","type":"YA","timestamp":"2023-11-09 13:40:27"},{"nodeID":"1332038","text":"Joanna: AudienceMember 20221006QT55: How can Jamie over there get a new house","type":"L","timestamp":"2023-11-09 13:40:27"},{"nodeID":"1332039","text":"Rhetorical Questioning","type":"YA","timestamp":"2023-11-09 13:40:27"},{"nodeID":"1332040","text":"Default Transition","type":"TA","timestamp":"2023-11-09 13:40:27"},{"nodeID":"1332041","text":"Jamie has got to think about the cost of living, the cost of food, the cost of rates, everything","type":"I","timestamp":"2023-11-09 13:40:27"},{"nodeID":"1332042","text":"AudienceMember 20221006QT55: he has got to think about the cost of living, the cost of food, the cost of rates, everything","type":"L","timestamp":"2023-11-09 13:40:27"},{"nodeID":"1332043","text":"Analysing","type":"YA","timestamp":"2023-11-09 13:40:27"},{"nodeID":"1332044","text":"Joanna: AudienceMember 20221006QT55: he has got to think about the cost of living, the cost of food, the cost of rates, everything","type":"L","timestamp":"2023-11-09 13:40:27"},{"nodeID":"1332045","text":"Asserting","type":"YA","timestamp":"2023-11-09 13:40:27"},{"nodeID":"1332046","text":"Default Transition","type":"TA","timestamp":"2023-11-09 13:40:27"},{"nodeID":"1332047","text":"Default Inference","type":"RA","timestamp":"2023-11-09 13:40:27"},{"nodeID":"1332048","text":"Arguing","type":"YA","timestamp":"2023-11-09 13:40:27"},{"nodeID":"1332049","text":"Default Inference","type":"RA","timestamp":"2023-11-09 13:40:27"},{"nodeID":"1332050","text":"Arguing","type":"YA","timestamp":"2023-11-09 13:40:27"},{"nodeID":"1332051","text":"Paul Scully wanting us to have more money in our pockets is not working","type":"I","timestamp":"2023-11-09 13:40:28"},{"nodeID":"1332052","text":"AudienceMember 20221006QT55: It is not working","type":"L","timestamp":"2023-11-09 13:40:28"},{"nodeID":"1332053","text":"Analysing","type":"YA","timestamp":"2023-11-09 13:40:28"},{"nodeID":"1332054","text":"Joanna: AudienceMember 20221006QT55: It is not working","type":"L","timestamp":"2023-11-09 13:40:28"},{"nodeID":"1332055","text":"Asserting","type":"YA","timestamp":"2023-11-09 13:40:28"},{"nodeID":"1332056","text":"Default Transition","type":"TA","timestamp":"2023-11-09 13:40:28"},{"nodeID":"1332057","text":"Default Conflict","type":"CA","timestamp":"2023-11-09 13:40:28"},{"nodeID":"1332058","text":"Default Transition","type":"TA","timestamp":"2023-11-09 13:40:28"},{"nodeID":"1332059","text":"Disagreeing","type":"YA","timestamp":"2023-11-09 13:40:28"},{"nodeID":"1332060","text":"Default Inference","type":"RA","timestamp":"2023-11-09 13:40:28"},{"nodeID":"1332061","text":"Arguing","type":"YA","timestamp":"2023-11-09 13:40:28"},{"nodeID":"1332062","text":"is or is not now the time for the Chancellor to move the main Budget further forward","type":"I","timestamp":"2023-11-09 13:40:28"},{"nodeID":"1332063","text":"AudienceMember 20221006QT56: Is now the time for the Chancellor to move the main Budget further forward","type":"L","timestamp":"2023-11-09 13:40:28"},{"nodeID":"1332064","text":"Analysing","type":"YA","timestamp":"2023-11-09 13:40:28"},{"nodeID":"1332065","text":"Joanna: AudienceMember 20221006QT56: Is now the time for the Chancellor to move the main Budget further forward","type":"L","timestamp":"2023-11-09 13:40:28"},{"nodeID":"1332066","text":"Pure Questioning","type":"YA","timestamp":"2023-11-09 13:40:28"},{"nodeID":"1332067","text":"Default Transition","type":"TA","timestamp":"2023-11-09 13:40:28"},{"nodeID":"1332068","text":"is it or is it not the time to move the main budget until the next few weeks and hopefully it should be better thought out","type":"I","timestamp":"2023-11-09 13:40:29"},{"nodeID":"1332069","text":"AudienceMember 20221006QT56: Move it until the next few weeks and heapfully it should be better thought out","type":"L","timestamp":"2023-11-09 13:40:29"},{"nodeID":"1332070","text":"Analysing","type":"YA","timestamp":"2023-11-09 13:40:29"},{"nodeID":"1332071","text":"Joanna: AudienceMember 20221006QT56: Move it until the next few weeks and heapfully it should be better thought out","type":"L","timestamp":"2023-11-09 13:40:29"},{"nodeID":"1332072","text":"Pure Questioning","type":"YA","timestamp":"2023-11-09 13:40:29"},{"nodeID":"1332073","text":"Default Transition","type":"TA","timestamp":"2023-11-09 13:40:29"},{"nodeID":"1332074","text":"Default Rephrase","type":"MA","timestamp":"2023-11-09 13:40:29"},{"nodeID":"1332075","text":"Restating","type":"YA","timestamp":"2023-11-09 13:40:29"},{"nodeID":"1332076","text":"at the moment we're expecting a statement about the budget on 23rd November","type":"I","timestamp":"2023-11-09 13:40:29"},{"nodeID":"1332077","text":"Fiona Bruce: At the moment we're expecting a statement on 23rd November","type":"L","timestamp":"2023-11-09 13:40:29"},{"nodeID":"1332078","text":"Analysing","type":"YA","timestamp":"2023-11-09 13:40:29"},{"nodeID":"1332079","text":"Joanna: Fiona Bruce: At the moment we're expecting a statement on 23rd November","type":"L","timestamp":"2023-11-09 13:40:29"},{"nodeID":"1332080","text":"Asserting","type":"YA","timestamp":"2023-11-09 13:40:29"},{"nodeID":"1332081","text":"Default Transition","type":"TA","timestamp":"2023-11-09 13:40:29"},{"nodeID":"1332082","text":"Default Rephrase","type":"MA","timestamp":"2023-11-09 13:40:29"},{"nodeID":"1332083","text":"Default Illocuting","type":"YA","timestamp":"2023-11-09 13:40:29"},{"nodeID":"1332084","text":"AudienceMember 20221006QT56 is asking should the budget statement have been brought forward","type":"I","timestamp":"2023-11-09 13:40:30"},{"nodeID":"1332085","text":"Fiona Bruce: You're asking should it have been brought forward","type":"L","timestamp":"2023-11-09 13:40:30"},{"nodeID":"1332086","text":"Analysing","type":"YA","timestamp":"2023-11-09 13:40:30"},{"nodeID":"1332087","text":"Joanna: Fiona Bruce: You're asking should it have been brought forward","type":"L","timestamp":"2023-11-09 13:40:30"},{"nodeID":"1332088","text":"Asserting","type":"YA","timestamp":"2023-11-09 13:40:30"},{"nodeID":"1332089","text":"AudienceMember 20221006QT55 knows 5% for somebody earning over \u00a3150,000 is more to them than a penny for somebody earning a lot less","type":"I","timestamp":"2023-11-09 13:40:31"},{"nodeID":"1332090","text":"AudienceMember 20221006QT55: I know 5% for somebody earning over \u00a3150,000 is more to them than a penny for somebody earning a lot less","type":"L","timestamp":"2023-11-09 13:40:31"},{"nodeID":"1332091","text":"Analysing","type":"YA","timestamp":"2023-11-09 13:40:31"},{"nodeID":"1332092","text":"Joanna: AudienceMember 20221006QT55: I know 5% for somebody earning over \u00a3150,000 is more to them than a penny for somebody earning a lot less","type":"L","timestamp":"2023-11-09 13:40:31"},{"nodeID":"1332093","text":"Asserting","type":"YA","timestamp":"2023-11-09 13:40:31"},{"nodeID":"1332094","text":"Default Transition","type":"TA","timestamp":"2023-11-09 13:40:31"},{"nodeID":"1332095","text":"Default Conflict","type":"CA","timestamp":"2023-11-09 13:40:31"},{"nodeID":"1332096","text":"Disagreeing","type":"YA","timestamp":"2023-11-09 13:40:31"},{"nodeID":"1332097","text":"Default Transition","type":"TA","timestamp":"2023-11-09 13:40:31"},{"nodeID":"1332098","text":"Default Rephrase","type":"MA","timestamp":"2023-11-09 13:40:31"},{"nodeID":"1332099","text":"Restating","type":"YA","timestamp":"2023-11-09 13:40:31"},{"nodeID":"1332100","text":"Default Conflict","type":"CA","timestamp":"2023-11-09 13:40:31"},{"nodeID":"1332101","text":"Disagreeing","type":"YA","timestamp":"2023-11-09 13:40:31"},{"nodeID":"1332102","text":"Default Conflict","type":"CA","timestamp":"2023-11-09 13:40:31"},{"nodeID":"1332103","text":"Disagreeing","type":"YA","timestamp":"2023-11-09 13:40:31"},{"nodeID":"1332104","text":"Default Inference","type":"RA","timestamp":"2023-11-09 13:40:31"},{"nodeID":"1332105","text":"Default Transition","type":"TA","timestamp":"2023-11-09 13:40:31"},{"nodeID":"1332106","text":"Arguing","type":"YA","timestamp":"2023-11-09 13:40:31"},{"nodeID":"1332107","text":"Default Rephrase","type":"MA","timestamp":"2023-11-09 13:40:31"},{"nodeID":"1332108","text":"Default Transition","type":"TA","timestamp":"2023-11-09 13:40:31"},{"nodeID":"1332109","text":"Restating","type":"YA","timestamp":"2023-11-09 13:40:31"}],"edges":[{"edgeID":"1746844","fromID":"1331987","toID":"1331986","formEdgeID":null},{"edgeID":"1746845","fromID":"1331988","toID":"1331987","formEdgeID":null},{"edgeID":"1746846","fromID":"1331986","toID":"1331989","formEdgeID":null},{"edgeID":"1746847","fromID":"1331989","toID":"1150437","formEdgeID":null},{"edgeID":"1746848","fromID":"1331991","toID":"1331990","formEdgeID":null},{"edgeID":"1746849","fromID":"1331992","toID":"1331991","formEdgeID":null},{"edgeID":"1746850","fromID":"1331990","toID":"1331993","formEdgeID":null},{"edgeID":"1746851","fromID":"1331993","toID":"1150448","formEdgeID":null},{"edgeID":"1746852","fromID":"1331996","toID":"1331995","formEdgeID":null},{"edgeID":"1746853","fromID":"1331997","toID":"1331996","formEdgeID":null},{"edgeID":"1746854","fromID":"1331995","toID":"1331998","formEdgeID":null},{"edgeID":"1746855","fromID":"1331998","toID":"1331994","formEdgeID":null},{"edgeID":"1746856","fromID":"1331990","toID":"1331999","formEdgeID":null},{"edgeID":"1746857","fromID":"1331999","toID":"1331995","formEdgeID":null},{"edgeID":"1746858","fromID":"1332001","toID":"1332000","formEdgeID":null},{"edgeID":"1746859","fromID":"1332002","toID":"1332001","formEdgeID":null},{"edgeID":"1746860","fromID":"1331995","toID":"1332003","formEdgeID":null},{"edgeID":"1746861","fromID":"1332003","toID":"1332000","formEdgeID":null},{"edgeID":"1746862","fromID":"1332005","toID":"1332004","formEdgeID":null},{"edgeID":"1746863","fromID":"1332006","toID":"1332005","formEdgeID":null},{"edgeID":"1746864","fromID":"1332004","toID":"1332007","formEdgeID":null},{"edgeID":"1746865","fromID":"1332007","toID":"1150516","formEdgeID":null},{"edgeID":"1746866","fromID":"1332000","toID":"1332008","formEdgeID":null},{"edgeID":"1746867","fromID":"1332008","toID":"1332004","formEdgeID":null},{"edgeID":"1746868","fromID":"1332010","toID":"1332009","formEdgeID":null},{"edgeID":"1746869","fromID":"1332011","toID":"1332010","formEdgeID":null},{"edgeID":"1746870","fromID":"1332009","toID":"1332012","formEdgeID":null},{"edgeID":"1746871","fromID":"1332012","toID":"1150466","formEdgeID":null},{"edgeID":"1746872","fromID":"1332000","toID":"1332013","formEdgeID":null},{"edgeID":"1746873","fromID":"1332013","toID":"1332009","formEdgeID":null},{"edgeID":"1746874","fromID":"1332016","toID":"1332015","formEdgeID":null},{"edgeID":"1746875","fromID":"1332017","toID":"1332016","formEdgeID":null},{"edgeID":"1746876","fromID":"1332015","toID":"1332018","formEdgeID":null},{"edgeID":"1746877","fromID":"1332018","toID":"1332014","formEdgeID":null},{"edgeID":"1746878","fromID":"1332009","toID":"1332019","formEdgeID":null},{"edgeID":"1746879","fromID":"1332019","toID":"1332015","formEdgeID":null},{"edgeID":"1746880","fromID":"1332021","toID":"1332020","formEdgeID":null},{"edgeID":"1746881","fromID":"1332022","toID":"1332021","formEdgeID":null},{"edgeID":"1746882","fromID":"1332020","toID":"1332023","formEdgeID":null},{"edgeID":"1746883","fromID":"1332023","toID":"1150472","formEdgeID":null},{"edgeID":"1746884","fromID":"1332015","toID":"1332024","formEdgeID":null},{"edgeID":"1746885","fromID":"1332024","toID":"1332020","formEdgeID":null},{"edgeID":"1746886","fromID":"1332027","toID":"1332026","formEdgeID":null},{"edgeID":"1746887","fromID":"1332028","toID":"1332027","formEdgeID":null},{"edgeID":"1746888","fromID":"1332026","toID":"1332029","formEdgeID":null},{"edgeID":"1746889","fromID":"1332029","toID":"1332025","formEdgeID":null},{"edgeID":"1746890","fromID":"1332020","toID":"1332030","formEdgeID":null},{"edgeID":"1746891","fromID":"1332030","toID":"1332026","formEdgeID":null},{"edgeID":"1746892","fromID":"1150472","toID":"1332031","formEdgeID":null},{"edgeID":"1746893","fromID":"1332031","toID":"1332014","formEdgeID":null},{"edgeID":"1746894","fromID":"1332024","toID":"1332032","formEdgeID":null},{"edgeID":"1746895","fromID":"1332032","toID":"1332031","formEdgeID":null},{"edgeID":"1746896","fromID":"1150472","toID":"1332033","formEdgeID":null},{"edgeID":"1746897","fromID":"1332033","toID":"1332025","formEdgeID":null},{"edgeID":"1746898","fromID":"1332030","toID":"1332034","formEdgeID":null},{"edgeID":"1746899","fromID":"1332034","toID":"1332033","formEdgeID":null},{"edgeID":"1746900","fromID":"1332037","toID":"1332036","formEdgeID":null},{"edgeID":"1746901","fromID":"1332038","toID":"1332037","formEdgeID":null},{"edgeID":"1746902","fromID":"1332036","toID":"1332039","formEdgeID":null},{"edgeID":"1746903","fromID":"1332039","toID":"1332035","formEdgeID":null},{"edgeID":"1746904","fromID":"1332026","toID":"1332040","formEdgeID":null},{"edgeID":"1746905","fromID":"1332040","toID":"1332036","formEdgeID":null},{"edgeID":"1746906","fromID":"1332043","toID":"1332042","formEdgeID":null},{"edgeID":"1746907","fromID":"1332044","toID":"1332043","formEdgeID":null},{"edgeID":"1746908","fromID":"1332042","toID":"1332045","formEdgeID":null},{"edgeID":"1746909","fromID":"1332045","toID":"1332041","formEdgeID":null},{"edgeID":"1746910","fromID":"1332036","toID":"1332046","formEdgeID":null},{"edgeID":"1746911","fromID":"1332046","toID":"1332042","formEdgeID":null},{"edgeID":"1746912","fromID":"1332041","toID":"1332047","formEdgeID":null},{"edgeID":"1746913","fromID":"1332047","toID":"1332035","formEdgeID":null},{"edgeID":"1746914","fromID":"1332046","toID":"1332048","formEdgeID":null},{"edgeID":"1746915","fromID":"1332048","toID":"1332047","formEdgeID":null},{"edgeID":"1746916","fromID":"1332035","toID":"1332049","formEdgeID":null},{"edgeID":"1746917","fromID":"1332049","toID":"1332025","formEdgeID":null},{"edgeID":"1746918","fromID":"1332040","toID":"1332050","formEdgeID":null},{"edgeID":"1746919","fromID":"1332050","toID":"1332049","formEdgeID":null},{"edgeID":"1746920","fromID":"1332053","toID":"1332052","formEdgeID":null},{"edgeID":"1746921","fromID":"1332054","toID":"1332053","formEdgeID":null},{"edgeID":"1746922","fromID":"1332052","toID":"1332055","formEdgeID":null},{"edgeID":"1746923","fromID":"1332055","toID":"1332051","formEdgeID":null},{"edgeID":"1746924","fromID":"1332042","toID":"1332056","formEdgeID":null},{"edgeID":"1746925","fromID":"1332056","toID":"1332052","formEdgeID":null},{"edgeID":"1746926","fromID":"1332051","toID":"1332057","formEdgeID":null},{"edgeID":"1746927","fromID":"1332057","toID":"1150516","formEdgeID":null},{"edgeID":"1746928","fromID":"1332000","toID":"1332058","formEdgeID":null},{"edgeID":"1746929","fromID":"1332058","toID":"1332052","formEdgeID":null},{"edgeID":"1746930","fromID":"1332058","toID":"1332059","formEdgeID":null},{"edgeID":"1746931","fromID":"1332059","toID":"1332057","formEdgeID":null},{"edgeID":"1746932","fromID":"1150466","toID":"1332060","formEdgeID":null},{"edgeID":"1746933","fromID":"1332060","toID":"1332014","formEdgeID":null},{"edgeID":"1746934","fromID":"1332019","toID":"1332061","formEdgeID":null},{"edgeID":"1746935","fromID":"1332061","toID":"1332060","formEdgeID":null},{"edgeID":"1746936","fromID":"1332064","toID":"1332063","formEdgeID":null},{"edgeID":"1746937","fromID":"1332065","toID":"1332064","formEdgeID":null},{"edgeID":"1746938","fromID":"1332063","toID":"1332066","formEdgeID":null},{"edgeID":"1746939","fromID":"1332066","toID":"1332062","formEdgeID":null},{"edgeID":"1746940","fromID":"1332052","toID":"1332067","formEdgeID":null},{"edgeID":"1746941","fromID":"1332067","toID":"1332063","formEdgeID":null},{"edgeID":"1746942","fromID":"1332070","toID":"1332069","formEdgeID":null},{"edgeID":"1746943","fromID":"1332071","toID":"1332070","formEdgeID":null},{"edgeID":"1746944","fromID":"1332069","toID":"1332072","formEdgeID":null},{"edgeID":"1746945","fromID":"1332072","toID":"1332068","formEdgeID":null},{"edgeID":"1746946","fromID":"1332063","toID":"1332073","formEdgeID":null},{"edgeID":"1746947","fromID":"1332073","toID":"1332069","formEdgeID":null},{"edgeID":"1746948","fromID":"1332068","toID":"1332074","formEdgeID":null},{"edgeID":"1746949","fromID":"1332074","toID":"1332062","formEdgeID":null},{"edgeID":"1746950","fromID":"1332073","toID":"1332075","formEdgeID":null},{"edgeID":"1746951","fromID":"1332075","toID":"1332074","formEdgeID":null},{"edgeID":"1746952","fromID":"1332078","toID":"1332077","formEdgeID":null},{"edgeID":"1746953","fromID":"1332079","toID":"1332078","formEdgeID":null},{"edgeID":"1746954","fromID":"1332077","toID":"1332080","formEdgeID":null},{"edgeID":"1746955","fromID":"1332080","toID":"1332076","formEdgeID":null},{"edgeID":"1746956","fromID":"1332069","toID":"1332081","formEdgeID":null},{"edgeID":"1746957","fromID":"1332081","toID":"1332077","formEdgeID":null},{"edgeID":"1746958","fromID":"1332076","toID":"1332082","formEdgeID":null},{"edgeID":"1746959","fromID":"1332082","toID":"1332068","formEdgeID":null},{"edgeID":"1746960","fromID":"1332081","toID":"1332083","formEdgeID":null},{"edgeID":"1746961","fromID":"1332083","toID":"1332082","formEdgeID":null},{"edgeID":"1746962","fromID":"1332086","toID":"1332085","formEdgeID":null},{"edgeID":"1746963","fromID":"1332087","toID":"1332086","formEdgeID":null},{"edgeID":"1746964","fromID":"1332085","toID":"1332088","formEdgeID":null},{"edgeID":"1746965","fromID":"1332088","toID":"1332084","formEdgeID":null},{"edgeID":"1746966","fromID":"1332091","toID":"1332090","formEdgeID":null},{"edgeID":"1746967","fromID":"1332092","toID":"1332091","formEdgeID":null},{"edgeID":"1746968","fromID":"1332090","toID":"1332093","formEdgeID":null},{"edgeID":"1746969","fromID":"1332093","toID":"1332089","formEdgeID":null},{"edgeID":"1746970","fromID":"1331986","toID":"1332094","formEdgeID":null},{"edgeID":"1746971","fromID":"1332094","toID":"1332090","formEdgeID":null},{"edgeID":"1746972","fromID":"1332089","toID":"1332095","formEdgeID":null},{"edgeID":"1746973","fromID":"1332095","toID":"1150437","formEdgeID":null},{"edgeID":"1746974","fromID":"1332094","toID":"1332096","formEdgeID":null},{"edgeID":"1746975","fromID":"1332096","toID":"1332095","formEdgeID":null},{"edgeID":"1746976","fromID":"1332090","toID":"1332097","formEdgeID":null},{"edgeID":"1746977","fromID":"1332097","toID":"1331990","formEdgeID":null},{"edgeID":"1746978","fromID":"1150448","toID":"1332098","formEdgeID":null},{"edgeID":"1746979","fromID":"1332098","toID":"1332089","formEdgeID":null},{"edgeID":"1746980","fromID":"1332097","toID":"1332099","formEdgeID":null},{"edgeID":"1746981","fromID":"1332099","toID":"1332098","formEdgeID":null},{"edgeID":"1746982","fromID":"1331994","toID":"1332100","formEdgeID":null},{"edgeID":"1746983","fromID":"1332100","toID":"1150448","formEdgeID":null},{"edgeID":"1746984","fromID":"1331999","toID":"1332101","formEdgeID":null},{"edgeID":"1746985","fromID":"1332101","toID":"1332100","formEdgeID":null},{"edgeID":"1746986","fromID":"1150516","toID":"1332102","formEdgeID":null},{"edgeID":"1746987","fromID":"1332102","toID":"1331994","formEdgeID":null},{"edgeID":"1746988","fromID":"1332003","toID":"1332103","formEdgeID":null},{"edgeID":"1746989","fromID":"1332103","toID":"1332102","formEdgeID":null},{"edgeID":"1746990","fromID":"1332025","toID":"1332104","formEdgeID":null},{"edgeID":"1746991","fromID":"1332104","toID":"1332051","formEdgeID":null},{"edgeID":"1746992","fromID":"1332026","toID":"1332105","formEdgeID":null},{"edgeID":"1746993","fromID":"1332105","toID":"1332052","formEdgeID":null},{"edgeID":"1746994","fromID":"1332105","toID":"1332106","formEdgeID":null},{"edgeID":"1746995","fromID":"1332106","toID":"1332104","formEdgeID":null},{"edgeID":"1746996","fromID":"1332084","toID":"1332107","formEdgeID":null},{"edgeID":"1746997","fromID":"1332107","toID":"1332062","formEdgeID":null},{"edgeID":"1746998","fromID":"1332063","toID":"1332108","formEdgeID":null},{"edgeID":"1746999","fromID":"1332108","toID":"1332085","formEdgeID":null},{"edgeID":"1747000","fromID":"1332108","toID":"1332109","formEdgeID":null},{"edgeID":"1747001","fromID":"1332109","toID":"1332107","formEdgeID":null}],"locutions":[]}