{"nodes":[{"nodeID":"1348384","text":"a Labour government has to be business-friendly","type":"I","timestamp":"2023-11-09 14:05:44"},{"nodeID":"1348385","text":"Karen Bilimoria: a Labour government has to be business-friendly","type":"L","timestamp":"2023-11-09 14:05:44"},{"nodeID":"1348386","text":"Analysing","type":"YA","timestamp":"2023-11-09 14:05:44"},{"nodeID":"1348387","text":"Anon: Karen Bilimoria: a Labour government has to be business-friendly","type":"L","timestamp":"2023-11-09 14:05:44"},{"nodeID":"1348388","text":"Asserting","type":"YA","timestamp":"2023-11-09 14:05:44"},{"nodeID":"1348389","text":"Karen Bilimoria has seen the opposition trying to be business-friendly","type":"I","timestamp":"2023-11-09 14:05:44"},{"nodeID":"1348390","text":"Karen Bilimoria: I have seen this in opposition","type":"L","timestamp":"2023-11-09 14:05:44"},{"nodeID":"1348391","text":"Anon: Karen Bilimoria: I have seen this in opposition","type":"L","timestamp":"2023-11-09 14:05:44"},{"nodeID":"1348392","text":"Analysing","type":"YA","timestamp":"2023-11-09 14:05:44"},{"nodeID":"1348393","text":"Asserting","type":"YA","timestamp":"2023-11-09 14:05:44"},{"nodeID":"1348394","text":"Default Transition","type":"TA","timestamp":"2023-11-09 14:05:44"},{"nodeID":"1348395","text":"Default Rephrase","type":"MA","timestamp":"2023-11-09 14:05:44"},{"nodeID":"1348396","text":"Restating","type":"YA","timestamp":"2023-11-09 14:05:44"},{"nodeID":"1348397","text":"Rachel Reeves, Keir Starmer, they are trying to be business friendly","type":"I","timestamp":"2023-11-09 14:05:45"},{"nodeID":"1348398","text":"Karen Bilimoria: Rachel Reeves, Keir Starmer, they are trying to be business friendly","type":"L","timestamp":"2023-11-09 14:05:45"},{"nodeID":"1348399","text":"Analysing","type":"YA","timestamp":"2023-11-09 14:05:45"},{"nodeID":"1348400","text":"Anon: Karen Bilimoria: Rachel Reeves, Keir Starmer, they are trying to be business friendly","type":"L","timestamp":"2023-11-09 14:05:45"},{"nodeID":"1348401","text":"Asserting","type":"YA","timestamp":"2023-11-09 14:05:45"},{"nodeID":"1348402","text":"Default Transition","type":"TA","timestamp":"2023-11-09 14:05:45"},{"nodeID":"1348403","text":"Default Rephrase","type":"MA","timestamp":"2023-11-09 14:05:45"},{"nodeID":"1348404","text":"Restating","type":"YA","timestamp":"2023-11-09 14:05:45"},{"nodeID":"1348405","text":"Tony Blair's government was very business friendly","type":"I","timestamp":"2023-11-09 14:05:46"},{"nodeID":"1348406","text":"Karen Bilimoria: Tony Blair's government was very business friendly","type":"L","timestamp":"2023-11-09 14:05:46"},{"nodeID":"1348407","text":"Analysing","type":"YA","timestamp":"2023-11-09 14:05:46"},{"nodeID":"1348408","text":"Anon: Karen Bilimoria: Tony Blair's government was very business friendly","type":"L","timestamp":"2023-11-09 14:05:46"},{"nodeID":"1348409","text":"Asserting","type":"YA","timestamp":"2023-11-09 14:05:46"},{"nodeID":"1348410","text":"Default Transition","type":"TA","timestamp":"2023-11-09 14:05:46"},{"nodeID":"1348411","text":"Boris Johnson won an 80 seat majority","type":"I","timestamp":"2023-11-09 14:05:46"},{"nodeID":"1348412","text":"Karen Bilimoria:  Boris Johnson won an 80 seat majority","type":"L","timestamp":"2023-11-09 14:05:46"},{"nodeID":"1348413","text":"Analysing","type":"YA","timestamp":"2023-11-09 14:05:46"},{"nodeID":"1348414","text":"Anon: Karen Bilimoria:  Boris Johnson won an 80 seat majority","type":"L","timestamp":"2023-11-09 14:05:46"},{"nodeID":"1348415","text":"Asserting","type":"YA","timestamp":"2023-11-09 14:05:46"},{"nodeID":"1348416","text":"Default Transition","type":"TA","timestamp":"2023-11-09 14:05:46"},{"nodeID":"1348417","text":"Default Rephrase","type":"MA","timestamp":"2023-11-09 14:05:46"},{"nodeID":"1348418","text":"Restating","type":"YA","timestamp":"2023-11-09 14:05:46"},{"nodeID":"1348419","text":"Boris Johnson was up against Jeremy Corbyn","type":"I","timestamp":"2023-11-09 14:05:47"},{"nodeID":"1348420","text":"Karen Bilimoria: he was up against Jeremy Corbyn","type":"L","timestamp":"2023-11-09 14:05:47"},{"nodeID":"1348421","text":"Analysing","type":"YA","timestamp":"2023-11-09 14:05:47"},{"nodeID":"1348422","text":"Anon: Karen Bilimoria: he was up against Jeremy Corbyn","type":"L","timestamp":"2023-11-09 14:05:47"},{"nodeID":"1348423","text":"Asserting","type":"YA","timestamp":"2023-11-09 14:05:47"},{"nodeID":"1348424","text":"business did not see Jeremy Corbyn as being business friendly","type":"I","timestamp":"2023-11-09 14:05:48"},{"nodeID":"1348425","text":"Karen Bilimoria: business did not see Jeremy Corbyn as being business friendly","type":"L","timestamp":"2023-11-09 14:05:48"},{"nodeID":"1348426","text":"Analysing","type":"YA","timestamp":"2023-11-09 14:05:48"},{"nodeID":"1348427","text":"Anon: Karen Bilimoria: business did not see Jeremy Corbyn as being business friendly","type":"L","timestamp":"2023-11-09 14:05:48"},{"nodeID":"1348428","text":"Asserting","type":"YA","timestamp":"2023-11-09 14:05:48"},{"nodeID":"1348429","text":"Default Transition","type":"TA","timestamp":"2023-11-09 14:05:48"},{"nodeID":"1348430","text":"Default Inference","type":"RA","timestamp":"2023-11-09 14:05:48"},{"nodeID":"1348431","text":"Default Transition","type":"TA","timestamp":"2023-11-09 14:05:48"},{"nodeID":"1348432","text":"Keir Starmer can be business friendly","type":"I","timestamp":"2023-11-09 14:05:48"},{"nodeID":"1348433","text":"Karen Bilimoria: Keir Starmer can be business friendly","type":"L","timestamp":"2023-11-09 14:05:48"},{"nodeID":"1348434","text":"Analysing","type":"YA","timestamp":"2023-11-09 14:05:48"},{"nodeID":"1348435","text":"Anon: Karen Bilimoria: Keir Starmer can be business friendly","type":"L","timestamp":"2023-11-09 14:05:48"},{"nodeID":"1348436","text":"Asserting","type":"YA","timestamp":"2023-11-09 14:05:48"},{"nodeID":"1348437","text":"Default Transition","type":"TA","timestamp":"2023-11-09 14:05:48"},{"nodeID":"1348438","text":"there is a lot of hope","type":"I","timestamp":"2023-11-09 14:05:49"},{"nodeID":"1348439","text":"Karen Bilimoria: there is a lot of hope","type":"L","timestamp":"2023-11-09 14:05:49"},{"nodeID":"1348440","text":"Analysing","type":"YA","timestamp":"2023-11-09 14:05:49"},{"nodeID":"1348441","text":"Anon: Karen Bilimoria: there is a lot of hope","type":"L","timestamp":"2023-11-09 14:05:49"},{"nodeID":"1348442","text":"Asserting","type":"YA","timestamp":"2023-11-09 14:05:49"},{"nodeID":"1348443","text":"Default Transition","type":"TA","timestamp":"2023-11-09 14:05:49"},{"nodeID":"1348444","text":"Default Inference","type":"RA","timestamp":"2023-11-09 14:05:49"},{"nodeID":"1348445","text":"Arguing","type":"YA","timestamp":"2023-11-09 14:05:49"},{"nodeID":"1348446","text":"we talk about climate change","type":"I","timestamp":"2023-11-09 14:05:50"},{"nodeID":"1348447","text":"Karen Bilimoria: We talk about climate change","type":"L","timestamp":"2023-11-09 14:05:50"},{"nodeID":"1348448","text":"Analysing","type":"YA","timestamp":"2023-11-09 14:05:50"},{"nodeID":"1348449","text":"Anon: Karen Bilimoria: We talk about climate change","type":"L","timestamp":"2023-11-09 14:05:50"},{"nodeID":"1348450","text":"Asserting","type":"YA","timestamp":"2023-11-09 14:05:50"},{"nodeID":"1348451","text":"houses, 28 million houses of 29 million houses in this country are not up to the standard","type":"I","timestamp":"2023-11-09 14:05:50"},{"nodeID":"1348452","text":"Karen Bilimoria: houses, 28 million houses of 29 million houses in this country are not up to the standard","type":"L","timestamp":"2023-11-09 14:05:50"},{"nodeID":"1348453","text":"Analysing","type":"YA","timestamp":"2023-11-09 14:05:50"},{"nodeID":"1348454","text":"Anon: Karen Bilimoria: houses, 28 million houses of 29 million houses in this country are not up to the standard","type":"L","timestamp":"2023-11-09 14:05:50"},{"nodeID":"1348455","text":"Asserting","type":"YA","timestamp":"2023-11-09 14:05:50"},{"nodeID":"1348456","text":"Default Transition","type":"TA","timestamp":"2023-11-09 14:05:50"},{"nodeID":"1348457","text":"Default Rephrase","type":"MA","timestamp":"2023-11-09 14:05:50"},{"nodeID":"1348458","text":"Restating","type":"YA","timestamp":"2023-11-09 14:05:50"},{"nodeID":"1348459","text":"we need to have houses insulated, hydrogen, heat pumps, all that creates jobs","type":"I","timestamp":"2023-11-09 14:05:51"},{"nodeID":"1348460","text":"Karen Bilimoria: We need to have them insulated, hydrogen, heat pumps, all that creates jobs","type":"L","timestamp":"2023-11-09 14:05:51"},{"nodeID":"1348461","text":"Analysing","type":"YA","timestamp":"2023-11-09 14:05:51"},{"nodeID":"1348462","text":"Anon: Karen Bilimoria: We need to have them insulated, hydrogen, heat pumps, all that creates jobs","type":"L","timestamp":"2023-11-09 14:05:51"},{"nodeID":"1348463","text":"Asserting","type":"YA","timestamp":"2023-11-09 14:05:51"},{"nodeID":"1348464","text":"Default Transition","type":"TA","timestamp":"2023-11-09 14:05:51"},{"nodeID":"1348465","text":"Default Inference","type":"RA","timestamp":"2023-11-09 14:05:51"},{"nodeID":"1348466","text":"Arguing","type":"YA","timestamp":"2023-11-09 14:05:51"},{"nodeID":"1348467","text":"Keir Starmer has got to be talking about creating jobs","type":"I","timestamp":"2023-11-09 14:05:52"},{"nodeID":"1348468","text":"Karen Bilimoria: that's what he has got to be talking about","type":"L","timestamp":"2023-11-09 14:05:52"},{"nodeID":"1348469","text":"Analysing","type":"YA","timestamp":"2023-11-09 14:05:52"},{"nodeID":"1348470","text":"Anon: Karen Bilimoria: that's what he has got to be talking about","type":"L","timestamp":"2023-11-09 14:05:52"},{"nodeID":"1348471","text":"Asserting","type":"YA","timestamp":"2023-11-09 14:05:52"},{"nodeID":"1348472","text":"Default Transition","type":"TA","timestamp":"2023-11-09 14:05:52"},{"nodeID":"1348473","text":"Default Inference","type":"RA","timestamp":"2023-11-09 14:05:52"},{"nodeID":"1348474","text":"Arguing","type":"YA","timestamp":"2023-11-09 14:05:52"},{"nodeID":"1348475","text":"Karen Bilimoria supports Keir Starmer","type":"I","timestamp":"2023-11-09 14:05:52"},{"nodeID":"1348476","text":"Karen Bilimoria: Go Keir Starmer","type":"L","timestamp":"2023-11-09 14:05:52"},{"nodeID":"1348477","text":"Analysing","type":"YA","timestamp":"2023-11-09 14:05:52"},{"nodeID":"1348478","text":"Anon: Karen Bilimoria: Go Keir Starmer","type":"L","timestamp":"2023-11-09 14:05:52"},{"nodeID":"1348479","text":"Asserting","type":"YA","timestamp":"2023-11-09 14:05:52"},{"nodeID":"1348480","text":"Karen Bilimoria got to know Keir Starmer","type":"I","timestamp":"2023-11-09 14:05:53"},{"nodeID":"1348481","text":"Karen Bilimoria: I got to know him","type":"L","timestamp":"2023-11-09 14:05:53"},{"nodeID":"1348482","text":"Analysing","type":"YA","timestamp":"2023-11-09 14:05:53"},{"nodeID":"1348483","text":"Anon: Karen Bilimoria: I got to know him","type":"L","timestamp":"2023-11-09 14:05:53"},{"nodeID":"1348484","text":"Asserting","type":"YA","timestamp":"2023-11-09 14:05:53"},{"nodeID":"1348485","text":"Default Transition","type":"TA","timestamp":"2023-11-09 14:05:53"},{"nodeID":"1348486","text":"Default Rephrase","type":"MA","timestamp":"2023-11-09 14:05:53"},{"nodeID":"1348487","text":"Restating","type":"YA","timestamp":"2023-11-09 14:05:53"},{"nodeID":"1348488","text":"Keir Starmer is a thoroughly decent man","type":"I","timestamp":"2023-11-09 14:05:54"},{"nodeID":"1348489","text":"Karen Bilimoria: he is a thoroughly decent man","type":"L","timestamp":"2023-11-09 14:05:54"},{"nodeID":"1348490","text":"Analysing","type":"YA","timestamp":"2023-11-09 14:05:54"},{"nodeID":"1348491","text":"Anon: Karen Bilimoria: he is a thoroughly decent man","type":"L","timestamp":"2023-11-09 14:05:54"},{"nodeID":"1348492","text":"Asserting","type":"YA","timestamp":"2023-11-09 14:05:54"},{"nodeID":"1348493","text":"Default Transition","type":"TA","timestamp":"2023-11-09 14:05:54"},{"nodeID":"1348494","text":"Default Inference","type":"RA","timestamp":"2023-11-09 14:05:54"},{"nodeID":"1348495","text":"Keir Starmer's somebody who has got a hugely accomplished career not as a QC, KC now","type":"I","timestamp":"2023-11-09 14:05:54"},{"nodeID":"1348496","text":"Karen Bilimoria: He's somebody who has got a hugely accomplished career not as a QC, KC now","type":"L","timestamp":"2023-11-09 14:05:54"},{"nodeID":"1348497","text":"Analysing","type":"YA","timestamp":"2023-11-09 14:05:54"},{"nodeID":"1348498","text":"Anon: Karen Bilimoria: He's somebody who has got a hugely accomplished career not as a QC, KC now","type":"L","timestamp":"2023-11-09 14:05:54"},{"nodeID":"1348499","text":"Asserting","type":"YA","timestamp":"2023-11-09 14:05:54"},{"nodeID":"1348500","text":"Default Transition","type":"TA","timestamp":"2023-11-09 14:05:54"},{"nodeID":"1348501","text":"Default Rephrase","type":"MA","timestamp":"2023-11-09 14:05:54"},{"nodeID":"1348502","text":"Restating","type":"YA","timestamp":"2023-11-09 14:05:54"},{"nodeID":"1348503","text":"Karen Bilimoria respected what Keir Starmer said in partygate","type":"I","timestamp":"2023-11-09 14:05:55"},{"nodeID":"1348504","text":"Karen Bilimoria: here's what I respected about him","type":"L","timestamp":"2023-11-09 14:05:55"},{"nodeID":"1348505","text":"Analysing","type":"YA","timestamp":"2023-11-09 14:05:55"},{"nodeID":"1348506","text":"Anon: Karen Bilimoria: here's what I respected about him","type":"L","timestamp":"2023-11-09 14:05:55"},{"nodeID":"1348507","text":"Asserting","type":"YA","timestamp":"2023-11-09 14:05:55"},{"nodeID":"1348508","text":"Default Transition","type":"TA","timestamp":"2023-11-09 14:05:55"},{"nodeID":"1348509","text":"Karen Bilimoria: In partygate, he said \"if I am also found guilty, I will resign\"","type":"L","timestamp":"2023-11-09 14:05:55"},{"nodeID":"1348510","text":"Analysing","type":"YA","timestamp":"2023-11-09 14:05:55"},{"nodeID":"1348511","text":"Anon: Karen Bilimoria: In partygate, he said \"if I am also found guilty, I will resign\"","type":"L","timestamp":"2023-11-09 14:05:55"},{"nodeID":"1348512","text":"Default Transition","type":"TA","timestamp":"2023-11-09 14:05:55"},{"nodeID":"1348513","text":"in partygate, Keir Starmer said he would also resign if found guilty","type":"I","timestamp":"2023-11-09 14:05:55"},{"nodeID":"1348514","text":"Keir Starmer: if I am also found guilty, I will resign","type":"L","timestamp":"2023-11-09 14:05:55"},{"nodeID":"1348515","text":"Analysing","type":"YA","timestamp":"2023-11-09 14:05:55"},{"nodeID":"1348516","text":"Anon: Keir Starmer: if I am also found guilty, I will resign","type":"L","timestamp":"2023-11-09 14:05:55"},{"nodeID":"1348517","text":"Asserting","type":"YA","timestamp":"2023-11-09 14:05:55"},{"nodeID":"1348518","text":"Default Transition","type":"TA","timestamp":"2023-11-09 14:05:55"},{"nodeID":"1348519","text":"Default Inference","type":"RA","timestamp":"2023-11-09 14:05:55"},{"nodeID":"1348520","text":"Default Transition","type":"TA","timestamp":"2023-11-09 14:05:55"},{"nodeID":"1348521","text":"Arguing","type":"YA","timestamp":"2023-11-09 14:05:55"},{"nodeID":"1348522","text":"no other politician has said that they would resign if found guilty","type":"I","timestamp":"2023-11-09 14:05:56"},{"nodeID":"1348523","text":"Karen Bilimoria: Which other politician said that","type":"L","timestamp":"2023-11-09 14:05:56"},{"nodeID":"1348524","text":"Analysing","type":"YA","timestamp":"2023-11-09 14:05:56"},{"nodeID":"1348525","text":"Anon: Karen Bilimoria: Which other politician said that","type":"L","timestamp":"2023-11-09 14:05:56"},{"nodeID":"1348526","text":"Rhetorical Questioning","type":"YA","timestamp":"2023-11-09 14:05:56"},{"nodeID":"1348527","text":"Default Transition","type":"TA","timestamp":"2023-11-09 14:05:56"},{"nodeID":"1348528","text":"Arguing","type":"YA","timestamp":"2023-11-09 14:05:56"},{"nodeID":"1348529","text":"Arguing","type":"YA","timestamp":"2023-11-09 14:05:56"},{"nodeID":"1348530","text":"Default Conflict","type":"CA","timestamp":"2023-11-09 14:05:56"},{"nodeID":"1348531","text":"Disagreeing","type":"YA","timestamp":"2023-11-09 14:05:56"},{"nodeID":"1348532","text":"Keir Starmer wants to invest in research and development","type":"I","timestamp":"2023-11-09 14:05:57"},{"nodeID":"1348533","text":"Karen Bilimoria: he wants to invest in research and development","type":"L","timestamp":"2023-11-09 14:05:57"},{"nodeID":"1348534","text":"Analysing","type":"YA","timestamp":"2023-11-09 14:05:57"},{"nodeID":"1348535","text":"Anon: Karen Bilimoria: he wants to invest in research and development","type":"L","timestamp":"2023-11-09 14:05:57"},{"nodeID":"1348536","text":"Asserting","type":"YA","timestamp":"2023-11-09 14:05:57"},{"nodeID":"1348537","text":"Default Transition","type":"TA","timestamp":"2023-11-09 14:05:57"},{"nodeID":"1348538","text":"we only invest 1.7%","type":"I","timestamp":"2023-11-09 14:05:57"},{"nodeID":"1348539","text":"Karen Bilimoria: we only invest 1.7%","type":"L","timestamp":"2023-11-09 14:05:57"},{"nodeID":"1348540","text":"Analysing","type":"YA","timestamp":"2023-11-09 14:05:57"},{"nodeID":"1348541","text":"Anon: Karen Bilimoria: we only invest 1.7%","type":"L","timestamp":"2023-11-09 14:05:57"},{"nodeID":"1348542","text":"Asserting","type":"YA","timestamp":"2023-11-09 14:05:57"},{"nodeID":"1348543","text":"Default Transition","type":"TA","timestamp":"2023-11-09 14:05:57"},{"nodeID":"1348544","text":"Default Transition","type":"TA","timestamp":"2023-11-09 14:05:57"},{"nodeID":"1348545","text":"Default Conflict","type":"CA","timestamp":"2023-11-09 14:05:57"},{"nodeID":"1348546","text":"Disagreeing","type":"YA","timestamp":"2023-11-09 14:05:57"},{"nodeID":"1348547","text":"Default Inference","type":"RA","timestamp":"2023-11-09 14:05:57"},{"nodeID":"1348548","text":"Default Transition","type":"TA","timestamp":"2023-11-09 14:05:57"},{"nodeID":"1348549","text":"Arguing","type":"YA","timestamp":"2023-11-09 14:05:57"}],"edges":[{"edgeID":"1766434","fromID":"1348386","toID":"1348385","formEdgeID":null},{"edgeID":"1766435","fromID":"1348387","toID":"1348386","formEdgeID":null},{"edgeID":"1766436","fromID":"1348385","toID":"1348388","formEdgeID":null},{"edgeID":"1766437","fromID":"1348388","toID":"1348384","formEdgeID":null},{"edgeID":"1766438","fromID":"1348392","toID":"1348390","formEdgeID":null},{"edgeID":"1766439","fromID":"1348391","toID":"1348392","formEdgeID":null},{"edgeID":"1766440","fromID":"1348390","toID":"1348393","formEdgeID":null},{"edgeID":"1766441","fromID":"1348393","toID":"1348389","formEdgeID":null},{"edgeID":"1766442","fromID":"1348385","toID":"1348394","formEdgeID":null},{"edgeID":"1766443","fromID":"1348394","toID":"1348390","formEdgeID":null},{"edgeID":"1766444","fromID":"1348389","toID":"1348395","formEdgeID":null},{"edgeID":"1766445","fromID":"1348395","toID":"1348384","formEdgeID":null},{"edgeID":"1766446","fromID":"1348394","toID":"1348396","formEdgeID":null},{"edgeID":"1766447","fromID":"1348396","toID":"1348395","formEdgeID":null},{"edgeID":"1766448","fromID":"1348399","toID":"1348398","formEdgeID":null},{"edgeID":"1766449","fromID":"1348400","toID":"1348399","formEdgeID":null},{"edgeID":"1766450","fromID":"1348398","toID":"1348401","formEdgeID":null},{"edgeID":"1766451","fromID":"1348401","toID":"1348397","formEdgeID":null},{"edgeID":"1766452","fromID":"1348390","toID":"1348402","formEdgeID":null},{"edgeID":"1766453","fromID":"1348402","toID":"1348398","formEdgeID":null},{"edgeID":"1766454","fromID":"1348397","toID":"1348403","formEdgeID":null},{"edgeID":"1766455","fromID":"1348403","toID":"1348389","formEdgeID":null},{"edgeID":"1766456","fromID":"1348402","toID":"1348404","formEdgeID":null},{"edgeID":"1766457","fromID":"1348404","toID":"1348403","formEdgeID":null},{"edgeID":"1766458","fromID":"1348407","toID":"1348406","formEdgeID":null},{"edgeID":"1766459","fromID":"1348408","toID":"1348407","formEdgeID":null},{"edgeID":"1766460","fromID":"1348406","toID":"1348409","formEdgeID":null},{"edgeID":"1766461","fromID":"1348409","toID":"1348405","formEdgeID":null},{"edgeID":"1766462","fromID":"1348398","toID":"1348410","formEdgeID":null},{"edgeID":"1766463","fromID":"1348410","toID":"1348406","formEdgeID":null},{"edgeID":"1766464","fromID":"1348413","toID":"1348412","formEdgeID":null},{"edgeID":"1766465","fromID":"1348414","toID":"1348413","formEdgeID":null},{"edgeID":"1766466","fromID":"1348412","toID":"1348415","formEdgeID":null},{"edgeID":"1766467","fromID":"1348415","toID":"1348411","formEdgeID":null},{"edgeID":"1766468","fromID":"1348406","toID":"1348416","formEdgeID":null},{"edgeID":"1766469","fromID":"1348416","toID":"1348412","formEdgeID":null},{"edgeID":"1766470","fromID":"1348405","toID":"1348417","formEdgeID":null},{"edgeID":"1766471","fromID":"1348417","toID":"1348397","formEdgeID":null},{"edgeID":"1766472","fromID":"1348410","toID":"1348418","formEdgeID":null},{"edgeID":"1766473","fromID":"1348418","toID":"1348417","formEdgeID":null},{"edgeID":"1766474","fromID":"1348421","toID":"1348420","formEdgeID":null},{"edgeID":"1766475","fromID":"1348422","toID":"1348421","formEdgeID":null},{"edgeID":"1766476","fromID":"1348420","toID":"1348423","formEdgeID":null},{"edgeID":"1766477","fromID":"1348423","toID":"1348419","formEdgeID":null},{"edgeID":"1766478","fromID":"1348426","toID":"1348425","formEdgeID":null},{"edgeID":"1766479","fromID":"1348427","toID":"1348426","formEdgeID":null},{"edgeID":"1766480","fromID":"1348425","toID":"1348428","formEdgeID":null},{"edgeID":"1766481","fromID":"1348428","toID":"1348424","formEdgeID":null},{"edgeID":"1766482","fromID":"1348420","toID":"1348429","formEdgeID":null},{"edgeID":"1766483","fromID":"1348429","toID":"1348425","formEdgeID":null},{"edgeID":"1766484","fromID":"1348424","toID":"1348430","formEdgeID":null},{"edgeID":"1766485","fromID":"1348430","toID":"1348411","formEdgeID":null},{"edgeID":"1766486","fromID":"1348412","toID":"1348431","formEdgeID":null},{"edgeID":"1766487","fromID":"1348431","toID":"1348425","formEdgeID":null},{"edgeID":"1766488","fromID":"1348434","toID":"1348433","formEdgeID":null},{"edgeID":"1766489","fromID":"1348435","toID":"1348434","formEdgeID":null},{"edgeID":"1766490","fromID":"1348433","toID":"1348436","formEdgeID":null},{"edgeID":"1766491","fromID":"1348436","toID":"1348432","formEdgeID":null},{"edgeID":"1766492","fromID":"1348425","toID":"1348437","formEdgeID":null},{"edgeID":"1766493","fromID":"1348437","toID":"1348433","formEdgeID":null},{"edgeID":"1766494","fromID":"1348440","toID":"1348439","formEdgeID":null},{"edgeID":"1766495","fromID":"1348441","toID":"1348440","formEdgeID":null},{"edgeID":"1766496","fromID":"1348439","toID":"1348442","formEdgeID":null},{"edgeID":"1766497","fromID":"1348442","toID":"1348438","formEdgeID":null},{"edgeID":"1766498","fromID":"1348433","toID":"1348443","formEdgeID":null},{"edgeID":"1766499","fromID":"1348443","toID":"1348439","formEdgeID":null},{"edgeID":"1766500","fromID":"1348432","toID":"1348444","formEdgeID":null},{"edgeID":"1766501","fromID":"1348444","toID":"1348438","formEdgeID":null},{"edgeID":"1766502","fromID":"1348443","toID":"1348445","formEdgeID":null},{"edgeID":"1766503","fromID":"1348445","toID":"1348444","formEdgeID":null},{"edgeID":"1766504","fromID":"1348448","toID":"1348447","formEdgeID":null},{"edgeID":"1766505","fromID":"1348449","toID":"1348448","formEdgeID":null},{"edgeID":"1766506","fromID":"1348447","toID":"1348450","formEdgeID":null},{"edgeID":"1766507","fromID":"1348450","toID":"1348446","formEdgeID":null},{"edgeID":"1766508","fromID":"1348453","toID":"1348452","formEdgeID":null},{"edgeID":"1766509","fromID":"1348454","toID":"1348453","formEdgeID":null},{"edgeID":"1766510","fromID":"1348452","toID":"1348455","formEdgeID":null},{"edgeID":"1766511","fromID":"1348455","toID":"1348451","formEdgeID":null},{"edgeID":"1766512","fromID":"1348447","toID":"1348456","formEdgeID":null},{"edgeID":"1766513","fromID":"1348456","toID":"1348452","formEdgeID":null},{"edgeID":"1766514","fromID":"1348451","toID":"1348457","formEdgeID":null},{"edgeID":"1766515","fromID":"1348457","toID":"1348446","formEdgeID":null},{"edgeID":"1766516","fromID":"1348456","toID":"1348458","formEdgeID":null},{"edgeID":"1766517","fromID":"1348458","toID":"1348457","formEdgeID":null},{"edgeID":"1766518","fromID":"1348461","toID":"1348460","formEdgeID":null},{"edgeID":"1766519","fromID":"1348462","toID":"1348461","formEdgeID":null},{"edgeID":"1766520","fromID":"1348460","toID":"1348463","formEdgeID":null},{"edgeID":"1766521","fromID":"1348463","toID":"1348459","formEdgeID":null},{"edgeID":"1766522","fromID":"1348452","toID":"1348464","formEdgeID":null},{"edgeID":"1766523","fromID":"1348464","toID":"1348460","formEdgeID":null},{"edgeID":"1766524","fromID":"1348451","toID":"1348465","formEdgeID":null},{"edgeID":"1766525","fromID":"1348465","toID":"1348459","formEdgeID":null},{"edgeID":"1766526","fromID":"1348464","toID":"1348466","formEdgeID":null},{"edgeID":"1766527","fromID":"1348466","toID":"1348465","formEdgeID":null},{"edgeID":"1766528","fromID":"1348469","toID":"1348468","formEdgeID":null},{"edgeID":"1766529","fromID":"1348470","toID":"1348469","formEdgeID":null},{"edgeID":"1766530","fromID":"1348468","toID":"1348471","formEdgeID":null},{"edgeID":"1766531","fromID":"1348471","toID":"1348467","formEdgeID":null},{"edgeID":"1766532","fromID":"1348460","toID":"1348472","formEdgeID":null},{"edgeID":"1766533","fromID":"1348472","toID":"1348468","formEdgeID":null},{"edgeID":"1766534","fromID":"1348459","toID":"1348473","formEdgeID":null},{"edgeID":"1766535","fromID":"1348473","toID":"1348467","formEdgeID":null},{"edgeID":"1766536","fromID":"1348472","toID":"1348474","formEdgeID":null},{"edgeID":"1766537","fromID":"1348474","toID":"1348473","formEdgeID":null},{"edgeID":"1766538","fromID":"1348477","toID":"1348476","formEdgeID":null},{"edgeID":"1766539","fromID":"1348478","toID":"1348477","formEdgeID":null},{"edgeID":"1766540","fromID":"1348476","toID":"1348479","formEdgeID":null},{"edgeID":"1766541","fromID":"1348479","toID":"1348475","formEdgeID":null},{"edgeID":"1766542","fromID":"1348482","toID":"1348481","formEdgeID":null},{"edgeID":"1766543","fromID":"1348483","toID":"1348482","formEdgeID":null},{"edgeID":"1766544","fromID":"1348481","toID":"1348484","formEdgeID":null},{"edgeID":"1766545","fromID":"1348484","toID":"1348480","formEdgeID":null},{"edgeID":"1766546","fromID":"1348476","toID":"1348485","formEdgeID":null},{"edgeID":"1766547","fromID":"1348485","toID":"1348481","formEdgeID":null},{"edgeID":"1766548","fromID":"1348480","toID":"1348486","formEdgeID":null},{"edgeID":"1766549","fromID":"1348486","toID":"1348475","formEdgeID":null},{"edgeID":"1766550","fromID":"1348485","toID":"1348487","formEdgeID":null},{"edgeID":"1766551","fromID":"1348487","toID":"1348486","formEdgeID":null},{"edgeID":"1766552","fromID":"1348490","toID":"1348489","formEdgeID":null},{"edgeID":"1766553","fromID":"1348491","toID":"1348490","formEdgeID":null},{"edgeID":"1766554","fromID":"1348489","toID":"1348492","formEdgeID":null},{"edgeID":"1766555","fromID":"1348492","toID":"1348488","formEdgeID":null},{"edgeID":"1766556","fromID":"1348481","toID":"1348493","formEdgeID":null},{"edgeID":"1766557","fromID":"1348493","toID":"1348489","formEdgeID":null},{"edgeID":"1766558","fromID":"1348488","toID":"1348494","formEdgeID":null},{"edgeID":"1766559","fromID":"1348494","toID":"1348475","formEdgeID":null},{"edgeID":"1766560","fromID":"1348497","toID":"1348496","formEdgeID":null},{"edgeID":"1766561","fromID":"1348498","toID":"1348497","formEdgeID":null},{"edgeID":"1766562","fromID":"1348496","toID":"1348499","formEdgeID":null},{"edgeID":"1766563","fromID":"1348499","toID":"1348495","formEdgeID":null},{"edgeID":"1766564","fromID":"1348489","toID":"1348500","formEdgeID":null},{"edgeID":"1766565","fromID":"1348500","toID":"1348496","formEdgeID":null},{"edgeID":"1766566","fromID":"1348495","toID":"1348501","formEdgeID":null},{"edgeID":"1766567","fromID":"1348501","toID":"1348488","formEdgeID":null},{"edgeID":"1766568","fromID":"1348500","toID":"1348502","formEdgeID":null},{"edgeID":"1766569","fromID":"1348502","toID":"1348501","formEdgeID":null},{"edgeID":"1766570","fromID":"1348505","toID":"1348504","formEdgeID":null},{"edgeID":"1766571","fromID":"1348506","toID":"1348505","formEdgeID":null},{"edgeID":"1766572","fromID":"1348504","toID":"1348507","formEdgeID":null},{"edgeID":"1766573","fromID":"1348507","toID":"1348503","formEdgeID":null},{"edgeID":"1766574","fromID":"1348496","toID":"1348508","formEdgeID":null},{"edgeID":"1766575","fromID":"1348508","toID":"1348504","formEdgeID":null},{"edgeID":"1766576","fromID":"1348510","toID":"1348509","formEdgeID":null},{"edgeID":"1766577","fromID":"1348511","toID":"1348510","formEdgeID":null},{"edgeID":"1766578","fromID":"1348504","toID":"1348512","formEdgeID":null},{"edgeID":"1766579","fromID":"1348512","toID":"1348509","formEdgeID":null},{"edgeID":"1766580","fromID":"1348515","toID":"1348514","formEdgeID":null},{"edgeID":"1766581","fromID":"1348516","toID":"1348515","formEdgeID":null},{"edgeID":"1766582","fromID":"1348514","toID":"1348517","formEdgeID":null},{"edgeID":"1766583","fromID":"1348517","toID":"1348513","formEdgeID":null},{"edgeID":"1766584","fromID":"1348509","toID":"1348518","formEdgeID":null},{"edgeID":"1766585","fromID":"1348518","toID":"1348514","formEdgeID":null},{"edgeID":"1766586","fromID":"1348513","toID":"1348519","formEdgeID":null},{"edgeID":"1766587","fromID":"1348519","toID":"1348503","formEdgeID":null},{"edgeID":"1766588","fromID":"1348503","toID":"1348494","formEdgeID":null},{"edgeID":"1766589","fromID":"1348504","toID":"1348520","formEdgeID":null},{"edgeID":"1766590","fromID":"1348520","toID":"1348476","formEdgeID":null},{"edgeID":"1766591","fromID":"1348520","toID":"1348521","formEdgeID":null},{"edgeID":"1766592","fromID":"1348521","toID":"1348494","formEdgeID":null},{"edgeID":"1766593","fromID":"1348524","toID":"1348523","formEdgeID":null},{"edgeID":"1766594","fromID":"1348525","toID":"1348524","formEdgeID":null},{"edgeID":"1766595","fromID":"1348523","toID":"1348526","formEdgeID":null},{"edgeID":"1766596","fromID":"1348526","toID":"1348522","formEdgeID":null},{"edgeID":"1766597","fromID":"1348504","toID":"1348527","formEdgeID":null},{"edgeID":"1766598","fromID":"1348527","toID":"1348523","formEdgeID":null},{"edgeID":"1766599","fromID":"1348522","toID":"1348519","formEdgeID":null},{"edgeID":"1766600","fromID":"1348527","toID":"1348528","formEdgeID":null},{"edgeID":"1766601","fromID":"1348528","toID":"1348519","formEdgeID":null},{"edgeID":"1766602","fromID":"1348419","toID":"1348430","formEdgeID":null},{"edgeID":"1766603","fromID":"1348431","toID":"1348529","formEdgeID":null},{"edgeID":"1766604","fromID":"1348529","toID":"1348430","formEdgeID":null},{"edgeID":"1766605","fromID":"1348432","toID":"1348530","formEdgeID":null},{"edgeID":"1766606","fromID":"1348530","toID":"1348424","formEdgeID":null},{"edgeID":"1766607","fromID":"1348437","toID":"1348531","formEdgeID":null},{"edgeID":"1766608","fromID":"1348531","toID":"1348530","formEdgeID":null},{"edgeID":"1766609","fromID":"1348534","toID":"1348533","formEdgeID":null},{"edgeID":"1766610","fromID":"1348535","toID":"1348534","formEdgeID":null},{"edgeID":"1766611","fromID":"1348533","toID":"1348536","formEdgeID":null},{"edgeID":"1766612","fromID":"1348536","toID":"1348532","formEdgeID":null},{"edgeID":"1766613","fromID":"1348439","toID":"1348537","formEdgeID":null},{"edgeID":"1766614","fromID":"1348537","toID":"1348533","formEdgeID":null},{"edgeID":"1766615","fromID":"1348540","toID":"1348539","formEdgeID":null},{"edgeID":"1766616","fromID":"1348541","toID":"1348540","formEdgeID":null},{"edgeID":"1766617","fromID":"1348539","toID":"1348542","formEdgeID":null},{"edgeID":"1766618","fromID":"1348542","toID":"1348538","formEdgeID":null},{"edgeID":"1766619","fromID":"1348533","toID":"1348543","formEdgeID":null},{"edgeID":"1766620","fromID":"1348543","toID":"1348539","formEdgeID":null},{"edgeID":"1766621","fromID":"1348539","toID":"1348544","formEdgeID":null},{"edgeID":"1766622","fromID":"1348544","toID":"1348447","formEdgeID":null},{"edgeID":"1766623","fromID":"1348538","toID":"1348545","formEdgeID":null},{"edgeID":"1766624","fromID":"1348545","toID":"1348532","formEdgeID":null},{"edgeID":"1766625","fromID":"1348543","toID":"1348546","formEdgeID":null},{"edgeID":"1766626","fromID":"1348546","toID":"1348545","formEdgeID":null},{"edgeID":"1766627","fromID":"1348547","toID":"1348475","formEdgeID":null},{"edgeID":"1766628","fromID":"1348432","toID":"1348547","formEdgeID":null},{"edgeID":"1766629","fromID":"1348532","toID":"1348547","formEdgeID":null},{"edgeID":"1766630","fromID":"1348467","toID":"1348547","formEdgeID":null},{"edgeID":"1766631","fromID":"1348548","toID":"1348476","formEdgeID":null},{"edgeID":"1766632","fromID":"1348433","toID":"1348548","formEdgeID":null},{"edgeID":"1766633","fromID":"1348533","toID":"1348548","formEdgeID":null},{"edgeID":"1766634","fromID":"1348468","toID":"1348548","formEdgeID":null},{"edgeID":"1766635","fromID":"1348548","toID":"1348549","formEdgeID":null},{"edgeID":"1766636","fromID":"1348549","toID":"1348547","formEdgeID":null}],"locutions":[]}