{"nodes":[{"nodeID":"1333238","text":"it has been quite a few days","type":"I","timestamp":"2023-11-09 13:42:05"},{"nodeID":"1333239","text":"Fiona Bruce: it has been quite a few days","type":"L","timestamp":"2023-11-09 13:42:05"},{"nodeID":"1333240","text":"Analysing","type":"YA","timestamp":"2023-11-09 13:42:05"},{"nodeID":"1333241","text":"Tuuli: Fiona Bruce: it has been quite a few days","type":"L","timestamp":"2023-11-09 13:42:05"},{"nodeID":"1333242","text":"Asserting","type":"YA","timestamp":"2023-11-09 13:42:05"},{"nodeID":"1333243","text":"Fiona Bruce has not heard Keir Starmer say how he's going to pay for it exactly","type":"I","timestamp":"2023-11-09 13:42:05"},{"nodeID":"1333244","text":"Fiona Bruce: I haven't heard Keir Starmer say how he's going to pay for it exactly","type":"L","timestamp":"2023-11-09 13:42:05"},{"nodeID":"1333245","text":"Analysing","type":"YA","timestamp":"2023-11-09 13:42:05"},{"nodeID":"1333246","text":"Tuuli: Fiona Bruce: I haven't heard Keir Starmer say how he's going to pay for it exactly","type":"L","timestamp":"2023-11-09 13:42:05"},{"nodeID":"1333247","text":"Asserting","type":"YA","timestamp":"2023-11-09 13:42:05"},{"nodeID":"1333248","text":"we don't know what we'll inherit","type":"I","timestamp":"2023-11-09 13:42:06"},{"nodeID":"1333249","text":"Fiona Bruce: I have heard him say, \"We don't know what we'll inherit\"","type":"L","timestamp":"2023-11-09 13:42:06"},{"nodeID":"1333250","text":"Analysing","type":"YA","timestamp":"2023-11-09 13:42:06"},{"nodeID":"1333251","text":"Tuuli: Fiona Bruce: I have heard him say, \"We don't know what we'll inherit\"","type":"L","timestamp":"2023-11-09 13:42:06"},{"nodeID":"1333252","text":"Fiona Bruce can see the sense in that the Labour doesn't know what they will inherit","type":"I","timestamp":"2023-11-09 13:42:06"},{"nodeID":"1333253","text":"Fiona Bruce: I can see the sense in that","type":"L","timestamp":"2023-11-09 13:42:06"},{"nodeID":"1333254","text":"Analysing","type":"YA","timestamp":"2023-11-09 13:42:06"},{"nodeID":"1333255","text":"Tuuli: Fiona Bruce: I can see the sense in that","type":"L","timestamp":"2023-11-09 13:42:06"},{"nodeID":"1333256","text":"Asserting","type":"YA","timestamp":"2023-11-09 13:42:06"},{"nodeID":"1333257","text":"it is impossible to quantify","type":"I","timestamp":"2023-11-09 13:42:07"},{"nodeID":"1333258","text":"Fiona Bruce: it is impossible to quantify","type":"L","timestamp":"2023-11-09 13:42:07"},{"nodeID":"1333259","text":"Analysing","type":"YA","timestamp":"2023-11-09 13:42:07"},{"nodeID":"1333260","text":"Tuuli: Fiona Bruce: it is impossible to quantify","type":"L","timestamp":"2023-11-09 13:42:07"},{"nodeID":"1333261","text":"Asserting","type":"YA","timestamp":"2023-11-09 13:42:07"},{"nodeID":"1333262","text":"Default Transition","type":"TA","timestamp":"2023-11-09 13:42:07"},{"nodeID":"1333263","text":"Default Transition","type":"TA","timestamp":"2023-11-09 13:42:07"},{"nodeID":"1333264","text":"Default Transition","type":"TA","timestamp":"2023-11-09 13:42:07"},{"nodeID":"1333265","text":"Default Transition","type":"TA","timestamp":"2023-11-09 13:42:07"},{"nodeID":"1333266","text":"Keir Starmer: We don't know what we'll inherit","type":"L","timestamp":"2023-11-09 13:42:07"},{"nodeID":"1333267","text":"Analysing","type":"YA","timestamp":"2023-11-09 13:42:07"},{"nodeID":"1333268","text":"Tuuli: Keir Starmer: I have heard him say, \"We don't know what we'll inherit\"","type":"L","timestamp":"2023-11-09 13:42:07"},{"nodeID":"1333269","text":"Asserting","type":"YA","timestamp":"2023-11-09 13:42:07"},{"nodeID":"1333270","text":"Asserting","type":"YA","timestamp":"2023-11-09 13:42:07"},{"nodeID":"1333271","text":"Default Rephrase","type":"MA","timestamp":"2023-11-09 13:42:07"},{"nodeID":"1333272","text":"Restating","type":"YA","timestamp":"2023-11-09 13:42:07"},{"nodeID":"1333273","text":"Default Inference","type":"RA","timestamp":"2023-11-09 13:42:07"},{"nodeID":"1333274","text":"Arguing","type":"YA","timestamp":"2023-11-09 13:42:07"},{"nodeID":"1333275","text":"Fiona Bruce hasn't heard Keir Starmer say how much it is going to be and how he'll pay for it","type":"I","timestamp":"2023-11-09 13:42:08"},{"nodeID":"1333276","text":"Fiona Bruce: I haven't heard him say how much it is going to be and how he'll pay for it","type":"L","timestamp":"2023-11-09 13:42:08"},{"nodeID":"1333277","text":"Analysing","type":"YA","timestamp":"2023-11-09 13:42:08"},{"nodeID":"1333278","text":"Tuuli: Fiona Bruce: I haven't heard him say how much it is going to be and how he'll pay for it","type":"L","timestamp":"2023-11-09 13:42:08"},{"nodeID":"1333279","text":"Asserting","type":"YA","timestamp":"2023-11-09 13:42:08"},{"nodeID":"1333280","text":"Default Transition","type":"TA","timestamp":"2023-11-09 13:42:08"},{"nodeID":"1333281","text":"Default Conflict","type":"CA","timestamp":"2023-11-09 13:42:08"},{"nodeID":"1333282","text":"Disagreeing","type":"YA","timestamp":"2023-11-09 13:42:08"},{"nodeID":"1333283","text":"we wouldn't cut corporation tax","type":"I","timestamp":"2023-11-09 13:42:08"},{"nodeID":"1333284","text":"Bridget Phillipson: We wouldn't cut corporation tax","type":"L","timestamp":"2023-11-09 13:42:08"},{"nodeID":"1333285","text":"Analysing","type":"YA","timestamp":"2023-11-09 13:42:08"},{"nodeID":"1333286","text":"Tuuli: Bridget Phillipson: We wouldn't cut corporation tax","type":"L","timestamp":"2023-11-09 13:42:08"},{"nodeID":"1333287","text":"Asserting","type":"YA","timestamp":"2023-11-09 13:42:08"},{"nodeID":"1333288","text":"Default Transition","type":"TA","timestamp":"2023-11-09 13:42:08"},{"nodeID":"1333289","text":"we wouldn't have the 45 cut rate either","type":"I","timestamp":"2023-11-09 13:42:09"},{"nodeID":"1333290","text":"Bridget Phillipson: We wouldn't have the 45 cut rate either","type":"L","timestamp":"2023-11-09 13:42:09"},{"nodeID":"1333291","text":"Analysing","type":"YA","timestamp":"2023-11-09 13:42:09"},{"nodeID":"1333292","text":"Tuuli: Bridget Phillipson: We wouldn't have the 45 cut rate either","type":"L","timestamp":"2023-11-09 13:42:09"},{"nodeID":"1333293","text":"Asserting","type":"YA","timestamp":"2023-11-09 13:42:09"},{"nodeID":"1333294","text":"Default Transition","type":"TA","timestamp":"2023-11-09 13:42:09"},{"nodeID":"1333295","text":"corporation tax is a big thing","type":"I","timestamp":"2023-11-09 13:42:09"},{"nodeID":"1333296","text":"Bridget Phillipson: Corporation tax is a big thing","type":"L","timestamp":"2023-11-09 13:42:09"},{"nodeID":"1333297","text":"Analysing","type":"YA","timestamp":"2023-11-09 13:42:09"},{"nodeID":"1333298","text":"Tuuli: Bridget Phillipson: Corporation tax is a big thing","type":"L","timestamp":"2023-11-09 13:42:09"},{"nodeID":"1333299","text":"Asserting","type":"YA","timestamp":"2023-11-09 13:42:09"},{"nodeID":"1333300","text":"where it comes to every area where we set out policy, everything that we've set out has a plan behind it for how we pay for it","type":"I","timestamp":"2023-11-09 13:42:10"},{"nodeID":"1333301","text":"Bridget Phillipson: Where it comes to every area where we set out policy, everything that we've set out has a plan behind it for how we pay for it","type":"L","timestamp":"2023-11-09 13:42:10"},{"nodeID":"1333302","text":"Analysing","type":"YA","timestamp":"2023-11-09 13:42:10"},{"nodeID":"1333303","text":"Tuuli: Bridget Phillipson: Where it comes to every area where we set out policy, everything that we've set out has a plan behind it for how we pay for it","type":"L","timestamp":"2023-11-09 13:42:10"},{"nodeID":"1333304","text":"Asserting","type":"YA","timestamp":"2023-11-09 13:42:10"},{"nodeID":"1333305","text":"Default Transition","type":"TA","timestamp":"2023-11-09 13:42:10"},{"nodeID":"1333306","text":"childcare is a real pressure that families face","type":"I","timestamp":"2023-11-09 13:42:11"},{"nodeID":"1333307","text":"Bridget Phillipson: Take childcare, it is a real pressure that families face","type":"L","timestamp":"2023-11-09 13:42:11"},{"nodeID":"1333308","text":"Analysing","type":"YA","timestamp":"2023-11-09 13:42:11"},{"nodeID":"1333309","text":"Tuuli: Bridget Phillipson: Take childcare, it is a real pressure that families face","type":"L","timestamp":"2023-11-09 13:42:11"},{"nodeID":"1333310","text":"Asserting","type":"YA","timestamp":"2023-11-09 13:42:11"},{"nodeID":"1333311","text":"Default Transition","type":"TA","timestamp":"2023-11-09 13:42:11"},{"nodeID":"1333312","text":"you talk about growth","type":"I","timestamp":"2023-11-09 13:42:11"},{"nodeID":"1333313","text":"Bridget Phillipson: you talk about growth","type":"L","timestamp":"2023-11-09 13:42:11"},{"nodeID":"1333314","text":"Analysing","type":"YA","timestamp":"2023-11-09 13:42:11"},{"nodeID":"1333315","text":"Tuuli: Bridget Phillipson: you talk about growth","type":"L","timestamp":"2023-11-09 13:42:11"},{"nodeID":"1333316","text":"Asserting","type":"YA","timestamp":"2023-11-09 13:42:11"},{"nodeID":"1333317","text":"Default Transition","type":"TA","timestamp":"2023-11-09 13:42:11"},{"nodeID":"1333318","text":"you can't talk about growing your economy unless you've got a decent childcare system that supports parents into work","type":"I","timestamp":"2023-11-09 13:42:12"},{"nodeID":"1333319","text":"Bridget Phillipson: you can't talk about growing your economy unless you've got a decent childcare system that supports parents into work","type":"L","timestamp":"2023-11-09 13:42:12"},{"nodeID":"1333320","text":"Analysing","type":"YA","timestamp":"2023-11-09 13:42:12"},{"nodeID":"1333321","text":"Tuuli: Bridget Phillipson: you can't talk about growing your economy unless you've got a decent childcare system that supports parents into work","type":"L","timestamp":"2023-11-09 13:42:12"},{"nodeID":"1333322","text":"Asserting","type":"YA","timestamp":"2023-11-09 13:42:12"},{"nodeID":"1333323","text":"Default Transition","type":"TA","timestamp":"2023-11-09 13:42:12"},{"nodeID":"1333324","text":"Default Inference","type":"RA","timestamp":"2023-11-09 13:42:12"},{"nodeID":"1333325","text":"Arguing","type":"YA","timestamp":"2023-11-09 13:42:12"},{"nodeID":"1333326","text":"right now the childcare system does not support parents into work","type":"I","timestamp":"2023-11-09 13:42:12"},{"nodeID":"1333327","text":"Bridget Phillipson: Right now it doesn't","type":"L","timestamp":"2023-11-09 13:42:12"},{"nodeID":"1333328","text":"Analysing","type":"YA","timestamp":"2023-11-09 13:42:12"},{"nodeID":"1333329","text":"Tuuli: Bridget Phillipson: Right now it doesn't","type":"L","timestamp":"2023-11-09 13:42:12"},{"nodeID":"1333330","text":"Asserting","type":"YA","timestamp":"2023-11-09 13:42:12"},{"nodeID":"1333331","text":"Default Transition","type":"TA","timestamp":"2023-11-09 13:42:12"},{"nodeID":"1333332","text":"the childcare system costs parents a fortune","type":"I","timestamp":"2023-11-09 13:42:13"},{"nodeID":"1333333","text":"Bridget Phillipson: It costs parents a fortune","type":"L","timestamp":"2023-11-09 13:42:13"},{"nodeID":"1333334","text":"Analysing","type":"YA","timestamp":"2023-11-09 13:42:13"},{"nodeID":"1333335","text":"Tuuli: Bridget Phillipson: It costs parents a fortune","type":"L","timestamp":"2023-11-09 13:42:13"},{"nodeID":"1333336","text":"Asserting","type":"YA","timestamp":"2023-11-09 13:42:13"},{"nodeID":"1333337","text":"Default Transition","type":"TA","timestamp":"2023-11-09 13:42:13"},{"nodeID":"1333338","text":"that's why Bridget Phillipson set out at Labour Party Conference","type":"I","timestamp":"2023-11-09 13:42:14"},{"nodeID":"1333339","text":"Bridget Phillipson: That's why I set out at Labour Party Conference","type":"L","timestamp":"2023-11-09 13:42:14"},{"nodeID":"1333340","text":"Analysing","type":"YA","timestamp":"2023-11-09 13:42:14"},{"nodeID":"1333341","text":"Tuuli: Bridget Phillipson: That's why I set out at Labour Party Conference","type":"L","timestamp":"2023-11-09 13:42:14"},{"nodeID":"1333342","text":"Asserting","type":"YA","timestamp":"2023-11-09 13:42:14"},{"nodeID":"1333343","text":"Default Transition","type":"TA","timestamp":"2023-11-09 13:42:14"},{"nodeID":"1333344","text":"we want to make sure that all children are able to have a breakfast club","type":"I","timestamp":"2023-11-09 13:42:14"},{"nodeID":"1333345","text":"Bridget Phillipson: we want to make sure that all children are able to have a breakfast club","type":"L","timestamp":"2023-11-09 13:42:14"},{"nodeID":"1333346","text":"Analysing","type":"YA","timestamp":"2023-11-09 13:42:14"},{"nodeID":"1333347","text":"Tuuli: Bridget Phillipson: we want to make sure that all children are able to have a breakfast club","type":"L","timestamp":"2023-11-09 13:42:14"},{"nodeID":"1333348","text":"Asserting","type":"YA","timestamp":"2023-11-09 13:42:14"},{"nodeID":"1333349","text":"Default Transition","type":"TA","timestamp":"2023-11-09 13:42:14"},{"nodeID":"1333350","text":"parents can get to work","type":"I","timestamp":"2023-11-09 13:42:15"},{"nodeID":"1333351","text":"Bridget Phillipson: parents can get to work","type":"L","timestamp":"2023-11-09 13:42:15"},{"nodeID":"1333352","text":"Analysing","type":"YA","timestamp":"2023-11-09 13:42:15"},{"nodeID":"1333353","text":"Tuuli: Bridget Phillipson: parents can get to work","type":"L","timestamp":"2023-11-09 13:42:15"},{"nodeID":"1333354","text":"Asserting","type":"YA","timestamp":"2023-11-09 13:42:15"},{"nodeID":"1333355","text":"women in particular are not having to give up jobs they love or cut back on their hours because they can't get to work on time","type":"I","timestamp":"2023-11-09 13:42:15"},{"nodeID":"1333356","text":"Bridget Phillipson: women in particular are not having to give up jobs they love or cut back on their hours because they can't get to work on time","type":"L","timestamp":"2023-11-09 13:42:15"},{"nodeID":"1333357","text":"Analysing","type":"YA","timestamp":"2023-11-09 13:42:15"},{"nodeID":"1333358","text":"Tuuli: Bridget Phillipson: women in particular are not having to give up jobs they love or cut back on their hours because they can't get to work on time","type":"L","timestamp":"2023-11-09 13:42:15"},{"nodeID":"1333359","text":"Asserting","type":"YA","timestamp":"2023-11-09 13:42:15"},{"nodeID":"1333360","text":"Default Inference","type":"RA","timestamp":"2023-11-09 13:42:15"},{"nodeID":"1333361","text":"Default Inference","type":"RA","timestamp":"2023-11-09 13:42:15"},{"nodeID":"1333362","text":"Default Transition","type":"TA","timestamp":"2023-11-09 13:42:15"},{"nodeID":"1333363","text":"Default Transition","type":"TA","timestamp":"2023-11-09 13:42:15"},{"nodeID":"1333364","text":"Arguing","type":"YA","timestamp":"2023-11-09 13:42:15"},{"nodeID":"1333365","text":"Labour Party is or is not going to pay for through more borrowing","type":"I","timestamp":"2023-11-09 13:42:16"},{"nodeID":"1333366","text":"Fiona Bruce: Are you going to pay for through more borrowing","type":"L","timestamp":"2023-11-09 13:42:16"},{"nodeID":"1333367","text":"Analysing","type":"YA","timestamp":"2023-11-09 13:42:16"},{"nodeID":"1333368","text":"Tuuli: Fiona Bruce: Are you going to pay for through more borrowing","type":"L","timestamp":"2023-11-09 13:42:16"},{"nodeID":"1333369","text":"Pure Questioning","type":"YA","timestamp":"2023-11-09 13:42:16"},{"nodeID":"1333370","text":"Default Transition","type":"TA","timestamp":"2023-11-09 13:42:16"},{"nodeID":"1333371","text":"we wouldn't go ahead with the 45 rate in tax","type":"I","timestamp":"2023-11-09 13:42:17"},{"nodeID":"1333372","text":"Bridget Phillipson: We wouldn't go ahead with the 45 rate in tax","type":"L","timestamp":"2023-11-09 13:42:17"},{"nodeID":"1333373","text":"Analysing","type":"YA","timestamp":"2023-11-09 13:42:17"},{"nodeID":"1333374","text":"Tuuli: Bridget Phillipson: We wouldn't go ahead with the 45 rate in tax","type":"L","timestamp":"2023-11-09 13:42:17"},{"nodeID":"1333375","text":"Asserting","type":"YA","timestamp":"2023-11-09 13:42:17"},{"nodeID":"1333376","text":"Default Transition","type":"TA","timestamp":"2023-11-09 13:42:17"},{"nodeID":"1333377","text":"Default Rephrase","type":"MA","timestamp":"2023-11-09 13:42:17"},{"nodeID":"1333378","text":"Default Illocuting","type":"YA","timestamp":"2023-11-09 13:42:17"},{"nodeID":"1333379","text":"not going ahead with the 45 rate in tax would save Bridget Phillipson xxx","type":"I","timestamp":"2023-11-09 13:42:17"},{"nodeID":"1333380","text":"Fiona Bruce: How much would that save you","type":"L","timestamp":"2023-11-09 13:42:17"},{"nodeID":"1333381","text":"Analysing","type":"YA","timestamp":"2023-11-09 13:42:17"},{"nodeID":"1333382","text":"Tuuli: Fiona Bruce: How much would that save you","type":"L","timestamp":"2023-11-09 13:42:17"},{"nodeID":"1333383","text":"Pure Questioning","type":"YA","timestamp":"2023-11-09 13:42:17"},{"nodeID":"1333384","text":"Default Transition","type":"TA","timestamp":"2023-11-09 13:42:17"},{"nodeID":"1333385","text":"not going ahead with the 45 rate in tax would save \u00a32 billion","type":"I","timestamp":"2023-11-09 13:42:18"},{"nodeID":"1333386","text":"Bridget Phillipson: \u00a32 billion","type":"L","timestamp":"2023-11-09 13:42:18"},{"nodeID":"1333387","text":"Analysing","type":"YA","timestamp":"2023-11-09 13:42:18"},{"nodeID":"1333388","text":"Tuuli: Bridget Phillipson: \u00a32 billion","type":"L","timestamp":"2023-11-09 13:42:18"},{"nodeID":"1333389","text":"Asserting","type":"YA","timestamp":"2023-11-09 13:42:18"},{"nodeID":"1333390","text":"Default Transition","type":"TA","timestamp":"2023-11-09 13:42:18"},{"nodeID":"1333391","text":"Default Rephrase","type":"MA","timestamp":"2023-11-09 13:42:18"},{"nodeID":"1333392","text":"Restating","type":"YA","timestamp":"2023-11-09 13:42:18"},{"nodeID":"1333393","text":"Default Rephrase","type":"MA","timestamp":"2023-11-09 13:42:18"},{"nodeID":"1333394","text":"Default Illocuting","type":"YA","timestamp":"2023-11-09 13:42:18"},{"nodeID":"1333395","text":"\u00a32 billion is not enough","type":"I","timestamp":"2023-11-09 13:42:18"},{"nodeID":"1333396","text":"Fiona Bruce: That's not enough","type":"L","timestamp":"2023-11-09 13:42:18"},{"nodeID":"1333397","text":"Analysing","type":"YA","timestamp":"2023-11-09 13:42:18"},{"nodeID":"1333398","text":"Tuuli: Fiona Bruce: That's not enough","type":"L","timestamp":"2023-11-09 13:42:18"},{"nodeID":"1333399","text":"Asserting","type":"YA","timestamp":"2023-11-09 13:42:18"},{"nodeID":"1333400","text":"Default Transition","type":"TA","timestamp":"2023-11-09 13:42:18"},{"nodeID":"1333401","text":"Default Conflict","type":"CA","timestamp":"2023-11-09 13:42:18"},{"nodeID":"1333402","text":"Disagreeing","type":"YA","timestamp":"2023-11-09 13:42:18"},{"nodeID":"1333403","text":"Default Rephrase","type":"MA","timestamp":"2023-11-09 13:42:18"},{"nodeID":"1333404","text":"Default Illocuting","type":"YA","timestamp":"2023-11-09 13:42:18"},{"nodeID":"1333405","text":"Default Rephrase","type":"MA","timestamp":"2023-11-09 13:42:18"},{"nodeID":"1333406","text":"Restating","type":"YA","timestamp":"2023-11-09 13:42:18"},{"nodeID":"1333407","text":"Default Conflict","type":"CA","timestamp":"2023-11-09 13:42:18"},{"nodeID":"1333408","text":"Disagreeing","type":"YA","timestamp":"2023-11-09 13:42:18"},{"nodeID":"1333409","text":"Default Inference","type":"RA","timestamp":"2023-11-09 13:42:18"},{"nodeID":"1333410","text":"Arguing","type":"YA","timestamp":"2023-11-09 13:42:18"},{"nodeID":"1333411","text":"Default Inference","type":"RA","timestamp":"2023-11-09 13:42:18"},{"nodeID":"1333412","text":"Default Conflict","type":"CA","timestamp":"2023-11-09 13:42:18"},{"nodeID":"1333413","text":"Disagreeing","type":"YA","timestamp":"2023-11-09 13:42:18"},{"nodeID":"1333414","text":"Default Rephrase","type":"MA","timestamp":"2023-11-09 13:42:18"},{"nodeID":"1333415","text":"Default Transition","type":"TA","timestamp":"2023-11-09 13:42:18"},{"nodeID":"1333416","text":"Restating","type":"YA","timestamp":"2023-11-09 13:42:18"},{"nodeID":"1333417","text":"Default Rephrase","type":"MA","timestamp":"2023-11-09 13:42:18"},{"nodeID":"1333418","text":"Restating","type":"YA","timestamp":"2023-11-09 13:42:18"},{"nodeID":"1333419","text":"Default Rephrase","type":"MA","timestamp":"2023-11-09 13:42:18"},{"nodeID":"1333420","text":"Default Transition","type":"TA","timestamp":"2023-11-09 13:42:18"},{"nodeID":"1333421","text":"Restating","type":"YA","timestamp":"2023-11-09 13:42:18"}],"edges":[{"edgeID":"1748318","fromID":"1333240","toID":"1333239","formEdgeID":null},{"edgeID":"1748319","fromID":"1333241","toID":"1333240","formEdgeID":null},{"edgeID":"1748320","fromID":"1333239","toID":"1333242","formEdgeID":null},{"edgeID":"1748321","fromID":"1333242","toID":"1333238","formEdgeID":null},{"edgeID":"1748322","fromID":"1333245","toID":"1333244","formEdgeID":null},{"edgeID":"1748323","fromID":"1333246","toID":"1333245","formEdgeID":null},{"edgeID":"1748324","fromID":"1333244","toID":"1333247","formEdgeID":null},{"edgeID":"1748325","fromID":"1333247","toID":"1333243","formEdgeID":null},{"edgeID":"1748326","fromID":"1333250","toID":"1333249","formEdgeID":null},{"edgeID":"1748327","fromID":"1333251","toID":"1333250","formEdgeID":null},{"edgeID":"1748328","fromID":"1333254","toID":"1333253","formEdgeID":null},{"edgeID":"1748329","fromID":"1333255","toID":"1333254","formEdgeID":null},{"edgeID":"1748330","fromID":"1333253","toID":"1333256","formEdgeID":null},{"edgeID":"1748331","fromID":"1333256","toID":"1333252","formEdgeID":null},{"edgeID":"1748332","fromID":"1333259","toID":"1333258","formEdgeID":null},{"edgeID":"1748333","fromID":"1333260","toID":"1333259","formEdgeID":null},{"edgeID":"1748334","fromID":"1333258","toID":"1333261","formEdgeID":null},{"edgeID":"1748335","fromID":"1333261","toID":"1333257","formEdgeID":null},{"edgeID":"1748336","fromID":"1333239","toID":"1333262","formEdgeID":null},{"edgeID":"1748337","fromID":"1333262","toID":"1333244","formEdgeID":null},{"edgeID":"1748338","fromID":"1333244","toID":"1333263","formEdgeID":null},{"edgeID":"1748339","fromID":"1333263","toID":"1333249","formEdgeID":null},{"edgeID":"1748340","fromID":"1333249","toID":"1333264","formEdgeID":null},{"edgeID":"1748341","fromID":"1333264","toID":"1333253","formEdgeID":null},{"edgeID":"1748342","fromID":"1333253","toID":"1333265","formEdgeID":null},{"edgeID":"1748343","fromID":"1333265","toID":"1333258","formEdgeID":null},{"edgeID":"1748344","fromID":"1333267","toID":"1333266","formEdgeID":null},{"edgeID":"1748345","fromID":"1333268","toID":"1333267","formEdgeID":null},{"edgeID":"1748346","fromID":"1333266","toID":"1333269","formEdgeID":null},{"edgeID":"1748347","fromID":"1333269","toID":"1333248","formEdgeID":null},{"edgeID":"1748348","fromID":"1333249","toID":"1333270","formEdgeID":null},{"edgeID":"1748349","fromID":"1333270","toID":"1333266","formEdgeID":null},{"edgeID":"1748350","fromID":"1333252","toID":"1333271","formEdgeID":null},{"edgeID":"1748351","fromID":"1333271","toID":"1333248","formEdgeID":null},{"edgeID":"1748352","fromID":"1333264","toID":"1333272","formEdgeID":null},{"edgeID":"1748353","fromID":"1333272","toID":"1333271","formEdgeID":null},{"edgeID":"1748354","fromID":"1333257","toID":"1333273","formEdgeID":null},{"edgeID":"1748355","fromID":"1333273","toID":"1333252","formEdgeID":null},{"edgeID":"1748356","fromID":"1333265","toID":"1333274","formEdgeID":null},{"edgeID":"1748357","fromID":"1333274","toID":"1333273","formEdgeID":null},{"edgeID":"1748358","fromID":"1333277","toID":"1333276","formEdgeID":null},{"edgeID":"1748359","fromID":"1333278","toID":"1333277","formEdgeID":null},{"edgeID":"1748360","fromID":"1333276","toID":"1333279","formEdgeID":null},{"edgeID":"1748361","fromID":"1333279","toID":"1333275","formEdgeID":null},{"edgeID":"1748362","fromID":"1333258","toID":"1333280","formEdgeID":null},{"edgeID":"1748363","fromID":"1333280","toID":"1333276","formEdgeID":null},{"edgeID":"1748364","fromID":"1333275","toID":"1333281","formEdgeID":null},{"edgeID":"1748365","fromID":"1333281","toID":"1333257","formEdgeID":null},{"edgeID":"1748366","fromID":"1333280","toID":"1333282","formEdgeID":null},{"edgeID":"1748367","fromID":"1333282","toID":"1333281","formEdgeID":null},{"edgeID":"1748368","fromID":"1333285","toID":"1333284","formEdgeID":null},{"edgeID":"1748369","fromID":"1333286","toID":"1333285","formEdgeID":null},{"edgeID":"1748370","fromID":"1333284","toID":"1333287","formEdgeID":null},{"edgeID":"1748371","fromID":"1333287","toID":"1333283","formEdgeID":null},{"edgeID":"1748372","fromID":"1333276","toID":"1333288","formEdgeID":null},{"edgeID":"1748373","fromID":"1333288","toID":"1333284","formEdgeID":null},{"edgeID":"1748374","fromID":"1333291","toID":"1333290","formEdgeID":null},{"edgeID":"1748375","fromID":"1333292","toID":"1333291","formEdgeID":null},{"edgeID":"1748376","fromID":"1333290","toID":"1333293","formEdgeID":null},{"edgeID":"1748377","fromID":"1333293","toID":"1333289","formEdgeID":null},{"edgeID":"1748378","fromID":"1333284","toID":"1333294","formEdgeID":null},{"edgeID":"1748379","fromID":"1333294","toID":"1333290","formEdgeID":null},{"edgeID":"1748380","fromID":"1333297","toID":"1333296","formEdgeID":null},{"edgeID":"1748381","fromID":"1333298","toID":"1333297","formEdgeID":null},{"edgeID":"1748382","fromID":"1333296","toID":"1333299","formEdgeID":null},{"edgeID":"1748383","fromID":"1333299","toID":"1333295","formEdgeID":null},{"edgeID":"1748384","fromID":"1333302","toID":"1333301","formEdgeID":null},{"edgeID":"1748385","fromID":"1333303","toID":"1333302","formEdgeID":null},{"edgeID":"1748386","fromID":"1333301","toID":"1333304","formEdgeID":null},{"edgeID":"1748387","fromID":"1333304","toID":"1333300","formEdgeID":null},{"edgeID":"1748388","fromID":"1333296","toID":"1333305","formEdgeID":null},{"edgeID":"1748389","fromID":"1333305","toID":"1333301","formEdgeID":null},{"edgeID":"1748390","fromID":"1333308","toID":"1333307","formEdgeID":null},{"edgeID":"1748391","fromID":"1333309","toID":"1333308","formEdgeID":null},{"edgeID":"1748392","fromID":"1333307","toID":"1333310","formEdgeID":null},{"edgeID":"1748393","fromID":"1333310","toID":"1333306","formEdgeID":null},{"edgeID":"1748394","fromID":"1333301","toID":"1333311","formEdgeID":null},{"edgeID":"1748395","fromID":"1333311","toID":"1333307","formEdgeID":null},{"edgeID":"1748396","fromID":"1333314","toID":"1333313","formEdgeID":null},{"edgeID":"1748397","fromID":"1333315","toID":"1333314","formEdgeID":null},{"edgeID":"1748398","fromID":"1333313","toID":"1333316","formEdgeID":null},{"edgeID":"1748399","fromID":"1333316","toID":"1333312","formEdgeID":null},{"edgeID":"1748400","fromID":"1333307","toID":"1333317","formEdgeID":null},{"edgeID":"1748401","fromID":"1333317","toID":"1333313","formEdgeID":null},{"edgeID":"1748402","fromID":"1333320","toID":"1333319","formEdgeID":null},{"edgeID":"1748403","fromID":"1333321","toID":"1333320","formEdgeID":null},{"edgeID":"1748404","fromID":"1333319","toID":"1333322","formEdgeID":null},{"edgeID":"1748405","fromID":"1333322","toID":"1333318","formEdgeID":null},{"edgeID":"1748406","fromID":"1333313","toID":"1333323","formEdgeID":null},{"edgeID":"1748407","fromID":"1333323","toID":"1333319","formEdgeID":null},{"edgeID":"1748408","fromID":"1333312","toID":"1333324","formEdgeID":null},{"edgeID":"1748409","fromID":"1333324","toID":"1333318","formEdgeID":null},{"edgeID":"1748410","fromID":"1333323","toID":"1333325","formEdgeID":null},{"edgeID":"1748411","fromID":"1333325","toID":"1333324","formEdgeID":null},{"edgeID":"1748412","fromID":"1333328","toID":"1333327","formEdgeID":null},{"edgeID":"1748413","fromID":"1333329","toID":"1333328","formEdgeID":null},{"edgeID":"1748414","fromID":"1333327","toID":"1333330","formEdgeID":null},{"edgeID":"1748415","fromID":"1333330","toID":"1333326","formEdgeID":null},{"edgeID":"1748416","fromID":"1333319","toID":"1333331","formEdgeID":null},{"edgeID":"1748417","fromID":"1333331","toID":"1333327","formEdgeID":null},{"edgeID":"1748418","fromID":"1333334","toID":"1333333","formEdgeID":null},{"edgeID":"1748419","fromID":"1333335","toID":"1333334","formEdgeID":null},{"edgeID":"1748420","fromID":"1333333","toID":"1333336","formEdgeID":null},{"edgeID":"1748421","fromID":"1333336","toID":"1333332","formEdgeID":null},{"edgeID":"1748422","fromID":"1333327","toID":"1333337","formEdgeID":null},{"edgeID":"1748423","fromID":"1333337","toID":"1333333","formEdgeID":null},{"edgeID":"1748424","fromID":"1333340","toID":"1333339","formEdgeID":null},{"edgeID":"1748425","fromID":"1333341","toID":"1333340","formEdgeID":null},{"edgeID":"1748426","fromID":"1333339","toID":"1333342","formEdgeID":null},{"edgeID":"1748427","fromID":"1333342","toID":"1333338","formEdgeID":null},{"edgeID":"1748428","fromID":"1333333","toID":"1333343","formEdgeID":null},{"edgeID":"1748429","fromID":"1333343","toID":"1333339","formEdgeID":null},{"edgeID":"1748430","fromID":"1333346","toID":"1333345","formEdgeID":null},{"edgeID":"1748431","fromID":"1333347","toID":"1333346","formEdgeID":null},{"edgeID":"1748432","fromID":"1333345","toID":"1333348","formEdgeID":null},{"edgeID":"1748433","fromID":"1333348","toID":"1333344","formEdgeID":null},{"edgeID":"1748434","fromID":"1333339","toID":"1333349","formEdgeID":null},{"edgeID":"1748435","fromID":"1333349","toID":"1333345","formEdgeID":null},{"edgeID":"1748436","fromID":"1333352","toID":"1333351","formEdgeID":null},{"edgeID":"1748437","fromID":"1333353","toID":"1333352","formEdgeID":null},{"edgeID":"1748438","fromID":"1333351","toID":"1333354","formEdgeID":null},{"edgeID":"1748439","fromID":"1333354","toID":"1333350","formEdgeID":null},{"edgeID":"1748440","fromID":"1333357","toID":"1333356","formEdgeID":null},{"edgeID":"1748441","fromID":"1333358","toID":"1333357","formEdgeID":null},{"edgeID":"1748442","fromID":"1333356","toID":"1333359","formEdgeID":null},{"edgeID":"1748443","fromID":"1333359","toID":"1333355","formEdgeID":null},{"edgeID":"1748444","fromID":"1333344","toID":"1333360","formEdgeID":null},{"edgeID":"1748445","fromID":"1333360","toID":"1333338","formEdgeID":null},{"edgeID":"1748446","fromID":"1333355","toID":"1333361","formEdgeID":null},{"edgeID":"1748447","fromID":"1333361","toID":"1333344","formEdgeID":null},{"edgeID":"1748448","fromID":"1333350","toID":"1333361","formEdgeID":null},{"edgeID":"1748449","fromID":"1333345","toID":"1333362","formEdgeID":null},{"edgeID":"1748450","fromID":"1333362","toID":"1333356","formEdgeID":null},{"edgeID":"1748451","fromID":"1333345","toID":"1333363","formEdgeID":null},{"edgeID":"1748452","fromID":"1333363","toID":"1333351","formEdgeID":null},{"edgeID":"1748453","fromID":"1333362","toID":"1333364","formEdgeID":null},{"edgeID":"1748454","fromID":"1333364","toID":"1333361","formEdgeID":null},{"edgeID":"1748455","fromID":"1333367","toID":"1333366","formEdgeID":null},{"edgeID":"1748456","fromID":"1333368","toID":"1333367","formEdgeID":null},{"edgeID":"1748457","fromID":"1333366","toID":"1333369","formEdgeID":null},{"edgeID":"1748458","fromID":"1333369","toID":"1333365","formEdgeID":null},{"edgeID":"1748459","fromID":"1333356","toID":"1333370","formEdgeID":null},{"edgeID":"1748460","fromID":"1333370","toID":"1333366","formEdgeID":null},{"edgeID":"1748461","fromID":"1333373","toID":"1333372","formEdgeID":null},{"edgeID":"1748462","fromID":"1333374","toID":"1333373","formEdgeID":null},{"edgeID":"1748463","fromID":"1333372","toID":"1333375","formEdgeID":null},{"edgeID":"1748464","fromID":"1333375","toID":"1333371","formEdgeID":null},{"edgeID":"1748465","fromID":"1333366","toID":"1333376","formEdgeID":null},{"edgeID":"1748466","fromID":"1333376","toID":"1333372","formEdgeID":null},{"edgeID":"1748467","fromID":"1333371","toID":"1333377","formEdgeID":null},{"edgeID":"1748468","fromID":"1333377","toID":"1333365","formEdgeID":null},{"edgeID":"1748469","fromID":"1333376","toID":"1333378","formEdgeID":null},{"edgeID":"1748470","fromID":"1333378","toID":"1333377","formEdgeID":null},{"edgeID":"1748471","fromID":"1333381","toID":"1333380","formEdgeID":null},{"edgeID":"1748472","fromID":"1333382","toID":"1333381","formEdgeID":null},{"edgeID":"1748473","fromID":"1333380","toID":"1333383","formEdgeID":null},{"edgeID":"1748474","fromID":"1333383","toID":"1333379","formEdgeID":null},{"edgeID":"1748475","fromID":"1333372","toID":"1333384","formEdgeID":null},{"edgeID":"1748476","fromID":"1333384","toID":"1333380","formEdgeID":null},{"edgeID":"1748477","fromID":"1333387","toID":"1333386","formEdgeID":null},{"edgeID":"1748478","fromID":"1333388","toID":"1333387","formEdgeID":null},{"edgeID":"1748479","fromID":"1333386","toID":"1333389","formEdgeID":null},{"edgeID":"1748480","fromID":"1333389","toID":"1333385","formEdgeID":null},{"edgeID":"1748481","fromID":"1333380","toID":"1333390","formEdgeID":null},{"edgeID":"1748482","fromID":"1333390","toID":"1333386","formEdgeID":null},{"edgeID":"1748483","fromID":"1333379","toID":"1333391","formEdgeID":null},{"edgeID":"1748484","fromID":"1333391","toID":"1333371","formEdgeID":null},{"edgeID":"1748485","fromID":"1333384","toID":"1333392","formEdgeID":null},{"edgeID":"1748486","fromID":"1333392","toID":"1333391","formEdgeID":null},{"edgeID":"1748487","fromID":"1333385","toID":"1333393","formEdgeID":null},{"edgeID":"1748488","fromID":"1333393","toID":"1333379","formEdgeID":null},{"edgeID":"1748489","fromID":"1333390","toID":"1333394","formEdgeID":null},{"edgeID":"1748490","fromID":"1333394","toID":"1333393","formEdgeID":null},{"edgeID":"1748491","fromID":"1333397","toID":"1333396","formEdgeID":null},{"edgeID":"1748492","fromID":"1333398","toID":"1333397","formEdgeID":null},{"edgeID":"1748493","fromID":"1333396","toID":"1333399","formEdgeID":null},{"edgeID":"1748494","fromID":"1333399","toID":"1333395","formEdgeID":null},{"edgeID":"1748495","fromID":"1333386","toID":"1333400","formEdgeID":null},{"edgeID":"1748496","fromID":"1333400","toID":"1333396","formEdgeID":null},{"edgeID":"1748497","fromID":"1333395","toID":"1333401","formEdgeID":null},{"edgeID":"1748498","fromID":"1333401","toID":"1333385","formEdgeID":null},{"edgeID":"1748499","fromID":"1333400","toID":"1333402","formEdgeID":null},{"edgeID":"1748500","fromID":"1333402","toID":"1333401","formEdgeID":null},{"edgeID":"1748501","fromID":"1333283","toID":"1333403","formEdgeID":null},{"edgeID":"1748502","fromID":"1333403","toID":"1333275","formEdgeID":null},{"edgeID":"1748503","fromID":"1333288","toID":"1333404","formEdgeID":null},{"edgeID":"1748504","fromID":"1333404","toID":"1333403","formEdgeID":null},{"edgeID":"1748505","fromID":"1333289","toID":"1333405","formEdgeID":null},{"edgeID":"1748506","fromID":"1333405","toID":"1333283","formEdgeID":null},{"edgeID":"1748507","fromID":"1333294","toID":"1333406","formEdgeID":null},{"edgeID":"1748508","fromID":"1333406","toID":"1333405","formEdgeID":null},{"edgeID":"1748509","fromID":"1333326","toID":"1333407","formEdgeID":null},{"edgeID":"1748510","fromID":"1333407","toID":"1333318","formEdgeID":null},{"edgeID":"1748511","fromID":"1333331","toID":"1333408","formEdgeID":null},{"edgeID":"1748512","fromID":"1333408","toID":"1333407","formEdgeID":null},{"edgeID":"1748513","fromID":"1333332","toID":"1333409","formEdgeID":null},{"edgeID":"1748514","fromID":"1333409","toID":"1333326","formEdgeID":null},{"edgeID":"1748515","fromID":"1333337","toID":"1333410","formEdgeID":null},{"edgeID":"1748516","fromID":"1333410","toID":"1333409","formEdgeID":null},{"edgeID":"1748517","fromID":"1333332","toID":"1333411","formEdgeID":null},{"edgeID":"1748518","fromID":"1333411","toID":"1333338","formEdgeID":null},{"edgeID":"1748519","fromID":"1333248","toID":"1333412","formEdgeID":null},{"edgeID":"1748520","fromID":"1333412","toID":"1333243","formEdgeID":null},{"edgeID":"1748521","fromID":"1333263","toID":"1333413","formEdgeID":null},{"edgeID":"1748522","fromID":"1333413","toID":"1333412","formEdgeID":null},{"edgeID":"1748523","fromID":"1333295","toID":"1333414","formEdgeID":null},{"edgeID":"1748524","fromID":"1333414","toID":"1333283","formEdgeID":null},{"edgeID":"1748525","fromID":"1333284","toID":"1333415","formEdgeID":null},{"edgeID":"1748526","fromID":"1333415","toID":"1333296","formEdgeID":null},{"edgeID":"1748527","fromID":"1333415","toID":"1333416","formEdgeID":null},{"edgeID":"1748528","fromID":"1333416","toID":"1333414","formEdgeID":null},{"edgeID":"1748529","fromID":"1333306","toID":"1333417","formEdgeID":null},{"edgeID":"1748530","fromID":"1333417","toID":"1333300","formEdgeID":null},{"edgeID":"1748531","fromID":"1333311","toID":"1333418","formEdgeID":null},{"edgeID":"1748532","fromID":"1333418","toID":"1333417","formEdgeID":null},{"edgeID":"1748533","fromID":"1333326","toID":"1333419","formEdgeID":null},{"edgeID":"1748534","fromID":"1333419","toID":"1333306","formEdgeID":null},{"edgeID":"1748535","fromID":"1333307","toID":"1333420","formEdgeID":null},{"edgeID":"1748536","fromID":"1333420","toID":"1333327","formEdgeID":null},{"edgeID":"1748537","fromID":"1333420","toID":"1333421","formEdgeID":null},{"edgeID":"1748538","fromID":"1333421","toID":"1333419","formEdgeID":null}],"locutions":[]}