{"nodes":[{"nodeID":"1329347","text":"Liz Truss and her chancellor are or are not peddling fantasy economics","type":"I","timestamp":"2023-11-09 13:36:45"},{"nodeID":"1329348","text":"AudienceMember 20221006QT01: Is Liz Truss and her chancellor peddling fantasy economics","type":"L","timestamp":"2023-11-09 13:36:45"},{"nodeID":"1329349","text":"Analysing","type":"YA","timestamp":"2023-11-09 13:36:45"},{"nodeID":"1329350","text":"Chris: AudienceMember 20221006QT01: Is Liz Truss and her chancellor peddling fantasy economics","type":"L","timestamp":"2023-11-09 13:36:45"},{"nodeID":"1329351","text":"Pure Questioning","type":"YA","timestamp":"2023-11-09 13:36:45"},{"nodeID":"1329352","text":"during the leadership campaign Rishi Sunak stated Liz Truss' platform to be fantasy economics","type":"I","timestamp":"2023-11-09 13:36:45"},{"nodeID":"1329353","text":"AudienceMember 20221006QT01: as stated by Rishi Sunak during the leadership campaign","type":"L","timestamp":"2023-11-09 13:36:46"},{"nodeID":"1329354","text":"Analysing","type":"YA","timestamp":"2023-11-09 13:36:46"},{"nodeID":"1329355","text":"Chris: AudienceMember 20221006QT01: as stated by Rishi Sunak during the leadership campaign","type":"L","timestamp":"2023-11-09 13:36:46"},{"nodeID":"1329356","text":"Asserting","type":"YA","timestamp":"2023-11-09 13:36:46"},{"nodeID":"1329357","text":"Default Transition","type":"TA","timestamp":"2023-11-09 13:36:46"},{"nodeID":"1329358","text":"Default Rephrase","type":"MA","timestamp":"2023-11-09 13:36:46"},{"nodeID":"1329359","text":"Restating","type":"YA","timestamp":"2023-11-09 13:36:46"},{"nodeID":"1329360","text":"no, absolutely not, Liz Truss and Kwasi Kwarteng are not peddling fantasy economics","type":"I","timestamp":"2023-11-09 13:36:46"},{"nodeID":"1329361","text":"Paul Scully: No, absolutely not","type":"L","timestamp":"2023-11-09 13:36:46"},{"nodeID":"1329362","text":"Analysing","type":"YA","timestamp":"2023-11-09 13:36:46"},{"nodeID":"1329363","text":"Chris: Paul Scully: No, absolutely not","type":"L","timestamp":"2023-11-09 13:36:46"},{"nodeID":"1329364","text":"Asserting","type":"YA","timestamp":"2023-11-09 13:36:46"},{"nodeID":"1329365","text":"Default Transition","type":"TA","timestamp":"2023-11-09 13:36:46"},{"nodeID":"1329366","text":"Default Rephrase","type":"MA","timestamp":"2023-11-09 13:36:46"},{"nodeID":"1329367","text":"Default Illocuting","type":"YA","timestamp":"2023-11-09 13:36:46"},{"nodeID":"1329368","text":"Paul Scully should just take a moment to hear the audience laughing at his response","type":"I","timestamp":"2023-11-09 13:36:47"},{"nodeID":"1329369","text":"Fiona Bruce: Paul, just take a moment to hear the response you got","type":"L","timestamp":"2023-11-09 13:36:47"},{"nodeID":"1329370","text":"Analysing","type":"YA","timestamp":"2023-11-09 13:36:47"},{"nodeID":"1329371","text":"Chris: Fiona Bruce: Paul, just take a moment to hear the response you got","type":"L","timestamp":"2023-11-09 13:36:47"},{"nodeID":"1329372","text":"Asserting","type":"YA","timestamp":"2023-11-09 13:36:47"},{"nodeID":"1329373","text":"Default Transition","type":"TA","timestamp":"2023-11-09 13:36:47"},{"nodeID":"1329374","text":"Default Conflict","type":"CA","timestamp":"2023-11-09 13:36:47"},{"nodeID":"1329375","text":"Disagreeing","type":"YA","timestamp":"2023-11-09 13:36:47"},{"nodeID":"1329376","text":"Liz Truss and Kwasi Kwarteng, the Chancellor, were speaking to Ofgem, the energy companies, as well as financial institutions throughout the summer","type":"I","timestamp":"2023-11-09 13:36:47"},{"nodeID":"1329377","text":"Paul Scully: Liz Truss and Kwasi, the Chancellor, were speaking to Ofgem, the energy companies, as well as financial institutions throughout the summer","type":"L","timestamp":"2023-11-09 13:36:47"},{"nodeID":"1329378","text":"Analysing","type":"YA","timestamp":"2023-11-09 13:36:47"},{"nodeID":"1329379","text":"Chris: Paul Scully: Liz Truss and Kwasi, the Chancellor, were speaking to Ofgem, the energy companies, as well as financial institutions throughout the summer","type":"L","timestamp":"2023-11-09 13:36:47"},{"nodeID":"1329380","text":"Asserting","type":"YA","timestamp":"2023-11-09 13:36:47"},{"nodeID":"1329381","text":"Default Transition","type":"TA","timestamp":"2023-11-09 13:36:47"},{"nodeID":"1329382","text":"Default Inference","type":"RA","timestamp":"2023-11-09 13:36:47"},{"nodeID":"1329383","text":"Arguing","type":"YA","timestamp":"2023-11-09 13:36:47"},{"nodeID":"1329384","text":"Liz Truss and Kwasi Kwarteng were trailing exactly what their economic programme currently being implemented","type":"I","timestamp":"2023-11-09 13:36:48"},{"nodeID":"1329385","text":"Paul Scully: they were trailing exactly what they were going to be doing now","type":"L","timestamp":"2023-11-09 13:36:48"},{"nodeID":"1329386","text":"Analysing","type":"YA","timestamp":"2023-11-09 13:36:48"},{"nodeID":"1329387","text":"Chris: Paul Scully: they were trailing exactly what they were going to be doing now","type":"L","timestamp":"2023-11-09 13:36:48"},{"nodeID":"1329388","text":"Asserting","type":"YA","timestamp":"2023-11-09 13:36:48"},{"nodeID":"1329389","text":"Default Transition","type":"TA","timestamp":"2023-11-09 13:36:48"},{"nodeID":"1329390","text":"Default Rephrase","type":"MA","timestamp":"2023-11-09 13:36:48"},{"nodeID":"1329391","text":"Restating","type":"YA","timestamp":"2023-11-09 13:36:48"},{"nodeID":"1329392","text":"the Conservative Party found we had to act","type":"I","timestamp":"2023-11-09 13:36:48"},{"nodeID":"1329393","text":"Paul Scully: we found we had to act","type":"L","timestamp":"2023-11-09 13:36:48"},{"nodeID":"1329394","text":"Analysing","type":"YA","timestamp":"2023-11-09 13:36:48"},{"nodeID":"1329395","text":"Chris: Paul Scully: we found we had to act","type":"L","timestamp":"2023-11-09 13:36:48"},{"nodeID":"1329396","text":"Asserting","type":"YA","timestamp":"2023-11-09 13:36:48"},{"nodeID":"1329397","text":"Default Transition","type":"TA","timestamp":"2023-11-09 13:36:48"},{"nodeID":"1329398","text":"Ofgem were saying that a typical household would be paying up to \u00a36,000 on their energy bills over the next year or so","type":"I","timestamp":"2023-11-09 13:36:49"},{"nodeID":"1329399","text":"Paul Scully: Ofgem were saying that a typical household would be paying up to \u00a36,000 on their energy bills over the next year or so","type":"L","timestamp":"2023-11-09 13:36:49"},{"nodeID":"1329400","text":"Analysing","type":"YA","timestamp":"2023-11-09 13:36:49"},{"nodeID":"1329401","text":"Chris: Paul Scully: Ofgem were saying that a typical household would be paying up to \u00a36,000 on their energy bills over the next year or so","type":"L","timestamp":"2023-11-09 13:36:49"},{"nodeID":"1329402","text":"Asserting","type":"YA","timestamp":"2023-11-09 13:36:49"},{"nodeID":"1329403","text":"Default Transition","type":"TA","timestamp":"2023-11-09 13:36:49"},{"nodeID":"1329404","text":"Default Inference","type":"RA","timestamp":"2023-11-09 13:36:49"},{"nodeID":"1329405","text":"Arguing","type":"YA","timestamp":"2023-11-09 13:36:49"},{"nodeID":"1329406","text":"we absolutely had to act","type":"I","timestamp":"2023-11-09 13:36:50"},{"nodeID":"1329407","text":"Paul Scully: we absolutely had to act","type":"L","timestamp":"2023-11-09 13:36:50"},{"nodeID":"1329408","text":"Analysing","type":"YA","timestamp":"2023-11-09 13:36:50"},{"nodeID":"1329409","text":"Chris: Paul Scully: we absolutely had to act","type":"L","timestamp":"2023-11-09 13:36:50"},{"nodeID":"1329410","text":"Asserting","type":"YA","timestamp":"2023-11-09 13:36:50"},{"nodeID":"1329411","text":"Default Transition","type":"TA","timestamp":"2023-11-09 13:36:50"},{"nodeID":"1329412","text":"Default Inference","type":"RA","timestamp":"2023-11-09 13:36:50"},{"nodeID":"1329413","text":"Arguing","type":"YA","timestamp":"2023-11-09 13:36:50"},{"nodeID":"1329414","text":"Default Rephrase","type":"MA","timestamp":"2023-11-09 13:36:50"},{"nodeID":"1329415","text":"Default Transition","type":"TA","timestamp":"2023-11-09 13:36:50"},{"nodeID":"1329416","text":"Restating","type":"YA","timestamp":"2023-11-09 13:36:50"}],"edges":[{"edgeID":"1743725","fromID":"1329349","toID":"1329348","formEdgeID":null},{"edgeID":"1743726","fromID":"1329350","toID":"1329349","formEdgeID":null},{"edgeID":"1743727","fromID":"1329348","toID":"1329351","formEdgeID":null},{"edgeID":"1743728","fromID":"1329351","toID":"1329347","formEdgeID":null},{"edgeID":"1743729","fromID":"1329354","toID":"1329353","formEdgeID":null},{"edgeID":"1743730","fromID":"1329355","toID":"1329354","formEdgeID":null},{"edgeID":"1743731","fromID":"1329353","toID":"1329356","formEdgeID":null},{"edgeID":"1743732","fromID":"1329356","toID":"1329352","formEdgeID":null},{"edgeID":"1743733","fromID":"1329348","toID":"1329357","formEdgeID":null},{"edgeID":"1743734","fromID":"1329357","toID":"1329353","formEdgeID":null},{"edgeID":"1743735","fromID":"1329352","toID":"1329358","formEdgeID":null},{"edgeID":"1743736","fromID":"1329358","toID":"1329347","formEdgeID":null},{"edgeID":"1743737","fromID":"1329357","toID":"1329359","formEdgeID":null},{"edgeID":"1743738","fromID":"1329359","toID":"1329358","formEdgeID":null},{"edgeID":"1743739","fromID":"1329362","toID":"1329361","formEdgeID":null},{"edgeID":"1743740","fromID":"1329363","toID":"1329362","formEdgeID":null},{"edgeID":"1743741","fromID":"1329361","toID":"1329364","formEdgeID":null},{"edgeID":"1743742","fromID":"1329364","toID":"1329360","formEdgeID":null},{"edgeID":"1743743","fromID":"1329353","toID":"1329365","formEdgeID":null},{"edgeID":"1743744","fromID":"1329365","toID":"1329361","formEdgeID":null},{"edgeID":"1743745","fromID":"1329360","toID":"1329366","formEdgeID":null},{"edgeID":"1743746","fromID":"1329366","toID":"1329347","formEdgeID":null},{"edgeID":"1743747","fromID":"1329365","toID":"1329367","formEdgeID":null},{"edgeID":"1743748","fromID":"1329367","toID":"1329366","formEdgeID":null},{"edgeID":"1743749","fromID":"1329370","toID":"1329369","formEdgeID":null},{"edgeID":"1743750","fromID":"1329371","toID":"1329370","formEdgeID":null},{"edgeID":"1743751","fromID":"1329369","toID":"1329372","formEdgeID":null},{"edgeID":"1743752","fromID":"1329372","toID":"1329368","formEdgeID":null},{"edgeID":"1743753","fromID":"1329361","toID":"1329373","formEdgeID":null},{"edgeID":"1743754","fromID":"1329373","toID":"1329369","formEdgeID":null},{"edgeID":"1743755","fromID":"1329368","toID":"1329374","formEdgeID":null},{"edgeID":"1743756","fromID":"1329374","toID":"1329360","formEdgeID":null},{"edgeID":"1743757","fromID":"1329373","toID":"1329375","formEdgeID":null},{"edgeID":"1743758","fromID":"1329375","toID":"1329374","formEdgeID":null},{"edgeID":"1743759","fromID":"1329378","toID":"1329377","formEdgeID":null},{"edgeID":"1743760","fromID":"1329379","toID":"1329378","formEdgeID":null},{"edgeID":"1743761","fromID":"1329377","toID":"1329380","formEdgeID":null},{"edgeID":"1743762","fromID":"1329380","toID":"1329376","formEdgeID":null},{"edgeID":"1743763","fromID":"1329361","toID":"1329381","formEdgeID":null},{"edgeID":"1743764","fromID":"1329381","toID":"1329377","formEdgeID":null},{"edgeID":"1743765","fromID":"1329376","toID":"1329382","formEdgeID":null},{"edgeID":"1743766","fromID":"1329382","toID":"1329360","formEdgeID":null},{"edgeID":"1743767","fromID":"1329381","toID":"1329383","formEdgeID":null},{"edgeID":"1743768","fromID":"1329383","toID":"1329382","formEdgeID":null},{"edgeID":"1743769","fromID":"1329386","toID":"1329385","formEdgeID":null},{"edgeID":"1743770","fromID":"1329387","toID":"1329386","formEdgeID":null},{"edgeID":"1743771","fromID":"1329385","toID":"1329388","formEdgeID":null},{"edgeID":"1743772","fromID":"1329388","toID":"1329384","formEdgeID":null},{"edgeID":"1743773","fromID":"1329377","toID":"1329389","formEdgeID":null},{"edgeID":"1743774","fromID":"1329389","toID":"1329385","formEdgeID":null},{"edgeID":"1743775","fromID":"1329384","toID":"1329390","formEdgeID":null},{"edgeID":"1743776","fromID":"1329390","toID":"1329376","formEdgeID":null},{"edgeID":"1743777","fromID":"1329389","toID":"1329391","formEdgeID":null},{"edgeID":"1743778","fromID":"1329391","toID":"1329390","formEdgeID":null},{"edgeID":"1743779","fromID":"1329394","toID":"1329393","formEdgeID":null},{"edgeID":"1743780","fromID":"1329395","toID":"1329394","formEdgeID":null},{"edgeID":"1743781","fromID":"1329393","toID":"1329396","formEdgeID":null},{"edgeID":"1743782","fromID":"1329396","toID":"1329392","formEdgeID":null},{"edgeID":"1743783","fromID":"1329385","toID":"1329397","formEdgeID":null},{"edgeID":"1743784","fromID":"1329397","toID":"1329393","formEdgeID":null},{"edgeID":"1743785","fromID":"1329400","toID":"1329399","formEdgeID":null},{"edgeID":"1743786","fromID":"1329401","toID":"1329400","formEdgeID":null},{"edgeID":"1743787","fromID":"1329399","toID":"1329402","formEdgeID":null},{"edgeID":"1743788","fromID":"1329402","toID":"1329398","formEdgeID":null},{"edgeID":"1743789","fromID":"1329393","toID":"1329403","formEdgeID":null},{"edgeID":"1743790","fromID":"1329403","toID":"1329399","formEdgeID":null},{"edgeID":"1743791","fromID":"1329398","toID":"1329404","formEdgeID":null},{"edgeID":"1743792","fromID":"1329404","toID":"1329392","formEdgeID":null},{"edgeID":"1743793","fromID":"1329403","toID":"1329405","formEdgeID":null},{"edgeID":"1743794","fromID":"1329405","toID":"1329404","formEdgeID":null},{"edgeID":"1743795","fromID":"1329408","toID":"1329407","formEdgeID":null},{"edgeID":"1743796","fromID":"1329409","toID":"1329408","formEdgeID":null},{"edgeID":"1743797","fromID":"1329407","toID":"1329410","formEdgeID":null},{"edgeID":"1743798","fromID":"1329410","toID":"1329406","formEdgeID":null},{"edgeID":"1743799","fromID":"1329399","toID":"1329411","formEdgeID":null},{"edgeID":"1743800","fromID":"1329411","toID":"1329407","formEdgeID":null},{"edgeID":"1743801","fromID":"1329398","toID":"1329412","formEdgeID":null},{"edgeID":"1743802","fromID":"1329412","toID":"1329406","formEdgeID":null},{"edgeID":"1743803","fromID":"1329411","toID":"1329413","formEdgeID":null},{"edgeID":"1743804","fromID":"1329413","toID":"1329412","formEdgeID":null},{"edgeID":"1743805","fromID":"1329406","toID":"1329414","formEdgeID":null},{"edgeID":"1743806","fromID":"1329414","toID":"1329392","formEdgeID":null},{"edgeID":"1743807","fromID":"1329393","toID":"1329415","formEdgeID":null},{"edgeID":"1743808","fromID":"1329415","toID":"1329407","formEdgeID":null},{"edgeID":"1743809","fromID":"1329415","toID":"1329416","formEdgeID":null},{"edgeID":"1743810","fromID":"1329416","toID":"1329414","formEdgeID":null}],"locutions":[]}