{"nodes":[{"nodeID":"1350567","text":"Liverpool have got a pedigree for singing","type":"I","timestamp":"2023-11-09 14:09:04"},{"nodeID":"1350568","text":"Paul Scully: Liverpool have got a pedigree for singing","type":"L","timestamp":"2023-11-09 14:09:04"},{"nodeID":"1350569","text":"Analysing","type":"YA","timestamp":"2023-11-09 14:09:04"},{"nodeID":"1350570","text":"Joanna: Paul Scully: Liverpool have got a pedigree for singing","type":"L","timestamp":"2023-11-09 14:09:04"},{"nodeID":"1350571","text":"Asserting","type":"YA","timestamp":"2023-11-09 14:09:04"},{"nodeID":"1350572","text":"one has got to check if Liverpool people want the Eurovision Song Contest","type":"I","timestamp":"2023-11-09 14:09:05"},{"nodeID":"1350573","text":"Paul Scully: you've got to check if they want it","type":"L","timestamp":"2023-11-09 14:09:05"},{"nodeID":"1350574","text":"Analysing","type":"YA","timestamp":"2023-11-09 14:09:05"},{"nodeID":"1350575","text":"Joanna: Paul Scully: you've got to check if they want it","type":"L","timestamp":"2023-11-09 14:09:05"},{"nodeID":"1350576","text":"Asserting","type":"YA","timestamp":"2023-11-09 14:09:05"},{"nodeID":"1350577","text":"Default Transition","type":"TA","timestamp":"2023-11-09 14:09:05"},{"nodeID":"1350578","text":"Default Conflict","type":"CA","timestamp":"2023-11-09 14:09:05"},{"nodeID":"1350579","text":"Disagreeing","type":"YA","timestamp":"2023-11-09 14:09:05"},{"nodeID":"1350580","text":"cities tend to lose money when they host Eurovision Song Contest","type":"I","timestamp":"2023-11-09 14:09:06"},{"nodeID":"1350581","text":"Paul Scully: Cities tend to lose money when they host","type":"L","timestamp":"2023-11-09 14:09:06"},{"nodeID":"1350582","text":"Analysing","type":"YA","timestamp":"2023-11-09 14:09:06"},{"nodeID":"1350583","text":"Joanna: Paul Scully: Cities tend to lose money when they host","type":"L","timestamp":"2023-11-09 14:09:06"},{"nodeID":"1350584","text":"Asserting","type":"YA","timestamp":"2023-11-09 14:09:06"},{"nodeID":"1350585","text":"Default Inference","type":"RA","timestamp":"2023-11-09 14:09:06"},{"nodeID":"1350586","text":"Default Transition","type":"TA","timestamp":"2023-11-09 14:09:06"},{"nodeID":"1350587","text":"Arguing","type":"YA","timestamp":"2023-11-09 14:09:06"},{"nodeID":"1350588","text":"Liverpool people are saying they want the Eurovision Song Contest","type":"I","timestamp":"2023-11-09 14:09:06"},{"nodeID":"1350589","text":"Fiona Bruce: They're saying they want it","type":"L","timestamp":"2023-11-09 14:09:06"},{"nodeID":"1350590","text":"Analysing","type":"YA","timestamp":"2023-11-09 14:09:06"},{"nodeID":"1350591","text":"Joanna: Fiona Bruce: They're saying they want it","type":"L","timestamp":"2023-11-09 14:09:06"},{"nodeID":"1350592","text":"Asserting","type":"YA","timestamp":"2023-11-09 14:09:06"},{"nodeID":"1350593","text":"Default Conflict","type":"CA","timestamp":"2023-11-09 14:09:06"},{"nodeID":"1350594","text":"Liverpool has the infrastructure to host Eurovision Song Contest","type":"I","timestamp":"2023-11-09 14:09:07"},{"nodeID":"1350595","text":"Paul Scully: They've got the infrastructure","type":"L","timestamp":"2023-11-09 14:09:07"},{"nodeID":"1350596","text":"Analysing","type":"YA","timestamp":"2023-11-09 14:09:07"},{"nodeID":"1350597","text":"Joanna: Paul Scully: They've got the infrastructure","type":"L","timestamp":"2023-11-09 14:09:07"},{"nodeID":"1350598","text":"Asserting","type":"YA","timestamp":"2023-11-09 14:09:07"},{"nodeID":"1350599","text":"Default Transition","type":"TA","timestamp":"2023-11-09 14:09:07"},{"nodeID":"1350600","text":"Liverpool has a reputation for creating the greatest band of all time with the greatest catalogue of music","type":"I","timestamp":"2023-11-09 14:09:08"},{"nodeID":"1350601","text":"Richard Bacon: Liverpool has a reputation for creating the greatest band of all time with the greatest catalogue of music","type":"L","timestamp":"2023-11-09 14:09:08"},{"nodeID":"1350602","text":"Analysing","type":"YA","timestamp":"2023-11-09 14:09:08"},{"nodeID":"1350603","text":"Joanna: Richard Bacon: Liverpool has a reputation for creating the greatest band of all time with the greatest catalogue of music","type":"L","timestamp":"2023-11-09 14:09:08"},{"nodeID":"1350604","text":"Asserting","type":"YA","timestamp":"2023-11-09 14:09:08"},{"nodeID":"1350605","text":"Default Transition","type":"TA","timestamp":"2023-11-09 14:09:08"},{"nodeID":"1350606","text":"don't forget that the Manchester Sound","type":"I","timestamp":"2023-11-09 14:09:08"},{"nodeID":"1350607","text":"Fiona Bruce: Don't forget the Manchester Sound","type":"L","timestamp":"2023-11-09 14:09:08"},{"nodeID":"1350608","text":"Analysing","type":"YA","timestamp":"2023-11-09 14:09:08"},{"nodeID":"1350609","text":"Joanna: Fiona Bruce: Don't forget the Manchester Sound","type":"L","timestamp":"2023-11-09 14:09:08"},{"nodeID":"1350610","text":"Asserting","type":"YA","timestamp":"2023-11-09 14:09:08"},{"nodeID":"1350611","text":"Default Transition","type":"TA","timestamp":"2023-11-09 14:09:08"},{"nodeID":"1350612","text":"Default Conflict","type":"CA","timestamp":"2023-11-09 14:09:08"},{"nodeID":"1350613","text":"Disagreeing","type":"YA","timestamp":"2023-11-09 14:09:08"},{"nodeID":"1350614","text":"whichever city Eurovision Song Contest is in, Richard Bacon won't be seeing it","type":"I","timestamp":"2023-11-09 14:09:09"},{"nodeID":"1350615","text":"Richard Bacon: Whichever city it is in, I won't be seeing it","type":"L","timestamp":"2023-11-09 14:09:09"},{"nodeID":"1350616","text":"Analysing","type":"YA","timestamp":"2023-11-09 14:09:09"},{"nodeID":"1350617","text":"Joanna: Richard Bacon: Whichever city it is in, I won't be seeing it","type":"L","timestamp":"2023-11-09 14:09:09"},{"nodeID":"1350618","text":"Asserting","type":"YA","timestamp":"2023-11-09 14:09:09"},{"nodeID":"1350619","text":"Default Transition","type":"TA","timestamp":"2023-11-09 14:09:09"},{"nodeID":"1350620","text":"Richard Bacon's vote for Eurovision Song Contest host city would be Liverpool","type":"I","timestamp":"2023-11-09 14:09:10"},{"nodeID":"1350621","text":"Richard Bacon:  my vote would be Liverpool","type":"L","timestamp":"2023-11-09 14:09:10"},{"nodeID":"1350622","text":"Analysing","type":"YA","timestamp":"2023-11-09 14:09:10"},{"nodeID":"1350623","text":"Joanna: Richard Bacon:  my vote would be Liverpool","type":"L","timestamp":"2023-11-09 14:09:10"},{"nodeID":"1350624","text":"Asserting","type":"YA","timestamp":"2023-11-09 14:09:10"},{"nodeID":"1350625","text":"Default Transition","type":"TA","timestamp":"2023-11-09 14:09:10"},{"nodeID":"1350626","text":"Anne MceIvoy has always gone with the vibe","type":"I","timestamp":"2023-11-09 14:09:10"},{"nodeID":"1350627","text":"Anne MceIvoy: I've always gone with the vibe","type":"L","timestamp":"2023-11-09 14:09:10"},{"nodeID":"1350628","text":"Analysing","type":"YA","timestamp":"2023-11-09 14:09:10"},{"nodeID":"1350629","text":"Joanna: Anne MceIvoy: I've always gone with the vibe","type":"L","timestamp":"2023-11-09 14:09:10"},{"nodeID":"1350630","text":"Asserting","type":"YA","timestamp":"2023-11-09 14:09:10"},{"nodeID":"1350631","text":"Default Transition","type":"TA","timestamp":"2023-11-09 14:09:10"},{"nodeID":"1350632","text":"Anne MceIvoy is tempted to say Liverpool should host Eurovision Song Contest","type":"I","timestamp":"2023-11-09 14:09:11"},{"nodeID":"1350633","text":"Anne MceIvoy: I'm tempted to say Liverpool","type":"L","timestamp":"2023-11-09 14:09:11"},{"nodeID":"1350634","text":"Analysing","type":"YA","timestamp":"2023-11-09 14:09:11"},{"nodeID":"1350635","text":"Joanna: Anne MceIvoy: I'm tempted to say Liverpool","type":"L","timestamp":"2023-11-09 14:09:11"},{"nodeID":"1350636","text":"Asserting","type":"YA","timestamp":"2023-11-09 14:09:11"},{"nodeID":"1350637","text":"Default Transition","type":"TA","timestamp":"2023-11-09 14:09:11"},{"nodeID":"1350638","text":"Anne MceIvoy is a Durham girl","type":"I","timestamp":"2023-11-09 14:09:12"},{"nodeID":"1350639","text":"Anne MceIvoy: I'm a Durham girl","type":"L","timestamp":"2023-11-09 14:09:12"},{"nodeID":"1350640","text":"Analysing","type":"YA","timestamp":"2023-11-09 14:09:12"},{"nodeID":"1350641","text":"Joanna: Anne MceIvoy: I'm a Durham girl","type":"L","timestamp":"2023-11-09 14:09:12"},{"nodeID":"1350642","text":"Asserting","type":"YA","timestamp":"2023-11-09 14:09:12"},{"nodeID":"1350643","text":"Anne MceIvoy is taking Eurovision Song Contest  to Durham all by herself","type":"I","timestamp":"2023-11-09 14:09:12"},{"nodeID":"1350644","text":"Anne MceIvoy: I'm taking it to Durham all by myself","type":"L","timestamp":"2023-11-09 14:09:12"},{"nodeID":"1350645","text":"Analysing","type":"YA","timestamp":"2023-11-09 14:09:12"},{"nodeID":"1350646","text":"Joanna: Anne MceIvoy: I'm taking it to Durham all by myself","type":"L","timestamp":"2023-11-09 14:09:12"},{"nodeID":"1350647","text":"Asserting","type":"YA","timestamp":"2023-11-09 14:09:12"},{"nodeID":"1350648","text":"Default Transition","type":"TA","timestamp":"2023-11-09 14:09:12"},{"nodeID":"1350649","text":"Default Inference","type":"RA","timestamp":"2023-11-09 14:09:12"},{"nodeID":"1350650","text":"Default Conflict","type":"CA","timestamp":"2023-11-09 14:09:12"},{"nodeID":"1350651","text":"Default Inference","type":"RA","timestamp":"2023-11-09 14:09:12"},{"nodeID":"1350652","text":"Arguing","type":"YA","timestamp":"2023-11-09 14:09:12"},{"nodeID":"1350653","text":"Default Rephrase","type":"MA","timestamp":"2023-11-09 14:09:12"},{"nodeID":"1350654","text":"Default Transition","type":"TA","timestamp":"2023-11-09 14:09:12"},{"nodeID":"1350655","text":"Restating","type":"YA","timestamp":"2023-11-09 14:09:12"},{"nodeID":"1350656","text":"Default Transition","type":"TA","timestamp":"2023-11-09 14:09:12"},{"nodeID":"1350657","text":"Disagreeing","type":"YA","timestamp":"2023-11-09 14:09:12"},{"nodeID":"1350658","text":"Default Transition","type":"TA","timestamp":"2023-11-09 14:09:12"},{"nodeID":"1350659","text":"Disagreeing","type":"YA","timestamp":"2023-11-09 14:09:12"}],"edges":[{"edgeID":"1769016","fromID":"1350569","toID":"1350568","formEdgeID":null},{"edgeID":"1769017","fromID":"1350570","toID":"1350569","formEdgeID":null},{"edgeID":"1769018","fromID":"1350568","toID":"1350571","formEdgeID":null},{"edgeID":"1769019","fromID":"1350571","toID":"1350567","formEdgeID":null},{"edgeID":"1769020","fromID":"1350574","toID":"1350573","formEdgeID":null},{"edgeID":"1769021","fromID":"1350575","toID":"1350574","formEdgeID":null},{"edgeID":"1769022","fromID":"1350573","toID":"1350576","formEdgeID":null},{"edgeID":"1769023","fromID":"1350576","toID":"1350572","formEdgeID":null},{"edgeID":"1769024","fromID":"1350568","toID":"1350577","formEdgeID":null},{"edgeID":"1769025","fromID":"1350577","toID":"1350573","formEdgeID":null},{"edgeID":"1769026","fromID":"1350572","toID":"1350578","formEdgeID":null},{"edgeID":"1769027","fromID":"1350578","toID":"1350567","formEdgeID":null},{"edgeID":"1769028","fromID":"1350577","toID":"1350579","formEdgeID":null},{"edgeID":"1769029","fromID":"1350579","toID":"1350578","formEdgeID":null},{"edgeID":"1769030","fromID":"1350582","toID":"1350581","formEdgeID":null},{"edgeID":"1769031","fromID":"1350583","toID":"1350582","formEdgeID":null},{"edgeID":"1769032","fromID":"1350581","toID":"1350584","formEdgeID":null},{"edgeID":"1769033","fromID":"1350584","toID":"1350580","formEdgeID":null},{"edgeID":"1769034","fromID":"1350580","toID":"1350585","formEdgeID":null},{"edgeID":"1769035","fromID":"1350585","toID":"1350572","formEdgeID":null},{"edgeID":"1769036","fromID":"1350573","toID":"1350586","formEdgeID":null},{"edgeID":"1769037","fromID":"1350586","toID":"1350581","formEdgeID":null},{"edgeID":"1769038","fromID":"1350586","toID":"1350587","formEdgeID":null},{"edgeID":"1769039","fromID":"1350587","toID":"1350585","formEdgeID":null},{"edgeID":"1769040","fromID":"1350590","toID":"1350589","formEdgeID":null},{"edgeID":"1769041","fromID":"1350591","toID":"1350590","formEdgeID":null},{"edgeID":"1769042","fromID":"1350589","toID":"1350592","formEdgeID":null},{"edgeID":"1769043","fromID":"1350592","toID":"1350588","formEdgeID":null},{"edgeID":"1769044","fromID":"1350588","toID":"1350593","formEdgeID":null},{"edgeID":"1769045","fromID":"1350593","toID":"1350572","formEdgeID":null},{"edgeID":"1769046","fromID":"1350596","toID":"1350595","formEdgeID":null},{"edgeID":"1769047","fromID":"1350597","toID":"1350596","formEdgeID":null},{"edgeID":"1769048","fromID":"1350595","toID":"1350598","formEdgeID":null},{"edgeID":"1769049","fromID":"1350598","toID":"1350594","formEdgeID":null},{"edgeID":"1769050","fromID":"1350589","toID":"1350599","formEdgeID":null},{"edgeID":"1769051","fromID":"1350599","toID":"1350595","formEdgeID":null},{"edgeID":"1769052","fromID":"1350602","toID":"1350601","formEdgeID":null},{"edgeID":"1769053","fromID":"1350603","toID":"1350602","formEdgeID":null},{"edgeID":"1769054","fromID":"1350601","toID":"1350604","formEdgeID":null},{"edgeID":"1769055","fromID":"1350604","toID":"1350600","formEdgeID":null},{"edgeID":"1769056","fromID":"1350595","toID":"1350605","formEdgeID":null},{"edgeID":"1769057","fromID":"1350605","toID":"1350601","formEdgeID":null},{"edgeID":"1769058","fromID":"1350608","toID":"1350607","formEdgeID":null},{"edgeID":"1769059","fromID":"1350609","toID":"1350608","formEdgeID":null},{"edgeID":"1769060","fromID":"1350607","toID":"1350610","formEdgeID":null},{"edgeID":"1769061","fromID":"1350610","toID":"1350606","formEdgeID":null},{"edgeID":"1769062","fromID":"1350601","toID":"1350611","formEdgeID":null},{"edgeID":"1769063","fromID":"1350611","toID":"1350607","formEdgeID":null},{"edgeID":"1769064","fromID":"1350606","toID":"1350612","formEdgeID":null},{"edgeID":"1769065","fromID":"1350612","toID":"1350600","formEdgeID":null},{"edgeID":"1769066","fromID":"1350611","toID":"1350613","formEdgeID":null},{"edgeID":"1769067","fromID":"1350613","toID":"1350612","formEdgeID":null},{"edgeID":"1769068","fromID":"1350616","toID":"1350615","formEdgeID":null},{"edgeID":"1769069","fromID":"1350617","toID":"1350616","formEdgeID":null},{"edgeID":"1769070","fromID":"1350615","toID":"1350618","formEdgeID":null},{"edgeID":"1769071","fromID":"1350618","toID":"1350614","formEdgeID":null},{"edgeID":"1769072","fromID":"1350607","toID":"1350619","formEdgeID":null},{"edgeID":"1769073","fromID":"1350619","toID":"1350615","formEdgeID":null},{"edgeID":"1769074","fromID":"1350622","toID":"1350621","formEdgeID":null},{"edgeID":"1769075","fromID":"1350623","toID":"1350622","formEdgeID":null},{"edgeID":"1769076","fromID":"1350621","toID":"1350624","formEdgeID":null},{"edgeID":"1769077","fromID":"1350624","toID":"1350620","formEdgeID":null},{"edgeID":"1769078","fromID":"1350615","toID":"1350625","formEdgeID":null},{"edgeID":"1769079","fromID":"1350625","toID":"1350621","formEdgeID":null},{"edgeID":"1769080","fromID":"1350628","toID":"1350627","formEdgeID":null},{"edgeID":"1769081","fromID":"1350629","toID":"1350628","formEdgeID":null},{"edgeID":"1769082","fromID":"1350627","toID":"1350630","formEdgeID":null},{"edgeID":"1769083","fromID":"1350630","toID":"1350626","formEdgeID":null},{"edgeID":"1769084","fromID":"1350621","toID":"1350631","formEdgeID":null},{"edgeID":"1769085","fromID":"1350631","toID":"1350627","formEdgeID":null},{"edgeID":"1769086","fromID":"1350634","toID":"1350633","formEdgeID":null},{"edgeID":"1769087","fromID":"1350635","toID":"1350634","formEdgeID":null},{"edgeID":"1769088","fromID":"1350633","toID":"1350636","formEdgeID":null},{"edgeID":"1769089","fromID":"1350636","toID":"1350632","formEdgeID":null},{"edgeID":"1769090","fromID":"1350627","toID":"1350637","formEdgeID":null},{"edgeID":"1769091","fromID":"1350637","toID":"1350633","formEdgeID":null},{"edgeID":"1769092","fromID":"1350640","toID":"1350639","formEdgeID":null},{"edgeID":"1769093","fromID":"1350641","toID":"1350640","formEdgeID":null},{"edgeID":"1769094","fromID":"1350639","toID":"1350642","formEdgeID":null},{"edgeID":"1769095","fromID":"1350642","toID":"1350638","formEdgeID":null},{"edgeID":"1769096","fromID":"1350645","toID":"1350644","formEdgeID":null},{"edgeID":"1769097","fromID":"1350646","toID":"1350645","formEdgeID":null},{"edgeID":"1769098","fromID":"1350644","toID":"1350647","formEdgeID":null},{"edgeID":"1769099","fromID":"1350647","toID":"1350643","formEdgeID":null},{"edgeID":"1769100","fromID":"1350639","toID":"1350648","formEdgeID":null},{"edgeID":"1769101","fromID":"1350648","toID":"1350644","formEdgeID":null},{"edgeID":"1769102","fromID":"1350626","toID":"1350649","formEdgeID":null},{"edgeID":"1769103","fromID":"1350649","toID":"1350632","formEdgeID":null},{"edgeID":"1769104","fromID":"1350643","toID":"1350650","formEdgeID":null},{"edgeID":"1769105","fromID":"1350650","toID":"1350632","formEdgeID":null},{"edgeID":"1769106","fromID":"1350638","toID":"1350651","formEdgeID":null},{"edgeID":"1769107","fromID":"1350651","toID":"1350643","formEdgeID":null},{"edgeID":"1769108","fromID":"1350648","toID":"1350652","formEdgeID":null},{"edgeID":"1769109","fromID":"1350652","toID":"1350651","formEdgeID":null},{"edgeID":"1769110","fromID":"1350600","toID":"1350653","formEdgeID":null},{"edgeID":"1769111","fromID":"1350653","toID":"1350567","formEdgeID":null},{"edgeID":"1769112","fromID":"1350568","toID":"1350654","formEdgeID":null},{"edgeID":"1769113","fromID":"1350654","toID":"1350601","formEdgeID":null},{"edgeID":"1769114","fromID":"1350654","toID":"1350655","formEdgeID":null},{"edgeID":"1769115","fromID":"1350655","toID":"1350653","formEdgeID":null},{"edgeID":"1769116","fromID":"1350573","toID":"1350656","formEdgeID":null},{"edgeID":"1769117","fromID":"1350656","toID":"1350589","formEdgeID":null},{"edgeID":"1769118","fromID":"1350656","toID":"1350657","formEdgeID":null},{"edgeID":"1769119","fromID":"1350657","toID":"1350593","formEdgeID":null},{"edgeID":"1769120","fromID":"1350633","toID":"1350658","formEdgeID":null},{"edgeID":"1769121","fromID":"1350658","toID":"1350644","formEdgeID":null},{"edgeID":"1769122","fromID":"1350658","toID":"1350659","formEdgeID":null},{"edgeID":"1769123","fromID":"1350659","toID":"1350650","formEdgeID":null}],"locutions":[]}