{"nodes":[{"nodeID":"1330722","text":"the crisis has in fact got worse","type":"I","timestamp":"2023-11-09 13:38:41"},{"nodeID":"1330723","text":"Karan Bilimoria: The crisis has in fact got worse","type":"L","timestamp":"2023-11-09 13:38:41"},{"nodeID":"1330724","text":"Analysing","type":"YA","timestamp":"2023-11-09 13:38:41"},{"nodeID":"1330725","text":"Lara: Karan Bilimoria: The crisis has in fact got worse","type":"L","timestamp":"2023-11-09 13:38:41"},{"nodeID":"1330726","text":"Asserting","type":"YA","timestamp":"2023-11-09 13:38:41"},{"nodeID":"1330727","text":"what was missing in Friday's announcement was some of those measures targeting a growth of 2.5%","type":"I","timestamp":"2023-11-09 13:38:41"},{"nodeID":"1330728","text":"Karan Bilimoria: what was missing in Friday's announcement was yes, actually some of those measures targeting a growth of 2.5%","type":"L","timestamp":"2023-11-09 13:38:41"},{"nodeID":"1330729","text":"Analysing","type":"YA","timestamp":"2023-11-09 13:38:41"},{"nodeID":"1330730","text":"Lara: Karan Bilimoria: what was missing in Friday's announcement was yes, actually some of those measures targeting a growth of 2.5%","type":"L","timestamp":"2023-11-09 13:38:41"},{"nodeID":"1330731","text":"Asserting","type":"YA","timestamp":"2023-11-09 13:38:41"},{"nodeID":"1330732","text":"cutting the 2.5% national insurance, 1.25% for employers, 1.25% for employees, should never have happened in the first place","type":"I","timestamp":"2023-11-09 13:38:42"},{"nodeID":"1330733","text":"Karan Bilimoria: cutting the 2.5% national insurance, 1.25% for employers, 1.25% for employees, that should never have happened in the first place","type":"L","timestamp":"2023-11-09 13:38:42"},{"nodeID":"1330734","text":"Analysing","type":"YA","timestamp":"2023-11-09 13:38:42"},{"nodeID":"1330735","text":"Lara: Karan Bilimoria: cutting the 2.5% national insurance, 1.25% for employers, 1.25% for employees, that should never have happened in the first place","type":"L","timestamp":"2023-11-09 13:38:42"},{"nodeID":"1330736","text":"Asserting","type":"YA","timestamp":"2023-11-09 13:38:42"},{"nodeID":"1330737","text":"cutting the 2.5% national insurance is a tax on jobs","type":"I","timestamp":"2023-11-09 13:38:42"},{"nodeID":"1330738","text":"Karan Bilimoria: That's a tax on jobs","type":"L","timestamp":"2023-11-09 13:38:42"},{"nodeID":"1330739","text":"Analysing","type":"YA","timestamp":"2023-11-09 13:38:42"},{"nodeID":"1330740","text":"Lara: Karan Bilimoria: That's a tax on jobs","type":"L","timestamp":"2023-11-09 13:38:42"},{"nodeID":"1330741","text":"Asserting","type":"YA","timestamp":"2023-11-09 13:38:42"},{"nodeID":"1330742","text":"Karan Bilimoria: Even the Labour Party say they would not have done that","type":"L","timestamp":"2023-11-09 13:38:42"},{"nodeID":"1330743","text":"Analysing","type":"YA","timestamp":"2023-11-09 13:38:42"},{"nodeID":"1330744","text":"Lara: Karan Bilimoria: Even the Labour Party say they would not have done that","type":"L","timestamp":"2023-11-09 13:38:42"},{"nodeID":"1330745","text":"the Labour Party would not have cut the 2.5% national insurance","type":"I","timestamp":"2023-11-09 13:38:43"},{"nodeID":"1330746","text":"Labour Party: we would not have cut the 2.5% on national insurance","type":"L","timestamp":"2023-11-09 13:38:43"},{"nodeID":"1330747","text":"Analysing","type":"YA","timestamp":"2023-11-09 13:38:43"},{"nodeID":"1330748","text":"Lara: Labour Party: they would not have done that","type":"L","timestamp":"2023-11-09 13:38:43"},{"nodeID":"1330749","text":"Asserting","type":"YA","timestamp":"2023-11-09 13:38:43"},{"nodeID":"1330750","text":"Asserting","type":"YA","timestamp":"2023-11-09 13:38:43"},{"nodeID":"1330751","text":"not putting corporation tax up to 25% hampers inward investment","type":"I","timestamp":"2023-11-09 13:38:44"},{"nodeID":"1330752","text":"Karan Bilimoria: Corporation tax, not putting it up to 25%, I believe that hampers inward investment","type":"L","timestamp":"2023-11-09 13:38:44"},{"nodeID":"1330753","text":"Analysing","type":"YA","timestamp":"2023-11-09 13:38:44"},{"nodeID":"1330754","text":"Lara: Karan Bilimoria: Corporation tax, not putting it up to 25%, I believe that hampers inward investment","type":"L","timestamp":"2023-11-09 13:38:44"},{"nodeID":"1330755","text":"Asserting","type":"YA","timestamp":"2023-11-09 13:38:44"},{"nodeID":"1330756","text":"not putting corporation tax up to 25% hampers growth","type":"I","timestamp":"2023-11-09 13:38:44"},{"nodeID":"1330757","text":"Karan Bilimoria:  it hampers growth","type":"L","timestamp":"2023-11-09 13:38:44"},{"nodeID":"1330758","text":"Analysing","type":"YA","timestamp":"2023-11-09 13:38:44"},{"nodeID":"1330759","text":"Lara: Karan Bilimoria:  it hampers growth","type":"L","timestamp":"2023-11-09 13:38:44"},{"nodeID":"1330760","text":"Asserting","type":"YA","timestamp":"2023-11-09 13:38:44"},{"nodeID":"1330761","text":"not putting corporation tax up to 25% hampers pension funds in investment companies","type":"I","timestamp":"2023-11-09 13:38:45"},{"nodeID":"1330762","text":"Karan Bilimoria:  pension funds in investment companies","type":"L","timestamp":"2023-11-09 13:38:45"},{"nodeID":"1330763","text":"Analysing","type":"YA","timestamp":"2023-11-09 13:38:45"},{"nodeID":"1330764","text":"Lara: Karan Bilimoria:  pension funds in investment companies","type":"L","timestamp":"2023-11-09 13:38:45"},{"nodeID":"1330765","text":"Asserting","type":"YA","timestamp":"2023-11-09 13:38:45"},{"nodeID":"1330766","text":"Default Transition","type":"TA","timestamp":"2023-11-09 13:38:45"},{"nodeID":"1330767","text":"Karan Bilimoria is all for measures targeting a growth of 2.5%","type":"I","timestamp":"2023-11-09 13:38:45"},{"nodeID":"1330768","text":"Karan Bilimoria: I'm all for that","type":"L","timestamp":"2023-11-09 13:38:45"},{"nodeID":"1330769","text":"Analysing","type":"YA","timestamp":"2023-11-09 13:38:45"},{"nodeID":"1330770","text":"Lara: Karan Bilimoria: I'm all for that","type":"L","timestamp":"2023-11-09 13:38:45"},{"nodeID":"1330771","text":"Asserting","type":"YA","timestamp":"2023-11-09 13:38:45"},{"nodeID":"1330772","text":"Default Inference","type":"RA","timestamp":"2023-11-09 13:38:45"},{"nodeID":"1330773","text":"Default Inference","type":"RA","timestamp":"2023-11-09 13:38:45"},{"nodeID":"1330774","text":"Default Inference","type":"RA","timestamp":"2023-11-09 13:38:45"},{"nodeID":"1330775","text":"Default Transition","type":"TA","timestamp":"2023-11-09 13:38:45"},{"nodeID":"1330776","text":"Default Transition","type":"TA","timestamp":"2023-11-09 13:38:45"},{"nodeID":"1330777","text":"Default Transition","type":"TA","timestamp":"2023-11-09 13:38:45"},{"nodeID":"1330778","text":"Default Transition","type":"TA","timestamp":"2023-11-09 13:38:45"},{"nodeID":"1330779","text":"it is better to be more competitive as a country","type":"I","timestamp":"2023-11-09 13:38:46"},{"nodeID":"1330780","text":"Karan Bilimoria:  It is better to be more competitive as a country","type":"L","timestamp":"2023-11-09 13:38:46"},{"nodeID":"1330781","text":"Analysing","type":"YA","timestamp":"2023-11-09 13:38:46"},{"nodeID":"1330782","text":"Lara: Karan Bilimoria:  It is better to be more competitive as a country","type":"L","timestamp":"2023-11-09 13:38:46"},{"nodeID":"1330783","text":"Asserting","type":"YA","timestamp":"2023-11-09 13:38:46"},{"nodeID":"1330784","text":"many of the measures mentioned on Friday were really good","type":"I","timestamp":"2023-11-09 13:38:46"},{"nodeID":"1330785","text":"Karan Bilimoria: Many of the measures mentioned on Friday were really good","type":"L","timestamp":"2023-11-09 13:38:46"},{"nodeID":"1330786","text":"Analysing","type":"YA","timestamp":"2023-11-09 13:38:46"},{"nodeID":"1330787","text":"Lara: Karan Bilimoria: Many of the measures mentioned on Friday were really good","type":"L","timestamp":"2023-11-09 13:38:46"},{"nodeID":"1330788","text":"Asserting","type":"YA","timestamp":"2023-11-09 13:38:46"},{"nodeID":"1330789","text":"a measure was missing","type":"I","timestamp":"2023-11-09 13:38:47"},{"nodeID":"1330790","text":"Karan Bilimoria: what did they miss","type":"L","timestamp":"2023-11-09 13:38:47"},{"nodeID":"1330791","text":"Analysing","type":"YA","timestamp":"2023-11-09 13:38:47"},{"nodeID":"1330792","text":"Lara: Karan Bilimoria: what did they miss","type":"L","timestamp":"2023-11-09 13:38:47"},{"nodeID":"1330793","text":"Assertive Questioning","type":"YA","timestamp":"2023-11-09 13:38:47"},{"nodeID":"1330794","text":"there was no measure to help businesses today","type":"I","timestamp":"2023-11-09 13:38:48"},{"nodeID":"1330795","text":"Karan Bilimoria: There was nothing in there to help businesses today","type":"L","timestamp":"2023-11-09 13:38:48"},{"nodeID":"1330796","text":"Analysing","type":"YA","timestamp":"2023-11-09 13:38:48"},{"nodeID":"1330797","text":"Lara: Karan Bilimoria: There was nothing in there to help businesses today","type":"L","timestamp":"2023-11-09 13:38:48"},{"nodeID":"1330798","text":"Asserting","type":"YA","timestamp":"2023-11-09 13:38:48"},{"nodeID":"1330799","text":"xxx is going to pay for the business rates","type":"I","timestamp":"2023-11-09 13:38:48"},{"nodeID":"1330800","text":"Karan Bilimoria: Who is going to pay for the business rates","type":"L","timestamp":"2023-11-09 13:38:48"},{"nodeID":"1330801","text":"Analysing","type":"YA","timestamp":"2023-11-09 13:38:48"},{"nodeID":"1330802","text":"Lara: Karan Bilimoria: Who is going to pay for the business rates","type":"L","timestamp":"2023-11-09 13:38:48"},{"nodeID":"1330803","text":"Pure Questioning","type":"YA","timestamp":"2023-11-09 13:38:48"},{"nodeID":"1330804","text":"we had business rates holidays while we were in the pandemic","type":"I","timestamp":"2023-11-09 13:38:49"},{"nodeID":"1330805","text":"Karan Bilimoria: We had business rates holidays while we were in the pandemic","type":"L","timestamp":"2023-11-09 13:38:49"},{"nodeID":"1330806","text":"Analysing","type":"YA","timestamp":"2023-11-09 13:38:49"},{"nodeID":"1330807","text":"Lara: Karan Bilimoria: We had business rates holidays while we were in the pandemic","type":"L","timestamp":"2023-11-09 13:38:49"},{"nodeID":"1330808","text":"Asserting","type":"YA","timestamp":"2023-11-09 13:38:49"},{"nodeID":"1330809","text":"we should have delaying of taxes","type":"I","timestamp":"2023-11-09 13:38:49"},{"nodeID":"1330810","text":"Karan Bilimoria: Who is going to have delaying of taxes","type":"L","timestamp":"2023-11-09 13:38:49"},{"nodeID":"1330811","text":"Analysing","type":"YA","timestamp":"2023-11-09 13:38:49"},{"nodeID":"1330812","text":"Lara: Karan Bilimoria: Who is going to have delaying of taxes","type":"L","timestamp":"2023-11-09 13:38:49"},{"nodeID":"1330813","text":"Assertive Questioning","type":"YA","timestamp":"2023-11-09 13:38:49"},{"nodeID":"1330814","text":"we were allowed to delay our taxes to give us help with cash flow during the pandemic","type":"I","timestamp":"2023-11-09 13:38:50"},{"nodeID":"1330815","text":"Karan Bilimoria: We were allowed to delay our taxes to give us help with cash flow","type":"L","timestamp":"2023-11-09 13:38:50"},{"nodeID":"1330816","text":"Analysing","type":"YA","timestamp":"2023-11-09 13:38:50"},{"nodeID":"1330817","text":"Lara: Karan Bilimoria: We were allowed to delay our taxes to give us help with cash flow","type":"L","timestamp":"2023-11-09 13:38:50"},{"nodeID":"1330818","text":"Asserting","type":"YA","timestamp":"2023-11-09 13:38:50"},{"nodeID":"1330819","text":"we had so much help in the pandemic that we do not have now","type":"I","timestamp":"2023-11-09 13:38:51"},{"nodeID":"1330820","text":"Karan Bilimoria: We had so much help in the pandemic that we do not have now","type":"L","timestamp":"2023-11-09 13:38:51"},{"nodeID":"1330821","text":"Analysing","type":"YA","timestamp":"2023-11-09 13:38:51"},{"nodeID":"1330822","text":"Lara: Karan Bilimoria: We had so much help in the pandemic that we do not have now","type":"L","timestamp":"2023-11-09 13:38:51"},{"nodeID":"1330823","text":"Asserting","type":"YA","timestamp":"2023-11-09 13:38:51"},{"nodeID":"1330824","text":"the VAT was cut for hospitality","type":"I","timestamp":"2023-11-09 13:38:51"},{"nodeID":"1330825","text":"Karan Bilimoria: The VAT was cut for hospitality","type":"L","timestamp":"2023-11-09 13:38:51"},{"nodeID":"1330826","text":"Analysing","type":"YA","timestamp":"2023-11-09 13:38:51"},{"nodeID":"1330827","text":"Lara: Karan Bilimoria: The VAT was cut for hospitality","type":"L","timestamp":"2023-11-09 13:38:51"},{"nodeID":"1330828","text":"Asserting","type":"YA","timestamp":"2023-11-09 13:38:51"},{"nodeID":"1330829","text":"cutting the VAT are the measures that are going to help businesses today","type":"I","timestamp":"2023-11-09 13:38:52"},{"nodeID":"1330830","text":"Karan Bilimoria: Those are the measures that are going to help businesses today","type":"L","timestamp":"2023-11-09 13:38:52"},{"nodeID":"1330831","text":"Analysing","type":"YA","timestamp":"2023-11-09 13:38:52"},{"nodeID":"1330832","text":"Lara: Karan Bilimoria: Those are the measures that are going to help businesses today","type":"L","timestamp":"2023-11-09 13:38:52"},{"nodeID":"1330833","text":"Asserting","type":"YA","timestamp":"2023-11-09 13:38:52"},{"nodeID":"1330834","text":"Default Transition","type":"TA","timestamp":"2023-11-09 13:38:52"},{"nodeID":"1330835","text":"Default Rephrase","type":"MA","timestamp":"2023-11-09 13:38:52"},{"nodeID":"1330836","text":"Default Transition","type":"TA","timestamp":"2023-11-09 13:38:52"},{"nodeID":"1330837","text":"Default Rephrase","type":"MA","timestamp":"2023-11-09 13:38:52"},{"nodeID":"1330838","text":"Default Transition","type":"TA","timestamp":"2023-11-09 13:38:52"},{"nodeID":"1330839","text":"Default Transition","type":"TA","timestamp":"2023-11-09 13:38:52"},{"nodeID":"1330840","text":"Default Transition","type":"TA","timestamp":"2023-11-09 13:38:52"},{"nodeID":"1330841","text":"Default Transition","type":"TA","timestamp":"2023-11-09 13:38:52"},{"nodeID":"1330842","text":"Default Rephrase","type":"MA","timestamp":"2023-11-09 13:38:52"},{"nodeID":"1330843","text":"Default Transition","type":"TA","timestamp":"2023-11-09 13:38:52"},{"nodeID":"1330844","text":"Default Transition","type":"TA","timestamp":"2023-11-09 13:38:52"},{"nodeID":"1330845","text":"Default Rephrase","type":"MA","timestamp":"2023-11-09 13:38:52"},{"nodeID":"1330846","text":"Default Transition","type":"TA","timestamp":"2023-11-09 13:38:52"},{"nodeID":"1330847","text":"Default Transition","type":"TA","timestamp":"2023-11-09 13:38:52"},{"nodeID":"1330848","text":"Default Inference","type":"RA","timestamp":"2023-11-09 13:38:52"},{"nodeID":"1330849","text":"Default Transition","type":"TA","timestamp":"2023-11-09 13:38:52"},{"nodeID":"1330850","text":"Default Inference","type":"RA","timestamp":"2023-11-09 13:38:52"},{"nodeID":"1330851","text":"Arguing","type":"YA","timestamp":"2023-11-09 13:38:52"},{"nodeID":"1330852","text":"Default Rephrase","type":"MA","timestamp":"2023-11-09 13:38:52"},{"nodeID":"1330853","text":"Arguing","type":"YA","timestamp":"2023-11-09 13:38:52"},{"nodeID":"1330854","text":"Arguing","type":"YA","timestamp":"2023-11-09 13:38:52"},{"nodeID":"1330855","text":"Arguing","type":"YA","timestamp":"2023-11-09 13:38:52"},{"nodeID":"1330856","text":"Restating","type":"YA","timestamp":"2023-11-09 13:38:52"},{"nodeID":"1330857","text":"Restating","type":"YA","timestamp":"2023-11-09 13:38:52"},{"nodeID":"1330858","text":"Default Transition","type":"TA","timestamp":"2023-11-09 13:38:52"},{"nodeID":"1330859","text":"Default Rephrase","type":"MA","timestamp":"2023-11-09 13:38:52"},{"nodeID":"1330860","text":"Default Transition","type":"TA","timestamp":"2023-11-09 13:38:52"},{"nodeID":"1330861","text":"Restating","type":"YA","timestamp":"2023-11-09 13:38:52"},{"nodeID":"1330862","text":"Restating","type":"YA","timestamp":"2023-11-09 13:38:52"},{"nodeID":"1330863","text":"Default Transition","type":"TA","timestamp":"2023-11-09 13:38:52"},{"nodeID":"1330864","text":"Arguing","type":"YA","timestamp":"2023-11-09 13:38:52"},{"nodeID":"1330865","text":"Default Transition","type":"TA","timestamp":"2023-11-09 13:38:52"},{"nodeID":"1330866","text":"Restating","type":"YA","timestamp":"2023-11-09 13:38:52"},{"nodeID":"1330867","text":"Default Rephrase","type":"MA","timestamp":"2023-11-09 13:38:52"},{"nodeID":"1330868","text":"Default Transition","type":"TA","timestamp":"2023-11-09 13:38:52"},{"nodeID":"1330869","text":"Restating","type":"YA","timestamp":"2023-11-09 13:38:52"},{"nodeID":"1330870","text":"Default Rephrase","type":"MA","timestamp":"2023-11-09 13:38:52"},{"nodeID":"1330871","text":"Restating","type":"YA","timestamp":"2023-11-09 13:38:52"},{"nodeID":"1330872","text":"Default Rephrase","type":"MA","timestamp":"2023-11-09 13:38:52"},{"nodeID":"1330873","text":"Default Transition","type":"TA","timestamp":"2023-11-09 13:38:52"},{"nodeID":"1330874","text":"Restating","type":"YA","timestamp":"2023-11-09 13:38:52"},{"nodeID":"1330875","text":"Default Inference","type":"RA","timestamp":"2023-11-09 13:38:52"},{"nodeID":"1330876","text":"Arguing","type":"YA","timestamp":"2023-11-09 13:38:52"},{"nodeID":"1330877","text":"Restating","type":"YA","timestamp":"2023-11-09 13:38:52"}],"edges":[{"edgeID":"1745337","fromID":"1330724","toID":"1330723","formEdgeID":null},{"edgeID":"1745338","fromID":"1330725","toID":"1330724","formEdgeID":null},{"edgeID":"1745339","fromID":"1330723","toID":"1330726","formEdgeID":null},{"edgeID":"1745340","fromID":"1330726","toID":"1330722","formEdgeID":null},{"edgeID":"1745341","fromID":"1330729","toID":"1330728","formEdgeID":null},{"edgeID":"1745342","fromID":"1330730","toID":"1330729","formEdgeID":null},{"edgeID":"1745343","fromID":"1330728","toID":"1330731","formEdgeID":null},{"edgeID":"1745344","fromID":"1330731","toID":"1330727","formEdgeID":null},{"edgeID":"1745345","fromID":"1330734","toID":"1330733","formEdgeID":null},{"edgeID":"1745346","fromID":"1330735","toID":"1330734","formEdgeID":null},{"edgeID":"1745347","fromID":"1330733","toID":"1330736","formEdgeID":null},{"edgeID":"1745348","fromID":"1330736","toID":"1330732","formEdgeID":null},{"edgeID":"1745349","fromID":"1330739","toID":"1330738","formEdgeID":null},{"edgeID":"1745350","fromID":"1330740","toID":"1330739","formEdgeID":null},{"edgeID":"1745351","fromID":"1330738","toID":"1330741","formEdgeID":null},{"edgeID":"1745352","fromID":"1330741","toID":"1330737","formEdgeID":null},{"edgeID":"1745353","fromID":"1330743","toID":"1330742","formEdgeID":null},{"edgeID":"1745354","fromID":"1330744","toID":"1330743","formEdgeID":null},{"edgeID":"1745355","fromID":"1330747","toID":"1330746","formEdgeID":null},{"edgeID":"1745356","fromID":"1330748","toID":"1330747","formEdgeID":null},{"edgeID":"1745357","fromID":"1330746","toID":"1330749","formEdgeID":null},{"edgeID":"1745358","fromID":"1330749","toID":"1330745","formEdgeID":null},{"edgeID":"1745359","fromID":"1330742","toID":"1330750","formEdgeID":null},{"edgeID":"1745360","fromID":"1330750","toID":"1330746","formEdgeID":null},{"edgeID":"1745361","fromID":"1330753","toID":"1330752","formEdgeID":null},{"edgeID":"1745362","fromID":"1330754","toID":"1330753","formEdgeID":null},{"edgeID":"1745363","fromID":"1330752","toID":"1330755","formEdgeID":null},{"edgeID":"1745364","fromID":"1330755","toID":"1330751","formEdgeID":null},{"edgeID":"1745365","fromID":"1330758","toID":"1330757","formEdgeID":null},{"edgeID":"1745366","fromID":"1330759","toID":"1330758","formEdgeID":null},{"edgeID":"1745367","fromID":"1330757","toID":"1330760","formEdgeID":null},{"edgeID":"1745368","fromID":"1330760","toID":"1330756","formEdgeID":null},{"edgeID":"1745369","fromID":"1330763","toID":"1330762","formEdgeID":null},{"edgeID":"1745370","fromID":"1330764","toID":"1330763","formEdgeID":null},{"edgeID":"1745371","fromID":"1330762","toID":"1330765","formEdgeID":null},{"edgeID":"1745372","fromID":"1330765","toID":"1330761","formEdgeID":null},{"edgeID":"1745373","fromID":"1330723","toID":"1330766","formEdgeID":null},{"edgeID":"1745374","fromID":"1330766","toID":"1330728","formEdgeID":null},{"edgeID":"1745375","fromID":"1330769","toID":"1330768","formEdgeID":null},{"edgeID":"1745376","fromID":"1330770","toID":"1330769","formEdgeID":null},{"edgeID":"1745377","fromID":"1330768","toID":"1330771","formEdgeID":null},{"edgeID":"1745378","fromID":"1330771","toID":"1330767","formEdgeID":null},{"edgeID":"1745379","fromID":"1330732","toID":"1330772","formEdgeID":null},{"edgeID":"1745380","fromID":"1330772","toID":"1330767","formEdgeID":null},{"edgeID":"1745381","fromID":"1330737","toID":"1330773","formEdgeID":null},{"edgeID":"1745382","fromID":"1330773","toID":"1330732","formEdgeID":null},{"edgeID":"1745383","fromID":"1330745","toID":"1330774","formEdgeID":null},{"edgeID":"1745384","fromID":"1330774","toID":"1330732","formEdgeID":null},{"edgeID":"1745385","fromID":"1330728","toID":"1330775","formEdgeID":null},{"edgeID":"1745386","fromID":"1330775","toID":"1330768","formEdgeID":null},{"edgeID":"1745387","fromID":"1330768","toID":"1330776","formEdgeID":null},{"edgeID":"1745388","fromID":"1330776","toID":"1330733","formEdgeID":null},{"edgeID":"1745389","fromID":"1330733","toID":"1330777","formEdgeID":null},{"edgeID":"1745390","fromID":"1330777","toID":"1330738","formEdgeID":null},{"edgeID":"1745391","fromID":"1330733","toID":"1330778","formEdgeID":null},{"edgeID":"1745392","fromID":"1330778","toID":"1330742","formEdgeID":null},{"edgeID":"1745393","fromID":"1330781","toID":"1330780","formEdgeID":null},{"edgeID":"1745394","fromID":"1330782","toID":"1330781","formEdgeID":null},{"edgeID":"1745395","fromID":"1330780","toID":"1330783","formEdgeID":null},{"edgeID":"1745396","fromID":"1330783","toID":"1330779","formEdgeID":null},{"edgeID":"1745397","fromID":"1330786","toID":"1330785","formEdgeID":null},{"edgeID":"1745398","fromID":"1330787","toID":"1330786","formEdgeID":null},{"edgeID":"1745399","fromID":"1330785","toID":"1330788","formEdgeID":null},{"edgeID":"1745400","fromID":"1330788","toID":"1330784","formEdgeID":null},{"edgeID":"1745401","fromID":"1330791","toID":"1330790","formEdgeID":null},{"edgeID":"1745402","fromID":"1330792","toID":"1330791","formEdgeID":null},{"edgeID":"1745403","fromID":"1330790","toID":"1330793","formEdgeID":null},{"edgeID":"1745404","fromID":"1330793","toID":"1330789","formEdgeID":null},{"edgeID":"1745405","fromID":"1330796","toID":"1330795","formEdgeID":null},{"edgeID":"1745406","fromID":"1330797","toID":"1330796","formEdgeID":null},{"edgeID":"1745407","fromID":"1330795","toID":"1330798","formEdgeID":null},{"edgeID":"1745408","fromID":"1330798","toID":"1330794","formEdgeID":null},{"edgeID":"1745409","fromID":"1330801","toID":"1330800","formEdgeID":null},{"edgeID":"1745410","fromID":"1330802","toID":"1330801","formEdgeID":null},{"edgeID":"1745411","fromID":"1330800","toID":"1330803","formEdgeID":null},{"edgeID":"1745412","fromID":"1330803","toID":"1330799","formEdgeID":null},{"edgeID":"1745413","fromID":"1330806","toID":"1330805","formEdgeID":null},{"edgeID":"1745414","fromID":"1330807","toID":"1330806","formEdgeID":null},{"edgeID":"1745415","fromID":"1330805","toID":"1330808","formEdgeID":null},{"edgeID":"1745416","fromID":"1330808","toID":"1330804","formEdgeID":null},{"edgeID":"1745417","fromID":"1330811","toID":"1330810","formEdgeID":null},{"edgeID":"1745418","fromID":"1330812","toID":"1330811","formEdgeID":null},{"edgeID":"1745419","fromID":"1330810","toID":"1330813","formEdgeID":null},{"edgeID":"1745420","fromID":"1330813","toID":"1330809","formEdgeID":null},{"edgeID":"1745421","fromID":"1330816","toID":"1330815","formEdgeID":null},{"edgeID":"1745422","fromID":"1330817","toID":"1330816","formEdgeID":null},{"edgeID":"1745423","fromID":"1330815","toID":"1330818","formEdgeID":null},{"edgeID":"1745424","fromID":"1330818","toID":"1330814","formEdgeID":null},{"edgeID":"1745425","fromID":"1330821","toID":"1330820","formEdgeID":null},{"edgeID":"1745426","fromID":"1330822","toID":"1330821","formEdgeID":null},{"edgeID":"1745427","fromID":"1330820","toID":"1330823","formEdgeID":null},{"edgeID":"1745428","fromID":"1330823","toID":"1330819","formEdgeID":null},{"edgeID":"1745429","fromID":"1330826","toID":"1330825","formEdgeID":null},{"edgeID":"1745430","fromID":"1330827","toID":"1330826","formEdgeID":null},{"edgeID":"1745431","fromID":"1330825","toID":"1330828","formEdgeID":null},{"edgeID":"1745432","fromID":"1330828","toID":"1330824","formEdgeID":null},{"edgeID":"1745433","fromID":"1330831","toID":"1330830","formEdgeID":null},{"edgeID":"1745434","fromID":"1330832","toID":"1330831","formEdgeID":null},{"edgeID":"1745435","fromID":"1330830","toID":"1330833","formEdgeID":null},{"edgeID":"1745436","fromID":"1330833","toID":"1330829","formEdgeID":null},{"edgeID":"1745437","fromID":"1330742","toID":"1330834","formEdgeID":null},{"edgeID":"1745438","fromID":"1330834","toID":"1330752","formEdgeID":null},{"edgeID":"1745439","fromID":"1330756","toID":"1330835","formEdgeID":null},{"edgeID":"1745440","fromID":"1330835","toID":"1330751","formEdgeID":null},{"edgeID":"1745441","fromID":"1330752","toID":"1330836","formEdgeID":null},{"edgeID":"1745442","fromID":"1330836","toID":"1330757","formEdgeID":null},{"edgeID":"1745443","fromID":"1330761","toID":"1330837","formEdgeID":null},{"edgeID":"1745444","fromID":"1330837","toID":"1330756","formEdgeID":null},{"edgeID":"1745445","fromID":"1330757","toID":"1330838","formEdgeID":null},{"edgeID":"1745446","fromID":"1330838","toID":"1330762","formEdgeID":null},{"edgeID":"1745447","fromID":"1330762","toID":"1330839","formEdgeID":null},{"edgeID":"1745448","fromID":"1330839","toID":"1330780","formEdgeID":null},{"edgeID":"1745449","fromID":"1330780","toID":"1330840","formEdgeID":null},{"edgeID":"1745450","fromID":"1330840","toID":"1330785","formEdgeID":null},{"edgeID":"1745451","fromID":"1330785","toID":"1330841","formEdgeID":null},{"edgeID":"1745452","fromID":"1330841","toID":"1330790","formEdgeID":null},{"edgeID":"1745453","fromID":"1330794","toID":"1330842","formEdgeID":null},{"edgeID":"1745454","fromID":"1330842","toID":"1330789","formEdgeID":null},{"edgeID":"1745455","fromID":"1330790","toID":"1330843","formEdgeID":null},{"edgeID":"1745456","fromID":"1330843","toID":"1330795","formEdgeID":null},{"edgeID":"1745457","fromID":"1330795","toID":"1330844","formEdgeID":null},{"edgeID":"1745458","fromID":"1330844","toID":"1330800","formEdgeID":null},{"edgeID":"1745459","fromID":"1330804","toID":"1330845","formEdgeID":null},{"edgeID":"1745460","fromID":"1330845","toID":"1330799","formEdgeID":null},{"edgeID":"1745461","fromID":"1330800","toID":"1330846","formEdgeID":null},{"edgeID":"1745462","fromID":"1330846","toID":"1330805","formEdgeID":null},{"edgeID":"1745463","fromID":"1330810","toID":"1330847","formEdgeID":null},{"edgeID":"1745464","fromID":"1330847","toID":"1330815","formEdgeID":null},{"edgeID":"1745465","fromID":"1330814","toID":"1330848","formEdgeID":null},{"edgeID":"1745466","fromID":"1330848","toID":"1330809","formEdgeID":null},{"edgeID":"1745467","fromID":"1330815","toID":"1330849","formEdgeID":null},{"edgeID":"1745468","fromID":"1330849","toID":"1330820","formEdgeID":null},{"edgeID":"1745469","fromID":"1330722","toID":"1330850","formEdgeID":null},{"edgeID":"1745470","fromID":"1330850","toID":"1330727","formEdgeID":null},{"edgeID":"1745471","fromID":"1330766","toID":"1330851","formEdgeID":null},{"edgeID":"1745472","fromID":"1330851","toID":"1330850","formEdgeID":null},{"edgeID":"1745473","fromID":"1330767","toID":"1330852","formEdgeID":null},{"edgeID":"1745474","fromID":"1330852","toID":"1330727","formEdgeID":null},{"edgeID":"1745475","fromID":"1330776","toID":"1330853","formEdgeID":null},{"edgeID":"1745476","fromID":"1330853","toID":"1330772","formEdgeID":null},{"edgeID":"1745477","fromID":"1330777","toID":"1330854","formEdgeID":null},{"edgeID":"1745478","fromID":"1330854","toID":"1330773","formEdgeID":null},{"edgeID":"1745479","fromID":"1330778","toID":"1330855","formEdgeID":null},{"edgeID":"1745480","fromID":"1330855","toID":"1330774","formEdgeID":null},{"edgeID":"1745481","fromID":"1330836","toID":"1330856","formEdgeID":null},{"edgeID":"1745482","fromID":"1330856","toID":"1330835","formEdgeID":null},{"edgeID":"1745483","fromID":"1330838","toID":"1330857","formEdgeID":null},{"edgeID":"1745484","fromID":"1330857","toID":"1330837","formEdgeID":null},{"edgeID":"1745485","fromID":"1330752","toID":"1330858","formEdgeID":null},{"edgeID":"1745486","fromID":"1330858","toID":"1330780","formEdgeID":null},{"edgeID":"1745487","fromID":"1330789","toID":"1330859","formEdgeID":null},{"edgeID":"1745488","fromID":"1330859","toID":"1330727","formEdgeID":null},{"edgeID":"1745489","fromID":"1330728","toID":"1330860","formEdgeID":null},{"edgeID":"1745490","fromID":"1330860","toID":"1330790","formEdgeID":null},{"edgeID":"1745491","fromID":"1330860","toID":"1330861","formEdgeID":null},{"edgeID":"1745492","fromID":"1330861","toID":"1330859","formEdgeID":null},{"edgeID":"1745493","fromID":"1330843","toID":"1330862","formEdgeID":null},{"edgeID":"1745494","fromID":"1330862","toID":"1330842","formEdgeID":null},{"edgeID":"1745495","fromID":"1330805","toID":"1330863","formEdgeID":null},{"edgeID":"1745496","fromID":"1330863","toID":"1330810","formEdgeID":null},{"edgeID":"1745497","fromID":"1330847","toID":"1330864","formEdgeID":null},{"edgeID":"1745498","fromID":"1330864","toID":"1330848","formEdgeID":null},{"edgeID":"1745499","fromID":"1330820","toID":"1330865","formEdgeID":null},{"edgeID":"1745500","fromID":"1330865","toID":"1330830","formEdgeID":null},{"edgeID":"1745501","fromID":"1330825","toID":"1330865","formEdgeID":null},{"edgeID":"1745502","fromID":"1330846","toID":"1330866","formEdgeID":null},{"edgeID":"1745503","fromID":"1330866","toID":"1330845","formEdgeID":null},{"edgeID":"1745504","fromID":"1330819","toID":"1330867","formEdgeID":null},{"edgeID":"1745505","fromID":"1330867","toID":"1330804","formEdgeID":null},{"edgeID":"1745506","fromID":"1330805","toID":"1330868","formEdgeID":null},{"edgeID":"1745507","fromID":"1330868","toID":"1330820","formEdgeID":null},{"edgeID":"1745508","fromID":"1330868","toID":"1330869","formEdgeID":null},{"edgeID":"1745509","fromID":"1330869","toID":"1330867","formEdgeID":null},{"edgeID":"1745510","fromID":"1330819","toID":"1330870","formEdgeID":null},{"edgeID":"1745511","fromID":"1330870","toID":"1330814","formEdgeID":null},{"edgeID":"1745512","fromID":"1330849","toID":"1330871","formEdgeID":null},{"edgeID":"1745513","fromID":"1330871","toID":"1330870","formEdgeID":null},{"edgeID":"1745514","fromID":"1330872","toID":"1330819","formEdgeID":null},{"edgeID":"1745515","fromID":"1330824","toID":"1330872","formEdgeID":null},{"edgeID":"1745516","fromID":"1330820","toID":"1330873","formEdgeID":null},{"edgeID":"1745517","fromID":"1330873","toID":"1330825","formEdgeID":null},{"edgeID":"1745518","fromID":"1330873","toID":"1330874","formEdgeID":null},{"edgeID":"1745519","fromID":"1330874","toID":"1330872","formEdgeID":null},{"edgeID":"1745520","fromID":"1330875","toID":"1330829","formEdgeID":null},{"edgeID":"1745521","fromID":"1330819","toID":"1330875","formEdgeID":null},{"edgeID":"1745522","fromID":"1330794","toID":"1330875","formEdgeID":null},{"edgeID":"1745523","fromID":"1330865","toID":"1330876","formEdgeID":null},{"edgeID":"1745524","fromID":"1330876","toID":"1330875","formEdgeID":null},{"edgeID":"1745525","fromID":"1330775","toID":"1330877","formEdgeID":null},{"edgeID":"1745526","fromID":"1330877","toID":"1330852","formEdgeID":null}],"locutions":[]}