{"nodes":[{"nodeID":"1329823","text":"Analysing","type":"YA","timestamp":"2023-11-09 13:37:24"},{"nodeID":"1329824","text":"Anna : AudienceMember 20221006QT45: After the effects of the fiscal event on Friday","type":"L","timestamp":"2023-11-09 13:37:24"},{"nodeID":"1329825","text":"after the effects of the fiscal event on Friday,  first-time buyers will  never be able to afford a mortgage","type":"I","timestamp":"2023-11-09 13:37:25"},{"nodeID":"1329826","text":"AudienceMember 20221006QT45: After the effects of the fiscal event on Friday, will first-time buyers ever be able to afford a mortgage?","type":"L","timestamp":"2023-11-09 13:37:25"},{"nodeID":"1329827","text":"Analysing","type":"YA","timestamp":"2023-11-09 13:37:25"},{"nodeID":"1329828","text":"Anna : AudienceMember 20221006QT45: After the effects of the fiscal event on Friday, will first-time buyers ever be able to afford a mortgage?","type":"L","timestamp":"2023-11-09 13:37:25"},{"nodeID":"1329829","text":"Assertive Questioning","type":"YA","timestamp":"2023-11-09 13:37:25"},{"nodeID":"1329830","text":"being a first time-buyer does or does not apply to AudienceMember20221006QT45 personally","type":"I","timestamp":"2023-11-09 13:37:25"},{"nodeID":"1329831","text":"Fiona Bruce: does this apply to you personally?","type":"L","timestamp":"2023-11-09 13:37:25"},{"nodeID":"1329832","text":"Analysing","type":"YA","timestamp":"2023-11-09 13:37:25"},{"nodeID":"1329833","text":"Anna : Fiona Bruce: does this apply to you personally?","type":"L","timestamp":"2023-11-09 13:37:25"},{"nodeID":"1329834","text":"Pure Questioning","type":"YA","timestamp":"2023-11-09 13:37:25"},{"nodeID":"1329835","text":"AudienceMember 20221006QT46 has been saving for a house about 4 years","type":"I","timestamp":"2023-11-09 13:37:26"},{"nodeID":"1329836","text":"AudienceMember 20221006QT46:  I've been saving for about 4 years","type":"L","timestamp":"2023-11-09 13:37:26"},{"nodeID":"1329837","text":"Analysing","type":"YA","timestamp":"2023-11-09 13:37:26"},{"nodeID":"1329838","text":"Anna : AudienceMember 20221006QT46:  I've been saving for about 4 years","type":"L","timestamp":"2023-11-09 13:37:26"},{"nodeID":"1329839","text":"Asserting","type":"YA","timestamp":"2023-11-09 13:37:26"},{"nodeID":"1329840","text":"Friday was probably the nail in the coffin for AudienceMember 20221006QT46","type":"I","timestamp":"2023-11-09 13:37:27"},{"nodeID":"1329841","text":"AudienceMember 20221006QT46:  I feel like Friday was probably the nail in the coffin for me","type":"L","timestamp":"2023-11-09 13:37:27"},{"nodeID":"1329842","text":"Analysing","type":"YA","timestamp":"2023-11-09 13:37:27"},{"nodeID":"1329843","text":"Anna : AudienceMember 20221006QT46:  I feel like Friday was probably the nail in the coffin for me","type":"L","timestamp":"2023-11-09 13:37:27"},{"nodeID":"1329844","text":"Asserting","type":"YA","timestamp":"2023-11-09 13:37:27"},{"nodeID":"1329845","text":"saving money has been hard prior to that with house prices are going up","type":"I","timestamp":"2023-11-09 13:37:27"},{"nodeID":"1329846","text":"AudienceMember 20221006QT46:  It has been hard prior to that with house prices are going up","type":"L","timestamp":"2023-11-09 13:37:27"},{"nodeID":"1329847","text":"Analysing","type":"YA","timestamp":"2023-11-09 13:37:27"},{"nodeID":"1329848","text":"Anna : AudienceMember 20221006QT46:  It has been hard prior to that with house prices are going up","type":"L","timestamp":"2023-11-09 13:37:27"},{"nodeID":"1329849","text":"Asserting","type":"YA","timestamp":"2023-11-09 13:37:27"},{"nodeID":"1329850","text":"Friday was the nail in the coffin","type":"I","timestamp":"2023-11-09 13:37:28"},{"nodeID":"1329851","text":"AudienceMember 20221006QT46: but I feel like Friday was the nail in the coffin","type":"L","timestamp":"2023-11-09 13:37:28"},{"nodeID":"1329852","text":"Analysing","type":"YA","timestamp":"2023-11-09 13:37:28"},{"nodeID":"1329853","text":"Anna : AudienceMember 20221006QT46: but I feel like Friday was the nail in the coffin","type":"L","timestamp":"2023-11-09 13:37:28"},{"nodeID":"1329854","text":"Asserting","type":"YA","timestamp":"2023-11-09 13:37:28"},{"nodeID":"1329855","text":"Friday was the nail in the coffin, at least for AudienceMember 20221006QT46 in the next 2 years","type":"I","timestamp":"2023-11-09 13:37:28"},{"nodeID":"1329856","text":"AudienceMember 20221006QT46: At least for me in the next 2 years","type":"L","timestamp":"2023-11-09 13:37:28"},{"nodeID":"1329857","text":"Analysing","type":"YA","timestamp":"2023-11-09 13:37:28"},{"nodeID":"1329858","text":"Anna : AudienceMember 20221006QT46: At least for me in the next 2 years","type":"L","timestamp":"2023-11-09 13:37:28"},{"nodeID":"1329859","text":"Asserting","type":"YA","timestamp":"2023-11-09 13:37:28"},{"nodeID":"1329860","text":"Default Transition","type":"TA","timestamp":"2023-11-09 13:37:28"},{"nodeID":"1329861","text":"Default Transition","type":"TA","timestamp":"2023-11-09 13:37:28"},{"nodeID":"1329862","text":"Default Rephrase","type":"MA","timestamp":"2023-11-09 13:37:28"},{"nodeID":"1329863","text":"Default Transition","type":"TA","timestamp":"2023-11-09 13:37:28"},{"nodeID":"1329864","text":"Restating","type":"YA","timestamp":"2023-11-09 13:37:28"},{"nodeID":"1329865","text":"Default Transition","type":"TA","timestamp":"2023-11-09 13:37:28"},{"nodeID":"1329866","text":"Default Rephrase","type":"MA","timestamp":"2023-11-09 13:37:28"},{"nodeID":"1329867","text":"Default Illocuting","type":"YA","timestamp":"2023-11-09 13:37:28"},{"nodeID":"1329868","text":"Default Rephrase","type":"MA","timestamp":"2023-11-09 13:37:28"},{"nodeID":"1329869","text":"Default Transition","type":"TA","timestamp":"2023-11-09 13:37:28"},{"nodeID":"1329870","text":"Restating","type":"YA","timestamp":"2023-11-09 13:37:28"},{"nodeID":"1329871","text":"Default Inference","type":"RA","timestamp":"2023-11-09 13:37:28"},{"nodeID":"1329872","text":"Arguing","type":"YA","timestamp":"2023-11-09 13:37:28"},{"nodeID":"1329873","text":"Default Rephrase","type":"MA","timestamp":"2023-11-09 13:37:28"},{"nodeID":"1329874","text":"Default Transition","type":"TA","timestamp":"2023-11-09 13:37:28"},{"nodeID":"1329875","text":"Restating","type":"YA","timestamp":"2023-11-09 13:37:28"}],"edges":[{"edgeID":"1744281","fromID":"1329824","toID":"1329823","formEdgeID":null},{"edgeID":"1744282","fromID":"1329827","toID":"1329826","formEdgeID":null},{"edgeID":"1744283","fromID":"1329828","toID":"1329827","formEdgeID":null},{"edgeID":"1744284","fromID":"1329826","toID":"1329829","formEdgeID":null},{"edgeID":"1744285","fromID":"1329829","toID":"1329825","formEdgeID":null},{"edgeID":"1744286","fromID":"1329832","toID":"1329831","formEdgeID":null},{"edgeID":"1744287","fromID":"1329833","toID":"1329832","formEdgeID":null},{"edgeID":"1744288","fromID":"1329831","toID":"1329834","formEdgeID":null},{"edgeID":"1744289","fromID":"1329834","toID":"1329830","formEdgeID":null},{"edgeID":"1744290","fromID":"1329837","toID":"1329836","formEdgeID":null},{"edgeID":"1744291","fromID":"1329838","toID":"1329837","formEdgeID":null},{"edgeID":"1744292","fromID":"1329836","toID":"1329839","formEdgeID":null},{"edgeID":"1744293","fromID":"1329839","toID":"1329835","formEdgeID":null},{"edgeID":"1744294","fromID":"1329842","toID":"1329841","formEdgeID":null},{"edgeID":"1744295","fromID":"1329843","toID":"1329842","formEdgeID":null},{"edgeID":"1744296","fromID":"1329841","toID":"1329844","formEdgeID":null},{"edgeID":"1744297","fromID":"1329844","toID":"1329840","formEdgeID":null},{"edgeID":"1744298","fromID":"1329847","toID":"1329846","formEdgeID":null},{"edgeID":"1744299","fromID":"1329848","toID":"1329847","formEdgeID":null},{"edgeID":"1744300","fromID":"1329846","toID":"1329849","formEdgeID":null},{"edgeID":"1744301","fromID":"1329849","toID":"1329845","formEdgeID":null},{"edgeID":"1744302","fromID":"1329852","toID":"1329851","formEdgeID":null},{"edgeID":"1744303","fromID":"1329853","toID":"1329852","formEdgeID":null},{"edgeID":"1744304","fromID":"1329851","toID":"1329854","formEdgeID":null},{"edgeID":"1744305","fromID":"1329854","toID":"1329850","formEdgeID":null},{"edgeID":"1744306","fromID":"1329857","toID":"1329856","formEdgeID":null},{"edgeID":"1744307","fromID":"1329858","toID":"1329857","formEdgeID":null},{"edgeID":"1744308","fromID":"1329856","toID":"1329859","formEdgeID":null},{"edgeID":"1744309","fromID":"1329859","toID":"1329855","formEdgeID":null},{"edgeID":"1744310","fromID":"1329826","toID":"1329860","formEdgeID":null},{"edgeID":"1744311","fromID":"1329860","toID":"1329831","formEdgeID":null},{"edgeID":"1744312","fromID":"1329831","toID":"1329861","formEdgeID":null},{"edgeID":"1744313","fromID":"1329861","toID":"1329836","formEdgeID":null},{"edgeID":"1744314","fromID":"1329850","toID":"1329862","formEdgeID":null},{"edgeID":"1744315","fromID":"1329862","toID":"1329840","formEdgeID":null},{"edgeID":"1744316","fromID":"1329841","toID":"1329863","formEdgeID":null},{"edgeID":"1744317","fromID":"1329863","toID":"1329851","formEdgeID":null},{"edgeID":"1744318","fromID":"1329863","toID":"1329864","formEdgeID":null},{"edgeID":"1744319","fromID":"1329864","toID":"1329862","formEdgeID":null},{"edgeID":"1744320","fromID":"1329836","toID":"1329865","formEdgeID":null},{"edgeID":"1744321","fromID":"1329865","toID":"1329841","formEdgeID":null},{"edgeID":"1744322","fromID":"1329835","toID":"1329866","formEdgeID":null},{"edgeID":"1744323","fromID":"1329866","toID":"1329830","formEdgeID":null},{"edgeID":"1744324","fromID":"1329861","toID":"1329867","formEdgeID":null},{"edgeID":"1744325","fromID":"1329867","toID":"1329866","formEdgeID":null},{"edgeID":"1744326","fromID":"1329855","toID":"1329868","formEdgeID":null},{"edgeID":"1744327","fromID":"1329868","toID":"1329850","formEdgeID":null},{"edgeID":"1744328","fromID":"1329851","toID":"1329869","formEdgeID":null},{"edgeID":"1744329","fromID":"1329869","toID":"1329856","formEdgeID":null},{"edgeID":"1744330","fromID":"1329869","toID":"1329870","formEdgeID":null},{"edgeID":"1744331","fromID":"1329870","toID":"1329868","formEdgeID":null},{"edgeID":"1744332","fromID":"1329840","toID":"1329871","formEdgeID":null},{"edgeID":"1744333","fromID":"1329871","toID":"1329825","formEdgeID":null},{"edgeID":"1744334","fromID":"1329865","toID":"1329872","formEdgeID":null},{"edgeID":"1744335","fromID":"1329872","toID":"1329871","formEdgeID":null},{"edgeID":"1744336","fromID":"1329845","toID":"1329871","formEdgeID":null},{"edgeID":"1744337","fromID":"1329845","toID":"1329873","formEdgeID":null},{"edgeID":"1744338","fromID":"1329873","toID":"1329835","formEdgeID":null},{"edgeID":"1744339","fromID":"1329836","toID":"1329874","formEdgeID":null},{"edgeID":"1744340","fromID":"1329874","toID":"1329846","formEdgeID":null},{"edgeID":"1744341","fromID":"1329874","toID":"1329875","formEdgeID":null},{"edgeID":"1744342","fromID":"1329875","toID":"1329873","formEdgeID":null}],"locutions":[]}