{"nodes":[{"nodeID":"1332588","text":"Analysing","type":"YA","timestamp":"2023-11-09 13:41:10"},{"nodeID":"1332589","text":"Louise: Paul Scully: In terms of the mortgage. I was looking at an interview","type":"L","timestamp":"2023-11-09 13:41:10"},{"nodeID":"1332590","text":"AudienceMember 20221006QT67's name is xxx","type":"I","timestamp":"2023-11-09 13:41:10"},{"nodeID":"1332591","text":"Fiona Bruce: What's your name","type":"L","timestamp":"2023-11-09 13:41:10"},{"nodeID":"1332592","text":"Analysing","type":"YA","timestamp":"2023-11-09 13:41:10"},{"nodeID":"1332593","text":"Louise: Fiona Bruce: What's your name","type":"L","timestamp":"2023-11-09 13:41:10"},{"nodeID":"1332594","text":"Pure Questioning","type":"YA","timestamp":"2023-11-09 13:41:10"},{"nodeID":"1332595","text":"Rabia","type":"I","timestamp":"2023-11-09 13:41:11"},{"nodeID":"1332596","text":"AudienceMember 20221006QT67: Rabia","type":"L","timestamp":"2023-11-09 13:41:11"},{"nodeID":"1332597","text":"Analysing","type":"YA","timestamp":"2023-11-09 13:41:11"},{"nodeID":"1332598","text":"Louise: AudienceMember 20221006QT67: Rabia","type":"L","timestamp":"2023-11-09 13:41:11"},{"nodeID":"1332599","text":"Asserting","type":"YA","timestamp":"2023-11-09 13:41:11"},{"nodeID":"1332600","text":"Default Rephrase","type":"MA","timestamp":"2023-11-09 13:41:11"},{"nodeID":"1332601","text":"Default Transition","type":"TA","timestamp":"2023-11-09 13:41:11"},{"nodeID":"1332602","text":"Default Illocuting","type":"YA","timestamp":"2023-11-09 13:41:11"},{"nodeID":"1332603","text":"talking about Rabia in particular","type":"I","timestamp":"2023-11-09 13:41:12"},{"nodeID":"1332604","text":"Fiona Bruce: Talking about Rabia in particular","type":"L","timestamp":"2023-11-09 13:41:12"},{"nodeID":"1332605","text":"Analysing","type":"YA","timestamp":"2023-11-09 13:41:12"},{"nodeID":"1332606","text":"Louise: Fiona Bruce: Talking about Rabia in particular","type":"L","timestamp":"2023-11-09 13:41:12"},{"nodeID":"1332607","text":"Asserting","type":"YA","timestamp":"2023-11-09 13:41:12"},{"nodeID":"1332608","text":"Rabia is there","type":"I","timestamp":"2023-11-09 13:41:12"},{"nodeID":"1332609","text":"Fiona Bruce: She is there","type":"L","timestamp":"2023-11-09 13:41:12"},{"nodeID":"1332610","text":"Analysing","type":"YA","timestamp":"2023-11-09 13:41:12"},{"nodeID":"1332611","text":"Louise: Fiona Bruce: She is there","type":"L","timestamp":"2023-11-09 13:41:12"},{"nodeID":"1332612","text":"Asserting","type":"YA","timestamp":"2023-11-09 13:41:12"},{"nodeID":"1332613","text":"Default Inference","type":"RA","timestamp":"2023-11-09 13:41:12"},{"nodeID":"1332614","text":"Default Transition","type":"TA","timestamp":"2023-11-09 13:41:12"},{"nodeID":"1332615","text":"Arguing","type":"YA","timestamp":"2023-11-09 13:41:12"},{"nodeID":"1332616","text":"Rabia could vote for Paul Scully","type":"I","timestamp":"2023-11-09 13:41:13"},{"nodeID":"1332617","text":"Fiona Bruce: She could vote for you","type":"L","timestamp":"2023-11-09 13:41:13"},{"nodeID":"1332618","text":"Analysing","type":"YA","timestamp":"2023-11-09 13:41:13"},{"nodeID":"1332619","text":"Louise: Fiona Bruce: She could vote for you","type":"L","timestamp":"2023-11-09 13:41:13"},{"nodeID":"1332620","text":"Asserting","type":"YA","timestamp":"2023-11-09 13:41:13"},{"nodeID":"1332621","text":"Default Transition","type":"TA","timestamp":"2023-11-09 13:41:13"},{"nodeID":"1332622","text":"maybe Rabia has already voted for Paul Scully","type":"I","timestamp":"2023-11-09 13:41:13"},{"nodeID":"1332623","text":"Fiona Bruce: Maybe you have already","type":"L","timestamp":"2023-11-09 13:41:13"},{"nodeID":"1332624","text":"Analysing","type":"YA","timestamp":"2023-11-09 13:41:13"},{"nodeID":"1332625","text":"Louise: Fiona Bruce: Maybe you have already","type":"L","timestamp":"2023-11-09 13:41:13"},{"nodeID":"1332626","text":"Asserting","type":"YA","timestamp":"2023-11-09 13:41:13"},{"nodeID":"1332627","text":"Default Transition","type":"TA","timestamp":"2023-11-09 13:41:13"},{"nodeID":"1332628","text":"Default Rephrase","type":"MA","timestamp":"2023-11-09 13:41:13"},{"nodeID":"1332629","text":"Restating","type":"YA","timestamp":"2023-11-09 13:41:13"},{"nodeID":"1332630","text":"the representative from the UK finance who represents lenders was speaking yesterday","type":"I","timestamp":"2023-11-09 13:41:14"},{"nodeID":"1332631","text":"Paul Scully: The representative from the UK finance who represents lenders was speaking yesterday","type":"L","timestamp":"2023-11-09 13:41:14"},{"nodeID":"1332632","text":"Analysing","type":"YA","timestamp":"2023-11-09 13:41:14"},{"nodeID":"1332633","text":"Louise: Paul Scully: The representative from the UK finance who represents lenders was speaking yesterday","type":"L","timestamp":"2023-11-09 13:41:14"},{"nodeID":"1332634","text":"Asserting","type":"YA","timestamp":"2023-11-09 13:41:14"},{"nodeID":"1332635","text":"Default Transition","type":"TA","timestamp":"2023-11-09 13:41:14"},{"nodeID":"1332636","text":"the representative from the UK finance was saying there are still more mortgage products now than there was 10 years despite the reduction","type":"I","timestamp":"2023-11-09 13:41:14"},{"nodeID":"1332637","text":"Paul Scully: he was saying there are still more mortgage products now than there was 10 years despite the reduction","type":"L","timestamp":"2023-11-09 13:41:15"},{"nodeID":"1332638","text":"Analysing","type":"YA","timestamp":"2023-11-09 13:41:15"},{"nodeID":"1332639","text":"Louise: Paul Scully: he was saying there are still more mortgage products now than there was 10 years despite the reduction","type":"L","timestamp":"2023-11-09 13:41:15"},{"nodeID":"1332640","text":"Asserting","type":"YA","timestamp":"2023-11-09 13:41:15"},{"nodeID":"1332641","text":"Default Rephrase","type":"MA","timestamp":"2023-11-09 13:41:15"},{"nodeID":"1332642","text":"Default Transition","type":"TA","timestamp":"2023-11-09 13:41:15"},{"nodeID":"1332643","text":"Restating","type":"YA","timestamp":"2023-11-09 13:41:15"},{"nodeID":"1332644","text":"there is still money around","type":"I","timestamp":"2023-11-09 13:41:15"},{"nodeID":"1332645","text":"Paul Scully: there is still money around","type":"L","timestamp":"2023-11-09 13:41:15"},{"nodeID":"1332646","text":"Analysing","type":"YA","timestamp":"2023-11-09 13:41:15"},{"nodeID":"1332647","text":"Louise: Paul Scully: there is still money around","type":"L","timestamp":"2023-11-09 13:41:15"},{"nodeID":"1332648","text":"Asserting","type":"YA","timestamp":"2023-11-09 13:41:15"},{"nodeID":"1332649","text":"Default Inference","type":"RA","timestamp":"2023-11-09 13:41:15"},{"nodeID":"1332650","text":"Default Transition","type":"TA","timestamp":"2023-11-09 13:41:15"},{"nodeID":"1332651","text":"Arguing","type":"YA","timestamp":"2023-11-09 13:41:15"},{"nodeID":"1332652","text":"Rabia is right about what she is finding at the moment","type":"I","timestamp":"2023-11-09 13:41:16"},{"nodeID":"1332653","text":"Paul Scully:  what you are finding at the moment","type":"L","timestamp":"2023-11-09 13:41:16"},{"nodeID":"1332654","text":"Analysing","type":"YA","timestamp":"2023-11-09 13:41:16"},{"nodeID":"1332655","text":"Louise: Paul Scully:  what you are finding at the moment","type":"L","timestamp":"2023-11-09 13:41:16"},{"nodeID":"1332656","text":"Asserting","type":"YA","timestamp":"2023-11-09 13:41:16"},{"nodeID":"1332657","text":"the mortgage lender, the gentleman over here, was chatting before about the constraints was right","type":"I","timestamp":"2023-11-09 13:41:16"},{"nodeID":"1332658","text":"Paul Scully: the mortgage lender, the gentleman over here, was chatting before about the constraints","type":"L","timestamp":"2023-11-09 13:41:16"},{"nodeID":"1332659","text":"Analysing","type":"YA","timestamp":"2023-11-09 13:41:16"},{"nodeID":"1332660","text":"Louise: Paul Scully: the mortgage lender, the gentleman over here, was chatting before about the constraints","type":"L","timestamp":"2023-11-09 13:41:16"},{"nodeID":"1332661","text":"Asserting","type":"YA","timestamp":"2023-11-09 13:41:16"},{"nodeID":"1332662","text":"Default Transition","type":"TA","timestamp":"2023-11-09 13:41:16"},{"nodeID":"1332663","text":"you're right","type":"I","timestamp":"2023-11-09 13:41:17"},{"nodeID":"1332664","text":"Paul Scully: you're right","type":"L","timestamp":"2023-11-09 13:41:17"},{"nodeID":"1332665","text":"Analysing","type":"YA","timestamp":"2023-11-09 13:41:17"},{"nodeID":"1332666","text":"Louise: Paul Scully: you're right","type":"L","timestamp":"2023-11-09 13:41:17"},{"nodeID":"1332667","text":"Asserting","type":"YA","timestamp":"2023-11-09 13:41:17"},{"nodeID":"1332668","text":"Analysing","type":"YA","timestamp":"2023-11-09 13:41:17"},{"nodeID":"1332669","text":"Default Rephrase","type":"MA","timestamp":"2023-11-09 13:41:17"},{"nodeID":"1332670","text":"Default Rephrase","type":"MA","timestamp":"2023-11-09 13:41:17"},{"nodeID":"1332671","text":"Restating","type":"YA","timestamp":"2023-11-09 13:41:17"},{"nodeID":"1332672","text":"Default Transition","type":"TA","timestamp":"2023-11-09 13:41:17"},{"nodeID":"1332673","text":"Restating","type":"YA","timestamp":"2023-11-09 13:41:17"},{"nodeID":"1332674","text":"what we found, if you go back to two-and-a-half years to the beginning of Covid, when we started lockdown there, lots of businesses were scrabbling around with furlough and not sure what to do with paying other people","type":"I","timestamp":"2023-11-09 13:41:17"},{"nodeID":"1332675","text":"Paul Scully: What we found, if you go back to two-and-a-half years to the beginning of Covid, when we started lockdown there, lots of businesses were scrabbling around with furlough and not sure what to do with paying other people","type":"L","timestamp":"2023-11-09 13:41:17"},{"nodeID":"1332676","text":"Analysing","type":"YA","timestamp":"2023-11-09 13:41:17"},{"nodeID":"1332677","text":"Louise: Paul Scully: What we found, if you go back to two-and-a-half years to the beginning of Covid, when we started lockdown there, lots of businesses were scrabbling around with furlough and not sure what to do with paying other people","type":"L","timestamp":"2023-11-09 13:41:17"},{"nodeID":"1332678","text":"Asserting","type":"YA","timestamp":"2023-11-09 13:41:17"},{"nodeID":"1332679","text":"Default Transition","type":"TA","timestamp":"2023-11-09 13:41:17"},{"nodeID":"1332680","text":"there was uncertainty that Karan Bilimoria was talking about","type":"I","timestamp":"2023-11-09 13:41:18"},{"nodeID":"1332681","text":"Paul Scully: There was uncertainty that Karan Bilimoria was talking about","type":"L","timestamp":"2023-11-09 13:41:18"},{"nodeID":"1332682","text":"Analysing","type":"YA","timestamp":"2023-11-09 13:41:18"},{"nodeID":"1332683","text":"Louise: Paul Scully: There was uncertainty that Karan Bilimoria was talking about","type":"L","timestamp":"2023-11-09 13:41:18"},{"nodeID":"1332684","text":"Asserting","type":"YA","timestamp":"2023-11-09 13:41:18"},{"nodeID":"1332685","text":"Default Inference","type":"RA","timestamp":"2023-11-09 13:41:18"},{"nodeID":"1332686","text":"Default Transition","type":"TA","timestamp":"2023-11-09 13:41:18"},{"nodeID":"1332687","text":"Arguing","type":"YA","timestamp":"2023-11-09 13:41:18"},{"nodeID":"1332688","text":"it was caused by a pandemic as opposed to what happened on Friday","type":"I","timestamp":"2023-11-09 13:41:19"},{"nodeID":"1332689","text":"Fiona Bruce: It was caused by a pandemic as opposed to what happened on Friday","type":"L","timestamp":"2023-11-09 13:41:19"},{"nodeID":"1332690","text":"Analysing","type":"YA","timestamp":"2023-11-09 13:41:19"},{"nodeID":"1332691","text":"Louise: Fiona Bruce: It was caused by a pandemic as opposed to what happened on Friday","type":"L","timestamp":"2023-11-09 13:41:19"},{"nodeID":"1332692","text":"Asserting","type":"YA","timestamp":"2023-11-09 13:41:19"},{"nodeID":"1332693","text":"Default Transition","type":"TA","timestamp":"2023-11-09 13:41:19"},{"nodeID":"1332694","text":"it is the uncertainty","type":"I","timestamp":"2023-11-09 13:41:19"},{"nodeID":"1332695","text":"Paul Scully: It is the uncertainty","type":"L","timestamp":"2023-11-09 13:41:19"},{"nodeID":"1332696","text":"Analysing","type":"YA","timestamp":"2023-11-09 13:41:19"},{"nodeID":"1332697","text":"Louise: Paul Scully: It is the uncertainty","type":"L","timestamp":"2023-11-09 13:41:19"},{"nodeID":"1332698","text":"Asserting","type":"YA","timestamp":"2023-11-09 13:41:19"},{"nodeID":"1332699","text":"Default Transition","type":"TA","timestamp":"2023-11-09 13:41:19"},{"nodeID":"1332700","text":"we talked about the markets and we're trying to get through this and work out what is happening","type":"I","timestamp":"2023-11-09 13:41:20"},{"nodeID":"1332701","text":"Paul Scully: We talked about the markets and we're trying to get through this and work out what is happening","type":"L","timestamp":"2023-11-09 13:41:20"},{"nodeID":"1332702","text":"Analysing","type":"YA","timestamp":"2023-11-09 13:41:20"},{"nodeID":"1332703","text":"Louise: Paul Scully: We talked about the markets and we're trying to get through this and work out what is happening","type":"L","timestamp":"2023-11-09 13:41:20"},{"nodeID":"1332704","text":"Asserting","type":"YA","timestamp":"2023-11-09 13:41:20"},{"nodeID":"1332705","text":"Default Transition","type":"TA","timestamp":"2023-11-09 13:41:20"},{"nodeID":"1332706","text":"the certainty we want to give is through first of all communicating far better, far clearer","type":"I","timestamp":"2023-11-09 13:41:20"},{"nodeID":"1332707","text":"Paul Scully: The certainty we want to give is through first of all communicating far better, far clearer","type":"L","timestamp":"2023-11-09 13:41:20"},{"nodeID":"1332708","text":"Analysing","type":"YA","timestamp":"2023-11-09 13:41:20"},{"nodeID":"1332709","text":"Louise: Paul Scully: The certainty we want to give is through first of all communicating far better, far clearer","type":"L","timestamp":"2023-11-09 13:41:20"},{"nodeID":"1332710","text":"Asserting","type":"YA","timestamp":"2023-11-09 13:41:20"},{"nodeID":"1332711","text":"Default Transition","type":"TA","timestamp":"2023-11-09 13:41:20"},{"nodeID":"1332712","text":"the answer is not to tell Rabia she is wrong","type":"I","timestamp":"2023-11-09 13:41:21"},{"nodeID":"1332713","text":"Bridget Phillipson: The answer is not to tell Rabia she is wrong","type":"L","timestamp":"2023-11-09 13:41:21"},{"nodeID":"1332714","text":"Analysing","type":"YA","timestamp":"2023-11-09 13:41:21"},{"nodeID":"1332715","text":"Louise: Bridget Phillipson: The answer is not to tell Rabia she is wrong","type":"L","timestamp":"2023-11-09 13:41:21"},{"nodeID":"1332716","text":"Asserting","type":"YA","timestamp":"2023-11-09 13:41:21"},{"nodeID":"1332717","text":"Default Transition","type":"TA","timestamp":"2023-11-09 13:41:21"},{"nodeID":"1332718","text":"the answer is to communicate it better","type":"I","timestamp":"2023-11-09 13:41:22"},{"nodeID":"1332719","text":"Bridget Phillipson: Just communicate it better","type":"L","timestamp":"2023-11-09 13:41:22"},{"nodeID":"1332720","text":"Analysing","type":"YA","timestamp":"2023-11-09 13:41:22"},{"nodeID":"1332721","text":"Louise: Bridget Phillipson: Just communicate it better","type":"L","timestamp":"2023-11-09 13:41:22"},{"nodeID":"1332722","text":"Asserting","type":"YA","timestamp":"2023-11-09 13:41:22"},{"nodeID":"1332723","text":"Default Transition","type":"TA","timestamp":"2023-11-09 13:41:22"},{"nodeID":"1332724","text":"i didn't at all","type":"I","timestamp":"2023-11-09 13:41:22"},{"nodeID":"1332725","text":"Paul Scully: I didn't at all","type":"L","timestamp":"2023-11-09 13:41:22"},{"nodeID":"1332726","text":"Analysing","type":"YA","timestamp":"2023-11-09 13:41:22"},{"nodeID":"1332727","text":"Louise: Paul Scully: I didn't at all","type":"L","timestamp":"2023-11-09 13:41:22"},{"nodeID":"1332728","text":"Asserting","type":"YA","timestamp":"2023-11-09 13:41:22"},{"nodeID":"1332729","text":"Default Transition","type":"TA","timestamp":"2023-11-09 13:41:22"},{"nodeID":"1332730","text":"Paul Scully is trying to make sure that actually we can settle down the lending market to make sure that Rabia gets a better deal","type":"I","timestamp":"2023-11-09 13:41:23"},{"nodeID":"1332731","text":"Paul Scully: I'm trying to make sure that actually we can settle down the lending market to make sure that she gets a better deal","type":"L","timestamp":"2023-11-09 13:41:23"},{"nodeID":"1332732","text":"Analysing","type":"YA","timestamp":"2023-11-09 13:41:23"},{"nodeID":"1332733","text":"Louise: Paul Scully: I'm trying to make sure that actually we can settle down the lending market to make sure that she gets a better deal","type":"L","timestamp":"2023-11-09 13:41:23"},{"nodeID":"1332734","text":"Asserting","type":"YA","timestamp":"2023-11-09 13:41:23"},{"nodeID":"1332735","text":"Default Transition","type":"TA","timestamp":"2023-11-09 13:41:23"},{"nodeID":"1332736","text":"Default Inference","type":"RA","timestamp":"2023-11-09 13:41:23"},{"nodeID":"1332737","text":"Arguing","type":"YA","timestamp":"2023-11-09 13:41:23"},{"nodeID":"1332738","text":"Default Transition","type":"TA","timestamp":"2023-11-09 13:41:23"},{"nodeID":"1332739","text":"Default Conflict","type":"CA","timestamp":"2023-11-09 13:41:23"},{"nodeID":"1332740","text":"Disagreeing","type":"YA","timestamp":"2023-11-09 13:41:23"},{"nodeID":"1332741","text":"Default Transition","type":"TA","timestamp":"2023-11-09 13:41:23"},{"nodeID":"1332742","text":"Default Rephrase","type":"MA","timestamp":"2023-11-09 13:41:23"},{"nodeID":"1332743","text":"Restating","type":"YA","timestamp":"2023-11-09 13:41:23"},{"nodeID":"1332744","text":"Default Transition","type":"TA","timestamp":"2023-11-09 13:41:23"}],"edges":[{"edgeID":"1747562","fromID":"1332589","toID":"1332588","formEdgeID":null},{"edgeID":"1747563","fromID":"1332592","toID":"1332591","formEdgeID":null},{"edgeID":"1747564","fromID":"1332593","toID":"1332592","formEdgeID":null},{"edgeID":"1747565","fromID":"1332591","toID":"1332594","formEdgeID":null},{"edgeID":"1747566","fromID":"1332594","toID":"1332590","formEdgeID":null},{"edgeID":"1747567","fromID":"1332597","toID":"1332596","formEdgeID":null},{"edgeID":"1747568","fromID":"1332598","toID":"1332597","formEdgeID":null},{"edgeID":"1747569","fromID":"1332596","toID":"1332599","formEdgeID":null},{"edgeID":"1747570","fromID":"1332599","toID":"1332595","formEdgeID":null},{"edgeID":"1747571","fromID":"1332595","toID":"1332600","formEdgeID":null},{"edgeID":"1747572","fromID":"1332600","toID":"1332590","formEdgeID":null},{"edgeID":"1747573","fromID":"1332591","toID":"1332601","formEdgeID":null},{"edgeID":"1747574","fromID":"1332601","toID":"1332596","formEdgeID":null},{"edgeID":"1747575","fromID":"1332601","toID":"1332602","formEdgeID":null},{"edgeID":"1747576","fromID":"1332602","toID":"1332600","formEdgeID":null},{"edgeID":"1747577","fromID":"1332605","toID":"1332604","formEdgeID":null},{"edgeID":"1747578","fromID":"1332606","toID":"1332605","formEdgeID":null},{"edgeID":"1747579","fromID":"1332604","toID":"1332607","formEdgeID":null},{"edgeID":"1747580","fromID":"1332607","toID":"1332603","formEdgeID":null},{"edgeID":"1747581","fromID":"1332610","toID":"1332609","formEdgeID":null},{"edgeID":"1747582","fromID":"1332611","toID":"1332610","formEdgeID":null},{"edgeID":"1747583","fromID":"1332609","toID":"1332612","formEdgeID":null},{"edgeID":"1747584","fromID":"1332612","toID":"1332608","formEdgeID":null},{"edgeID":"1747585","fromID":"1332608","toID":"1332613","formEdgeID":null},{"edgeID":"1747586","fromID":"1332613","toID":"1332603","formEdgeID":null},{"edgeID":"1747587","fromID":"1332604","toID":"1332614","formEdgeID":null},{"edgeID":"1747588","fromID":"1332614","toID":"1332609","formEdgeID":null},{"edgeID":"1747589","fromID":"1332614","toID":"1332615","formEdgeID":null},{"edgeID":"1747590","fromID":"1332615","toID":"1332613","formEdgeID":null},{"edgeID":"1747591","fromID":"1332618","toID":"1332617","formEdgeID":null},{"edgeID":"1747592","fromID":"1332619","toID":"1332618","formEdgeID":null},{"edgeID":"1747593","fromID":"1332617","toID":"1332620","formEdgeID":null},{"edgeID":"1747594","fromID":"1332620","toID":"1332616","formEdgeID":null},{"edgeID":"1747595","fromID":"1332609","toID":"1332621","formEdgeID":null},{"edgeID":"1747596","fromID":"1332621","toID":"1332617","formEdgeID":null},{"edgeID":"1747597","fromID":"1332616","toID":"1332613","formEdgeID":null},{"edgeID":"1747598","fromID":"1332624","toID":"1332623","formEdgeID":null},{"edgeID":"1747599","fromID":"1332625","toID":"1332624","formEdgeID":null},{"edgeID":"1747600","fromID":"1332623","toID":"1332626","formEdgeID":null},{"edgeID":"1747601","fromID":"1332626","toID":"1332622","formEdgeID":null},{"edgeID":"1747602","fromID":"1332617","toID":"1332627","formEdgeID":null},{"edgeID":"1747603","fromID":"1332627","toID":"1332623","formEdgeID":null},{"edgeID":"1747604","fromID":"1332622","toID":"1332628","formEdgeID":null},{"edgeID":"1747605","fromID":"1332628","toID":"1332616","formEdgeID":null},{"edgeID":"1747606","fromID":"1332627","toID":"1332629","formEdgeID":null},{"edgeID":"1747607","fromID":"1332629","toID":"1332628","formEdgeID":null},{"edgeID":"1747608","fromID":"1332632","toID":"1332631","formEdgeID":null},{"edgeID":"1747609","fromID":"1332633","toID":"1332632","formEdgeID":null},{"edgeID":"1747610","fromID":"1332631","toID":"1332634","formEdgeID":null},{"edgeID":"1747611","fromID":"1332634","toID":"1332630","formEdgeID":null},{"edgeID":"1747612","fromID":"1332623","toID":"1332635","formEdgeID":null},{"edgeID":"1747613","fromID":"1332635","toID":"1332631","formEdgeID":null},{"edgeID":"1747614","fromID":"1332638","toID":"1332637","formEdgeID":null},{"edgeID":"1747615","fromID":"1332639","toID":"1332638","formEdgeID":null},{"edgeID":"1747616","fromID":"1332637","toID":"1332640","formEdgeID":null},{"edgeID":"1747617","fromID":"1332640","toID":"1332636","formEdgeID":null},{"edgeID":"1747618","fromID":"1332636","toID":"1332641","formEdgeID":null},{"edgeID":"1747619","fromID":"1332641","toID":"1332630","formEdgeID":null},{"edgeID":"1747620","fromID":"1332631","toID":"1332642","formEdgeID":null},{"edgeID":"1747621","fromID":"1332642","toID":"1332637","formEdgeID":null},{"edgeID":"1747622","fromID":"1332642","toID":"1332643","formEdgeID":null},{"edgeID":"1747623","fromID":"1332643","toID":"1332641","formEdgeID":null},{"edgeID":"1747624","fromID":"1332646","toID":"1332645","formEdgeID":null},{"edgeID":"1747625","fromID":"1332647","toID":"1332646","formEdgeID":null},{"edgeID":"1747626","fromID":"1332645","toID":"1332648","formEdgeID":null},{"edgeID":"1747627","fromID":"1332648","toID":"1332644","formEdgeID":null},{"edgeID":"1747628","fromID":"1332636","toID":"1332649","formEdgeID":null},{"edgeID":"1747629","fromID":"1332649","toID":"1332644","formEdgeID":null},{"edgeID":"1747630","fromID":"1332637","toID":"1332650","formEdgeID":null},{"edgeID":"1747631","fromID":"1332650","toID":"1332645","formEdgeID":null},{"edgeID":"1747632","fromID":"1332650","toID":"1332651","formEdgeID":null},{"edgeID":"1747633","fromID":"1332651","toID":"1332649","formEdgeID":null},{"edgeID":"1747634","fromID":"1332654","toID":"1332653","formEdgeID":null},{"edgeID":"1747635","fromID":"1332655","toID":"1332654","formEdgeID":null},{"edgeID":"1747636","fromID":"1332653","toID":"1332656","formEdgeID":null},{"edgeID":"1747637","fromID":"1332656","toID":"1332652","formEdgeID":null},{"edgeID":"1747638","fromID":"1332659","toID":"1332658","formEdgeID":null},{"edgeID":"1747639","fromID":"1332660","toID":"1332659","formEdgeID":null},{"edgeID":"1747640","fromID":"1332658","toID":"1332661","formEdgeID":null},{"edgeID":"1747641","fromID":"1332661","toID":"1332657","formEdgeID":null},{"edgeID":"1747642","fromID":"1332653","toID":"1332662","formEdgeID":null},{"edgeID":"1747643","fromID":"1332662","toID":"1332658","formEdgeID":null},{"edgeID":"1747644","fromID":"1332665","toID":"1332664","formEdgeID":null},{"edgeID":"1747645","fromID":"1332666","toID":"1332665","formEdgeID":null},{"edgeID":"1747646","fromID":"1332664","toID":"1332667","formEdgeID":null},{"edgeID":"1747647","fromID":"1332667","toID":"1332663","formEdgeID":null},{"edgeID":"1747648","fromID":"1332668","toID":"1332664","formEdgeID":null},{"edgeID":"1747649","fromID":"1332666","toID":"1332668","formEdgeID":null},{"edgeID":"1747650","fromID":"1332652","toID":"1332669","formEdgeID":null},{"edgeID":"1747651","fromID":"1332669","toID":"1332663","formEdgeID":null},{"edgeID":"1747652","fromID":"1332657","toID":"1332670","formEdgeID":null},{"edgeID":"1747653","fromID":"1332670","toID":"1332663","formEdgeID":null},{"edgeID":"1747654","fromID":"1332662","toID":"1332671","formEdgeID":null},{"edgeID":"1747655","fromID":"1332671","toID":"1332670","formEdgeID":null},{"edgeID":"1747656","fromID":"1332664","toID":"1332672","formEdgeID":null},{"edgeID":"1747657","fromID":"1332672","toID":"1332664","formEdgeID":null},{"edgeID":"1747658","fromID":"1332664","toID":"1332673","formEdgeID":null},{"edgeID":"1747659","fromID":"1332673","toID":"1332663","formEdgeID":null},{"edgeID":"1747660","fromID":"1332676","toID":"1332675","formEdgeID":null},{"edgeID":"1747661","fromID":"1332677","toID":"1332676","formEdgeID":null},{"edgeID":"1747662","fromID":"1332675","toID":"1332678","formEdgeID":null},{"edgeID":"1747663","fromID":"1332678","toID":"1332674","formEdgeID":null},{"edgeID":"1747664","fromID":"1332658","toID":"1332679","formEdgeID":null},{"edgeID":"1747665","fromID":"1332679","toID":"1332675","formEdgeID":null},{"edgeID":"1747666","fromID":"1332682","toID":"1332681","formEdgeID":null},{"edgeID":"1747667","fromID":"1332683","toID":"1332682","formEdgeID":null},{"edgeID":"1747668","fromID":"1332681","toID":"1332684","formEdgeID":null},{"edgeID":"1747669","fromID":"1332684","toID":"1332680","formEdgeID":null},{"edgeID":"1747670","fromID":"1332674","toID":"1332685","formEdgeID":null},{"edgeID":"1747671","fromID":"1332685","toID":"1332680","formEdgeID":null},{"edgeID":"1747672","fromID":"1332675","toID":"1332686","formEdgeID":null},{"edgeID":"1747673","fromID":"1332686","toID":"1332681","formEdgeID":null},{"edgeID":"1747674","fromID":"1332686","toID":"1332687","formEdgeID":null},{"edgeID":"1747675","fromID":"1332687","toID":"1332685","formEdgeID":null},{"edgeID":"1747676","fromID":"1332690","toID":"1332689","formEdgeID":null},{"edgeID":"1747677","fromID":"1332691","toID":"1332690","formEdgeID":null},{"edgeID":"1747678","fromID":"1332689","toID":"1332692","formEdgeID":null},{"edgeID":"1747679","fromID":"1332692","toID":"1332688","formEdgeID":null},{"edgeID":"1747680","fromID":"1332681","toID":"1332693","formEdgeID":null},{"edgeID":"1747681","fromID":"1332693","toID":"1332689","formEdgeID":null},{"edgeID":"1747682","fromID":"1332696","toID":"1332695","formEdgeID":null},{"edgeID":"1747683","fromID":"1332697","toID":"1332696","formEdgeID":null},{"edgeID":"1747684","fromID":"1332695","toID":"1332698","formEdgeID":null},{"edgeID":"1747685","fromID":"1332698","toID":"1332694","formEdgeID":null},{"edgeID":"1747686","fromID":"1332689","toID":"1332699","formEdgeID":null},{"edgeID":"1747687","fromID":"1332699","toID":"1332695","formEdgeID":null},{"edgeID":"1747688","fromID":"1332702","toID":"1332701","formEdgeID":null},{"edgeID":"1747689","fromID":"1332703","toID":"1332702","formEdgeID":null},{"edgeID":"1747690","fromID":"1332701","toID":"1332704","formEdgeID":null},{"edgeID":"1747691","fromID":"1332704","toID":"1332700","formEdgeID":null},{"edgeID":"1747692","fromID":"1332695","toID":"1332705","formEdgeID":null},{"edgeID":"1747693","fromID":"1332705","toID":"1332701","formEdgeID":null},{"edgeID":"1747694","fromID":"1332708","toID":"1332707","formEdgeID":null},{"edgeID":"1747695","fromID":"1332709","toID":"1332708","formEdgeID":null},{"edgeID":"1747696","fromID":"1332707","toID":"1332710","formEdgeID":null},{"edgeID":"1747697","fromID":"1332710","toID":"1332706","formEdgeID":null},{"edgeID":"1747698","fromID":"1332701","toID":"1332711","formEdgeID":null},{"edgeID":"1747699","fromID":"1332711","toID":"1332707","formEdgeID":null},{"edgeID":"1747700","fromID":"1332714","toID":"1332713","formEdgeID":null},{"edgeID":"1747701","fromID":"1332715","toID":"1332714","formEdgeID":null},{"edgeID":"1747702","fromID":"1332713","toID":"1332716","formEdgeID":null},{"edgeID":"1747703","fromID":"1332716","toID":"1332712","formEdgeID":null},{"edgeID":"1747704","fromID":"1332707","toID":"1332717","formEdgeID":null},{"edgeID":"1747705","fromID":"1332717","toID":"1332713","formEdgeID":null},{"edgeID":"1747706","fromID":"1332720","toID":"1332719","formEdgeID":null},{"edgeID":"1747707","fromID":"1332721","toID":"1332720","formEdgeID":null},{"edgeID":"1747708","fromID":"1332719","toID":"1332722","formEdgeID":null},{"edgeID":"1747709","fromID":"1332722","toID":"1332718","formEdgeID":null},{"edgeID":"1747710","fromID":"1332713","toID":"1332723","formEdgeID":null},{"edgeID":"1747711","fromID":"1332723","toID":"1332719","formEdgeID":null},{"edgeID":"1747712","fromID":"1332726","toID":"1332725","formEdgeID":null},{"edgeID":"1747713","fromID":"1332727","toID":"1332726","formEdgeID":null},{"edgeID":"1747714","fromID":"1332725","toID":"1332728","formEdgeID":null},{"edgeID":"1747715","fromID":"1332728","toID":"1332724","formEdgeID":null},{"edgeID":"1747716","fromID":"1332719","toID":"1332729","formEdgeID":null},{"edgeID":"1747717","fromID":"1332729","toID":"1332725","formEdgeID":null},{"edgeID":"1747718","fromID":"1332732","toID":"1332731","formEdgeID":null},{"edgeID":"1747719","fromID":"1332733","toID":"1332732","formEdgeID":null},{"edgeID":"1747720","fromID":"1332731","toID":"1332734","formEdgeID":null},{"edgeID":"1747721","fromID":"1332734","toID":"1332730","formEdgeID":null},{"edgeID":"1747722","fromID":"1332725","toID":"1332735","formEdgeID":null},{"edgeID":"1747723","fromID":"1332735","toID":"1332731","formEdgeID":null},{"edgeID":"1747724","fromID":"1332730","toID":"1332736","formEdgeID":null},{"edgeID":"1747725","fromID":"1332736","toID":"1332700","formEdgeID":null},{"edgeID":"1747726","fromID":"1332735","toID":"1332737","formEdgeID":null},{"edgeID":"1747727","fromID":"1332737","toID":"1332736","formEdgeID":null},{"edgeID":"1747728","fromID":"1332645","toID":"1332738","formEdgeID":null},{"edgeID":"1747729","fromID":"1332738","toID":"1332664","formEdgeID":null},{"edgeID":"1747730","fromID":"1332724","toID":"1332739","formEdgeID":null},{"edgeID":"1747731","fromID":"1332739","toID":"1332712","formEdgeID":null},{"edgeID":"1747732","fromID":"1332729","toID":"1332740","formEdgeID":null},{"edgeID":"1747733","fromID":"1332740","toID":"1332739","formEdgeID":null},{"edgeID":"1747734","fromID":"1332664","toID":"1332741","formEdgeID":null},{"edgeID":"1747735","fromID":"1332741","toID":"1332653","formEdgeID":null},{"edgeID":"1747736","fromID":"1332718","toID":"1332742","formEdgeID":null},{"edgeID":"1747737","fromID":"1332742","toID":"1332712","formEdgeID":null},{"edgeID":"1747738","fromID":"1332723","toID":"1332743","formEdgeID":null},{"edgeID":"1747739","fromID":"1332743","toID":"1332742","formEdgeID":null},{"edgeID":"1747740","fromID":"1332596","toID":"1332744","formEdgeID":null},{"edgeID":"1747741","fromID":"1332744","toID":"1332604","formEdgeID":null}],"locutions":[]}