{"nodes":[{"nodeID":"1330165","text":"we have a sluggish global economy","type":"I","timestamp":"2023-11-09 13:37:53"},{"nodeID":"1330166","text":"Anon: Paul Scully: We have a sluggish global economy","type":"L","timestamp":"2023-11-09 13:37:53"},{"nodeID":"1330167","text":"Paul Scully: We have a sluggish global economy","type":"L","timestamp":"2023-11-09 13:37:53"},{"nodeID":"1330168","text":"Analysing","type":"YA","timestamp":"2023-11-09 13:37:53"},{"nodeID":"1330169","text":"Asserting","type":"YA","timestamp":"2023-11-09 13:37:53"},{"nodeID":"1330170","text":"with economy growth not just slow here, but around the western world","type":"I","timestamp":"2023-11-09 13:37:53"},{"nodeID":"1330171","text":"Anon: Paul Scully: with growth not just slow here, but around the western world","type":"L","timestamp":"2023-11-09 13:37:53"},{"nodeID":"1330172","text":"Analysing","type":"YA","timestamp":"2023-11-09 13:37:53"},{"nodeID":"1330173","text":"Paul Scully: with growth not just slow here, but around the western world","type":"L","timestamp":"2023-11-09 13:37:53"},{"nodeID":"1330174","text":"Asserting","type":"YA","timestamp":"2023-11-09 13:37:53"},{"nodeID":"1330175","text":"let's have Karan Bilimoria join the discussion","type":"I","timestamp":"2023-11-09 13:37:54"},{"nodeID":"1330176","text":"Analysing","type":"YA","timestamp":"2023-11-09 13:37:54"},{"nodeID":"1330177","text":"Fiona Bruce: Karan, let's have you with your hat on","type":"L","timestamp":"2023-11-09 13:37:54"},{"nodeID":"1330178","text":"Anon: Fiona Bruce: Karan, let's have you with your hat on","type":"L","timestamp":"2023-11-09 13:37:54"},{"nodeID":"1330179","text":"Asserting","type":"YA","timestamp":"2023-11-09 13:37:54"},{"nodeID":"1330180","text":"Karan Bilimoria is a co-founder of a huge and very successful beer company","type":"I","timestamp":"2023-11-09 13:37:55"},{"nodeID":"1330181","text":"Analysing","type":"YA","timestamp":"2023-11-09 13:37:55"},{"nodeID":"1330182","text":"Fiona Bruce: as not only a co-founder of a huge and very successful beer company","type":"L","timestamp":"2023-11-09 13:37:55"},{"nodeID":"1330183","text":"Anon: Fiona Bruce: as not only a co-founder of a huge and very successful beer company","type":"L","timestamp":"2023-11-09 13:37:55"},{"nodeID":"1330184","text":"Asserting","type":"YA","timestamp":"2023-11-09 13:37:55"},{"nodeID":"1330185","text":"Karan Bilimoria represents 200,000 UK businesses","type":"I","timestamp":"2023-11-09 13:37:55"},{"nodeID":"1330186","text":"Analysing","type":"YA","timestamp":"2023-11-09 13:37:55"},{"nodeID":"1330187","text":"Fiona Bruce: representing 200,000 UK businesses","type":"L","timestamp":"2023-11-09 13:37:55"},{"nodeID":"1330188","text":"Anon: Fiona Bruce: representing 200,000 UK businesses","type":"L","timestamp":"2023-11-09 13:37:55"},{"nodeID":"1330189","text":"Asserting","type":"YA","timestamp":"2023-11-09 13:37:55"},{"nodeID":"1330190","text":"Default Transition","type":"TA","timestamp":"2023-11-09 13:37:55"},{"nodeID":"1330191","text":"Default Rephrase","type":"MA","timestamp":"2023-11-09 13:37:55"},{"nodeID":"1330192","text":"Restating","type":"YA","timestamp":"2023-11-09 13:37:55"},{"nodeID":"1330193","text":"Default Transition","type":"TA","timestamp":"2023-11-09 13:37:55"},{"nodeID":"1330194","text":"Default Inference","type":"RA","timestamp":"2023-11-09 13:37:55"},{"nodeID":"1330195","text":"Default Transition","type":"TA","timestamp":"2023-11-09 13:37:55"},{"nodeID":"1330196","text":"Arguing","type":"YA","timestamp":"2023-11-09 13:37:55"},{"nodeID":"1330197","text":"the financial crisis was mentioned","type":"I","timestamp":"2023-11-09 13:37:56"},{"nodeID":"1330198","text":"Analysing","type":"YA","timestamp":"2023-11-09 13:37:56"},{"nodeID":"1330199","text":"Karan Bilimoria: The financial crisis was mentioned","type":"L","timestamp":"2023-11-09 13:37:56"},{"nodeID":"1330200","text":"Anon: Karan Bilimoria: The financial crisis was mentioned","type":"L","timestamp":"2023-11-09 13:37:56"},{"nodeID":"1330201","text":"Asserting","type":"YA","timestamp":"2023-11-09 13:37:56"},{"nodeID":"1330202","text":"let's put the financial crisis in context","type":"I","timestamp":"2023-11-09 13:37:56"},{"nodeID":"1330203","text":"Analysing","type":"YA","timestamp":"2023-11-09 13:37:56"},{"nodeID":"1330204","text":"Anon: Karan Bilimoria: Let's put this in context","type":"L","timestamp":"2023-11-09 13:37:56"},{"nodeID":"1330205","text":"Karan Bilimoria: Let's put this in context","type":"L","timestamp":"2023-11-09 13:37:56"},{"nodeID":"1330206","text":"Asserting","type":"YA","timestamp":"2023-11-09 13:37:56"},{"nodeID":"1330207","text":"we've not been doing well as an economy at all","type":"I","timestamp":"2023-11-09 13:37:57"},{"nodeID":"1330208","text":"Anon: Karan Bilimoria: We've not been doing well as an economy at all","type":"L","timestamp":"2023-11-09 13:37:57"},{"nodeID":"1330209","text":"Analysing","type":"YA","timestamp":"2023-11-09 13:37:57"},{"nodeID":"1330210","text":"Karan Bilimoria: We've not been doing well as an economy at all","type":"L","timestamp":"2023-11-09 13:37:57"},{"nodeID":"1330211","text":"Asserting","type":"YA","timestamp":"2023-11-09 13:37:57"},{"nodeID":"1330212","text":"Default Transition","type":"TA","timestamp":"2023-11-09 13:37:57"},{"nodeID":"1330213","text":"Default Transition","type":"TA","timestamp":"2023-11-09 13:37:57"},{"nodeID":"1330214","text":"xxx happens after the financial crisis","type":"I","timestamp":"2023-11-09 13:37:58"},{"nodeID":"1330215","text":"Analysing","type":"YA","timestamp":"2023-11-09 13:37:58"},{"nodeID":"1330216","text":"Anon: Karan Bilimoria: Then what happens","type":"L","timestamp":"2023-11-09 13:37:58"},{"nodeID":"1330217","text":"Karan Bilimoria: Then what happens","type":"L","timestamp":"2023-11-09 13:37:58"},{"nodeID":"1330218","text":"Rhetorical Questioning","type":"YA","timestamp":"2023-11-09 13:37:58"},{"nodeID":"1330219","text":"Default Transition","type":"TA","timestamp":"2023-11-09 13:37:58"},{"nodeID":"1330220","text":"from 2016 onwards, we have one uncertainty after the other","type":"I","timestamp":"2023-11-09 13:37:58"},{"nodeID":"1330221","text":"Analysing","type":"YA","timestamp":"2023-11-09 13:37:58"},{"nodeID":"1330222","text":"Karan Bilimoria: from 2016 onwards, we have one uncertainty after the other","type":"L","timestamp":"2023-11-09 13:37:58"},{"nodeID":"1330223","text":"Anon: Karan Bilimoria: from 2016 onwards, we have one uncertainty after the other","type":"L","timestamp":"2023-11-09 13:37:58"},{"nodeID":"1330224","text":"Default Transition","type":"TA","timestamp":"2023-11-09 13:37:58"},{"nodeID":"1330225","text":"Asserting","type":"YA","timestamp":"2023-11-09 13:37:58"},{"nodeID":"1330226","text":"Default Rephrase","type":"MA","timestamp":"2023-11-09 13:37:58"},{"nodeID":"1330227","text":"Default Illocuting","type":"YA","timestamp":"2023-11-09 13:37:58"},{"nodeID":"1330228","text":"the word that's bigger than any other is uncertainty","type":"I","timestamp":"2023-11-09 13:37:59"},{"nodeID":"1330229","text":"Karan Bilimoria: The word that's bigger than any other is uncertainty","type":"L","timestamp":"2023-11-09 13:37:59"},{"nodeID":"1330230","text":"Analysing","type":"YA","timestamp":"2023-11-09 13:37:59"},{"nodeID":"1330231","text":"Anon: Karan Bilimoria: The word that's bigger than any other is uncertainty","type":"L","timestamp":"2023-11-09 13:37:59"},{"nodeID":"1330232","text":"Asserting","type":"YA","timestamp":"2023-11-09 13:37:59"},{"nodeID":"1330233","text":"Default Transition","type":"TA","timestamp":"2023-11-09 13:37:59"},{"nodeID":"1330234","text":"Default Rephrase","type":"MA","timestamp":"2023-11-09 13:37:59"},{"nodeID":"1330235","text":"Restating","type":"YA","timestamp":"2023-11-09 13:37:59"},{"nodeID":"1330236","text":"as a business, xxx is how much can you deal with for a prolonged period of time","type":"I","timestamp":"2023-11-09 13:37:59"},{"nodeID":"1330237","text":"Karan Bilimoria: As a business, how much can you deal with for a prolonged period of time","type":"L","timestamp":"2023-11-09 13:37:59"},{"nodeID":"1330238","text":"Anon: Karan Bilimoria: As a business, how much can you deal with for a prolonged period of time","type":"L","timestamp":"2023-11-09 13:37:59"},{"nodeID":"1330239","text":"Analysing","type":"YA","timestamp":"2023-11-09 13:37:59"},{"nodeID":"1330240","text":"Rhetorical Questioning","type":"YA","timestamp":"2023-11-09 13:37:59"},{"nodeID":"1330241","text":"the Government was really good in helping us during the pandemic","type":"I","timestamp":"2023-11-09 13:38:00"},{"nodeID":"1330242","text":"Anon: Karan Bilimoria:  The Government was really good in helping us during the pandemic","type":"L","timestamp":"2023-11-09 13:38:00"},{"nodeID":"1330243","text":"Karan Bilimoria:  The Government was really good in helping us during the pandemic","type":"L","timestamp":"2023-11-09 13:38:00"},{"nodeID":"1330244","text":"Analysing","type":"YA","timestamp":"2023-11-09 13:38:00"},{"nodeID":"1330245","text":"Asserting","type":"YA","timestamp":"2023-11-09 13:38:00"},{"nodeID":"1330246","text":"Default Transition","type":"TA","timestamp":"2023-11-09 13:38:00"},{"nodeID":"1330247","text":"the Government helped us with \u00a3400 billion during the pandemic","type":"I","timestamp":"2023-11-09 13:38:01"},{"nodeID":"1330248","text":"Analysing","type":"YA","timestamp":"2023-11-09 13:38:01"},{"nodeID":"1330249","text":"Karan Bilimoria: \u00a3400 billion","type":"L","timestamp":"2023-11-09 13:38:01"},{"nodeID":"1330250","text":"Anon: Karan Bilimoria: \u00a3400 billion","type":"L","timestamp":"2023-11-09 13:38:01"},{"nodeID":"1330251","text":"Asserting","type":"YA","timestamp":"2023-11-09 13:38:01"},{"nodeID":"1330252","text":"Default Transition","type":"TA","timestamp":"2023-11-09 13:38:01"},{"nodeID":"1330253","text":"Default Inference","type":"RA","timestamp":"2023-11-09 13:38:01"},{"nodeID":"1330254","text":"Arguing","type":"YA","timestamp":"2023-11-09 13:38:01"},{"nodeID":"1330255","text":"now you talk about uncosted tax cuts","type":"I","timestamp":"2023-11-09 13:38:01"},{"nodeID":"1330256","text":"Analysing","type":"YA","timestamp":"2023-11-09 13:38:01"},{"nodeID":"1330257","text":"Anon: Karan Bilimoria: Now you talk about uncosted tax cuts","type":"L","timestamp":"2023-11-09 13:38:01"},{"nodeID":"1330258","text":"Karan Bilimoria: Now you talk about uncosted tax cuts","type":"L","timestamp":"2023-11-09 13:38:01"},{"nodeID":"1330259","text":"Asserting","type":"YA","timestamp":"2023-11-09 13:38:01"},{"nodeID":"1330260","text":"Default Transition","type":"TA","timestamp":"2023-11-09 13:38:01"},{"nodeID":"1330261","text":"nobody questioned the uncosted \u00a3400 during the pandemic because we needed it to save jobs, to save the economy, to save businesses, to save our country","type":"I","timestamp":"2023-11-09 13:38:02"},{"nodeID":"1330262","text":"Analysing","type":"YA","timestamp":"2023-11-09 13:38:02"},{"nodeID":"1330263","text":"Karan Bilimoria: Nobody questioned it because we needed it to save jobs, to save the economy, to save businesses, to save our country","type":"L","timestamp":"2023-11-09 13:38:02"},{"nodeID":"1330264","text":"Anon: Karan Bilimoria: Nobody questioned it because we needed it to save jobs, to save the economy, to save businesses, to save our country","type":"L","timestamp":"2023-11-09 13:38:02"},{"nodeID":"1330265","text":"Asserting","type":"YA","timestamp":"2023-11-09 13:38:02"},{"nodeID":"1330266","text":"the Government reaction was one of the best in the world","type":"I","timestamp":"2023-11-09 13:38:02"},{"nodeID":"1330267","text":"Karan Bilimoria: it was one of the best in the world","type":"L","timestamp":"2023-11-09 13:38:02"},{"nodeID":"1330268","text":"Anon: Karan Bilimoria: it was one of the best in the world","type":"L","timestamp":"2023-11-09 13:38:02"},{"nodeID":"1330269","text":"Analysing","type":"YA","timestamp":"2023-11-09 13:38:02"},{"nodeID":"1330270","text":"Asserting","type":"YA","timestamp":"2023-11-09 13:38:02"},{"nodeID":"1330271","text":"Default Transition","type":"TA","timestamp":"2023-11-09 13:38:02"},{"nodeID":"1330272","text":"Default Inference","type":"RA","timestamp":"2023-11-09 13:38:02"},{"nodeID":"1330273","text":"Arguing","type":"YA","timestamp":"2023-11-09 13:38:02"},{"nodeID":"1330274","text":"the pandemic finished in February","type":"I","timestamp":"2023-11-09 13:38:03"},{"nodeID":"1330275","text":"Analysing","type":"YA","timestamp":"2023-11-09 13:38:03"},{"nodeID":"1330276","text":"Anon: Karan Bilimoria: the pandemic finished in February","type":"L","timestamp":"2023-11-09 13:38:03"},{"nodeID":"1330277","text":"Karan Bilimoria: the pandemic finished in February","type":"L","timestamp":"2023-11-09 13:38:03"},{"nodeID":"1330278","text":"Asserting","type":"YA","timestamp":"2023-11-09 13:38:03"},{"nodeID":"1330279","text":"suddenly you say we can't help anymore","type":"I","timestamp":"2023-11-09 13:38:04"},{"nodeID":"1330280","text":"Analysing","type":"YA","timestamp":"2023-11-09 13:38:04"},{"nodeID":"1330281","text":"Karan Bilimoria: suddenly you say we can't help anymore","type":"L","timestamp":"2023-11-09 13:38:04"},{"nodeID":"1330282","text":"Anon: Karan Bilimoria: suddenly you say we can't help anymore","type":"L","timestamp":"2023-11-09 13:38:04"},{"nodeID":"1330283","text":"Asserting","type":"YA","timestamp":"2023-11-09 13:38:04"},{"nodeID":"1330284","text":"the crisis hasn't stopped","type":"I","timestamp":"2023-11-09 13:38:04"},{"nodeID":"1330285","text":"Karan Bilimoria: the crisis hasn't stopped","type":"L","timestamp":"2023-11-09 13:38:04"},{"nodeID":"1330286","text":"Analysing","type":"YA","timestamp":"2023-11-09 13:38:04"},{"nodeID":"1330287","text":"Anon: Karan Bilimoria: the crisis hasn't stopped","type":"L","timestamp":"2023-11-09 13:38:04"},{"nodeID":"1330288","text":"Asserting","type":"YA","timestamp":"2023-11-09 13:38:04"},{"nodeID":"1330289","text":"Default Transition","type":"TA","timestamp":"2023-11-09 13:38:04"},{"nodeID":"1330290","text":"Default Inference","type":"RA","timestamp":"2023-11-09 13:38:04"},{"nodeID":"1330291","text":"Arguing","type":"YA","timestamp":"2023-11-09 13:38:04"},{"nodeID":"1330292","text":"Default Conflict","type":"CA","timestamp":"2023-11-09 13:38:04"},{"nodeID":"1330293","text":"Default Transition","type":"TA","timestamp":"2023-11-09 13:38:04"},{"nodeID":"1330294","text":"Disagreeing","type":"YA","timestamp":"2023-11-09 13:38:04"},{"nodeID":"1330295","text":"Default Conflict","type":"CA","timestamp":"2023-11-09 13:38:04"},{"nodeID":"1330296","text":"Default Transition","type":"TA","timestamp":"2023-11-09 13:38:04"},{"nodeID":"1330297","text":"Disagreeing","type":"YA","timestamp":"2023-11-09 13:38:04"},{"nodeID":"1330298","text":"Default Inference","type":"RA","timestamp":"2023-11-09 13:38:04"},{"nodeID":"1330299","text":"Arguing","type":"YA","timestamp":"2023-11-09 13:38:04"},{"nodeID":"1330300","text":"at the time of the financial crisis, before then, we had growth of about 2.5% a year as a country","type":"I","timestamp":"2023-11-09 13:38:05"},{"nodeID":"1330301","text":"Karan Bilimoria: At the time of the financial crisis, before then, we had growth of about 2.5% a year as a country","type":"L","timestamp":"2023-11-09 13:38:05"},{"nodeID":"1330302","text":"Anon: Karan Bilimoria: At the time of the financial crisis, before then, we had growth of about 2.5% a year as a country","type":"L","timestamp":"2023-11-09 13:38:05"},{"nodeID":"1330303","text":"Analysing","type":"YA","timestamp":"2023-11-09 13:38:05"},{"nodeID":"1330304","text":"Asserting","type":"YA","timestamp":"2023-11-09 13:38:05"},{"nodeID":"1330305","text":"at the time of the financial crisis we had interest rates that were about 5%","type":"I","timestamp":"2023-11-09 13:38:05"},{"nodeID":"1330306","text":"Karan Bilimoria: We had interest rates that were about 5%","type":"L","timestamp":"2023-11-09 13:38:05"},{"nodeID":"1330307","text":"Analysing","type":"YA","timestamp":"2023-11-09 13:38:05"},{"nodeID":"1330308","text":"Anon: Karan Bilimoria: We had interest rates that were about 5%","type":"L","timestamp":"2023-11-09 13:38:05"},{"nodeID":"1330309","text":"Asserting","type":"YA","timestamp":"2023-11-09 13:38:05"},{"nodeID":"1330310","text":"Default Transition","type":"TA","timestamp":"2023-11-09 13:38:05"},{"nodeID":"1330311","text":"Default Transition","type":"TA","timestamp":"2023-11-09 13:38:05"},{"nodeID":"1330312","text":"after the financial crisis, 13 years ago, 14 years, interest rates have been at zero for all these years and we've had flatlining of growth","type":"I","timestamp":"2023-11-09 13:38:06"},{"nodeID":"1330313","text":"Analysing","type":"YA","timestamp":"2023-11-09 13:38:06"},{"nodeID":"1330314","text":"Anon: Karan Bilimoria: After the financial crisis, 13 years ago, 14 years, interest rates have been at zero for all these years and we've had flatlining of growth","type":"L","timestamp":"2023-11-09 13:38:06"},{"nodeID":"1330315","text":"Karan Bilimoria: After the financial crisis, 13 years ago, 14 years, interest rates have been at zero for all these years and we've had flatlining of growth","type":"L","timestamp":"2023-11-09 13:38:06"},{"nodeID":"1330316","text":"Asserting","type":"YA","timestamp":"2023-11-09 13:38:06"},{"nodeID":"1330317","text":"after the financial crisis we've had flatlining of productivity","type":"I","timestamp":"2023-11-09 13:38:06"},{"nodeID":"1330318","text":"Karan Bilimoria: We've had flatlining of productivity","type":"L","timestamp":"2023-11-09 13:38:06"},{"nodeID":"1330319","text":"Anon: Karan Bilimoria: We've had flatlining of productivity","type":"L","timestamp":"2023-11-09 13:38:06"},{"nodeID":"1330320","text":"Analysing","type":"YA","timestamp":"2023-11-09 13:38:06"},{"nodeID":"1330321","text":"Asserting","type":"YA","timestamp":"2023-11-09 13:38:06"},{"nodeID":"1330322","text":"Default Inference","type":"RA","timestamp":"2023-11-09 13:38:06"},{"nodeID":"1330323","text":"Default Transition","type":"TA","timestamp":"2023-11-09 13:38:06"},{"nodeID":"1330324","text":"Arguing","type":"YA","timestamp":"2023-11-09 13:38:06"},{"nodeID":"1330325","text":"Default Conflict","type":"CA","timestamp":"2023-11-09 13:38:06"},{"nodeID":"1330326","text":"Default Transition","type":"TA","timestamp":"2023-11-09 13:38:07"},{"nodeID":"1330327","text":"Disagreeing","type":"YA","timestamp":"2023-11-09 13:38:07"},{"nodeID":"1330328","text":"we have got the Northern Ireland protocol and the pandemic","type":"I","timestamp":"2023-11-09 13:38:07"},{"nodeID":"1330329","text":"Anon: Karan Bilimoria: We have got the Northern Ireland protocol and the pandemic","type":"L","timestamp":"2023-11-09 13:38:07"},{"nodeID":"1330330","text":"Analysing","type":"YA","timestamp":"2023-11-09 13:38:07"},{"nodeID":"1330331","text":"Karan Bilimoria: We have got the Northern Ireland protocol and the pandemic","type":"L","timestamp":"2023-11-09 13:38:07"},{"nodeID":"1330332","text":"Asserting","type":"YA","timestamp":"2023-11-09 13:38:07"},{"nodeID":"1330333","text":"you have the Ukraine war and then you have energy costs","type":"I","timestamp":"2023-11-09 13:38:08"},{"nodeID":"1330334","text":"Karan Bilimoria: Then you have the Ukraine war and then you have energy costs","type":"L","timestamp":"2023-11-09 13:38:08"},{"nodeID":"1330335","text":"Analysing","type":"YA","timestamp":"2023-11-09 13:38:08"},{"nodeID":"1330336","text":"Anon: Karan Bilimoria: Then you have the Ukraine war and then you have energy costs","type":"L","timestamp":"2023-11-09 13:38:08"},{"nodeID":"1330337","text":"Asserting","type":"YA","timestamp":"2023-11-09 13:38:08"},{"nodeID":"1330338","text":"you have inflation","type":"I","timestamp":"2023-11-09 13:38:08"},{"nodeID":"1330339","text":"Karan Bilimoria: you have inflation","type":"L","timestamp":"2023-11-09 13:38:08"},{"nodeID":"1330340","text":"Anon: Karan Bilimoria: you have inflation","type":"L","timestamp":"2023-11-09 13:38:08"},{"nodeID":"1330341","text":"Analysing","type":"YA","timestamp":"2023-11-09 13:38:08"},{"nodeID":"1330342","text":"Asserting","type":"YA","timestamp":"2023-11-09 13:38:08"},{"nodeID":"1330343","text":"it is just one thing after another","type":"I","timestamp":"2023-11-09 13:38:09"},{"nodeID":"1330344","text":"Karan Bilimoria: it is just one thing after another","type":"L","timestamp":"2023-11-09 13:38:09"},{"nodeID":"1330345","text":"Anon: Karan Bilimoria: it is just one thing after another","type":"L","timestamp":"2023-11-09 13:38:09"},{"nodeID":"1330346","text":"Analysing","type":"YA","timestamp":"2023-11-09 13:38:09"},{"nodeID":"1330347","text":"Asserting","type":"YA","timestamp":"2023-11-09 13:38:09"},{"nodeID":"1330348","text":"Default Inference","type":"RA","timestamp":"2023-11-09 13:38:09"},{"nodeID":"1330349","text":"Default Transition","type":"TA","timestamp":"2023-11-09 13:38:09"},{"nodeID":"1330350","text":"Arguing","type":"YA","timestamp":"2023-11-09 13:38:09"},{"nodeID":"1330351","text":"Default Transition","type":"TA","timestamp":"2023-11-09 13:38:09"},{"nodeID":"1330352","text":"Default Rephrase","type":"MA","timestamp":"2023-11-09 13:38:09"},{"nodeID":"1330353","text":"Restating","type":"YA","timestamp":"2023-11-09 13:38:09"},{"nodeID":"1330354","text":"400\u00a3 for the pandemic was uncosted","type":"I","timestamp":"2023-11-09 13:38:09"},{"nodeID":"1330355","text":"Karan Bilimoria: That was uncosted","type":"L","timestamp":"2023-11-09 13:38:09"},{"nodeID":"1330356","text":"Analysing","type":"YA","timestamp":"2023-11-09 13:38:09"},{"nodeID":"1330357","text":"Anon: Karan Bilimoria: That was uncosted","type":"L","timestamp":"2023-11-09 13:38:09"},{"nodeID":"1330358","text":"Asserting","type":"YA","timestamp":"2023-11-09 13:38:09"},{"nodeID":"1330359","text":"400\u00a3 for the pandemic had to be borrowed","type":"I","timestamp":"2023-11-09 13:38:10"},{"nodeID":"1330360","text":"Karan Bilimoria: That had to be borrowed","type":"L","timestamp":"2023-11-09 13:38:10"},{"nodeID":"1330361","text":"Analysing","type":"YA","timestamp":"2023-11-09 13:38:10"},{"nodeID":"1330362","text":"Anon: Karan Bilimoria: That had to be borrowed","type":"L","timestamp":"2023-11-09 13:38:10"},{"nodeID":"1330363","text":"Asserting","type":"YA","timestamp":"2023-11-09 13:38:10"},{"nodeID":"1330364","text":"Default Transition","type":"TA","timestamp":"2023-11-09 13:38:10"},{"nodeID":"1330365","text":"Default Rephrase","type":"MA","timestamp":"2023-11-09 13:38:10"},{"nodeID":"1330366","text":"Restating","type":"YA","timestamp":"2023-11-09 13:38:10"},{"nodeID":"1330367","text":"Default Transition","type":"TA","timestamp":"2023-11-09 13:38:10"},{"nodeID":"1330368","text":"Default Conflict","type":"CA","timestamp":"2023-11-09 13:38:10"},{"nodeID":"1330369","text":"Default Transition","type":"TA","timestamp":"2023-11-09 13:38:10"},{"nodeID":"1330370","text":"Disagreeing","type":"YA","timestamp":"2023-11-09 13:38:10"}],"edges":[{"edgeID":"1744685","fromID":"1330166","toID":"1330168","formEdgeID":null},{"edgeID":"1744686","fromID":"1330168","toID":"1330167","formEdgeID":null},{"edgeID":"1744687","fromID":"1330169","toID":"1330165","formEdgeID":null},{"edgeID":"1744688","fromID":"1330167","toID":"1330169","formEdgeID":null},{"edgeID":"1744689","fromID":"1330172","toID":"1330173","formEdgeID":null},{"edgeID":"1744690","fromID":"1330171","toID":"1330172","formEdgeID":null},{"edgeID":"1744691","fromID":"1330174","toID":"1330170","formEdgeID":null},{"edgeID":"1744692","fromID":"1330173","toID":"1330174","formEdgeID":null},{"edgeID":"1744693","fromID":"1330178","toID":"1330176","formEdgeID":null},{"edgeID":"1744694","fromID":"1330176","toID":"1330177","formEdgeID":null},{"edgeID":"1744695","fromID":"1330179","toID":"1330175","formEdgeID":null},{"edgeID":"1744696","fromID":"1330177","toID":"1330179","formEdgeID":null},{"edgeID":"1744697","fromID":"1330181","toID":"1330182","formEdgeID":null},{"edgeID":"1744698","fromID":"1330183","toID":"1330181","formEdgeID":null},{"edgeID":"1744699","fromID":"1330184","toID":"1330180","formEdgeID":null},{"edgeID":"1744700","fromID":"1330182","toID":"1330184","formEdgeID":null},{"edgeID":"1744701","fromID":"1330188","toID":"1330186","formEdgeID":null},{"edgeID":"1744702","fromID":"1330186","toID":"1330187","formEdgeID":null},{"edgeID":"1744703","fromID":"1330187","toID":"1330189","formEdgeID":null},{"edgeID":"1744704","fromID":"1330189","toID":"1330185","formEdgeID":null},{"edgeID":"1744705","fromID":"1330167","toID":"1330190","formEdgeID":null},{"edgeID":"1744706","fromID":"1330190","toID":"1330173","formEdgeID":null},{"edgeID":"1744707","fromID":"1330170","toID":"1330191","formEdgeID":null},{"edgeID":"1744708","fromID":"1330191","toID":"1330165","formEdgeID":null},{"edgeID":"1744709","fromID":"1330192","toID":"1330191","formEdgeID":null},{"edgeID":"1744710","fromID":"1330190","toID":"1330192","formEdgeID":null},{"edgeID":"1744711","fromID":"1330193","toID":"1330177","formEdgeID":null},{"edgeID":"1744712","fromID":"1330173","toID":"1330193","formEdgeID":null},{"edgeID":"1744713","fromID":"1330194","toID":"1330175","formEdgeID":null},{"edgeID":"1744714","fromID":"1330180","toID":"1330194","formEdgeID":null},{"edgeID":"1744715","fromID":"1330185","toID":"1330194","formEdgeID":null},{"edgeID":"1744716","fromID":"1330195","toID":"1330182","formEdgeID":null},{"edgeID":"1744717","fromID":"1330177","toID":"1330195","formEdgeID":null},{"edgeID":"1744718","fromID":"1330195","toID":"1330187","formEdgeID":null},{"edgeID":"1744719","fromID":"1330196","toID":"1330194","formEdgeID":null},{"edgeID":"1744720","fromID":"1330195","toID":"1330196","formEdgeID":null},{"edgeID":"1744721","fromID":"1330198","toID":"1330199","formEdgeID":null},{"edgeID":"1744722","fromID":"1330200","toID":"1330198","formEdgeID":null},{"edgeID":"1744723","fromID":"1330199","toID":"1330201","formEdgeID":null},{"edgeID":"1744724","fromID":"1330201","toID":"1330197","formEdgeID":null},{"edgeID":"1744725","fromID":"1330203","toID":"1330205","formEdgeID":null},{"edgeID":"1744726","fromID":"1330204","toID":"1330203","formEdgeID":null},{"edgeID":"1744727","fromID":"1330206","toID":"1330202","formEdgeID":null},{"edgeID":"1744728","fromID":"1330205","toID":"1330206","formEdgeID":null},{"edgeID":"1744729","fromID":"1330209","toID":"1330210","formEdgeID":null},{"edgeID":"1744730","fromID":"1330208","toID":"1330209","formEdgeID":null},{"edgeID":"1744731","fromID":"1330211","toID":"1330207","formEdgeID":null},{"edgeID":"1744732","fromID":"1330210","toID":"1330211","formEdgeID":null},{"edgeID":"1744733","fromID":"1330187","toID":"1330212","formEdgeID":null},{"edgeID":"1744734","fromID":"1330212","toID":"1330199","formEdgeID":null},{"edgeID":"1744735","fromID":"1330199","toID":"1330213","formEdgeID":null},{"edgeID":"1744736","fromID":"1330213","toID":"1330205","formEdgeID":null},{"edgeID":"1744737","fromID":"1330216","toID":"1330215","formEdgeID":null},{"edgeID":"1744738","fromID":"1330215","toID":"1330217","formEdgeID":null},{"edgeID":"1744739","fromID":"1330218","toID":"1330214","formEdgeID":null},{"edgeID":"1744740","fromID":"1330217","toID":"1330218","formEdgeID":null},{"edgeID":"1744741","fromID":"1330210","toID":"1330219","formEdgeID":null},{"edgeID":"1744742","fromID":"1330219","toID":"1330217","formEdgeID":null},{"edgeID":"1744743","fromID":"1330223","toID":"1330221","formEdgeID":null},{"edgeID":"1744744","fromID":"1330221","toID":"1330222","formEdgeID":null},{"edgeID":"1744745","fromID":"1330222","toID":"1330225","formEdgeID":null},{"edgeID":"1744746","fromID":"1330225","toID":"1330220","formEdgeID":null},{"edgeID":"1744747","fromID":"1330224","toID":"1330222","formEdgeID":null},{"edgeID":"1744748","fromID":"1330217","toID":"1330224","formEdgeID":null},{"edgeID":"1744749","fromID":"1330220","toID":"1330226","formEdgeID":null},{"edgeID":"1744750","fromID":"1330226","toID":"1330214","formEdgeID":null},{"edgeID":"1744751","fromID":"1330224","toID":"1330227","formEdgeID":null},{"edgeID":"1744752","fromID":"1330227","toID":"1330226","formEdgeID":null},{"edgeID":"1744753","fromID":"1330230","toID":"1330229","formEdgeID":null},{"edgeID":"1744754","fromID":"1330231","toID":"1330230","formEdgeID":null},{"edgeID":"1744755","fromID":"1330229","toID":"1330232","formEdgeID":null},{"edgeID":"1744756","fromID":"1330232","toID":"1330228","formEdgeID":null},{"edgeID":"1744757","fromID":"1330222","toID":"1330233","formEdgeID":null},{"edgeID":"1744758","fromID":"1330233","toID":"1330229","formEdgeID":null},{"edgeID":"1744759","fromID":"1330228","toID":"1330234","formEdgeID":null},{"edgeID":"1744760","fromID":"1330234","toID":"1330220","formEdgeID":null},{"edgeID":"1744761","fromID":"1330235","toID":"1330234","formEdgeID":null},{"edgeID":"1744762","fromID":"1330233","toID":"1330235","formEdgeID":null},{"edgeID":"1744763","fromID":"1330238","toID":"1330239","formEdgeID":null},{"edgeID":"1744764","fromID":"1330239","toID":"1330237","formEdgeID":null},{"edgeID":"1744765","fromID":"1330237","toID":"1330240","formEdgeID":null},{"edgeID":"1744766","fromID":"1330240","toID":"1330236","formEdgeID":null},{"edgeID":"1744767","fromID":"1330244","toID":"1330243","formEdgeID":null},{"edgeID":"1744768","fromID":"1330242","toID":"1330244","formEdgeID":null},{"edgeID":"1744769","fromID":"1330245","toID":"1330241","formEdgeID":null},{"edgeID":"1744770","fromID":"1330243","toID":"1330245","formEdgeID":null},{"edgeID":"1744771","fromID":"1330246","toID":"1330243","formEdgeID":null},{"edgeID":"1744772","fromID":"1330237","toID":"1330246","formEdgeID":null},{"edgeID":"1744773","fromID":"1330248","toID":"1330249","formEdgeID":null},{"edgeID":"1744774","fromID":"1330250","toID":"1330248","formEdgeID":null},{"edgeID":"1744775","fromID":"1330249","toID":"1330251","formEdgeID":null},{"edgeID":"1744776","fromID":"1330251","toID":"1330247","formEdgeID":null},{"edgeID":"1744777","fromID":"1330252","toID":"1330249","formEdgeID":null},{"edgeID":"1744778","fromID":"1330243","toID":"1330252","formEdgeID":null},{"edgeID":"1744779","fromID":"1330253","toID":"1330241","formEdgeID":null},{"edgeID":"1744780","fromID":"1330247","toID":"1330253","formEdgeID":null},{"edgeID":"1744781","fromID":"1330252","toID":"1330254","formEdgeID":null},{"edgeID":"1744782","fromID":"1330254","toID":"1330253","formEdgeID":null},{"edgeID":"1744783","fromID":"1330256","toID":"1330258","formEdgeID":null},{"edgeID":"1744784","fromID":"1330257","toID":"1330256","formEdgeID":null},{"edgeID":"1744785","fromID":"1330258","toID":"1330259","formEdgeID":null},{"edgeID":"1744786","fromID":"1330259","toID":"1330255","formEdgeID":null},{"edgeID":"1744787","fromID":"1330249","toID":"1330260","formEdgeID":null},{"edgeID":"1744788","fromID":"1330260","toID":"1330258","formEdgeID":null},{"edgeID":"1744789","fromID":"1330264","toID":"1330262","formEdgeID":null},{"edgeID":"1744790","fromID":"1330262","toID":"1330263","formEdgeID":null},{"edgeID":"1744791","fromID":"1330263","toID":"1330265","formEdgeID":null},{"edgeID":"1744792","fromID":"1330265","toID":"1330261","formEdgeID":null},{"edgeID":"1744793","fromID":"1330269","toID":"1330267","formEdgeID":null},{"edgeID":"1744794","fromID":"1330268","toID":"1330269","formEdgeID":null},{"edgeID":"1744795","fromID":"1330270","toID":"1330266","formEdgeID":null},{"edgeID":"1744796","fromID":"1330267","toID":"1330270","formEdgeID":null},{"edgeID":"1744797","fromID":"1330271","toID":"1330267","formEdgeID":null},{"edgeID":"1744798","fromID":"1330263","toID":"1330271","formEdgeID":null},{"edgeID":"1744799","fromID":"1330261","toID":"1330272","formEdgeID":null},{"edgeID":"1744800","fromID":"1330272","toID":"1330266","formEdgeID":null},{"edgeID":"1744801","fromID":"1330271","toID":"1330273","formEdgeID":null},{"edgeID":"1744802","fromID":"1330273","toID":"1330272","formEdgeID":null},{"edgeID":"1744803","fromID":"1330275","toID":"1330277","formEdgeID":null},{"edgeID":"1744804","fromID":"1330276","toID":"1330275","formEdgeID":null},{"edgeID":"1744805","fromID":"1330277","toID":"1330278","formEdgeID":null},{"edgeID":"1744806","fromID":"1330278","toID":"1330274","formEdgeID":null},{"edgeID":"1744807","fromID":"1330280","toID":"1330281","formEdgeID":null},{"edgeID":"1744808","fromID":"1330282","toID":"1330280","formEdgeID":null},{"edgeID":"1744809","fromID":"1330281","toID":"1330283","formEdgeID":null},{"edgeID":"1744810","fromID":"1330283","toID":"1330279","formEdgeID":null},{"edgeID":"1744811","fromID":"1330286","toID":"1330285","formEdgeID":null},{"edgeID":"1744812","fromID":"1330287","toID":"1330286","formEdgeID":null},{"edgeID":"1744813","fromID":"1330288","toID":"1330284","formEdgeID":null},{"edgeID":"1744814","fromID":"1330285","toID":"1330288","formEdgeID":null},{"edgeID":"1744815","fromID":"1330289","toID":"1330281","formEdgeID":null},{"edgeID":"1744816","fromID":"1330277","toID":"1330289","formEdgeID":null},{"edgeID":"1744817","fromID":"1330290","toID":"1330279","formEdgeID":null},{"edgeID":"1744818","fromID":"1330274","toID":"1330290","formEdgeID":null},{"edgeID":"1744819","fromID":"1330291","toID":"1330290","formEdgeID":null},{"edgeID":"1744820","fromID":"1330289","toID":"1330291","formEdgeID":null},{"edgeID":"1744821","fromID":"1330292","toID":"1330274","formEdgeID":null},{"edgeID":"1744822","fromID":"1330284","toID":"1330292","formEdgeID":null},{"edgeID":"1744823","fromID":"1330293","toID":"1330285","formEdgeID":null},{"edgeID":"1744824","fromID":"1330277","toID":"1330293","formEdgeID":null},{"edgeID":"1744825","fromID":"1330294","toID":"1330292","formEdgeID":null},{"edgeID":"1744826","fromID":"1330293","toID":"1330294","formEdgeID":null},{"edgeID":"1744827","fromID":"1330279","toID":"1330295","formEdgeID":null},{"edgeID":"1744828","fromID":"1330295","toID":"1330266","formEdgeID":null},{"edgeID":"1744829","fromID":"1330267","toID":"1330296","formEdgeID":null},{"edgeID":"1744830","fromID":"1330296","toID":"1330281","formEdgeID":null},{"edgeID":"1744831","fromID":"1330297","toID":"1330295","formEdgeID":null},{"edgeID":"1744832","fromID":"1330296","toID":"1330297","formEdgeID":null},{"edgeID":"1744833","fromID":"1330298","toID":"1330202","formEdgeID":null},{"edgeID":"1744834","fromID":"1330197","toID":"1330298","formEdgeID":null},{"edgeID":"1744835","fromID":"1330299","toID":"1330298","formEdgeID":null},{"edgeID":"1744836","fromID":"1330213","toID":"1330299","formEdgeID":null},{"edgeID":"1744837","fromID":"1330303","toID":"1330301","formEdgeID":null},{"edgeID":"1744838","fromID":"1330302","toID":"1330303","formEdgeID":null},{"edgeID":"1744839","fromID":"1330304","toID":"1330300","formEdgeID":null},{"edgeID":"1744840","fromID":"1330301","toID":"1330304","formEdgeID":null},{"edgeID":"1744841","fromID":"1330307","toID":"1330306","formEdgeID":null},{"edgeID":"1744842","fromID":"1330308","toID":"1330307","formEdgeID":null},{"edgeID":"1744843","fromID":"1330306","toID":"1330309","formEdgeID":null},{"edgeID":"1744844","fromID":"1330309","toID":"1330305","formEdgeID":null},{"edgeID":"1744845","fromID":"1330205","toID":"1330310","formEdgeID":null},{"edgeID":"1744846","fromID":"1330310","toID":"1330301","formEdgeID":null},{"edgeID":"1744847","fromID":"1330311","toID":"1330306","formEdgeID":null},{"edgeID":"1744848","fromID":"1330301","toID":"1330311","formEdgeID":null},{"edgeID":"1744849","fromID":"1330313","toID":"1330315","formEdgeID":null},{"edgeID":"1744850","fromID":"1330314","toID":"1330313","formEdgeID":null},{"edgeID":"1744851","fromID":"1330316","toID":"1330312","formEdgeID":null},{"edgeID":"1744852","fromID":"1330315","toID":"1330316","formEdgeID":null},{"edgeID":"1744853","fromID":"1330320","toID":"1330318","formEdgeID":null},{"edgeID":"1744854","fromID":"1330319","toID":"1330320","formEdgeID":null},{"edgeID":"1744855","fromID":"1330318","toID":"1330321","formEdgeID":null},{"edgeID":"1744856","fromID":"1330321","toID":"1330317","formEdgeID":null},{"edgeID":"1744857","fromID":"1330312","toID":"1330322","formEdgeID":null},{"edgeID":"1744858","fromID":"1330322","toID":"1330207","formEdgeID":null},{"edgeID":"1744859","fromID":"1330317","toID":"1330322","formEdgeID":null},{"edgeID":"1744860","fromID":"1330315","toID":"1330323","formEdgeID":null},{"edgeID":"1744861","fromID":"1330323","toID":"1330210","formEdgeID":null},{"edgeID":"1744862","fromID":"1330318","toID":"1330323","formEdgeID":null},{"edgeID":"1744863","fromID":"1330323","toID":"1330324","formEdgeID":null},{"edgeID":"1744864","fromID":"1330324","toID":"1330322","formEdgeID":null},{"edgeID":"1744865","fromID":"1330312","toID":"1330325","formEdgeID":null},{"edgeID":"1744866","fromID":"1330325","toID":"1330300","formEdgeID":null},{"edgeID":"1744867","fromID":"1330301","toID":"1330326","formEdgeID":null},{"edgeID":"1744868","fromID":"1330326","toID":"1330315","formEdgeID":null},{"edgeID":"1744869","fromID":"1330326","toID":"1330327","formEdgeID":null},{"edgeID":"1744870","fromID":"1330327","toID":"1330325","formEdgeID":null},{"edgeID":"1744871","fromID":"1330329","toID":"1330330","formEdgeID":null},{"edgeID":"1744872","fromID":"1330330","toID":"1330331","formEdgeID":null},{"edgeID":"1744873","fromID":"1330331","toID":"1330332","formEdgeID":null},{"edgeID":"1744874","fromID":"1330332","toID":"1330328","formEdgeID":null},{"edgeID":"1744875","fromID":"1330336","toID":"1330335","formEdgeID":null},{"edgeID":"1744876","fromID":"1330335","toID":"1330334","formEdgeID":null},{"edgeID":"1744877","fromID":"1330334","toID":"1330337","formEdgeID":null},{"edgeID":"1744878","fromID":"1330337","toID":"1330333","formEdgeID":null},{"edgeID":"1744879","fromID":"1330340","toID":"1330341","formEdgeID":null},{"edgeID":"1744880","fromID":"1330341","toID":"1330339","formEdgeID":null},{"edgeID":"1744881","fromID":"1330342","toID":"1330338","formEdgeID":null},{"edgeID":"1744882","fromID":"1330339","toID":"1330342","formEdgeID":null},{"edgeID":"1744883","fromID":"1330345","toID":"1330346","formEdgeID":null},{"edgeID":"1744884","fromID":"1330346","toID":"1330344","formEdgeID":null},{"edgeID":"1744885","fromID":"1330347","toID":"1330343","formEdgeID":null},{"edgeID":"1744886","fromID":"1330344","toID":"1330347","formEdgeID":null},{"edgeID":"1744887","fromID":"1330328","toID":"1330348","formEdgeID":null},{"edgeID":"1744888","fromID":"1330348","toID":"1330228","formEdgeID":null},{"edgeID":"1744889","fromID":"1330333","toID":"1330348","formEdgeID":null},{"edgeID":"1744890","fromID":"1330338","toID":"1330348","formEdgeID":null},{"edgeID":"1744891","fromID":"1330229","toID":"1330349","formEdgeID":null},{"edgeID":"1744892","fromID":"1330349","toID":"1330339","formEdgeID":null},{"edgeID":"1744893","fromID":"1330331","toID":"1330349","formEdgeID":null},{"edgeID":"1744894","fromID":"1330334","toID":"1330349","formEdgeID":null},{"edgeID":"1744895","fromID":"1330350","toID":"1330348","formEdgeID":null},{"edgeID":"1744896","fromID":"1330349","toID":"1330350","formEdgeID":null},{"edgeID":"1744897","fromID":"1330351","toID":"1330344","formEdgeID":null},{"edgeID":"1744898","fromID":"1330229","toID":"1330351","formEdgeID":null},{"edgeID":"1744899","fromID":"1330343","toID":"1330352","formEdgeID":null},{"edgeID":"1744900","fromID":"1330352","toID":"1330228","formEdgeID":null},{"edgeID":"1744901","fromID":"1330351","toID":"1330353","formEdgeID":null},{"edgeID":"1744902","fromID":"1330353","toID":"1330352","formEdgeID":null},{"edgeID":"1744903","fromID":"1330356","toID":"1330355","formEdgeID":null},{"edgeID":"1744904","fromID":"1330357","toID":"1330356","formEdgeID":null},{"edgeID":"1744905","fromID":"1330355","toID":"1330358","formEdgeID":null},{"edgeID":"1744906","fromID":"1330358","toID":"1330354","formEdgeID":null},{"edgeID":"1744907","fromID":"1330361","toID":"1330360","formEdgeID":null},{"edgeID":"1744908","fromID":"1330362","toID":"1330361","formEdgeID":null},{"edgeID":"1744909","fromID":"1330360","toID":"1330363","formEdgeID":null},{"edgeID":"1744910","fromID":"1330363","toID":"1330359","formEdgeID":null},{"edgeID":"1744911","fromID":"1330355","toID":"1330364","formEdgeID":null},{"edgeID":"1744912","fromID":"1330364","toID":"1330360","formEdgeID":null},{"edgeID":"1744913","fromID":"1330359","toID":"1330365","formEdgeID":null},{"edgeID":"1744914","fromID":"1330365","toID":"1330354","formEdgeID":null},{"edgeID":"1744915","fromID":"1330364","toID":"1330366","formEdgeID":null},{"edgeID":"1744916","fromID":"1330366","toID":"1330365","formEdgeID":null},{"edgeID":"1744917","fromID":"1330360","toID":"1330367","formEdgeID":null},{"edgeID":"1744918","fromID":"1330367","toID":"1330263","formEdgeID":null},{"edgeID":"1744919","fromID":"1330354","toID":"1330368","formEdgeID":null},{"edgeID":"1744920","fromID":"1330368","toID":"1330247","formEdgeID":null},{"edgeID":"1744921","fromID":"1330249","toID":"1330369","formEdgeID":null},{"edgeID":"1744922","fromID":"1330369","toID":"1330355","formEdgeID":null},{"edgeID":"1744923","fromID":"1330369","toID":"1330370","formEdgeID":null},{"edgeID":"1744924","fromID":"1330370","toID":"1330368","formEdgeID":null}],"locutions":[]}