{"nodes":[{"nodeID":"1329484","text":"Paul Scully is not happy about the way things have gone since Friday","type":"I","timestamp":"2023-11-09 13:36:56"},{"nodeID":"1329485","text":"Paul Scully: No","type":"L","timestamp":"2023-11-09 13:36:56"},{"nodeID":"1329486","text":"Analysing","type":"YA","timestamp":"2023-11-09 13:36:56"},{"nodeID":"1329487","text":"Calum: Paul Scully: No","type":"L","timestamp":"2023-11-09 13:36:56"},{"nodeID":"1329488","text":"Asserting","type":"YA","timestamp":"2023-11-09 13:36:56"},{"nodeID":"1329489","text":"Analysing","type":"YA","timestamp":"2023-11-09 13:36:56"},{"nodeID":"1329490","text":"Default Transition","type":"TA","timestamp":"2023-11-09 13:36:56"},{"nodeID":"1329491","text":"the speed of what has happened and the speed of response is very different from in 2008","type":"I","timestamp":"2023-11-09 13:36:57"},{"nodeID":"1329492","text":"Paul Scully: the speed of what has happened and the speed of response is very different from in 2008","type":"L","timestamp":"2023-11-09 13:36:57"},{"nodeID":"1329493","text":"Analysing","type":"YA","timestamp":"2023-11-09 13:36:57"},{"nodeID":"1329494","text":"Calum: Paul Scully: the speed of what has happened and the speed of response is very different from in 2008","type":"L","timestamp":"2023-11-09 13:36:57"},{"nodeID":"1329495","text":"Asserting","type":"YA","timestamp":"2023-11-09 13:36:57"},{"nodeID":"1329496","text":"Default Transition","type":"TA","timestamp":"2023-11-09 13:36:57"},{"nodeID":"1329497","text":"what the UK government have to do now is explain exactly why they are doing what they are doing","type":"I","timestamp":"2023-11-09 13:36:58"},{"nodeID":"1329498","text":"Paul Scully: what we have to do now, we have to explain exactly why we're doing what we are doing","type":"L","timestamp":"2023-11-09 13:36:58"},{"nodeID":"1329499","text":"Analysing","type":"YA","timestamp":"2023-11-09 13:36:58"},{"nodeID":"1329500","text":"Calum: Paul Scully: what we have to do now, we have to explain exactly why we're doing what we are doing","type":"L","timestamp":"2023-11-09 13:36:58"},{"nodeID":"1329501","text":"Asserting","type":"YA","timestamp":"2023-11-09 13:36:58"},{"nodeID":"1329502","text":"the UK government have to explain exactly what the plan for growth is","type":"I","timestamp":"2023-11-09 13:36:58"},{"nodeID":"1329503","text":"Paul Scully: exactly what the plan for growth is","type":"L","timestamp":"2023-11-09 13:36:58"},{"nodeID":"1329504","text":"Analysing","type":"YA","timestamp":"2023-11-09 13:36:58"},{"nodeID":"1329505","text":"Calum: Paul Scully: exactly what the plan for growth is","type":"L","timestamp":"2023-11-09 13:36:58"},{"nodeID":"1329506","text":"Asserting","type":"YA","timestamp":"2023-11-09 13:36:58"},{"nodeID":"1329507","text":"the UK cannot just tax our way out of it with a 70-year high tax rate that we have at the moment","type":"I","timestamp":"2023-11-09 13:36:59"},{"nodeID":"1329508","text":"Paul Scully: we cannot just, as I say, tax our way out of it with a 70-year high tax rate that we have at the moment","type":"L","timestamp":"2023-11-09 13:36:59"},{"nodeID":"1329509","text":"Analysing","type":"YA","timestamp":"2023-11-09 13:36:59"},{"nodeID":"1329510","text":"Calum: Paul Scully: we cannot just, as I say, tax our way out of it with a 70-year high tax rate that we have at the moment","type":"L","timestamp":"2023-11-09 13:36:59"},{"nodeID":"1329511","text":"Paul Scully: we cannot just tax our way out of it with a 70-year high tax rate that we have at the moment","type":"L","timestamp":"2023-11-09 13:36:59"},{"nodeID":"1329512","text":"Analysing","type":"YA","timestamp":"2023-11-09 13:36:59"},{"nodeID":"1329513","text":"Asserting","type":"YA","timestamp":"2023-11-09 13:36:59"},{"nodeID":"1329514","text":"Asserting","type":"YA","timestamp":"2023-11-09 13:36:59"},{"nodeID":"1329515","text":"Default Transition","type":"TA","timestamp":"2023-11-09 13:36:59"},{"nodeID":"1329516","text":"Default Transition","type":"TA","timestamp":"2023-11-09 13:36:59"},{"nodeID":"1329517","text":"Default Transition","type":"TA","timestamp":"2023-11-09 13:36:59"},{"nodeID":"1329518","text":"Default Inference","type":"RA","timestamp":"2023-11-09 13:36:59"},{"nodeID":"1329519","text":"Arguing","type":"YA","timestamp":"2023-11-09 13:36:59"},{"nodeID":"1329520","text":"the UK government have to make sure that businesses have that supply side reform","type":"I","timestamp":"2023-11-09 13:36:59"},{"nodeID":"1329521","text":"Paul Scully: we have to make sure that businesses have that supply side reform","type":"L","timestamp":"2023-11-09 13:36:59"},{"nodeID":"1329522","text":"Analysing","type":"YA","timestamp":"2023-11-09 13:36:59"},{"nodeID":"1329523","text":"Calum: Paul Scully: we have to make sure that businesses have that supply side reform","type":"L","timestamp":"2023-11-09 13:36:59"},{"nodeID":"1329524","text":"Asserting","type":"YA","timestamp":"2023-11-09 13:36:59"},{"nodeID":"1329525","text":"supply side reform would make sure that we can strip back some regulation that would make planning easier","type":"I","timestamp":"2023-11-09 13:37:00"},{"nodeID":"1329526","text":"Paul Scully: to make sure that we can strip back some regulation, that make planning easier","type":"L","timestamp":"2023-11-09 13:37:00"},{"nodeID":"1329527","text":"Analysing","type":"YA","timestamp":"2023-11-09 13:37:00"},{"nodeID":"1329528","text":"Calum: Paul Scully: to make sure that we can strip back some regulation, that make planning easier","type":"L","timestamp":"2023-11-09 13:37:00"},{"nodeID":"1329529","text":"Asserting","type":"YA","timestamp":"2023-11-09 13:37:00"},{"nodeID":"1329530","text":"the UK government can make childcare easier for people to work and take on new businesses","type":"I","timestamp":"2023-11-09 13:37:00"},{"nodeID":"1329531","text":"Paul Scully: we can make childcare easier for people to work and take on new businesses","type":"L","timestamp":"2023-11-09 13:37:00"},{"nodeID":"1329532","text":"Analysing","type":"YA","timestamp":"2023-11-09 13:37:00"},{"nodeID":"1329533","text":"Calum: Paul Scully: we can make childcare easier for people to work and take on new businesses","type":"L","timestamp":"2023-11-09 13:37:00"},{"nodeID":"1329534","text":"Asserting","type":"YA","timestamp":"2023-11-09 13:37:00"},{"nodeID":"1329535","text":"the UK government can get people to relocate and invest in the UK","type":"I","timestamp":"2023-11-09 13:37:01"},{"nodeID":"1329536","text":"Paul Scully: we can get people to relocate and invest in the UK","type":"L","timestamp":"2023-11-09 13:37:01"},{"nodeID":"1329537","text":"Analysing","type":"YA","timestamp":"2023-11-09 13:37:01"},{"nodeID":"1329538","text":"Calum: Paul Scully: we can get people to relocate and invest in the UK","type":"L","timestamp":"2023-11-09 13:37:01"},{"nodeID":"1329539","text":"Asserting","type":"YA","timestamp":"2023-11-09 13:37:01"},{"nodeID":"1329540","text":"Default Transition","type":"TA","timestamp":"2023-11-09 13:37:01"},{"nodeID":"1329541","text":"Default Transition","type":"TA","timestamp":"2023-11-09 13:37:01"},{"nodeID":"1329542","text":"Default Inference","type":"RA","timestamp":"2023-11-09 13:37:01"},{"nodeID":"1329543","text":"Default Transition","type":"TA","timestamp":"2023-11-09 13:37:01"},{"nodeID":"1329544","text":"Default Transition","type":"TA","timestamp":"2023-11-09 13:37:01"},{"nodeID":"1329545","text":"Arguing","type":"YA","timestamp":"2023-11-09 13:37:01"},{"nodeID":"1329546","text":"Restating","type":"YA","timestamp":"2023-11-09 13:37:01"}],"edges":[{"edgeID":"1743885","fromID":"1329486","toID":"1329485","formEdgeID":null},{"edgeID":"1743886","fromID":"1329487","toID":"1329486","formEdgeID":null},{"edgeID":"1743887","fromID":"1329485","toID":"1329488","formEdgeID":null},{"edgeID":"1743888","fromID":"1329488","toID":"1329484","formEdgeID":null},{"edgeID":"1743889","fromID":"1329489","toID":"1329485","formEdgeID":null},{"edgeID":"1743890","fromID":"1329487","toID":"1329489","formEdgeID":null},{"edgeID":"1743891","fromID":"1329485","toID":"1329490","formEdgeID":null},{"edgeID":"1743892","fromID":"1329490","toID":"1329485","formEdgeID":null},{"edgeID":"1743893","fromID":"1329493","toID":"1329492","formEdgeID":null},{"edgeID":"1743894","fromID":"1329494","toID":"1329493","formEdgeID":null},{"edgeID":"1743895","fromID":"1329492","toID":"1329495","formEdgeID":null},{"edgeID":"1743896","fromID":"1329495","toID":"1329491","formEdgeID":null},{"edgeID":"1743897","fromID":"1329485","toID":"1329496","formEdgeID":null},{"edgeID":"1743898","fromID":"1329496","toID":"1329492","formEdgeID":null},{"edgeID":"1743899","fromID":"1329499","toID":"1329498","formEdgeID":null},{"edgeID":"1743900","fromID":"1329500","toID":"1329499","formEdgeID":null},{"edgeID":"1743901","fromID":"1329498","toID":"1329501","formEdgeID":null},{"edgeID":"1743902","fromID":"1329501","toID":"1329497","formEdgeID":null},{"edgeID":"1743903","fromID":"1329504","toID":"1329503","formEdgeID":null},{"edgeID":"1743904","fromID":"1329505","toID":"1329504","formEdgeID":null},{"edgeID":"1743905","fromID":"1329503","toID":"1329506","formEdgeID":null},{"edgeID":"1743906","fromID":"1329506","toID":"1329502","formEdgeID":null},{"edgeID":"1743907","fromID":"1329509","toID":"1329508","formEdgeID":null},{"edgeID":"1743908","fromID":"1329510","toID":"1329509","formEdgeID":null},{"edgeID":"1743909","fromID":"1329512","toID":"1329511","formEdgeID":null},{"edgeID":"1743910","fromID":"1329510","toID":"1329512","formEdgeID":null},{"edgeID":"1743911","fromID":"1329511","toID":"1329513","formEdgeID":null},{"edgeID":"1743912","fromID":"1329513","toID":"1329507","formEdgeID":null},{"edgeID":"1743913","fromID":"1329508","toID":"1329514","formEdgeID":null},{"edgeID":"1743914","fromID":"1329514","toID":"1329511","formEdgeID":null},{"edgeID":"1743915","fromID":"1329492","toID":"1329515","formEdgeID":null},{"edgeID":"1743916","fromID":"1329515","toID":"1329498","formEdgeID":null},{"edgeID":"1743917","fromID":"1329498","toID":"1329516","formEdgeID":null},{"edgeID":"1743918","fromID":"1329516","toID":"1329508","formEdgeID":null},{"edgeID":"1743919","fromID":"1329503","toID":"1329517","formEdgeID":null},{"edgeID":"1743920","fromID":"1329517","toID":"1329508","formEdgeID":null},{"edgeID":"1743921","fromID":"1329497","toID":"1329518","formEdgeID":null},{"edgeID":"1743922","fromID":"1329518","toID":"1329507","formEdgeID":null},{"edgeID":"1743923","fromID":"1329502","toID":"1329518","formEdgeID":null},{"edgeID":"1743924","fromID":"1329517","toID":"1329519","formEdgeID":null},{"edgeID":"1743925","fromID":"1329519","toID":"1329518","formEdgeID":null},{"edgeID":"1743926","fromID":"1329522","toID":"1329521","formEdgeID":null},{"edgeID":"1743927","fromID":"1329523","toID":"1329522","formEdgeID":null},{"edgeID":"1743928","fromID":"1329521","toID":"1329524","formEdgeID":null},{"edgeID":"1743929","fromID":"1329524","toID":"1329520","formEdgeID":null},{"edgeID":"1743930","fromID":"1329527","toID":"1329526","formEdgeID":null},{"edgeID":"1743931","fromID":"1329528","toID":"1329527","formEdgeID":null},{"edgeID":"1743932","fromID":"1329526","toID":"1329529","formEdgeID":null},{"edgeID":"1743933","fromID":"1329529","toID":"1329525","formEdgeID":null},{"edgeID":"1743934","fromID":"1329532","toID":"1329531","formEdgeID":null},{"edgeID":"1743935","fromID":"1329533","toID":"1329532","formEdgeID":null},{"edgeID":"1743936","fromID":"1329531","toID":"1329534","formEdgeID":null},{"edgeID":"1743937","fromID":"1329534","toID":"1329530","formEdgeID":null},{"edgeID":"1743938","fromID":"1329537","toID":"1329536","formEdgeID":null},{"edgeID":"1743939","fromID":"1329538","toID":"1329537","formEdgeID":null},{"edgeID":"1743940","fromID":"1329536","toID":"1329539","formEdgeID":null},{"edgeID":"1743941","fromID":"1329539","toID":"1329535","formEdgeID":null},{"edgeID":"1743942","fromID":"1329521","toID":"1329540","formEdgeID":null},{"edgeID":"1743943","fromID":"1329540","toID":"1329526","formEdgeID":null},{"edgeID":"1743944","fromID":"1329508","toID":"1329541","formEdgeID":null},{"edgeID":"1743945","fromID":"1329541","toID":"1329521","formEdgeID":null},{"edgeID":"1743946","fromID":"1329525","toID":"1329542","formEdgeID":null},{"edgeID":"1743947","fromID":"1329542","toID":"1329520","formEdgeID":null},{"edgeID":"1743948","fromID":"1329530","toID":"1329542","formEdgeID":null},{"edgeID":"1743949","fromID":"1329535","toID":"1329542","formEdgeID":null},{"edgeID":"1743950","fromID":"1329521","toID":"1329543","formEdgeID":null},{"edgeID":"1743951","fromID":"1329543","toID":"1329531","formEdgeID":null},{"edgeID":"1743952","fromID":"1329521","toID":"1329544","formEdgeID":null},{"edgeID":"1743953","fromID":"1329544","toID":"1329536","formEdgeID":null},{"edgeID":"1743954","fromID":"1329544","toID":"1329545","formEdgeID":null},{"edgeID":"1743955","fromID":"1329545","toID":"1329542","formEdgeID":null},{"edgeID":"1743956","fromID":"1329485","toID":"1329546","formEdgeID":null},{"edgeID":"1743957","fromID":"1329546","toID":"1329484","formEdgeID":null}],"locutions":[]}