{"nodes":[{"nodeID":"1332987","text":"AudienceMember 20221006QT53 is facing a bill of \u00a3250,000, so it needs to be quick for her.","type":"I","timestamp":"2023-11-09 13:41:44"},{"nodeID":"1332988","text":"Fiona Bruce: You're facing a bill of \u00a3250,000, so it needs to be quick for you.","type":"L","timestamp":"2023-11-09 13:41:44"},{"nodeID":"1332989","text":"Analysing","type":"YA","timestamp":"2023-11-09 13:41:44"},{"nodeID":"1332990","text":"Chris: Fiona Bruce: You're facing a bill of \u00a3250,000, so it needs to be quick for you.","type":"L","timestamp":"2023-11-09 13:41:44"},{"nodeID":"1332991","text":"Asserting","type":"YA","timestamp":"2023-11-09 13:41:44"},{"nodeID":"1332992","text":"AudienceMember 20221006QT53 can write to their MP and get them to write Paul Scully a letter","type":"I","timestamp":"2023-11-09 13:41:45"},{"nodeID":"1332993","text":"Paul Scully: you can write to your MP and get them to write me a letter","type":"L","timestamp":"2023-11-09 13:41:45"},{"nodeID":"1332994","text":"Analysing","type":"YA","timestamp":"2023-11-09 13:41:45"},{"nodeID":"1332995","text":"Chris: Paul Scully: you can write to your MP and get them to write me a letter","type":"L","timestamp":"2023-11-09 13:41:45"},{"nodeID":"1332996","text":"Asserting","type":"YA","timestamp":"2023-11-09 13:41:45"},{"nodeID":"1332997","text":"Default Transition","type":"TA","timestamp":"2023-11-09 13:41:45"},{"nodeID":"1332998","text":"AudienceMember 20221006QT53 could or could not talk to Paul Scully directly afterwards","type":"I","timestamp":"2023-11-09 13:41:45"},{"nodeID":"1332999","text":"Fiona Bruce: Maybe she could talk to you directly afterwards","type":"L","timestamp":"2023-11-09 13:41:45"},{"nodeID":"1333000","text":"Analysing","type":"YA","timestamp":"2023-11-09 13:41:45"},{"nodeID":"1333001","text":"Chris: Fiona Bruce: Maybe she could talk to you directly afterwards","type":"L","timestamp":"2023-11-09 13:41:45"},{"nodeID":"1333002","text":"Pure Questioning","type":"YA","timestamp":"2023-11-09 13:41:45"},{"nodeID":"1333003","text":"Default Transition","type":"TA","timestamp":"2023-11-09 13:41:45"},{"nodeID":"1333004","text":"Default Rephrase","type":"MA","timestamp":"2023-11-09 13:41:45"},{"nodeID":"1333005","text":"Default Rephrase","type":"MA","timestamp":"2023-11-09 13:41:45"},{"nodeID":"1333006","text":"Restating","type":"YA","timestamp":"2023-11-09 13:41:45"},{"nodeID":"1333007","text":"Restating","type":"YA","timestamp":"2023-11-09 13:41:45"},{"nodeID":"1333008","text":"yes, please, AudienceMember 20221006QT53 already had the generic letter","type":"I","timestamp":"2023-11-09 13:41:46"},{"nodeID":"1333009","text":"AudienceMember 20221006QT76: Yes, please, I already had the generic letter","type":"L","timestamp":"2023-11-09 13:41:46"},{"nodeID":"1333010","text":"Analysing","type":"YA","timestamp":"2023-11-09 13:41:46"},{"nodeID":"1333011","text":"Chris: AudienceMember 20221006QT76: Yes, please, I already had the generic letter","type":"L","timestamp":"2023-11-09 13:41:46"},{"nodeID":"1333012","text":"Asserting","type":"YA","timestamp":"2023-11-09 13:41:46"},{"nodeID":"1333013","text":"Default Transition","type":"TA","timestamp":"2023-11-09 13:41:46"},{"nodeID":"1333014","text":"Default Rephrase","type":"MA","timestamp":"2023-11-09 13:41:46"},{"nodeID":"1333015","text":"Default Illocuting","type":"YA","timestamp":"2023-11-09 13:41:46"},{"nodeID":"1333016","text":"as Business Minister, Paul Scully wasn't dealing with Net Zero directly","type":"I","timestamp":"2023-11-09 13:41:47"},{"nodeID":"1333017","text":"Paul Scully: I was Business Minister, I wasn't dealing with Net Zero directly","type":"L","timestamp":"2023-11-09 13:41:47"},{"nodeID":"1333018","text":"Analysing","type":"YA","timestamp":"2023-11-09 13:41:47"},{"nodeID":"1333019","text":"Chris: Paul Scully: I was Business Minister, I wasn't dealing with Net Zero directly","type":"L","timestamp":"2023-11-09 13:41:47"},{"nodeID":"1333020","text":"Asserting","type":"YA","timestamp":"2023-11-09 13:41:47"},{"nodeID":"1333021","text":"even though Business Minister didn't interact directly they still have to do it, they can't just jettison Net Zero","type":"I","timestamp":"2023-11-09 13:41:47"},{"nodeID":"1333022","text":"Paul Scully: we have to do it, we can't just jettison Net Zero","type":"L","timestamp":"2023-11-09 13:41:47"},{"nodeID":"1333023","text":"Analysing","type":"YA","timestamp":"2023-11-09 13:41:47"},{"nodeID":"1333024","text":"Chris: Paul Scully: we have to do it, we can't just jettison Net Zero","type":"L","timestamp":"2023-11-09 13:41:47"},{"nodeID":"1333025","text":"Asserting","type":"YA","timestamp":"2023-11-09 13:41:47"},{"nodeID":"1333026","text":"Default Transition","type":"TA","timestamp":"2023-11-09 13:41:47"},{"nodeID":"1333027","text":"Default Rephrase","type":"MA","timestamp":"2023-11-09 13:41:47"},{"nodeID":"1333028","text":"Restating","type":"YA","timestamp":"2023-11-09 13:41:47"},{"nodeID":"1333029","text":"we have to factor Net Zero everything we're doing across government including house building","type":"I","timestamp":"2023-11-09 13:41:48"},{"nodeID":"1333030","text":"Paul Scully: We have to factor that everything we're doing across government including house building","type":"L","timestamp":"2023-11-09 13:41:48"},{"nodeID":"1333031","text":"Analysing","type":"YA","timestamp":"2023-11-09 13:41:48"},{"nodeID":"1333032","text":"Chris: Paul Scully: We have to factor that everything we're doing across government including house building","type":"L","timestamp":"2023-11-09 13:41:48"},{"nodeID":"1333033","text":"Asserting","type":"YA","timestamp":"2023-11-09 13:41:48"},{"nodeID":"1333034","text":"Default Transition","type":"TA","timestamp":"2023-11-09 13:41:48"},{"nodeID":"1333035","text":"in terms of the south facing in housing","type":"I","timestamp":"2023-11-09 13:41:48"},{"nodeID":"1333036","text":"Paul Scully: In terms of the south facing","type":"L","timestamp":"2023-11-09 13:41:48"},{"nodeID":"1333037","text":"Analysing","type":"YA","timestamp":"2023-11-09 13:41:48"},{"nodeID":"1333038","text":"Chris: Paul Scully: In terms of the south facing","type":"L","timestamp":"2023-11-09 13:41:48"},{"nodeID":"1333039","text":"Asserting","type":"YA","timestamp":"2023-11-09 13:41:48"},{"nodeID":"1333040","text":"Default Transition","type":"TA","timestamp":"2023-11-09 13:41:48"},{"nodeID":"1333041","text":"Default Transition","type":"TA","timestamp":"2023-11-09 13:41:48"},{"nodeID":"1333042","text":"we have to change the way we are building and approaching energy","type":"I","timestamp":"2023-11-09 13:41:49"},{"nodeID":"1333043","text":"Paul Scully: we have to change the way we are building and approaching energy","type":"L","timestamp":"2023-11-09 13:41:49"},{"nodeID":"1333044","text":"Analysing","type":"YA","timestamp":"2023-11-09 13:41:49"},{"nodeID":"1333045","text":"Chris: Paul Scully: we have to change the way we are building and approaching energy","type":"L","timestamp":"2023-11-09 13:41:49"},{"nodeID":"1333046","text":"Asserting","type":"YA","timestamp":"2023-11-09 13:41:49"},{"nodeID":"1333047","text":"Default Transition","type":"TA","timestamp":"2023-11-09 13:41:49"},{"nodeID":"1333048","text":"Default Inference","type":"RA","timestamp":"2023-11-09 13:41:49"},{"nodeID":"1333049","text":"Arguing","type":"YA","timestamp":"2023-11-09 13:41:49"},{"nodeID":"1333050","text":"we can have local energy generation","type":"I","timestamp":"2023-11-09 13:41:49"},{"nodeID":"1333051","text":"Paul Scully: we can have local energy generation","type":"L","timestamp":"2023-11-09 13:41:49"},{"nodeID":"1333052","text":"Analysing","type":"YA","timestamp":"2023-11-09 13:41:49"},{"nodeID":"1333053","text":"Chris: Paul Scully: we can have local energy generation","type":"L","timestamp":"2023-11-09 13:41:49"},{"nodeID":"1333054","text":"Asserting","type":"YA","timestamp":"2023-11-09 13:41:49"},{"nodeID":"1333055","text":"Default Inference","type":"RA","timestamp":"2023-11-09 13:41:49"},{"nodeID":"1333056","text":"Default Transition","type":"TA","timestamp":"2023-11-09 13:41:49"},{"nodeID":"1333057","text":"Arguing","type":"YA","timestamp":"2023-11-09 13:41:49"},{"nodeID":"1333058","text":"Paul Scully is or is not saying anything he had help with in terms of cheaper energy bills, relative to what was to come, as opposed to what was before","type":"I","timestamp":"2023-11-09 13:41:50"},{"nodeID":"1333059","text":"Paul Scully is worried it is going to be swallowed up by the high cost of everything else","type":"I","timestamp":"2023-11-09 13:41:51"},{"nodeID":"1333060","text":"AudienceMember 20221006QT77: you're worried it is going to be swallowed up by the high cost of everything else","type":"L","timestamp":"2023-11-09 13:41:51"},{"nodeID":"1333061","text":"Analysing","type":"YA","timestamp":"2023-11-09 13:41:51"},{"nodeID":"1333062","text":"Chris: AudienceMember 20221006QT77: you're worried it is going to be swallowed up by the high cost of everything else","type":"L","timestamp":"2023-11-09 13:41:51"},{"nodeID":"1333063","text":"Assertive Questioning","type":"YA","timestamp":"2023-11-09 13:41:51"},{"nodeID":"1333064","text":"AudienceMember 20221006QT77: You're saying anything you had help with in terms of cheaper energy bills, relative to what was to come, as opposed to what was before","type":"L","timestamp":"2023-11-09 13:41:51"},{"nodeID":"1333065","text":"Analysing","type":"YA","timestamp":"2023-11-09 13:41:51"},{"nodeID":"1333066","text":"Chris: AudienceMember 20221006QT77: You're saying anything you had help with in terms of cheaper energy bills, relative to what was to come, as opposed to what was before","type":"L","timestamp":"2023-11-09 13:41:51"},{"nodeID":"1333067","text":"Pure Questioning","type":"YA","timestamp":"2023-11-09 13:41:51"},{"nodeID":"1333068","text":"Default Transition","type":"TA","timestamp":"2023-11-09 13:41:51"},{"nodeID":"1333069","text":"Default Transition","type":"TA","timestamp":"2023-11-09 13:41:51"},{"nodeID":"1333070","text":"Default Rephrase","type":"MA","timestamp":"2023-11-09 13:41:51"},{"nodeID":"1333071","text":"Restating","type":"YA","timestamp":"2023-11-09 13:41:51"},{"nodeID":"1333072","text":"interest rates are there for the Bank of England to deal with","type":"I","timestamp":"2023-11-09 13:41:51"},{"nodeID":"1333073","text":"Paul Scully: Interest rates are there for the Bank of England to deal with","type":"L","timestamp":"2023-11-09 13:41:51"},{"nodeID":"1333074","text":"Analysing","type":"YA","timestamp":"2023-11-09 13:41:51"},{"nodeID":"1333075","text":"Chris: Paul Scully: Interest rates are there for the Bank of England to deal with","type":"L","timestamp":"2023-11-09 13:41:51"},{"nodeID":"1333076","text":"Asserting","type":"YA","timestamp":"2023-11-09 13:41:51"},{"nodeID":"1333077","text":"Default Transition","type":"TA","timestamp":"2023-11-09 13:41:51"},{"nodeID":"1333078","text":"Default Rephrase","type":"MA","timestamp":"2023-11-09 13:41:51"},{"nodeID":"1333079","text":"Default Illocuting","type":"YA","timestamp":"2023-11-09 13:41:51"},{"nodeID":"1333080","text":"interest rates are the Bank of England's one lever monetary policy that they have","type":"I","timestamp":"2023-11-09 13:41:52"},{"nodeID":"1333081","text":"Paul Scully: It is their one lever monetary policy that they have","type":"L","timestamp":"2023-11-09 13:41:52"},{"nodeID":"1333082","text":"Analysing","type":"YA","timestamp":"2023-11-09 13:41:52"},{"nodeID":"1333083","text":"Chris: Paul Scully: It is their one lever monetary policy that they have","type":"L","timestamp":"2023-11-09 13:41:52"},{"nodeID":"1333084","text":"Asserting","type":"YA","timestamp":"2023-11-09 13:41:52"},{"nodeID":"1333085","text":"Default Transition","type":"TA","timestamp":"2023-11-09 13:41:52"},{"nodeID":"1333086","text":"Default Inference","type":"RA","timestamp":"2023-11-09 13:41:52"},{"nodeID":"1333087","text":"the market rate is a different thing","type":"I","timestamp":"2023-11-09 13:41:52"},{"nodeID":"1333088","text":"Fiona Bruce: The market rate is a different thing","type":"L","timestamp":"2023-11-09 13:41:52"},{"nodeID":"1333089","text":"Analysing","type":"YA","timestamp":"2023-11-09 13:41:52"},{"nodeID":"1333090","text":"Chris: Fiona Bruce: The market rate is a different thing","type":"L","timestamp":"2023-11-09 13:41:52"},{"nodeID":"1333091","text":"Asserting","type":"YA","timestamp":"2023-11-09 13:41:52"},{"nodeID":"1333092","text":"Default Transition","type":"TA","timestamp":"2023-11-09 13:41:52"},{"nodeID":"1333093","text":"Default Conflict","type":"CA","timestamp":"2023-11-09 13:41:52"},{"nodeID":"1333094","text":"Disagreeing","type":"YA","timestamp":"2023-11-09 13:41:52"},{"nodeID":"1333095","text":"we're seeing the markets and that's what the mortgages are reacting to","type":"I","timestamp":"2023-11-09 13:41:53"},{"nodeID":"1333096","text":"Fiona Bruce: We're seeing the markets and that's what the mortgages are reacting to","type":"L","timestamp":"2023-11-09 13:41:53"},{"nodeID":"1333097","text":"Analysing","type":"YA","timestamp":"2023-11-09 13:41:53"},{"nodeID":"1333098","text":"Chris: Fiona Bruce: We're seeing the markets and that's what the mortgages are reacting to","type":"L","timestamp":"2023-11-09 13:41:53"},{"nodeID":"1333099","text":"Asserting","type":"YA","timestamp":"2023-11-09 13:41:53"},{"nodeID":"1333100","text":"Default Transition","type":"TA","timestamp":"2023-11-09 13:41:53"},{"nodeID":"1333101","text":"Default Rephrase","type":"MA","timestamp":"2023-11-09 13:41:53"},{"nodeID":"1333102","text":"Restating","type":"YA","timestamp":"2023-11-09 13:41:53"},{"nodeID":"1333103","text":"Default Rephrase","type":"MA","timestamp":"2023-11-09 13:41:53"},{"nodeID":"1333104","text":"Restating","type":"YA","timestamp":"2023-11-09 13:41:53"},{"nodeID":"1333105","text":"there are a number of people who have got fixed rates","type":"I","timestamp":"2023-11-09 13:41:54"},{"nodeID":"1333106","text":"Fiona Bruce: There are a number of people who have got fixed rates","type":"L","timestamp":"2023-11-09 13:41:54"},{"nodeID":"1333107","text":"Analysing","type":"YA","timestamp":"2023-11-09 13:41:54"},{"nodeID":"1333108","text":"Chris: Fiona Bruce: There are a number of people who have got fixed rates","type":"L","timestamp":"2023-11-09 13:41:54"},{"nodeID":"1333109","text":"Asserting","type":"YA","timestamp":"2023-11-09 13:41:54"},{"nodeID":"1333110","text":"Default Transition","type":"TA","timestamp":"2023-11-09 13:41:54"},{"nodeID":"1333111","text":"Default Conflict","type":"CA","timestamp":"2023-11-09 13:41:54"},{"nodeID":"1333112","text":"Disagreeing","type":"YA","timestamp":"2023-11-09 13:41:54"},{"nodeID":"1333113","text":"Paul Scully's partner's fixed-rate","type":"I","timestamp":"2023-11-09 13:41:54"},{"nodeID":"1333114","text":"Paul Scully: my partner's fixed-rate","type":"L","timestamp":"2023-11-09 13:41:54"},{"nodeID":"1333115","text":"Analysing","type":"YA","timestamp":"2023-11-09 13:41:54"},{"nodeID":"1333116","text":"Chris: Paul Scully: my partner's fixed-rate","type":"L","timestamp":"2023-11-09 13:41:54"},{"nodeID":"1333117","text":"Asserting","type":"YA","timestamp":"2023-11-09 13:41:54"},{"nodeID":"1333118","text":"Default Transition","type":"TA","timestamp":"2023-11-09 13:41:54"},{"nodeID":"1333119","text":"Default Rephrase","type":"MA","timestamp":"2023-11-09 13:41:54"},{"nodeID":"1333120","text":"Restating","type":"YA","timestamp":"2023-11-09 13:41:54"},{"nodeID":"1333121","text":"Paul Scully's partner is in for another 18 months, she is insulated for another year, she is insulated for the moment","type":"I","timestamp":"2023-11-09 13:41:55"},{"nodeID":"1333122","text":"Paul Scully: she is in for another 18 months, she is insulated for another year, she is insulated for the moment","type":"L","timestamp":"2023-11-09 13:41:55"},{"nodeID":"1333123","text":"Analysing","type":"YA","timestamp":"2023-11-09 13:41:55"},{"nodeID":"1333124","text":"Chris: Paul Scully: she is in for another 18 months, she is insulated for another year, she is insulated for the moment","type":"L","timestamp":"2023-11-09 13:41:55"},{"nodeID":"1333125","text":"Asserting","type":"YA","timestamp":"2023-11-09 13:41:55"},{"nodeID":"1333126","text":"Default Transition","type":"TA","timestamp":"2023-11-09 13:41:55"},{"nodeID":"1333127","text":"Default Inference","type":"RA","timestamp":"2023-11-09 13:41:55"},{"nodeID":"1333128","text":"Paul Scully and his partner don't know what will happen next year","type":"I","timestamp":"2023-11-09 13:41:55"},{"nodeID":"1333129","text":"Paul Scully:  we don't know what will happen next year","type":"L","timestamp":"2023-11-09 13:41:55"},{"nodeID":"1333130","text":"Analysing","type":"YA","timestamp":"2023-11-09 13:41:55"},{"nodeID":"1333131","text":"Chris: Paul Scully:  we don't know what will happen next year","type":"L","timestamp":"2023-11-09 13:41:55"},{"nodeID":"1333132","text":"Asserting","type":"YA","timestamp":"2023-11-09 13:41:55"},{"nodeID":"1333133","text":"Default Transition","type":"TA","timestamp":"2023-11-09 13:41:55"},{"nodeID":"1333134","text":"Default Inference","type":"RA","timestamp":"2023-11-09 13:41:55"},{"nodeID":"1333135","text":"Arguing","type":"YA","timestamp":"2023-11-09 13:41:55"}],"edges":[{"edgeID":"1748024","fromID":"1332989","toID":"1332988","formEdgeID":null},{"edgeID":"1748025","fromID":"1332990","toID":"1332989","formEdgeID":null},{"edgeID":"1748026","fromID":"1332988","toID":"1332991","formEdgeID":null},{"edgeID":"1748027","fromID":"1332991","toID":"1332987","formEdgeID":null},{"edgeID":"1748028","fromID":"1332994","toID":"1332993","formEdgeID":null},{"edgeID":"1748029","fromID":"1332995","toID":"1332994","formEdgeID":null},{"edgeID":"1748030","fromID":"1332993","toID":"1332996","formEdgeID":null},{"edgeID":"1748031","fromID":"1332996","toID":"1332992","formEdgeID":null},{"edgeID":"1748032","fromID":"1332988","toID":"1332997","formEdgeID":null},{"edgeID":"1748033","fromID":"1332997","toID":"1332993","formEdgeID":null},{"edgeID":"1748034","fromID":"1333000","toID":"1332999","formEdgeID":null},{"edgeID":"1748035","fromID":"1333001","toID":"1333000","formEdgeID":null},{"edgeID":"1748036","fromID":"1332999","toID":"1333002","formEdgeID":null},{"edgeID":"1748037","fromID":"1333002","toID":"1332998","formEdgeID":null},{"edgeID":"1748038","fromID":"1332993","toID":"1333003","formEdgeID":null},{"edgeID":"1748039","fromID":"1333003","toID":"1332999","formEdgeID":null},{"edgeID":"1748040","fromID":"1332998","toID":"1333004","formEdgeID":null},{"edgeID":"1748041","fromID":"1333004","toID":"1332992","formEdgeID":null},{"edgeID":"1748042","fromID":"1332992","toID":"1333005","formEdgeID":null},{"edgeID":"1748043","fromID":"1333005","toID":"1332987","formEdgeID":null},{"edgeID":"1748044","fromID":"1332997","toID":"1333006","formEdgeID":null},{"edgeID":"1748045","fromID":"1333006","toID":"1333005","formEdgeID":null},{"edgeID":"1748046","fromID":"1333003","toID":"1333007","formEdgeID":null},{"edgeID":"1748047","fromID":"1333007","toID":"1333004","formEdgeID":null},{"edgeID":"1748048","fromID":"1333010","toID":"1333009","formEdgeID":null},{"edgeID":"1748049","fromID":"1333011","toID":"1333010","formEdgeID":null},{"edgeID":"1748050","fromID":"1333009","toID":"1333012","formEdgeID":null},{"edgeID":"1748051","fromID":"1333012","toID":"1333008","formEdgeID":null},{"edgeID":"1748052","fromID":"1332999","toID":"1333013","formEdgeID":null},{"edgeID":"1748053","fromID":"1333013","toID":"1333009","formEdgeID":null},{"edgeID":"1748054","fromID":"1333008","toID":"1333014","formEdgeID":null},{"edgeID":"1748055","fromID":"1333014","toID":"1332998","formEdgeID":null},{"edgeID":"1748056","fromID":"1333013","toID":"1333015","formEdgeID":null},{"edgeID":"1748057","fromID":"1333015","toID":"1333014","formEdgeID":null},{"edgeID":"1748058","fromID":"1333018","toID":"1333017","formEdgeID":null},{"edgeID":"1748059","fromID":"1333019","toID":"1333018","formEdgeID":null},{"edgeID":"1748060","fromID":"1333017","toID":"1333020","formEdgeID":null},{"edgeID":"1748061","fromID":"1333020","toID":"1333016","formEdgeID":null},{"edgeID":"1748062","fromID":"1333023","toID":"1333022","formEdgeID":null},{"edgeID":"1748063","fromID":"1333024","toID":"1333023","formEdgeID":null},{"edgeID":"1748064","fromID":"1333022","toID":"1333025","formEdgeID":null},{"edgeID":"1748065","fromID":"1333025","toID":"1333021","formEdgeID":null},{"edgeID":"1748066","fromID":"1333017","toID":"1333026","formEdgeID":null},{"edgeID":"1748067","fromID":"1333026","toID":"1333022","formEdgeID":null},{"edgeID":"1748068","fromID":"1333021","toID":"1333027","formEdgeID":null},{"edgeID":"1748069","fromID":"1333027","toID":"1333016","formEdgeID":null},{"edgeID":"1748070","fromID":"1333026","toID":"1333028","formEdgeID":null},{"edgeID":"1748071","fromID":"1333028","toID":"1333027","formEdgeID":null},{"edgeID":"1748072","fromID":"1333031","toID":"1333030","formEdgeID":null},{"edgeID":"1748073","fromID":"1333032","toID":"1333031","formEdgeID":null},{"edgeID":"1748074","fromID":"1333030","toID":"1333033","formEdgeID":null},{"edgeID":"1748075","fromID":"1333033","toID":"1333029","formEdgeID":null},{"edgeID":"1748076","fromID":"1333022","toID":"1333034","formEdgeID":null},{"edgeID":"1748077","fromID":"1333034","toID":"1333030","formEdgeID":null},{"edgeID":"1748078","fromID":"1333037","toID":"1333036","formEdgeID":null},{"edgeID":"1748079","fromID":"1333038","toID":"1333037","formEdgeID":null},{"edgeID":"1748080","fromID":"1333036","toID":"1333039","formEdgeID":null},{"edgeID":"1748081","fromID":"1333039","toID":"1333035","formEdgeID":null},{"edgeID":"1748082","fromID":"1333009","toID":"1333040","formEdgeID":null},{"edgeID":"1748083","fromID":"1333040","toID":"1333036","formEdgeID":null},{"edgeID":"1748084","fromID":"1333036","toID":"1333041","formEdgeID":null},{"edgeID":"1748085","fromID":"1333041","toID":"1333017","formEdgeID":null},{"edgeID":"1748086","fromID":"1333044","toID":"1333043","formEdgeID":null},{"edgeID":"1748087","fromID":"1333045","toID":"1333044","formEdgeID":null},{"edgeID":"1748088","fromID":"1333043","toID":"1333046","formEdgeID":null},{"edgeID":"1748089","fromID":"1333046","toID":"1333042","formEdgeID":null},{"edgeID":"1748090","fromID":"1333030","toID":"1333047","formEdgeID":null},{"edgeID":"1748091","fromID":"1333047","toID":"1333043","formEdgeID":null},{"edgeID":"1748092","fromID":"1333042","toID":"1333048","formEdgeID":null},{"edgeID":"1748093","fromID":"1333048","toID":"1333029","formEdgeID":null},{"edgeID":"1748094","fromID":"1333047","toID":"1333049","formEdgeID":null},{"edgeID":"1748095","fromID":"1333049","toID":"1333048","formEdgeID":null},{"edgeID":"1748096","fromID":"1333052","toID":"1333051","formEdgeID":null},{"edgeID":"1748097","fromID":"1333053","toID":"1333052","formEdgeID":null},{"edgeID":"1748098","fromID":"1333051","toID":"1333054","formEdgeID":null},{"edgeID":"1748099","fromID":"1333054","toID":"1333050","formEdgeID":null},{"edgeID":"1748100","fromID":"1333050","toID":"1333055","formEdgeID":null},{"edgeID":"1748101","fromID":"1333055","toID":"1333042","formEdgeID":null},{"edgeID":"1748102","fromID":"1333043","toID":"1333056","formEdgeID":null},{"edgeID":"1748103","fromID":"1333056","toID":"1333051","formEdgeID":null},{"edgeID":"1748104","fromID":"1333056","toID":"1333057","formEdgeID":null},{"edgeID":"1748105","fromID":"1333057","toID":"1333055","formEdgeID":null},{"edgeID":"1748106","fromID":"1333061","toID":"1333060","formEdgeID":null},{"edgeID":"1748107","fromID":"1333062","toID":"1333061","formEdgeID":null},{"edgeID":"1748108","fromID":"1333060","toID":"1333063","formEdgeID":null},{"edgeID":"1748109","fromID":"1333063","toID":"1333059","formEdgeID":null},{"edgeID":"1748110","fromID":"1333065","toID":"1333064","formEdgeID":null},{"edgeID":"1748111","fromID":"1333066","toID":"1333065","formEdgeID":null},{"edgeID":"1748112","fromID":"1333064","toID":"1333067","formEdgeID":null},{"edgeID":"1748113","fromID":"1333067","toID":"1333058","formEdgeID":null},{"edgeID":"1748114","fromID":"1333051","toID":"1333068","formEdgeID":null},{"edgeID":"1748115","fromID":"1333068","toID":"1333064","formEdgeID":null},{"edgeID":"1748116","fromID":"1333064","toID":"1333069","formEdgeID":null},{"edgeID":"1748117","fromID":"1333069","toID":"1333060","formEdgeID":null},{"edgeID":"1748118","fromID":"1333059","toID":"1333070","formEdgeID":null},{"edgeID":"1748119","fromID":"1333070","toID":"1333058","formEdgeID":null},{"edgeID":"1748120","fromID":"1333069","toID":"1333071","formEdgeID":null},{"edgeID":"1748121","fromID":"1333071","toID":"1333070","formEdgeID":null},{"edgeID":"1748122","fromID":"1333074","toID":"1333073","formEdgeID":null},{"edgeID":"1748123","fromID":"1333075","toID":"1333074","formEdgeID":null},{"edgeID":"1748124","fromID":"1333073","toID":"1333076","formEdgeID":null},{"edgeID":"1748125","fromID":"1333076","toID":"1333072","formEdgeID":null},{"edgeID":"1748126","fromID":"1333060","toID":"1333077","formEdgeID":null},{"edgeID":"1748127","fromID":"1333077","toID":"1333073","formEdgeID":null},{"edgeID":"1748128","fromID":"1333072","toID":"1333078","formEdgeID":null},{"edgeID":"1748129","fromID":"1333078","toID":"1333059","formEdgeID":null},{"edgeID":"1748130","fromID":"1333077","toID":"1333079","formEdgeID":null},{"edgeID":"1748131","fromID":"1333079","toID":"1333078","formEdgeID":null},{"edgeID":"1748132","fromID":"1333082","toID":"1333081","formEdgeID":null},{"edgeID":"1748133","fromID":"1333083","toID":"1333082","formEdgeID":null},{"edgeID":"1748134","fromID":"1333081","toID":"1333084","formEdgeID":null},{"edgeID":"1748135","fromID":"1333084","toID":"1333080","formEdgeID":null},{"edgeID":"1748136","fromID":"1333073","toID":"1333085","formEdgeID":null},{"edgeID":"1748137","fromID":"1333085","toID":"1333081","formEdgeID":null},{"edgeID":"1748138","fromID":"1333080","toID":"1333086","formEdgeID":null},{"edgeID":"1748139","fromID":"1333086","toID":"1333072","formEdgeID":null},{"edgeID":"1748140","fromID":"1333089","toID":"1333088","formEdgeID":null},{"edgeID":"1748141","fromID":"1333090","toID":"1333089","formEdgeID":null},{"edgeID":"1748142","fromID":"1333088","toID":"1333091","formEdgeID":null},{"edgeID":"1748143","fromID":"1333091","toID":"1333087","formEdgeID":null},{"edgeID":"1748144","fromID":"1333073","toID":"1333092","formEdgeID":null},{"edgeID":"1748145","fromID":"1333092","toID":"1333088","formEdgeID":null},{"edgeID":"1748146","fromID":"1333087","toID":"1333093","formEdgeID":null},{"edgeID":"1748147","fromID":"1333093","toID":"1333072","formEdgeID":null},{"edgeID":"1748148","fromID":"1333092","toID":"1333094","formEdgeID":null},{"edgeID":"1748149","fromID":"1333094","toID":"1333093","formEdgeID":null},{"edgeID":"1748150","fromID":"1333097","toID":"1333096","formEdgeID":null},{"edgeID":"1748151","fromID":"1333098","toID":"1333097","formEdgeID":null},{"edgeID":"1748152","fromID":"1333096","toID":"1333099","formEdgeID":null},{"edgeID":"1748153","fromID":"1333099","toID":"1333095","formEdgeID":null},{"edgeID":"1748154","fromID":"1333088","toID":"1333100","formEdgeID":null},{"edgeID":"1748155","fromID":"1333100","toID":"1333096","formEdgeID":null},{"edgeID":"1748156","fromID":"1333095","toID":"1333101","formEdgeID":null},{"edgeID":"1748157","fromID":"1333101","toID":"1333087","formEdgeID":null},{"edgeID":"1748158","fromID":"1333100","toID":"1333102","formEdgeID":null},{"edgeID":"1748159","fromID":"1333102","toID":"1333101","formEdgeID":null},{"edgeID":"1748160","fromID":"1333016","toID":"1333103","formEdgeID":null},{"edgeID":"1748161","fromID":"1333103","toID":"1333035","formEdgeID":null},{"edgeID":"1748162","fromID":"1333041","toID":"1333104","formEdgeID":null},{"edgeID":"1748163","fromID":"1333104","toID":"1333103","formEdgeID":null},{"edgeID":"1748164","fromID":"1333107","toID":"1333106","formEdgeID":null},{"edgeID":"1748165","fromID":"1333108","toID":"1333107","formEdgeID":null},{"edgeID":"1748166","fromID":"1333106","toID":"1333109","formEdgeID":null},{"edgeID":"1748167","fromID":"1333109","toID":"1333105","formEdgeID":null},{"edgeID":"1748168","fromID":"1333096","toID":"1333110","formEdgeID":null},{"edgeID":"1748169","fromID":"1333110","toID":"1333106","formEdgeID":null},{"edgeID":"1748170","fromID":"1333105","toID":"1333111","formEdgeID":null},{"edgeID":"1748171","fromID":"1333111","toID":"1333095","formEdgeID":null},{"edgeID":"1748172","fromID":"1333110","toID":"1333112","formEdgeID":null},{"edgeID":"1748173","fromID":"1333112","toID":"1333111","formEdgeID":null},{"edgeID":"1748174","fromID":"1333115","toID":"1333114","formEdgeID":null},{"edgeID":"1748175","fromID":"1333116","toID":"1333115","formEdgeID":null},{"edgeID":"1748176","fromID":"1333114","toID":"1333117","formEdgeID":null},{"edgeID":"1748177","fromID":"1333117","toID":"1333113","formEdgeID":null},{"edgeID":"1748178","fromID":"1333106","toID":"1333118","formEdgeID":null},{"edgeID":"1748179","fromID":"1333118","toID":"1333114","formEdgeID":null},{"edgeID":"1748180","fromID":"1333113","toID":"1333119","formEdgeID":null},{"edgeID":"1748181","fromID":"1333119","toID":"1333105","formEdgeID":null},{"edgeID":"1748182","fromID":"1333118","toID":"1333120","formEdgeID":null},{"edgeID":"1748183","fromID":"1333120","toID":"1333119","formEdgeID":null},{"edgeID":"1748184","fromID":"1333123","toID":"1333122","formEdgeID":null},{"edgeID":"1748185","fromID":"1333124","toID":"1333123","formEdgeID":null},{"edgeID":"1748186","fromID":"1333122","toID":"1333125","formEdgeID":null},{"edgeID":"1748187","fromID":"1333125","toID":"1333121","formEdgeID":null},{"edgeID":"1748188","fromID":"1333114","toID":"1333126","formEdgeID":null},{"edgeID":"1748189","fromID":"1333126","toID":"1333122","formEdgeID":null},{"edgeID":"1748190","fromID":"1333113","toID":"1333127","formEdgeID":null},{"edgeID":"1748191","fromID":"1333127","toID":"1333121","formEdgeID":null},{"edgeID":"1748192","fromID":"1333130","toID":"1333129","formEdgeID":null},{"edgeID":"1748193","fromID":"1333131","toID":"1333130","formEdgeID":null},{"edgeID":"1748194","fromID":"1333129","toID":"1333132","formEdgeID":null},{"edgeID":"1748195","fromID":"1333132","toID":"1333128","formEdgeID":null},{"edgeID":"1748196","fromID":"1333122","toID":"1333133","formEdgeID":null},{"edgeID":"1748197","fromID":"1333133","toID":"1333129","formEdgeID":null},{"edgeID":"1748198","fromID":"1333121","toID":"1333134","formEdgeID":null},{"edgeID":"1748199","fromID":"1333134","toID":"1333128","formEdgeID":null},{"edgeID":"1748200","fromID":"1333133","toID":"1333135","formEdgeID":null},{"edgeID":"1748201","fromID":"1333135","toID":"1333134","formEdgeID":null}],"locutions":[]}