{"nodes":[{"nodeID":"1330026","text":"we felt that we were kind of all in it together a bit","type":"I","timestamp":"2023-11-09 13:37:41"},{"nodeID":"1330027","text":"Anne McElvoy: We felt that we were kind of all in it together a bit","type":"L","timestamp":"2023-11-09 13:37:41"},{"nodeID":"1330028","text":"Analysing","type":"YA","timestamp":"2023-11-09 13:37:41"},{"nodeID":"1330029","text":"Calum: Anne McElvoy: We felt that we were kind of all in it together a bit","type":"L","timestamp":"2023-11-09 13:37:41"},{"nodeID":"1330030","text":"Asserting","type":"YA","timestamp":"2023-11-09 13:37:41"},{"nodeID":"1330031","text":"Anne McElvoy questions the wisdom of the timing of the budget","type":"I","timestamp":"2023-11-09 13:37:42"},{"nodeID":"1330032","text":"Anne McElvoy: I question the wisdom of that move","type":"L","timestamp":"2023-11-09 13:37:42"},{"nodeID":"1330033","text":"Analysing","type":"YA","timestamp":"2023-11-09 13:37:42"},{"nodeID":"1330034","text":"Calum: Anne McElvoy: I question the wisdom of that move","type":"L","timestamp":"2023-11-09 13:37:42"},{"nodeID":"1330035","text":"Asserting","type":"YA","timestamp":"2023-11-09 13:37:42"},{"nodeID":"1330036","text":"Anne McElvoy has something a little bit less good to say to the IMF","type":"I","timestamp":"2023-11-09 13:37:43"},{"nodeID":"1330037","text":"Anne McElvoy: I have something a little bit less good to say to the IMF","type":"L","timestamp":"2023-11-09 13:37:43"},{"nodeID":"1330038","text":"Analysing","type":"YA","timestamp":"2023-11-09 13:37:43"},{"nodeID":"1330039","text":"Calum: Anne McElvoy: I have something a little bit less good to say to the IMF","type":"L","timestamp":"2023-11-09 13:37:43"},{"nodeID":"1330040","text":"Asserting","type":"YA","timestamp":"2023-11-09 13:37:43"},{"nodeID":"1330041","text":"the IMF is a lender of last resort to a very important institution","type":"I","timestamp":"2023-11-09 13:37:43"},{"nodeID":"1330042","text":"Anne McElvoy: It is lender of last resort to a very important institution","type":"L","timestamp":"2023-11-09 13:37:43"},{"nodeID":"1330043","text":"Analysing","type":"YA","timestamp":"2023-11-09 13:37:43"},{"nodeID":"1330044","text":"Calum: Anne McElvoy: It is lender of last resort to a very important institution","type":"L","timestamp":"2023-11-09 13:37:43"},{"nodeID":"1330045","text":"Asserting","type":"YA","timestamp":"2023-11-09 13:37:43"},{"nodeID":"1330046","text":"there was a lot of commentary from the IMF which went beyond where the IMF should be which is where the top tax rate should be","type":"I","timestamp":"2023-11-09 13:37:44"},{"nodeID":"1330047","text":"Anne McElvoy: there was a lot of commentary from the IMF which went beyond where the IMF should be which is where the top tax rate should be","type":"L","timestamp":"2023-11-09 13:37:44"},{"nodeID":"1330048","text":"Analysing","type":"YA","timestamp":"2023-11-09 13:37:44"},{"nodeID":"1330049","text":"Calum: Anne McElvoy: there was a lot of commentary from the IMF which went beyond where the IMF should be which is where the top tax rate should be","type":"L","timestamp":"2023-11-09 13:37:44"},{"nodeID":"1330050","text":"Asserting","type":"YA","timestamp":"2023-11-09 13:37:44"},{"nodeID":"1330051","text":"Default Transition","type":"TA","timestamp":"2023-11-09 13:37:44"},{"nodeID":"1330052","text":"Default Inference","type":"RA","timestamp":"2023-11-09 13:37:44"},{"nodeID":"1330053","text":"Arguing","type":"YA","timestamp":"2023-11-09 13:37:44"},{"nodeID":"1330054","text":"Default Transition","type":"TA","timestamp":"2023-11-09 13:37:44"},{"nodeID":"1330055","text":"Default Inference","type":"RA","timestamp":"2023-11-09 13:37:44"},{"nodeID":"1330056","text":"Default Transition","type":"TA","timestamp":"2023-11-09 13:37:44"},{"nodeID":"1330057","text":"Arguing","type":"YA","timestamp":"2023-11-09 13:37:44"},{"nodeID":"1330058","text":"Default Transition","type":"TA","timestamp":"2023-11-09 13:37:44"},{"nodeID":"1330059","text":"the IMF help in desperate situations","type":"I","timestamp":"2023-11-09 13:37:44"},{"nodeID":"1330060","text":"Karan Bilimoria: They help in desperate situations","type":"L","timestamp":"2023-11-09 13:37:44"},{"nodeID":"1330061","text":"Analysing","type":"YA","timestamp":"2023-11-09 13:37:44"},{"nodeID":"1330062","text":"Calum: Karan Bilimoria: They help in desperate situations","type":"L","timestamp":"2023-11-09 13:37:44"},{"nodeID":"1330063","text":"Asserting","type":"YA","timestamp":"2023-11-09 13:37:44"},{"nodeID":"1330064","text":"you've got to give them credit for that","type":"I","timestamp":"2023-11-09 13:37:45"},{"nodeID":"1330065","text":"Karan Bilimoria: you've got to give them credit for that","type":"L","timestamp":"2023-11-09 13:37:45"},{"nodeID":"1330066","text":"Analysing","type":"YA","timestamp":"2023-11-09 13:37:45"},{"nodeID":"1330067","text":"Calum: Karan Bilimoria: you've got to give them credit for that","type":"L","timestamp":"2023-11-09 13:37:45"},{"nodeID":"1330068","text":"Asserting","type":"YA","timestamp":"2023-11-09 13:37:45"},{"nodeID":"1330069","text":"the 40% tax rate is a timing","type":"I","timestamp":"2023-11-09 13:37:46"},{"nodeID":"1330070","text":"Karan Bilimoria: The 40%, by the way, it is a timing, as Richard said","type":"L","timestamp":"2023-11-09 13:37:46"},{"nodeID":"1330071","text":"Analysing","type":"YA","timestamp":"2023-11-09 13:37:46"},{"nodeID":"1330072","text":"Calum: Karan Bilimoria: The 40%, by the way, it is a timing, as Richard said","type":"L","timestamp":"2023-11-09 13:37:46"},{"nodeID":"1330073","text":"Margaret Thatcher set the tax rate at 40%","type":"I","timestamp":"2023-11-09 13:37:46"},{"nodeID":"1330074","text":"Karan Bilimoria: Margaret Thatcher, 40%","type":"L","timestamp":"2023-11-09 13:37:46"},{"nodeID":"1330075","text":"Analysing","type":"YA","timestamp":"2023-11-09 13:37:46"},{"nodeID":"1330076","text":"Calum: Karan Bilimoria: Margaret Thatcher, 40%","type":"L","timestamp":"2023-11-09 13:37:46"},{"nodeID":"1330077","text":"Asserting","type":"YA","timestamp":"2023-11-09 13:37:46"},{"nodeID":"1330078","text":"Tony Blair set the tax rate at 40%","type":"I","timestamp":"2023-11-09 13:37:47"},{"nodeID":"1330079","text":"Karan Bilimoria: Tony Blair 40%","type":"L","timestamp":"2023-11-09 13:37:47"},{"nodeID":"1330080","text":"Analysing","type":"YA","timestamp":"2023-11-09 13:37:47"},{"nodeID":"1330081","text":"Calum: Karan Bilimoria: Tony Blair 40%","type":"L","timestamp":"2023-11-09 13:37:47"},{"nodeID":"1330082","text":"Asserting","type":"YA","timestamp":"2023-11-09 13:37:47"},{"nodeID":"1330083","text":"Gordon Brown 40% set the tax rate at 40% until before he lost the election and put it up to 50%","type":"I","timestamp":"2023-11-09 13:37:47"},{"nodeID":"1330084","text":"Karan Bilimoria: Gordon Brown 40% until before he lost the election and put it up to 50%","type":"L","timestamp":"2023-11-09 13:37:47"},{"nodeID":"1330085","text":"Analysing","type":"YA","timestamp":"2023-11-09 13:37:47"},{"nodeID":"1330086","text":"Calum: Karan Bilimoria: Gordon Brown 40% until before he lost the election and put it up to 50%","type":"L","timestamp":"2023-11-09 13:37:47"},{"nodeID":"1330087","text":"Asserting","type":"YA","timestamp":"2023-11-09 13:37:47"},{"nodeID":"1330088","text":"George Osborne didn't have the guts to put the tax rate back down","type":"I","timestamp":"2023-11-09 13:37:48"},{"nodeID":"1330089","text":"Karan Bilimoria: George Osborne didn't have the guts to put it back down","type":"L","timestamp":"2023-11-09 13:37:48"},{"nodeID":"1330090","text":"Analysing","type":"YA","timestamp":"2023-11-09 13:37:48"},{"nodeID":"1330091","text":"Calum: Karan Bilimoria: George Osborne didn't have the guts to put it back down","type":"L","timestamp":"2023-11-09 13:37:48"},{"nodeID":"1330092","text":"Asserting","type":"YA","timestamp":"2023-11-09 13:37:48"},{"nodeID":"1330093","text":"there is a time to get back to the 40% tax rate","type":"I","timestamp":"2023-11-09 13:37:48"},{"nodeID":"1330094","text":"Karan Bilimoria: There is a time to get back to the 40%","type":"L","timestamp":"2023-11-09 13:37:48"},{"nodeID":"1330095","text":"Analysing","type":"YA","timestamp":"2023-11-09 13:37:48"},{"nodeID":"1330096","text":"Calum: Karan Bilimoria: There is a time to get back to the 40%","type":"L","timestamp":"2023-11-09 13:37:48"},{"nodeID":"1330097","text":"Asserting","type":"YA","timestamp":"2023-11-09 13:37:48"},{"nodeID":"1330098","text":"now is not the time to go back to the 40% tax rate","type":"I","timestamp":"2023-11-09 13:37:49"},{"nodeID":"1330099","text":"Karan Bilimoria: not now","type":"L","timestamp":"2023-11-09 13:37:49"},{"nodeID":"1330100","text":"Analysing","type":"YA","timestamp":"2023-11-09 13:37:49"},{"nodeID":"1330101","text":"Calum: Karan Bilimoria: not now","type":"L","timestamp":"2023-11-09 13:37:49"},{"nodeID":"1330102","text":"Asserting","type":"YA","timestamp":"2023-11-09 13:37:49"},{"nodeID":"1330103","text":"Default Transition","type":"TA","timestamp":"2023-11-09 13:37:49"},{"nodeID":"1330104","text":"Default Rephrase","type":"MA","timestamp":"2023-11-09 13:37:49"},{"nodeID":"1330105","text":"Restating","type":"YA","timestamp":"2023-11-09 13:37:49"},{"nodeID":"1330106","text":"Default Transition","type":"TA","timestamp":"2023-11-09 13:37:49"},{"nodeID":"1330107","text":"Default Inference","type":"RA","timestamp":"2023-11-09 13:37:49"},{"nodeID":"1330108","text":"Arguing","type":"YA","timestamp":"2023-11-09 13:37:49"},{"nodeID":"1330109","text":"Richard Bacon: The 40%, by the way, it is a timing, as Richard said","type":"L","timestamp":"2023-11-09 13:37:49"},{"nodeID":"1330110","text":"Analysing","type":"YA","timestamp":"2023-11-09 13:37:49"},{"nodeID":"1330111","text":"Calum: Richard Bacon: The 40%, by the way, it is a timing, as Richard said","type":"L","timestamp":"2023-11-09 13:37:49"},{"nodeID":"1330112","text":"Asserting","type":"YA","timestamp":"2023-11-09 13:37:49"},{"nodeID":"1330113","text":"Asserting","type":"YA","timestamp":"2023-11-09 13:37:49"},{"nodeID":"1330114","text":"Default Transition","type":"TA","timestamp":"2023-11-09 13:37:49"},{"nodeID":"1330115","text":"Default Transition","type":"TA","timestamp":"2023-11-09 13:37:49"},{"nodeID":"1330116","text":"Default Conflict","type":"CA","timestamp":"2023-11-09 13:37:49"},{"nodeID":"1330117","text":"Disagreeing","type":"YA","timestamp":"2023-11-09 13:37:49"},{"nodeID":"1330118","text":"Default Transition","type":"TA","timestamp":"2023-11-09 13:37:49"},{"nodeID":"1330119","text":"Default Transition","type":"TA","timestamp":"2023-11-09 13:37:49"},{"nodeID":"1330120","text":"Default Inference","type":"RA","timestamp":"2023-11-09 13:37:49"},{"nodeID":"1330121","text":"Arguing","type":"YA","timestamp":"2023-11-09 13:37:49"},{"nodeID":"1330122","text":"Default Transition","type":"TA","timestamp":"2023-11-09 13:37:49"},{"nodeID":"1330123","text":"Default Transition","type":"TA","timestamp":"2023-11-09 13:37:49"},{"nodeID":"1330124","text":"Default Transition","type":"TA","timestamp":"2023-11-09 13:37:49"},{"nodeID":"1330125","text":"Default Rephrase","type":"MA","timestamp":"2023-11-09 13:37:49"},{"nodeID":"1330126","text":"Default Rephrase","type":"MA","timestamp":"2023-11-09 13:37:49"},{"nodeID":"1330127","text":"Default Rephrase","type":"MA","timestamp":"2023-11-09 13:37:49"},{"nodeID":"1330128","text":"Restating","type":"YA","timestamp":"2023-11-09 13:37:49"},{"nodeID":"1330129","text":"Restating","type":"YA","timestamp":"2023-11-09 13:37:49"},{"nodeID":"1330130","text":"Restating","type":"YA","timestamp":"2023-11-09 13:37:49"},{"nodeID":"1330131","text":"we select our questions in this programme based on what you're interested in","type":"I","timestamp":"2023-11-09 13:37:50"},{"nodeID":"1330132","text":"Fiona Bruce: we select our questions in this programme based on what you're interested in","type":"L","timestamp":"2023-11-09 13:37:50"},{"nodeID":"1330133","text":"Analysing","type":"YA","timestamp":"2023-11-09 13:37:50"},{"nodeID":"1330134","text":"Calum: Fiona Bruce: we select our questions in this programme based on what you're interested in","type":"L","timestamp":"2023-11-09 13:37:50"},{"nodeID":"1330135","text":"Asserting","type":"YA","timestamp":"2023-11-09 13:37:50"},{"nodeID":"1330136","text":"the questions you submit and where we think will provoke the most debate are selected","type":"I","timestamp":"2023-11-09 13:37:50"},{"nodeID":"1330137","text":"Fiona Bruce: The questions you submit and where we think will provoke the most debate","type":"L","timestamp":"2023-11-09 13:37:50"},{"nodeID":"1330138","text":"Analysing","type":"YA","timestamp":"2023-11-09 13:37:50"},{"nodeID":"1330139","text":"Calum: Fiona Bruce: The questions you submit and where we think will provoke the most debate","type":"L","timestamp":"2023-11-09 13:37:50"},{"nodeID":"1330140","text":"Asserting","type":"YA","timestamp":"2023-11-09 13:37:50"},{"nodeID":"1330141","text":"all of the audience asked about tax rates","type":"I","timestamp":"2023-11-09 13:37:51"},{"nodeID":"1330142","text":"Fiona Bruce: All of you asked about this subject","type":"L","timestamp":"2023-11-09 13:37:51"},{"nodeID":"1330143","text":"Analysing","type":"YA","timestamp":"2023-11-09 13:37:51"},{"nodeID":"1330144","text":"Calum: Fiona Bruce: All of you asked about this subject","type":"L","timestamp":"2023-11-09 13:37:51"},{"nodeID":"1330145","text":"Asserting","type":"YA","timestamp":"2023-11-09 13:37:51"},{"nodeID":"1330146","text":"Fiona Bruce is aware we could talk around tax rates for the time","type":"I","timestamp":"2023-11-09 13:37:51"},{"nodeID":"1330147","text":"Fiona Bruce: I'm aware we could talk around it all for the time","type":"L","timestamp":"2023-11-09 13:37:51"},{"nodeID":"1330148","text":"Analysing","type":"YA","timestamp":"2023-11-09 13:37:51"},{"nodeID":"1330149","text":"Calum: Fiona Bruce: I'm aware we could talk around it all for the time","type":"L","timestamp":"2023-11-09 13:37:51"},{"nodeID":"1330150","text":"Asserting","type":"YA","timestamp":"2023-11-09 13:37:51"},{"nodeID":"1330151","text":"Fiona Bruce is going to take different bits to break it up a bit","type":"I","timestamp":"2023-11-09 13:37:52"},{"nodeID":"1330152","text":"Fiona Bruce: I'm going to take different bits to break it up a bit","type":"L","timestamp":"2023-11-09 13:37:52"},{"nodeID":"1330153","text":"Analysing","type":"YA","timestamp":"2023-11-09 13:37:52"},{"nodeID":"1330154","text":"Calum: Fiona Bruce: I'm going to take different bits to break it up a bit","type":"L","timestamp":"2023-11-09 13:37:52"},{"nodeID":"1330155","text":"Asserting","type":"YA","timestamp":"2023-11-09 13:37:52"},{"nodeID":"1330156","text":"Default Transition","type":"TA","timestamp":"2023-11-09 13:37:52"},{"nodeID":"1330157","text":"Default Transition","type":"TA","timestamp":"2023-11-09 13:37:52"},{"nodeID":"1330158","text":"Default Rephrase","type":"MA","timestamp":"2023-11-09 13:37:52"},{"nodeID":"1330159","text":"Restating","type":"YA","timestamp":"2023-11-09 13:37:52"},{"nodeID":"1330160","text":"Default Transition","type":"TA","timestamp":"2023-11-09 13:37:52"},{"nodeID":"1330161","text":"Default Transition","type":"TA","timestamp":"2023-11-09 13:37:52"},{"nodeID":"1330162","text":"Default Inference","type":"RA","timestamp":"2023-11-09 13:37:52"},{"nodeID":"1330163","text":"Default Transition","type":"TA","timestamp":"2023-11-09 13:37:52"},{"nodeID":"1330164","text":"Arguing","type":"YA","timestamp":"2023-11-09 13:37:52"}],"edges":[{"edgeID":"1744524","fromID":"1330028","toID":"1330027","formEdgeID":null},{"edgeID":"1744525","fromID":"1330029","toID":"1330028","formEdgeID":null},{"edgeID":"1744526","fromID":"1330027","toID":"1330030","formEdgeID":null},{"edgeID":"1744527","fromID":"1330030","toID":"1330026","formEdgeID":null},{"edgeID":"1744528","fromID":"1330033","toID":"1330032","formEdgeID":null},{"edgeID":"1744529","fromID":"1330034","toID":"1330033","formEdgeID":null},{"edgeID":"1744530","fromID":"1330032","toID":"1330035","formEdgeID":null},{"edgeID":"1744531","fromID":"1330035","toID":"1330031","formEdgeID":null},{"edgeID":"1744532","fromID":"1330038","toID":"1330037","formEdgeID":null},{"edgeID":"1744533","fromID":"1330039","toID":"1330038","formEdgeID":null},{"edgeID":"1744534","fromID":"1330037","toID":"1330040","formEdgeID":null},{"edgeID":"1744535","fromID":"1330040","toID":"1330036","formEdgeID":null},{"edgeID":"1744536","fromID":"1330043","toID":"1330042","formEdgeID":null},{"edgeID":"1744537","fromID":"1330044","toID":"1330043","formEdgeID":null},{"edgeID":"1744538","fromID":"1330042","toID":"1330045","formEdgeID":null},{"edgeID":"1744539","fromID":"1330045","toID":"1330041","formEdgeID":null},{"edgeID":"1744540","fromID":"1330048","toID":"1330047","formEdgeID":null},{"edgeID":"1744541","fromID":"1330049","toID":"1330048","formEdgeID":null},{"edgeID":"1744542","fromID":"1330047","toID":"1330050","formEdgeID":null},{"edgeID":"1744543","fromID":"1330050","toID":"1330046","formEdgeID":null},{"edgeID":"1744544","fromID":"1330027","toID":"1330051","formEdgeID":null},{"edgeID":"1744545","fromID":"1330051","toID":"1330032","formEdgeID":null},{"edgeID":"1744546","fromID":"1330031","toID":"1330052","formEdgeID":null},{"edgeID":"1744547","fromID":"1330052","toID":"1330026","formEdgeID":null},{"edgeID":"1744548","fromID":"1330051","toID":"1330053","formEdgeID":null},{"edgeID":"1744549","fromID":"1330053","toID":"1330052","formEdgeID":null},{"edgeID":"1744550","fromID":"1330032","toID":"1330054","formEdgeID":null},{"edgeID":"1744551","fromID":"1330054","toID":"1330037","formEdgeID":null},{"edgeID":"1744552","fromID":"1330046","toID":"1330055","formEdgeID":null},{"edgeID":"1744553","fromID":"1330055","toID":"1330036","formEdgeID":null},{"edgeID":"1744554","fromID":"1330037","toID":"1330056","formEdgeID":null},{"edgeID":"1744555","fromID":"1330056","toID":"1330047","formEdgeID":null},{"edgeID":"1744556","fromID":"1330056","toID":"1330057","formEdgeID":null},{"edgeID":"1744557","fromID":"1330057","toID":"1330055","formEdgeID":null},{"edgeID":"1744558","fromID":"1330037","toID":"1330058","formEdgeID":null},{"edgeID":"1744559","fromID":"1330058","toID":"1330042","formEdgeID":null},{"edgeID":"1744560","fromID":"1330061","toID":"1330060","formEdgeID":null},{"edgeID":"1744561","fromID":"1330062","toID":"1330061","formEdgeID":null},{"edgeID":"1744562","fromID":"1330060","toID":"1330063","formEdgeID":null},{"edgeID":"1744563","fromID":"1330063","toID":"1330059","formEdgeID":null},{"edgeID":"1744564","fromID":"1330066","toID":"1330065","formEdgeID":null},{"edgeID":"1744565","fromID":"1330067","toID":"1330066","formEdgeID":null},{"edgeID":"1744566","fromID":"1330065","toID":"1330068","formEdgeID":null},{"edgeID":"1744567","fromID":"1330068","toID":"1330064","formEdgeID":null},{"edgeID":"1744568","fromID":"1330071","toID":"1330070","formEdgeID":null},{"edgeID":"1744569","fromID":"1330072","toID":"1330071","formEdgeID":null},{"edgeID":"1744570","fromID":"1330075","toID":"1330074","formEdgeID":null},{"edgeID":"1744571","fromID":"1330076","toID":"1330075","formEdgeID":null},{"edgeID":"1744572","fromID":"1330074","toID":"1330077","formEdgeID":null},{"edgeID":"1744573","fromID":"1330077","toID":"1330073","formEdgeID":null},{"edgeID":"1744574","fromID":"1330080","toID":"1330079","formEdgeID":null},{"edgeID":"1744575","fromID":"1330081","toID":"1330080","formEdgeID":null},{"edgeID":"1744576","fromID":"1330079","toID":"1330082","formEdgeID":null},{"edgeID":"1744577","fromID":"1330082","toID":"1330078","formEdgeID":null},{"edgeID":"1744578","fromID":"1330085","toID":"1330084","formEdgeID":null},{"edgeID":"1744579","fromID":"1330086","toID":"1330085","formEdgeID":null},{"edgeID":"1744580","fromID":"1330084","toID":"1330087","formEdgeID":null},{"edgeID":"1744581","fromID":"1330087","toID":"1330083","formEdgeID":null},{"edgeID":"1744582","fromID":"1330090","toID":"1330089","formEdgeID":null},{"edgeID":"1744583","fromID":"1330091","toID":"1330090","formEdgeID":null},{"edgeID":"1744584","fromID":"1330089","toID":"1330092","formEdgeID":null},{"edgeID":"1744585","fromID":"1330092","toID":"1330088","formEdgeID":null},{"edgeID":"1744586","fromID":"1330095","toID":"1330094","formEdgeID":null},{"edgeID":"1744587","fromID":"1330096","toID":"1330095","formEdgeID":null},{"edgeID":"1744588","fromID":"1330094","toID":"1330097","formEdgeID":null},{"edgeID":"1744589","fromID":"1330097","toID":"1330093","formEdgeID":null},{"edgeID":"1744590","fromID":"1330100","toID":"1330099","formEdgeID":null},{"edgeID":"1744591","fromID":"1330101","toID":"1330100","formEdgeID":null},{"edgeID":"1744592","fromID":"1330099","toID":"1330102","formEdgeID":null},{"edgeID":"1744593","fromID":"1330102","toID":"1330098","formEdgeID":null},{"edgeID":"1744594","fromID":"1330042","toID":"1330103","formEdgeID":null},{"edgeID":"1744595","fromID":"1330103","toID":"1330060","formEdgeID":null},{"edgeID":"1744596","fromID":"1330059","toID":"1330104","formEdgeID":null},{"edgeID":"1744597","fromID":"1330104","toID":"1330041","formEdgeID":null},{"edgeID":"1744598","fromID":"1330103","toID":"1330105","formEdgeID":null},{"edgeID":"1744599","fromID":"1330105","toID":"1330104","formEdgeID":null},{"edgeID":"1744600","fromID":"1330060","toID":"1330106","formEdgeID":null},{"edgeID":"1744601","fromID":"1330106","toID":"1330065","formEdgeID":null},{"edgeID":"1744602","fromID":"1330059","toID":"1330107","formEdgeID":null},{"edgeID":"1744603","fromID":"1330107","toID":"1330064","formEdgeID":null},{"edgeID":"1744604","fromID":"1330106","toID":"1330108","formEdgeID":null},{"edgeID":"1744605","fromID":"1330108","toID":"1330107","formEdgeID":null},{"edgeID":"1744606","fromID":"1330110","toID":"1330109","formEdgeID":null},{"edgeID":"1744607","fromID":"1330111","toID":"1330110","formEdgeID":null},{"edgeID":"1744608","fromID":"1330109","toID":"1330112","formEdgeID":null},{"edgeID":"1744609","fromID":"1330112","toID":"1330069","formEdgeID":null},{"edgeID":"1744610","fromID":"1330070","toID":"1330113","formEdgeID":null},{"edgeID":"1744611","fromID":"1330113","toID":"1330109","formEdgeID":null},{"edgeID":"1744612","fromID":"1330065","toID":"1330114","formEdgeID":null},{"edgeID":"1744613","fromID":"1330114","toID":"1330070","formEdgeID":null},{"edgeID":"1744614","fromID":"1330094","toID":"1330115","formEdgeID":null},{"edgeID":"1744615","fromID":"1330115","toID":"1330099","formEdgeID":null},{"edgeID":"1744616","fromID":"1330098","toID":"1330116","formEdgeID":null},{"edgeID":"1744617","fromID":"1330116","toID":"1330093","formEdgeID":null},{"edgeID":"1744618","fromID":"1330115","toID":"1330117","formEdgeID":null},{"edgeID":"1744619","fromID":"1330117","toID":"1330116","formEdgeID":null},{"edgeID":"1744620","fromID":"1330089","toID":"1330118","formEdgeID":null},{"edgeID":"1744621","fromID":"1330118","toID":"1330094","formEdgeID":null},{"edgeID":"1744622","fromID":"1330070","toID":"1330119","formEdgeID":null},{"edgeID":"1744623","fromID":"1330119","toID":"1330074","formEdgeID":null},{"edgeID":"1744624","fromID":"1330073","toID":"1330120","formEdgeID":null},{"edgeID":"1744625","fromID":"1330120","toID":"1330069","formEdgeID":null},{"edgeID":"1744626","fromID":"1330119","toID":"1330121","formEdgeID":null},{"edgeID":"1744627","fromID":"1330121","toID":"1330120","formEdgeID":null},{"edgeID":"1744628","fromID":"1330074","toID":"1330122","formEdgeID":null},{"edgeID":"1744629","fromID":"1330122","toID":"1330079","formEdgeID":null},{"edgeID":"1744630","fromID":"1330079","toID":"1330123","formEdgeID":null},{"edgeID":"1744631","fromID":"1330123","toID":"1330084","formEdgeID":null},{"edgeID":"1744632","fromID":"1330084","toID":"1330124","formEdgeID":null},{"edgeID":"1744633","fromID":"1330124","toID":"1330089","formEdgeID":null},{"edgeID":"1744634","fromID":"1330088","toID":"1330125","formEdgeID":null},{"edgeID":"1744635","fromID":"1330125","toID":"1330083","formEdgeID":null},{"edgeID":"1744636","fromID":"1330083","toID":"1330126","formEdgeID":null},{"edgeID":"1744637","fromID":"1330126","toID":"1330078","formEdgeID":null},{"edgeID":"1744638","fromID":"1330078","toID":"1330127","formEdgeID":null},{"edgeID":"1744639","fromID":"1330127","toID":"1330073","formEdgeID":null},{"edgeID":"1744640","fromID":"1330124","toID":"1330128","formEdgeID":null},{"edgeID":"1744641","fromID":"1330128","toID":"1330125","formEdgeID":null},{"edgeID":"1744642","fromID":"1330123","toID":"1330129","formEdgeID":null},{"edgeID":"1744643","fromID":"1330129","toID":"1330126","formEdgeID":null},{"edgeID":"1744644","fromID":"1330122","toID":"1330130","formEdgeID":null},{"edgeID":"1744645","fromID":"1330130","toID":"1330127","formEdgeID":null},{"edgeID":"1744646","fromID":"1330133","toID":"1330132","formEdgeID":null},{"edgeID":"1744647","fromID":"1330134","toID":"1330133","formEdgeID":null},{"edgeID":"1744648","fromID":"1330132","toID":"1330135","formEdgeID":null},{"edgeID":"1744649","fromID":"1330135","toID":"1330131","formEdgeID":null},{"edgeID":"1744650","fromID":"1330138","toID":"1330137","formEdgeID":null},{"edgeID":"1744651","fromID":"1330139","toID":"1330138","formEdgeID":null},{"edgeID":"1744652","fromID":"1330137","toID":"1330140","formEdgeID":null},{"edgeID":"1744653","fromID":"1330140","toID":"1330136","formEdgeID":null},{"edgeID":"1744654","fromID":"1330143","toID":"1330142","formEdgeID":null},{"edgeID":"1744655","fromID":"1330144","toID":"1330143","formEdgeID":null},{"edgeID":"1744656","fromID":"1330142","toID":"1330145","formEdgeID":null},{"edgeID":"1744657","fromID":"1330145","toID":"1330141","formEdgeID":null},{"edgeID":"1744658","fromID":"1330148","toID":"1330147","formEdgeID":null},{"edgeID":"1744659","fromID":"1330149","toID":"1330148","formEdgeID":null},{"edgeID":"1744660","fromID":"1330147","toID":"1330150","formEdgeID":null},{"edgeID":"1744661","fromID":"1330150","toID":"1330146","formEdgeID":null},{"edgeID":"1744662","fromID":"1330153","toID":"1330152","formEdgeID":null},{"edgeID":"1744663","fromID":"1330154","toID":"1330153","formEdgeID":null},{"edgeID":"1744664","fromID":"1330152","toID":"1330155","formEdgeID":null},{"edgeID":"1744665","fromID":"1330155","toID":"1330151","formEdgeID":null},{"edgeID":"1744666","fromID":"1330099","toID":"1330156","formEdgeID":null},{"edgeID":"1744667","fromID":"1330156","toID":"1330132","formEdgeID":null},{"edgeID":"1744668","fromID":"1330132","toID":"1330157","formEdgeID":null},{"edgeID":"1744669","fromID":"1330157","toID":"1330137","formEdgeID":null},{"edgeID":"1744670","fromID":"1330136","toID":"1330158","formEdgeID":null},{"edgeID":"1744671","fromID":"1330158","toID":"1330131","formEdgeID":null},{"edgeID":"1744672","fromID":"1330157","toID":"1330159","formEdgeID":null},{"edgeID":"1744673","fromID":"1330159","toID":"1330158","formEdgeID":null},{"edgeID":"1744674","fromID":"1330137","toID":"1330160","formEdgeID":null},{"edgeID":"1744675","fromID":"1330160","toID":"1330142","formEdgeID":null},{"edgeID":"1744676","fromID":"1330142","toID":"1330161","formEdgeID":null},{"edgeID":"1744677","fromID":"1330161","toID":"1330147","formEdgeID":null},{"edgeID":"1744678","fromID":"1330146","toID":"1330162","formEdgeID":null},{"edgeID":"1744679","fromID":"1330162","toID":"1330151","formEdgeID":null},{"edgeID":"1744680","fromID":"1330141","toID":"1330162","formEdgeID":null},{"edgeID":"1744681","fromID":"1330147","toID":"1330163","formEdgeID":null},{"edgeID":"1744682","fromID":"1330163","toID":"1330152","formEdgeID":null},{"edgeID":"1744683","fromID":"1330163","toID":"1330164","formEdgeID":null},{"edgeID":"1744684","fromID":"1330164","toID":"1330162","formEdgeID":null}],"locutions":[]}