{"nodes":[{"nodeID":"1332440","text":"the objective what you're trying to do to generate growth to then generate jobs which will generate taxes and which will pay down the work is a good objective to have","type":"I","timestamp":"2023-11-09 13:40:59"},{"nodeID":"1332441","text":"Karan Bilimoria: The objective what you're trying to do to generate growth to then generate jobs which will generate taxes and which will pay down the work is a good objective to have","type":"L","timestamp":"2023-11-09 13:40:59"},{"nodeID":"1332442","text":"Analysing","type":"YA","timestamp":"2023-11-09 13:40:59"},{"nodeID":"1332443","text":"Anon: Karan Bilimoria: The objective what you're trying to do to generate growth to then generate jobs which will generate taxes and which will pay down the work is a good objective to have","type":"L","timestamp":"2023-11-09 13:40:59"},{"nodeID":"1332444","text":"Asserting","type":"YA","timestamp":"2023-11-09 13:40:59"},{"nodeID":"1332445","text":"Anne McElvoy: It is","type":"L","timestamp":"2023-11-09 13:40:59"},{"nodeID":"1332446","text":"Analysing","type":"YA","timestamp":"2023-11-09 13:40:59"},{"nodeID":"1332447","text":"Anon: Anne McElvoy: It is","type":"L","timestamp":"2023-11-09 13:40:59"},{"nodeID":"1332448","text":"Default Transition","type":"TA","timestamp":"2023-11-09 13:40:59"},{"nodeID":"1332449","text":"Agreeing","type":"YA","timestamp":"2023-11-09 13:40:59"},{"nodeID":"1332450","text":"the timelines seem to be so far out of joint","type":"I","timestamp":"2023-11-09 13:41:00"},{"nodeID":"1332451","text":"Anne McElvoy: the timelines seem to be so far out of joint","type":"L","timestamp":"2023-11-09 13:41:00"},{"nodeID":"1332452","text":"Analysing","type":"YA","timestamp":"2023-11-09 13:41:00"},{"nodeID":"1332453","text":"Anon: Anne McElvoy: the timelines seem to be so far out of joint","type":"L","timestamp":"2023-11-09 13:41:00"},{"nodeID":"1332454","text":"Asserting","type":"YA","timestamp":"2023-11-09 13:41:00"},{"nodeID":"1332455","text":"Default Conflict","type":"CA","timestamp":"2023-11-09 13:41:00"},{"nodeID":"1332456","text":"Default Transition","type":"TA","timestamp":"2023-11-09 13:41:00"},{"nodeID":"1332457","text":"Disagreeing","type":"YA","timestamp":"2023-11-09 13:41:00"},{"nodeID":"1332458","text":"Anne McElvoy will shut up","type":"I","timestamp":"2023-11-09 13:41:00"},{"nodeID":"1332459","text":"Anne McElvoy:  I will shut up","type":"L","timestamp":"2023-11-09 13:41:00"},{"nodeID":"1332460","text":"Analysing","type":"YA","timestamp":"2023-11-09 13:41:00"},{"nodeID":"1332461","text":"Anon: Anne McElvoy:  I will shut up","type":"L","timestamp":"2023-11-09 13:41:00"},{"nodeID":"1332462","text":"Asserting","type":"YA","timestamp":"2023-11-09 13:41:00"},{"nodeID":"1332463","text":"Default Transition","type":"TA","timestamp":"2023-11-09 13:41:00"},{"nodeID":"1332464","text":"we have a situation where you have all of the pain","type":"I","timestamp":"2023-11-09 13:41:01"},{"nodeID":"1332465","text":"Anne McElvoy: We have a situation where you have all of the pain","type":"L","timestamp":"2023-11-09 13:41:01"},{"nodeID":"1332466","text":"Analysing","type":"YA","timestamp":"2023-11-09 13:41:01"},{"nodeID":"1332467","text":"Anon: Anne McElvoy: We have a situation where you have all of the pain","type":"L","timestamp":"2023-11-09 13:41:01"},{"nodeID":"1332468","text":"Asserting","type":"YA","timestamp":"2023-11-09 13:41:01"},{"nodeID":"1332469","text":"Default Transition","type":"TA","timestamp":"2023-11-09 13:41:01"},{"nodeID":"1332470","text":"the way of sorting out Jamie's problem was to build more houses","type":"I","timestamp":"2023-11-09 13:41:01"},{"nodeID":"1332471","text":"Paul Scully: The way of sorting out Jamie's problem was to build more houses","type":"L","timestamp":"2023-11-09 13:41:01"},{"nodeID":"1332472","text":"Analysing","type":"YA","timestamp":"2023-11-09 13:41:01"},{"nodeID":"1332473","text":"Anon: Paul Scully: The way of sorting out Jamie's problem was to build more houses","type":"L","timestamp":"2023-11-09 13:41:01"},{"nodeID":"1332474","text":"Asserting","type":"YA","timestamp":"2023-11-09 13:41:01"},{"nodeID":"1332475","text":"we need to unlock the building that's around","type":"I","timestamp":"2023-11-09 13:41:02"},{"nodeID":"1332476","text":"Paul Scully: We need to unlock the building that's around","type":"L","timestamp":"2023-11-09 13:41:02"},{"nodeID":"1332477","text":"Analysing","type":"YA","timestamp":"2023-11-09 13:41:02"},{"nodeID":"1332478","text":"Anon: Paul Scully: We need to unlock the building that's around","type":"L","timestamp":"2023-11-09 13:41:02"},{"nodeID":"1332479","text":"Asserting","type":"YA","timestamp":"2023-11-09 13:41:02"},{"nodeID":"1332480","text":"unlocking the building that's around is not happening","type":"I","timestamp":"2023-11-09 13:41:03"},{"nodeID":"1332481","text":"Paul Scully: not happening","type":"L","timestamp":"2023-11-09 13:41:03"},{"nodeID":"1332482","text":"Analysing","type":"YA","timestamp":"2023-11-09 13:41:03"},{"nodeID":"1332483","text":"Anon: Paul Scully: not happening","type":"L","timestamp":"2023-11-09 13:41:03"},{"nodeID":"1332484","text":"Asserting","type":"YA","timestamp":"2023-11-09 13:41:03"},{"nodeID":"1332485","text":"unlocking the 12,000 buildings in Bolton is not happening","type":"I","timestamp":"2023-11-09 13:41:03"},{"nodeID":"1332486","text":"Paul Scully: including 12,000 in Bolton","type":"L","timestamp":"2023-11-09 13:41:03"},{"nodeID":"1332487","text":"Analysing","type":"YA","timestamp":"2023-11-09 13:41:03"},{"nodeID":"1332488","text":"Anon: Paul Scully: including 12,000 in Bolton","type":"L","timestamp":"2023-11-09 13:41:03"},{"nodeID":"1332489","text":"Asserting","type":"YA","timestamp":"2023-11-09 13:41:03"},{"nodeID":"1332490","text":"Default Conflict","type":"CA","timestamp":"2023-11-09 13:41:03"},{"nodeID":"1332491","text":"Default Conflict","type":"CA","timestamp":"2023-11-09 13:41:03"},{"nodeID":"1332492","text":"Default Transition","type":"TA","timestamp":"2023-11-09 13:41:03"},{"nodeID":"1332493","text":"Default Transition","type":"TA","timestamp":"2023-11-09 13:41:03"},{"nodeID":"1332494","text":"Default Transition","type":"TA","timestamp":"2023-11-09 13:41:03"},{"nodeID":"1332495","text":"Disagreeing","type":"YA","timestamp":"2023-11-09 13:41:03"},{"nodeID":"1332496","text":"Disagreeing","type":"YA","timestamp":"2023-11-09 13:41:03"},{"nodeID":"1332497","text":"Paul Scully was down in Ebbsfleet where there is 15,000 buildings which are not getting unlocked","type":"I","timestamp":"2023-11-09 13:41:04"},{"nodeID":"1332498","text":"Paul Scully:  I was down in Ebbsfleet where there is 15,000","type":"L","timestamp":"2023-11-09 13:41:04"},{"nodeID":"1332499","text":"Analysing","type":"YA","timestamp":"2023-11-09 13:41:04"},{"nodeID":"1332500","text":"Anon: Paul Scully:  I was down in Ebbsfleet where there is 15,000","type":"L","timestamp":"2023-11-09 13:41:04"},{"nodeID":"1332501","text":"Asserting","type":"YA","timestamp":"2023-11-09 13:41:04"},{"nodeID":"1332502","text":"Default Transition","type":"TA","timestamp":"2023-11-09 13:41:04"},{"nodeID":"1332503","text":"Default Conflict","type":"CA","timestamp":"2023-11-09 13:41:04"},{"nodeID":"1332504","text":"Disagreeing","type":"YA","timestamp":"2023-11-09 13:41:04"},{"nodeID":"1332505","text":"we need to get on and build","type":"I","timestamp":"2023-11-09 13:41:04"},{"nodeID":"1332506","text":"Paul Scully: We need to get on and build","type":"L","timestamp":"2023-11-09 13:41:04"},{"nodeID":"1332507","text":"Analysing","type":"YA","timestamp":"2023-11-09 13:41:04"},{"nodeID":"1332508","text":"Anon: Paul Scully: We need to get on and build","type":"L","timestamp":"2023-11-09 13:41:04"},{"nodeID":"1332509","text":"Asserting","type":"YA","timestamp":"2023-11-09 13:41:04"},{"nodeID":"1332510","text":"Default Inference","type":"RA","timestamp":"2023-11-09 13:41:04"},{"nodeID":"1332511","text":"Default Transition","type":"TA","timestamp":"2023-11-09 13:41:04"},{"nodeID":"1332512","text":"Arguing","type":"YA","timestamp":"2023-11-09 13:41:04"},{"nodeID":"1332513","text":"Fiona Bruce is conscious that everything we're hearing from Paul Scully is very critical of what the Government has done on Friday","type":"I","timestamp":"2023-11-09 13:41:05"},{"nodeID":"1332514","text":"Fiona Bruce:  I'm conscious that everything we're hearing from you is very critical of what the Government has done on Friday","type":"L","timestamp":"2023-11-09 13:41:05"},{"nodeID":"1332515","text":"Analysing","type":"YA","timestamp":"2023-11-09 13:41:05"},{"nodeID":"1332516","text":"Anon: Fiona Bruce:  I'm conscious that everything we're hearing from you is very critical of what the Government has done on Friday","type":"L","timestamp":"2023-11-09 13:41:05"},{"nodeID":"1332517","text":"Asserting","type":"YA","timestamp":"2023-11-09 13:41:05"},{"nodeID":"1332518","text":"Default Transition","type":"TA","timestamp":"2023-11-09 13:41:05"},{"nodeID":"1332519","text":"Fiona Bruce also knows that there are more of you who voted Conservative than have voted for any other single party","type":"I","timestamp":"2023-11-09 13:41:06"},{"nodeID":"1332520","text":"Fiona Bruce:  I also know that there are more of you who voted Conservative than have voted for any other single party","type":"L","timestamp":"2023-11-09 13:41:06"},{"nodeID":"1332521","text":"Analysing","type":"YA","timestamp":"2023-11-09 13:41:06"},{"nodeID":"1332522","text":"Anon: Fiona Bruce:  I also know that there are more of you who voted Conservative than have voted for any other single party","type":"L","timestamp":"2023-11-09 13:41:06"},{"nodeID":"1332523","text":"Asserting","type":"YA","timestamp":"2023-11-09 13:41:06"},{"nodeID":"1332524","text":"Default Transition","type":"TA","timestamp":"2023-11-09 13:41:06"},{"nodeID":"1332525","text":"Default Conflict","type":"CA","timestamp":"2023-11-09 13:41:06"},{"nodeID":"1332526","text":"Disagreeing","type":"YA","timestamp":"2023-11-09 13:41:06"},{"nodeID":"1332527","text":"Fiona Bruce wants to hear all views","type":"I","timestamp":"2023-11-09 13:41:06"},{"nodeID":"1332528","text":"Fiona Bruce: I want to hear all views","type":"L","timestamp":"2023-11-09 13:41:06"},{"nodeID":"1332529","text":"Analysing","type":"YA","timestamp":"2023-11-09 13:41:06"},{"nodeID":"1332530","text":"Anon: Fiona Bruce: I want to hear all views","type":"L","timestamp":"2023-11-09 13:41:06"},{"nodeID":"1332531","text":"Asserting","type":"YA","timestamp":"2023-11-09 13:41:06"},{"nodeID":"1332532","text":"Fiona Bruce doesn't know so far of those of the people present who have spoken if you're Labour voters or if you are in the \"don't know\" category","type":"I","timestamp":"2023-11-09 13:41:07"},{"nodeID":"1332533","text":"Fiona Bruce:  I don't know so far of those of you who have spoken if you're Labour voters or if you are in the \"don't know\" category","type":"L","timestamp":"2023-11-09 13:41:07"},{"nodeID":"1332534","text":"Analysing","type":"YA","timestamp":"2023-11-09 13:41:07"},{"nodeID":"1332535","text":"Anon: Fiona Bruce:  I don't know so far of those of you who have spoken if you're Labour voters or if you are in the \"don't know\" category","type":"L","timestamp":"2023-11-09 13:41:07"},{"nodeID":"1332536","text":"Asserting","type":"YA","timestamp":"2023-11-09 13:41:07"},{"nodeID":"1332537","text":"Default Transition","type":"TA","timestamp":"2023-11-09 13:41:07"},{"nodeID":"1332538","text":"Fiona Bruce can't tell whether the people who have spoken today are Labour voters or in the 'don't know' category","type":"I","timestamp":"2023-11-09 13:41:07"},{"nodeID":"1332539","text":"Fiona Bruce: I can't tell","type":"L","timestamp":"2023-11-09 13:41:07"},{"nodeID":"1332540","text":"Analysing","type":"YA","timestamp":"2023-11-09 13:41:07"},{"nodeID":"1332541","text":"Anon: Fiona Bruce: I can't tell","type":"L","timestamp":"2023-11-09 13:41:07"},{"nodeID":"1332542","text":"Asserting","type":"YA","timestamp":"2023-11-09 13:41:07"},{"nodeID":"1332543","text":"Default Rephrase","type":"MA","timestamp":"2023-11-09 13:41:07"},{"nodeID":"1332544","text":"Default Transition","type":"TA","timestamp":"2023-11-09 13:41:07"},{"nodeID":"1332545","text":"Restating","type":"YA","timestamp":"2023-11-09 13:41:07"},{"nodeID":"1332546","text":"Fiona Bruce would like to hear from Conservative voters","type":"I","timestamp":"2023-11-09 13:41:08"},{"nodeID":"1332547","text":"Fiona Bruce: I'd like to hear from Conservative voters","type":"L","timestamp":"2023-11-09 13:41:08"},{"nodeID":"1332548","text":"Analysing","type":"YA","timestamp":"2023-11-09 13:41:08"},{"nodeID":"1332549","text":"Anon: Fiona Bruce: I'd like to hear from Conservative voters","type":"L","timestamp":"2023-11-09 13:41:08"},{"nodeID":"1332550","text":"Asserting","type":"YA","timestamp":"2023-11-09 13:41:08"},{"nodeID":"1332551","text":"Default Conflict","type":"CA","timestamp":"2023-11-09 13:41:08"},{"nodeID":"1332552","text":"Disagreeing","type":"YA","timestamp":"2023-11-09 13:41:08"},{"nodeID":"1332553","text":"Default Inference","type":"RA","timestamp":"2023-11-09 13:41:08"},{"nodeID":"1332554","text":"Default Transition","type":"TA","timestamp":"2023-11-09 13:41:08"},{"nodeID":"1332555","text":"Arguing","type":"YA","timestamp":"2023-11-09 13:41:08"},{"nodeID":"1332556","text":"when Fiona Bruce asked to hear from Conservative voters, the hands in the audience went down","type":"I","timestamp":"2023-11-09 13:41:08"},{"nodeID":"1332557","text":"Richard Bacon: The hands went down","type":"L","timestamp":"2023-11-09 13:41:08"},{"nodeID":"1332558","text":"Analysing","type":"YA","timestamp":"2023-11-09 13:41:08"},{"nodeID":"1332559","text":"Anon: Richard Bacon: The hands went down","type":"L","timestamp":"2023-11-09 13:41:08"},{"nodeID":"1332560","text":"Asserting","type":"YA","timestamp":"2023-11-09 13:41:08"},{"nodeID":"1332561","text":"Default Transition","type":"TA","timestamp":"2023-11-09 13:41:08"},{"nodeID":"1332562","text":"the painful situation occurring now appeared to not have been factored in by the Prime Minister and the Chancellor","type":"I","timestamp":"2023-11-09 13:41:09"},{"nodeID":"1332563","text":"Anne McElvoy:  it appeared that this was not","type":"L","timestamp":"2023-11-09 13:41:09"},{"nodeID":"1332564","text":"Analysing","type":"YA","timestamp":"2023-11-09 13:41:09"},{"nodeID":"1332565","text":"Anon: Anne McElvoy:  it appeared that this was not","type":"L","timestamp":"2023-11-09 13:41:09"},{"nodeID":"1332566","text":"Asserting","type":"YA","timestamp":"2023-11-09 13:41:09"},{"nodeID":"1332567","text":"Karan Bilimoria does or does not feel the painful situation occurring now was factored in by the Prime Minister and the Chancellor","type":"I","timestamp":"2023-11-09 13:41:10"},{"nodeID":"1332568","text":"Anne McElvoy:  I don't know if you feel it wasn't even factored in by the Prime Minister and the Chancellor","type":"L","timestamp":"2023-11-09 13:41:10"},{"nodeID":"1332569","text":"Analysing","type":"YA","timestamp":"2023-11-09 13:41:10"},{"nodeID":"1332570","text":"Anon: Anne McElvoy:  I don't know if you feel it wasn't even factored in by the Prime Minister and the Chancellor","type":"L","timestamp":"2023-11-09 13:41:10"},{"nodeID":"1332571","text":"Assertive Questioning","type":"YA","timestamp":"2023-11-09 13:41:10"},{"nodeID":"1332572","text":"Default Transition","type":"TA","timestamp":"2023-11-09 13:41:10"},{"nodeID":"1332573","text":"Default Transition","type":"TA","timestamp":"2023-11-09 13:41:10"},{"nodeID":"1332574","text":"Default Transition","type":"TA","timestamp":"2023-11-09 13:41:10"},{"nodeID":"1332575","text":"Default Rephrase","type":"MA","timestamp":"2023-11-09 13:41:10"},{"nodeID":"1332576","text":"Default Rephrase","type":"MA","timestamp":"2023-11-09 13:41:10"},{"nodeID":"1332577","text":"Restating","type":"YA","timestamp":"2023-11-09 13:41:10"},{"nodeID":"1332578","text":"Restating","type":"YA","timestamp":"2023-11-09 13:41:10"},{"nodeID":"1332579","text":"Default Rephrase","type":"MA","timestamp":"2023-11-09 13:41:10"},{"nodeID":"1332580","text":"Default Transition","type":"TA","timestamp":"2023-11-09 13:41:10"},{"nodeID":"1332581","text":"Restating","type":"YA","timestamp":"2023-11-09 13:41:10"},{"nodeID":"1332582","text":"Default Rephrase","type":"MA","timestamp":"2023-11-09 13:41:10"},{"nodeID":"1332583","text":"Default Transition","type":"TA","timestamp":"2023-11-09 13:41:10"},{"nodeID":"1332584","text":"Restating","type":"YA","timestamp":"2023-11-09 13:41:10"},{"nodeID":"1332585","text":"Default Inference","type":"RA","timestamp":"2023-11-09 13:41:10"},{"nodeID":"1332586","text":"Default Transition","type":"TA","timestamp":"2023-11-09 13:41:10"},{"nodeID":"1332587","text":"Arguing","type":"YA","timestamp":"2023-11-09 13:41:10"}],"edges":[{"edgeID":"1747384","fromID":"1332442","toID":"1332441","formEdgeID":null},{"edgeID":"1747385","fromID":"1332443","toID":"1332442","formEdgeID":null},{"edgeID":"1747386","fromID":"1332441","toID":"1332444","formEdgeID":null},{"edgeID":"1747387","fromID":"1332444","toID":"1332440","formEdgeID":null},{"edgeID":"1747388","fromID":"1332446","toID":"1332445","formEdgeID":null},{"edgeID":"1747389","fromID":"1332447","toID":"1332446","formEdgeID":null},{"edgeID":"1747390","fromID":"1332441","toID":"1332448","formEdgeID":null},{"edgeID":"1747391","fromID":"1332448","toID":"1332445","formEdgeID":null},{"edgeID":"1747392","fromID":"1332448","toID":"1332449","formEdgeID":null},{"edgeID":"1747393","fromID":"1332449","toID":"1332440","formEdgeID":null},{"edgeID":"1747394","fromID":"1332452","toID":"1332451","formEdgeID":null},{"edgeID":"1747395","fromID":"1332453","toID":"1332452","formEdgeID":null},{"edgeID":"1747396","fromID":"1332451","toID":"1332454","formEdgeID":null},{"edgeID":"1747397","fromID":"1332454","toID":"1332450","formEdgeID":null},{"edgeID":"1747398","fromID":"1332450","toID":"1332455","formEdgeID":null},{"edgeID":"1747399","fromID":"1332455","toID":"1332440","formEdgeID":null},{"edgeID":"1747400","fromID":"1332445","toID":"1332456","formEdgeID":null},{"edgeID":"1747401","fromID":"1332456","toID":"1332451","formEdgeID":null},{"edgeID":"1747402","fromID":"1332456","toID":"1332457","formEdgeID":null},{"edgeID":"1747403","fromID":"1332457","toID":"1332455","formEdgeID":null},{"edgeID":"1747404","fromID":"1332460","toID":"1332459","formEdgeID":null},{"edgeID":"1747405","fromID":"1332461","toID":"1332460","formEdgeID":null},{"edgeID":"1747406","fromID":"1332459","toID":"1332462","formEdgeID":null},{"edgeID":"1747407","fromID":"1332462","toID":"1332458","formEdgeID":null},{"edgeID":"1747408","fromID":"1332451","toID":"1332463","formEdgeID":null},{"edgeID":"1747409","fromID":"1332463","toID":"1332459","formEdgeID":null},{"edgeID":"1747410","fromID":"1332466","toID":"1332465","formEdgeID":null},{"edgeID":"1747411","fromID":"1332467","toID":"1332466","formEdgeID":null},{"edgeID":"1747412","fromID":"1332465","toID":"1332468","formEdgeID":null},{"edgeID":"1747413","fromID":"1332468","toID":"1332464","formEdgeID":null},{"edgeID":"1747414","fromID":"1332459","toID":"1332469","formEdgeID":null},{"edgeID":"1747415","fromID":"1332469","toID":"1332465","formEdgeID":null},{"edgeID":"1747416","fromID":"1332472","toID":"1332471","formEdgeID":null},{"edgeID":"1747417","fromID":"1332473","toID":"1332472","formEdgeID":null},{"edgeID":"1747418","fromID":"1332471","toID":"1332474","formEdgeID":null},{"edgeID":"1747419","fromID":"1332474","toID":"1332470","formEdgeID":null},{"edgeID":"1747420","fromID":"1332477","toID":"1332476","formEdgeID":null},{"edgeID":"1747421","fromID":"1332478","toID":"1332477","formEdgeID":null},{"edgeID":"1747422","fromID":"1332476","toID":"1332479","formEdgeID":null},{"edgeID":"1747423","fromID":"1332479","toID":"1332475","formEdgeID":null},{"edgeID":"1747424","fromID":"1332482","toID":"1332481","formEdgeID":null},{"edgeID":"1747425","fromID":"1332483","toID":"1332482","formEdgeID":null},{"edgeID":"1747426","fromID":"1332481","toID":"1332484","formEdgeID":null},{"edgeID":"1747427","fromID":"1332484","toID":"1332480","formEdgeID":null},{"edgeID":"1747428","fromID":"1332487","toID":"1332486","formEdgeID":null},{"edgeID":"1747429","fromID":"1332488","toID":"1332487","formEdgeID":null},{"edgeID":"1747430","fromID":"1332486","toID":"1332489","formEdgeID":null},{"edgeID":"1747431","fromID":"1332489","toID":"1332485","formEdgeID":null},{"edgeID":"1747432","fromID":"1332480","toID":"1332490","formEdgeID":null},{"edgeID":"1747433","fromID":"1332490","toID":"1332475","formEdgeID":null},{"edgeID":"1747434","fromID":"1332485","toID":"1332491","formEdgeID":null},{"edgeID":"1747435","fromID":"1332491","toID":"1332475","formEdgeID":null},{"edgeID":"1747436","fromID":"1332476","toID":"1332492","formEdgeID":null},{"edgeID":"1747437","fromID":"1332492","toID":"1332481","formEdgeID":null},{"edgeID":"1747438","fromID":"1332471","toID":"1332493","formEdgeID":null},{"edgeID":"1747439","fromID":"1332493","toID":"1332476","formEdgeID":null},{"edgeID":"1747440","fromID":"1332476","toID":"1332494","formEdgeID":null},{"edgeID":"1747441","fromID":"1332494","toID":"1332486","formEdgeID":null},{"edgeID":"1747442","fromID":"1332492","toID":"1332495","formEdgeID":null},{"edgeID":"1747443","fromID":"1332495","toID":"1332490","formEdgeID":null},{"edgeID":"1747444","fromID":"1332494","toID":"1332496","formEdgeID":null},{"edgeID":"1747445","fromID":"1332496","toID":"1332491","formEdgeID":null},{"edgeID":"1747446","fromID":"1332499","toID":"1332498","formEdgeID":null},{"edgeID":"1747447","fromID":"1332500","toID":"1332499","formEdgeID":null},{"edgeID":"1747448","fromID":"1332498","toID":"1332501","formEdgeID":null},{"edgeID":"1747449","fromID":"1332501","toID":"1332497","formEdgeID":null},{"edgeID":"1747450","fromID":"1332476","toID":"1332502","formEdgeID":null},{"edgeID":"1747451","fromID":"1332502","toID":"1332498","formEdgeID":null},{"edgeID":"1747452","fromID":"1332497","toID":"1332503","formEdgeID":null},{"edgeID":"1747453","fromID":"1332503","toID":"1332475","formEdgeID":null},{"edgeID":"1747454","fromID":"1332502","toID":"1332504","formEdgeID":null},{"edgeID":"1747455","fromID":"1332504","toID":"1332503","formEdgeID":null},{"edgeID":"1747456","fromID":"1332507","toID":"1332506","formEdgeID":null},{"edgeID":"1747457","fromID":"1332508","toID":"1332507","formEdgeID":null},{"edgeID":"1747458","fromID":"1332506","toID":"1332509","formEdgeID":null},{"edgeID":"1747459","fromID":"1332509","toID":"1332505","formEdgeID":null},{"edgeID":"1747460","fromID":"1332470","toID":"1332510","formEdgeID":null},{"edgeID":"1747461","fromID":"1332510","toID":"1332505","formEdgeID":null},{"edgeID":"1747462","fromID":"1332471","toID":"1332511","formEdgeID":null},{"edgeID":"1747463","fromID":"1332511","toID":"1332506","formEdgeID":null},{"edgeID":"1747464","fromID":"1332511","toID":"1332512","formEdgeID":null},{"edgeID":"1747465","fromID":"1332512","toID":"1332510","formEdgeID":null},{"edgeID":"1747466","fromID":"1332515","toID":"1332514","formEdgeID":null},{"edgeID":"1747467","fromID":"1332516","toID":"1332515","formEdgeID":null},{"edgeID":"1747468","fromID":"1332514","toID":"1332517","formEdgeID":null},{"edgeID":"1747469","fromID":"1332517","toID":"1332513","formEdgeID":null},{"edgeID":"1747470","fromID":"1332506","toID":"1332518","formEdgeID":null},{"edgeID":"1747471","fromID":"1332518","toID":"1332514","formEdgeID":null},{"edgeID":"1747472","fromID":"1332521","toID":"1332520","formEdgeID":null},{"edgeID":"1747473","fromID":"1332522","toID":"1332521","formEdgeID":null},{"edgeID":"1747474","fromID":"1332520","toID":"1332523","formEdgeID":null},{"edgeID":"1747475","fromID":"1332523","toID":"1332519","formEdgeID":null},{"edgeID":"1747476","fromID":"1332514","toID":"1332524","formEdgeID":null},{"edgeID":"1747477","fromID":"1332524","toID":"1332520","formEdgeID":null},{"edgeID":"1747478","fromID":"1332519","toID":"1332525","formEdgeID":null},{"edgeID":"1747479","fromID":"1332525","toID":"1332513","formEdgeID":null},{"edgeID":"1747480","fromID":"1332524","toID":"1332526","formEdgeID":null},{"edgeID":"1747481","fromID":"1332526","toID":"1332525","formEdgeID":null},{"edgeID":"1747482","fromID":"1332529","toID":"1332528","formEdgeID":null},{"edgeID":"1747483","fromID":"1332530","toID":"1332529","formEdgeID":null},{"edgeID":"1747484","fromID":"1332528","toID":"1332531","formEdgeID":null},{"edgeID":"1747485","fromID":"1332531","toID":"1332527","formEdgeID":null},{"edgeID":"1747486","fromID":"1332534","toID":"1332533","formEdgeID":null},{"edgeID":"1747487","fromID":"1332535","toID":"1332534","formEdgeID":null},{"edgeID":"1747488","fromID":"1332533","toID":"1332536","formEdgeID":null},{"edgeID":"1747489","fromID":"1332536","toID":"1332532","formEdgeID":null},{"edgeID":"1747490","fromID":"1332528","toID":"1332537","formEdgeID":null},{"edgeID":"1747491","fromID":"1332537","toID":"1332533","formEdgeID":null},{"edgeID":"1747492","fromID":"1332540","toID":"1332539","formEdgeID":null},{"edgeID":"1747493","fromID":"1332541","toID":"1332540","formEdgeID":null},{"edgeID":"1747494","fromID":"1332539","toID":"1332542","formEdgeID":null},{"edgeID":"1747495","fromID":"1332542","toID":"1332538","formEdgeID":null},{"edgeID":"1747496","fromID":"1332538","toID":"1332543","formEdgeID":null},{"edgeID":"1747497","fromID":"1332543","toID":"1332532","formEdgeID":null},{"edgeID":"1747498","fromID":"1332533","toID":"1332544","formEdgeID":null},{"edgeID":"1747499","fromID":"1332544","toID":"1332539","formEdgeID":null},{"edgeID":"1747500","fromID":"1332544","toID":"1332545","formEdgeID":null},{"edgeID":"1747501","fromID":"1332545","toID":"1332543","formEdgeID":null},{"edgeID":"1747502","fromID":"1332548","toID":"1332547","formEdgeID":null},{"edgeID":"1747503","fromID":"1332549","toID":"1332548","formEdgeID":null},{"edgeID":"1747504","fromID":"1332547","toID":"1332550","formEdgeID":null},{"edgeID":"1747505","fromID":"1332550","toID":"1332546","formEdgeID":null},{"edgeID":"1747506","fromID":"1332532","toID":"1332551","formEdgeID":null},{"edgeID":"1747507","fromID":"1332551","toID":"1332527","formEdgeID":null},{"edgeID":"1747508","fromID":"1332537","toID":"1332552","formEdgeID":null},{"edgeID":"1747509","fromID":"1332552","toID":"1332551","formEdgeID":null},{"edgeID":"1747510","fromID":"1332538","toID":"1332553","formEdgeID":null},{"edgeID":"1747511","fromID":"1332553","toID":"1332546","formEdgeID":null},{"edgeID":"1747512","fromID":"1332539","toID":"1332554","formEdgeID":null},{"edgeID":"1747513","fromID":"1332554","toID":"1332547","formEdgeID":null},{"edgeID":"1747514","fromID":"1332554","toID":"1332555","formEdgeID":null},{"edgeID":"1747515","fromID":"1332555","toID":"1332553","formEdgeID":null},{"edgeID":"1747516","fromID":"1332558","toID":"1332557","formEdgeID":null},{"edgeID":"1747517","fromID":"1332559","toID":"1332558","formEdgeID":null},{"edgeID":"1747518","fromID":"1332557","toID":"1332560","formEdgeID":null},{"edgeID":"1747519","fromID":"1332560","toID":"1332556","formEdgeID":null},{"edgeID":"1747520","fromID":"1332547","toID":"1332561","formEdgeID":null},{"edgeID":"1747521","fromID":"1332561","toID":"1332557","formEdgeID":null},{"edgeID":"1747522","fromID":"1332564","toID":"1332563","formEdgeID":null},{"edgeID":"1747523","fromID":"1332565","toID":"1332564","formEdgeID":null},{"edgeID":"1747524","fromID":"1332563","toID":"1332566","formEdgeID":null},{"edgeID":"1747525","fromID":"1332566","toID":"1332562","formEdgeID":null},{"edgeID":"1747526","fromID":"1332569","toID":"1332568","formEdgeID":null},{"edgeID":"1747527","fromID":"1332570","toID":"1332569","formEdgeID":null},{"edgeID":"1747528","fromID":"1332568","toID":"1332571","formEdgeID":null},{"edgeID":"1747529","fromID":"1332571","toID":"1332567","formEdgeID":null},{"edgeID":"1747530","fromID":"1332465","toID":"1332572","formEdgeID":null},{"edgeID":"1747531","fromID":"1332572","toID":"1332563","formEdgeID":null},{"edgeID":"1747532","fromID":"1332563","toID":"1332573","formEdgeID":null},{"edgeID":"1747533","fromID":"1332573","toID":"1332568","formEdgeID":null},{"edgeID":"1747534","fromID":"1332568","toID":"1332574","formEdgeID":null},{"edgeID":"1747535","fromID":"1332574","toID":"1332471","formEdgeID":null},{"edgeID":"1747536","fromID":"1332562","toID":"1332575","formEdgeID":null},{"edgeID":"1747537","fromID":"1332575","toID":"1332464","formEdgeID":null},{"edgeID":"1747538","fromID":"1332567","toID":"1332576","formEdgeID":null},{"edgeID":"1747539","fromID":"1332576","toID":"1332562","formEdgeID":null},{"edgeID":"1747540","fromID":"1332573","toID":"1332577","formEdgeID":null},{"edgeID":"1747541","fromID":"1332577","toID":"1332576","formEdgeID":null},{"edgeID":"1747542","fromID":"1332572","toID":"1332578","formEdgeID":null},{"edgeID":"1747543","fromID":"1332578","toID":"1332575","formEdgeID":null},{"edgeID":"1747544","fromID":"1332485","toID":"1332579","formEdgeID":null},{"edgeID":"1747545","fromID":"1332579","toID":"1332480","formEdgeID":null},{"edgeID":"1747546","fromID":"1332481","toID":"1332580","formEdgeID":null},{"edgeID":"1747547","fromID":"1332580","toID":"1332486","formEdgeID":null},{"edgeID":"1747548","fromID":"1332580","toID":"1332581","formEdgeID":null},{"edgeID":"1747549","fromID":"1332581","toID":"1332579","formEdgeID":null},{"edgeID":"1747550","fromID":"1332497","toID":"1332582","formEdgeID":null},{"edgeID":"1747551","fromID":"1332582","toID":"1332480","formEdgeID":null},{"edgeID":"1747552","fromID":"1332481","toID":"1332583","formEdgeID":null},{"edgeID":"1747553","fromID":"1332583","toID":"1332498","formEdgeID":null},{"edgeID":"1747554","fromID":"1332583","toID":"1332584","formEdgeID":null},{"edgeID":"1747555","fromID":"1332584","toID":"1332582","formEdgeID":null},{"edgeID":"1747556","fromID":"1332513","toID":"1332585","formEdgeID":null},{"edgeID":"1747557","fromID":"1332585","toID":"1332527","formEdgeID":null},{"edgeID":"1747558","fromID":"1332514","toID":"1332586","formEdgeID":null},{"edgeID":"1747559","fromID":"1332586","toID":"1332528","formEdgeID":null},{"edgeID":"1747560","fromID":"1332586","toID":"1332587","formEdgeID":null},{"edgeID":"1747561","fromID":"1332587","toID":"1332585","formEdgeID":null}],"locutions":[]}