{"nodes":[{"nodeID":"1331061","text":"Karan Bilimoria wants or does not want the Government to spend more money","type":"I","timestamp":"2023-11-09 13:39:07"},{"nodeID":"1331062","text":"Fiona Bruce: You want the Government to spend more money","type":"L","timestamp":"2023-11-09 13:39:07"},{"nodeID":"1331063","text":"Anon: Fiona Bruce: You want the Government to spend more money","type":"L","timestamp":"2023-11-09 13:39:07"},{"nodeID":"1331064","text":"the \u00a3400 billion, you take a tennis stroke and you hit the ball","type":"I","timestamp":"2023-11-09 13:39:07"},{"nodeID":"1331065","text":"Karan Bilimoria: The \u00a3400 billion, you take a tennis stroke and you hit the ball","type":"L","timestamp":"2023-11-09 13:39:07"},{"nodeID":"1331066","text":"Anon: Karan Bilimoria: The \u00a3400 billion, you take a tennis stroke and you hit the ball","type":"L","timestamp":"2023-11-09 13:39:07"},{"nodeID":"1331067","text":"you stop hitting the tennis ball midway","type":"I","timestamp":"2023-11-09 13:39:08"},{"nodeID":"1331068","text":"Karan Bilimoria: if you stop there","type":"L","timestamp":"2023-11-09 13:39:08"},{"nodeID":"1331069","text":"Anon: Karan Bilimoria: if you stop there","type":"L","timestamp":"2023-11-09 13:39:08"},{"nodeID":"1331070","text":"the ball will go into the net","type":"I","timestamp":"2023-11-09 13:39:08"},{"nodeID":"1331071","text":"Karan Bilimoria: the ball will go into the net","type":"L","timestamp":"2023-11-09 13:39:08"},{"nodeID":"1331072","text":"Anon: Karan Bilimoria: the ball will go into the net","type":"L","timestamp":"2023-11-09 13:39:08"},{"nodeID":"1331073","text":"you need to follow through to get the ball over the net","type":"I","timestamp":"2023-11-09 13:39:09"},{"nodeID":"1331074","text":"Karan Bilimoria: You need to follow through to get the ball over the net","type":"L","timestamp":"2023-11-09 13:39:09"},{"nodeID":"1331075","text":"Anon: Karan Bilimoria: You need to follow through to get the ball over the net","type":"L","timestamp":"2023-11-09 13:39:09"},{"nodeID":"1331076","text":"following through may cost 100 billion","type":"I","timestamp":"2023-11-09 13:39:10"},{"nodeID":"1331077","text":"Karan Bilimoria: That may cost 100 billion","type":"L","timestamp":"2023-11-09 13:39:10"},{"nodeID":"1331078","text":"Anon: Karan Bilimoria: That may cost 100 billion","type":"L","timestamp":"2023-11-09 13:39:10"},{"nodeID":"1331079","text":"following through may cost 200 billion","type":"I","timestamp":"2023-11-09 13:39:10"},{"nodeID":"1331080","text":"Karan Bilimoria: it may cost 200 billion","type":"L","timestamp":"2023-11-09 13:39:10"},{"nodeID":"1331081","text":"Anon: Karan Bilimoria: it may cost 200 billion","type":"L","timestamp":"2023-11-09 13:39:10"},{"nodeID":"1331082","text":"we should spend some money","type":"I","timestamp":"2023-11-09 13:39:11"},{"nodeID":"1331083","text":"Karan Bilimoria: we spend some money","type":"L","timestamp":"2023-11-09 13:39:11"},{"nodeID":"1331084","text":"Anon: Karan Bilimoria: we spend some money","type":"L","timestamp":"2023-11-09 13:39:11"},{"nodeID":"1331085","text":"we should save businesses","type":"I","timestamp":"2023-11-09 13:39:11"},{"nodeID":"1331086","text":"Karan Bilimoria: save businesses","type":"L","timestamp":"2023-11-09 13:39:11"},{"nodeID":"1331087","text":"Anon: Karan Bilimoria: save businesses","type":"L","timestamp":"2023-11-09 13:39:11"},{"nodeID":"1331088","text":"we should prevent people going bankrupt","type":"I","timestamp":"2023-11-09 13:39:12"},{"nodeID":"1331089","text":"Karan Bilimoria: prevent people going bankrupt","type":"L","timestamp":"2023-11-09 13:39:12"},{"nodeID":"1331090","text":"Anon: Karan Bilimoria: prevent people going bankrupt","type":"L","timestamp":"2023-11-09 13:39:12"},{"nodeID":"1331091","text":"we should not have a horrible recession","type":"I","timestamp":"2023-11-09 13:39:12"},{"nodeID":"1331092","text":"Karan Bilimoria: than having a horrible recession","type":"L","timestamp":"2023-11-09 13:39:12"},{"nodeID":"1331093","text":"Anon: Karan Bilimoria: than having a horrible recession","type":"L","timestamp":"2023-11-09 13:39:12"},{"nodeID":"1331094","text":"we're already in recession now","type":"I","timestamp":"2023-11-09 13:39:13"},{"nodeID":"1331095","text":"Karan Bilimoria: We're already in recession now","type":"L","timestamp":"2023-11-09 13:39:13"},{"nodeID":"1331096","text":"Anon: Karan Bilimoria: We're already in recession now","type":"L","timestamp":"2023-11-09 13:39:13"},{"nodeID":"1331097","text":"we've got to do whatever it takes to save those jobs","type":"I","timestamp":"2023-11-09 13:39:14"},{"nodeID":"1331098","text":"Karan Bilimoria: We've got to do whatever it takes to save those jobs","type":"L","timestamp":"2023-11-09 13:39:14"},{"nodeID":"1331099","text":"Anon: Karan Bilimoria: We've got to do whatever it takes to save those jobs","type":"L","timestamp":"2023-11-09 13:39:14"},{"nodeID":"1331100","text":"the shock that has happened, the Friday, is interest rates were always going to go back up to around 5% at some stage","type":"I","timestamp":"2023-11-09 13:39:14"},{"nodeID":"1331101","text":"Karan Bilimoria: The shock that has happened, the Friday, is interest rates were always going to go back up to around 5% at some stage","type":"L","timestamp":"2023-11-09 13:39:14"},{"nodeID":"1331102","text":"Anon: Karan Bilimoria: The shock that has happened, the Friday, is interest rates were always going to go back up to around 5% at some stage","type":"L","timestamp":"2023-11-09 13:39:14"},{"nodeID":"1331103","text":"interest rates were not going to go back up in one go","type":"I","timestamp":"2023-11-09 13:39:15"},{"nodeID":"1331104","text":"Karan Bilimoria: Not in one go","type":"L","timestamp":"2023-11-09 13:39:15"},{"nodeID":"1331105","text":"Anon: Karan Bilimoria: Not in one go","type":"L","timestamp":"2023-11-09 13:39:15"},{"nodeID":"1331106","text":"interest rates going back up is devastating for businesses","type":"I","timestamp":"2023-11-09 13:39:15"},{"nodeID":"1331107","text":"Karan Bilimoria: That's devastating for businesses","type":"L","timestamp":"2023-11-09 13:39:15"},{"nodeID":"1331108","text":"Anon: Karan Bilimoria: That's devastating for businesses","type":"L","timestamp":"2023-11-09 13:39:15"},{"nodeID":"1331109","text":"interest rates going back up is devastating for consumers","type":"I","timestamp":"2023-11-09 13:39:16"},{"nodeID":"1331110","text":"Karan Bilimoria: devastating for consumers","type":"L","timestamp":"2023-11-09 13:39:16"},{"nodeID":"1331111","text":"Anon: Karan Bilimoria: devastating for consumers","type":"L","timestamp":"2023-11-09 13:39:16"},{"nodeID":"1331112","text":"doing an announcement like on Friday should have been planned","type":"I","timestamp":"2023-11-09 13:39:17"},{"nodeID":"1331113","text":"Karan Bilimoria: This should have been planned","type":"L","timestamp":"2023-11-09 13:39:17"},{"nodeID":"1331114","text":"Anon: Karan Bilimoria: This should have been planned","type":"L","timestamp":"2023-11-09 13:39:17"},{"nodeID":"1331115","text":"an announcement was made on Friday without the Office of Budget Responsibility giving an independent forecast that backs it up","type":"I","timestamp":"2023-11-09 13:39:17"},{"nodeID":"1331116","text":"Karan Bilimoria: To do an announcement like Friday without the Office of Budget Responsibility giving an independent forecast that backs it up","type":"L","timestamp":"2023-11-09 13:39:17"},{"nodeID":"1331117","text":"Anon: Karan Bilimoria: To do an announcement like Friday without the Office of Budget Responsibility giving an independent forecast that backs it up","type":"L","timestamp":"2023-11-09 13:39:17"},{"nodeID":"1331118","text":"giving an announcement like on Friday with the Office of Budget Responsibility giving an independent forecast that backs it up should have been done","type":"I","timestamp":"2023-11-09 13:39:18"},{"nodeID":"1331119","text":"Karan Bilimoria: That should have been done","type":"L","timestamp":"2023-11-09 13:39:18"},{"nodeID":"1331120","text":"Anon: Karan Bilimoria: That should have been done","type":"L","timestamp":"2023-11-09 13:39:18"},{"nodeID":"1331121","text":"now we have to wait until 23rd November","type":"I","timestamp":"2023-11-09 13:39:18"},{"nodeID":"1331122","text":"Karan Bilimoria: Now we have to wait until 23rd November","type":"L","timestamp":"2023-11-09 13:39:18"},{"nodeID":"1331123","text":"Anon: Karan Bilimoria: Now we have to wait until 23rd November","type":"L","timestamp":"2023-11-09 13:39:18"},{"nodeID":"1331124","text":"23rd November is too late","type":"I","timestamp":"2023-11-09 13:39:19"},{"nodeID":"1331125","text":"Karan Bilimoria: That's too late","type":"L","timestamp":"2023-11-09 13:39:19"},{"nodeID":"1331126","text":"Anon: Karan Bilimoria: That's too late","type":"L","timestamp":"2023-11-09 13:39:19"},{"nodeID":"1331127","text":"giving an announcement with the Office of Budget Responsibility giving an independent forecast has to be done right now","type":"I","timestamp":"2023-11-09 13:39:20"},{"nodeID":"1331128","text":"Karan Bilimoria: It has to be done right now","type":"L","timestamp":"2023-11-09 13:39:20"},{"nodeID":"1331129","text":"Anon: Karan Bilimoria: It has to be done right now","type":"L","timestamp":"2023-11-09 13:39:20"},{"nodeID":"1331130","text":"Laura Kuenssberg interviewed Keir Starmer regarding energy bills","type":"I","timestamp":"2023-11-09 13:39:20"},{"nodeID":"1331131","text":"AudienceMember 20221006QT40: Laura Kuenssberg interviewed Keir Starmer regarding energy bills","type":"L","timestamp":"2023-11-09 13:39:20"},{"nodeID":"1331132","text":"Anon: AudienceMember 20221006QT40: Laura Kuenssberg interviewed Keir Starmer regarding energy bills","type":"L","timestamp":"2023-11-09 13:39:20"},{"nodeID":"1331133","text":"the Government is going to help with the energy bills for 2 years","type":"I","timestamp":"2023-11-09 13:39:21"},{"nodeID":"1331134","text":"AudienceMember 20221006QT40: The Government is going to do it for 2 years","type":"L","timestamp":"2023-11-09 13:39:21"},{"nodeID":"1331135","text":"Anon: AudienceMember 20221006QT40: The Government is going to do it for 2 years","type":"L","timestamp":"2023-11-09 13:39:21"},{"nodeID":"1331136","text":"Labour is going to help with the energy bills for 6 months","type":"I","timestamp":"2023-11-09 13:39:21"},{"nodeID":"1331137","text":"AudienceMember 20221006QT40: Labour is going to do it for 6 months","type":"L","timestamp":"2023-11-09 13:39:21"},{"nodeID":"1331138","text":"Anon: AudienceMember 20221006QT40: Labour is going to do it for 6 months","type":"L","timestamp":"2023-11-09 13:39:21"},{"nodeID":"1331139","text":"Keir Starmer didn't say anything at all during the interview","type":"I","timestamp":"2023-11-09 13:39:22"},{"nodeID":"1331140","text":"AudienceMember 20221006QT40: He didn't say anything at all during the interview, Keir Starmer","type":"L","timestamp":"2023-11-09 13:39:22"},{"nodeID":"1331141","text":"Anon: AudienceMember 20221006QT40: He didn't say anything at all during the interview, Keir Starmer","type":"L","timestamp":"2023-11-09 13:39:22"},{"nodeID":"1331142","text":"we'd review the situation behind help with energy bills and decide what is necessary","type":"I","timestamp":"2023-11-09 13:39:22"},{"nodeID":"1331143","text":"Bridget Phillipson: We'd review it and decide what is necessary","type":"L","timestamp":"2023-11-09 13:39:22"},{"nodeID":"1331144","text":"Anon: Bridget Phillipson: We'd review it and decide what is necessary","type":"L","timestamp":"2023-11-09 13:39:22"},{"nodeID":"1331145","text":"we're the opposition","type":"I","timestamp":"2023-11-09 13:39:23"},{"nodeID":"1331146","text":"Bridget Phillipson: We're the opposition","type":"L","timestamp":"2023-11-09 13:39:23"},{"nodeID":"1331147","text":"Anon: Bridget Phillipson: We're the opposition","type":"L","timestamp":"2023-11-09 13:39:23"},{"nodeID":"1331148","text":"we're not the Government","type":"I","timestamp":"2023-11-09 13:39:24"},{"nodeID":"1331149","text":"Bridget Phillipson: not the Government","type":"L","timestamp":"2023-11-09 13:39:24"},{"nodeID":"1331150","text":"Anon: Bridget Phillipson: not the Government","type":"L","timestamp":"2023-11-09 13:39:24"},{"nodeID":"1331151","text":"we can set out plans for how we get there","type":"I","timestamp":"2023-11-09 13:39:24"},{"nodeID":"1331152","text":"Bridget Phillipson: we can set out plans for how we get there","type":"L","timestamp":"2023-11-09 13:39:24"},{"nodeID":"1331153","text":"Anon: Bridget Phillipson: we can set out plans for how we get there","type":"L","timestamp":"2023-11-09 13:39:24"},{"nodeID":"1331154","text":"we don't get to make final decisions","type":"I","timestamp":"2023-11-09 13:39:25"},{"nodeID":"1331155","text":"Bridget Phillipson: we don't get to make those decisions","type":"L","timestamp":"2023-11-09 13:39:25"},{"nodeID":"1331156","text":"Anon: Bridget Phillipson: we don't get to make those decisions","type":"L","timestamp":"2023-11-09 13:39:25"},{"nodeID":"1331157","text":"Analysing","type":"YA","timestamp":"2023-11-09 13:39:25"},{"nodeID":"1331158","text":"Pure Questioning","type":"YA","timestamp":"2023-11-09 13:39:25"},{"nodeID":"1331159","text":"Analysing","type":"YA","timestamp":"2023-11-09 13:39:25"},{"nodeID":"1331160","text":"Asserting","type":"YA","timestamp":"2023-11-09 13:39:25"},{"nodeID":"1331161","text":"Analysing","type":"YA","timestamp":"2023-11-09 13:39:25"},{"nodeID":"1331162","text":"Asserting","type":"YA","timestamp":"2023-11-09 13:39:25"},{"nodeID":"1331163","text":"Default Transition","type":"TA","timestamp":"2023-11-09 13:39:25"},{"nodeID":"1331164","text":"Analysing","type":"YA","timestamp":"2023-11-09 13:39:25"},{"nodeID":"1331165","text":"Asserting","type":"YA","timestamp":"2023-11-09 13:39:25"},{"nodeID":"1331166","text":"Default Transition","type":"TA","timestamp":"2023-11-09 13:39:25"},{"nodeID":"1331167","text":"Default Inference","type":"RA","timestamp":"2023-11-09 13:39:25"},{"nodeID":"1331168","text":"Arguing","type":"YA","timestamp":"2023-11-09 13:39:25"},{"nodeID":"1331169","text":"Analysing","type":"YA","timestamp":"2023-11-09 13:39:25"},{"nodeID":"1331170","text":"Asserting","type":"YA","timestamp":"2023-11-09 13:39:25"},{"nodeID":"1331171","text":"Default Conflict","type":"CA","timestamp":"2023-11-09 13:39:25"},{"nodeID":"1331172","text":"Default Transition","type":"TA","timestamp":"2023-11-09 13:39:25"},{"nodeID":"1331173","text":"Disagreeing","type":"YA","timestamp":"2023-11-09 13:39:25"},{"nodeID":"1331174","text":"Analysing","type":"YA","timestamp":"2023-11-09 13:39:25"},{"nodeID":"1331175","text":"Asserting","type":"YA","timestamp":"2023-11-09 13:39:25"},{"nodeID":"1331176","text":"Analysing","type":"YA","timestamp":"2023-11-09 13:39:25"},{"nodeID":"1331177","text":"Asserting","type":"YA","timestamp":"2023-11-09 13:39:25"},{"nodeID":"1331178","text":"Default Rephrase","type":"MA","timestamp":"2023-11-09 13:39:25"},{"nodeID":"1331179","text":"Default Transition","type":"TA","timestamp":"2023-11-09 13:39:25"},{"nodeID":"1331180","text":"Default Transition","type":"TA","timestamp":"2023-11-09 13:39:25"},{"nodeID":"1331181","text":"Restating","type":"YA","timestamp":"2023-11-09 13:39:25"},{"nodeID":"1331182","text":"Analysing","type":"YA","timestamp":"2023-11-09 13:39:25"},{"nodeID":"1331183","text":"Asserting","type":"YA","timestamp":"2023-11-09 13:39:25"},{"nodeID":"1331184","text":"Default Rephrase","type":"MA","timestamp":"2023-11-09 13:39:25"},{"nodeID":"1331185","text":"Default Transition","type":"TA","timestamp":"2023-11-09 13:39:25"},{"nodeID":"1331186","text":"Default Illocuting","type":"YA","timestamp":"2023-11-09 13:39:25"},{"nodeID":"1331187","text":"Analysing","type":"YA","timestamp":"2023-11-09 13:39:25"},{"nodeID":"1331188","text":"Asserting","type":"YA","timestamp":"2023-11-09 13:39:25"},{"nodeID":"1331189","text":"Default Rephrase","type":"MA","timestamp":"2023-11-09 13:39:25"},{"nodeID":"1331190","text":"Default Transition","type":"TA","timestamp":"2023-11-09 13:39:25"},{"nodeID":"1331191","text":"Restating","type":"YA","timestamp":"2023-11-09 13:39:25"},{"nodeID":"1331192","text":"Analysing","type":"YA","timestamp":"2023-11-09 13:39:25"},{"nodeID":"1331193","text":"Asserting","type":"YA","timestamp":"2023-11-09 13:39:25"},{"nodeID":"1331194","text":"Default Rephrase","type":"MA","timestamp":"2023-11-09 13:39:25"},{"nodeID":"1331195","text":"Default Transition","type":"TA","timestamp":"2023-11-09 13:39:25"},{"nodeID":"1331196","text":"Restating","type":"YA","timestamp":"2023-11-09 13:39:25"},{"nodeID":"1331197","text":"Analysing","type":"YA","timestamp":"2023-11-09 13:39:25"},{"nodeID":"1331198","text":"Asserting","type":"YA","timestamp":"2023-11-09 13:39:25"},{"nodeID":"1331199","text":"Default Conflict","type":"CA","timestamp":"2023-11-09 13:39:25"},{"nodeID":"1331200","text":"Default Transition","type":"TA","timestamp":"2023-11-09 13:39:25"},{"nodeID":"1331201","text":"Disagreeing","type":"YA","timestamp":"2023-11-09 13:39:25"},{"nodeID":"1331202","text":"Analysing","type":"YA","timestamp":"2023-11-09 13:39:25"},{"nodeID":"1331203","text":"Asserting","type":"YA","timestamp":"2023-11-09 13:39:25"},{"nodeID":"1331204","text":"Default Transition","type":"TA","timestamp":"2023-11-09 13:39:25"},{"nodeID":"1331205","text":"Default Conflict","type":"CA","timestamp":"2023-11-09 13:39:25"},{"nodeID":"1331206","text":"Disagreeing","type":"YA","timestamp":"2023-11-09 13:39:25"},{"nodeID":"1331207","text":"Analysing","type":"YA","timestamp":"2023-11-09 13:39:25"},{"nodeID":"1331208","text":"Asserting","type":"YA","timestamp":"2023-11-09 13:39:25"},{"nodeID":"1331209","text":"Default Rephrase","type":"MA","timestamp":"2023-11-09 13:39:25"},{"nodeID":"1331210","text":"Default Transition","type":"TA","timestamp":"2023-11-09 13:39:25"},{"nodeID":"1331211","text":"Restating","type":"YA","timestamp":"2023-11-09 13:39:25"},{"nodeID":"1331212","text":"Analysing","type":"YA","timestamp":"2023-11-09 13:39:25"},{"nodeID":"1331213","text":"Asserting","type":"YA","timestamp":"2023-11-09 13:39:25"},{"nodeID":"1331214","text":"Analysing","type":"YA","timestamp":"2023-11-09 13:39:25"},{"nodeID":"1331215","text":"Asserting","type":"YA","timestamp":"2023-11-09 13:39:25"},{"nodeID":"1331216","text":"Default Transition","type":"TA","timestamp":"2023-11-09 13:39:25"},{"nodeID":"1331217","text":"Default Transition","type":"TA","timestamp":"2023-11-09 13:39:25"},{"nodeID":"1331218","text":"Analysing","type":"YA","timestamp":"2023-11-09 13:39:25"},{"nodeID":"1331219","text":"Asserting","type":"YA","timestamp":"2023-11-09 13:39:25"},{"nodeID":"1331220","text":"Default Transition","type":"TA","timestamp":"2023-11-09 13:39:25"},{"nodeID":"1331221","text":"Analysing","type":"YA","timestamp":"2023-11-09 13:39:25"},{"nodeID":"1331222","text":"Asserting","type":"YA","timestamp":"2023-11-09 13:39:25"},{"nodeID":"1331223","text":"Default Transition","type":"TA","timestamp":"2023-11-09 13:39:25"},{"nodeID":"1331224","text":"Default Rephrase","type":"MA","timestamp":"2023-11-09 13:39:25"},{"nodeID":"1331225","text":"Restating","type":"YA","timestamp":"2023-11-09 13:39:25"},{"nodeID":"1331226","text":"Analysing","type":"YA","timestamp":"2023-11-09 13:39:25"},{"nodeID":"1331227","text":"Asserting","type":"YA","timestamp":"2023-11-09 13:39:25"},{"nodeID":"1331228","text":"Analysing","type":"YA","timestamp":"2023-11-09 13:39:25"},{"nodeID":"1331229","text":"Asserting","type":"YA","timestamp":"2023-11-09 13:39:25"},{"nodeID":"1331230","text":"Default Transition","type":"TA","timestamp":"2023-11-09 13:39:25"},{"nodeID":"1331231","text":"Default Transition","type":"TA","timestamp":"2023-11-09 13:39:25"},{"nodeID":"1331232","text":"Analysing","type":"YA","timestamp":"2023-11-09 13:39:25"},{"nodeID":"1331233","text":"Asserting","type":"YA","timestamp":"2023-11-09 13:39:25"},{"nodeID":"1331234","text":"Default Conflict","type":"CA","timestamp":"2023-11-09 13:39:25"},{"nodeID":"1331235","text":"Default Transition","type":"TA","timestamp":"2023-11-09 13:39:25"},{"nodeID":"1331236","text":"Disagreeing","type":"YA","timestamp":"2023-11-09 13:39:25"},{"nodeID":"1331237","text":"Default Conflict","type":"CA","timestamp":"2023-11-09 13:39:25"},{"nodeID":"1331238","text":"Disagreeing","type":"YA","timestamp":"2023-11-09 13:39:25"},{"nodeID":"1331239","text":"Analysing","type":"YA","timestamp":"2023-11-09 13:39:25"},{"nodeID":"1331240","text":"Asserting","type":"YA","timestamp":"2023-11-09 13:39:25"},{"nodeID":"1331241","text":"Default Transition","type":"TA","timestamp":"2023-11-09 13:39:25"},{"nodeID":"1331242","text":"Analysing","type":"YA","timestamp":"2023-11-09 13:39:25"},{"nodeID":"1331243","text":"Asserting","type":"YA","timestamp":"2023-11-09 13:39:25"},{"nodeID":"1331244","text":"Default Conflict","type":"CA","timestamp":"2023-11-09 13:39:25"},{"nodeID":"1331245","text":"Default Transition","type":"TA","timestamp":"2023-11-09 13:39:25"},{"nodeID":"1331246","text":"Disagreeing","type":"YA","timestamp":"2023-11-09 13:39:25"},{"nodeID":"1331247","text":"Analysing","type":"YA","timestamp":"2023-11-09 13:39:25"},{"nodeID":"1331248","text":"Asserting","type":"YA","timestamp":"2023-11-09 13:39:25"},{"nodeID":"1331249","text":"Default Transition","type":"TA","timestamp":"2023-11-09 13:39:25"},{"nodeID":"1331250","text":"Default Rephrase","type":"MA","timestamp":"2023-11-09 13:39:25"},{"nodeID":"1331251","text":"Restating","type":"YA","timestamp":"2023-11-09 13:39:25"},{"nodeID":"1331252","text":"Analysing","type":"YA","timestamp":"2023-11-09 13:39:25"},{"nodeID":"1331253","text":"Asserting","type":"YA","timestamp":"2023-11-09 13:39:25"},{"nodeID":"1331254","text":"Default Transition","type":"TA","timestamp":"2023-11-09 13:39:25"},{"nodeID":"1331255","text":"Analysing","type":"YA","timestamp":"2023-11-09 13:39:25"},{"nodeID":"1331256","text":"Asserting","type":"YA","timestamp":"2023-11-09 13:39:25"},{"nodeID":"1331257","text":"Analysing","type":"YA","timestamp":"2023-11-09 13:39:25"},{"nodeID":"1331258","text":"Asserting","type":"YA","timestamp":"2023-11-09 13:39:25"},{"nodeID":"1331259","text":"Default Transition","type":"TA","timestamp":"2023-11-09 13:39:25"},{"nodeID":"1331260","text":"Default Transition","type":"TA","timestamp":"2023-11-09 13:39:25"},{"nodeID":"1331261","text":"Default Rephrase","type":"MA","timestamp":"2023-11-09 13:39:25"},{"nodeID":"1331262","text":"Restating","type":"YA","timestamp":"2023-11-09 13:39:25"},{"nodeID":"1331263","text":"Analysing","type":"YA","timestamp":"2023-11-09 13:39:25"},{"nodeID":"1331264","text":"Asserting","type":"YA","timestamp":"2023-11-09 13:39:25"},{"nodeID":"1331265","text":"Analysing","type":"YA","timestamp":"2023-11-09 13:39:25"},{"nodeID":"1331266","text":"Asserting","type":"YA","timestamp":"2023-11-09 13:39:25"},{"nodeID":"1331267","text":"Default Transition","type":"TA","timestamp":"2023-11-09 13:39:25"},{"nodeID":"1331268","text":"Analysing","type":"YA","timestamp":"2023-11-09 13:39:25"},{"nodeID":"1331269","text":"Asserting","type":"YA","timestamp":"2023-11-09 13:39:25"},{"nodeID":"1331270","text":"Default Transition","type":"TA","timestamp":"2023-11-09 13:39:25"},{"nodeID":"1331271","text":"Analysing","type":"YA","timestamp":"2023-11-09 13:39:25"},{"nodeID":"1331272","text":"Asserting","type":"YA","timestamp":"2023-11-09 13:39:25"},{"nodeID":"1331273","text":"Default Transition","type":"TA","timestamp":"2023-11-09 13:39:25"},{"nodeID":"1331274","text":"Analysing","type":"YA","timestamp":"2023-11-09 13:39:25"},{"nodeID":"1331275","text":"Asserting","type":"YA","timestamp":"2023-11-09 13:39:25"},{"nodeID":"1331276","text":"Analysing","type":"YA","timestamp":"2023-11-09 13:39:25"},{"nodeID":"1331277","text":"Asserting","type":"YA","timestamp":"2023-11-09 13:39:25"},{"nodeID":"1331278","text":"Default Transition","type":"TA","timestamp":"2023-11-09 13:39:25"},{"nodeID":"1331279","text":"Default Rephrase","type":"MA","timestamp":"2023-11-09 13:39:25"},{"nodeID":"1331280","text":"Restating","type":"YA","timestamp":"2023-11-09 13:39:25"},{"nodeID":"1331281","text":"Default Inference","type":"RA","timestamp":"2023-11-09 13:39:25"},{"nodeID":"1331282","text":"Default Transition","type":"TA","timestamp":"2023-11-09 13:39:25"},{"nodeID":"1331283","text":"Arguing","type":"YA","timestamp":"2023-11-09 13:39:25"},{"nodeID":"1331284","text":"Default Rephrase","type":"MA","timestamp":"2023-11-09 13:39:25"},{"nodeID":"1331285","text":"Restating","type":"YA","timestamp":"2023-11-09 13:39:25"},{"nodeID":"1331286","text":"Default Rephrase","type":"MA","timestamp":"2023-11-09 13:39:25"},{"nodeID":"1331287","text":"Restating","type":"YA","timestamp":"2023-11-09 13:39:25"},{"nodeID":"1331288","text":"Default Rephrase","type":"MA","timestamp":"2023-11-09 13:39:25"},{"nodeID":"1331289","text":"Restating","type":"YA","timestamp":"2023-11-09 13:39:25"},{"nodeID":"1331290","text":"Default Conflict","type":"CA","timestamp":"2023-11-09 13:39:25"},{"nodeID":"1331291","text":"Default Transition","type":"TA","timestamp":"2023-11-09 13:39:25"},{"nodeID":"1331292","text":"Disagreeing","type":"YA","timestamp":"2023-11-09 13:39:25"},{"nodeID":"1331293","text":"Default Rephrase","type":"MA","timestamp":"2023-11-09 13:39:25"},{"nodeID":"1331294","text":"Restating","type":"YA","timestamp":"2023-11-09 13:39:25"}],"edges":[{"edgeID":"1745746","fromID":"1331157","toID":"1331062","formEdgeID":null},{"edgeID":"1745747","fromID":"1331063","toID":"1331157","formEdgeID":null},{"edgeID":"1745748","fromID":"1331062","toID":"1331158","formEdgeID":null},{"edgeID":"1745749","fromID":"1331158","toID":"1331061","formEdgeID":null},{"edgeID":"1745750","fromID":"1331159","toID":"1331065","formEdgeID":null},{"edgeID":"1745751","fromID":"1331066","toID":"1331159","formEdgeID":null},{"edgeID":"1745752","fromID":"1331065","toID":"1331160","formEdgeID":null},{"edgeID":"1745753","fromID":"1331160","toID":"1331064","formEdgeID":null},{"edgeID":"1745754","fromID":"1331161","toID":"1331068","formEdgeID":null},{"edgeID":"1745755","fromID":"1331069","toID":"1331161","formEdgeID":null},{"edgeID":"1745756","fromID":"1331068","toID":"1331162","formEdgeID":null},{"edgeID":"1745757","fromID":"1331162","toID":"1331067","formEdgeID":null},{"edgeID":"1745758","fromID":"1331065","toID":"1331163","formEdgeID":null},{"edgeID":"1745759","fromID":"1331163","toID":"1331068","formEdgeID":null},{"edgeID":"1745760","fromID":"1331164","toID":"1331071","formEdgeID":null},{"edgeID":"1745761","fromID":"1331072","toID":"1331164","formEdgeID":null},{"edgeID":"1745762","fromID":"1331071","toID":"1331165","formEdgeID":null},{"edgeID":"1745763","fromID":"1331165","toID":"1331070","formEdgeID":null},{"edgeID":"1745764","fromID":"1331068","toID":"1331166","formEdgeID":null},{"edgeID":"1745765","fromID":"1331166","toID":"1331071","formEdgeID":null},{"edgeID":"1745766","fromID":"1331067","toID":"1331167","formEdgeID":null},{"edgeID":"1745767","fromID":"1331167","toID":"1331070","formEdgeID":null},{"edgeID":"1745768","fromID":"1331166","toID":"1331168","formEdgeID":null},{"edgeID":"1745769","fromID":"1331168","toID":"1331167","formEdgeID":null},{"edgeID":"1745770","fromID":"1331169","toID":"1331074","formEdgeID":null},{"edgeID":"1745771","fromID":"1331075","toID":"1331169","formEdgeID":null},{"edgeID":"1745772","fromID":"1331074","toID":"1331170","formEdgeID":null},{"edgeID":"1745773","fromID":"1331170","toID":"1331073","formEdgeID":null},{"edgeID":"1745774","fromID":"1331073","toID":"1331171","formEdgeID":null},{"edgeID":"1745775","fromID":"1331171","toID":"1331070","formEdgeID":null},{"edgeID":"1745776","fromID":"1331071","toID":"1331172","formEdgeID":null},{"edgeID":"1745777","fromID":"1331172","toID":"1331074","formEdgeID":null},{"edgeID":"1745778","fromID":"1331172","toID":"1331173","formEdgeID":null},{"edgeID":"1745779","fromID":"1331173","toID":"1331171","formEdgeID":null},{"edgeID":"1745780","fromID":"1331174","toID":"1331077","formEdgeID":null},{"edgeID":"1745781","fromID":"1331078","toID":"1331174","formEdgeID":null},{"edgeID":"1745782","fromID":"1331077","toID":"1331175","formEdgeID":null},{"edgeID":"1745783","fromID":"1331175","toID":"1331076","formEdgeID":null},{"edgeID":"1745784","fromID":"1331176","toID":"1331080","formEdgeID":null},{"edgeID":"1745785","fromID":"1331081","toID":"1331176","formEdgeID":null},{"edgeID":"1745786","fromID":"1331080","toID":"1331177","formEdgeID":null},{"edgeID":"1745787","fromID":"1331177","toID":"1331079","formEdgeID":null},{"edgeID":"1745788","fromID":"1331079","toID":"1331178","formEdgeID":null},{"edgeID":"1745789","fromID":"1331178","toID":"1331076","formEdgeID":null},{"edgeID":"1745790","fromID":"1331074","toID":"1331179","formEdgeID":null},{"edgeID":"1745791","fromID":"1331179","toID":"1331077","formEdgeID":null},{"edgeID":"1745792","fromID":"1331077","toID":"1331180","formEdgeID":null},{"edgeID":"1745793","fromID":"1331180","toID":"1331080","formEdgeID":null},{"edgeID":"1745794","fromID":"1331180","toID":"1331181","formEdgeID":null},{"edgeID":"1745795","fromID":"1331181","toID":"1331178","formEdgeID":null},{"edgeID":"1745796","fromID":"1331182","toID":"1331083","formEdgeID":null},{"edgeID":"1745797","fromID":"1331084","toID":"1331182","formEdgeID":null},{"edgeID":"1745798","fromID":"1331083","toID":"1331183","formEdgeID":null},{"edgeID":"1745799","fromID":"1331183","toID":"1331082","formEdgeID":null},{"edgeID":"1745800","fromID":"1331082","toID":"1331184","formEdgeID":null},{"edgeID":"1745801","fromID":"1331184","toID":"1331061","formEdgeID":null},{"edgeID":"1745802","fromID":"1331062","toID":"1331185","formEdgeID":null},{"edgeID":"1745803","fromID":"1331185","toID":"1331083","formEdgeID":null},{"edgeID":"1745804","fromID":"1331185","toID":"1331186","formEdgeID":null},{"edgeID":"1745805","fromID":"1331186","toID":"1331184","formEdgeID":null},{"edgeID":"1745806","fromID":"1331187","toID":"1331086","formEdgeID":null},{"edgeID":"1745807","fromID":"1331087","toID":"1331187","formEdgeID":null},{"edgeID":"1745808","fromID":"1331086","toID":"1331188","formEdgeID":null},{"edgeID":"1745809","fromID":"1331188","toID":"1331085","formEdgeID":null},{"edgeID":"1745810","fromID":"1331085","toID":"1331189","formEdgeID":null},{"edgeID":"1745811","fromID":"1331189","toID":"1331082","formEdgeID":null},{"edgeID":"1745812","fromID":"1331083","toID":"1331190","formEdgeID":null},{"edgeID":"1745813","fromID":"1331190","toID":"1331086","formEdgeID":null},{"edgeID":"1745814","fromID":"1331190","toID":"1331191","formEdgeID":null},{"edgeID":"1745815","fromID":"1331191","toID":"1331189","formEdgeID":null},{"edgeID":"1745816","fromID":"1331192","toID":"1331089","formEdgeID":null},{"edgeID":"1745817","fromID":"1331090","toID":"1331192","formEdgeID":null},{"edgeID":"1745818","fromID":"1331089","toID":"1331193","formEdgeID":null},{"edgeID":"1745819","fromID":"1331193","toID":"1331088","formEdgeID":null},{"edgeID":"1745820","fromID":"1331088","toID":"1331194","formEdgeID":null},{"edgeID":"1745821","fromID":"1331194","toID":"1331085","formEdgeID":null},{"edgeID":"1745822","fromID":"1331086","toID":"1331195","formEdgeID":null},{"edgeID":"1745823","fromID":"1331195","toID":"1331089","formEdgeID":null},{"edgeID":"1745824","fromID":"1331195","toID":"1331196","formEdgeID":null},{"edgeID":"1745825","fromID":"1331196","toID":"1331194","formEdgeID":null},{"edgeID":"1745826","fromID":"1331197","toID":"1331092","formEdgeID":null},{"edgeID":"1745827","fromID":"1331093","toID":"1331197","formEdgeID":null},{"edgeID":"1745828","fromID":"1331092","toID":"1331198","formEdgeID":null},{"edgeID":"1745829","fromID":"1331198","toID":"1331091","formEdgeID":null},{"edgeID":"1745830","fromID":"1331091","toID":"1331199","formEdgeID":null},{"edgeID":"1745831","fromID":"1331199","toID":"1331088","formEdgeID":null},{"edgeID":"1745832","fromID":"1331089","toID":"1331200","formEdgeID":null},{"edgeID":"1745833","fromID":"1331200","toID":"1331092","formEdgeID":null},{"edgeID":"1745834","fromID":"1331200","toID":"1331201","formEdgeID":null},{"edgeID":"1745835","fromID":"1331201","toID":"1331199","formEdgeID":null},{"edgeID":"1745836","fromID":"1331202","toID":"1331095","formEdgeID":null},{"edgeID":"1745837","fromID":"1331096","toID":"1331202","formEdgeID":null},{"edgeID":"1745838","fromID":"1331095","toID":"1331203","formEdgeID":null},{"edgeID":"1745839","fromID":"1331203","toID":"1331094","formEdgeID":null},{"edgeID":"1745840","fromID":"1331092","toID":"1331204","formEdgeID":null},{"edgeID":"1745841","fromID":"1331204","toID":"1331095","formEdgeID":null},{"edgeID":"1745842","fromID":"1331094","toID":"1331205","formEdgeID":null},{"edgeID":"1745843","fromID":"1331205","toID":"1331091","formEdgeID":null},{"edgeID":"1745844","fromID":"1331204","toID":"1331206","formEdgeID":null},{"edgeID":"1745845","fromID":"1331206","toID":"1331205","formEdgeID":null},{"edgeID":"1745846","fromID":"1331207","toID":"1331098","formEdgeID":null},{"edgeID":"1745847","fromID":"1331099","toID":"1331207","formEdgeID":null},{"edgeID":"1745848","fromID":"1331098","toID":"1331208","formEdgeID":null},{"edgeID":"1745849","fromID":"1331208","toID":"1331097","formEdgeID":null},{"edgeID":"1745850","fromID":"1331097","toID":"1331209","formEdgeID":null},{"edgeID":"1745851","fromID":"1331209","toID":"1331088","formEdgeID":null},{"edgeID":"1745852","fromID":"1331089","toID":"1331210","formEdgeID":null},{"edgeID":"1745853","fromID":"1331210","toID":"1331098","formEdgeID":null},{"edgeID":"1745854","fromID":"1331210","toID":"1331211","formEdgeID":null},{"edgeID":"1745855","fromID":"1331211","toID":"1331209","formEdgeID":null},{"edgeID":"1745856","fromID":"1331212","toID":"1331101","formEdgeID":null},{"edgeID":"1745857","fromID":"1331102","toID":"1331212","formEdgeID":null},{"edgeID":"1745858","fromID":"1331101","toID":"1331213","formEdgeID":null},{"edgeID":"1745859","fromID":"1331213","toID":"1331100","formEdgeID":null},{"edgeID":"1745860","fromID":"1331214","toID":"1331104","formEdgeID":null},{"edgeID":"1745861","fromID":"1331105","toID":"1331214","formEdgeID":null},{"edgeID":"1745862","fromID":"1331104","toID":"1331215","formEdgeID":null},{"edgeID":"1745863","fromID":"1331215","toID":"1331103","formEdgeID":null},{"edgeID":"1745864","fromID":"1331098","toID":"1331216","formEdgeID":null},{"edgeID":"1745865","fromID":"1331216","toID":"1331101","formEdgeID":null},{"edgeID":"1745866","fromID":"1331101","toID":"1331217","formEdgeID":null},{"edgeID":"1745867","fromID":"1331217","toID":"1331104","formEdgeID":null},{"edgeID":"1745868","fromID":"1331218","toID":"1331107","formEdgeID":null},{"edgeID":"1745869","fromID":"1331108","toID":"1331218","formEdgeID":null},{"edgeID":"1745870","fromID":"1331107","toID":"1331219","formEdgeID":null},{"edgeID":"1745871","fromID":"1331219","toID":"1331106","formEdgeID":null},{"edgeID":"1745872","fromID":"1331104","toID":"1331220","formEdgeID":null},{"edgeID":"1745873","fromID":"1331220","toID":"1331107","formEdgeID":null},{"edgeID":"1745874","fromID":"1331221","toID":"1331110","formEdgeID":null},{"edgeID":"1745875","fromID":"1331111","toID":"1331221","formEdgeID":null},{"edgeID":"1745876","fromID":"1331110","toID":"1331222","formEdgeID":null},{"edgeID":"1745877","fromID":"1331222","toID":"1331109","formEdgeID":null},{"edgeID":"1745878","fromID":"1331107","toID":"1331223","formEdgeID":null},{"edgeID":"1745879","fromID":"1331223","toID":"1331110","formEdgeID":null},{"edgeID":"1745880","fromID":"1331109","toID":"1331224","formEdgeID":null},{"edgeID":"1745881","fromID":"1331224","toID":"1331106","formEdgeID":null},{"edgeID":"1745882","fromID":"1331223","toID":"1331225","formEdgeID":null},{"edgeID":"1745883","fromID":"1331225","toID":"1331224","formEdgeID":null},{"edgeID":"1745884","fromID":"1331226","toID":"1331113","formEdgeID":null},{"edgeID":"1745885","fromID":"1331114","toID":"1331226","formEdgeID":null},{"edgeID":"1745886","fromID":"1331113","toID":"1331227","formEdgeID":null},{"edgeID":"1745887","fromID":"1331227","toID":"1331112","formEdgeID":null},{"edgeID":"1745888","fromID":"1331228","toID":"1331116","formEdgeID":null},{"edgeID":"1745889","fromID":"1331117","toID":"1331228","formEdgeID":null},{"edgeID":"1745890","fromID":"1331116","toID":"1331229","formEdgeID":null},{"edgeID":"1745891","fromID":"1331229","toID":"1331115","formEdgeID":null},{"edgeID":"1745892","fromID":"1331110","toID":"1331230","formEdgeID":null},{"edgeID":"1745893","fromID":"1331230","toID":"1331113","formEdgeID":null},{"edgeID":"1745894","fromID":"1331113","toID":"1331231","formEdgeID":null},{"edgeID":"1745895","fromID":"1331231","toID":"1331116","formEdgeID":null},{"edgeID":"1745896","fromID":"1331232","toID":"1331119","formEdgeID":null},{"edgeID":"1745897","fromID":"1331120","toID":"1331232","formEdgeID":null},{"edgeID":"1745898","fromID":"1331119","toID":"1331233","formEdgeID":null},{"edgeID":"1745899","fromID":"1331233","toID":"1331118","formEdgeID":null},{"edgeID":"1745900","fromID":"1331118","toID":"1331234","formEdgeID":null},{"edgeID":"1745901","fromID":"1331234","toID":"1331115","formEdgeID":null},{"edgeID":"1745902","fromID":"1331116","toID":"1331235","formEdgeID":null},{"edgeID":"1745903","fromID":"1331235","toID":"1331119","formEdgeID":null},{"edgeID":"1745904","fromID":"1331235","toID":"1331236","formEdgeID":null},{"edgeID":"1745905","fromID":"1331236","toID":"1331234","formEdgeID":null},{"edgeID":"1745906","fromID":"1331115","toID":"1331237","formEdgeID":null},{"edgeID":"1745907","fromID":"1331237","toID":"1331112","formEdgeID":null},{"edgeID":"1745908","fromID":"1331231","toID":"1331238","formEdgeID":null},{"edgeID":"1745909","fromID":"1331238","toID":"1331237","formEdgeID":null},{"edgeID":"1745910","fromID":"1331239","toID":"1331122","formEdgeID":null},{"edgeID":"1745911","fromID":"1331123","toID":"1331239","formEdgeID":null},{"edgeID":"1745912","fromID":"1331122","toID":"1331240","formEdgeID":null},{"edgeID":"1745913","fromID":"1331240","toID":"1331121","formEdgeID":null},{"edgeID":"1745914","fromID":"1331119","toID":"1331241","formEdgeID":null},{"edgeID":"1745915","fromID":"1331241","toID":"1331122","formEdgeID":null},{"edgeID":"1745916","fromID":"1331242","toID":"1331125","formEdgeID":null},{"edgeID":"1745917","fromID":"1331126","toID":"1331242","formEdgeID":null},{"edgeID":"1745918","fromID":"1331125","toID":"1331243","formEdgeID":null},{"edgeID":"1745919","fromID":"1331243","toID":"1331124","formEdgeID":null},{"edgeID":"1745920","fromID":"1331124","toID":"1331244","formEdgeID":null},{"edgeID":"1745921","fromID":"1331244","toID":"1331121","formEdgeID":null},{"edgeID":"1745922","fromID":"1331122","toID":"1331245","formEdgeID":null},{"edgeID":"1745923","fromID":"1331245","toID":"1331125","formEdgeID":null},{"edgeID":"1745924","fromID":"1331245","toID":"1331246","formEdgeID":null},{"edgeID":"1745925","fromID":"1331246","toID":"1331244","formEdgeID":null},{"edgeID":"1745926","fromID":"1331247","toID":"1331128","formEdgeID":null},{"edgeID":"1745927","fromID":"1331129","toID":"1331247","formEdgeID":null},{"edgeID":"1745928","fromID":"1331128","toID":"1331248","formEdgeID":null},{"edgeID":"1745929","fromID":"1331248","toID":"1331127","formEdgeID":null},{"edgeID":"1745930","fromID":"1331125","toID":"1331249","formEdgeID":null},{"edgeID":"1745931","fromID":"1331249","toID":"1331128","formEdgeID":null},{"edgeID":"1745932","fromID":"1331127","toID":"1331250","formEdgeID":null},{"edgeID":"1745933","fromID":"1331250","toID":"1331124","formEdgeID":null},{"edgeID":"1745934","fromID":"1331249","toID":"1331251","formEdgeID":null},{"edgeID":"1745935","fromID":"1331251","toID":"1331250","formEdgeID":null},{"edgeID":"1745936","fromID":"1331252","toID":"1331131","formEdgeID":null},{"edgeID":"1745937","fromID":"1331132","toID":"1331252","formEdgeID":null},{"edgeID":"1745938","fromID":"1331131","toID":"1331253","formEdgeID":null},{"edgeID":"1745939","fromID":"1331253","toID":"1331130","formEdgeID":null},{"edgeID":"1745940","fromID":"1331128","toID":"1331254","formEdgeID":null},{"edgeID":"1745941","fromID":"1331254","toID":"1331131","formEdgeID":null},{"edgeID":"1745942","fromID":"1331255","toID":"1331134","formEdgeID":null},{"edgeID":"1745943","fromID":"1331135","toID":"1331255","formEdgeID":null},{"edgeID":"1745944","fromID":"1331134","toID":"1331256","formEdgeID":null},{"edgeID":"1745945","fromID":"1331256","toID":"1331133","formEdgeID":null},{"edgeID":"1745946","fromID":"1331257","toID":"1331137","formEdgeID":null},{"edgeID":"1745947","fromID":"1331138","toID":"1331257","formEdgeID":null},{"edgeID":"1745948","fromID":"1331137","toID":"1331258","formEdgeID":null},{"edgeID":"1745949","fromID":"1331258","toID":"1331136","formEdgeID":null},{"edgeID":"1745950","fromID":"1331131","toID":"1331259","formEdgeID":null},{"edgeID":"1745951","fromID":"1331259","toID":"1331134","formEdgeID":null},{"edgeID":"1745952","fromID":"1331134","toID":"1331260","formEdgeID":null},{"edgeID":"1745953","fromID":"1331260","toID":"1331137","formEdgeID":null},{"edgeID":"1745954","fromID":"1331136","toID":"1331261","formEdgeID":null},{"edgeID":"1745955","fromID":"1331261","toID":"1331133","formEdgeID":null},{"edgeID":"1745956","fromID":"1331260","toID":"1331262","formEdgeID":null},{"edgeID":"1745957","fromID":"1331262","toID":"1331261","formEdgeID":null},{"edgeID":"1745958","fromID":"1331263","toID":"1331140","formEdgeID":null},{"edgeID":"1745959","fromID":"1331141","toID":"1331263","formEdgeID":null},{"edgeID":"1745960","fromID":"1331140","toID":"1331264","formEdgeID":null},{"edgeID":"1745961","fromID":"1331264","toID":"1331139","formEdgeID":null},{"edgeID":"1745962","fromID":"1331265","toID":"1331143","formEdgeID":null},{"edgeID":"1745963","fromID":"1331144","toID":"1331265","formEdgeID":null},{"edgeID":"1745964","fromID":"1331143","toID":"1331266","formEdgeID":null},{"edgeID":"1745965","fromID":"1331266","toID":"1331142","formEdgeID":null},{"edgeID":"1745966","fromID":"1331140","toID":"1331267","formEdgeID":null},{"edgeID":"1745967","fromID":"1331267","toID":"1331143","formEdgeID":null},{"edgeID":"1745968","fromID":"1331268","toID":"1331146","formEdgeID":null},{"edgeID":"1745969","fromID":"1331147","toID":"1331268","formEdgeID":null},{"edgeID":"1745970","fromID":"1331146","toID":"1331269","formEdgeID":null},{"edgeID":"1745971","fromID":"1331269","toID":"1331145","formEdgeID":null},{"edgeID":"1745972","fromID":"1331143","toID":"1331270","formEdgeID":null},{"edgeID":"1745973","fromID":"1331270","toID":"1331146","formEdgeID":null},{"edgeID":"1745974","fromID":"1331271","toID":"1331149","formEdgeID":null},{"edgeID":"1745975","fromID":"1331150","toID":"1331271","formEdgeID":null},{"edgeID":"1745976","fromID":"1331149","toID":"1331272","formEdgeID":null},{"edgeID":"1745977","fromID":"1331272","toID":"1331148","formEdgeID":null},{"edgeID":"1745978","fromID":"1331146","toID":"1331273","formEdgeID":null},{"edgeID":"1745979","fromID":"1331273","toID":"1331149","formEdgeID":null},{"edgeID":"1745980","fromID":"1331274","toID":"1331152","formEdgeID":null},{"edgeID":"1745981","fromID":"1331153","toID":"1331274","formEdgeID":null},{"edgeID":"1745982","fromID":"1331152","toID":"1331275","formEdgeID":null},{"edgeID":"1745983","fromID":"1331275","toID":"1331151","formEdgeID":null},{"edgeID":"1745984","fromID":"1331276","toID":"1331155","formEdgeID":null},{"edgeID":"1745985","fromID":"1331156","toID":"1331276","formEdgeID":null},{"edgeID":"1745986","fromID":"1331155","toID":"1331277","formEdgeID":null},{"edgeID":"1745987","fromID":"1331277","toID":"1331154","formEdgeID":null},{"edgeID":"1745988","fromID":"1331152","toID":"1331278","formEdgeID":null},{"edgeID":"1745989","fromID":"1331278","toID":"1331155","formEdgeID":null},{"edgeID":"1745990","fromID":"1331154","toID":"1331279","formEdgeID":null},{"edgeID":"1745991","fromID":"1331279","toID":"1331151","formEdgeID":null},{"edgeID":"1745992","fromID":"1331278","toID":"1331280","formEdgeID":null},{"edgeID":"1745993","fromID":"1331280","toID":"1331279","formEdgeID":null},{"edgeID":"1745994","fromID":"1331148","toID":"1331281","formEdgeID":null},{"edgeID":"1745995","fromID":"1331281","toID":"1331151","formEdgeID":null},{"edgeID":"1745996","fromID":"1331149","toID":"1331282","formEdgeID":null},{"edgeID":"1745997","fromID":"1331282","toID":"1331152","formEdgeID":null},{"edgeID":"1745998","fromID":"1331282","toID":"1331283","formEdgeID":null},{"edgeID":"1745999","fromID":"1331283","toID":"1331281","formEdgeID":null},{"edgeID":"1746000","fromID":"1331076","toID":"1331284","formEdgeID":null},{"edgeID":"1746001","fromID":"1331284","toID":"1331073","formEdgeID":null},{"edgeID":"1746002","fromID":"1331179","toID":"1331285","formEdgeID":null},{"edgeID":"1746003","fromID":"1331285","toID":"1331284","formEdgeID":null},{"edgeID":"1746004","fromID":"1331103","toID":"1331286","formEdgeID":null},{"edgeID":"1746005","fromID":"1331286","toID":"1331100","formEdgeID":null},{"edgeID":"1746006","fromID":"1331217","toID":"1331287","formEdgeID":null},{"edgeID":"1746007","fromID":"1331287","toID":"1331286","formEdgeID":null},{"edgeID":"1746008","fromID":"1331106","toID":"1331288","formEdgeID":null},{"edgeID":"1746009","fromID":"1331288","toID":"1331100","formEdgeID":null},{"edgeID":"1746010","fromID":"1331220","toID":"1331289","formEdgeID":null},{"edgeID":"1746011","fromID":"1331289","toID":"1331288","formEdgeID":null},{"edgeID":"1746012","fromID":"1331139","toID":"1331290","formEdgeID":null},{"edgeID":"1746013","fromID":"1331290","toID":"1331130","formEdgeID":null},{"edgeID":"1746014","fromID":"1331131","toID":"1331291","formEdgeID":null},{"edgeID":"1746015","fromID":"1331291","toID":"1331140","formEdgeID":null},{"edgeID":"1746016","fromID":"1331291","toID":"1331292","formEdgeID":null},{"edgeID":"1746017","fromID":"1331292","toID":"1331290","formEdgeID":null},{"edgeID":"1746018","fromID":"1331148","toID":"1331293","formEdgeID":null},{"edgeID":"1746019","fromID":"1331293","toID":"1331145","formEdgeID":null},{"edgeID":"1746020","fromID":"1331273","toID":"1331294","formEdgeID":null},{"edgeID":"1746021","fromID":"1331294","toID":"1331293","formEdgeID":null}],"locutions":[]}