{"nodes":[{"nodeID":"1329611","text":"30 million people are being able to keep more of their own money","type":"I","timestamp":"2023-11-09 13:37:07"},{"nodeID":"1329612","text":"Paul Scully: 30 million people are being able to keep more of their own money","type":"L","timestamp":"2023-11-09 13:37:07"},{"nodeID":"1329613","text":"Analysing","type":"YA","timestamp":"2023-11-09 13:37:07"},{"nodeID":"1329614","text":"Jordan: Paul Scully: 30 million people are being able to keep more of their own money","type":"L","timestamp":"2023-11-09 13:37:07"},{"nodeID":"1329615","text":"Asserting","type":"YA","timestamp":"2023-11-09 13:37:07"},{"nodeID":"1329616","text":"30 million people's mortgages are about to go up","type":"I","timestamp":"2023-11-09 13:37:08"},{"nodeID":"1329617","text":"Bridget Phillipson: Their mortgages are about to go up","type":"L","timestamp":"2023-11-09 13:37:08"},{"nodeID":"1329618","text":"Analysing","type":"YA","timestamp":"2023-11-09 13:37:08"},{"nodeID":"1329619","text":"Jordan: Bridget Phillipson: Their mortgages are about to go up","type":"L","timestamp":"2023-11-09 13:37:08"},{"nodeID":"1329620","text":"Asserting","type":"YA","timestamp":"2023-11-09 13:37:08"},{"nodeID":"1329621","text":"Default Transition","type":"TA","timestamp":"2023-11-09 13:37:08"},{"nodeID":"1329622","text":"Default Conflict","type":"CA","timestamp":"2023-11-09 13:37:08"},{"nodeID":"1329623","text":"Disagreeing","type":"YA","timestamp":"2023-11-09 13:37:08"},{"nodeID":"1329624","text":"Bridget Phillipson didn't support that levy in the first place","type":"I","timestamp":"2023-11-09 13:37:08"},{"nodeID":"1329625","text":"Paul Scully: You didn't support that levy in the first place","type":"L","timestamp":"2023-11-09 13:37:08"},{"nodeID":"1329626","text":"Analysing","type":"YA","timestamp":"2023-11-09 13:37:08"},{"nodeID":"1329627","text":"Jordan: Paul Scully: You didn't support that levy in the first place","type":"L","timestamp":"2023-11-09 13:37:08"},{"nodeID":"1329628","text":"Asserting","type":"YA","timestamp":"2023-11-09 13:37:08"},{"nodeID":"1329629","text":"Default Transition","type":"TA","timestamp":"2023-11-09 13:37:08"},{"nodeID":"1329630","text":"Default Conflict","type":"CA","timestamp":"2023-11-09 13:37:08"},{"nodeID":"1329631","text":"Disagreeing","type":"YA","timestamp":"2023-11-09 13:37:08"},{"nodeID":"1329632","text":"the way Bridget Phillipson was acting 6 months ago is the total opposite now","type":"I","timestamp":"2023-11-09 13:37:09"},{"nodeID":"1329633","text":"Paul Scully:  the way you were acting 6 months ago is the total opposite now","type":"L","timestamp":"2023-11-09 13:37:09"},{"nodeID":"1329634","text":"Analysing","type":"YA","timestamp":"2023-11-09 13:37:09"},{"nodeID":"1329635","text":"Jordan: Paul Scully:  the way you were acting 6 months ago is the total opposite now","type":"L","timestamp":"2023-11-09 13:37:09"},{"nodeID":"1329636","text":"Asserting","type":"YA","timestamp":"2023-11-09 13:37:09"},{"nodeID":"1329637","text":"so Bridget Phillipson was either wrong 6 months ago or she's wrong now","type":"I","timestamp":"2023-11-09 13:37:10"},{"nodeID":"1329638","text":"Paul Scully: So you were either wrong then or you're wrong now","type":"L","timestamp":"2023-11-09 13:37:10"},{"nodeID":"1329639","text":"Analysing","type":"YA","timestamp":"2023-11-09 13:37:10"},{"nodeID":"1329640","text":"Jordan: Paul Scully: So you were either wrong then or you're wrong now","type":"L","timestamp":"2023-11-09 13:37:10"},{"nodeID":"1329641","text":"Asserting","type":"YA","timestamp":"2023-11-09 13:37:10"},{"nodeID":"1329642","text":"Default Transition","type":"TA","timestamp":"2023-11-09 13:37:10"},{"nodeID":"1329643","text":"Default Inference","type":"RA","timestamp":"2023-11-09 13:37:10"},{"nodeID":"1329644","text":"Default Transition","type":"TA","timestamp":"2023-11-09 13:37:10"},{"nodeID":"1329645","text":"Arguing","type":"YA","timestamp":"2023-11-09 13:37:10"},{"nodeID":"1329646","text":"people will not be richer because of this levy","type":"I","timestamp":"2023-11-09 13:37:10"},{"nodeID":"1329647","text":"Richard Bacon: I don't think people will be richer because of this","type":"L","timestamp":"2023-11-09 13:37:10"},{"nodeID":"1329648","text":"Analysing","type":"YA","timestamp":"2023-11-09 13:37:10"},{"nodeID":"1329649","text":"Jordan: Richard Bacon: I don't think people will be richer because of this","type":"L","timestamp":"2023-11-09 13:37:10"},{"nodeID":"1329650","text":"Asserting","type":"YA","timestamp":"2023-11-09 13:37:10"},{"nodeID":"1329651","text":"Default Transition","type":"TA","timestamp":"2023-11-09 13:37:10"},{"nodeID":"1329652","text":"it has been really difficult since last week","type":"I","timestamp":"2023-11-09 13:37:11"},{"nodeID":"1329653","text":"Richard Bacon: When you say it has been really difficult since last week, that seems like an understatement, (LAUGHTER), doesn't it","type":"L","timestamp":"2023-11-09 13:37:11"},{"nodeID":"1329654","text":"Analysing","type":"YA","timestamp":"2023-11-09 13:37:11"},{"nodeID":"1329655","text":"Jordan: Richard Bacon: When you say it has been really difficult since last week, that seems like an understatement, (LAUGHTER), doesn't it","type":"L","timestamp":"2023-11-09 13:37:11"},{"nodeID":"1329656","text":"Bridget Phillipson: it has been really difficult since last week","type":"L","timestamp":"2023-11-09 13:37:11"},{"nodeID":"1329657","text":"Analysing","type":"YA","timestamp":"2023-11-09 13:37:11"},{"nodeID":"1329658","text":"Jordan: Bridget Phillipson: it seems like an understatement that it has been really difficult since last week","type":"L","timestamp":"2023-11-09 13:37:11"},{"nodeID":"1329659","text":"Asserting","type":"YA","timestamp":"2023-11-09 13:37:11"},{"nodeID":"1329660","text":"Assertive Questioning","type":"YA","timestamp":"2023-11-09 13:37:11"},{"nodeID":"1329661","text":"Default Transition","type":"TA","timestamp":"2023-11-09 13:37:11"},{"nodeID":"1329662","text":"Default Inference","type":"RA","timestamp":"2023-11-09 13:37:11"},{"nodeID":"1329663","text":"Arguing","type":"YA","timestamp":"2023-11-09 13:37:11"},{"nodeID":"1329664","text":"Liz Truss has done more damage to the British economy than Brexit, the war in Ukraine, all the pandemic and she has done it since Friday","type":"I","timestamp":"2023-11-09 13:37:11"},{"nodeID":"1329665","text":"Richard Bacon: I think Liz Truss has done more damage to the British economy than Brexit, the war in Ukraine, all the pandemic and she has done it since Friday","type":"L","timestamp":"2023-11-09 13:37:11"},{"nodeID":"1329666","text":"Analysing","type":"YA","timestamp":"2023-11-09 13:37:11"},{"nodeID":"1329667","text":"Jordan: Richard Bacon: I think Liz Truss has done more damage to the British economy than Brexit, the war in Ukraine, all the pandemic and she has done it since Friday","type":"L","timestamp":"2023-11-09 13:37:11"},{"nodeID":"1329668","text":"Asserting","type":"YA","timestamp":"2023-11-09 13:37:11"},{"nodeID":"1329669","text":"Default Transition","type":"TA","timestamp":"2023-11-09 13:37:11"},{"nodeID":"1329670","text":"Default Inference","type":"RA","timestamp":"2023-11-09 13:37:11"},{"nodeID":"1329671","text":"Arguing","type":"YA","timestamp":"2023-11-09 13:37:11"}],"edges":[{"edgeID":"1744032","fromID":"1329613","toID":"1329612","formEdgeID":null},{"edgeID":"1744033","fromID":"1329614","toID":"1329613","formEdgeID":null},{"edgeID":"1744034","fromID":"1329612","toID":"1329615","formEdgeID":null},{"edgeID":"1744035","fromID":"1329615","toID":"1329611","formEdgeID":null},{"edgeID":"1744036","fromID":"1329618","toID":"1329617","formEdgeID":null},{"edgeID":"1744037","fromID":"1329619","toID":"1329618","formEdgeID":null},{"edgeID":"1744038","fromID":"1329617","toID":"1329620","formEdgeID":null},{"edgeID":"1744039","fromID":"1329620","toID":"1329616","formEdgeID":null},{"edgeID":"1744040","fromID":"1329612","toID":"1329621","formEdgeID":null},{"edgeID":"1744041","fromID":"1329621","toID":"1329617","formEdgeID":null},{"edgeID":"1744042","fromID":"1329616","toID":"1329622","formEdgeID":null},{"edgeID":"1744043","fromID":"1329622","toID":"1329611","formEdgeID":null},{"edgeID":"1744044","fromID":"1329621","toID":"1329623","formEdgeID":null},{"edgeID":"1744045","fromID":"1329623","toID":"1329622","formEdgeID":null},{"edgeID":"1744046","fromID":"1329626","toID":"1329625","formEdgeID":null},{"edgeID":"1744047","fromID":"1329627","toID":"1329626","formEdgeID":null},{"edgeID":"1744048","fromID":"1329625","toID":"1329628","formEdgeID":null},{"edgeID":"1744049","fromID":"1329628","toID":"1329624","formEdgeID":null},{"edgeID":"1744050","fromID":"1329617","toID":"1329629","formEdgeID":null},{"edgeID":"1744051","fromID":"1329629","toID":"1329625","formEdgeID":null},{"edgeID":"1744052","fromID":"1329624","toID":"1329630","formEdgeID":null},{"edgeID":"1744053","fromID":"1329630","toID":"1329616","formEdgeID":null},{"edgeID":"1744054","fromID":"1329629","toID":"1329631","formEdgeID":null},{"edgeID":"1744055","fromID":"1329631","toID":"1329630","formEdgeID":null},{"edgeID":"1744056","fromID":"1329634","toID":"1329633","formEdgeID":null},{"edgeID":"1744057","fromID":"1329635","toID":"1329634","formEdgeID":null},{"edgeID":"1744058","fromID":"1329633","toID":"1329636","formEdgeID":null},{"edgeID":"1744059","fromID":"1329636","toID":"1329632","formEdgeID":null},{"edgeID":"1744060","fromID":"1329639","toID":"1329638","formEdgeID":null},{"edgeID":"1744061","fromID":"1329640","toID":"1329639","formEdgeID":null},{"edgeID":"1744062","fromID":"1329638","toID":"1329641","formEdgeID":null},{"edgeID":"1744063","fromID":"1329641","toID":"1329637","formEdgeID":null},{"edgeID":"1744064","fromID":"1329633","toID":"1329642","formEdgeID":null},{"edgeID":"1744065","fromID":"1329642","toID":"1329638","formEdgeID":null},{"edgeID":"1744066","fromID":"1329624","toID":"1329643","formEdgeID":null},{"edgeID":"1744067","fromID":"1329643","toID":"1329637","formEdgeID":null},{"edgeID":"1744068","fromID":"1329632","toID":"1329643","formEdgeID":null},{"edgeID":"1744069","fromID":"1329625","toID":"1329644","formEdgeID":null},{"edgeID":"1744070","fromID":"1329644","toID":"1329638","formEdgeID":null},{"edgeID":"1744071","fromID":"1329642","toID":"1329645","formEdgeID":null},{"edgeID":"1744072","fromID":"1329645","toID":"1329643","formEdgeID":null},{"edgeID":"1744073","fromID":"1329648","toID":"1329647","formEdgeID":null},{"edgeID":"1744074","fromID":"1329649","toID":"1329648","formEdgeID":null},{"edgeID":"1744075","fromID":"1329647","toID":"1329650","formEdgeID":null},{"edgeID":"1744076","fromID":"1329650","toID":"1329646","formEdgeID":null},{"edgeID":"1744077","fromID":"1329638","toID":"1329651","formEdgeID":null},{"edgeID":"1744078","fromID":"1329651","toID":"1329647","formEdgeID":null},{"edgeID":"1744079","fromID":"1329654","toID":"1329653","formEdgeID":null},{"edgeID":"1744080","fromID":"1329655","toID":"1329654","formEdgeID":null},{"edgeID":"1744081","fromID":"1329657","toID":"1329656","formEdgeID":null},{"edgeID":"1744082","fromID":"1329658","toID":"1329657","formEdgeID":null},{"edgeID":"1744083","fromID":"1329656","toID":"1329659","formEdgeID":null},{"edgeID":"1744084","fromID":"1329659","toID":"1329652","formEdgeID":null},{"edgeID":"1744085","fromID":"1329653","toID":"1329660","formEdgeID":null},{"edgeID":"1744086","fromID":"1329660","toID":"1329656","formEdgeID":null},{"edgeID":"1744087","fromID":"1329647","toID":"1329661","formEdgeID":null},{"edgeID":"1744088","fromID":"1329661","toID":"1329653","formEdgeID":null},{"edgeID":"1744089","fromID":"1329646","toID":"1329662","formEdgeID":null},{"edgeID":"1744090","fromID":"1329662","toID":"1329652","formEdgeID":null},{"edgeID":"1744091","fromID":"1329661","toID":"1329663","formEdgeID":null},{"edgeID":"1744092","fromID":"1329663","toID":"1329662","formEdgeID":null},{"edgeID":"1744093","fromID":"1329666","toID":"1329665","formEdgeID":null},{"edgeID":"1744094","fromID":"1329667","toID":"1329666","formEdgeID":null},{"edgeID":"1744095","fromID":"1329665","toID":"1329668","formEdgeID":null},{"edgeID":"1744096","fromID":"1329668","toID":"1329664","formEdgeID":null},{"edgeID":"1744097","fromID":"1329653","toID":"1329669","formEdgeID":null},{"edgeID":"1744098","fromID":"1329669","toID":"1329665","formEdgeID":null},{"edgeID":"1744099","fromID":"1329664","toID":"1329670","formEdgeID":null},{"edgeID":"1744100","fromID":"1329670","toID":"1329652","formEdgeID":null},{"edgeID":"1744101","fromID":"1329669","toID":"1329671","formEdgeID":null},{"edgeID":"1744102","fromID":"1329671","toID":"1329670","formEdgeID":null}],"locutions":[]}