{"nodes":[{"nodeID":"1347746","text":"we shouldn't forget we're hosting Eurovision for Ukraine","type":"I","timestamp":"2023-11-09 14:04:44"},{"nodeID":"1347747","text":"AudienceMember 20221006QT99: We shouldn't forget we're hosting this for Ukraine","type":"L","timestamp":"2023-11-09 14:04:44"},{"nodeID":"1347748","text":"Analysing","type":"YA","timestamp":"2023-11-09 14:04:44"},{"nodeID":"1347749","text":"Dominika: AudienceMember 20221006QT99: We shouldn't forget we're hosting this for Ukraine","type":"L","timestamp":"2023-11-09 14:04:44"},{"nodeID":"1347750","text":"Asserting","type":"YA","timestamp":"2023-11-09 14:04:44"},{"nodeID":"1347751","text":"Manchester has the largest Ukrainian population outside of London","type":"I","timestamp":"2023-11-09 14:04:45"},{"nodeID":"1347752","text":"AudienceMember 20221006QT99: Manchester has the largest Ukrainian population outside of London","type":"L","timestamp":"2023-11-09 14:04:45"},{"nodeID":"1347753","text":"Analysing","type":"YA","timestamp":"2023-11-09 14:04:45"},{"nodeID":"1347754","text":"Dominika: AudienceMember 20221006QT99: Manchester has the largest Ukrainian population outside of London","type":"L","timestamp":"2023-11-09 14:04:45"},{"nodeID":"1347755","text":"Asserting","type":"YA","timestamp":"2023-11-09 14:04:45"},{"nodeID":"1347756","text":"Default Transition","type":"TA","timestamp":"2023-11-09 14:04:45"},{"nodeID":"1347757","text":"Default Inference","type":"RA","timestamp":"2023-11-09 14:04:45"},{"nodeID":"1347758","text":"Arguing","type":"YA","timestamp":"2023-11-09 14:04:45"},{"nodeID":"1347759","text":"AudienceMember 20221006QT99: As Richard pointed out, you're no longer in the running","type":"L","timestamp":"2023-11-09 14:04:45"},{"nodeID":"1347760","text":"Analysing","type":"YA","timestamp":"2023-11-09 14:04:45"},{"nodeID":"1347761","text":"Dominika: AudienceMember 20221006QT99: As Richard pointed out, you're no longer in the running","type":"L","timestamp":"2023-11-09 14:04:45"},{"nodeID":"1347762","text":"AudienceMember 20221006QT100 is a Glaswegian","type":"I","timestamp":"2023-11-09 14:04:46"},{"nodeID":"1347763","text":"AudienceMember 20221006QT100: I'm a Glaswegian","type":"L","timestamp":"2023-11-09 14:04:46"},{"nodeID":"1347764","text":"Analysing","type":"YA","timestamp":"2023-11-09 14:04:46"},{"nodeID":"1347765","text":"Dominika: AudienceMember 20221006QT100: I'm a Glaswegian","type":"L","timestamp":"2023-11-09 14:04:46"},{"nodeID":"1347766","text":"Asserting","type":"YA","timestamp":"2023-11-09 14:04:46"},{"nodeID":"1347767","text":"Default Transition","type":"TA","timestamp":"2023-11-09 14:04:46"},{"nodeID":"1347768","text":"Default Transition","type":"TA","timestamp":"2023-11-09 14:04:46"},{"nodeID":"1347769","text":"AudienceMember 20221006QT100 loves Liverpool","type":"I","timestamp":"2023-11-09 14:04:46"},{"nodeID":"1347770","text":"AudienceMember 20221006QT100: I love Liverpool","type":"L","timestamp":"2023-11-09 14:04:46"},{"nodeID":"1347771","text":"Analysing","type":"YA","timestamp":"2023-11-09 14:04:46"},{"nodeID":"1347772","text":"Dominika: AudienceMember 20221006QT100: I love Liverpool","type":"L","timestamp":"2023-11-09 14:04:46"},{"nodeID":"1347773","text":"Asserting","type":"YA","timestamp":"2023-11-09 14:04:46"},{"nodeID":"1347774","text":"Scousers are Glaswegians with funny accents","type":"I","timestamp":"2023-11-09 14:04:47"},{"nodeID":"1347775","text":"AudienceMember 20221006QT100: Scousers are Glaswegians with funny accents","type":"L","timestamp":"2023-11-09 14:04:47"},{"nodeID":"1347776","text":"Analysing","type":"YA","timestamp":"2023-11-09 14:04:47"},{"nodeID":"1347777","text":"Dominika: AudienceMember 20221006QT100: Scousers are Glaswegians with funny accents","type":"L","timestamp":"2023-11-09 14:04:47"},{"nodeID":"1347778","text":"Asserting","type":"YA","timestamp":"2023-11-09 14:04:47"},{"nodeID":"1347779","text":"AudienceMember 20221006QT100 doesn't think it makes any difference which city will host Eurovision","type":"I","timestamp":"2023-11-09 14:04:48"},{"nodeID":"1347780","text":"AudienceMember 20221006QT100: I don't think it makes any difference","type":"L","timestamp":"2023-11-09 14:04:48"},{"nodeID":"1347781","text":"Analysing","type":"YA","timestamp":"2023-11-09 14:04:48"},{"nodeID":"1347782","text":"Dominika: AudienceMember 20221006QT100: I don't think it makes any difference","type":"L","timestamp":"2023-11-09 14:04:48"},{"nodeID":"1347783","text":"Asserting","type":"YA","timestamp":"2023-11-09 14:04:48"},{"nodeID":"1347784","text":"if Liverpool win, it will be another thing that we won't hear the end of","type":"I","timestamp":"2023-11-09 14:04:48"},{"nodeID":"1347785","text":"AudienceMember 20221006QT101: If Liverpool win, it will be another thing that we won'heard the end of","type":"L","timestamp":"2023-11-09 14:04:48"},{"nodeID":"1347786","text":"Analysing","type":"YA","timestamp":"2023-11-09 14:04:48"},{"nodeID":"1347787","text":"Dominika: AudienceMember 20221006QT101: If Liverpool win, it will be another thing that we won'heard the end of","type":"L","timestamp":"2023-11-09 14:04:48"},{"nodeID":"1347788","text":"Asserting","type":"YA","timestamp":"2023-11-09 14:04:48"},{"nodeID":"1347789","text":"Glasgow should host Eurovision","type":"I","timestamp":"2023-11-09 14:04:49"},{"nodeID":"1347790","text":"AudienceMember 20221006QT102: Glasgow","type":"L","timestamp":"2023-11-09 14:04:49"},{"nodeID":"1347791","text":"Analysing","type":"YA","timestamp":"2023-11-09 14:04:49"},{"nodeID":"1347792","text":"Dominika: AudienceMember 20221006QT102: Glasgow","type":"L","timestamp":"2023-11-09 14:04:49"},{"nodeID":"1347793","text":"Asserting","type":"YA","timestamp":"2023-11-09 14:04:49"},{"nodeID":"1347794","text":"AudienceMember 20221006QT102 does or does not have a particular reason for saying Glasgow should host Eurovision","type":"I","timestamp":"2023-11-09 14:04:49"},{"nodeID":"1347795","text":"Fiona Bruce: Any particular reason","type":"L","timestamp":"2023-11-09 14:04:49"},{"nodeID":"1347796","text":"Analysing","type":"YA","timestamp":"2023-11-09 14:04:49"},{"nodeID":"1347797","text":"Dominika: Fiona Bruce: Any particular reason","type":"L","timestamp":"2023-11-09 14:04:49"},{"nodeID":"1347798","text":"Pure Questioning","type":"YA","timestamp":"2023-11-09 14:04:49"},{"nodeID":"1347799","text":"AudienceMember 20221006QT102 is from Glasgow","type":"I","timestamp":"2023-11-09 14:04:50"},{"nodeID":"1347800","text":"AudienceMember 20221006QT102: I'm from Glasgow","type":"L","timestamp":"2023-11-09 14:04:50"},{"nodeID":"1347801","text":"Analysing","type":"YA","timestamp":"2023-11-09 14:04:50"},{"nodeID":"1347802","text":"Dominika: AudienceMember 20221006QT102: I'm from Glasgow","type":"L","timestamp":"2023-11-09 14:04:50"},{"nodeID":"1347803","text":"Asserting","type":"YA","timestamp":"2023-11-09 14:04:50"},{"nodeID":"1347804","text":"Fiona Bruce wanted something to cheer us up slightly","type":"I","timestamp":"2023-11-09 14:04:51"},{"nodeID":"1347805","text":"Fiona Bruce: I wanted something to cheer us up slightly","type":"L","timestamp":"2023-11-09 14:04:51"},{"nodeID":"1347806","text":"Analysing","type":"YA","timestamp":"2023-11-09 14:04:51"},{"nodeID":"1347807","text":"Dominika: Fiona Bruce: I wanted something to cheer us up slightly","type":"L","timestamp":"2023-11-09 14:04:51"},{"nodeID":"1347808","text":"Asserting","type":"YA","timestamp":"2023-11-09 14:04:51"},{"nodeID":"1347809","text":"it has been fascinating what you had to say","type":"I","timestamp":"2023-11-09 14:04:51"},{"nodeID":"1347810","text":"Fiona Bruce: it has been fascinating what you had to say","type":"L","timestamp":"2023-11-09 14:04:51"},{"nodeID":"1347811","text":"Analysing","type":"YA","timestamp":"2023-11-09 14:04:51"},{"nodeID":"1347812","text":"Dominika: Fiona Bruce: it has been fascinating what you had to say","type":"L","timestamp":"2023-11-09 14:04:51"},{"nodeID":"1347813","text":"Asserting","type":"YA","timestamp":"2023-11-09 14:04:51"},{"nodeID":"1347814","text":"Fiona Bruce wishes Rabia luck with their mortgage application","type":"I","timestamp":"2023-11-09 14:04:52"},{"nodeID":"1347815","text":"Fiona Bruce: I wish you luck with your mortgage application","type":"L","timestamp":"2023-11-09 14:04:52"},{"nodeID":"1347816","text":"Analysing","type":"YA","timestamp":"2023-11-09 14:04:52"},{"nodeID":"1347817","text":"Dominika: Fiona Bruce: I wish you luck with your mortgage application","type":"L","timestamp":"2023-11-09 14:04:52"},{"nodeID":"1347818","text":"Asserting","type":"YA","timestamp":"2023-11-09 14:04:52"},{"nodeID":"1347819","text":"Default Transition","type":"TA","timestamp":"2023-11-09 14:04:52"},{"nodeID":"1347820","text":"Default Transition","type":"TA","timestamp":"2023-11-09 14:04:52"},{"nodeID":"1347821","text":"Default Transition","type":"TA","timestamp":"2023-11-09 14:04:52"},{"nodeID":"1347822","text":"Default Transition","type":"TA","timestamp":"2023-11-09 14:04:52"},{"nodeID":"1347823","text":"Default Transition","type":"TA","timestamp":"2023-11-09 14:04:52"},{"nodeID":"1347824","text":"Default Inference","type":"RA","timestamp":"2023-11-09 14:04:52"},{"nodeID":"1347825","text":"Default Transition","type":"TA","timestamp":"2023-11-09 14:04:52"},{"nodeID":"1347826","text":"Arguing","type":"YA","timestamp":"2023-11-09 14:04:52"},{"nodeID":"1347827","text":"Default Transition","type":"TA","timestamp":"2023-11-09 14:04:52"},{"nodeID":"1347828","text":"Default Transition","type":"TA","timestamp":"2023-11-09 14:04:52"},{"nodeID":"1347829","text":"Default Transition","type":"TA","timestamp":"2023-11-09 14:04:52"},{"nodeID":"1347830","text":"Default Transition","type":"TA","timestamp":"2023-11-09 14:04:52"},{"nodeID":"1347831","text":"Default Rephrase","type":"MA","timestamp":"2023-11-09 14:04:52"},{"nodeID":"1347832","text":"Default Illocuting","type":"YA","timestamp":"2023-11-09 14:04:52"},{"nodeID":"1347833","text":"Manchester is no longer in the running","type":"L","timestamp":"2023-11-09 14:04:52"},{"nodeID":"1347834","text":"Analysing","type":"YA","timestamp":"2023-11-09 14:04:52"},{"nodeID":"1347835","text":"Dominika: Richard Bacon: Richard Bacon: AudienceMember 20221006QT99: As Richard pointed out, you're no longer in the running","type":"L","timestamp":"2023-11-09 14:04:52"},{"nodeID":"1347836","text":"Richard Bacon: you're no longer in the running","type":"L","timestamp":"2023-11-09 14:04:52"},{"nodeID":"1347837","text":"Analysing","type":"YA","timestamp":"2023-11-09 14:04:52"},{"nodeID":"1347838","text":"Dominika: Richard Bacon: Richard Bacon: Richard Bacon: AudienceMember 20221006QT99: As Richard pointed out, you're no longer in the running","type":"L","timestamp":"2023-11-09 14:04:52"},{"nodeID":"1347839","text":"Asserting","type":"YA","timestamp":"2023-11-09 14:04:52"},{"nodeID":"1347840","text":"Asserting","type":"YA","timestamp":"2023-11-09 14:04:52"}],"edges":[{"edgeID":"1765687","fromID":"1347748","toID":"1347747","formEdgeID":null},{"edgeID":"1765688","fromID":"1347749","toID":"1347748","formEdgeID":null},{"edgeID":"1765689","fromID":"1347747","toID":"1347750","formEdgeID":null},{"edgeID":"1765690","fromID":"1347750","toID":"1347746","formEdgeID":null},{"edgeID":"1765691","fromID":"1347753","toID":"1347752","formEdgeID":null},{"edgeID":"1765692","fromID":"1347754","toID":"1347753","formEdgeID":null},{"edgeID":"1765693","fromID":"1347752","toID":"1347755","formEdgeID":null},{"edgeID":"1765694","fromID":"1347755","toID":"1347751","formEdgeID":null},{"edgeID":"1765695","fromID":"1347747","toID":"1347756","formEdgeID":null},{"edgeID":"1765696","fromID":"1347756","toID":"1347752","formEdgeID":null},{"edgeID":"1765697","fromID":"1347751","toID":"1347757","formEdgeID":null},{"edgeID":"1765698","fromID":"1347757","toID":"1347746","formEdgeID":null},{"edgeID":"1765699","fromID":"1347756","toID":"1347758","formEdgeID":null},{"edgeID":"1765700","fromID":"1347758","toID":"1347757","formEdgeID":null},{"edgeID":"1765701","fromID":"1347760","toID":"1347759","formEdgeID":null},{"edgeID":"1765702","fromID":"1347761","toID":"1347760","formEdgeID":null},{"edgeID":"1765703","fromID":"1347764","toID":"1347763","formEdgeID":null},{"edgeID":"1765704","fromID":"1347765","toID":"1347764","formEdgeID":null},{"edgeID":"1765705","fromID":"1347763","toID":"1347766","formEdgeID":null},{"edgeID":"1765706","fromID":"1347766","toID":"1347762","formEdgeID":null},{"edgeID":"1765707","fromID":"1347759","toID":"1347767","formEdgeID":null},{"edgeID":"1765708","fromID":"1347767","toID":"1347763","formEdgeID":null},{"edgeID":"1765709","fromID":"1347752","toID":"1347768","formEdgeID":null},{"edgeID":"1765710","fromID":"1347768","toID":"1347759","formEdgeID":null},{"edgeID":"1765711","fromID":"1347771","toID":"1347770","formEdgeID":null},{"edgeID":"1765712","fromID":"1347772","toID":"1347771","formEdgeID":null},{"edgeID":"1765713","fromID":"1347770","toID":"1347773","formEdgeID":null},{"edgeID":"1765714","fromID":"1347773","toID":"1347769","formEdgeID":null},{"edgeID":"1765715","fromID":"1347776","toID":"1347775","formEdgeID":null},{"edgeID":"1765716","fromID":"1347777","toID":"1347776","formEdgeID":null},{"edgeID":"1765717","fromID":"1347775","toID":"1347778","formEdgeID":null},{"edgeID":"1765718","fromID":"1347778","toID":"1347774","formEdgeID":null},{"edgeID":"1765719","fromID":"1347781","toID":"1347780","formEdgeID":null},{"edgeID":"1765720","fromID":"1347782","toID":"1347781","formEdgeID":null},{"edgeID":"1765721","fromID":"1347780","toID":"1347783","formEdgeID":null},{"edgeID":"1765722","fromID":"1347783","toID":"1347779","formEdgeID":null},{"edgeID":"1765723","fromID":"1347786","toID":"1347785","formEdgeID":null},{"edgeID":"1765724","fromID":"1347787","toID":"1347786","formEdgeID":null},{"edgeID":"1765725","fromID":"1347785","toID":"1347788","formEdgeID":null},{"edgeID":"1765726","fromID":"1347788","toID":"1347784","formEdgeID":null},{"edgeID":"1765727","fromID":"1347791","toID":"1347790","formEdgeID":null},{"edgeID":"1765728","fromID":"1347792","toID":"1347791","formEdgeID":null},{"edgeID":"1765729","fromID":"1347790","toID":"1347793","formEdgeID":null},{"edgeID":"1765730","fromID":"1347793","toID":"1347789","formEdgeID":null},{"edgeID":"1765731","fromID":"1347796","toID":"1347795","formEdgeID":null},{"edgeID":"1765732","fromID":"1347797","toID":"1347796","formEdgeID":null},{"edgeID":"1765733","fromID":"1347795","toID":"1347798","formEdgeID":null},{"edgeID":"1765734","fromID":"1347798","toID":"1347794","formEdgeID":null},{"edgeID":"1765735","fromID":"1347801","toID":"1347800","formEdgeID":null},{"edgeID":"1765736","fromID":"1347802","toID":"1347801","formEdgeID":null},{"edgeID":"1765737","fromID":"1347800","toID":"1347803","formEdgeID":null},{"edgeID":"1765738","fromID":"1347803","toID":"1347799","formEdgeID":null},{"edgeID":"1765739","fromID":"1347806","toID":"1347805","formEdgeID":null},{"edgeID":"1765740","fromID":"1347807","toID":"1347806","formEdgeID":null},{"edgeID":"1765741","fromID":"1347805","toID":"1347808","formEdgeID":null},{"edgeID":"1765742","fromID":"1347808","toID":"1347804","formEdgeID":null},{"edgeID":"1765743","fromID":"1347811","toID":"1347810","formEdgeID":null},{"edgeID":"1765744","fromID":"1347812","toID":"1347811","formEdgeID":null},{"edgeID":"1765745","fromID":"1347810","toID":"1347813","formEdgeID":null},{"edgeID":"1765746","fromID":"1347813","toID":"1347809","formEdgeID":null},{"edgeID":"1765747","fromID":"1347816","toID":"1347815","formEdgeID":null},{"edgeID":"1765748","fromID":"1347817","toID":"1347816","formEdgeID":null},{"edgeID":"1765749","fromID":"1347815","toID":"1347818","formEdgeID":null},{"edgeID":"1765750","fromID":"1347818","toID":"1347814","formEdgeID":null},{"edgeID":"1765751","fromID":"1347805","toID":"1347819","formEdgeID":null},{"edgeID":"1765752","fromID":"1347819","toID":"1347810","formEdgeID":null},{"edgeID":"1765753","fromID":"1347810","toID":"1347820","formEdgeID":null},{"edgeID":"1765754","fromID":"1347820","toID":"1347815","formEdgeID":null},{"edgeID":"1765755","fromID":"1347800","toID":"1347821","formEdgeID":null},{"edgeID":"1765756","fromID":"1347821","toID":"1347805","formEdgeID":null},{"edgeID":"1765757","fromID":"1347763","toID":"1347822","formEdgeID":null},{"edgeID":"1765758","fromID":"1347822","toID":"1347770","formEdgeID":null},{"edgeID":"1765759","fromID":"1347770","toID":"1347823","formEdgeID":null},{"edgeID":"1765760","fromID":"1347823","toID":"1347775","formEdgeID":null},{"edgeID":"1765761","fromID":"1347769","toID":"1347824","formEdgeID":null},{"edgeID":"1765762","fromID":"1347824","toID":"1347779","formEdgeID":null},{"edgeID":"1765763","fromID":"1347774","toID":"1347824","formEdgeID":null},{"edgeID":"1765764","fromID":"1347770","toID":"1347825","formEdgeID":null},{"edgeID":"1765765","fromID":"1347825","toID":"1347780","formEdgeID":null},{"edgeID":"1765766","fromID":"1347825","toID":"1347826","formEdgeID":null},{"edgeID":"1765767","fromID":"1347826","toID":"1347824","formEdgeID":null},{"edgeID":"1765768","fromID":"1347780","toID":"1347827","formEdgeID":null},{"edgeID":"1765769","fromID":"1347827","toID":"1347785","formEdgeID":null},{"edgeID":"1765770","fromID":"1347785","toID":"1347828","formEdgeID":null},{"edgeID":"1765771","fromID":"1347828","toID":"1347790","formEdgeID":null},{"edgeID":"1765772","fromID":"1347795","toID":"1347829","formEdgeID":null},{"edgeID":"1765773","fromID":"1347829","toID":"1347800","formEdgeID":null},{"edgeID":"1765774","fromID":"1347790","toID":"1347830","formEdgeID":null},{"edgeID":"1765775","fromID":"1347830","toID":"1347800","formEdgeID":null},{"edgeID":"1765776","fromID":"1347799","toID":"1347831","formEdgeID":null},{"edgeID":"1765777","fromID":"1347831","toID":"1347794","formEdgeID":null},{"edgeID":"1765778","fromID":"1347829","toID":"1347832","formEdgeID":null},{"edgeID":"1765779","fromID":"1347832","toID":"1347831","formEdgeID":null},{"edgeID":"1765780","fromID":"1347834","toID":"1347833","formEdgeID":null},{"edgeID":"1765781","fromID":"1347835","toID":"1347834","formEdgeID":null},{"edgeID":"1765782","fromID":"1347837","toID":"1347836","formEdgeID":null},{"edgeID":"1765783","fromID":"1347838","toID":"1347837","formEdgeID":null},{"edgeID":"1765784","fromID":"1347836","toID":"1347839","formEdgeID":null},{"edgeID":"1765785","fromID":"1347839","toID":"1347833","formEdgeID":null},{"edgeID":"1765786","fromID":"1347759","toID":"1347840","formEdgeID":null},{"edgeID":"1765787","fromID":"1347840","toID":"1347836","formEdgeID":null}],"locutions":[]}