{"nodes":[{"nodeID":"1149945","text":"it is a time of real worry","type":"I","timestamp":"2023-04-20 20:06:43"},{"nodeID":"1149995","text":"many of us want the opportunity to own our home","type":"I","timestamp":"2023-04-20 20:06:51"},{"nodeID":"1150023","text":"we need to make it easier to get more houses built","type":"I","timestamp":"2023-04-20 20:06:56"},{"nodeID":"1150059","text":"you don't generate growth by simply handing over a tax cut to the very wealthiest","type":"I","timestamp":"2023-04-20 20:07:09"},{"nodeID":"1150065","text":"it is the people in this room, the teaching assistants, the nurses, the shopworkers, the delivery drivers, they are the people that will drive growth","type":"I","timestamp":"2023-04-20 20:07:12"},{"nodeID":"1331598","text":"Bridget Phillipson: it is a time of real worry","type":"L","timestamp":"2023-11-09 13:39:51"},{"nodeID":"1331599","text":"Analysing","type":"YA","timestamp":"2023-11-09 13:39:51"},{"nodeID":"1331600","text":"Jordan: Bridget Phillipson: it is a time of real worry","type":"L","timestamp":"2023-11-09 13:39:51"},{"nodeID":"1331601","text":"Asserting","type":"YA","timestamp":"2023-11-09 13:39:51"},{"nodeID":"1331602","text":"when it comes to people who are already in the position of owning their own home","type":"I","timestamp":"2023-11-09 13:39:52"},{"nodeID":"1331603","text":"Bridget Phillipson: when it comes to people who are already in the position of owning their own home","type":"L","timestamp":"2023-11-09 13:39:52"},{"nodeID":"1331604","text":"Analysing","type":"YA","timestamp":"2023-11-09 13:39:52"},{"nodeID":"1331605","text":"Jordan: Bridget Phillipson: when it comes to people who are already in the position of owning their own home","type":"L","timestamp":"2023-11-09 13:39:52"},{"nodeID":"1331606","text":"Asserting","type":"YA","timestamp":"2023-11-09 13:39:52"},{"nodeID":"1331607","text":"we've heard the impact that the fiscal event on Friday will likely have","type":"I","timestamp":"2023-11-09 13:39:53"},{"nodeID":"1331608","text":"Bridget Phillipson: we've heard the impact that will likely have","type":"L","timestamp":"2023-11-09 13:39:53"},{"nodeID":"1331609","text":"Analysing","type":"YA","timestamp":"2023-11-09 13:39:53"},{"nodeID":"1331610","text":"Jordan: Bridget Phillipson: we've heard the impact that will likely have","type":"L","timestamp":"2023-11-09 13:39:53"},{"nodeID":"1331611","text":"Asserting","type":"YA","timestamp":"2023-11-09 13:39:53"},{"nodeID":"1331612","text":"those of you like AudienceMember 20221006QT45 who want the chance to buy their own home","type":"I","timestamp":"2023-11-09 13:39:53"},{"nodeID":"1331613","text":"Bridget Phillipson: those of you like you who want the chance to buy their own home","type":"L","timestamp":"2023-11-09 13:39:53"},{"nodeID":"1331614","text":"Analysing","type":"YA","timestamp":"2023-11-09 13:39:53"},{"nodeID":"1331615","text":"Jordan: Bridget Phillipson: those of you like you who want the chance to buy their own home","type":"L","timestamp":"2023-11-09 13:39:53"},{"nodeID":"1331616","text":"Asserting","type":"YA","timestamp":"2023-11-09 13:39:53"},{"nodeID":"1331617","text":"Default Transition","type":"TA","timestamp":"2023-11-09 13:39:53"},{"nodeID":"1331618","text":"Default Transition","type":"TA","timestamp":"2023-11-09 13:39:53"},{"nodeID":"1331619","text":"Default Transition","type":"TA","timestamp":"2023-11-09 13:39:53"},{"nodeID":"1331620","text":"Bridget Phillipson: Many of us want the opportunity to own our home","type":"L","timestamp":"2023-11-09 13:39:54"},{"nodeID":"1331621","text":"Analysing","type":"YA","timestamp":"2023-11-09 13:39:54"},{"nodeID":"1331622","text":"Jordan: Bridget Phillipson: Many of us want the opportunity to own our home","type":"L","timestamp":"2023-11-09 13:39:54"},{"nodeID":"1331623","text":"Asserting","type":"YA","timestamp":"2023-11-09 13:39:54"},{"nodeID":"1331624","text":"Default Transition","type":"TA","timestamp":"2023-11-09 13:39:54"},{"nodeID":"1331625","text":"Default Rephrase","type":"MA","timestamp":"2023-11-09 13:39:54"},{"nodeID":"1331626","text":"Restating","type":"YA","timestamp":"2023-11-09 13:39:54"},{"nodeID":"1331627","text":"the reality is we don't build enough houses","type":"I","timestamp":"2023-11-09 13:39:54"},{"nodeID":"1331628","text":"Bridget Phillipson: The reality is we don't build enough houses","type":"L","timestamp":"2023-11-09 13:39:54"},{"nodeID":"1331629","text":"Analysing","type":"YA","timestamp":"2023-11-09 13:39:54"},{"nodeID":"1331630","text":"Jordan: Bridget Phillipson: The reality is we don't build enough houses","type":"L","timestamp":"2023-11-09 13:39:54"},{"nodeID":"1331631","text":"Asserting","type":"YA","timestamp":"2023-11-09 13:39:54"},{"nodeID":"1331632","text":"Default Transition","type":"TA","timestamp":"2023-11-09 13:39:54"},{"nodeID":"1331633","text":"Default Conflict","type":"CA","timestamp":"2023-11-09 13:39:54"},{"nodeID":"1331634","text":"Disagreeing","type":"YA","timestamp":"2023-11-09 13:39:54"},{"nodeID":"1331635","text":"Bridget Phillipson: We need to make it easier to get more houses built","type":"L","timestamp":"2023-11-09 13:39:55"},{"nodeID":"1331636","text":"Analysing","type":"YA","timestamp":"2023-11-09 13:39:55"},{"nodeID":"1331637","text":"Jordan: Bridget Phillipson: We need to make it easier to get more houses built","type":"L","timestamp":"2023-11-09 13:39:55"},{"nodeID":"1331638","text":"Asserting","type":"YA","timestamp":"2023-11-09 13:39:55"},{"nodeID":"1331639","text":"Default Transition","type":"TA","timestamp":"2023-11-09 13:39:55"},{"nodeID":"1331640","text":"Default Inference","type":"RA","timestamp":"2023-11-09 13:39:55"},{"nodeID":"1331641","text":"Arguing","type":"YA","timestamp":"2023-11-09 13:39:55"},{"nodeID":"1331642","text":"that applies to homes to buy and rent too","type":"I","timestamp":"2023-11-09 13:39:55"},{"nodeID":"1331643","text":"Bridget Phillipson: that applies to homes to buy and rent too","type":"L","timestamp":"2023-11-09 13:39:55"},{"nodeID":"1331644","text":"Analysing","type":"YA","timestamp":"2023-11-09 13:39:55"},{"nodeID":"1331645","text":"Jordan: Bridget Phillipson: that applies to homes to buy and rent too","type":"L","timestamp":"2023-11-09 13:39:55"},{"nodeID":"1331646","text":"Asserting","type":"YA","timestamp":"2023-11-09 13:39:55"},{"nodeID":"1331647","text":"Default Transition","type":"TA","timestamp":"2023-11-09 13:39:55"},{"nodeID":"1331648","text":"Default Rephrase","type":"MA","timestamp":"2023-11-09 13:39:55"},{"nodeID":"1331649","text":"Restating","type":"YA","timestamp":"2023-11-09 13:39:55"},{"nodeID":"1331650","text":"we haven't built enough houses for a long time as a country","type":"I","timestamp":"2023-11-09 13:39:56"},{"nodeID":"1331651","text":"Bridget Phillipson: We haven't done that for a long time as a country","type":"L","timestamp":"2023-11-09 13:39:56"},{"nodeID":"1331652","text":"Analysing","type":"YA","timestamp":"2023-11-09 13:39:56"},{"nodeID":"1331653","text":"Jordan: Bridget Phillipson: We haven't done that for a long time as a country","type":"L","timestamp":"2023-11-09 13:39:56"},{"nodeID":"1331654","text":"Asserting","type":"YA","timestamp":"2023-11-09 13:39:56"},{"nodeID":"1331655","text":"Default Transition","type":"TA","timestamp":"2023-11-09 13:39:56"},{"nodeID":"1331656","text":"Default Rephrase","type":"MA","timestamp":"2023-11-09 13:39:56"},{"nodeID":"1331657","text":"Restating","type":"YA","timestamp":"2023-11-09 13:39:56"},{"nodeID":"1331658","text":"the fundamental difference between the approach that Bridget Phillipson would take and that Labour takes and Paul Scully's approach is that Bridget Phillipson believes growth in our country comes from the working people of this country","type":"I","timestamp":"2023-11-09 13:39:57"},{"nodeID":"1331659","text":"Bridget Phillipson: the fundamental difference between the approach that I would take and that Labour takes and Paul's approach is that I believe growth in our country comes from the working people of this country","type":"L","timestamp":"2023-11-09 13:39:57"},{"nodeID":"1331660","text":"Analysing","type":"YA","timestamp":"2023-11-09 13:39:57"},{"nodeID":"1331661","text":"Jordan: Bridget Phillipson: the fundamental difference between the approach that I would take and that Labour takes and Paul's approach is that I believe growth in our country comes from the working people of this country","type":"L","timestamp":"2023-11-09 13:39:57"},{"nodeID":"1331662","text":"Asserting","type":"YA","timestamp":"2023-11-09 13:39:57"},{"nodeID":"1331663","text":"Default Transition","type":"TA","timestamp":"2023-11-09 13:39:57"},{"nodeID":"1331664","text":"from the bottom up and the middle out","type":"I","timestamp":"2023-11-09 13:39:57"},{"nodeID":"1331665","text":"Bridget Phillipson: from the bottom up and the middle out","type":"L","timestamp":"2023-11-09 13:39:57"},{"nodeID":"1331666","text":"Analysing","type":"YA","timestamp":"2023-11-09 13:39:57"},{"nodeID":"1331667","text":"Jordan: Bridget Phillipson: from the bottom up and the middle out","type":"L","timestamp":"2023-11-09 13:39:57"},{"nodeID":"1331668","text":"Asserting","type":"YA","timestamp":"2023-11-09 13:39:57"},{"nodeID":"1331669","text":"Default Transition","type":"TA","timestamp":"2023-11-09 13:39:57"},{"nodeID":"1331670","text":"Default Rephrase","type":"MA","timestamp":"2023-11-09 13:39:57"},{"nodeID":"1331671","text":"Restating","type":"YA","timestamp":"2023-11-09 13:39:57"},{"nodeID":"1331672","text":"Bridget Phillipson: you don't generate growth by simply handing over a tax cut to the very wealthiest","type":"L","timestamp":"2023-11-09 13:39:58"},{"nodeID":"1331673","text":"Analysing","type":"YA","timestamp":"2023-11-09 13:39:58"},{"nodeID":"1331674","text":"Jordan: Bridget Phillipson: you don't generate growth by simply handing over a tax cut to the very wealthiest","type":"L","timestamp":"2023-11-09 13:39:58"},{"nodeID":"1331675","text":"Asserting","type":"YA","timestamp":"2023-11-09 13:39:58"},{"nodeID":"1331676","text":"Bridget Phillipson: I think it is the people in this room, the teaching assistants, the nurses, the shopworkers, the delivery drivers, they are the people that will drive growth","type":"L","timestamp":"2023-11-09 13:39:58"},{"nodeID":"1331677","text":"Analysing","type":"YA","timestamp":"2023-11-09 13:39:58"},{"nodeID":"1331678","text":"Jordan: Bridget Phillipson: I think it is the people in this room, the teaching assistants, the nurses, the shopworkers, the delivery drivers, they are the people that will drive growth","type":"L","timestamp":"2023-11-09 13:39:58"},{"nodeID":"1331679","text":"Asserting","type":"YA","timestamp":"2023-11-09 13:39:58"},{"nodeID":"1331680","text":"Default Transition","type":"TA","timestamp":"2023-11-09 13:39:58"},{"nodeID":"1331681","text":"Default Inference","type":"RA","timestamp":"2023-11-09 13:39:58"},{"nodeID":"1331682","text":"Default Transition","type":"TA","timestamp":"2023-11-09 13:39:58"},{"nodeID":"1331683","text":"Arguing","type":"YA","timestamp":"2023-11-09 13:39:58"}],"edges":[{"edgeID":"1746386","fromID":"1331599","toID":"1331598","formEdgeID":null},{"edgeID":"1746387","fromID":"1331600","toID":"1331599","formEdgeID":null},{"edgeID":"1746388","fromID":"1331598","toID":"1331601","formEdgeID":null},{"edgeID":"1746389","fromID":"1331601","toID":"1149945","formEdgeID":null},{"edgeID":"1746390","fromID":"1331604","toID":"1331603","formEdgeID":null},{"edgeID":"1746391","fromID":"1331605","toID":"1331604","formEdgeID":null},{"edgeID":"1746392","fromID":"1331603","toID":"1331606","formEdgeID":null},{"edgeID":"1746393","fromID":"1331606","toID":"1331602","formEdgeID":null},{"edgeID":"1746394","fromID":"1331609","toID":"1331608","formEdgeID":null},{"edgeID":"1746395","fromID":"1331610","toID":"1331609","formEdgeID":null},{"edgeID":"1746396","fromID":"1331608","toID":"1331611","formEdgeID":null},{"edgeID":"1746397","fromID":"1331611","toID":"1331607","formEdgeID":null},{"edgeID":"1746398","fromID":"1331614","toID":"1331613","formEdgeID":null},{"edgeID":"1746399","fromID":"1331615","toID":"1331614","formEdgeID":null},{"edgeID":"1746400","fromID":"1331613","toID":"1331616","formEdgeID":null},{"edgeID":"1746401","fromID":"1331616","toID":"1331612","formEdgeID":null},{"edgeID":"1746402","fromID":"1331598","toID":"1331617","formEdgeID":null},{"edgeID":"1746403","fromID":"1331617","toID":"1331603","formEdgeID":null},{"edgeID":"1746404","fromID":"1331603","toID":"1331618","formEdgeID":null},{"edgeID":"1746405","fromID":"1331618","toID":"1331608","formEdgeID":null},{"edgeID":"1746406","fromID":"1331608","toID":"1331619","formEdgeID":null},{"edgeID":"1746407","fromID":"1331619","toID":"1331613","formEdgeID":null},{"edgeID":"1746408","fromID":"1331621","toID":"1331620","formEdgeID":null},{"edgeID":"1746409","fromID":"1331622","toID":"1331621","formEdgeID":null},{"edgeID":"1746410","fromID":"1331620","toID":"1331623","formEdgeID":null},{"edgeID":"1746411","fromID":"1331623","toID":"1149995","formEdgeID":null},{"edgeID":"1746412","fromID":"1331613","toID":"1331624","formEdgeID":null},{"edgeID":"1746413","fromID":"1331624","toID":"1331620","formEdgeID":null},{"edgeID":"1746414","fromID":"1149995","toID":"1331625","formEdgeID":null},{"edgeID":"1746415","fromID":"1331625","toID":"1331612","formEdgeID":null},{"edgeID":"1746416","fromID":"1331624","toID":"1331626","formEdgeID":null},{"edgeID":"1746417","fromID":"1331626","toID":"1331625","formEdgeID":null},{"edgeID":"1746418","fromID":"1331629","toID":"1331628","formEdgeID":null},{"edgeID":"1746419","fromID":"1331630","toID":"1331629","formEdgeID":null},{"edgeID":"1746420","fromID":"1331628","toID":"1331631","formEdgeID":null},{"edgeID":"1746421","fromID":"1331631","toID":"1331627","formEdgeID":null},{"edgeID":"1746422","fromID":"1331620","toID":"1331632","formEdgeID":null},{"edgeID":"1746423","fromID":"1331632","toID":"1331628","formEdgeID":null},{"edgeID":"1746424","fromID":"1331627","toID":"1331633","formEdgeID":null},{"edgeID":"1746425","fromID":"1331633","toID":"1149995","formEdgeID":null},{"edgeID":"1746426","fromID":"1331632","toID":"1331634","formEdgeID":null},{"edgeID":"1746427","fromID":"1331634","toID":"1331633","formEdgeID":null},{"edgeID":"1746428","fromID":"1331636","toID":"1331635","formEdgeID":null},{"edgeID":"1746429","fromID":"1331637","toID":"1331636","formEdgeID":null},{"edgeID":"1746430","fromID":"1331635","toID":"1331638","formEdgeID":null},{"edgeID":"1746431","fromID":"1331638","toID":"1150023","formEdgeID":null},{"edgeID":"1746432","fromID":"1331628","toID":"1331639","formEdgeID":null},{"edgeID":"1746433","fromID":"1331639","toID":"1331635","formEdgeID":null},{"edgeID":"1746434","fromID":"1331627","toID":"1331640","formEdgeID":null},{"edgeID":"1746435","fromID":"1331640","toID":"1150023","formEdgeID":null},{"edgeID":"1746436","fromID":"1331639","toID":"1331641","formEdgeID":null},{"edgeID":"1746437","fromID":"1331641","toID":"1331640","formEdgeID":null},{"edgeID":"1746438","fromID":"1331644","toID":"1331643","formEdgeID":null},{"edgeID":"1746439","fromID":"1331645","toID":"1331644","formEdgeID":null},{"edgeID":"1746440","fromID":"1331643","toID":"1331646","formEdgeID":null},{"edgeID":"1746441","fromID":"1331646","toID":"1331642","formEdgeID":null},{"edgeID":"1746442","fromID":"1331635","toID":"1331647","formEdgeID":null},{"edgeID":"1746443","fromID":"1331647","toID":"1331643","formEdgeID":null},{"edgeID":"1746444","fromID":"1331642","toID":"1331648","formEdgeID":null},{"edgeID":"1746445","fromID":"1331648","toID":"1150023","formEdgeID":null},{"edgeID":"1746446","fromID":"1331647","toID":"1331649","formEdgeID":null},{"edgeID":"1746447","fromID":"1331649","toID":"1331648","formEdgeID":null},{"edgeID":"1746448","fromID":"1331652","toID":"1331651","formEdgeID":null},{"edgeID":"1746449","fromID":"1331653","toID":"1331652","formEdgeID":null},{"edgeID":"1746450","fromID":"1331651","toID":"1331654","formEdgeID":null},{"edgeID":"1746451","fromID":"1331654","toID":"1331650","formEdgeID":null},{"edgeID":"1746452","fromID":"1331643","toID":"1331655","formEdgeID":null},{"edgeID":"1746453","fromID":"1331655","toID":"1331651","formEdgeID":null},{"edgeID":"1746454","fromID":"1331650","toID":"1331656","formEdgeID":null},{"edgeID":"1746455","fromID":"1331656","toID":"1331627","formEdgeID":null},{"edgeID":"1746456","fromID":"1331655","toID":"1331657","formEdgeID":null},{"edgeID":"1746457","fromID":"1331657","toID":"1331656","formEdgeID":null},{"edgeID":"1746458","fromID":"1331660","toID":"1331659","formEdgeID":null},{"edgeID":"1746459","fromID":"1331661","toID":"1331660","formEdgeID":null},{"edgeID":"1746460","fromID":"1331659","toID":"1331662","formEdgeID":null},{"edgeID":"1746461","fromID":"1331662","toID":"1331658","formEdgeID":null},{"edgeID":"1746462","fromID":"1331651","toID":"1331663","formEdgeID":null},{"edgeID":"1746463","fromID":"1331663","toID":"1331659","formEdgeID":null},{"edgeID":"1746464","fromID":"1331666","toID":"1331665","formEdgeID":null},{"edgeID":"1746465","fromID":"1331667","toID":"1331666","formEdgeID":null},{"edgeID":"1746466","fromID":"1331665","toID":"1331668","formEdgeID":null},{"edgeID":"1746467","fromID":"1331668","toID":"1331664","formEdgeID":null},{"edgeID":"1746468","fromID":"1331659","toID":"1331669","formEdgeID":null},{"edgeID":"1746469","fromID":"1331669","toID":"1331665","formEdgeID":null},{"edgeID":"1746470","fromID":"1331664","toID":"1331670","formEdgeID":null},{"edgeID":"1746471","fromID":"1331670","toID":"1331658","formEdgeID":null},{"edgeID":"1746472","fromID":"1331669","toID":"1331671","formEdgeID":null},{"edgeID":"1746473","fromID":"1331671","toID":"1331670","formEdgeID":null},{"edgeID":"1746474","fromID":"1331673","toID":"1331672","formEdgeID":null},{"edgeID":"1746475","fromID":"1331674","toID":"1331673","formEdgeID":null},{"edgeID":"1746476","fromID":"1331672","toID":"1331675","formEdgeID":null},{"edgeID":"1746477","fromID":"1331675","toID":"1150059","formEdgeID":null},{"edgeID":"1746478","fromID":"1331677","toID":"1331676","formEdgeID":null},{"edgeID":"1746479","fromID":"1331678","toID":"1331677","formEdgeID":null},{"edgeID":"1746480","fromID":"1331676","toID":"1331679","formEdgeID":null},{"edgeID":"1746481","fromID":"1331679","toID":"1150065","formEdgeID":null},{"edgeID":"1746482","fromID":"1331672","toID":"1331680","formEdgeID":null},{"edgeID":"1746483","fromID":"1331680","toID":"1331676","formEdgeID":null},{"edgeID":"1746484","fromID":"1331664","toID":"1331681","formEdgeID":null},{"edgeID":"1746485","fromID":"1331681","toID":"1150065","formEdgeID":null},{"edgeID":"1746486","fromID":"1150059","toID":"1331681","formEdgeID":null},{"edgeID":"1746487","fromID":"1331665","toID":"1331682","formEdgeID":null},{"edgeID":"1746488","fromID":"1331682","toID":"1331676","formEdgeID":null},{"edgeID":"1746489","fromID":"1331680","toID":"1331683","formEdgeID":null},{"edgeID":"1746490","fromID":"1331683","toID":"1331681","formEdgeID":null}],"locutions":[]}