{"nodes":[{"nodeID":"1378290","text":"apart from a period in the mid-1990s the UK\u2019s not beaten Germany, for example, when it comes to sustainable growth pretty much since World War Two","type":"I","timestamp":"2023-11-09 14:51:06"},{"nodeID":"1378291","text":"Fiona Bruce: apart from a period in the mid-1990s the UK\u2019s not beaten Germany, for example, when it comes to sustainable growth pretty much since World War Two","type":"L","timestamp":"2023-11-09 14:51:06"},{"nodeID":"1378292","text":"Analysing","type":"YA","timestamp":"2023-11-09 14:51:06"},{"nodeID":"1378293","text":"Anon: Fiona Bruce: apart from a period in the mid-1990s the UK\u2019s not beaten Germany, for example, when it comes to sustainable growth pretty much since World War Two","type":"L","timestamp":"2023-11-09 14:51:06"},{"nodeID":"1378294","text":"Asserting","type":"YA","timestamp":"2023-11-09 14:51:06"},{"nodeID":"1378295","text":"Thangam Debbonaire can make a pledge to have highest sustained growth","type":"I","timestamp":"2023-11-09 14:51:06"},{"nodeID":"1378296","text":"Fiona Bruce: you can make this pledge","type":"L","timestamp":"2023-11-09 14:51:06"},{"nodeID":"1378297","text":"Analysing","type":"YA","timestamp":"2023-11-09 14:51:06"},{"nodeID":"1378298","text":"Anon: Fiona Bruce: you can make this pledge","type":"L","timestamp":"2023-11-09 14:51:06"},{"nodeID":"1378299","text":"Asserting","type":"YA","timestamp":"2023-11-09 14:51:06"},{"nodeID":"1378300","text":"Default Transition","type":"TA","timestamp":"2023-11-09 14:51:06"},{"nodeID":"1378301","text":"what you can't control is how much the other countries will grow","type":"I","timestamp":"2023-11-09 14:51:07"},{"nodeID":"1378302","text":"Fiona Bruce: what you can't control is how much the other countries will grow","type":"L","timestamp":"2023-11-09 14:51:07"},{"nodeID":"1378303","text":"Analysing","type":"YA","timestamp":"2023-11-09 14:51:07"},{"nodeID":"1378304","text":"Anon: Fiona Bruce: what you can't control is how much the other countries will grow","type":"L","timestamp":"2023-11-09 14:51:07"},{"nodeID":"1378305","text":"Asserting","type":"YA","timestamp":"2023-11-09 14:51:07"},{"nodeID":"1378306","text":"Default Transition","type":"TA","timestamp":"2023-11-09 14:51:07"},{"nodeID":"1378307","text":"Default Conflict","type":"CA","timestamp":"2023-11-09 14:51:07"},{"nodeID":"1378308","text":"Disagreeing","type":"YA","timestamp":"2023-11-09 14:51:07"},{"nodeID":"1378309","text":"Default Inference","type":"RA","timestamp":"2023-11-09 14:51:07"},{"nodeID":"1378310","text":"Default Transition","type":"TA","timestamp":"2023-11-09 14:51:07"},{"nodeID":"1378311","text":"Arguing","type":"YA","timestamp":"2023-11-09 14:51:07"},{"nodeID":"1378312","text":"somebody\u2019s got to be at the top","type":"I","timestamp":"2023-11-09 14:51:08"},{"nodeID":"1378313","text":"Thangam Debbonaire: Somebody\u2019s got to be at the top","type":"L","timestamp":"2023-11-09 14:51:08"},{"nodeID":"1378314","text":"Analysing","type":"YA","timestamp":"2023-11-09 14:51:08"},{"nodeID":"1378315","text":"Anon: Thangam Debbonaire: Somebody\u2019s got to be at the top","type":"L","timestamp":"2023-11-09 14:51:08"},{"nodeID":"1378316","text":"Asserting","type":"YA","timestamp":"2023-11-09 14:51:08"},{"nodeID":"1378317","text":"Default Transition","type":"TA","timestamp":"2023-11-09 14:51:08"},{"nodeID":"1378318","text":"Thangam Debbonaire can't promise to have the highest sustained growth","type":"I","timestamp":"2023-11-09 14:51:08"},{"nodeID":"1378319","text":"Fiona Bruce: how can you promise to have the highest sustained growth","type":"L","timestamp":"2023-11-09 14:51:08"},{"nodeID":"1378320","text":"Analysing","type":"YA","timestamp":"2023-11-09 14:51:08"},{"nodeID":"1378321","text":"Anon: Fiona Bruce: how can you promise to have the highest sustained growth","type":"L","timestamp":"2023-11-09 14:51:08"},{"nodeID":"1378322","text":"Assertive Questioning","type":"YA","timestamp":"2023-11-09 14:51:08"},{"nodeID":"1378323","text":"Default Transition","type":"TA","timestamp":"2023-11-09 14:51:08"},{"nodeID":"1378324","text":"Default Inference","type":"RA","timestamp":"2023-11-09 14:51:08"},{"nodeID":"1378325","text":"Default Transition","type":"TA","timestamp":"2023-11-09 14:51:08"},{"nodeID":"1378326","text":"Arguing","type":"YA","timestamp":"2023-11-09 14:51:08"},{"nodeID":"1378327","text":"we should try to have the highest sustained growth","type":"I","timestamp":"2023-11-09 14:51:09"},{"nodeID":"1378328","text":"Thangam Debbonaire: Why wouldn't we try","type":"L","timestamp":"2023-11-09 14:51:09"},{"nodeID":"1378329","text":"Analysing","type":"YA","timestamp":"2023-11-09 14:51:09"},{"nodeID":"1378330","text":"Anon: Thangam Debbonaire: Why wouldn't we try","type":"L","timestamp":"2023-11-09 14:51:09"},{"nodeID":"1378331","text":"Rhetorical Questioning","type":"YA","timestamp":"2023-11-09 14:51:09"},{"nodeID":"1378332","text":"Default Transition","type":"TA","timestamp":"2023-11-09 14:51:09"},{"nodeID":"1378333","text":"we should aim to have the highest sustained growth","type":"I","timestamp":"2023-11-09 14:51:09"},{"nodeID":"1378334","text":"Thangam Debbonaire: why would we not aim at that","type":"L","timestamp":"2023-11-09 14:51:09"},{"nodeID":"1378335","text":"Analysing","type":"YA","timestamp":"2023-11-09 14:51:09"},{"nodeID":"1378336","text":"Anon: Thangam Debbonaire: why would we not aim at that","type":"L","timestamp":"2023-11-09 14:51:09"},{"nodeID":"1378337","text":"Rhetorical Questioning","type":"YA","timestamp":"2023-11-09 14:51:09"},{"nodeID":"1378338","text":"Default Transition","type":"TA","timestamp":"2023-11-09 14:51:09"},{"nodeID":"1378339","text":"Default Rephrase","type":"MA","timestamp":"2023-11-09 14:51:09"},{"nodeID":"1378340","text":"Restating","type":"YA","timestamp":"2023-11-09 14:51:09"},{"nodeID":"1378341","text":"Default Inference","type":"RA","timestamp":"2023-11-09 14:51:09"},{"nodeID":"1378342","text":"Default Transition","type":"TA","timestamp":"2023-11-09 14:51:09"},{"nodeID":"1378343","text":"Arguing","type":"YA","timestamp":"2023-11-09 14:51:09"},{"nodeID":"1378344","text":"Thangam Debbonaire can try to have the highest sustained growth","type":"I","timestamp":"2023-11-09 14:51:10"},{"nodeID":"1378345","text":"Fiona Bruce: you can try","type":"L","timestamp":"2023-11-09 14:51:10"},{"nodeID":"1378346","text":"Analysing","type":"YA","timestamp":"2023-11-09 14:51:10"},{"nodeID":"1378347","text":"Anon: Fiona Bruce: you can try","type":"L","timestamp":"2023-11-09 14:51:10"},{"nodeID":"1378348","text":"Asserting","type":"YA","timestamp":"2023-11-09 14:51:10"},{"nodeID":"1378349","text":"Default Conflict","type":"CA","timestamp":"2023-11-09 14:51:10"},{"nodeID":"1378350","text":"Default Transition","type":"TA","timestamp":"2023-11-09 14:51:10"},{"nodeID":"1378351","text":"Disagreeing","type":"YA","timestamp":"2023-11-09 14:51:10"},{"nodeID":"1378352","text":"having the highest sustained growth is a pledge","type":"I","timestamp":"2023-11-09 14:51:11"},{"nodeID":"1378353","text":"Fiona Bruce: this is a pledge","type":"L","timestamp":"2023-11-09 14:51:11"},{"nodeID":"1378354","text":"Analysing","type":"YA","timestamp":"2023-11-09 14:51:11"},{"nodeID":"1378355","text":"Anon: Fiona Bruce: this is a pledge","type":"L","timestamp":"2023-11-09 14:51:11"},{"nodeID":"1378356","text":"Asserting","type":"YA","timestamp":"2023-11-09 14:51:11"},{"nodeID":"1378357","text":"Default Transition","type":"TA","timestamp":"2023-11-09 14:51:11"},{"nodeID":"1378358","text":"Default Conflict","type":"CA","timestamp":"2023-11-09 14:51:11"},{"nodeID":"1378359","text":"Disagreeing","type":"YA","timestamp":"2023-11-09 14:51:11"}],"edges":[{"edgeID":"1801955","fromID":"1378292","toID":"1378291","formEdgeID":null},{"edgeID":"1801956","fromID":"1378293","toID":"1378292","formEdgeID":null},{"edgeID":"1801957","fromID":"1378291","toID":"1378294","formEdgeID":null},{"edgeID":"1801958","fromID":"1378294","toID":"1378290","formEdgeID":null},{"edgeID":"1801959","fromID":"1378297","toID":"1378296","formEdgeID":null},{"edgeID":"1801960","fromID":"1378298","toID":"1378297","formEdgeID":null},{"edgeID":"1801961","fromID":"1378296","toID":"1378299","formEdgeID":null},{"edgeID":"1801962","fromID":"1378299","toID":"1378295","formEdgeID":null},{"edgeID":"1801963","fromID":"1378291","toID":"1378300","formEdgeID":null},{"edgeID":"1801964","fromID":"1378300","toID":"1378296","formEdgeID":null},{"edgeID":"1801965","fromID":"1378303","toID":"1378302","formEdgeID":null},{"edgeID":"1801966","fromID":"1378304","toID":"1378303","formEdgeID":null},{"edgeID":"1801967","fromID":"1378302","toID":"1378305","formEdgeID":null},{"edgeID":"1801968","fromID":"1378305","toID":"1378301","formEdgeID":null},{"edgeID":"1801969","fromID":"1378296","toID":"1378306","formEdgeID":null},{"edgeID":"1801970","fromID":"1378306","toID":"1378302","formEdgeID":null},{"edgeID":"1801971","fromID":"1378301","toID":"1378307","formEdgeID":null},{"edgeID":"1801972","fromID":"1378307","toID":"1378295","formEdgeID":null},{"edgeID":"1801973","fromID":"1378306","toID":"1378308","formEdgeID":null},{"edgeID":"1801974","fromID":"1378308","toID":"1378307","formEdgeID":null},{"edgeID":"1801975","fromID":"1378290","toID":"1378309","formEdgeID":null},{"edgeID":"1801976","fromID":"1378309","toID":"1378301","formEdgeID":null},{"edgeID":"1801977","fromID":"1378291","toID":"1378310","formEdgeID":null},{"edgeID":"1801978","fromID":"1378310","toID":"1378302","formEdgeID":null},{"edgeID":"1801979","fromID":"1378310","toID":"1378311","formEdgeID":null},{"edgeID":"1801980","fromID":"1378311","toID":"1378309","formEdgeID":null},{"edgeID":"1801981","fromID":"1378295","toID":"1378309","formEdgeID":null},{"edgeID":"1801982","fromID":"1378314","toID":"1378313","formEdgeID":null},{"edgeID":"1801983","fromID":"1378315","toID":"1378314","formEdgeID":null},{"edgeID":"1801984","fromID":"1378313","toID":"1378316","formEdgeID":null},{"edgeID":"1801985","fromID":"1378316","toID":"1378312","formEdgeID":null},{"edgeID":"1801986","fromID":"1378302","toID":"1378317","formEdgeID":null},{"edgeID":"1801987","fromID":"1378317","toID":"1378313","formEdgeID":null},{"edgeID":"1801988","fromID":"1378320","toID":"1378319","formEdgeID":null},{"edgeID":"1801989","fromID":"1378321","toID":"1378320","formEdgeID":null},{"edgeID":"1801990","fromID":"1378319","toID":"1378322","formEdgeID":null},{"edgeID":"1801991","fromID":"1378322","toID":"1378318","formEdgeID":null},{"edgeID":"1801992","fromID":"1378313","toID":"1378323","formEdgeID":null},{"edgeID":"1801993","fromID":"1378323","toID":"1378319","formEdgeID":null},{"edgeID":"1801994","fromID":"1378301","toID":"1378324","formEdgeID":null},{"edgeID":"1801995","fromID":"1378324","toID":"1378318","formEdgeID":null},{"edgeID":"1801996","fromID":"1378302","toID":"1378325","formEdgeID":null},{"edgeID":"1801997","fromID":"1378325","toID":"1378319","formEdgeID":null},{"edgeID":"1801998","fromID":"1378325","toID":"1378326","formEdgeID":null},{"edgeID":"1801999","fromID":"1378326","toID":"1378324","formEdgeID":null},{"edgeID":"1802000","fromID":"1378329","toID":"1378328","formEdgeID":null},{"edgeID":"1802001","fromID":"1378330","toID":"1378329","formEdgeID":null},{"edgeID":"1802002","fromID":"1378328","toID":"1378331","formEdgeID":null},{"edgeID":"1802003","fromID":"1378331","toID":"1378327","formEdgeID":null},{"edgeID":"1802004","fromID":"1378319","toID":"1378332","formEdgeID":null},{"edgeID":"1802005","fromID":"1378332","toID":"1378328","formEdgeID":null},{"edgeID":"1802006","fromID":"1378335","toID":"1378334","formEdgeID":null},{"edgeID":"1802007","fromID":"1378336","toID":"1378335","formEdgeID":null},{"edgeID":"1802008","fromID":"1378334","toID":"1378337","formEdgeID":null},{"edgeID":"1802009","fromID":"1378337","toID":"1378333","formEdgeID":null},{"edgeID":"1802010","fromID":"1378328","toID":"1378338","formEdgeID":null},{"edgeID":"1802011","fromID":"1378338","toID":"1378334","formEdgeID":null},{"edgeID":"1802012","fromID":"1378333","toID":"1378339","formEdgeID":null},{"edgeID":"1802013","fromID":"1378339","toID":"1378327","formEdgeID":null},{"edgeID":"1802014","fromID":"1378338","toID":"1378340","formEdgeID":null},{"edgeID":"1802015","fromID":"1378340","toID":"1378339","formEdgeID":null},{"edgeID":"1802016","fromID":"1378312","toID":"1378341","formEdgeID":null},{"edgeID":"1802017","fromID":"1378341","toID":"1378327","formEdgeID":null},{"edgeID":"1802018","fromID":"1378313","toID":"1378342","formEdgeID":null},{"edgeID":"1802019","fromID":"1378342","toID":"1378328","formEdgeID":null},{"edgeID":"1802020","fromID":"1378342","toID":"1378343","formEdgeID":null},{"edgeID":"1802021","fromID":"1378343","toID":"1378341","formEdgeID":null},{"edgeID":"1802022","fromID":"1378346","toID":"1378345","formEdgeID":null},{"edgeID":"1802023","fromID":"1378347","toID":"1378346","formEdgeID":null},{"edgeID":"1802024","fromID":"1378345","toID":"1378348","formEdgeID":null},{"edgeID":"1802025","fromID":"1378348","toID":"1378344","formEdgeID":null},{"edgeID":"1802026","fromID":"1378344","toID":"1378349","formEdgeID":null},{"edgeID":"1802027","fromID":"1378349","toID":"1378333","formEdgeID":null},{"edgeID":"1802028","fromID":"1378334","toID":"1378350","formEdgeID":null},{"edgeID":"1802029","fromID":"1378350","toID":"1378345","formEdgeID":null},{"edgeID":"1802030","fromID":"1378350","toID":"1378351","formEdgeID":null},{"edgeID":"1802031","fromID":"1378351","toID":"1378349","formEdgeID":null},{"edgeID":"1802032","fromID":"1378354","toID":"1378353","formEdgeID":null},{"edgeID":"1802033","fromID":"1378355","toID":"1378354","formEdgeID":null},{"edgeID":"1802034","fromID":"1378353","toID":"1378356","formEdgeID":null},{"edgeID":"1802035","fromID":"1378356","toID":"1378352","formEdgeID":null},{"edgeID":"1802036","fromID":"1378345","toID":"1378357","formEdgeID":null},{"edgeID":"1802037","fromID":"1378357","toID":"1378353","formEdgeID":null},{"edgeID":"1802038","fromID":"1378352","toID":"1378358","formEdgeID":null},{"edgeID":"1802039","fromID":"1378358","toID":"1378344","formEdgeID":null},{"edgeID":"1802040","fromID":"1378357","toID":"1378359","formEdgeID":null},{"edgeID":"1802041","fromID":"1378359","toID":"1378358","formEdgeID":null}],"locutions":[]}