{"nodes":[{"nodeID":"1379538","text":"there's very liberal detail actually in the mission statements","type":"I","timestamp":"2023-11-09 14:52:53"},{"nodeID":"1379539","text":"Fiona Bruce: they\u2019re very liberal detail actually, Thangam, in the mission statements","type":"L","timestamp":"2023-11-09 14:52:53"},{"nodeID":"1379540","text":"Analysing","type":"YA","timestamp":"2023-11-09 14:52:53"},{"nodeID":"1379541","text":"Lara: Fiona Bruce: they\u2019re very liberal detail actually, Thangam, in the mission statements","type":"L","timestamp":"2023-11-09 14:52:53"},{"nodeID":"1379542","text":"Asserting","type":"YA","timestamp":"2023-11-09 14:52:53"},{"nodeID":"1379543","text":"the mission statements are going to be followed by five further separate specific announcements focused each one on a different mission","type":"I","timestamp":"2023-11-09 14:52:54"},{"nodeID":"1379544","text":"Thangam Debbonaire: they\u2019re going to be followed by five further separate specific announcements focused each one on a different mission","type":"L","timestamp":"2023-11-09 14:52:54"},{"nodeID":"1379545","text":"Analysing","type":"YA","timestamp":"2023-11-09 14:52:54"},{"nodeID":"1379546","text":"Lara: Thangam Debbonaire: they\u2019re going to be followed by five further separate specific announcements focused each one on a different mission","type":"L","timestamp":"2023-11-09 14:52:54"},{"nodeID":"1379547","text":"Asserting","type":"YA","timestamp":"2023-11-09 14:52:54"},{"nodeID":"1379548","text":"Default Transition","type":"TA","timestamp":"2023-11-09 14:52:54"},{"nodeID":"1379549","text":"we\u2019re going to have the economic mission first","type":"I","timestamp":"2023-11-09 14:52:55"},{"nodeID":"1379550","text":"Thangam Debbonaire: we\u2019re going to have the economic one first","type":"L","timestamp":"2023-11-09 14:52:55"},{"nodeID":"1379551","text":"Analysing","type":"YA","timestamp":"2023-11-09 14:52:55"},{"nodeID":"1379552","text":"Lara: Thangam Debbonaire: we\u2019re going to have the economic one first","type":"L","timestamp":"2023-11-09 14:52:55"},{"nodeID":"1379553","text":"Asserting","type":"YA","timestamp":"2023-11-09 14:52:55"},{"nodeID":"1379554","text":"Default Transition","type":"TA","timestamp":"2023-11-09 14:52:55"},{"nodeID":"1379555","text":"Default Rephrase","type":"MA","timestamp":"2023-11-09 14:52:55"},{"nodeID":"1379556","text":"Restating","type":"YA","timestamp":"2023-11-09 14:52:55"},{"nodeID":"1379557","text":"there will be then more work and announcements on the health mission","type":"I","timestamp":"2023-11-09 14:52:55"},{"nodeID":"1379558","text":"Thangam Debbonaire:  there will be then more work and announcements on the health one","type":"L","timestamp":"2023-11-09 14:52:55"},{"nodeID":"1379559","text":"Analysing","type":"YA","timestamp":"2023-11-09 14:52:55"},{"nodeID":"1379560","text":"Lara: Thangam Debbonaire:  there will be then more work and announcements on the health one","type":"L","timestamp":"2023-11-09 14:52:55"},{"nodeID":"1379561","text":"Asserting","type":"YA","timestamp":"2023-11-09 14:52:55"},{"nodeID":"1379562","text":"Default Transition","type":"TA","timestamp":"2023-11-09 14:52:55"},{"nodeID":"1379563","text":"Default Rephrase","type":"MA","timestamp":"2023-11-09 14:52:55"},{"nodeID":"1379564","text":"Restating","type":"YA","timestamp":"2023-11-09 14:52:55"},{"nodeID":"1379565","text":"we already know a lot of what\u2019s going to be in the mission announcements","type":"I","timestamp":"2023-11-09 14:52:56"},{"nodeID":"1379566","text":"Thangam Debbonaire: we already know a lot of what\u2019s going to be in it","type":"L","timestamp":"2023-11-09 14:52:56"},{"nodeID":"1379567","text":"Analysing","type":"YA","timestamp":"2023-11-09 14:52:56"},{"nodeID":"1379568","text":"Lara: Thangam Debbonaire: we already know a lot of what\u2019s going to be in it","type":"L","timestamp":"2023-11-09 14:52:56"},{"nodeID":"1379569","text":"Asserting","type":"YA","timestamp":"2023-11-09 14:52:56"},{"nodeID":"1379570","text":"Default Transition","type":"TA","timestamp":"2023-11-09 14:52:56"},{"nodeID":"1379571","text":"Thangam Debbonaire can talk at quite some length about some of the detail of the missions","type":"I","timestamp":"2023-11-09 14:52:57"},{"nodeID":"1379572","text":"Thangam Debbonaire: I can talk at quite some length about some of the detail","type":"L","timestamp":"2023-11-09 14:52:57"},{"nodeID":"1379573","text":"Analysing","type":"YA","timestamp":"2023-11-09 14:52:57"},{"nodeID":"1379574","text":"Lara: Thangam Debbonaire: I can talk at quite some length about some of the detail","type":"L","timestamp":"2023-11-09 14:52:57"},{"nodeID":"1379575","text":"Asserting","type":"YA","timestamp":"2023-11-09 14:52:57"},{"nodeID":"1379576","text":"Default Transition","type":"TA","timestamp":"2023-11-09 14:52:57"},{"nodeID":"1379577","text":"Default Rephrase","type":"MA","timestamp":"2023-11-09 14:52:57"},{"nodeID":"1379578","text":"Restating","type":"YA","timestamp":"2023-11-09 14:52:57"},{"nodeID":"1379579","text":"it is important that we have the detail and the detail does exist","type":"I","timestamp":"2023-11-09 14:52:57"},{"nodeID":"1379580","text":"Thangam Debbonaire: it is important that we have the detail and the detail does exist","type":"L","timestamp":"2023-11-09 14:52:57"},{"nodeID":"1379581","text":"Analysing","type":"YA","timestamp":"2023-11-09 14:52:57"},{"nodeID":"1379582","text":"Lara: Thangam Debbonaire: it is important that we have the detail and the detail does exist","type":"L","timestamp":"2023-11-09 14:52:57"},{"nodeID":"1379583","text":"Asserting","type":"YA","timestamp":"2023-11-09 14:52:57"},{"nodeID":"1379584","text":"Default Transition","type":"TA","timestamp":"2023-11-09 14:52:57"},{"nodeID":"1379585","text":"Default Rephrase","type":"MA","timestamp":"2023-11-09 14:52:57"},{"nodeID":"1379586","text":"Restating","type":"YA","timestamp":"2023-11-09 14:52:57"},{"nodeID":"1379587","text":"Rakie Ayola was interested in the use of the word mission","type":"I","timestamp":"2023-11-09 14:52:58"},{"nodeID":"1379588","text":"Rakie Ayola: I was interested in the use of the word mission","type":"L","timestamp":"2023-11-09 14:52:58"},{"nodeID":"1379589","text":"Analysing","type":"YA","timestamp":"2023-11-09 14:52:58"},{"nodeID":"1379590","text":"Lara: Rakie Ayola: I was interested in the use of the word mission","type":"L","timestamp":"2023-11-09 14:52:58"},{"nodeID":"1379591","text":"Asserting","type":"YA","timestamp":"2023-11-09 14:52:58"},{"nodeID":"1379592","text":"Default Transition","type":"TA","timestamp":"2023-11-09 14:52:58"},{"nodeID":"1379593","text":"Thangam Debbonaire has maybe said the word mission four or five maybe six times","type":"I","timestamp":"2023-11-09 14:52:59"},{"nodeID":"1379594","text":"Rakie Ayola: you\u2019ve maybe said it, Thangam, four or five maybe six times","type":"L","timestamp":"2023-11-09 14:52:59"},{"nodeID":"1379595","text":"Analysing","type":"YA","timestamp":"2023-11-09 14:52:59"},{"nodeID":"1379596","text":"Lara: Rakie Ayola: you\u2019ve maybe said it, Thangam, four or five maybe six times","type":"L","timestamp":"2023-11-09 14:52:59"},{"nodeID":"1379597","text":"Asserting","type":"YA","timestamp":"2023-11-09 14:52:59"},{"nodeID":"1379598","text":"Default Transition","type":"TA","timestamp":"2023-11-09 14:52:59"},{"nodeID":"1379599","text":"Rakie Ayola was at home listening to Kier Starmer\u2019s speech, thinking that there could be a sort of a drinking game going forwards, every time you hear a Labour MP use the word mission you get to swig your favourite tipple","type":"I","timestamp":"2023-11-09 14:52:59"},{"nodeID":"1379600","text":"Rakie Ayola: I was at home listening to Kier Starmer\u2019s speech, thinking that there could be a sort of a drinking game going forwards, every time you hear a Labour MP use the word mission you get to swig your favourite tipple","type":"L","timestamp":"2023-11-09 14:52:59"},{"nodeID":"1379601","text":"Analysing","type":"YA","timestamp":"2023-11-09 14:52:59"},{"nodeID":"1379602","text":"Lara: Rakie Ayola: I was at home listening to Kier Starmer\u2019s speech, thinking that there could be a sort of a drinking game going forwards, every time you hear a Labour MP use the word mission you get to swig your favourite tipple","type":"L","timestamp":"2023-11-09 14:52:59"},{"nodeID":"1379603","text":"Asserting","type":"YA","timestamp":"2023-11-09 14:52:59"},{"nodeID":"1379604","text":"Default Transition","type":"TA","timestamp":"2023-11-09 14:52:59"},{"nodeID":"1379605","text":"mission is the word of choice","type":"I","timestamp":"2023-11-09 14:53:00"},{"nodeID":"1379606","text":"Rakie Ayola: that\u2019s the word of choice","type":"L","timestamp":"2023-11-09 14:53:00"},{"nodeID":"1379607","text":"Analysing","type":"YA","timestamp":"2023-11-09 14:53:00"},{"nodeID":"1379608","text":"Lara: Rakie Ayola: that\u2019s the word of choice","type":"L","timestamp":"2023-11-09 14:53:00"},{"nodeID":"1379609","text":"Asserting","type":"YA","timestamp":"2023-11-09 14:53:00"},{"nodeID":"1379610","text":"the word mission made Rakie Ayola think of buzz light year","type":"I","timestamp":"2023-11-09 14:53:00"},{"nodeID":"1379611","text":"Rakie Ayola: it made me think of buzz light year","type":"L","timestamp":"2023-11-09 14:53:00"},{"nodeID":"1379612","text":"Analysing","type":"YA","timestamp":"2023-11-09 14:53:00"},{"nodeID":"1379613","text":"Lara: Rakie Ayola: it made me think of buzz light year","type":"L","timestamp":"2023-11-09 14:53:00"},{"nodeID":"1379614","text":"Asserting","type":"YA","timestamp":"2023-11-09 14:53:00"},{"nodeID":"1379615","text":"Default Rephrase","type":"MA","timestamp":"2023-11-09 14:53:00"},{"nodeID":"1379616","text":"Default Inference","type":"RA","timestamp":"2023-11-09 14:53:00"},{"nodeID":"1379617","text":"Arguing","type":"YA","timestamp":"2023-11-09 14:53:00"},{"nodeID":"1379618","text":"Default Transition","type":"TA","timestamp":"2023-11-09 14:53:00"},{"nodeID":"1379619","text":"Default Rephrase","type":"MA","timestamp":"2023-11-09 14:53:00"},{"nodeID":"1379620","text":"Restating","type":"YA","timestamp":"2023-11-09 14:53:00"},{"nodeID":"1379621","text":"Default Transition","type":"TA","timestamp":"2023-11-09 14:53:00"},{"nodeID":"1379622","text":"Default Rephrase","type":"MA","timestamp":"2023-11-09 14:53:00"},{"nodeID":"1379623","text":"Restating","type":"YA","timestamp":"2023-11-09 14:53:00"},{"nodeID":"1379624","text":"Restating","type":"YA","timestamp":"2023-11-09 14:53:00"},{"nodeID":"1379625","text":"Default Transition","type":"TA","timestamp":"2023-11-09 14:53:00"},{"nodeID":"1379626","text":"Default Rephrase","type":"MA","timestamp":"2023-11-09 14:53:00"},{"nodeID":"1379627","text":"Restating","type":"YA","timestamp":"2023-11-09 14:53:00"}],"edges":[{"edgeID":"1803417","fromID":"1379540","toID":"1379539","formEdgeID":null},{"edgeID":"1803418","fromID":"1379541","toID":"1379540","formEdgeID":null},{"edgeID":"1803419","fromID":"1379539","toID":"1379542","formEdgeID":null},{"edgeID":"1803420","fromID":"1379542","toID":"1379538","formEdgeID":null},{"edgeID":"1803421","fromID":"1379545","toID":"1379544","formEdgeID":null},{"edgeID":"1803422","fromID":"1379546","toID":"1379545","formEdgeID":null},{"edgeID":"1803423","fromID":"1379544","toID":"1379547","formEdgeID":null},{"edgeID":"1803424","fromID":"1379547","toID":"1379543","formEdgeID":null},{"edgeID":"1803425","fromID":"1379539","toID":"1379548","formEdgeID":null},{"edgeID":"1803426","fromID":"1379548","toID":"1379544","formEdgeID":null},{"edgeID":"1803427","fromID":"1379551","toID":"1379550","formEdgeID":null},{"edgeID":"1803428","fromID":"1379552","toID":"1379551","formEdgeID":null},{"edgeID":"1803429","fromID":"1379550","toID":"1379553","formEdgeID":null},{"edgeID":"1803430","fromID":"1379553","toID":"1379549","formEdgeID":null},{"edgeID":"1803431","fromID":"1379544","toID":"1379554","formEdgeID":null},{"edgeID":"1803432","fromID":"1379554","toID":"1379550","formEdgeID":null},{"edgeID":"1803433","fromID":"1379549","toID":"1379555","formEdgeID":null},{"edgeID":"1803434","fromID":"1379555","toID":"1379543","formEdgeID":null},{"edgeID":"1803435","fromID":"1379554","toID":"1379556","formEdgeID":null},{"edgeID":"1803436","fromID":"1379556","toID":"1379555","formEdgeID":null},{"edgeID":"1803437","fromID":"1379559","toID":"1379558","formEdgeID":null},{"edgeID":"1803438","fromID":"1379560","toID":"1379559","formEdgeID":null},{"edgeID":"1803439","fromID":"1379558","toID":"1379561","formEdgeID":null},{"edgeID":"1803440","fromID":"1379561","toID":"1379557","formEdgeID":null},{"edgeID":"1803441","fromID":"1379550","toID":"1379562","formEdgeID":null},{"edgeID":"1803442","fromID":"1379562","toID":"1379558","formEdgeID":null},{"edgeID":"1803443","fromID":"1379557","toID":"1379563","formEdgeID":null},{"edgeID":"1803444","fromID":"1379563","toID":"1379549","formEdgeID":null},{"edgeID":"1803445","fromID":"1379562","toID":"1379564","formEdgeID":null},{"edgeID":"1803446","fromID":"1379564","toID":"1379563","formEdgeID":null},{"edgeID":"1803447","fromID":"1379567","toID":"1379566","formEdgeID":null},{"edgeID":"1803448","fromID":"1379568","toID":"1379567","formEdgeID":null},{"edgeID":"1803449","fromID":"1379566","toID":"1379569","formEdgeID":null},{"edgeID":"1803450","fromID":"1379569","toID":"1379565","formEdgeID":null},{"edgeID":"1803451","fromID":"1379558","toID":"1379570","formEdgeID":null},{"edgeID":"1803452","fromID":"1379570","toID":"1379566","formEdgeID":null},{"edgeID":"1803453","fromID":"1379573","toID":"1379572","formEdgeID":null},{"edgeID":"1803454","fromID":"1379574","toID":"1379573","formEdgeID":null},{"edgeID":"1803455","fromID":"1379572","toID":"1379575","formEdgeID":null},{"edgeID":"1803456","fromID":"1379575","toID":"1379571","formEdgeID":null},{"edgeID":"1803457","fromID":"1379566","toID":"1379576","formEdgeID":null},{"edgeID":"1803458","fromID":"1379576","toID":"1379572","formEdgeID":null},{"edgeID":"1803459","fromID":"1379571","toID":"1379577","formEdgeID":null},{"edgeID":"1803460","fromID":"1379577","toID":"1379565","formEdgeID":null},{"edgeID":"1803461","fromID":"1379576","toID":"1379578","formEdgeID":null},{"edgeID":"1803462","fromID":"1379578","toID":"1379577","formEdgeID":null},{"edgeID":"1803463","fromID":"1379581","toID":"1379580","formEdgeID":null},{"edgeID":"1803464","fromID":"1379582","toID":"1379581","formEdgeID":null},{"edgeID":"1803465","fromID":"1379580","toID":"1379583","formEdgeID":null},{"edgeID":"1803466","fromID":"1379583","toID":"1379579","formEdgeID":null},{"edgeID":"1803467","fromID":"1379572","toID":"1379584","formEdgeID":null},{"edgeID":"1803468","fromID":"1379584","toID":"1379580","formEdgeID":null},{"edgeID":"1803469","fromID":"1379579","toID":"1379585","formEdgeID":null},{"edgeID":"1803470","fromID":"1379585","toID":"1379571","formEdgeID":null},{"edgeID":"1803471","fromID":"1379584","toID":"1379586","formEdgeID":null},{"edgeID":"1803472","fromID":"1379586","toID":"1379585","formEdgeID":null},{"edgeID":"1803473","fromID":"1379589","toID":"1379588","formEdgeID":null},{"edgeID":"1803474","fromID":"1379590","toID":"1379589","formEdgeID":null},{"edgeID":"1803475","fromID":"1379588","toID":"1379591","formEdgeID":null},{"edgeID":"1803476","fromID":"1379591","toID":"1379587","formEdgeID":null},{"edgeID":"1803477","fromID":"1379580","toID":"1379592","formEdgeID":null},{"edgeID":"1803478","fromID":"1379592","toID":"1379588","formEdgeID":null},{"edgeID":"1803479","fromID":"1379595","toID":"1379594","formEdgeID":null},{"edgeID":"1803480","fromID":"1379596","toID":"1379595","formEdgeID":null},{"edgeID":"1803481","fromID":"1379594","toID":"1379597","formEdgeID":null},{"edgeID":"1803482","fromID":"1379597","toID":"1379593","formEdgeID":null},{"edgeID":"1803483","fromID":"1379588","toID":"1379598","formEdgeID":null},{"edgeID":"1803484","fromID":"1379598","toID":"1379594","formEdgeID":null},{"edgeID":"1803485","fromID":"1379601","toID":"1379600","formEdgeID":null},{"edgeID":"1803486","fromID":"1379602","toID":"1379601","formEdgeID":null},{"edgeID":"1803487","fromID":"1379600","toID":"1379603","formEdgeID":null},{"edgeID":"1803488","fromID":"1379603","toID":"1379599","formEdgeID":null},{"edgeID":"1803489","fromID":"1379594","toID":"1379604","formEdgeID":null},{"edgeID":"1803490","fromID":"1379604","toID":"1379600","formEdgeID":null},{"edgeID":"1803491","fromID":"1379607","toID":"1379606","formEdgeID":null},{"edgeID":"1803492","fromID":"1379608","toID":"1379607","formEdgeID":null},{"edgeID":"1803493","fromID":"1379606","toID":"1379609","formEdgeID":null},{"edgeID":"1803494","fromID":"1379609","toID":"1379605","formEdgeID":null},{"edgeID":"1803495","fromID":"1379612","toID":"1379611","formEdgeID":null},{"edgeID":"1803496","fromID":"1379613","toID":"1379612","formEdgeID":null},{"edgeID":"1803497","fromID":"1379611","toID":"1379614","formEdgeID":null},{"edgeID":"1803498","fromID":"1379614","toID":"1379610","formEdgeID":null},{"edgeID":"1803499","fromID":"1379599","toID":"1379615","formEdgeID":null},{"edgeID":"1803500","fromID":"1379615","toID":"1379593","formEdgeID":null},{"edgeID":"1803501","fromID":"1379593","toID":"1379616","formEdgeID":null},{"edgeID":"1803502","fromID":"1379616","toID":"1379587","formEdgeID":null},{"edgeID":"1803503","fromID":"1379598","toID":"1379617","formEdgeID":null},{"edgeID":"1803504","fromID":"1379617","toID":"1379616","formEdgeID":null},{"edgeID":"1803505","fromID":"1379600","toID":"1379618","formEdgeID":null},{"edgeID":"1803506","fromID":"1379618","toID":"1379606","formEdgeID":null},{"edgeID":"1803507","fromID":"1379605","toID":"1379619","formEdgeID":null},{"edgeID":"1803508","fromID":"1379619","toID":"1379599","formEdgeID":null},{"edgeID":"1803509","fromID":"1379618","toID":"1379620","formEdgeID":null},{"edgeID":"1803510","fromID":"1379620","toID":"1379619","formEdgeID":null},{"edgeID":"1803511","fromID":"1379606","toID":"1379621","formEdgeID":null},{"edgeID":"1803512","fromID":"1379621","toID":"1379611","formEdgeID":null},{"edgeID":"1803513","fromID":"1379610","toID":"1379622","formEdgeID":null},{"edgeID":"1803514","fromID":"1379622","toID":"1379605","formEdgeID":null},{"edgeID":"1803515","fromID":"1379621","toID":"1379623","formEdgeID":null},{"edgeID":"1803516","fromID":"1379623","toID":"1379622","formEdgeID":null},{"edgeID":"1803517","fromID":"1379604","toID":"1379624","formEdgeID":null},{"edgeID":"1803518","fromID":"1379624","toID":"1379615","formEdgeID":null},{"edgeID":"1803519","fromID":"1379539","toID":"1379625","formEdgeID":null},{"edgeID":"1803520","fromID":"1379625","toID":"1379580","formEdgeID":null},{"edgeID":"1803521","fromID":"1379579","toID":"1379626","formEdgeID":null},{"edgeID":"1803522","fromID":"1379626","toID":"1379538","formEdgeID":null},{"edgeID":"1803523","fromID":"1379625","toID":"1379627","formEdgeID":null},{"edgeID":"1803524","fromID":"1379627","toID":"1379626","formEdgeID":null}],"locutions":[]}