{"nodes":[{"nodeID":"1380005","text":"it would be easier to monitor Shamima Begum if she\u2019s back in the UK","type":"I","timestamp":"2023-11-09 14:53:34"},{"nodeID":"1380006","text":"AudienceMember 20230330QT19: Would it not be easier to monitor her if she\u2019s back in the UK","type":"L","timestamp":"2023-11-09 14:53:34"},{"nodeID":"1380007","text":"Analysing","type":"YA","timestamp":"2023-11-09 14:53:34"},{"nodeID":"1380008","text":"Amelie: AudienceMember 20230330QT19: Would it not be easier to monitor her if she\u2019s back in the UK","type":"L","timestamp":"2023-11-09 14:53:34"},{"nodeID":"1380009","text":"Assertive Questioning","type":"YA","timestamp":"2023-11-09 14:53:34"},{"nodeID":"1380010","text":"Shamima Begum is in Syria now","type":"I","timestamp":"2023-11-09 14:53:34"},{"nodeID":"1380011","text":"AudienceMember 20230330QT13: She\u2019s in Syria now","type":"L","timestamp":"2023-11-09 14:53:34"},{"nodeID":"1380012","text":"Analysing","type":"YA","timestamp":"2023-11-09 14:53:34"},{"nodeID":"1380013","text":"Amelie: AudienceMember 20230330QT13: She\u2019s in Syria now","type":"L","timestamp":"2023-11-09 14:53:34"},{"nodeID":"1380014","text":"Asserting","type":"YA","timestamp":"2023-11-09 14:53:34"},{"nodeID":"1380015","text":"we don\u2019t know what she\u2019s doing","type":"I","timestamp":"2023-11-09 14:53:35"},{"nodeID":"1380016","text":"AudienceMember 20230330QT19: we don\u2019t know what she\u2019s doing","type":"L","timestamp":"2023-11-09 14:53:35"},{"nodeID":"1380017","text":"Analysing","type":"YA","timestamp":"2023-11-09 14:53:35"},{"nodeID":"1380018","text":"Amelie: AudienceMember 20230330QT19: we don\u2019t know what she\u2019s doing","type":"L","timestamp":"2023-11-09 14:53:35"},{"nodeID":"1380019","text":"Asserting","type":"YA","timestamp":"2023-11-09 14:53:35"},{"nodeID":"1380020","text":"when you look at other countries, for example anyone who travels to join and fight for Islamic State has been able to come back to the US","type":"I","timestamp":"2023-11-09 14:53:35"},{"nodeID":"1380021","text":"Fiona Bruce: when you look at other countries, for example you were mentioning, Liz, the US, the US has\u2026anyone who travels to join and fight for Islamic State has been able to come back to the US","type":"L","timestamp":"2023-11-09 14:53:35"},{"nodeID":"1380022","text":"Analysing","type":"YA","timestamp":"2023-11-09 14:53:35"},{"nodeID":"1380023","text":"Amelie: Fiona Bruce: when you look at other countries, for example you were mentioning, Liz, the US, the US has\u2026anyone who travels to join and fight for Islamic State has been able to come back to the US","type":"L","timestamp":"2023-11-09 14:53:35"},{"nodeID":"1380024","text":"Asserting","type":"YA","timestamp":"2023-11-09 14:53:35"},{"nodeID":"1380025","text":"other countries have done it, Australia, France are taking women and children back for example","type":"I","timestamp":"2023-11-09 14:53:36"},{"nodeID":"1380026","text":"Fiona Bruce: other countries have done it, Australia, France are taking women and children back for example","type":"L","timestamp":"2023-11-09 14:53:36"},{"nodeID":"1380027","text":"Analysing","type":"YA","timestamp":"2023-11-09 14:53:36"},{"nodeID":"1380028","text":"Amelie: Fiona Bruce: other countries have done it, Australia, France are taking women and children back for example","type":"L","timestamp":"2023-11-09 14:53:36"},{"nodeID":"1380029","text":"Asserting","type":"YA","timestamp":"2023-11-09 14:53:36"},{"nodeID":"1380030","text":"Anita Boateng does or doesn't agree with the decision that\u2019s been made about Shamima Begum, to revoke her citizenship","type":"I","timestamp":"2023-11-09 14:53:37"},{"nodeID":"1380031","text":"Fiona Bruce: Do you agree with the decision that\u2019s been made about Shamima Begum","type":"L","timestamp":"2023-11-09 14:53:37"},{"nodeID":"1380032","text":"Analysing","type":"YA","timestamp":"2023-11-09 14:53:37"},{"nodeID":"1380033","text":"Amelie: Fiona Bruce: Do you agree with the decision that\u2019s been made about Shamima Begum","type":"L","timestamp":"2023-11-09 14:53:37"},{"nodeID":"1380034","text":"Pure Questioning","type":"YA","timestamp":"2023-11-09 14:53:37"},{"nodeID":"1380035","text":"the first duty of any government is to keep people safe","type":"I","timestamp":"2023-11-09 14:53:37"},{"nodeID":"1380036","text":"Anita Boateng: the first duty of any government is to keep people safe","type":"L","timestamp":"2023-11-09 14:53:37"},{"nodeID":"1380037","text":"Analysing","type":"YA","timestamp":"2023-11-09 14:53:37"},{"nodeID":"1380038","text":"Amelie: Anita Boateng: the first duty of any government is to keep people safe","type":"L","timestamp":"2023-11-09 14:53:37"},{"nodeID":"1380039","text":"Asserting","type":"YA","timestamp":"2023-11-09 14:53:37"},{"nodeID":"1380040","text":"we don\u2019t know the evidence for Shamima Begum posing a threat","type":"I","timestamp":"2023-11-09 14:53:38"},{"nodeID":"1380041","text":"Anita Boateng: we don\u2019t know the evidence","type":"L","timestamp":"2023-11-09 14:53:38"},{"nodeID":"1380042","text":"Analysing","type":"YA","timestamp":"2023-11-09 14:53:38"},{"nodeID":"1380043","text":"Amelie: Anita Boateng: we don\u2019t know the evidence","type":"L","timestamp":"2023-11-09 14:53:38"},{"nodeID":"1380044","text":"Asserting","type":"YA","timestamp":"2023-11-09 14:53:38"},{"nodeID":"1380045","text":"there is clearly some evidence that the courts and security services were aware of that Shamima Begum would pose a threat","type":"I","timestamp":"2023-11-09 14:53:39"},{"nodeID":"1380046","text":"Anita Boateng: clearly some evidence that the courts and security services were aware of that she would pose a threat","type":"L","timestamp":"2023-11-09 14:53:39"},{"nodeID":"1380047","text":"Analysing","type":"YA","timestamp":"2023-11-09 14:53:39"},{"nodeID":"1380048","text":"Amelie: Anita Boateng: clearly some evidence that the courts and security services were aware of that she would pose a threat","type":"L","timestamp":"2023-11-09 14:53:39"},{"nodeID":"1380049","text":"Asserting","type":"YA","timestamp":"2023-11-09 14:53:39"},{"nodeID":"1380050","text":"Default Inference","type":"RA","timestamp":"2023-11-09 14:53:39"},{"nodeID":"1380051","text":"Default Transition","type":"TA","timestamp":"2023-11-09 14:53:39"},{"nodeID":"1380052","text":"Arguing","type":"YA","timestamp":"2023-11-09 14:53:39"},{"nodeID":"1380053","text":"Default Transition","type":"TA","timestamp":"2023-11-09 14:53:39"},{"nodeID":"1380054","text":"Default Transition","type":"TA","timestamp":"2023-11-09 14:53:39"},{"nodeID":"1380055","text":"Default Rephrase","type":"MA","timestamp":"2023-11-09 14:53:39"},{"nodeID":"1380056","text":"Restating","type":"YA","timestamp":"2023-11-09 14:53:39"},{"nodeID":"1380057","text":"Default Transition","type":"TA","timestamp":"2023-11-09 14:53:39"},{"nodeID":"1380058","text":"Default Transition","type":"TA","timestamp":"2023-11-09 14:53:39"},{"nodeID":"1380059","text":"Default Transition","type":"TA","timestamp":"2023-11-09 14:53:39"},{"nodeID":"1380060","text":"so much for radicalised, surely the security services could keep a much closer handle on her if she was back in the UK","type":"I","timestamp":"2023-11-09 14:53:39"},{"nodeID":"1380061","text":"AudienceMember 20230330QT19: So much for radicalised, surely the security services could keep a much closer handle on her if she was back in the UK","type":"L","timestamp":"2023-11-09 14:53:39"},{"nodeID":"1380062","text":"Analysing","type":"YA","timestamp":"2023-11-09 14:53:39"},{"nodeID":"1380063","text":"Amelie: AudienceMember 20230330QT19: So much for radicalised, surely the security services could keep a much closer handle on her if she was back in the UK","type":"L","timestamp":"2023-11-09 14:53:39"},{"nodeID":"1380064","text":"Asserting","type":"YA","timestamp":"2023-11-09 14:53:39"},{"nodeID":"1380065","text":"Default Transition","type":"TA","timestamp":"2023-11-09 14:53:39"},{"nodeID":"1380066","text":"Default Rephrase","type":"MA","timestamp":"2023-11-09 14:53:39"},{"nodeID":"1380067","text":"Restating","type":"YA","timestamp":"2023-11-09 14:53:39"},{"nodeID":"1380068","text":"Default Transition","type":"TA","timestamp":"2023-11-09 14:53:39"},{"nodeID":"1380069","text":"Anita Boateng doesn't envy the Home Secretary","type":"I","timestamp":"2023-11-09 14:53:40"},{"nodeID":"1380070","text":"Anita Boateng: I don\u2019t envy the Home Secretary","type":"L","timestamp":"2023-11-09 14:53:40"},{"nodeID":"1380071","text":"Analysing","type":"YA","timestamp":"2023-11-09 14:53:40"},{"nodeID":"1380072","text":"Amelie: Anita Boateng: I don\u2019t envy the Home Secretary","type":"L","timestamp":"2023-11-09 14:53:40"},{"nodeID":"1380073","text":"Asserting","type":"YA","timestamp":"2023-11-09 14:53:40"},{"nodeID":"1380074","text":"Default Transition","type":"TA","timestamp":"2023-11-09 14:53:40"},{"nodeID":"1380075","text":"the Home Secretary had to take an enormously difficult decision weighing up the rights of British citizens to be kept safe","type":"I","timestamp":"2023-11-09 14:53:41"},{"nodeID":"1380076","text":"Anita Boateng: who had to take an enormously difficult decision weighing up the rights of British citizens to be kept safe","type":"L","timestamp":"2023-11-09 14:53:41"},{"nodeID":"1380077","text":"Analysing","type":"YA","timestamp":"2023-11-09 14:53:41"},{"nodeID":"1380078","text":"Amelie: Anita Boateng: who had to take an enormously difficult decision weighing up the rights of British citizens to be kept safe","type":"L","timestamp":"2023-11-09 14:53:41"},{"nodeID":"1380079","text":"Asserting","type":"YA","timestamp":"2023-11-09 14:53:41"},{"nodeID":"1380080","text":"Default Inference","type":"RA","timestamp":"2023-11-09 14:53:41"},{"nodeID":"1380081","text":"Default Transition","type":"TA","timestamp":"2023-11-09 14:53:41"},{"nodeID":"1380082","text":"Arguing","type":"YA","timestamp":"2023-11-09 14:53:41"},{"nodeID":"1380083","text":"Default Rephrase","type":"MA","timestamp":"2023-11-09 14:53:41"},{"nodeID":"1380084","text":"Restating","type":"YA","timestamp":"2023-11-09 14:53:41"},{"nodeID":"1380085","text":"Default Transition","type":"TA","timestamp":"2023-11-09 14:53:41"}],"edges":[{"edgeID":"1803971","fromID":"1380007","toID":"1380006","formEdgeID":null},{"edgeID":"1803972","fromID":"1380008","toID":"1380007","formEdgeID":null},{"edgeID":"1803973","fromID":"1380006","toID":"1380009","formEdgeID":null},{"edgeID":"1803974","fromID":"1380009","toID":"1380005","formEdgeID":null},{"edgeID":"1803975","fromID":"1380012","toID":"1380011","formEdgeID":null},{"edgeID":"1803976","fromID":"1380013","toID":"1380012","formEdgeID":null},{"edgeID":"1803977","fromID":"1380011","toID":"1380014","formEdgeID":null},{"edgeID":"1803978","fromID":"1380014","toID":"1380010","formEdgeID":null},{"edgeID":"1803979","fromID":"1380017","toID":"1380016","formEdgeID":null},{"edgeID":"1803980","fromID":"1380018","toID":"1380017","formEdgeID":null},{"edgeID":"1803981","fromID":"1380016","toID":"1380019","formEdgeID":null},{"edgeID":"1803982","fromID":"1380019","toID":"1380015","formEdgeID":null},{"edgeID":"1803983","fromID":"1380022","toID":"1380021","formEdgeID":null},{"edgeID":"1803984","fromID":"1380023","toID":"1380022","formEdgeID":null},{"edgeID":"1803985","fromID":"1380021","toID":"1380024","formEdgeID":null},{"edgeID":"1803986","fromID":"1380024","toID":"1380020","formEdgeID":null},{"edgeID":"1803987","fromID":"1380027","toID":"1380026","formEdgeID":null},{"edgeID":"1803988","fromID":"1380028","toID":"1380027","formEdgeID":null},{"edgeID":"1803989","fromID":"1380026","toID":"1380029","formEdgeID":null},{"edgeID":"1803990","fromID":"1380029","toID":"1380025","formEdgeID":null},{"edgeID":"1803991","fromID":"1380032","toID":"1380031","formEdgeID":null},{"edgeID":"1803992","fromID":"1380033","toID":"1380032","formEdgeID":null},{"edgeID":"1803993","fromID":"1380031","toID":"1380034","formEdgeID":null},{"edgeID":"1803994","fromID":"1380034","toID":"1380030","formEdgeID":null},{"edgeID":"1803995","fromID":"1380037","toID":"1380036","formEdgeID":null},{"edgeID":"1803996","fromID":"1380038","toID":"1380037","formEdgeID":null},{"edgeID":"1803997","fromID":"1380036","toID":"1380039","formEdgeID":null},{"edgeID":"1803998","fromID":"1380039","toID":"1380035","formEdgeID":null},{"edgeID":"1803999","fromID":"1380042","toID":"1380041","formEdgeID":null},{"edgeID":"1804000","fromID":"1380043","toID":"1380042","formEdgeID":null},{"edgeID":"1804001","fromID":"1380041","toID":"1380044","formEdgeID":null},{"edgeID":"1804002","fromID":"1380044","toID":"1380040","formEdgeID":null},{"edgeID":"1804003","fromID":"1380047","toID":"1380046","formEdgeID":null},{"edgeID":"1804004","fromID":"1380048","toID":"1380047","formEdgeID":null},{"edgeID":"1804005","fromID":"1380046","toID":"1380049","formEdgeID":null},{"edgeID":"1804006","fromID":"1380049","toID":"1380045","formEdgeID":null},{"edgeID":"1804007","fromID":"1380015","toID":"1380050","formEdgeID":null},{"edgeID":"1804008","fromID":"1380050","toID":"1380005","formEdgeID":null},{"edgeID":"1804009","fromID":"1380010","toID":"1380050","formEdgeID":null},{"edgeID":"1804010","fromID":"1380006","toID":"1380051","formEdgeID":null},{"edgeID":"1804011","fromID":"1380051","toID":"1380016","formEdgeID":null},{"edgeID":"1804012","fromID":"1380051","toID":"1380052","formEdgeID":null},{"edgeID":"1804013","fromID":"1380052","toID":"1380050","formEdgeID":null},{"edgeID":"1804014","fromID":"1380016","toID":"1380053","formEdgeID":null},{"edgeID":"1804015","fromID":"1380053","toID":"1380021","formEdgeID":null},{"edgeID":"1804016","fromID":"1380021","toID":"1380054","formEdgeID":null},{"edgeID":"1804017","fromID":"1380054","toID":"1380026","formEdgeID":null},{"edgeID":"1804018","fromID":"1380025","toID":"1380055","formEdgeID":null},{"edgeID":"1804019","fromID":"1380055","toID":"1380020","formEdgeID":null},{"edgeID":"1804020","fromID":"1380054","toID":"1380056","formEdgeID":null},{"edgeID":"1804021","fromID":"1380056","toID":"1380055","formEdgeID":null},{"edgeID":"1804022","fromID":"1380026","toID":"1380057","formEdgeID":null},{"edgeID":"1804023","fromID":"1380057","toID":"1380031","formEdgeID":null},{"edgeID":"1804024","fromID":"1380031","toID":"1380058","formEdgeID":null},{"edgeID":"1804025","fromID":"1380058","toID":"1380036","formEdgeID":null},{"edgeID":"1804026","fromID":"1380041","toID":"1380059","formEdgeID":null},{"edgeID":"1804027","fromID":"1380059","toID":"1380046","formEdgeID":null},{"edgeID":"1804028","fromID":"1380062","toID":"1380061","formEdgeID":null},{"edgeID":"1804029","fromID":"1380063","toID":"1380062","formEdgeID":null},{"edgeID":"1804030","fromID":"1380061","toID":"1380064","formEdgeID":null},{"edgeID":"1804031","fromID":"1380064","toID":"1380060","formEdgeID":null},{"edgeID":"1804032","fromID":"1380006","toID":"1380065","formEdgeID":null},{"edgeID":"1804033","fromID":"1380065","toID":"1380061","formEdgeID":null},{"edgeID":"1804034","fromID":"1380060","toID":"1380066","formEdgeID":null},{"edgeID":"1804035","fromID":"1380066","toID":"1380005","formEdgeID":null},{"edgeID":"1804036","fromID":"1380065","toID":"1380067","formEdgeID":null},{"edgeID":"1804037","fromID":"1380067","toID":"1380066","formEdgeID":null},{"edgeID":"1804038","fromID":"1380061","toID":"1380068","formEdgeID":null},{"edgeID":"1804039","fromID":"1380068","toID":"1380011","formEdgeID":null},{"edgeID":"1804040","fromID":"1380071","toID":"1380070","formEdgeID":null},{"edgeID":"1804041","fromID":"1380072","toID":"1380071","formEdgeID":null},{"edgeID":"1804042","fromID":"1380070","toID":"1380073","formEdgeID":null},{"edgeID":"1804043","fromID":"1380073","toID":"1380069","formEdgeID":null},{"edgeID":"1804044","fromID":"1380036","toID":"1380074","formEdgeID":null},{"edgeID":"1804045","fromID":"1380074","toID":"1380070","formEdgeID":null},{"edgeID":"1804046","fromID":"1380077","toID":"1380076","formEdgeID":null},{"edgeID":"1804047","fromID":"1380078","toID":"1380077","formEdgeID":null},{"edgeID":"1804048","fromID":"1380076","toID":"1380079","formEdgeID":null},{"edgeID":"1804049","fromID":"1380079","toID":"1380075","formEdgeID":null},{"edgeID":"1804050","fromID":"1380075","toID":"1380080","formEdgeID":null},{"edgeID":"1804051","fromID":"1380080","toID":"1380069","formEdgeID":null},{"edgeID":"1804052","fromID":"1380070","toID":"1380081","formEdgeID":null},{"edgeID":"1804053","fromID":"1380081","toID":"1380076","formEdgeID":null},{"edgeID":"1804054","fromID":"1380081","toID":"1380082","formEdgeID":null},{"edgeID":"1804055","fromID":"1380082","toID":"1380080","formEdgeID":null},{"edgeID":"1804056","fromID":"1380045","toID":"1380083","formEdgeID":null},{"edgeID":"1804057","fromID":"1380083","toID":"1380040","formEdgeID":null},{"edgeID":"1804058","fromID":"1380059","toID":"1380084","formEdgeID":null},{"edgeID":"1804059","fromID":"1380084","toID":"1380083","formEdgeID":null},{"edgeID":"1804060","fromID":"1380076","toID":"1380085","formEdgeID":null},{"edgeID":"1804061","fromID":"1380085","toID":"1380041","formEdgeID":null}],"locutions":[]}