{"nodes":[{"nodeID":"1381287","text":"Rakie Ayola prefer her Roald Dahl filtered through other people\u2019s imagination","type":"I","timestamp":"2023-11-09 14:55:24"},{"nodeID":"1381288","text":"Rakie Ayola: I prefer my Roald Dahl filtered through other people\u2019s imagination","type":"L","timestamp":"2023-11-09 14:55:24"},{"nodeID":"1381289","text":"Analysing","type":"YA","timestamp":"2023-11-09 14:55:24"},{"nodeID":"1381290","text":"Amelie: Rakie Ayola: I prefer my Roald Dahl filtered through other people\u2019s imagination","type":"L","timestamp":"2023-11-09 14:55:24"},{"nodeID":"1381291","text":"Asserting","type":"YA","timestamp":"2023-11-09 14:55:24"},{"nodeID":"1381292","text":"Rakie Ayola likes the stage versions of Roald Dahl's works","type":"I","timestamp":"2023-11-09 14:55:24"},{"nodeID":"1381293","text":"Rakie Ayola: I like the stage versions","type":"L","timestamp":"2023-11-09 14:55:24"},{"nodeID":"1381294","text":"Analysing","type":"YA","timestamp":"2023-11-09 14:55:24"},{"nodeID":"1381295","text":"Amelie: Rakie Ayola: I like the stage versions","type":"L","timestamp":"2023-11-09 14:55:24"},{"nodeID":"1381296","text":"Asserting","type":"YA","timestamp":"2023-11-09 14:55:24"},{"nodeID":"1381297","text":"Rakie Ayola likes the films of Roald Dahl's works","type":"I","timestamp":"2023-11-09 14:55:25"},{"nodeID":"1381298","text":"Rakie Ayola: I like the films","type":"L","timestamp":"2023-11-09 14:55:25"},{"nodeID":"1381299","text":"Analysing","type":"YA","timestamp":"2023-11-09 14:55:25"},{"nodeID":"1381300","text":"Amelie: Rakie Ayola: I like the films","type":"L","timestamp":"2023-11-09 14:55:25"},{"nodeID":"1381301","text":"Asserting","type":"YA","timestamp":"2023-11-09 14:55:25"},{"nodeID":"1381302","text":"Rakie Ayola can't remember the last time she picked up Roald Dahl's books","type":"I","timestamp":"2023-11-09 14:55:26"},{"nodeID":"1381303","text":"Rakie Ayola: I can't remember the last time I picked up the books","type":"L","timestamp":"2023-11-09 14:55:26"},{"nodeID":"1381304","text":"Analysing","type":"YA","timestamp":"2023-11-09 14:55:26"},{"nodeID":"1381305","text":"Amelie: Rakie Ayola: I can't remember the last time I picked up the books","type":"L","timestamp":"2023-11-09 14:55:26"},{"nodeID":"1381306","text":"Asserting","type":"YA","timestamp":"2023-11-09 14:55:26"},{"nodeID":"1381307","text":"Default Inference","type":"RA","timestamp":"2023-11-09 14:55:26"},{"nodeID":"1381308","text":"Default Inference","type":"RA","timestamp":"2023-11-09 14:55:26"},{"nodeID":"1381309","text":"Roald Dahl's books don\u2019t appeal to Rakie Ayola or her girls","type":"I","timestamp":"2023-11-09 14:55:26"},{"nodeID":"1381310","text":"Rakie Ayola: they don\u2019t appeal to me or my girls","type":"L","timestamp":"2023-11-09 14:55:26"},{"nodeID":"1381311","text":"Analysing","type":"YA","timestamp":"2023-11-09 14:55:26"},{"nodeID":"1381312","text":"Amelie: Rakie Ayola: they don\u2019t appeal to me or my girls","type":"L","timestamp":"2023-11-09 14:55:26"},{"nodeID":"1381313","text":"Asserting","type":"YA","timestamp":"2023-11-09 14:55:26"},{"nodeID":"1381314","text":"Default Inference","type":"RA","timestamp":"2023-11-09 14:55:26"},{"nodeID":"1381315","text":"Default Transition","type":"TA","timestamp":"2023-11-09 14:55:26"},{"nodeID":"1381316","text":"Default Transition","type":"TA","timestamp":"2023-11-09 14:55:26"},{"nodeID":"1381317","text":"Arguing","type":"YA","timestamp":"2023-11-09 14:55:26"},{"nodeID":"1381318","text":"Arguing","type":"YA","timestamp":"2023-11-09 14:55:26"},{"nodeID":"1381319","text":"Default Transition","type":"TA","timestamp":"2023-11-09 14:55:26"},{"nodeID":"1381320","text":"Default Transition","type":"TA","timestamp":"2023-11-09 14:55:26"},{"nodeID":"1381321","text":"Default Rephrase","type":"MA","timestamp":"2023-11-09 14:55:26"},{"nodeID":"1381322","text":"Arguing","type":"YA","timestamp":"2023-11-09 14:55:26"},{"nodeID":"1381323","text":"Default Transition","type":"TA","timestamp":"2023-11-09 14:55:26"},{"nodeID":"1381324","text":"Restating","type":"YA","timestamp":"2023-11-09 14:55:26"},{"nodeID":"1381325","text":"things like rewriting classics Rakie Ayola always thinks, if the books were selling well they wouldn't really have done this","type":"I","timestamp":"2023-11-09 14:55:27"},{"nodeID":"1381326","text":"Rakie Ayola: things like this I always think, if the books were selling well would they really have done this","type":"L","timestamp":"2023-11-09 14:55:27"},{"nodeID":"1381327","text":"Analysing","type":"YA","timestamp":"2023-11-09 14:55:27"},{"nodeID":"1381328","text":"Amelie: Rakie Ayola: things like this I always think, if the books were selling well would they really have done this","type":"L","timestamp":"2023-11-09 14:55:27"},{"nodeID":"1381329","text":"Rhetorical Questioning","type":"YA","timestamp":"2023-11-09 14:55:27"},{"nodeID":"1381330","text":"Default Transition","type":"TA","timestamp":"2023-11-09 14:55:27"},{"nodeID":"1381331","text":"if the publisher's thought they were going to lose money they  wouldn't have done this","type":"I","timestamp":"2023-11-09 14:55:27"},{"nodeID":"1381332","text":"Rakie Ayola: If they thought they were going to lose money would they have done this","type":"L","timestamp":"2023-11-09 14:55:27"},{"nodeID":"1381333","text":"Analysing","type":"YA","timestamp":"2023-11-09 14:55:27"},{"nodeID":"1381334","text":"Amelie: Rakie Ayola: If they thought they were going to lose money would they have done this","type":"L","timestamp":"2023-11-09 14:55:27"},{"nodeID":"1381335","text":"Rhetorical Questioning","type":"YA","timestamp":"2023-11-09 14:55:27"},{"nodeID":"1381336","text":"Default Transition","type":"TA","timestamp":"2023-11-09 14:55:27"},{"nodeID":"1381337","text":"presumably the publishers found a demographic that they can't access","type":"I","timestamp":"2023-11-09 14:55:28"},{"nodeID":"1381338","text":"Rakie Ayola: Presumably they found a demographic that they can't access","type":"L","timestamp":"2023-11-09 14:55:28"},{"nodeID":"1381339","text":"Analysing","type":"YA","timestamp":"2023-11-09 14:55:28"},{"nodeID":"1381340","text":"Amelie: Rakie Ayola: Presumably they found a demographic that they can't access","type":"L","timestamp":"2023-11-09 14:55:28"},{"nodeID":"1381341","text":"Asserting","type":"YA","timestamp":"2023-11-09 14:55:28"},{"nodeID":"1381342","text":"the publishers decided the way to bring the new demographic in is to say, hey look, you know, this won't offend your child, this won't be difficult to read, it won't offend you to read it","type":"I","timestamp":"2023-11-09 14:55:29"},{"nodeID":"1381343","text":"Rakie Ayola: they\u2019ve decided the way to bring them in is to say, hey look, you know, this won't offend your child, this won't be difficult to read, it won't offend you to read it","type":"L","timestamp":"2023-11-09 14:55:29"},{"nodeID":"1381344","text":"Analysing","type":"YA","timestamp":"2023-11-09 14:55:29"},{"nodeID":"1381345","text":"Amelie: Rakie Ayola: they\u2019ve decided the way to bring them in is to say, hey look, you know, this won't offend your child, this won't be difficult to read, it won't offend you to read it","type":"L","timestamp":"2023-11-09 14:55:29"},{"nodeID":"1381346","text":"Asserting","type":"YA","timestamp":"2023-11-09 14:55:29"},{"nodeID":"1381347","text":"Default Transition","type":"TA","timestamp":"2023-11-09 14:55:29"},{"nodeID":"1381348","text":"bringing books to new audiences is great and Rakie Ayola applauds that","type":"I","timestamp":"2023-11-09 14:55:29"},{"nodeID":"1381349","text":"Rakie Ayola: that\u2019s great and I applaud that","type":"L","timestamp":"2023-11-09 14:55:29"},{"nodeID":"1381350","text":"Analysing","type":"YA","timestamp":"2023-11-09 14:55:29"},{"nodeID":"1381351","text":"Amelie: Rakie Ayola: that\u2019s great and I applaud that","type":"L","timestamp":"2023-11-09 14:55:29"},{"nodeID":"1381352","text":"Asserting","type":"YA","timestamp":"2023-11-09 14:55:29"},{"nodeID":"1381353","text":"Default Transition","type":"TA","timestamp":"2023-11-09 14:55:29"},{"nodeID":"1381354","text":"the rewriting of Roald Dahl's books is a case of the dangers of being too kind","type":"I","timestamp":"2023-11-09 14:55:30"},{"nodeID":"1381355","text":"Rakie Ayola: this is a case of the dangers of being too kind, right","type":"L","timestamp":"2023-11-09 14:55:30"},{"nodeID":"1381356","text":"Analysing","type":"YA","timestamp":"2023-11-09 14:55:30"},{"nodeID":"1381357","text":"Amelie: Rakie Ayola: this is a case of the dangers of being too kind, right","type":"L","timestamp":"2023-11-09 14:55:30"},{"nodeID":"1381358","text":"Assertive Questioning","type":"YA","timestamp":"2023-11-09 14:55:30"},{"nodeID":"1381359","text":"Default Transition","type":"TA","timestamp":"2023-11-09 14:55:30"},{"nodeID":"1381360","text":"Default Rephrase","type":"MA","timestamp":"2023-11-09 14:55:30"},{"nodeID":"1381361","text":"Restating","type":"YA","timestamp":"2023-11-09 14:55:30"},{"nodeID":"1381362","text":"there must be some monetary value to the decision to rewrite Roald Dahl's books","type":"I","timestamp":"2023-11-09 14:55:31"},{"nodeID":"1381363","text":"Rakie Ayola: there must be some monetary value to this decision","type":"L","timestamp":"2023-11-09 14:55:31"},{"nodeID":"1381364","text":"Analysing","type":"YA","timestamp":"2023-11-09 14:55:31"},{"nodeID":"1381365","text":"Amelie: Rakie Ayola: there must be some monetary value to this decision","type":"L","timestamp":"2023-11-09 14:55:31"},{"nodeID":"1381366","text":"Asserting","type":"YA","timestamp":"2023-11-09 14:55:31"},{"nodeID":"1381367","text":"Default Transition","type":"TA","timestamp":"2023-11-09 14:55:31"},{"nodeID":"1381368","text":"Default Transition","type":"TA","timestamp":"2023-11-09 14:55:31"},{"nodeID":"1381369","text":"otherwise rewriting Roald Dahl's books makes no sense","type":"I","timestamp":"2023-11-09 14:55:31"},{"nodeID":"1381370","text":"Rakie Ayola: otherwise it makes no sense","type":"L","timestamp":"2023-11-09 14:55:31"},{"nodeID":"1381371","text":"Analysing","type":"YA","timestamp":"2023-11-09 14:55:31"},{"nodeID":"1381372","text":"Amelie: Rakie Ayola: otherwise it makes no sense","type":"L","timestamp":"2023-11-09 14:55:31"},{"nodeID":"1381373","text":"Asserting","type":"YA","timestamp":"2023-11-09 14:55:31"},{"nodeID":"1381374","text":"Default Inference","type":"RA","timestamp":"2023-11-09 14:55:31"},{"nodeID":"1381375","text":"Default Transition","type":"TA","timestamp":"2023-11-09 14:55:31"},{"nodeID":"1381376","text":"Arguing","type":"YA","timestamp":"2023-11-09 14:55:31"},{"nodeID":"1381377","text":"maybe the fact that we\u2019re even talking about it now, perhaps all publicity is good","type":"I","timestamp":"2023-11-09 14:55:32"},{"nodeID":"1381378","text":"Rakie Ayola: Maybe the fact that we\u2019re even talking about it now, perhaps all publicity is good, right","type":"L","timestamp":"2023-11-09 14:55:32"},{"nodeID":"1381379","text":"Analysing","type":"YA","timestamp":"2023-11-09 14:55:32"},{"nodeID":"1381380","text":"Amelie: Rakie Ayola: Maybe the fact that we\u2019re even talking about it now, perhaps all publicity is good, right","type":"L","timestamp":"2023-11-09 14:55:32"},{"nodeID":"1381381","text":"Assertive Questioning","type":"YA","timestamp":"2023-11-09 14:55:32"},{"nodeID":"1381382","text":"Default Rephrase","type":"MA","timestamp":"2023-11-09 14:55:32"},{"nodeID":"1381383","text":"Default Transition","type":"TA","timestamp":"2023-11-09 14:55:32"},{"nodeID":"1381384","text":"Restating","type":"YA","timestamp":"2023-11-09 14:55:32"},{"nodeID":"1381385","text":"xxx is what Rakie Ayola thinks about things like not using terms like black and white as descriptors any more, so for example, going still as a statue instead of white as a sheet","type":"I","timestamp":"2023-11-09 14:55:33"},{"nodeID":"1381386","text":"Fiona Bruce: what do you think about things like not using terms like black and white as descriptors any more, so for example, going still as a statue instead of white as a sheet","type":"L","timestamp":"2023-11-09 14:55:33"},{"nodeID":"1381387","text":"Analysing","type":"YA","timestamp":"2023-11-09 14:55:33"},{"nodeID":"1381388","text":"Amelie: Fiona Bruce: what do you think about things like not using terms like black and white as descriptors any more, so for example, going still as a statue instead of white as a sheet","type":"L","timestamp":"2023-11-09 14:55:33"},{"nodeID":"1381389","text":"Pure Questioning","type":"YA","timestamp":"2023-11-09 14:55:33"},{"nodeID":"1381390","text":"Default Transition","type":"TA","timestamp":"2023-11-09 14:55:33"},{"nodeID":"1381391","text":"Default Inference","type":"RA","timestamp":"2023-11-09 14:55:33"},{"nodeID":"1381392","text":"Default Inference","type":"RA","timestamp":"2023-11-09 14:55:33"},{"nodeID":"1381393","text":"Arguing","type":"YA","timestamp":"2023-11-09 14:55:33"},{"nodeID":"1381394","text":"Arguing","type":"YA","timestamp":"2023-11-09 14:55:33"},{"nodeID":"1381395","text":"Default Rephrase","type":"MA","timestamp":"2023-11-09 14:55:33"},{"nodeID":"1381396","text":"Default Transition","type":"TA","timestamp":"2023-11-09 14:55:33"},{"nodeID":"1381397","text":"Restating","type":"YA","timestamp":"2023-11-09 14:55:33"}],"edges":[{"edgeID":"1805471","fromID":"1381289","toID":"1381288","formEdgeID":null},{"edgeID":"1805472","fromID":"1381290","toID":"1381289","formEdgeID":null},{"edgeID":"1805473","fromID":"1381288","toID":"1381291","formEdgeID":null},{"edgeID":"1805474","fromID":"1381291","toID":"1381287","formEdgeID":null},{"edgeID":"1805475","fromID":"1381294","toID":"1381293","formEdgeID":null},{"edgeID":"1805476","fromID":"1381295","toID":"1381294","formEdgeID":null},{"edgeID":"1805477","fromID":"1381293","toID":"1381296","formEdgeID":null},{"edgeID":"1805478","fromID":"1381296","toID":"1381292","formEdgeID":null},{"edgeID":"1805479","fromID":"1381299","toID":"1381298","formEdgeID":null},{"edgeID":"1805480","fromID":"1381300","toID":"1381299","formEdgeID":null},{"edgeID":"1805481","fromID":"1381298","toID":"1381301","formEdgeID":null},{"edgeID":"1805482","fromID":"1381301","toID":"1381297","formEdgeID":null},{"edgeID":"1805483","fromID":"1381304","toID":"1381303","formEdgeID":null},{"edgeID":"1805484","fromID":"1381305","toID":"1381304","formEdgeID":null},{"edgeID":"1805485","fromID":"1381303","toID":"1381306","formEdgeID":null},{"edgeID":"1805486","fromID":"1381306","toID":"1381302","formEdgeID":null},{"edgeID":"1805487","fromID":"1381287","toID":"1381307","formEdgeID":null},{"edgeID":"1805488","fromID":"1381307","toID":"1381292","formEdgeID":null},{"edgeID":"1805489","fromID":"1381287","toID":"1381308","formEdgeID":null},{"edgeID":"1805490","fromID":"1381308","toID":"1381297","formEdgeID":null},{"edgeID":"1805491","fromID":"1381311","toID":"1381310","formEdgeID":null},{"edgeID":"1805492","fromID":"1381312","toID":"1381311","formEdgeID":null},{"edgeID":"1805493","fromID":"1381310","toID":"1381313","formEdgeID":null},{"edgeID":"1805494","fromID":"1381313","toID":"1381309","formEdgeID":null},{"edgeID":"1805495","fromID":"1381309","toID":"1381314","formEdgeID":null},{"edgeID":"1805496","fromID":"1381314","toID":"1381302","formEdgeID":null},{"edgeID":"1805497","fromID":"1381288","toID":"1381315","formEdgeID":null},{"edgeID":"1805498","fromID":"1381315","toID":"1381293","formEdgeID":null},{"edgeID":"1805499","fromID":"1381293","toID":"1381316","formEdgeID":null},{"edgeID":"1805500","fromID":"1381316","toID":"1381298","formEdgeID":null},{"edgeID":"1805501","fromID":"1381315","toID":"1381317","formEdgeID":null},{"edgeID":"1805502","fromID":"1381317","toID":"1381307","formEdgeID":null},{"edgeID":"1805503","fromID":"1381316","toID":"1381318","formEdgeID":null},{"edgeID":"1805504","fromID":"1381318","toID":"1381308","formEdgeID":null},{"edgeID":"1805505","fromID":"1381298","toID":"1381319","formEdgeID":null},{"edgeID":"1805506","fromID":"1381319","toID":"1381303","formEdgeID":null},{"edgeID":"1805507","fromID":"1381303","toID":"1381320","formEdgeID":null},{"edgeID":"1805508","fromID":"1381320","toID":"1381310","formEdgeID":null},{"edgeID":"1805509","fromID":"1381309","toID":"1381321","formEdgeID":null},{"edgeID":"1805510","fromID":"1381321","toID":"1381287","formEdgeID":null},{"edgeID":"1805511","fromID":"1381320","toID":"1381322","formEdgeID":null},{"edgeID":"1805512","fromID":"1381322","toID":"1381314","formEdgeID":null},{"edgeID":"1805513","fromID":"1381288","toID":"1381323","formEdgeID":null},{"edgeID":"1805514","fromID":"1381323","toID":"1381310","formEdgeID":null},{"edgeID":"1805515","fromID":"1381323","toID":"1381324","formEdgeID":null},{"edgeID":"1805516","fromID":"1381324","toID":"1381321","formEdgeID":null},{"edgeID":"1805517","fromID":"1381327","toID":"1381326","formEdgeID":null},{"edgeID":"1805518","fromID":"1381328","toID":"1381327","formEdgeID":null},{"edgeID":"1805519","fromID":"1381326","toID":"1381329","formEdgeID":null},{"edgeID":"1805520","fromID":"1381329","toID":"1381325","formEdgeID":null},{"edgeID":"1805521","fromID":"1381310","toID":"1381330","formEdgeID":null},{"edgeID":"1805522","fromID":"1381330","toID":"1381326","formEdgeID":null},{"edgeID":"1805523","fromID":"1381333","toID":"1381332","formEdgeID":null},{"edgeID":"1805524","fromID":"1381334","toID":"1381333","formEdgeID":null},{"edgeID":"1805525","fromID":"1381332","toID":"1381335","formEdgeID":null},{"edgeID":"1805526","fromID":"1381335","toID":"1381331","formEdgeID":null},{"edgeID":"1805527","fromID":"1381326","toID":"1381336","formEdgeID":null},{"edgeID":"1805528","fromID":"1381336","toID":"1381332","formEdgeID":null},{"edgeID":"1805529","fromID":"1381339","toID":"1381338","formEdgeID":null},{"edgeID":"1805530","fromID":"1381340","toID":"1381339","formEdgeID":null},{"edgeID":"1805531","fromID":"1381338","toID":"1381341","formEdgeID":null},{"edgeID":"1805532","fromID":"1381341","toID":"1381337","formEdgeID":null},{"edgeID":"1805533","fromID":"1381344","toID":"1381343","formEdgeID":null},{"edgeID":"1805534","fromID":"1381345","toID":"1381344","formEdgeID":null},{"edgeID":"1805535","fromID":"1381343","toID":"1381346","formEdgeID":null},{"edgeID":"1805536","fromID":"1381346","toID":"1381342","formEdgeID":null},{"edgeID":"1805537","fromID":"1381332","toID":"1381347","formEdgeID":null},{"edgeID":"1805538","fromID":"1381347","toID":"1381338","formEdgeID":null},{"edgeID":"1805539","fromID":"1381350","toID":"1381349","formEdgeID":null},{"edgeID":"1805540","fromID":"1381351","toID":"1381350","formEdgeID":null},{"edgeID":"1805541","fromID":"1381349","toID":"1381352","formEdgeID":null},{"edgeID":"1805542","fromID":"1381352","toID":"1381348","formEdgeID":null},{"edgeID":"1805543","fromID":"1381343","toID":"1381353","formEdgeID":null},{"edgeID":"1805544","fromID":"1381353","toID":"1381349","formEdgeID":null},{"edgeID":"1805545","fromID":"1381356","toID":"1381355","formEdgeID":null},{"edgeID":"1805546","fromID":"1381357","toID":"1381356","formEdgeID":null},{"edgeID":"1805547","fromID":"1381355","toID":"1381358","formEdgeID":null},{"edgeID":"1805548","fromID":"1381358","toID":"1381354","formEdgeID":null},{"edgeID":"1805549","fromID":"1381349","toID":"1381359","formEdgeID":null},{"edgeID":"1805550","fromID":"1381359","toID":"1381355","formEdgeID":null},{"edgeID":"1805551","fromID":"1381354","toID":"1381360","formEdgeID":null},{"edgeID":"1805552","fromID":"1381360","toID":"1381348","formEdgeID":null},{"edgeID":"1805553","fromID":"1381359","toID":"1381361","formEdgeID":null},{"edgeID":"1805554","fromID":"1381361","toID":"1381360","formEdgeID":null},{"edgeID":"1805555","fromID":"1381364","toID":"1381363","formEdgeID":null},{"edgeID":"1805556","fromID":"1381365","toID":"1381364","formEdgeID":null},{"edgeID":"1805557","fromID":"1381363","toID":"1381366","formEdgeID":null},{"edgeID":"1805558","fromID":"1381366","toID":"1381362","formEdgeID":null},{"edgeID":"1805559","fromID":"1381332","toID":"1381367","formEdgeID":null},{"edgeID":"1805560","fromID":"1381367","toID":"1381363","formEdgeID":null},{"edgeID":"1805561","fromID":"1381326","toID":"1381368","formEdgeID":null},{"edgeID":"1805562","fromID":"1381368","toID":"1381363","formEdgeID":null},{"edgeID":"1805563","fromID":"1381371","toID":"1381370","formEdgeID":null},{"edgeID":"1805564","fromID":"1381372","toID":"1381371","formEdgeID":null},{"edgeID":"1805565","fromID":"1381370","toID":"1381373","formEdgeID":null},{"edgeID":"1805566","fromID":"1381373","toID":"1381369","formEdgeID":null},{"edgeID":"1805567","fromID":"1381369","toID":"1381374","formEdgeID":null},{"edgeID":"1805568","fromID":"1381374","toID":"1381362","formEdgeID":null},{"edgeID":"1805569","fromID":"1381363","toID":"1381375","formEdgeID":null},{"edgeID":"1805570","fromID":"1381375","toID":"1381370","formEdgeID":null},{"edgeID":"1805571","fromID":"1381375","toID":"1381376","formEdgeID":null},{"edgeID":"1805572","fromID":"1381376","toID":"1381374","formEdgeID":null},{"edgeID":"1805573","fromID":"1381379","toID":"1381378","formEdgeID":null},{"edgeID":"1805574","fromID":"1381380","toID":"1381379","formEdgeID":null},{"edgeID":"1805575","fromID":"1381378","toID":"1381381","formEdgeID":null},{"edgeID":"1805576","fromID":"1381381","toID":"1381377","formEdgeID":null},{"edgeID":"1805577","fromID":"1381377","toID":"1381382","formEdgeID":null},{"edgeID":"1805578","fromID":"1381382","toID":"1381362","formEdgeID":null},{"edgeID":"1805579","fromID":"1381363","toID":"1381383","formEdgeID":null},{"edgeID":"1805580","fromID":"1381383","toID":"1381378","formEdgeID":null},{"edgeID":"1805581","fromID":"1381383","toID":"1381384","formEdgeID":null},{"edgeID":"1805582","fromID":"1381384","toID":"1381382","formEdgeID":null},{"edgeID":"1805583","fromID":"1381387","toID":"1381386","formEdgeID":null},{"edgeID":"1805584","fromID":"1381388","toID":"1381387","formEdgeID":null},{"edgeID":"1805585","fromID":"1381386","toID":"1381389","formEdgeID":null},{"edgeID":"1805586","fromID":"1381389","toID":"1381385","formEdgeID":null},{"edgeID":"1805587","fromID":"1381378","toID":"1381390","formEdgeID":null},{"edgeID":"1805588","fromID":"1381390","toID":"1381386","formEdgeID":null},{"edgeID":"1805589","fromID":"1381331","toID":"1381391","formEdgeID":null},{"edgeID":"1805590","fromID":"1381391","toID":"1381362","formEdgeID":null},{"edgeID":"1805591","fromID":"1381325","toID":"1381392","formEdgeID":null},{"edgeID":"1805592","fromID":"1381392","toID":"1381362","formEdgeID":null},{"edgeID":"1805593","fromID":"1381367","toID":"1381393","formEdgeID":null},{"edgeID":"1805594","fromID":"1381393","toID":"1381391","formEdgeID":null},{"edgeID":"1805595","fromID":"1381368","toID":"1381394","formEdgeID":null},{"edgeID":"1805596","fromID":"1381394","toID":"1381392","formEdgeID":null},{"edgeID":"1805597","fromID":"1381342","toID":"1381395","formEdgeID":null},{"edgeID":"1805598","fromID":"1381395","toID":"1381337","formEdgeID":null},{"edgeID":"1805599","fromID":"1381338","toID":"1381396","formEdgeID":null},{"edgeID":"1805600","fromID":"1381396","toID":"1381343","formEdgeID":null},{"edgeID":"1805601","fromID":"1381396","toID":"1381397","formEdgeID":null},{"edgeID":"1805602","fromID":"1381397","toID":"1381395","formEdgeID":null}],"locutions":[]}