{"nodes":[{"nodeID":"1379462","text":"it\u2019s bizarre to hear a Conservative minister complain that we've had 11 relaunches under Labour when we\u2019ve had three Conservative prime ministers in just the past six months","type":"I","timestamp":"2023-11-09 14:52:47"},{"nodeID":"1379463","text":"AudienceMember 20230330QT11: it\u2019s bizarre to hear a Conservative minister complain that we've had 11 relaunches under Labour when we\u2019ve had three Conservative prime ministers in just the past six months","type":"L","timestamp":"2023-11-09 14:52:47"},{"nodeID":"1379464","text":"Analysing","type":"YA","timestamp":"2023-11-09 14:52:47"},{"nodeID":"1379465","text":"Amelie: AudienceMember 20230330QT11: it\u2019s bizarre to hear a Conservative minister complain that we've had 11 relaunches under Labour when we\u2019ve had three Conservative prime ministers in just the past six months","type":"L","timestamp":"2023-11-09 14:52:47"},{"nodeID":"1379466","text":"Asserting","type":"YA","timestamp":"2023-11-09 14:52:47"},{"nodeID":"1379467","text":"Thangam Debbonaire: Exactly","type":"L","timestamp":"2023-11-09 14:52:47"},{"nodeID":"1379468","text":"Analysing","type":"YA","timestamp":"2023-11-09 14:52:47"},{"nodeID":"1379469","text":"Amelie: Thangam Debbonaire: Exactly","type":"L","timestamp":"2023-11-09 14:52:47"},{"nodeID":"1379470","text":"Default Transition","type":"TA","timestamp":"2023-11-09 14:52:47"},{"nodeID":"1379471","text":"Agreeing","type":"YA","timestamp":"2023-11-09 14:52:47"},{"nodeID":"1379472","text":"Labour may have had 11 relaunches","type":"I","timestamp":"2023-11-09 14:52:48"},{"nodeID":"1379473","text":"AudienceMember 20230330QT12: Labour may have had 11 relaunches","type":"L","timestamp":"2023-11-09 14:52:48"},{"nodeID":"1379474","text":"Analysing","type":"YA","timestamp":"2023-11-09 14:52:48"},{"nodeID":"1379475","text":"Amelie: AudienceMember 20230330QT12: Labour may have had 11 relaunches","type":"L","timestamp":"2023-11-09 14:52:48"},{"nodeID":"1379476","text":"Asserting","type":"YA","timestamp":"2023-11-09 14:52:48"},{"nodeID":"1379477","text":"Kier Starmer\u2019s been a much longer term leader who appears a lot more trustworthy and stable","type":"I","timestamp":"2023-11-09 14:52:48"},{"nodeID":"1379478","text":"AudienceMember 20230330QT12: Kier Starmer\u2019s been a much longer term leader who, frankly, appears a lot more trustworthy and stable","type":"L","timestamp":"2023-11-09 14:52:48"},{"nodeID":"1379479","text":"Analysing","type":"YA","timestamp":"2023-11-09 14:52:48"},{"nodeID":"1379480","text":"Amelie: AudienceMember 20230330QT12: Kier Starmer\u2019s been a much longer term leader who, frankly, appears a lot more trustworthy and stable","type":"L","timestamp":"2023-11-09 14:52:48"},{"nodeID":"1379481","text":"Asserting","type":"YA","timestamp":"2023-11-09 14:52:48"},{"nodeID":"1379482","text":"regarding Kier Starmer\u2019s statement today, if his statement was an essay for a degree, all we\u2019d have is a page of contents","type":"I","timestamp":"2023-11-09 14:52:49"},{"nodeID":"1379483","text":"AudienceMember 20230330QT13: regarding Kier Starmer\u2019s statement today, if his statement was an essay for a degree, all we\u2019d have is a page of contents","type":"L","timestamp":"2023-11-09 14:52:49"},{"nodeID":"1379484","text":"Analysing","type":"YA","timestamp":"2023-11-09 14:52:49"},{"nodeID":"1379485","text":"Amelie: AudienceMember 20230330QT13: regarding Kier Starmer\u2019s statement today, if his statement was an essay for a degree, all we\u2019d have is a page of contents","type":"L","timestamp":"2023-11-09 14:52:49"},{"nodeID":"1379486","text":"Asserting","type":"YA","timestamp":"2023-11-09 14:52:49"},{"nodeID":"1379487","text":"AudienceMember 20230330QT13 understands that Thangam Debbonaire doesn't want to give her manifesto out until the run\u2011up to the election","type":"I","timestamp":"2023-11-09 14:52:50"},{"nodeID":"1379488","text":"AudienceMember 20230330QT13: I understand that you don\u2019t want to give your manifesto out until the run\u2011up to the election","type":"L","timestamp":"2023-11-09 14:52:50"},{"nodeID":"1379489","text":"Analysing","type":"YA","timestamp":"2023-11-09 14:52:50"},{"nodeID":"1379490","text":"Amelie: AudienceMember 20230330QT13: I understand that you don\u2019t want to give your manifesto out until the run\u2011up to the election","type":"L","timestamp":"2023-11-09 14:52:50"},{"nodeID":"1379491","text":"Asserting","type":"YA","timestamp":"2023-11-09 14:52:50"},{"nodeID":"1379492","text":"we need to start hearing facts and detail","type":"I","timestamp":"2023-11-09 14:52:50"},{"nodeID":"1379493","text":"AudienceMember 20230330QT13: we need to start hearing facts and detail","type":"L","timestamp":"2023-11-09 14:52:50"},{"nodeID":"1379494","text":"Analysing","type":"YA","timestamp":"2023-11-09 14:52:50"},{"nodeID":"1379495","text":"Amelie: AudienceMember 20230330QT13: we need to start hearing facts and detail","type":"L","timestamp":"2023-11-09 14:52:50"},{"nodeID":"1379496","text":"Asserting","type":"YA","timestamp":"2023-11-09 14:52:50"},{"nodeID":"1379497","text":"that we need to start hearing facts and detail is why Kier Starmer chose now","type":"I","timestamp":"2023-11-09 14:52:51"},{"nodeID":"1379498","text":"Thangam Debbonaire: that\u2019s why Kier chose now","type":"L","timestamp":"2023-11-09 14:52:51"},{"nodeID":"1379499","text":"Analysing","type":"YA","timestamp":"2023-11-09 14:52:51"},{"nodeID":"1379500","text":"Amelie: Thangam Debbonaire: that\u2019s why Kier chose now","type":"L","timestamp":"2023-11-09 14:52:51"},{"nodeID":"1379501","text":"Asserting","type":"YA","timestamp":"2023-11-09 14:52:51"},{"nodeID":"1379502","text":"now is hopefully not too far off from a general election","type":"I","timestamp":"2023-11-09 14:52:51"},{"nodeID":"1379503","text":"Thangam Debbonaire: which is hopefully not too far off from a general election","type":"L","timestamp":"2023-11-09 14:52:51"},{"nodeID":"1379504","text":"Analysing","type":"YA","timestamp":"2023-11-09 14:52:51"},{"nodeID":"1379505","text":"Amelie: Thangam Debbonaire: which is hopefully not too far off from a general election","type":"L","timestamp":"2023-11-09 14:52:51"},{"nodeID":"1379506","text":"Asserting","type":"YA","timestamp":"2023-11-09 14:52:51"},{"nodeID":"1379507","text":"the time to the general election is hopefully enough to give us time to be able to explain the detail","type":"I","timestamp":"2023-11-09 14:52:52"},{"nodeID":"1379508","text":"Thangam Debbonaire: enough to give us time to be able to explain the detail","type":"L","timestamp":"2023-11-09 14:52:52"},{"nodeID":"1379509","text":"Analysing","type":"YA","timestamp":"2023-11-09 14:52:52"},{"nodeID":"1379510","text":"Amelie: Thangam Debbonaire: enough to give us time to be able to explain the detail","type":"L","timestamp":"2023-11-09 14:52:52"},{"nodeID":"1379511","text":"Asserting","type":"YA","timestamp":"2023-11-09 14:52:52"},{"nodeID":"1379512","text":"there is plenty of detail in the mission statements","type":"I","timestamp":"2023-11-09 14:52:53"},{"nodeID":"1379513","text":"Thangam Debbonaire: There is plenty of detail in the mission statements","type":"L","timestamp":"2023-11-09 14:52:53"},{"nodeID":"1379514","text":"Analysing","type":"YA","timestamp":"2023-11-09 14:52:53"},{"nodeID":"1379515","text":"Amelie: Thangam Debbonaire: There is plenty of detail in the mission statements","type":"L","timestamp":"2023-11-09 14:52:53"},{"nodeID":"1379516","text":"Asserting","type":"YA","timestamp":"2023-11-09 14:52:53"},{"nodeID":"1379517","text":"Default Inference","type":"RA","timestamp":"2023-11-09 14:52:53"},{"nodeID":"1379518","text":"Default Transition","type":"TA","timestamp":"2023-11-09 14:52:53"},{"nodeID":"1379519","text":"Arguing","type":"YA","timestamp":"2023-11-09 14:52:53"},{"nodeID":"1379520","text":"Default Rephrase","type":"MA","timestamp":"2023-11-09 14:52:53"},{"nodeID":"1379521","text":"Default Transition","type":"TA","timestamp":"2023-11-09 14:52:53"},{"nodeID":"1379522","text":"Restating","type":"YA","timestamp":"2023-11-09 14:52:53"},{"nodeID":"1379523","text":"Default Inference","type":"RA","timestamp":"2023-11-09 14:52:53"},{"nodeID":"1379524","text":"Default Rephrase","type":"MA","timestamp":"2023-11-09 14:52:53"},{"nodeID":"1379525","text":"Default Transition","type":"TA","timestamp":"2023-11-09 14:52:53"},{"nodeID":"1379526","text":"Restating","type":"YA","timestamp":"2023-11-09 14:52:53"},{"nodeID":"1379527","text":"Default Transition","type":"TA","timestamp":"2023-11-09 14:52:53"},{"nodeID":"1379528","text":"Default Inference","type":"RA","timestamp":"2023-11-09 14:52:53"},{"nodeID":"1379529","text":"Default Transition","type":"TA","timestamp":"2023-11-09 14:52:53"},{"nodeID":"1379530","text":"Default Transition","type":"TA","timestamp":"2023-11-09 14:52:53"},{"nodeID":"1379531","text":"Arguing","type":"YA","timestamp":"2023-11-09 14:52:53"},{"nodeID":"1379532","text":"Default Transition","type":"TA","timestamp":"2023-11-09 14:52:53"},{"nodeID":"1379533","text":"Arguing","type":"YA","timestamp":"2023-11-09 14:52:53"},{"nodeID":"1379534","text":"Default Transition","type":"TA","timestamp":"2023-11-09 14:52:53"},{"nodeID":"1379535","text":"Default Inference","type":"RA","timestamp":"2023-11-09 14:52:53"},{"nodeID":"1379536","text":"Default Transition","type":"TA","timestamp":"2023-11-09 14:52:53"},{"nodeID":"1379537","text":"Arguing","type":"YA","timestamp":"2023-11-09 14:52:53"}],"edges":[{"edgeID":"1803328","fromID":"1379464","toID":"1379463","formEdgeID":null},{"edgeID":"1803329","fromID":"1379465","toID":"1379464","formEdgeID":null},{"edgeID":"1803330","fromID":"1379463","toID":"1379466","formEdgeID":null},{"edgeID":"1803331","fromID":"1379466","toID":"1379462","formEdgeID":null},{"edgeID":"1803332","fromID":"1379468","toID":"1379467","formEdgeID":null},{"edgeID":"1803333","fromID":"1379469","toID":"1379468","formEdgeID":null},{"edgeID":"1803334","fromID":"1379463","toID":"1379470","formEdgeID":null},{"edgeID":"1803335","fromID":"1379470","toID":"1379467","formEdgeID":null},{"edgeID":"1803336","fromID":"1379467","toID":"1379471","formEdgeID":null},{"edgeID":"1803337","fromID":"1379471","toID":"1379462","formEdgeID":null},{"edgeID":"1803338","fromID":"1379474","toID":"1379473","formEdgeID":null},{"edgeID":"1803339","fromID":"1379475","toID":"1379474","formEdgeID":null},{"edgeID":"1803340","fromID":"1379473","toID":"1379476","formEdgeID":null},{"edgeID":"1803341","fromID":"1379476","toID":"1379472","formEdgeID":null},{"edgeID":"1803342","fromID":"1379479","toID":"1379478","formEdgeID":null},{"edgeID":"1803343","fromID":"1379480","toID":"1379479","formEdgeID":null},{"edgeID":"1803344","fromID":"1379478","toID":"1379481","formEdgeID":null},{"edgeID":"1803345","fromID":"1379481","toID":"1379477","formEdgeID":null},{"edgeID":"1803346","fromID":"1379484","toID":"1379483","formEdgeID":null},{"edgeID":"1803347","fromID":"1379485","toID":"1379484","formEdgeID":null},{"edgeID":"1803348","fromID":"1379483","toID":"1379486","formEdgeID":null},{"edgeID":"1803349","fromID":"1379486","toID":"1379482","formEdgeID":null},{"edgeID":"1803350","fromID":"1379489","toID":"1379488","formEdgeID":null},{"edgeID":"1803351","fromID":"1379490","toID":"1379489","formEdgeID":null},{"edgeID":"1803352","fromID":"1379488","toID":"1379491","formEdgeID":null},{"edgeID":"1803353","fromID":"1379491","toID":"1379487","formEdgeID":null},{"edgeID":"1803354","fromID":"1379494","toID":"1379493","formEdgeID":null},{"edgeID":"1803355","fromID":"1379495","toID":"1379494","formEdgeID":null},{"edgeID":"1803356","fromID":"1379493","toID":"1379496","formEdgeID":null},{"edgeID":"1803357","fromID":"1379496","toID":"1379492","formEdgeID":null},{"edgeID":"1803358","fromID":"1379499","toID":"1379498","formEdgeID":null},{"edgeID":"1803359","fromID":"1379500","toID":"1379499","formEdgeID":null},{"edgeID":"1803360","fromID":"1379498","toID":"1379501","formEdgeID":null},{"edgeID":"1803361","fromID":"1379501","toID":"1379497","formEdgeID":null},{"edgeID":"1803362","fromID":"1379504","toID":"1379503","formEdgeID":null},{"edgeID":"1803363","fromID":"1379505","toID":"1379504","formEdgeID":null},{"edgeID":"1803364","fromID":"1379503","toID":"1379506","formEdgeID":null},{"edgeID":"1803365","fromID":"1379506","toID":"1379502","formEdgeID":null},{"edgeID":"1803366","fromID":"1379509","toID":"1379508","formEdgeID":null},{"edgeID":"1803367","fromID":"1379510","toID":"1379509","formEdgeID":null},{"edgeID":"1803368","fromID":"1379508","toID":"1379511","formEdgeID":null},{"edgeID":"1803369","fromID":"1379511","toID":"1379507","formEdgeID":null},{"edgeID":"1803370","fromID":"1379514","toID":"1379513","formEdgeID":null},{"edgeID":"1803371","fromID":"1379515","toID":"1379514","formEdgeID":null},{"edgeID":"1803372","fromID":"1379513","toID":"1379516","formEdgeID":null},{"edgeID":"1803373","fromID":"1379516","toID":"1379512","formEdgeID":null},{"edgeID":"1803374","fromID":"1379512","toID":"1379517","formEdgeID":null},{"edgeID":"1803375","fromID":"1379517","toID":"1379507","formEdgeID":null},{"edgeID":"1803376","fromID":"1379508","toID":"1379518","formEdgeID":null},{"edgeID":"1803377","fromID":"1379518","toID":"1379513","formEdgeID":null},{"edgeID":"1803378","fromID":"1379518","toID":"1379519","formEdgeID":null},{"edgeID":"1803379","fromID":"1379519","toID":"1379517","formEdgeID":null},{"edgeID":"1803380","fromID":"1379497","toID":"1379520","formEdgeID":null},{"edgeID":"1803381","fromID":"1379520","toID":"1379492","formEdgeID":null},{"edgeID":"1803382","fromID":"1379493","toID":"1379521","formEdgeID":null},{"edgeID":"1803383","fromID":"1379521","toID":"1379498","formEdgeID":null},{"edgeID":"1803384","fromID":"1379521","toID":"1379522","formEdgeID":null},{"edgeID":"1803385","fromID":"1379522","toID":"1379520","formEdgeID":null},{"edgeID":"1803386","fromID":"1379507","toID":"1379523","formEdgeID":null},{"edgeID":"1803387","fromID":"1379523","toID":"1379497","formEdgeID":null},{"edgeID":"1803388","fromID":"1379472","toID":"1379524","formEdgeID":null},{"edgeID":"1803389","fromID":"1379524","toID":"1379462","formEdgeID":null},{"edgeID":"1803390","fromID":"1379463","toID":"1379525","formEdgeID":null},{"edgeID":"1803391","fromID":"1379525","toID":"1379473","formEdgeID":null},{"edgeID":"1803392","fromID":"1379525","toID":"1379526","formEdgeID":null},{"edgeID":"1803393","fromID":"1379526","toID":"1379524","formEdgeID":null},{"edgeID":"1803394","fromID":"1379483","toID":"1379527","formEdgeID":null},{"edgeID":"1803395","fromID":"1379527","toID":"1379488","formEdgeID":null},{"edgeID":"1803396","fromID":"1379482","toID":"1379528","formEdgeID":null},{"edgeID":"1803397","fromID":"1379528","toID":"1379492","formEdgeID":null},{"edgeID":"1803398","fromID":"1379498","toID":"1379529","formEdgeID":null},{"edgeID":"1803399","fromID":"1379529","toID":"1379503","formEdgeID":null},{"edgeID":"1803400","fromID":"1379502","toID":"1379523","formEdgeID":null},{"edgeID":"1803401","fromID":"1379498","toID":"1379530","formEdgeID":null},{"edgeID":"1803402","fromID":"1379530","toID":"1379508","formEdgeID":null},{"edgeID":"1803403","fromID":"1379530","toID":"1379531","formEdgeID":null},{"edgeID":"1803404","fromID":"1379531","toID":"1379523","formEdgeID":null},{"edgeID":"1803405","fromID":"1379483","toID":"1379532","formEdgeID":null},{"edgeID":"1803406","fromID":"1379532","toID":"1379493","formEdgeID":null},{"edgeID":"1803407","fromID":"1379532","toID":"1379533","formEdgeID":null},{"edgeID":"1803408","fromID":"1379533","toID":"1379528","formEdgeID":null},{"edgeID":"1803409","fromID":"1379478","toID":"1379534","formEdgeID":null},{"edgeID":"1803410","fromID":"1379534","toID":"1379483","formEdgeID":null},{"edgeID":"1803411","fromID":"1379477","toID":"1379535","formEdgeID":null},{"edgeID":"1803412","fromID":"1379535","toID":"1379462","formEdgeID":null},{"edgeID":"1803413","fromID":"1379463","toID":"1379536","formEdgeID":null},{"edgeID":"1803414","fromID":"1379536","toID":"1379478","formEdgeID":null},{"edgeID":"1803415","fromID":"1379536","toID":"1379537","formEdgeID":null},{"edgeID":"1803416","fromID":"1379537","toID":"1379535","formEdgeID":null}],"locutions":[]}