{"nodes":[{"nodeID":"1382879","text":"AudienceMember 20230330QT28 doesn't think Steinbeck\u2019s books should still  be taught in school with the language they have in it","type":"I","timestamp":"2023-11-09 14:57:41"},{"nodeID":"1382880","text":"AudienceMember 20230330QT28: I would like to know why Steinbeck\u2019s books are still taught in school with the language they have in it\u2026it has in it","type":"L","timestamp":"2023-11-09 14:57:41"},{"nodeID":"1382881","text":"Analysing","type":"YA","timestamp":"2023-11-09 14:57:41"},{"nodeID":"1382882","text":"Amelie: AudienceMember 20230330QT28: I would like to know why Steinbeck\u2019s books are still taught in school with the language they have in it\u2026it has in it","type":"L","timestamp":"2023-11-09 14:57:41"},{"nodeID":"1382883","text":"Assertive Questioning","type":"YA","timestamp":"2023-11-09 14:57:41"},{"nodeID":"1382884","text":"AudienceMember 20230330QT28's family are from Sierra Leone and Cape Town","type":"I","timestamp":"2023-11-09 14:57:42"},{"nodeID":"1382885","text":"AudienceMember 20230330QT28: My family are from Sierra Leone and Cape Town","type":"L","timestamp":"2023-11-09 14:57:42"},{"nodeID":"1382886","text":"Analysing","type":"YA","timestamp":"2023-11-09 14:57:42"},{"nodeID":"1382887","text":"Amelie: AudienceMember 20230330QT28: My family are from Sierra Leone and Cape Town","type":"L","timestamp":"2023-11-09 14:57:42"},{"nodeID":"1382888","text":"Asserting","type":"YA","timestamp":"2023-11-09 14:57:42"},{"nodeID":"1382889","text":"AudienceMember 20230330QT28 was born here","type":"I","timestamp":"2023-11-09 14:57:42"},{"nodeID":"1382890","text":"AudienceMember 20230330QT28: I was born here","type":"L","timestamp":"2023-11-09 14:57:42"},{"nodeID":"1382891","text":"Analysing","type":"YA","timestamp":"2023-11-09 14:57:42"},{"nodeID":"1382892","text":"Amelie: AudienceMember 20230330QT28: I was born here","type":"L","timestamp":"2023-11-09 14:57:42"},{"nodeID":"1382893","text":"Asserting","type":"YA","timestamp":"2023-11-09 14:57:43"},{"nodeID":"1382894","text":"AudienceMember 20230330QT28 doesn't think Steinbeck's books should still be accepted in school and taught in school","type":"I","timestamp":"2023-11-09 14:57:43"},{"nodeID":"1382895","text":"AudienceMember 20230330QT28: I would like to know why those books are still accepted in school and taught in school","type":"L","timestamp":"2023-11-09 14:57:43"},{"nodeID":"1382896","text":"Analysing","type":"YA","timestamp":"2023-11-09 14:57:43"},{"nodeID":"1382897","text":"Amelie: AudienceMember 20230330QT28: I would like to know why those books are still accepted in school and taught in school","type":"L","timestamp":"2023-11-09 14:57:43"},{"nodeID":"1382898","text":"Assertive Questioning","type":"YA","timestamp":"2023-11-09 14:57:43"},{"nodeID":"1382899","text":"Default Rephrase","type":"MA","timestamp":"2023-11-09 14:57:43"},{"nodeID":"1382900","text":"Default Transition","type":"TA","timestamp":"2023-11-09 14:57:43"},{"nodeID":"1382901","text":"Restating","type":"YA","timestamp":"2023-11-09 14:57:43"},{"nodeID":"1382902","text":"Fiona Bruce: What, because\u2026","type":"L","timestamp":"2023-11-09 14:57:43"},{"nodeID":"1382903","text":"Analysing","type":"YA","timestamp":"2023-11-09 14:57:43"},{"nodeID":"1382904","text":"Amelie: Fiona Bruce: What, because\u2026","type":"L","timestamp":"2023-11-09 14:57:43"},{"nodeID":"1382905","text":"the language Steinbeck's books have in them, in Mice and Men, is inappropriate","type":"I","timestamp":"2023-11-09 14:57:44"},{"nodeID":"1382906","text":"AudienceMember 20230330QT29: The language they have in them, in Mice and Men","type":"L","timestamp":"2023-11-09 14:57:44"},{"nodeID":"1382907","text":"Analysing","type":"YA","timestamp":"2023-11-09 14:57:44"},{"nodeID":"1382908","text":"Amelie: AudienceMember 20230330QT29: The language they have in them, in Mice and Men","type":"L","timestamp":"2023-11-09 14:57:44"},{"nodeID":"1382909","text":"Asserting","type":"YA","timestamp":"2023-11-09 14:57:44"},{"nodeID":"1382910","text":"Default Transition","type":"TA","timestamp":"2023-11-09 14:57:44"},{"nodeID":"1382911","text":"in terms of unacceptable terms for black people, that\u2019s what AudienceMember 20230330QT29 is referring to in connection with Steinbeck's books","type":"I","timestamp":"2023-11-09 14:57:44"},{"nodeID":"1382912","text":"Fiona Bruce: In terms of unacceptable terms for black people, that\u2019s what you\u2019re referring to, isn\u2019t it","type":"L","timestamp":"2023-11-09 14:57:44"},{"nodeID":"1382913","text":"Analysing","type":"YA","timestamp":"2023-11-09 14:57:44"},{"nodeID":"1382914","text":"Amelie: Fiona Bruce: In terms of unacceptable terms for black people, that\u2019s what you\u2019re referring to, isn\u2019t it","type":"L","timestamp":"2023-11-09 14:57:44"},{"nodeID":"1382915","text":"Assertive Questioning","type":"YA","timestamp":"2023-11-09 14:57:44"},{"nodeID":"1382916","text":"Default Transition","type":"TA","timestamp":"2023-11-09 14:57:44"},{"nodeID":"1382917","text":"Default Inference","type":"RA","timestamp":"2023-11-09 14:57:44"},{"nodeID":"1382918","text":"Arguing","type":"YA","timestamp":"2023-11-09 14:57:44"},{"nodeID":"1382919","text":"Default Transition","type":"TA","timestamp":"2023-11-09 14:57:44"},{"nodeID":"1382920","text":"Default Rephrase","type":"MA","timestamp":"2023-11-09 14:57:44"},{"nodeID":"1382921","text":"Restating","type":"YA","timestamp":"2023-11-09 14:57:44"},{"nodeID":"1382922","text":"AudienceMember 20230330QT30: Yeah, absolutely","type":"L","timestamp":"2023-11-09 14:57:44"},{"nodeID":"1382923","text":"Analysing","type":"YA","timestamp":"2023-11-09 14:57:44"},{"nodeID":"1382924","text":"Amelie: AudienceMember 20230330QT30: Yeah, absolutely","type":"L","timestamp":"2023-11-09 14:57:44"},{"nodeID":"1382925","text":"Default Transition","type":"TA","timestamp":"2023-11-09 14:57:44"},{"nodeID":"1382926","text":"AudienceMember 20230330QT30 thinks the time has come now for Steinbeck's books not to be taught","type":"I","timestamp":"2023-11-09 14:57:45"},{"nodeID":"1382927","text":"AudienceMember 20230330QT30: I think the time has come now for those books not to be taught","type":"L","timestamp":"2023-11-09 14:57:45"},{"nodeID":"1382928","text":"Analysing","type":"YA","timestamp":"2023-11-09 14:57:45"},{"nodeID":"1382929","text":"Amelie: AudienceMember 20230330QT30: I think the time has come now for those books not to be taught","type":"L","timestamp":"2023-11-09 14:57:45"},{"nodeID":"1382930","text":"Asserting","type":"YA","timestamp":"2023-11-09 14:57:45"},{"nodeID":"1382931","text":"Default Rephrase","type":"MA","timestamp":"2023-11-09 14:57:45"},{"nodeID":"1382932","text":"Default Transition","type":"TA","timestamp":"2023-11-09 14:57:45"},{"nodeID":"1382933","text":"Restating","type":"YA","timestamp":"2023-11-09 14:57:45"},{"nodeID":"1382934","text":"Liz Saville-Roberts thinks the fact that we\u2019re having a discussion about social changes is something that we should do with the texts that came from those times","type":"I","timestamp":"2023-11-09 14:57:46"},{"nodeID":"1382935","text":"Liz Saville Roberts: I think the fact that we\u2019re having a discussion about social changes is something that actually that we should do with the texts that came from those times","type":"L","timestamp":"2023-11-09 14:57:46"},{"nodeID":"1382936","text":"Analysing","type":"YA","timestamp":"2023-11-09 14:57:46"},{"nodeID":"1382937","text":"Amelie: Liz Saville Roberts: I think the fact that we\u2019re having a discussion about social changes is something that actually that we should do with the texts that came from those times","type":"L","timestamp":"2023-11-09 14:57:46"},{"nodeID":"1382938","text":"Asserting","type":"YA","timestamp":"2023-11-09 14:57:46"},{"nodeID":"1382939","text":"Default Transition","type":"TA","timestamp":"2023-11-09 14:57:46"},{"nodeID":"1382940","text":"authors, Anthony Horowitz for example, Philip Pullman, or Anthony Horowitz particularly, Salman Rushdie, are saying this is an outrage, it shouldn't be happening","type":"I","timestamp":"2023-11-09 14:57:46"},{"nodeID":"1382941","text":"Fiona Bruce: So, when you hear authors saying\u2026so for example you\u2019ve got, I don't know, Anthony Horowitz for example, Philip Pullman, or Anthony Horowitz particularly, Salman Rushdie saying, you know, this is an outrage, it shouldn't be happening","type":"L","timestamp":"2023-11-09 14:57:46"},{"nodeID":"1382942","text":"Analysing","type":"YA","timestamp":"2023-11-09 14:57:46"},{"nodeID":"1382943","text":"Amelie: Fiona Bruce: So, when you hear authors saying\u2026so for example you\u2019ve got, I don't know, Anthony Horowitz for example, Philip Pullman, or Anthony Horowitz particularly, Salman Rushdie saying, you know, this is an outrage, it shouldn't be happening","type":"L","timestamp":"2023-11-09 14:57:46"},{"nodeID":"1382944","text":"Asserting","type":"YA","timestamp":"2023-11-09 14:57:46"},{"nodeID":"1382945","text":"Default Transition","type":"TA","timestamp":"2023-11-09 14:57:46"},{"nodeID":"1382946","text":"Default Transition","type":"TA","timestamp":"2023-11-09 14:57:46"},{"nodeID":"1382947","text":"Default Transition","type":"TA","timestamp":"2023-11-09 14:57:46"},{"nodeID":"1382948","text":"Challenging","type":"YA","timestamp":"2023-11-09 14:57:46"},{"nodeID":"1382949","text":"Agreeing","type":"YA","timestamp":"2023-11-09 14:57:46"}],"edges":[{"edgeID":"1807340","fromID":"1382881","toID":"1382880","formEdgeID":null},{"edgeID":"1807341","fromID":"1382882","toID":"1382881","formEdgeID":null},{"edgeID":"1807342","fromID":"1382880","toID":"1382883","formEdgeID":null},{"edgeID":"1807343","fromID":"1382883","toID":"1382879","formEdgeID":null},{"edgeID":"1807344","fromID":"1382886","toID":"1382885","formEdgeID":null},{"edgeID":"1807345","fromID":"1382887","toID":"1382886","formEdgeID":null},{"edgeID":"1807346","fromID":"1382885","toID":"1382888","formEdgeID":null},{"edgeID":"1807347","fromID":"1382888","toID":"1382884","formEdgeID":null},{"edgeID":"1807348","fromID":"1382891","toID":"1382890","formEdgeID":null},{"edgeID":"1807349","fromID":"1382892","toID":"1382891","formEdgeID":null},{"edgeID":"1807350","fromID":"1382890","toID":"1382893","formEdgeID":null},{"edgeID":"1807351","fromID":"1382893","toID":"1382889","formEdgeID":null},{"edgeID":"1807352","fromID":"1382896","toID":"1382895","formEdgeID":null},{"edgeID":"1807353","fromID":"1382897","toID":"1382896","formEdgeID":null},{"edgeID":"1807354","fromID":"1382895","toID":"1382898","formEdgeID":null},{"edgeID":"1807355","fromID":"1382898","toID":"1382894","formEdgeID":null},{"edgeID":"1807356","fromID":"1382894","toID":"1382899","formEdgeID":null},{"edgeID":"1807357","fromID":"1382899","toID":"1382879","formEdgeID":null},{"edgeID":"1807358","fromID":"1382880","toID":"1382900","formEdgeID":null},{"edgeID":"1807359","fromID":"1382900","toID":"1382895","formEdgeID":null},{"edgeID":"1807360","fromID":"1382900","toID":"1382901","formEdgeID":null},{"edgeID":"1807361","fromID":"1382901","toID":"1382899","formEdgeID":null},{"edgeID":"1807362","fromID":"1382903","toID":"1382902","formEdgeID":null},{"edgeID":"1807363","fromID":"1382904","toID":"1382903","formEdgeID":null},{"edgeID":"1807364","fromID":"1382907","toID":"1382906","formEdgeID":null},{"edgeID":"1807365","fromID":"1382908","toID":"1382907","formEdgeID":null},{"edgeID":"1807366","fromID":"1382906","toID":"1382909","formEdgeID":null},{"edgeID":"1807367","fromID":"1382909","toID":"1382905","formEdgeID":null},{"edgeID":"1807368","fromID":"1382902","toID":"1382910","formEdgeID":null},{"edgeID":"1807369","fromID":"1382910","toID":"1382906","formEdgeID":null},{"edgeID":"1807370","fromID":"1382913","toID":"1382912","formEdgeID":null},{"edgeID":"1807371","fromID":"1382914","toID":"1382913","formEdgeID":null},{"edgeID":"1807372","fromID":"1382912","toID":"1382915","formEdgeID":null},{"edgeID":"1807373","fromID":"1382915","toID":"1382911","formEdgeID":null},{"edgeID":"1807374","fromID":"1382895","toID":"1382916","formEdgeID":null},{"edgeID":"1807375","fromID":"1382916","toID":"1382902","formEdgeID":null},{"edgeID":"1807376","fromID":"1382905","toID":"1382917","formEdgeID":null},{"edgeID":"1807377","fromID":"1382917","toID":"1382894","formEdgeID":null},{"edgeID":"1807378","fromID":"1382910","toID":"1382918","formEdgeID":null},{"edgeID":"1807379","fromID":"1382918","toID":"1382917","formEdgeID":null},{"edgeID":"1807380","fromID":"1382906","toID":"1382919","formEdgeID":null},{"edgeID":"1807381","fromID":"1382919","toID":"1382912","formEdgeID":null},{"edgeID":"1807382","fromID":"1382911","toID":"1382920","formEdgeID":null},{"edgeID":"1807383","fromID":"1382920","toID":"1382905","formEdgeID":null},{"edgeID":"1807384","fromID":"1382919","toID":"1382921","formEdgeID":null},{"edgeID":"1807385","fromID":"1382921","toID":"1382920","formEdgeID":null},{"edgeID":"1807386","fromID":"1382923","toID":"1382922","formEdgeID":null},{"edgeID":"1807387","fromID":"1382924","toID":"1382923","formEdgeID":null},{"edgeID":"1807388","fromID":"1382912","toID":"1382925","formEdgeID":null},{"edgeID":"1807389","fromID":"1382925","toID":"1382922","formEdgeID":null},{"edgeID":"1807390","fromID":"1382928","toID":"1382927","formEdgeID":null},{"edgeID":"1807391","fromID":"1382929","toID":"1382928","formEdgeID":null},{"edgeID":"1807392","fromID":"1382927","toID":"1382930","formEdgeID":null},{"edgeID":"1807393","fromID":"1382930","toID":"1382926","formEdgeID":null},{"edgeID":"1807394","fromID":"1382926","toID":"1382931","formEdgeID":null},{"edgeID":"1807395","fromID":"1382931","toID":"1382894","formEdgeID":null},{"edgeID":"1807396","fromID":"1382895","toID":"1382932","formEdgeID":null},{"edgeID":"1807397","fromID":"1382932","toID":"1382927","formEdgeID":null},{"edgeID":"1807398","fromID":"1382932","toID":"1382933","formEdgeID":null},{"edgeID":"1807399","fromID":"1382933","toID":"1382931","formEdgeID":null},{"edgeID":"1807400","fromID":"1382936","toID":"1382935","formEdgeID":null},{"edgeID":"1807401","fromID":"1382937","toID":"1382936","formEdgeID":null},{"edgeID":"1807402","fromID":"1382935","toID":"1382938","formEdgeID":null},{"edgeID":"1807403","fromID":"1382938","toID":"1382934","formEdgeID":null},{"edgeID":"1807404","fromID":"1382927","toID":"1382939","formEdgeID":null},{"edgeID":"1807405","fromID":"1382939","toID":"1382935","formEdgeID":null},{"edgeID":"1807406","fromID":"1382942","toID":"1382941","formEdgeID":null},{"edgeID":"1807407","fromID":"1382943","toID":"1382942","formEdgeID":null},{"edgeID":"1807408","fromID":"1382941","toID":"1382944","formEdgeID":null},{"edgeID":"1807409","fromID":"1382944","toID":"1382940","formEdgeID":null},{"edgeID":"1807410","fromID":"1382935","toID":"1382945","formEdgeID":null},{"edgeID":"1807411","fromID":"1382945","toID":"1382941","formEdgeID":null},{"edgeID":"1807412","fromID":"1382880","toID":"1382946","formEdgeID":null},{"edgeID":"1807413","fromID":"1382946","toID":"1382885","formEdgeID":null},{"edgeID":"1807414","fromID":"1382885","toID":"1382947","formEdgeID":null},{"edgeID":"1807415","fromID":"1382947","toID":"1382890","formEdgeID":null},{"edgeID":"1807416","fromID":"1382916","toID":"1382948","formEdgeID":null},{"edgeID":"1807417","fromID":"1382948","toID":"1382894","formEdgeID":null},{"edgeID":"1807418","fromID":"1382925","toID":"1382949","formEdgeID":null},{"edgeID":"1807419","fromID":"1382949","toID":"1382911","formEdgeID":null}],"locutions":[]}