{"nodes":[{"nodeID":"1384182","text":"AudienceMember 20230330QT42 would like to know that the money that is allegedly going to be saved is going to go to xxx","type":"I","timestamp":"2023-11-09 14:59:31"},{"nodeID":"1384183","text":"AudienceMember 20230330QT42: I\u2019d like to know where the money that is allegedly going to be saved is going to go","type":"L","timestamp":"2023-11-09 14:59:31"},{"nodeID":"1384184","text":"Analysing","type":"YA","timestamp":"2023-11-09 14:59:31"},{"nodeID":"1384185","text":"Louise: AudienceMember 20230330QT42: I\u2019d like to know where the money that is allegedly going to be saved is going to go","type":"L","timestamp":"2023-11-09 14:59:31"},{"nodeID":"1384186","text":"Pure Questioning","type":"YA","timestamp":"2023-11-09 14:59:31"},{"nodeID":"1384187","text":"the 90 million that\u2019s allegedly also going to be spent on an additional large assembly","type":"I","timestamp":"2023-11-09 14:59:31"},{"nodeID":"1384188","text":"AudienceMember 20230330QT42: Is it going to go\u2026the 90 million that\u2019s allegedly also going to be spent on an additional large assembly","type":"L","timestamp":"2023-11-09 14:59:31"},{"nodeID":"1384189","text":"Analysing","type":"YA","timestamp":"2023-11-09 14:59:31"},{"nodeID":"1384190","text":"Louise: AudienceMember 20230330QT42: Is it going to go\u2026the 90 million that\u2019s allegedly also going to be spent on an additional large assembly","type":"L","timestamp":"2023-11-09 14:59:31"},{"nodeID":"1384191","text":"Assertive Questioning","type":"YA","timestamp":"2023-11-09 14:59:31"},{"nodeID":"1384192","text":"Default Transition","type":"TA","timestamp":"2023-11-09 14:59:31"},{"nodeID":"1384193","text":"Default Rephrase","type":"MA","timestamp":"2023-11-09 14:59:31"},{"nodeID":"1384194","text":"Restating","type":"YA","timestamp":"2023-11-09 14:59:31"},{"nodeID":"1384195","text":"Liz Saville-Roberts maybe might know about where the money that is allegedly going to be saved is going to","type":"I","timestamp":"2023-11-09 14:59:32"},{"nodeID":"1384196","text":"Fiona Bruce: Liz maybe might know about that","type":"L","timestamp":"2023-11-09 14:59:32"},{"nodeID":"1384197","text":"Analysing","type":"YA","timestamp":"2023-11-09 14:59:32"},{"nodeID":"1384198","text":"Louise: Fiona Bruce: Liz maybe might know about that","type":"L","timestamp":"2023-11-09 14:59:32"},{"nodeID":"1384199","text":"Asserting","type":"YA","timestamp":"2023-11-09 14:59:32"},{"nodeID":"1384200","text":"Default Transition","type":"TA","timestamp":"2023-11-09 14:59:32"},{"nodeID":"1384201","text":"the decision is actually not altruistic for the environment","type":"I","timestamp":"2023-11-09 14:59:32"},{"nodeID":"1384202","text":"AudienceMember 20230330QT43: I wonder how much of the decision is actually altruistic for the environment","type":"L","timestamp":"2023-11-09 14:59:32"},{"nodeID":"1384203","text":"Analysing","type":"YA","timestamp":"2023-11-09 14:59:32"},{"nodeID":"1384204","text":"Louise: AudienceMember 20230330QT43: I wonder how much of the decision is actually altruistic for the environment","type":"L","timestamp":"2023-11-09 14:59:32"},{"nodeID":"1384205","text":"Assertive Questioning","type":"YA","timestamp":"2023-11-09 14:59:32"},{"nodeID":"1384206","text":"Default Transition","type":"TA","timestamp":"2023-11-09 14:59:32"},{"nodeID":"1384207","text":"the decision was made due to losing all the EU benefits that have gone to fund the majority of the roads that have already been built in Wales","type":"I","timestamp":"2023-11-09 14:59:33"},{"nodeID":"1384208","text":"AudienceMember 20230330QT43: more a case of losing all the EU benefits that have gone to fund the majority of the roads that have already been built in Wales","type":"L","timestamp":"2023-11-09 14:59:33"},{"nodeID":"1384209","text":"Analysing","type":"YA","timestamp":"2023-11-09 14:59:33"},{"nodeID":"1384210","text":"Louise: AudienceMember 20230330QT43: more a case of losing all the EU benefits that have gone to fund the majority of the roads that have already been built in Wales","type":"L","timestamp":"2023-11-09 14:59:33"},{"nodeID":"1384211","text":"Asserting","type":"YA","timestamp":"2023-11-09 14:59:33"},{"nodeID":"1384212","text":"Default Transition","type":"TA","timestamp":"2023-11-09 14:59:33"},{"nodeID":"1384213","text":"AudienceMember 20230330QT43 is talking about the lack of money","type":"I","timestamp":"2023-11-09 14:59:34"},{"nodeID":"1384214","text":"Fiona Bruce:  the lack of money, you\u2019re saying","type":"L","timestamp":"2023-11-09 14:59:34"},{"nodeID":"1384215","text":"Analysing","type":"YA","timestamp":"2023-11-09 14:59:34"},{"nodeID":"1384216","text":"Louise: Fiona Bruce:  the lack of money, you\u2019re saying","type":"L","timestamp":"2023-11-09 14:59:34"},{"nodeID":"1384217","text":"Asserting","type":"YA","timestamp":"2023-11-09 14:59:34"},{"nodeID":"1384218","text":"Default Rephrase","type":"MA","timestamp":"2023-11-09 14:59:34"},{"nodeID":"1384219","text":"Default Transition","type":"TA","timestamp":"2023-11-09 14:59:34"},{"nodeID":"1384220","text":"Restating","type":"YA","timestamp":"2023-11-09 14:59:34"},{"nodeID":"1384221","text":"it\u2019s easy for the Conservatives to point out that Labour could not do something and damage the Welsh economy","type":"I","timestamp":"2023-11-09 14:59:34"},{"nodeID":"1384222","text":"AudienceMember 20230330QT44: it\u2019s easy for the Conservatives to point out that Labour could not do something and damage the Welsh economy","type":"L","timestamp":"2023-11-09 14:59:34"},{"nodeID":"1384223","text":"Analysing","type":"YA","timestamp":"2023-11-09 14:59:34"},{"nodeID":"1384224","text":"Louise: AudienceMember 20230330QT44: it\u2019s easy for the Conservatives to point out that Labour could not do something and damage the Welsh economy","type":"L","timestamp":"2023-11-09 14:59:34"},{"nodeID":"1384225","text":"Asserting","type":"YA","timestamp":"2023-11-09 14:59:34"},{"nodeID":"1384226","text":"Default Transition","type":"TA","timestamp":"2023-11-09 14:59:34"},{"nodeID":"1384227","text":"the Conservatives are damaging the entire UK economy","type":"I","timestamp":"2023-11-09 14:59:35"},{"nodeID":"1384228","text":"AudienceMember 20230330QT44: what about what the Conservatives are doing and how they\u2019re damaging the entire UK economy with that","type":"L","timestamp":"2023-11-09 14:59:35"},{"nodeID":"1384229","text":"Analysing","type":"YA","timestamp":"2023-11-09 14:59:35"},{"nodeID":"1384230","text":"Louise: AudienceMember 20230330QT44: what about what the Conservatives are doing and how they\u2019re damaging the entire UK economy with that","type":"L","timestamp":"2023-11-09 14:59:35"},{"nodeID":"1384231","text":"Assertive Questioning","type":"YA","timestamp":"2023-11-09 14:59:35"},{"nodeID":"1384232","text":"Default Transition","type":"TA","timestamp":"2023-11-09 14:59:35"},{"nodeID":"1384233","text":"Default Inference","type":"RA","timestamp":"2023-11-09 14:59:35"},{"nodeID":"1384234","text":"Arguing","type":"YA","timestamp":"2023-11-09 14:59:35"}],"edges":[{"edgeID":"1808858","fromID":"1384184","toID":"1384183","formEdgeID":null},{"edgeID":"1808859","fromID":"1384185","toID":"1384184","formEdgeID":null},{"edgeID":"1808860","fromID":"1384183","toID":"1384186","formEdgeID":null},{"edgeID":"1808861","fromID":"1384186","toID":"1384182","formEdgeID":null},{"edgeID":"1808862","fromID":"1384189","toID":"1384188","formEdgeID":null},{"edgeID":"1808863","fromID":"1384190","toID":"1384189","formEdgeID":null},{"edgeID":"1808864","fromID":"1384188","toID":"1384191","formEdgeID":null},{"edgeID":"1808865","fromID":"1384191","toID":"1384187","formEdgeID":null},{"edgeID":"1808866","fromID":"1384183","toID":"1384192","formEdgeID":null},{"edgeID":"1808867","fromID":"1384192","toID":"1384188","formEdgeID":null},{"edgeID":"1808868","fromID":"1384187","toID":"1384193","formEdgeID":null},{"edgeID":"1808869","fromID":"1384193","toID":"1384182","formEdgeID":null},{"edgeID":"1808870","fromID":"1384192","toID":"1384194","formEdgeID":null},{"edgeID":"1808871","fromID":"1384194","toID":"1384193","formEdgeID":null},{"edgeID":"1808872","fromID":"1384197","toID":"1384196","formEdgeID":null},{"edgeID":"1808873","fromID":"1384198","toID":"1384197","formEdgeID":null},{"edgeID":"1808874","fromID":"1384196","toID":"1384199","formEdgeID":null},{"edgeID":"1808875","fromID":"1384199","toID":"1384195","formEdgeID":null},{"edgeID":"1808876","fromID":"1384188","toID":"1384200","formEdgeID":null},{"edgeID":"1808877","fromID":"1384200","toID":"1384196","formEdgeID":null},{"edgeID":"1808878","fromID":"1384203","toID":"1384202","formEdgeID":null},{"edgeID":"1808879","fromID":"1384204","toID":"1384203","formEdgeID":null},{"edgeID":"1808880","fromID":"1384202","toID":"1384205","formEdgeID":null},{"edgeID":"1808881","fromID":"1384205","toID":"1384201","formEdgeID":null},{"edgeID":"1808882","fromID":"1384196","toID":"1384206","formEdgeID":null},{"edgeID":"1808883","fromID":"1384206","toID":"1384202","formEdgeID":null},{"edgeID":"1808884","fromID":"1384209","toID":"1384208","formEdgeID":null},{"edgeID":"1808885","fromID":"1384210","toID":"1384209","formEdgeID":null},{"edgeID":"1808886","fromID":"1384208","toID":"1384211","formEdgeID":null},{"edgeID":"1808887","fromID":"1384211","toID":"1384207","formEdgeID":null},{"edgeID":"1808888","fromID":"1384202","toID":"1384212","formEdgeID":null},{"edgeID":"1808889","fromID":"1384212","toID":"1384208","formEdgeID":null},{"edgeID":"1808890","fromID":"1384215","toID":"1384214","formEdgeID":null},{"edgeID":"1808891","fromID":"1384216","toID":"1384215","formEdgeID":null},{"edgeID":"1808892","fromID":"1384214","toID":"1384217","formEdgeID":null},{"edgeID":"1808893","fromID":"1384217","toID":"1384213","formEdgeID":null},{"edgeID":"1808894","fromID":"1384213","toID":"1384218","formEdgeID":null},{"edgeID":"1808895","fromID":"1384218","toID":"1384207","formEdgeID":null},{"edgeID":"1808896","fromID":"1384208","toID":"1384219","formEdgeID":null},{"edgeID":"1808897","fromID":"1384219","toID":"1384214","formEdgeID":null},{"edgeID":"1808898","fromID":"1384219","toID":"1384220","formEdgeID":null},{"edgeID":"1808899","fromID":"1384220","toID":"1384218","formEdgeID":null},{"edgeID":"1808900","fromID":"1384223","toID":"1384222","formEdgeID":null},{"edgeID":"1808901","fromID":"1384224","toID":"1384223","formEdgeID":null},{"edgeID":"1808902","fromID":"1384222","toID":"1384225","formEdgeID":null},{"edgeID":"1808903","fromID":"1384225","toID":"1384221","formEdgeID":null},{"edgeID":"1808904","fromID":"1384214","toID":"1384226","formEdgeID":null},{"edgeID":"1808905","fromID":"1384226","toID":"1384222","formEdgeID":null},{"edgeID":"1808906","fromID":"1384229","toID":"1384228","formEdgeID":null},{"edgeID":"1808907","fromID":"1384230","toID":"1384229","formEdgeID":null},{"edgeID":"1808908","fromID":"1384228","toID":"1384231","formEdgeID":null},{"edgeID":"1808909","fromID":"1384231","toID":"1384227","formEdgeID":null},{"edgeID":"1808910","fromID":"1384222","toID":"1384232","formEdgeID":null},{"edgeID":"1808911","fromID":"1384232","toID":"1384228","formEdgeID":null},{"edgeID":"1808912","fromID":"1384227","toID":"1384233","formEdgeID":null},{"edgeID":"1808913","fromID":"1384233","toID":"1384221","formEdgeID":null},{"edgeID":"1808914","fromID":"1384232","toID":"1384234","formEdgeID":null},{"edgeID":"1808915","fromID":"1384234","toID":"1384233","formEdgeID":null}],"locutions":[]}