{"nodes":[{"nodeID":"1382461","text":"we need to be able to look at something and assess why it was written","type":"I","timestamp":"2023-11-09 14:57:04"},{"nodeID":"1382462","text":"Anita Boateng: we need to be able to look at something and assess why it was written","type":"L","timestamp":"2023-11-09 14:57:04"},{"nodeID":"1382463","text":"Analysing","type":"YA","timestamp":"2023-11-09 14:57:04"},{"nodeID":"1382464","text":"Louise: Anita Boateng: we need to be able to look at something and assess why it was written","type":"L","timestamp":"2023-11-09 14:57:04"},{"nodeID":"1382465","text":"Asserting","type":"YA","timestamp":"2023-11-09 14:57:04"},{"nodeID":"1382466","text":"we need to be able to look at something and assess what its purpose is","type":"I","timestamp":"2023-11-09 14:57:05"},{"nodeID":"1382467","text":"Anita Boateng: what its purpose is","type":"L","timestamp":"2023-11-09 14:57:05"},{"nodeID":"1382468","text":"Analysing","type":"YA","timestamp":"2023-11-09 14:57:05"},{"nodeID":"1382469","text":"Louise: Anita Boateng: what its purpose is","type":"L","timestamp":"2023-11-09 14:57:05"},{"nodeID":"1382470","text":"Asserting","type":"YA","timestamp":"2023-11-09 14:57:05"},{"nodeID":"1382471","text":"we need to be able to look at something and assess what context we need to be aware of","type":"I","timestamp":"2023-11-09 14:57:05"},{"nodeID":"1382472","text":"Anita Boateng: what context we need to be aware of","type":"L","timestamp":"2023-11-09 14:57:05"},{"nodeID":"1382473","text":"Analysing","type":"YA","timestamp":"2023-11-09 14:57:05"},{"nodeID":"1382474","text":"Louise: Anita Boateng: what context we need to be aware of","type":"L","timestamp":"2023-11-09 14:57:05"},{"nodeID":"1382475","text":"Asserting","type":"YA","timestamp":"2023-11-09 14:57:05"},{"nodeID":"1382476","text":"Default Transition","type":"TA","timestamp":"2023-11-09 14:57:05"},{"nodeID":"1382477","text":"Default Transition","type":"TA","timestamp":"2023-11-09 14:57:05"},{"nodeID":"1382478","text":"Default Rephrase","type":"MA","timestamp":"2023-11-09 14:57:05"},{"nodeID":"1382479","text":"Default Rephrase","type":"MA","timestamp":"2023-11-09 14:57:05"},{"nodeID":"1382480","text":"Restating","type":"YA","timestamp":"2023-11-09 14:57:05"},{"nodeID":"1382481","text":"Restating","type":"YA","timestamp":"2023-11-09 14:57:05"},{"nodeID":"1382482","text":"assessing why they were written, their purpose, and their context is what we can do with these books","type":"I","timestamp":"2023-11-09 14:57:06"},{"nodeID":"1382483","text":"Anita Boateng: that\u2019s what we can do with these books","type":"L","timestamp":"2023-11-09 14:57:06"},{"nodeID":"1382484","text":"Analysing","type":"YA","timestamp":"2023-11-09 14:57:06"},{"nodeID":"1382485","text":"Louise: Anita Boateng: that\u2019s what we can do with these books","type":"L","timestamp":"2023-11-09 14:57:06"},{"nodeID":"1382486","text":"Asserting","type":"YA","timestamp":"2023-11-09 14:57:06"},{"nodeID":"1382487","text":"Default Transition","type":"TA","timestamp":"2023-11-09 14:57:06"},{"nodeID":"1382488","text":"Default Rephrase","type":"MA","timestamp":"2023-11-09 14:57:06"},{"nodeID":"1382489","text":"Restating","type":"YA","timestamp":"2023-11-09 14:57:06"},{"nodeID":"1382490","text":"we can look at books and say, why is it that someone is described as ugly and that\u2019s considered to be a bad thing in a book","type":"I","timestamp":"2023-11-09 14:57:07"},{"nodeID":"1382491","text":"Anita Boateng: We can look at them and say, why is it that someone is described as ugly and that\u2019s considered to be a bad thing in a book","type":"L","timestamp":"2023-11-09 14:57:07"},{"nodeID":"1382492","text":"Analysing","type":"YA","timestamp":"2023-11-09 14:57:07"},{"nodeID":"1382493","text":"Louise: Anita Boateng: We can look at them and say, why is it that someone is described as ugly and that\u2019s considered to be a bad thing in a book","type":"L","timestamp":"2023-11-09 14:57:07"},{"nodeID":"1382494","text":"Asserting","type":"YA","timestamp":"2023-11-09 14:57:07"},{"nodeID":"1382495","text":"Default Transition","type":"TA","timestamp":"2023-11-09 14:57:07"},{"nodeID":"1382496","text":"Default Inference","type":"RA","timestamp":"2023-11-09 14:57:07"},{"nodeID":"1382497","text":"Arguing","type":"YA","timestamp":"2023-11-09 14:57:07"},{"nodeID":"1382498","text":"someone being described as ugly in a book is or is not the right thing","type":"I","timestamp":"2023-11-09 14:57:07"},{"nodeID":"1382499","text":"Anita Boateng: is that the right thing","type":"L","timestamp":"2023-11-09 14:57:07"},{"nodeID":"1382500","text":"Analysing","type":"YA","timestamp":"2023-11-09 14:57:07"},{"nodeID":"1382501","text":"Louise: Anita Boateng: is that the right thing","type":"L","timestamp":"2023-11-09 14:57:07"},{"nodeID":"1382502","text":"Pure Questioning","type":"YA","timestamp":"2023-11-09 14:57:07"},{"nodeID":"1382503","text":"Default Transition","type":"TA","timestamp":"2023-11-09 14:57:07"},{"nodeID":"1382504","text":"Default Rephrase","type":"MA","timestamp":"2023-11-09 14:57:07"},{"nodeID":"1382505","text":"Restating","type":"YA","timestamp":"2023-11-09 14:57:07"},{"nodeID":"1382506","text":"assessing books is a really good prompt for a conversation","type":"I","timestamp":"2023-11-09 14:57:08"},{"nodeID":"1382507","text":"Anita Boateng: it\u2019s a really good prompt for a conversation","type":"L","timestamp":"2023-11-09 14:57:08"},{"nodeID":"1382508","text":"Analysing","type":"YA","timestamp":"2023-11-09 14:57:08"},{"nodeID":"1382509","text":"Louise: Anita Boateng: it\u2019s a really good prompt for a conversation","type":"L","timestamp":"2023-11-09 14:57:08"},{"nodeID":"1382510","text":"Asserting","type":"YA","timestamp":"2023-11-09 14:57:08"},{"nodeID":"1382511","text":"Default Inference","type":"RA","timestamp":"2023-11-09 14:57:08"},{"nodeID":"1382512","text":"Default Transition","type":"TA","timestamp":"2023-11-09 14:57:08"},{"nodeID":"1382513","text":"Arguing","type":"YA","timestamp":"2023-11-09 14:57:08"},{"nodeID":"1382514","text":"rewriting of books is ridiculous","type":"I","timestamp":"2023-11-09 14:57:09"},{"nodeID":"1382515","text":"Anita Boateng:  this is ridiculous","type":"L","timestamp":"2023-11-09 14:57:09"},{"nodeID":"1382516","text":"Analysing","type":"YA","timestamp":"2023-11-09 14:57:09"},{"nodeID":"1382517","text":"Louise: Anita Boateng:  this is ridiculous","type":"L","timestamp":"2023-11-09 14:57:09"},{"nodeID":"1382518","text":"Asserting","type":"YA","timestamp":"2023-11-09 14:57:09"},{"nodeID":"1382519","text":"Default Transition","type":"TA","timestamp":"2023-11-09 14:57:09"},{"nodeID":"1382520","text":"rewriting of books is actually quite outrageous","type":"I","timestamp":"2023-11-09 14:57:09"},{"nodeID":"1382521","text":"Anita Boateng: it\u2019s actually quite outrageous","type":"L","timestamp":"2023-11-09 14:57:09"},{"nodeID":"1382522","text":"Analysing","type":"YA","timestamp":"2023-11-09 14:57:09"},{"nodeID":"1382523","text":"Louise: Anita Boateng: it\u2019s actually quite outrageous","type":"L","timestamp":"2023-11-09 14:57:09"},{"nodeID":"1382524","text":"Asserting","type":"YA","timestamp":"2023-11-09 14:57:09"},{"nodeID":"1382525","text":"Default Transition","type":"TA","timestamp":"2023-11-09 14:57:09"},{"nodeID":"1382526","text":"Default Rephrase","type":"MA","timestamp":"2023-11-09 14:57:09"},{"nodeID":"1382527","text":"Restating","type":"YA","timestamp":"2023-11-09 14:57:09"},{"nodeID":"1382528","text":"it genuinely harms a society if we cannot look at things that we disagree with","type":"I","timestamp":"2023-11-09 14:57:10"},{"nodeID":"1382529","text":"Anita Boateng: it genuinely harms a society if we cannot look at things that we disagree with","type":"L","timestamp":"2023-11-09 14:57:10"},{"nodeID":"1382530","text":"Analysing","type":"YA","timestamp":"2023-11-09 14:57:10"},{"nodeID":"1382531","text":"Louise: Anita Boateng: it genuinely harms a society if we cannot look at things that we disagree with","type":"L","timestamp":"2023-11-09 14:57:10"},{"nodeID":"1382532","text":"Asserting","type":"YA","timestamp":"2023-11-09 14:57:10"},{"nodeID":"1382533","text":"Default Transition","type":"TA","timestamp":"2023-11-09 14:57:10"},{"nodeID":"1382534","text":"Default Inference","type":"RA","timestamp":"2023-11-09 14:57:10"},{"nodeID":"1382535","text":"Arguing","type":"YA","timestamp":"2023-11-09 14:57:10"},{"nodeID":"1382536","text":"we\u2019re not able to properly analyse and understand and have conversations, polite conversations, about where they\u2019re wrong and how things have changed","type":"I","timestamp":"2023-11-09 14:57:11"},{"nodeID":"1382537","text":"Anita Boateng: we\u2019re not able to properly analyse and understand and have conversations, polite conversations, about where they\u2019re wrong and how things have changed","type":"L","timestamp":"2023-11-09 14:57:11"},{"nodeID":"1382538","text":"Analysing","type":"YA","timestamp":"2023-11-09 14:57:11"},{"nodeID":"1382539","text":"Louise: Anita Boateng: we\u2019re not able to properly analyse and understand and have conversations, polite conversations, about where they\u2019re wrong and how things have changed","type":"L","timestamp":"2023-11-09 14:57:11"},{"nodeID":"1382540","text":"Asserting","type":"YA","timestamp":"2023-11-09 14:57:11"},{"nodeID":"1382541","text":"Default Transition","type":"TA","timestamp":"2023-11-09 14:57:11"},{"nodeID":"1382542","text":"Default Inference","type":"RA","timestamp":"2023-11-09 14:57:11"},{"nodeID":"1382543","text":"Arguing","type":"YA","timestamp":"2023-11-09 14:57:11"},{"nodeID":"1382544","text":"Default Inference","type":"RA","timestamp":"2023-11-09 14:57:11"},{"nodeID":"1382545","text":"Arguing","type":"YA","timestamp":"2023-11-09 14:57:11"},{"nodeID":"1382546","text":"the underlying point here is that these books are for children","type":"I","timestamp":"2023-11-09 14:57:11"},{"nodeID":"1382547","text":"AudienceMember 20230330QT36: the underlying point here is that these books are for children","type":"L","timestamp":"2023-11-09 14:57:11"},{"nodeID":"1382548","text":"Analysing","type":"YA","timestamp":"2023-11-09 14:57:11"},{"nodeID":"1382549","text":"Louise: AudienceMember 20230330QT36: the underlying point here is that these books are for children","type":"L","timestamp":"2023-11-09 14:57:11"},{"nodeID":"1382550","text":"Asserting","type":"YA","timestamp":"2023-11-09 14:57:11"},{"nodeID":"1382551","text":"Default Transition","type":"TA","timestamp":"2023-11-09 14:57:11"},{"nodeID":"1382552","text":"the original content of the books is no different to the kinds of songs that teenagers, and even younger than that, are being exposed to today","type":"I","timestamp":"2023-11-09 14:57:12"},{"nodeID":"1382553","text":"AudienceMember 20230330QT36: this is no different to the kinds of songs that teenagers, and even younger than that, are being exposed to today","type":"L","timestamp":"2023-11-09 14:57:12"},{"nodeID":"1382554","text":"Analysing","type":"YA","timestamp":"2023-11-09 14:57:12"},{"nodeID":"1382555","text":"Louise: AudienceMember 20230330QT36: this is no different to the kinds of songs that teenagers, and even younger than that, are being exposed to today","type":"L","timestamp":"2023-11-09 14:57:12"},{"nodeID":"1382556","text":"Asserting","type":"YA","timestamp":"2023-11-09 14:57:12"},{"nodeID":"1382557","text":"Default Transition","type":"TA","timestamp":"2023-11-09 14:57:12"}],"edges":[{"edgeID":"1806854","fromID":"1382463","toID":"1382462","formEdgeID":null},{"edgeID":"1806855","fromID":"1382464","toID":"1382463","formEdgeID":null},{"edgeID":"1806856","fromID":"1382462","toID":"1382465","formEdgeID":null},{"edgeID":"1806857","fromID":"1382465","toID":"1382461","formEdgeID":null},{"edgeID":"1806858","fromID":"1382468","toID":"1382467","formEdgeID":null},{"edgeID":"1806859","fromID":"1382469","toID":"1382468","formEdgeID":null},{"edgeID":"1806860","fromID":"1382467","toID":"1382470","formEdgeID":null},{"edgeID":"1806861","fromID":"1382470","toID":"1382466","formEdgeID":null},{"edgeID":"1806862","fromID":"1382473","toID":"1382472","formEdgeID":null},{"edgeID":"1806863","fromID":"1382474","toID":"1382473","formEdgeID":null},{"edgeID":"1806864","fromID":"1382472","toID":"1382475","formEdgeID":null},{"edgeID":"1806865","fromID":"1382475","toID":"1382471","formEdgeID":null},{"edgeID":"1806866","fromID":"1382462","toID":"1382476","formEdgeID":null},{"edgeID":"1806867","fromID":"1382476","toID":"1382467","formEdgeID":null},{"edgeID":"1806868","fromID":"1382467","toID":"1382477","formEdgeID":null},{"edgeID":"1806869","fromID":"1382477","toID":"1382472","formEdgeID":null},{"edgeID":"1806870","fromID":"1382466","toID":"1382478","formEdgeID":null},{"edgeID":"1806871","fromID":"1382478","toID":"1382461","formEdgeID":null},{"edgeID":"1806872","fromID":"1382471","toID":"1382479","formEdgeID":null},{"edgeID":"1806873","fromID":"1382479","toID":"1382466","formEdgeID":null},{"edgeID":"1806874","fromID":"1382476","toID":"1382480","formEdgeID":null},{"edgeID":"1806875","fromID":"1382480","toID":"1382478","formEdgeID":null},{"edgeID":"1806876","fromID":"1382477","toID":"1382481","formEdgeID":null},{"edgeID":"1806877","fromID":"1382481","toID":"1382479","formEdgeID":null},{"edgeID":"1806878","fromID":"1382484","toID":"1382483","formEdgeID":null},{"edgeID":"1806879","fromID":"1382485","toID":"1382484","formEdgeID":null},{"edgeID":"1806880","fromID":"1382483","toID":"1382486","formEdgeID":null},{"edgeID":"1806881","fromID":"1382486","toID":"1382482","formEdgeID":null},{"edgeID":"1806882","fromID":"1382472","toID":"1382487","formEdgeID":null},{"edgeID":"1806883","fromID":"1382487","toID":"1382483","formEdgeID":null},{"edgeID":"1806884","fromID":"1382482","toID":"1382488","formEdgeID":null},{"edgeID":"1806885","fromID":"1382488","toID":"1382471","formEdgeID":null},{"edgeID":"1806886","fromID":"1382487","toID":"1382489","formEdgeID":null},{"edgeID":"1806887","fromID":"1382489","toID":"1382488","formEdgeID":null},{"edgeID":"1806888","fromID":"1382492","toID":"1382491","formEdgeID":null},{"edgeID":"1806889","fromID":"1382493","toID":"1382492","formEdgeID":null},{"edgeID":"1806890","fromID":"1382491","toID":"1382494","formEdgeID":null},{"edgeID":"1806891","fromID":"1382494","toID":"1382490","formEdgeID":null},{"edgeID":"1806892","fromID":"1382483","toID":"1382495","formEdgeID":null},{"edgeID":"1806893","fromID":"1382495","toID":"1382491","formEdgeID":null},{"edgeID":"1806894","fromID":"1382482","toID":"1382496","formEdgeID":null},{"edgeID":"1806895","fromID":"1382496","toID":"1382490","formEdgeID":null},{"edgeID":"1806896","fromID":"1382495","toID":"1382497","formEdgeID":null},{"edgeID":"1806897","fromID":"1382497","toID":"1382496","formEdgeID":null},{"edgeID":"1806898","fromID":"1382500","toID":"1382499","formEdgeID":null},{"edgeID":"1806899","fromID":"1382501","toID":"1382500","formEdgeID":null},{"edgeID":"1806900","fromID":"1382499","toID":"1382502","formEdgeID":null},{"edgeID":"1806901","fromID":"1382502","toID":"1382498","formEdgeID":null},{"edgeID":"1806902","fromID":"1382491","toID":"1382503","formEdgeID":null},{"edgeID":"1806903","fromID":"1382503","toID":"1382499","formEdgeID":null},{"edgeID":"1806904","fromID":"1382498","toID":"1382504","formEdgeID":null},{"edgeID":"1806905","fromID":"1382504","toID":"1382490","formEdgeID":null},{"edgeID":"1806906","fromID":"1382503","toID":"1382505","formEdgeID":null},{"edgeID":"1806907","fromID":"1382505","toID":"1382504","formEdgeID":null},{"edgeID":"1806908","fromID":"1382508","toID":"1382507","formEdgeID":null},{"edgeID":"1806909","fromID":"1382509","toID":"1382508","formEdgeID":null},{"edgeID":"1806910","fromID":"1382507","toID":"1382510","formEdgeID":null},{"edgeID":"1806911","fromID":"1382510","toID":"1382506","formEdgeID":null},{"edgeID":"1806912","fromID":"1382490","toID":"1382511","formEdgeID":null},{"edgeID":"1806913","fromID":"1382511","toID":"1382506","formEdgeID":null},{"edgeID":"1806914","fromID":"1382491","toID":"1382512","formEdgeID":null},{"edgeID":"1806915","fromID":"1382512","toID":"1382507","formEdgeID":null},{"edgeID":"1806916","fromID":"1382512","toID":"1382513","formEdgeID":null},{"edgeID":"1806917","fromID":"1382513","toID":"1382511","formEdgeID":null},{"edgeID":"1806918","fromID":"1382516","toID":"1382515","formEdgeID":null},{"edgeID":"1806919","fromID":"1382517","toID":"1382516","formEdgeID":null},{"edgeID":"1806920","fromID":"1382515","toID":"1382518","formEdgeID":null},{"edgeID":"1806921","fromID":"1382518","toID":"1382514","formEdgeID":null},{"edgeID":"1806922","fromID":"1382507","toID":"1382519","formEdgeID":null},{"edgeID":"1806923","fromID":"1382519","toID":"1382515","formEdgeID":null},{"edgeID":"1806924","fromID":"1382522","toID":"1382521","formEdgeID":null},{"edgeID":"1806925","fromID":"1382523","toID":"1382522","formEdgeID":null},{"edgeID":"1806926","fromID":"1382521","toID":"1382524","formEdgeID":null},{"edgeID":"1806927","fromID":"1382524","toID":"1382520","formEdgeID":null},{"edgeID":"1806928","fromID":"1382515","toID":"1382525","formEdgeID":null},{"edgeID":"1806929","fromID":"1382525","toID":"1382521","formEdgeID":null},{"edgeID":"1806930","fromID":"1382520","toID":"1382526","formEdgeID":null},{"edgeID":"1806931","fromID":"1382526","toID":"1382514","formEdgeID":null},{"edgeID":"1806932","fromID":"1382525","toID":"1382527","formEdgeID":null},{"edgeID":"1806933","fromID":"1382527","toID":"1382526","formEdgeID":null},{"edgeID":"1806934","fromID":"1382530","toID":"1382529","formEdgeID":null},{"edgeID":"1806935","fromID":"1382531","toID":"1382530","formEdgeID":null},{"edgeID":"1806936","fromID":"1382529","toID":"1382532","formEdgeID":null},{"edgeID":"1806937","fromID":"1382532","toID":"1382528","formEdgeID":null},{"edgeID":"1806938","fromID":"1382521","toID":"1382533","formEdgeID":null},{"edgeID":"1806939","fromID":"1382533","toID":"1382529","formEdgeID":null},{"edgeID":"1806940","fromID":"1382528","toID":"1382534","formEdgeID":null},{"edgeID":"1806941","fromID":"1382534","toID":"1382520","formEdgeID":null},{"edgeID":"1806942","fromID":"1382533","toID":"1382535","formEdgeID":null},{"edgeID":"1806943","fromID":"1382535","toID":"1382534","formEdgeID":null},{"edgeID":"1806944","fromID":"1382538","toID":"1382537","formEdgeID":null},{"edgeID":"1806945","fromID":"1382539","toID":"1382538","formEdgeID":null},{"edgeID":"1806946","fromID":"1382537","toID":"1382540","formEdgeID":null},{"edgeID":"1806947","fromID":"1382540","toID":"1382536","formEdgeID":null},{"edgeID":"1806948","fromID":"1382529","toID":"1382541","formEdgeID":null},{"edgeID":"1806949","fromID":"1382541","toID":"1382537","formEdgeID":null},{"edgeID":"1806950","fromID":"1382536","toID":"1382542","formEdgeID":null},{"edgeID":"1806951","fromID":"1382542","toID":"1382528","formEdgeID":null},{"edgeID":"1806952","fromID":"1382541","toID":"1382543","formEdgeID":null},{"edgeID":"1806953","fromID":"1382543","toID":"1382542","formEdgeID":null},{"edgeID":"1806954","fromID":"1382506","toID":"1382544","formEdgeID":null},{"edgeID":"1806955","fromID":"1382544","toID":"1382514","formEdgeID":null},{"edgeID":"1806956","fromID":"1382519","toID":"1382545","formEdgeID":null},{"edgeID":"1806957","fromID":"1382545","toID":"1382544","formEdgeID":null},{"edgeID":"1806958","fromID":"1382548","toID":"1382547","formEdgeID":null},{"edgeID":"1806959","fromID":"1382549","toID":"1382548","formEdgeID":null},{"edgeID":"1806960","fromID":"1382547","toID":"1382550","formEdgeID":null},{"edgeID":"1806961","fromID":"1382550","toID":"1382546","formEdgeID":null},{"edgeID":"1806962","fromID":"1382537","toID":"1382551","formEdgeID":null},{"edgeID":"1806963","fromID":"1382551","toID":"1382547","formEdgeID":null},{"edgeID":"1806964","fromID":"1382554","toID":"1382553","formEdgeID":null},{"edgeID":"1806965","fromID":"1382555","toID":"1382554","formEdgeID":null},{"edgeID":"1806966","fromID":"1382553","toID":"1382556","formEdgeID":null},{"edgeID":"1806967","fromID":"1382556","toID":"1382552","formEdgeID":null},{"edgeID":"1806968","fromID":"1382547","toID":"1382557","formEdgeID":null},{"edgeID":"1806969","fromID":"1382557","toID":"1382553","formEdgeID":null}],"locutions":[]}