{"nodes":[{"nodeID":"1380794","text":"the parents of AudienceMember 20230330QT17 obviously came over Windrush, from the Caribbean to the UK","type":"I","timestamp":"2023-11-09 14:54:40"},{"nodeID":"1380795","text":"AudienceMember 20230330QT17: my parents obviously came over here Windrush, from the Caribbean","type":"L","timestamp":"2023-11-09 14:54:40"},{"nodeID":"1380796","text":"Analysing","type":"YA","timestamp":"2023-11-09 14:54:40"},{"nodeID":"1380797","text":"Anon: AudienceMember 20230330QT17: my parents obviously came over here Windrush, from the Caribbean","type":"L","timestamp":"2023-11-09 14:54:40"},{"nodeID":"1380798","text":"Asserting","type":"YA","timestamp":"2023-11-09 14:54:40"},{"nodeID":"1380799","text":"AudienceMember 20230330QT17 was born in the UK","type":"I","timestamp":"2023-11-09 14:54:41"},{"nodeID":"1380800","text":"AudienceMember 20230330QT17: I was born here","type":"L","timestamp":"2023-11-09 14:54:41"},{"nodeID":"1380801","text":"Analysing","type":"YA","timestamp":"2023-11-09 14:54:41"},{"nodeID":"1380802","text":"Anon: AudienceMember 20230330QT17: I was born here","type":"L","timestamp":"2023-11-09 14:54:41"},{"nodeID":"1380803","text":"Asserting","type":"YA","timestamp":"2023-11-09 14:54:41"},{"nodeID":"1380804","text":"Default Transition","type":"TA","timestamp":"2023-11-09 14:54:41"},{"nodeID":"1380805","text":"AudienceMember 20230330QT17 does something wrong now","type":"I","timestamp":"2023-11-09 14:54:42"},{"nodeID":"1380806","text":"AudienceMember 20230330QT17: I do something wrong now","type":"L","timestamp":"2023-11-09 14:54:42"},{"nodeID":"1380807","text":"Analysing","type":"YA","timestamp":"2023-11-09 14:54:42"},{"nodeID":"1380808","text":"Anon: AudienceMember 20230330QT17: I do something wrong now","type":"L","timestamp":"2023-11-09 14:54:42"},{"nodeID":"1380809","text":"Asserting","type":"YA","timestamp":"2023-11-09 14:54:42"},{"nodeID":"1380810","text":"Default Transition","type":"TA","timestamp":"2023-11-09 14:54:42"},{"nodeID":"1380811","text":"AudienceMember 20230330QT17 never lived in the Caribbean","type":"I","timestamp":"2023-11-09 14:54:42"},{"nodeID":"1380812","text":"AudienceMember 20230330QT17: I've never lived in the Caribbean","type":"L","timestamp":"2023-11-09 14:54:42"},{"nodeID":"1380813","text":"Analysing","type":"YA","timestamp":"2023-11-09 14:54:42"},{"nodeID":"1380814","text":"Anon: AudienceMember 20230330QT17: I've never lived in the Caribbean","type":"L","timestamp":"2023-11-09 14:54:42"},{"nodeID":"1380815","text":"Asserting","type":"YA","timestamp":"2023-11-09 14:54:42"},{"nodeID":"1380816","text":"AudienceMember 20230330QT17 is or is not going to be sent back to Caribbean","type":"I","timestamp":"2023-11-09 14:54:43"},{"nodeID":"1380817","text":"AudienceMember 20230330QT17: are you going to then send me back to Caribbean","type":"L","timestamp":"2023-11-09 14:54:43"},{"nodeID":"1380818","text":"Analysing","type":"YA","timestamp":"2023-11-09 14:54:43"},{"nodeID":"1380819","text":"Anon: AudienceMember 20230330QT17: are you going to then send me back to Caribbean","type":"L","timestamp":"2023-11-09 14:54:43"},{"nodeID":"1380820","text":"Pure Questioning","type":"YA","timestamp":"2023-11-09 14:54:43"},{"nodeID":"1380821","text":"Default Inference","type":"RA","timestamp":"2023-11-09 14:54:43"},{"nodeID":"1380822","text":"Default Transition","type":"TA","timestamp":"2023-11-09 14:54:43"},{"nodeID":"1380823","text":"Arguing","type":"YA","timestamp":"2023-11-09 14:54:43"},{"nodeID":"1380824","text":"most of us agree what Shamima Begum done or allegedly done was, like, totally wrong","type":"I","timestamp":"2023-11-09 14:54:43"},{"nodeID":"1380825","text":"AudienceMember 20230330QT17: most of us agree what she done or allegedly done was, like, totally wrong","type":"L","timestamp":"2023-11-09 14:54:43"},{"nodeID":"1380826","text":"Analysing","type":"YA","timestamp":"2023-11-09 14:54:43"},{"nodeID":"1380827","text":"Anon: AudienceMember 20230330QT17: most of us agree what she done or allegedly done was, like, totally wrong","type":"L","timestamp":"2023-11-09 14:54:43"},{"nodeID":"1380828","text":"Asserting","type":"YA","timestamp":"2023-11-09 14:54:43"},{"nodeID":"1380829","text":"Default Transition","type":"TA","timestamp":"2023-11-09 14:54:43"},{"nodeID":"1380830","text":"Shamima Begum was born in the UK","type":"I","timestamp":"2023-11-09 14:54:44"},{"nodeID":"1380831","text":"AudienceMember 20230330QT17: she was born in the UK","type":"L","timestamp":"2023-11-09 14:54:44"},{"nodeID":"1380832","text":"Analysing","type":"YA","timestamp":"2023-11-09 14:54:44"},{"nodeID":"1380833","text":"Anon: AudienceMember 20230330QT17: she was born in the UK","type":"L","timestamp":"2023-11-09 14:54:44"},{"nodeID":"1380834","text":"Asserting","type":"YA","timestamp":"2023-11-09 14:54:44"},{"nodeID":"1380835","text":"Default Transition","type":"TA","timestamp":"2023-11-09 14:54:44"},{"nodeID":"1380836","text":"Shamima Begum was raised in the UK","type":"I","timestamp":"2023-11-09 14:54:45"},{"nodeID":"1380837","text":"AudienceMember 20230330QT17: she was raised in the UK","type":"L","timestamp":"2023-11-09 14:54:45"},{"nodeID":"1380838","text":"Analysing","type":"YA","timestamp":"2023-11-09 14:54:45"},{"nodeID":"1380839","text":"Anon: AudienceMember 20230330QT17: she was raised in the UK","type":"L","timestamp":"2023-11-09 14:54:45"},{"nodeID":"1380840","text":"Asserting","type":"YA","timestamp":"2023-11-09 14:54:45"},{"nodeID":"1380841","text":"Default Transition","type":"TA","timestamp":"2023-11-09 14:54:45"},{"nodeID":"1380842","text":"Shamima Begum was educated in the UK","type":"I","timestamp":"2023-11-09 14:54:45"},{"nodeID":"1380843","text":"AudienceMember 20230330QT16: she was educated in the UK","type":"L","timestamp":"2023-11-09 14:54:45"},{"nodeID":"1380844","text":"Analysing","type":"YA","timestamp":"2023-11-09 14:54:45"},{"nodeID":"1380845","text":"Anon: AudienceMember 20230330QT16: she was educated in the UK","type":"L","timestamp":"2023-11-09 14:54:45"},{"nodeID":"1380846","text":"Asserting","type":"YA","timestamp":"2023-11-09 14:54:45"},{"nodeID":"1380847","text":"Default Transition","type":"TA","timestamp":"2023-11-09 14:54:45"},{"nodeID":"1380848","text":"Shamima Begum  was probably let down in the UK","type":"I","timestamp":"2023-11-09 14:54:46"},{"nodeID":"1380849","text":"AudienceMember 20230330QT17: she was probably let down in the UK","type":"L","timestamp":"2023-11-09 14:54:46"},{"nodeID":"1380850","text":"Analysing","type":"YA","timestamp":"2023-11-09 14:54:46"},{"nodeID":"1380851","text":"Anon: AudienceMember 20230330QT17: she was probably let down in the UK","type":"L","timestamp":"2023-11-09 14:54:46"},{"nodeID":"1380852","text":"Asserting","type":"YA","timestamp":"2023-11-09 14:54:46"},{"nodeID":"1380853","text":"Default Transition","type":"TA","timestamp":"2023-11-09 14:54:46"},{"nodeID":"1380854","text":"at the end of the day Shamima Begum was a child","type":"I","timestamp":"2023-11-09 14:54:47"},{"nodeID":"1380855","text":"AudienceMember 20230330QT17: at the end of the day she was a child","type":"L","timestamp":"2023-11-09 14:54:47"},{"nodeID":"1380856","text":"Analysing","type":"YA","timestamp":"2023-11-09 14:54:47"},{"nodeID":"1380857","text":"Anon: AudienceMember 20230330QT17: at the end of the day she was a child","type":"L","timestamp":"2023-11-09 14:54:47"},{"nodeID":"1380858","text":"Asserting","type":"YA","timestamp":"2023-11-09 14:54:47"},{"nodeID":"1380859","text":"Default Transition","type":"TA","timestamp":"2023-11-09 14:54:47"},{"nodeID":"1380860","text":"AudienceMember 20230330QT17 worked in children\u2019s services","type":"I","timestamp":"2023-11-09 14:54:47"},{"nodeID":"1380861","text":"AudienceMember 20230330QT17: I worked in children\u2019s services","type":"L","timestamp":"2023-11-09 14:54:47"},{"nodeID":"1380862","text":"Analysing","type":"YA","timestamp":"2023-11-09 14:54:47"},{"nodeID":"1380863","text":"Anon: AudienceMember 20230330QT17: I worked in children\u2019s services","type":"L","timestamp":"2023-11-09 14:54:47"},{"nodeID":"1380864","text":"Asserting","type":"YA","timestamp":"2023-11-09 14:54:47"},{"nodeID":"1380865","text":"Default Transition","type":"TA","timestamp":"2023-11-09 14:54:47"},{"nodeID":"1380866","text":"a child is always a child, no excuses","type":"I","timestamp":"2023-11-09 14:54:48"},{"nodeID":"1380867","text":"AudienceMember 20230330QT17: a child is always a child, no excuses","type":"L","timestamp":"2023-11-09 14:54:48"},{"nodeID":"1380868","text":"Analysing","type":"YA","timestamp":"2023-11-09 14:54:48"},{"nodeID":"1380869","text":"Anon: AudienceMember 20230330QT17: a child is always a child, no excuses","type":"L","timestamp":"2023-11-09 14:54:48"},{"nodeID":"1380870","text":"Asserting","type":"YA","timestamp":"2023-11-09 14:54:48"},{"nodeID":"1380871","text":"Default Transition","type":"TA","timestamp":"2023-11-09 14:54:48"},{"nodeID":"1380872","text":"AudienceMember 20230330QT17 agrees with Liz Saville-Roberts","type":"I","timestamp":"2023-11-09 14:54:49"},{"nodeID":"1380873","text":"AudienceMember 20230330QT17: I agree with you","type":"L","timestamp":"2023-11-09 14:54:49"},{"nodeID":"1380874","text":"Analysing","type":"YA","timestamp":"2023-11-09 14:54:49"},{"nodeID":"1380875","text":"Anon: AudienceMember 20230330QT17: I agree with you","type":"L","timestamp":"2023-11-09 14:54:49"},{"nodeID":"1380876","text":"Asserting","type":"YA","timestamp":"2023-11-09 14:54:49"},{"nodeID":"1380877","text":"Default Transition","type":"TA","timestamp":"2023-11-09 14:54:49"},{"nodeID":"1380878","text":"Restating","type":"YA","timestamp":"2023-11-09 14:54:49"},{"nodeID":"1380879","text":"Default Rephrase","type":"MA","timestamp":"2023-11-09 14:54:49"},{"nodeID":"1380880","text":"Restating","type":"YA","timestamp":"2023-11-09 14:54:49"},{"nodeID":"1380881","text":"Default Rephrase","type":"MA","timestamp":"2023-11-09 14:54:49"},{"nodeID":"1380882","text":"Restating","type":"YA","timestamp":"2023-11-09 14:54:49"},{"nodeID":"1380883","text":"Default Rephrase","type":"MA","timestamp":"2023-11-09 14:54:49"},{"nodeID":"1380884","text":"Shamima Begum  should or should not be brought back here","type":"I","timestamp":"2023-11-09 14:54:49"},{"nodeID":"1380885","text":"Fiona Bruce: do you think she should be brought back here","type":"L","timestamp":"2023-11-09 14:54:49"},{"nodeID":"1380886","text":"Analysing","type":"YA","timestamp":"2023-11-09 14:54:49"},{"nodeID":"1380887","text":"Anon: Fiona Bruce: do you think she should be brought back here","type":"L","timestamp":"2023-11-09 14:54:49"},{"nodeID":"1380888","text":"Pure Questioning","type":"YA","timestamp":"2023-11-09 14:54:49"},{"nodeID":"1380889","text":"Default Transition","type":"TA","timestamp":"2023-11-09 14:54:49"},{"nodeID":"1380890","text":"yeah Shamima Begum  should be brought back","type":"I","timestamp":"2023-11-09 14:54:50"},{"nodeID":"1380891","text":"AudienceMember 20230330QT18: Yeah","type":"L","timestamp":"2023-11-09 14:54:50"},{"nodeID":"1380892","text":"Analysing","type":"YA","timestamp":"2023-11-09 14:54:50"},{"nodeID":"1380893","text":"Anon: AudienceMember 20230330QT18: Yeah","type":"L","timestamp":"2023-11-09 14:54:50"},{"nodeID":"1380894","text":"Asserting","type":"YA","timestamp":"2023-11-09 14:54:50"},{"nodeID":"1380895","text":"Default Transition","type":"TA","timestamp":"2023-11-09 14:54:50"},{"nodeID":"1380896","text":"Default Rephrase","type":"MA","timestamp":"2023-11-09 14:54:50"},{"nodeID":"1380897","text":"Default Illocuting","type":"YA","timestamp":"2023-11-09 14:54:50"},{"nodeID":"1380898","text":"unfortunately Shamima Begum  our problem","type":"I","timestamp":"2023-11-09 14:54:50"},{"nodeID":"1380899","text":"AudienceMember 20230330QT18: unfortunately she\u2019s our problem","type":"L","timestamp":"2023-11-09 14:54:50"},{"nodeID":"1380900","text":"Analysing","type":"YA","timestamp":"2023-11-09 14:54:50"},{"nodeID":"1380901","text":"Anon: AudienceMember 20230330QT18: unfortunately she\u2019s our problem","type":"L","timestamp":"2023-11-09 14:54:50"},{"nodeID":"1380902","text":"Asserting","type":"YA","timestamp":"2023-11-09 14:54:50"},{"nodeID":"1380903","text":"Default Transition","type":"TA","timestamp":"2023-11-09 14:54:50"},{"nodeID":"1380904","text":"Default Inference","type":"RA","timestamp":"2023-11-09 14:54:50"},{"nodeID":"1380905","text":"Arguing","type":"YA","timestamp":"2023-11-09 14:54:50"},{"nodeID":"1380906","text":"then we should deal with Shamima Begum","type":"I","timestamp":"2023-11-09 14:54:51"},{"nodeID":"1380907","text":"AudienceMember 20230330QT18: then we should deal with her","type":"L","timestamp":"2023-11-09 14:54:51"},{"nodeID":"1380908","text":"Analysing","type":"YA","timestamp":"2023-11-09 14:54:51"},{"nodeID":"1380909","text":"Anon: AudienceMember 20230330QT18: then we should deal with her","type":"L","timestamp":"2023-11-09 14:54:51"},{"nodeID":"1380910","text":"Asserting","type":"YA","timestamp":"2023-11-09 14:54:51"},{"nodeID":"1380911","text":"Default Transition","type":"TA","timestamp":"2023-11-09 14:54:51"},{"nodeID":"1380912","text":"we shouldn't be saying Bangladesh should have Shamima Begum","type":"I","timestamp":"2023-11-09 14:54:52"},{"nodeID":"1380913","text":"AudienceMember 20230330QT18: We shouldn't be saying Bangladesh should have her","type":"L","timestamp":"2023-11-09 14:54:52"},{"nodeID":"1380914","text":"Analysing","type":"YA","timestamp":"2023-11-09 14:54:52"},{"nodeID":"1380915","text":"Anon: AudienceMember 20230330QT18: We shouldn't be saying Bangladesh should have her","type":"L","timestamp":"2023-11-09 14:54:52"},{"nodeID":"1380916","text":"Asserting","type":"YA","timestamp":"2023-11-09 14:54:52"},{"nodeID":"1380917","text":"Default Transition","type":"TA","timestamp":"2023-11-09 14:54:52"},{"nodeID":"1380918","text":"Shamima Begum's husband was married or lived in Holland","type":"I","timestamp":"2023-11-09 14:54:52"},{"nodeID":"1380919","text":"AudienceMember 20230330QT18: her husband was married or lived in Holland","type":"L","timestamp":"2023-11-09 14:54:52"},{"nodeID":"1380920","text":"Analysing","type":"YA","timestamp":"2023-11-09 14:54:52"},{"nodeID":"1380921","text":"Anon: AudienceMember 20230330QT18: her husband was married or lived in Holland","type":"L","timestamp":"2023-11-09 14:54:52"},{"nodeID":"1380922","text":"Asserting","type":"YA","timestamp":"2023-11-09 14:54:52"},{"nodeID":"1380923","text":"Default Transition","type":"TA","timestamp":"2023-11-09 14:54:52"},{"nodeID":"1380924","text":"Holland ain\u2019t going to take Shamima Begum","type":"I","timestamp":"2023-11-09 14:54:53"},{"nodeID":"1380925","text":"AudienceMember 20230330QT18: Holland ain\u2019t going to take her","type":"L","timestamp":"2023-11-09 14:54:53"},{"nodeID":"1380926","text":"Analysing","type":"YA","timestamp":"2023-11-09 14:54:53"},{"nodeID":"1380927","text":"Anon: AudienceMember 20230330QT18: Holland ain\u2019t going to take her","type":"L","timestamp":"2023-11-09 14:54:53"},{"nodeID":"1380928","text":"Asserting","type":"YA","timestamp":"2023-11-09 14:54:53"},{"nodeID":"1380929","text":"Default Transition","type":"TA","timestamp":"2023-11-09 14:54:53"},{"nodeID":"1380930","text":"Bangladesh are not going to take Shamima Begum","type":"I","timestamp":"2023-11-09 14:54:54"},{"nodeID":"1380931","text":"AudienceMember 20230330QT18: Bangladesh are not going to take her","type":"L","timestamp":"2023-11-09 14:54:54"},{"nodeID":"1380932","text":"Analysing","type":"YA","timestamp":"2023-11-09 14:54:54"},{"nodeID":"1380933","text":"Anon: AudienceMember 20230330QT18: Bangladesh are not going to take her","type":"L","timestamp":"2023-11-09 14:54:54"},{"nodeID":"1380934","text":"Asserting","type":"YA","timestamp":"2023-11-09 14:54:54"},{"nodeID":"1380935","text":"Default Transition","type":"TA","timestamp":"2023-11-09 14:54:54"},{"nodeID":"1380936","text":"Default Rephrase","type":"MA","timestamp":"2023-11-09 14:54:54"},{"nodeID":"1380937","text":"Restating","type":"YA","timestamp":"2023-11-09 14:54:54"},{"nodeID":"1380938","text":"Bangladesh has no reason to take Shamima Begum","type":"I","timestamp":"2023-11-09 14:54:54"},{"nodeID":"1380939","text":"AudienceMember 20230330QT18: why should they","type":"L","timestamp":"2023-11-09 14:54:54"},{"nodeID":"1380940","text":"Analysing","type":"YA","timestamp":"2023-11-09 14:54:54"},{"nodeID":"1380941","text":"Anon: AudienceMember 20230330QT18: why should they","type":"L","timestamp":"2023-11-09 14:54:54"},{"nodeID":"1380942","text":"Rhetorical Questioning","type":"YA","timestamp":"2023-11-09 14:54:54"},{"nodeID":"1380943","text":"Default Transition","type":"TA","timestamp":"2023-11-09 14:54:54"},{"nodeID":"1380944","text":"Default Rephrase","type":"MA","timestamp":"2023-11-09 14:54:54"},{"nodeID":"1380945","text":"Restating","type":"YA","timestamp":"2023-11-09 14:54:54"},{"nodeID":"1380946","text":"Default Transition","type":"TA","timestamp":"2023-11-09 14:54:54"},{"nodeID":"1380947","text":"Default Rephrase","type":"MA","timestamp":"2023-11-09 14:54:54"},{"nodeID":"1380948","text":"Restating","type":"YA","timestamp":"2023-11-09 14:54:54"},{"nodeID":"1380949","text":"Default Inference","type":"RA","timestamp":"2023-11-09 14:54:54"},{"nodeID":"1380950","text":"Arguing","type":"YA","timestamp":"2023-11-09 14:54:54"},{"nodeID":"1380951","text":"Default Inference","type":"RA","timestamp":"2023-11-09 14:54:54"},{"nodeID":"1380952","text":"Arguing","type":"YA","timestamp":"2023-11-09 14:54:54"}],"edges":[{"edgeID":"1804894","fromID":"1380796","toID":"1380795","formEdgeID":null},{"edgeID":"1804895","fromID":"1380797","toID":"1380796","formEdgeID":null},{"edgeID":"1804896","fromID":"1380795","toID":"1380798","formEdgeID":null},{"edgeID":"1804897","fromID":"1380798","toID":"1380794","formEdgeID":null},{"edgeID":"1804898","fromID":"1380801","toID":"1380800","formEdgeID":null},{"edgeID":"1804899","fromID":"1380802","toID":"1380801","formEdgeID":null},{"edgeID":"1804900","fromID":"1380800","toID":"1380803","formEdgeID":null},{"edgeID":"1804901","fromID":"1380803","toID":"1380799","formEdgeID":null},{"edgeID":"1804902","fromID":"1380795","toID":"1380804","formEdgeID":null},{"edgeID":"1804903","fromID":"1380804","toID":"1380800","formEdgeID":null},{"edgeID":"1804904","fromID":"1380807","toID":"1380806","formEdgeID":null},{"edgeID":"1804905","fromID":"1380808","toID":"1380807","formEdgeID":null},{"edgeID":"1804906","fromID":"1380806","toID":"1380809","formEdgeID":null},{"edgeID":"1804907","fromID":"1380809","toID":"1380805","formEdgeID":null},{"edgeID":"1804908","fromID":"1380800","toID":"1380810","formEdgeID":null},{"edgeID":"1804909","fromID":"1380810","toID":"1380806","formEdgeID":null},{"edgeID":"1804910","fromID":"1380813","toID":"1380812","formEdgeID":null},{"edgeID":"1804911","fromID":"1380814","toID":"1380813","formEdgeID":null},{"edgeID":"1804912","fromID":"1380812","toID":"1380815","formEdgeID":null},{"edgeID":"1804913","fromID":"1380815","toID":"1380811","formEdgeID":null},{"edgeID":"1804914","fromID":"1380818","toID":"1380817","formEdgeID":null},{"edgeID":"1804915","fromID":"1380819","toID":"1380818","formEdgeID":null},{"edgeID":"1804916","fromID":"1380817","toID":"1380820","formEdgeID":null},{"edgeID":"1804917","fromID":"1380820","toID":"1380816","formEdgeID":null},{"edgeID":"1804918","fromID":"1380805","toID":"1380821","formEdgeID":null},{"edgeID":"1804919","fromID":"1380821","toID":"1380816","formEdgeID":null},{"edgeID":"1804920","fromID":"1380811","toID":"1380821","formEdgeID":null},{"edgeID":"1804921","fromID":"1380806","toID":"1380822","formEdgeID":null},{"edgeID":"1804922","fromID":"1380822","toID":"1380817","formEdgeID":null},{"edgeID":"1804923","fromID":"1380822","toID":"1380823","formEdgeID":null},{"edgeID":"1804924","fromID":"1380823","toID":"1380821","formEdgeID":null},{"edgeID":"1804925","fromID":"1380826","toID":"1380825","formEdgeID":null},{"edgeID":"1804926","fromID":"1380827","toID":"1380826","formEdgeID":null},{"edgeID":"1804927","fromID":"1380825","toID":"1380828","formEdgeID":null},{"edgeID":"1804928","fromID":"1380828","toID":"1380824","formEdgeID":null},{"edgeID":"1804929","fromID":"1380817","toID":"1380829","formEdgeID":null},{"edgeID":"1804930","fromID":"1380829","toID":"1380825","formEdgeID":null},{"edgeID":"1804931","fromID":"1380832","toID":"1380831","formEdgeID":null},{"edgeID":"1804932","fromID":"1380833","toID":"1380832","formEdgeID":null},{"edgeID":"1804933","fromID":"1380831","toID":"1380834","formEdgeID":null},{"edgeID":"1804934","fromID":"1380834","toID":"1380830","formEdgeID":null},{"edgeID":"1804935","fromID":"1380825","toID":"1380835","formEdgeID":null},{"edgeID":"1804936","fromID":"1380835","toID":"1380831","formEdgeID":null},{"edgeID":"1804937","fromID":"1380838","toID":"1380837","formEdgeID":null},{"edgeID":"1804938","fromID":"1380839","toID":"1380838","formEdgeID":null},{"edgeID":"1804939","fromID":"1380837","toID":"1380840","formEdgeID":null},{"edgeID":"1804940","fromID":"1380840","toID":"1380836","formEdgeID":null},{"edgeID":"1804941","fromID":"1380831","toID":"1380841","formEdgeID":null},{"edgeID":"1804942","fromID":"1380841","toID":"1380837","formEdgeID":null},{"edgeID":"1804943","fromID":"1380844","toID":"1380843","formEdgeID":null},{"edgeID":"1804944","fromID":"1380845","toID":"1380844","formEdgeID":null},{"edgeID":"1804945","fromID":"1380843","toID":"1380846","formEdgeID":null},{"edgeID":"1804946","fromID":"1380846","toID":"1380842","formEdgeID":null},{"edgeID":"1804947","fromID":"1380837","toID":"1380847","formEdgeID":null},{"edgeID":"1804948","fromID":"1380847","toID":"1380843","formEdgeID":null},{"edgeID":"1804949","fromID":"1380850","toID":"1380849","formEdgeID":null},{"edgeID":"1804950","fromID":"1380851","toID":"1380850","formEdgeID":null},{"edgeID":"1804951","fromID":"1380849","toID":"1380852","formEdgeID":null},{"edgeID":"1804952","fromID":"1380852","toID":"1380848","formEdgeID":null},{"edgeID":"1804953","fromID":"1380843","toID":"1380853","formEdgeID":null},{"edgeID":"1804954","fromID":"1380853","toID":"1380849","formEdgeID":null},{"edgeID":"1804955","fromID":"1380856","toID":"1380855","formEdgeID":null},{"edgeID":"1804956","fromID":"1380857","toID":"1380856","formEdgeID":null},{"edgeID":"1804957","fromID":"1380855","toID":"1380858","formEdgeID":null},{"edgeID":"1804958","fromID":"1380858","toID":"1380854","formEdgeID":null},{"edgeID":"1804959","fromID":"1380849","toID":"1380859","formEdgeID":null},{"edgeID":"1804960","fromID":"1380859","toID":"1380855","formEdgeID":null},{"edgeID":"1804961","fromID":"1380862","toID":"1380861","formEdgeID":null},{"edgeID":"1804962","fromID":"1380863","toID":"1380862","formEdgeID":null},{"edgeID":"1804963","fromID":"1380861","toID":"1380864","formEdgeID":null},{"edgeID":"1804964","fromID":"1380864","toID":"1380860","formEdgeID":null},{"edgeID":"1804965","fromID":"1380855","toID":"1380865","formEdgeID":null},{"edgeID":"1804966","fromID":"1380865","toID":"1380861","formEdgeID":null},{"edgeID":"1804967","fromID":"1380868","toID":"1380867","formEdgeID":null},{"edgeID":"1804968","fromID":"1380869","toID":"1380868","formEdgeID":null},{"edgeID":"1804969","fromID":"1380867","toID":"1380870","formEdgeID":null},{"edgeID":"1804970","fromID":"1380870","toID":"1380866","formEdgeID":null},{"edgeID":"1804971","fromID":"1380861","toID":"1380871","formEdgeID":null},{"edgeID":"1804972","fromID":"1380871","toID":"1380867","formEdgeID":null},{"edgeID":"1804973","fromID":"1380874","toID":"1380873","formEdgeID":null},{"edgeID":"1804974","fromID":"1380875","toID":"1380874","formEdgeID":null},{"edgeID":"1804975","fromID":"1380873","toID":"1380876","formEdgeID":null},{"edgeID":"1804976","fromID":"1380876","toID":"1380872","formEdgeID":null},{"edgeID":"1804977","fromID":"1380867","toID":"1380877","formEdgeID":null},{"edgeID":"1804978","fromID":"1380877","toID":"1380873","formEdgeID":null},{"edgeID":"1804979","fromID":"1380841","toID":"1380878","formEdgeID":null},{"edgeID":"1804980","fromID":"1380836","toID":"1380879","formEdgeID":null},{"edgeID":"1804981","fromID":"1380879","toID":"1380830","formEdgeID":null},{"edgeID":"1804982","fromID":"1380878","toID":"1380879","formEdgeID":null},{"edgeID":"1804983","fromID":"1380847","toID":"1380880","formEdgeID":null},{"edgeID":"1804984","fromID":"1380880","toID":"1380881","formEdgeID":null},{"edgeID":"1804985","fromID":"1380881","toID":"1380836","formEdgeID":null},{"edgeID":"1804986","fromID":"1380842","toID":"1380881","formEdgeID":null},{"edgeID":"1804987","fromID":"1380853","toID":"1380882","formEdgeID":null},{"edgeID":"1804988","fromID":"1380882","toID":"1380883","formEdgeID":null},{"edgeID":"1804989","fromID":"1380883","toID":"1380842","formEdgeID":null},{"edgeID":"1804990","fromID":"1380848","toID":"1380883","formEdgeID":null},{"edgeID":"1804991","fromID":"1380886","toID":"1380885","formEdgeID":null},{"edgeID":"1804992","fromID":"1380887","toID":"1380886","formEdgeID":null},{"edgeID":"1804993","fromID":"1380885","toID":"1380888","formEdgeID":null},{"edgeID":"1804994","fromID":"1380888","toID":"1380884","formEdgeID":null},{"edgeID":"1804995","fromID":"1380873","toID":"1380889","formEdgeID":null},{"edgeID":"1804996","fromID":"1380889","toID":"1380885","formEdgeID":null},{"edgeID":"1804997","fromID":"1380892","toID":"1380891","formEdgeID":null},{"edgeID":"1804998","fromID":"1380893","toID":"1380892","formEdgeID":null},{"edgeID":"1804999","fromID":"1380891","toID":"1380894","formEdgeID":null},{"edgeID":"1805000","fromID":"1380894","toID":"1380890","formEdgeID":null},{"edgeID":"1805001","fromID":"1380885","toID":"1380895","formEdgeID":null},{"edgeID":"1805002","fromID":"1380895","toID":"1380891","formEdgeID":null},{"edgeID":"1805003","fromID":"1380890","toID":"1380896","formEdgeID":null},{"edgeID":"1805004","fromID":"1380896","toID":"1380884","formEdgeID":null},{"edgeID":"1805005","fromID":"1380895","toID":"1380897","formEdgeID":null},{"edgeID":"1805006","fromID":"1380897","toID":"1380896","formEdgeID":null},{"edgeID":"1805007","fromID":"1380900","toID":"1380899","formEdgeID":null},{"edgeID":"1805008","fromID":"1380901","toID":"1380900","formEdgeID":null},{"edgeID":"1805009","fromID":"1380899","toID":"1380902","formEdgeID":null},{"edgeID":"1805010","fromID":"1380902","toID":"1380898","formEdgeID":null},{"edgeID":"1805011","fromID":"1380891","toID":"1380903","formEdgeID":null},{"edgeID":"1805012","fromID":"1380903","toID":"1380899","formEdgeID":null},{"edgeID":"1805013","fromID":"1380898","toID":"1380904","formEdgeID":null},{"edgeID":"1805014","fromID":"1380904","toID":"1380890","formEdgeID":null},{"edgeID":"1805015","fromID":"1380903","toID":"1380905","formEdgeID":null},{"edgeID":"1805016","fromID":"1380905","toID":"1380904","formEdgeID":null},{"edgeID":"1805017","fromID":"1380908","toID":"1380907","formEdgeID":null},{"edgeID":"1805018","fromID":"1380909","toID":"1380908","formEdgeID":null},{"edgeID":"1805019","fromID":"1380907","toID":"1380910","formEdgeID":null},{"edgeID":"1805020","fromID":"1380910","toID":"1380906","formEdgeID":null},{"edgeID":"1805021","fromID":"1380899","toID":"1380911","formEdgeID":null},{"edgeID":"1805022","fromID":"1380911","toID":"1380907","formEdgeID":null},{"edgeID":"1805023","fromID":"1380914","toID":"1380913","formEdgeID":null},{"edgeID":"1805024","fromID":"1380915","toID":"1380914","formEdgeID":null},{"edgeID":"1805025","fromID":"1380913","toID":"1380916","formEdgeID":null},{"edgeID":"1805026","fromID":"1380916","toID":"1380912","formEdgeID":null},{"edgeID":"1805027","fromID":"1380907","toID":"1380917","formEdgeID":null},{"edgeID":"1805028","fromID":"1380917","toID":"1380913","formEdgeID":null},{"edgeID":"1805029","fromID":"1380920","toID":"1380919","formEdgeID":null},{"edgeID":"1805030","fromID":"1380921","toID":"1380920","formEdgeID":null},{"edgeID":"1805031","fromID":"1380919","toID":"1380922","formEdgeID":null},{"edgeID":"1805032","fromID":"1380922","toID":"1380918","formEdgeID":null},{"edgeID":"1805033","fromID":"1380913","toID":"1380923","formEdgeID":null},{"edgeID":"1805034","fromID":"1380923","toID":"1380919","formEdgeID":null},{"edgeID":"1805035","fromID":"1380926","toID":"1380925","formEdgeID":null},{"edgeID":"1805036","fromID":"1380927","toID":"1380926","formEdgeID":null},{"edgeID":"1805037","fromID":"1380925","toID":"1380928","formEdgeID":null},{"edgeID":"1805038","fromID":"1380928","toID":"1380924","formEdgeID":null},{"edgeID":"1805039","fromID":"1380919","toID":"1380929","formEdgeID":null},{"edgeID":"1805040","fromID":"1380929","toID":"1380925","formEdgeID":null},{"edgeID":"1805041","fromID":"1380932","toID":"1380931","formEdgeID":null},{"edgeID":"1805042","fromID":"1380933","toID":"1380932","formEdgeID":null},{"edgeID":"1805043","fromID":"1380931","toID":"1380934","formEdgeID":null},{"edgeID":"1805044","fromID":"1380934","toID":"1380930","formEdgeID":null},{"edgeID":"1805045","fromID":"1380925","toID":"1380935","formEdgeID":null},{"edgeID":"1805046","fromID":"1380935","toID":"1380931","formEdgeID":null},{"edgeID":"1805047","fromID":"1380930","toID":"1380936","formEdgeID":null},{"edgeID":"1805048","fromID":"1380936","toID":"1380924","formEdgeID":null},{"edgeID":"1805049","fromID":"1380935","toID":"1380937","formEdgeID":null},{"edgeID":"1805050","fromID":"1380937","toID":"1380936","formEdgeID":null},{"edgeID":"1805051","fromID":"1380940","toID":"1380939","formEdgeID":null},{"edgeID":"1805052","fromID":"1380941","toID":"1380940","formEdgeID":null},{"edgeID":"1805053","fromID":"1380939","toID":"1380942","formEdgeID":null},{"edgeID":"1805054","fromID":"1380942","toID":"1380938","formEdgeID":null},{"edgeID":"1805055","fromID":"1380931","toID":"1380943","formEdgeID":null},{"edgeID":"1805056","fromID":"1380943","toID":"1380939","formEdgeID":null},{"edgeID":"1805057","fromID":"1380938","toID":"1380944","formEdgeID":null},{"edgeID":"1805058","fromID":"1380944","toID":"1380930","formEdgeID":null},{"edgeID":"1805059","fromID":"1380943","toID":"1380945","formEdgeID":null},{"edgeID":"1805060","fromID":"1380945","toID":"1380944","formEdgeID":null},{"edgeID":"1805061","fromID":"1380812","toID":"1380946","formEdgeID":null},{"edgeID":"1805062","fromID":"1380946","toID":"1380817","formEdgeID":null},{"edgeID":"1805063","fromID":"1380866","toID":"1380947","formEdgeID":null},{"edgeID":"1805064","fromID":"1380947","toID":"1380854","formEdgeID":null},{"edgeID":"1805065","fromID":"1380871","toID":"1380948","formEdgeID":null},{"edgeID":"1805066","fromID":"1380948","toID":"1380947","formEdgeID":null},{"edgeID":"1805067","fromID":"1380949","toID":"1380906","formEdgeID":null},{"edgeID":"1805068","fromID":"1380898","toID":"1380949","formEdgeID":null},{"edgeID":"1805069","fromID":"1380950","toID":"1380949","formEdgeID":null},{"edgeID":"1805070","fromID":"1380911","toID":"1380950","formEdgeID":null},{"edgeID":"1805071","fromID":"1380906","toID":"1380951","formEdgeID":null},{"edgeID":"1805072","fromID":"1380951","toID":"1380912","formEdgeID":null},{"edgeID":"1805073","fromID":"1380952","toID":"1380951","formEdgeID":null},{"edgeID":"1805074","fromID":"1380917","toID":"1380952","formEdgeID":null}],"locutions":[]}