{"nodes":[{"nodeID":"1384101","text":"there has been hundreds of millions of pounds spent developing plans for the roads which are now no longer going to be built","type":"I","timestamp":"2023-11-09 14:59:24"},{"nodeID":"1384102","text":"David Davies:  there has been hundreds of millions of pounds spent developing plans for the roads which are now no longer going to be built","type":"L","timestamp":"2023-11-09 14:59:24"},{"nodeID":"1384103","text":"Anna : David Davies:  there has been hundreds of millions of pounds spent developing plans for the roads which are now no longer going to be built","type":"L","timestamp":"2023-11-09 14:59:24"},{"nodeID":"1384104","text":"Analysing","type":"YA","timestamp":"2023-11-09 14:59:24"},{"nodeID":"1384105","text":"Asserting","type":"YA","timestamp":"2023-11-09 14:59:24"},{"nodeID":"1384106","text":"some people want to breathe clean air","type":"I","timestamp":"2023-11-09 14:59:25"},{"nodeID":"1384107","text":"David Davies: Thangam says, well, some people want to breathe clean air","type":"L","timestamp":"2023-11-09 14:59:25"},{"nodeID":"1384108","text":"Analysing","type":"YA","timestamp":"2023-11-09 14:59:25"},{"nodeID":"1384109","text":"Anna : David Davies: Thangam says, well, some people want to breathe clean air","type":"L","timestamp":"2023-11-09 14:59:25"},{"nodeID":"1384110","text":"Thangam Debbonaire: some people want to breathe clean air","type":"L","timestamp":"2023-11-09 14:59:25"},{"nodeID":"1384111","text":"Anna : Thangam Debbonaire: Thangam says, well, some people want to breathe clean air","type":"L","timestamp":"2023-11-09 14:59:25"},{"nodeID":"1384112","text":"Analysing","type":"YA","timestamp":"2023-11-09 14:59:25"},{"nodeID":"1384113","text":"Asserting","type":"YA","timestamp":"2023-11-09 14:59:25"},{"nodeID":"1384114","text":"Asserting","type":"YA","timestamp":"2023-11-09 14:59:25"},{"nodeID":"1384115","text":"we would breathe clean air","type":"I","timestamp":"2023-11-09 14:59:25"},{"nodeID":"1384116","text":"David Davies: Yes, we would","type":"L","timestamp":"2023-11-09 14:59:25"},{"nodeID":"1384117","text":"Analysing","type":"YA","timestamp":"2023-11-09 14:59:25"},{"nodeID":"1384118","text":"Anna : David Davies: Yes, we would","type":"L","timestamp":"2023-11-09 14:59:25"},{"nodeID":"1384119","text":"Asserting","type":"YA","timestamp":"2023-11-09 14:59:25"},{"nodeID":"1384120","text":"from Llanbedr, where Liz Saville-Roberts lives, down to Chepstow, where David Davies lives, and along the M4, we\u2019re not going to be breathing clean air","type":"I","timestamp":"2023-11-09 14:59:26"},{"nodeID":"1384121","text":"David Davies: from Llanbedr, where Liz lives, down to Chepstow, where I live, and along the M4, we\u2019re not going to be breathing clean air","type":"L","timestamp":"2023-11-09 14:59:26"},{"nodeID":"1384122","text":"Analysing","type":"YA","timestamp":"2023-11-09 14:59:26"},{"nodeID":"1384123","text":"Anna : David Davies: from Llanbedr, where Liz lives, down to Chepstow, where I live, and along the M4, we\u2019re not going to be breathing clean air","type":"L","timestamp":"2023-11-09 14:59:26"},{"nodeID":"1384124","text":"Asserting","type":"YA","timestamp":"2023-11-09 14:59:26"},{"nodeID":"1384125","text":"we\u2019re all stuck in traffic jams","type":"I","timestamp":"2023-11-09 14:59:27"},{"nodeID":"1384126","text":"David Davies: because we\u2019re all stuck in traffic jams","type":"L","timestamp":"2023-11-09 14:59:27"},{"nodeID":"1384127","text":"Analysing","type":"YA","timestamp":"2023-11-09 14:59:27"},{"nodeID":"1384128","text":"Anna : David Davies: because we\u2019re all stuck in traffic jams","type":"L","timestamp":"2023-11-09 14:59:27"},{"nodeID":"1384129","text":"Asserting","type":"YA","timestamp":"2023-11-09 14:59:27"},{"nodeID":"1384130","text":"the Welsh government won't build any more roads","type":"I","timestamp":"2023-11-09 14:59:27"},{"nodeID":"1384131","text":"David Davies: because the Welsh government won't build any more roads","type":"L","timestamp":"2023-11-09 14:59:27"},{"nodeID":"1384132","text":"Analysing","type":"YA","timestamp":"2023-11-09 14:59:27"},{"nodeID":"1384133","text":"Anna : David Davies: because the Welsh government won't build any more roads","type":"L","timestamp":"2023-11-09 14:59:27"},{"nodeID":"1384134","text":"Asserting","type":"YA","timestamp":"2023-11-09 14:59:27"},{"nodeID":"1384135","text":"this is the blueprint for what Labour want to do if they get elected at the next election","type":"I","timestamp":"2023-11-09 14:59:28"},{"nodeID":"1384136","text":"David Davies: This is the blueprint for what Labour want to do if they get elected at the next election","type":"L","timestamp":"2023-11-09 14:59:28"},{"nodeID":"1384137","text":"Anna : David Davies: This is the blueprint for what Labour want to do if they get elected at the next election","type":"L","timestamp":"2023-11-09 14:59:28"},{"nodeID":"1384138","text":"Analysing","type":"YA","timestamp":"2023-11-09 14:59:28"},{"nodeID":"1384139","text":"Asserting","type":"YA","timestamp":"2023-11-09 14:59:28"},{"nodeID":"1384140","text":"the benefit is people from North Wales being able to get to London","type":"I","timestamp":"2023-11-09 14:59:28"},{"nodeID":"1384141","text":"AudienceMember 20230330QT41: you mentioned the benefit as being people from North Wales being able to get to London","type":"L","timestamp":"2023-11-09 14:59:28"},{"nodeID":"1384142","text":"Anna : AudienceMember 20230330QT41: you mentioned the benefit as being people from North Wales being able to get to London","type":"L","timestamp":"2023-11-09 14:59:28"},{"nodeID":"1384143","text":"Analysing","type":"YA","timestamp":"2023-11-09 14:59:28"},{"nodeID":"1384144","text":"AudienceMember 20230330QT41 is rather more interested in how she gets around Wales","type":"I","timestamp":"2023-11-09 14:59:29"},{"nodeID":"1384145","text":"AudienceMember 20230330QT41: I\u2019m rather more interested in how I get around Wales","type":"L","timestamp":"2023-11-09 14:59:29"},{"nodeID":"1384146","text":"Analysing","type":"YA","timestamp":"2023-11-09 14:59:29"},{"nodeID":"1384147","text":"Anna : AudienceMember 20230330QT41: I\u2019m rather more interested in how I get around Wales","type":"L","timestamp":"2023-11-09 14:59:29"},{"nodeID":"1384148","text":"Asserting","type":"YA","timestamp":"2023-11-09 14:59:29"},{"nodeID":"1384149","text":"Liz Saville Roberts: Exactly","type":"L","timestamp":"2023-11-09 14:59:29"},{"nodeID":"1384150","text":"Analysing","type":"YA","timestamp":"2023-11-09 14:59:29"},{"nodeID":"1384151","text":"Anna : Liz Saville Roberts: Exactly","type":"L","timestamp":"2023-11-09 14:59:29"},{"nodeID":"1384152","text":"Agreeing","type":"YA","timestamp":"2023-11-09 14:59:29"},{"nodeID":"1384153","text":"a hundred and fifty million pounds was spent developing the plans for the M4 relief road and it\u2019s not going to get built","type":"I","timestamp":"2023-11-09 14:59:30"},{"nodeID":"1384154","text":"David Davies: A hundred and fifty million pounds was spent developing the plans for the M4 relief road and it\u2019s not going to get built","type":"L","timestamp":"2023-11-09 14:59:30"},{"nodeID":"1384155","text":"Analysing","type":"YA","timestamp":"2023-11-09 14:59:30"},{"nodeID":"1384156","text":"Anna : David Davies: A hundred and fifty million pounds was spent developing the plans for the M4 relief road and it\u2019s not going to get built","type":"L","timestamp":"2023-11-09 14:59:30"},{"nodeID":"1384157","text":"Asserting","type":"YA","timestamp":"2023-11-09 14:59:30"},{"nodeID":"1384158","text":"Default Transition","type":"TA","timestamp":"2023-11-09 14:59:30"},{"nodeID":"1384159","text":"Default Rephrase","type":"MA","timestamp":"2023-11-09 14:59:30"},{"nodeID":"1384160","text":"Restating","type":"YA","timestamp":"2023-11-09 14:59:30"},{"nodeID":"1384161","text":"Default Transition","type":"TA","timestamp":"2023-11-09 14:59:30"},{"nodeID":"1384162","text":"Default Transition","type":"TA","timestamp":"2023-11-09 14:59:30"},{"nodeID":"1384163","text":"Default Transition","type":"TA","timestamp":"2023-11-09 14:59:30"},{"nodeID":"1384164","text":"Default Conflict","type":"CA","timestamp":"2023-11-09 14:59:30"},{"nodeID":"1384165","text":"Disagreeing","type":"YA","timestamp":"2023-11-09 14:59:30"},{"nodeID":"1384166","text":"Default Inference","type":"RA","timestamp":"2023-11-09 14:59:30"},{"nodeID":"1384167","text":"Default Transition","type":"TA","timestamp":"2023-11-09 14:59:30"},{"nodeID":"1384168","text":"Default Inference","type":"RA","timestamp":"2023-11-09 14:59:30"},{"nodeID":"1384169","text":"Arguing","type":"YA","timestamp":"2023-11-09 14:59:30"},{"nodeID":"1384170","text":"Default Transition","type":"TA","timestamp":"2023-11-09 14:59:30"},{"nodeID":"1384171","text":"Default Transition","type":"TA","timestamp":"2023-11-09 14:59:30"},{"nodeID":"1384172","text":"Default Transition","type":"TA","timestamp":"2023-11-09 14:59:30"},{"nodeID":"1384173","text":"David Davies: benefit is people from North Wales being able to get to London","type":"L","timestamp":"2023-11-09 14:59:30"},{"nodeID":"1384174","text":"Analysing","type":"YA","timestamp":"2023-11-09 14:59:30"},{"nodeID":"1384175","text":"Anna : David Davies: you mentioned the benefit as being people from North Wales being able to get to London","type":"L","timestamp":"2023-11-09 14:59:30"},{"nodeID":"1384176","text":"Asserting","type":"YA","timestamp":"2023-11-09 14:59:30"},{"nodeID":"1384177","text":"Agreeing","type":"YA","timestamp":"2023-11-09 14:59:30"},{"nodeID":"1384178","text":"Default Conflict","type":"CA","timestamp":"2023-11-09 14:59:30"},{"nodeID":"1384179","text":"Default Transition","type":"TA","timestamp":"2023-11-09 14:59:30"},{"nodeID":"1384180","text":"Disagreeing","type":"YA","timestamp":"2023-11-09 14:59:30"},{"nodeID":"1384181","text":"Default Transition","type":"TA","timestamp":"2023-11-09 14:59:30"}],"edges":[{"edgeID":"1808768","fromID":"1384104","toID":"1384102","formEdgeID":null},{"edgeID":"1808769","fromID":"1384103","toID":"1384104","formEdgeID":null},{"edgeID":"1808770","fromID":"1384105","toID":"1384101","formEdgeID":null},{"edgeID":"1808771","fromID":"1384102","toID":"1384105","formEdgeID":null},{"edgeID":"1808772","fromID":"1384108","toID":"1384107","formEdgeID":null},{"edgeID":"1808773","fromID":"1384109","toID":"1384108","formEdgeID":null},{"edgeID":"1808774","fromID":"1384112","toID":"1384110","formEdgeID":null},{"edgeID":"1808775","fromID":"1384111","toID":"1384112","formEdgeID":null},{"edgeID":"1808776","fromID":"1384110","toID":"1384113","formEdgeID":null},{"edgeID":"1808777","fromID":"1384113","toID":"1384106","formEdgeID":null},{"edgeID":"1808778","fromID":"1384107","toID":"1384114","formEdgeID":null},{"edgeID":"1808779","fromID":"1384114","toID":"1384110","formEdgeID":null},{"edgeID":"1808780","fromID":"1384118","toID":"1384117","formEdgeID":null},{"edgeID":"1808781","fromID":"1384117","toID":"1384116","formEdgeID":null},{"edgeID":"1808782","fromID":"1384116","toID":"1384119","formEdgeID":null},{"edgeID":"1808783","fromID":"1384119","toID":"1384115","formEdgeID":null},{"edgeID":"1808784","fromID":"1384122","toID":"1384121","formEdgeID":null},{"edgeID":"1808785","fromID":"1384123","toID":"1384122","formEdgeID":null},{"edgeID":"1808786","fromID":"1384121","toID":"1384124","formEdgeID":null},{"edgeID":"1808787","fromID":"1384124","toID":"1384120","formEdgeID":null},{"edgeID":"1808788","fromID":"1384128","toID":"1384127","formEdgeID":null},{"edgeID":"1808789","fromID":"1384127","toID":"1384126","formEdgeID":null},{"edgeID":"1808790","fromID":"1384126","toID":"1384129","formEdgeID":null},{"edgeID":"1808791","fromID":"1384129","toID":"1384125","formEdgeID":null},{"edgeID":"1808792","fromID":"1384132","toID":"1384131","formEdgeID":null},{"edgeID":"1808793","fromID":"1384133","toID":"1384132","formEdgeID":null},{"edgeID":"1808794","fromID":"1384131","toID":"1384134","formEdgeID":null},{"edgeID":"1808795","fromID":"1384134","toID":"1384130","formEdgeID":null},{"edgeID":"1808796","fromID":"1384138","toID":"1384136","formEdgeID":null},{"edgeID":"1808797","fromID":"1384137","toID":"1384138","formEdgeID":null},{"edgeID":"1808798","fromID":"1384136","toID":"1384139","formEdgeID":null},{"edgeID":"1808799","fromID":"1384139","toID":"1384135","formEdgeID":null},{"edgeID":"1808800","fromID":"1384142","toID":"1384143","formEdgeID":null},{"edgeID":"1808801","fromID":"1384143","toID":"1384141","formEdgeID":null},{"edgeID":"1808802","fromID":"1384147","toID":"1384146","formEdgeID":null},{"edgeID":"1808803","fromID":"1384146","toID":"1384145","formEdgeID":null},{"edgeID":"1808804","fromID":"1384145","toID":"1384148","formEdgeID":null},{"edgeID":"1808805","fromID":"1384148","toID":"1384144","formEdgeID":null},{"edgeID":"1808806","fromID":"1384151","toID":"1384150","formEdgeID":null},{"edgeID":"1808807","fromID":"1384150","toID":"1384149","formEdgeID":null},{"edgeID":"1808808","fromID":"1384149","toID":"1384152","formEdgeID":null},{"edgeID":"1808809","fromID":"1384152","toID":"1384148","formEdgeID":null},{"edgeID":"1808810","fromID":"1384156","toID":"1384155","formEdgeID":null},{"edgeID":"1808811","fromID":"1384155","toID":"1384154","formEdgeID":null},{"edgeID":"1808812","fromID":"1384154","toID":"1384157","formEdgeID":null},{"edgeID":"1808813","fromID":"1384157","toID":"1384153","formEdgeID":null},{"edgeID":"1808814","fromID":"1384102","toID":"1384158","formEdgeID":null},{"edgeID":"1808815","fromID":"1384158","toID":"1384154","formEdgeID":null},{"edgeID":"1808816","fromID":"1384153","toID":"1384159","formEdgeID":null},{"edgeID":"1808817","fromID":"1384159","toID":"1384101","formEdgeID":null},{"edgeID":"1808818","fromID":"1384160","toID":"1384159","formEdgeID":null},{"edgeID":"1808819","fromID":"1384158","toID":"1384160","formEdgeID":null},{"edgeID":"1808820","fromID":"1384154","toID":"1384161","formEdgeID":null},{"edgeID":"1808821","fromID":"1384161","toID":"1384107","formEdgeID":null},{"edgeID":"1808822","fromID":"1384162","toID":"1384116","formEdgeID":null},{"edgeID":"1808823","fromID":"1384107","toID":"1384162","formEdgeID":null},{"edgeID":"1808824","fromID":"1384116","toID":"1384163","formEdgeID":null},{"edgeID":"1808825","fromID":"1384163","toID":"1384121","formEdgeID":null},{"edgeID":"1808826","fromID":"1384120","toID":"1384164","formEdgeID":null},{"edgeID":"1808827","fromID":"1384164","toID":"1384115","formEdgeID":null},{"edgeID":"1808828","fromID":"1384165","toID":"1384164","formEdgeID":null},{"edgeID":"1808829","fromID":"1384163","toID":"1384165","formEdgeID":null},{"edgeID":"1808830","fromID":"1384166","toID":"1384120","formEdgeID":null},{"edgeID":"1808831","fromID":"1384125","toID":"1384166","formEdgeID":null},{"edgeID":"1808832","fromID":"1384126","toID":"1384167","formEdgeID":null},{"edgeID":"1808833","fromID":"1384167","toID":"1384131","formEdgeID":null},{"edgeID":"1808834","fromID":"1384130","toID":"1384168","formEdgeID":null},{"edgeID":"1808835","fromID":"1384168","toID":"1384125","formEdgeID":null},{"edgeID":"1808836","fromID":"1384167","toID":"1384169","formEdgeID":null},{"edgeID":"1808837","fromID":"1384169","toID":"1384168","formEdgeID":null},{"edgeID":"1808838","fromID":"1384131","toID":"1384170","formEdgeID":null},{"edgeID":"1808839","fromID":"1384170","toID":"1384136","formEdgeID":null},{"edgeID":"1808840","fromID":"1384171","toID":"1384126","formEdgeID":null},{"edgeID":"1808841","fromID":"1384121","toID":"1384171","formEdgeID":null},{"edgeID":"1808842","fromID":"1384172","toID":"1384141","formEdgeID":null},{"edgeID":"1808843","fromID":"1384136","toID":"1384172","formEdgeID":null},{"edgeID":"1808844","fromID":"1384175","toID":"1384174","formEdgeID":null},{"edgeID":"1808845","fromID":"1384174","toID":"1384173","formEdgeID":null},{"edgeID":"1808846","fromID":"1384173","toID":"1384176","formEdgeID":null},{"edgeID":"1808847","fromID":"1384176","toID":"1384140","formEdgeID":null},{"edgeID":"1808848","fromID":"1384141","toID":"1384177","formEdgeID":null},{"edgeID":"1808849","fromID":"1384177","toID":"1384173","formEdgeID":null},{"edgeID":"1808850","fromID":"1384178","toID":"1384140","formEdgeID":null},{"edgeID":"1808851","fromID":"1384144","toID":"1384178","formEdgeID":null},{"edgeID":"1808852","fromID":"1384179","toID":"1384145","formEdgeID":null},{"edgeID":"1808853","fromID":"1384141","toID":"1384179","formEdgeID":null},{"edgeID":"1808854","fromID":"1384179","toID":"1384180","formEdgeID":null},{"edgeID":"1808855","fromID":"1384180","toID":"1384178","formEdgeID":null},{"edgeID":"1808856","fromID":"1384145","toID":"1384181","formEdgeID":null},{"edgeID":"1808857","fromID":"1384181","toID":"1384149","formEdgeID":null}],"locutions":[]}