{"nodes":[{"nodeID":"1384235","text":"we should think about 2050","type":"I","timestamp":"2023-11-09 14:59:36"},{"nodeID":"1384236","text":"Anita Boateng: we should think about 2050","type":"L","timestamp":"2023-11-09 14:59:36"},{"nodeID":"1384237","text":"Analysing","type":"YA","timestamp":"2023-11-09 14:59:36"},{"nodeID":"1384238","text":"Anon: Anita Boateng: we should think about 2050","type":"L","timestamp":"2023-11-09 14:59:36"},{"nodeID":"1384239","text":"Asserting","type":"YA","timestamp":"2023-11-09 14:59:36"},{"nodeID":"1384240","text":"let\u2019s think about the next five\/50 days when people are going to need to be able to get around on buses and on better public transport","type":"I","timestamp":"2023-11-09 14:59:36"},{"nodeID":"1384241","text":"Anita Boateng: let\u2019s think about the next five\/50 days when people are going to need to be able to get around on buses and on better public transport","type":"L","timestamp":"2023-11-09 14:59:36"},{"nodeID":"1384242","text":"Analysing","type":"YA","timestamp":"2023-11-09 14:59:36"},{"nodeID":"1384243","text":"Anon: Anita Boateng: let\u2019s think about the next five\/50 days when people are going to need to be able to get around on buses and on better public transport","type":"L","timestamp":"2023-11-09 14:59:36"},{"nodeID":"1384244","text":"Asserting","type":"YA","timestamp":"2023-11-09 14:59:36"},{"nodeID":"1384245","text":"Default Transition","type":"TA","timestamp":"2023-11-09 14:59:36"},{"nodeID":"1384246","text":"Default Conflict","type":"CA","timestamp":"2023-11-09 14:59:36"},{"nodeID":"1384247","text":"Disagreeing","type":"YA","timestamp":"2023-11-09 14:59:36"},{"nodeID":"1384248","text":"the question was about whether scrapping major road projects in Wales is going to wreck the economy","type":"I","timestamp":"2023-11-09 14:59:37"},{"nodeID":"1384249","text":"Thangam Debbonaire: The question was about whether it\u2019s going to wreck the economy","type":"L","timestamp":"2023-11-09 14:59:37"},{"nodeID":"1384250","text":"Analysing","type":"YA","timestamp":"2023-11-09 14:59:37"},{"nodeID":"1384251","text":"Anon: Thangam Debbonaire: The question was about whether it\u2019s going to wreck the economy","type":"L","timestamp":"2023-11-09 14:59:37"},{"nodeID":"1384252","text":"Asserting","type":"YA","timestamp":"2023-11-09 14:59:37"},{"nodeID":"1384253","text":"Default Transition","type":"TA","timestamp":"2023-11-09 14:59:37"},{"nodeID":"1384254","text":"saying that scrapping all major road projects will wreck the economy is a bit rich for David Davies, who supported Liz Truss, whose budget, whose disastrous budget, last year crashed the economy, has put up mortgages","type":"I","timestamp":"2023-11-09 14:59:38"},{"nodeID":"1384255","text":"Thangam Debbonaire: it\u2019s a bit rich for David Davies, who supported Liz Truss, whose budget, whose disastrous budget, last year crashed the economy, has put up mortgages","type":"L","timestamp":"2023-11-09 14:59:38"},{"nodeID":"1384256","text":"Analysing","type":"YA","timestamp":"2023-11-09 14:59:38"},{"nodeID":"1384257","text":"Anon: Thangam Debbonaire: it\u2019s a bit rich for David Davies, who supported Liz Truss, whose budget, whose disastrous budget, last year crashed the economy, has put up mortgages","type":"L","timestamp":"2023-11-09 14:59:38"},{"nodeID":"1384258","text":"Asserting","type":"YA","timestamp":"2023-11-09 14:59:38"},{"nodeID":"1384259","text":"Default Transition","type":"TA","timestamp":"2023-11-09 14:59:38"},{"nodeID":"1384260","text":"mortgages for people in this room, their mortgage will have gone up whilst they were watching the announcement about major road projects in Wales","type":"I","timestamp":"2023-11-09 14:59:38"},{"nodeID":"1384261","text":"Thangam Debbonaire: Mortgages for people in this room, their mortgage will have gone up whilst they were watching that announcement","type":"L","timestamp":"2023-11-09 14:59:38"},{"nodeID":"1384262","text":"Analysing","type":"YA","timestamp":"2023-11-09 14:59:38"},{"nodeID":"1384263","text":"Anon: Thangam Debbonaire: Mortgages for people in this room, their mortgage will have gone up whilst they were watching that announcement","type":"L","timestamp":"2023-11-09 14:59:38"},{"nodeID":"1384264","text":"Asserting","type":"YA","timestamp":"2023-11-09 14:59:38"},{"nodeID":"1384265","text":"Default Transition","type":"TA","timestamp":"2023-11-09 14:59:38"},{"nodeID":"1384266","text":"the people rent of the people in this room has gone up","type":"I","timestamp":"2023-11-09 14:59:39"},{"nodeID":"1384267","text":"David Davies: the people whose rent has gone up","type":"L","timestamp":"2023-11-09 14:59:39"},{"nodeID":"1384268","text":"Analysing","type":"YA","timestamp":"2023-11-09 14:59:39"},{"nodeID":"1384269","text":"Anon: David Davies: the people whose rent has gone up","type":"L","timestamp":"2023-11-09 14:59:39"},{"nodeID":"1384270","text":"Asserting","type":"YA","timestamp":"2023-11-09 14:59:39"},{"nodeID":"1384271","text":"Default Transition","type":"TA","timestamp":"2023-11-09 14:59:39"},{"nodeID":"1384272","text":"Default Rephrase","type":"MA","timestamp":"2023-11-09 14:59:39"},{"nodeID":"1384273","text":"Restating","type":"YA","timestamp":"2023-11-09 14:59:39"},{"nodeID":"1384274","text":"we had to prop the pound up","type":"I","timestamp":"2023-11-09 14:59:39"},{"nodeID":"1384275","text":"Thangam Debbonaire: We had to prop the pound up","type":"L","timestamp":"2023-11-09 14:59:39"},{"nodeID":"1384276","text":"Analysing","type":"YA","timestamp":"2023-11-09 14:59:39"},{"nodeID":"1384277","text":"Anon: Thangam Debbonaire: We had to prop the pound up","type":"L","timestamp":"2023-11-09 14:59:39"},{"nodeID":"1384278","text":"Asserting","type":"YA","timestamp":"2023-11-09 14:59:39"},{"nodeID":"1384279","text":"the Bank of England had to intervene to prop up the pound to save people\u2019s pensions","type":"I","timestamp":"2023-11-09 14:59:40"},{"nodeID":"1384280","text":"Thangam Debbonaire: the Bank of England had to intervene to prop up the pound to save people\u2019s pensions","type":"L","timestamp":"2023-11-09 14:59:40"},{"nodeID":"1384281","text":"Analysing","type":"YA","timestamp":"2023-11-09 14:59:40"},{"nodeID":"1384282","text":"Anon: Thangam Debbonaire: the Bank of England had to intervene to prop up the pound to save people\u2019s pensions","type":"L","timestamp":"2023-11-09 14:59:40"},{"nodeID":"1384283","text":"Asserting","type":"YA","timestamp":"2023-11-09 14:59:40"},{"nodeID":"1384284","text":"Default Inference","type":"RA","timestamp":"2023-11-09 14:59:40"},{"nodeID":"1384285","text":"Default Transition","type":"TA","timestamp":"2023-11-09 14:59:40"},{"nodeID":"1384286","text":"Arguing","type":"YA","timestamp":"2023-11-09 14:59:40"},{"nodeID":"1384287","text":"Default Rephrase","type":"MA","timestamp":"2023-11-09 14:59:40"},{"nodeID":"1384288","text":"Default Transition","type":"TA","timestamp":"2023-11-09 14:59:40"},{"nodeID":"1384289","text":"Restating","type":"YA","timestamp":"2023-11-09 14:59:40"},{"nodeID":"1384290","text":"David Davies saying that scrapping all major road projects will wreck the economy is a bit rich when the Conservative party have been starving the nations","type":"I","timestamp":"2023-11-09 14:59:41"},{"nodeID":"1384291","text":"Thangam Debbonaire: It\u2019s a bit rich when you have been starving the nations","type":"L","timestamp":"2023-11-09 14:59:41"},{"nodeID":"1384292","text":"Analysing","type":"YA","timestamp":"2023-11-09 14:59:41"},{"nodeID":"1384293","text":"Anon: Thangam Debbonaire: It\u2019s a bit rich when you have been starving the nations","type":"L","timestamp":"2023-11-09 14:59:41"},{"nodeID":"1384294","text":"Asserting","type":"YA","timestamp":"2023-11-09 14:59:41"},{"nodeID":"1384295","text":"Default Rephrase","type":"MA","timestamp":"2023-11-09 14:59:41"},{"nodeID":"1384296","text":"Restating","type":"YA","timestamp":"2023-11-09 14:59:41"},{"nodeID":"1384297","text":"Default Rephrase","type":"MA","timestamp":"2023-11-09 14:59:41"},{"nodeID":"1384298","text":"Default Transition","type":"TA","timestamp":"2023-11-09 14:59:41"},{"nodeID":"1384299","text":"Restating","type":"YA","timestamp":"2023-11-09 14:59:41"}],"edges":[{"edgeID":"1808916","fromID":"1384237","toID":"1384236","formEdgeID":null},{"edgeID":"1808917","fromID":"1384238","toID":"1384237","formEdgeID":null},{"edgeID":"1808918","fromID":"1384236","toID":"1384239","formEdgeID":null},{"edgeID":"1808919","fromID":"1384239","toID":"1384235","formEdgeID":null},{"edgeID":"1808920","fromID":"1384242","toID":"1384241","formEdgeID":null},{"edgeID":"1808921","fromID":"1384243","toID":"1384242","formEdgeID":null},{"edgeID":"1808922","fromID":"1384241","toID":"1384244","formEdgeID":null},{"edgeID":"1808923","fromID":"1384244","toID":"1384240","formEdgeID":null},{"edgeID":"1808924","fromID":"1384236","toID":"1384245","formEdgeID":null},{"edgeID":"1808925","fromID":"1384245","toID":"1384241","formEdgeID":null},{"edgeID":"1808926","fromID":"1384240","toID":"1384246","formEdgeID":null},{"edgeID":"1808927","fromID":"1384246","toID":"1384235","formEdgeID":null},{"edgeID":"1808928","fromID":"1384245","toID":"1384247","formEdgeID":null},{"edgeID":"1808929","fromID":"1384247","toID":"1384246","formEdgeID":null},{"edgeID":"1808930","fromID":"1384250","toID":"1384249","formEdgeID":null},{"edgeID":"1808931","fromID":"1384251","toID":"1384250","formEdgeID":null},{"edgeID":"1808932","fromID":"1384249","toID":"1384252","formEdgeID":null},{"edgeID":"1808933","fromID":"1384252","toID":"1384248","formEdgeID":null},{"edgeID":"1808934","fromID":"1384241","toID":"1384253","formEdgeID":null},{"edgeID":"1808935","fromID":"1384253","toID":"1384249","formEdgeID":null},{"edgeID":"1808936","fromID":"1384256","toID":"1384255","formEdgeID":null},{"edgeID":"1808937","fromID":"1384257","toID":"1384256","formEdgeID":null},{"edgeID":"1808938","fromID":"1384255","toID":"1384258","formEdgeID":null},{"edgeID":"1808939","fromID":"1384258","toID":"1384254","formEdgeID":null},{"edgeID":"1808940","fromID":"1384249","toID":"1384259","formEdgeID":null},{"edgeID":"1808941","fromID":"1384259","toID":"1384255","formEdgeID":null},{"edgeID":"1808942","fromID":"1384262","toID":"1384261","formEdgeID":null},{"edgeID":"1808943","fromID":"1384263","toID":"1384262","formEdgeID":null},{"edgeID":"1808944","fromID":"1384261","toID":"1384264","formEdgeID":null},{"edgeID":"1808945","fromID":"1384264","toID":"1384260","formEdgeID":null},{"edgeID":"1808946","fromID":"1384255","toID":"1384265","formEdgeID":null},{"edgeID":"1808947","fromID":"1384265","toID":"1384261","formEdgeID":null},{"edgeID":"1808948","fromID":"1384268","toID":"1384267","formEdgeID":null},{"edgeID":"1808949","fromID":"1384269","toID":"1384268","formEdgeID":null},{"edgeID":"1808950","fromID":"1384267","toID":"1384270","formEdgeID":null},{"edgeID":"1808951","fromID":"1384270","toID":"1384266","formEdgeID":null},{"edgeID":"1808952","fromID":"1384261","toID":"1384271","formEdgeID":null},{"edgeID":"1808953","fromID":"1384271","toID":"1384267","formEdgeID":null},{"edgeID":"1808954","fromID":"1384266","toID":"1384272","formEdgeID":null},{"edgeID":"1808955","fromID":"1384272","toID":"1384260","formEdgeID":null},{"edgeID":"1808956","fromID":"1384271","toID":"1384273","formEdgeID":null},{"edgeID":"1808957","fromID":"1384273","toID":"1384272","formEdgeID":null},{"edgeID":"1808958","fromID":"1384276","toID":"1384275","formEdgeID":null},{"edgeID":"1808959","fromID":"1384277","toID":"1384276","formEdgeID":null},{"edgeID":"1808960","fromID":"1384275","toID":"1384278","formEdgeID":null},{"edgeID":"1808961","fromID":"1384278","toID":"1384274","formEdgeID":null},{"edgeID":"1808962","fromID":"1384281","toID":"1384280","formEdgeID":null},{"edgeID":"1808963","fromID":"1384282","toID":"1384281","formEdgeID":null},{"edgeID":"1808964","fromID":"1384280","toID":"1384283","formEdgeID":null},{"edgeID":"1808965","fromID":"1384283","toID":"1384279","formEdgeID":null},{"edgeID":"1808966","fromID":"1384266","toID":"1384284","formEdgeID":null},{"edgeID":"1808967","fromID":"1384284","toID":"1384274","formEdgeID":null},{"edgeID":"1808968","fromID":"1384267","toID":"1384285","formEdgeID":null},{"edgeID":"1808969","fromID":"1384285","toID":"1384275","formEdgeID":null},{"edgeID":"1808970","fromID":"1384285","toID":"1384286","formEdgeID":null},{"edgeID":"1808971","fromID":"1384286","toID":"1384284","formEdgeID":null},{"edgeID":"1808972","fromID":"1384279","toID":"1384287","formEdgeID":null},{"edgeID":"1808973","fromID":"1384287","toID":"1384274","formEdgeID":null},{"edgeID":"1808974","fromID":"1384275","toID":"1384288","formEdgeID":null},{"edgeID":"1808975","fromID":"1384288","toID":"1384280","formEdgeID":null},{"edgeID":"1808976","fromID":"1384288","toID":"1384289","formEdgeID":null},{"edgeID":"1808977","fromID":"1384289","toID":"1384287","formEdgeID":null},{"edgeID":"1808978","fromID":"1384292","toID":"1384291","formEdgeID":null},{"edgeID":"1808979","fromID":"1384293","toID":"1384292","formEdgeID":null},{"edgeID":"1808980","fromID":"1384291","toID":"1384294","formEdgeID":null},{"edgeID":"1808981","fromID":"1384294","toID":"1384290","formEdgeID":null},{"edgeID":"1808982","fromID":"1384290","toID":"1384295","formEdgeID":null},{"edgeID":"1808983","fromID":"1384295","toID":"1384254","formEdgeID":null},{"edgeID":"1808984","fromID":"1384265","toID":"1384296","formEdgeID":null},{"edgeID":"1808985","fromID":"1384296","toID":"1384297","formEdgeID":null},{"edgeID":"1808986","fromID":"1384297","toID":"1384254","formEdgeID":null},{"edgeID":"1808987","fromID":"1384260","toID":"1384297","formEdgeID":null},{"edgeID":"1808988","fromID":"1384255","toID":"1384298","formEdgeID":null},{"edgeID":"1808989","fromID":"1384298","toID":"1384291","formEdgeID":null},{"edgeID":"1808990","fromID":"1384298","toID":"1384299","formEdgeID":null},{"edgeID":"1808991","fromID":"1384299","toID":"1384295","formEdgeID":null}],"locutions":[]}