{"nodes":[{"nodeID":"1383606","text":"44 major road-building projects in Wales have been scrapped by the government here over concerns about their environmental impact","type":"I","timestamp":"2023-11-09 14:58:41"},{"nodeID":"1383607","text":"Fiona Bruce: 44 major road-building projects in Wales have been scrapped by the government here over concerns about their environmental impact","type":"L","timestamp":"2023-11-09 14:58:41"},{"nodeID":"1383608","text":"Analysing","type":"YA","timestamp":"2023-11-09 14:58:41"},{"nodeID":"1383609","text":"Fyfe: Fiona Bruce: 44 major road-building projects in Wales have been scrapped by the government here over concerns about their environmental impact","type":"L","timestamp":"2023-11-09 14:58:41"},{"nodeID":"1383610","text":"Asserting","type":"YA","timestamp":"2023-11-09 14:58:41"},{"nodeID":"1383611","text":"including a third bridge across the Menai Straits, and this has touched a bit of a nerve for many","type":"I","timestamp":"2023-11-09 14:58:42"},{"nodeID":"1383612","text":"Fiona Bruce: including, and this has touched a bit of a nerve for many, a third bridge across the Menai Straits","type":"L","timestamp":"2023-11-09 14:58:42"},{"nodeID":"1383613","text":"Analysing","type":"YA","timestamp":"2023-11-09 14:58:42"},{"nodeID":"1383614","text":"Fyfe: Fiona Bruce: including, and this has touched a bit of a nerve for many, a third bridge across the Menai Straits","type":"L","timestamp":"2023-11-09 14:58:42"},{"nodeID":"1383615","text":"Asserting","type":"YA","timestamp":"2023-11-09 14:58:42"},{"nodeID":"1383616","text":"Default Transition","type":"TA","timestamp":"2023-11-09 14:58:42"},{"nodeID":"1383617","text":"Default Rephrase","type":"MA","timestamp":"2023-11-09 14:58:42"},{"nodeID":"1383618","text":"Restating","type":"YA","timestamp":"2023-11-09 14:58:42"},{"nodeID":"1383619","text":"there is a lot that of road projects that are not going ahead","type":"I","timestamp":"2023-11-09 14:58:42"},{"nodeID":"1383620","text":"Fiona Bruce: There are other road projects that are going to go ahead but there\u2019s a lot that aren\u2019t. Liz?","type":"L","timestamp":"2023-11-09 14:58:42"},{"nodeID":"1383621","text":"Analysing","type":"YA","timestamp":"2023-11-09 14:58:42"},{"nodeID":"1383622","text":"Fyfe: Fiona Bruce: There are other road projects that are going to go ahead but there\u2019s a lot that aren\u2019t. Liz","type":"L","timestamp":"2023-11-09 14:58:42"},{"nodeID":"1383623","text":"Assertive Questioning","type":"YA","timestamp":"2023-11-09 14:58:42"},{"nodeID":"1383624","text":"rejecting new road projects was or was not the right decision","type":"I","timestamp":"2023-11-09 14:58:43"},{"nodeID":"1383625","text":"Fiona Bruce: Was that the right decision","type":"L","timestamp":"2023-11-09 14:58:43"},{"nodeID":"1383626","text":"Analysing","type":"YA","timestamp":"2023-11-09 14:58:43"},{"nodeID":"1383627","text":"Fyfe: Fiona Bruce: Was that the right decision","type":"L","timestamp":"2023-11-09 14:58:43"},{"nodeID":"1383628","text":"Pure Questioning","type":"YA","timestamp":"2023-11-09 14:58:43"},{"nodeID":"1383629","text":"Default Transition","type":"TA","timestamp":"2023-11-09 14:58:43"},{"nodeID":"1383630","text":"Default Rephrase","type":"MA","timestamp":"2023-11-09 14:58:43"},{"nodeID":"1383631","text":"Restating","type":"YA","timestamp":"2023-11-09 14:58:43"},{"nodeID":"1383632","text":"Liz Saville Roberts has a road project in her own constituency which is not going ahead","type":"I","timestamp":"2023-11-09 14:58:44"},{"nodeID":"1383633","text":"Liz Saville Roberts: I have a road project in my own constituency which is not going ahead","type":"L","timestamp":"2023-11-09 14:58:44"},{"nodeID":"1383634","text":"Analysing","type":"YA","timestamp":"2023-11-09 14:58:44"},{"nodeID":"1383635","text":"Fyfe: Liz Saville Roberts: I have a road project in my own constituency which is not going ahead","type":"L","timestamp":"2023-11-09 14:58:44"},{"nodeID":"1383636","text":"Asserting","type":"YA","timestamp":"2023-11-09 14:58:44"},{"nodeID":"1383637","text":"Default Transition","type":"TA","timestamp":"2023-11-09 14:58:44"},{"nodeID":"1383638","text":"Liz Saville-Roberts has to describe the road project in her constituency which is not going ahead","type":"I","timestamp":"2023-11-09 14:58:44"},{"nodeID":"1383639","text":"Liz Saville Roberts: I have to describe it","type":"L","timestamp":"2023-11-09 14:58:44"},{"nodeID":"1383640","text":"Analysing","type":"YA","timestamp":"2023-11-09 14:58:44"},{"nodeID":"1383641","text":"Fyfe: Liz Saville Roberts: I have to describe it","type":"L","timestamp":"2023-11-09 14:58:44"},{"nodeID":"1383642","text":"Asserting","type":"YA","timestamp":"2023-11-09 14:58:44"},{"nodeID":"1383643","text":"Default Transition","type":"TA","timestamp":"2023-11-09 14:58:44"},{"nodeID":"1383644","text":"Default Rephrase","type":"MA","timestamp":"2023-11-09 14:58:44"},{"nodeID":"1383645","text":"the road project is on a former RAF airbase that is now owned by Welsh government","type":"I","timestamp":"2023-11-09 14:58:45"},{"nodeID":"1383646","text":"Liz Saville Roberts: It\u2019s a former RAF airbase that is now owned by Welsh government","type":"L","timestamp":"2023-11-09 14:58:45"},{"nodeID":"1383647","text":"Analysing","type":"YA","timestamp":"2023-11-09 14:58:45"},{"nodeID":"1383648","text":"Fyfe: Liz Saville Roberts: It\u2019s a former RAF airbase that is now owned by Welsh government","type":"L","timestamp":"2023-11-09 14:58:45"},{"nodeID":"1383649","text":"Asserting","type":"YA","timestamp":"2023-11-09 14:58:45"},{"nodeID":"1383650","text":"Default Transition","type":"TA","timestamp":"2023-11-09 14:58:45"},{"nodeID":"1383651","text":"we desperately need other economic investment","type":"I","timestamp":"2023-11-09 14:58:46"},{"nodeID":"1383652","text":"Liz Saville Roberts:  we desperately need other economic investment","type":"L","timestamp":"2023-11-09 14:58:46"},{"nodeID":"1383653","text":"Analysing","type":"YA","timestamp":"2023-11-09 14:58:46"},{"nodeID":"1383654","text":"Fyfe: Liz Saville Roberts:  we desperately need other economic investment","type":"L","timestamp":"2023-11-09 14:58:46"},{"nodeID":"1383655","text":"Asserting","type":"YA","timestamp":"2023-11-09 14:58:46"},{"nodeID":"1383656","text":"Default Rephrase","type":"MA","timestamp":"2023-11-09 14:58:46"},{"nodeID":"1383657","text":"Restating","type":"YA","timestamp":"2023-11-09 14:58:46"},{"nodeID":"1383658","text":"Welsh government own this former RAF airbase","type":"I","timestamp":"2023-11-09 14:58:46"},{"nodeID":"1383659","text":"Liz Saville Roberts: Welsh government own this site","type":"L","timestamp":"2023-11-09 14:58:46"},{"nodeID":"1383660","text":"Analysing","type":"YA","timestamp":"2023-11-09 14:58:46"},{"nodeID":"1383661","text":"Fyfe: Liz Saville Roberts: Welsh government own this site","type":"L","timestamp":"2023-11-09 14:58:46"},{"nodeID":"1383662","text":"Asserting","type":"YA","timestamp":"2023-11-09 14:58:46"},{"nodeID":"1383663","text":"Default Transition","type":"TA","timestamp":"2023-11-09 14:58:46"},{"nodeID":"1383664","text":"Default Rephrase","type":"MA","timestamp":"2023-11-09 14:58:46"},{"nodeID":"1383665","text":"Restating","type":"YA","timestamp":"2023-11-09 14:58:46"},{"nodeID":"1383666","text":"you cannot get to the former RAF airbase with an articulated lorry","type":"I","timestamp":"2023-11-09 14:58:47"},{"nodeID":"1383667","text":"Fiona Bruce: You can't get to it with an articulated lorry","type":"L","timestamp":"2023-11-09 14:58:47"},{"nodeID":"1383668","text":"Analysing","type":"YA","timestamp":"2023-11-09 14:58:47"},{"nodeID":"1383669","text":"Fyfe: Fiona Bruce: You can't get to it with an articulated lorry","type":"L","timestamp":"2023-11-09 14:58:47"},{"nodeID":"1383670","text":"Asserting","type":"YA","timestamp":"2023-11-09 14:58:47"},{"nodeID":"1383671","text":"Default Transition","type":"TA","timestamp":"2023-11-09 14:58:47"},{"nodeID":"1383672","text":"an articulated lorry has to go over a grade two listed bridge and then turn sharp right angles","type":"I","timestamp":"2023-11-09 14:58:48"},{"nodeID":"1383673","text":"Liz Saville Roberts: it has to go over a grade two listed bridge and then turn sharp right angles","type":"L","timestamp":"2023-11-09 14:58:48"},{"nodeID":"1383674","text":"Analysing","type":"YA","timestamp":"2023-11-09 14:58:48"},{"nodeID":"1383675","text":"Fyfe: Liz Saville Roberts: it has to go over a grade two listed bridge and then turn sharp right angles","type":"L","timestamp":"2023-11-09 14:58:48"},{"nodeID":"1383676","text":"Asserting","type":"YA","timestamp":"2023-11-09 14:58:48"},{"nodeID":"1383677","text":"Default Transition","type":"TA","timestamp":"2023-11-09 14:58:48"},{"nodeID":"1383678","text":"Default Inference","type":"RA","timestamp":"2023-11-09 14:58:48"},{"nodeID":"1383679","text":"Arguing","type":"YA","timestamp":"2023-11-09 14:58:48"},{"nodeID":"1383680","text":"that same village also has traffic coming down with tourism from Liverpool and Manchester every summer","type":"I","timestamp":"2023-11-09 14:58:48"},{"nodeID":"1383681","text":"Liz Saville Roberts: That same village also has traffic coming down with tourism from Liverpool and Manchester every summer","type":"L","timestamp":"2023-11-09 14:58:48"},{"nodeID":"1383682","text":"Analysing","type":"YA","timestamp":"2023-11-09 14:58:48"},{"nodeID":"1383683","text":"Fyfe: Liz Saville Roberts: That same village also has traffic coming down with tourism from Liverpool and Manchester every summer","type":"L","timestamp":"2023-11-09 14:58:48"},{"nodeID":"1383684","text":"Asserting","type":"YA","timestamp":"2023-11-09 14:58:48"},{"nodeID":"1383685","text":"Default Transition","type":"TA","timestamp":"2023-11-09 14:58:48"},{"nodeID":"1383686","text":"tourism from Liverpool and Manchester blocks the village up and people have been injured on the road","type":"I","timestamp":"2023-11-09 14:58:49"},{"nodeID":"1383687","text":"Liz Saville Roberts: which blocks it up and people have been injured on the road","type":"L","timestamp":"2023-11-09 14:58:49"},{"nodeID":"1383688","text":"Analysing","type":"YA","timestamp":"2023-11-09 14:58:49"},{"nodeID":"1383689","text":"Fyfe: Liz Saville Roberts: which blocks it up and people have been injured on the road","type":"L","timestamp":"2023-11-09 14:58:49"},{"nodeID":"1383690","text":"Asserting","type":"YA","timestamp":"2023-11-09 14:58:49"},{"nodeID":"1383691","text":"Default Transition","type":"TA","timestamp":"2023-11-09 14:58:49"},{"nodeID":"1383692","text":"Default Rephrase","type":"MA","timestamp":"2023-11-09 14:58:49"},{"nodeID":"1383693","text":"Restating","type":"YA","timestamp":"2023-11-09 14:58:49"},{"nodeID":"1383694","text":"we applied to Welsh government for a bypass that actually was an access to that airfield","type":"I","timestamp":"2023-11-09 14:58:50"},{"nodeID":"1383695","text":"Liz Saville Roberts: We applied to Welsh government for a bypass that actually was an access to that airfield","type":"L","timestamp":"2023-11-09 14:58:50"},{"nodeID":"1383696","text":"Analysing","type":"YA","timestamp":"2023-11-09 14:58:50"},{"nodeID":"1383697","text":"Fyfe: Liz Saville Roberts: We applied to Welsh government for a bypass that actually was an access to that airfield","type":"L","timestamp":"2023-11-09 14:58:50"},{"nodeID":"1383698","text":"Asserting","type":"YA","timestamp":"2023-11-09 14:58:50"},{"nodeID":"1383699","text":"Default Transition","type":"TA","timestamp":"2023-11-09 14:58:50"},{"nodeID":"1383700","text":"we were refused access to the former RAF airfield","type":"I","timestamp":"2023-11-09 14:58:50"},{"nodeID":"1383701","text":"Liz Saville Roberts: we were refused","type":"L","timestamp":"2023-11-09 14:58:50"},{"nodeID":"1383702","text":"Analysing","type":"YA","timestamp":"2023-11-09 14:58:50"},{"nodeID":"1383703","text":"Fyfe: Liz Saville Roberts: we were refused","type":"L","timestamp":"2023-11-09 14:58:50"},{"nodeID":"1383704","text":"Asserting","type":"YA","timestamp":"2023-11-09 14:58:50"},{"nodeID":"1383705","text":"Default Transition","type":"TA","timestamp":"2023-11-09 14:58:50"},{"nodeID":"1383706","text":"Default Rephrase","type":"MA","timestamp":"2023-11-09 14:58:50"},{"nodeID":"1383707","text":"Restating","type":"YA","timestamp":"2023-11-09 14:58:50"},{"nodeID":"1383708","text":"we applied to, levelling up, UK government as well","type":"I","timestamp":"2023-11-09 14:58:51"},{"nodeID":"1383709","text":"Liz Saville Roberts: We applied to, levelling up, UK government as well","type":"L","timestamp":"2023-11-09 14:58:51"},{"nodeID":"1383710","text":"Analysing","type":"YA","timestamp":"2023-11-09 14:58:51"},{"nodeID":"1383711","text":"Fyfe: Liz Saville Roberts: We applied to, levelling up, UK government as well","type":"L","timestamp":"2023-11-09 14:58:51"},{"nodeID":"1383712","text":"Asserting","type":"YA","timestamp":"2023-11-09 14:58:51"},{"nodeID":"1383713","text":"Default Transition","type":"TA","timestamp":"2023-11-09 14:58:51"},{"nodeID":"1383714","text":"we were refused access to the former RAF airfield again","type":"I","timestamp":"2023-11-09 14:58:52"},{"nodeID":"1383715","text":"Liz Saville Roberts: we were refused again","type":"L","timestamp":"2023-11-09 14:58:52"},{"nodeID":"1383716","text":"Analysing","type":"YA","timestamp":"2023-11-09 14:58:52"},{"nodeID":"1383717","text":"Fyfe: Liz Saville Roberts: we were refused again","type":"L","timestamp":"2023-11-09 14:58:52"},{"nodeID":"1383718","text":"Asserting","type":"YA","timestamp":"2023-11-09 14:58:52"},{"nodeID":"1383719","text":"Default Transition","type":"TA","timestamp":"2023-11-09 14:58:52"},{"nodeID":"1383720","text":"Default Rephrase","type":"MA","timestamp":"2023-11-09 14:58:52"},{"nodeID":"1383721","text":"Restating","type":"YA","timestamp":"2023-11-09 14:58:52"},{"nodeID":"1383722","text":"Default Rephrase","type":"MA","timestamp":"2023-11-09 14:58:52"},{"nodeID":"1383723","text":"Default Transition","type":"TA","timestamp":"2023-11-09 14:58:52"},{"nodeID":"1383724","text":"Restating","type":"YA","timestamp":"2023-11-09 14:58:52"},{"nodeID":"1383725","text":"Dwyfor Meirionnydd is highly dependent on tourism","type":"I","timestamp":"2023-11-09 14:58:52"},{"nodeID":"1383726","text":"Liz Saville Roberts: Dwyfor Meirionnydd is highly dependent on tourism","type":"L","timestamp":"2023-11-09 14:58:52"},{"nodeID":"1383727","text":"Analysing","type":"YA","timestamp":"2023-11-09 14:58:52"},{"nodeID":"1383728","text":"Fyfe: Liz Saville Roberts: Dwyfor Meirionnydd is highly dependent on tourism","type":"L","timestamp":"2023-11-09 14:58:52"},{"nodeID":"1383729","text":"Asserting","type":"YA","timestamp":"2023-11-09 14:58:52"},{"nodeID":"1383730","text":"Default Transition","type":"TA","timestamp":"2023-11-09 14:58:52"},{"nodeID":"1383731","text":"Dwyfor Meirionnydd being highly dependent on tourism is great","type":"I","timestamp":"2023-11-09 14:58:53"},{"nodeID":"1383732","text":"Liz Saville Roberts: which is great","type":"L","timestamp":"2023-11-09 14:58:53"},{"nodeID":"1383733","text":"Analysing","type":"YA","timestamp":"2023-11-09 14:58:53"},{"nodeID":"1383734","text":"Fyfe: Liz Saville Roberts: which is great","type":"L","timestamp":"2023-11-09 14:58:53"},{"nodeID":"1383735","text":"Asserting","type":"YA","timestamp":"2023-11-09 14:58:53"},{"nodeID":"1383736","text":"Default Transition","type":"TA","timestamp":"2023-11-09 14:58:53"},{"nodeID":"1383737","text":"Default Rephrase","type":"MA","timestamp":"2023-11-09 14:58:53"},{"nodeID":"1383738","text":"Restating","type":"YA","timestamp":"2023-11-09 14:58:53"},{"nodeID":"1383739","text":"Default Conflict","type":"CA","timestamp":"2023-11-09 14:58:53"},{"nodeID":"1383740","text":"Default Transition","type":"TA","timestamp":"2023-11-09 14:58:53"},{"nodeID":"1383741","text":"Disagreeing","type":"YA","timestamp":"2023-11-09 14:58:53"}],"edges":[{"edgeID":"1808188","fromID":"1383608","toID":"1383607","formEdgeID":null},{"edgeID":"1808189","fromID":"1383609","toID":"1383608","formEdgeID":null},{"edgeID":"1808190","fromID":"1383607","toID":"1383610","formEdgeID":null},{"edgeID":"1808191","fromID":"1383610","toID":"1383606","formEdgeID":null},{"edgeID":"1808192","fromID":"1383613","toID":"1383612","formEdgeID":null},{"edgeID":"1808193","fromID":"1383614","toID":"1383613","formEdgeID":null},{"edgeID":"1808194","fromID":"1383612","toID":"1383615","formEdgeID":null},{"edgeID":"1808195","fromID":"1383615","toID":"1383611","formEdgeID":null},{"edgeID":"1808196","fromID":"1383607","toID":"1383616","formEdgeID":null},{"edgeID":"1808197","fromID":"1383616","toID":"1383612","formEdgeID":null},{"edgeID":"1808198","fromID":"1383611","toID":"1383617","formEdgeID":null},{"edgeID":"1808199","fromID":"1383617","toID":"1383606","formEdgeID":null},{"edgeID":"1808200","fromID":"1383616","toID":"1383618","formEdgeID":null},{"edgeID":"1808201","fromID":"1383618","toID":"1383617","formEdgeID":null},{"edgeID":"1808202","fromID":"1383621","toID":"1383620","formEdgeID":null},{"edgeID":"1808203","fromID":"1383622","toID":"1383621","formEdgeID":null},{"edgeID":"1808204","fromID":"1383620","toID":"1383623","formEdgeID":null},{"edgeID":"1808205","fromID":"1383623","toID":"1383619","formEdgeID":null},{"edgeID":"1808206","fromID":"1383626","toID":"1383625","formEdgeID":null},{"edgeID":"1808207","fromID":"1383627","toID":"1383626","formEdgeID":null},{"edgeID":"1808208","fromID":"1383625","toID":"1383628","formEdgeID":null},{"edgeID":"1808209","fromID":"1383628","toID":"1383624","formEdgeID":null},{"edgeID":"1808210","fromID":"1383620","toID":"1383629","formEdgeID":null},{"edgeID":"1808211","fromID":"1383629","toID":"1383625","formEdgeID":null},{"edgeID":"1808212","fromID":"1383624","toID":"1383630","formEdgeID":null},{"edgeID":"1808213","fromID":"1383630","toID":"1383619","formEdgeID":null},{"edgeID":"1808214","fromID":"1383629","toID":"1383631","formEdgeID":null},{"edgeID":"1808215","fromID":"1383631","toID":"1383630","formEdgeID":null},{"edgeID":"1808216","fromID":"1383634","toID":"1383633","formEdgeID":null},{"edgeID":"1808217","fromID":"1383635","toID":"1383634","formEdgeID":null},{"edgeID":"1808218","fromID":"1383633","toID":"1383636","formEdgeID":null},{"edgeID":"1808219","fromID":"1383636","toID":"1383632","formEdgeID":null},{"edgeID":"1808220","fromID":"1383625","toID":"1383637","formEdgeID":null},{"edgeID":"1808221","fromID":"1383637","toID":"1383633","formEdgeID":null},{"edgeID":"1808222","fromID":"1383640","toID":"1383639","formEdgeID":null},{"edgeID":"1808223","fromID":"1383641","toID":"1383640","formEdgeID":null},{"edgeID":"1808224","fromID":"1383639","toID":"1383642","formEdgeID":null},{"edgeID":"1808225","fromID":"1383642","toID":"1383638","formEdgeID":null},{"edgeID":"1808226","fromID":"1383633","toID":"1383643","formEdgeID":null},{"edgeID":"1808227","fromID":"1383643","toID":"1383639","formEdgeID":null},{"edgeID":"1808228","fromID":"1383638","toID":"1383644","formEdgeID":null},{"edgeID":"1808229","fromID":"1383644","toID":"1383632","formEdgeID":null},{"edgeID":"1808230","fromID":"1383647","toID":"1383646","formEdgeID":null},{"edgeID":"1808231","fromID":"1383648","toID":"1383647","formEdgeID":null},{"edgeID":"1808232","fromID":"1383646","toID":"1383649","formEdgeID":null},{"edgeID":"1808233","fromID":"1383649","toID":"1383645","formEdgeID":null},{"edgeID":"1808234","fromID":"1383639","toID":"1383650","formEdgeID":null},{"edgeID":"1808235","fromID":"1383650","toID":"1383646","formEdgeID":null},{"edgeID":"1808236","fromID":"1383653","toID":"1383652","formEdgeID":null},{"edgeID":"1808237","fromID":"1383654","toID":"1383653","formEdgeID":null},{"edgeID":"1808238","fromID":"1383652","toID":"1383655","formEdgeID":null},{"edgeID":"1808239","fromID":"1383655","toID":"1383651","formEdgeID":null},{"edgeID":"1808240","fromID":"1383645","toID":"1383656","formEdgeID":null},{"edgeID":"1808241","fromID":"1383656","toID":"1383638","formEdgeID":null},{"edgeID":"1808242","fromID":"1383650","toID":"1383657","formEdgeID":null},{"edgeID":"1808243","fromID":"1383657","toID":"1383656","formEdgeID":null},{"edgeID":"1808244","fromID":"1383660","toID":"1383659","formEdgeID":null},{"edgeID":"1808245","fromID":"1383661","toID":"1383660","formEdgeID":null},{"edgeID":"1808246","fromID":"1383659","toID":"1383662","formEdgeID":null},{"edgeID":"1808247","fromID":"1383662","toID":"1383658","formEdgeID":null},{"edgeID":"1808248","fromID":"1383646","toID":"1383663","formEdgeID":null},{"edgeID":"1808249","fromID":"1383663","toID":"1383659","formEdgeID":null},{"edgeID":"1808250","fromID":"1383658","toID":"1383664","formEdgeID":null},{"edgeID":"1808251","fromID":"1383664","toID":"1383645","formEdgeID":null},{"edgeID":"1808252","fromID":"1383663","toID":"1383665","formEdgeID":null},{"edgeID":"1808253","fromID":"1383665","toID":"1383664","formEdgeID":null},{"edgeID":"1808254","fromID":"1383668","toID":"1383667","formEdgeID":null},{"edgeID":"1808255","fromID":"1383669","toID":"1383668","formEdgeID":null},{"edgeID":"1808256","fromID":"1383667","toID":"1383670","formEdgeID":null},{"edgeID":"1808257","fromID":"1383670","toID":"1383666","formEdgeID":null},{"edgeID":"1808258","fromID":"1383659","toID":"1383671","formEdgeID":null},{"edgeID":"1808259","fromID":"1383671","toID":"1383667","formEdgeID":null},{"edgeID":"1808260","fromID":"1383674","toID":"1383673","formEdgeID":null},{"edgeID":"1808261","fromID":"1383675","toID":"1383674","formEdgeID":null},{"edgeID":"1808262","fromID":"1383673","toID":"1383676","formEdgeID":null},{"edgeID":"1808263","fromID":"1383676","toID":"1383672","formEdgeID":null},{"edgeID":"1808264","fromID":"1383667","toID":"1383677","formEdgeID":null},{"edgeID":"1808265","fromID":"1383677","toID":"1383673","formEdgeID":null},{"edgeID":"1808266","fromID":"1383672","toID":"1383678","formEdgeID":null},{"edgeID":"1808267","fromID":"1383678","toID":"1383666","formEdgeID":null},{"edgeID":"1808268","fromID":"1383677","toID":"1383679","formEdgeID":null},{"edgeID":"1808269","fromID":"1383679","toID":"1383678","formEdgeID":null},{"edgeID":"1808270","fromID":"1383682","toID":"1383681","formEdgeID":null},{"edgeID":"1808271","fromID":"1383683","toID":"1383682","formEdgeID":null},{"edgeID":"1808272","fromID":"1383681","toID":"1383684","formEdgeID":null},{"edgeID":"1808273","fromID":"1383684","toID":"1383680","formEdgeID":null},{"edgeID":"1808274","fromID":"1383673","toID":"1383685","formEdgeID":null},{"edgeID":"1808275","fromID":"1383685","toID":"1383681","formEdgeID":null},{"edgeID":"1808276","fromID":"1383688","toID":"1383687","formEdgeID":null},{"edgeID":"1808277","fromID":"1383689","toID":"1383688","formEdgeID":null},{"edgeID":"1808278","fromID":"1383687","toID":"1383690","formEdgeID":null},{"edgeID":"1808279","fromID":"1383690","toID":"1383686","formEdgeID":null},{"edgeID":"1808280","fromID":"1383681","toID":"1383691","formEdgeID":null},{"edgeID":"1808281","fromID":"1383691","toID":"1383687","formEdgeID":null},{"edgeID":"1808282","fromID":"1383686","toID":"1383692","formEdgeID":null},{"edgeID":"1808283","fromID":"1383692","toID":"1383680","formEdgeID":null},{"edgeID":"1808284","fromID":"1383691","toID":"1383693","formEdgeID":null},{"edgeID":"1808285","fromID":"1383693","toID":"1383692","formEdgeID":null},{"edgeID":"1808286","fromID":"1383696","toID":"1383695","formEdgeID":null},{"edgeID":"1808287","fromID":"1383697","toID":"1383696","formEdgeID":null},{"edgeID":"1808288","fromID":"1383695","toID":"1383698","formEdgeID":null},{"edgeID":"1808289","fromID":"1383698","toID":"1383694","formEdgeID":null},{"edgeID":"1808290","fromID":"1383687","toID":"1383699","formEdgeID":null},{"edgeID":"1808291","fromID":"1383699","toID":"1383695","formEdgeID":null},{"edgeID":"1808292","fromID":"1383702","toID":"1383701","formEdgeID":null},{"edgeID":"1808293","fromID":"1383703","toID":"1383702","formEdgeID":null},{"edgeID":"1808294","fromID":"1383701","toID":"1383704","formEdgeID":null},{"edgeID":"1808295","fromID":"1383704","toID":"1383700","formEdgeID":null},{"edgeID":"1808296","fromID":"1383695","toID":"1383705","formEdgeID":null},{"edgeID":"1808297","fromID":"1383705","toID":"1383701","formEdgeID":null},{"edgeID":"1808298","fromID":"1383700","toID":"1383706","formEdgeID":null},{"edgeID":"1808299","fromID":"1383706","toID":"1383694","formEdgeID":null},{"edgeID":"1808300","fromID":"1383705","toID":"1383707","formEdgeID":null},{"edgeID":"1808301","fromID":"1383707","toID":"1383706","formEdgeID":null},{"edgeID":"1808302","fromID":"1383710","toID":"1383709","formEdgeID":null},{"edgeID":"1808303","fromID":"1383711","toID":"1383710","formEdgeID":null},{"edgeID":"1808304","fromID":"1383709","toID":"1383712","formEdgeID":null},{"edgeID":"1808305","fromID":"1383712","toID":"1383708","formEdgeID":null},{"edgeID":"1808306","fromID":"1383701","toID":"1383713","formEdgeID":null},{"edgeID":"1808307","fromID":"1383713","toID":"1383709","formEdgeID":null},{"edgeID":"1808308","fromID":"1383716","toID":"1383715","formEdgeID":null},{"edgeID":"1808309","fromID":"1383717","toID":"1383716","formEdgeID":null},{"edgeID":"1808310","fromID":"1383715","toID":"1383718","formEdgeID":null},{"edgeID":"1808311","fromID":"1383718","toID":"1383714","formEdgeID":null},{"edgeID":"1808312","fromID":"1383709","toID":"1383719","formEdgeID":null},{"edgeID":"1808313","fromID":"1383719","toID":"1383715","formEdgeID":null},{"edgeID":"1808314","fromID":"1383714","toID":"1383720","formEdgeID":null},{"edgeID":"1808315","fromID":"1383720","toID":"1383708","formEdgeID":null},{"edgeID":"1808316","fromID":"1383719","toID":"1383721","formEdgeID":null},{"edgeID":"1808317","fromID":"1383721","toID":"1383720","formEdgeID":null},{"edgeID":"1808318","fromID":"1383619","toID":"1383722","formEdgeID":null},{"edgeID":"1808319","fromID":"1383722","toID":"1383606","formEdgeID":null},{"edgeID":"1808320","fromID":"1383607","toID":"1383723","formEdgeID":null},{"edgeID":"1808321","fromID":"1383723","toID":"1383620","formEdgeID":null},{"edgeID":"1808322","fromID":"1383723","toID":"1383724","formEdgeID":null},{"edgeID":"1808323","fromID":"1383724","toID":"1383722","formEdgeID":null},{"edgeID":"1808324","fromID":"1383727","toID":"1383726","formEdgeID":null},{"edgeID":"1808325","fromID":"1383728","toID":"1383727","formEdgeID":null},{"edgeID":"1808326","fromID":"1383726","toID":"1383729","formEdgeID":null},{"edgeID":"1808327","fromID":"1383729","toID":"1383725","formEdgeID":null},{"edgeID":"1808328","fromID":"1383646","toID":"1383730","formEdgeID":null},{"edgeID":"1808329","fromID":"1383730","toID":"1383726","formEdgeID":null},{"edgeID":"1808330","fromID":"1383733","toID":"1383732","formEdgeID":null},{"edgeID":"1808331","fromID":"1383734","toID":"1383733","formEdgeID":null},{"edgeID":"1808332","fromID":"1383732","toID":"1383735","formEdgeID":null},{"edgeID":"1808333","fromID":"1383735","toID":"1383731","formEdgeID":null},{"edgeID":"1808334","fromID":"1383726","toID":"1383736","formEdgeID":null},{"edgeID":"1808335","fromID":"1383736","toID":"1383732","formEdgeID":null},{"edgeID":"1808336","fromID":"1383731","toID":"1383737","formEdgeID":null},{"edgeID":"1808337","fromID":"1383737","toID":"1383725","formEdgeID":null},{"edgeID":"1808338","fromID":"1383736","toID":"1383738","formEdgeID":null},{"edgeID":"1808339","fromID":"1383738","toID":"1383737","formEdgeID":null},{"edgeID":"1808340","fromID":"1383651","toID":"1383739","formEdgeID":null},{"edgeID":"1808341","fromID":"1383739","toID":"1383731","formEdgeID":null},{"edgeID":"1808342","fromID":"1383732","toID":"1383740","formEdgeID":null},{"edgeID":"1808343","fromID":"1383740","toID":"1383652","formEdgeID":null},{"edgeID":"1808344","fromID":"1383740","toID":"1383741","formEdgeID":null},{"edgeID":"1808345","fromID":"1383741","toID":"1383739","formEdgeID":null}],"locutions":[]}