{"nodes":[{"nodeID":"1384752","text":"the lack of investment into the electrification of transport is why it would help if the Tories would invest in renewable energy and in the electric cars","type":"I","timestamp":"2023-11-09 15:00:22"},{"nodeID":"1384753","text":"Thangam Debbonaire: Which is why it would help if the Tories would invest in renewable energy and in the electric cars","type":"L","timestamp":"2023-11-09 15:00:22"},{"nodeID":"1384754","text":"Analysing","type":"YA","timestamp":"2023-11-09 15:00:22"},{"nodeID":"1384755","text":"Louise: Thangam Debbonaire: Which is why it would help if the Tories would invest in renewable energy and in the electric cars","type":"L","timestamp":"2023-11-09 15:00:22"},{"nodeID":"1384756","text":"Asserting","type":"YA","timestamp":"2023-11-09 15:00:22"},{"nodeID":"1384757","text":"the Tories are investing in renewable energy and in electric cars","type":"I","timestamp":"2023-11-09 15:00:23"},{"nodeID":"1384758","text":"David Davies: we are doing","type":"L","timestamp":"2023-11-09 15:00:23"},{"nodeID":"1384759","text":"Analysing","type":"YA","timestamp":"2023-11-09 15:00:23"},{"nodeID":"1384760","text":"Louise: David Davies: we are doing","type":"L","timestamp":"2023-11-09 15:00:23"},{"nodeID":"1384761","text":"Asserting","type":"YA","timestamp":"2023-11-09 15:00:23"},{"nodeID":"1384762","text":"Default Transition","type":"TA","timestamp":"2023-11-09 15:00:23"},{"nodeID":"1384763","text":"Default Conflict","type":"CA","timestamp":"2023-11-09 15:00:23"},{"nodeID":"1384764","text":"Disagreeing","type":"YA","timestamp":"2023-11-09 15:00:23"},{"nodeID":"1384765","text":"it\u2019s particularly rich of Thangam Debbonaire to turn the question around when she won't answer the original question in the first place","type":"I","timestamp":"2023-11-09 15:00:23"},{"nodeID":"1384766","text":"AudienceMember 20230330QT49: it\u2019s particularly rich of the representative from Labour to turn the question around when she won't answer the original question in the first place","type":"L","timestamp":"2023-11-09 15:00:23"},{"nodeID":"1384767","text":"Analysing","type":"YA","timestamp":"2023-11-09 15:00:23"},{"nodeID":"1384768","text":"Louise: AudienceMember 20230330QT49: it\u2019s particularly rich of the representative from Labour to turn the question around when she won't answer the original question in the first place","type":"L","timestamp":"2023-11-09 15:00:23"},{"nodeID":"1384769","text":"Asserting","type":"YA","timestamp":"2023-11-09 15:00:23"},{"nodeID":"1384770","text":"Default Transition","type":"TA","timestamp":"2023-11-09 15:00:23"},{"nodeID":"1384771","text":"Thangam Debbaonire was given a good go at answering the question","type":"I","timestamp":"2023-11-09 15:00:24"},{"nodeID":"1384772","text":"Fiona Bruce: Thangam, I gave you a good go there","type":"L","timestamp":"2023-11-09 15:00:24"},{"nodeID":"1384773","text":"Analysing","type":"YA","timestamp":"2023-11-09 15:00:24"},{"nodeID":"1384774","text":"Louise: Fiona Bruce: Thangam, I gave you a good go there","type":"L","timestamp":"2023-11-09 15:00:24"},{"nodeID":"1384775","text":"Asserting","type":"YA","timestamp":"2023-11-09 15:00:24"},{"nodeID":"1384776","text":"Default Conflict","type":"CA","timestamp":"2023-11-09 15:00:24"},{"nodeID":"1384777","text":"Default Transition","type":"TA","timestamp":"2023-11-09 15:00:24"},{"nodeID":"1384778","text":"Disagreeing","type":"YA","timestamp":"2023-11-09 15:00:24"},{"nodeID":"1384779","text":"Fiona Bruce hope's Thangam Debbonaire agrees she was given a good go at answering the question","type":"I","timestamp":"2023-11-09 15:00:25"},{"nodeID":"1384780","text":"Fiona Bruce: I hope you\u2019ll agree","type":"L","timestamp":"2023-11-09 15:00:25"},{"nodeID":"1384781","text":"Analysing","type":"YA","timestamp":"2023-11-09 15:00:25"},{"nodeID":"1384782","text":"Louise: Fiona Bruce: I hope you\u2019ll agree","type":"L","timestamp":"2023-11-09 15:00:25"},{"nodeID":"1384783","text":"Asserting","type":"YA","timestamp":"2023-11-09 15:00:25"},{"nodeID":"1384784","text":"Default Rephrase","type":"MA","timestamp":"2023-11-09 15:00:25"},{"nodeID":"1384785","text":"Default Transition","type":"TA","timestamp":"2023-11-09 15:00:25"},{"nodeID":"1384786","text":"Restating","type":"YA","timestamp":"2023-11-09 15:00:25"},{"nodeID":"1384787","text":"Thangam Debbonaire:  I do","type":"L","timestamp":"2023-11-09 15:00:25"},{"nodeID":"1384788","text":"Analysing","type":"YA","timestamp":"2023-11-09 15:00:25"},{"nodeID":"1384789","text":"Louise: Thangam Debbonaire:  I do","type":"L","timestamp":"2023-11-09 15:00:25"},{"nodeID":"1384790","text":"Agreeing","type":"YA","timestamp":"2023-11-09 15:00:25"},{"nodeID":"1384791","text":"Default Transition","type":"TA","timestamp":"2023-11-09 15:00:25"},{"nodeID":"1384792","text":"we could\u2019ve talked about roads for a whole hour","type":"I","timestamp":"2023-11-09 15:00:25"},{"nodeID":"1384793","text":"Fiona Bruce:  we could\u2019ve talked about roads for a whole hour","type":"L","timestamp":"2023-11-09 15:00:25"},{"nodeID":"1384794","text":"Analysing","type":"YA","timestamp":"2023-11-09 15:00:25"},{"nodeID":"1384795","text":"Louise: Fiona Bruce:  we could\u2019ve talked about roads for a whole hour","type":"L","timestamp":"2023-11-09 15:00:25"},{"nodeID":"1384796","text":"Asserting","type":"YA","timestamp":"2023-11-09 15:00:25"},{"nodeID":"1384797","text":"Default Transition","type":"TA","timestamp":"2023-11-09 15:00:25"},{"nodeID":"1384798","text":"Fiona Bruce thinks maybe everyone else in the UK might be glad that we didn\u2019t discuss roads for a whole hour","type":"I","timestamp":"2023-11-09 15:00:26"},{"nodeID":"1384799","text":"Fiona Bruce: I\u2019m thinking maybe everyone else in the UK might be glad that we didn\u2019t","type":"L","timestamp":"2023-11-09 15:00:26"},{"nodeID":"1384800","text":"Analysing","type":"YA","timestamp":"2023-11-09 15:00:26"},{"nodeID":"1384801","text":"Louise: Fiona Bruce: I\u2019m thinking maybe everyone else in the UK might be glad that we didn\u2019t","type":"L","timestamp":"2023-11-09 15:00:26"},{"nodeID":"1384802","text":"Asserting","type":"YA","timestamp":"2023-11-09 15:00:26"},{"nodeID":"1384803","text":"Default Rephrase","type":"MA","timestamp":"2023-11-09 15:00:26"},{"nodeID":"1384804","text":"Default Transition","type":"TA","timestamp":"2023-11-09 15:00:26"},{"nodeID":"1384805","text":"Restating","type":"YA","timestamp":"2023-11-09 15:00:26"},{"nodeID":"1384806","text":"roads is clearly a very very hot and passionate topic here in Wales","type":"I","timestamp":"2023-11-09 15:00:27"},{"nodeID":"1384807","text":"Fiona Bruce: it\u2019s clearly a very very hot and passionate topic here in Wales","type":"L","timestamp":"2023-11-09 15:00:27"},{"nodeID":"1384808","text":"Analysing","type":"YA","timestamp":"2023-11-09 15:00:27"},{"nodeID":"1384809","text":"Louise: Fiona Bruce: it\u2019s clearly a very very hot and passionate topic here in Wales","type":"L","timestamp":"2023-11-09 15:00:27"},{"nodeID":"1384810","text":"Asserting","type":"YA","timestamp":"2023-11-09 15:00:27"},{"nodeID":"1384811","text":"Default Inference","type":"RA","timestamp":"2023-11-09 15:00:27"},{"nodeID":"1384812","text":"Default Transition","type":"TA","timestamp":"2023-11-09 15:00:27"},{"nodeID":"1384813","text":"Arguing","type":"YA","timestamp":"2023-11-09 15:00:27"}],"edges":[{"edgeID":"1809518","fromID":"1384754","toID":"1384753","formEdgeID":null},{"edgeID":"1809519","fromID":"1384755","toID":"1384754","formEdgeID":null},{"edgeID":"1809520","fromID":"1384753","toID":"1384756","formEdgeID":null},{"edgeID":"1809521","fromID":"1384756","toID":"1384752","formEdgeID":null},{"edgeID":"1809522","fromID":"1384759","toID":"1384758","formEdgeID":null},{"edgeID":"1809523","fromID":"1384760","toID":"1384759","formEdgeID":null},{"edgeID":"1809524","fromID":"1384758","toID":"1384761","formEdgeID":null},{"edgeID":"1809525","fromID":"1384761","toID":"1384757","formEdgeID":null},{"edgeID":"1809526","fromID":"1384753","toID":"1384762","formEdgeID":null},{"edgeID":"1809527","fromID":"1384762","toID":"1384758","formEdgeID":null},{"edgeID":"1809528","fromID":"1384757","toID":"1384763","formEdgeID":null},{"edgeID":"1809529","fromID":"1384763","toID":"1384752","formEdgeID":null},{"edgeID":"1809530","fromID":"1384762","toID":"1384764","formEdgeID":null},{"edgeID":"1809531","fromID":"1384764","toID":"1384763","formEdgeID":null},{"edgeID":"1809532","fromID":"1384767","toID":"1384766","formEdgeID":null},{"edgeID":"1809533","fromID":"1384768","toID":"1384767","formEdgeID":null},{"edgeID":"1809534","fromID":"1384766","toID":"1384769","formEdgeID":null},{"edgeID":"1809535","fromID":"1384769","toID":"1384765","formEdgeID":null},{"edgeID":"1809536","fromID":"1384758","toID":"1384770","formEdgeID":null},{"edgeID":"1809537","fromID":"1384770","toID":"1384766","formEdgeID":null},{"edgeID":"1809538","fromID":"1384773","toID":"1384772","formEdgeID":null},{"edgeID":"1809539","fromID":"1384774","toID":"1384773","formEdgeID":null},{"edgeID":"1809540","fromID":"1384772","toID":"1384775","formEdgeID":null},{"edgeID":"1809541","fromID":"1384775","toID":"1384771","formEdgeID":null},{"edgeID":"1809542","fromID":"1384771","toID":"1384776","formEdgeID":null},{"edgeID":"1809543","fromID":"1384776","toID":"1384765","formEdgeID":null},{"edgeID":"1809544","fromID":"1384766","toID":"1384777","formEdgeID":null},{"edgeID":"1809545","fromID":"1384777","toID":"1384772","formEdgeID":null},{"edgeID":"1809546","fromID":"1384777","toID":"1384778","formEdgeID":null},{"edgeID":"1809547","fromID":"1384778","toID":"1384776","formEdgeID":null},{"edgeID":"1809548","fromID":"1384781","toID":"1384780","formEdgeID":null},{"edgeID":"1809549","fromID":"1384782","toID":"1384781","formEdgeID":null},{"edgeID":"1809550","fromID":"1384780","toID":"1384783","formEdgeID":null},{"edgeID":"1809551","fromID":"1384783","toID":"1384779","formEdgeID":null},{"edgeID":"1809552","fromID":"1384779","toID":"1384784","formEdgeID":null},{"edgeID":"1809553","fromID":"1384784","toID":"1384771","formEdgeID":null},{"edgeID":"1809554","fromID":"1384772","toID":"1384785","formEdgeID":null},{"edgeID":"1809555","fromID":"1384785","toID":"1384780","formEdgeID":null},{"edgeID":"1809556","fromID":"1384785","toID":"1384786","formEdgeID":null},{"edgeID":"1809557","fromID":"1384786","toID":"1384784","formEdgeID":null},{"edgeID":"1809558","fromID":"1384788","toID":"1384787","formEdgeID":null},{"edgeID":"1809559","fromID":"1384789","toID":"1384788","formEdgeID":null},{"edgeID":"1809560","fromID":"1384787","toID":"1384790","formEdgeID":null},{"edgeID":"1809561","fromID":"1384790","toID":"1384779","formEdgeID":null},{"edgeID":"1809562","fromID":"1384780","toID":"1384791","formEdgeID":null},{"edgeID":"1809563","fromID":"1384791","toID":"1384787","formEdgeID":null},{"edgeID":"1809564","fromID":"1384794","toID":"1384793","formEdgeID":null},{"edgeID":"1809565","fromID":"1384795","toID":"1384794","formEdgeID":null},{"edgeID":"1809566","fromID":"1384793","toID":"1384796","formEdgeID":null},{"edgeID":"1809567","fromID":"1384796","toID":"1384792","formEdgeID":null},{"edgeID":"1809568","fromID":"1384787","toID":"1384797","formEdgeID":null},{"edgeID":"1809569","fromID":"1384797","toID":"1384793","formEdgeID":null},{"edgeID":"1809570","fromID":"1384800","toID":"1384799","formEdgeID":null},{"edgeID":"1809571","fromID":"1384801","toID":"1384800","formEdgeID":null},{"edgeID":"1809572","fromID":"1384799","toID":"1384802","formEdgeID":null},{"edgeID":"1809573","fromID":"1384802","toID":"1384798","formEdgeID":null},{"edgeID":"1809574","fromID":"1384798","toID":"1384803","formEdgeID":null},{"edgeID":"1809575","fromID":"1384803","toID":"1384792","formEdgeID":null},{"edgeID":"1809576","fromID":"1384793","toID":"1384804","formEdgeID":null},{"edgeID":"1809577","fromID":"1384804","toID":"1384799","formEdgeID":null},{"edgeID":"1809578","fromID":"1384804","toID":"1384805","formEdgeID":null},{"edgeID":"1809579","fromID":"1384805","toID":"1384803","formEdgeID":null},{"edgeID":"1809580","fromID":"1384808","toID":"1384807","formEdgeID":null},{"edgeID":"1809581","fromID":"1384809","toID":"1384808","formEdgeID":null},{"edgeID":"1809582","fromID":"1384807","toID":"1384810","formEdgeID":null},{"edgeID":"1809583","fromID":"1384810","toID":"1384806","formEdgeID":null},{"edgeID":"1809584","fromID":"1384792","toID":"1384811","formEdgeID":null},{"edgeID":"1809585","fromID":"1384811","toID":"1384806","formEdgeID":null},{"edgeID":"1809586","fromID":"1384793","toID":"1384812","formEdgeID":null},{"edgeID":"1809587","fromID":"1384812","toID":"1384807","formEdgeID":null},{"edgeID":"1809588","fromID":"1384812","toID":"1384813","formEdgeID":null},{"edgeID":"1809589","fromID":"1384813","toID":"1384811","formEdgeID":null}],"locutions":[]}