{"nodes":[{"nodeID":"1379341","text":"Labour have been to Newport facility","type":"I","timestamp":"2023-11-09 14:52:38"},{"nodeID":"1379342","text":"AudienceMember 20230330QT07: Labour have been there","type":"L","timestamp":"2023-11-09 14:52:38"},{"nodeID":"1379343","text":"Analysing","type":"YA","timestamp":"2023-11-09 14:52:38"},{"nodeID":"1379344","text":"Anon: AudienceMember 20230330QT07: Labour have been there","type":"L","timestamp":"2023-11-09 14:52:38"},{"nodeID":"1379345","text":"Asserting","type":"YA","timestamp":"2023-11-09 14:52:38"},{"nodeID":"1379346","text":"Plaid Cymru have been to Newport facility","type":"I","timestamp":"2023-11-09 14:52:38"},{"nodeID":"1379347","text":"AudienceMember 20230330QT07: Plaid Cymru have been there","type":"L","timestamp":"2023-11-09 14:52:38"},{"nodeID":"1379348","text":"Analysing","type":"YA","timestamp":"2023-11-09 14:52:38"},{"nodeID":"1379349","text":"Anon: AudienceMember 20230330QT07: Plaid Cymru have been there","type":"L","timestamp":"2023-11-09 14:52:38"},{"nodeID":"1379350","text":"Asserting","type":"YA","timestamp":"2023-11-09 14:52:38"},{"nodeID":"1379351","text":"Default Transition","type":"TA","timestamp":"2023-11-09 14:52:38"},{"nodeID":"1379352","text":"David Davies has been to Newport facility twice","type":"I","timestamp":"2023-11-09 14:52:39"},{"nodeID":"1379353","text":"David Davies: I've been there twice","type":"L","timestamp":"2023-11-09 14:52:39"},{"nodeID":"1379354","text":"Analysing","type":"YA","timestamp":"2023-11-09 14:52:39"},{"nodeID":"1379355","text":"Anon: David Davies: I've been there twice","type":"L","timestamp":"2023-11-09 14:52:39"},{"nodeID":"1379356","text":"Asserting","type":"YA","timestamp":"2023-11-09 14:52:39"},{"nodeID":"1379357","text":"Default Rephrase","type":"MA","timestamp":"2023-11-09 14:52:39"},{"nodeID":"1379358","text":"Restating","type":"YA","timestamp":"2023-11-09 14:52:39"},{"nodeID":"1379359","text":"Default Transition","type":"TA","timestamp":"2023-11-09 14:52:39"},{"nodeID":"1379360","text":"Analysing","type":"YA","timestamp":"2023-11-09 14:52:39"},{"nodeID":"1379361","text":"Default Transition","type":"TA","timestamp":"2023-11-09 14:52:39"},{"nodeID":"1379362","text":"Asserting","type":"YA","timestamp":"2023-11-09 14:52:39"},{"nodeID":"1379363","text":"David Davies: I\u2019ve been there twice","type":"L","timestamp":"2023-11-09 14:52:39"},{"nodeID":"1379364","text":"Analysing","type":"YA","timestamp":"2023-11-09 14:52:39"},{"nodeID":"1379365","text":"Anon: David Davies: I\u2019ve been there twice","type":"L","timestamp":"2023-11-09 14:52:39"},{"nodeID":"1379366","text":"Default Transition","type":"TA","timestamp":"2023-11-09 14:52:39"},{"nodeID":"1379367","text":"Asserting","type":"YA","timestamp":"2023-11-09 14:52:39"},{"nodeID":"1379368","text":"David Davies hasn't been to Newport facility since we\u2019ve asked","type":"I","timestamp":"2023-11-09 14:52:39"},{"nodeID":"1379369","text":"AudienceMember 20230330QT09: Not since we\u2019ve asked","type":"L","timestamp":"2023-11-09 14:52:39"},{"nodeID":"1379370","text":"Analysing","type":"YA","timestamp":"2023-11-09 14:52:39"},{"nodeID":"1379371","text":"Anon: AudienceMember 20230330QT09: Not since we\u2019ve asked","type":"L","timestamp":"2023-11-09 14:52:39"},{"nodeID":"1379372","text":"Asserting","type":"YA","timestamp":"2023-11-09 14:52:39"},{"nodeID":"1379373","text":"Default Conflict","type":"CA","timestamp":"2023-11-09 14:52:39"},{"nodeID":"1379374","text":"Default Transition","type":"TA","timestamp":"2023-11-09 14:52:39"},{"nodeID":"1379375","text":"Disagreeing","type":"YA","timestamp":"2023-11-09 14:52:39"},{"nodeID":"1379376","text":"AudienceMember 20230330QT10 is making a very valid point","type":"I","timestamp":"2023-11-09 14:52:40"},{"nodeID":"1379377","text":"Fiona Bruce: you're making a very valid point","type":"L","timestamp":"2023-11-09 14:52:40"},{"nodeID":"1379378","text":"Analysing","type":"YA","timestamp":"2023-11-09 14:52:40"},{"nodeID":"1379379","text":"Anon: Fiona Bruce: you're making a very valid point","type":"L","timestamp":"2023-11-09 14:52:40"},{"nodeID":"1379380","text":"Asserting","type":"YA","timestamp":"2023-11-09 14:52:40"},{"nodeID":"1379381","text":"Default Transition","type":"TA","timestamp":"2023-11-09 14:52:40"},{"nodeID":"1379382","text":"the major point for Newport is the fact that there is this major China ownership with Nexperia","type":"I","timestamp":"2023-11-09 14:52:41"},{"nodeID":"1379383","text":"Liz Saville Roberts:  the major point for Newport is the fact that there is this major China ownership with Nexperia","type":"L","timestamp":"2023-11-09 14:52:41"},{"nodeID":"1379384","text":"Analysing","type":"YA","timestamp":"2023-11-09 14:52:41"},{"nodeID":"1379385","text":"Anon: Liz Saville Roberts:  the major point for Newport is the fact that there is this major China ownership with Nexperia","type":"L","timestamp":"2023-11-09 14:52:41"},{"nodeID":"1379386","text":"Asserting","type":"YA","timestamp":"2023-11-09 14:52:41"},{"nodeID":"1379387","text":"Default Transition","type":"TA","timestamp":"2023-11-09 14:52:41"},{"nodeID":"1379388","text":"Nexperia, the company that owns Newport, has been used as a red herring away from the fact that we need this development","type":"I","timestamp":"2023-11-09 14:52:41"},{"nodeID":"1379389","text":"Liz Saville Roberts: the company that owns this, has been used as a red herring, away from the fact that we need this development","type":"L","timestamp":"2023-11-09 14:52:41"},{"nodeID":"1379390","text":"Analysing","type":"YA","timestamp":"2023-11-09 14:52:41"},{"nodeID":"1379391","text":"Anon: Liz Saville Roberts: the company that owns this, has been used as a red herring, away from the fact that we need this development","type":"L","timestamp":"2023-11-09 14:52:41"},{"nodeID":"1379392","text":"Asserting","type":"YA","timestamp":"2023-11-09 14:52:41"},{"nodeID":"1379393","text":"Default Transition","type":"TA","timestamp":"2023-11-09 14:52:41"},{"nodeID":"1379394","text":"Nexperia was used as a red herring away from the fact that the Newport wafer fab\u2026fabrication, the factory, which is the largest of its type in the United Kingdom","type":"I","timestamp":"2023-11-09 14:52:42"},{"nodeID":"1379395","text":"Liz Saville Roberts: away from the fact that the Newport wafer fab\u2026fabrication, the factory, which is the largest of its type in the United Kingdom","type":"L","timestamp":"2023-11-09 14:52:42"},{"nodeID":"1379396","text":"Analysing","type":"YA","timestamp":"2023-11-09 14:52:42"},{"nodeID":"1379397","text":"Anon: Liz Saville Roberts: away from the fact that the Newport wafer fab\u2026fabrication, the factory, which is the largest of its type in the United Kingdom","type":"L","timestamp":"2023-11-09 14:52:42"},{"nodeID":"1379398","text":"Asserting","type":"YA","timestamp":"2023-11-09 14:52:42"},{"nodeID":"1379399","text":"Default Transition","type":"TA","timestamp":"2023-11-09 14:52:42"},{"nodeID":"1379400","text":"Newport factory is essential to that cluster of the UK","type":"I","timestamp":"2023-11-09 14:52:42"},{"nodeID":"1379401","text":"Liz Saville Roberts: is essential to that cluster","type":"L","timestamp":"2023-11-09 14:52:42"},{"nodeID":"1379402","text":"Analysing","type":"YA","timestamp":"2023-11-09 14:52:42"},{"nodeID":"1379403","text":"Anon: Liz Saville Roberts: is essential to that cluster","type":"L","timestamp":"2023-11-09 14:52:42"},{"nodeID":"1379404","text":"Asserting","type":"YA","timestamp":"2023-11-09 14:52:42"},{"nodeID":"1379405","text":"Default Transition","type":"TA","timestamp":"2023-11-09 14:52:42"},{"nodeID":"1379406","text":"Default Inference","type":"RA","timestamp":"2023-11-09 14:52:42"},{"nodeID":"1379407","text":"Arguing","type":"YA","timestamp":"2023-11-09 14:52:42"},{"nodeID":"1379408","text":"Default Rephrase","type":"MA","timestamp":"2023-11-09 14:52:42"},{"nodeID":"1379409","text":"Restating","type":"YA","timestamp":"2023-11-09 14:52:42"},{"nodeID":"1379410","text":"Default Inference","type":"RA","timestamp":"2023-11-09 14:52:42"},{"nodeID":"1379411","text":"Arguing","type":"YA","timestamp":"2023-11-09 14:52:42"},{"nodeID":"1379412","text":"talking about the structural inequalities of the United Kingdom","type":"I","timestamp":"2023-11-09 14:52:43"},{"nodeID":"1379413","text":"Liz Saville Roberts:  talking about the structural inequalities of the United Kingdom","type":"L","timestamp":"2023-11-09 14:52:43"},{"nodeID":"1379414","text":"Analysing","type":"YA","timestamp":"2023-11-09 14:52:43"},{"nodeID":"1379415","text":"Anon: Liz Saville Roberts:  talking about the structural inequalities of the United Kingdom","type":"L","timestamp":"2023-11-09 14:52:43"},{"nodeID":"1379416","text":"Asserting","type":"YA","timestamp":"2023-11-09 14:52:43"},{"nodeID":"1379417","text":"Default Transition","type":"TA","timestamp":"2023-11-09 14:52:43"},{"nodeID":"1379418","text":"it is entirely impossible to believe that that sort of facility, if it were in the South East of England, would\u2019ve been allowed to die on its feet","type":"I","timestamp":"2023-11-09 14:52:44"},{"nodeID":"1379419","text":"Liz Saville Roberts: it is entirely impossible to believe that that sort of facility, if it were in the South East of England, would\u2019ve been allowed to die on its feet","type":"L","timestamp":"2023-11-09 14:52:44"},{"nodeID":"1379420","text":"Analysing","type":"YA","timestamp":"2023-11-09 14:52:44"},{"nodeID":"1379421","text":"Anon: Liz Saville Roberts: it is entirely impossible to believe that that sort of facility, if it were in the South East of England, would\u2019ve been allowed to die on its feet","type":"L","timestamp":"2023-11-09 14:52:44"},{"nodeID":"1379422","text":"Asserting","type":"YA","timestamp":"2023-11-09 14:52:44"},{"nodeID":"1379423","text":"Default Inference","type":"RA","timestamp":"2023-11-09 14:52:44"},{"nodeID":"1379424","text":"Default Transition","type":"TA","timestamp":"2023-11-09 14:52:44"},{"nodeID":"1379425","text":"Arguing","type":"YA","timestamp":"2023-11-09 14:52:44"},{"nodeID":"1379426","text":"essential factories dying on its feet is what\u2019s been happening in Wales","type":"I","timestamp":"2023-11-09 14:52:44"},{"nodeID":"1379427","text":"Liz Saville Roberts: That\u2019s what\u2019s been happening in Wales","type":"L","timestamp":"2023-11-09 14:52:44"},{"nodeID":"1379428","text":"Analysing","type":"YA","timestamp":"2023-11-09 14:52:44"},{"nodeID":"1379429","text":"Anon: Liz Saville Roberts: That\u2019s what\u2019s been happening in Wales","type":"L","timestamp":"2023-11-09 14:52:44"},{"nodeID":"1379430","text":"Asserting","type":"YA","timestamp":"2023-11-09 14:52:44"},{"nodeID":"1379431","text":"Default Transition","type":"TA","timestamp":"2023-11-09 14:52:44"},{"nodeID":"1379432","text":"essential factories dying on its feet is what is intolerable in Wales","type":"I","timestamp":"2023-11-09 14:52:45"},{"nodeID":"1379433","text":"Liz Saville Roberts: that is what is intolerable here","type":"L","timestamp":"2023-11-09 14:52:45"},{"nodeID":"1379434","text":"Analysing","type":"YA","timestamp":"2023-11-09 14:52:45"},{"nodeID":"1379435","text":"Anon: Liz Saville Roberts: that is what is intolerable here","type":"L","timestamp":"2023-11-09 14:52:45"},{"nodeID":"1379436","text":"Asserting","type":"YA","timestamp":"2023-11-09 14:52:45"},{"nodeID":"1379437","text":"Default Transition","type":"TA","timestamp":"2023-11-09 14:52:45"},{"nodeID":"1379438","text":"we need those factory jobs","type":"I","timestamp":"2023-11-09 14:52:45"},{"nodeID":"1379439","text":"Liz Saville Roberts: We need those jobs","type":"L","timestamp":"2023-11-09 14:52:45"},{"nodeID":"1379440","text":"Analysing","type":"YA","timestamp":"2023-11-09 14:52:45"},{"nodeID":"1379441","text":"Anon: Liz Saville Roberts: We need those jobs","type":"L","timestamp":"2023-11-09 14:52:45"},{"nodeID":"1379442","text":"Asserting","type":"YA","timestamp":"2023-11-09 14:52:45"},{"nodeID":"1379443","text":"Default Transition","type":"TA","timestamp":"2023-11-09 14:52:45"},{"nodeID":"1379444","text":"we actually need those factory jobs in real time","type":"I","timestamp":"2023-11-09 14:52:46"},{"nodeID":"1379445","text":"Liz Saville Roberts: we actually need them in real time","type":"L","timestamp":"2023-11-09 14:52:46"},{"nodeID":"1379446","text":"Analysing","type":"YA","timestamp":"2023-11-09 14:52:46"},{"nodeID":"1379447","text":"Anon: Liz Saville Roberts: we actually need them in real time","type":"L","timestamp":"2023-11-09 14:52:46"},{"nodeID":"1379448","text":"Asserting","type":"YA","timestamp":"2023-11-09 14:52:46"},{"nodeID":"1379449","text":"Default Transition","type":"TA","timestamp":"2023-11-09 14:52:46"},{"nodeID":"1379450","text":"Default Rephrase","type":"MA","timestamp":"2023-11-09 14:52:46"},{"nodeID":"1379451","text":"Restating","type":"YA","timestamp":"2023-11-09 14:52:46"},{"nodeID":"1379452","text":"having those factory jobs are not ambitions for the future","type":"I","timestamp":"2023-11-09 14:52:46"},{"nodeID":"1379453","text":"Liz Saville Roberts: These are not ambitions for the future","type":"L","timestamp":"2023-11-09 14:52:46"},{"nodeID":"1379454","text":"Analysing","type":"YA","timestamp":"2023-11-09 14:52:46"},{"nodeID":"1379455","text":"Anon: Liz Saville Roberts: These are not ambitions for the future","type":"L","timestamp":"2023-11-09 14:52:47"},{"nodeID":"1379456","text":"Asserting","type":"YA","timestamp":"2023-11-09 14:52:47"},{"nodeID":"1379457","text":"Default Inference","type":"RA","timestamp":"2023-11-09 14:52:47"},{"nodeID":"1379458","text":"Default Transition","type":"TA","timestamp":"2023-11-09 14:52:47"},{"nodeID":"1379459","text":"Arguing","type":"YA","timestamp":"2023-11-09 14:52:47"},{"nodeID":"1379460","text":"Default Conflict","type":"CA","timestamp":"2023-11-09 14:52:47"},{"nodeID":"1379461","text":"Disagreeing","type":"YA","timestamp":"2023-11-09 14:52:47"}],"edges":[{"edgeID":"1803185","fromID":"1379343","toID":"1379342","formEdgeID":null},{"edgeID":"1803186","fromID":"1379344","toID":"1379343","formEdgeID":null},{"edgeID":"1803187","fromID":"1379342","toID":"1379345","formEdgeID":null},{"edgeID":"1803188","fromID":"1379345","toID":"1379341","formEdgeID":null},{"edgeID":"1803189","fromID":"1379348","toID":"1379347","formEdgeID":null},{"edgeID":"1803190","fromID":"1379349","toID":"1379348","formEdgeID":null},{"edgeID":"1803191","fromID":"1379347","toID":"1379350","formEdgeID":null},{"edgeID":"1803192","fromID":"1379350","toID":"1379346","formEdgeID":null},{"edgeID":"1803193","fromID":"1379342","toID":"1379351","formEdgeID":null},{"edgeID":"1803194","fromID":"1379351","toID":"1379347","formEdgeID":null},{"edgeID":"1803195","fromID":"1379354","toID":"1379353","formEdgeID":null},{"edgeID":"1803196","fromID":"1379355","toID":"1379354","formEdgeID":null},{"edgeID":"1803197","fromID":"1379353","toID":"1379356","formEdgeID":null},{"edgeID":"1803198","fromID":"1379356","toID":"1379352","formEdgeID":null},{"edgeID":"1803199","fromID":"1379346","toID":"1379357","formEdgeID":null},{"edgeID":"1803200","fromID":"1379357","toID":"1379341","formEdgeID":null},{"edgeID":"1803201","fromID":"1379351","toID":"1379358","formEdgeID":null},{"edgeID":"1803202","fromID":"1379358","toID":"1379357","formEdgeID":null},{"edgeID":"1803203","fromID":"1379347","toID":"1379359","formEdgeID":null},{"edgeID":"1803204","fromID":"1379359","toID":"1379353","formEdgeID":null},{"edgeID":"1803205","fromID":"1379360","toID":"1379353","formEdgeID":null},{"edgeID":"1803206","fromID":"1379355","toID":"1379360","formEdgeID":null},{"edgeID":"1803207","fromID":"1379353","toID":"1379361","formEdgeID":null},{"edgeID":"1803208","fromID":"1379361","toID":"1379353","formEdgeID":null},{"edgeID":"1803209","fromID":"1379353","toID":"1379362","formEdgeID":null},{"edgeID":"1803210","fromID":"1379362","toID":"1379352","formEdgeID":null},{"edgeID":"1803211","fromID":"1379364","toID":"1379363","formEdgeID":null},{"edgeID":"1803212","fromID":"1379365","toID":"1379364","formEdgeID":null},{"edgeID":"1803213","fromID":"1379353","toID":"1379366","formEdgeID":null},{"edgeID":"1803214","fromID":"1379366","toID":"1379363","formEdgeID":null},{"edgeID":"1803215","fromID":"1379363","toID":"1379367","formEdgeID":null},{"edgeID":"1803216","fromID":"1379367","toID":"1379352","formEdgeID":null},{"edgeID":"1803217","fromID":"1379370","toID":"1379369","formEdgeID":null},{"edgeID":"1803218","fromID":"1379371","toID":"1379370","formEdgeID":null},{"edgeID":"1803219","fromID":"1379369","toID":"1379372","formEdgeID":null},{"edgeID":"1803220","fromID":"1379372","toID":"1379368","formEdgeID":null},{"edgeID":"1803221","fromID":"1379368","toID":"1379373","formEdgeID":null},{"edgeID":"1803222","fromID":"1379373","toID":"1379352","formEdgeID":null},{"edgeID":"1803223","fromID":"1379363","toID":"1379374","formEdgeID":null},{"edgeID":"1803224","fromID":"1379374","toID":"1379369","formEdgeID":null},{"edgeID":"1803225","fromID":"1379374","toID":"1379375","formEdgeID":null},{"edgeID":"1803226","fromID":"1379375","toID":"1379373","formEdgeID":null},{"edgeID":"1803227","fromID":"1379378","toID":"1379377","formEdgeID":null},{"edgeID":"1803228","fromID":"1379379","toID":"1379378","formEdgeID":null},{"edgeID":"1803229","fromID":"1379377","toID":"1379380","formEdgeID":null},{"edgeID":"1803230","fromID":"1379380","toID":"1379376","formEdgeID":null},{"edgeID":"1803231","fromID":"1379369","toID":"1379381","formEdgeID":null},{"edgeID":"1803232","fromID":"1379381","toID":"1379377","formEdgeID":null},{"edgeID":"1803233","fromID":"1379384","toID":"1379383","formEdgeID":null},{"edgeID":"1803234","fromID":"1379385","toID":"1379384","formEdgeID":null},{"edgeID":"1803235","fromID":"1379383","toID":"1379386","formEdgeID":null},{"edgeID":"1803236","fromID":"1379386","toID":"1379382","formEdgeID":null},{"edgeID":"1803237","fromID":"1379377","toID":"1379387","formEdgeID":null},{"edgeID":"1803238","fromID":"1379387","toID":"1379383","formEdgeID":null},{"edgeID":"1803239","fromID":"1379390","toID":"1379389","formEdgeID":null},{"edgeID":"1803240","fromID":"1379391","toID":"1379390","formEdgeID":null},{"edgeID":"1803241","fromID":"1379389","toID":"1379392","formEdgeID":null},{"edgeID":"1803242","fromID":"1379392","toID":"1379388","formEdgeID":null},{"edgeID":"1803243","fromID":"1379383","toID":"1379393","formEdgeID":null},{"edgeID":"1803244","fromID":"1379393","toID":"1379389","formEdgeID":null},{"edgeID":"1803245","fromID":"1379396","toID":"1379395","formEdgeID":null},{"edgeID":"1803246","fromID":"1379397","toID":"1379396","formEdgeID":null},{"edgeID":"1803247","fromID":"1379395","toID":"1379398","formEdgeID":null},{"edgeID":"1803248","fromID":"1379398","toID":"1379394","formEdgeID":null},{"edgeID":"1803249","fromID":"1379389","toID":"1379399","formEdgeID":null},{"edgeID":"1803250","fromID":"1379399","toID":"1379395","formEdgeID":null},{"edgeID":"1803251","fromID":"1379402","toID":"1379401","formEdgeID":null},{"edgeID":"1803252","fromID":"1379403","toID":"1379402","formEdgeID":null},{"edgeID":"1803253","fromID":"1379401","toID":"1379404","formEdgeID":null},{"edgeID":"1803254","fromID":"1379404","toID":"1379400","formEdgeID":null},{"edgeID":"1803255","fromID":"1379395","toID":"1379405","formEdgeID":null},{"edgeID":"1803256","fromID":"1379405","toID":"1379401","formEdgeID":null},{"edgeID":"1803257","fromID":"1379394","toID":"1379406","formEdgeID":null},{"edgeID":"1803258","fromID":"1379406","toID":"1379400","formEdgeID":null},{"edgeID":"1803259","fromID":"1379405","toID":"1379407","formEdgeID":null},{"edgeID":"1803260","fromID":"1379407","toID":"1379406","formEdgeID":null},{"edgeID":"1803261","fromID":"1379394","toID":"1379408","formEdgeID":null},{"edgeID":"1803262","fromID":"1379408","toID":"1379388","formEdgeID":null},{"edgeID":"1803263","fromID":"1379399","toID":"1379409","formEdgeID":null},{"edgeID":"1803264","fromID":"1379409","toID":"1379408","formEdgeID":null},{"edgeID":"1803265","fromID":"1379388","toID":"1379410","formEdgeID":null},{"edgeID":"1803266","fromID":"1379410","toID":"1379382","formEdgeID":null},{"edgeID":"1803267","fromID":"1379393","toID":"1379411","formEdgeID":null},{"edgeID":"1803268","fromID":"1379411","toID":"1379410","formEdgeID":null},{"edgeID":"1803269","fromID":"1379414","toID":"1379413","formEdgeID":null},{"edgeID":"1803270","fromID":"1379415","toID":"1379414","formEdgeID":null},{"edgeID":"1803271","fromID":"1379413","toID":"1379416","formEdgeID":null},{"edgeID":"1803272","fromID":"1379416","toID":"1379412","formEdgeID":null},{"edgeID":"1803273","fromID":"1379401","toID":"1379417","formEdgeID":null},{"edgeID":"1803274","fromID":"1379417","toID":"1379413","formEdgeID":null},{"edgeID":"1803275","fromID":"1379420","toID":"1379419","formEdgeID":null},{"edgeID":"1803276","fromID":"1379421","toID":"1379420","formEdgeID":null},{"edgeID":"1803277","fromID":"1379419","toID":"1379422","formEdgeID":null},{"edgeID":"1803278","fromID":"1379422","toID":"1379418","formEdgeID":null},{"edgeID":"1803279","fromID":"1379400","toID":"1379423","formEdgeID":null},{"edgeID":"1803280","fromID":"1379423","toID":"1379418","formEdgeID":null},{"edgeID":"1803281","fromID":"1379412","toID":"1379423","formEdgeID":null},{"edgeID":"1803282","fromID":"1379401","toID":"1379424","formEdgeID":null},{"edgeID":"1803283","fromID":"1379424","toID":"1379419","formEdgeID":null},{"edgeID":"1803284","fromID":"1379424","toID":"1379425","formEdgeID":null},{"edgeID":"1803285","fromID":"1379425","toID":"1379423","formEdgeID":null},{"edgeID":"1803286","fromID":"1379428","toID":"1379427","formEdgeID":null},{"edgeID":"1803287","fromID":"1379429","toID":"1379428","formEdgeID":null},{"edgeID":"1803288","fromID":"1379427","toID":"1379430","formEdgeID":null},{"edgeID":"1803289","fromID":"1379430","toID":"1379426","formEdgeID":null},{"edgeID":"1803290","fromID":"1379419","toID":"1379431","formEdgeID":null},{"edgeID":"1803291","fromID":"1379431","toID":"1379427","formEdgeID":null},{"edgeID":"1803292","fromID":"1379434","toID":"1379433","formEdgeID":null},{"edgeID":"1803293","fromID":"1379435","toID":"1379434","formEdgeID":null},{"edgeID":"1803294","fromID":"1379433","toID":"1379436","formEdgeID":null},{"edgeID":"1803295","fromID":"1379436","toID":"1379432","formEdgeID":null},{"edgeID":"1803296","fromID":"1379427","toID":"1379437","formEdgeID":null},{"edgeID":"1803297","fromID":"1379437","toID":"1379433","formEdgeID":null},{"edgeID":"1803298","fromID":"1379440","toID":"1379439","formEdgeID":null},{"edgeID":"1803299","fromID":"1379441","toID":"1379440","formEdgeID":null},{"edgeID":"1803300","fromID":"1379439","toID":"1379442","formEdgeID":null},{"edgeID":"1803301","fromID":"1379442","toID":"1379438","formEdgeID":null},{"edgeID":"1803302","fromID":"1379433","toID":"1379443","formEdgeID":null},{"edgeID":"1803303","fromID":"1379443","toID":"1379439","formEdgeID":null},{"edgeID":"1803304","fromID":"1379446","toID":"1379445","formEdgeID":null},{"edgeID":"1803305","fromID":"1379447","toID":"1379446","formEdgeID":null},{"edgeID":"1803306","fromID":"1379445","toID":"1379448","formEdgeID":null},{"edgeID":"1803307","fromID":"1379448","toID":"1379444","formEdgeID":null},{"edgeID":"1803308","fromID":"1379439","toID":"1379449","formEdgeID":null},{"edgeID":"1803309","fromID":"1379449","toID":"1379445","formEdgeID":null},{"edgeID":"1803310","fromID":"1379444","toID":"1379450","formEdgeID":null},{"edgeID":"1803311","fromID":"1379450","toID":"1379438","formEdgeID":null},{"edgeID":"1803312","fromID":"1379449","toID":"1379451","formEdgeID":null},{"edgeID":"1803313","fromID":"1379451","toID":"1379450","formEdgeID":null},{"edgeID":"1803314","fromID":"1379454","toID":"1379453","formEdgeID":null},{"edgeID":"1803315","fromID":"1379455","toID":"1379454","formEdgeID":null},{"edgeID":"1803316","fromID":"1379453","toID":"1379456","formEdgeID":null},{"edgeID":"1803317","fromID":"1379456","toID":"1379452","formEdgeID":null},{"edgeID":"1803318","fromID":"1379444","toID":"1379457","formEdgeID":null},{"edgeID":"1803319","fromID":"1379457","toID":"1379452","formEdgeID":null},{"edgeID":"1803320","fromID":"1379445","toID":"1379458","formEdgeID":null},{"edgeID":"1803321","fromID":"1379458","toID":"1379453","formEdgeID":null},{"edgeID":"1803322","fromID":"1379458","toID":"1379459","formEdgeID":null},{"edgeID":"1803323","fromID":"1379459","toID":"1379457","formEdgeID":null},{"edgeID":"1803324","fromID":"1379426","toID":"1379460","formEdgeID":null},{"edgeID":"1803325","fromID":"1379460","toID":"1379418","formEdgeID":null},{"edgeID":"1803326","fromID":"1379431","toID":"1379461","formEdgeID":null},{"edgeID":"1803327","fromID":"1379461","toID":"1379460","formEdgeID":null}],"locutions":[]}