{"nodes":[{"nodeID":"1378645","text":"Fiona Bruce: Thangam\u2019s saying you\u2019re the party of low ambition","type":"L","timestamp":"2023-11-09 14:51:36"},{"nodeID":"1378646","text":"Analysing","type":"YA","timestamp":"2023-11-09 14:51:36"},{"nodeID":"1378647","text":"Lara: Fiona Bruce: Thangam\u2019s saying you\u2019re the party of low ambition","type":"L","timestamp":"2023-11-09 14:51:36"},{"nodeID":"1378648","text":"the Conservative Party is the party of low ambition","type":"I","timestamp":"2023-11-09 14:51:37"},{"nodeID":"1378649","text":"Thangam Debbonaire:  you\u2019re the party of low ambition","type":"L","timestamp":"2023-11-09 14:51:37"},{"nodeID":"1378650","text":"Analysing","type":"YA","timestamp":"2023-11-09 14:51:37"},{"nodeID":"1378651","text":"Lara: Thangam Debbonaire:  you\u2019re the party of low ambition","type":"L","timestamp":"2023-11-09 14:51:37"},{"nodeID":"1378652","text":"Asserting","type":"YA","timestamp":"2023-11-09 14:51:37"},{"nodeID":"1378653","text":"Asserting","type":"YA","timestamp":"2023-11-09 14:51:37"},{"nodeID":"1378654","text":"we\u2019ve actually had the third highest rate of growth in the G7 since 2007","type":"I","timestamp":"2023-11-09 14:51:37"},{"nodeID":"1378655","text":"David Davies: we\u2019ve actually had the third highest rate of growth in the G7 since 2007","type":"L","timestamp":"2023-11-09 14:51:37"},{"nodeID":"1378656","text":"Analysing","type":"YA","timestamp":"2023-11-09 14:51:37"},{"nodeID":"1378657","text":"Lara: David Davies: we\u2019ve actually had the third highest rate of growth in the G7 since 2007","type":"L","timestamp":"2023-11-09 14:51:37"},{"nodeID":"1378658","text":"Asserting","type":"YA","timestamp":"2023-11-09 14:51:37"},{"nodeID":"1378659","text":"Default Transition","type":"TA","timestamp":"2023-11-09 14:51:37"},{"nodeID":"1378660","text":"Default Conflict","type":"CA","timestamp":"2023-11-09 14:51:37"},{"nodeID":"1378661","text":"Disagreeing","type":"YA","timestamp":"2023-11-09 14:51:37"},{"nodeID":"1378662","text":"the G7 are the richest countries in the world","type":"I","timestamp":"2023-11-09 14:51:38"},{"nodeID":"1378663","text":"David Davies: the G7 are the richest countries in the world","type":"L","timestamp":"2023-11-09 14:51:38"},{"nodeID":"1378664","text":"Analysing","type":"YA","timestamp":"2023-11-09 14:51:38"},{"nodeID":"1378665","text":"Lara: David Davies: the G7 are the richest countries in the world","type":"L","timestamp":"2023-11-09 14:51:38"},{"nodeID":"1378666","text":"Asserting","type":"YA","timestamp":"2023-11-09 14:51:38"},{"nodeID":"1378667","text":"Default Transition","type":"TA","timestamp":"2023-11-09 14:51:38"},{"nodeID":"1378668","text":"Default Rephrase","type":"MA","timestamp":"2023-11-09 14:51:38"},{"nodeID":"1378669","text":"Restating","type":"YA","timestamp":"2023-11-09 14:51:38"},{"nodeID":"1378670","text":"having the third highest rate of growth in the G7 is pretty good","type":"I","timestamp":"2023-11-09 14:51:39"},{"nodeID":"1378671","text":"David Davies: the third highest is pretty good","type":"L","timestamp":"2023-11-09 14:51:39"},{"nodeID":"1378672","text":"Analysing","type":"YA","timestamp":"2023-11-09 14:51:39"},{"nodeID":"1378673","text":"Lara: David Davies: the third highest is pretty good","type":"L","timestamp":"2023-11-09 14:51:39"},{"nodeID":"1378674","text":"Asserting","type":"YA","timestamp":"2023-11-09 14:51:39"},{"nodeID":"1378675","text":"Default Transition","type":"TA","timestamp":"2023-11-09 14:51:39"},{"nodeID":"1378676","text":"Default Inference","type":"RA","timestamp":"2023-11-09 14:51:39"},{"nodeID":"1378677","text":"Arguing","type":"YA","timestamp":"2023-11-09 14:51:39"},{"nodeID":"1378678","text":"we should congratulate Keir Starmer on his 11th relaunch","type":"I","timestamp":"2023-11-09 14:51:39"},{"nodeID":"1378679","text":"David Davies: we should congratulate Kier on his 11th relaunch","type":"L","timestamp":"2023-11-09 14:51:39"},{"nodeID":"1378680","text":"Analysing","type":"YA","timestamp":"2023-11-09 14:51:39"},{"nodeID":"1378681","text":"Lara: David Davies: we should congratulate Kier on his 11th relaunch","type":"L","timestamp":"2023-11-09 14:51:39"},{"nodeID":"1378682","text":"Asserting","type":"YA","timestamp":"2023-11-09 14:51:39"},{"nodeID":"1378683","text":"Default Transition","type":"TA","timestamp":"2023-11-09 14:51:39"},{"nodeID":"1378684","text":"Keir Starmer is on his second relaunch this year already","type":"I","timestamp":"2023-11-09 14:51:40"},{"nodeID":"1378685","text":"David Davies: the second this year already","type":"L","timestamp":"2023-11-09 14:51:40"},{"nodeID":"1378686","text":"Analysing","type":"YA","timestamp":"2023-11-09 14:51:40"},{"nodeID":"1378687","text":"Lara: David Davies: the second this year already","type":"L","timestamp":"2023-11-09 14:51:40"},{"nodeID":"1378688","text":"Asserting","type":"YA","timestamp":"2023-11-09 14:51:40"},{"nodeID":"1378689","text":"Default Transition","type":"TA","timestamp":"2023-11-09 14:51:40"},{"nodeID":"1378690","text":"Default Rephrase","type":"MA","timestamp":"2023-11-09 14:51:40"},{"nodeID":"1378691","text":"Restating","type":"YA","timestamp":"2023-11-09 14:51:40"},{"nodeID":"1378692","text":"what we got from Keir Starmer was a whole load of unfunded spending commitments that would lead to higher taxes and borrowing","type":"I","timestamp":"2023-11-09 14:51:41"},{"nodeID":"1378693","text":"David Davies: What we got from him was a whole load of unfunded spending commitments that would lead to higher taxes and borrowing","type":"L","timestamp":"2023-11-09 14:51:41"},{"nodeID":"1378694","text":"Analysing","type":"YA","timestamp":"2023-11-09 14:51:41"},{"nodeID":"1378695","text":"Lara: David Davies: What we got from him was a whole load of unfunded spending commitments that would lead to higher taxes and borrowing","type":"L","timestamp":"2023-11-09 14:51:41"},{"nodeID":"1378696","text":"Asserting","type":"YA","timestamp":"2023-11-09 14:51:41"},{"nodeID":"1378697","text":"we already know what Labour\u2019s attitude is to the economy and towards growth","type":"I","timestamp":"2023-11-09 14:51:41"},{"nodeID":"1378698","text":"David Davies: we already know what Labour\u2019s attitude is to the economy and towards growth","type":"L","timestamp":"2023-11-09 14:51:41"},{"nodeID":"1378699","text":"Analysing","type":"YA","timestamp":"2023-11-09 14:51:41"},{"nodeID":"1378700","text":"Lara: David Davies: we already know what Labour\u2019s attitude is to the economy and towards growth","type":"L","timestamp":"2023-11-09 14:51:41"},{"nodeID":"1378701","text":"Asserting","type":"YA","timestamp":"2023-11-09 14:51:41"},{"nodeID":"1378702","text":"Default Transition","type":"TA","timestamp":"2023-11-09 14:51:41"},{"nodeID":"1378703","text":"Default Transition","type":"TA","timestamp":"2023-11-09 14:51:41"},{"nodeID":"1378704","text":"we\u2019ve got a Labour government right here in Wales","type":"I","timestamp":"2023-11-09 14:51:42"},{"nodeID":"1378705","text":"David Davies: we\u2019ve got a Labour government right here in Wales","type":"L","timestamp":"2023-11-09 14:51:42"},{"nodeID":"1378706","text":"Analysing","type":"YA","timestamp":"2023-11-09 14:51:42"},{"nodeID":"1378707","text":"Lara: David Davies: we\u2019ve got a Labour government right here in Wales","type":"L","timestamp":"2023-11-09 14:51:42"},{"nodeID":"1378708","text":"Asserting","type":"YA","timestamp":"2023-11-09 14:51:42"},{"nodeID":"1378709","text":"Wales' Labour government's latest announcement last week was to say they\u2019re not going to build any more roads","type":"I","timestamp":"2023-11-09 14:51:43"},{"nodeID":"1378710","text":"David Davies: their latest announcement last week was to say they\u2019re not going to build any more roads","type":"L","timestamp":"2023-11-09 14:51:43"},{"nodeID":"1378711","text":"Analysing","type":"YA","timestamp":"2023-11-09 14:51:43"},{"nodeID":"1378712","text":"Lara: David Davies: their latest announcement last week was to say they\u2019re not going to build any more roads","type":"L","timestamp":"2023-11-09 14:51:43"},{"nodeID":"1378713","text":"Asserting","type":"YA","timestamp":"2023-11-09 14:51:43"},{"nodeID":"1378714","text":"Default Transition","type":"TA","timestamp":"2023-11-09 14:51:43"},{"nodeID":"1378715","text":"Default Transition","type":"TA","timestamp":"2023-11-09 14:51:43"},{"nodeID":"1378716","text":"Default Inference","type":"RA","timestamp":"2023-11-09 14:51:43"},{"nodeID":"1378717","text":"Arguing","type":"YA","timestamp":"2023-11-09 14:51:43"},{"nodeID":"1378718","text":"no more roads for economic reasons","type":"I","timestamp":"2023-11-09 14:51:43"},{"nodeID":"1378719","text":"David Davies: No more roads for economic reasons","type":"L","timestamp":"2023-11-09 14:51:43"},{"nodeID":"1378720","text":"Analysing","type":"YA","timestamp":"2023-11-09 14:51:43"},{"nodeID":"1378721","text":"Lara: David Davies: No more roads for economic reasons","type":"L","timestamp":"2023-11-09 14:51:43"},{"nodeID":"1378722","text":"Asserting","type":"YA","timestamp":"2023-11-09 14:51:43"},{"nodeID":"1378723","text":"Default Transition","type":"TA","timestamp":"2023-11-09 14:51:43"},{"nodeID":"1378724","text":"Default Rephrase","type":"MA","timestamp":"2023-11-09 14:51:43"},{"nodeID":"1378725","text":"Restating","type":"YA","timestamp":"2023-11-09 14:51:43"},{"nodeID":"1378726","text":"no motorway bypasses, no more roads there","type":"I","timestamp":"2023-11-09 14:51:44"},{"nodeID":"1378727","text":"David Davies: no motorway bypasses, no more roads there","type":"L","timestamp":"2023-11-09 14:51:44"},{"nodeID":"1378728","text":"Analysing","type":"YA","timestamp":"2023-11-09 14:51:44"},{"nodeID":"1378729","text":"Lara: David Davies: no motorway bypasses, no more roads there","type":"L","timestamp":"2023-11-09 14:51:44"},{"nodeID":"1378730","text":"Asserting","type":"YA","timestamp":"2023-11-09 14:51:44"},{"nodeID":"1378731","text":"Default Transition","type":"TA","timestamp":"2023-11-09 14:51:44"},{"nodeID":"1378732","text":"Default Rephrase","type":"MA","timestamp":"2023-11-09 14:51:44"},{"nodeID":"1378733","text":"Restating","type":"YA","timestamp":"2023-11-09 14:51:44"},{"nodeID":"1378734","text":"David Davies is boasting about the Conservative government\u2019s record","type":"I","timestamp":"2023-11-09 14:51:44"},{"nodeID":"1378735","text":"Fiona Bruce: you\u2019re boasting about the Conservative government\u2019s record","type":"L","timestamp":"2023-11-09 14:51:45"},{"nodeID":"1378736","text":"Analysing","type":"YA","timestamp":"2023-11-09 14:51:45"},{"nodeID":"1378737","text":"Lara: Fiona Bruce: you\u2019re boasting about the Conservative government\u2019s record","type":"L","timestamp":"2023-11-09 14:51:45"},{"nodeID":"1378738","text":"Asserting","type":"YA","timestamp":"2023-11-09 14:51:45"},{"nodeID":"1378739","text":"the IMF forecast the UK to be the only G7 economy that\u2019s going to shrink this year","type":"I","timestamp":"2023-11-09 14:51:45"},{"nodeID":"1378740","text":"David Davies:  the IMF forecast the UK to be the only G7 economy that\u2019s going to shrink this year","type":"L","timestamp":"2023-11-09 14:51:45"},{"nodeID":"1378741","text":"Analysing","type":"YA","timestamp":"2023-11-09 14:51:45"},{"nodeID":"1378742","text":"Lara: David Davies:  the IMF forecast the UK to be the only G7 economy that\u2019s going to shrink this year","type":"L","timestamp":"2023-11-09 14:51:45"},{"nodeID":"1378743","text":"Asserting","type":"YA","timestamp":"2023-11-09 14:51:45"},{"nodeID":"1378744","text":"Default Transition","type":"TA","timestamp":"2023-11-09 14:51:45"},{"nodeID":"1378745","text":"Default Conflict","type":"CA","timestamp":"2023-11-09 14:51:45"},{"nodeID":"1378746","text":"Disagreeing","type":"YA","timestamp":"2023-11-09 14:51:45"},{"nodeID":"1378747","text":"the IMF often make forecasts which are not correct","type":"I","timestamp":"2023-11-09 14:51:46"},{"nodeID":"1378748","text":"David Davies: the IMF often make forecasts which are not correct","type":"L","timestamp":"2023-11-09 14:51:46"},{"nodeID":"1378749","text":"Analysing","type":"YA","timestamp":"2023-11-09 14:51:46"},{"nodeID":"1378750","text":"Lara: David Davies: the IMF often make forecasts which are not correct","type":"L","timestamp":"2023-11-09 14:51:46"},{"nodeID":"1378751","text":"Asserting","type":"YA","timestamp":"2023-11-09 14:51:46"},{"nodeID":"1378752","text":"Default Transition","type":"TA","timestamp":"2023-11-09 14:51:46"},{"nodeID":"1378753","text":"Default Conflict","type":"CA","timestamp":"2023-11-09 14:51:46"},{"nodeID":"1378754","text":"Disagreeing","type":"YA","timestamp":"2023-11-09 14:51:46"},{"nodeID":"1378755","text":"the reality is that all countries in the western world are facing economic challenges at the moment","type":"I","timestamp":"2023-11-09 14:51:46"},{"nodeID":"1378756","text":"David Davies: The reality is that all countries in the western world are facing economic challenges at the moment","type":"L","timestamp":"2023-11-09 14:51:46"},{"nodeID":"1378757","text":"Analysing","type":"YA","timestamp":"2023-11-09 14:51:46"},{"nodeID":"1378758","text":"Lara: David Davies: The reality is that all countries in the western world are facing economic challenges at the moment","type":"L","timestamp":"2023-11-09 14:51:46"},{"nodeID":"1378759","text":"Asserting","type":"YA","timestamp":"2023-11-09 14:51:46"},{"nodeID":"1378760","text":"we\u2019re doing worst","type":"I","timestamp":"2023-11-09 14:51:47"},{"nodeID":"1378761","text":"Fiona Bruce: we\u2019re doing worst","type":"L","timestamp":"2023-11-09 14:51:47"},{"nodeID":"1378762","text":"Analysing","type":"YA","timestamp":"2023-11-09 14:51:47"},{"nodeID":"1378763","text":"Lara: Fiona Bruce: we\u2019re doing worst","type":"L","timestamp":"2023-11-09 14:51:47"},{"nodeID":"1378764","text":"Asserting","type":"YA","timestamp":"2023-11-09 14:51:47"},{"nodeID":"1378765","text":"Default Transition","type":"TA","timestamp":"2023-11-09 14:51:47"},{"nodeID":"1378766","text":"Default Transition","type":"TA","timestamp":"2023-11-09 14:51:47"},{"nodeID":"1378767","text":"Default Rephrase","type":"MA","timestamp":"2023-11-09 14:51:47"},{"nodeID":"1378768","text":"Restating","type":"YA","timestamp":"2023-11-09 14:51:47"},{"nodeID":"1378769","text":"Default Conflict","type":"CA","timestamp":"2023-11-09 14:51:47"},{"nodeID":"1378770","text":"Default Transition","type":"TA","timestamp":"2023-11-09 14:51:47"},{"nodeID":"1378771","text":"Disagreeing","type":"YA","timestamp":"2023-11-09 14:51:47"}],"edges":[{"edgeID":"1802379","fromID":"1378646","toID":"1378645","formEdgeID":null},{"edgeID":"1802380","fromID":"1378647","toID":"1378646","formEdgeID":null},{"edgeID":"1802381","fromID":"1378650","toID":"1378649","formEdgeID":null},{"edgeID":"1802382","fromID":"1378651","toID":"1378650","formEdgeID":null},{"edgeID":"1802383","fromID":"1378649","toID":"1378652","formEdgeID":null},{"edgeID":"1802384","fromID":"1378652","toID":"1378648","formEdgeID":null},{"edgeID":"1802385","fromID":"1378645","toID":"1378653","formEdgeID":null},{"edgeID":"1802386","fromID":"1378653","toID":"1378649","formEdgeID":null},{"edgeID":"1802387","fromID":"1378656","toID":"1378655","formEdgeID":null},{"edgeID":"1802388","fromID":"1378657","toID":"1378656","formEdgeID":null},{"edgeID":"1802389","fromID":"1378655","toID":"1378658","formEdgeID":null},{"edgeID":"1802390","fromID":"1378658","toID":"1378654","formEdgeID":null},{"edgeID":"1802391","fromID":"1378645","toID":"1378659","formEdgeID":null},{"edgeID":"1802392","fromID":"1378659","toID":"1378655","formEdgeID":null},{"edgeID":"1802393","fromID":"1378654","toID":"1378660","formEdgeID":null},{"edgeID":"1802394","fromID":"1378660","toID":"1378648","formEdgeID":null},{"edgeID":"1802395","fromID":"1378659","toID":"1378661","formEdgeID":null},{"edgeID":"1802396","fromID":"1378661","toID":"1378660","formEdgeID":null},{"edgeID":"1802397","fromID":"1378664","toID":"1378663","formEdgeID":null},{"edgeID":"1802398","fromID":"1378665","toID":"1378664","formEdgeID":null},{"edgeID":"1802399","fromID":"1378663","toID":"1378666","formEdgeID":null},{"edgeID":"1802400","fromID":"1378666","toID":"1378662","formEdgeID":null},{"edgeID":"1802401","fromID":"1378655","toID":"1378667","formEdgeID":null},{"edgeID":"1802402","fromID":"1378667","toID":"1378663","formEdgeID":null},{"edgeID":"1802403","fromID":"1378662","toID":"1378668","formEdgeID":null},{"edgeID":"1802404","fromID":"1378668","toID":"1378654","formEdgeID":null},{"edgeID":"1802405","fromID":"1378667","toID":"1378669","formEdgeID":null},{"edgeID":"1802406","fromID":"1378669","toID":"1378668","formEdgeID":null},{"edgeID":"1802407","fromID":"1378672","toID":"1378671","formEdgeID":null},{"edgeID":"1802408","fromID":"1378673","toID":"1378672","formEdgeID":null},{"edgeID":"1802409","fromID":"1378671","toID":"1378674","formEdgeID":null},{"edgeID":"1802410","fromID":"1378674","toID":"1378670","formEdgeID":null},{"edgeID":"1802411","fromID":"1378663","toID":"1378675","formEdgeID":null},{"edgeID":"1802412","fromID":"1378675","toID":"1378671","formEdgeID":null},{"edgeID":"1802413","fromID":"1378662","toID":"1378676","formEdgeID":null},{"edgeID":"1802414","fromID":"1378676","toID":"1378670","formEdgeID":null},{"edgeID":"1802415","fromID":"1378675","toID":"1378677","formEdgeID":null},{"edgeID":"1802416","fromID":"1378677","toID":"1378676","formEdgeID":null},{"edgeID":"1802417","fromID":"1378680","toID":"1378679","formEdgeID":null},{"edgeID":"1802418","fromID":"1378681","toID":"1378680","formEdgeID":null},{"edgeID":"1802419","fromID":"1378679","toID":"1378682","formEdgeID":null},{"edgeID":"1802420","fromID":"1378682","toID":"1378678","formEdgeID":null},{"edgeID":"1802421","fromID":"1378671","toID":"1378683","formEdgeID":null},{"edgeID":"1802422","fromID":"1378683","toID":"1378679","formEdgeID":null},{"edgeID":"1802423","fromID":"1378686","toID":"1378685","formEdgeID":null},{"edgeID":"1802424","fromID":"1378687","toID":"1378686","formEdgeID":null},{"edgeID":"1802425","fromID":"1378685","toID":"1378688","formEdgeID":null},{"edgeID":"1802426","fromID":"1378688","toID":"1378684","formEdgeID":null},{"edgeID":"1802427","fromID":"1378679","toID":"1378689","formEdgeID":null},{"edgeID":"1802428","fromID":"1378689","toID":"1378685","formEdgeID":null},{"edgeID":"1802429","fromID":"1378684","toID":"1378690","formEdgeID":null},{"edgeID":"1802430","fromID":"1378690","toID":"1378678","formEdgeID":null},{"edgeID":"1802431","fromID":"1378689","toID":"1378691","formEdgeID":null},{"edgeID":"1802432","fromID":"1378691","toID":"1378690","formEdgeID":null},{"edgeID":"1802433","fromID":"1378694","toID":"1378693","formEdgeID":null},{"edgeID":"1802434","fromID":"1378695","toID":"1378694","formEdgeID":null},{"edgeID":"1802435","fromID":"1378693","toID":"1378696","formEdgeID":null},{"edgeID":"1802436","fromID":"1378696","toID":"1378692","formEdgeID":null},{"edgeID":"1802437","fromID":"1378699","toID":"1378698","formEdgeID":null},{"edgeID":"1802438","fromID":"1378700","toID":"1378699","formEdgeID":null},{"edgeID":"1802439","fromID":"1378698","toID":"1378701","formEdgeID":null},{"edgeID":"1802440","fromID":"1378701","toID":"1378697","formEdgeID":null},{"edgeID":"1802441","fromID":"1378685","toID":"1378702","formEdgeID":null},{"edgeID":"1802442","fromID":"1378702","toID":"1378693","formEdgeID":null},{"edgeID":"1802443","fromID":"1378693","toID":"1378703","formEdgeID":null},{"edgeID":"1802444","fromID":"1378703","toID":"1378698","formEdgeID":null},{"edgeID":"1802445","fromID":"1378706","toID":"1378705","formEdgeID":null},{"edgeID":"1802446","fromID":"1378707","toID":"1378706","formEdgeID":null},{"edgeID":"1802447","fromID":"1378705","toID":"1378708","formEdgeID":null},{"edgeID":"1802448","fromID":"1378708","toID":"1378704","formEdgeID":null},{"edgeID":"1802449","fromID":"1378711","toID":"1378710","formEdgeID":null},{"edgeID":"1802450","fromID":"1378712","toID":"1378711","formEdgeID":null},{"edgeID":"1802451","fromID":"1378710","toID":"1378713","formEdgeID":null},{"edgeID":"1802452","fromID":"1378713","toID":"1378709","formEdgeID":null},{"edgeID":"1802453","fromID":"1378698","toID":"1378714","formEdgeID":null},{"edgeID":"1802454","fromID":"1378714","toID":"1378705","formEdgeID":null},{"edgeID":"1802455","fromID":"1378698","toID":"1378715","formEdgeID":null},{"edgeID":"1802456","fromID":"1378715","toID":"1378710","formEdgeID":null},{"edgeID":"1802457","fromID":"1378709","toID":"1378716","formEdgeID":null},{"edgeID":"1802458","fromID":"1378716","toID":"1378697","formEdgeID":null},{"edgeID":"1802459","fromID":"1378715","toID":"1378717","formEdgeID":null},{"edgeID":"1802460","fromID":"1378717","toID":"1378716","formEdgeID":null},{"edgeID":"1802461","fromID":"1378720","toID":"1378719","formEdgeID":null},{"edgeID":"1802462","fromID":"1378721","toID":"1378720","formEdgeID":null},{"edgeID":"1802463","fromID":"1378719","toID":"1378722","formEdgeID":null},{"edgeID":"1802464","fromID":"1378722","toID":"1378718","formEdgeID":null},{"edgeID":"1802465","fromID":"1378710","toID":"1378723","formEdgeID":null},{"edgeID":"1802466","fromID":"1378723","toID":"1378719","formEdgeID":null},{"edgeID":"1802467","fromID":"1378718","toID":"1378724","formEdgeID":null},{"edgeID":"1802468","fromID":"1378724","toID":"1378709","formEdgeID":null},{"edgeID":"1802469","fromID":"1378723","toID":"1378725","formEdgeID":null},{"edgeID":"1802470","fromID":"1378725","toID":"1378724","formEdgeID":null},{"edgeID":"1802471","fromID":"1378728","toID":"1378727","formEdgeID":null},{"edgeID":"1802472","fromID":"1378729","toID":"1378728","formEdgeID":null},{"edgeID":"1802473","fromID":"1378727","toID":"1378730","formEdgeID":null},{"edgeID":"1802474","fromID":"1378730","toID":"1378726","formEdgeID":null},{"edgeID":"1802475","fromID":"1378719","toID":"1378731","formEdgeID":null},{"edgeID":"1802476","fromID":"1378731","toID":"1378727","formEdgeID":null},{"edgeID":"1802477","fromID":"1378726","toID":"1378732","formEdgeID":null},{"edgeID":"1802478","fromID":"1378732","toID":"1378718","formEdgeID":null},{"edgeID":"1802479","fromID":"1378731","toID":"1378733","formEdgeID":null},{"edgeID":"1802480","fromID":"1378733","toID":"1378732","formEdgeID":null},{"edgeID":"1802481","fromID":"1378736","toID":"1378735","formEdgeID":null},{"edgeID":"1802482","fromID":"1378737","toID":"1378736","formEdgeID":null},{"edgeID":"1802483","fromID":"1378735","toID":"1378738","formEdgeID":null},{"edgeID":"1802484","fromID":"1378738","toID":"1378734","formEdgeID":null},{"edgeID":"1802485","fromID":"1378741","toID":"1378740","formEdgeID":null},{"edgeID":"1802486","fromID":"1378742","toID":"1378741","formEdgeID":null},{"edgeID":"1802487","fromID":"1378740","toID":"1378743","formEdgeID":null},{"edgeID":"1802488","fromID":"1378743","toID":"1378739","formEdgeID":null},{"edgeID":"1802489","fromID":"1378655","toID":"1378744","formEdgeID":null},{"edgeID":"1802490","fromID":"1378744","toID":"1378740","formEdgeID":null},{"edgeID":"1802491","fromID":"1378739","toID":"1378745","formEdgeID":null},{"edgeID":"1802492","fromID":"1378745","toID":"1378654","formEdgeID":null},{"edgeID":"1802493","fromID":"1378744","toID":"1378746","formEdgeID":null},{"edgeID":"1802494","fromID":"1378746","toID":"1378745","formEdgeID":null},{"edgeID":"1802495","fromID":"1378749","toID":"1378748","formEdgeID":null},{"edgeID":"1802496","fromID":"1378750","toID":"1378749","formEdgeID":null},{"edgeID":"1802497","fromID":"1378748","toID":"1378751","formEdgeID":null},{"edgeID":"1802498","fromID":"1378751","toID":"1378747","formEdgeID":null},{"edgeID":"1802499","fromID":"1378740","toID":"1378752","formEdgeID":null},{"edgeID":"1802500","fromID":"1378752","toID":"1378748","formEdgeID":null},{"edgeID":"1802501","fromID":"1378747","toID":"1378753","formEdgeID":null},{"edgeID":"1802502","fromID":"1378753","toID":"1378739","formEdgeID":null},{"edgeID":"1802503","fromID":"1378752","toID":"1378754","formEdgeID":null},{"edgeID":"1802504","fromID":"1378754","toID":"1378753","formEdgeID":null},{"edgeID":"1802505","fromID":"1378757","toID":"1378756","formEdgeID":null},{"edgeID":"1802506","fromID":"1378758","toID":"1378757","formEdgeID":null},{"edgeID":"1802507","fromID":"1378756","toID":"1378759","formEdgeID":null},{"edgeID":"1802508","fromID":"1378759","toID":"1378755","formEdgeID":null},{"edgeID":"1802509","fromID":"1378762","toID":"1378761","formEdgeID":null},{"edgeID":"1802510","fromID":"1378763","toID":"1378762","formEdgeID":null},{"edgeID":"1802511","fromID":"1378761","toID":"1378764","formEdgeID":null},{"edgeID":"1802512","fromID":"1378764","toID":"1378760","formEdgeID":null},{"edgeID":"1802513","fromID":"1378727","toID":"1378765","formEdgeID":null},{"edgeID":"1802514","fromID":"1378765","toID":"1378735","formEdgeID":null},{"edgeID":"1802515","fromID":"1378740","toID":"1378766","formEdgeID":null},{"edgeID":"1802516","fromID":"1378766","toID":"1378761","formEdgeID":null},{"edgeID":"1802517","fromID":"1378760","toID":"1378767","formEdgeID":null},{"edgeID":"1802518","fromID":"1378767","toID":"1378739","formEdgeID":null},{"edgeID":"1802519","fromID":"1378766","toID":"1378768","formEdgeID":null},{"edgeID":"1802520","fromID":"1378768","toID":"1378767","formEdgeID":null},{"edgeID":"1802521","fromID":"1378704","toID":"1378716","formEdgeID":null},{"edgeID":"1802522","fromID":"1378755","toID":"1378769","formEdgeID":null},{"edgeID":"1802523","fromID":"1378769","toID":"1378739","formEdgeID":null},{"edgeID":"1802524","fromID":"1378740","toID":"1378770","formEdgeID":null},{"edgeID":"1802525","fromID":"1378770","toID":"1378756","formEdgeID":null},{"edgeID":"1802526","fromID":"1378770","toID":"1378771","formEdgeID":null},{"edgeID":"1802527","fromID":"1378771","toID":"1378769","formEdgeID":null}],"locutions":[]}