{"nodes":[{"nodeID":"1384357","text":"right here in Wales, Labour has left us with the longest hospital waiting lists in the whole of the United Kingdom","type":"I","timestamp":"2023-11-09 14:59:47"},{"nodeID":"1384358","text":"David Davies: right here in Wales, you\u2019ve left us with the longest hospital waiting lists in the whole of the United Kingdom","type":"L","timestamp":"2023-11-09 14:59:47"},{"nodeID":"1384359","text":"Analysing","type":"YA","timestamp":"2023-11-09 14:59:47"},{"nodeID":"1384360","text":"Tuuli: David Davies: right here in Wales, you\u2019ve left us with the longest hospital waiting lists in the whole of the United Kingdom","type":"L","timestamp":"2023-11-09 14:59:47"},{"nodeID":"1384361","text":"Asserting","type":"YA","timestamp":"2023-11-09 14:59:47"},{"nodeID":"1384362","text":"Labour has left us in Wales with the worst educational outcomes in the United Kingdom","type":"I","timestamp":"2023-11-09 14:59:48"},{"nodeID":"1384363","text":"David Davies: the worst educational outcomes in the United Kingdom","type":"L","timestamp":"2023-11-09 14:59:48"},{"nodeID":"1384364","text":"Analysing","type":"YA","timestamp":"2023-11-09 14:59:48"},{"nodeID":"1384365","text":"Tuuli: David Davies: the worst educational outcomes in the United Kingdom","type":"L","timestamp":"2023-11-09 14:59:48"},{"nodeID":"1384366","text":"Asserting","type":"YA","timestamp":"2023-11-09 14:59:48"},{"nodeID":"1384367","text":"Labour has left us in Wales with an economy minister who\u2019s admitted that he doesn\u2019t know how to run the economy","type":"I","timestamp":"2023-11-09 14:59:48"},{"nodeID":"1384368","text":"David Davies: an economy minister who\u2019s admitted that he doesn\u2019t know how to run the economy","type":"L","timestamp":"2023-11-09 14:59:48"},{"nodeID":"1384369","text":"Analysing","type":"YA","timestamp":"2023-11-09 14:59:48"},{"nodeID":"1384370","text":"Tuuli: David Davies: an economy minister who\u2019s admitted that he doesn\u2019t know how to run the economy","type":"L","timestamp":"2023-11-09 14:59:48"},{"nodeID":"1384371","text":"Asserting","type":"YA","timestamp":"2023-11-09 14:59:48"},{"nodeID":"1384372","text":"Labour has left us in Wales with no roads being built","type":"I","timestamp":"2023-11-09 14:59:49"},{"nodeID":"1384373","text":"David Davies: no roads being built","type":"L","timestamp":"2023-11-09 14:59:49"},{"nodeID":"1384374","text":"Analysing","type":"YA","timestamp":"2023-11-09 14:59:49"},{"nodeID":"1384375","text":"Tuuli: David Davies: no roads being built","type":"L","timestamp":"2023-11-09 14:59:49"},{"nodeID":"1384376","text":"Asserting","type":"YA","timestamp":"2023-11-09 14:59:49"},{"nodeID":"1384377","text":"Labour has left us in Wales with \u00a3100 million being spent on a whole load of extra Welsh Assembly members","type":"I","timestamp":"2023-11-09 14:59:49"},{"nodeID":"1384378","text":"David Davies: \u00a3100 million being spent on a whole load of extra Welsh Assembly members","type":"L","timestamp":"2023-11-09 14:59:49"},{"nodeID":"1384379","text":"Analysing","type":"YA","timestamp":"2023-11-09 14:59:49"},{"nodeID":"1384380","text":"Tuuli: David Davies: \u00a3100 million being spent on a whole load of extra Welsh Assembly members","type":"L","timestamp":"2023-11-09 14:59:49"},{"nodeID":"1384381","text":"Asserting","type":"YA","timestamp":"2023-11-09 14:59:49"},{"nodeID":"1384382","text":"Labour is even trying to ban meal deals at \u00a33.50","type":"I","timestamp":"2023-11-09 14:59:50"},{"nodeID":"1384383","text":"David Davies: you're even trying to ban meal deals at \u00a33.50","type":"L","timestamp":"2023-11-09 14:59:50"},{"nodeID":"1384384","text":"Analysing","type":"YA","timestamp":"2023-11-09 14:59:50"},{"nodeID":"1384385","text":"Tuuli: David Davies: you're even trying to ban meal deals at \u00a33.50","type":"L","timestamp":"2023-11-09 14:59:50"},{"nodeID":"1384386","text":"Asserting","type":"YA","timestamp":"2023-11-09 14:59:50"},{"nodeID":"1384387","text":"Labour is an absolute disgrace","type":"I","timestamp":"2023-11-09 14:59:51"},{"nodeID":"1384388","text":"David Davies: You\u2019re an absolute disgrace","type":"L","timestamp":"2023-11-09 14:59:51"},{"nodeID":"1384389","text":"Analysing","type":"YA","timestamp":"2023-11-09 14:59:51"},{"nodeID":"1384390","text":"Tuuli: David Davies: You\u2019re an absolute disgrace","type":"L","timestamp":"2023-11-09 14:59:51"},{"nodeID":"1384391","text":"Asserting","type":"YA","timestamp":"2023-11-09 14:59:51"},{"nodeID":"1384392","text":"even meal deals being banned is what\u2019s in store for us in Wales","type":"I","timestamp":"2023-11-09 14:59:51"},{"nodeID":"1384393","text":"David Davies: this is what\u2019s in store for us","type":"L","timestamp":"2023-11-09 14:59:51"},{"nodeID":"1384394","text":"Analysing","type":"YA","timestamp":"2023-11-09 14:59:51"},{"nodeID":"1384395","text":"Tuuli: David Davies: this is what\u2019s in store for us","type":"L","timestamp":"2023-11-09 14:59:51"},{"nodeID":"1384396","text":"Asserting","type":"YA","timestamp":"2023-11-09 14:59:51"},{"nodeID":"1384397","text":"Labour gets elected","type":"I","timestamp":"2023-11-09 14:59:52"},{"nodeID":"1384398","text":"David Davies: Labour get elected","type":"L","timestamp":"2023-11-09 14:59:52"},{"nodeID":"1384399","text":"Analysing","type":"YA","timestamp":"2023-11-09 14:59:52"},{"nodeID":"1384400","text":"Tuuli: David Davies: Labour get elected","type":"L","timestamp":"2023-11-09 14:59:52"},{"nodeID":"1384401","text":"Asserting","type":"YA","timestamp":"2023-11-09 14:59:52"},{"nodeID":"1384402","text":"Default Inference","type":"RA","timestamp":"2023-11-09 14:59:52"},{"nodeID":"1384403","text":"Default Transition","type":"TA","timestamp":"2023-11-09 14:59:52"},{"nodeID":"1384404","text":"Arguing","type":"YA","timestamp":"2023-11-09 14:59:52"},{"nodeID":"1384405","text":"nobody\u2019s going to be allowed to go out and get a meal deal","type":"I","timestamp":"2023-11-09 14:59:53"},{"nodeID":"1384406","text":"David Davies: nobody\u2019s going to be allowed to go out and get a meal deal","type":"L","timestamp":"2023-11-09 14:59:53"},{"nodeID":"1384407","text":"Analysing","type":"YA","timestamp":"2023-11-09 14:59:53"},{"nodeID":"1384408","text":"Tuuli: David Davies: nobody\u2019s going to be allowed to go out and get a meal deal","type":"L","timestamp":"2023-11-09 14:59:53"},{"nodeID":"1384409","text":"Asserting","type":"YA","timestamp":"2023-11-09 14:59:53"},{"nodeID":"1384410","text":"only those amongst the extra Assembly members who\u2019ll be able to have a full slap-up English breakfast for \u00a33.50 in the Senate are going to be allowed to go out and get a meal deal","type":"I","timestamp":"2023-11-09 14:59:53"},{"nodeID":"1384411","text":"David Davies: unless they\u2019re amongst the extra Assembly members who\u2019ll be able to have a full slap-up English breakfast for \u00a33.50 in the Senate","type":"L","timestamp":"2023-11-09 14:59:53"},{"nodeID":"1384412","text":"Analysing","type":"YA","timestamp":"2023-11-09 14:59:53"},{"nodeID":"1384413","text":"Tuuli: David Davies: unless they\u2019re amongst the extra Assembly members who\u2019ll be able to have a full slap-up English breakfast for \u00a33.50 in the Senate","type":"L","timestamp":"2023-11-09 14:59:53"},{"nodeID":"1384414","text":"Asserting","type":"YA","timestamp":"2023-11-09 14:59:53"},{"nodeID":"1384415","text":"Default Rephrase","type":"MA","timestamp":"2023-11-09 14:59:53"},{"nodeID":"1384416","text":"Default Transition","type":"TA","timestamp":"2023-11-09 14:59:53"},{"nodeID":"1384417","text":"Restating","type":"YA","timestamp":"2023-11-09 14:59:53"},{"nodeID":"1384418","text":"Default Rephrase","type":"MA","timestamp":"2023-11-09 14:59:53"},{"nodeID":"1384419","text":"Default Transition","type":"TA","timestamp":"2023-11-09 14:59:53"},{"nodeID":"1384420","text":"Restating","type":"YA","timestamp":"2023-11-09 14:59:53"},{"nodeID":"1384421","text":"Default Inference","type":"RA","timestamp":"2023-11-09 14:59:53"},{"nodeID":"1384422","text":"Default Transition","type":"TA","timestamp":"2023-11-09 14:59:53"},{"nodeID":"1384423","text":"Arguing","type":"YA","timestamp":"2023-11-09 14:59:53"},{"nodeID":"1384424","text":"Default Transition","type":"TA","timestamp":"2023-11-09 14:59:53"},{"nodeID":"1384425","text":"Default Transition","type":"TA","timestamp":"2023-11-09 14:59:53"},{"nodeID":"1384426","text":"Default Transition","type":"TA","timestamp":"2023-11-09 14:59:53"},{"nodeID":"1384427","text":"Default Transition","type":"TA","timestamp":"2023-11-09 14:59:53"},{"nodeID":"1384428","text":"Default Transition","type":"TA","timestamp":"2023-11-09 14:59:53"},{"nodeID":"1384429","text":"Default Transition","type":"TA","timestamp":"2023-11-09 14:59:53"},{"nodeID":"1384430","text":"Default Rephrase","type":"MA","timestamp":"2023-11-09 14:59:53"},{"nodeID":"1384431","text":"Default Transition","type":"TA","timestamp":"2023-11-09 14:59:53"},{"nodeID":"1384432","text":"Restating","type":"YA","timestamp":"2023-11-09 14:59:53"}],"edges":[{"edgeID":"1809060","fromID":"1384359","toID":"1384358","formEdgeID":null},{"edgeID":"1809061","fromID":"1384360","toID":"1384359","formEdgeID":null},{"edgeID":"1809062","fromID":"1384358","toID":"1384361","formEdgeID":null},{"edgeID":"1809063","fromID":"1384361","toID":"1384357","formEdgeID":null},{"edgeID":"1809064","fromID":"1384364","toID":"1384363","formEdgeID":null},{"edgeID":"1809065","fromID":"1384365","toID":"1384364","formEdgeID":null},{"edgeID":"1809066","fromID":"1384363","toID":"1384366","formEdgeID":null},{"edgeID":"1809067","fromID":"1384366","toID":"1384362","formEdgeID":null},{"edgeID":"1809068","fromID":"1384369","toID":"1384368","formEdgeID":null},{"edgeID":"1809069","fromID":"1384370","toID":"1384369","formEdgeID":null},{"edgeID":"1809070","fromID":"1384368","toID":"1384371","formEdgeID":null},{"edgeID":"1809071","fromID":"1384371","toID":"1384367","formEdgeID":null},{"edgeID":"1809072","fromID":"1384374","toID":"1384373","formEdgeID":null},{"edgeID":"1809073","fromID":"1384375","toID":"1384374","formEdgeID":null},{"edgeID":"1809074","fromID":"1384373","toID":"1384376","formEdgeID":null},{"edgeID":"1809075","fromID":"1384376","toID":"1384372","formEdgeID":null},{"edgeID":"1809076","fromID":"1384379","toID":"1384378","formEdgeID":null},{"edgeID":"1809077","fromID":"1384380","toID":"1384379","formEdgeID":null},{"edgeID":"1809078","fromID":"1384378","toID":"1384381","formEdgeID":null},{"edgeID":"1809079","fromID":"1384381","toID":"1384377","formEdgeID":null},{"edgeID":"1809080","fromID":"1384384","toID":"1384383","formEdgeID":null},{"edgeID":"1809081","fromID":"1384385","toID":"1384384","formEdgeID":null},{"edgeID":"1809082","fromID":"1384383","toID":"1384386","formEdgeID":null},{"edgeID":"1809083","fromID":"1384386","toID":"1384382","formEdgeID":null},{"edgeID":"1809084","fromID":"1384389","toID":"1384388","formEdgeID":null},{"edgeID":"1809085","fromID":"1384390","toID":"1384389","formEdgeID":null},{"edgeID":"1809086","fromID":"1384388","toID":"1384391","formEdgeID":null},{"edgeID":"1809087","fromID":"1384391","toID":"1384387","formEdgeID":null},{"edgeID":"1809088","fromID":"1384394","toID":"1384393","formEdgeID":null},{"edgeID":"1809089","fromID":"1384395","toID":"1384394","formEdgeID":null},{"edgeID":"1809090","fromID":"1384393","toID":"1384396","formEdgeID":null},{"edgeID":"1809091","fromID":"1384396","toID":"1384392","formEdgeID":null},{"edgeID":"1809092","fromID":"1384399","toID":"1384398","formEdgeID":null},{"edgeID":"1809093","fromID":"1384400","toID":"1384399","formEdgeID":null},{"edgeID":"1809094","fromID":"1384398","toID":"1384401","formEdgeID":null},{"edgeID":"1809095","fromID":"1384401","toID":"1384397","formEdgeID":null},{"edgeID":"1809096","fromID":"1384397","toID":"1384402","formEdgeID":null},{"edgeID":"1809097","fromID":"1384402","toID":"1384392","formEdgeID":null},{"edgeID":"1809098","fromID":"1384393","toID":"1384403","formEdgeID":null},{"edgeID":"1809099","fromID":"1384403","toID":"1384398","formEdgeID":null},{"edgeID":"1809100","fromID":"1384403","toID":"1384404","formEdgeID":null},{"edgeID":"1809101","fromID":"1384404","toID":"1384402","formEdgeID":null},{"edgeID":"1809102","fromID":"1384407","toID":"1384406","formEdgeID":null},{"edgeID":"1809103","fromID":"1384408","toID":"1384407","formEdgeID":null},{"edgeID":"1809104","fromID":"1384406","toID":"1384409","formEdgeID":null},{"edgeID":"1809105","fromID":"1384409","toID":"1384405","formEdgeID":null},{"edgeID":"1809106","fromID":"1384412","toID":"1384411","formEdgeID":null},{"edgeID":"1809107","fromID":"1384413","toID":"1384412","formEdgeID":null},{"edgeID":"1809108","fromID":"1384411","toID":"1384414","formEdgeID":null},{"edgeID":"1809109","fromID":"1384414","toID":"1384410","formEdgeID":null},{"edgeID":"1809110","fromID":"1384405","toID":"1384415","formEdgeID":null},{"edgeID":"1809111","fromID":"1384415","toID":"1384382","formEdgeID":null},{"edgeID":"1809112","fromID":"1384383","toID":"1384416","formEdgeID":null},{"edgeID":"1809113","fromID":"1384416","toID":"1384406","formEdgeID":null},{"edgeID":"1809114","fromID":"1384416","toID":"1384417","formEdgeID":null},{"edgeID":"1809115","fromID":"1384417","toID":"1384415","formEdgeID":null},{"edgeID":"1809116","fromID":"1384410","toID":"1384418","formEdgeID":null},{"edgeID":"1809117","fromID":"1384418","toID":"1384405","formEdgeID":null},{"edgeID":"1809118","fromID":"1384406","toID":"1384419","formEdgeID":null},{"edgeID":"1809119","fromID":"1384419","toID":"1384411","formEdgeID":null},{"edgeID":"1809120","fromID":"1384419","toID":"1384420","formEdgeID":null},{"edgeID":"1809121","fromID":"1384420","toID":"1384418","formEdgeID":null},{"edgeID":"1809122","fromID":"1384357","toID":"1384421","formEdgeID":null},{"edgeID":"1809123","fromID":"1384421","toID":"1384387","formEdgeID":null},{"edgeID":"1809124","fromID":"1384362","toID":"1384421","formEdgeID":null},{"edgeID":"1809125","fromID":"1384367","toID":"1384421","formEdgeID":null},{"edgeID":"1809126","fromID":"1384372","toID":"1384421","formEdgeID":null},{"edgeID":"1809127","fromID":"1384377","toID":"1384421","formEdgeID":null},{"edgeID":"1809128","fromID":"1384382","toID":"1384421","formEdgeID":null},{"edgeID":"1809129","fromID":"1384358","toID":"1384422","formEdgeID":null},{"edgeID":"1809130","fromID":"1384422","toID":"1384388","formEdgeID":null},{"edgeID":"1809131","fromID":"1384422","toID":"1384423","formEdgeID":null},{"edgeID":"1809132","fromID":"1384423","toID":"1384421","formEdgeID":null},{"edgeID":"1809133","fromID":"1384358","toID":"1384424","formEdgeID":null},{"edgeID":"1809134","fromID":"1384424","toID":"1384388","formEdgeID":null},{"edgeID":"1809135","fromID":"1384363","toID":"1384425","formEdgeID":null},{"edgeID":"1809136","fromID":"1384425","toID":"1384388","formEdgeID":null},{"edgeID":"1809137","fromID":"1384368","toID":"1384426","formEdgeID":null},{"edgeID":"1809138","fromID":"1384426","toID":"1384388","formEdgeID":null},{"edgeID":"1809139","fromID":"1384373","toID":"1384427","formEdgeID":null},{"edgeID":"1809140","fromID":"1384427","toID":"1384388","formEdgeID":null},{"edgeID":"1809141","fromID":"1384378","toID":"1384428","formEdgeID":null},{"edgeID":"1809142","fromID":"1384428","toID":"1384388","formEdgeID":null},{"edgeID":"1809143","fromID":"1384383","toID":"1384429","formEdgeID":null},{"edgeID":"1809144","fromID":"1384429","toID":"1384388","formEdgeID":null},{"edgeID":"1809145","fromID":"1384392","toID":"1384430","formEdgeID":null},{"edgeID":"1809146","fromID":"1384430","toID":"1384410","formEdgeID":null},{"edgeID":"1809147","fromID":"1384411","toID":"1384431","formEdgeID":null},{"edgeID":"1809148","fromID":"1384431","toID":"1384393","formEdgeID":null},{"edgeID":"1809149","fromID":"1384431","toID":"1384432","formEdgeID":null},{"edgeID":"1809150","fromID":"1384432","toID":"1384430","formEdgeID":null}],"locutions":[]}