{"nodes":[{"nodeID":"1382350","text":"the point of rewriting classics is xxx","type":"I","timestamp":"2023-11-09 14:56:54"},{"nodeID":"1382351","text":"David Davies: what is the point of all this","type":"L","timestamp":"2023-11-09 14:56:54"},{"nodeID":"1382352","text":"Analysing","type":"YA","timestamp":"2023-11-09 14:56:54"},{"nodeID":"1382353","text":"Tuuli: David Davies: what is the point of all this","type":"L","timestamp":"2023-11-09 14:56:54"},{"nodeID":"1382354","text":"Pure Questioning","type":"YA","timestamp":"2023-11-09 14:56:54"},{"nodeID":"1382355","text":"Rakie Ayola may have a point actually","type":"I","timestamp":"2023-11-09 14:56:54"},{"nodeID":"1382356","text":"David Davies: Rakie may have a point actually","type":"L","timestamp":"2023-11-09 14:56:54"},{"nodeID":"1382357","text":"Analysing","type":"YA","timestamp":"2023-11-09 14:56:54"},{"nodeID":"1382358","text":"Tuuli: David Davies: Rakie may have a point actually","type":"L","timestamp":"2023-11-09 14:56:54"},{"nodeID":"1382359","text":"Asserting","type":"YA","timestamp":"2023-11-09 14:56:54"},{"nodeID":"1382360","text":"Default Transition","type":"TA","timestamp":"2023-11-09 14:56:54"},{"nodeID":"1382361","text":"some of the publicists for these book companies are laughing their socks off at the thought of selling more and getting loads of free publicity for rewriting classics","type":"I","timestamp":"2023-11-09 14:56:55"},{"nodeID":"1382362","text":"David Davies: I wonder if some of the publicists for these book companies are laughing their socks off at the thought of selling more and getting loads of free publicity for it","type":"L","timestamp":"2023-11-09 14:56:55"},{"nodeID":"1382363","text":"Analysing","type":"YA","timestamp":"2023-11-09 14:56:55"},{"nodeID":"1382364","text":"Tuuli: David Davies: I wonder if some of the publicists for these book companies are laughing their socks off at the thought of selling more and getting loads of free publicity for it","type":"L","timestamp":"2023-11-09 14:56:55"},{"nodeID":"1382365","text":"Rhetorical Questioning","type":"YA","timestamp":"2023-11-09 14:56:55"},{"nodeID":"1382366","text":"Default Transition","type":"TA","timestamp":"2023-11-09 14:56:55"},{"nodeID":"1382367","text":"what really worries David Davies a lot more than anything he saw in those books are some of the misogynistic words which he has heard in a lot of the current music","type":"I","timestamp":"2023-11-09 14:56:56"},{"nodeID":"1382368","text":"David Davies: what really worries me a lot more than anything I saw in those books are some of the misogynistic words which I\u2019ve heard in a lot of the music","type":"L","timestamp":"2023-11-09 14:56:56"},{"nodeID":"1382369","text":"Analysing","type":"YA","timestamp":"2023-11-09 14:56:56"},{"nodeID":"1382370","text":"Tuuli: David Davies: what really worries me a lot more than anything I saw in those books are some of the misogynistic words which I\u2019ve heard in a lot of the music","type":"L","timestamp":"2023-11-09 14:56:56"},{"nodeID":"1382371","text":"Asserting","type":"YA","timestamp":"2023-11-09 14:56:56"},{"nodeID":"1382372","text":"Default Transition","type":"TA","timestamp":"2023-11-09 14:56:56"},{"nodeID":"1382373","text":"David Davie's children and other children, listen to the current music with misogynistic words","type":"I","timestamp":"2023-11-09 14:56:56"},{"nodeID":"1382374","text":"David Davies: which children, my children and children, listen to at the moment","type":"L","timestamp":"2023-11-09 14:56:56"},{"nodeID":"1382375","text":"Analysing","type":"YA","timestamp":"2023-11-09 14:56:56"},{"nodeID":"1382376","text":"Tuuli: David Davies: which children, my children and children, listen to at the moment","type":"L","timestamp":"2023-11-09 14:56:56"},{"nodeID":"1382377","text":"Asserting","type":"YA","timestamp":"2023-11-09 14:56:56"},{"nodeID":"1382378","text":"Default Transition","type":"TA","timestamp":"2023-11-09 14:56:56"},{"nodeID":"1382379","text":"discussing whether Augustus Gloop should be fat or enormous is pretty trivial compared to the absolutely appalling words in songs which David Davies thinks are quite mainstream on the radio at the moment","type":"I","timestamp":"2023-11-09 14:56:57"},{"nodeID":"1382380","text":"David Davies: it\u2019s pretty trivial compared to the absolutely appalling words in songs which I think are quite mainstream on the radio at the moment","type":"L","timestamp":"2023-11-09 14:56:57"},{"nodeID":"1382381","text":"Analysing","type":"YA","timestamp":"2023-11-09 14:56:57"},{"nodeID":"1382382","text":"Tuuli: David Davies: it\u2019s pretty trivial compared to the absolutely appalling words, which I couldn't even use, in songs which I think are quite mainstream on the radio at the moment","type":"L","timestamp":"2023-11-09 14:56:57"},{"nodeID":"1382383","text":"Asserting","type":"YA","timestamp":"2023-11-09 14:56:57"},{"nodeID":"1382384","text":"there should be a discussion about some of the appalling words in current music as well","type":"I","timestamp":"2023-11-09 14:56:58"},{"nodeID":"1382385","text":"David Davies: let\u2019s have a discussion about some of them as well","type":"L","timestamp":"2023-11-09 14:56:58"},{"nodeID":"1382386","text":"Analysing","type":"YA","timestamp":"2023-11-09 14:56:58"},{"nodeID":"1382387","text":"Tuuli: David Davies: let\u2019s have a discussion about some of them as well","type":"L","timestamp":"2023-11-09 14:56:58"},{"nodeID":"1382388","text":"Asserting","type":"YA","timestamp":"2023-11-09 14:56:58"},{"nodeID":"1382389","text":"there should be discussion about the impact on women\u2019s lives those words are having","type":"I","timestamp":"2023-11-09 14:56:58"},{"nodeID":"1382390","text":"David Davies: the impact on women\u2019s lives those words are having","type":"L","timestamp":"2023-11-09 14:56:58"},{"nodeID":"1382391","text":"Analysing","type":"YA","timestamp":"2023-11-09 14:56:58"},{"nodeID":"1382392","text":"Tuuli: David Davies: the impact on women\u2019s lives those words are having","type":"L","timestamp":"2023-11-09 14:56:58"},{"nodeID":"1382393","text":"Asserting","type":"YA","timestamp":"2023-11-09 14:56:58"},{"nodeID":"1382394","text":"Default Transition","type":"TA","timestamp":"2023-11-09 14:56:58"},{"nodeID":"1382395","text":"Default Rephrase","type":"MA","timestamp":"2023-11-09 14:56:58"},{"nodeID":"1382396","text":"Restating","type":"YA","timestamp":"2023-11-09 14:56:58"},{"nodeID":"1382397","text":"AudienceMember 20230330QT27 is not sure about censorship through the back door","type":"I","timestamp":"2023-11-09 14:56:59"},{"nodeID":"1382398","text":"AudienceMember 20230330QT27: I\u2019m not sure about censorship through the back door","type":"L","timestamp":"2023-11-09 14:56:59"},{"nodeID":"1382399","text":"Analysing","type":"YA","timestamp":"2023-11-09 14:56:59"},{"nodeID":"1382400","text":"Tuuli: AudienceMember 20230330QT27: I\u2019m not sure about censorship through the back door","type":"L","timestamp":"2023-11-09 14:56:59"},{"nodeID":"1382401","text":"Asserting","type":"YA","timestamp":"2023-11-09 14:56:59"},{"nodeID":"1382402","text":"Default Transition","type":"TA","timestamp":"2023-11-09 14:56:59"},{"nodeID":"1382403","text":"the rewriting of classics is blatant and egregious","type":"I","timestamp":"2023-11-09 14:56:59"},{"nodeID":"1382404","text":"AudienceMember 20230330QT27: it\u2019s blatant and egregious","type":"L","timestamp":"2023-11-09 14:56:59"},{"nodeID":"1382405","text":"Analysing","type":"YA","timestamp":"2023-11-09 14:56:59"},{"nodeID":"1382406","text":"Tuuli: AudienceMember 20230330QT27: it\u2019s blatant and egregious","type":"L","timestamp":"2023-11-09 14:56:59"},{"nodeID":"1382407","text":"Asserting","type":"YA","timestamp":"2023-11-09 14:56:59"},{"nodeID":"1382408","text":"Default Transition","type":"TA","timestamp":"2023-11-09 14:56:59"},{"nodeID":"1382409","text":"the rewriting of classics is bowdlerization and censorship quite frankly","type":"I","timestamp":"2023-11-09 14:57:00"},{"nodeID":"1382410","text":"AudienceMember 20230330QT27: it\u2019s bowdlerization and censorship quite frankly","type":"L","timestamp":"2023-11-09 14:57:00"},{"nodeID":"1382411","text":"Analysing","type":"YA","timestamp":"2023-11-09 14:57:00"},{"nodeID":"1382412","text":"Tuuli: AudienceMember 20230330QT27: it\u2019s bowdlerization and censorship quite frankly","type":"L","timestamp":"2023-11-09 14:57:00"},{"nodeID":"1382413","text":"Asserting","type":"YA","timestamp":"2023-11-09 14:57:00"},{"nodeID":"1382414","text":"Default Inference","type":"RA","timestamp":"2023-11-09 14:57:00"},{"nodeID":"1382415","text":"Default Inference","type":"RA","timestamp":"2023-11-09 14:57:00"},{"nodeID":"1382416","text":"Arguing","type":"YA","timestamp":"2023-11-09 14:57:00"},{"nodeID":"1382417","text":"AudienceMember 20230330QT27 shares some of the characteristics of Augustus Gloop in so far as they have been known to be fat, quite frankly","type":"I","timestamp":"2023-11-09 14:57:01"},{"nodeID":"1382418","text":"AudienceMember 20230330QT27: I share some of the characteristics of Augustus Gloop in so far as I\u2019ve been known to be fat, quite frankly","type":"L","timestamp":"2023-11-09 14:57:01"},{"nodeID":"1382419","text":"Analysing","type":"YA","timestamp":"2023-11-09 14:57:01"},{"nodeID":"1382420","text":"Tuuli: AudienceMember 20230330QT27: I share some of the characteristics of Augustus Gloop in so far as I\u2019ve been known to be fat, quite frankly","type":"L","timestamp":"2023-11-09 14:57:01"},{"nodeID":"1382421","text":"Asserting","type":"YA","timestamp":"2023-11-09 14:57:01"},{"nodeID":"1382422","text":"Default Transition","type":"TA","timestamp":"2023-11-09 14:57:01"},{"nodeID":"1382423","text":"AudienceMember 20230330QT27 would much rather be called fat than enormous","type":"I","timestamp":"2023-11-09 14:57:01"},{"nodeID":"1382424","text":"AudienceMember 20230330QT27: I\u2019d much rather be called fat than enormous","type":"L","timestamp":"2023-11-09 14:57:01"},{"nodeID":"1382425","text":"Analysing","type":"YA","timestamp":"2023-11-09 14:57:01"},{"nodeID":"1382426","text":"Tuuli: AudienceMember 20230330QT27: I\u2019d much rather be called fat than enormous","type":"L","timestamp":"2023-11-09 14:57:01"},{"nodeID":"1382427","text":"Asserting","type":"YA","timestamp":"2023-11-09 14:57:01"},{"nodeID":"1382428","text":"Default Transition","type":"TA","timestamp":"2023-11-09 14:57:01"},{"nodeID":"1382429","text":"AudienceMember 20230330QT27 does not quite know what the sensitive reviewers are thinking there","type":"I","timestamp":"2023-11-09 14:57:02"},{"nodeID":"1382430","text":"AudienceMember 20230330QT27: I don\u2019t quite know what the sensitive reviewers are thinking there","type":"L","timestamp":"2023-11-09 14:57:02"},{"nodeID":"1382431","text":"Analysing","type":"YA","timestamp":"2023-11-09 14:57:02"},{"nodeID":"1382432","text":"Tuuli: AudienceMember 20230330QT27: I don\u2019t quite know what the sensitive reviewers are thinking there","type":"L","timestamp":"2023-11-09 14:57:02"},{"nodeID":"1382433","text":"Asserting","type":"YA","timestamp":"2023-11-09 14:57:02"},{"nodeID":"1382434","text":"Default Transition","type":"TA","timestamp":"2023-11-09 14:57:02"},{"nodeID":"1382435","text":"Default Inference","type":"RA","timestamp":"2023-11-09 14:57:02"},{"nodeID":"1382436","text":"Arguing","type":"YA","timestamp":"2023-11-09 14:57:02"},{"nodeID":"1382437","text":"Default Inference","type":"RA","timestamp":"2023-11-09 14:57:02"},{"nodeID":"1382438","text":"Arguing","type":"YA","timestamp":"2023-11-09 14:57:02"},{"nodeID":"1382439","text":"one can have a discussion about whether Augustus Gloop should be fat or enormous","type":"I","timestamp":"2023-11-09 14:57:03"},{"nodeID":"1382440","text":"David Davies: have a discussion about whether Augustus Gloop should be fat or enormous","type":"L","timestamp":"2023-11-09 14:57:03"},{"nodeID":"1382441","text":"Analysing","type":"YA","timestamp":"2023-11-09 14:57:03"},{"nodeID":"1382442","text":"Tuuli: David Davies: have a discussion about whether Augustus Gloop should be fat or enormous","type":"L","timestamp":"2023-11-09 14:57:03"},{"nodeID":"1382443","text":"Asserting","type":"YA","timestamp":"2023-11-09 14:57:03"},{"nodeID":"1382444","text":"Default Transition","type":"TA","timestamp":"2023-11-09 14:57:03"},{"nodeID":"1382445","text":"Default Transition","type":"TA","timestamp":"2023-11-09 14:57:03"},{"nodeID":"1382446","text":"Default Conflict","type":"CA","timestamp":"2023-11-09 14:57:03"},{"nodeID":"1382447","text":"Disagreeing","type":"YA","timestamp":"2023-11-09 14:57:03"},{"nodeID":"1382448","text":"there are appalling words in current music that David Davies couldn't even use","type":"I","timestamp":"2023-11-09 14:57:03"},{"nodeID":"1382449","text":"David Davies: which I couldn't even use","type":"L","timestamp":"2023-11-09 14:57:03"},{"nodeID":"1382450","text":"Analysing","type":"YA","timestamp":"2023-11-09 14:57:03"},{"nodeID":"1382451","text":"Tuuli: David Davies: which I couldn't even use","type":"L","timestamp":"2023-11-09 14:57:03"},{"nodeID":"1382452","text":"Asserting","type":"YA","timestamp":"2023-11-09 14:57:03"},{"nodeID":"1382453","text":"Default Transition","type":"TA","timestamp":"2023-11-09 14:57:03"},{"nodeID":"1382454","text":"Default Rephrase","type":"MA","timestamp":"2023-11-09 14:57:03"},{"nodeID":"1382455","text":"Restating","type":"YA","timestamp":"2023-11-09 14:57:03"},{"nodeID":"1382456","text":"Default Inference","type":"RA","timestamp":"2023-11-09 14:57:03"},{"nodeID":"1382457","text":"Default Transition","type":"TA","timestamp":"2023-11-09 14:57:03"},{"nodeID":"1382458","text":"Arguing","type":"YA","timestamp":"2023-11-09 14:57:03"},{"nodeID":"1382459","text":"Default Transition","type":"TA","timestamp":"2023-11-09 14:57:03"},{"nodeID":"1382460","text":"Arguing","type":"YA","timestamp":"2023-11-09 14:57:03"}],"edges":[{"edgeID":"1806728","fromID":"1382352","toID":"1382351","formEdgeID":null},{"edgeID":"1806729","fromID":"1382353","toID":"1382352","formEdgeID":null},{"edgeID":"1806730","fromID":"1382351","toID":"1382354","formEdgeID":null},{"edgeID":"1806731","fromID":"1382354","toID":"1382350","formEdgeID":null},{"edgeID":"1806732","fromID":"1382357","toID":"1382356","formEdgeID":null},{"edgeID":"1806733","fromID":"1382358","toID":"1382357","formEdgeID":null},{"edgeID":"1806734","fromID":"1382356","toID":"1382359","formEdgeID":null},{"edgeID":"1806735","fromID":"1382359","toID":"1382355","formEdgeID":null},{"edgeID":"1806736","fromID":"1382351","toID":"1382360","formEdgeID":null},{"edgeID":"1806737","fromID":"1382360","toID":"1382356","formEdgeID":null},{"edgeID":"1806738","fromID":"1382363","toID":"1382362","formEdgeID":null},{"edgeID":"1806739","fromID":"1382364","toID":"1382363","formEdgeID":null},{"edgeID":"1806740","fromID":"1382362","toID":"1382365","formEdgeID":null},{"edgeID":"1806741","fromID":"1382365","toID":"1382361","formEdgeID":null},{"edgeID":"1806742","fromID":"1382356","toID":"1382366","formEdgeID":null},{"edgeID":"1806743","fromID":"1382366","toID":"1382362","formEdgeID":null},{"edgeID":"1806744","fromID":"1382369","toID":"1382368","formEdgeID":null},{"edgeID":"1806745","fromID":"1382370","toID":"1382369","formEdgeID":null},{"edgeID":"1806746","fromID":"1382368","toID":"1382371","formEdgeID":null},{"edgeID":"1806747","fromID":"1382371","toID":"1382367","formEdgeID":null},{"edgeID":"1806748","fromID":"1382362","toID":"1382372","formEdgeID":null},{"edgeID":"1806749","fromID":"1382372","toID":"1382368","formEdgeID":null},{"edgeID":"1806750","fromID":"1382375","toID":"1382374","formEdgeID":null},{"edgeID":"1806751","fromID":"1382376","toID":"1382375","formEdgeID":null},{"edgeID":"1806752","fromID":"1382374","toID":"1382377","formEdgeID":null},{"edgeID":"1806753","fromID":"1382377","toID":"1382373","formEdgeID":null},{"edgeID":"1806754","fromID":"1382368","toID":"1382378","formEdgeID":null},{"edgeID":"1806755","fromID":"1382378","toID":"1382374","formEdgeID":null},{"edgeID":"1806756","fromID":"1382381","toID":"1382380","formEdgeID":null},{"edgeID":"1806757","fromID":"1382382","toID":"1382381","formEdgeID":null},{"edgeID":"1806758","fromID":"1382380","toID":"1382383","formEdgeID":null},{"edgeID":"1806759","fromID":"1382383","toID":"1382379","formEdgeID":null},{"edgeID":"1806760","fromID":"1382386","toID":"1382385","formEdgeID":null},{"edgeID":"1806761","fromID":"1382387","toID":"1382386","formEdgeID":null},{"edgeID":"1806762","fromID":"1382385","toID":"1382388","formEdgeID":null},{"edgeID":"1806763","fromID":"1382388","toID":"1382384","formEdgeID":null},{"edgeID":"1806764","fromID":"1382391","toID":"1382390","formEdgeID":null},{"edgeID":"1806765","fromID":"1382392","toID":"1382391","formEdgeID":null},{"edgeID":"1806766","fromID":"1382390","toID":"1382393","formEdgeID":null},{"edgeID":"1806767","fromID":"1382393","toID":"1382389","formEdgeID":null},{"edgeID":"1806768","fromID":"1382385","toID":"1382394","formEdgeID":null},{"edgeID":"1806769","fromID":"1382394","toID":"1382390","formEdgeID":null},{"edgeID":"1806770","fromID":"1382389","toID":"1382395","formEdgeID":null},{"edgeID":"1806771","fromID":"1382395","toID":"1382384","formEdgeID":null},{"edgeID":"1806772","fromID":"1382394","toID":"1382396","formEdgeID":null},{"edgeID":"1806773","fromID":"1382396","toID":"1382395","formEdgeID":null},{"edgeID":"1806774","fromID":"1382399","toID":"1382398","formEdgeID":null},{"edgeID":"1806775","fromID":"1382400","toID":"1382399","formEdgeID":null},{"edgeID":"1806776","fromID":"1382398","toID":"1382401","formEdgeID":null},{"edgeID":"1806777","fromID":"1382401","toID":"1382397","formEdgeID":null},{"edgeID":"1806778","fromID":"1382390","toID":"1382402","formEdgeID":null},{"edgeID":"1806779","fromID":"1382402","toID":"1382398","formEdgeID":null},{"edgeID":"1806780","fromID":"1382405","toID":"1382404","formEdgeID":null},{"edgeID":"1806781","fromID":"1382406","toID":"1382405","formEdgeID":null},{"edgeID":"1806782","fromID":"1382404","toID":"1382407","formEdgeID":null},{"edgeID":"1806783","fromID":"1382407","toID":"1382403","formEdgeID":null},{"edgeID":"1806784","fromID":"1382398","toID":"1382408","formEdgeID":null},{"edgeID":"1806785","fromID":"1382408","toID":"1382404","formEdgeID":null},{"edgeID":"1806786","fromID":"1382411","toID":"1382410","formEdgeID":null},{"edgeID":"1806787","fromID":"1382412","toID":"1382411","formEdgeID":null},{"edgeID":"1806788","fromID":"1382410","toID":"1382413","formEdgeID":null},{"edgeID":"1806789","fromID":"1382413","toID":"1382409","formEdgeID":null},{"edgeID":"1806790","fromID":"1382403","toID":"1382414","formEdgeID":null},{"edgeID":"1806791","fromID":"1382414","toID":"1382397","formEdgeID":null},{"edgeID":"1806792","fromID":"1382409","toID":"1382415","formEdgeID":null},{"edgeID":"1806793","fromID":"1382415","toID":"1382397","formEdgeID":null},{"edgeID":"1806794","fromID":"1382408","toID":"1382416","formEdgeID":null},{"edgeID":"1806795","fromID":"1382416","toID":"1382414","formEdgeID":null},{"edgeID":"1806796","fromID":"1382419","toID":"1382418","formEdgeID":null},{"edgeID":"1806797","fromID":"1382420","toID":"1382419","formEdgeID":null},{"edgeID":"1806798","fromID":"1382418","toID":"1382421","formEdgeID":null},{"edgeID":"1806799","fromID":"1382421","toID":"1382417","formEdgeID":null},{"edgeID":"1806800","fromID":"1382410","toID":"1382422","formEdgeID":null},{"edgeID":"1806801","fromID":"1382422","toID":"1382418","formEdgeID":null},{"edgeID":"1806802","fromID":"1382425","toID":"1382424","formEdgeID":null},{"edgeID":"1806803","fromID":"1382426","toID":"1382425","formEdgeID":null},{"edgeID":"1806804","fromID":"1382424","toID":"1382427","formEdgeID":null},{"edgeID":"1806805","fromID":"1382427","toID":"1382423","formEdgeID":null},{"edgeID":"1806806","fromID":"1382418","toID":"1382428","formEdgeID":null},{"edgeID":"1806807","fromID":"1382428","toID":"1382424","formEdgeID":null},{"edgeID":"1806808","fromID":"1382431","toID":"1382430","formEdgeID":null},{"edgeID":"1806809","fromID":"1382432","toID":"1382431","formEdgeID":null},{"edgeID":"1806810","fromID":"1382430","toID":"1382433","formEdgeID":null},{"edgeID":"1806811","fromID":"1382433","toID":"1382429","formEdgeID":null},{"edgeID":"1806812","fromID":"1382424","toID":"1382434","formEdgeID":null},{"edgeID":"1806813","fromID":"1382434","toID":"1382430","formEdgeID":null},{"edgeID":"1806814","fromID":"1382423","toID":"1382435","formEdgeID":null},{"edgeID":"1806815","fromID":"1382435","toID":"1382429","formEdgeID":null},{"edgeID":"1806816","fromID":"1382434","toID":"1382436","formEdgeID":null},{"edgeID":"1806817","fromID":"1382436","toID":"1382435","formEdgeID":null},{"edgeID":"1806818","fromID":"1382373","toID":"1382437","formEdgeID":null},{"edgeID":"1806819","fromID":"1382437","toID":"1382367","formEdgeID":null},{"edgeID":"1806820","fromID":"1382378","toID":"1382438","formEdgeID":null},{"edgeID":"1806821","fromID":"1382438","toID":"1382437","formEdgeID":null},{"edgeID":"1806822","fromID":"1382441","toID":"1382440","formEdgeID":null},{"edgeID":"1806823","fromID":"1382442","toID":"1382441","formEdgeID":null},{"edgeID":"1806824","fromID":"1382440","toID":"1382443","formEdgeID":null},{"edgeID":"1806825","fromID":"1382443","toID":"1382439","formEdgeID":null},{"edgeID":"1806826","fromID":"1382374","toID":"1382444","formEdgeID":null},{"edgeID":"1806827","fromID":"1382444","toID":"1382440","formEdgeID":null},{"edgeID":"1806828","fromID":"1382440","toID":"1382445","formEdgeID":null},{"edgeID":"1806829","fromID":"1382445","toID":"1382380","formEdgeID":null},{"edgeID":"1806830","fromID":"1382379","toID":"1382446","formEdgeID":null},{"edgeID":"1806831","fromID":"1382446","toID":"1382439","formEdgeID":null},{"edgeID":"1806832","fromID":"1382445","toID":"1382447","formEdgeID":null},{"edgeID":"1806833","fromID":"1382447","toID":"1382446","formEdgeID":null},{"edgeID":"1806834","fromID":"1382450","toID":"1382449","formEdgeID":null},{"edgeID":"1806835","fromID":"1382451","toID":"1382450","formEdgeID":null},{"edgeID":"1806836","fromID":"1382449","toID":"1382452","formEdgeID":null},{"edgeID":"1806837","fromID":"1382452","toID":"1382448","formEdgeID":null},{"edgeID":"1806838","fromID":"1382380","toID":"1382453","formEdgeID":null},{"edgeID":"1806839","fromID":"1382453","toID":"1382449","formEdgeID":null},{"edgeID":"1806840","fromID":"1382448","toID":"1382454","formEdgeID":null},{"edgeID":"1806841","fromID":"1382454","toID":"1382379","formEdgeID":null},{"edgeID":"1806842","fromID":"1382453","toID":"1382455","formEdgeID":null},{"edgeID":"1806843","fromID":"1382455","toID":"1382454","formEdgeID":null},{"edgeID":"1806844","fromID":"1382379","toID":"1382456","formEdgeID":null},{"edgeID":"1806845","fromID":"1382456","toID":"1382384","formEdgeID":null},{"edgeID":"1806846","fromID":"1382380","toID":"1382457","formEdgeID":null},{"edgeID":"1806847","fromID":"1382457","toID":"1382385","formEdgeID":null},{"edgeID":"1806848","fromID":"1382457","toID":"1382458","formEdgeID":null},{"edgeID":"1806849","fromID":"1382458","toID":"1382456","formEdgeID":null},{"edgeID":"1806850","fromID":"1382398","toID":"1382459","formEdgeID":null},{"edgeID":"1806851","fromID":"1382459","toID":"1382410","formEdgeID":null},{"edgeID":"1806852","fromID":"1382459","toID":"1382460","formEdgeID":null},{"edgeID":"1806853","fromID":"1382460","toID":"1382415","formEdgeID":null}],"locutions":[]}