{"nodes":[{"nodeID":"1379120","text":"xxx is what AudienceMember 20230330QT03 means by wafers","type":"I","timestamp":"2023-11-09 14:52:18"},{"nodeID":"1379121","text":"Fiona Bruce: Just in case not everyone here is familiar with what you mean by wafers","type":"L","timestamp":"2023-11-09 14:52:18"},{"nodeID":"1379122","text":"Analysing","type":"YA","timestamp":"2023-11-09 14:52:18"},{"nodeID":"1379123","text":"Nicole: Fiona Bruce: Just in case not everyone here is familiar with what you mean by wafers","type":"L","timestamp":"2023-11-09 14:52:18"},{"nodeID":"1379124","text":"Pure Questioning","type":"YA","timestamp":"2023-11-09 14:52:18"},{"nodeID":"1379125","text":"a wafer is a flat disc that microchips are made of","type":"I","timestamp":"2023-11-09 14:52:18"},{"nodeID":"1379126","text":"AudienceMember 20230330QT03: A wafer is a flat disc that microchips are made of","type":"L","timestamp":"2023-11-09 14:52:18"},{"nodeID":"1379127","text":"Analysing","type":"YA","timestamp":"2023-11-09 14:52:18"},{"nodeID":"1379128","text":"Nicole: AudienceMember 20230330QT03: A wafer is a flat disc that microchips are made of","type":"L","timestamp":"2023-11-09 14:52:18"},{"nodeID":"1379129","text":"Asserting","type":"YA","timestamp":"2023-11-09 14:52:18"},{"nodeID":"1379130","text":"Default Transition","type":"TA","timestamp":"2023-11-09 14:52:18"},{"nodeID":"1379131","text":"Default Rephrase","type":"MA","timestamp":"2023-11-09 14:52:18"},{"nodeID":"1379132","text":"Default Illocuting","type":"YA","timestamp":"2023-11-09 14:52:18"},{"nodeID":"1379133","text":"in Newport we make very simple switches","type":"I","timestamp":"2023-11-09 14:52:19"},{"nodeID":"1379134","text":"AudienceMember 20230330QT03: In Newport we make very simple switches","type":"L","timestamp":"2023-11-09 14:52:19"},{"nodeID":"1379135","text":"Analysing","type":"YA","timestamp":"2023-11-09 14:52:19"},{"nodeID":"1379136","text":"Nicole: AudienceMember 20230330QT03: In Newport we make very simple switches","type":"L","timestamp":"2023-11-09 14:52:19"},{"nodeID":"1379137","text":"Asserting","type":"YA","timestamp":"2023-11-09 14:52:19"},{"nodeID":"1379138","text":"Default Transition","type":"TA","timestamp":"2023-11-09 14:52:19"},{"nodeID":"1379139","text":"Mr Shapps didn\u2019t know what they make at the factory in Newport","type":"I","timestamp":"2023-11-09 14:52:20"},{"nodeID":"1379140","text":"AudienceMember 20230330QT03: Mr Shapps didn\u2019t know","type":"L","timestamp":"2023-11-09 14:52:20"},{"nodeID":"1379141","text":"Analysing","type":"YA","timestamp":"2023-11-09 14:52:20"},{"nodeID":"1379142","text":"Nicole: AudienceMember 20230330QT03: Mr Shapps didn\u2019t know","type":"L","timestamp":"2023-11-09 14:52:20"},{"nodeID":"1379143","text":"Asserting","type":"YA","timestamp":"2023-11-09 14:52:20"},{"nodeID":"1379144","text":"Default Transition","type":"TA","timestamp":"2023-11-09 14:52:20"},{"nodeID":"1379145","text":"we don\u2019t make fab, we make wafers","type":"I","timestamp":"2023-11-09 14:52:20"},{"nodeID":"1379146","text":"AudienceMember 20230330QT03: we don\u2019t make fab, we make wafers","type":"L","timestamp":"2023-11-09 14:52:20"},{"nodeID":"1379147","text":"Analysing","type":"YA","timestamp":"2023-11-09 14:52:20"},{"nodeID":"1379148","text":"Nicole: AudienceMember 20230330QT03: we don\u2019t make fab, we make wafers","type":"L","timestamp":"2023-11-09 14:52:20"},{"nodeID":"1379149","text":"Asserting","type":"YA","timestamp":"2023-11-09 14:52:20"},{"nodeID":"1379150","text":"Default Transition","type":"TA","timestamp":"2023-11-09 14:52:20"},{"nodeID":"1379151","text":"the fab is where we make it, the wafers are what we build the microchips on","type":"I","timestamp":"2023-11-09 14:52:21"},{"nodeID":"1379152","text":"AudienceMember 20230330QT03: The fab is where we make it, the wafers are what we build the microchips on","type":"L","timestamp":"2023-11-09 14:52:21"},{"nodeID":"1379153","text":"Analysing","type":"YA","timestamp":"2023-11-09 14:52:21"},{"nodeID":"1379154","text":"Nicole: AudienceMember 20230330QT03: The fab is where we make it, the wafers are what we build the microchips on","type":"L","timestamp":"2023-11-09 14:52:21"},{"nodeID":"1379155","text":"Asserting","type":"YA","timestamp":"2023-11-09 14:52:21"},{"nodeID":"1379156","text":"Default Transition","type":"TA","timestamp":"2023-11-09 14:52:21"},{"nodeID":"1379157","text":"Default Rephrase","type":"MA","timestamp":"2023-11-09 14:52:21"},{"nodeID":"1379158","text":"Restating","type":"YA","timestamp":"2023-11-09 14:52:21"},{"nodeID":"1379159","text":"it\u2019s very, very disturbing that microelectronics is what\u2019s going to drive economic growth","type":"I","timestamp":"2023-11-09 14:52:22"},{"nodeID":"1379160","text":"AudienceMember 20230330QT03: It\u2019s very, very disturbing that microelectronics is what\u2019s going to drive economic growth","type":"L","timestamp":"2023-11-09 14:52:22"},{"nodeID":"1379161","text":"Analysing","type":"YA","timestamp":"2023-11-09 14:52:22"},{"nodeID":"1379162","text":"Nicole: AudienceMember 20230330QT03: It\u2019s very, very disturbing that microelectronics is what\u2019s going to drive economic growth","type":"L","timestamp":"2023-11-09 14:52:22"},{"nodeID":"1379163","text":"Asserting","type":"YA","timestamp":"2023-11-09 14:52:22"},{"nodeID":"1379164","text":"other countries are investing tens and hundreds of billions in microelectronics","type":"I","timestamp":"2023-11-09 14:52:22"},{"nodeID":"1379165","text":"AudienceMember 20230330QT03: Other countries are investing tens and hundreds of billions in microelectronics","type":"L","timestamp":"2023-11-09 14:52:22"},{"nodeID":"1379166","text":"Analysing","type":"YA","timestamp":"2023-11-09 14:52:22"},{"nodeID":"1379167","text":"Nicole: AudienceMember 20230330QT03: Other countries are investing tens and hundreds of billions in microelectronics","type":"L","timestamp":"2023-11-09 14:52:22"},{"nodeID":"1379168","text":"Asserting","type":"YA","timestamp":"2023-11-09 14:52:22"},{"nodeID":"1379169","text":"Default Transition","type":"TA","timestamp":"2023-11-09 14:52:22"},{"nodeID":"1379170","text":"Default Transition","type":"TA","timestamp":"2023-11-09 14:52:22"},{"nodeID":"1379171","text":"the Conservative Party has not even got any plan for investing in microelectronics","type":"I","timestamp":"2023-11-09 14:52:23"},{"nodeID":"1379172","text":"AudienceMember 20230330QT03: The Conservative Party, Mr Davies, has not even got any plan","type":"L","timestamp":"2023-11-09 14:52:23"},{"nodeID":"1379173","text":"Analysing","type":"YA","timestamp":"2023-11-09 14:52:23"},{"nodeID":"1379174","text":"Nicole: AudienceMember 20230330QT03: The Conservative Party, Mr Davies, has not even got any plan","type":"L","timestamp":"2023-11-09 14:52:23"},{"nodeID":"1379175","text":"Asserting","type":"YA","timestamp":"2023-11-09 14:52:23"},{"nodeID":"1379176","text":"the Conservative Party's industrial strategy for the semiconductor industry has not been published","type":"I","timestamp":"2023-11-09 14:52:23"},{"nodeID":"1379177","text":"AudienceMember 20230330QT03: your industrial strategy for the semiconductor industry has not been published","type":"L","timestamp":"2023-11-09 14:52:23"},{"nodeID":"1379178","text":"Analysing","type":"YA","timestamp":"2023-11-09 14:52:23"},{"nodeID":"1379179","text":"Nicole: AudienceMember 20230330QT03: your industrial strategy for the semiconductor industry has not been published","type":"L","timestamp":"2023-11-09 14:52:23"},{"nodeID":"1379180","text":"Asserting","type":"YA","timestamp":"2023-11-09 14:52:23"},{"nodeID":"1379181","text":"Default Transition","type":"TA","timestamp":"2023-11-09 14:52:23"},{"nodeID":"1379182","text":"Default Inference","type":"RA","timestamp":"2023-11-09 14:52:23"},{"nodeID":"1379183","text":"Arguing","type":"YA","timestamp":"2023-11-09 14:52:23"},{"nodeID":"1379184","text":"in Europe Germany is investing 43 million in microelectronics","type":"I","timestamp":"2023-11-09 14:52:24"},{"nodeID":"1379185","text":"AudienceMember 20230330QT03: In Europe I believe Germany 43 million","type":"L","timestamp":"2023-11-09 14:52:24"},{"nodeID":"1379186","text":"Analysing","type":"YA","timestamp":"2023-11-09 14:52:24"},{"nodeID":"1379187","text":"Nicole: AudienceMember 20230330QT03: In Europe I believe Germany 43 million","type":"L","timestamp":"2023-11-09 14:52:24"},{"nodeID":"1379188","text":"Asserting","type":"YA","timestamp":"2023-11-09 14:52:24"},{"nodeID":"1379189","text":"Default Transition","type":"TA","timestamp":"2023-11-09 14:52:24"},{"nodeID":"1379190","text":"America is investing 53 billion in microelectronics","type":"I","timestamp":"2023-11-09 14:52:25"},{"nodeID":"1379191","text":"AudienceMember 20230330QT03: America 53 billion","type":"L","timestamp":"2023-11-09 14:52:25"},{"nodeID":"1379192","text":"Analysing","type":"YA","timestamp":"2023-11-09 14:52:25"},{"nodeID":"1379193","text":"Nicole: AudienceMember 20230330QT03: America 53 billion","type":"L","timestamp":"2023-11-09 14:52:25"},{"nodeID":"1379194","text":"Asserting","type":"YA","timestamp":"2023-11-09 14:52:25"},{"nodeID":"1379195","text":"Asia is investing 300 billion in microelectronics","type":"I","timestamp":"2023-11-09 14:52:25"},{"nodeID":"1379196","text":"AudienceMember 20230330QT03: Asia 300 billion","type":"L","timestamp":"2023-11-09 14:52:25"},{"nodeID":"1379197","text":"Analysing","type":"YA","timestamp":"2023-11-09 14:52:25"},{"nodeID":"1379198","text":"Nicole: AudienceMember 20230330QT03: Asia 300 billion","type":"L","timestamp":"2023-11-09 14:52:25"},{"nodeID":"1379199","text":"Asserting","type":"YA","timestamp":"2023-11-09 14:52:25"},{"nodeID":"1379200","text":"Default Transition","type":"TA","timestamp":"2023-11-09 14:52:25"},{"nodeID":"1379201","text":"Default Transition","type":"TA","timestamp":"2023-11-09 14:52:25"},{"nodeID":"1379202","text":"Default Inference","type":"RA","timestamp":"2023-11-09 14:52:25"},{"nodeID":"1379203","text":"Arguing","type":"YA","timestamp":"2023-11-09 14:52:25"},{"nodeID":"1379204","text":"Default Transition","type":"TA","timestamp":"2023-11-09 14:52:25"},{"nodeID":"1379205","text":"AudienceMember 20230330QT03 knows perfectly well, and it might hurt them to remember this, it was actually Labour MPs","type":"I","timestamp":"2023-11-09 14:52:26"},{"nodeID":"1379206","text":"David Davies: you know perfectly well, and it might hurt you to remember this, it was actually Labour MPs","type":"L","timestamp":"2023-11-09 14:52:26"},{"nodeID":"1379207","text":"Analysing","type":"YA","timestamp":"2023-11-09 14:52:26"},{"nodeID":"1379208","text":"Nicole: David Davies: you know perfectly well, and it might hurt you to remember this, it was actually Labour MPs","type":"L","timestamp":"2023-11-09 14:52:26"},{"nodeID":"1379209","text":"Asserting","type":"YA","timestamp":"2023-11-09 14:52:26"},{"nodeID":"1379210","text":"local Labour MPs called for an inquiry into what was going on and into the Chinese ownership of Nexperia","type":"I","timestamp":"2023-11-09 14:52:27"},{"nodeID":"1379211","text":"David Davies: local Labour MPs that called for an inquiry into what was going on and into the Chinese ownership of Nexperia","type":"L","timestamp":"2023-11-09 14:52:27"},{"nodeID":"1379212","text":"Analysing","type":"YA","timestamp":"2023-11-09 14:52:27"},{"nodeID":"1379213","text":"Nicole: David Davies: local Labour MPs that called for an inquiry into what was going on and into the Chinese ownership of Nexperia","type":"L","timestamp":"2023-11-09 14:52:27"},{"nodeID":"1379214","text":"Asserting","type":"YA","timestamp":"2023-11-09 14:52:27"},{"nodeID":"1379215","text":"Default Transition","type":"TA","timestamp":"2023-11-09 14:52:27"},{"nodeID":"1379216","text":"Default Rephrase","type":"MA","timestamp":"2023-11-09 14:52:27"},{"nodeID":"1379217","text":"Restating","type":"YA","timestamp":"2023-11-09 14:52:27"},{"nodeID":"1379218","text":"David Davies: It was","type":"L","timestamp":"2023-11-09 14:52:27"},{"nodeID":"1379219","text":"Analysing","type":"YA","timestamp":"2023-11-09 14:52:27"},{"nodeID":"1379220","text":"Nicole: David Davies: It was","type":"L","timestamp":"2023-11-09 14:52:27"},{"nodeID":"1379221","text":"Default Transition","type":"TA","timestamp":"2023-11-09 14:52:27"},{"nodeID":"1379222","text":"Asserting","type":"YA","timestamp":"2023-11-09 14:52:27"},{"nodeID":"1379223","text":"it was also the unions that called for it","type":"I","timestamp":"2023-11-09 14:52:27"},{"nodeID":"1379224","text":"David Davies: it was also the unions that called for it","type":"L","timestamp":"2023-11-09 14:52:27"},{"nodeID":"1379225","text":"Analysing","type":"YA","timestamp":"2023-11-09 14:52:27"},{"nodeID":"1379226","text":"Nicole: David Davies: it was also the unions that called for it","type":"L","timestamp":"2023-11-09 14:52:27"},{"nodeID":"1379227","text":"Asserting","type":"YA","timestamp":"2023-11-09 14:52:27"},{"nodeID":"1379228","text":"Default Inference","type":"RA","timestamp":"2023-11-09 14:52:27"},{"nodeID":"1379229","text":"Default Transition","type":"TA","timestamp":"2023-11-09 14:52:27"},{"nodeID":"1379230","text":"Arguing","type":"YA","timestamp":"2023-11-09 14:52:27"},{"nodeID":"1379231","text":"the unions kept demanding that the government do something about it","type":"I","timestamp":"2023-11-09 14:52:28"},{"nodeID":"1379232","text":"David Davies: they kept demanding that the government do something about it","type":"L","timestamp":"2023-11-09 14:52:28"},{"nodeID":"1379233","text":"Analysing","type":"YA","timestamp":"2023-11-09 14:52:28"},{"nodeID":"1379234","text":"Nicole: David Davies: they kept demanding that the government do something about it","type":"L","timestamp":"2023-11-09 14:52:28"},{"nodeID":"1379235","text":"Asserting","type":"YA","timestamp":"2023-11-09 14:52:28"},{"nodeID":"1379236","text":"Default Transition","type":"TA","timestamp":"2023-11-09 14:52:28"},{"nodeID":"1379237","text":"the government did hold that inquiry","type":"I","timestamp":"2023-11-09 14:52:28"},{"nodeID":"1379238","text":"David Davies: The government did hold that inquiry","type":"L","timestamp":"2023-11-09 14:52:29"},{"nodeID":"1379239","text":"Analysing","type":"YA","timestamp":"2023-11-09 14:52:29"},{"nodeID":"1379240","text":"Nicole: David Davies: The government did hold that inquiry","type":"L","timestamp":"2023-11-09 14:52:29"},{"nodeID":"1379241","text":"Asserting","type":"YA","timestamp":"2023-11-09 14:52:29"},{"nodeID":"1379242","text":"Default Transition","type":"TA","timestamp":"2023-11-09 14:52:29"},{"nodeID":"1379243","text":"Default Rephrase","type":"MA","timestamp":"2023-11-09 14:52:29"},{"nodeID":"1379244","text":"Restating","type":"YA","timestamp":"2023-11-09 14:52:29"},{"nodeID":"1379245","text":"Default Inference","type":"RA","timestamp":"2023-11-09 14:52:29"},{"nodeID":"1379246","text":"Arguing","type":"YA","timestamp":"2023-11-09 14:52:29"},{"nodeID":"1379247","text":"David Davies was briefed by the security services about the inquiry","type":"I","timestamp":"2023-11-09 14:52:29"},{"nodeID":"1379248","text":"David Davies: I was briefed by the security services about it","type":"L","timestamp":"2023-11-09 14:52:29"},{"nodeID":"1379249","text":"Analysing","type":"YA","timestamp":"2023-11-09 14:52:29"},{"nodeID":"1379250","text":"Nicole: David Davies: I was briefed by the security services about it","type":"L","timestamp":"2023-11-09 14:52:29"},{"nodeID":"1379251","text":"Asserting","type":"YA","timestamp":"2023-11-09 14:52:29"},{"nodeID":"1379252","text":"Default Transition","type":"TA","timestamp":"2023-11-09 14:52:29"},{"nodeID":"1379253","text":"Default Rephrase","type":"MA","timestamp":"2023-11-09 14:52:29"},{"nodeID":"1379254","text":"Restating","type":"YA","timestamp":"2023-11-09 14:52:29"},{"nodeID":"1379255","text":"Default Transition","type":"TA","timestamp":"2023-11-09 14:52:29"},{"nodeID":"1379256","text":"Default Conflict","type":"CA","timestamp":"2023-11-09 14:52:29"},{"nodeID":"1379257","text":"Disagreeing","type":"YA","timestamp":"2023-11-09 14:52:29"}],"edges":[{"edgeID":"1802930","fromID":"1379122","toID":"1379121","formEdgeID":null},{"edgeID":"1802931","fromID":"1379123","toID":"1379122","formEdgeID":null},{"edgeID":"1802932","fromID":"1379121","toID":"1379124","formEdgeID":null},{"edgeID":"1802933","fromID":"1379124","toID":"1379120","formEdgeID":null},{"edgeID":"1802934","fromID":"1379127","toID":"1379126","formEdgeID":null},{"edgeID":"1802935","fromID":"1379128","toID":"1379127","formEdgeID":null},{"edgeID":"1802936","fromID":"1379126","toID":"1379129","formEdgeID":null},{"edgeID":"1802937","fromID":"1379129","toID":"1379125","formEdgeID":null},{"edgeID":"1802938","fromID":"1379121","toID":"1379130","formEdgeID":null},{"edgeID":"1802939","fromID":"1379130","toID":"1379126","formEdgeID":null},{"edgeID":"1802940","fromID":"1379125","toID":"1379131","formEdgeID":null},{"edgeID":"1802941","fromID":"1379131","toID":"1379120","formEdgeID":null},{"edgeID":"1802942","fromID":"1379130","toID":"1379132","formEdgeID":null},{"edgeID":"1802943","fromID":"1379132","toID":"1379131","formEdgeID":null},{"edgeID":"1802944","fromID":"1379135","toID":"1379134","formEdgeID":null},{"edgeID":"1802945","fromID":"1379136","toID":"1379135","formEdgeID":null},{"edgeID":"1802946","fromID":"1379134","toID":"1379137","formEdgeID":null},{"edgeID":"1802947","fromID":"1379137","toID":"1379133","formEdgeID":null},{"edgeID":"1802948","fromID":"1379126","toID":"1379138","formEdgeID":null},{"edgeID":"1802949","fromID":"1379138","toID":"1379134","formEdgeID":null},{"edgeID":"1802950","fromID":"1379141","toID":"1379140","formEdgeID":null},{"edgeID":"1802951","fromID":"1379142","toID":"1379141","formEdgeID":null},{"edgeID":"1802952","fromID":"1379140","toID":"1379143","formEdgeID":null},{"edgeID":"1802953","fromID":"1379143","toID":"1379139","formEdgeID":null},{"edgeID":"1802954","fromID":"1379134","toID":"1379144","formEdgeID":null},{"edgeID":"1802955","fromID":"1379144","toID":"1379140","formEdgeID":null},{"edgeID":"1802956","fromID":"1379147","toID":"1379146","formEdgeID":null},{"edgeID":"1802957","fromID":"1379148","toID":"1379147","formEdgeID":null},{"edgeID":"1802958","fromID":"1379146","toID":"1379149","formEdgeID":null},{"edgeID":"1802959","fromID":"1379149","toID":"1379145","formEdgeID":null},{"edgeID":"1802960","fromID":"1379140","toID":"1379150","formEdgeID":null},{"edgeID":"1802961","fromID":"1379150","toID":"1379146","formEdgeID":null},{"edgeID":"1802962","fromID":"1379153","toID":"1379152","formEdgeID":null},{"edgeID":"1802963","fromID":"1379154","toID":"1379153","formEdgeID":null},{"edgeID":"1802964","fromID":"1379152","toID":"1379155","formEdgeID":null},{"edgeID":"1802965","fromID":"1379155","toID":"1379151","formEdgeID":null},{"edgeID":"1802966","fromID":"1379146","toID":"1379156","formEdgeID":null},{"edgeID":"1802967","fromID":"1379156","toID":"1379152","formEdgeID":null},{"edgeID":"1802968","fromID":"1379151","toID":"1379157","formEdgeID":null},{"edgeID":"1802969","fromID":"1379157","toID":"1379145","formEdgeID":null},{"edgeID":"1802970","fromID":"1379156","toID":"1379158","formEdgeID":null},{"edgeID":"1802971","fromID":"1379158","toID":"1379157","formEdgeID":null},{"edgeID":"1802972","fromID":"1379161","toID":"1379160","formEdgeID":null},{"edgeID":"1802973","fromID":"1379162","toID":"1379161","formEdgeID":null},{"edgeID":"1802974","fromID":"1379160","toID":"1379163","formEdgeID":null},{"edgeID":"1802975","fromID":"1379163","toID":"1379159","formEdgeID":null},{"edgeID":"1802976","fromID":"1379166","toID":"1379165","formEdgeID":null},{"edgeID":"1802977","fromID":"1379167","toID":"1379166","formEdgeID":null},{"edgeID":"1802978","fromID":"1379165","toID":"1379168","formEdgeID":null},{"edgeID":"1802979","fromID":"1379168","toID":"1379164","formEdgeID":null},{"edgeID":"1802980","fromID":"1379152","toID":"1379169","formEdgeID":null},{"edgeID":"1802981","fromID":"1379169","toID":"1379160","formEdgeID":null},{"edgeID":"1802982","fromID":"1379160","toID":"1379170","formEdgeID":null},{"edgeID":"1802983","fromID":"1379170","toID":"1379165","formEdgeID":null},{"edgeID":"1802984","fromID":"1379173","toID":"1379172","formEdgeID":null},{"edgeID":"1802985","fromID":"1379174","toID":"1379173","formEdgeID":null},{"edgeID":"1802986","fromID":"1379172","toID":"1379175","formEdgeID":null},{"edgeID":"1802987","fromID":"1379175","toID":"1379171","formEdgeID":null},{"edgeID":"1802988","fromID":"1379178","toID":"1379177","formEdgeID":null},{"edgeID":"1802989","fromID":"1379179","toID":"1379178","formEdgeID":null},{"edgeID":"1802990","fromID":"1379177","toID":"1379180","formEdgeID":null},{"edgeID":"1802991","fromID":"1379180","toID":"1379176","formEdgeID":null},{"edgeID":"1802992","fromID":"1379172","toID":"1379181","formEdgeID":null},{"edgeID":"1802993","fromID":"1379181","toID":"1379177","formEdgeID":null},{"edgeID":"1802994","fromID":"1379176","toID":"1379182","formEdgeID":null},{"edgeID":"1802995","fromID":"1379182","toID":"1379171","formEdgeID":null},{"edgeID":"1802996","fromID":"1379181","toID":"1379183","formEdgeID":null},{"edgeID":"1802997","fromID":"1379183","toID":"1379182","formEdgeID":null},{"edgeID":"1802998","fromID":"1379186","toID":"1379185","formEdgeID":null},{"edgeID":"1802999","fromID":"1379187","toID":"1379186","formEdgeID":null},{"edgeID":"1803000","fromID":"1379185","toID":"1379188","formEdgeID":null},{"edgeID":"1803001","fromID":"1379188","toID":"1379184","formEdgeID":null},{"edgeID":"1803002","fromID":"1379165","toID":"1379189","formEdgeID":null},{"edgeID":"1803003","fromID":"1379189","toID":"1379185","formEdgeID":null},{"edgeID":"1803004","fromID":"1379192","toID":"1379191","formEdgeID":null},{"edgeID":"1803005","fromID":"1379193","toID":"1379192","formEdgeID":null},{"edgeID":"1803006","fromID":"1379191","toID":"1379194","formEdgeID":null},{"edgeID":"1803007","fromID":"1379194","toID":"1379190","formEdgeID":null},{"edgeID":"1803008","fromID":"1379197","toID":"1379196","formEdgeID":null},{"edgeID":"1803009","fromID":"1379198","toID":"1379197","formEdgeID":null},{"edgeID":"1803010","fromID":"1379196","toID":"1379199","formEdgeID":null},{"edgeID":"1803011","fromID":"1379199","toID":"1379195","formEdgeID":null},{"edgeID":"1803012","fromID":"1379165","toID":"1379200","formEdgeID":null},{"edgeID":"1803013","fromID":"1379200","toID":"1379191","formEdgeID":null},{"edgeID":"1803014","fromID":"1379165","toID":"1379201","formEdgeID":null},{"edgeID":"1803015","fromID":"1379201","toID":"1379196","formEdgeID":null},{"edgeID":"1803016","fromID":"1379184","toID":"1379202","formEdgeID":null},{"edgeID":"1803017","fromID":"1379202","toID":"1379164","formEdgeID":null},{"edgeID":"1803018","fromID":"1379190","toID":"1379202","formEdgeID":null},{"edgeID":"1803019","fromID":"1379195","toID":"1379202","formEdgeID":null},{"edgeID":"1803020","fromID":"1379201","toID":"1379203","formEdgeID":null},{"edgeID":"1803021","fromID":"1379203","toID":"1379202","formEdgeID":null},{"edgeID":"1803022","fromID":"1379196","toID":"1379204","formEdgeID":null},{"edgeID":"1803023","fromID":"1379204","toID":"1379172","formEdgeID":null},{"edgeID":"1803024","fromID":"1379207","toID":"1379206","formEdgeID":null},{"edgeID":"1803025","fromID":"1379208","toID":"1379207","formEdgeID":null},{"edgeID":"1803026","fromID":"1379206","toID":"1379209","formEdgeID":null},{"edgeID":"1803027","fromID":"1379209","toID":"1379205","formEdgeID":null},{"edgeID":"1803028","fromID":"1379212","toID":"1379211","formEdgeID":null},{"edgeID":"1803029","fromID":"1379213","toID":"1379212","formEdgeID":null},{"edgeID":"1803030","fromID":"1379211","toID":"1379214","formEdgeID":null},{"edgeID":"1803031","fromID":"1379214","toID":"1379210","formEdgeID":null},{"edgeID":"1803032","fromID":"1379206","toID":"1379215","formEdgeID":null},{"edgeID":"1803033","fromID":"1379215","toID":"1379211","formEdgeID":null},{"edgeID":"1803034","fromID":"1379210","toID":"1379216","formEdgeID":null},{"edgeID":"1803035","fromID":"1379216","toID":"1379205","formEdgeID":null},{"edgeID":"1803036","fromID":"1379215","toID":"1379217","formEdgeID":null},{"edgeID":"1803037","fromID":"1379217","toID":"1379216","formEdgeID":null},{"edgeID":"1803038","fromID":"1379219","toID":"1379218","formEdgeID":null},{"edgeID":"1803039","fromID":"1379220","toID":"1379219","formEdgeID":null},{"edgeID":"1803040","fromID":"1379211","toID":"1379221","formEdgeID":null},{"edgeID":"1803041","fromID":"1379221","toID":"1379218","formEdgeID":null},{"edgeID":"1803042","fromID":"1379218","toID":"1379222","formEdgeID":null},{"edgeID":"1803043","fromID":"1379222","toID":"1379210","formEdgeID":null},{"edgeID":"1803044","fromID":"1379225","toID":"1379224","formEdgeID":null},{"edgeID":"1803045","fromID":"1379226","toID":"1379225","formEdgeID":null},{"edgeID":"1803046","fromID":"1379224","toID":"1379227","formEdgeID":null},{"edgeID":"1803047","fromID":"1379227","toID":"1379223","formEdgeID":null},{"edgeID":"1803048","fromID":"1379210","toID":"1379228","formEdgeID":null},{"edgeID":"1803049","fromID":"1379228","toID":"1379223","formEdgeID":null},{"edgeID":"1803050","fromID":"1379218","toID":"1379229","formEdgeID":null},{"edgeID":"1803051","fromID":"1379229","toID":"1379224","formEdgeID":null},{"edgeID":"1803052","fromID":"1379229","toID":"1379230","formEdgeID":null},{"edgeID":"1803053","fromID":"1379230","toID":"1379228","formEdgeID":null},{"edgeID":"1803054","fromID":"1379233","toID":"1379232","formEdgeID":null},{"edgeID":"1803055","fromID":"1379234","toID":"1379233","formEdgeID":null},{"edgeID":"1803056","fromID":"1379232","toID":"1379235","formEdgeID":null},{"edgeID":"1803057","fromID":"1379235","toID":"1379231","formEdgeID":null},{"edgeID":"1803058","fromID":"1379224","toID":"1379236","formEdgeID":null},{"edgeID":"1803059","fromID":"1379236","toID":"1379232","formEdgeID":null},{"edgeID":"1803060","fromID":"1379239","toID":"1379238","formEdgeID":null},{"edgeID":"1803061","fromID":"1379240","toID":"1379239","formEdgeID":null},{"edgeID":"1803062","fromID":"1379238","toID":"1379241","formEdgeID":null},{"edgeID":"1803063","fromID":"1379241","toID":"1379237","formEdgeID":null},{"edgeID":"1803064","fromID":"1379232","toID":"1379242","formEdgeID":null},{"edgeID":"1803065","fromID":"1379242","toID":"1379238","formEdgeID":null},{"edgeID":"1803066","fromID":"1379231","toID":"1379243","formEdgeID":null},{"edgeID":"1803067","fromID":"1379243","toID":"1379223","formEdgeID":null},{"edgeID":"1803068","fromID":"1379236","toID":"1379244","formEdgeID":null},{"edgeID":"1803069","fromID":"1379244","toID":"1379243","formEdgeID":null},{"edgeID":"1803070","fromID":"1379231","toID":"1379245","formEdgeID":null},{"edgeID":"1803071","fromID":"1379245","toID":"1379237","formEdgeID":null},{"edgeID":"1803072","fromID":"1379242","toID":"1379246","formEdgeID":null},{"edgeID":"1803073","fromID":"1379246","toID":"1379245","formEdgeID":null},{"edgeID":"1803074","fromID":"1379249","toID":"1379248","formEdgeID":null},{"edgeID":"1803075","fromID":"1379250","toID":"1379249","formEdgeID":null},{"edgeID":"1803076","fromID":"1379248","toID":"1379251","formEdgeID":null},{"edgeID":"1803077","fromID":"1379251","toID":"1379247","formEdgeID":null},{"edgeID":"1803078","fromID":"1379238","toID":"1379252","formEdgeID":null},{"edgeID":"1803079","fromID":"1379252","toID":"1379248","formEdgeID":null},{"edgeID":"1803080","fromID":"1379247","toID":"1379253","formEdgeID":null},{"edgeID":"1803081","fromID":"1379253","toID":"1379237","formEdgeID":null},{"edgeID":"1803082","fromID":"1379252","toID":"1379254","formEdgeID":null},{"edgeID":"1803083","fromID":"1379254","toID":"1379253","formEdgeID":null},{"edgeID":"1803084","fromID":"1379140","toID":"1379255","formEdgeID":null},{"edgeID":"1803085","fromID":"1379255","toID":"1379206","formEdgeID":null},{"edgeID":"1803086","fromID":"1379205","toID":"1379256","formEdgeID":null},{"edgeID":"1803087","fromID":"1379256","toID":"1379139","formEdgeID":null},{"edgeID":"1803088","fromID":"1379255","toID":"1379257","formEdgeID":null},{"edgeID":"1803089","fromID":"1379257","toID":"1379256","formEdgeID":null}],"locutions":[]}