{"nodes":[{"nodeID":"1379258","text":"when we have something now, we should be making sure that if we've got a problem with the ownership that we keep those skills and we keep those jobs in a place that Newport really needs","type":"I","timestamp":"2023-11-09 14:52:30"},{"nodeID":"1379259","text":"Liz Saville Roberts: When we have something now, we should be making sure that if we've got a problem with the ownership that we keep those skills and we keep those jobs in a place that Newport really needs","type":"L","timestamp":"2023-11-09 14:52:30"},{"nodeID":"1379260","text":"Analysing","type":"YA","timestamp":"2023-11-09 14:52:30"},{"nodeID":"1379261","text":"Dominika: Liz Saville Roberts: When we have something now, we should be making sure that if we've got a problem with the ownership that we keep those skills and we keep those jobs in a place that Newport really needs","type":"L","timestamp":"2023-11-09 14:52:30"},{"nodeID":"1379262","text":"Asserting","type":"YA","timestamp":"2023-11-09 14:52:30"},{"nodeID":"1379263","text":"in terms of the question that we heard originally, which is about Keir Starmer\u2019s five missions \u2013 the missions are political bluff or economic reality","type":"I","timestamp":"2023-11-09 14:52:31"},{"nodeID":"1379264","text":"Fiona Bruce: in terms of the question that we heard originally, which is about Kier Starmer\u2019s five missions \u2013 political bluff or economic reality","type":"L","timestamp":"2023-11-09 14:52:31"},{"nodeID":"1379265","text":"Analysing","type":"YA","timestamp":"2023-11-09 14:52:31"},{"nodeID":"1379266","text":"Dominika: Fiona Bruce: in terms of the question that we heard originally, which is about Kier Starmer\u2019s five missions \u2013 political bluff or economic reality","type":"L","timestamp":"2023-11-09 14:52:31"},{"nodeID":"1379267","text":"Pure Questioning","type":"YA","timestamp":"2023-11-09 14:52:31"},{"nodeID":"1379268","text":"Default Transition","type":"TA","timestamp":"2023-11-09 14:52:31"},{"nodeID":"1379269","text":"Rishi Sunak also made five similar mission statements similar to Keir Starmer ones","type":"I","timestamp":"2023-11-09 14:52:31"},{"nodeID":"1379270","text":"Liz Saville Roberts: Rishi Sunak also made five similar mission statements","type":"L","timestamp":"2023-11-09 14:52:31"},{"nodeID":"1379271","text":"Analysing","type":"YA","timestamp":"2023-11-09 14:52:31"},{"nodeID":"1379272","text":"Dominika: Liz Saville Roberts: Rishi Sunak also made five similar mission statements","type":"L","timestamp":"2023-11-09 14:52:31"},{"nodeID":"1379273","text":"Asserting","type":"YA","timestamp":"2023-11-09 14:52:31"},{"nodeID":"1379274","text":"Keir Starmer's five missions are a real echo to Rishi Sunak's five missions statements","type":"I","timestamp":"2023-11-09 14:52:32"},{"nodeID":"1379275","text":"Liz Saville Roberts: this is a real echo to this","type":"L","timestamp":"2023-11-09 14:52:32"},{"nodeID":"1379276","text":"Analysing","type":"YA","timestamp":"2023-11-09 14:52:32"},{"nodeID":"1379277","text":"Dominika: Liz Saville Roberts: this is a real echo to this","type":"L","timestamp":"2023-11-09 14:52:32"},{"nodeID":"1379278","text":"Asserting","type":"YA","timestamp":"2023-11-09 14:52:32"},{"nodeID":"1379279","text":"Default Inference","type":"RA","timestamp":"2023-11-09 14:52:32"},{"nodeID":"1379280","text":"Default Transition","type":"TA","timestamp":"2023-11-09 14:52:32"},{"nodeID":"1379281","text":"Arguing","type":"YA","timestamp":"2023-11-09 14:52:32"},{"nodeID":"1379282","text":"Default Transition","type":"TA","timestamp":"2023-11-09 14:52:32"},{"nodeID":"1379283","text":"Labour actually has been in charge effectively in Wales, represented in Westminster and then in Cardiff, for over 100 years","type":"I","timestamp":"2023-11-09 14:52:32"},{"nodeID":"1379284","text":"Liz Saville Roberts: Labour actually has been in charge effectively in Wales, represented in Westminster and then in Cardiff, for over 100 years","type":"L","timestamp":"2023-11-09 14:52:32"},{"nodeID":"1379285","text":"Analysing","type":"YA","timestamp":"2023-11-09 14:52:32"},{"nodeID":"1379286","text":"Dominika: Liz Saville Roberts: Labour actually has been in charge effectively in Wales, represented in Westminster and then in Cardiff, for over 100 years","type":"L","timestamp":"2023-11-09 14:52:33"},{"nodeID":"1379287","text":"Asserting","type":"YA","timestamp":"2023-11-09 14:52:33"},{"nodeID":"1379288","text":"structurally nothing about the United Kingdom has served Wales well for the last 100 years","type":"I","timestamp":"2023-11-09 14:52:33"},{"nodeID":"1379289","text":"Liz Saville Roberts: What structurally about the United Kingdom has served Wales well in that time","type":"L","timestamp":"2023-11-09 14:52:33"},{"nodeID":"1379290","text":"Analysing","type":"YA","timestamp":"2023-11-09 14:52:33"},{"nodeID":"1379291","text":"Dominika: Liz Saville Roberts: What structurally about the United Kingdom has served Wales well in that time","type":"L","timestamp":"2023-11-09 14:52:33"},{"nodeID":"1379292","text":"Assertive Questioning","type":"YA","timestamp":"2023-11-09 14:52:33"},{"nodeID":"1379293","text":"Default Transition","type":"TA","timestamp":"2023-11-09 14:52:33"},{"nodeID":"1379294","text":"Default Transition","type":"TA","timestamp":"2023-11-09 14:52:33"},{"nodeID":"1379295","text":"Default Rephrase","type":"MA","timestamp":"2023-11-09 14:52:33"},{"nodeID":"1379296","text":"Restating","type":"YA","timestamp":"2023-11-09 14:52:33"},{"nodeID":"1379297","text":"Liz Saville-Roberts is disappointed in the UK government","type":"I","timestamp":"2023-11-09 14:52:34"},{"nodeID":"1379298","text":"Liz Saville Roberts: what disappointments me","type":"L","timestamp":"2023-11-09 14:52:34"},{"nodeID":"1379299","text":"Analysing","type":"YA","timestamp":"2023-11-09 14:52:34"},{"nodeID":"1379300","text":"Dominika: Liz Saville Roberts: what disappointments me","type":"L","timestamp":"2023-11-09 14:52:34"},{"nodeID":"1379301","text":"Asserting","type":"YA","timestamp":"2023-11-09 14:52:34"},{"nodeID":"1379302","text":"Liz Saville-Roberts has seen Gordon Brown\u2019s constitutional work and his report on the constitution","type":"I","timestamp":"2023-11-09 14:52:34"},{"nodeID":"1379303","text":"Liz Saville Roberts: having seen Gordon Brown\u2019s constitutional work and his report on the constitution","type":"L","timestamp":"2023-11-09 14:52:34"},{"nodeID":"1379304","text":"Analysing","type":"YA","timestamp":"2023-11-09 14:52:34"},{"nodeID":"1379305","text":"Dominika: Liz Saville Roberts: having seen Gordon Brown\u2019s constitutional work and his report on the constitution","type":"L","timestamp":"2023-11-09 14:52:34"},{"nodeID":"1379306","text":"Asserting","type":"YA","timestamp":"2023-11-09 14:52:34"},{"nodeID":"1379307","text":"the way in which the government and. the structure of UK operates is always more of the same","type":"I","timestamp":"2023-11-09 14:52:35"},{"nodeID":"1379308","text":"Liz Saville Roberts: it\u2019s always more of the same","type":"L","timestamp":"2023-11-09 14:52:35"},{"nodeID":"1379309","text":"Analysing","type":"YA","timestamp":"2023-11-09 14:52:35"},{"nodeID":"1379310","text":"Dominika: Liz Saville Roberts: it\u2019s always more of the same","type":"L","timestamp":"2023-11-09 14:52:35"},{"nodeID":"1379311","text":"Asserting","type":"YA","timestamp":"2023-11-09 14:52:35"},{"nodeID":"1379312","text":"Default Transition","type":"TA","timestamp":"2023-11-09 14:52:35"},{"nodeID":"1379313","text":"Default Inference","type":"RA","timestamp":"2023-11-09 14:52:35"},{"nodeID":"1379314","text":"Default Transition","type":"TA","timestamp":"2023-11-09 14:52:35"},{"nodeID":"1379315","text":"Arguing","type":"YA","timestamp":"2023-11-09 14:52:35"},{"nodeID":"1379316","text":"there must be a radical rethinking about how government and how the structure of the UK operates","type":"I","timestamp":"2023-11-09 14:52:36"},{"nodeID":"1379317","text":"Liz Saville Roberts: There must be a radical rethinking about how government and how the structure of the UK operates","type":"L","timestamp":"2023-11-09 14:52:36"},{"nodeID":"1379318","text":"Analysing","type":"YA","timestamp":"2023-11-09 14:52:36"},{"nodeID":"1379319","text":"Dominika: Liz Saville Roberts: There must be a radical rethinking about how government and how the structure of the UK operates","type":"L","timestamp":"2023-11-09 14:52:36"},{"nodeID":"1379320","text":"Asserting","type":"YA","timestamp":"2023-11-09 14:52:36"},{"nodeID":"1379321","text":"Default Conflict","type":"CA","timestamp":"2023-11-09 14:52:36"},{"nodeID":"1379322","text":"Default Transition","type":"TA","timestamp":"2023-11-09 14:52:36"},{"nodeID":"1379323","text":"Disagreeing","type":"YA","timestamp":"2023-11-09 14:52:36"},{"nodeID":"1379324","text":"a radical rethinking about how government and how the structure of the UK operates will allow to bring not just Wales and Scotland but many regions of England out of the over-centralised dead hand of control from Westminster","type":"I","timestamp":"2023-11-09 14:52:36"},{"nodeID":"1379325","text":"Liz Saville Roberts: in order to bring not just Wales and Scotland but many regions of England out of the over-centralised dead hand of control from Westminster","type":"L","timestamp":"2023-11-09 14:52:36"},{"nodeID":"1379326","text":"Analysing","type":"YA","timestamp":"2023-11-09 14:52:36"},{"nodeID":"1379327","text":"Dominika: Liz Saville Roberts: in order to bring not just Wales and Scotland but many regions of England out of the over-centralised dead hand of control from Westminster","type":"L","timestamp":"2023-11-09 14:52:36"},{"nodeID":"1379328","text":"Asserting","type":"YA","timestamp":"2023-11-09 14:52:36"},{"nodeID":"1379329","text":"Default Inference","type":"RA","timestamp":"2023-11-09 14:52:36"},{"nodeID":"1379330","text":"Default Transition","type":"TA","timestamp":"2023-11-09 14:52:36"},{"nodeID":"1379331","text":"Arguing","type":"YA","timestamp":"2023-11-09 14:52:36"},{"nodeID":"1379332","text":"a radical rethinking about how government and how the structure of the UK operates is exactly what was in Gordon Brown\u2019s reports","type":"I","timestamp":"2023-11-09 14:52:37"},{"nodeID":"1379333","text":"Thangam Debbonaire: That\u2019s exactly what was in Gordon Brown\u2019s\u2026that\u2019s exactly what was in the reports","type":"L","timestamp":"2023-11-09 14:52:37"},{"nodeID":"1379334","text":"Analysing","type":"YA","timestamp":"2023-11-09 14:52:37"},{"nodeID":"1379335","text":"Dominika: Thangam Debbonaire: That\u2019s exactly what was in Gordon Brown\u2019s\u2026that\u2019s exactly what was in the reports","type":"L","timestamp":"2023-11-09 14:52:37"},{"nodeID":"1379336","text":"Asserting","type":"YA","timestamp":"2023-11-09 14:52:37"},{"nodeID":"1379337","text":"Default Transition","type":"TA","timestamp":"2023-11-09 14:52:37"},{"nodeID":"1379338","text":"Default Conflict","type":"CA","timestamp":"2023-11-09 14:52:37"},{"nodeID":"1379339","text":"Disagreeing","type":"YA","timestamp":"2023-11-09 14:52:37"},{"nodeID":"1379340","text":"Default Transition","type":"TA","timestamp":"2023-11-09 14:52:37"}],"edges":[{"edgeID":"1803090","fromID":"1379260","toID":"1379259","formEdgeID":null},{"edgeID":"1803091","fromID":"1379261","toID":"1379260","formEdgeID":null},{"edgeID":"1803092","fromID":"1379259","toID":"1379262","formEdgeID":null},{"edgeID":"1803093","fromID":"1379262","toID":"1379258","formEdgeID":null},{"edgeID":"1803094","fromID":"1379265","toID":"1379264","formEdgeID":null},{"edgeID":"1803095","fromID":"1379266","toID":"1379265","formEdgeID":null},{"edgeID":"1803096","fromID":"1379264","toID":"1379267","formEdgeID":null},{"edgeID":"1803097","fromID":"1379267","toID":"1379263","formEdgeID":null},{"edgeID":"1803098","fromID":"1379259","toID":"1379268","formEdgeID":null},{"edgeID":"1803099","fromID":"1379268","toID":"1379264","formEdgeID":null},{"edgeID":"1803100","fromID":"1379271","toID":"1379270","formEdgeID":null},{"edgeID":"1803101","fromID":"1379272","toID":"1379271","formEdgeID":null},{"edgeID":"1803102","fromID":"1379270","toID":"1379273","formEdgeID":null},{"edgeID":"1803103","fromID":"1379273","toID":"1379269","formEdgeID":null},{"edgeID":"1803104","fromID":"1379276","toID":"1379275","formEdgeID":null},{"edgeID":"1803105","fromID":"1379277","toID":"1379276","formEdgeID":null},{"edgeID":"1803106","fromID":"1379275","toID":"1379278","formEdgeID":null},{"edgeID":"1803107","fromID":"1379278","toID":"1379274","formEdgeID":null},{"edgeID":"1803108","fromID":"1379269","toID":"1379279","formEdgeID":null},{"edgeID":"1803109","fromID":"1379279","toID":"1379274","formEdgeID":null},{"edgeID":"1803110","fromID":"1379270","toID":"1379280","formEdgeID":null},{"edgeID":"1803111","fromID":"1379280","toID":"1379275","formEdgeID":null},{"edgeID":"1803112","fromID":"1379280","toID":"1379281","formEdgeID":null},{"edgeID":"1803113","fromID":"1379281","toID":"1379279","formEdgeID":null},{"edgeID":"1803114","fromID":"1379264","toID":"1379282","formEdgeID":null},{"edgeID":"1803115","fromID":"1379282","toID":"1379270","formEdgeID":null},{"edgeID":"1803116","fromID":"1379285","toID":"1379284","formEdgeID":null},{"edgeID":"1803117","fromID":"1379286","toID":"1379285","formEdgeID":null},{"edgeID":"1803118","fromID":"1379284","toID":"1379287","formEdgeID":null},{"edgeID":"1803119","fromID":"1379287","toID":"1379283","formEdgeID":null},{"edgeID":"1803120","fromID":"1379290","toID":"1379289","formEdgeID":null},{"edgeID":"1803121","fromID":"1379291","toID":"1379290","formEdgeID":null},{"edgeID":"1803122","fromID":"1379289","toID":"1379292","formEdgeID":null},{"edgeID":"1803123","fromID":"1379292","toID":"1379288","formEdgeID":null},{"edgeID":"1803124","fromID":"1379275","toID":"1379293","formEdgeID":null},{"edgeID":"1803125","fromID":"1379293","toID":"1379284","formEdgeID":null},{"edgeID":"1803126","fromID":"1379284","toID":"1379294","formEdgeID":null},{"edgeID":"1803127","fromID":"1379294","toID":"1379289","formEdgeID":null},{"edgeID":"1803128","fromID":"1379288","toID":"1379295","formEdgeID":null},{"edgeID":"1803129","fromID":"1379295","toID":"1379283","formEdgeID":null},{"edgeID":"1803130","fromID":"1379294","toID":"1379296","formEdgeID":null},{"edgeID":"1803131","fromID":"1379296","toID":"1379295","formEdgeID":null},{"edgeID":"1803132","fromID":"1379299","toID":"1379298","formEdgeID":null},{"edgeID":"1803133","fromID":"1379300","toID":"1379299","formEdgeID":null},{"edgeID":"1803134","fromID":"1379298","toID":"1379301","formEdgeID":null},{"edgeID":"1803135","fromID":"1379301","toID":"1379297","formEdgeID":null},{"edgeID":"1803136","fromID":"1379304","toID":"1379303","formEdgeID":null},{"edgeID":"1803137","fromID":"1379305","toID":"1379304","formEdgeID":null},{"edgeID":"1803138","fromID":"1379303","toID":"1379306","formEdgeID":null},{"edgeID":"1803139","fromID":"1379306","toID":"1379302","formEdgeID":null},{"edgeID":"1803140","fromID":"1379309","toID":"1379308","formEdgeID":null},{"edgeID":"1803141","fromID":"1379310","toID":"1379309","formEdgeID":null},{"edgeID":"1803142","fromID":"1379308","toID":"1379311","formEdgeID":null},{"edgeID":"1803143","fromID":"1379311","toID":"1379307","formEdgeID":null},{"edgeID":"1803144","fromID":"1379289","toID":"1379312","formEdgeID":null},{"edgeID":"1803145","fromID":"1379312","toID":"1379298","formEdgeID":null},{"edgeID":"1803146","fromID":"1379307","toID":"1379313","formEdgeID":null},{"edgeID":"1803147","fromID":"1379313","toID":"1379297","formEdgeID":null},{"edgeID":"1803148","fromID":"1379302","toID":"1379313","formEdgeID":null},{"edgeID":"1803149","fromID":"1379298","toID":"1379314","formEdgeID":null},{"edgeID":"1803150","fromID":"1379314","toID":"1379308","formEdgeID":null},{"edgeID":"1803151","fromID":"1379314","toID":"1379315","formEdgeID":null},{"edgeID":"1803152","fromID":"1379315","toID":"1379313","formEdgeID":null},{"edgeID":"1803153","fromID":"1379318","toID":"1379317","formEdgeID":null},{"edgeID":"1803154","fromID":"1379319","toID":"1379318","formEdgeID":null},{"edgeID":"1803155","fromID":"1379317","toID":"1379320","formEdgeID":null},{"edgeID":"1803156","fromID":"1379320","toID":"1379316","formEdgeID":null},{"edgeID":"1803157","fromID":"1379316","toID":"1379321","formEdgeID":null},{"edgeID":"1803158","fromID":"1379321","toID":"1379307","formEdgeID":null},{"edgeID":"1803159","fromID":"1379308","toID":"1379322","formEdgeID":null},{"edgeID":"1803160","fromID":"1379322","toID":"1379317","formEdgeID":null},{"edgeID":"1803161","fromID":"1379322","toID":"1379323","formEdgeID":null},{"edgeID":"1803162","fromID":"1379323","toID":"1379321","formEdgeID":null},{"edgeID":"1803163","fromID":"1379326","toID":"1379325","formEdgeID":null},{"edgeID":"1803164","fromID":"1379327","toID":"1379326","formEdgeID":null},{"edgeID":"1803165","fromID":"1379325","toID":"1379328","formEdgeID":null},{"edgeID":"1803166","fromID":"1379328","toID":"1379324","formEdgeID":null},{"edgeID":"1803167","fromID":"1379324","toID":"1379329","formEdgeID":null},{"edgeID":"1803168","fromID":"1379329","toID":"1379316","formEdgeID":null},{"edgeID":"1803169","fromID":"1379317","toID":"1379330","formEdgeID":null},{"edgeID":"1803170","fromID":"1379330","toID":"1379325","formEdgeID":null},{"edgeID":"1803171","fromID":"1379330","toID":"1379331","formEdgeID":null},{"edgeID":"1803172","fromID":"1379331","toID":"1379329","formEdgeID":null},{"edgeID":"1803173","fromID":"1379334","toID":"1379333","formEdgeID":null},{"edgeID":"1803174","fromID":"1379335","toID":"1379334","formEdgeID":null},{"edgeID":"1803175","fromID":"1379333","toID":"1379336","formEdgeID":null},{"edgeID":"1803176","fromID":"1379336","toID":"1379332","formEdgeID":null},{"edgeID":"1803177","fromID":"1379317","toID":"1379337","formEdgeID":null},{"edgeID":"1803178","fromID":"1379337","toID":"1379333","formEdgeID":null},{"edgeID":"1803179","fromID":"1379332","toID":"1379338","formEdgeID":null},{"edgeID":"1803180","fromID":"1379338","toID":"1379316","formEdgeID":null},{"edgeID":"1803181","fromID":"1379337","toID":"1379339","formEdgeID":null},{"edgeID":"1803182","fromID":"1379339","toID":"1379338","formEdgeID":null},{"edgeID":"1803183","fromID":"1379298","toID":"1379340","formEdgeID":null},{"edgeID":"1803184","fromID":"1379340","toID":"1379303","formEdgeID":null}],"locutions":[]}