{"nodes":[{"nodeID":"1380157","text":"Shamima Begum might have committed crimes","type":"I","timestamp":"2023-11-09 14:53:47"},{"nodeID":"1380158","text":"AudienceMember 20230330QT21: she might have committed crimes","type":"L","timestamp":"2023-11-09 14:53:47"},{"nodeID":"1380159","text":"Analysing","type":"YA","timestamp":"2023-11-09 14:53:47"},{"nodeID":"1380160","text":"Nette: AudienceMember 20230330QT21: she might have committed crimes","type":"L","timestamp":"2023-11-09 14:53:47"},{"nodeID":"1380161","text":"Asserting","type":"YA","timestamp":"2023-11-09 14:53:47"},{"nodeID":"1380162","text":"AudienceMember 20230330QT21 is an Iraqi by origin","type":"I","timestamp":"2023-11-09 14:53:48"},{"nodeID":"1380163","text":"AudienceMember 20230330QT21: I\u2019m an Iraqi by origin","type":"L","timestamp":"2023-11-09 14:53:48"},{"nodeID":"1380164","text":"Analysing","type":"YA","timestamp":"2023-11-09 14:53:48"},{"nodeID":"1380165","text":"Nette: AudienceMember 20230330QT21: I\u2019m an Iraqi by origin","type":"L","timestamp":"2023-11-09 14:53:48"},{"nodeID":"1380166","text":"Asserting","type":"YA","timestamp":"2023-11-09 14:53:48"},{"nodeID":"1380167","text":"Isis committed horrible crimes in the country AudienceMember 20230330QT21 came from","type":"I","timestamp":"2023-11-09 14:53:49"},{"nodeID":"1380168","text":"AudienceMember 20230330QT21: Isis committed horrible crimes in the country I came from","type":"L","timestamp":"2023-11-09 14:53:49"},{"nodeID":"1380169","text":"Analysing","type":"YA","timestamp":"2023-11-09 14:53:49"},{"nodeID":"1380170","text":"Nette: AudienceMember 20230330QT21: Isis committed horrible crimes in the country I came from","type":"L","timestamp":"2023-11-09 14:53:49"},{"nodeID":"1380171","text":"Asserting","type":"YA","timestamp":"2023-11-09 14:53:49"},{"nodeID":"1380172","text":"Default Transition","type":"TA","timestamp":"2023-11-09 14:53:49"},{"nodeID":"1380173","text":"AudienceMember 20230330QT21 does appreciate what Isis can do to other countries","type":"I","timestamp":"2023-11-09 14:53:49"},{"nodeID":"1380174","text":"AudienceMember 20230330QT21: I do appreciate what Isis can do to other countries","type":"L","timestamp":"2023-11-09 14:53:49"},{"nodeID":"1380175","text":"Analysing","type":"YA","timestamp":"2023-11-09 14:53:49"},{"nodeID":"1380176","text":"Nette: AudienceMember 20230330QT21: I do appreciate what Isis can do to other countries","type":"L","timestamp":"2023-11-09 14:53:49"},{"nodeID":"1380177","text":"Asserting","type":"YA","timestamp":"2023-11-09 14:53:49"},{"nodeID":"1380178","text":"Default Transition","type":"TA","timestamp":"2023-11-09 14:53:49"},{"nodeID":"1380179","text":"Thangam Debonnaire does or does not share the view that actually Shamima Begum is British at the end of the day","type":"I","timestamp":"2023-11-09 14:53:50"},{"nodeID":"1380180","text":"Fiona Bruce: Thangam, would you share that view that actually she\u2019s British at the end of the day","type":"L","timestamp":"2023-11-09 14:53:50"},{"nodeID":"1380181","text":"Analysing","type":"YA","timestamp":"2023-11-09 14:53:50"},{"nodeID":"1380182","text":"Nette: Fiona Bruce: Thangam, would you share that view that actually she\u2019s British at the end of the day","type":"L","timestamp":"2023-11-09 14:53:50"},{"nodeID":"1380183","text":"Pure Questioning","type":"YA","timestamp":"2023-11-09 14:53:50"},{"nodeID":"1380184","text":"Shamima Begum should or should not come home and face justice here","type":"I","timestamp":"2023-11-09 14:53:50"},{"nodeID":"1380185","text":"Fiona Bruce: she should come home and face justice here","type":"L","timestamp":"2023-11-09 14:53:50"},{"nodeID":"1380186","text":"Analysing","type":"YA","timestamp":"2023-11-09 14:53:50"},{"nodeID":"1380187","text":"Nette: Fiona Bruce: she should come home and face justice here","type":"L","timestamp":"2023-11-09 14:53:50"},{"nodeID":"1380188","text":"Pure Questioning","type":"YA","timestamp":"2023-11-09 14:53:50"},{"nodeID":"1380189","text":"Default Transition","type":"TA","timestamp":"2023-11-09 14:53:50"},{"nodeID":"1380190","text":"Default Inference","type":"RA","timestamp":"2023-11-09 14:53:50"},{"nodeID":"1380191","text":"Arguing","type":"YA","timestamp":"2023-11-09 14:53:50"},{"nodeID":"1380192","text":"Default Transition","type":"TA","timestamp":"2023-11-09 14:53:50"},{"nodeID":"1380193","text":"in a democracy with the rule of law we have a separation of powers between the politicians and the judiciary","type":"I","timestamp":"2023-11-09 14:53:51"},{"nodeID":"1380194","text":"Thangam Debbonaire: in a democracy with the rule of law we have a separation of powers between the politicians and the judiciary","type":"L","timestamp":"2023-11-09 14:53:51"},{"nodeID":"1380195","text":"Analysing","type":"YA","timestamp":"2023-11-09 14:53:51"},{"nodeID":"1380196","text":"Nette: Thangam Debbonaire: in a democracy with the rule of law we have a separation of powers between the politicians and the judiciary","type":"L","timestamp":"2023-11-09 14:53:51"},{"nodeID":"1380197","text":"Asserting","type":"YA","timestamp":"2023-11-09 14:53:51"},{"nodeID":"1380198","text":"we set the laws in parliament","type":"I","timestamp":"2023-11-09 14:53:52"},{"nodeID":"1380199","text":"Thangam Debbonaire: we set the laws in parliament","type":"L","timestamp":"2023-11-09 14:53:52"},{"nodeID":"1380200","text":"Analysing","type":"YA","timestamp":"2023-11-09 14:53:52"},{"nodeID":"1380201","text":"Nette: Thangam Debbonaire: we set the laws in parliament","type":"L","timestamp":"2023-11-09 14:53:52"},{"nodeID":"1380202","text":"Asserting","type":"YA","timestamp":"2023-11-09 14:53:52"},{"nodeID":"1380203","text":"we won't necessarily agree","type":"I","timestamp":"2023-11-09 14:53:52"},{"nodeID":"1380204","text":"Thangam Debbonaire: we won't necessarily agree","type":"L","timestamp":"2023-11-09 14:53:52"},{"nodeID":"1380205","text":"Analysing","type":"YA","timestamp":"2023-11-09 14:53:52"},{"nodeID":"1380206","text":"Nette: Thangam Debbonaire: we won't necessarily agree","type":"L","timestamp":"2023-11-09 14:53:52"},{"nodeID":"1380207","text":"Asserting","type":"YA","timestamp":"2023-11-09 14:53:52"},{"nodeID":"1380208","text":"David Davies and Thangam Debbonaire will disagree about many things","type":"I","timestamp":"2023-11-09 14:53:53"},{"nodeID":"1380209","text":"Thangam Debbonaire: David and I will disagree about many things","type":"L","timestamp":"2023-11-09 14:53:53"},{"nodeID":"1380210","text":"Analysing","type":"YA","timestamp":"2023-11-09 14:53:53"},{"nodeID":"1380211","text":"Nette: Thangam Debbonaire: David and I will disagree about many things","type":"L","timestamp":"2023-11-09 14:53:53"},{"nodeID":"1380212","text":"Asserting","type":"YA","timestamp":"2023-11-09 14:53:53"},{"nodeID":"1380213","text":"Default Transition","type":"TA","timestamp":"2023-11-09 14:53:53"},{"nodeID":"1380214","text":"Default Rephrase","type":"MA","timestamp":"2023-11-09 14:53:53"},{"nodeID":"1380215","text":"Restating","type":"YA","timestamp":"2023-11-09 14:53:53"},{"nodeID":"1380216","text":"when it comes to a separation of powers it means it\u2019s important the judiciary weighs up the evidence","type":"I","timestamp":"2023-11-09 14:53:54"},{"nodeID":"1380217","text":"Thangam Debbonaire: when it comes to a separation of powers it means it\u2019s important the judiciary weighs up the evidence","type":"L","timestamp":"2023-11-09 14:53:54"},{"nodeID":"1380218","text":"Analysing","type":"YA","timestamp":"2023-11-09 14:53:54"},{"nodeID":"1380219","text":"Nette: Thangam Debbonaire: when it comes to a separation of powers it means it\u2019s important the judiciary weighs up the evidence","type":"L","timestamp":"2023-11-09 14:53:54"},{"nodeID":"1380220","text":"Asserting","type":"YA","timestamp":"2023-11-09 14:53:54"},{"nodeID":"1380221","text":"the courts have weighed up the evidence whether Shamima Begum is a threat to UK security or not","type":"I","timestamp":"2023-11-09 14:53:54"},{"nodeID":"1380222","text":"Thangam Debbonaire: The courts have weighed up the evidence","type":"L","timestamp":"2023-11-09 14:53:54"},{"nodeID":"1380223","text":"Analysing","type":"YA","timestamp":"2023-11-09 14:53:54"},{"nodeID":"1380224","text":"Nette: Thangam Debbonaire: The courts have weighed up the evidence","type":"L","timestamp":"2023-11-09 14:53:54"},{"nodeID":"1380225","text":"Asserting","type":"YA","timestamp":"2023-11-09 14:53:54"},{"nodeID":"1380226","text":"the original decision was taken by Sajid Javid, the Home Secretary in 2019","type":"I","timestamp":"2023-11-09 14:53:55"},{"nodeID":"1380227","text":"Fiona Bruce: the original decision","type":"L","timestamp":"2023-11-09 14:53:55"},{"nodeID":"1380228","text":"Analysing","type":"YA","timestamp":"2023-11-09 14:53:55"},{"nodeID":"1380229","text":"Nette: Fiona Bruce: the original decision","type":"L","timestamp":"2023-11-09 14:53:55"},{"nodeID":"1380230","text":"Asserting","type":"YA","timestamp":"2023-11-09 14:53:55"},{"nodeID":"1380231","text":"Default Transition","type":"TA","timestamp":"2023-11-09 14:53:55"},{"nodeID":"1380232","text":"Default Conflict","type":"CA","timestamp":"2023-11-09 14:53:55"},{"nodeID":"1380233","text":"Disagreeing","type":"YA","timestamp":"2023-11-09 14:53:55"},{"nodeID":"1380234","text":"we don\u2019t know what that evidence is","type":"I","timestamp":"2023-11-09 14:53:55"},{"nodeID":"1380235","text":"Thangam Debbonaire: We don\u2019t know what that evidence is","type":"L","timestamp":"2023-11-09 14:53:55"},{"nodeID":"1380236","text":"Analysing","type":"YA","timestamp":"2023-11-09 14:53:55"},{"nodeID":"1380237","text":"Nette: Thangam Debbonaire: We don\u2019t know what that evidence is","type":"L","timestamp":"2023-11-09 14:53:55"},{"nodeID":"1380238","text":"Asserting","type":"YA","timestamp":"2023-11-09 14:53:55"},{"nodeID":"1380239","text":"Sajid Javid was or was not right to take the decision that Shamima Begum is a threat to UK security","type":"I","timestamp":"2023-11-09 14:53:56"},{"nodeID":"1380240","text":"Fiona Bruce: And the Appeal Commission was saying, was he right to take that decision","type":"L","timestamp":"2023-11-09 14:53:56"},{"nodeID":"1380241","text":"Analysing","type":"YA","timestamp":"2023-11-09 14:53:56"},{"nodeID":"1380242","text":"Nette: Fiona Bruce: And the Appeal Commission was saying, was he right to take that decision","type":"L","timestamp":"2023-11-09 14:53:56"},{"nodeID":"1380243","text":"Appeal Commission: was he right to take that decision","type":"L","timestamp":"2023-11-09 14:53:56"},{"nodeID":"1380244","text":"Analysing","type":"YA","timestamp":"2023-11-09 14:53:56"},{"nodeID":"1380245","text":"Nette: Appeal Commission: And the Appeal Commission was saying, was he right to take that decision","type":"L","timestamp":"2023-11-09 14:53:56"},{"nodeID":"1380246","text":"Pure Questioning","type":"YA","timestamp":"2023-11-09 14:53:56"},{"nodeID":"1380247","text":"Asserting","type":"YA","timestamp":"2023-11-09 14:53:56"},{"nodeID":"1380248","text":"the decision that Shamima Begum is a threat to UK security was originally a political decision","type":"I","timestamp":"2023-11-09 14:53:57"},{"nodeID":"1380249","text":"Fiona Bruce: it was originally a political decision","type":"L","timestamp":"2023-11-09 14:53:57"},{"nodeID":"1380250","text":"Analysing","type":"YA","timestamp":"2023-11-09 14:53:57"},{"nodeID":"1380251","text":"Nette: Fiona Bruce: it was originally a political decision","type":"L","timestamp":"2023-11-09 14:53:57"},{"nodeID":"1380252","text":"Asserting","type":"YA","timestamp":"2023-11-09 14:53:57"},{"nodeID":"1380253","text":"Default Inference","type":"RA","timestamp":"2023-11-09 14:53:57"},{"nodeID":"1380254","text":"Arguing","type":"YA","timestamp":"2023-11-09 14:53:57"},{"nodeID":"1380255","text":"Default Transition","type":"TA","timestamp":"2023-11-09 14:53:57"},{"nodeID":"1380256","text":"Default Transition","type":"TA","timestamp":"2023-11-09 14:53:57"},{"nodeID":"1380257","text":"Default Transition","type":"TA","timestamp":"2023-11-09 14:53:57"},{"nodeID":"1380258","text":"Default Transition","type":"TA","timestamp":"2023-11-09 14:53:57"},{"nodeID":"1380259","text":"Default Inference","type":"RA","timestamp":"2023-11-09 14:53:57"},{"nodeID":"1380260","text":"Arguing","type":"YA","timestamp":"2023-11-09 14:53:57"},{"nodeID":"1380261","text":"Default Rephrase","type":"MA","timestamp":"2023-11-09 14:53:57"},{"nodeID":"1380262","text":"Default Transition","type":"TA","timestamp":"2023-11-09 14:53:57"},{"nodeID":"1380263","text":"Restating","type":"YA","timestamp":"2023-11-09 14:53:57"},{"nodeID":"1380264","text":"Default Conflict","type":"CA","timestamp":"2023-11-09 14:53:57"},{"nodeID":"1380265","text":"Default Transition","type":"TA","timestamp":"2023-11-09 14:53:57"},{"nodeID":"1380266","text":"Disagreeing","type":"YA","timestamp":"2023-11-09 14:53:57"},{"nodeID":"1380267","text":"Default Transition","type":"TA","timestamp":"2023-11-09 14:53:57"},{"nodeID":"1380268","text":"Default Transition","type":"TA","timestamp":"2023-11-09 14:53:57"},{"nodeID":"1380269","text":"Default Rephrase","type":"MA","timestamp":"2023-11-09 14:53:57"},{"nodeID":"1380270","text":"Restating","type":"YA","timestamp":"2023-11-09 14:53:57"}],"edges":[{"edgeID":"1804144","fromID":"1380159","toID":"1380158","formEdgeID":null},{"edgeID":"1804145","fromID":"1380160","toID":"1380159","formEdgeID":null},{"edgeID":"1804146","fromID":"1380158","toID":"1380161","formEdgeID":null},{"edgeID":"1804147","fromID":"1380161","toID":"1380157","formEdgeID":null},{"edgeID":"1804148","fromID":"1380164","toID":"1380163","formEdgeID":null},{"edgeID":"1804149","fromID":"1380165","toID":"1380164","formEdgeID":null},{"edgeID":"1804150","fromID":"1380163","toID":"1380166","formEdgeID":null},{"edgeID":"1804151","fromID":"1380166","toID":"1380162","formEdgeID":null},{"edgeID":"1804152","fromID":"1380169","toID":"1380168","formEdgeID":null},{"edgeID":"1804153","fromID":"1380170","toID":"1380169","formEdgeID":null},{"edgeID":"1804154","fromID":"1380168","toID":"1380171","formEdgeID":null},{"edgeID":"1804155","fromID":"1380171","toID":"1380167","formEdgeID":null},{"edgeID":"1804156","fromID":"1380158","toID":"1380172","formEdgeID":null},{"edgeID":"1804157","fromID":"1380172","toID":"1380163","formEdgeID":null},{"edgeID":"1804158","fromID":"1380175","toID":"1380174","formEdgeID":null},{"edgeID":"1804159","fromID":"1380176","toID":"1380175","formEdgeID":null},{"edgeID":"1804160","fromID":"1380174","toID":"1380177","formEdgeID":null},{"edgeID":"1804161","fromID":"1380177","toID":"1380173","formEdgeID":null},{"edgeID":"1804162","fromID":"1380168","toID":"1380178","formEdgeID":null},{"edgeID":"1804163","fromID":"1380178","toID":"1380174","formEdgeID":null},{"edgeID":"1804164","fromID":"1380181","toID":"1380180","formEdgeID":null},{"edgeID":"1804165","fromID":"1380182","toID":"1380181","formEdgeID":null},{"edgeID":"1804166","fromID":"1380180","toID":"1380183","formEdgeID":null},{"edgeID":"1804167","fromID":"1380183","toID":"1380179","formEdgeID":null},{"edgeID":"1804168","fromID":"1380186","toID":"1380185","formEdgeID":null},{"edgeID":"1804169","fromID":"1380187","toID":"1380186","formEdgeID":null},{"edgeID":"1804170","fromID":"1380185","toID":"1380188","formEdgeID":null},{"edgeID":"1804171","fromID":"1380188","toID":"1380184","formEdgeID":null},{"edgeID":"1804172","fromID":"1380180","toID":"1380189","formEdgeID":null},{"edgeID":"1804173","fromID":"1380189","toID":"1380185","formEdgeID":null},{"edgeID":"1804174","fromID":"1380179","toID":"1380190","formEdgeID":null},{"edgeID":"1804175","fromID":"1380190","toID":"1380184","formEdgeID":null},{"edgeID":"1804176","fromID":"1380189","toID":"1380191","formEdgeID":null},{"edgeID":"1804177","fromID":"1380191","toID":"1380190","formEdgeID":null},{"edgeID":"1804178","fromID":"1380174","toID":"1380192","formEdgeID":null},{"edgeID":"1804179","fromID":"1380192","toID":"1380180","formEdgeID":null},{"edgeID":"1804180","fromID":"1380195","toID":"1380194","formEdgeID":null},{"edgeID":"1804181","fromID":"1380196","toID":"1380195","formEdgeID":null},{"edgeID":"1804182","fromID":"1380194","toID":"1380197","formEdgeID":null},{"edgeID":"1804183","fromID":"1380197","toID":"1380193","formEdgeID":null},{"edgeID":"1804184","fromID":"1380200","toID":"1380199","formEdgeID":null},{"edgeID":"1804185","fromID":"1380201","toID":"1380200","formEdgeID":null},{"edgeID":"1804186","fromID":"1380199","toID":"1380202","formEdgeID":null},{"edgeID":"1804187","fromID":"1380202","toID":"1380198","formEdgeID":null},{"edgeID":"1804188","fromID":"1380205","toID":"1380204","formEdgeID":null},{"edgeID":"1804189","fromID":"1380206","toID":"1380205","formEdgeID":null},{"edgeID":"1804190","fromID":"1380204","toID":"1380207","formEdgeID":null},{"edgeID":"1804191","fromID":"1380207","toID":"1380203","formEdgeID":null},{"edgeID":"1804192","fromID":"1380210","toID":"1380209","formEdgeID":null},{"edgeID":"1804193","fromID":"1380211","toID":"1380210","formEdgeID":null},{"edgeID":"1804194","fromID":"1380209","toID":"1380212","formEdgeID":null},{"edgeID":"1804195","fromID":"1380212","toID":"1380208","formEdgeID":null},{"edgeID":"1804196","fromID":"1380204","toID":"1380213","formEdgeID":null},{"edgeID":"1804197","fromID":"1380213","toID":"1380209","formEdgeID":null},{"edgeID":"1804198","fromID":"1380208","toID":"1380214","formEdgeID":null},{"edgeID":"1804199","fromID":"1380214","toID":"1380203","formEdgeID":null},{"edgeID":"1804200","fromID":"1380213","toID":"1380215","formEdgeID":null},{"edgeID":"1804201","fromID":"1380215","toID":"1380214","formEdgeID":null},{"edgeID":"1804202","fromID":"1380218","toID":"1380217","formEdgeID":null},{"edgeID":"1804203","fromID":"1380219","toID":"1380218","formEdgeID":null},{"edgeID":"1804204","fromID":"1380217","toID":"1380220","formEdgeID":null},{"edgeID":"1804205","fromID":"1380220","toID":"1380216","formEdgeID":null},{"edgeID":"1804206","fromID":"1380223","toID":"1380222","formEdgeID":null},{"edgeID":"1804207","fromID":"1380224","toID":"1380223","formEdgeID":null},{"edgeID":"1804208","fromID":"1380222","toID":"1380225","formEdgeID":null},{"edgeID":"1804209","fromID":"1380225","toID":"1380221","formEdgeID":null},{"edgeID":"1804210","fromID":"1380228","toID":"1380227","formEdgeID":null},{"edgeID":"1804211","fromID":"1380229","toID":"1380228","formEdgeID":null},{"edgeID":"1804212","fromID":"1380227","toID":"1380230","formEdgeID":null},{"edgeID":"1804213","fromID":"1380230","toID":"1380226","formEdgeID":null},{"edgeID":"1804214","fromID":"1380222","toID":"1380231","formEdgeID":null},{"edgeID":"1804215","fromID":"1380231","toID":"1380227","formEdgeID":null},{"edgeID":"1804216","fromID":"1380226","toID":"1380232","formEdgeID":null},{"edgeID":"1804217","fromID":"1380232","toID":"1380221","formEdgeID":null},{"edgeID":"1804218","fromID":"1380231","toID":"1380233","formEdgeID":null},{"edgeID":"1804219","fromID":"1380233","toID":"1380232","formEdgeID":null},{"edgeID":"1804220","fromID":"1380236","toID":"1380235","formEdgeID":null},{"edgeID":"1804221","fromID":"1380237","toID":"1380236","formEdgeID":null},{"edgeID":"1804222","fromID":"1380235","toID":"1380238","formEdgeID":null},{"edgeID":"1804223","fromID":"1380238","toID":"1380234","formEdgeID":null},{"edgeID":"1804224","fromID":"1380241","toID":"1380240","formEdgeID":null},{"edgeID":"1804225","fromID":"1380242","toID":"1380241","formEdgeID":null},{"edgeID":"1804226","fromID":"1380244","toID":"1380243","formEdgeID":null},{"edgeID":"1804227","fromID":"1380245","toID":"1380244","formEdgeID":null},{"edgeID":"1804228","fromID":"1380243","toID":"1380246","formEdgeID":null},{"edgeID":"1804229","fromID":"1380246","toID":"1380239","formEdgeID":null},{"edgeID":"1804230","fromID":"1380240","toID":"1380247","formEdgeID":null},{"edgeID":"1804231","fromID":"1380247","toID":"1380243","formEdgeID":null},{"edgeID":"1804232","fromID":"1380250","toID":"1380249","formEdgeID":null},{"edgeID":"1804233","fromID":"1380251","toID":"1380250","formEdgeID":null},{"edgeID":"1804234","fromID":"1380249","toID":"1380252","formEdgeID":null},{"edgeID":"1804235","fromID":"1380252","toID":"1380248","formEdgeID":null},{"edgeID":"1804236","fromID":"1380167","toID":"1380253","formEdgeID":null},{"edgeID":"1804237","fromID":"1380253","toID":"1380173","formEdgeID":null},{"edgeID":"1804238","fromID":"1380178","toID":"1380254","formEdgeID":null},{"edgeID":"1804239","fromID":"1380254","toID":"1380253","formEdgeID":null},{"edgeID":"1804240","fromID":"1380162","toID":"1380253","formEdgeID":null},{"edgeID":"1804241","fromID":"1380163","toID":"1380255","formEdgeID":null},{"edgeID":"1804242","fromID":"1380255","toID":"1380174","formEdgeID":null},{"edgeID":"1804243","fromID":"1380185","toID":"1380256","formEdgeID":null},{"edgeID":"1804244","fromID":"1380256","toID":"1380194","formEdgeID":null},{"edgeID":"1804245","fromID":"1380194","toID":"1380257","formEdgeID":null},{"edgeID":"1804246","fromID":"1380257","toID":"1380217","formEdgeID":null},{"edgeID":"1804247","fromID":"1380199","toID":"1380258","formEdgeID":null},{"edgeID":"1804248","fromID":"1380258","toID":"1380217","formEdgeID":null},{"edgeID":"1804249","fromID":"1380193","toID":"1380259","formEdgeID":null},{"edgeID":"1804250","fromID":"1380259","toID":"1380216","formEdgeID":null},{"edgeID":"1804251","fromID":"1380198","toID":"1380259","formEdgeID":null},{"edgeID":"1804252","fromID":"1380258","toID":"1380260","formEdgeID":null},{"edgeID":"1804253","fromID":"1380260","toID":"1380259","formEdgeID":null},{"edgeID":"1804254","fromID":"1380221","toID":"1380261","formEdgeID":null},{"edgeID":"1804255","fromID":"1380261","toID":"1380216","formEdgeID":null},{"edgeID":"1804256","fromID":"1380217","toID":"1380262","formEdgeID":null},{"edgeID":"1804257","fromID":"1380262","toID":"1380222","formEdgeID":null},{"edgeID":"1804258","fromID":"1380262","toID":"1380263","formEdgeID":null},{"edgeID":"1804259","fromID":"1380263","toID":"1380261","formEdgeID":null},{"edgeID":"1804260","fromID":"1380234","toID":"1380264","formEdgeID":null},{"edgeID":"1804261","fromID":"1380264","toID":"1380221","formEdgeID":null},{"edgeID":"1804262","fromID":"1380222","toID":"1380265","formEdgeID":null},{"edgeID":"1804263","fromID":"1380265","toID":"1380235","formEdgeID":null},{"edgeID":"1804264","fromID":"1380265","toID":"1380266","formEdgeID":null},{"edgeID":"1804265","fromID":"1380266","toID":"1380264","formEdgeID":null},{"edgeID":"1804266","fromID":"1380235","toID":"1380267","formEdgeID":null},{"edgeID":"1804267","fromID":"1380267","toID":"1380240","formEdgeID":null},{"edgeID":"1804268","fromID":"1380240","toID":"1380268","formEdgeID":null},{"edgeID":"1804269","fromID":"1380268","toID":"1380249","formEdgeID":null},{"edgeID":"1804270","fromID":"1380248","toID":"1380269","formEdgeID":null},{"edgeID":"1804271","fromID":"1380269","toID":"1380239","formEdgeID":null},{"edgeID":"1804272","fromID":"1380268","toID":"1380270","formEdgeID":null},{"edgeID":"1804273","fromID":"1380270","toID":"1380269","formEdgeID":null}],"locutions":[]}