{"nodes":[{"nodeID":"1378982","text":"David Davies: no road building","type":"L","timestamp":"2023-11-09 14:52:05"},{"nodeID":"1378983","text":"we\u2019re doing a lot","type":"I","timestamp":"2023-11-09 14:52:05"},{"nodeID":"1378984","text":"David Davies: we\u2019re doing a lot","type":"L","timestamp":"2023-11-09 14:52:05"},{"nodeID":"1378985","text":"Analysing","type":"YA","timestamp":"2023-11-09 14:52:05"},{"nodeID":"1378986","text":"Anon: David Davies: we\u2019re doing a lot","type":"L","timestamp":"2023-11-09 14:52:05"},{"nodeID":"1378987","text":"Asserting","type":"YA","timestamp":"2023-11-09 14:52:05"},{"nodeID":"1378988","text":"we\u2019re doing all the things that Thangam Debbonaire talked about","type":"I","timestamp":"2023-11-09 14:52:06"},{"nodeID":"1378989","text":"David Davies: we\u2019re doing all the things that Thangam talked","type":"L","timestamp":"2023-11-09 14:52:06"},{"nodeID":"1378990","text":"Analysing","type":"YA","timestamp":"2023-11-09 14:52:06"},{"nodeID":"1378991","text":"Anon: David Davies: we\u2019re doing all the things that Thangam talked","type":"L","timestamp":"2023-11-09 14:52:06"},{"nodeID":"1378992","text":"Asserting","type":"YA","timestamp":"2023-11-09 14:52:06"},{"nodeID":"1378993","text":"Default Transition","type":"TA","timestamp":"2023-11-09 14:52:06"},{"nodeID":"1378994","text":"Default Rephrase","type":"MA","timestamp":"2023-11-09 14:52:06"},{"nodeID":"1378995","text":"Restating","type":"YA","timestamp":"2023-11-09 14:52:06"},{"nodeID":"1378996","text":"we\u2019re doing the worst in the G7","type":"I","timestamp":"2023-11-09 14:52:07"},{"nodeID":"1378997","text":"Fiona Bruce: We\u2019re doing the worst in the G7","type":"L","timestamp":"2023-11-09 14:52:07"},{"nodeID":"1378998","text":"Analysing","type":"YA","timestamp":"2023-11-09 14:52:07"},{"nodeID":"1378999","text":"Anon: Fiona Bruce: We\u2019re doing the worst in the G7","type":"L","timestamp":"2023-11-09 14:52:07"},{"nodeID":"1379000","text":"Asserting","type":"YA","timestamp":"2023-11-09 14:52:07"},{"nodeID":"1379001","text":"Default Transition","type":"TA","timestamp":"2023-11-09 14:52:07"},{"nodeID":"1379002","text":"Default Conflict","type":"CA","timestamp":"2023-11-09 14:52:07"},{"nodeID":"1379003","text":"Disagreeing","type":"YA","timestamp":"2023-11-09 14:52:07"},{"nodeID":"1379004","text":"the Conservatives have been in power one way or another since 2010","type":"I","timestamp":"2023-11-09 14:52:07"},{"nodeID":"1379005","text":"David Davies: which is when the Conservatives have been in power one way or another","type":"L","timestamp":"2023-11-09 14:52:07"},{"nodeID":"1379006","text":"Analysing","type":"YA","timestamp":"2023-11-09 14:52:07"},{"nodeID":"1379007","text":"Anon: David Davies: which is when the Conservatives have been in power one way or another","type":"L","timestamp":"2023-11-09 14:52:07"},{"nodeID":"1379008","text":"Asserting","type":"YA","timestamp":"2023-11-09 14:52:07"},{"nodeID":"1379009","text":"the period since 2010 when the Conservatives have been in power one way or another is the third highest amongst the G7","type":"I","timestamp":"2023-11-09 14:52:08"},{"nodeID":"1379010","text":"David Davies: it\u2019s the third highest amongst the G7","type":"L","timestamp":"2023-11-09 14:52:08"},{"nodeID":"1379011","text":"Analysing","type":"YA","timestamp":"2023-11-09 14:52:08"},{"nodeID":"1379012","text":"Anon: David Davies: it\u2019s the third highest amongst the G7","type":"L","timestamp":"2023-11-09 14:52:08"},{"nodeID":"1379013","text":"Asserting","type":"YA","timestamp":"2023-11-09 14:52:08"},{"nodeID":"1379014","text":"Default Transition","type":"TA","timestamp":"2023-11-09 14:52:08"},{"nodeID":"1379015","text":"Default Rephrase","type":"MA","timestamp":"2023-11-09 14:52:08"},{"nodeID":"1379016","text":"Restating","type":"YA","timestamp":"2023-11-09 14:52:08"},{"nodeID":"1379017","text":"Default Conflict","type":"CA","timestamp":"2023-11-09 14:52:08"},{"nodeID":"1379018","text":"Default Transition","type":"TA","timestamp":"2023-11-09 14:52:08"},{"nodeID":"1379019","text":"Disagreeing","type":"YA","timestamp":"2023-11-09 14:52:08"},{"nodeID":"1379020","text":"what we won't do is to cancel a road-building project","type":"I","timestamp":"2023-11-09 14:52:09"},{"nodeID":"1379021","text":"David Davies: what we won't do is to cancel a road-building project","type":"L","timestamp":"2023-11-09 14:52:09"},{"nodeID":"1379022","text":"Analysing","type":"YA","timestamp":"2023-11-09 14:52:09"},{"nodeID":"1379023","text":"Anon: David Davies: what we won't do is to cancel a road-building project","type":"L","timestamp":"2023-11-09 14:52:09"},{"nodeID":"1379024","text":"Asserting","type":"YA","timestamp":"2023-11-09 14:52:09"},{"nodeID":"1379025","text":"Default Transition","type":"TA","timestamp":"2023-11-09 14:52:09"},{"nodeID":"1379026","text":"we won't say no more motorways","type":"I","timestamp":"2023-11-09 14:52:09"},{"nodeID":"1379027","text":"David Davies: say, no more motorways","type":"L","timestamp":"2023-11-09 14:52:09"},{"nodeID":"1379028","text":"Analysing","type":"YA","timestamp":"2023-11-09 14:52:09"},{"nodeID":"1379029","text":"Anon: David Davies: say, no more motorways","type":"L","timestamp":"2023-11-09 14:52:09"},{"nodeID":"1379030","text":"Asserting","type":"YA","timestamp":"2023-11-09 14:52:09"},{"nodeID":"1379031","text":"Default Transition","type":"TA","timestamp":"2023-11-09 14:52:09"},{"nodeID":"1379032","text":"Default Rephrase","type":"MA","timestamp":"2023-11-09 14:52:09"},{"nodeID":"1379033","text":"Restating","type":"YA","timestamp":"2023-11-09 14:52:09"},{"nodeID":"1379034","text":"we need to have the infrastructure if our economy is going to grow","type":"I","timestamp":"2023-11-09 14:52:10"},{"nodeID":"1379035","text":"David Davies: we need to have the infrastructure if our economy is going to grow","type":"L","timestamp":"2023-11-09 14:52:10"},{"nodeID":"1379036","text":"Analysing","type":"YA","timestamp":"2023-11-09 14:52:10"},{"nodeID":"1379037","text":"Anon: David Davies: we need to have the infrastructure if our economy is going to grow","type":"L","timestamp":"2023-11-09 14:52:10"},{"nodeID":"1379038","text":"Asserting","type":"YA","timestamp":"2023-11-09 14:52:10"},{"nodeID":"1379039","text":"Default Inference","type":"RA","timestamp":"2023-11-09 14:52:10"},{"nodeID":"1379040","text":"Default Transition","type":"TA","timestamp":"2023-11-09 14:52:10"},{"nodeID":"1379041","text":"Arguing","type":"YA","timestamp":"2023-11-09 14:52:10"},{"nodeID":"1379042","text":"what\u2019s happening in Wales is that road-building projects are being cancelled","type":"I","timestamp":"2023-11-09 14:52:11"},{"nodeID":"1379043","text":"David Davies: that\u2019s what\u2019s happening in Wales","type":"L","timestamp":"2023-11-09 14:52:11"},{"nodeID":"1379044","text":"Analysing","type":"YA","timestamp":"2023-11-09 14:52:11"},{"nodeID":"1379045","text":"Anon: David Davies: that\u2019s what\u2019s happening in Wales","type":"L","timestamp":"2023-11-09 14:52:11"},{"nodeID":"1379046","text":"Asserting","type":"YA","timestamp":"2023-11-09 14:52:11"},{"nodeID":"1379047","text":"there is no road building happening in Wales","type":"I","timestamp":"2023-11-09 14:52:11"},{"nodeID":"1379048","text":"Analysing","type":"YA","timestamp":"2023-11-09 14:52:11"},{"nodeID":"1379049","text":"Anon: David Davies: no road building","type":"L","timestamp":"2023-11-09 14:52:11"},{"nodeID":"1379050","text":"Asserting","type":"YA","timestamp":"2023-11-09 14:52:11"},{"nodeID":"1379051","text":"Default Transition","type":"TA","timestamp":"2023-11-09 14:52:11"},{"nodeID":"1379052","text":"there are higher taxes in Wales than UK","type":"I","timestamp":"2023-11-09 14:52:12"},{"nodeID":"1379053","text":"David Davies: higher taxes","type":"L","timestamp":"2023-11-09 14:52:12"},{"nodeID":"1379054","text":"Analysing","type":"YA","timestamp":"2023-11-09 14:52:12"},{"nodeID":"1379055","text":"Anon: David Davies: higher taxes","type":"L","timestamp":"2023-11-09 14:52:12"},{"nodeID":"1379056","text":"Asserting","type":"YA","timestamp":"2023-11-09 14:52:12"},{"nodeID":"1379057","text":"Default Transition","type":"TA","timestamp":"2023-11-09 14:52:12"},{"nodeID":"1379058","text":"the Welsh government spent \u00a3150 million building a road that didn\u2019t get built","type":"I","timestamp":"2023-11-09 14:52:12"},{"nodeID":"1379059","text":"David Davies: a government that\u2019s spent \u00a3150 million building a road that didn\u2019t","type":"L","timestamp":"2023-11-09 14:52:12"},{"nodeID":"1379060","text":"Analysing","type":"YA","timestamp":"2023-11-09 14:52:12"},{"nodeID":"1379061","text":"Anon: David Davies: a government that\u2019s spent \u00a3150 million building a road that didn\u2019t","type":"L","timestamp":"2023-11-09 14:52:12"},{"nodeID":"1379062","text":"Asserting","type":"YA","timestamp":"2023-11-09 14:52:12"},{"nodeID":"1379063","text":"Default Transition","type":"TA","timestamp":"2023-11-09 14:52:12"},{"nodeID":"1379064","text":"the Welsh government made developing plans for a road that didn\u2019t get built","type":"I","timestamp":"2023-11-09 14:52:13"},{"nodeID":"1379065","text":"David Davies: developing plans for a road that didn\u2019t get built","type":"L","timestamp":"2023-11-09 14:52:13"},{"nodeID":"1379066","text":"Analysing","type":"YA","timestamp":"2023-11-09 14:52:13"},{"nodeID":"1379067","text":"Anon: David Davies: developing plans for a road that didn\u2019t get built","type":"L","timestamp":"2023-11-09 14:52:13"},{"nodeID":"1379068","text":"Asserting","type":"YA","timestamp":"2023-11-09 14:52:13"},{"nodeID":"1379069","text":"Default Transition","type":"TA","timestamp":"2023-11-09 14:52:13"},{"nodeID":"1379070","text":"Default Rephrase","type":"MA","timestamp":"2023-11-09 14:52:13"},{"nodeID":"1379071","text":"Restating","type":"YA","timestamp":"2023-11-09 14:52:13"},{"nodeID":"1379072","text":"the Welsh government spent over \u00a3200 million on the airport down the road there at Cardiff","type":"I","timestamp":"2023-11-09 14:52:14"},{"nodeID":"1379073","text":"David Davies: over \u00a3200 million on the airport down the road there at Cardiff","type":"L","timestamp":"2023-11-09 14:52:14"},{"nodeID":"1379074","text":"Analysing","type":"YA","timestamp":"2023-11-09 14:52:14"},{"nodeID":"1379075","text":"Anon: David Davies: over \u00a3200 million on the airport down the road there at Cardiff","type":"L","timestamp":"2023-11-09 14:52:14"},{"nodeID":"1379076","text":"Asserting","type":"YA","timestamp":"2023-11-09 14:52:14"},{"nodeID":"1379077","text":"Default Transition","type":"TA","timestamp":"2023-11-09 14:52:14"},{"nodeID":"1379078","text":"the airport that cost \u00a3200 million in Cardiff has got no planes flying out of it","type":"I","timestamp":"2023-11-09 14:52:14"},{"nodeID":"1379079","text":"David Davies: has got no planes flying out of it","type":"L","timestamp":"2023-11-09 14:52:14"},{"nodeID":"1379080","text":"Analysing","type":"YA","timestamp":"2023-11-09 14:52:14"},{"nodeID":"1379081","text":"Anon: David Davies: has got no planes flying out of it","type":"L","timestamp":"2023-11-09 14:52:14"},{"nodeID":"1379082","text":"Asserting","type":"YA","timestamp":"2023-11-09 14:52:14"},{"nodeID":"1379083","text":"Default Transition","type":"TA","timestamp":"2023-11-09 14:52:14"},{"nodeID":"1379084","text":"Default Rephrase","type":"MA","timestamp":"2023-11-09 14:52:14"},{"nodeID":"1379085","text":"Restating","type":"YA","timestamp":"2023-11-09 14:52:14"},{"nodeID":"1379086","text":"it\u2019s quite a long way from the UK economy\u2019s productivity if I might say","type":"I","timestamp":"2023-11-09 14:52:15"},{"nodeID":"1379087","text":"Fiona Bruce: It\u2019s quite a long way from the UK economy\u2019s productivity if I might say","type":"L","timestamp":"2023-11-09 14:52:15"},{"nodeID":"1379088","text":"Analysing","type":"YA","timestamp":"2023-11-09 14:52:15"},{"nodeID":"1379089","text":"Anon: Fiona Bruce: It\u2019s quite a long way from the UK economy\u2019s productivity if I might say","type":"L","timestamp":"2023-11-09 14:52:15"},{"nodeID":"1379090","text":"Asserting","type":"YA","timestamp":"2023-11-09 14:52:15"},{"nodeID":"1379091","text":"Default Transition","type":"TA","timestamp":"2023-11-09 14:52:15"},{"nodeID":"1379092","text":"Welsh Labour provides the blueprint for what the Labour government are going to do in Westminster","type":"I","timestamp":"2023-11-09 14:52:16"},{"nodeID":"1379093","text":"David Davies: Kier Starmer has said that Welsh Labour provides the blueprint for what the Labour government are going to do in Westminster","type":"L","timestamp":"2023-11-09 14:52:16"},{"nodeID":"1379094","text":"Analysing","type":"YA","timestamp":"2023-11-09 14:52:16"},{"nodeID":"1379095","text":"Anon: David Davies: Kier Starmer has said that Welsh Labour provides the blueprint for what the Labour government are going to do in Westminster","type":"L","timestamp":"2023-11-09 14:52:16"},{"nodeID":"1379096","text":"Default Transition","type":"TA","timestamp":"2023-11-09 14:52:16"},{"nodeID":"1379097","text":"Kier Starmer: Welsh Labour provides the blueprint for what the Labour government are going to do in Westminster","type":"L","timestamp":"2023-11-09 14:52:16"},{"nodeID":"1379098","text":"Analysing","type":"YA","timestamp":"2023-11-09 14:52:16"},{"nodeID":"1379099","text":"Anon: Kier Starmer: Kier Starmer has said that Welsh Labour provides the blueprint for what the Labour government are going to do in Westminster","type":"L","timestamp":"2023-11-09 14:52:16"},{"nodeID":"1379100","text":"Asserting","type":"YA","timestamp":"2023-11-09 14:52:16"},{"nodeID":"1379101","text":"Asserting","type":"YA","timestamp":"2023-11-09 14:52:16"},{"nodeID":"1379102","text":"you want to take a short period of time","type":"I","timestamp":"2023-11-09 14:52:16"},{"nodeID":"1379103","text":"David Davies: you want to take a short period of time","type":"L","timestamp":"2023-11-09 14:52:16"},{"nodeID":"1379104","text":"Analysing","type":"YA","timestamp":"2023-11-09 14:52:16"},{"nodeID":"1379105","text":"Anon: David Davies: you want to take a short period of time","type":"L","timestamp":"2023-11-09 14:52:16"},{"nodeID":"1379106","text":"Asserting","type":"YA","timestamp":"2023-11-09 14:52:16"},{"nodeID":"1379107","text":"Default Transition","type":"TA","timestamp":"2023-11-09 14:52:16"},{"nodeID":"1379108","text":"you want to take 2010 up until now","type":"I","timestamp":"2023-11-09 14:52:17"},{"nodeID":"1379109","text":"David Davies: you want to take 2010 up until now","type":"L","timestamp":"2023-11-09 14:52:17"},{"nodeID":"1379110","text":"Analysing","type":"YA","timestamp":"2023-11-09 14:52:17"},{"nodeID":"1379111","text":"Anon: David Davies: you want to take 2010 up until now","type":"L","timestamp":"2023-11-09 14:52:17"},{"nodeID":"1379112","text":"Asserting","type":"YA","timestamp":"2023-11-09 14:52:17"},{"nodeID":"1379113","text":"Default Transition","type":"TA","timestamp":"2023-11-09 14:52:17"},{"nodeID":"1379114","text":"Default Rephrase","type":"MA","timestamp":"2023-11-09 14:52:17"},{"nodeID":"1379115","text":"Restating","type":"YA","timestamp":"2023-11-09 14:52:17"},{"nodeID":"1379116","text":"Default Transition","type":"TA","timestamp":"2023-11-09 14:52:17"},{"nodeID":"1379117","text":"Default Conflict","type":"CA","timestamp":"2023-11-09 14:52:17"},{"nodeID":"1379118","text":"Default Transition","type":"TA","timestamp":"2023-11-09 14:52:17"},{"nodeID":"1379119","text":"Disagreeing","type":"YA","timestamp":"2023-11-09 14:52:17"}],"edges":[{"edgeID":"1802772","fromID":"1378985","toID":"1378984","formEdgeID":null},{"edgeID":"1802773","fromID":"1378986","toID":"1378985","formEdgeID":null},{"edgeID":"1802774","fromID":"1378984","toID":"1378987","formEdgeID":null},{"edgeID":"1802775","fromID":"1378987","toID":"1378983","formEdgeID":null},{"edgeID":"1802776","fromID":"1378990","toID":"1378989","formEdgeID":null},{"edgeID":"1802777","fromID":"1378991","toID":"1378990","formEdgeID":null},{"edgeID":"1802778","fromID":"1378989","toID":"1378992","formEdgeID":null},{"edgeID":"1802779","fromID":"1378992","toID":"1378988","formEdgeID":null},{"edgeID":"1802780","fromID":"1378984","toID":"1378993","formEdgeID":null},{"edgeID":"1802781","fromID":"1378993","toID":"1378989","formEdgeID":null},{"edgeID":"1802782","fromID":"1378988","toID":"1378994","formEdgeID":null},{"edgeID":"1802783","fromID":"1378994","toID":"1378983","formEdgeID":null},{"edgeID":"1802784","fromID":"1378993","toID":"1378995","formEdgeID":null},{"edgeID":"1802785","fromID":"1378995","toID":"1378994","formEdgeID":null},{"edgeID":"1802786","fromID":"1378998","toID":"1378997","formEdgeID":null},{"edgeID":"1802787","fromID":"1378999","toID":"1378998","formEdgeID":null},{"edgeID":"1802788","fromID":"1378997","toID":"1379000","formEdgeID":null},{"edgeID":"1802789","fromID":"1379000","toID":"1378996","formEdgeID":null},{"edgeID":"1802790","fromID":"1378989","toID":"1379001","formEdgeID":null},{"edgeID":"1802791","fromID":"1379001","toID":"1378997","formEdgeID":null},{"edgeID":"1802792","fromID":"1378996","toID":"1379002","formEdgeID":null},{"edgeID":"1802793","fromID":"1379002","toID":"1378988","formEdgeID":null},{"edgeID":"1802794","fromID":"1379001","toID":"1379003","formEdgeID":null},{"edgeID":"1802795","fromID":"1379003","toID":"1379002","formEdgeID":null},{"edgeID":"1802796","fromID":"1379006","toID":"1379005","formEdgeID":null},{"edgeID":"1802797","fromID":"1379007","toID":"1379006","formEdgeID":null},{"edgeID":"1802798","fromID":"1379005","toID":"1379008","formEdgeID":null},{"edgeID":"1802799","fromID":"1379008","toID":"1379004","formEdgeID":null},{"edgeID":"1802800","fromID":"1379011","toID":"1379010","formEdgeID":null},{"edgeID":"1802801","fromID":"1379012","toID":"1379011","formEdgeID":null},{"edgeID":"1802802","fromID":"1379010","toID":"1379013","formEdgeID":null},{"edgeID":"1802803","fromID":"1379013","toID":"1379009","formEdgeID":null},{"edgeID":"1802804","fromID":"1379005","toID":"1379014","formEdgeID":null},{"edgeID":"1802805","fromID":"1379014","toID":"1379010","formEdgeID":null},{"edgeID":"1802806","fromID":"1379009","toID":"1379015","formEdgeID":null},{"edgeID":"1802807","fromID":"1379015","toID":"1379004","formEdgeID":null},{"edgeID":"1802808","fromID":"1379014","toID":"1379016","formEdgeID":null},{"edgeID":"1802809","fromID":"1379016","toID":"1379015","formEdgeID":null},{"edgeID":"1802810","fromID":"1379009","toID":"1379017","formEdgeID":null},{"edgeID":"1802811","fromID":"1379017","toID":"1378996","formEdgeID":null},{"edgeID":"1802812","fromID":"1378997","toID":"1379018","formEdgeID":null},{"edgeID":"1802813","fromID":"1379018","toID":"1379010","formEdgeID":null},{"edgeID":"1802814","fromID":"1379018","toID":"1379019","formEdgeID":null},{"edgeID":"1802815","fromID":"1379019","toID":"1379017","formEdgeID":null},{"edgeID":"1802816","fromID":"1379022","toID":"1379021","formEdgeID":null},{"edgeID":"1802817","fromID":"1379023","toID":"1379022","formEdgeID":null},{"edgeID":"1802818","fromID":"1379021","toID":"1379024","formEdgeID":null},{"edgeID":"1802819","fromID":"1379024","toID":"1379020","formEdgeID":null},{"edgeID":"1802820","fromID":"1379010","toID":"1379025","formEdgeID":null},{"edgeID":"1802821","fromID":"1379025","toID":"1379021","formEdgeID":null},{"edgeID":"1802822","fromID":"1379028","toID":"1379027","formEdgeID":null},{"edgeID":"1802823","fromID":"1379029","toID":"1379028","formEdgeID":null},{"edgeID":"1802824","fromID":"1379027","toID":"1379030","formEdgeID":null},{"edgeID":"1802825","fromID":"1379030","toID":"1379026","formEdgeID":null},{"edgeID":"1802826","fromID":"1379021","toID":"1379031","formEdgeID":null},{"edgeID":"1802827","fromID":"1379031","toID":"1379027","formEdgeID":null},{"edgeID":"1802828","fromID":"1379026","toID":"1379032","formEdgeID":null},{"edgeID":"1802829","fromID":"1379032","toID":"1379020","formEdgeID":null},{"edgeID":"1802830","fromID":"1379031","toID":"1379033","formEdgeID":null},{"edgeID":"1802831","fromID":"1379033","toID":"1379032","formEdgeID":null},{"edgeID":"1802832","fromID":"1379036","toID":"1379035","formEdgeID":null},{"edgeID":"1802833","fromID":"1379037","toID":"1379036","formEdgeID":null},{"edgeID":"1802834","fromID":"1379035","toID":"1379038","formEdgeID":null},{"edgeID":"1802835","fromID":"1379038","toID":"1379034","formEdgeID":null},{"edgeID":"1802836","fromID":"1379034","toID":"1379039","formEdgeID":null},{"edgeID":"1802837","fromID":"1379039","toID":"1379020","formEdgeID":null},{"edgeID":"1802838","fromID":"1379021","toID":"1379040","formEdgeID":null},{"edgeID":"1802839","fromID":"1379040","toID":"1379035","formEdgeID":null},{"edgeID":"1802840","fromID":"1379040","toID":"1379041","formEdgeID":null},{"edgeID":"1802841","fromID":"1379041","toID":"1379039","formEdgeID":null},{"edgeID":"1802842","fromID":"1379044","toID":"1379043","formEdgeID":null},{"edgeID":"1802843","fromID":"1379045","toID":"1379044","formEdgeID":null},{"edgeID":"1802844","fromID":"1379043","toID":"1379046","formEdgeID":null},{"edgeID":"1802845","fromID":"1379046","toID":"1379042","formEdgeID":null},{"edgeID":"1802846","fromID":"1379048","toID":"1378982","formEdgeID":null},{"edgeID":"1802847","fromID":"1379049","toID":"1379048","formEdgeID":null},{"edgeID":"1802848","fromID":"1378982","toID":"1379050","formEdgeID":null},{"edgeID":"1802849","fromID":"1379050","toID":"1379047","formEdgeID":null},{"edgeID":"1802850","fromID":"1379043","toID":"1379051","formEdgeID":null},{"edgeID":"1802851","fromID":"1379051","toID":"1378982","formEdgeID":null},{"edgeID":"1802852","fromID":"1379054","toID":"1379053","formEdgeID":null},{"edgeID":"1802853","fromID":"1379055","toID":"1379054","formEdgeID":null},{"edgeID":"1802854","fromID":"1379053","toID":"1379056","formEdgeID":null},{"edgeID":"1802855","fromID":"1379056","toID":"1379052","formEdgeID":null},{"edgeID":"1802856","fromID":"1378982","toID":"1379057","formEdgeID":null},{"edgeID":"1802857","fromID":"1379057","toID":"1379053","formEdgeID":null},{"edgeID":"1802858","fromID":"1379060","toID":"1379059","formEdgeID":null},{"edgeID":"1802859","fromID":"1379061","toID":"1379060","formEdgeID":null},{"edgeID":"1802860","fromID":"1379059","toID":"1379062","formEdgeID":null},{"edgeID":"1802861","fromID":"1379062","toID":"1379058","formEdgeID":null},{"edgeID":"1802862","fromID":"1379053","toID":"1379063","formEdgeID":null},{"edgeID":"1802863","fromID":"1379063","toID":"1379059","formEdgeID":null},{"edgeID":"1802864","fromID":"1379066","toID":"1379065","formEdgeID":null},{"edgeID":"1802865","fromID":"1379067","toID":"1379066","formEdgeID":null},{"edgeID":"1802866","fromID":"1379065","toID":"1379068","formEdgeID":null},{"edgeID":"1802867","fromID":"1379068","toID":"1379064","formEdgeID":null},{"edgeID":"1802868","fromID":"1379059","toID":"1379069","formEdgeID":null},{"edgeID":"1802869","fromID":"1379069","toID":"1379065","formEdgeID":null},{"edgeID":"1802870","fromID":"1379064","toID":"1379070","formEdgeID":null},{"edgeID":"1802871","fromID":"1379070","toID":"1379058","formEdgeID":null},{"edgeID":"1802872","fromID":"1379069","toID":"1379071","formEdgeID":null},{"edgeID":"1802873","fromID":"1379071","toID":"1379070","formEdgeID":null},{"edgeID":"1802874","fromID":"1379074","toID":"1379073","formEdgeID":null},{"edgeID":"1802875","fromID":"1379075","toID":"1379074","formEdgeID":null},{"edgeID":"1802876","fromID":"1379073","toID":"1379076","formEdgeID":null},{"edgeID":"1802877","fromID":"1379076","toID":"1379072","formEdgeID":null},{"edgeID":"1802878","fromID":"1379065","toID":"1379077","formEdgeID":null},{"edgeID":"1802879","fromID":"1379077","toID":"1379073","formEdgeID":null},{"edgeID":"1802880","fromID":"1379080","toID":"1379079","formEdgeID":null},{"edgeID":"1802881","fromID":"1379081","toID":"1379080","formEdgeID":null},{"edgeID":"1802882","fromID":"1379079","toID":"1379082","formEdgeID":null},{"edgeID":"1802883","fromID":"1379082","toID":"1379078","formEdgeID":null},{"edgeID":"1802884","fromID":"1379073","toID":"1379083","formEdgeID":null},{"edgeID":"1802885","fromID":"1379083","toID":"1379079","formEdgeID":null},{"edgeID":"1802886","fromID":"1379078","toID":"1379084","formEdgeID":null},{"edgeID":"1802887","fromID":"1379084","toID":"1379072","formEdgeID":null},{"edgeID":"1802888","fromID":"1379083","toID":"1379085","formEdgeID":null},{"edgeID":"1802889","fromID":"1379085","toID":"1379084","formEdgeID":null},{"edgeID":"1802890","fromID":"1379088","toID":"1379087","formEdgeID":null},{"edgeID":"1802891","fromID":"1379089","toID":"1379088","formEdgeID":null},{"edgeID":"1802892","fromID":"1379087","toID":"1379090","formEdgeID":null},{"edgeID":"1802893","fromID":"1379090","toID":"1379086","formEdgeID":null},{"edgeID":"1802894","fromID":"1379079","toID":"1379091","formEdgeID":null},{"edgeID":"1802895","fromID":"1379091","toID":"1379087","formEdgeID":null},{"edgeID":"1802896","fromID":"1379094","toID":"1379093","formEdgeID":null},{"edgeID":"1802897","fromID":"1379095","toID":"1379094","formEdgeID":null},{"edgeID":"1802898","fromID":"1379087","toID":"1379096","formEdgeID":null},{"edgeID":"1802899","fromID":"1379096","toID":"1379093","formEdgeID":null},{"edgeID":"1802900","fromID":"1379098","toID":"1379097","formEdgeID":null},{"edgeID":"1802901","fromID":"1379099","toID":"1379098","formEdgeID":null},{"edgeID":"1802902","fromID":"1379097","toID":"1379100","formEdgeID":null},{"edgeID":"1802903","fromID":"1379100","toID":"1379092","formEdgeID":null},{"edgeID":"1802904","fromID":"1379093","toID":"1379101","formEdgeID":null},{"edgeID":"1802905","fromID":"1379101","toID":"1379097","formEdgeID":null},{"edgeID":"1802906","fromID":"1379104","toID":"1379103","formEdgeID":null},{"edgeID":"1802907","fromID":"1379105","toID":"1379104","formEdgeID":null},{"edgeID":"1802908","fromID":"1379103","toID":"1379106","formEdgeID":null},{"edgeID":"1802909","fromID":"1379106","toID":"1379102","formEdgeID":null},{"edgeID":"1802910","fromID":"1378997","toID":"1379107","formEdgeID":null},{"edgeID":"1802911","fromID":"1379107","toID":"1379103","formEdgeID":null},{"edgeID":"1802912","fromID":"1379110","toID":"1379109","formEdgeID":null},{"edgeID":"1802913","fromID":"1379111","toID":"1379110","formEdgeID":null},{"edgeID":"1802914","fromID":"1379109","toID":"1379112","formEdgeID":null},{"edgeID":"1802915","fromID":"1379112","toID":"1379108","formEdgeID":null},{"edgeID":"1802916","fromID":"1379103","toID":"1379113","formEdgeID":null},{"edgeID":"1802917","fromID":"1379113","toID":"1379109","formEdgeID":null},{"edgeID":"1802918","fromID":"1379108","toID":"1379114","formEdgeID":null},{"edgeID":"1802919","fromID":"1379114","toID":"1379102","formEdgeID":null},{"edgeID":"1802920","fromID":"1379113","toID":"1379115","formEdgeID":null},{"edgeID":"1802921","fromID":"1379115","toID":"1379114","formEdgeID":null},{"edgeID":"1802922","fromID":"1379109","toID":"1379116","formEdgeID":null},{"edgeID":"1802923","fromID":"1379116","toID":"1379005","formEdgeID":null},{"edgeID":"1802924","fromID":"1379042","toID":"1379117","formEdgeID":null},{"edgeID":"1802925","fromID":"1379117","toID":"1379020","formEdgeID":null},{"edgeID":"1802926","fromID":"1379021","toID":"1379118","formEdgeID":null},{"edgeID":"1802927","fromID":"1379118","toID":"1379043","formEdgeID":null},{"edgeID":"1802928","fromID":"1379118","toID":"1379119","formEdgeID":null},{"edgeID":"1802929","fromID":"1379119","toID":"1379117","formEdgeID":null}],"locutions":[]}