{"nodes":[{"nodeID":"1379881","text":"Labour's five missions are admirable","type":"I","timestamp":"2023-11-09 14:53:23"},{"nodeID":"1379882","text":"Rakie Ayola: it\u2019s admirable","type":"L","timestamp":"2023-11-09 14:53:23"},{"nodeID":"1379883","text":"Analysing","type":"YA","timestamp":"2023-11-09 14:53:23"},{"nodeID":"1379884","text":"Anon: Rakie Ayola: it\u2019s admirable","type":"L","timestamp":"2023-11-09 14:53:23"},{"nodeID":"1379885","text":"Asserting","type":"YA","timestamp":"2023-11-09 14:53:23"},{"nodeID":"1379886","text":"Keir Starmer didn\u2019t say anything that Rakie Ayola doesn't agree with in terms of ambition and a mission","type":"I","timestamp":"2023-11-09 14:53:24"},{"nodeID":"1379887","text":"Rakie Ayola: he didn\u2019t say anything that I don\u2019t agree with in terms of ambition and a mission","type":"L","timestamp":"2023-11-09 14:53:24"},{"nodeID":"1379888","text":"Analysing","type":"YA","timestamp":"2023-11-09 14:53:24"},{"nodeID":"1379889","text":"Anon: Rakie Ayola: he didn\u2019t say anything that I don\u2019t agree with in terms of ambition and a mission","type":"L","timestamp":"2023-11-09 14:53:24"},{"nodeID":"1379890","text":"Asserting","type":"YA","timestamp":"2023-11-09 14:53:24"},{"nodeID":"1379891","text":"Default Transition","type":"TA","timestamp":"2023-11-09 14:53:24"},{"nodeID":"1379892","text":"talking about these missions is a bit like waking up every day and thinking, right, today is the day that I run that far and vacuum the house from top to bottom and do X and Y and Z \u2013 and three hours later you're still in bed, or something else has come in that\u2019s knocked you off course","type":"I","timestamp":"2023-11-09 14:53:25"},{"nodeID":"1379893","text":"Rakie Ayola: a bit like me waking up every day and thinking, right, today is the day that I run that far and vacuum the house from top to bottom and do X and Y and Z \u2013 and three hours later I\u2019m still in bed, or something else has come in that\u2019s knocked me off course","type":"L","timestamp":"2023-11-09 14:53:25"},{"nodeID":"1379894","text":"Analysing","type":"YA","timestamp":"2023-11-09 14:53:25"},{"nodeID":"1379895","text":"Anon: Rakie Ayola: a bit like me waking up every day and thinking, right, today is the day that I run that far and vacuum the house from top to bottom and do X and Y and Z \u2013 and three hours later I\u2019m still in bed, or something else has come in that\u2019s knocked me off course","type":"L","timestamp":"2023-11-09 14:53:25"},{"nodeID":"1379896","text":"Asserting","type":"YA","timestamp":"2023-11-09 14:53:25"},{"nodeID":"1379897","text":"Default Transition","type":"TA","timestamp":"2023-11-09 14:53:25"},{"nodeID":"1379898","text":"Rakie Ayola never understands how these missions can happen in real time in the real world","type":"I","timestamp":"2023-11-09 14:53:25"},{"nodeID":"1379899","text":"Rakie Ayola: I never understand how these missions can happen in real time in the real world","type":"L","timestamp":"2023-11-09 14:53:25"},{"nodeID":"1379900","text":"Analysing","type":"YA","timestamp":"2023-11-09 14:53:25"},{"nodeID":"1379901","text":"Anon: Rakie Ayola: I never understand how these missions can happen in real time in the real world","type":"L","timestamp":"2023-11-09 14:53:25"},{"nodeID":"1379902","text":"Asserting","type":"YA","timestamp":"2023-11-09 14:53:25"},{"nodeID":"1379903","text":"the things other people have mentioned \u2013 other things happen","type":"I","timestamp":"2023-11-09 14:53:26"},{"nodeID":"1379904","text":"Rakie Ayola: the things other people have mentioned \u2013 because other things happen","type":"L","timestamp":"2023-11-09 14:53:26"},{"nodeID":"1379905","text":"Analysing","type":"YA","timestamp":"2023-11-09 14:53:26"},{"nodeID":"1379906","text":"Anon: Rakie Ayola: the things other people have mentioned \u2013 because other things happen","type":"L","timestamp":"2023-11-09 14:53:26"},{"nodeID":"1379907","text":"Asserting","type":"YA","timestamp":"2023-11-09 14:53:26"},{"nodeID":"1379908","text":"Default Inference","type":"RA","timestamp":"2023-11-09 14:53:26"},{"nodeID":"1379909","text":"Default Transition","type":"TA","timestamp":"2023-11-09 14:53:26"},{"nodeID":"1379910","text":"Arguing","type":"YA","timestamp":"2023-11-09 14:53:26"},{"nodeID":"1379911","text":"it\u2019s great to have ambition","type":"I","timestamp":"2023-11-09 14:53:26"},{"nodeID":"1379912","text":"Rakie Ayola: it\u2019s great to have ambition","type":"L","timestamp":"2023-11-09 14:53:26"},{"nodeID":"1379913","text":"Analysing","type":"YA","timestamp":"2023-11-09 14:53:26"},{"nodeID":"1379914","text":"Anon: Rakie Ayola: it\u2019s great to have ambition","type":"L","timestamp":"2023-11-09 14:53:26"},{"nodeID":"1379915","text":"Asserting","type":"YA","timestamp":"2023-11-09 14:53:26"},{"nodeID":"1379916","text":"we all should have ambition","type":"I","timestamp":"2023-11-09 14:53:27"},{"nodeID":"1379917","text":"Rakie Ayola: we all should","type":"L","timestamp":"2023-11-09 14:53:27"},{"nodeID":"1379918","text":"Analysing","type":"YA","timestamp":"2023-11-09 14:53:27"},{"nodeID":"1379919","text":"Anon: Rakie Ayola: we all should","type":"L","timestamp":"2023-11-09 14:53:27"},{"nodeID":"1379920","text":"Asserting","type":"YA","timestamp":"2023-11-09 14:53:27"},{"nodeID":"1379921","text":"in reality you have to bear in mind that there are factors that will be coming at these missions from every direction","type":"I","timestamp":"2023-11-09 14:53:28"},{"nodeID":"1379922","text":"Rakie Ayola: in reality you have to bear in mind that there are factors that will be coming at these missions from every direction","type":"L","timestamp":"2023-11-09 14:53:28"},{"nodeID":"1379923","text":"Analysing","type":"YA","timestamp":"2023-11-09 14:53:28"},{"nodeID":"1379924","text":"Anon: Rakie Ayola: in reality you have to bear in mind that there are factors that will be coming at these missions from every direction","type":"L","timestamp":"2023-11-09 14:53:28"},{"nodeID":"1379925","text":"Asserting","type":"YA","timestamp":"2023-11-09 14:53:28"},{"nodeID":"1379926","text":"Default Rephrase","type":"MA","timestamp":"2023-11-09 14:53:28"},{"nodeID":"1379927","text":"Default Transition","type":"TA","timestamp":"2023-11-09 14:53:28"},{"nodeID":"1379928","text":"Restating","type":"YA","timestamp":"2023-11-09 14:53:28"},{"nodeID":"1379929","text":"Default Rephrase","type":"MA","timestamp":"2023-11-09 14:53:28"},{"nodeID":"1379930","text":"Default Transition","type":"TA","timestamp":"2023-11-09 14:53:28"},{"nodeID":"1379931","text":"Restating","type":"YA","timestamp":"2023-11-09 14:53:28"},{"nodeID":"1379932","text":"Default Rephrase","type":"MA","timestamp":"2023-11-09 14:53:28"},{"nodeID":"1379933","text":"Default Transition","type":"TA","timestamp":"2023-11-09 14:53:28"},{"nodeID":"1379934","text":"Restating","type":"YA","timestamp":"2023-11-09 14:53:28"},{"nodeID":"1379935","text":"Default Rephrase","type":"MA","timestamp":"2023-11-09 14:53:28"},{"nodeID":"1379936","text":"Default Transition","type":"TA","timestamp":"2023-11-09 14:53:28"},{"nodeID":"1379937","text":"Restating","type":"YA","timestamp":"2023-11-09 14:53:28"},{"nodeID":"1379938","text":"Thangam Debbonaire: Yes there will","type":"L","timestamp":"2023-11-09 14:53:28"},{"nodeID":"1379939","text":"Analysing","type":"YA","timestamp":"2023-11-09 14:53:28"},{"nodeID":"1379940","text":"Anon: Thangam Debbonaire: Yes there will","type":"L","timestamp":"2023-11-09 14:53:28"},{"nodeID":"1379941","text":"there will be factors coming at us from all directions","type":"I","timestamp":"2023-11-09 14:53:28"},{"nodeID":"1379942","text":"Thangam Debbonaire: there will be factors coming at us from all directions","type":"L","timestamp":"2023-11-09 14:53:28"},{"nodeID":"1379943","text":"Analysing","type":"YA","timestamp":"2023-11-09 14:53:28"},{"nodeID":"1379944","text":"Anon: Thangam Debbonaire: there will be factors coming at us from all directions","type":"L","timestamp":"2023-11-09 14:53:28"},{"nodeID":"1379945","text":"Asserting","type":"YA","timestamp":"2023-11-09 14:53:28"},{"nodeID":"1379946","text":"it\u2019s important that Keir Starmer has set out a clear sense of mission","type":"I","timestamp":"2023-11-09 14:53:29"},{"nodeID":"1379947","text":"Thangam Debbonaire: it\u2019s important that Kier has set out a clear sense of mission","type":"L","timestamp":"2023-11-09 14:53:29"},{"nodeID":"1379948","text":"Analysing","type":"YA","timestamp":"2023-11-09 14:53:29"},{"nodeID":"1379949","text":"Anon: Thangam Debbonaire: it\u2019s important that Kier has set out a clear sense of mission","type":"L","timestamp":"2023-11-09 14:53:29"},{"nodeID":"1379950","text":"Asserting","type":"YA","timestamp":"2023-11-09 14:53:29"},{"nodeID":"1379951","text":"politicians have to have a direction","type":"I","timestamp":"2023-11-09 14:53:30"},{"nodeID":"1379952","text":"Thangam Debbonaire: politicians have to have a direction","type":"L","timestamp":"2023-11-09 14:53:30"},{"nodeID":"1379953","text":"Analysing","type":"YA","timestamp":"2023-11-09 14:53:30"},{"nodeID":"1379954","text":"Anon: Thangam Debbonaire: politicians have to have a direction","type":"L","timestamp":"2023-11-09 14:53:30"},{"nodeID":"1379955","text":"Asserting","type":"YA","timestamp":"2023-11-09 14:53:30"},{"nodeID":"1379956","text":"Default Transition","type":"TA","timestamp":"2023-11-09 14:53:30"},{"nodeID":"1379957","text":"Agreeing","type":"YA","timestamp":"2023-11-09 14:53:30"},{"nodeID":"1379958","text":"Default Rephrase","type":"MA","timestamp":"2023-11-09 14:53:30"},{"nodeID":"1379959","text":"Default Transition","type":"TA","timestamp":"2023-11-09 14:53:30"},{"nodeID":"1379960","text":"Restating","type":"YA","timestamp":"2023-11-09 14:53:30"},{"nodeID":"1379961","text":"Default Inference","type":"RA","timestamp":"2023-11-09 14:53:30"},{"nodeID":"1379962","text":"Default Transition","type":"TA","timestamp":"2023-11-09 14:53:30"},{"nodeID":"1379963","text":"Arguing","type":"YA","timestamp":"2023-11-09 14:53:30"},{"nodeID":"1379964","text":"Default Inference","type":"RA","timestamp":"2023-11-09 14:53:30"},{"nodeID":"1379965","text":"Default Transition","type":"TA","timestamp":"2023-11-09 14:53:30"},{"nodeID":"1379966","text":"Arguing","type":"YA","timestamp":"2023-11-09 14:53:30"},{"nodeID":"1379967","text":"at the moment we have a government that\u2019s swayed off course ten times in one day","type":"I","timestamp":"2023-11-09 14:53:30"},{"nodeID":"1379968","text":"Thangam Debbonaire: At the moment we have a government that\u2019s swayed off course ten times in one day","type":"L","timestamp":"2023-11-09 14:53:30"},{"nodeID":"1379969","text":"Analysing","type":"YA","timestamp":"2023-11-09 14:53:30"},{"nodeID":"1379970","text":"Anon: Thangam Debbonaire: At the moment we have a government that\u2019s swayed off course ten times in one day","type":"L","timestamp":"2023-11-09 14:53:30"},{"nodeID":"1379971","text":"Asserting","type":"YA","timestamp":"2023-11-09 14:53:30"},{"nodeID":"1379972","text":"we need to know that we are heading in this particular direction","type":"I","timestamp":"2023-11-09 14:53:31"},{"nodeID":"1379973","text":"Thangam Debbonaire: we need to know that we are heading in this particular direction","type":"L","timestamp":"2023-11-09 14:53:31"},{"nodeID":"1379974","text":"Analysing","type":"YA","timestamp":"2023-11-09 14:53:31"},{"nodeID":"1379975","text":"Anon: Thangam Debbonaire: we need to know that we are heading in this particular direction","type":"L","timestamp":"2023-11-09 14:53:31"},{"nodeID":"1379976","text":"Asserting","type":"YA","timestamp":"2023-11-09 14:53:31"},{"nodeID":"1379977","text":"head winds will buffet the ship","type":"I","timestamp":"2023-11-09 14:53:32"},{"nodeID":"1379978","text":"Thangam Debbonaire: head winds will buffet the ship","type":"L","timestamp":"2023-11-09 14:53:32"},{"nodeID":"1379979","text":"Analysing","type":"YA","timestamp":"2023-11-09 14:53:32"},{"nodeID":"1379980","text":"Anon: Thangam Debbonaire: head winds will buffet the ship","type":"L","timestamp":"2023-11-09 14:53:32"},{"nodeID":"1379981","text":"Asserting","type":"YA","timestamp":"2023-11-09 14:53:32"},{"nodeID":"1379982","text":"we need to know which way we\u2019re pointing","type":"I","timestamp":"2023-11-09 14:53:32"},{"nodeID":"1379983","text":"Thangam Debbonaire: we need to know which way we\u2019re pointing","type":"L","timestamp":"2023-11-09 14:53:32"},{"nodeID":"1379984","text":"Analysing","type":"YA","timestamp":"2023-11-09 14:53:32"},{"nodeID":"1379985","text":"Anon: Thangam Debbonaire: we need to know which way we\u2019re pointing","type":"L","timestamp":"2023-11-09 14:53:32"},{"nodeID":"1379986","text":"Asserting","type":"YA","timestamp":"2023-11-09 14:53:32"},{"nodeID":"1379987","text":"Keir Starmer has headed us in a particular direction today","type":"I","timestamp":"2023-11-09 14:53:33"},{"nodeID":"1379988","text":"Thangam Debbonaire: that\u2019s what Kier has done today","type":"L","timestamp":"2023-11-09 14:53:33"},{"nodeID":"1379989","text":"Analysing","type":"YA","timestamp":"2023-11-09 14:53:33"},{"nodeID":"1379990","text":"Anon: Thangam Debbonaire: that\u2019s what Kier has done today","type":"L","timestamp":"2023-11-09 14:53:33"},{"nodeID":"1379991","text":"Asserting","type":"YA","timestamp":"2023-11-09 14:53:33"},{"nodeID":"1379992","text":"Default Conflict","type":"CA","timestamp":"2023-11-09 14:53:33"},{"nodeID":"1379993","text":"Default Transition","type":"TA","timestamp":"2023-11-09 14:53:33"},{"nodeID":"1379994","text":"Disagreeing","type":"YA","timestamp":"2023-11-09 14:53:33"},{"nodeID":"1379995","text":"Default Transition","type":"TA","timestamp":"2023-11-09 14:53:33"},{"nodeID":"1379996","text":"Default Transition","type":"TA","timestamp":"2023-11-09 14:53:33"},{"nodeID":"1379997","text":"Default Inference","type":"RA","timestamp":"2023-11-09 14:53:33"},{"nodeID":"1379998","text":"Default Inference","type":"RA","timestamp":"2023-11-09 14:53:33"},{"nodeID":"1379999","text":"Default Transition","type":"TA","timestamp":"2023-11-09 14:53:33"},{"nodeID":"1380000","text":"Arguing","type":"YA","timestamp":"2023-11-09 14:53:33"},{"nodeID":"1380001","text":"Default Transition","type":"TA","timestamp":"2023-11-09 14:53:33"},{"nodeID":"1380002","text":"Default Conflict","type":"CA","timestamp":"2023-11-09 14:53:33"},{"nodeID":"1380003","text":"Default Transition","type":"TA","timestamp":"2023-11-09 14:53:33"},{"nodeID":"1380004","text":"Disagreeing","type":"YA","timestamp":"2023-11-09 14:53:33"}],"edges":[{"edgeID":"1803823","fromID":"1379883","toID":"1379882","formEdgeID":null},{"edgeID":"1803824","fromID":"1379884","toID":"1379883","formEdgeID":null},{"edgeID":"1803825","fromID":"1379882","toID":"1379885","formEdgeID":null},{"edgeID":"1803826","fromID":"1379885","toID":"1379881","formEdgeID":null},{"edgeID":"1803827","fromID":"1379888","toID":"1379887","formEdgeID":null},{"edgeID":"1803828","fromID":"1379889","toID":"1379888","formEdgeID":null},{"edgeID":"1803829","fromID":"1379887","toID":"1379890","formEdgeID":null},{"edgeID":"1803830","fromID":"1379890","toID":"1379886","formEdgeID":null},{"edgeID":"1803831","fromID":"1379882","toID":"1379891","formEdgeID":null},{"edgeID":"1803832","fromID":"1379891","toID":"1379887","formEdgeID":null},{"edgeID":"1803833","fromID":"1379894","toID":"1379893","formEdgeID":null},{"edgeID":"1803834","fromID":"1379895","toID":"1379894","formEdgeID":null},{"edgeID":"1803835","fromID":"1379893","toID":"1379896","formEdgeID":null},{"edgeID":"1803836","fromID":"1379896","toID":"1379892","formEdgeID":null},{"edgeID":"1803837","fromID":"1379887","toID":"1379897","formEdgeID":null},{"edgeID":"1803838","fromID":"1379897","toID":"1379893","formEdgeID":null},{"edgeID":"1803839","fromID":"1379900","toID":"1379899","formEdgeID":null},{"edgeID":"1803840","fromID":"1379901","toID":"1379900","formEdgeID":null},{"edgeID":"1803841","fromID":"1379899","toID":"1379902","formEdgeID":null},{"edgeID":"1803842","fromID":"1379902","toID":"1379898","formEdgeID":null},{"edgeID":"1803843","fromID":"1379905","toID":"1379904","formEdgeID":null},{"edgeID":"1803844","fromID":"1379906","toID":"1379905","formEdgeID":null},{"edgeID":"1803845","fromID":"1379904","toID":"1379907","formEdgeID":null},{"edgeID":"1803846","fromID":"1379907","toID":"1379903","formEdgeID":null},{"edgeID":"1803847","fromID":"1379903","toID":"1379908","formEdgeID":null},{"edgeID":"1803848","fromID":"1379908","toID":"1379898","formEdgeID":null},{"edgeID":"1803849","fromID":"1379899","toID":"1379909","formEdgeID":null},{"edgeID":"1803850","fromID":"1379909","toID":"1379904","formEdgeID":null},{"edgeID":"1803851","fromID":"1379909","toID":"1379910","formEdgeID":null},{"edgeID":"1803852","fromID":"1379910","toID":"1379908","formEdgeID":null},{"edgeID":"1803853","fromID":"1379913","toID":"1379912","formEdgeID":null},{"edgeID":"1803854","fromID":"1379914","toID":"1379913","formEdgeID":null},{"edgeID":"1803855","fromID":"1379912","toID":"1379915","formEdgeID":null},{"edgeID":"1803856","fromID":"1379915","toID":"1379911","formEdgeID":null},{"edgeID":"1803857","fromID":"1379918","toID":"1379917","formEdgeID":null},{"edgeID":"1803858","fromID":"1379919","toID":"1379918","formEdgeID":null},{"edgeID":"1803859","fromID":"1379917","toID":"1379920","formEdgeID":null},{"edgeID":"1803860","fromID":"1379920","toID":"1379916","formEdgeID":null},{"edgeID":"1803861","fromID":"1379923","toID":"1379922","formEdgeID":null},{"edgeID":"1803862","fromID":"1379924","toID":"1379923","formEdgeID":null},{"edgeID":"1803863","fromID":"1379922","toID":"1379925","formEdgeID":null},{"edgeID":"1803864","fromID":"1379925","toID":"1379921","formEdgeID":null},{"edgeID":"1803865","fromID":"1379916","toID":"1379926","formEdgeID":null},{"edgeID":"1803866","fromID":"1379926","toID":"1379911","formEdgeID":null},{"edgeID":"1803867","fromID":"1379912","toID":"1379927","formEdgeID":null},{"edgeID":"1803868","fromID":"1379927","toID":"1379917","formEdgeID":null},{"edgeID":"1803869","fromID":"1379927","toID":"1379928","formEdgeID":null},{"edgeID":"1803870","fromID":"1379928","toID":"1379926","formEdgeID":null},{"edgeID":"1803871","fromID":"1379911","toID":"1379929","formEdgeID":null},{"edgeID":"1803872","fromID":"1379929","toID":"1379881","formEdgeID":null},{"edgeID":"1803873","fromID":"1379882","toID":"1379930","formEdgeID":null},{"edgeID":"1803874","fromID":"1379930","toID":"1379912","formEdgeID":null},{"edgeID":"1803875","fromID":"1379930","toID":"1379931","formEdgeID":null},{"edgeID":"1803876","fromID":"1379931","toID":"1379929","formEdgeID":null},{"edgeID":"1803877","fromID":"1379903","toID":"1379932","formEdgeID":null},{"edgeID":"1803878","fromID":"1379932","toID":"1379892","formEdgeID":null},{"edgeID":"1803879","fromID":"1379893","toID":"1379933","formEdgeID":null},{"edgeID":"1803880","fromID":"1379933","toID":"1379904","formEdgeID":null},{"edgeID":"1803881","fromID":"1379933","toID":"1379934","formEdgeID":null},{"edgeID":"1803882","fromID":"1379934","toID":"1379932","formEdgeID":null},{"edgeID":"1803883","fromID":"1379921","toID":"1379935","formEdgeID":null},{"edgeID":"1803884","fromID":"1379935","toID":"1379903","formEdgeID":null},{"edgeID":"1803885","fromID":"1379904","toID":"1379936","formEdgeID":null},{"edgeID":"1803886","fromID":"1379936","toID":"1379922","formEdgeID":null},{"edgeID":"1803887","fromID":"1379936","toID":"1379937","formEdgeID":null},{"edgeID":"1803888","fromID":"1379937","toID":"1379935","formEdgeID":null},{"edgeID":"1803889","fromID":"1379939","toID":"1379938","formEdgeID":null},{"edgeID":"1803890","fromID":"1379940","toID":"1379939","formEdgeID":null},{"edgeID":"1803891","fromID":"1379943","toID":"1379942","formEdgeID":null},{"edgeID":"1803892","fromID":"1379944","toID":"1379943","formEdgeID":null},{"edgeID":"1803893","fromID":"1379942","toID":"1379945","formEdgeID":null},{"edgeID":"1803894","fromID":"1379945","toID":"1379941","formEdgeID":null},{"edgeID":"1803895","fromID":"1379948","toID":"1379947","formEdgeID":null},{"edgeID":"1803896","fromID":"1379949","toID":"1379948","formEdgeID":null},{"edgeID":"1803897","fromID":"1379947","toID":"1379950","formEdgeID":null},{"edgeID":"1803898","fromID":"1379950","toID":"1379946","formEdgeID":null},{"edgeID":"1803899","fromID":"1379953","toID":"1379952","formEdgeID":null},{"edgeID":"1803900","fromID":"1379954","toID":"1379953","formEdgeID":null},{"edgeID":"1803901","fromID":"1379952","toID":"1379955","formEdgeID":null},{"edgeID":"1803902","fromID":"1379955","toID":"1379951","formEdgeID":null},{"edgeID":"1803903","fromID":"1379922","toID":"1379956","formEdgeID":null},{"edgeID":"1803904","fromID":"1379956","toID":"1379938","formEdgeID":null},{"edgeID":"1803905","fromID":"1379956","toID":"1379957","formEdgeID":null},{"edgeID":"1803906","fromID":"1379957","toID":"1379921","formEdgeID":null},{"edgeID":"1803907","fromID":"1379941","toID":"1379958","formEdgeID":null},{"edgeID":"1803908","fromID":"1379958","toID":"1379921","formEdgeID":null},{"edgeID":"1803909","fromID":"1379922","toID":"1379959","formEdgeID":null},{"edgeID":"1803910","fromID":"1379959","toID":"1379942","formEdgeID":null},{"edgeID":"1803911","fromID":"1379959","toID":"1379960","formEdgeID":null},{"edgeID":"1803912","fromID":"1379960","toID":"1379958","formEdgeID":null},{"edgeID":"1803913","fromID":"1379941","toID":"1379961","formEdgeID":null},{"edgeID":"1803914","fromID":"1379961","toID":"1379946","formEdgeID":null},{"edgeID":"1803915","fromID":"1379942","toID":"1379962","formEdgeID":null},{"edgeID":"1803916","fromID":"1379962","toID":"1379947","formEdgeID":null},{"edgeID":"1803917","fromID":"1379962","toID":"1379963","formEdgeID":null},{"edgeID":"1803918","fromID":"1379963","toID":"1379961","formEdgeID":null},{"edgeID":"1803919","fromID":"1379951","toID":"1379964","formEdgeID":null},{"edgeID":"1803920","fromID":"1379964","toID":"1379946","formEdgeID":null},{"edgeID":"1803921","fromID":"1379947","toID":"1379965","formEdgeID":null},{"edgeID":"1803922","fromID":"1379965","toID":"1379952","formEdgeID":null},{"edgeID":"1803923","fromID":"1379965","toID":"1379966","formEdgeID":null},{"edgeID":"1803924","fromID":"1379966","toID":"1379964","formEdgeID":null},{"edgeID":"1803925","fromID":"1379969","toID":"1379968","formEdgeID":null},{"edgeID":"1803926","fromID":"1379970","toID":"1379969","formEdgeID":null},{"edgeID":"1803927","fromID":"1379968","toID":"1379971","formEdgeID":null},{"edgeID":"1803928","fromID":"1379971","toID":"1379967","formEdgeID":null},{"edgeID":"1803929","fromID":"1379974","toID":"1379973","formEdgeID":null},{"edgeID":"1803930","fromID":"1379975","toID":"1379974","formEdgeID":null},{"edgeID":"1803931","fromID":"1379973","toID":"1379976","formEdgeID":null},{"edgeID":"1803932","fromID":"1379976","toID":"1379972","formEdgeID":null},{"edgeID":"1803933","fromID":"1379979","toID":"1379978","formEdgeID":null},{"edgeID":"1803934","fromID":"1379980","toID":"1379979","formEdgeID":null},{"edgeID":"1803935","fromID":"1379978","toID":"1379981","formEdgeID":null},{"edgeID":"1803936","fromID":"1379981","toID":"1379977","formEdgeID":null},{"edgeID":"1803937","fromID":"1379984","toID":"1379983","formEdgeID":null},{"edgeID":"1803938","fromID":"1379985","toID":"1379984","formEdgeID":null},{"edgeID":"1803939","fromID":"1379983","toID":"1379986","formEdgeID":null},{"edgeID":"1803940","fromID":"1379986","toID":"1379982","formEdgeID":null},{"edgeID":"1803941","fromID":"1379989","toID":"1379988","formEdgeID":null},{"edgeID":"1803942","fromID":"1379990","toID":"1379989","formEdgeID":null},{"edgeID":"1803943","fromID":"1379988","toID":"1379991","formEdgeID":null},{"edgeID":"1803944","fromID":"1379991","toID":"1379987","formEdgeID":null},{"edgeID":"1803945","fromID":"1379967","toID":"1379992","formEdgeID":null},{"edgeID":"1803946","fromID":"1379992","toID":"1379951","formEdgeID":null},{"edgeID":"1803947","fromID":"1379952","toID":"1379993","formEdgeID":null},{"edgeID":"1803948","fromID":"1379993","toID":"1379968","formEdgeID":null},{"edgeID":"1803949","fromID":"1379993","toID":"1379994","formEdgeID":null},{"edgeID":"1803950","fromID":"1379994","toID":"1379992","formEdgeID":null},{"edgeID":"1803951","fromID":"1379968","toID":"1379995","formEdgeID":null},{"edgeID":"1803952","fromID":"1379995","toID":"1379973","formEdgeID":null},{"edgeID":"1803953","fromID":"1379973","toID":"1379996","formEdgeID":null},{"edgeID":"1803954","fromID":"1379996","toID":"1379978","formEdgeID":null},{"edgeID":"1803955","fromID":"1379977","toID":"1379997","formEdgeID":null},{"edgeID":"1803956","fromID":"1379997","toID":"1379972","formEdgeID":null},{"edgeID":"1803957","fromID":"1379977","toID":"1379998","formEdgeID":null},{"edgeID":"1803958","fromID":"1379998","toID":"1379982","formEdgeID":null},{"edgeID":"1803959","fromID":"1379978","toID":"1379999","formEdgeID":null},{"edgeID":"1803960","fromID":"1379999","toID":"1379983","formEdgeID":null},{"edgeID":"1803961","fromID":"1379999","toID":"1380000","formEdgeID":null},{"edgeID":"1803962","fromID":"1380000","toID":"1379998","formEdgeID":null},{"edgeID":"1803963","fromID":"1379983","toID":"1380001","formEdgeID":null},{"edgeID":"1803964","fromID":"1380001","toID":"1379988","formEdgeID":null},{"edgeID":"1803965","fromID":"1379898","toID":"1380002","formEdgeID":null},{"edgeID":"1803966","fromID":"1380002","toID":"1379886","formEdgeID":null},{"edgeID":"1803967","fromID":"1379887","toID":"1380003","formEdgeID":null},{"edgeID":"1803968","fromID":"1380003","toID":"1379899","formEdgeID":null},{"edgeID":"1803969","fromID":"1380003","toID":"1380004","formEdgeID":null},{"edgeID":"1803970","fromID":"1380004","toID":"1380002","formEdgeID":null}],"locutions":[]}