{"nodes":[{"nodeID":"1379628","text":"what we\u2019ve got right now is a lot of language that obviously no-one would disagree with","type":"I","timestamp":"2023-11-09 14:53:01"},{"nodeID":"1379629","text":"Anita Boateng: what we\u2019ve got right now is a lot of language that obviously no-one would disagree with","type":"L","timestamp":"2023-11-09 14:53:01"},{"nodeID":"1379630","text":"Analysing","type":"YA","timestamp":"2023-11-09 14:53:01"},{"nodeID":"1379631","text":"Louise: Anita Boateng: what we\u2019ve got right now is a lot of language that obviously no-one would disagree with","type":"L","timestamp":"2023-11-09 14:53:01"},{"nodeID":"1379632","text":"Asserting","type":"YA","timestamp":"2023-11-09 14:53:01"},{"nodeID":"1379633","text":"what we don\u2019t have is a real tangible plan","type":"I","timestamp":"2023-11-09 14:53:02"},{"nodeID":"1379634","text":"Anita Boateng: what we don\u2019t have is a real tangible plan","type":"L","timestamp":"2023-11-09 14:53:02"},{"nodeID":"1379635","text":"Analysing","type":"YA","timestamp":"2023-11-09 14:53:02"},{"nodeID":"1379636","text":"Louise: Anita Boateng: what we don\u2019t have is a real tangible plan","type":"L","timestamp":"2023-11-09 14:53:02"},{"nodeID":"1379637","text":"Asserting","type":"YA","timestamp":"2023-11-09 14:53:02"},{"nodeID":"1379638","text":"everyone in this room wants growth","type":"I","timestamp":"2023-11-09 14:53:02"},{"nodeID":"1379639","text":"Anita Boateng: Everyone in this room wants growth","type":"L","timestamp":"2023-11-09 14:53:02"},{"nodeID":"1379640","text":"Analysing","type":"YA","timestamp":"2023-11-09 14:53:02"},{"nodeID":"1379641","text":"Louise: Anita Boateng: Everyone in this room wants growth","type":"L","timestamp":"2023-11-09 14:53:02"},{"nodeID":"1379642","text":"Asserting","type":"YA","timestamp":"2023-11-09 14:53:02"},{"nodeID":"1379643","text":"Default Conflict","type":"CA","timestamp":"2023-11-09 14:53:02"},{"nodeID":"1379644","text":"Default Transition","type":"TA","timestamp":"2023-11-09 14:53:02"},{"nodeID":"1379645","text":"Disagreeing","type":"YA","timestamp":"2023-11-09 14:53:02"},{"nodeID":"1379646","text":"Default Transition","type":"TA","timestamp":"2023-11-09 14:53:02"},{"nodeID":"1379647","text":"what we haven\u2019t seen is some of the tough choices","type":"I","timestamp":"2023-11-09 14:53:03"},{"nodeID":"1379648","text":"Anita Boateng: what we haven\u2019t seen is some of the tough choices","type":"L","timestamp":"2023-11-09 14:53:03"},{"nodeID":"1379649","text":"Analysing","type":"YA","timestamp":"2023-11-09 14:53:03"},{"nodeID":"1379650","text":"Louise: Anita Boateng: what we haven\u2019t seen is some of the tough choices","type":"L","timestamp":"2023-11-09 14:53:03"},{"nodeID":"1379651","text":"Asserting","type":"YA","timestamp":"2023-11-09 14:53:03"},{"nodeID":"1379652","text":"we haven't seen a real acknowledgment that there are going to need to be tough choices to deliver the kinds of growth that we really need in this country","type":"I","timestamp":"2023-11-09 14:53:04"},{"nodeID":"1379653","text":"Anita Boateng: a real acknowledgment that there are going to need to be tough choices to deliver the kinds of growth that we really need in this country","type":"L","timestamp":"2023-11-09 14:53:04"},{"nodeID":"1379654","text":"Analysing","type":"YA","timestamp":"2023-11-09 14:53:04"},{"nodeID":"1379655","text":"Louise: Anita Boateng: a real acknowledgment that there are going to need to be tough choices to deliver the kinds of growth that we really need in this country","type":"L","timestamp":"2023-11-09 14:53:04"},{"nodeID":"1379656","text":"Asserting","type":"YA","timestamp":"2023-11-09 14:53:04"},{"nodeID":"1379657","text":"Default Rephrase","type":"MA","timestamp":"2023-11-09 14:53:04"},{"nodeID":"1379658","text":"Default Transition","type":"TA","timestamp":"2023-11-09 14:53:04"},{"nodeID":"1379659","text":"Restating","type":"YA","timestamp":"2023-11-09 14:53:04"},{"nodeID":"1379660","text":"Default Transition","type":"TA","timestamp":"2023-11-09 14:53:04"},{"nodeID":"1379661","text":"please don\u2019t over-promise and under-deliver, and be realistic","type":"I","timestamp":"2023-11-09 14:53:04"},{"nodeID":"1379662","text":"AudienceMember 20230330QT14: Please don\u2019t over-promise and under-deliver, and be realistic","type":"L","timestamp":"2023-11-09 14:53:04"},{"nodeID":"1379663","text":"Analysing","type":"YA","timestamp":"2023-11-09 14:53:04"},{"nodeID":"1379664","text":"Louise: AudienceMember 20230330QT14: Please don\u2019t over-promise and under-deliver, and be realistic","type":"L","timestamp":"2023-11-09 14:53:04"},{"nodeID":"1379665","text":"Thangam Debbonaire: Absolutely, I agree","type":"L","timestamp":"2023-11-09 14:53:04"},{"nodeID":"1379666","text":"Analysing","type":"YA","timestamp":"2023-11-09 14:53:04"},{"nodeID":"1379667","text":"Louise: Thangam Debbonaire: Absolutely, I agree","type":"L","timestamp":"2023-11-09 14:53:04"},{"nodeID":"1379668","text":"Asserting","type":"YA","timestamp":"2023-11-09 14:53:04"},{"nodeID":"1379669","text":"Default Transition","type":"TA","timestamp":"2023-11-09 14:53:04"},{"nodeID":"1379670","text":"Default Inference","type":"RA","timestamp":"2023-11-09 14:53:04"},{"nodeID":"1379671","text":"Default Transition","type":"TA","timestamp":"2023-11-09 14:53:04"},{"nodeID":"1379672","text":"Arguing","type":"YA","timestamp":"2023-11-09 14:53:04"},{"nodeID":"1379673","text":"Keir Starmer could do a lot worse as using Welsh Labour policies as a blueprint","type":"I","timestamp":"2023-11-09 14:53:05"},{"nodeID":"1379674","text":"AudienceMember 20230330QT15: Keir could do a lot worse as using Welsh Labour policies as a blueprint","type":"L","timestamp":"2023-11-09 14:53:05"},{"nodeID":"1379675","text":"Analysing","type":"YA","timestamp":"2023-11-09 14:53:05"},{"nodeID":"1379676","text":"Louise: AudienceMember 20230330QT15: Keir could do a lot worse as using Welsh Labour policies as a blueprint","type":"L","timestamp":"2023-11-09 14:53:05"},{"nodeID":"1379677","text":"Asserting","type":"YA","timestamp":"2023-11-09 14:53:05"},{"nodeID":"1379678","text":"Default Transition","type":"TA","timestamp":"2023-11-09 14:53:05"},{"nodeID":"1379679","text":"it\u2019s quite lazy just to dismiss policies as untrue","type":"I","timestamp":"2023-11-09 14:53:06"},{"nodeID":"1379680","text":"AudienceMember 20230330QT15:  it\u2019s quite lazy just to dismiss policies as untrue","type":"L","timestamp":"2023-11-09 14:53:06"},{"nodeID":"1379681","text":"Analysing","type":"YA","timestamp":"2023-11-09 14:53:06"},{"nodeID":"1379682","text":"Louise: AudienceMember 20230330QT15:  it\u2019s quite lazy just to dismiss policies as untrue","type":"L","timestamp":"2023-11-09 14:53:06"},{"nodeID":"1379683","text":"Asserting","type":"YA","timestamp":"2023-11-09 14:53:06"},{"nodeID":"1379684","text":"Default Transition","type":"TA","timestamp":"2023-11-09 14:53:06"},{"nodeID":"1379685","text":"it\u2019s not true that there are no planes leaving Cardiff airport","type":"I","timestamp":"2023-11-09 14:53:06"},{"nodeID":"1379686","text":"AudienceMember 20230330QT15: It\u2019s not true that there are no planes leaving Cardiff airport","type":"L","timestamp":"2023-11-09 14:53:06"},{"nodeID":"1379687","text":"Analysing","type":"YA","timestamp":"2023-11-09 14:53:06"},{"nodeID":"1379688","text":"Louise: AudienceMember 20230330QT15: It\u2019s not true that there are no planes leaving Cardiff airport","type":"L","timestamp":"2023-11-09 14:53:06"},{"nodeID":"1379689","text":"Asserting","type":"YA","timestamp":"2023-11-09 14:53:06"},{"nodeID":"1379690","text":"it\u2019s not true that the Welsh government are denying any future road building","type":"I","timestamp":"2023-11-09 14:53:07"},{"nodeID":"1379691","text":"AudienceMember 20230330QT15: it\u2019s not true that Wales\u2026Welsh government are denying any future road building","type":"L","timestamp":"2023-11-09 14:53:07"},{"nodeID":"1379692","text":"Analysing","type":"YA","timestamp":"2023-11-09 14:53:07"},{"nodeID":"1379693","text":"Louise: AudienceMember 20230330QT15: it\u2019s not true that Wales\u2026Welsh government are denying any future road building","type":"L","timestamp":"2023-11-09 14:53:07"},{"nodeID":"1379694","text":"Asserting","type":"YA","timestamp":"2023-11-09 14:53:07"},{"nodeID":"1379695","text":"Default Conflict","type":"CA","timestamp":"2023-11-09 14:53:07"},{"nodeID":"1379696","text":"Default Conflict","type":"CA","timestamp":"2023-11-09 14:53:07"},{"nodeID":"1379697","text":"Default Transition","type":"TA","timestamp":"2023-11-09 14:53:07"},{"nodeID":"1379698","text":"Default Transition","type":"TA","timestamp":"2023-11-09 14:53:07"},{"nodeID":"1379699","text":"Disagreeing","type":"YA","timestamp":"2023-11-09 14:53:07"},{"nodeID":"1379700","text":"Disagreeing","type":"YA","timestamp":"2023-11-09 14:53:07"},{"nodeID":"1379701","text":"the Welsh Government have just upped the criteria, so that\u2019s just not true to say that there are no planes leaving Cardiff and that the Welsh Government are denying any future road building","type":"I","timestamp":"2023-11-09 14:53:08"},{"nodeID":"1379702","text":"AudienceMember 20230330QT15: they\u2019ve just upped the criteria, so that\u2019s just not true to say that","type":"L","timestamp":"2023-11-09 14:53:08"},{"nodeID":"1379703","text":"Analysing","type":"YA","timestamp":"2023-11-09 14:53:08"},{"nodeID":"1379704","text":"Louise: AudienceMember 20230330QT15: they\u2019ve just upped the criteria, so that\u2019s just not true to say that","type":"L","timestamp":"2023-11-09 14:53:08"},{"nodeID":"1379705","text":"Asserting","type":"YA","timestamp":"2023-11-09 14:53:08"},{"nodeID":"1379706","text":"Default Rephrase","type":"MA","timestamp":"2023-11-09 14:53:08"},{"nodeID":"1379707","text":"Default Transition","type":"TA","timestamp":"2023-11-09 14:53:08"},{"nodeID":"1379708","text":"Restating","type":"YA","timestamp":"2023-11-09 14:53:08"},{"nodeID":"1379709","text":"Agreeing","type":"YA","timestamp":"2023-11-09 14:53:08"}],"edges":[{"edgeID":"1803525","fromID":"1379630","toID":"1379629","formEdgeID":null},{"edgeID":"1803526","fromID":"1379631","toID":"1379630","formEdgeID":null},{"edgeID":"1803527","fromID":"1379629","toID":"1379632","formEdgeID":null},{"edgeID":"1803528","fromID":"1379632","toID":"1379628","formEdgeID":null},{"edgeID":"1803529","fromID":"1379635","toID":"1379634","formEdgeID":null},{"edgeID":"1803530","fromID":"1379636","toID":"1379635","formEdgeID":null},{"edgeID":"1803531","fromID":"1379634","toID":"1379637","formEdgeID":null},{"edgeID":"1803532","fromID":"1379637","toID":"1379633","formEdgeID":null},{"edgeID":"1803533","fromID":"1379640","toID":"1379639","formEdgeID":null},{"edgeID":"1803534","fromID":"1379641","toID":"1379640","formEdgeID":null},{"edgeID":"1803535","fromID":"1379639","toID":"1379642","formEdgeID":null},{"edgeID":"1803536","fromID":"1379642","toID":"1379638","formEdgeID":null},{"edgeID":"1803537","fromID":"1379633","toID":"1379643","formEdgeID":null},{"edgeID":"1803538","fromID":"1379643","toID":"1379628","formEdgeID":null},{"edgeID":"1803539","fromID":"1379629","toID":"1379644","formEdgeID":null},{"edgeID":"1803540","fromID":"1379644","toID":"1379634","formEdgeID":null},{"edgeID":"1803541","fromID":"1379644","toID":"1379645","formEdgeID":null},{"edgeID":"1803542","fromID":"1379645","toID":"1379643","formEdgeID":null},{"edgeID":"1803543","fromID":"1379634","toID":"1379646","formEdgeID":null},{"edgeID":"1803544","fromID":"1379646","toID":"1379639","formEdgeID":null},{"edgeID":"1803545","fromID":"1379649","toID":"1379648","formEdgeID":null},{"edgeID":"1803546","fromID":"1379650","toID":"1379649","formEdgeID":null},{"edgeID":"1803547","fromID":"1379648","toID":"1379651","formEdgeID":null},{"edgeID":"1803548","fromID":"1379651","toID":"1379647","formEdgeID":null},{"edgeID":"1803549","fromID":"1379654","toID":"1379653","formEdgeID":null},{"edgeID":"1803550","fromID":"1379655","toID":"1379654","formEdgeID":null},{"edgeID":"1803551","fromID":"1379653","toID":"1379656","formEdgeID":null},{"edgeID":"1803552","fromID":"1379656","toID":"1379652","formEdgeID":null},{"edgeID":"1803553","fromID":"1379652","toID":"1379657","formEdgeID":null},{"edgeID":"1803554","fromID":"1379657","toID":"1379647","formEdgeID":null},{"edgeID":"1803555","fromID":"1379648","toID":"1379658","formEdgeID":null},{"edgeID":"1803556","fromID":"1379658","toID":"1379653","formEdgeID":null},{"edgeID":"1803557","fromID":"1379658","toID":"1379659","formEdgeID":null},{"edgeID":"1803558","fromID":"1379659","toID":"1379657","formEdgeID":null},{"edgeID":"1803559","fromID":"1379639","toID":"1379660","formEdgeID":null},{"edgeID":"1803560","fromID":"1379660","toID":"1379648","formEdgeID":null},{"edgeID":"1803561","fromID":"1379663","toID":"1379662","formEdgeID":null},{"edgeID":"1803562","fromID":"1379664","toID":"1379663","formEdgeID":null},{"edgeID":"1803563","fromID":"1379666","toID":"1379665","formEdgeID":null},{"edgeID":"1803564","fromID":"1379667","toID":"1379666","formEdgeID":null},{"edgeID":"1803565","fromID":"1379662","toID":"1379668","formEdgeID":null},{"edgeID":"1803566","fromID":"1379668","toID":"1379661","formEdgeID":null},{"edgeID":"1803567","fromID":"1379662","toID":"1379669","formEdgeID":null},{"edgeID":"1803568","fromID":"1379669","toID":"1379665","formEdgeID":null},{"edgeID":"1803569","fromID":"1379638","toID":"1379670","formEdgeID":null},{"edgeID":"1803570","fromID":"1379670","toID":"1379661","formEdgeID":null},{"edgeID":"1803571","fromID":"1379639","toID":"1379671","formEdgeID":null},{"edgeID":"1803572","fromID":"1379671","toID":"1379662","formEdgeID":null},{"edgeID":"1803573","fromID":"1379671","toID":"1379672","formEdgeID":null},{"edgeID":"1803574","fromID":"1379672","toID":"1379670","formEdgeID":null},{"edgeID":"1803575","fromID":"1379675","toID":"1379674","formEdgeID":null},{"edgeID":"1803576","fromID":"1379676","toID":"1379675","formEdgeID":null},{"edgeID":"1803577","fromID":"1379674","toID":"1379677","formEdgeID":null},{"edgeID":"1803578","fromID":"1379677","toID":"1379673","formEdgeID":null},{"edgeID":"1803579","fromID":"1379665","toID":"1379678","formEdgeID":null},{"edgeID":"1803580","fromID":"1379678","toID":"1379674","formEdgeID":null},{"edgeID":"1803581","fromID":"1379681","toID":"1379680","formEdgeID":null},{"edgeID":"1803582","fromID":"1379682","toID":"1379681","formEdgeID":null},{"edgeID":"1803583","fromID":"1379680","toID":"1379683","formEdgeID":null},{"edgeID":"1803584","fromID":"1379683","toID":"1379679","formEdgeID":null},{"edgeID":"1803585","fromID":"1379674","toID":"1379684","formEdgeID":null},{"edgeID":"1803586","fromID":"1379684","toID":"1379680","formEdgeID":null},{"edgeID":"1803587","fromID":"1379687","toID":"1379686","formEdgeID":null},{"edgeID":"1803588","fromID":"1379688","toID":"1379687","formEdgeID":null},{"edgeID":"1803589","fromID":"1379686","toID":"1379689","formEdgeID":null},{"edgeID":"1803590","fromID":"1379689","toID":"1379685","formEdgeID":null},{"edgeID":"1803591","fromID":"1379692","toID":"1379691","formEdgeID":null},{"edgeID":"1803592","fromID":"1379693","toID":"1379692","formEdgeID":null},{"edgeID":"1803593","fromID":"1379691","toID":"1379694","formEdgeID":null},{"edgeID":"1803594","fromID":"1379694","toID":"1379690","formEdgeID":null},{"edgeID":"1803595","fromID":"1379685","toID":"1379695","formEdgeID":null},{"edgeID":"1803596","fromID":"1379695","toID":"1379679","formEdgeID":null},{"edgeID":"1803597","fromID":"1379690","toID":"1379696","formEdgeID":null},{"edgeID":"1803598","fromID":"1379696","toID":"1379679","formEdgeID":null},{"edgeID":"1803599","fromID":"1379680","toID":"1379697","formEdgeID":null},{"edgeID":"1803600","fromID":"1379697","toID":"1379686","formEdgeID":null},{"edgeID":"1803601","fromID":"1379680","toID":"1379698","formEdgeID":null},{"edgeID":"1803602","fromID":"1379698","toID":"1379691","formEdgeID":null},{"edgeID":"1803603","fromID":"1379697","toID":"1379699","formEdgeID":null},{"edgeID":"1803604","fromID":"1379699","toID":"1379695","formEdgeID":null},{"edgeID":"1803605","fromID":"1379698","toID":"1379700","formEdgeID":null},{"edgeID":"1803606","fromID":"1379700","toID":"1379696","formEdgeID":null},{"edgeID":"1803607","fromID":"1379703","toID":"1379702","formEdgeID":null},{"edgeID":"1803608","fromID":"1379704","toID":"1379703","formEdgeID":null},{"edgeID":"1803609","fromID":"1379702","toID":"1379705","formEdgeID":null},{"edgeID":"1803610","fromID":"1379705","toID":"1379701","formEdgeID":null},{"edgeID":"1803611","fromID":"1379701","toID":"1379706","formEdgeID":null},{"edgeID":"1803612","fromID":"1379706","toID":"1379690","formEdgeID":null},{"edgeID":"1803613","fromID":"1379691","toID":"1379707","formEdgeID":null},{"edgeID":"1803614","fromID":"1379707","toID":"1379702","formEdgeID":null},{"edgeID":"1803615","fromID":"1379707","toID":"1379708","formEdgeID":null},{"edgeID":"1803616","fromID":"1379708","toID":"1379706","formEdgeID":null},{"edgeID":"1803617","fromID":"1379669","toID":"1379709","formEdgeID":null},{"edgeID":"1803618","fromID":"1379709","toID":"1379661","formEdgeID":null}],"locutions":[]}