{"nodes":[{"nodeID":"1382558","text":"we use texts from authors' time","type":"I","timestamp":"2023-11-09 14:57:13"},{"nodeID":"1382559","text":"Liz Saville Roberts: we use texts from their time","type":"L","timestamp":"2023-11-09 14:57:13"},{"nodeID":"1382560","text":"Analysing","type":"YA","timestamp":"2023-11-09 14:57:13"},{"nodeID":"1382561","text":"Dominika: Liz Saville Roberts: we use texts from their time","type":"L","timestamp":"2023-11-09 14:57:13"},{"nodeID":"1382562","text":"Asserting","type":"YA","timestamp":"2023-11-09 14:57:13"},{"nodeID":"1382563","text":"texts come from their authors' time","type":"I","timestamp":"2023-11-09 14:57:13"},{"nodeID":"1382564","text":"Liz Saville Roberts: that\u2019s where they came from","type":"L","timestamp":"2023-11-09 14:57:13"},{"nodeID":"1382565","text":"Analysing","type":"YA","timestamp":"2023-11-09 14:57:13"},{"nodeID":"1382566","text":"Dominika: Liz Saville Roberts: that\u2019s where they came from","type":"L","timestamp":"2023-11-09 14:57:13"},{"nodeID":"1382567","text":"Asserting","type":"YA","timestamp":"2023-11-09 14:57:13"},{"nodeID":"1382568","text":"Default Transition","type":"TA","timestamp":"2023-11-09 14:57:13"},{"nodeID":"1382569","text":"Default Rephrase","type":"MA","timestamp":"2023-11-09 14:57:13"},{"nodeID":"1382570","text":"Restating","type":"YA","timestamp":"2023-11-09 14:57:13"},{"nodeID":"1382571","text":"what we now do as a society as we move ahead is that we look at those texts from past","type":"I","timestamp":"2023-11-09 14:57:14"},{"nodeID":"1382572","text":"Liz Saville Roberts: What we now do as a society as we move ahead is that we look at those texts","type":"L","timestamp":"2023-11-09 14:57:14"},{"nodeID":"1382573","text":"Analysing","type":"YA","timestamp":"2023-11-09 14:57:14"},{"nodeID":"1382574","text":"Dominika: Liz Saville Roberts: What we now do as a society as we move ahead is that we look at those texts","type":"L","timestamp":"2023-11-09 14:57:14"},{"nodeID":"1382575","text":"Asserting","type":"YA","timestamp":"2023-11-09 14:57:14"},{"nodeID":"1382576","text":"Default Transition","type":"TA","timestamp":"2023-11-09 14:57:14"},{"nodeID":"1382577","text":"we can enjoy texts from the past in certain ways","type":"I","timestamp":"2023-11-09 14:57:15"},{"nodeID":"1382578","text":"Liz Saville Roberts: we can enjoy them in certain ways","type":"L","timestamp":"2023-11-09 14:57:15"},{"nodeID":"1382579","text":"Analysing","type":"YA","timestamp":"2023-11-09 14:57:15"},{"nodeID":"1382580","text":"Dominika: Liz Saville Roberts: we can enjoy them in certain ways","type":"L","timestamp":"2023-11-09 14:57:15"},{"nodeID":"1382581","text":"Asserting","type":"YA","timestamp":"2023-11-09 14:57:15"},{"nodeID":"1382582","text":"we can also criticise texts from the past in certain ways","type":"I","timestamp":"2023-11-09 14:57:15"},{"nodeID":"1382583","text":"Liz Saville Roberts: we can also criticise them in certain ways","type":"L","timestamp":"2023-11-09 14:57:15"},{"nodeID":"1382584","text":"Analysing","type":"YA","timestamp":"2023-11-09 14:57:15"},{"nodeID":"1382585","text":"Dominika: Liz Saville Roberts: we can also criticise them in certain ways","type":"L","timestamp":"2023-11-09 14:57:15"},{"nodeID":"1382586","text":"Asserting","type":"YA","timestamp":"2023-11-09 14:57:15"},{"nodeID":"1382587","text":"bullying for children will continue","type":"I","timestamp":"2023-11-09 14:57:16"},{"nodeID":"1382588","text":"Liz Saville Roberts: bullying for children will continue","type":"L","timestamp":"2023-11-09 14:57:16"},{"nodeID":"1382589","text":"Analysing","type":"YA","timestamp":"2023-11-09 14:57:16"},{"nodeID":"1382590","text":"Dominika: Liz Saville Roberts: bullying for children will continue","type":"L","timestamp":"2023-11-09 14:57:16"},{"nodeID":"1382591","text":"Asserting","type":"YA","timestamp":"2023-11-09 14:57:16"},{"nodeID":"1382592","text":"we have to tackle bullying from day to day and in different ways","type":"I","timestamp":"2023-11-09 14:57:16"},{"nodeID":"1382593","text":"Liz Saville Roberts: we have to tackle that from day to day and in different ways","type":"L","timestamp":"2023-11-09 14:57:16"},{"nodeID":"1382594","text":"Analysing","type":"YA","timestamp":"2023-11-09 14:57:16"},{"nodeID":"1382595","text":"Dominika: Liz Saville Roberts: we have to tackle that from day to day and in different ways","type":"L","timestamp":"2023-11-09 14:57:16"},{"nodeID":"1382596","text":"Asserting","type":"YA","timestamp":"2023-11-09 14:57:16"},{"nodeID":"1382597","text":"Default Transition","type":"TA","timestamp":"2023-11-09 14:57:16"},{"nodeID":"1382598","text":"Default Inference","type":"RA","timestamp":"2023-11-09 14:57:16"},{"nodeID":"1382599","text":"Arguing","type":"YA","timestamp":"2023-11-09 14:57:16"},{"nodeID":"1382600","text":"how we use texts and how we use texts intelligently to look at how social mor\u00e9s have changed is really, really important","type":"I","timestamp":"2023-11-09 14:57:17"},{"nodeID":"1382601","text":"Liz Saville Roberts: how we use texts and how we use texts intelligently to look at how social mor\u00e9s have changed is really, really important","type":"L","timestamp":"2023-11-09 14:57:17"},{"nodeID":"1382602","text":"Analysing","type":"YA","timestamp":"2023-11-09 14:57:17"},{"nodeID":"1382603","text":"Dominika: Liz Saville Roberts: how we use texts and how we use texts intelligently to look at how social mor\u00e9s have changed is really, really important","type":"L","timestamp":"2023-11-09 14:57:17"},{"nodeID":"1382604","text":"Asserting","type":"YA","timestamp":"2023-11-09 14:57:17"},{"nodeID":"1382605","text":"Default Transition","type":"TA","timestamp":"2023-11-09 14:57:17"},{"nodeID":"1382606","text":"the texts are primary evidence, if you like, from their time","type":"I","timestamp":"2023-11-09 14:57:18"},{"nodeID":"1382607","text":"Liz Saville Roberts: they\u2019re primary evidence, if you like, from their time","type":"L","timestamp":"2023-11-09 14:57:18"},{"nodeID":"1382608","text":"Analysing","type":"YA","timestamp":"2023-11-09 14:57:18"},{"nodeID":"1382609","text":"Dominika: Liz Saville Roberts: they\u2019re primary evidence, if you like, from their time","type":"L","timestamp":"2023-11-09 14:57:18"},{"nodeID":"1382610","text":"Asserting","type":"YA","timestamp":"2023-11-09 14:57:18"},{"nodeID":"1382611","text":"Default Transition","type":"TA","timestamp":"2023-11-09 14:57:18"},{"nodeID":"1382612","text":"Default Inference","type":"RA","timestamp":"2023-11-09 14:57:18"},{"nodeID":"1382613","text":"Arguing","type":"YA","timestamp":"2023-11-09 14:57:18"},{"nodeID":"1382614","text":"the texts are one of the things that it is really important that we look at how things have changed and what was tolerable then and is not tolerable now","type":"I","timestamp":"2023-11-09 14:57:18"},{"nodeID":"1382615","text":"Liz Saville Roberts: one of the things that it is really important that we look at how things have changed and what was tolerable then and is not tolerable now","type":"L","timestamp":"2023-11-09 14:57:18"},{"nodeID":"1382616","text":"Analysing","type":"YA","timestamp":"2023-11-09 14:57:18"},{"nodeID":"1382617","text":"Dominika: Liz Saville Roberts: one of the things that it is really important that we look at how things have changed and what was tolerable then and is not tolerable now","type":"L","timestamp":"2023-11-09 14:57:18"},{"nodeID":"1382618","text":"Asserting","type":"YA","timestamp":"2023-11-09 14:57:18"},{"nodeID":"1382619","text":"Default Inference","type":"RA","timestamp":"2023-11-09 14:57:18"},{"nodeID":"1382620","text":"Default Transition","type":"TA","timestamp":"2023-11-09 14:57:18"},{"nodeID":"1382621","text":"Arguing","type":"YA","timestamp":"2023-11-09 14:57:18"},{"nodeID":"1382622","text":"we should or should not be doing what Philip did","type":"I","timestamp":"2023-11-09 14:57:19"},{"nodeID":"1382623","text":"Fiona Bruce: should we be doing what Philip","type":"L","timestamp":"2023-11-09 14:57:19"},{"nodeID":"1382624","text":"Analysing","type":"YA","timestamp":"2023-11-09 14:57:19"},{"nodeID":"1382625","text":"Dominika: Fiona Bruce: should we be doing what Philip","type":"L","timestamp":"2023-11-09 14:57:19"},{"nodeID":"1382626","text":"Pure Questioning","type":"YA","timestamp":"2023-11-09 14:57:19"},{"nodeID":"1382627","text":"Default Transition","type":"TA","timestamp":"2023-11-09 14:57:19"},{"nodeID":"1382628","text":"look at what we shouldn't be tolerating now if we put ourselves in the history books","type":"I","timestamp":"2023-11-09 14:57:20"},{"nodeID":"1382629","text":"Liz Saville Roberts: look at what we shouldn't be tolerating now if we put ourselves in the history books","type":"L","timestamp":"2023-11-09 14:57:20"},{"nodeID":"1382630","text":"Analysing","type":"YA","timestamp":"2023-11-09 14:57:20"},{"nodeID":"1382631","text":"Dominika: Liz Saville Roberts: look at what we shouldn't be tolerating now if we put ourselves in the history books","type":"L","timestamp":"2023-11-09 14:57:20"},{"nodeID":"1382632","text":"Asserting","type":"YA","timestamp":"2023-11-09 14:57:20"},{"nodeID":"1382633","text":"Default Rephrase","type":"MA","timestamp":"2023-11-09 14:57:20"},{"nodeID":"1382634","text":"Default Transition","type":"TA","timestamp":"2023-11-09 14:57:20"},{"nodeID":"1382635","text":"Restating","type":"YA","timestamp":"2023-11-09 14:57:20"},{"nodeID":"1382636","text":"Default Inference","type":"RA","timestamp":"2023-11-09 14:57:20"},{"nodeID":"1382637","text":"Default Transition","type":"TA","timestamp":"2023-11-09 14:57:20"},{"nodeID":"1382638","text":"Arguing","type":"YA","timestamp":"2023-11-09 14:57:20"},{"nodeID":"1382639","text":"actually the fundamental point is oh we\u2019re not going to be accused of being bullies","type":"I","timestamp":"2023-11-09 14:57:20"},{"nodeID":"1382640","text":"Liz Saville Roberts: actually the fundamental point is oh we\u2019re not going to be accused of being","type":"L","timestamp":"2023-11-09 14:57:20"},{"nodeID":"1382641","text":"Analysing","type":"YA","timestamp":"2023-11-09 14:57:20"},{"nodeID":"1382642","text":"Louise: Liz Saville Roberts: actually the fundamental point, which probably the publishers are using as they monetise the nostalgia that is Roald Dahl for many parents actually is, oh we\u2019re not going to be accused of being","type":"L","timestamp":"2023-11-09 14:57:20"},{"nodeID":"1382643","text":"Asserting","type":"YA","timestamp":"2023-11-09 14:57:20"},{"nodeID":"1382644","text":"which probably the publishers are using as they monetise the nostalgia that is Roald Dahl for many parents actually","type":"I","timestamp":"2023-11-09 14:57:21"},{"nodeID":"1382645","text":"Liz Saville Roberts:  which probably the publishers are using as they monetise the nostalgia that is Roald Dahl for many parents actually","type":"L","timestamp":"2023-11-09 14:57:21"},{"nodeID":"1382646","text":"Louise: Liz Saville Roberts:  which probably the publishers are using as they monetise the nostalgia that is Roald Dahl for many parents actually","type":"L","timestamp":"2023-11-09 14:57:21"},{"nodeID":"1382647","text":"Asserting","type":"YA","timestamp":"2023-11-09 14:57:21"},{"nodeID":"1382648","text":"Analysing","type":"YA","timestamp":"2023-11-09 14:57:21"},{"nodeID":"1382649","text":"Default Transition","type":"TA","timestamp":"2023-11-09 14:57:21"},{"nodeID":"1382650","text":"Default Transition","type":"TA","timestamp":"2023-11-09 14:57:21"},{"nodeID":"1382651","text":"Default Rephrase","type":"MA","timestamp":"2023-11-09 14:57:21"},{"nodeID":"1382652","text":"Restating","type":"YA","timestamp":"2023-11-09 14:57:21"},{"nodeID":"1382653","text":"Default Transition","type":"TA","timestamp":"2023-11-09 14:57:21"},{"nodeID":"1382654","text":"Default Conflict","type":"CA","timestamp":"2023-11-09 14:57:21"},{"nodeID":"1382655","text":"Disagreeing","type":"YA","timestamp":"2023-11-09 14:57:21"}],"edges":[{"edgeID":"1806970","fromID":"1382560","toID":"1382559","formEdgeID":null},{"edgeID":"1806971","fromID":"1382561","toID":"1382560","formEdgeID":null},{"edgeID":"1806972","fromID":"1382559","toID":"1382562","formEdgeID":null},{"edgeID":"1806973","fromID":"1382562","toID":"1382558","formEdgeID":null},{"edgeID":"1806974","fromID":"1382565","toID":"1382564","formEdgeID":null},{"edgeID":"1806975","fromID":"1382566","toID":"1382565","formEdgeID":null},{"edgeID":"1806976","fromID":"1382564","toID":"1382567","formEdgeID":null},{"edgeID":"1806977","fromID":"1382567","toID":"1382563","formEdgeID":null},{"edgeID":"1806978","fromID":"1382559","toID":"1382568","formEdgeID":null},{"edgeID":"1806979","fromID":"1382568","toID":"1382564","formEdgeID":null},{"edgeID":"1806980","fromID":"1382563","toID":"1382569","formEdgeID":null},{"edgeID":"1806981","fromID":"1382569","toID":"1382558","formEdgeID":null},{"edgeID":"1806982","fromID":"1382568","toID":"1382570","formEdgeID":null},{"edgeID":"1806983","fromID":"1382570","toID":"1382569","formEdgeID":null},{"edgeID":"1806984","fromID":"1382573","toID":"1382572","formEdgeID":null},{"edgeID":"1806985","fromID":"1382574","toID":"1382573","formEdgeID":null},{"edgeID":"1806986","fromID":"1382572","toID":"1382575","formEdgeID":null},{"edgeID":"1806987","fromID":"1382575","toID":"1382571","formEdgeID":null},{"edgeID":"1806988","fromID":"1382564","toID":"1382576","formEdgeID":null},{"edgeID":"1806989","fromID":"1382576","toID":"1382572","formEdgeID":null},{"edgeID":"1806990","fromID":"1382579","toID":"1382578","formEdgeID":null},{"edgeID":"1806991","fromID":"1382580","toID":"1382579","formEdgeID":null},{"edgeID":"1806992","fromID":"1382578","toID":"1382581","formEdgeID":null},{"edgeID":"1806993","fromID":"1382581","toID":"1382577","formEdgeID":null},{"edgeID":"1806994","fromID":"1382584","toID":"1382583","formEdgeID":null},{"edgeID":"1806995","fromID":"1382585","toID":"1382584","formEdgeID":null},{"edgeID":"1806996","fromID":"1382583","toID":"1382586","formEdgeID":null},{"edgeID":"1806997","fromID":"1382586","toID":"1382582","formEdgeID":null},{"edgeID":"1806998","fromID":"1382589","toID":"1382588","formEdgeID":null},{"edgeID":"1806999","fromID":"1382590","toID":"1382589","formEdgeID":null},{"edgeID":"1807000","fromID":"1382588","toID":"1382591","formEdgeID":null},{"edgeID":"1807001","fromID":"1382591","toID":"1382587","formEdgeID":null},{"edgeID":"1807002","fromID":"1382594","toID":"1382593","formEdgeID":null},{"edgeID":"1807003","fromID":"1382595","toID":"1382594","formEdgeID":null},{"edgeID":"1807004","fromID":"1382593","toID":"1382596","formEdgeID":null},{"edgeID":"1807005","fromID":"1382596","toID":"1382592","formEdgeID":null},{"edgeID":"1807006","fromID":"1382588","toID":"1382597","formEdgeID":null},{"edgeID":"1807007","fromID":"1382597","toID":"1382593","formEdgeID":null},{"edgeID":"1807008","fromID":"1382587","toID":"1382598","formEdgeID":null},{"edgeID":"1807009","fromID":"1382598","toID":"1382592","formEdgeID":null},{"edgeID":"1807010","fromID":"1382597","toID":"1382599","formEdgeID":null},{"edgeID":"1807011","fromID":"1382599","toID":"1382598","formEdgeID":null},{"edgeID":"1807012","fromID":"1382602","toID":"1382601","formEdgeID":null},{"edgeID":"1807013","fromID":"1382603","toID":"1382602","formEdgeID":null},{"edgeID":"1807014","fromID":"1382601","toID":"1382604","formEdgeID":null},{"edgeID":"1807015","fromID":"1382604","toID":"1382600","formEdgeID":null},{"edgeID":"1807016","fromID":"1382593","toID":"1382605","formEdgeID":null},{"edgeID":"1807017","fromID":"1382605","toID":"1382601","formEdgeID":null},{"edgeID":"1807018","fromID":"1382608","toID":"1382607","formEdgeID":null},{"edgeID":"1807019","fromID":"1382609","toID":"1382608","formEdgeID":null},{"edgeID":"1807020","fromID":"1382607","toID":"1382610","formEdgeID":null},{"edgeID":"1807021","fromID":"1382610","toID":"1382606","formEdgeID":null},{"edgeID":"1807022","fromID":"1382601","toID":"1382611","formEdgeID":null},{"edgeID":"1807023","fromID":"1382611","toID":"1382607","formEdgeID":null},{"edgeID":"1807024","fromID":"1382606","toID":"1382612","formEdgeID":null},{"edgeID":"1807025","fromID":"1382612","toID":"1382600","formEdgeID":null},{"edgeID":"1807026","fromID":"1382611","toID":"1382613","formEdgeID":null},{"edgeID":"1807027","fromID":"1382613","toID":"1382612","formEdgeID":null},{"edgeID":"1807028","fromID":"1382616","toID":"1382615","formEdgeID":null},{"edgeID":"1807029","fromID":"1382617","toID":"1382616","formEdgeID":null},{"edgeID":"1807030","fromID":"1382615","toID":"1382618","formEdgeID":null},{"edgeID":"1807031","fromID":"1382618","toID":"1382614","formEdgeID":null},{"edgeID":"1807032","fromID":"1382614","toID":"1382619","formEdgeID":null},{"edgeID":"1807033","fromID":"1382619","toID":"1382600","formEdgeID":null},{"edgeID":"1807034","fromID":"1382601","toID":"1382620","formEdgeID":null},{"edgeID":"1807035","fromID":"1382620","toID":"1382615","formEdgeID":null},{"edgeID":"1807036","fromID":"1382620","toID":"1382621","formEdgeID":null},{"edgeID":"1807037","fromID":"1382621","toID":"1382619","formEdgeID":null},{"edgeID":"1807038","fromID":"1382624","toID":"1382623","formEdgeID":null},{"edgeID":"1807039","fromID":"1382625","toID":"1382624","formEdgeID":null},{"edgeID":"1807040","fromID":"1382623","toID":"1382626","formEdgeID":null},{"edgeID":"1807041","fromID":"1382626","toID":"1382622","formEdgeID":null},{"edgeID":"1807042","fromID":"1382615","toID":"1382627","formEdgeID":null},{"edgeID":"1807043","fromID":"1382627","toID":"1382623","formEdgeID":null},{"edgeID":"1807044","fromID":"1382630","toID":"1382629","formEdgeID":null},{"edgeID":"1807045","fromID":"1382631","toID":"1382630","formEdgeID":null},{"edgeID":"1807046","fromID":"1382629","toID":"1382632","formEdgeID":null},{"edgeID":"1807047","fromID":"1382632","toID":"1382628","formEdgeID":null},{"edgeID":"1807048","fromID":"1382628","toID":"1382633","formEdgeID":null},{"edgeID":"1807049","fromID":"1382633","toID":"1382614","formEdgeID":null},{"edgeID":"1807050","fromID":"1382615","toID":"1382634","formEdgeID":null},{"edgeID":"1807051","fromID":"1382634","toID":"1382629","formEdgeID":null},{"edgeID":"1807052","fromID":"1382634","toID":"1382635","formEdgeID":null},{"edgeID":"1807053","fromID":"1382635","toID":"1382633","formEdgeID":null},{"edgeID":"1807054","fromID":"1382571","toID":"1382636","formEdgeID":null},{"edgeID":"1807055","fromID":"1382636","toID":"1382582","formEdgeID":null},{"edgeID":"1807056","fromID":"1382572","toID":"1382637","formEdgeID":null},{"edgeID":"1807057","fromID":"1382637","toID":"1382583","formEdgeID":null},{"edgeID":"1807058","fromID":"1382637","toID":"1382638","formEdgeID":null},{"edgeID":"1807059","fromID":"1382638","toID":"1382636","formEdgeID":null},{"edgeID":"1807060","fromID":"1382641","toID":"1382640","formEdgeID":null},{"edgeID":"1807061","fromID":"1382642","toID":"1382641","formEdgeID":null},{"edgeID":"1807062","fromID":"1382640","toID":"1382643","formEdgeID":null},{"edgeID":"1807063","fromID":"1382643","toID":"1382639","formEdgeID":null},{"edgeID":"1807064","fromID":"1382648","toID":"1382645","formEdgeID":null},{"edgeID":"1807065","fromID":"1382646","toID":"1382648","formEdgeID":null},{"edgeID":"1807066","fromID":"1382645","toID":"1382647","formEdgeID":null},{"edgeID":"1807067","fromID":"1382647","toID":"1382644","formEdgeID":null},{"edgeID":"1807068","fromID":"1382583","toID":"1382649","formEdgeID":null},{"edgeID":"1807069","fromID":"1382649","toID":"1382640","formEdgeID":null},{"edgeID":"1807070","fromID":"1382640","toID":"1382650","formEdgeID":null},{"edgeID":"1807071","fromID":"1382650","toID":"1382645","formEdgeID":null},{"edgeID":"1807072","fromID":"1382644","toID":"1382651","formEdgeID":null},{"edgeID":"1807073","fromID":"1382651","toID":"1382639","formEdgeID":null},{"edgeID":"1807074","fromID":"1382650","toID":"1382652","formEdgeID":null},{"edgeID":"1807075","fromID":"1382652","toID":"1382651","formEdgeID":null},{"edgeID":"1807076","fromID":"1382645","toID":"1382653","formEdgeID":null},{"edgeID":"1807077","fromID":"1382653","toID":"1382588","formEdgeID":null},{"edgeID":"1807078","fromID":"1382587","toID":"1382654","formEdgeID":null},{"edgeID":"1807079","fromID":"1382654","toID":"1382644","formEdgeID":null},{"edgeID":"1807080","fromID":"1382653","toID":"1382655","formEdgeID":null},{"edgeID":"1807081","fromID":"1382655","toID":"1382654","formEdgeID":null}],"locutions":[]}