{"nodes":[{"nodeID":"1380687","text":"Shemima Begum shouldn't come back","type":"I","timestamp":"2023-11-09 14:54:32"},{"nodeID":"1380688","text":"Anon: David Davies: Kier Starmer has said he doesn\u2019t think she should come back either","type":"L","timestamp":"2023-11-09 14:54:32"},{"nodeID":"1380689","text":"Analysing","type":"YA","timestamp":"2023-11-09 14:54:32"},{"nodeID":"1380690","text":"David Davies: Kier Starmer has said he doesn\u2019t think she should come back either","type":"L","timestamp":"2023-11-09 14:54:32"},{"nodeID":"1380691","text":"AudienceMember 20230330QT23: Yeah","type":"L","timestamp":"2023-11-09 14:54:32"},{"nodeID":"1380692","text":"Anon: AudienceMember 20230330QT23: Yeah","type":"L","timestamp":"2023-11-09 14:54:32"},{"nodeID":"1380693","text":"Analysing","type":"YA","timestamp":"2023-11-09 14:54:32"},{"nodeID":"1380694","text":"Default Transition","type":"TA","timestamp":"2023-11-09 14:54:32"},{"nodeID":"1380695","text":"Agreeing","type":"YA","timestamp":"2023-11-09 14:54:32"},{"nodeID":"1380696","text":"now we have cross party agreement","type":"I","timestamp":"2023-11-09 14:54:33"},{"nodeID":"1380697","text":"AudienceMember 20230330QT23: now we\u2019ve cross party","type":"L","timestamp":"2023-11-09 14:54:33"},{"nodeID":"1380698","text":"Anon: AudienceMember 20230330QT23: now we\u2019ve cross party","type":"L","timestamp":"2023-11-09 14:54:33"},{"nodeID":"1380699","text":"Analysing","type":"YA","timestamp":"2023-11-09 14:54:33"},{"nodeID":"1380700","text":"Asserting","type":"YA","timestamp":"2023-11-09 14:54:33"},{"nodeID":"1380701","text":"David Davies: there is cross-party agreement","type":"L","timestamp":"2023-11-09 14:54:33"},{"nodeID":"1380702","text":"Analysing","type":"YA","timestamp":"2023-11-09 14:54:33"},{"nodeID":"1380703","text":"Anon: David Davies: there is cross-party agreement","type":"L","timestamp":"2023-11-09 14:54:33"},{"nodeID":"1380704","text":"Default Transition","type":"TA","timestamp":"2023-11-09 14:54:33"},{"nodeID":"1380705","text":"Asserting","type":"YA","timestamp":"2023-11-09 14:54:33"},{"nodeID":"1380706","text":"Default Transition","type":"TA","timestamp":"2023-11-09 14:54:33"},{"nodeID":"1380707","text":"it\u2019s not just the Conservative party not wanting Shemima Begum to return","type":"I","timestamp":"2023-11-09 14:54:33"},{"nodeID":"1380708","text":"David Davies: it\u2019s not just the Conservative party","type":"L","timestamp":"2023-11-09 14:54:33"},{"nodeID":"1380709","text":"Analysing","type":"YA","timestamp":"2023-11-09 14:54:33"},{"nodeID":"1380710","text":"Anon: David Davies: it\u2019s not just the Conservative party","type":"L","timestamp":"2023-11-09 14:54:33"},{"nodeID":"1380711","text":"Asserting","type":"YA","timestamp":"2023-11-09 14:54:33"},{"nodeID":"1380712","text":"there\u2019s a cross-party view about Shemima Begum not returning","type":"I","timestamp":"2023-11-09 14:54:34"},{"nodeID":"1380713","text":"Analysing","type":"YA","timestamp":"2023-11-09 14:54:34"},{"nodeID":"1380714","text":"David Davies: there\u2019s a cross-party view about this","type":"L","timestamp":"2023-11-09 14:54:34"},{"nodeID":"1380715","text":"Anon: David Davies: there\u2019s a cross-party view about this","type":"L","timestamp":"2023-11-09 14:54:34"},{"nodeID":"1380716","text":"Asserting","type":"YA","timestamp":"2023-11-09 14:54:34"},{"nodeID":"1380717","text":"Default Rephrase","type":"MA","timestamp":"2023-11-09 14:54:34"},{"nodeID":"1380718","text":"Default Rephrase","type":"MA","timestamp":"2023-11-09 14:54:34"},{"nodeID":"1380719","text":"Default Transition","type":"TA","timestamp":"2023-11-09 14:54:34"},{"nodeID":"1380720","text":"Restating","type":"YA","timestamp":"2023-11-09 14:54:34"},{"nodeID":"1380721","text":"it\u2019s the Tory party who actually went there in the first place","type":"I","timestamp":"2023-11-09 14:54:34"},{"nodeID":"1380722","text":"AudienceMember 20230330QT24: It\u2019s the Tory party who actually went out there in the first place","type":"L","timestamp":"2023-11-09 14:54:34"},{"nodeID":"1380723","text":"Anon: AudienceMember 20230330QT24: It\u2019s the Tory party who actually went out there in the first place","type":"L","timestamp":"2023-11-09 14:54:34"},{"nodeID":"1380724","text":"Analysing","type":"YA","timestamp":"2023-11-09 14:54:34"},{"nodeID":"1380725","text":"Asserting","type":"YA","timestamp":"2023-11-09 14:54:34"},{"nodeID":"1380726","text":"Default Transition","type":"TA","timestamp":"2023-11-09 14:54:34"},{"nodeID":"1380727","text":"the Tories are supported by Labour on the Shemima Begum issue","type":"I","timestamp":"2023-11-09 14:54:35"},{"nodeID":"1380728","text":"David Davies: supported by Labour, I think, on this issue, are we not, Thangam","type":"L","timestamp":"2023-11-09 14:54:35"},{"nodeID":"1380729","text":"Analysing","type":"YA","timestamp":"2023-11-09 14:54:35"},{"nodeID":"1380730","text":"Anon: David Davies: supported by Labour, I think, on this issue, are we not, Thangam","type":"L","timestamp":"2023-11-09 14:54:35"},{"nodeID":"1380731","text":"Assertive Questioning","type":"YA","timestamp":"2023-11-09 14:54:35"},{"nodeID":"1380732","text":"Default Rephrase","type":"MA","timestamp":"2023-11-09 14:54:35"},{"nodeID":"1380733","text":"Default Transition","type":"TA","timestamp":"2023-11-09 14:54:35"},{"nodeID":"1380734","text":"Restating","type":"YA","timestamp":"2023-11-09 14:54:35"},{"nodeID":"1380735","text":"we have to respect what the courts have done","type":"I","timestamp":"2023-11-09 14:54:36"},{"nodeID":"1380736","text":"Analysing","type":"YA","timestamp":"2023-11-09 14:54:36"},{"nodeID":"1380737","text":"Thangam Debbonaire: we have to respect what the courts have done","type":"L","timestamp":"2023-11-09 14:54:36"},{"nodeID":"1380738","text":"Anon: Thangam Debbonaire: we have to respect what the courts have done","type":"L","timestamp":"2023-11-09 14:54:36"},{"nodeID":"1380739","text":"Asserting","type":"YA","timestamp":"2023-11-09 14:54:36"},{"nodeID":"1380740","text":"the law has been improperly applied","type":"I","timestamp":"2023-11-09 14:54:36"},{"nodeID":"1380741","text":"Analysing","type":"YA","timestamp":"2023-11-09 14:54:36"},{"nodeID":"1380742","text":"Anon: Thangam Debbonaire: the law has been improperly applied","type":"L","timestamp":"2023-11-09 14:54:36"},{"nodeID":"1380743","text":"Thangam Debbonaire: the law has been improperly applied","type":"L","timestamp":"2023-11-09 14:54:36"},{"nodeID":"1380744","text":"Asserting","type":"YA","timestamp":"2023-11-09 14:54:36"},{"nodeID":"1380745","text":"Default Transition","type":"TA","timestamp":"2023-11-09 14:54:36"},{"nodeID":"1380746","text":"Default Transition","type":"TA","timestamp":"2023-11-09 14:54:36"},{"nodeID":"1380747","text":"there is a rare break-out of agreement","type":"I","timestamp":"2023-11-09 14:54:37"},{"nodeID":"1380748","text":"Fiona Bruce: A rare break-out of agreement","type":"L","timestamp":"2023-11-09 14:54:37"},{"nodeID":"1380749","text":"Anon: Fiona Bruce: A rare break-out of agreement","type":"L","timestamp":"2023-11-09 14:54:37"},{"nodeID":"1380750","text":"Analysing","type":"YA","timestamp":"2023-11-09 14:54:37"},{"nodeID":"1380751","text":"Asserting","type":"YA","timestamp":"2023-11-09 14:54:37"},{"nodeID":"1380752","text":"Default Inference","type":"RA","timestamp":"2023-11-09 14:54:37"},{"nodeID":"1380753","text":"Default Transition","type":"TA","timestamp":"2023-11-09 14:54:37"},{"nodeID":"1380754","text":"Arguing","type":"YA","timestamp":"2023-11-09 14:54:37"},{"nodeID":"1380755","text":"Shemima Begum has the right to appeal","type":"I","timestamp":"2023-11-09 14:54:38"},{"nodeID":"1380756","text":"Analysing","type":"YA","timestamp":"2023-11-09 14:54:38"},{"nodeID":"1380757","text":"Anon: Thangam Debbonaire: she has the right to appeal","type":"L","timestamp":"2023-11-09 14:54:38"},{"nodeID":"1380758","text":"Thangam Debbonaire: she has the right to appeal","type":"L","timestamp":"2023-11-09 14:54:38"},{"nodeID":"1380759","text":"Asserting","type":"YA","timestamp":"2023-11-09 14:54:38"},{"nodeID":"1380760","text":"it is important that we notice Shemima Begum has the right to appeal in the rule of law","type":"I","timestamp":"2023-11-09 14:54:38"},{"nodeID":"1380761","text":"Analysing","type":"YA","timestamp":"2023-11-09 14:54:38"},{"nodeID":"1380762","text":"Thangam Debbonaire: that\u2019s important that we notice that in the rule of law","type":"L","timestamp":"2023-11-09 14:54:38"},{"nodeID":"1380763","text":"Anon: Thangam Debbonaire: that\u2019s important that we notice that in the rule of law","type":"L","timestamp":"2023-11-09 14:54:38"},{"nodeID":"1380764","text":"Asserting","type":"YA","timestamp":"2023-11-09 14:54:38"},{"nodeID":"1380765","text":"Default Inference","type":"RA","timestamp":"2023-11-09 14:54:38"},{"nodeID":"1380766","text":"Default Transition","type":"TA","timestamp":"2023-11-09 14:54:38"},{"nodeID":"1380767","text":"Arguing","type":"YA","timestamp":"2023-11-09 14:54:38"},{"nodeID":"1380768","text":"Default Transition","type":"TA","timestamp":"2023-11-09 14:54:38"},{"nodeID":"1380769","text":"cross-party agreement doesn\u2019t happen very often","type":"I","timestamp":"2023-11-09 14:54:39"},{"nodeID":"1380770","text":"Anon: Fiona Bruce: It doesn\u2019t happen very often","type":"L","timestamp":"2023-11-09 14:54:39"},{"nodeID":"1380771","text":"Fiona Bruce: It doesn\u2019t happen very often","type":"L","timestamp":"2023-11-09 14:54:39"},{"nodeID":"1380772","text":"Analysing","type":"YA","timestamp":"2023-11-09 14:54:39"},{"nodeID":"1380773","text":"Asserting","type":"YA","timestamp":"2023-11-09 14:54:39"},{"nodeID":"1380774","text":"you\u2019ve actually got both politicians agreeing here","type":"I","timestamp":"2023-11-09 14:54:39"},{"nodeID":"1380775","text":"Fiona Bruce: you\u2019ve actually got both politicians agreeing here","type":"L","timestamp":"2023-11-09 14:54:39"},{"nodeID":"1380776","text":"Analysing","type":"YA","timestamp":"2023-11-09 14:54:39"},{"nodeID":"1380777","text":"Anon: Fiona Bruce: you\u2019ve actually got both politicians agreeing here","type":"L","timestamp":"2023-11-09 14:54:39"},{"nodeID":"1380778","text":"Asserting","type":"YA","timestamp":"2023-11-09 14:54:39"},{"nodeID":"1380779","text":"Default Rephrase","type":"MA","timestamp":"2023-11-09 14:54:39"},{"nodeID":"1380780","text":"Default Transition","type":"TA","timestamp":"2023-11-09 14:54:39"},{"nodeID":"1380781","text":"Restating","type":"YA","timestamp":"2023-11-09 14:54:39"},{"nodeID":"1380782","text":"Default Transition","type":"TA","timestamp":"2023-11-09 14:54:39"},{"nodeID":"1380783","text":"Keir Starmer: Shemima Begum shouldn't come back","type":"L","timestamp":"2023-11-09 14:54:39"},{"nodeID":"1380784","text":"Asserting","type":"YA","timestamp":"2023-11-09 14:54:39"},{"nodeID":"1380785","text":"Analysing","type":"YA","timestamp":"2023-11-09 14:54:39"},{"nodeID":"1380786","text":"Anon: Keir Starmer: Keir Starmer has said he doesn\u2019t think Shemima Begum should come back either","type":"L","timestamp":"2023-11-09 14:54:39"},{"nodeID":"1380787","text":"Asserting","type":"YA","timestamp":"2023-11-09 14:54:39"},{"nodeID":"1380788","text":"Default Transition","type":"TA","timestamp":"2023-11-09 14:54:39"},{"nodeID":"1380789","text":"Restating","type":"YA","timestamp":"2023-11-09 14:54:39"},{"nodeID":"1380790","text":"Default Rephrase","type":"MA","timestamp":"2023-11-09 14:54:39"},{"nodeID":"1380791","text":"Restating","type":"YA","timestamp":"2023-11-09 14:54:39"},{"nodeID":"1380792","text":"Default Rephrase","type":"MA","timestamp":"2023-11-09 14:54:39"},{"nodeID":"1380793","text":"Restating","type":"YA","timestamp":"2023-11-09 14:54:39"}],"edges":[{"edgeID":"1804770","fromID":"1380689","toID":"1380690","formEdgeID":null},{"edgeID":"1804771","fromID":"1380688","toID":"1380689","formEdgeID":null},{"edgeID":"1804772","fromID":"1380692","toID":"1380693","formEdgeID":null},{"edgeID":"1804773","fromID":"1380693","toID":"1380691","formEdgeID":null},{"edgeID":"1804774","fromID":"1380690","toID":"1380694","formEdgeID":null},{"edgeID":"1804775","fromID":"1380694","toID":"1380691","formEdgeID":null},{"edgeID":"1804776","fromID":"1380694","toID":"1380695","formEdgeID":null},{"edgeID":"1804777","fromID":"1380695","toID":"1380687","formEdgeID":null},{"edgeID":"1804778","fromID":"1380699","toID":"1380697","formEdgeID":null},{"edgeID":"1804779","fromID":"1380698","toID":"1380699","formEdgeID":null},{"edgeID":"1804780","fromID":"1380700","toID":"1380696","formEdgeID":null},{"edgeID":"1804781","fromID":"1380697","toID":"1380700","formEdgeID":null},{"edgeID":"1804782","fromID":"1380702","toID":"1380701","formEdgeID":null},{"edgeID":"1804783","fromID":"1380703","toID":"1380702","formEdgeID":null},{"edgeID":"1804784","fromID":"1380697","toID":"1380704","formEdgeID":null},{"edgeID":"1804785","fromID":"1380704","toID":"1380701","formEdgeID":null},{"edgeID":"1804786","fromID":"1380704","toID":"1380705","formEdgeID":null},{"edgeID":"1804787","fromID":"1380705","toID":"1380696","formEdgeID":null},{"edgeID":"1804788","fromID":"1380691","toID":"1380706","formEdgeID":null},{"edgeID":"1804789","fromID":"1380706","toID":"1380697","formEdgeID":null},{"edgeID":"1804790","fromID":"1380708","toID":"1380711","formEdgeID":null},{"edgeID":"1804791","fromID":"1380709","toID":"1380708","formEdgeID":null},{"edgeID":"1804792","fromID":"1380711","toID":"1380707","formEdgeID":null},{"edgeID":"1804793","fromID":"1380710","toID":"1380709","formEdgeID":null},{"edgeID":"1804794","fromID":"1380715","toID":"1380713","formEdgeID":null},{"edgeID":"1804795","fromID":"1380713","toID":"1380714","formEdgeID":null},{"edgeID":"1804796","fromID":"1380714","toID":"1380716","formEdgeID":null},{"edgeID":"1804797","fromID":"1380716","toID":"1380712","formEdgeID":null},{"edgeID":"1804798","fromID":"1380717","toID":"1380696","formEdgeID":null},{"edgeID":"1804799","fromID":"1380707","toID":"1380717","formEdgeID":null},{"edgeID":"1804800","fromID":"1380712","toID":"1380718","formEdgeID":null},{"edgeID":"1804801","fromID":"1380718","toID":"1380707","formEdgeID":null},{"edgeID":"1804802","fromID":"1380708","toID":"1380719","formEdgeID":null},{"edgeID":"1804803","fromID":"1380719","toID":"1380714","formEdgeID":null},{"edgeID":"1804804","fromID":"1380719","toID":"1380720","formEdgeID":null},{"edgeID":"1804805","fromID":"1380720","toID":"1380718","formEdgeID":null},{"edgeID":"1804806","fromID":"1380724","toID":"1380722","formEdgeID":null},{"edgeID":"1804807","fromID":"1380723","toID":"1380724","formEdgeID":null},{"edgeID":"1804808","fromID":"1380725","toID":"1380721","formEdgeID":null},{"edgeID":"1804809","fromID":"1380722","toID":"1380725","formEdgeID":null},{"edgeID":"1804810","fromID":"1380726","toID":"1380722","formEdgeID":null},{"edgeID":"1804811","fromID":"1380714","toID":"1380726","formEdgeID":null},{"edgeID":"1804812","fromID":"1380730","toID":"1380729","formEdgeID":null},{"edgeID":"1804813","fromID":"1380729","toID":"1380728","formEdgeID":null},{"edgeID":"1804814","fromID":"1380728","toID":"1380731","formEdgeID":null},{"edgeID":"1804815","fromID":"1380731","toID":"1380727","formEdgeID":null},{"edgeID":"1804816","fromID":"1380732","toID":"1380712","formEdgeID":null},{"edgeID":"1804817","fromID":"1380727","toID":"1380732","formEdgeID":null},{"edgeID":"1804818","fromID":"1380714","toID":"1380733","formEdgeID":null},{"edgeID":"1804819","fromID":"1380733","toID":"1380728","formEdgeID":null},{"edgeID":"1804820","fromID":"1380733","toID":"1380734","formEdgeID":null},{"edgeID":"1804821","fromID":"1380734","toID":"1380732","formEdgeID":null},{"edgeID":"1804822","fromID":"1380736","toID":"1380737","formEdgeID":null},{"edgeID":"1804823","fromID":"1380738","toID":"1380736","formEdgeID":null},{"edgeID":"1804824","fromID":"1380737","toID":"1380739","formEdgeID":null},{"edgeID":"1804825","fromID":"1380739","toID":"1380735","formEdgeID":null},{"edgeID":"1804826","fromID":"1380742","toID":"1380741","formEdgeID":null},{"edgeID":"1804827","fromID":"1380741","toID":"1380743","formEdgeID":null},{"edgeID":"1804828","fromID":"1380743","toID":"1380744","formEdgeID":null},{"edgeID":"1804829","fromID":"1380744","toID":"1380740","formEdgeID":null},{"edgeID":"1804830","fromID":"1380728","toID":"1380745","formEdgeID":null},{"edgeID":"1804831","fromID":"1380745","toID":"1380737","formEdgeID":null},{"edgeID":"1804832","fromID":"1380737","toID":"1380746","formEdgeID":null},{"edgeID":"1804833","fromID":"1380746","toID":"1380743","formEdgeID":null},{"edgeID":"1804834","fromID":"1380750","toID":"1380748","formEdgeID":null},{"edgeID":"1804835","fromID":"1380749","toID":"1380750","formEdgeID":null},{"edgeID":"1804836","fromID":"1380748","toID":"1380751","formEdgeID":null},{"edgeID":"1804837","fromID":"1380751","toID":"1380747","formEdgeID":null},{"edgeID":"1804838","fromID":"1380727","toID":"1380752","formEdgeID":null},{"edgeID":"1804839","fromID":"1380752","toID":"1380747","formEdgeID":null},{"edgeID":"1804840","fromID":"1380728","toID":"1380753","formEdgeID":null},{"edgeID":"1804841","fromID":"1380753","toID":"1380748","formEdgeID":null},{"edgeID":"1804842","fromID":"1380753","toID":"1380754","formEdgeID":null},{"edgeID":"1804843","fromID":"1380754","toID":"1380752","formEdgeID":null},{"edgeID":"1804844","fromID":"1380756","toID":"1380758","formEdgeID":null},{"edgeID":"1804845","fromID":"1380757","toID":"1380756","formEdgeID":null},{"edgeID":"1804846","fromID":"1380759","toID":"1380755","formEdgeID":null},{"edgeID":"1804847","fromID":"1380758","toID":"1380759","formEdgeID":null},{"edgeID":"1804848","fromID":"1380763","toID":"1380761","formEdgeID":null},{"edgeID":"1804849","fromID":"1380761","toID":"1380762","formEdgeID":null},{"edgeID":"1804850","fromID":"1380762","toID":"1380764","formEdgeID":null},{"edgeID":"1804851","fromID":"1380764","toID":"1380760","formEdgeID":null},{"edgeID":"1804852","fromID":"1380740","toID":"1380765","formEdgeID":null},{"edgeID":"1804853","fromID":"1380765","toID":"1380755","formEdgeID":null},{"edgeID":"1804854","fromID":"1380743","toID":"1380766","formEdgeID":null},{"edgeID":"1804855","fromID":"1380766","toID":"1380758","formEdgeID":null},{"edgeID":"1804856","fromID":"1380766","toID":"1380767","formEdgeID":null},{"edgeID":"1804857","fromID":"1380767","toID":"1380765","formEdgeID":null},{"edgeID":"1804858","fromID":"1380758","toID":"1380768","formEdgeID":null},{"edgeID":"1804859","fromID":"1380768","toID":"1380762","formEdgeID":null},{"edgeID":"1804860","fromID":"1380772","toID":"1380771","formEdgeID":null},{"edgeID":"1804861","fromID":"1380770","toID":"1380772","formEdgeID":null},{"edgeID":"1804862","fromID":"1380773","toID":"1380769","formEdgeID":null},{"edgeID":"1804863","fromID":"1380771","toID":"1380773","formEdgeID":null},{"edgeID":"1804864","fromID":"1380777","toID":"1380776","formEdgeID":null},{"edgeID":"1804865","fromID":"1380776","toID":"1380775","formEdgeID":null},{"edgeID":"1804866","fromID":"1380775","toID":"1380778","formEdgeID":null},{"edgeID":"1804867","fromID":"1380778","toID":"1380774","formEdgeID":null},{"edgeID":"1804868","fromID":"1380769","toID":"1380779","formEdgeID":null},{"edgeID":"1804869","fromID":"1380779","toID":"1380747","formEdgeID":null},{"edgeID":"1804870","fromID":"1380780","toID":"1380771","formEdgeID":null},{"edgeID":"1804871","fromID":"1380748","toID":"1380780","formEdgeID":null},{"edgeID":"1804872","fromID":"1380780","toID":"1380781","formEdgeID":null},{"edgeID":"1804873","fromID":"1380781","toID":"1380779","formEdgeID":null},{"edgeID":"1804874","fromID":"1380771","toID":"1380782","formEdgeID":null},{"edgeID":"1804875","fromID":"1380782","toID":"1380775","formEdgeID":null},{"edgeID":"1804876","fromID":"1380785","toID":"1380783","formEdgeID":null},{"edgeID":"1804877","fromID":"1380786","toID":"1380785","formEdgeID":null},{"edgeID":"1804878","fromID":"1380783","toID":"1380784","formEdgeID":null},{"edgeID":"1804879","fromID":"1380784","toID":"1380687","formEdgeID":null},{"edgeID":"1804880","fromID":"1380787","toID":"1380783","formEdgeID":null},{"edgeID":"1804881","fromID":"1380690","toID":"1380787","formEdgeID":null},{"edgeID":"1804882","fromID":"1380701","toID":"1380788","formEdgeID":null},{"edgeID":"1804883","fromID":"1380788","toID":"1380708","formEdgeID":null},{"edgeID":"1804884","fromID":"1380788","toID":"1380789","formEdgeID":null},{"edgeID":"1804885","fromID":"1380789","toID":"1380717","formEdgeID":null},{"edgeID":"1804886","fromID":"1380774","toID":"1380790","formEdgeID":null},{"edgeID":"1804887","fromID":"1380790","toID":"1380769","formEdgeID":null},{"edgeID":"1804888","fromID":"1380782","toID":"1380791","formEdgeID":null},{"edgeID":"1804889","fromID":"1380791","toID":"1380790","formEdgeID":null},{"edgeID":"1804890","fromID":"1380760","toID":"1380792","formEdgeID":null},{"edgeID":"1804891","fromID":"1380792","toID":"1380755","formEdgeID":null},{"edgeID":"1804892","fromID":"1380768","toID":"1380793","formEdgeID":null},{"edgeID":"1804893","fromID":"1380793","toID":"1380792","formEdgeID":null}],"locutions":[]}