{"nodes":[{"nodeID":"1384621","text":"the fact that the Labour party on this panel won't even defend this policy tells you how bad an idea it really is","type":"I","timestamp":"2023-11-09 15:00:10"},{"nodeID":"1384622","text":"Anita Boateng: The fact that the Labour party on this panel won't even defend this policy tells you how bad an idea it really is","type":"L","timestamp":"2023-11-09 15:00:10"},{"nodeID":"1384623","text":"Analysing","type":"YA","timestamp":"2023-11-09 15:00:10"},{"nodeID":"1384624","text":"Fyfe: Anita Boateng: The fact that the Labour party on this panel won't even defend this policy tells you how bad an idea it really is","type":"L","timestamp":"2023-11-09 15:00:10"},{"nodeID":"1384625","text":"Asserting","type":"YA","timestamp":"2023-11-09 15:00:10"},{"nodeID":"1384626","text":"the reality of the situation is that, you know, the policy is an idea to nowhere","type":"I","timestamp":"2023-11-09 15:00:11"},{"nodeID":"1384627","text":"Anita Boateng: the reality of the situation is that, you know, it\u2019s an idea to nowhere","type":"L","timestamp":"2023-11-09 15:00:11"},{"nodeID":"1384628","text":"Analysing","type":"YA","timestamp":"2023-11-09 15:00:11"},{"nodeID":"1384629","text":"Fyfe: Anita Boateng: the reality of the situation is that, you know, it\u2019s an idea to nowhere","type":"L","timestamp":"2023-11-09 15:00:11"},{"nodeID":"1384630","text":"Asserting","type":"YA","timestamp":"2023-11-09 15:00:11"},{"nodeID":"1384631","text":"Default Transition","type":"TA","timestamp":"2023-11-09 15:00:11"},{"nodeID":"1384632","text":"the policy has run out of road","type":"I","timestamp":"2023-11-09 15:00:12"},{"nodeID":"1384633","text":"Anita Boateng: it\u2019s run out of road","type":"L","timestamp":"2023-11-09 15:00:12"},{"nodeID":"1384634","text":"Analysing","type":"YA","timestamp":"2023-11-09 15:00:12"},{"nodeID":"1384635","text":"Fyfe: Anita Boateng: it\u2019s run out of road","type":"L","timestamp":"2023-11-09 15:00:12"},{"nodeID":"1384636","text":"Asserting","type":"YA","timestamp":"2023-11-09 15:00:12"},{"nodeID":"1384637","text":"Default Transition","type":"TA","timestamp":"2023-11-09 15:00:12"},{"nodeID":"1384638","text":"Default Rephrase","type":"MA","timestamp":"2023-11-09 15:00:12"},{"nodeID":"1384639","text":"this transport policy needs to go","type":"I","timestamp":"2023-11-09 15:00:12"},{"nodeID":"1384640","text":"Anita Boateng: it needs to go","type":"L","timestamp":"2023-11-09 15:00:12"},{"nodeID":"1384641","text":"Analysing","type":"YA","timestamp":"2023-11-09 15:00:12"},{"nodeID":"1384642","text":"Fyfe: Anita Boateng: it needs to go","type":"L","timestamp":"2023-11-09 15:00:12"},{"nodeID":"1384643","text":"Asserting","type":"YA","timestamp":"2023-11-09 15:00:12"},{"nodeID":"1384644","text":"Default Transition","type":"TA","timestamp":"2023-11-09 15:00:12"},{"nodeID":"1384645","text":"Default Rephrase","type":"MA","timestamp":"2023-11-09 15:00:12"},{"nodeID":"1384646","text":"Restating","type":"YA","timestamp":"2023-11-09 15:00:12"},{"nodeID":"1384647","text":"Restating","type":"YA","timestamp":"2023-11-09 15:00:12"},{"nodeID":"1384648","text":"the transport policy is a very very clear idea","type":"I","timestamp":"2023-11-09 15:00:13"},{"nodeID":"1384649","text":"Anita Boateng: it\u2019s very very clear this idea","type":"L","timestamp":"2023-11-09 15:00:13"},{"nodeID":"1384650","text":"Analysing","type":"YA","timestamp":"2023-11-09 15:00:13"},{"nodeID":"1384651","text":"Fyfe: Anita Boateng: it\u2019s very very clear this idea","type":"L","timestamp":"2023-11-09 15:00:13"},{"nodeID":"1384652","text":"Asserting","type":"YA","timestamp":"2023-11-09 15:00:13"},{"nodeID":"1384653","text":"Default Transition","type":"TA","timestamp":"2023-11-09 15:00:13"},{"nodeID":"1384654","text":"it seems like something out of The Thick of It really","type":"I","timestamp":"2023-11-09 15:00:13"},{"nodeID":"1384655","text":"Anita Boateng:  it seems like something out of The Thick of It really","type":"L","timestamp":"2023-11-09 15:00:13"},{"nodeID":"1384656","text":"Analysing","type":"YA","timestamp":"2023-11-09 15:00:13"},{"nodeID":"1384657","text":"Fyfe: Anita Boateng:  it seems like something out of The Thick of It really","type":"L","timestamp":"2023-11-09 15:00:13"},{"nodeID":"1384658","text":"Asserting","type":"YA","timestamp":"2023-11-09 15:00:13"},{"nodeID":"1384659","text":"Default Transition","type":"TA","timestamp":"2023-11-09 15:00:13"},{"nodeID":"1384660","text":"what we\u2019re going to do we need to tackle climate change so no roads, everybody walk","type":"I","timestamp":"2023-11-09 15:00:14"},{"nodeID":"1384661","text":"Anita Boateng: what we\u2019re going to do we need to tackle climate change so no roads, everybody walk","type":"L","timestamp":"2023-11-09 15:00:14"},{"nodeID":"1384662","text":"Analysing","type":"YA","timestamp":"2023-11-09 15:00:14"},{"nodeID":"1384663","text":"Fyfe: Anita Boateng: what we\u2019re going to do we need to tackle climate change so no roads, everybody walk","type":"L","timestamp":"2023-11-09 15:00:14"},{"nodeID":"1384664","text":"Asserting","type":"YA","timestamp":"2023-11-09 15:00:14"},{"nodeID":"1384665","text":"Default Transition","type":"TA","timestamp":"2023-11-09 15:00:14"},{"nodeID":"1384666","text":"that\u2019s not what the policy is","type":"I","timestamp":"2023-11-09 15:00:15"},{"nodeID":"1384667","text":"Thangam Debbonaire: That\u2019s not what","type":"L","timestamp":"2023-11-09 15:00:15"},{"nodeID":"1384668","text":"Analysing","type":"YA","timestamp":"2023-11-09 15:00:15"},{"nodeID":"1384669","text":"Fyfe: Thangam Debbonaire: That\u2019s not what","type":"L","timestamp":"2023-11-09 15:00:15"},{"nodeID":"1384670","text":"Asserting","type":"YA","timestamp":"2023-11-09 15:00:15"},{"nodeID":"1384671","text":"Default Transition","type":"TA","timestamp":"2023-11-09 15:00:15"},{"nodeID":"1384672","text":"Default Conflict","type":"CA","timestamp":"2023-11-09 15:00:15"},{"nodeID":"1384673","text":"Disagreeing","type":"YA","timestamp":"2023-11-09 15:00:15"},{"nodeID":"1384674","text":"David Davies: It is","type":"L","timestamp":"2023-11-09 15:00:15"},{"nodeID":"1384675","text":"Analysing","type":"YA","timestamp":"2023-11-09 15:00:15"},{"nodeID":"1384676","text":"Fyfe: David Davies: It is","type":"L","timestamp":"2023-11-09 15:00:15"},{"nodeID":"1384677","text":"Default Transition","type":"TA","timestamp":"2023-11-09 15:00:15"},{"nodeID":"1384678","text":"Wales does not have the kind of public transport that you should all rightly expect","type":"I","timestamp":"2023-11-09 15:00:15"},{"nodeID":"1384679","text":"Anita Boateng: we do not have the kind of public transport that you should all rightly expect","type":"L","timestamp":"2023-11-09 15:00:15"},{"nodeID":"1384680","text":"Analysing","type":"YA","timestamp":"2023-11-09 15:00:15"},{"nodeID":"1384681","text":"Fyfe: Anita Boateng: we do not have the kind of public transport that you should all rightly expect","type":"L","timestamp":"2023-11-09 15:00:15"},{"nodeID":"1384682","text":"Asserting","type":"YA","timestamp":"2023-11-09 15:00:15"},{"nodeID":"1384683","text":"Default Transition","type":"TA","timestamp":"2023-11-09 15:00:15"},{"nodeID":"1384684","text":"Anita Boateng believes that Cardiff is reasonably good for public transport once you get out of there","type":"I","timestamp":"2023-11-09 15:00:16"},{"nodeID":"1384685","text":"Anita Boateng:  I think Cardiff is reasonably good for public transport once you get out of there","type":"L","timestamp":"2023-11-09 15:00:16"},{"nodeID":"1384686","text":"Analysing","type":"YA","timestamp":"2023-11-09 15:00:16"},{"nodeID":"1384687","text":"Fyfe: Anita Boateng:  I think Cardiff is reasonably good for public transport once you get out of there","type":"L","timestamp":"2023-11-09 15:00:16"},{"nodeID":"1384688","text":"Asserting","type":"YA","timestamp":"2023-11-09 15:00:16"},{"nodeID":"1384689","text":"Default Transition","type":"TA","timestamp":"2023-11-09 15:00:16"},{"nodeID":"1384690","text":"Default Conflict","type":"CA","timestamp":"2023-11-09 15:00:16"},{"nodeID":"1384691","text":"Disagreeing","type":"YA","timestamp":"2023-11-09 15:00:16"},{"nodeID":"1384692","text":"Anita Boateng has been to Llandudno, Llanelli, all these places where you just cannot get around, except by car","type":"I","timestamp":"2023-11-09 15:00:17"},{"nodeID":"1384693","text":"Anita Boateng: I've been to Llandudno, Llanelli, all these places where you just cannot get around, except by car","type":"L","timestamp":"2023-11-09 15:00:17"},{"nodeID":"1384694","text":"Analysing","type":"YA","timestamp":"2023-11-09 15:00:17"},{"nodeID":"1384695","text":"Fyfe: Anita Boateng: I've been to Llandudno, Llanelli, all these places where you just cannot get around, except by car","type":"L","timestamp":"2023-11-09 15:00:17"},{"nodeID":"1384696","text":"Asserting","type":"YA","timestamp":"2023-11-09 15:00:17"},{"nodeID":"1384697","text":"Default Transition","type":"TA","timestamp":"2023-11-09 15:00:17"},{"nodeID":"1384698","text":"Default Rephrase","type":"MA","timestamp":"2023-11-09 15:00:17"},{"nodeID":"1384699","text":"Restating","type":"YA","timestamp":"2023-11-09 15:00:17"},{"nodeID":"1384700","text":"unless you focus on that problem the fact remains that the Welsh government is only funding the emergency bus support for the next three months","type":"I","timestamp":"2023-11-09 15:00:17"},{"nodeID":"1384701","text":"Anita Boateng: unless you focus on that problem the fact remains that the Welsh government is only funding the emergency bus support for the next three months","type":"L","timestamp":"2023-11-09 15:00:17"},{"nodeID":"1384702","text":"Analysing","type":"YA","timestamp":"2023-11-09 15:00:17"},{"nodeID":"1384703","text":"Fyfe: Anita Boateng: unless you focus on that problem the fact remains that the Welsh government is only funding the emergency bus support for the next three months","type":"L","timestamp":"2023-11-09 15:00:17"},{"nodeID":"1384704","text":"Asserting","type":"YA","timestamp":"2023-11-09 15:00:17"},{"nodeID":"1384705","text":"Default Transition","type":"TA","timestamp":"2023-11-09 15:00:17"},{"nodeID":"1384706","text":"Welsh people need the emergency bus support","type":"I","timestamp":"2023-11-09 15:00:18"},{"nodeID":"1384707","text":"Anita Boateng: what are people supposed to do outside of that","type":"L","timestamp":"2023-11-09 15:00:18"},{"nodeID":"1384708","text":"Analysing","type":"YA","timestamp":"2023-11-09 15:00:18"},{"nodeID":"1384709","text":"Fyfe: Anita Boateng: what are people supposed to do outside of that","type":"L","timestamp":"2023-11-09 15:00:18"},{"nodeID":"1384710","text":"Assertive Questioning","type":"YA","timestamp":"2023-11-09 15:00:18"},{"nodeID":"1384711","text":"Default Transition","type":"TA","timestamp":"2023-11-09 15:00:18"},{"nodeID":"1384712","text":"we need to be ambitious for climate change","type":"I","timestamp":"2023-11-09 15:00:19"},{"nodeID":"1384713","text":"Anita Boateng: we need to be ambitious for climate change","type":"L","timestamp":"2023-11-09 15:00:19"},{"nodeID":"1384714","text":"Analysing","type":"YA","timestamp":"2023-11-09 15:00:19"},{"nodeID":"1384715","text":"Fyfe: Anita Boateng: we need to be ambitious for climate change","type":"L","timestamp":"2023-11-09 15:00:19"},{"nodeID":"1384716","text":"Asserting","type":"YA","timestamp":"2023-11-09 15:00:19"},{"nodeID":"1384717","text":"Default Transition","type":"TA","timestamp":"2023-11-09 15:00:19"},{"nodeID":"1384718","text":"on climate change issues let us walk before we run","type":"I","timestamp":"2023-11-09 15:00:19"},{"nodeID":"1384719","text":"Anita Boateng: let\u2019s walk before we run","type":"L","timestamp":"2023-11-09 15:00:19"},{"nodeID":"1384720","text":"Analysing","type":"YA","timestamp":"2023-11-09 15:00:19"},{"nodeID":"1384721","text":"Fyfe: Anita Boateng: let\u2019s walk before we run","type":"L","timestamp":"2023-11-09 15:00:19"},{"nodeID":"1384722","text":"Asserting","type":"YA","timestamp":"2023-11-09 15:00:19"},{"nodeID":"1384723","text":"Default Transition","type":"TA","timestamp":"2023-11-09 15:00:19"},{"nodeID":"1384724","text":"Default Conflict","type":"CA","timestamp":"2023-11-09 15:00:19"},{"nodeID":"1384725","text":"Default Rephrase","type":"MA","timestamp":"2023-11-09 15:00:19"},{"nodeID":"1384726","text":"Restating","type":"YA","timestamp":"2023-11-09 15:00:19"},{"nodeID":"1384727","text":"Disagreeing","type":"YA","timestamp":"2023-11-09 15:00:19"},{"nodeID":"1384728","text":"let us focus on the issues of people outlining right now around infrastructure","type":"I","timestamp":"2023-11-09 15:00:20"},{"nodeID":"1384729","text":"Anita Boateng:  Let\u2019s focus on the issues of people outlining right now around infrastructure","type":"L","timestamp":"2023-11-09 15:00:20"},{"nodeID":"1384730","text":"Analysing","type":"YA","timestamp":"2023-11-09 15:00:20"},{"nodeID":"1384731","text":"Fyfe: Anita Boateng:  Let\u2019s focus on the issues of people outlining right now around infrastructure","type":"L","timestamp":"2023-11-09 15:00:20"},{"nodeID":"1384732","text":"Asserting","type":"YA","timestamp":"2023-11-09 15:00:20"},{"nodeID":"1384733","text":"Default Transition","type":"TA","timestamp":"2023-11-09 15:00:20"},{"nodeID":"1384734","text":"let us focus on the issues of people around investment","type":"I","timestamp":"2023-11-09 15:00:21"},{"nodeID":"1384735","text":"Anita Boateng: around investment","type":"L","timestamp":"2023-11-09 15:00:21"},{"nodeID":"1384736","text":"Analysing","type":"YA","timestamp":"2023-11-09 15:00:21"},{"nodeID":"1384737","text":"Fyfe: Anita Boateng: around investment","type":"L","timestamp":"2023-11-09 15:00:21"},{"nodeID":"1384738","text":"Asserting","type":"YA","timestamp":"2023-11-09 15:00:21"},{"nodeID":"1384739","text":"Default Transition","type":"TA","timestamp":"2023-11-09 15:00:21"},{"nodeID":"1384740","text":"Default Rephrase","type":"MA","timestamp":"2023-11-09 15:00:21"},{"nodeID":"1384741","text":"let us focus around the issues around tourism","type":"I","timestamp":"2023-11-09 15:00:21"},{"nodeID":"1384742","text":"Anita Boateng: around tourism","type":"L","timestamp":"2023-11-09 15:00:21"},{"nodeID":"1384743","text":"Analysing","type":"YA","timestamp":"2023-11-09 15:00:21"},{"nodeID":"1384744","text":"Fyfe: Anita Boateng: around tourism","type":"L","timestamp":"2023-11-09 15:00:21"},{"nodeID":"1384745","text":"Asserting","type":"YA","timestamp":"2023-11-09 15:00:21"},{"nodeID":"1384746","text":"Default Transition","type":"TA","timestamp":"2023-11-09 15:00:21"},{"nodeID":"1384747","text":"Default Rephrase","type":"MA","timestamp":"2023-11-09 15:00:21"},{"nodeID":"1384748","text":"Restating","type":"YA","timestamp":"2023-11-09 15:00:21"},{"nodeID":"1384749","text":"Default Rephrase","type":"MA","timestamp":"2023-11-09 15:00:21"},{"nodeID":"1384750","text":"Restating","type":"YA","timestamp":"2023-11-09 15:00:21"},{"nodeID":"1384751","text":"Disagreeing","type":"YA","timestamp":"2023-11-09 15:00:21"}],"edges":[{"edgeID":"1809368","fromID":"1384623","toID":"1384622","formEdgeID":null},{"edgeID":"1809369","fromID":"1384624","toID":"1384623","formEdgeID":null},{"edgeID":"1809370","fromID":"1384622","toID":"1384625","formEdgeID":null},{"edgeID":"1809371","fromID":"1384625","toID":"1384621","formEdgeID":null},{"edgeID":"1809372","fromID":"1384628","toID":"1384627","formEdgeID":null},{"edgeID":"1809373","fromID":"1384629","toID":"1384628","formEdgeID":null},{"edgeID":"1809374","fromID":"1384627","toID":"1384630","formEdgeID":null},{"edgeID":"1809375","fromID":"1384630","toID":"1384626","formEdgeID":null},{"edgeID":"1809376","fromID":"1384622","toID":"1384631","formEdgeID":null},{"edgeID":"1809377","fromID":"1384631","toID":"1384627","formEdgeID":null},{"edgeID":"1809378","fromID":"1384634","toID":"1384633","formEdgeID":null},{"edgeID":"1809379","fromID":"1384635","toID":"1384634","formEdgeID":null},{"edgeID":"1809380","fromID":"1384633","toID":"1384636","formEdgeID":null},{"edgeID":"1809381","fromID":"1384636","toID":"1384632","formEdgeID":null},{"edgeID":"1809382","fromID":"1384627","toID":"1384637","formEdgeID":null},{"edgeID":"1809383","fromID":"1384637","toID":"1384633","formEdgeID":null},{"edgeID":"1809384","fromID":"1384632","toID":"1384638","formEdgeID":null},{"edgeID":"1809385","fromID":"1384638","toID":"1384626","formEdgeID":null},{"edgeID":"1809386","fromID":"1384641","toID":"1384640","formEdgeID":null},{"edgeID":"1809387","fromID":"1384642","toID":"1384641","formEdgeID":null},{"edgeID":"1809388","fromID":"1384640","toID":"1384643","formEdgeID":null},{"edgeID":"1809389","fromID":"1384643","toID":"1384639","formEdgeID":null},{"edgeID":"1809390","fromID":"1384627","toID":"1384644","formEdgeID":null},{"edgeID":"1809391","fromID":"1384644","toID":"1384640","formEdgeID":null},{"edgeID":"1809392","fromID":"1384639","toID":"1384645","formEdgeID":null},{"edgeID":"1809393","fromID":"1384645","toID":"1384626","formEdgeID":null},{"edgeID":"1809394","fromID":"1384644","toID":"1384646","formEdgeID":null},{"edgeID":"1809395","fromID":"1384646","toID":"1384645","formEdgeID":null},{"edgeID":"1809396","fromID":"1384637","toID":"1384647","formEdgeID":null},{"edgeID":"1809397","fromID":"1384647","toID":"1384638","formEdgeID":null},{"edgeID":"1809398","fromID":"1384650","toID":"1384649","formEdgeID":null},{"edgeID":"1809399","fromID":"1384651","toID":"1384650","formEdgeID":null},{"edgeID":"1809400","fromID":"1384649","toID":"1384652","formEdgeID":null},{"edgeID":"1809401","fromID":"1384652","toID":"1384648","formEdgeID":null},{"edgeID":"1809402","fromID":"1384640","toID":"1384653","formEdgeID":null},{"edgeID":"1809403","fromID":"1384653","toID":"1384649","formEdgeID":null},{"edgeID":"1809404","fromID":"1384656","toID":"1384655","formEdgeID":null},{"edgeID":"1809405","fromID":"1384657","toID":"1384656","formEdgeID":null},{"edgeID":"1809406","fromID":"1384655","toID":"1384658","formEdgeID":null},{"edgeID":"1809407","fromID":"1384658","toID":"1384654","formEdgeID":null},{"edgeID":"1809408","fromID":"1384649","toID":"1384659","formEdgeID":null},{"edgeID":"1809409","fromID":"1384659","toID":"1384655","formEdgeID":null},{"edgeID":"1809410","fromID":"1384662","toID":"1384661","formEdgeID":null},{"edgeID":"1809411","fromID":"1384663","toID":"1384662","formEdgeID":null},{"edgeID":"1809412","fromID":"1384661","toID":"1384664","formEdgeID":null},{"edgeID":"1809413","fromID":"1384664","toID":"1384660","formEdgeID":null},{"edgeID":"1809414","fromID":"1384655","toID":"1384665","formEdgeID":null},{"edgeID":"1809415","fromID":"1384665","toID":"1384661","formEdgeID":null},{"edgeID":"1809416","fromID":"1384668","toID":"1384667","formEdgeID":null},{"edgeID":"1809417","fromID":"1384669","toID":"1384668","formEdgeID":null},{"edgeID":"1809418","fromID":"1384667","toID":"1384670","formEdgeID":null},{"edgeID":"1809419","fromID":"1384670","toID":"1384666","formEdgeID":null},{"edgeID":"1809420","fromID":"1384661","toID":"1384671","formEdgeID":null},{"edgeID":"1809421","fromID":"1384671","toID":"1384667","formEdgeID":null},{"edgeID":"1809422","fromID":"1384666","toID":"1384672","formEdgeID":null},{"edgeID":"1809423","fromID":"1384672","toID":"1384660","formEdgeID":null},{"edgeID":"1809424","fromID":"1384671","toID":"1384673","formEdgeID":null},{"edgeID":"1809425","fromID":"1384673","toID":"1384672","formEdgeID":null},{"edgeID":"1809426","fromID":"1384675","toID":"1384674","formEdgeID":null},{"edgeID":"1809427","fromID":"1384676","toID":"1384675","formEdgeID":null},{"edgeID":"1809428","fromID":"1384667","toID":"1384677","formEdgeID":null},{"edgeID":"1809429","fromID":"1384677","toID":"1384674","formEdgeID":null},{"edgeID":"1809430","fromID":"1384680","toID":"1384679","formEdgeID":null},{"edgeID":"1809431","fromID":"1384681","toID":"1384680","formEdgeID":null},{"edgeID":"1809432","fromID":"1384679","toID":"1384682","formEdgeID":null},{"edgeID":"1809433","fromID":"1384682","toID":"1384678","formEdgeID":null},{"edgeID":"1809434","fromID":"1384674","toID":"1384683","formEdgeID":null},{"edgeID":"1809435","fromID":"1384683","toID":"1384679","formEdgeID":null},{"edgeID":"1809436","fromID":"1384686","toID":"1384685","formEdgeID":null},{"edgeID":"1809437","fromID":"1384687","toID":"1384686","formEdgeID":null},{"edgeID":"1809438","fromID":"1384685","toID":"1384688","formEdgeID":null},{"edgeID":"1809439","fromID":"1384688","toID":"1384684","formEdgeID":null},{"edgeID":"1809440","fromID":"1384679","toID":"1384689","formEdgeID":null},{"edgeID":"1809441","fromID":"1384689","toID":"1384685","formEdgeID":null},{"edgeID":"1809442","fromID":"1384684","toID":"1384690","formEdgeID":null},{"edgeID":"1809443","fromID":"1384690","toID":"1384678","formEdgeID":null},{"edgeID":"1809444","fromID":"1384689","toID":"1384691","formEdgeID":null},{"edgeID":"1809445","fromID":"1384691","toID":"1384690","formEdgeID":null},{"edgeID":"1809446","fromID":"1384694","toID":"1384693","formEdgeID":null},{"edgeID":"1809447","fromID":"1384695","toID":"1384694","formEdgeID":null},{"edgeID":"1809448","fromID":"1384693","toID":"1384696","formEdgeID":null},{"edgeID":"1809449","fromID":"1384696","toID":"1384692","formEdgeID":null},{"edgeID":"1809450","fromID":"1384685","toID":"1384697","formEdgeID":null},{"edgeID":"1809451","fromID":"1384697","toID":"1384693","formEdgeID":null},{"edgeID":"1809452","fromID":"1384692","toID":"1384698","formEdgeID":null},{"edgeID":"1809453","fromID":"1384698","toID":"1384678","formEdgeID":null},{"edgeID":"1809454","fromID":"1384697","toID":"1384699","formEdgeID":null},{"edgeID":"1809455","fromID":"1384699","toID":"1384698","formEdgeID":null},{"edgeID":"1809456","fromID":"1384702","toID":"1384701","formEdgeID":null},{"edgeID":"1809457","fromID":"1384703","toID":"1384702","formEdgeID":null},{"edgeID":"1809458","fromID":"1384701","toID":"1384704","formEdgeID":null},{"edgeID":"1809459","fromID":"1384704","toID":"1384700","formEdgeID":null},{"edgeID":"1809460","fromID":"1384693","toID":"1384705","formEdgeID":null},{"edgeID":"1809461","fromID":"1384705","toID":"1384701","formEdgeID":null},{"edgeID":"1809462","fromID":"1384708","toID":"1384707","formEdgeID":null},{"edgeID":"1809463","fromID":"1384709","toID":"1384708","formEdgeID":null},{"edgeID":"1809464","fromID":"1384707","toID":"1384710","formEdgeID":null},{"edgeID":"1809465","fromID":"1384710","toID":"1384706","formEdgeID":null},{"edgeID":"1809466","fromID":"1384701","toID":"1384711","formEdgeID":null},{"edgeID":"1809467","fromID":"1384711","toID":"1384707","formEdgeID":null},{"edgeID":"1809468","fromID":"1384714","toID":"1384713","formEdgeID":null},{"edgeID":"1809469","fromID":"1384715","toID":"1384714","formEdgeID":null},{"edgeID":"1809470","fromID":"1384713","toID":"1384716","formEdgeID":null},{"edgeID":"1809471","fromID":"1384716","toID":"1384712","formEdgeID":null},{"edgeID":"1809472","fromID":"1384707","toID":"1384717","formEdgeID":null},{"edgeID":"1809473","fromID":"1384717","toID":"1384713","formEdgeID":null},{"edgeID":"1809474","fromID":"1384720","toID":"1384719","formEdgeID":null},{"edgeID":"1809475","fromID":"1384721","toID":"1384720","formEdgeID":null},{"edgeID":"1809476","fromID":"1384719","toID":"1384722","formEdgeID":null},{"edgeID":"1809477","fromID":"1384722","toID":"1384718","formEdgeID":null},{"edgeID":"1809478","fromID":"1384713","toID":"1384723","formEdgeID":null},{"edgeID":"1809479","fromID":"1384723","toID":"1384719","formEdgeID":null},{"edgeID":"1809480","fromID":"1384718","toID":"1384724","formEdgeID":null},{"edgeID":"1809481","fromID":"1384724","toID":"1384712","formEdgeID":null},{"edgeID":"1809482","fromID":"1384706","toID":"1384725","formEdgeID":null},{"edgeID":"1809483","fromID":"1384725","toID":"1384700","formEdgeID":null},{"edgeID":"1809484","fromID":"1384711","toID":"1384726","formEdgeID":null},{"edgeID":"1809485","fromID":"1384726","toID":"1384725","formEdgeID":null},{"edgeID":"1809486","fromID":"1384723","toID":"1384727","formEdgeID":null},{"edgeID":"1809487","fromID":"1384727","toID":"1384724","formEdgeID":null},{"edgeID":"1809488","fromID":"1384730","toID":"1384729","formEdgeID":null},{"edgeID":"1809489","fromID":"1384731","toID":"1384730","formEdgeID":null},{"edgeID":"1809490","fromID":"1384729","toID":"1384732","formEdgeID":null},{"edgeID":"1809491","fromID":"1384732","toID":"1384728","formEdgeID":null},{"edgeID":"1809492","fromID":"1384719","toID":"1384733","formEdgeID":null},{"edgeID":"1809493","fromID":"1384733","toID":"1384729","formEdgeID":null},{"edgeID":"1809494","fromID":"1384736","toID":"1384735","formEdgeID":null},{"edgeID":"1809495","fromID":"1384737","toID":"1384736","formEdgeID":null},{"edgeID":"1809496","fromID":"1384735","toID":"1384738","formEdgeID":null},{"edgeID":"1809497","fromID":"1384738","toID":"1384734","formEdgeID":null},{"edgeID":"1809498","fromID":"1384729","toID":"1384739","formEdgeID":null},{"edgeID":"1809499","fromID":"1384739","toID":"1384735","formEdgeID":null},{"edgeID":"1809500","fromID":"1384734","toID":"1384740","formEdgeID":null},{"edgeID":"1809501","fromID":"1384740","toID":"1384728","formEdgeID":null},{"edgeID":"1809502","fromID":"1384743","toID":"1384742","formEdgeID":null},{"edgeID":"1809503","fromID":"1384744","toID":"1384743","formEdgeID":null},{"edgeID":"1809504","fromID":"1384742","toID":"1384745","formEdgeID":null},{"edgeID":"1809505","fromID":"1384745","toID":"1384741","formEdgeID":null},{"edgeID":"1809506","fromID":"1384729","toID":"1384746","formEdgeID":null},{"edgeID":"1809507","fromID":"1384746","toID":"1384742","formEdgeID":null},{"edgeID":"1809508","fromID":"1384741","toID":"1384747","formEdgeID":null},{"edgeID":"1809509","fromID":"1384747","toID":"1384728","formEdgeID":null},{"edgeID":"1809510","fromID":"1384746","toID":"1384748","formEdgeID":null},{"edgeID":"1809511","fromID":"1384748","toID":"1384747","formEdgeID":null},{"edgeID":"1809512","fromID":"1384626","toID":"1384749","formEdgeID":null},{"edgeID":"1809513","fromID":"1384749","toID":"1384621","formEdgeID":null},{"edgeID":"1809514","fromID":"1384631","toID":"1384750","formEdgeID":null},{"edgeID":"1809515","fromID":"1384750","toID":"1384749","formEdgeID":null},{"edgeID":"1809516","fromID":"1384677","toID":"1384751","formEdgeID":null},{"edgeID":"1809517","fromID":"1384751","toID":"1384666","formEdgeID":null}],"locutions":[]}