{"nodes":[{"nodeID":"1380271","text":"it does or doesn't trouble David Davies that Shamima Begum was a child when she made the choice to go to Syria","type":"I","timestamp":"2023-11-09 14:53:58"},{"nodeID":"1380272","text":"Fiona Bruce: does it trouble you that she was a child when she made this choice","type":"L","timestamp":"2023-11-09 14:53:58"},{"nodeID":"1380273","text":"Analysing","type":"YA","timestamp":"2023-11-09 14:53:58"},{"nodeID":"1380274","text":"Nicole: Fiona Bruce: does it trouble you that she was a child when she made this choice","type":"L","timestamp":"2023-11-09 14:53:58"},{"nodeID":"1380275","text":"Pure Questioning","type":"YA","timestamp":"2023-11-09 14:53:58"},{"nodeID":"1380276","text":"it troubles David Davies that people went out to Syria and committed atrocities","type":"I","timestamp":"2023-11-09 14:53:58"},{"nodeID":"1380277","text":"David Davies: it troubles me that people went out to Syria and committed atrocities","type":"L","timestamp":"2023-11-09 14:53:58"},{"nodeID":"1380278","text":"Analysing","type":"YA","timestamp":"2023-11-09 14:53:58"},{"nodeID":"1380279","text":"Nicole: David Davies: it troubles me that people went out to Syria and committed atrocities","type":"L","timestamp":"2023-11-09 14:53:58"},{"nodeID":"1380280","text":"Asserting","type":"YA","timestamp":"2023-11-09 14:53:58"},{"nodeID":"1380281","text":"Default Transition","type":"TA","timestamp":"2023-11-09 14:53:58"},{"nodeID":"1380282","text":"whether Shamima Begum did commit atrocities or not David Davies doesn't know","type":"I","timestamp":"2023-11-09 14:53:59"},{"nodeID":"1380283","text":"David Davies: whether she did or not I don't know","type":"L","timestamp":"2023-11-09 14:53:59"},{"nodeID":"1380284","text":"Analysing","type":"YA","timestamp":"2023-11-09 14:53:59"},{"nodeID":"1380285","text":"Nicole: David Davies: whether she did or not I don't know","type":"L","timestamp":"2023-11-09 14:53:59"},{"nodeID":"1380286","text":"Asserting","type":"YA","timestamp":"2023-11-09 14:53:59"},{"nodeID":"1380287","text":"Default Transition","type":"TA","timestamp":"2023-11-09 14:53:59"},{"nodeID":"1380288","text":"it troubles David Davies that some people may try to come back from Syria and commit atrocities over here","type":"I","timestamp":"2023-11-09 14:53:59"},{"nodeID":"1380289","text":"David Davies: it troubles me that some people may try to come back and commit atrocities over here","type":"L","timestamp":"2023-11-09 14:53:59"},{"nodeID":"1380290","text":"Analysing","type":"YA","timestamp":"2023-11-09 14:53:59"},{"nodeID":"1380291","text":"Nicole: David Davies: it troubles me that some people may try to come back and commit atrocities over here","type":"L","timestamp":"2023-11-09 14:53:59"},{"nodeID":"1380292","text":"Asserting","type":"YA","timestamp":"2023-11-09 14:53:59"},{"nodeID":"1380293","text":"what David Davies is pleased about is that the UK government is going to put the safety of the British people first","type":"I","timestamp":"2023-11-09 14:54:00"},{"nodeID":"1380294","text":"David Davies: what I\u2019m pleased about is that the UK government is going to put the safety of the British people first","type":"L","timestamp":"2023-11-09 14:54:00"},{"nodeID":"1380295","text":"Analysing","type":"YA","timestamp":"2023-11-09 14:54:00"},{"nodeID":"1380296","text":"Nicole: David Davies: what I\u2019m pleased about is that the UK government is going to put the safety of the British people first","type":"L","timestamp":"2023-11-09 14:54:00"},{"nodeID":"1380297","text":"Asserting","type":"YA","timestamp":"2023-11-09 14:54:00"},{"nodeID":"1380298","text":"Default Transition","type":"TA","timestamp":"2023-11-09 14:54:00"},{"nodeID":"1380299","text":"Default Rephrase","type":"MA","timestamp":"2023-11-09 14:54:00"},{"nodeID":"1380300","text":"Default Illocuting","type":"YA","timestamp":"2023-11-09 14:54:00"},{"nodeID":"1380301","text":"Default Transition","type":"TA","timestamp":"2023-11-09 14:54:00"},{"nodeID":"1380302","text":"Default Transition","type":"TA","timestamp":"2023-11-09 14:54:00"},{"nodeID":"1380303","text":"Default Inference","type":"RA","timestamp":"2023-11-09 14:54:00"},{"nodeID":"1380304","text":"Arguing","type":"YA","timestamp":"2023-11-09 14:54:00"},{"nodeID":"1380305","text":"Default Rephrase","type":"MA","timestamp":"2023-11-09 14:54:00"},{"nodeID":"1380306","text":"Restating","type":"YA","timestamp":"2023-11-09 14:54:00"},{"nodeID":"1380307","text":"what\u2019s happening with Shamima Begum sets a very difficult and dangerous precedent","type":"I","timestamp":"2023-11-09 14:54:01"},{"nodeID":"1380308","text":"Liz Saville Roberts: this sets a very difficult and dangerous precedent","type":"L","timestamp":"2023-11-09 14:54:01"},{"nodeID":"1380309","text":"Analysing","type":"YA","timestamp":"2023-11-09 14:54:01"},{"nodeID":"1380310","text":"Nicole: Liz Saville Roberts: this sets a very difficult and dangerous precedent","type":"L","timestamp":"2023-11-09 14:54:01"},{"nodeID":"1380311","text":"Asserting","type":"YA","timestamp":"2023-11-09 14:54:01"},{"nodeID":"1380312","text":"effectively what we've said here is that those citizens of the United Kingdom who only hold one citizenship and were born here are entitled to maintain that citizenship, but those citizens who hold dual citizenships are not","type":"I","timestamp":"2023-11-09 14:54:01"},{"nodeID":"1380313","text":"Liz Saville Roberts: effectively what we've said here is that those citizens of the United Kingdom who only hold one citizenship and were born here are entitled to maintain that citizenship, but those citizens who hold dual citizenships are not","type":"L","timestamp":"2023-11-09 14:54:01"},{"nodeID":"1380314","text":"Analysing","type":"YA","timestamp":"2023-11-09 14:54:01"},{"nodeID":"1380315","text":"Nicole: Liz Saville Roberts: effectively what we've said here is that those citizens of the United Kingdom who only hold one citizenship and were born here are entitled to maintain that citizenship, but those citizens who hold dual citizenships are not","type":"L","timestamp":"2023-11-09 14:54:01"},{"nodeID":"1380316","text":"Asserting","type":"YA","timestamp":"2023-11-09 14:54:01"},{"nodeID":"1380317","text":"Default Transition","type":"TA","timestamp":"2023-11-09 14:54:01"},{"nodeID":"1380318","text":"Default Inference","type":"RA","timestamp":"2023-11-09 14:54:01"},{"nodeID":"1380319","text":"Arguing","type":"YA","timestamp":"2023-11-09 14:54:01"},{"nodeID":"1380320","text":"what\u2019s happening here with Shamima Begum is that she has a Bangladesh citizenship","type":"I","timestamp":"2023-11-09 14:54:02"},{"nodeID":"1380321","text":"Liz Saville Roberts: what\u2019s happening here with Shamima Begum is that she has, as I understand, a Bangladesh citizenship","type":"L","timestamp":"2023-11-09 14:54:02"},{"nodeID":"1380322","text":"Analysing","type":"YA","timestamp":"2023-11-09 14:54:02"},{"nodeID":"1380323","text":"Nicole: Liz Saville Roberts: what\u2019s happening here with Shamima Begum is that she has, as I understand, a Bangladesh citizenship","type":"L","timestamp":"2023-11-09 14:54:02"},{"nodeID":"1380324","text":"Asserting","type":"YA","timestamp":"2023-11-09 14:54:02"},{"nodeID":"1380325","text":"Default Transition","type":"TA","timestamp":"2023-11-09 14:54:02"},{"nodeID":"1380326","text":"Default Inference","type":"RA","timestamp":"2023-11-09 14:54:02"},{"nodeID":"1380327","text":"Arguing","type":"YA","timestamp":"2023-11-09 14:54:02"},{"nodeID":"1380328","text":"Shamima Begum doesn't actually have a Bangladesh citizenship","type":"I","timestamp":"2023-11-09 14:54:03"},{"nodeID":"1380329","text":"Fiona Bruce: no she doesn\u2019t actually","type":"L","timestamp":"2023-11-09 14:54:03"},{"nodeID":"1380330","text":"Analysing","type":"YA","timestamp":"2023-11-09 14:54:03"},{"nodeID":"1380331","text":"Nicole: Fiona Bruce: no she doesn\u2019t actually","type":"L","timestamp":"2023-11-09 14:54:03"},{"nodeID":"1380332","text":"Asserting","type":"YA","timestamp":"2023-11-09 14:54:03"},{"nodeID":"1380333","text":"Default Transition","type":"TA","timestamp":"2023-11-09 14:54:03"},{"nodeID":"1380334","text":"Default Conflict","type":"CA","timestamp":"2023-11-09 14:54:03"},{"nodeID":"1380335","text":"Disagreeing","type":"YA","timestamp":"2023-11-09 14:54:03"},{"nodeID":"1380336","text":"Bangladesh haven\u2019t said that they will accept Shamima Begum","type":"I","timestamp":"2023-11-09 14:54:03"},{"nodeID":"1380337","text":"Fiona Bruce: They haven\u2019t said that they will accept her","type":"L","timestamp":"2023-11-09 14:54:03"},{"nodeID":"1380338","text":"Analysing","type":"YA","timestamp":"2023-11-09 14:54:03"},{"nodeID":"1380339","text":"Nicole: Fiona Bruce: They haven\u2019t said that they will accept her","type":"L","timestamp":"2023-11-09 14:54:03"},{"nodeID":"1380340","text":"Asserting","type":"YA","timestamp":"2023-11-09 14:54:03"},{"nodeID":"1380341","text":"Default Transition","type":"TA","timestamp":"2023-11-09 14:54:03"},{"nodeID":"1380342","text":"Default Inference","type":"RA","timestamp":"2023-11-09 14:54:03"},{"nodeID":"1380343","text":"Arguing","type":"YA","timestamp":"2023-11-09 14:54:03"},{"nodeID":"1380344","text":"Bangladesh have said that they won't accept Shamima Begum","type":"I","timestamp":"2023-11-09 14:54:04"},{"nodeID":"1380345","text":"Liz Saville Roberts: They\u2019ve said that they won't accept her","type":"L","timestamp":"2023-11-09 14:54:04"},{"nodeID":"1380346","text":"Analysing","type":"YA","timestamp":"2023-11-09 14:54:04"},{"nodeID":"1380347","text":"Nicole: Liz Saville Roberts: They\u2019ve said that they won't accept her","type":"L","timestamp":"2023-11-09 14:54:04"},{"nodeID":"1380348","text":"Asserting","type":"YA","timestamp":"2023-11-09 14:54:04"},{"nodeID":"1380349","text":"Default Transition","type":"TA","timestamp":"2023-11-09 14:54:04"},{"nodeID":"1380350","text":"Default Rephrase","type":"MA","timestamp":"2023-11-09 14:54:04"},{"nodeID":"1380351","text":"Restating","type":"YA","timestamp":"2023-11-09 14:54:04"},{"nodeID":"1380352","text":"at the moment Shamima Begum has no citizenship at all","type":"I","timestamp":"2023-11-09 14:54:04"},{"nodeID":"1380353","text":"Fiona Bruce: At the moment she has no citizenship at all","type":"L","timestamp":"2023-11-09 14:54:04"},{"nodeID":"1380354","text":"Analysing","type":"YA","timestamp":"2023-11-09 14:54:04"},{"nodeID":"1380355","text":"Nicole: Fiona Bruce: At the moment she has no citizenship at all","type":"L","timestamp":"2023-11-09 14:54:04"},{"nodeID":"1380356","text":"Asserting","type":"YA","timestamp":"2023-11-09 14:54:04"},{"nodeID":"1380357","text":"she is presently in limbo","type":"I","timestamp":"2023-11-09 14:54:05"},{"nodeID":"1380358","text":"Liz Saville Roberts: she is presently in limbo","type":"L","timestamp":"2023-11-09 14:54:05"},{"nodeID":"1380359","text":"Analysing","type":"YA","timestamp":"2023-11-09 14:54:05"},{"nodeID":"1380360","text":"Nicole: Liz Saville Roberts: she is presently in limbo","type":"L","timestamp":"2023-11-09 14:54:05"},{"nodeID":"1380361","text":"Asserting","type":"YA","timestamp":"2023-11-09 14:54:05"},{"nodeID":"1380362","text":"Default Transition","type":"TA","timestamp":"2023-11-09 14:54:05"},{"nodeID":"1380363","text":"Default Rephrase","type":"MA","timestamp":"2023-11-09 14:54:05"},{"nodeID":"1380364","text":"Default Illocuting","type":"YA","timestamp":"2023-11-09 14:54:05"},{"nodeID":"1380365","text":"Default Inference","type":"RA","timestamp":"2023-11-09 14:54:05"},{"nodeID":"1380366","text":"Default Transition","type":"TA","timestamp":"2023-11-09 14:54:05"},{"nodeID":"1380367","text":"Arguing","type":"YA","timestamp":"2023-11-09 14:54:05"},{"nodeID":"1380368","text":"Default Inference","type":"RA","timestamp":"2023-11-09 14:54:05"},{"nodeID":"1380369","text":"Default Transition","type":"TA","timestamp":"2023-11-09 14:54:05"},{"nodeID":"1380370","text":"Arguing","type":"YA","timestamp":"2023-11-09 14:54:05"}],"edges":[{"edgeID":"1804274","fromID":"1380273","toID":"1380272","formEdgeID":null},{"edgeID":"1804275","fromID":"1380274","toID":"1380273","formEdgeID":null},{"edgeID":"1804276","fromID":"1380272","toID":"1380275","formEdgeID":null},{"edgeID":"1804277","fromID":"1380275","toID":"1380271","formEdgeID":null},{"edgeID":"1804278","fromID":"1380278","toID":"1380277","formEdgeID":null},{"edgeID":"1804279","fromID":"1380279","toID":"1380278","formEdgeID":null},{"edgeID":"1804280","fromID":"1380277","toID":"1380280","formEdgeID":null},{"edgeID":"1804281","fromID":"1380280","toID":"1380276","formEdgeID":null},{"edgeID":"1804282","fromID":"1380272","toID":"1380281","formEdgeID":null},{"edgeID":"1804283","fromID":"1380281","toID":"1380277","formEdgeID":null},{"edgeID":"1804284","fromID":"1380284","toID":"1380283","formEdgeID":null},{"edgeID":"1804285","fromID":"1380285","toID":"1380284","formEdgeID":null},{"edgeID":"1804286","fromID":"1380283","toID":"1380286","formEdgeID":null},{"edgeID":"1804287","fromID":"1380286","toID":"1380282","formEdgeID":null},{"edgeID":"1804288","fromID":"1380277","toID":"1380287","formEdgeID":null},{"edgeID":"1804289","fromID":"1380287","toID":"1380283","formEdgeID":null},{"edgeID":"1804290","fromID":"1380290","toID":"1380289","formEdgeID":null},{"edgeID":"1804291","fromID":"1380291","toID":"1380290","formEdgeID":null},{"edgeID":"1804292","fromID":"1380289","toID":"1380292","formEdgeID":null},{"edgeID":"1804293","fromID":"1380292","toID":"1380288","formEdgeID":null},{"edgeID":"1804294","fromID":"1380295","toID":"1380294","formEdgeID":null},{"edgeID":"1804295","fromID":"1380296","toID":"1380295","formEdgeID":null},{"edgeID":"1804296","fromID":"1380294","toID":"1380297","formEdgeID":null},{"edgeID":"1804297","fromID":"1380297","toID":"1380293","formEdgeID":null},{"edgeID":"1804298","fromID":"1380272","toID":"1380298","formEdgeID":null},{"edgeID":"1804299","fromID":"1380298","toID":"1380294","formEdgeID":null},{"edgeID":"1804300","fromID":"1380293","toID":"1380299","formEdgeID":null},{"edgeID":"1804301","fromID":"1380299","toID":"1380271","formEdgeID":null},{"edgeID":"1804302","fromID":"1380298","toID":"1380300","formEdgeID":null},{"edgeID":"1804303","fromID":"1380300","toID":"1380299","formEdgeID":null},{"edgeID":"1804304","fromID":"1380289","toID":"1380301","formEdgeID":null},{"edgeID":"1804305","fromID":"1380301","toID":"1380294","formEdgeID":null},{"edgeID":"1804306","fromID":"1380277","toID":"1380302","formEdgeID":null},{"edgeID":"1804307","fromID":"1380302","toID":"1380289","formEdgeID":null},{"edgeID":"1804308","fromID":"1380288","toID":"1380303","formEdgeID":null},{"edgeID":"1804309","fromID":"1380303","toID":"1380293","formEdgeID":null},{"edgeID":"1804310","fromID":"1380301","toID":"1380304","formEdgeID":null},{"edgeID":"1804311","fromID":"1380304","toID":"1380303","formEdgeID":null},{"edgeID":"1804312","fromID":"1380288","toID":"1380305","formEdgeID":null},{"edgeID":"1804313","fromID":"1380305","toID":"1380276","formEdgeID":null},{"edgeID":"1804314","fromID":"1380302","toID":"1380306","formEdgeID":null},{"edgeID":"1804315","fromID":"1380306","toID":"1380305","formEdgeID":null},{"edgeID":"1804316","fromID":"1380309","toID":"1380308","formEdgeID":null},{"edgeID":"1804317","fromID":"1380310","toID":"1380309","formEdgeID":null},{"edgeID":"1804318","fromID":"1380308","toID":"1380311","formEdgeID":null},{"edgeID":"1804319","fromID":"1380311","toID":"1380307","formEdgeID":null},{"edgeID":"1804320","fromID":"1380314","toID":"1380313","formEdgeID":null},{"edgeID":"1804321","fromID":"1380315","toID":"1380314","formEdgeID":null},{"edgeID":"1804322","fromID":"1380313","toID":"1380316","formEdgeID":null},{"edgeID":"1804323","fromID":"1380316","toID":"1380312","formEdgeID":null},{"edgeID":"1804324","fromID":"1380308","toID":"1380317","formEdgeID":null},{"edgeID":"1804325","fromID":"1380317","toID":"1380313","formEdgeID":null},{"edgeID":"1804326","fromID":"1380312","toID":"1380318","formEdgeID":null},{"edgeID":"1804327","fromID":"1380318","toID":"1380307","formEdgeID":null},{"edgeID":"1804328","fromID":"1380317","toID":"1380319","formEdgeID":null},{"edgeID":"1804329","fromID":"1380319","toID":"1380318","formEdgeID":null},{"edgeID":"1804330","fromID":"1380322","toID":"1380321","formEdgeID":null},{"edgeID":"1804331","fromID":"1380323","toID":"1380322","formEdgeID":null},{"edgeID":"1804332","fromID":"1380321","toID":"1380324","formEdgeID":null},{"edgeID":"1804333","fromID":"1380324","toID":"1380320","formEdgeID":null},{"edgeID":"1804334","fromID":"1380313","toID":"1380325","formEdgeID":null},{"edgeID":"1804335","fromID":"1380325","toID":"1380321","formEdgeID":null},{"edgeID":"1804336","fromID":"1380320","toID":"1380326","formEdgeID":null},{"edgeID":"1804337","fromID":"1380326","toID":"1380312","formEdgeID":null},{"edgeID":"1804338","fromID":"1380325","toID":"1380327","formEdgeID":null},{"edgeID":"1804339","fromID":"1380327","toID":"1380326","formEdgeID":null},{"edgeID":"1804340","fromID":"1380330","toID":"1380329","formEdgeID":null},{"edgeID":"1804341","fromID":"1380331","toID":"1380330","formEdgeID":null},{"edgeID":"1804342","fromID":"1380329","toID":"1380332","formEdgeID":null},{"edgeID":"1804343","fromID":"1380332","toID":"1380328","formEdgeID":null},{"edgeID":"1804344","fromID":"1380321","toID":"1380333","formEdgeID":null},{"edgeID":"1804345","fromID":"1380333","toID":"1380329","formEdgeID":null},{"edgeID":"1804346","fromID":"1380328","toID":"1380334","formEdgeID":null},{"edgeID":"1804347","fromID":"1380334","toID":"1380320","formEdgeID":null},{"edgeID":"1804348","fromID":"1380333","toID":"1380335","formEdgeID":null},{"edgeID":"1804349","fromID":"1380335","toID":"1380334","formEdgeID":null},{"edgeID":"1804350","fromID":"1380338","toID":"1380337","formEdgeID":null},{"edgeID":"1804351","fromID":"1380339","toID":"1380338","formEdgeID":null},{"edgeID":"1804352","fromID":"1380337","toID":"1380340","formEdgeID":null},{"edgeID":"1804353","fromID":"1380340","toID":"1380336","formEdgeID":null},{"edgeID":"1804354","fromID":"1380329","toID":"1380341","formEdgeID":null},{"edgeID":"1804355","fromID":"1380341","toID":"1380337","formEdgeID":null},{"edgeID":"1804356","fromID":"1380336","toID":"1380342","formEdgeID":null},{"edgeID":"1804357","fromID":"1380342","toID":"1380328","formEdgeID":null},{"edgeID":"1804358","fromID":"1380341","toID":"1380343","formEdgeID":null},{"edgeID":"1804359","fromID":"1380343","toID":"1380342","formEdgeID":null},{"edgeID":"1804360","fromID":"1380346","toID":"1380345","formEdgeID":null},{"edgeID":"1804361","fromID":"1380347","toID":"1380346","formEdgeID":null},{"edgeID":"1804362","fromID":"1380345","toID":"1380348","formEdgeID":null},{"edgeID":"1804363","fromID":"1380348","toID":"1380344","formEdgeID":null},{"edgeID":"1804364","fromID":"1380337","toID":"1380349","formEdgeID":null},{"edgeID":"1804365","fromID":"1380349","toID":"1380345","formEdgeID":null},{"edgeID":"1804366","fromID":"1380344","toID":"1380350","formEdgeID":null},{"edgeID":"1804367","fromID":"1380350","toID":"1380336","formEdgeID":null},{"edgeID":"1804368","fromID":"1380349","toID":"1380351","formEdgeID":null},{"edgeID":"1804369","fromID":"1380351","toID":"1380350","formEdgeID":null},{"edgeID":"1804370","fromID":"1380354","toID":"1380353","formEdgeID":null},{"edgeID":"1804371","fromID":"1380355","toID":"1380354","formEdgeID":null},{"edgeID":"1804372","fromID":"1380353","toID":"1380356","formEdgeID":null},{"edgeID":"1804373","fromID":"1380356","toID":"1380352","formEdgeID":null},{"edgeID":"1804374","fromID":"1380359","toID":"1380358","formEdgeID":null},{"edgeID":"1804375","fromID":"1380360","toID":"1380359","formEdgeID":null},{"edgeID":"1804376","fromID":"1380358","toID":"1380361","formEdgeID":null},{"edgeID":"1804377","fromID":"1380361","toID":"1380357","formEdgeID":null},{"edgeID":"1804378","fromID":"1380272","toID":"1380362","formEdgeID":null},{"edgeID":"1804379","fromID":"1380362","toID":"1380308","formEdgeID":null},{"edgeID":"1804380","fromID":"1380307","toID":"1380363","formEdgeID":null},{"edgeID":"1804381","fromID":"1380363","toID":"1380271","formEdgeID":null},{"edgeID":"1804382","fromID":"1380362","toID":"1380364","formEdgeID":null},{"edgeID":"1804383","fromID":"1380364","toID":"1380363","formEdgeID":null},{"edgeID":"1804384","fromID":"1380336","toID":"1380365","formEdgeID":null},{"edgeID":"1804385","fromID":"1380365","toID":"1380352","formEdgeID":null},{"edgeID":"1804386","fromID":"1380337","toID":"1380366","formEdgeID":null},{"edgeID":"1804387","fromID":"1380366","toID":"1380353","formEdgeID":null},{"edgeID":"1804388","fromID":"1380366","toID":"1380367","formEdgeID":null},{"edgeID":"1804389","fromID":"1380367","toID":"1380365","formEdgeID":null},{"edgeID":"1804390","fromID":"1380344","toID":"1380368","formEdgeID":null},{"edgeID":"1804391","fromID":"1380368","toID":"1380357","formEdgeID":null},{"edgeID":"1804392","fromID":"1380345","toID":"1380369","formEdgeID":null},{"edgeID":"1804393","fromID":"1380369","toID":"1380358","formEdgeID":null},{"edgeID":"1804394","fromID":"1380369","toID":"1380370","formEdgeID":null},{"edgeID":"1804395","fromID":"1380370","toID":"1380368","formEdgeID":null}],"locutions":[]}