{"nodes":[{"nodeID":"1378563","text":"one of Keir Starmer\u2019s five missions is to make us the fastest growing major economy","type":"I","timestamp":"2023-11-09 14:51:29"},{"nodeID":"1378564","text":"AudienceMember 20230330QT01: One of Kier Starmer\u2019s five missions is to make us the fastest growing major economy","type":"L","timestamp":"2023-11-09 14:51:29"},{"nodeID":"1378565","text":"Analysing","type":"YA","timestamp":"2023-11-09 14:51:29"},{"nodeID":"1378566","text":"Anon: AudienceMember 20230330QT01: One of Kier Starmer\u2019s five missions is to make us the fastest growing major economy","type":"L","timestamp":"2023-11-09 14:51:29"},{"nodeID":"1378567","text":"Asserting","type":"YA","timestamp":"2023-11-09 14:51:29"},{"nodeID":"1378568","text":"is Keir Starmer's mission to make us the fastest growing major economy a political bluff or economic reality","type":"I","timestamp":"2023-11-09 14:51:30"},{"nodeID":"1378569","text":"AudienceMember 20230330QT01: political bluff or economic reality","type":"L","timestamp":"2023-11-09 14:51:30"},{"nodeID":"1378570","text":"Analysing","type":"YA","timestamp":"2023-11-09 14:51:30"},{"nodeID":"1378571","text":"Anon: AudienceMember 20230330QT01: political bluff or economic reality","type":"L","timestamp":"2023-11-09 14:51:30"},{"nodeID":"1378572","text":"Pure Questioning","type":"YA","timestamp":"2023-11-09 14:51:30"},{"nodeID":"1378573","text":"Default Transition","type":"TA","timestamp":"2023-11-09 14:51:30"},{"nodeID":"1378574","text":"Keir Starmer unveiled these five missions","type":"I","timestamp":"2023-11-09 14:51:31"},{"nodeID":"1378575","text":"Fiona Bruce: Kier Starmer unveiled these five missions","type":"L","timestamp":"2023-11-09 14:51:31"},{"nodeID":"1378576","text":"Analysing","type":"YA","timestamp":"2023-11-09 14:51:31"},{"nodeID":"1378577","text":"Anon: Fiona Bruce: Kier Starmer unveiled these five missions","type":"L","timestamp":"2023-11-09 14:51:31"},{"nodeID":"1378578","text":"Asserting","type":"YA","timestamp":"2023-11-09 14:51:31"},{"nodeID":"1378579","text":"the five missions include the highest sustained growth in the G7 at the end of the first term, plus there\u2019s a pledge on fossil fuels, the NHS, the justice system, and education","type":"I","timestamp":"2023-11-09 14:51:31"},{"nodeID":"1378580","text":"Fiona Bruce: They are, as you say, the highest sustained growth in the G7 at the end of the first term, plus there\u2019s a pledge on fossil fuels, the NHS, the justice system, and education","type":"L","timestamp":"2023-11-09 14:51:31"},{"nodeID":"1378581","text":"Analysing","type":"YA","timestamp":"2023-11-09 14:51:31"},{"nodeID":"1378582","text":"Anon: Fiona Bruce: They are, as you say, the highest sustained growth in the G7 at the end of the first term, plus there\u2019s a pledge on fossil fuels, the NHS, the justice system, and education","type":"L","timestamp":"2023-11-09 14:51:31"},{"nodeID":"1378583","text":"Asserting","type":"YA","timestamp":"2023-11-09 14:51:31"},{"nodeID":"1378584","text":"Default Rephrase","type":"MA","timestamp":"2023-11-09 14:51:31"},{"nodeID":"1378585","text":"Default Transition","type":"TA","timestamp":"2023-11-09 14:51:31"},{"nodeID":"1378586","text":"Restating","type":"YA","timestamp":"2023-11-09 14:51:31"},{"nodeID":"1378587","text":"Default Transition","type":"TA","timestamp":"2023-11-09 14:51:31"},{"nodeID":"1378588","text":"Britain would be the fastest growing major economy in the G7 in Labour\u2019s first term","type":"I","timestamp":"2023-11-09 14:51:32"},{"nodeID":"1378589","text":"Fiona Bruce: the fastest growing major economy in the G7 in Labour\u2019s first term","type":"L","timestamp":"2023-11-09 14:51:32"},{"nodeID":"1378590","text":"Analysing","type":"YA","timestamp":"2023-11-09 14:51:32"},{"nodeID":"1378591","text":"Anon: Fiona Bruce: the fastest growing major economy in the G7 in Labour\u2019s first term","type":"L","timestamp":"2023-11-09 14:51:32"},{"nodeID":"1378592","text":"Asserting","type":"YA","timestamp":"2023-11-09 14:51:32"},{"nodeID":"1378593","text":"xxx is how Keir Starmer would make Britain the fastest growing major economy in the G7 in Labour's first term","type":"I","timestamp":"2023-11-09 14:51:33"},{"nodeID":"1378594","text":"Fiona Bruce: how would he do it","type":"L","timestamp":"2023-11-09 14:51:33"},{"nodeID":"1378595","text":"Analysing","type":"YA","timestamp":"2023-11-09 14:51:33"},{"nodeID":"1378596","text":"Anon: Fiona Bruce: how would he do it","type":"L","timestamp":"2023-11-09 14:51:33"},{"nodeID":"1378597","text":"Pure Questioning","type":"YA","timestamp":"2023-11-09 14:51:33"},{"nodeID":"1378598","text":"Default Transition","type":"TA","timestamp":"2023-11-09 14:51:33"},{"nodeID":"1378599","text":"Keir Starmer can or can not make Britain the fastest growing major economy in the G7 in Labour's first term","type":"I","timestamp":"2023-11-09 14:51:33"},{"nodeID":"1378600","text":"Fiona Bruce: Can he do it","type":"L","timestamp":"2023-11-09 14:51:33"},{"nodeID":"1378601","text":"Analysing","type":"YA","timestamp":"2023-11-09 14:51:33"},{"nodeID":"1378602","text":"Anon: Fiona Bruce: Can he do it","type":"L","timestamp":"2023-11-09 14:51:33"},{"nodeID":"1378603","text":"Pure Questioning","type":"YA","timestamp":"2023-11-09 14:51:33"},{"nodeID":"1378604","text":"Default Rephrase","type":"MA","timestamp":"2023-11-09 14:51:33"},{"nodeID":"1378605","text":"Default Transition","type":"TA","timestamp":"2023-11-09 14:51:33"},{"nodeID":"1378606","text":"Restating","type":"YA","timestamp":"2023-11-09 14:51:33"},{"nodeID":"1378607","text":"it\u2019s good to have ambition","type":"I","timestamp":"2023-11-09 14:51:34"},{"nodeID":"1378608","text":"Thangam Debbonaire: it\u2019s good to have ambition","type":"L","timestamp":"2023-11-09 14:51:34"},{"nodeID":"1378609","text":"Analysing","type":"YA","timestamp":"2023-11-09 14:51:34"},{"nodeID":"1378610","text":"Anon: Thangam Debbonaire: it\u2019s good to have ambition","type":"L","timestamp":"2023-11-09 14:51:34"},{"nodeID":"1378611","text":"Asserting","type":"YA","timestamp":"2023-11-09 14:51:34"},{"nodeID":"1378612","text":"Thangam Debbonaire: Yes","type":"L","timestamp":"2023-11-09 14:51:34"},{"nodeID":"1378613","text":"Analysing","type":"YA","timestamp":"2023-11-09 14:51:34"},{"nodeID":"1378614","text":"Anon: Thangam Debbonaire: Yes","type":"L","timestamp":"2023-11-09 14:51:34"},{"nodeID":"1378615","text":"Default Transition","type":"TA","timestamp":"2023-11-09 14:51:34"},{"nodeID":"1378616","text":"Agreeing","type":"YA","timestamp":"2023-11-09 14:51:34"},{"nodeID":"1378617","text":"absolutely, Keir Starmer can make Britain the fastest growing major economy in the G7 in Labour's first term","type":"I","timestamp":"2023-11-09 14:51:35"},{"nodeID":"1378618","text":"Thangam Debbonaire: absolutely","type":"L","timestamp":"2023-11-09 14:51:35"},{"nodeID":"1378619","text":"Analysing","type":"YA","timestamp":"2023-11-09 14:51:35"},{"nodeID":"1378620","text":"Anon: Thangam Debbonaire: absolutely","type":"L","timestamp":"2023-11-09 14:51:35"},{"nodeID":"1378621","text":"Asserting","type":"YA","timestamp":"2023-11-09 14:51:35"},{"nodeID":"1378622","text":"Default Rephrase","type":"MA","timestamp":"2023-11-09 14:51:35"},{"nodeID":"1378623","text":"Default Transition","type":"TA","timestamp":"2023-11-09 14:51:35"},{"nodeID":"1378624","text":"Default Illocuting","type":"YA","timestamp":"2023-11-09 14:51:35"},{"nodeID":"1378625","text":"Default Transition","type":"TA","timestamp":"2023-11-09 14:51:35"},{"nodeID":"1378626","text":"Keir Starmer has got to be able to deliver the mission","type":"I","timestamp":"2023-11-09 14:51:35"},{"nodeID":"1378627","text":"Fiona Bruce: He\u2019s got to be able to deliver it though","type":"L","timestamp":"2023-11-09 14:51:35"},{"nodeID":"1378628","text":"Analysing","type":"YA","timestamp":"2023-11-09 14:51:35"},{"nodeID":"1378629","text":"Anon: Fiona Bruce: He\u2019s got to be able to deliver it though","type":"L","timestamp":"2023-11-09 14:51:35"},{"nodeID":"1378630","text":"Asserting","type":"YA","timestamp":"2023-11-09 14:51:35"},{"nodeID":"1378631","text":"Default Inference","type":"RA","timestamp":"2023-11-09 14:51:35"},{"nodeID":"1378632","text":"Default Transition","type":"TA","timestamp":"2023-11-09 14:51:35"},{"nodeID":"1378633","text":"Arguing","type":"YA","timestamp":"2023-11-09 14:51:35"},{"nodeID":"1378634","text":"it\u2019s good to be ambitious for this country","type":"I","timestamp":"2023-11-09 14:51:36"},{"nodeID":"1378635","text":"Thangam Debbonaire: it\u2019s good to be ambitious for this country","type":"L","timestamp":"2023-11-09 14:51:36"},{"nodeID":"1378636","text":"Analysing","type":"YA","timestamp":"2023-11-09 14:51:36"},{"nodeID":"1378637","text":"Anon: Thangam Debbonaire: it\u2019s good to be ambitious for this country","type":"L","timestamp":"2023-11-09 14:51:36"},{"nodeID":"1378638","text":"Asserting","type":"YA","timestamp":"2023-11-09 14:51:36"},{"nodeID":"1378639","text":"Default Transition","type":"TA","timestamp":"2023-11-09 14:51:36"},{"nodeID":"1378640","text":"Default Transition","type":"TA","timestamp":"2023-11-09 14:51:36"},{"nodeID":"1378641","text":"Default Conflict","type":"CA","timestamp":"2023-11-09 14:51:36"},{"nodeID":"1378642","text":"Default Rephrase","type":"MA","timestamp":"2023-11-09 14:51:36"},{"nodeID":"1378643","text":"Restating","type":"YA","timestamp":"2023-11-09 14:51:36"},{"nodeID":"1378644","text":"Disagreeing","type":"YA","timestamp":"2023-11-09 14:51:36"}],"edges":[{"edgeID":"1802285","fromID":"1378565","toID":"1378564","formEdgeID":null},{"edgeID":"1802286","fromID":"1378566","toID":"1378565","formEdgeID":null},{"edgeID":"1802287","fromID":"1378564","toID":"1378567","formEdgeID":null},{"edgeID":"1802288","fromID":"1378567","toID":"1378563","formEdgeID":null},{"edgeID":"1802289","fromID":"1378570","toID":"1378569","formEdgeID":null},{"edgeID":"1802290","fromID":"1378571","toID":"1378570","formEdgeID":null},{"edgeID":"1802291","fromID":"1378569","toID":"1378572","formEdgeID":null},{"edgeID":"1802292","fromID":"1378572","toID":"1378568","formEdgeID":null},{"edgeID":"1802293","fromID":"1378564","toID":"1378573","formEdgeID":null},{"edgeID":"1802294","fromID":"1378573","toID":"1378569","formEdgeID":null},{"edgeID":"1802295","fromID":"1378576","toID":"1378575","formEdgeID":null},{"edgeID":"1802296","fromID":"1378577","toID":"1378576","formEdgeID":null},{"edgeID":"1802297","fromID":"1378575","toID":"1378578","formEdgeID":null},{"edgeID":"1802298","fromID":"1378578","toID":"1378574","formEdgeID":null},{"edgeID":"1802299","fromID":"1378581","toID":"1378580","formEdgeID":null},{"edgeID":"1802300","fromID":"1378582","toID":"1378581","formEdgeID":null},{"edgeID":"1802301","fromID":"1378580","toID":"1378583","formEdgeID":null},{"edgeID":"1802302","fromID":"1378583","toID":"1378579","formEdgeID":null},{"edgeID":"1802303","fromID":"1378579","toID":"1378584","formEdgeID":null},{"edgeID":"1802304","fromID":"1378584","toID":"1378574","formEdgeID":null},{"edgeID":"1802305","fromID":"1378575","toID":"1378585","formEdgeID":null},{"edgeID":"1802306","fromID":"1378585","toID":"1378580","formEdgeID":null},{"edgeID":"1802307","fromID":"1378585","toID":"1378586","formEdgeID":null},{"edgeID":"1802308","fromID":"1378586","toID":"1378584","formEdgeID":null},{"edgeID":"1802309","fromID":"1378569","toID":"1378587","formEdgeID":null},{"edgeID":"1802310","fromID":"1378587","toID":"1378575","formEdgeID":null},{"edgeID":"1802311","fromID":"1378590","toID":"1378589","formEdgeID":null},{"edgeID":"1802312","fromID":"1378591","toID":"1378590","formEdgeID":null},{"edgeID":"1802313","fromID":"1378589","toID":"1378592","formEdgeID":null},{"edgeID":"1802314","fromID":"1378592","toID":"1378588","formEdgeID":null},{"edgeID":"1802315","fromID":"1378595","toID":"1378594","formEdgeID":null},{"edgeID":"1802316","fromID":"1378596","toID":"1378595","formEdgeID":null},{"edgeID":"1802317","fromID":"1378594","toID":"1378597","formEdgeID":null},{"edgeID":"1802318","fromID":"1378597","toID":"1378593","formEdgeID":null},{"edgeID":"1802319","fromID":"1378589","toID":"1378598","formEdgeID":null},{"edgeID":"1802320","fromID":"1378598","toID":"1378594","formEdgeID":null},{"edgeID":"1802321","fromID":"1378601","toID":"1378600","formEdgeID":null},{"edgeID":"1802322","fromID":"1378602","toID":"1378601","formEdgeID":null},{"edgeID":"1802323","fromID":"1378600","toID":"1378603","formEdgeID":null},{"edgeID":"1802324","fromID":"1378603","toID":"1378599","formEdgeID":null},{"edgeID":"1802325","fromID":"1378599","toID":"1378604","formEdgeID":null},{"edgeID":"1802326","fromID":"1378604","toID":"1378568","formEdgeID":null},{"edgeID":"1802327","fromID":"1378569","toID":"1378605","formEdgeID":null},{"edgeID":"1802328","fromID":"1378605","toID":"1378600","formEdgeID":null},{"edgeID":"1802329","fromID":"1378605","toID":"1378606","formEdgeID":null},{"edgeID":"1802330","fromID":"1378606","toID":"1378604","formEdgeID":null},{"edgeID":"1802331","fromID":"1378609","toID":"1378608","formEdgeID":null},{"edgeID":"1802332","fromID":"1378610","toID":"1378609","formEdgeID":null},{"edgeID":"1802333","fromID":"1378608","toID":"1378611","formEdgeID":null},{"edgeID":"1802334","fromID":"1378611","toID":"1378607","formEdgeID":null},{"edgeID":"1802335","fromID":"1378613","toID":"1378612","formEdgeID":null},{"edgeID":"1802336","fromID":"1378614","toID":"1378613","formEdgeID":null},{"edgeID":"1802337","fromID":"1378600","toID":"1378615","formEdgeID":null},{"edgeID":"1802338","fromID":"1378615","toID":"1378612","formEdgeID":null},{"edgeID":"1802339","fromID":"1378615","toID":"1378616","formEdgeID":null},{"edgeID":"1802340","fromID":"1378616","toID":"1378599","formEdgeID":null},{"edgeID":"1802341","fromID":"1378619","toID":"1378618","formEdgeID":null},{"edgeID":"1802342","fromID":"1378620","toID":"1378619","formEdgeID":null},{"edgeID":"1802343","fromID":"1378618","toID":"1378621","formEdgeID":null},{"edgeID":"1802344","fromID":"1378621","toID":"1378617","formEdgeID":null},{"edgeID":"1802345","fromID":"1378617","toID":"1378622","formEdgeID":null},{"edgeID":"1802346","fromID":"1378622","toID":"1378599","formEdgeID":null},{"edgeID":"1802347","fromID":"1378600","toID":"1378623","formEdgeID":null},{"edgeID":"1802348","fromID":"1378623","toID":"1378618","formEdgeID":null},{"edgeID":"1802349","fromID":"1378623","toID":"1378624","formEdgeID":null},{"edgeID":"1802350","fromID":"1378624","toID":"1378622","formEdgeID":null},{"edgeID":"1802351","fromID":"1378618","toID":"1378625","formEdgeID":null},{"edgeID":"1802352","fromID":"1378625","toID":"1378608","formEdgeID":null},{"edgeID":"1802353","fromID":"1378628","toID":"1378627","formEdgeID":null},{"edgeID":"1802354","fromID":"1378629","toID":"1378628","formEdgeID":null},{"edgeID":"1802355","fromID":"1378627","toID":"1378630","formEdgeID":null},{"edgeID":"1802356","fromID":"1378630","toID":"1378626","formEdgeID":null},{"edgeID":"1802357","fromID":"1378579","toID":"1378631","formEdgeID":null},{"edgeID":"1802358","fromID":"1378631","toID":"1378588","formEdgeID":null},{"edgeID":"1802359","fromID":"1378580","toID":"1378632","formEdgeID":null},{"edgeID":"1802360","fromID":"1378632","toID":"1378589","formEdgeID":null},{"edgeID":"1802361","fromID":"1378632","toID":"1378633","formEdgeID":null},{"edgeID":"1802362","fromID":"1378633","toID":"1378631","formEdgeID":null},{"edgeID":"1802363","fromID":"1378636","toID":"1378635","formEdgeID":null},{"edgeID":"1802364","fromID":"1378637","toID":"1378636","formEdgeID":null},{"edgeID":"1802365","fromID":"1378635","toID":"1378638","formEdgeID":null},{"edgeID":"1802366","fromID":"1378638","toID":"1378634","formEdgeID":null},{"edgeID":"1802367","fromID":"1378608","toID":"1378639","formEdgeID":null},{"edgeID":"1802368","fromID":"1378639","toID":"1378635","formEdgeID":null},{"edgeID":"1802369","fromID":"1378635","toID":"1378640","formEdgeID":null},{"edgeID":"1802370","fromID":"1378640","toID":"1378627","formEdgeID":null},{"edgeID":"1802371","fromID":"1378626","toID":"1378641","formEdgeID":null},{"edgeID":"1802372","fromID":"1378641","toID":"1378634","formEdgeID":null},{"edgeID":"1802373","fromID":"1378634","toID":"1378642","formEdgeID":null},{"edgeID":"1802374","fromID":"1378642","toID":"1378607","formEdgeID":null},{"edgeID":"1802375","fromID":"1378639","toID":"1378643","formEdgeID":null},{"edgeID":"1802376","fromID":"1378643","toID":"1378642","formEdgeID":null},{"edgeID":"1802377","fromID":"1378640","toID":"1378644","formEdgeID":null},{"edgeID":"1802378","fromID":"1378644","toID":"1378641","formEdgeID":null}],"locutions":[]}