{"nodes":[{"nodeID":"1383180","text":"of course we\u2019re going to make the changes of scrapping road-building projects","type":"I","timestamp":"2023-11-09 14:58:05"},{"nodeID":"1383181","text":"Liz Saville Roberts: of course we\u2019re going to make these changes","type":"L","timestamp":"2023-11-09 14:58:05"},{"nodeID":"1383182","text":"Analysing","type":"YA","timestamp":"2023-11-09 14:58:05"},{"nodeID":"1383183","text":"Amelie: Liz Saville Roberts: of course we\u2019re going to make these changes","type":"L","timestamp":"2023-11-09 14:58:05"},{"nodeID":"1383184","text":"Asserting","type":"YA","timestamp":"2023-11-09 14:58:05"},{"nodeID":"1383185","text":"of course we\u2019re going to reduce the number of roads that we need to build in future","type":"I","timestamp":"2023-11-09 14:58:06"},{"nodeID":"1383186","text":"Liz Saville Roberts: of course we\u2019re going to reduce the number of roads that we need to build in future","type":"L","timestamp":"2023-11-09 14:58:06"},{"nodeID":"1383187","text":"Analysing","type":"YA","timestamp":"2023-11-09 14:58:06"},{"nodeID":"1383188","text":"Amelie: Liz Saville Roberts: of course we\u2019re going to reduce the number of roads that we need to build in future","type":"L","timestamp":"2023-11-09 14:58:06"},{"nodeID":"1383189","text":"Asserting","type":"YA","timestamp":"2023-11-09 14:58:06"},{"nodeID":"1383190","text":"we need roads in certain places just as we will need coal, for the while, for steel and turbines","type":"I","timestamp":"2023-11-09 14:58:07"},{"nodeID":"1383191","text":"Liz Saville Roberts: we need roads in certain places just as we will need coal, for the while, for steel and turbines","type":"L","timestamp":"2023-11-09 14:58:07"},{"nodeID":"1383192","text":"Analysing","type":"YA","timestamp":"2023-11-09 14:58:07"},{"nodeID":"1383193","text":"Amelie: Liz Saville Roberts: we need roads in certain places just as we will need coal, for the while, for steel and turbines","type":"L","timestamp":"2023-11-09 14:58:07"},{"nodeID":"1383194","text":"Asserting","type":"YA","timestamp":"2023-11-09 14:58:07"},{"nodeID":"1383195","text":"the announcement of scrapping road-building projects, in Llanbedr in Liz Saville-Roberts' constituency, was made in the first week of COP26 by Lee Waters the transport minister","type":"I","timestamp":"2023-11-09 14:58:07"},{"nodeID":"1383196","text":"Liz Saville Roberts: to make this announcement, and the announcement, in Llanbedr in my constituency, was made in the first week of COP26 by Lee Waters the transport minister","type":"L","timestamp":"2023-11-09 14:58:07"},{"nodeID":"1383197","text":"Analysing","type":"YA","timestamp":"2023-11-09 14:58:07"},{"nodeID":"1383198","text":"Amelie: Liz Saville Roberts: to make this announcement, and the announcement, in Llanbedr in my constituency, was made in the first week of COP26 by Lee Waters the transport minister","type":"L","timestamp":"2023-11-09 14:58:07"},{"nodeID":"1383199","text":"Asserting","type":"YA","timestamp":"2023-11-09 14:58:07"},{"nodeID":"1383200","text":"the announcement of scrapping road-building projects felt at the time as to be purely a political announcement that was convenient in a distant, not Labour constituency, in a far corner of Wales","type":"I","timestamp":"2023-11-09 14:58:08"},{"nodeID":"1383201","text":"Liz Saville Roberts: it felt at the time as to be purely a political announcement that was convenient in a distant, not Labour constituency, in a far corner of Wales","type":"L","timestamp":"2023-11-09 14:58:08"},{"nodeID":"1383202","text":"Analysing","type":"YA","timestamp":"2023-11-09 14:58:08"},{"nodeID":"1383203","text":"Amelie: Liz Saville Roberts: it felt at the time as to be purely a political announcement that was convenient in a distant, not Labour constituency, in a far corner of Wales","type":"L","timestamp":"2023-11-09 14:58:08"},{"nodeID":"1383204","text":"Asserting","type":"YA","timestamp":"2023-11-09 14:58:08"},{"nodeID":"1383205","text":"Default Transition","type":"TA","timestamp":"2023-11-09 14:58:08"},{"nodeID":"1383206","text":"Default Transition","type":"TA","timestamp":"2023-11-09 14:58:08"},{"nodeID":"1383207","text":"Default Transition","type":"TA","timestamp":"2023-11-09 14:58:08"},{"nodeID":"1383208","text":"Default Transition","type":"TA","timestamp":"2023-11-09 14:58:08"},{"nodeID":"1383209","text":"at the same time as the announcement was made recently over the roads, there was also an announcement to make that the bus grant wouldn't continue","type":"I","timestamp":"2023-11-09 14:58:08"},{"nodeID":"1383210","text":"Liz Saville Roberts: At the same time as the announcement was made recently over the roads, there was also an announcement to make that the bus grant wouldn't continue","type":"L","timestamp":"2023-11-09 14:58:08"},{"nodeID":"1383211","text":"Analysing","type":"YA","timestamp":"2023-11-09 14:58:08"},{"nodeID":"1383212","text":"Amelie: Liz Saville Roberts: At the same time as the announcement was made recently over the roads, there was also an announcement to make that the bus grant wouldn't continue","type":"L","timestamp":"2023-11-09 14:58:08"},{"nodeID":"1383213","text":"Asserting","type":"YA","timestamp":"2023-11-09 14:58:08"},{"nodeID":"1383214","text":"the bus grant not continuing has directly affected the number of rural buses","type":"I","timestamp":"2023-11-09 14:58:09"},{"nodeID":"1383215","text":"Liz Saville Roberts: which has directly affected the number of rural buses","type":"L","timestamp":"2023-11-09 14:58:09"},{"nodeID":"1383216","text":"Analysing","type":"YA","timestamp":"2023-11-09 14:58:09"},{"nodeID":"1383217","text":"Amelie: Liz Saville Roberts: which has directly affected the number of rural buses","type":"L","timestamp":"2023-11-09 14:58:09"},{"nodeID":"1383218","text":"Asserting","type":"YA","timestamp":"2023-11-09 14:58:09"},{"nodeID":"1383219","text":"Default Transition","type":"TA","timestamp":"2023-11-09 14:58:09"},{"nodeID":"1383220","text":"Default Transition","type":"TA","timestamp":"2023-11-09 14:58:09"},{"nodeID":"1383221","text":"there is a broad-brush approach to politics","type":"I","timestamp":"2023-11-09 14:58:10"},{"nodeID":"1383222","text":"Liz Saville Roberts: there is a broad-brush approach to politics","type":"L","timestamp":"2023-11-09 14:58:10"},{"nodeID":"1383223","text":"Analysing","type":"YA","timestamp":"2023-11-09 14:58:10"},{"nodeID":"1383224","text":"Amelie: Liz Saville Roberts: there is a broad-brush approach to politics","type":"L","timestamp":"2023-11-09 14:58:10"},{"nodeID":"1383225","text":"Asserting","type":"YA","timestamp":"2023-11-09 14:58:10"},{"nodeID":"1383226","text":"many of us would buy into the broad-brush approach in politics","type":"I","timestamp":"2023-11-09 14:58:10"},{"nodeID":"1383227","text":"Liz Saville Roberts: many of us would buy into that","type":"L","timestamp":"2023-11-09 14:58:10"},{"nodeID":"1383228","text":"Analysing","type":"YA","timestamp":"2023-11-09 14:58:10"},{"nodeID":"1383229","text":"Amelie: Liz Saville Roberts: many of us would buy into that","type":"L","timestamp":"2023-11-09 14:58:10"},{"nodeID":"1383230","text":"Asserting","type":"YA","timestamp":"2023-11-09 14:58:10"},{"nodeID":"1383231","text":"when you\u2019re in government, don\u2019t put that into effect on the ground and you penalise local communities, which happen to be distant and remote to you \u2013 when you see the heads of the valleys road going ahead \u2013 that will inevitably create friction and create a sense of inequality","type":"I","timestamp":"2023-11-09 14:58:11"},{"nodeID":"1383232","text":"Liz Saville Roberts: when you\u2019re in government, don\u2019t put that into effect on the ground and you penalise local communities, which happen to be distant and remote to you \u2013 when you see the heads of the valleys road going ahead \u2013 that will inevitably create friction and create a sense of inequality","type":"L","timestamp":"2023-11-09 14:58:11"},{"nodeID":"1383233","text":"Analysing","type":"YA","timestamp":"2023-11-09 14:58:11"},{"nodeID":"1383234","text":"Amelie: Liz Saville Roberts: when you\u2019re in government, don\u2019t put that into effect on the ground and you penalise local communities, which happen to be distant and remote to you \u2013 when you see the heads of the valleys road going ahead \u2013 that will inevitably create friction and create a sense of inequality","type":"L","timestamp":"2023-11-09 14:58:11"},{"nodeID":"1383235","text":"Asserting","type":"YA","timestamp":"2023-11-09 14:58:11"},{"nodeID":"1383236","text":"Default Rephrase","type":"MA","timestamp":"2023-11-09 14:58:11"},{"nodeID":"1383237","text":"Restating","type":"YA","timestamp":"2023-11-09 14:58:11"},{"nodeID":"1383238","text":"Default Rephrase","type":"MA","timestamp":"2023-11-09 14:58:11"},{"nodeID":"1383239","text":"Default Transition","type":"TA","timestamp":"2023-11-09 14:58:11"},{"nodeID":"1383240","text":"Restating","type":"YA","timestamp":"2023-11-09 14:58:11"},{"nodeID":"1383241","text":"Default Transition","type":"TA","timestamp":"2023-11-09 14:58:11"},{"nodeID":"1383242","text":"Default Rephrase","type":"MA","timestamp":"2023-11-09 14:58:11"},{"nodeID":"1383243","text":"Default Transition","type":"TA","timestamp":"2023-11-09 14:58:11"},{"nodeID":"1383244","text":"Restating","type":"YA","timestamp":"2023-11-09 14:58:11"},{"nodeID":"1383245","text":"Default Rephrase","type":"MA","timestamp":"2023-11-09 14:58:11"},{"nodeID":"1383246","text":"Restating","type":"YA","timestamp":"2023-11-09 14:58:11"}],"edges":[{"edgeID":"1807689","fromID":"1383182","toID":"1383181","formEdgeID":null},{"edgeID":"1807690","fromID":"1383183","toID":"1383182","formEdgeID":null},{"edgeID":"1807691","fromID":"1383181","toID":"1383184","formEdgeID":null},{"edgeID":"1807692","fromID":"1383184","toID":"1383180","formEdgeID":null},{"edgeID":"1807693","fromID":"1383187","toID":"1383186","formEdgeID":null},{"edgeID":"1807694","fromID":"1383188","toID":"1383187","formEdgeID":null},{"edgeID":"1807695","fromID":"1383186","toID":"1383189","formEdgeID":null},{"edgeID":"1807696","fromID":"1383189","toID":"1383185","formEdgeID":null},{"edgeID":"1807697","fromID":"1383192","toID":"1383191","formEdgeID":null},{"edgeID":"1807698","fromID":"1383193","toID":"1383192","formEdgeID":null},{"edgeID":"1807699","fromID":"1383191","toID":"1383194","formEdgeID":null},{"edgeID":"1807700","fromID":"1383194","toID":"1383190","formEdgeID":null},{"edgeID":"1807701","fromID":"1383197","toID":"1383196","formEdgeID":null},{"edgeID":"1807702","fromID":"1383198","toID":"1383197","formEdgeID":null},{"edgeID":"1807703","fromID":"1383196","toID":"1383199","formEdgeID":null},{"edgeID":"1807704","fromID":"1383199","toID":"1383195","formEdgeID":null},{"edgeID":"1807705","fromID":"1383202","toID":"1383201","formEdgeID":null},{"edgeID":"1807706","fromID":"1383203","toID":"1383202","formEdgeID":null},{"edgeID":"1807707","fromID":"1383201","toID":"1383204","formEdgeID":null},{"edgeID":"1807708","fromID":"1383204","toID":"1383200","formEdgeID":null},{"edgeID":"1807709","fromID":"1383181","toID":"1383205","formEdgeID":null},{"edgeID":"1807710","fromID":"1383205","toID":"1383186","formEdgeID":null},{"edgeID":"1807711","fromID":"1383186","toID":"1383206","formEdgeID":null},{"edgeID":"1807712","fromID":"1383206","toID":"1383191","formEdgeID":null},{"edgeID":"1807713","fromID":"1383191","toID":"1383207","formEdgeID":null},{"edgeID":"1807714","fromID":"1383207","toID":"1383196","formEdgeID":null},{"edgeID":"1807715","fromID":"1383196","toID":"1383208","formEdgeID":null},{"edgeID":"1807716","fromID":"1383208","toID":"1383201","formEdgeID":null},{"edgeID":"1807717","fromID":"1383211","toID":"1383210","formEdgeID":null},{"edgeID":"1807718","fromID":"1383212","toID":"1383211","formEdgeID":null},{"edgeID":"1807719","fromID":"1383210","toID":"1383213","formEdgeID":null},{"edgeID":"1807720","fromID":"1383213","toID":"1383209","formEdgeID":null},{"edgeID":"1807721","fromID":"1383216","toID":"1383215","formEdgeID":null},{"edgeID":"1807722","fromID":"1383217","toID":"1383216","formEdgeID":null},{"edgeID":"1807723","fromID":"1383215","toID":"1383218","formEdgeID":null},{"edgeID":"1807724","fromID":"1383218","toID":"1383214","formEdgeID":null},{"edgeID":"1807725","fromID":"1383201","toID":"1383219","formEdgeID":null},{"edgeID":"1807726","fromID":"1383219","toID":"1383210","formEdgeID":null},{"edgeID":"1807727","fromID":"1383210","toID":"1383220","formEdgeID":null},{"edgeID":"1807728","fromID":"1383220","toID":"1383215","formEdgeID":null},{"edgeID":"1807729","fromID":"1383223","toID":"1383222","formEdgeID":null},{"edgeID":"1807730","fromID":"1383224","toID":"1383223","formEdgeID":null},{"edgeID":"1807731","fromID":"1383222","toID":"1383225","formEdgeID":null},{"edgeID":"1807732","fromID":"1383225","toID":"1383221","formEdgeID":null},{"edgeID":"1807733","fromID":"1383228","toID":"1383227","formEdgeID":null},{"edgeID":"1807734","fromID":"1383229","toID":"1383228","formEdgeID":null},{"edgeID":"1807735","fromID":"1383227","toID":"1383230","formEdgeID":null},{"edgeID":"1807736","fromID":"1383230","toID":"1383226","formEdgeID":null},{"edgeID":"1807737","fromID":"1383233","toID":"1383232","formEdgeID":null},{"edgeID":"1807738","fromID":"1383234","toID":"1383233","formEdgeID":null},{"edgeID":"1807739","fromID":"1383232","toID":"1383235","formEdgeID":null},{"edgeID":"1807740","fromID":"1383235","toID":"1383231","formEdgeID":null},{"edgeID":"1807741","fromID":"1383185","toID":"1383236","formEdgeID":null},{"edgeID":"1807742","fromID":"1383236","toID":"1383180","formEdgeID":null},{"edgeID":"1807743","fromID":"1383205","toID":"1383237","formEdgeID":null},{"edgeID":"1807744","fromID":"1383237","toID":"1383236","formEdgeID":null},{"edgeID":"1807745","fromID":"1383226","toID":"1383238","formEdgeID":null},{"edgeID":"1807746","fromID":"1383238","toID":"1383221","formEdgeID":null},{"edgeID":"1807747","fromID":"1383222","toID":"1383239","formEdgeID":null},{"edgeID":"1807748","fromID":"1383239","toID":"1383227","formEdgeID":null},{"edgeID":"1807749","fromID":"1383239","toID":"1383240","formEdgeID":null},{"edgeID":"1807750","fromID":"1383240","toID":"1383238","formEdgeID":null},{"edgeID":"1807751","fromID":"1383215","toID":"1383241","formEdgeID":null},{"edgeID":"1807752","fromID":"1383241","toID":"1383222","formEdgeID":null},{"edgeID":"1807753","fromID":"1383231","toID":"1383242","formEdgeID":null},{"edgeID":"1807754","fromID":"1383242","toID":"1383200","formEdgeID":null},{"edgeID":"1807755","fromID":"1383201","toID":"1383243","formEdgeID":null},{"edgeID":"1807756","fromID":"1383243","toID":"1383232","formEdgeID":null},{"edgeID":"1807757","fromID":"1383243","toID":"1383244","formEdgeID":null},{"edgeID":"1807758","fromID":"1383244","toID":"1383242","formEdgeID":null},{"edgeID":"1807759","fromID":"1383200","toID":"1383245","formEdgeID":null},{"edgeID":"1807760","fromID":"1383245","toID":"1383195","formEdgeID":null},{"edgeID":"1807761","fromID":"1383208","toID":"1383246","formEdgeID":null},{"edgeID":"1807762","fromID":"1383246","toID":"1383245","formEdgeID":null}],"locutions":[]}