{"nodes":[{"nodeID":"1168150","text":"AudienceMember 20230330QT26 hopes the rewriting of Roald Dahl books is going to open a discussion on social change","type":"I","timestamp":"2023-05-18 18:46:33"},{"nodeID":"1168158","text":"AudienceMember 20230330QT26 is worried where the rewriting of Roald Dahl books is going to start the rewriting of classics and popular culture","type":"I","timestamp":"2023-05-18 18:46:41"},{"nodeID":"1380953","text":"the panel does or does not think that the rewriting of Roald Dahl books is an opportunity for the discussion of social change or is censorship through the back door","type":"I","timestamp":"2023-11-09 14:54:55"},{"nodeID":"1380954","text":"AudienceMember 20230330QT25: Does the panel think that the rewriting of Roald Dahl books is an opportunity for the discussion of social change or is censorship through the back door","type":"L","timestamp":"2023-11-09 14:54:55"},{"nodeID":"1380955","text":"Analysing","type":"YA","timestamp":"2023-11-09 14:54:55"},{"nodeID":"1380956","text":"Dominika: AudienceMember 20230330QT25: Does the panel think that the rewriting of Roald Dahl books is an opportunity for the discussion of social change or is censorship through the back door","type":"L","timestamp":"2023-11-09 14:54:55"},{"nodeID":"1380957","text":"Pure Questioning","type":"YA","timestamp":"2023-11-09 14:54:55"},{"nodeID":"1380958","text":"AudienceMember 20230330QT26's opinion on the rewriting of Roald Dahl books is xxx","type":"I","timestamp":"2023-11-09 14:54:56"},{"nodeID":"1380959","text":"Fiona Bruce: What do you think, Jenny","type":"L","timestamp":"2023-11-09 14:54:56"},{"nodeID":"1380960","text":"Analysing","type":"YA","timestamp":"2023-11-09 14:54:56"},{"nodeID":"1380961","text":"Dominika: Fiona Bruce: What do you think, Jenny","type":"L","timestamp":"2023-11-09 14:54:56"},{"nodeID":"1380962","text":"Pure Questioning","type":"YA","timestamp":"2023-11-09 14:54:56"},{"nodeID":"1380963","text":"Default Transition","type":"TA","timestamp":"2023-11-09 14:54:56"},{"nodeID":"1380964","text":"Default Rephrase","type":"MA","timestamp":"2023-11-09 14:54:56"},{"nodeID":"1380965","text":"Restating","type":"YA","timestamp":"2023-11-09 14:54:56"},{"nodeID":"1380966","text":"AudienceMember 20230330QT26: I hope it\u2019s going to open a discussion on social change","type":"L","timestamp":"2023-11-09 14:54:56"},{"nodeID":"1380967","text":"Analysing","type":"YA","timestamp":"2023-11-09 14:54:56"},{"nodeID":"1380968","text":"Dominika: AudienceMember 20230330QT26: I hope it\u2019s going to open a discussion on social change","type":"L","timestamp":"2023-11-09 14:54:56"},{"nodeID":"1380969","text":"Asserting","type":"YA","timestamp":"2023-11-09 14:54:56"},{"nodeID":"1380970","text":"Default Transition","type":"TA","timestamp":"2023-11-09 14:54:56"},{"nodeID":"1380971","text":"Default Rephrase","type":"MA","timestamp":"2023-11-09 14:54:56"},{"nodeID":"1380972","text":"Default Illocuting","type":"YA","timestamp":"2023-11-09 14:54:56"},{"nodeID":"1380973","text":"AudienceMember 20230330QT26: I\u2019m worried where it\u2019s going to start the rewriting of classics and popular culture","type":"L","timestamp":"2023-11-09 14:54:57"},{"nodeID":"1380974","text":"Analysing","type":"YA","timestamp":"2023-11-09 14:54:57"},{"nodeID":"1380975","text":"Dominika: AudienceMember 20230330QT26: I\u2019m worried where it\u2019s going to start the rewriting of classics and popular culture","type":"L","timestamp":"2023-11-09 14:54:57"},{"nodeID":"1380976","text":"Asserting","type":"YA","timestamp":"2023-11-09 14:54:57"},{"nodeID":"1380977","text":"Default Transition","type":"TA","timestamp":"2023-11-09 14:54:57"},{"nodeID":"1380978","text":"Default Conflict","type":"CA","timestamp":"2023-11-09 14:54:57"},{"nodeID":"1380979","text":"Disagreeing","type":"YA","timestamp":"2023-11-09 14:54:57"},{"nodeID":"1380980","text":"Fiona Bruce will just give some examples of what\u2019s been changed in Roald Dahl's books just so we know what we\u2019re dealing with here","type":"I","timestamp":"2023-11-09 14:54:58"},{"nodeID":"1380981","text":"Fiona Bruce: shall I just give us some examples of what\u2019s been changed just so we know what we\u2019re dealing with here","type":"L","timestamp":"2023-11-09 14:54:58"},{"nodeID":"1380982","text":"Analysing","type":"YA","timestamp":"2023-11-09 14:54:58"},{"nodeID":"1380983","text":"Dominika: Fiona Bruce: shall I just give us some examples of what\u2019s been changed just so we know what we\u2019re dealing with here","type":"L","timestamp":"2023-11-09 14:54:58"},{"nodeID":"1380984","text":"Assertive Questioning","type":"YA","timestamp":"2023-11-09 14:54:58"},{"nodeID":"1380985","text":"Default Transition","type":"TA","timestamp":"2023-11-09 14:54:58"},{"nodeID":"1380986","text":"these are Roald Dahl\u2019s books","type":"I","timestamp":"2023-11-09 14:54:58"},{"nodeID":"1380987","text":"Fiona Bruce: these are Roald Dahl\u2019s books","type":"L","timestamp":"2023-11-09 14:54:58"},{"nodeID":"1380988","text":"Analysing","type":"YA","timestamp":"2023-11-09 14:54:58"},{"nodeID":"1380989","text":"Dominika: Fiona Bruce: these are Roald Dahl\u2019s books","type":"L","timestamp":"2023-11-09 14:54:58"},{"nodeID":"1380990","text":"Asserting","type":"YA","timestamp":"2023-11-09 14:54:58"},{"nodeID":"1380991","text":"Default Transition","type":"TA","timestamp":"2023-11-09 14:54:58"},{"nodeID":"1380992","text":"Default Rephrase","type":"MA","timestamp":"2023-11-09 14:54:58"},{"nodeID":"1380993","text":"Restating","type":"YA","timestamp":"2023-11-09 14:54:58"},{"nodeID":"1380994","text":"Roald Dahl's books are obviously children\u2019s books","type":"I","timestamp":"2023-11-09 14:54:59"},{"nodeID":"1380995","text":"Fiona Bruce: obviously children\u2019s books","type":"L","timestamp":"2023-11-09 14:54:59"},{"nodeID":"1380996","text":"Analysing","type":"YA","timestamp":"2023-11-09 14:54:59"},{"nodeID":"1380997","text":"Dominika: Fiona Bruce: obviously children\u2019s books","type":"L","timestamp":"2023-11-09 14:54:59"},{"nodeID":"1380998","text":"Asserting","type":"YA","timestamp":"2023-11-09 14:54:59"},{"nodeID":"1380999","text":"Default Transition","type":"TA","timestamp":"2023-11-09 14:54:59"},{"nodeID":"1381000","text":"Default Rephrase","type":"MA","timestamp":"2023-11-09 14:54:59"},{"nodeID":"1381001","text":"Restating","type":"YA","timestamp":"2023-11-09 14:54:59"},{"nodeID":"1381002","text":"some of the words from Roald Dahl's books have been taken out by the publisher Puffin","type":"I","timestamp":"2023-11-09 14:55:00"},{"nodeID":"1381003","text":"Fiona Bruce: some of the words that have been taken out by the publisher Puffin","type":"L","timestamp":"2023-11-09 14:55:00"},{"nodeID":"1381004","text":"Analysing","type":"YA","timestamp":"2023-11-09 14:55:00"},{"nodeID":"1381005","text":"Dominika: Fiona Bruce: some of the words that have been taken out by the publisher Puffin","type":"L","timestamp":"2023-11-09 14:55:00"},{"nodeID":"1381006","text":"Asserting","type":"YA","timestamp":"2023-11-09 14:55:00"},{"nodeID":"1381007","text":"Default Transition","type":"TA","timestamp":"2023-11-09 14:55:00"},{"nodeID":"1381008","text":"publisher Puffin has a significant responsibility to young readers who are beginning to read independently","type":"I","timestamp":"2023-11-09 14:55:00"},{"nodeID":"1381009","text":"Fiona Bruce: which says it has a significant responsibility to young readers who are beginning to read independently","type":"L","timestamp":"2023-11-09 14:55:00"},{"nodeID":"1381010","text":"Analysing","type":"YA","timestamp":"2023-11-09 14:55:00"},{"nodeID":"1381011","text":"Dominika: Fiona Bruce: which says it has a significant responsibility to young readers who are beginning to read independently","type":"L","timestamp":"2023-11-09 14:55:00"},{"nodeID":"1381012","text":"publisher Puffin: we have a significant responsibility to young readers who are beginning to read independently","type":"L","timestamp":"2023-11-09 14:55:00"},{"nodeID":"1381013","text":"Analysing","type":"YA","timestamp":"2023-11-09 14:55:00"},{"nodeID":"1381014","text":"Dominika: publisher Puffin: which says it has a significant responsibility to young readers who are beginning to read independently","type":"L","timestamp":"2023-11-09 14:55:00"},{"nodeID":"1381015","text":"Asserting","type":"YA","timestamp":"2023-11-09 14:55:00"},{"nodeID":"1381016","text":"Asserting","type":"YA","timestamp":"2023-11-09 14:55:00"},{"nodeID":"1381017","text":"Default Transition","type":"TA","timestamp":"2023-11-09 14:55:00"},{"nodeID":"1381018","text":"Default Inference","type":"RA","timestamp":"2023-11-09 14:55:00"},{"nodeID":"1381019","text":"Arguing","type":"YA","timestamp":"2023-11-09 14:55:00"},{"nodeID":"1381020","text":"a child that\u2019s described as fat is now called enormous","type":"I","timestamp":"2023-11-09 14:55:01"},{"nodeID":"1381021","text":"Fiona Bruce: a child that\u2019s described as fat is now called\u2026it describes as enormous","type":"L","timestamp":"2023-11-09 14:55:01"},{"nodeID":"1381022","text":"Analysing","type":"YA","timestamp":"2023-11-09 14:55:01"},{"nodeID":"1381023","text":"Dominika: Fiona Bruce: a child that\u2019s described as fat is now called\u2026it describes as enormous","type":"L","timestamp":"2023-11-09 14:55:01"},{"nodeID":"1381024","text":"Asserting","type":"YA","timestamp":"2023-11-09 14:55:01"},{"nodeID":"1381025","text":"Mrs Twit, you know from the Twits, is no longer ugly and beastly, just beastly","type":"I","timestamp":"2023-11-09 14:55:01"},{"nodeID":"1381026","text":"Fiona Bruce: Mrs Twit, you know from the Twits, is no longer ugly and beastly, just beastly","type":"L","timestamp":"2023-11-09 14:55:01"},{"nodeID":"1381027","text":"Analysing","type":"YA","timestamp":"2023-11-09 14:55:01"},{"nodeID":"1381028","text":"Dominika: Fiona Bruce: Mrs Twit, you know from the Twits, is no longer ugly and beastly, just beastly","type":"L","timestamp":"2023-11-09 14:55:01"},{"nodeID":"1381029","text":"Asserting","type":"YA","timestamp":"2023-11-09 14:55:01"},{"nodeID":"1381030","text":"the words crazy and mad have been removed for example","type":"I","timestamp":"2023-11-09 14:55:02"},{"nodeID":"1381031","text":"Fiona Bruce: The words crazy and mad have been removed for example","type":"L","timestamp":"2023-11-09 14:55:02"},{"nodeID":"1381032","text":"Analysing","type":"YA","timestamp":"2023-11-09 14:55:02"},{"nodeID":"1381033","text":"Dominika: Fiona Bruce: The words crazy and mad have been removed for example","type":"L","timestamp":"2023-11-09 14:55:02"},{"nodeID":"1381034","text":"Asserting","type":"YA","timestamp":"2023-11-09 14:55:02"},{"nodeID":"1381035","text":"then you\u2019ve got the BFG \u2013 the BFG\u2019s coat is no longer black and Mary in the BFG now goes as still as a statue instead of white as a sheet","type":"I","timestamp":"2023-11-09 14:55:03"},{"nodeID":"1381036","text":"Fiona Bruce: Then you\u2019ve got the BFG \u2013 the BFG\u2019s coat is no longer black and Mary in the BFG now goes as still as a statue instead of white as a sheet","type":"L","timestamp":"2023-11-09 14:55:03"},{"nodeID":"1381037","text":"Analysing","type":"YA","timestamp":"2023-11-09 14:55:03"},{"nodeID":"1381038","text":"Dominika: Fiona Bruce: Then you\u2019ve got the BFG \u2013 the BFG\u2019s coat is no longer black and Mary in the BFG now goes as still as a statue instead of white as a sheet","type":"L","timestamp":"2023-11-09 14:55:03"},{"nodeID":"1381039","text":"Asserting","type":"YA","timestamp":"2023-11-09 14:55:03"},{"nodeID":"1381040","text":"there are other things, for example a weird African language spoken by monkeys is no longer described as weird","type":"I","timestamp":"2023-11-09 14:55:03"},{"nodeID":"1381041","text":"Fiona Bruce: There are other things, for example a weird African language spoken by monkeys is no longer described as weird","type":"L","timestamp":"2023-11-09 14:55:03"},{"nodeID":"1381042","text":"Analysing","type":"YA","timestamp":"2023-11-09 14:55:03"},{"nodeID":"1381043","text":"Dominika: Fiona Bruce: There are other things, for example a weird African language spoken by monkeys is no longer described as weird","type":"L","timestamp":"2023-11-09 14:55:03"},{"nodeID":"1381044","text":"Asserting","type":"YA","timestamp":"2023-11-09 14:55:03"},{"nodeID":"1381045","text":"Rakie Ayola's opinion on changes made in Roald Dahl's books is xxx","type":"I","timestamp":"2023-11-09 14:55:04"},{"nodeID":"1381046","text":"Fiona Bruce: Rakie, what do you think","type":"L","timestamp":"2023-11-09 14:55:04"},{"nodeID":"1381047","text":"Analysing","type":"YA","timestamp":"2023-11-09 14:55:04"},{"nodeID":"1381048","text":"Dominika: Fiona Bruce: Rakie, what do you think","type":"L","timestamp":"2023-11-09 14:55:04"},{"nodeID":"1381049","text":"Pure Questioning","type":"YA","timestamp":"2023-11-09 14:55:04"},{"nodeID":"1381050","text":"Default Transition","type":"TA","timestamp":"2023-11-09 14:55:04"},{"nodeID":"1381051","text":"Default Transition","type":"TA","timestamp":"2023-11-09 14:55:04"},{"nodeID":"1381052","text":"Default Rephrase","type":"MA","timestamp":"2023-11-09 14:55:04"},{"nodeID":"1381053","text":"Default Rephrase","type":"MA","timestamp":"2023-11-09 14:55:04"},{"nodeID":"1381054","text":"Restating","type":"YA","timestamp":"2023-11-09 14:55:04"},{"nodeID":"1381055","text":"Restating","type":"YA","timestamp":"2023-11-09 14:55:04"},{"nodeID":"1381056","text":"Default Transition","type":"TA","timestamp":"2023-11-09 14:55:04"},{"nodeID":"1381057","text":"Default Rephrase","type":"MA","timestamp":"2023-11-09 14:55:04"},{"nodeID":"1381058","text":"Default Rephrase","type":"MA","timestamp":"2023-11-09 14:55:04"},{"nodeID":"1381059","text":"Default Transition","type":"TA","timestamp":"2023-11-09 14:55:04"},{"nodeID":"1381060","text":"Restating","type":"YA","timestamp":"2023-11-09 14:55:04"},{"nodeID":"1381061","text":"Restating","type":"YA","timestamp":"2023-11-09 14:55:04"},{"nodeID":"1381062","text":"Default Transition","type":"TA","timestamp":"2023-11-09 14:55:04"},{"nodeID":"1381063","text":"Default Rephrase","type":"MA","timestamp":"2023-11-09 14:55:04"},{"nodeID":"1381064","text":"Restating","type":"YA","timestamp":"2023-11-09 14:55:04"},{"nodeID":"1381065","text":"Default Rephrase","type":"MA","timestamp":"2023-11-09 14:55:04"},{"nodeID":"1381066","text":"Default Transition","type":"TA","timestamp":"2023-11-09 14:55:04"},{"nodeID":"1381067","text":"Restating","type":"YA","timestamp":"2023-11-09 14:55:04"},{"nodeID":"1381068","text":"Default Transition","type":"TA","timestamp":"2023-11-09 14:55:04"},{"nodeID":"1381069","text":"Default Rephrase","type":"MA","timestamp":"2023-11-09 14:55:04"},{"nodeID":"1381070","text":"Restating","type":"YA","timestamp":"2023-11-09 14:55:04"}],"edges":[{"edgeID":"1805075","fromID":"1380955","toID":"1380954","formEdgeID":null},{"edgeID":"1805076","fromID":"1380956","toID":"1380955","formEdgeID":null},{"edgeID":"1805077","fromID":"1380954","toID":"1380957","formEdgeID":null},{"edgeID":"1805078","fromID":"1380957","toID":"1380953","formEdgeID":null},{"edgeID":"1805079","fromID":"1380960","toID":"1380959","formEdgeID":null},{"edgeID":"1805080","fromID":"1380961","toID":"1380960","formEdgeID":null},{"edgeID":"1805081","fromID":"1380959","toID":"1380962","formEdgeID":null},{"edgeID":"1805082","fromID":"1380962","toID":"1380958","formEdgeID":null},{"edgeID":"1805083","fromID":"1380954","toID":"1380963","formEdgeID":null},{"edgeID":"1805084","fromID":"1380963","toID":"1380959","formEdgeID":null},{"edgeID":"1805085","fromID":"1380958","toID":"1380964","formEdgeID":null},{"edgeID":"1805086","fromID":"1380964","toID":"1380953","formEdgeID":null},{"edgeID":"1805087","fromID":"1380963","toID":"1380965","formEdgeID":null},{"edgeID":"1805088","fromID":"1380965","toID":"1380964","formEdgeID":null},{"edgeID":"1805089","fromID":"1380967","toID":"1380966","formEdgeID":null},{"edgeID":"1805090","fromID":"1380968","toID":"1380967","formEdgeID":null},{"edgeID":"1805091","fromID":"1380966","toID":"1380969","formEdgeID":null},{"edgeID":"1805092","fromID":"1380969","toID":"1168150","formEdgeID":null},{"edgeID":"1805093","fromID":"1380959","toID":"1380970","formEdgeID":null},{"edgeID":"1805094","fromID":"1380970","toID":"1380966","formEdgeID":null},{"edgeID":"1805095","fromID":"1168150","toID":"1380971","formEdgeID":null},{"edgeID":"1805096","fromID":"1380971","toID":"1380958","formEdgeID":null},{"edgeID":"1805097","fromID":"1380970","toID":"1380972","formEdgeID":null},{"edgeID":"1805098","fromID":"1380972","toID":"1380971","formEdgeID":null},{"edgeID":"1805099","fromID":"1380974","toID":"1380973","formEdgeID":null},{"edgeID":"1805100","fromID":"1380975","toID":"1380974","formEdgeID":null},{"edgeID":"1805101","fromID":"1380973","toID":"1380976","formEdgeID":null},{"edgeID":"1805102","fromID":"1380976","toID":"1168158","formEdgeID":null},{"edgeID":"1805103","fromID":"1380966","toID":"1380977","formEdgeID":null},{"edgeID":"1805104","fromID":"1380977","toID":"1380973","formEdgeID":null},{"edgeID":"1805105","fromID":"1168158","toID":"1380978","formEdgeID":null},{"edgeID":"1805106","fromID":"1380978","toID":"1168150","formEdgeID":null},{"edgeID":"1805107","fromID":"1380977","toID":"1380979","formEdgeID":null},{"edgeID":"1805108","fromID":"1380979","toID":"1380978","formEdgeID":null},{"edgeID":"1805109","fromID":"1380982","toID":"1380981","formEdgeID":null},{"edgeID":"1805110","fromID":"1380983","toID":"1380982","formEdgeID":null},{"edgeID":"1805111","fromID":"1380981","toID":"1380984","formEdgeID":null},{"edgeID":"1805112","fromID":"1380984","toID":"1380980","formEdgeID":null},{"edgeID":"1805113","fromID":"1380973","toID":"1380985","formEdgeID":null},{"edgeID":"1805114","fromID":"1380985","toID":"1380981","formEdgeID":null},{"edgeID":"1805115","fromID":"1380988","toID":"1380987","formEdgeID":null},{"edgeID":"1805116","fromID":"1380989","toID":"1380988","formEdgeID":null},{"edgeID":"1805117","fromID":"1380987","toID":"1380990","formEdgeID":null},{"edgeID":"1805118","fromID":"1380990","toID":"1380986","formEdgeID":null},{"edgeID":"1805119","fromID":"1380981","toID":"1380991","formEdgeID":null},{"edgeID":"1805120","fromID":"1380991","toID":"1380987","formEdgeID":null},{"edgeID":"1805121","fromID":"1380986","toID":"1380992","formEdgeID":null},{"edgeID":"1805122","fromID":"1380992","toID":"1380980","formEdgeID":null},{"edgeID":"1805123","fromID":"1380991","toID":"1380993","formEdgeID":null},{"edgeID":"1805124","fromID":"1380993","toID":"1380992","formEdgeID":null},{"edgeID":"1805125","fromID":"1380996","toID":"1380995","formEdgeID":null},{"edgeID":"1805126","fromID":"1380997","toID":"1380996","formEdgeID":null},{"edgeID":"1805127","fromID":"1380995","toID":"1380998","formEdgeID":null},{"edgeID":"1805128","fromID":"1380998","toID":"1380994","formEdgeID":null},{"edgeID":"1805129","fromID":"1380987","toID":"1380999","formEdgeID":null},{"edgeID":"1805130","fromID":"1380999","toID":"1380995","formEdgeID":null},{"edgeID":"1805131","fromID":"1380994","toID":"1381000","formEdgeID":null},{"edgeID":"1805132","fromID":"1381000","toID":"1380986","formEdgeID":null},{"edgeID":"1805133","fromID":"1380999","toID":"1381001","formEdgeID":null},{"edgeID":"1805134","fromID":"1381001","toID":"1381000","formEdgeID":null},{"edgeID":"1805135","fromID":"1381004","toID":"1381003","formEdgeID":null},{"edgeID":"1805136","fromID":"1381005","toID":"1381004","formEdgeID":null},{"edgeID":"1805137","fromID":"1381003","toID":"1381006","formEdgeID":null},{"edgeID":"1805138","fromID":"1381006","toID":"1381002","formEdgeID":null},{"edgeID":"1805139","fromID":"1380995","toID":"1381007","formEdgeID":null},{"edgeID":"1805140","fromID":"1381007","toID":"1381003","formEdgeID":null},{"edgeID":"1805141","fromID":"1381010","toID":"1381009","formEdgeID":null},{"edgeID":"1805142","fromID":"1381011","toID":"1381010","formEdgeID":null},{"edgeID":"1805143","fromID":"1381013","toID":"1381012","formEdgeID":null},{"edgeID":"1805144","fromID":"1381014","toID":"1381013","formEdgeID":null},{"edgeID":"1805145","fromID":"1381012","toID":"1381015","formEdgeID":null},{"edgeID":"1805146","fromID":"1381015","toID":"1381008","formEdgeID":null},{"edgeID":"1805147","fromID":"1381009","toID":"1381016","formEdgeID":null},{"edgeID":"1805148","fromID":"1381016","toID":"1381012","formEdgeID":null},{"edgeID":"1805149","fromID":"1381003","toID":"1381017","formEdgeID":null},{"edgeID":"1805150","fromID":"1381017","toID":"1381009","formEdgeID":null},{"edgeID":"1805151","fromID":"1381008","toID":"1381018","formEdgeID":null},{"edgeID":"1805152","fromID":"1381018","toID":"1381002","formEdgeID":null},{"edgeID":"1805153","fromID":"1381017","toID":"1381019","formEdgeID":null},{"edgeID":"1805154","fromID":"1381019","toID":"1381018","formEdgeID":null},{"edgeID":"1805155","fromID":"1381022","toID":"1381021","formEdgeID":null},{"edgeID":"1805156","fromID":"1381023","toID":"1381022","formEdgeID":null},{"edgeID":"1805157","fromID":"1381021","toID":"1381024","formEdgeID":null},{"edgeID":"1805158","fromID":"1381024","toID":"1381020","formEdgeID":null},{"edgeID":"1805159","fromID":"1381027","toID":"1381026","formEdgeID":null},{"edgeID":"1805160","fromID":"1381028","toID":"1381027","formEdgeID":null},{"edgeID":"1805161","fromID":"1381026","toID":"1381029","formEdgeID":null},{"edgeID":"1805162","fromID":"1381029","toID":"1381025","formEdgeID":null},{"edgeID":"1805163","fromID":"1381032","toID":"1381031","formEdgeID":null},{"edgeID":"1805164","fromID":"1381033","toID":"1381032","formEdgeID":null},{"edgeID":"1805165","fromID":"1381031","toID":"1381034","formEdgeID":null},{"edgeID":"1805166","fromID":"1381034","toID":"1381030","formEdgeID":null},{"edgeID":"1805167","fromID":"1381037","toID":"1381036","formEdgeID":null},{"edgeID":"1805168","fromID":"1381038","toID":"1381037","formEdgeID":null},{"edgeID":"1805169","fromID":"1381036","toID":"1381039","formEdgeID":null},{"edgeID":"1805170","fromID":"1381039","toID":"1381035","formEdgeID":null},{"edgeID":"1805171","fromID":"1381042","toID":"1381041","formEdgeID":null},{"edgeID":"1805172","fromID":"1381043","toID":"1381042","formEdgeID":null},{"edgeID":"1805173","fromID":"1381041","toID":"1381044","formEdgeID":null},{"edgeID":"1805174","fromID":"1381044","toID":"1381040","formEdgeID":null},{"edgeID":"1805175","fromID":"1381047","toID":"1381046","formEdgeID":null},{"edgeID":"1805176","fromID":"1381048","toID":"1381047","formEdgeID":null},{"edgeID":"1805177","fromID":"1381046","toID":"1381049","formEdgeID":null},{"edgeID":"1805178","fromID":"1381049","toID":"1381045","formEdgeID":null},{"edgeID":"1805179","fromID":"1381036","toID":"1381050","formEdgeID":null},{"edgeID":"1805180","fromID":"1381050","toID":"1381041","formEdgeID":null},{"edgeID":"1805181","fromID":"1381031","toID":"1381051","formEdgeID":null},{"edgeID":"1805182","fromID":"1381051","toID":"1381036","formEdgeID":null},{"edgeID":"1805183","fromID":"1381035","toID":"1381052","formEdgeID":null},{"edgeID":"1805184","fromID":"1381052","toID":"1381030","formEdgeID":null},{"edgeID":"1805185","fromID":"1381040","toID":"1381053","formEdgeID":null},{"edgeID":"1805186","fromID":"1381053","toID":"1381035","formEdgeID":null},{"edgeID":"1805187","fromID":"1381050","toID":"1381054","formEdgeID":null},{"edgeID":"1805188","fromID":"1381054","toID":"1381053","formEdgeID":null},{"edgeID":"1805189","fromID":"1381051","toID":"1381055","formEdgeID":null},{"edgeID":"1805190","fromID":"1381055","toID":"1381052","formEdgeID":null},{"edgeID":"1805191","fromID":"1381026","toID":"1381056","formEdgeID":null},{"edgeID":"1805192","fromID":"1381056","toID":"1381031","formEdgeID":null},{"edgeID":"1805193","fromID":"1381030","toID":"1381057","formEdgeID":null},{"edgeID":"1805194","fromID":"1381057","toID":"1381025","formEdgeID":null},{"edgeID":"1805195","fromID":"1381025","toID":"1381058","formEdgeID":null},{"edgeID":"1805196","fromID":"1381058","toID":"1381020","formEdgeID":null},{"edgeID":"1805197","fromID":"1381021","toID":"1381059","formEdgeID":null},{"edgeID":"1805198","fromID":"1381059","toID":"1381026","formEdgeID":null},{"edgeID":"1805199","fromID":"1381056","toID":"1381060","formEdgeID":null},{"edgeID":"1805200","fromID":"1381060","toID":"1381057","formEdgeID":null},{"edgeID":"1805201","fromID":"1381059","toID":"1381061","formEdgeID":null},{"edgeID":"1805202","fromID":"1381061","toID":"1381058","formEdgeID":null},{"edgeID":"1805203","fromID":"1381003","toID":"1381062","formEdgeID":null},{"edgeID":"1805204","fromID":"1381062","toID":"1381021","formEdgeID":null},{"edgeID":"1805205","fromID":"1381020","toID":"1381063","formEdgeID":null},{"edgeID":"1805206","fromID":"1381063","toID":"1381002","formEdgeID":null},{"edgeID":"1805207","fromID":"1381062","toID":"1381064","formEdgeID":null},{"edgeID":"1805208","fromID":"1381064","toID":"1381063","formEdgeID":null},{"edgeID":"1805209","fromID":"1381045","toID":"1381065","formEdgeID":null},{"edgeID":"1805210","fromID":"1381065","toID":"1380958","formEdgeID":null},{"edgeID":"1805211","fromID":"1380959","toID":"1381066","formEdgeID":null},{"edgeID":"1805212","fromID":"1381066","toID":"1381046","formEdgeID":null},{"edgeID":"1805213","fromID":"1381066","toID":"1381067","formEdgeID":null},{"edgeID":"1805214","fromID":"1381067","toID":"1381065","formEdgeID":null},{"edgeID":"1805215","fromID":"1380981","toID":"1381068","formEdgeID":null},{"edgeID":"1805216","fromID":"1381068","toID":"1381003","formEdgeID":null},{"edgeID":"1805217","fromID":"1381002","toID":"1381069","formEdgeID":null},{"edgeID":"1805218","fromID":"1381069","toID":"1380980","formEdgeID":null},{"edgeID":"1805219","fromID":"1381068","toID":"1381070","formEdgeID":null},{"edgeID":"1805220","fromID":"1381070","toID":"1381069","formEdgeID":null}],"locutions":[]}