{"nodes":[{"nodeID":"1383742","text":"as far as HS2 is concerned it is going to improve the journey times down to London from North Wales","type":"I","timestamp":"2023-11-09 14:58:54"},{"nodeID":"1383743","text":"David Davies: as far as HS2 is concerned it is going to improve the journey times down to London from North Wales","type":"L","timestamp":"2023-11-09 14:58:54"},{"nodeID":"1383744","text":"Analysing","type":"YA","timestamp":"2023-11-09 14:58:54"},{"nodeID":"1383745","text":"Anon: David Davies: as far as HS2 is concerned it is going to improve the journey times down to London from North Wales","type":"L","timestamp":"2023-11-09 14:58:54"},{"nodeID":"1383746","text":"Asserting","type":"YA","timestamp":"2023-11-09 14:58:54"},{"nodeID":"1383747","text":"Fiona Bruce:  How is it going to do that","type":"L","timestamp":"2023-11-09 14:58:54"},{"nodeID":"1383748","text":"Analysing","type":"YA","timestamp":"2023-11-09 14:58:54"},{"nodeID":"1383749","text":"Anon: Fiona Bruce:  How is it going to do that","type":"L","timestamp":"2023-11-09 14:58:54"},{"nodeID":"1383750","text":"Default Transition","type":"TA","timestamp":"2023-11-09 14:58:54"},{"nodeID":"1383751","text":"Challenging","type":"YA","timestamp":"2023-11-09 14:58:54"},{"nodeID":"1383752","text":"any passenger from North Wales\u2019ll be able to go to the interchange at Crewe and get down to London more quickly","type":"I","timestamp":"2023-11-09 14:58:54"},{"nodeID":"1383753","text":"David Davies: any passenger from North Wales\u2019ll be able to go to the interchange at Crewe and get down to London more quickly","type":"L","timestamp":"2023-11-09 14:58:54"},{"nodeID":"1383754","text":"Analysing","type":"YA","timestamp":"2023-11-09 14:58:54"},{"nodeID":"1383755","text":"Anon: David Davies: any passenger from North Wales\u2019ll be able to go to the interchange at Crewe and get down to London more quickly","type":"L","timestamp":"2023-11-09 14:58:54"},{"nodeID":"1383756","text":"Asserting","type":"YA","timestamp":"2023-11-09 14:58:54"},{"nodeID":"1383757","text":"Default Transition","type":"TA","timestamp":"2023-11-09 14:58:54"},{"nodeID":"1383758","text":"Default Inference","type":"RA","timestamp":"2023-11-09 14:58:54"},{"nodeID":"1383759","text":"Arguing","type":"YA","timestamp":"2023-11-09 14:58:54"},{"nodeID":"1383760","text":"there\u2019s never been any doubt about HS2 improving the journey times down to London from North Wales","type":"I","timestamp":"2023-11-09 14:58:55"},{"nodeID":"1383761","text":"David Davies: there\u2019s never been any doubt about that","type":"L","timestamp":"2023-11-09 14:58:55"},{"nodeID":"1383762","text":"Analysing","type":"YA","timestamp":"2023-11-09 14:58:55"},{"nodeID":"1383763","text":"Anon: David Davies: there\u2019s never been any doubt about that","type":"L","timestamp":"2023-11-09 14:58:55"},{"nodeID":"1383764","text":"Asserting","type":"YA","timestamp":"2023-11-09 14:58:55"},{"nodeID":"1383765","text":"Default Transition","type":"TA","timestamp":"2023-11-09 14:58:55"},{"nodeID":"1383766","text":"Default Rephrase","type":"MA","timestamp":"2023-11-09 14:58:55"},{"nodeID":"1383767","text":"Restating","type":"YA","timestamp":"2023-11-09 14:58:55"},{"nodeID":"1383768","text":"HS2 is all going to go across into England obviously","type":"I","timestamp":"2023-11-09 14:58:56"},{"nodeID":"1383769","text":"Fiona Bruce: It\u2019s all going to go across into England obviously","type":"L","timestamp":"2023-11-09 14:58:56"},{"nodeID":"1383770","text":"Analysing","type":"YA","timestamp":"2023-11-09 14:58:56"},{"nodeID":"1383771","text":"Anon: Fiona Bruce: It\u2019s all going to go across into England obviously","type":"L","timestamp":"2023-11-09 14:58:56"},{"nodeID":"1383772","text":"Asserting","type":"YA","timestamp":"2023-11-09 14:58:56"},{"nodeID":"1383773","text":"Default Transition","type":"TA","timestamp":"2023-11-09 14:58:56"},{"nodeID":"1383774","text":"David Davies: Well, yes of course","type":"L","timestamp":"2023-11-09 14:58:56"},{"nodeID":"1383775","text":"Analysing","type":"YA","timestamp":"2023-11-09 14:58:56"},{"nodeID":"1383776","text":"Anon: David Davies: Well, yes of course","type":"L","timestamp":"2023-11-09 14:58:56"},{"nodeID":"1383777","text":"Default Transition","type":"TA","timestamp":"2023-11-09 14:58:56"},{"nodeID":"1383778","text":"Agreeing","type":"YA","timestamp":"2023-11-09 14:58:56"},{"nodeID":"1383779","text":"going across into England is the nature of rail travel","type":"I","timestamp":"2023-11-09 14:58:56"},{"nodeID":"1383780","text":"David Davies: that is the nature of rail travel","type":"L","timestamp":"2023-11-09 14:58:56"},{"nodeID":"1383781","text":"Analysing","type":"YA","timestamp":"2023-11-09 14:58:56"},{"nodeID":"1383782","text":"Anon: David Davies: that is the nature of rail travel","type":"L","timestamp":"2023-11-09 14:58:56"},{"nodeID":"1383783","text":"Asserting","type":"YA","timestamp":"2023-11-09 14:58:56"},{"nodeID":"1383784","text":"Default Rephrase","type":"MA","timestamp":"2023-11-09 14:58:56"},{"nodeID":"1383785","text":"Default Transition","type":"TA","timestamp":"2023-11-09 14:58:56"},{"nodeID":"1383786","text":"Restating","type":"YA","timestamp":"2023-11-09 14:58:56"},{"nodeID":"1383787","text":"we benefited hugely from the electrification of rail travel","type":"I","timestamp":"2023-11-09 14:58:57"},{"nodeID":"1383788","text":"David Davies: we benefited hugely from the electrification","type":"L","timestamp":"2023-11-09 14:58:57"},{"nodeID":"1383789","text":"Analysing","type":"YA","timestamp":"2023-11-09 14:58:57"},{"nodeID":"1383790","text":"Anon: David Davies: we benefited hugely from the electrification","type":"L","timestamp":"2023-11-09 14:58:57"},{"nodeID":"1383791","text":"Asserting","type":"YA","timestamp":"2023-11-09 14:58:57"},{"nodeID":"1383792","text":"Default Transition","type":"TA","timestamp":"2023-11-09 14:58:57"},{"nodeID":"1383793","text":"we should have a link between North and South Wales","type":"I","timestamp":"2023-11-09 14:58:58"},{"nodeID":"1383794","text":"Liz Saville Roberts: Why can't we have a link between North and South Wales","type":"L","timestamp":"2023-11-09 14:58:58"},{"nodeID":"1383795","text":"Analysing","type":"YA","timestamp":"2023-11-09 14:58:58"},{"nodeID":"1383796","text":"Anon: Liz Saville Roberts: Why can't we have a link between North and South Wales","type":"L","timestamp":"2023-11-09 14:58:58"},{"nodeID":"1383797","text":"Challenging","type":"YA","timestamp":"2023-11-09 14:58:58"},{"nodeID":"1383798","text":"Default Transition","type":"TA","timestamp":"2023-11-09 14:58:58"},{"nodeID":"1383799","text":"we are in any case spending hundreds of millions of pounds on rail infrastructure in Wales","type":"I","timestamp":"2023-11-09 14:58:58"},{"nodeID":"1383800","text":"David Davies: we are in any case spending hundreds of millions of pounds on rail infrastructure in Wales","type":"L","timestamp":"2023-11-09 14:58:58"},{"nodeID":"1383801","text":"Analysing","type":"YA","timestamp":"2023-11-09 14:58:58"},{"nodeID":"1383802","text":"Anon: David Davies: we are in any case spending hundreds of millions of pounds on rail infrastructure in Wales","type":"L","timestamp":"2023-11-09 14:58:58"},{"nodeID":"1383803","text":"Asserting","type":"YA","timestamp":"2023-11-09 14:58:58"},{"nodeID":"1383804","text":"Default Transition","type":"TA","timestamp":"2023-11-09 14:58:58"},{"nodeID":"1383805","text":"we've had the benefits of the electrification of the South Wales line","type":"I","timestamp":"2023-11-09 14:58:59"},{"nodeID":"1383806","text":"David Davies: We've had the benefits of the electrification of the South Wales line","type":"L","timestamp":"2023-11-09 14:58:59"},{"nodeID":"1383807","text":"Analysing","type":"YA","timestamp":"2023-11-09 14:58:59"},{"nodeID":"1383808","text":"Anon: David Davies: We've had the benefits of the electrification of the South Wales line","type":"L","timestamp":"2023-11-09 14:58:59"},{"nodeID":"1383809","text":"Asserting","type":"YA","timestamp":"2023-11-09 14:58:59"},{"nodeID":"1383810","text":"Default Rephrase","type":"MA","timestamp":"2023-11-09 14:58:59"},{"nodeID":"1383811","text":"Default Transition","type":"TA","timestamp":"2023-11-09 14:58:59"},{"nodeID":"1383812","text":"Restating","type":"YA","timestamp":"2023-11-09 14:58:59"},{"nodeID":"1383813","text":"we've had the benefits of the work that\u2019s taking place in the Forest of Dean","type":"I","timestamp":"2023-11-09 14:58:59"},{"nodeID":"1383814","text":"David Davies: we've had the benefits of the work that\u2019s taking place in the Forest of Dean","type":"L","timestamp":"2023-11-09 14:58:59"},{"nodeID":"1383815","text":"Analysing","type":"YA","timestamp":"2023-11-09 14:58:59"},{"nodeID":"1383816","text":"Anon: David Davies: we've had the benefits of the work that\u2019s taking place in the Forest of Dean","type":"L","timestamp":"2023-11-09 14:58:59"},{"nodeID":"1383817","text":"Asserting","type":"YA","timestamp":"2023-11-09 14:58:59"},{"nodeID":"1383818","text":"Default Inference","type":"RA","timestamp":"2023-11-09 14:58:59"},{"nodeID":"1383819","text":"Default Transition","type":"TA","timestamp":"2023-11-09 14:58:59"},{"nodeID":"1383820","text":"Default Transition","type":"TA","timestamp":"2023-11-09 14:58:59"},{"nodeID":"1383821","text":"Arguing","type":"YA","timestamp":"2023-11-09 14:58:59"},{"nodeID":"1383822","text":"the work that\u2019s taking place in the Forest of Dean is making it quicker anyway to get up to the North of Wales","type":"I","timestamp":"2023-11-09 14:59:00"},{"nodeID":"1383823","text":"David Davies: which is making it quicker anyway to get up to the North of Wales","type":"L","timestamp":"2023-11-09 14:59:00"},{"nodeID":"1383824","text":"Analysing","type":"YA","timestamp":"2023-11-09 14:59:00"},{"nodeID":"1383825","text":"Anon: David Davies: which is making it quicker anyway to get up to the North of Wales","type":"L","timestamp":"2023-11-09 14:59:00"},{"nodeID":"1383826","text":"Asserting","type":"YA","timestamp":"2023-11-09 14:59:00"},{"nodeID":"1383827","text":"Default Rephrase","type":"MA","timestamp":"2023-11-09 14:59:00"},{"nodeID":"1383828","text":"Default Transition","type":"TA","timestamp":"2023-11-09 14:59:00"},{"nodeID":"1383829","text":"Restating","type":"YA","timestamp":"2023-11-09 14:59:00"},{"nodeID":"1383830","text":"Default Conflict","type":"CA","timestamp":"2023-11-09 14:59:00"},{"nodeID":"1383831","text":"Disagreeing","type":"YA","timestamp":"2023-11-09 14:59:00"}],"edges":[{"edgeID":"1808346","fromID":"1383744","toID":"1383743","formEdgeID":null},{"edgeID":"1808347","fromID":"1383745","toID":"1383744","formEdgeID":null},{"edgeID":"1808348","fromID":"1383743","toID":"1383746","formEdgeID":null},{"edgeID":"1808349","fromID":"1383746","toID":"1383742","formEdgeID":null},{"edgeID":"1808350","fromID":"1383748","toID":"1383747","formEdgeID":null},{"edgeID":"1808351","fromID":"1383749","toID":"1383748","formEdgeID":null},{"edgeID":"1808352","fromID":"1383743","toID":"1383750","formEdgeID":null},{"edgeID":"1808353","fromID":"1383750","toID":"1383747","formEdgeID":null},{"edgeID":"1808354","fromID":"1383750","toID":"1383751","formEdgeID":null},{"edgeID":"1808355","fromID":"1383751","toID":"1383742","formEdgeID":null},{"edgeID":"1808356","fromID":"1383754","toID":"1383753","formEdgeID":null},{"edgeID":"1808357","fromID":"1383755","toID":"1383754","formEdgeID":null},{"edgeID":"1808358","fromID":"1383753","toID":"1383756","formEdgeID":null},{"edgeID":"1808359","fromID":"1383756","toID":"1383752","formEdgeID":null},{"edgeID":"1808360","fromID":"1383747","toID":"1383757","formEdgeID":null},{"edgeID":"1808361","fromID":"1383757","toID":"1383753","formEdgeID":null},{"edgeID":"1808362","fromID":"1383752","toID":"1383758","formEdgeID":null},{"edgeID":"1808363","fromID":"1383758","toID":"1383742","formEdgeID":null},{"edgeID":"1808364","fromID":"1383757","toID":"1383759","formEdgeID":null},{"edgeID":"1808365","fromID":"1383759","toID":"1383758","formEdgeID":null},{"edgeID":"1808366","fromID":"1383762","toID":"1383761","formEdgeID":null},{"edgeID":"1808367","fromID":"1383763","toID":"1383762","formEdgeID":null},{"edgeID":"1808368","fromID":"1383761","toID":"1383764","formEdgeID":null},{"edgeID":"1808369","fromID":"1383764","toID":"1383760","formEdgeID":null},{"edgeID":"1808370","fromID":"1383743","toID":"1383765","formEdgeID":null},{"edgeID":"1808371","fromID":"1383765","toID":"1383761","formEdgeID":null},{"edgeID":"1808372","fromID":"1383760","toID":"1383766","formEdgeID":null},{"edgeID":"1808373","fromID":"1383766","toID":"1383742","formEdgeID":null},{"edgeID":"1808374","fromID":"1383765","toID":"1383767","formEdgeID":null},{"edgeID":"1808375","fromID":"1383767","toID":"1383766","formEdgeID":null},{"edgeID":"1808376","fromID":"1383770","toID":"1383769","formEdgeID":null},{"edgeID":"1808377","fromID":"1383771","toID":"1383770","formEdgeID":null},{"edgeID":"1808378","fromID":"1383769","toID":"1383772","formEdgeID":null},{"edgeID":"1808379","fromID":"1383772","toID":"1383768","formEdgeID":null},{"edgeID":"1808380","fromID":"1383761","toID":"1383773","formEdgeID":null},{"edgeID":"1808381","fromID":"1383773","toID":"1383769","formEdgeID":null},{"edgeID":"1808382","fromID":"1383775","toID":"1383774","formEdgeID":null},{"edgeID":"1808383","fromID":"1383776","toID":"1383775","formEdgeID":null},{"edgeID":"1808384","fromID":"1383769","toID":"1383777","formEdgeID":null},{"edgeID":"1808385","fromID":"1383777","toID":"1383774","formEdgeID":null},{"edgeID":"1808386","fromID":"1383777","toID":"1383778","formEdgeID":null},{"edgeID":"1808387","fromID":"1383778","toID":"1383768","formEdgeID":null},{"edgeID":"1808388","fromID":"1383781","toID":"1383780","formEdgeID":null},{"edgeID":"1808389","fromID":"1383782","toID":"1383781","formEdgeID":null},{"edgeID":"1808390","fromID":"1383780","toID":"1383783","formEdgeID":null},{"edgeID":"1808391","fromID":"1383783","toID":"1383779","formEdgeID":null},{"edgeID":"1808392","fromID":"1383779","toID":"1383784","formEdgeID":null},{"edgeID":"1808393","fromID":"1383784","toID":"1383768","formEdgeID":null},{"edgeID":"1808394","fromID":"1383774","toID":"1383785","formEdgeID":null},{"edgeID":"1808395","fromID":"1383785","toID":"1383780","formEdgeID":null},{"edgeID":"1808396","fromID":"1383785","toID":"1383786","formEdgeID":null},{"edgeID":"1808397","fromID":"1383786","toID":"1383784","formEdgeID":null},{"edgeID":"1808398","fromID":"1383789","toID":"1383788","formEdgeID":null},{"edgeID":"1808399","fromID":"1383790","toID":"1383789","formEdgeID":null},{"edgeID":"1808400","fromID":"1383788","toID":"1383791","formEdgeID":null},{"edgeID":"1808401","fromID":"1383791","toID":"1383787","formEdgeID":null},{"edgeID":"1808402","fromID":"1383780","toID":"1383792","formEdgeID":null},{"edgeID":"1808403","fromID":"1383792","toID":"1383788","formEdgeID":null},{"edgeID":"1808404","fromID":"1383795","toID":"1383794","formEdgeID":null},{"edgeID":"1808405","fromID":"1383796","toID":"1383795","formEdgeID":null},{"edgeID":"1808406","fromID":"1383794","toID":"1383797","formEdgeID":null},{"edgeID":"1808407","fromID":"1383797","toID":"1383793","formEdgeID":null},{"edgeID":"1808408","fromID":"1383788","toID":"1383798","formEdgeID":null},{"edgeID":"1808409","fromID":"1383798","toID":"1383794","formEdgeID":null},{"edgeID":"1808410","fromID":"1383801","toID":"1383800","formEdgeID":null},{"edgeID":"1808411","fromID":"1383802","toID":"1383801","formEdgeID":null},{"edgeID":"1808412","fromID":"1383800","toID":"1383803","formEdgeID":null},{"edgeID":"1808413","fromID":"1383803","toID":"1383799","formEdgeID":null},{"edgeID":"1808414","fromID":"1383794","toID":"1383804","formEdgeID":null},{"edgeID":"1808415","fromID":"1383804","toID":"1383800","formEdgeID":null},{"edgeID":"1808416","fromID":"1383807","toID":"1383806","formEdgeID":null},{"edgeID":"1808417","fromID":"1383808","toID":"1383807","formEdgeID":null},{"edgeID":"1808418","fromID":"1383806","toID":"1383809","formEdgeID":null},{"edgeID":"1808419","fromID":"1383809","toID":"1383805","formEdgeID":null},{"edgeID":"1808420","fromID":"1383805","toID":"1383810","formEdgeID":null},{"edgeID":"1808421","fromID":"1383810","toID":"1383787","formEdgeID":null},{"edgeID":"1808422","fromID":"1383788","toID":"1383811","formEdgeID":null},{"edgeID":"1808423","fromID":"1383811","toID":"1383806","formEdgeID":null},{"edgeID":"1808424","fromID":"1383811","toID":"1383812","formEdgeID":null},{"edgeID":"1808425","fromID":"1383812","toID":"1383810","formEdgeID":null},{"edgeID":"1808426","fromID":"1383815","toID":"1383814","formEdgeID":null},{"edgeID":"1808427","fromID":"1383816","toID":"1383815","formEdgeID":null},{"edgeID":"1808428","fromID":"1383814","toID":"1383817","formEdgeID":null},{"edgeID":"1808429","fromID":"1383817","toID":"1383813","formEdgeID":null},{"edgeID":"1808430","fromID":"1383805","toID":"1383818","formEdgeID":null},{"edgeID":"1808431","fromID":"1383818","toID":"1383799","formEdgeID":null},{"edgeID":"1808432","fromID":"1383800","toID":"1383819","formEdgeID":null},{"edgeID":"1808433","fromID":"1383819","toID":"1383806","formEdgeID":null},{"edgeID":"1808434","fromID":"1383813","toID":"1383818","formEdgeID":null},{"edgeID":"1808435","fromID":"1383800","toID":"1383820","formEdgeID":null},{"edgeID":"1808436","fromID":"1383820","toID":"1383814","formEdgeID":null},{"edgeID":"1808437","fromID":"1383820","toID":"1383821","formEdgeID":null},{"edgeID":"1808438","fromID":"1383821","toID":"1383818","formEdgeID":null},{"edgeID":"1808439","fromID":"1383824","toID":"1383823","formEdgeID":null},{"edgeID":"1808440","fromID":"1383825","toID":"1383824","formEdgeID":null},{"edgeID":"1808441","fromID":"1383823","toID":"1383826","formEdgeID":null},{"edgeID":"1808442","fromID":"1383826","toID":"1383822","formEdgeID":null},{"edgeID":"1808443","fromID":"1383822","toID":"1383827","formEdgeID":null},{"edgeID":"1808444","fromID":"1383827","toID":"1383813","formEdgeID":null},{"edgeID":"1808445","fromID":"1383814","toID":"1383828","formEdgeID":null},{"edgeID":"1808446","fromID":"1383828","toID":"1383823","formEdgeID":null},{"edgeID":"1808447","fromID":"1383828","toID":"1383829","formEdgeID":null},{"edgeID":"1808448","fromID":"1383829","toID":"1383827","formEdgeID":null},{"edgeID":"1808449","fromID":"1383799","toID":"1383830","formEdgeID":null},{"edgeID":"1808450","fromID":"1383830","toID":"1383793","formEdgeID":null},{"edgeID":"1808451","fromID":"1383804","toID":"1383831","formEdgeID":null},{"edgeID":"1808452","fromID":"1383831","toID":"1383830","formEdgeID":null}],"locutions":[]}