{"nodes":[{"nodeID":"1378239","text":"Kier Starmer is a man of detail and vision","type":"I","timestamp":"2023-11-09 14:51:01"},{"nodeID":"1378240","text":"Thangam Debbonaire: Kier is a man of detail and vision","type":"L","timestamp":"2023-11-09 14:51:01"},{"nodeID":"1378241","text":"Analysing","type":"YA","timestamp":"2023-11-09 14:51:01"},{"nodeID":"1378242","text":"Nette: Thangam Debbonaire: Kier is a man of detail and vision","type":"L","timestamp":"2023-11-09 14:51:01"},{"nodeID":"1378243","text":"Asserting","type":"YA","timestamp":"2023-11-09 14:51:01"},{"nodeID":"1378244","text":"Keir Starmer likes to know exactly how we\u2019re going to do things before he says, this is what we\u2019re going to do","type":"I","timestamp":"2023-11-09 14:51:02"},{"nodeID":"1378245","text":"Thangam Debbonaire: he likes to know exactly how we\u2019re going to do things before he says, this is what we\u2019re going to do","type":"L","timestamp":"2023-11-09 14:51:02"},{"nodeID":"1378246","text":"Analysing","type":"YA","timestamp":"2023-11-09 14:51:02"},{"nodeID":"1378247","text":"Nette: Thangam Debbonaire: he likes to know exactly how we\u2019re going to do things before he says, this is what we\u2019re going to do","type":"L","timestamp":"2023-11-09 14:51:02"},{"nodeID":"1378248","text":"Asserting","type":"YA","timestamp":"2023-11-09 14:51:02"},{"nodeID":"1378249","text":"Default Transition","type":"TA","timestamp":"2023-11-09 14:51:02"},{"nodeID":"1378250","text":"Keir Starmer has done a lot of work","type":"I","timestamp":"2023-11-09 14:51:02"},{"nodeID":"1378251","text":"Thangam Debbonaire: He\u2019s done a lot of work","type":"L","timestamp":"2023-11-09 14:51:02"},{"nodeID":"1378252","text":"Analysing","type":"YA","timestamp":"2023-11-09 14:51:02"},{"nodeID":"1378253","text":"Nette: Thangam Debbonaire: He\u2019s done a lot of work","type":"L","timestamp":"2023-11-09 14:51:02"},{"nodeID":"1378254","text":"Asserting","type":"YA","timestamp":"2023-11-09 14:51:02"},{"nodeID":"1378255","text":"Default Transition","type":"TA","timestamp":"2023-11-09 14:51:02"},{"nodeID":"1378256","text":"Default Rephrase","type":"MA","timestamp":"2023-11-09 14:51:02"},{"nodeID":"1378257","text":"Default Rephrase","type":"MA","timestamp":"2023-11-09 14:51:02"},{"nodeID":"1378258","text":"Restating","type":"YA","timestamp":"2023-11-09 14:51:03"},{"nodeID":"1378259","text":"Restating","type":"YA","timestamp":"2023-11-09 14:51:03"},{"nodeID":"1378260","text":"xxx is how Keir Starmer thinks he\u2019s going to make the UK the fastest growing economy","type":"I","timestamp":"2023-11-09 14:51:03"},{"nodeID":"1378261","text":"Fiona Bruce: how does he think he\u2019s going to do it","type":"L","timestamp":"2023-11-09 14:51:03"},{"nodeID":"1378262","text":"Analysing","type":"YA","timestamp":"2023-11-09 14:51:03"},{"nodeID":"1378263","text":"Nette: Fiona Bruce: how does he think he\u2019s going to do it","type":"L","timestamp":"2023-11-09 14:51:03"},{"nodeID":"1378264","text":"Asserting","type":"YA","timestamp":"2023-11-09 14:51:03"},{"nodeID":"1378265","text":"Default Transition","type":"TA","timestamp":"2023-11-09 14:51:03"},{"nodeID":"1378266","text":"the Labour Party would have a different approach to running the economy","type":"I","timestamp":"2023-11-09 14:51:04"},{"nodeID":"1378267","text":"Thangam Debbonaire: we would have a different approach to running the economy","type":"L","timestamp":"2023-11-09 14:51:04"},{"nodeID":"1378268","text":"Analysing","type":"YA","timestamp":"2023-11-09 14:51:04"},{"nodeID":"1378269","text":"Nette: Thangam Debbonaire: we would have a different approach to running the economy","type":"L","timestamp":"2023-11-09 14:51:04"},{"nodeID":"1378270","text":"Asserting","type":"YA","timestamp":"2023-11-09 14:51:04"},{"nodeID":"1378271","text":"Default Transition","type":"TA","timestamp":"2023-11-09 14:51:04"},{"nodeID":"1378272","text":"Default Rephrase","type":"MA","timestamp":"2023-11-09 14:51:04"},{"nodeID":"1378273","text":"Restating","type":"YA","timestamp":"2023-11-09 14:51:04"},{"nodeID":"1378274","text":"as part of the ambition of making the UK the fastest growing economy should be economic growth sustained across all of our nations and regions","type":"I","timestamp":"2023-11-09 14:51:04"},{"nodeID":"1378275","text":"Thangam Debbonaire: as part of that ambition that this should be economic growth sustained across all of our nations and regions","type":"L","timestamp":"2023-11-09 14:51:04"},{"nodeID":"1378276","text":"Analysing","type":"YA","timestamp":"2023-11-09 14:51:04"},{"nodeID":"1378277","text":"Nette: Thangam Debbonaire: as part of that ambition that this should be economic growth sustained across all of our nations and regions","type":"L","timestamp":"2023-11-09 14:51:04"},{"nodeID":"1378278","text":"Asserting","type":"YA","timestamp":"2023-11-09 14:51:04"},{"nodeID":"1378279","text":"economic growth should not just be concentrated in small pockets of the South East and various other small parts of the United Kingdom","type":"I","timestamp":"2023-11-09 14:51:05"},{"nodeID":"1378280","text":"Thangam Debbonaire: not just concentrated in small pockets of the South East and various other small parts of the United Kingdom","type":"L","timestamp":"2023-11-09 14:51:05"},{"nodeID":"1378281","text":"Analysing","type":"YA","timestamp":"2023-11-09 14:51:05"},{"nodeID":"1378282","text":"Nette: Thangam Debbonaire: not just concentrated in small pockets of the South East and various other small parts of the United Kingdom","type":"L","timestamp":"2023-11-09 14:51:05"},{"nodeID":"1378283","text":"Asserting","type":"YA","timestamp":"2023-11-09 14:51:05"},{"nodeID":"1378284","text":"Default Transition","type":"TA","timestamp":"2023-11-09 14:51:05"},{"nodeID":"1378285","text":"Default Rephrase","type":"MA","timestamp":"2023-11-09 14:51:05"},{"nodeID":"1378286","text":"Restating","type":"YA","timestamp":"2023-11-09 14:51:05"},{"nodeID":"1378287","text":"Default Rephrase","type":"MA","timestamp":"2023-11-09 14:51:05"},{"nodeID":"1378288","text":"Default Transition","type":"TA","timestamp":"2023-11-09 14:51:05"},{"nodeID":"1378289","text":"Restating","type":"YA","timestamp":"2023-11-09 14:51:05"}],"edges":[{"edgeID":"1801895","fromID":"1378241","toID":"1378240","formEdgeID":null},{"edgeID":"1801896","fromID":"1378242","toID":"1378241","formEdgeID":null},{"edgeID":"1801897","fromID":"1378240","toID":"1378243","formEdgeID":null},{"edgeID":"1801898","fromID":"1378243","toID":"1378239","formEdgeID":null},{"edgeID":"1801899","fromID":"1378246","toID":"1378245","formEdgeID":null},{"edgeID":"1801900","fromID":"1378247","toID":"1378246","formEdgeID":null},{"edgeID":"1801901","fromID":"1378245","toID":"1378248","formEdgeID":null},{"edgeID":"1801902","fromID":"1378248","toID":"1378244","formEdgeID":null},{"edgeID":"1801903","fromID":"1378240","toID":"1378249","formEdgeID":null},{"edgeID":"1801904","fromID":"1378249","toID":"1378245","formEdgeID":null},{"edgeID":"1801905","fromID":"1378252","toID":"1378251","formEdgeID":null},{"edgeID":"1801906","fromID":"1378253","toID":"1378252","formEdgeID":null},{"edgeID":"1801907","fromID":"1378251","toID":"1378254","formEdgeID":null},{"edgeID":"1801908","fromID":"1378254","toID":"1378250","formEdgeID":null},{"edgeID":"1801909","fromID":"1378245","toID":"1378255","formEdgeID":null},{"edgeID":"1801910","fromID":"1378255","toID":"1378251","formEdgeID":null},{"edgeID":"1801911","fromID":"1378250","toID":"1378256","formEdgeID":null},{"edgeID":"1801912","fromID":"1378256","toID":"1378244","formEdgeID":null},{"edgeID":"1801913","fromID":"1378244","toID":"1378257","formEdgeID":null},{"edgeID":"1801914","fromID":"1378257","toID":"1378239","formEdgeID":null},{"edgeID":"1801915","fromID":"1378249","toID":"1378258","formEdgeID":null},{"edgeID":"1801916","fromID":"1378258","toID":"1378257","formEdgeID":null},{"edgeID":"1801917","fromID":"1378255","toID":"1378259","formEdgeID":null},{"edgeID":"1801918","fromID":"1378259","toID":"1378256","formEdgeID":null},{"edgeID":"1801919","fromID":"1378262","toID":"1378261","formEdgeID":null},{"edgeID":"1801920","fromID":"1378263","toID":"1378262","formEdgeID":null},{"edgeID":"1801921","fromID":"1378261","toID":"1378264","formEdgeID":null},{"edgeID":"1801922","fromID":"1378264","toID":"1378260","formEdgeID":null},{"edgeID":"1801923","fromID":"1378251","toID":"1378265","formEdgeID":null},{"edgeID":"1801924","fromID":"1378265","toID":"1378261","formEdgeID":null},{"edgeID":"1801925","fromID":"1378268","toID":"1378267","formEdgeID":null},{"edgeID":"1801926","fromID":"1378269","toID":"1378268","formEdgeID":null},{"edgeID":"1801927","fromID":"1378267","toID":"1378270","formEdgeID":null},{"edgeID":"1801928","fromID":"1378270","toID":"1378266","formEdgeID":null},{"edgeID":"1801929","fromID":"1378261","toID":"1378271","formEdgeID":null},{"edgeID":"1801930","fromID":"1378271","toID":"1378267","formEdgeID":null},{"edgeID":"1801931","fromID":"1378266","toID":"1378272","formEdgeID":null},{"edgeID":"1801932","fromID":"1378272","toID":"1378260","formEdgeID":null},{"edgeID":"1801933","fromID":"1378271","toID":"1378273","formEdgeID":null},{"edgeID":"1801934","fromID":"1378273","toID":"1378272","formEdgeID":null},{"edgeID":"1801935","fromID":"1378276","toID":"1378275","formEdgeID":null},{"edgeID":"1801936","fromID":"1378277","toID":"1378276","formEdgeID":null},{"edgeID":"1801937","fromID":"1378275","toID":"1378278","formEdgeID":null},{"edgeID":"1801938","fromID":"1378278","toID":"1378274","formEdgeID":null},{"edgeID":"1801939","fromID":"1378281","toID":"1378280","formEdgeID":null},{"edgeID":"1801940","fromID":"1378282","toID":"1378281","formEdgeID":null},{"edgeID":"1801941","fromID":"1378280","toID":"1378283","formEdgeID":null},{"edgeID":"1801942","fromID":"1378283","toID":"1378279","formEdgeID":null},{"edgeID":"1801943","fromID":"1378275","toID":"1378284","formEdgeID":null},{"edgeID":"1801944","fromID":"1378284","toID":"1378280","formEdgeID":null},{"edgeID":"1801945","fromID":"1378279","toID":"1378285","formEdgeID":null},{"edgeID":"1801946","fromID":"1378285","toID":"1378274","formEdgeID":null},{"edgeID":"1801947","fromID":"1378284","toID":"1378286","formEdgeID":null},{"edgeID":"1801948","fromID":"1378286","toID":"1378285","formEdgeID":null},{"edgeID":"1801949","fromID":"1378274","toID":"1378287","formEdgeID":null},{"edgeID":"1801950","fromID":"1378287","toID":"1378260","formEdgeID":null},{"edgeID":"1801951","fromID":"1378261","toID":"1378288","formEdgeID":null},{"edgeID":"1801952","fromID":"1378288","toID":"1378275","formEdgeID":null},{"edgeID":"1801953","fromID":"1378288","toID":"1378289","formEdgeID":null},{"edgeID":"1801954","fromID":"1378289","toID":"1378287","formEdgeID":null}],"locutions":[]}