{"nodes":[{"nodeID":"1380086","text":"Liz Saville-Roverts is going to take a step back from the domestic politics, and the way Shamima Begum's case has been politicised rather than be treated as a legal issue","type":"I","timestamp":"2023-11-09 14:53:41"},{"nodeID":"1380087","text":"Liz Saville Roberts: to take a step back from the domestic politics, and the way this has been politicised rather than be treated as a legal issue","type":"L","timestamp":"2023-11-09 14:53:41"},{"nodeID":"1380088","text":"Analysing","type":"YA","timestamp":"2023-11-09 14:53:41"},{"nodeID":"1380089","text":"Dominika: Liz Saville Roberts: to take a step back from the domestic politics, and the way this has been politicised rather than be treated as a legal issue","type":"L","timestamp":"2023-11-09 14:53:41"},{"nodeID":"1380090","text":"Asserting","type":"YA","timestamp":"2023-11-09 14:53:41"},{"nodeID":"1380091","text":"let us look at the United States","type":"I","timestamp":"2023-11-09 14:53:42"},{"nodeID":"1380092","text":"Liz Saville Roberts: let us look at the United States","type":"L","timestamp":"2023-11-09 14:53:42"},{"nodeID":"1380093","text":"Analysing","type":"YA","timestamp":"2023-11-09 14:53:42"},{"nodeID":"1380094","text":"Dominika: Liz Saville Roberts: let us look at the United States","type":"L","timestamp":"2023-11-09 14:53:42"},{"nodeID":"1380095","text":"Asserting","type":"YA","timestamp":"2023-11-09 14:53:42"},{"nodeID":"1380096","text":"Default Transition","type":"TA","timestamp":"2023-11-09 14:53:42"},{"nodeID":"1380097","text":"Default Inference","type":"RA","timestamp":"2023-11-09 14:53:42"},{"nodeID":"1380098","text":"Arguing","type":"YA","timestamp":"2023-11-09 14:53:42"},{"nodeID":"1380099","text":"it is within the 14th Amendment of the Constitution of the United States that if you are born in the United States you have citizenship for life, unless you renounce it","type":"I","timestamp":"2023-11-09 14:53:42"},{"nodeID":"1380100","text":"Liz Saville Roberts: it is within the 14th Amendment of the Constitution of the United States that if you are born in the United States you have citizenship for life, unless you renounce it","type":"L","timestamp":"2023-11-09 14:53:42"},{"nodeID":"1380101","text":"Analysing","type":"YA","timestamp":"2023-11-09 14:53:42"},{"nodeID":"1380102","text":"Dominika: Liz Saville Roberts: it is within the 14th Amendment of the Constitution of the United States that if you are born in the United States you have citizenship for life, unless you renounce it","type":"L","timestamp":"2023-11-09 14:53:42"},{"nodeID":"1380103","text":"Asserting","type":"YA","timestamp":"2023-11-09 14:53:42"},{"nodeID":"1380104","text":"Default Transition","type":"TA","timestamp":"2023-11-09 14:53:42"},{"nodeID":"1380105","text":"Default Rephrase","type":"MA","timestamp":"2023-11-09 14:53:42"},{"nodeID":"1380106","text":"Restating","type":"YA","timestamp":"2023-11-09 14:53:42"},{"nodeID":"1380107","text":"we look at a young woman under age, a child in law, trafficked out there, now being flaunted by right-wing politicians as something\u2026as a populist cause driving a coach and horses in setting precedent for law in future","type":"I","timestamp":"2023-11-09 14:53:43"},{"nodeID":"1380108","text":"Liz Saville Roberts: we look at a young woman under age, a child in law, trafficked out there, now being flaunted by right-wing politicians as something\u2026as a populist cause and actually riding\u2026driving a coach and horses in setting precedent for law in future","type":"L","timestamp":"2023-11-09 14:53:43"},{"nodeID":"1380109","text":"Analysing","type":"YA","timestamp":"2023-11-09 14:53:43"},{"nodeID":"1380110","text":"Dominika: Liz Saville Roberts: we look at a young woman under age, a child in law, trafficked out there, now being flaunted by right-wing politicians as something\u2026as a populist cause and actually riding\u2026driving a coach and horses in setting precedent for law in future","type":"L","timestamp":"2023-11-09 14:53:43"},{"nodeID":"1380111","text":"Asserting","type":"YA","timestamp":"2023-11-09 14:53:43"},{"nodeID":"1380112","text":"Default Transition","type":"TA","timestamp":"2023-11-09 14:53:43"},{"nodeID":"1380113","text":"Shamima Begum's case is immensely concerning","type":"I","timestamp":"2023-11-09 14:53:44"},{"nodeID":"1380114","text":"Liz Saville Roberts: This is immensely concerning","type":"L","timestamp":"2023-11-09 14:53:44"},{"nodeID":"1380115","text":"Analysing","type":"YA","timestamp":"2023-11-09 14:53:44"},{"nodeID":"1380116","text":"Dominika: Liz Saville Roberts: This is immensely concerning","type":"L","timestamp":"2023-11-09 14:53:44"},{"nodeID":"1380117","text":"Asserting","type":"YA","timestamp":"2023-11-09 14:53:44"},{"nodeID":"1380118","text":"Default Inference","type":"RA","timestamp":"2023-11-09 14:53:44"},{"nodeID":"1380119","text":"Default Transition","type":"TA","timestamp":"2023-11-09 14:53:44"},{"nodeID":"1380120","text":"Arguing","type":"YA","timestamp":"2023-11-09 14:53:44"},{"nodeID":"1380121","text":"none of us like what Shamima Begum did","type":"I","timestamp":"2023-11-09 14:53:44"},{"nodeID":"1380122","text":"Liz Saville Roberts: None of us like what she did","type":"L","timestamp":"2023-11-09 14:53:44"},{"nodeID":"1380123","text":"Analysing","type":"YA","timestamp":"2023-11-09 14:53:44"},{"nodeID":"1380124","text":"Dominika: Liz Saville Roberts: None of us like what she did","type":"L","timestamp":"2023-11-09 14:53:44"},{"nodeID":"1380125","text":"Asserting","type":"YA","timestamp":"2023-11-09 14:53:44"},{"nodeID":"1380126","text":"Default Transition","type":"TA","timestamp":"2023-11-09 14:53:44"},{"nodeID":"1380127","text":"Liz Saville-Roberts does or does not want Shamima Begum to come back","type":"I","timestamp":"2023-11-09 14:53:45"},{"nodeID":"1380128","text":"Fiona Bruce: do you want her to come back","type":"L","timestamp":"2023-11-09 14:53:45"},{"nodeID":"1380129","text":"Analysing","type":"YA","timestamp":"2023-11-09 14:53:45"},{"nodeID":"1380130","text":"Dominika: Fiona Bruce: do you want her to come back","type":"L","timestamp":"2023-11-09 14:53:45"},{"nodeID":"1380131","text":"Pure Questioning","type":"YA","timestamp":"2023-11-09 14:53:45"},{"nodeID":"1380132","text":"Default Transition","type":"TA","timestamp":"2023-11-09 14:53:45"},{"nodeID":"1380133","text":"Liz Saville-Roberts wants the law to make sure that it safeguards citizens without fear or favour","type":"I","timestamp":"2023-11-09 14:53:45"},{"nodeID":"1380134","text":"Liz Saville Roberts: I want the law to make sure that it safeguards citizens without fear or favour","type":"L","timestamp":"2023-11-09 14:53:45"},{"nodeID":"1380135","text":"Analysing","type":"YA","timestamp":"2023-11-09 14:53:45"},{"nodeID":"1380136","text":"Dominika: Liz Saville Roberts: I want the law to make sure that it safeguards citizens without fear or favour","type":"L","timestamp":"2023-11-09 14:53:45"},{"nodeID":"1380137","text":"Asserting","type":"YA","timestamp":"2023-11-09 14:53:45"},{"nodeID":"1380138","text":"Default Transition","type":"TA","timestamp":"2023-11-09 14:53:45"},{"nodeID":"1380139","text":"Default Rephrase","type":"MA","timestamp":"2023-11-09 14:53:45"},{"nodeID":"1380140","text":"Default Illocuting","type":"YA","timestamp":"2023-11-09 14:53:45"},{"nodeID":"1380141","text":"in Shamima Begum's case the law has been used in such a way, by this government, whereby there will be citizens in the future, if you think of Jewish citizens who hold Israeli citizenship, others who hold dual citizenship, who may well find that this government, or a government in the future, can use this law against them again","type":"I","timestamp":"2023-11-09 14:53:46"},{"nodeID":"1380142","text":"Liz Saville Roberts: in this instance, I think the law has been used in such a way, by this government, whereby there will be citizens in the future, if you think of Jewish citizens who hold Israeli citizenship, others who hold dual citizenship, who may well find that this government, or a government in the future, can use this law against them again","type":"L","timestamp":"2023-11-09 14:53:46"},{"nodeID":"1380143","text":"Analysing","type":"YA","timestamp":"2023-11-09 14:53:46"},{"nodeID":"1380144","text":"Dominika: Liz Saville Roberts: in this instance, I think the law has been used in such a way, by this government, whereby there will be citizens in the future, if you think of Jewish citizens who hold Israeli citizenship, others who hold dual citizenship, who may well find that this government, or a government in the future, can use this law against them again","type":"L","timestamp":"2023-11-09 14:53:46"},{"nodeID":"1380145","text":"Asserting","type":"YA","timestamp":"2023-11-09 14:53:46"},{"nodeID":"1380146","text":"Default Transition","type":"TA","timestamp":"2023-11-09 14:53:46"},{"nodeID":"1380147","text":"Default Conflict","type":"CA","timestamp":"2023-11-09 14:53:46"},{"nodeID":"1380148","text":"Disagreeing","type":"YA","timestamp":"2023-11-09 14:53:46"},{"nodeID":"1380149","text":"it\u2019s always follow the precedent, and fear that in Shamima Begum's case","type":"I","timestamp":"2023-11-09 14:53:47"},{"nodeID":"1380150","text":"Liz Saville Roberts: it\u2019s always follow the precedent, and fear that in this case","type":"L","timestamp":"2023-11-09 14:53:47"},{"nodeID":"1380151","text":"Analysing","type":"YA","timestamp":"2023-11-09 14:53:47"},{"nodeID":"1380152","text":"Dominika: Liz Saville Roberts: it\u2019s always follow the precedent, and fear that in this case","type":"L","timestamp":"2023-11-09 14:53:47"},{"nodeID":"1380153","text":"Asserting","type":"YA","timestamp":"2023-11-09 14:53:47"},{"nodeID":"1380154","text":"Default Transition","type":"TA","timestamp":"2023-11-09 14:53:47"},{"nodeID":"1380155","text":"Default Rephrase","type":"MA","timestamp":"2023-11-09 14:53:47"},{"nodeID":"1380156","text":"Restating","type":"YA","timestamp":"2023-11-09 14:53:47"}],"edges":[{"edgeID":"1804062","fromID":"1380088","toID":"1380087","formEdgeID":null},{"edgeID":"1804063","fromID":"1380089","toID":"1380088","formEdgeID":null},{"edgeID":"1804064","fromID":"1380087","toID":"1380090","formEdgeID":null},{"edgeID":"1804065","fromID":"1380090","toID":"1380086","formEdgeID":null},{"edgeID":"1804066","fromID":"1380093","toID":"1380092","formEdgeID":null},{"edgeID":"1804067","fromID":"1380094","toID":"1380093","formEdgeID":null},{"edgeID":"1804068","fromID":"1380092","toID":"1380095","formEdgeID":null},{"edgeID":"1804069","fromID":"1380095","toID":"1380091","formEdgeID":null},{"edgeID":"1804070","fromID":"1380087","toID":"1380096","formEdgeID":null},{"edgeID":"1804071","fromID":"1380096","toID":"1380092","formEdgeID":null},{"edgeID":"1804072","fromID":"1380086","toID":"1380097","formEdgeID":null},{"edgeID":"1804073","fromID":"1380097","toID":"1380091","formEdgeID":null},{"edgeID":"1804074","fromID":"1380096","toID":"1380098","formEdgeID":null},{"edgeID":"1804075","fromID":"1380098","toID":"1380097","formEdgeID":null},{"edgeID":"1804076","fromID":"1380101","toID":"1380100","formEdgeID":null},{"edgeID":"1804077","fromID":"1380102","toID":"1380101","formEdgeID":null},{"edgeID":"1804078","fromID":"1380100","toID":"1380103","formEdgeID":null},{"edgeID":"1804079","fromID":"1380103","toID":"1380099","formEdgeID":null},{"edgeID":"1804080","fromID":"1380092","toID":"1380104","formEdgeID":null},{"edgeID":"1804081","fromID":"1380104","toID":"1380100","formEdgeID":null},{"edgeID":"1804082","fromID":"1380099","toID":"1380105","formEdgeID":null},{"edgeID":"1804083","fromID":"1380105","toID":"1380091","formEdgeID":null},{"edgeID":"1804084","fromID":"1380104","toID":"1380106","formEdgeID":null},{"edgeID":"1804085","fromID":"1380106","toID":"1380105","formEdgeID":null},{"edgeID":"1804086","fromID":"1380109","toID":"1380108","formEdgeID":null},{"edgeID":"1804087","fromID":"1380110","toID":"1380109","formEdgeID":null},{"edgeID":"1804088","fromID":"1380108","toID":"1380111","formEdgeID":null},{"edgeID":"1804089","fromID":"1380111","toID":"1380107","formEdgeID":null},{"edgeID":"1804090","fromID":"1380100","toID":"1380112","formEdgeID":null},{"edgeID":"1804091","fromID":"1380112","toID":"1380108","formEdgeID":null},{"edgeID":"1804092","fromID":"1380115","toID":"1380114","formEdgeID":null},{"edgeID":"1804093","fromID":"1380116","toID":"1380115","formEdgeID":null},{"edgeID":"1804094","fromID":"1380114","toID":"1380117","formEdgeID":null},{"edgeID":"1804095","fromID":"1380117","toID":"1380113","formEdgeID":null},{"edgeID":"1804096","fromID":"1380107","toID":"1380118","formEdgeID":null},{"edgeID":"1804097","fromID":"1380118","toID":"1380113","formEdgeID":null},{"edgeID":"1804098","fromID":"1380108","toID":"1380119","formEdgeID":null},{"edgeID":"1804099","fromID":"1380119","toID":"1380114","formEdgeID":null},{"edgeID":"1804100","fromID":"1380119","toID":"1380120","formEdgeID":null},{"edgeID":"1804101","fromID":"1380120","toID":"1380118","formEdgeID":null},{"edgeID":"1804102","fromID":"1380123","toID":"1380122","formEdgeID":null},{"edgeID":"1804103","fromID":"1380124","toID":"1380123","formEdgeID":null},{"edgeID":"1804104","fromID":"1380122","toID":"1380125","formEdgeID":null},{"edgeID":"1804105","fromID":"1380125","toID":"1380121","formEdgeID":null},{"edgeID":"1804106","fromID":"1380114","toID":"1380126","formEdgeID":null},{"edgeID":"1804107","fromID":"1380126","toID":"1380122","formEdgeID":null},{"edgeID":"1804108","fromID":"1380129","toID":"1380128","formEdgeID":null},{"edgeID":"1804109","fromID":"1380130","toID":"1380129","formEdgeID":null},{"edgeID":"1804110","fromID":"1380128","toID":"1380131","formEdgeID":null},{"edgeID":"1804111","fromID":"1380131","toID":"1380127","formEdgeID":null},{"edgeID":"1804112","fromID":"1380122","toID":"1380132","formEdgeID":null},{"edgeID":"1804113","fromID":"1380132","toID":"1380128","formEdgeID":null},{"edgeID":"1804114","fromID":"1380135","toID":"1380134","formEdgeID":null},{"edgeID":"1804115","fromID":"1380136","toID":"1380135","formEdgeID":null},{"edgeID":"1804116","fromID":"1380134","toID":"1380137","formEdgeID":null},{"edgeID":"1804117","fromID":"1380137","toID":"1380133","formEdgeID":null},{"edgeID":"1804118","fromID":"1380128","toID":"1380138","formEdgeID":null},{"edgeID":"1804119","fromID":"1380138","toID":"1380134","formEdgeID":null},{"edgeID":"1804120","fromID":"1380133","toID":"1380139","formEdgeID":null},{"edgeID":"1804121","fromID":"1380139","toID":"1380127","formEdgeID":null},{"edgeID":"1804122","fromID":"1380138","toID":"1380140","formEdgeID":null},{"edgeID":"1804123","fromID":"1380140","toID":"1380139","formEdgeID":null},{"edgeID":"1804124","fromID":"1380143","toID":"1380142","formEdgeID":null},{"edgeID":"1804125","fromID":"1380144","toID":"1380143","formEdgeID":null},{"edgeID":"1804126","fromID":"1380142","toID":"1380145","formEdgeID":null},{"edgeID":"1804127","fromID":"1380145","toID":"1380141","formEdgeID":null},{"edgeID":"1804128","fromID":"1380134","toID":"1380146","formEdgeID":null},{"edgeID":"1804129","fromID":"1380146","toID":"1380142","formEdgeID":null},{"edgeID":"1804130","fromID":"1380141","toID":"1380147","formEdgeID":null},{"edgeID":"1804131","fromID":"1380147","toID":"1380133","formEdgeID":null},{"edgeID":"1804132","fromID":"1380146","toID":"1380148","formEdgeID":null},{"edgeID":"1804133","fromID":"1380148","toID":"1380147","formEdgeID":null},{"edgeID":"1804134","fromID":"1380151","toID":"1380150","formEdgeID":null},{"edgeID":"1804135","fromID":"1380152","toID":"1380151","formEdgeID":null},{"edgeID":"1804136","fromID":"1380150","toID":"1380153","formEdgeID":null},{"edgeID":"1804137","fromID":"1380153","toID":"1380149","formEdgeID":null},{"edgeID":"1804138","fromID":"1380142","toID":"1380154","formEdgeID":null},{"edgeID":"1804139","fromID":"1380154","toID":"1380150","formEdgeID":null},{"edgeID":"1804140","fromID":"1380149","toID":"1380155","formEdgeID":null},{"edgeID":"1804141","fromID":"1380155","toID":"1380141","formEdgeID":null},{"edgeID":"1804142","fromID":"1380154","toID":"1380156","formEdgeID":null},{"edgeID":"1804143","fromID":"1380156","toID":"1380155","formEdgeID":null}],"locutions":[]}