{"nodes":[{"nodeID":"1378360","text":"there is no reason to not aim for the highest sustained growth","type":"I","timestamp":"2023-11-09 14:51:11"},{"nodeID":"1378361","text":"Thangam Debbonaire: Why would we not aim for that","type":"L","timestamp":"2023-11-09 14:51:11"},{"nodeID":"1378362","text":"Analysing","type":"YA","timestamp":"2023-11-09 14:51:11"},{"nodeID":"1378363","text":"Amelie: Thangam Debbonaire: Why would we not aim for that","type":"L","timestamp":"2023-11-09 14:51:11"},{"nodeID":"1378364","text":"Rhetorical Questioning","type":"YA","timestamp":"2023-11-09 14:51:11"},{"nodeID":"1378365","text":"aiming for the highest sustained growth is a mission","type":"I","timestamp":"2023-11-09 14:51:12"},{"nodeID":"1378366","text":"Thangam Debbonaire: It is a mission","type":"L","timestamp":"2023-11-09 14:51:12"},{"nodeID":"1378367","text":"Analysing","type":"YA","timestamp":"2023-11-09 14:51:12"},{"nodeID":"1378368","text":"Amelie: Thangam Debbonaire: It is a mission","type":"L","timestamp":"2023-11-09 14:51:12"},{"nodeID":"1378369","text":"Asserting","type":"YA","timestamp":"2023-11-09 14:51:12"},{"nodeID":"1378370","text":"a mission is a great thing for a political party to have","type":"I","timestamp":"2023-11-09 14:51:13"},{"nodeID":"1378371","text":"Thangam Debbonaire: a mission is a great thing for a political party to have","type":"L","timestamp":"2023-11-09 14:51:13"},{"nodeID":"1378372","text":"Analysing","type":"YA","timestamp":"2023-11-09 14:51:13"},{"nodeID":"1378373","text":"Amelie: Thangam Debbonaire: a mission is a great thing for a political party to have","type":"L","timestamp":"2023-11-09 14:51:13"},{"nodeID":"1378374","text":"Asserting","type":"YA","timestamp":"2023-11-09 14:51:13"},{"nodeID":"1378375","text":"we have suffered for too long with a government that has low ambitions, low growth, low productivity","type":"I","timestamp":"2023-11-09 14:51:13"},{"nodeID":"1378376","text":"Thangam Debbonaire: We have suffered for too long with a government that has low ambitions, low growth, low productivity","type":"L","timestamp":"2023-11-09 14:51:13"},{"nodeID":"1378377","text":"Analysing","type":"YA","timestamp":"2023-11-09 14:51:13"},{"nodeID":"1378378","text":"Amelie: Thangam Debbonaire: We have suffered for too long with a government that has low ambitions, low growth, low productivity","type":"L","timestamp":"2023-11-09 14:51:13"},{"nodeID":"1378379","text":"Asserting","type":"YA","timestamp":"2023-11-09 14:51:13"},{"nodeID":"1378380","text":"we\u2019ve had that stagnating economy for 12 years now","type":"I","timestamp":"2023-11-09 14:51:14"},{"nodeID":"1378381","text":"Thangam Debbonaire: We\u2019ve had that stagnating economy for 12 years now","type":"L","timestamp":"2023-11-09 14:51:14"},{"nodeID":"1378382","text":"Analysing","type":"YA","timestamp":"2023-11-09 14:51:14"},{"nodeID":"1378383","text":"Amelie: Thangam Debbonaire: We\u2019ve had that stagnating economy for 12 years now","type":"L","timestamp":"2023-11-09 14:51:14"},{"nodeID":"1378384","text":"Asserting","type":"YA","timestamp":"2023-11-09 14:51:14"},{"nodeID":"1378385","text":"when Thangam Debbonaire first came into parliament in 2015 the first debate she took part in was a debate about low productivity","type":"I","timestamp":"2023-11-09 14:51:15"},{"nodeID":"1378386","text":"Thangam Debbonaire: When I first came into parliament in 2015 the first debate I took part in was a debate about low productivity","type":"L","timestamp":"2023-11-09 14:51:15"},{"nodeID":"1378387","text":"Analysing","type":"YA","timestamp":"2023-11-09 14:51:15"},{"nodeID":"1378388","text":"Amelie: Thangam Debbonaire: When I first came into parliament in 2015 the first debate I took part in was a debate about low productivity","type":"L","timestamp":"2023-11-09 14:51:15"},{"nodeID":"1378389","text":"Asserting","type":"YA","timestamp":"2023-11-09 14:51:15"},{"nodeID":"1378390","text":"nothing has changed","type":"I","timestamp":"2023-11-09 14:51:15"},{"nodeID":"1378391","text":"Thangam Debbonaire: nothing has changed","type":"L","timestamp":"2023-11-09 14:51:15"},{"nodeID":"1378392","text":"Analysing","type":"YA","timestamp":"2023-11-09 14:51:15"},{"nodeID":"1378393","text":"Amelie: Thangam Debbonaire: nothing has changed","type":"L","timestamp":"2023-11-09 14:51:15"},{"nodeID":"1378394","text":"Asserting","type":"YA","timestamp":"2023-11-09 14:51:15"},{"nodeID":"1378395","text":"we might have had the same growth rate as we\u2019d had at the last Labour government every single one of us","type":"I","timestamp":"2023-11-09 14:51:16"},{"nodeID":"1378396","text":"Thangam Debbonaire: If we had the same growth rate as we\u2019d had at the last Labour government every single one of us","type":"L","timestamp":"2023-11-09 14:51:16"},{"nodeID":"1378397","text":"Analysing","type":"YA","timestamp":"2023-11-09 14:51:16"},{"nodeID":"1378398","text":"Amelie: Thangam Debbonaire: If we had the same growth rate as we\u2019d had at the last Labour government every single one of us","type":"L","timestamp":"2023-11-09 14:51:16"},{"nodeID":"1378399","text":"Asserting","type":"YA","timestamp":"2023-11-09 14:51:16"},{"nodeID":"1378400","text":"every income would be around about \u00a310,000 better off","type":"I","timestamp":"2023-11-09 14:51:16"},{"nodeID":"1378401","text":"Thangam Debbonaire: every income would be 10,000\u2026around about \u00a310,000 better off","type":"L","timestamp":"2023-11-09 14:51:16"},{"nodeID":"1378402","text":"Analysing","type":"YA","timestamp":"2023-11-09 14:51:16"},{"nodeID":"1378403","text":"Amelie: Thangam Debbonaire: every income would be 10,000\u2026around about \u00a310,000 better off","type":"L","timestamp":"2023-11-09 14:51:16"},{"nodeID":"1378404","text":"Asserting","type":"YA","timestamp":"2023-11-09 14:51:16"},{"nodeID":"1378405","text":"Default Inference","type":"RA","timestamp":"2023-11-09 14:51:16"},{"nodeID":"1378406","text":"Default Transition","type":"TA","timestamp":"2023-11-09 14:51:16"},{"nodeID":"1378407","text":"Default Transition","type":"TA","timestamp":"2023-11-09 14:51:16"},{"nodeID":"1378408","text":"Arguing","type":"YA","timestamp":"2023-11-09 14:51:16"},{"nodeID":"1378409","text":"Default Rephrase","type":"MA","timestamp":"2023-11-09 14:51:16"},{"nodeID":"1378410","text":"Default Transition","type":"TA","timestamp":"2023-11-09 14:51:16"},{"nodeID":"1378411","text":"Restating","type":"YA","timestamp":"2023-11-09 14:51:16"},{"nodeID":"1378412","text":"Default Transition","type":"TA","timestamp":"2023-11-09 14:51:16"},{"nodeID":"1378413","text":"Default Inference","type":"RA","timestamp":"2023-11-09 14:51:16"},{"nodeID":"1378414","text":"Default Transition","type":"TA","timestamp":"2023-11-09 14:51:16"},{"nodeID":"1378415","text":"Arguing","type":"YA","timestamp":"2023-11-09 14:51:16"},{"nodeID":"1378416","text":"Default Transition","type":"TA","timestamp":"2023-11-09 14:51:16"},{"nodeID":"1378417","text":"Default Rephrase","type":"MA","timestamp":"2023-11-09 14:51:16"},{"nodeID":"1378418","text":"Default Transition","type":"TA","timestamp":"2023-11-09 14:51:16"},{"nodeID":"1378419","text":"Restating","type":"YA","timestamp":"2023-11-09 14:51:16"},{"nodeID":"1378420","text":"Default Inference","type":"RA","timestamp":"2023-11-09 14:51:16"},{"nodeID":"1378421","text":"Default Transition","type":"TA","timestamp":"2023-11-09 14:51:16"},{"nodeID":"1378422","text":"Arguing","type":"YA","timestamp":"2023-11-09 14:51:16"},{"nodeID":"1378423","text":"Default Transition","type":"TA","timestamp":"2023-11-09 14:51:16"},{"nodeID":"1378424","text":"every income being \u00a310,000 better off is the sort of economic growth you\u2019d get in the past under the Labour government in the UK","type":"I","timestamp":"2023-11-09 14:51:17"},{"nodeID":"1378425","text":"Thangam Debbonaire: That\u2019s the sort of economic growth you\u2019d get in the past under the Labour government in the UK","type":"L","timestamp":"2023-11-09 14:51:17"},{"nodeID":"1378426","text":"Analysing","type":"YA","timestamp":"2023-11-09 14:51:17"},{"nodeID":"1378427","text":"Amelie: Thangam Debbonaire: That\u2019s the sort of economic growth you\u2019d get in the past under the Labour government in the UK","type":"L","timestamp":"2023-11-09 14:51:17"},{"nodeID":"1378428","text":"Asserting","type":"YA","timestamp":"2023-11-09 14:51:17"},{"nodeID":"1378429","text":"the economic growth is what we\u2019re going to get in the future","type":"I","timestamp":"2023-11-09 14:51:18"},{"nodeID":"1378430","text":"Thangam Debbonaire: that\u2019s what we\u2019re going to get in the future","type":"L","timestamp":"2023-11-09 14:51:18"},{"nodeID":"1378431","text":"Analysing","type":"YA","timestamp":"2023-11-09 14:51:18"},{"nodeID":"1378432","text":"Amelie: Thangam Debbonaire: that\u2019s what we\u2019re going to get in the future","type":"L","timestamp":"2023-11-09 14:51:18"},{"nodeID":"1378433","text":"Asserting","type":"YA","timestamp":"2023-11-09 14:51:18"},{"nodeID":"1378434","text":"Thangam Debbonaire is glad Kier is ambitious","type":"I","timestamp":"2023-11-09 14:51:18"},{"nodeID":"1378435","text":"Thangam Debbonaire: I\u2019m glad Kier is ambitious","type":"L","timestamp":"2023-11-09 14:51:18"},{"nodeID":"1378436","text":"Analysing","type":"YA","timestamp":"2023-11-09 14:51:18"},{"nodeID":"1378437","text":"Amelie: Thangam Debbonaire: I\u2019m glad Kier is ambitious","type":"L","timestamp":"2023-11-09 14:51:18"},{"nodeID":"1378438","text":"Asserting","type":"YA","timestamp":"2023-11-09 14:51:18"},{"nodeID":"1378439","text":"political leaders being ambitious is what this country deserves","type":"I","timestamp":"2023-11-09 14:51:19"},{"nodeID":"1378440","text":"Thangam Debbonaire: that\u2019s what this country deserves","type":"L","timestamp":"2023-11-09 14:51:19"},{"nodeID":"1378441","text":"Analysing","type":"YA","timestamp":"2023-11-09 14:51:19"},{"nodeID":"1378442","text":"Amelie: Thangam Debbonaire: that\u2019s what this country deserves","type":"L","timestamp":"2023-11-09 14:51:19"},{"nodeID":"1378443","text":"Asserting","type":"YA","timestamp":"2023-11-09 14:51:19"},{"nodeID":"1378444","text":"Default Inference","type":"RA","timestamp":"2023-11-09 14:51:19"},{"nodeID":"1378445","text":"Default Transition","type":"TA","timestamp":"2023-11-09 14:51:19"},{"nodeID":"1378446","text":"Arguing","type":"YA","timestamp":"2023-11-09 14:51:19"},{"nodeID":"1378447","text":"Default Transition","type":"TA","timestamp":"2023-11-09 14:51:19"},{"nodeID":"1378448","text":"Default Rephrase","type":"MA","timestamp":"2023-11-09 14:51:19"},{"nodeID":"1378449","text":"Restating","type":"YA","timestamp":"2023-11-09 14:51:19"},{"nodeID":"1378450","text":"Default Transition","type":"TA","timestamp":"2023-11-09 14:51:19"},{"nodeID":"1378451","text":"Default Transition","type":"TA","timestamp":"2023-11-09 14:51:19"},{"nodeID":"1378452","text":"Default Inference","type":"RA","timestamp":"2023-11-09 14:51:19"},{"nodeID":"1378453","text":"Arguing","type":"YA","timestamp":"2023-11-09 14:51:19"}],"edges":[{"edgeID":"1802042","fromID":"1378362","toID":"1378361","formEdgeID":null},{"edgeID":"1802043","fromID":"1378363","toID":"1378362","formEdgeID":null},{"edgeID":"1802044","fromID":"1378361","toID":"1378364","formEdgeID":null},{"edgeID":"1802045","fromID":"1378364","toID":"1378360","formEdgeID":null},{"edgeID":"1802046","fromID":"1378367","toID":"1378366","formEdgeID":null},{"edgeID":"1802047","fromID":"1378368","toID":"1378367","formEdgeID":null},{"edgeID":"1802048","fromID":"1378366","toID":"1378369","formEdgeID":null},{"edgeID":"1802049","fromID":"1378369","toID":"1378365","formEdgeID":null},{"edgeID":"1802050","fromID":"1378372","toID":"1378371","formEdgeID":null},{"edgeID":"1802051","fromID":"1378373","toID":"1378372","formEdgeID":null},{"edgeID":"1802052","fromID":"1378371","toID":"1378374","formEdgeID":null},{"edgeID":"1802053","fromID":"1378374","toID":"1378370","formEdgeID":null},{"edgeID":"1802054","fromID":"1378377","toID":"1378376","formEdgeID":null},{"edgeID":"1802055","fromID":"1378378","toID":"1378377","formEdgeID":null},{"edgeID":"1802056","fromID":"1378376","toID":"1378379","formEdgeID":null},{"edgeID":"1802057","fromID":"1378379","toID":"1378375","formEdgeID":null},{"edgeID":"1802058","fromID":"1378382","toID":"1378381","formEdgeID":null},{"edgeID":"1802059","fromID":"1378383","toID":"1378382","formEdgeID":null},{"edgeID":"1802060","fromID":"1378381","toID":"1378384","formEdgeID":null},{"edgeID":"1802061","fromID":"1378384","toID":"1378380","formEdgeID":null},{"edgeID":"1802062","fromID":"1378387","toID":"1378386","formEdgeID":null},{"edgeID":"1802063","fromID":"1378388","toID":"1378387","formEdgeID":null},{"edgeID":"1802064","fromID":"1378386","toID":"1378389","formEdgeID":null},{"edgeID":"1802065","fromID":"1378389","toID":"1378385","formEdgeID":null},{"edgeID":"1802066","fromID":"1378392","toID":"1378391","formEdgeID":null},{"edgeID":"1802067","fromID":"1378393","toID":"1378392","formEdgeID":null},{"edgeID":"1802068","fromID":"1378391","toID":"1378394","formEdgeID":null},{"edgeID":"1802069","fromID":"1378394","toID":"1378390","formEdgeID":null},{"edgeID":"1802070","fromID":"1378397","toID":"1378396","formEdgeID":null},{"edgeID":"1802071","fromID":"1378398","toID":"1378397","formEdgeID":null},{"edgeID":"1802072","fromID":"1378396","toID":"1378399","formEdgeID":null},{"edgeID":"1802073","fromID":"1378399","toID":"1378395","formEdgeID":null},{"edgeID":"1802074","fromID":"1378402","toID":"1378401","formEdgeID":null},{"edgeID":"1802075","fromID":"1378403","toID":"1378402","formEdgeID":null},{"edgeID":"1802076","fromID":"1378401","toID":"1378404","formEdgeID":null},{"edgeID":"1802077","fromID":"1378404","toID":"1378400","formEdgeID":null},{"edgeID":"1802078","fromID":"1378370","toID":"1378405","formEdgeID":null},{"edgeID":"1802079","fromID":"1378405","toID":"1378360","formEdgeID":null},{"edgeID":"1802080","fromID":"1378365","toID":"1378405","formEdgeID":null},{"edgeID":"1802081","fromID":"1378361","toID":"1378406","formEdgeID":null},{"edgeID":"1802082","fromID":"1378406","toID":"1378366","formEdgeID":null},{"edgeID":"1802083","fromID":"1378361","toID":"1378407","formEdgeID":null},{"edgeID":"1802084","fromID":"1378407","toID":"1378371","formEdgeID":null},{"edgeID":"1802085","fromID":"1378407","toID":"1378408","formEdgeID":null},{"edgeID":"1802086","fromID":"1378408","toID":"1378405","formEdgeID":null},{"edgeID":"1802087","fromID":"1378380","toID":"1378409","formEdgeID":null},{"edgeID":"1802088","fromID":"1378409","toID":"1378375","formEdgeID":null},{"edgeID":"1802089","fromID":"1378376","toID":"1378410","formEdgeID":null},{"edgeID":"1802090","fromID":"1378410","toID":"1378381","formEdgeID":null},{"edgeID":"1802091","fromID":"1378410","toID":"1378411","formEdgeID":null},{"edgeID":"1802092","fromID":"1378411","toID":"1378409","formEdgeID":null},{"edgeID":"1802093","fromID":"1378371","toID":"1378412","formEdgeID":null},{"edgeID":"1802094","fromID":"1378412","toID":"1378376","formEdgeID":null},{"edgeID":"1802095","fromID":"1378385","toID":"1378413","formEdgeID":null},{"edgeID":"1802096","fromID":"1378413","toID":"1378390","formEdgeID":null},{"edgeID":"1802097","fromID":"1378386","toID":"1378414","formEdgeID":null},{"edgeID":"1802098","fromID":"1378414","toID":"1378391","formEdgeID":null},{"edgeID":"1802099","fromID":"1378414","toID":"1378415","formEdgeID":null},{"edgeID":"1802100","fromID":"1378415","toID":"1378413","formEdgeID":null},{"edgeID":"1802101","fromID":"1378381","toID":"1378416","formEdgeID":null},{"edgeID":"1802102","fromID":"1378416","toID":"1378386","formEdgeID":null},{"edgeID":"1802103","fromID":"1378390","toID":"1378417","formEdgeID":null},{"edgeID":"1802104","fromID":"1378417","toID":"1378380","formEdgeID":null},{"edgeID":"1802105","fromID":"1378381","toID":"1378418","formEdgeID":null},{"edgeID":"1802106","fromID":"1378418","toID":"1378391","formEdgeID":null},{"edgeID":"1802107","fromID":"1378418","toID":"1378419","formEdgeID":null},{"edgeID":"1802108","fromID":"1378419","toID":"1378417","formEdgeID":null},{"edgeID":"1802109","fromID":"1378395","toID":"1378420","formEdgeID":null},{"edgeID":"1802110","fromID":"1378420","toID":"1378400","formEdgeID":null},{"edgeID":"1802111","fromID":"1378396","toID":"1378421","formEdgeID":null},{"edgeID":"1802112","fromID":"1378421","toID":"1378401","formEdgeID":null},{"edgeID":"1802113","fromID":"1378421","toID":"1378422","formEdgeID":null},{"edgeID":"1802114","fromID":"1378422","toID":"1378420","formEdgeID":null},{"edgeID":"1802115","fromID":"1378391","toID":"1378423","formEdgeID":null},{"edgeID":"1802116","fromID":"1378423","toID":"1378396","formEdgeID":null},{"edgeID":"1802117","fromID":"1378426","toID":"1378425","formEdgeID":null},{"edgeID":"1802118","fromID":"1378427","toID":"1378426","formEdgeID":null},{"edgeID":"1802119","fromID":"1378425","toID":"1378428","formEdgeID":null},{"edgeID":"1802120","fromID":"1378428","toID":"1378424","formEdgeID":null},{"edgeID":"1802121","fromID":"1378431","toID":"1378430","formEdgeID":null},{"edgeID":"1802122","fromID":"1378432","toID":"1378431","formEdgeID":null},{"edgeID":"1802123","fromID":"1378430","toID":"1378433","formEdgeID":null},{"edgeID":"1802124","fromID":"1378433","toID":"1378429","formEdgeID":null},{"edgeID":"1802125","fromID":"1378436","toID":"1378435","formEdgeID":null},{"edgeID":"1802126","fromID":"1378437","toID":"1378436","formEdgeID":null},{"edgeID":"1802127","fromID":"1378435","toID":"1378438","formEdgeID":null},{"edgeID":"1802128","fromID":"1378438","toID":"1378434","formEdgeID":null},{"edgeID":"1802129","fromID":"1378441","toID":"1378440","formEdgeID":null},{"edgeID":"1802130","fromID":"1378442","toID":"1378441","formEdgeID":null},{"edgeID":"1802131","fromID":"1378440","toID":"1378443","formEdgeID":null},{"edgeID":"1802132","fromID":"1378443","toID":"1378439","formEdgeID":null},{"edgeID":"1802133","fromID":"1378434","toID":"1378444","formEdgeID":null},{"edgeID":"1802134","fromID":"1378444","toID":"1378439","formEdgeID":null},{"edgeID":"1802135","fromID":"1378435","toID":"1378445","formEdgeID":null},{"edgeID":"1802136","fromID":"1378445","toID":"1378440","formEdgeID":null},{"edgeID":"1802137","fromID":"1378445","toID":"1378446","formEdgeID":null},{"edgeID":"1802138","fromID":"1378446","toID":"1378444","formEdgeID":null},{"edgeID":"1802139","fromID":"1378401","toID":"1378447","formEdgeID":null},{"edgeID":"1802140","fromID":"1378447","toID":"1378425","formEdgeID":null},{"edgeID":"1802141","fromID":"1378424","toID":"1378448","formEdgeID":null},{"edgeID":"1802142","fromID":"1378448","toID":"1378400","formEdgeID":null},{"edgeID":"1802143","fromID":"1378447","toID":"1378449","formEdgeID":null},{"edgeID":"1802144","fromID":"1378449","toID":"1378448","formEdgeID":null},{"edgeID":"1802145","fromID":"1378425","toID":"1378450","formEdgeID":null},{"edgeID":"1802146","fromID":"1378450","toID":"1378430","formEdgeID":null},{"edgeID":"1802147","fromID":"1378430","toID":"1378451","formEdgeID":null},{"edgeID":"1802148","fromID":"1378451","toID":"1378435","formEdgeID":null},{"edgeID":"1802149","fromID":"1378375","toID":"1378452","formEdgeID":null},{"edgeID":"1802150","fromID":"1378452","toID":"1378370","formEdgeID":null},{"edgeID":"1802151","fromID":"1378412","toID":"1378453","formEdgeID":null},{"edgeID":"1802152","fromID":"1378453","toID":"1378452","formEdgeID":null}],"locutions":[]}