{"nodes":[{"nodeID":"1383495","text":"Rakie Ayola: I agree","type":"L","timestamp":"2023-11-09 14:58:31"},{"nodeID":"1383496","text":"Analysing","type":"YA","timestamp":"2023-11-09 14:58:31"},{"nodeID":"1383497","text":"Dominika: Rakie Ayola: I agree","type":"L","timestamp":"2023-11-09 14:58:31"},{"nodeID":"1383498","text":"we shouldn't be censoring books","type":"I","timestamp":"2023-11-09 14:58:32"},{"nodeID":"1383499","text":"Rakie Ayola: I don't think at all that we should be censoring books","type":"L","timestamp":"2023-11-09 14:58:32"},{"nodeID":"1383500","text":"Analysing","type":"YA","timestamp":"2023-11-09 14:58:32"},{"nodeID":"1383501","text":"Dominika: Rakie Ayola: I don't think at all that we should be censoring books","type":"L","timestamp":"2023-11-09 14:58:32"},{"nodeID":"1383502","text":"Asserting","type":"YA","timestamp":"2023-11-09 14:58:32"},{"nodeID":"1383503","text":"Default Transition","type":"TA","timestamp":"2023-11-09 14:58:32"},{"nodeID":"1383504","text":"not censoring books is difficult with Roald Dahl","type":"I","timestamp":"2023-11-09 14:58:33"},{"nodeID":"1383505","text":"Rakie Ayola: it\u2019s difficult with Roald Dahl","type":"L","timestamp":"2023-11-09 14:58:33"},{"nodeID":"1383506","text":"Analysing","type":"YA","timestamp":"2023-11-09 14:58:33"},{"nodeID":"1383507","text":"Dominika: Rakie Ayola: it\u2019s difficult with Roald Dahl","type":"L","timestamp":"2023-11-09 14:58:33"},{"nodeID":"1383508","text":"Asserting","type":"YA","timestamp":"2023-11-09 14:58:33"},{"nodeID":"1383509","text":"you have often the author\u2019s voice","type":"I","timestamp":"2023-11-09 14:58:33"},{"nodeID":"1383510","text":"Rakie Ayola: you have often the author\u2019s voice","type":"L","timestamp":"2023-11-09 14:58:33"},{"nodeID":"1383511","text":"Analysing","type":"YA","timestamp":"2023-11-09 14:58:33"},{"nodeID":"1383512","text":"Dominika: Rakie Ayola: you have often the author\u2019s voice","type":"L","timestamp":"2023-11-09 14:58:33"},{"nodeID":"1383513","text":"Asserting","type":"YA","timestamp":"2023-11-09 14:58:33"},{"nodeID":"1383514","text":"the author\u2019s voice is telling you that this person is fat and ugly","type":"I","timestamp":"2023-11-09 14:58:34"},{"nodeID":"1383515","text":"Rakie Ayola: the author\u2019s voice is telling you that this person is fat and ugly","type":"L","timestamp":"2023-11-09 14:58:34"},{"nodeID":"1383516","text":"Analysing","type":"YA","timestamp":"2023-11-09 14:58:34"},{"nodeID":"1383517","text":"Dominika: Rakie Ayola: the author\u2019s voice is telling you that this person is fat and ugly","type":"L","timestamp":"2023-11-09 14:58:34"},{"nodeID":"1383518","text":"Asserting","type":"YA","timestamp":"2023-11-09 14:58:34"},{"nodeID":"1383519","text":"Default Transition","type":"TA","timestamp":"2023-11-09 14:58:34"},{"nodeID":"1383520","text":"Default Rephrase","type":"MA","timestamp":"2023-11-09 14:58:34"},{"nodeID":"1383521","text":"Restating","type":"YA","timestamp":"2023-11-09 14:58:34"},{"nodeID":"1383522","text":"Default Transition","type":"TA","timestamp":"2023-11-09 14:58:34"},{"nodeID":"1383523","text":"you\u2019re reading Roald Dahl's book to your five year old","type":"I","timestamp":"2023-11-09 14:58:35"},{"nodeID":"1383524","text":"Rakie Ayola: you\u2019re reading that to your five year old","type":"L","timestamp":"2023-11-09 14:58:35"},{"nodeID":"1383525","text":"Analysing","type":"YA","timestamp":"2023-11-09 14:58:35"},{"nodeID":"1383526","text":"Dominika: Rakie Ayola: you\u2019re reading that to your five year old","type":"L","timestamp":"2023-11-09 14:58:35"},{"nodeID":"1383527","text":"Asserting","type":"YA","timestamp":"2023-11-09 14:58:35"},{"nodeID":"1383528","text":"you have to challenge the author","type":"I","timestamp":"2023-11-09 14:58:35"},{"nodeID":"1383529","text":"Rakie Ayola: you have to challenge the author","type":"L","timestamp":"2023-11-09 14:58:35"},{"nodeID":"1383530","text":"Analysing","type":"YA","timestamp":"2023-11-09 14:58:35"},{"nodeID":"1383531","text":"Dominika: Rakie Ayola: you have to challenge the author","type":"L","timestamp":"2023-11-09 14:58:35"},{"nodeID":"1383532","text":"Asserting","type":"YA","timestamp":"2023-11-09 14:58:35"},{"nodeID":"1383533","text":"Default Transition","type":"TA","timestamp":"2023-11-09 14:58:35"},{"nodeID":"1383534","text":"Default Transition","type":"TA","timestamp":"2023-11-09 14:58:35"},{"nodeID":"1383535","text":"Default Transition","type":"TA","timestamp":"2023-11-09 14:58:35"},{"nodeID":"1383536","text":"Default Inference","type":"RA","timestamp":"2023-11-09 14:58:35"},{"nodeID":"1383537","text":"Arguing","type":"YA","timestamp":"2023-11-09 14:58:35"},{"nodeID":"1383538","text":"you\u2019re not saying, that nasty person said something nasty about that character","type":"I","timestamp":"2023-11-09 14:58:36"},{"nodeID":"1383539","text":"Rakie Ayola: You\u2019re not saying, that nasty person said something nasty about that character","type":"L","timestamp":"2023-11-09 14:58:36"},{"nodeID":"1383540","text":"Analysing","type":"YA","timestamp":"2023-11-09 14:58:36"},{"nodeID":"1383541","text":"Dominika: Rakie Ayola: You\u2019re not saying, that nasty person said something nasty about that character","type":"L","timestamp":"2023-11-09 14:58:36"},{"nodeID":"1383542","text":"Asserting","type":"YA","timestamp":"2023-11-09 14:58:36"},{"nodeID":"1383543","text":"Default Transition","type":"TA","timestamp":"2023-11-09 14:58:36"},{"nodeID":"1383544","text":"you\u2019re having to challenge the author\u2019s voice","type":"I","timestamp":"2023-11-09 14:58:36"},{"nodeID":"1383545","text":"Rakie Ayola: you\u2019re having to challenge the author\u2019s voice","type":"L","timestamp":"2023-11-09 14:58:36"},{"nodeID":"1383546","text":"Analysing","type":"YA","timestamp":"2023-11-09 14:58:36"},{"nodeID":"1383547","text":"Dominika: Rakie Ayola: you\u2019re having to challenge the author\u2019s voice","type":"L","timestamp":"2023-11-09 14:58:36"},{"nodeID":"1383548","text":"Asserting","type":"YA","timestamp":"2023-11-09 14:58:36"},{"nodeID":"1383549","text":"Default Transition","type":"TA","timestamp":"2023-11-09 14:58:36"},{"nodeID":"1383550","text":"Default Inference","type":"RA","timestamp":"2023-11-09 14:58:36"},{"nodeID":"1383551","text":"Arguing","type":"YA","timestamp":"2023-11-09 14:58:36"},{"nodeID":"1383552","text":"Default Rephrase","type":"MA","timestamp":"2023-11-09 14:58:36"},{"nodeID":"1383553","text":"Default Transition","type":"TA","timestamp":"2023-11-09 14:58:36"},{"nodeID":"1383554","text":"Restating","type":"YA","timestamp":"2023-11-09 14:58:36"},{"nodeID":"1383555","text":"challenging the author's voice is really hard when you\u2019re reading to a small child","type":"I","timestamp":"2023-11-09 14:58:37"},{"nodeID":"1383556","text":"Rakie Ayola: it\u2019s really hard when you\u2019re reading to a small child","type":"L","timestamp":"2023-11-09 14:58:37"},{"nodeID":"1383557","text":"Analysing","type":"YA","timestamp":"2023-11-09 14:58:37"},{"nodeID":"1383558","text":"Dominika: Rakie Ayola: it\u2019s really hard when you\u2019re reading to a small child","type":"L","timestamp":"2023-11-09 14:58:37"},{"nodeID":"1383559","text":"Asserting","type":"YA","timestamp":"2023-11-09 14:58:37"},{"nodeID":"1383560","text":"Default Inference","type":"RA","timestamp":"2023-11-09 14:58:37"},{"nodeID":"1383561","text":"Default Transition","type":"TA","timestamp":"2023-11-09 14:58:37"},{"nodeID":"1383562","text":"Arguing","type":"YA","timestamp":"2023-11-09 14:58:37"},{"nodeID":"1383563","text":"if you try it you\u2019ll see how difficult it is in the middle of a book at bedtime to go, the person who wrote this book is talking rubbish there and we won't use that word, and then carry on","type":"I","timestamp":"2023-11-09 14:58:38"},{"nodeID":"1383564","text":"Rakie Ayola: if you try it you\u2019ll see how difficult it is in the middle of a book at bedtime to go, the person who wrote this book is talking rubbish there and we won't use that word, and then carry on","type":"L","timestamp":"2023-11-09 14:58:38"},{"nodeID":"1383565","text":"Analysing","type":"YA","timestamp":"2023-11-09 14:58:38"},{"nodeID":"1383566","text":"Dominika: Rakie Ayola: if you try it you\u2019ll see how difficult it is in the middle of a book at bedtime to go, the person who wrote this book is talking rubbish there and we won't use that word, and then carry on","type":"L","timestamp":"2023-11-09 14:58:38"},{"nodeID":"1383567","text":"Asserting","type":"YA","timestamp":"2023-11-09 14:58:38"},{"nodeID":"1383568","text":"Default Transition","type":"TA","timestamp":"2023-11-09 14:58:38"},{"nodeID":"1383569","text":"Default Inference","type":"RA","timestamp":"2023-11-09 14:58:38"},{"nodeID":"1383570","text":"Arguing","type":"YA","timestamp":"2023-11-09 14:58:38"},{"nodeID":"1383571","text":"Rakie Ayola: It\u2019s actually really hard","type":"L","timestamp":"2023-11-09 14:58:38"},{"nodeID":"1383572","text":"Analysing","type":"YA","timestamp":"2023-11-09 14:58:38"},{"nodeID":"1383573","text":"Dominika: Rakie Ayola: It\u2019s actually really hard","type":"L","timestamp":"2023-11-09 14:58:38"},{"nodeID":"1383574","text":"Default Transition","type":"TA","timestamp":"2023-11-09 14:58:38"},{"nodeID":"1383575","text":"Asserting","type":"YA","timestamp":"2023-11-09 14:58:38"},{"nodeID":"1383576","text":"you don't need to change Roald Dahl's books","type":"I","timestamp":"2023-11-09 14:58:38"},{"nodeID":"1383577","text":"Rakie Ayola: I don't think you need to change it","type":"L","timestamp":"2023-11-09 14:58:38"},{"nodeID":"1383578","text":"Analysing","type":"YA","timestamp":"2023-11-09 14:58:38"},{"nodeID":"1383579","text":"Dominika: Rakie Ayola: I don't think you need to change it","type":"L","timestamp":"2023-11-09 14:58:38"},{"nodeID":"1383580","text":"Asserting","type":"YA","timestamp":"2023-11-09 14:58:38"},{"nodeID":"1383581","text":"Default Rephrase","type":"MA","timestamp":"2023-11-09 14:58:38"},{"nodeID":"1383582","text":"Default Transition","type":"TA","timestamp":"2023-11-09 14:58:38"},{"nodeID":"1383583","text":"Restating","type":"YA","timestamp":"2023-11-09 14:58:38"},{"nodeID":"1383584","text":"maybe just don\u2019t buy Roald Dahl's books","type":"I","timestamp":"2023-11-09 14:58:39"},{"nodeID":"1383585","text":"Rakie Ayola: maybe just don\u2019t buy them","type":"L","timestamp":"2023-11-09 14:58:39"},{"nodeID":"1383586","text":"Analysing","type":"YA","timestamp":"2023-11-09 14:58:39"},{"nodeID":"1383587","text":"Dominika: Rakie Ayola: maybe just don\u2019t buy them","type":"L","timestamp":"2023-11-09 14:58:39"},{"nodeID":"1383588","text":"Asserting","type":"YA","timestamp":"2023-11-09 14:58:39"},{"nodeID":"1383589","text":"Default Transition","type":"TA","timestamp":"2023-11-09 14:58:39"},{"nodeID":"1383590","text":"Default Inference","type":"RA","timestamp":"2023-11-09 14:58:39"},{"nodeID":"1383591","text":"Arguing","type":"YA","timestamp":"2023-11-09 14:58:39"},{"nodeID":"1383592","text":"the Welsh economy will be damaged by the Welsh government\u2019s decision to scrap all major road projects to xxx extent","type":"I","timestamp":"2023-11-09 14:58:40"},{"nodeID":"1383593","text":"Lynn Davis: How much will the Welsh government\u2019s decision to scrap all major road projects damage the Welsh economy","type":"L","timestamp":"2023-11-09 14:58:40"},{"nodeID":"1383594","text":"Analysing","type":"YA","timestamp":"2023-11-09 14:58:40"},{"nodeID":"1383595","text":"Dominika: Lynn Davis: How much will the Welsh government\u2019s decision to scrap all major road projects damage the Welsh economy","type":"L","timestamp":"2023-11-09 14:58:40"},{"nodeID":"1383596","text":"Pure Questioning","type":"YA","timestamp":"2023-11-09 14:58:40"},{"nodeID":"1383597","text":"buy a different book","type":"I","timestamp":"2023-11-09 14:58:40"},{"nodeID":"1383598","text":"Fiona Bruce: Buy a different book","type":"L","timestamp":"2023-11-09 14:58:40"},{"nodeID":"1383599","text":"Analysing","type":"YA","timestamp":"2023-11-09 14:58:40"},{"nodeID":"1383600","text":"Dominika: Fiona Bruce: Buy a different book","type":"L","timestamp":"2023-11-09 14:58:40"},{"nodeID":"1383601","text":"Asserting","type":"YA","timestamp":"2023-11-09 14:58:40"},{"nodeID":"1383602","text":"Default Transition","type":"TA","timestamp":"2023-11-09 14:58:40"},{"nodeID":"1383603","text":"Default Rephrase","type":"MA","timestamp":"2023-11-09 14:58:40"},{"nodeID":"1383604","text":"Restating","type":"YA","timestamp":"2023-11-09 14:58:40"},{"nodeID":"1383605","text":"Default Transition","type":"TA","timestamp":"2023-11-09 14:58:40"}],"edges":[{"edgeID":"1808056","fromID":"1383496","toID":"1383495","formEdgeID":null},{"edgeID":"1808057","fromID":"1383497","toID":"1383496","formEdgeID":null},{"edgeID":"1808058","fromID":"1383500","toID":"1383499","formEdgeID":null},{"edgeID":"1808059","fromID":"1383501","toID":"1383500","formEdgeID":null},{"edgeID":"1808060","fromID":"1383499","toID":"1383502","formEdgeID":null},{"edgeID":"1808061","fromID":"1383502","toID":"1383498","formEdgeID":null},{"edgeID":"1808062","fromID":"1383495","toID":"1383503","formEdgeID":null},{"edgeID":"1808063","fromID":"1383503","toID":"1383499","formEdgeID":null},{"edgeID":"1808064","fromID":"1383506","toID":"1383505","formEdgeID":null},{"edgeID":"1808065","fromID":"1383507","toID":"1383506","formEdgeID":null},{"edgeID":"1808066","fromID":"1383505","toID":"1383508","formEdgeID":null},{"edgeID":"1808067","fromID":"1383508","toID":"1383504","formEdgeID":null},{"edgeID":"1808068","fromID":"1383511","toID":"1383510","formEdgeID":null},{"edgeID":"1808069","fromID":"1383512","toID":"1383511","formEdgeID":null},{"edgeID":"1808070","fromID":"1383510","toID":"1383513","formEdgeID":null},{"edgeID":"1808071","fromID":"1383513","toID":"1383509","formEdgeID":null},{"edgeID":"1808072","fromID":"1383516","toID":"1383515","formEdgeID":null},{"edgeID":"1808073","fromID":"1383517","toID":"1383516","formEdgeID":null},{"edgeID":"1808074","fromID":"1383515","toID":"1383518","formEdgeID":null},{"edgeID":"1808075","fromID":"1383518","toID":"1383514","formEdgeID":null},{"edgeID":"1808076","fromID":"1383510","toID":"1383519","formEdgeID":null},{"edgeID":"1808077","fromID":"1383519","toID":"1383515","formEdgeID":null},{"edgeID":"1808078","fromID":"1383514","toID":"1383520","formEdgeID":null},{"edgeID":"1808079","fromID":"1383520","toID":"1383509","formEdgeID":null},{"edgeID":"1808080","fromID":"1383519","toID":"1383521","formEdgeID":null},{"edgeID":"1808081","fromID":"1383521","toID":"1383520","formEdgeID":null},{"edgeID":"1808082","fromID":"1383499","toID":"1383522","formEdgeID":null},{"edgeID":"1808083","fromID":"1383522","toID":"1383505","formEdgeID":null},{"edgeID":"1808084","fromID":"1383525","toID":"1383524","formEdgeID":null},{"edgeID":"1808085","fromID":"1383526","toID":"1383525","formEdgeID":null},{"edgeID":"1808086","fromID":"1383524","toID":"1383527","formEdgeID":null},{"edgeID":"1808087","fromID":"1383527","toID":"1383523","formEdgeID":null},{"edgeID":"1808088","fromID":"1383530","toID":"1383529","formEdgeID":null},{"edgeID":"1808089","fromID":"1383531","toID":"1383530","formEdgeID":null},{"edgeID":"1808090","fromID":"1383529","toID":"1383532","formEdgeID":null},{"edgeID":"1808091","fromID":"1383532","toID":"1383528","formEdgeID":null},{"edgeID":"1808092","fromID":"1383505","toID":"1383533","formEdgeID":null},{"edgeID":"1808093","fromID":"1383533","toID":"1383510","formEdgeID":null},{"edgeID":"1808094","fromID":"1383505","toID":"1383534","formEdgeID":null},{"edgeID":"1808095","fromID":"1383534","toID":"1383524","formEdgeID":null},{"edgeID":"1808096","fromID":"1383505","toID":"1383535","formEdgeID":null},{"edgeID":"1808097","fromID":"1383535","toID":"1383529","formEdgeID":null},{"edgeID":"1808098","fromID":"1383528","toID":"1383536","formEdgeID":null},{"edgeID":"1808099","fromID":"1383536","toID":"1383504","formEdgeID":null},{"edgeID":"1808100","fromID":"1383509","toID":"1383536","formEdgeID":null},{"edgeID":"1808101","fromID":"1383523","toID":"1383536","formEdgeID":null},{"edgeID":"1808102","fromID":"1383535","toID":"1383537","formEdgeID":null},{"edgeID":"1808103","fromID":"1383537","toID":"1383536","formEdgeID":null},{"edgeID":"1808104","fromID":"1383540","toID":"1383539","formEdgeID":null},{"edgeID":"1808105","fromID":"1383541","toID":"1383540","formEdgeID":null},{"edgeID":"1808106","fromID":"1383539","toID":"1383542","formEdgeID":null},{"edgeID":"1808107","fromID":"1383542","toID":"1383538","formEdgeID":null},{"edgeID":"1808108","fromID":"1383529","toID":"1383543","formEdgeID":null},{"edgeID":"1808109","fromID":"1383543","toID":"1383539","formEdgeID":null},{"edgeID":"1808110","fromID":"1383546","toID":"1383545","formEdgeID":null},{"edgeID":"1808111","fromID":"1383547","toID":"1383546","formEdgeID":null},{"edgeID":"1808112","fromID":"1383545","toID":"1383548","formEdgeID":null},{"edgeID":"1808113","fromID":"1383548","toID":"1383544","formEdgeID":null},{"edgeID":"1808114","fromID":"1383539","toID":"1383549","formEdgeID":null},{"edgeID":"1808115","fromID":"1383549","toID":"1383545","formEdgeID":null},{"edgeID":"1808116","fromID":"1383544","toID":"1383550","formEdgeID":null},{"edgeID":"1808117","fromID":"1383550","toID":"1383538","formEdgeID":null},{"edgeID":"1808118","fromID":"1383549","toID":"1383551","formEdgeID":null},{"edgeID":"1808119","fromID":"1383551","toID":"1383550","formEdgeID":null},{"edgeID":"1808120","fromID":"1383544","toID":"1383552","formEdgeID":null},{"edgeID":"1808121","fromID":"1383552","toID":"1383528","formEdgeID":null},{"edgeID":"1808122","fromID":"1383529","toID":"1383553","formEdgeID":null},{"edgeID":"1808123","fromID":"1383553","toID":"1383545","formEdgeID":null},{"edgeID":"1808124","fromID":"1383553","toID":"1383554","formEdgeID":null},{"edgeID":"1808125","fromID":"1383554","toID":"1383552","formEdgeID":null},{"edgeID":"1808126","fromID":"1383557","toID":"1383556","formEdgeID":null},{"edgeID":"1808127","fromID":"1383558","toID":"1383557","formEdgeID":null},{"edgeID":"1808128","fromID":"1383556","toID":"1383559","formEdgeID":null},{"edgeID":"1808129","fromID":"1383559","toID":"1383555","formEdgeID":null},{"edgeID":"1808130","fromID":"1383555","toID":"1383560","formEdgeID":null},{"edgeID":"1808131","fromID":"1383560","toID":"1383504","formEdgeID":null},{"edgeID":"1808132","fromID":"1383505","toID":"1383561","formEdgeID":null},{"edgeID":"1808133","fromID":"1383561","toID":"1383556","formEdgeID":null},{"edgeID":"1808134","fromID":"1383561","toID":"1383562","formEdgeID":null},{"edgeID":"1808135","fromID":"1383562","toID":"1383560","formEdgeID":null},{"edgeID":"1808136","fromID":"1383565","toID":"1383564","formEdgeID":null},{"edgeID":"1808137","fromID":"1383566","toID":"1383565","formEdgeID":null},{"edgeID":"1808138","fromID":"1383564","toID":"1383567","formEdgeID":null},{"edgeID":"1808139","fromID":"1383567","toID":"1383563","formEdgeID":null},{"edgeID":"1808140","fromID":"1383556","toID":"1383568","formEdgeID":null},{"edgeID":"1808141","fromID":"1383568","toID":"1383564","formEdgeID":null},{"edgeID":"1808142","fromID":"1383563","toID":"1383569","formEdgeID":null},{"edgeID":"1808143","fromID":"1383569","toID":"1383555","formEdgeID":null},{"edgeID":"1808144","fromID":"1383568","toID":"1383570","formEdgeID":null},{"edgeID":"1808145","fromID":"1383570","toID":"1383569","formEdgeID":null},{"edgeID":"1808146","fromID":"1383572","toID":"1383571","formEdgeID":null},{"edgeID":"1808147","fromID":"1383573","toID":"1383572","formEdgeID":null},{"edgeID":"1808148","fromID":"1383545","toID":"1383574","formEdgeID":null},{"edgeID":"1808149","fromID":"1383574","toID":"1383571","formEdgeID":null},{"edgeID":"1808150","fromID":"1383571","toID":"1383575","formEdgeID":null},{"edgeID":"1808151","fromID":"1383575","toID":"1383544","formEdgeID":null},{"edgeID":"1808152","fromID":"1383578","toID":"1383577","formEdgeID":null},{"edgeID":"1808153","fromID":"1383579","toID":"1383578","formEdgeID":null},{"edgeID":"1808154","fromID":"1383577","toID":"1383580","formEdgeID":null},{"edgeID":"1808155","fromID":"1383580","toID":"1383576","formEdgeID":null},{"edgeID":"1808156","fromID":"1383576","toID":"1383581","formEdgeID":null},{"edgeID":"1808157","fromID":"1383581","toID":"1383498","formEdgeID":null},{"edgeID":"1808158","fromID":"1383499","toID":"1383582","formEdgeID":null},{"edgeID":"1808159","fromID":"1383582","toID":"1383577","formEdgeID":null},{"edgeID":"1808160","fromID":"1383582","toID":"1383583","formEdgeID":null},{"edgeID":"1808161","fromID":"1383583","toID":"1383581","formEdgeID":null},{"edgeID":"1808162","fromID":"1383586","toID":"1383585","formEdgeID":null},{"edgeID":"1808163","fromID":"1383587","toID":"1383586","formEdgeID":null},{"edgeID":"1808164","fromID":"1383585","toID":"1383588","formEdgeID":null},{"edgeID":"1808165","fromID":"1383588","toID":"1383584","formEdgeID":null},{"edgeID":"1808166","fromID":"1383577","toID":"1383589","formEdgeID":null},{"edgeID":"1808167","fromID":"1383589","toID":"1383585","formEdgeID":null},{"edgeID":"1808168","fromID":"1383584","toID":"1383590","formEdgeID":null},{"edgeID":"1808169","fromID":"1383590","toID":"1383576","formEdgeID":null},{"edgeID":"1808170","fromID":"1383589","toID":"1383591","formEdgeID":null},{"edgeID":"1808171","fromID":"1383591","toID":"1383590","formEdgeID":null},{"edgeID":"1808172","fromID":"1383594","toID":"1383593","formEdgeID":null},{"edgeID":"1808173","fromID":"1383595","toID":"1383594","formEdgeID":null},{"edgeID":"1808174","fromID":"1383593","toID":"1383596","formEdgeID":null},{"edgeID":"1808175","fromID":"1383596","toID":"1383592","formEdgeID":null},{"edgeID":"1808176","fromID":"1383599","toID":"1383598","formEdgeID":null},{"edgeID":"1808177","fromID":"1383600","toID":"1383599","formEdgeID":null},{"edgeID":"1808178","fromID":"1383598","toID":"1383601","formEdgeID":null},{"edgeID":"1808179","fromID":"1383601","toID":"1383597","formEdgeID":null},{"edgeID":"1808180","fromID":"1383585","toID":"1383602","formEdgeID":null},{"edgeID":"1808181","fromID":"1383602","toID":"1383598","formEdgeID":null},{"edgeID":"1808182","fromID":"1383597","toID":"1383603","formEdgeID":null},{"edgeID":"1808183","fromID":"1383603","toID":"1383584","formEdgeID":null},{"edgeID":"1808184","fromID":"1383602","toID":"1383604","formEdgeID":null},{"edgeID":"1808185","fromID":"1383604","toID":"1383603","formEdgeID":null},{"edgeID":"1808186","fromID":"1383598","toID":"1383605","formEdgeID":null},{"edgeID":"1808187","fromID":"1383605","toID":"1383593","formEdgeID":null}],"locutions":[]}