{"nodes":[{"nodeID":"1379780","text":"Thangam Debbonaire has had a lot of time to set out her case for why Kier Starmer\u2019s five missions","type":"I","timestamp":"2023-11-09 14:53:14"},{"nodeID":"1379781","text":"Anita Boateng: Thangam has had a lot of time to set out her case for why Kier Starmer\u2019s five missions","type":"L","timestamp":"2023-11-09 14:53:14"},{"nodeID":"1379782","text":"Analysing","type":"YA","timestamp":"2023-11-09 14:53:14"},{"nodeID":"1379783","text":"Tuuli: Anita Boateng: Thangam has had a lot of time to set out her case for why Kier Starmer\u2019s five missions","type":"L","timestamp":"2023-11-09 14:53:14"},{"nodeID":"1379784","text":"Asserting","type":"YA","timestamp":"2023-11-09 14:53:14"},{"nodeID":"1379785","text":"Kier Starmer's five missions obviously weren\u2019t based or responding to the fact that Rishi Sunak has five pledges","type":"I","timestamp":"2023-11-09 14:53:15"},{"nodeID":"1379786","text":"Anita Boateng: which obviously weren\u2019t based or responding to the fact that Rishi Sunak has five pledges","type":"L","timestamp":"2023-11-09 14:53:15"},{"nodeID":"1379787","text":"Analysing","type":"YA","timestamp":"2023-11-09 14:53:15"},{"nodeID":"1379788","text":"Tuuli: Anita Boateng: which obviously weren\u2019t based or responding to the fact that Rishi Sunak has five pledges","type":"L","timestamp":"2023-11-09 14:53:15"},{"nodeID":"1379789","text":"Asserting","type":"YA","timestamp":"2023-11-09 14:53:15"},{"nodeID":"1379790","text":"Default Transition","type":"TA","timestamp":"2023-11-09 14:53:15"},{"nodeID":"1379791","text":"so far we've heard that Kier Starmer is a man of great detail","type":"I","timestamp":"2023-11-09 14:53:15"},{"nodeID":"1379792","text":"Anita Boateng: so far we've heard that Kier Starmer is a man of great detail","type":"L","timestamp":"2023-11-09 14:53:15"},{"nodeID":"1379793","text":"Analysing","type":"YA","timestamp":"2023-11-09 14:53:15"},{"nodeID":"1379794","text":"Tuuli: Anita Boateng: so far we've heard that Kier Starmer is a man of great detail","type":"L","timestamp":"2023-11-09 14:53:15"},{"nodeID":"1379795","text":"Asserting","type":"YA","timestamp":"2023-11-09 14:53:15"},{"nodeID":"1379796","text":"Default Transition","type":"TA","timestamp":"2023-11-09 14:53:15"},{"nodeID":"1379797","text":"we haven\u2019t heard the detail","type":"I","timestamp":"2023-11-09 14:53:16"},{"nodeID":"1379798","text":"Anita Boateng: We haven\u2019t heard the detail","type":"L","timestamp":"2023-11-09 14:53:16"},{"nodeID":"1379799","text":"Analysing","type":"YA","timestamp":"2023-11-09 14:53:16"},{"nodeID":"1379800","text":"Tuuli: Anita Boateng: We haven\u2019t heard the detail","type":"L","timestamp":"2023-11-09 14:53:16"},{"nodeID":"1379801","text":"Asserting","type":"YA","timestamp":"2023-11-09 14:53:16"},{"nodeID":"1379802","text":"Default Transition","type":"TA","timestamp":"2023-11-09 14:53:16"},{"nodeID":"1379803","text":"Thangam Debbonaire did want to speak about the detail but Fiona told her not to","type":"I","timestamp":"2023-11-09 14:53:17"},{"nodeID":"1379804","text":"Thangam Debbonaire: I did want to do so but Fiona told me not to","type":"L","timestamp":"2023-11-09 14:53:17"},{"nodeID":"1379805","text":"Analysing","type":"YA","timestamp":"2023-11-09 14:53:17"},{"nodeID":"1379806","text":"Tuuli: Thangam Debbonaire: I did want to do so but Fiona told me not to","type":"L","timestamp":"2023-11-09 14:53:17"},{"nodeID":"1379807","text":"Asserting","type":"YA","timestamp":"2023-11-09 14:53:17"},{"nodeID":"1379808","text":"Default Transition","type":"TA","timestamp":"2023-11-09 14:53:17"},{"nodeID":"1379809","text":"Default Rephrase","type":"MA","timestamp":"2023-11-09 14:53:17"},{"nodeID":"1379810","text":"Restating","type":"YA","timestamp":"2023-11-09 14:53:17"},{"nodeID":"1379811","text":"Default Rephrase","type":"MA","timestamp":"2023-11-09 14:53:17"},{"nodeID":"1379812","text":"Restating","type":"YA","timestamp":"2023-11-09 14:53:17"},{"nodeID":"1379813","text":"Default Inference","type":"RA","timestamp":"2023-11-09 14:53:17"},{"nodeID":"1379814","text":"Arguing","type":"YA","timestamp":"2023-11-09 14:53:17"},{"nodeID":"1379815","text":"the reality of the pledge is that Anita Boateng always judges these things based on would anyone reasonable disagree with them","type":"I","timestamp":"2023-11-09 14:53:17"},{"nodeID":"1379816","text":"Anita Boateng: the reality of the pledge is that I always judge these things based on would anyone reasonable disagree with them","type":"L","timestamp":"2023-11-09 14:53:17"},{"nodeID":"1379817","text":"Analysing","type":"YA","timestamp":"2023-11-09 14:53:17"},{"nodeID":"1379818","text":"Tuuli: Anita Boateng: the reality of the pledge is that I always judge these things based on would anyone reasonable disagree with them","type":"L","timestamp":"2023-11-09 14:53:17"},{"nodeID":"1379819","text":"Asserting","type":"YA","timestamp":"2023-11-09 14:53:17"},{"nodeID":"1379820","text":"Default Transition","type":"TA","timestamp":"2023-11-09 14:53:17"},{"nodeID":"1379821","text":"no \u2013 we want to grow more","type":"I","timestamp":"2023-11-09 14:53:18"},{"nodeID":"1379822","text":"Anita Boateng: No \u2013 we want to grow more","type":"L","timestamp":"2023-11-09 14:53:18"},{"nodeID":"1379823","text":"Analysing","type":"YA","timestamp":"2023-11-09 14:53:18"},{"nodeID":"1379824","text":"Tuuli: Anita Boateng: No \u2013 we want to grow more","type":"L","timestamp":"2023-11-09 14:53:18"},{"nodeID":"1379825","text":"Asserting","type":"YA","timestamp":"2023-11-09 14:53:18"},{"nodeID":"1379826","text":"Default Transition","type":"TA","timestamp":"2023-11-09 14:53:18"},{"nodeID":"1379827","text":"of course we want to grow more and tackle crime and education","type":"I","timestamp":"2023-11-09 14:53:19"},{"nodeID":"1379828","text":"Anita Boateng: of course we do","type":"L","timestamp":"2023-11-09 14:53:19"},{"nodeID":"1379829","text":"Analysing","type":"YA","timestamp":"2023-11-09 14:53:19"},{"nodeID":"1379830","text":"Tuuli: Anita Boateng: of course we do","type":"L","timestamp":"2023-11-09 14:53:19"},{"nodeID":"1379831","text":"Asserting","type":"YA","timestamp":"2023-11-09 14:53:19"},{"nodeID":"1379832","text":"Default Transition","type":"TA","timestamp":"2023-11-09 14:53:19"},{"nodeID":"1379833","text":"we want to tackle crime and education","type":"I","timestamp":"2023-11-09 14:53:19"},{"nodeID":"1379834","text":"Anita Boateng: we want to tackle crime and education","type":"L","timestamp":"2023-11-09 14:53:19"},{"nodeID":"1379835","text":"Analysing","type":"YA","timestamp":"2023-11-09 14:53:19"},{"nodeID":"1379836","text":"Tuuli: Anita Boateng: we want to tackle crime and education","type":"L","timestamp":"2023-11-09 14:53:19"},{"nodeID":"1379837","text":"Asserting","type":"YA","timestamp":"2023-11-09 14:53:19"},{"nodeID":"1379838","text":"Default Transition","type":"TA","timestamp":"2023-11-09 14:53:19"},{"nodeID":"1379839","text":"what matters and what matters for trust in politics is that we hear about how","type":"I","timestamp":"2023-11-09 14:53:20"},{"nodeID":"1379840","text":"Anita Boateng: what matters and what matters for trust in politics is that we hear about how","type":"L","timestamp":"2023-11-09 14:53:20"},{"nodeID":"1379841","text":"Analysing","type":"YA","timestamp":"2023-11-09 14:53:20"},{"nodeID":"1379842","text":"Tuuli: Anita Boateng: what matters and what matters for trust in politics is that we hear about how","type":"L","timestamp":"2023-11-09 14:53:20"},{"nodeID":"1379843","text":"Asserting","type":"YA","timestamp":"2023-11-09 14:53:20"},{"nodeID":"1379844","text":"Default Transition","type":"TA","timestamp":"2023-11-09 14:53:20"},{"nodeID":"1379845","text":"Thangam Debbonaire can tell Anita Boateng how","type":"I","timestamp":"2023-11-09 14:53:21"},{"nodeID":"1379846","text":"Thangam Debbonaire: I can tell you","type":"L","timestamp":"2023-11-09 14:53:21"},{"nodeID":"1379847","text":"Analysing","type":"YA","timestamp":"2023-11-09 14:53:21"},{"nodeID":"1379848","text":"Tuuli: Thangam Debbonaire: I can tell you","type":"L","timestamp":"2023-11-09 14:53:21"},{"nodeID":"1379849","text":"Asserting","type":"YA","timestamp":"2023-11-09 14:53:21"},{"nodeID":"1379850","text":"Default Transition","type":"TA","timestamp":"2023-11-09 14:53:21"},{"nodeID":"1379851","text":"Default Rephrase","type":"MA","timestamp":"2023-11-09 14:53:21"},{"nodeID":"1379852","text":"Restating","type":"YA","timestamp":"2023-11-09 14:53:21"},{"nodeID":"1379853","text":"Fiona Bruce has given Thangam Debbonaire a long time","type":"I","timestamp":"2023-11-09 14:53:21"},{"nodeID":"1379854","text":"Fiona Bruce:  I\u2019ve given you a long time","type":"L","timestamp":"2023-11-09 14:53:21"},{"nodeID":"1379855","text":"Analysing","type":"YA","timestamp":"2023-11-09 14:53:21"},{"nodeID":"1379856","text":"Tuuli: Fiona Bruce:  I\u2019ve given you a long time","type":"L","timestamp":"2023-11-09 14:53:21"},{"nodeID":"1379857","text":"Asserting","type":"YA","timestamp":"2023-11-09 14:53:21"},{"nodeID":"1379858","text":"Default Rephrase","type":"MA","timestamp":"2023-11-09 14:53:21"},{"nodeID":"1379859","text":"Default Transition","type":"TA","timestamp":"2023-11-09 14:53:21"},{"nodeID":"1379860","text":"Restating","type":"YA","timestamp":"2023-11-09 14:53:21"},{"nodeID":"1379861","text":"Thangam Debbonaire has had a long time to give any examples of how we\u2019re going to get to the levels of growth that will see us become the fastest growing country in the G7","type":"I","timestamp":"2023-11-09 14:53:22"},{"nodeID":"1379862","text":"Anita Boateng: A long time to give any examples of how we\u2019re going to get to the levels of growth that will see us become the fastest growing country in the G7","type":"L","timestamp":"2023-11-09 14:53:22"},{"nodeID":"1379863","text":"Analysing","type":"YA","timestamp":"2023-11-09 14:53:22"},{"nodeID":"1379864","text":"Tuuli: Anita Boateng: A long time to give any examples of how we\u2019re going to get to the levels of growth that will see us become the fastest growing country in the G7","type":"L","timestamp":"2023-11-09 14:53:22"},{"nodeID":"1379865","text":"Asserting","type":"YA","timestamp":"2023-11-09 14:53:22"},{"nodeID":"1379866","text":"Default Transition","type":"TA","timestamp":"2023-11-09 14:53:22"},{"nodeID":"1379867","text":"short of going over and throwing rocks at other countries in the G7 Anita Boateng can't see how we get there","type":"I","timestamp":"2023-11-09 14:53:23"},{"nodeID":"1379868","text":"Anita Boateng: short of going over and throwing rocks at other countries in the G7 I can't see how we get there","type":"L","timestamp":"2023-11-09 14:53:23"},{"nodeID":"1379869","text":"Analysing","type":"YA","timestamp":"2023-11-09 14:53:23"},{"nodeID":"1379870","text":"Tuuli: Anita Boateng: short of going over and throwing rocks at other countries in the G7 I can't see how we get there","type":"L","timestamp":"2023-11-09 14:53:23"},{"nodeID":"1379871","text":"Asserting","type":"YA","timestamp":"2023-11-09 14:53:23"},{"nodeID":"1379872","text":"Default Transition","type":"TA","timestamp":"2023-11-09 14:53:23"},{"nodeID":"1379873","text":"Default Rephrase","type":"MA","timestamp":"2023-11-09 14:53:23"},{"nodeID":"1379874","text":"Restating","type":"YA","timestamp":"2023-11-09 14:53:23"},{"nodeID":"1379875","text":"Default Rephrase","type":"MA","timestamp":"2023-11-09 14:53:23"},{"nodeID":"1379876","text":"Restating","type":"YA","timestamp":"2023-11-09 14:53:23"},{"nodeID":"1379877","text":"Default Rephrase","type":"MA","timestamp":"2023-11-09 14:53:23"},{"nodeID":"1379878","text":"Restating","type":"YA","timestamp":"2023-11-09 14:53:23"},{"nodeID":"1379879","text":"Default Conflict","type":"CA","timestamp":"2023-11-09 14:53:23"},{"nodeID":"1379880","text":"Disagreeing","type":"YA","timestamp":"2023-11-09 14:53:23"}],"edges":[{"edgeID":"1803705","fromID":"1379782","toID":"1379781","formEdgeID":null},{"edgeID":"1803706","fromID":"1379783","toID":"1379782","formEdgeID":null},{"edgeID":"1803707","fromID":"1379781","toID":"1379784","formEdgeID":null},{"edgeID":"1803708","fromID":"1379784","toID":"1379780","formEdgeID":null},{"edgeID":"1803709","fromID":"1379787","toID":"1379786","formEdgeID":null},{"edgeID":"1803710","fromID":"1379788","toID":"1379787","formEdgeID":null},{"edgeID":"1803711","fromID":"1379786","toID":"1379789","formEdgeID":null},{"edgeID":"1803712","fromID":"1379789","toID":"1379785","formEdgeID":null},{"edgeID":"1803713","fromID":"1379781","toID":"1379790","formEdgeID":null},{"edgeID":"1803714","fromID":"1379790","toID":"1379786","formEdgeID":null},{"edgeID":"1803715","fromID":"1379793","toID":"1379792","formEdgeID":null},{"edgeID":"1803716","fromID":"1379794","toID":"1379793","formEdgeID":null},{"edgeID":"1803717","fromID":"1379792","toID":"1379795","formEdgeID":null},{"edgeID":"1803718","fromID":"1379795","toID":"1379791","formEdgeID":null},{"edgeID":"1803719","fromID":"1379786","toID":"1379796","formEdgeID":null},{"edgeID":"1803720","fromID":"1379796","toID":"1379792","formEdgeID":null},{"edgeID":"1803721","fromID":"1379799","toID":"1379798","formEdgeID":null},{"edgeID":"1803722","fromID":"1379800","toID":"1379799","formEdgeID":null},{"edgeID":"1803723","fromID":"1379798","toID":"1379801","formEdgeID":null},{"edgeID":"1803724","fromID":"1379801","toID":"1379797","formEdgeID":null},{"edgeID":"1803725","fromID":"1379792","toID":"1379802","formEdgeID":null},{"edgeID":"1803726","fromID":"1379802","toID":"1379798","formEdgeID":null},{"edgeID":"1803727","fromID":"1379805","toID":"1379804","formEdgeID":null},{"edgeID":"1803728","fromID":"1379806","toID":"1379805","formEdgeID":null},{"edgeID":"1803729","fromID":"1379804","toID":"1379807","formEdgeID":null},{"edgeID":"1803730","fromID":"1379807","toID":"1379803","formEdgeID":null},{"edgeID":"1803731","fromID":"1379798","toID":"1379808","formEdgeID":null},{"edgeID":"1803732","fromID":"1379808","toID":"1379804","formEdgeID":null},{"edgeID":"1803733","fromID":"1379785","toID":"1379809","formEdgeID":null},{"edgeID":"1803734","fromID":"1379809","toID":"1379780","formEdgeID":null},{"edgeID":"1803735","fromID":"1379790","toID":"1379810","formEdgeID":null},{"edgeID":"1803736","fromID":"1379810","toID":"1379809","formEdgeID":null},{"edgeID":"1803737","fromID":"1379797","toID":"1379811","formEdgeID":null},{"edgeID":"1803738","fromID":"1379811","toID":"1379791","formEdgeID":null},{"edgeID":"1803739","fromID":"1379802","toID":"1379812","formEdgeID":null},{"edgeID":"1803740","fromID":"1379812","toID":"1379811","formEdgeID":null},{"edgeID":"1803741","fromID":"1379803","toID":"1379813","formEdgeID":null},{"edgeID":"1803742","fromID":"1379813","toID":"1379797","formEdgeID":null},{"edgeID":"1803743","fromID":"1379808","toID":"1379814","formEdgeID":null},{"edgeID":"1803744","fromID":"1379814","toID":"1379813","formEdgeID":null},{"edgeID":"1803745","fromID":"1379817","toID":"1379816","formEdgeID":null},{"edgeID":"1803746","fromID":"1379818","toID":"1379817","formEdgeID":null},{"edgeID":"1803747","fromID":"1379816","toID":"1379819","formEdgeID":null},{"edgeID":"1803748","fromID":"1379819","toID":"1379815","formEdgeID":null},{"edgeID":"1803749","fromID":"1379804","toID":"1379820","formEdgeID":null},{"edgeID":"1803750","fromID":"1379820","toID":"1379816","formEdgeID":null},{"edgeID":"1803751","fromID":"1379823","toID":"1379822","formEdgeID":null},{"edgeID":"1803752","fromID":"1379824","toID":"1379823","formEdgeID":null},{"edgeID":"1803753","fromID":"1379822","toID":"1379825","formEdgeID":null},{"edgeID":"1803754","fromID":"1379825","toID":"1379821","formEdgeID":null},{"edgeID":"1803755","fromID":"1379816","toID":"1379826","formEdgeID":null},{"edgeID":"1803756","fromID":"1379826","toID":"1379822","formEdgeID":null},{"edgeID":"1803757","fromID":"1379829","toID":"1379828","formEdgeID":null},{"edgeID":"1803758","fromID":"1379830","toID":"1379829","formEdgeID":null},{"edgeID":"1803759","fromID":"1379828","toID":"1379831","formEdgeID":null},{"edgeID":"1803760","fromID":"1379831","toID":"1379827","formEdgeID":null},{"edgeID":"1803761","fromID":"1379822","toID":"1379832","formEdgeID":null},{"edgeID":"1803762","fromID":"1379832","toID":"1379828","formEdgeID":null},{"edgeID":"1803763","fromID":"1379835","toID":"1379834","formEdgeID":null},{"edgeID":"1803764","fromID":"1379836","toID":"1379835","formEdgeID":null},{"edgeID":"1803765","fromID":"1379834","toID":"1379837","formEdgeID":null},{"edgeID":"1803766","fromID":"1379837","toID":"1379833","formEdgeID":null},{"edgeID":"1803767","fromID":"1379828","toID":"1379838","formEdgeID":null},{"edgeID":"1803768","fromID":"1379838","toID":"1379834","formEdgeID":null},{"edgeID":"1803769","fromID":"1379841","toID":"1379840","formEdgeID":null},{"edgeID":"1803770","fromID":"1379842","toID":"1379841","formEdgeID":null},{"edgeID":"1803771","fromID":"1379840","toID":"1379843","formEdgeID":null},{"edgeID":"1803772","fromID":"1379843","toID":"1379839","formEdgeID":null},{"edgeID":"1803773","fromID":"1379834","toID":"1379844","formEdgeID":null},{"edgeID":"1803774","fromID":"1379844","toID":"1379840","formEdgeID":null},{"edgeID":"1803775","fromID":"1379847","toID":"1379846","formEdgeID":null},{"edgeID":"1803776","fromID":"1379848","toID":"1379847","formEdgeID":null},{"edgeID":"1803777","fromID":"1379846","toID":"1379849","formEdgeID":null},{"edgeID":"1803778","fromID":"1379849","toID":"1379845","formEdgeID":null},{"edgeID":"1803779","fromID":"1379840","toID":"1379850","formEdgeID":null},{"edgeID":"1803780","fromID":"1379850","toID":"1379846","formEdgeID":null},{"edgeID":"1803781","fromID":"1379845","toID":"1379851","formEdgeID":null},{"edgeID":"1803782","fromID":"1379851","toID":"1379839","formEdgeID":null},{"edgeID":"1803783","fromID":"1379850","toID":"1379852","formEdgeID":null},{"edgeID":"1803784","fromID":"1379852","toID":"1379851","formEdgeID":null},{"edgeID":"1803785","fromID":"1379855","toID":"1379854","formEdgeID":null},{"edgeID":"1803786","fromID":"1379856","toID":"1379855","formEdgeID":null},{"edgeID":"1803787","fromID":"1379854","toID":"1379857","formEdgeID":null},{"edgeID":"1803788","fromID":"1379857","toID":"1379853","formEdgeID":null},{"edgeID":"1803789","fromID":"1379853","toID":"1379858","formEdgeID":null},{"edgeID":"1803790","fromID":"1379858","toID":"1379780","formEdgeID":null},{"edgeID":"1803791","fromID":"1379781","toID":"1379859","formEdgeID":null},{"edgeID":"1803792","fromID":"1379859","toID":"1379854","formEdgeID":null},{"edgeID":"1803793","fromID":"1379859","toID":"1379860","formEdgeID":null},{"edgeID":"1803794","fromID":"1379860","toID":"1379858","formEdgeID":null},{"edgeID":"1803795","fromID":"1379863","toID":"1379862","formEdgeID":null},{"edgeID":"1803796","fromID":"1379864","toID":"1379863","formEdgeID":null},{"edgeID":"1803797","fromID":"1379862","toID":"1379865","formEdgeID":null},{"edgeID":"1803798","fromID":"1379865","toID":"1379861","formEdgeID":null},{"edgeID":"1803799","fromID":"1379854","toID":"1379866","formEdgeID":null},{"edgeID":"1803800","fromID":"1379866","toID":"1379862","formEdgeID":null},{"edgeID":"1803801","fromID":"1379869","toID":"1379868","formEdgeID":null},{"edgeID":"1803802","fromID":"1379870","toID":"1379869","formEdgeID":null},{"edgeID":"1803803","fromID":"1379868","toID":"1379871","formEdgeID":null},{"edgeID":"1803804","fromID":"1379871","toID":"1379867","formEdgeID":null},{"edgeID":"1803805","fromID":"1379862","toID":"1379872","formEdgeID":null},{"edgeID":"1803806","fromID":"1379872","toID":"1379868","formEdgeID":null},{"edgeID":"1803807","fromID":"1379861","toID":"1379873","formEdgeID":null},{"edgeID":"1803808","fromID":"1379873","toID":"1379853","formEdgeID":null},{"edgeID":"1803809","fromID":"1379866","toID":"1379874","formEdgeID":null},{"edgeID":"1803810","fromID":"1379874","toID":"1379873","formEdgeID":null},{"edgeID":"1803811","fromID":"1379827","toID":"1379875","formEdgeID":null},{"edgeID":"1803812","fromID":"1379875","toID":"1379821","formEdgeID":null},{"edgeID":"1803813","fromID":"1379832","toID":"1379876","formEdgeID":null},{"edgeID":"1803814","fromID":"1379876","toID":"1379875","formEdgeID":null},{"edgeID":"1803815","fromID":"1379833","toID":"1379877","formEdgeID":null},{"edgeID":"1803816","fromID":"1379877","toID":"1379827","formEdgeID":null},{"edgeID":"1803817","fromID":"1379838","toID":"1379878","formEdgeID":null},{"edgeID":"1803818","fromID":"1379878","toID":"1379877","formEdgeID":null},{"edgeID":"1803819","fromID":"1379867","toID":"1379879","formEdgeID":null},{"edgeID":"1803820","fromID":"1379879","toID":"1379861","formEdgeID":null},{"edgeID":"1803821","fromID":"1379872","toID":"1379880","formEdgeID":null},{"edgeID":"1803822","fromID":"1379880","toID":"1379879","formEdgeID":null}],"locutions":[]}