{"nodes":[{"nodeID":"1378883","text":"AudienceMember 20230330QT03 is talking about a lack of investment","type":"I","timestamp":"2023-11-09 14:51:57"},{"nodeID":"1378884","text":"Fiona Bruce: What the man there is talking about","type":"L","timestamp":"2023-11-09 14:51:57"},{"nodeID":"1378885","text":"Analysing","type":"YA","timestamp":"2023-11-09 14:51:57"},{"nodeID":"1378886","text":"Nette: Fiona Bruce: What the man there is talking about","type":"L","timestamp":"2023-11-09 14:51:57"},{"nodeID":"1378887","text":"Asserting","type":"YA","timestamp":"2023-11-09 14:51:57"},{"nodeID":"1378888","text":"the government did not hold in inquiry into the Chinese ownership of Nexperia","type":"I","timestamp":"2023-11-09 14:51:57"},{"nodeID":"1378889","text":"David Davies: The government did not","type":"L","timestamp":"2023-11-09 14:51:57"},{"nodeID":"1378890","text":"Analysing","type":"YA","timestamp":"2023-11-09 14:51:57"},{"nodeID":"1378891","text":"Nette: David Davies: The government did not","type":"L","timestamp":"2023-11-09 14:51:57"},{"nodeID":"1378892","text":"Asserting","type":"YA","timestamp":"2023-11-09 14:51:57"},{"nodeID":"1378893","text":"Default Transition","type":"TA","timestamp":"2023-11-09 14:51:57"},{"nodeID":"1378894","text":"AudienceMember 20230330QT03 is talking of a lack of knowledge of industry and a lack of investment","type":"I","timestamp":"2023-11-09 14:51:58"},{"nodeID":"1378895","text":"Fiona Bruce: A lack of knowledge of industry and a lack of investment","type":"L","timestamp":"2023-11-09 14:51:58"},{"nodeID":"1378896","text":"Analysing","type":"YA","timestamp":"2023-11-09 14:51:58"},{"nodeID":"1378897","text":"Nette: Fiona Bruce: A lack of knowledge of industry and a lack of investment","type":"L","timestamp":"2023-11-09 14:51:58"},{"nodeID":"1378898","text":"Asserting","type":"YA","timestamp":"2023-11-09 14:51:58"},{"nodeID":"1378899","text":"Default Transition","type":"TA","timestamp":"2023-11-09 14:51:58"},{"nodeID":"1378900","text":"Default Rephrase","type":"MA","timestamp":"2023-11-09 14:51:58"},{"nodeID":"1378901","text":"Restating","type":"YA","timestamp":"2023-11-09 14:51:58"},{"nodeID":"1378902","text":"AudienceMember 20230330QT03 is talking about is the Chinese purchase of Nexperia","type":"I","timestamp":"2023-11-09 14:51:59"},{"nodeID":"1378903","text":"David Davies: is talking about is the Chinese purchase of Nexperia by","type":"L","timestamp":"2023-11-09 14:51:59"},{"nodeID":"1378904","text":"Analysing","type":"YA","timestamp":"2023-11-09 14:51:59"},{"nodeID":"1378905","text":"Nette: David Davies: is talking about is the Chinese purchase of Nexperia by","type":"L","timestamp":"2023-11-09 14:51:59"},{"nodeID":"1378906","text":"Asserting","type":"YA","timestamp":"2023-11-09 14:51:59"},{"nodeID":"1378907","text":"Default Conflict","type":"CA","timestamp":"2023-11-09 14:51:59"},{"nodeID":"1378908","text":"Default Transition","type":"TA","timestamp":"2023-11-09 14:51:59"},{"nodeID":"1378909","text":"Disagreeing","type":"YA","timestamp":"2023-11-09 14:51:59"},{"nodeID":"1378910","text":"AudienceMember 20230330QT03 is not talking about the Chinese purchase of Nexperia","type":"I","timestamp":"2023-11-09 14:51:59"},{"nodeID":"1378911","text":"Fiona Bruce: No, he\u2019s not","type":"L","timestamp":"2023-11-09 14:51:59"},{"nodeID":"1378912","text":"Analysing","type":"YA","timestamp":"2023-11-09 14:51:59"},{"nodeID":"1378913","text":"Nette: Fiona Bruce: No, he\u2019s not","type":"L","timestamp":"2023-11-09 14:51:59"},{"nodeID":"1378914","text":"Asserting","type":"YA","timestamp":"2023-11-09 14:51:59"},{"nodeID":"1378915","text":"Default Transition","type":"TA","timestamp":"2023-11-09 14:51:59"},{"nodeID":"1378916","text":"Default Conflict","type":"CA","timestamp":"2023-11-09 14:51:59"},{"nodeID":"1378917","text":"Disagreeing","type":"YA","timestamp":"2023-11-09 14:51:59"},{"nodeID":"1378918","text":"AudienceMember 20230330QT03 is talking about lack of investment","type":"I","timestamp":"2023-11-09 14:52:00"},{"nodeID":"1378919","text":"Fiona Bruce: He\u2019s talking about lack of investment","type":"L","timestamp":"2023-11-09 14:52:00"},{"nodeID":"1378920","text":"Analysing","type":"YA","timestamp":"2023-11-09 14:52:00"},{"nodeID":"1378921","text":"Nette: Fiona Bruce: He\u2019s talking about lack of investment","type":"L","timestamp":"2023-11-09 14:52:00"},{"nodeID":"1378922","text":"Asserting","type":"YA","timestamp":"2023-11-09 14:52:00"},{"nodeID":"1378923","text":"Default Rephrase","type":"MA","timestamp":"2023-11-09 14:52:00"},{"nodeID":"1378924","text":"Default Transition","type":"TA","timestamp":"2023-11-09 14:52:00"},{"nodeID":"1378925","text":"Restating","type":"YA","timestamp":"2023-11-09 14:52:00"},{"nodeID":"1378926","text":"as far as the semiconductor cluster is concerned the Catapult was put together as part of the Cardiff capital region growth deal, which is 50 per cent funded by the UK government","type":"I","timestamp":"2023-11-09 14:52:00"},{"nodeID":"1378927","text":"David Davies: as far as the semiconductor cluster is concerned the Catapult was put together as part of the Cardiff capital region growth deal, which is 50 per cent funded by the UK government","type":"L","timestamp":"2023-11-09 14:52:00"},{"nodeID":"1378928","text":"Analysing","type":"YA","timestamp":"2023-11-09 14:52:00"},{"nodeID":"1378929","text":"Nette: David Davies: as far as the semiconductor cluster is concerned the Catapult was put together as part of the Cardiff capital region growth deal, which is 50 per cent funded by the UK government","type":"L","timestamp":"2023-11-09 14:52:00"},{"nodeID":"1378930","text":"Asserting","type":"YA","timestamp":"2023-11-09 14:52:00"},{"nodeID":"1378931","text":"the cluster is nothing without the Newport facility","type":"I","timestamp":"2023-11-09 14:52:01"},{"nodeID":"1378932","text":"AudienceMember 20230330QT04: the cluster is nothing without the Newport facility","type":"L","timestamp":"2023-11-09 14:52:01"},{"nodeID":"1378933","text":"Analysing","type":"YA","timestamp":"2023-11-09 14:52:01"},{"nodeID":"1378934","text":"Nette: AudienceMember 20230330QT04: the cluster is nothing without the Newport facility","type":"L","timestamp":"2023-11-09 14:52:01"},{"nodeID":"1378935","text":"Asserting","type":"YA","timestamp":"2023-11-09 14:52:01"},{"nodeID":"1378936","text":"Default Transition","type":"TA","timestamp":"2023-11-09 14:52:01"},{"nodeID":"1378937","text":"Default Conflict","type":"CA","timestamp":"2023-11-09 14:52:01"},{"nodeID":"1378938","text":"Disagreeing","type":"YA","timestamp":"2023-11-09 14:52:01"},{"nodeID":"1378939","text":"AudienceMember 20230330QT05 is not talking about divestment","type":"I","timestamp":"2023-11-09 14:52:02"},{"nodeID":"1378940","text":"AudienceMember 20230330QT05: I am not talking about divestment","type":"L","timestamp":"2023-11-09 14:52:02"},{"nodeID":"1378941","text":"Analysing","type":"YA","timestamp":"2023-11-09 14:52:02"},{"nodeID":"1378942","text":"Nette: AudienceMember 20230330QT05: I am not talking about divestment","type":"L","timestamp":"2023-11-09 14:52:02"},{"nodeID":"1378943","text":"Asserting","type":"YA","timestamp":"2023-11-09 14:52:02"},{"nodeID":"1378944","text":"AudienceMember 20230330QT05 is talking about the 600 jobs the Conservative Party have put at risk","type":"I","timestamp":"2023-11-09 14:52:02"},{"nodeID":"1378945","text":"AudienceMember 20230330QT05: I\u2019m talking about the 600 jobs the Conservative Party have put at risk","type":"L","timestamp":"2023-11-09 14:52:02"},{"nodeID":"1378946","text":"Analysing","type":"YA","timestamp":"2023-11-09 14:52:02"},{"nodeID":"1378947","text":"Nette: AudienceMember 20230330QT05: I\u2019m talking about the 600 jobs the Conservative Party have put at risk","type":"L","timestamp":"2023-11-09 14:52:02"},{"nodeID":"1378948","text":"Asserting","type":"YA","timestamp":"2023-11-09 14:52:02"},{"nodeID":"1378949","text":"Default Conflict","type":"CA","timestamp":"2023-11-09 14:52:02"},{"nodeID":"1378950","text":"Default Transition","type":"TA","timestamp":"2023-11-09 14:52:02"},{"nodeID":"1378951","text":"Disagreeing","type":"YA","timestamp":"2023-11-09 14:52:02"},{"nodeID":"1378952","text":"Default Transition","type":"TA","timestamp":"2023-11-09 14:52:02"},{"nodeID":"1378953","text":"it is in xxx way that the Conservative Party have put 600 jobs at risk","type":"I","timestamp":"2023-11-09 14:52:03"},{"nodeID":"1378954","text":"David Davies: In what way","type":"L","timestamp":"2023-11-09 14:52:03"},{"nodeID":"1378955","text":"Analysing","type":"YA","timestamp":"2023-11-09 14:52:03"},{"nodeID":"1378956","text":"Nette: David Davies: In what way","type":"L","timestamp":"2023-11-09 14:52:03"},{"nodeID":"1378957","text":"Pure Questioning","type":"YA","timestamp":"2023-11-09 14:52:03"},{"nodeID":"1378958","text":"Default Transition","type":"TA","timestamp":"2023-11-09 14:52:03"},{"nodeID":"1378959","text":"Default Conflict","type":"CA","timestamp":"2023-11-09 14:52:03"},{"nodeID":"1378960","text":"Disagreeing","type":"YA","timestamp":"2023-11-09 14:52:03"},{"nodeID":"1378961","text":"the Conservative Party have no support for the people","type":"I","timestamp":"2023-11-09 14:52:03"},{"nodeID":"1378962","text":"AudienceMember 20230330QT06: What support have you got for the people?","type":"L","timestamp":"2023-11-09 14:52:03"},{"nodeID":"1378963","text":"Analysing","type":"YA","timestamp":"2023-11-09 14:52:03"},{"nodeID":"1378964","text":"Nette: AudienceMember 20230330QT06: What support have you got for the people?","type":"L","timestamp":"2023-11-09 14:52:03"},{"nodeID":"1378965","text":"Asserting","type":"YA","timestamp":"2023-11-09 14:52:03"},{"nodeID":"1378966","text":"the Tory MPs, including David Davies, have been invited to the site of the Newport facility","type":"I","timestamp":"2023-11-09 14:52:04"},{"nodeID":"1378967","text":"AudienceMember 20230330QT06: the Tory government...or the Tory MPs, including yourself, Mr Davies, you\u2019ve been invited to the site","type":"L","timestamp":"2023-11-09 14:52:04"},{"nodeID":"1378968","text":"Analysing","type":"YA","timestamp":"2023-11-09 14:52:04"},{"nodeID":"1378969","text":"Nette: AudienceMember 20230330QT06: the Tory government...or the Tory MPs, including yourself, Mr Davies, you\u2019ve been invited to the site","type":"L","timestamp":"2023-11-09 14:52:04"},{"nodeID":"1378970","text":"Asserting","type":"YA","timestamp":"2023-11-09 14:52:04"},{"nodeID":"1378971","text":"Default Rephrase","type":"MA","timestamp":"2023-11-09 14:52:04"},{"nodeID":"1378972","text":"Default Transition","type":"TA","timestamp":"2023-11-09 14:52:04"},{"nodeID":"1378973","text":"Restating","type":"YA","timestamp":"2023-11-09 14:52:04"},{"nodeID":"1378974","text":"David Davies has been to the site of the Newport facility","type":"I","timestamp":"2023-11-09 14:52:05"},{"nodeID":"1378975","text":"David Davies: I've been to the site","type":"L","timestamp":"2023-11-09 14:52:05"},{"nodeID":"1378976","text":"Analysing","type":"YA","timestamp":"2023-11-09 14:52:05"},{"nodeID":"1378977","text":"Nette: David Davies: I've been to the site","type":"L","timestamp":"2023-11-09 14:52:05"},{"nodeID":"1378978","text":"Asserting","type":"YA","timestamp":"2023-11-09 14:52:05"},{"nodeID":"1378979","text":"Default Transition","type":"TA","timestamp":"2023-11-09 14:52:05"},{"nodeID":"1378980","text":"Default Transition","type":"TA","timestamp":"2023-11-09 14:52:05"},{"nodeID":"1378981","text":"Default Transition","type":"TA","timestamp":"2023-11-09 14:52:05"}],"edges":[{"edgeID":"1802658","fromID":"1378885","toID":"1378884","formEdgeID":null},{"edgeID":"1802659","fromID":"1378886","toID":"1378885","formEdgeID":null},{"edgeID":"1802660","fromID":"1378884","toID":"1378887","formEdgeID":null},{"edgeID":"1802661","fromID":"1378887","toID":"1378883","formEdgeID":null},{"edgeID":"1802662","fromID":"1378890","toID":"1378889","formEdgeID":null},{"edgeID":"1802663","fromID":"1378891","toID":"1378890","formEdgeID":null},{"edgeID":"1802664","fromID":"1378889","toID":"1378892","formEdgeID":null},{"edgeID":"1802665","fromID":"1378892","toID":"1378888","formEdgeID":null},{"edgeID":"1802666","fromID":"1378884","toID":"1378893","formEdgeID":null},{"edgeID":"1802667","fromID":"1378893","toID":"1378889","formEdgeID":null},{"edgeID":"1802668","fromID":"1378896","toID":"1378895","formEdgeID":null},{"edgeID":"1802669","fromID":"1378897","toID":"1378896","formEdgeID":null},{"edgeID":"1802670","fromID":"1378895","toID":"1378898","formEdgeID":null},{"edgeID":"1802671","fromID":"1378898","toID":"1378894","formEdgeID":null},{"edgeID":"1802672","fromID":"1378884","toID":"1378899","formEdgeID":null},{"edgeID":"1802673","fromID":"1378899","toID":"1378895","formEdgeID":null},{"edgeID":"1802674","fromID":"1378894","toID":"1378900","formEdgeID":null},{"edgeID":"1802675","fromID":"1378900","toID":"1378883","formEdgeID":null},{"edgeID":"1802676","fromID":"1378899","toID":"1378901","formEdgeID":null},{"edgeID":"1802677","fromID":"1378901","toID":"1378900","formEdgeID":null},{"edgeID":"1802678","fromID":"1378904","toID":"1378903","formEdgeID":null},{"edgeID":"1802679","fromID":"1378905","toID":"1378904","formEdgeID":null},{"edgeID":"1802680","fromID":"1378903","toID":"1378906","formEdgeID":null},{"edgeID":"1802681","fromID":"1378906","toID":"1378902","formEdgeID":null},{"edgeID":"1802682","fromID":"1378902","toID":"1378907","formEdgeID":null},{"edgeID":"1802683","fromID":"1378907","toID":"1378894","formEdgeID":null},{"edgeID":"1802684","fromID":"1378895","toID":"1378908","formEdgeID":null},{"edgeID":"1802685","fromID":"1378908","toID":"1378903","formEdgeID":null},{"edgeID":"1802686","fromID":"1378908","toID":"1378909","formEdgeID":null},{"edgeID":"1802687","fromID":"1378909","toID":"1378907","formEdgeID":null},{"edgeID":"1802688","fromID":"1378912","toID":"1378911","formEdgeID":null},{"edgeID":"1802689","fromID":"1378913","toID":"1378912","formEdgeID":null},{"edgeID":"1802690","fromID":"1378911","toID":"1378914","formEdgeID":null},{"edgeID":"1802691","fromID":"1378914","toID":"1378910","formEdgeID":null},{"edgeID":"1802692","fromID":"1378903","toID":"1378915","formEdgeID":null},{"edgeID":"1802693","fromID":"1378915","toID":"1378911","formEdgeID":null},{"edgeID":"1802694","fromID":"1378910","toID":"1378916","formEdgeID":null},{"edgeID":"1802695","fromID":"1378916","toID":"1378902","formEdgeID":null},{"edgeID":"1802696","fromID":"1378915","toID":"1378917","formEdgeID":null},{"edgeID":"1802697","fromID":"1378917","toID":"1378916","formEdgeID":null},{"edgeID":"1802698","fromID":"1378920","toID":"1378919","formEdgeID":null},{"edgeID":"1802699","fromID":"1378921","toID":"1378920","formEdgeID":null},{"edgeID":"1802700","fromID":"1378919","toID":"1378922","formEdgeID":null},{"edgeID":"1802701","fromID":"1378922","toID":"1378918","formEdgeID":null},{"edgeID":"1802702","fromID":"1378918","toID":"1378923","formEdgeID":null},{"edgeID":"1802703","fromID":"1378923","toID":"1378894","formEdgeID":null},{"edgeID":"1802704","fromID":"1378895","toID":"1378924","formEdgeID":null},{"edgeID":"1802705","fromID":"1378924","toID":"1378919","formEdgeID":null},{"edgeID":"1802706","fromID":"1378924","toID":"1378925","formEdgeID":null},{"edgeID":"1802707","fromID":"1378925","toID":"1378923","formEdgeID":null},{"edgeID":"1802708","fromID":"1378928","toID":"1378927","formEdgeID":null},{"edgeID":"1802709","fromID":"1378929","toID":"1378928","formEdgeID":null},{"edgeID":"1802710","fromID":"1378927","toID":"1378930","formEdgeID":null},{"edgeID":"1802711","fromID":"1378930","toID":"1378926","formEdgeID":null},{"edgeID":"1802712","fromID":"1378933","toID":"1378932","formEdgeID":null},{"edgeID":"1802713","fromID":"1378934","toID":"1378933","formEdgeID":null},{"edgeID":"1802714","fromID":"1378932","toID":"1378935","formEdgeID":null},{"edgeID":"1802715","fromID":"1378935","toID":"1378931","formEdgeID":null},{"edgeID":"1802716","fromID":"1378927","toID":"1378936","formEdgeID":null},{"edgeID":"1802717","fromID":"1378936","toID":"1378932","formEdgeID":null},{"edgeID":"1802718","fromID":"1378931","toID":"1378937","formEdgeID":null},{"edgeID":"1802719","fromID":"1378937","toID":"1378926","formEdgeID":null},{"edgeID":"1802720","fromID":"1378936","toID":"1378938","formEdgeID":null},{"edgeID":"1802721","fromID":"1378938","toID":"1378937","formEdgeID":null},{"edgeID":"1802722","fromID":"1378941","toID":"1378940","formEdgeID":null},{"edgeID":"1802723","fromID":"1378942","toID":"1378941","formEdgeID":null},{"edgeID":"1802724","fromID":"1378940","toID":"1378943","formEdgeID":null},{"edgeID":"1802725","fromID":"1378943","toID":"1378939","formEdgeID":null},{"edgeID":"1802726","fromID":"1378946","toID":"1378945","formEdgeID":null},{"edgeID":"1802727","fromID":"1378947","toID":"1378946","formEdgeID":null},{"edgeID":"1802728","fromID":"1378945","toID":"1378948","formEdgeID":null},{"edgeID":"1802729","fromID":"1378948","toID":"1378944","formEdgeID":null},{"edgeID":"1802730","fromID":"1378944","toID":"1378949","formEdgeID":null},{"edgeID":"1802731","fromID":"1378949","toID":"1378939","formEdgeID":null},{"edgeID":"1802732","fromID":"1378940","toID":"1378950","formEdgeID":null},{"edgeID":"1802733","fromID":"1378950","toID":"1378945","formEdgeID":null},{"edgeID":"1802734","fromID":"1378950","toID":"1378951","formEdgeID":null},{"edgeID":"1802735","fromID":"1378951","toID":"1378949","formEdgeID":null},{"edgeID":"1802736","fromID":"1378919","toID":"1378952","formEdgeID":null},{"edgeID":"1802737","fromID":"1378952","toID":"1378927","formEdgeID":null},{"edgeID":"1802738","fromID":"1378955","toID":"1378954","formEdgeID":null},{"edgeID":"1802739","fromID":"1378956","toID":"1378955","formEdgeID":null},{"edgeID":"1802740","fromID":"1378954","toID":"1378957","formEdgeID":null},{"edgeID":"1802741","fromID":"1378957","toID":"1378953","formEdgeID":null},{"edgeID":"1802742","fromID":"1378945","toID":"1378958","formEdgeID":null},{"edgeID":"1802743","fromID":"1378958","toID":"1378954","formEdgeID":null},{"edgeID":"1802744","fromID":"1378953","toID":"1378959","formEdgeID":null},{"edgeID":"1802745","fromID":"1378959","toID":"1378944","formEdgeID":null},{"edgeID":"1802746","fromID":"1378958","toID":"1378960","formEdgeID":null},{"edgeID":"1802747","fromID":"1378960","toID":"1378959","formEdgeID":null},{"edgeID":"1802748","fromID":"1378963","toID":"1378962","formEdgeID":null},{"edgeID":"1802749","fromID":"1378964","toID":"1378963","formEdgeID":null},{"edgeID":"1802750","fromID":"1378962","toID":"1378965","formEdgeID":null},{"edgeID":"1802751","fromID":"1378965","toID":"1378961","formEdgeID":null},{"edgeID":"1802752","fromID":"1378968","toID":"1378967","formEdgeID":null},{"edgeID":"1802753","fromID":"1378969","toID":"1378968","formEdgeID":null},{"edgeID":"1802754","fromID":"1378967","toID":"1378970","formEdgeID":null},{"edgeID":"1802755","fromID":"1378970","toID":"1378966","formEdgeID":null},{"edgeID":"1802756","fromID":"1378961","toID":"1378971","formEdgeID":null},{"edgeID":"1802757","fromID":"1378971","toID":"1378944","formEdgeID":null},{"edgeID":"1802758","fromID":"1378945","toID":"1378972","formEdgeID":null},{"edgeID":"1802759","fromID":"1378972","toID":"1378962","formEdgeID":null},{"edgeID":"1802760","fromID":"1378972","toID":"1378973","formEdgeID":null},{"edgeID":"1802761","fromID":"1378973","toID":"1378971","formEdgeID":null},{"edgeID":"1802762","fromID":"1378976","toID":"1378975","formEdgeID":null},{"edgeID":"1802763","fromID":"1378977","toID":"1378976","formEdgeID":null},{"edgeID":"1802764","fromID":"1378975","toID":"1378978","formEdgeID":null},{"edgeID":"1802765","fromID":"1378978","toID":"1378974","formEdgeID":null},{"edgeID":"1802766","fromID":"1378962","toID":"1378979","formEdgeID":null},{"edgeID":"1802767","fromID":"1378979","toID":"1378967","formEdgeID":null},{"edgeID":"1802768","fromID":"1378967","toID":"1378980","formEdgeID":null},{"edgeID":"1802769","fromID":"1378980","toID":"1378975","formEdgeID":null},{"edgeID":"1802770","fromID":"1378932","toID":"1378981","formEdgeID":null},{"edgeID":"1802771","fromID":"1378981","toID":"1378940","formEdgeID":null}],"locutions":[]}