{"nodes":[{"nodeID":"1384814","text":"Rakie Ayola loves public transport as well","type":"I","timestamp":"2023-11-09 15:00:28"},{"nodeID":"1384815","text":"Rakie Ayola: I love public transport as well","type":"L","timestamp":"2023-11-09 15:00:28"},{"nodeID":"1384816","text":"Analysing","type":"YA","timestamp":"2023-11-09 15:00:28"},{"nodeID":"1384817","text":"Amelie: Rakie Ayola: I love public transport as well","type":"L","timestamp":"2023-11-09 15:00:28"},{"nodeID":"1384818","text":"Asserting","type":"YA","timestamp":"2023-11-09 15:00:28"},{"nodeID":"1384819","text":"Rakie Ayola is a train girl, a bus girl","type":"I","timestamp":"2023-11-09 15:00:28"},{"nodeID":"1384820","text":"Rakie Ayola: I\u2019m a train, I\u2019m a bus girl","type":"L","timestamp":"2023-11-09 15:00:28"},{"nodeID":"1384821","text":"Analysing","type":"YA","timestamp":"2023-11-09 15:00:28"},{"nodeID":"1384822","text":"Amelie: Rakie Ayola: I\u2019m a train, I\u2019m a bus girl","type":"L","timestamp":"2023-11-09 15:00:28"},{"nodeID":"1384823","text":"Asserting","type":"YA","timestamp":"2023-11-09 15:00:28"},{"nodeID":"1384824","text":"Default Rephrase","type":"MA","timestamp":"2023-11-09 15:00:28"},{"nodeID":"1384825","text":"Default Transition","type":"TA","timestamp":"2023-11-09 15:00:28"},{"nodeID":"1384826","text":"Restating","type":"YA","timestamp":"2023-11-09 15:00:28"},{"nodeID":"1384827","text":"Rakie Ayola is on local buses all the time","type":"I","timestamp":"2023-11-09 15:00:29"},{"nodeID":"1384828","text":"Rakie Ayola: I\u2019m a local buses all the time","type":"L","timestamp":"2023-11-09 15:00:29"},{"nodeID":"1384829","text":"Analysing","type":"YA","timestamp":"2023-11-09 15:00:29"},{"nodeID":"1384830","text":"Amelie: Rakie Ayola: I\u2019m a local buses all the time","type":"L","timestamp":"2023-11-09 15:00:29"},{"nodeID":"1384831","text":"Asserting","type":"YA","timestamp":"2023-11-09 15:00:29"},{"nodeID":"1384832","text":"Rakie Ayola is on coaches","type":"I","timestamp":"2023-11-09 15:00:29"},{"nodeID":"1384833","text":"Rakie Ayola: coaches as well","type":"L","timestamp":"2023-11-09 15:00:29"},{"nodeID":"1384834","text":"Analysing","type":"YA","timestamp":"2023-11-09 15:00:29"},{"nodeID":"1384835","text":"Amelie: Rakie Ayola: coaches as well","type":"L","timestamp":"2023-11-09 15:00:29"},{"nodeID":"1384836","text":"Asserting","type":"YA","timestamp":"2023-11-09 15:00:29"},{"nodeID":"1384837","text":"when Rakie Ayola was filming The Pact the other executive producers got very annoyed","type":"I","timestamp":"2023-11-09 15:00:30"},{"nodeID":"1384838","text":"Rakie Ayola: when I was filming The Pact the other executive producers got very annoyed","type":"L","timestamp":"2023-11-09 15:00:30"},{"nodeID":"1384839","text":"Analysing","type":"YA","timestamp":"2023-11-09 15:00:30"},{"nodeID":"1384840","text":"Amelie: Rakie Ayola: when I was filming The Pact the other executive producers got very annoyed","type":"L","timestamp":"2023-11-09 15:00:30"},{"nodeID":"1384841","text":"Asserting","type":"YA","timestamp":"2023-11-09 15:00:30"},{"nodeID":"1384842","text":"Rakie Ayola would get the 3am train from Sophia Gardens and she\u2019d be in her kitchen in Greenwich at half past six, on a National Express coach","type":"I","timestamp":"2023-11-09 15:00:31"},{"nodeID":"1384843","text":"Rakie Ayola: I would get the 3am train from Sophia Gardens and I\u2019d be in my kitchen in Greenwich at half past six, on a National Express coach","type":"L","timestamp":"2023-11-09 15:00:31"},{"nodeID":"1384844","text":"Analysing","type":"YA","timestamp":"2023-11-09 15:00:31"},{"nodeID":"1384845","text":"Amelie: Rakie Ayola: I would get the 3am train from Sophia Gardens and I\u2019d be in my kitchen in Greenwich at half past six, on a National Express coach","type":"L","timestamp":"2023-11-09 15:00:31"},{"nodeID":"1384846","text":"Asserting","type":"YA","timestamp":"2023-11-09 15:00:31"},{"nodeID":"1384847","text":"Rakie Ayola likes public transport","type":"I","timestamp":"2023-11-09 15:00:31"},{"nodeID":"1384848","text":"Rakie Ayola:  I like public transport","type":"L","timestamp":"2023-11-09 15:00:31"},{"nodeID":"1384849","text":"Analysing","type":"YA","timestamp":"2023-11-09 15:00:31"},{"nodeID":"1384850","text":"Amelie: Rakie Ayola:  I like public transport","type":"L","timestamp":"2023-11-09 15:00:31"},{"nodeID":"1384851","text":"Asserting","type":"YA","timestamp":"2023-11-09 15:00:31"},{"nodeID":"1384852","text":"Rakie Ayola thinks it\u2019s great that Labour are thinking about the environment","type":"I","timestamp":"2023-11-09 15:00:32"},{"nodeID":"1384853","text":"Rakie Ayola: I think it\u2019s great that Labour are thinking about the environment","type":"L","timestamp":"2023-11-09 15:00:32"},{"nodeID":"1384854","text":"Analysing","type":"YA","timestamp":"2023-11-09 15:00:32"},{"nodeID":"1384855","text":"Amelie: Rakie Ayola: I think it\u2019s great that Labour are thinking about the environment","type":"L","timestamp":"2023-11-09 15:00:32"},{"nodeID":"1384856","text":"Asserting","type":"YA","timestamp":"2023-11-09 15:00:32"},{"nodeID":"1384857","text":"Rakie Ayola is a bit of a cynic","type":"I","timestamp":"2023-11-09 15:00:33"},{"nodeID":"1384858","text":"Rakie Ayola: I\u2019m a bit of a cynic","type":"L","timestamp":"2023-11-09 15:00:33"},{"nodeID":"1384859","text":"Analysing","type":"YA","timestamp":"2023-11-09 15:00:33"},{"nodeID":"1384860","text":"Amelie: Rakie Ayola: I\u2019m a bit of a cynic","type":"L","timestamp":"2023-11-09 15:00:33"},{"nodeID":"1384861","text":"Asserting","type":"YA","timestamp":"2023-11-09 15:00:33"},{"nodeID":"1384862","text":"Rakie Ayola always thinks that maybe did Labour decide to scrap the roads and then find a reason for it","type":"I","timestamp":"2023-11-09 15:00:33"},{"nodeID":"1384863","text":"Rakie Ayola: I always think that maybe did they decide to scrap the roads and then find a reason for it","type":"L","timestamp":"2023-11-09 15:00:33"},{"nodeID":"1384864","text":"Analysing","type":"YA","timestamp":"2023-11-09 15:00:33"},{"nodeID":"1384865","text":"Amelie: Rakie Ayola: I always think that maybe did they decide to scrap the roads and then find a reason for it","type":"L","timestamp":"2023-11-09 15:00:33"},{"nodeID":"1384866","text":"Asserting","type":"YA","timestamp":"2023-11-09 15:00:33"},{"nodeID":"1384867","text":"Default Inference","type":"RA","timestamp":"2023-11-09 15:00:33"},{"nodeID":"1384868","text":"Default Transition","type":"TA","timestamp":"2023-11-09 15:00:33"},{"nodeID":"1384869","text":"Arguing","type":"YA","timestamp":"2023-11-09 15:00:33"},{"nodeID":"1384870","text":"the environment is a really good reason to scrap the roads","type":"I","timestamp":"2023-11-09 15:00:34"},{"nodeID":"1384871","text":"Rakie Ayola: the environment is a really good one","type":"L","timestamp":"2023-11-09 15:00:34"},{"nodeID":"1384872","text":"Analysing","type":"YA","timestamp":"2023-11-09 15:00:34"},{"nodeID":"1384873","text":"Amelie: Rakie Ayola: the environment is a really good one","type":"L","timestamp":"2023-11-09 15:00:34"},{"nodeID":"1384874","text":"Asserting","type":"YA","timestamp":"2023-11-09 15:00:34"},{"nodeID":"1384875","text":"Rakie Ayola is just really cynical by that","type":"I","timestamp":"2023-11-09 15:00:35"},{"nodeID":"1384876","text":"Rakie Ayola: I\u2019m just really cynical by that","type":"L","timestamp":"2023-11-09 15:00:35"},{"nodeID":"1384877","text":"Analysing","type":"YA","timestamp":"2023-11-09 15:00:35"},{"nodeID":"1384878","text":"Amelie: Rakie Ayola: I\u2019m just really cynical by that","type":"L","timestamp":"2023-11-09 15:00:35"},{"nodeID":"1384879","text":"Asserting","type":"YA","timestamp":"2023-11-09 15:00:35"},{"nodeID":"1384880","text":"Default Rephrase","type":"MA","timestamp":"2023-11-09 15:00:35"},{"nodeID":"1384881","text":"Default Transition","type":"TA","timestamp":"2023-11-09 15:00:35"},{"nodeID":"1384882","text":"Restating","type":"YA","timestamp":"2023-11-09 15:00:35"},{"nodeID":"1384883","text":"Default Transition","type":"TA","timestamp":"2023-11-09 15:00:35"},{"nodeID":"1384884","text":"Default Transition","type":"TA","timestamp":"2023-11-09 15:00:35"},{"nodeID":"1384885","text":"Default Transition","type":"TA","timestamp":"2023-11-09 15:00:35"},{"nodeID":"1384886","text":"Default Inference","type":"RA","timestamp":"2023-11-09 15:00:35"},{"nodeID":"1384887","text":"Default Transition","type":"TA","timestamp":"2023-11-09 15:00:35"},{"nodeID":"1384888","text":"Arguing","type":"YA","timestamp":"2023-11-09 15:00:35"},{"nodeID":"1384889","text":"Default Rephrase","type":"MA","timestamp":"2023-11-09 15:00:35"},{"nodeID":"1384890","text":"Default Transition","type":"TA","timestamp":"2023-11-09 15:00:35"},{"nodeID":"1384891","text":"Restating","type":"YA","timestamp":"2023-11-09 15:00:35"},{"nodeID":"1384892","text":"Default Transition","type":"TA","timestamp":"2023-11-09 15:00:35"},{"nodeID":"1384893","text":"you can't get around the country on any transport easily, whether it\u2019s your own car or a train","type":"I","timestamp":"2023-11-09 15:00:35"},{"nodeID":"1384894","text":"Rakie Ayola: you can't get around the country on any transport easily actually, whether it\u2019s your own car or a train","type":"L","timestamp":"2023-11-09 15:00:35"},{"nodeID":"1384895","text":"Analysing","type":"YA","timestamp":"2023-11-09 15:00:35"},{"nodeID":"1384896","text":"Amelie: Rakie Ayola: you can't get around the country on any transport easily actually, whether it\u2019s your own car or a train","type":"L","timestamp":"2023-11-09 15:00:35"},{"nodeID":"1384897","text":"Asserting","type":"YA","timestamp":"2023-11-09 15:00:35"},{"nodeID":"1384898","text":"Default Transition","type":"TA","timestamp":"2023-11-09 15:00:35"},{"nodeID":"1384899","text":"it doesn\u2019t make any sense that you can't get around the country on any transport easily, whether it\u2019s your own car or a train","type":"I","timestamp":"2023-11-09 15:00:36"},{"nodeID":"1384900","text":"Rakie Ayola: that doesn\u2019t make any sense","type":"L","timestamp":"2023-11-09 15:00:36"},{"nodeID":"1384901","text":"Analysing","type":"YA","timestamp":"2023-11-09 15:00:36"},{"nodeID":"1384902","text":"Amelie: Rakie Ayola: that doesn\u2019t make any sense","type":"L","timestamp":"2023-11-09 15:00:36"},{"nodeID":"1384903","text":"Asserting","type":"YA","timestamp":"2023-11-09 15:00:36"},{"nodeID":"1384904","text":"it doesn\u2019t make any sense that you can't get on a train from Cardiff and go right to the North","type":"I","timestamp":"2023-11-09 15:00:37"},{"nodeID":"1384905","text":"Rakie Ayola: It doesn\u2019t make any sense that you can't get on a train from Cardiff and go right to the North","type":"L","timestamp":"2023-11-09 15:00:37"},{"nodeID":"1384906","text":"Analysing","type":"YA","timestamp":"2023-11-09 15:00:37"},{"nodeID":"1384907","text":"Amelie: Rakie Ayola: It doesn\u2019t make any sense that you can't get on a train from Cardiff and go right to the North","type":"L","timestamp":"2023-11-09 15:00:37"},{"nodeID":"1384908","text":"Asserting","type":"YA","timestamp":"2023-11-09 15:00:37"},{"nodeID":"1384909","text":"Default Rephrase","type":"MA","timestamp":"2023-11-09 15:00:37"},{"nodeID":"1384910","text":"Default Transition","type":"TA","timestamp":"2023-11-09 15:00:37"},{"nodeID":"1384911","text":"Restating","type":"YA","timestamp":"2023-11-09 15:00:37"},{"nodeID":"1384912","text":"Default Rephrase","type":"MA","timestamp":"2023-11-09 15:00:37"},{"nodeID":"1384913","text":"Default Transition","type":"TA","timestamp":"2023-11-09 15:00:37"},{"nodeID":"1384914","text":"Restating","type":"YA","timestamp":"2023-11-09 15:00:37"},{"nodeID":"1384915","text":"Default Transition","type":"TA","timestamp":"2023-11-09 15:00:37"},{"nodeID":"1384916","text":"Default Inference","type":"RA","timestamp":"2023-11-09 15:00:37"},{"nodeID":"1384917","text":"Default Transition","type":"TA","timestamp":"2023-11-09 15:00:37"},{"nodeID":"1384918","text":"Arguing","type":"YA","timestamp":"2023-11-09 15:00:37"},{"nodeID":"1384919","text":"Restating","type":"YA","timestamp":"2023-11-09 15:00:37"},{"nodeID":"1384920","text":"Default Rephrase","type":"MA","timestamp":"2023-11-09 15:00:37"},{"nodeID":"1384921","text":"Restating","type":"YA","timestamp":"2023-11-09 15:00:37"},{"nodeID":"1384922","text":"Default Rephrase","type":"MA","timestamp":"2023-11-09 15:00:37"},{"nodeID":"1384923","text":"Default Transition","type":"TA","timestamp":"2023-11-09 15:00:37"},{"nodeID":"1384924","text":"Rakie Ayola: it just doesn\u2019t make sense","type":"L","timestamp":"2023-11-09 15:00:37"},{"nodeID":"1384925","text":"Analysing","type":"YA","timestamp":"2023-11-09 15:00:37"},{"nodeID":"1384926","text":"Amelie: Rakie Ayola: it just doesn\u2019t make sense","type":"L","timestamp":"2023-11-09 15:00:37"},{"nodeID":"1384927","text":"Default Transition","type":"TA","timestamp":"2023-11-09 15:00:37"},{"nodeID":"1384928","text":"Default Inference","type":"RA","timestamp":"2023-11-09 15:00:37"},{"nodeID":"1384929","text":"Arguing","type":"YA","timestamp":"2023-11-09 15:00:37"},{"nodeID":"1384930","text":"Default Conflict","type":"CA","timestamp":"2023-11-09 15:00:37"},{"nodeID":"1384931","text":"Default Transition","type":"TA","timestamp":"2023-11-09 15:00:37"},{"nodeID":"1384932","text":"Disagreeing","type":"YA","timestamp":"2023-11-09 15:00:37"},{"nodeID":"1384933","text":"Asserting","type":"YA","timestamp":"2023-11-09 15:00:37"}],"edges":[{"edgeID":"1809590","fromID":"1384816","toID":"1384815","formEdgeID":null},{"edgeID":"1809591","fromID":"1384817","toID":"1384816","formEdgeID":null},{"edgeID":"1809592","fromID":"1384815","toID":"1384818","formEdgeID":null},{"edgeID":"1809593","fromID":"1384818","toID":"1384814","formEdgeID":null},{"edgeID":"1809594","fromID":"1384821","toID":"1384820","formEdgeID":null},{"edgeID":"1809595","fromID":"1384822","toID":"1384821","formEdgeID":null},{"edgeID":"1809596","fromID":"1384820","toID":"1384823","formEdgeID":null},{"edgeID":"1809597","fromID":"1384823","toID":"1384819","formEdgeID":null},{"edgeID":"1809598","fromID":"1384819","toID":"1384824","formEdgeID":null},{"edgeID":"1809599","fromID":"1384824","toID":"1384814","formEdgeID":null},{"edgeID":"1809600","fromID":"1384815","toID":"1384825","formEdgeID":null},{"edgeID":"1809601","fromID":"1384825","toID":"1384820","formEdgeID":null},{"edgeID":"1809602","fromID":"1384825","toID":"1384826","formEdgeID":null},{"edgeID":"1809603","fromID":"1384826","toID":"1384824","formEdgeID":null},{"edgeID":"1809604","fromID":"1384829","toID":"1384828","formEdgeID":null},{"edgeID":"1809605","fromID":"1384830","toID":"1384829","formEdgeID":null},{"edgeID":"1809606","fromID":"1384828","toID":"1384831","formEdgeID":null},{"edgeID":"1809607","fromID":"1384831","toID":"1384827","formEdgeID":null},{"edgeID":"1809608","fromID":"1384834","toID":"1384833","formEdgeID":null},{"edgeID":"1809609","fromID":"1384835","toID":"1384834","formEdgeID":null},{"edgeID":"1809610","fromID":"1384833","toID":"1384836","formEdgeID":null},{"edgeID":"1809611","fromID":"1384836","toID":"1384832","formEdgeID":null},{"edgeID":"1809612","fromID":"1384839","toID":"1384838","formEdgeID":null},{"edgeID":"1809613","fromID":"1384840","toID":"1384839","formEdgeID":null},{"edgeID":"1809614","fromID":"1384838","toID":"1384841","formEdgeID":null},{"edgeID":"1809615","fromID":"1384841","toID":"1384837","formEdgeID":null},{"edgeID":"1809616","fromID":"1384844","toID":"1384843","formEdgeID":null},{"edgeID":"1809617","fromID":"1384845","toID":"1384844","formEdgeID":null},{"edgeID":"1809618","fromID":"1384843","toID":"1384846","formEdgeID":null},{"edgeID":"1809619","fromID":"1384846","toID":"1384842","formEdgeID":null},{"edgeID":"1809620","fromID":"1384849","toID":"1384848","formEdgeID":null},{"edgeID":"1809621","fromID":"1384850","toID":"1384849","formEdgeID":null},{"edgeID":"1809622","fromID":"1384848","toID":"1384851","formEdgeID":null},{"edgeID":"1809623","fromID":"1384851","toID":"1384847","formEdgeID":null},{"edgeID":"1809624","fromID":"1384854","toID":"1384853","formEdgeID":null},{"edgeID":"1809625","fromID":"1384855","toID":"1384854","formEdgeID":null},{"edgeID":"1809626","fromID":"1384853","toID":"1384856","formEdgeID":null},{"edgeID":"1809627","fromID":"1384856","toID":"1384852","formEdgeID":null},{"edgeID":"1809628","fromID":"1384859","toID":"1384858","formEdgeID":null},{"edgeID":"1809629","fromID":"1384860","toID":"1384859","formEdgeID":null},{"edgeID":"1809630","fromID":"1384858","toID":"1384861","formEdgeID":null},{"edgeID":"1809631","fromID":"1384861","toID":"1384857","formEdgeID":null},{"edgeID":"1809632","fromID":"1384864","toID":"1384863","formEdgeID":null},{"edgeID":"1809633","fromID":"1384865","toID":"1384864","formEdgeID":null},{"edgeID":"1809634","fromID":"1384863","toID":"1384866","formEdgeID":null},{"edgeID":"1809635","fromID":"1384866","toID":"1384862","formEdgeID":null},{"edgeID":"1809636","fromID":"1384857","toID":"1384867","formEdgeID":null},{"edgeID":"1809637","fromID":"1384867","toID":"1384862","formEdgeID":null},{"edgeID":"1809638","fromID":"1384858","toID":"1384868","formEdgeID":null},{"edgeID":"1809639","fromID":"1384868","toID":"1384863","formEdgeID":null},{"edgeID":"1809640","fromID":"1384868","toID":"1384869","formEdgeID":null},{"edgeID":"1809641","fromID":"1384869","toID":"1384867","formEdgeID":null},{"edgeID":"1809642","fromID":"1384872","toID":"1384871","formEdgeID":null},{"edgeID":"1809643","fromID":"1384873","toID":"1384872","formEdgeID":null},{"edgeID":"1809644","fromID":"1384871","toID":"1384874","formEdgeID":null},{"edgeID":"1809645","fromID":"1384874","toID":"1384870","formEdgeID":null},{"edgeID":"1809646","fromID":"1384877","toID":"1384876","formEdgeID":null},{"edgeID":"1809647","fromID":"1384878","toID":"1384877","formEdgeID":null},{"edgeID":"1809648","fromID":"1384876","toID":"1384879","formEdgeID":null},{"edgeID":"1809649","fromID":"1384879","toID":"1384875","formEdgeID":null},{"edgeID":"1809650","fromID":"1384875","toID":"1384880","formEdgeID":null},{"edgeID":"1809651","fromID":"1384880","toID":"1384857","formEdgeID":null},{"edgeID":"1809652","fromID":"1384858","toID":"1384881","formEdgeID":null},{"edgeID":"1809653","fromID":"1384881","toID":"1384876","formEdgeID":null},{"edgeID":"1809654","fromID":"1384881","toID":"1384882","formEdgeID":null},{"edgeID":"1809655","fromID":"1384882","toID":"1384880","formEdgeID":null},{"edgeID":"1809656","fromID":"1384853","toID":"1384883","formEdgeID":null},{"edgeID":"1809657","fromID":"1384883","toID":"1384871","formEdgeID":null},{"edgeID":"1809658","fromID":"1384820","toID":"1384884","formEdgeID":null},{"edgeID":"1809659","fromID":"1384884","toID":"1384833","formEdgeID":null},{"edgeID":"1809660","fromID":"1384833","toID":"1384885","formEdgeID":null},{"edgeID":"1809661","fromID":"1384885","toID":"1384838","formEdgeID":null},{"edgeID":"1809662","fromID":"1384842","toID":"1384886","formEdgeID":null},{"edgeID":"1809663","fromID":"1384886","toID":"1384837","formEdgeID":null},{"edgeID":"1809664","fromID":"1384838","toID":"1384887","formEdgeID":null},{"edgeID":"1809665","fromID":"1384887","toID":"1384843","formEdgeID":null},{"edgeID":"1809666","fromID":"1384887","toID":"1384888","formEdgeID":null},{"edgeID":"1809667","fromID":"1384888","toID":"1384886","formEdgeID":null},{"edgeID":"1809668","fromID":"1384847","toID":"1384889","formEdgeID":null},{"edgeID":"1809669","fromID":"1384889","toID":"1384814","formEdgeID":null},{"edgeID":"1809670","fromID":"1384815","toID":"1384890","formEdgeID":null},{"edgeID":"1809671","fromID":"1384890","toID":"1384848","formEdgeID":null},{"edgeID":"1809672","fromID":"1384890","toID":"1384891","formEdgeID":null},{"edgeID":"1809673","fromID":"1384891","toID":"1384889","formEdgeID":null},{"edgeID":"1809674","fromID":"1384848","toID":"1384892","formEdgeID":null},{"edgeID":"1809675","fromID":"1384892","toID":"1384853","formEdgeID":null},{"edgeID":"1809676","fromID":"1384895","toID":"1384894","formEdgeID":null},{"edgeID":"1809677","fromID":"1384896","toID":"1384895","formEdgeID":null},{"edgeID":"1809678","fromID":"1384894","toID":"1384897","formEdgeID":null},{"edgeID":"1809679","fromID":"1384897","toID":"1384893","formEdgeID":null},{"edgeID":"1809680","fromID":"1384876","toID":"1384898","formEdgeID":null},{"edgeID":"1809681","fromID":"1384898","toID":"1384894","formEdgeID":null},{"edgeID":"1809682","fromID":"1384901","toID":"1384900","formEdgeID":null},{"edgeID":"1809683","fromID":"1384902","toID":"1384901","formEdgeID":null},{"edgeID":"1809684","fromID":"1384900","toID":"1384903","formEdgeID":null},{"edgeID":"1809685","fromID":"1384903","toID":"1384899","formEdgeID":null},{"edgeID":"1809686","fromID":"1384906","toID":"1384905","formEdgeID":null},{"edgeID":"1809687","fromID":"1384907","toID":"1384906","formEdgeID":null},{"edgeID":"1809688","fromID":"1384905","toID":"1384908","formEdgeID":null},{"edgeID":"1809689","fromID":"1384908","toID":"1384904","formEdgeID":null},{"edgeID":"1809690","fromID":"1384904","toID":"1384909","formEdgeID":null},{"edgeID":"1809691","fromID":"1384909","toID":"1384899","formEdgeID":null},{"edgeID":"1809692","fromID":"1384900","toID":"1384910","formEdgeID":null},{"edgeID":"1809693","fromID":"1384910","toID":"1384905","formEdgeID":null},{"edgeID":"1809694","fromID":"1384910","toID":"1384911","formEdgeID":null},{"edgeID":"1809695","fromID":"1384911","toID":"1384909","formEdgeID":null},{"edgeID":"1809696","fromID":"1384899","toID":"1384912","formEdgeID":null},{"edgeID":"1809697","fromID":"1384912","toID":"1384893","formEdgeID":null},{"edgeID":"1809698","fromID":"1384894","toID":"1384913","formEdgeID":null},{"edgeID":"1809699","fromID":"1384913","toID":"1384900","formEdgeID":null},{"edgeID":"1809700","fromID":"1384913","toID":"1384914","formEdgeID":null},{"edgeID":"1809701","fromID":"1384914","toID":"1384912","formEdgeID":null},{"edgeID":"1809702","fromID":"1384915","toID":"1384828","formEdgeID":null},{"edgeID":"1809703","fromID":"1384820","toID":"1384915","formEdgeID":null},{"edgeID":"1809704","fromID":"1384814","toID":"1384916","formEdgeID":null},{"edgeID":"1809705","fromID":"1384916","toID":"1384842","formEdgeID":null},{"edgeID":"1809706","fromID":"1384815","toID":"1384917","formEdgeID":null},{"edgeID":"1809707","fromID":"1384917","toID":"1384843","formEdgeID":null},{"edgeID":"1809708","fromID":"1384917","toID":"1384918","formEdgeID":null},{"edgeID":"1809709","fromID":"1384918","toID":"1384916","formEdgeID":null},{"edgeID":"1809710","fromID":"1384884","toID":"1384919","formEdgeID":null},{"edgeID":"1809711","fromID":"1384919","toID":"1384920","formEdgeID":null},{"edgeID":"1809712","fromID":"1384920","toID":"1384819","formEdgeID":null},{"edgeID":"1809713","fromID":"1384832","toID":"1384920","formEdgeID":null},{"edgeID":"1809714","fromID":"1384922","toID":"1384819","formEdgeID":null},{"edgeID":"1809715","fromID":"1384827","toID":"1384922","formEdgeID":null},{"edgeID":"1809716","fromID":"1384915","toID":"1384921","formEdgeID":null},{"edgeID":"1809717","fromID":"1384921","toID":"1384922","formEdgeID":null},{"edgeID":"1809718","fromID":"1384853","toID":"1384923","formEdgeID":null},{"edgeID":"1809719","fromID":"1384923","toID":"1384858","formEdgeID":null},{"edgeID":"1809720","fromID":"1384925","toID":"1384924","formEdgeID":null},{"edgeID":"1809721","fromID":"1384926","toID":"1384925","formEdgeID":null},{"edgeID":"1809722","fromID":"1384905","toID":"1384927","formEdgeID":null},{"edgeID":"1809723","fromID":"1384927","toID":"1384924","formEdgeID":null},{"edgeID":"1809724","fromID":"1384870","toID":"1384928","formEdgeID":null},{"edgeID":"1809725","fromID":"1384928","toID":"1384852","formEdgeID":null},{"edgeID":"1809726","fromID":"1384883","toID":"1384929","formEdgeID":null},{"edgeID":"1809727","fromID":"1384929","toID":"1384928","formEdgeID":null},{"edgeID":"1809728","fromID":"1384862","toID":"1384930","formEdgeID":null},{"edgeID":"1809729","fromID":"1384930","toID":"1384852","formEdgeID":null},{"edgeID":"1809730","fromID":"1384853","toID":"1384931","formEdgeID":null},{"edgeID":"1809731","fromID":"1384931","toID":"1384863","formEdgeID":null},{"edgeID":"1809732","fromID":"1384931","toID":"1384932","formEdgeID":null},{"edgeID":"1809733","fromID":"1384932","toID":"1384930","formEdgeID":null},{"edgeID":"1809734","fromID":"1384924","toID":"1384933","formEdgeID":null},{"edgeID":"1809735","fromID":"1384933","toID":"1384904","formEdgeID":null}],"locutions":[]}