{"nodes":[{"nodeID":"1381071","text":"the rewriting of Roald Dahl means they\u2019ve taken out words which you would hear pre-watershed","type":"I","timestamp":"2023-11-09 14:55:05"},{"nodeID":"1381072","text":"Rakie Ayola: they\u2019ve taken out words which you would here pre-watershed","type":"L","timestamp":"2023-11-09 14:55:05"},{"nodeID":"1381073","text":"Analysing","type":"YA","timestamp":"2023-11-09 14:55:05"},{"nodeID":"1381074","text":"Nette: Rakie Ayola: they\u2019ve taken out words which you would here pre-watershed","type":"L","timestamp":"2023-11-09 14:55:05"},{"nodeID":"1381075","text":"Asserting","type":"YA","timestamp":"2023-11-09 14:55:05"},{"nodeID":"1381076","text":"these are words that children could use","type":"I","timestamp":"2023-11-09 14:55:05"},{"nodeID":"1381077","text":"Rakie Ayola: they\u2019re words that children could use","type":"L","timestamp":"2023-11-09 14:55:05"},{"nodeID":"1381078","text":"Analysing","type":"YA","timestamp":"2023-11-09 14:55:05"},{"nodeID":"1381079","text":"Nette: Rakie Ayola: they\u2019re words that children could use","type":"L","timestamp":"2023-11-09 14:55:05"},{"nodeID":"1381080","text":"Asserting","type":"YA","timestamp":"2023-11-09 14:55:05"},{"nodeID":"1381081","text":"Default Transition","type":"TA","timestamp":"2023-11-09 14:55:05"},{"nodeID":"1381082","text":"maybe somebody involved with the publishers felt that their child is having certain words thrown at them as insults","type":"I","timestamp":"2023-11-09 14:55:06"},{"nodeID":"1381083","text":"Rakie Ayola: maybe somebody involved with the publishers felt that their child is having certain words thrown at them as insults","type":"L","timestamp":"2023-11-09 14:55:06"},{"nodeID":"1381084","text":"Analysing","type":"YA","timestamp":"2023-11-09 14:55:06"},{"nodeID":"1381085","text":"Nette: Rakie Ayola: maybe somebody involved with the publishers felt that their child is having certain words thrown at them as insults","type":"L","timestamp":"2023-11-09 14:55:06"},{"nodeID":"1381086","text":"Asserting","type":"YA","timestamp":"2023-11-09 14:55:06"},{"nodeID":"1381087","text":"Default Transition","type":"TA","timestamp":"2023-11-09 14:55:06"},{"nodeID":"1381088","text":"Default Rephrase","type":"MA","timestamp":"2023-11-09 14:55:06"},{"nodeID":"1381089","text":"Restating","type":"YA","timestamp":"2023-11-09 14:55:06"},{"nodeID":"1381090","text":"the children have been bullied by certain words in the books","type":"I","timestamp":"2023-11-09 14:55:07"},{"nodeID":"1381091","text":"Rakie Ayola: they\u2019ve been bullied by certain words","type":"L","timestamp":"2023-11-09 14:55:07"},{"nodeID":"1381092","text":"Analysing","type":"YA","timestamp":"2023-11-09 14:55:07"},{"nodeID":"1381093","text":"Nette: Rakie Ayola: they\u2019ve been bullied by certain words","type":"L","timestamp":"2023-11-09 14:55:07"},{"nodeID":"1381094","text":"Asserting","type":"YA","timestamp":"2023-11-09 14:55:07"},{"nodeID":"1381095","text":"Rakie Ayola doesn\u2019t want her kid to hear that word, which is then in a book that she sells","type":"I","timestamp":"2023-11-09 14:55:07"},{"nodeID":"1381096","text":"Rakie Ayola: I don\u2019t want my kid to hear that word, which is then in a book that I sell","type":"L","timestamp":"2023-11-09 14:55:07"},{"nodeID":"1381097","text":"Analysing","type":"YA","timestamp":"2023-11-09 14:55:07"},{"nodeID":"1381098","text":"Nette: Rakie Ayola: I don\u2019t want my kid to hear that word, which is then in a book that I sell","type":"L","timestamp":"2023-11-09 14:55:07"},{"nodeID":"1381099","text":"Asserting","type":"YA","timestamp":"2023-11-09 14:55:07"},{"nodeID":"1381100","text":"Default Transition","type":"TA","timestamp":"2023-11-09 14:55:07"},{"nodeID":"1381101","text":"Default Rephrase","type":"MA","timestamp":"2023-11-09 14:55:07"},{"nodeID":"1381102","text":"Restating","type":"YA","timestamp":"2023-11-09 14:55:07"},{"nodeID":"1381103","text":"Default Transition","type":"TA","timestamp":"2023-11-09 14:55:07"},{"nodeID":"1381104","text":"xxx is the point of removing words from children's books","type":"I","timestamp":"2023-11-09 14:55:08"},{"nodeID":"1381105","text":"Rakie Ayola: what\u2019s the point of this","type":"L","timestamp":"2023-11-09 14:55:08"},{"nodeID":"1381106","text":"Analysing","type":"YA","timestamp":"2023-11-09 14:55:08"},{"nodeID":"1381107","text":"Nette: Rakie Ayola: what\u2019s the point of this","type":"L","timestamp":"2023-11-09 14:55:08"},{"nodeID":"1381108","text":"Pure Questioning","type":"YA","timestamp":"2023-11-09 14:55:08"},{"nodeID":"1381109","text":"Default Transition","type":"TA","timestamp":"2023-11-09 14:55:08"},{"nodeID":"1381110","text":"xxx is why the publishers bothered removing words from children's books","type":"I","timestamp":"2023-11-09 14:55:09"},{"nodeID":"1381111","text":"Rakie Ayola: why did they bother doing this","type":"L","timestamp":"2023-11-09 14:55:09"},{"nodeID":"1381112","text":"Analysing","type":"YA","timestamp":"2023-11-09 14:55:09"},{"nodeID":"1381113","text":"Nette: Rakie Ayola: why did they bother doing this","type":"L","timestamp":"2023-11-09 14:55:09"},{"nodeID":"1381114","text":"Pure Questioning","type":"YA","timestamp":"2023-11-09 14:55:09"},{"nodeID":"1381115","text":"Default Transition","type":"TA","timestamp":"2023-11-09 14:55:09"},{"nodeID":"1381116","text":"xxx is why there was the need to remove words from children's books","type":"I","timestamp":"2023-11-09 14:55:09"},{"nodeID":"1381117","text":"Rakie Ayola: why the need to do it","type":"L","timestamp":"2023-11-09 14:55:09"},{"nodeID":"1381118","text":"Analysing","type":"YA","timestamp":"2023-11-09 14:55:09"},{"nodeID":"1381119","text":"Nette: Rakie Ayola: why the need to do it","type":"L","timestamp":"2023-11-09 14:55:09"},{"nodeID":"1381120","text":"Pure Questioning","type":"YA","timestamp":"2023-11-09 14:55:09"},{"nodeID":"1381121","text":"Default Transition","type":"TA","timestamp":"2023-11-09 14:55:09"},{"nodeID":"1381122","text":"Default Rephrase","type":"MA","timestamp":"2023-11-09 14:55:09"},{"nodeID":"1381123","text":"Default Rephrase","type":"MA","timestamp":"2023-11-09 14:55:09"},{"nodeID":"1381124","text":"Restating","type":"YA","timestamp":"2023-11-09 14:55:09"},{"nodeID":"1381125","text":"Restating","type":"YA","timestamp":"2023-11-09 14:55:09"},{"nodeID":"1381126","text":"Rakie Ayola does or does not think that the publishers shouldn't have bothered removing words from children's books","type":"I","timestamp":"2023-11-09 14:55:10"},{"nodeID":"1381127","text":"Fiona Bruce: Do you think they shouldn\u2019t\u2019ve bothered","type":"L","timestamp":"2023-11-09 14:55:10"},{"nodeID":"1381128","text":"Analysing","type":"YA","timestamp":"2023-11-09 14:55:10"},{"nodeID":"1381129","text":"Nette: Fiona Bruce: Do you think they shouldn\u2019t\u2019ve bothered","type":"L","timestamp":"2023-11-09 14:55:10"},{"nodeID":"1381130","text":"Pure Questioning","type":"YA","timestamp":"2023-11-09 14:55:10"},{"nodeID":"1381131","text":"Default Transition","type":"TA","timestamp":"2023-11-09 14:55:10"},{"nodeID":"1381132","text":"it\u2019s great that the publishers removed words from children's books","type":"I","timestamp":"2023-11-09 14:55:11"},{"nodeID":"1381133","text":"Rakie Ayola: it\u2019s great that they did","type":"L","timestamp":"2023-11-09 14:55:11"},{"nodeID":"1381134","text":"Analysing","type":"YA","timestamp":"2023-11-09 14:55:11"},{"nodeID":"1381135","text":"Nette: Rakie Ayola: it\u2019s great that they did","type":"L","timestamp":"2023-11-09 14:55:11"},{"nodeID":"1381136","text":"Asserting","type":"YA","timestamp":"2023-11-09 14:55:11"},{"nodeID":"1381137","text":"Default Transition","type":"TA","timestamp":"2023-11-09 14:55:11"},{"nodeID":"1381138","text":"Default Rephrase","type":"MA","timestamp":"2023-11-09 14:55:11"},{"nodeID":"1381139","text":"Default Illocuting","type":"YA","timestamp":"2023-11-09 14:55:11"},{"nodeID":"1381140","text":"removing words from children's books is not a benevolent decision","type":"I","timestamp":"2023-11-09 14:55:11"},{"nodeID":"1381141","text":"Rakie Ayola:  it\u2019s a benevolent decision","type":"L","timestamp":"2023-11-09 14:55:11"},{"nodeID":"1381142","text":"Analysing","type":"YA","timestamp":"2023-11-09 14:55:11"},{"nodeID":"1381143","text":"Nette: Rakie Ayola:  it\u2019s a benevolent decision","type":"L","timestamp":"2023-11-09 14:55:11"},{"nodeID":"1381144","text":"Asserting","type":"YA","timestamp":"2023-11-09 14:55:11"},{"nodeID":"1381145","text":"Default Transition","type":"TA","timestamp":"2023-11-09 14:55:11"},{"nodeID":"1381146","text":"Default Conflict","type":"CA","timestamp":"2023-11-09 14:55:11"},{"nodeID":"1381147","text":"Disagreeing","type":"YA","timestamp":"2023-11-09 14:55:11"},{"nodeID":"1381148","text":"some of the people who've been the most vocal about the decision about removing words from children's books have said nothing at all about the hundreds of books, whole books, that have actually been banned, right","type":"I","timestamp":"2023-11-09 14:55:12"},{"nodeID":"1381149","text":"Rakie Ayola: some of the people who've been the most vocal about this decision have said nothing at all about the hundreds of books, whole books, that have actually been banned, right","type":"L","timestamp":"2023-11-09 14:55:12"},{"nodeID":"1381150","text":"Analysing","type":"YA","timestamp":"2023-11-09 14:55:12"},{"nodeID":"1381151","text":"Nette: Rakie Ayola: some of the people who've been the most vocal about this decision have said nothing at all about the hundreds of books, whole books, that have actually been banned, right","type":"L","timestamp":"2023-11-09 14:55:12"},{"nodeID":"1381152","text":"Asserting","type":"YA","timestamp":"2023-11-09 14:55:12"},{"nodeID":"1381153","text":"Default Transition","type":"TA","timestamp":"2023-11-09 14:55:12"}],"edges":[{"edgeID":"1805221","fromID":"1381073","toID":"1381072","formEdgeID":null},{"edgeID":"1805222","fromID":"1381074","toID":"1381073","formEdgeID":null},{"edgeID":"1805223","fromID":"1381075","toID":"1381071","formEdgeID":null},{"edgeID":"1805224","fromID":"1381072","toID":"1381075","formEdgeID":null},{"edgeID":"1805225","fromID":"1381078","toID":"1381077","formEdgeID":null},{"edgeID":"1805226","fromID":"1381079","toID":"1381078","formEdgeID":null},{"edgeID":"1805227","fromID":"1381077","toID":"1381080","formEdgeID":null},{"edgeID":"1805228","fromID":"1381080","toID":"1381076","formEdgeID":null},{"edgeID":"1805229","fromID":"1381081","toID":"1381077","formEdgeID":null},{"edgeID":"1805230","fromID":"1381072","toID":"1381081","formEdgeID":null},{"edgeID":"1805231","fromID":"1381084","toID":"1381083","formEdgeID":null},{"edgeID":"1805232","fromID":"1381085","toID":"1381084","formEdgeID":null},{"edgeID":"1805233","fromID":"1381083","toID":"1381086","formEdgeID":null},{"edgeID":"1805234","fromID":"1381086","toID":"1381082","formEdgeID":null},{"edgeID":"1805235","fromID":"1381077","toID":"1381087","formEdgeID":null},{"edgeID":"1805236","fromID":"1381087","toID":"1381083","formEdgeID":null},{"edgeID":"1805237","fromID":"1381082","toID":"1381088","formEdgeID":null},{"edgeID":"1805238","fromID":"1381088","toID":"1381076","formEdgeID":null},{"edgeID":"1805239","fromID":"1381087","toID":"1381089","formEdgeID":null},{"edgeID":"1805240","fromID":"1381089","toID":"1381088","formEdgeID":null},{"edgeID":"1805241","fromID":"1381092","toID":"1381091","formEdgeID":null},{"edgeID":"1805242","fromID":"1381093","toID":"1381092","formEdgeID":null},{"edgeID":"1805243","fromID":"1381091","toID":"1381094","formEdgeID":null},{"edgeID":"1805244","fromID":"1381094","toID":"1381090","formEdgeID":null},{"edgeID":"1805245","fromID":"1381097","toID":"1381096","formEdgeID":null},{"edgeID":"1805246","fromID":"1381098","toID":"1381097","formEdgeID":null},{"edgeID":"1805247","fromID":"1381096","toID":"1381099","formEdgeID":null},{"edgeID":"1805248","fromID":"1381099","toID":"1381095","formEdgeID":null},{"edgeID":"1805249","fromID":"1381083","toID":"1381100","formEdgeID":null},{"edgeID":"1805250","fromID":"1381100","toID":"1381091","formEdgeID":null},{"edgeID":"1805251","fromID":"1381090","toID":"1381101","formEdgeID":null},{"edgeID":"1805252","fromID":"1381101","toID":"1381082","formEdgeID":null},{"edgeID":"1805253","fromID":"1381100","toID":"1381102","formEdgeID":null},{"edgeID":"1805254","fromID":"1381102","toID":"1381101","formEdgeID":null},{"edgeID":"1805255","fromID":"1381091","toID":"1381103","formEdgeID":null},{"edgeID":"1805256","fromID":"1381103","toID":"1381096","formEdgeID":null},{"edgeID":"1805257","fromID":"1381106","toID":"1381105","formEdgeID":null},{"edgeID":"1805258","fromID":"1381107","toID":"1381106","formEdgeID":null},{"edgeID":"1805259","fromID":"1381105","toID":"1381108","formEdgeID":null},{"edgeID":"1805260","fromID":"1381108","toID":"1381104","formEdgeID":null},{"edgeID":"1805261","fromID":"1381096","toID":"1381109","formEdgeID":null},{"edgeID":"1805262","fromID":"1381109","toID":"1381105","formEdgeID":null},{"edgeID":"1805263","fromID":"1381112","toID":"1381111","formEdgeID":null},{"edgeID":"1805264","fromID":"1381113","toID":"1381112","formEdgeID":null},{"edgeID":"1805265","fromID":"1381111","toID":"1381114","formEdgeID":null},{"edgeID":"1805266","fromID":"1381114","toID":"1381110","formEdgeID":null},{"edgeID":"1805267","fromID":"1381105","toID":"1381115","formEdgeID":null},{"edgeID":"1805268","fromID":"1381115","toID":"1381111","formEdgeID":null},{"edgeID":"1805269","fromID":"1381118","toID":"1381117","formEdgeID":null},{"edgeID":"1805270","fromID":"1381119","toID":"1381118","formEdgeID":null},{"edgeID":"1805271","fromID":"1381117","toID":"1381120","formEdgeID":null},{"edgeID":"1805272","fromID":"1381120","toID":"1381116","formEdgeID":null},{"edgeID":"1805273","fromID":"1381111","toID":"1381121","formEdgeID":null},{"edgeID":"1805274","fromID":"1381121","toID":"1381117","formEdgeID":null},{"edgeID":"1805275","fromID":"1381110","toID":"1381122","formEdgeID":null},{"edgeID":"1805276","fromID":"1381122","toID":"1381104","formEdgeID":null},{"edgeID":"1805277","fromID":"1381116","toID":"1381123","formEdgeID":null},{"edgeID":"1805278","fromID":"1381123","toID":"1381110","formEdgeID":null},{"edgeID":"1805279","fromID":"1381121","toID":"1381124","formEdgeID":null},{"edgeID":"1805280","fromID":"1381124","toID":"1381123","formEdgeID":null},{"edgeID":"1805281","fromID":"1381115","toID":"1381125","formEdgeID":null},{"edgeID":"1805282","fromID":"1381125","toID":"1381122","formEdgeID":null},{"edgeID":"1805283","fromID":"1381128","toID":"1381127","formEdgeID":null},{"edgeID":"1805284","fromID":"1381129","toID":"1381128","formEdgeID":null},{"edgeID":"1805285","fromID":"1381127","toID":"1381130","formEdgeID":null},{"edgeID":"1805286","fromID":"1381130","toID":"1381126","formEdgeID":null},{"edgeID":"1805287","fromID":"1381117","toID":"1381131","formEdgeID":null},{"edgeID":"1805288","fromID":"1381131","toID":"1381127","formEdgeID":null},{"edgeID":"1805289","fromID":"1381134","toID":"1381133","formEdgeID":null},{"edgeID":"1805290","fromID":"1381135","toID":"1381134","formEdgeID":null},{"edgeID":"1805291","fromID":"1381133","toID":"1381136","formEdgeID":null},{"edgeID":"1805292","fromID":"1381136","toID":"1381132","formEdgeID":null},{"edgeID":"1805293","fromID":"1381127","toID":"1381137","formEdgeID":null},{"edgeID":"1805294","fromID":"1381137","toID":"1381133","formEdgeID":null},{"edgeID":"1805295","fromID":"1381132","toID":"1381138","formEdgeID":null},{"edgeID":"1805296","fromID":"1381138","toID":"1381126","formEdgeID":null},{"edgeID":"1805297","fromID":"1381137","toID":"1381139","formEdgeID":null},{"edgeID":"1805298","fromID":"1381139","toID":"1381138","formEdgeID":null},{"edgeID":"1805299","fromID":"1381142","toID":"1381141","formEdgeID":null},{"edgeID":"1805300","fromID":"1381143","toID":"1381142","formEdgeID":null},{"edgeID":"1805301","fromID":"1381141","toID":"1381144","formEdgeID":null},{"edgeID":"1805302","fromID":"1381144","toID":"1381140","formEdgeID":null},{"edgeID":"1805303","fromID":"1381133","toID":"1381145","formEdgeID":null},{"edgeID":"1805304","fromID":"1381145","toID":"1381141","formEdgeID":null},{"edgeID":"1805305","fromID":"1381140","toID":"1381146","formEdgeID":null},{"edgeID":"1805306","fromID":"1381146","toID":"1381132","formEdgeID":null},{"edgeID":"1805307","fromID":"1381145","toID":"1381147","formEdgeID":null},{"edgeID":"1805308","fromID":"1381147","toID":"1381146","formEdgeID":null},{"edgeID":"1805309","fromID":"1381150","toID":"1381149","formEdgeID":null},{"edgeID":"1805310","fromID":"1381151","toID":"1381150","formEdgeID":null},{"edgeID":"1805311","fromID":"1381149","toID":"1381152","formEdgeID":null},{"edgeID":"1805312","fromID":"1381152","toID":"1381148","formEdgeID":null},{"edgeID":"1805313","fromID":"1381141","toID":"1381153","formEdgeID":null},{"edgeID":"1805314","fromID":"1381153","toID":"1381149","formEdgeID":null}],"locutions":[]}