{"nodes":[{"nodeID":"1382950","text":"running around with guns and knives and doing drugs and committing crimes is no different to the classics books with socially outdated language","type":"I","timestamp":"2023-11-09 14:57:47"},{"nodeID":"1382951","text":"AudienceMember 20230330QT37: Running around with, you know, guns and knives and doing drugs and committing crimes it\u2019s no different to, you know, these books","type":"L","timestamp":"2023-11-09 14:57:47"},{"nodeID":"1382952","text":"Analysing","type":"YA","timestamp":"2023-11-09 14:57:47"},{"nodeID":"1382953","text":"Anon: AudienceMember 20230330QT37: Running around with, you know, guns and knives and doing drugs and committing crimes it\u2019s no different to, you know, these books","type":"L","timestamp":"2023-11-09 14:57:47"},{"nodeID":"1382954","text":"Asserting","type":"YA","timestamp":"2023-11-09 14:57:47"},{"nodeID":"1382955","text":"we\u2019re talking about language here","type":"I","timestamp":"2023-11-09 14:57:48"},{"nodeID":"1382956","text":"AudienceMember 20230330QT37: we\u2019re talking about language here","type":"L","timestamp":"2023-11-09 14:57:48"},{"nodeID":"1382957","text":"Analysing","type":"YA","timestamp":"2023-11-09 14:57:48"},{"nodeID":"1382958","text":"Anon: AudienceMember 20230330QT37: we\u2019re talking about language here","type":"L","timestamp":"2023-11-09 14:57:48"},{"nodeID":"1382959","text":"Asserting","type":"YA","timestamp":"2023-11-09 14:57:48"},{"nodeID":"1382960","text":"Default Transition","type":"TA","timestamp":"2023-11-09 14:57:48"},{"nodeID":"1382961","text":"songs with inappropriate language definitely need to be addressed","type":"I","timestamp":"2023-11-09 14:57:48"},{"nodeID":"1382962","text":"AudienceMember 20230330QT37: these songs definitely need to be addressed","type":"L","timestamp":"2023-11-09 14:57:48"},{"nodeID":"1382963","text":"Analysing","type":"YA","timestamp":"2023-11-09 14:57:48"},{"nodeID":"1382964","text":"Anon: AudienceMember 20230330QT37: these songs definitely need to be addressed","type":"L","timestamp":"2023-11-09 14:57:48"},{"nodeID":"1382965","text":"Asserting","type":"YA","timestamp":"2023-11-09 14:57:48"},{"nodeID":"1382966","text":"Default Transition","type":"TA","timestamp":"2023-11-09 14:57:48"},{"nodeID":"1382967","text":"Default Inference","type":"RA","timestamp":"2023-11-09 14:57:48"},{"nodeID":"1382968","text":"Arguing","type":"YA","timestamp":"2023-11-09 14:57:48"},{"nodeID":"1382969","text":"as well as songs with inappropriate language, the Roald Dahl books need to be addressed","type":"I","timestamp":"2023-11-09 14:57:49"},{"nodeID":"1382970","text":"AudienceMember 20230330QT37: as well as, like, the Roald Dahl books","type":"L","timestamp":"2023-11-09 14:57:49"},{"nodeID":"1382971","text":"Analysing","type":"YA","timestamp":"2023-11-09 14:57:49"},{"nodeID":"1382972","text":"Anon: AudienceMember 20230330QT37: as well as, like, the Roald Dahl books","type":"L","timestamp":"2023-11-09 14:57:49"},{"nodeID":"1382973","text":"Asserting","type":"YA","timestamp":"2023-11-09 14:57:49"},{"nodeID":"1382974","text":"Default Inference","type":"RA","timestamp":"2023-11-09 14:57:49"},{"nodeID":"1382975","text":"Default Inference","type":"RA","timestamp":"2023-11-09 14:57:49"},{"nodeID":"1382976","text":"Default Transition","type":"TA","timestamp":"2023-11-09 14:57:49"},{"nodeID":"1382977","text":"Arguing","type":"YA","timestamp":"2023-11-09 14:57:49"},{"nodeID":"1382978","text":"Default Transition","type":"TA","timestamp":"2023-11-09 14:57:49"},{"nodeID":"1382979","text":"Arguing","type":"YA","timestamp":"2023-11-09 14:57:49"},{"nodeID":"1382980","text":"the selling of Roald Dahl books have just shown their success","type":"I","timestamp":"2023-11-09 14:57:50"},{"nodeID":"1382981","text":"AudienceMember 20230330QT38: the selling of his books have just shown its success","type":"L","timestamp":"2023-11-09 14:57:50"},{"nodeID":"1382982","text":"Analysing","type":"YA","timestamp":"2023-11-09 14:57:50"},{"nodeID":"1382983","text":"Anon: AudienceMember 20230330QT38: the selling of his books have just shown its success","type":"L","timestamp":"2023-11-09 14:57:50"},{"nodeID":"1382984","text":"Asserting","type":"YA","timestamp":"2023-11-09 14:57:50"},{"nodeID":"1382985","text":"Default Transition","type":"TA","timestamp":"2023-11-09 14:57:50"},{"nodeID":"1382986","text":"Roald Dahl\u2019s sold over 250 million copies of his children\u2019s books","type":"I","timestamp":"2023-11-09 14:57:50"},{"nodeID":"1382987","text":"AudienceMember 20230330QT38: it\u2019s sold over 250 million copies of his children\u2019s books","type":"L","timestamp":"2023-11-09 14:57:50"},{"nodeID":"1382988","text":"Analysing","type":"YA","timestamp":"2023-11-09 14:57:50"},{"nodeID":"1382989","text":"Anon: AudienceMember 20230330QT38: it\u2019s sold over 250 million copies of his children\u2019s books","type":"L","timestamp":"2023-11-09 14:57:50"},{"nodeID":"1382990","text":"Asserting","type":"YA","timestamp":"2023-11-09 14:57:50"},{"nodeID":"1382991","text":"Default Transition","type":"TA","timestamp":"2023-11-09 14:57:50"},{"nodeID":"1382992","text":"Roald Dahl's books have been translated into dozens of languages","type":"I","timestamp":"2023-11-09 14:57:51"},{"nodeID":"1382993","text":"AudienceMember 20230330QT38: translated into dozens of languages","type":"L","timestamp":"2023-11-09 14:57:51"},{"nodeID":"1382994","text":"Analysing","type":"YA","timestamp":"2023-11-09 14:57:51"},{"nodeID":"1382995","text":"Anon: AudienceMember 20230330QT38: translated into dozens of languages","type":"L","timestamp":"2023-11-09 14:57:51"},{"nodeID":"1382996","text":"Asserting","type":"YA","timestamp":"2023-11-09 14:57:51"},{"nodeID":"1382997","text":"Default Inference","type":"RA","timestamp":"2023-11-09 14:57:51"},{"nodeID":"1382998","text":"Default Transition","type":"TA","timestamp":"2023-11-09 14:57:51"},{"nodeID":"1382999","text":"Arguing","type":"YA","timestamp":"2023-11-09 14:57:51"},{"nodeID":"1383000","text":"surely the number of books that Roald Dahl sold and them being translated into dozen of languages shows the success of the original wording","type":"I","timestamp":"2023-11-09 14:57:51"},{"nodeID":"1383001","text":"AudienceMember 20230330QT38: surely that shows the success of the original wording","type":"L","timestamp":"2023-11-09 14:57:51"},{"nodeID":"1383002","text":"Analysing","type":"YA","timestamp":"2023-11-09 14:57:51"},{"nodeID":"1383003","text":"Anon: AudienceMember 20230330QT38: surely that shows the success of the original wording","type":"L","timestamp":"2023-11-09 14:57:51"},{"nodeID":"1383004","text":"Asserting","type":"YA","timestamp":"2023-11-09 14:57:51"},{"nodeID":"1383005","text":"Default Transition","type":"TA","timestamp":"2023-11-09 14:57:51"},{"nodeID":"1383006","text":"Default Inference","type":"RA","timestamp":"2023-11-09 14:57:51"},{"nodeID":"1383007","text":"Arguing","type":"YA","timestamp":"2023-11-09 14:57:51"},{"nodeID":"1383008","text":"Default Rephrase","type":"MA","timestamp":"2023-11-09 14:57:51"},{"nodeID":"1383009","text":"Default Transition","type":"TA","timestamp":"2023-11-09 14:57:51"},{"nodeID":"1383010","text":"Restating","type":"YA","timestamp":"2023-11-09 14:57:51"},{"nodeID":"1383011","text":"AudienceMember 20230330QT38 grew up with these books","type":"I","timestamp":"2023-11-09 14:57:52"},{"nodeID":"1383012","text":"AudienceMember 20230330QT38: I grew up with these books","type":"L","timestamp":"2023-11-09 14:57:52"},{"nodeID":"1383013","text":"Analysing","type":"YA","timestamp":"2023-11-09 14:57:52"},{"nodeID":"1383014","text":"Anon: AudienceMember 20230330QT38: I grew up with these books","type":"L","timestamp":"2023-11-09 14:57:52"},{"nodeID":"1383015","text":"Asserting","type":"YA","timestamp":"2023-11-09 14:57:52"},{"nodeID":"1383016","text":"Default Transition","type":"TA","timestamp":"2023-11-09 14:57:52"},{"nodeID":"1383017","text":"Roald Dahl's books should or shouldn't change","type":"I","timestamp":"2023-11-09 14:57:53"},{"nodeID":"1383018","text":"Fiona Bruce: you think they shouldn't change","type":"L","timestamp":"2023-11-09 14:57:53"},{"nodeID":"1383019","text":"Analysing","type":"YA","timestamp":"2023-11-09 14:57:53"},{"nodeID":"1383020","text":"Anon: Fiona Bruce: you think they shouldn't change","type":"L","timestamp":"2023-11-09 14:57:53"},{"nodeID":"1383021","text":"Pure Questioning","type":"YA","timestamp":"2023-11-09 14:57:53"},{"nodeID":"1383022","text":"Default Transition","type":"TA","timestamp":"2023-11-09 14:57:53"},{"nodeID":"1383023","text":"Roald Dahl's books should absolutely not change","type":"I","timestamp":"2023-11-09 14:57:53"},{"nodeID":"1383024","text":"AudienceMember 20230330QT39: Absolutely, not, no","type":"L","timestamp":"2023-11-09 14:57:53"},{"nodeID":"1383025","text":"Analysing","type":"YA","timestamp":"2023-11-09 14:57:53"},{"nodeID":"1383026","text":"Anon: AudienceMember 20230330QT39: Absolutely, not, no","type":"L","timestamp":"2023-11-09 14:57:53"},{"nodeID":"1383027","text":"Asserting","type":"YA","timestamp":"2023-11-09 14:57:53"},{"nodeID":"1383028","text":"Default Transition","type":"TA","timestamp":"2023-11-09 14:57:53"},{"nodeID":"1383029","text":"Default Rephrase","type":"MA","timestamp":"2023-11-09 14:57:53"},{"nodeID":"1383030","text":"Default Illocuting","type":"YA","timestamp":"2023-11-09 14:57:53"},{"nodeID":"1383031","text":"it\u2019s important to notice some of the things that are going on here in this discussion on rewriting classics","type":"I","timestamp":"2023-11-09 14:57:54"},{"nodeID":"1383032","text":"Thangam Debbonaire: it\u2019s important to notice some of the things that are going on here in this discussion","type":"L","timestamp":"2023-11-09 14:57:54"},{"nodeID":"1383033","text":"Analysing","type":"YA","timestamp":"2023-11-09 14:57:54"},{"nodeID":"1383034","text":"Anon: Thangam Debbonaire: it\u2019s important to notice some of the things that are going on here in this discussion","type":"L","timestamp":"2023-11-09 14:57:54"},{"nodeID":"1383035","text":"Asserting","type":"YA","timestamp":"2023-11-09 14:57:54"},{"nodeID":"1383036","text":"Default Transition","type":"TA","timestamp":"2023-11-09 14:57:54"},{"nodeID":"1383037","text":"the question was about is it a discussion of social change or a censorship through the back door","type":"I","timestamp":"2023-11-09 14:57:55"},{"nodeID":"1383038","text":"Thangam Debbonaire: the question was about is it a discussion of social change or a censorship through the back door","type":"L","timestamp":"2023-11-09 14:57:55"},{"nodeID":"1383039","text":"Analysing","type":"YA","timestamp":"2023-11-09 14:57:55"},{"nodeID":"1383040","text":"Anon: Thangam Debbonaire: the question was about is it a discussion of social change or a censorship through the back door","type":"L","timestamp":"2023-11-09 14:57:55"},{"nodeID":"1383041","text":"Asserting","type":"YA","timestamp":"2023-11-09 14:57:55"},{"nodeID":"1383042","text":"Default Transition","type":"TA","timestamp":"2023-11-09 14:57:55"},{"nodeID":"1383043","text":"Default Inference","type":"RA","timestamp":"2023-11-09 14:57:55"},{"nodeID":"1383044","text":"Arguing","type":"YA","timestamp":"2023-11-09 14:57:55"},{"nodeID":"1383045","text":"we are having the discussion self-evidently right here","type":"I","timestamp":"2023-11-09 14:57:55"},{"nodeID":"1383046","text":"Thangam Debbonaire: we are having the discussion self-evidently right here","type":"L","timestamp":"2023-11-09 14:57:55"},{"nodeID":"1383047","text":"Analysing","type":"YA","timestamp":"2023-11-09 14:57:55"},{"nodeID":"1383048","text":"Anon: Thangam Debbonaire: we are having the discussion self-evidently right here","type":"L","timestamp":"2023-11-09 14:57:55"},{"nodeID":"1383049","text":"Asserting","type":"YA","timestamp":"2023-11-09 14:57:55"},{"nodeID":"1383050","text":"Default Transition","type":"TA","timestamp":"2023-11-09 14:57:55"},{"nodeID":"1383051","text":"is rewriting the classics the back door for censorship or it is not","type":"I","timestamp":"2023-11-09 14:57:56"},{"nodeID":"1383052","text":"Thangam Debbonaire: Is it the back door","type":"L","timestamp":"2023-11-09 14:57:56"},{"nodeID":"1383053","text":"Analysing","type":"YA","timestamp":"2023-11-09 14:57:56"},{"nodeID":"1383054","text":"Anon: Thangam Debbonaire: Is it the back door","type":"L","timestamp":"2023-11-09 14:57:56"},{"nodeID":"1383055","text":"Pure Questioning","type":"YA","timestamp":"2023-11-09 14:57:56"},{"nodeID":"1383056","text":"Default Rephrase","type":"MA","timestamp":"2023-11-09 14:57:56"},{"nodeID":"1383057","text":"Default Transition","type":"TA","timestamp":"2023-11-09 14:57:56"},{"nodeID":"1383058","text":"Restating","type":"YA","timestamp":"2023-11-09 14:57:56"},{"nodeID":"1383059","text":"it\u2019s the front door","type":"I","timestamp":"2023-11-09 14:57:57"},{"nodeID":"1383060","text":"Thangam Debbonaire: it\u2019s the front door","type":"L","timestamp":"2023-11-09 14:57:57"},{"nodeID":"1383061","text":"Analysing","type":"YA","timestamp":"2023-11-09 14:57:57"},{"nodeID":"1383062","text":"Anon: Thangam Debbonaire: it\u2019s the front door","type":"L","timestamp":"2023-11-09 14:57:57"},{"nodeID":"1383063","text":"Asserting","type":"YA","timestamp":"2023-11-09 14:57:57"},{"nodeID":"1383064","text":"Default Transition","type":"TA","timestamp":"2023-11-09 14:57:57"},{"nodeID":"1383065","text":"Default Rephrase","type":"MA","timestamp":"2023-11-09 14:57:57"},{"nodeID":"1383066","text":"Default Illocuting","type":"YA","timestamp":"2023-11-09 14:57:57"},{"nodeID":"1383067","text":"Default Inference","type":"RA","timestamp":"2023-11-09 14:57:57"},{"nodeID":"1383068","text":"Default Transition","type":"TA","timestamp":"2023-11-09 14:57:57"},{"nodeID":"1383069","text":"Arguing","type":"YA","timestamp":"2023-11-09 14:57:57"}],"edges":[{"edgeID":"1807420","fromID":"1382952","toID":"1382951","formEdgeID":null},{"edgeID":"1807421","fromID":"1382953","toID":"1382952","formEdgeID":null},{"edgeID":"1807422","fromID":"1382951","toID":"1382954","formEdgeID":null},{"edgeID":"1807423","fromID":"1382954","toID":"1382950","formEdgeID":null},{"edgeID":"1807424","fromID":"1382957","toID":"1382956","formEdgeID":null},{"edgeID":"1807425","fromID":"1382958","toID":"1382957","formEdgeID":null},{"edgeID":"1807426","fromID":"1382956","toID":"1382959","formEdgeID":null},{"edgeID":"1807427","fromID":"1382959","toID":"1382955","formEdgeID":null},{"edgeID":"1807428","fromID":"1382951","toID":"1382960","formEdgeID":null},{"edgeID":"1807429","fromID":"1382960","toID":"1382956","formEdgeID":null},{"edgeID":"1807430","fromID":"1382963","toID":"1382962","formEdgeID":null},{"edgeID":"1807431","fromID":"1382964","toID":"1382963","formEdgeID":null},{"edgeID":"1807432","fromID":"1382962","toID":"1382965","formEdgeID":null},{"edgeID":"1807433","fromID":"1382965","toID":"1382961","formEdgeID":null},{"edgeID":"1807434","fromID":"1382956","toID":"1382966","formEdgeID":null},{"edgeID":"1807435","fromID":"1382966","toID":"1382962","formEdgeID":null},{"edgeID":"1807436","fromID":"1382955","toID":"1382967","formEdgeID":null},{"edgeID":"1807437","fromID":"1382967","toID":"1382961","formEdgeID":null},{"edgeID":"1807438","fromID":"1382966","toID":"1382968","formEdgeID":null},{"edgeID":"1807439","fromID":"1382968","toID":"1382967","formEdgeID":null},{"edgeID":"1807440","fromID":"1382971","toID":"1382970","formEdgeID":null},{"edgeID":"1807441","fromID":"1382972","toID":"1382971","formEdgeID":null},{"edgeID":"1807442","fromID":"1382970","toID":"1382973","formEdgeID":null},{"edgeID":"1807443","fromID":"1382973","toID":"1382969","formEdgeID":null},{"edgeID":"1807444","fromID":"1382950","toID":"1382974","formEdgeID":null},{"edgeID":"1807445","fromID":"1382974","toID":"1382969","formEdgeID":null},{"edgeID":"1807446","fromID":"1382961","toID":"1382975","formEdgeID":null},{"edgeID":"1807447","fromID":"1382975","toID":"1382969","formEdgeID":null},{"edgeID":"1807448","fromID":"1382962","toID":"1382976","formEdgeID":null},{"edgeID":"1807449","fromID":"1382976","toID":"1382970","formEdgeID":null},{"edgeID":"1807450","fromID":"1382976","toID":"1382977","formEdgeID":null},{"edgeID":"1807451","fromID":"1382977","toID":"1382975","formEdgeID":null},{"edgeID":"1807452","fromID":"1382951","toID":"1382978","formEdgeID":null},{"edgeID":"1807453","fromID":"1382978","toID":"1382970","formEdgeID":null},{"edgeID":"1807454","fromID":"1382978","toID":"1382979","formEdgeID":null},{"edgeID":"1807455","fromID":"1382979","toID":"1382974","formEdgeID":null},{"edgeID":"1807456","fromID":"1382982","toID":"1382981","formEdgeID":null},{"edgeID":"1807457","fromID":"1382983","toID":"1382982","formEdgeID":null},{"edgeID":"1807458","fromID":"1382981","toID":"1382984","formEdgeID":null},{"edgeID":"1807459","fromID":"1382984","toID":"1382980","formEdgeID":null},{"edgeID":"1807460","fromID":"1382970","toID":"1382985","formEdgeID":null},{"edgeID":"1807461","fromID":"1382985","toID":"1382981","formEdgeID":null},{"edgeID":"1807462","fromID":"1382988","toID":"1382987","formEdgeID":null},{"edgeID":"1807463","fromID":"1382989","toID":"1382988","formEdgeID":null},{"edgeID":"1807464","fromID":"1382987","toID":"1382990","formEdgeID":null},{"edgeID":"1807465","fromID":"1382990","toID":"1382986","formEdgeID":null},{"edgeID":"1807466","fromID":"1382981","toID":"1382991","formEdgeID":null},{"edgeID":"1807467","fromID":"1382991","toID":"1382987","formEdgeID":null},{"edgeID":"1807468","fromID":"1382994","toID":"1382993","formEdgeID":null},{"edgeID":"1807469","fromID":"1382995","toID":"1382994","formEdgeID":null},{"edgeID":"1807470","fromID":"1382993","toID":"1382996","formEdgeID":null},{"edgeID":"1807471","fromID":"1382996","toID":"1382992","formEdgeID":null},{"edgeID":"1807472","fromID":"1382992","toID":"1382997","formEdgeID":null},{"edgeID":"1807473","fromID":"1382997","toID":"1382980","formEdgeID":null},{"edgeID":"1807474","fromID":"1382986","toID":"1382997","formEdgeID":null},{"edgeID":"1807475","fromID":"1382981","toID":"1382998","formEdgeID":null},{"edgeID":"1807476","fromID":"1382998","toID":"1382993","formEdgeID":null},{"edgeID":"1807477","fromID":"1382998","toID":"1382999","formEdgeID":null},{"edgeID":"1807478","fromID":"1382999","toID":"1382997","formEdgeID":null},{"edgeID":"1807479","fromID":"1383002","toID":"1383001","formEdgeID":null},{"edgeID":"1807480","fromID":"1383003","toID":"1383002","formEdgeID":null},{"edgeID":"1807481","fromID":"1383001","toID":"1383004","formEdgeID":null},{"edgeID":"1807482","fromID":"1383004","toID":"1383000","formEdgeID":null},{"edgeID":"1807483","fromID":"1382993","toID":"1383005","formEdgeID":null},{"edgeID":"1807484","fromID":"1383005","toID":"1383001","formEdgeID":null},{"edgeID":"1807485","fromID":"1382992","toID":"1383006","formEdgeID":null},{"edgeID":"1807486","fromID":"1383006","toID":"1383000","formEdgeID":null},{"edgeID":"1807487","fromID":"1383005","toID":"1383007","formEdgeID":null},{"edgeID":"1807488","fromID":"1383007","toID":"1383006","formEdgeID":null},{"edgeID":"1807489","fromID":"1383000","toID":"1383008","formEdgeID":null},{"edgeID":"1807490","fromID":"1383008","toID":"1382980","formEdgeID":null},{"edgeID":"1807491","fromID":"1382981","toID":"1383009","formEdgeID":null},{"edgeID":"1807492","fromID":"1383009","toID":"1383001","formEdgeID":null},{"edgeID":"1807493","fromID":"1383009","toID":"1383010","formEdgeID":null},{"edgeID":"1807494","fromID":"1383010","toID":"1383008","formEdgeID":null},{"edgeID":"1807495","fromID":"1383013","toID":"1383012","formEdgeID":null},{"edgeID":"1807496","fromID":"1383014","toID":"1383013","formEdgeID":null},{"edgeID":"1807497","fromID":"1383012","toID":"1383015","formEdgeID":null},{"edgeID":"1807498","fromID":"1383015","toID":"1383011","formEdgeID":null},{"edgeID":"1807499","fromID":"1383001","toID":"1383016","formEdgeID":null},{"edgeID":"1807500","fromID":"1383016","toID":"1383012","formEdgeID":null},{"edgeID":"1807501","fromID":"1383019","toID":"1383018","formEdgeID":null},{"edgeID":"1807502","fromID":"1383020","toID":"1383019","formEdgeID":null},{"edgeID":"1807503","fromID":"1383018","toID":"1383021","formEdgeID":null},{"edgeID":"1807504","fromID":"1383021","toID":"1383017","formEdgeID":null},{"edgeID":"1807505","fromID":"1383012","toID":"1383022","formEdgeID":null},{"edgeID":"1807506","fromID":"1383022","toID":"1383018","formEdgeID":null},{"edgeID":"1807507","fromID":"1383025","toID":"1383024","formEdgeID":null},{"edgeID":"1807508","fromID":"1383026","toID":"1383025","formEdgeID":null},{"edgeID":"1807509","fromID":"1383024","toID":"1383027","formEdgeID":null},{"edgeID":"1807510","fromID":"1383027","toID":"1383023","formEdgeID":null},{"edgeID":"1807511","fromID":"1383018","toID":"1383028","formEdgeID":null},{"edgeID":"1807512","fromID":"1383028","toID":"1383024","formEdgeID":null},{"edgeID":"1807513","fromID":"1383023","toID":"1383029","formEdgeID":null},{"edgeID":"1807514","fromID":"1383029","toID":"1383017","formEdgeID":null},{"edgeID":"1807515","fromID":"1383028","toID":"1383030","formEdgeID":null},{"edgeID":"1807516","fromID":"1383030","toID":"1383029","formEdgeID":null},{"edgeID":"1807517","fromID":"1383033","toID":"1383032","formEdgeID":null},{"edgeID":"1807518","fromID":"1383034","toID":"1383033","formEdgeID":null},{"edgeID":"1807519","fromID":"1383032","toID":"1383035","formEdgeID":null},{"edgeID":"1807520","fromID":"1383035","toID":"1383031","formEdgeID":null},{"edgeID":"1807521","fromID":"1383024","toID":"1383036","formEdgeID":null},{"edgeID":"1807522","fromID":"1383036","toID":"1383032","formEdgeID":null},{"edgeID":"1807523","fromID":"1383039","toID":"1383038","formEdgeID":null},{"edgeID":"1807524","fromID":"1383040","toID":"1383039","formEdgeID":null},{"edgeID":"1807525","fromID":"1383038","toID":"1383041","formEdgeID":null},{"edgeID":"1807526","fromID":"1383041","toID":"1383037","formEdgeID":null},{"edgeID":"1807527","fromID":"1383032","toID":"1383042","formEdgeID":null},{"edgeID":"1807528","fromID":"1383042","toID":"1383038","formEdgeID":null},{"edgeID":"1807529","fromID":"1383037","toID":"1383043","formEdgeID":null},{"edgeID":"1807530","fromID":"1383043","toID":"1383031","formEdgeID":null},{"edgeID":"1807531","fromID":"1383042","toID":"1383044","formEdgeID":null},{"edgeID":"1807532","fromID":"1383044","toID":"1383043","formEdgeID":null},{"edgeID":"1807533","fromID":"1383047","toID":"1383046","formEdgeID":null},{"edgeID":"1807534","fromID":"1383048","toID":"1383047","formEdgeID":null},{"edgeID":"1807535","fromID":"1383046","toID":"1383049","formEdgeID":null},{"edgeID":"1807536","fromID":"1383049","toID":"1383045","formEdgeID":null},{"edgeID":"1807537","fromID":"1383038","toID":"1383050","formEdgeID":null},{"edgeID":"1807538","fromID":"1383050","toID":"1383046","formEdgeID":null},{"edgeID":"1807539","fromID":"1383053","toID":"1383052","formEdgeID":null},{"edgeID":"1807540","fromID":"1383054","toID":"1383053","formEdgeID":null},{"edgeID":"1807541","fromID":"1383052","toID":"1383055","formEdgeID":null},{"edgeID":"1807542","fromID":"1383055","toID":"1383051","formEdgeID":null},{"edgeID":"1807543","fromID":"1383051","toID":"1383056","formEdgeID":null},{"edgeID":"1807544","fromID":"1383056","toID":"1383037","formEdgeID":null},{"edgeID":"1807545","fromID":"1383038","toID":"1383057","formEdgeID":null},{"edgeID":"1807546","fromID":"1383057","toID":"1383052","formEdgeID":null},{"edgeID":"1807547","fromID":"1383057","toID":"1383058","formEdgeID":null},{"edgeID":"1807548","fromID":"1383058","toID":"1383056","formEdgeID":null},{"edgeID":"1807549","fromID":"1383061","toID":"1383060","formEdgeID":null},{"edgeID":"1807550","fromID":"1383062","toID":"1383061","formEdgeID":null},{"edgeID":"1807551","fromID":"1383060","toID":"1383063","formEdgeID":null},{"edgeID":"1807552","fromID":"1383063","toID":"1383059","formEdgeID":null},{"edgeID":"1807553","fromID":"1383052","toID":"1383064","formEdgeID":null},{"edgeID":"1807554","fromID":"1383064","toID":"1383060","formEdgeID":null},{"edgeID":"1807555","fromID":"1383059","toID":"1383065","formEdgeID":null},{"edgeID":"1807556","fromID":"1383065","toID":"1383051","formEdgeID":null},{"edgeID":"1807557","fromID":"1383064","toID":"1383066","formEdgeID":null},{"edgeID":"1807558","fromID":"1383066","toID":"1383065","formEdgeID":null},{"edgeID":"1807559","fromID":"1383045","toID":"1383067","formEdgeID":null},{"edgeID":"1807560","fromID":"1383067","toID":"1383059","formEdgeID":null},{"edgeID":"1807561","fromID":"1383046","toID":"1383068","formEdgeID":null},{"edgeID":"1807562","fromID":"1383068","toID":"1383060","formEdgeID":null},{"edgeID":"1807563","fromID":"1383068","toID":"1383069","formEdgeID":null},{"edgeID":"1807564","fromID":"1383069","toID":"1383067","formEdgeID":null}],"locutions":[]}