{"nodes":[{"nodeID":"1383841","text":"Thangam Debbonaire is rejecting the premise of the question","type":"I","timestamp":"2023-11-09 14:59:02"},{"nodeID":"1383943","text":"Fiona Bruce: No","type":"L","timestamp":"2023-11-09 14:59:10"},{"nodeID":"1383944","text":"Thangam Debbonaire: I\u2019m rejecting the premise of the question","type":"L","timestamp":"2023-11-09 14:59:11"},{"nodeID":"1383945","text":"Fiona Bruce: will it or will it not damage the Welsh economy","type":"L","timestamp":"2023-11-09 14:59:11"},{"nodeID":"1383946","text":"it is important that we have connectivity","type":"I","timestamp":"2023-11-09 14:59:11"},{"nodeID":"1383947","text":"Thangam Debbonaire: It is important that we have connectivity","type":"L","timestamp":"2023-11-09 14:59:11"},{"nodeID":"1383948","text":"Analysing","type":"YA","timestamp":"2023-11-09 14:59:11"},{"nodeID":"1383949","text":"Tuuli: Thangam Debbonaire: It is important that we have connectivity","type":"L","timestamp":"2023-11-09 14:59:11"},{"nodeID":"1383950","text":"Asserting","type":"YA","timestamp":"2023-11-09 14:59:11"},{"nodeID":"1383951","text":"it\u2019s important that we have transport links","type":"I","timestamp":"2023-11-09 14:59:12"},{"nodeID":"1383952","text":"Thangam Debbonaire: it\u2019s important that we have transport links","type":"L","timestamp":"2023-11-09 14:59:12"},{"nodeID":"1383953","text":"Analysing","type":"YA","timestamp":"2023-11-09 14:59:12"},{"nodeID":"1383954","text":"Tuuli: Thangam Debbonaire: it\u2019s important that we have transport links","type":"L","timestamp":"2023-11-09 14:59:12"},{"nodeID":"1383955","text":"Asserting","type":"YA","timestamp":"2023-11-09 14:59:12"},{"nodeID":"1383956","text":"Default Transition","type":"TA","timestamp":"2023-11-09 14:59:12"},{"nodeID":"1383957","text":"Default Inference","type":"RA","timestamp":"2023-11-09 14:59:12"},{"nodeID":"1383958","text":"Arguing","type":"YA","timestamp":"2023-11-09 14:59:12"},{"nodeID":"1383959","text":"it\u2019s also important that we breathe clean air","type":"I","timestamp":"2023-11-09 14:59:13"},{"nodeID":"1383960","text":"Thangam Debbonaire: It\u2019s also important that we breathe clean air","type":"L","timestamp":"2023-11-09 14:59:13"},{"nodeID":"1383961","text":"Analysing","type":"YA","timestamp":"2023-11-09 14:59:13"},{"nodeID":"1383962","text":"Tuuli: Thangam Debbonaire: It\u2019s also important that we breathe clean air","type":"L","timestamp":"2023-11-09 14:59:13"},{"nodeID":"1383963","text":"Asserting","type":"YA","timestamp":"2023-11-09 14:59:13"},{"nodeID":"1383964","text":"it is important that we tackle climate change","type":"I","timestamp":"2023-11-09 14:59:13"},{"nodeID":"1383965","text":"Thangam Debbonaire: that we tackle climate change","type":"L","timestamp":"2023-11-09 14:59:13"},{"nodeID":"1383966","text":"Analysing","type":"YA","timestamp":"2023-11-09 14:59:13"},{"nodeID":"1383967","text":"Tuuli: Thangam Debbonaire: that we tackle climate change","type":"L","timestamp":"2023-11-09 14:59:13"},{"nodeID":"1383968","text":"Asserting","type":"YA","timestamp":"2023-11-09 14:59:13"},{"nodeID":"1383969","text":"Default Transition","type":"TA","timestamp":"2023-11-09 14:59:13"},{"nodeID":"1383970","text":"Default Transition","type":"TA","timestamp":"2023-11-09 14:59:13"},{"nodeID":"1383971","text":"Default Inference","type":"RA","timestamp":"2023-11-09 14:59:13"},{"nodeID":"1383972","text":"Arguing","type":"YA","timestamp":"2023-11-09 14:59:13"},{"nodeID":"1383973","text":"to have transport links and tackle climate change will mean difficult decisions","type":"I","timestamp":"2023-11-09 14:59:14"},{"nodeID":"1383974","text":"Thangam Debbonaire: These things will mean difficult decisions","type":"L","timestamp":"2023-11-09 14:59:14"},{"nodeID":"1383975","text":"Analysing","type":"YA","timestamp":"2023-11-09 14:59:14"},{"nodeID":"1383976","text":"Tuuli: Thangam Debbonaire: These things will mean difficult decisions","type":"L","timestamp":"2023-11-09 14:59:14"},{"nodeID":"1383977","text":"Asserting","type":"YA","timestamp":"2023-11-09 14:59:14"},{"nodeID":"1383978","text":"Default Transition","type":"TA","timestamp":"2023-11-09 14:59:14"},{"nodeID":"1383979","text":"Thangam Debbonaire is absolutely sure that the people of Wales will be scrutinising the decisions of the Welsh government","type":"I","timestamp":"2023-11-09 14:59:15"},{"nodeID":"1383980","text":"Thangam Debbonaire: I am absolutely sure that the people of Wales will be scrutinising the decisions of the Welsh government","type":"L","timestamp":"2023-11-09 14:59:15"},{"nodeID":"1383981","text":"Analysing","type":"YA","timestamp":"2023-11-09 14:59:15"},{"nodeID":"1383982","text":"Tuuli: Thangam Debbonaire: I am absolutely sure that the people of Wales, as you are showing, will be scrutinising the decisions of the Welsh government","type":"L","timestamp":"2023-11-09 14:59:15"},{"nodeID":"1383983","text":"Asserting","type":"YA","timestamp":"2023-11-09 14:59:15"},{"nodeID":"1383984","text":"Default Transition","type":"TA","timestamp":"2023-11-09 14:59:15"},{"nodeID":"1383985","text":"the people of Wales will be telling the Welsh government if they are not happy with it","type":"I","timestamp":"2023-11-09 14:59:15"},{"nodeID":"1383986","text":"Thangam Debbonaire: telling them if you\u2019re not happy with it","type":"L","timestamp":"2023-11-09 14:59:15"},{"nodeID":"1383987","text":"Analysing","type":"YA","timestamp":"2023-11-09 14:59:15"},{"nodeID":"1383988","text":"Tuuli: Thangam Debbonaire: telling them if you\u2019re not happy with it","type":"L","timestamp":"2023-11-09 14:59:15"},{"nodeID":"1383989","text":"Asserting","type":"YA","timestamp":"2023-11-09 14:59:15"},{"nodeID":"1383990","text":"Default Transition","type":"TA","timestamp":"2023-11-09 14:59:15"},{"nodeID":"1383991","text":"Default Rephrase","type":"MA","timestamp":"2023-11-09 14:59:15"},{"nodeID":"1383992","text":"Restating","type":"YA","timestamp":"2023-11-09 14:59:15"},{"nodeID":"1383993","text":"actually it is important that we\u2019re clear about the fact Welsh government's decision is not cancelling all roads","type":"I","timestamp":"2023-11-09 14:59:16"},{"nodeID":"1383994","text":"Thangam Debbonaire: I've heard this evening from some people in the audience, I can't remember\u2026someone who said earlier, that actually it is important that we\u2019re clear about the fact this is not cancelling all roads","type":"L","timestamp":"2023-11-09 14:59:16"},{"nodeID":"1383995","text":"Analysing","type":"YA","timestamp":"2023-11-09 14:59:16"},{"nodeID":"1383996","text":"Tuuli: Thangam Debbonaire: I've heard this evening from some people in the audience, I can't remember\u2026someone who said earlier, that actually it is important that we\u2019re clear about the fact this is not cancelling all roads","type":"L","timestamp":"2023-11-09 14:59:16"},{"nodeID":"1383997","text":"Default Transition","type":"TA","timestamp":"2023-11-09 14:59:16"},{"nodeID":"1383998","text":"it may be that the people of Wales disagree with some of the decisions","type":"I","timestamp":"2023-11-09 14:59:17"},{"nodeID":"1383999","text":"Thangam Debbonaire: It may be that you disagree with some of the decisions","type":"L","timestamp":"2023-11-09 14:59:17"},{"nodeID":"1384000","text":"Analysing","type":"YA","timestamp":"2023-11-09 14:59:17"},{"nodeID":"1384001","text":"Tuuli: Thangam Debbonaire: It may be that you disagree with some of the decisions","type":"L","timestamp":"2023-11-09 14:59:17"},{"nodeID":"1384002","text":"Asserting","type":"YA","timestamp":"2023-11-09 14:59:17"},{"nodeID":"1384003","text":"Default Rephrase","type":"MA","timestamp":"2023-11-09 14:59:17"},{"nodeID":"1384004","text":"Restating","type":"YA","timestamp":"2023-11-09 14:59:17"},{"nodeID":"1384005","text":"the people of Wales are showing that they scrutinise the decisions of the Welsh government","type":"I","timestamp":"2023-11-09 14:59:17"},{"nodeID":"1384006","text":"Thangam Debbonaire: as you are showing","type":"L","timestamp":"2023-11-09 14:59:17"},{"nodeID":"1384007","text":"Analysing","type":"YA","timestamp":"2023-11-09 14:59:17"},{"nodeID":"1384008","text":"Tuuli: Thangam Debbonaire: as you are showing","type":"L","timestamp":"2023-11-09 14:59:17"},{"nodeID":"1384009","text":"Asserting","type":"YA","timestamp":"2023-11-09 14:59:17"},{"nodeID":"1384010","text":"Default Inference","type":"RA","timestamp":"2023-11-09 14:59:17"},{"nodeID":"1384011","text":"Default Transition","type":"TA","timestamp":"2023-11-09 14:59:17"},{"nodeID":"1384012","text":"Arguing","type":"YA","timestamp":"2023-11-09 14:59:17"},{"nodeID":"1384013","text":"Default Inference","type":"RA","timestamp":"2023-11-09 14:59:17"},{"nodeID":"1384014","text":"Default Transition","type":"TA","timestamp":"2023-11-09 14:59:17"},{"nodeID":"1384015","text":"Arguing","type":"YA","timestamp":"2023-11-09 14:59:17"},{"nodeID":"1384016","text":"Unknown Speaker: actually it is important that we\u2019re clear about the fact this is not cancelling all roads","type":"L","timestamp":"2023-11-09 14:59:17"},{"nodeID":"1384017","text":"Analysing","type":"YA","timestamp":"2023-11-09 14:59:17"},{"nodeID":"1384018","text":"Tuuli: Unknown Speaker: I've heard this evening from some people in the audience, I can't remember\u2026someone who said earlier, that actually it is important that we\u2019re clear about the fact this is not cancelling all roads","type":"L","timestamp":"2023-11-09 14:59:17"},{"nodeID":"1384019","text":"Asserting","type":"YA","timestamp":"2023-11-09 14:59:17"},{"nodeID":"1384020","text":"Asserting","type":"YA","timestamp":"2023-11-09 14:59:17"},{"nodeID":"1384021","text":"we haven\u2019t even got a train link between North and South Wales within Wales","type":"I","timestamp":"2023-11-09 14:59:18"},{"nodeID":"1384022","text":"Liz Saville Roberts: We haven\u2019t even got a train link between North and South Wales within Wales","type":"L","timestamp":"2023-11-09 14:59:18"},{"nodeID":"1384023","text":"Analysing","type":"YA","timestamp":"2023-11-09 14:59:18"},{"nodeID":"1384024","text":"Tuuli: Liz Saville Roberts: We haven\u2019t even got a train link between North and South Wales within Wales","type":"L","timestamp":"2023-11-09 14:59:18"},{"nodeID":"1384025","text":"Asserting","type":"YA","timestamp":"2023-11-09 14:59:18"},{"nodeID":"1384026","text":"Default Rephrase","type":"MA","timestamp":"2023-11-09 14:59:18"},{"nodeID":"1384027","text":"Default Transition","type":"TA","timestamp":"2023-11-09 14:59:18"},{"nodeID":"1384028","text":"Restating","type":"YA","timestamp":"2023-11-09 14:59:18"},{"nodeID":"1384029","text":"in a democracy you get to hold the government to account","type":"I","timestamp":"2023-11-09 14:59:19"},{"nodeID":"1384030","text":"Thangam Debbonaire: In a democracy you get to hold the government to account","type":"L","timestamp":"2023-11-09 14:59:19"},{"nodeID":"1384031","text":"Analysing","type":"YA","timestamp":"2023-11-09 14:59:19"},{"nodeID":"1384032","text":"Tuuli: Thangam Debbonaire: In a democracy you get to hold the government to account","type":"L","timestamp":"2023-11-09 14:59:19"},{"nodeID":"1384033","text":"Asserting","type":"YA","timestamp":"2023-11-09 14:59:19"},{"nodeID":"1384034","text":"Default Transition","type":"TA","timestamp":"2023-11-09 14:59:19"},{"nodeID":"1384035","text":"in a democracy you get to say if you disagree","type":"I","timestamp":"2023-11-09 14:59:19"},{"nodeID":"1384036","text":"Thangam Debbonaire: you get to say if you disagree","type":"L","timestamp":"2023-11-09 14:59:19"},{"nodeID":"1384037","text":"Analysing","type":"YA","timestamp":"2023-11-09 14:59:19"},{"nodeID":"1384038","text":"Tuuli: Thangam Debbonaire: you get to say if you disagree","type":"L","timestamp":"2023-11-09 14:59:19"},{"nodeID":"1384039","text":"Asserting","type":"YA","timestamp":"2023-11-09 14:59:19"},{"nodeID":"1384040","text":"Default Transition","type":"TA","timestamp":"2023-11-09 14:59:19"},{"nodeID":"1384041","text":"Default Rephrase","type":"MA","timestamp":"2023-11-09 14:59:19"},{"nodeID":"1384042","text":"Restating","type":"YA","timestamp":"2023-11-09 14:59:19"},{"nodeID":"1384043","text":"Thangam Debbonaire's answer to whether the Welsh government's decision to scrap all major road projects will damage the Welsh economy is yes or no","type":"I","timestamp":"2023-11-09 14:59:20"},{"nodeID":"1384044","text":"Fiona Bruce: is your answer yes or no then","type":"L","timestamp":"2023-11-09 14:59:20"},{"nodeID":"1384045","text":"Analysing","type":"YA","timestamp":"2023-11-09 14:59:20"},{"nodeID":"1384046","text":"Tuuli: Fiona Bruce: is your answer yes or no then","type":"L","timestamp":"2023-11-09 14:59:20"},{"nodeID":"1384047","text":"Pure Questioning","type":"YA","timestamp":"2023-11-09 14:59:20"},{"nodeID":"1384048","text":"Default Transition","type":"TA","timestamp":"2023-11-09 14:59:20"},{"nodeID":"1384049","text":"Thangam Debbonaire did not answer the question whether the Welsh government's decision to scrap all major road projects will damage the Welsh economy","type":"I","timestamp":"2023-11-09 14:59:20"},{"nodeID":"1384050","text":"Fiona Bruce: Did I miss it","type":"L","timestamp":"2023-11-09 14:59:20"},{"nodeID":"1384051","text":"Analysing","type":"YA","timestamp":"2023-11-09 14:59:20"},{"nodeID":"1384052","text":"Tuuli: Fiona Bruce: Did I miss it","type":"L","timestamp":"2023-11-09 14:59:20"},{"nodeID":"1384053","text":"Rhetorical Questioning","type":"YA","timestamp":"2023-11-09 14:59:20"},{"nodeID":"1384054","text":"Default Transition","type":"TA","timestamp":"2023-11-09 14:59:20"},{"nodeID":"1384055","text":"Default Rephrase","type":"MA","timestamp":"2023-11-09 14:59:20"},{"nodeID":"1384056","text":"Restating","type":"YA","timestamp":"2023-11-09 14:59:20"},{"nodeID":"1384057","text":"the Welsh government's decision to scrap all major road projects will or will not damage the Welsh economy","type":"I","timestamp":"2023-11-09 14:59:21"},{"nodeID":"1384058","text":"Analysing","type":"YA","timestamp":"2023-11-09 14:59:21"},{"nodeID":"1384059","text":"Tuuli: Fiona Bruce: Will it or will it not damage the Welsh economy","type":"L","timestamp":"2023-11-09 14:59:21"},{"nodeID":"1384060","text":"Pure Questioning","type":"YA","timestamp":"2023-11-09 14:59:21"},{"nodeID":"1384061","text":"Default Rephrase","type":"MA","timestamp":"2023-11-09 14:59:21"},{"nodeID":"1384062","text":"Default Transition","type":"TA","timestamp":"2023-11-09 14:59:21"},{"nodeID":"1384063","text":"Restating","type":"YA","timestamp":"2023-11-09 14:59:21"},{"nodeID":"1384064","text":"Analysing","type":"YA","timestamp":"2023-11-09 14:59:21"},{"nodeID":"1384065","text":"Tuuli: Thangam Debbonaire: I\u2019m rejecting the premise of the question","type":"L","timestamp":"2023-11-09 14:59:21"},{"nodeID":"1384066","text":"Asserting","type":"YA","timestamp":"2023-11-09 14:59:21"},{"nodeID":"1384067","text":"Default Transition","type":"TA","timestamp":"2023-11-09 14:59:21"},{"nodeID":"1384068","text":"the decision wasn\u2019t to scrap all roads","type":"I","timestamp":"2023-11-09 14:59:22"},{"nodeID":"1384069","text":"Thangam Debbonaire: the decision wasn\u2019t to scrap all roads","type":"L","timestamp":"2023-11-09 14:59:22"},{"nodeID":"1384070","text":"Analysing","type":"YA","timestamp":"2023-11-09 14:59:22"},{"nodeID":"1384071","text":"Tuuli: Thangam Debbonaire: the decision wasn\u2019t to scrap all roads","type":"L","timestamp":"2023-11-09 14:59:22"},{"nodeID":"1384072","text":"Asserting","type":"YA","timestamp":"2023-11-09 14:59:22"},{"nodeID":"1384073","text":"we've just established that the decision was not to scrap all the roads","type":"I","timestamp":"2023-11-09 14:59:22"},{"nodeID":"1384074","text":"Thangam Debbonaire: we've just established that","type":"L","timestamp":"2023-11-09 14:59:22"},{"nodeID":"1384075","text":"Analysing","type":"YA","timestamp":"2023-11-09 14:59:22"},{"nodeID":"1384076","text":"Tuuli: Thangam Debbonaire: we've just established that","type":"L","timestamp":"2023-11-09 14:59:22"},{"nodeID":"1384077","text":"Asserting","type":"YA","timestamp":"2023-11-09 14:59:22"},{"nodeID":"1384078","text":"Analysing","type":"YA","timestamp":"2023-11-09 14:59:22"},{"nodeID":"1384079","text":"Tuuli: Fiona Bruce: No","type":"L","timestamp":"2023-11-09 14:59:22"},{"nodeID":"1384080","text":"Default Transition","type":"TA","timestamp":"2023-11-09 14:59:22"},{"nodeID":"1384081","text":"Default Transition","type":"TA","timestamp":"2023-11-09 14:59:22"},{"nodeID":"1384082","text":"Default Transition","type":"TA","timestamp":"2023-11-09 14:59:22"},{"nodeID":"1384083","text":"the question was to scrap all major road projects","type":"I","timestamp":"2023-11-09 14:59:23"},{"nodeID":"1384084","text":"Fiona Bruce: the question was to scrap all major road projects","type":"L","timestamp":"2023-11-09 14:59:23"},{"nodeID":"1384085","text":"Analysing","type":"YA","timestamp":"2023-11-09 14:59:23"},{"nodeID":"1384086","text":"Tuuli: Fiona Bruce: the question was to scrap all major road projects","type":"L","timestamp":"2023-11-09 14:59:23"},{"nodeID":"1384087","text":"Asserting","type":"YA","timestamp":"2023-11-09 14:59:23"},{"nodeID":"1384088","text":"Default Transition","type":"TA","timestamp":"2023-11-09 14:59:23"},{"nodeID":"1384089","text":"Default Rephrase","type":"MA","timestamp":"2023-11-09 14:59:23"},{"nodeID":"1384090","text":"Default Illocuting","type":"YA","timestamp":"2023-11-09 14:59:23"},{"nodeID":"1384091","text":"Default Inference","type":"RA","timestamp":"2023-11-09 14:59:23"},{"nodeID":"1384092","text":"Arguing","type":"YA","timestamp":"2023-11-09 14:59:23"},{"nodeID":"1384093","text":"Default Rephrase","type":"MA","timestamp":"2023-11-09 14:59:23"},{"nodeID":"1384094","text":"Restating","type":"YA","timestamp":"2023-11-09 14:59:23"},{"nodeID":"1384095","text":"Disagreeing","type":"YA","timestamp":"2023-11-09 14:59:23"},{"nodeID":"1384096","text":"Default Conflict","type":"CA","timestamp":"2023-11-09 14:59:23"},{"nodeID":"1384097","text":"Disagreeing","type":"YA","timestamp":"2023-11-09 14:59:23"},{"nodeID":"1384098","text":"Default Rephrase","type":"MA","timestamp":"2023-11-09 14:59:23"},{"nodeID":"1384099","text":"Default Transition","type":"TA","timestamp":"2023-11-09 14:59:23"},{"nodeID":"1384100","text":"Restating","type":"YA","timestamp":"2023-11-09 14:59:23"}],"edges":[{"edgeID":"1808578","fromID":"1383948","toID":"1383947","formEdgeID":null},{"edgeID":"1808579","fromID":"1383949","toID":"1383948","formEdgeID":null},{"edgeID":"1808580","fromID":"1383947","toID":"1383950","formEdgeID":null},{"edgeID":"1808581","fromID":"1383950","toID":"1383946","formEdgeID":null},{"edgeID":"1808582","fromID":"1383953","toID":"1383952","formEdgeID":null},{"edgeID":"1808583","fromID":"1383954","toID":"1383953","formEdgeID":null},{"edgeID":"1808584","fromID":"1383952","toID":"1383955","formEdgeID":null},{"edgeID":"1808585","fromID":"1383955","toID":"1383951","formEdgeID":null},{"edgeID":"1808586","fromID":"1383947","toID":"1383956","formEdgeID":null},{"edgeID":"1808587","fromID":"1383956","toID":"1383952","formEdgeID":null},{"edgeID":"1808588","fromID":"1383946","toID":"1383957","formEdgeID":null},{"edgeID":"1808589","fromID":"1383957","toID":"1383951","formEdgeID":null},{"edgeID":"1808590","fromID":"1383956","toID":"1383958","formEdgeID":null},{"edgeID":"1808591","fromID":"1383958","toID":"1383957","formEdgeID":null},{"edgeID":"1808592","fromID":"1383961","toID":"1383960","formEdgeID":null},{"edgeID":"1808593","fromID":"1383962","toID":"1383961","formEdgeID":null},{"edgeID":"1808594","fromID":"1383960","toID":"1383963","formEdgeID":null},{"edgeID":"1808595","fromID":"1383963","toID":"1383959","formEdgeID":null},{"edgeID":"1808596","fromID":"1383966","toID":"1383965","formEdgeID":null},{"edgeID":"1808597","fromID":"1383967","toID":"1383966","formEdgeID":null},{"edgeID":"1808598","fromID":"1383965","toID":"1383968","formEdgeID":null},{"edgeID":"1808599","fromID":"1383968","toID":"1383964","formEdgeID":null},{"edgeID":"1808600","fromID":"1383952","toID":"1383969","formEdgeID":null},{"edgeID":"1808601","fromID":"1383969","toID":"1383960","formEdgeID":null},{"edgeID":"1808602","fromID":"1383960","toID":"1383970","formEdgeID":null},{"edgeID":"1808603","fromID":"1383970","toID":"1383965","formEdgeID":null},{"edgeID":"1808604","fromID":"1383959","toID":"1383971","formEdgeID":null},{"edgeID":"1808605","fromID":"1383971","toID":"1383964","formEdgeID":null},{"edgeID":"1808606","fromID":"1383970","toID":"1383972","formEdgeID":null},{"edgeID":"1808607","fromID":"1383972","toID":"1383971","formEdgeID":null},{"edgeID":"1808608","fromID":"1383975","toID":"1383974","formEdgeID":null},{"edgeID":"1808609","fromID":"1383976","toID":"1383975","formEdgeID":null},{"edgeID":"1808610","fromID":"1383974","toID":"1383977","formEdgeID":null},{"edgeID":"1808611","fromID":"1383977","toID":"1383973","formEdgeID":null},{"edgeID":"1808612","fromID":"1383965","toID":"1383978","formEdgeID":null},{"edgeID":"1808613","fromID":"1383978","toID":"1383974","formEdgeID":null},{"edgeID":"1808614","fromID":"1383981","toID":"1383980","formEdgeID":null},{"edgeID":"1808615","fromID":"1383982","toID":"1383981","formEdgeID":null},{"edgeID":"1808616","fromID":"1383980","toID":"1383983","formEdgeID":null},{"edgeID":"1808617","fromID":"1383983","toID":"1383979","formEdgeID":null},{"edgeID":"1808618","fromID":"1383974","toID":"1383984","formEdgeID":null},{"edgeID":"1808619","fromID":"1383984","toID":"1383980","formEdgeID":null},{"edgeID":"1808620","fromID":"1383987","toID":"1383986","formEdgeID":null},{"edgeID":"1808621","fromID":"1383988","toID":"1383987","formEdgeID":null},{"edgeID":"1808622","fromID":"1383986","toID":"1383989","formEdgeID":null},{"edgeID":"1808623","fromID":"1383989","toID":"1383985","formEdgeID":null},{"edgeID":"1808624","fromID":"1383980","toID":"1383990","formEdgeID":null},{"edgeID":"1808625","fromID":"1383990","toID":"1383986","formEdgeID":null},{"edgeID":"1808626","fromID":"1383985","toID":"1383991","formEdgeID":null},{"edgeID":"1808627","fromID":"1383991","toID":"1383979","formEdgeID":null},{"edgeID":"1808628","fromID":"1383990","toID":"1383992","formEdgeID":null},{"edgeID":"1808629","fromID":"1383992","toID":"1383991","formEdgeID":null},{"edgeID":"1808630","fromID":"1383995","toID":"1383994","formEdgeID":null},{"edgeID":"1808631","fromID":"1383996","toID":"1383995","formEdgeID":null},{"edgeID":"1808632","fromID":"1383986","toID":"1383997","formEdgeID":null},{"edgeID":"1808633","fromID":"1383997","toID":"1383994","formEdgeID":null},{"edgeID":"1808634","fromID":"1384000","toID":"1383999","formEdgeID":null},{"edgeID":"1808635","fromID":"1384001","toID":"1384000","formEdgeID":null},{"edgeID":"1808636","fromID":"1383999","toID":"1384002","formEdgeID":null},{"edgeID":"1808637","fromID":"1384002","toID":"1383998","formEdgeID":null},{"edgeID":"1808638","fromID":"1383959","toID":"1384003","formEdgeID":null},{"edgeID":"1808639","fromID":"1384003","toID":"1383951","formEdgeID":null},{"edgeID":"1808640","fromID":"1383969","toID":"1384004","formEdgeID":null},{"edgeID":"1808641","fromID":"1384004","toID":"1384003","formEdgeID":null},{"edgeID":"1808642","fromID":"1384007","toID":"1384006","formEdgeID":null},{"edgeID":"1808643","fromID":"1384008","toID":"1384007","formEdgeID":null},{"edgeID":"1808644","fromID":"1384006","toID":"1384009","formEdgeID":null},{"edgeID":"1808645","fromID":"1384009","toID":"1384005","formEdgeID":null},{"edgeID":"1808646","fromID":"1384005","toID":"1384010","formEdgeID":null},{"edgeID":"1808647","fromID":"1384010","toID":"1383979","formEdgeID":null},{"edgeID":"1808648","fromID":"1383980","toID":"1384011","formEdgeID":null},{"edgeID":"1808649","fromID":"1384011","toID":"1384006","formEdgeID":null},{"edgeID":"1808650","fromID":"1384011","toID":"1384012","formEdgeID":null},{"edgeID":"1808651","fromID":"1384012","toID":"1384010","formEdgeID":null},{"edgeID":"1808652","fromID":"1383998","toID":"1384013","formEdgeID":null},{"edgeID":"1808653","fromID":"1384013","toID":"1383985","formEdgeID":null},{"edgeID":"1808654","fromID":"1383986","toID":"1384014","formEdgeID":null},{"edgeID":"1808655","fromID":"1384014","toID":"1383999","formEdgeID":null},{"edgeID":"1808656","fromID":"1384014","toID":"1384015","formEdgeID":null},{"edgeID":"1808657","fromID":"1384015","toID":"1384013","formEdgeID":null},{"edgeID":"1808658","fromID":"1384017","toID":"1384016","formEdgeID":null},{"edgeID":"1808659","fromID":"1384018","toID":"1384017","formEdgeID":null},{"edgeID":"1808660","fromID":"1384016","toID":"1384019","formEdgeID":null},{"edgeID":"1808661","fromID":"1384019","toID":"1383993","formEdgeID":null},{"edgeID":"1808662","fromID":"1383994","toID":"1384020","formEdgeID":null},{"edgeID":"1808663","fromID":"1384020","toID":"1384016","formEdgeID":null},{"edgeID":"1808664","fromID":"1384023","toID":"1384022","formEdgeID":null},{"edgeID":"1808665","fromID":"1384024","toID":"1384023","formEdgeID":null},{"edgeID":"1808666","fromID":"1384022","toID":"1384025","formEdgeID":null},{"edgeID":"1808667","fromID":"1384025","toID":"1384021","formEdgeID":null},{"edgeID":"1808668","fromID":"1384021","toID":"1384026","formEdgeID":null},{"edgeID":"1808669","fromID":"1384026","toID":"1383951","formEdgeID":null},{"edgeID":"1808670","fromID":"1383952","toID":"1384027","formEdgeID":null},{"edgeID":"1808671","fromID":"1384027","toID":"1384022","formEdgeID":null},{"edgeID":"1808672","fromID":"1384027","toID":"1384028","formEdgeID":null},{"edgeID":"1808673","fromID":"1384028","toID":"1384026","formEdgeID":null},{"edgeID":"1808674","fromID":"1384031","toID":"1384030","formEdgeID":null},{"edgeID":"1808675","fromID":"1384032","toID":"1384031","formEdgeID":null},{"edgeID":"1808676","fromID":"1384030","toID":"1384033","formEdgeID":null},{"edgeID":"1808677","fromID":"1384033","toID":"1384029","formEdgeID":null},{"edgeID":"1808678","fromID":"1384022","toID":"1384034","formEdgeID":null},{"edgeID":"1808679","fromID":"1384034","toID":"1384030","formEdgeID":null},{"edgeID":"1808680","fromID":"1384037","toID":"1384036","formEdgeID":null},{"edgeID":"1808681","fromID":"1384038","toID":"1384037","formEdgeID":null},{"edgeID":"1808682","fromID":"1384036","toID":"1384039","formEdgeID":null},{"edgeID":"1808683","fromID":"1384039","toID":"1384035","formEdgeID":null},{"edgeID":"1808684","fromID":"1384030","toID":"1384040","formEdgeID":null},{"edgeID":"1808685","fromID":"1384040","toID":"1384036","formEdgeID":null},{"edgeID":"1808686","fromID":"1384035","toID":"1384041","formEdgeID":null},{"edgeID":"1808687","fromID":"1384041","toID":"1384029","formEdgeID":null},{"edgeID":"1808688","fromID":"1384040","toID":"1384042","formEdgeID":null},{"edgeID":"1808689","fromID":"1384042","toID":"1384041","formEdgeID":null},{"edgeID":"1808690","fromID":"1384045","toID":"1384044","formEdgeID":null},{"edgeID":"1808691","fromID":"1384046","toID":"1384045","formEdgeID":null},{"edgeID":"1808692","fromID":"1384044","toID":"1384047","formEdgeID":null},{"edgeID":"1808693","fromID":"1384047","toID":"1384043","formEdgeID":null},{"edgeID":"1808694","fromID":"1384036","toID":"1384048","formEdgeID":null},{"edgeID":"1808695","fromID":"1384048","toID":"1384044","formEdgeID":null},{"edgeID":"1808696","fromID":"1384051","toID":"1384050","formEdgeID":null},{"edgeID":"1808697","fromID":"1384052","toID":"1384051","formEdgeID":null},{"edgeID":"1808698","fromID":"1384050","toID":"1384053","formEdgeID":null},{"edgeID":"1808699","fromID":"1384053","toID":"1384049","formEdgeID":null},{"edgeID":"1808700","fromID":"1384044","toID":"1384054","formEdgeID":null},{"edgeID":"1808701","fromID":"1384054","toID":"1384050","formEdgeID":null},{"edgeID":"1808702","fromID":"1384049","toID":"1384055","formEdgeID":null},{"edgeID":"1808703","fromID":"1384055","toID":"1384043","formEdgeID":null},{"edgeID":"1808704","fromID":"1384054","toID":"1384056","formEdgeID":null},{"edgeID":"1808705","fromID":"1384056","toID":"1384055","formEdgeID":null},{"edgeID":"1808706","fromID":"1384058","toID":"1383945","formEdgeID":null},{"edgeID":"1808707","fromID":"1384059","toID":"1384058","formEdgeID":null},{"edgeID":"1808708","fromID":"1383945","toID":"1384060","formEdgeID":null},{"edgeID":"1808709","fromID":"1384060","toID":"1384057","formEdgeID":null},{"edgeID":"1808710","fromID":"1384057","toID":"1384061","formEdgeID":null},{"edgeID":"1808711","fromID":"1384061","toID":"1384043","formEdgeID":null},{"edgeID":"1808712","fromID":"1384044","toID":"1384062","formEdgeID":null},{"edgeID":"1808713","fromID":"1384062","toID":"1383945","formEdgeID":null},{"edgeID":"1808714","fromID":"1384062","toID":"1384063","formEdgeID":null},{"edgeID":"1808715","fromID":"1384063","toID":"1384061","formEdgeID":null},{"edgeID":"1808716","fromID":"1384064","toID":"1383944","formEdgeID":null},{"edgeID":"1808717","fromID":"1384065","toID":"1384064","formEdgeID":null},{"edgeID":"1808718","fromID":"1383944","toID":"1384066","formEdgeID":null},{"edgeID":"1808719","fromID":"1384066","toID":"1383841","formEdgeID":null},{"edgeID":"1808720","fromID":"1383945","toID":"1384067","formEdgeID":null},{"edgeID":"1808721","fromID":"1384067","toID":"1383944","formEdgeID":null},{"edgeID":"1808722","fromID":"1384070","toID":"1384069","formEdgeID":null},{"edgeID":"1808723","fromID":"1384071","toID":"1384070","formEdgeID":null},{"edgeID":"1808724","fromID":"1384069","toID":"1384072","formEdgeID":null},{"edgeID":"1808725","fromID":"1384072","toID":"1384068","formEdgeID":null},{"edgeID":"1808726","fromID":"1384075","toID":"1384074","formEdgeID":null},{"edgeID":"1808727","fromID":"1384076","toID":"1384075","formEdgeID":null},{"edgeID":"1808728","fromID":"1384074","toID":"1384077","formEdgeID":null},{"edgeID":"1808729","fromID":"1384077","toID":"1384073","formEdgeID":null},{"edgeID":"1808730","fromID":"1384078","toID":"1383943","formEdgeID":null},{"edgeID":"1808731","fromID":"1384079","toID":"1384078","formEdgeID":null},{"edgeID":"1808732","fromID":"1383944","toID":"1384080","formEdgeID":null},{"edgeID":"1808733","fromID":"1384080","toID":"1384069","formEdgeID":null},{"edgeID":"1808734","fromID":"1384069","toID":"1384081","formEdgeID":null},{"edgeID":"1808735","fromID":"1384081","toID":"1384074","formEdgeID":null},{"edgeID":"1808736","fromID":"1384074","toID":"1384082","formEdgeID":null},{"edgeID":"1808737","fromID":"1384082","toID":"1383943","formEdgeID":null},{"edgeID":"1808738","fromID":"1384085","toID":"1384084","formEdgeID":null},{"edgeID":"1808739","fromID":"1384086","toID":"1384085","formEdgeID":null},{"edgeID":"1808740","fromID":"1384084","toID":"1384087","formEdgeID":null},{"edgeID":"1808741","fromID":"1384087","toID":"1384083","formEdgeID":null},{"edgeID":"1808742","fromID":"1383943","toID":"1384088","formEdgeID":null},{"edgeID":"1808743","fromID":"1384088","toID":"1384084","formEdgeID":null},{"edgeID":"1808744","fromID":"1383841","toID":"1384089","formEdgeID":null},{"edgeID":"1808745","fromID":"1384089","toID":"1384057","formEdgeID":null},{"edgeID":"1808746","fromID":"1384067","toID":"1384090","formEdgeID":null},{"edgeID":"1808747","fromID":"1384090","toID":"1384089","formEdgeID":null},{"edgeID":"1808748","fromID":"1384068","toID":"1384091","formEdgeID":null},{"edgeID":"1808749","fromID":"1384091","toID":"1383841","formEdgeID":null},{"edgeID":"1808750","fromID":"1384080","toID":"1384092","formEdgeID":null},{"edgeID":"1808751","fromID":"1384092","toID":"1384091","formEdgeID":null},{"edgeID":"1808752","fromID":"1384073","toID":"1384093","formEdgeID":null},{"edgeID":"1808753","fromID":"1384093","toID":"1384068","formEdgeID":null},{"edgeID":"1808754","fromID":"1384081","toID":"1384094","formEdgeID":null},{"edgeID":"1808755","fromID":"1384094","toID":"1384093","formEdgeID":null},{"edgeID":"1808756","fromID":"1384082","toID":"1384095","formEdgeID":null},{"edgeID":"1808757","fromID":"1384095","toID":"1384073","formEdgeID":null},{"edgeID":"1808758","fromID":"1384083","toID":"1384096","formEdgeID":null},{"edgeID":"1808759","fromID":"1384096","toID":"1384073","formEdgeID":null},{"edgeID":"1808760","fromID":"1384088","toID":"1384097","formEdgeID":null},{"edgeID":"1808761","fromID":"1384097","toID":"1384096","formEdgeID":null},{"edgeID":"1808762","fromID":"1384083","toID":"1384098","formEdgeID":null},{"edgeID":"1808763","fromID":"1384098","toID":"1384057","formEdgeID":null},{"edgeID":"1808764","fromID":"1383945","toID":"1384099","formEdgeID":null},{"edgeID":"1808765","fromID":"1384099","toID":"1384084","formEdgeID":null},{"edgeID":"1808766","fromID":"1384099","toID":"1384100","formEdgeID":null},{"edgeID":"1808767","fromID":"1384100","toID":"1384098","formEdgeID":null}],"locutions":[]}