{"nodes":[{"nodeID":"1382788","text":"social change is great","type":"I","timestamp":"2023-11-09 14:57:33"},{"nodeID":"1382789","text":"AudienceMember 20230330QT33: social change is great","type":"L","timestamp":"2023-11-09 14:57:33"},{"nodeID":"1382790","text":"Analysing","type":"YA","timestamp":"2023-11-09 14:57:33"},{"nodeID":"1382791","text":"Fyfe: AudienceMember 20230330QT33: social change is great","type":"L","timestamp":"2023-11-09 14:57:33"},{"nodeID":"1382792","text":"Asserting","type":"YA","timestamp":"2023-11-09 14:57:33"},{"nodeID":"1382793","text":"censoring books and changing words and banning books as well is very dangerous","type":"I","timestamp":"2023-11-09 14:57:33"},{"nodeID":"1382794","text":"AudienceMember 20230330QT33: censoring books and changing words and banning books as well is very dangerous","type":"L","timestamp":"2023-11-09 14:57:33"},{"nodeID":"1382795","text":"Analysing","type":"YA","timestamp":"2023-11-09 14:57:33"},{"nodeID":"1382796","text":"Fyfe: AudienceMember 20230330QT33: censoring books and changing words and banning books as well is very dangerous","type":"L","timestamp":"2023-11-09 14:57:33"},{"nodeID":"1382797","text":"Asserting","type":"YA","timestamp":"2023-11-09 14:57:33"},{"nodeID":"1382798","text":"Default Transition","type":"TA","timestamp":"2023-11-09 14:57:33"},{"nodeID":"1382799","text":"Default Conflict","type":"CA","timestamp":"2023-11-09 14:57:33"},{"nodeID":"1382800","text":"Disagreeing","type":"YA","timestamp":"2023-11-09 14:57:33"},{"nodeID":"1382801","text":"it\u2019s good to look back on the books and see what was bad about them and criticise them","type":"I","timestamp":"2023-11-09 14:57:34"},{"nodeID":"1382802","text":"AudienceMember 20230330QT33: it\u2019s good to look back on the books and see what was bad about them and criticise them","type":"L","timestamp":"2023-11-09 14:57:34"},{"nodeID":"1382803","text":"Analysing","type":"YA","timestamp":"2023-11-09 14:57:34"},{"nodeID":"1382804","text":"Fyfe: AudienceMember 20230330QT33: it\u2019s good to look back on the books and see what was bad about them and criticise them","type":"L","timestamp":"2023-11-09 14:57:34"},{"nodeID":"1382805","text":"Asserting","type":"YA","timestamp":"2023-11-09 14:57:34"},{"nodeID":"1382806","text":"Default Transition","type":"TA","timestamp":"2023-11-09 14:57:34"},{"nodeID":"1382807","text":"changing books in any way and banning them is very very dangerous","type":"I","timestamp":"2023-11-09 14:57:35"},{"nodeID":"1382808","text":"AudienceMember 20230330QT33: changing them in any way and banning them I think is very very dangerous","type":"L","timestamp":"2023-11-09 14:57:35"},{"nodeID":"1382809","text":"Analysing","type":"YA","timestamp":"2023-11-09 14:57:35"},{"nodeID":"1382810","text":"Fyfe: AudienceMember 20230330QT33: changing them in any way and banning them I think is very very dangerous","type":"L","timestamp":"2023-11-09 14:57:35"},{"nodeID":"1382811","text":"Asserting","type":"YA","timestamp":"2023-11-09 14:57:35"},{"nodeID":"1382812","text":"Default Transition","type":"TA","timestamp":"2023-11-09 14:57:35"},{"nodeID":"1382813","text":"Default Conflict","type":"CA","timestamp":"2023-11-09 14:57:35"},{"nodeID":"1382814","text":"Disagreeing","type":"YA","timestamp":"2023-11-09 14:57:35"},{"nodeID":"1382815","text":"we are concentrating on Roald Dahl","type":"I","timestamp":"2023-11-09 14:57:35"},{"nodeID":"1382816","text":"Fiona Bruce: we\u2019re concentrating on Roald Dahl","type":"L","timestamp":"2023-11-09 14:57:35"},{"nodeID":"1382817","text":"Analysing","type":"YA","timestamp":"2023-11-09 14:57:35"},{"nodeID":"1382818","text":"Fyfe: Fiona Bruce: we\u2019re concentrating on Roald Dahl","type":"L","timestamp":"2023-11-09 14:57:35"},{"nodeID":"1382819","text":"Asserting","type":"YA","timestamp":"2023-11-09 14:57:35"},{"nodeID":"1382820","text":"Default Transition","type":"TA","timestamp":"2023-11-09 14:57:35"},{"nodeID":"1382821","text":"Roald Dahl is not the only writer to have had his works amended","type":"I","timestamp":"2023-11-09 14:57:36"},{"nodeID":"1382822","text":"Fiona Bruce: he\u2019s not the only writer to have had his works amended","type":"L","timestamp":"2023-11-09 14:57:36"},{"nodeID":"1382823","text":"Analysing","type":"YA","timestamp":"2023-11-09 14:57:36"},{"nodeID":"1382824","text":"Fyfe: Fiona Bruce: he\u2019s not the only writer to have had his works amended","type":"L","timestamp":"2023-11-09 14:57:36"},{"nodeID":"1382825","text":"Asserting","type":"YA","timestamp":"2023-11-09 14:57:36"},{"nodeID":"1382826","text":"Default Transition","type":"TA","timestamp":"2023-11-09 14:57:36"},{"nodeID":"1382827","text":"Default Rephrase","type":"MA","timestamp":"2023-11-09 14:57:36"},{"nodeID":"1382828","text":"Restating","type":"YA","timestamp":"2023-11-09 14:57:36"},{"nodeID":"1382829","text":"Roald Dahl works have been amended before","type":"I","timestamp":"2023-11-09 14:57:37"},{"nodeID":"1382830","text":"Fiona Bruce:  his works have been amended before","type":"L","timestamp":"2023-11-09 14:57:37"},{"nodeID":"1382831","text":"Analysing","type":"YA","timestamp":"2023-11-09 14:57:37"},{"nodeID":"1382832","text":"Fyfe: Fiona Bruce:  his works have been amended before","type":"L","timestamp":"2023-11-09 14:57:37"},{"nodeID":"1382833","text":"Asserting","type":"YA","timestamp":"2023-11-09 14:57:37"},{"nodeID":"1382834","text":"Default Transition","type":"TA","timestamp":"2023-11-09 14:57:37"},{"nodeID":"1382835","text":"for example the original 1964 version of Charlie and the Chocolate Factory, the Oompa Loompas, they\u2019re little characters","type":"I","timestamp":"2023-11-09 14:57:37"},{"nodeID":"1382836","text":"Fiona Bruce: the original 1964 version of Charlie and the Chocolate Factory for example, the Oompa Loompas, I don't know if you remember them but they\u2019re little characters","type":"L","timestamp":"2023-11-09 14:57:37"},{"nodeID":"1382837","text":"Analysing","type":"YA","timestamp":"2023-11-09 14:57:37"},{"nodeID":"1382838","text":"Fyfe: Fiona Bruce: the original 1964 version of Charlie and the Chocolate Factory for example, the Oompa Loompas, I don't know if you remember them but they\u2019re little characters","type":"L","timestamp":"2023-11-09 14:57:37"},{"nodeID":"1382839","text":"Asserting","type":"YA","timestamp":"2023-11-09 14:57:37"},{"nodeID":"1382840","text":"The Oompa Loompa's were described as being from a pygmy tribe imported from the deepest and darkest part of the African jungle","type":"I","timestamp":"2023-11-09 14:57:38"},{"nodeID":"1382841","text":"Fiona Bruce: They were described as being from a pygmy tribe imported from the deepest and darkest part of the African jungle","type":"L","timestamp":"2023-11-09 14:57:38"},{"nodeID":"1382842","text":"Analysing","type":"YA","timestamp":"2023-11-09 14:57:38"},{"nodeID":"1382843","text":"Fyfe: Fiona Bruce: They were described as being from a pygmy tribe imported from the deepest and darkest part of the African jungle","type":"L","timestamp":"2023-11-09 14:57:38"},{"nodeID":"1382844","text":"Asserting","type":"YA","timestamp":"2023-11-09 14:57:38"},{"nodeID":"1382845","text":"Default Transition","type":"TA","timestamp":"2023-11-09 14:57:38"},{"nodeID":"1382846","text":"that was how Charlie and the Chocolate Factory was written in 1964","type":"I","timestamp":"2023-11-09 14:57:39"},{"nodeID":"1382847","text":"Fiona Bruce: That was how it was written in 1964","type":"L","timestamp":"2023-11-09 14:57:39"},{"nodeID":"1382848","text":"Analysing","type":"YA","timestamp":"2023-11-09 14:57:39"},{"nodeID":"1382849","text":"Fyfe: Fiona Bruce: That was how it was written in 1964","type":"L","timestamp":"2023-11-09 14:57:39"},{"nodeID":"1382850","text":"Asserting","type":"YA","timestamp":"2023-11-09 14:57:39"},{"nodeID":"1382851","text":"Default Transition","type":"TA","timestamp":"2023-11-09 14:57:39"},{"nodeID":"1382852","text":"Default Rephrase","type":"MA","timestamp":"2023-11-09 14:57:39"},{"nodeID":"1382853","text":"Restating","type":"YA","timestamp":"2023-11-09 14:57:39"},{"nodeID":"1382854","text":"Default Inference","type":"RA","timestamp":"2023-11-09 14:57:39"},{"nodeID":"1382855","text":"Default Inference","type":"RA","timestamp":"2023-11-09 14:57:39"},{"nodeID":"1382856","text":"Default Transition","type":"TA","timestamp":"2023-11-09 14:57:39"},{"nodeID":"1382857","text":"Arguing","type":"YA","timestamp":"2023-11-09 14:57:39"},{"nodeID":"1382858","text":"Arguing","type":"YA","timestamp":"2023-11-09 14:57:39"},{"nodeID":"1382859","text":"in the end Dahl came under a lot of pressure from his publishers, later on he agreed to change it, particularly for when it went on screen","type":"I","timestamp":"2023-11-09 14:57:39"},{"nodeID":"1382860","text":"Fiona Bruce: in the end Dahl came under a lot of pressure from his publishers, later on he agreed to change it, particularly for when it went on screen","type":"L","timestamp":"2023-11-09 14:57:39"},{"nodeID":"1382861","text":"Analysing","type":"YA","timestamp":"2023-11-09 14:57:39"},{"nodeID":"1382862","text":"Fyfe: Fiona Bruce: in the end Dahl came under a lot of pressure from his publishers, later on he agreed to change it, particularly for when it went on screen","type":"L","timestamp":"2023-11-09 14:57:39"},{"nodeID":"1382863","text":"Asserting","type":"YA","timestamp":"2023-11-09 14:57:39"},{"nodeID":"1382864","text":"Default Transition","type":"TA","timestamp":"2023-11-09 14:57:39"},{"nodeID":"1382865","text":"in the end that was dropped and they were just the Oompa Loompas from Loompaland","type":"I","timestamp":"2023-11-09 14:57:40"},{"nodeID":"1382866","text":"Fiona Bruce: in the end that was dropped and they were just the Oompa Loompas from Loompaland","type":"L","timestamp":"2023-11-09 14:57:40"},{"nodeID":"1382867","text":"Analysing","type":"YA","timestamp":"2023-11-09 14:57:40"},{"nodeID":"1382868","text":"Fyfe: Fiona Bruce: in the end that was dropped and they were just the Oompa Loompas from Loompaland","type":"L","timestamp":"2023-11-09 14:57:40"},{"nodeID":"1382869","text":"Asserting","type":"YA","timestamp":"2023-11-09 14:57:40"},{"nodeID":"1382870","text":"Default Transition","type":"TA","timestamp":"2023-11-09 14:57:40"},{"nodeID":"1382871","text":"Default Rephrase","type":"MA","timestamp":"2023-11-09 14:57:40"},{"nodeID":"1382872","text":"Restating","type":"YA","timestamp":"2023-11-09 14:57:40"},{"nodeID":"1382873","text":"would you or would you not be happy for the Oompa Loompa's to have remained as their original characterisation","type":"I","timestamp":"2023-11-09 14:57:41"},{"nodeID":"1382874","text":"Fiona Bruce: would you be happy for it to have remained as is","type":"L","timestamp":"2023-11-09 14:57:41"},{"nodeID":"1382875","text":"Analysing","type":"YA","timestamp":"2023-11-09 14:57:41"},{"nodeID":"1382876","text":"Fyfe: Fiona Bruce: would you be happy for it to have remained as is","type":"L","timestamp":"2023-11-09 14:57:41"},{"nodeID":"1382877","text":"Pure Questioning","type":"YA","timestamp":"2023-11-09 14:57:41"},{"nodeID":"1382878","text":"Default Transition","type":"TA","timestamp":"2023-11-09 14:57:41"}],"edges":[{"edgeID":"1807236","fromID":"1382790","toID":"1382789","formEdgeID":null},{"edgeID":"1807237","fromID":"1382791","toID":"1382790","formEdgeID":null},{"edgeID":"1807238","fromID":"1382789","toID":"1382792","formEdgeID":null},{"edgeID":"1807239","fromID":"1382792","toID":"1382788","formEdgeID":null},{"edgeID":"1807240","fromID":"1382795","toID":"1382794","formEdgeID":null},{"edgeID":"1807241","fromID":"1382796","toID":"1382795","formEdgeID":null},{"edgeID":"1807242","fromID":"1382794","toID":"1382797","formEdgeID":null},{"edgeID":"1807243","fromID":"1382797","toID":"1382793","formEdgeID":null},{"edgeID":"1807244","fromID":"1382789","toID":"1382798","formEdgeID":null},{"edgeID":"1807245","fromID":"1382798","toID":"1382794","formEdgeID":null},{"edgeID":"1807246","fromID":"1382793","toID":"1382799","formEdgeID":null},{"edgeID":"1807247","fromID":"1382799","toID":"1382788","formEdgeID":null},{"edgeID":"1807248","fromID":"1382798","toID":"1382800","formEdgeID":null},{"edgeID":"1807249","fromID":"1382800","toID":"1382799","formEdgeID":null},{"edgeID":"1807250","fromID":"1382803","toID":"1382802","formEdgeID":null},{"edgeID":"1807251","fromID":"1382804","toID":"1382803","formEdgeID":null},{"edgeID":"1807252","fromID":"1382802","toID":"1382805","formEdgeID":null},{"edgeID":"1807253","fromID":"1382805","toID":"1382801","formEdgeID":null},{"edgeID":"1807254","fromID":"1382794","toID":"1382806","formEdgeID":null},{"edgeID":"1807255","fromID":"1382806","toID":"1382802","formEdgeID":null},{"edgeID":"1807256","fromID":"1382809","toID":"1382808","formEdgeID":null},{"edgeID":"1807257","fromID":"1382810","toID":"1382809","formEdgeID":null},{"edgeID":"1807258","fromID":"1382808","toID":"1382811","formEdgeID":null},{"edgeID":"1807259","fromID":"1382811","toID":"1382807","formEdgeID":null},{"edgeID":"1807260","fromID":"1382802","toID":"1382812","formEdgeID":null},{"edgeID":"1807261","fromID":"1382812","toID":"1382808","formEdgeID":null},{"edgeID":"1807262","fromID":"1382807","toID":"1382813","formEdgeID":null},{"edgeID":"1807263","fromID":"1382813","toID":"1382801","formEdgeID":null},{"edgeID":"1807264","fromID":"1382812","toID":"1382814","formEdgeID":null},{"edgeID":"1807265","fromID":"1382814","toID":"1382813","formEdgeID":null},{"edgeID":"1807266","fromID":"1382817","toID":"1382816","formEdgeID":null},{"edgeID":"1807267","fromID":"1382818","toID":"1382817","formEdgeID":null},{"edgeID":"1807268","fromID":"1382816","toID":"1382819","formEdgeID":null},{"edgeID":"1807269","fromID":"1382819","toID":"1382815","formEdgeID":null},{"edgeID":"1807270","fromID":"1382808","toID":"1382820","formEdgeID":null},{"edgeID":"1807271","fromID":"1382820","toID":"1382816","formEdgeID":null},{"edgeID":"1807272","fromID":"1382823","toID":"1382822","formEdgeID":null},{"edgeID":"1807273","fromID":"1382824","toID":"1382823","formEdgeID":null},{"edgeID":"1807274","fromID":"1382822","toID":"1382825","formEdgeID":null},{"edgeID":"1807275","fromID":"1382825","toID":"1382821","formEdgeID":null},{"edgeID":"1807276","fromID":"1382816","toID":"1382826","formEdgeID":null},{"edgeID":"1807277","fromID":"1382826","toID":"1382822","formEdgeID":null},{"edgeID":"1807278","fromID":"1382821","toID":"1382827","formEdgeID":null},{"edgeID":"1807279","fromID":"1382827","toID":"1382815","formEdgeID":null},{"edgeID":"1807280","fromID":"1382826","toID":"1382828","formEdgeID":null},{"edgeID":"1807281","fromID":"1382828","toID":"1382827","formEdgeID":null},{"edgeID":"1807282","fromID":"1382831","toID":"1382830","formEdgeID":null},{"edgeID":"1807283","fromID":"1382832","toID":"1382831","formEdgeID":null},{"edgeID":"1807284","fromID":"1382830","toID":"1382833","formEdgeID":null},{"edgeID":"1807285","fromID":"1382833","toID":"1382829","formEdgeID":null},{"edgeID":"1807286","fromID":"1382822","toID":"1382834","formEdgeID":null},{"edgeID":"1807287","fromID":"1382834","toID":"1382830","formEdgeID":null},{"edgeID":"1807288","fromID":"1382837","toID":"1382836","formEdgeID":null},{"edgeID":"1807289","fromID":"1382838","toID":"1382837","formEdgeID":null},{"edgeID":"1807290","fromID":"1382836","toID":"1382839","formEdgeID":null},{"edgeID":"1807291","fromID":"1382839","toID":"1382835","formEdgeID":null},{"edgeID":"1807292","fromID":"1382842","toID":"1382841","formEdgeID":null},{"edgeID":"1807293","fromID":"1382843","toID":"1382842","formEdgeID":null},{"edgeID":"1807294","fromID":"1382841","toID":"1382844","formEdgeID":null},{"edgeID":"1807295","fromID":"1382844","toID":"1382840","formEdgeID":null},{"edgeID":"1807296","fromID":"1382836","toID":"1382845","formEdgeID":null},{"edgeID":"1807297","fromID":"1382845","toID":"1382841","formEdgeID":null},{"edgeID":"1807298","fromID":"1382848","toID":"1382847","formEdgeID":null},{"edgeID":"1807299","fromID":"1382849","toID":"1382848","formEdgeID":null},{"edgeID":"1807300","fromID":"1382847","toID":"1382850","formEdgeID":null},{"edgeID":"1807301","fromID":"1382850","toID":"1382846","formEdgeID":null},{"edgeID":"1807302","fromID":"1382841","toID":"1382851","formEdgeID":null},{"edgeID":"1807303","fromID":"1382851","toID":"1382847","formEdgeID":null},{"edgeID":"1807304","fromID":"1382846","toID":"1382852","formEdgeID":null},{"edgeID":"1807305","fromID":"1382852","toID":"1382840","formEdgeID":null},{"edgeID":"1807306","fromID":"1382851","toID":"1382853","formEdgeID":null},{"edgeID":"1807307","fromID":"1382853","toID":"1382852","formEdgeID":null},{"edgeID":"1807308","fromID":"1382835","toID":"1382854","formEdgeID":null},{"edgeID":"1807309","fromID":"1382854","toID":"1382840","formEdgeID":null},{"edgeID":"1807310","fromID":"1382840","toID":"1382855","formEdgeID":null},{"edgeID":"1807311","fromID":"1382855","toID":"1382829","formEdgeID":null},{"edgeID":"1807312","fromID":"1382830","toID":"1382856","formEdgeID":null},{"edgeID":"1807313","fromID":"1382856","toID":"1382841","formEdgeID":null},{"edgeID":"1807314","fromID":"1382856","toID":"1382857","formEdgeID":null},{"edgeID":"1807315","fromID":"1382857","toID":"1382855","formEdgeID":null},{"edgeID":"1807316","fromID":"1382845","toID":"1382858","formEdgeID":null},{"edgeID":"1807317","fromID":"1382858","toID":"1382854","formEdgeID":null},{"edgeID":"1807318","fromID":"1382861","toID":"1382860","formEdgeID":null},{"edgeID":"1807319","fromID":"1382862","toID":"1382861","formEdgeID":null},{"edgeID":"1807320","fromID":"1382860","toID":"1382863","formEdgeID":null},{"edgeID":"1807321","fromID":"1382863","toID":"1382859","formEdgeID":null},{"edgeID":"1807322","fromID":"1382847","toID":"1382864","formEdgeID":null},{"edgeID":"1807323","fromID":"1382864","toID":"1382860","formEdgeID":null},{"edgeID":"1807324","fromID":"1382867","toID":"1382866","formEdgeID":null},{"edgeID":"1807325","fromID":"1382868","toID":"1382867","formEdgeID":null},{"edgeID":"1807326","fromID":"1382866","toID":"1382869","formEdgeID":null},{"edgeID":"1807327","fromID":"1382869","toID":"1382865","formEdgeID":null},{"edgeID":"1807328","fromID":"1382860","toID":"1382870","formEdgeID":null},{"edgeID":"1807329","fromID":"1382870","toID":"1382866","formEdgeID":null},{"edgeID":"1807330","fromID":"1382865","toID":"1382871","formEdgeID":null},{"edgeID":"1807331","fromID":"1382871","toID":"1382859","formEdgeID":null},{"edgeID":"1807332","fromID":"1382870","toID":"1382872","formEdgeID":null},{"edgeID":"1807333","fromID":"1382872","toID":"1382871","formEdgeID":null},{"edgeID":"1807334","fromID":"1382875","toID":"1382874","formEdgeID":null},{"edgeID":"1807335","fromID":"1382876","toID":"1382875","formEdgeID":null},{"edgeID":"1807336","fromID":"1382874","toID":"1382877","formEdgeID":null},{"edgeID":"1807337","fromID":"1382877","toID":"1382873","formEdgeID":null},{"edgeID":"1807338","fromID":"1382866","toID":"1382878","formEdgeID":null},{"edgeID":"1807339","fromID":"1382878","toID":"1382874","formEdgeID":null}],"locutions":[]}