{"nodes":[{"nodeID":"1379710","text":"Shamima Begum truly is or is not a threat to UK security","type":"I","timestamp":"2023-11-09 14:53:08"},{"nodeID":"1379711","text":"AudienceMember 20230330QT16: Is Shamima Begum truly a threat to UK security","type":"L","timestamp":"2023-11-09 14:53:08"},{"nodeID":"1379712","text":"Analysing","type":"YA","timestamp":"2023-11-09 14:53:08"},{"nodeID":"1379713","text":"Nette: AudienceMember 20230330QT16: Is Shamima Begum truly a threat to UK security","type":"L","timestamp":"2023-11-09 14:53:08"},{"nodeID":"1379714","text":"Pure Questioning","type":"YA","timestamp":"2023-11-09 14:53:08"},{"nodeID":"1379715","text":"Shamima Begum has just lost her legal challenge","type":"I","timestamp":"2023-11-09 14:53:09"},{"nodeID":"1379716","text":"Fiona Bruce: Shamima Begum has just lost her legal challenge","type":"L","timestamp":"2023-11-09 14:53:09"},{"nodeID":"1379717","text":"Analysing","type":"YA","timestamp":"2023-11-09 14:53:09"},{"nodeID":"1379718","text":"Nette: Fiona Bruce: Shamima Begum has just lost her legal challenge","type":"L","timestamp":"2023-11-09 14:53:09"},{"nodeID":"1379719","text":"Asserting","type":"YA","timestamp":"2023-11-09 14:53:09"},{"nodeID":"1379720","text":"Default Transition","type":"TA","timestamp":"2023-11-09 14:53:09"},{"nodeID":"1379721","text":"Shamima Begum is still in a camp in Northern Syria","type":"I","timestamp":"2023-11-09 14:53:10"},{"nodeID":"1379722","text":"Fiona Bruce: she is still in a camp in Northern Syria","type":"L","timestamp":"2023-11-09 14:53:10"},{"nodeID":"1379723","text":"Analysing","type":"YA","timestamp":"2023-11-09 14:53:10"},{"nodeID":"1379724","text":"Nette: Fiona Bruce: she is still in a camp in Northern Syria","type":"L","timestamp":"2023-11-09 14:53:10"},{"nodeID":"1379725","text":"Asserting","type":"YA","timestamp":"2023-11-09 14:53:10"},{"nodeID":"1379726","text":"Default Transition","type":"TA","timestamp":"2023-11-09 14:53:10"},{"nodeID":"1379727","text":"Shamima Begum is barred from returning to the UK","type":"I","timestamp":"2023-11-09 14:53:10"},{"nodeID":"1379728","text":"Fiona Bruce: is barred from returning to the UK","type":"L","timestamp":"2023-11-09 14:53:10"},{"nodeID":"1379729","text":"Analysing","type":"YA","timestamp":"2023-11-09 14:53:10"},{"nodeID":"1379730","text":"Nette: Fiona Bruce: is barred from returning to the UK","type":"L","timestamp":"2023-11-09 14:53:10"},{"nodeID":"1379731","text":"Asserting","type":"YA","timestamp":"2023-11-09 14:53:10"},{"nodeID":"1379732","text":"Default Transition","type":"TA","timestamp":"2023-11-09 14:53:10"},{"nodeID":"1379733","text":"Default Inference","type":"RA","timestamp":"2023-11-09 14:53:10"},{"nodeID":"1379734","text":"Default Inference","type":"RA","timestamp":"2023-11-09 14:53:10"},{"nodeID":"1379735","text":"Arguing","type":"YA","timestamp":"2023-11-09 14:53:10"},{"nodeID":"1379736","text":"Arguing","type":"YA","timestamp":"2023-11-09 14:53:10"},{"nodeID":"1379737","text":"Shamima Begum truly is not a threat to UK security","type":"I","timestamp":"2023-11-09 14:53:11"},{"nodeID":"1379738","text":"Fiona Bruce: Is she truly a threat to UK security","type":"L","timestamp":"2023-11-09 14:53:11"},{"nodeID":"1379739","text":"Analysing","type":"YA","timestamp":"2023-11-09 14:53:11"},{"nodeID":"1379740","text":"Nette: Fiona Bruce: Is she truly a threat to UK security","type":"L","timestamp":"2023-11-09 14:53:11"},{"nodeID":"1379741","text":"Assertive Questioning","type":"YA","timestamp":"2023-11-09 14:53:11"},{"nodeID":"1379742","text":"Default Transition","type":"TA","timestamp":"2023-11-09 14:53:11"},{"nodeID":"1379743","text":"Default Rephrase","type":"MA","timestamp":"2023-11-09 14:53:11"},{"nodeID":"1379744","text":"Default Illocuting","type":"YA","timestamp":"2023-11-09 14:53:11"},{"nodeID":"1379745","text":"the view of the courts is that Shamima Begum is a threat to UK security","type":"I","timestamp":"2023-11-09 14:53:12"},{"nodeID":"1379746","text":"David Davies: That\u2019s the view of the courts","type":"L","timestamp":"2023-11-09 14:53:12"},{"nodeID":"1379747","text":"Analysing","type":"YA","timestamp":"2023-11-09 14:53:12"},{"nodeID":"1379748","text":"Nette: David Davies: That\u2019s the view of the courts","type":"L","timestamp":"2023-11-09 14:53:12"},{"nodeID":"1379749","text":"Asserting","type":"YA","timestamp":"2023-11-09 14:53:12"},{"nodeID":"1379750","text":"Default Rephrase","type":"MA","timestamp":"2023-11-09 14:53:12"},{"nodeID":"1379751","text":"Default Transition","type":"TA","timestamp":"2023-11-09 14:53:12"},{"nodeID":"1379752","text":"Default Illocuting","type":"YA","timestamp":"2023-11-09 14:53:12"},{"nodeID":"1379753","text":"the security services certainly think that Shamima Begum is a threat to UK security","type":"I","timestamp":"2023-11-09 14:53:12"},{"nodeID":"1379754","text":"David Davies: the security services certainly think so","type":"L","timestamp":"2023-11-09 14:53:12"},{"nodeID":"1379755","text":"Analysing","type":"YA","timestamp":"2023-11-09 14:53:12"},{"nodeID":"1379756","text":"Nette: David Davies: the security services certainly think so","type":"L","timestamp":"2023-11-09 14:53:12"},{"nodeID":"1379757","text":"Asserting","type":"YA","timestamp":"2023-11-09 14:53:12"},{"nodeID":"1379758","text":"Default Transition","type":"TA","timestamp":"2023-11-09 14:53:12"},{"nodeID":"1379759","text":"Default Rephrase","type":"MA","timestamp":"2023-11-09 14:53:12"},{"nodeID":"1379760","text":"Restating","type":"YA","timestamp":"2023-11-09 14:53:12"},{"nodeID":"1379761","text":"David Davies is more than happy to side with the security services on the issue of whether Shamima Begum is a threat to UK security or not","type":"I","timestamp":"2023-11-09 14:53:13"},{"nodeID":"1379762","text":"David Davies: I\u2019m more than happy to side with the security services on that issue","type":"L","timestamp":"2023-11-09 14:53:13"},{"nodeID":"1379763","text":"Analysing","type":"YA","timestamp":"2023-11-09 14:53:13"},{"nodeID":"1379764","text":"Nette: David Davies: I\u2019m more than happy to side with the security services on that issue","type":"L","timestamp":"2023-11-09 14:53:13"},{"nodeID":"1379765","text":"Asserting","type":"YA","timestamp":"2023-11-09 14:53:13"},{"nodeID":"1379766","text":"Default Transition","type":"TA","timestamp":"2023-11-09 14:53:13"},{"nodeID":"1379767","text":"David Davies does not side with some left-wing campaigning lawyers on the issue of whether Shamima Begum is a threat to UK security or not","type":"I","timestamp":"2023-11-09 14:53:13"},{"nodeID":"1379768","text":"David Davies: not with, frankly, some left-wing campaigning lawyers","type":"L","timestamp":"2023-11-09 14:53:13"},{"nodeID":"1379769","text":"Analysing","type":"YA","timestamp":"2023-11-09 14:53:13"},{"nodeID":"1379770","text":"Nette: David Davies: not with, frankly, some left-wing campaigning lawyers","type":"L","timestamp":"2023-11-09 14:53:13"},{"nodeID":"1379771","text":"Asserting","type":"YA","timestamp":"2023-11-09 14:53:13"},{"nodeID":"1379772","text":"Default Transition","type":"TA","timestamp":"2023-11-09 14:53:13"},{"nodeID":"1379773","text":"Default Conflict","type":"CA","timestamp":"2023-11-09 14:53:13"},{"nodeID":"1379774","text":"Disagreeing","type":"YA","timestamp":"2023-11-09 14:53:13"},{"nodeID":"1379775","text":"Default Inference","type":"RA","timestamp":"2023-11-09 14:53:13"},{"nodeID":"1379776","text":"Default Transition","type":"TA","timestamp":"2023-11-09 14:53:13"},{"nodeID":"1379777","text":"Arguing","type":"YA","timestamp":"2023-11-09 14:53:13"},{"nodeID":"1379778","text":"Default Inference","type":"RA","timestamp":"2023-11-09 14:53:13"},{"nodeID":"1379779","text":"Arguing","type":"YA","timestamp":"2023-11-09 14:53:13"}],"edges":[{"edgeID":"1803619","fromID":"1379712","toID":"1379711","formEdgeID":null},{"edgeID":"1803620","fromID":"1379713","toID":"1379712","formEdgeID":null},{"edgeID":"1803621","fromID":"1379711","toID":"1379714","formEdgeID":null},{"edgeID":"1803622","fromID":"1379714","toID":"1379710","formEdgeID":null},{"edgeID":"1803623","fromID":"1379717","toID":"1379716","formEdgeID":null},{"edgeID":"1803624","fromID":"1379718","toID":"1379717","formEdgeID":null},{"edgeID":"1803625","fromID":"1379716","toID":"1379719","formEdgeID":null},{"edgeID":"1803626","fromID":"1379719","toID":"1379715","formEdgeID":null},{"edgeID":"1803627","fromID":"1379711","toID":"1379720","formEdgeID":null},{"edgeID":"1803628","fromID":"1379720","toID":"1379716","formEdgeID":null},{"edgeID":"1803629","fromID":"1379723","toID":"1379722","formEdgeID":null},{"edgeID":"1803630","fromID":"1379724","toID":"1379723","formEdgeID":null},{"edgeID":"1803631","fromID":"1379722","toID":"1379725","formEdgeID":null},{"edgeID":"1803632","fromID":"1379725","toID":"1379721","formEdgeID":null},{"edgeID":"1803633","fromID":"1379716","toID":"1379726","formEdgeID":null},{"edgeID":"1803634","fromID":"1379726","toID":"1379722","formEdgeID":null},{"edgeID":"1803635","fromID":"1379729","toID":"1379728","formEdgeID":null},{"edgeID":"1803636","fromID":"1379730","toID":"1379729","formEdgeID":null},{"edgeID":"1803637","fromID":"1379728","toID":"1379731","formEdgeID":null},{"edgeID":"1803638","fromID":"1379731","toID":"1379727","formEdgeID":null},{"edgeID":"1803639","fromID":"1379716","toID":"1379732","formEdgeID":null},{"edgeID":"1803640","fromID":"1379732","toID":"1379728","formEdgeID":null},{"edgeID":"1803641","fromID":"1379715","toID":"1379733","formEdgeID":null},{"edgeID":"1803642","fromID":"1379733","toID":"1379721","formEdgeID":null},{"edgeID":"1803643","fromID":"1379715","toID":"1379734","formEdgeID":null},{"edgeID":"1803644","fromID":"1379734","toID":"1379727","formEdgeID":null},{"edgeID":"1803645","fromID":"1379726","toID":"1379735","formEdgeID":null},{"edgeID":"1803646","fromID":"1379735","toID":"1379733","formEdgeID":null},{"edgeID":"1803647","fromID":"1379732","toID":"1379736","formEdgeID":null},{"edgeID":"1803648","fromID":"1379736","toID":"1379734","formEdgeID":null},{"edgeID":"1803649","fromID":"1379739","toID":"1379738","formEdgeID":null},{"edgeID":"1803650","fromID":"1379740","toID":"1379739","formEdgeID":null},{"edgeID":"1803651","fromID":"1379738","toID":"1379741","formEdgeID":null},{"edgeID":"1803652","fromID":"1379741","toID":"1379737","formEdgeID":null},{"edgeID":"1803653","fromID":"1379711","toID":"1379742","formEdgeID":null},{"edgeID":"1803654","fromID":"1379742","toID":"1379738","formEdgeID":null},{"edgeID":"1803655","fromID":"1379737","toID":"1379743","formEdgeID":null},{"edgeID":"1803656","fromID":"1379743","toID":"1379710","formEdgeID":null},{"edgeID":"1803657","fromID":"1379742","toID":"1379744","formEdgeID":null},{"edgeID":"1803658","fromID":"1379744","toID":"1379743","formEdgeID":null},{"edgeID":"1803659","fromID":"1379747","toID":"1379746","formEdgeID":null},{"edgeID":"1803660","fromID":"1379748","toID":"1379747","formEdgeID":null},{"edgeID":"1803661","fromID":"1379746","toID":"1379749","formEdgeID":null},{"edgeID":"1803662","fromID":"1379749","toID":"1379745","formEdgeID":null},{"edgeID":"1803663","fromID":"1379745","toID":"1379750","formEdgeID":null},{"edgeID":"1803664","fromID":"1379750","toID":"1379710","formEdgeID":null},{"edgeID":"1803665","fromID":"1379711","toID":"1379751","formEdgeID":null},{"edgeID":"1803666","fromID":"1379751","toID":"1379746","formEdgeID":null},{"edgeID":"1803667","fromID":"1379751","toID":"1379752","formEdgeID":null},{"edgeID":"1803668","fromID":"1379752","toID":"1379750","formEdgeID":null},{"edgeID":"1803669","fromID":"1379755","toID":"1379754","formEdgeID":null},{"edgeID":"1803670","fromID":"1379756","toID":"1379755","formEdgeID":null},{"edgeID":"1803671","fromID":"1379754","toID":"1379757","formEdgeID":null},{"edgeID":"1803672","fromID":"1379757","toID":"1379753","formEdgeID":null},{"edgeID":"1803673","fromID":"1379746","toID":"1379758","formEdgeID":null},{"edgeID":"1803674","fromID":"1379758","toID":"1379754","formEdgeID":null},{"edgeID":"1803675","fromID":"1379753","toID":"1379759","formEdgeID":null},{"edgeID":"1803676","fromID":"1379759","toID":"1379745","formEdgeID":null},{"edgeID":"1803677","fromID":"1379758","toID":"1379760","formEdgeID":null},{"edgeID":"1803678","fromID":"1379760","toID":"1379759","formEdgeID":null},{"edgeID":"1803679","fromID":"1379763","toID":"1379762","formEdgeID":null},{"edgeID":"1803680","fromID":"1379764","toID":"1379763","formEdgeID":null},{"edgeID":"1803681","fromID":"1379762","toID":"1379765","formEdgeID":null},{"edgeID":"1803682","fromID":"1379765","toID":"1379761","formEdgeID":null},{"edgeID":"1803683","fromID":"1379754","toID":"1379766","formEdgeID":null},{"edgeID":"1803684","fromID":"1379766","toID":"1379762","formEdgeID":null},{"edgeID":"1803685","fromID":"1379769","toID":"1379768","formEdgeID":null},{"edgeID":"1803686","fromID":"1379770","toID":"1379769","formEdgeID":null},{"edgeID":"1803687","fromID":"1379768","toID":"1379771","formEdgeID":null},{"edgeID":"1803688","fromID":"1379771","toID":"1379767","formEdgeID":null},{"edgeID":"1803689","fromID":"1379762","toID":"1379772","formEdgeID":null},{"edgeID":"1803690","fromID":"1379772","toID":"1379768","formEdgeID":null},{"edgeID":"1803691","fromID":"1379767","toID":"1379773","formEdgeID":null},{"edgeID":"1803692","fromID":"1379773","toID":"1379761","formEdgeID":null},{"edgeID":"1803693","fromID":"1379772","toID":"1379774","formEdgeID":null},{"edgeID":"1803694","fromID":"1379774","toID":"1379773","formEdgeID":null},{"edgeID":"1803695","fromID":"1379715","toID":"1379775","formEdgeID":null},{"edgeID":"1803696","fromID":"1379775","toID":"1379745","formEdgeID":null},{"edgeID":"1803697","fromID":"1379716","toID":"1379776","formEdgeID":null},{"edgeID":"1803698","fromID":"1379776","toID":"1379746","formEdgeID":null},{"edgeID":"1803699","fromID":"1379776","toID":"1379777","formEdgeID":null},{"edgeID":"1803700","fromID":"1379777","toID":"1379775","formEdgeID":null},{"edgeID":"1803701","fromID":"1379753","toID":"1379778","formEdgeID":null},{"edgeID":"1803702","fromID":"1379778","toID":"1379761","formEdgeID":null},{"edgeID":"1803703","fromID":"1379766","toID":"1379779","formEdgeID":null},{"edgeID":"1803704","fromID":"1379779","toID":"1379778","formEdgeID":null}],"locutions":[]}