{"nodes":[{"nodeID":"1384934","text":"the Welsh government transport strategy is a total disaster","type":"I","timestamp":"2023-11-09 15:00:37"},{"nodeID":"1384935","text":"AudienceMember 20230330QT45: the Welsh government transport strategy is a total disaster","type":"L","timestamp":"2023-11-09 15:00:37"},{"nodeID":"1384936","text":"Analysing","type":"YA","timestamp":"2023-11-09 15:00:37"},{"nodeID":"1384937","text":"Dominika: AudienceMember 20230330QT45: the Welsh government transport strategy is a total disaster","type":"L","timestamp":"2023-11-09 15:00:37"},{"nodeID":"1384938","text":"Asserting","type":"YA","timestamp":"2023-11-09 15:00:37"},{"nodeID":"1384939","text":"it was mentioned the amount of money that\u2019s spent on Cardiff airport","type":"I","timestamp":"2023-11-09 15:00:38"},{"nodeID":"1384940","text":"AudienceMember 20230330QT45: it was mentioned the amount of money that\u2019s spent on Cardiff airport","type":"L","timestamp":"2023-11-09 15:00:38"},{"nodeID":"1384941","text":"Analysing","type":"YA","timestamp":"2023-11-09 15:00:38"},{"nodeID":"1384942","text":"Dominika: AudienceMember 20230330QT45: it was mentioned the amount of money that\u2019s spent on Cardiff airport","type":"L","timestamp":"2023-11-09 15:00:38"},{"nodeID":"1384943","text":"Asserting","type":"YA","timestamp":"2023-11-09 15:00:38"},{"nodeID":"1384944","text":"Default Transition","type":"TA","timestamp":"2023-11-09 15:00:38"},{"nodeID":"1384945","text":"there is a handful of flights a day","type":"I","timestamp":"2023-11-09 15:00:39"},{"nodeID":"1384946","text":"AudienceMember 20230330QT45: somebody said there is flights \u2013 there is a handful of flights a day","type":"L","timestamp":"2023-11-09 15:00:39"},{"nodeID":"1384947","text":"Analysing","type":"YA","timestamp":"2023-11-09 15:00:39"},{"nodeID":"1384948","text":"Dominika: AudienceMember 20230330QT45: somebody said there is flights \u2013 there is a handful of flights a day","type":"L","timestamp":"2023-11-09 15:00:39"},{"nodeID":"1384949","text":"Default Transition","type":"TA","timestamp":"2023-11-09 15:00:39"},{"nodeID":"1384950","text":"Default Inference","type":"RA","timestamp":"2023-11-09 15:00:39"},{"nodeID":"1384951","text":"Arguing","type":"YA","timestamp":"2023-11-09 15:00:39"},{"nodeID":"1384952","text":"the major roads which are being cancelled, this is going to harm the economy and tourism","type":"I","timestamp":"2023-11-09 15:00:39"},{"nodeID":"1384953","text":"AudienceMember 20230330QT45: The major roads which are being cancelled, this is going to harm the economy and tourism","type":"L","timestamp":"2023-11-09 15:00:39"},{"nodeID":"1384954","text":"Analysing","type":"YA","timestamp":"2023-11-09 15:00:39"},{"nodeID":"1384955","text":"Dominika: AudienceMember 20230330QT45: The major roads which are being cancelled, this is going to harm the economy and tourism","type":"L","timestamp":"2023-11-09 15:00:39"},{"nodeID":"1384956","text":"Asserting","type":"YA","timestamp":"2023-11-09 15:00:39"},{"nodeID":"1384957","text":"we can't go around Wales","type":"I","timestamp":"2023-11-09 15:00:40"},{"nodeID":"1384958","text":"AudienceMember 20230330QT45: We can't go around Wales","type":"L","timestamp":"2023-11-09 15:00:40"},{"nodeID":"1384959","text":"Analysing","type":"YA","timestamp":"2023-11-09 15:00:40"},{"nodeID":"1384960","text":"Dominika: AudienceMember 20230330QT45: We can't go around Wales","type":"L","timestamp":"2023-11-09 15:00:40"},{"nodeID":"1384961","text":"Asserting","type":"YA","timestamp":"2023-11-09 15:00:40"},{"nodeID":"1384962","text":"all the wrong decisions are being made","type":"I","timestamp":"2023-11-09 15:00:41"},{"nodeID":"1384963","text":"AudienceMember 20230330QT45: all the wrong decisions are being made","type":"L","timestamp":"2023-11-09 15:00:41"},{"nodeID":"1384964","text":"Analysing","type":"YA","timestamp":"2023-11-09 15:00:41"},{"nodeID":"1384965","text":"Dominika: AudienceMember 20230330QT45: all the wrong decisions are being made","type":"L","timestamp":"2023-11-09 15:00:41"},{"nodeID":"1384966","text":"Asserting","type":"YA","timestamp":"2023-11-09 15:00:41"},{"nodeID":"1384967","text":"Default Transition","type":"TA","timestamp":"2023-11-09 15:00:41"},{"nodeID":"1384968","text":"Default Rephrase","type":"MA","timestamp":"2023-11-09 15:00:41"},{"nodeID":"1384969","text":"Default Transition","type":"TA","timestamp":"2023-11-09 15:00:41"},{"nodeID":"1384970","text":"Restating","type":"YA","timestamp":"2023-11-09 15:00:41"},{"nodeID":"1384971","text":"\u00a350 million of the levelling up fund is being spent on the link between Cardiff and Cardiff bay whereby already that link exists","type":"I","timestamp":"2023-11-09 15:00:41"},{"nodeID":"1384972","text":"AudienceMember 20230330QT45: \u00a350 million of the levelling up fund is being spent on the link between Cardiff and Cardiff bay whereby already that link exists","type":"L","timestamp":"2023-11-09 15:00:41"},{"nodeID":"1384973","text":"Analysing","type":"YA","timestamp":"2023-11-09 15:00:41"},{"nodeID":"1384974","text":"Dominika: AudienceMember 20230330QT45: \u00a350 million of the levelling up fund is being spent on the link between Cardiff and Cardiff bay whereby already that link exists","type":"L","timestamp":"2023-11-09 15:00:41"},{"nodeID":"1384975","text":"Asserting","type":"YA","timestamp":"2023-11-09 15:00:41"},{"nodeID":"1384976","text":"funding the link between Cardiff and Cardiff bay is a waste of money","type":"I","timestamp":"2023-11-09 15:00:42"},{"nodeID":"1384977","text":"AudienceMember 20230330QT45: that\u2019s a waste of money","type":"L","timestamp":"2023-11-09 15:00:42"},{"nodeID":"1384978","text":"Analysing","type":"YA","timestamp":"2023-11-09 15:00:42"},{"nodeID":"1384979","text":"Dominika: AudienceMember 20230330QT45: that\u2019s a waste of money","type":"L","timestamp":"2023-11-09 15:00:42"},{"nodeID":"1384980","text":"Asserting","type":"YA","timestamp":"2023-11-09 15:00:42"},{"nodeID":"1384981","text":"Default Inference","type":"RA","timestamp":"2023-11-09 15:00:42"},{"nodeID":"1384982","text":"Default Transition","type":"TA","timestamp":"2023-11-09 15:00:42"},{"nodeID":"1384983","text":"Default Transition","type":"TA","timestamp":"2023-11-09 15:00:42"},{"nodeID":"1384984","text":"Arguing","type":"YA","timestamp":"2023-11-09 15:00:42"},{"nodeID":"1384985","text":"AudienceMember 20230330QT45 is or is not swayed at all by the argument that if you build more roads you get more cars, as night follows day you get more pollution, we've got to think about the climate","type":"I","timestamp":"2023-11-09 15:00:43"},{"nodeID":"1384986","text":"Fiona Bruce: are you swayed at all by the argument that if you build more roads you get more cars, as night follows day you get more pollution, we've got to think about the climate","type":"L","timestamp":"2023-11-09 15:00:43"},{"nodeID":"1384987","text":"Analysing","type":"YA","timestamp":"2023-11-09 15:00:43"},{"nodeID":"1384988","text":"Dominika: Fiona Bruce: are you swayed at all by the argument that if you build more roads you get more cars, as night follows day you get more pollution, we've got to think about the climate","type":"L","timestamp":"2023-11-09 15:00:43"},{"nodeID":"1384989","text":"Pure Questioning","type":"YA","timestamp":"2023-11-09 15:00:43"},{"nodeID":"1384990","text":"Default Transition","type":"TA","timestamp":"2023-11-09 15:00:43"},{"nodeID":"1384991","text":"we should have at least a decent transport system","type":"I","timestamp":"2023-11-09 15:00:43"},{"nodeID":"1384992","text":"AudienceMember 20230330QT46: If we had at least a decent transport system","type":"L","timestamp":"2023-11-09 15:00:43"},{"nodeID":"1384993","text":"Analysing","type":"YA","timestamp":"2023-11-09 15:00:43"},{"nodeID":"1384994","text":"Dominika: AudienceMember 20230330QT46: If we had at least a decent transport system","type":"L","timestamp":"2023-11-09 15:00:43"},{"nodeID":"1384995","text":"Asserting","type":"YA","timestamp":"2023-11-09 15:00:43"},{"nodeID":"1384996","text":"the environment is really, really important","type":"I","timestamp":"2023-11-09 15:00:44"},{"nodeID":"1384997","text":"AudienceMember 20230330QT46: the environment is really, really important","type":"L","timestamp":"2023-11-09 15:00:44"},{"nodeID":"1384998","text":"Analysing","type":"YA","timestamp":"2023-11-09 15:00:44"},{"nodeID":"1384999","text":"Dominika: AudienceMember 20230330QT46: the environment is really, really important","type":"L","timestamp":"2023-11-09 15:00:44"},{"nodeID":"1385000","text":"Asserting","type":"YA","timestamp":"2023-11-09 15:00:44"},{"nodeID":"1385001","text":"Default Transition","type":"TA","timestamp":"2023-11-09 15:00:44"},{"nodeID":"1385002","text":"we don\u2019t have a decent transport system","type":"I","timestamp":"2023-11-09 15:00:45"},{"nodeID":"1385003","text":"AudienceMember 20230330QT46: we don\u2019t","type":"L","timestamp":"2023-11-09 15:00:45"},{"nodeID":"1385004","text":"Analysing","type":"YA","timestamp":"2023-11-09 15:00:45"},{"nodeID":"1385005","text":"Dominika: AudienceMember 20230330QT46: we don\u2019t","type":"L","timestamp":"2023-11-09 15:00:45"},{"nodeID":"1385006","text":"Asserting","type":"YA","timestamp":"2023-11-09 15:00:45"},{"nodeID":"1385007","text":"Default Transition","type":"TA","timestamp":"2023-11-09 15:00:45"},{"nodeID":"1385008","text":"Rakie Ayola thoughts, as a local to Wales, on the decision to scrap all major road projects damaging the Welsh economy are xxx","type":"I","timestamp":"2023-11-09 15:00:45"},{"nodeID":"1385009","text":"Fiona Bruce: Rakie, local girl, what do you think","type":"L","timestamp":"2023-11-09 15:00:45"},{"nodeID":"1385010","text":"Analysing","type":"YA","timestamp":"2023-11-09 15:00:45"},{"nodeID":"1385011","text":"Dominika: Fiona Bruce: Rakie, local girl, what do you think","type":"L","timestamp":"2023-11-09 15:00:45"},{"nodeID":"1385012","text":"Pure Questioning","type":"YA","timestamp":"2023-11-09 15:00:45"},{"nodeID":"1385013","text":"Default Transition","type":"TA","timestamp":"2023-11-09 15:00:45"},{"nodeID":"1385014","text":"Rakie Ayola is local and she thinks that her first job was in Mold and she remembers being in the passenger seat of a car and that journey oh goodness her","type":"I","timestamp":"2023-11-09 15:00:46"},{"nodeID":"1385015","text":"Rakie Ayola: I am local and I think that my first job was in Mold and I remember being in the passenger seat of a car and that journey oh goodness me","type":"L","timestamp":"2023-11-09 15:00:46"},{"nodeID":"1385016","text":"Analysing","type":"YA","timestamp":"2023-11-09 15:00:46"},{"nodeID":"1385017","text":"Dominika: Rakie Ayola: I am local and I think that my first job was in Mold and I remember being in the passenger seat of a car and that journey oh goodness me","type":"L","timestamp":"2023-11-09 15:00:46"},{"nodeID":"1385018","text":"Asserting","type":"YA","timestamp":"2023-11-09 15:00:46"},{"nodeID":"1385019","text":"Default Transition","type":"TA","timestamp":"2023-11-09 15:00:46"},{"nodeID":"1385020","text":"Default Rephrase","type":"MA","timestamp":"2023-11-09 15:00:46"},{"nodeID":"1385021","text":"Default Illocuting","type":"YA","timestamp":"2023-11-09 15:00:46"},{"nodeID":"1385022","text":"Unknown Speaker: there is a handful of flights a day","type":"L","timestamp":"2023-11-09 15:00:46"},{"nodeID":"1385023","text":"Analysing","type":"YA","timestamp":"2023-11-09 15:00:46"},{"nodeID":"1385024","text":"Dominika: Unknown Speaker: somebody said there is flights \u2013 there is a handful of flights a day","type":"L","timestamp":"2023-11-09 15:00:46"},{"nodeID":"1385025","text":"Asserting","type":"YA","timestamp":"2023-11-09 15:00:46"},{"nodeID":"1385026","text":"Asserting","type":"YA","timestamp":"2023-11-09 15:00:46"},{"nodeID":"1385027","text":"Default Inference","type":"RA","timestamp":"2023-11-09 15:00:46"},{"nodeID":"1385028","text":"Arguing","type":"YA","timestamp":"2023-11-09 15:00:46"},{"nodeID":"1385029","text":"Default Inference","type":"RA","timestamp":"2023-11-09 15:00:46"},{"nodeID":"1385030","text":"Default Transition","type":"TA","timestamp":"2023-11-09 15:00:46"},{"nodeID":"1385031","text":"Arguing","type":"YA","timestamp":"2023-11-09 15:00:46"},{"nodeID":"1385032","text":"AudienceMember 20230330QT46 is absolutely swayed by the argument that if you build more roads you get more cars, as night follows day you get more pollution, we've got to think about the climate","type":"I","timestamp":"2023-11-09 15:00:46"},{"nodeID":"1385033","text":"AudienceMember 20230330QT46: Absolutely","type":"L","timestamp":"2023-11-09 15:00:46"},{"nodeID":"1385034","text":"Analysing","type":"YA","timestamp":"2023-11-09 15:00:46"},{"nodeID":"1385035","text":"Dominika: AudienceMember 20230330QT46: Absolutely","type":"L","timestamp":"2023-11-09 15:00:46"},{"nodeID":"1385036","text":"Asserting","type":"YA","timestamp":"2023-11-09 15:00:46"},{"nodeID":"1385037","text":"Default Transition","type":"TA","timestamp":"2023-11-09 15:00:46"},{"nodeID":"1385038","text":"Default Rephrase","type":"MA","timestamp":"2023-11-09 15:00:46"},{"nodeID":"1385039","text":"Default Illocuting","type":"YA","timestamp":"2023-11-09 15:00:46"},{"nodeID":"1385040","text":"Default Transition","type":"TA","timestamp":"2023-11-09 15:00:46"},{"nodeID":"1385041","text":"Default Inference","type":"RA","timestamp":"2023-11-09 15:00:46"},{"nodeID":"1385042","text":"Arguing","type":"YA","timestamp":"2023-11-09 15:00:46"}],"edges":[{"edgeID":"1809736","fromID":"1384936","toID":"1384935","formEdgeID":null},{"edgeID":"1809737","fromID":"1384937","toID":"1384936","formEdgeID":null},{"edgeID":"1809738","fromID":"1384935","toID":"1384938","formEdgeID":null},{"edgeID":"1809739","fromID":"1384938","toID":"1384934","formEdgeID":null},{"edgeID":"1809740","fromID":"1384941","toID":"1384940","formEdgeID":null},{"edgeID":"1809741","fromID":"1384942","toID":"1384941","formEdgeID":null},{"edgeID":"1809742","fromID":"1384940","toID":"1384943","formEdgeID":null},{"edgeID":"1809743","fromID":"1384943","toID":"1384939","formEdgeID":null},{"edgeID":"1809744","fromID":"1384935","toID":"1384944","formEdgeID":null},{"edgeID":"1809745","fromID":"1384944","toID":"1384940","formEdgeID":null},{"edgeID":"1809746","fromID":"1384947","toID":"1384946","formEdgeID":null},{"edgeID":"1809747","fromID":"1384948","toID":"1384947","formEdgeID":null},{"edgeID":"1809748","fromID":"1384935","toID":"1384949","formEdgeID":null},{"edgeID":"1809749","fromID":"1384949","toID":"1384946","formEdgeID":null},{"edgeID":"1809750","fromID":"1384945","toID":"1384950","formEdgeID":null},{"edgeID":"1809751","fromID":"1384950","toID":"1384934","formEdgeID":null},{"edgeID":"1809752","fromID":"1384939","toID":"1384950","formEdgeID":null},{"edgeID":"1809753","fromID":"1384949","toID":"1384951","formEdgeID":null},{"edgeID":"1809754","fromID":"1384951","toID":"1384950","formEdgeID":null},{"edgeID":"1809755","fromID":"1384954","toID":"1384953","formEdgeID":null},{"edgeID":"1809756","fromID":"1384955","toID":"1384954","formEdgeID":null},{"edgeID":"1809757","fromID":"1384953","toID":"1384956","formEdgeID":null},{"edgeID":"1809758","fromID":"1384956","toID":"1384952","formEdgeID":null},{"edgeID":"1809759","fromID":"1384959","toID":"1384958","formEdgeID":null},{"edgeID":"1809760","fromID":"1384960","toID":"1384959","formEdgeID":null},{"edgeID":"1809761","fromID":"1384958","toID":"1384961","formEdgeID":null},{"edgeID":"1809762","fromID":"1384961","toID":"1384957","formEdgeID":null},{"edgeID":"1809763","fromID":"1384964","toID":"1384963","formEdgeID":null},{"edgeID":"1809764","fromID":"1384965","toID":"1384964","formEdgeID":null},{"edgeID":"1809765","fromID":"1384963","toID":"1384966","formEdgeID":null},{"edgeID":"1809766","fromID":"1384966","toID":"1384962","formEdgeID":null},{"edgeID":"1809767","fromID":"1384935","toID":"1384967","formEdgeID":null},{"edgeID":"1809768","fromID":"1384967","toID":"1384953","formEdgeID":null},{"edgeID":"1809769","fromID":"1384962","toID":"1384968","formEdgeID":null},{"edgeID":"1809770","fromID":"1384968","toID":"1384934","formEdgeID":null},{"edgeID":"1809771","fromID":"1384935","toID":"1384969","formEdgeID":null},{"edgeID":"1809772","fromID":"1384969","toID":"1384963","formEdgeID":null},{"edgeID":"1809773","fromID":"1384969","toID":"1384970","formEdgeID":null},{"edgeID":"1809774","fromID":"1384970","toID":"1384968","formEdgeID":null},{"edgeID":"1809775","fromID":"1384973","toID":"1384972","formEdgeID":null},{"edgeID":"1809776","fromID":"1384974","toID":"1384973","formEdgeID":null},{"edgeID":"1809777","fromID":"1384972","toID":"1384975","formEdgeID":null},{"edgeID":"1809778","fromID":"1384975","toID":"1384971","formEdgeID":null},{"edgeID":"1809779","fromID":"1384978","toID":"1384977","formEdgeID":null},{"edgeID":"1809780","fromID":"1384979","toID":"1384978","formEdgeID":null},{"edgeID":"1809781","fromID":"1384977","toID":"1384980","formEdgeID":null},{"edgeID":"1809782","fromID":"1384980","toID":"1384976","formEdgeID":null},{"edgeID":"1809783","fromID":"1384976","toID":"1384981","formEdgeID":null},{"edgeID":"1809784","fromID":"1384981","toID":"1384962","formEdgeID":null},{"edgeID":"1809785","fromID":"1384971","toID":"1384981","formEdgeID":null},{"edgeID":"1809786","fromID":"1384963","toID":"1384982","formEdgeID":null},{"edgeID":"1809787","fromID":"1384982","toID":"1384972","formEdgeID":null},{"edgeID":"1809788","fromID":"1384963","toID":"1384983","formEdgeID":null},{"edgeID":"1809789","fromID":"1384983","toID":"1384977","formEdgeID":null},{"edgeID":"1809790","fromID":"1384983","toID":"1384984","formEdgeID":null},{"edgeID":"1809791","fromID":"1384984","toID":"1384981","formEdgeID":null},{"edgeID":"1809792","fromID":"1384987","toID":"1384986","formEdgeID":null},{"edgeID":"1809793","fromID":"1384988","toID":"1384987","formEdgeID":null},{"edgeID":"1809794","fromID":"1384986","toID":"1384989","formEdgeID":null},{"edgeID":"1809795","fromID":"1384989","toID":"1384985","formEdgeID":null},{"edgeID":"1809796","fromID":"1384977","toID":"1384990","formEdgeID":null},{"edgeID":"1809797","fromID":"1384990","toID":"1384986","formEdgeID":null},{"edgeID":"1809798","fromID":"1384993","toID":"1384992","formEdgeID":null},{"edgeID":"1809799","fromID":"1384994","toID":"1384993","formEdgeID":null},{"edgeID":"1809800","fromID":"1384992","toID":"1384995","formEdgeID":null},{"edgeID":"1809801","fromID":"1384995","toID":"1384991","formEdgeID":null},{"edgeID":"1809802","fromID":"1384998","toID":"1384997","formEdgeID":null},{"edgeID":"1809803","fromID":"1384999","toID":"1384998","formEdgeID":null},{"edgeID":"1809804","fromID":"1384997","toID":"1385000","formEdgeID":null},{"edgeID":"1809805","fromID":"1385000","toID":"1384996","formEdgeID":null},{"edgeID":"1809806","fromID":"1384992","toID":"1385001","formEdgeID":null},{"edgeID":"1809807","fromID":"1385001","toID":"1384997","formEdgeID":null},{"edgeID":"1809808","fromID":"1385004","toID":"1385003","formEdgeID":null},{"edgeID":"1809809","fromID":"1385005","toID":"1385004","formEdgeID":null},{"edgeID":"1809810","fromID":"1385003","toID":"1385006","formEdgeID":null},{"edgeID":"1809811","fromID":"1385006","toID":"1385002","formEdgeID":null},{"edgeID":"1809812","fromID":"1384992","toID":"1385007","formEdgeID":null},{"edgeID":"1809813","fromID":"1385007","toID":"1385003","formEdgeID":null},{"edgeID":"1809814","fromID":"1385010","toID":"1385009","formEdgeID":null},{"edgeID":"1809815","fromID":"1385011","toID":"1385010","formEdgeID":null},{"edgeID":"1809816","fromID":"1385009","toID":"1385012","formEdgeID":null},{"edgeID":"1809817","fromID":"1385012","toID":"1385008","formEdgeID":null},{"edgeID":"1809818","fromID":"1385003","toID":"1385013","formEdgeID":null},{"edgeID":"1809819","fromID":"1385013","toID":"1385009","formEdgeID":null},{"edgeID":"1809820","fromID":"1385016","toID":"1385015","formEdgeID":null},{"edgeID":"1809821","fromID":"1385017","toID":"1385016","formEdgeID":null},{"edgeID":"1809822","fromID":"1385015","toID":"1385018","formEdgeID":null},{"edgeID":"1809823","fromID":"1385018","toID":"1385014","formEdgeID":null},{"edgeID":"1809824","fromID":"1385009","toID":"1385019","formEdgeID":null},{"edgeID":"1809825","fromID":"1385019","toID":"1385015","formEdgeID":null},{"edgeID":"1809826","fromID":"1385014","toID":"1385020","formEdgeID":null},{"edgeID":"1809827","fromID":"1385020","toID":"1385008","formEdgeID":null},{"edgeID":"1809828","fromID":"1385019","toID":"1385021","formEdgeID":null},{"edgeID":"1809829","fromID":"1385021","toID":"1385020","formEdgeID":null},{"edgeID":"1809830","fromID":"1385023","toID":"1385022","formEdgeID":null},{"edgeID":"1809831","fromID":"1385024","toID":"1385023","formEdgeID":null},{"edgeID":"1809832","fromID":"1385022","toID":"1385025","formEdgeID":null},{"edgeID":"1809833","fromID":"1385025","toID":"1384945","formEdgeID":null},{"edgeID":"1809834","fromID":"1384946","toID":"1385026","formEdgeID":null},{"edgeID":"1809835","fromID":"1385026","toID":"1385022","formEdgeID":null},{"edgeID":"1809836","fromID":"1384952","toID":"1385027","formEdgeID":null},{"edgeID":"1809837","fromID":"1385027","toID":"1384934","formEdgeID":null},{"edgeID":"1809838","fromID":"1384967","toID":"1385028","formEdgeID":null},{"edgeID":"1809839","fromID":"1385028","toID":"1385027","formEdgeID":null},{"edgeID":"1809840","fromID":"1384957","toID":"1385029","formEdgeID":null},{"edgeID":"1809841","fromID":"1385029","toID":"1384952","formEdgeID":null},{"edgeID":"1809842","fromID":"1384953","toID":"1385030","formEdgeID":null},{"edgeID":"1809843","fromID":"1385030","toID":"1384958","formEdgeID":null},{"edgeID":"1809844","fromID":"1385030","toID":"1385031","formEdgeID":null},{"edgeID":"1809845","fromID":"1385031","toID":"1385029","formEdgeID":null},{"edgeID":"1809846","fromID":"1385034","toID":"1385033","formEdgeID":null},{"edgeID":"1809847","fromID":"1385035","toID":"1385034","formEdgeID":null},{"edgeID":"1809848","fromID":"1385033","toID":"1385036","formEdgeID":null},{"edgeID":"1809849","fromID":"1385036","toID":"1385032","formEdgeID":null},{"edgeID":"1809850","fromID":"1384986","toID":"1385037","formEdgeID":null},{"edgeID":"1809851","fromID":"1385037","toID":"1385033","formEdgeID":null},{"edgeID":"1809852","fromID":"1385032","toID":"1385038","formEdgeID":null},{"edgeID":"1809853","fromID":"1385038","toID":"1384985","formEdgeID":null},{"edgeID":"1809854","fromID":"1385037","toID":"1385039","formEdgeID":null},{"edgeID":"1809855","fromID":"1385039","toID":"1385038","formEdgeID":null},{"edgeID":"1809856","fromID":"1385033","toID":"1385040","formEdgeID":null},{"edgeID":"1809857","fromID":"1385040","toID":"1384992","formEdgeID":null},{"edgeID":"1809858","fromID":"1385002","toID":"1385041","formEdgeID":null},{"edgeID":"1809859","fromID":"1385041","toID":"1384991","formEdgeID":null},{"edgeID":"1809860","fromID":"1384996","toID":"1385041","formEdgeID":null},{"edgeID":"1809861","fromID":"1385007","toID":"1385042","formEdgeID":null},{"edgeID":"1809862","fromID":"1385042","toID":"1385041","formEdgeID":null}],"locutions":[]}