{"nodes":[{"nodeID":"1378772","text":"the Welsh Labour blueprint is right here","type":"I","timestamp":"2023-11-09 14:51:48"},{"nodeID":"1378773","text":"David Davies: The blueprint is right here","type":"L","timestamp":"2023-11-09 14:51:48"},{"nodeID":"1378774","text":"Analysing","type":"YA","timestamp":"2023-11-09 14:51:48"},{"nodeID":"1378775","text":"Tuuli: David Davies: The blueprint is right here","type":"L","timestamp":"2023-11-09 14:51:48"},{"nodeID":"1378776","text":"Asserting","type":"YA","timestamp":"2023-11-09 14:51:48"},{"nodeID":"1378777","text":"there is no road building in Wales","type":"I","timestamp":"2023-11-09 14:51:49"},{"nodeID":"1378778","text":"David Davies: no road building","type":"L","timestamp":"2023-11-09 14:51:49"},{"nodeID":"1378779","text":"Analysing","type":"YA","timestamp":"2023-11-09 14:51:49"},{"nodeID":"1378780","text":"Tuuli: David Davies: no road building","type":"L","timestamp":"2023-11-09 14:51:49"},{"nodeID":"1378781","text":"Asserting","type":"YA","timestamp":"2023-11-09 14:51:49"},{"nodeID":"1378782","text":"Default Transition","type":"TA","timestamp":"2023-11-09 14:51:49"},{"nodeID":"1378783","text":"there are millions being wasted on airports with no planes flying out of them in Wales","type":"I","timestamp":"2023-11-09 14:51:49"},{"nodeID":"1378784","text":"David Davies: millions being wasted on airports with no planes flying out of them","type":"L","timestamp":"2023-11-09 14:51:49"},{"nodeID":"1378785","text":"Analysing","type":"YA","timestamp":"2023-11-09 14:51:49"},{"nodeID":"1378786","text":"Tuuli: David Davies: millions being wasted on airports with no planes flying out of them","type":"L","timestamp":"2023-11-09 14:51:49"},{"nodeID":"1378787","text":"Asserting","type":"YA","timestamp":"2023-11-09 14:51:49"},{"nodeID":"1378788","text":"congestion charging is going to be next on the roads of Wales","type":"I","timestamp":"2023-11-09 14:51:50"},{"nodeID":"1378789","text":"David Davies: congestion charging is going to be next on the roads of Wales","type":"L","timestamp":"2023-11-09 14:51:50"},{"nodeID":"1378790","text":"Analysing","type":"YA","timestamp":"2023-11-09 14:51:50"},{"nodeID":"1378791","text":"Tuuli: David Davies: congestion charging is going to be next on the roads of Wales","type":"L","timestamp":"2023-11-09 14:51:50"},{"nodeID":"1378792","text":"Asserting","type":"YA","timestamp":"2023-11-09 14:51:50"},{"nodeID":"1378793","text":"no road building and millions being wasted on airports is what is happening at the moment right now under a Labour government in Wales","type":"I","timestamp":"2023-11-09 14:51:50"},{"nodeID":"1378794","text":"David Davies: this is what is happening at the moment right now under a Labour government in Wales","type":"L","timestamp":"2023-11-09 14:51:50"},{"nodeID":"1378795","text":"Analysing","type":"YA","timestamp":"2023-11-09 14:51:50"},{"nodeID":"1378796","text":"Tuuli: David Davies: this is what is happening at the moment right now under a Labour government in Wales","type":"L","timestamp":"2023-11-09 14:51:50"},{"nodeID":"1378797","text":"Asserting","type":"YA","timestamp":"2023-11-09 14:51:50"},{"nodeID":"1378798","text":"Default Transition","type":"TA","timestamp":"2023-11-09 14:51:50"},{"nodeID":"1378799","text":"Default Transition","type":"TA","timestamp":"2023-11-09 14:51:50"},{"nodeID":"1378800","text":"at the moment the Conservative government are potentially going to destroy the semiconductor industry in South Wales","type":"I","timestamp":"2023-11-09 14:51:51"},{"nodeID":"1378801","text":"AudienceMember 20230330QT02: At the moment the Conservative government are potentially going to destroy the semiconductor industry in South Wales","type":"L","timestamp":"2023-11-09 14:51:51"},{"nodeID":"1378802","text":"Analysing","type":"YA","timestamp":"2023-11-09 14:51:51"},{"nodeID":"1378803","text":"Tuuli: AudienceMember 20230330QT02: At the moment the Conservative government are potentially going to destroy the semiconductor industry in South Wales","type":"L","timestamp":"2023-11-09 14:51:51"},{"nodeID":"1378804","text":"Asserting","type":"YA","timestamp":"2023-11-09 14:51:51"},{"nodeID":"1378805","text":"Default Transition","type":"TA","timestamp":"2023-11-09 14:51:51"},{"nodeID":"1378806","text":"the Conservative government has unnecessarily put 600 jobs at risk in Newport","type":"I","timestamp":"2023-11-09 14:51:52"},{"nodeID":"1378807","text":"AudienceMember 20230330QT02: They\u2019ve unnecessarily put 600 jobs at risk in Newport","type":"L","timestamp":"2023-11-09 14:51:52"},{"nodeID":"1378808","text":"Analysing","type":"YA","timestamp":"2023-11-09 14:51:52"},{"nodeID":"1378809","text":"Tuuli: AudienceMember 20230330QT02: They\u2019ve unnecessarily put 600 jobs at risk in Newport","type":"L","timestamp":"2023-11-09 14:51:52"},{"nodeID":"1378810","text":"Asserting","type":"YA","timestamp":"2023-11-09 14:51:52"},{"nodeID":"1378811","text":"Default Transition","type":"TA","timestamp":"2023-11-09 14:51:52"},{"nodeID":"1378812","text":"what\u2019s really worrying with the Conservative government is they don\u2019t really understand semiconductors for example","type":"I","timestamp":"2023-11-09 14:51:52"},{"nodeID":"1378813","text":"AudienceMember 20230330QT02: what\u2019s really worrying with the Conservative government is they don\u2019t really understand semiconductors for example","type":"L","timestamp":"2023-11-09 14:51:52"},{"nodeID":"1378814","text":"Analysing","type":"YA","timestamp":"2023-11-09 14:51:52"},{"nodeID":"1378815","text":"Tuuli: AudienceMember 20230330QT02: what\u2019s really worrying with the Conservative government is they don\u2019t really understand semiconductors for example","type":"L","timestamp":"2023-11-09 14:51:52"},{"nodeID":"1378816","text":"Asserting","type":"YA","timestamp":"2023-11-09 14:51:52"},{"nodeID":"1378817","text":"Default Transition","type":"TA","timestamp":"2023-11-09 14:51:52"},{"nodeID":"1378818","text":"200 people worked at the plant","type":"I","timestamp":"2023-11-09 14:51:53"},{"nodeID":"1378819","text":"AudienceMember 20230330QT02: you commented that 200 people worked at the plant","type":"L","timestamp":"2023-11-09 14:51:53"},{"nodeID":"1378820","text":"Analysing","type":"YA","timestamp":"2023-11-09 14:51:53"},{"nodeID":"1378821","text":"Tuuli: AudienceMember 20230330QT02: you commented that 200 people worked at the plant","type":"L","timestamp":"2023-11-09 14:51:53"},{"nodeID":"1378822","text":"there is 600, 600 people working in Newport","type":"I","timestamp":"2023-11-09 14:51:54"},{"nodeID":"1378823","text":"AudienceMember 20230330QT02: there is 600, 600 people working in Newport","type":"L","timestamp":"2023-11-09 14:51:54"},{"nodeID":"1378824","text":"Analysing","type":"YA","timestamp":"2023-11-09 14:51:54"},{"nodeID":"1378825","text":"Tuuli: AudienceMember 20230330QT02: there is 600, 600 people working in Newport","type":"L","timestamp":"2023-11-09 14:51:54"},{"nodeID":"1378826","text":"Asserting","type":"YA","timestamp":"2023-11-09 14:51:54"},{"nodeID":"1378827","text":"Default Transition","type":"TA","timestamp":"2023-11-09 14:51:54"},{"nodeID":"1378828","text":"Default Conflict","type":"CA","timestamp":"2023-11-09 14:51:54"},{"nodeID":"1378829","text":"Disagreeing","type":"YA","timestamp":"2023-11-09 14:51:54"},{"nodeID":"1378830","text":"we don\u2019t make fab and we don\u2019t make wafers any more","type":"I","timestamp":"2023-11-09 14:51:54"},{"nodeID":"1378831","text":"AudienceMember 20230330QT02: Mr Shapps said, we don\u2019t make fab and we don\u2019t make wafers any more","type":"L","timestamp":"2023-11-09 14:51:54"},{"nodeID":"1378832","text":"Analysing","type":"YA","timestamp":"2023-11-09 14:51:54"},{"nodeID":"1378833","text":"Tuuli: AudienceMember 20230330QT02: Mr Shapps said, we don\u2019t make fab and we don\u2019t make wafers any more","type":"L","timestamp":"2023-11-09 14:51:54"},{"nodeID":"1378834","text":"Default Transition","type":"TA","timestamp":"2023-11-09 14:51:54"},{"nodeID":"1378835","text":"Grant Shapps doesn\u2019t know the difference between the fabrication of the wafer at the factory they\u2019re made in and what we actually do","type":"I","timestamp":"2023-11-09 14:51:55"},{"nodeID":"1378836","text":"AudienceMember 20230330QT02: He doesn\u2019t know the difference between the fabrication of the wafer at the factory they\u2019re made in and what we actually do","type":"L","timestamp":"2023-11-09 14:51:55"},{"nodeID":"1378837","text":"Analysing","type":"YA","timestamp":"2023-11-09 14:51:55"},{"nodeID":"1378838","text":"Tuuli: AudienceMember 20230330QT02: He doesn\u2019t know the difference between the fabrication of the wafer at the factory they\u2019re made in, which that is an abbreviation for, and what we actually do","type":"L","timestamp":"2023-11-09 14:51:55"},{"nodeID":"1378839","text":"Asserting","type":"YA","timestamp":"2023-11-09 14:51:55"},{"nodeID":"1378840","text":"Default Transition","type":"TA","timestamp":"2023-11-09 14:51:55"},{"nodeID":"1378841","text":"fab is an abbreviation for fabrication","type":"I","timestamp":"2023-11-09 14:51:55"},{"nodeID":"1378842","text":"AudienceMember 20230330QT02: which that is an abbreviation for","type":"L","timestamp":"2023-11-09 14:51:55"},{"nodeID":"1378843","text":"Analysing","type":"YA","timestamp":"2023-11-09 14:51:55"},{"nodeID":"1378844","text":"Tuuli: AudienceMember 20230330QT02: which that is an abbreviation for","type":"L","timestamp":"2023-11-09 14:51:55"},{"nodeID":"1378845","text":"Asserting","type":"YA","timestamp":"2023-11-09 14:51:55"},{"nodeID":"1378846","text":"Default Transition","type":"TA","timestamp":"2023-11-09 14:51:55"},{"nodeID":"1378847","text":"Default Rephrase","type":"MA","timestamp":"2023-11-09 14:51:55"},{"nodeID":"1378848","text":"Restating","type":"YA","timestamp":"2023-11-09 14:51:55"},{"nodeID":"1378849","text":"in Newport the fab is where they make the wafers","type":"I","timestamp":"2023-11-09 14:51:56"},{"nodeID":"1378850","text":"AudienceMember 20230330QT02: In Newport the fab is where they make the wafers","type":"L","timestamp":"2023-11-09 14:51:56"},{"nodeID":"1378851","text":"Analysing","type":"YA","timestamp":"2023-11-09 14:51:56"},{"nodeID":"1378852","text":"Tuuli: AudienceMember 20230330QT02: In Newport the fab is where they make the wafers","type":"L","timestamp":"2023-11-09 14:51:56"},{"nodeID":"1378853","text":"Asserting","type":"YA","timestamp":"2023-11-09 14:51:56"},{"nodeID":"1378854","text":"Default Rephrase","type":"MA","timestamp":"2023-11-09 14:51:56"},{"nodeID":"1378855","text":"Default Inference","type":"RA","timestamp":"2023-11-09 14:51:56"},{"nodeID":"1378856","text":"Arguing","type":"YA","timestamp":"2023-11-09 14:51:56"},{"nodeID":"1378857","text":"David Davies: 200 people worked at the plant","type":"L","timestamp":"2023-11-09 14:51:56"},{"nodeID":"1378858","text":"Analysing","type":"YA","timestamp":"2023-11-09 14:51:56"},{"nodeID":"1378859","text":"Tuuli: David Davies: you commented that 200 people worked at the plant","type":"L","timestamp":"2023-11-09 14:51:56"},{"nodeID":"1378860","text":"Asserting","type":"YA","timestamp":"2023-11-09 14:51:56"},{"nodeID":"1378861","text":"Asserting","type":"YA","timestamp":"2023-11-09 14:51:56"},{"nodeID":"1378862","text":"Default Rephrase","type":"MA","timestamp":"2023-11-09 14:51:56"},{"nodeID":"1378863","text":"Default Transition","type":"TA","timestamp":"2023-11-09 14:51:56"},{"nodeID":"1378864","text":"Restating","type":"YA","timestamp":"2023-11-09 14:51:56"},{"nodeID":"1378865","text":"Default Conflict","type":"CA","timestamp":"2023-11-09 14:51:56"},{"nodeID":"1378866","text":"Disagreeing","type":"YA","timestamp":"2023-11-09 14:51:56"},{"nodeID":"1378867","text":"Grant Shapps: we don\u2019t make fab and we don\u2019t make wafers any more","type":"L","timestamp":"2023-11-09 14:51:56"},{"nodeID":"1378868","text":"Analysing","type":"YA","timestamp":"2023-11-09 14:51:56"},{"nodeID":"1378869","text":"Tuuli: Grant Shapps: we don\u2019t make fab and we don\u2019t make wafers any more","type":"L","timestamp":"2023-11-09 14:51:56"},{"nodeID":"1378870","text":"Asserting","type":"YA","timestamp":"2023-11-09 14:51:56"},{"nodeID":"1378871","text":"Asserting","type":"YA","timestamp":"2023-11-09 14:51:56"},{"nodeID":"1378872","text":"Default Rephrase","type":"MA","timestamp":"2023-11-09 14:51:56"},{"nodeID":"1378873","text":"Default Transition","type":"TA","timestamp":"2023-11-09 14:51:56"},{"nodeID":"1378874","text":"Restating","type":"YA","timestamp":"2023-11-09 14:51:56"},{"nodeID":"1378875","text":"Default Rephrase","type":"MA","timestamp":"2023-11-09 14:51:56"},{"nodeID":"1378876","text":"Restating","type":"YA","timestamp":"2023-11-09 14:51:56"},{"nodeID":"1378877","text":"Default Rephrase","type":"MA","timestamp":"2023-11-09 14:51:56"},{"nodeID":"1378878","text":"Restating","type":"YA","timestamp":"2023-11-09 14:51:56"},{"nodeID":"1378879","text":"Default Inference","type":"RA","timestamp":"2023-11-09 14:51:56"},{"nodeID":"1378880","text":"Default Transition","type":"TA","timestamp":"2023-11-09 14:51:56"},{"nodeID":"1378881","text":"Restating","type":"YA","timestamp":"2023-11-09 14:51:56"},{"nodeID":"1378882","text":"Default Transition","type":"TA","timestamp":"2023-11-09 14:51:56"}],"edges":[{"edgeID":"1802528","fromID":"1378774","toID":"1378773","formEdgeID":null},{"edgeID":"1802529","fromID":"1378775","toID":"1378774","formEdgeID":null},{"edgeID":"1802530","fromID":"1378773","toID":"1378776","formEdgeID":null},{"edgeID":"1802531","fromID":"1378776","toID":"1378772","formEdgeID":null},{"edgeID":"1802532","fromID":"1378779","toID":"1378778","formEdgeID":null},{"edgeID":"1802533","fromID":"1378780","toID":"1378779","formEdgeID":null},{"edgeID":"1802534","fromID":"1378778","toID":"1378781","formEdgeID":null},{"edgeID":"1802535","fromID":"1378781","toID":"1378777","formEdgeID":null},{"edgeID":"1802536","fromID":"1378773","toID":"1378782","formEdgeID":null},{"edgeID":"1802537","fromID":"1378782","toID":"1378778","formEdgeID":null},{"edgeID":"1802538","fromID":"1378785","toID":"1378784","formEdgeID":null},{"edgeID":"1802539","fromID":"1378786","toID":"1378785","formEdgeID":null},{"edgeID":"1802540","fromID":"1378784","toID":"1378787","formEdgeID":null},{"edgeID":"1802541","fromID":"1378787","toID":"1378783","formEdgeID":null},{"edgeID":"1802542","fromID":"1378790","toID":"1378789","formEdgeID":null},{"edgeID":"1802543","fromID":"1378791","toID":"1378790","formEdgeID":null},{"edgeID":"1802544","fromID":"1378789","toID":"1378792","formEdgeID":null},{"edgeID":"1802545","fromID":"1378792","toID":"1378788","formEdgeID":null},{"edgeID":"1802546","fromID":"1378795","toID":"1378794","formEdgeID":null},{"edgeID":"1802547","fromID":"1378796","toID":"1378795","formEdgeID":null},{"edgeID":"1802548","fromID":"1378794","toID":"1378797","formEdgeID":null},{"edgeID":"1802549","fromID":"1378797","toID":"1378793","formEdgeID":null},{"edgeID":"1802550","fromID":"1378773","toID":"1378798","formEdgeID":null},{"edgeID":"1802551","fromID":"1378798","toID":"1378789","formEdgeID":null},{"edgeID":"1802552","fromID":"1378773","toID":"1378799","formEdgeID":null},{"edgeID":"1802553","fromID":"1378799","toID":"1378784","formEdgeID":null},{"edgeID":"1802554","fromID":"1378802","toID":"1378801","formEdgeID":null},{"edgeID":"1802555","fromID":"1378803","toID":"1378802","formEdgeID":null},{"edgeID":"1802556","fromID":"1378801","toID":"1378804","formEdgeID":null},{"edgeID":"1802557","fromID":"1378804","toID":"1378800","formEdgeID":null},{"edgeID":"1802558","fromID":"1378794","toID":"1378805","formEdgeID":null},{"edgeID":"1802559","fromID":"1378805","toID":"1378801","formEdgeID":null},{"edgeID":"1802560","fromID":"1378808","toID":"1378807","formEdgeID":null},{"edgeID":"1802561","fromID":"1378809","toID":"1378808","formEdgeID":null},{"edgeID":"1802562","fromID":"1378807","toID":"1378810","formEdgeID":null},{"edgeID":"1802563","fromID":"1378810","toID":"1378806","formEdgeID":null},{"edgeID":"1802564","fromID":"1378801","toID":"1378811","formEdgeID":null},{"edgeID":"1802565","fromID":"1378811","toID":"1378807","formEdgeID":null},{"edgeID":"1802566","fromID":"1378814","toID":"1378813","formEdgeID":null},{"edgeID":"1802567","fromID":"1378815","toID":"1378814","formEdgeID":null},{"edgeID":"1802568","fromID":"1378813","toID":"1378816","formEdgeID":null},{"edgeID":"1802569","fromID":"1378816","toID":"1378812","formEdgeID":null},{"edgeID":"1802570","fromID":"1378807","toID":"1378817","formEdgeID":null},{"edgeID":"1802571","fromID":"1378817","toID":"1378813","formEdgeID":null},{"edgeID":"1802572","fromID":"1378820","toID":"1378819","formEdgeID":null},{"edgeID":"1802573","fromID":"1378821","toID":"1378820","formEdgeID":null},{"edgeID":"1802574","fromID":"1378824","toID":"1378823","formEdgeID":null},{"edgeID":"1802575","fromID":"1378825","toID":"1378824","formEdgeID":null},{"edgeID":"1802576","fromID":"1378823","toID":"1378826","formEdgeID":null},{"edgeID":"1802577","fromID":"1378826","toID":"1378822","formEdgeID":null},{"edgeID":"1802578","fromID":"1378819","toID":"1378827","formEdgeID":null},{"edgeID":"1802579","fromID":"1378827","toID":"1378823","formEdgeID":null},{"edgeID":"1802580","fromID":"1378822","toID":"1378828","formEdgeID":null},{"edgeID":"1802581","fromID":"1378828","toID":"1378818","formEdgeID":null},{"edgeID":"1802582","fromID":"1378827","toID":"1378829","formEdgeID":null},{"edgeID":"1802583","fromID":"1378829","toID":"1378828","formEdgeID":null},{"edgeID":"1802584","fromID":"1378832","toID":"1378831","formEdgeID":null},{"edgeID":"1802585","fromID":"1378833","toID":"1378832","formEdgeID":null},{"edgeID":"1802586","fromID":"1378823","toID":"1378834","formEdgeID":null},{"edgeID":"1802587","fromID":"1378834","toID":"1378831","formEdgeID":null},{"edgeID":"1802588","fromID":"1378837","toID":"1378836","formEdgeID":null},{"edgeID":"1802589","fromID":"1378838","toID":"1378837","formEdgeID":null},{"edgeID":"1802590","fromID":"1378836","toID":"1378839","formEdgeID":null},{"edgeID":"1802591","fromID":"1378839","toID":"1378835","formEdgeID":null},{"edgeID":"1802592","fromID":"1378831","toID":"1378840","formEdgeID":null},{"edgeID":"1802593","fromID":"1378840","toID":"1378836","formEdgeID":null},{"edgeID":"1802594","fromID":"1378843","toID":"1378842","formEdgeID":null},{"edgeID":"1802595","fromID":"1378844","toID":"1378843","formEdgeID":null},{"edgeID":"1802596","fromID":"1378842","toID":"1378845","formEdgeID":null},{"edgeID":"1802597","fromID":"1378845","toID":"1378841","formEdgeID":null},{"edgeID":"1802598","fromID":"1378836","toID":"1378846","formEdgeID":null},{"edgeID":"1802599","fromID":"1378846","toID":"1378842","formEdgeID":null},{"edgeID":"1802600","fromID":"1378841","toID":"1378847","formEdgeID":null},{"edgeID":"1802601","fromID":"1378847","toID":"1378835","formEdgeID":null},{"edgeID":"1802602","fromID":"1378846","toID":"1378848","formEdgeID":null},{"edgeID":"1802603","fromID":"1378848","toID":"1378847","formEdgeID":null},{"edgeID":"1802604","fromID":"1378851","toID":"1378850","formEdgeID":null},{"edgeID":"1802605","fromID":"1378852","toID":"1378851","formEdgeID":null},{"edgeID":"1802606","fromID":"1378850","toID":"1378853","formEdgeID":null},{"edgeID":"1802607","fromID":"1378853","toID":"1378849","formEdgeID":null},{"edgeID":"1802608","fromID":"1378793","toID":"1378854","formEdgeID":null},{"edgeID":"1802609","fromID":"1378854","toID":"1378772","formEdgeID":null},{"edgeID":"1802610","fromID":"1378800","toID":"1378855","formEdgeID":null},{"edgeID":"1802611","fromID":"1378855","toID":"1378806","formEdgeID":null},{"edgeID":"1802612","fromID":"1378811","toID":"1378856","formEdgeID":null},{"edgeID":"1802613","fromID":"1378856","toID":"1378855","formEdgeID":null},{"edgeID":"1802614","fromID":"1378858","toID":"1378857","formEdgeID":null},{"edgeID":"1802615","fromID":"1378859","toID":"1378858","formEdgeID":null},{"edgeID":"1802616","fromID":"1378857","toID":"1378860","formEdgeID":null},{"edgeID":"1802617","fromID":"1378860","toID":"1378818","formEdgeID":null},{"edgeID":"1802618","fromID":"1378819","toID":"1378861","formEdgeID":null},{"edgeID":"1802619","fromID":"1378861","toID":"1378857","formEdgeID":null},{"edgeID":"1802620","fromID":"1378822","toID":"1378862","formEdgeID":null},{"edgeID":"1802621","fromID":"1378862","toID":"1378806","formEdgeID":null},{"edgeID":"1802622","fromID":"1378807","toID":"1378863","formEdgeID":null},{"edgeID":"1802623","fromID":"1378863","toID":"1378823","formEdgeID":null},{"edgeID":"1802624","fromID":"1378863","toID":"1378864","formEdgeID":null},{"edgeID":"1802625","fromID":"1378864","toID":"1378862","formEdgeID":null},{"edgeID":"1802626","fromID":"1378835","toID":"1378865","formEdgeID":null},{"edgeID":"1802627","fromID":"1378865","toID":"1378830","formEdgeID":null},{"edgeID":"1802628","fromID":"1378840","toID":"1378866","formEdgeID":null},{"edgeID":"1802629","fromID":"1378866","toID":"1378865","formEdgeID":null},{"edgeID":"1802630","fromID":"1378868","toID":"1378867","formEdgeID":null},{"edgeID":"1802631","fromID":"1378869","toID":"1378868","formEdgeID":null},{"edgeID":"1802632","fromID":"1378867","toID":"1378870","formEdgeID":null},{"edgeID":"1802633","fromID":"1378870","toID":"1378830","formEdgeID":null},{"edgeID":"1802634","fromID":"1378831","toID":"1378871","formEdgeID":null},{"edgeID":"1802635","fromID":"1378871","toID":"1378867","formEdgeID":null},{"edgeID":"1802636","fromID":"1378849","toID":"1378872","formEdgeID":null},{"edgeID":"1802637","fromID":"1378872","toID":"1378841","formEdgeID":null},{"edgeID":"1802638","fromID":"1378842","toID":"1378873","formEdgeID":null},{"edgeID":"1802639","fromID":"1378873","toID":"1378850","formEdgeID":null},{"edgeID":"1802640","fromID":"1378873","toID":"1378874","formEdgeID":null},{"edgeID":"1802641","fromID":"1378874","toID":"1378872","formEdgeID":null},{"edgeID":"1802642","fromID":"1378777","toID":"1378875","formEdgeID":null},{"edgeID":"1802643","fromID":"1378875","toID":"1378772","formEdgeID":null},{"edgeID":"1802644","fromID":"1378782","toID":"1378876","formEdgeID":null},{"edgeID":"1802645","fromID":"1378876","toID":"1378875","formEdgeID":null},{"edgeID":"1802646","fromID":"1378783","toID":"1378877","formEdgeID":null},{"edgeID":"1802647","fromID":"1378877","toID":"1378772","formEdgeID":null},{"edgeID":"1802648","fromID":"1378799","toID":"1378878","formEdgeID":null},{"edgeID":"1802649","fromID":"1378878","toID":"1378877","formEdgeID":null},{"edgeID":"1802650","fromID":"1378879","toID":"1378788","formEdgeID":null},{"edgeID":"1802651","fromID":"1378772","toID":"1378879","formEdgeID":null},{"edgeID":"1802652","fromID":"1378773","toID":"1378880","formEdgeID":null},{"edgeID":"1802653","fromID":"1378880","toID":"1378794","formEdgeID":null},{"edgeID":"1802654","fromID":"1378880","toID":"1378881","formEdgeID":null},{"edgeID":"1802655","fromID":"1378881","toID":"1378854","formEdgeID":null},{"edgeID":"1802656","fromID":"1378813","toID":"1378882","formEdgeID":null},{"edgeID":"1802657","fromID":"1378882","toID":"1378819","formEdgeID":null}],"locutions":[]}