{"nodes":[{"nodeID":"1384433","text":"we've got various rail projects taking place in Wales","type":"I","timestamp":"2023-11-09 14:59:54"},{"nodeID":"1384434","text":"David Davies: We've got various rail projects taking place in Wales","type":"L","timestamp":"2023-11-09 14:59:54"},{"nodeID":"1384435","text":"Analysing","type":"YA","timestamp":"2023-11-09 14:59:54"},{"nodeID":"1384436","text":"Anon: David Davies: We've got various rail projects taking place in Wales","type":"L","timestamp":"2023-11-09 14:59:54"},{"nodeID":"1384437","text":"Asserting","type":"YA","timestamp":"2023-11-09 14:59:54"},{"nodeID":"1384438","text":"\u00a3300 million has been spent in the last control period on rail projects in Wales","type":"I","timestamp":"2023-11-09 14:59:55"},{"nodeID":"1384439","text":"David Davies: \u00a3300 million has been spent I think in the last control period on rail projects","type":"L","timestamp":"2023-11-09 14:59:55"},{"nodeID":"1384440","text":"Analysing","type":"YA","timestamp":"2023-11-09 14:59:55"},{"nodeID":"1384441","text":"Anon: David Davies: \u00a3300 million has been spent I think in the last control period on rail projects","type":"L","timestamp":"2023-11-09 14:59:55"},{"nodeID":"1384442","text":"Asserting","type":"YA","timestamp":"2023-11-09 14:59:55"},{"nodeID":"1384443","text":"Default Transition","type":"TA","timestamp":"2023-11-09 14:59:55"},{"nodeID":"1384444","text":"Default Rephrase","type":"MA","timestamp":"2023-11-09 14:59:55"},{"nodeID":"1384445","text":"Restating","type":"YA","timestamp":"2023-11-09 14:59:55"},{"nodeID":"1384446","text":"we've got the metro system which is going to be built, partly using UK government money, around South Wales","type":"I","timestamp":"2023-11-09 14:59:55"},{"nodeID":"1384447","text":"David Davies: we've got the metro system which is going to be built, partly using UK government money, around South Wales","type":"L","timestamp":"2023-11-09 14:59:55"},{"nodeID":"1384448","text":"Analysing","type":"YA","timestamp":"2023-11-09 14:59:55"},{"nodeID":"1384449","text":"Anon: David Davies: we've got the metro system which is going to be built, partly using UK government money, around South Wales","type":"L","timestamp":"2023-11-09 14:59:55"},{"nodeID":"1384450","text":"Asserting","type":"YA","timestamp":"2023-11-09 14:59:55"},{"nodeID":"1384451","text":"Default Transition","type":"TA","timestamp":"2023-11-09 14:59:55"},{"nodeID":"1384452","text":"Default Rephrase","type":"MA","timestamp":"2023-11-09 14:59:55"},{"nodeID":"1384453","text":"Restating","type":"YA","timestamp":"2023-11-09 14:59:55"},{"nodeID":"1384454","text":"that\u2019s the rail question","type":"I","timestamp":"2023-11-09 14:59:56"},{"nodeID":"1384455","text":"David Davies: that\u2019s the rail question","type":"L","timestamp":"2023-11-09 14:59:56"},{"nodeID":"1384456","text":"Analysing","type":"YA","timestamp":"2023-11-09 14:59:56"},{"nodeID":"1384457","text":"Anon: David Davies: that\u2019s the rail question","type":"L","timestamp":"2023-11-09 14:59:56"},{"nodeID":"1384458","text":"Asserting","type":"YA","timestamp":"2023-11-09 14:59:56"},{"nodeID":"1384459","text":"Default Transition","type":"TA","timestamp":"2023-11-09 14:59:56"},{"nodeID":"1384460","text":"David Davies hasn't answered the question","type":"I","timestamp":"2023-11-09 14:59:57"},{"nodeID":"1384461","text":"Fiona Bruce: It wasn\u2019t actually his question though","type":"L","timestamp":"2023-11-09 14:59:57"},{"nodeID":"1384462","text":"Analysing","type":"YA","timestamp":"2023-11-09 14:59:57"},{"nodeID":"1384463","text":"Anon: Fiona Bruce: It wasn\u2019t actually his question though","type":"L","timestamp":"2023-11-09 14:59:57"},{"nodeID":"1384464","text":"Asserting","type":"YA","timestamp":"2023-11-09 14:59:57"},{"nodeID":"1384465","text":"the audience member's question was about Scotland","type":"I","timestamp":"2023-11-09 14:59:57"},{"nodeID":"1384466","text":"Fiona Bruce: his question was Scotland","type":"L","timestamp":"2023-11-09 14:59:57"},{"nodeID":"1384467","text":"Analysing","type":"YA","timestamp":"2023-11-09 14:59:57"},{"nodeID":"1384468","text":"Anon: Fiona Bruce: his question was Scotland","type":"L","timestamp":"2023-11-09 14:59:57"},{"nodeID":"1384469","text":"Asserting","type":"YA","timestamp":"2023-11-09 14:59:57"},{"nodeID":"1384470","text":"Default Transition","type":"TA","timestamp":"2023-11-09 14:59:57"},{"nodeID":"1384471","text":"Scotland is going to get money from HS2","type":"I","timestamp":"2023-11-09 14:59:58"},{"nodeID":"1384472","text":"Fiona Bruce: Scotland is going to get money from HS2","type":"L","timestamp":"2023-11-09 14:59:58"},{"nodeID":"1384473","text":"Analysing","type":"YA","timestamp":"2023-11-09 14:59:58"},{"nodeID":"1384474","text":"Anon: Fiona Bruce: Scotland is going to get money from HS2","type":"L","timestamp":"2023-11-09 14:59:58"},{"nodeID":"1384475","text":"Asserting","type":"YA","timestamp":"2023-11-09 14:59:58"},{"nodeID":"1384476","text":"Default Transition","type":"TA","timestamp":"2023-11-09 14:59:58"},{"nodeID":"1384477","text":"Wales is not going to get money from HS2","type":"I","timestamp":"2023-11-09 14:59:58"},{"nodeID":"1384478","text":"Default Conflict","type":"CA","timestamp":"2023-11-09 14:59:58"},{"nodeID":"1384479","text":"the overall budget for transport going up in England does mean that Wales gets more money","type":"I","timestamp":"2023-11-09 14:59:59"},{"nodeID":"1384480","text":"David Davies:  the overall budget for transport going up in England does mean that Wales gets more","type":"L","timestamp":"2023-11-09 14:59:59"},{"nodeID":"1384481","text":"Analysing","type":"YA","timestamp":"2023-11-09 14:59:59"},{"nodeID":"1384482","text":"Anon: David Davies:  the overall budget for transport going up in England does mean that Wales gets more","type":"L","timestamp":"2023-11-09 14:59:59"},{"nodeID":"1384483","text":"Asserting","type":"YA","timestamp":"2023-11-09 14:59:59"},{"nodeID":"1384484","text":"Default Conflict","type":"CA","timestamp":"2023-11-09 14:59:59"},{"nodeID":"1384485","text":"let\u2019s go back to the original question","type":"I","timestamp":"2023-11-09 15:00:00"},{"nodeID":"1384486","text":"David Davies: let\u2019s go back to the original question","type":"L","timestamp":"2023-11-09 15:00:00"},{"nodeID":"1384487","text":"Analysing","type":"YA","timestamp":"2023-11-09 15:00:00"},{"nodeID":"1384488","text":"Anon: David Davies: let\u2019s go back to the original question","type":"L","timestamp":"2023-11-09 15:00:00"},{"nodeID":"1384489","text":"Asserting","type":"YA","timestamp":"2023-11-09 15:00:00"},{"nodeID":"1384490","text":"Default Transition","type":"TA","timestamp":"2023-11-09 15:00:00"},{"nodeID":"1384491","text":"David Davies still has not had a chance to answer the original question yet","type":"I","timestamp":"2023-11-09 15:00:00"},{"nodeID":"1384492","text":"David Davies: I still haven\u2019t had a chance to answer it yet","type":"L","timestamp":"2023-11-09 15:00:00"},{"nodeID":"1384493","text":"Analysing","type":"YA","timestamp":"2023-11-09 15:00:00"},{"nodeID":"1384494","text":"Anon: David Davies: I still haven\u2019t had a chance to answer it yet","type":"L","timestamp":"2023-11-09 15:00:00"},{"nodeID":"1384495","text":"Asserting","type":"YA","timestamp":"2023-11-09 15:00:00"},{"nodeID":"1384496","text":"Default Transition","type":"TA","timestamp":"2023-11-09 15:00:00"},{"nodeID":"1384497","text":"Default Inference","type":"RA","timestamp":"2023-11-09 15:00:00"},{"nodeID":"1384498","text":"Arguing","type":"YA","timestamp":"2023-11-09 15:00:00"},{"nodeID":"1384499","text":"Wales does not get any money from HS2","type":"I","timestamp":"2023-11-09 15:00:01"},{"nodeID":"1384500","text":"Liz Saville Roberts: Not from HS2 we don\u2019t, not a penny","type":"L","timestamp":"2023-11-09 15:00:01"},{"nodeID":"1384501","text":"Analysing","type":"YA","timestamp":"2023-11-09 15:00:01"},{"nodeID":"1384502","text":"Anon: Liz Saville Roberts: Not from HS2 we don\u2019t, not a penny","type":"L","timestamp":"2023-11-09 15:00:01"},{"nodeID":"1384503","text":"Asserting","type":"YA","timestamp":"2023-11-09 15:00:01"},{"nodeID":"1384504","text":"Default Conflict","type":"CA","timestamp":"2023-11-09 15:00:01"},{"nodeID":"1384505","text":"Default Transition","type":"TA","timestamp":"2023-11-09 15:00:01"},{"nodeID":"1384506","text":"Disagreeing","type":"YA","timestamp":"2023-11-09 15:00:01"},{"nodeID":"1384507","text":"it is or is not the Welsh government\u2019s, Labour government\u2019s decision, to stop building roads","type":"I","timestamp":"2023-11-09 15:00:01"},{"nodeID":"1384508","text":"David Davies: The question was, is the government\u2019s decision, the Welsh government\u2019s, Labour government\u2019s decision to stop building roads","type":"L","timestamp":"2023-11-09 15:00:01"},{"nodeID":"1384509","text":"Analysing","type":"YA","timestamp":"2023-11-09 15:00:01"},{"nodeID":"1384510","text":"Anon: David Davies: The question was, is the government\u2019s decision, the Welsh government\u2019s, Labour government\u2019s decision to stop building roads","type":"L","timestamp":"2023-11-09 15:00:01"},{"nodeID":"1384511","text":"Default Transition","type":"TA","timestamp":"2023-11-09 15:00:01"},{"nodeID":"1384512","text":"Unknown Speaker: is it the Welsh government\u2019s, Labour government\u2019s decision to stop building roads","type":"L","timestamp":"2023-11-09 15:00:01"},{"nodeID":"1384513","text":"Analysing","type":"YA","timestamp":"2023-11-09 15:00:01"},{"nodeID":"1384514","text":"Anon: Unknown Speaker: David Davies: The question was, is the government\u2019s decision, the Welsh government\u2019s, Labour government\u2019s decision to stop building roads","type":"L","timestamp":"2023-11-09 15:00:01"},{"nodeID":"1384515","text":"Pure Questioning","type":"YA","timestamp":"2023-11-09 15:00:01"},{"nodeID":"1384516","text":"the Welsh government's decision is about all major road-building projects","type":"I","timestamp":"2023-11-09 15:00:02"},{"nodeID":"1384517","text":"David Davies: it is all major road-building projects","type":"L","timestamp":"2023-11-09 15:00:02"},{"nodeID":"1384518","text":"Analysing","type":"YA","timestamp":"2023-11-09 15:00:02"},{"nodeID":"1384519","text":"Anon: David Davies: it is all major road-building projects","type":"L","timestamp":"2023-11-09 15:00:02"},{"nodeID":"1384520","text":"Asserting","type":"YA","timestamp":"2023-11-09 15:00:02"},{"nodeID":"1384521","text":"Default Transition","type":"TA","timestamp":"2023-11-09 15:00:02"},{"nodeID":"1384522","text":"the Welsh governement is going to stop building roads","type":"I","timestamp":"2023-11-09 15:00:03"},{"nodeID":"1384523","text":"David Davies: that\u2019s what they\u2019re going to do","type":"L","timestamp":"2023-11-09 15:00:03"},{"nodeID":"1384524","text":"Analysing","type":"YA","timestamp":"2023-11-09 15:00:03"},{"nodeID":"1384525","text":"Anon: David Davies: that\u2019s what they\u2019re going to do","type":"L","timestamp":"2023-11-09 15:00:03"},{"nodeID":"1384526","text":"Asserting","type":"YA","timestamp":"2023-11-09 15:00:03"},{"nodeID":"1384527","text":"Agreeing","type":"YA","timestamp":"2023-11-09 15:00:03"},{"nodeID":"1384528","text":"Default Rephrase","type":"MA","timestamp":"2023-11-09 15:00:03"},{"nodeID":"1384529","text":"Default Transition","type":"TA","timestamp":"2023-11-09 15:00:03"},{"nodeID":"1384530","text":"Default Illocuting","type":"YA","timestamp":"2023-11-09 15:00:03"},{"nodeID":"1384531","text":"for once the Welsh government is going to deliver exactly what they said","type":"I","timestamp":"2023-11-09 15:00:03"},{"nodeID":"1384532","text":"David Davies: for once they are going to deliver exactly what they said","type":"L","timestamp":"2023-11-09 15:00:03"},{"nodeID":"1384533","text":"Analysing","type":"YA","timestamp":"2023-11-09 15:00:03"},{"nodeID":"1384534","text":"Anon: David Davies: for once they are going to deliver exactly what they said","type":"L","timestamp":"2023-11-09 15:00:03"},{"nodeID":"1384535","text":"Asserting","type":"YA","timestamp":"2023-11-09 15:00:03"},{"nodeID":"1384536","text":"Default Transition","type":"TA","timestamp":"2023-11-09 15:00:03"},{"nodeID":"1384537","text":"it\u2019s going to harm the economy if we haven\u2019t got any roads being built","type":"I","timestamp":"2023-11-09 15:00:04"},{"nodeID":"1384538","text":"David Davies: it\u2019s going to harm the economy if we haven\u2019t got any roads being built","type":"L","timestamp":"2023-11-09 15:00:04"},{"nodeID":"1384539","text":"Analysing","type":"YA","timestamp":"2023-11-09 15:00:04"},{"nodeID":"1384540","text":"Anon: David Davies: it\u2019s going to harm the economy if we haven\u2019t got any roads being built","type":"L","timestamp":"2023-11-09 15:00:04"},{"nodeID":"1384541","text":"Asserting","type":"YA","timestamp":"2023-11-09 15:00:04"},{"nodeID":"1384542","text":"Default Transition","type":"TA","timestamp":"2023-11-09 15:00:04"},{"nodeID":"1384543","text":"Default Transition","type":"TA","timestamp":"2023-11-09 15:00:04"},{"nodeID":"1384544","text":"Default Rephrase","type":"MA","timestamp":"2023-11-09 15:00:04"},{"nodeID":"1384545","text":"Default Inference","type":"RA","timestamp":"2023-11-09 15:00:04"},{"nodeID":"1384546","text":"Arguing","type":"YA","timestamp":"2023-11-09 15:00:04"},{"nodeID":"1384547","text":"Restating","type":"YA","timestamp":"2023-11-09 15:00:04"},{"nodeID":"1384548","text":"Fiona Bruce: Wales is not","type":"L","timestamp":"2023-11-09 15:00:04"},{"nodeID":"1384549","text":"Analysing","type":"YA","timestamp":"2023-11-09 15:00:04"},{"nodeID":"1384550","text":"Anon: Fiona Bruce: Wales is not","type":"L","timestamp":"2023-11-09 15:00:04"},{"nodeID":"1384551","text":"Default Transition","type":"TA","timestamp":"2023-11-09 15:00:04"},{"nodeID":"1384552","text":"Asserting","type":"YA","timestamp":"2023-11-09 15:00:04"},{"nodeID":"1384553","text":"Disagreeing","type":"YA","timestamp":"2023-11-09 15:00:04"},{"nodeID":"1384554","text":"Default Transition","type":"TA","timestamp":"2023-11-09 15:00:04"},{"nodeID":"1384555","text":"Disagreeing","type":"YA","timestamp":"2023-11-09 15:00:04"},{"nodeID":"1384556","text":"Default Inference","type":"RA","timestamp":"2023-11-09 15:00:04"},{"nodeID":"1384557","text":"Arguing","type":"YA","timestamp":"2023-11-09 15:00:04"}],"edges":[{"edgeID":"1809151","fromID":"1384435","toID":"1384434","formEdgeID":null},{"edgeID":"1809152","fromID":"1384436","toID":"1384435","formEdgeID":null},{"edgeID":"1809153","fromID":"1384434","toID":"1384437","formEdgeID":null},{"edgeID":"1809154","fromID":"1384437","toID":"1384433","formEdgeID":null},{"edgeID":"1809155","fromID":"1384440","toID":"1384439","formEdgeID":null},{"edgeID":"1809156","fromID":"1384441","toID":"1384440","formEdgeID":null},{"edgeID":"1809157","fromID":"1384439","toID":"1384442","formEdgeID":null},{"edgeID":"1809158","fromID":"1384442","toID":"1384438","formEdgeID":null},{"edgeID":"1809159","fromID":"1384434","toID":"1384443","formEdgeID":null},{"edgeID":"1809160","fromID":"1384443","toID":"1384439","formEdgeID":null},{"edgeID":"1809161","fromID":"1384438","toID":"1384444","formEdgeID":null},{"edgeID":"1809162","fromID":"1384444","toID":"1384433","formEdgeID":null},{"edgeID":"1809163","fromID":"1384443","toID":"1384445","formEdgeID":null},{"edgeID":"1809164","fromID":"1384445","toID":"1384444","formEdgeID":null},{"edgeID":"1809165","fromID":"1384448","toID":"1384447","formEdgeID":null},{"edgeID":"1809166","fromID":"1384449","toID":"1384448","formEdgeID":null},{"edgeID":"1809167","fromID":"1384447","toID":"1384450","formEdgeID":null},{"edgeID":"1809168","fromID":"1384450","toID":"1384446","formEdgeID":null},{"edgeID":"1809169","fromID":"1384439","toID":"1384451","formEdgeID":null},{"edgeID":"1809170","fromID":"1384451","toID":"1384447","formEdgeID":null},{"edgeID":"1809171","fromID":"1384446","toID":"1384452","formEdgeID":null},{"edgeID":"1809172","fromID":"1384452","toID":"1384438","formEdgeID":null},{"edgeID":"1809173","fromID":"1384451","toID":"1384453","formEdgeID":null},{"edgeID":"1809174","fromID":"1384453","toID":"1384452","formEdgeID":null},{"edgeID":"1809175","fromID":"1384456","toID":"1384455","formEdgeID":null},{"edgeID":"1809176","fromID":"1384457","toID":"1384456","formEdgeID":null},{"edgeID":"1809177","fromID":"1384455","toID":"1384458","formEdgeID":null},{"edgeID":"1809178","fromID":"1384458","toID":"1384454","formEdgeID":null},{"edgeID":"1809179","fromID":"1384447","toID":"1384459","formEdgeID":null},{"edgeID":"1809180","fromID":"1384459","toID":"1384455","formEdgeID":null},{"edgeID":"1809181","fromID":"1384462","toID":"1384461","formEdgeID":null},{"edgeID":"1809182","fromID":"1384463","toID":"1384462","formEdgeID":null},{"edgeID":"1809183","fromID":"1384461","toID":"1384464","formEdgeID":null},{"edgeID":"1809184","fromID":"1384464","toID":"1384460","formEdgeID":null},{"edgeID":"1809185","fromID":"1384467","toID":"1384466","formEdgeID":null},{"edgeID":"1809186","fromID":"1384468","toID":"1384467","formEdgeID":null},{"edgeID":"1809187","fromID":"1384466","toID":"1384469","formEdgeID":null},{"edgeID":"1809188","fromID":"1384469","toID":"1384465","formEdgeID":null},{"edgeID":"1809189","fromID":"1384461","toID":"1384470","formEdgeID":null},{"edgeID":"1809190","fromID":"1384470","toID":"1384466","formEdgeID":null},{"edgeID":"1809191","fromID":"1384473","toID":"1384472","formEdgeID":null},{"edgeID":"1809192","fromID":"1384474","toID":"1384473","formEdgeID":null},{"edgeID":"1809193","fromID":"1384472","toID":"1384475","formEdgeID":null},{"edgeID":"1809194","fromID":"1384475","toID":"1384471","formEdgeID":null},{"edgeID":"1809195","fromID":"1384466","toID":"1384476","formEdgeID":null},{"edgeID":"1809196","fromID":"1384476","toID":"1384472","formEdgeID":null},{"edgeID":"1809197","fromID":"1384477","toID":"1384478","formEdgeID":null},{"edgeID":"1809198","fromID":"1384478","toID":"1384471","formEdgeID":null},{"edgeID":"1809199","fromID":"1384481","toID":"1384480","formEdgeID":null},{"edgeID":"1809200","fromID":"1384482","toID":"1384481","formEdgeID":null},{"edgeID":"1809201","fromID":"1384480","toID":"1384483","formEdgeID":null},{"edgeID":"1809202","fromID":"1384483","toID":"1384479","formEdgeID":null},{"edgeID":"1809203","fromID":"1384479","toID":"1384484","formEdgeID":null},{"edgeID":"1809204","fromID":"1384484","toID":"1384477","formEdgeID":null},{"edgeID":"1809205","fromID":"1384487","toID":"1384486","formEdgeID":null},{"edgeID":"1809206","fromID":"1384488","toID":"1384487","formEdgeID":null},{"edgeID":"1809207","fromID":"1384486","toID":"1384489","formEdgeID":null},{"edgeID":"1809208","fromID":"1384489","toID":"1384485","formEdgeID":null},{"edgeID":"1809209","fromID":"1384480","toID":"1384490","formEdgeID":null},{"edgeID":"1809210","fromID":"1384490","toID":"1384486","formEdgeID":null},{"edgeID":"1809211","fromID":"1384493","toID":"1384492","formEdgeID":null},{"edgeID":"1809212","fromID":"1384494","toID":"1384493","formEdgeID":null},{"edgeID":"1809213","fromID":"1384492","toID":"1384495","formEdgeID":null},{"edgeID":"1809214","fromID":"1384495","toID":"1384491","formEdgeID":null},{"edgeID":"1809215","fromID":"1384486","toID":"1384496","formEdgeID":null},{"edgeID":"1809216","fromID":"1384496","toID":"1384492","formEdgeID":null},{"edgeID":"1809217","fromID":"1384491","toID":"1384497","formEdgeID":null},{"edgeID":"1809218","fromID":"1384497","toID":"1384485","formEdgeID":null},{"edgeID":"1809219","fromID":"1384496","toID":"1384498","formEdgeID":null},{"edgeID":"1809220","fromID":"1384498","toID":"1384497","formEdgeID":null},{"edgeID":"1809221","fromID":"1384501","toID":"1384500","formEdgeID":null},{"edgeID":"1809222","fromID":"1384502","toID":"1384501","formEdgeID":null},{"edgeID":"1809223","fromID":"1384500","toID":"1384503","formEdgeID":null},{"edgeID":"1809224","fromID":"1384503","toID":"1384499","formEdgeID":null},{"edgeID":"1809225","fromID":"1384499","toID":"1384504","formEdgeID":null},{"edgeID":"1809226","fromID":"1384504","toID":"1384479","formEdgeID":null},{"edgeID":"1809227","fromID":"1384480","toID":"1384505","formEdgeID":null},{"edgeID":"1809228","fromID":"1384505","toID":"1384500","formEdgeID":null},{"edgeID":"1809229","fromID":"1384505","toID":"1384506","formEdgeID":null},{"edgeID":"1809230","fromID":"1384506","toID":"1384504","formEdgeID":null},{"edgeID":"1809231","fromID":"1384509","toID":"1384508","formEdgeID":null},{"edgeID":"1809232","fromID":"1384510","toID":"1384509","formEdgeID":null},{"edgeID":"1809233","fromID":"1384500","toID":"1384511","formEdgeID":null},{"edgeID":"1809234","fromID":"1384511","toID":"1384508","formEdgeID":null},{"edgeID":"1809235","fromID":"1384513","toID":"1384512","formEdgeID":null},{"edgeID":"1809236","fromID":"1384514","toID":"1384513","formEdgeID":null},{"edgeID":"1809237","fromID":"1384512","toID":"1384515","formEdgeID":null},{"edgeID":"1809238","fromID":"1384515","toID":"1384507","formEdgeID":null},{"edgeID":"1809239","fromID":"1384518","toID":"1384517","formEdgeID":null},{"edgeID":"1809240","fromID":"1384519","toID":"1384518","formEdgeID":null},{"edgeID":"1809241","fromID":"1384517","toID":"1384520","formEdgeID":null},{"edgeID":"1809242","fromID":"1384520","toID":"1384516","formEdgeID":null},{"edgeID":"1809243","fromID":"1384508","toID":"1384521","formEdgeID":null},{"edgeID":"1809244","fromID":"1384521","toID":"1384517","formEdgeID":null},{"edgeID":"1809245","fromID":"1384524","toID":"1384523","formEdgeID":null},{"edgeID":"1809246","fromID":"1384525","toID":"1384524","formEdgeID":null},{"edgeID":"1809247","fromID":"1384523","toID":"1384526","formEdgeID":null},{"edgeID":"1809248","fromID":"1384526","toID":"1384522","formEdgeID":null},{"edgeID":"1809249","fromID":"1384508","toID":"1384527","formEdgeID":null},{"edgeID":"1809250","fromID":"1384527","toID":"1384512","formEdgeID":null},{"edgeID":"1809251","fromID":"1384522","toID":"1384528","formEdgeID":null},{"edgeID":"1809252","fromID":"1384528","toID":"1384507","formEdgeID":null},{"edgeID":"1809253","fromID":"1384508","toID":"1384529","formEdgeID":null},{"edgeID":"1809254","fromID":"1384529","toID":"1384523","formEdgeID":null},{"edgeID":"1809255","fromID":"1384529","toID":"1384530","formEdgeID":null},{"edgeID":"1809256","fromID":"1384530","toID":"1384528","formEdgeID":null},{"edgeID":"1809257","fromID":"1384533","toID":"1384532","formEdgeID":null},{"edgeID":"1809258","fromID":"1384534","toID":"1384533","formEdgeID":null},{"edgeID":"1809259","fromID":"1384532","toID":"1384535","formEdgeID":null},{"edgeID":"1809260","fromID":"1384535","toID":"1384531","formEdgeID":null},{"edgeID":"1809261","fromID":"1384523","toID":"1384536","formEdgeID":null},{"edgeID":"1809262","fromID":"1384536","toID":"1384532","formEdgeID":null},{"edgeID":"1809263","fromID":"1384539","toID":"1384538","formEdgeID":null},{"edgeID":"1809264","fromID":"1384540","toID":"1384539","formEdgeID":null},{"edgeID":"1809265","fromID":"1384538","toID":"1384541","formEdgeID":null},{"edgeID":"1809266","fromID":"1384541","toID":"1384537","formEdgeID":null},{"edgeID":"1809267","fromID":"1384532","toID":"1384542","formEdgeID":null},{"edgeID":"1809268","fromID":"1384542","toID":"1384538","formEdgeID":null},{"edgeID":"1809269","fromID":"1384455","toID":"1384543","formEdgeID":null},{"edgeID":"1809270","fromID":"1384543","toID":"1384461","formEdgeID":null},{"edgeID":"1809271","fromID":"1384471","toID":"1384544","formEdgeID":null},{"edgeID":"1809272","fromID":"1384544","toID":"1384465","formEdgeID":null},{"edgeID":"1809273","fromID":"1384465","toID":"1384545","formEdgeID":null},{"edgeID":"1809274","fromID":"1384545","toID":"1384460","formEdgeID":null},{"edgeID":"1809275","fromID":"1384470","toID":"1384546","formEdgeID":null},{"edgeID":"1809276","fromID":"1384546","toID":"1384545","formEdgeID":null},{"edgeID":"1809277","fromID":"1384476","toID":"1384547","formEdgeID":null},{"edgeID":"1809278","fromID":"1384547","toID":"1384544","formEdgeID":null},{"edgeID":"1809279","fromID":"1384549","toID":"1384548","formEdgeID":null},{"edgeID":"1809280","fromID":"1384550","toID":"1384549","formEdgeID":null},{"edgeID":"1809281","fromID":"1384472","toID":"1384551","formEdgeID":null},{"edgeID":"1809282","fromID":"1384551","toID":"1384548","formEdgeID":null},{"edgeID":"1809283","fromID":"1384548","toID":"1384552","formEdgeID":null},{"edgeID":"1809284","fromID":"1384552","toID":"1384477","formEdgeID":null},{"edgeID":"1809285","fromID":"1384551","toID":"1384553","formEdgeID":null},{"edgeID":"1809286","fromID":"1384553","toID":"1384478","formEdgeID":null},{"edgeID":"1809287","fromID":"1384548","toID":"1384554","formEdgeID":null},{"edgeID":"1809288","fromID":"1384554","toID":"1384480","formEdgeID":null},{"edgeID":"1809289","fromID":"1384554","toID":"1384555","formEdgeID":null},{"edgeID":"1809290","fromID":"1384555","toID":"1384484","formEdgeID":null},{"edgeID":"1809291","fromID":"1384522","toID":"1384556","formEdgeID":null},{"edgeID":"1809292","fromID":"1384556","toID":"1384531","formEdgeID":null},{"edgeID":"1809293","fromID":"1384536","toID":"1384557","formEdgeID":null},{"edgeID":"1809294","fromID":"1384557","toID":"1384556","formEdgeID":null}],"locutions":[]}