{"nodes":[{"nodeID":"1383070","text":"Fiona Bruce: Okay","type":"L","timestamp":"2023-11-09 14:57:57"},{"nodeID":"1383071","text":"Anon: Fiona Bruce: Okay","type":"L","timestamp":"2023-11-09 14:57:57"},{"nodeID":"1383072","text":"we should or should not be doing what Philip Pullman is suggesting","type":"I","timestamp":"2023-11-09 14:57:57"},{"nodeID":"1383073","text":"Fiona Bruce: should be doing what Philip Pullman is suggesting","type":"L","timestamp":"2023-11-09 14:57:57"},{"nodeID":"1383074","text":"Analysing","type":"YA","timestamp":"2023-11-09 14:57:57"},{"nodeID":"1383075","text":"Anon: Fiona Bruce: should be doing what Philip Pullman is suggesting","type":"L","timestamp":"2023-11-09 14:57:57"},{"nodeID":"1383076","text":"Pure Questioning","type":"YA","timestamp":"2023-11-09 14:57:57"},{"nodeID":"1383077","text":"the readers, children, their parents, schools are very able to select","type":"I","timestamp":"2023-11-09 14:57:58"},{"nodeID":"1383078","text":"Liz Saville Roberts: the readers, children, their parents, schools are very able to select","type":"L","timestamp":"2023-11-09 14:57:58"},{"nodeID":"1383079","text":"Analysing","type":"YA","timestamp":"2023-11-09 14:57:58"},{"nodeID":"1383080","text":"Anon: Liz Saville Roberts: the readers, children, their parents, schools are very able to select","type":"L","timestamp":"2023-11-09 14:57:58"},{"nodeID":"1383081","text":"Asserting","type":"YA","timestamp":"2023-11-09 14:57:58"},{"nodeID":"1383082","text":"maybe John Steinbeck will be deselected","type":"I","timestamp":"2023-11-09 14:57:59"},{"nodeID":"1383083","text":"Liz Saville Roberts: Maybe John Steinbeck will be deselected","type":"L","timestamp":"2023-11-09 14:57:59"},{"nodeID":"1383084","text":"Analysing","type":"YA","timestamp":"2023-11-09 14:57:59"},{"nodeID":"1383085","text":"Anon: Liz Saville Roberts: Maybe John Steinbeck will be deselected","type":"L","timestamp":"2023-11-09 14:57:59"},{"nodeID":"1383086","text":"Asserting","type":"YA","timestamp":"2023-11-09 14:57:59"},{"nodeID":"1383087","text":"Default Transition","type":"TA","timestamp":"2023-11-09 14:57:59"},{"nodeID":"1383088","text":"we\u2019ve already deselected many in the past","type":"I","timestamp":"2023-11-09 14:57:59"},{"nodeID":"1383089","text":"Liz Saville Roberts: We\u2019ve already deselected many in the past","type":"L","timestamp":"2023-11-09 14:57:59"},{"nodeID":"1383090","text":"Analysing","type":"YA","timestamp":"2023-11-09 14:57:59"},{"nodeID":"1383091","text":"Anon: Liz Saville Roberts: We\u2019ve already deselected many in the past","type":"L","timestamp":"2023-11-09 14:57:59"},{"nodeID":"1383092","text":"Asserting","type":"YA","timestamp":"2023-11-09 14:57:59"},{"nodeID":"1383093","text":"Default Transition","type":"TA","timestamp":"2023-11-09 14:57:59"},{"nodeID":"1383094","text":"Default Rephrase","type":"MA","timestamp":"2023-11-09 14:57:59"},{"nodeID":"1383095","text":"Restating","type":"YA","timestamp":"2023-11-09 14:57:59"},{"nodeID":"1383096","text":"being deselected is how it goes","type":"I","timestamp":"2023-11-09 14:58:00"},{"nodeID":"1383097","text":"Liz Saville Roberts: That\u2019s how it goes","type":"L","timestamp":"2023-11-09 14:58:00"},{"nodeID":"1383098","text":"Analysing","type":"YA","timestamp":"2023-11-09 14:58:00"},{"nodeID":"1383099","text":"Anon: Liz Saville Roberts: That\u2019s how it goes","type":"L","timestamp":"2023-11-09 14:58:00"},{"nodeID":"1383100","text":"Asserting","type":"YA","timestamp":"2023-11-09 14:58:00"},{"nodeID":"1383101","text":"Default Transition","type":"TA","timestamp":"2023-11-09 14:58:00"},{"nodeID":"1383102","text":"Default Rephrase","type":"MA","timestamp":"2023-11-09 14:58:00"},{"nodeID":"1383103","text":"Restating","type":"YA","timestamp":"2023-11-09 14:58:00"},{"nodeID":"1383104","text":"the texts from Roald Dahl themselves are pieces of their time","type":"I","timestamp":"2023-11-09 14:58:01"},{"nodeID":"1383105","text":"Liz Saville Roberts: the texts themselves are pieces of their time","type":"L","timestamp":"2023-11-09 14:58:01"},{"nodeID":"1383106","text":"Analysing","type":"YA","timestamp":"2023-11-09 14:58:01"},{"nodeID":"1383107","text":"Anon: Liz Saville Roberts: the texts themselves are pieces of their time","type":"L","timestamp":"2023-11-09 14:58:01"},{"nodeID":"1383108","text":"Asserting","type":"YA","timestamp":"2023-11-09 14:58:01"},{"nodeID":"1383109","text":"Default Transition","type":"TA","timestamp":"2023-11-09 14:58:01"},{"nodeID":"1383110","text":"we should live with the texts themselves being pieces of their time","type":"I","timestamp":"2023-11-09 14:58:01"},{"nodeID":"1383111","text":"Liz Saville Roberts: we should live with that","type":"L","timestamp":"2023-11-09 14:58:01"},{"nodeID":"1383112","text":"Analysing","type":"YA","timestamp":"2023-11-09 14:58:01"},{"nodeID":"1383113","text":"Anon: Liz Saville Roberts: we should live with that","type":"L","timestamp":"2023-11-09 14:58:01"},{"nodeID":"1383114","text":"Asserting","type":"YA","timestamp":"2023-11-09 14:58:01"},{"nodeID":"1383115","text":"Default Transition","type":"TA","timestamp":"2023-11-09 14:58:01"},{"nodeID":"1383116","text":"the texts from Roald Dahl shouldn't change","type":"I","timestamp":"2023-11-09 14:58:02"},{"nodeID":"1383117","text":"Fiona Bruce: they shouldn't change","type":"L","timestamp":"2023-11-09 14:58:02"},{"nodeID":"1383118","text":"Analysing","type":"YA","timestamp":"2023-11-09 14:58:02"},{"nodeID":"1383119","text":"Anon: Fiona Bruce: they shouldn't change","type":"L","timestamp":"2023-11-09 14:58:02"},{"nodeID":"1383120","text":"Asserting","type":"YA","timestamp":"2023-11-09 14:58:02"},{"nodeID":"1383121","text":"Default Transition","type":"TA","timestamp":"2023-11-09 14:58:02"},{"nodeID":"1383122","text":"the words to Roald Dahl\u2019s books shouldn't change","type":"I","timestamp":"2023-11-09 14:58:03"},{"nodeID":"1383123","text":"Fiona Bruce: the words to Roald Dahl\u2019s books shouldn't change","type":"L","timestamp":"2023-11-09 14:58:03"},{"nodeID":"1383124","text":"Analysing","type":"YA","timestamp":"2023-11-09 14:58:03"},{"nodeID":"1383125","text":"Anon: Fiona Bruce: the words to Roald Dahl\u2019s books shouldn't change","type":"L","timestamp":"2023-11-09 14:58:03"},{"nodeID":"1383126","text":"Asserting","type":"YA","timestamp":"2023-11-09 14:58:03"},{"nodeID":"1383127","text":"Default Transition","type":"TA","timestamp":"2023-11-09 14:58:03"},{"nodeID":"1383128","text":"Default Inference","type":"RA","timestamp":"2023-11-09 14:58:03"},{"nodeID":"1383129","text":"Arguing","type":"YA","timestamp":"2023-11-09 14:58:03"},{"nodeID":"1383130","text":"Liz Saville Roberts: Yeah","type":"L","timestamp":"2023-11-09 14:58:03"},{"nodeID":"1383131","text":"Analysing","type":"YA","timestamp":"2023-11-09 14:58:03"},{"nodeID":"1383132","text":"Anon: Liz Saville Roberts: Yeah","type":"L","timestamp":"2023-11-09 14:58:03"},{"nodeID":"1383133","text":"Analysing","type":"YA","timestamp":"2023-11-09 14:58:03"},{"nodeID":"1383134","text":"Default Transition","type":"TA","timestamp":"2023-11-09 14:58:03"},{"nodeID":"1383135","text":"the Roald Dahl estate is about to or selling the rights to the whole Roald Dahl series to Netflix","type":"I","timestamp":"2023-11-09 14:58:03"},{"nodeID":"1383136","text":"AudienceMember 20230330QT31: the Roald Dahl estate is about to or selling the rights to the whole Roald Dahl series to Netflix","type":"L","timestamp":"2023-11-09 14:58:03"},{"nodeID":"1383137","text":"Analysing","type":"YA","timestamp":"2023-11-09 14:58:03"},{"nodeID":"1383138","text":"Anon: AudienceMember 20230330QT31: the Roald Dahl estate is about to or selling the rights to the whole Roald Dahl series to Netflix","type":"L","timestamp":"2023-11-09 14:58:03"},{"nodeID":"1383139","text":"Asserting","type":"YA","timestamp":"2023-11-09 14:58:03"},{"nodeID":"1383140","text":"Default Transition","type":"TA","timestamp":"2023-11-09 14:58:03"},{"nodeID":"1383141","text":"Fiona Bruce: what, in terms of Rakie\u2019s commercial point, is that what you\u2019re saying there","type":"L","timestamp":"2023-11-09 14:58:03"},{"nodeID":"1383142","text":"Analysing","type":"YA","timestamp":"2023-11-09 14:58:03"},{"nodeID":"1383143","text":"Anon: Fiona Bruce: what, in terms of Rakie\u2019s commercial point, is that what you\u2019re saying there","type":"L","timestamp":"2023-11-09 14:58:03"},{"nodeID":"1383144","text":"Default Transition","type":"TA","timestamp":"2023-11-09 14:58:03"},{"nodeID":"1383145","text":"AudienceMember 20230330QT32: Yes, in terms of the commercial point, it is my understanding","type":"L","timestamp":"2023-11-09 14:58:03"},{"nodeID":"1383146","text":"Analysing","type":"YA","timestamp":"2023-11-09 14:58:03"},{"nodeID":"1383147","text":"Anon: AudienceMember 20230330QT32: Yes, in terms of the commercial point, it is my understanding","type":"L","timestamp":"2023-11-09 14:58:03"},{"nodeID":"1383148","text":"Default Transition","type":"TA","timestamp":"2023-11-09 14:58:03"},{"nodeID":"1383149","text":"Analysing","type":"YA","timestamp":"2023-11-09 14:58:03"},{"nodeID":"1383150","text":"Default Transition","type":"TA","timestamp":"2023-11-09 14:58:03"},{"nodeID":"1383151","text":"we should or should not do what Philp Pullman is saying or we should rather change it just let them go out of print","type":"I","timestamp":"2023-11-09 14:58:04"},{"nodeID":"1383152","text":"Fiona Bruce: is saying \u2013 rather than change it just let them go out of print","type":"L","timestamp":"2023-11-09 14:58:04"},{"nodeID":"1383153","text":"Analysing","type":"YA","timestamp":"2023-11-09 14:58:04"},{"nodeID":"1383154","text":"Anon: Fiona Bruce: is saying \u2013 rather than change it just let them go out of print","type":"L","timestamp":"2023-11-09 14:58:04"},{"nodeID":"1383155","text":"Pure Questioning","type":"YA","timestamp":"2023-11-09 14:58:04"},{"nodeID":"1383156","text":"Default Transition","type":"TA","timestamp":"2023-11-09 14:58:04"},{"nodeID":"1383157","text":"Default Transition","type":"TA","timestamp":"2023-11-09 14:58:04"},{"nodeID":"1383158","text":"Default Rephrase","type":"MA","timestamp":"2023-11-09 14:58:04"},{"nodeID":"1383159","text":"Restating","type":"YA","timestamp":"2023-11-09 14:58:04"},{"nodeID":"1383160","text":"Analysing","type":"YA","timestamp":"2023-11-09 14:58:04"},{"nodeID":"1383161","text":"Anon: Fiona Bruce: that\u2019s what you\u2019re saying","type":"L","timestamp":"2023-11-09 14:58:04"},{"nodeID":"1383162","text":"Fiona Bruce: that\u2019s what you\u2019re saying","type":"L","timestamp":"2023-11-09 14:58:04"},{"nodeID":"1383163","text":"Liz Saville Roberts: the words to Roald Dahl\u2019s books shouldn't change","type":"L","timestamp":"2023-11-09 14:58:04"},{"nodeID":"1383164","text":"Analysing","type":"YA","timestamp":"2023-11-09 14:58:04"},{"nodeID":"1383165","text":"Anon: Liz Saville Roberts: that\u2019s what you\u2019re saying","type":"L","timestamp":"2023-11-09 14:58:04"},{"nodeID":"1383166","text":"Asserting","type":"YA","timestamp":"2023-11-09 14:58:04"},{"nodeID":"1383167","text":"Asserting","type":"YA","timestamp":"2023-11-09 14:58:04"},{"nodeID":"1383168","text":"Default Transition","type":"TA","timestamp":"2023-11-09 14:58:04"},{"nodeID":"1383169","text":"Default Transition","type":"TA","timestamp":"2023-11-09 14:58:04"},{"nodeID":"1383170","text":"Agreeing","type":"YA","timestamp":"2023-11-09 14:58:04"},{"nodeID":"1383171","text":"Default Inference","type":"RA","timestamp":"2023-11-09 14:58:04"},{"nodeID":"1383172","text":"Arguing","type":"YA","timestamp":"2023-11-09 14:58:04"},{"nodeID":"1383173","text":"xxx","type":"I","timestamp":"2023-11-09 14:58:04"},{"nodeID":"1383174","text":"AudienceMember 20230330QT32: what, in terms of Rakie\u2019s commercial point I am saying xxx","type":"L","timestamp":"2023-11-09 14:58:04"},{"nodeID":"1383175","text":"Analysing","type":"YA","timestamp":"2023-11-09 14:58:04"},{"nodeID":"1383176","text":"Anon: AudienceMember 20230330QT32: Fiona Bruce: what, in terms of Rakie\u2019s commercial point, is that what you\u2019re saying there","type":"L","timestamp":"2023-11-09 14:58:04"},{"nodeID":"1383177","text":"Pure Questioning","type":"YA","timestamp":"2023-11-09 14:58:04"},{"nodeID":"1383178","text":"Asserting","type":"YA","timestamp":"2023-11-09 14:58:04"},{"nodeID":"1383179","text":"Agreeing","type":"YA","timestamp":"2023-11-09 14:58:04"}],"edges":[{"edgeID":"1807565","fromID":"1383074","toID":"1383073","formEdgeID":null},{"edgeID":"1807566","fromID":"1383075","toID":"1383074","formEdgeID":null},{"edgeID":"1807567","fromID":"1383073","toID":"1383076","formEdgeID":null},{"edgeID":"1807568","fromID":"1383076","toID":"1383072","formEdgeID":null},{"edgeID":"1807569","fromID":"1383079","toID":"1383078","formEdgeID":null},{"edgeID":"1807570","fromID":"1383080","toID":"1383079","formEdgeID":null},{"edgeID":"1807571","fromID":"1383078","toID":"1383081","formEdgeID":null},{"edgeID":"1807572","fromID":"1383081","toID":"1383077","formEdgeID":null},{"edgeID":"1807573","fromID":"1383084","toID":"1383083","formEdgeID":null},{"edgeID":"1807574","fromID":"1383085","toID":"1383084","formEdgeID":null},{"edgeID":"1807575","fromID":"1383083","toID":"1383086","formEdgeID":null},{"edgeID":"1807576","fromID":"1383086","toID":"1383082","formEdgeID":null},{"edgeID":"1807577","fromID":"1383078","toID":"1383087","formEdgeID":null},{"edgeID":"1807578","fromID":"1383087","toID":"1383083","formEdgeID":null},{"edgeID":"1807579","fromID":"1383090","toID":"1383089","formEdgeID":null},{"edgeID":"1807580","fromID":"1383091","toID":"1383090","formEdgeID":null},{"edgeID":"1807581","fromID":"1383089","toID":"1383092","formEdgeID":null},{"edgeID":"1807582","fromID":"1383092","toID":"1383088","formEdgeID":null},{"edgeID":"1807583","fromID":"1383083","toID":"1383093","formEdgeID":null},{"edgeID":"1807584","fromID":"1383093","toID":"1383089","formEdgeID":null},{"edgeID":"1807585","fromID":"1383088","toID":"1383094","formEdgeID":null},{"edgeID":"1807586","fromID":"1383094","toID":"1383082","formEdgeID":null},{"edgeID":"1807587","fromID":"1383093","toID":"1383095","formEdgeID":null},{"edgeID":"1807588","fromID":"1383095","toID":"1383094","formEdgeID":null},{"edgeID":"1807589","fromID":"1383098","toID":"1383097","formEdgeID":null},{"edgeID":"1807590","fromID":"1383099","toID":"1383098","formEdgeID":null},{"edgeID":"1807591","fromID":"1383097","toID":"1383100","formEdgeID":null},{"edgeID":"1807592","fromID":"1383100","toID":"1383096","formEdgeID":null},{"edgeID":"1807593","fromID":"1383089","toID":"1383101","formEdgeID":null},{"edgeID":"1807594","fromID":"1383101","toID":"1383097","formEdgeID":null},{"edgeID":"1807595","fromID":"1383096","toID":"1383102","formEdgeID":null},{"edgeID":"1807596","fromID":"1383102","toID":"1383088","formEdgeID":null},{"edgeID":"1807597","fromID":"1383101","toID":"1383103","formEdgeID":null},{"edgeID":"1807598","fromID":"1383103","toID":"1383102","formEdgeID":null},{"edgeID":"1807599","fromID":"1383106","toID":"1383105","formEdgeID":null},{"edgeID":"1807600","fromID":"1383107","toID":"1383106","formEdgeID":null},{"edgeID":"1807601","fromID":"1383105","toID":"1383108","formEdgeID":null},{"edgeID":"1807602","fromID":"1383108","toID":"1383104","formEdgeID":null},{"edgeID":"1807603","fromID":"1383097","toID":"1383109","formEdgeID":null},{"edgeID":"1807604","fromID":"1383109","toID":"1383105","formEdgeID":null},{"edgeID":"1807605","fromID":"1383112","toID":"1383111","formEdgeID":null},{"edgeID":"1807606","fromID":"1383113","toID":"1383112","formEdgeID":null},{"edgeID":"1807607","fromID":"1383111","toID":"1383114","formEdgeID":null},{"edgeID":"1807608","fromID":"1383114","toID":"1383110","formEdgeID":null},{"edgeID":"1807609","fromID":"1383105","toID":"1383115","formEdgeID":null},{"edgeID":"1807610","fromID":"1383115","toID":"1383111","formEdgeID":null},{"edgeID":"1807611","fromID":"1383118","toID":"1383117","formEdgeID":null},{"edgeID":"1807612","fromID":"1383119","toID":"1383118","formEdgeID":null},{"edgeID":"1807613","fromID":"1383117","toID":"1383120","formEdgeID":null},{"edgeID":"1807614","fromID":"1383120","toID":"1383116","formEdgeID":null},{"edgeID":"1807615","fromID":"1383111","toID":"1383121","formEdgeID":null},{"edgeID":"1807616","fromID":"1383121","toID":"1383117","formEdgeID":null},{"edgeID":"1807617","fromID":"1383124","toID":"1383123","formEdgeID":null},{"edgeID":"1807618","fromID":"1383125","toID":"1383124","formEdgeID":null},{"edgeID":"1807619","fromID":"1383123","toID":"1383126","formEdgeID":null},{"edgeID":"1807620","fromID":"1383126","toID":"1383122","formEdgeID":null},{"edgeID":"1807621","fromID":"1383117","toID":"1383127","formEdgeID":null},{"edgeID":"1807622","fromID":"1383127","toID":"1383123","formEdgeID":null},{"edgeID":"1807623","fromID":"1383116","toID":"1383128","formEdgeID":null},{"edgeID":"1807624","fromID":"1383128","toID":"1383122","formEdgeID":null},{"edgeID":"1807625","fromID":"1383127","toID":"1383129","formEdgeID":null},{"edgeID":"1807626","fromID":"1383129","toID":"1383128","formEdgeID":null},{"edgeID":"1807627","fromID":"1383131","toID":"1383130","formEdgeID":null},{"edgeID":"1807628","fromID":"1383132","toID":"1383131","formEdgeID":null},{"edgeID":"1807629","fromID":"1383133","toID":"1383070","formEdgeID":null},{"edgeID":"1807630","fromID":"1383071","toID":"1383133","formEdgeID":null},{"edgeID":"1807631","fromID":"1383130","toID":"1383134","formEdgeID":null},{"edgeID":"1807632","fromID":"1383134","toID":"1383070","formEdgeID":null},{"edgeID":"1807633","fromID":"1383137","toID":"1383136","formEdgeID":null},{"edgeID":"1807634","fromID":"1383138","toID":"1383137","formEdgeID":null},{"edgeID":"1807635","fromID":"1383136","toID":"1383139","formEdgeID":null},{"edgeID":"1807636","fromID":"1383139","toID":"1383135","formEdgeID":null},{"edgeID":"1807637","fromID":"1383070","toID":"1383140","formEdgeID":null},{"edgeID":"1807638","fromID":"1383140","toID":"1383136","formEdgeID":null},{"edgeID":"1807639","fromID":"1383142","toID":"1383141","formEdgeID":null},{"edgeID":"1807640","fromID":"1383143","toID":"1383142","formEdgeID":null},{"edgeID":"1807641","fromID":"1383136","toID":"1383144","formEdgeID":null},{"edgeID":"1807642","fromID":"1383144","toID":"1383141","formEdgeID":null},{"edgeID":"1807643","fromID":"1383146","toID":"1383145","formEdgeID":null},{"edgeID":"1807644","fromID":"1383147","toID":"1383146","formEdgeID":null},{"edgeID":"1807645","fromID":"1383141","toID":"1383148","formEdgeID":null},{"edgeID":"1807646","fromID":"1383148","toID":"1383145","formEdgeID":null},{"edgeID":"1807647","fromID":"1383149","toID":"1383070","formEdgeID":null},{"edgeID":"1807648","fromID":"1383071","toID":"1383149","formEdgeID":null},{"edgeID":"1807649","fromID":"1383145","toID":"1383150","formEdgeID":null},{"edgeID":"1807650","fromID":"1383150","toID":"1383070","formEdgeID":null},{"edgeID":"1807651","fromID":"1383153","toID":"1383152","formEdgeID":null},{"edgeID":"1807652","fromID":"1383154","toID":"1383153","formEdgeID":null},{"edgeID":"1807653","fromID":"1383152","toID":"1383155","formEdgeID":null},{"edgeID":"1807654","fromID":"1383155","toID":"1383151","formEdgeID":null},{"edgeID":"1807655","fromID":"1383073","toID":"1383156","formEdgeID":null},{"edgeID":"1807656","fromID":"1383156","toID":"1383152","formEdgeID":null},{"edgeID":"1807657","fromID":"1383152","toID":"1383157","formEdgeID":null},{"edgeID":"1807658","fromID":"1383157","toID":"1383078","formEdgeID":null},{"edgeID":"1807659","fromID":"1383151","toID":"1383158","formEdgeID":null},{"edgeID":"1807660","fromID":"1383158","toID":"1383072","formEdgeID":null},{"edgeID":"1807661","fromID":"1383156","toID":"1383159","formEdgeID":null},{"edgeID":"1807662","fromID":"1383159","toID":"1383158","formEdgeID":null},{"edgeID":"1807663","fromID":"1383161","toID":"1383160","formEdgeID":null},{"edgeID":"1807664","fromID":"1383160","toID":"1383162","formEdgeID":null},{"edgeID":"1807665","fromID":"1383164","toID":"1383163","formEdgeID":null},{"edgeID":"1807666","fromID":"1383165","toID":"1383164","formEdgeID":null},{"edgeID":"1807667","fromID":"1383162","toID":"1383166","formEdgeID":null},{"edgeID":"1807668","fromID":"1383166","toID":"1383163","formEdgeID":null},{"edgeID":"1807669","fromID":"1383163","toID":"1383167","formEdgeID":null},{"edgeID":"1807670","fromID":"1383167","toID":"1383122","formEdgeID":null},{"edgeID":"1807671","fromID":"1383123","toID":"1383168","formEdgeID":null},{"edgeID":"1807672","fromID":"1383168","toID":"1383162","formEdgeID":null},{"edgeID":"1807673","fromID":"1383162","toID":"1383169","formEdgeID":null},{"edgeID":"1807674","fromID":"1383169","toID":"1383130","formEdgeID":null},{"edgeID":"1807675","fromID":"1383169","toID":"1383170","formEdgeID":null},{"edgeID":"1807676","fromID":"1383170","toID":"1383122","formEdgeID":null},{"edgeID":"1807677","fromID":"1383110","toID":"1383171","formEdgeID":null},{"edgeID":"1807678","fromID":"1383171","toID":"1383116","formEdgeID":null},{"edgeID":"1807679","fromID":"1383121","toID":"1383172","formEdgeID":null},{"edgeID":"1807680","fromID":"1383172","toID":"1383171","formEdgeID":null},{"edgeID":"1807681","fromID":"1383175","toID":"1383174","formEdgeID":null},{"edgeID":"1807682","fromID":"1383176","toID":"1383175","formEdgeID":null},{"edgeID":"1807683","fromID":"1383174","toID":"1383177","formEdgeID":null},{"edgeID":"1807684","fromID":"1383177","toID":"1383141","formEdgeID":null},{"edgeID":"1807685","fromID":"1383174","toID":"1383178","formEdgeID":null},{"edgeID":"1807686","fromID":"1383178","toID":"1383173","formEdgeID":null},{"edgeID":"1807687","fromID":"1383148","toID":"1383179","formEdgeID":null},{"edgeID":"1807688","fromID":"1383179","toID":"1383173","formEdgeID":null}],"locutions":[]}