{"nodes":[{"nodeID":"1378454","text":"we know as well that investing in the renewable energy sector, and the digital and tech industries of the future, is going to be a critical part of how we grow our economy","type":"I","timestamp":"2023-11-09 14:51:20"},{"nodeID":"1378455","text":"Thangam Debbonaire: We know as well that investing in the renewable energy sector, and the digital and tech industries of the future, is going to be a critical part of how we grow our economy","type":"L","timestamp":"2023-11-09 14:51:20"},{"nodeID":"1378456","text":"Analysing","type":"YA","timestamp":"2023-11-09 14:51:20"},{"nodeID":"1378457","text":"Dominika: Thangam Debbonaire: We know as well that investing in the renewable energy sector, and the digital and tech industries of the future, is going to be a critical part of how we grow our economy","type":"L","timestamp":"2023-11-09 14:51:20"},{"nodeID":"1378458","text":"Asserting","type":"YA","timestamp":"2023-11-09 14:51:20"},{"nodeID":"1378459","text":"investing in the renewable energy sector, and the digital and tech industries of the future, is going to be a critical part of how we become world-beating in those industries","type":"I","timestamp":"2023-11-09 14:51:20"},{"nodeID":"1378460","text":"Thangam Debbonaire: how we become world-beating in those industries","type":"L","timestamp":"2023-11-09 14:51:20"},{"nodeID":"1378461","text":"Analysing","type":"YA","timestamp":"2023-11-09 14:51:20"},{"nodeID":"1378462","text":"Dominika: Thangam Debbonaire: how we become world-beating in those industries","type":"L","timestamp":"2023-11-09 14:51:20"},{"nodeID":"1378463","text":"Asserting","type":"YA","timestamp":"2023-11-09 14:51:20"},{"nodeID":"1378464","text":"investing in the renewable energy sector, and the digital and tech industries of the future, is going to be a critical part of how we tackle climate change","type":"I","timestamp":"2023-11-09 14:51:21"},{"nodeID":"1378465","text":"Thangam Debbonaire: how we tackle climate change","type":"L","timestamp":"2023-11-09 14:51:21"},{"nodeID":"1378466","text":"Analysing","type":"YA","timestamp":"2023-11-09 14:51:21"},{"nodeID":"1378467","text":"Dominika: Thangam Debbonaire: how we tackle climate change","type":"L","timestamp":"2023-11-09 14:51:21"},{"nodeID":"1378468","text":"Asserting","type":"YA","timestamp":"2023-11-09 14:51:21"},{"nodeID":"1378469","text":"Default Transition","type":"TA","timestamp":"2023-11-09 14:51:21"},{"nodeID":"1378470","text":"Default Transition","type":"TA","timestamp":"2023-11-09 14:51:21"},{"nodeID":"1378471","text":"Default Rephrase","type":"MA","timestamp":"2023-11-09 14:51:21"},{"nodeID":"1378472","text":"Default Rephrase","type":"MA","timestamp":"2023-11-09 14:51:21"},{"nodeID":"1378473","text":"Restating","type":"YA","timestamp":"2023-11-09 14:51:21"},{"nodeID":"1378474","text":"Restating","type":"YA","timestamp":"2023-11-09 14:51:21"},{"nodeID":"1378475","text":"investing in the renewable energy sector, and the digital and tech industries of the future, is going to be a critical part of on some very basic levels how we make our quality of life better","type":"I","timestamp":"2023-11-09 14:51:22"},{"nodeID":"1378476","text":"Thangam Debbonaire: on some very basic levels how we make our quality of life better","type":"L","timestamp":"2023-11-09 14:51:22"},{"nodeID":"1378477","text":"Analysing","type":"YA","timestamp":"2023-11-09 14:51:22"},{"nodeID":"1378478","text":"Dominika: Thangam Debbonaire: on some very basic levels how we make our quality of life better","type":"L","timestamp":"2023-11-09 14:51:22"},{"nodeID":"1378479","text":"Asserting","type":"YA","timestamp":"2023-11-09 14:51:22"},{"nodeID":"1378480","text":"Default Transition","type":"TA","timestamp":"2023-11-09 14:51:22"},{"nodeID":"1378481","text":"Default Rephrase","type":"MA","timestamp":"2023-11-09 14:51:22"},{"nodeID":"1378482","text":"Restating","type":"YA","timestamp":"2023-11-09 14:51:22"},{"nodeID":"1378483","text":"you invest in renewables","type":"I","timestamp":"2023-11-09 14:51:22"},{"nodeID":"1378484","text":"Thangam Debbonaire: you invest in renewables","type":"L","timestamp":"2023-11-09 14:51:22"},{"nodeID":"1378485","text":"Analysing","type":"YA","timestamp":"2023-11-09 14:51:22"},{"nodeID":"1378486","text":"Dominika: Thangam Debbonaire: you invest in renewables","type":"L","timestamp":"2023-11-09 14:51:22"},{"nodeID":"1378487","text":"Asserting","type":"YA","timestamp":"2023-11-09 14:51:22"},{"nodeID":"1378488","text":"you bring down people\u2019s bills","type":"I","timestamp":"2023-11-09 14:51:23"},{"nodeID":"1378489","text":"Thangam Debbonaire: you not only bring down people\u2019s bills","type":"L","timestamp":"2023-11-09 14:51:23"},{"nodeID":"1378490","text":"Analysing","type":"YA","timestamp":"2023-11-09 14:51:23"},{"nodeID":"1378491","text":"Dominika: Thangam Debbonaire: you not only bring down people\u2019s bills","type":"L","timestamp":"2023-11-09 14:51:23"},{"nodeID":"1378492","text":"Asserting","type":"YA","timestamp":"2023-11-09 14:51:23"},{"nodeID":"1378493","text":"bringing down people's bills would make us all better off","type":"I","timestamp":"2023-11-09 14:51:24"},{"nodeID":"1378494","text":"Thangam Debbonaire: that would make us all better off","type":"L","timestamp":"2023-11-09 14:51:24"},{"nodeID":"1378495","text":"Analysing","type":"YA","timestamp":"2023-11-09 14:51:24"},{"nodeID":"1378496","text":"Dominika: Thangam Debbonaire: that would make us all better off","type":"L","timestamp":"2023-11-09 14:51:24"},{"nodeID":"1378497","text":"Asserting","type":"YA","timestamp":"2023-11-09 14:51:24"},{"nodeID":"1378498","text":"bringing down people's bills helps with growing the economy","type":"I","timestamp":"2023-11-09 14:51:24"},{"nodeID":"1378499","text":"Thangam Debbonaire: that helps with growing the economy","type":"L","timestamp":"2023-11-09 14:51:24"},{"nodeID":"1378500","text":"Analysing","type":"YA","timestamp":"2023-11-09 14:51:24"},{"nodeID":"1378501","text":"Dominika: Thangam Debbonaire: that helps with growing the economy","type":"L","timestamp":"2023-11-09 14:51:24"},{"nodeID":"1378502","text":"Asserting","type":"YA","timestamp":"2023-11-09 14:51:24"},{"nodeID":"1378503","text":"Default Inference","type":"RA","timestamp":"2023-11-09 14:51:24"},{"nodeID":"1378504","text":"Default Transition","type":"TA","timestamp":"2023-11-09 14:51:24"},{"nodeID":"1378505","text":"Arguing","type":"YA","timestamp":"2023-11-09 14:51:24"},{"nodeID":"1378506","text":"Default Rephrase","type":"MA","timestamp":"2023-11-09 14:51:24"},{"nodeID":"1378507","text":"Default Transition","type":"TA","timestamp":"2023-11-09 14:51:24"},{"nodeID":"1378508","text":"Restating","type":"YA","timestamp":"2023-11-09 14:51:24"},{"nodeID":"1378509","text":"you create those great new jobs in digital and tech industries","type":"I","timestamp":"2023-11-09 14:51:25"},{"nodeID":"1378510","text":"Thangam Debbonaire: you create those great new jobs in those industries","type":"L","timestamp":"2023-11-09 14:51:25"},{"nodeID":"1378511","text":"Analysing","type":"YA","timestamp":"2023-11-09 14:51:25"},{"nodeID":"1378512","text":"Dominika: Thangam Debbonaire: you create those great new jobs in those industries","type":"L","timestamp":"2023-11-09 14:51:25"},{"nodeID":"1378513","text":"Asserting","type":"YA","timestamp":"2023-11-09 14:51:25"},{"nodeID":"1378514","text":"Default Inference","type":"RA","timestamp":"2023-11-09 14:51:25"},{"nodeID":"1378515","text":"Default Transition","type":"TA","timestamp":"2023-11-09 14:51:25"},{"nodeID":"1378516","text":"Arguing","type":"YA","timestamp":"2023-11-09 14:51:25"},{"nodeID":"1378517","text":"Default Transition","type":"TA","timestamp":"2023-11-09 14:51:25"},{"nodeID":"1378518","text":"Default Transition","type":"TA","timestamp":"2023-11-09 14:51:25"},{"nodeID":"1378519","text":"insulating homes as well, we\u2019d be doing that","type":"I","timestamp":"2023-11-09 14:51:26"},{"nodeID":"1378520","text":"Thangam Debbonaire: insulating homes as well, we\u2019d be doing that","type":"L","timestamp":"2023-11-09 14:51:26"},{"nodeID":"1378521","text":"Analysing","type":"YA","timestamp":"2023-11-09 14:51:26"},{"nodeID":"1378522","text":"Dominika: Thangam Debbonaire: insulating homes as well, we\u2019d be doing that","type":"L","timestamp":"2023-11-09 14:51:26"},{"nodeID":"1378523","text":"Asserting","type":"YA","timestamp":"2023-11-09 14:51:26"},{"nodeID":"1378524","text":"insulating homes brings down people\u2019s bills","type":"I","timestamp":"2023-11-09 14:51:26"},{"nodeID":"1378525","text":"Thangam Debbonaire: it brings down people\u2019s bills","type":"L","timestamp":"2023-11-09 14:51:26"},{"nodeID":"1378526","text":"Analysing","type":"YA","timestamp":"2023-11-09 14:51:26"},{"nodeID":"1378527","text":"Dominika: Thangam Debbonaire: it brings down people\u2019s bills","type":"L","timestamp":"2023-11-09 14:51:26"},{"nodeID":"1378528","text":"Asserting","type":"YA","timestamp":"2023-11-09 14:51:26"},{"nodeID":"1378529","text":"insulating homes also creates new jobs","type":"I","timestamp":"2023-11-09 14:51:27"},{"nodeID":"1378530","text":"Thangam Debbonaire: it also creates new jobs","type":"L","timestamp":"2023-11-09 14:51:27"},{"nodeID":"1378531","text":"Analysing","type":"YA","timestamp":"2023-11-09 14:51:27"},{"nodeID":"1378532","text":"Dominika: Thangam Debbonaire: it also creates new jobs","type":"L","timestamp":"2023-11-09 14:51:27"},{"nodeID":"1378533","text":"Asserting","type":"YA","timestamp":"2023-11-09 14:51:27"},{"nodeID":"1378534","text":"Default Inference","type":"RA","timestamp":"2023-11-09 14:51:27"},{"nodeID":"1378535","text":"Default Transition","type":"TA","timestamp":"2023-11-09 14:51:27"},{"nodeID":"1378536","text":"Default Transition","type":"TA","timestamp":"2023-11-09 14:51:27"},{"nodeID":"1378537","text":"Default Transition","type":"TA","timestamp":"2023-11-09 14:51:27"},{"nodeID":"1378538","text":"Default Transition","type":"TA","timestamp":"2023-11-09 14:51:27"},{"nodeID":"1378539","text":"you\u2019ll be tackling climate change","type":"I","timestamp":"2023-11-09 14:51:27"},{"nodeID":"1378540","text":"Thangam Debbonaire: You\u2019ll be tackling climate change","type":"L","timestamp":"2023-11-09 14:51:27"},{"nodeID":"1378541","text":"Analysing","type":"YA","timestamp":"2023-11-09 14:51:27"},{"nodeID":"1378542","text":"Dominika: Thangam Debbonaire: You\u2019ll be tackling climate change","type":"L","timestamp":"2023-11-09 14:51:27"},{"nodeID":"1378543","text":"Asserting","type":"YA","timestamp":"2023-11-09 14:51:27"},{"nodeID":"1378544","text":"you\u2019ll be helping with energy security","type":"I","timestamp":"2023-11-09 14:51:28"},{"nodeID":"1378545","text":"Thangam Debbonaire: you\u2019ll be helping with energy security","type":"L","timestamp":"2023-11-09 14:51:28"},{"nodeID":"1378546","text":"Analysing","type":"YA","timestamp":"2023-11-09 14:51:28"},{"nodeID":"1378547","text":"Dominika: Thangam Debbonaire: you\u2019ll be helping with energy security","type":"L","timestamp":"2023-11-09 14:51:28"},{"nodeID":"1378548","text":"Asserting","type":"YA","timestamp":"2023-11-09 14:51:28"},{"nodeID":"1378549","text":"all of that taken as a whole is one example of how we would grow the economy","type":"I","timestamp":"2023-11-09 14:51:29"},{"nodeID":"1378550","text":"Thangam Debbonaire: All of that taken as a whole is one example of how we would grow the economy","type":"L","timestamp":"2023-11-09 14:51:29"},{"nodeID":"1378551","text":"Analysing","type":"YA","timestamp":"2023-11-09 14:51:29"},{"nodeID":"1378552","text":"Dominika: Thangam Debbonaire: All of that taken as a whole is one example of how we would grow the economy","type":"L","timestamp":"2023-11-09 14:51:29"},{"nodeID":"1378553","text":"Asserting","type":"YA","timestamp":"2023-11-09 14:51:29"},{"nodeID":"1378554","text":"Default Inference","type":"RA","timestamp":"2023-11-09 14:51:29"},{"nodeID":"1378555","text":"Default Transition","type":"TA","timestamp":"2023-11-09 14:51:29"},{"nodeID":"1378556","text":"Arguing","type":"YA","timestamp":"2023-11-09 14:51:29"},{"nodeID":"1378557","text":"Default Inference","type":"RA","timestamp":"2023-11-09 14:51:29"},{"nodeID":"1378558","text":"Default Transition","type":"TA","timestamp":"2023-11-09 14:51:29"},{"nodeID":"1378559","text":"Arguing","type":"YA","timestamp":"2023-11-09 14:51:29"},{"nodeID":"1378560","text":"Default Rephrase","type":"MA","timestamp":"2023-11-09 14:51:29"},{"nodeID":"1378561","text":"Default Transition","type":"TA","timestamp":"2023-11-09 14:51:29"},{"nodeID":"1378562","text":"Restating","type":"YA","timestamp":"2023-11-09 14:51:29"}],"edges":[{"edgeID":"1802153","fromID":"1378456","toID":"1378455","formEdgeID":null},{"edgeID":"1802154","fromID":"1378457","toID":"1378456","formEdgeID":null},{"edgeID":"1802155","fromID":"1378455","toID":"1378458","formEdgeID":null},{"edgeID":"1802156","fromID":"1378458","toID":"1378454","formEdgeID":null},{"edgeID":"1802157","fromID":"1378461","toID":"1378460","formEdgeID":null},{"edgeID":"1802158","fromID":"1378462","toID":"1378461","formEdgeID":null},{"edgeID":"1802159","fromID":"1378460","toID":"1378463","formEdgeID":null},{"edgeID":"1802160","fromID":"1378463","toID":"1378459","formEdgeID":null},{"edgeID":"1802161","fromID":"1378466","toID":"1378465","formEdgeID":null},{"edgeID":"1802162","fromID":"1378467","toID":"1378466","formEdgeID":null},{"edgeID":"1802163","fromID":"1378465","toID":"1378468","formEdgeID":null},{"edgeID":"1802164","fromID":"1378468","toID":"1378464","formEdgeID":null},{"edgeID":"1802165","fromID":"1378455","toID":"1378469","formEdgeID":null},{"edgeID":"1802166","fromID":"1378469","toID":"1378460","formEdgeID":null},{"edgeID":"1802167","fromID":"1378460","toID":"1378470","formEdgeID":null},{"edgeID":"1802168","fromID":"1378470","toID":"1378465","formEdgeID":null},{"edgeID":"1802169","fromID":"1378459","toID":"1378471","formEdgeID":null},{"edgeID":"1802170","fromID":"1378471","toID":"1378454","formEdgeID":null},{"edgeID":"1802171","fromID":"1378464","toID":"1378472","formEdgeID":null},{"edgeID":"1802172","fromID":"1378472","toID":"1378459","formEdgeID":null},{"edgeID":"1802173","fromID":"1378469","toID":"1378473","formEdgeID":null},{"edgeID":"1802174","fromID":"1378473","toID":"1378471","formEdgeID":null},{"edgeID":"1802175","fromID":"1378470","toID":"1378474","formEdgeID":null},{"edgeID":"1802176","fromID":"1378474","toID":"1378472","formEdgeID":null},{"edgeID":"1802177","fromID":"1378477","toID":"1378476","formEdgeID":null},{"edgeID":"1802178","fromID":"1378478","toID":"1378477","formEdgeID":null},{"edgeID":"1802179","fromID":"1378476","toID":"1378479","formEdgeID":null},{"edgeID":"1802180","fromID":"1378479","toID":"1378475","formEdgeID":null},{"edgeID":"1802181","fromID":"1378465","toID":"1378480","formEdgeID":null},{"edgeID":"1802182","fromID":"1378480","toID":"1378476","formEdgeID":null},{"edgeID":"1802183","fromID":"1378475","toID":"1378481","formEdgeID":null},{"edgeID":"1802184","fromID":"1378481","toID":"1378464","formEdgeID":null},{"edgeID":"1802185","fromID":"1378480","toID":"1378482","formEdgeID":null},{"edgeID":"1802186","fromID":"1378482","toID":"1378481","formEdgeID":null},{"edgeID":"1802187","fromID":"1378485","toID":"1378484","formEdgeID":null},{"edgeID":"1802188","fromID":"1378486","toID":"1378485","formEdgeID":null},{"edgeID":"1802189","fromID":"1378484","toID":"1378487","formEdgeID":null},{"edgeID":"1802190","fromID":"1378487","toID":"1378483","formEdgeID":null},{"edgeID":"1802191","fromID":"1378490","toID":"1378489","formEdgeID":null},{"edgeID":"1802192","fromID":"1378491","toID":"1378490","formEdgeID":null},{"edgeID":"1802193","fromID":"1378489","toID":"1378492","formEdgeID":null},{"edgeID":"1802194","fromID":"1378492","toID":"1378488","formEdgeID":null},{"edgeID":"1802195","fromID":"1378495","toID":"1378494","formEdgeID":null},{"edgeID":"1802196","fromID":"1378496","toID":"1378495","formEdgeID":null},{"edgeID":"1802197","fromID":"1378494","toID":"1378497","formEdgeID":null},{"edgeID":"1802198","fromID":"1378497","toID":"1378493","formEdgeID":null},{"edgeID":"1802199","fromID":"1378500","toID":"1378499","formEdgeID":null},{"edgeID":"1802200","fromID":"1378501","toID":"1378500","formEdgeID":null},{"edgeID":"1802201","fromID":"1378499","toID":"1378502","formEdgeID":null},{"edgeID":"1802202","fromID":"1378502","toID":"1378498","formEdgeID":null},{"edgeID":"1802203","fromID":"1378498","toID":"1378503","formEdgeID":null},{"edgeID":"1802204","fromID":"1378503","toID":"1378493","formEdgeID":null},{"edgeID":"1802205","fromID":"1378494","toID":"1378504","formEdgeID":null},{"edgeID":"1802206","fromID":"1378504","toID":"1378499","formEdgeID":null},{"edgeID":"1802207","fromID":"1378504","toID":"1378505","formEdgeID":null},{"edgeID":"1802208","fromID":"1378505","toID":"1378503","formEdgeID":null},{"edgeID":"1802209","fromID":"1378493","toID":"1378506","formEdgeID":null},{"edgeID":"1802210","fromID":"1378506","toID":"1378488","formEdgeID":null},{"edgeID":"1802211","fromID":"1378489","toID":"1378507","formEdgeID":null},{"edgeID":"1802212","fromID":"1378507","toID":"1378494","formEdgeID":null},{"edgeID":"1802213","fromID":"1378507","toID":"1378508","formEdgeID":null},{"edgeID":"1802214","fromID":"1378508","toID":"1378506","formEdgeID":null},{"edgeID":"1802215","fromID":"1378511","toID":"1378510","formEdgeID":null},{"edgeID":"1802216","fromID":"1378512","toID":"1378511","formEdgeID":null},{"edgeID":"1802217","fromID":"1378510","toID":"1378513","formEdgeID":null},{"edgeID":"1802218","fromID":"1378513","toID":"1378509","formEdgeID":null},{"edgeID":"1802219","fromID":"1378509","toID":"1378514","formEdgeID":null},{"edgeID":"1802220","fromID":"1378514","toID":"1378475","formEdgeID":null},{"edgeID":"1802221","fromID":"1378483","toID":"1378514","formEdgeID":null},{"edgeID":"1802222","fromID":"1378488","toID":"1378514","formEdgeID":null},{"edgeID":"1802223","fromID":"1378476","toID":"1378515","formEdgeID":null},{"edgeID":"1802224","fromID":"1378515","toID":"1378510","formEdgeID":null},{"edgeID":"1802225","fromID":"1378515","toID":"1378516","formEdgeID":null},{"edgeID":"1802226","fromID":"1378516","toID":"1378514","formEdgeID":null},{"edgeID":"1802227","fromID":"1378484","toID":"1378517","formEdgeID":null},{"edgeID":"1802228","fromID":"1378517","toID":"1378510","formEdgeID":null},{"edgeID":"1802229","fromID":"1378499","toID":"1378518","formEdgeID":null},{"edgeID":"1802230","fromID":"1378518","toID":"1378510","formEdgeID":null},{"edgeID":"1802231","fromID":"1378521","toID":"1378520","formEdgeID":null},{"edgeID":"1802232","fromID":"1378522","toID":"1378521","formEdgeID":null},{"edgeID":"1802233","fromID":"1378520","toID":"1378523","formEdgeID":null},{"edgeID":"1802234","fromID":"1378523","toID":"1378519","formEdgeID":null},{"edgeID":"1802235","fromID":"1378526","toID":"1378525","formEdgeID":null},{"edgeID":"1802236","fromID":"1378527","toID":"1378526","formEdgeID":null},{"edgeID":"1802237","fromID":"1378525","toID":"1378528","formEdgeID":null},{"edgeID":"1802238","fromID":"1378528","toID":"1378524","formEdgeID":null},{"edgeID":"1802239","fromID":"1378531","toID":"1378530","formEdgeID":null},{"edgeID":"1802240","fromID":"1378532","toID":"1378531","formEdgeID":null},{"edgeID":"1802241","fromID":"1378530","toID":"1378533","formEdgeID":null},{"edgeID":"1802242","fromID":"1378533","toID":"1378529","formEdgeID":null},{"edgeID":"1802243","fromID":"1378529","toID":"1378534","formEdgeID":null},{"edgeID":"1802244","fromID":"1378534","toID":"1378475","formEdgeID":null},{"edgeID":"1802245","fromID":"1378476","toID":"1378535","formEdgeID":null},{"edgeID":"1802246","fromID":"1378535","toID":"1378530","formEdgeID":null},{"edgeID":"1802247","fromID":"1378519","toID":"1378534","formEdgeID":null},{"edgeID":"1802248","fromID":"1378524","toID":"1378534","formEdgeID":null},{"edgeID":"1802249","fromID":"1378510","toID":"1378536","formEdgeID":null},{"edgeID":"1802250","fromID":"1378536","toID":"1378520","formEdgeID":null},{"edgeID":"1802251","fromID":"1378520","toID":"1378537","formEdgeID":null},{"edgeID":"1802252","fromID":"1378537","toID":"1378530","formEdgeID":null},{"edgeID":"1802253","fromID":"1378525","toID":"1378538","formEdgeID":null},{"edgeID":"1802254","fromID":"1378538","toID":"1378530","formEdgeID":null},{"edgeID":"1802255","fromID":"1378541","toID":"1378540","formEdgeID":null},{"edgeID":"1802256","fromID":"1378542","toID":"1378541","formEdgeID":null},{"edgeID":"1802257","fromID":"1378540","toID":"1378543","formEdgeID":null},{"edgeID":"1802258","fromID":"1378543","toID":"1378539","formEdgeID":null},{"edgeID":"1802259","fromID":"1378546","toID":"1378545","formEdgeID":null},{"edgeID":"1802260","fromID":"1378547","toID":"1378546","formEdgeID":null},{"edgeID":"1802261","fromID":"1378545","toID":"1378548","formEdgeID":null},{"edgeID":"1802262","fromID":"1378548","toID":"1378544","formEdgeID":null},{"edgeID":"1802263","fromID":"1378551","toID":"1378550","formEdgeID":null},{"edgeID":"1802264","fromID":"1378552","toID":"1378551","formEdgeID":null},{"edgeID":"1802265","fromID":"1378550","toID":"1378553","formEdgeID":null},{"edgeID":"1802266","fromID":"1378553","toID":"1378549","formEdgeID":null},{"edgeID":"1802267","fromID":"1378539","toID":"1378554","formEdgeID":null},{"edgeID":"1802268","fromID":"1378554","toID":"1378475","formEdgeID":null},{"edgeID":"1802269","fromID":"1378476","toID":"1378555","formEdgeID":null},{"edgeID":"1802270","fromID":"1378555","toID":"1378540","formEdgeID":null},{"edgeID":"1802271","fromID":"1378555","toID":"1378556","formEdgeID":null},{"edgeID":"1802272","fromID":"1378556","toID":"1378554","formEdgeID":null},{"edgeID":"1802273","fromID":"1378544","toID":"1378557","formEdgeID":null},{"edgeID":"1802274","fromID":"1378557","toID":"1378475","formEdgeID":null},{"edgeID":"1802275","fromID":"1378476","toID":"1378558","formEdgeID":null},{"edgeID":"1802276","fromID":"1378558","toID":"1378545","formEdgeID":null},{"edgeID":"1802277","fromID":"1378558","toID":"1378559","formEdgeID":null},{"edgeID":"1802278","fromID":"1378559","toID":"1378557","formEdgeID":null},{"edgeID":"1802279","fromID":"1378549","toID":"1378560","formEdgeID":null},{"edgeID":"1802280","fromID":"1378560","toID":"1378475","formEdgeID":null},{"edgeID":"1802281","fromID":"1378476","toID":"1378561","formEdgeID":null},{"edgeID":"1802282","fromID":"1378561","toID":"1378550","formEdgeID":null},{"edgeID":"1802283","fromID":"1378561","toID":"1378562","formEdgeID":null},{"edgeID":"1802284","fromID":"1378562","toID":"1378560","formEdgeID":null}],"locutions":[]}