{"nodes":[{"nodeID":"1382656","text":"AudienceMember 20230330QT34 can't really say whether they would be happy or not","type":"I","timestamp":"2023-11-09 14:57:22"},{"nodeID":"1382657","text":"AudienceMember 20230330QT34:  I can't really say whether I would be happy or not","type":"L","timestamp":"2023-11-09 14:57:22"},{"nodeID":"1382658","text":"Analysing","type":"YA","timestamp":"2023-11-09 14:57:22"},{"nodeID":"1382659","text":"Anon: AudienceMember 20230330QT34:  I can't really say whether I would be happy or not","type":"L","timestamp":"2023-11-09 14:57:22"},{"nodeID":"1382660","text":"Asserting","type":"YA","timestamp":"2023-11-09 14:57:22"},{"nodeID":"1382661","text":"it is quite bad what Roald Dahl said in the beginning","type":"I","timestamp":"2023-11-09 14:57:22"},{"nodeID":"1382662","text":"AudienceMember 20230330QT34: it is quite bad what he said in the beginning","type":"L","timestamp":"2023-11-09 14:57:22"},{"nodeID":"1382663","text":"Analysing","type":"YA","timestamp":"2023-11-09 14:57:22"},{"nodeID":"1382664","text":"Anon: AudienceMember 20230330QT34: it is quite bad what he said in the beginning","type":"L","timestamp":"2023-11-09 14:57:22"},{"nodeID":"1382665","text":"Asserting","type":"YA","timestamp":"2023-11-09 14:57:22"},{"nodeID":"1382666","text":"like you were saying it\u2019s good to criticise it","type":"I","timestamp":"2023-11-09 14:57:23"},{"nodeID":"1382667","text":"AudienceMember 20230330QT34: like you were saying it\u2019s good to criticise it","type":"L","timestamp":"2023-11-09 14:57:23"},{"nodeID":"1382668","text":"Analysing","type":"YA","timestamp":"2023-11-09 14:57:23"},{"nodeID":"1382669","text":"Anon: AudienceMember 20230330QT34: like you were saying it\u2019s good to criticise it","type":"L","timestamp":"2023-11-09 14:57:23"},{"nodeID":"1382670","text":"AudienceMember 20230330QT33:  it\u2019s good to criticise the language in some older books","type":"L","timestamp":"2023-11-09 14:57:23"},{"nodeID":"1382671","text":"Analysing","type":"YA","timestamp":"2023-11-09 14:57:23"},{"nodeID":"1382672","text":"Anon: AudienceMember 20230330QT33: like you were saying it\u2019s good to criticise it","type":"L","timestamp":"2023-11-09 14:57:23"},{"nodeID":"1382673","text":"Asserting","type":"YA","timestamp":"2023-11-09 14:57:23"},{"nodeID":"1382674","text":"Asserting","type":"YA","timestamp":"2023-11-09 14:57:23"},{"nodeID":"1382675","text":"that wording came out in print","type":"I","timestamp":"2023-11-09 14:57:24"},{"nodeID":"1382676","text":"AudienceMember 20230330QT34: If that came out in print","type":"L","timestamp":"2023-11-09 14:57:24"},{"nodeID":"1382677","text":"Analysing","type":"YA","timestamp":"2023-11-09 14:57:24"},{"nodeID":"1382678","text":"Anon: AudienceMember 20230330QT34: If that came out in print","type":"L","timestamp":"2023-11-09 14:57:24"},{"nodeID":"1382679","text":"Asserting","type":"YA","timestamp":"2023-11-09 14:57:24"},{"nodeID":"1382680","text":"this is quite bad","type":"I","timestamp":"2023-11-09 14:57:24"},{"nodeID":"1382681","text":"AudienceMember 20230330QT34: then you\u2019re like, oh yes then this is quite bad","type":"L","timestamp":"2023-11-09 14:57:24"},{"nodeID":"1382682","text":"Analysing","type":"YA","timestamp":"2023-11-09 14:57:24"},{"nodeID":"1382683","text":"Anon: AudienceMember 20230330QT34: then you\u2019re like, oh yes then this is quite bad","type":"L","timestamp":"2023-11-09 14:57:24"},{"nodeID":"1382684","text":"Asserting","type":"YA","timestamp":"2023-11-09 14:57:24"},{"nodeID":"1382685","text":"AudienceMember 20230330QT34 says not to change the wording in the book","type":"I","timestamp":"2023-11-09 14:57:25"},{"nodeID":"1382686","text":"Fiona Bruce: But don\u2019t change it \u2013 is that what you\u2019re saying?","type":"L","timestamp":"2023-11-09 14:57:25"},{"nodeID":"1382687","text":"Analysing","type":"YA","timestamp":"2023-11-09 14:57:25"},{"nodeID":"1382688","text":"Anon: Fiona Bruce: But don\u2019t change it \u2013 is that what you\u2019re saying?","type":"L","timestamp":"2023-11-09 14:57:25"},{"nodeID":"1382689","text":"Assertive Questioning","type":"YA","timestamp":"2023-11-09 14:57:25"},{"nodeID":"1382690","text":"AudienceMember 20230330QT35: Yeah, don\u2019t change it","type":"L","timestamp":"2023-11-09 14:57:25"},{"nodeID":"1382691","text":"Analysing","type":"YA","timestamp":"2023-11-09 14:57:25"},{"nodeID":"1382692","text":"Anon: AudienceMember 20230330QT35: Yeah, don\u2019t change it","type":"L","timestamp":"2023-11-09 14:57:25"},{"nodeID":"1382693","text":"Agreeing","type":"YA","timestamp":"2023-11-09 14:57:25"},{"nodeID":"1382694","text":"keep the wording how the author wanted it","type":"I","timestamp":"2023-11-09 14:57:26"},{"nodeID":"1382695","text":"AudienceMember 20230330QT34: keep it how the author wanted it","type":"L","timestamp":"2023-11-09 14:57:26"},{"nodeID":"1382696","text":"Analysing","type":"YA","timestamp":"2023-11-09 14:57:26"},{"nodeID":"1382697","text":"Anon: AudienceMember 20230330QT34: keep it how the author wanted it","type":"L","timestamp":"2023-11-09 14:57:26"},{"nodeID":"1382698","text":"Asserting","type":"YA","timestamp":"2023-11-09 14:57:26"},{"nodeID":"1382699","text":"Default Inference","type":"RA","timestamp":"2023-11-09 14:57:26"},{"nodeID":"1382700","text":"Default Transition","type":"TA","timestamp":"2023-11-09 14:57:26"},{"nodeID":"1382701","text":"Arguing","type":"YA","timestamp":"2023-11-09 14:57:26"},{"nodeID":"1382702","text":"the case of Charlie and the Chocolate Factory is different and interesting","type":"I","timestamp":"2023-11-09 14:57:26"},{"nodeID":"1382703","text":"Anita Boateng: I think that that is different and interesting","type":"L","timestamp":"2023-11-09 14:57:26"},{"nodeID":"1382704","text":"Analysing","type":"YA","timestamp":"2023-11-09 14:57:26"},{"nodeID":"1382705","text":"Anon: Anita Boateng: I think that that is different and interesting","type":"L","timestamp":"2023-11-09 14:57:26"},{"nodeID":"1382706","text":"Asserting","type":"YA","timestamp":"2023-11-09 14:57:26"},{"nodeID":"1382707","text":"Roald Dahl made the decision","type":"I","timestamp":"2023-11-09 14:57:27"},{"nodeID":"1382708","text":"Anita Boateng: because the author made the decision","type":"L","timestamp":"2023-11-09 14:57:27"},{"nodeID":"1382709","text":"Analysing","type":"YA","timestamp":"2023-11-09 14:57:27"},{"nodeID":"1382710","text":"Anon: Anita Boateng: because the author made the decision","type":"L","timestamp":"2023-11-09 14:57:27"},{"nodeID":"1382711","text":"Asserting","type":"YA","timestamp":"2023-11-09 14:57:27"},{"nodeID":"1382712","text":"Roald Dahl made the decision to change the wording under some duress in the end","type":"I","timestamp":"2023-11-09 14:57:28"},{"nodeID":"1382713","text":"Fiona Bruce: Well, under some duress, I think, in the end","type":"L","timestamp":"2023-11-09 14:57:28"},{"nodeID":"1382714","text":"Analysing","type":"YA","timestamp":"2023-11-09 14:57:28"},{"nodeID":"1382715","text":"Anon: Fiona Bruce: Well, under some duress, I think, in the end","type":"L","timestamp":"2023-11-09 14:57:28"},{"nodeID":"1382716","text":"Asserting","type":"YA","timestamp":"2023-11-09 14:57:28"},{"nodeID":"1382717","text":"Default Transition","type":"TA","timestamp":"2023-11-09 14:57:28"},{"nodeID":"1382718","text":"Default Conflict","type":"CA","timestamp":"2023-11-09 14:57:28"},{"nodeID":"1382719","text":"Disagreeing","type":"YA","timestamp":"2023-11-09 14:57:28"},{"nodeID":"1382720","text":"maybe he didn\u2019t love the decision to change the wording","type":"I","timestamp":"2023-11-09 14:57:28"},{"nodeID":"1382721","text":"Anita Boateng: Maybe he didn\u2019t love it","type":"L","timestamp":"2023-11-09 14:57:28"},{"nodeID":"1382722","text":"Analysing","type":"YA","timestamp":"2023-11-09 14:57:28"},{"nodeID":"1382723","text":"Anon: Anita Boateng: Maybe he didn\u2019t love it","type":"L","timestamp":"2023-11-09 14:57:28"},{"nodeID":"1382724","text":"Asserting","type":"YA","timestamp":"2023-11-09 14:57:28"},{"nodeID":"1382725","text":"changing books without consultation is where there is a serious challenge","type":"I","timestamp":"2023-11-09 14:57:29"},{"nodeID":"1382726","text":"Anita Boateng: that\u2019s where I think there is a serious challenge","type":"L","timestamp":"2023-11-09 14:57:29"},{"nodeID":"1382727","text":"Analysing","type":"YA","timestamp":"2023-11-09 14:57:29"},{"nodeID":"1382728","text":"Anon: Anita Boateng: that\u2019s where I think there is a serious challenge","type":"L","timestamp":"2023-11-09 14:57:29"},{"nodeID":"1382729","text":"Asserting","type":"YA","timestamp":"2023-11-09 14:57:29"},{"nodeID":"1382730","text":"we all know now that we could stand to improve our critical thinking","type":"I","timestamp":"2023-11-09 14:57:29"},{"nodeID":"1382731","text":"Anita Boateng: we all know now that we could stand to improve our critical thinking","type":"L","timestamp":"2023-11-09 14:57:29"},{"nodeID":"1382732","text":"Analysing","type":"YA","timestamp":"2023-11-09 14:57:29"},{"nodeID":"1382733","text":"Anon: Anita Boateng: we all know now that we could stand to improve our critical thinking","type":"L","timestamp":"2023-11-09 14:57:29"},{"nodeID":"1382734","text":"Asserting","type":"YA","timestamp":"2023-11-09 14:57:29"},{"nodeID":"1382735","text":"we could stand to improve our ability to look at information and go, is that true, does that sound right","type":"I","timestamp":"2023-11-09 14:57:30"},{"nodeID":"1382736","text":"Anita Boateng: our ability to look at information and go, is that true, does that sound right?","type":"L","timestamp":"2023-11-09 14:57:30"},{"nodeID":"1382737","text":"Analysing","type":"YA","timestamp":"2023-11-09 14:57:30"},{"nodeID":"1382738","text":"Anon: Anita Boateng: our ability to look at information and go, is that true, does that sound right?","type":"L","timestamp":"2023-11-09 14:57:30"},{"nodeID":"1382739","text":"Asserting","type":"YA","timestamp":"2023-11-09 14:57:30"},{"nodeID":"1382740","text":"we could stand to improve our ability to watch a TikTok video and go, just because someone said this is what\u2019s happening, is it actually true","type":"I","timestamp":"2023-11-09 14:57:31"},{"nodeID":"1382741","text":"Anita Boateng: Our ability to watch a TikTok video and go, just because someone said this is what\u2019s happening, is it actually true?","type":"L","timestamp":"2023-11-09 14:57:31"},{"nodeID":"1382742","text":"Analysing","type":"YA","timestamp":"2023-11-09 14:57:31"},{"nodeID":"1382743","text":"Anon: Anita Boateng: Our ability to watch a TikTok video and go, just because someone said this is what\u2019s happening, is it actually true?","type":"L","timestamp":"2023-11-09 14:57:31"},{"nodeID":"1382744","text":"Asserting","type":"YA","timestamp":"2023-11-09 14:57:31"},{"nodeID":"1382745","text":"these are skills we absolutely need to make sure our children have too","type":"I","timestamp":"2023-11-09 14:57:31"},{"nodeID":"1382746","text":"Anita Boateng: these are skills we absolutely need to make sure our children have too","type":"L","timestamp":"2023-11-09 14:57:31"},{"nodeID":"1382747","text":"Analysing","type":"YA","timestamp":"2023-11-09 14:57:31"},{"nodeID":"1382748","text":"Anon: Anita Boateng: these are skills we absolutely need to make sure our children have too","type":"L","timestamp":"2023-11-09 14:57:31"},{"nodeID":"1382749","text":"Asserting","type":"YA","timestamp":"2023-11-09 14:57:31"},{"nodeID":"1382750","text":"Default Transition","type":"TA","timestamp":"2023-11-09 14:57:31"},{"nodeID":"1382751","text":"Default Transition","type":"TA","timestamp":"2023-11-09 14:57:31"},{"nodeID":"1382752","text":"Default Inference","type":"RA","timestamp":"2023-11-09 14:57:31"},{"nodeID":"1382753","text":"Arguing","type":"YA","timestamp":"2023-11-09 14:57:31"},{"nodeID":"1382754","text":"Default Transition","type":"TA","timestamp":"2023-11-09 14:57:31"},{"nodeID":"1382755","text":"Default Inference","type":"RA","timestamp":"2023-11-09 14:57:31"},{"nodeID":"1382756","text":"Arguing","type":"YA","timestamp":"2023-11-09 14:57:31"},{"nodeID":"1382757","text":"Default Transition","type":"TA","timestamp":"2023-11-09 14:57:31"},{"nodeID":"1382758","text":"Default Transition","type":"TA","timestamp":"2023-11-09 14:57:31"},{"nodeID":"1382759","text":"Default Rephrase","type":"MA","timestamp":"2023-11-09 14:57:31"},{"nodeID":"1382760","text":"Default Transition","type":"TA","timestamp":"2023-11-09 14:57:31"},{"nodeID":"1382761","text":"Restating","type":"YA","timestamp":"2023-11-09 14:57:31"},{"nodeID":"1382762","text":"Default Inference","type":"RA","timestamp":"2023-11-09 14:57:31"},{"nodeID":"1382763","text":"Default Transition","type":"TA","timestamp":"2023-11-09 14:57:31"},{"nodeID":"1382764","text":"Arguing","type":"YA","timestamp":"2023-11-09 14:57:31"},{"nodeID":"1382765","text":"Default Transition","type":"TA","timestamp":"2023-11-09 14:57:31"},{"nodeID":"1382766","text":"Default Conflict","type":"CA","timestamp":"2023-11-09 14:57:31"},{"nodeID":"1382767","text":"Disagreeing","type":"YA","timestamp":"2023-11-09 14:57:31"},{"nodeID":"1382768","text":"Default Transition","type":"TA","timestamp":"2023-11-09 14:57:31"},{"nodeID":"1382769","text":"the idea of books coming out with an author\u2019s name on it, not recognising the fact that someone somewhere has actually changed them without any consultation","type":"I","timestamp":"2023-11-09 14:57:32"},{"nodeID":"1382770","text":"Anita Boateng: but the idea of books coming out with an author\u2019s name on it, not recognising the fact that someone somewhere has actually changed them without any consultation","type":"L","timestamp":"2023-11-09 14:57:32"},{"nodeID":"1382771","text":"Analysing","type":"YA","timestamp":"2023-11-09 14:57:32"},{"nodeID":"1382772","text":"Anon: Anita Boateng: but the idea of books coming out with an author\u2019s name on it, not recognising the fact that someone somewhere has actually changed them without any consultation","type":"L","timestamp":"2023-11-09 14:57:32"},{"nodeID":"1382773","text":"Asserting","type":"YA","timestamp":"2023-11-09 14:57:32"},{"nodeID":"1382774","text":"Default Transition","type":"TA","timestamp":"2023-11-09 14:57:32"},{"nodeID":"1382775","text":"Default Inference","type":"RA","timestamp":"2023-11-09 14:57:32"},{"nodeID":"1382776","text":"Default Transition","type":"TA","timestamp":"2023-11-09 14:57:32"},{"nodeID":"1382777","text":"Arguing","type":"YA","timestamp":"2023-11-09 14:57:32"},{"nodeID":"1382778","text":"Default Transition","type":"TA","timestamp":"2023-11-09 14:57:32"},{"nodeID":"1382779","text":"Default Transition","type":"TA","timestamp":"2023-11-09 14:57:32"},{"nodeID":"1382780","text":"Default Rephrase","type":"MA","timestamp":"2023-11-09 14:57:32"},{"nodeID":"1382781","text":"Restating","type":"YA","timestamp":"2023-11-09 14:57:32"},{"nodeID":"1382782","text":"Default Transition","type":"TA","timestamp":"2023-11-09 14:57:32"},{"nodeID":"1382783","text":"Default Rephrase","type":"MA","timestamp":"2023-11-09 14:57:32"},{"nodeID":"1382784","text":"Restating","type":"YA","timestamp":"2023-11-09 14:57:32"},{"nodeID":"1382785","text":"Default Inference","type":"RA","timestamp":"2023-11-09 14:57:32"},{"nodeID":"1382786","text":"Default Transition","type":"TA","timestamp":"2023-11-09 14:57:32"},{"nodeID":"1382787","text":"Arguing","type":"YA","timestamp":"2023-11-09 14:57:32"}],"edges":[{"edgeID":"1807082","fromID":"1382658","toID":"1382657","formEdgeID":null},{"edgeID":"1807083","fromID":"1382659","toID":"1382658","formEdgeID":null},{"edgeID":"1807084","fromID":"1382657","toID":"1382660","formEdgeID":null},{"edgeID":"1807085","fromID":"1382660","toID":"1382656","formEdgeID":null},{"edgeID":"1807086","fromID":"1382663","toID":"1382662","formEdgeID":null},{"edgeID":"1807087","fromID":"1382664","toID":"1382663","formEdgeID":null},{"edgeID":"1807088","fromID":"1382662","toID":"1382665","formEdgeID":null},{"edgeID":"1807089","fromID":"1382665","toID":"1382661","formEdgeID":null},{"edgeID":"1807090","fromID":"1382668","toID":"1382667","formEdgeID":null},{"edgeID":"1807091","fromID":"1382669","toID":"1382668","formEdgeID":null},{"edgeID":"1807092","fromID":"1382671","toID":"1382670","formEdgeID":null},{"edgeID":"1807093","fromID":"1382672","toID":"1382671","formEdgeID":null},{"edgeID":"1807094","fromID":"1382670","toID":"1382673","formEdgeID":null},{"edgeID":"1807095","fromID":"1382673","toID":"1382666","formEdgeID":null},{"edgeID":"1807096","fromID":"1382667","toID":"1382674","formEdgeID":null},{"edgeID":"1807097","fromID":"1382674","toID":"1382670","formEdgeID":null},{"edgeID":"1807098","fromID":"1382677","toID":"1382676","formEdgeID":null},{"edgeID":"1807099","fromID":"1382678","toID":"1382677","formEdgeID":null},{"edgeID":"1807100","fromID":"1382676","toID":"1382679","formEdgeID":null},{"edgeID":"1807101","fromID":"1382679","toID":"1382675","formEdgeID":null},{"edgeID":"1807102","fromID":"1382682","toID":"1382681","formEdgeID":null},{"edgeID":"1807103","fromID":"1382683","toID":"1382682","formEdgeID":null},{"edgeID":"1807104","fromID":"1382681","toID":"1382684","formEdgeID":null},{"edgeID":"1807105","fromID":"1382684","toID":"1382680","formEdgeID":null},{"edgeID":"1807106","fromID":"1382687","toID":"1382686","formEdgeID":null},{"edgeID":"1807107","fromID":"1382688","toID":"1382687","formEdgeID":null},{"edgeID":"1807108","fromID":"1382686","toID":"1382689","formEdgeID":null},{"edgeID":"1807109","fromID":"1382689","toID":"1382685","formEdgeID":null},{"edgeID":"1807110","fromID":"1382691","toID":"1382690","formEdgeID":null},{"edgeID":"1807111","fromID":"1382692","toID":"1382691","formEdgeID":null},{"edgeID":"1807112","fromID":"1382690","toID":"1382693","formEdgeID":null},{"edgeID":"1807113","fromID":"1382693","toID":"1382689","formEdgeID":null},{"edgeID":"1807114","fromID":"1382696","toID":"1382695","formEdgeID":null},{"edgeID":"1807115","fromID":"1382697","toID":"1382696","formEdgeID":null},{"edgeID":"1807116","fromID":"1382695","toID":"1382698","formEdgeID":null},{"edgeID":"1807117","fromID":"1382698","toID":"1382694","formEdgeID":null},{"edgeID":"1807118","fromID":"1382675","toID":"1382699","formEdgeID":null},{"edgeID":"1807119","fromID":"1382699","toID":"1382680","formEdgeID":null},{"edgeID":"1807120","fromID":"1382676","toID":"1382700","formEdgeID":null},{"edgeID":"1807121","fromID":"1382700","toID":"1382681","formEdgeID":null},{"edgeID":"1807122","fromID":"1382700","toID":"1382701","formEdgeID":null},{"edgeID":"1807123","fromID":"1382701","toID":"1382699","formEdgeID":null},{"edgeID":"1807124","fromID":"1382704","toID":"1382703","formEdgeID":null},{"edgeID":"1807125","fromID":"1382705","toID":"1382704","formEdgeID":null},{"edgeID":"1807126","fromID":"1382703","toID":"1382706","formEdgeID":null},{"edgeID":"1807127","fromID":"1382706","toID":"1382702","formEdgeID":null},{"edgeID":"1807128","fromID":"1382709","toID":"1382708","formEdgeID":null},{"edgeID":"1807129","fromID":"1382710","toID":"1382709","formEdgeID":null},{"edgeID":"1807130","fromID":"1382708","toID":"1382711","formEdgeID":null},{"edgeID":"1807131","fromID":"1382711","toID":"1382707","formEdgeID":null},{"edgeID":"1807132","fromID":"1382714","toID":"1382713","formEdgeID":null},{"edgeID":"1807133","fromID":"1382715","toID":"1382714","formEdgeID":null},{"edgeID":"1807134","fromID":"1382713","toID":"1382716","formEdgeID":null},{"edgeID":"1807135","fromID":"1382716","toID":"1382712","formEdgeID":null},{"edgeID":"1807136","fromID":"1382708","toID":"1382717","formEdgeID":null},{"edgeID":"1807137","fromID":"1382717","toID":"1382713","formEdgeID":null},{"edgeID":"1807138","fromID":"1382712","toID":"1382718","formEdgeID":null},{"edgeID":"1807139","fromID":"1382718","toID":"1382707","formEdgeID":null},{"edgeID":"1807140","fromID":"1382717","toID":"1382719","formEdgeID":null},{"edgeID":"1807141","fromID":"1382719","toID":"1382718","formEdgeID":null},{"edgeID":"1807142","fromID":"1382722","toID":"1382721","formEdgeID":null},{"edgeID":"1807143","fromID":"1382723","toID":"1382722","formEdgeID":null},{"edgeID":"1807144","fromID":"1382721","toID":"1382724","formEdgeID":null},{"edgeID":"1807145","fromID":"1382724","toID":"1382720","formEdgeID":null},{"edgeID":"1807146","fromID":"1382727","toID":"1382726","formEdgeID":null},{"edgeID":"1807147","fromID":"1382728","toID":"1382727","formEdgeID":null},{"edgeID":"1807148","fromID":"1382726","toID":"1382729","formEdgeID":null},{"edgeID":"1807149","fromID":"1382729","toID":"1382725","formEdgeID":null},{"edgeID":"1807150","fromID":"1382732","toID":"1382731","formEdgeID":null},{"edgeID":"1807151","fromID":"1382733","toID":"1382732","formEdgeID":null},{"edgeID":"1807152","fromID":"1382731","toID":"1382734","formEdgeID":null},{"edgeID":"1807153","fromID":"1382734","toID":"1382730","formEdgeID":null},{"edgeID":"1807154","fromID":"1382737","toID":"1382736","formEdgeID":null},{"edgeID":"1807155","fromID":"1382738","toID":"1382737","formEdgeID":null},{"edgeID":"1807156","fromID":"1382736","toID":"1382739","formEdgeID":null},{"edgeID":"1807157","fromID":"1382739","toID":"1382735","formEdgeID":null},{"edgeID":"1807158","fromID":"1382742","toID":"1382741","formEdgeID":null},{"edgeID":"1807159","fromID":"1382743","toID":"1382742","formEdgeID":null},{"edgeID":"1807160","fromID":"1382741","toID":"1382744","formEdgeID":null},{"edgeID":"1807161","fromID":"1382744","toID":"1382740","formEdgeID":null},{"edgeID":"1807162","fromID":"1382747","toID":"1382746","formEdgeID":null},{"edgeID":"1807163","fromID":"1382748","toID":"1382747","formEdgeID":null},{"edgeID":"1807164","fromID":"1382746","toID":"1382749","formEdgeID":null},{"edgeID":"1807165","fromID":"1382749","toID":"1382745","formEdgeID":null},{"edgeID":"1807166","fromID":"1382657","toID":"1382750","formEdgeID":null},{"edgeID":"1807167","fromID":"1382750","toID":"1382662","formEdgeID":null},{"edgeID":"1807168","fromID":"1382662","toID":"1382751","formEdgeID":null},{"edgeID":"1807169","fromID":"1382751","toID":"1382667","formEdgeID":null},{"edgeID":"1807170","fromID":"1382666","toID":"1382752","formEdgeID":null},{"edgeID":"1807171","fromID":"1382752","toID":"1382661","formEdgeID":null},{"edgeID":"1807172","fromID":"1382751","toID":"1382753","formEdgeID":null},{"edgeID":"1807173","fromID":"1382753","toID":"1382752","formEdgeID":null},{"edgeID":"1807174","fromID":"1382662","toID":"1382754","formEdgeID":null},{"edgeID":"1807175","fromID":"1382754","toID":"1382676","formEdgeID":null},{"edgeID":"1807176","fromID":"1382661","toID":"1382755","formEdgeID":null},{"edgeID":"1807177","fromID":"1382755","toID":"1382675","formEdgeID":null},{"edgeID":"1807178","fromID":"1382754","toID":"1382756","formEdgeID":null},{"edgeID":"1807179","fromID":"1382756","toID":"1382755","formEdgeID":null},{"edgeID":"1807180","fromID":"1382681","toID":"1382757","formEdgeID":null},{"edgeID":"1807181","fromID":"1382757","toID":"1382686","formEdgeID":null},{"edgeID":"1807182","fromID":"1382686","toID":"1382758","formEdgeID":null},{"edgeID":"1807183","fromID":"1382758","toID":"1382690","formEdgeID":null},{"edgeID":"1807184","fromID":"1382694","toID":"1382759","formEdgeID":null},{"edgeID":"1807185","fromID":"1382759","toID":"1382685","formEdgeID":null},{"edgeID":"1807186","fromID":"1382690","toID":"1382760","formEdgeID":null},{"edgeID":"1807187","fromID":"1382760","toID":"1382695","formEdgeID":null},{"edgeID":"1807188","fromID":"1382760","toID":"1382761","formEdgeID":null},{"edgeID":"1807189","fromID":"1382761","toID":"1382759","formEdgeID":null},{"edgeID":"1807190","fromID":"1382707","toID":"1382762","formEdgeID":null},{"edgeID":"1807191","fromID":"1382762","toID":"1382702","formEdgeID":null},{"edgeID":"1807192","fromID":"1382703","toID":"1382763","formEdgeID":null},{"edgeID":"1807193","fromID":"1382763","toID":"1382708","formEdgeID":null},{"edgeID":"1807194","fromID":"1382763","toID":"1382764","formEdgeID":null},{"edgeID":"1807195","fromID":"1382764","toID":"1382762","formEdgeID":null},{"edgeID":"1807196","fromID":"1382695","toID":"1382765","formEdgeID":null},{"edgeID":"1807197","fromID":"1382765","toID":"1382708","formEdgeID":null},{"edgeID":"1807198","fromID":"1382707","toID":"1382766","formEdgeID":null},{"edgeID":"1807199","fromID":"1382766","toID":"1382694","formEdgeID":null},{"edgeID":"1807200","fromID":"1382765","toID":"1382767","formEdgeID":null},{"edgeID":"1807201","fromID":"1382767","toID":"1382766","formEdgeID":null},{"edgeID":"1807202","fromID":"1382713","toID":"1382768","formEdgeID":null},{"edgeID":"1807203","fromID":"1382768","toID":"1382721","formEdgeID":null},{"edgeID":"1807204","fromID":"1382771","toID":"1382770","formEdgeID":null},{"edgeID":"1807205","fromID":"1382772","toID":"1382771","formEdgeID":null},{"edgeID":"1807206","fromID":"1382770","toID":"1382773","formEdgeID":null},{"edgeID":"1807207","fromID":"1382773","toID":"1382769","formEdgeID":null},{"edgeID":"1807208","fromID":"1382721","toID":"1382774","formEdgeID":null},{"edgeID":"1807209","fromID":"1382774","toID":"1382770","formEdgeID":null},{"edgeID":"1807210","fromID":"1382769","toID":"1382775","formEdgeID":null},{"edgeID":"1807211","fromID":"1382775","toID":"1382725","formEdgeID":null},{"edgeID":"1807212","fromID":"1382770","toID":"1382776","formEdgeID":null},{"edgeID":"1807213","fromID":"1382776","toID":"1382726","formEdgeID":null},{"edgeID":"1807214","fromID":"1382776","toID":"1382777","formEdgeID":null},{"edgeID":"1807215","fromID":"1382777","toID":"1382775","formEdgeID":null},{"edgeID":"1807216","fromID":"1382726","toID":"1382778","formEdgeID":null},{"edgeID":"1807217","fromID":"1382778","toID":"1382731","formEdgeID":null},{"edgeID":"1807218","fromID":"1382731","toID":"1382779","formEdgeID":null},{"edgeID":"1807219","fromID":"1382779","toID":"1382736","formEdgeID":null},{"edgeID":"1807220","fromID":"1382735","toID":"1382780","formEdgeID":null},{"edgeID":"1807221","fromID":"1382780","toID":"1382730","formEdgeID":null},{"edgeID":"1807222","fromID":"1382779","toID":"1382781","formEdgeID":null},{"edgeID":"1807223","fromID":"1382781","toID":"1382780","formEdgeID":null},{"edgeID":"1807224","fromID":"1382736","toID":"1382782","formEdgeID":null},{"edgeID":"1807225","fromID":"1382782","toID":"1382741","formEdgeID":null},{"edgeID":"1807226","fromID":"1382740","toID":"1382783","formEdgeID":null},{"edgeID":"1807227","fromID":"1382783","toID":"1382735","formEdgeID":null},{"edgeID":"1807228","fromID":"1382782","toID":"1382784","formEdgeID":null},{"edgeID":"1807229","fromID":"1382784","toID":"1382783","formEdgeID":null},{"edgeID":"1807230","fromID":"1382745","toID":"1382785","formEdgeID":null},{"edgeID":"1807231","fromID":"1382785","toID":"1382730","formEdgeID":null},{"edgeID":"1807232","fromID":"1382731","toID":"1382786","formEdgeID":null},{"edgeID":"1807233","fromID":"1382786","toID":"1382746","formEdgeID":null},{"edgeID":"1807234","fromID":"1382786","toID":"1382787","formEdgeID":null},{"edgeID":"1807235","fromID":"1382787","toID":"1382785","formEdgeID":null}],"locutions":[]}