{"nodes":[{"nodeID":"1383832","text":"the decision isn\u2019t scrapping all major road projects","type":"I","timestamp":"2023-11-09 14:59:01"},{"nodeID":"1383833","text":"Thangam Debbonaire: you also said it isn\u2019t scrapping all major road projects","type":"L","timestamp":"2023-11-09 14:59:01"},{"nodeID":"1383834","text":"Analysing","type":"YA","timestamp":"2023-11-09 14:59:01"},{"nodeID":"1383835","text":"Anon: Thangam Debbonaire: you also said it isn\u2019t scrapping all major road projects","type":"L","timestamp":"2023-11-09 14:59:01"},{"nodeID":"1383836","text":"Fiona Bruce: it isn\u2019t scrapping all major road projects","type":"L","timestamp":"2023-11-09 14:59:01"},{"nodeID":"1383837","text":"Analysing","type":"YA","timestamp":"2023-11-09 14:59:01"},{"nodeID":"1383838","text":"Anon: Fiona Bruce: you also said it isn\u2019t scrapping all major road projects","type":"L","timestamp":"2023-11-09 14:59:01"},{"nodeID":"1383839","text":"Asserting","type":"YA","timestamp":"2023-11-09 14:59:01"},{"nodeID":"1383840","text":"Asserting","type":"YA","timestamp":"2023-11-09 14:59:01"},{"nodeID":"1383841","text":"Thangam Debbonaire is rejecting the premise of the question","type":"I","timestamp":"2023-11-09 14:59:02"},{"nodeID":"1383842","text":"Thangam Debbonaire: I\u2019m rejecting the premise of the question","type":"L","timestamp":"2023-11-09 14:59:02"},{"nodeID":"1383843","text":"Analysing","type":"YA","timestamp":"2023-11-09 14:59:02"},{"nodeID":"1383844","text":"Anon: Thangam Debbonaire: I\u2019m rejecting the premise of the question","type":"L","timestamp":"2023-11-09 14:59:02"},{"nodeID":"1383845","text":"Asserting","type":"YA","timestamp":"2023-11-09 14:59:02"},{"nodeID":"1383846","text":"Default Transition","type":"TA","timestamp":"2023-11-09 14:59:02"},{"nodeID":"1383847","text":"Default Inference","type":"RA","timestamp":"2023-11-09 14:59:02"},{"nodeID":"1383848","text":"Arguing","type":"YA","timestamp":"2023-11-09 14:59:02"},{"nodeID":"1383849","text":"one doesn\u2019t get to reject the premise of the question on Question Time","type":"I","timestamp":"2023-11-09 14:59:02"},{"nodeID":"1383850","text":"Fiona Bruce: you don\u2019t get to do that on Question Time","type":"L","timestamp":"2023-11-09 14:59:02"},{"nodeID":"1383851","text":"Analysing","type":"YA","timestamp":"2023-11-09 14:59:02"},{"nodeID":"1383852","text":"Anon: Fiona Bruce: you don\u2019t get to do that on Question Time","type":"L","timestamp":"2023-11-09 14:59:02"},{"nodeID":"1383853","text":"Asserting","type":"YA","timestamp":"2023-11-09 14:59:02"},{"nodeID":"1383854","text":"Default Transition","type":"TA","timestamp":"2023-11-09 14:59:02"},{"nodeID":"1383855","text":"Default Conflict","type":"CA","timestamp":"2023-11-09 14:59:02"},{"nodeID":"1383856","text":"Disagreeing","type":"YA","timestamp":"2023-11-09 14:59:02"},{"nodeID":"1383857","text":"Fiona Bruce: You have to actually answer","type":"L","timestamp":"2023-11-09 14:59:02"},{"nodeID":"1383858","text":"Analysing","type":"YA","timestamp":"2023-11-09 14:59:02"},{"nodeID":"1383859","text":"Anon: Fiona Bruce: You have to actually answer","type":"L","timestamp":"2023-11-09 14:59:02"},{"nodeID":"1383860","text":"Default Transition","type":"TA","timestamp":"2023-11-09 14:59:02"},{"nodeID":"1383861","text":"one may not like how the question is framed","type":"I","timestamp":"2023-11-09 14:59:03"},{"nodeID":"1383862","text":"Fiona Bruce: you may not like how it\u2019s framed","type":"L","timestamp":"2023-11-09 14:59:03"},{"nodeID":"1383863","text":"Analysing","type":"YA","timestamp":"2023-11-09 14:59:03"},{"nodeID":"1383864","text":"Anon: Fiona Bruce: you may not like how it\u2019s framed","type":"L","timestamp":"2023-11-09 14:59:03"},{"nodeID":"1383865","text":"Asserting","type":"YA","timestamp":"2023-11-09 14:59:03"},{"nodeID":"1383866","text":"will the decision to scrap all major road projects damage the Welsh economy or will it not","type":"I","timestamp":"2023-11-09 14:59:04"},{"nodeID":"1383867","text":"Fiona Bruce: will it or will it not damage the Welsh economy","type":"L","timestamp":"2023-11-09 14:59:04"},{"nodeID":"1383868","text":"Analysing","type":"YA","timestamp":"2023-11-09 14:59:04"},{"nodeID":"1383869","text":"Anon: Fiona Bruce: will it or will it not damage the Welsh economy","type":"L","timestamp":"2023-11-09 14:59:04"},{"nodeID":"1383870","text":"Pure Questioning","type":"YA","timestamp":"2023-11-09 14:59:04"},{"nodeID":"1383871","text":"Default Transition","type":"TA","timestamp":"2023-11-09 14:59:04"},{"nodeID":"1383872","text":"Thangam Debbonaire doesn't know if the decision to scrap all major road projects will damage the Welsh economy","type":"I","timestamp":"2023-11-09 14:59:04"},{"nodeID":"1383873","text":"Thangam Debbonaire: I don't know if it will damage the Welsh economy","type":"L","timestamp":"2023-11-09 14:59:04"},{"nodeID":"1383874","text":"Analysing","type":"YA","timestamp":"2023-11-09 14:59:04"},{"nodeID":"1383875","text":"Anon: Thangam Debbonaire: I don't know if it will damage the Welsh economy","type":"L","timestamp":"2023-11-09 14:59:04"},{"nodeID":"1383876","text":"Asserting","type":"YA","timestamp":"2023-11-09 14:59:04"},{"nodeID":"1383877","text":"Default Rephrase","type":"MA","timestamp":"2023-11-09 14:59:04"},{"nodeID":"1383878","text":"Default Transition","type":"TA","timestamp":"2023-11-09 14:59:04"},{"nodeID":"1383879","text":"Default Illocuting","type":"YA","timestamp":"2023-11-09 14:59:04"},{"nodeID":"1383880","text":"one doesn\u2019t necessarily have to have all the answers","type":"I","timestamp":"2023-11-09 14:59:05"},{"nodeID":"1383881","text":"Fiona Bruce: you don\u2019t necessarily have to have all the answers","type":"L","timestamp":"2023-11-09 14:59:05"},{"nodeID":"1383882","text":"Analysing","type":"YA","timestamp":"2023-11-09 14:59:05"},{"nodeID":"1383883","text":"Anon: Fiona Bruce: you don\u2019t necessarily have to have all the answers","type":"L","timestamp":"2023-11-09 14:59:05"},{"nodeID":"1383884","text":"Asserting","type":"YA","timestamp":"2023-11-09 14:59:05"},{"nodeID":"1383885","text":"Default Transition","type":"TA","timestamp":"2023-11-09 14:59:05"},{"nodeID":"1383886","text":"Thangam Debbonaite has answered the question if the decision to scrap all major road projects will damage the Welsh economy","type":"I","timestamp":"2023-11-09 14:59:05"},{"nodeID":"1383887","text":"Thangam Debbonaire: I\u2019ve answered the question","type":"L","timestamp":"2023-11-09 14:59:05"},{"nodeID":"1383888","text":"Analysing","type":"YA","timestamp":"2023-11-09 14:59:05"},{"nodeID":"1383889","text":"Anon: Thangam Debbonaire: I\u2019ve answered the question","type":"L","timestamp":"2023-11-09 14:59:05"},{"nodeID":"1383890","text":"Asserting","type":"YA","timestamp":"2023-11-09 14:59:05"},{"nodeID":"1383891","text":"Default Transition","type":"TA","timestamp":"2023-11-09 14:59:05"},{"nodeID":"1383892","text":"Thangam Debbonaire's answer sounds like an honest answer to Fiona Bruce","type":"I","timestamp":"2023-11-09 14:59:06"},{"nodeID":"1383893","text":"Fiona Bruce: that sounds like an honest answer to me","type":"L","timestamp":"2023-11-09 14:59:06"},{"nodeID":"1383894","text":"Analysing","type":"YA","timestamp":"2023-11-09 14:59:06"},{"nodeID":"1383895","text":"Anon: Fiona Bruce: that sounds like an honest answer to me","type":"L","timestamp":"2023-11-09 14:59:06"},{"nodeID":"1383896","text":"Asserting","type":"YA","timestamp":"2023-11-09 14:59:06"},{"nodeID":"1383897","text":"Default Transition","type":"TA","timestamp":"2023-11-09 14:59:06"},{"nodeID":"1383898","text":"we don\u2019t have any real transport between South and North Wales","type":"I","timestamp":"2023-11-09 14:59:07"},{"nodeID":"1383899","text":"AudienceMember 20230330QT40: Liz just made an interesting point; we don\u2019t have any real transport between South and North Wales","type":"L","timestamp":"2023-11-09 14:59:07"},{"nodeID":"1383900","text":"Analysing","type":"YA","timestamp":"2023-11-09 14:59:07"},{"nodeID":"1383901","text":"Anon: AudienceMember 20230330QT40: Liz just made an interesting point; we don\u2019t have any real transport between South and North Wales","type":"L","timestamp":"2023-11-09 14:59:07"},{"nodeID":"1383902","text":"Default Transition","type":"TA","timestamp":"2023-11-09 14:59:07"},{"nodeID":"1383903","text":"Liz Saville Roberts: we don\u2019t have any real transport between South and North Wales","type":"L","timestamp":"2023-11-09 14:59:07"},{"nodeID":"1383904","text":"Analysing","type":"YA","timestamp":"2023-11-09 14:59:07"},{"nodeID":"1383905","text":"Anon: Liz Saville Roberts: Liz just made an interesting point; we don\u2019t have any real transport between South and North Wales","type":"L","timestamp":"2023-11-09 14:59:07"},{"nodeID":"1383906","text":"Asserting","type":"YA","timestamp":"2023-11-09 14:59:07"},{"nodeID":"1383907","text":"Asserting","type":"YA","timestamp":"2023-11-09 14:59:07"},{"nodeID":"1383908","text":"perhaps Mr Davies can explain to us, as the Secretary of State for Wales, the reason why HS2 is considered an England and Wales project even though not a single centimetre of that track will be built in Wales","type":"I","timestamp":"2023-11-09 14:59:07"},{"nodeID":"1383909","text":"AudienceMember 20230330QT40: Perhaps Mr Davies could explain to us, as the Secretary of State for Wales, why HS2 is considered an England and Wales project even though not a single centimetre of that track will be built here","type":"L","timestamp":"2023-11-09 14:59:07"},{"nodeID":"1383910","text":"Analysing","type":"YA","timestamp":"2023-11-09 14:59:07"},{"nodeID":"1383911","text":"Anon: AudienceMember 20230330QT40: Perhaps Mr Davies could explain to us, as the Secretary of State for Wales, why HS2 is considered an England and Wales project even though not a single centimetre of that track will be built here","type":"L","timestamp":"2023-11-09 14:59:07"},{"nodeID":"1383912","text":"Assertive Questioning","type":"YA","timestamp":"2023-11-09 14:59:07"},{"nodeID":"1383913","text":"Default Transition","type":"TA","timestamp":"2023-11-09 14:59:07"},{"nodeID":"1383914","text":"Default Inference","type":"RA","timestamp":"2023-11-09 14:59:07"},{"nodeID":"1383915","text":"Arguing","type":"YA","timestamp":"2023-11-09 14:59:07"},{"nodeID":"1383916","text":"Scotland and Northern Ireland are receiving subsidies in lieu of the HS2 funding","type":"I","timestamp":"2023-11-09 14:59:08"},{"nodeID":"1383917","text":"AudienceMember 20230330QT40: Scotland and Northern Ireland are receiving subsidies in lieu of the HS2 funding","type":"L","timestamp":"2023-11-09 14:59:08"},{"nodeID":"1383918","text":"Analysing","type":"YA","timestamp":"2023-11-09 14:59:08"},{"nodeID":"1383919","text":"Anon: AudienceMember 20230330QT40: Scotland and Northern Ireland are receiving subsidies in lieu of the HS2 funding","type":"L","timestamp":"2023-11-09 14:59:08"},{"nodeID":"1383920","text":"Asserting","type":"YA","timestamp":"2023-11-09 14:59:08"},{"nodeID":"1383921","text":"Default Transition","type":"TA","timestamp":"2023-11-09 14:59:08"},{"nodeID":"1383922","text":"there is no reason why is Wales not getting its five billion","type":"I","timestamp":"2023-11-09 14:59:09"},{"nodeID":"1383923","text":"AudienceMember 20230330QT40: why are we not getting our five billion","type":"L","timestamp":"2023-11-09 14:59:09"},{"nodeID":"1383924","text":"Analysing","type":"YA","timestamp":"2023-11-09 14:59:09"},{"nodeID":"1383925","text":"Anon: AudienceMember 20230330QT40: why are we not getting our five billion","type":"L","timestamp":"2023-11-09 14:59:09"},{"nodeID":"1383926","text":"Assertive Questioning","type":"YA","timestamp":"2023-11-09 14:59:09"},{"nodeID":"1383927","text":"Default Transition","type":"TA","timestamp":"2023-11-09 14:59:09"},{"nodeID":"1383928","text":"Default Inference","type":"RA","timestamp":"2023-11-09 14:59:09"},{"nodeID":"1383929","text":"Arguing","type":"YA","timestamp":"2023-11-09 14:59:09"},{"nodeID":"1383930","text":"Wales could build those missing rails with the five billion funding","type":"I","timestamp":"2023-11-09 14:59:09"},{"nodeID":"1383931","text":"AudienceMember 20230330QT40: We could build those rails then","type":"L","timestamp":"2023-11-09 14:59:09"},{"nodeID":"1383932","text":"Analysing","type":"YA","timestamp":"2023-11-09 14:59:09"},{"nodeID":"1383933","text":"Anon: AudienceMember 20230330QT40: We could build those rails then","type":"L","timestamp":"2023-11-09 14:59:09"},{"nodeID":"1383934","text":"Asserting","type":"YA","timestamp":"2023-11-09 14:59:09"},{"nodeID":"1383935","text":"Default Transition","type":"TA","timestamp":"2023-11-09 14:59:09"},{"nodeID":"1383936","text":"Asserting","type":"YA","timestamp":"2023-11-09 14:59:09"},{"nodeID":"1383937","text":"one has to actually answer questions on Question Time","type":"I","timestamp":"2023-11-09 14:59:10"},{"nodeID":"1383938","text":"Default Inference","type":"RA","timestamp":"2023-11-09 14:59:10"},{"nodeID":"1383939","text":"Default Transition","type":"TA","timestamp":"2023-11-09 14:59:10"},{"nodeID":"1383940","text":"Arguing","type":"YA","timestamp":"2023-11-09 14:59:10"},{"nodeID":"1383941","text":"Default Inference","type":"RA","timestamp":"2023-11-09 14:59:10"},{"nodeID":"1383942","text":"Arguing","type":"YA","timestamp":"2023-11-09 14:59:10"}],"edges":[{"edgeID":"1808453","fromID":"1383834","toID":"1383833","formEdgeID":null},{"edgeID":"1808454","fromID":"1383835","toID":"1383834","formEdgeID":null},{"edgeID":"1808455","fromID":"1383837","toID":"1383836","formEdgeID":null},{"edgeID":"1808456","fromID":"1383838","toID":"1383837","formEdgeID":null},{"edgeID":"1808457","fromID":"1383836","toID":"1383839","formEdgeID":null},{"edgeID":"1808458","fromID":"1383839","toID":"1383832","formEdgeID":null},{"edgeID":"1808459","fromID":"1383833","toID":"1383840","formEdgeID":null},{"edgeID":"1808460","fromID":"1383840","toID":"1383836","formEdgeID":null},{"edgeID":"1808461","fromID":"1383843","toID":"1383842","formEdgeID":null},{"edgeID":"1808462","fromID":"1383844","toID":"1383843","formEdgeID":null},{"edgeID":"1808463","fromID":"1383842","toID":"1383845","formEdgeID":null},{"edgeID":"1808464","fromID":"1383845","toID":"1383841","formEdgeID":null},{"edgeID":"1808465","fromID":"1383833","toID":"1383846","formEdgeID":null},{"edgeID":"1808466","fromID":"1383846","toID":"1383842","formEdgeID":null},{"edgeID":"1808467","fromID":"1383832","toID":"1383847","formEdgeID":null},{"edgeID":"1808468","fromID":"1383847","toID":"1383841","formEdgeID":null},{"edgeID":"1808469","fromID":"1383846","toID":"1383848","formEdgeID":null},{"edgeID":"1808470","fromID":"1383848","toID":"1383847","formEdgeID":null},{"edgeID":"1808471","fromID":"1383851","toID":"1383850","formEdgeID":null},{"edgeID":"1808472","fromID":"1383852","toID":"1383851","formEdgeID":null},{"edgeID":"1808473","fromID":"1383850","toID":"1383853","formEdgeID":null},{"edgeID":"1808474","fromID":"1383853","toID":"1383849","formEdgeID":null},{"edgeID":"1808475","fromID":"1383842","toID":"1383854","formEdgeID":null},{"edgeID":"1808476","fromID":"1383854","toID":"1383850","formEdgeID":null},{"edgeID":"1808477","fromID":"1383849","toID":"1383855","formEdgeID":null},{"edgeID":"1808478","fromID":"1383855","toID":"1383841","formEdgeID":null},{"edgeID":"1808479","fromID":"1383854","toID":"1383856","formEdgeID":null},{"edgeID":"1808480","fromID":"1383856","toID":"1383855","formEdgeID":null},{"edgeID":"1808481","fromID":"1383858","toID":"1383857","formEdgeID":null},{"edgeID":"1808482","fromID":"1383859","toID":"1383858","formEdgeID":null},{"edgeID":"1808483","fromID":"1383850","toID":"1383860","formEdgeID":null},{"edgeID":"1808484","fromID":"1383860","toID":"1383857","formEdgeID":null},{"edgeID":"1808485","fromID":"1383863","toID":"1383862","formEdgeID":null},{"edgeID":"1808486","fromID":"1383864","toID":"1383863","formEdgeID":null},{"edgeID":"1808487","fromID":"1383862","toID":"1383865","formEdgeID":null},{"edgeID":"1808488","fromID":"1383865","toID":"1383861","formEdgeID":null},{"edgeID":"1808489","fromID":"1383868","toID":"1383867","formEdgeID":null},{"edgeID":"1808490","fromID":"1383869","toID":"1383868","formEdgeID":null},{"edgeID":"1808491","fromID":"1383867","toID":"1383870","formEdgeID":null},{"edgeID":"1808492","fromID":"1383870","toID":"1383866","formEdgeID":null},{"edgeID":"1808493","fromID":"1383862","toID":"1383871","formEdgeID":null},{"edgeID":"1808494","fromID":"1383871","toID":"1383867","formEdgeID":null},{"edgeID":"1808495","fromID":"1383874","toID":"1383873","formEdgeID":null},{"edgeID":"1808496","fromID":"1383875","toID":"1383874","formEdgeID":null},{"edgeID":"1808497","fromID":"1383873","toID":"1383876","formEdgeID":null},{"edgeID":"1808498","fromID":"1383876","toID":"1383872","formEdgeID":null},{"edgeID":"1808499","fromID":"1383872","toID":"1383877","formEdgeID":null},{"edgeID":"1808500","fromID":"1383877","toID":"1383866","formEdgeID":null},{"edgeID":"1808501","fromID":"1383867","toID":"1383878","formEdgeID":null},{"edgeID":"1808502","fromID":"1383878","toID":"1383873","formEdgeID":null},{"edgeID":"1808503","fromID":"1383878","toID":"1383879","formEdgeID":null},{"edgeID":"1808504","fromID":"1383879","toID":"1383877","formEdgeID":null},{"edgeID":"1808505","fromID":"1383882","toID":"1383881","formEdgeID":null},{"edgeID":"1808506","fromID":"1383883","toID":"1383882","formEdgeID":null},{"edgeID":"1808507","fromID":"1383881","toID":"1383884","formEdgeID":null},{"edgeID":"1808508","fromID":"1383884","toID":"1383880","formEdgeID":null},{"edgeID":"1808509","fromID":"1383873","toID":"1383885","formEdgeID":null},{"edgeID":"1808510","fromID":"1383885","toID":"1383881","formEdgeID":null},{"edgeID":"1808511","fromID":"1383888","toID":"1383887","formEdgeID":null},{"edgeID":"1808512","fromID":"1383889","toID":"1383888","formEdgeID":null},{"edgeID":"1808513","fromID":"1383887","toID":"1383890","formEdgeID":null},{"edgeID":"1808514","fromID":"1383890","toID":"1383886","formEdgeID":null},{"edgeID":"1808515","fromID":"1383881","toID":"1383891","formEdgeID":null},{"edgeID":"1808516","fromID":"1383891","toID":"1383887","formEdgeID":null},{"edgeID":"1808517","fromID":"1383894","toID":"1383893","formEdgeID":null},{"edgeID":"1808518","fromID":"1383895","toID":"1383894","formEdgeID":null},{"edgeID":"1808519","fromID":"1383893","toID":"1383896","formEdgeID":null},{"edgeID":"1808520","fromID":"1383896","toID":"1383892","formEdgeID":null},{"edgeID":"1808521","fromID":"1383887","toID":"1383897","formEdgeID":null},{"edgeID":"1808522","fromID":"1383897","toID":"1383893","formEdgeID":null},{"edgeID":"1808523","fromID":"1383900","toID":"1383899","formEdgeID":null},{"edgeID":"1808524","fromID":"1383901","toID":"1383900","formEdgeID":null},{"edgeID":"1808525","fromID":"1383893","toID":"1383902","formEdgeID":null},{"edgeID":"1808526","fromID":"1383902","toID":"1383899","formEdgeID":null},{"edgeID":"1808527","fromID":"1383904","toID":"1383903","formEdgeID":null},{"edgeID":"1808528","fromID":"1383905","toID":"1383904","formEdgeID":null},{"edgeID":"1808529","fromID":"1383903","toID":"1383906","formEdgeID":null},{"edgeID":"1808530","fromID":"1383906","toID":"1383898","formEdgeID":null},{"edgeID":"1808531","fromID":"1383899","toID":"1383907","formEdgeID":null},{"edgeID":"1808532","fromID":"1383907","toID":"1383903","formEdgeID":null},{"edgeID":"1808533","fromID":"1383910","toID":"1383909","formEdgeID":null},{"edgeID":"1808534","fromID":"1383911","toID":"1383910","formEdgeID":null},{"edgeID":"1808535","fromID":"1383909","toID":"1383912","formEdgeID":null},{"edgeID":"1808536","fromID":"1383912","toID":"1383908","formEdgeID":null},{"edgeID":"1808537","fromID":"1383899","toID":"1383913","formEdgeID":null},{"edgeID":"1808538","fromID":"1383913","toID":"1383909","formEdgeID":null},{"edgeID":"1808539","fromID":"1383898","toID":"1383914","formEdgeID":null},{"edgeID":"1808540","fromID":"1383914","toID":"1383908","formEdgeID":null},{"edgeID":"1808541","fromID":"1383913","toID":"1383915","formEdgeID":null},{"edgeID":"1808542","fromID":"1383915","toID":"1383914","formEdgeID":null},{"edgeID":"1808543","fromID":"1383918","toID":"1383917","formEdgeID":null},{"edgeID":"1808544","fromID":"1383919","toID":"1383918","formEdgeID":null},{"edgeID":"1808545","fromID":"1383917","toID":"1383920","formEdgeID":null},{"edgeID":"1808546","fromID":"1383920","toID":"1383916","formEdgeID":null},{"edgeID":"1808547","fromID":"1383909","toID":"1383921","formEdgeID":null},{"edgeID":"1808548","fromID":"1383921","toID":"1383917","formEdgeID":null},{"edgeID":"1808549","fromID":"1383924","toID":"1383923","formEdgeID":null},{"edgeID":"1808550","fromID":"1383925","toID":"1383924","formEdgeID":null},{"edgeID":"1808551","fromID":"1383923","toID":"1383926","formEdgeID":null},{"edgeID":"1808552","fromID":"1383926","toID":"1383922","formEdgeID":null},{"edgeID":"1808553","fromID":"1383917","toID":"1383927","formEdgeID":null},{"edgeID":"1808554","fromID":"1383927","toID":"1383923","formEdgeID":null},{"edgeID":"1808555","fromID":"1383916","toID":"1383928","formEdgeID":null},{"edgeID":"1808556","fromID":"1383928","toID":"1383922","formEdgeID":null},{"edgeID":"1808557","fromID":"1383927","toID":"1383929","formEdgeID":null},{"edgeID":"1808558","fromID":"1383929","toID":"1383928","formEdgeID":null},{"edgeID":"1808559","fromID":"1383932","toID":"1383931","formEdgeID":null},{"edgeID":"1808560","fromID":"1383933","toID":"1383932","formEdgeID":null},{"edgeID":"1808561","fromID":"1383931","toID":"1383934","formEdgeID":null},{"edgeID":"1808562","fromID":"1383934","toID":"1383930","formEdgeID":null},{"edgeID":"1808563","fromID":"1383923","toID":"1383935","formEdgeID":null},{"edgeID":"1808564","fromID":"1383935","toID":"1383931","formEdgeID":null},{"edgeID":"1808565","fromID":"1383857","toID":"1383936","formEdgeID":null},{"edgeID":"1808566","fromID":"1383936","toID":"1383937","formEdgeID":null},{"edgeID":"1808567","fromID":"1383861","toID":"1383938","formEdgeID":null},{"edgeID":"1808568","fromID":"1383938","toID":"1383849","formEdgeID":null},{"edgeID":"1808569","fromID":"1383937","toID":"1383938","formEdgeID":null},{"edgeID":"1808570","fromID":"1383850","toID":"1383939","formEdgeID":null},{"edgeID":"1808571","fromID":"1383939","toID":"1383862","formEdgeID":null},{"edgeID":"1808572","fromID":"1383939","toID":"1383940","formEdgeID":null},{"edgeID":"1808573","fromID":"1383940","toID":"1383938","formEdgeID":null},{"edgeID":"1808574","fromID":"1383930","toID":"1383941","formEdgeID":null},{"edgeID":"1808575","fromID":"1383941","toID":"1383922","formEdgeID":null},{"edgeID":"1808576","fromID":"1383935","toID":"1383942","formEdgeID":null},{"edgeID":"1808577","fromID":"1383942","toID":"1383941","formEdgeID":null}],"locutions":[]}