{"nodes":[{"nodeID":"1384300","text":"Tory government has put up taxes over the course of the last 13 years","type":"I","timestamp":"2023-11-09 14:59:42"},{"nodeID":"1384301","text":"Thangam Debbonaire: You have put up taxes over the course of the last 13 years","type":"L","timestamp":"2023-11-09 14:59:42"},{"nodeID":"1384302","text":"Analysing","type":"YA","timestamp":"2023-11-09 14:59:42"},{"nodeID":"1384303","text":"Anon: Thangam Debbonaire: You have put up taxes over the course of the last 13 years","type":"L","timestamp":"2023-11-09 14:59:42"},{"nodeID":"1384304","text":"Asserting","type":"YA","timestamp":"2023-11-09 14:59:42"},{"nodeID":"1384305","text":"this is the highest taxed UK for 70 years","type":"I","timestamp":"2023-11-09 14:59:42"},{"nodeID":"1384306","text":"Thangam Debbonaire: this is the highest taxed UK for 70 years","type":"L","timestamp":"2023-11-09 14:59:42"},{"nodeID":"1384307","text":"Analysing","type":"YA","timestamp":"2023-11-09 14:59:42"},{"nodeID":"1384308","text":"Anon: Thangam Debbonaire: this is the highest taxed UK for 70 years","type":"L","timestamp":"2023-11-09 14:59:42"},{"nodeID":"1384309","text":"Asserting","type":"YA","timestamp":"2023-11-09 14:59:42"},{"nodeID":"1384310","text":"Default Transition","type":"TA","timestamp":"2023-11-09 14:59:42"},{"nodeID":"1384311","text":"Default Inference","type":"RA","timestamp":"2023-11-09 14:59:42"},{"nodeID":"1384312","text":"Arguing","type":"YA","timestamp":"2023-11-09 14:59:42"},{"nodeID":"1384313","text":"we've had stagnant growth","type":"I","timestamp":"2023-11-09 14:59:43"},{"nodeID":"1384314","text":"Thangam Debbonaire: We've had stagnant growth","type":"L","timestamp":"2023-11-09 14:59:43"},{"nodeID":"1384315","text":"Analysing","type":"YA","timestamp":"2023-11-09 14:59:43"},{"nodeID":"1384316","text":"Anon: Thangam Debbonaire: We've had stagnant growth","type":"L","timestamp":"2023-11-09 14:59:43"},{"nodeID":"1384317","text":"Asserting","type":"YA","timestamp":"2023-11-09 14:59:43"},{"nodeID":"1384318","text":"Default Transition","type":"TA","timestamp":"2023-11-09 14:59:43"},{"nodeID":"1384319","text":"we've had low investment","type":"I","timestamp":"2023-11-09 14:59:43"},{"nodeID":"1384320","text":"Thangam Debbonaire: we've had low investment","type":"L","timestamp":"2023-11-09 14:59:43"},{"nodeID":"1384321","text":"Analysing","type":"YA","timestamp":"2023-11-09 14:59:43"},{"nodeID":"1384322","text":"Anon: Thangam Debbonaire: we've had low investment","type":"L","timestamp":"2023-11-09 14:59:43"},{"nodeID":"1384323","text":"Asserting","type":"YA","timestamp":"2023-11-09 14:59:44"},{"nodeID":"1384324","text":"Default Transition","type":"TA","timestamp":"2023-11-09 14:59:44"},{"nodeID":"1384325","text":"David Davis should not want to criticise a Welsh government decision","type":"I","timestamp":"2023-11-09 14:59:44"},{"nodeID":"1384326","text":"Thangam Debbonaire: you want to criticise a Welsh government decision","type":"L","timestamp":"2023-11-09 14:59:44"},{"nodeID":"1384327","text":"Analysing","type":"YA","timestamp":"2023-11-09 14:59:44"},{"nodeID":"1384328","text":"Anon: Thangam Debbonaire: you want to criticise a Welsh government decision","type":"L","timestamp":"2023-11-09 14:59:44"},{"nodeID":"1384329","text":"Rhetorical Questioning","type":"YA","timestamp":"2023-11-09 14:59:44"},{"nodeID":"1384330","text":"Default Transition","type":"TA","timestamp":"2023-11-09 14:59:44"},{"nodeID":"1384331","text":"Default Inference","type":"RA","timestamp":"2023-11-09 14:59:44"},{"nodeID":"1384332","text":"Default Transition","type":"TA","timestamp":"2023-11-09 14:59:44"},{"nodeID":"1384333","text":"Arguing","type":"YA","timestamp":"2023-11-09 14:59:44"},{"nodeID":"1384334","text":"David Davis criticising a Welsh government decision is extraordinary","type":"I","timestamp":"2023-11-09 14:59:45"},{"nodeID":"1384335","text":"Thangam Debbonaire: This is extraordinary","type":"L","timestamp":"2023-11-09 14:59:45"},{"nodeID":"1384336","text":"Analysing","type":"YA","timestamp":"2023-11-09 14:59:45"},{"nodeID":"1384337","text":"Anon: Thangam Debbonaire: This is extraordinary","type":"L","timestamp":"2023-11-09 14:59:45"},{"nodeID":"1384338","text":"Asserting","type":"YA","timestamp":"2023-11-09 14:59:45"},{"nodeID":"1384339","text":"Default Transition","type":"TA","timestamp":"2023-11-09 14:59:45"},{"nodeID":"1384340","text":"Default Inference","type":"RA","timestamp":"2023-11-09 14:59:45"},{"nodeID":"1384341","text":"Arguing","type":"YA","timestamp":"2023-11-09 14:59:45"},{"nodeID":"1384342","text":"this is a Tory government who has crashed the economy at the expense of everybody in this room","type":"I","timestamp":"2023-11-09 14:59:45"},{"nodeID":"1384343","text":"Thangam Debbonaire: This is a Tory government who has crashed the economy at the expense of everybody in this room","type":"L","timestamp":"2023-11-09 14:59:45"},{"nodeID":"1384344","text":"Analysing","type":"YA","timestamp":"2023-11-09 14:59:45"},{"nodeID":"1384345","text":"Anon: Thangam Debbonaire: This is a Tory government who has crashed the economy at the expense of everybody in this room","type":"L","timestamp":"2023-11-09 14:59:45"},{"nodeID":"1384346","text":"Asserting","type":"YA","timestamp":"2023-11-09 14:59:45"},{"nodeID":"1384347","text":"Default Transition","type":"TA","timestamp":"2023-11-09 14:59:45"},{"nodeID":"1384348","text":"Default Inference","type":"RA","timestamp":"2023-11-09 14:59:45"},{"nodeID":"1384349","text":"Default Transition","type":"TA","timestamp":"2023-11-09 14:59:45"},{"nodeID":"1384350","text":"Arguing","type":"YA","timestamp":"2023-11-09 14:59:45"},{"nodeID":"1384351","text":"nice to have Thangam Debbonaire's supporters","type":"I","timestamp":"2023-11-09 14:59:46"},{"nodeID":"1384352","text":"David Davies: nice to have your supporters","type":"L","timestamp":"2023-11-09 14:59:46"},{"nodeID":"1384353","text":"Analysing","type":"YA","timestamp":"2023-11-09 14:59:46"},{"nodeID":"1384354","text":"Anon: David Davies: nice to have your supporters","type":"L","timestamp":"2023-11-09 14:59:46"},{"nodeID":"1384355","text":"Asserting","type":"YA","timestamp":"2023-11-09 14:59:46"},{"nodeID":"1384356","text":"Default Transition","type":"TA","timestamp":"2023-11-09 14:59:46"}],"edges":[{"edgeID":"1808992","fromID":"1384302","toID":"1384301","formEdgeID":null},{"edgeID":"1808993","fromID":"1384303","toID":"1384302","formEdgeID":null},{"edgeID":"1808994","fromID":"1384301","toID":"1384304","formEdgeID":null},{"edgeID":"1808995","fromID":"1384304","toID":"1384300","formEdgeID":null},{"edgeID":"1808996","fromID":"1384307","toID":"1384306","formEdgeID":null},{"edgeID":"1808997","fromID":"1384308","toID":"1384307","formEdgeID":null},{"edgeID":"1808998","fromID":"1384306","toID":"1384309","formEdgeID":null},{"edgeID":"1808999","fromID":"1384309","toID":"1384305","formEdgeID":null},{"edgeID":"1809000","fromID":"1384301","toID":"1384310","formEdgeID":null},{"edgeID":"1809001","fromID":"1384310","toID":"1384306","formEdgeID":null},{"edgeID":"1809002","fromID":"1384300","toID":"1384311","formEdgeID":null},{"edgeID":"1809003","fromID":"1384311","toID":"1384305","formEdgeID":null},{"edgeID":"1809004","fromID":"1384310","toID":"1384312","formEdgeID":null},{"edgeID":"1809005","fromID":"1384312","toID":"1384311","formEdgeID":null},{"edgeID":"1809006","fromID":"1384315","toID":"1384314","formEdgeID":null},{"edgeID":"1809007","fromID":"1384316","toID":"1384315","formEdgeID":null},{"edgeID":"1809008","fromID":"1384314","toID":"1384317","formEdgeID":null},{"edgeID":"1809009","fromID":"1384317","toID":"1384313","formEdgeID":null},{"edgeID":"1809010","fromID":"1384306","toID":"1384318","formEdgeID":null},{"edgeID":"1809011","fromID":"1384318","toID":"1384314","formEdgeID":null},{"edgeID":"1809012","fromID":"1384321","toID":"1384320","formEdgeID":null},{"edgeID":"1809013","fromID":"1384322","toID":"1384321","formEdgeID":null},{"edgeID":"1809014","fromID":"1384320","toID":"1384323","formEdgeID":null},{"edgeID":"1809015","fromID":"1384323","toID":"1384319","formEdgeID":null},{"edgeID":"1809016","fromID":"1384314","toID":"1384324","formEdgeID":null},{"edgeID":"1809017","fromID":"1384324","toID":"1384320","formEdgeID":null},{"edgeID":"1809018","fromID":"1384327","toID":"1384326","formEdgeID":null},{"edgeID":"1809019","fromID":"1384328","toID":"1384327","formEdgeID":null},{"edgeID":"1809020","fromID":"1384326","toID":"1384329","formEdgeID":null},{"edgeID":"1809021","fromID":"1384329","toID":"1384325","formEdgeID":null},{"edgeID":"1809022","fromID":"1384320","toID":"1384330","formEdgeID":null},{"edgeID":"1809023","fromID":"1384330","toID":"1384326","formEdgeID":null},{"edgeID":"1809024","fromID":"1384305","toID":"1384331","formEdgeID":null},{"edgeID":"1809025","fromID":"1384331","toID":"1384325","formEdgeID":null},{"edgeID":"1809026","fromID":"1384313","toID":"1384331","formEdgeID":null},{"edgeID":"1809027","fromID":"1384319","toID":"1384331","formEdgeID":null},{"edgeID":"1809028","fromID":"1384306","toID":"1384332","formEdgeID":null},{"edgeID":"1809029","fromID":"1384332","toID":"1384326","formEdgeID":null},{"edgeID":"1809030","fromID":"1384332","toID":"1384333","formEdgeID":null},{"edgeID":"1809031","fromID":"1384333","toID":"1384331","formEdgeID":null},{"edgeID":"1809032","fromID":"1384336","toID":"1384335","formEdgeID":null},{"edgeID":"1809033","fromID":"1384337","toID":"1384336","formEdgeID":null},{"edgeID":"1809034","fromID":"1384335","toID":"1384338","formEdgeID":null},{"edgeID":"1809035","fromID":"1384338","toID":"1384334","formEdgeID":null},{"edgeID":"1809036","fromID":"1384326","toID":"1384339","formEdgeID":null},{"edgeID":"1809037","fromID":"1384339","toID":"1384335","formEdgeID":null},{"edgeID":"1809038","fromID":"1384325","toID":"1384340","formEdgeID":null},{"edgeID":"1809039","fromID":"1384340","toID":"1384334","formEdgeID":null},{"edgeID":"1809040","fromID":"1384339","toID":"1384341","formEdgeID":null},{"edgeID":"1809041","fromID":"1384341","toID":"1384340","formEdgeID":null},{"edgeID":"1809042","fromID":"1384344","toID":"1384343","formEdgeID":null},{"edgeID":"1809043","fromID":"1384345","toID":"1384344","formEdgeID":null},{"edgeID":"1809044","fromID":"1384343","toID":"1384346","formEdgeID":null},{"edgeID":"1809045","fromID":"1384346","toID":"1384342","formEdgeID":null},{"edgeID":"1809046","fromID":"1384335","toID":"1384347","formEdgeID":null},{"edgeID":"1809047","fromID":"1384347","toID":"1384343","formEdgeID":null},{"edgeID":"1809048","fromID":"1384300","toID":"1384348","formEdgeID":null},{"edgeID":"1809049","fromID":"1384348","toID":"1384342","formEdgeID":null},{"edgeID":"1809050","fromID":"1384301","toID":"1384349","formEdgeID":null},{"edgeID":"1809051","fromID":"1384349","toID":"1384343","formEdgeID":null},{"edgeID":"1809052","fromID":"1384349","toID":"1384350","formEdgeID":null},{"edgeID":"1809053","fromID":"1384350","toID":"1384348","formEdgeID":null},{"edgeID":"1809054","fromID":"1384353","toID":"1384352","formEdgeID":null},{"edgeID":"1809055","fromID":"1384354","toID":"1384353","formEdgeID":null},{"edgeID":"1809056","fromID":"1384352","toID":"1384355","formEdgeID":null},{"edgeID":"1809057","fromID":"1384355","toID":"1384351","formEdgeID":null},{"edgeID":"1809058","fromID":"1384343","toID":"1384356","formEdgeID":null},{"edgeID":"1809059","fromID":"1384356","toID":"1384352","formEdgeID":null}],"locutions":[]}