{"nodes":[{"nodeID":"1383376","text":"scapping major road-building projects is a Labour decision","type":"I","timestamp":"2023-11-09 14:58:22"},{"nodeID":"1383377","text":"Fiona Bruce: this is a Labour decision","type":"L","timestamp":"2023-11-09 14:58:22"},{"nodeID":"1383378","text":"Analysing","type":"YA","timestamp":"2023-11-09 14:58:22"},{"nodeID":"1383379","text":"Anna : Fiona Bruce: this is a Labour decision","type":"L","timestamp":"2023-11-09 14:58:22"},{"nodeID":"1383380","text":"Asserting","type":"YA","timestamp":"2023-11-09 14:58:22"},{"nodeID":"1383381","text":"the Welsh government is Labour","type":"I","timestamp":"2023-11-09 14:58:23"},{"nodeID":"1383382","text":"Fiona Bruce: the Welsh government is Labour","type":"L","timestamp":"2023-11-09 14:58:23"},{"nodeID":"1383383","text":"Analysing","type":"YA","timestamp":"2023-11-09 14:58:23"},{"nodeID":"1383384","text":"Anna : Fiona Bruce: the Welsh government is Labour","type":"L","timestamp":"2023-11-09 14:58:23"},{"nodeID":"1383385","text":"Asserting","type":"YA","timestamp":"2023-11-09 14:58:23"},{"nodeID":"1383386","text":"Thangam Debbonaire supports the decision to scrap the road projects","type":"I","timestamp":"2023-11-09 14:58:23"},{"nodeID":"1383387","text":"Fiona Bruce: you support it presumably","type":"L","timestamp":"2023-11-09 14:58:23"},{"nodeID":"1383388","text":"Analysing","type":"YA","timestamp":"2023-11-09 14:58:23"},{"nodeID":"1383389","text":"Anna : Fiona Bruce: you support it presumably","type":"L","timestamp":"2023-11-09 14:58:23"},{"nodeID":"1383390","text":"Assertive Questioning","type":"YA","timestamp":"2023-11-09 14:58:23"},{"nodeID":"1383391","text":"the thing about devolution is that you are devolving powers closer to the people who are going to take the impact of those decisions","type":"I","timestamp":"2023-11-09 14:58:24"},{"nodeID":"1383392","text":"Thangam Debbonaire: the thing about devolution is that you are devolving powers closer to the people who are going to take the impact of those decisions","type":"L","timestamp":"2023-11-09 14:58:24"},{"nodeID":"1383393","text":"Analysing","type":"YA","timestamp":"2023-11-09 14:58:24"},{"nodeID":"1383394","text":"Anna : Thangam Debbonaire: the thing about devolution is that you are devolving powers closer to the people who are going to take the impact of those decisions","type":"L","timestamp":"2023-11-09 14:58:24"},{"nodeID":"1383395","text":"Asserting","type":"YA","timestamp":"2023-11-09 14:58:24"},{"nodeID":"1383396","text":"Thangam Debbonaire doesn\u2019t agree but nonetheless the decision is up to the people","type":"I","timestamp":"2023-11-09 14:58:25"},{"nodeID":"1383397","text":"Fiona Bruce: that\u2019s softening us up for saying you don\u2019t agree but nonetheless it\u2019s up to them","type":"L","timestamp":"2023-11-09 14:58:25"},{"nodeID":"1383398","text":"Analysing","type":"YA","timestamp":"2023-11-09 14:58:25"},{"nodeID":"1383399","text":"Anna : Fiona Bruce: that\u2019s softening us up for saying you don\u2019t agree but nonetheless it\u2019s up to them","type":"L","timestamp":"2023-11-09 14:58:25"},{"nodeID":"1383400","text":"it\u2019s a way of saying that, you know, devolution means what it says and we have to trust in the process","type":"I","timestamp":"2023-11-09 14:58:25"},{"nodeID":"1383401","text":"Thangam Debbonaire: No, it\u2019s a way of saying that, you know, devolution means what it says and we have to trust in the process","type":"L","timestamp":"2023-11-09 14:58:25"},{"nodeID":"1383402","text":"Analysing","type":"YA","timestamp":"2023-11-09 14:58:25"},{"nodeID":"1383403","text":"Anna : Thangam Debbonaire: No, it\u2019s a way of saying that, you know, devolution means what it says and we have to trust in the process","type":"L","timestamp":"2023-11-09 14:58:25"},{"nodeID":"1383404","text":"Asserting","type":"YA","timestamp":"2023-11-09 14:58:25"},{"nodeID":"1383405","text":"the decision to scrap all major road projects will or will not damage the Welsh economy","type":"I","timestamp":"2023-11-09 14:58:26"},{"nodeID":"1383406","text":"Fiona Bruce: is the decision to scrap all major road projects, will it damage the Welsh economy, what do you think?","type":"L","timestamp":"2023-11-09 14:58:26"},{"nodeID":"1383407","text":"Analysing","type":"YA","timestamp":"2023-11-09 14:58:26"},{"nodeID":"1383408","text":"Anna : Fiona Bruce: is the decision to scrap all major road projects, will it damage the Welsh economy, what do you think?","type":"L","timestamp":"2023-11-09 14:58:26"},{"nodeID":"1383409","text":"Pure Questioning","type":"YA","timestamp":"2023-11-09 14:58:26"},{"nodeID":"1383410","text":"it wasn\u2019t all major road projects who have been scrapped","type":"I","timestamp":"2023-11-09 14:58:26"},{"nodeID":"1383411","text":"Thangam Debbonaire: you already said it wasn\u2019t all major roads","type":"L","timestamp":"2023-11-09 14:58:26"},{"nodeID":"1383412","text":"Analysing","type":"YA","timestamp":"2023-11-09 14:58:26"},{"nodeID":"1383413","text":"Anna : Thangam Debbonaire: you already said it wasn\u2019t all major roads","type":"L","timestamp":"2023-11-09 14:58:26"},{"nodeID":"1383414","text":"Fiona Bruce: it wasn\u2019t all major roads","type":"L","timestamp":"2023-11-09 14:58:26"},{"nodeID":"1383415","text":"Analysing","type":"YA","timestamp":"2023-11-09 14:58:26"},{"nodeID":"1383416","text":"Anna : Fiona Bruce: it wasn\u2019t all major roads","type":"L","timestamp":"2023-11-09 14:58:26"},{"nodeID":"1383417","text":"Asserting","type":"YA","timestamp":"2023-11-09 14:58:26"},{"nodeID":"1383418","text":"Asserting","type":"YA","timestamp":"2023-11-09 14:58:26"},{"nodeID":"1383419","text":"Fifty-nine new projects were put on hold in 2021 so this review could take place","type":"I","timestamp":"2023-11-09 14:58:27"},{"nodeID":"1383420","text":"Fiona Bruce: Fifty-nine new projects were put on hold in 2021 so this review could take place","type":"L","timestamp":"2023-11-09 14:58:27"},{"nodeID":"1383421","text":"Analysing","type":"YA","timestamp":"2023-11-09 14:58:27"},{"nodeID":"1383422","text":"Anna : Fiona Bruce: Fifty-nine new projects were put on hold in 2021 so this review could take place","type":"L","timestamp":"2023-11-09 14:58:27"},{"nodeID":"1383423","text":"Asserting","type":"YA","timestamp":"2023-11-09 14:58:27"},{"nodeID":"1383424","text":"only 15 road projects are going ahead","type":"I","timestamp":"2023-11-09 14:58:28"},{"nodeID":"1383425","text":"Fiona Bruce: Only 15 are going ahead","type":"L","timestamp":"2023-11-09 14:58:28"},{"nodeID":"1383426","text":"Analysing","type":"YA","timestamp":"2023-11-09 14:58:28"},{"nodeID":"1383427","text":"Anna : Fiona Bruce: Only 15 are going ahead","type":"L","timestamp":"2023-11-09 14:58:28"},{"nodeID":"1383428","text":"Asserting","type":"YA","timestamp":"2023-11-09 14:58:28"},{"nodeID":"1383429","text":"the road projects are slightly smaller than they were","type":"I","timestamp":"2023-11-09 14:58:28"},{"nodeID":"1383430","text":"Fiona Bruce: they\u2019re slightly smaller than they were","type":"L","timestamp":"2023-11-09 14:58:28"},{"nodeID":"1383431","text":"Analysing","type":"YA","timestamp":"2023-11-09 14:58:28"},{"nodeID":"1383432","text":"Anna : Fiona Bruce: they\u2019re slightly smaller than they were","type":"L","timestamp":"2023-11-09 14:58:28"},{"nodeID":"1383433","text":"Asserting","type":"YA","timestamp":"2023-11-09 14:58:28"},{"nodeID":"1383434","text":"so maybe not all road projects are being scrapped but pretty damn near all","type":"I","timestamp":"2023-11-09 14:58:29"},{"nodeID":"1383435","text":"Fiona Bruce: so maybe not all but pretty damn near all","type":"L","timestamp":"2023-11-09 14:58:29"},{"nodeID":"1383436","text":"Analysing","type":"YA","timestamp":"2023-11-09 14:58:29"},{"nodeID":"1383437","text":"Anna : Fiona Bruce: so maybe not all but pretty damn near all","type":"L","timestamp":"2023-11-09 14:58:29"},{"nodeID":"1383438","text":"Asserting","type":"YA","timestamp":"2023-11-09 14:58:29"},{"nodeID":"1383439","text":"not all road projects are being scrapped","type":"I","timestamp":"2023-11-09 14:58:29"},{"nodeID":"1383440","text":"Thangam Debbonaire: Well, it\u2019s not all","type":"L","timestamp":"2023-11-09 14:58:29"},{"nodeID":"1383441","text":"Analysing","type":"YA","timestamp":"2023-11-09 14:58:29"},{"nodeID":"1383442","text":"Anna : Thangam Debbonaire: Well, it\u2019s not all","type":"L","timestamp":"2023-11-09 14:58:29"},{"nodeID":"1383443","text":"Asserting","type":"YA","timestamp":"2023-11-09 14:58:29"},{"nodeID":"1383444","text":"the scrapping of the road projects will or will not damage the Welsh economy","type":"I","timestamp":"2023-11-09 14:58:30"},{"nodeID":"1383445","text":"Fiona Bruce: Will it damage the Welsh economy?","type":"L","timestamp":"2023-11-09 14:58:30"},{"nodeID":"1383446","text":"Analysing","type":"YA","timestamp":"2023-11-09 14:58:30"},{"nodeID":"1383447","text":"Anna : Fiona Bruce: Will it damage the Welsh economy?","type":"L","timestamp":"2023-11-09 14:58:30"},{"nodeID":"1383448","text":"Pure Questioning","type":"YA","timestamp":"2023-11-09 14:58:30"},{"nodeID":"1383449","text":"there\u2019s lots of different ways of looking at how an economy runs","type":"I","timestamp":"2023-11-09 14:58:31"},{"nodeID":"1383450","text":"Thangam Debbonaire: there\u2019s lots of different ways of looking at how an economy runs","type":"L","timestamp":"2023-11-09 14:58:31"},{"nodeID":"1383451","text":"Analysing","type":"YA","timestamp":"2023-11-09 14:58:31"},{"nodeID":"1383452","text":"Anna : Thangam Debbonaire: there\u2019s lots of different ways of looking at how an economy runs","type":"L","timestamp":"2023-11-09 14:58:31"},{"nodeID":"1383453","text":"Asserting","type":"YA","timestamp":"2023-11-09 14:58:31"},{"nodeID":"1383454","text":"Thangam Debbonaire needs to be clear about the fact that not all road projects have been scrapped","type":"I","timestamp":"2023-11-09 14:58:31"},{"nodeID":"1383455","text":"Thangam Debbonaire:  I need to be clear about that","type":"L","timestamp":"2023-11-09 14:58:31"},{"nodeID":"1383456","text":"Analysing","type":"YA","timestamp":"2023-11-09 14:58:31"},{"nodeID":"1383457","text":"Anna : Thangam Debbonaire:  I need to be clear about that","type":"L","timestamp":"2023-11-09 14:58:31"},{"nodeID":"1383458","text":"Asserting","type":"YA","timestamp":"2023-11-09 14:58:31"},{"nodeID":"1383459","text":"Default Inference","type":"RA","timestamp":"2023-11-09 14:58:31"},{"nodeID":"1383460","text":"Default Transition","type":"TA","timestamp":"2023-11-09 14:58:31"},{"nodeID":"1383461","text":"Default Transition","type":"TA","timestamp":"2023-11-09 14:58:31"},{"nodeID":"1383462","text":"Arguing","type":"YA","timestamp":"2023-11-09 14:58:31"},{"nodeID":"1383463","text":"Default Transition","type":"TA","timestamp":"2023-11-09 14:58:31"},{"nodeID":"1383464","text":"Default Transition","type":"TA","timestamp":"2023-11-09 14:58:31"},{"nodeID":"1383465","text":"Default Transition","type":"TA","timestamp":"2023-11-09 14:58:31"},{"nodeID":"1383466","text":"Default Conflict","type":"CA","timestamp":"2023-11-09 14:58:31"},{"nodeID":"1383467","text":"Disagreeing","type":"YA","timestamp":"2023-11-09 14:58:31"},{"nodeID":"1383468","text":"Default Transition","type":"TA","timestamp":"2023-11-09 14:58:31"},{"nodeID":"1383469","text":"Default Transition","type":"TA","timestamp":"2023-11-09 14:58:31"},{"nodeID":"1383470","text":"Default Inference","type":"RA","timestamp":"2023-11-09 14:58:31"},{"nodeID":"1383471","text":"Default Transition","type":"TA","timestamp":"2023-11-09 14:58:31"},{"nodeID":"1383472","text":"Default Transition","type":"TA","timestamp":"2023-11-09 14:58:31"},{"nodeID":"1383473","text":"Default Transition","type":"TA","timestamp":"2023-11-09 14:58:31"},{"nodeID":"1383474","text":"Default Conflict","type":"CA","timestamp":"2023-11-09 14:58:31"},{"nodeID":"1383475","text":"Default Transition","type":"TA","timestamp":"2023-11-09 14:58:31"},{"nodeID":"1383476","text":"Disagreeing","type":"YA","timestamp":"2023-11-09 14:58:31"},{"nodeID":"1383477","text":"Default Transition","type":"TA","timestamp":"2023-11-09 14:58:31"},{"nodeID":"1383478","text":"Default Conflict","type":"CA","timestamp":"2023-11-09 14:58:31"},{"nodeID":"1383479","text":"Disagreeing","type":"YA","timestamp":"2023-11-09 14:58:31"},{"nodeID":"1383480","text":"Default Rephrase","type":"MA","timestamp":"2023-11-09 14:58:31"},{"nodeID":"1383481","text":"Default Transition","type":"TA","timestamp":"2023-11-09 14:58:31"},{"nodeID":"1383482","text":"Restating","type":"YA","timestamp":"2023-11-09 14:58:31"},{"nodeID":"1383483","text":"Default Transition","type":"TA","timestamp":"2023-11-09 14:58:31"},{"nodeID":"1383484","text":"Default Rephrase","type":"MA","timestamp":"2023-11-09 14:58:31"},{"nodeID":"1383485","text":"Default Transition","type":"TA","timestamp":"2023-11-09 14:58:31"},{"nodeID":"1383486","text":"Restating","type":"YA","timestamp":"2023-11-09 14:58:31"},{"nodeID":"1383487","text":"Default Transition","type":"TA","timestamp":"2023-11-09 14:58:31"},{"nodeID":"1383488","text":"Thangam Debbonaire: I don't agree but nonetheless the decision up to the people","type":"L","timestamp":"2023-11-09 14:58:31"},{"nodeID":"1383489","text":"Analysing","type":"YA","timestamp":"2023-11-09 14:58:31"},{"nodeID":"1383490","text":"Anna : Thangam Debbonaire: that\u2019s softening us up for saying Thangam Debbonaire doesn\u2019t agree but nonetheless the decision up to the people","type":"L","timestamp":"2023-11-09 14:58:31"},{"nodeID":"1383491","text":"Asserting","type":"YA","timestamp":"2023-11-09 14:58:31"},{"nodeID":"1383492","text":"Asserting","type":"YA","timestamp":"2023-11-09 14:58:31"},{"nodeID":"1383493","text":"Default Conflict","type":"CA","timestamp":"2023-11-09 14:58:31"},{"nodeID":"1383494","text":"Disagreeing","type":"YA","timestamp":"2023-11-09 14:58:31"}],"edges":[{"edgeID":"1807919","fromID":"1383378","toID":"1383377","formEdgeID":null},{"edgeID":"1807920","fromID":"1383379","toID":"1383378","formEdgeID":null},{"edgeID":"1807921","fromID":"1383377","toID":"1383380","formEdgeID":null},{"edgeID":"1807922","fromID":"1383380","toID":"1383376","formEdgeID":null},{"edgeID":"1807923","fromID":"1383383","toID":"1383382","formEdgeID":null},{"edgeID":"1807924","fromID":"1383384","toID":"1383383","formEdgeID":null},{"edgeID":"1807925","fromID":"1383382","toID":"1383385","formEdgeID":null},{"edgeID":"1807926","fromID":"1383385","toID":"1383381","formEdgeID":null},{"edgeID":"1807927","fromID":"1383388","toID":"1383387","formEdgeID":null},{"edgeID":"1807928","fromID":"1383389","toID":"1383388","formEdgeID":null},{"edgeID":"1807929","fromID":"1383387","toID":"1383390","formEdgeID":null},{"edgeID":"1807930","fromID":"1383390","toID":"1383386","formEdgeID":null},{"edgeID":"1807931","fromID":"1383393","toID":"1383392","formEdgeID":null},{"edgeID":"1807932","fromID":"1383394","toID":"1383393","formEdgeID":null},{"edgeID":"1807933","fromID":"1383392","toID":"1383395","formEdgeID":null},{"edgeID":"1807934","fromID":"1383395","toID":"1383391","formEdgeID":null},{"edgeID":"1807935","fromID":"1383398","toID":"1383397","formEdgeID":null},{"edgeID":"1807936","fromID":"1383399","toID":"1383398","formEdgeID":null},{"edgeID":"1807937","fromID":"1383402","toID":"1383401","formEdgeID":null},{"edgeID":"1807938","fromID":"1383403","toID":"1383402","formEdgeID":null},{"edgeID":"1807939","fromID":"1383401","toID":"1383404","formEdgeID":null},{"edgeID":"1807940","fromID":"1383404","toID":"1383400","formEdgeID":null},{"edgeID":"1807941","fromID":"1383407","toID":"1383406","formEdgeID":null},{"edgeID":"1807942","fromID":"1383408","toID":"1383407","formEdgeID":null},{"edgeID":"1807943","fromID":"1383406","toID":"1383409","formEdgeID":null},{"edgeID":"1807944","fromID":"1383409","toID":"1383405","formEdgeID":null},{"edgeID":"1807945","fromID":"1383412","toID":"1383411","formEdgeID":null},{"edgeID":"1807946","fromID":"1383413","toID":"1383412","formEdgeID":null},{"edgeID":"1807947","fromID":"1383415","toID":"1383414","formEdgeID":null},{"edgeID":"1807948","fromID":"1383416","toID":"1383415","formEdgeID":null},{"edgeID":"1807949","fromID":"1383414","toID":"1383417","formEdgeID":null},{"edgeID":"1807950","fromID":"1383417","toID":"1383410","formEdgeID":null},{"edgeID":"1807951","fromID":"1383411","toID":"1383418","formEdgeID":null},{"edgeID":"1807952","fromID":"1383418","toID":"1383414","formEdgeID":null},{"edgeID":"1807953","fromID":"1383421","toID":"1383420","formEdgeID":null},{"edgeID":"1807954","fromID":"1383422","toID":"1383421","formEdgeID":null},{"edgeID":"1807955","fromID":"1383420","toID":"1383423","formEdgeID":null},{"edgeID":"1807956","fromID":"1383423","toID":"1383419","formEdgeID":null},{"edgeID":"1807957","fromID":"1383426","toID":"1383425","formEdgeID":null},{"edgeID":"1807958","fromID":"1383427","toID":"1383426","formEdgeID":null},{"edgeID":"1807959","fromID":"1383425","toID":"1383428","formEdgeID":null},{"edgeID":"1807960","fromID":"1383428","toID":"1383424","formEdgeID":null},{"edgeID":"1807961","fromID":"1383431","toID":"1383430","formEdgeID":null},{"edgeID":"1807962","fromID":"1383432","toID":"1383431","formEdgeID":null},{"edgeID":"1807963","fromID":"1383430","toID":"1383433","formEdgeID":null},{"edgeID":"1807964","fromID":"1383433","toID":"1383429","formEdgeID":null},{"edgeID":"1807965","fromID":"1383436","toID":"1383435","formEdgeID":null},{"edgeID":"1807966","fromID":"1383437","toID":"1383436","formEdgeID":null},{"edgeID":"1807967","fromID":"1383435","toID":"1383438","formEdgeID":null},{"edgeID":"1807968","fromID":"1383438","toID":"1383434","formEdgeID":null},{"edgeID":"1807969","fromID":"1383441","toID":"1383440","formEdgeID":null},{"edgeID":"1807970","fromID":"1383442","toID":"1383441","formEdgeID":null},{"edgeID":"1807971","fromID":"1383440","toID":"1383443","formEdgeID":null},{"edgeID":"1807972","fromID":"1383443","toID":"1383439","formEdgeID":null},{"edgeID":"1807973","fromID":"1383446","toID":"1383445","formEdgeID":null},{"edgeID":"1807974","fromID":"1383447","toID":"1383446","formEdgeID":null},{"edgeID":"1807975","fromID":"1383445","toID":"1383448","formEdgeID":null},{"edgeID":"1807976","fromID":"1383448","toID":"1383444","formEdgeID":null},{"edgeID":"1807977","fromID":"1383451","toID":"1383450","formEdgeID":null},{"edgeID":"1807978","fromID":"1383452","toID":"1383451","formEdgeID":null},{"edgeID":"1807979","fromID":"1383450","toID":"1383453","formEdgeID":null},{"edgeID":"1807980","fromID":"1383453","toID":"1383449","formEdgeID":null},{"edgeID":"1807981","fromID":"1383456","toID":"1383455","formEdgeID":null},{"edgeID":"1807982","fromID":"1383457","toID":"1383456","formEdgeID":null},{"edgeID":"1807983","fromID":"1383455","toID":"1383458","formEdgeID":null},{"edgeID":"1807984","fromID":"1383458","toID":"1383454","formEdgeID":null},{"edgeID":"1807985","fromID":"1383376","toID":"1383459","formEdgeID":null},{"edgeID":"1807986","fromID":"1383459","toID":"1383386","formEdgeID":null},{"edgeID":"1807987","fromID":"1383381","toID":"1383459","formEdgeID":null},{"edgeID":"1807988","fromID":"1383377","toID":"1383460","formEdgeID":null},{"edgeID":"1807989","fromID":"1383460","toID":"1383387","formEdgeID":null},{"edgeID":"1807990","fromID":"1383382","toID":"1383461","formEdgeID":null},{"edgeID":"1807991","fromID":"1383461","toID":"1383387","formEdgeID":null},{"edgeID":"1807992","fromID":"1383461","toID":"1383462","formEdgeID":null},{"edgeID":"1807993","fromID":"1383462","toID":"1383459","formEdgeID":null},{"edgeID":"1807994","fromID":"1383387","toID":"1383463","formEdgeID":null},{"edgeID":"1807995","fromID":"1383463","toID":"1383392","formEdgeID":null},{"edgeID":"1807996","fromID":"1383392","toID":"1383464","formEdgeID":null},{"edgeID":"1807997","fromID":"1383464","toID":"1383397","formEdgeID":null},{"edgeID":"1807998","fromID":"1383397","toID":"1383465","formEdgeID":null},{"edgeID":"1807999","fromID":"1383465","toID":"1383401","formEdgeID":null},{"edgeID":"1808000","fromID":"1383400","toID":"1383466","formEdgeID":null},{"edgeID":"1808001","fromID":"1383466","toID":"1383396","formEdgeID":null},{"edgeID":"1808002","fromID":"1383465","toID":"1383467","formEdgeID":null},{"edgeID":"1808003","fromID":"1383467","toID":"1383466","formEdgeID":null},{"edgeID":"1808004","fromID":"1383401","toID":"1383468","formEdgeID":null},{"edgeID":"1808005","fromID":"1383468","toID":"1383406","formEdgeID":null},{"edgeID":"1808006","fromID":"1383406","toID":"1383469","formEdgeID":null},{"edgeID":"1808007","fromID":"1383469","toID":"1383411","formEdgeID":null},{"edgeID":"1808008","fromID":"1383419","toID":"1383470","formEdgeID":null},{"edgeID":"1808009","fromID":"1383470","toID":"1383434","formEdgeID":null},{"edgeID":"1808010","fromID":"1383424","toID":"1383470","formEdgeID":null},{"edgeID":"1808011","fromID":"1383429","toID":"1383470","formEdgeID":null},{"edgeID":"1808012","fromID":"1383420","toID":"1383471","formEdgeID":null},{"edgeID":"1808013","fromID":"1383471","toID":"1383435","formEdgeID":null},{"edgeID":"1808014","fromID":"1383425","toID":"1383472","formEdgeID":null},{"edgeID":"1808015","fromID":"1383472","toID":"1383435","formEdgeID":null},{"edgeID":"1808016","fromID":"1383430","toID":"1383473","formEdgeID":null},{"edgeID":"1808017","fromID":"1383473","toID":"1383435","formEdgeID":null},{"edgeID":"1808018","fromID":"1383434","toID":"1383474","formEdgeID":null},{"edgeID":"1808019","fromID":"1383474","toID":"1383410","formEdgeID":null},{"edgeID":"1808020","fromID":"1383411","toID":"1383475","formEdgeID":null},{"edgeID":"1808021","fromID":"1383475","toID":"1383435","formEdgeID":null},{"edgeID":"1808022","fromID":"1383475","toID":"1383476","formEdgeID":null},{"edgeID":"1808023","fromID":"1383476","toID":"1383474","formEdgeID":null},{"edgeID":"1808024","fromID":"1383435","toID":"1383477","formEdgeID":null},{"edgeID":"1808025","fromID":"1383477","toID":"1383440","formEdgeID":null},{"edgeID":"1808026","fromID":"1383439","toID":"1383478","formEdgeID":null},{"edgeID":"1808027","fromID":"1383478","toID":"1383434","formEdgeID":null},{"edgeID":"1808028","fromID":"1383477","toID":"1383479","formEdgeID":null},{"edgeID":"1808029","fromID":"1383479","toID":"1383478","formEdgeID":null},{"edgeID":"1808030","fromID":"1383439","toID":"1383480","formEdgeID":null},{"edgeID":"1808031","fromID":"1383480","toID":"1383410","formEdgeID":null},{"edgeID":"1808032","fromID":"1383411","toID":"1383481","formEdgeID":null},{"edgeID":"1808033","fromID":"1383481","toID":"1383440","formEdgeID":null},{"edgeID":"1808034","fromID":"1383481","toID":"1383482","formEdgeID":null},{"edgeID":"1808035","fromID":"1383482","toID":"1383480","formEdgeID":null},{"edgeID":"1808036","fromID":"1383440","toID":"1383483","formEdgeID":null},{"edgeID":"1808037","fromID":"1383483","toID":"1383445","formEdgeID":null},{"edgeID":"1808038","fromID":"1383454","toID":"1383484","formEdgeID":null},{"edgeID":"1808039","fromID":"1383484","toID":"1383439","formEdgeID":null},{"edgeID":"1808040","fromID":"1383440","toID":"1383485","formEdgeID":null},{"edgeID":"1808041","fromID":"1383485","toID":"1383455","formEdgeID":null},{"edgeID":"1808042","fromID":"1383485","toID":"1383486","formEdgeID":null},{"edgeID":"1808043","fromID":"1383486","toID":"1383484","formEdgeID":null},{"edgeID":"1808044","fromID":"1383455","toID":"1383487","formEdgeID":null},{"edgeID":"1808045","fromID":"1383487","toID":"1383450","formEdgeID":null},{"edgeID":"1808046","fromID":"1383489","toID":"1383488","formEdgeID":null},{"edgeID":"1808047","fromID":"1383490","toID":"1383489","formEdgeID":null},{"edgeID":"1808048","fromID":"1383488","toID":"1383491","formEdgeID":null},{"edgeID":"1808049","fromID":"1383491","toID":"1383396","formEdgeID":null},{"edgeID":"1808050","fromID":"1383397","toID":"1383492","formEdgeID":null},{"edgeID":"1808051","fromID":"1383492","toID":"1383488","formEdgeID":null},{"edgeID":"1808052","fromID":"1383410","toID":"1383493","formEdgeID":null},{"edgeID":"1808053","fromID":"1383493","toID":"1383405","formEdgeID":null},{"edgeID":"1808054","fromID":"1383469","toID":"1383494","formEdgeID":null},{"edgeID":"1808055","fromID":"1383494","toID":"1383493","formEdgeID":null}],"locutions":[]}