{"nodes":[{"nodeID":"501708","text":"we are going to be very, very cautious about what happens and under what timetable","type":"I","timestamp":"2020-05-14 21:28:00"},{"nodeID":"501713","text":"this is not going to be a single announcement that that's the end of the lockdown and everything is back to normal","type":"I","timestamp":"2020-05-14 21:28:00"},{"nodeID":"1291637","text":"lockdown might be slightly easier or lifted slightly more in places like Cornwall and Devon, say, for example","type":"I","timestamp":"2023-11-09 12:43:50"},{"nodeID":"1291638","text":"Analysing","type":"YA","timestamp":"2023-11-09 12:43:50"},{"nodeID":"1291639","text":"Fiona Bruce: lockdown might be slightly easier or lifted slightly more in places like Cornwall and Devon, say, for example","type":"L","timestamp":"2023-11-09 12:43:50"},{"nodeID":"1291640","text":"Kyle: Fiona Bruce: ockdown might be slightly easier or lifted slightly more in places like Cornwall and Devon, say, for example","type":"L","timestamp":"2023-11-09 12:43:50"},{"nodeID":"1291641","text":"Asserting","type":"YA","timestamp":"2023-11-09 12:43:50"},{"nodeID":"1291642","text":"locking easing in some locations is what George Eustice is suggesting","type":"I","timestamp":"2023-11-09 12:43:50"},{"nodeID":"1291643","text":"Kyle: Fiona Bruce: Is that what you are suggesting","type":"L","timestamp":"2023-11-09 12:43:50"},{"nodeID":"1291644","text":"Analysing","type":"YA","timestamp":"2023-11-09 12:43:50"},{"nodeID":"1291645","text":"Fiona Bruce: Is that what you are suggesting","type":"L","timestamp":"2023-11-09 12:43:50"},{"nodeID":"1291646","text":"Assertive Challenging","type":"YA","timestamp":"2023-11-09 12:43:50"},{"nodeID":"1291647","text":"Default Transition","type":"TA","timestamp":"2023-11-09 12:43:50"},{"nodeID":"1291648","text":"Kyle: George Eustice: Obviously","type":"L","timestamp":"2023-11-09 12:43:50"},{"nodeID":"1291649","text":"George Eustice: Obviously","type":"L","timestamp":"2023-11-09 12:43:50"},{"nodeID":"1291650","text":"Analysing","type":"YA","timestamp":"2023-11-09 12:43:50"},{"nodeID":"1291651","text":"Default Transition","type":"TA","timestamp":"2023-11-09 12:43:50"},{"nodeID":"1291652","text":"the Prime Minister is going to give his statement on some lockdown easings on Sunday","type":"I","timestamp":"2023-11-09 12:43:51"},{"nodeID":"1291653","text":"George Eustice: the Prime Minister is going to give his statement on Sunday","type":"L","timestamp":"2023-11-09 12:43:51"},{"nodeID":"1291654","text":"Analysing","type":"YA","timestamp":"2023-11-09 12:43:51"},{"nodeID":"1291655","text":"Kyle: George Eustice: the Prime Minister is going to give his statement on Sunday","type":"L","timestamp":"2023-11-09 12:43:51"},{"nodeID":"1291656","text":"Asserting","type":"YA","timestamp":"2023-11-09 12:43:51"},{"nodeID":"1291657","text":"Default Transition","type":"TA","timestamp":"2023-11-09 12:43:51"},{"nodeID":"1291658","text":"lockdown easing in some places is or is not what Goerge Eustice was expecting","type":"I","timestamp":"2023-11-09 12:43:51"},{"nodeID":"1291659","text":"Fiona Bruce: Is that what you are expecting","type":"L","timestamp":"2023-11-09 12:43:51"},{"nodeID":"1291660","text":"Kyle: Fiona Bruce: Is that what you are expecting","type":"L","timestamp":"2023-11-09 12:43:51"},{"nodeID":"1291661","text":"Analysing","type":"YA","timestamp":"2023-11-09 12:43:51"},{"nodeID":"1291662","text":"Pure Challenging","type":"YA","timestamp":"2023-11-09 12:43:51"},{"nodeID":"1291663","text":"Default Transition","type":"TA","timestamp":"2023-11-09 12:43:51"},{"nodeID":"1291664","text":"obviously the Prime Minister has to observe the current restrictions","type":"I","timestamp":"2023-11-09 12:43:52"},{"nodeID":"1291665","text":"George Eustice: obviously he has to observe the current restrictions","type":"L","timestamp":"2023-11-09 12:43:52"},{"nodeID":"1291666","text":"Analysing","type":"YA","timestamp":"2023-11-09 12:43:52"},{"nodeID":"1291667","text":"Kyle: George Eustice: obviously he has to observe the current restrictions","type":"L","timestamp":"2023-11-09 12:43:52"},{"nodeID":"1291668","text":"Asserting","type":"YA","timestamp":"2023-11-09 12:43:52"},{"nodeID":"1291669","text":"Default Transition","type":"TA","timestamp":"2023-11-09 12:43:52"},{"nodeID":"1291670","text":"the Prime Minister has already an idea of what he is likely to outline on Sunday is a route map about how we can revolve this policy","type":"I","timestamp":"2023-11-09 12:43:52"},{"nodeID":"1291671","text":"George Eustice: the Prime Minister has already an idea of what he is likely to outline on Sunday is a route map about how we can revolve this policy","type":"L","timestamp":"2023-11-09 12:43:52"},{"nodeID":"1291672","text":"Analysing","type":"YA","timestamp":"2023-11-09 12:43:52"},{"nodeID":"1291673","text":"Kyle: George Eustice: the Prime Minister has already an idea of what he is likely to outline on Sunday is a route map about how we can revolve this policy","type":"L","timestamp":"2023-11-09 12:43:52"},{"nodeID":"1291674","text":"Asserting","type":"YA","timestamp":"2023-11-09 12:43:52"},{"nodeID":"1291675","text":"Default Rephrase","type":"MA","timestamp":"2023-11-09 12:43:52"},{"nodeID":"1291676","text":"Default Transition","type":"TA","timestamp":"2023-11-09 12:43:52"},{"nodeID":"1291677","text":"Default Illocuting","type":"YA","timestamp":"2023-11-09 12:43:52"},{"nodeID":"1291678","text":"we are going to be very cautious","type":"I","timestamp":"2023-11-09 12:43:53"},{"nodeID":"1291679","text":"Analysing","type":"YA","timestamp":"2023-11-09 12:43:53"},{"nodeID":"1291680","text":"Kyle: George Eustice: We are going to be very cautious","type":"L","timestamp":"2023-11-09 12:43:53"},{"nodeID":"1291681","text":"George Eustice: We are going to be very cautious","type":"L","timestamp":"2023-11-09 12:43:53"},{"nodeID":"1291682","text":"Asserting","type":"YA","timestamp":"2023-11-09 12:43:53"},{"nodeID":"1291683","text":"Default Transition","type":"TA","timestamp":"2023-11-09 12:43:53"},{"nodeID":"1291684","text":"clearly we are not out of the woods on this by any means","type":"I","timestamp":"2023-11-09 12:43:54"},{"nodeID":"1291685","text":"Kyle: George Eustice: clearly we are not out of the woods on this by any means","type":"L","timestamp":"2023-11-09 12:43:54"},{"nodeID":"1291686","text":"Analysing","type":"YA","timestamp":"2023-11-09 12:43:54"},{"nodeID":"1291687","text":"George Eustice: clearly we are not out of the woods on this by any means","type":"L","timestamp":"2023-11-09 12:43:54"},{"nodeID":"1291688","text":"Asserting","type":"YA","timestamp":"2023-11-09 12:43:54"},{"nodeID":"1291689","text":"Default Transition","type":"TA","timestamp":"2023-11-09 12:43:54"},{"nodeID":"1291690","text":"Default Inference","type":"RA","timestamp":"2023-11-09 12:43:54"},{"nodeID":"1291691","text":"Arguing","type":"YA","timestamp":"2023-11-09 12:43:54"},{"nodeID":"1291692","text":"we are expecting a bit more than a route map","type":"I","timestamp":"2023-11-09 12:43:54"},{"nodeID":"1291693","text":"Fiona Bruce:  we are expecting a bit more than a route map","type":"L","timestamp":"2023-11-09 12:43:54"},{"nodeID":"1291694","text":"Analysing","type":"YA","timestamp":"2023-11-09 12:43:54"},{"nodeID":"1291695","text":"Kyle: Fiona Bruce:  we are expecting a bit more than a route map","type":"L","timestamp":"2023-11-09 12:43:54"},{"nodeID":"1291696","text":"Asserting","type":"YA","timestamp":"2023-11-09 12:43:54"},{"nodeID":"1291697","text":"Default Conflict","type":"CA","timestamp":"2023-11-09 12:43:54"},{"nodeID":"1291698","text":"Default Transition","type":"TA","timestamp":"2023-11-09 12:43:54"},{"nodeID":"1291699","text":"Disagreeing","type":"YA","timestamp":"2023-11-09 12:43:54"},{"nodeID":"1291700","text":"Fiona Bruce: He said in Parliament the reason we are making the announcement on Sunday, at 7 o'clock I think, is so we can get going with some of the measures on Monday","type":"L","timestamp":"2023-11-09 12:43:54"},{"nodeID":"1291701","text":"Analysing","type":"YA","timestamp":"2023-11-09 12:43:54"},{"nodeID":"1291702","text":"Kyle: Fiona Bruce: He said in Parliament the reason we are making the announcement on Sunday, at 7 o'clock I think, is so we can get going with some of the measures on Monday","type":"L","timestamp":"2023-11-09 12:43:54"},{"nodeID":"1291703","text":"the reason we are making the announcement on Sunday, at 7 o'clock  is so we can get going with some of the measures on Monday","type":"I","timestamp":"2023-11-09 12:43:55"},{"nodeID":"1291704","text":"Boris Johnson:  the reason we are making the announcement on Sunday, at 7 o'clock I think, is so we can get going with some of the measures on Monday","type":"L","timestamp":"2023-11-09 12:43:55"},{"nodeID":"1291705","text":"Kyle: Boris Johnson:  the reason we are making the announcement on Sunday, at 7 o'clock I think, is so we can get going with some of the measures on Monday","type":"L","timestamp":"2023-11-09 12:43:55"},{"nodeID":"1291706","text":"Analysing","type":"YA","timestamp":"2023-11-09 12:43:55"},{"nodeID":"1291707","text":"Asserting","type":"YA","timestamp":"2023-11-09 12:43:55"},{"nodeID":"1291708","text":"Asserting","type":"YA","timestamp":"2023-11-09 12:43:55"},{"nodeID":"1291709","text":"something is actually going to happen on Monday","type":"I","timestamp":"2023-11-09 12:43:55"},{"nodeID":"1291710","text":"Analysing","type":"YA","timestamp":"2023-11-09 12:43:55"},{"nodeID":"1291711","text":"Fiona Bruce: something is actually going to happen on Monday","type":"L","timestamp":"2023-11-09 12:43:55"},{"nodeID":"1291712","text":"Kyle: Fiona Bruce: something is actually going to happen on Monday","type":"L","timestamp":"2023-11-09 12:43:55"},{"nodeID":"1291713","text":"Asserting","type":"YA","timestamp":"2023-11-09 12:43:55"},{"nodeID":"1291714","text":"Default Transition","type":"TA","timestamp":"2023-11-09 12:43:55"},{"nodeID":"1291715","text":"Default Inference","type":"RA","timestamp":"2023-11-09 12:43:55"},{"nodeID":"1291716","text":"Arguing","type":"YA","timestamp":"2023-11-09 12:43:55"},{"nodeID":"1291717","text":"Analysing","type":"YA","timestamp":"2023-11-09 12:43:55"},{"nodeID":"1291718","text":"George Eustice: Some things may happen","type":"L","timestamp":"2023-11-09 12:43:55"},{"nodeID":"1291719","text":"Kyle: George Eustice: Some things may happen","type":"L","timestamp":"2023-11-09 12:43:55"},{"nodeID":"1291720","text":"Default Transition","type":"TA","timestamp":"2023-11-09 12:43:55"},{"nodeID":"1291721","text":"Analysing","type":"YA","timestamp":"2023-11-09 12:43:55"},{"nodeID":"1291722","text":"Kyle: George Eustice: We are going to be very, very cautious about what happens and under what timetable","type":"L","timestamp":"2023-11-09 12:43:55"},{"nodeID":"1291723","text":"George Eustice: We are going to be very, very cautious about what happens and under what timetable","type":"L","timestamp":"2023-11-09 12:43:55"},{"nodeID":"1291724","text":"Asserting","type":"YA","timestamp":"2023-11-09 12:43:55"},{"nodeID":"1291725","text":"Default Transition","type":"TA","timestamp":"2023-11-09 12:43:55"},{"nodeID":"1291726","text":"Kyle: George Eustice: This is not going to be a single announcement that that's the end of the lockdown and everything is back to normal","type":"L","timestamp":"2023-11-09 12:43:55"},{"nodeID":"1291727","text":"Analysing","type":"YA","timestamp":"2023-11-09 12:43:55"},{"nodeID":"1291728","text":"George Eustice: This is not going to be a single announcement that that's the end of the lockdown and everything is back to normal","type":"L","timestamp":"2023-11-09 12:43:55"},{"nodeID":"1291729","text":"Asserting","type":"YA","timestamp":"2023-11-09 12:43:55"},{"nodeID":"1291730","text":"Default Transition","type":"TA","timestamp":"2023-11-09 12:43:55"},{"nodeID":"1291731","text":"Default Inference","type":"RA","timestamp":"2023-11-09 12:43:55"},{"nodeID":"1291732","text":"Arguing","type":"YA","timestamp":"2023-11-09 12:43:55"},{"nodeID":"1291733","text":"George Eustice is not expecting everything back to normal with the sunday announcement","type":"I","timestamp":"2023-11-09 12:43:56"},{"nodeID":"1291734","text":"Fiona Bruce: You are not expecting that","type":"L","timestamp":"2023-11-09 12:43:56"},{"nodeID":"1291735","text":"Kyle: Fiona Bruce: You are not expecting that","type":"L","timestamp":"2023-11-09 12:43:56"},{"nodeID":"1291736","text":"Analysing","type":"YA","timestamp":"2023-11-09 12:43:56"},{"nodeID":"1291737","text":"Asserting","type":"YA","timestamp":"2023-11-09 12:43:56"},{"nodeID":"1291738","text":"Default Transition","type":"TA","timestamp":"2023-11-09 12:43:56"},{"nodeID":"1291739","text":"Agreeing","type":"YA","timestamp":"2023-11-09 12:43:56"},{"nodeID":"1291740","text":"Agreeing","type":"YA","timestamp":"2023-11-09 12:43:56"}],"edges":[{"edgeID":"1698481","fromID":"1291638","toID":"1291639","formEdgeID":null},{"edgeID":"1698482","fromID":"1291640","toID":"1291638","formEdgeID":null},{"edgeID":"1698483","fromID":"1291641","toID":"1291637","formEdgeID":null},{"edgeID":"1698484","fromID":"1291639","toID":"1291641","formEdgeID":null},{"edgeID":"1698485","fromID":"1291644","toID":"1291645","formEdgeID":null},{"edgeID":"1698486","fromID":"1291643","toID":"1291644","formEdgeID":null},{"edgeID":"1698487","fromID":"1291645","toID":"1291646","formEdgeID":null},{"edgeID":"1698488","fromID":"1291646","toID":"1291642","formEdgeID":null},{"edgeID":"1698489","fromID":"1291639","toID":"1291647","formEdgeID":null},{"edgeID":"1698490","fromID":"1291647","toID":"1291645","formEdgeID":null},{"edgeID":"1698491","fromID":"1291648","toID":"1291650","formEdgeID":null},{"edgeID":"1698492","fromID":"1291650","toID":"1291649","formEdgeID":null},{"edgeID":"1698493","fromID":"1291651","toID":"1291649","formEdgeID":null},{"edgeID":"1698494","fromID":"1291645","toID":"1291651","formEdgeID":null},{"edgeID":"1698495","fromID":"1291654","toID":"1291653","formEdgeID":null},{"edgeID":"1698496","fromID":"1291655","toID":"1291654","formEdgeID":null},{"edgeID":"1698497","fromID":"1291653","toID":"1291656","formEdgeID":null},{"edgeID":"1698498","fromID":"1291656","toID":"1291652","formEdgeID":null},{"edgeID":"1698499","fromID":"1291657","toID":"1291653","formEdgeID":null},{"edgeID":"1698500","fromID":"1291649","toID":"1291657","formEdgeID":null},{"edgeID":"1698501","fromID":"1291660","toID":"1291661","formEdgeID":null},{"edgeID":"1698502","fromID":"1291661","toID":"1291659","formEdgeID":null},{"edgeID":"1698503","fromID":"1291659","toID":"1291662","formEdgeID":null},{"edgeID":"1698504","fromID":"1291662","toID":"1291658","formEdgeID":null},{"edgeID":"1698505","fromID":"1291653","toID":"1291663","formEdgeID":null},{"edgeID":"1698506","fromID":"1291663","toID":"1291659","formEdgeID":null},{"edgeID":"1698507","fromID":"1291667","toID":"1291666","formEdgeID":null},{"edgeID":"1698508","fromID":"1291666","toID":"1291665","formEdgeID":null},{"edgeID":"1698509","fromID":"1291668","toID":"1291664","formEdgeID":null},{"edgeID":"1698510","fromID":"1291665","toID":"1291668","formEdgeID":null},{"edgeID":"1698511","fromID":"1291669","toID":"1291665","formEdgeID":null},{"edgeID":"1698512","fromID":"1291659","toID":"1291669","formEdgeID":null},{"edgeID":"1698513","fromID":"1291672","toID":"1291671","formEdgeID":null},{"edgeID":"1698514","fromID":"1291673","toID":"1291672","formEdgeID":null},{"edgeID":"1698515","fromID":"1291674","toID":"1291670","formEdgeID":null},{"edgeID":"1698516","fromID":"1291671","toID":"1291674","formEdgeID":null},{"edgeID":"1698517","fromID":"1291670","toID":"1291675","formEdgeID":null},{"edgeID":"1698518","fromID":"1291675","toID":"1291658","formEdgeID":null},{"edgeID":"1698519","fromID":"1291676","toID":"1291671","formEdgeID":null},{"edgeID":"1698520","fromID":"1291659","toID":"1291676","formEdgeID":null},{"edgeID":"1698521","fromID":"1291676","toID":"1291677","formEdgeID":null},{"edgeID":"1698522","fromID":"1291677","toID":"1291675","formEdgeID":null},{"edgeID":"1698523","fromID":"1291679","toID":"1291681","formEdgeID":null},{"edgeID":"1698524","fromID":"1291680","toID":"1291679","formEdgeID":null},{"edgeID":"1698525","fromID":"1291681","toID":"1291682","formEdgeID":null},{"edgeID":"1698526","fromID":"1291682","toID":"1291678","formEdgeID":null},{"edgeID":"1698527","fromID":"1291671","toID":"1291683","formEdgeID":null},{"edgeID":"1698528","fromID":"1291683","toID":"1291681","formEdgeID":null},{"edgeID":"1698529","fromID":"1291686","toID":"1291687","formEdgeID":null},{"edgeID":"1698530","fromID":"1291685","toID":"1291686","formEdgeID":null},{"edgeID":"1698531","fromID":"1291687","toID":"1291688","formEdgeID":null},{"edgeID":"1698532","fromID":"1291688","toID":"1291684","formEdgeID":null},{"edgeID":"1698533","fromID":"1291681","toID":"1291689","formEdgeID":null},{"edgeID":"1698534","fromID":"1291689","toID":"1291687","formEdgeID":null},{"edgeID":"1698535","fromID":"1291690","toID":"1291678","formEdgeID":null},{"edgeID":"1698536","fromID":"1291684","toID":"1291690","formEdgeID":null},{"edgeID":"1698537","fromID":"1291691","toID":"1291690","formEdgeID":null},{"edgeID":"1698538","fromID":"1291689","toID":"1291691","formEdgeID":null},{"edgeID":"1698539","fromID":"1291694","toID":"1291693","formEdgeID":null},{"edgeID":"1698540","fromID":"1291695","toID":"1291694","formEdgeID":null},{"edgeID":"1698541","fromID":"1291693","toID":"1291696","formEdgeID":null},{"edgeID":"1698542","fromID":"1291696","toID":"1291692","formEdgeID":null},{"edgeID":"1698543","fromID":"1291692","toID":"1291697","formEdgeID":null},{"edgeID":"1698544","fromID":"1291697","toID":"1291670","formEdgeID":null},{"edgeID":"1698545","fromID":"1291698","toID":"1291693","formEdgeID":null},{"edgeID":"1698546","fromID":"1291671","toID":"1291698","formEdgeID":null},{"edgeID":"1698547","fromID":"1291699","toID":"1291697","formEdgeID":null},{"edgeID":"1698548","fromID":"1291698","toID":"1291699","formEdgeID":null},{"edgeID":"1698549","fromID":"1291701","toID":"1291700","formEdgeID":null},{"edgeID":"1698550","fromID":"1291702","toID":"1291701","formEdgeID":null},{"edgeID":"1698551","fromID":"1291706","toID":"1291704","formEdgeID":null},{"edgeID":"1698552","fromID":"1291705","toID":"1291706","formEdgeID":null},{"edgeID":"1698553","fromID":"1291704","toID":"1291707","formEdgeID":null},{"edgeID":"1698554","fromID":"1291707","toID":"1291703","formEdgeID":null},{"edgeID":"1698555","fromID":"1291708","toID":"1291704","formEdgeID":null},{"edgeID":"1698556","fromID":"1291700","toID":"1291708","formEdgeID":null},{"edgeID":"1698557","fromID":"1291710","toID":"1291711","formEdgeID":null},{"edgeID":"1698558","fromID":"1291712","toID":"1291710","formEdgeID":null},{"edgeID":"1698559","fromID":"1291711","toID":"1291713","formEdgeID":null},{"edgeID":"1698560","fromID":"1291713","toID":"1291709","formEdgeID":null},{"edgeID":"1698561","fromID":"1291700","toID":"1291714","formEdgeID":null},{"edgeID":"1698562","fromID":"1291714","toID":"1291711","formEdgeID":null},{"edgeID":"1698563","fromID":"1291715","toID":"1291709","formEdgeID":null},{"edgeID":"1698564","fromID":"1291703","toID":"1291715","formEdgeID":null},{"edgeID":"1698565","fromID":"1291716","toID":"1291715","formEdgeID":null},{"edgeID":"1698566","fromID":"1291714","toID":"1291716","formEdgeID":null},{"edgeID":"1698567","fromID":"1291717","toID":"1291718","formEdgeID":null},{"edgeID":"1698568","fromID":"1291719","toID":"1291717","formEdgeID":null},{"edgeID":"1698569","fromID":"1291711","toID":"1291720","formEdgeID":null},{"edgeID":"1698570","fromID":"1291720","toID":"1291718","formEdgeID":null},{"edgeID":"1698571","fromID":"1291721","toID":"1291723","formEdgeID":null},{"edgeID":"1698572","fromID":"1291722","toID":"1291721","formEdgeID":null},{"edgeID":"1698573","fromID":"1291723","toID":"1291724","formEdgeID":null},{"edgeID":"1698574","fromID":"1291724","toID":"501708","formEdgeID":null},{"edgeID":"1698575","fromID":"1291725","toID":"1291723","formEdgeID":null},{"edgeID":"1698576","fromID":"1291718","toID":"1291725","formEdgeID":null},{"edgeID":"1698577","fromID":"1291727","toID":"1291728","formEdgeID":null},{"edgeID":"1698578","fromID":"1291726","toID":"1291727","formEdgeID":null},{"edgeID":"1698579","fromID":"1291728","toID":"1291729","formEdgeID":null},{"edgeID":"1698580","fromID":"1291729","toID":"501713","formEdgeID":null},{"edgeID":"1698581","fromID":"1291730","toID":"1291728","formEdgeID":null},{"edgeID":"1698582","fromID":"1291723","toID":"1291730","formEdgeID":null},{"edgeID":"1698583","fromID":"1291731","toID":"501708","formEdgeID":null},{"edgeID":"1698584","fromID":"501713","toID":"1291731","formEdgeID":null},{"edgeID":"1698585","fromID":"1291732","toID":"1291731","formEdgeID":null},{"edgeID":"1698586","fromID":"1291730","toID":"1291732","formEdgeID":null},{"edgeID":"1698587","fromID":"1291735","toID":"1291736","formEdgeID":null},{"edgeID":"1698588","fromID":"1291736","toID":"1291734","formEdgeID":null},{"edgeID":"1698589","fromID":"1291734","toID":"1291737","formEdgeID":null},{"edgeID":"1698590","fromID":"1291737","toID":"1291733","formEdgeID":null},{"edgeID":"1698591","fromID":"1291738","toID":"1291734","formEdgeID":null},{"edgeID":"1698592","fromID":"1291728","toID":"1291738","formEdgeID":null},{"edgeID":"1698593","fromID":"1291739","toID":"1291642","formEdgeID":null},{"edgeID":"1698594","fromID":"1291651","toID":"1291739","formEdgeID":null},{"edgeID":"1698595","fromID":"1291720","toID":"1291740","formEdgeID":null},{"edgeID":"1698596","fromID":"1291740","toID":"1291709","formEdgeID":null}],"locutions":[]}