{"nodes":[{"nodeID":"585184","text":"what we also know is that life is now becoming really complex","type":"I","timestamp":"2020-10-04 19:31:28"},{"nodeID":"585206","text":"there are lots of complexities particularly for those working in health and care settings to ensure they are providing a safe environment for their staff","type":"I","timestamp":"2020-10-04 19:31:33"},{"nodeID":"1292169","text":"Chris Hopson doesn't think the protections for workers should be optional extras","type":"I","timestamp":"2023-11-09 12:44:36"},{"nodeID":"1292170","text":"Chris Hopson: I don't think they should be optional extras","type":"L","timestamp":"2023-11-09 12:44:36"},{"nodeID":"1292171","text":"Zofia: Chris Hopson: I don't think they should be optional extras","type":"L","timestamp":"2023-11-09 12:44:36"},{"nodeID":"1292172","text":"we should absolutely ensure that leaders are held to an appropriate account for creating safe workplaces","type":"I","timestamp":"2023-11-09 12:44:37"},{"nodeID":"1292173","text":"Chris Hopson: we should absolutely ensure that leaders are held to an appropriate account for creating safe workplaces","type":"L","timestamp":"2023-11-09 12:44:37"},{"nodeID":"1292174","text":"Zofia: Chris Hopson: we should absolutely ensure that leaders are held to an appropriate account for creating safe workplaces","type":"L","timestamp":"2023-11-09 12:44:37"},{"nodeID":"1292175","text":"the existing health and safety legislation ensures that leaders are held to an appropriate account for creating safe workplaces","type":"I","timestamp":"2023-11-09 12:44:37"},{"nodeID":"1292176","text":"Chris Hopson: that's what the existing health and safety legislation does","type":"L","timestamp":"2023-11-09 12:44:37"},{"nodeID":"1292177","text":"Zofia: Chris Hopson: that's what the existing health and safety legislation does","type":"L","timestamp":"2023-11-09 12:44:37"},{"nodeID":"1292178","text":"health and safety legislation is legally binding","type":"I","timestamp":"2023-11-09 12:44:38"},{"nodeID":"1292179","text":"Fiona Bruce: That is legally binding","type":"L","timestamp":"2023-11-09 12:44:38"},{"nodeID":"1292180","text":"Zofia: Fiona Bruce: That is legally binding","type":"L","timestamp":"2023-11-09 12:44:38"},{"nodeID":"1292181","text":"Chris Hopson: That is legally binding","type":"L","timestamp":"2023-11-09 12:44:38"},{"nodeID":"1292182","text":"Zofia: Chris Hopson: That is legally binding","type":"L","timestamp":"2023-11-09 12:44:38"},{"nodeID":"1292183","text":"Chris Hopson: What we also know is that life is now becoming really complex","type":"L","timestamp":"2023-11-09 12:44:38"},{"nodeID":"1292184","text":"Zofia: Chris Hopson: What we also know is that life is now becoming really complex","type":"L","timestamp":"2023-11-09 12:44:38"},{"nodeID":"1292185","text":"Chris Hopson was talking to a hospital Chief Executive the other day who had difficulty dividing their hospital into a COVID and non-COVID zone","type":"I","timestamp":"2023-11-09 12:44:39"},{"nodeID":"1292186","text":"Chris Hopson: I was talking to a hospital Chief Executive the other day who had difficulty dividing their hospital into a COVID and non-COVID zone","type":"L","timestamp":"2023-11-09 12:44:39"},{"nodeID":"1292187","text":"Zofia: Chris Hopson: I was talking to a hospital Chief Executive the other day who had difficulty dividing their hospital into a COVID and non-COVID zone","type":"L","timestamp":"2023-11-09 12:44:39"},{"nodeID":"1292188","text":"the difficulty in dividing the hospital into a COVID and non-COVID zone actually created issues","type":"I","timestamp":"2023-11-09 12:44:39"},{"nodeID":"1292189","text":"Chris Hopson: That's actually created issues","type":"L","timestamp":"2023-11-09 12:44:39"},{"nodeID":"1292190","text":"Zofia: Chris Hopson: That's actually created issues","type":"L","timestamp":"2023-11-09 12:44:39"},{"nodeID":"1292191","text":"classic example is we are all saying quite rightly let's restart all","type":"I","timestamp":"2023-11-09 12:44:40"},{"nodeID":"1292192","text":"Chris Hopson: Classic example is we are all saying quite rightly let's restart all","type":"L","timestamp":"2023-11-09 12:44:40"},{"nodeID":"1292193","text":"Zofia: Chris Hopson: Classic example is we are all saying quite rightly let's restart all","type":"L","timestamp":"2023-11-09 12:44:40"},{"nodeID":"1292194","text":"Chris Hopson has a surgery, for example","type":"I","timestamp":"2023-11-09 12:44:40"},{"nodeID":"1292195","text":"Chris Hopson: I have surgery, for example","type":"L","timestamp":"2023-11-09 12:44:40"},{"nodeID":"1292196","text":"Zofia: Chris Hopson: I have surgery, for example","type":"L","timestamp":"2023-11-09 12:44:40"},{"nodeID":"1292197","text":"that particular hospital is going to lose quite a lot of its capacity because effectively it has to divide that hospital into a safe non-COVID zone and COVID zone","type":"I","timestamp":"2023-11-09 12:44:41"},{"nodeID":"1292198","text":"Chris Hopson: That particular hospital is going to lose quite a lot of its capacity because effectively it has to divide that hospital into a safe non-COVID zone and COVID zone","type":"L","timestamp":"2023-11-09 12:44:41"},{"nodeID":"1292199","text":"Zofia: Chris Hopson: That particular hospital is going to lose quite a lot of its capacity because effectively it has to divide that hospital into a safe non-COVID zone and COVID zone","type":"L","timestamp":"2023-11-09 12:44:41"},{"nodeID":"1292200","text":"Chris Hopson: There are lots of complexities particularly for those working in health and care settings to ensure they are providing a safe environment for their staff","type":"L","timestamp":"2023-11-09 12:44:41"},{"nodeID":"1292201","text":"Zofia: Chris Hopson: There are lots of complexities particularly for those working in health and care settings to ensure they are providing a safe environment for their staff","type":"L","timestamp":"2023-11-09 12:44:41"},{"nodeID":"1292202","text":"Analysing","type":"YA","timestamp":"2023-11-09 12:44:41"},{"nodeID":"1292203","text":"Asserting","type":"YA","timestamp":"2023-11-09 12:44:41"},{"nodeID":"1292204","text":"Analysing","type":"YA","timestamp":"2023-11-09 12:44:41"},{"nodeID":"1292205","text":"Asserting","type":"YA","timestamp":"2023-11-09 12:44:41"},{"nodeID":"1292206","text":"Default Transition","type":"TA","timestamp":"2023-11-09 12:44:41"},{"nodeID":"1292207","text":"Analysing","type":"YA","timestamp":"2023-11-09 12:44:41"},{"nodeID":"1292208","text":"Asserting","type":"YA","timestamp":"2023-11-09 12:44:41"},{"nodeID":"1292209","text":"Default Rephrase","type":"MA","timestamp":"2023-11-09 12:44:41"},{"nodeID":"1292210","text":"Default Transition","type":"TA","timestamp":"2023-11-09 12:44:41"},{"nodeID":"1292211","text":"Restating","type":"YA","timestamp":"2023-11-09 12:44:41"},{"nodeID":"1292212","text":"Analysing","type":"YA","timestamp":"2023-11-09 12:44:41"},{"nodeID":"1292213","text":"Asserting","type":"YA","timestamp":"2023-11-09 12:44:41"},{"nodeID":"1292214","text":"Default Transition","type":"TA","timestamp":"2023-11-09 12:44:41"},{"nodeID":"1292215","text":"Analysing","type":"YA","timestamp":"2023-11-09 12:44:41"},{"nodeID":"1292216","text":"Asserting","type":"YA","timestamp":"2023-11-09 12:44:41"},{"nodeID":"1292217","text":"Default Transition","type":"TA","timestamp":"2023-11-09 12:44:41"},{"nodeID":"1292218","text":"Default Rephrase","type":"MA","timestamp":"2023-11-09 12:44:41"},{"nodeID":"1292219","text":"Restating","type":"YA","timestamp":"2023-11-09 12:44:41"},{"nodeID":"1292220","text":"Analysing","type":"YA","timestamp":"2023-11-09 12:44:41"},{"nodeID":"1292221","text":"Asserting","type":"YA","timestamp":"2023-11-09 12:44:41"},{"nodeID":"1292222","text":"Default Transition","type":"TA","timestamp":"2023-11-09 12:44:41"},{"nodeID":"1292223","text":"Analysing","type":"YA","timestamp":"2023-11-09 12:44:41"},{"nodeID":"1292224","text":"Asserting","type":"YA","timestamp":"2023-11-09 12:44:41"},{"nodeID":"1292225","text":"Default Transition","type":"TA","timestamp":"2023-11-09 12:44:41"},{"nodeID":"1292226","text":"Analysing","type":"YA","timestamp":"2023-11-09 12:44:41"},{"nodeID":"1292227","text":"Asserting","type":"YA","timestamp":"2023-11-09 12:44:41"},{"nodeID":"1292228","text":"Analysing","type":"YA","timestamp":"2023-11-09 12:44:41"},{"nodeID":"1292229","text":"Asserting","type":"YA","timestamp":"2023-11-09 12:44:41"},{"nodeID":"1292230","text":"Default Transition","type":"TA","timestamp":"2023-11-09 12:44:41"},{"nodeID":"1292231","text":"Analysing","type":"YA","timestamp":"2023-11-09 12:44:41"},{"nodeID":"1292232","text":"Asserting","type":"YA","timestamp":"2023-11-09 12:44:41"},{"nodeID":"1292233","text":"Default Transition","type":"TA","timestamp":"2023-11-09 12:44:41"},{"nodeID":"1292234","text":"Analysing","type":"YA","timestamp":"2023-11-09 12:44:41"},{"nodeID":"1292235","text":"Asserting","type":"YA","timestamp":"2023-11-09 12:44:41"},{"nodeID":"1292236","text":"Default Transition","type":"TA","timestamp":"2023-11-09 12:44:41"},{"nodeID":"1292237","text":"Default Inference","type":"RA","timestamp":"2023-11-09 12:44:41"},{"nodeID":"1292238","text":"Arguing","type":"YA","timestamp":"2023-11-09 12:44:41"},{"nodeID":"1292239","text":"Default Inference","type":"RA","timestamp":"2023-11-09 12:44:41"},{"nodeID":"1292240","text":"Default Transition","type":"TA","timestamp":"2023-11-09 12:44:41"},{"nodeID":"1292241","text":"Arguing","type":"YA","timestamp":"2023-11-09 12:44:41"},{"nodeID":"1292242","text":"Default Rephrase","type":"MA","timestamp":"2023-11-09 12:44:41"},{"nodeID":"1292243","text":"Default Transition","type":"TA","timestamp":"2023-11-09 12:44:41"},{"nodeID":"1292244","text":"Restating","type":"YA","timestamp":"2023-11-09 12:44:41"},{"nodeID":"1292245","text":"Analysing","type":"YA","timestamp":"2023-11-09 12:44:41"},{"nodeID":"1292246","text":"Asserting","type":"YA","timestamp":"2023-11-09 12:44:41"},{"nodeID":"1292247","text":"Default Rephrase","type":"MA","timestamp":"2023-11-09 12:44:41"},{"nodeID":"1292248","text":"Default Transition","type":"TA","timestamp":"2023-11-09 12:44:41"},{"nodeID":"1292249","text":"Restating","type":"YA","timestamp":"2023-11-09 12:44:41"}],"edges":[{"edgeID":"1699106","fromID":"1292202","toID":"1292170","formEdgeID":null},{"edgeID":"1699107","fromID":"1292171","toID":"1292202","formEdgeID":null},{"edgeID":"1699108","fromID":"1292170","toID":"1292203","formEdgeID":null},{"edgeID":"1699109","fromID":"1292203","toID":"1292169","formEdgeID":null},{"edgeID":"1699110","fromID":"1292204","toID":"1292173","formEdgeID":null},{"edgeID":"1699111","fromID":"1292174","toID":"1292204","formEdgeID":null},{"edgeID":"1699112","fromID":"1292173","toID":"1292205","formEdgeID":null},{"edgeID":"1699113","fromID":"1292205","toID":"1292172","formEdgeID":null},{"edgeID":"1699114","fromID":"1292170","toID":"1292206","formEdgeID":null},{"edgeID":"1699115","fromID":"1292206","toID":"1292173","formEdgeID":null},{"edgeID":"1699116","fromID":"1292207","toID":"1292176","formEdgeID":null},{"edgeID":"1699117","fromID":"1292177","toID":"1292207","formEdgeID":null},{"edgeID":"1699118","fromID":"1292176","toID":"1292208","formEdgeID":null},{"edgeID":"1699119","fromID":"1292208","toID":"1292175","formEdgeID":null},{"edgeID":"1699120","fromID":"1292175","toID":"1292209","formEdgeID":null},{"edgeID":"1699121","fromID":"1292209","toID":"1292169","formEdgeID":null},{"edgeID":"1699122","fromID":"1292170","toID":"1292210","formEdgeID":null},{"edgeID":"1699123","fromID":"1292210","toID":"1292176","formEdgeID":null},{"edgeID":"1699124","fromID":"1292210","toID":"1292211","formEdgeID":null},{"edgeID":"1699125","fromID":"1292211","toID":"1292209","formEdgeID":null},{"edgeID":"1699126","fromID":"1292212","toID":"1292179","formEdgeID":null},{"edgeID":"1699127","fromID":"1292180","toID":"1292212","formEdgeID":null},{"edgeID":"1699128","fromID":"1292179","toID":"1292213","formEdgeID":null},{"edgeID":"1699129","fromID":"1292213","toID":"1292178","formEdgeID":null},{"edgeID":"1699130","fromID":"1292176","toID":"1292214","formEdgeID":null},{"edgeID":"1699131","fromID":"1292214","toID":"1292179","formEdgeID":null},{"edgeID":"1699132","fromID":"1292215","toID":"1292181","formEdgeID":null},{"edgeID":"1699133","fromID":"1292182","toID":"1292215","formEdgeID":null},{"edgeID":"1699134","fromID":"1292181","toID":"1292216","formEdgeID":null},{"edgeID":"1699135","fromID":"1292216","toID":"1292178","formEdgeID":null},{"edgeID":"1699136","fromID":"1292179","toID":"1292217","formEdgeID":null},{"edgeID":"1699137","fromID":"1292217","toID":"1292181","formEdgeID":null},{"edgeID":"1699138","fromID":"1292178","toID":"1292218","formEdgeID":null},{"edgeID":"1699139","fromID":"1292218","toID":"1292178","formEdgeID":null},{"edgeID":"1699140","fromID":"1292217","toID":"1292219","formEdgeID":null},{"edgeID":"1699141","fromID":"1292219","toID":"1292218","formEdgeID":null},{"edgeID":"1699142","fromID":"1292220","toID":"1292183","formEdgeID":null},{"edgeID":"1699143","fromID":"1292184","toID":"1292220","formEdgeID":null},{"edgeID":"1699144","fromID":"1292183","toID":"1292221","formEdgeID":null},{"edgeID":"1699145","fromID":"1292221","toID":"585184","formEdgeID":null},{"edgeID":"1699146","fromID":"1292181","toID":"1292222","formEdgeID":null},{"edgeID":"1699147","fromID":"1292222","toID":"1292183","formEdgeID":null},{"edgeID":"1699148","fromID":"1292223","toID":"1292186","formEdgeID":null},{"edgeID":"1699149","fromID":"1292187","toID":"1292223","formEdgeID":null},{"edgeID":"1699150","fromID":"1292186","toID":"1292224","formEdgeID":null},{"edgeID":"1699151","fromID":"1292224","toID":"1292185","formEdgeID":null},{"edgeID":"1699152","fromID":"1292183","toID":"1292225","formEdgeID":null},{"edgeID":"1699153","fromID":"1292225","toID":"1292186","formEdgeID":null},{"edgeID":"1699154","fromID":"1292226","toID":"1292189","formEdgeID":null},{"edgeID":"1699155","fromID":"1292190","toID":"1292226","formEdgeID":null},{"edgeID":"1699156","fromID":"1292189","toID":"1292227","formEdgeID":null},{"edgeID":"1699157","fromID":"1292227","toID":"1292188","formEdgeID":null},{"edgeID":"1699158","fromID":"1292228","toID":"1292192","formEdgeID":null},{"edgeID":"1699159","fromID":"1292193","toID":"1292228","formEdgeID":null},{"edgeID":"1699160","fromID":"1292192","toID":"1292229","formEdgeID":null},{"edgeID":"1699161","fromID":"1292229","toID":"1292191","formEdgeID":null},{"edgeID":"1699162","fromID":"1292189","toID":"1292230","formEdgeID":null},{"edgeID":"1699163","fromID":"1292230","toID":"1292192","formEdgeID":null},{"edgeID":"1699164","fromID":"1292231","toID":"1292195","formEdgeID":null},{"edgeID":"1699165","fromID":"1292196","toID":"1292231","formEdgeID":null},{"edgeID":"1699166","fromID":"1292195","toID":"1292232","formEdgeID":null},{"edgeID":"1699167","fromID":"1292232","toID":"1292194","formEdgeID":null},{"edgeID":"1699168","fromID":"1292192","toID":"1292233","formEdgeID":null},{"edgeID":"1699169","fromID":"1292233","toID":"1292195","formEdgeID":null},{"edgeID":"1699170","fromID":"1292234","toID":"1292198","formEdgeID":null},{"edgeID":"1699171","fromID":"1292199","toID":"1292234","formEdgeID":null},{"edgeID":"1699172","fromID":"1292198","toID":"1292235","formEdgeID":null},{"edgeID":"1699173","fromID":"1292235","toID":"1292197","formEdgeID":null},{"edgeID":"1699174","fromID":"1292195","toID":"1292236","formEdgeID":null},{"edgeID":"1699175","fromID":"1292236","toID":"1292198","formEdgeID":null},{"edgeID":"1699176","fromID":"1292197","toID":"1292237","formEdgeID":null},{"edgeID":"1699177","fromID":"1292237","toID":"1292188","formEdgeID":null},{"edgeID":"1699178","fromID":"1292236","toID":"1292238","formEdgeID":null},{"edgeID":"1699179","fromID":"1292238","toID":"1292237","formEdgeID":null},{"edgeID":"1699180","fromID":"1292188","toID":"1292239","formEdgeID":null},{"edgeID":"1699181","fromID":"1292239","toID":"585184","formEdgeID":null},{"edgeID":"1699182","fromID":"1292183","toID":"1292240","formEdgeID":null},{"edgeID":"1699183","fromID":"1292240","toID":"1292189","formEdgeID":null},{"edgeID":"1699184","fromID":"1292240","toID":"1292241","formEdgeID":null},{"edgeID":"1699185","fromID":"1292241","toID":"1292239","formEdgeID":null},{"edgeID":"1699186","fromID":"1292188","toID":"1292242","formEdgeID":null},{"edgeID":"1699187","fromID":"1292242","toID":"1292185","formEdgeID":null},{"edgeID":"1699188","fromID":"1292186","toID":"1292243","formEdgeID":null},{"edgeID":"1699189","fromID":"1292243","toID":"1292189","formEdgeID":null},{"edgeID":"1699190","fromID":"1292243","toID":"1292244","formEdgeID":null},{"edgeID":"1699191","fromID":"1292244","toID":"1292242","formEdgeID":null},{"edgeID":"1699192","fromID":"1292245","toID":"1292200","formEdgeID":null},{"edgeID":"1699193","fromID":"1292201","toID":"1292245","formEdgeID":null},{"edgeID":"1699194","fromID":"1292200","toID":"1292246","formEdgeID":null},{"edgeID":"1699195","fromID":"1292246","toID":"585206","formEdgeID":null},{"edgeID":"1699196","fromID":"585206","toID":"1292247","formEdgeID":null},{"edgeID":"1699197","fromID":"1292247","toID":"585184","formEdgeID":null},{"edgeID":"1699198","fromID":"1292183","toID":"1292248","formEdgeID":null},{"edgeID":"1699199","fromID":"1292248","toID":"1292200","formEdgeID":null},{"edgeID":"1699200","fromID":"1292248","toID":"1292249","formEdgeID":null},{"edgeID":"1699201","fromID":"1292249","toID":"1292247","formEdgeID":null}],"locutions":[]}