{"nodes":[{"nodeID":"1291456","text":"the devolved administrations is in a sense a slightly different issue","type":"I","timestamp":"2023-11-09 12:43:32"},{"nodeID":"1291457","text":"Chris Hopson: The devolved administrations is in a sense a slightly different issue","type":"L","timestamp":"2023-11-09 12:43:32"},{"nodeID":"1291458","text":"Analysing","type":"YA","timestamp":"2023-11-09 12:43:32"},{"nodeID":"1291459","text":"Rebecca: Chris Hopson: The devolved administrations is in a sense a slightly different issue","type":"L","timestamp":"2023-11-09 12:43:32"},{"nodeID":"1291460","text":"Asserting","type":"YA","timestamp":"2023-11-09 12:43:32"},{"nodeID":"1291461","text":"if you were just doing it solely on the basis of where you have prevalence of Coronavirus, what the first peak has taught us is you are guessing very differential rates of spread in different areas","type":"I","timestamp":"2023-11-09 12:43:33"},{"nodeID":"1291462","text":"Chris Hopson:  If you were just doing it solely on the basis of where you have prevalence of Coronavirus, what the first peak has taught us is you are guessing very differential rates of spread in different areas","type":"L","timestamp":"2023-11-09 12:43:33"},{"nodeID":"1291463","text":"Analysing","type":"YA","timestamp":"2023-11-09 12:43:33"},{"nodeID":"1291464","text":"Rebecca: Chris Hopson:  If you were just doing it solely on the basis of where you have prevalence of Coronavirus, what the first peak has taught us is you are guessing very differential rates of spread in different areas","type":"L","timestamp":"2023-11-09 12:43:33"},{"nodeID":"1291465","text":"Asserting","type":"YA","timestamp":"2023-11-09 12:43:33"},{"nodeID":"1291466","text":"you have this tension","type":"I","timestamp":"2023-11-09 12:43:33"},{"nodeID":"1291467","text":"Chris Hopson: you have this tension","type":"L","timestamp":"2023-11-09 12:43:33"},{"nodeID":"1291468","text":"Analysing","type":"YA","timestamp":"2023-11-09 12:43:33"},{"nodeID":"1291469","text":"Rebecca: Chris Hopson: you have this tension","type":"L","timestamp":"2023-11-09 12:43:33"},{"nodeID":"1291470","text":"Asserting","type":"YA","timestamp":"2023-11-09 12:43:33"},{"nodeID":"1291471","text":"Default Transition","type":"TA","timestamp":"2023-11-09 12:43:33"},{"nodeID":"1291472","text":"Default Transition","type":"TA","timestamp":"2023-11-09 12:43:33"},{"nodeID":"1291473","text":"the figures today about the death rate among Black, Asian and Minority Ethnic communities is twice that of white people once you take into account numerous factors","type":"I","timestamp":"2023-11-09 12:43:34"},{"nodeID":"1291474","text":"Fiona Bruce: the figures today about the death rate among Black, Asian and Minority Ethnic communities is twice that of white people once you take into account numerous factors","type":"L","timestamp":"2023-11-09 12:43:34"},{"nodeID":"1291475","text":"Analysing","type":"YA","timestamp":"2023-11-09 12:43:34"},{"nodeID":"1291476","text":"Rebecca: Fiona Bruce: the figures today about the death rate among Black, Asian and Minority Ethnic communities is twice that of white people once you take into account numerous factors","type":"L","timestamp":"2023-11-09 12:43:34"},{"nodeID":"1291477","text":"Asserting","type":"YA","timestamp":"2023-11-09 12:43:34"},{"nodeID":"1291478","text":"Default Transition","type":"TA","timestamp":"2023-11-09 12:43:34"},{"nodeID":"1291479","text":"the infection risk of Ethnic Minority communities does or does not in any sense affect the protective measures or lockdown","type":"I","timestamp":"2023-11-09 12:43:35"},{"nodeID":"1291480","text":"Fiona Bruce: In terms of their risk, does that in any sense affect the protective measures or lockdown","type":"L","timestamp":"2023-11-09 12:43:35"},{"nodeID":"1291481","text":"Analysing","type":"YA","timestamp":"2023-11-09 12:43:35"},{"nodeID":"1291482","text":"Rebecca: Fiona Bruce: In terms of their risk, does that in any sense affect the protective measures or lockdown","type":"L","timestamp":"2023-11-09 12:43:35"},{"nodeID":"1291483","text":"Pure Questioning","type":"YA","timestamp":"2023-11-09 12:43:35"},{"nodeID":"1291484","text":"Default Transition","type":"TA","timestamp":"2023-11-09 12:43:35"},{"nodeID":"1291485","text":"we have these regional disparities but we have this remarkable disparity in ethnicity","type":"I","timestamp":"2023-11-09 12:43:35"},{"nodeID":"1291486","text":"Afua Hirsch: We have these regional disparities but we have this remarkable disparity in ethnicity","type":"L","timestamp":"2023-11-09 12:43:35"},{"nodeID":"1291487","text":"Analysing","type":"YA","timestamp":"2023-11-09 12:43:35"},{"nodeID":"1291488","text":"Rebecca: Afua Hirsch: We have these regional disparities but we have this remarkable disparity in ethnicity","type":"L","timestamp":"2023-11-09 12:43:35"},{"nodeID":"1291489","text":"Asserting","type":"YA","timestamp":"2023-11-09 12:43:35"},{"nodeID":"1291490","text":"Default Transition","type":"TA","timestamp":"2023-11-09 12:43:35"},{"nodeID":"1291491","text":"Default Rephrase","type":"MA","timestamp":"2023-11-09 12:43:35"},{"nodeID":"1291492","text":"Restating","type":"YA","timestamp":"2023-11-09 12:43:35"},{"nodeID":"1291493","text":"today figures show if you are a black man in country you are four times more likely to die from this disease if you just take age into account","type":"I","timestamp":"2023-11-09 12:43:36"},{"nodeID":"1291494","text":"Afua Hirsch: Today figures show if you are a black man in country you are four times more likely to die from this disease if you just take age into account","type":"L","timestamp":"2023-11-09 12:43:36"},{"nodeID":"1291495","text":"Analysing","type":"YA","timestamp":"2023-11-09 12:43:36"},{"nodeID":"1291496","text":"Rebecca: Afua Hirsch: Today figures show if you are a black man in country you are four times more likely to die from this disease if you just take age into account","type":"L","timestamp":"2023-11-09 12:43:36"},{"nodeID":"1291497","text":"Asserting","type":"YA","timestamp":"2023-11-09 12:43:36"},{"nodeID":"1291498","text":"Default Transition","type":"TA","timestamp":"2023-11-09 12:43:36"},{"nodeID":"1291499","text":"Default Rephrase","type":"MA","timestamp":"2023-11-09 12:43:36"},{"nodeID":"1291500","text":"Restating","type":"YA","timestamp":"2023-11-09 12:43:36"},{"nodeID":"1291501","text":"now account for other economic factors, like self-reported health conditions, housing conditions","type":"I","timestamp":"2023-11-09 12:43:36"},{"nodeID":"1291502","text":"Afua Hirsch: now account for other economic factors, like self-reported health conditions, housing conditions","type":"L","timestamp":"2023-11-09 12:43:36"},{"nodeID":"1291503","text":"Analysing","type":"YA","timestamp":"2023-11-09 12:43:36"},{"nodeID":"1291504","text":"Rebecca: Afua Hirsch: now account for other economic factors, like self-reported health conditions, housing conditions","type":"L","timestamp":"2023-11-09 12:43:36"},{"nodeID":"1291505","text":"Asserting","type":"YA","timestamp":"2023-11-09 12:43:36"},{"nodeID":"1291506","text":"Default Transition","type":"TA","timestamp":"2023-11-09 12:43:36"},{"nodeID":"1291507","text":"where you live","type":"I","timestamp":"2023-11-09 12:43:37"},{"nodeID":"1291508","text":"Fiona Bruce: Where you live","type":"L","timestamp":"2023-11-09 12:43:37"},{"nodeID":"1291509","text":"Analysing","type":"YA","timestamp":"2023-11-09 12:43:37"},{"nodeID":"1291510","text":"Rebecca: Fiona Bruce: Where you live","type":"L","timestamp":"2023-11-09 12:43:37"},{"nodeID":"1291511","text":"Asserting","type":"YA","timestamp":"2023-11-09 12:43:37"},{"nodeID":"1291512","text":"Default Transition","type":"TA","timestamp":"2023-11-09 12:43:37"},{"nodeID":"1291513","text":"Default Rephrase","type":"MA","timestamp":"2023-11-09 12:43:37"},{"nodeID":"1291514","text":"Restating","type":"YA","timestamp":"2023-11-09 12:43:37"},{"nodeID":"1291515","text":"poverty","type":"I","timestamp":"2023-11-09 12:43:37"},{"nodeID":"1291516","text":"Afua Hirsch: Poverty","type":"L","timestamp":"2023-11-09 12:43:37"},{"nodeID":"1291517","text":"Analysing","type":"YA","timestamp":"2023-11-09 12:43:37"},{"nodeID":"1291518","text":"Rebecca: Afua Hirsch: Poverty","type":"L","timestamp":"2023-11-09 12:43:37"},{"nodeID":"1291519","text":"Asserting","type":"YA","timestamp":"2023-11-09 12:43:37"},{"nodeID":"1291520","text":"Ethnic minority communities are still twice as likely to die","type":"I","timestamp":"2023-11-09 12:43:38"},{"nodeID":"1291521","text":"Afua Hirsch: They are still twice as likely to die","type":"L","timestamp":"2023-11-09 12:43:38"},{"nodeID":"1291522","text":"Analysing","type":"YA","timestamp":"2023-11-09 12:43:38"},{"nodeID":"1291523","text":"Rebecca: Afua Hirsch: They are still twice as likely to die","type":"L","timestamp":"2023-11-09 12:43:38"},{"nodeID":"1291524","text":"Asserting","type":"YA","timestamp":"2023-11-09 12:43:38"},{"nodeID":"1291525","text":"Default Transition","type":"TA","timestamp":"2023-11-09 12:43:38"},{"nodeID":"1291526","text":"Default Inference","type":"RA","timestamp":"2023-11-09 12:43:38"},{"nodeID":"1291527","text":"Arguing","type":"YA","timestamp":"2023-11-09 12:43:38"},{"nodeID":"1291528","text":"Default Transition","type":"TA","timestamp":"2023-11-09 12:43:38"},{"nodeID":"1291529","text":"Default Rephrase","type":"MA","timestamp":"2023-11-09 12:43:38"},{"nodeID":"1291530","text":"Restating","type":"YA","timestamp":"2023-11-09 12:43:38"},{"nodeID":"1291531","text":"that Ethnic Minority Communities still die twice as often has not been explained","type":"I","timestamp":"2023-11-09 12:43:39"},{"nodeID":"1291532","text":"Afua Hirsch: This has not been explained","type":"L","timestamp":"2023-11-09 12:43:39"},{"nodeID":"1291533","text":"Analysing","type":"YA","timestamp":"2023-11-09 12:43:39"},{"nodeID":"1291534","text":"Rebecca: Afua Hirsch: This has not been explained","type":"L","timestamp":"2023-11-09 12:43:39"},{"nodeID":"1291535","text":"Asserting","type":"YA","timestamp":"2023-11-09 12:43:39"},{"nodeID":"1291536","text":"Default Transition","type":"TA","timestamp":"2023-11-09 12:43:39"},{"nodeID":"1291537","text":"some of us from the first anecdotal evidence of this, from the beginning have been asking for concerted evidence as to why certain ethnic groups appear to be so much at risk","type":"I","timestamp":"2023-11-09 12:43:39"},{"nodeID":"1291538","text":"Afua Hirsch: Some of us from the first anecdotal evidence of this, from the beginning have been asking for concerted evidence as to why certain ethnic groups appear to be so much at risk","type":"L","timestamp":"2023-11-09 12:43:39"},{"nodeID":"1291539","text":"Analysing","type":"YA","timestamp":"2023-11-09 12:43:39"},{"nodeID":"1291540","text":"Rebecca: Afua Hirsch: Some of us from the first anecdotal evidence of this, from the beginning have been asking for concerted evidence as to why certain ethnic groups appear to be so much at risk","type":"L","timestamp":"2023-11-09 12:43:39"},{"nodeID":"1291541","text":"Asserting","type":"YA","timestamp":"2023-11-09 12:43:39"},{"nodeID":"1291542","text":"Default Transition","type":"TA","timestamp":"2023-11-09 12:43:39"},{"nodeID":"1291543","text":"there is an inquiry into why some Ethnic groups are at a bigger risk","type":"I","timestamp":"2023-11-09 12:43:40"},{"nodeID":"1291544","text":"Fiona Bruce: There is an inquiry","type":"L","timestamp":"2023-11-09 12:43:40"},{"nodeID":"1291545","text":"Analysing","type":"YA","timestamp":"2023-11-09 12:43:40"},{"nodeID":"1291546","text":"Rebecca: Fiona Bruce: There is an inquiry","type":"L","timestamp":"2023-11-09 12:43:40"},{"nodeID":"1291547","text":"Asserting","type":"YA","timestamp":"2023-11-09 12:43:40"},{"nodeID":"1291548","text":"Default Transition","type":"TA","timestamp":"2023-11-09 12:43:40"},{"nodeID":"1291549","text":"Default Inference","type":"RA","timestamp":"2023-11-09 12:43:40"},{"nodeID":"1291550","text":"Arguing","type":"YA","timestamp":"2023-11-09 12:43:40"}],"edges":[{"edgeID":"1698270","fromID":"1291458","toID":"1291457","formEdgeID":null},{"edgeID":"1698271","fromID":"1291459","toID":"1291458","formEdgeID":null},{"edgeID":"1698272","fromID":"1291457","toID":"1291460","formEdgeID":null},{"edgeID":"1698273","fromID":"1291460","toID":"1291456","formEdgeID":null},{"edgeID":"1698274","fromID":"1291463","toID":"1291462","formEdgeID":null},{"edgeID":"1698275","fromID":"1291464","toID":"1291463","formEdgeID":null},{"edgeID":"1698276","fromID":"1291462","toID":"1291465","formEdgeID":null},{"edgeID":"1698277","fromID":"1291465","toID":"1291461","formEdgeID":null},{"edgeID":"1698278","fromID":"1291468","toID":"1291467","formEdgeID":null},{"edgeID":"1698279","fromID":"1291469","toID":"1291468","formEdgeID":null},{"edgeID":"1698280","fromID":"1291467","toID":"1291470","formEdgeID":null},{"edgeID":"1698281","fromID":"1291470","toID":"1291466","formEdgeID":null},{"edgeID":"1698282","fromID":"1291457","toID":"1291471","formEdgeID":null},{"edgeID":"1698283","fromID":"1291471","toID":"1291467","formEdgeID":null},{"edgeID":"1698284","fromID":"1291467","toID":"1291472","formEdgeID":null},{"edgeID":"1698285","fromID":"1291472","toID":"1291462","formEdgeID":null},{"edgeID":"1698286","fromID":"1291475","toID":"1291474","formEdgeID":null},{"edgeID":"1698287","fromID":"1291476","toID":"1291475","formEdgeID":null},{"edgeID":"1698288","fromID":"1291474","toID":"1291477","formEdgeID":null},{"edgeID":"1698289","fromID":"1291477","toID":"1291473","formEdgeID":null},{"edgeID":"1698290","fromID":"1291462","toID":"1291478","formEdgeID":null},{"edgeID":"1698291","fromID":"1291478","toID":"1291474","formEdgeID":null},{"edgeID":"1698292","fromID":"1291481","toID":"1291480","formEdgeID":null},{"edgeID":"1698293","fromID":"1291482","toID":"1291481","formEdgeID":null},{"edgeID":"1698294","fromID":"1291480","toID":"1291483","formEdgeID":null},{"edgeID":"1698295","fromID":"1291483","toID":"1291479","formEdgeID":null},{"edgeID":"1698296","fromID":"1291474","toID":"1291484","formEdgeID":null},{"edgeID":"1698297","fromID":"1291484","toID":"1291480","formEdgeID":null},{"edgeID":"1698298","fromID":"1291487","toID":"1291486","formEdgeID":null},{"edgeID":"1698299","fromID":"1291488","toID":"1291487","formEdgeID":null},{"edgeID":"1698300","fromID":"1291486","toID":"1291489","formEdgeID":null},{"edgeID":"1698301","fromID":"1291489","toID":"1291485","formEdgeID":null},{"edgeID":"1698302","fromID":"1291480","toID":"1291490","formEdgeID":null},{"edgeID":"1698303","fromID":"1291490","toID":"1291486","formEdgeID":null},{"edgeID":"1698304","fromID":"1291473","toID":"1291491","formEdgeID":null},{"edgeID":"1698305","fromID":"1291491","toID":"1291461","formEdgeID":null},{"edgeID":"1698306","fromID":"1291478","toID":"1291492","formEdgeID":null},{"edgeID":"1698307","fromID":"1291492","toID":"1291491","formEdgeID":null},{"edgeID":"1698308","fromID":"1291495","toID":"1291494","formEdgeID":null},{"edgeID":"1698309","fromID":"1291496","toID":"1291495","formEdgeID":null},{"edgeID":"1698310","fromID":"1291494","toID":"1291497","formEdgeID":null},{"edgeID":"1698311","fromID":"1291497","toID":"1291493","formEdgeID":null},{"edgeID":"1698312","fromID":"1291486","toID":"1291498","formEdgeID":null},{"edgeID":"1698313","fromID":"1291498","toID":"1291494","formEdgeID":null},{"edgeID":"1698314","fromID":"1291493","toID":"1291499","formEdgeID":null},{"edgeID":"1698315","fromID":"1291499","toID":"1291485","formEdgeID":null},{"edgeID":"1698316","fromID":"1291498","toID":"1291500","formEdgeID":null},{"edgeID":"1698317","fromID":"1291500","toID":"1291499","formEdgeID":null},{"edgeID":"1698318","fromID":"1291503","toID":"1291502","formEdgeID":null},{"edgeID":"1698319","fromID":"1291504","toID":"1291503","formEdgeID":null},{"edgeID":"1698320","fromID":"1291502","toID":"1291505","formEdgeID":null},{"edgeID":"1698321","fromID":"1291505","toID":"1291501","formEdgeID":null},{"edgeID":"1698322","fromID":"1291494","toID":"1291506","formEdgeID":null},{"edgeID":"1698323","fromID":"1291506","toID":"1291502","formEdgeID":null},{"edgeID":"1698324","fromID":"1291509","toID":"1291508","formEdgeID":null},{"edgeID":"1698325","fromID":"1291510","toID":"1291509","formEdgeID":null},{"edgeID":"1698326","fromID":"1291508","toID":"1291511","formEdgeID":null},{"edgeID":"1698327","fromID":"1291511","toID":"1291507","formEdgeID":null},{"edgeID":"1698328","fromID":"1291502","toID":"1291512","formEdgeID":null},{"edgeID":"1698329","fromID":"1291512","toID":"1291508","formEdgeID":null},{"edgeID":"1698330","fromID":"1291507","toID":"1291513","formEdgeID":null},{"edgeID":"1698331","fromID":"1291513","toID":"1291501","formEdgeID":null},{"edgeID":"1698332","fromID":"1291512","toID":"1291514","formEdgeID":null},{"edgeID":"1698333","fromID":"1291514","toID":"1291513","formEdgeID":null},{"edgeID":"1698334","fromID":"1291517","toID":"1291516","formEdgeID":null},{"edgeID":"1698335","fromID":"1291518","toID":"1291517","formEdgeID":null},{"edgeID":"1698336","fromID":"1291516","toID":"1291519","formEdgeID":null},{"edgeID":"1698337","fromID":"1291519","toID":"1291515","formEdgeID":null},{"edgeID":"1698338","fromID":"1291522","toID":"1291521","formEdgeID":null},{"edgeID":"1698339","fromID":"1291523","toID":"1291522","formEdgeID":null},{"edgeID":"1698340","fromID":"1291521","toID":"1291524","formEdgeID":null},{"edgeID":"1698341","fromID":"1291524","toID":"1291520","formEdgeID":null},{"edgeID":"1698342","fromID":"1291502","toID":"1291525","formEdgeID":null},{"edgeID":"1698343","fromID":"1291525","toID":"1291521","formEdgeID":null},{"edgeID":"1698344","fromID":"1291501","toID":"1291526","formEdgeID":null},{"edgeID":"1698345","fromID":"1291526","toID":"1291520","formEdgeID":null},{"edgeID":"1698346","fromID":"1291525","toID":"1291527","formEdgeID":null},{"edgeID":"1698347","fromID":"1291527","toID":"1291526","formEdgeID":null},{"edgeID":"1698348","fromID":"1291502","toID":"1291528","formEdgeID":null},{"edgeID":"1698349","fromID":"1291528","toID":"1291516","formEdgeID":null},{"edgeID":"1698350","fromID":"1291515","toID":"1291529","formEdgeID":null},{"edgeID":"1698351","fromID":"1291529","toID":"1291501","formEdgeID":null},{"edgeID":"1698352","fromID":"1291528","toID":"1291530","formEdgeID":null},{"edgeID":"1698353","fromID":"1291530","toID":"1291529","formEdgeID":null},{"edgeID":"1698354","fromID":"1291533","toID":"1291532","formEdgeID":null},{"edgeID":"1698355","fromID":"1291534","toID":"1291533","formEdgeID":null},{"edgeID":"1698356","fromID":"1291532","toID":"1291535","formEdgeID":null},{"edgeID":"1698357","fromID":"1291535","toID":"1291531","formEdgeID":null},{"edgeID":"1698358","fromID":"1291521","toID":"1291536","formEdgeID":null},{"edgeID":"1698359","fromID":"1291536","toID":"1291532","formEdgeID":null},{"edgeID":"1698360","fromID":"1291539","toID":"1291538","formEdgeID":null},{"edgeID":"1698361","fromID":"1291540","toID":"1291539","formEdgeID":null},{"edgeID":"1698362","fromID":"1291538","toID":"1291541","formEdgeID":null},{"edgeID":"1698363","fromID":"1291541","toID":"1291537","formEdgeID":null},{"edgeID":"1698364","fromID":"1291532","toID":"1291542","formEdgeID":null},{"edgeID":"1698365","fromID":"1291542","toID":"1291538","formEdgeID":null},{"edgeID":"1698366","fromID":"1291545","toID":"1291544","formEdgeID":null},{"edgeID":"1698367","fromID":"1291546","toID":"1291545","formEdgeID":null},{"edgeID":"1698368","fromID":"1291544","toID":"1291547","formEdgeID":null},{"edgeID":"1698369","fromID":"1291547","toID":"1291543","formEdgeID":null},{"edgeID":"1698370","fromID":"1291538","toID":"1291548","formEdgeID":null},{"edgeID":"1698371","fromID":"1291548","toID":"1291544","formEdgeID":null},{"edgeID":"1698372","fromID":"1291537","toID":"1291549","formEdgeID":null},{"edgeID":"1698373","fromID":"1291549","toID":"1291543","formEdgeID":null},{"edgeID":"1698374","fromID":"1291548","toID":"1291550","formEdgeID":null},{"edgeID":"1698375","fromID":"1291550","toID":"1291549","formEdgeID":null}],"locutions":[]}