{"nodes":[{"nodeID":"1290639","text":"one of the major issues that concerns many viewers that will download the mobile app is our reluctance for the government to access our private data and all the privacy issues of using such data for track, trace and quarantine","type":"I","timestamp":"2023-11-09 12:42:24"},{"nodeID":"1290640","text":"AudienceMember 20220224QT05: One of the major issues that concerns many viewers that will download the mobile app is our reluctance for the government to access our private data and all the privacy issues of using such data for track, trace and quarantine","type":"L","timestamp":"2023-11-09 12:42:24"},{"nodeID":"1290641","text":"Analysing","type":"YA","timestamp":"2023-11-09 12:42:24"},{"nodeID":"1290642","text":"Steffi: AudienceMember 20220224QT05: One of the major issues that concerns many viewers that will download the mobile app is our reluctance for the government to access our private data and all the privacy issues of using such data for track, trace and quarantine","type":"L","timestamp":"2023-11-09 12:42:24"},{"nodeID":"1290643","text":"Asserting","type":"YA","timestamp":"2023-11-09 12:42:24"},{"nodeID":"1290644","text":"to be a success it is essential that the authorities have access to our personal data","type":"I","timestamp":"2023-11-09 12:42:25"},{"nodeID":"1290645","text":"AudienceMember 20220224QT05: To be a success it is essential that the authorities have access to our personal data","type":"L","timestamp":"2023-11-09 12:42:25"},{"nodeID":"1290646","text":"Analysing","type":"YA","timestamp":"2023-11-09 12:42:25"},{"nodeID":"1290647","text":"Steffi: AudienceMember 20220224QT05: To be a success it is essential that the authorities have access to our personal data","type":"L","timestamp":"2023-11-09 12:42:25"},{"nodeID":"1290648","text":"Asserting","type":"YA","timestamp":"2023-11-09 12:42:25"},{"nodeID":"1290649","text":"Default Transition","type":"TA","timestamp":"2023-11-09 12:42:25"},{"nodeID":"1290650","text":"then the authorities can track if we have caught the virus to pinpoint where we have been and whom we have had contact with","type":"I","timestamp":"2023-11-09 12:42:26"},{"nodeID":"1290651","text":"AudienceMember 20220224QT05: Then they can track if we have caught the virus to pinpoint where we have been and whom we have had contact with","type":"L","timestamp":"2023-11-09 12:42:26"},{"nodeID":"1290652","text":"Analysing","type":"YA","timestamp":"2023-11-09 12:42:26"},{"nodeID":"1290653","text":"Steffi: AudienceMember 20220224QT05: Then they can track if we have caught the virus to pinpoint where we have been and whom we have had contact with","type":"L","timestamp":"2023-11-09 12:42:26"},{"nodeID":"1290654","text":"Asserting","type":"YA","timestamp":"2023-11-09 12:42:26"},{"nodeID":"1290655","text":"Default Transition","type":"TA","timestamp":"2023-11-09 12:42:26"},{"nodeID":"1290656","text":"does or does AudienceMember 20220224QT05 think sharing parts of our personal data to control and contain this virus until a vaccine can be found is a price worth paying","type":"I","timestamp":"2023-11-09 12:42:26"},{"nodeID":"1290657","text":"Fiona Bruce: Do you think it is a price worth paying","type":"L","timestamp":"2023-11-09 12:42:26"},{"nodeID":"1290658","text":"Analysing","type":"YA","timestamp":"2023-11-09 12:42:26"},{"nodeID":"1290659","text":"Steffi: Fiona Bruce: Do you think it is a price worth paying","type":"L","timestamp":"2023-11-09 12:42:26"},{"nodeID":"1290660","text":"Pure Questioning","type":"YA","timestamp":"2023-11-09 12:42:26"},{"nodeID":"1290661","text":"sharing parts of our personal data to control and contain this virus until a vaccine can be found is a price worth paying","type":"I","timestamp":"2023-11-09 12:42:27"},{"nodeID":"1290662","text":"AudienceMember 20220224QT06: it is a price worth paying","type":"L","timestamp":"2023-11-09 12:42:27"},{"nodeID":"1290663","text":"Analysing","type":"YA","timestamp":"2023-11-09 12:42:27"},{"nodeID":"1290664","text":"Steffi: AudienceMember 20220224QT06: it is a price worth paying","type":"L","timestamp":"2023-11-09 12:42:27"},{"nodeID":"1290665","text":"Asserting","type":"YA","timestamp":"2023-11-09 12:42:27"},{"nodeID":"1290666","text":"Default Transition","type":"TA","timestamp":"2023-11-09 12:42:27"},{"nodeID":"1290667","text":"Default Rephrase","type":"MA","timestamp":"2023-11-09 12:42:27"},{"nodeID":"1290668","text":"Default Illocuting","type":"YA","timestamp":"2023-11-09 12:42:27"},{"nodeID":"1290669","text":"we should be doing more","type":"I","timestamp":"2023-11-09 12:42:27"},{"nodeID":"1290670","text":"AudienceMember 20220224QT06:  we should be doing more","type":"L","timestamp":"2023-11-09 12:42:27"},{"nodeID":"1290671","text":"Analysing","type":"YA","timestamp":"2023-11-09 12:42:27"},{"nodeID":"1290672","text":"Steffi: AudienceMember 20220224QT06:  we should be doing more","type":"L","timestamp":"2023-11-09 12:42:27"},{"nodeID":"1290673","text":"Asserting","type":"YA","timestamp":"2023-11-09 12:42:27"},{"nodeID":"1290674","text":"Default Transition","type":"TA","timestamp":"2023-11-09 12:42:27"},{"nodeID":"1290675","text":"we have to help these tracers to get at least 70 to 90% success rate","type":"I","timestamp":"2023-11-09 12:42:28"},{"nodeID":"1290676","text":"AudienceMember 20220224QT06: We have to help these tracers to get at least 70 to 90% success rate","type":"L","timestamp":"2023-11-09 12:42:28"},{"nodeID":"1290677","text":"Analysing","type":"YA","timestamp":"2023-11-09 12:42:28"},{"nodeID":"1290678","text":"Steffi: AudienceMember 20220224QT06: We have to help these tracers to get at least 70 to 90% success rate","type":"L","timestamp":"2023-11-09 12:42:28"},{"nodeID":"1290679","text":"Asserting","type":"YA","timestamp":"2023-11-09 12:42:28"},{"nodeID":"1290680","text":"Default Transition","type":"TA","timestamp":"2023-11-09 12:42:28"},{"nodeID":"1290681","text":"track and tracing is going to be successful","type":"I","timestamp":"2023-11-09 12:42:29"},{"nodeID":"1290682","text":"AudienceMember 20220224QT06: track and tracing is going to be successful","type":"L","timestamp":"2023-11-09 12:42:29"},{"nodeID":"1290683","text":"Analysing","type":"YA","timestamp":"2023-11-09 12:42:29"},{"nodeID":"1290684","text":"Steffi: AudienceMember 20220224QT06: track and tracing is going to be successful","type":"L","timestamp":"2023-11-09 12:42:29"},{"nodeID":"1290685","text":"Asserting","type":"YA","timestamp":"2023-11-09 12:42:29"},{"nodeID":"1290686","text":"Default Transition","type":"TA","timestamp":"2023-11-09 12:42:29"},{"nodeID":"1290687","text":"Default Inference","type":"RA","timestamp":"2023-11-09 12:42:29"},{"nodeID":"1290688","text":"Arguing","type":"YA","timestamp":"2023-11-09 12:42:29"},{"nodeID":"1290689","text":"AudienceMember 20220224QT06: it is a price well worth paying","type":"L","timestamp":"2023-11-09 12:42:29"},{"nodeID":"1290690","text":"Analysing","type":"YA","timestamp":"2023-11-09 12:42:29"},{"nodeID":"1290691","text":"Steffi: AudienceMember 20220224QT06: it is a price well worth paying","type":"L","timestamp":"2023-11-09 12:42:29"},{"nodeID":"1290692","text":"Default Conflict","type":"CA","timestamp":"2023-11-09 12:42:29"},{"nodeID":"1290693","text":"Disagreeing","type":"YA","timestamp":"2023-11-09 12:42:29"},{"nodeID":"1290694","text":"Default Inference","type":"RA","timestamp":"2023-11-09 12:42:29"},{"nodeID":"1290695","text":"Arguing","type":"YA","timestamp":"2023-11-09 12:42:29"},{"nodeID":"1290696","text":"when measured against what we have already lost, our right to socialise, our future economic and job prospects, not to mention the potential danger to our health, does the panel or does the panel not feel it is a small price to pay to share parts of our personal data to control and contain this virus until a vaccine can be found","type":"I","timestamp":"2023-11-09 12:42:29"},{"nodeID":"1290697","text":"AudienceMember 20220224QT05: When measured against what we have already lost, our right to socialise, our future economic and job prospects, not to mention the potential danger to our health, does the panel feel it is a small price to pay to share parts of our personal data to control and contain this virus until a vaccine can be found","type":"L","timestamp":"2023-11-09 12:42:29"},{"nodeID":"1290698","text":"Analysing","type":"YA","timestamp":"2023-11-09 12:42:29"},{"nodeID":"1290699","text":"Steffi: AudienceMember 20220224QT05: When measured against what we have already lost, our right to socialise, our future economic and job prospects, not to mention the potential danger to our health, does the panel feel it is a small price to pay to share parts of our personal data to control and contain this virus until a vaccine can be found","type":"L","timestamp":"2023-11-09 12:42:29"},{"nodeID":"1290700","text":"Asserting","type":"YA","timestamp":"2023-11-09 12:42:29"},{"nodeID":"1290701","text":"Default Transition","type":"TA","timestamp":"2023-11-09 12:42:29"},{"nodeID":"1290702","text":"Default Transition","type":"TA","timestamp":"2023-11-09 12:42:29"},{"nodeID":"1290703","text":"Default Rephrase","type":"MA","timestamp":"2023-11-09 12:42:29"},{"nodeID":"1290704","text":"Restating","type":"YA","timestamp":"2023-11-09 12:42:29"},{"nodeID":"1290705","text":"Default Transition","type":"TA","timestamp":"2023-11-09 12:42:29"},{"nodeID":"1290706","text":"Agreeing","type":"YA","timestamp":"2023-11-09 12:42:29"},{"nodeID":"1290707","text":"Default Rephrase","type":"MA","timestamp":"2023-11-09 12:42:29"},{"nodeID":"1290708","text":"Restating","type":"YA","timestamp":"2023-11-09 12:42:29"}],"edges":[{"edgeID":"1697298","fromID":"1290641","toID":"1290640","formEdgeID":null},{"edgeID":"1697299","fromID":"1290642","toID":"1290641","formEdgeID":null},{"edgeID":"1697300","fromID":"1290640","toID":"1290643","formEdgeID":null},{"edgeID":"1697301","fromID":"1290643","toID":"1290639","formEdgeID":null},{"edgeID":"1697302","fromID":"1290646","toID":"1290645","formEdgeID":null},{"edgeID":"1697303","fromID":"1290647","toID":"1290646","formEdgeID":null},{"edgeID":"1697304","fromID":"1290645","toID":"1290648","formEdgeID":null},{"edgeID":"1697305","fromID":"1290648","toID":"1290644","formEdgeID":null},{"edgeID":"1697306","fromID":"1290640","toID":"1290649","formEdgeID":null},{"edgeID":"1697307","fromID":"1290649","toID":"1290645","formEdgeID":null},{"edgeID":"1697308","fromID":"1290652","toID":"1290651","formEdgeID":null},{"edgeID":"1697309","fromID":"1290653","toID":"1290652","formEdgeID":null},{"edgeID":"1697310","fromID":"1290651","toID":"1290654","formEdgeID":null},{"edgeID":"1697311","fromID":"1290654","toID":"1290650","formEdgeID":null},{"edgeID":"1697312","fromID":"1290645","toID":"1290655","formEdgeID":null},{"edgeID":"1697313","fromID":"1290655","toID":"1290651","formEdgeID":null},{"edgeID":"1697314","fromID":"1290658","toID":"1290657","formEdgeID":null},{"edgeID":"1697315","fromID":"1290659","toID":"1290658","formEdgeID":null},{"edgeID":"1697316","fromID":"1290657","toID":"1290660","formEdgeID":null},{"edgeID":"1697317","fromID":"1290660","toID":"1290656","formEdgeID":null},{"edgeID":"1697318","fromID":"1290663","toID":"1290662","formEdgeID":null},{"edgeID":"1697319","fromID":"1290664","toID":"1290663","formEdgeID":null},{"edgeID":"1697320","fromID":"1290662","toID":"1290665","formEdgeID":null},{"edgeID":"1697321","fromID":"1290665","toID":"1290661","formEdgeID":null},{"edgeID":"1697322","fromID":"1290657","toID":"1290666","formEdgeID":null},{"edgeID":"1697323","fromID":"1290666","toID":"1290662","formEdgeID":null},{"edgeID":"1697324","fromID":"1290661","toID":"1290667","formEdgeID":null},{"edgeID":"1697325","fromID":"1290667","toID":"1290656","formEdgeID":null},{"edgeID":"1697326","fromID":"1290666","toID":"1290668","formEdgeID":null},{"edgeID":"1697327","fromID":"1290668","toID":"1290667","formEdgeID":null},{"edgeID":"1697328","fromID":"1290671","toID":"1290670","formEdgeID":null},{"edgeID":"1697329","fromID":"1290672","toID":"1290671","formEdgeID":null},{"edgeID":"1697330","fromID":"1290670","toID":"1290673","formEdgeID":null},{"edgeID":"1697331","fromID":"1290673","toID":"1290669","formEdgeID":null},{"edgeID":"1697332","fromID":"1290662","toID":"1290674","formEdgeID":null},{"edgeID":"1697333","fromID":"1290674","toID":"1290670","formEdgeID":null},{"edgeID":"1697334","fromID":"1290677","toID":"1290676","formEdgeID":null},{"edgeID":"1697335","fromID":"1290678","toID":"1290677","formEdgeID":null},{"edgeID":"1697336","fromID":"1290676","toID":"1290679","formEdgeID":null},{"edgeID":"1697337","fromID":"1290679","toID":"1290675","formEdgeID":null},{"edgeID":"1697338","fromID":"1290670","toID":"1290680","formEdgeID":null},{"edgeID":"1697339","fromID":"1290680","toID":"1290676","formEdgeID":null},{"edgeID":"1697340","fromID":"1290683","toID":"1290682","formEdgeID":null},{"edgeID":"1697341","fromID":"1290684","toID":"1290683","formEdgeID":null},{"edgeID":"1697342","fromID":"1290682","toID":"1290685","formEdgeID":null},{"edgeID":"1697343","fromID":"1290685","toID":"1290681","formEdgeID":null},{"edgeID":"1697344","fromID":"1290676","toID":"1290686","formEdgeID":null},{"edgeID":"1697345","fromID":"1290686","toID":"1290682","formEdgeID":null},{"edgeID":"1697346","fromID":"1290681","toID":"1290687","formEdgeID":null},{"edgeID":"1697347","fromID":"1290687","toID":"1290675","formEdgeID":null},{"edgeID":"1697348","fromID":"1290686","toID":"1290688","formEdgeID":null},{"edgeID":"1697349","fromID":"1290688","toID":"1290687","formEdgeID":null},{"edgeID":"1697350","fromID":"1290690","toID":"1290689","formEdgeID":null},{"edgeID":"1697351","fromID":"1290691","toID":"1290690","formEdgeID":null},{"edgeID":"1697352","fromID":"1290644","toID":"1290692","formEdgeID":null},{"edgeID":"1697353","fromID":"1290692","toID":"1290639","formEdgeID":null},{"edgeID":"1697354","fromID":"1290649","toID":"1290693","formEdgeID":null},{"edgeID":"1697355","fromID":"1290693","toID":"1290692","formEdgeID":null},{"edgeID":"1697356","fromID":"1290650","toID":"1290694","formEdgeID":null},{"edgeID":"1697357","fromID":"1290694","toID":"1290644","formEdgeID":null},{"edgeID":"1697358","fromID":"1290655","toID":"1290695","formEdgeID":null},{"edgeID":"1697359","fromID":"1290695","toID":"1290694","formEdgeID":null},{"edgeID":"1697360","fromID":"1290698","toID":"1290697","formEdgeID":null},{"edgeID":"1697361","fromID":"1290699","toID":"1290698","formEdgeID":null},{"edgeID":"1697362","fromID":"1290697","toID":"1290700","formEdgeID":null},{"edgeID":"1697363","fromID":"1290700","toID":"1290696","formEdgeID":null},{"edgeID":"1697364","fromID":"1290651","toID":"1290701","formEdgeID":null},{"edgeID":"1697365","fromID":"1290701","toID":"1290697","formEdgeID":null},{"edgeID":"1697366","fromID":"1290697","toID":"1290702","formEdgeID":null},{"edgeID":"1697367","fromID":"1290702","toID":"1290657","formEdgeID":null},{"edgeID":"1697368","fromID":"1290656","toID":"1290703","formEdgeID":null},{"edgeID":"1697369","fromID":"1290703","toID":"1290696","formEdgeID":null},{"edgeID":"1697370","fromID":"1290702","toID":"1290704","formEdgeID":null},{"edgeID":"1697371","fromID":"1290704","toID":"1290703","formEdgeID":null},{"edgeID":"1697372","fromID":"1290682","toID":"1290705","formEdgeID":null},{"edgeID":"1697373","fromID":"1290705","toID":"1290689","formEdgeID":null},{"edgeID":"1697374","fromID":"1290705","toID":"1290706","formEdgeID":null},{"edgeID":"1697375","fromID":"1290706","toID":"1290661","formEdgeID":null},{"edgeID":"1697376","fromID":"1290675","toID":"1290707","formEdgeID":null},{"edgeID":"1697377","fromID":"1290707","toID":"1290669","formEdgeID":null},{"edgeID":"1697378","fromID":"1290680","toID":"1290708","formEdgeID":null},{"edgeID":"1697379","fromID":"1290708","toID":"1290707","formEdgeID":null}],"locutions":[]}