{"nodes":[{"nodeID":"498655","text":"people need to know how the app works","type":"I","timestamp":"2020-05-14 20:07:08"},{"nodeID":"499806","text":"the government keeps getting distracted by the wrong things","type":"I","timestamp":"2020-05-14 20:55:01"},{"nodeID":"499810","text":"we were talking about why the government didn't have tests in place earlier","type":"I","timestamp":"2020-05-14 20:55:01"},{"nodeID":"499820","text":"now there is this app that Afua Hirsch doesn't think the government fully understands how it is going to work","type":"I","timestamp":"2020-05-14 20:55:03"},{"nodeID":"1290306","text":"this app is coming really quite quickly","type":"I","timestamp":"2023-11-09 12:41:59"},{"nodeID":"1290307","text":"Chris Hopson: This is coming really quite quickly","type":"L","timestamp":"2023-11-09 12:41:59"},{"nodeID":"1290308","text":"Analysing","type":"YA","timestamp":"2023-11-09 12:41:59"},{"nodeID":"1290309","text":"Nicole: Chris Hopson: This is coming really quite quickly","type":"L","timestamp":"2023-11-09 12:41:59"},{"nodeID":"1290310","text":"Asserting","type":"YA","timestamp":"2023-11-09 12:41:59"},{"nodeID":"1290311","text":"at the moment nobody in the NHS knows what role they are meant to be playing to support the app","type":"I","timestamp":"2023-11-09 12:42:00"},{"nodeID":"1290312","text":"Chris Hopson: At the moment nobody in the NHS knows what role they are meant to be playing to support the app","type":"L","timestamp":"2023-11-09 12:42:00"},{"nodeID":"1290313","text":"Analysing","type":"YA","timestamp":"2023-11-09 12:42:00"},{"nodeID":"1290314","text":"Nicole: Chris Hopson: At the moment nobody in the NHS knows what role they are meant to be playing to support the app","type":"L","timestamp":"2023-11-09 12:42:00"},{"nodeID":"1290315","text":"Asserting","type":"YA","timestamp":"2023-11-09 12:42:00"},{"nodeID":"1290316","text":"Default Transition","type":"TA","timestamp":"2023-11-09 12:42:00"},{"nodeID":"1290317","text":"what we will need is the results of that pilot or trial in the Isle of Wight circulated very quickly","type":"I","timestamp":"2023-11-09 12:42:01"},{"nodeID":"1290318","text":"Chris Hopson: What we will need is the results of that pilot or trial in the Isle of Wight circulated very quickly","type":"L","timestamp":"2023-11-09 12:42:01"},{"nodeID":"1290319","text":"Analysing","type":"YA","timestamp":"2023-11-09 12:42:01"},{"nodeID":"1290320","text":"Nicole: Chris Hopson: What we will need is the results of that pilot or trial in the Isle of Wight circulated very quickly","type":"L","timestamp":"2023-11-09 12:42:01"},{"nodeID":"1290321","text":"Asserting","type":"YA","timestamp":"2023-11-09 12:42:01"},{"nodeID":"1290322","text":"the NHS will need to know very quickly what they are meant to be doing","type":"I","timestamp":"2023-11-09 12:42:01"},{"nodeID":"1290323","text":"Chris Hopson: The NHS will need to know very quickly what they are meant to be doing","type":"L","timestamp":"2023-11-09 12:42:01"},{"nodeID":"1290324","text":"Analysing","type":"YA","timestamp":"2023-11-09 12:42:01"},{"nodeID":"1290325","text":"Nicole: Chris Hopson: The NHS will need to know very quickly what they are meant to be doing","type":"L","timestamp":"2023-11-09 12:42:01"},{"nodeID":"1290326","text":"Asserting","type":"YA","timestamp":"2023-11-09 12:42:01"},{"nodeID":"1290327","text":"Default Transition","type":"TA","timestamp":"2023-11-09 12:42:01"},{"nodeID":"1290328","text":"Default Inference","type":"RA","timestamp":"2023-11-09 12:42:01"},{"nodeID":"1290329","text":"Arguing","type":"YA","timestamp":"2023-11-09 12:42:01"},{"nodeID":"1290330","text":"Default Transition","type":"TA","timestamp":"2023-11-09 12:42:01"},{"nodeID":"1290331","text":"Default Rephrase","type":"MA","timestamp":"2023-11-09 12:42:01"},{"nodeID":"1290332","text":"Restating","type":"YA","timestamp":"2023-11-09 12:42:01"},{"nodeID":"1290333","text":"Fiona Bruce: People need to know how it works","type":"L","timestamp":"2023-11-09 12:42:01"},{"nodeID":"1290334","text":"Analysing","type":"YA","timestamp":"2023-11-09 12:42:01"},{"nodeID":"1290335","text":"Nicole: Fiona Bruce: People need to know how it works","type":"L","timestamp":"2023-11-09 12:42:01"},{"nodeID":"1290336","text":"Asserting","type":"YA","timestamp":"2023-11-09 12:42:01"},{"nodeID":"1290337","text":"Default Transition","type":"TA","timestamp":"2023-11-09 12:42:01"},{"nodeID":"1290338","text":"George Eustice doesn't seem to be clear how the app works","type":"I","timestamp":"2023-11-09 12:42:02"},{"nodeID":"1290339","text":"Fiona Bruce: George doesn't seem to be clear how it works","type":"L","timestamp":"2023-11-09 12:42:02"},{"nodeID":"1290340","text":"Analysing","type":"YA","timestamp":"2023-11-09 12:42:02"},{"nodeID":"1290341","text":"Nicole: Fiona Bruce: George doesn't seem to be clear how it works","type":"L","timestamp":"2023-11-09 12:42:02"},{"nodeID":"1290342","text":"Asserting","type":"YA","timestamp":"2023-11-09 12:42:02"},{"nodeID":"1290343","text":"Default Transition","type":"TA","timestamp":"2023-11-09 12:42:02"},{"nodeID":"1290344","text":"Afua Hirsch: The government keeps getting distracted by the wrong things","type":"L","timestamp":"2023-11-09 12:42:02"},{"nodeID":"1290345","text":"Analysing","type":"YA","timestamp":"2023-11-09 12:42:02"},{"nodeID":"1290346","text":"Nicole: Afua Hirsch: The government keeps getting distracted by the wrong things","type":"L","timestamp":"2023-11-09 12:42:02"},{"nodeID":"1290347","text":"Asserting","type":"YA","timestamp":"2023-11-09 12:42:02"},{"nodeID":"1290348","text":"Default Transition","type":"TA","timestamp":"2023-11-09 12:42:02"},{"nodeID":"1290349","text":"Afua Hirsch: We were talking about why the government didn't have tests in place earlier","type":"L","timestamp":"2023-11-09 12:42:02"},{"nodeID":"1290350","text":"Analysing","type":"YA","timestamp":"2023-11-09 12:42:02"},{"nodeID":"1290351","text":"Nicole: Afua Hirsch: We were talking about why the government didn't have tests in place earlier","type":"L","timestamp":"2023-11-09 12:42:02"},{"nodeID":"1290352","text":"Asserting","type":"YA","timestamp":"2023-11-09 12:42:02"},{"nodeID":"1290353","text":"Default Transition","type":"TA","timestamp":"2023-11-09 12:42:02"},{"nodeID":"1290354","text":"Afua Hirsch: Now there is this app that I don't think the government fully understands how it is going to work","type":"L","timestamp":"2023-11-09 12:42:02"},{"nodeID":"1290355","text":"Analysing","type":"YA","timestamp":"2023-11-09 12:42:02"},{"nodeID":"1290356","text":"Nicole: Afua Hirsch: Now there is this app that I don't think the government fully understands how it is going to work","type":"L","timestamp":"2023-11-09 12:42:02"},{"nodeID":"1290357","text":"Asserting","type":"YA","timestamp":"2023-11-09 12:42:02"},{"nodeID":"1290358","text":"we are not entirely clear how the app works","type":"I","timestamp":"2023-11-09 12:42:02"},{"nodeID":"1290359","text":"Fiona Bruce: We are not entirely clear","type":"L","timestamp":"2023-11-09 12:42:02"},{"nodeID":"1290360","text":"Analysing","type":"YA","timestamp":"2023-11-09 12:42:02"},{"nodeID":"1290361","text":"Nicole: Fiona Bruce: We are not entirely clear","type":"L","timestamp":"2023-11-09 12:42:02"},{"nodeID":"1290362","text":"Asserting","type":"YA","timestamp":"2023-11-09 12:42:02"},{"nodeID":"1290363","text":"Default Inference","type":"RA","timestamp":"2023-11-09 12:42:02"},{"nodeID":"1290364","text":"Arguing","type":"YA","timestamp":"2023-11-09 12:42:02"},{"nodeID":"1290365","text":"Default Rephrase","type":"MA","timestamp":"2023-11-09 12:42:02"},{"nodeID":"1290366","text":"Restating","type":"YA","timestamp":"2023-11-09 12:42:02"},{"nodeID":"1290367","text":"the government were too consumed about models and herd immunity","type":"I","timestamp":"2023-11-09 12:42:03"},{"nodeID":"1290368","text":"Afua Hirsch: They were too consumed about models and herd immunity","type":"L","timestamp":"2023-11-09 12:42:03"},{"nodeID":"1290369","text":"Analysing","type":"YA","timestamp":"2023-11-09 12:42:03"},{"nodeID":"1290370","text":"Nicole: Afua Hirsch: They were too consumed about models and herd immunity","type":"L","timestamp":"2023-11-09 12:42:03"},{"nodeID":"1290371","text":"Asserting","type":"YA","timestamp":"2023-11-09 12:42:03"},{"nodeID":"1290372","text":"Default Transition","type":"TA","timestamp":"2023-11-09 12:42:03"},{"nodeID":"1290373","text":"herd immunity now seems like a devastating idea instead of doing the work, getting testing and contact tracing, equipment in place","type":"I","timestamp":"2023-11-09 12:42:03"},{"nodeID":"1290374","text":"Afua Hirsch: now seems like a devastating idea instead of doing the work, getting testing and contact tracing, equipment in place","type":"L","timestamp":"2023-11-09 12:42:03"},{"nodeID":"1290375","text":"Analysing","type":"YA","timestamp":"2023-11-09 12:42:03"},{"nodeID":"1290376","text":"Nicole: Afua Hirsch: now seems like a devastating idea instead of doing the work, getting testing and contact tracing, equipment in place","type":"L","timestamp":"2023-11-09 12:42:03"},{"nodeID":"1290377","text":"Asserting","type":"YA","timestamp":"2023-11-09 12:42:03"},{"nodeID":"1290378","text":"Default Transition","type":"TA","timestamp":"2023-11-09 12:42:03"},{"nodeID":"1290379","text":"Default Inference","type":"RA","timestamp":"2023-11-09 12:42:03"},{"nodeID":"1290380","text":"Arguing","type":"YA","timestamp":"2023-11-09 12:42:03"},{"nodeID":"1290381","text":"Default Rephrase","type":"MA","timestamp":"2023-11-09 12:42:03"},{"nodeID":"1290382","text":"Default Transition","type":"TA","timestamp":"2023-11-09 12:42:03"},{"nodeID":"1290383","text":"Restating","type":"YA","timestamp":"2023-11-09 12:42:03"},{"nodeID":"1290384","text":"Default Rephrase","type":"MA","timestamp":"2023-11-09 12:42:03"},{"nodeID":"1290385","text":"Restating","type":"YA","timestamp":"2023-11-09 12:42:03"},{"nodeID":"1290386","text":"Default Transition","type":"TA","timestamp":"2023-11-09 12:42:03"},{"nodeID":"1290387","text":"Default Inference","type":"RA","timestamp":"2023-11-09 12:42:03"},{"nodeID":"1290388","text":"Arguing","type":"YA","timestamp":"2023-11-09 12:42:03"},{"nodeID":"1290389","text":"Default Transition","type":"TA","timestamp":"2023-11-09 12:42:03"},{"nodeID":"1290390","text":"Default Inference","type":"RA","timestamp":"2023-11-09 12:42:03"},{"nodeID":"1290391","text":"Arguing","type":"YA","timestamp":"2023-11-09 12:42:03"},{"nodeID":"1290392","text":"we are not sure how the app is going to work","type":"I","timestamp":"2023-11-09 12:42:04"},{"nodeID":"1290393","text":"George Eustice: We are not sure how it is going to work","type":"L","timestamp":"2023-11-09 12:42:04"},{"nodeID":"1290394","text":"Analysing","type":"YA","timestamp":"2023-11-09 12:42:04"},{"nodeID":"1290395","text":"Nicole: George Eustice: We are not sure how it is going to work","type":"L","timestamp":"2023-11-09 12:42:04"},{"nodeID":"1290396","text":"Asserting","type":"YA","timestamp":"2023-11-09 12:42:04"},{"nodeID":"1290397","text":"Default Transition","type":"TA","timestamp":"2023-11-09 12:42:04"},{"nodeID":"1290398","text":"Agreeing","type":"YA","timestamp":"2023-11-09 12:42:04"},{"nodeID":"1290399","text":"the app is being tried in the Isle of Wight","type":"I","timestamp":"2023-11-09 12:42:05"},{"nodeID":"1290400","text":"George Eustice: it is being tried in the Isle of Wight","type":"L","timestamp":"2023-11-09 12:42:05"},{"nodeID":"1290401","text":"Analysing","type":"YA","timestamp":"2023-11-09 12:42:05"},{"nodeID":"1290402","text":"Nicole: George Eustice: it is being tried in the Isle of Wight","type":"L","timestamp":"2023-11-09 12:42:05"},{"nodeID":"1290403","text":"Asserting","type":"YA","timestamp":"2023-11-09 12:42:05"},{"nodeID":"1290404","text":"Default Transition","type":"TA","timestamp":"2023-11-09 12:42:05"},{"nodeID":"1290405","text":"Default Inference","type":"RA","timestamp":"2023-11-09 12:42:05"},{"nodeID":"1290406","text":"Arguing","type":"YA","timestamp":"2023-11-09 12:42:05"}],"edges":[{"edgeID":"1696891","fromID":"1290308","toID":"1290307","formEdgeID":null},{"edgeID":"1696892","fromID":"1290309","toID":"1290308","formEdgeID":null},{"edgeID":"1696893","fromID":"1290307","toID":"1290310","formEdgeID":null},{"edgeID":"1696894","fromID":"1290310","toID":"1290306","formEdgeID":null},{"edgeID":"1696895","fromID":"1290313","toID":"1290312","formEdgeID":null},{"edgeID":"1696896","fromID":"1290314","toID":"1290313","formEdgeID":null},{"edgeID":"1696897","fromID":"1290312","toID":"1290315","formEdgeID":null},{"edgeID":"1696898","fromID":"1290315","toID":"1290311","formEdgeID":null},{"edgeID":"1696899","fromID":"1290307","toID":"1290316","formEdgeID":null},{"edgeID":"1696900","fromID":"1290316","toID":"1290312","formEdgeID":null},{"edgeID":"1696901","fromID":"1290319","toID":"1290318","formEdgeID":null},{"edgeID":"1696902","fromID":"1290320","toID":"1290319","formEdgeID":null},{"edgeID":"1696903","fromID":"1290318","toID":"1290321","formEdgeID":null},{"edgeID":"1696904","fromID":"1290321","toID":"1290317","formEdgeID":null},{"edgeID":"1696905","fromID":"1290324","toID":"1290323","formEdgeID":null},{"edgeID":"1696906","fromID":"1290325","toID":"1290324","formEdgeID":null},{"edgeID":"1696907","fromID":"1290323","toID":"1290326","formEdgeID":null},{"edgeID":"1696908","fromID":"1290326","toID":"1290322","formEdgeID":null},{"edgeID":"1696909","fromID":"1290312","toID":"1290327","formEdgeID":null},{"edgeID":"1696910","fromID":"1290327","toID":"1290318","formEdgeID":null},{"edgeID":"1696911","fromID":"1290311","toID":"1290328","formEdgeID":null},{"edgeID":"1696912","fromID":"1290328","toID":"1290317","formEdgeID":null},{"edgeID":"1696913","fromID":"1290327","toID":"1290329","formEdgeID":null},{"edgeID":"1696914","fromID":"1290329","toID":"1290328","formEdgeID":null},{"edgeID":"1696915","fromID":"1290318","toID":"1290330","formEdgeID":null},{"edgeID":"1696916","fromID":"1290330","toID":"1290323","formEdgeID":null},{"edgeID":"1696917","fromID":"1290322","toID":"1290331","formEdgeID":null},{"edgeID":"1696918","fromID":"1290331","toID":"1290317","formEdgeID":null},{"edgeID":"1696919","fromID":"1290330","toID":"1290332","formEdgeID":null},{"edgeID":"1696920","fromID":"1290332","toID":"1290331","formEdgeID":null},{"edgeID":"1696921","fromID":"1290334","toID":"1290333","formEdgeID":null},{"edgeID":"1696922","fromID":"1290335","toID":"1290334","formEdgeID":null},{"edgeID":"1696923","fromID":"1290333","toID":"1290336","formEdgeID":null},{"edgeID":"1696924","fromID":"1290336","toID":"498655","formEdgeID":null},{"edgeID":"1696925","fromID":"1290323","toID":"1290337","formEdgeID":null},{"edgeID":"1696926","fromID":"1290337","toID":"1290333","formEdgeID":null},{"edgeID":"1696927","fromID":"1290340","toID":"1290339","formEdgeID":null},{"edgeID":"1696928","fromID":"1290341","toID":"1290340","formEdgeID":null},{"edgeID":"1696929","fromID":"1290339","toID":"1290342","formEdgeID":null},{"edgeID":"1696930","fromID":"1290342","toID":"1290338","formEdgeID":null},{"edgeID":"1696931","fromID":"1290333","toID":"1290343","formEdgeID":null},{"edgeID":"1696932","fromID":"1290343","toID":"1290339","formEdgeID":null},{"edgeID":"1696933","fromID":"1290345","toID":"1290344","formEdgeID":null},{"edgeID":"1696934","fromID":"1290346","toID":"1290345","formEdgeID":null},{"edgeID":"1696935","fromID":"1290344","toID":"1290347","formEdgeID":null},{"edgeID":"1696936","fromID":"1290347","toID":"499806","formEdgeID":null},{"edgeID":"1696937","fromID":"1290339","toID":"1290348","formEdgeID":null},{"edgeID":"1696938","fromID":"1290348","toID":"1290344","formEdgeID":null},{"edgeID":"1696939","fromID":"1290350","toID":"1290349","formEdgeID":null},{"edgeID":"1696940","fromID":"1290351","toID":"1290350","formEdgeID":null},{"edgeID":"1696941","fromID":"1290349","toID":"1290352","formEdgeID":null},{"edgeID":"1696942","fromID":"1290352","toID":"499810","formEdgeID":null},{"edgeID":"1696943","fromID":"1290344","toID":"1290353","formEdgeID":null},{"edgeID":"1696944","fromID":"1290353","toID":"1290349","formEdgeID":null},{"edgeID":"1696945","fromID":"1290355","toID":"1290354","formEdgeID":null},{"edgeID":"1696946","fromID":"1290356","toID":"1290355","formEdgeID":null},{"edgeID":"1696947","fromID":"1290354","toID":"1290357","formEdgeID":null},{"edgeID":"1696948","fromID":"1290357","toID":"499820","formEdgeID":null},{"edgeID":"1696949","fromID":"1290360","toID":"1290359","formEdgeID":null},{"edgeID":"1696950","fromID":"1290361","toID":"1290360","formEdgeID":null},{"edgeID":"1696951","fromID":"1290359","toID":"1290362","formEdgeID":null},{"edgeID":"1696952","fromID":"1290362","toID":"1290358","formEdgeID":null},{"edgeID":"1696953","fromID":"1290338","toID":"1290363","formEdgeID":null},{"edgeID":"1696954","fromID":"1290363","toID":"498655","formEdgeID":null},{"edgeID":"1696955","fromID":"1290343","toID":"1290364","formEdgeID":null},{"edgeID":"1696956","fromID":"1290364","toID":"1290363","formEdgeID":null},{"edgeID":"1696957","fromID":"1290311","toID":"1290365","formEdgeID":null},{"edgeID":"1696958","fromID":"1290365","toID":"1290306","formEdgeID":null},{"edgeID":"1696959","fromID":"1290316","toID":"1290366","formEdgeID":null},{"edgeID":"1696960","fromID":"1290366","toID":"1290365","formEdgeID":null},{"edgeID":"1696961","fromID":"1290369","toID":"1290368","formEdgeID":null},{"edgeID":"1696962","fromID":"1290370","toID":"1290369","formEdgeID":null},{"edgeID":"1696963","fromID":"1290368","toID":"1290371","formEdgeID":null},{"edgeID":"1696964","fromID":"1290371","toID":"1290367","formEdgeID":null},{"edgeID":"1696965","fromID":"1290349","toID":"1290372","formEdgeID":null},{"edgeID":"1696966","fromID":"1290372","toID":"1290368","formEdgeID":null},{"edgeID":"1696967","fromID":"1290375","toID":"1290374","formEdgeID":null},{"edgeID":"1696968","fromID":"1290376","toID":"1290375","formEdgeID":null},{"edgeID":"1696969","fromID":"1290374","toID":"1290377","formEdgeID":null},{"edgeID":"1696970","fromID":"1290377","toID":"1290373","formEdgeID":null},{"edgeID":"1696971","fromID":"1290368","toID":"1290378","formEdgeID":null},{"edgeID":"1696972","fromID":"1290378","toID":"1290374","formEdgeID":null},{"edgeID":"1696973","fromID":"1290367","toID":"1290379","formEdgeID":null},{"edgeID":"1696974","fromID":"1290379","toID":"499810","formEdgeID":null},{"edgeID":"1696975","fromID":"1290372","toID":"1290380","formEdgeID":null},{"edgeID":"1696976","fromID":"1290380","toID":"1290379","formEdgeID":null},{"edgeID":"1696977","fromID":"1290367","toID":"1290381","formEdgeID":null},{"edgeID":"1696978","fromID":"1290381","toID":"499806","formEdgeID":null},{"edgeID":"1696979","fromID":"1290344","toID":"1290382","formEdgeID":null},{"edgeID":"1696980","fromID":"1290382","toID":"1290368","formEdgeID":null},{"edgeID":"1696981","fromID":"1290382","toID":"1290383","formEdgeID":null},{"edgeID":"1696982","fromID":"1290383","toID":"1290381","formEdgeID":null},{"edgeID":"1696983","fromID":"1290373","toID":"1290384","formEdgeID":null},{"edgeID":"1696984","fromID":"1290384","toID":"1290367","formEdgeID":null},{"edgeID":"1696985","fromID":"1290378","toID":"1290385","formEdgeID":null},{"edgeID":"1696986","fromID":"1290385","toID":"1290384","formEdgeID":null},{"edgeID":"1696987","fromID":"1290344","toID":"1290386","formEdgeID":null},{"edgeID":"1696988","fromID":"1290386","toID":"1290354","formEdgeID":null},{"edgeID":"1696989","fromID":"499806","toID":"1290387","formEdgeID":null},{"edgeID":"1696990","fromID":"1290387","toID":"499820","formEdgeID":null},{"edgeID":"1696991","fromID":"1290386","toID":"1290388","formEdgeID":null},{"edgeID":"1696992","fromID":"1290388","toID":"1290387","formEdgeID":null},{"edgeID":"1696993","fromID":"1290333","toID":"1290389","formEdgeID":null},{"edgeID":"1696994","fromID":"1290389","toID":"1290359","formEdgeID":null},{"edgeID":"1696995","fromID":"1290358","toID":"1290390","formEdgeID":null},{"edgeID":"1696996","fromID":"1290390","toID":"498655","formEdgeID":null},{"edgeID":"1696997","fromID":"1290389","toID":"1290391","formEdgeID":null},{"edgeID":"1696998","fromID":"1290391","toID":"1290390","formEdgeID":null},{"edgeID":"1696999","fromID":"1290394","toID":"1290393","formEdgeID":null},{"edgeID":"1697000","fromID":"1290395","toID":"1290394","formEdgeID":null},{"edgeID":"1697001","fromID":"1290393","toID":"1290396","formEdgeID":null},{"edgeID":"1697002","fromID":"1290396","toID":"1290392","formEdgeID":null},{"edgeID":"1697003","fromID":"1290359","toID":"1290397","formEdgeID":null},{"edgeID":"1697004","fromID":"1290397","toID":"1290393","formEdgeID":null},{"edgeID":"1697005","fromID":"1290397","toID":"1290398","formEdgeID":null},{"edgeID":"1697006","fromID":"1290398","toID":"1290358","formEdgeID":null},{"edgeID":"1697007","fromID":"1290401","toID":"1290400","formEdgeID":null},{"edgeID":"1697008","fromID":"1290402","toID":"1290401","formEdgeID":null},{"edgeID":"1697009","fromID":"1290400","toID":"1290403","formEdgeID":null},{"edgeID":"1697010","fromID":"1290403","toID":"1290399","formEdgeID":null},{"edgeID":"1697011","fromID":"1290393","toID":"1290404","formEdgeID":null},{"edgeID":"1697012","fromID":"1290404","toID":"1290400","formEdgeID":null},{"edgeID":"1697013","fromID":"1290392","toID":"1290405","formEdgeID":null},{"edgeID":"1697014","fromID":"1290405","toID":"1290399","formEdgeID":null},{"edgeID":"1697015","fromID":"1290404","toID":"1290406","formEdgeID":null},{"edgeID":"1697016","fromID":"1290406","toID":"1290405","formEdgeID":null}],"locutions":[]}