{"nodes":[{"nodeID":"497915","text":"the government has been changing its narrative to fit its results","type":"I","timestamp":"2020-05-14 19:55:41"},{"nodeID":"1289151","text":"this is what Afua Hirsch means by honesty","type":"I","timestamp":"2023-11-09 12:40:20"},{"nodeID":"1289152","text":"Afua Hirsch: This is what I mean by honesty","type":"L","timestamp":"2023-11-09 12:40:20"},{"nodeID":"1289153","text":"Analysing","type":"YA","timestamp":"2023-11-09 12:40:20"},{"nodeID":"1289154","text":"Dominika: Afua Hirsch: This is what I mean by honesty","type":"L","timestamp":"2023-11-09 12:40:20"},{"nodeID":"1289155","text":"Asserting","type":"YA","timestamp":"2023-11-09 12:40:20"},{"nodeID":"1289156","text":"Afua Hirsch: The government has been changing its narrative to fit its results","type":"L","timestamp":"2023-11-09 12:40:20"},{"nodeID":"1289157","text":"Analysing","type":"YA","timestamp":"2023-11-09 12:40:20"},{"nodeID":"1289158","text":"Dominika: Afua Hirsch: The government has been changing its narrative to fit its results","type":"L","timestamp":"2023-11-09 12:40:20"},{"nodeID":"1289159","text":"Asserting","type":"YA","timestamp":"2023-11-09 12:40:20"},{"nodeID":"1289160","text":"initially we liked the comparisons","type":"I","timestamp":"2023-11-09 12:40:20"},{"nodeID":"1289161","text":"Afua Hirsch: initially we liked the comparisons","type":"L","timestamp":"2023-11-09 12:40:20"},{"nodeID":"1289162","text":"Analysing","type":"YA","timestamp":"2023-11-09 12:40:20"},{"nodeID":"1289163","text":"Dominika: Afua Hirsch: initially we liked the comparisons","type":"L","timestamp":"2023-11-09 12:40:20"},{"nodeID":"1289164","text":"Asserting","type":"YA","timestamp":"2023-11-09 12:40:20"},{"nodeID":"1289165","text":"comparisons made us look good","type":"I","timestamp":"2023-11-09 12:40:21"},{"nodeID":"1289166","text":"Afua Hirsch: they made us look good","type":"L","timestamp":"2023-11-09 12:40:21"},{"nodeID":"1289167","text":"Analysing","type":"YA","timestamp":"2023-11-09 12:40:21"},{"nodeID":"1289168","text":"Dominika: Afua Hirsch: they made us look good","type":"L","timestamp":"2023-11-09 12:40:21"},{"nodeID":"1289169","text":"Asserting","type":"YA","timestamp":"2023-11-09 12:40:21"},{"nodeID":"1289170","text":"now comparisons make us look bad","type":"I","timestamp":"2023-11-09 12:40:21"},{"nodeID":"1289171","text":"Afua Hirsch: now they make us look bad","type":"L","timestamp":"2023-11-09 12:40:21"},{"nodeID":"1289172","text":"Analysing","type":"YA","timestamp":"2023-11-09 12:40:21"},{"nodeID":"1289173","text":"Dominika: Afua Hirsch: now they make us look bad","type":"L","timestamp":"2023-11-09 12:40:21"},{"nodeID":"1289174","text":"Asserting","type":"YA","timestamp":"2023-11-09 12:40:21"},{"nodeID":"1289175","text":"now we can't trust comparisons","type":"I","timestamp":"2023-11-09 12:40:22"},{"nodeID":"1289176","text":"Afua Hirsch: we can't trust them","type":"L","timestamp":"2023-11-09 12:40:22"},{"nodeID":"1289177","text":"Analysing","type":"YA","timestamp":"2023-11-09 12:40:22"},{"nodeID":"1289178","text":"Dominika: Afua Hirsch: we can't trust them","type":"L","timestamp":"2023-11-09 12:40:22"},{"nodeID":"1289179","text":"Asserting","type":"YA","timestamp":"2023-11-09 12:40:22"},{"nodeID":"1289180","text":"Default Transition","type":"TA","timestamp":"2023-11-09 12:40:22"},{"nodeID":"1289181","text":"Default Transition","type":"TA","timestamp":"2023-11-09 12:40:22"},{"nodeID":"1289182","text":"Default Transition","type":"TA","timestamp":"2023-11-09 12:40:22"},{"nodeID":"1289183","text":"Default Transition","type":"TA","timestamp":"2023-11-09 12:40:22"},{"nodeID":"1289184","text":"Default Transition","type":"TA","timestamp":"2023-11-09 12:40:22"},{"nodeID":"1289185","text":"Default Inference","type":"RA","timestamp":"2023-11-09 12:40:22"},{"nodeID":"1289186","text":"Arguing","type":"YA","timestamp":"2023-11-09 12:40:22"},{"nodeID":"1289187","text":"Default Inference","type":"RA","timestamp":"2023-11-09 12:40:22"},{"nodeID":"1289188","text":"Arguing","type":"YA","timestamp":"2023-11-09 12:40:22"},{"nodeID":"1289189","text":"the advice on PPE was to use the one recommended by the WHO","type":"I","timestamp":"2023-11-09 12:40:23"},{"nodeID":"1289190","text":"Afua Hirsch: The advice on PPE was to use the one recommended by the WHO","type":"L","timestamp":"2023-11-09 12:40:23"},{"nodeID":"1289191","text":"Analysing","type":"YA","timestamp":"2023-11-09 12:40:23"},{"nodeID":"1289192","text":"Dominika: Afua Hirsch: The advice on PPE was to use the one recommended by the WHO","type":"L","timestamp":"2023-11-09 12:40:23"},{"nodeID":"1289193","text":"Asserting","type":"YA","timestamp":"2023-11-09 12:40:23"},{"nodeID":"1289194","text":"the advice on PPE beings to use the one recommended by the WHO was the case until it emerged that we don't have enough","type":"I","timestamp":"2023-11-09 12:40:23"},{"nodeID":"1289195","text":"Afua Hirsch: This was the case until it emerged that we don't have enough","type":"L","timestamp":"2023-11-09 12:40:23"},{"nodeID":"1289196","text":"Analysing","type":"YA","timestamp":"2023-11-09 12:40:23"},{"nodeID":"1289197","text":"Dominika: Afua Hirsch: This was the case until it emerged that we don't have enough","type":"L","timestamp":"2023-11-09 12:40:23"},{"nodeID":"1289198","text":"Asserting","type":"YA","timestamp":"2023-11-09 12:40:23"},{"nodeID":"1289199","text":"then the advice changed to fit the situation","type":"I","timestamp":"2023-11-09 12:40:24"},{"nodeID":"1289200","text":"Afua Hirsch: then the advice changed to fit the situation","type":"L","timestamp":"2023-11-09 12:40:24"},{"nodeID":"1289201","text":"Analysing","type":"YA","timestamp":"2023-11-09 12:40:24"},{"nodeID":"1289202","text":"Dominika: Afua Hirsch: then the advice changed to fit the situation","type":"L","timestamp":"2023-11-09 12:40:24"},{"nodeID":"1289203","text":"Asserting","type":"YA","timestamp":"2023-11-09 12:40:24"},{"nodeID":"1289204","text":"the definition of testing was changed when it emerged that we couldn't meet the 100,000 a day standard we were promised","type":"I","timestamp":"2023-11-09 12:40:24"},{"nodeID":"1289205","text":"Afua Hirsch: The definition of testing was changed when it emerged that we couldn't meet the 100,000 a day standard we were promised","type":"L","timestamp":"2023-11-09 12:40:24"},{"nodeID":"1289206","text":"Analysing","type":"YA","timestamp":"2023-11-09 12:40:24"},{"nodeID":"1289207","text":"Dominika: Afua Hirsch: The definition of testing was changed when it emerged that we couldn't meet the 100,000 a day standard we were promised","type":"L","timestamp":"2023-11-09 12:40:24"},{"nodeID":"1289208","text":"Asserting","type":"YA","timestamp":"2023-11-09 12:40:24"},{"nodeID":"1289209","text":"for those of us who aren't medical experts, who are just members of the public watching people we know and love die there is an unavoidable feeling that the government is not being honest with us about the scale of this crisis","type":"I","timestamp":"2023-11-09 12:40:25"},{"nodeID":"1289210","text":"Afua Hirsch: For those of us who aren't medical experts, who are just members of the public watching people we know and love die there is an unavoidable feeling that the government is not being honest with us about the scale of this crisis","type":"L","timestamp":"2023-11-09 12:40:25"},{"nodeID":"1289211","text":"Analysing","type":"YA","timestamp":"2023-11-09 12:40:25"},{"nodeID":"1289212","text":"Dominika: Afua Hirsch: For those of us who aren't medical experts, who are just members of the public watching people we know and love die there is an unavoidable feeling that the government is not being honest with us about the scale of this crisis","type":"L","timestamp":"2023-11-09 12:40:25"},{"nodeID":"1289213","text":"Asserting","type":"YA","timestamp":"2023-11-09 12:40:25"},{"nodeID":"1289214","text":"we have all done everything we can to try to mitigate this crisis","type":"I","timestamp":"2023-11-09 12:40:25"},{"nodeID":"1289215","text":"Afua Hirsch: we have all done everything we can to try to mitigate this","type":"L","timestamp":"2023-11-09 12:40:25"},{"nodeID":"1289216","text":"Analysing","type":"YA","timestamp":"2023-11-09 12:40:25"},{"nodeID":"1289217","text":"Dominika: Afua Hirsch: we have all done everything we can to try to mitigate this","type":"L","timestamp":"2023-11-09 12:40:25"},{"nodeID":"1289218","text":"Asserting","type":"YA","timestamp":"2023-11-09 12:40:25"},{"nodeID":"1289219","text":"we are trying to come together and help","type":"I","timestamp":"2023-11-09 12:40:26"},{"nodeID":"1289220","text":"Afua Hirsch: We are trying to come together and help","type":"L","timestamp":"2023-11-09 12:40:26"},{"nodeID":"1289221","text":"Analysing","type":"YA","timestamp":"2023-11-09 12:40:26"},{"nodeID":"1289222","text":"Dominika: Afua Hirsch: We are trying to come together and help","type":"L","timestamp":"2023-11-09 12:40:26"},{"nodeID":"1289223","text":"Asserting","type":"YA","timestamp":"2023-11-09 12:40:26"},{"nodeID":"1289224","text":"the government not being honest doesn't make trying to come together and help a success","type":"I","timestamp":"2023-11-09 12:40:27"},{"nodeID":"1289225","text":"Afua Hirsch: That doesn't make this a success","type":"L","timestamp":"2023-11-09 12:40:27"},{"nodeID":"1289226","text":"Analysing","type":"YA","timestamp":"2023-11-09 12:40:27"},{"nodeID":"1289227","text":"Dominika: Afua Hirsch: That doesn't make this a success","type":"L","timestamp":"2023-11-09 12:40:27"},{"nodeID":"1289228","text":"Asserting","type":"YA","timestamp":"2023-11-09 12:40:27"},{"nodeID":"1289229","text":"the government not being honest makes us people who are suffering and doing our absolute best in circumstances where we can't help with","type":"I","timestamp":"2023-11-09 12:40:27"},{"nodeID":"1289230","text":"Afua Hirsch: It makes us people who are suffering and doing our absolute best in circumstances where we can't help with","type":"L","timestamp":"2023-11-09 12:40:27"},{"nodeID":"1289231","text":"Analysing","type":"YA","timestamp":"2023-11-09 12:40:27"},{"nodeID":"1289232","text":"Dominika: Afua Hirsch: It makes us people who are suffering and doing our absolute best in circumstances where we can't help with","type":"L","timestamp":"2023-11-09 12:40:27"},{"nodeID":"1289233","text":"Asserting","type":"YA","timestamp":"2023-11-09 12:40:27"},{"nodeID":"1289234","text":"you feel the leadership has failed us","type":"I","timestamp":"2023-11-09 12:40:28"},{"nodeID":"1289235","text":"Afua Hirsch: You feel the leadership has failed this","type":"L","timestamp":"2023-11-09 12:40:28"},{"nodeID":"1289236","text":"Analysing","type":"YA","timestamp":"2023-11-09 12:40:28"},{"nodeID":"1289237","text":"Dominika: Afua Hirsch: You feel the leadership has failed this","type":"L","timestamp":"2023-11-09 12:40:28"},{"nodeID":"1289238","text":"Asserting","type":"YA","timestamp":"2023-11-09 12:40:28"},{"nodeID":"1289239","text":"we deserve an honest acknowledgment of the leadership failing us","type":"I","timestamp":"2023-11-09 12:40:28"},{"nodeID":"1289240","text":"Afua Hirsch: We deserve an honest acknowledgment of that","type":"L","timestamp":"2023-11-09 12:40:28"},{"nodeID":"1289241","text":"Analysing","type":"YA","timestamp":"2023-11-09 12:40:28"},{"nodeID":"1289242","text":"Dominika: Afua Hirsch: We deserve an honest acknowledgment of that","type":"L","timestamp":"2023-11-09 12:40:28"},{"nodeID":"1289243","text":"Asserting","type":"YA","timestamp":"2023-11-09 12:40:28"},{"nodeID":"1289244","text":"Default Inference","type":"RA","timestamp":"2023-11-09 12:40:28"},{"nodeID":"1289245","text":"Arguing","type":"YA","timestamp":"2023-11-09 12:40:28"},{"nodeID":"1289246","text":"Default Transition","type":"TA","timestamp":"2023-11-09 12:40:28"},{"nodeID":"1289247","text":"Default Transition","type":"TA","timestamp":"2023-11-09 12:40:28"},{"nodeID":"1289248","text":"Default Transition","type":"TA","timestamp":"2023-11-09 12:40:28"},{"nodeID":"1289249","text":"Default Transition","type":"TA","timestamp":"2023-11-09 12:40:28"},{"nodeID":"1289250","text":"Default Inference","type":"RA","timestamp":"2023-11-09 12:40:28"},{"nodeID":"1289251","text":"Default Transition","type":"TA","timestamp":"2023-11-09 12:40:28"},{"nodeID":"1289252","text":"Arguing","type":"YA","timestamp":"2023-11-09 12:40:28"},{"nodeID":"1289253","text":"Default Inference","type":"RA","timestamp":"2023-11-09 12:40:28"},{"nodeID":"1289254","text":"Default Transition","type":"TA","timestamp":"2023-11-09 12:40:28"},{"nodeID":"1289255","text":"Arguing","type":"YA","timestamp":"2023-11-09 12:40:28"},{"nodeID":"1289256","text":"Default Transition","type":"TA","timestamp":"2023-11-09 12:40:28"},{"nodeID":"1289257","text":"Default Transition","type":"TA","timestamp":"2023-11-09 12:40:28"},{"nodeID":"1289258","text":"Default Transition","type":"TA","timestamp":"2023-11-09 12:40:28"},{"nodeID":"1289259","text":"Default Transition","type":"TA","timestamp":"2023-11-09 12:40:28"},{"nodeID":"1289260","text":"Default Rephrase","type":"MA","timestamp":"2023-11-09 12:40:28"},{"nodeID":"1289261","text":"Restating","type":"YA","timestamp":"2023-11-09 12:40:28"},{"nodeID":"1289262","text":"Default Transition","type":"TA","timestamp":"2023-11-09 12:40:28"},{"nodeID":"1289263","text":"Default Rephrase","type":"MA","timestamp":"2023-11-09 12:40:28"},{"nodeID":"1289264","text":"Restating","type":"YA","timestamp":"2023-11-09 12:40:28"},{"nodeID":"1289265","text":"Default Transition","type":"TA","timestamp":"2023-11-09 12:40:28"},{"nodeID":"1289266","text":"Default Transition","type":"TA","timestamp":"2023-11-09 12:40:28"},{"nodeID":"1289267","text":"Default Inference","type":"RA","timestamp":"2023-11-09 12:40:28"},{"nodeID":"1289268","text":"Arguing","type":"YA","timestamp":"2023-11-09 12:40:28"}],"edges":[{"edgeID":"1695538","fromID":"1289153","toID":"1289152","formEdgeID":null},{"edgeID":"1695539","fromID":"1289154","toID":"1289153","formEdgeID":null},{"edgeID":"1695540","fromID":"1289152","toID":"1289155","formEdgeID":null},{"edgeID":"1695541","fromID":"1289155","toID":"1289151","formEdgeID":null},{"edgeID":"1695542","fromID":"1289157","toID":"1289156","formEdgeID":null},{"edgeID":"1695543","fromID":"1289158","toID":"1289157","formEdgeID":null},{"edgeID":"1695544","fromID":"1289156","toID":"1289159","formEdgeID":null},{"edgeID":"1695545","fromID":"1289159","toID":"497915","formEdgeID":null},{"edgeID":"1695546","fromID":"1289162","toID":"1289161","formEdgeID":null},{"edgeID":"1695547","fromID":"1289163","toID":"1289162","formEdgeID":null},{"edgeID":"1695548","fromID":"1289161","toID":"1289164","formEdgeID":null},{"edgeID":"1695549","fromID":"1289164","toID":"1289160","formEdgeID":null},{"edgeID":"1695550","fromID":"1289167","toID":"1289166","formEdgeID":null},{"edgeID":"1695551","fromID":"1289168","toID":"1289167","formEdgeID":null},{"edgeID":"1695552","fromID":"1289166","toID":"1289169","formEdgeID":null},{"edgeID":"1695553","fromID":"1289169","toID":"1289165","formEdgeID":null},{"edgeID":"1695554","fromID":"1289172","toID":"1289171","formEdgeID":null},{"edgeID":"1695555","fromID":"1289173","toID":"1289172","formEdgeID":null},{"edgeID":"1695556","fromID":"1289171","toID":"1289174","formEdgeID":null},{"edgeID":"1695557","fromID":"1289174","toID":"1289170","formEdgeID":null},{"edgeID":"1695558","fromID":"1289177","toID":"1289176","formEdgeID":null},{"edgeID":"1695559","fromID":"1289178","toID":"1289177","formEdgeID":null},{"edgeID":"1695560","fromID":"1289176","toID":"1289179","formEdgeID":null},{"edgeID":"1695561","fromID":"1289179","toID":"1289175","formEdgeID":null},{"edgeID":"1695562","fromID":"1289152","toID":"1289180","formEdgeID":null},{"edgeID":"1695563","fromID":"1289180","toID":"1289156","formEdgeID":null},{"edgeID":"1695564","fromID":"1289156","toID":"1289181","formEdgeID":null},{"edgeID":"1695565","fromID":"1289181","toID":"1289161","formEdgeID":null},{"edgeID":"1695566","fromID":"1289161","toID":"1289182","formEdgeID":null},{"edgeID":"1695567","fromID":"1289182","toID":"1289166","formEdgeID":null},{"edgeID":"1695568","fromID":"1289166","toID":"1289183","formEdgeID":null},{"edgeID":"1695569","fromID":"1289183","toID":"1289171","formEdgeID":null},{"edgeID":"1695570","fromID":"1289171","toID":"1289184","formEdgeID":null},{"edgeID":"1695571","fromID":"1289184","toID":"1289176","formEdgeID":null},{"edgeID":"1695572","fromID":"1289165","toID":"1289185","formEdgeID":null},{"edgeID":"1695573","fromID":"1289185","toID":"1289160","formEdgeID":null},{"edgeID":"1695574","fromID":"1289182","toID":"1289186","formEdgeID":null},{"edgeID":"1695575","fromID":"1289186","toID":"1289185","formEdgeID":null},{"edgeID":"1695576","fromID":"1289170","toID":"1289187","formEdgeID":null},{"edgeID":"1695577","fromID":"1289187","toID":"1289175","formEdgeID":null},{"edgeID":"1695578","fromID":"1289184","toID":"1289188","formEdgeID":null},{"edgeID":"1695579","fromID":"1289188","toID":"1289187","formEdgeID":null},{"edgeID":"1695580","fromID":"1289191","toID":"1289190","formEdgeID":null},{"edgeID":"1695581","fromID":"1289192","toID":"1289191","formEdgeID":null},{"edgeID":"1695582","fromID":"1289190","toID":"1289193","formEdgeID":null},{"edgeID":"1695583","fromID":"1289193","toID":"1289189","formEdgeID":null},{"edgeID":"1695584","fromID":"1289196","toID":"1289195","formEdgeID":null},{"edgeID":"1695585","fromID":"1289197","toID":"1289196","formEdgeID":null},{"edgeID":"1695586","fromID":"1289195","toID":"1289198","formEdgeID":null},{"edgeID":"1695587","fromID":"1289198","toID":"1289194","formEdgeID":null},{"edgeID":"1695588","fromID":"1289201","toID":"1289200","formEdgeID":null},{"edgeID":"1695589","fromID":"1289202","toID":"1289201","formEdgeID":null},{"edgeID":"1695590","fromID":"1289200","toID":"1289203","formEdgeID":null},{"edgeID":"1695591","fromID":"1289203","toID":"1289199","formEdgeID":null},{"edgeID":"1695592","fromID":"1289206","toID":"1289205","formEdgeID":null},{"edgeID":"1695593","fromID":"1289207","toID":"1289206","formEdgeID":null},{"edgeID":"1695594","fromID":"1289205","toID":"1289208","formEdgeID":null},{"edgeID":"1695595","fromID":"1289208","toID":"1289204","formEdgeID":null},{"edgeID":"1695596","fromID":"1289211","toID":"1289210","formEdgeID":null},{"edgeID":"1695597","fromID":"1289212","toID":"1289211","formEdgeID":null},{"edgeID":"1695598","fromID":"1289210","toID":"1289213","formEdgeID":null},{"edgeID":"1695599","fromID":"1289213","toID":"1289209","formEdgeID":null},{"edgeID":"1695600","fromID":"1289216","toID":"1289215","formEdgeID":null},{"edgeID":"1695601","fromID":"1289217","toID":"1289216","formEdgeID":null},{"edgeID":"1695602","fromID":"1289215","toID":"1289218","formEdgeID":null},{"edgeID":"1695603","fromID":"1289218","toID":"1289214","formEdgeID":null},{"edgeID":"1695604","fromID":"1289221","toID":"1289220","formEdgeID":null},{"edgeID":"1695605","fromID":"1289222","toID":"1289221","formEdgeID":null},{"edgeID":"1695606","fromID":"1289220","toID":"1289223","formEdgeID":null},{"edgeID":"1695607","fromID":"1289223","toID":"1289219","formEdgeID":null},{"edgeID":"1695608","fromID":"1289226","toID":"1289225","formEdgeID":null},{"edgeID":"1695609","fromID":"1289227","toID":"1289226","formEdgeID":null},{"edgeID":"1695610","fromID":"1289225","toID":"1289228","formEdgeID":null},{"edgeID":"1695611","fromID":"1289228","toID":"1289224","formEdgeID":null},{"edgeID":"1695612","fromID":"1289231","toID":"1289230","formEdgeID":null},{"edgeID":"1695613","fromID":"1289232","toID":"1289231","formEdgeID":null},{"edgeID":"1695614","fromID":"1289230","toID":"1289233","formEdgeID":null},{"edgeID":"1695615","fromID":"1289233","toID":"1289229","formEdgeID":null},{"edgeID":"1695616","fromID":"1289236","toID":"1289235","formEdgeID":null},{"edgeID":"1695617","fromID":"1289237","toID":"1289236","formEdgeID":null},{"edgeID":"1695618","fromID":"1289235","toID":"1289238","formEdgeID":null},{"edgeID":"1695619","fromID":"1289238","toID":"1289234","formEdgeID":null},{"edgeID":"1695620","fromID":"1289241","toID":"1289240","formEdgeID":null},{"edgeID":"1695621","fromID":"1289242","toID":"1289241","formEdgeID":null},{"edgeID":"1695622","fromID":"1289240","toID":"1289243","formEdgeID":null},{"edgeID":"1695623","fromID":"1289243","toID":"1289239","formEdgeID":null},{"edgeID":"1695624","fromID":"1289175","toID":"1289244","formEdgeID":null},{"edgeID":"1695625","fromID":"1289244","toID":"497915","formEdgeID":null},{"edgeID":"1695626","fromID":"1289160","toID":"1289244","formEdgeID":null},{"edgeID":"1695627","fromID":"1289181","toID":"1289245","formEdgeID":null},{"edgeID":"1695628","fromID":"1289245","toID":"1289244","formEdgeID":null},{"edgeID":"1695629","fromID":"1289176","toID":"1289246","formEdgeID":null},{"edgeID":"1695630","fromID":"1289246","toID":"1289190","formEdgeID":null},{"edgeID":"1695631","fromID":"1289190","toID":"1289247","formEdgeID":null},{"edgeID":"1695632","fromID":"1289247","toID":"1289195","formEdgeID":null},{"edgeID":"1695633","fromID":"1289195","toID":"1289248","formEdgeID":null},{"edgeID":"1695634","fromID":"1289248","toID":"1289200","formEdgeID":null},{"edgeID":"1695635","fromID":"1289200","toID":"1289249","formEdgeID":null},{"edgeID":"1695636","fromID":"1289249","toID":"1289205","formEdgeID":null},{"edgeID":"1695637","fromID":"1289204","toID":"1289250","formEdgeID":null},{"edgeID":"1695638","fromID":"1289250","toID":"497915","formEdgeID":null},{"edgeID":"1695639","fromID":"1289156","toID":"1289251","formEdgeID":null},{"edgeID":"1695640","fromID":"1289251","toID":"1289205","formEdgeID":null},{"edgeID":"1695641","fromID":"1289251","toID":"1289252","formEdgeID":null},{"edgeID":"1695642","fromID":"1289252","toID":"1289250","formEdgeID":null},{"edgeID":"1695643","fromID":"1289199","toID":"1289253","formEdgeID":null},{"edgeID":"1695644","fromID":"1289253","toID":"497915","formEdgeID":null},{"edgeID":"1695645","fromID":"1289194","toID":"1289253","formEdgeID":null},{"edgeID":"1695646","fromID":"1289189","toID":"1289253","formEdgeID":null},{"edgeID":"1695647","fromID":"1289156","toID":"1289254","formEdgeID":null},{"edgeID":"1695648","fromID":"1289254","toID":"1289200","formEdgeID":null},{"edgeID":"1695649","fromID":"1289254","toID":"1289255","formEdgeID":null},{"edgeID":"1695650","fromID":"1289255","toID":"1289253","formEdgeID":null},{"edgeID":"1695651","fromID":"1289205","toID":"1289256","formEdgeID":null},{"edgeID":"1695652","fromID":"1289256","toID":"1289210","formEdgeID":null},{"edgeID":"1695653","fromID":"1289210","toID":"1289257","formEdgeID":null},{"edgeID":"1695654","fromID":"1289257","toID":"1289215","formEdgeID":null},{"edgeID":"1695655","fromID":"1289215","toID":"1289258","formEdgeID":null},{"edgeID":"1695656","fromID":"1289258","toID":"1289220","formEdgeID":null},{"edgeID":"1695657","fromID":"1289220","toID":"1289259","formEdgeID":null},{"edgeID":"1695658","fromID":"1289259","toID":"1289225","formEdgeID":null},{"edgeID":"1695659","fromID":"1289219","toID":"1289260","formEdgeID":null},{"edgeID":"1695660","fromID":"1289260","toID":"1289214","formEdgeID":null},{"edgeID":"1695661","fromID":"1289258","toID":"1289261","formEdgeID":null},{"edgeID":"1695662","fromID":"1289261","toID":"1289260","formEdgeID":null},{"edgeID":"1695663","fromID":"1289225","toID":"1289262","formEdgeID":null},{"edgeID":"1695664","fromID":"1289262","toID":"1289230","formEdgeID":null},{"edgeID":"1695665","fromID":"1289229","toID":"1289263","formEdgeID":null},{"edgeID":"1695666","fromID":"1289263","toID":"1289224","formEdgeID":null},{"edgeID":"1695667","fromID":"1289262","toID":"1289264","formEdgeID":null},{"edgeID":"1695668","fromID":"1289264","toID":"1289263","formEdgeID":null},{"edgeID":"1695669","fromID":"1289230","toID":"1289265","formEdgeID":null},{"edgeID":"1695670","fromID":"1289265","toID":"1289235","formEdgeID":null},{"edgeID":"1695671","fromID":"1289235","toID":"1289266","formEdgeID":null},{"edgeID":"1695672","fromID":"1289266","toID":"1289240","formEdgeID":null},{"edgeID":"1695673","fromID":"1289239","toID":"1289267","formEdgeID":null},{"edgeID":"1695674","fromID":"1289267","toID":"1289234","formEdgeID":null},{"edgeID":"1695675","fromID":"1289266","toID":"1289268","formEdgeID":null},{"edgeID":"1695676","fromID":"1289268","toID":"1289267","formEdgeID":null}],"locutions":[]}