{"nodes":[{"nodeID":"501586","text":"In the retail sector a small convenience store will have a different approach to a large supermarket","type":"I","timestamp":"2020-05-14 21:23:51"},{"nodeID":"501590","text":"A large supermarket might restrict customers going in at the entrance","type":"I","timestamp":"2020-05-14 21:23:51"},{"nodeID":"501607","text":"You need to have flexibility for employers to do what works in their environment","type":"I","timestamp":"2020-05-14 21:23:54"},{"nodeID":"501639","text":"there will always be employers who are not responsible and willing to put their workers at risk","type":"I","timestamp":"2020-05-14 21:23:58"},{"nodeID":"1292484","text":"xxx are the proposals the government is proposing to ensure people are safe at work","type":"I","timestamp":"2023-11-09 12:45:02"},{"nodeID":"1292485","text":"Fiona Bruce: can you outline what proposals the government is proposing to ensure people are safe at work","type":"L","timestamp":"2023-11-09 12:45:02"},{"nodeID":"1292486","text":"Analysing","type":"YA","timestamp":"2023-11-09 12:45:02"},{"nodeID":"1292487","text":"Calum: Fiona Bruce: can you outline what proposals the government is proposing to ensure people are safe at work","type":"L","timestamp":"2023-11-09 12:45:02"},{"nodeID":"1292488","text":"Pure Questioning","type":"YA","timestamp":"2023-11-09 12:45:02"},{"nodeID":"1292489","text":"the government is going to make proposals to ensure people are safe at work legally binding as some are suggesting they should or the proposals are going to be suggestions that they expect companies to go along with","type":"I","timestamp":"2023-11-09 12:45:02"},{"nodeID":"1292490","text":"Fiona Bruce: Are you going to make this legally binding as some are suggesting you should or they are going to be suggestions that you expect companies to go along with","type":"L","timestamp":"2023-11-09 12:45:02"},{"nodeID":"1292491","text":"Analysing","type":"YA","timestamp":"2023-11-09 12:45:02"},{"nodeID":"1292492","text":"Calum: Fiona Bruce: Are you going to make this legally binding as some are suggesting you should or they are going to be suggestions that you expect companies to go along with","type":"L","timestamp":"2023-11-09 12:45:02"},{"nodeID":"1292493","text":"Pure Questioning","type":"YA","timestamp":"2023-11-09 12:45:02"},{"nodeID":"1292494","text":"Default Transition","type":"TA","timestamp":"2023-11-09 12:45:02"},{"nodeID":"1292495","text":"the difficulty of being too prescriptive is that different companies will have different approaches","type":"I","timestamp":"2023-11-09 12:45:03"},{"nodeID":"1292496","text":"George Eustice: The difficulty being too prescriptive is that different companies will have different approaches","type":"L","timestamp":"2023-11-09 12:45:03"},{"nodeID":"1292497","text":"Analysing","type":"YA","timestamp":"2023-11-09 12:45:03"},{"nodeID":"1292498","text":"Calum: George Eustice: The difficulty being too prescriptive is that different companies will have different approaches","type":"L","timestamp":"2023-11-09 12:45:03"},{"nodeID":"1292499","text":"Asserting","type":"YA","timestamp":"2023-11-09 12:45:03"},{"nodeID":"1292500","text":"Default Transition","type":"TA","timestamp":"2023-11-09 12:45:03"},{"nodeID":"1292501","text":"Default Rephrase","type":"MA","timestamp":"2023-11-09 12:45:03"},{"nodeID":"1292502","text":"Default Illocuting","type":"YA","timestamp":"2023-11-09 12:45:03"},{"nodeID":"1292503","text":"George Eustice: In the retail sector a small convenience store will have a different approach to a large supermarket","type":"L","timestamp":"2023-11-09 12:45:03"},{"nodeID":"1292504","text":"Analysing","type":"YA","timestamp":"2023-11-09 12:45:03"},{"nodeID":"1292505","text":"Calum: George Eustice: In the retail sector a small convenience store will have a different approach to a large supermarket","type":"L","timestamp":"2023-11-09 12:45:03"},{"nodeID":"1292506","text":"Asserting","type":"YA","timestamp":"2023-11-09 12:45:03"},{"nodeID":"1292507","text":"Default Transition","type":"TA","timestamp":"2023-11-09 12:45:03"},{"nodeID":"1292508","text":"Default Rephrase","type":"MA","timestamp":"2023-11-09 12:45:03"},{"nodeID":"1292509","text":"Restating","type":"YA","timestamp":"2023-11-09 12:45:03"},{"nodeID":"1292510","text":"George Eustice: A large supermarket might restrict customers going in at the entrance","type":"L","timestamp":"2023-11-09 12:45:03"},{"nodeID":"1292511","text":"Analysing","type":"YA","timestamp":"2023-11-09 12:45:03"},{"nodeID":"1292512","text":"Calum: George Eustice: A large supermarket might restrict customers going in at the entrance","type":"L","timestamp":"2023-11-09 12:45:03"},{"nodeID":"1292513","text":"Asserting","type":"YA","timestamp":"2023-11-09 12:45:03"},{"nodeID":"1292514","text":"a small corner shop had taken a different approach","type":"I","timestamp":"2023-11-09 12:45:03"},{"nodeID":"1292515","text":"George Eustice: A small corner shop had taken a different approach","type":"L","timestamp":"2023-11-09 12:45:03"},{"nodeID":"1292516","text":"Analysing","type":"YA","timestamp":"2023-11-09 12:45:03"},{"nodeID":"1292517","text":"Calum: George Eustice: A small corner shop had taken a different approach","type":"L","timestamp":"2023-11-09 12:45:03"},{"nodeID":"1292518","text":"Asserting","type":"YA","timestamp":"2023-11-09 12:45:03"},{"nodeID":"1292519","text":"George Eustice: You need to have flexibility for employers to do what works in their environment","type":"L","timestamp":"2023-11-09 12:45:03"},{"nodeID":"1292520","text":"Analysing","type":"YA","timestamp":"2023-11-09 12:45:03"},{"nodeID":"1292521","text":"Calum: George Eustice: You need to have flexibility for employers to do what works in their environment","type":"L","timestamp":"2023-11-09 12:45:03"},{"nodeID":"1292522","text":"Asserting","type":"YA","timestamp":"2023-11-09 12:45:03"},{"nodeID":"1292523","text":"Default Transition","type":"TA","timestamp":"2023-11-09 12:45:03"},{"nodeID":"1292524","text":"Default Rephrase","type":"MA","timestamp":"2023-11-09 12:45:03"},{"nodeID":"1292525","text":"Restating","type":"YA","timestamp":"2023-11-09 12:45:03"},{"nodeID":"1292526","text":"in the office environment where Unknown Speaker cited hot desking, the reality is there will be a strong argument for businesses that are office based to encourage people to work from home as far as possible so you don't have high density of people in those offices sharing equipment","type":"I","timestamp":"2023-11-09 12:45:04"},{"nodeID":"1292527","text":"George Eustice: In the office environment where he cited hot desking, the reality is there will be a strong argument for businesses that are office based to encourage people to work from home as far as possible so you don't have high density of people in those offices sharing equipment","type":"L","timestamp":"2023-11-09 12:45:04"},{"nodeID":"1292528","text":"Analysing","type":"YA","timestamp":"2023-11-09 12:45:04"},{"nodeID":"1292529","text":"Calum: George Eustice: In the office environment where he cited hot desking, the reality is there will be a strong argument for businesses that are office based to encourage people to work from home as far as possible so you don't have high density of people in those offices sharing equipment","type":"L","timestamp":"2023-11-09 12:45:04"},{"nodeID":"1292530","text":"Asserting","type":"YA","timestamp":"2023-11-09 12:45:04"},{"nodeID":"1292531","text":"Default Transition","type":"TA","timestamp":"2023-11-09 12:45:04"},{"nodeID":"1292532","text":"Default Rephrase","type":"MA","timestamp":"2023-11-09 12:45:04"},{"nodeID":"1292533","text":"Restating","type":"YA","timestamp":"2023-11-09 12:45:04"},{"nodeID":"1292534","text":"there will be lots of responsible employers who are doing the kinds of things George Eustice is doing","type":"I","timestamp":"2023-11-09 12:45:05"},{"nodeID":"1292535","text":"Afua Hirsch: There will be lots of responsible employers who are doing the kinds of things you are doing","type":"L","timestamp":"2023-11-09 12:45:05"},{"nodeID":"1292536","text":"Analysing","type":"YA","timestamp":"2023-11-09 12:45:05"},{"nodeID":"1292537","text":"Calum: Afua Hirsch: There will be lots of responsible employers, there already are who are doing the kinds of things you are doing","type":"L","timestamp":"2023-11-09 12:45:05"},{"nodeID":"1292538","text":"Asserting","type":"YA","timestamp":"2023-11-09 12:45:05"},{"nodeID":"1292539","text":"there will be employers taking the right steps and investing and caring about protecting their workforce","type":"I","timestamp":"2023-11-09 12:45:05"},{"nodeID":"1292540","text":"Afua Hirsch: taking the right steps and investing and caring about protecting their workforce","type":"L","timestamp":"2023-11-09 12:45:05"},{"nodeID":"1292541","text":"Analysing","type":"YA","timestamp":"2023-11-09 12:45:05"},{"nodeID":"1292542","text":"Calum: Afua Hirsch: taking the right steps and investing and caring about protecting their workforce","type":"L","timestamp":"2023-11-09 12:45:05"},{"nodeID":"1292543","text":"Asserting","type":"YA","timestamp":"2023-11-09 12:45:05"},{"nodeID":"1292544","text":"Afua Hirsch: there will always be employers who are not responsible and willing to put their workers at risk","type":"L","timestamp":"2023-11-09 12:45:05"},{"nodeID":"1292545","text":"Analysing","type":"YA","timestamp":"2023-11-09 12:45:05"},{"nodeID":"1292546","text":"Calum: Afua Hirsch: there will always be employers who are not responsible and willing to put their workers at risk","type":"L","timestamp":"2023-11-09 12:45:05"},{"nodeID":"1292547","text":"Asserting","type":"YA","timestamp":"2023-11-09 12:45:05"},{"nodeID":"1292548","text":"we need a bit of reality","type":"I","timestamp":"2023-11-09 12:45:06"},{"nodeID":"1292549","text":"Afua Hirsch: we need a bit of reality","type":"L","timestamp":"2023-11-09 12:45:06"},{"nodeID":"1292550","text":"Analysing","type":"YA","timestamp":"2023-11-09 12:45:06"},{"nodeID":"1292551","text":"Calum: Afua Hirsch: we need a bit of reality","type":"L","timestamp":"2023-11-09 12:45:06"},{"nodeID":"1292552","text":"Asserting","type":"YA","timestamp":"2023-11-09 12:45:06"},{"nodeID":"1292553","text":"Default Transition","type":"TA","timestamp":"2023-11-09 12:45:06"},{"nodeID":"1292554","text":"Default Conflict","type":"CA","timestamp":"2023-11-09 12:45:06"},{"nodeID":"1292555","text":"Disagreeing","type":"YA","timestamp":"2023-11-09 12:45:06"},{"nodeID":"1292556","text":"Default Transition","type":"TA","timestamp":"2023-11-09 12:45:06"},{"nodeID":"1292557","text":"Default Rephrase","type":"MA","timestamp":"2023-11-09 12:45:06"},{"nodeID":"1292558","text":"Restating","type":"YA","timestamp":"2023-11-09 12:45:06"},{"nodeID":"1292559","text":"Default Transition","type":"TA","timestamp":"2023-11-09 12:45:06"},{"nodeID":"1292560","text":"Default Transition","type":"TA","timestamp":"2023-11-09 12:45:06"},{"nodeID":"1292561","text":"Default Transition","type":"TA","timestamp":"2023-11-09 12:45:06"},{"nodeID":"1292562","text":"Default Inference","type":"RA","timestamp":"2023-11-09 12:45:06"},{"nodeID":"1292563","text":"Arguing","type":"YA","timestamp":"2023-11-09 12:45:06"},{"nodeID":"1292564","text":"Default Conflict","type":"CA","timestamp":"2023-11-09 12:45:06"},{"nodeID":"1292565","text":"Default Transition","type":"TA","timestamp":"2023-11-09 12:45:06"},{"nodeID":"1292566","text":"Disagreeing","type":"YA","timestamp":"2023-11-09 12:45:06"},{"nodeID":"1292567","text":"Default Inference","type":"RA","timestamp":"2023-11-09 12:45:06"},{"nodeID":"1292568","text":"Default Transition","type":"TA","timestamp":"2023-11-09 12:45:06"},{"nodeID":"1292569","text":"Arguing","type":"YA","timestamp":"2023-11-09 12:45:06"}],"edges":[{"edgeID":"1699478","fromID":"1292486","toID":"1292485","formEdgeID":null},{"edgeID":"1699479","fromID":"1292487","toID":"1292486","formEdgeID":null},{"edgeID":"1699480","fromID":"1292485","toID":"1292488","formEdgeID":null},{"edgeID":"1699481","fromID":"1292488","toID":"1292484","formEdgeID":null},{"edgeID":"1699482","fromID":"1292491","toID":"1292490","formEdgeID":null},{"edgeID":"1699483","fromID":"1292492","toID":"1292491","formEdgeID":null},{"edgeID":"1699484","fromID":"1292490","toID":"1292493","formEdgeID":null},{"edgeID":"1699485","fromID":"1292493","toID":"1292489","formEdgeID":null},{"edgeID":"1699486","fromID":"1292485","toID":"1292494","formEdgeID":null},{"edgeID":"1699487","fromID":"1292494","toID":"1292490","formEdgeID":null},{"edgeID":"1699488","fromID":"1292497","toID":"1292496","formEdgeID":null},{"edgeID":"1699489","fromID":"1292498","toID":"1292497","formEdgeID":null},{"edgeID":"1699490","fromID":"1292496","toID":"1292499","formEdgeID":null},{"edgeID":"1699491","fromID":"1292499","toID":"1292495","formEdgeID":null},{"edgeID":"1699492","fromID":"1292490","toID":"1292500","formEdgeID":null},{"edgeID":"1699493","fromID":"1292500","toID":"1292496","formEdgeID":null},{"edgeID":"1699494","fromID":"1292495","toID":"1292501","formEdgeID":null},{"edgeID":"1699495","fromID":"1292501","toID":"1292489","formEdgeID":null},{"edgeID":"1699496","fromID":"1292500","toID":"1292502","formEdgeID":null},{"edgeID":"1699497","fromID":"1292502","toID":"1292501","formEdgeID":null},{"edgeID":"1699498","fromID":"1292504","toID":"1292503","formEdgeID":null},{"edgeID":"1699499","fromID":"1292505","toID":"1292504","formEdgeID":null},{"edgeID":"1699500","fromID":"1292503","toID":"1292506","formEdgeID":null},{"edgeID":"1699501","fromID":"1292506","toID":"501586","formEdgeID":null},{"edgeID":"1699502","fromID":"1292496","toID":"1292507","formEdgeID":null},{"edgeID":"1699503","fromID":"1292507","toID":"1292503","formEdgeID":null},{"edgeID":"1699504","fromID":"501586","toID":"1292508","formEdgeID":null},{"edgeID":"1699505","fromID":"1292508","toID":"1292495","formEdgeID":null},{"edgeID":"1699506","fromID":"1292507","toID":"1292509","formEdgeID":null},{"edgeID":"1699507","fromID":"1292509","toID":"1292508","formEdgeID":null},{"edgeID":"1699508","fromID":"1292511","toID":"1292510","formEdgeID":null},{"edgeID":"1699509","fromID":"1292512","toID":"1292511","formEdgeID":null},{"edgeID":"1699510","fromID":"1292510","toID":"1292513","formEdgeID":null},{"edgeID":"1699511","fromID":"1292513","toID":"501590","formEdgeID":null},{"edgeID":"1699512","fromID":"1292516","toID":"1292515","formEdgeID":null},{"edgeID":"1699513","fromID":"1292517","toID":"1292516","formEdgeID":null},{"edgeID":"1699514","fromID":"1292515","toID":"1292518","formEdgeID":null},{"edgeID":"1699515","fromID":"1292518","toID":"1292514","formEdgeID":null},{"edgeID":"1699516","fromID":"1292520","toID":"1292519","formEdgeID":null},{"edgeID":"1699517","fromID":"1292521","toID":"1292520","formEdgeID":null},{"edgeID":"1699518","fromID":"1292519","toID":"1292522","formEdgeID":null},{"edgeID":"1699519","fromID":"1292522","toID":"501607","formEdgeID":null},{"edgeID":"1699520","fromID":"1292496","toID":"1292523","formEdgeID":null},{"edgeID":"1699521","fromID":"1292523","toID":"1292519","formEdgeID":null},{"edgeID":"1699522","fromID":"501607","toID":"1292524","formEdgeID":null},{"edgeID":"1699523","fromID":"1292524","toID":"1292495","formEdgeID":null},{"edgeID":"1699524","fromID":"1292523","toID":"1292525","formEdgeID":null},{"edgeID":"1699525","fromID":"1292525","toID":"1292524","formEdgeID":null},{"edgeID":"1699526","fromID":"1292528","toID":"1292527","formEdgeID":null},{"edgeID":"1699527","fromID":"1292529","toID":"1292528","formEdgeID":null},{"edgeID":"1699528","fromID":"1292527","toID":"1292530","formEdgeID":null},{"edgeID":"1699529","fromID":"1292530","toID":"1292526","formEdgeID":null},{"edgeID":"1699530","fromID":"1292519","toID":"1292531","formEdgeID":null},{"edgeID":"1699531","fromID":"1292531","toID":"1292527","formEdgeID":null},{"edgeID":"1699532","fromID":"1292526","toID":"1292532","formEdgeID":null},{"edgeID":"1699533","fromID":"1292532","toID":"501607","formEdgeID":null},{"edgeID":"1699534","fromID":"1292531","toID":"1292533","formEdgeID":null},{"edgeID":"1699535","fromID":"1292533","toID":"1292532","formEdgeID":null},{"edgeID":"1699536","fromID":"1292536","toID":"1292535","formEdgeID":null},{"edgeID":"1699537","fromID":"1292537","toID":"1292536","formEdgeID":null},{"edgeID":"1699538","fromID":"1292535","toID":"1292538","formEdgeID":null},{"edgeID":"1699539","fromID":"1292538","toID":"1292534","formEdgeID":null},{"edgeID":"1699540","fromID":"1292541","toID":"1292540","formEdgeID":null},{"edgeID":"1699541","fromID":"1292542","toID":"1292541","formEdgeID":null},{"edgeID":"1699542","fromID":"1292540","toID":"1292543","formEdgeID":null},{"edgeID":"1699543","fromID":"1292543","toID":"1292539","formEdgeID":null},{"edgeID":"1699544","fromID":"1292545","toID":"1292544","formEdgeID":null},{"edgeID":"1699545","fromID":"1292546","toID":"1292545","formEdgeID":null},{"edgeID":"1699546","fromID":"1292544","toID":"1292547","formEdgeID":null},{"edgeID":"1699547","fromID":"1292547","toID":"501639","formEdgeID":null},{"edgeID":"1699548","fromID":"1292550","toID":"1292549","formEdgeID":null},{"edgeID":"1699549","fromID":"1292551","toID":"1292550","formEdgeID":null},{"edgeID":"1699550","fromID":"1292549","toID":"1292552","formEdgeID":null},{"edgeID":"1699551","fromID":"1292552","toID":"1292548","formEdgeID":null},{"edgeID":"1699552","fromID":"1292519","toID":"1292553","formEdgeID":null},{"edgeID":"1699553","fromID":"1292553","toID":"1292549","formEdgeID":null},{"edgeID":"1699554","fromID":"1292548","toID":"1292554","formEdgeID":null},{"edgeID":"1699555","fromID":"1292554","toID":"501607","formEdgeID":null},{"edgeID":"1699556","fromID":"1292553","toID":"1292555","formEdgeID":null},{"edgeID":"1699557","fromID":"1292555","toID":"1292554","formEdgeID":null},{"edgeID":"1699558","fromID":"1292535","toID":"1292556","formEdgeID":null},{"edgeID":"1699559","fromID":"1292556","toID":"1292540","formEdgeID":null},{"edgeID":"1699560","fromID":"1292539","toID":"1292557","formEdgeID":null},{"edgeID":"1699561","fromID":"1292557","toID":"1292534","formEdgeID":null},{"edgeID":"1699562","fromID":"1292556","toID":"1292558","formEdgeID":null},{"edgeID":"1699563","fromID":"1292558","toID":"1292557","formEdgeID":null},{"edgeID":"1699564","fromID":"1292549","toID":"1292559","formEdgeID":null},{"edgeID":"1699565","fromID":"1292559","toID":"1292535","formEdgeID":null},{"edgeID":"1699566","fromID":"1292503","toID":"1292560","formEdgeID":null},{"edgeID":"1699567","fromID":"1292560","toID":"1292510","formEdgeID":null},{"edgeID":"1699568","fromID":"1292503","toID":"1292561","formEdgeID":null},{"edgeID":"1699569","fromID":"1292561","toID":"1292515","formEdgeID":null},{"edgeID":"1699570","fromID":"501590","toID":"1292562","formEdgeID":null},{"edgeID":"1699571","fromID":"1292562","toID":"501586","formEdgeID":null},{"edgeID":"1699572","fromID":"1292514","toID":"1292562","formEdgeID":null},{"edgeID":"1699573","fromID":"1292561","toID":"1292563","formEdgeID":null},{"edgeID":"1699574","fromID":"1292563","toID":"1292562","formEdgeID":null},{"edgeID":"1699575","fromID":"501639","toID":"1292564","formEdgeID":null},{"edgeID":"1699576","fromID":"1292564","toID":"1292539","formEdgeID":null},{"edgeID":"1699577","fromID":"1292540","toID":"1292565","formEdgeID":null},{"edgeID":"1699578","fromID":"1292565","toID":"1292544","formEdgeID":null},{"edgeID":"1699579","fromID":"1292565","toID":"1292566","formEdgeID":null},{"edgeID":"1699580","fromID":"1292566","toID":"1292564","formEdgeID":null},{"edgeID":"1699581","fromID":"501639","toID":"1292567","formEdgeID":null},{"edgeID":"1699582","fromID":"1292567","toID":"1292548","formEdgeID":null},{"edgeID":"1699583","fromID":"1292549","toID":"1292568","formEdgeID":null},{"edgeID":"1699584","fromID":"1292568","toID":"1292544","formEdgeID":null},{"edgeID":"1699585","fromID":"1292568","toID":"1292569","formEdgeID":null},{"edgeID":"1699586","fromID":"1292569","toID":"1292567","formEdgeID":null}],"locutions":[]}