{"nodes":[{"nodeID":"500531","text":"the prevalence can be quite different in different parts of the county","type":"I","timestamp":"2020-05-14 20:58:33"},{"nodeID":"500550","text":"there are parts of the country that have a lot of tourism","type":"I","timestamp":"2020-05-14 20:58:35"},{"nodeID":"1291071","text":"it is or is not appropriate to ease the lockdown differently in different areas","type":"I","timestamp":"2023-11-09 12:43:01"},{"nodeID":"1291072","text":"Saskia Unknown:  Is it appropriate to ease the lockdown differently in different areas","type":"L","timestamp":"2023-11-09 12:43:01"},{"nodeID":"1291073","text":"Analysing","type":"YA","timestamp":"2023-11-09 12:43:01"},{"nodeID":"1291074","text":"Anna : Saskia Unknown:  Is it appropriate to ease the lockdown differently in different areas","type":"L","timestamp":"2023-11-09 12:43:01"},{"nodeID":"1291075","text":"Pure Questioning","type":"YA","timestamp":"2023-11-09 12:43:01"},{"nodeID":"1291076","text":"there has been no consistent message about what employers should do knowing their ethnic minority staff are so much more likely to die","type":"I","timestamp":"2023-11-09 12:43:02"},{"nodeID":"1291077","text":"Fiona Bruce: and what Afua is saying in terms of protecting ethnic minorities in terms of at risk and lockdown","type":"L","timestamp":"2023-11-09 12:43:02"},{"nodeID":"1291078","text":"Analysing","type":"YA","timestamp":"2023-11-09 12:43:02"},{"nodeID":"1291079","text":"Anna : Fiona Bruce: and what Afua is saying in terms of protecting ethnic minorities in terms of at risk and lockdown","type":"L","timestamp":"2023-11-09 12:43:02"},{"nodeID":"1291080","text":"Afua Hirsch:  there has been no consistent message about what employers should do knowing their ethnic minority staff are so much more likely to die","type":"L","timestamp":"2023-11-09 12:43:02"},{"nodeID":"1291081","text":"Analysing","type":"YA","timestamp":"2023-11-09 12:43:02"},{"nodeID":"1291082","text":"Anna : Afua Hirsch:  there has been no consistent message about what employers should do knowing their ethnic minority staff are so much more likely to die","type":"L","timestamp":"2023-11-09 12:43:02"},{"nodeID":"1291083","text":"Asserting","type":"YA","timestamp":"2023-11-09 12:43:02"},{"nodeID":"1291084","text":"Assertive Questioning","type":"YA","timestamp":"2023-11-09 12:43:02"},{"nodeID":"1291085","text":"it is better if we can try and have a single approach","type":"I","timestamp":"2023-11-09 12:43:02"},{"nodeID":"1291086","text":"George Eustice:  the first point is as Chris said, it is better if we can try and have a single approach","type":"L","timestamp":"2023-11-09 12:43:02"},{"nodeID":"1291087","text":"Analysing","type":"YA","timestamp":"2023-11-09 12:43:02"},{"nodeID":"1291088","text":"Anna : George Eustice:  the first point is as Chris said, it is better if we can try and have a single approach","type":"L","timestamp":"2023-11-09 12:43:02"},{"nodeID":"1291089","text":"Chris Hopson: it is better if we can try and have a single approach","type":"L","timestamp":"2023-11-09 12:43:02"},{"nodeID":"1291090","text":"Analysing","type":"YA","timestamp":"2023-11-09 12:43:02"},{"nodeID":"1291091","text":"Anna : Chris Hopson:  the first point is as Chris said, it is better if we can try and have a single approach","type":"L","timestamp":"2023-11-09 12:43:02"},{"nodeID":"1291092","text":"Asserting","type":"YA","timestamp":"2023-11-09 12:43:02"},{"nodeID":"1291093","text":"Asserting","type":"YA","timestamp":"2023-11-09 12:43:02"},{"nodeID":"1291094","text":"otherwise it does get confusing concerning some of the advice from the chief medical officer","type":"I","timestamp":"2023-11-09 12:43:03"},{"nodeID":"1291095","text":"George Eustice:  because otherwise it does get confusing concerning some of the advice from the chief medical officer","type":"L","timestamp":"2023-11-09 12:43:03"},{"nodeID":"1291096","text":"Analysing","type":"YA","timestamp":"2023-11-09 12:43:03"},{"nodeID":"1291097","text":"Anna : George Eustice:  because otherwise it does get confusing concerning some of the advice from the chief medical officer","type":"L","timestamp":"2023-11-09 12:43:03"},{"nodeID":"1291098","text":"Asserting","type":"YA","timestamp":"2023-11-09 12:43:03"},{"nodeID":"1291099","text":"George Eustice:  I know the prevalence can be quite different in different parts of the county","type":"L","timestamp":"2023-11-09 12:43:03"},{"nodeID":"1291100","text":"Analysing","type":"YA","timestamp":"2023-11-09 12:43:03"},{"nodeID":"1291101","text":"Anna : George Eustice:  I know the prevalence can be quite different in different parts of the county","type":"L","timestamp":"2023-11-09 12:43:03"},{"nodeID":"1291102","text":"Asserting","type":"YA","timestamp":"2023-11-09 12:43:03"},{"nodeID":"1291103","text":"the so-called R rate, the reproductive rate, is quite similar across the country","type":"I","timestamp":"2023-11-09 12:43:04"},{"nodeID":"1291104","text":"George Eustice:  the so-called R rate, the reproductive rate, is quite similar across the country","type":"L","timestamp":"2023-11-09 12:43:04"},{"nodeID":"1291105","text":"Analysing","type":"YA","timestamp":"2023-11-09 12:43:04"},{"nodeID":"1291106","text":"Anna : George Eustice:  the so-called R rate, the reproductive rate, is quite similar across the country","type":"L","timestamp":"2023-11-09 12:43:04"},{"nodeID":"1291107","text":"Asserting","type":"YA","timestamp":"2023-11-09 12:43:04"},{"nodeID":"1291108","text":"the argument for having very different measures is probably not very strong","type":"I","timestamp":"2023-11-09 12:43:04"},{"nodeID":"1291109","text":"George Eustice: The argument for having very different measures is probably not very strong","type":"L","timestamp":"2023-11-09 12:43:04"},{"nodeID":"1291110","text":"Analysing","type":"YA","timestamp":"2023-11-09 12:43:04"},{"nodeID":"1291111","text":"Anna : George Eustice: The argument for having very different measures is probably not very strong","type":"L","timestamp":"2023-11-09 12:43:04"},{"nodeID":"1291112","text":"Asserting","type":"YA","timestamp":"2023-11-09 12:43:04"},{"nodeID":"1291113","text":"George Eustice: There are parts of the country that have a lot of tourism","type":"L","timestamp":"2023-11-09 12:43:04"},{"nodeID":"1291114","text":"Analysing","type":"YA","timestamp":"2023-11-09 12:43:04"},{"nodeID":"1291115","text":"Anna : George Eustice: There are parts of the country that have a lot of tourism","type":"L","timestamp":"2023-11-09 12:43:04"},{"nodeID":"1291116","text":"Asserting","type":"YA","timestamp":"2023-11-09 12:43:04"},{"nodeID":"1291117","text":"there are issues about how we exit lockdown","type":"I","timestamp":"2023-11-09 12:43:05"},{"nodeID":"1291118","text":"George Eustice:  There are issues about how we exit lockdown","type":"L","timestamp":"2023-11-09 12:43:05"},{"nodeID":"1291119","text":"Analysing","type":"YA","timestamp":"2023-11-09 12:43:05"},{"nodeID":"1291120","text":"Anna : George Eustice:  There are issues about how we exit lockdown","type":"L","timestamp":"2023-11-09 12:43:05"},{"nodeID":"1291121","text":"Asserting","type":"YA","timestamp":"2023-11-09 12:43:05"},{"nodeID":"1291122","text":"there are issues about which sectors of the economy you try to tentatively open and at which stage","type":"I","timestamp":"2023-11-09 12:43:05"},{"nodeID":"1291123","text":"George Eustice: which sectors of the economy you try to tentatively open and at which stage","type":"L","timestamp":"2023-11-09 12:43:05"},{"nodeID":"1291124","text":"Analysing","type":"YA","timestamp":"2023-11-09 12:43:05"},{"nodeID":"1291125","text":"Anna : George Eustice: which sectors of the economy you try to tentatively open and at which stage","type":"L","timestamp":"2023-11-09 12:43:05"},{"nodeID":"1291126","text":"Asserting","type":"YA","timestamp":"2023-11-09 12:43:05"},{"nodeID":"1291127","text":"these are factors obviously that will be taken into account in that context","type":"I","timestamp":"2023-11-09 12:43:06"},{"nodeID":"1291128","text":"George Eustice: These are factors obviously that will be taken into account in that context","type":"L","timestamp":"2023-11-09 12:43:06"},{"nodeID":"1291129","text":"Analysing","type":"YA","timestamp":"2023-11-09 12:43:06"},{"nodeID":"1291130","text":"Anna : George Eustice: These are factors obviously that will be taken into account in that context","type":"L","timestamp":"2023-11-09 12:43:06"},{"nodeID":"1291131","text":"Asserting","type":"YA","timestamp":"2023-11-09 12:43:06"},{"nodeID":"1291132","text":"Default Transition","type":"TA","timestamp":"2023-11-09 12:43:06"},{"nodeID":"1291133","text":"Default Transition","type":"TA","timestamp":"2023-11-09 12:43:06"},{"nodeID":"1291134","text":"Default Rephrase","type":"MA","timestamp":"2023-11-09 12:43:06"},{"nodeID":"1291135","text":"Default Illocuting","type":"YA","timestamp":"2023-11-09 12:43:06"},{"nodeID":"1291136","text":"Default Transition","type":"TA","timestamp":"2023-11-09 12:43:06"},{"nodeID":"1291137","text":"Default Inference","type":"RA","timestamp":"2023-11-09 12:43:06"},{"nodeID":"1291138","text":"Arguing","type":"YA","timestamp":"2023-11-09 12:43:06"},{"nodeID":"1291139","text":"Default Transition","type":"TA","timestamp":"2023-11-09 12:43:06"},{"nodeID":"1291140","text":"Default Inference","type":"RA","timestamp":"2023-11-09 12:43:06"},{"nodeID":"1291141","text":"Default Transition","type":"TA","timestamp":"2023-11-09 12:43:06"},{"nodeID":"1291142","text":"Default Transition","type":"TA","timestamp":"2023-11-09 12:43:06"},{"nodeID":"1291143","text":"Default Inference","type":"RA","timestamp":"2023-11-09 12:43:06"},{"nodeID":"1291144","text":"Default Transition","type":"TA","timestamp":"2023-11-09 12:43:06"},{"nodeID":"1291145","text":"Arguing","type":"YA","timestamp":"2023-11-09 12:43:06"},{"nodeID":"1291146","text":"Default Transition","type":"TA","timestamp":"2023-11-09 12:43:06"},{"nodeID":"1291147","text":"Default Transition","type":"TA","timestamp":"2023-11-09 12:43:06"},{"nodeID":"1291148","text":"Default Rephrase","type":"MA","timestamp":"2023-11-09 12:43:06"},{"nodeID":"1291149","text":"Default Transition","type":"TA","timestamp":"2023-11-09 12:43:06"},{"nodeID":"1291150","text":"Restating","type":"YA","timestamp":"2023-11-09 12:43:06"},{"nodeID":"1291151","text":"Default Inference","type":"RA","timestamp":"2023-11-09 12:43:06"},{"nodeID":"1291152","text":"Default Transition","type":"TA","timestamp":"2023-11-09 12:43:06"},{"nodeID":"1291153","text":"Arguing","type":"YA","timestamp":"2023-11-09 12:43:06"},{"nodeID":"1291154","text":"Default Conflict","type":"CA","timestamp":"2023-11-09 12:43:06"},{"nodeID":"1291155","text":"Default Transition","type":"TA","timestamp":"2023-11-09 12:43:06"},{"nodeID":"1291156","text":"Disagreeing","type":"YA","timestamp":"2023-11-09 12:43:06"}],"edges":[{"edgeID":"1697817","fromID":"1291073","toID":"1291072","formEdgeID":null},{"edgeID":"1697818","fromID":"1291074","toID":"1291073","formEdgeID":null},{"edgeID":"1697819","fromID":"1291072","toID":"1291075","formEdgeID":null},{"edgeID":"1697820","fromID":"1291075","toID":"1291071","formEdgeID":null},{"edgeID":"1697821","fromID":"1291078","toID":"1291077","formEdgeID":null},{"edgeID":"1697822","fromID":"1291079","toID":"1291078","formEdgeID":null},{"edgeID":"1697823","fromID":"1291081","toID":"1291080","formEdgeID":null},{"edgeID":"1697824","fromID":"1291082","toID":"1291081","formEdgeID":null},{"edgeID":"1697825","fromID":"1291077","toID":"1291083","formEdgeID":null},{"edgeID":"1697826","fromID":"1291083","toID":"1291080","formEdgeID":null},{"edgeID":"1697827","fromID":"1291080","toID":"1291084","formEdgeID":null},{"edgeID":"1697828","fromID":"1291084","toID":"1291076","formEdgeID":null},{"edgeID":"1697829","fromID":"1291087","toID":"1291086","formEdgeID":null},{"edgeID":"1697830","fromID":"1291088","toID":"1291087","formEdgeID":null},{"edgeID":"1697831","fromID":"1291090","toID":"1291089","formEdgeID":null},{"edgeID":"1697832","fromID":"1291091","toID":"1291090","formEdgeID":null},{"edgeID":"1697833","fromID":"1291089","toID":"1291092","formEdgeID":null},{"edgeID":"1697834","fromID":"1291092","toID":"1291085","formEdgeID":null},{"edgeID":"1697835","fromID":"1291086","toID":"1291093","formEdgeID":null},{"edgeID":"1697836","fromID":"1291093","toID":"1291089","formEdgeID":null},{"edgeID":"1697837","fromID":"1291096","toID":"1291095","formEdgeID":null},{"edgeID":"1697838","fromID":"1291097","toID":"1291096","formEdgeID":null},{"edgeID":"1697839","fromID":"1291095","toID":"1291098","formEdgeID":null},{"edgeID":"1697840","fromID":"1291098","toID":"1291094","formEdgeID":null},{"edgeID":"1697841","fromID":"1291100","toID":"1291099","formEdgeID":null},{"edgeID":"1697842","fromID":"1291101","toID":"1291100","formEdgeID":null},{"edgeID":"1697843","fromID":"1291099","toID":"1291102","formEdgeID":null},{"edgeID":"1697844","fromID":"1291102","toID":"500531","formEdgeID":null},{"edgeID":"1697845","fromID":"1291105","toID":"1291104","formEdgeID":null},{"edgeID":"1697846","fromID":"1291106","toID":"1291105","formEdgeID":null},{"edgeID":"1697847","fromID":"1291104","toID":"1291107","formEdgeID":null},{"edgeID":"1697848","fromID":"1291107","toID":"1291103","formEdgeID":null},{"edgeID":"1697849","fromID":"1291110","toID":"1291109","formEdgeID":null},{"edgeID":"1697850","fromID":"1291111","toID":"1291110","formEdgeID":null},{"edgeID":"1697851","fromID":"1291109","toID":"1291112","formEdgeID":null},{"edgeID":"1697852","fromID":"1291112","toID":"1291108","formEdgeID":null},{"edgeID":"1697853","fromID":"1291114","toID":"1291113","formEdgeID":null},{"edgeID":"1697854","fromID":"1291115","toID":"1291114","formEdgeID":null},{"edgeID":"1697855","fromID":"1291113","toID":"1291116","formEdgeID":null},{"edgeID":"1697856","fromID":"1291116","toID":"500550","formEdgeID":null},{"edgeID":"1697857","fromID":"1291119","toID":"1291118","formEdgeID":null},{"edgeID":"1697858","fromID":"1291120","toID":"1291119","formEdgeID":null},{"edgeID":"1697859","fromID":"1291118","toID":"1291121","formEdgeID":null},{"edgeID":"1697860","fromID":"1291121","toID":"1291117","formEdgeID":null},{"edgeID":"1697861","fromID":"1291124","toID":"1291123","formEdgeID":null},{"edgeID":"1697862","fromID":"1291125","toID":"1291124","formEdgeID":null},{"edgeID":"1697863","fromID":"1291123","toID":"1291126","formEdgeID":null},{"edgeID":"1697864","fromID":"1291126","toID":"1291122","formEdgeID":null},{"edgeID":"1697865","fromID":"1291129","toID":"1291128","formEdgeID":null},{"edgeID":"1697866","fromID":"1291130","toID":"1291129","formEdgeID":null},{"edgeID":"1697867","fromID":"1291128","toID":"1291131","formEdgeID":null},{"edgeID":"1697868","fromID":"1291131","toID":"1291127","formEdgeID":null},{"edgeID":"1697869","fromID":"1291072","toID":"1291132","formEdgeID":null},{"edgeID":"1697870","fromID":"1291132","toID":"1291077","formEdgeID":null},{"edgeID":"1697871","fromID":"1291077","toID":"1291133","formEdgeID":null},{"edgeID":"1697872","fromID":"1291133","toID":"1291086","formEdgeID":null},{"edgeID":"1697873","fromID":"1291085","toID":"1291134","formEdgeID":null},{"edgeID":"1697874","fromID":"1291134","toID":"1291071","formEdgeID":null},{"edgeID":"1697875","fromID":"1291133","toID":"1291135","formEdgeID":null},{"edgeID":"1697876","fromID":"1291135","toID":"1291134","formEdgeID":null},{"edgeID":"1697877","fromID":"1291086","toID":"1291136","formEdgeID":null},{"edgeID":"1697878","fromID":"1291136","toID":"1291095","formEdgeID":null},{"edgeID":"1697879","fromID":"1291094","toID":"1291137","formEdgeID":null},{"edgeID":"1697880","fromID":"1291137","toID":"1291085","formEdgeID":null},{"edgeID":"1697881","fromID":"1291136","toID":"1291138","formEdgeID":null},{"edgeID":"1697882","fromID":"1291138","toID":"1291137","formEdgeID":null},{"edgeID":"1697883","fromID":"1291095","toID":"1291139","formEdgeID":null},{"edgeID":"1697884","fromID":"1291139","toID":"1291099","formEdgeID":null},{"edgeID":"1697885","fromID":"500531","toID":"1291140","formEdgeID":null},{"edgeID":"1697886","fromID":"1291140","toID":"1291108","formEdgeID":null},{"edgeID":"1697887","fromID":"1291103","toID":"1291140","formEdgeID":null},{"edgeID":"1697888","fromID":"1291099","toID":"1291141","formEdgeID":null},{"edgeID":"1697889","fromID":"1291141","toID":"1291109","formEdgeID":null},{"edgeID":"1697890","fromID":"1291104","toID":"1291142","formEdgeID":null},{"edgeID":"1697891","fromID":"1291142","toID":"1291109","formEdgeID":null},{"edgeID":"1697892","fromID":"1291108","toID":"1291143","formEdgeID":null},{"edgeID":"1697893","fromID":"1291143","toID":"1291085","formEdgeID":null},{"edgeID":"1697894","fromID":"1291086","toID":"1291144","formEdgeID":null},{"edgeID":"1697895","fromID":"1291144","toID":"1291109","formEdgeID":null},{"edgeID":"1697896","fromID":"1291144","toID":"1291145","formEdgeID":null},{"edgeID":"1697897","fromID":"1291145","toID":"1291143","formEdgeID":null},{"edgeID":"1697898","fromID":"1291109","toID":"1291146","formEdgeID":null},{"edgeID":"1697899","fromID":"1291146","toID":"1291113","formEdgeID":null},{"edgeID":"1697900","fromID":"1291113","toID":"1291147","formEdgeID":null},{"edgeID":"1697901","fromID":"1291147","toID":"1291118","formEdgeID":null},{"edgeID":"1697902","fromID":"1291122","toID":"1291148","formEdgeID":null},{"edgeID":"1697903","fromID":"1291148","toID":"1291117","formEdgeID":null},{"edgeID":"1697904","fromID":"1291118","toID":"1291149","formEdgeID":null},{"edgeID":"1697905","fromID":"1291149","toID":"1291123","formEdgeID":null},{"edgeID":"1697906","fromID":"1291149","toID":"1291150","formEdgeID":null},{"edgeID":"1697907","fromID":"1291150","toID":"1291148","formEdgeID":null},{"edgeID":"1697908","fromID":"500550","toID":"1291151","formEdgeID":null},{"edgeID":"1697909","fromID":"1291151","toID":"1291127","formEdgeID":null},{"edgeID":"1697910","fromID":"1291117","toID":"1291151","formEdgeID":null},{"edgeID":"1697911","fromID":"1291113","toID":"1291152","formEdgeID":null},{"edgeID":"1697912","fromID":"1291152","toID":"1291128","formEdgeID":null},{"edgeID":"1697913","fromID":"1291152","toID":"1291153","formEdgeID":null},{"edgeID":"1697914","fromID":"1291153","toID":"1291151","formEdgeID":null},{"edgeID":"1697915","fromID":"1291103","toID":"1291154","formEdgeID":null},{"edgeID":"1697916","fromID":"1291154","toID":"500531","formEdgeID":null},{"edgeID":"1697917","fromID":"1291099","toID":"1291155","formEdgeID":null},{"edgeID":"1697918","fromID":"1291155","toID":"1291104","formEdgeID":null},{"edgeID":"1697919","fromID":"1291155","toID":"1291156","formEdgeID":null},{"edgeID":"1697920","fromID":"1291156","toID":"1291154","formEdgeID":null}],"locutions":[]}