{"nodes":[{"nodeID":"501252","text":"we just talked about the contact tracing app","type":"I","timestamp":"2020-05-14 21:08:42"},{"nodeID":"1293046","text":"you might have to look at that specific area too","type":"I","timestamp":"2023-11-09 12:45:48"},{"nodeID":"1293047","text":"Nick Thomas-Symonds: you might have to look at that specific area too","type":"L","timestamp":"2023-11-09 12:45:48"},{"nodeID":"1293048","text":"Amelie: Nick Thomas-Symonds: you might have to look at that specific area too","type":"L","timestamp":"2023-11-09 12:45:48"},{"nodeID":"1293049","text":"Nick Thomas-Symonds does accept there will be variations of COVID-19","type":"I","timestamp":"2023-11-09 12:45:48"},{"nodeID":"1293050","text":"Nick Thomas-Symonds: I do accept there will be variations","type":"L","timestamp":"2023-11-09 12:45:48"},{"nodeID":"1293051","text":"Amelie: Nick Thomas-Symonds: I do accept there will be variations","type":"L","timestamp":"2023-11-09 12:45:48"},{"nodeID":"1293052","text":"there have already been variations of COVID-19 across the UK","type":"I","timestamp":"2023-11-09 12:45:49"},{"nodeID":"1293053","text":"Nick Thomas-Symonds: there have already been variations across the UK","type":"L","timestamp":"2023-11-09 12:45:49"},{"nodeID":"1293054","text":"Amelie: Nick Thomas-Symonds: there have already been variations across the UK","type":"L","timestamp":"2023-11-09 12:45:49"},{"nodeID":"1293055","text":"we should try to go for the four nations approach that the Welsh government has been doing as much as we possibly can","type":"I","timestamp":"2023-11-09 12:45:49"},{"nodeID":"1293056","text":"Nick Thomas-Symonds: we should try to go for the four nations approach that the Welsh government has been doing as much as we possibly can","type":"L","timestamp":"2023-11-09 12:45:49"},{"nodeID":"1293057","text":"Amelie: Nick Thomas-Symonds: we should try to go for the four nations approach that the Welsh government has been doing as much as we possibly can","type":"L","timestamp":"2023-11-09 12:45:49"},{"nodeID":"1293058","text":"we should also ensure that as the Prime Minister moves forward he does work with the devolved institutions in order to get that consensus across the country","type":"I","timestamp":"2023-11-09 12:45:50"},{"nodeID":"1293059","text":"Nick Thomas-Symonds: we should also ensure that as the Prime Minister moves forward he does work with the devolved institutions in order to get that consensus across the country","type":"L","timestamp":"2023-11-09 12:45:50"},{"nodeID":"1293060","text":"Amelie: Nick Thomas-Symonds: we should also ensure that as the Prime Minister moves forward, he is said to be setting out a roadmap and some milestones on Sunday -- that he does work with the devolved institutions in order to get that consensus across the country","type":"L","timestamp":"2023-11-09 12:45:50"},{"nodeID":"1293061","text":"Nick Thomas-Symonds can or can't see an argument for easing the lockdown differently as we go along in different areas","type":"I","timestamp":"2023-11-09 12:45:50"},{"nodeID":"1293062","text":"Fiona Bruce: Can you see an argument for easing the lockdown differently as we go along in different areas","type":"L","timestamp":"2023-11-09 12:45:50"},{"nodeID":"1293063","text":"Amelie: Fiona Bruce: Can you see an argument for easing the lockdown differently as we go along in different areas","type":"L","timestamp":"2023-11-09 12:45:50"},{"nodeID":"1293064","text":"Nick Thomas-Symonds can or can't see from the perspective of the NHS workers that he is representing","type":"I","timestamp":"2023-11-09 12:45:51"},{"nodeID":"1293065","text":"Fiona Bruce: can you see from the perspective of the NHS workers that you are representing","type":"L","timestamp":"2023-11-09 12:45:51"},{"nodeID":"1293066","text":"Amelie: Fiona Bruce: can you see from the perspective of the NHS workers that you are representing","type":"L","timestamp":"2023-11-09 12:45:51"},{"nodeID":"1293067","text":"government has talked nationally","type":"I","timestamp":"2023-11-09 12:45:52"},{"nodeID":"1293068","text":"Fiona Bruce: government has talked nationally","type":"L","timestamp":"2023-11-09 12:45:52"},{"nodeID":"1293069","text":"Amelie: Fiona Bruce: government has talked nationally","type":"L","timestamp":"2023-11-09 12:45:52"},{"nodeID":"1293070","text":"these lockdown restrictions start to ease and there is a particular area where the tracing app showed that there was a very specific problem","type":"I","timestamp":"2023-11-09 12:45:52"},{"nodeID":"1293071","text":"Nick Thomas-Symonds: these lockdown restrictions start to ease and there is a particular area where the tracing app showed that there was a very specific problem","type":"L","timestamp":"2023-11-09 12:45:52"},{"nodeID":"1293072","text":"Amelie: Nick Thomas-Symonds: these lockdown restrictions start to ease and there is a particular area where the tracing app showed that there was a very specific problem","type":"L","timestamp":"2023-11-09 12:45:52"},{"nodeID":"1293073","text":"it is too soon at the moment as Boris Johnson made clear","type":"I","timestamp":"2023-11-09 12:45:53"},{"nodeID":"1293074","text":"Fiona Bruce: it is too soon at the moment as the Prime Minister made clear","type":"L","timestamp":"2023-11-09 12:45:53"},{"nodeID":"1293075","text":"Amelie: Fiona Bruce: it is too soon at the moment as the Prime Minister made clear","type":"L","timestamp":"2023-11-09 12:45:53"},{"nodeID":"1293076","text":"you might have to rethink the lockdown depending on what's happening","type":"I","timestamp":"2023-11-09 12:45:53"},{"nodeID":"1293077","text":"Fiona Bruce: you might have to rethink the lockdown depending on what's happening","type":"L","timestamp":"2023-11-09 12:45:53"},{"nodeID":"1293078","text":"Amelie: Fiona Bruce: you might have to rethink the lockdown depending on what's happening","type":"L","timestamp":"2023-11-09 12:45:53"},{"nodeID":"1293079","text":"Nick Thomas-Symonds: we just talked about the contact tracing app","type":"L","timestamp":"2023-11-09 12:45:53"},{"nodeID":"1293080","text":"Amelie: Nick Thomas-Symonds: we just talked about the contact tracing app","type":"L","timestamp":"2023-11-09 12:45:53"},{"nodeID":"1293081","text":"Analysing","type":"YA","timestamp":"2023-11-09 12:45:53"},{"nodeID":"1293082","text":"Asserting","type":"YA","timestamp":"2023-11-09 12:45:53"},{"nodeID":"1293083","text":"Analysing","type":"YA","timestamp":"2023-11-09 12:45:53"},{"nodeID":"1293084","text":"Asserting","type":"YA","timestamp":"2023-11-09 12:45:53"},{"nodeID":"1293085","text":"Analysing","type":"YA","timestamp":"2023-11-09 12:45:53"},{"nodeID":"1293086","text":"Asserting","type":"YA","timestamp":"2023-11-09 12:45:53"},{"nodeID":"1293087","text":"Default Transition","type":"TA","timestamp":"2023-11-09 12:45:53"},{"nodeID":"1293088","text":"Default Transition","type":"TA","timestamp":"2023-11-09 12:45:53"},{"nodeID":"1293089","text":"Default Inference","type":"RA","timestamp":"2023-11-09 12:45:53"},{"nodeID":"1293090","text":"Arguing","type":"YA","timestamp":"2023-11-09 12:45:53"},{"nodeID":"1293091","text":"Analysing","type":"YA","timestamp":"2023-11-09 12:45:53"},{"nodeID":"1293092","text":"Asserting","type":"YA","timestamp":"2023-11-09 12:45:53"},{"nodeID":"1293093","text":"Default Transition","type":"TA","timestamp":"2023-11-09 12:45:53"},{"nodeID":"1293094","text":"Analysing","type":"YA","timestamp":"2023-11-09 12:45:53"},{"nodeID":"1293095","text":"Asserting","type":"YA","timestamp":"2023-11-09 12:45:53"},{"nodeID":"1293096","text":"Default Transition","type":"TA","timestamp":"2023-11-09 12:45:53"},{"nodeID":"1293097","text":"Analysing","type":"YA","timestamp":"2023-11-09 12:45:53"},{"nodeID":"1293098","text":"Pure Questioning","type":"YA","timestamp":"2023-11-09 12:45:53"},{"nodeID":"1293099","text":"Analysing","type":"YA","timestamp":"2023-11-09 12:45:53"},{"nodeID":"1293100","text":"Asserting","type":"YA","timestamp":"2023-11-09 12:45:53"},{"nodeID":"1293101","text":"Analysing","type":"YA","timestamp":"2023-11-09 12:45:53"},{"nodeID":"1293102","text":"Asserting","type":"YA","timestamp":"2023-11-09 12:45:53"},{"nodeID":"1293103","text":"Default Transition","type":"TA","timestamp":"2023-11-09 12:45:53"},{"nodeID":"1293104","text":"Analysing","type":"YA","timestamp":"2023-11-09 12:45:53"},{"nodeID":"1293105","text":"Asserting","type":"YA","timestamp":"2023-11-09 12:45:53"},{"nodeID":"1293106","text":"Default Transition","type":"TA","timestamp":"2023-11-09 12:45:53"},{"nodeID":"1293107","text":"Default Inference","type":"RA","timestamp":"2023-11-09 12:45:53"},{"nodeID":"1293108","text":"Arguing","type":"YA","timestamp":"2023-11-09 12:45:53"},{"nodeID":"1293109","text":"Analysing","type":"YA","timestamp":"2023-11-09 12:45:53"},{"nodeID":"1293110","text":"Asserting","type":"YA","timestamp":"2023-11-09 12:45:53"},{"nodeID":"1293111","text":"Default Transition","type":"TA","timestamp":"2023-11-09 12:45:53"},{"nodeID":"1293112","text":"Analysing","type":"YA","timestamp":"2023-11-09 12:45:53"},{"nodeID":"1293113","text":"Asserting","type":"YA","timestamp":"2023-11-09 12:45:53"},{"nodeID":"1293114","text":"Default Transition","type":"TA","timestamp":"2023-11-09 12:45:53"},{"nodeID":"1293115","text":"Default Transition","type":"TA","timestamp":"2023-11-09 12:45:53"},{"nodeID":"1293116","text":"Analysing","type":"YA","timestamp":"2023-11-09 12:45:53"},{"nodeID":"1293117","text":"Asserting","type":"YA","timestamp":"2023-11-09 12:45:53"},{"nodeID":"1293118","text":"Default Transition","type":"TA","timestamp":"2023-11-09 12:45:53"},{"nodeID":"1293119","text":"Default Transition","type":"TA","timestamp":"2023-11-09 12:45:53"}],"edges":[{"edgeID":"1700151","fromID":"1293081","toID":"1293047","formEdgeID":null},{"edgeID":"1700152","fromID":"1293048","toID":"1293081","formEdgeID":null},{"edgeID":"1700153","fromID":"1293047","toID":"1293082","formEdgeID":null},{"edgeID":"1700154","fromID":"1293082","toID":"1293046","formEdgeID":null},{"edgeID":"1700155","fromID":"1293083","toID":"1293050","formEdgeID":null},{"edgeID":"1700156","fromID":"1293051","toID":"1293083","formEdgeID":null},{"edgeID":"1700157","fromID":"1293050","toID":"1293084","formEdgeID":null},{"edgeID":"1700158","fromID":"1293084","toID":"1293049","formEdgeID":null},{"edgeID":"1700159","fromID":"1293085","toID":"1293053","formEdgeID":null},{"edgeID":"1700160","fromID":"1293054","toID":"1293085","formEdgeID":null},{"edgeID":"1700161","fromID":"1293053","toID":"1293086","formEdgeID":null},{"edgeID":"1700162","fromID":"1293086","toID":"1293052","formEdgeID":null},{"edgeID":"1700163","fromID":"1293047","toID":"1293087","formEdgeID":null},{"edgeID":"1700164","fromID":"1293087","toID":"1293050","formEdgeID":null},{"edgeID":"1700165","fromID":"1293050","toID":"1293088","formEdgeID":null},{"edgeID":"1700166","fromID":"1293088","toID":"1293053","formEdgeID":null},{"edgeID":"1700167","fromID":"1293052","toID":"1293089","formEdgeID":null},{"edgeID":"1700168","fromID":"1293089","toID":"1293049","formEdgeID":null},{"edgeID":"1700169","fromID":"1293088","toID":"1293090","formEdgeID":null},{"edgeID":"1700170","fromID":"1293090","toID":"1293089","formEdgeID":null},{"edgeID":"1700171","fromID":"1293091","toID":"1293056","formEdgeID":null},{"edgeID":"1700172","fromID":"1293057","toID":"1293091","formEdgeID":null},{"edgeID":"1700173","fromID":"1293056","toID":"1293092","formEdgeID":null},{"edgeID":"1700174","fromID":"1293092","toID":"1293055","formEdgeID":null},{"edgeID":"1700175","fromID":"1293053","toID":"1293093","formEdgeID":null},{"edgeID":"1700176","fromID":"1293093","toID":"1293056","formEdgeID":null},{"edgeID":"1700177","fromID":"1293094","toID":"1293059","formEdgeID":null},{"edgeID":"1700178","fromID":"1293060","toID":"1293094","formEdgeID":null},{"edgeID":"1700179","fromID":"1293059","toID":"1293095","formEdgeID":null},{"edgeID":"1700180","fromID":"1293095","toID":"1293058","formEdgeID":null},{"edgeID":"1700181","fromID":"1293056","toID":"1293096","formEdgeID":null},{"edgeID":"1700182","fromID":"1293096","toID":"1293059","formEdgeID":null},{"edgeID":"1700183","fromID":"1293097","toID":"1293062","formEdgeID":null},{"edgeID":"1700184","fromID":"1293063","toID":"1293097","formEdgeID":null},{"edgeID":"1700185","fromID":"1293062","toID":"1293098","formEdgeID":null},{"edgeID":"1700186","fromID":"1293098","toID":"1293061","formEdgeID":null},{"edgeID":"1700187","fromID":"1293099","toID":"1293065","formEdgeID":null},{"edgeID":"1700188","fromID":"1293066","toID":"1293099","formEdgeID":null},{"edgeID":"1700189","fromID":"1293065","toID":"1293100","formEdgeID":null},{"edgeID":"1700190","fromID":"1293100","toID":"1293064","formEdgeID":null},{"edgeID":"1700191","fromID":"1293101","toID":"1293068","formEdgeID":null},{"edgeID":"1700192","fromID":"1293069","toID":"1293101","formEdgeID":null},{"edgeID":"1700193","fromID":"1293068","toID":"1293102","formEdgeID":null},{"edgeID":"1700194","fromID":"1293102","toID":"1293067","formEdgeID":null},{"edgeID":"1700195","fromID":"1293065","toID":"1293103","formEdgeID":null},{"edgeID":"1700196","fromID":"1293103","toID":"1293068","formEdgeID":null},{"edgeID":"1700197","fromID":"1293104","toID":"1293071","formEdgeID":null},{"edgeID":"1700198","fromID":"1293072","toID":"1293104","formEdgeID":null},{"edgeID":"1700199","fromID":"1293071","toID":"1293105","formEdgeID":null},{"edgeID":"1700200","fromID":"1293105","toID":"1293070","formEdgeID":null},{"edgeID":"1700201","fromID":"1293071","toID":"1293106","formEdgeID":null},{"edgeID":"1700202","fromID":"1293106","toID":"1293047","formEdgeID":null},{"edgeID":"1700203","fromID":"1293070","toID":"1293107","formEdgeID":null},{"edgeID":"1700204","fromID":"1293107","toID":"1293046","formEdgeID":null},{"edgeID":"1700205","fromID":"1293106","toID":"1293108","formEdgeID":null},{"edgeID":"1700206","fromID":"1293108","toID":"1293107","formEdgeID":null},{"edgeID":"1700207","fromID":"1293109","toID":"1293074","formEdgeID":null},{"edgeID":"1700208","fromID":"1293075","toID":"1293109","formEdgeID":null},{"edgeID":"1700209","fromID":"1293074","toID":"1293110","formEdgeID":null},{"edgeID":"1700210","fromID":"1293110","toID":"1293073","formEdgeID":null},{"edgeID":"1700211","fromID":"1293068","toID":"1293111","formEdgeID":null},{"edgeID":"1700212","fromID":"1293111","toID":"1293074","formEdgeID":null},{"edgeID":"1700213","fromID":"1293112","toID":"1293077","formEdgeID":null},{"edgeID":"1700214","fromID":"1293078","toID":"1293112","formEdgeID":null},{"edgeID":"1700215","fromID":"1293077","toID":"1293113","formEdgeID":null},{"edgeID":"1700216","fromID":"1293113","toID":"1293076","formEdgeID":null},{"edgeID":"1700217","fromID":"1293074","toID":"1293114","formEdgeID":null},{"edgeID":"1700218","fromID":"1293114","toID":"1293077","formEdgeID":null},{"edgeID":"1700219","fromID":"1293077","toID":"1293115","formEdgeID":null},{"edgeID":"1700220","fromID":"1293115","toID":"1293062","formEdgeID":null},{"edgeID":"1700221","fromID":"1293116","toID":"1293079","formEdgeID":null},{"edgeID":"1700222","fromID":"1293080","toID":"1293116","formEdgeID":null},{"edgeID":"1700223","fromID":"1293079","toID":"1293117","formEdgeID":null},{"edgeID":"1700224","fromID":"1293117","toID":"501252","formEdgeID":null},{"edgeID":"1700225","fromID":"1293079","toID":"1293118","formEdgeID":null},{"edgeID":"1700226","fromID":"1293118","toID":"1293071","formEdgeID":null},{"edgeID":"1700227","fromID":"1293059","toID":"1293119","formEdgeID":null},{"edgeID":"1700228","fromID":"1293119","toID":"1293065","formEdgeID":null}],"locutions":[]}