{"nodes":[{"nodeID":"585082","text":"we are not a big organisation","type":"I","timestamp":"2020-10-04 19:31:05"},{"nodeID":"585107","text":"there is no way we are going to be able to observe social distancing","type":"I","timestamp":"2020-10-04 19:31:11"},{"nodeID":"585137","text":"Chris Hopson is talking about the people in his office","type":"I","timestamp":"2020-10-04 19:31:17"},{"nodeID":"1292750","text":"the COVID-19 guidelines on PPE should or should not be legally binding or it should or should not be optional extras","type":"I","timestamp":"2023-11-09 12:45:24"},{"nodeID":"1292751","text":"Fiona Bruce: Should it be legally binding or optional extras","type":"L","timestamp":"2023-11-09 12:45:24"},{"nodeID":"1292752","text":"Analysing","type":"YA","timestamp":"2023-11-09 12:45:24"},{"nodeID":"1292753","text":"Jordan: Fiona Bruce: Should it be legally binding or optional extras","type":"L","timestamp":"2023-11-09 12:45:24"},{"nodeID":"1292754","text":"Pure Questioning","type":"YA","timestamp":"2023-11-09 12:45:24"},{"nodeID":"1292755","text":"Chris Hopson is Chief Executive of an organisation","type":"I","timestamp":"2023-11-09 12:45:24"},{"nodeID":"1292756","text":"Chris Hopson: I am Chief Executive of an organisation","type":"L","timestamp":"2023-11-09 12:45:24"},{"nodeID":"1292757","text":"Analysing","type":"YA","timestamp":"2023-11-09 12:45:24"},{"nodeID":"1292758","text":"Jordan: Chris Hopson: I am Chief Executive of an organisation","type":"L","timestamp":"2023-11-09 12:45:24"},{"nodeID":"1292759","text":"Asserting","type":"YA","timestamp":"2023-11-09 12:45:24"},{"nodeID":"1292760","text":"Default Transition","type":"TA","timestamp":"2023-11-09 12:45:24"},{"nodeID":"1292761","text":"Chris Hopson: We are not a big organisation","type":"L","timestamp":"2023-11-09 12:45:24"},{"nodeID":"1292762","text":"Analysing","type":"YA","timestamp":"2023-11-09 12:45:24"},{"nodeID":"1292763","text":"Jordan: Chris Hopson: We are not a big organisation","type":"L","timestamp":"2023-11-09 12:45:24"},{"nodeID":"1292764","text":"Asserting","type":"YA","timestamp":"2023-11-09 12:45:24"},{"nodeID":"1292765","text":"we only have 60 people on staff","type":"I","timestamp":"2023-11-09 12:45:25"},{"nodeID":"1292766","text":"Chris Hopson: We only have 60 people on staff","type":"L","timestamp":"2023-11-09 12:45:25"},{"nodeID":"1292767","text":"Analysing","type":"YA","timestamp":"2023-11-09 12:45:25"},{"nodeID":"1292768","text":"Jordan: Chris Hopson: We only have 60 people on staff","type":"L","timestamp":"2023-11-09 12:45:25"},{"nodeID":"1292769","text":"Asserting","type":"YA","timestamp":"2023-11-09 12:45:25"},{"nodeID":"1292770","text":"Default Transition","type":"TA","timestamp":"2023-11-09 12:45:25"},{"nodeID":"1292771","text":"Default Rephrase","type":"MA","timestamp":"2023-11-09 12:45:25"},{"nodeID":"1292772","text":"Restating","type":"YA","timestamp":"2023-11-09 12:45:25"},{"nodeID":"1292773","text":"in our office it is difficult to follow guidelines","type":"I","timestamp":"2023-11-09 12:45:25"},{"nodeID":"1292774","text":"Chris Hopson: Our office is difficult","type":"L","timestamp":"2023-11-09 12:45:25"},{"nodeID":"1292775","text":"Analysing","type":"YA","timestamp":"2023-11-09 12:45:25"},{"nodeID":"1292776","text":"Jordan: Chris Hopson: Our office is difficult","type":"L","timestamp":"2023-11-09 12:45:25"},{"nodeID":"1292777","text":"Asserting","type":"YA","timestamp":"2023-11-09 12:45:25"},{"nodeID":"1292778","text":"we have a very narrow corridor which effectively enables people to get to and from their desk","type":"I","timestamp":"2023-11-09 12:45:26"},{"nodeID":"1292779","text":"Chris Hopson: we have a very narrow corridor which effectively enables people to get to and from their desk","type":"L","timestamp":"2023-11-09 12:45:26"},{"nodeID":"1292780","text":"Analysing","type":"YA","timestamp":"2023-11-09 12:45:26"},{"nodeID":"1292781","text":"Jordan: Chris Hopson: we have a very narrow corridor which effectively enables people to get to and from their desk","type":"L","timestamp":"2023-11-09 12:45:26"},{"nodeID":"1292782","text":"Asserting","type":"YA","timestamp":"2023-11-09 12:45:26"},{"nodeID":"1292783","text":"Default Inference","type":"RA","timestamp":"2023-11-09 12:45:26"},{"nodeID":"1292784","text":"Default Transition","type":"TA","timestamp":"2023-11-09 12:45:26"},{"nodeID":"1292785","text":"Arguing","type":"YA","timestamp":"2023-11-09 12:45:26"},{"nodeID":"1292786","text":"Chris Hopson: There is no way we are going to be able to observe social distancing","type":"L","timestamp":"2023-11-09 12:45:26"},{"nodeID":"1292787","text":"Analysing","type":"YA","timestamp":"2023-11-09 12:45:26"},{"nodeID":"1292788","text":"Jordan: Chris Hopson: There is no way we are going to be able to observe social distancing","type":"L","timestamp":"2023-11-09 12:45:26"},{"nodeID":"1292789","text":"Asserting","type":"YA","timestamp":"2023-11-09 12:45:26"},{"nodeID":"1292790","text":"Default Transition","type":"TA","timestamp":"2023-11-09 12:45:26"},{"nodeID":"1292791","text":"Default Inference","type":"RA","timestamp":"2023-11-09 12:45:26"},{"nodeID":"1292792","text":"Arguing","type":"YA","timestamp":"2023-11-09 12:45:26"},{"nodeID":"1292793","text":"Default Transition","type":"TA","timestamp":"2023-11-09 12:45:26"},{"nodeID":"1292794","text":"Chris Hopson's office could have a one way system","type":"I","timestamp":"2023-11-09 12:45:27"},{"nodeID":"1292795","text":"Fiona Bruce: have a one way system","type":"L","timestamp":"2023-11-09 12:45:27"},{"nodeID":"1292796","text":"Analysing","type":"YA","timestamp":"2023-11-09 12:45:27"},{"nodeID":"1292797","text":"Jordan: Fiona Bruce: have a one way system","type":"L","timestamp":"2023-11-09 12:45:27"},{"nodeID":"1292798","text":"Asserting","type":"YA","timestamp":"2023-11-09 12:45:27"},{"nodeID":"1292799","text":"Default Transition","type":"TA","timestamp":"2023-11-09 12:45:27"},{"nodeID":"1292800","text":"Default Conflict","type":"CA","timestamp":"2023-11-09 12:45:27"},{"nodeID":"1292801","text":"Disagreeing","type":"YA","timestamp":"2023-11-09 12:45:27"},{"nodeID":"1292802","text":"Chris Hopson: Yes","type":"L","timestamp":"2023-11-09 12:45:27"},{"nodeID":"1292803","text":"Analysing","type":"YA","timestamp":"2023-11-09 12:45:27"},{"nodeID":"1292804","text":"Jordan: Chris Hopson: Yes","type":"L","timestamp":"2023-11-09 12:45:27"},{"nodeID":"1292805","text":"Default Transition","type":"TA","timestamp":"2023-11-09 12:45:27"},{"nodeID":"1292806","text":"Agreeing","type":"YA","timestamp":"2023-11-09 12:45:27"},{"nodeID":"1292807","text":"businesses can have all the guidelines up","type":"I","timestamp":"2023-11-09 12:45:27"},{"nodeID":"1292808","text":"Chris Hopson: You can have all the guidelines up","type":"L","timestamp":"2023-11-09 12:45:27"},{"nodeID":"1292809","text":"Analysing","type":"YA","timestamp":"2023-11-09 12:45:27"},{"nodeID":"1292810","text":"Jordan: Chris Hopson: You can have all the guidelines up","type":"L","timestamp":"2023-11-09 12:45:27"},{"nodeID":"1292811","text":"Asserting","type":"YA","timestamp":"2023-11-09 12:45:27"},{"nodeID":"1292812","text":"Default Transition","type":"TA","timestamp":"2023-11-09 12:45:27"},{"nodeID":"1292813","text":"what you actually need is leaders who think the welfare of their staff is by far the most important thing","type":"I","timestamp":"2023-11-09 12:45:28"},{"nodeID":"1292814","text":"Chris Hopson: what you actually need is leaders who think the welfare of their staff is by far the most important thing","type":"L","timestamp":"2023-11-09 12:45:28"},{"nodeID":"1292815","text":"Analysing","type":"YA","timestamp":"2023-11-09 12:45:28"},{"nodeID":"1292816","text":"Jordan: Chris Hopson: what you actually need is leaders who think the welfare of their staff is by far the most important thing","type":"L","timestamp":"2023-11-09 12:45:28"},{"nodeID":"1292817","text":"Asserting","type":"YA","timestamp":"2023-11-09 12:45:28"},{"nodeID":"1292818","text":"Default Transition","type":"TA","timestamp":"2023-11-09 12:45:28"},{"nodeID":"1292819","text":"certainly that's the way we act as our senior leadership team in our organisation","type":"I","timestamp":"2023-11-09 12:45:29"},{"nodeID":"1292820","text":"Chris Hopson: certainly that's the way we act as our senior leadership team in our organisation","type":"L","timestamp":"2023-11-09 12:45:29"},{"nodeID":"1292821","text":"Analysing","type":"YA","timestamp":"2023-11-09 12:45:29"},{"nodeID":"1292822","text":"Jordan: Chris Hopson: certainly that's the way we act as our senior leadership team in our organisation","type":"L","timestamp":"2023-11-09 12:45:29"},{"nodeID":"1292823","text":"Asserting","type":"YA","timestamp":"2023-11-09 12:45:29"},{"nodeID":"1292824","text":"Default Rephrase","type":"MA","timestamp":"2023-11-09 12:45:29"},{"nodeID":"1292825","text":"Default Transition","type":"TA","timestamp":"2023-11-09 12:45:29"},{"nodeID":"1292826","text":"Restating","type":"YA","timestamp":"2023-11-09 12:45:29"},{"nodeID":"1292827","text":"businesses need the ingenuity of staff to help them do things like work out how they would create a system if they have a narrow corridor","type":"I","timestamp":"2023-11-09 12:45:29"},{"nodeID":"1292828","text":"Chris Hopson: you need the ingenuity of staff to help you do things like work out how you would create a system if you have a narrow corridor","type":"L","timestamp":"2023-11-09 12:45:29"},{"nodeID":"1292829","text":"Analysing","type":"YA","timestamp":"2023-11-09 12:45:29"},{"nodeID":"1292830","text":"Jordan: Chris Hopson: you need the ingenuity of staff to help you do things like work out how you would create a system if you have a narrow corridor","type":"L","timestamp":"2023-11-09 12:45:29"},{"nodeID":"1292831","text":"Asserting","type":"YA","timestamp":"2023-11-09 12:45:29"},{"nodeID":"1292832","text":"Default Transition","type":"TA","timestamp":"2023-11-09 12:45:29"},{"nodeID":"1292833","text":"Fiona Bruce: you are talking about the people in your office","type":"L","timestamp":"2023-11-09 12:45:29"},{"nodeID":"1292834","text":"Analysing","type":"YA","timestamp":"2023-11-09 12:45:29"},{"nodeID":"1292835","text":"Jordan: Fiona Bruce: you are talking about the people in your office","type":"L","timestamp":"2023-11-09 12:45:29"},{"nodeID":"1292836","text":"Asserting","type":"YA","timestamp":"2023-11-09 12:45:29"},{"nodeID":"1292837","text":"Default Transition","type":"TA","timestamp":"2023-11-09 12:45:29"},{"nodeID":"1292838","text":"when this comes to ambulance workers, community trust workers, hospital workers Chris Hopson is obviously here as the face of that","type":"I","timestamp":"2023-11-09 12:45:30"},{"nodeID":"1292839","text":"Fiona Bruce: when this comes to ambulance workers, community trust workers, hospital workers you are obviously here as the face of that","type":"L","timestamp":"2023-11-09 12:45:30"},{"nodeID":"1292840","text":"Analysing","type":"YA","timestamp":"2023-11-09 12:45:30"},{"nodeID":"1292841","text":"Jordan: Fiona Bruce: when this comes to ambulance workers, community trust workers, hospital workers you are obviously here as the face of that","type":"L","timestamp":"2023-11-09 12:45:30"},{"nodeID":"1292842","text":"Asserting","type":"YA","timestamp":"2023-11-09 12:45:30"},{"nodeID":"1292843","text":"Default Transition","type":"TA","timestamp":"2023-11-09 12:45:30"},{"nodeID":"1292844","text":"Default Conflict","type":"CA","timestamp":"2023-11-09 12:45:30"},{"nodeID":"1292845","text":"Disagreeing","type":"YA","timestamp":"2023-11-09 12:45:30"},{"nodeID":"1292846","text":"Chris Hopson does or does not think that these protections should be legally binding, as it is being suggested or optional extras, as John is suggesting","type":"I","timestamp":"2023-11-09 12:45:30"},{"nodeID":"1292847","text":"Fiona Bruce: Do you think that these protections should be legally binding, as it is being suggested or optional extras, as John is suggesting","type":"L","timestamp":"2023-11-09 12:45:30"},{"nodeID":"1292848","text":"Analysing","type":"YA","timestamp":"2023-11-09 12:45:30"},{"nodeID":"1292849","text":"Jordan: Fiona Bruce: Do you think that these protections should be legally binding, as it is being suggested or optional extras, as John is suggesting","type":"L","timestamp":"2023-11-09 12:45:30"},{"nodeID":"1292850","text":"Pure Questioning","type":"YA","timestamp":"2023-11-09 12:45:30"},{"nodeID":"1292851","text":"Default Transition","type":"TA","timestamp":"2023-11-09 12:45:30"},{"nodeID":"1292852","text":"Default Inference","type":"RA","timestamp":"2023-11-09 12:45:30"},{"nodeID":"1292853","text":"Arguing","type":"YA","timestamp":"2023-11-09 12:45:30"},{"nodeID":"1292854","text":"Default Inference","type":"RA","timestamp":"2023-11-09 12:45:30"},{"nodeID":"1292855","text":"Arguing","type":"YA","timestamp":"2023-11-09 12:45:30"},{"nodeID":"1292856","text":"Default Inference","type":"RA","timestamp":"2023-11-09 12:45:30"},{"nodeID":"1292857","text":"Arguing","type":"YA","timestamp":"2023-11-09 12:45:30"}],"edges":[{"edgeID":"1699801","fromID":"1292752","toID":"1292751","formEdgeID":null},{"edgeID":"1699802","fromID":"1292753","toID":"1292752","formEdgeID":null},{"edgeID":"1699803","fromID":"1292751","toID":"1292754","formEdgeID":null},{"edgeID":"1699804","fromID":"1292754","toID":"1292750","formEdgeID":null},{"edgeID":"1699805","fromID":"1292757","toID":"1292756","formEdgeID":null},{"edgeID":"1699806","fromID":"1292758","toID":"1292757","formEdgeID":null},{"edgeID":"1699807","fromID":"1292756","toID":"1292759","formEdgeID":null},{"edgeID":"1699808","fromID":"1292759","toID":"1292755","formEdgeID":null},{"edgeID":"1699809","fromID":"1292751","toID":"1292760","formEdgeID":null},{"edgeID":"1699810","fromID":"1292760","toID":"1292756","formEdgeID":null},{"edgeID":"1699811","fromID":"1292762","toID":"1292761","formEdgeID":null},{"edgeID":"1699812","fromID":"1292763","toID":"1292762","formEdgeID":null},{"edgeID":"1699813","fromID":"1292761","toID":"1292764","formEdgeID":null},{"edgeID":"1699814","fromID":"1292764","toID":"585082","formEdgeID":null},{"edgeID":"1699815","fromID":"1292767","toID":"1292766","formEdgeID":null},{"edgeID":"1699816","fromID":"1292768","toID":"1292767","formEdgeID":null},{"edgeID":"1699817","fromID":"1292766","toID":"1292769","formEdgeID":null},{"edgeID":"1699818","fromID":"1292769","toID":"1292765","formEdgeID":null},{"edgeID":"1699819","fromID":"1292761","toID":"1292770","formEdgeID":null},{"edgeID":"1699820","fromID":"1292770","toID":"1292766","formEdgeID":null},{"edgeID":"1699821","fromID":"1292765","toID":"1292771","formEdgeID":null},{"edgeID":"1699822","fromID":"1292771","toID":"585082","formEdgeID":null},{"edgeID":"1699823","fromID":"1292770","toID":"1292772","formEdgeID":null},{"edgeID":"1699824","fromID":"1292772","toID":"1292771","formEdgeID":null},{"edgeID":"1699825","fromID":"1292775","toID":"1292774","formEdgeID":null},{"edgeID":"1699826","fromID":"1292776","toID":"1292775","formEdgeID":null},{"edgeID":"1699827","fromID":"1292774","toID":"1292777","formEdgeID":null},{"edgeID":"1699828","fromID":"1292777","toID":"1292773","formEdgeID":null},{"edgeID":"1699829","fromID":"1292780","toID":"1292779","formEdgeID":null},{"edgeID":"1699830","fromID":"1292781","toID":"1292780","formEdgeID":null},{"edgeID":"1699831","fromID":"1292779","toID":"1292782","formEdgeID":null},{"edgeID":"1699832","fromID":"1292782","toID":"1292778","formEdgeID":null},{"edgeID":"1699833","fromID":"1292778","toID":"1292783","formEdgeID":null},{"edgeID":"1699834","fromID":"1292783","toID":"1292773","formEdgeID":null},{"edgeID":"1699835","fromID":"1292774","toID":"1292784","formEdgeID":null},{"edgeID":"1699836","fromID":"1292784","toID":"1292779","formEdgeID":null},{"edgeID":"1699837","fromID":"1292784","toID":"1292785","formEdgeID":null},{"edgeID":"1699838","fromID":"1292785","toID":"1292783","formEdgeID":null},{"edgeID":"1699839","fromID":"1292787","toID":"1292786","formEdgeID":null},{"edgeID":"1699840","fromID":"1292788","toID":"1292787","formEdgeID":null},{"edgeID":"1699841","fromID":"1292786","toID":"1292789","formEdgeID":null},{"edgeID":"1699842","fromID":"1292789","toID":"585107","formEdgeID":null},{"edgeID":"1699843","fromID":"1292779","toID":"1292790","formEdgeID":null},{"edgeID":"1699844","fromID":"1292790","toID":"1292786","formEdgeID":null},{"edgeID":"1699845","fromID":"1292778","toID":"1292791","formEdgeID":null},{"edgeID":"1699846","fromID":"1292791","toID":"585107","formEdgeID":null},{"edgeID":"1699847","fromID":"1292790","toID":"1292792","formEdgeID":null},{"edgeID":"1699848","fromID":"1292792","toID":"1292791","formEdgeID":null},{"edgeID":"1699849","fromID":"1292766","toID":"1292793","formEdgeID":null},{"edgeID":"1699850","fromID":"1292793","toID":"1292774","formEdgeID":null},{"edgeID":"1699851","fromID":"1292796","toID":"1292795","formEdgeID":null},{"edgeID":"1699852","fromID":"1292797","toID":"1292796","formEdgeID":null},{"edgeID":"1699853","fromID":"1292795","toID":"1292798","formEdgeID":null},{"edgeID":"1699854","fromID":"1292798","toID":"1292794","formEdgeID":null},{"edgeID":"1699855","fromID":"1292786","toID":"1292799","formEdgeID":null},{"edgeID":"1699856","fromID":"1292799","toID":"1292795","formEdgeID":null},{"edgeID":"1699857","fromID":"1292794","toID":"1292800","formEdgeID":null},{"edgeID":"1699858","fromID":"1292800","toID":"585107","formEdgeID":null},{"edgeID":"1699859","fromID":"1292799","toID":"1292801","formEdgeID":null},{"edgeID":"1699860","fromID":"1292801","toID":"1292800","formEdgeID":null},{"edgeID":"1699861","fromID":"1292803","toID":"1292802","formEdgeID":null},{"edgeID":"1699862","fromID":"1292804","toID":"1292803","formEdgeID":null},{"edgeID":"1699863","fromID":"1292795","toID":"1292805","formEdgeID":null},{"edgeID":"1699864","fromID":"1292805","toID":"1292802","formEdgeID":null},{"edgeID":"1699865","fromID":"1292805","toID":"1292806","formEdgeID":null},{"edgeID":"1699866","fromID":"1292806","toID":"1292794","formEdgeID":null},{"edgeID":"1699867","fromID":"1292809","toID":"1292808","formEdgeID":null},{"edgeID":"1699868","fromID":"1292810","toID":"1292809","formEdgeID":null},{"edgeID":"1699869","fromID":"1292808","toID":"1292811","formEdgeID":null},{"edgeID":"1699870","fromID":"1292811","toID":"1292807","formEdgeID":null},{"edgeID":"1699871","fromID":"1292802","toID":"1292812","formEdgeID":null},{"edgeID":"1699872","fromID":"1292812","toID":"1292808","formEdgeID":null},{"edgeID":"1699873","fromID":"1292815","toID":"1292814","formEdgeID":null},{"edgeID":"1699874","fromID":"1292816","toID":"1292815","formEdgeID":null},{"edgeID":"1699875","fromID":"1292814","toID":"1292817","formEdgeID":null},{"edgeID":"1699876","fromID":"1292817","toID":"1292813","formEdgeID":null},{"edgeID":"1699877","fromID":"1292808","toID":"1292818","formEdgeID":null},{"edgeID":"1699878","fromID":"1292818","toID":"1292814","formEdgeID":null},{"edgeID":"1699879","fromID":"1292821","toID":"1292820","formEdgeID":null},{"edgeID":"1699880","fromID":"1292822","toID":"1292821","formEdgeID":null},{"edgeID":"1699881","fromID":"1292820","toID":"1292823","formEdgeID":null},{"edgeID":"1699882","fromID":"1292823","toID":"1292819","formEdgeID":null},{"edgeID":"1699883","fromID":"1292819","toID":"1292824","formEdgeID":null},{"edgeID":"1699884","fromID":"1292824","toID":"1292813","formEdgeID":null},{"edgeID":"1699885","fromID":"1292814","toID":"1292825","formEdgeID":null},{"edgeID":"1699886","fromID":"1292825","toID":"1292820","formEdgeID":null},{"edgeID":"1699887","fromID":"1292825","toID":"1292826","formEdgeID":null},{"edgeID":"1699888","fromID":"1292826","toID":"1292824","formEdgeID":null},{"edgeID":"1699889","fromID":"1292829","toID":"1292828","formEdgeID":null},{"edgeID":"1699890","fromID":"1292830","toID":"1292829","formEdgeID":null},{"edgeID":"1699891","fromID":"1292828","toID":"1292831","formEdgeID":null},{"edgeID":"1699892","fromID":"1292831","toID":"1292827","formEdgeID":null},{"edgeID":"1699893","fromID":"1292820","toID":"1292832","formEdgeID":null},{"edgeID":"1699894","fromID":"1292832","toID":"1292828","formEdgeID":null},{"edgeID":"1699895","fromID":"1292834","toID":"1292833","formEdgeID":null},{"edgeID":"1699896","fromID":"1292835","toID":"1292834","formEdgeID":null},{"edgeID":"1699897","fromID":"1292833","toID":"1292836","formEdgeID":null},{"edgeID":"1699898","fromID":"1292836","toID":"585137","formEdgeID":null},{"edgeID":"1699899","fromID":"1292828","toID":"1292837","formEdgeID":null},{"edgeID":"1699900","fromID":"1292837","toID":"1292833","formEdgeID":null},{"edgeID":"1699901","fromID":"1292840","toID":"1292839","formEdgeID":null},{"edgeID":"1699902","fromID":"1292841","toID":"1292840","formEdgeID":null},{"edgeID":"1699903","fromID":"1292839","toID":"1292842","formEdgeID":null},{"edgeID":"1699904","fromID":"1292842","toID":"1292838","formEdgeID":null},{"edgeID":"1699905","fromID":"1292833","toID":"1292843","formEdgeID":null},{"edgeID":"1699906","fromID":"1292843","toID":"1292839","formEdgeID":null},{"edgeID":"1699907","fromID":"1292838","toID":"1292844","formEdgeID":null},{"edgeID":"1699908","fromID":"1292844","toID":"585137","formEdgeID":null},{"edgeID":"1699909","fromID":"1292843","toID":"1292845","formEdgeID":null},{"edgeID":"1699910","fromID":"1292845","toID":"1292844","formEdgeID":null},{"edgeID":"1699911","fromID":"1292848","toID":"1292847","formEdgeID":null},{"edgeID":"1699912","fromID":"1292849","toID":"1292848","formEdgeID":null},{"edgeID":"1699913","fromID":"1292847","toID":"1292850","formEdgeID":null},{"edgeID":"1699914","fromID":"1292850","toID":"1292846","formEdgeID":null},{"edgeID":"1699915","fromID":"1292839","toID":"1292851","formEdgeID":null},{"edgeID":"1699916","fromID":"1292851","toID":"1292847","formEdgeID":null},{"edgeID":"1699917","fromID":"1292838","toID":"1292852","formEdgeID":null},{"edgeID":"1699918","fromID":"1292852","toID":"1292846","formEdgeID":null},{"edgeID":"1699919","fromID":"1292851","toID":"1292853","formEdgeID":null},{"edgeID":"1699920","fromID":"1292853","toID":"1292852","formEdgeID":null},{"edgeID":"1699921","fromID":"1292807","toID":"1292854","formEdgeID":null},{"edgeID":"1699922","fromID":"1292854","toID":"1292813","formEdgeID":null},{"edgeID":"1699923","fromID":"1292818","toID":"1292855","formEdgeID":null},{"edgeID":"1699924","fromID":"1292855","toID":"1292854","formEdgeID":null},{"edgeID":"1699925","fromID":"1292827","toID":"1292856","formEdgeID":null},{"edgeID":"1699926","fromID":"1292856","toID":"1292819","formEdgeID":null},{"edgeID":"1699927","fromID":"1292832","toID":"1292857","formEdgeID":null},{"edgeID":"1699928","fromID":"1292857","toID":"1292856","formEdgeID":null}],"locutions":[]}