{"nodes":[{"nodeID":"497806","text":"we were not making comparisons","type":"I","timestamp":"2020-05-14 19:39:06"},{"nodeID":"497810","text":"we have always tracked the death rates reported in all countries","type":"I","timestamp":"2020-05-14 19:39:06"},{"nodeID":"497854","text":"we were roughly 2 to 3 weeks behind countries like Italy and France","type":"I","timestamp":"2020-05-14 19:55:33"},{"nodeID":"497864","text":"it is not true that we were not prepared","type":"I","timestamp":"2020-05-14 19:55:34"},{"nodeID":"497900","text":"the scientific advice was not that we should have locked down earlier than we did","type":"I","timestamp":"2020-05-14 19:55:39"},{"nodeID":"497907","text":"as soon as the advice was we should lockdown, that's exactly what we did","type":"I","timestamp":"2020-05-14 19:55:40"},{"nodeID":"1288884","text":"George Eustice: We were not making comparisons","type":"L","timestamp":"2023-11-09 12:39:59"},{"nodeID":"1288885","text":"Analysing","type":"YA","timestamp":"2023-11-09 12:39:59"},{"nodeID":"1288886","text":"Jordan: George Eustice: We were not making comparisons","type":"L","timestamp":"2023-11-09 12:39:59"},{"nodeID":"1288887","text":"Asserting","type":"YA","timestamp":"2023-11-09 12:39:59"},{"nodeID":"1288888","text":"George Eustice: We have always tracked the death rates reported in all countries","type":"L","timestamp":"2023-11-09 12:39:59"},{"nodeID":"1288889","text":"Analysing","type":"YA","timestamp":"2023-11-09 12:39:59"},{"nodeID":"1288890","text":"Jordan: George Eustice: We have always tracked the death rates reported in all countries","type":"L","timestamp":"2023-11-09 12:39:59"},{"nodeID":"1288891","text":"Asserting","type":"YA","timestamp":"2023-11-09 12:39:59"},{"nodeID":"1288892","text":"Default Transition","type":"TA","timestamp":"2023-11-09 12:39:59"},{"nodeID":"1288893","text":"Default Inference","type":"RA","timestamp":"2023-11-09 12:39:59"},{"nodeID":"1288894","text":"Arguing","type":"YA","timestamp":"2023-11-09 12:39:59"},{"nodeID":"1288895","text":"we followed the advice of the chief medical officer and Chief Scientific Adviser all along","type":"I","timestamp":"2023-11-09 12:40:00"},{"nodeID":"1288896","text":"George Eustice: We followed the advice of the chief medical officer and Chief Scientific Adviser all along","type":"L","timestamp":"2023-11-09 12:40:00"},{"nodeID":"1288897","text":"Analysing","type":"YA","timestamp":"2023-11-09 12:40:00"},{"nodeID":"1288898","text":"Jordan: George Eustice: We followed the advice of the chief medical officer and Chief Scientific Adviser all along","type":"L","timestamp":"2023-11-09 12:40:00"},{"nodeID":"1288899","text":"Asserting","type":"YA","timestamp":"2023-11-09 12:40:00"},{"nodeID":"1288900","text":"George Eustice: I think was correct","type":"L","timestamp":"2023-11-09 12:40:00"},{"nodeID":"1288901","text":"Analysing","type":"YA","timestamp":"2023-11-09 12:40:00"},{"nodeID":"1288902","text":"Jordan: George Eustice: I think was correct","type":"L","timestamp":"2023-11-09 12:40:00"},{"nodeID":"1288903","text":"Default Transition","type":"TA","timestamp":"2023-11-09 12:40:00"},{"nodeID":"1288904","text":"Agreeing","type":"YA","timestamp":"2023-11-09 12:40:00"},{"nodeID":"1288905","text":"Default Transition","type":"TA","timestamp":"2023-11-09 12:40:00"},{"nodeID":"1288906","text":"George Eustice: we were roughly 2 to 3 weeks behind countries like Italy and France","type":"L","timestamp":"2023-11-09 12:40:00"},{"nodeID":"1288907","text":"Analysing","type":"YA","timestamp":"2023-11-09 12:40:00"},{"nodeID":"1288908","text":"Jordan: George Eustice: we were roughly 2 to 3 weeks behind countries like Italy and France","type":"L","timestamp":"2023-11-09 12:40:00"},{"nodeID":"1288909","text":"Asserting","type":"YA","timestamp":"2023-11-09 12:40:00"},{"nodeID":"1288910","text":"Default Transition","type":"TA","timestamp":"2023-11-09 12:40:00"},{"nodeID":"1288911","text":"we were on a different level","type":"I","timestamp":"2023-11-09 12:40:00"},{"nodeID":"1288912","text":"George Eustice: We were on a different level","type":"L","timestamp":"2023-11-09 12:40:00"},{"nodeID":"1288913","text":"Analysing","type":"YA","timestamp":"2023-11-09 12:40:00"},{"nodeID":"1288914","text":"Jordan: George Eustice: We were on a different level","type":"L","timestamp":"2023-11-09 12:40:00"},{"nodeID":"1288915","text":"Asserting","type":"YA","timestamp":"2023-11-09 12:40:00"},{"nodeID":"1288916","text":"Default Transition","type":"TA","timestamp":"2023-11-09 12:40:00"},{"nodeID":"1288917","text":"Default Inference","type":"RA","timestamp":"2023-11-09 12:40:00"},{"nodeID":"1288918","text":"Arguing","type":"YA","timestamp":"2023-11-09 12:40:00"},{"nodeID":"1288919","text":"it was not appropriate to lockdown at the point Italy and France did","type":"I","timestamp":"2023-11-09 12:40:01"},{"nodeID":"1288920","text":"George Eustice:  That's why it was not appropriate to lockdown at the point they did","type":"L","timestamp":"2023-11-09 12:40:01"},{"nodeID":"1288921","text":"Analysing","type":"YA","timestamp":"2023-11-09 12:40:01"},{"nodeID":"1288922","text":"Jordan: George Eustice:  That's why it was not appropriate to lockdown at the point they did","type":"L","timestamp":"2023-11-09 12:40:01"},{"nodeID":"1288923","text":"Asserting","type":"YA","timestamp":"2023-11-09 12:40:01"},{"nodeID":"1288924","text":"Default Conflict","type":"CA","timestamp":"2023-11-09 12:40:01"},{"nodeID":"1288925","text":"Default Transition","type":"TA","timestamp":"2023-11-09 12:40:01"},{"nodeID":"1288926","text":"Disagreeing","type":"YA","timestamp":"2023-11-09 12:40:01"},{"nodeID":"1288927","text":"George Eustice: It is not true that we were not prepared","type":"L","timestamp":"2023-11-09 12:40:01"},{"nodeID":"1288928","text":"Analysing","type":"YA","timestamp":"2023-11-09 12:40:01"},{"nodeID":"1288929","text":"Jordan: George Eustice: It is not true that we were not prepared","type":"L","timestamp":"2023-11-09 12:40:01"},{"nodeID":"1288930","text":"Asserting","type":"YA","timestamp":"2023-11-09 12:40:01"},{"nodeID":"1288931","text":"there were all sorts of planning meetings that were taking place on this right from January onwards","type":"I","timestamp":"2023-11-09 12:40:02"},{"nodeID":"1288932","text":"George Eustice: There were all sorts of planning meetings that were taking place on this right from January onwards","type":"L","timestamp":"2023-11-09 12:40:02"},{"nodeID":"1288933","text":"Analysing","type":"YA","timestamp":"2023-11-09 12:40:02"},{"nodeID":"1288934","text":"Jordan: George Eustice: There were all sorts of planning meetings that were taking place on this right from January onwards","type":"L","timestamp":"2023-11-09 12:40:02"},{"nodeID":"1288935","text":"Asserting","type":"YA","timestamp":"2023-11-09 12:40:02"},{"nodeID":"1288936","text":"Default Transition","type":"TA","timestamp":"2023-11-09 12:40:02"},{"nodeID":"1288937","text":"Default Inference","type":"RA","timestamp":"2023-11-09 12:40:02"},{"nodeID":"1288938","text":"Default Transition","type":"TA","timestamp":"2023-11-09 12:40:02"},{"nodeID":"1288939","text":"Arguing","type":"YA","timestamp":"2023-11-09 12:40:02"},{"nodeID":"1288940","text":"lockdown preparation meetings were occupying all of Matt Hancock's time","type":"I","timestamp":"2023-11-09 12:40:02"},{"nodeID":"1288941","text":"George Eustice: It was occupying all of Matt Hancock's time","type":"L","timestamp":"2023-11-09 12:40:02"},{"nodeID":"1288942","text":"Analysing","type":"YA","timestamp":"2023-11-09 12:40:02"},{"nodeID":"1288943","text":"Jordan: George Eustice: It was occupying all of Matt Hancock's time","type":"L","timestamp":"2023-11-09 12:40:02"},{"nodeID":"1288944","text":"Asserting","type":"YA","timestamp":"2023-11-09 12:40:02"},{"nodeID":"1288945","text":"Default Inference","type":"RA","timestamp":"2023-11-09 12:40:02"},{"nodeID":"1288946","text":"Default Transition","type":"TA","timestamp":"2023-11-09 12:40:02"},{"nodeID":"1288947","text":"Arguing","type":"YA","timestamp":"2023-11-09 12:40:02"},{"nodeID":"1288948","text":"lots and lots of planning and preparation went into responding to a lockdown","type":"I","timestamp":"2023-11-09 12:40:03"},{"nodeID":"1288949","text":"George Eustice: So lots and lots of planning and preparation went into responding to this","type":"L","timestamp":"2023-11-09 12:40:03"},{"nodeID":"1288950","text":"Analysing","type":"YA","timestamp":"2023-11-09 12:40:03"},{"nodeID":"1288951","text":"Jordan: George Eustice: So lots and lots of planning and preparation went into responding to this","type":"L","timestamp":"2023-11-09 12:40:03"},{"nodeID":"1288952","text":"Asserting","type":"YA","timestamp":"2023-11-09 12:40:03"},{"nodeID":"1288953","text":"Default Transition","type":"TA","timestamp":"2023-11-09 12:40:03"},{"nodeID":"1288954","text":"Default Inference","type":"RA","timestamp":"2023-11-09 12:40:03"},{"nodeID":"1288955","text":"Arguing","type":"YA","timestamp":"2023-11-09 12:40:03"},{"nodeID":"1288956","text":"George Eustice: it was the case that the scientific advice was not that we should have locked down earlier than we did","type":"L","timestamp":"2023-11-09 12:40:03"},{"nodeID":"1288957","text":"Analysing","type":"YA","timestamp":"2023-11-09 12:40:03"},{"nodeID":"1288958","text":"Jordan: George Eustice: it was the case that the scientific advice was not that we should have locked down earlier than we did","type":"L","timestamp":"2023-11-09 12:40:03"},{"nodeID":"1288959","text":"Asserting","type":"YA","timestamp":"2023-11-09 12:40:03"},{"nodeID":"1288960","text":"Default Conflict","type":"CA","timestamp":"2023-11-09 12:40:03"},{"nodeID":"1288961","text":"Default Transition","type":"TA","timestamp":"2023-11-09 12:40:03"},{"nodeID":"1288962","text":"Disagreeing","type":"YA","timestamp":"2023-11-09 12:40:03"},{"nodeID":"1288963","text":"George Eustice: As soon as the advice was we should lockdown, that's exactly what we did","type":"L","timestamp":"2023-11-09 12:40:03"},{"nodeID":"1288964","text":"Analysing","type":"YA","timestamp":"2023-11-09 12:40:03"},{"nodeID":"1288965","text":"Jordan: George Eustice: As soon as the advice was we should lockdown, that's exactly what we did","type":"L","timestamp":"2023-11-09 12:40:03"},{"nodeID":"1288966","text":"Asserting","type":"YA","timestamp":"2023-11-09 12:40:03"},{"nodeID":"1288967","text":"Default Transition","type":"TA","timestamp":"2023-11-09 12:40:03"},{"nodeID":"1288968","text":"Default Inference","type":"RA","timestamp":"2023-11-09 12:40:03"},{"nodeID":"1288969","text":"Arguing","type":"YA","timestamp":"2023-11-09 12:40:03"}],"edges":[{"edgeID":"1695212","fromID":"1288885","toID":"1288884","formEdgeID":null},{"edgeID":"1695213","fromID":"1288886","toID":"1288885","formEdgeID":null},{"edgeID":"1695214","fromID":"1288884","toID":"1288887","formEdgeID":null},{"edgeID":"1695215","fromID":"1288887","toID":"497806","formEdgeID":null},{"edgeID":"1695216","fromID":"1288889","toID":"1288888","formEdgeID":null},{"edgeID":"1695217","fromID":"1288890","toID":"1288889","formEdgeID":null},{"edgeID":"1695218","fromID":"1288888","toID":"1288891","formEdgeID":null},{"edgeID":"1695219","fromID":"1288891","toID":"497810","formEdgeID":null},{"edgeID":"1695220","fromID":"1288884","toID":"1288892","formEdgeID":null},{"edgeID":"1695221","fromID":"1288892","toID":"1288888","formEdgeID":null},{"edgeID":"1695222","fromID":"497810","toID":"1288893","formEdgeID":null},{"edgeID":"1695223","fromID":"1288893","toID":"497806","formEdgeID":null},{"edgeID":"1695224","fromID":"1288892","toID":"1288894","formEdgeID":null},{"edgeID":"1695225","fromID":"1288894","toID":"1288893","formEdgeID":null},{"edgeID":"1695226","fromID":"1288897","toID":"1288896","formEdgeID":null},{"edgeID":"1695227","fromID":"1288898","toID":"1288897","formEdgeID":null},{"edgeID":"1695228","fromID":"1288896","toID":"1288899","formEdgeID":null},{"edgeID":"1695229","fromID":"1288899","toID":"1288895","formEdgeID":null},{"edgeID":"1695230","fromID":"1288901","toID":"1288900","formEdgeID":null},{"edgeID":"1695231","fromID":"1288902","toID":"1288901","formEdgeID":null},{"edgeID":"1695232","fromID":"1288896","toID":"1288903","formEdgeID":null},{"edgeID":"1695233","fromID":"1288903","toID":"1288900","formEdgeID":null},{"edgeID":"1695234","fromID":"1288903","toID":"1288904","formEdgeID":null},{"edgeID":"1695235","fromID":"1288904","toID":"1288895","formEdgeID":null},{"edgeID":"1695236","fromID":"1288888","toID":"1288905","formEdgeID":null},{"edgeID":"1695237","fromID":"1288905","toID":"1288896","formEdgeID":null},{"edgeID":"1695238","fromID":"1288907","toID":"1288906","formEdgeID":null},{"edgeID":"1695239","fromID":"1288908","toID":"1288907","formEdgeID":null},{"edgeID":"1695240","fromID":"1288906","toID":"1288909","formEdgeID":null},{"edgeID":"1695241","fromID":"1288909","toID":"497854","formEdgeID":null},{"edgeID":"1695242","fromID":"1288900","toID":"1288910","formEdgeID":null},{"edgeID":"1695243","fromID":"1288910","toID":"1288906","formEdgeID":null},{"edgeID":"1695244","fromID":"1288913","toID":"1288912","formEdgeID":null},{"edgeID":"1695245","fromID":"1288914","toID":"1288913","formEdgeID":null},{"edgeID":"1695246","fromID":"1288912","toID":"1288915","formEdgeID":null},{"edgeID":"1695247","fromID":"1288915","toID":"1288911","formEdgeID":null},{"edgeID":"1695248","fromID":"1288906","toID":"1288916","formEdgeID":null},{"edgeID":"1695249","fromID":"1288916","toID":"1288912","formEdgeID":null},{"edgeID":"1695250","fromID":"497854","toID":"1288917","formEdgeID":null},{"edgeID":"1695251","fromID":"1288917","toID":"1288911","formEdgeID":null},{"edgeID":"1695252","fromID":"1288916","toID":"1288918","formEdgeID":null},{"edgeID":"1695253","fromID":"1288918","toID":"1288917","formEdgeID":null},{"edgeID":"1695254","fromID":"1288921","toID":"1288920","formEdgeID":null},{"edgeID":"1695255","fromID":"1288922","toID":"1288921","formEdgeID":null},{"edgeID":"1695256","fromID":"1288920","toID":"1288923","formEdgeID":null},{"edgeID":"1695257","fromID":"1288923","toID":"1288919","formEdgeID":null},{"edgeID":"1695258","fromID":"1288919","toID":"1288924","formEdgeID":null},{"edgeID":"1695259","fromID":"1288924","toID":"497854","formEdgeID":null},{"edgeID":"1695260","fromID":"1288906","toID":"1288925","formEdgeID":null},{"edgeID":"1695261","fromID":"1288925","toID":"1288920","formEdgeID":null},{"edgeID":"1695262","fromID":"1288925","toID":"1288926","formEdgeID":null},{"edgeID":"1695263","fromID":"1288926","toID":"1288924","formEdgeID":null},{"edgeID":"1695264","fromID":"1288928","toID":"1288927","formEdgeID":null},{"edgeID":"1695265","fromID":"1288929","toID":"1288928","formEdgeID":null},{"edgeID":"1695266","fromID":"1288927","toID":"1288930","formEdgeID":null},{"edgeID":"1695267","fromID":"1288930","toID":"497864","formEdgeID":null},{"edgeID":"1695268","fromID":"1288933","toID":"1288932","formEdgeID":null},{"edgeID":"1695269","fromID":"1288934","toID":"1288933","formEdgeID":null},{"edgeID":"1695270","fromID":"1288932","toID":"1288935","formEdgeID":null},{"edgeID":"1695271","fromID":"1288935","toID":"1288931","formEdgeID":null},{"edgeID":"1695272","fromID":"1288920","toID":"1288936","formEdgeID":null},{"edgeID":"1695273","fromID":"1288936","toID":"1288927","formEdgeID":null},{"edgeID":"1695274","fromID":"1288931","toID":"1288937","formEdgeID":null},{"edgeID":"1695275","fromID":"1288937","toID":"497864","formEdgeID":null},{"edgeID":"1695276","fromID":"1288932","toID":"1288938","formEdgeID":null},{"edgeID":"1695277","fromID":"1288938","toID":"1288927","formEdgeID":null},{"edgeID":"1695278","fromID":"1288938","toID":"1288939","formEdgeID":null},{"edgeID":"1695279","fromID":"1288939","toID":"1288937","formEdgeID":null},{"edgeID":"1695280","fromID":"1288942","toID":"1288941","formEdgeID":null},{"edgeID":"1695281","fromID":"1288943","toID":"1288942","formEdgeID":null},{"edgeID":"1695282","fromID":"1288941","toID":"1288944","formEdgeID":null},{"edgeID":"1695283","fromID":"1288944","toID":"1288940","formEdgeID":null},{"edgeID":"1695284","fromID":"1288931","toID":"1288945","formEdgeID":null},{"edgeID":"1695285","fromID":"1288945","toID":"1288940","formEdgeID":null},{"edgeID":"1695286","fromID":"1288932","toID":"1288946","formEdgeID":null},{"edgeID":"1695287","fromID":"1288946","toID":"1288941","formEdgeID":null},{"edgeID":"1695288","fromID":"1288946","toID":"1288947","formEdgeID":null},{"edgeID":"1695289","fromID":"1288947","toID":"1288945","formEdgeID":null},{"edgeID":"1695290","fromID":"1288950","toID":"1288949","formEdgeID":null},{"edgeID":"1695291","fromID":"1288951","toID":"1288950","formEdgeID":null},{"edgeID":"1695292","fromID":"1288949","toID":"1288952","formEdgeID":null},{"edgeID":"1695293","fromID":"1288952","toID":"1288948","formEdgeID":null},{"edgeID":"1695294","fromID":"1288941","toID":"1288953","formEdgeID":null},{"edgeID":"1695295","fromID":"1288953","toID":"1288949","formEdgeID":null},{"edgeID":"1695296","fromID":"1288940","toID":"1288954","formEdgeID":null},{"edgeID":"1695297","fromID":"1288954","toID":"1288948","formEdgeID":null},{"edgeID":"1695298","fromID":"1288953","toID":"1288955","formEdgeID":null},{"edgeID":"1695299","fromID":"1288955","toID":"1288954","formEdgeID":null},{"edgeID":"1695300","fromID":"1288957","toID":"1288956","formEdgeID":null},{"edgeID":"1695301","fromID":"1288958","toID":"1288957","formEdgeID":null},{"edgeID":"1695302","fromID":"1288956","toID":"1288959","formEdgeID":null},{"edgeID":"1695303","fromID":"1288959","toID":"497900","formEdgeID":null},{"edgeID":"1695304","fromID":"497900","toID":"1288960","formEdgeID":null},{"edgeID":"1695305","fromID":"1288960","toID":"1288948","formEdgeID":null},{"edgeID":"1695306","fromID":"1288949","toID":"1288961","formEdgeID":null},{"edgeID":"1695307","fromID":"1288961","toID":"1288956","formEdgeID":null},{"edgeID":"1695308","fromID":"1288961","toID":"1288962","formEdgeID":null},{"edgeID":"1695309","fromID":"1288962","toID":"1288960","formEdgeID":null},{"edgeID":"1695310","fromID":"1288964","toID":"1288963","formEdgeID":null},{"edgeID":"1695311","fromID":"1288965","toID":"1288964","formEdgeID":null},{"edgeID":"1695312","fromID":"1288963","toID":"1288966","formEdgeID":null},{"edgeID":"1695313","fromID":"1288966","toID":"497907","formEdgeID":null},{"edgeID":"1695314","fromID":"1288956","toID":"1288967","formEdgeID":null},{"edgeID":"1695315","fromID":"1288967","toID":"1288963","formEdgeID":null},{"edgeID":"1695316","fromID":"497907","toID":"1288968","formEdgeID":null},{"edgeID":"1695317","fromID":"1288968","toID":"497900","formEdgeID":null},{"edgeID":"1695318","fromID":"1288967","toID":"1288969","formEdgeID":null},{"edgeID":"1695319","fromID":"1288969","toID":"1288968","formEdgeID":null}],"locutions":[]}