{"nodes":[{"nodeID":"500299","text":"by February other countries were already implementing lockdown measures","type":"I","timestamp":"2020-05-14 20:56:26"},{"nodeID":"1288457","text":"there are conclusions to be drawn","type":"I","timestamp":"2023-11-09 12:39:19"},{"nodeID":"1288458","text":"Afua Hirsch: there are conclusions to be drawn","type":"L","timestamp":"2023-11-09 12:39:19"},{"nodeID":"1288459","text":"Analysing","type":"YA","timestamp":"2023-11-09 12:39:19"},{"nodeID":"1288460","text":"Joanne: Afua Hirsch: there are conclusions to be drawn","type":"L","timestamp":"2023-11-09 12:39:19"},{"nodeID":"1288461","text":"Asserting","type":"YA","timestamp":"2023-11-09 12:39:19"},{"nodeID":"1288462","text":"Afua Hirsch remembers in February two local schools where she lives in South London were closed","type":"I","timestamp":"2023-11-09 12:39:20"},{"nodeID":"1288463","text":"Afua Hirsch: I remember in February two local schools where I live in South London were closed","type":"L","timestamp":"2023-11-09 12:39:20"},{"nodeID":"1288464","text":"Analysing","type":"YA","timestamp":"2023-11-09 12:39:20"},{"nodeID":"1288465","text":"Joanne: Afua Hirsch: I remember in February two local schools where I live in South London were closed","type":"L","timestamp":"2023-11-09 12:39:20"},{"nodeID":"1288466","text":"Asserting","type":"YA","timestamp":"2023-11-09 12:39:20"},{"nodeID":"1288467","text":"the Coronavirus","type":"I","timestamp":"2023-11-09 12:39:20"},{"nodeID":"1288468","text":"Afua Hirsch: the Coronavirus","type":"L","timestamp":"2023-11-09 12:39:20"},{"nodeID":"1288469","text":"Joanne: Afua Hirsch: the Coronavirus","type":"L","timestamp":"2023-11-09 12:39:20"},{"nodeID":"1288470","text":"Analysing","type":"YA","timestamp":"2023-11-09 12:39:20"},{"nodeID":"1288471","text":"Asserting","type":"YA","timestamp":"2023-11-09 12:39:20"},{"nodeID":"1288472","text":"Default Transition","type":"TA","timestamp":"2023-11-09 12:39:20"},{"nodeID":"1288473","text":"Default Transition","type":"TA","timestamp":"2023-11-09 12:39:20"},{"nodeID":"1288474","text":"there were concerns about the infection of the Coronavirus spreading","type":"I","timestamp":"2023-11-09 12:39:21"},{"nodeID":"1288475","text":"Afua Hirsch: there were concerns about the infection spreading","type":"L","timestamp":"2023-11-09 12:39:21"},{"nodeID":"1288476","text":"Analysing","type":"YA","timestamp":"2023-11-09 12:39:21"},{"nodeID":"1288477","text":"Joanne: Afua Hirsch: there were concerns about the infection spreading","type":"L","timestamp":"2023-11-09 12:39:21"},{"nodeID":"1288478","text":"Asserting","type":"YA","timestamp":"2023-11-09 12:39:21"},{"nodeID":"1288479","text":"Default Transition","type":"TA","timestamp":"2023-11-09 12:39:21"},{"nodeID":"1288480","text":"Default Rephrase","type":"MA","timestamp":"2023-11-09 12:39:21"},{"nodeID":"1288481","text":"Default Inference","type":"RA","timestamp":"2023-11-09 12:39:21"},{"nodeID":"1288482","text":"Arguing","type":"YA","timestamp":"2023-11-09 12:39:21"},{"nodeID":"1288483","text":"Restating","type":"YA","timestamp":"2023-11-09 12:39:21"},{"nodeID":"1288484","text":"Afua Hirsch: by then other countries were already implementing lockdown measures","type":"L","timestamp":"2023-11-09 12:39:21"},{"nodeID":"1288485","text":"Analysing","type":"YA","timestamp":"2023-11-09 12:39:21"},{"nodeID":"1288486","text":"Joanne: Afua Hirsch: by then other countries were already implementing lockdown measures","type":"L","timestamp":"2023-11-09 12:39:21"},{"nodeID":"1288487","text":"Asserting","type":"YA","timestamp":"2023-11-09 12:39:21"},{"nodeID":"1288488","text":"Default Inference","type":"RA","timestamp":"2023-11-09 12:39:21"},{"nodeID":"1288489","text":"Default Transition","type":"TA","timestamp":"2023-11-09 12:39:21"},{"nodeID":"1288490","text":"Arguing","type":"YA","timestamp":"2023-11-09 12:39:21"},{"nodeID":"1288491","text":"it was weeks before our government started to take the infection of the Coronavirus spreading seriously","type":"I","timestamp":"2023-11-09 12:39:22"},{"nodeID":"1288492","text":"Afua Hirsch: It was weeks before our government started to take this seriously","type":"L","timestamp":"2023-11-09 12:39:22"},{"nodeID":"1288493","text":"Analysing","type":"YA","timestamp":"2023-11-09 12:39:22"},{"nodeID":"1288494","text":"Joanne: Afua Hirsch: It was weeks before our government started to take this seriously","type":"L","timestamp":"2023-11-09 12:39:22"},{"nodeID":"1288495","text":"Asserting","type":"YA","timestamp":"2023-11-09 12:39:22"},{"nodeID":"1288496","text":"Default Transition","type":"TA","timestamp":"2023-11-09 12:39:22"},{"nodeID":"1288497","text":"AudienceMember 20220224QT01's question, which is a really sad and honest one to hear has kind of two components","type":"I","timestamp":"2023-11-09 12:39:22"},{"nodeID":"1288498","text":"Afua Hirsch: Margaret's question, which is a really sad and honest one to hear has kind of two components","type":"L","timestamp":"2023-11-09 12:39:22"},{"nodeID":"1288499","text":"Analysing","type":"YA","timestamp":"2023-11-09 12:39:22"},{"nodeID":"1288500","text":"Joanne: Afua Hirsch: Margaret's question, which is a really sad and honest one to hear has kind of two components","type":"L","timestamp":"2023-11-09 12:39:22"},{"nodeID":"1288501","text":"Asserting","type":"YA","timestamp":"2023-11-09 12:39:22"},{"nodeID":"1288502","text":"Default Transition","type":"TA","timestamp":"2023-11-09 12:39:22"},{"nodeID":"1288503","text":"the government handled the infection of the Coronavirus spreading this way because xxx","type":"I","timestamp":"2023-11-09 12:39:23"},{"nodeID":"1288504","text":"Afua Hirsch:  why has the government handled it this way","type":"L","timestamp":"2023-11-09 12:39:23"},{"nodeID":"1288505","text":"Analysing","type":"YA","timestamp":"2023-11-09 12:39:23"},{"nodeID":"1288506","text":"Pure Questioning","type":"YA","timestamp":"2023-11-09 12:39:23"},{"nodeID":"1288507","text":"Joanne: Afua Hirsch:  why has the government handled it this way","type":"L","timestamp":"2023-11-09 12:39:23"},{"nodeID":"1288508","text":"Default Transition","type":"TA","timestamp":"2023-11-09 12:39:23"},{"nodeID":"1288509","text":"everything taken so long because xxx","type":"I","timestamp":"2023-11-09 12:39:24"},{"nodeID":"1288510","text":"Afua Hirsch: Why has everything taken so long","type":"L","timestamp":"2023-11-09 12:39:24"},{"nodeID":"1288511","text":"Analysing","type":"YA","timestamp":"2023-11-09 12:39:24"},{"nodeID":"1288512","text":"Joanne: Afua Hirsch: Why has everything taken so long","type":"L","timestamp":"2023-11-09 12:39:24"},{"nodeID":"1288513","text":"Pure Questioning","type":"YA","timestamp":"2023-11-09 12:39:24"},{"nodeID":"1288514","text":"Default Transition","type":"TA","timestamp":"2023-11-09 12:39:24"},{"nodeID":"1288515","text":"we feel we are playing catch up on PPE and lockdown measures because xxx","type":"I","timestamp":"2023-11-09 12:39:24"},{"nodeID":"1288516","text":"Afua Hirsch: Why do we feel we are playing catch up on PPE and lockdown measures","type":"L","timestamp":"2023-11-09 12:39:24"},{"nodeID":"1288517","text":"Analysing","type":"YA","timestamp":"2023-11-09 12:39:24"},{"nodeID":"1288518","text":"Joanne: Afua Hirsch: Why do we feel we are playing catch up on PPE and lockdown measures","type":"L","timestamp":"2023-11-09 12:39:24"},{"nodeID":"1288519","text":"Pure Questioning","type":"YA","timestamp":"2023-11-09 12:39:24"},{"nodeID":"1288520","text":"Default Transition","type":"TA","timestamp":"2023-11-09 12:39:24"},{"nodeID":"1288521","text":"to hear the United Kingdom government congratulating itself on the way it's happened","type":"I","timestamp":"2023-11-09 12:39:25"},{"nodeID":"1288522","text":"Afua Hirsch: to hear our government congratulating itself on the way it's happened","type":"L","timestamp":"2023-11-09 12:39:25"},{"nodeID":"1288523","text":"Joanne: Afua Hirsch: to hear our government congratulating itself on the way it's happened","type":"L","timestamp":"2023-11-09 12:39:25"},{"nodeID":"1288524","text":"Analysing","type":"YA","timestamp":"2023-11-09 12:39:25"},{"nodeID":"1288525","text":"Asserting","type":"YA","timestamp":"2023-11-09 12:39:25"},{"nodeID":"1288526","text":"it's our success","type":"I","timestamp":"2023-11-09 12:39:25"},{"nodeID":"1288527","text":"Afua Hirsch: Boris Johnson apparently called it our success","type":"L","timestamp":"2023-11-09 12:39:25"},{"nodeID":"1288528","text":"Analysing","type":"YA","timestamp":"2023-11-09 12:39:25"},{"nodeID":"1288529","text":"Joanne: Afua Hirsch: Boris Johnson apparently called it our success","type":"L","timestamp":"2023-11-09 12:39:25"},{"nodeID":"1288530","text":"Boris Johnson: it's our success","type":"L","timestamp":"2023-11-09 12:39:25"},{"nodeID":"1288531","text":"Analysing","type":"YA","timestamp":"2023-11-09 12:39:25"},{"nodeID":"1288532","text":"Joanne: Boris Johnson: Boris Johnson apparently called it our success","type":"L","timestamp":"2023-11-09 12:39:25"},{"nodeID":"1288533","text":"Asserting","type":"YA","timestamp":"2023-11-09 12:39:25"},{"nodeID":"1288534","text":"Asserting","type":"YA","timestamp":"2023-11-09 12:39:25"},{"nodeID":"1288535","text":"Default Transition","type":"TA","timestamp":"2023-11-09 12:39:25"},{"nodeID":"1288536","text":"Default Conflict","type":"CA","timestamp":"2023-11-09 12:39:25"},{"nodeID":"1288537","text":"Disagreeing","type":"YA","timestamp":"2023-11-09 12:39:25"},{"nodeID":"1288538","text":"the second component is the United Kingdom government's tone","type":"I","timestamp":"2023-11-09 12:39:26"},{"nodeID":"1288539","text":"Afua Hirsch: The second component is the government's tone","type":"L","timestamp":"2023-11-09 12:39:26"},{"nodeID":"1288540","text":"Analysing","type":"YA","timestamp":"2023-11-09 12:39:26"},{"nodeID":"1288541","text":"Joanne: Afua Hirsch: The second component is the government's tone","type":"L","timestamp":"2023-11-09 12:39:26"},{"nodeID":"1288542","text":"Asserting","type":"YA","timestamp":"2023-11-09 12:39:26"},{"nodeID":"1288543","text":"Default Transition","type":"TA","timestamp":"2023-11-09 12:39:26"},{"nodeID":"1288544","text":"Default Transition","type":"TA","timestamp":"2023-11-09 12:39:26"},{"nodeID":"1288545","text":"Default Rephrase","type":"MA","timestamp":"2023-11-09 12:39:26"},{"nodeID":"1288546","text":"Restating","type":"YA","timestamp":"2023-11-09 12:39:26"},{"nodeID":"1288547","text":"Default Rephrase","type":"MA","timestamp":"2023-11-09 12:39:26"},{"nodeID":"1288548","text":"Restating","type":"YA","timestamp":"2023-11-09 12:39:26"}],"edges":[{"edgeID":"1694715","fromID":"1288459","toID":"1288458","formEdgeID":null},{"edgeID":"1694716","fromID":"1288460","toID":"1288459","formEdgeID":null},{"edgeID":"1694717","fromID":"1288461","toID":"1288457","formEdgeID":null},{"edgeID":"1694718","fromID":"1288458","toID":"1288461","formEdgeID":null},{"edgeID":"1694719","fromID":"1288464","toID":"1288463","formEdgeID":null},{"edgeID":"1694720","fromID":"1288465","toID":"1288464","formEdgeID":null},{"edgeID":"1694721","fromID":"1288466","toID":"1288462","formEdgeID":null},{"edgeID":"1694722","fromID":"1288463","toID":"1288466","formEdgeID":null},{"edgeID":"1694723","fromID":"1288470","toID":"1288468","formEdgeID":null},{"edgeID":"1694724","fromID":"1288469","toID":"1288470","formEdgeID":null},{"edgeID":"1694725","fromID":"1288471","toID":"1288467","formEdgeID":null},{"edgeID":"1694726","fromID":"1288468","toID":"1288471","formEdgeID":null},{"edgeID":"1694727","fromID":"1288472","toID":"1288463","formEdgeID":null},{"edgeID":"1694728","fromID":"1288458","toID":"1288472","formEdgeID":null},{"edgeID":"1694729","fromID":"1288463","toID":"1288473","formEdgeID":null},{"edgeID":"1694730","fromID":"1288473","toID":"1288468","formEdgeID":null},{"edgeID":"1694731","fromID":"1288477","toID":"1288476","formEdgeID":null},{"edgeID":"1694732","fromID":"1288476","toID":"1288475","formEdgeID":null},{"edgeID":"1694733","fromID":"1288475","toID":"1288478","formEdgeID":null},{"edgeID":"1694734","fromID":"1288478","toID":"1288474","formEdgeID":null},{"edgeID":"1694735","fromID":"1288468","toID":"1288479","formEdgeID":null},{"edgeID":"1694736","fromID":"1288479","toID":"1288475","formEdgeID":null},{"edgeID":"1694737","fromID":"1288474","toID":"1288480","formEdgeID":null},{"edgeID":"1694738","fromID":"1288480","toID":"1288467","formEdgeID":null},{"edgeID":"1694739","fromID":"1288467","toID":"1288481","formEdgeID":null},{"edgeID":"1694740","fromID":"1288481","toID":"1288462","formEdgeID":null},{"edgeID":"1694741","fromID":"1288473","toID":"1288482","formEdgeID":null},{"edgeID":"1694742","fromID":"1288482","toID":"1288481","formEdgeID":null},{"edgeID":"1694743","fromID":"1288479","toID":"1288483","formEdgeID":null},{"edgeID":"1694744","fromID":"1288483","toID":"1288480","formEdgeID":null},{"edgeID":"1694745","fromID":"1288485","toID":"1288484","formEdgeID":null},{"edgeID":"1694746","fromID":"1288486","toID":"1288485","formEdgeID":null},{"edgeID":"1694747","fromID":"1288484","toID":"1288487","formEdgeID":null},{"edgeID":"1694748","fromID":"1288487","toID":"500299","formEdgeID":null},{"edgeID":"1694749","fromID":"1288467","toID":"1288488","formEdgeID":null},{"edgeID":"1694750","fromID":"1288488","toID":"500299","formEdgeID":null},{"edgeID":"1694751","fromID":"1288468","toID":"1288489","formEdgeID":null},{"edgeID":"1694752","fromID":"1288489","toID":"1288484","formEdgeID":null},{"edgeID":"1694753","fromID":"1288490","toID":"1288488","formEdgeID":null},{"edgeID":"1694754","fromID":"1288489","toID":"1288490","formEdgeID":null},{"edgeID":"1694755","fromID":"1288493","toID":"1288492","formEdgeID":null},{"edgeID":"1694756","fromID":"1288494","toID":"1288493","formEdgeID":null},{"edgeID":"1694757","fromID":"1288492","toID":"1288495","formEdgeID":null},{"edgeID":"1694758","fromID":"1288495","toID":"1288491","formEdgeID":null},{"edgeID":"1694759","fromID":"1288484","toID":"1288496","formEdgeID":null},{"edgeID":"1694760","fromID":"1288496","toID":"1288492","formEdgeID":null},{"edgeID":"1694761","fromID":"1288499","toID":"1288498","formEdgeID":null},{"edgeID":"1694762","fromID":"1288500","toID":"1288499","formEdgeID":null},{"edgeID":"1694763","fromID":"1288498","toID":"1288501","formEdgeID":null},{"edgeID":"1694764","fromID":"1288501","toID":"1288497","formEdgeID":null},{"edgeID":"1694765","fromID":"1288502","toID":"1288498","formEdgeID":null},{"edgeID":"1694766","fromID":"1288492","toID":"1288502","formEdgeID":null},{"edgeID":"1694767","fromID":"1288505","toID":"1288504","formEdgeID":null},{"edgeID":"1694768","fromID":"1288507","toID":"1288505","formEdgeID":null},{"edgeID":"1694769","fromID":"1288504","toID":"1288506","formEdgeID":null},{"edgeID":"1694770","fromID":"1288506","toID":"1288503","formEdgeID":null},{"edgeID":"1694771","fromID":"1288498","toID":"1288508","formEdgeID":null},{"edgeID":"1694772","fromID":"1288508","toID":"1288504","formEdgeID":null},{"edgeID":"1694773","fromID":"1288511","toID":"1288510","formEdgeID":null},{"edgeID":"1694774","fromID":"1288512","toID":"1288511","formEdgeID":null},{"edgeID":"1694775","fromID":"1288510","toID":"1288513","formEdgeID":null},{"edgeID":"1694776","fromID":"1288513","toID":"1288509","formEdgeID":null},{"edgeID":"1694777","fromID":"1288504","toID":"1288514","formEdgeID":null},{"edgeID":"1694778","fromID":"1288514","toID":"1288510","formEdgeID":null},{"edgeID":"1694779","fromID":"1288518","toID":"1288517","formEdgeID":null},{"edgeID":"1694780","fromID":"1288517","toID":"1288516","formEdgeID":null},{"edgeID":"1694781","fromID":"1288516","toID":"1288519","formEdgeID":null},{"edgeID":"1694782","fromID":"1288519","toID":"1288515","formEdgeID":null},{"edgeID":"1694783","fromID":"1288520","toID":"1288516","formEdgeID":null},{"edgeID":"1694784","fromID":"1288510","toID":"1288520","formEdgeID":null},{"edgeID":"1694785","fromID":"1288524","toID":"1288522","formEdgeID":null},{"edgeID":"1694786","fromID":"1288523","toID":"1288524","formEdgeID":null},{"edgeID":"1694787","fromID":"1288522","toID":"1288525","formEdgeID":null},{"edgeID":"1694788","fromID":"1288525","toID":"1288521","formEdgeID":null},{"edgeID":"1694789","fromID":"1288528","toID":"1288527","formEdgeID":null},{"edgeID":"1694790","fromID":"1288529","toID":"1288528","formEdgeID":null},{"edgeID":"1694791","fromID":"1288532","toID":"1288531","formEdgeID":null},{"edgeID":"1694792","fromID":"1288531","toID":"1288530","formEdgeID":null},{"edgeID":"1694793","fromID":"1288530","toID":"1288533","formEdgeID":null},{"edgeID":"1694794","fromID":"1288533","toID":"1288526","formEdgeID":null},{"edgeID":"1694795","fromID":"1288527","toID":"1288534","formEdgeID":null},{"edgeID":"1694796","fromID":"1288534","toID":"1288530","formEdgeID":null},{"edgeID":"1694797","fromID":"1288522","toID":"1288535","formEdgeID":null},{"edgeID":"1694798","fromID":"1288535","toID":"1288527","formEdgeID":null},{"edgeID":"1694799","fromID":"1288491","toID":"1288536","formEdgeID":null},{"edgeID":"1694800","fromID":"1288536","toID":"500299","formEdgeID":null},{"edgeID":"1694801","fromID":"1288537","toID":"1288536","formEdgeID":null},{"edgeID":"1694802","fromID":"1288496","toID":"1288537","formEdgeID":null},{"edgeID":"1694803","fromID":"1288541","toID":"1288540","formEdgeID":null},{"edgeID":"1694804","fromID":"1288540","toID":"1288539","formEdgeID":null},{"edgeID":"1694805","fromID":"1288542","toID":"1288538","formEdgeID":null},{"edgeID":"1694806","fromID":"1288539","toID":"1288542","formEdgeID":null},{"edgeID":"1694807","fromID":"1288516","toID":"1288543","formEdgeID":null},{"edgeID":"1694808","fromID":"1288543","toID":"1288539","formEdgeID":null},{"edgeID":"1694809","fromID":"1288544","toID":"1288522","formEdgeID":null},{"edgeID":"1694810","fromID":"1288539","toID":"1288544","formEdgeID":null},{"edgeID":"1694811","fromID":"1288521","toID":"1288545","formEdgeID":null},{"edgeID":"1694812","fromID":"1288545","toID":"1288538","formEdgeID":null},{"edgeID":"1694813","fromID":"1288544","toID":"1288546","formEdgeID":null},{"edgeID":"1694814","fromID":"1288546","toID":"1288545","formEdgeID":null},{"edgeID":"1694815","fromID":"1288526","toID":"1288547","formEdgeID":null},{"edgeID":"1694816","fromID":"1288547","toID":"1288521","formEdgeID":null},{"edgeID":"1694817","fromID":"1288535","toID":"1288548","formEdgeID":null},{"edgeID":"1694818","fromID":"1288548","toID":"1288547","formEdgeID":null}],"locutions":[]}