{"nodes":[{"nodeID":"515123","text":"mistakes have been made","type":"I","timestamp":"2020-05-28 21:02:56"},{"nodeID":"1288391","text":"Boris Johnson's response is insulting to the people who continue to die every day","type":"I","timestamp":"2023-11-09 12:39:14"},{"nodeID":"1288392","text":"Afua Hirsch: It is insulting to the people who continue to die every day","type":"L","timestamp":"2023-11-09 12:39:14"},{"nodeID":"1288393","text":"Analysing","type":"YA","timestamp":"2023-11-09 12:39:14"},{"nodeID":"1288394","text":"Anon: Afua Hirsch: It is insulting to the people who continue to die every day","type":"L","timestamp":"2023-11-09 12:39:14"},{"nodeID":"1288395","text":"Asserting","type":"YA","timestamp":"2023-11-09 12:39:14"},{"nodeID":"1288396","text":"Afua Hirsch would like to see some honesty from the government acknowledging that this situation was not well handled","type":"I","timestamp":"2023-11-09 12:39:14"},{"nodeID":"1288397","text":"Afua Hirsch: What I would like to see is some honesty from the government acknowledging that this situation was not well handled","type":"L","timestamp":"2023-11-09 12:39:14"},{"nodeID":"1288398","text":"Analysing","type":"YA","timestamp":"2023-11-09 12:39:14"},{"nodeID":"1288399","text":"Anon: Afua Hirsch: What I would like to see is some honesty from the government acknowledging that this situation was not well handled","type":"L","timestamp":"2023-11-09 12:39:14"},{"nodeID":"1288400","text":"Asserting","type":"YA","timestamp":"2023-11-09 12:39:14"},{"nodeID":"1288401","text":"Default Transition","type":"TA","timestamp":"2023-11-09 12:39:14"},{"nodeID":"1288402","text":"Default Inference","type":"RA","timestamp":"2023-11-09 12:39:14"},{"nodeID":"1288403","text":"Arguing","type":"YA","timestamp":"2023-11-09 12:39:14"},{"nodeID":"1288404","text":"Afua Hirsch: mistakes have been made","type":"L","timestamp":"2023-11-09 12:39:14"},{"nodeID":"1288405","text":"Analysing","type":"YA","timestamp":"2023-11-09 12:39:14"},{"nodeID":"1288406","text":"Anon: Afua Hirsch: mistakes have been made","type":"L","timestamp":"2023-11-09 12:39:14"},{"nodeID":"1288407","text":"Asserting","type":"YA","timestamp":"2023-11-09 12:39:14"},{"nodeID":"1288408","text":"Default Transition","type":"TA","timestamp":"2023-11-09 12:39:14"},{"nodeID":"1288409","text":"Afua Hirsch would like to see the government telling us clearly and transparently what they intend to do differently","type":"I","timestamp":"2023-11-09 12:39:15"},{"nodeID":"1288410","text":"Afua Hirsch: telling us clearly and transparently what they intend to do differently","type":"L","timestamp":"2023-11-09 12:39:15"},{"nodeID":"1288411","text":"Analysing","type":"YA","timestamp":"2023-11-09 12:39:15"},{"nodeID":"1288412","text":"Anon: Afua Hirsch: telling us clearly and transparently what they intend to do differently","type":"L","timestamp":"2023-11-09 12:39:15"},{"nodeID":"1288413","text":"Asserting","type":"YA","timestamp":"2023-11-09 12:39:15"},{"nodeID":"1288414","text":"Default Transition","type":"TA","timestamp":"2023-11-09 12:39:15"},{"nodeID":"1288415","text":"Default Inference","type":"RA","timestamp":"2023-11-09 12:39:15"},{"nodeID":"1288416","text":"Arguing","type":"YA","timestamp":"2023-11-09 12:39:15"},{"nodeID":"1288417","text":"Default Rephrase","type":"MA","timestamp":"2023-11-09 12:39:15"},{"nodeID":"1288418","text":"Restating","type":"YA","timestamp":"2023-11-09 12:39:15"},{"nodeID":"1288419","text":"we have not got a grip on this situation","type":"I","timestamp":"2023-11-09 12:39:16"},{"nodeID":"1288420","text":"Afua Hirsch: we have not got a grip on this","type":"L","timestamp":"2023-11-09 12:39:16"},{"nodeID":"1288421","text":"Analysing","type":"YA","timestamp":"2023-11-09 12:39:16"},{"nodeID":"1288422","text":"Anon: Afua Hirsch: we have not got a grip on this","type":"L","timestamp":"2023-11-09 12:39:16"},{"nodeID":"1288423","text":"Asserting","type":"YA","timestamp":"2023-11-09 12:39:16"},{"nodeID":"1288424","text":"we are experiencing, the number of people dying, the heart breaking scenarios of people dying alone often in unnecessary circumstances","type":"I","timestamp":"2023-11-09 12:39:16"},{"nodeID":"1288425","text":"Afua Hirsch: we are experiencing, the number of people dying, the heart breaking scenarios of people dying alone often in unnecessary circumstances","type":"L","timestamp":"2023-11-09 12:39:16"},{"nodeID":"1288426","text":"Analysing","type":"YA","timestamp":"2023-11-09 12:39:16"},{"nodeID":"1288427","text":"Anon: Afua Hirsch: we are experiencing, the number of people dying, the heart breaking scenarios of people dying alone often in unnecessary circumstances","type":"L","timestamp":"2023-11-09 12:39:16"},{"nodeID":"1288428","text":"Asserting","type":"YA","timestamp":"2023-11-09 12:39:16"},{"nodeID":"1288429","text":"Default Transition","type":"TA","timestamp":"2023-11-09 12:39:16"},{"nodeID":"1288430","text":"Default Transition","type":"TA","timestamp":"2023-11-09 12:39:16"},{"nodeID":"1288431","text":"Default Inference","type":"RA","timestamp":"2023-11-09 12:39:16"},{"nodeID":"1288432","text":"Arguing","type":"YA","timestamp":"2023-11-09 12:39:16"},{"nodeID":"1288433","text":"the government's rhetoric is only losing further trust","type":"I","timestamp":"2023-11-09 12:39:17"},{"nodeID":"1288434","text":"Afua Hirsch: the government's rhetoric is only losing further trust","type":"L","timestamp":"2023-11-09 12:39:17"},{"nodeID":"1288435","text":"Analysing","type":"YA","timestamp":"2023-11-09 12:39:17"},{"nodeID":"1288436","text":"Anon: Afua Hirsch: the government's rhetoric is only losing further trust","type":"L","timestamp":"2023-11-09 12:39:17"},{"nodeID":"1288437","text":"Asserting","type":"YA","timestamp":"2023-11-09 12:39:17"},{"nodeID":"1288438","text":"Default Inference","type":"RA","timestamp":"2023-11-09 12:39:17"},{"nodeID":"1288439","text":"Default Transition","type":"TA","timestamp":"2023-11-09 12:39:17"},{"nodeID":"1288440","text":"Arguing","type":"YA","timestamp":"2023-11-09 12:39:17"},{"nodeID":"1288441","text":"trust is quite important now","type":"I","timestamp":"2023-11-09 12:39:17"},{"nodeID":"1288442","text":"Afua Hirsch: trust is quite important now","type":"L","timestamp":"2023-11-09 12:39:17"},{"nodeID":"1288443","text":"Analysing","type":"YA","timestamp":"2023-11-09 12:39:17"},{"nodeID":"1288444","text":"Anon: Afua Hirsch: trust is quite important now","type":"L","timestamp":"2023-11-09 12:39:17"},{"nodeID":"1288445","text":"Asserting","type":"YA","timestamp":"2023-11-09 12:39:17"},{"nodeID":"1288446","text":"Default Transition","type":"TA","timestamp":"2023-11-09 12:39:17"},{"nodeID":"1288447","text":"Default Rephrase","type":"MA","timestamp":"2023-11-09 12:39:17"},{"nodeID":"1288448","text":"Restating","type":"YA","timestamp":"2023-11-09 12:39:17"},{"nodeID":"1288449","text":"until the government shows some integrity we can't begin to see how we can move forward","type":"I","timestamp":"2023-11-09 12:39:18"},{"nodeID":"1288450","text":"Afua Hirsch: Until the government shows some integrity we can't begin to see how we can move forward","type":"L","timestamp":"2023-11-09 12:39:18"},{"nodeID":"1288451","text":"Analysing","type":"YA","timestamp":"2023-11-09 12:39:18"},{"nodeID":"1288452","text":"Anon: Afua Hirsch: Until the government shows some integrity we can't begin to see how we can move forward","type":"L","timestamp":"2023-11-09 12:39:18"},{"nodeID":"1288453","text":"Asserting","type":"YA","timestamp":"2023-11-09 12:39:18"},{"nodeID":"1288454","text":"Default Transition","type":"TA","timestamp":"2023-11-09 12:39:18"},{"nodeID":"1288455","text":"Default Inference","type":"RA","timestamp":"2023-11-09 12:39:18"},{"nodeID":"1288456","text":"Arguing","type":"YA","timestamp":"2023-11-09 12:39:18"}],"edges":[{"edgeID":"1694635","fromID":"1288393","toID":"1288392","formEdgeID":null},{"edgeID":"1694636","fromID":"1288394","toID":"1288393","formEdgeID":null},{"edgeID":"1694637","fromID":"1288392","toID":"1288395","formEdgeID":null},{"edgeID":"1694638","fromID":"1288395","toID":"1288391","formEdgeID":null},{"edgeID":"1694639","fromID":"1288398","toID":"1288397","formEdgeID":null},{"edgeID":"1694640","fromID":"1288399","toID":"1288398","formEdgeID":null},{"edgeID":"1694641","fromID":"1288397","toID":"1288400","formEdgeID":null},{"edgeID":"1694642","fromID":"1288400","toID":"1288396","formEdgeID":null},{"edgeID":"1694643","fromID":"1288392","toID":"1288401","formEdgeID":null},{"edgeID":"1694644","fromID":"1288401","toID":"1288397","formEdgeID":null},{"edgeID":"1694645","fromID":"1288391","toID":"1288402","formEdgeID":null},{"edgeID":"1694646","fromID":"1288402","toID":"1288396","formEdgeID":null},{"edgeID":"1694647","fromID":"1288401","toID":"1288403","formEdgeID":null},{"edgeID":"1694648","fromID":"1288403","toID":"1288402","formEdgeID":null},{"edgeID":"1694649","fromID":"1288405","toID":"1288404","formEdgeID":null},{"edgeID":"1694650","fromID":"1288406","toID":"1288405","formEdgeID":null},{"edgeID":"1694651","fromID":"1288404","toID":"1288407","formEdgeID":null},{"edgeID":"1694652","fromID":"1288407","toID":"515123","formEdgeID":null},{"edgeID":"1694653","fromID":"1288397","toID":"1288408","formEdgeID":null},{"edgeID":"1694654","fromID":"1288408","toID":"1288404","formEdgeID":null},{"edgeID":"1694655","fromID":"1288411","toID":"1288410","formEdgeID":null},{"edgeID":"1694656","fromID":"1288412","toID":"1288411","formEdgeID":null},{"edgeID":"1694657","fromID":"1288410","toID":"1288413","formEdgeID":null},{"edgeID":"1694658","fromID":"1288413","toID":"1288409","formEdgeID":null},{"edgeID":"1694659","fromID":"1288404","toID":"1288414","formEdgeID":null},{"edgeID":"1694660","fromID":"1288414","toID":"1288410","formEdgeID":null},{"edgeID":"1694661","fromID":"515123","toID":"1288415","formEdgeID":null},{"edgeID":"1694662","fromID":"1288415","toID":"1288409","formEdgeID":null},{"edgeID":"1694663","fromID":"1288414","toID":"1288416","formEdgeID":null},{"edgeID":"1694664","fromID":"1288416","toID":"1288415","formEdgeID":null},{"edgeID":"1694665","fromID":"515123","toID":"1288417","formEdgeID":null},{"edgeID":"1694666","fromID":"1288417","toID":"1288396","formEdgeID":null},{"edgeID":"1694667","fromID":"1288408","toID":"1288418","formEdgeID":null},{"edgeID":"1694668","fromID":"1288418","toID":"1288417","formEdgeID":null},{"edgeID":"1694669","fromID":"1288421","toID":"1288420","formEdgeID":null},{"edgeID":"1694670","fromID":"1288422","toID":"1288421","formEdgeID":null},{"edgeID":"1694671","fromID":"1288420","toID":"1288423","formEdgeID":null},{"edgeID":"1694672","fromID":"1288423","toID":"1288419","formEdgeID":null},{"edgeID":"1694673","fromID":"1288426","toID":"1288425","formEdgeID":null},{"edgeID":"1694674","fromID":"1288427","toID":"1288426","formEdgeID":null},{"edgeID":"1694675","fromID":"1288425","toID":"1288428","formEdgeID":null},{"edgeID":"1694676","fromID":"1288428","toID":"1288424","formEdgeID":null},{"edgeID":"1694677","fromID":"1288410","toID":"1288429","formEdgeID":null},{"edgeID":"1694678","fromID":"1288429","toID":"1288425","formEdgeID":null},{"edgeID":"1694679","fromID":"1288425","toID":"1288430","formEdgeID":null},{"edgeID":"1694680","fromID":"1288430","toID":"1288420","formEdgeID":null},{"edgeID":"1694681","fromID":"1288419","toID":"1288431","formEdgeID":null},{"edgeID":"1694682","fromID":"1288431","toID":"1288424","formEdgeID":null},{"edgeID":"1694683","fromID":"1288430","toID":"1288432","formEdgeID":null},{"edgeID":"1694684","fromID":"1288432","toID":"1288431","formEdgeID":null},{"edgeID":"1694685","fromID":"1288435","toID":"1288434","formEdgeID":null},{"edgeID":"1694686","fromID":"1288436","toID":"1288435","formEdgeID":null},{"edgeID":"1694687","fromID":"1288434","toID":"1288437","formEdgeID":null},{"edgeID":"1694688","fromID":"1288437","toID":"1288433","formEdgeID":null},{"edgeID":"1694689","fromID":"1288424","toID":"1288438","formEdgeID":null},{"edgeID":"1694690","fromID":"1288438","toID":"1288433","formEdgeID":null},{"edgeID":"1694691","fromID":"1288425","toID":"1288439","formEdgeID":null},{"edgeID":"1694692","fromID":"1288439","toID":"1288434","formEdgeID":null},{"edgeID":"1694693","fromID":"1288439","toID":"1288440","formEdgeID":null},{"edgeID":"1694694","fromID":"1288440","toID":"1288438","formEdgeID":null},{"edgeID":"1694695","fromID":"1288443","toID":"1288442","formEdgeID":null},{"edgeID":"1694696","fromID":"1288444","toID":"1288443","formEdgeID":null},{"edgeID":"1694697","fromID":"1288442","toID":"1288445","formEdgeID":null},{"edgeID":"1694698","fromID":"1288445","toID":"1288441","formEdgeID":null},{"edgeID":"1694699","fromID":"1288434","toID":"1288446","formEdgeID":null},{"edgeID":"1694700","fromID":"1288446","toID":"1288442","formEdgeID":null},{"edgeID":"1694701","fromID":"1288441","toID":"1288447","formEdgeID":null},{"edgeID":"1694702","fromID":"1288447","toID":"1288433","formEdgeID":null},{"edgeID":"1694703","fromID":"1288446","toID":"1288448","formEdgeID":null},{"edgeID":"1694704","fromID":"1288448","toID":"1288447","formEdgeID":null},{"edgeID":"1694705","fromID":"1288451","toID":"1288450","formEdgeID":null},{"edgeID":"1694706","fromID":"1288452","toID":"1288451","formEdgeID":null},{"edgeID":"1694707","fromID":"1288450","toID":"1288453","formEdgeID":null},{"edgeID":"1694708","fromID":"1288453","toID":"1288449","formEdgeID":null},{"edgeID":"1694709","fromID":"1288442","toID":"1288454","formEdgeID":null},{"edgeID":"1694710","fromID":"1288454","toID":"1288450","formEdgeID":null},{"edgeID":"1694711","fromID":"1288441","toID":"1288455","formEdgeID":null},{"edgeID":"1694712","fromID":"1288455","toID":"1288449","formEdgeID":null},{"edgeID":"1694713","fromID":"1288454","toID":"1288456","formEdgeID":null},{"edgeID":"1694714","fromID":"1288456","toID":"1288455","formEdgeID":null}],"locutions":[]}