{"nodes":[{"nodeID":"499876","text":"George Eustice has seen there will not be masses of data on the data basis","type":"I","timestamp":"2020-05-14 20:55:08"},{"nodeID":"499970","text":"care home staff can't have tests","type":"I","timestamp":"2020-05-14 20:55:14"},{"nodeID":"1140438","text":"many care home staff are saying every day they can't get their hands on tests","type":"I","timestamp":"2023-04-11 18:28:07"},{"nodeID":"1140502","text":"the information commissioner was not consulted on this app","type":"I","timestamp":"2023-04-11 18:29:05"},{"nodeID":"1140516","text":"there are so many questions about who was consulted on this process","type":"I","timestamp":"2023-04-11 18:29:20"},{"nodeID":"1140532","text":"the NHS doesn't have a perfect track record of storing patient data","type":"I","timestamp":"2023-04-11 18:29:34"},{"nodeID":"1289935","text":"Afua Hirsch: Care home staff can't have tests","type":"L","timestamp":"2023-11-09 12:41:26"},{"nodeID":"1289936","text":"Analysing","type":"YA","timestamp":"2023-11-09 12:41:26"},{"nodeID":"1289937","text":"Ella: Afua Hirsch: Care home staff can't have tests","type":"L","timestamp":"2023-11-09 12:41:26"},{"nodeID":"1289938","text":"Asserting","type":"YA","timestamp":"2023-11-09 12:41:26"},{"nodeID":"1289939","text":"care home staff have to apply online for COVID-19 tests","type":"I","timestamp":"2023-11-09 12:41:27"},{"nodeID":"1289940","text":"Afua Hirsch: They have to apply online","type":"L","timestamp":"2023-11-09 12:41:27"},{"nodeID":"1289941","text":"Analysing","type":"YA","timestamp":"2023-11-09 12:41:27"},{"nodeID":"1289942","text":"Ella: Afua Hirsch: They have to apply online","type":"L","timestamp":"2023-11-09 12:41:27"},{"nodeID":"1289943","text":"Asserting","type":"YA","timestamp":"2023-11-09 12:41:27"},{"nodeID":"1289944","text":"care home staff are not getting COVID-19 tests in time","type":"I","timestamp":"2023-11-09 12:41:27"},{"nodeID":"1289945","text":"Afua Hirsch: They are not getting them in time","type":"L","timestamp":"2023-11-09 12:41:27"},{"nodeID":"1289946","text":"Analysing","type":"YA","timestamp":"2023-11-09 12:41:27"},{"nodeID":"1289947","text":"Ella: Afua Hirsch: They are not getting them in time","type":"L","timestamp":"2023-11-09 12:41:27"},{"nodeID":"1289948","text":"Asserting","type":"YA","timestamp":"2023-11-09 12:41:27"},{"nodeID":"1289949","text":"Afua Hirsch: Many care home staff are saying every day they can't get their hands on tests","type":"L","timestamp":"2023-11-09 12:41:28"},{"nodeID":"1289950","text":"Analysing","type":"YA","timestamp":"2023-11-09 12:41:28"},{"nodeID":"1289951","text":"Ella: Afua Hirsch: Many care home staff are saying every day they can't get their hands on tests","type":"L","timestamp":"2023-11-09 12:41:28"},{"nodeID":"1289952","text":"Asserting","type":"YA","timestamp":"2023-11-09 12:41:28"},{"nodeID":"1289953","text":"people won't be encouraged to use app which will be tested in the Isle of Wight without any idea of whether there is follow up testing","type":"I","timestamp":"2023-11-09 12:41:29"},{"nodeID":"1289954","text":"Afua Hirsch: How can people be encouraged to use app which will be tested in the Isle of Wight without any idea of whether there is follow up testing","type":"L","timestamp":"2023-11-09 12:41:29"},{"nodeID":"1289955","text":"Analysing","type":"YA","timestamp":"2023-11-09 12:41:29"},{"nodeID":"1289956","text":"Ella: Afua Hirsch: How can people be encouraged to use app which will be tested in the Isle of Wight without any idea of whether there is follow up testing","type":"L","timestamp":"2023-11-09 12:41:29"},{"nodeID":"1289957","text":"Rhetorical Questioning","type":"YA","timestamp":"2023-11-09 12:41:29"},{"nodeID":"1289958","text":"Default Transition","type":"TA","timestamp":"2023-11-09 12:41:29"},{"nodeID":"1289959","text":"Default Transition","type":"TA","timestamp":"2023-11-09 12:41:29"},{"nodeID":"1289960","text":"Default Inference","type":"RA","timestamp":"2023-11-09 12:41:29"},{"nodeID":"1289961","text":"Arguing","type":"YA","timestamp":"2023-11-09 12:41:29"},{"nodeID":"1289962","text":"Default Inference","type":"RA","timestamp":"2023-11-09 12:41:29"},{"nodeID":"1289963","text":"Arguing","type":"YA","timestamp":"2023-11-09 12:41:29"},{"nodeID":"1289964","text":"Default Rephrase","type":"MA","timestamp":"2023-11-09 12:41:29"},{"nodeID":"1289965","text":"Default Transition","type":"TA","timestamp":"2023-11-09 12:41:29"},{"nodeID":"1289966","text":"Restating","type":"YA","timestamp":"2023-11-09 12:41:29"},{"nodeID":"1289967","text":"Default Transition","type":"TA","timestamp":"2023-11-09 12:41:29"},{"nodeID":"1289968","text":"Afua Hirsch: George, you have seen there will not be masses of data on the data basis","type":"L","timestamp":"2023-11-09 12:41:29"},{"nodeID":"1289969","text":"Analysing","type":"YA","timestamp":"2023-11-09 12:41:29"},{"nodeID":"1289970","text":"Ella: Afua Hirsch: George, you have seen there will not be masses of data on the data basis","type":"L","timestamp":"2023-11-09 12:41:29"},{"nodeID":"1289971","text":"Asserting","type":"YA","timestamp":"2023-11-09 12:41:29"},{"nodeID":"1289972","text":"Afua Hirsch's understanding is once you sign up to the app there is not a lot of data","type":"I","timestamp":"2023-11-09 12:41:29"},{"nodeID":"1289973","text":"Afua Hirsch: My understanding is once you sign up to the app there is not a lot of data","type":"L","timestamp":"2023-11-09 12:41:29"},{"nodeID":"1289974","text":"Analysing","type":"YA","timestamp":"2023-11-09 12:41:29"},{"nodeID":"1289975","text":"Ella: Afua Hirsch: My understanding is once you sign up to the app there is not a lot of data","type":"L","timestamp":"2023-11-09 12:41:29"},{"nodeID":"1289976","text":"Asserting","type":"YA","timestamp":"2023-11-09 12:41:29"},{"nodeID":"1289977","text":"as soon as you develop symptoms of Coronavirus you have to have that data on a database","type":"I","timestamp":"2023-11-09 12:41:30"},{"nodeID":"1289978","text":"Afua Hirsch: as soon as you develop symptoms of Coronavirus you have to have that data on a database","type":"L","timestamp":"2023-11-09 12:41:30"},{"nodeID":"1289979","text":"Analysing","type":"YA","timestamp":"2023-11-09 12:41:30"},{"nodeID":"1289980","text":"Ella: Afua Hirsch: as soon as you develop symptoms of Coronavirus you have to have that data on a database","type":"L","timestamp":"2023-11-09 12:41:30"},{"nodeID":"1289981","text":"Asserting","type":"YA","timestamp":"2023-11-09 12:41:30"},{"nodeID":"1289982","text":"Default Transition","type":"TA","timestamp":"2023-11-09 12:41:30"},{"nodeID":"1289983","text":"Default Transition","type":"TA","timestamp":"2023-11-09 12:41:30"},{"nodeID":"1289984","text":"Default Transition","type":"TA","timestamp":"2023-11-09 12:41:30"},{"nodeID":"1289985","text":"Default Conflict","type":"CA","timestamp":"2023-11-09 12:41:30"},{"nodeID":"1289986","text":"Disagreeing","type":"YA","timestamp":"2023-11-09 12:41:30"},{"nodeID":"1289987","text":"is or is not the lack of data a price worth paying","type":"I","timestamp":"2023-11-09 12:41:30"},{"nodeID":"1289988","text":"Fiona Bruce: James is asking, is that a price worth paying","type":"L","timestamp":"2023-11-09 12:41:30"},{"nodeID":"1289989","text":"Analysing","type":"YA","timestamp":"2023-11-09 12:41:30"},{"nodeID":"1289990","text":"Ella: Fiona Bruce: James is asking, is that a price worth paying","type":"L","timestamp":"2023-11-09 12:41:30"},{"nodeID":"1289991","text":"Unknown Speaker: is that a price worth paying","type":"L","timestamp":"2023-11-09 12:41:30"},{"nodeID":"1289992","text":"Analysing","type":"YA","timestamp":"2023-11-09 12:41:30"},{"nodeID":"1289993","text":"Ella: Unknown Speaker: James is asking, is that a price worth paying","type":"L","timestamp":"2023-11-09 12:41:30"},{"nodeID":"1289994","text":"Pure Questioning","type":"YA","timestamp":"2023-11-09 12:41:30"},{"nodeID":"1289995","text":"Asserting","type":"YA","timestamp":"2023-11-09 12:41:30"},{"nodeID":"1289996","text":"Afua Hirsch doesn't know if the lack of data is a price worth paying","type":"I","timestamp":"2023-11-09 12:41:31"},{"nodeID":"1289997","text":"Afua Hirsch: I don't know","type":"L","timestamp":"2023-11-09 12:41:31"},{"nodeID":"1289998","text":"Analysing","type":"YA","timestamp":"2023-11-09 12:41:31"},{"nodeID":"1289999","text":"Ella: Afua Hirsch: I don't know","type":"L","timestamp":"2023-11-09 12:41:31"},{"nodeID":"1290000","text":"Asserting","type":"YA","timestamp":"2023-11-09 12:41:31"},{"nodeID":"1290001","text":"Default Transition","type":"TA","timestamp":"2023-11-09 12:41:31"},{"nodeID":"1290002","text":"Default Rephrase","type":"MA","timestamp":"2023-11-09 12:41:31"},{"nodeID":"1290003","text":"Default Illocuting","type":"YA","timestamp":"2023-11-09 12:41:31"},{"nodeID":"1290004","text":"Afua Hirsch doesn't have the information","type":"I","timestamp":"2023-11-09 12:41:32"},{"nodeID":"1290005","text":"Afua Hirsch: I don't have the information","type":"L","timestamp":"2023-11-09 12:41:32"},{"nodeID":"1290006","text":"Analysing","type":"YA","timestamp":"2023-11-09 12:41:32"},{"nodeID":"1290007","text":"Ella: Afua Hirsch: I don't have the information","type":"L","timestamp":"2023-11-09 12:41:32"},{"nodeID":"1290008","text":"Asserting","type":"YA","timestamp":"2023-11-09 12:41:32"},{"nodeID":"1290009","text":"Default Transition","type":"TA","timestamp":"2023-11-09 12:41:32"},{"nodeID":"1290010","text":"Default Inference","type":"RA","timestamp":"2023-11-09 12:41:32"},{"nodeID":"1290011","text":"Arguing","type":"YA","timestamp":"2023-11-09 12:41:32"},{"nodeID":"1290012","text":"Afua Hirsch: The information commissioner was not consulted on this app","type":"L","timestamp":"2023-11-09 12:41:32"},{"nodeID":"1290013","text":"Analysing","type":"YA","timestamp":"2023-11-09 12:41:32"},{"nodeID":"1290014","text":"Ella: Afua Hirsch: The information commissioner was not consulted on this app","type":"L","timestamp":"2023-11-09 12:41:32"},{"nodeID":"1290015","text":"Asserting","type":"YA","timestamp":"2023-11-09 12:41:32"},{"nodeID":"1290016","text":"the information commissioner not being consulted potentially fails the NHS app standards for data protection","type":"I","timestamp":"2023-11-09 12:41:33"},{"nodeID":"1290017","text":"Afua Hirsch: This potentially fails the NHS app standards for data protection","type":"L","timestamp":"2023-11-09 12:41:33"},{"nodeID":"1290018","text":"Analysing","type":"YA","timestamp":"2023-11-09 12:41:33"},{"nodeID":"1290019","text":"Ella: Afua Hirsch: This potentially fails the NHS app standards for data protection","type":"L","timestamp":"2023-11-09 12:41:33"},{"nodeID":"1290020","text":"Asserting","type":"YA","timestamp":"2023-11-09 12:41:33"},{"nodeID":"1290021","text":"Afua Hirsch: There are so many questions about who was consulted on this process","type":"L","timestamp":"2023-11-09 12:41:33"},{"nodeID":"1290022","text":"Analysing","type":"YA","timestamp":"2023-11-09 12:41:33"},{"nodeID":"1290023","text":"Ella: Afua Hirsch: There are so many questions about who was consulted on this process","type":"L","timestamp":"2023-11-09 12:41:33"},{"nodeID":"1290024","text":"Asserting","type":"YA","timestamp":"2023-11-09 12:41:33"},{"nodeID":"1290025","text":"Default Transition","type":"TA","timestamp":"2023-11-09 12:41:33"},{"nodeID":"1290026","text":"Default Transition","type":"TA","timestamp":"2023-11-09 12:41:33"},{"nodeID":"1290027","text":"xxx are what assurances the government can give us in the data protection standards","type":"I","timestamp":"2023-11-09 12:41:34"},{"nodeID":"1290028","text":"Afua Hirsch: What assurances can the government give us in the data protection standards","type":"L","timestamp":"2023-11-09 12:41:34"},{"nodeID":"1290029","text":"Analysing","type":"YA","timestamp":"2023-11-09 12:41:34"},{"nodeID":"1290030","text":"Ella: Afua Hirsch: What assurances can the government give us in the data protection standards","type":"L","timestamp":"2023-11-09 12:41:34"},{"nodeID":"1290031","text":"Pure Questioning","type":"YA","timestamp":"2023-11-09 12:41:34"},{"nodeID":"1290032","text":"Afua Hirsch: The NHS doesn't have a perfect track record of storing patient data","type":"L","timestamp":"2023-11-09 12:41:35"},{"nodeID":"1290033","text":"Analysing","type":"YA","timestamp":"2023-11-09 12:41:35"},{"nodeID":"1290034","text":"Ella: Afua Hirsch: The NHS doesn't have a perfect track record of storing patient data","type":"L","timestamp":"2023-11-09 12:41:35"},{"nodeID":"1290035","text":"Asserting","type":"YA","timestamp":"2023-11-09 12:41:35"},{"nodeID":"1290036","text":"Default Transition","type":"TA","timestamp":"2023-11-09 12:41:35"},{"nodeID":"1290037","text":"Default Transition","type":"TA","timestamp":"2023-11-09 12:41:35"},{"nodeID":"1290038","text":"Default Inference","type":"RA","timestamp":"2023-11-09 12:41:35"},{"nodeID":"1290039","text":"Default Transition","type":"TA","timestamp":"2023-11-09 12:41:35"},{"nodeID":"1290040","text":"Arguing","type":"YA","timestamp":"2023-11-09 12:41:35"},{"nodeID":"1290041","text":"Default Inference","type":"RA","timestamp":"2023-11-09 12:41:35"},{"nodeID":"1290042","text":"Arguing","type":"YA","timestamp":"2023-11-09 12:41:35"},{"nodeID":"1290043","text":"Default Inference","type":"RA","timestamp":"2023-11-09 12:41:35"},{"nodeID":"1290044","text":"Default Transition","type":"TA","timestamp":"2023-11-09 12:41:35"},{"nodeID":"1290045","text":"Arguing","type":"YA","timestamp":"2023-11-09 12:41:35"},{"nodeID":"1290046","text":"otherwise it won't work","type":"I","timestamp":"2023-11-09 12:41:35"},{"nodeID":"1290047","text":"Afua Hirsch: otherwise it won't work","type":"L","timestamp":"2023-11-09 12:41:35"},{"nodeID":"1290048","text":"Analysing","type":"YA","timestamp":"2023-11-09 12:41:35"},{"nodeID":"1290049","text":"Ella: Afua Hirsch: otherwise it won't work","type":"L","timestamp":"2023-11-09 12:41:35"},{"nodeID":"1290050","text":"Asserting","type":"YA","timestamp":"2023-11-09 12:41:35"},{"nodeID":"1290051","text":"Default Transition","type":"TA","timestamp":"2023-11-09 12:41:35"},{"nodeID":"1290052","text":"Default Transition","type":"TA","timestamp":"2023-11-09 12:41:35"},{"nodeID":"1290053","text":"Default Inference","type":"RA","timestamp":"2023-11-09 12:41:35"},{"nodeID":"1290054","text":"Arguing","type":"YA","timestamp":"2023-11-09 12:41:35"}],"edges":[{"edgeID":"1696443","fromID":"1289936","toID":"1289935","formEdgeID":null},{"edgeID":"1696444","fromID":"1289937","toID":"1289936","formEdgeID":null},{"edgeID":"1696445","fromID":"1289935","toID":"1289938","formEdgeID":null},{"edgeID":"1696446","fromID":"1289938","toID":"499970","formEdgeID":null},{"edgeID":"1696447","fromID":"1289941","toID":"1289940","formEdgeID":null},{"edgeID":"1696448","fromID":"1289942","toID":"1289941","formEdgeID":null},{"edgeID":"1696449","fromID":"1289940","toID":"1289943","formEdgeID":null},{"edgeID":"1696450","fromID":"1289943","toID":"1289939","formEdgeID":null},{"edgeID":"1696451","fromID":"1289946","toID":"1289945","formEdgeID":null},{"edgeID":"1696452","fromID":"1289947","toID":"1289946","formEdgeID":null},{"edgeID":"1696453","fromID":"1289945","toID":"1289948","formEdgeID":null},{"edgeID":"1696454","fromID":"1289948","toID":"1289944","formEdgeID":null},{"edgeID":"1696455","fromID":"1289950","toID":"1289949","formEdgeID":null},{"edgeID":"1696456","fromID":"1289951","toID":"1289950","formEdgeID":null},{"edgeID":"1696457","fromID":"1289949","toID":"1289952","formEdgeID":null},{"edgeID":"1696458","fromID":"1289952","toID":"1140438","formEdgeID":null},{"edgeID":"1696459","fromID":"1289955","toID":"1289954","formEdgeID":null},{"edgeID":"1696460","fromID":"1289956","toID":"1289955","formEdgeID":null},{"edgeID":"1696461","fromID":"1289954","toID":"1289957","formEdgeID":null},{"edgeID":"1696462","fromID":"1289957","toID":"1289953","formEdgeID":null},{"edgeID":"1696463","fromID":"1289935","toID":"1289958","formEdgeID":null},{"edgeID":"1696464","fromID":"1289958","toID":"1289940","formEdgeID":null},{"edgeID":"1696465","fromID":"1289940","toID":"1289959","formEdgeID":null},{"edgeID":"1696466","fromID":"1289959","toID":"1289945","formEdgeID":null},{"edgeID":"1696467","fromID":"1289939","toID":"1289960","formEdgeID":null},{"edgeID":"1696468","fromID":"1289960","toID":"499970","formEdgeID":null},{"edgeID":"1696469","fromID":"1289958","toID":"1289961","formEdgeID":null},{"edgeID":"1696470","fromID":"1289961","toID":"1289960","formEdgeID":null},{"edgeID":"1696471","fromID":"1289939","toID":"1289962","formEdgeID":null},{"edgeID":"1696472","fromID":"1289962","toID":"1289944","formEdgeID":null},{"edgeID":"1696473","fromID":"1289959","toID":"1289963","formEdgeID":null},{"edgeID":"1696474","fromID":"1289963","toID":"1289962","formEdgeID":null},{"edgeID":"1696475","fromID":"1140438","toID":"1289964","formEdgeID":null},{"edgeID":"1696476","fromID":"1289964","toID":"1289944","formEdgeID":null},{"edgeID":"1696477","fromID":"1289945","toID":"1289965","formEdgeID":null},{"edgeID":"1696478","fromID":"1289965","toID":"1289949","formEdgeID":null},{"edgeID":"1696479","fromID":"1289965","toID":"1289966","formEdgeID":null},{"edgeID":"1696480","fromID":"1289966","toID":"1289964","formEdgeID":null},{"edgeID":"1696481","fromID":"1289949","toID":"1289967","formEdgeID":null},{"edgeID":"1696482","fromID":"1289967","toID":"1289954","formEdgeID":null},{"edgeID":"1696483","fromID":"1289969","toID":"1289968","formEdgeID":null},{"edgeID":"1696484","fromID":"1289970","toID":"1289969","formEdgeID":null},{"edgeID":"1696485","fromID":"1289968","toID":"1289971","formEdgeID":null},{"edgeID":"1696486","fromID":"1289971","toID":"499876","formEdgeID":null},{"edgeID":"1696487","fromID":"1289974","toID":"1289973","formEdgeID":null},{"edgeID":"1696488","fromID":"1289975","toID":"1289974","formEdgeID":null},{"edgeID":"1696489","fromID":"1289973","toID":"1289976","formEdgeID":null},{"edgeID":"1696490","fromID":"1289976","toID":"1289972","formEdgeID":null},{"edgeID":"1696491","fromID":"1289979","toID":"1289978","formEdgeID":null},{"edgeID":"1696492","fromID":"1289980","toID":"1289979","formEdgeID":null},{"edgeID":"1696493","fromID":"1289978","toID":"1289981","formEdgeID":null},{"edgeID":"1696494","fromID":"1289981","toID":"1289977","formEdgeID":null},{"edgeID":"1696495","fromID":"1289954","toID":"1289982","formEdgeID":null},{"edgeID":"1696496","fromID":"1289982","toID":"1289968","formEdgeID":null},{"edgeID":"1696497","fromID":"1289968","toID":"1289983","formEdgeID":null},{"edgeID":"1696498","fromID":"1289983","toID":"1289973","formEdgeID":null},{"edgeID":"1696499","fromID":"1289973","toID":"1289984","formEdgeID":null},{"edgeID":"1696500","fromID":"1289984","toID":"1289978","formEdgeID":null},{"edgeID":"1696501","fromID":"1289977","toID":"1289985","formEdgeID":null},{"edgeID":"1696502","fromID":"1289985","toID":"1289972","formEdgeID":null},{"edgeID":"1696503","fromID":"1289984","toID":"1289986","formEdgeID":null},{"edgeID":"1696504","fromID":"1289986","toID":"1289985","formEdgeID":null},{"edgeID":"1696505","fromID":"1289989","toID":"1289988","formEdgeID":null},{"edgeID":"1696506","fromID":"1289990","toID":"1289989","formEdgeID":null},{"edgeID":"1696507","fromID":"1289992","toID":"1289991","formEdgeID":null},{"edgeID":"1696508","fromID":"1289993","toID":"1289992","formEdgeID":null},{"edgeID":"1696509","fromID":"1289991","toID":"1289994","formEdgeID":null},{"edgeID":"1696510","fromID":"1289994","toID":"1289987","formEdgeID":null},{"edgeID":"1696511","fromID":"1289988","toID":"1289995","formEdgeID":null},{"edgeID":"1696512","fromID":"1289995","toID":"1289991","formEdgeID":null},{"edgeID":"1696513","fromID":"1289998","toID":"1289997","formEdgeID":null},{"edgeID":"1696514","fromID":"1289999","toID":"1289998","formEdgeID":null},{"edgeID":"1696515","fromID":"1289997","toID":"1290000","formEdgeID":null},{"edgeID":"1696516","fromID":"1290000","toID":"1289996","formEdgeID":null},{"edgeID":"1696517","fromID":"1289988","toID":"1290001","formEdgeID":null},{"edgeID":"1696518","fromID":"1290001","toID":"1289997","formEdgeID":null},{"edgeID":"1696519","fromID":"1289996","toID":"1290002","formEdgeID":null},{"edgeID":"1696520","fromID":"1290002","toID":"1289987","formEdgeID":null},{"edgeID":"1696521","fromID":"1290001","toID":"1290003","formEdgeID":null},{"edgeID":"1696522","fromID":"1290003","toID":"1290002","formEdgeID":null},{"edgeID":"1696523","fromID":"1290006","toID":"1290005","formEdgeID":null},{"edgeID":"1696524","fromID":"1290007","toID":"1290006","formEdgeID":null},{"edgeID":"1696525","fromID":"1290005","toID":"1290008","formEdgeID":null},{"edgeID":"1696526","fromID":"1290008","toID":"1290004","formEdgeID":null},{"edgeID":"1696527","fromID":"1289997","toID":"1290009","formEdgeID":null},{"edgeID":"1696528","fromID":"1290009","toID":"1290005","formEdgeID":null},{"edgeID":"1696529","fromID":"1290004","toID":"1290010","formEdgeID":null},{"edgeID":"1696530","fromID":"1290010","toID":"1289996","formEdgeID":null},{"edgeID":"1696531","fromID":"1290009","toID":"1290011","formEdgeID":null},{"edgeID":"1696532","fromID":"1290011","toID":"1290010","formEdgeID":null},{"edgeID":"1696533","fromID":"1290013","toID":"1290012","formEdgeID":null},{"edgeID":"1696534","fromID":"1290014","toID":"1290013","formEdgeID":null},{"edgeID":"1696535","fromID":"1290012","toID":"1290015","formEdgeID":null},{"edgeID":"1696536","fromID":"1290015","toID":"1140502","formEdgeID":null},{"edgeID":"1696537","fromID":"1290018","toID":"1290017","formEdgeID":null},{"edgeID":"1696538","fromID":"1290019","toID":"1290018","formEdgeID":null},{"edgeID":"1696539","fromID":"1290017","toID":"1290020","formEdgeID":null},{"edgeID":"1696540","fromID":"1290020","toID":"1290016","formEdgeID":null},{"edgeID":"1696541","fromID":"1290022","toID":"1290021","formEdgeID":null},{"edgeID":"1696542","fromID":"1290023","toID":"1290022","formEdgeID":null},{"edgeID":"1696543","fromID":"1290021","toID":"1290024","formEdgeID":null},{"edgeID":"1696544","fromID":"1290024","toID":"1140516","formEdgeID":null},{"edgeID":"1696545","fromID":"1290005","toID":"1290025","formEdgeID":null},{"edgeID":"1696546","fromID":"1290025","toID":"1290012","formEdgeID":null},{"edgeID":"1696547","fromID":"1290012","toID":"1290026","formEdgeID":null},{"edgeID":"1696548","fromID":"1290026","toID":"1290017","formEdgeID":null},{"edgeID":"1696549","fromID":"1290029","toID":"1290028","formEdgeID":null},{"edgeID":"1696550","fromID":"1290030","toID":"1290029","formEdgeID":null},{"edgeID":"1696551","fromID":"1290028","toID":"1290031","formEdgeID":null},{"edgeID":"1696552","fromID":"1290031","toID":"1290027","formEdgeID":null},{"edgeID":"1696553","fromID":"1290033","toID":"1290032","formEdgeID":null},{"edgeID":"1696554","fromID":"1290034","toID":"1290033","formEdgeID":null},{"edgeID":"1696555","fromID":"1290032","toID":"1290035","formEdgeID":null},{"edgeID":"1696556","fromID":"1290035","toID":"1140532","formEdgeID":null},{"edgeID":"1696557","fromID":"1290021","toID":"1290036","formEdgeID":null},{"edgeID":"1696558","fromID":"1290036","toID":"1290028","formEdgeID":null},{"edgeID":"1696559","fromID":"1290028","toID":"1290037","formEdgeID":null},{"edgeID":"1696560","fromID":"1290037","toID":"1290032","formEdgeID":null},{"edgeID":"1696561","fromID":"1140502","toID":"1290038","formEdgeID":null},{"edgeID":"1696562","fromID":"1290038","toID":"1140516","formEdgeID":null},{"edgeID":"1696563","fromID":"1290012","toID":"1290039","formEdgeID":null},{"edgeID":"1696564","fromID":"1290039","toID":"1290021","formEdgeID":null},{"edgeID":"1696565","fromID":"1290039","toID":"1290040","formEdgeID":null},{"edgeID":"1696566","fromID":"1290040","toID":"1290038","formEdgeID":null},{"edgeID":"1696567","fromID":"1140532","toID":"1290041","formEdgeID":null},{"edgeID":"1696568","fromID":"1290041","toID":"1290027","formEdgeID":null},{"edgeID":"1696569","fromID":"1290037","toID":"1290042","formEdgeID":null},{"edgeID":"1696570","fromID":"1290042","toID":"1290041","formEdgeID":null},{"edgeID":"1696571","fromID":"1290016","toID":"1290043","formEdgeID":null},{"edgeID":"1696572","fromID":"1290043","toID":"1290027","formEdgeID":null},{"edgeID":"1696573","fromID":"1290017","toID":"1290044","formEdgeID":null},{"edgeID":"1696574","fromID":"1290044","toID":"1290028","formEdgeID":null},{"edgeID":"1696575","fromID":"1290044","toID":"1290045","formEdgeID":null},{"edgeID":"1696576","fromID":"1290045","toID":"1290043","formEdgeID":null},{"edgeID":"1696577","fromID":"1290048","toID":"1290047","formEdgeID":null},{"edgeID":"1696578","fromID":"1290049","toID":"1290048","formEdgeID":null},{"edgeID":"1696579","fromID":"1290047","toID":"1290050","formEdgeID":null},{"edgeID":"1696580","fromID":"1290050","toID":"1290046","formEdgeID":null},{"edgeID":"1696581","fromID":"1289978","toID":"1290051","formEdgeID":null},{"edgeID":"1696582","fromID":"1290051","toID":"1290047","formEdgeID":null},{"edgeID":"1696583","fromID":"1290047","toID":"1290052","formEdgeID":null},{"edgeID":"1696584","fromID":"1290052","toID":"1289988","formEdgeID":null},{"edgeID":"1696585","fromID":"1290046","toID":"1290053","formEdgeID":null},{"edgeID":"1696586","fromID":"1290053","toID":"1289977","formEdgeID":null},{"edgeID":"1696587","fromID":"1290051","toID":"1290054","formEdgeID":null},{"edgeID":"1696588","fromID":"1290054","toID":"1290053","formEdgeID":null}],"locutions":[]}