{"nodes":[{"nodeID":"1289269","text":"everybody in the sector would realise creating more beds has not worked too well with care homes","type":"I","timestamp":"2023-11-09 12:40:29"},{"nodeID":"1289270","text":"Chris Hopson: everybody in the sector would realise it has not worked too well with care homes","type":"L","timestamp":"2023-11-09 12:40:29"},{"nodeID":"1289271","text":"Analysing","type":"YA","timestamp":"2023-11-09 12:40:29"},{"nodeID":"1289272","text":"Zofia: Chris Hopson: everybody in the sector would realise it has not worked too well with care homes","type":"L","timestamp":"2023-11-09 12:40:29"},{"nodeID":"1289273","text":"Asserting","type":"YA","timestamp":"2023-11-09 12:40:29"},{"nodeID":"1289274","text":"NHS was clearly told, you have to do everything to avoid people not being able to be treated in care homes","type":"I","timestamp":"2023-11-09 12:40:30"},{"nodeID":"1289275","text":"Chris Hopson: NHS was clearly told, you have to do everything to avoid that","type":"L","timestamp":"2023-11-09 12:40:30"},{"nodeID":"1289276","text":"Analysing","type":"YA","timestamp":"2023-11-09 12:40:30"},{"nodeID":"1289277","text":"Zofia: Chris Hopson: NHS was clearly told, you have to do everything to avoid that","type":"L","timestamp":"2023-11-09 12:40:30"},{"nodeID":"1289278","text":"Asserting","type":"YA","timestamp":"2023-11-09 12:40:30"},{"nodeID":"1289279","text":"this is due to the hard effort of 1 million front line staff that we have managed to avoid an overwhelming situation","type":"I","timestamp":"2023-11-09 12:40:30"},{"nodeID":"1289280","text":"Chris Hopson: This is due to the hard effort of 1 million front line staff that we have managed to avoid an overwhelming situation","type":"L","timestamp":"2023-11-09 12:40:30"},{"nodeID":"1289281","text":"Analysing","type":"YA","timestamp":"2023-11-09 12:40:30"},{"nodeID":"1289282","text":"Zofia: Chris Hopson: This is due to the hard effort of 1 million front line staff that we have managed to avoid an overwhelming situation","type":"L","timestamp":"2023-11-09 12:40:30"},{"nodeID":"1289283","text":"Asserting","type":"YA","timestamp":"2023-11-09 12:40:30"},{"nodeID":"1289284","text":"Default Transition","type":"TA","timestamp":"2023-11-09 12:40:30"},{"nodeID":"1289285","text":"Default Transition","type":"TA","timestamp":"2023-11-09 12:40:30"},{"nodeID":"1289286","text":"Default Inference","type":"RA","timestamp":"2023-11-09 12:40:30"},{"nodeID":"1289287","text":"Arguing","type":"YA","timestamp":"2023-11-09 12:40:30"},{"nodeID":"1289288","text":"it is difficult to talk about celebration when we are talking about it in the context of Margaret's questions of 30,000 deaths","type":"I","timestamp":"2023-11-09 12:40:31"},{"nodeID":"1289289","text":"Chris Hopson: it is difficult to talk about celebration when we are talking about it in the context of Margaret's questions of 30,000 deaths","type":"L","timestamp":"2023-11-09 12:40:31"},{"nodeID":"1289290","text":"Analysing","type":"YA","timestamp":"2023-11-09 12:40:31"},{"nodeID":"1289291","text":"Zofia: Chris Hopson: it is difficult to talk about celebration when we are talking about it in the context of Margaret's questions of 30,000 deaths","type":"L","timestamp":"2023-11-09 12:40:31"},{"nodeID":"1289292","text":"Asserting","type":"YA","timestamp":"2023-11-09 12:40:31"},{"nodeID":"1289293","text":"Default Transition","type":"TA","timestamp":"2023-11-09 12:40:31"},{"nodeID":"1289294","text":"Default Conflict","type":"CA","timestamp":"2023-11-09 12:40:31"},{"nodeID":"1289295","text":"Disagreeing","type":"YA","timestamp":"2023-11-09 12:40:31"},{"nodeID":"1289296","text":"we should recognise that it is difficult to talk about celebration when we are talking about it in the context of Margaret's questions of 30,000 deaths","type":"I","timestamp":"2023-11-09 12:40:32"},{"nodeID":"1289297","text":"Chris Hopson: We should recognise that","type":"L","timestamp":"2023-11-09 12:40:32"},{"nodeID":"1289298","text":"Analysing","type":"YA","timestamp":"2023-11-09 12:40:32"},{"nodeID":"1289299","text":"Zofia: Chris Hopson: We should recognise that","type":"L","timestamp":"2023-11-09 12:40:32"},{"nodeID":"1289300","text":"Asserting","type":"YA","timestamp":"2023-11-09 12:40:32"},{"nodeID":"1289301","text":"Default Transition","type":"TA","timestamp":"2023-11-09 12:40:32"},{"nodeID":"1289302","text":"George Eustice is saying we did everything at the right time","type":"I","timestamp":"2023-11-09 12:40:32"},{"nodeID":"1289303","text":"Fiona Bruce: George is saying we did everything at the right time","type":"L","timestamp":"2023-11-09 12:40:32"},{"nodeID":"1289304","text":"Analysing","type":"YA","timestamp":"2023-11-09 12:40:32"},{"nodeID":"1289305","text":"Zofia: Fiona Bruce: George is saying we did everything at the right time","type":"L","timestamp":"2023-11-09 12:40:32"},{"nodeID":"1289306","text":"Asserting","type":"YA","timestamp":"2023-11-09 12:40:32"},{"nodeID":"1289307","text":"Default Transition","type":"TA","timestamp":"2023-11-09 12:40:32"},{"nodeID":"1289308","text":"George Eustice is saying lockdown was done at the right time","type":"I","timestamp":"2023-11-09 12:40:33"},{"nodeID":"1289309","text":"Fiona Bruce: Lockdown was done at the right time","type":"L","timestamp":"2023-11-09 12:40:33"},{"nodeID":"1289310","text":"Analysing","type":"YA","timestamp":"2023-11-09 12:40:33"},{"nodeID":"1289311","text":"Zofia: Fiona Bruce: Lockdown was done at the right time","type":"L","timestamp":"2023-11-09 12:40:33"},{"nodeID":"1289312","text":"Asserting","type":"YA","timestamp":"2023-11-09 12:40:33"},{"nodeID":"1289313","text":"Default Transition","type":"TA","timestamp":"2023-11-09 12:40:33"},{"nodeID":"1289314","text":"Default Rephrase","type":"MA","timestamp":"2023-11-09 12:40:33"},{"nodeID":"1289315","text":"Restating","type":"YA","timestamp":"2023-11-09 12:40:33"},{"nodeID":"1289316","text":"the reason we have so many deaths is xxx according to Chris Hopson","type":"I","timestamp":"2023-11-09 12:40:33"},{"nodeID":"1289317","text":"Fiona Bruce: Why do you think then, if that is true, not according to you, we have so many deaths then","type":"L","timestamp":"2023-11-09 12:40:33"},{"nodeID":"1289318","text":"Analysing","type":"YA","timestamp":"2023-11-09 12:40:33"},{"nodeID":"1289319","text":"Zofia: Fiona Bruce: Why do you think then, if that is true, not according to you, we have so many deaths then","type":"L","timestamp":"2023-11-09 12:40:33"},{"nodeID":"1289320","text":"Pure Questioning","type":"YA","timestamp":"2023-11-09 12:40:33"},{"nodeID":"1289321","text":"Default Transition","type":"TA","timestamp":"2023-11-09 12:40:33"},{"nodeID":"1289322","text":"it is really difficult to tell at this point","type":"I","timestamp":"2023-11-09 12:40:34"},{"nodeID":"1289323","text":"Chris Hopson: it is really difficult to tell at this point","type":"L","timestamp":"2023-11-09 12:40:34"},{"nodeID":"1289324","text":"Analysing","type":"YA","timestamp":"2023-11-09 12:40:34"},{"nodeID":"1289325","text":"Zofia: Chris Hopson: it is really difficult to tell at this point","type":"L","timestamp":"2023-11-09 12:40:34"},{"nodeID":"1289326","text":"Asserting","type":"YA","timestamp":"2023-11-09 12:40:34"},{"nodeID":"1289327","text":"Default Rephrase","type":"MA","timestamp":"2023-11-09 12:40:34"},{"nodeID":"1289328","text":"Default Transition","type":"TA","timestamp":"2023-11-09 12:40:34"},{"nodeID":"1289329","text":"Default Illocuting","type":"YA","timestamp":"2023-11-09 12:40:34"},{"nodeID":"1289330","text":"Chris Hopson knows people quite rightly want the answers","type":"I","timestamp":"2023-11-09 12:40:35"},{"nodeID":"1289331","text":"Chris Hopson: I know people quite rightly want the answers","type":"L","timestamp":"2023-11-09 12:40:35"},{"nodeID":"1289332","text":"Analysing","type":"YA","timestamp":"2023-11-09 12:40:35"},{"nodeID":"1289333","text":"Zofia: Chris Hopson: I know people quite rightly want the answers","type":"L","timestamp":"2023-11-09 12:40:35"},{"nodeID":"1289334","text":"Asserting","type":"YA","timestamp":"2023-11-09 12:40:35"},{"nodeID":"1289335","text":"Default Transition","type":"TA","timestamp":"2023-11-09 12:40:35"},{"nodeID":"1289336","text":"there are potentially lots of answers","type":"I","timestamp":"2023-11-09 12:40:35"},{"nodeID":"1289337","text":"Chris Hopson: there are potentially lots of answers","type":"L","timestamp":"2023-11-09 12:40:35"},{"nodeID":"1289338","text":"Analysing","type":"YA","timestamp":"2023-11-09 12:40:35"},{"nodeID":"1289339","text":"Zofia: Chris Hopson: there are potentially lots of answers","type":"L","timestamp":"2023-11-09 12:40:35"},{"nodeID":"1289340","text":"Asserting","type":"YA","timestamp":"2023-11-09 12:40:35"},{"nodeID":"1289341","text":"Default Transition","type":"TA","timestamp":"2023-11-09 12:40:35"},{"nodeID":"1289342","text":"if you look at population density, it is clearly one of the answers","type":"I","timestamp":"2023-11-09 12:40:36"},{"nodeID":"1289343","text":"Chris Hopson: If you look at population density, it is clearly one","type":"L","timestamp":"2023-11-09 12:40:36"},{"nodeID":"1289344","text":"Analysing","type":"YA","timestamp":"2023-11-09 12:40:36"},{"nodeID":"1289345","text":"Zofia: Chris Hopson: If you look at population density, it is clearly one","type":"L","timestamp":"2023-11-09 12:40:36"},{"nodeID":"1289346","text":"Asserting","type":"YA","timestamp":"2023-11-09 12:40:36"},{"nodeID":"1289347","text":"Fiona Bruce raised quite correctly the fact that our social care sector has been completely neglected","type":"I","timestamp":"2023-11-09 12:40:37"},{"nodeID":"1289348","text":"Chris Hopson: you raised quite correctly the fact that our social care sector has been completely neglected","type":"L","timestamp":"2023-11-09 12:40:37"},{"nodeID":"1289349","text":"Analysing","type":"YA","timestamp":"2023-11-09 12:40:37"},{"nodeID":"1289350","text":"Zofia: Chris Hopson: you raised quite correctly the fact that our social care sector has been completely neglected","type":"L","timestamp":"2023-11-09 12:40:37"},{"nodeID":"1289351","text":"Asserting","type":"YA","timestamp":"2023-11-09 12:40:37"},{"nodeID":"1289352","text":"Default Transition","type":"TA","timestamp":"2023-11-09 12:40:37"},{"nodeID":"1289353","text":"Default Rephrase","type":"MA","timestamp":"2023-11-09 12:40:37"},{"nodeID":"1289354","text":"Default Transition","type":"TA","timestamp":"2023-11-09 12:40:37"},{"nodeID":"1289355","text":"Default Illocuting","type":"YA","timestamp":"2023-11-09 12:40:37"},{"nodeID":"1289356","text":"Default Inference","type":"RA","timestamp":"2023-11-09 12:40:37"},{"nodeID":"1289357","text":"Default Transition","type":"TA","timestamp":"2023-11-09 12:40:37"},{"nodeID":"1289358","text":"Arguing","type":"YA","timestamp":"2023-11-09 12:40:37"},{"nodeID":"1289359","text":"Default Inference","type":"RA","timestamp":"2023-11-09 12:40:37"},{"nodeID":"1289360","text":"Arguing","type":"YA","timestamp":"2023-11-09 12:40:37"},{"nodeID":"1289361","text":"we know what happens in a crisis, is that the crisis inevitably finds one of weakest links in terms of the area that's been underinvested and that's not been sorted out","type":"I","timestamp":"2023-11-09 12:40:37"},{"nodeID":"1289362","text":"Chris Hopson: We know what happens in a crisis, is that the crisis inevitably finds one of weakest links in terms of the area that's been underinvested and that's not been sorted out","type":"L","timestamp":"2023-11-09 12:40:37"},{"nodeID":"1289363","text":"Analysing","type":"YA","timestamp":"2023-11-09 12:40:37"},{"nodeID":"1289364","text":"Zofia: Chris Hopson: We know what happens in a crisis, is that the crisis inevitably finds one of weakest links in terms of the area that's been underinvested and that's not been sorted out","type":"L","timestamp":"2023-11-09 12:40:37"},{"nodeID":"1289365","text":"Asserting","type":"YA","timestamp":"2023-11-09 12:40:37"},{"nodeID":"1289366","text":"Default Transition","type":"TA","timestamp":"2023-11-09 12:40:37"},{"nodeID":"1289367","text":"Chris Hopson: There are some reasons I am sure","type":"L","timestamp":"2023-11-09 12:40:37"},{"nodeID":"1289368","text":"Analysing","type":"YA","timestamp":"2023-11-09 12:40:37"},{"nodeID":"1289369","text":"Zofia: Chris Hopson: There are some reasons I am sure","type":"L","timestamp":"2023-11-09 12:40:37"},{"nodeID":"1289370","text":"Default Transition","type":"TA","timestamp":"2023-11-09 12:40:37"},{"nodeID":"1289371","text":"Asserting","type":"YA","timestamp":"2023-11-09 12:40:37"},{"nodeID":"1289372","text":"Chris Hopson is sure there are some reasons why we have so many deaths","type":"I","timestamp":"2023-11-09 12:40:38"},{"nodeID":"1289373","text":"Default Rephrase","type":"MA","timestamp":"2023-11-09 12:40:38"},{"nodeID":"1289374","text":"Restating","type":"YA","timestamp":"2023-11-09 12:40:38"},{"nodeID":"1289375","text":"all Chris Hopson is saying is we need to be careful about jumping to immediate conclusions on the basis of incomplete evidence at this point","type":"I","timestamp":"2023-11-09 12:40:38"},{"nodeID":"1289376","text":"Chris Hopson: All I am saying is we need to be careful about jumping to immediate conclusions on the basis of incomplete evidence at this point","type":"L","timestamp":"2023-11-09 12:40:38"},{"nodeID":"1289377","text":"Analysing","type":"YA","timestamp":"2023-11-09 12:40:38"},{"nodeID":"1289378","text":"Zofia: Chris Hopson: All I am saying is we need to be careful about jumping to immediate conclusions on the basis of incomplete evidence at this point","type":"L","timestamp":"2023-11-09 12:40:38"},{"nodeID":"1289379","text":"Asserting","type":"YA","timestamp":"2023-11-09 12:40:38"},{"nodeID":"1289380","text":"Default Transition","type":"TA","timestamp":"2023-11-09 12:40:38"},{"nodeID":"1289381","text":"Default Rephrase","type":"MA","timestamp":"2023-11-09 12:40:38"},{"nodeID":"1289382","text":"Restating","type":"YA","timestamp":"2023-11-09 12:40:38"},{"nodeID":"1289383","text":"Default Rephrase","type":"MA","timestamp":"2023-11-09 12:40:38"},{"nodeID":"1289384","text":"Restating","type":"YA","timestamp":"2023-11-09 12:40:38"},{"nodeID":"1289385","text":"Default Rephrase","type":"MA","timestamp":"2023-11-09 12:40:38"},{"nodeID":"1289386","text":"Restating","type":"YA","timestamp":"2023-11-09 12:40:38"}],"edges":[{"edgeID":"1695677","fromID":"1289271","toID":"1289270","formEdgeID":null},{"edgeID":"1695678","fromID":"1289272","toID":"1289271","formEdgeID":null},{"edgeID":"1695679","fromID":"1289270","toID":"1289273","formEdgeID":null},{"edgeID":"1695680","fromID":"1289273","toID":"1289269","formEdgeID":null},{"edgeID":"1695681","fromID":"1289276","toID":"1289275","formEdgeID":null},{"edgeID":"1695682","fromID":"1289277","toID":"1289276","formEdgeID":null},{"edgeID":"1695683","fromID":"1289275","toID":"1289278","formEdgeID":null},{"edgeID":"1695684","fromID":"1289278","toID":"1289274","formEdgeID":null},{"edgeID":"1695685","fromID":"1289281","toID":"1289280","formEdgeID":null},{"edgeID":"1695686","fromID":"1289282","toID":"1289281","formEdgeID":null},{"edgeID":"1695687","fromID":"1289280","toID":"1289283","formEdgeID":null},{"edgeID":"1695688","fromID":"1289283","toID":"1289279","formEdgeID":null},{"edgeID":"1695689","fromID":"1289270","toID":"1289284","formEdgeID":null},{"edgeID":"1695690","fromID":"1289284","toID":"1289275","formEdgeID":null},{"edgeID":"1695691","fromID":"1289275","toID":"1289285","formEdgeID":null},{"edgeID":"1695692","fromID":"1289285","toID":"1289280","formEdgeID":null},{"edgeID":"1695693","fromID":"1289269","toID":"1289286","formEdgeID":null},{"edgeID":"1695694","fromID":"1289286","toID":"1289274","formEdgeID":null},{"edgeID":"1695695","fromID":"1289284","toID":"1289287","formEdgeID":null},{"edgeID":"1695696","fromID":"1289287","toID":"1289286","formEdgeID":null},{"edgeID":"1695697","fromID":"1289290","toID":"1289289","formEdgeID":null},{"edgeID":"1695698","fromID":"1289291","toID":"1289290","formEdgeID":null},{"edgeID":"1695699","fromID":"1289289","toID":"1289292","formEdgeID":null},{"edgeID":"1695700","fromID":"1289292","toID":"1289288","formEdgeID":null},{"edgeID":"1695701","fromID":"1289280","toID":"1289293","formEdgeID":null},{"edgeID":"1695702","fromID":"1289293","toID":"1289289","formEdgeID":null},{"edgeID":"1695703","fromID":"1289288","toID":"1289294","formEdgeID":null},{"edgeID":"1695704","fromID":"1289294","toID":"1289279","formEdgeID":null},{"edgeID":"1695705","fromID":"1289293","toID":"1289295","formEdgeID":null},{"edgeID":"1695706","fromID":"1289295","toID":"1289294","formEdgeID":null},{"edgeID":"1695707","fromID":"1289298","toID":"1289297","formEdgeID":null},{"edgeID":"1695708","fromID":"1289299","toID":"1289298","formEdgeID":null},{"edgeID":"1695709","fromID":"1289297","toID":"1289300","formEdgeID":null},{"edgeID":"1695710","fromID":"1289300","toID":"1289296","formEdgeID":null},{"edgeID":"1695711","fromID":"1289289","toID":"1289301","formEdgeID":null},{"edgeID":"1695712","fromID":"1289301","toID":"1289297","formEdgeID":null},{"edgeID":"1695713","fromID":"1289304","toID":"1289303","formEdgeID":null},{"edgeID":"1695714","fromID":"1289305","toID":"1289304","formEdgeID":null},{"edgeID":"1695715","fromID":"1289303","toID":"1289306","formEdgeID":null},{"edgeID":"1695716","fromID":"1289306","toID":"1289302","formEdgeID":null},{"edgeID":"1695717","fromID":"1289297","toID":"1289307","formEdgeID":null},{"edgeID":"1695718","fromID":"1289307","toID":"1289303","formEdgeID":null},{"edgeID":"1695719","fromID":"1289310","toID":"1289309","formEdgeID":null},{"edgeID":"1695720","fromID":"1289311","toID":"1289310","formEdgeID":null},{"edgeID":"1695721","fromID":"1289309","toID":"1289312","formEdgeID":null},{"edgeID":"1695722","fromID":"1289312","toID":"1289308","formEdgeID":null},{"edgeID":"1695723","fromID":"1289303","toID":"1289313","formEdgeID":null},{"edgeID":"1695724","fromID":"1289313","toID":"1289309","formEdgeID":null},{"edgeID":"1695725","fromID":"1289308","toID":"1289314","formEdgeID":null},{"edgeID":"1695726","fromID":"1289314","toID":"1289302","formEdgeID":null},{"edgeID":"1695727","fromID":"1289313","toID":"1289315","formEdgeID":null},{"edgeID":"1695728","fromID":"1289315","toID":"1289314","formEdgeID":null},{"edgeID":"1695729","fromID":"1289318","toID":"1289317","formEdgeID":null},{"edgeID":"1695730","fromID":"1289319","toID":"1289318","formEdgeID":null},{"edgeID":"1695731","fromID":"1289317","toID":"1289320","formEdgeID":null},{"edgeID":"1695732","fromID":"1289320","toID":"1289316","formEdgeID":null},{"edgeID":"1695733","fromID":"1289309","toID":"1289321","formEdgeID":null},{"edgeID":"1695734","fromID":"1289321","toID":"1289317","formEdgeID":null},{"edgeID":"1695735","fromID":"1289324","toID":"1289323","formEdgeID":null},{"edgeID":"1695736","fromID":"1289325","toID":"1289324","formEdgeID":null},{"edgeID":"1695737","fromID":"1289323","toID":"1289326","formEdgeID":null},{"edgeID":"1695738","fromID":"1289326","toID":"1289322","formEdgeID":null},{"edgeID":"1695739","fromID":"1289322","toID":"1289327","formEdgeID":null},{"edgeID":"1695740","fromID":"1289327","toID":"1289316","formEdgeID":null},{"edgeID":"1695741","fromID":"1289317","toID":"1289328","formEdgeID":null},{"edgeID":"1695742","fromID":"1289328","toID":"1289323","formEdgeID":null},{"edgeID":"1695743","fromID":"1289328","toID":"1289329","formEdgeID":null},{"edgeID":"1695744","fromID":"1289329","toID":"1289327","formEdgeID":null},{"edgeID":"1695745","fromID":"1289332","toID":"1289331","formEdgeID":null},{"edgeID":"1695746","fromID":"1289333","toID":"1289332","formEdgeID":null},{"edgeID":"1695747","fromID":"1289331","toID":"1289334","formEdgeID":null},{"edgeID":"1695748","fromID":"1289334","toID":"1289330","formEdgeID":null},{"edgeID":"1695749","fromID":"1289323","toID":"1289335","formEdgeID":null},{"edgeID":"1695750","fromID":"1289335","toID":"1289331","formEdgeID":null},{"edgeID":"1695751","fromID":"1289338","toID":"1289337","formEdgeID":null},{"edgeID":"1695752","fromID":"1289339","toID":"1289338","formEdgeID":null},{"edgeID":"1695753","fromID":"1289337","toID":"1289340","formEdgeID":null},{"edgeID":"1695754","fromID":"1289340","toID":"1289336","formEdgeID":null},{"edgeID":"1695755","fromID":"1289331","toID":"1289341","formEdgeID":null},{"edgeID":"1695756","fromID":"1289341","toID":"1289337","formEdgeID":null},{"edgeID":"1695757","fromID":"1289344","toID":"1289343","formEdgeID":null},{"edgeID":"1695758","fromID":"1289345","toID":"1289344","formEdgeID":null},{"edgeID":"1695759","fromID":"1289343","toID":"1289346","formEdgeID":null},{"edgeID":"1695760","fromID":"1289346","toID":"1289342","formEdgeID":null},{"edgeID":"1695761","fromID":"1289349","toID":"1289348","formEdgeID":null},{"edgeID":"1695762","fromID":"1289350","toID":"1289349","formEdgeID":null},{"edgeID":"1695763","fromID":"1289348","toID":"1289351","formEdgeID":null},{"edgeID":"1695764","fromID":"1289351","toID":"1289347","formEdgeID":null},{"edgeID":"1695765","fromID":"1289343","toID":"1289352","formEdgeID":null},{"edgeID":"1695766","fromID":"1289352","toID":"1289348","formEdgeID":null},{"edgeID":"1695767","fromID":"1289336","toID":"1289353","formEdgeID":null},{"edgeID":"1695768","fromID":"1289353","toID":"1289316","formEdgeID":null},{"edgeID":"1695769","fromID":"1289317","toID":"1289354","formEdgeID":null},{"edgeID":"1695770","fromID":"1289354","toID":"1289337","formEdgeID":null},{"edgeID":"1695771","fromID":"1289354","toID":"1289355","formEdgeID":null},{"edgeID":"1695772","fromID":"1289355","toID":"1289353","formEdgeID":null},{"edgeID":"1695773","fromID":"1289342","toID":"1289356","formEdgeID":null},{"edgeID":"1695774","fromID":"1289356","toID":"1289336","formEdgeID":null},{"edgeID":"1695775","fromID":"1289337","toID":"1289357","formEdgeID":null},{"edgeID":"1695776","fromID":"1289357","toID":"1289343","formEdgeID":null},{"edgeID":"1695777","fromID":"1289357","toID":"1289358","formEdgeID":null},{"edgeID":"1695778","fromID":"1289358","toID":"1289356","formEdgeID":null},{"edgeID":"1695779","fromID":"1289347","toID":"1289359","formEdgeID":null},{"edgeID":"1695780","fromID":"1289359","toID":"1289336","formEdgeID":null},{"edgeID":"1695781","fromID":"1289352","toID":"1289360","formEdgeID":null},{"edgeID":"1695782","fromID":"1289360","toID":"1289359","formEdgeID":null},{"edgeID":"1695783","fromID":"1289363","toID":"1289362","formEdgeID":null},{"edgeID":"1695784","fromID":"1289364","toID":"1289363","formEdgeID":null},{"edgeID":"1695785","fromID":"1289362","toID":"1289365","formEdgeID":null},{"edgeID":"1695786","fromID":"1289365","toID":"1289361","formEdgeID":null},{"edgeID":"1695787","fromID":"1289348","toID":"1289366","formEdgeID":null},{"edgeID":"1695788","fromID":"1289366","toID":"1289362","formEdgeID":null},{"edgeID":"1695789","fromID":"1289368","toID":"1289367","formEdgeID":null},{"edgeID":"1695790","fromID":"1289369","toID":"1289368","formEdgeID":null},{"edgeID":"1695791","fromID":"1289362","toID":"1289370","formEdgeID":null},{"edgeID":"1695792","fromID":"1289370","toID":"1289367","formEdgeID":null},{"edgeID":"1695793","fromID":"1289367","toID":"1289371","formEdgeID":null},{"edgeID":"1695794","fromID":"1289371","toID":"1289372","formEdgeID":null},{"edgeID":"1695795","fromID":"1289372","toID":"1289373","formEdgeID":null},{"edgeID":"1695796","fromID":"1289373","toID":"1289336","formEdgeID":null},{"edgeID":"1695797","fromID":"1289370","toID":"1289374","formEdgeID":null},{"edgeID":"1695798","fromID":"1289374","toID":"1289373","formEdgeID":null},{"edgeID":"1695799","fromID":"1289377","toID":"1289376","formEdgeID":null},{"edgeID":"1695800","fromID":"1289378","toID":"1289377","formEdgeID":null},{"edgeID":"1695801","fromID":"1289376","toID":"1289379","formEdgeID":null},{"edgeID":"1695802","fromID":"1289379","toID":"1289375","formEdgeID":null},{"edgeID":"1695803","fromID":"1289367","toID":"1289380","formEdgeID":null},{"edgeID":"1695804","fromID":"1289380","toID":"1289376","formEdgeID":null},{"edgeID":"1695805","fromID":"1289375","toID":"1289381","formEdgeID":null},{"edgeID":"1695806","fromID":"1289381","toID":"1289372","formEdgeID":null},{"edgeID":"1695807","fromID":"1289380","toID":"1289382","formEdgeID":null},{"edgeID":"1695808","fromID":"1289382","toID":"1289381","formEdgeID":null},{"edgeID":"1695809","fromID":"1289296","toID":"1289383","formEdgeID":null},{"edgeID":"1695810","fromID":"1289383","toID":"1289288","formEdgeID":null},{"edgeID":"1695811","fromID":"1289301","toID":"1289384","formEdgeID":null},{"edgeID":"1695812","fromID":"1289384","toID":"1289383","formEdgeID":null},{"edgeID":"1695813","fromID":"1289361","toID":"1289385","formEdgeID":null},{"edgeID":"1695814","fromID":"1289385","toID":"1289347","formEdgeID":null},{"edgeID":"1695815","fromID":"1289366","toID":"1289386","formEdgeID":null},{"edgeID":"1695816","fromID":"1289386","toID":"1289385","formEdgeID":null}],"locutions":[]}