{"nodes":[{"nodeID":"1288328","text":"the death rate is clearly very concerning","type":"I","timestamp":"2023-11-09 12:39:08"},{"nodeID":"1288329","text":"Chris Hopson: the death rate is clearly very concerning","type":"L","timestamp":"2023-11-09 12:39:08"},{"nodeID":"1288330","text":"Analysing","type":"YA","timestamp":"2023-11-09 12:39:08"},{"nodeID":"1288331","text":"Anna : Chris Hopson: the death rate is clearly very concerning","type":"L","timestamp":"2023-11-09 12:39:08"},{"nodeID":"1288332","text":"Asserting","type":"YA","timestamp":"2023-11-09 12:39:08"},{"nodeID":"1288333","text":"we can talk about numbers","type":"I","timestamp":"2023-11-09 12:39:08"},{"nodeID":"1288334","text":"Chris Hopson: and we can talk about numbers","type":"L","timestamp":"2023-11-09 12:39:08"},{"nodeID":"1288335","text":"Analysing","type":"YA","timestamp":"2023-11-09 12:39:08"},{"nodeID":"1288336","text":"Anna : Chris Hopson: and we can talk about numbers","type":"L","timestamp":"2023-11-09 12:39:08"},{"nodeID":"1288337","text":"Asserting","type":"YA","timestamp":"2023-11-09 12:39:08"},{"nodeID":"1288338","text":"behind each individual number there is a personal tragedy for both the individuals concerned but also their relatives and families","type":"I","timestamp":"2023-11-09 12:39:09"},{"nodeID":"1288339","text":"Chris Hopson: but behind each individual number there is a personal tragedy for both the individuals concerned but also their relatives and families","type":"L","timestamp":"2023-11-09 12:39:09"},{"nodeID":"1288340","text":"Analysing","type":"YA","timestamp":"2023-11-09 12:39:09"},{"nodeID":"1288341","text":"Anna : Chris Hopson: but behind each individual number there is a personal tragedy for both the individuals concerned but also their relatives and families","type":"L","timestamp":"2023-11-09 12:39:09"},{"nodeID":"1288342","text":"Asserting","type":"YA","timestamp":"2023-11-09 12:39:09"},{"nodeID":"1288343","text":"xxx is what Chris Hopson thinks when he hears Margaret list those numbers like that","type":"I","timestamp":"2023-11-09 12:39:09"},{"nodeID":"1288344","text":"Fiona Bruce: What do you think when you hear Margaret list those numbers like that?","type":"L","timestamp":"2023-11-09 12:39:09"},{"nodeID":"1288345","text":"Analysing","type":"YA","timestamp":"2023-11-09 12:39:09"},{"nodeID":"1288346","text":"Anna : Chris Hopson: What do you think when you hear Margaret list those numbers like that?","type":"L","timestamp":"2023-11-09 12:39:09"},{"nodeID":"1288347","text":"Pure Questioning","type":"YA","timestamp":"2023-11-09 12:39:09"},{"nodeID":"1288348","text":"the numbers are very concerning","type":"I","timestamp":"2023-11-09 12:39:10"},{"nodeID":"1288349","text":"Chris Hopson:  It is very concerning","type":"L","timestamp":"2023-11-09 12:39:10"},{"nodeID":"1288350","text":"Analysing","type":"YA","timestamp":"2023-11-09 12:39:10"},{"nodeID":"1288351","text":"Anna : Chris Hopson:  It is very concerning","type":"L","timestamp":"2023-11-09 12:39:10"},{"nodeID":"1288352","text":"Asserting","type":"YA","timestamp":"2023-11-09 12:39:10"},{"nodeID":"1288353","text":"the numbers are very concerning if you look at the levels of mortality we have in this country","type":"I","timestamp":"2023-11-09 12:39:11"},{"nodeID":"1288354","text":"Chris Hopson: If you look at the levels of mortality we have in this country","type":"L","timestamp":"2023-11-09 12:39:11"},{"nodeID":"1288355","text":"Analysing","type":"YA","timestamp":"2023-11-09 12:39:11"},{"nodeID":"1288356","text":"Anna : Chris Hopson: If you look at the levels of mortality we have in this country","type":"L","timestamp":"2023-11-09 12:39:11"},{"nodeID":"1288357","text":"Asserting","type":"YA","timestamp":"2023-11-09 12:39:11"},{"nodeID":"1288358","text":"Chris Hopson's public health colleagues tell him to be very careful about making international comparisons at this point","type":"I","timestamp":"2023-11-09 12:39:11"},{"nodeID":"1288359","text":"Chris Hopson:  I do think when I talk to my public health colleagues what they say to me is be very careful about making international comparisons at this point","type":"L","timestamp":"2023-11-09 12:39:11"},{"nodeID":"1288360","text":"Analysing","type":"YA","timestamp":"2023-11-09 12:39:11"},{"nodeID":"1288361","text":"Anna : Chris Hopson:  I do think when I talk to my public health colleagues what they say to me is be very careful about making international comparisons at this point","type":"L","timestamp":"2023-11-09 12:39:11"},{"nodeID":"1288362","text":"Asserting","type":"YA","timestamp":"2023-11-09 12:39:11"},{"nodeID":"1288363","text":"there are a number of different reasons as to why different countries may have different death rates","type":"I","timestamp":"2023-11-09 12:39:12"},{"nodeID":"1288364","text":"Chris Hopson: but there are a number of different reasons as to why different countries may have different death rates","type":"L","timestamp":"2023-11-09 12:39:12"},{"nodeID":"1288365","text":"Analysing","type":"YA","timestamp":"2023-11-09 12:39:12"},{"nodeID":"1288366","text":"Anna : Chris Hopson: but there are a number of different reasons as to why different countries may have different death rates","type":"L","timestamp":"2023-11-09 12:39:12"},{"nodeID":"1288367","text":"Asserting","type":"YA","timestamp":"2023-11-09 12:39:12"},{"nodeID":"1288368","text":"there is not a single universal way of recording Coronavirus and none Coronavirus","type":"I","timestamp":"2023-11-09 12:39:12"},{"nodeID":"1288369","text":"Chris Hopson:  For example, there is not a single universal way of recording Coronavirus and none Coronavirus","type":"L","timestamp":"2023-11-09 12:39:12"},{"nodeID":"1288370","text":"Analysing","type":"YA","timestamp":"2023-11-09 12:39:12"},{"nodeID":"1288371","text":"Anna : Chris Hopson:  For example, there is not a single universal way of recording Coronavirus and none Coronavirus","type":"L","timestamp":"2023-11-09 12:39:12"},{"nodeID":"1288372","text":"Asserting","type":"YA","timestamp":"2023-11-09 12:39:12"},{"nodeID":"1288373","text":"Default Transition","type":"TA","timestamp":"2023-11-09 12:39:12"},{"nodeID":"1288374","text":"Default Transition","type":"TA","timestamp":"2023-11-09 12:39:12"},{"nodeID":"1288375","text":"Default Conflict","type":"CA","timestamp":"2023-11-09 12:39:12"},{"nodeID":"1288376","text":"Default Transition","type":"TA","timestamp":"2023-11-09 12:39:12"},{"nodeID":"1288377","text":"Disagreeing","type":"YA","timestamp":"2023-11-09 12:39:12"},{"nodeID":"1288378","text":"Default Transition","type":"TA","timestamp":"2023-11-09 12:39:12"},{"nodeID":"1288379","text":"Default Transition","type":"TA","timestamp":"2023-11-09 12:39:12"},{"nodeID":"1288380","text":"Default Inference","type":"RA","timestamp":"2023-11-09 12:39:12"},{"nodeID":"1288381","text":"Arguing","type":"YA","timestamp":"2023-11-09 12:39:12"},{"nodeID":"1288382","text":"Default Transition","type":"TA","timestamp":"2023-11-09 12:39:12"},{"nodeID":"1288383","text":"Default Rephrase","type":"MA","timestamp":"2023-11-09 12:39:12"},{"nodeID":"1288384","text":"Default Transition","type":"TA","timestamp":"2023-11-09 12:39:12"},{"nodeID":"1288385","text":"Default Illocuting","type":"YA","timestamp":"2023-11-09 12:39:12"},{"nodeID":"1288386","text":"Default Transition","type":"TA","timestamp":"2023-11-09 12:39:12"},{"nodeID":"1288387","text":"Default Rephrase","type":"MA","timestamp":"2023-11-09 12:39:13"},{"nodeID":"1288388","text":"Restating","type":"YA","timestamp":"2023-11-09 12:39:13"},{"nodeID":"1288389","text":"Default Inference","type":"RA","timestamp":"2023-11-09 12:39:13"},{"nodeID":"1288390","text":"Arguing","type":"YA","timestamp":"2023-11-09 12:39:13"}],"edges":[{"edgeID":"1694563","fromID":"1288330","toID":"1288329","formEdgeID":null},{"edgeID":"1694564","fromID":"1288331","toID":"1288330","formEdgeID":null},{"edgeID":"1694565","fromID":"1288329","toID":"1288332","formEdgeID":null},{"edgeID":"1694566","fromID":"1288332","toID":"1288328","formEdgeID":null},{"edgeID":"1694567","fromID":"1288335","toID":"1288334","formEdgeID":null},{"edgeID":"1694568","fromID":"1288336","toID":"1288335","formEdgeID":null},{"edgeID":"1694569","fromID":"1288334","toID":"1288337","formEdgeID":null},{"edgeID":"1694570","fromID":"1288337","toID":"1288333","formEdgeID":null},{"edgeID":"1694571","fromID":"1288340","toID":"1288339","formEdgeID":null},{"edgeID":"1694572","fromID":"1288341","toID":"1288340","formEdgeID":null},{"edgeID":"1694573","fromID":"1288339","toID":"1288342","formEdgeID":null},{"edgeID":"1694574","fromID":"1288342","toID":"1288338","formEdgeID":null},{"edgeID":"1694575","fromID":"1288345","toID":"1288344","formEdgeID":null},{"edgeID":"1694576","fromID":"1288346","toID":"1288345","formEdgeID":null},{"edgeID":"1694577","fromID":"1288344","toID":"1288347","formEdgeID":null},{"edgeID":"1694578","fromID":"1288347","toID":"1288343","formEdgeID":null},{"edgeID":"1694579","fromID":"1288350","toID":"1288349","formEdgeID":null},{"edgeID":"1694580","fromID":"1288351","toID":"1288350","formEdgeID":null},{"edgeID":"1694581","fromID":"1288349","toID":"1288352","formEdgeID":null},{"edgeID":"1694582","fromID":"1288352","toID":"1288348","formEdgeID":null},{"edgeID":"1694583","fromID":"1288355","toID":"1288354","formEdgeID":null},{"edgeID":"1694584","fromID":"1288356","toID":"1288355","formEdgeID":null},{"edgeID":"1694585","fromID":"1288354","toID":"1288357","formEdgeID":null},{"edgeID":"1694586","fromID":"1288357","toID":"1288353","formEdgeID":null},{"edgeID":"1694587","fromID":"1288360","toID":"1288359","formEdgeID":null},{"edgeID":"1694588","fromID":"1288361","toID":"1288360","formEdgeID":null},{"edgeID":"1694589","fromID":"1288359","toID":"1288362","formEdgeID":null},{"edgeID":"1694590","fromID":"1288362","toID":"1288358","formEdgeID":null},{"edgeID":"1694591","fromID":"1288365","toID":"1288364","formEdgeID":null},{"edgeID":"1694592","fromID":"1288366","toID":"1288365","formEdgeID":null},{"edgeID":"1694593","fromID":"1288364","toID":"1288367","formEdgeID":null},{"edgeID":"1694594","fromID":"1288367","toID":"1288363","formEdgeID":null},{"edgeID":"1694595","fromID":"1288370","toID":"1288369","formEdgeID":null},{"edgeID":"1694596","fromID":"1288371","toID":"1288370","formEdgeID":null},{"edgeID":"1694597","fromID":"1288369","toID":"1288372","formEdgeID":null},{"edgeID":"1694598","fromID":"1288372","toID":"1288368","formEdgeID":null},{"edgeID":"1694599","fromID":"1288339","toID":"1288373","formEdgeID":null},{"edgeID":"1694600","fromID":"1288373","toID":"1288344","formEdgeID":null},{"edgeID":"1694601","fromID":"1288329","toID":"1288374","formEdgeID":null},{"edgeID":"1694602","fromID":"1288374","toID":"1288334","formEdgeID":null},{"edgeID":"1694603","fromID":"1288338","toID":"1288375","formEdgeID":null},{"edgeID":"1694604","fromID":"1288375","toID":"1288333","formEdgeID":null},{"edgeID":"1694605","fromID":"1288334","toID":"1288376","formEdgeID":null},{"edgeID":"1694606","fromID":"1288376","toID":"1288339","formEdgeID":null},{"edgeID":"1694607","fromID":"1288376","toID":"1288377","formEdgeID":null},{"edgeID":"1694608","fromID":"1288377","toID":"1288375","formEdgeID":null},{"edgeID":"1694609","fromID":"1288354","toID":"1288378","formEdgeID":null},{"edgeID":"1694610","fromID":"1288378","toID":"1288359","formEdgeID":null},{"edgeID":"1694611","fromID":"1288359","toID":"1288379","formEdgeID":null},{"edgeID":"1694612","fromID":"1288379","toID":"1288364","formEdgeID":null},{"edgeID":"1694613","fromID":"1288363","toID":"1288380","formEdgeID":null},{"edgeID":"1694614","fromID":"1288380","toID":"1288358","formEdgeID":null},{"edgeID":"1694615","fromID":"1288379","toID":"1288381","formEdgeID":null},{"edgeID":"1694616","fromID":"1288381","toID":"1288380","formEdgeID":null},{"edgeID":"1694617","fromID":"1288364","toID":"1288382","formEdgeID":null},{"edgeID":"1694618","fromID":"1288382","toID":"1288369","formEdgeID":null},{"edgeID":"1694619","fromID":"1288348","toID":"1288383","formEdgeID":null},{"edgeID":"1694620","fromID":"1288383","toID":"1288343","formEdgeID":null},{"edgeID":"1694621","fromID":"1288344","toID":"1288384","formEdgeID":null},{"edgeID":"1694622","fromID":"1288384","toID":"1288349","formEdgeID":null},{"edgeID":"1694623","fromID":"1288384","toID":"1288385","formEdgeID":null},{"edgeID":"1694624","fromID":"1288385","toID":"1288383","formEdgeID":null},{"edgeID":"1694625","fromID":"1288349","toID":"1288386","formEdgeID":null},{"edgeID":"1694626","fromID":"1288386","toID":"1288354","formEdgeID":null},{"edgeID":"1694627","fromID":"1288353","toID":"1288387","formEdgeID":null},{"edgeID":"1694628","fromID":"1288387","toID":"1288348","formEdgeID":null},{"edgeID":"1694629","fromID":"1288386","toID":"1288388","formEdgeID":null},{"edgeID":"1694630","fromID":"1288388","toID":"1288387","formEdgeID":null},{"edgeID":"1694631","fromID":"1288368","toID":"1288389","formEdgeID":null},{"edgeID":"1694632","fromID":"1288389","toID":"1288363","formEdgeID":null},{"edgeID":"1694633","fromID":"1288382","toID":"1288390","formEdgeID":null},{"edgeID":"1694634","fromID":"1288390","toID":"1288389","formEdgeID":null}],"locutions":[]}