{"nodes":[{"nodeID":"1292005","text":"hang on a minute","type":"I","timestamp":"2023-11-09 12:44:21"},{"nodeID":"1292006","text":"Fiona Bruce: Hang on a minute","type":"L","timestamp":"2023-11-09 12:44:21"},{"nodeID":"1292007","text":"Analysing","type":"YA","timestamp":"2023-11-09 12:44:21"},{"nodeID":"1292008","text":"chris: Fiona Bruce: Hang on a minute","type":"L","timestamp":"2023-11-09 12:44:21"},{"nodeID":"1292009","text":"Asserting","type":"YA","timestamp":"2023-11-09 12:44:21"},{"nodeID":"1292010","text":"the reason the Health and Safety Executive exists is because there are companies that don't take it seriously enough","type":"I","timestamp":"2023-11-09 12:44:21"},{"nodeID":"1292011","text":"Fiona Bruce: The reason the Health and Safety Executive exists is because there are companies that don't take it seriously enough","type":"L","timestamp":"2023-11-09 12:44:21"},{"nodeID":"1292012","text":"Analysing","type":"YA","timestamp":"2023-11-09 12:44:21"},{"nodeID":"1292013","text":"chris: Fiona Bruce: The reason the Health and Safety Executive exists is because there are companies that don't take it seriously enough","type":"L","timestamp":"2023-11-09 12:44:21"},{"nodeID":"1292014","text":"Asserting","type":"YA","timestamp":"2023-11-09 12:44:21"},{"nodeID":"1292015","text":"Default Inference","type":"RA","timestamp":"2023-11-09 12:44:21"},{"nodeID":"1292016","text":"Default Transition","type":"TA","timestamp":"2023-11-09 12:44:21"},{"nodeID":"1292017","text":"Arguing","type":"YA","timestamp":"2023-11-09 12:44:21"},{"nodeID":"1292018","text":"George Eustice is suggesting that the companies who don't take health and safety seriously all suddenly will","type":"I","timestamp":"2023-11-09 12:44:22"},{"nodeID":"1292019","text":"Fiona Bruce: Are you suggesting that they all suddenly will","type":"L","timestamp":"2023-11-09 12:44:22"},{"nodeID":"1292020","text":"Analysing","type":"YA","timestamp":"2023-11-09 12:44:22"},{"nodeID":"1292021","text":"chris: Fiona Bruce: Are you suggesting that they all suddenly will","type":"L","timestamp":"2023-11-09 12:44:22"},{"nodeID":"1292022","text":"Assertive Questioning","type":"YA","timestamp":"2023-11-09 12:44:22"},{"nodeID":"1292023","text":"Default Rephrase","type":"MA","timestamp":"2023-11-09 12:44:22"},{"nodeID":"1292024","text":"Default Transition","type":"TA","timestamp":"2023-11-09 12:44:22"},{"nodeID":"1292025","text":"Restating","type":"YA","timestamp":"2023-11-09 12:44:22"},{"nodeID":"1292026","text":"in these circumstances, the Health and Safety Executive have been involved with some of the guidance with food companies","type":"I","timestamp":"2023-11-09 12:44:23"},{"nodeID":"1292027","text":"George Eustice: In these circumstances, the Health and Safety Executive have been involved with some of the guidance with food companies","type":"L","timestamp":"2023-11-09 12:44:23"},{"nodeID":"1292028","text":"Analysing","type":"YA","timestamp":"2023-11-09 12:44:23"},{"nodeID":"1292029","text":"chris: George Eustice: In these circumstances, the Health and Safety Executive have been involved with some of the guidance with food companies","type":"L","timestamp":"2023-11-09 12:44:23"},{"nodeID":"1292030","text":"Asserting","type":"YA","timestamp":"2023-11-09 12:44:23"},{"nodeID":"1292031","text":"Default Transition","type":"TA","timestamp":"2023-11-09 12:44:23"},{"nodeID":"1292032","text":"Default Rephrase","type":"MA","timestamp":"2023-11-09 12:44:23"},{"nodeID":"1292033","text":"Default Illocuting","type":"YA","timestamp":"2023-11-09 12:44:23"},{"nodeID":"1292034","text":"Public Health England and the Food Standards Agency were also involved in guidance to food companies","type":"I","timestamp":"2023-11-09 12:44:23"},{"nodeID":"1292035","text":"George Eustice: Public Health England and the Food Standards Agency as well","type":"L","timestamp":"2023-11-09 12:44:23"},{"nodeID":"1292036","text":"Analysing","type":"YA","timestamp":"2023-11-09 12:44:23"},{"nodeID":"1292037","text":"chris: George Eustice: Public Health England and the Food Standards Agency as well","type":"L","timestamp":"2023-11-09 12:44:23"},{"nodeID":"1292038","text":"Asserting","type":"YA","timestamp":"2023-11-09 12:44:23"},{"nodeID":"1292039","text":"Default Transition","type":"TA","timestamp":"2023-11-09 12:44:23"},{"nodeID":"1292040","text":"Default Rephrase","type":"MA","timestamp":"2023-11-09 12:44:23"},{"nodeID":"1292041","text":"Restating","type":"YA","timestamp":"2023-11-09 12:44:23"},{"nodeID":"1292042","text":"all of the agencies have been working and contributing to the guidance that businesses are following","type":"I","timestamp":"2023-11-09 12:44:24"},{"nodeID":"1292043","text":"George Eustice: All of the agencies have been working and contributing to the guidance that businesses are following","type":"L","timestamp":"2023-11-09 12:44:24"},{"nodeID":"1292044","text":"Analysing","type":"YA","timestamp":"2023-11-09 12:44:24"},{"nodeID":"1292045","text":"chris: George Eustice: All of the agencies have been working and contributing to the guidance that businesses are following","type":"L","timestamp":"2023-11-09 12:44:24"},{"nodeID":"1292046","text":"Asserting","type":"YA","timestamp":"2023-11-09 12:44:24"},{"nodeID":"1292047","text":"Default Transition","type":"TA","timestamp":"2023-11-09 12:44:24"},{"nodeID":"1292048","text":"Default Inference","type":"RA","timestamp":"2023-11-09 12:44:24"},{"nodeID":"1292049","text":"Arguing","type":"YA","timestamp":"2023-11-09 12:44:24"}],"edges":[{"edgeID":"1698909","fromID":"1292007","toID":"1292006","formEdgeID":null},{"edgeID":"1698910","fromID":"1292008","toID":"1292007","formEdgeID":null},{"edgeID":"1698911","fromID":"1292006","toID":"1292009","formEdgeID":null},{"edgeID":"1698912","fromID":"1292009","toID":"1292005","formEdgeID":null},{"edgeID":"1698913","fromID":"1292012","toID":"1292011","formEdgeID":null},{"edgeID":"1698914","fromID":"1292013","toID":"1292012","formEdgeID":null},{"edgeID":"1698915","fromID":"1292011","toID":"1292014","formEdgeID":null},{"edgeID":"1698916","fromID":"1292014","toID":"1292010","formEdgeID":null},{"edgeID":"1698917","fromID":"1292010","toID":"1292015","formEdgeID":null},{"edgeID":"1698918","fromID":"1292015","toID":"1292005","formEdgeID":null},{"edgeID":"1698919","fromID":"1292006","toID":"1292016","formEdgeID":null},{"edgeID":"1698920","fromID":"1292016","toID":"1292011","formEdgeID":null},{"edgeID":"1698921","fromID":"1292016","toID":"1292017","formEdgeID":null},{"edgeID":"1698922","fromID":"1292017","toID":"1292015","formEdgeID":null},{"edgeID":"1698923","fromID":"1292020","toID":"1292019","formEdgeID":null},{"edgeID":"1698924","fromID":"1292021","toID":"1292020","formEdgeID":null},{"edgeID":"1698925","fromID":"1292019","toID":"1292022","formEdgeID":null},{"edgeID":"1698926","fromID":"1292022","toID":"1292018","formEdgeID":null},{"edgeID":"1698927","fromID":"1292018","toID":"1292023","formEdgeID":null},{"edgeID":"1698928","fromID":"1292023","toID":"1292010","formEdgeID":null},{"edgeID":"1698929","fromID":"1292011","toID":"1292024","formEdgeID":null},{"edgeID":"1698930","fromID":"1292024","toID":"1292019","formEdgeID":null},{"edgeID":"1698931","fromID":"1292024","toID":"1292025","formEdgeID":null},{"edgeID":"1698932","fromID":"1292025","toID":"1292023","formEdgeID":null},{"edgeID":"1698933","fromID":"1292028","toID":"1292027","formEdgeID":null},{"edgeID":"1698934","fromID":"1292029","toID":"1292028","formEdgeID":null},{"edgeID":"1698935","fromID":"1292027","toID":"1292030","formEdgeID":null},{"edgeID":"1698936","fromID":"1292030","toID":"1292026","formEdgeID":null},{"edgeID":"1698937","fromID":"1292019","toID":"1292031","formEdgeID":null},{"edgeID":"1698938","fromID":"1292031","toID":"1292027","formEdgeID":null},{"edgeID":"1698939","fromID":"1292026","toID":"1292032","formEdgeID":null},{"edgeID":"1698940","fromID":"1292032","toID":"1292018","formEdgeID":null},{"edgeID":"1698941","fromID":"1292031","toID":"1292033","formEdgeID":null},{"edgeID":"1698942","fromID":"1292033","toID":"1292032","formEdgeID":null},{"edgeID":"1698943","fromID":"1292036","toID":"1292035","formEdgeID":null},{"edgeID":"1698944","fromID":"1292037","toID":"1292036","formEdgeID":null},{"edgeID":"1698945","fromID":"1292035","toID":"1292038","formEdgeID":null},{"edgeID":"1698946","fromID":"1292038","toID":"1292034","formEdgeID":null},{"edgeID":"1698947","fromID":"1292027","toID":"1292039","formEdgeID":null},{"edgeID":"1698948","fromID":"1292039","toID":"1292035","formEdgeID":null},{"edgeID":"1698949","fromID":"1292034","toID":"1292040","formEdgeID":null},{"edgeID":"1698950","fromID":"1292040","toID":"1292026","formEdgeID":null},{"edgeID":"1698951","fromID":"1292039","toID":"1292041","formEdgeID":null},{"edgeID":"1698952","fromID":"1292041","toID":"1292040","formEdgeID":null},{"edgeID":"1698953","fromID":"1292044","toID":"1292043","formEdgeID":null},{"edgeID":"1698954","fromID":"1292045","toID":"1292044","formEdgeID":null},{"edgeID":"1698955","fromID":"1292043","toID":"1292046","formEdgeID":null},{"edgeID":"1698956","fromID":"1292046","toID":"1292042","formEdgeID":null},{"edgeID":"1698957","fromID":"1292035","toID":"1292047","formEdgeID":null},{"edgeID":"1698958","fromID":"1292047","toID":"1292043","formEdgeID":null},{"edgeID":"1698959","fromID":"1292042","toID":"1292048","formEdgeID":null},{"edgeID":"1698960","fromID":"1292048","toID":"1292034","formEdgeID":null},{"edgeID":"1698961","fromID":"1292047","toID":"1292049","formEdgeID":null},{"edgeID":"1698962","fromID":"1292049","toID":"1292048","formEdgeID":null}],"locutions":[]}