{"nodes":[{"nodeID":"501751","text":"We want people to feel safe to return to work","type":"I","timestamp":"2020-05-14 21:28:13"},{"nodeID":"501758","text":"It is important to note there are sectors of economy that never shut down","type":"I","timestamp":"2020-05-14 21:28:14"},{"nodeID":"501783","text":"the measures have been successful","type":"I","timestamp":"2020-05-14 21:28:18"},{"nodeID":"1292050","text":"when you hear someone like Charles saying he is apprehensive about going back to work with colleagues less than 20 metres away and hot desking, someone should or should not be able to say without fear of being laid off \"it is not safe enough.\u00a0 It is not adhering to the best practices.\u00a0 I am not going to come in\"","type":"I","timestamp":"2023-11-09 12:44:26"},{"nodeID":"1292051","text":"Fiona Bruce: George, when you hear someone like Charles saying he is apprehensive about going back to work with colleagues less than 20 metres away and hot desking, should someone be able to say without fear of being laid off \"it is not safe enough.\u00a0 It is not adhering to the best practices.\u00a0 I am not going to come in\"","type":"L","timestamp":"2023-11-09 12:44:26"},{"nodeID":"1292052","text":"Analysing","type":"YA","timestamp":"2023-11-09 12:44:26"},{"nodeID":"1292053","text":"Dominika: Fiona Bruce: George, when you hear someone like Charles saying he is apprehensive about going back to work with colleagues less than 20 metres away and hot desking, should someone be able to say without fear of being laid off \"it is not safe enough.\u00a0 It is not adhering to the best practices.\u00a0 I am not going to come in\"","type":"L","timestamp":"2023-11-09 12:44:26"},{"nodeID":"1292054","text":"Pure Questioning","type":"YA","timestamp":"2023-11-09 12:44:26"},{"nodeID":"1292055","text":"the government has been doing a lot of work over the last few weeks with unions and employers","type":"I","timestamp":"2023-11-09 12:44:27"},{"nodeID":"1292056","text":"George Eustice: That's why the government has been doing a lot of work over the last few weeks with unions and employers","type":"L","timestamp":"2023-11-09 12:44:27"},{"nodeID":"1292057","text":"Analysing","type":"YA","timestamp":"2023-11-09 12:44:27"},{"nodeID":"1292058","text":"Dominika: George Eustice: That's why the government has been doing a lot of work over the last few weeks with unions and employers","type":"L","timestamp":"2023-11-09 12:44:27"},{"nodeID":"1292059","text":"Asserting","type":"YA","timestamp":"2023-11-09 12:44:27"},{"nodeID":"1292060","text":"George Eustice: We want people to feel safe to return to work","type":"L","timestamp":"2023-11-09 12:44:27"},{"nodeID":"1292061","text":"Analysing","type":"YA","timestamp":"2023-11-09 12:44:27"},{"nodeID":"1292062","text":"Dominika: George Eustice: We want people to feel safe to return to work","type":"L","timestamp":"2023-11-09 12:44:27"},{"nodeID":"1292063","text":"Asserting","type":"YA","timestamp":"2023-11-09 12:44:27"},{"nodeID":"1292064","text":"George Eustice: It is important to note there are sectors of economy that never shut down","type":"L","timestamp":"2023-11-09 12:44:27"},{"nodeID":"1292065","text":"Analysing","type":"YA","timestamp":"2023-11-09 12:44:27"},{"nodeID":"1292066","text":"Dominika: George Eustice: It is important to note there are sectors of economy that never shut down","type":"L","timestamp":"2023-11-09 12:44:27"},{"nodeID":"1292067","text":"Asserting","type":"YA","timestamp":"2023-11-09 12:44:27"},{"nodeID":"1292068","text":"the food industry George Eustice is responsible for never shut down","type":"I","timestamp":"2023-11-09 12:44:28"},{"nodeID":"1292069","text":"George Eustice: The food industry I am responsible for","type":"L","timestamp":"2023-11-09 12:44:28"},{"nodeID":"1292070","text":"Analysing","type":"YA","timestamp":"2023-11-09 12:44:28"},{"nodeID":"1292071","text":"Dominika: George Eustice: The food industry I am responsible for","type":"L","timestamp":"2023-11-09 12:44:28"},{"nodeID":"1292072","text":"Asserting","type":"YA","timestamp":"2023-11-09 12:44:28"},{"nodeID":"1292073","text":"people going in April to supermarket see social distancing measures put in place","type":"I","timestamp":"2023-11-09 12:44:28"},{"nodeID":"1292074","text":"George Eustice: People going in April to supermarket see social distancing measures put in place","type":"L","timestamp":"2023-11-09 12:44:28"},{"nodeID":"1292075","text":"Analysing","type":"YA","timestamp":"2023-11-09 12:44:28"},{"nodeID":"1292076","text":"Dominika: George Eustice: People going in April to supermarket see social distancing measures put in place","type":"L","timestamp":"2023-11-09 12:44:28"},{"nodeID":"1292077","text":"Asserting","type":"YA","timestamp":"2023-11-09 12:44:28"},{"nodeID":"1292078","text":"food manufacturers, diaries, meat producers, they have all managed to put in place social distancing measures","type":"I","timestamp":"2023-11-09 12:44:29"},{"nodeID":"1292079","text":"George Eustice: Food manufacturers, diaries, meat producers, they have all managed to put in place social distancing measures","type":"L","timestamp":"2023-11-09 12:44:29"},{"nodeID":"1292080","text":"Analysing","type":"YA","timestamp":"2023-11-09 12:44:29"},{"nodeID":"1292081","text":"Dominika: George Eustice: Food manufacturers, diaries, meat producers, they have all managed to put in place social distancing measures","type":"L","timestamp":"2023-11-09 12:44:29"},{"nodeID":"1292082","text":"Asserting","type":"YA","timestamp":"2023-11-09 12:44:29"},{"nodeID":"1292083","text":"you can see that for those businesses that never shut down their level of absence for people self-isolating due to Coronavirus has fallen from a peak of 20% at the beginning of this episode five weeks ago down to about between 3% and 6%","type":"I","timestamp":"2023-11-09 12:44:29"},{"nodeID":"1292084","text":"George Eustice:  You can see that for those businesses their level of absence for people self-isolating due to Coronavirus has fallen from a peak of 20% at the beginning of this episode five weeks ago down to about between 3 and 6%","type":"L","timestamp":"2023-11-09 12:44:29"},{"nodeID":"1292085","text":"Analysing","type":"YA","timestamp":"2023-11-09 12:44:29"},{"nodeID":"1292086","text":"Dominika: George Eustice:  You can see that for those businesses their level of absence for people self-isolating due to Coronavirus has fallen from a peak of 20% at the beginning of this episode five weeks ago down to about between 3 and 6%","type":"L","timestamp":"2023-11-09 12:44:29"},{"nodeID":"1292087","text":"Asserting","type":"YA","timestamp":"2023-11-09 12:44:29"},{"nodeID":"1292088","text":"level of absence between 3% and 6% is actually quite close to normal levels","type":"I","timestamp":"2023-11-09 12:44:30"},{"nodeID":"1292089","text":"George Eustice: which is actually quite close to normal levels","type":"L","timestamp":"2023-11-09 12:44:30"},{"nodeID":"1292090","text":"Analysing","type":"YA","timestamp":"2023-11-09 12:44:30"},{"nodeID":"1292091","text":"Dominika: George Eustice: which is actually quite close to normal levels","type":"L","timestamp":"2023-11-09 12:44:30"},{"nodeID":"1292092","text":"Asserting","type":"YA","timestamp":"2023-11-09 12:44:30"},{"nodeID":"1292093","text":"George Eustice: the measures have been successful","type":"L","timestamp":"2023-11-09 12:44:30"},{"nodeID":"1292094","text":"Analysing","type":"YA","timestamp":"2023-11-09 12:44:30"},{"nodeID":"1292095","text":"Dominika: George Eustice: the measures have been successful","type":"L","timestamp":"2023-11-09 12:44:30"},{"nodeID":"1292096","text":"Asserting","type":"YA","timestamp":"2023-11-09 12:44:30"},{"nodeID":"1292097","text":"Default Transition","type":"TA","timestamp":"2023-11-09 12:44:30"},{"nodeID":"1292098","text":"Default Transition","type":"TA","timestamp":"2023-11-09 12:44:30"},{"nodeID":"1292099","text":"Default Inference","type":"RA","timestamp":"2023-11-09 12:44:30"},{"nodeID":"1292100","text":"Arguing","type":"YA","timestamp":"2023-11-09 12:44:30"},{"nodeID":"1292101","text":"Default Transition","type":"TA","timestamp":"2023-11-09 12:44:30"},{"nodeID":"1292102","text":"Default Transition","type":"TA","timestamp":"2023-11-09 12:44:30"},{"nodeID":"1292103","text":"Default Rephrase","type":"MA","timestamp":"2023-11-09 12:44:30"},{"nodeID":"1292104","text":"Restating","type":"YA","timestamp":"2023-11-09 12:44:30"},{"nodeID":"1292105","text":"Default Transition","type":"TA","timestamp":"2023-11-09 12:44:30"},{"nodeID":"1292106","text":"Default Transition","type":"TA","timestamp":"2023-11-09 12:44:30"},{"nodeID":"1292107","text":"Default Inference","type":"RA","timestamp":"2023-11-09 12:44:30"},{"nodeID":"1292108","text":"Arguing","type":"YA","timestamp":"2023-11-09 12:44:30"},{"nodeID":"1292109","text":"Default Transition","type":"TA","timestamp":"2023-11-09 12:44:30"},{"nodeID":"1292110","text":"Default Inference","type":"RA","timestamp":"2023-11-09 12:44:30"},{"nodeID":"1292111","text":"Default Transition","type":"TA","timestamp":"2023-11-09 12:44:30"},{"nodeID":"1292112","text":"Default Transition","type":"TA","timestamp":"2023-11-09 12:44:30"},{"nodeID":"1292113","text":"Arguing","type":"YA","timestamp":"2023-11-09 12:44:30"},{"nodeID":"1292114","text":"Default Inference","type":"RA","timestamp":"2023-11-09 12:44:30"},{"nodeID":"1292115","text":"Default Transition","type":"TA","timestamp":"2023-11-09 12:44:30"},{"nodeID":"1292116","text":"Arguing","type":"YA","timestamp":"2023-11-09 12:44:30"}],"edges":[{"edgeID":"1698963","fromID":"1292052","toID":"1292051","formEdgeID":null},{"edgeID":"1698964","fromID":"1292053","toID":"1292052","formEdgeID":null},{"edgeID":"1698965","fromID":"1292051","toID":"1292054","formEdgeID":null},{"edgeID":"1698966","fromID":"1292054","toID":"1292050","formEdgeID":null},{"edgeID":"1698967","fromID":"1292057","toID":"1292056","formEdgeID":null},{"edgeID":"1698968","fromID":"1292058","toID":"1292057","formEdgeID":null},{"edgeID":"1698969","fromID":"1292056","toID":"1292059","formEdgeID":null},{"edgeID":"1698970","fromID":"1292059","toID":"1292055","formEdgeID":null},{"edgeID":"1698971","fromID":"1292061","toID":"1292060","formEdgeID":null},{"edgeID":"1698972","fromID":"1292062","toID":"1292061","formEdgeID":null},{"edgeID":"1698973","fromID":"1292060","toID":"1292063","formEdgeID":null},{"edgeID":"1698974","fromID":"1292063","toID":"501751","formEdgeID":null},{"edgeID":"1698975","fromID":"1292065","toID":"1292064","formEdgeID":null},{"edgeID":"1698976","fromID":"1292066","toID":"1292065","formEdgeID":null},{"edgeID":"1698977","fromID":"1292064","toID":"1292067","formEdgeID":null},{"edgeID":"1698978","fromID":"1292067","toID":"501758","formEdgeID":null},{"edgeID":"1698979","fromID":"1292070","toID":"1292069","formEdgeID":null},{"edgeID":"1698980","fromID":"1292071","toID":"1292070","formEdgeID":null},{"edgeID":"1698981","fromID":"1292069","toID":"1292072","formEdgeID":null},{"edgeID":"1698982","fromID":"1292072","toID":"1292068","formEdgeID":null},{"edgeID":"1698983","fromID":"1292075","toID":"1292074","formEdgeID":null},{"edgeID":"1698984","fromID":"1292076","toID":"1292075","formEdgeID":null},{"edgeID":"1698985","fromID":"1292074","toID":"1292077","formEdgeID":null},{"edgeID":"1698986","fromID":"1292077","toID":"1292073","formEdgeID":null},{"edgeID":"1698987","fromID":"1292080","toID":"1292079","formEdgeID":null},{"edgeID":"1698988","fromID":"1292081","toID":"1292080","formEdgeID":null},{"edgeID":"1698989","fromID":"1292079","toID":"1292082","formEdgeID":null},{"edgeID":"1698990","fromID":"1292082","toID":"1292078","formEdgeID":null},{"edgeID":"1698991","fromID":"1292085","toID":"1292084","formEdgeID":null},{"edgeID":"1698992","fromID":"1292086","toID":"1292085","formEdgeID":null},{"edgeID":"1698993","fromID":"1292084","toID":"1292087","formEdgeID":null},{"edgeID":"1698994","fromID":"1292087","toID":"1292083","formEdgeID":null},{"edgeID":"1698995","fromID":"1292090","toID":"1292089","formEdgeID":null},{"edgeID":"1698996","fromID":"1292091","toID":"1292090","formEdgeID":null},{"edgeID":"1698997","fromID":"1292089","toID":"1292092","formEdgeID":null},{"edgeID":"1698998","fromID":"1292092","toID":"1292088","formEdgeID":null},{"edgeID":"1698999","fromID":"1292094","toID":"1292093","formEdgeID":null},{"edgeID":"1699000","fromID":"1292095","toID":"1292094","formEdgeID":null},{"edgeID":"1699001","fromID":"1292093","toID":"1292096","formEdgeID":null},{"edgeID":"1699002","fromID":"1292096","toID":"501783","formEdgeID":null},{"edgeID":"1699003","fromID":"1292051","toID":"1292097","formEdgeID":null},{"edgeID":"1699004","fromID":"1292097","toID":"1292056","formEdgeID":null},{"edgeID":"1699005","fromID":"1292056","toID":"1292098","formEdgeID":null},{"edgeID":"1699006","fromID":"1292098","toID":"1292060","formEdgeID":null},{"edgeID":"1699007","fromID":"501751","toID":"1292099","formEdgeID":null},{"edgeID":"1699008","fromID":"1292099","toID":"1292055","formEdgeID":null},{"edgeID":"1699009","fromID":"1292098","toID":"1292100","formEdgeID":null},{"edgeID":"1699010","fromID":"1292100","toID":"1292099","formEdgeID":null},{"edgeID":"1699011","fromID":"1292060","toID":"1292101","formEdgeID":null},{"edgeID":"1699012","fromID":"1292101","toID":"1292064","formEdgeID":null},{"edgeID":"1699013","fromID":"1292064","toID":"1292102","formEdgeID":null},{"edgeID":"1699014","fromID":"1292102","toID":"1292069","formEdgeID":null},{"edgeID":"1699015","fromID":"1292068","toID":"1292103","formEdgeID":null},{"edgeID":"1699016","fromID":"1292103","toID":"501758","formEdgeID":null},{"edgeID":"1699017","fromID":"1292102","toID":"1292104","formEdgeID":null},{"edgeID":"1699018","fromID":"1292104","toID":"1292103","formEdgeID":null},{"edgeID":"1699019","fromID":"1292069","toID":"1292105","formEdgeID":null},{"edgeID":"1699020","fromID":"1292105","toID":"1292074","formEdgeID":null},{"edgeID":"1699021","fromID":"1292074","toID":"1292106","formEdgeID":null},{"edgeID":"1699022","fromID":"1292106","toID":"1292079","formEdgeID":null},{"edgeID":"1699023","fromID":"1292078","toID":"1292107","formEdgeID":null},{"edgeID":"1699024","fromID":"1292107","toID":"1292073","formEdgeID":null},{"edgeID":"1699025","fromID":"1292106","toID":"1292108","formEdgeID":null},{"edgeID":"1699026","fromID":"1292108","toID":"1292107","formEdgeID":null},{"edgeID":"1699027","fromID":"1292079","toID":"1292109","formEdgeID":null},{"edgeID":"1699028","fromID":"1292109","toID":"1292084","formEdgeID":null},{"edgeID":"1699029","fromID":"1292083","toID":"1292110","formEdgeID":null},{"edgeID":"1699030","fromID":"1292110","toID":"501783","formEdgeID":null},{"edgeID":"1699031","fromID":"1292088","toID":"1292110","formEdgeID":null},{"edgeID":"1699032","fromID":"1292089","toID":"1292111","formEdgeID":null},{"edgeID":"1699033","fromID":"1292111","toID":"1292093","formEdgeID":null},{"edgeID":"1699034","fromID":"1292084","toID":"1292112","formEdgeID":null},{"edgeID":"1699035","fromID":"1292112","toID":"1292093","formEdgeID":null},{"edgeID":"1699036","fromID":"1292111","toID":"1292113","formEdgeID":null},{"edgeID":"1699037","fromID":"1292113","toID":"1292110","formEdgeID":null},{"edgeID":"1699038","fromID":"1292068","toID":"1292114","formEdgeID":null},{"edgeID":"1699039","fromID":"1292114","toID":"1292078","formEdgeID":null},{"edgeID":"1699040","fromID":"1292069","toID":"1292115","formEdgeID":null},{"edgeID":"1699041","fromID":"1292115","toID":"1292079","formEdgeID":null},{"edgeID":"1699042","fromID":"1292115","toID":"1292116","formEdgeID":null},{"edgeID":"1699043","fromID":"1292116","toID":"1292114","formEdgeID":null}],"locutions":[]}