{"nodes":[{"nodeID":"499154","text":"we need this app and to be able to track and trace","type":"I","timestamp":"2020-05-14 20:27:19"},{"nodeID":"499181","text":"everybody needs to understand exactly what the data is going to be used for","type":"I","timestamp":"2020-05-14 20:27:23"},{"nodeID":"1140775","text":"when we are giving away all of our liberties, including privacy, we have to be informed about what we are giving away and getting in return","type":"I","timestamp":"2023-04-11 19:06:42"},{"nodeID":"1290800","text":"we are right to be concerned about data protection on an NHS track and trace app","type":"I","timestamp":"2023-11-09 12:42:38"},{"nodeID":"1290801","text":"Afua Hirsch: I think we are right to be concerned","type":"L","timestamp":"2023-11-09 12:42:38"},{"nodeID":"1290802","text":"Analysing","type":"YA","timestamp":"2023-11-09 12:42:38"},{"nodeID":"1290803","text":"Jordan: Afua Hirsch: I think we are right to be concerned","type":"L","timestamp":"2023-11-09 12:42:38"},{"nodeID":"1290804","text":"Asserting","type":"YA","timestamp":"2023-11-09 12:42:38"},{"nodeID":"1290805","text":"the lack of data protection may be a price worth paying","type":"I","timestamp":"2023-11-09 12:42:39"},{"nodeID":"1290806","text":"Afua Hirsch: It may be a price worth paying","type":"L","timestamp":"2023-11-09 12:42:39"},{"nodeID":"1290807","text":"Analysing","type":"YA","timestamp":"2023-11-09 12:42:39"},{"nodeID":"1290808","text":"Jordan: Afua Hirsch: It may be a price worth paying","type":"L","timestamp":"2023-11-09 12:42:39"},{"nodeID":"1290809","text":"Asserting","type":"YA","timestamp":"2023-11-09 12:42:39"},{"nodeID":"1290810","text":"Default Inference","type":"RA","timestamp":"2023-11-09 12:42:39"},{"nodeID":"1290811","text":"Default Transition","type":"TA","timestamp":"2023-11-09 12:42:39"},{"nodeID":"1290812","text":"Arguing","type":"YA","timestamp":"2023-11-09 12:42:39"},{"nodeID":"1290813","text":"we need to be assured a process has been undergone before we get to the stage of being able to have information about that","type":"I","timestamp":"2023-11-09 12:42:39"},{"nodeID":"1290814","text":"Afua Hirsch: we need to be assured a process has been undergone before we get to the stage of being able to have information about that","type":"L","timestamp":"2023-11-09 12:42:39"},{"nodeID":"1290815","text":"Analysing","type":"YA","timestamp":"2023-11-09 12:42:39"},{"nodeID":"1290816","text":"Jordan: Afua Hirsch: we need to be assured a process has been undergone before we get to the stage of being able to have information about that","type":"L","timestamp":"2023-11-09 12:42:39"},{"nodeID":"1290817","text":"Asserting","type":"YA","timestamp":"2023-11-09 12:42:39"},{"nodeID":"1290818","text":"Default Conflict","type":"CA","timestamp":"2023-11-09 12:42:39"},{"nodeID":"1290819","text":"Default Transition","type":"TA","timestamp":"2023-11-09 12:42:39"},{"nodeID":"1290820","text":"Disagreeing","type":"YA","timestamp":"2023-11-09 12:42:39"},{"nodeID":"1290821","text":"Afua Hirsch:  I think we have to when we are giving away all of our liberties, including privacy, we have to be informed about what we are giving away and getting in return","type":"L","timestamp":"2023-11-09 12:42:40"},{"nodeID":"1290822","text":"Analysing","type":"YA","timestamp":"2023-11-09 12:42:40"},{"nodeID":"1290823","text":"Jordan: Afua Hirsch:  I think we have to when we are giving away all of our liberties, including privacy, we have to be informed about what we are giving away and getting in return","type":"L","timestamp":"2023-11-09 12:42:40"},{"nodeID":"1290824","text":"Asserting","type":"YA","timestamp":"2023-11-09 12:42:40"},{"nodeID":"1290825","text":"Afua Hirsch has not seen any conversation about which liberties we are giving away happen yet","type":"I","timestamp":"2023-11-09 12:42:41"},{"nodeID":"1290826","text":"Afua Hirsch: I have not seen any conversation like that happen yet","type":"L","timestamp":"2023-11-09 12:42:41"},{"nodeID":"1290827","text":"Analysing","type":"YA","timestamp":"2023-11-09 12:42:41"},{"nodeID":"1290828","text":"Jordan: Afua Hirsch: I have not seen any conversation like that happen yet","type":"L","timestamp":"2023-11-09 12:42:41"},{"nodeID":"1290829","text":"Asserting","type":"YA","timestamp":"2023-11-09 12:42:41"},{"nodeID":"1290830","text":"Default Conflict","type":"CA","timestamp":"2023-11-09 12:42:41"},{"nodeID":"1290831","text":"Default Transition","type":"TA","timestamp":"2023-11-09 12:42:41"},{"nodeID":"1290832","text":"Disagreeing","type":"YA","timestamp":"2023-11-09 12:42:41"},{"nodeID":"1290833","text":"Default Transition","type":"TA","timestamp":"2023-11-09 12:42:41"},{"nodeID":"1290834","text":"Default Rephrase","type":"MA","timestamp":"2023-11-09 12:42:41"},{"nodeID":"1290835","text":"Default Illocuting","type":"YA","timestamp":"2023-11-09 12:42:41"},{"nodeID":"1290836","text":"we absolutely need the track and trace technology","type":"I","timestamp":"2023-11-09 12:42:41"},{"nodeID":"1290837","text":"Juergen Maier: we absolutely need this technology","type":"L","timestamp":"2023-11-09 12:42:41"},{"nodeID":"1290838","text":"Analysing","type":"YA","timestamp":"2023-11-09 12:42:41"},{"nodeID":"1290839","text":"Jordan: Juergen Maier: we absolutely need this technology","type":"L","timestamp":"2023-11-09 12:42:41"},{"nodeID":"1290840","text":"Asserting","type":"YA","timestamp":"2023-11-09 12:42:41"},{"nodeID":"1290841","text":"Default Transition","type":"TA","timestamp":"2023-11-09 12:42:41"},{"nodeID":"1290842","text":"Juergen Maier: We need this app and to be able to track and trace","type":"L","timestamp":"2023-11-09 12:42:41"},{"nodeID":"1290843","text":"Analysing","type":"YA","timestamp":"2023-11-09 12:42:41"},{"nodeID":"1290844","text":"Jordan: Juergen Maier: We need this app and to be able to track and trace","type":"L","timestamp":"2023-11-09 12:42:41"},{"nodeID":"1290845","text":"Asserting","type":"YA","timestamp":"2023-11-09 12:42:41"},{"nodeID":"1290846","text":"Default Inference","type":"RA","timestamp":"2023-11-09 12:42:41"},{"nodeID":"1290847","text":"Default Transition","type":"TA","timestamp":"2023-11-09 12:42:41"},{"nodeID":"1290848","text":"Arguing","type":"YA","timestamp":"2023-11-09 12:42:41"},{"nodeID":"1290849","text":"the track and trace technology has been the strategy in countries that have managed the pandemic very successfully, in South Korea, for example","type":"I","timestamp":"2023-11-09 12:42:42"},{"nodeID":"1290850","text":"Juergen Maier: This has been the strategy in countries that have managed this very successfully, in South Korea, for example","type":"L","timestamp":"2023-11-09 12:42:42"},{"nodeID":"1290851","text":"Analysing","type":"YA","timestamp":"2023-11-09 12:42:42"},{"nodeID":"1290852","text":"Jordan: Juergen Maier: This has been the strategy in countries that have managed this very successfully, in South Korea, for example","type":"L","timestamp":"2023-11-09 12:42:42"},{"nodeID":"1290853","text":"Asserting","type":"YA","timestamp":"2023-11-09 12:42:42"},{"nodeID":"1290854","text":"Default Inference","type":"RA","timestamp":"2023-11-09 12:42:42"},{"nodeID":"1290855","text":"Default Transition","type":"TA","timestamp":"2023-11-09 12:42:42"},{"nodeID":"1290856","text":"Arguing","type":"YA","timestamp":"2023-11-09 12:42:42"},{"nodeID":"1290857","text":"to the point of data, this needs absolute trust and transparency","type":"I","timestamp":"2023-11-09 12:42:42"},{"nodeID":"1290858","text":"Juergen Maier: to the point of data, you know, this needs absolute trust and transparency","type":"L","timestamp":"2023-11-09 12:42:42"},{"nodeID":"1290859","text":"Analysing","type":"YA","timestamp":"2023-11-09 12:42:42"},{"nodeID":"1290860","text":"Jordan: Juergen Maier: to the point of data, you know, this needs absolute trust and transparency","type":"L","timestamp":"2023-11-09 12:42:42"},{"nodeID":"1290861","text":"Asserting","type":"YA","timestamp":"2023-11-09 12:42:42"},{"nodeID":"1290862","text":"Juergen Maier: I think everybody needs to understand exactly what the data is going to be used for","type":"L","timestamp":"2023-11-09 12:42:42"},{"nodeID":"1290863","text":"Analysing","type":"YA","timestamp":"2023-11-09 12:42:42"},{"nodeID":"1290864","text":"Jordan: Juergen Maier: I think everybody needs to understand exactly what the data is going to be used for","type":"L","timestamp":"2023-11-09 12:42:42"},{"nodeID":"1290865","text":"Asserting","type":"YA","timestamp":"2023-11-09 12:42:42"},{"nodeID":"1290866","text":"the data is going to be used for the purpose of tracking and tracing","type":"I","timestamp":"2023-11-09 12:42:43"},{"nodeID":"1290867","text":"Juergen Maier: which is only for this purpose of tracking and tracing","type":"L","timestamp":"2023-11-09 12:42:43"},{"nodeID":"1290868","text":"Analysing","type":"YA","timestamp":"2023-11-09 12:42:43"},{"nodeID":"1290869","text":"Jordan: Juergen Maier: which is only for this purpose of tracking and tracing","type":"L","timestamp":"2023-11-09 12:42:43"},{"nodeID":"1290870","text":"Asserting","type":"YA","timestamp":"2023-11-09 12:42:43"},{"nodeID":"1290871","text":"the data will be used for the purpose of making sure that we can save lives","type":"I","timestamp":"2023-11-09 12:42:44"},{"nodeID":"1290872","text":"Juergen Maier: with that making sure that we can save lives","type":"L","timestamp":"2023-11-09 12:42:44"},{"nodeID":"1290873","text":"Analysing","type":"YA","timestamp":"2023-11-09 12:42:44"},{"nodeID":"1290874","text":"Jordan: Juergen Maier: with that making sure that we can save lives","type":"L","timestamp":"2023-11-09 12:42:44"},{"nodeID":"1290875","text":"Asserting","type":"YA","timestamp":"2023-11-09 12:42:44"},{"nodeID":"1290876","text":"Default Transition","type":"TA","timestamp":"2023-11-09 12:42:44"},{"nodeID":"1290877","text":"Default Transition","type":"TA","timestamp":"2023-11-09 12:42:44"},{"nodeID":"1290878","text":"that's what it's about, an absolute trust that this data will not be used for any commercial purpose","type":"I","timestamp":"2023-11-09 12:42:44"},{"nodeID":"1290879","text":"Juergen Maier: That's what it's about, an absolute trust that this data will not be used for any commercial purpose","type":"L","timestamp":"2023-11-09 12:42:44"},{"nodeID":"1290880","text":"Analysing","type":"YA","timestamp":"2023-11-09 12:42:44"},{"nodeID":"1290881","text":"Jordan: Juergen Maier: That's what it's about, an absolute trust that this data will not be used for any commercial purpose","type":"L","timestamp":"2023-11-09 12:42:44"},{"nodeID":"1290882","text":"Asserting","type":"YA","timestamp":"2023-11-09 12:42:44"},{"nodeID":"1290883","text":"Default Transition","type":"TA","timestamp":"2023-11-09 12:42:44"},{"nodeID":"1290884","text":"Default Transition","type":"TA","timestamp":"2023-11-09 12:42:44"},{"nodeID":"1290885","text":"Default Transition","type":"TA","timestamp":"2023-11-09 12:42:44"},{"nodeID":"1290886","text":"Default Transition","type":"TA","timestamp":"2023-11-09 12:42:44"},{"nodeID":"1290887","text":"Agreeing","type":"YA","timestamp":"2023-11-09 12:42:44"},{"nodeID":"1290888","text":"Default Rephrase","type":"MA","timestamp":"2023-11-09 12:42:44"},{"nodeID":"1290889","text":"Restating","type":"YA","timestamp":"2023-11-09 12:42:44"},{"nodeID":"1290890","text":"Default Inference","type":"RA","timestamp":"2023-11-09 12:42:44"},{"nodeID":"1290891","text":"Arguing","type":"YA","timestamp":"2023-11-09 12:42:44"},{"nodeID":"1290892","text":"Default Inference","type":"RA","timestamp":"2023-11-09 12:42:44"},{"nodeID":"1290893","text":"Arguing","type":"YA","timestamp":"2023-11-09 12:42:44"},{"nodeID":"1290894","text":"Default Rephrase","type":"MA","timestamp":"2023-11-09 12:42:44"},{"nodeID":"1290895","text":"Default Transition","type":"TA","timestamp":"2023-11-09 12:42:44"},{"nodeID":"1290896","text":"Restating","type":"YA","timestamp":"2023-11-09 12:42:44"}],"edges":[{"edgeID":"1697486","fromID":"1290802","toID":"1290801","formEdgeID":null},{"edgeID":"1697487","fromID":"1290803","toID":"1290802","formEdgeID":null},{"edgeID":"1697488","fromID":"1290801","toID":"1290804","formEdgeID":null},{"edgeID":"1697489","fromID":"1290804","toID":"1290800","formEdgeID":null},{"edgeID":"1697490","fromID":"1290807","toID":"1290806","formEdgeID":null},{"edgeID":"1697491","fromID":"1290808","toID":"1290807","formEdgeID":null},{"edgeID":"1697492","fromID":"1290806","toID":"1290809","formEdgeID":null},{"edgeID":"1697493","fromID":"1290809","toID":"1290805","formEdgeID":null},{"edgeID":"1697494","fromID":"1290805","toID":"1290810","formEdgeID":null},{"edgeID":"1697495","fromID":"1290810","toID":"1290800","formEdgeID":null},{"edgeID":"1697496","fromID":"1290801","toID":"1290811","formEdgeID":null},{"edgeID":"1697497","fromID":"1290811","toID":"1290806","formEdgeID":null},{"edgeID":"1697498","fromID":"1290811","toID":"1290812","formEdgeID":null},{"edgeID":"1697499","fromID":"1290812","toID":"1290810","formEdgeID":null},{"edgeID":"1697500","fromID":"1290815","toID":"1290814","formEdgeID":null},{"edgeID":"1697501","fromID":"1290816","toID":"1290815","formEdgeID":null},{"edgeID":"1697502","fromID":"1290814","toID":"1290817","formEdgeID":null},{"edgeID":"1697503","fromID":"1290817","toID":"1290813","formEdgeID":null},{"edgeID":"1697504","fromID":"1290813","toID":"1290818","formEdgeID":null},{"edgeID":"1697505","fromID":"1290818","toID":"1290805","formEdgeID":null},{"edgeID":"1697506","fromID":"1290806","toID":"1290819","formEdgeID":null},{"edgeID":"1697507","fromID":"1290819","toID":"1290814","formEdgeID":null},{"edgeID":"1697508","fromID":"1290819","toID":"1290820","formEdgeID":null},{"edgeID":"1697509","fromID":"1290820","toID":"1290818","formEdgeID":null},{"edgeID":"1697510","fromID":"1290822","toID":"1290821","formEdgeID":null},{"edgeID":"1697511","fromID":"1290823","toID":"1290822","formEdgeID":null},{"edgeID":"1697512","fromID":"1290821","toID":"1290824","formEdgeID":null},{"edgeID":"1697513","fromID":"1290824","toID":"1140775","formEdgeID":null},{"edgeID":"1697514","fromID":"1290827","toID":"1290826","formEdgeID":null},{"edgeID":"1697515","fromID":"1290828","toID":"1290827","formEdgeID":null},{"edgeID":"1697516","fromID":"1290826","toID":"1290829","formEdgeID":null},{"edgeID":"1697517","fromID":"1290829","toID":"1290825","formEdgeID":null},{"edgeID":"1697518","fromID":"1290825","toID":"1290830","formEdgeID":null},{"edgeID":"1697519","fromID":"1290830","toID":"1140775","formEdgeID":null},{"edgeID":"1697520","fromID":"1290821","toID":"1290831","formEdgeID":null},{"edgeID":"1697521","fromID":"1290831","toID":"1290826","formEdgeID":null},{"edgeID":"1697522","fromID":"1290831","toID":"1290832","formEdgeID":null},{"edgeID":"1697523","fromID":"1290832","toID":"1290830","formEdgeID":null},{"edgeID":"1697524","fromID":"1290814","toID":"1290833","formEdgeID":null},{"edgeID":"1697525","fromID":"1290833","toID":"1290821","formEdgeID":null},{"edgeID":"1697526","fromID":"1140775","toID":"1290834","formEdgeID":null},{"edgeID":"1697527","fromID":"1290834","toID":"1290813","formEdgeID":null},{"edgeID":"1697528","fromID":"1290833","toID":"1290835","formEdgeID":null},{"edgeID":"1697529","fromID":"1290835","toID":"1290834","formEdgeID":null},{"edgeID":"1697530","fromID":"1290838","toID":"1290837","formEdgeID":null},{"edgeID":"1697531","fromID":"1290839","toID":"1290838","formEdgeID":null},{"edgeID":"1697532","fromID":"1290837","toID":"1290840","formEdgeID":null},{"edgeID":"1697533","fromID":"1290840","toID":"1290836","formEdgeID":null},{"edgeID":"1697534","fromID":"1290826","toID":"1290841","formEdgeID":null},{"edgeID":"1697535","fromID":"1290841","toID":"1290837","formEdgeID":null},{"edgeID":"1697536","fromID":"1290843","toID":"1290842","formEdgeID":null},{"edgeID":"1697537","fromID":"1290844","toID":"1290843","formEdgeID":null},{"edgeID":"1697538","fromID":"1290842","toID":"1290845","formEdgeID":null},{"edgeID":"1697539","fromID":"1290845","toID":"499154","formEdgeID":null},{"edgeID":"1697540","fromID":"499154","toID":"1290846","formEdgeID":null},{"edgeID":"1697541","fromID":"1290846","toID":"1290836","formEdgeID":null},{"edgeID":"1697542","fromID":"1290837","toID":"1290847","formEdgeID":null},{"edgeID":"1697543","fromID":"1290847","toID":"1290842","formEdgeID":null},{"edgeID":"1697544","fromID":"1290847","toID":"1290848","formEdgeID":null},{"edgeID":"1697545","fromID":"1290848","toID":"1290846","formEdgeID":null},{"edgeID":"1697546","fromID":"1290851","toID":"1290850","formEdgeID":null},{"edgeID":"1697547","fromID":"1290852","toID":"1290851","formEdgeID":null},{"edgeID":"1697548","fromID":"1290850","toID":"1290853","formEdgeID":null},{"edgeID":"1697549","fromID":"1290853","toID":"1290849","formEdgeID":null},{"edgeID":"1697550","fromID":"1290849","toID":"1290854","formEdgeID":null},{"edgeID":"1697551","fromID":"1290854","toID":"499154","formEdgeID":null},{"edgeID":"1697552","fromID":"1290842","toID":"1290855","formEdgeID":null},{"edgeID":"1697553","fromID":"1290855","toID":"1290850","formEdgeID":null},{"edgeID":"1697554","fromID":"1290855","toID":"1290856","formEdgeID":null},{"edgeID":"1697555","fromID":"1290856","toID":"1290854","formEdgeID":null},{"edgeID":"1697556","fromID":"1290859","toID":"1290858","formEdgeID":null},{"edgeID":"1697557","fromID":"1290860","toID":"1290859","formEdgeID":null},{"edgeID":"1697558","fromID":"1290858","toID":"1290861","formEdgeID":null},{"edgeID":"1697559","fromID":"1290861","toID":"1290857","formEdgeID":null},{"edgeID":"1697560","fromID":"1290863","toID":"1290862","formEdgeID":null},{"edgeID":"1697561","fromID":"1290864","toID":"1290863","formEdgeID":null},{"edgeID":"1697562","fromID":"1290862","toID":"1290865","formEdgeID":null},{"edgeID":"1697563","fromID":"1290865","toID":"499181","formEdgeID":null},{"edgeID":"1697564","fromID":"1290868","toID":"1290867","formEdgeID":null},{"edgeID":"1697565","fromID":"1290869","toID":"1290868","formEdgeID":null},{"edgeID":"1697566","fromID":"1290867","toID":"1290870","formEdgeID":null},{"edgeID":"1697567","fromID":"1290870","toID":"1290866","formEdgeID":null},{"edgeID":"1697568","fromID":"1290873","toID":"1290872","formEdgeID":null},{"edgeID":"1697569","fromID":"1290874","toID":"1290873","formEdgeID":null},{"edgeID":"1697570","fromID":"1290872","toID":"1290875","formEdgeID":null},{"edgeID":"1697571","fromID":"1290875","toID":"1290871","formEdgeID":null},{"edgeID":"1697572","fromID":"1290862","toID":"1290876","formEdgeID":null},{"edgeID":"1697573","fromID":"1290876","toID":"1290867","formEdgeID":null},{"edgeID":"1697574","fromID":"1290862","toID":"1290877","formEdgeID":null},{"edgeID":"1697575","fromID":"1290877","toID":"1290872","formEdgeID":null},{"edgeID":"1697576","fromID":"1290880","toID":"1290879","formEdgeID":null},{"edgeID":"1697577","fromID":"1290881","toID":"1290880","formEdgeID":null},{"edgeID":"1697578","fromID":"1290879","toID":"1290882","formEdgeID":null},{"edgeID":"1697579","fromID":"1290882","toID":"1290878","formEdgeID":null},{"edgeID":"1697580","fromID":"1290872","toID":"1290883","formEdgeID":null},{"edgeID":"1697581","fromID":"1290883","toID":"1290879","formEdgeID":null},{"edgeID":"1697582","fromID":"1290858","toID":"1290884","formEdgeID":null},{"edgeID":"1697583","fromID":"1290884","toID":"1290862","formEdgeID":null},{"edgeID":"1697584","fromID":"1290850","toID":"1290885","formEdgeID":null},{"edgeID":"1697585","fromID":"1290885","toID":"1290858","formEdgeID":null},{"edgeID":"1697586","fromID":"1290821","toID":"1290886","formEdgeID":null},{"edgeID":"1697587","fromID":"1290886","toID":"1290862","formEdgeID":null},{"edgeID":"1697588","fromID":"1290886","toID":"1290887","formEdgeID":null},{"edgeID":"1697589","fromID":"1290887","toID":"1140775","formEdgeID":null},{"edgeID":"1697590","fromID":"499181","toID":"1290888","formEdgeID":null},{"edgeID":"1697591","fromID":"1290888","toID":"1290857","formEdgeID":null},{"edgeID":"1697592","fromID":"1290884","toID":"1290889","formEdgeID":null},{"edgeID":"1697593","fromID":"1290889","toID":"1290888","formEdgeID":null},{"edgeID":"1697594","fromID":"1290866","toID":"1290890","formEdgeID":null},{"edgeID":"1697595","fromID":"1290890","toID":"499181","formEdgeID":null},{"edgeID":"1697596","fromID":"1290876","toID":"1290891","formEdgeID":null},{"edgeID":"1697597","fromID":"1290891","toID":"1290890","formEdgeID":null},{"edgeID":"1697598","fromID":"1290871","toID":"1290892","formEdgeID":null},{"edgeID":"1697599","fromID":"1290892","toID":"499181","formEdgeID":null},{"edgeID":"1697600","fromID":"1290877","toID":"1290893","formEdgeID":null},{"edgeID":"1697601","fromID":"1290893","toID":"1290892","formEdgeID":null},{"edgeID":"1697602","fromID":"1290878","toID":"1290894","formEdgeID":null},{"edgeID":"1697603","fromID":"1290894","toID":"1290857","formEdgeID":null},{"edgeID":"1697604","fromID":"1290858","toID":"1290895","formEdgeID":null},{"edgeID":"1697605","fromID":"1290895","toID":"1290879","formEdgeID":null},{"edgeID":"1697606","fromID":"1290895","toID":"1290896","formEdgeID":null},{"edgeID":"1697607","fromID":"1290896","toID":"1290894","formEdgeID":null}],"locutions":[]}