{"nodes":[{"nodeID":"502930","text":"there is a real sense people's lives are being put unnecessarily at risk","type":"I","timestamp":"2020-05-14 21:59:24"},{"nodeID":"502987","text":"we know we don't have a perfect record of safety at work","type":"I","timestamp":"2020-05-14 21:59:32"},{"nodeID":"585778","text":"Afua Hirsch is as keen as everyone else to be able to get back to some semblance of normality, for her daughter to return to school","type":"I","timestamp":"2020-10-04 21:43:35"},{"nodeID":"1292371","text":"this is where trust comes in","type":"I","timestamp":"2023-11-09 12:44:52"},{"nodeID":"1292372","text":"Afua Hirsch: This is where trust comes in","type":"L","timestamp":"2023-11-09 12:44:52"},{"nodeID":"1292373","text":"Analysing","type":"YA","timestamp":"2023-11-09 12:44:53"},{"nodeID":"1292374","text":"Anon: Afua Hirsch: This is where trust comes in","type":"L","timestamp":"2023-11-09 12:44:53"},{"nodeID":"1292375","text":"Asserting","type":"YA","timestamp":"2023-11-09 12:44:53"},{"nodeID":"1292376","text":"the Government had been honest with us and taken all these concerns seriously from the beginning","type":"I","timestamp":"2023-11-09 12:44:53"},{"nodeID":"1292377","text":"Afua Hirsch: If we were in a position where the government had been honest with us and taken all these concerns seriously from the beginning","type":"L","timestamp":"2023-11-09 12:44:53"},{"nodeID":"1292378","text":"Analysing","type":"YA","timestamp":"2023-11-09 12:44:53"},{"nodeID":"1292379","text":"Anon: Afua Hirsch: If we were in a position where the government had been honest with us and taken all these concerns seriously from the beginning","type":"L","timestamp":"2023-11-09 12:44:53"},{"nodeID":"1292380","text":"Asserting","type":"YA","timestamp":"2023-11-09 12:44:53"},{"nodeID":"1292381","text":"it would be a lot easier to listen to proposed guidelines about returning to work","type":"I","timestamp":"2023-11-09 12:44:54"},{"nodeID":"1292382","text":"Afua Hirsch: it would be a lot easier to listen to proposed guidelines about returning to work","type":"L","timestamp":"2023-11-09 12:44:54"},{"nodeID":"1292383","text":"Analysing","type":"YA","timestamp":"2023-11-09 12:44:54"},{"nodeID":"1292384","text":"Anon: Afua Hirsch: it would be a lot easier to listen to proposed guidelines about returning to work","type":"L","timestamp":"2023-11-09 12:44:54"},{"nodeID":"1292385","text":"Asserting","type":"YA","timestamp":"2023-11-09 12:44:54"},{"nodeID":"1292386","text":"Default Transition","type":"TA","timestamp":"2023-11-09 12:44:54"},{"nodeID":"1292387","text":"Default Transition","type":"TA","timestamp":"2023-11-09 12:44:54"},{"nodeID":"1292388","text":"workers will or will not be protected when they return to work","type":"I","timestamp":"2023-11-09 12:44:54"},{"nodeID":"1292389","text":"Afua Hirsch: We have seen unions and workers' groups already voicing extreme concern about whether they will be protected when they return to work","type":"L","timestamp":"2023-11-09 12:44:54"},{"nodeID":"1292390","text":"Analysing","type":"YA","timestamp":"2023-11-09 12:44:54"},{"nodeID":"1292391","text":"Anon: Afua Hirsch: We have seen unions and workers' groups already voicing extreme concern about whether they will be protected when they return to work","type":"L","timestamp":"2023-11-09 12:44:54"},{"nodeID":"1292392","text":"Default Transition","type":"TA","timestamp":"2023-11-09 12:44:54"},{"nodeID":"1292393","text":"unions and workers' groups: we are extremely concerned about whether we will be protected when we return to work","type":"L","timestamp":"2023-11-09 12:44:54"},{"nodeID":"1292394","text":"Analysing","type":"YA","timestamp":"2023-11-09 12:44:54"},{"nodeID":"1292395","text":"Anon: unions and workers' groups: We have seen unions and workers' groups already voicing extreme concern about whether they will be protected when they return to work","type":"L","timestamp":"2023-11-09 12:44:54"},{"nodeID":"1292396","text":"Asserting","type":"YA","timestamp":"2023-11-09 12:44:54"},{"nodeID":"1292397","text":"Pure Questioning","type":"YA","timestamp":"2023-11-09 12:44:54"},{"nodeID":"1292398","text":"we have people on the front line not being adequately protected","type":"I","timestamp":"2023-11-09 12:44:55"},{"nodeID":"1292399","text":"Afua Hirsch: Amid this we have people on the front line not being adequately protected","type":"L","timestamp":"2023-11-09 12:44:55"},{"nodeID":"1292400","text":"Analysing","type":"YA","timestamp":"2023-11-09 12:44:55"},{"nodeID":"1292401","text":"Anon: Afua Hirsch: Amid this we have people on the front line not being adequately protected","type":"L","timestamp":"2023-11-09 12:44:55"},{"nodeID":"1292402","text":"Asserting","type":"YA","timestamp":"2023-11-09 12:44:55"},{"nodeID":"1292403","text":"Default Transition","type":"TA","timestamp":"2023-11-09 12:44:55"},{"nodeID":"1292404","text":"Default Conflict","type":"CA","timestamp":"2023-11-09 12:44:55"},{"nodeID":"1292405","text":"Disagreeing","type":"YA","timestamp":"2023-11-09 12:44:55"},{"nodeID":"1292406","text":"Afua Hirsch:  There is a real sense people's lives are being put unnecessarily at risk","type":"L","timestamp":"2023-11-09 12:44:55"},{"nodeID":"1292407","text":"Analysing","type":"YA","timestamp":"2023-11-09 12:44:55"},{"nodeID":"1292408","text":"Anon: Afua Hirsch:  There is a real sense people's lives are being put unnecessarily at risk","type":"L","timestamp":"2023-11-09 12:44:55"},{"nodeID":"1292409","text":"Asserting","type":"YA","timestamp":"2023-11-09 12:44:55"},{"nodeID":"1292410","text":"Afua Hirsch: I am as keen as everyone else to be able to get back to some semblance of normality, for my daughter to return to school","type":"L","timestamp":"2023-11-09 12:44:55"},{"nodeID":"1292411","text":"Analysing","type":"YA","timestamp":"2023-11-09 12:44:55"},{"nodeID":"1292412","text":"Anon: Afua Hirsch: I am as keen as everyone else to be able to get back to some semblance of normality, for my daughter to return to school","type":"L","timestamp":"2023-11-09 12:44:55"},{"nodeID":"1292413","text":"Asserting","type":"YA","timestamp":"2023-11-09 12:44:55"},{"nodeID":"1292414","text":"we need those assurances that we will be kept safe","type":"I","timestamp":"2023-11-09 12:44:56"},{"nodeID":"1292415","text":"Afua Hirsch: we need those assurances that we will be kept safe","type":"L","timestamp":"2023-11-09 12:44:56"},{"nodeID":"1292416","text":"Analysing","type":"YA","timestamp":"2023-11-09 12:44:56"},{"nodeID":"1292417","text":"Anon: Afua Hirsch: we need those assurances that we will be kept safe","type":"L","timestamp":"2023-11-09 12:44:56"},{"nodeID":"1292418","text":"Asserting","type":"YA","timestamp":"2023-11-09 12:44:56"},{"nodeID":"1292419","text":"Default Transition","type":"TA","timestamp":"2023-11-09 12:44:56"},{"nodeID":"1292420","text":"Default Transition","type":"TA","timestamp":"2023-11-09 12:44:56"},{"nodeID":"1292421","text":"Default Conflict","type":"CA","timestamp":"2023-11-09 12:44:56"},{"nodeID":"1292422","text":"Disagreeing","type":"YA","timestamp":"2023-11-09 12:44:56"},{"nodeID":"1292423","text":"assurances that we will be kept safe need to be crystal clear","type":"I","timestamp":"2023-11-09 12:44:56"},{"nodeID":"1292424","text":"Afua Hirsch: they need to be crystal clear, as Juergen said","type":"L","timestamp":"2023-11-09 12:44:56"},{"nodeID":"1292425","text":"Analysing","type":"YA","timestamp":"2023-11-09 12:44:56"},{"nodeID":"1292426","text":"Anon: Afua Hirsch: they need to be crystal clear, as Juergen said","type":"L","timestamp":"2023-11-09 12:44:56"},{"nodeID":"1292427","text":"Juergen Maier: assurances that we will be kept safe need to be crystal clear","type":"L","timestamp":"2023-11-09 12:44:56"},{"nodeID":"1292428","text":"Analysing","type":"YA","timestamp":"2023-11-09 12:44:56"},{"nodeID":"1292429","text":"Anon: Juergen Maier: they need to be crystal clear, as Juergen said","type":"L","timestamp":"2023-11-09 12:44:56"},{"nodeID":"1292430","text":"Asserting","type":"YA","timestamp":"2023-11-09 12:44:56"},{"nodeID":"1292431","text":"Asserting","type":"YA","timestamp":"2023-11-09 12:44:56"},{"nodeID":"1292432","text":"Default Rephrase","type":"MA","timestamp":"2023-11-09 12:44:56"},{"nodeID":"1292433","text":"Default Transition","type":"TA","timestamp":"2023-11-09 12:44:56"},{"nodeID":"1292434","text":"Restating","type":"YA","timestamp":"2023-11-09 12:44:56"},{"nodeID":"1292435","text":"Afua Hirsch: That's a really important phrase","type":"L","timestamp":"2023-11-09 12:44:56"},{"nodeID":"1292436","text":"Analysing","type":"YA","timestamp":"2023-11-09 12:44:56"},{"nodeID":"1292437","text":"Anon: Afua Hirsch: That's a really important phrase","type":"L","timestamp":"2023-11-09 12:44:56"},{"nodeID":"1292438","text":"assurances need to be binding","type":"I","timestamp":"2023-11-09 12:44:57"},{"nodeID":"1292439","text":"Afua Hirsch: They need to be binding","type":"L","timestamp":"2023-11-09 12:44:57"},{"nodeID":"1292440","text":"Analysing","type":"YA","timestamp":"2023-11-09 12:44:57"},{"nodeID":"1292441","text":"Anon: Afua Hirsch: They need to be binding","type":"L","timestamp":"2023-11-09 12:44:57"},{"nodeID":"1292442","text":"Asserting","type":"YA","timestamp":"2023-11-09 12:44:57"},{"nodeID":"1292443","text":"Default Transition","type":"TA","timestamp":"2023-11-09 12:44:57"},{"nodeID":"1292444","text":"Default Transition","type":"TA","timestamp":"2023-11-09 12:44:57"},{"nodeID":"1292445","text":"Afua Hirsch: we know we don't have a perfect record of safety at work","type":"L","timestamp":"2023-11-09 12:44:57"},{"nodeID":"1292446","text":"Analysing","type":"YA","timestamp":"2023-11-09 12:44:57"},{"nodeID":"1292447","text":"Anon: Afua Hirsch: we know we don't have a perfect record of safety at work","type":"L","timestamp":"2023-11-09 12:44:57"},{"nodeID":"1292448","text":"Asserting","type":"YA","timestamp":"2023-11-09 12:44:57"},{"nodeID":"1292449","text":"the guidelines for returning to work need to be made crystal clear and not to be optional","type":"I","timestamp":"2023-11-09 12:44:57"},{"nodeID":"1292450","text":"Afua Hirsch: The guidelines need to be made crystal clear and not to be optional","type":"L","timestamp":"2023-11-09 12:44:57"},{"nodeID":"1292451","text":"Analysing","type":"YA","timestamp":"2023-11-09 12:44:57"},{"nodeID":"1292452","text":"Anon: Afua Hirsch: The guidelines need to be made crystal clear and not to be optional","type":"L","timestamp":"2023-11-09 12:44:57"},{"nodeID":"1292453","text":"Asserting","type":"YA","timestamp":"2023-11-09 12:44:57"},{"nodeID":"1292454","text":"Default Rephrase","type":"MA","timestamp":"2023-11-09 12:44:57"},{"nodeID":"1292455","text":"Default Transition","type":"TA","timestamp":"2023-11-09 12:44:57"},{"nodeID":"1292456","text":"Disagreeing","type":"YA","timestamp":"2023-11-09 12:44:57"},{"nodeID":"1292457","text":"Default Inference","type":"RA","timestamp":"2023-11-09 12:44:57"},{"nodeID":"1292458","text":"Default Transition","type":"TA","timestamp":"2023-11-09 12:44:57"},{"nodeID":"1292459","text":"Arguing","type":"YA","timestamp":"2023-11-09 12:44:57"},{"nodeID":"1292460","text":"Agreeing","type":"YA","timestamp":"2023-11-09 12:44:57"},{"nodeID":"1292461","text":"Default Inference","type":"RA","timestamp":"2023-11-09 12:44:57"},{"nodeID":"1292462","text":"Arguing","type":"YA","timestamp":"2023-11-09 12:44:57"},{"nodeID":"1292463","text":"assurances are not crystal clear","type":"I","timestamp":"2023-11-09 12:44:58"},{"nodeID":"1292464","text":"Afua Hirsch: if they are not","type":"L","timestamp":"2023-11-09 12:44:58"},{"nodeID":"1292465","text":"Analysing","type":"YA","timestamp":"2023-11-09 12:44:58"},{"nodeID":"1292466","text":"Anon: Afua Hirsch: if they are not","type":"L","timestamp":"2023-11-09 12:44:58"},{"nodeID":"1292467","text":"Asserting","type":"YA","timestamp":"2023-11-09 12:44:58"},{"nodeID":"1292468","text":"there are employers who will flout good practice","type":"I","timestamp":"2023-11-09 12:44:59"},{"nodeID":"1292469","text":"Afua Hirsch: there are employers who will flout good practice","type":"L","timestamp":"2023-11-09 12:44:59"},{"nodeID":"1292470","text":"Analysing","type":"YA","timestamp":"2023-11-09 12:44:59"},{"nodeID":"1292471","text":"Anon: Afua Hirsch: there are employers who will flout good practice","type":"L","timestamp":"2023-11-09 12:44:59"},{"nodeID":"1292472","text":"Asserting","type":"YA","timestamp":"2023-11-09 12:44:59"},{"nodeID":"1292473","text":"Default Transition","type":"TA","timestamp":"2023-11-09 12:44:59"},{"nodeID":"1292474","text":"Default Transition","type":"TA","timestamp":"2023-11-09 12:44:59"},{"nodeID":"1292475","text":"Default Conflict","type":"CA","timestamp":"2023-11-09 12:44:59"},{"nodeID":"1292476","text":"Disagreeing","type":"YA","timestamp":"2023-11-09 12:44:59"},{"nodeID":"1292477","text":"Default Inference","type":"RA","timestamp":"2023-11-09 12:44:59"},{"nodeID":"1292478","text":"Default Transition","type":"TA","timestamp":"2023-11-09 12:44:59"},{"nodeID":"1292479","text":"Arguing","type":"YA","timestamp":"2023-11-09 12:44:59"},{"nodeID":"1292480","text":"Default Inference","type":"RA","timestamp":"2023-11-09 12:44:59"},{"nodeID":"1292481","text":"Arguing","type":"YA","timestamp":"2023-11-09 12:44:59"},{"nodeID":"1292482","text":"Default Inference","type":"RA","timestamp":"2023-11-09 12:44:59"},{"nodeID":"1292483","text":"Arguing","type":"YA","timestamp":"2023-11-09 12:44:59"}],"edges":[{"edgeID":"1699342","fromID":"1292373","toID":"1292372","formEdgeID":null},{"edgeID":"1699343","fromID":"1292374","toID":"1292373","formEdgeID":null},{"edgeID":"1699344","fromID":"1292372","toID":"1292375","formEdgeID":null},{"edgeID":"1699345","fromID":"1292375","toID":"1292371","formEdgeID":null},{"edgeID":"1699346","fromID":"1292378","toID":"1292377","formEdgeID":null},{"edgeID":"1699347","fromID":"1292379","toID":"1292378","formEdgeID":null},{"edgeID":"1699348","fromID":"1292377","toID":"1292380","formEdgeID":null},{"edgeID":"1699349","fromID":"1292380","toID":"1292376","formEdgeID":null},{"edgeID":"1699350","fromID":"1292383","toID":"1292382","formEdgeID":null},{"edgeID":"1699351","fromID":"1292384","toID":"1292383","formEdgeID":null},{"edgeID":"1699352","fromID":"1292382","toID":"1292385","formEdgeID":null},{"edgeID":"1699353","fromID":"1292385","toID":"1292381","formEdgeID":null},{"edgeID":"1699354","fromID":"1292372","toID":"1292386","formEdgeID":null},{"edgeID":"1699355","fromID":"1292386","toID":"1292377","formEdgeID":null},{"edgeID":"1699356","fromID":"1292377","toID":"1292387","formEdgeID":null},{"edgeID":"1699357","fromID":"1292387","toID":"1292382","formEdgeID":null},{"edgeID":"1699358","fromID":"1292390","toID":"1292389","formEdgeID":null},{"edgeID":"1699359","fromID":"1292391","toID":"1292390","formEdgeID":null},{"edgeID":"1699360","fromID":"1292382","toID":"1292392","formEdgeID":null},{"edgeID":"1699361","fromID":"1292392","toID":"1292389","formEdgeID":null},{"edgeID":"1699362","fromID":"1292394","toID":"1292393","formEdgeID":null},{"edgeID":"1699363","fromID":"1292395","toID":"1292394","formEdgeID":null},{"edgeID":"1699364","fromID":"1292389","toID":"1292396","formEdgeID":null},{"edgeID":"1699365","fromID":"1292396","toID":"1292393","formEdgeID":null},{"edgeID":"1699366","fromID":"1292393","toID":"1292397","formEdgeID":null},{"edgeID":"1699367","fromID":"1292397","toID":"1292388","formEdgeID":null},{"edgeID":"1699368","fromID":"1292400","toID":"1292399","formEdgeID":null},{"edgeID":"1699369","fromID":"1292401","toID":"1292400","formEdgeID":null},{"edgeID":"1699370","fromID":"1292399","toID":"1292402","formEdgeID":null},{"edgeID":"1699371","fromID":"1292402","toID":"1292398","formEdgeID":null},{"edgeID":"1699372","fromID":"1292389","toID":"1292403","formEdgeID":null},{"edgeID":"1699373","fromID":"1292403","toID":"1292399","formEdgeID":null},{"edgeID":"1699374","fromID":"1292398","toID":"1292404","formEdgeID":null},{"edgeID":"1699375","fromID":"1292404","toID":"1292388","formEdgeID":null},{"edgeID":"1699376","fromID":"1292403","toID":"1292405","formEdgeID":null},{"edgeID":"1699377","fromID":"1292405","toID":"1292404","formEdgeID":null},{"edgeID":"1699378","fromID":"1292407","toID":"1292406","formEdgeID":null},{"edgeID":"1699379","fromID":"1292408","toID":"1292407","formEdgeID":null},{"edgeID":"1699380","fromID":"1292406","toID":"1292409","formEdgeID":null},{"edgeID":"1699381","fromID":"1292409","toID":"502930","formEdgeID":null},{"edgeID":"1699382","fromID":"1292411","toID":"1292410","formEdgeID":null},{"edgeID":"1699383","fromID":"1292412","toID":"1292411","formEdgeID":null},{"edgeID":"1699384","fromID":"1292410","toID":"1292413","formEdgeID":null},{"edgeID":"1699385","fromID":"1292413","toID":"585778","formEdgeID":null},{"edgeID":"1699386","fromID":"1292416","toID":"1292415","formEdgeID":null},{"edgeID":"1699387","fromID":"1292417","toID":"1292416","formEdgeID":null},{"edgeID":"1699388","fromID":"1292415","toID":"1292418","formEdgeID":null},{"edgeID":"1699389","fromID":"1292418","toID":"1292414","formEdgeID":null},{"edgeID":"1699390","fromID":"1292406","toID":"1292419","formEdgeID":null},{"edgeID":"1699391","fromID":"1292419","toID":"1292410","formEdgeID":null},{"edgeID":"1699392","fromID":"1292410","toID":"1292420","formEdgeID":null},{"edgeID":"1699393","fromID":"1292420","toID":"1292415","formEdgeID":null},{"edgeID":"1699394","fromID":"1292414","toID":"1292421","formEdgeID":null},{"edgeID":"1699395","fromID":"1292421","toID":"585778","formEdgeID":null},{"edgeID":"1699396","fromID":"1292420","toID":"1292422","formEdgeID":null},{"edgeID":"1699397","fromID":"1292422","toID":"1292421","formEdgeID":null},{"edgeID":"1699398","fromID":"1292425","toID":"1292424","formEdgeID":null},{"edgeID":"1699399","fromID":"1292426","toID":"1292425","formEdgeID":null},{"edgeID":"1699400","fromID":"1292428","toID":"1292427","formEdgeID":null},{"edgeID":"1699401","fromID":"1292429","toID":"1292428","formEdgeID":null},{"edgeID":"1699402","fromID":"1292424","toID":"1292430","formEdgeID":null},{"edgeID":"1699403","fromID":"1292430","toID":"1292427","formEdgeID":null},{"edgeID":"1699404","fromID":"1292427","toID":"1292431","formEdgeID":null},{"edgeID":"1699405","fromID":"1292431","toID":"1292423","formEdgeID":null},{"edgeID":"1699406","fromID":"1292423","toID":"1292432","formEdgeID":null},{"edgeID":"1699407","fromID":"1292432","toID":"1292414","formEdgeID":null},{"edgeID":"1699408","fromID":"1292415","toID":"1292433","formEdgeID":null},{"edgeID":"1699409","fromID":"1292433","toID":"1292424","formEdgeID":null},{"edgeID":"1699410","fromID":"1292433","toID":"1292434","formEdgeID":null},{"edgeID":"1699411","fromID":"1292434","toID":"1292432","formEdgeID":null},{"edgeID":"1699412","fromID":"1292436","toID":"1292435","formEdgeID":null},{"edgeID":"1699413","fromID":"1292437","toID":"1292436","formEdgeID":null},{"edgeID":"1699414","fromID":"1292440","toID":"1292439","formEdgeID":null},{"edgeID":"1699415","fromID":"1292441","toID":"1292440","formEdgeID":null},{"edgeID":"1699416","fromID":"1292439","toID":"1292442","formEdgeID":null},{"edgeID":"1699417","fromID":"1292442","toID":"1292438","formEdgeID":null},{"edgeID":"1699418","fromID":"1292424","toID":"1292443","formEdgeID":null},{"edgeID":"1699419","fromID":"1292443","toID":"1292435","formEdgeID":null},{"edgeID":"1699420","fromID":"1292435","toID":"1292444","formEdgeID":null},{"edgeID":"1699421","fromID":"1292444","toID":"1292439","formEdgeID":null},{"edgeID":"1699422","fromID":"1292446","toID":"1292445","formEdgeID":null},{"edgeID":"1699423","fromID":"1292447","toID":"1292446","formEdgeID":null},{"edgeID":"1699424","fromID":"1292445","toID":"1292448","formEdgeID":null},{"edgeID":"1699425","fromID":"1292448","toID":"502987","formEdgeID":null},{"edgeID":"1699426","fromID":"1292451","toID":"1292450","formEdgeID":null},{"edgeID":"1699427","fromID":"1292452","toID":"1292451","formEdgeID":null},{"edgeID":"1699428","fromID":"1292450","toID":"1292453","formEdgeID":null},{"edgeID":"1699429","fromID":"1292453","toID":"1292449","formEdgeID":null},{"edgeID":"1699430","fromID":"1292449","toID":"1292454","formEdgeID":null},{"edgeID":"1699431","fromID":"1292454","toID":"1292423","formEdgeID":null},{"edgeID":"1699432","fromID":"1292424","toID":"1292455","formEdgeID":null},{"edgeID":"1699433","fromID":"1292455","toID":"1292450","formEdgeID":null},{"edgeID":"1699434","fromID":"1292455","toID":"1292456","formEdgeID":null},{"edgeID":"1699435","fromID":"1292456","toID":"1292454","formEdgeID":null},{"edgeID":"1699436","fromID":"1292398","toID":"1292457","formEdgeID":null},{"edgeID":"1699437","fromID":"1292457","toID":"502930","formEdgeID":null},{"edgeID":"1699438","fromID":"1292399","toID":"1292458","formEdgeID":null},{"edgeID":"1699439","fromID":"1292458","toID":"1292406","formEdgeID":null},{"edgeID":"1699440","fromID":"1292458","toID":"1292459","formEdgeID":null},{"edgeID":"1699441","fromID":"1292459","toID":"1292457","formEdgeID":null},{"edgeID":"1699442","fromID":"1292443","toID":"1292460","formEdgeID":null},{"edgeID":"1699443","fromID":"1292460","toID":"1292423","formEdgeID":null},{"edgeID":"1699444","fromID":"1292438","toID":"1292461","formEdgeID":null},{"edgeID":"1699445","fromID":"1292461","toID":"1292423","formEdgeID":null},{"edgeID":"1699446","fromID":"1292444","toID":"1292462","formEdgeID":null},{"edgeID":"1699447","fromID":"1292462","toID":"1292461","formEdgeID":null},{"edgeID":"1699448","fromID":"1292465","toID":"1292464","formEdgeID":null},{"edgeID":"1699449","fromID":"1292466","toID":"1292465","formEdgeID":null},{"edgeID":"1699450","fromID":"1292464","toID":"1292467","formEdgeID":null},{"edgeID":"1699451","fromID":"1292467","toID":"1292463","formEdgeID":null},{"edgeID":"1699452","fromID":"1292470","toID":"1292469","formEdgeID":null},{"edgeID":"1699453","fromID":"1292471","toID":"1292470","formEdgeID":null},{"edgeID":"1699454","fromID":"1292469","toID":"1292472","formEdgeID":null},{"edgeID":"1699455","fromID":"1292472","toID":"1292468","formEdgeID":null},{"edgeID":"1699456","fromID":"1292439","toID":"1292473","formEdgeID":null},{"edgeID":"1699457","fromID":"1292473","toID":"1292464","formEdgeID":null},{"edgeID":"1699458","fromID":"1292464","toID":"1292474","formEdgeID":null},{"edgeID":"1699459","fromID":"1292474","toID":"1292469","formEdgeID":null},{"edgeID":"1699460","fromID":"1292463","toID":"1292475","formEdgeID":null},{"edgeID":"1699461","fromID":"1292475","toID":"1292438","formEdgeID":null},{"edgeID":"1699462","fromID":"1292473","toID":"1292476","formEdgeID":null},{"edgeID":"1699463","fromID":"1292476","toID":"1292475","formEdgeID":null},{"edgeID":"1699464","fromID":"502987","toID":"1292477","formEdgeID":null},{"edgeID":"1699465","fromID":"1292477","toID":"1292468","formEdgeID":null},{"edgeID":"1699466","fromID":"1292469","toID":"1292478","formEdgeID":null},{"edgeID":"1699467","fromID":"1292478","toID":"1292445","formEdgeID":null},{"edgeID":"1699468","fromID":"1292478","toID":"1292479","formEdgeID":null},{"edgeID":"1699469","fromID":"1292479","toID":"1292477","formEdgeID":null},{"edgeID":"1699470","fromID":"1292463","toID":"1292480","formEdgeID":null},{"edgeID":"1699471","fromID":"1292480","toID":"1292468","formEdgeID":null},{"edgeID":"1699472","fromID":"1292474","toID":"1292481","formEdgeID":null},{"edgeID":"1699473","fromID":"1292481","toID":"1292480","formEdgeID":null},{"edgeID":"1699474","fromID":"1292376","toID":"1292482","formEdgeID":null},{"edgeID":"1699475","fromID":"1292482","toID":"1292381","formEdgeID":null},{"edgeID":"1699476","fromID":"1292387","toID":"1292483","formEdgeID":null},{"edgeID":"1699477","fromID":"1292483","toID":"1292482","formEdgeID":null}],"locutions":[]}