{"nodes":[{"nodeID":"497355","text":"there have been significant problems between what the government said is available in terms of personal protective equipment and what's actually got to the front line","type":"I","timestamp":"2020-05-14 19:11:11"},{"nodeID":"497360","text":"Labour was or was not calling for the lockdown to be introduced earlier","type":"I","timestamp":"2020-05-14 19:11:12"},{"nodeID":"1288970","text":"Nick Thomas-Symonds thought xxx when the Prime Minister talked about our response to the pandemic as our apparent success","type":"I","timestamp":"2023-11-09 12:40:05"},{"nodeID":"1288971","text":"Fiona Bruce: what did you think when the Prime Minister talked about our response to the pandemic as our apparent success","type":"L","timestamp":"2023-11-09 12:40:05"},{"nodeID":"1288972","text":"Analysing","type":"YA","timestamp":"2023-11-09 12:40:05"},{"nodeID":"1288973","text":"Calum: Nick Thomas-Symonds: what did you think when the Prime Minister talked about our response to the pandemic as our apparent success","type":"L","timestamp":"2023-11-09 12:40:05"},{"nodeID":"1288974","text":"Pure Questioning","type":"YA","timestamp":"2023-11-09 12:40:05"},{"nodeID":"1288975","text":"the reponse to the pandemic is not an apparent success","type":"I","timestamp":"2023-11-09 12:40:05"},{"nodeID":"1288976","text":"Nick Thomas-Symonds: It is not an apparent success","type":"L","timestamp":"2023-11-09 12:40:05"},{"nodeID":"1288977","text":"Analysing","type":"YA","timestamp":"2023-11-09 12:40:05"},{"nodeID":"1288978","text":"Calum: Nick Thomas-Symonds: It is not an apparent success","type":"L","timestamp":"2023-11-09 12:40:05"},{"nodeID":"1288979","text":"Asserting","type":"YA","timestamp":"2023-11-09 12:40:05"},{"nodeID":"1288980","text":"Default Transition","type":"TA","timestamp":"2023-11-09 12:40:05"},{"nodeID":"1288981","text":"Default Rephrase","type":"MA","timestamp":"2023-11-09 12:40:05"},{"nodeID":"1288982","text":"Default Illocuting","type":"YA","timestamp":"2023-11-09 12:40:05"},{"nodeID":"1288983","text":"throughout the COVID-19 crisis Labour quite rightly supported the government in its aim of minimising loss of life","type":"I","timestamp":"2023-11-09 12:40:06"},{"nodeID":"1288984","text":"Nick Thomas-Symonds: Throughout this crisis we quite rightly supported the government in its aim of minimising loss of life","type":"L","timestamp":"2023-11-09 12:40:06"},{"nodeID":"1288985","text":"Analysing","type":"YA","timestamp":"2023-11-09 12:40:06"},{"nodeID":"1288986","text":"Calum: Nick Thomas-Symonds: Throughout this crisis we quite rightly supported the government in its aim of minimising loss of life","type":"L","timestamp":"2023-11-09 12:40:06"},{"nodeID":"1288987","text":"Asserting","type":"YA","timestamp":"2023-11-09 12:40:06"},{"nodeID":"1288988","text":"Labour called out things where they thought the government was not acting as they thought it should","type":"I","timestamp":"2023-11-09 12:40:06"},{"nodeID":"1288989","text":"Nick Thomas-Symonds: We also called out things where we thought the government was not acting as we thought it should","type":"L","timestamp":"2023-11-09 12:40:06"},{"nodeID":"1288990","text":"Analysing","type":"YA","timestamp":"2023-11-09 12:40:06"},{"nodeID":"1288991","text":"Calum: Nick Thomas-Symonds: We also called out things where we thought the government was not acting as we thought it should","type":"L","timestamp":"2023-11-09 12:40:06"},{"nodeID":"1288992","text":"Asserting","type":"YA","timestamp":"2023-11-09 12:40:06"},{"nodeID":"1288993","text":"there are questions of how well prepared the UK was for this particular type of pandemic","type":"I","timestamp":"2023-11-09 12:40:07"},{"nodeID":"1288994","text":"Nick Thomas-Symonds: There are questions how well prepared the country was for this particular type of pandemic","type":"L","timestamp":"2023-11-09 12:40:07"},{"nodeID":"1288995","text":"Analysing","type":"YA","timestamp":"2023-11-09 12:40:07"},{"nodeID":"1288996","text":"Calum: Nick Thomas-Symonds: There are questions how well prepared the country was for this particular type of pandemic","type":"L","timestamp":"2023-11-09 12:40:07"},{"nodeID":"1288997","text":"Asserting","type":"YA","timestamp":"2023-11-09 12:40:07"},{"nodeID":"1288998","text":"the UK were also slow in the lockdown","type":"I","timestamp":"2023-11-09 12:40:08"},{"nodeID":"1288999","text":"Nick Thomas-Symonds: we were also slow in the lockdown","type":"L","timestamp":"2023-11-09 12:40:08"},{"nodeID":"1289000","text":"Analysing","type":"YA","timestamp":"2023-11-09 12:40:08"},{"nodeID":"1289001","text":"Calum: Nick Thomas-Symonds: we were also slow in the lockdown","type":"L","timestamp":"2023-11-09 12:40:08"},{"nodeID":"1289002","text":"Asserting","type":"YA","timestamp":"2023-11-09 12:40:08"},{"nodeID":"1289003","text":"the UK were slow in terms of a comprehensive test and tracing strategy","type":"I","timestamp":"2023-11-09 12:40:08"},{"nodeID":"1289004","text":"Nick Thomas-Symonds: slow in terms of a comprehensive test and tracing strategy","type":"L","timestamp":"2023-11-09 12:40:08"},{"nodeID":"1289005","text":"Analysing","type":"YA","timestamp":"2023-11-09 12:40:08"},{"nodeID":"1289006","text":"Calum: Nick Thomas-Symonds: slow in terms of a comprehensive test and tracing strategy","type":"L","timestamp":"2023-11-09 12:40:08"},{"nodeID":"1289007","text":"Asserting","type":"YA","timestamp":"2023-11-09 12:40:08"},{"nodeID":"1289008","text":"Nick Thomas-Symonds:  there have been significant problems between what the government said is available in terms of personal protective equipment and what's actually got to the front line","type":"L","timestamp":"2023-11-09 12:40:08"},{"nodeID":"1289009","text":"Analysing","type":"YA","timestamp":"2023-11-09 12:40:08"},{"nodeID":"1289010","text":"Calum: Nick Thomas-Symonds:  there have been significant problems between what the government said is available in terms of personal protective equipment and what's actually got to the front line","type":"L","timestamp":"2023-11-09 12:40:08"},{"nodeID":"1289011","text":"Asserting","type":"YA","timestamp":"2023-11-09 12:40:08"},{"nodeID":"1289012","text":"Default Inference","type":"RA","timestamp":"2023-11-09 12:40:08"},{"nodeID":"1289013","text":"Default Transition","type":"TA","timestamp":"2023-11-09 12:40:08"},{"nodeID":"1289014","text":"Default Transition","type":"TA","timestamp":"2023-11-09 12:40:08"},{"nodeID":"1289015","text":"Default Transition","type":"TA","timestamp":"2023-11-09 12:40:08"},{"nodeID":"1289016","text":"Default Transition","type":"TA","timestamp":"2023-11-09 12:40:08"},{"nodeID":"1289017","text":"Default Transition","type":"TA","timestamp":"2023-11-09 12:40:08"},{"nodeID":"1289018","text":"Default Transition","type":"TA","timestamp":"2023-11-09 12:40:08"},{"nodeID":"1289019","text":"Arguing","type":"YA","timestamp":"2023-11-09 12:40:08"},{"nodeID":"1289020","text":"the government was too slow in introducing the lockdown","type":"I","timestamp":"2023-11-09 12:40:09"},{"nodeID":"1289021","text":"Fiona Bruce: you say the government was too slow in introducing the lockdown","type":"L","timestamp":"2023-11-09 12:40:09"},{"nodeID":"1289022","text":"Analysing","type":"YA","timestamp":"2023-11-09 12:40:09"},{"nodeID":"1289023","text":"Calum: Fiona Bruce: you say the government was too slow in introducing the lockdown","type":"L","timestamp":"2023-11-09 12:40:09"},{"nodeID":"1289024","text":"Nick Thomas-Symonds: the government was too slow in introducing the lockdown","type":"L","timestamp":"2023-11-09 12:40:09"},{"nodeID":"1289025","text":"Analysing","type":"YA","timestamp":"2023-11-09 12:40:09"},{"nodeID":"1289026","text":"Calum: Nick Thomas-Symonds: you say the government was too slow in introducing the lockdown","type":"L","timestamp":"2023-11-09 12:40:09"},{"nodeID":"1289027","text":"Asserting","type":"YA","timestamp":"2023-11-09 12:40:09"},{"nodeID":"1289028","text":"Asserting","type":"YA","timestamp":"2023-11-09 12:40:09"},{"nodeID":"1289029","text":"Default Transition","type":"TA","timestamp":"2023-11-09 12:40:09"},{"nodeID":"1289030","text":"Fiona Bruce: Was Labour calling for the lockdown to be introduced earlier","type":"L","timestamp":"2023-11-09 12:40:09"},{"nodeID":"1289031","text":"Analysing","type":"YA","timestamp":"2023-11-09 12:40:09"},{"nodeID":"1289032","text":"Calum: Fiona Bruce: Was Labour calling for the lockdown to be introduced earlier","type":"L","timestamp":"2023-11-09 12:40:09"},{"nodeID":"1289033","text":"Pure Questioning","type":"YA","timestamp":"2023-11-09 12:40:09"},{"nodeID":"1289034","text":"Default Transition","type":"TA","timestamp":"2023-11-09 12:40:09"},{"nodeID":"1289035","text":"Labour was calling for the lockdown to be introduced earlier","type":"I","timestamp":"2023-11-09 12:40:09"},{"nodeID":"1289036","text":"Nick Thomas-Symonds: Yes, absolutely","type":"L","timestamp":"2023-11-09 12:40:09"},{"nodeID":"1289037","text":"Analysing","type":"YA","timestamp":"2023-11-09 12:40:09"},{"nodeID":"1289038","text":"Calum: Nick Thomas-Symonds: Yes, absolutely","type":"L","timestamp":"2023-11-09 12:40:09"},{"nodeID":"1289039","text":"Asserting","type":"YA","timestamp":"2023-11-09 12:40:09"},{"nodeID":"1289040","text":"Default Transition","type":"TA","timestamp":"2023-11-09 12:40:09"},{"nodeID":"1289041","text":"Default Rephrase","type":"MA","timestamp":"2023-11-09 12:40:09"},{"nodeID":"1289042","text":"Default Illocuting","type":"YA","timestamp":"2023-11-09 12:40:09"},{"nodeID":"1289043","text":"I was there in the House of Commons on 23rd of March","type":"I","timestamp":"2023-11-09 12:40:10"},{"nodeID":"1289044","text":"Nick Thomas-Symonds:  I was there in the House of Commons on 23rd of March","type":"L","timestamp":"2023-11-09 12:40:10"},{"nodeID":"1289045","text":"Analysing","type":"YA","timestamp":"2023-11-09 12:40:10"},{"nodeID":"1289046","text":"Calum: Nick Thomas-Symonds:  I was there in the House of Commons on 23rd of March","type":"L","timestamp":"2023-11-09 12:40:10"},{"nodeID":"1289047","text":"Asserting","type":"YA","timestamp":"2023-11-09 12:40:10"},{"nodeID":"1289048","text":"Labour called for the lockdown in the House of Commons prior to it being announced later that day","type":"I","timestamp":"2023-11-09 12:40:10"},{"nodeID":"1289049","text":"Nick Thomas-Symonds: we actually called for the lockdown in the House of Commons prior to it being announced later that day","type":"L","timestamp":"2023-11-09 12:40:10"},{"nodeID":"1289050","text":"Analysing","type":"YA","timestamp":"2023-11-09 12:40:10"},{"nodeID":"1289051","text":"Calum: Nick Thomas-Symonds: we actually called for the lockdown in the House of Commons prior to it being announced later that day","type":"L","timestamp":"2023-11-09 12:40:10"},{"nodeID":"1289052","text":"Asserting","type":"YA","timestamp":"2023-11-09 12:40:10"},{"nodeID":"1289053","text":"the lockdown was something Labour raised on the floor of the house that day","type":"I","timestamp":"2023-11-09 12:40:11"},{"nodeID":"1289054","text":"Nick Thomas-Symonds: that was something we raised on the floor of the house that day","type":"L","timestamp":"2023-11-09 12:40:11"},{"nodeID":"1289055","text":"Analysing","type":"YA","timestamp":"2023-11-09 12:40:11"},{"nodeID":"1289056","text":"Calum: Nick Thomas-Symonds: that was something we raised on the floor of the house that day","type":"L","timestamp":"2023-11-09 12:40:11"},{"nodeID":"1289057","text":"Asserting","type":"YA","timestamp":"2023-11-09 12:40:11"},{"nodeID":"1289058","text":"Default Transition","type":"TA","timestamp":"2023-11-09 12:40:11"},{"nodeID":"1289059","text":"Default Transition","type":"TA","timestamp":"2023-11-09 12:40:11"},{"nodeID":"1289060","text":"Default Transition","type":"TA","timestamp":"2023-11-09 12:40:11"},{"nodeID":"1289061","text":"Default Inference","type":"RA","timestamp":"2023-11-09 12:40:11"},{"nodeID":"1289062","text":"Arguing","type":"YA","timestamp":"2023-11-09 12:40:11"}],"edges":[{"edgeID":"1695320","fromID":"1288972","toID":"1288971","formEdgeID":null},{"edgeID":"1695321","fromID":"1288973","toID":"1288972","formEdgeID":null},{"edgeID":"1695322","fromID":"1288971","toID":"1288974","formEdgeID":null},{"edgeID":"1695323","fromID":"1288974","toID":"1288970","formEdgeID":null},{"edgeID":"1695324","fromID":"1288977","toID":"1288976","formEdgeID":null},{"edgeID":"1695325","fromID":"1288978","toID":"1288977","formEdgeID":null},{"edgeID":"1695326","fromID":"1288976","toID":"1288979","formEdgeID":null},{"edgeID":"1695327","fromID":"1288979","toID":"1288975","formEdgeID":null},{"edgeID":"1695328","fromID":"1288971","toID":"1288980","formEdgeID":null},{"edgeID":"1695329","fromID":"1288980","toID":"1288976","formEdgeID":null},{"edgeID":"1695330","fromID":"1288975","toID":"1288981","formEdgeID":null},{"edgeID":"1695331","fromID":"1288981","toID":"1288970","formEdgeID":null},{"edgeID":"1695332","fromID":"1288980","toID":"1288982","formEdgeID":null},{"edgeID":"1695333","fromID":"1288982","toID":"1288981","formEdgeID":null},{"edgeID":"1695334","fromID":"1288985","toID":"1288984","formEdgeID":null},{"edgeID":"1695335","fromID":"1288986","toID":"1288985","formEdgeID":null},{"edgeID":"1695336","fromID":"1288984","toID":"1288987","formEdgeID":null},{"edgeID":"1695337","fromID":"1288987","toID":"1288983","formEdgeID":null},{"edgeID":"1695338","fromID":"1288990","toID":"1288989","formEdgeID":null},{"edgeID":"1695339","fromID":"1288991","toID":"1288990","formEdgeID":null},{"edgeID":"1695340","fromID":"1288989","toID":"1288992","formEdgeID":null},{"edgeID":"1695341","fromID":"1288992","toID":"1288988","formEdgeID":null},{"edgeID":"1695342","fromID":"1288995","toID":"1288994","formEdgeID":null},{"edgeID":"1695343","fromID":"1288996","toID":"1288995","formEdgeID":null},{"edgeID":"1695344","fromID":"1288994","toID":"1288997","formEdgeID":null},{"edgeID":"1695345","fromID":"1288997","toID":"1288993","formEdgeID":null},{"edgeID":"1695346","fromID":"1289000","toID":"1288999","formEdgeID":null},{"edgeID":"1695347","fromID":"1289001","toID":"1289000","formEdgeID":null},{"edgeID":"1695348","fromID":"1288999","toID":"1289002","formEdgeID":null},{"edgeID":"1695349","fromID":"1289002","toID":"1288998","formEdgeID":null},{"edgeID":"1695350","fromID":"1289005","toID":"1289004","formEdgeID":null},{"edgeID":"1695351","fromID":"1289006","toID":"1289005","formEdgeID":null},{"edgeID":"1695352","fromID":"1289004","toID":"1289007","formEdgeID":null},{"edgeID":"1695353","fromID":"1289007","toID":"1289003","formEdgeID":null},{"edgeID":"1695354","fromID":"1289009","toID":"1289008","formEdgeID":null},{"edgeID":"1695355","fromID":"1289010","toID":"1289009","formEdgeID":null},{"edgeID":"1695356","fromID":"1289008","toID":"1289011","formEdgeID":null},{"edgeID":"1695357","fromID":"1289011","toID":"497355","formEdgeID":null},{"edgeID":"1695358","fromID":"1288988","toID":"1289012","formEdgeID":null},{"edgeID":"1695359","fromID":"1289012","toID":"1288975","formEdgeID":null},{"edgeID":"1695360","fromID":"1288993","toID":"1289012","formEdgeID":null},{"edgeID":"1695361","fromID":"1288998","toID":"1289012","formEdgeID":null},{"edgeID":"1695362","fromID":"1289003","toID":"1289012","formEdgeID":null},{"edgeID":"1695363","fromID":"497355","toID":"1289012","formEdgeID":null},{"edgeID":"1695364","fromID":"1288976","toID":"1289013","formEdgeID":null},{"edgeID":"1695365","fromID":"1289013","toID":"1288984","formEdgeID":null},{"edgeID":"1695366","fromID":"1288976","toID":"1289014","formEdgeID":null},{"edgeID":"1695367","fromID":"1289014","toID":"1288989","formEdgeID":null},{"edgeID":"1695368","fromID":"1288976","toID":"1289015","formEdgeID":null},{"edgeID":"1695369","fromID":"1289015","toID":"1288994","formEdgeID":null},{"edgeID":"1695370","fromID":"1288976","toID":"1289016","formEdgeID":null},{"edgeID":"1695371","fromID":"1289016","toID":"1288999","formEdgeID":null},{"edgeID":"1695372","fromID":"1288976","toID":"1289017","formEdgeID":null},{"edgeID":"1695373","fromID":"1289017","toID":"1289004","formEdgeID":null},{"edgeID":"1695374","fromID":"1288976","toID":"1289018","formEdgeID":null},{"edgeID":"1695375","fromID":"1289018","toID":"1289008","formEdgeID":null},{"edgeID":"1695376","fromID":"1289018","toID":"1289019","formEdgeID":null},{"edgeID":"1695377","fromID":"1289019","toID":"1289012","formEdgeID":null},{"edgeID":"1695378","fromID":"1289022","toID":"1289021","formEdgeID":null},{"edgeID":"1695379","fromID":"1289023","toID":"1289022","formEdgeID":null},{"edgeID":"1695380","fromID":"1289025","toID":"1289024","formEdgeID":null},{"edgeID":"1695381","fromID":"1289026","toID":"1289025","formEdgeID":null},{"edgeID":"1695382","fromID":"1289024","toID":"1289027","formEdgeID":null},{"edgeID":"1695383","fromID":"1289027","toID":"1289020","formEdgeID":null},{"edgeID":"1695384","fromID":"1289021","toID":"1289028","formEdgeID":null},{"edgeID":"1695385","fromID":"1289028","toID":"1289024","formEdgeID":null},{"edgeID":"1695386","fromID":"1289008","toID":"1289029","formEdgeID":null},{"edgeID":"1695387","fromID":"1289029","toID":"1289021","formEdgeID":null},{"edgeID":"1695388","fromID":"1289031","toID":"1289030","formEdgeID":null},{"edgeID":"1695389","fromID":"1289032","toID":"1289031","formEdgeID":null},{"edgeID":"1695390","fromID":"1289030","toID":"1289033","formEdgeID":null},{"edgeID":"1695391","fromID":"1289033","toID":"497360","formEdgeID":null},{"edgeID":"1695392","fromID":"1289021","toID":"1289034","formEdgeID":null},{"edgeID":"1695393","fromID":"1289034","toID":"1289030","formEdgeID":null},{"edgeID":"1695394","fromID":"1289037","toID":"1289036","formEdgeID":null},{"edgeID":"1695395","fromID":"1289038","toID":"1289037","formEdgeID":null},{"edgeID":"1695396","fromID":"1289036","toID":"1289039","formEdgeID":null},{"edgeID":"1695397","fromID":"1289039","toID":"1289035","formEdgeID":null},{"edgeID":"1695398","fromID":"1289030","toID":"1289040","formEdgeID":null},{"edgeID":"1695399","fromID":"1289040","toID":"1289036","formEdgeID":null},{"edgeID":"1695400","fromID":"1289035","toID":"1289041","formEdgeID":null},{"edgeID":"1695401","fromID":"1289041","toID":"497360","formEdgeID":null},{"edgeID":"1695402","fromID":"1289040","toID":"1289042","formEdgeID":null},{"edgeID":"1695403","fromID":"1289042","toID":"1289041","formEdgeID":null},{"edgeID":"1695404","fromID":"1289045","toID":"1289044","formEdgeID":null},{"edgeID":"1695405","fromID":"1289046","toID":"1289045","formEdgeID":null},{"edgeID":"1695406","fromID":"1289044","toID":"1289047","formEdgeID":null},{"edgeID":"1695407","fromID":"1289047","toID":"1289043","formEdgeID":null},{"edgeID":"1695408","fromID":"1289050","toID":"1289049","formEdgeID":null},{"edgeID":"1695409","fromID":"1289051","toID":"1289050","formEdgeID":null},{"edgeID":"1695410","fromID":"1289049","toID":"1289052","formEdgeID":null},{"edgeID":"1695411","fromID":"1289052","toID":"1289048","formEdgeID":null},{"edgeID":"1695412","fromID":"1289055","toID":"1289054","formEdgeID":null},{"edgeID":"1695413","fromID":"1289056","toID":"1289055","formEdgeID":null},{"edgeID":"1695414","fromID":"1289054","toID":"1289057","formEdgeID":null},{"edgeID":"1695415","fromID":"1289057","toID":"1289053","formEdgeID":null},{"edgeID":"1695416","fromID":"1289036","toID":"1289058","formEdgeID":null},{"edgeID":"1695417","fromID":"1289058","toID":"1289044","formEdgeID":null},{"edgeID":"1695418","fromID":"1289036","toID":"1289059","formEdgeID":null},{"edgeID":"1695419","fromID":"1289059","toID":"1289049","formEdgeID":null},{"edgeID":"1695420","fromID":"1289036","toID":"1289060","formEdgeID":null},{"edgeID":"1695421","fromID":"1289060","toID":"1289054","formEdgeID":null},{"edgeID":"1695422","fromID":"1289043","toID":"1289061","formEdgeID":null},{"edgeID":"1695423","fromID":"1289061","toID":"1289035","formEdgeID":null},{"edgeID":"1695424","fromID":"1289048","toID":"1289061","formEdgeID":null},{"edgeID":"1695425","fromID":"1289053","toID":"1289061","formEdgeID":null},{"edgeID":"1695426","fromID":"1289060","toID":"1289062","formEdgeID":null},{"edgeID":"1695427","fromID":"1289062","toID":"1289061","formEdgeID":null}],"locutions":[]}