{"nodes":[{"nodeID":"498855","text":"The idea is people will go on to the app","type":"I","timestamp":"2020-05-14 20:13:01"},{"nodeID":"498878","text":"that person subsequently shows symptoms and reports those symptoms","type":"I","timestamp":"2020-05-14 20:13:05"},{"nodeID":"498882","text":"those other people who have been in close or regular contact with that person will receive a notification to say that someone who they were in close contact with has reported symptoms","type":"I","timestamp":"2020-05-14 20:13:05"},{"nodeID":"1289063","text":"the track and trace app has launched in the Isle of Wight as of today","type":"I","timestamp":"2023-11-09 12:40:14"},{"nodeID":"1289064","text":"Fiona Bruce: the app has launched in the Isle of Wight as of today","type":"L","timestamp":"2023-11-09 12:40:14"},{"nodeID":"1289065","text":"Analysing","type":"YA","timestamp":"2023-11-09 12:40:14"},{"nodeID":"1289066","text":"Louise: Fiona Bruce: the app has launched in the Isle of Wight as of today","type":"L","timestamp":"2023-11-09 12:40:14"},{"nodeID":"1289067","text":"Asserting","type":"YA","timestamp":"2023-11-09 12:40:14"},{"nodeID":"1289068","text":"George Eustice obviously does think loss of privacy is a price worth paying because that's why you have launched the track and trace app","type":"I","timestamp":"2023-11-09 12:40:14"},{"nodeID":"1289069","text":"Fiona Bruce: You obviously do think it is a price worth paying because that's why you have launched it","type":"L","timestamp":"2023-11-09 12:40:14"},{"nodeID":"1289070","text":"Analysing","type":"YA","timestamp":"2023-11-09 12:40:14"},{"nodeID":"1289071","text":"Louise: Fiona Bruce: You obviously do think it is a price worth paying because that's why you have launched it","type":"L","timestamp":"2023-11-09 12:40:14"},{"nodeID":"1289072","text":"Asserting","type":"YA","timestamp":"2023-11-09 12:40:14"},{"nodeID":"1289073","text":"Default Transition","type":"TA","timestamp":"2023-11-09 12:40:14"},{"nodeID":"1289074","text":"Default Inference","type":"RA","timestamp":"2023-11-09 12:40:14"},{"nodeID":"1289075","text":"Arguing","type":"YA","timestamp":"2023-11-09 12:40:14"},{"nodeID":"1289076","text":"George Eustice can or cannot explain to us the details of how the track and trace app is going to work","type":"I","timestamp":"2023-11-09 12:40:15"},{"nodeID":"1289077","text":"Fiona Bruce: Can you explain to us the details of how it is going to work?","type":"L","timestamp":"2023-11-09 12:40:15"},{"nodeID":"1289078","text":"Analysing","type":"YA","timestamp":"2023-11-09 12:40:15"},{"nodeID":"1289079","text":"Louise: Fiona Bruce: Can you explain to us the details of how it is going to work?","type":"L","timestamp":"2023-11-09 12:40:15"},{"nodeID":"1289080","text":"Pure Questioning","type":"YA","timestamp":"2023-11-09 12:40:15"},{"nodeID":"1289081","text":"Default Transition","type":"TA","timestamp":"2023-11-09 12:40:15"},{"nodeID":"1289082","text":"someone gets a pinning on their phone saying they have been in contact with someone who has reported symptoms of Coronavirus","type":"I","timestamp":"2023-11-09 12:40:15"},{"nodeID":"1289083","text":"Fiona Bruce:  I get a pinning on my phone saying I have been in contact with someone who has reported symptoms of Coronavirus","type":"L","timestamp":"2023-11-09 12:40:15"},{"nodeID":"1289084","text":"Analysing","type":"YA","timestamp":"2023-11-09 12:40:15"},{"nodeID":"1289085","text":"Louise: Fiona Bruce:  I get a pinning on my phone saying I have been in contact with someone who has reported symptoms of Coronavirus","type":"L","timestamp":"2023-11-09 12:40:15"},{"nodeID":"1289086","text":"Asserting","type":"YA","timestamp":"2023-11-09 12:40:15"},{"nodeID":"1289087","text":"Default Inference","type":"RA","timestamp":"2023-11-09 12:40:15"},{"nodeID":"1289088","text":"Default Transition","type":"TA","timestamp":"2023-11-09 12:40:15"},{"nodeID":"1289089","text":"Arguing","type":"YA","timestamp":"2023-11-09 12:40:15"},{"nodeID":"1289090","text":"xxx happens after someone gets a ping on their phone that they have been in contact with symptoms of Coronavirus","type":"I","timestamp":"2023-11-09 12:40:16"},{"nodeID":"1289091","text":"Fiona Bruce: What happens then","type":"L","timestamp":"2023-11-09 12:40:16"},{"nodeID":"1289092","text":"Analysing","type":"YA","timestamp":"2023-11-09 12:40:16"},{"nodeID":"1289093","text":"Louise: Fiona Bruce: What happens then","type":"L","timestamp":"2023-11-09 12:40:16"},{"nodeID":"1289094","text":"Pure Questioning","type":"YA","timestamp":"2023-11-09 12:40:16"},{"nodeID":"1289095","text":"Default Rephrase","type":"MA","timestamp":"2023-11-09 12:40:16"},{"nodeID":"1289096","text":"Default Transition","type":"TA","timestamp":"2023-11-09 12:40:16"},{"nodeID":"1289097","text":"Restating","type":"YA","timestamp":"2023-11-09 12:40:16"},{"nodeID":"1289098","text":"the track and trace app has been piloted  in the Isle of Wight","type":"I","timestamp":"2023-11-09 12:40:17"},{"nodeID":"1289099","text":"George Eustice: So it has been piloted, as you said, in the Isle of Wight","type":"L","timestamp":"2023-11-09 12:40:17"},{"nodeID":"1289100","text":"Analysing","type":"YA","timestamp":"2023-11-09 12:40:17"},{"nodeID":"1289101","text":"Louise: George Eustice: So it has been piloted, as you said, in the Isle of Wight","type":"L","timestamp":"2023-11-09 12:40:17"},{"nodeID":"1289102","text":"Asserting","type":"YA","timestamp":"2023-11-09 12:40:17"},{"nodeID":"1289103","text":"Default Rephrase","type":"MA","timestamp":"2023-11-09 12:40:17"},{"nodeID":"1289104","text":"Default Transition","type":"TA","timestamp":"2023-11-09 12:40:17"},{"nodeID":"1289105","text":"Restating","type":"YA","timestamp":"2023-11-09 12:40:17"},{"nodeID":"1289106","text":"George Eustice: The idea is people will go on to the app","type":"L","timestamp":"2023-11-09 12:40:17"},{"nodeID":"1289107","text":"Analysing","type":"YA","timestamp":"2023-11-09 12:40:17"},{"nodeID":"1289108","text":"Louise: George Eustice: The idea is people will go on to the app","type":"L","timestamp":"2023-11-09 12:40:17"},{"nodeID":"1289109","text":"Asserting","type":"YA","timestamp":"2023-11-09 12:40:17"},{"nodeID":"1289110","text":"they will enter their phone number and postcode and no other personal details by the way","type":"I","timestamp":"2023-11-09 12:40:17"},{"nodeID":"1289111","text":"George Eustice: They will enter their phone number and postcode and no other personal details by the way","type":"L","timestamp":"2023-11-09 12:40:17"},{"nodeID":"1289112","text":"Analysing","type":"YA","timestamp":"2023-11-09 12:40:17"},{"nodeID":"1289113","text":"Louise: George Eustice: They will enter their phone number and postcode and no other personal details by the way","type":"L","timestamp":"2023-11-09 12:40:17"},{"nodeID":"1289114","text":"Asserting","type":"YA","timestamp":"2023-11-09 12:40:17"},{"nodeID":"1289115","text":"Default Inference","type":"RA","timestamp":"2023-11-09 12:40:17"},{"nodeID":"1289116","text":"Default Transition","type":"TA","timestamp":"2023-11-09 12:40:17"},{"nodeID":"1289117","text":"Arguing","type":"YA","timestamp":"2023-11-09 12:40:17"},{"nodeID":"1289118","text":"Default Transition","type":"TA","timestamp":"2023-11-09 12:40:17"},{"nodeID":"1289119","text":"if their mobile phone is in contact for a certain length of time","type":"I","timestamp":"2023-11-09 12:40:18"},{"nodeID":"1289120","text":"George Eustice: If their mobile phone is in contact for a certain length of time","type":"L","timestamp":"2023-11-09 12:40:18"},{"nodeID":"1289121","text":"Analysing","type":"YA","timestamp":"2023-11-09 12:40:18"},{"nodeID":"1289122","text":"Louise: George Eustice: If their mobile phone is in contact for a certain length of time","type":"L","timestamp":"2023-11-09 12:40:18"},{"nodeID":"1289123","text":"Asserting","type":"YA","timestamp":"2023-11-09 12:40:18"},{"nodeID":"1289124","text":"Default Inference","type":"RA","timestamp":"2023-11-09 12:40:18"},{"nodeID":"1289125","text":"Default Transition","type":"TA","timestamp":"2023-11-09 12:40:18"},{"nodeID":"1289126","text":"Arguing","type":"YA","timestamp":"2023-11-09 12:40:18"},{"nodeID":"1289127","text":"mobile phones are being tried and piloted now with other mobile phones in that area","type":"I","timestamp":"2023-11-09 12:40:18"},{"nodeID":"1289128","text":"George Eustice: that's being tried and piloted now with other mobile phones in that area","type":"L","timestamp":"2023-11-09 12:40:18"},{"nodeID":"1289129","text":"Analysing","type":"YA","timestamp":"2023-11-09 12:40:18"},{"nodeID":"1289130","text":"Louise: George Eustice: that's being tried and piloted now with other mobile phones in that area","type":"L","timestamp":"2023-11-09 12:40:18"},{"nodeID":"1289131","text":"Asserting","type":"YA","timestamp":"2023-11-09 12:40:18"},{"nodeID":"1289132","text":"Default Inference","type":"RA","timestamp":"2023-11-09 12:40:18"},{"nodeID":"1289133","text":"Default Transition","type":"TA","timestamp":"2023-11-09 12:40:18"},{"nodeID":"1289134","text":"Arguing","type":"YA","timestamp":"2023-11-09 12:40:18"},{"nodeID":"1289135","text":"George Eustice: that person subsequently shows symptoms and reports those symptoms","type":"L","timestamp":"2023-11-09 12:40:18"},{"nodeID":"1289136","text":"Analysing","type":"YA","timestamp":"2023-11-09 12:40:18"},{"nodeID":"1289137","text":"Louise: George Eustice: that person subsequently shows symptoms and reports those symptoms","type":"L","timestamp":"2023-11-09 12:40:18"},{"nodeID":"1289138","text":"Asserting","type":"YA","timestamp":"2023-11-09 12:40:18"},{"nodeID":"1289139","text":"Default Inference","type":"RA","timestamp":"2023-11-09 12:40:18"},{"nodeID":"1289140","text":"Default Transition","type":"TA","timestamp":"2023-11-09 12:40:18"},{"nodeID":"1289141","text":"Arguing","type":"YA","timestamp":"2023-11-09 12:40:18"},{"nodeID":"1289142","text":"George Eustice: those other people who have been in close or regular contact with that person will receive a notification to say that someone who they were in close contact with has reported symptoms","type":"L","timestamp":"2023-11-09 12:40:18"},{"nodeID":"1289143","text":"Analysing","type":"YA","timestamp":"2023-11-09 12:40:18"},{"nodeID":"1289144","text":"Louise: George Eustice: those other people who have been in close or regular contact with that person will receive a notification to say that someone who they were in close contact with has reported symptoms","type":"L","timestamp":"2023-11-09 12:40:18"},{"nodeID":"1289145","text":"Asserting","type":"YA","timestamp":"2023-11-09 12:40:18"},{"nodeID":"1289146","text":"Default Transition","type":"TA","timestamp":"2023-11-09 12:40:18"},{"nodeID":"1289147","text":"Default Inference","type":"RA","timestamp":"2023-11-09 12:40:18"},{"nodeID":"1289148","text":"Arguing","type":"YA","timestamp":"2023-11-09 12:40:18"},{"nodeID":"1289149","text":"Default Rephrase","type":"MA","timestamp":"2023-11-09 12:40:18"},{"nodeID":"1289150","text":"Default Illocuting","type":"YA","timestamp":"2023-11-09 12:40:18"}],"edges":[{"edgeID":"1695428","fromID":"1289065","toID":"1289064","formEdgeID":null},{"edgeID":"1695429","fromID":"1289066","toID":"1289065","formEdgeID":null},{"edgeID":"1695430","fromID":"1289064","toID":"1289067","formEdgeID":null},{"edgeID":"1695431","fromID":"1289067","toID":"1289063","formEdgeID":null},{"edgeID":"1695432","fromID":"1289070","toID":"1289069","formEdgeID":null},{"edgeID":"1695433","fromID":"1289071","toID":"1289070","formEdgeID":null},{"edgeID":"1695434","fromID":"1289069","toID":"1289072","formEdgeID":null},{"edgeID":"1695435","fromID":"1289072","toID":"1289068","formEdgeID":null},{"edgeID":"1695436","fromID":"1289064","toID":"1289073","formEdgeID":null},{"edgeID":"1695437","fromID":"1289073","toID":"1289069","formEdgeID":null},{"edgeID":"1695438","fromID":"1289063","toID":"1289074","formEdgeID":null},{"edgeID":"1695439","fromID":"1289074","toID":"1289068","formEdgeID":null},{"edgeID":"1695440","fromID":"1289073","toID":"1289075","formEdgeID":null},{"edgeID":"1695441","fromID":"1289075","toID":"1289074","formEdgeID":null},{"edgeID":"1695442","fromID":"1289078","toID":"1289077","formEdgeID":null},{"edgeID":"1695443","fromID":"1289079","toID":"1289078","formEdgeID":null},{"edgeID":"1695444","fromID":"1289077","toID":"1289080","formEdgeID":null},{"edgeID":"1695445","fromID":"1289080","toID":"1289076","formEdgeID":null},{"edgeID":"1695446","fromID":"1289069","toID":"1289081","formEdgeID":null},{"edgeID":"1695447","fromID":"1289081","toID":"1289077","formEdgeID":null},{"edgeID":"1695448","fromID":"1289084","toID":"1289083","formEdgeID":null},{"edgeID":"1695449","fromID":"1289085","toID":"1289084","formEdgeID":null},{"edgeID":"1695450","fromID":"1289083","toID":"1289086","formEdgeID":null},{"edgeID":"1695451","fromID":"1289086","toID":"1289082","formEdgeID":null},{"edgeID":"1695452","fromID":"1289068","toID":"1289087","formEdgeID":null},{"edgeID":"1695453","fromID":"1289087","toID":"1289082","formEdgeID":null},{"edgeID":"1695454","fromID":"1289069","toID":"1289088","formEdgeID":null},{"edgeID":"1695455","fromID":"1289088","toID":"1289083","formEdgeID":null},{"edgeID":"1695456","fromID":"1289088","toID":"1289089","formEdgeID":null},{"edgeID":"1695457","fromID":"1289089","toID":"1289087","formEdgeID":null},{"edgeID":"1695458","fromID":"1289092","toID":"1289091","formEdgeID":null},{"edgeID":"1695459","fromID":"1289093","toID":"1289092","formEdgeID":null},{"edgeID":"1695460","fromID":"1289091","toID":"1289094","formEdgeID":null},{"edgeID":"1695461","fromID":"1289094","toID":"1289090","formEdgeID":null},{"edgeID":"1695462","fromID":"1289090","toID":"1289095","formEdgeID":null},{"edgeID":"1695463","fromID":"1289095","toID":"1289076","formEdgeID":null},{"edgeID":"1695464","fromID":"1289077","toID":"1289096","formEdgeID":null},{"edgeID":"1695465","fromID":"1289096","toID":"1289091","formEdgeID":null},{"edgeID":"1695466","fromID":"1289096","toID":"1289097","formEdgeID":null},{"edgeID":"1695467","fromID":"1289097","toID":"1289095","formEdgeID":null},{"edgeID":"1695468","fromID":"1289100","toID":"1289099","formEdgeID":null},{"edgeID":"1695469","fromID":"1289101","toID":"1289100","formEdgeID":null},{"edgeID":"1695470","fromID":"1289099","toID":"1289102","formEdgeID":null},{"edgeID":"1695471","fromID":"1289102","toID":"1289098","formEdgeID":null},{"edgeID":"1695472","fromID":"1289098","toID":"1289103","formEdgeID":null},{"edgeID":"1695473","fromID":"1289103","toID":"1289063","formEdgeID":null},{"edgeID":"1695474","fromID":"1289064","toID":"1289104","formEdgeID":null},{"edgeID":"1695475","fromID":"1289104","toID":"1289099","formEdgeID":null},{"edgeID":"1695476","fromID":"1289104","toID":"1289105","formEdgeID":null},{"edgeID":"1695477","fromID":"1289105","toID":"1289103","formEdgeID":null},{"edgeID":"1695478","fromID":"1289107","toID":"1289106","formEdgeID":null},{"edgeID":"1695479","fromID":"1289108","toID":"1289107","formEdgeID":null},{"edgeID":"1695480","fromID":"1289106","toID":"1289109","formEdgeID":null},{"edgeID":"1695481","fromID":"1289109","toID":"498855","formEdgeID":null},{"edgeID":"1695482","fromID":"1289112","toID":"1289111","formEdgeID":null},{"edgeID":"1695483","fromID":"1289113","toID":"1289112","formEdgeID":null},{"edgeID":"1695484","fromID":"1289111","toID":"1289114","formEdgeID":null},{"edgeID":"1695485","fromID":"1289114","toID":"1289110","formEdgeID":null},{"edgeID":"1695486","fromID":"498855","toID":"1289115","formEdgeID":null},{"edgeID":"1695487","fromID":"1289115","toID":"1289110","formEdgeID":null},{"edgeID":"1695488","fromID":"1289106","toID":"1289116","formEdgeID":null},{"edgeID":"1695489","fromID":"1289116","toID":"1289111","formEdgeID":null},{"edgeID":"1695490","fromID":"1289116","toID":"1289117","formEdgeID":null},{"edgeID":"1695491","fromID":"1289117","toID":"1289115","formEdgeID":null},{"edgeID":"1695492","fromID":"1289099","toID":"1289118","formEdgeID":null},{"edgeID":"1695493","fromID":"1289118","toID":"1289106","formEdgeID":null},{"edgeID":"1695494","fromID":"1289121","toID":"1289120","formEdgeID":null},{"edgeID":"1695495","fromID":"1289122","toID":"1289121","formEdgeID":null},{"edgeID":"1695496","fromID":"1289120","toID":"1289123","formEdgeID":null},{"edgeID":"1695497","fromID":"1289123","toID":"1289119","formEdgeID":null},{"edgeID":"1695498","fromID":"1289110","toID":"1289124","formEdgeID":null},{"edgeID":"1695499","fromID":"1289124","toID":"1289119","formEdgeID":null},{"edgeID":"1695500","fromID":"1289111","toID":"1289125","formEdgeID":null},{"edgeID":"1695501","fromID":"1289125","toID":"1289120","formEdgeID":null},{"edgeID":"1695502","fromID":"1289125","toID":"1289126","formEdgeID":null},{"edgeID":"1695503","fromID":"1289126","toID":"1289124","formEdgeID":null},{"edgeID":"1695504","fromID":"1289129","toID":"1289128","formEdgeID":null},{"edgeID":"1695505","fromID":"1289130","toID":"1289129","formEdgeID":null},{"edgeID":"1695506","fromID":"1289128","toID":"1289131","formEdgeID":null},{"edgeID":"1695507","fromID":"1289131","toID":"1289127","formEdgeID":null},{"edgeID":"1695508","fromID":"1289098","toID":"1289132","formEdgeID":null},{"edgeID":"1695509","fromID":"1289132","toID":"1289127","formEdgeID":null},{"edgeID":"1695510","fromID":"1289099","toID":"1289133","formEdgeID":null},{"edgeID":"1695511","fromID":"1289133","toID":"1289128","formEdgeID":null},{"edgeID":"1695512","fromID":"1289133","toID":"1289134","formEdgeID":null},{"edgeID":"1695513","fromID":"1289134","toID":"1289132","formEdgeID":null},{"edgeID":"1695514","fromID":"1289136","toID":"1289135","formEdgeID":null},{"edgeID":"1695515","fromID":"1289137","toID":"1289136","formEdgeID":null},{"edgeID":"1695516","fromID":"1289135","toID":"1289138","formEdgeID":null},{"edgeID":"1695517","fromID":"1289138","toID":"498878","formEdgeID":null},{"edgeID":"1695518","fromID":"1289119","toID":"1289139","formEdgeID":null},{"edgeID":"1695519","fromID":"1289139","toID":"498878","formEdgeID":null},{"edgeID":"1695520","fromID":"1289120","toID":"1289140","formEdgeID":null},{"edgeID":"1695521","fromID":"1289140","toID":"1289135","formEdgeID":null},{"edgeID":"1695522","fromID":"1289140","toID":"1289141","formEdgeID":null},{"edgeID":"1695523","fromID":"1289141","toID":"1289139","formEdgeID":null},{"edgeID":"1695524","fromID":"1289143","toID":"1289142","formEdgeID":null},{"edgeID":"1695525","fromID":"1289144","toID":"1289143","formEdgeID":null},{"edgeID":"1695526","fromID":"1289142","toID":"1289145","formEdgeID":null},{"edgeID":"1695527","fromID":"1289145","toID":"498882","formEdgeID":null},{"edgeID":"1695528","fromID":"1289135","toID":"1289146","formEdgeID":null},{"edgeID":"1695529","fromID":"1289146","toID":"1289142","formEdgeID":null},{"edgeID":"1695530","fromID":"498878","toID":"1289147","formEdgeID":null},{"edgeID":"1695531","fromID":"1289147","toID":"498882","formEdgeID":null},{"edgeID":"1695532","fromID":"1289146","toID":"1289148","formEdgeID":null},{"edgeID":"1695533","fromID":"1289148","toID":"1289147","formEdgeID":null},{"edgeID":"1695534","fromID":"498855","toID":"1289149","formEdgeID":null},{"edgeID":"1695535","fromID":"1289149","toID":"1289090","formEdgeID":null},{"edgeID":"1695536","fromID":"1289118","toID":"1289150","formEdgeID":null},{"edgeID":"1695537","fromID":"1289150","toID":"1289149","formEdgeID":null}],"locutions":[]}