{"nodes":[{"nodeID":"499236","text":"there might be a good idea to back another horse, which is the app that's being developed in Korea","type":"I","timestamp":"2020-05-14 20:27:31"},{"nodeID":"499496","text":"the app is an essential tool as we look at that tracing strategy now going forward","type":"I","timestamp":"2020-05-14 20:41:28"},{"nodeID":"1141270","text":"privacy issues seem to be going down a bit","type":"I","timestamp":"2023-04-11 19:20:50"},{"nodeID":"1141421","text":"we are in favour of using track and trace","type":"I","timestamp":"2023-04-11 19:22:26"},{"nodeID":"1141442","text":"we have been arguing a strategy on track and trace for some considerable time now","type":"I","timestamp":"2023-04-11 19:22:38"},{"nodeID":"1290182","text":"Juergen Maier has one final point he would just like to make","type":"I","timestamp":"2023-11-09 12:41:47"},{"nodeID":"1290183","text":"Analysing","type":"YA","timestamp":"2023-11-09 12:41:47"},{"nodeID":"1290184","text":"Kyle: Juergen Maier: One final point I would just like to make","type":"L","timestamp":"2023-11-09 12:41:47"},{"nodeID":"1290185","text":"Juergen Maier: One final point I would just like to make","type":"L","timestamp":"2023-11-09 12:41:47"},{"nodeID":"1290186","text":"Asserting","type":"YA","timestamp":"2023-11-09 12:41:47"},{"nodeID":"1290187","text":"what Juergen Maier is a a bit surprised about is that we are not learning from countries that are further ahead of track and trace development","type":"I","timestamp":"2023-11-09 12:41:48"},{"nodeID":"1290188","text":"Juergen Maier: What I am a bit surprised about is we are not learning from countries that are further ahead of this","type":"L","timestamp":"2023-11-09 12:41:48"},{"nodeID":"1290189","text":"Kyle: Juergen Maier: What I am a bit surprised about is we are not learning from countries that are further ahead of this","type":"L","timestamp":"2023-11-09 12:41:48"},{"nodeID":"1290190","text":"Analysing","type":"YA","timestamp":"2023-11-09 12:41:48"},{"nodeID":"1290191","text":"Asserting","type":"YA","timestamp":"2023-11-09 12:41:48"},{"nodeID":"1290192","text":"Default Transition","type":"TA","timestamp":"2023-11-09 12:41:48"},{"nodeID":"1290193","text":"Default Rephrase","type":"MA","timestamp":"2023-11-09 12:41:48"},{"nodeID":"1290194","text":"Restating","type":"YA","timestamp":"2023-11-09 12:41:48"},{"nodeID":"1290195","text":"other countries have already resolved some of these track and trace app problems","type":"I","timestamp":"2023-11-09 12:41:48"},{"nodeID":"1290196","text":"Analysing","type":"YA","timestamp":"2023-11-09 12:41:48"},{"nodeID":"1290197","text":"Kyle: Juergen Maier: They have already resolved some of these problems","type":"L","timestamp":"2023-11-09 12:41:48"},{"nodeID":"1290198","text":"Juergen Maier: They have already resolved some of these problems","type":"L","timestamp":"2023-11-09 12:41:48"},{"nodeID":"1290199","text":"Asserting","type":"YA","timestamp":"2023-11-09 12:41:48"},{"nodeID":"1290200","text":"Default Transition","type":"TA","timestamp":"2023-11-09 12:41:48"},{"nodeID":"1290201","text":"other countries have resolved some of the track and trace issues","type":"I","timestamp":"2023-11-09 12:41:49"},{"nodeID":"1290202","text":"Analysing","type":"YA","timestamp":"2023-11-09 12:41:49"},{"nodeID":"1290203","text":"Juergen Maier: They have resolved some","type":"L","timestamp":"2023-11-09 12:41:49"},{"nodeID":"1290204","text":"Kyle: Juergen Maier: They have resolved some","type":"L","timestamp":"2023-11-09 12:41:49"},{"nodeID":"1290205","text":"Asserting","type":"YA","timestamp":"2023-11-09 12:41:49"},{"nodeID":"1290206","text":"Default Transition","type":"TA","timestamp":"2023-11-09 12:41:49"},{"nodeID":"1290207","text":"Default Rephrase","type":"MA","timestamp":"2023-11-09 12:41:49"},{"nodeID":"1290208","text":"Restating","type":"YA","timestamp":"2023-11-09 12:41:49"},{"nodeID":"1290209","text":"Default Inference","type":"RA","timestamp":"2023-11-09 12:41:49"},{"nodeID":"1290210","text":"Arguing","type":"YA","timestamp":"2023-11-09 12:41:49"},{"nodeID":"1290211","text":"Juergen Maier: Privacy issues seem to be going down a bit","type":"L","timestamp":"2023-11-09 12:41:50"},{"nodeID":"1290212","text":"Kyle: Juergen Maier: Privacy issues seem to be going down a bit","type":"L","timestamp":"2023-11-09 12:41:50"},{"nodeID":"1290213","text":"Analysing","type":"YA","timestamp":"2023-11-09 12:41:50"},{"nodeID":"1290214","text":"Asserting","type":"YA","timestamp":"2023-11-09 12:41:50"},{"nodeID":"1290215","text":"Default Transition","type":"TA","timestamp":"2023-11-09 12:41:50"},{"nodeID":"1290216","text":"it's not the only strategy here","type":"I","timestamp":"2023-11-09 12:41:50"},{"nodeID":"1290217","text":"Juergen Maier: it's not the only strategy here","type":"L","timestamp":"2023-11-09 12:41:50"},{"nodeID":"1290218","text":"Analysing","type":"YA","timestamp":"2023-11-09 12:41:50"},{"nodeID":"1290219","text":"Kyle: Juergen Maier: it's not the only strategy here","type":"L","timestamp":"2023-11-09 12:41:50"},{"nodeID":"1290220","text":"Asserting","type":"YA","timestamp":"2023-11-09 12:41:50"},{"nodeID":"1290221","text":"Default Transition","type":"TA","timestamp":"2023-11-09 12:41:50"},{"nodeID":"1290222","text":"we suggest let's do our app trials in the Isle of Wight","type":"I","timestamp":"2023-11-09 12:41:51"},{"nodeID":"1290223","text":"Juergen Maier: We suggest let's do our trials in the Isle of Wight","type":"L","timestamp":"2023-11-09 12:41:51"},{"nodeID":"1290224","text":"Kyle: Juergen Maier: We suggest let's do our trials in the Isle of Wight","type":"L","timestamp":"2023-11-09 12:41:51"},{"nodeID":"1290225","text":"Analysing","type":"YA","timestamp":"2023-11-09 12:41:51"},{"nodeID":"1290226","text":"Asserting","type":"YA","timestamp":"2023-11-09 12:41:51"},{"nodeID":"1290227","text":"Default Transition","type":"TA","timestamp":"2023-11-09 12:41:51"},{"nodeID":"1290228","text":"Juergen Maier: there might be a good idea to back another horse, which is the app that's being developed in Korea","type":"L","timestamp":"2023-11-09 12:41:51"},{"nodeID":"1290229","text":"Analysing","type":"YA","timestamp":"2023-11-09 12:41:51"},{"nodeID":"1290230","text":"Kyle: Juergen Maier: there might be a good idea to back another horse, which is the app that's being developed in Korea","type":"L","timestamp":"2023-11-09 12:41:51"},{"nodeID":"1290231","text":"Asserting","type":"YA","timestamp":"2023-11-09 12:41:51"},{"nodeID":"1290232","text":"Default Transition","type":"TA","timestamp":"2023-11-09 12:41:51"},{"nodeID":"1290233","text":"Default Conflict","type":"CA","timestamp":"2023-11-09 12:41:51"},{"nodeID":"1290234","text":"Disagreeing","type":"YA","timestamp":"2023-11-09 12:41:51"},{"nodeID":"1290235","text":"the track and trace app being developed in Europe by Google and Apple","type":"I","timestamp":"2023-11-09 12:41:51"},{"nodeID":"1290236","text":"Analysing","type":"YA","timestamp":"2023-11-09 12:41:51"},{"nodeID":"1290237","text":"Juergen Maier: the one being developed in Europe by Google and Apple","type":"L","timestamp":"2023-11-09 12:41:51"},{"nodeID":"1290238","text":"Kyle: Juergen Maier: the one being developed in Europe by Google and Apple","type":"L","timestamp":"2023-11-09 12:41:51"},{"nodeID":"1290239","text":"Asserting","type":"YA","timestamp":"2023-11-09 12:41:51"},{"nodeID":"1290240","text":"Default Transition","type":"TA","timestamp":"2023-11-09 12:41:51"},{"nodeID":"1290241","text":"we have two potential track and trace apps","type":"I","timestamp":"2023-11-09 12:41:52"},{"nodeID":"1290242","text":"Analysing","type":"YA","timestamp":"2023-11-09 12:41:52"},{"nodeID":"1290243","text":"Kyle: Juergen Maier: we have two horses","type":"L","timestamp":"2023-11-09 12:41:52"},{"nodeID":"1290244","text":"Juergen Maier: we have two horses","type":"L","timestamp":"2023-11-09 12:41:52"},{"nodeID":"1290245","text":"Asserting","type":"YA","timestamp":"2023-11-09 12:41:52"},{"nodeID":"1290246","text":"Default Inference","type":"RA","timestamp":"2023-11-09 12:41:52"},{"nodeID":"1290247","text":"Default Transition","type":"TA","timestamp":"2023-11-09 12:41:52"},{"nodeID":"1290248","text":"Arguing","type":"YA","timestamp":"2023-11-09 12:41:52"},{"nodeID":"1290249","text":"we can get one of the track and trace apps to work very quickly","type":"I","timestamp":"2023-11-09 12:41:53"},{"nodeID":"1290250","text":"Kyle: Juergen Maier: we can get one of them to work very quickly","type":"L","timestamp":"2023-11-09 12:41:53"},{"nodeID":"1290251","text":"Analysing","type":"YA","timestamp":"2023-11-09 12:41:53"},{"nodeID":"1290252","text":"Juergen Maier: we can get one of them to work very quickly","type":"L","timestamp":"2023-11-09 12:41:53"},{"nodeID":"1290253","text":"Asserting","type":"YA","timestamp":"2023-11-09 12:41:53"},{"nodeID":"1290254","text":"Default Transition","type":"TA","timestamp":"2023-11-09 12:41:53"},{"nodeID":"1290255","text":"Default Inference","type":"RA","timestamp":"2023-11-09 12:41:53"},{"nodeID":"1290256","text":"Arguing","type":"YA","timestamp":"2023-11-09 12:41:53"},{"nodeID":"1290257","text":"we need to get a track and trace app online","type":"I","timestamp":"2023-11-09 12:41:53"},{"nodeID":"1290258","text":"Analysing","type":"YA","timestamp":"2023-11-09 12:41:53"},{"nodeID":"1290259","text":"Kyle: Juergen Maier: we need to","type":"L","timestamp":"2023-11-09 12:41:53"},{"nodeID":"1290260","text":"Juergen Maier: we need to","type":"L","timestamp":"2023-11-09 12:41:53"},{"nodeID":"1290261","text":"Asserting","type":"YA","timestamp":"2023-11-09 12:41:53"},{"nodeID":"1290262","text":"Default Transition","type":"TA","timestamp":"2023-11-09 12:41:53"},{"nodeID":"1290263","text":"Default Inference","type":"RA","timestamp":"2023-11-09 12:41:53"},{"nodeID":"1290264","text":"Arguing","type":"YA","timestamp":"2023-11-09 12:41:53"},{"nodeID":"1290265","text":"Nick Thomas-Symonds does or does not think we should be backing two track and trace apps","type":"I","timestamp":"2023-11-09 12:41:54"},{"nodeID":"1290266","text":"Kyle: Fiona Bruce: do you think we should be doing that","type":"L","timestamp":"2023-11-09 12:41:54"},{"nodeID":"1290267","text":"Analysing","type":"YA","timestamp":"2023-11-09 12:41:54"},{"nodeID":"1290268","text":"Fiona Bruce: do you think we should be doing that","type":"L","timestamp":"2023-11-09 12:41:54"},{"nodeID":"1290269","text":"Pure Questioning","type":"YA","timestamp":"2023-11-09 12:41:54"},{"nodeID":"1290270","text":"Default Transition","type":"TA","timestamp":"2023-11-09 12:41:54"},{"nodeID":"1290271","text":"Kyle: Nick Thomas-Symonds: we are in favour of using track and trace","type":"L","timestamp":"2023-11-09 12:41:55"},{"nodeID":"1290272","text":"Analysing","type":"YA","timestamp":"2023-11-09 12:41:55"},{"nodeID":"1290273","text":"Nick Thomas-Symonds: we are in favour of using track and trace","type":"L","timestamp":"2023-11-09 12:41:55"},{"nodeID":"1290274","text":"Asserting","type":"YA","timestamp":"2023-11-09 12:41:55"},{"nodeID":"1290275","text":"Default Rephrase","type":"MA","timestamp":"2023-11-09 12:41:55"},{"nodeID":"1290276","text":"Default Transition","type":"TA","timestamp":"2023-11-09 12:41:55"},{"nodeID":"1290277","text":"Default Illocuting","type":"YA","timestamp":"2023-11-09 12:41:55"},{"nodeID":"1290278","text":"Nick Thomas-Symonds: We have been arguing a strategy on this for some considerable time now","type":"L","timestamp":"2023-11-09 12:41:55"},{"nodeID":"1290279","text":"Analysing","type":"YA","timestamp":"2023-11-09 12:41:55"},{"nodeID":"1290280","text":"Kyle: Nick Thomas-Symonds: We have been arguing a strategy on this for some considerable time now","type":"L","timestamp":"2023-11-09 12:41:55"},{"nodeID":"1290281","text":"Asserting","type":"YA","timestamp":"2023-11-09 12:41:55"},{"nodeID":"1290282","text":"Default Transition","type":"TA","timestamp":"2023-11-09 12:41:55"},{"nodeID":"1290283","text":"the app is very much part of the track and trace strategy","type":"I","timestamp":"2023-11-09 12:41:56"},{"nodeID":"1290284","text":"Analysing","type":"YA","timestamp":"2023-11-09 12:41:56"},{"nodeID":"1290285","text":"Kyle: Nick Thomas-Symonds: the app is very much part of that","type":"L","timestamp":"2023-11-09 12:41:56"},{"nodeID":"1290286","text":"Nick Thomas-Symonds: the app is very much part of that","type":"L","timestamp":"2023-11-09 12:41:56"},{"nodeID":"1290287","text":"Asserting","type":"YA","timestamp":"2023-11-09 12:41:56"},{"nodeID":"1290288","text":"Default Inference","type":"RA","timestamp":"2023-11-09 12:41:56"},{"nodeID":"1290289","text":"Default Transition","type":"TA","timestamp":"2023-11-09 12:41:56"},{"nodeID":"1290290","text":"Arguing","type":"YA","timestamp":"2023-11-09 12:41:56"},{"nodeID":"1290291","text":"Nick Thomas-Symonds: it is an essential tool as we look at that tracing strategy now going forward","type":"L","timestamp":"2023-11-09 12:41:56"},{"nodeID":"1290292","text":"Analysing","type":"YA","timestamp":"2023-11-09 12:41:56"},{"nodeID":"1290293","text":"Kyle: Nick Thomas-Symonds: it is an essential tool as we look at that tracing strategy now going forward","type":"L","timestamp":"2023-11-09 12:41:56"},{"nodeID":"1290294","text":"Asserting","type":"YA","timestamp":"2023-11-09 12:41:56"},{"nodeID":"1290295","text":"Default Transition","type":"TA","timestamp":"2023-11-09 12:41:56"},{"nodeID":"1290296","text":"Default Rephrase","type":"MA","timestamp":"2023-11-09 12:41:56"},{"nodeID":"1290297","text":"Restating","type":"YA","timestamp":"2023-11-09 12:41:56"},{"nodeID":"1290298","text":"it is also true to say, though, the app is going to require oversight","type":"I","timestamp":"2023-11-09 12:41:56"},{"nodeID":"1290299","text":"Analysing","type":"YA","timestamp":"2023-11-09 12:41:56"},{"nodeID":"1290300","text":"Nick Thomas-Symonds: t is also true to say, though, it is going to require oversight","type":"L","timestamp":"2023-11-09 12:41:56"},{"nodeID":"1290301","text":"Kyle: Nick Thomas-Symonds: t is also true to say, though, it is going to require oversight","type":"L","timestamp":"2023-11-09 12:41:56"},{"nodeID":"1290302","text":"Asserting","type":"YA","timestamp":"2023-11-09 12:41:56"},{"nodeID":"1290303","text":"Default Conflict","type":"CA","timestamp":"2023-11-09 12:41:56"},{"nodeID":"1290304","text":"Default Transition","type":"TA","timestamp":"2023-11-09 12:41:56"},{"nodeID":"1290305","text":"Arguing","type":"YA","timestamp":"2023-11-09 12:41:56"}],"edges":[{"edgeID":"1696740","fromID":"1290184","toID":"1290183","formEdgeID":null},{"edgeID":"1696741","fromID":"1290183","toID":"1290185","formEdgeID":null},{"edgeID":"1696742","fromID":"1290186","toID":"1290182","formEdgeID":null},{"edgeID":"1696743","fromID":"1290185","toID":"1290186","formEdgeID":null},{"edgeID":"1696744","fromID":"1290189","toID":"1290190","formEdgeID":null},{"edgeID":"1696745","fromID":"1290190","toID":"1290188","formEdgeID":null},{"edgeID":"1696746","fromID":"1290191","toID":"1290187","formEdgeID":null},{"edgeID":"1696747","fromID":"1290188","toID":"1290191","formEdgeID":null},{"edgeID":"1696748","fromID":"1290192","toID":"1290188","formEdgeID":null},{"edgeID":"1696749","fromID":"1290185","toID":"1290192","formEdgeID":null},{"edgeID":"1696750","fromID":"1290187","toID":"1290193","formEdgeID":null},{"edgeID":"1696751","fromID":"1290193","toID":"1290182","formEdgeID":null},{"edgeID":"1696752","fromID":"1290192","toID":"1290194","formEdgeID":null},{"edgeID":"1696753","fromID":"1290194","toID":"1290193","formEdgeID":null},{"edgeID":"1696754","fromID":"1290197","toID":"1290196","formEdgeID":null},{"edgeID":"1696755","fromID":"1290196","toID":"1290198","formEdgeID":null},{"edgeID":"1696756","fromID":"1290198","toID":"1290199","formEdgeID":null},{"edgeID":"1696757","fromID":"1290199","toID":"1290195","formEdgeID":null},{"edgeID":"1696758","fromID":"1290188","toID":"1290200","formEdgeID":null},{"edgeID":"1696759","fromID":"1290200","toID":"1290198","formEdgeID":null},{"edgeID":"1696760","fromID":"1290202","toID":"1290203","formEdgeID":null},{"edgeID":"1696761","fromID":"1290204","toID":"1290202","formEdgeID":null},{"edgeID":"1696762","fromID":"1290205","toID":"1290201","formEdgeID":null},{"edgeID":"1696763","fromID":"1290203","toID":"1290205","formEdgeID":null},{"edgeID":"1696764","fromID":"1290198","toID":"1290206","formEdgeID":null},{"edgeID":"1696765","fromID":"1290206","toID":"1290203","formEdgeID":null},{"edgeID":"1696766","fromID":"1290201","toID":"1290207","formEdgeID":null},{"edgeID":"1696767","fromID":"1290207","toID":"1290195","formEdgeID":null},{"edgeID":"1696768","fromID":"1290206","toID":"1290208","formEdgeID":null},{"edgeID":"1696769","fromID":"1290208","toID":"1290207","formEdgeID":null},{"edgeID":"1696770","fromID":"1290209","toID":"1290187","formEdgeID":null},{"edgeID":"1696771","fromID":"1290195","toID":"1290209","formEdgeID":null},{"edgeID":"1696772","fromID":"1290200","toID":"1290210","formEdgeID":null},{"edgeID":"1696773","fromID":"1290210","toID":"1290209","formEdgeID":null},{"edgeID":"1696774","fromID":"1290212","toID":"1290213","formEdgeID":null},{"edgeID":"1696775","fromID":"1290213","toID":"1290211","formEdgeID":null},{"edgeID":"1696776","fromID":"1290211","toID":"1290214","formEdgeID":null},{"edgeID":"1696777","fromID":"1290214","toID":"1141270","formEdgeID":null},{"edgeID":"1696778","fromID":"1290215","toID":"1290211","formEdgeID":null},{"edgeID":"1696779","fromID":"1290203","toID":"1290215","formEdgeID":null},{"edgeID":"1696780","fromID":"1290218","toID":"1290217","formEdgeID":null},{"edgeID":"1696781","fromID":"1290219","toID":"1290218","formEdgeID":null},{"edgeID":"1696782","fromID":"1290220","toID":"1290216","formEdgeID":null},{"edgeID":"1696783","fromID":"1290217","toID":"1290220","formEdgeID":null},{"edgeID":"1696784","fromID":"1290221","toID":"1290217","formEdgeID":null},{"edgeID":"1696785","fromID":"1290211","toID":"1290221","formEdgeID":null},{"edgeID":"1696786","fromID":"1290225","toID":"1290223","formEdgeID":null},{"edgeID":"1696787","fromID":"1290224","toID":"1290225","formEdgeID":null},{"edgeID":"1696788","fromID":"1290223","toID":"1290226","formEdgeID":null},{"edgeID":"1696789","fromID":"1290226","toID":"1290222","formEdgeID":null},{"edgeID":"1696790","fromID":"1290217","toID":"1290227","formEdgeID":null},{"edgeID":"1696791","fromID":"1290227","toID":"1290223","formEdgeID":null},{"edgeID":"1696792","fromID":"1290229","toID":"1290228","formEdgeID":null},{"edgeID":"1696793","fromID":"1290230","toID":"1290229","formEdgeID":null},{"edgeID":"1696794","fromID":"1290231","toID":"499236","formEdgeID":null},{"edgeID":"1696795","fromID":"1290228","toID":"1290231","formEdgeID":null},{"edgeID":"1696796","fromID":"1290223","toID":"1290232","formEdgeID":null},{"edgeID":"1696797","fromID":"1290232","toID":"1290228","formEdgeID":null},{"edgeID":"1696798","fromID":"1290233","toID":"1290222","formEdgeID":null},{"edgeID":"1696799","fromID":"499236","toID":"1290233","formEdgeID":null},{"edgeID":"1696800","fromID":"1290232","toID":"1290234","formEdgeID":null},{"edgeID":"1696801","fromID":"1290234","toID":"1290233","formEdgeID":null},{"edgeID":"1696802","fromID":"1290238","toID":"1290236","formEdgeID":null},{"edgeID":"1696803","fromID":"1290236","toID":"1290237","formEdgeID":null},{"edgeID":"1696804","fromID":"1290237","toID":"1290239","formEdgeID":null},{"edgeID":"1696805","fromID":"1290239","toID":"1290235","formEdgeID":null},{"edgeID":"1696806","fromID":"1290240","toID":"1290237","formEdgeID":null},{"edgeID":"1696807","fromID":"1290228","toID":"1290240","formEdgeID":null},{"edgeID":"1696808","fromID":"1290242","toID":"1290244","formEdgeID":null},{"edgeID":"1696809","fromID":"1290243","toID":"1290242","formEdgeID":null},{"edgeID":"1696810","fromID":"1290245","toID":"1290241","formEdgeID":null},{"edgeID":"1696811","fromID":"1290244","toID":"1290245","formEdgeID":null},{"edgeID":"1696812","fromID":"1290246","toID":"1290241","formEdgeID":null},{"edgeID":"1696813","fromID":"499236","toID":"1290246","formEdgeID":null},{"edgeID":"1696814","fromID":"1290235","toID":"1290246","formEdgeID":null},{"edgeID":"1696815","fromID":"1290228","toID":"1290247","formEdgeID":null},{"edgeID":"1696816","fromID":"1290247","toID":"1290244","formEdgeID":null},{"edgeID":"1696817","fromID":"1290247","toID":"1290248","formEdgeID":null},{"edgeID":"1696818","fromID":"1290248","toID":"1290246","formEdgeID":null},{"edgeID":"1696819","fromID":"1290251","toID":"1290252","formEdgeID":null},{"edgeID":"1696820","fromID":"1290250","toID":"1290251","formEdgeID":null},{"edgeID":"1696821","fromID":"1290252","toID":"1290253","formEdgeID":null},{"edgeID":"1696822","fromID":"1290253","toID":"1290249","formEdgeID":null},{"edgeID":"1696823","fromID":"1290244","toID":"1290254","formEdgeID":null},{"edgeID":"1696824","fromID":"1290254","toID":"1290252","formEdgeID":null},{"edgeID":"1696825","fromID":"1290241","toID":"1290255","formEdgeID":null},{"edgeID":"1696826","fromID":"1290255","toID":"1290249","formEdgeID":null},{"edgeID":"1696827","fromID":"1290254","toID":"1290256","formEdgeID":null},{"edgeID":"1696828","fromID":"1290256","toID":"1290255","formEdgeID":null},{"edgeID":"1696829","fromID":"1290258","toID":"1290260","formEdgeID":null},{"edgeID":"1696830","fromID":"1290259","toID":"1290258","formEdgeID":null},{"edgeID":"1696831","fromID":"1290261","toID":"1290257","formEdgeID":null},{"edgeID":"1696832","fromID":"1290260","toID":"1290261","formEdgeID":null},{"edgeID":"1696833","fromID":"1290262","toID":"1290260","formEdgeID":null},{"edgeID":"1696834","fromID":"1290252","toID":"1290262","formEdgeID":null},{"edgeID":"1696835","fromID":"1290257","toID":"1290263","formEdgeID":null},{"edgeID":"1696836","fromID":"1290263","toID":"1290249","formEdgeID":null},{"edgeID":"1696837","fromID":"1290262","toID":"1290264","formEdgeID":null},{"edgeID":"1696838","fromID":"1290264","toID":"1290263","formEdgeID":null},{"edgeID":"1696839","fromID":"1290267","toID":"1290268","formEdgeID":null},{"edgeID":"1696840","fromID":"1290266","toID":"1290267","formEdgeID":null},{"edgeID":"1696841","fromID":"1290269","toID":"1290265","formEdgeID":null},{"edgeID":"1696842","fromID":"1290268","toID":"1290269","formEdgeID":null},{"edgeID":"1696843","fromID":"1290270","toID":"1290268","formEdgeID":null},{"edgeID":"1696844","fromID":"1290260","toID":"1290270","formEdgeID":null},{"edgeID":"1696845","fromID":"1290272","toID":"1290273","formEdgeID":null},{"edgeID":"1696846","fromID":"1290271","toID":"1290272","formEdgeID":null},{"edgeID":"1696847","fromID":"1290274","toID":"1141421","formEdgeID":null},{"edgeID":"1696848","fromID":"1290273","toID":"1290274","formEdgeID":null},{"edgeID":"1696849","fromID":"1290275","toID":"1290265","formEdgeID":null},{"edgeID":"1696850","fromID":"1141421","toID":"1290275","formEdgeID":null},{"edgeID":"1696851","fromID":"1290276","toID":"1290273","formEdgeID":null},{"edgeID":"1696852","fromID":"1290268","toID":"1290276","formEdgeID":null},{"edgeID":"1696853","fromID":"1290276","toID":"1290277","formEdgeID":null},{"edgeID":"1696854","fromID":"1290277","toID":"1290275","formEdgeID":null},{"edgeID":"1696855","fromID":"1290279","toID":"1290278","formEdgeID":null},{"edgeID":"1696856","fromID":"1290280","toID":"1290279","formEdgeID":null},{"edgeID":"1696857","fromID":"1290278","toID":"1290281","formEdgeID":null},{"edgeID":"1696858","fromID":"1290281","toID":"1141442","formEdgeID":null},{"edgeID":"1696859","fromID":"1290282","toID":"1290278","formEdgeID":null},{"edgeID":"1696860","fromID":"1290273","toID":"1290282","formEdgeID":null},{"edgeID":"1696861","fromID":"1290285","toID":"1290284","formEdgeID":null},{"edgeID":"1696862","fromID":"1290284","toID":"1290286","formEdgeID":null},{"edgeID":"1696863","fromID":"1290286","toID":"1290287","formEdgeID":null},{"edgeID":"1696864","fromID":"1290287","toID":"1290283","formEdgeID":null},{"edgeID":"1696865","fromID":"1290288","toID":"1141442","formEdgeID":null},{"edgeID":"1696866","fromID":"1290283","toID":"1290288","formEdgeID":null},{"edgeID":"1696867","fromID":"1290278","toID":"1290289","formEdgeID":null},{"edgeID":"1696868","fromID":"1290289","toID":"1290286","formEdgeID":null},{"edgeID":"1696869","fromID":"1290290","toID":"1290288","formEdgeID":null},{"edgeID":"1696870","fromID":"1290289","toID":"1290290","formEdgeID":null},{"edgeID":"1696871","fromID":"1290292","toID":"1290291","formEdgeID":null},{"edgeID":"1696872","fromID":"1290293","toID":"1290292","formEdgeID":null},{"edgeID":"1696873","fromID":"1290294","toID":"499496","formEdgeID":null},{"edgeID":"1696874","fromID":"1290291","toID":"1290294","formEdgeID":null},{"edgeID":"1696875","fromID":"1290286","toID":"1290295","formEdgeID":null},{"edgeID":"1696876","fromID":"1290295","toID":"1290291","formEdgeID":null},{"edgeID":"1696877","fromID":"1290296","toID":"1290283","formEdgeID":null},{"edgeID":"1696878","fromID":"499496","toID":"1290296","formEdgeID":null},{"edgeID":"1696879","fromID":"1290297","toID":"1290296","formEdgeID":null},{"edgeID":"1696880","fromID":"1290295","toID":"1290297","formEdgeID":null},{"edgeID":"1696881","fromID":"1290299","toID":"1290300","formEdgeID":null},{"edgeID":"1696882","fromID":"1290301","toID":"1290299","formEdgeID":null},{"edgeID":"1696883","fromID":"1290300","toID":"1290302","formEdgeID":null},{"edgeID":"1696884","fromID":"1290302","toID":"1290298","formEdgeID":null},{"edgeID":"1696885","fromID":"1290298","toID":"1290303","formEdgeID":null},{"edgeID":"1696886","fromID":"1290303","toID":"1290283","formEdgeID":null},{"edgeID":"1696887","fromID":"1290286","toID":"1290304","formEdgeID":null},{"edgeID":"1696888","fromID":"1290304","toID":"1290300","formEdgeID":null},{"edgeID":"1696889","fromID":"1290304","toID":"1290305","formEdgeID":null},{"edgeID":"1696890","fromID":"1290305","toID":"1290303","formEdgeID":null}],"locutions":[]}