{"nodes":[{"nodeID":"501905","text":"Scotland, Wales and Northern Ireland can do different things","type":"I","timestamp":"2020-05-14 21:42:37"},{"nodeID":"1290999","text":"there is a real dilemma here","type":"I","timestamp":"2023-11-09 12:42:54"},{"nodeID":"1291000","text":"Chris Hopson: There is a real dilemma here","type":"L","timestamp":"2023-11-09 12:42:54"},{"nodeID":"1291001","text":"Analysing","type":"YA","timestamp":"2023-11-09 12:42:54"},{"nodeID":"1291002","text":"Joanne: Chris Hopson: There is a real dilemma here","type":"L","timestamp":"2023-11-09 12:42:54"},{"nodeID":"1291003","text":"Asserting","type":"YA","timestamp":"2023-11-09 12:42:54"},{"nodeID":"1291004","text":"one of the things incredibly striking about talking to you is the degree in which it varies very much","type":"I","timestamp":"2023-11-09 12:42:55"},{"nodeID":"1291005","text":"Chris Hopson: One of the things incredibly striking about talking to you is the degree in which it varies very much","type":"L","timestamp":"2023-11-09 12:42:55"},{"nodeID":"1291006","text":"Analysing","type":"YA","timestamp":"2023-11-09 12:42:55"},{"nodeID":"1291007","text":"Joanne: Chris Hopson: One of the things incredibly striking about talking to you is the degree in which it varies very much","type":"L","timestamp":"2023-11-09 12:42:55"},{"nodeID":"1291008","text":"Asserting","type":"YA","timestamp":"2023-11-09 12:42:55"},{"nodeID":"1291009","text":"Default Transition","type":"TA","timestamp":"2023-11-09 12:42:55"},{"nodeID":"1291010","text":"Default Rephrase","type":"MA","timestamp":"2023-11-09 12:42:55"},{"nodeID":"1291011","text":"Restating","type":"YA","timestamp":"2023-11-09 12:42:55"},{"nodeID":"1291012","text":"talk to National Health Service Trust Chief Executives in London it has been really difficult","type":"I","timestamp":"2023-11-09 12:42:56"},{"nodeID":"1291013","text":"Chris Hopson: talk to Trust Chief Executives in London it has been really difficult","type":"L","timestamp":"2023-11-09 12:42:56"},{"nodeID":"1291014","text":"Analysing","type":"YA","timestamp":"2023-11-09 12:42:56"},{"nodeID":"1291015","text":"Joanne: Chris Hopson: talk to Trust Chief Executives in London it has been really difficult","type":"L","timestamp":"2023-11-09 12:42:56"},{"nodeID":"1291016","text":"Asserting","type":"YA","timestamp":"2023-11-09 12:42:56"},{"nodeID":"1291017","text":"Default Transition","type":"TA","timestamp":"2023-11-09 12:42:56"},{"nodeID":"1291018","text":"talk to those in the south where George Eustice's constituency is, they have said they have not experienced that level of demand they were expecting","type":"I","timestamp":"2023-11-09 12:42:56"},{"nodeID":"1291019","text":"Chris Hopson: talk to those in the south where George's constituency is, they have said they have not experienced that level of demand they were expecting","type":"L","timestamp":"2023-11-09 12:42:56"},{"nodeID":"1291020","text":"Analysing","type":"YA","timestamp":"2023-11-09 12:42:56"},{"nodeID":"1291021","text":"Joanne: Chris Hopson: talk to those in the south where George's constituency is, they have said they have not experienced that level of demand they were expecting","type":"L","timestamp":"2023-11-09 12:42:56"},{"nodeID":"1291022","text":"Asserting","type":"YA","timestamp":"2023-11-09 12:42:56"},{"nodeID":"1291023","text":"Default Transition","type":"TA","timestamp":"2023-11-09 12:42:56"},{"nodeID":"1291024","text":"Default Rephrase","type":"MA","timestamp":"2023-11-09 12:42:56"},{"nodeID":"1291025","text":"Default Rephrase","type":"MA","timestamp":"2023-11-09 12:42:56"},{"nodeID":"1291026","text":"Restating","type":"YA","timestamp":"2023-11-09 12:42:56"},{"nodeID":"1291027","text":"Restating","type":"YA","timestamp":"2023-11-09 12:42:56"},{"nodeID":"1291028","text":"we are missing which feels important to Chris Hopson one of the things about lockdown which is the consistent lack of national communications","type":"I","timestamp":"2023-11-09 12:42:57"},{"nodeID":"1291029","text":"Chris Hopson: we are missing which feels important to me is one of the things about lockdown which is the consistent lack of national communications","type":"L","timestamp":"2023-11-09 12:42:57"},{"nodeID":"1291030","text":"Analysing","type":"YA","timestamp":"2023-11-09 12:42:57"},{"nodeID":"1291031","text":"Joanne: Chris Hopson: we are missing which feels important to me is one of the things about lockdown which is the consistent lack of national communications","type":"L","timestamp":"2023-11-09 12:42:57"},{"nodeID":"1291032","text":"Asserting","type":"YA","timestamp":"2023-11-09 12:42:57"},{"nodeID":"1291033","text":"Default Transition","type":"TA","timestamp":"2023-11-09 12:42:57"},{"nodeID":"1291034","text":"we try to have different areas doing different things at different times","type":"I","timestamp":"2023-11-09 12:42:57"},{"nodeID":"1291035","text":"Chris Hopson: we try to have different areas doing different things at different times","type":"L","timestamp":"2023-11-09 12:42:57"},{"nodeID":"1291036","text":"Analysing","type":"YA","timestamp":"2023-11-09 12:42:57"},{"nodeID":"1291037","text":"Joanne: Chris Hopson: we try to have different areas doing different things at different times","type":"L","timestamp":"2023-11-09 12:42:57"},{"nodeID":"1291038","text":"Asserting","type":"YA","timestamp":"2023-11-09 12:42:57"},{"nodeID":"1291039","text":"it is already complicated enough as far as I am concerned in terms of what are you meant to be doing and not meant to be doing","type":"I","timestamp":"2023-11-09 12:42:58"},{"nodeID":"1291040","text":"Chris Hopson: it is already complicated enough as far as I am concerned in terms of what are you meant to be doing and not meant to be doing","type":"L","timestamp":"2023-11-09 12:42:58"},{"nodeID":"1291041","text":"Analysing","type":"YA","timestamp":"2023-11-09 12:42:58"},{"nodeID":"1291042","text":"Joanne: Chris Hopson: it is already complicated enough as far as I am concerned in terms of what are you meant to be doing and not meant to be doing","type":"L","timestamp":"2023-11-09 12:42:58"},{"nodeID":"1291043","text":"Asserting","type":"YA","timestamp":"2023-11-09 12:42:58"},{"nodeID":"1291044","text":"we have needed to be really, really clear about what it is we are meant to be doing and what we are not meant to be doing","type":"I","timestamp":"2023-11-09 12:42:59"},{"nodeID":"1291045","text":"Chris Hopson: We have needed to be really, really clear about what it is we are meant to be doing and what we are not meant to be doing","type":"L","timestamp":"2023-11-09 12:42:59"},{"nodeID":"1291046","text":"Analysing","type":"YA","timestamp":"2023-11-09 12:42:59"},{"nodeID":"1291047","text":"Joanne: Chris Hopson: We have needed to be really, really clear about what it is we are meant to be doing and what we are not meant to be doing","type":"L","timestamp":"2023-11-09 12:42:59"},{"nodeID":"1291048","text":"Asserting","type":"YA","timestamp":"2023-11-09 12:42:59"},{"nodeID":"1291049","text":"Default Transition","type":"TA","timestamp":"2023-11-09 12:42:59"},{"nodeID":"1291050","text":"Default Rephrase","type":"MA","timestamp":"2023-11-09 12:42:59"},{"nodeID":"1291051","text":"Default Transition","type":"TA","timestamp":"2023-11-09 12:42:59"},{"nodeID":"1291052","text":"this is a very strong argument to just be careful about splitting the country into different places that are trying to do different things at different points","type":"I","timestamp":"2023-11-09 12:42:59"},{"nodeID":"1291053","text":"Chris Hopson: this is a very strong argument to just be careful about splitting the country into different places that are trying to do different things at different points","type":"L","timestamp":"2023-11-09 12:42:59"},{"nodeID":"1291054","text":"Analysing","type":"YA","timestamp":"2023-11-09 12:42:59"},{"nodeID":"1291055","text":"Joanne: Chris Hopson: this is a very strong argument to just be careful about splitting the country into different places that are trying to do different things at different points","type":"L","timestamp":"2023-11-09 12:42:59"},{"nodeID":"1291056","text":"Asserting","type":"YA","timestamp":"2023-11-09 12:42:59"},{"nodeID":"1291057","text":"Restating","type":"YA","timestamp":"2023-11-09 12:42:59"},{"nodeID":"1291058","text":"Default Inference","type":"RA","timestamp":"2023-11-09 12:42:59"},{"nodeID":"1291059","text":"Default Transition","type":"TA","timestamp":"2023-11-09 12:42:59"},{"nodeID":"1291060","text":"Arguing","type":"YA","timestamp":"2023-11-09 12:42:59"},{"nodeID":"1291061","text":"Fiona Bruce: Scotland, Wales and Northern Ireland can do different things","type":"L","timestamp":"2023-11-09 12:42:59"},{"nodeID":"1291062","text":"Analysing","type":"YA","timestamp":"2023-11-09 12:42:59"},{"nodeID":"1291063","text":"Joanne: Fiona Bruce: Scotland, Wales and Northern Ireland can do different things","type":"L","timestamp":"2023-11-09 12:42:59"},{"nodeID":"1291064","text":"Asserting","type":"YA","timestamp":"2023-11-09 12:42:59"},{"nodeID":"1291065","text":"Default Transition","type":"TA","timestamp":"2023-11-09 12:42:59"},{"nodeID":"1291066","text":"Default Conflict","type":"CA","timestamp":"2023-11-09 12:42:59"},{"nodeID":"1291067","text":"Disagreeing","type":"YA","timestamp":"2023-11-09 12:42:59"},{"nodeID":"1291068","text":"Default Inference","type":"RA","timestamp":"2023-11-09 12:42:59"},{"nodeID":"1291069","text":"Default Transition","type":"TA","timestamp":"2023-11-09 12:42:59"},{"nodeID":"1291070","text":"Arguing","type":"YA","timestamp":"2023-11-09 12:42:59"}],"edges":[{"edgeID":"1697731","fromID":"1291001","toID":"1291000","formEdgeID":null},{"edgeID":"1697732","fromID":"1291002","toID":"1291001","formEdgeID":null},{"edgeID":"1697733","fromID":"1291000","toID":"1291003","formEdgeID":null},{"edgeID":"1697734","fromID":"1291003","toID":"1290999","formEdgeID":null},{"edgeID":"1697735","fromID":"1291006","toID":"1291005","formEdgeID":null},{"edgeID":"1697736","fromID":"1291007","toID":"1291006","formEdgeID":null},{"edgeID":"1697737","fromID":"1291005","toID":"1291008","formEdgeID":null},{"edgeID":"1697738","fromID":"1291008","toID":"1291004","formEdgeID":null},{"edgeID":"1697739","fromID":"1291000","toID":"1291009","formEdgeID":null},{"edgeID":"1697740","fromID":"1291009","toID":"1291005","formEdgeID":null},{"edgeID":"1697741","fromID":"1291004","toID":"1291010","formEdgeID":null},{"edgeID":"1697742","fromID":"1291010","toID":"1290999","formEdgeID":null},{"edgeID":"1697743","fromID":"1291009","toID":"1291011","formEdgeID":null},{"edgeID":"1697744","fromID":"1291011","toID":"1291010","formEdgeID":null},{"edgeID":"1697745","fromID":"1291014","toID":"1291013","formEdgeID":null},{"edgeID":"1697746","fromID":"1291015","toID":"1291014","formEdgeID":null},{"edgeID":"1697747","fromID":"1291013","toID":"1291016","formEdgeID":null},{"edgeID":"1697748","fromID":"1291016","toID":"1291012","formEdgeID":null},{"edgeID":"1697749","fromID":"1291005","toID":"1291017","formEdgeID":null},{"edgeID":"1697750","fromID":"1291017","toID":"1291013","formEdgeID":null},{"edgeID":"1697751","fromID":"1291020","toID":"1291019","formEdgeID":null},{"edgeID":"1697752","fromID":"1291021","toID":"1291020","formEdgeID":null},{"edgeID":"1697753","fromID":"1291019","toID":"1291022","formEdgeID":null},{"edgeID":"1697754","fromID":"1291022","toID":"1291018","formEdgeID":null},{"edgeID":"1697755","fromID":"1291013","toID":"1291023","formEdgeID":null},{"edgeID":"1697756","fromID":"1291023","toID":"1291019","formEdgeID":null},{"edgeID":"1697757","fromID":"1291012","toID":"1291024","formEdgeID":null},{"edgeID":"1697758","fromID":"1291024","toID":"1291004","formEdgeID":null},{"edgeID":"1697759","fromID":"1291018","toID":"1291025","formEdgeID":null},{"edgeID":"1697760","fromID":"1291025","toID":"1291004","formEdgeID":null},{"edgeID":"1697761","fromID":"1291017","toID":"1291026","formEdgeID":null},{"edgeID":"1697762","fromID":"1291026","toID":"1291024","formEdgeID":null},{"edgeID":"1697763","fromID":"1291023","toID":"1291027","formEdgeID":null},{"edgeID":"1697764","fromID":"1291027","toID":"1291025","formEdgeID":null},{"edgeID":"1697765","fromID":"1291030","toID":"1291029","formEdgeID":null},{"edgeID":"1697766","fromID":"1291031","toID":"1291030","formEdgeID":null},{"edgeID":"1697767","fromID":"1291029","toID":"1291032","formEdgeID":null},{"edgeID":"1697768","fromID":"1291032","toID":"1291028","formEdgeID":null},{"edgeID":"1697769","fromID":"1291019","toID":"1291033","formEdgeID":null},{"edgeID":"1697770","fromID":"1291033","toID":"1291029","formEdgeID":null},{"edgeID":"1697771","fromID":"1291036","toID":"1291035","formEdgeID":null},{"edgeID":"1697772","fromID":"1291037","toID":"1291036","formEdgeID":null},{"edgeID":"1697773","fromID":"1291035","toID":"1291038","formEdgeID":null},{"edgeID":"1697774","fromID":"1291038","toID":"1291034","formEdgeID":null},{"edgeID":"1697775","fromID":"1291041","toID":"1291040","formEdgeID":null},{"edgeID":"1697776","fromID":"1291042","toID":"1291041","formEdgeID":null},{"edgeID":"1697777","fromID":"1291040","toID":"1291043","formEdgeID":null},{"edgeID":"1697778","fromID":"1291043","toID":"1291039","formEdgeID":null},{"edgeID":"1697779","fromID":"1291046","toID":"1291045","formEdgeID":null},{"edgeID":"1697780","fromID":"1291047","toID":"1291046","formEdgeID":null},{"edgeID":"1697781","fromID":"1291045","toID":"1291048","formEdgeID":null},{"edgeID":"1697782","fromID":"1291048","toID":"1291044","formEdgeID":null},{"edgeID":"1697783","fromID":"1291045","toID":"1291049","formEdgeID":null},{"edgeID":"1697784","fromID":"1291049","toID":"1291035","formEdgeID":null},{"edgeID":"1697785","fromID":"1291039","toID":"1291050","formEdgeID":null},{"edgeID":"1697786","fromID":"1291050","toID":"1291044","formEdgeID":null},{"edgeID":"1697787","fromID":"1291045","toID":"1291051","formEdgeID":null},{"edgeID":"1697788","fromID":"1291051","toID":"1291040","formEdgeID":null},{"edgeID":"1697789","fromID":"1291054","toID":"1291053","formEdgeID":null},{"edgeID":"1697790","fromID":"1291055","toID":"1291054","formEdgeID":null},{"edgeID":"1697791","fromID":"1291053","toID":"1291056","formEdgeID":null},{"edgeID":"1697792","fromID":"1291056","toID":"1291052","formEdgeID":null},{"edgeID":"1697793","fromID":"1291051","toID":"1291057","formEdgeID":null},{"edgeID":"1697794","fromID":"1291057","toID":"1291050","formEdgeID":null},{"edgeID":"1697795","fromID":"1291044","toID":"1291058","formEdgeID":null},{"edgeID":"1697796","fromID":"1291058","toID":"1291052","formEdgeID":null},{"edgeID":"1697797","fromID":"1291045","toID":"1291059","formEdgeID":null},{"edgeID":"1697798","fromID":"1291059","toID":"1291053","formEdgeID":null},{"edgeID":"1697799","fromID":"1291059","toID":"1291060","formEdgeID":null},{"edgeID":"1697800","fromID":"1291060","toID":"1291058","formEdgeID":null},{"edgeID":"1697801","fromID":"1291062","toID":"1291061","formEdgeID":null},{"edgeID":"1697802","fromID":"1291063","toID":"1291062","formEdgeID":null},{"edgeID":"1697803","fromID":"1291061","toID":"1291064","formEdgeID":null},{"edgeID":"1697804","fromID":"1291064","toID":"501905","formEdgeID":null},{"edgeID":"1697805","fromID":"1291053","toID":"1291065","formEdgeID":null},{"edgeID":"1697806","fromID":"1291065","toID":"1291061","formEdgeID":null},{"edgeID":"1697807","fromID":"501905","toID":"1291066","formEdgeID":null},{"edgeID":"1697808","fromID":"1291066","toID":"1291052","formEdgeID":null},{"edgeID":"1697809","fromID":"1291065","toID":"1291067","formEdgeID":null},{"edgeID":"1697810","fromID":"1291067","toID":"1291066","formEdgeID":null},{"edgeID":"1697811","fromID":"1291028","toID":"1291068","formEdgeID":null},{"edgeID":"1697812","fromID":"1291068","toID":"1291034","formEdgeID":null},{"edgeID":"1697813","fromID":"1291029","toID":"1291069","formEdgeID":null},{"edgeID":"1697814","fromID":"1291069","toID":"1291035","formEdgeID":null},{"edgeID":"1697815","fromID":"1291069","toID":"1291070","formEdgeID":null},{"edgeID":"1697816","fromID":"1291070","toID":"1291068","formEdgeID":null}],"locutions":[]}