{"nodes":[{"nodeID":"500453","text":"hot desking is obviously the sharing of equipment","type":"I","timestamp":"2020-05-14 20:58:22"},{"nodeID":"500461","text":"these guidelines are going to have to be crystal clear so that we get a huge amount of confidence","type":"I","timestamp":"2020-05-14 20:58:24"},{"nodeID":"500465","text":"every company knows how to do risk assessments to keep people safe at work","type":"I","timestamp":"2020-05-14 20:58:24"},{"nodeID":"501791","text":"Nick Thomas-Symonds does or does not think the provisions that are put in place for employees should be legally binding","type":"I","timestamp":"2020-05-14 21:34:49"},{"nodeID":"501800","text":"you absolutely have to have a method of enforcement","type":"I","timestamp":"2020-05-14 21:34:50"},{"nodeID":"1291551","text":"one of the rules in offices will be that hot desking is not allowed","type":"I","timestamp":"2023-11-09 12:43:43"},{"nodeID":"1291552","text":"Juergen Maier: one of the rules in offices will be that hot desking is not allowed","type":"L","timestamp":"2023-11-09 12:43:43"},{"nodeID":"1291553","text":"Analysing","type":"YA","timestamp":"2023-11-09 12:43:43"},{"nodeID":"1291554","text":"chris: Juergen Maier: one of the rules in offices will be that hot desking is not allowed","type":"L","timestamp":"2023-11-09 12:43:43"},{"nodeID":"1291555","text":"Asserting","type":"YA","timestamp":"2023-11-09 12:43:43"},{"nodeID":"1291556","text":"Juergen Maier:  these guidelines are going to have to be crystal clear so that we get a huge amount of confidence","type":"L","timestamp":"2023-11-09 12:43:43"},{"nodeID":"1291557","text":"Analysing","type":"YA","timestamp":"2023-11-09 12:43:43"},{"nodeID":"1291558","text":"chris: Juergen Maier:  these guidelines are going to have to be crystal clear so that we get a huge amount of confidence","type":"L","timestamp":"2023-11-09 12:43:43"},{"nodeID":"1291559","text":"Asserting","type":"YA","timestamp":"2023-11-09 12:43:43"},{"nodeID":"1291560","text":"there also needs to be policing of the guidelines","type":"I","timestamp":"2023-11-09 12:43:44"},{"nodeID":"1291561","text":"Juergen Maier: There also needs to be policing of that","type":"L","timestamp":"2023-11-09 12:43:44"},{"nodeID":"1291562","text":"Analysing","type":"YA","timestamp":"2023-11-09 12:43:44"},{"nodeID":"1291563","text":"chris: Juergen Maier: There also needs to be policing of that","type":"L","timestamp":"2023-11-09 12:43:44"},{"nodeID":"1291564","text":"Asserting","type":"YA","timestamp":"2023-11-09 12:43:44"},{"nodeID":"1291565","text":"Default Transition","type":"TA","timestamp":"2023-11-09 12:43:44"},{"nodeID":"1291566","text":"we have ways to do it","type":"I","timestamp":"2023-11-09 12:43:45"},{"nodeID":"1291567","text":"Juergen Maier: We have ways to do it","type":"L","timestamp":"2023-11-09 12:43:45"},{"nodeID":"1291568","text":"Analysing","type":"YA","timestamp":"2023-11-09 12:43:45"},{"nodeID":"1291569","text":"chris: Juergen Maier: We have ways to do it","type":"L","timestamp":"2023-11-09 12:43:45"},{"nodeID":"1291570","text":"Asserting","type":"YA","timestamp":"2023-11-09 12:43:45"},{"nodeID":"1291571","text":"Default Transition","type":"TA","timestamp":"2023-11-09 12:43:45"},{"nodeID":"1291572","text":"Default Rephrase","type":"MA","timestamp":"2023-11-09 12:43:45"},{"nodeID":"1291573","text":"Restating","type":"YA","timestamp":"2023-11-09 12:43:45"},{"nodeID":"1291574","text":"Juergen Maier: Every company knows how to do risk assessments to keep people safe at work","type":"L","timestamp":"2023-11-09 12:43:45"},{"nodeID":"1291575","text":"Analysing","type":"YA","timestamp":"2023-11-09 12:43:45"},{"nodeID":"1291576","text":"chris: Juergen Maier: Every company knows how to do risk assessments to keep people safe at work","type":"L","timestamp":"2023-11-09 12:43:45"},{"nodeID":"1291577","text":"Asserting","type":"YA","timestamp":"2023-11-09 12:43:45"},{"nodeID":"1291578","text":"Default Rephrase","type":"MA","timestamp":"2023-11-09 12:43:45"},{"nodeID":"1291579","text":"Default Transition","type":"TA","timestamp":"2023-11-09 12:43:45"},{"nodeID":"1291580","text":"Restating","type":"YA","timestamp":"2023-11-09 12:43:45"},{"nodeID":"1291581","text":"the same rules apply here and we have a Health and Safety Executive which can help enforce that and make sure that they are working together with businesses and we are creating the right safe working environment","type":"I","timestamp":"2023-11-09 12:43:45"},{"nodeID":"1291582","text":"Juergen Maier: the same rules apply here and we have a Health and Safety Executive which can help enforce that and make sure that they are working together with businesses and we are creating the right safe working environment","type":"L","timestamp":"2023-11-09 12:43:45"},{"nodeID":"1291583","text":"Analysing","type":"YA","timestamp":"2023-11-09 12:43:45"},{"nodeID":"1291584","text":"chris: Juergen Maier: the same rules apply here and we have a Health and Safety Executive which can help enforce that and make sure that they are working together with businesses and we are creating the right safe working environment","type":"L","timestamp":"2023-11-09 12:43:45"},{"nodeID":"1291585","text":"Asserting","type":"YA","timestamp":"2023-11-09 12:43:45"},{"nodeID":"1291586","text":"Default Transition","type":"TA","timestamp":"2023-11-09 12:43:45"},{"nodeID":"1291587","text":"Default Rephrase","type":"MA","timestamp":"2023-11-09 12:43:45"},{"nodeID":"1291588","text":"Restating","type":"YA","timestamp":"2023-11-09 12:43:45"},{"nodeID":"1291589","text":"Fiona Bruce: Nick, do you think the provisions that are put in place for employees should be legally binding","type":"L","timestamp":"2023-11-09 12:43:45"},{"nodeID":"1291590","text":"Analysing","type":"YA","timestamp":"2023-11-09 12:43:45"},{"nodeID":"1291591","text":"chris: Fiona Bruce: Nick, do you think the provisions that are put in place for employees should be legally binding","type":"L","timestamp":"2023-11-09 12:43:45"},{"nodeID":"1291592","text":"Pure Questioning","type":"YA","timestamp":"2023-11-09 12:43:45"},{"nodeID":"1291593","text":"Default Transition","type":"TA","timestamp":"2023-11-09 12:43:45"},{"nodeID":"1291594","text":"the draft guidelines that have been suggested so far are not sufficiently precise","type":"I","timestamp":"2023-11-09 12:43:46"},{"nodeID":"1291595","text":"Nick Thomas-Symonds: I don't think the draft guidelines that have been suggested so far are sufficiently precise","type":"L","timestamp":"2023-11-09 12:43:46"},{"nodeID":"1291596","text":"Analysing","type":"YA","timestamp":"2023-11-09 12:43:46"},{"nodeID":"1291597","text":"chris: Nick Thomas-Symonds:  the draft guidelines that have been suggested so far are sufficiently precise","type":"L","timestamp":"2023-11-09 12:43:46"},{"nodeID":"1291598","text":"Asserting","type":"YA","timestamp":"2023-11-09 12:43:46"},{"nodeID":"1291599","text":"Default Transition","type":"TA","timestamp":"2023-11-09 12:43:46"},{"nodeID":"1291600","text":"Nick Thomas-Symonds:  you absolutely have to have a method of enforcement","type":"L","timestamp":"2023-11-09 12:43:46"},{"nodeID":"1291601","text":"Analysing","type":"YA","timestamp":"2023-11-09 12:43:46"},{"nodeID":"1291602","text":"chris: Nick Thomas-Symonds:  you absolutely have to have a method of enforcement","type":"L","timestamp":"2023-11-09 12:43:46"},{"nodeID":"1291603","text":"Asserting","type":"YA","timestamp":"2023-11-09 12:43:46"},{"nodeID":"1291604","text":"Default Transition","type":"TA","timestamp":"2023-11-09 12:43:46"},{"nodeID":"1291605","text":"Default Rephrase","type":"MA","timestamp":"2023-11-09 12:43:46"},{"nodeID":"1291606","text":"Default Illocuting","type":"YA","timestamp":"2023-11-09 12:43:46"},{"nodeID":"1291607","text":"we have been working for a national safety standard and putting that together with employers, with the employees and of course across political parties","type":"I","timestamp":"2023-11-09 12:43:46"},{"nodeID":"1291608","text":"Nick Thomas-Symonds: We have been working for a national safety standard and putting that together with employers, with the employees and of course across political parties","type":"L","timestamp":"2023-11-09 12:43:46"},{"nodeID":"1291609","text":"Analysing","type":"YA","timestamp":"2023-11-09 12:43:46"},{"nodeID":"1291610","text":"chris: Nick Thomas-Symonds: We have been working for a national safety standard and putting that together with employers, with the employees and of course across political parties","type":"L","timestamp":"2023-11-09 12:43:46"},{"nodeID":"1291611","text":"Asserting","type":"YA","timestamp":"2023-11-09 12:43:46"},{"nodeID":"1291612","text":"Default Transition","type":"TA","timestamp":"2023-11-09 12:43:46"},{"nodeID":"1291613","text":"so that everybody can have confidence, whether it is employers or employees","type":"I","timestamp":"2023-11-09 12:43:47"},{"nodeID":"1291614","text":"Nick Thomas-Symonds: so that everybody can have confidence, whether it is employers or employees","type":"L","timestamp":"2023-11-09 12:43:47"},{"nodeID":"1291615","text":"Analysing","type":"YA","timestamp":"2023-11-09 12:43:47"},{"nodeID":"1291616","text":"chris: Nick Thomas-Symonds: so that everybody can have confidence, whether it is employers or employees","type":"L","timestamp":"2023-11-09 12:43:47"},{"nodeID":"1291617","text":"Asserting","type":"YA","timestamp":"2023-11-09 12:43:47"},{"nodeID":"1291618","text":"Default Inference","type":"RA","timestamp":"2023-11-09 12:43:47"},{"nodeID":"1291619","text":"Default Transition","type":"TA","timestamp":"2023-11-09 12:43:47"},{"nodeID":"1291620","text":"Arguing","type":"YA","timestamp":"2023-11-09 12:43:47"},{"nodeID":"1291621","text":"Juergen Maier:  that is obviously the sharing of equipment","type":"L","timestamp":"2023-11-09 12:43:47"},{"nodeID":"1291622","text":"Analysing","type":"YA","timestamp":"2023-11-09 12:43:47"},{"nodeID":"1291623","text":"chris: Juergen Maier:  that is obviously the sharing of equipment","type":"L","timestamp":"2023-11-09 12:43:47"},{"nodeID":"1291624","text":"Asserting","type":"YA","timestamp":"2023-11-09 12:43:47"},{"nodeID":"1291625","text":"Default Transition","type":"TA","timestamp":"2023-11-09 12:43:47"},{"nodeID":"1291626","text":"Default Rephrase","type":"MA","timestamp":"2023-11-09 12:43:47"},{"nodeID":"1291627","text":"Restating","type":"YA","timestamp":"2023-11-09 12:43:47"},{"nodeID":"1291628","text":"if hot desking is used there would have to be a lot of sanitising in between","type":"I","timestamp":"2023-11-09 12:43:48"},{"nodeID":"1291629","text":"George Eustice:  there would have to be a lot of sanitising in between","type":"L","timestamp":"2023-11-09 12:43:48"},{"nodeID":"1291630","text":"Analysing","type":"YA","timestamp":"2023-11-09 12:43:48"},{"nodeID":"1291631","text":"chris: George Eustice:  there would have to be a lot of sanitising in between","type":"L","timestamp":"2023-11-09 12:43:48"},{"nodeID":"1291632","text":"Asserting","type":"YA","timestamp":"2023-11-09 12:43:48"},{"nodeID":"1291633","text":"Default Transition","type":"TA","timestamp":"2023-11-09 12:43:48"},{"nodeID":"1291634","text":"Default Transition","type":"TA","timestamp":"2023-11-09 12:43:48"},{"nodeID":"1291635","text":"Default Inference","type":"RA","timestamp":"2023-11-09 12:43:48"},{"nodeID":"1291636","text":"Arguing","type":"YA","timestamp":"2023-11-09 12:43:48"}],"edges":[{"edgeID":"1698376","fromID":"1291553","toID":"1291552","formEdgeID":null},{"edgeID":"1698377","fromID":"1291554","toID":"1291553","formEdgeID":null},{"edgeID":"1698378","fromID":"1291552","toID":"1291555","formEdgeID":null},{"edgeID":"1698379","fromID":"1291555","toID":"1291551","formEdgeID":null},{"edgeID":"1698380","fromID":"1291557","toID":"1291556","formEdgeID":null},{"edgeID":"1698381","fromID":"1291558","toID":"1291557","formEdgeID":null},{"edgeID":"1698382","fromID":"1291556","toID":"1291559","formEdgeID":null},{"edgeID":"1698383","fromID":"1291559","toID":"500461","formEdgeID":null},{"edgeID":"1698384","fromID":"1291562","toID":"1291561","formEdgeID":null},{"edgeID":"1698385","fromID":"1291563","toID":"1291562","formEdgeID":null},{"edgeID":"1698386","fromID":"1291561","toID":"1291564","formEdgeID":null},{"edgeID":"1698387","fromID":"1291564","toID":"1291560","formEdgeID":null},{"edgeID":"1698388","fromID":"1291556","toID":"1291565","formEdgeID":null},{"edgeID":"1698389","fromID":"1291565","toID":"1291561","formEdgeID":null},{"edgeID":"1698390","fromID":"1291568","toID":"1291567","formEdgeID":null},{"edgeID":"1698391","fromID":"1291569","toID":"1291568","formEdgeID":null},{"edgeID":"1698392","fromID":"1291567","toID":"1291570","formEdgeID":null},{"edgeID":"1698393","fromID":"1291570","toID":"1291566","formEdgeID":null},{"edgeID":"1698394","fromID":"1291561","toID":"1291571","formEdgeID":null},{"edgeID":"1698395","fromID":"1291571","toID":"1291567","formEdgeID":null},{"edgeID":"1698396","fromID":"1291566","toID":"1291572","formEdgeID":null},{"edgeID":"1698397","fromID":"1291572","toID":"1291560","formEdgeID":null},{"edgeID":"1698398","fromID":"1291571","toID":"1291573","formEdgeID":null},{"edgeID":"1698399","fromID":"1291573","toID":"1291572","formEdgeID":null},{"edgeID":"1698400","fromID":"1291575","toID":"1291574","formEdgeID":null},{"edgeID":"1698401","fromID":"1291576","toID":"1291575","formEdgeID":null},{"edgeID":"1698402","fromID":"1291574","toID":"1291577","formEdgeID":null},{"edgeID":"1698403","fromID":"1291577","toID":"500465","formEdgeID":null},{"edgeID":"1698404","fromID":"500465","toID":"1291578","formEdgeID":null},{"edgeID":"1698405","fromID":"1291578","toID":"1291566","formEdgeID":null},{"edgeID":"1698406","fromID":"1291567","toID":"1291579","formEdgeID":null},{"edgeID":"1698407","fromID":"1291579","toID":"1291574","formEdgeID":null},{"edgeID":"1698408","fromID":"1291579","toID":"1291580","formEdgeID":null},{"edgeID":"1698409","fromID":"1291580","toID":"1291578","formEdgeID":null},{"edgeID":"1698410","fromID":"1291583","toID":"1291582","formEdgeID":null},{"edgeID":"1698411","fromID":"1291584","toID":"1291583","formEdgeID":null},{"edgeID":"1698412","fromID":"1291582","toID":"1291585","formEdgeID":null},{"edgeID":"1698413","fromID":"1291585","toID":"1291581","formEdgeID":null},{"edgeID":"1698414","fromID":"1291574","toID":"1291586","formEdgeID":null},{"edgeID":"1698415","fromID":"1291586","toID":"1291582","formEdgeID":null},{"edgeID":"1698416","fromID":"1291581","toID":"1291587","formEdgeID":null},{"edgeID":"1698417","fromID":"1291587","toID":"500465","formEdgeID":null},{"edgeID":"1698418","fromID":"1291586","toID":"1291588","formEdgeID":null},{"edgeID":"1698419","fromID":"1291588","toID":"1291587","formEdgeID":null},{"edgeID":"1698420","fromID":"1291590","toID":"1291589","formEdgeID":null},{"edgeID":"1698421","fromID":"1291591","toID":"1291590","formEdgeID":null},{"edgeID":"1698422","fromID":"1291589","toID":"1291592","formEdgeID":null},{"edgeID":"1698423","fromID":"1291592","toID":"501791","formEdgeID":null},{"edgeID":"1698424","fromID":"1291582","toID":"1291593","formEdgeID":null},{"edgeID":"1698425","fromID":"1291593","toID":"1291589","formEdgeID":null},{"edgeID":"1698426","fromID":"1291596","toID":"1291595","formEdgeID":null},{"edgeID":"1698427","fromID":"1291597","toID":"1291596","formEdgeID":null},{"edgeID":"1698428","fromID":"1291595","toID":"1291598","formEdgeID":null},{"edgeID":"1698429","fromID":"1291598","toID":"1291594","formEdgeID":null},{"edgeID":"1698430","fromID":"1291589","toID":"1291599","formEdgeID":null},{"edgeID":"1698431","fromID":"1291599","toID":"1291595","formEdgeID":null},{"edgeID":"1698432","fromID":"1291601","toID":"1291600","formEdgeID":null},{"edgeID":"1698433","fromID":"1291602","toID":"1291601","formEdgeID":null},{"edgeID":"1698434","fromID":"1291600","toID":"1291603","formEdgeID":null},{"edgeID":"1698435","fromID":"1291603","toID":"501800","formEdgeID":null},{"edgeID":"1698436","fromID":"1291589","toID":"1291604","formEdgeID":null},{"edgeID":"1698437","fromID":"1291604","toID":"1291600","formEdgeID":null},{"edgeID":"1698438","fromID":"501800","toID":"1291605","formEdgeID":null},{"edgeID":"1698439","fromID":"1291605","toID":"501791","formEdgeID":null},{"edgeID":"1698440","fromID":"1291604","toID":"1291606","formEdgeID":null},{"edgeID":"1698441","fromID":"1291606","toID":"1291605","formEdgeID":null},{"edgeID":"1698442","fromID":"1291609","toID":"1291608","formEdgeID":null},{"edgeID":"1698443","fromID":"1291610","toID":"1291609","formEdgeID":null},{"edgeID":"1698444","fromID":"1291608","toID":"1291611","formEdgeID":null},{"edgeID":"1698445","fromID":"1291611","toID":"1291607","formEdgeID":null},{"edgeID":"1698446","fromID":"1291600","toID":"1291612","formEdgeID":null},{"edgeID":"1698447","fromID":"1291612","toID":"1291608","formEdgeID":null},{"edgeID":"1698448","fromID":"1291615","toID":"1291614","formEdgeID":null},{"edgeID":"1698449","fromID":"1291616","toID":"1291615","formEdgeID":null},{"edgeID":"1698450","fromID":"1291614","toID":"1291617","formEdgeID":null},{"edgeID":"1698451","fromID":"1291617","toID":"1291613","formEdgeID":null},{"edgeID":"1698452","fromID":"1291613","toID":"1291618","formEdgeID":null},{"edgeID":"1698453","fromID":"1291618","toID":"1291607","formEdgeID":null},{"edgeID":"1698454","fromID":"1291608","toID":"1291619","formEdgeID":null},{"edgeID":"1698455","fromID":"1291619","toID":"1291614","formEdgeID":null},{"edgeID":"1698456","fromID":"1291619","toID":"1291620","formEdgeID":null},{"edgeID":"1698457","fromID":"1291620","toID":"1291618","formEdgeID":null},{"edgeID":"1698458","fromID":"1291622","toID":"1291621","formEdgeID":null},{"edgeID":"1698459","fromID":"1291623","toID":"1291622","formEdgeID":null},{"edgeID":"1698460","fromID":"1291621","toID":"1291624","formEdgeID":null},{"edgeID":"1698461","fromID":"1291624","toID":"500453","formEdgeID":null},{"edgeID":"1698462","fromID":"1291552","toID":"1291625","formEdgeID":null},{"edgeID":"1698463","fromID":"1291625","toID":"1291621","formEdgeID":null},{"edgeID":"1698464","fromID":"500453","toID":"1291626","formEdgeID":null},{"edgeID":"1698465","fromID":"1291626","toID":"1291551","formEdgeID":null},{"edgeID":"1698466","fromID":"1291625","toID":"1291627","formEdgeID":null},{"edgeID":"1698467","fromID":"1291627","toID":"1291626","formEdgeID":null},{"edgeID":"1698468","fromID":"1291630","toID":"1291629","formEdgeID":null},{"edgeID":"1698469","fromID":"1291631","toID":"1291630","formEdgeID":null},{"edgeID":"1698470","fromID":"1291629","toID":"1291632","formEdgeID":null},{"edgeID":"1698471","fromID":"1291632","toID":"1291628","formEdgeID":null},{"edgeID":"1698472","fromID":"1291621","toID":"1291633","formEdgeID":null},{"edgeID":"1698473","fromID":"1291633","toID":"1291629","formEdgeID":null},{"edgeID":"1698474","fromID":"1291629","toID":"1291634","formEdgeID":null},{"edgeID":"1698475","fromID":"1291634","toID":"1291556","formEdgeID":null},{"edgeID":"1698476","fromID":"1291628","toID":"1291635","formEdgeID":null},{"edgeID":"1698477","fromID":"1291635","toID":"1291551","formEdgeID":null},{"edgeID":"1698478","fromID":"500453","toID":"1291635","formEdgeID":null},{"edgeID":"1698479","fromID":"1291633","toID":"1291636","formEdgeID":null},{"edgeID":"1698480","fromID":"1291636","toID":"1291635","formEdgeID":null}],"locutions":[]}