{"nodes":[{"nodeID":"499918","text":"if the app is going to work there are two or three things that need to happen","type":"I","timestamp":"2020-05-14 20:55:11"},{"nodeID":"1289580","text":"the tracking system only launched this morning","type":"I","timestamp":"2023-11-09 12:40:56"},{"nodeID":"1289581","text":"Fiona Bruce: it only launched this morning","type":"L","timestamp":"2023-11-09 12:40:56"},{"nodeID":"1289582","text":"Analysing","type":"YA","timestamp":"2023-11-09 12:40:56"},{"nodeID":"1289583","text":"Anon: Fiona Bruce: it only launched this morning","type":"L","timestamp":"2023-11-09 12:40:56"},{"nodeID":"1289584","text":"Asserting","type":"YA","timestamp":"2023-11-09 12:40:56"},{"nodeID":"1289585","text":"the take up has been xxx","type":"I","timestamp":"2023-11-09 12:40:57"},{"nodeID":"1289586","text":"Fiona Bruce: Do you know what the take up has been","type":"L","timestamp":"2023-11-09 12:40:57"},{"nodeID":"1289587","text":"Analysing","type":"YA","timestamp":"2023-11-09 12:40:57"},{"nodeID":"1289588","text":"Anon: Fiona Bruce: Do you know what the take up has been","type":"L","timestamp":"2023-11-09 12:40:57"},{"nodeID":"1289589","text":"Pure Questioning","type":"YA","timestamp":"2023-11-09 12:40:57"},{"nodeID":"1289590","text":"Default Transition","type":"TA","timestamp":"2023-11-09 12:40:57"},{"nodeID":"1289591","text":"Default Rephrase","type":"MA","timestamp":"2023-11-09 12:40:57"},{"nodeID":"1289592","text":"Restating","type":"YA","timestamp":"2023-11-09 12:40:57"},{"nodeID":"1289593","text":"George Eustice does not have that data yet","type":"I","timestamp":"2023-11-09 12:40:57"},{"nodeID":"1289594","text":"George Eustice: I don't have that data yet","type":"L","timestamp":"2023-11-09 12:40:57"},{"nodeID":"1289595","text":"Analysing","type":"YA","timestamp":"2023-11-09 12:40:57"},{"nodeID":"1289596","text":"Anon: George Eustice: I don't have that data yet","type":"L","timestamp":"2023-11-09 12:40:57"},{"nodeID":"1289597","text":"Asserting","type":"YA","timestamp":"2023-11-09 12:40:57"},{"nodeID":"1289598","text":"Default Transition","type":"TA","timestamp":"2023-11-09 12:40:57"},{"nodeID":"1289599","text":"Default Rephrase","type":"MA","timestamp":"2023-11-09 12:40:57"},{"nodeID":"1289600","text":"Default Illocuting","type":"YA","timestamp":"2023-11-09 12:40:57"},{"nodeID":"1289601","text":"the uptake is 20% so far","type":"I","timestamp":"2023-11-09 12:40:58"},{"nodeID":"1289602","text":"Chris Hopson: It is 20% so far","type":"L","timestamp":"2023-11-09 12:40:58"},{"nodeID":"1289603","text":"Analysing","type":"YA","timestamp":"2023-11-09 12:40:58"},{"nodeID":"1289604","text":"Anon: Chris Hopson: It is 20% so far","type":"L","timestamp":"2023-11-09 12:40:58"},{"nodeID":"1289605","text":"Asserting","type":"YA","timestamp":"2023-11-09 12:40:58"},{"nodeID":"1289606","text":"Default Rephrase","type":"MA","timestamp":"2023-11-09 12:40:58"},{"nodeID":"1289607","text":"Default Transition","type":"TA","timestamp":"2023-11-09 12:40:58"},{"nodeID":"1289608","text":"Default Illocuting","type":"YA","timestamp":"2023-11-09 12:40:58"},{"nodeID":"1289609","text":"Fiona Bruce: It is 20% so far","type":"L","timestamp":"2023-11-09 12:40:58"},{"nodeID":"1289610","text":"Analysing","type":"YA","timestamp":"2023-11-09 12:40:58"},{"nodeID":"1289611","text":"Anon: Fiona Bruce: It is 20% so far","type":"L","timestamp":"2023-11-09 12:40:58"},{"nodeID":"1289612","text":"Default Transition","type":"TA","timestamp":"2023-11-09 12:40:58"},{"nodeID":"1289613","text":"Agreeing","type":"YA","timestamp":"2023-11-09 12:40:58"},{"nodeID":"1289614","text":"Chris Hopson: If the app is going to work there are two or three things that need to happen","type":"L","timestamp":"2023-11-09 12:40:58"},{"nodeID":"1289615","text":"Analysing","type":"YA","timestamp":"2023-11-09 12:40:58"},{"nodeID":"1289616","text":"Anon: Chris Hopson: If the app is going to work there are two or three things that need to happen","type":"L","timestamp":"2023-11-09 12:40:58"},{"nodeID":"1289617","text":"Asserting","type":"YA","timestamp":"2023-11-09 12:40:58"},{"nodeID":"1289618","text":"Default Transition","type":"TA","timestamp":"2023-11-09 12:40:58"},{"nodeID":"1289619","text":"the app does need to work in terms of, for example, there are questions about how much battery power it pulls off an iPhone","type":"I","timestamp":"2023-11-09 12:40:58"},{"nodeID":"1289620","text":"Chris Hopson: it clearly does need to work in terms of, for example, there are questions about how much battery power it pulls off an iPhone","type":"L","timestamp":"2023-11-09 12:40:58"},{"nodeID":"1289621","text":"Analysing","type":"YA","timestamp":"2023-11-09 12:40:58"},{"nodeID":"1289622","text":"Anon: Chris Hopson: it clearly does need to work in terms of, for example, there are questions about how much battery power it pulls off an iPhone","type":"L","timestamp":"2023-11-09 12:40:58"},{"nodeID":"1289623","text":"Asserting","type":"YA","timestamp":"2023-11-09 12:40:58"},{"nodeID":"1289624","text":"Default Transition","type":"TA","timestamp":"2023-11-09 12:40:58"},{"nodeID":"1289625","text":"the app needs to be linked to the right track and tracing resource","type":"I","timestamp":"2023-11-09 12:40:59"},{"nodeID":"1289626","text":"Chris Hopson: it needs to be linked to the right track and tracing resource","type":"L","timestamp":"2023-11-09 12:40:59"},{"nodeID":"1289627","text":"Analysing","type":"YA","timestamp":"2023-11-09 12:40:59"},{"nodeID":"1289628","text":"Anon: Chris Hopson: it needs to be linked to the right track and tracing resource","type":"L","timestamp":"2023-11-09 12:40:59"},{"nodeID":"1289629","text":"Asserting","type":"YA","timestamp":"2023-11-09 12:40:59"},{"nodeID":"1289630","text":"Default Inference","type":"RA","timestamp":"2023-11-09 12:40:59"},{"nodeID":"1289631","text":"Default Transition","type":"TA","timestamp":"2023-11-09 12:40:59"},{"nodeID":"1289632","text":"Arguing","type":"YA","timestamp":"2023-11-09 12:40:59"},{"nodeID":"1289633","text":"if, for example, you have been in close contact with somebody, you will want to get a test very, very quickly","type":"I","timestamp":"2023-11-09 12:40:59"},{"nodeID":"1289634","text":"Chris Hopson: if, for example, you have been in close contact with somebody, you will want to get a test very, very quickly","type":"L","timestamp":"2023-11-09 12:40:59"},{"nodeID":"1289635","text":"Analysing","type":"YA","timestamp":"2023-11-09 12:40:59"},{"nodeID":"1289636","text":"Anon: Chris Hopson: if, for example, you have been in close contact with somebody, you will want to get a test very, very quickly","type":"L","timestamp":"2023-11-09 12:40:59"},{"nodeID":"1289637","text":"Asserting","type":"YA","timestamp":"2023-11-09 12:40:59"},{"nodeID":"1289638","text":"Default Transition","type":"TA","timestamp":"2023-11-09 12:40:59"},{"nodeID":"1289639","text":"Default Rephrase","type":"MA","timestamp":"2023-11-09 12:40:59"},{"nodeID":"1289640","text":"Restating","type":"YA","timestamp":"2023-11-09 12:40:59"},{"nodeID":"1289641","text":"one of the issues is by focusing, as we have done, on purely hitting that 100,000","type":"I","timestamp":"2023-11-09 12:41:00"},{"nodeID":"1289642","text":"Chris Hopson: One of the issues is by focusing, as we have done, on purely hitting that 100,000","type":"L","timestamp":"2023-11-09 12:41:00"},{"nodeID":"1289643","text":"Analysing","type":"YA","timestamp":"2023-11-09 12:41:00"},{"nodeID":"1289644","text":"Anon: Chris Hopson: One of the issues is by focusing, as we have done, on purely hitting that 100,000","type":"L","timestamp":"2023-11-09 12:41:00"},{"nodeID":"1289645","text":"Asserting","type":"YA","timestamp":"2023-11-09 12:41:00"},{"nodeID":"1289646","text":"Default Transition","type":"TA","timestamp":"2023-11-09 12:41:00"},{"nodeID":"1289647","text":"the government has focused on hitting that 100,000 target by April 30th","type":"I","timestamp":"2023-11-09 12:41:01"},{"nodeID":"1289648","text":"Chris Hopson: the government has done hitting that 100,000 target by April 30th","type":"L","timestamp":"2023-11-09 12:41:01"},{"nodeID":"1289649","text":"Analysing","type":"YA","timestamp":"2023-11-09 12:41:01"},{"nodeID":"1289650","text":"Anon: Chris Hopson: the government has done hitting that 100,000 target by April 30th","type":"L","timestamp":"2023-11-09 12:41:01"},{"nodeID":"1289651","text":"Asserting","type":"YA","timestamp":"2023-11-09 12:41:01"},{"nodeID":"1289652","text":"Default Transition","type":"TA","timestamp":"2023-11-09 12:41:01"},{"nodeID":"1289653","text":"Default Rephrase","type":"MA","timestamp":"2023-11-09 12:41:01"},{"nodeID":"1289654","text":"Restating","type":"YA","timestamp":"2023-11-09 12:41:01"},{"nodeID":"1289655","text":"we have not really quite got the geographic spread we need of testing","type":"I","timestamp":"2023-11-09 12:41:01"},{"nodeID":"1289656","text":"Chris Hopson: we have not really quite got the geographic spread we need of testing","type":"L","timestamp":"2023-11-09 12:41:01"},{"nodeID":"1289657","text":"Analysing","type":"YA","timestamp":"2023-11-09 12:41:01"},{"nodeID":"1289658","text":"Anon: Chris Hopson: we have not really quite got the geographic spread we need of testing","type":"L","timestamp":"2023-11-09 12:41:01"},{"nodeID":"1289659","text":"Asserting","type":"YA","timestamp":"2023-11-09 12:41:01"},{"nodeID":"1289660","text":"Default Transition","type":"TA","timestamp":"2023-11-09 12:41:01"},{"nodeID":"1289661","text":"Default Inference","type":"RA","timestamp":"2023-11-09 12:41:01"},{"nodeID":"1289662","text":"Arguing","type":"YA","timestamp":"2023-11-09 12:41:01"},{"nodeID":"1289663","text":"the geographic spread of testing will need to be ramped up","type":"I","timestamp":"2023-11-09 12:41:02"},{"nodeID":"1289664","text":"Chris Hopson: that will need to be ramped up","type":"L","timestamp":"2023-11-09 12:41:02"},{"nodeID":"1289665","text":"Analysing","type":"YA","timestamp":"2023-11-09 12:41:02"},{"nodeID":"1289666","text":"Anon: Chris Hopson: that will need to be ramped up","type":"L","timestamp":"2023-11-09 12:41:02"},{"nodeID":"1289667","text":"Asserting","type":"YA","timestamp":"2023-11-09 12:41:02"},{"nodeID":"1289668","text":"Default Inference","type":"RA","timestamp":"2023-11-09 12:41:02"},{"nodeID":"1289669","text":"Default Transition","type":"TA","timestamp":"2023-11-09 12:41:02"},{"nodeID":"1289670","text":"Arguing","type":"YA","timestamp":"2023-11-09 12:41:02"},{"nodeID":"1289671","text":"Chris Hopson has talked about staff members having to wait five days to get a test","type":"I","timestamp":"2023-11-09 12:41:02"},{"nodeID":"1289672","text":"Fiona Bruce: You have talked about staff members having to wait five days to get a test","type":"L","timestamp":"2023-11-09 12:41:02"},{"nodeID":"1289673","text":"Analysing","type":"YA","timestamp":"2023-11-09 12:41:02"},{"nodeID":"1289674","text":"Anon: Fiona Bruce: You have talked about staff members having to wait five days to get a test","type":"L","timestamp":"2023-11-09 12:41:02"},{"nodeID":"1289675","text":"Asserting","type":"YA","timestamp":"2023-11-09 12:41:02"},{"nodeID":"1289676","text":"Default Transition","type":"TA","timestamp":"2023-11-09 12:41:02"}],"edges":[{"edgeID":"1696037","fromID":"1289582","toID":"1289581","formEdgeID":null},{"edgeID":"1696038","fromID":"1289583","toID":"1289582","formEdgeID":null},{"edgeID":"1696039","fromID":"1289581","toID":"1289584","formEdgeID":null},{"edgeID":"1696040","fromID":"1289584","toID":"1289580","formEdgeID":null},{"edgeID":"1696041","fromID":"1289587","toID":"1289586","formEdgeID":null},{"edgeID":"1696042","fromID":"1289588","toID":"1289587","formEdgeID":null},{"edgeID":"1696043","fromID":"1289586","toID":"1289589","formEdgeID":null},{"edgeID":"1696044","fromID":"1289589","toID":"1289585","formEdgeID":null},{"edgeID":"1696045","fromID":"1289581","toID":"1289590","formEdgeID":null},{"edgeID":"1696046","fromID":"1289590","toID":"1289586","formEdgeID":null},{"edgeID":"1696047","fromID":"1289585","toID":"1289591","formEdgeID":null},{"edgeID":"1696048","fromID":"1289591","toID":"1289580","formEdgeID":null},{"edgeID":"1696049","fromID":"1289590","toID":"1289592","formEdgeID":null},{"edgeID":"1696050","fromID":"1289592","toID":"1289591","formEdgeID":null},{"edgeID":"1696051","fromID":"1289595","toID":"1289594","formEdgeID":null},{"edgeID":"1696052","fromID":"1289596","toID":"1289595","formEdgeID":null},{"edgeID":"1696053","fromID":"1289594","toID":"1289597","formEdgeID":null},{"edgeID":"1696054","fromID":"1289597","toID":"1289593","formEdgeID":null},{"edgeID":"1696055","fromID":"1289586","toID":"1289598","formEdgeID":null},{"edgeID":"1696056","fromID":"1289598","toID":"1289594","formEdgeID":null},{"edgeID":"1696057","fromID":"1289593","toID":"1289599","formEdgeID":null},{"edgeID":"1696058","fromID":"1289599","toID":"1289585","formEdgeID":null},{"edgeID":"1696059","fromID":"1289598","toID":"1289600","formEdgeID":null},{"edgeID":"1696060","fromID":"1289600","toID":"1289599","formEdgeID":null},{"edgeID":"1696061","fromID":"1289603","toID":"1289602","formEdgeID":null},{"edgeID":"1696062","fromID":"1289604","toID":"1289603","formEdgeID":null},{"edgeID":"1696063","fromID":"1289602","toID":"1289605","formEdgeID":null},{"edgeID":"1696064","fromID":"1289605","toID":"1289601","formEdgeID":null},{"edgeID":"1696065","fromID":"1289601","toID":"1289606","formEdgeID":null},{"edgeID":"1696066","fromID":"1289606","toID":"1289585","formEdgeID":null},{"edgeID":"1696067","fromID":"1289586","toID":"1289607","formEdgeID":null},{"edgeID":"1696068","fromID":"1289607","toID":"1289602","formEdgeID":null},{"edgeID":"1696069","fromID":"1289607","toID":"1289608","formEdgeID":null},{"edgeID":"1696070","fromID":"1289608","toID":"1289606","formEdgeID":null},{"edgeID":"1696071","fromID":"1289610","toID":"1289609","formEdgeID":null},{"edgeID":"1696072","fromID":"1289611","toID":"1289610","formEdgeID":null},{"edgeID":"1696073","fromID":"1289602","toID":"1289612","formEdgeID":null},{"edgeID":"1696074","fromID":"1289612","toID":"1289609","formEdgeID":null},{"edgeID":"1696075","fromID":"1289609","toID":"1289613","formEdgeID":null},{"edgeID":"1696076","fromID":"1289613","toID":"1289601","formEdgeID":null},{"edgeID":"1696077","fromID":"1289615","toID":"1289614","formEdgeID":null},{"edgeID":"1696078","fromID":"1289616","toID":"1289615","formEdgeID":null},{"edgeID":"1696079","fromID":"1289614","toID":"1289617","formEdgeID":null},{"edgeID":"1696080","fromID":"1289617","toID":"499918","formEdgeID":null},{"edgeID":"1696081","fromID":"1289609","toID":"1289618","formEdgeID":null},{"edgeID":"1696082","fromID":"1289618","toID":"1289614","formEdgeID":null},{"edgeID":"1696083","fromID":"1289621","toID":"1289620","formEdgeID":null},{"edgeID":"1696084","fromID":"1289622","toID":"1289621","formEdgeID":null},{"edgeID":"1696085","fromID":"1289620","toID":"1289623","formEdgeID":null},{"edgeID":"1696086","fromID":"1289623","toID":"1289619","formEdgeID":null},{"edgeID":"1696087","fromID":"1289614","toID":"1289624","formEdgeID":null},{"edgeID":"1696088","fromID":"1289624","toID":"1289620","formEdgeID":null},{"edgeID":"1696089","fromID":"1289627","toID":"1289626","formEdgeID":null},{"edgeID":"1696090","fromID":"1289628","toID":"1289627","formEdgeID":null},{"edgeID":"1696091","fromID":"1289626","toID":"1289629","formEdgeID":null},{"edgeID":"1696092","fromID":"1289629","toID":"1289625","formEdgeID":null},{"edgeID":"1696093","fromID":"1289619","toID":"1289630","formEdgeID":null},{"edgeID":"1696094","fromID":"1289630","toID":"499918","formEdgeID":null},{"edgeID":"1696095","fromID":"1289625","toID":"1289630","formEdgeID":null},{"edgeID":"1696096","fromID":"1289614","toID":"1289631","formEdgeID":null},{"edgeID":"1696097","fromID":"1289631","toID":"1289626","formEdgeID":null},{"edgeID":"1696098","fromID":"1289631","toID":"1289632","formEdgeID":null},{"edgeID":"1696099","fromID":"1289632","toID":"1289630","formEdgeID":null},{"edgeID":"1696100","fromID":"1289635","toID":"1289634","formEdgeID":null},{"edgeID":"1696101","fromID":"1289636","toID":"1289635","formEdgeID":null},{"edgeID":"1696102","fromID":"1289634","toID":"1289637","formEdgeID":null},{"edgeID":"1696103","fromID":"1289637","toID":"1289633","formEdgeID":null},{"edgeID":"1696104","fromID":"1289626","toID":"1289638","formEdgeID":null},{"edgeID":"1696105","fromID":"1289638","toID":"1289634","formEdgeID":null},{"edgeID":"1696106","fromID":"1289633","toID":"1289639","formEdgeID":null},{"edgeID":"1696107","fromID":"1289639","toID":"1289625","formEdgeID":null},{"edgeID":"1696108","fromID":"1289638","toID":"1289640","formEdgeID":null},{"edgeID":"1696109","fromID":"1289640","toID":"1289639","formEdgeID":null},{"edgeID":"1696110","fromID":"1289643","toID":"1289642","formEdgeID":null},{"edgeID":"1696111","fromID":"1289644","toID":"1289643","formEdgeID":null},{"edgeID":"1696112","fromID":"1289642","toID":"1289645","formEdgeID":null},{"edgeID":"1696113","fromID":"1289645","toID":"1289641","formEdgeID":null},{"edgeID":"1696114","fromID":"1289634","toID":"1289646","formEdgeID":null},{"edgeID":"1696115","fromID":"1289646","toID":"1289642","formEdgeID":null},{"edgeID":"1696116","fromID":"1289649","toID":"1289648","formEdgeID":null},{"edgeID":"1696117","fromID":"1289650","toID":"1289649","formEdgeID":null},{"edgeID":"1696118","fromID":"1289648","toID":"1289651","formEdgeID":null},{"edgeID":"1696119","fromID":"1289651","toID":"1289647","formEdgeID":null},{"edgeID":"1696120","fromID":"1289642","toID":"1289652","formEdgeID":null},{"edgeID":"1696121","fromID":"1289652","toID":"1289648","formEdgeID":null},{"edgeID":"1696122","fromID":"1289647","toID":"1289653","formEdgeID":null},{"edgeID":"1696123","fromID":"1289653","toID":"1289641","formEdgeID":null},{"edgeID":"1696124","fromID":"1289652","toID":"1289654","formEdgeID":null},{"edgeID":"1696125","fromID":"1289654","toID":"1289653","formEdgeID":null},{"edgeID":"1696126","fromID":"1289657","toID":"1289656","formEdgeID":null},{"edgeID":"1696127","fromID":"1289658","toID":"1289657","formEdgeID":null},{"edgeID":"1696128","fromID":"1289656","toID":"1289659","formEdgeID":null},{"edgeID":"1696129","fromID":"1289659","toID":"1289655","formEdgeID":null},{"edgeID":"1696130","fromID":"1289648","toID":"1289660","formEdgeID":null},{"edgeID":"1696131","fromID":"1289660","toID":"1289656","formEdgeID":null},{"edgeID":"1696132","fromID":"1289647","toID":"1289661","formEdgeID":null},{"edgeID":"1696133","fromID":"1289661","toID":"1289655","formEdgeID":null},{"edgeID":"1696134","fromID":"1289660","toID":"1289662","formEdgeID":null},{"edgeID":"1696135","fromID":"1289662","toID":"1289661","formEdgeID":null},{"edgeID":"1696136","fromID":"1289665","toID":"1289664","formEdgeID":null},{"edgeID":"1696137","fromID":"1289666","toID":"1289665","formEdgeID":null},{"edgeID":"1696138","fromID":"1289664","toID":"1289667","formEdgeID":null},{"edgeID":"1696139","fromID":"1289667","toID":"1289663","formEdgeID":null},{"edgeID":"1696140","fromID":"1289655","toID":"1289668","formEdgeID":null},{"edgeID":"1696141","fromID":"1289668","toID":"1289663","formEdgeID":null},{"edgeID":"1696142","fromID":"1289656","toID":"1289669","formEdgeID":null},{"edgeID":"1696143","fromID":"1289669","toID":"1289664","formEdgeID":null},{"edgeID":"1696144","fromID":"1289669","toID":"1289670","formEdgeID":null},{"edgeID":"1696145","fromID":"1289670","toID":"1289668","formEdgeID":null},{"edgeID":"1696146","fromID":"1289673","toID":"1289672","formEdgeID":null},{"edgeID":"1696147","fromID":"1289674","toID":"1289673","formEdgeID":null},{"edgeID":"1696148","fromID":"1289672","toID":"1289675","formEdgeID":null},{"edgeID":"1696149","fromID":"1289675","toID":"1289671","formEdgeID":null},{"edgeID":"1696150","fromID":"1289664","toID":"1289676","formEdgeID":null},{"edgeID":"1696151","fromID":"1289676","toID":"1289672","formEdgeID":null}],"locutions":[]}