{"nodes":[{"nodeID":"501727","text":"we are sadly going to have to live with this virus for some time","type":"I","timestamp":"2020-05-14 21:28:02"},{"nodeID":"501982","text":"the messaging wasn't quite clear enough","type":"I","timestamp":"2020-05-14 21:42:39"},{"nodeID":"502009","text":"as we come out we have to be together to help simplify the messaging","type":"I","timestamp":"2020-05-14 21:42:40"},{"nodeID":"502072","text":"the rules are the same for everybody","type":"I","timestamp":"2020-05-14 21:42:43"},{"nodeID":"502211","text":"what we need to do is we also need to say there is evidence that clearly black men are unfortunately more vulnerable in this situation","type":"I","timestamp":"2020-05-14 21:42:50"},{"nodeID":"1292926","text":"we are in this situation for the long haul","type":"I","timestamp":"2023-11-09 12:45:40"},{"nodeID":"1292927","text":"George Eustice: We were in this for the long haul","type":"L","timestamp":"2023-11-09 12:45:40"},{"nodeID":"1292928","text":"Ella: George Eustice: We were in this for the long haul","type":"L","timestamp":"2023-11-09 12:45:40"},{"nodeID":"1292929","text":"George Eustice: We are sadly going to have to live with this virus for some time","type":"L","timestamp":"2023-11-09 12:45:40"},{"nodeID":"1292930","text":"Ella: George Eustice: We are sadly going to have to live with this virus for some time","type":"L","timestamp":"2023-11-09 12:45:40"},{"nodeID":"1292931","text":"long-term living with COVID-19 means we are going to have a gradual approach to loosening some of these restrictions","type":"I","timestamp":"2023-11-09 12:45:40"},{"nodeID":"1292932","text":"George Eustice: That means we are going to have a gradual approach to loosening some of these restrictions","type":"L","timestamp":"2023-11-09 12:45:40"},{"nodeID":"1292933","text":"Ella: George Eustice: That means we are going to have a gradual approach to loosening some of these restrictions","type":"L","timestamp":"2023-11-09 12:45:40"},{"nodeID":"1292934","text":"xxx are the different ways of easing the restrictions depending on where you live","type":"I","timestamp":"2023-11-09 12:45:41"},{"nodeID":"1292935","text":"Fiona Bruce: Saskia is asking about different ways of easing the restrictions depending on where you live","type":"L","timestamp":"2023-11-09 12:45:41"},{"nodeID":"1292936","text":"Ella: Fiona Bruce: Saskia is asking about different ways of easing the restrictions depending on where you live","type":"L","timestamp":"2023-11-09 12:45:41"},{"nodeID":"1292937","text":"Unknown Speaker: xxx are the different ways of easing the restrictions depending on where you live","type":"L","timestamp":"2023-11-09 12:45:41"},{"nodeID":"1292938","text":"Ella: Unknown Speaker: xxx are the different ways of easing the restrictions depending on where you live","type":"L","timestamp":"2023-11-09 12:45:41"},{"nodeID":"1292939","text":"Juergen Maier very much agrees with Nick Thomas-Symonds on loosening restrictions","type":"I","timestamp":"2023-11-09 12:45:41"},{"nodeID":"1292940","text":"Juergen Maier: I am very much with Nick on this","type":"L","timestamp":"2023-11-09 12:45:41"},{"nodeID":"1292941","text":"Ella: Juergen Maier: I am very much with Nick on this","type":"L","timestamp":"2023-11-09 12:45:41"},{"nodeID":"1292942","text":"we went in it together","type":"I","timestamp":"2023-11-09 12:45:42"},{"nodeID":"1292943","text":"Juergen Maier: We went in it together","type":"L","timestamp":"2023-11-09 12:45:42"},{"nodeID":"1292944","text":"Ella: Juergen Maier: We went in it together","type":"L","timestamp":"2023-11-09 12:45:42"},{"nodeID":"1292945","text":"Juergen Maier: The messaging wasn't quite clear enough","type":"L","timestamp":"2023-11-09 12:45:42"},{"nodeID":"1292946","text":"Ella: Juergen Maier: The messaging wasn't quite clear enough","type":"L","timestamp":"2023-11-09 12:45:42"},{"nodeID":"1292947","text":"Juergen Maier: as we come out we have to be together to help simplify the messaging","type":"L","timestamp":"2023-11-09 12:45:42"},{"nodeID":"1292948","text":"Ella: Juergen Maier: as we come out we have to be together to help simplify the messaging","type":"L","timestamp":"2023-11-09 12:45:42"},{"nodeID":"1292949","text":"we can also then have different interventions in different parts of the country","type":"I","timestamp":"2023-11-09 12:45:43"},{"nodeID":"1292950","text":"Juergen Maier: we can't then have different interventions in different parts of the country","type":"L","timestamp":"2023-11-09 12:45:43"},{"nodeID":"1292951","text":"Ella: Juergen Maier: we can't then have different interventions in different parts of the country","type":"L","timestamp":"2023-11-09 12:45:43"},{"nodeID":"1292952","text":"Juergen Maier: the rules are the same for everybody","type":"L","timestamp":"2023-11-09 12:45:43"},{"nodeID":"1292953","text":"Ella: Juergen Maier: the rules are the same for everybody","type":"L","timestamp":"2023-11-09 12:45:43"},{"nodeID":"1292954","text":"Newcastle is where you move more testing capacity","type":"I","timestamp":"2023-11-09 12:45:43"},{"nodeID":"1292955","text":"Juergen Maier: that is where you move more testing capacity","type":"L","timestamp":"2023-11-09 12:45:43"},{"nodeID":"1292956","text":"Ella: Juergen Maier: that is where you move more testing capacity","type":"L","timestamp":"2023-11-09 12:45:43"},{"nodeID":"1292957","text":"Newcastle is where you move more of the track and tracers","type":"I","timestamp":"2023-11-09 12:45:44"},{"nodeID":"1292958","text":"Juergen Maier: That is where you move more of the track and tracers","type":"L","timestamp":"2023-11-09 12:45:44"},{"nodeID":"1292959","text":"Ella: Juergen Maier: That is where you move more of the track and tracers","type":"L","timestamp":"2023-11-09 12:45:44"},{"nodeID":"1292960","text":"Juergen Maier: what we need to do is we also need to say there is evidence that clearly black men are unfortunately more vulnerable in this situation","type":"L","timestamp":"2023-11-09 12:45:44"},{"nodeID":"1292961","text":"Ella: Juergen Maier: what we need to do is we also need to say there is evidence that clearly black men are unfortunately more vulnerable in this situation","type":"L","timestamp":"2023-11-09 12:45:44"},{"nodeID":"1292962","text":"we need to be much more supportive to black men and make testing available to black men and make sure we have got those early interventions","type":"I","timestamp":"2023-11-09 12:45:44"},{"nodeID":"1292963","text":"Juergen Maier: we need to be much more supportive to black men and make testing available to black men and make sure we have got those early interventions","type":"L","timestamp":"2023-11-09 12:45:44"},{"nodeID":"1292964","text":"Ella: Juergen Maier: we need to be much more supportive to black men and make testing available to black men and make sure we have got those early interventions","type":"L","timestamp":"2023-11-09 12:45:44"},{"nodeID":"1292965","text":"we need to be more supportive of black men until we get to the point where we have got another science to understand why this is really happening","type":"I","timestamp":"2023-11-09 12:45:45"},{"nodeID":"1292966","text":"Juergen Maier: until we get to the point where we have got another science to understand why this is really happening","type":"L","timestamp":"2023-11-09 12:45:45"},{"nodeID":"1292967","text":"Ella: Juergen Maier: until we get to the point where we have got another science to understand why this is really happening","type":"L","timestamp":"2023-11-09 12:45:45"},{"nodeID":"1292968","text":"in Newcastle, you do have a flare-up","type":"I","timestamp":"2023-11-09 12:45:46"},{"nodeID":"1292969","text":"Juergen Maier: in Newcastle, which was the example that was used, you do have a flare-up,","type":"L","timestamp":"2023-11-09 12:45:46"},{"nodeID":"1292970","text":"Ella: Juergen Maier: in Newcastle, which was the example that was used, you do have a flare-up,","type":"L","timestamp":"2023-11-09 12:45:46"},{"nodeID":"1292971","text":"Newcastle was the example that was used","type":"I","timestamp":"2023-11-09 12:45:46"},{"nodeID":"1292972","text":"Juergen Maier: was the example that was used","type":"L","timestamp":"2023-11-09 12:45:46"},{"nodeID":"1292973","text":"Ella: Juergen Maier: was the example that was used","type":"L","timestamp":"2023-11-09 12:45:46"},{"nodeID":"1292974","text":"Analysing","type":"YA","timestamp":"2023-11-09 12:45:46"},{"nodeID":"1292975","text":"Asserting","type":"YA","timestamp":"2023-11-09 12:45:46"},{"nodeID":"1292976","text":"Analysing","type":"YA","timestamp":"2023-11-09 12:45:46"},{"nodeID":"1292977","text":"Asserting","type":"YA","timestamp":"2023-11-09 12:45:46"},{"nodeID":"1292978","text":"Analysing","type":"YA","timestamp":"2023-11-09 12:45:46"},{"nodeID":"1292979","text":"Asserting","type":"YA","timestamp":"2023-11-09 12:45:46"},{"nodeID":"1292980","text":"Default Transition","type":"TA","timestamp":"2023-11-09 12:45:46"},{"nodeID":"1292981","text":"Default Transition","type":"TA","timestamp":"2023-11-09 12:45:46"},{"nodeID":"1292982","text":"Default Inference","type":"RA","timestamp":"2023-11-09 12:45:46"},{"nodeID":"1292983","text":"Arguing","type":"YA","timestamp":"2023-11-09 12:45:46"},{"nodeID":"1292984","text":"Analysing","type":"YA","timestamp":"2023-11-09 12:45:46"},{"nodeID":"1292985","text":"Default Transition","type":"TA","timestamp":"2023-11-09 12:45:46"},{"nodeID":"1292986","text":"Analysing","type":"YA","timestamp":"2023-11-09 12:45:46"},{"nodeID":"1292987","text":"Pure Questioning","type":"YA","timestamp":"2023-11-09 12:45:46"},{"nodeID":"1292988","text":"Asserting","type":"YA","timestamp":"2023-11-09 12:45:46"},{"nodeID":"1292989","text":"Analysing","type":"YA","timestamp":"2023-11-09 12:45:46"},{"nodeID":"1292990","text":"Asserting","type":"YA","timestamp":"2023-11-09 12:45:46"},{"nodeID":"1292991","text":"Analysing","type":"YA","timestamp":"2023-11-09 12:45:46"},{"nodeID":"1292992","text":"Asserting","type":"YA","timestamp":"2023-11-09 12:45:46"},{"nodeID":"1292993","text":"Analysing","type":"YA","timestamp":"2023-11-09 12:45:46"},{"nodeID":"1292994","text":"Asserting","type":"YA","timestamp":"2023-11-09 12:45:46"},{"nodeID":"1292995","text":"Analysing","type":"YA","timestamp":"2023-11-09 12:45:46"},{"nodeID":"1292996","text":"Asserting","type":"YA","timestamp":"2023-11-09 12:45:46"},{"nodeID":"1292997","text":"Analysing","type":"YA","timestamp":"2023-11-09 12:45:46"},{"nodeID":"1292998","text":"Asserting","type":"YA","timestamp":"2023-11-09 12:45:46"},{"nodeID":"1292999","text":"Default Transition","type":"TA","timestamp":"2023-11-09 12:45:46"},{"nodeID":"1293000","text":"Default Transition","type":"TA","timestamp":"2023-11-09 12:45:46"},{"nodeID":"1293001","text":"Default Transition","type":"TA","timestamp":"2023-11-09 12:45:46"},{"nodeID":"1293002","text":"Default Transition","type":"TA","timestamp":"2023-11-09 12:45:46"},{"nodeID":"1293003","text":"Default Transition","type":"TA","timestamp":"2023-11-09 12:45:46"},{"nodeID":"1293004","text":"Default Inference","type":"RA","timestamp":"2023-11-09 12:45:46"},{"nodeID":"1293005","text":"Arguing","type":"YA","timestamp":"2023-11-09 12:45:46"},{"nodeID":"1293006","text":"Default Conflict","type":"CA","timestamp":"2023-11-09 12:45:46"},{"nodeID":"1293007","text":"Disagreeing","type":"YA","timestamp":"2023-11-09 12:45:46"},{"nodeID":"1293008","text":"Analysing","type":"YA","timestamp":"2023-11-09 12:45:46"},{"nodeID":"1293009","text":"Asserting","type":"YA","timestamp":"2023-11-09 12:45:46"},{"nodeID":"1293010","text":"Default Transition","type":"TA","timestamp":"2023-11-09 12:45:46"},{"nodeID":"1293011","text":"Analysing","type":"YA","timestamp":"2023-11-09 12:45:46"},{"nodeID":"1293012","text":"Asserting","type":"YA","timestamp":"2023-11-09 12:45:46"},{"nodeID":"1293013","text":"Analysing","type":"YA","timestamp":"2023-11-09 12:45:46"},{"nodeID":"1293014","text":"Asserting","type":"YA","timestamp":"2023-11-09 12:45:46"},{"nodeID":"1293015","text":"Default Rephrase","type":"MA","timestamp":"2023-11-09 12:45:46"},{"nodeID":"1293016","text":"Default Transition","type":"TA","timestamp":"2023-11-09 12:45:46"},{"nodeID":"1293017","text":"Restating","type":"YA","timestamp":"2023-11-09 12:45:46"},{"nodeID":"1293018","text":"Analysing","type":"YA","timestamp":"2023-11-09 12:45:46"},{"nodeID":"1293019","text":"Asserting","type":"YA","timestamp":"2023-11-09 12:45:46"},{"nodeID":"1293020","text":"Analysing","type":"YA","timestamp":"2023-11-09 12:45:46"},{"nodeID":"1293021","text":"Asserting","type":"YA","timestamp":"2023-11-09 12:45:46"},{"nodeID":"1293022","text":"Analysing","type":"YA","timestamp":"2023-11-09 12:45:46"},{"nodeID":"1293023","text":"Asserting","type":"YA","timestamp":"2023-11-09 12:45:46"},{"nodeID":"1293024","text":"Default Transition","type":"TA","timestamp":"2023-11-09 12:45:46"},{"nodeID":"1293025","text":"Default Rephrase","type":"MA","timestamp":"2023-11-09 12:45:46"},{"nodeID":"1293026","text":"Default Transition","type":"TA","timestamp":"2023-11-09 12:45:46"},{"nodeID":"1293027","text":"Default Illocuting","type":"YA","timestamp":"2023-11-09 12:45:46"},{"nodeID":"1293028","text":"Default Transition","type":"TA","timestamp":"2023-11-09 12:45:46"},{"nodeID":"1293029","text":"Default Inference","type":"RA","timestamp":"2023-11-09 12:45:46"},{"nodeID":"1293030","text":"Arguing","type":"YA","timestamp":"2023-11-09 12:45:46"},{"nodeID":"1293031","text":"Analysing","type":"YA","timestamp":"2023-11-09 12:45:46"},{"nodeID":"1293032","text":"Asserting","type":"YA","timestamp":"2023-11-09 12:45:46"},{"nodeID":"1293033","text":"Default Transition","type":"TA","timestamp":"2023-11-09 12:45:46"},{"nodeID":"1293034","text":"Analysing","type":"YA","timestamp":"2023-11-09 12:45:46"},{"nodeID":"1293035","text":"Asserting","type":"YA","timestamp":"2023-11-09 12:45:46"},{"nodeID":"1293036","text":"Default Transition","type":"TA","timestamp":"2023-11-09 12:45:46"},{"nodeID":"1293037","text":"Default Inference","type":"RA","timestamp":"2023-11-09 12:45:46"},{"nodeID":"1293038","text":"Default Transition","type":"TA","timestamp":"2023-11-09 12:45:46"},{"nodeID":"1293039","text":"Arguing","type":"YA","timestamp":"2023-11-09 12:45:46"},{"nodeID":"1293040","text":"Default Transition","type":"TA","timestamp":"2023-11-09 12:45:46"},{"nodeID":"1293041","text":"Default Rephrase","type":"MA","timestamp":"2023-11-09 12:45:46"},{"nodeID":"1293042","text":"Restating","type":"YA","timestamp":"2023-11-09 12:45:46"},{"nodeID":"1293043","text":"Default Rephrase","type":"MA","timestamp":"2023-11-09 12:45:46"},{"nodeID":"1293044","text":"Default Transition","type":"TA","timestamp":"2023-11-09 12:45:46"},{"nodeID":"1293045","text":"Restating","type":"YA","timestamp":"2023-11-09 12:45:46"}],"edges":[{"edgeID":"1700007","fromID":"1292974","toID":"1292927","formEdgeID":null},{"edgeID":"1700008","fromID":"1292928","toID":"1292974","formEdgeID":null},{"edgeID":"1700009","fromID":"1292975","toID":"1292926","formEdgeID":null},{"edgeID":"1700010","fromID":"1292927","toID":"1292975","formEdgeID":null},{"edgeID":"1700011","fromID":"1292930","toID":"1292976","formEdgeID":null},{"edgeID":"1700012","fromID":"1292976","toID":"1292929","formEdgeID":null},{"edgeID":"1700013","fromID":"1292929","toID":"1292977","formEdgeID":null},{"edgeID":"1700014","fromID":"1292977","toID":"501727","formEdgeID":null},{"edgeID":"1700015","fromID":"1292978","toID":"1292932","formEdgeID":null},{"edgeID":"1700016","fromID":"1292933","toID":"1292978","formEdgeID":null},{"edgeID":"1700017","fromID":"1292979","toID":"1292931","formEdgeID":null},{"edgeID":"1700018","fromID":"1292932","toID":"1292979","formEdgeID":null},{"edgeID":"1700019","fromID":"1292927","toID":"1292980","formEdgeID":null},{"edgeID":"1700020","fromID":"1292980","toID":"1292929","formEdgeID":null},{"edgeID":"1700021","fromID":"1292981","toID":"1292932","formEdgeID":null},{"edgeID":"1700022","fromID":"1292929","toID":"1292981","formEdgeID":null},{"edgeID":"1700023","fromID":"501727","toID":"1292982","formEdgeID":null},{"edgeID":"1700024","fromID":"1292982","toID":"1292926","formEdgeID":null},{"edgeID":"1700025","fromID":"1292983","toID":"1292982","formEdgeID":null},{"edgeID":"1700026","fromID":"1292980","toID":"1292983","formEdgeID":null},{"edgeID":"1700027","fromID":"1292984","toID":"1292935","formEdgeID":null},{"edgeID":"1700028","fromID":"1292936","toID":"1292984","formEdgeID":null},{"edgeID":"1700029","fromID":"1292932","toID":"1292985","formEdgeID":null},{"edgeID":"1700030","fromID":"1292985","toID":"1292935","formEdgeID":null},{"edgeID":"1700031","fromID":"1292986","toID":"1292937","formEdgeID":null},{"edgeID":"1700032","fromID":"1292938","toID":"1292986","formEdgeID":null},{"edgeID":"1700033","fromID":"1292937","toID":"1292987","formEdgeID":null},{"edgeID":"1700034","fromID":"1292987","toID":"1292934","formEdgeID":null},{"edgeID":"1700035","fromID":"1292988","toID":"1292937","formEdgeID":null},{"edgeID":"1700036","fromID":"1292935","toID":"1292988","formEdgeID":null},{"edgeID":"1700037","fromID":"1292941","toID":"1292989","formEdgeID":null},{"edgeID":"1700038","fromID":"1292989","toID":"1292940","formEdgeID":null},{"edgeID":"1700039","fromID":"1292940","toID":"1292990","formEdgeID":null},{"edgeID":"1700040","fromID":"1292990","toID":"1292939","formEdgeID":null},{"edgeID":"1700041","fromID":"1292991","toID":"1292943","formEdgeID":null},{"edgeID":"1700042","fromID":"1292944","toID":"1292991","formEdgeID":null},{"edgeID":"1700043","fromID":"1292992","toID":"1292942","formEdgeID":null},{"edgeID":"1700044","fromID":"1292943","toID":"1292992","formEdgeID":null},{"edgeID":"1700045","fromID":"1292993","toID":"1292945","formEdgeID":null},{"edgeID":"1700046","fromID":"1292946","toID":"1292993","formEdgeID":null},{"edgeID":"1700047","fromID":"1292994","toID":"501982","formEdgeID":null},{"edgeID":"1700048","fromID":"1292945","toID":"1292994","formEdgeID":null},{"edgeID":"1700049","fromID":"1292948","toID":"1292995","formEdgeID":null},{"edgeID":"1700050","fromID":"1292995","toID":"1292947","formEdgeID":null},{"edgeID":"1700051","fromID":"1292947","toID":"1292996","formEdgeID":null},{"edgeID":"1700052","fromID":"1292996","toID":"502009","formEdgeID":null},{"edgeID":"1700053","fromID":"1292997","toID":"1292950","formEdgeID":null},{"edgeID":"1700054","fromID":"1292951","toID":"1292997","formEdgeID":null},{"edgeID":"1700055","fromID":"1292950","toID":"1292998","formEdgeID":null},{"edgeID":"1700056","fromID":"1292998","toID":"1292949","formEdgeID":null},{"edgeID":"1700057","fromID":"1292999","toID":"1292940","formEdgeID":null},{"edgeID":"1700058","fromID":"1292935","toID":"1292999","formEdgeID":null},{"edgeID":"1700059","fromID":"1292940","toID":"1293000","formEdgeID":null},{"edgeID":"1700060","fromID":"1293000","toID":"1292943","formEdgeID":null},{"edgeID":"1700061","fromID":"1293001","toID":"1292945","formEdgeID":null},{"edgeID":"1700062","fromID":"1292943","toID":"1293001","formEdgeID":null},{"edgeID":"1700063","fromID":"1292945","toID":"1293002","formEdgeID":null},{"edgeID":"1700064","fromID":"1293002","toID":"1292947","formEdgeID":null},{"edgeID":"1700065","fromID":"1293003","toID":"1292950","formEdgeID":null},{"edgeID":"1700066","fromID":"1292947","toID":"1293003","formEdgeID":null},{"edgeID":"1700067","fromID":"1293004","toID":"502009","formEdgeID":null},{"edgeID":"1700068","fromID":"501982","toID":"1293004","formEdgeID":null},{"edgeID":"1700069","fromID":"1293002","toID":"1293005","formEdgeID":null},{"edgeID":"1700070","fromID":"1293005","toID":"1293004","formEdgeID":null},{"edgeID":"1700071","fromID":"1293006","toID":"502009","formEdgeID":null},{"edgeID":"1700072","fromID":"1292949","toID":"1293006","formEdgeID":null},{"edgeID":"1700073","fromID":"1293003","toID":"1293007","formEdgeID":null},{"edgeID":"1700074","fromID":"1293007","toID":"1293006","formEdgeID":null},{"edgeID":"1700075","fromID":"1292953","toID":"1293008","formEdgeID":null},{"edgeID":"1700076","fromID":"1293008","toID":"1292952","formEdgeID":null},{"edgeID":"1700077","fromID":"1293009","toID":"502072","formEdgeID":null},{"edgeID":"1700078","fromID":"1292952","toID":"1293009","formEdgeID":null},{"edgeID":"1700079","fromID":"1292950","toID":"1293010","formEdgeID":null},{"edgeID":"1700080","fromID":"1293010","toID":"1292952","formEdgeID":null},{"edgeID":"1700081","fromID":"1293011","toID":"1292955","formEdgeID":null},{"edgeID":"1700082","fromID":"1293012","toID":"1292954","formEdgeID":null},{"edgeID":"1700083","fromID":"1292955","toID":"1293012","formEdgeID":null},{"edgeID":"1700084","fromID":"1292956","toID":"1293011","formEdgeID":null},{"edgeID":"1700085","fromID":"1293013","toID":"1292958","formEdgeID":null},{"edgeID":"1700086","fromID":"1292959","toID":"1293013","formEdgeID":null},{"edgeID":"1700087","fromID":"1293014","toID":"1292957","formEdgeID":null},{"edgeID":"1700088","fromID":"1292958","toID":"1293014","formEdgeID":null},{"edgeID":"1700089","fromID":"1293015","toID":"1292954","formEdgeID":null},{"edgeID":"1700090","fromID":"1292957","toID":"1293015","formEdgeID":null},{"edgeID":"1700091","fromID":"1292955","toID":"1293016","formEdgeID":null},{"edgeID":"1700092","fromID":"1293016","toID":"1292958","formEdgeID":null},{"edgeID":"1700093","fromID":"1293016","toID":"1293017","formEdgeID":null},{"edgeID":"1700094","fromID":"1293017","toID":"1293015","formEdgeID":null},{"edgeID":"1700095","fromID":"1292960","toID":"1293019","formEdgeID":null},{"edgeID":"1700096","fromID":"1293019","toID":"502211","formEdgeID":null},{"edgeID":"1700097","fromID":"1293018","toID":"1292960","formEdgeID":null},{"edgeID":"1700098","fromID":"1292961","toID":"1293018","formEdgeID":null},{"edgeID":"1700099","fromID":"1293020","toID":"1292963","formEdgeID":null},{"edgeID":"1700100","fromID":"1292964","toID":"1293020","formEdgeID":null},{"edgeID":"1700101","fromID":"1293021","toID":"1292962","formEdgeID":null},{"edgeID":"1700102","fromID":"1292963","toID":"1293021","formEdgeID":null},{"edgeID":"1700103","fromID":"1293022","toID":"1292966","formEdgeID":null},{"edgeID":"1700104","fromID":"1292967","toID":"1293022","formEdgeID":null},{"edgeID":"1700105","fromID":"1292966","toID":"1293023","formEdgeID":null},{"edgeID":"1700106","fromID":"1293023","toID":"1292965","formEdgeID":null},{"edgeID":"1700107","fromID":"1293024","toID":"1292960","formEdgeID":null},{"edgeID":"1700108","fromID":"1292958","toID":"1293024","formEdgeID":null},{"edgeID":"1700109","fromID":"1292954","toID":"1293025","formEdgeID":null},{"edgeID":"1700110","fromID":"1293025","toID":"1292934","formEdgeID":null},{"edgeID":"1700111","fromID":"1292935","toID":"1293026","formEdgeID":null},{"edgeID":"1700112","fromID":"1293026","toID":"1292955","formEdgeID":null},{"edgeID":"1700113","fromID":"1293027","toID":"1293025","formEdgeID":null},{"edgeID":"1700114","fromID":"1293026","toID":"1293027","formEdgeID":null},{"edgeID":"1700115","fromID":"1292960","toID":"1293028","formEdgeID":null},{"edgeID":"1700116","fromID":"1293028","toID":"1292963","formEdgeID":null},{"edgeID":"1700117","fromID":"502211","toID":"1293029","formEdgeID":null},{"edgeID":"1700118","fromID":"1293029","toID":"1292962","formEdgeID":null},{"edgeID":"1700119","fromID":"1293028","toID":"1293030","formEdgeID":null},{"edgeID":"1700120","fromID":"1293030","toID":"1293029","formEdgeID":null},{"edgeID":"1700121","fromID":"1293031","toID":"1292969","formEdgeID":null},{"edgeID":"1700122","fromID":"1292970","toID":"1293031","formEdgeID":null},{"edgeID":"1700123","fromID":"1292969","toID":"1293032","formEdgeID":null},{"edgeID":"1700124","fromID":"1293032","toID":"1292968","formEdgeID":null},{"edgeID":"1700125","fromID":"1293033","toID":"1292969","formEdgeID":null},{"edgeID":"1700126","fromID":"1292952","toID":"1293033","formEdgeID":null},{"edgeID":"1700127","fromID":"1293034","toID":"1292972","formEdgeID":null},{"edgeID":"1700128","fromID":"1292973","toID":"1293034","formEdgeID":null},{"edgeID":"1700129","fromID":"1292972","toID":"1293035","formEdgeID":null},{"edgeID":"1700130","fromID":"1293035","toID":"1292971","formEdgeID":null},{"edgeID":"1700131","fromID":"1292972","toID":"1293036","formEdgeID":null},{"edgeID":"1700132","fromID":"1293036","toID":"1292955","formEdgeID":null},{"edgeID":"1700133","fromID":"1292968","toID":"1293037","formEdgeID":null},{"edgeID":"1700134","fromID":"1293037","toID":"1292954","formEdgeID":null},{"edgeID":"1700135","fromID":"1293038","toID":"1292955","formEdgeID":null},{"edgeID":"1700136","fromID":"1292969","toID":"1293038","formEdgeID":null},{"edgeID":"1700137","fromID":"1293039","toID":"1293037","formEdgeID":null},{"edgeID":"1700138","fromID":"1293038","toID":"1293039","formEdgeID":null},{"edgeID":"1700139","fromID":"1293040","toID":"1292972","formEdgeID":null},{"edgeID":"1700140","fromID":"1292969","toID":"1293040","formEdgeID":null},{"edgeID":"1700141","fromID":"1292971","toID":"1293041","formEdgeID":null},{"edgeID":"1700142","fromID":"1293041","toID":"1292968","formEdgeID":null},{"edgeID":"1700143","fromID":"1293040","toID":"1293042","formEdgeID":null},{"edgeID":"1700144","fromID":"1293042","toID":"1293041","formEdgeID":null},{"edgeID":"1700145","fromID":"1293043","toID":"502211","formEdgeID":null},{"edgeID":"1700146","fromID":"1292965","toID":"1293043","formEdgeID":null},{"edgeID":"1700147","fromID":"1292960","toID":"1293044","formEdgeID":null},{"edgeID":"1700148","fromID":"1293044","toID":"1292966","formEdgeID":null},{"edgeID":"1700149","fromID":"1293045","toID":"1293043","formEdgeID":null},{"edgeID":"1700150","fromID":"1293044","toID":"1293045","formEdgeID":null}],"locutions":[]}