{"nodes":[{"nodeID":"499546","text":"the app itself is going to be a necessity going forward in order to move out of the lockdown","type":"I","timestamp":"2020-05-14 20:41:34"},{"nodeID":"499553","text":"we are missing something important here","type":"I","timestamp":"2020-05-14 20:41:35"},{"nodeID":"1141351","text":"the set of data is going to have to be held centrally","type":"I","timestamp":"2023-04-11 19:21:47"},{"nodeID":"1141373","text":"you are going to pick up those different parts of the country where there are outbreaks","type":"I","timestamp":"2023-04-11 19:21:58"},{"nodeID":"1141397","text":"we need to be clear that the set of data is being protected","type":"I","timestamp":"2023-04-11 19:22:10"},{"nodeID":"1141438","text":"there needs to be a Parliamentary oversight","type":"I","timestamp":"2023-04-11 19:22:35"},{"nodeID":"1141496","text":"we need to understand the two different apps actually have different ways in which the data is hemmed","type":"I","timestamp":"2023-04-11 19:23:12"},{"nodeID":"1141560","text":"the app the government is developing at the moment does hold all of the data in a single database","type":"I","timestamp":"2023-04-11 19:23:48"},{"nodeID":"1290897","text":"there is going to be a set of data","type":"I","timestamp":"2023-11-09 12:42:46"},{"nodeID":"1290898","text":"Nick Thomas-Symonds: there is going to be a set of data","type":"L","timestamp":"2023-11-09 12:42:46"},{"nodeID":"1290899","text":"Analysing","type":"YA","timestamp":"2023-11-09 12:42:46"},{"nodeID":"1290900","text":"Calum: Nick Thomas-Symonds: there is going to be a set of data","type":"L","timestamp":"2023-11-09 12:42:46"},{"nodeID":"1290901","text":"Asserting","type":"YA","timestamp":"2023-11-09 12:42:46"},{"nodeID":"1290902","text":"Nick Thomas-Symonds: It is going to have to be held centrally","type":"L","timestamp":"2023-11-09 12:42:47"},{"nodeID":"1290903","text":"Analysing","type":"YA","timestamp":"2023-11-09 12:42:47"},{"nodeID":"1290904","text":"Calum: Nick Thomas-Symonds: It is going to have to be held centrally","type":"L","timestamp":"2023-11-09 12:42:47"},{"nodeID":"1290905","text":"Asserting","type":"YA","timestamp":"2023-11-09 12:42:47"},{"nodeID":"1290906","text":"Nick Thomas-Symonds: you are going to pick up those different parts of the country where there are outbreaks","type":"L","timestamp":"2023-11-09 12:42:47"},{"nodeID":"1290907","text":"Analysing","type":"YA","timestamp":"2023-11-09 12:42:47"},{"nodeID":"1290908","text":"Calum: Nick Thomas-Symonds: you are going to pick up those different parts of the country where there are outbreaks","type":"L","timestamp":"2023-11-09 12:42:47"},{"nodeID":"1290909","text":"Asserting","type":"YA","timestamp":"2023-11-09 12:42:47"},{"nodeID":"1290910","text":"Default Transition","type":"TA","timestamp":"2023-11-09 12:42:47"},{"nodeID":"1290911","text":"Default Inference","type":"RA","timestamp":"2023-11-09 12:42:47"},{"nodeID":"1290912","text":"Arguing","type":"YA","timestamp":"2023-11-09 12:42:47"},{"nodeID":"1290913","text":"Default Transition","type":"TA","timestamp":"2023-11-09 12:42:47"},{"nodeID":"1290914","text":"Nick Thomas-Symonds: we need to be clear that that is being protected","type":"L","timestamp":"2023-11-09 12:42:48"},{"nodeID":"1290915","text":"Analysing","type":"YA","timestamp":"2023-11-09 12:42:48"},{"nodeID":"1290916","text":"Calum: Nick Thomas-Symonds: we need to be clear that that is being protected","type":"L","timestamp":"2023-11-09 12:42:48"},{"nodeID":"1290917","text":"Asserting","type":"YA","timestamp":"2023-11-09 12:42:48"},{"nodeID":"1290918","text":"we need to be clear that the data is used exclusively for the purpose it is meant for not for enforcement, surveillance or commercial purposes","type":"I","timestamp":"2023-11-09 12:42:48"},{"nodeID":"1290919","text":"Nick Thomas-Symonds: it has been already said, the data is used exclusively for the purpose it is meant for not for enforcement, surveillance or commercial purposes","type":"L","timestamp":"2023-11-09 12:42:48"},{"nodeID":"1290920","text":"Analysing","type":"YA","timestamp":"2023-11-09 12:42:48"},{"nodeID":"1290921","text":"Calum: Nick Thomas-Symonds: it has been already said, the data is used exclusively for the purpose it is meant for, which is this public health emergency, not for enforcement, surveillance or commercial purposes","type":"L","timestamp":"2023-11-09 12:42:48"},{"nodeID":"1290922","text":"Unknown Speaker: the data is used exclusively for the purpose it is meant for not for enforcement, surveillance or commercial purposes","type":"L","timestamp":"2023-11-09 12:42:48"},{"nodeID":"1290923","text":"Analysing","type":"YA","timestamp":"2023-11-09 12:42:48"},{"nodeID":"1290924","text":"Calum: Unknown Speaker: it has been already said, the data is used exclusively for the purpose it is meant for, which is this public health emergency, not for enforcement, surveillance or commercial purposes","type":"L","timestamp":"2023-11-09 12:42:48"},{"nodeID":"1290925","text":"Asserting","type":"YA","timestamp":"2023-11-09 12:42:48"},{"nodeID":"1290926","text":"Asserting","type":"YA","timestamp":"2023-11-09 12:42:48"},{"nodeID":"1290927","text":"the set of data is meant for this public health emergency","type":"I","timestamp":"2023-11-09 12:42:49"},{"nodeID":"1290928","text":"Nick Thomas-Symonds: which is this public health emergency","type":"L","timestamp":"2023-11-09 12:42:49"},{"nodeID":"1290929","text":"Analysing","type":"YA","timestamp":"2023-11-09 12:42:49"},{"nodeID":"1290930","text":"Calum: Nick Thomas-Symonds: which is this public health emergency","type":"L","timestamp":"2023-11-09 12:42:49"},{"nodeID":"1290931","text":"Asserting","type":"YA","timestamp":"2023-11-09 12:42:49"},{"nodeID":"1290932","text":"Nick Thomas-Symonds: there needs to be a Parliamentary oversight","type":"L","timestamp":"2023-11-09 12:42:50"},{"nodeID":"1290933","text":"Analysing","type":"YA","timestamp":"2023-11-09 12:42:50"},{"nodeID":"1290934","text":"Calum: Nick Thomas-Symonds: there needs to be a Parliamentary oversight","type":"L","timestamp":"2023-11-09 12:42:50"},{"nodeID":"1290935","text":"Asserting","type":"YA","timestamp":"2023-11-09 12:42:50"},{"nodeID":"1290936","text":"Nick Thomas-Symonds: the app itself is going to be a necessity going forward in order to move out of the lockdown","type":"L","timestamp":"2023-11-09 12:42:50"},{"nodeID":"1290937","text":"Analysing","type":"YA","timestamp":"2023-11-09 12:42:50"},{"nodeID":"1290938","text":"Calum: Nick Thomas-Symonds: the app itself is going to be a necessity going forward in order to move out of the lockdown","type":"L","timestamp":"2023-11-09 12:42:50"},{"nodeID":"1290939","text":"Asserting","type":"YA","timestamp":"2023-11-09 12:42:50"},{"nodeID":"1290940","text":"Default Transition","type":"TA","timestamp":"2023-11-09 12:42:50"},{"nodeID":"1290941","text":"Default Transition","type":"TA","timestamp":"2023-11-09 12:42:50"},{"nodeID":"1290942","text":"Default Rephrase","type":"MA","timestamp":"2023-11-09 12:42:50"},{"nodeID":"1290943","text":"Restating","type":"YA","timestamp":"2023-11-09 12:42:50"},{"nodeID":"1290944","text":"Default Transition","type":"TA","timestamp":"2023-11-09 12:42:50"},{"nodeID":"1290945","text":"Default Rephrase","type":"MA","timestamp":"2023-11-09 12:42:50"},{"nodeID":"1290946","text":"Restating","type":"YA","timestamp":"2023-11-09 12:42:50"},{"nodeID":"1290947","text":"Default Transition","type":"TA","timestamp":"2023-11-09 12:42:50"},{"nodeID":"1290948","text":"Default Inference","type":"RA","timestamp":"2023-11-09 12:42:50"},{"nodeID":"1290949","text":"Arguing","type":"YA","timestamp":"2023-11-09 12:42:50"},{"nodeID":"1290950","text":"Default Transition","type":"TA","timestamp":"2023-11-09 12:42:50"},{"nodeID":"1290951","text":"Chris Hopson: we are missing something important here","type":"L","timestamp":"2023-11-09 12:42:50"},{"nodeID":"1290952","text":"Analysing","type":"YA","timestamp":"2023-11-09 12:42:50"},{"nodeID":"1290953","text":"Calum: Chris Hopson: we are missing something important here","type":"L","timestamp":"2023-11-09 12:42:50"},{"nodeID":"1290954","text":"Asserting","type":"YA","timestamp":"2023-11-09 12:42:50"},{"nodeID":"1290955","text":"Juergen Maier talked about the two different apps","type":"I","timestamp":"2023-11-09 12:42:50"},{"nodeID":"1290956","text":"Chris Hopson: Juergen talked about the two different apps","type":"L","timestamp":"2023-11-09 12:42:50"},{"nodeID":"1290957","text":"Analysing","type":"YA","timestamp":"2023-11-09 12:42:50"},{"nodeID":"1290958","text":"Calum: Chris Hopson: Juergen talked about the two different apps","type":"L","timestamp":"2023-11-09 12:42:50"},{"nodeID":"1290959","text":"Asserting","type":"YA","timestamp":"2023-11-09 12:42:50"},{"nodeID":"1290960","text":"Chris Hopson: We need to understand the two different apps actually have different ways in which the data is hemmed","type":"L","timestamp":"2023-11-09 12:42:51"},{"nodeID":"1290961","text":"Analysing","type":"YA","timestamp":"2023-11-09 12:42:51"},{"nodeID":"1290962","text":"Calum: Chris Hopson: We need to understand the two different apps actually have different ways in which the data is hemmed","type":"L","timestamp":"2023-11-09 12:42:51"},{"nodeID":"1290963","text":"Asserting","type":"YA","timestamp":"2023-11-09 12:42:51"},{"nodeID":"1290964","text":"the Google\/apple app actually deliberately has a decentralised approach and doesn't hold all of the data in a single database","type":"I","timestamp":"2023-11-09 12:42:51"},{"nodeID":"1290965","text":"Chris Hopson: the Google\/apple app actually deliberately has a decentralised approach and doesn't hold all of the data in a single database","type":"L","timestamp":"2023-11-09 12:42:51"},{"nodeID":"1290966","text":"Analysing","type":"YA","timestamp":"2023-11-09 12:42:51"},{"nodeID":"1290967","text":"Calum: Chris Hopson: the Google\/apple app actually deliberately has a decentralised approach and doesn't hold all of the data in a single database","type":"L","timestamp":"2023-11-09 12:42:51"},{"nodeID":"1290968","text":"Asserting","type":"YA","timestamp":"2023-11-09 12:42:51"},{"nodeID":"1290969","text":"Chris Hopson: the one the government is developing at the moment does","type":"L","timestamp":"2023-11-09 12:42:52"},{"nodeID":"1290970","text":"Analysing","type":"YA","timestamp":"2023-11-09 12:42:52"},{"nodeID":"1290971","text":"Calum: Chris Hopson: the one the government is developing at the moment does","type":"L","timestamp":"2023-11-09 12:42:52"},{"nodeID":"1290972","text":"Asserting","type":"YA","timestamp":"2023-11-09 12:42:52"},{"nodeID":"1290973","text":"there's a really interesting intervention came about three or four weeks ago from the former director general of the MI 1","type":"I","timestamp":"2023-11-09 12:42:52"},{"nodeID":"1290974","text":"Chris Hopson: there's a really interesting intervention came about three or four weeks ago from the director general of the MI 1, the former director","type":"L","timestamp":"2023-11-09 12:42:52"},{"nodeID":"1290975","text":"Analysing","type":"YA","timestamp":"2023-11-09 12:42:52"},{"nodeID":"1290976","text":"Calum: Chris Hopson: there's a really interesting intervention came about three or four weeks ago from the director general of the MI 1, the former director","type":"L","timestamp":"2023-11-09 12:42:52"},{"nodeID":"1290977","text":"Asserting","type":"YA","timestamp":"2023-11-09 12:42:52"},{"nodeID":"1290978","text":"it was incredibly important we had the quality of national debate Afua Hirsch was talking about around these issues","type":"I","timestamp":"2023-11-09 12:42:53"},{"nodeID":"1290979","text":"Chris Hopson: who said he thought it was incredibly important we had the quality of national debate Afua was talking about around these issues","type":"L","timestamp":"2023-11-09 12:42:53"},{"nodeID":"1290980","text":"Analysing","type":"YA","timestamp":"2023-11-09 12:42:53"},{"nodeID":"1290981","text":"Calum: Chris Hopson: who said he thought it was incredibly important we had the quality of national debate Afua was talking about around these issues","type":"L","timestamp":"2023-11-09 12:42:53"},{"nodeID":"1290982","text":"Former Director General of MI1: it was incredibly important we had the quality of national debate Afua was talking about around these issues","type":"L","timestamp":"2023-11-09 12:42:53"},{"nodeID":"1290983","text":"Analysing","type":"YA","timestamp":"2023-11-09 12:42:53"},{"nodeID":"1290984","text":"Calum: Unknown Speaker: who said he thought it was incredibly important we had the quality of national debate Afua was talking about around these issues","type":"L","timestamp":"2023-11-09 12:42:53"},{"nodeID":"1290985","text":"Asserting","type":"YA","timestamp":"2023-11-09 12:42:53"},{"nodeID":"1290986","text":"Asserting","type":"YA","timestamp":"2023-11-09 12:42:53"},{"nodeID":"1290987","text":"Default Transition","type":"TA","timestamp":"2023-11-09 12:42:53"},{"nodeID":"1290988","text":"Default Transition","type":"TA","timestamp":"2023-11-09 12:42:53"},{"nodeID":"1290989","text":"Default Transition","type":"TA","timestamp":"2023-11-09 12:42:53"},{"nodeID":"1290990","text":"Default Inference","type":"RA","timestamp":"2023-11-09 12:42:53"},{"nodeID":"1290991","text":"Arguing","type":"YA","timestamp":"2023-11-09 12:42:53"},{"nodeID":"1290992","text":"Default Transition","type":"TA","timestamp":"2023-11-09 12:42:53"},{"nodeID":"1290993","text":"Default Transition","type":"TA","timestamp":"2023-11-09 12:42:53"},{"nodeID":"1290994","text":"Default Transition","type":"TA","timestamp":"2023-11-09 12:42:53"},{"nodeID":"1290995","text":"Default Inference","type":"RA","timestamp":"2023-11-09 12:42:53"},{"nodeID":"1290996","text":"Default Transition","type":"TA","timestamp":"2023-11-09 12:42:53"},{"nodeID":"1290997","text":"Arguing","type":"YA","timestamp":"2023-11-09 12:42:53"},{"nodeID":"1290998","text":"Default Transition","type":"TA","timestamp":"2023-11-09 12:42:53"}],"edges":[{"edgeID":"1697608","fromID":"1290899","toID":"1290898","formEdgeID":null},{"edgeID":"1697609","fromID":"1290900","toID":"1290899","formEdgeID":null},{"edgeID":"1697610","fromID":"1290898","toID":"1290901","formEdgeID":null},{"edgeID":"1697611","fromID":"1290901","toID":"1290897","formEdgeID":null},{"edgeID":"1697612","fromID":"1290903","toID":"1290902","formEdgeID":null},{"edgeID":"1697613","fromID":"1290904","toID":"1290903","formEdgeID":null},{"edgeID":"1697614","fromID":"1290902","toID":"1290905","formEdgeID":null},{"edgeID":"1697615","fromID":"1290905","toID":"1141351","formEdgeID":null},{"edgeID":"1697616","fromID":"1290907","toID":"1290906","formEdgeID":null},{"edgeID":"1697617","fromID":"1290908","toID":"1290907","formEdgeID":null},{"edgeID":"1697618","fromID":"1290906","toID":"1290909","formEdgeID":null},{"edgeID":"1697619","fromID":"1290909","toID":"1141373","formEdgeID":null},{"edgeID":"1697620","fromID":"1290902","toID":"1290910","formEdgeID":null},{"edgeID":"1697621","fromID":"1290910","toID":"1290906","formEdgeID":null},{"edgeID":"1697622","fromID":"1141351","toID":"1290911","formEdgeID":null},{"edgeID":"1697623","fromID":"1290911","toID":"1141373","formEdgeID":null},{"edgeID":"1697624","fromID":"1290910","toID":"1290912","formEdgeID":null},{"edgeID":"1697625","fromID":"1290912","toID":"1290911","formEdgeID":null},{"edgeID":"1697626","fromID":"1290898","toID":"1290913","formEdgeID":null},{"edgeID":"1697627","fromID":"1290913","toID":"1290902","formEdgeID":null},{"edgeID":"1697628","fromID":"1290915","toID":"1290914","formEdgeID":null},{"edgeID":"1697629","fromID":"1290916","toID":"1290915","formEdgeID":null},{"edgeID":"1697630","fromID":"1290914","toID":"1290917","formEdgeID":null},{"edgeID":"1697631","fromID":"1290917","toID":"1141397","formEdgeID":null},{"edgeID":"1697632","fromID":"1290920","toID":"1290919","formEdgeID":null},{"edgeID":"1697633","fromID":"1290921","toID":"1290920","formEdgeID":null},{"edgeID":"1697634","fromID":"1290923","toID":"1290922","formEdgeID":null},{"edgeID":"1697635","fromID":"1290924","toID":"1290923","formEdgeID":null},{"edgeID":"1697636","fromID":"1290922","toID":"1290925","formEdgeID":null},{"edgeID":"1697637","fromID":"1290925","toID":"1290918","formEdgeID":null},{"edgeID":"1697638","fromID":"1290919","toID":"1290926","formEdgeID":null},{"edgeID":"1697639","fromID":"1290926","toID":"1290922","formEdgeID":null},{"edgeID":"1697640","fromID":"1290929","toID":"1290928","formEdgeID":null},{"edgeID":"1697641","fromID":"1290930","toID":"1290929","formEdgeID":null},{"edgeID":"1697642","fromID":"1290928","toID":"1290931","formEdgeID":null},{"edgeID":"1697643","fromID":"1290931","toID":"1290927","formEdgeID":null},{"edgeID":"1697644","fromID":"1290933","toID":"1290932","formEdgeID":null},{"edgeID":"1697645","fromID":"1290934","toID":"1290933","formEdgeID":null},{"edgeID":"1697646","fromID":"1290932","toID":"1290935","formEdgeID":null},{"edgeID":"1697647","fromID":"1290935","toID":"1141438","formEdgeID":null},{"edgeID":"1697648","fromID":"1290937","toID":"1290936","formEdgeID":null},{"edgeID":"1697649","fromID":"1290938","toID":"1290937","formEdgeID":null},{"edgeID":"1697650","fromID":"1290936","toID":"1290939","formEdgeID":null},{"edgeID":"1697651","fromID":"1290939","toID":"499546","formEdgeID":null},{"edgeID":"1697652","fromID":"1290906","toID":"1290940","formEdgeID":null},{"edgeID":"1697653","fromID":"1290940","toID":"1290914","formEdgeID":null},{"edgeID":"1697654","fromID":"1290914","toID":"1290941","formEdgeID":null},{"edgeID":"1697655","fromID":"1290941","toID":"1290919","formEdgeID":null},{"edgeID":"1697656","fromID":"1290918","toID":"1290942","formEdgeID":null},{"edgeID":"1697657","fromID":"1290942","toID":"1141397","formEdgeID":null},{"edgeID":"1697658","fromID":"1290941","toID":"1290943","formEdgeID":null},{"edgeID":"1697659","fromID":"1290943","toID":"1290942","formEdgeID":null},{"edgeID":"1697660","fromID":"1290919","toID":"1290944","formEdgeID":null},{"edgeID":"1697661","fromID":"1290944","toID":"1290928","formEdgeID":null},{"edgeID":"1697662","fromID":"1290927","toID":"1290945","formEdgeID":null},{"edgeID":"1697663","fromID":"1290945","toID":"1290918","formEdgeID":null},{"edgeID":"1697664","fromID":"1290944","toID":"1290946","formEdgeID":null},{"edgeID":"1697665","fromID":"1290946","toID":"1290945","formEdgeID":null},{"edgeID":"1697666","fromID":"1290914","toID":"1290947","formEdgeID":null},{"edgeID":"1697667","fromID":"1290947","toID":"1290932","formEdgeID":null},{"edgeID":"1697668","fromID":"1141397","toID":"1290948","formEdgeID":null},{"edgeID":"1697669","fromID":"1290948","toID":"1141438","formEdgeID":null},{"edgeID":"1697670","fromID":"1290947","toID":"1290949","formEdgeID":null},{"edgeID":"1697671","fromID":"1290949","toID":"1290948","formEdgeID":null},{"edgeID":"1697672","fromID":"1290932","toID":"1290950","formEdgeID":null},{"edgeID":"1697673","fromID":"1290950","toID":"1290936","formEdgeID":null},{"edgeID":"1697674","fromID":"1290952","toID":"1290951","formEdgeID":null},{"edgeID":"1697675","fromID":"1290953","toID":"1290952","formEdgeID":null},{"edgeID":"1697676","fromID":"1290951","toID":"1290954","formEdgeID":null},{"edgeID":"1697677","fromID":"1290954","toID":"499553","formEdgeID":null},{"edgeID":"1697678","fromID":"1290957","toID":"1290956","formEdgeID":null},{"edgeID":"1697679","fromID":"1290958","toID":"1290957","formEdgeID":null},{"edgeID":"1697680","fromID":"1290956","toID":"1290959","formEdgeID":null},{"edgeID":"1697681","fromID":"1290959","toID":"1290955","formEdgeID":null},{"edgeID":"1697682","fromID":"1290961","toID":"1290960","formEdgeID":null},{"edgeID":"1697683","fromID":"1290962","toID":"1290961","formEdgeID":null},{"edgeID":"1697684","fromID":"1290960","toID":"1290963","formEdgeID":null},{"edgeID":"1697685","fromID":"1290963","toID":"1141496","formEdgeID":null},{"edgeID":"1697686","fromID":"1290966","toID":"1290965","formEdgeID":null},{"edgeID":"1697687","fromID":"1290967","toID":"1290966","formEdgeID":null},{"edgeID":"1697688","fromID":"1290965","toID":"1290968","formEdgeID":null},{"edgeID":"1697689","fromID":"1290968","toID":"1290964","formEdgeID":null},{"edgeID":"1697690","fromID":"1290970","toID":"1290969","formEdgeID":null},{"edgeID":"1697691","fromID":"1290971","toID":"1290970","formEdgeID":null},{"edgeID":"1697692","fromID":"1290969","toID":"1290972","formEdgeID":null},{"edgeID":"1697693","fromID":"1290972","toID":"1141560","formEdgeID":null},{"edgeID":"1697694","fromID":"1290975","toID":"1290974","formEdgeID":null},{"edgeID":"1697695","fromID":"1290976","toID":"1290975","formEdgeID":null},{"edgeID":"1697696","fromID":"1290974","toID":"1290977","formEdgeID":null},{"edgeID":"1697697","fromID":"1290977","toID":"1290973","formEdgeID":null},{"edgeID":"1697698","fromID":"1290980","toID":"1290979","formEdgeID":null},{"edgeID":"1697699","fromID":"1290981","toID":"1290980","formEdgeID":null},{"edgeID":"1697700","fromID":"1290983","toID":"1290982","formEdgeID":null},{"edgeID":"1697701","fromID":"1290984","toID":"1290983","formEdgeID":null},{"edgeID":"1697702","fromID":"1290982","toID":"1290985","formEdgeID":null},{"edgeID":"1697703","fromID":"1290985","toID":"1290978","formEdgeID":null},{"edgeID":"1697704","fromID":"1290979","toID":"1290986","formEdgeID":null},{"edgeID":"1697705","fromID":"1290986","toID":"1290982","formEdgeID":null},{"edgeID":"1697706","fromID":"1290974","toID":"1290987","formEdgeID":null},{"edgeID":"1697707","fromID":"1290987","toID":"1290979","formEdgeID":null},{"edgeID":"1697708","fromID":"1290936","toID":"1290988","formEdgeID":null},{"edgeID":"1697709","fromID":"1290988","toID":"1290951","formEdgeID":null},{"edgeID":"1697710","fromID":"1290951","toID":"1290989","formEdgeID":null},{"edgeID":"1697711","fromID":"1290989","toID":"1290960","formEdgeID":null},{"edgeID":"1697712","fromID":"1141496","toID":"1290990","formEdgeID":null},{"edgeID":"1697713","fromID":"1290990","toID":"499553","formEdgeID":null},{"edgeID":"1697714","fromID":"1290989","toID":"1290991","formEdgeID":null},{"edgeID":"1697715","fromID":"1290991","toID":"1290990","formEdgeID":null},{"edgeID":"1697716","fromID":"1290951","toID":"1290992","formEdgeID":null},{"edgeID":"1697717","fromID":"1290992","toID":"1290956","formEdgeID":null},{"edgeID":"1697718","fromID":"1290956","toID":"1290993","formEdgeID":null},{"edgeID":"1697719","fromID":"1290993","toID":"1290960","formEdgeID":null},{"edgeID":"1697720","fromID":"1290960","toID":"1290994","formEdgeID":null},{"edgeID":"1697721","fromID":"1290994","toID":"1290969","formEdgeID":null},{"edgeID":"1697722","fromID":"1290964","toID":"1290995","formEdgeID":null},{"edgeID":"1697723","fromID":"1290995","toID":"1141496","formEdgeID":null},{"edgeID":"1697724","fromID":"1141560","toID":"1290995","formEdgeID":null},{"edgeID":"1697725","fromID":"1290960","toID":"1290996","formEdgeID":null},{"edgeID":"1697726","fromID":"1290996","toID":"1290965","formEdgeID":null},{"edgeID":"1697727","fromID":"1290994","toID":"1290997","formEdgeID":null},{"edgeID":"1697728","fromID":"1290997","toID":"1290995","formEdgeID":null},{"edgeID":"1697729","fromID":"1290969","toID":"1290998","formEdgeID":null},{"edgeID":"1697730","fromID":"1290998","toID":"1290974","formEdgeID":null}],"locutions":[]}