{"nodes":[{"nodeID":"499603","text":"there are some really strict Parliamentary oversight procedures to ensure that that data is being held properly","type":"I","timestamp":"2020-05-14 20:41:42"},{"nodeID":"1291157","text":"the former director general of the MI 1 pointed to exactly the same thing Nick Thomas-Symonds was talking about","type":"I","timestamp":"2023-11-09 12:43:07"},{"nodeID":"1291158","text":"Chris Hopson: He pointed to exactly the same thing Nick was talking about","type":"L","timestamp":"2023-11-09 12:43:07"},{"nodeID":"1291159","text":"Analysing","type":"YA","timestamp":"2023-11-09 12:43:07"},{"nodeID":"1291160","text":"Dominika: Chris Hopson: He pointed to exactly the same thing Nick was talking about","type":"L","timestamp":"2023-11-09 12:43:07"},{"nodeID":"1291161","text":"Asserting","type":"YA","timestamp":"2023-11-09 12:43:07"},{"nodeID":"1291162","text":"there are circumstances in which you do use data, for example, fighting crime and preventing terrorism","type":"I","timestamp":"2023-11-09 12:43:08"},{"nodeID":"1291163","text":"Chris Hopson: there are circumstances in which you do use data, for example, fighting crime and preventing terrorism","type":"L","timestamp":"2023-11-09 12:43:08"},{"nodeID":"1291164","text":"Analysing","type":"YA","timestamp":"2023-11-09 12:43:08"},{"nodeID":"1291165","text":"Dominika: Chris Hopson: there are circumstances in which you do use data, for example, fighting crime and preventing terrorism","type":"L","timestamp":"2023-11-09 12:43:08"},{"nodeID":"1291166","text":"Asserting","type":"YA","timestamp":"2023-11-09 12:43:08"},{"nodeID":"1291167","text":"Chris Hopson: there are some really strict Parliamentary oversight procedures to ensure that that data is being held properly","type":"L","timestamp":"2023-11-09 12:43:08"},{"nodeID":"1291168","text":"Analysing","type":"YA","timestamp":"2023-11-09 12:43:08"},{"nodeID":"1291169","text":"Dominika: Chris Hopson: there are some really strict Parliamentary oversight procedures to ensure that that data is being held properly","type":"L","timestamp":"2023-11-09 12:43:08"},{"nodeID":"1291170","text":"Asserting","type":"YA","timestamp":"2023-11-09 12:43:08"},{"nodeID":"1291171","text":"the app will work","type":"I","timestamp":"2023-11-09 12:43:08"},{"nodeID":"1291172","text":"Chris Hopson: The app will only work","type":"L","timestamp":"2023-11-09 12:43:08"},{"nodeID":"1291173","text":"Analysing","type":"YA","timestamp":"2023-11-09 12:43:08"},{"nodeID":"1291174","text":"Dominika: Chris Hopson: The app will only work","type":"L","timestamp":"2023-11-09 12:43:08"},{"nodeID":"1291175","text":"Asserting","type":"YA","timestamp":"2023-11-09 12:43:08"},{"nodeID":"1291176","text":"we can get 50 to 60%, 70% of the people to use the app","type":"I","timestamp":"2023-11-09 12:43:09"},{"nodeID":"1291177","text":"Chris Hopson: we can get 50 to 60%, 70% of the people to use it","type":"L","timestamp":"2023-11-09 12:43:09"},{"nodeID":"1291178","text":"Analysing","type":"YA","timestamp":"2023-11-09 12:43:09"},{"nodeID":"1291179","text":"Dominika: Chris Hopson: we can get 50 to 60%, 70% of the people to use it","type":"L","timestamp":"2023-11-09 12:43:09"},{"nodeID":"1291180","text":"Asserting","type":"YA","timestamp":"2023-11-09 12:43:09"},{"nodeID":"1291181","text":"people need to be confident that they can trust the app","type":"I","timestamp":"2023-11-09 12:43:10"},{"nodeID":"1291182","text":"Chris Hopson: people need to be confident that they can trust it","type":"L","timestamp":"2023-11-09 12:43:10"},{"nodeID":"1291183","text":"Analysing","type":"YA","timestamp":"2023-11-09 12:43:10"},{"nodeID":"1291184","text":"Dominika: Chris Hopson: people need to be confident that they can trust it","type":"L","timestamp":"2023-11-09 12:43:10"},{"nodeID":"1291185","text":"Asserting","type":"YA","timestamp":"2023-11-09 12:43:10"},{"nodeID":"1291186","text":"what's really important is that that oversight should be put in place","type":"I","timestamp":"2023-11-09 12:43:10"},{"nodeID":"1291187","text":"Chris Hopson: what's really important is that that oversight should be put in place","type":"L","timestamp":"2023-11-09 12:43:10"},{"nodeID":"1291188","text":"Analysing","type":"YA","timestamp":"2023-11-09 12:43:10"},{"nodeID":"1291189","text":"Dominika: Chris Hopson: what's really important is that that oversight should be put in place","type":"L","timestamp":"2023-11-09 12:43:10"},{"nodeID":"1291190","text":"Asserting","type":"YA","timestamp":"2023-11-09 12:43:10"},{"nodeID":"1291191","text":"people will know that the data they are going to provide is not going to be misused","type":"I","timestamp":"2023-11-09 12:43:11"},{"nodeID":"1291192","text":"Chris Hopson: people will know that the data they are going to provide is not going to be misused","type":"L","timestamp":"2023-11-09 12:43:11"},{"nodeID":"1291193","text":"Analysing","type":"YA","timestamp":"2023-11-09 12:43:11"},{"nodeID":"1291194","text":"Dominika: Chris Hopson: people will know that the data they are going to provide is not going to be misused","type":"L","timestamp":"2023-11-09 12:43:11"},{"nodeID":"1291195","text":"Asserting","type":"YA","timestamp":"2023-11-09 12:43:11"},{"nodeID":"1291196","text":"Default Transition","type":"TA","timestamp":"2023-11-09 12:43:11"},{"nodeID":"1291197","text":"Default Transition","type":"TA","timestamp":"2023-11-09 12:43:11"},{"nodeID":"1291198","text":"Default Rephrase","type":"MA","timestamp":"2023-11-09 12:43:11"},{"nodeID":"1291199","text":"Restating","type":"YA","timestamp":"2023-11-09 12:43:11"},{"nodeID":"1291200","text":"Default Conflict","type":"CA","timestamp":"2023-11-09 12:43:11"},{"nodeID":"1291201","text":"Disagreeing","type":"YA","timestamp":"2023-11-09 12:43:11"},{"nodeID":"1291202","text":"Default Transition","type":"TA","timestamp":"2023-11-09 12:43:11"},{"nodeID":"1291203","text":"Default Transition","type":"TA","timestamp":"2023-11-09 12:43:11"},{"nodeID":"1291204","text":"Default Transition","type":"TA","timestamp":"2023-11-09 12:43:11"},{"nodeID":"1291205","text":"Default Inference","type":"RA","timestamp":"2023-11-09 12:43:11"},{"nodeID":"1291206","text":"Default Transition","type":"TA","timestamp":"2023-11-09 12:43:11"},{"nodeID":"1291207","text":"one of the advantages of the NHS app we have been developing is people can trust it as part of the NHS","type":"I","timestamp":"2023-11-09 12:43:12"},{"nodeID":"1291208","text":"George Eustice: One of the advantages of the NHS app we have been developing, I think people can trust it as part of the NHS","type":"L","timestamp":"2023-11-09 12:43:12"},{"nodeID":"1291209","text":"Analysing","type":"YA","timestamp":"2023-11-09 12:43:12"},{"nodeID":"1291210","text":"Dominika: George Eustice: One of the advantages of the NHS app we have been developing, I think people can trust it as part of the NHS","type":"L","timestamp":"2023-11-09 12:43:12"},{"nodeID":"1291211","text":"Asserting","type":"YA","timestamp":"2023-11-09 12:43:12"},{"nodeID":"1291212","text":"unlike some of those other apps you get better information about where you might get local flare ups","type":"I","timestamp":"2023-11-09 12:43:12"},{"nodeID":"1291213","text":"George Eustice: Unlike some of those other apps you get better information about where you might get local flare ups","type":"L","timestamp":"2023-11-09 12:43:12"},{"nodeID":"1291214","text":"Analysing","type":"YA","timestamp":"2023-11-09 12:43:12"},{"nodeID":"1291215","text":"Dominika: George Eustice: Unlike some of those other apps you get better information about where you might get local flare ups","type":"L","timestamp":"2023-11-09 12:43:12"},{"nodeID":"1291216","text":"Asserting","type":"YA","timestamp":"2023-11-09 12:43:12"},{"nodeID":"1291217","text":"we are able to respond to flare ups and monitor local or regional pick up in the virus","type":"I","timestamp":"2023-11-09 12:43:13"},{"nodeID":"1291218","text":"George Eustice: we are able to respond to that and monitor local or regional pick up in the virus","type":"L","timestamp":"2023-11-09 12:43:13"},{"nodeID":"1291219","text":"Analysing","type":"YA","timestamp":"2023-11-09 12:43:13"},{"nodeID":"1291220","text":"Dominika: George Eustice: we are able to respond to that and monitor local or regional pick up in the virus","type":"L","timestamp":"2023-11-09 12:43:13"},{"nodeID":"1291221","text":"Asserting","type":"YA","timestamp":"2023-11-09 12:43:13"},{"nodeID":"1291222","text":"Default Transition","type":"TA","timestamp":"2023-11-09 12:43:13"},{"nodeID":"1291223","text":"Default Transition","type":"TA","timestamp":"2023-11-09 12:43:13"},{"nodeID":"1291224","text":"Default Transition","type":"TA","timestamp":"2023-11-09 12:43:13"},{"nodeID":"1291225","text":"Default Inference","type":"RA","timestamp":"2023-11-09 12:43:13"},{"nodeID":"1291226","text":"Arguing","type":"YA","timestamp":"2023-11-09 12:43:13"},{"nodeID":"1291227","text":"Arguing","type":"YA","timestamp":"2023-11-09 12:43:13"},{"nodeID":"1291228","text":"Default Inference","type":"RA","timestamp":"2023-11-09 12:43:13"},{"nodeID":"1291229","text":"Default Transition","type":"TA","timestamp":"2023-11-09 12:43:13"},{"nodeID":"1291230","text":"Arguing","type":"YA","timestamp":"2023-11-09 12:43:13"}],"edges":[{"edgeID":"1697921","fromID":"1291159","toID":"1291158","formEdgeID":null},{"edgeID":"1697922","fromID":"1291160","toID":"1291159","formEdgeID":null},{"edgeID":"1697923","fromID":"1291158","toID":"1291161","formEdgeID":null},{"edgeID":"1697924","fromID":"1291161","toID":"1291157","formEdgeID":null},{"edgeID":"1697925","fromID":"1291164","toID":"1291163","formEdgeID":null},{"edgeID":"1697926","fromID":"1291165","toID":"1291164","formEdgeID":null},{"edgeID":"1697927","fromID":"1291163","toID":"1291166","formEdgeID":null},{"edgeID":"1697928","fromID":"1291166","toID":"1291162","formEdgeID":null},{"edgeID":"1697929","fromID":"1291168","toID":"1291167","formEdgeID":null},{"edgeID":"1697930","fromID":"1291169","toID":"1291168","formEdgeID":null},{"edgeID":"1697931","fromID":"1291167","toID":"1291170","formEdgeID":null},{"edgeID":"1697932","fromID":"1291170","toID":"499603","formEdgeID":null},{"edgeID":"1697933","fromID":"1291173","toID":"1291172","formEdgeID":null},{"edgeID":"1697934","fromID":"1291174","toID":"1291173","formEdgeID":null},{"edgeID":"1697935","fromID":"1291172","toID":"1291175","formEdgeID":null},{"edgeID":"1697936","fromID":"1291175","toID":"1291171","formEdgeID":null},{"edgeID":"1697937","fromID":"1291178","toID":"1291177","formEdgeID":null},{"edgeID":"1697938","fromID":"1291179","toID":"1291178","formEdgeID":null},{"edgeID":"1697939","fromID":"1291177","toID":"1291180","formEdgeID":null},{"edgeID":"1697940","fromID":"1291180","toID":"1291176","formEdgeID":null},{"edgeID":"1697941","fromID":"1291183","toID":"1291182","formEdgeID":null},{"edgeID":"1697942","fromID":"1291184","toID":"1291183","formEdgeID":null},{"edgeID":"1697943","fromID":"1291182","toID":"1291185","formEdgeID":null},{"edgeID":"1697944","fromID":"1291185","toID":"1291181","formEdgeID":null},{"edgeID":"1697945","fromID":"1291188","toID":"1291187","formEdgeID":null},{"edgeID":"1697946","fromID":"1291189","toID":"1291188","formEdgeID":null},{"edgeID":"1697947","fromID":"1291187","toID":"1291190","formEdgeID":null},{"edgeID":"1697948","fromID":"1291190","toID":"1291186","formEdgeID":null},{"edgeID":"1697949","fromID":"1291193","toID":"1291192","formEdgeID":null},{"edgeID":"1697950","fromID":"1291194","toID":"1291193","formEdgeID":null},{"edgeID":"1697951","fromID":"1291192","toID":"1291195","formEdgeID":null},{"edgeID":"1697952","fromID":"1291195","toID":"1291191","formEdgeID":null},{"edgeID":"1697953","fromID":"1291158","toID":"1291196","formEdgeID":null},{"edgeID":"1697954","fromID":"1291196","toID":"1291163","formEdgeID":null},{"edgeID":"1697955","fromID":"1291163","toID":"1291197","formEdgeID":null},{"edgeID":"1697956","fromID":"1291197","toID":"1291167","formEdgeID":null},{"edgeID":"1697957","fromID":"1291162","toID":"1291198","formEdgeID":null},{"edgeID":"1697958","fromID":"1291198","toID":"1291157","formEdgeID":null},{"edgeID":"1697959","fromID":"1291196","toID":"1291199","formEdgeID":null},{"edgeID":"1697960","fromID":"1291199","toID":"1291198","formEdgeID":null},{"edgeID":"1697961","fromID":"499603","toID":"1291200","formEdgeID":null},{"edgeID":"1697962","fromID":"1291200","toID":"1291162","formEdgeID":null},{"edgeID":"1697963","fromID":"1291197","toID":"1291201","formEdgeID":null},{"edgeID":"1697964","fromID":"1291201","toID":"1291200","formEdgeID":null},{"edgeID":"1697965","fromID":"1291167","toID":"1291202","formEdgeID":null},{"edgeID":"1697966","fromID":"1291202","toID":"1291172","formEdgeID":null},{"edgeID":"1697967","fromID":"1291172","toID":"1291203","formEdgeID":null},{"edgeID":"1697968","fromID":"1291203","toID":"1291177","formEdgeID":null},{"edgeID":"1697969","fromID":"1291182","toID":"1291204","formEdgeID":null},{"edgeID":"1697970","fromID":"1291204","toID":"1291187","formEdgeID":null},{"edgeID":"1697971","fromID":"1291186","toID":"1291205","formEdgeID":null},{"edgeID":"1697972","fromID":"1291205","toID":"1291191","formEdgeID":null},{"edgeID":"1697973","fromID":"1291181","toID":"1291205","formEdgeID":null},{"edgeID":"1697974","fromID":"1291182","toID":"1291206","formEdgeID":null},{"edgeID":"1697975","fromID":"1291206","toID":"1291192","formEdgeID":null},{"edgeID":"1697976","fromID":"1291209","toID":"1291208","formEdgeID":null},{"edgeID":"1697977","fromID":"1291210","toID":"1291209","formEdgeID":null},{"edgeID":"1697978","fromID":"1291208","toID":"1291211","formEdgeID":null},{"edgeID":"1697979","fromID":"1291211","toID":"1291207","formEdgeID":null},{"edgeID":"1697980","fromID":"1291214","toID":"1291213","formEdgeID":null},{"edgeID":"1697981","fromID":"1291215","toID":"1291214","formEdgeID":null},{"edgeID":"1697982","fromID":"1291213","toID":"1291216","formEdgeID":null},{"edgeID":"1697983","fromID":"1291216","toID":"1291212","formEdgeID":null},{"edgeID":"1697984","fromID":"1291219","toID":"1291218","formEdgeID":null},{"edgeID":"1697985","fromID":"1291220","toID":"1291219","formEdgeID":null},{"edgeID":"1697986","fromID":"1291218","toID":"1291221","formEdgeID":null},{"edgeID":"1697987","fromID":"1291221","toID":"1291217","formEdgeID":null},{"edgeID":"1697988","fromID":"1291192","toID":"1291222","formEdgeID":null},{"edgeID":"1697989","fromID":"1291222","toID":"1291208","formEdgeID":null},{"edgeID":"1697990","fromID":"1291208","toID":"1291223","formEdgeID":null},{"edgeID":"1697991","fromID":"1291223","toID":"1291213","formEdgeID":null},{"edgeID":"1697992","fromID":"1291213","toID":"1291224","formEdgeID":null},{"edgeID":"1697993","fromID":"1291224","toID":"1291218","formEdgeID":null},{"edgeID":"1697994","fromID":"1291212","toID":"1291225","formEdgeID":null},{"edgeID":"1697995","fromID":"1291225","toID":"1291217","formEdgeID":null},{"edgeID":"1697996","fromID":"1291224","toID":"1291226","formEdgeID":null},{"edgeID":"1697997","fromID":"1291226","toID":"1291225","formEdgeID":null},{"edgeID":"1697998","fromID":"1291206","toID":"1291227","formEdgeID":null},{"edgeID":"1697999","fromID":"1291227","toID":"1291205","formEdgeID":null},{"edgeID":"1698000","fromID":"1291171","toID":"1291228","formEdgeID":null},{"edgeID":"1698001","fromID":"1291228","toID":"1291181","formEdgeID":null},{"edgeID":"1698002","fromID":"1291176","toID":"1291228","formEdgeID":null},{"edgeID":"1698003","fromID":"1291172","toID":"1291229","formEdgeID":null},{"edgeID":"1698004","fromID":"1291229","toID":"1291182","formEdgeID":null},{"edgeID":"1698005","fromID":"1291229","toID":"1291230","formEdgeID":null},{"edgeID":"1698006","fromID":"1291230","toID":"1291228","formEdgeID":null}],"locutions":[]}