{"nodes":[{"nodeID":"1291329","text":"it is or it is not appropriate to ease the lockdown in all areas of the county at the same time and in the same way even though the effects of the virus have not been evenly distributed","type":"I","timestamp":"2023-11-09 12:43:22"},{"nodeID":"1291330","text":"AudienceMember 20220224QT09: Do you think it is appropriate to ease the lockdown in all areas of the county at the same time and in the same way even though the effects of the virus have not been evenly distributed","type":"L","timestamp":"2023-11-09 12:43:22"},{"nodeID":"1291331","text":"Analysing","type":"YA","timestamp":"2023-11-09 12:43:22"},{"nodeID":"1291332","text":"Anon: AudienceMember 20220224QT09: Do you think it is appropriate to ease the lockdown in all areas of the county at the same time and in the same way even though the effects of the virus have not been evenly distributed","type":"L","timestamp":"2023-11-09 12:43:22"},{"nodeID":"1291333","text":"Pure Questioning","type":"YA","timestamp":"2023-11-09 12:43:22"},{"nodeID":"1291334","text":"in the north we have seen high death rates in towns like Sunderland","type":"I","timestamp":"2023-11-09 12:43:22"},{"nodeID":"1291335","text":"AudienceMember 20220224QT09: in the north we have seen high death rates in towns like Sunderland","type":"L","timestamp":"2023-11-09 12:43:22"},{"nodeID":"1291336","text":"Analysing","type":"YA","timestamp":"2023-11-09 12:43:22"},{"nodeID":"1291337","text":"Anon: AudienceMember 20220224QT09: in the north we have seen high death rates in towns like Sunderland","type":"L","timestamp":"2023-11-09 12:43:22"},{"nodeID":"1291338","text":"Asserting","type":"YA","timestamp":"2023-11-09 12:43:22"},{"nodeID":"1291339","text":"Default Transition","type":"TA","timestamp":"2023-11-09 12:43:22"},{"nodeID":"1291340","text":"Default Rephrase","type":"MA","timestamp":"2023-11-09 12:43:22"},{"nodeID":"1291341","text":"Default Illocuting","type":"YA","timestamp":"2023-11-09 12:43:22"},{"nodeID":"1291342","text":"AudienceMember 20220224QT09 does not know if these death rates should be managed in the same way as other parts of the country like the Northway","type":"I","timestamp":"2023-11-09 12:43:23"},{"nodeID":"1291343","text":"AudienceMember 20220224QT09: I don't know if these should be managed in the same way as other parts of the country like the Northway","type":"L","timestamp":"2023-11-09 12:43:23"},{"nodeID":"1291344","text":"Analysing","type":"YA","timestamp":"2023-11-09 12:43:23"},{"nodeID":"1291345","text":"Anon: AudienceMember 20220224QT09: I don't know if these should be managed in the same way as other parts of the country like the Northway","type":"L","timestamp":"2023-11-09 12:43:23"},{"nodeID":"1291346","text":"Asserting","type":"YA","timestamp":"2023-11-09 12:43:23"},{"nodeID":"1291347","text":"Default Transition","type":"TA","timestamp":"2023-11-09 12:43:23"},{"nodeID":"1291348","text":"Default Inference","type":"RA","timestamp":"2023-11-09 12:43:23"},{"nodeID":"1291349","text":"Arguing","type":"YA","timestamp":"2023-11-09 12:43:23"},{"nodeID":"1291350","text":"Fiona Bruce: Saskia Jennings says she is not seeing easing of lockdown soon in Scotland","type":"L","timestamp":"2023-11-09 12:43:23"},{"nodeID":"1291351","text":"Analysing","type":"YA","timestamp":"2023-11-09 12:43:23"},{"nodeID":"1291352","text":"Anon: Fiona Bruce: Saskia Jennings says she is not seeing easing of lockdown soon in Scotland","type":"L","timestamp":"2023-11-09 12:43:23"},{"nodeID":"1291353","text":"easing of lockdown will not happen soon in Scotland","type":"I","timestamp":"2023-11-09 12:43:24"},{"nodeID":"1291354","text":"Saskia Jennings: easing of lockdown will not happen soon in Scotland","type":"L","timestamp":"2023-11-09 12:43:24"},{"nodeID":"1291355","text":"Analysing","type":"YA","timestamp":"2023-11-09 12:43:24"},{"nodeID":"1291356","text":"Anon: Saskia Jennings: is not seeing easing of lockdown soon in Scotland","type":"L","timestamp":"2023-11-09 12:43:24"},{"nodeID":"1291357","text":"Asserting","type":"YA","timestamp":"2023-11-09 12:43:24"},{"nodeID":"1291358","text":"Default Transition","type":"TA","timestamp":"2023-11-09 12:43:24"},{"nodeID":"1291359","text":"Default Transition","type":"TA","timestamp":"2023-11-09 12:43:24"},{"nodeID":"1291360","text":"easing of lockdown not happening soon in Scotland is Saskia Jennings view","type":"I","timestamp":"2023-11-09 12:43:24"},{"nodeID":"1291361","text":"Fiona Bruce: That's her view","type":"L","timestamp":"2023-11-09 12:43:24"},{"nodeID":"1291362","text":"Analysing","type":"YA","timestamp":"2023-11-09 12:43:24"},{"nodeID":"1291363","text":"Anon: Fiona Bruce: That's her view","type":"L","timestamp":"2023-11-09 12:43:24"},{"nodeID":"1291364","text":"Asserting","type":"YA","timestamp":"2023-11-09 12:43:24"},{"nodeID":"1291365","text":"Default Transition","type":"TA","timestamp":"2023-11-09 12:43:24"},{"nodeID":"1291366","text":"Default Rephrase","type":"MA","timestamp":"2023-11-09 12:43:24"},{"nodeID":"1291367","text":"Restating","type":"YA","timestamp":"2023-11-09 12:43:24"},{"nodeID":"1291368","text":"Nick Thomas-Symonds' view on Scotland easing lockdown is xxx","type":"I","timestamp":"2023-11-09 12:43:25"},{"nodeID":"1291369","text":"Fiona Bruce: what's your view about that","type":"L","timestamp":"2023-11-09 12:43:25"},{"nodeID":"1291370","text":"Analysing","type":"YA","timestamp":"2023-11-09 12:43:25"},{"nodeID":"1291371","text":"Anon: Fiona Bruce: what's your view about that","type":"L","timestamp":"2023-11-09 12:43:25"},{"nodeID":"1291372","text":"Pure Questioning","type":"YA","timestamp":"2023-11-09 12:43:25"},{"nodeID":"1291373","text":"Default Transition","type":"TA","timestamp":"2023-11-09 12:43:25"},{"nodeID":"1291374","text":"the rate of infection is xxx","type":"I","timestamp":"2023-11-09 12:43:25"},{"nodeID":"1291375","text":"Fiona Bruce: what is the rate of infection","type":"L","timestamp":"2023-11-09 12:43:25"},{"nodeID":"1291376","text":"Analysing","type":"YA","timestamp":"2023-11-09 12:43:25"},{"nodeID":"1291377","text":"Anon: Fiona Bruce: what is the rate of infection","type":"L","timestamp":"2023-11-09 12:43:25"},{"nodeID":"1291378","text":"Pure Questioning","type":"YA","timestamp":"2023-11-09 12:43:25"},{"nodeID":"1291379","text":"Default Transition","type":"TA","timestamp":"2023-11-09 12:43:25"},{"nodeID":"1291380","text":"the number of cases is xxx","type":"I","timestamp":"2023-11-09 12:43:26"},{"nodeID":"1291381","text":"Fiona Bruce: the number of cases","type":"L","timestamp":"2023-11-09 12:43:26"},{"nodeID":"1291382","text":"Analysing","type":"YA","timestamp":"2023-11-09 12:43:26"},{"nodeID":"1291383","text":"Anon: Fiona Bruce: the number of cases","type":"L","timestamp":"2023-11-09 12:43:26"},{"nodeID":"1291384","text":"Pure Questioning","type":"YA","timestamp":"2023-11-09 12:43:26"},{"nodeID":"1291385","text":"Default Transition","type":"TA","timestamp":"2023-11-09 12:43:26"},{"nodeID":"1291386","text":"Default Rephrase","type":"MA","timestamp":"2023-11-09 12:43:26"},{"nodeID":"1291387","text":"Restating","type":"YA","timestamp":"2023-11-09 12:43:26"},{"nodeID":"1291388","text":"Default Rephrase","type":"MA","timestamp":"2023-11-09 12:43:26"},{"nodeID":"1291389","text":"Restating","type":"YA","timestamp":"2023-11-09 12:43:26"},{"nodeID":"1291390","text":"Nick Thomas-Symonds is in Wales","type":"I","timestamp":"2023-11-09 12:43:27"},{"nodeID":"1291391","text":"Nick Thomas-Symonds: I sit here in Wales","type":"L","timestamp":"2023-11-09 12:43:27"},{"nodeID":"1291392","text":"Analysing","type":"YA","timestamp":"2023-11-09 12:43:27"},{"nodeID":"1291393","text":"Anon: Nick Thomas-Symonds: I sit here in Wales","type":"L","timestamp":"2023-11-09 12:43:27"},{"nodeID":"1291394","text":"Asserting","type":"YA","timestamp":"2023-11-09 12:43:27"},{"nodeID":"1291395","text":"Default Transition","type":"TA","timestamp":"2023-11-09 12:43:27"},{"nodeID":"1291396","text":"there have been moments in the crisis where Wales have taken slightly different decisions","type":"I","timestamp":"2023-11-09 12:43:27"},{"nodeID":"1291397","text":"Nick Thomas-Symonds: There have been moments in the crisis where Wales have taken slightly different decisions","type":"L","timestamp":"2023-11-09 12:43:27"},{"nodeID":"1291398","text":"Analysing","type":"YA","timestamp":"2023-11-09 12:43:27"},{"nodeID":"1291399","text":"Anon: Nick Thomas-Symonds: There have been moments in the crisis where Wales have taken slightly different decisions","type":"L","timestamp":"2023-11-09 12:43:27"},{"nodeID":"1291400","text":"Asserting","type":"YA","timestamp":"2023-11-09 12:43:27"},{"nodeID":"1291401","text":"Default Transition","type":"TA","timestamp":"2023-11-09 12:43:27"},{"nodeID":"1291402","text":"the guidelines, for example, are slightly different","type":"I","timestamp":"2023-11-09 12:43:28"},{"nodeID":"1291403","text":"Nick Thomas-Symonds: The guidelines, for example, are slightly different","type":"L","timestamp":"2023-11-09 12:43:28"},{"nodeID":"1291404","text":"Analysing","type":"YA","timestamp":"2023-11-09 12:43:28"},{"nodeID":"1291405","text":"Anon: Nick Thomas-Symonds: The guidelines, for example, are slightly different","type":"L","timestamp":"2023-11-09 12:43:28"},{"nodeID":"1291406","text":"Asserting","type":"YA","timestamp":"2023-11-09 12:43:28"},{"nodeID":"1291407","text":"Default Transition","type":"TA","timestamp":"2023-11-09 12:43:28"},{"nodeID":"1291408","text":"Default Inference","type":"RA","timestamp":"2023-11-09 12:43:28"},{"nodeID":"1291409","text":"Arguing","type":"YA","timestamp":"2023-11-09 12:43:28"},{"nodeID":"1291410","text":"on the whole the Welsh government has tried to take a four nations approach","type":"I","timestamp":"2023-11-09 12:43:28"},{"nodeID":"1291411","text":"Nick Thomas-Symonds: on the whole the Welsh government has tried to take a four nations approach","type":"L","timestamp":"2023-11-09 12:43:28"},{"nodeID":"1291412","text":"Analysing","type":"YA","timestamp":"2023-11-09 12:43:28"},{"nodeID":"1291413","text":"Anon: Nick Thomas-Symonds: on the whole the Welsh government has tried to take a four nations approach","type":"L","timestamp":"2023-11-09 12:43:28"},{"nodeID":"1291414","text":"Asserting","type":"YA","timestamp":"2023-11-09 12:43:28"},{"nodeID":"1291415","text":"Default Conflict","type":"CA","timestamp":"2023-11-09 12:43:28"},{"nodeID":"1291416","text":"Default Transition","type":"TA","timestamp":"2023-11-09 12:43:28"},{"nodeID":"1291417","text":"Disagreeing","type":"YA","timestamp":"2023-11-09 12:43:28"},{"nodeID":"1291418","text":"taking a four nations approach has been the sensible way to proceed","type":"I","timestamp":"2023-11-09 12:43:29"},{"nodeID":"1291419","text":"Nick Thomas-Symonds: that has been the sensible way to proceed","type":"L","timestamp":"2023-11-09 12:43:29"},{"nodeID":"1291420","text":"Analysing","type":"YA","timestamp":"2023-11-09 12:43:29"},{"nodeID":"1291421","text":"Anon: Nick Thomas-Symonds: that has been the sensible way to proceed","type":"L","timestamp":"2023-11-09 12:43:29"},{"nodeID":"1291422","text":"Asserting","type":"YA","timestamp":"2023-11-09 12:43:29"},{"nodeID":"1291423","text":"Default Transition","type":"TA","timestamp":"2023-11-09 12:43:29"},{"nodeID":"1291424","text":"we do all share these islands","type":"I","timestamp":"2023-11-09 12:43:30"},{"nodeID":"1291425","text":"Nick Thomas-Symonds: we do all share these islands","type":"L","timestamp":"2023-11-09 12:43:30"},{"nodeID":"1291426","text":"Analysing","type":"YA","timestamp":"2023-11-09 12:43:30"},{"nodeID":"1291427","text":"Anon: Nick Thomas-Symonds: we do all share these islands","type":"L","timestamp":"2023-11-09 12:43:30"},{"nodeID":"1291428","text":"Asserting","type":"YA","timestamp":"2023-11-09 12:43:30"},{"nodeID":"1291429","text":"Default Transition","type":"TA","timestamp":"2023-11-09 12:43:30"},{"nodeID":"1291430","text":"Default Rephrase","type":"MA","timestamp":"2023-11-09 12:43:30"},{"nodeID":"1291431","text":"Restating","type":"YA","timestamp":"2023-11-09 12:43:30"},{"nodeID":"1291432","text":"Default Inference","type":"RA","timestamp":"2023-11-09 12:43:30"},{"nodeID":"1291433","text":"Arguing","type":"YA","timestamp":"2023-11-09 12:43:30"},{"nodeID":"1291434","text":"in Nick Thomas-Symonds constituency tier for Torfaen he would in ordinary circumstances have people who commuted to work","type":"I","timestamp":"2023-11-09 12:43:30"},{"nodeID":"1291435","text":"Nick Thomas-Symonds: in my own constituency tier for Torfaen I would in ordinary circumstances have people who commuted to work","type":"L","timestamp":"2023-11-09 12:43:30"},{"nodeID":"1291436","text":"Analysing","type":"YA","timestamp":"2023-11-09 12:43:30"},{"nodeID":"1291437","text":"Anon: Nick Thomas-Symonds: in my own constituency tier for Torfaen I would in ordinary circumstances have people who commuted to work","type":"L","timestamp":"2023-11-09 12:43:30"},{"nodeID":"1291438","text":"Asserting","type":"YA","timestamp":"2023-11-09 12:43:30"},{"nodeID":"1291439","text":"Default Transition","type":"TA","timestamp":"2023-11-09 12:43:30"},{"nodeID":"1291440","text":"different at the moment but in ordinary circumstances working people commute over the border","type":"I","timestamp":"2023-11-09 12:43:31"},{"nodeID":"1291441","text":"Nick Thomas-Symonds: Different at the moment but in ordinary circumstances they commute over the border","type":"L","timestamp":"2023-11-09 12:43:31"},{"nodeID":"1291442","text":"Analysing","type":"YA","timestamp":"2023-11-09 12:43:31"},{"nodeID":"1291443","text":"Anon: Nick Thomas-Symonds: Different at the moment but in ordinary circumstances they commute over the border","type":"L","timestamp":"2023-11-09 12:43:31"},{"nodeID":"1291444","text":"Asserting","type":"YA","timestamp":"2023-11-09 12:43:31"},{"nodeID":"1291445","text":"Default Transition","type":"TA","timestamp":"2023-11-09 12:43:31"},{"nodeID":"1291446","text":"Default Rephrase","type":"MA","timestamp":"2023-11-09 12:43:31"},{"nodeID":"1291447","text":"Restating","type":"YA","timestamp":"2023-11-09 12:43:31"},{"nodeID":"1291448","text":"it gets very difficult if you have things that are very, very different in different parts of the country","type":"I","timestamp":"2023-11-09 12:43:32"},{"nodeID":"1291449","text":"Nick Thomas-Symonds: It gets very difficult if you have things that are very, very different in different parts of the country","type":"L","timestamp":"2023-11-09 12:43:32"},{"nodeID":"1291450","text":"Analysing","type":"YA","timestamp":"2023-11-09 12:43:32"},{"nodeID":"1291451","text":"Anon: Nick Thomas-Symonds: It gets very difficult if you have things that are very, very different in different parts of the country","type":"L","timestamp":"2023-11-09 12:43:32"},{"nodeID":"1291452","text":"Asserting","type":"YA","timestamp":"2023-11-09 12:43:32"},{"nodeID":"1291453","text":"Default Transition","type":"TA","timestamp":"2023-11-09 12:43:32"},{"nodeID":"1291454","text":"Default Inference","type":"RA","timestamp":"2023-11-09 12:43:32"},{"nodeID":"1291455","text":"Arguing","type":"YA","timestamp":"2023-11-09 12:43:32"}],"edges":[{"edgeID":"1698122","fromID":"1291331","toID":"1291330","formEdgeID":null},{"edgeID":"1698123","fromID":"1291332","toID":"1291331","formEdgeID":null},{"edgeID":"1698124","fromID":"1291330","toID":"1291333","formEdgeID":null},{"edgeID":"1698125","fromID":"1291333","toID":"1291329","formEdgeID":null},{"edgeID":"1698126","fromID":"1291336","toID":"1291335","formEdgeID":null},{"edgeID":"1698127","fromID":"1291337","toID":"1291336","formEdgeID":null},{"edgeID":"1698128","fromID":"1291335","toID":"1291338","formEdgeID":null},{"edgeID":"1698129","fromID":"1291338","toID":"1291334","formEdgeID":null},{"edgeID":"1698130","fromID":"1291330","toID":"1291339","formEdgeID":null},{"edgeID":"1698131","fromID":"1291339","toID":"1291335","formEdgeID":null},{"edgeID":"1698132","fromID":"1291334","toID":"1291340","formEdgeID":null},{"edgeID":"1698133","fromID":"1291340","toID":"1291329","formEdgeID":null},{"edgeID":"1698134","fromID":"1291339","toID":"1291341","formEdgeID":null},{"edgeID":"1698135","fromID":"1291341","toID":"1291340","formEdgeID":null},{"edgeID":"1698136","fromID":"1291344","toID":"1291343","formEdgeID":null},{"edgeID":"1698137","fromID":"1291345","toID":"1291344","formEdgeID":null},{"edgeID":"1698138","fromID":"1291343","toID":"1291346","formEdgeID":null},{"edgeID":"1698139","fromID":"1291346","toID":"1291342","formEdgeID":null},{"edgeID":"1698140","fromID":"1291335","toID":"1291347","formEdgeID":null},{"edgeID":"1698141","fromID":"1291347","toID":"1291343","formEdgeID":null},{"edgeID":"1698142","fromID":"1291334","toID":"1291348","formEdgeID":null},{"edgeID":"1698143","fromID":"1291348","toID":"1291342","formEdgeID":null},{"edgeID":"1698144","fromID":"1291347","toID":"1291349","formEdgeID":null},{"edgeID":"1698145","fromID":"1291349","toID":"1291348","formEdgeID":null},{"edgeID":"1698146","fromID":"1291351","toID":"1291350","formEdgeID":null},{"edgeID":"1698147","fromID":"1291352","toID":"1291351","formEdgeID":null},{"edgeID":"1698148","fromID":"1291355","toID":"1291354","formEdgeID":null},{"edgeID":"1698149","fromID":"1291356","toID":"1291355","formEdgeID":null},{"edgeID":"1698150","fromID":"1291354","toID":"1291357","formEdgeID":null},{"edgeID":"1698151","fromID":"1291357","toID":"1291353","formEdgeID":null},{"edgeID":"1698152","fromID":"1291350","toID":"1291358","formEdgeID":null},{"edgeID":"1698153","fromID":"1291358","toID":"1291354","formEdgeID":null},{"edgeID":"1698154","fromID":"1291343","toID":"1291359","formEdgeID":null},{"edgeID":"1698155","fromID":"1291359","toID":"1291350","formEdgeID":null},{"edgeID":"1698156","fromID":"1291362","toID":"1291361","formEdgeID":null},{"edgeID":"1698157","fromID":"1291363","toID":"1291362","formEdgeID":null},{"edgeID":"1698158","fromID":"1291361","toID":"1291364","formEdgeID":null},{"edgeID":"1698159","fromID":"1291364","toID":"1291360","formEdgeID":null},{"edgeID":"1698160","fromID":"1291350","toID":"1291365","formEdgeID":null},{"edgeID":"1698161","fromID":"1291365","toID":"1291361","formEdgeID":null},{"edgeID":"1698162","fromID":"1291360","toID":"1291366","formEdgeID":null},{"edgeID":"1698163","fromID":"1291366","toID":"1291353","formEdgeID":null},{"edgeID":"1698164","fromID":"1291365","toID":"1291367","formEdgeID":null},{"edgeID":"1698165","fromID":"1291367","toID":"1291366","formEdgeID":null},{"edgeID":"1698166","fromID":"1291370","toID":"1291369","formEdgeID":null},{"edgeID":"1698167","fromID":"1291371","toID":"1291370","formEdgeID":null},{"edgeID":"1698168","fromID":"1291369","toID":"1291372","formEdgeID":null},{"edgeID":"1698169","fromID":"1291372","toID":"1291368","formEdgeID":null},{"edgeID":"1698170","fromID":"1291361","toID":"1291373","formEdgeID":null},{"edgeID":"1698171","fromID":"1291373","toID":"1291369","formEdgeID":null},{"edgeID":"1698172","fromID":"1291376","toID":"1291375","formEdgeID":null},{"edgeID":"1698173","fromID":"1291377","toID":"1291376","formEdgeID":null},{"edgeID":"1698174","fromID":"1291375","toID":"1291378","formEdgeID":null},{"edgeID":"1698175","fromID":"1291378","toID":"1291374","formEdgeID":null},{"edgeID":"1698176","fromID":"1291369","toID":"1291379","formEdgeID":null},{"edgeID":"1698177","fromID":"1291379","toID":"1291375","formEdgeID":null},{"edgeID":"1698178","fromID":"1291382","toID":"1291381","formEdgeID":null},{"edgeID":"1698179","fromID":"1291383","toID":"1291382","formEdgeID":null},{"edgeID":"1698180","fromID":"1291381","toID":"1291384","formEdgeID":null},{"edgeID":"1698181","fromID":"1291384","toID":"1291380","formEdgeID":null},{"edgeID":"1698182","fromID":"1291375","toID":"1291385","formEdgeID":null},{"edgeID":"1698183","fromID":"1291385","toID":"1291381","formEdgeID":null},{"edgeID":"1698184","fromID":"1291374","toID":"1291386","formEdgeID":null},{"edgeID":"1698185","fromID":"1291386","toID":"1291368","formEdgeID":null},{"edgeID":"1698186","fromID":"1291379","toID":"1291387","formEdgeID":null},{"edgeID":"1698187","fromID":"1291387","toID":"1291386","formEdgeID":null},{"edgeID":"1698188","fromID":"1291380","toID":"1291388","formEdgeID":null},{"edgeID":"1698189","fromID":"1291388","toID":"1291374","formEdgeID":null},{"edgeID":"1698190","fromID":"1291385","toID":"1291389","formEdgeID":null},{"edgeID":"1698191","fromID":"1291389","toID":"1291388","formEdgeID":null},{"edgeID":"1698192","fromID":"1291392","toID":"1291391","formEdgeID":null},{"edgeID":"1698193","fromID":"1291393","toID":"1291392","formEdgeID":null},{"edgeID":"1698194","fromID":"1291391","toID":"1291394","formEdgeID":null},{"edgeID":"1698195","fromID":"1291394","toID":"1291390","formEdgeID":null},{"edgeID":"1698196","fromID":"1291381","toID":"1291395","formEdgeID":null},{"edgeID":"1698197","fromID":"1291395","toID":"1291391","formEdgeID":null},{"edgeID":"1698198","fromID":"1291398","toID":"1291397","formEdgeID":null},{"edgeID":"1698199","fromID":"1291399","toID":"1291398","formEdgeID":null},{"edgeID":"1698200","fromID":"1291397","toID":"1291400","formEdgeID":null},{"edgeID":"1698201","fromID":"1291400","toID":"1291396","formEdgeID":null},{"edgeID":"1698202","fromID":"1291391","toID":"1291401","formEdgeID":null},{"edgeID":"1698203","fromID":"1291401","toID":"1291397","formEdgeID":null},{"edgeID":"1698204","fromID":"1291404","toID":"1291403","formEdgeID":null},{"edgeID":"1698205","fromID":"1291405","toID":"1291404","formEdgeID":null},{"edgeID":"1698206","fromID":"1291403","toID":"1291406","formEdgeID":null},{"edgeID":"1698207","fromID":"1291406","toID":"1291402","formEdgeID":null},{"edgeID":"1698208","fromID":"1291397","toID":"1291407","formEdgeID":null},{"edgeID":"1698209","fromID":"1291407","toID":"1291403","formEdgeID":null},{"edgeID":"1698210","fromID":"1291402","toID":"1291408","formEdgeID":null},{"edgeID":"1698211","fromID":"1291408","toID":"1291396","formEdgeID":null},{"edgeID":"1698212","fromID":"1291407","toID":"1291409","formEdgeID":null},{"edgeID":"1698213","fromID":"1291409","toID":"1291408","formEdgeID":null},{"edgeID":"1698214","fromID":"1291412","toID":"1291411","formEdgeID":null},{"edgeID":"1698215","fromID":"1291413","toID":"1291412","formEdgeID":null},{"edgeID":"1698216","fromID":"1291411","toID":"1291414","formEdgeID":null},{"edgeID":"1698217","fromID":"1291414","toID":"1291410","formEdgeID":null},{"edgeID":"1698218","fromID":"1291410","toID":"1291415","formEdgeID":null},{"edgeID":"1698219","fromID":"1291415","toID":"1291396","formEdgeID":null},{"edgeID":"1698220","fromID":"1291397","toID":"1291416","formEdgeID":null},{"edgeID":"1698221","fromID":"1291416","toID":"1291411","formEdgeID":null},{"edgeID":"1698222","fromID":"1291416","toID":"1291417","formEdgeID":null},{"edgeID":"1698223","fromID":"1291417","toID":"1291415","formEdgeID":null},{"edgeID":"1698224","fromID":"1291420","toID":"1291419","formEdgeID":null},{"edgeID":"1698225","fromID":"1291421","toID":"1291420","formEdgeID":null},{"edgeID":"1698226","fromID":"1291419","toID":"1291422","formEdgeID":null},{"edgeID":"1698227","fromID":"1291422","toID":"1291418","formEdgeID":null},{"edgeID":"1698228","fromID":"1291411","toID":"1291423","formEdgeID":null},{"edgeID":"1698229","fromID":"1291423","toID":"1291419","formEdgeID":null},{"edgeID":"1698230","fromID":"1291426","toID":"1291425","formEdgeID":null},{"edgeID":"1698231","fromID":"1291427","toID":"1291426","formEdgeID":null},{"edgeID":"1698232","fromID":"1291425","toID":"1291428","formEdgeID":null},{"edgeID":"1698233","fromID":"1291428","toID":"1291424","formEdgeID":null},{"edgeID":"1698234","fromID":"1291419","toID":"1291429","formEdgeID":null},{"edgeID":"1698235","fromID":"1291429","toID":"1291425","formEdgeID":null},{"edgeID":"1698236","fromID":"1291418","toID":"1291430","formEdgeID":null},{"edgeID":"1698237","fromID":"1291430","toID":"1291410","formEdgeID":null},{"edgeID":"1698238","fromID":"1291423","toID":"1291431","formEdgeID":null},{"edgeID":"1698239","fromID":"1291431","toID":"1291430","formEdgeID":null},{"edgeID":"1698240","fromID":"1291424","toID":"1291432","formEdgeID":null},{"edgeID":"1698241","fromID":"1291432","toID":"1291418","formEdgeID":null},{"edgeID":"1698242","fromID":"1291429","toID":"1291433","formEdgeID":null},{"edgeID":"1698243","fromID":"1291433","toID":"1291432","formEdgeID":null},{"edgeID":"1698244","fromID":"1291436","toID":"1291435","formEdgeID":null},{"edgeID":"1698245","fromID":"1291437","toID":"1291436","formEdgeID":null},{"edgeID":"1698246","fromID":"1291435","toID":"1291438","formEdgeID":null},{"edgeID":"1698247","fromID":"1291438","toID":"1291434","formEdgeID":null},{"edgeID":"1698248","fromID":"1291425","toID":"1291439","formEdgeID":null},{"edgeID":"1698249","fromID":"1291439","toID":"1291435","formEdgeID":null},{"edgeID":"1698250","fromID":"1291442","toID":"1291441","formEdgeID":null},{"edgeID":"1698251","fromID":"1291443","toID":"1291442","formEdgeID":null},{"edgeID":"1698252","fromID":"1291441","toID":"1291444","formEdgeID":null},{"edgeID":"1698253","fromID":"1291444","toID":"1291440","formEdgeID":null},{"edgeID":"1698254","fromID":"1291435","toID":"1291445","formEdgeID":null},{"edgeID":"1698255","fromID":"1291445","toID":"1291441","formEdgeID":null},{"edgeID":"1698256","fromID":"1291440","toID":"1291446","formEdgeID":null},{"edgeID":"1698257","fromID":"1291446","toID":"1291434","formEdgeID":null},{"edgeID":"1698258","fromID":"1291445","toID":"1291447","formEdgeID":null},{"edgeID":"1698259","fromID":"1291447","toID":"1291446","formEdgeID":null},{"edgeID":"1698260","fromID":"1291450","toID":"1291449","formEdgeID":null},{"edgeID":"1698261","fromID":"1291451","toID":"1291450","formEdgeID":null},{"edgeID":"1698262","fromID":"1291449","toID":"1291452","formEdgeID":null},{"edgeID":"1698263","fromID":"1291452","toID":"1291448","formEdgeID":null},{"edgeID":"1698264","fromID":"1291441","toID":"1291453","formEdgeID":null},{"edgeID":"1698265","fromID":"1291453","toID":"1291449","formEdgeID":null},{"edgeID":"1698266","fromID":"1291440","toID":"1291454","formEdgeID":null},{"edgeID":"1698267","fromID":"1291454","toID":"1291448","formEdgeID":null},{"edgeID":"1698268","fromID":"1291453","toID":"1291455","formEdgeID":null},{"edgeID":"1698269","fromID":"1291455","toID":"1291454","formEdgeID":null}],"locutions":[]}