{"nodes":[{"nodeID":"731385","text":"we don't know","type":"I","timestamp":"2021-07-08 20:13:12"},{"nodeID":"1290407","text":"xxx is what close contacts of people contacted by the track and trace app should do","type":"I","timestamp":"2023-11-09 12:42:06"},{"nodeID":"1290408","text":"Fiona Bruce: What should they do","type":"L","timestamp":"2023-11-09 12:42:06"},{"nodeID":"1290409","text":"Analysing","type":"YA","timestamp":"2023-11-09 12:42:06"},{"nodeID":"1290410","text":"Chris: Fiona Bruce: What should they do","type":"L","timestamp":"2023-11-09 12:42:06"},{"nodeID":"1290411","text":"Pure Questioning","type":"YA","timestamp":"2023-11-09 12:42:06"},{"nodeID":"1290412","text":"close contacts of people contacted by track and trace should self-isolate as well","type":"I","timestamp":"2023-11-09 12:42:07"},{"nodeID":"1290413","text":"George Eustice: Self-isolate as well","type":"L","timestamp":"2023-11-09 12:42:07"},{"nodeID":"1290414","text":"Analysing","type":"YA","timestamp":"2023-11-09 12:42:07"},{"nodeID":"1290415","text":"Chris: George Eustice: Self-isolate as well","type":"L","timestamp":"2023-11-09 12:42:07"},{"nodeID":"1290416","text":"Asserting","type":"YA","timestamp":"2023-11-09 12:42:07"},{"nodeID":"1290417","text":"Default Transition","type":"TA","timestamp":"2023-11-09 12:42:07"},{"nodeID":"1290418","text":"Default Rephrase","type":"MA","timestamp":"2023-11-09 12:42:07"},{"nodeID":"1290419","text":"Default Illocuting","type":"YA","timestamp":"2023-11-09 12:42:07"},{"nodeID":"1290420","text":"xxx is how long should people close to people contacted by track and trace isolate for","type":"I","timestamp":"2023-11-09 12:42:07"},{"nodeID":"1290421","text":"Fiona Bruce: For how long","type":"L","timestamp":"2023-11-09 12:42:07"},{"nodeID":"1290422","text":"Analysing","type":"YA","timestamp":"2023-11-09 12:42:07"},{"nodeID":"1290423","text":"Chris: Fiona Bruce: For how long","type":"L","timestamp":"2023-11-09 12:42:07"},{"nodeID":"1290424","text":"Pure Questioning","type":"YA","timestamp":"2023-11-09 12:42:07"},{"nodeID":"1290425","text":"Default Transition","type":"TA","timestamp":"2023-11-09 12:42:07"},{"nodeID":"1290426","text":"Default Rephrase","type":"MA","timestamp":"2023-11-09 12:42:07"},{"nodeID":"1290427","text":"Restating","type":"YA","timestamp":"2023-11-09 12:42:07"},{"nodeID":"1290428","text":"it has yet to be decided how long close contacts of people contacted by track and trace should isolate for","type":"I","timestamp":"2023-11-09 12:42:08"},{"nodeID":"1290429","text":"George Eustice: That's to be decided","type":"L","timestamp":"2023-11-09 12:42:08"},{"nodeID":"1290430","text":"Analysing","type":"YA","timestamp":"2023-11-09 12:42:08"},{"nodeID":"1290431","text":"Chris: George Eustice: That's to be decided","type":"L","timestamp":"2023-11-09 12:42:08"},{"nodeID":"1290432","text":"Asserting","type":"YA","timestamp":"2023-11-09 12:42:08"},{"nodeID":"1290433","text":"Default Transition","type":"TA","timestamp":"2023-11-09 12:42:08"},{"nodeID":"1290434","text":"Default Rephrase","type":"MA","timestamp":"2023-11-09 12:42:08"},{"nodeID":"1290435","text":"Default Illocuting","type":"YA","timestamp":"2023-11-09 12:42:08"},{"nodeID":"1290436","text":"two weeks is being suggested","type":"I","timestamp":"2023-11-09 12:42:08"},{"nodeID":"1290437","text":"George Eustice: Two weeks is being suggested","type":"L","timestamp":"2023-11-09 12:42:08"},{"nodeID":"1290438","text":"Analysing","type":"YA","timestamp":"2023-11-09 12:42:08"},{"nodeID":"1290439","text":"Chris: George Eustice: Two weeks is being suggested","type":"L","timestamp":"2023-11-09 12:42:08"},{"nodeID":"1290440","text":"Asserting","type":"YA","timestamp":"2023-11-09 12:42:08"},{"nodeID":"1290441","text":"Default Transition","type":"TA","timestamp":"2023-11-09 12:42:08"},{"nodeID":"1290442","text":"Default Rephrase","type":"MA","timestamp":"2023-11-09 12:42:08"},{"nodeID":"1290443","text":"Restating","type":"YA","timestamp":"2023-11-09 12:42:08"},{"nodeID":"1290444","text":"let's understand how it works to be clear","type":"I","timestamp":"2023-11-09 12:42:09"},{"nodeID":"1290445","text":"Fiona Bruce: Let's understand how it works to be clear","type":"L","timestamp":"2023-11-09 12:42:09"},{"nodeID":"1290446","text":"Analysing","type":"YA","timestamp":"2023-11-09 12:42:09"},{"nodeID":"1290447","text":"Chris: Fiona Bruce: Let's understand how it works to be clear","type":"L","timestamp":"2023-11-09 12:42:09"},{"nodeID":"1290448","text":"Asserting","type":"YA","timestamp":"2023-11-09 12:42:09"},{"nodeID":"1290449","text":"Default Transition","type":"TA","timestamp":"2023-11-09 12:42:09"},{"nodeID":"1290450","text":"this is something that may be coming the way of all of us","type":"I","timestamp":"2023-11-09 12:42:10"},{"nodeID":"1290451","text":"Fiona Bruce: This is something that may be coming the way of all of us","type":"L","timestamp":"2023-11-09 12:42:10"},{"nodeID":"1290452","text":"Analysing","type":"YA","timestamp":"2023-11-09 12:42:10"},{"nodeID":"1290453","text":"Chris: Fiona Bruce: This is something that may be coming the way of all of us","type":"L","timestamp":"2023-11-09 12:42:10"},{"nodeID":"1290454","text":"Asserting","type":"YA","timestamp":"2023-11-09 12:42:10"},{"nodeID":"1290455","text":"Default Transition","type":"TA","timestamp":"2023-11-09 12:42:10"},{"nodeID":"1290456","text":"Default Inference","type":"RA","timestamp":"2023-11-09 12:42:10"},{"nodeID":"1290457","text":"Arguing","type":"YA","timestamp":"2023-11-09 12:42:10"},{"nodeID":"1290458","text":"one gets an alert on their phone saying you have been in touch with someone who's reported in systems as having Coronavirus","type":"I","timestamp":"2023-11-09 12:42:10"},{"nodeID":"1290459","text":"Fiona Bruce: You get an alert on your phone saying you have been in touch with someone who's reported in systems as having Coronavirus","type":"L","timestamp":"2023-11-09 12:42:10"},{"nodeID":"1290460","text":"Analysing","type":"YA","timestamp":"2023-11-09 12:42:10"},{"nodeID":"1290461","text":"Chris: Fiona Bruce: You get an alert on your phone saying you have been in touch with someone who's reported in systems as having Coronavirus","type":"L","timestamp":"2023-11-09 12:42:10"},{"nodeID":"1290462","text":"Asserting","type":"YA","timestamp":"2023-11-09 12:42:10"},{"nodeID":"1290463","text":"Default Transition","type":"TA","timestamp":"2023-11-09 12:42:10"},{"nodeID":"1290464","text":"Default Rephrase","type":"MA","timestamp":"2023-11-09 12:42:10"},{"nodeID":"1290465","text":"Restating","type":"YA","timestamp":"2023-11-09 12:42:10"},{"nodeID":"1290466","text":"self-isolate for a fortnight, then your family has to self-isolate for a fortnight as well","type":"I","timestamp":"2023-11-09 12:42:11"},{"nodeID":"1290467","text":"Fiona Bruce: Self-isolate for a fortnight, then your family has to self-isolate for a fortnight as well","type":"L","timestamp":"2023-11-09 12:42:11"},{"nodeID":"1290468","text":"Analysing","type":"YA","timestamp":"2023-11-09 12:42:11"},{"nodeID":"1290469","text":"Chris: Fiona Bruce: Self-isolate for a fortnight, then your family has to self-isolate for a fortnight as well","type":"L","timestamp":"2023-11-09 12:42:11"},{"nodeID":"1290470","text":"Asserting","type":"YA","timestamp":"2023-11-09 12:42:11"},{"nodeID":"1290471","text":"Default Transition","type":"TA","timestamp":"2023-11-09 12:42:11"},{"nodeID":"1290472","text":"Default Rephrase","type":"MA","timestamp":"2023-11-09 12:42:11"},{"nodeID":"1290473","text":"Restating","type":"YA","timestamp":"2023-11-09 12:42:11"},{"nodeID":"1290474","text":"these are all details that are being worked through but essentially","type":"I","timestamp":"2023-11-09 12:42:11"},{"nodeID":"1290475","text":"George Eustice: These are details that are being worked through but essentially","type":"L","timestamp":"2023-11-09 12:42:11"},{"nodeID":"1290476","text":"Analysing","type":"YA","timestamp":"2023-11-09 12:42:11"},{"nodeID":"1290477","text":"Chris: George Eustice: These are details that are being worked through but essentially","type":"L","timestamp":"2023-11-09 12:42:11"},{"nodeID":"1290478","text":"Asserting","type":"YA","timestamp":"2023-11-09 12:42:11"},{"nodeID":"1290479","text":"Default Transition","type":"TA","timestamp":"2023-11-09 12:42:11"},{"nodeID":"1290480","text":"Agreeing","type":"YA","timestamp":"2023-11-09 12:42:11"},{"nodeID":"1290481","text":"Default Rephrase","type":"MA","timestamp":"2023-11-09 12:42:11"},{"nodeID":"1290482","text":"Default Illocuting","type":"YA","timestamp":"2023-11-09 12:42:11"},{"nodeID":"1290483","text":"we don't know yet","type":"I","timestamp":"2023-11-09 12:42:12"},{"nodeID":"1290484","text":"Fiona Bruce: We don't know yet","type":"L","timestamp":"2023-11-09 12:42:12"},{"nodeID":"1290485","text":"Analysing","type":"YA","timestamp":"2023-11-09 12:42:12"},{"nodeID":"1290486","text":"Chris: Fiona Bruce: We don't know yet","type":"L","timestamp":"2023-11-09 12:42:12"},{"nodeID":"1290487","text":"Assertive Questioning","type":"YA","timestamp":"2023-11-09 12:42:12"},{"nodeID":"1290488","text":"Default Transition","type":"TA","timestamp":"2023-11-09 12:42:12"},{"nodeID":"1290489","text":"Default Rephrase","type":"MA","timestamp":"2023-11-09 12:42:12"},{"nodeID":"1290490","text":"Restating","type":"YA","timestamp":"2023-11-09 12:42:12"},{"nodeID":"1290491","text":"George Eustice: We don't know","type":"L","timestamp":"2023-11-09 12:42:12"},{"nodeID":"1290492","text":"Analysing","type":"YA","timestamp":"2023-11-09 12:42:12"},{"nodeID":"1290493","text":"Chris: George Eustice: We don't know","type":"L","timestamp":"2023-11-09 12:42:12"},{"nodeID":"1290494","text":"Asserting","type":"YA","timestamp":"2023-11-09 12:42:12"},{"nodeID":"1290495","text":"Default Transition","type":"TA","timestamp":"2023-11-09 12:42:12"},{"nodeID":"1290496","text":"Default Rephrase","type":"MA","timestamp":"2023-11-09 12:42:12"},{"nodeID":"1290497","text":"Default Illocuting","type":"YA","timestamp":"2023-11-09 12:42:12"},{"nodeID":"1290498","text":"the lack of clarity on procedure is why the Government are piloting it in the Isle of Wight","type":"I","timestamp":"2023-11-09 12:42:13"},{"nodeID":"1290499","text":"George Eustice: This is why we are piloting it in the Isle of Wight","type":"L","timestamp":"2023-11-09 12:42:13"},{"nodeID":"1290500","text":"Analysing","type":"YA","timestamp":"2023-11-09 12:42:13"},{"nodeID":"1290501","text":"Chris: George Eustice: This is why we are piloting it in the Isle of Wight","type":"L","timestamp":"2023-11-09 12:42:13"},{"nodeID":"1290502","text":"Asserting","type":"YA","timestamp":"2023-11-09 12:42:13"},{"nodeID":"1290503","text":"Default Inference","type":"RA","timestamp":"2023-11-09 12:42:13"},{"nodeID":"1290504","text":"Default Transition","type":"TA","timestamp":"2023-11-09 12:42:13"},{"nodeID":"1290505","text":"Arguing","type":"YA","timestamp":"2023-11-09 12:42:13"},{"nodeID":"1290506","text":"track and trace could be very powerful once you get to","type":"I","timestamp":"2023-11-09 12:42:13"},{"nodeID":"1290507","text":"George Eustice: This could be very powerful once you get to","type":"L","timestamp":"2023-11-09 12:42:13"},{"nodeID":"1290508","text":"Analysing","type":"YA","timestamp":"2023-11-09 12:42:13"},{"nodeID":"1290509","text":"Chris: George Eustice: This could be very powerful once you get to","type":"L","timestamp":"2023-11-09 12:42:13"},{"nodeID":"1290510","text":"Asserting","type":"YA","timestamp":"2023-11-09 12:42:13"},{"nodeID":"1290511","text":"Default Transition","type":"TA","timestamp":"2023-11-09 12:42:13"},{"nodeID":"1290512","text":"Default Rephrase","type":"MA","timestamp":"2023-11-09 12:42:13"},{"nodeID":"1290513","text":"Restating","type":"YA","timestamp":"2023-11-09 12:42:13"},{"nodeID":"1290514","text":"the procedures must have been worked out","type":"I","timestamp":"2023-11-09 12:42:14"},{"nodeID":"1290515","text":"Fiona Bruce: This must have been worked out","type":"L","timestamp":"2023-11-09 12:42:14"},{"nodeID":"1290516","text":"Analysing","type":"YA","timestamp":"2023-11-09 12:42:14"},{"nodeID":"1290517","text":"Chris: Fiona Bruce: This must have been worked out","type":"L","timestamp":"2023-11-09 12:42:14"},{"nodeID":"1290518","text":"Asserting","type":"YA","timestamp":"2023-11-09 12:42:14"},{"nodeID":"1290519","text":"Default Transition","type":"TA","timestamp":"2023-11-09 12:42:14"},{"nodeID":"1290520","text":"Default Conflict","type":"CA","timestamp":"2023-11-09 12:42:14"},{"nodeID":"1290521","text":"Disagreeing","type":"YA","timestamp":"2023-11-09 12:42:14"},{"nodeID":"1290522","text":"if people in the Isle of Wight are doing it, they must know what they should do","type":"I","timestamp":"2023-11-09 12:42:15"},{"nodeID":"1290523","text":"Fiona Bruce:  if people in the Isle of Wight are doing it, they must know what they should do","type":"L","timestamp":"2023-11-09 12:42:15"},{"nodeID":"1290524","text":"Analysing","type":"YA","timestamp":"2023-11-09 12:42:15"},{"nodeID":"1290525","text":"Chris: Fiona Bruce:  if people in the Isle of Wight are doing it, they must know what they should do","type":"L","timestamp":"2023-11-09 12:42:15"},{"nodeID":"1290526","text":"Asserting","type":"YA","timestamp":"2023-11-09 12:42:15"},{"nodeID":"1290527","text":"Default Inference","type":"RA","timestamp":"2023-11-09 12:42:15"},{"nodeID":"1290528","text":"Default Transition","type":"TA","timestamp":"2023-11-09 12:42:15"},{"nodeID":"1290529","text":"Arguing","type":"YA","timestamp":"2023-11-09 12:42:15"},{"nodeID":"1290530","text":"if contacted, trialists on the Isle of Wight should self-isolate","type":"I","timestamp":"2023-11-09 12:42:15"},{"nodeID":"1290531","text":"George Eustice: They should self-isolate","type":"L","timestamp":"2023-11-09 12:42:15"},{"nodeID":"1290532","text":"Analysing","type":"YA","timestamp":"2023-11-09 12:42:15"},{"nodeID":"1290533","text":"Chris: George Eustice: They should self-isolate","type":"L","timestamp":"2023-11-09 12:42:15"},{"nodeID":"1290534","text":"Asserting","type":"YA","timestamp":"2023-11-09 12:42:15"},{"nodeID":"1290535","text":"Default Rephrase","type":"MA","timestamp":"2023-11-09 12:42:15"},{"nodeID":"1290536","text":"Default Transition","type":"TA","timestamp":"2023-11-09 12:42:15"},{"nodeID":"1290537","text":"Restating","type":"YA","timestamp":"2023-11-09 12:42:15"},{"nodeID":"1290538","text":"members of those trialists contacted by track and trace's family should do xxx","type":"I","timestamp":"2023-11-09 12:42:16"},{"nodeID":"1290539","text":"Fiona Bruce: And members of their family","type":"L","timestamp":"2023-11-09 12:42:16"},{"nodeID":"1290540","text":"Analysing","type":"YA","timestamp":"2023-11-09 12:42:16"},{"nodeID":"1290541","text":"Chris: Fiona Bruce: And members of their family","type":"L","timestamp":"2023-11-09 12:42:16"},{"nodeID":"1290542","text":"Pure Questioning","type":"YA","timestamp":"2023-11-09 12:42:16"},{"nodeID":"1290543","text":"Default Transition","type":"TA","timestamp":"2023-11-09 12:42:16"},{"nodeID":"1290544","text":"they should self-isolate as well","type":"I","timestamp":"2023-11-09 12:42:16"},{"nodeID":"1290545","text":"George Eustice: they should self-isolate as well","type":"L","timestamp":"2023-11-09 12:42:16"},{"nodeID":"1290546","text":"Analysing","type":"YA","timestamp":"2023-11-09 12:42:16"},{"nodeID":"1290547","text":"Chris: George Eustice: they should self-isolate as well","type":"L","timestamp":"2023-11-09 12:42:16"},{"nodeID":"1290548","text":"Asserting","type":"YA","timestamp":"2023-11-09 12:42:16"},{"nodeID":"1290549","text":"Default Transition","type":"TA","timestamp":"2023-11-09 12:42:16"},{"nodeID":"1290550","text":"Default Rephrase","type":"MA","timestamp":"2023-11-09 12:42:16"},{"nodeID":"1290551","text":"Default Illocuting","type":"YA","timestamp":"2023-11-09 12:42:16"},{"nodeID":"1290552","text":"if family member's of those contacted by track and trace don't show symptoms it is a different matter","type":"I","timestamp":"2023-11-09 12:42:17"},{"nodeID":"1290553","text":"George Eustice:  If they don't show symptoms it is a different matter","type":"L","timestamp":"2023-11-09 12:42:17"},{"nodeID":"1290554","text":"Analysing","type":"YA","timestamp":"2023-11-09 12:42:17"},{"nodeID":"1290555","text":"Chris: George Eustice:  If they don't show symptoms it is a different matter","type":"L","timestamp":"2023-11-09 12:42:17"},{"nodeID":"1290556","text":"Asserting","type":"YA","timestamp":"2023-11-09 12:42:17"},{"nodeID":"1290557","text":"Default Conflict","type":"CA","timestamp":"2023-11-09 12:42:17"},{"nodeID":"1290558","text":"Default Transition","type":"TA","timestamp":"2023-11-09 12:42:17"},{"nodeID":"1290559","text":"Disagreeing","type":"YA","timestamp":"2023-11-09 12:42:17"}],"edges":[{"edgeID":"1697017","fromID":"1290409","toID":"1290408","formEdgeID":null},{"edgeID":"1697018","fromID":"1290410","toID":"1290409","formEdgeID":null},{"edgeID":"1697019","fromID":"1290408","toID":"1290411","formEdgeID":null},{"edgeID":"1697020","fromID":"1290411","toID":"1290407","formEdgeID":null},{"edgeID":"1697021","fromID":"1290414","toID":"1290413","formEdgeID":null},{"edgeID":"1697022","fromID":"1290415","toID":"1290414","formEdgeID":null},{"edgeID":"1697023","fromID":"1290413","toID":"1290416","formEdgeID":null},{"edgeID":"1697024","fromID":"1290416","toID":"1290412","formEdgeID":null},{"edgeID":"1697025","fromID":"1290408","toID":"1290417","formEdgeID":null},{"edgeID":"1697026","fromID":"1290417","toID":"1290413","formEdgeID":null},{"edgeID":"1697027","fromID":"1290412","toID":"1290418","formEdgeID":null},{"edgeID":"1697028","fromID":"1290418","toID":"1290407","formEdgeID":null},{"edgeID":"1697029","fromID":"1290417","toID":"1290419","formEdgeID":null},{"edgeID":"1697030","fromID":"1290419","toID":"1290418","formEdgeID":null},{"edgeID":"1697031","fromID":"1290422","toID":"1290421","formEdgeID":null},{"edgeID":"1697032","fromID":"1290423","toID":"1290422","formEdgeID":null},{"edgeID":"1697033","fromID":"1290421","toID":"1290424","formEdgeID":null},{"edgeID":"1697034","fromID":"1290424","toID":"1290420","formEdgeID":null},{"edgeID":"1697035","fromID":"1290413","toID":"1290425","formEdgeID":null},{"edgeID":"1697036","fromID":"1290425","toID":"1290421","formEdgeID":null},{"edgeID":"1697037","fromID":"1290420","toID":"1290426","formEdgeID":null},{"edgeID":"1697038","fromID":"1290426","toID":"1290412","formEdgeID":null},{"edgeID":"1697039","fromID":"1290425","toID":"1290427","formEdgeID":null},{"edgeID":"1697040","fromID":"1290427","toID":"1290426","formEdgeID":null},{"edgeID":"1697041","fromID":"1290430","toID":"1290429","formEdgeID":null},{"edgeID":"1697042","fromID":"1290431","toID":"1290430","formEdgeID":null},{"edgeID":"1697043","fromID":"1290429","toID":"1290432","formEdgeID":null},{"edgeID":"1697044","fromID":"1290432","toID":"1290428","formEdgeID":null},{"edgeID":"1697045","fromID":"1290421","toID":"1290433","formEdgeID":null},{"edgeID":"1697046","fromID":"1290433","toID":"1290429","formEdgeID":null},{"edgeID":"1697047","fromID":"1290428","toID":"1290434","formEdgeID":null},{"edgeID":"1697048","fromID":"1290434","toID":"1290420","formEdgeID":null},{"edgeID":"1697049","fromID":"1290433","toID":"1290435","formEdgeID":null},{"edgeID":"1697050","fromID":"1290435","toID":"1290434","formEdgeID":null},{"edgeID":"1697051","fromID":"1290438","toID":"1290437","formEdgeID":null},{"edgeID":"1697052","fromID":"1290439","toID":"1290438","formEdgeID":null},{"edgeID":"1697053","fromID":"1290437","toID":"1290440","formEdgeID":null},{"edgeID":"1697054","fromID":"1290440","toID":"1290436","formEdgeID":null},{"edgeID":"1697055","fromID":"1290429","toID":"1290441","formEdgeID":null},{"edgeID":"1697056","fromID":"1290441","toID":"1290437","formEdgeID":null},{"edgeID":"1697057","fromID":"1290436","toID":"1290442","formEdgeID":null},{"edgeID":"1697058","fromID":"1290442","toID":"1290428","formEdgeID":null},{"edgeID":"1697059","fromID":"1290441","toID":"1290443","formEdgeID":null},{"edgeID":"1697060","fromID":"1290443","toID":"1290442","formEdgeID":null},{"edgeID":"1697061","fromID":"1290446","toID":"1290445","formEdgeID":null},{"edgeID":"1697062","fromID":"1290447","toID":"1290446","formEdgeID":null},{"edgeID":"1697063","fromID":"1290445","toID":"1290448","formEdgeID":null},{"edgeID":"1697064","fromID":"1290448","toID":"1290444","formEdgeID":null},{"edgeID":"1697065","fromID":"1290437","toID":"1290449","formEdgeID":null},{"edgeID":"1697066","fromID":"1290449","toID":"1290445","formEdgeID":null},{"edgeID":"1697067","fromID":"1290452","toID":"1290451","formEdgeID":null},{"edgeID":"1697068","fromID":"1290453","toID":"1290452","formEdgeID":null},{"edgeID":"1697069","fromID":"1290451","toID":"1290454","formEdgeID":null},{"edgeID":"1697070","fromID":"1290454","toID":"1290450","formEdgeID":null},{"edgeID":"1697071","fromID":"1290445","toID":"1290455","formEdgeID":null},{"edgeID":"1697072","fromID":"1290455","toID":"1290451","formEdgeID":null},{"edgeID":"1697073","fromID":"1290450","toID":"1290456","formEdgeID":null},{"edgeID":"1697074","fromID":"1290456","toID":"1290444","formEdgeID":null},{"edgeID":"1697075","fromID":"1290455","toID":"1290457","formEdgeID":null},{"edgeID":"1697076","fromID":"1290457","toID":"1290456","formEdgeID":null},{"edgeID":"1697077","fromID":"1290460","toID":"1290459","formEdgeID":null},{"edgeID":"1697078","fromID":"1290461","toID":"1290460","formEdgeID":null},{"edgeID":"1697079","fromID":"1290459","toID":"1290462","formEdgeID":null},{"edgeID":"1697080","fromID":"1290462","toID":"1290458","formEdgeID":null},{"edgeID":"1697081","fromID":"1290445","toID":"1290463","formEdgeID":null},{"edgeID":"1697082","fromID":"1290463","toID":"1290459","formEdgeID":null},{"edgeID":"1697083","fromID":"1290458","toID":"1290464","formEdgeID":null},{"edgeID":"1697084","fromID":"1290464","toID":"1290444","formEdgeID":null},{"edgeID":"1697085","fromID":"1290463","toID":"1290465","formEdgeID":null},{"edgeID":"1697086","fromID":"1290465","toID":"1290464","formEdgeID":null},{"edgeID":"1697087","fromID":"1290468","toID":"1290467","formEdgeID":null},{"edgeID":"1697088","fromID":"1290469","toID":"1290468","formEdgeID":null},{"edgeID":"1697089","fromID":"1290467","toID":"1290470","formEdgeID":null},{"edgeID":"1697090","fromID":"1290470","toID":"1290466","formEdgeID":null},{"edgeID":"1697091","fromID":"1290459","toID":"1290471","formEdgeID":null},{"edgeID":"1697092","fromID":"1290471","toID":"1290467","formEdgeID":null},{"edgeID":"1697093","fromID":"1290466","toID":"1290472","formEdgeID":null},{"edgeID":"1697094","fromID":"1290472","toID":"1290458","formEdgeID":null},{"edgeID":"1697095","fromID":"1290471","toID":"1290473","formEdgeID":null},{"edgeID":"1697096","fromID":"1290473","toID":"1290472","formEdgeID":null},{"edgeID":"1697097","fromID":"1290476","toID":"1290475","formEdgeID":null},{"edgeID":"1697098","fromID":"1290477","toID":"1290476","formEdgeID":null},{"edgeID":"1697099","fromID":"1290475","toID":"1290478","formEdgeID":null},{"edgeID":"1697100","fromID":"1290478","toID":"1290474","formEdgeID":null},{"edgeID":"1697101","fromID":"1290467","toID":"1290479","formEdgeID":null},{"edgeID":"1697102","fromID":"1290479","toID":"1290475","formEdgeID":null},{"edgeID":"1697103","fromID":"1290479","toID":"1290480","formEdgeID":null},{"edgeID":"1697104","fromID":"1290480","toID":"1290466","formEdgeID":null},{"edgeID":"1697105","fromID":"1290474","toID":"1290481","formEdgeID":null},{"edgeID":"1697106","fromID":"1290481","toID":"1290466","formEdgeID":null},{"edgeID":"1697107","fromID":"1290479","toID":"1290482","formEdgeID":null},{"edgeID":"1697108","fromID":"1290482","toID":"1290481","formEdgeID":null},{"edgeID":"1697109","fromID":"1290485","toID":"1290484","formEdgeID":null},{"edgeID":"1697110","fromID":"1290486","toID":"1290485","formEdgeID":null},{"edgeID":"1697111","fromID":"1290484","toID":"1290487","formEdgeID":null},{"edgeID":"1697112","fromID":"1290487","toID":"1290483","formEdgeID":null},{"edgeID":"1697113","fromID":"1290475","toID":"1290488","formEdgeID":null},{"edgeID":"1697114","fromID":"1290488","toID":"1290484","formEdgeID":null},{"edgeID":"1697115","fromID":"1290483","toID":"1290489","formEdgeID":null},{"edgeID":"1697116","fromID":"1290489","toID":"1290474","formEdgeID":null},{"edgeID":"1697117","fromID":"1290488","toID":"1290490","formEdgeID":null},{"edgeID":"1697118","fromID":"1290490","toID":"1290489","formEdgeID":null},{"edgeID":"1697119","fromID":"1290492","toID":"1290491","formEdgeID":null},{"edgeID":"1697120","fromID":"1290493","toID":"1290492","formEdgeID":null},{"edgeID":"1697121","fromID":"1290491","toID":"1290494","formEdgeID":null},{"edgeID":"1697122","fromID":"1290494","toID":"731385","formEdgeID":null},{"edgeID":"1697123","fromID":"1290484","toID":"1290495","formEdgeID":null},{"edgeID":"1697124","fromID":"1290495","toID":"1290491","formEdgeID":null},{"edgeID":"1697125","fromID":"731385","toID":"1290496","formEdgeID":null},{"edgeID":"1697126","fromID":"1290496","toID":"1290483","formEdgeID":null},{"edgeID":"1697127","fromID":"1290495","toID":"1290497","formEdgeID":null},{"edgeID":"1697128","fromID":"1290497","toID":"1290496","formEdgeID":null},{"edgeID":"1697129","fromID":"1290500","toID":"1290499","formEdgeID":null},{"edgeID":"1697130","fromID":"1290501","toID":"1290500","formEdgeID":null},{"edgeID":"1697131","fromID":"1290499","toID":"1290502","formEdgeID":null},{"edgeID":"1697132","fromID":"1290502","toID":"1290498","formEdgeID":null},{"edgeID":"1697133","fromID":"731385","toID":"1290503","formEdgeID":null},{"edgeID":"1697134","fromID":"1290503","toID":"1290498","formEdgeID":null},{"edgeID":"1697135","fromID":"1290491","toID":"1290504","formEdgeID":null},{"edgeID":"1697136","fromID":"1290504","toID":"1290499","formEdgeID":null},{"edgeID":"1697137","fromID":"1290504","toID":"1290505","formEdgeID":null},{"edgeID":"1697138","fromID":"1290505","toID":"1290503","formEdgeID":null},{"edgeID":"1697139","fromID":"1290508","toID":"1290507","formEdgeID":null},{"edgeID":"1697140","fromID":"1290509","toID":"1290508","formEdgeID":null},{"edgeID":"1697141","fromID":"1290507","toID":"1290510","formEdgeID":null},{"edgeID":"1697142","fromID":"1290510","toID":"1290506","formEdgeID":null},{"edgeID":"1697143","fromID":"1290499","toID":"1290511","formEdgeID":null},{"edgeID":"1697144","fromID":"1290511","toID":"1290507","formEdgeID":null},{"edgeID":"1697145","fromID":"1290506","toID":"1290512","formEdgeID":null},{"edgeID":"1697146","fromID":"1290512","toID":"1290498","formEdgeID":null},{"edgeID":"1697147","fromID":"1290511","toID":"1290513","formEdgeID":null},{"edgeID":"1697148","fromID":"1290513","toID":"1290512","formEdgeID":null},{"edgeID":"1697149","fromID":"1290516","toID":"1290515","formEdgeID":null},{"edgeID":"1697150","fromID":"1290517","toID":"1290516","formEdgeID":null},{"edgeID":"1697151","fromID":"1290515","toID":"1290518","formEdgeID":null},{"edgeID":"1697152","fromID":"1290518","toID":"1290514","formEdgeID":null},{"edgeID":"1697153","fromID":"1290499","toID":"1290519","formEdgeID":null},{"edgeID":"1697154","fromID":"1290519","toID":"1290515","formEdgeID":null},{"edgeID":"1697155","fromID":"1290514","toID":"1290520","formEdgeID":null},{"edgeID":"1697156","fromID":"1290520","toID":"1290498","formEdgeID":null},{"edgeID":"1697157","fromID":"1290519","toID":"1290521","formEdgeID":null},{"edgeID":"1697158","fromID":"1290521","toID":"1290520","formEdgeID":null},{"edgeID":"1697159","fromID":"1290524","toID":"1290523","formEdgeID":null},{"edgeID":"1697160","fromID":"1290525","toID":"1290524","formEdgeID":null},{"edgeID":"1697161","fromID":"1290523","toID":"1290526","formEdgeID":null},{"edgeID":"1697162","fromID":"1290526","toID":"1290522","formEdgeID":null},{"edgeID":"1697163","fromID":"1290522","toID":"1290527","formEdgeID":null},{"edgeID":"1697164","fromID":"1290527","toID":"1290514","formEdgeID":null},{"edgeID":"1697165","fromID":"1290515","toID":"1290528","formEdgeID":null},{"edgeID":"1697166","fromID":"1290528","toID":"1290523","formEdgeID":null},{"edgeID":"1697167","fromID":"1290528","toID":"1290529","formEdgeID":null},{"edgeID":"1697168","fromID":"1290529","toID":"1290527","formEdgeID":null},{"edgeID":"1697169","fromID":"1290532","toID":"1290531","formEdgeID":null},{"edgeID":"1697170","fromID":"1290533","toID":"1290532","formEdgeID":null},{"edgeID":"1697171","fromID":"1290531","toID":"1290534","formEdgeID":null},{"edgeID":"1697172","fromID":"1290534","toID":"1290530","formEdgeID":null},{"edgeID":"1697173","fromID":"1290530","toID":"1290535","formEdgeID":null},{"edgeID":"1697174","fromID":"1290535","toID":"1290522","formEdgeID":null},{"edgeID":"1697175","fromID":"1290523","toID":"1290536","formEdgeID":null},{"edgeID":"1697176","fromID":"1290536","toID":"1290531","formEdgeID":null},{"edgeID":"1697177","fromID":"1290536","toID":"1290537","formEdgeID":null},{"edgeID":"1697178","fromID":"1290537","toID":"1290535","formEdgeID":null},{"edgeID":"1697179","fromID":"1290540","toID":"1290539","formEdgeID":null},{"edgeID":"1697180","fromID":"1290541","toID":"1290540","formEdgeID":null},{"edgeID":"1697181","fromID":"1290539","toID":"1290542","formEdgeID":null},{"edgeID":"1697182","fromID":"1290542","toID":"1290538","formEdgeID":null},{"edgeID":"1697183","fromID":"1290531","toID":"1290543","formEdgeID":null},{"edgeID":"1697184","fromID":"1290543","toID":"1290539","formEdgeID":null},{"edgeID":"1697185","fromID":"1290546","toID":"1290545","formEdgeID":null},{"edgeID":"1697186","fromID":"1290547","toID":"1290546","formEdgeID":null},{"edgeID":"1697187","fromID":"1290545","toID":"1290548","formEdgeID":null},{"edgeID":"1697188","fromID":"1290548","toID":"1290544","formEdgeID":null},{"edgeID":"1697189","fromID":"1290539","toID":"1290549","formEdgeID":null},{"edgeID":"1697190","fromID":"1290549","toID":"1290545","formEdgeID":null},{"edgeID":"1697191","fromID":"1290544","toID":"1290550","formEdgeID":null},{"edgeID":"1697192","fromID":"1290550","toID":"1290538","formEdgeID":null},{"edgeID":"1697193","fromID":"1290549","toID":"1290551","formEdgeID":null},{"edgeID":"1697194","fromID":"1290551","toID":"1290550","formEdgeID":null},{"edgeID":"1697195","fromID":"1290554","toID":"1290553","formEdgeID":null},{"edgeID":"1697196","fromID":"1290555","toID":"1290554","formEdgeID":null},{"edgeID":"1697197","fromID":"1290553","toID":"1290556","formEdgeID":null},{"edgeID":"1697198","fromID":"1290556","toID":"1290552","formEdgeID":null},{"edgeID":"1697199","fromID":"1290552","toID":"1290557","formEdgeID":null},{"edgeID":"1697200","fromID":"1290557","toID":"1290544","formEdgeID":null},{"edgeID":"1697201","fromID":"1290545","toID":"1290558","formEdgeID":null},{"edgeID":"1697202","fromID":"1290558","toID":"1290553","formEdgeID":null},{"edgeID":"1697203","fromID":"1290558","toID":"1290559","formEdgeID":null},{"edgeID":"1697204","fromID":"1290559","toID":"1290557","formEdgeID":null}],"locutions":[]}