{"nodes":[{"nodeID":"1292570","text":"we are going through complications","type":"I","timestamp":"2023-11-09 12:45:07"},{"nodeID":"1292571","text":"Chris Hopson: We are going through complications","type":"L","timestamp":"2023-11-09 12:45:07"},{"nodeID":"1292572","text":"Analysing","type":"YA","timestamp":"2023-11-09 12:45:07"},{"nodeID":"1292573","text":"Louise: Chris Hopson: We are going through complications","type":"L","timestamp":"2023-11-09 12:45:07"},{"nodeID":"1292574","text":"Asserting","type":"YA","timestamp":"2023-11-09 12:45:07"},{"nodeID":"1292575","text":"an example of the complocations is we work in the centre of London","type":"I","timestamp":"2023-11-09 12:45:07"},{"nodeID":"1292576","text":"Chris Hopson: An example is we work in the centre of London","type":"L","timestamp":"2023-11-09 12:45:07"},{"nodeID":"1292577","text":"Analysing","type":"YA","timestamp":"2023-11-09 12:45:07"},{"nodeID":"1292578","text":"Louise: Chris Hopson: An example is we work in the centre of London","type":"L","timestamp":"2023-11-09 12:45:07"},{"nodeID":"1292579","text":"Asserting","type":"YA","timestamp":"2023-11-09 12:45:07"},{"nodeID":"1292580","text":"Default Rephrase","type":"MA","timestamp":"2023-11-09 12:45:07"},{"nodeID":"1292581","text":"Default Transition","type":"TA","timestamp":"2023-11-09 12:45:07"},{"nodeID":"1292582","text":"Restating","type":"YA","timestamp":"2023-11-09 12:45:07"},{"nodeID":"1292583","text":"when we have talked to our staff about what might happen, things they immediately raised were what is it going to be like travelling into the central part of the city and being on a packed tube train and next to people that might present a safety risk","type":"I","timestamp":"2023-11-09 12:45:08"},{"nodeID":"1292584","text":"Chris Hopson: When we have talked to our staff about what might happen, things they immediately raised were what is it going to be like travelling into the central part of the city and being on a packed tube train and next to people that might present a safety risk","type":"L","timestamp":"2023-11-09 12:45:08"},{"nodeID":"1292585","text":"Analysing","type":"YA","timestamp":"2023-11-09 12:45:08"},{"nodeID":"1292586","text":"Louise: Chris Hopson: When we have talked to our staff about what might happen, things they immediately raised were what is it going to be like travelling into the central part of the city and being on a packed tube train and next to people that might present a safety risk","type":"L","timestamp":"2023-11-09 12:45:08"},{"nodeID":"1292587","text":"Asserting","type":"YA","timestamp":"2023-11-09 12:45:08"},{"nodeID":"1292588","text":"Default Inference","type":"RA","timestamp":"2023-11-09 12:45:08"},{"nodeID":"1292589","text":"Default Transition","type":"TA","timestamp":"2023-11-09 12:45:08"},{"nodeID":"1292590","text":"Arguing","type":"YA","timestamp":"2023-11-09 12:45:08"},{"nodeID":"1292591","text":"public transport into the centre of London is one of the issues the government faces","type":"I","timestamp":"2023-11-09 12:45:08"},{"nodeID":"1292592","text":"Chris Hopson: This is one of the issues the government faces","type":"L","timestamp":"2023-11-09 12:45:08"},{"nodeID":"1292593","text":"Analysing","type":"YA","timestamp":"2023-11-09 12:45:08"},{"nodeID":"1292594","text":"Louise: Chris Hopson: This is one of the issues the government faces","type":"L","timestamp":"2023-11-09 12:45:08"},{"nodeID":"1292595","text":"Asserting","type":"YA","timestamp":"2023-11-09 12:45:08"},{"nodeID":"1292596","text":"Default Rephrase","type":"MA","timestamp":"2023-11-09 12:45:08"},{"nodeID":"1292597","text":"Default Transition","type":"TA","timestamp":"2023-11-09 12:45:08"},{"nodeID":"1292598","text":"Restating","type":"YA","timestamp":"2023-11-09 12:45:08"},{"nodeID":"1292599","text":"the complications the government faces is quite multi-faceted","type":"I","timestamp":"2023-11-09 12:45:09"},{"nodeID":"1292600","text":"Chris Hopson:  this is quite multi-faceted","type":"L","timestamp":"2023-11-09 12:45:09"},{"nodeID":"1292601","text":"Analysing","type":"YA","timestamp":"2023-11-09 12:45:09"},{"nodeID":"1292602","text":"Louise: Chris Hopson:  this is quite multi-faceted","type":"L","timestamp":"2023-11-09 12:45:09"},{"nodeID":"1292603","text":"Asserting","type":"YA","timestamp":"2023-11-09 12:45:09"},{"nodeID":"1292604","text":"Default Rephrase","type":"MA","timestamp":"2023-11-09 12:45:09"},{"nodeID":"1292605","text":"Default Transition","type":"TA","timestamp":"2023-11-09 12:45:09"},{"nodeID":"1292606","text":"Restating","type":"YA","timestamp":"2023-11-09 12:45:09"},{"nodeID":"1292607","text":"George Eustice talks about the food industry because he is responsible for that","type":"I","timestamp":"2023-11-09 12:45:10"},{"nodeID":"1292608","text":"Chris Hopson: George talks about the food industry because he is responsible for that","type":"L","timestamp":"2023-11-09 12:45:10"},{"nodeID":"1292609","text":"Analysing","type":"YA","timestamp":"2023-11-09 12:45:10"},{"nodeID":"1292610","text":"Louise: Chris Hopson: George talks about the food industry because he is responsible for that","type":"L","timestamp":"2023-11-09 12:45:10"},{"nodeID":"1292611","text":"Asserting","type":"YA","timestamp":"2023-11-09 12:45:10"},{"nodeID":"1292612","text":"Default Transition","type":"TA","timestamp":"2023-11-09 12:45:10"},{"nodeID":"1292613","text":"we also need to ensure transport is appropriately configured","type":"I","timestamp":"2023-11-09 12:45:10"},{"nodeID":"1292614","text":"Chris Hopson: We also need to ensure transport is appropriately configured","type":"L","timestamp":"2023-11-09 12:45:10"},{"nodeID":"1292615","text":"Analysing","type":"YA","timestamp":"2023-11-09 12:45:10"},{"nodeID":"1292616","text":"Louise: Chris Hopson: We also need to ensure transport is appropriately configured","type":"L","timestamp":"2023-11-09 12:45:10"},{"nodeID":"1292617","text":"Asserting","type":"YA","timestamp":"2023-11-09 12:45:10"},{"nodeID":"1292618","text":"Default Transition","type":"TA","timestamp":"2023-11-09 12:45:10"},{"nodeID":"1292619","text":"Default Inference","type":"RA","timestamp":"2023-11-09 12:45:10"},{"nodeID":"1292620","text":"Arguing","type":"YA","timestamp":"2023-11-09 12:45:10"},{"nodeID":"1292621","text":"public transportation is quite an issue if we are going to be able to enable and support people to come back to work","type":"I","timestamp":"2023-11-09 12:45:11"},{"nodeID":"1292622","text":"Chris Hopson: This is quite an issue if we are going to be able to enable and support people to come back to work","type":"L","timestamp":"2023-11-09 12:45:11"},{"nodeID":"1292623","text":"Analysing","type":"YA","timestamp":"2023-11-09 12:45:11"},{"nodeID":"1292624","text":"Louise: Chris Hopson: This is quite an issue if we are going to be able to enable and support people to come back to work","type":"L","timestamp":"2023-11-09 12:45:11"},{"nodeID":"1292625","text":"Asserting","type":"YA","timestamp":"2023-11-09 12:45:11"},{"nodeID":"1292626","text":"Default Inference","type":"RA","timestamp":"2023-11-09 12:45:11"},{"nodeID":"1292627","text":"Default Transition","type":"TA","timestamp":"2023-11-09 12:45:11"},{"nodeID":"1292628","text":"Arguing","type":"YA","timestamp":"2023-11-09 12:45:11"},{"nodeID":"1292629","text":"we have the example of other countries ahead of us","type":"I","timestamp":"2023-11-09 12:45:12"},{"nodeID":"1292630","text":"Fiona Bruce: We have the example of other countries ahead of us","type":"L","timestamp":"2023-11-09 12:45:12"},{"nodeID":"1292631","text":"Analysing","type":"YA","timestamp":"2023-11-09 12:45:12"},{"nodeID":"1292632","text":"Louise: Fiona Bruce: We have the example of other countries ahead of us","type":"L","timestamp":"2023-11-09 12:45:12"},{"nodeID":"1292633","text":"Asserting","type":"YA","timestamp":"2023-11-09 12:45:12"},{"nodeID":"1292634","text":"having other countries examples ahead of us is helpful","type":"I","timestamp":"2023-11-09 12:45:12"},{"nodeID":"1292635","text":"Chris Hopson: Which is helpful","type":"L","timestamp":"2023-11-09 12:45:12"},{"nodeID":"1292636","text":"Analysing","type":"YA","timestamp":"2023-11-09 12:45:12"},{"nodeID":"1292637","text":"Louise: Chris Hopson: Which is helpful","type":"L","timestamp":"2023-11-09 12:45:12"},{"nodeID":"1292638","text":"Asserting","type":"YA","timestamp":"2023-11-09 12:45:12"},{"nodeID":"1292639","text":"Default Rephrase","type":"MA","timestamp":"2023-11-09 12:45:12"},{"nodeID":"1292640","text":"Default Transition","type":"TA","timestamp":"2023-11-09 12:45:12"},{"nodeID":"1292641","text":"Restating","type":"YA","timestamp":"2023-11-09 12:45:12"},{"nodeID":"1292642","text":"Default Transition","type":"TA","timestamp":"2023-11-09 12:45:12"}],"edges":[{"edgeID":"1699587","fromID":"1292572","toID":"1292571","formEdgeID":null},{"edgeID":"1699588","fromID":"1292573","toID":"1292572","formEdgeID":null},{"edgeID":"1699589","fromID":"1292571","toID":"1292574","formEdgeID":null},{"edgeID":"1699590","fromID":"1292574","toID":"1292570","formEdgeID":null},{"edgeID":"1699591","fromID":"1292577","toID":"1292576","formEdgeID":null},{"edgeID":"1699592","fromID":"1292578","toID":"1292577","formEdgeID":null},{"edgeID":"1699593","fromID":"1292576","toID":"1292579","formEdgeID":null},{"edgeID":"1699594","fromID":"1292579","toID":"1292575","formEdgeID":null},{"edgeID":"1699595","fromID":"1292575","toID":"1292580","formEdgeID":null},{"edgeID":"1699596","fromID":"1292580","toID":"1292570","formEdgeID":null},{"edgeID":"1699597","fromID":"1292571","toID":"1292581","formEdgeID":null},{"edgeID":"1699598","fromID":"1292581","toID":"1292576","formEdgeID":null},{"edgeID":"1699599","fromID":"1292581","toID":"1292582","formEdgeID":null},{"edgeID":"1699600","fromID":"1292582","toID":"1292580","formEdgeID":null},{"edgeID":"1699601","fromID":"1292585","toID":"1292584","formEdgeID":null},{"edgeID":"1699602","fromID":"1292586","toID":"1292585","formEdgeID":null},{"edgeID":"1699603","fromID":"1292584","toID":"1292587","formEdgeID":null},{"edgeID":"1699604","fromID":"1292587","toID":"1292583","formEdgeID":null},{"edgeID":"1699605","fromID":"1292583","toID":"1292588","formEdgeID":null},{"edgeID":"1699606","fromID":"1292588","toID":"1292575","formEdgeID":null},{"edgeID":"1699607","fromID":"1292576","toID":"1292589","formEdgeID":null},{"edgeID":"1699608","fromID":"1292589","toID":"1292584","formEdgeID":null},{"edgeID":"1699609","fromID":"1292589","toID":"1292590","formEdgeID":null},{"edgeID":"1699610","fromID":"1292590","toID":"1292588","formEdgeID":null},{"edgeID":"1699611","fromID":"1292593","toID":"1292592","formEdgeID":null},{"edgeID":"1699612","fromID":"1292594","toID":"1292593","formEdgeID":null},{"edgeID":"1699613","fromID":"1292592","toID":"1292595","formEdgeID":null},{"edgeID":"1699614","fromID":"1292595","toID":"1292591","formEdgeID":null},{"edgeID":"1699615","fromID":"1292591","toID":"1292596","formEdgeID":null},{"edgeID":"1699616","fromID":"1292596","toID":"1292583","formEdgeID":null},{"edgeID":"1699617","fromID":"1292584","toID":"1292597","formEdgeID":null},{"edgeID":"1699618","fromID":"1292597","toID":"1292592","formEdgeID":null},{"edgeID":"1699619","fromID":"1292597","toID":"1292598","formEdgeID":null},{"edgeID":"1699620","fromID":"1292598","toID":"1292596","formEdgeID":null},{"edgeID":"1699621","fromID":"1292601","toID":"1292600","formEdgeID":null},{"edgeID":"1699622","fromID":"1292602","toID":"1292601","formEdgeID":null},{"edgeID":"1699623","fromID":"1292600","toID":"1292603","formEdgeID":null},{"edgeID":"1699624","fromID":"1292603","toID":"1292599","formEdgeID":null},{"edgeID":"1699625","fromID":"1292599","toID":"1292604","formEdgeID":null},{"edgeID":"1699626","fromID":"1292604","toID":"1292570","formEdgeID":null},{"edgeID":"1699627","fromID":"1292571","toID":"1292605","formEdgeID":null},{"edgeID":"1699628","fromID":"1292605","toID":"1292600","formEdgeID":null},{"edgeID":"1699629","fromID":"1292605","toID":"1292606","formEdgeID":null},{"edgeID":"1699630","fromID":"1292606","toID":"1292604","formEdgeID":null},{"edgeID":"1699631","fromID":"1292609","toID":"1292608","formEdgeID":null},{"edgeID":"1699632","fromID":"1292610","toID":"1292609","formEdgeID":null},{"edgeID":"1699633","fromID":"1292608","toID":"1292611","formEdgeID":null},{"edgeID":"1699634","fromID":"1292611","toID":"1292607","formEdgeID":null},{"edgeID":"1699635","fromID":"1292600","toID":"1292612","formEdgeID":null},{"edgeID":"1699636","fromID":"1292612","toID":"1292608","formEdgeID":null},{"edgeID":"1699637","fromID":"1292615","toID":"1292614","formEdgeID":null},{"edgeID":"1699638","fromID":"1292616","toID":"1292615","formEdgeID":null},{"edgeID":"1699639","fromID":"1292614","toID":"1292617","formEdgeID":null},{"edgeID":"1699640","fromID":"1292617","toID":"1292613","formEdgeID":null},{"edgeID":"1699641","fromID":"1292608","toID":"1292618","formEdgeID":null},{"edgeID":"1699642","fromID":"1292618","toID":"1292614","formEdgeID":null},{"edgeID":"1699643","fromID":"1292591","toID":"1292619","formEdgeID":null},{"edgeID":"1699644","fromID":"1292619","toID":"1292613","formEdgeID":null},{"edgeID":"1699645","fromID":"1292618","toID":"1292620","formEdgeID":null},{"edgeID":"1699646","fromID":"1292620","toID":"1292619","formEdgeID":null},{"edgeID":"1699647","fromID":"1292623","toID":"1292622","formEdgeID":null},{"edgeID":"1699648","fromID":"1292624","toID":"1292623","formEdgeID":null},{"edgeID":"1699649","fromID":"1292622","toID":"1292625","formEdgeID":null},{"edgeID":"1699650","fromID":"1292625","toID":"1292621","formEdgeID":null},{"edgeID":"1699651","fromID":"1292621","toID":"1292626","formEdgeID":null},{"edgeID":"1699652","fromID":"1292626","toID":"1292613","formEdgeID":null},{"edgeID":"1699653","fromID":"1292614","toID":"1292627","formEdgeID":null},{"edgeID":"1699654","fromID":"1292627","toID":"1292622","formEdgeID":null},{"edgeID":"1699655","fromID":"1292627","toID":"1292628","formEdgeID":null},{"edgeID":"1699656","fromID":"1292628","toID":"1292626","formEdgeID":null},{"edgeID":"1699657","fromID":"1292631","toID":"1292630","formEdgeID":null},{"edgeID":"1699658","fromID":"1292632","toID":"1292631","formEdgeID":null},{"edgeID":"1699659","fromID":"1292630","toID":"1292633","formEdgeID":null},{"edgeID":"1699660","fromID":"1292633","toID":"1292629","formEdgeID":null},{"edgeID":"1699661","fromID":"1292636","toID":"1292635","formEdgeID":null},{"edgeID":"1699662","fromID":"1292637","toID":"1292636","formEdgeID":null},{"edgeID":"1699663","fromID":"1292635","toID":"1292638","formEdgeID":null},{"edgeID":"1699664","fromID":"1292638","toID":"1292634","formEdgeID":null},{"edgeID":"1699665","fromID":"1292634","toID":"1292639","formEdgeID":null},{"edgeID":"1699666","fromID":"1292639","toID":"1292629","formEdgeID":null},{"edgeID":"1699667","fromID":"1292630","toID":"1292640","formEdgeID":null},{"edgeID":"1699668","fromID":"1292640","toID":"1292635","formEdgeID":null},{"edgeID":"1699669","fromID":"1292640","toID":"1292641","formEdgeID":null},{"edgeID":"1699670","fromID":"1292641","toID":"1292639","formEdgeID":null},{"edgeID":"1699671","fromID":"1292622","toID":"1292642","formEdgeID":null},{"edgeID":"1699672","fromID":"1292642","toID":"1292630","formEdgeID":null}],"locutions":[]}