{"nodes":[{"nodeID":"584633","text":"every director of a company, every employer knows their responsibility towards keeping their employees safe","type":"I","timestamp":"2020-10-04 11:08:14"},{"nodeID":"584646","text":"we are now adding COVID, living with COVID, working with COVID as a requirement to keep safe","type":"I","timestamp":"2020-10-04 11:08:16"},{"nodeID":"1292643","text":"the point is there is an existing health and safety process","type":"I","timestamp":"2023-11-09 12:45:14"},{"nodeID":"1292644","text":"Juergen Maier: The point is there is an existing process","type":"L","timestamp":"2023-11-09 12:45:14"},{"nodeID":"1292645","text":"Analysing","type":"YA","timestamp":"2023-11-09 12:45:14"},{"nodeID":"1292646","text":"Joanne: Juergen Maier: The point is there is an existing process","type":"L","timestamp":"2023-11-09 12:45:14"},{"nodeID":"1292647","text":"Asserting","type":"YA","timestamp":"2023-11-09 12:45:14"},{"nodeID":"1292648","text":"Juergen Maier: Every director of a company, every employer knows their responsibility towards keeping their employees safe","type":"L","timestamp":"2023-11-09 12:45:14"},{"nodeID":"1292649","text":"Analysing","type":"YA","timestamp":"2023-11-09 12:45:14"},{"nodeID":"1292650","text":"Joanne: Juergen Maier: Every director of a company, every employer knows their responsibility towards keeping their employees safe","type":"L","timestamp":"2023-11-09 12:45:14"},{"nodeID":"1292651","text":"Asserting","type":"YA","timestamp":"2023-11-09 12:45:14"},{"nodeID":"1292652","text":"Default Transition","type":"TA","timestamp":"2023-11-09 12:45:14"},{"nodeID":"1292653","text":"Default Inference","type":"RA","timestamp":"2023-11-09 12:45:14"},{"nodeID":"1292654","text":"Arguing","type":"YA","timestamp":"2023-11-09 12:45:14"},{"nodeID":"1292655","text":"it is crystal clear","type":"I","timestamp":"2023-11-09 12:45:15"},{"nodeID":"1292656","text":"Juergen Maier: It is crystal clear","type":"L","timestamp":"2023-11-09 12:45:15"},{"nodeID":"1292657","text":"Analysing","type":"YA","timestamp":"2023-11-09 12:45:15"},{"nodeID":"1292658","text":"Joanne: Juergen Maier: It is crystal clear","type":"L","timestamp":"2023-11-09 12:45:15"},{"nodeID":"1292659","text":"Asserting","type":"YA","timestamp":"2023-11-09 12:45:15"},{"nodeID":"1292660","text":"Default Transition","type":"TA","timestamp":"2023-11-09 12:45:15"},{"nodeID":"1292661","text":"Default Rephrase","type":"MA","timestamp":"2023-11-09 12:45:15"},{"nodeID":"1292662","text":"Restating","type":"YA","timestamp":"2023-11-09 12:45:15"},{"nodeID":"1292663","text":"you have to do keep your employees safe at any time","type":"I","timestamp":"2023-11-09 12:45:15"},{"nodeID":"1292664","text":"Analysing","type":"YA","timestamp":"2023-11-09 12:45:15"},{"nodeID":"1292665","text":"Juergen Maier: You have to do that any time","type":"L","timestamp":"2023-11-09 12:45:15"},{"nodeID":"1292666","text":"Joanne: Juergen Maier: You have to do that any time","type":"L","timestamp":"2023-11-09 12:45:15"},{"nodeID":"1292667","text":"Asserting","type":"YA","timestamp":"2023-11-09 12:45:15"},{"nodeID":"1292668","text":"Default Transition","type":"TA","timestamp":"2023-11-09 12:45:15"},{"nodeID":"1292669","text":"not just in this COVID time","type":"I","timestamp":"2023-11-09 12:45:16"},{"nodeID":"1292670","text":"Juergen Maier: not just in this COVID time","type":"L","timestamp":"2023-11-09 12:45:16"},{"nodeID":"1292671","text":"Analysing","type":"YA","timestamp":"2023-11-09 12:45:16"},{"nodeID":"1292672","text":"Joanne: Juergen Maier: not just in this COVID time","type":"L","timestamp":"2023-11-09 12:45:16"},{"nodeID":"1292673","text":"Asserting","type":"YA","timestamp":"2023-11-09 12:45:16"},{"nodeID":"1292674","text":"Default Transition","type":"TA","timestamp":"2023-11-09 12:45:16"},{"nodeID":"1292675","text":"Default Conflict","type":"CA","timestamp":"2023-11-09 12:45:16"},{"nodeID":"1292676","text":"Disagreeing","type":"YA","timestamp":"2023-11-09 12:45:16"},{"nodeID":"1292677","text":"Juergen Maier: We are now adding COVID, living with COVID, working with COVID as a requirement to keep safe","type":"L","timestamp":"2023-11-09 12:45:16"},{"nodeID":"1292678","text":"Joanne: Juergen Maier: We are now adding COVID, living with COVID, working with COVID as a requirement to keep safe","type":"L","timestamp":"2023-11-09 12:45:16"},{"nodeID":"1292679","text":"Analysing","type":"YA","timestamp":"2023-11-09 12:45:16"},{"nodeID":"1292680","text":"Asserting","type":"YA","timestamp":"2023-11-09 12:45:16"},{"nodeID":"1292681","text":"Default Transition","type":"TA","timestamp":"2023-11-09 12:45:16"},{"nodeID":"1292682","text":"Default Inference","type":"RA","timestamp":"2023-11-09 12:45:16"},{"nodeID":"1292683","text":"Default Transition","type":"TA","timestamp":"2023-11-09 12:45:16"},{"nodeID":"1292684","text":"Arguing","type":"YA","timestamp":"2023-11-09 12:45:16"},{"nodeID":"1292685","text":"we get some guidelines around that","type":"I","timestamp":"2023-11-09 12:45:16"},{"nodeID":"1292686","text":"Juergen Maier: We get some guidelines around that","type":"L","timestamp":"2023-11-09 12:45:16"},{"nodeID":"1292687","text":"Analysing","type":"YA","timestamp":"2023-11-09 12:45:16"},{"nodeID":"1292688","text":"Joanne: Juergen Maier: We get some guidelines around that","type":"L","timestamp":"2023-11-09 12:45:16"},{"nodeID":"1292689","text":"Asserting","type":"YA","timestamp":"2023-11-09 12:45:16"},{"nodeID":"1292690","text":"Default Transition","type":"TA","timestamp":"2023-11-09 12:45:16"},{"nodeID":"1292691","text":"Juergen Maier agrees with Afua Hirsch","type":"I","timestamp":"2023-11-09 12:45:17"},{"nodeID":"1292692","text":"Juergen Maier: I agree with Afua","type":"L","timestamp":"2023-11-09 12:45:17"},{"nodeID":"1292693","text":"Joanne: Juergen Maier: I agree with Afua","type":"L","timestamp":"2023-11-09 12:45:17"},{"nodeID":"1292694","text":"Analysing","type":"YA","timestamp":"2023-11-09 12:45:17"},{"nodeID":"1292695","text":"Asserting","type":"YA","timestamp":"2023-11-09 12:45:17"},{"nodeID":"1292696","text":"Default Transition","type":"TA","timestamp":"2023-11-09 12:45:17"},{"nodeID":"1292697","text":"most employers would add COVID guidelines to keep their employees safe","type":"I","timestamp":"2023-11-09 12:45:17"},{"nodeID":"1292698","text":"Juergen Maier: most employers would do that","type":"L","timestamp":"2023-11-09 12:45:17"},{"nodeID":"1292699","text":"Analysing","type":"YA","timestamp":"2023-11-09 12:45:17"},{"nodeID":"1292700","text":"Joanne: Juergen Maier: most employers would do that","type":"L","timestamp":"2023-11-09 12:45:17"},{"nodeID":"1292701","text":"Asserting","type":"YA","timestamp":"2023-11-09 12:45:17"},{"nodeID":"1292702","text":"Default Transition","type":"TA","timestamp":"2023-11-09 12:45:17"},{"nodeID":"1292703","text":"employers take their employees safety seriously","type":"I","timestamp":"2023-11-09 12:45:18"},{"nodeID":"1292704","text":"Juergen Maier: they take it seriously","type":"L","timestamp":"2023-11-09 12:45:18"},{"nodeID":"1292705","text":"Analysing","type":"YA","timestamp":"2023-11-09 12:45:18"},{"nodeID":"1292706","text":"Joanne: Juergen Maier: they take it seriously","type":"L","timestamp":"2023-11-09 12:45:18"},{"nodeID":"1292707","text":"Asserting","type":"YA","timestamp":"2023-11-09 12:45:18"},{"nodeID":"1292708","text":"Default Transition","type":"TA","timestamp":"2023-11-09 12:45:18"},{"nodeID":"1292709","text":"Default Inference","type":"RA","timestamp":"2023-11-09 12:45:18"},{"nodeID":"1292710","text":"Arguing","type":"YA","timestamp":"2023-11-09 12:45:18"},{"nodeID":"1292711","text":"employers don't take their employees safety seriously","type":"I","timestamp":"2023-11-09 12:45:19"},{"nodeID":"1292712","text":"Juergen Maier: they don't","type":"L","timestamp":"2023-11-09 12:45:19"},{"nodeID":"1292713","text":"Analysing","type":"YA","timestamp":"2023-11-09 12:45:19"},{"nodeID":"1292714","text":"Joanne: Juergen Maier: they don't","type":"L","timestamp":"2023-11-09 12:45:19"},{"nodeID":"1292715","text":"Asserting","type":"YA","timestamp":"2023-11-09 12:45:19"},{"nodeID":"1292716","text":"Default Transition","type":"TA","timestamp":"2023-11-09 12:45:19"},{"nodeID":"1292717","text":"they shouldn't be in business","type":"I","timestamp":"2023-11-09 12:45:19"},{"nodeID":"1292718","text":"Juergen Maier: they shouldn't be in business","type":"L","timestamp":"2023-11-09 12:45:19"},{"nodeID":"1292719","text":"Analysing","type":"YA","timestamp":"2023-11-09 12:45:19"},{"nodeID":"1292720","text":"Joanne: Juergen Maier: they shouldn't be in business","type":"L","timestamp":"2023-11-09 12:45:19"},{"nodeID":"1292721","text":"Asserting","type":"YA","timestamp":"2023-11-09 12:45:19"},{"nodeID":"1292722","text":"Default Transition","type":"TA","timestamp":"2023-11-09 12:45:19"},{"nodeID":"1292723","text":"Default Inference","type":"RA","timestamp":"2023-11-09 12:45:19"},{"nodeID":"1292724","text":"Arguing","type":"YA","timestamp":"2023-11-09 12:45:19"},{"nodeID":"1292725","text":"the Health and Safety Executive will enforce the COVID guidelines on the few employers that don't take their employees safety seriously","type":"I","timestamp":"2023-11-09 12:45:20"},{"nodeID":"1292726","text":"Juergen Maier: The Health and Safety Executive will enforce the few that don't","type":"L","timestamp":"2023-11-09 12:45:20"},{"nodeID":"1292727","text":"Joanne: Juergen Maier: The Health and Safety Executive will enforce the few that don't","type":"L","timestamp":"2023-11-09 12:45:20"},{"nodeID":"1292728","text":"Analysing","type":"YA","timestamp":"2023-11-09 12:45:20"},{"nodeID":"1292729","text":"Asserting","type":"YA","timestamp":"2023-11-09 12:45:20"},{"nodeID":"1292730","text":"Default Transition","type":"TA","timestamp":"2023-11-09 12:45:20"},{"nodeID":"1292731","text":"it is the few employers that don't take their employees safety seriously","type":"I","timestamp":"2023-11-09 12:45:20"},{"nodeID":"1292732","text":"Analysing","type":"YA","timestamp":"2023-11-09 12:45:20"},{"nodeID":"1292733","text":"Juergen Maier:  it is the few","type":"L","timestamp":"2023-11-09 12:45:20"},{"nodeID":"1292734","text":"Joanne: Juergen Maier:  it is the few","type":"L","timestamp":"2023-11-09 12:45:20"},{"nodeID":"1292735","text":"Asserting","type":"YA","timestamp":"2023-11-09 12:45:20"},{"nodeID":"1292736","text":"Default Transition","type":"TA","timestamp":"2023-11-09 12:45:20"},{"nodeID":"1292737","text":"Default Rephrase","type":"MA","timestamp":"2023-11-09 12:45:20"},{"nodeID":"1292738","text":"Restating","type":"YA","timestamp":"2023-11-09 12:45:20"},{"nodeID":"1292739","text":"it is not that many employers that don't take their employees safety seriously in my experience","type":"I","timestamp":"2023-11-09 12:45:21"},{"nodeID":"1292740","text":"Juergen Maier: It is not that many in my experience","type":"L","timestamp":"2023-11-09 12:45:21"},{"nodeID":"1292741","text":"Analysing","type":"YA","timestamp":"2023-11-09 12:45:21"},{"nodeID":"1292742","text":"Joanne: Juergen Maier: It is not that many in my experience","type":"L","timestamp":"2023-11-09 12:45:21"},{"nodeID":"1292743","text":"Asserting","type":"YA","timestamp":"2023-11-09 12:45:21"},{"nodeID":"1292744","text":"Default Transition","type":"TA","timestamp":"2023-11-09 12:45:21"},{"nodeID":"1292745","text":"Default Rephrase","type":"MA","timestamp":"2023-11-09 12:45:21"},{"nodeID":"1292746","text":"Restating","type":"YA","timestamp":"2023-11-09 12:45:21"},{"nodeID":"1292747","text":"Default Inference","type":"RA","timestamp":"2023-11-09 12:45:21"},{"nodeID":"1292748","text":"Default Transition","type":"TA","timestamp":"2023-11-09 12:45:21"},{"nodeID":"1292749","text":"Arguing","type":"YA","timestamp":"2023-11-09 12:45:21"}],"edges":[{"edgeID":"1699673","fromID":"1292645","toID":"1292644","formEdgeID":null},{"edgeID":"1699674","fromID":"1292646","toID":"1292645","formEdgeID":null},{"edgeID":"1699675","fromID":"1292644","toID":"1292647","formEdgeID":null},{"edgeID":"1699676","fromID":"1292647","toID":"1292643","formEdgeID":null},{"edgeID":"1699677","fromID":"1292650","toID":"1292649","formEdgeID":null},{"edgeID":"1699678","fromID":"1292649","toID":"1292648","formEdgeID":null},{"edgeID":"1699679","fromID":"1292648","toID":"1292651","formEdgeID":null},{"edgeID":"1699680","fromID":"1292651","toID":"584633","formEdgeID":null},{"edgeID":"1699681","fromID":"1292652","toID":"1292648","formEdgeID":null},{"edgeID":"1699682","fromID":"1292644","toID":"1292652","formEdgeID":null},{"edgeID":"1699683","fromID":"1292643","toID":"1292653","formEdgeID":null},{"edgeID":"1699684","fromID":"1292653","toID":"584633","formEdgeID":null},{"edgeID":"1699685","fromID":"1292652","toID":"1292654","formEdgeID":null},{"edgeID":"1699686","fromID":"1292654","toID":"1292653","formEdgeID":null},{"edgeID":"1699687","fromID":"1292657","toID":"1292656","formEdgeID":null},{"edgeID":"1699688","fromID":"1292658","toID":"1292657","formEdgeID":null},{"edgeID":"1699689","fromID":"1292659","toID":"1292655","formEdgeID":null},{"edgeID":"1699690","fromID":"1292656","toID":"1292659","formEdgeID":null},{"edgeID":"1699691","fromID":"1292648","toID":"1292660","formEdgeID":null},{"edgeID":"1699692","fromID":"1292660","toID":"1292656","formEdgeID":null},{"edgeID":"1699693","fromID":"1292661","toID":"584633","formEdgeID":null},{"edgeID":"1699694","fromID":"1292655","toID":"1292661","formEdgeID":null},{"edgeID":"1699695","fromID":"1292660","toID":"1292662","formEdgeID":null},{"edgeID":"1699696","fromID":"1292662","toID":"1292661","formEdgeID":null},{"edgeID":"1699697","fromID":"1292664","toID":"1292665","formEdgeID":null},{"edgeID":"1699698","fromID":"1292666","toID":"1292664","formEdgeID":null},{"edgeID":"1699699","fromID":"1292665","toID":"1292667","formEdgeID":null},{"edgeID":"1699700","fromID":"1292667","toID":"1292663","formEdgeID":null},{"edgeID":"1699701","fromID":"1292656","toID":"1292668","formEdgeID":null},{"edgeID":"1699702","fromID":"1292668","toID":"1292665","formEdgeID":null},{"edgeID":"1699703","fromID":"1292671","toID":"1292670","formEdgeID":null},{"edgeID":"1699704","fromID":"1292672","toID":"1292671","formEdgeID":null},{"edgeID":"1699705","fromID":"1292670","toID":"1292673","formEdgeID":null},{"edgeID":"1699706","fromID":"1292673","toID":"1292669","formEdgeID":null},{"edgeID":"1699707","fromID":"1292665","toID":"1292674","formEdgeID":null},{"edgeID":"1699708","fromID":"1292674","toID":"1292670","formEdgeID":null},{"edgeID":"1699709","fromID":"1292675","toID":"1292663","formEdgeID":null},{"edgeID":"1699710","fromID":"1292669","toID":"1292675","formEdgeID":null},{"edgeID":"1699711","fromID":"1292674","toID":"1292676","formEdgeID":null},{"edgeID":"1699712","fromID":"1292676","toID":"1292675","formEdgeID":null},{"edgeID":"1699713","fromID":"1292679","toID":"1292677","formEdgeID":null},{"edgeID":"1699714","fromID":"1292678","toID":"1292679","formEdgeID":null},{"edgeID":"1699715","fromID":"1292677","toID":"1292680","formEdgeID":null},{"edgeID":"1699716","fromID":"1292680","toID":"584646","formEdgeID":null},{"edgeID":"1699717","fromID":"1292670","toID":"1292681","formEdgeID":null},{"edgeID":"1699718","fromID":"1292681","toID":"1292677","formEdgeID":null},{"edgeID":"1699719","fromID":"584633","toID":"1292682","formEdgeID":null},{"edgeID":"1699720","fromID":"1292682","toID":"584646","formEdgeID":null},{"edgeID":"1699721","fromID":"1292648","toID":"1292683","formEdgeID":null},{"edgeID":"1699722","fromID":"1292683","toID":"1292677","formEdgeID":null},{"edgeID":"1699723","fromID":"1292683","toID":"1292684","formEdgeID":null},{"edgeID":"1699724","fromID":"1292684","toID":"1292682","formEdgeID":null},{"edgeID":"1699725","fromID":"1292688","toID":"1292687","formEdgeID":null},{"edgeID":"1699726","fromID":"1292687","toID":"1292686","formEdgeID":null},{"edgeID":"1699727","fromID":"1292686","toID":"1292689","formEdgeID":null},{"edgeID":"1699728","fromID":"1292689","toID":"1292685","formEdgeID":null},{"edgeID":"1699729","fromID":"1292677","toID":"1292690","formEdgeID":null},{"edgeID":"1699730","fromID":"1292690","toID":"1292686","formEdgeID":null},{"edgeID":"1699731","fromID":"1292694","toID":"1292692","formEdgeID":null},{"edgeID":"1699732","fromID":"1292693","toID":"1292694","formEdgeID":null},{"edgeID":"1699733","fromID":"1292695","toID":"1292691","formEdgeID":null},{"edgeID":"1699734","fromID":"1292692","toID":"1292695","formEdgeID":null},{"edgeID":"1699735","fromID":"1292696","toID":"1292692","formEdgeID":null},{"edgeID":"1699736","fromID":"1292686","toID":"1292696","formEdgeID":null},{"edgeID":"1699737","fromID":"1292699","toID":"1292698","formEdgeID":null},{"edgeID":"1699738","fromID":"1292700","toID":"1292699","formEdgeID":null},{"edgeID":"1699739","fromID":"1292698","toID":"1292701","formEdgeID":null},{"edgeID":"1699740","fromID":"1292701","toID":"1292697","formEdgeID":null},{"edgeID":"1699741","fromID":"1292702","toID":"1292698","formEdgeID":null},{"edgeID":"1699742","fromID":"1292692","toID":"1292702","formEdgeID":null},{"edgeID":"1699743","fromID":"1292705","toID":"1292704","formEdgeID":null},{"edgeID":"1699744","fromID":"1292706","toID":"1292705","formEdgeID":null},{"edgeID":"1699745","fromID":"1292704","toID":"1292707","formEdgeID":null},{"edgeID":"1699746","fromID":"1292707","toID":"1292703","formEdgeID":null},{"edgeID":"1699747","fromID":"1292698","toID":"1292708","formEdgeID":null},{"edgeID":"1699748","fromID":"1292708","toID":"1292704","formEdgeID":null},{"edgeID":"1699749","fromID":"1292703","toID":"1292709","formEdgeID":null},{"edgeID":"1699750","fromID":"1292709","toID":"1292697","formEdgeID":null},{"edgeID":"1699751","fromID":"1292710","toID":"1292709","formEdgeID":null},{"edgeID":"1699752","fromID":"1292708","toID":"1292710","formEdgeID":null},{"edgeID":"1699753","fromID":"1292713","toID":"1292712","formEdgeID":null},{"edgeID":"1699754","fromID":"1292714","toID":"1292713","formEdgeID":null},{"edgeID":"1699755","fromID":"1292715","toID":"1292711","formEdgeID":null},{"edgeID":"1699756","fromID":"1292712","toID":"1292715","formEdgeID":null},{"edgeID":"1699757","fromID":"1292704","toID":"1292716","formEdgeID":null},{"edgeID":"1699758","fromID":"1292716","toID":"1292712","formEdgeID":null},{"edgeID":"1699759","fromID":"1292719","toID":"1292718","formEdgeID":null},{"edgeID":"1699760","fromID":"1292720","toID":"1292719","formEdgeID":null},{"edgeID":"1699761","fromID":"1292718","toID":"1292721","formEdgeID":null},{"edgeID":"1699762","fromID":"1292721","toID":"1292717","formEdgeID":null},{"edgeID":"1699763","fromID":"1292712","toID":"1292722","formEdgeID":null},{"edgeID":"1699764","fromID":"1292722","toID":"1292718","formEdgeID":null},{"edgeID":"1699765","fromID":"1292723","toID":"1292717","formEdgeID":null},{"edgeID":"1699766","fromID":"1292711","toID":"1292723","formEdgeID":null},{"edgeID":"1699767","fromID":"1292722","toID":"1292724","formEdgeID":null},{"edgeID":"1699768","fromID":"1292724","toID":"1292723","formEdgeID":null},{"edgeID":"1699769","fromID":"1292728","toID":"1292726","formEdgeID":null},{"edgeID":"1699770","fromID":"1292727","toID":"1292728","formEdgeID":null},{"edgeID":"1699771","fromID":"1292726","toID":"1292729","formEdgeID":null},{"edgeID":"1699772","fromID":"1292729","toID":"1292725","formEdgeID":null},{"edgeID":"1699773","fromID":"1292718","toID":"1292730","formEdgeID":null},{"edgeID":"1699774","fromID":"1292730","toID":"1292726","formEdgeID":null},{"edgeID":"1699775","fromID":"1292732","toID":"1292733","formEdgeID":null},{"edgeID":"1699776","fromID":"1292734","toID":"1292732","formEdgeID":null},{"edgeID":"1699777","fromID":"1292733","toID":"1292735","formEdgeID":null},{"edgeID":"1699778","fromID":"1292735","toID":"1292731","formEdgeID":null},{"edgeID":"1699779","fromID":"1292726","toID":"1292736","formEdgeID":null},{"edgeID":"1699780","fromID":"1292736","toID":"1292733","formEdgeID":null},{"edgeID":"1699781","fromID":"1292731","toID":"1292737","formEdgeID":null},{"edgeID":"1699782","fromID":"1292737","toID":"1292725","formEdgeID":null},{"edgeID":"1699783","fromID":"1292738","toID":"1292737","formEdgeID":null},{"edgeID":"1699784","fromID":"1292736","toID":"1292738","formEdgeID":null},{"edgeID":"1699785","fromID":"1292742","toID":"1292741","formEdgeID":null},{"edgeID":"1699786","fromID":"1292741","toID":"1292740","formEdgeID":null},{"edgeID":"1699787","fromID":"1292740","toID":"1292743","formEdgeID":null},{"edgeID":"1699788","fromID":"1292743","toID":"1292739","formEdgeID":null},{"edgeID":"1699789","fromID":"1292733","toID":"1292744","formEdgeID":null},{"edgeID":"1699790","fromID":"1292744","toID":"1292740","formEdgeID":null},{"edgeID":"1699791","fromID":"1292739","toID":"1292745","formEdgeID":null},{"edgeID":"1699792","fromID":"1292745","toID":"1292731","formEdgeID":null},{"edgeID":"1699793","fromID":"1292744","toID":"1292746","formEdgeID":null},{"edgeID":"1699794","fromID":"1292746","toID":"1292745","formEdgeID":null},{"edgeID":"1699795","fromID":"1292725","toID":"1292747","formEdgeID":null},{"edgeID":"1699796","fromID":"1292747","toID":"1292711","formEdgeID":null},{"edgeID":"1699797","fromID":"1292712","toID":"1292748","formEdgeID":null},{"edgeID":"1699798","fromID":"1292748","toID":"1292726","formEdgeID":null},{"edgeID":"1699799","fromID":"1292749","toID":"1292747","formEdgeID":null},{"edgeID":"1699800","fromID":"1292748","toID":"1292749","formEdgeID":null}],"locutions":[]}