{"nodes":[{"nodeID":"1288667","text":"Fiona Bruce gets that there isn't a standard method of counting COVID-19 deaths","type":"I","timestamp":"2023-11-09 12:39:38"},{"nodeID":"1288668","text":"Fiona Bruce: I get that","type":"L","timestamp":"2023-11-09 12:39:38"},{"nodeID":"1288669","text":"Analysing","type":"YA","timestamp":"2023-11-09 12:39:38"},{"nodeID":"1288670","text":"Ella: Fiona Bruce: I get that","type":"L","timestamp":"2023-11-09 12:39:38"},{"nodeID":"1288671","text":"Asserting","type":"YA","timestamp":"2023-11-09 12:39:38"},{"nodeID":"1288672","text":"the lack of an international method of counting COVID-19 deaths is something the government have been very keen to say","type":"I","timestamp":"2023-11-09 12:39:38"},{"nodeID":"1288673","text":"Fiona Bruce: That's something the government have been very keen to say","type":"L","timestamp":"2023-11-09 12:39:38"},{"nodeID":"1288674","text":"Analysing","type":"YA","timestamp":"2023-11-09 12:39:38"},{"nodeID":"1288675","text":"Ella: Fiona Bruce: That's something the government have been very keen to say","type":"L","timestamp":"2023-11-09 12:39:38"},{"nodeID":"1288676","text":"Asserting","type":"YA","timestamp":"2023-11-09 12:39:38"},{"nodeID":"1288677","text":"we are the worst in Europe","type":"I","timestamp":"2023-11-09 12:39:39"},{"nodeID":"1288678","text":"Fiona Bruce: we are the worst in Europe","type":"L","timestamp":"2023-11-09 12:39:39"},{"nodeID":"1288679","text":"Analysing","type":"YA","timestamp":"2023-11-09 12:39:39"},{"nodeID":"1288680","text":"Ella: Fiona Bruce: we are the worst in Europe","type":"L","timestamp":"2023-11-09 12:39:39"},{"nodeID":"1288681","text":"Asserting","type":"YA","timestamp":"2023-11-09 12:39:39"},{"nodeID":"1288682","text":"we have the highest death toll in Europe or the second or the third","type":"I","timestamp":"2023-11-09 12:39:39"},{"nodeID":"1288683","text":"Fiona Bruce: we have the highest death toll in Europe or the second or the third","type":"L","timestamp":"2023-11-09 12:39:39"},{"nodeID":"1288684","text":"Analysing","type":"YA","timestamp":"2023-11-09 12:39:39"},{"nodeID":"1288685","text":"Ella: Fiona Bruce: we have the highest death toll in Europe or the second or the third","type":"L","timestamp":"2023-11-09 12:39:39"},{"nodeID":"1288686","text":"Asserting","type":"YA","timestamp":"2023-11-09 12:39:39"},{"nodeID":"1288687","text":"having the highest, or second or third highest, death toll in Europe is not where we want to be","type":"I","timestamp":"2023-11-09 12:39:40"},{"nodeID":"1288688","text":"Fiona Bruce: It is not where we want to be","type":"L","timestamp":"2023-11-09 12:39:40"},{"nodeID":"1288689","text":"Analysing","type":"YA","timestamp":"2023-11-09 12:39:40"},{"nodeID":"1288690","text":"Ella: Fiona Bruce: It is not where we want to be","type":"L","timestamp":"2023-11-09 12:39:40"},{"nodeID":"1288691","text":"Asserting","type":"YA","timestamp":"2023-11-09 12:39:40"},{"nodeID":"1288692","text":"Default Transition","type":"TA","timestamp":"2023-11-09 12:39:40"},{"nodeID":"1288693","text":"Default Transition","type":"TA","timestamp":"2023-11-09 12:39:40"},{"nodeID":"1288694","text":"Default Transition","type":"TA","timestamp":"2023-11-09 12:39:40"},{"nodeID":"1288695","text":"Default Transition","type":"TA","timestamp":"2023-11-09 12:39:40"},{"nodeID":"1288696","text":"xxx is why the UK the worst in Europe","type":"I","timestamp":"2023-11-09 12:39:41"},{"nodeID":"1288697","text":"Fiona Bruce: Margaret's question is why has this happened","type":"L","timestamp":"2023-11-09 12:39:41"},{"nodeID":"1288698","text":"Analysing","type":"YA","timestamp":"2023-11-09 12:39:41"},{"nodeID":"1288699","text":"Ella: Fiona Bruce: Margaret's question is why has this happened","type":"L","timestamp":"2023-11-09 12:39:41"},{"nodeID":"1288700","text":"xxx is Chris Hopson's view given he works with the ambulance workers and the hospital workers","type":"I","timestamp":"2023-11-09 12:39:41"},{"nodeID":"1288701","text":"Fiona Bruce: What's your view given you work with the ambulance workers and the hospital workers","type":"L","timestamp":"2023-11-09 12:39:41"},{"nodeID":"1288702","text":"Analysing","type":"YA","timestamp":"2023-11-09 12:39:41"},{"nodeID":"1288703","text":"Ella: Fiona Bruce: What's your view given you work with the ambulance workers and the hospital workers","type":"L","timestamp":"2023-11-09 12:39:41"},{"nodeID":"1288704","text":"Asserting","type":"YA","timestamp":"2023-11-09 12:39:41"},{"nodeID":"1288705","text":"Default Transition","type":"TA","timestamp":"2023-11-09 12:39:41"},{"nodeID":"1288706","text":"Default Transition","type":"TA","timestamp":"2023-11-09 12:39:41"},{"nodeID":"1288707","text":"AudienceMember 20220224QT01: why is the UK the worst in Europe","type":"L","timestamp":"2023-11-09 12:39:41"},{"nodeID":"1288708","text":"Analysing","type":"YA","timestamp":"2023-11-09 12:39:41"},{"nodeID":"1288709","text":"Ella: AudienceMember 20220224QT01: Margaret Unknown's question is why is the UK the worst in Europe","type":"L","timestamp":"2023-11-09 12:39:41"},{"nodeID":"1288710","text":"Pure Questioning","type":"YA","timestamp":"2023-11-09 12:39:41"},{"nodeID":"1288711","text":"Asserting","type":"YA","timestamp":"2023-11-09 12:39:41"},{"nodeID":"1288712","text":"quite rightly Margaret Unknown wants an answer to that question given the levels of deaths we have had","type":"I","timestamp":"2023-11-09 12:39:42"},{"nodeID":"1288713","text":"Chris Hopson: Quite rightly Margaret wants an answer to that question given the levels of deaths we have had.","type":"L","timestamp":"2023-11-09 12:39:42"},{"nodeID":"1288714","text":"Analysing","type":"YA","timestamp":"2023-11-09 12:39:42"},{"nodeID":"1288715","text":"Ella: Chris Hopson: Quite rightly Margaret wants an answer to that question given the levels of deaths we have had.","type":"L","timestamp":"2023-11-09 12:39:42"},{"nodeID":"1288716","text":"Asserting","type":"YA","timestamp":"2023-11-09 12:39:42"},{"nodeID":"1288717","text":"the reality is we are going to have to await to do the detailed analysis to find out what has happened here","type":"I","timestamp":"2023-11-09 12:39:42"},{"nodeID":"1288718","text":"Chris Hopson: the reality is we are going to have to await to do the detailed analysis to find out what has happened here","type":"L","timestamp":"2023-11-09 12:39:42"},{"nodeID":"1288719","text":"Analysing","type":"YA","timestamp":"2023-11-09 12:39:42"},{"nodeID":"1288720","text":"Ella: Chris Hopson: the reality is we are going to have to await to do the detailed analysis to find out what has happened here","type":"L","timestamp":"2023-11-09 12:39:42"},{"nodeID":"1288721","text":"Asserting","type":"YA","timestamp":"2023-11-09 12:39:42"},{"nodeID":"1288722","text":"it is dangerous and that's certainly what our public health expert colleagues say to draw conclusions at this point","type":"I","timestamp":"2023-11-09 12:39:43"},{"nodeID":"1288723","text":"Chris Hopson: it is dangerous and that's certainly what our public health expert colleagues say to draw conclusions at this point","type":"L","timestamp":"2023-11-09 12:39:43"},{"nodeID":"1288724","text":"Analysing","type":"YA","timestamp":"2023-11-09 12:39:43"},{"nodeID":"1288725","text":"Ella: Chris Hopson: it is dangerous and that's certainly what our public health expert colleagues say to draw conclusions at this point","type":"L","timestamp":"2023-11-09 12:39:43"},{"nodeID":"1288726","text":"Asserting","type":"YA","timestamp":"2023-11-09 12:39:43"},{"nodeID":"1288727","text":"Default Transition","type":"TA","timestamp":"2023-11-09 12:39:43"},{"nodeID":"1288728","text":"Default Transition","type":"TA","timestamp":"2023-11-09 12:39:43"},{"nodeID":"1288729","text":"clearly we are at 30,000 deaths","type":"I","timestamp":"2023-11-09 12:39:44"},{"nodeID":"1288730","text":"Chris Hopson: clearly we are at 30,000 deaths","type":"L","timestamp":"2023-11-09 12:39:44"},{"nodeID":"1288731","text":"Analysing","type":"YA","timestamp":"2023-11-09 12:39:44"},{"nodeID":"1288732","text":"Ella: Chris Hopson: clearly we are at 30,000 deaths","type":"L","timestamp":"2023-11-09 12:39:44"},{"nodeID":"1288733","text":"Asserting","type":"YA","timestamp":"2023-11-09 12:39:44"},{"nodeID":"1288734","text":"Default Transition","type":"TA","timestamp":"2023-11-09 12:39:44"},{"nodeID":"1288735","text":"these deaths are a real issue","type":"I","timestamp":"2023-11-09 12:39:44"},{"nodeID":"1288736","text":"Chris Hopson: It is a real issue","type":"L","timestamp":"2023-11-09 12:39:44"},{"nodeID":"1288737","text":"Analysing","type":"YA","timestamp":"2023-11-09 12:39:44"},{"nodeID":"1288738","text":"Ella: Chris Hopson: It is a real issue","type":"L","timestamp":"2023-11-09 12:39:44"},{"nodeID":"1288739","text":"Asserting","type":"YA","timestamp":"2023-11-09 12:39:44"},{"nodeID":"1288740","text":"Default Transition","type":"TA","timestamp":"2023-11-09 12:39:44"},{"nodeID":"1288741","text":"Default Inference","type":"RA","timestamp":"2023-11-09 12:39:44"},{"nodeID":"1288742","text":"Arguing","type":"YA","timestamp":"2023-11-09 12:39:44"},{"nodeID":"1288743","text":"Default Inference","type":"RA","timestamp":"2023-11-09 12:39:44"},{"nodeID":"1288744","text":"Arguing","type":"YA","timestamp":"2023-11-09 12:39:44"},{"nodeID":"1288745","text":"Default Rephrase","type":"MA","timestamp":"2023-11-09 12:39:44"},{"nodeID":"1288746","text":"Restating","type":"YA","timestamp":"2023-11-09 12:39:44"},{"nodeID":"1288747","text":"Default Rephrase","type":"MA","timestamp":"2023-11-09 12:39:44"},{"nodeID":"1288748","text":"Default Transition","type":"TA","timestamp":"2023-11-09 12:39:44"},{"nodeID":"1288749","text":"Default Illocuting","type":"YA","timestamp":"2023-11-09 12:39:44"},{"nodeID":"1288750","text":"Default Conflict","type":"CA","timestamp":"2023-11-09 12:39:44"},{"nodeID":"1288751","text":"Disagreeing","type":"YA","timestamp":"2023-11-09 12:39:44"}],"edges":[{"edgeID":"1694960","fromID":"1288669","toID":"1288668","formEdgeID":null},{"edgeID":"1694961","fromID":"1288670","toID":"1288669","formEdgeID":null},{"edgeID":"1694962","fromID":"1288668","toID":"1288671","formEdgeID":null},{"edgeID":"1694963","fromID":"1288671","toID":"1288667","formEdgeID":null},{"edgeID":"1694964","fromID":"1288674","toID":"1288673","formEdgeID":null},{"edgeID":"1694965","fromID":"1288675","toID":"1288674","formEdgeID":null},{"edgeID":"1694966","fromID":"1288673","toID":"1288676","formEdgeID":null},{"edgeID":"1694967","fromID":"1288676","toID":"1288672","formEdgeID":null},{"edgeID":"1694968","fromID":"1288679","toID":"1288678","formEdgeID":null},{"edgeID":"1694969","fromID":"1288680","toID":"1288679","formEdgeID":null},{"edgeID":"1694970","fromID":"1288678","toID":"1288681","formEdgeID":null},{"edgeID":"1694971","fromID":"1288681","toID":"1288677","formEdgeID":null},{"edgeID":"1694972","fromID":"1288684","toID":"1288683","formEdgeID":null},{"edgeID":"1694973","fromID":"1288685","toID":"1288684","formEdgeID":null},{"edgeID":"1694974","fromID":"1288683","toID":"1288686","formEdgeID":null},{"edgeID":"1694975","fromID":"1288686","toID":"1288682","formEdgeID":null},{"edgeID":"1694976","fromID":"1288689","toID":"1288688","formEdgeID":null},{"edgeID":"1694977","fromID":"1288690","toID":"1288689","formEdgeID":null},{"edgeID":"1694978","fromID":"1288688","toID":"1288691","formEdgeID":null},{"edgeID":"1694979","fromID":"1288691","toID":"1288687","formEdgeID":null},{"edgeID":"1694980","fromID":"1288668","toID":"1288692","formEdgeID":null},{"edgeID":"1694981","fromID":"1288692","toID":"1288673","formEdgeID":null},{"edgeID":"1694982","fromID":"1288673","toID":"1288693","formEdgeID":null},{"edgeID":"1694983","fromID":"1288693","toID":"1288678","formEdgeID":null},{"edgeID":"1694984","fromID":"1288678","toID":"1288694","formEdgeID":null},{"edgeID":"1694985","fromID":"1288694","toID":"1288683","formEdgeID":null},{"edgeID":"1694986","fromID":"1288683","toID":"1288695","formEdgeID":null},{"edgeID":"1694987","fromID":"1288695","toID":"1288688","formEdgeID":null},{"edgeID":"1694988","fromID":"1288698","toID":"1288697","formEdgeID":null},{"edgeID":"1694989","fromID":"1288699","toID":"1288698","formEdgeID":null},{"edgeID":"1694990","fromID":"1288702","toID":"1288701","formEdgeID":null},{"edgeID":"1694991","fromID":"1288703","toID":"1288702","formEdgeID":null},{"edgeID":"1694992","fromID":"1288701","toID":"1288704","formEdgeID":null},{"edgeID":"1694993","fromID":"1288704","toID":"1288700","formEdgeID":null},{"edgeID":"1694994","fromID":"1288688","toID":"1288705","formEdgeID":null},{"edgeID":"1694995","fromID":"1288705","toID":"1288697","formEdgeID":null},{"edgeID":"1694996","fromID":"1288697","toID":"1288706","formEdgeID":null},{"edgeID":"1694997","fromID":"1288706","toID":"1288701","formEdgeID":null},{"edgeID":"1694998","fromID":"1288708","toID":"1288707","formEdgeID":null},{"edgeID":"1694999","fromID":"1288709","toID":"1288708","formEdgeID":null},{"edgeID":"1695000","fromID":"1288707","toID":"1288710","formEdgeID":null},{"edgeID":"1695001","fromID":"1288710","toID":"1288696","formEdgeID":null},{"edgeID":"1695002","fromID":"1288697","toID":"1288711","formEdgeID":null},{"edgeID":"1695003","fromID":"1288711","toID":"1288707","formEdgeID":null},{"edgeID":"1695004","fromID":"1288714","toID":"1288713","formEdgeID":null},{"edgeID":"1695005","fromID":"1288715","toID":"1288714","formEdgeID":null},{"edgeID":"1695006","fromID":"1288713","toID":"1288716","formEdgeID":null},{"edgeID":"1695007","fromID":"1288716","toID":"1288712","formEdgeID":null},{"edgeID":"1695008","fromID":"1288719","toID":"1288718","formEdgeID":null},{"edgeID":"1695009","fromID":"1288720","toID":"1288719","formEdgeID":null},{"edgeID":"1695010","fromID":"1288718","toID":"1288721","formEdgeID":null},{"edgeID":"1695011","fromID":"1288721","toID":"1288717","formEdgeID":null},{"edgeID":"1695012","fromID":"1288724","toID":"1288723","formEdgeID":null},{"edgeID":"1695013","fromID":"1288725","toID":"1288724","formEdgeID":null},{"edgeID":"1695014","fromID":"1288723","toID":"1288726","formEdgeID":null},{"edgeID":"1695015","fromID":"1288726","toID":"1288722","formEdgeID":null},{"edgeID":"1695016","fromID":"1288701","toID":"1288727","formEdgeID":null},{"edgeID":"1695017","fromID":"1288727","toID":"1288713","formEdgeID":null},{"edgeID":"1695018","fromID":"1288718","toID":"1288728","formEdgeID":null},{"edgeID":"1695019","fromID":"1288728","toID":"1288723","formEdgeID":null},{"edgeID":"1695020","fromID":"1288731","toID":"1288730","formEdgeID":null},{"edgeID":"1695021","fromID":"1288732","toID":"1288731","formEdgeID":null},{"edgeID":"1695022","fromID":"1288730","toID":"1288733","formEdgeID":null},{"edgeID":"1695023","fromID":"1288733","toID":"1288729","formEdgeID":null},{"edgeID":"1695024","fromID":"1288723","toID":"1288734","formEdgeID":null},{"edgeID":"1695025","fromID":"1288734","toID":"1288730","formEdgeID":null},{"edgeID":"1695026","fromID":"1288737","toID":"1288736","formEdgeID":null},{"edgeID":"1695027","fromID":"1288738","toID":"1288737","formEdgeID":null},{"edgeID":"1695028","fromID":"1288736","toID":"1288739","formEdgeID":null},{"edgeID":"1695029","fromID":"1288739","toID":"1288735","formEdgeID":null},{"edgeID":"1695030","fromID":"1288730","toID":"1288740","formEdgeID":null},{"edgeID":"1695031","fromID":"1288740","toID":"1288736","formEdgeID":null},{"edgeID":"1695032","fromID":"1288729","toID":"1288741","formEdgeID":null},{"edgeID":"1695033","fromID":"1288741","toID":"1288735","formEdgeID":null},{"edgeID":"1695034","fromID":"1288740","toID":"1288742","formEdgeID":null},{"edgeID":"1695035","fromID":"1288742","toID":"1288741","formEdgeID":null},{"edgeID":"1695036","fromID":"1288682","toID":"1288743","formEdgeID":null},{"edgeID":"1695037","fromID":"1288743","toID":"1288677","formEdgeID":null},{"edgeID":"1695038","fromID":"1288694","toID":"1288744","formEdgeID":null},{"edgeID":"1695039","fromID":"1288744","toID":"1288743","formEdgeID":null},{"edgeID":"1695040","fromID":"1288687","toID":"1288745","formEdgeID":null},{"edgeID":"1695041","fromID":"1288745","toID":"1288682","formEdgeID":null},{"edgeID":"1695042","fromID":"1288695","toID":"1288746","formEdgeID":null},{"edgeID":"1695043","fromID":"1288746","toID":"1288745","formEdgeID":null},{"edgeID":"1695044","fromID":"1288717","toID":"1288747","formEdgeID":null},{"edgeID":"1695045","fromID":"1288747","toID":"1288700","formEdgeID":null},{"edgeID":"1695046","fromID":"1288701","toID":"1288748","formEdgeID":null},{"edgeID":"1695047","fromID":"1288748","toID":"1288718","formEdgeID":null},{"edgeID":"1695048","fromID":"1288748","toID":"1288749","formEdgeID":null},{"edgeID":"1695049","fromID":"1288749","toID":"1288747","formEdgeID":null},{"edgeID":"1695050","fromID":"1288729","toID":"1288750","formEdgeID":null},{"edgeID":"1695051","fromID":"1288750","toID":"1288722","formEdgeID":null},{"edgeID":"1695052","fromID":"1288734","toID":"1288751","formEdgeID":null},{"edgeID":"1695053","fromID":"1288751","toID":"1288750","formEdgeID":null}],"locutions":[]}