{"nodes":[{"nodeID":"1288279","text":"AudienceMember 20220224QT01 has many questions concerning the UK government's handling of the Coronavirus","type":"I","timestamp":"2023-11-09 12:39:03"},{"nodeID":"1288280","text":"AudienceMember 20220224QT01: I have many questions concerning our government's handling of the Coronavirus","type":"L","timestamp":"2023-11-09 12:39:03"},{"nodeID":"1288281","text":"Analysing","type":"YA","timestamp":"2023-11-09 12:39:03"},{"nodeID":"1288282","text":"Chris: AudienceMember 20220224QT01: I have many questions concerning our government's handling of the Coronavirus","type":"L","timestamp":"2023-11-09 12:39:03"},{"nodeID":"1288283","text":"Asserting","type":"YA","timestamp":"2023-11-09 12:39:03"},{"nodeID":"1288284","text":"this morning AudienceMember 20220224QT01 read that according to statistics from John Hopkins University Sweden has 28 deaths per 100,000 inhabitants, Norway has 4 deaths per 100,000, Denmark has 8.7, Finland has 4.5","type":"I","timestamp":"2023-11-09 12:39:04"},{"nodeID":"1288285","text":"AudienceMember 20220224QT01: this morning I read that according to statistics from John Hopkins University Sweden has 28 deaths per 100,000 inhabitants, Norway has 4 deaths per 100,000, Denmark has 8.7, Finland has 4.5","type":"L","timestamp":"2023-11-09 12:39:04"},{"nodeID":"1288286","text":"Analysing","type":"YA","timestamp":"2023-11-09 12:39:04"},{"nodeID":"1288287","text":"Chris: AudienceMember 20220224QT01: this morning I read that according to statistics from John Hopkins University Sweden has 28 deaths per 100,000 inhabitants, Norway has 4 deaths per 100,000, Denmark has 8.7, Finland has 4.5","type":"L","timestamp":"2023-11-09 12:39:04"},{"nodeID":"1288288","text":"Asserting","type":"YA","timestamp":"2023-11-09 12:39:04"},{"nodeID":"1288289","text":"Default Transition","type":"TA","timestamp":"2023-11-09 12:39:04"},{"nodeID":"1288290","text":"Default Inference","type":"RA","timestamp":"2023-11-09 12:39:04"},{"nodeID":"1288291","text":"Arguing","type":"YA","timestamp":"2023-11-09 12:39:04"},{"nodeID":"1288292","text":"even the USA has less covid deaths per 100,000 than the UK at 21.7","type":"I","timestamp":"2023-11-09 12:39:05"},{"nodeID":"1288293","text":"AudienceMember 20220224QT01: Even the USA has less than the UK at 21.7","type":"L","timestamp":"2023-11-09 12:39:05"},{"nodeID":"1288294","text":"Analysing","type":"YA","timestamp":"2023-11-09 12:39:05"},{"nodeID":"1288295","text":"Chris: AudienceMember 20220224QT01: Even the USA has less than the UK at 21.7","type":"L","timestamp":"2023-11-09 12:39:05"},{"nodeID":"1288296","text":"Asserting","type":"YA","timestamp":"2023-11-09 12:39:05"},{"nodeID":"1288297","text":"Default Transition","type":"TA","timestamp":"2023-11-09 12:39:05"},{"nodeID":"1288298","text":"Default Rephrase","type":"MA","timestamp":"2023-11-09 12:39:05"},{"nodeID":"1288299","text":"Restating","type":"YA","timestamp":"2023-11-09 12:39:05"},{"nodeID":"1288300","text":"so other countries are all lower death toll per 100,000 from covid than the UK, which has a nationwide lockdown and the toll is significantly higher at 44.4 per 100,000 inhabitants","type":"I","timestamp":"2023-11-09 12:39:05"},{"nodeID":"1288301","text":"AudienceMember 20220224QT01: So they are all lower than the UK, which has a nationwide lockdown and the toll is significantly higher at 44.4 per 100,000 inhabitants","type":"L","timestamp":"2023-11-09 12:39:05"},{"nodeID":"1288302","text":"Analysing","type":"YA","timestamp":"2023-11-09 12:39:05"},{"nodeID":"1288303","text":"Chris: AudienceMember 20220224QT01: So they are all lower than the UK, which has a nationwide lockdown and the toll is significantly higher at 44.4 per 100,000 inhabitants","type":"L","timestamp":"2023-11-09 12:39:05"},{"nodeID":"1288304","text":"Asserting","type":"YA","timestamp":"2023-11-09 12:39:05"},{"nodeID":"1288305","text":"Default Transition","type":"TA","timestamp":"2023-11-09 12:39:05"},{"nodeID":"1288306","text":"Default Rephrase","type":"MA","timestamp":"2023-11-09 12:39:05"},{"nodeID":"1288307","text":"Restating","type":"YA","timestamp":"2023-11-09 12:39:05"},{"nodeID":"1288308","text":"xxx is why and how the government let the excessive deaths from covid per 100,000 happen when we had advance warning of the figures coming out of other countries","type":"I","timestamp":"2023-11-09 12:39:06"},{"nodeID":"1288309","text":"AudienceMember 20220224QT01: why and how did the government let this happen when we had advance warning of the figures coming out of other countries","type":"L","timestamp":"2023-11-09 12:39:06"},{"nodeID":"1288310","text":"Analysing","type":"YA","timestamp":"2023-11-09 12:39:06"},{"nodeID":"1288311","text":"Chris: AudienceMember 20220224QT01: why and how did the government let this happen when we had advance warning of the figures coming out of other countries","type":"L","timestamp":"2023-11-09 12:39:06"},{"nodeID":"1288312","text":"Pure Questioning","type":"YA","timestamp":"2023-11-09 12:39:06"},{"nodeID":"1288313","text":"Default Transition","type":"TA","timestamp":"2023-11-09 12:39:06"},{"nodeID":"1288314","text":"as a country the UK is meant to be celebrating VE Day tomorrow but who feels like celebrating","type":"I","timestamp":"2023-11-09 12:39:06"},{"nodeID":"1288315","text":"AudienceMember 20220224QT01: As a country we are meant to be celebrating VE Day tomorrow but who feels like celebrating","type":"L","timestamp":"2023-11-09 12:39:06"},{"nodeID":"1288316","text":"Analysing","type":"YA","timestamp":"2023-11-09 12:39:06"},{"nodeID":"1288317","text":"Chris: AudienceMember 20220224QT01: As a country we are meant to be celebrating VE Day tomorrow but who feels like celebrating","type":"L","timestamp":"2023-11-09 12:39:06"},{"nodeID":"1288318","text":"Rhetorical Questioning","type":"YA","timestamp":"2023-11-09 12:39:06"},{"nodeID":"1288319","text":"Default Transition","type":"TA","timestamp":"2023-11-09 12:39:06"},{"nodeID":"1288320","text":"AudienceMember 20220224QT01 doesn't feel particularly proud of being British when they see the figures on Britain's excessive death toll per 100,000 due to covid","type":"I","timestamp":"2023-11-09 12:39:07"},{"nodeID":"1288321","text":"AudienceMember 20220224QT01:  I don't feel particularly proud of being British when I see figures like that","type":"L","timestamp":"2023-11-09 12:39:07"},{"nodeID":"1288322","text":"Analysing","type":"YA","timestamp":"2023-11-09 12:39:07"},{"nodeID":"1288323","text":"Chris: AudienceMember 20220224QT01:  I don't feel particularly proud of being British when I see figures like that","type":"L","timestamp":"2023-11-09 12:39:07"},{"nodeID":"1288324","text":"Asserting","type":"YA","timestamp":"2023-11-09 12:39:07"},{"nodeID":"1288325","text":"Default Transition","type":"TA","timestamp":"2023-11-09 12:39:07"},{"nodeID":"1288326","text":"Default Rephrase","type":"MA","timestamp":"2023-11-09 12:39:07"},{"nodeID":"1288327","text":"Default Illocuting","type":"YA","timestamp":"2023-11-09 12:39:07"}],"edges":[{"edgeID":"1694507","fromID":"1288281","toID":"1288280","formEdgeID":null},{"edgeID":"1694508","fromID":"1288282","toID":"1288281","formEdgeID":null},{"edgeID":"1694509","fromID":"1288280","toID":"1288283","formEdgeID":null},{"edgeID":"1694510","fromID":"1288283","toID":"1288279","formEdgeID":null},{"edgeID":"1694511","fromID":"1288286","toID":"1288285","formEdgeID":null},{"edgeID":"1694512","fromID":"1288287","toID":"1288286","formEdgeID":null},{"edgeID":"1694513","fromID":"1288285","toID":"1288288","formEdgeID":null},{"edgeID":"1694514","fromID":"1288288","toID":"1288284","formEdgeID":null},{"edgeID":"1694515","fromID":"1288280","toID":"1288289","formEdgeID":null},{"edgeID":"1694516","fromID":"1288289","toID":"1288285","formEdgeID":null},{"edgeID":"1694517","fromID":"1288284","toID":"1288290","formEdgeID":null},{"edgeID":"1694518","fromID":"1288290","toID":"1288279","formEdgeID":null},{"edgeID":"1694519","fromID":"1288289","toID":"1288291","formEdgeID":null},{"edgeID":"1694520","fromID":"1288291","toID":"1288290","formEdgeID":null},{"edgeID":"1694521","fromID":"1288294","toID":"1288293","formEdgeID":null},{"edgeID":"1694522","fromID":"1288295","toID":"1288294","formEdgeID":null},{"edgeID":"1694523","fromID":"1288293","toID":"1288296","formEdgeID":null},{"edgeID":"1694524","fromID":"1288296","toID":"1288292","formEdgeID":null},{"edgeID":"1694525","fromID":"1288285","toID":"1288297","formEdgeID":null},{"edgeID":"1694526","fromID":"1288297","toID":"1288293","formEdgeID":null},{"edgeID":"1694527","fromID":"1288292","toID":"1288298","formEdgeID":null},{"edgeID":"1694528","fromID":"1288298","toID":"1288284","formEdgeID":null},{"edgeID":"1694529","fromID":"1288297","toID":"1288299","formEdgeID":null},{"edgeID":"1694530","fromID":"1288299","toID":"1288298","formEdgeID":null},{"edgeID":"1694531","fromID":"1288302","toID":"1288301","formEdgeID":null},{"edgeID":"1694532","fromID":"1288303","toID":"1288302","formEdgeID":null},{"edgeID":"1694533","fromID":"1288301","toID":"1288304","formEdgeID":null},{"edgeID":"1694534","fromID":"1288304","toID":"1288300","formEdgeID":null},{"edgeID":"1694535","fromID":"1288293","toID":"1288305","formEdgeID":null},{"edgeID":"1694536","fromID":"1288305","toID":"1288301","formEdgeID":null},{"edgeID":"1694537","fromID":"1288300","toID":"1288306","formEdgeID":null},{"edgeID":"1694538","fromID":"1288306","toID":"1288292","formEdgeID":null},{"edgeID":"1694539","fromID":"1288305","toID":"1288307","formEdgeID":null},{"edgeID":"1694540","fromID":"1288307","toID":"1288306","formEdgeID":null},{"edgeID":"1694541","fromID":"1288310","toID":"1288309","formEdgeID":null},{"edgeID":"1694542","fromID":"1288311","toID":"1288310","formEdgeID":null},{"edgeID":"1694543","fromID":"1288309","toID":"1288312","formEdgeID":null},{"edgeID":"1694544","fromID":"1288312","toID":"1288308","formEdgeID":null},{"edgeID":"1694545","fromID":"1288301","toID":"1288313","formEdgeID":null},{"edgeID":"1694546","fromID":"1288313","toID":"1288309","formEdgeID":null},{"edgeID":"1694547","fromID":"1288316","toID":"1288315","formEdgeID":null},{"edgeID":"1694548","fromID":"1288317","toID":"1288316","formEdgeID":null},{"edgeID":"1694549","fromID":"1288315","toID":"1288318","formEdgeID":null},{"edgeID":"1694550","fromID":"1288318","toID":"1288314","formEdgeID":null},{"edgeID":"1694551","fromID":"1288309","toID":"1288319","formEdgeID":null},{"edgeID":"1694552","fromID":"1288319","toID":"1288315","formEdgeID":null},{"edgeID":"1694553","fromID":"1288322","toID":"1288321","formEdgeID":null},{"edgeID":"1694554","fromID":"1288323","toID":"1288322","formEdgeID":null},{"edgeID":"1694555","fromID":"1288321","toID":"1288324","formEdgeID":null},{"edgeID":"1694556","fromID":"1288324","toID":"1288320","formEdgeID":null},{"edgeID":"1694557","fromID":"1288315","toID":"1288325","formEdgeID":null},{"edgeID":"1694558","fromID":"1288325","toID":"1288321","formEdgeID":null},{"edgeID":"1694559","fromID":"1288320","toID":"1288326","formEdgeID":null},{"edgeID":"1694560","fromID":"1288326","toID":"1288314","formEdgeID":null},{"edgeID":"1694561","fromID":"1288325","toID":"1288327","formEdgeID":null},{"edgeID":"1694562","fromID":"1288327","toID":"1288326","formEdgeID":null}],"locutions":[]}