{"nodes":[{"nodeID":"498675","text":"we need support also from the government","type":"I","timestamp":"2020-05-14 20:07:11"},{"nodeID":"1289677","text":"we should recognise the fact that the testing for Coronavirus capacity has grown quite quickly","type":"I","timestamp":"2023-11-09 12:41:04"},{"nodeID":"1289678","text":"Chris Hopson: We should recognise the fact that the testing capacity has grown quite quickly","type":"L","timestamp":"2023-11-09 12:41:04"},{"nodeID":"1289679","text":"Analysing","type":"YA","timestamp":"2023-11-09 12:41:04"},{"nodeID":"1289680","text":"Joanne: Chris Hopson: We should recognise the fact that the testing capacity has grown quite quickly","type":"L","timestamp":"2023-11-09 12:41:04"},{"nodeID":"1289681","text":"Asserting","type":"YA","timestamp":"2023-11-09 12:41:04"},{"nodeID":"1289682","text":"you are missing a whole bunch of things","type":"I","timestamp":"2023-11-09 12:41:04"},{"nodeID":"1289683","text":"Chris Hopson: you are missing a whole bunch of things","type":"L","timestamp":"2023-11-09 12:41:04"},{"nodeID":"1289684","text":"Analysing","type":"YA","timestamp":"2023-11-09 12:41:04"},{"nodeID":"1289685","text":"Joanne: Chris Hopson: you are missing a whole bunch of things","type":"L","timestamp":"2023-11-09 12:41:04"},{"nodeID":"1289686","text":"Asserting","type":"YA","timestamp":"2023-11-09 12:41:04"},{"nodeID":"1289687","text":"30th April is the only day we have had that number of Coronavirus tests","type":"I","timestamp":"2023-11-09 12:41:05"},{"nodeID":"1289688","text":"Fiona Bruce: It is the only day we have had that number","type":"L","timestamp":"2023-11-09 12:41:05"},{"nodeID":"1289689","text":"Joanne: Fiona Bruce: It is the only day we have had that number","type":"L","timestamp":"2023-11-09 12:41:05"},{"nodeID":"1289690","text":"Analysing","type":"YA","timestamp":"2023-11-09 12:41:05"},{"nodeID":"1289691","text":"Asserting","type":"YA","timestamp":"2023-11-09 12:41:05"},{"nodeID":"1289692","text":"Default Transition","type":"TA","timestamp":"2023-11-09 12:41:05"},{"nodeID":"1289693","text":"the testing hotline is warning that Coronavirus tests can take 7 to ten days","type":"I","timestamp":"2023-11-09 12:41:05"},{"nodeID":"1289694","text":"Fiona Bruce: The testing hotline is warning that tests can take 7 to ten days","type":"L","timestamp":"2023-11-09 12:41:05"},{"nodeID":"1289695","text":"Analysing","type":"YA","timestamp":"2023-11-09 12:41:05"},{"nodeID":"1289696","text":"Joanne: Fiona Bruce: The testing hotline is warning that tests can take 7 to ten days","type":"L","timestamp":"2023-11-09 12:41:05"},{"nodeID":"1289697","text":"Asserting","type":"YA","timestamp":"2023-11-09 12:41:05"},{"nodeID":"1289698","text":"Default Transition","type":"TA","timestamp":"2023-11-09 12:41:05"},{"nodeID":"1289699","text":"you have to go into isolation for two weeks","type":"I","timestamp":"2023-11-09 12:41:06"},{"nodeID":"1289700","text":"Analysing","type":"YA","timestamp":"2023-11-09 12:41:06"},{"nodeID":"1289701","text":"Fiona Bruce: You have to go into isolation for two weeks","type":"L","timestamp":"2023-11-09 12:41:06"},{"nodeID":"1289702","text":"Joanne: Fiona Bruce: You have to go into isolation for two weeks","type":"L","timestamp":"2023-11-09 12:41:06"},{"nodeID":"1289703","text":"Asserting","type":"YA","timestamp":"2023-11-09 12:41:06"},{"nodeID":"1289704","text":"Default Transition","type":"TA","timestamp":"2023-11-09 12:41:06"},{"nodeID":"1289705","text":"you then wait for the test from 7 to 10 days","type":"I","timestamp":"2023-11-09 12:41:07"},{"nodeID":"1289706","text":"Fiona Bruce: then wait for the test from 7 to 10 days","type":"L","timestamp":"2023-11-09 12:41:07"},{"nodeID":"1289707","text":"Joanne: Fiona Bruce: then wait for the test from 7 to 10 days","type":"L","timestamp":"2023-11-09 12:41:07"},{"nodeID":"1289708","text":"Analysing","type":"YA","timestamp":"2023-11-09 12:41:07"},{"nodeID":"1289709","text":"Asserting","type":"YA","timestamp":"2023-11-09 12:41:07"},{"nodeID":"1289710","text":"Default Transition","type":"TA","timestamp":"2023-11-09 12:41:07"},{"nodeID":"1289711","text":"Chris Hopson was talking to a National Health Service Trust Chief Executive who two weeks ago could get tested for Coronavirus in a day","type":"I","timestamp":"2023-11-09 12:41:07"},{"nodeID":"1289712","text":"Analysing","type":"YA","timestamp":"2023-11-09 12:41:07"},{"nodeID":"1289713","text":"Chris Hopson: I was talking to a Trust Chief Executive who two weeks ago could get tested in a day","type":"L","timestamp":"2023-11-09 12:41:07"},{"nodeID":"1289714","text":"Joanne: Chris Hopson: I was talking to a Trust Chief Executive who two weeks ago could get tested in a day","type":"L","timestamp":"2023-11-09 12:41:07"},{"nodeID":"1289715","text":"Asserting","type":"YA","timestamp":"2023-11-09 12:41:07"},{"nodeID":"1289716","text":"now Coronavirus tests are taking five days","type":"I","timestamp":"2023-11-09 12:41:08"},{"nodeID":"1289717","text":"Analysing","type":"YA","timestamp":"2023-11-09 12:41:08"},{"nodeID":"1289718","text":"Joanne: Chris Hopson:  now they are taking five days","type":"L","timestamp":"2023-11-09 12:41:08"},{"nodeID":"1289719","text":"Chris Hopson:  now they are taking five days","type":"L","timestamp":"2023-11-09 12:41:08"},{"nodeID":"1289720","text":"Asserting","type":"YA","timestamp":"2023-11-09 12:41:08"},{"nodeID":"1289721","text":"Default Transition","type":"TA","timestamp":"2023-11-09 12:41:08"},{"nodeID":"1289722","text":"Default Conflict","type":"CA","timestamp":"2023-11-09 12:41:08"},{"nodeID":"1289723","text":"Disagreeing","type":"YA","timestamp":"2023-11-09 12:41:08"},{"nodeID":"1289724","text":"growing capacity for Coronavirus testing is part of the story","type":"I","timestamp":"2023-11-09 12:41:09"},{"nodeID":"1289725","text":"Chris Hopson: growing capacity is part of the story","type":"L","timestamp":"2023-11-09 12:41:09"},{"nodeID":"1289726","text":"Analysing","type":"YA","timestamp":"2023-11-09 12:41:09"},{"nodeID":"1289727","text":"Joanne: Chris Hopson: growing capacity is part of the story","type":"L","timestamp":"2023-11-09 12:41:09"},{"nodeID":"1289728","text":"Asserting","type":"YA","timestamp":"2023-11-09 12:41:09"},{"nodeID":"1289729","text":"Default Transition","type":"TA","timestamp":"2023-11-09 12:41:09"},{"nodeID":"1289730","text":"what we have to ensure is that everybody who needs access to a test can get it quickly","type":"I","timestamp":"2023-11-09 12:41:09"},{"nodeID":"1289731","text":"Analysing","type":"YA","timestamp":"2023-11-09 12:41:09"},{"nodeID":"1289732","text":"Chris Hopson: what we have to ensure is that everybody who needs access to a test can get it quickly","type":"L","timestamp":"2023-11-09 12:41:09"},{"nodeID":"1289733","text":"Joanne: Chris Hopson: what we have to ensure is that everybody who needs access to a test can get it quickly","type":"L","timestamp":"2023-11-09 12:41:09"},{"nodeID":"1289734","text":"Asserting","type":"YA","timestamp":"2023-11-09 12:41:09"},{"nodeID":"1289735","text":"Default Transition","type":"TA","timestamp":"2023-11-09 12:41:09"},{"nodeID":"1289736","text":"Chris Hopson is or is not confident that ensuring quick access to Coronavirus tests for those that need it will happen","type":"I","timestamp":"2023-11-09 12:41:10"},{"nodeID":"1289737","text":"Joanne: Fiona Bruce: Are you confident that will happen","type":"L","timestamp":"2023-11-09 12:41:10"},{"nodeID":"1289738","text":"Fiona Bruce: Are you confident that will happen","type":"L","timestamp":"2023-11-09 12:41:10"},{"nodeID":"1289739","text":"Analysing","type":"YA","timestamp":"2023-11-09 12:41:10"},{"nodeID":"1289740","text":"Pure Questioning","type":"YA","timestamp":"2023-11-09 12:41:10"},{"nodeID":"1289741","text":"Default Transition","type":"TA","timestamp":"2023-11-09 12:41:10"},{"nodeID":"1289742","text":"the NHS needs to play its part","type":"I","timestamp":"2023-11-09 12:41:10"},{"nodeID":"1289743","text":"Chris Hopson: the NHS needs to play its part","type":"L","timestamp":"2023-11-09 12:41:10"},{"nodeID":"1289744","text":"Analysing","type":"YA","timestamp":"2023-11-09 12:41:10"},{"nodeID":"1289745","text":"Joanne: Chris Hopson: the NHS needs to play its part","type":"L","timestamp":"2023-11-09 12:41:10"},{"nodeID":"1289746","text":"Asserting","type":"YA","timestamp":"2023-11-09 12:41:10"},{"nodeID":"1289747","text":"Default Transition","type":"TA","timestamp":"2023-11-09 12:41:10"},{"nodeID":"1289748","text":"Chris Hopson: We need support also from the government","type":"L","timestamp":"2023-11-09 12:41:10"},{"nodeID":"1289749","text":"Analysing","type":"YA","timestamp":"2023-11-09 12:41:10"},{"nodeID":"1289750","text":"Joanne: Chris Hopson: We need support also from the government","type":"L","timestamp":"2023-11-09 12:41:10"},{"nodeID":"1289751","text":"Asserting","type":"YA","timestamp":"2023-11-09 12:41:10"},{"nodeID":"1289752","text":"Default Transition","type":"TA","timestamp":"2023-11-09 12:41:10"},{"nodeID":"1289753","text":"Default Inference","type":"RA","timestamp":"2023-11-09 12:41:10"},{"nodeID":"1289754","text":"Arguing","type":"YA","timestamp":"2023-11-09 12:41:10"},{"nodeID":"1289755","text":"Default Rephrase","type":"MA","timestamp":"2023-11-09 12:41:10"},{"nodeID":"1289756","text":"Default Transition","type":"TA","timestamp":"2023-11-09 12:41:10"},{"nodeID":"1289757","text":"Restating","type":"YA","timestamp":"2023-11-09 12:41:10"},{"nodeID":"1289758","text":"Default Transition","type":"TA","timestamp":"2023-11-09 12:41:10"},{"nodeID":"1289759","text":"the problem is you just focus on the number of Coronavirus tests on April 30th","type":"I","timestamp":"2023-11-09 12:41:11"},{"nodeID":"1289760","text":"Chris Hopson: The problem is if you just focus on the number of tests on April 30th","type":"L","timestamp":"2023-11-09 12:41:11"},{"nodeID":"1289761","text":"Analysing","type":"YA","timestamp":"2023-11-09 12:41:11"},{"nodeID":"1289762","text":"Joanne: Chris Hopson: The problem is if you just focus on the number of tests on April 30th","type":"L","timestamp":"2023-11-09 12:41:11"},{"nodeID":"1289763","text":"Asserting","type":"YA","timestamp":"2023-11-09 12:41:11"},{"nodeID":"1289764","text":"Default Transition","type":"TA","timestamp":"2023-11-09 12:41:11"},{"nodeID":"1289765","text":"Default Inference","type":"RA","timestamp":"2023-11-09 12:41:11"},{"nodeID":"1289766","text":"Arguing","type":"YA","timestamp":"2023-11-09 12:41:11"},{"nodeID":"1289767","text":"Default Conflict","type":"CA","timestamp":"2023-11-09 12:41:11"},{"nodeID":"1289768","text":"Default Transition","type":"TA","timestamp":"2023-11-09 12:41:11"},{"nodeID":"1289769","text":"Disagreeing","type":"YA","timestamp":"2023-11-09 12:41:11"},{"nodeID":"1289770","text":"it will be really important for everybody in the NHS to know the role they are meant to be playing in terms of the use of this app and supporting it","type":"I","timestamp":"2023-11-09 12:41:12"},{"nodeID":"1289771","text":"Chris Hopson: it will be really important for everybody in the NHS to know the role they are meant to be playing in terms of the use of this app and supporting it","type":"L","timestamp":"2023-11-09 12:41:12"},{"nodeID":"1289772","text":"Analysing","type":"YA","timestamp":"2023-11-09 12:41:12"},{"nodeID":"1289773","text":"Joanne: Chris Hopson: it will be really important for everybody in the NHS to know the role they are meant to be playing in terms of the use of this app and supporting it","type":"L","timestamp":"2023-11-09 12:41:12"},{"nodeID":"1289774","text":"Asserting","type":"YA","timestamp":"2023-11-09 12:41:12"},{"nodeID":"1289775","text":"we exit and begin to ease lockdown","type":"I","timestamp":"2023-11-09 12:41:12"},{"nodeID":"1289776","text":"Chris Hopson:  we exit and begin to ease lockdown","type":"L","timestamp":"2023-11-09 12:41:12"},{"nodeID":"1289777","text":"Analysing","type":"YA","timestamp":"2023-11-09 12:41:12"},{"nodeID":"1289778","text":"Joanne: Chris Hopson:  we exit and begin to ease lockdown","type":"L","timestamp":"2023-11-09 12:41:12"},{"nodeID":"1289779","text":"Asserting","type":"YA","timestamp":"2023-11-09 12:41:12"},{"nodeID":"1289780","text":"Default Transition","type":"TA","timestamp":"2023-11-09 12:41:12"},{"nodeID":"1289781","text":"Default Transition","type":"TA","timestamp":"2023-11-09 12:41:12"}],"edges":[{"edgeID":"1696152","fromID":"1289679","toID":"1289678","formEdgeID":null},{"edgeID":"1696153","fromID":"1289680","toID":"1289679","formEdgeID":null},{"edgeID":"1696154","fromID":"1289681","toID":"1289677","formEdgeID":null},{"edgeID":"1696155","fromID":"1289678","toID":"1289681","formEdgeID":null},{"edgeID":"1696156","fromID":"1289684","toID":"1289683","formEdgeID":null},{"edgeID":"1696157","fromID":"1289685","toID":"1289684","formEdgeID":null},{"edgeID":"1696158","fromID":"1289683","toID":"1289686","formEdgeID":null},{"edgeID":"1696159","fromID":"1289686","toID":"1289682","formEdgeID":null},{"edgeID":"1696160","fromID":"1289690","toID":"1289688","formEdgeID":null},{"edgeID":"1696161","fromID":"1289689","toID":"1289690","formEdgeID":null},{"edgeID":"1696162","fromID":"1289688","toID":"1289691","formEdgeID":null},{"edgeID":"1696163","fromID":"1289691","toID":"1289687","formEdgeID":null},{"edgeID":"1696164","fromID":"1289683","toID":"1289692","formEdgeID":null},{"edgeID":"1696165","fromID":"1289692","toID":"1289688","formEdgeID":null},{"edgeID":"1696166","fromID":"1289695","toID":"1289694","formEdgeID":null},{"edgeID":"1696167","fromID":"1289696","toID":"1289695","formEdgeID":null},{"edgeID":"1696168","fromID":"1289694","toID":"1289697","formEdgeID":null},{"edgeID":"1696169","fromID":"1289697","toID":"1289693","formEdgeID":null},{"edgeID":"1696170","fromID":"1289688","toID":"1289698","formEdgeID":null},{"edgeID":"1696171","fromID":"1289698","toID":"1289694","formEdgeID":null},{"edgeID":"1696172","fromID":"1289700","toID":"1289701","formEdgeID":null},{"edgeID":"1696173","fromID":"1289702","toID":"1289700","formEdgeID":null},{"edgeID":"1696174","fromID":"1289703","toID":"1289699","formEdgeID":null},{"edgeID":"1696175","fromID":"1289701","toID":"1289703","formEdgeID":null},{"edgeID":"1696176","fromID":"1289694","toID":"1289704","formEdgeID":null},{"edgeID":"1696177","fromID":"1289704","toID":"1289701","formEdgeID":null},{"edgeID":"1696178","fromID":"1289708","toID":"1289706","formEdgeID":null},{"edgeID":"1696179","fromID":"1289707","toID":"1289708","formEdgeID":null},{"edgeID":"1696180","fromID":"1289706","toID":"1289709","formEdgeID":null},{"edgeID":"1696181","fromID":"1289709","toID":"1289705","formEdgeID":null},{"edgeID":"1696182","fromID":"1289701","toID":"1289710","formEdgeID":null},{"edgeID":"1696183","fromID":"1289710","toID":"1289706","formEdgeID":null},{"edgeID":"1696184","fromID":"1289714","toID":"1289712","formEdgeID":null},{"edgeID":"1696185","fromID":"1289712","toID":"1289713","formEdgeID":null},{"edgeID":"1696186","fromID":"1289715","toID":"1289711","formEdgeID":null},{"edgeID":"1696187","fromID":"1289713","toID":"1289715","formEdgeID":null},{"edgeID":"1696188","fromID":"1289718","toID":"1289717","formEdgeID":null},{"edgeID":"1696189","fromID":"1289717","toID":"1289719","formEdgeID":null},{"edgeID":"1696190","fromID":"1289719","toID":"1289720","formEdgeID":null},{"edgeID":"1696191","fromID":"1289720","toID":"1289716","formEdgeID":null},{"edgeID":"1696192","fromID":"1289713","toID":"1289721","formEdgeID":null},{"edgeID":"1696193","fromID":"1289721","toID":"1289719","formEdgeID":null},{"edgeID":"1696194","fromID":"1289716","toID":"1289722","formEdgeID":null},{"edgeID":"1696195","fromID":"1289722","toID":"1289711","formEdgeID":null},{"edgeID":"1696196","fromID":"1289721","toID":"1289723","formEdgeID":null},{"edgeID":"1696197","fromID":"1289723","toID":"1289722","formEdgeID":null},{"edgeID":"1696198","fromID":"1289726","toID":"1289725","formEdgeID":null},{"edgeID":"1696199","fromID":"1289727","toID":"1289726","formEdgeID":null},{"edgeID":"1696200","fromID":"1289725","toID":"1289728","formEdgeID":null},{"edgeID":"1696201","fromID":"1289728","toID":"1289724","formEdgeID":null},{"edgeID":"1696202","fromID":"1289719","toID":"1289729","formEdgeID":null},{"edgeID":"1696203","fromID":"1289729","toID":"1289725","formEdgeID":null},{"edgeID":"1696204","fromID":"1289733","toID":"1289731","formEdgeID":null},{"edgeID":"1696205","fromID":"1289731","toID":"1289732","formEdgeID":null},{"edgeID":"1696206","fromID":"1289734","toID":"1289730","formEdgeID":null},{"edgeID":"1696207","fromID":"1289732","toID":"1289734","formEdgeID":null},{"edgeID":"1696208","fromID":"1289735","toID":"1289732","formEdgeID":null},{"edgeID":"1696209","fromID":"1289725","toID":"1289735","formEdgeID":null},{"edgeID":"1696210","fromID":"1289739","toID":"1289738","formEdgeID":null},{"edgeID":"1696211","fromID":"1289737","toID":"1289739","formEdgeID":null},{"edgeID":"1696212","fromID":"1289738","toID":"1289740","formEdgeID":null},{"edgeID":"1696213","fromID":"1289740","toID":"1289736","formEdgeID":null},{"edgeID":"1696214","fromID":"1289732","toID":"1289741","formEdgeID":null},{"edgeID":"1696215","fromID":"1289741","toID":"1289738","formEdgeID":null},{"edgeID":"1696216","fromID":"1289744","toID":"1289743","formEdgeID":null},{"edgeID":"1696217","fromID":"1289745","toID":"1289744","formEdgeID":null},{"edgeID":"1696218","fromID":"1289743","toID":"1289746","formEdgeID":null},{"edgeID":"1696219","fromID":"1289746","toID":"1289742","formEdgeID":null},{"edgeID":"1696220","fromID":"1289738","toID":"1289747","formEdgeID":null},{"edgeID":"1696221","fromID":"1289747","toID":"1289743","formEdgeID":null},{"edgeID":"1696222","fromID":"1289749","toID":"1289748","formEdgeID":null},{"edgeID":"1696223","fromID":"1289750","toID":"1289749","formEdgeID":null},{"edgeID":"1696224","fromID":"1289748","toID":"1289751","formEdgeID":null},{"edgeID":"1696225","fromID":"1289751","toID":"498675","formEdgeID":null},{"edgeID":"1696226","fromID":"1289743","toID":"1289752","formEdgeID":null},{"edgeID":"1696227","fromID":"1289752","toID":"1289748","formEdgeID":null},{"edgeID":"1696228","fromID":"1289742","toID":"1289753","formEdgeID":null},{"edgeID":"1696229","fromID":"1289753","toID":"498675","formEdgeID":null},{"edgeID":"1696230","fromID":"1289752","toID":"1289754","formEdgeID":null},{"edgeID":"1696231","fromID":"1289754","toID":"1289753","formEdgeID":null},{"edgeID":"1696232","fromID":"1289716","toID":"1289755","formEdgeID":null},{"edgeID":"1696233","fromID":"1289755","toID":"1289705","formEdgeID":null},{"edgeID":"1696234","fromID":"1289706","toID":"1289756","formEdgeID":null},{"edgeID":"1696235","fromID":"1289756","toID":"1289719","formEdgeID":null},{"edgeID":"1696236","fromID":"1289756","toID":"1289757","formEdgeID":null},{"edgeID":"1696237","fromID":"1289757","toID":"1289755","formEdgeID":null},{"edgeID":"1696238","fromID":"1289706","toID":"1289758","formEdgeID":null},{"edgeID":"1696239","fromID":"1289758","toID":"1289713","formEdgeID":null},{"edgeID":"1696240","fromID":"1289761","toID":"1289760","formEdgeID":null},{"edgeID":"1696241","fromID":"1289762","toID":"1289761","formEdgeID":null},{"edgeID":"1696242","fromID":"1289760","toID":"1289763","formEdgeID":null},{"edgeID":"1696243","fromID":"1289763","toID":"1289759","formEdgeID":null},{"edgeID":"1696244","fromID":"1289760","toID":"1289764","formEdgeID":null},{"edgeID":"1696245","fromID":"1289764","toID":"1289683","formEdgeID":null},{"edgeID":"1696246","fromID":"1289759","toID":"1289765","formEdgeID":null},{"edgeID":"1696247","fromID":"1289765","toID":"1289682","formEdgeID":null},{"edgeID":"1696248","fromID":"1289764","toID":"1289766","formEdgeID":null},{"edgeID":"1696249","fromID":"1289766","toID":"1289765","formEdgeID":null},{"edgeID":"1696250","fromID":"1289682","toID":"1289767","formEdgeID":null},{"edgeID":"1696251","fromID":"1289767","toID":"1289677","formEdgeID":null},{"edgeID":"1696252","fromID":"1289678","toID":"1289768","formEdgeID":null},{"edgeID":"1696253","fromID":"1289768","toID":"1289683","formEdgeID":null},{"edgeID":"1696254","fromID":"1289768","toID":"1289769","formEdgeID":null},{"edgeID":"1696255","fromID":"1289769","toID":"1289767","formEdgeID":null},{"edgeID":"1696256","fromID":"1289772","toID":"1289771","formEdgeID":null},{"edgeID":"1696257","fromID":"1289773","toID":"1289772","formEdgeID":null},{"edgeID":"1696258","fromID":"1289771","toID":"1289774","formEdgeID":null},{"edgeID":"1696259","fromID":"1289774","toID":"1289770","formEdgeID":null},{"edgeID":"1696260","fromID":"1289777","toID":"1289776","formEdgeID":null},{"edgeID":"1696261","fromID":"1289778","toID":"1289777","formEdgeID":null},{"edgeID":"1696262","fromID":"1289776","toID":"1289779","formEdgeID":null},{"edgeID":"1696263","fromID":"1289779","toID":"1289775","formEdgeID":null},{"edgeID":"1696264","fromID":"1289748","toID":"1289780","formEdgeID":null},{"edgeID":"1696265","fromID":"1289780","toID":"1289776","formEdgeID":null},{"edgeID":"1696266","fromID":"1289776","toID":"1289781","formEdgeID":null},{"edgeID":"1696267","fromID":"1289781","toID":"1289771","formEdgeID":null}],"locutions":[]}