{"nodes":[{"nodeID":"1292858","text":"George Eustice does or does not think that it is going to be difficult to get people back to work","type":"I","timestamp":"2023-11-09 12:45:31"},{"nodeID":"1292859","text":"Fiona Bruce: do you think it is going to be difficult to get people back to work","type":"L","timestamp":"2023-11-09 12:45:31"},{"nodeID":"1292860","text":"Analysing","type":"YA","timestamp":"2023-11-09 12:45:31"},{"nodeID":"1292861","text":"Rebecca: Fiona Bruce: do you think it is going to be difficult to get people back to work","type":"L","timestamp":"2023-11-09 12:45:31"},{"nodeID":"1292862","text":"Pure Questioning","type":"YA","timestamp":"2023-11-09 12:45:31"},{"nodeID":"1292863","text":"people are desperate to start earning again","type":"I","timestamp":"2023-11-09 12:45:32"},{"nodeID":"1292864","text":"Fiona Bruce: people are desperate to start earning again","type":"L","timestamp":"2023-11-09 12:45:32"},{"nodeID":"1292865","text":"Analysing","type":"YA","timestamp":"2023-11-09 12:45:32"},{"nodeID":"1292866","text":"Rebecca: Fiona Bruce: people are desperate to start earning again","type":"L","timestamp":"2023-11-09 12:45:32"},{"nodeID":"1292867","text":"Asserting","type":"YA","timestamp":"2023-11-09 12:45:32"},{"nodeID":"1292868","text":"people are anxious","type":"I","timestamp":"2023-11-09 12:45:32"},{"nodeID":"1292869","text":"Fiona Bruce: they are anxious","type":"L","timestamp":"2023-11-09 12:45:32"},{"nodeID":"1292870","text":"Analysing","type":"YA","timestamp":"2023-11-09 12:45:32"},{"nodeID":"1292871","text":"Rebecca: Fiona Bruce: they are anxious","type":"L","timestamp":"2023-11-09 12:45:32"},{"nodeID":"1292872","text":"Asserting","type":"YA","timestamp":"2023-11-09 12:45:32"},{"nodeID":"1292873","text":"Default Transition","type":"TA","timestamp":"2023-11-09 12:45:32"},{"nodeID":"1292874","text":"Default Transition","type":"TA","timestamp":"2023-11-09 12:45:32"},{"nodeID":"1292875","text":"Default Conflict","type":"CA","timestamp":"2023-11-09 12:45:32"},{"nodeID":"1292876","text":"Disagreeing","type":"YA","timestamp":"2023-11-09 12:45:32"},{"nodeID":"1292877","text":"George Eustice: There will be some apprehension","type":"L","timestamp":"2023-11-09 12:45:32"},{"nodeID":"1292878","text":"Analysing","type":"YA","timestamp":"2023-11-09 12:45:32"},{"nodeID":"1292879","text":"Rebecca: George Eustice: There will be some apprehension","type":"L","timestamp":"2023-11-09 12:45:32"},{"nodeID":"1292880","text":"Default Transition","type":"TA","timestamp":"2023-11-09 12:45:32"},{"nodeID":"1292881","text":"we have been working on these guidelines","type":"I","timestamp":"2023-11-09 12:45:33"},{"nodeID":"1292882","text":"George Eustice: we have been working on these guidelines","type":"L","timestamp":"2023-11-09 12:45:33"},{"nodeID":"1292883","text":"Analysing","type":"YA","timestamp":"2023-11-09 12:45:33"},{"nodeID":"1292884","text":"Rebecca: George Eustice: we have been working on these guidelines","type":"L","timestamp":"2023-11-09 12:45:33"},{"nodeID":"1292885","text":"Asserting","type":"YA","timestamp":"2023-11-09 12:45:33"},{"nodeID":"1292886","text":"Default Transition","type":"TA","timestamp":"2023-11-09 12:45:33"},{"nodeID":"1292887","text":"the food sector had high levels of people self-isolating due to Coronavirus, 20%","type":"I","timestamp":"2023-11-09 12:45:33"},{"nodeID":"1292888","text":"George Eustice:  they had high levels of people self-isolating due to Coronavirus, 20%","type":"L","timestamp":"2023-11-09 12:45:33"},{"nodeID":"1292889","text":"Analysing","type":"YA","timestamp":"2023-11-09 12:45:33"},{"nodeID":"1292890","text":"Rebecca: George Eustice:  they had high levels of people self-isolating due to Coronavirus, 20%","type":"L","timestamp":"2023-11-09 12:45:33"},{"nodeID":"1292891","text":"Asserting","type":"YA","timestamp":"2023-11-09 12:45:33"},{"nodeID":"1292892","text":"Default Transition","type":"TA","timestamp":"2023-11-09 12:45:33"},{"nodeID":"1292893","text":"20% is down to 4 to 5% which is not much different from normal","type":"I","timestamp":"2023-11-09 12:45:34"},{"nodeID":"1292894","text":"George Eustice: this is down to 4 to 5% which is not much different from normal","type":"L","timestamp":"2023-11-09 12:45:34"},{"nodeID":"1292895","text":"Analysing","type":"YA","timestamp":"2023-11-09 12:45:34"},{"nodeID":"1292896","text":"Rebecca: George Eustice: this is down to 4 to 5% which is not much different from normal","type":"L","timestamp":"2023-11-09 12:45:34"},{"nodeID":"1292897","text":"Asserting","type":"YA","timestamp":"2023-11-09 12:45:34"},{"nodeID":"1292898","text":"Default Transition","type":"TA","timestamp":"2023-11-09 12:45:34"},{"nodeID":"1292899","text":"what people discovered is once those social distancing measures were put in place staff returned to work","type":"I","timestamp":"2023-11-09 12:45:35"},{"nodeID":"1292900","text":"George Eustice: What people discovered is once those social distancing measures were put in place.\u00a0 Staff returned to work","type":"L","timestamp":"2023-11-09 12:45:35"},{"nodeID":"1292901","text":"Analysing","type":"YA","timestamp":"2023-11-09 12:45:35"},{"nodeID":"1292902","text":"Rebecca: George Eustice: What people discovered is once those social distancing measures were put in place.\u00a0 Staff returned to work","type":"L","timestamp":"2023-11-09 12:45:35"},{"nodeID":"1292903","text":"Asserting","type":"YA","timestamp":"2023-11-09 12:45:35"},{"nodeID":"1292904","text":"Default Inference","type":"RA","timestamp":"2023-11-09 12:45:35"},{"nodeID":"1292905","text":"Default Transition","type":"TA","timestamp":"2023-11-09 12:45:35"},{"nodeID":"1292906","text":"Arguing","type":"YA","timestamp":"2023-11-09 12:45:35"},{"nodeID":"1292907","text":"some people returned from being in isolation","type":"I","timestamp":"2023-11-09 12:45:35"},{"nodeID":"1292908","text":"George Eustice: Some returned from being in isolation","type":"L","timestamp":"2023-11-09 12:45:35"},{"nodeID":"1292909","text":"Analysing","type":"YA","timestamp":"2023-11-09 12:45:35"},{"nodeID":"1292910","text":"Rebecca: George Eustice: Some returned from being in isolation","type":"L","timestamp":"2023-11-09 12:45:35"},{"nodeID":"1292911","text":"Asserting","type":"YA","timestamp":"2023-11-09 12:45:35"},{"nodeID":"1292912","text":"Default Transition","type":"TA","timestamp":"2023-11-09 12:45:35"},{"nodeID":"1292913","text":"Default Rephrase","type":"MA","timestamp":"2023-11-09 12:45:35"},{"nodeID":"1292914","text":"Restating","type":"YA","timestamp":"2023-11-09 12:45:35"},{"nodeID":"1292915","text":"some people returned because they were anxious but they learned these measures had been put in place and this reassured them","type":"I","timestamp":"2023-11-09 12:45:36"},{"nodeID":"1292916","text":"George Eustice: Some returned because they were anxious but they learned these measures had been put in place and this reassured them","type":"L","timestamp":"2023-11-09 12:45:36"},{"nodeID":"1292917","text":"Analysing","type":"YA","timestamp":"2023-11-09 12:45:36"},{"nodeID":"1292918","text":"Rebecca: George Eustice: Some returned because they were anxious but they learned these measures had been put in place and this reassured them","type":"L","timestamp":"2023-11-09 12:45:36"},{"nodeID":"1292919","text":"Asserting","type":"YA","timestamp":"2023-11-09 12:45:36"},{"nodeID":"1292920","text":"Default Rephrase","type":"MA","timestamp":"2023-11-09 12:45:36"},{"nodeID":"1292921","text":"Default Transition","type":"TA","timestamp":"2023-11-09 12:45:36"},{"nodeID":"1292922","text":"Restating","type":"YA","timestamp":"2023-11-09 12:45:36"},{"nodeID":"1292923","text":"Default Inference","type":"RA","timestamp":"2023-11-09 12:45:36"},{"nodeID":"1292924","text":"Arguing","type":"YA","timestamp":"2023-11-09 12:45:36"},{"nodeID":"1292925","text":"Agreeing","type":"YA","timestamp":"2023-11-09 12:45:36"}],"edges":[{"edgeID":"1699929","fromID":"1292860","toID":"1292859","formEdgeID":null},{"edgeID":"1699930","fromID":"1292861","toID":"1292860","formEdgeID":null},{"edgeID":"1699931","fromID":"1292859","toID":"1292862","formEdgeID":null},{"edgeID":"1699932","fromID":"1292862","toID":"1292858","formEdgeID":null},{"edgeID":"1699933","fromID":"1292865","toID":"1292864","formEdgeID":null},{"edgeID":"1699934","fromID":"1292866","toID":"1292865","formEdgeID":null},{"edgeID":"1699935","fromID":"1292864","toID":"1292867","formEdgeID":null},{"edgeID":"1699936","fromID":"1292867","toID":"1292863","formEdgeID":null},{"edgeID":"1699937","fromID":"1292870","toID":"1292869","formEdgeID":null},{"edgeID":"1699938","fromID":"1292871","toID":"1292870","formEdgeID":null},{"edgeID":"1699939","fromID":"1292869","toID":"1292872","formEdgeID":null},{"edgeID":"1699940","fromID":"1292872","toID":"1292868","formEdgeID":null},{"edgeID":"1699941","fromID":"1292859","toID":"1292873","formEdgeID":null},{"edgeID":"1699942","fromID":"1292873","toID":"1292864","formEdgeID":null},{"edgeID":"1699943","fromID":"1292864","toID":"1292874","formEdgeID":null},{"edgeID":"1699944","fromID":"1292874","toID":"1292869","formEdgeID":null},{"edgeID":"1699945","fromID":"1292868","toID":"1292875","formEdgeID":null},{"edgeID":"1699946","fromID":"1292875","toID":"1292863","formEdgeID":null},{"edgeID":"1699947","fromID":"1292874","toID":"1292876","formEdgeID":null},{"edgeID":"1699948","fromID":"1292876","toID":"1292875","formEdgeID":null},{"edgeID":"1699949","fromID":"1292878","toID":"1292877","formEdgeID":null},{"edgeID":"1699950","fromID":"1292879","toID":"1292878","formEdgeID":null},{"edgeID":"1699951","fromID":"1292869","toID":"1292880","formEdgeID":null},{"edgeID":"1699952","fromID":"1292880","toID":"1292877","formEdgeID":null},{"edgeID":"1699953","fromID":"1292883","toID":"1292882","formEdgeID":null},{"edgeID":"1699954","fromID":"1292884","toID":"1292883","formEdgeID":null},{"edgeID":"1699955","fromID":"1292882","toID":"1292885","formEdgeID":null},{"edgeID":"1699956","fromID":"1292885","toID":"1292881","formEdgeID":null},{"edgeID":"1699957","fromID":"1292877","toID":"1292886","formEdgeID":null},{"edgeID":"1699958","fromID":"1292886","toID":"1292882","formEdgeID":null},{"edgeID":"1699959","fromID":"1292889","toID":"1292888","formEdgeID":null},{"edgeID":"1699960","fromID":"1292890","toID":"1292889","formEdgeID":null},{"edgeID":"1699961","fromID":"1292888","toID":"1292891","formEdgeID":null},{"edgeID":"1699962","fromID":"1292891","toID":"1292887","formEdgeID":null},{"edgeID":"1699963","fromID":"1292882","toID":"1292892","formEdgeID":null},{"edgeID":"1699964","fromID":"1292892","toID":"1292888","formEdgeID":null},{"edgeID":"1699965","fromID":"1292895","toID":"1292894","formEdgeID":null},{"edgeID":"1699966","fromID":"1292896","toID":"1292895","formEdgeID":null},{"edgeID":"1699967","fromID":"1292894","toID":"1292897","formEdgeID":null},{"edgeID":"1699968","fromID":"1292897","toID":"1292893","formEdgeID":null},{"edgeID":"1699969","fromID":"1292888","toID":"1292898","formEdgeID":null},{"edgeID":"1699970","fromID":"1292898","toID":"1292894","formEdgeID":null},{"edgeID":"1699971","fromID":"1292901","toID":"1292900","formEdgeID":null},{"edgeID":"1699972","fromID":"1292902","toID":"1292901","formEdgeID":null},{"edgeID":"1699973","fromID":"1292900","toID":"1292903","formEdgeID":null},{"edgeID":"1699974","fromID":"1292903","toID":"1292899","formEdgeID":null},{"edgeID":"1699975","fromID":"1292899","toID":"1292904","formEdgeID":null},{"edgeID":"1699976","fromID":"1292904","toID":"1292893","formEdgeID":null},{"edgeID":"1699977","fromID":"1292894","toID":"1292905","formEdgeID":null},{"edgeID":"1699978","fromID":"1292905","toID":"1292900","formEdgeID":null},{"edgeID":"1699979","fromID":"1292905","toID":"1292906","formEdgeID":null},{"edgeID":"1699980","fromID":"1292906","toID":"1292904","formEdgeID":null},{"edgeID":"1699981","fromID":"1292909","toID":"1292908","formEdgeID":null},{"edgeID":"1699982","fromID":"1292910","toID":"1292909","formEdgeID":null},{"edgeID":"1699983","fromID":"1292908","toID":"1292911","formEdgeID":null},{"edgeID":"1699984","fromID":"1292911","toID":"1292907","formEdgeID":null},{"edgeID":"1699985","fromID":"1292900","toID":"1292912","formEdgeID":null},{"edgeID":"1699986","fromID":"1292912","toID":"1292908","formEdgeID":null},{"edgeID":"1699987","fromID":"1292907","toID":"1292913","formEdgeID":null},{"edgeID":"1699988","fromID":"1292913","toID":"1292899","formEdgeID":null},{"edgeID":"1699989","fromID":"1292912","toID":"1292914","formEdgeID":null},{"edgeID":"1699990","fromID":"1292914","toID":"1292913","formEdgeID":null},{"edgeID":"1699991","fromID":"1292917","toID":"1292916","formEdgeID":null},{"edgeID":"1699992","fromID":"1292918","toID":"1292917","formEdgeID":null},{"edgeID":"1699993","fromID":"1292916","toID":"1292919","formEdgeID":null},{"edgeID":"1699994","fromID":"1292919","toID":"1292915","formEdgeID":null},{"edgeID":"1699995","fromID":"1292915","toID":"1292920","formEdgeID":null},{"edgeID":"1699996","fromID":"1292920","toID":"1292899","formEdgeID":null},{"edgeID":"1699997","fromID":"1292900","toID":"1292921","formEdgeID":null},{"edgeID":"1699998","fromID":"1292921","toID":"1292916","formEdgeID":null},{"edgeID":"1699999","fromID":"1292921","toID":"1292922","formEdgeID":null},{"edgeID":"1700000","fromID":"1292922","toID":"1292920","formEdgeID":null},{"edgeID":"1700001","fromID":"1292863","toID":"1292923","formEdgeID":null},{"edgeID":"1700002","fromID":"1292923","toID":"1292858","formEdgeID":null},{"edgeID":"1700003","fromID":"1292873","toID":"1292924","formEdgeID":null},{"edgeID":"1700004","fromID":"1292924","toID":"1292923","formEdgeID":null},{"edgeID":"1700005","fromID":"1292880","toID":"1292925","formEdgeID":null},{"edgeID":"1700006","fromID":"1292925","toID":"1292868","formEdgeID":null}],"locutions":[]}