{"nodes":[{"nodeID":"498147","text":"the government has ramped up testing considerably","type":"I","timestamp":"2020-05-14 20:03:29"},{"nodeID":"498167","text":"Some countries like Germany had a lot of diagnostic labs","type":"I","timestamp":"2020-05-14 20:03:31"},{"nodeID":"1289782","text":"AudienceMember 20220224QT02 feels just disappointed about the responses heard to the Covid situation.","type":"I","timestamp":"2023-11-09 12:41:14"},{"nodeID":"1289783","text":"AudienceMember 20220224QT02: Just disappointed","type":"L","timestamp":"2023-11-09 12:41:14"},{"nodeID":"1289784","text":"Analysing","type":"YA","timestamp":"2023-11-09 12:41:14"},{"nodeID":"1289785","text":"Rebecca: AudienceMember 20220224QT02: Just disappointed","type":"L","timestamp":"2023-11-09 12:41:14"},{"nodeID":"1289786","text":"Asserting","type":"YA","timestamp":"2023-11-09 12:41:14"},{"nodeID":"1289787","text":"the panelists haven't really answered all questions","type":"I","timestamp":"2023-11-09 12:41:15"},{"nodeID":"1289788","text":"AudienceMember 20220224QT02: They haven't really answered everything","type":"L","timestamp":"2023-11-09 12:41:15"},{"nodeID":"1289789","text":"Analysing","type":"YA","timestamp":"2023-11-09 12:41:15"},{"nodeID":"1289790","text":"Rebecca: AudienceMember 20220224QT02: They haven't really answered everything","type":"L","timestamp":"2023-11-09 12:41:15"},{"nodeID":"1289791","text":"Asserting","type":"YA","timestamp":"2023-11-09 12:41:15"},{"nodeID":"1289792","text":"Default Inference","type":"RA","timestamp":"2023-11-09 12:41:15"},{"nodeID":"1289793","text":"Default Transition","type":"TA","timestamp":"2023-11-09 12:41:15"},{"nodeID":"1289794","text":"Arguing","type":"YA","timestamp":"2023-11-09 12:41:15"},{"nodeID":"1289795","text":"AudienceMember 20220224QT02 agrees with some of the points made","type":"I","timestamp":"2023-11-09 12:41:15"},{"nodeID":"1289796","text":"AudienceMember 20220224QT02: I agree with some of the points","type":"L","timestamp":"2023-11-09 12:41:15"},{"nodeID":"1289797","text":"Analysing","type":"YA","timestamp":"2023-11-09 12:41:15"},{"nodeID":"1289798","text":"Rebecca: AudienceMember 20220224QT02: I agree with some of the points","type":"L","timestamp":"2023-11-09 12:41:15"},{"nodeID":"1289799","text":"Asserting","type":"YA","timestamp":"2023-11-09 12:41:15"},{"nodeID":"1289800","text":"Default Conflict","type":"CA","timestamp":"2023-11-09 12:41:15"},{"nodeID":"1289801","text":"Default Transition","type":"TA","timestamp":"2023-11-09 12:41:15"},{"nodeID":"1289802","text":"Disagreeing","type":"YA","timestamp":"2023-11-09 12:41:15"},{"nodeID":"1289803","text":"we have got to wait and receive","type":"I","timestamp":"2023-11-09 12:41:16"},{"nodeID":"1289804","text":"AudienceMember 20220224QT02: We have got to wait and receive","type":"L","timestamp":"2023-11-09 12:41:16"},{"nodeID":"1289805","text":"Analysing","type":"YA","timestamp":"2023-11-09 12:41:16"},{"nodeID":"1289806","text":"Rebecca: AudienceMember 20220224QT02: We have got to wait and receive","type":"L","timestamp":"2023-11-09 12:41:16"},{"nodeID":"1289807","text":"Asserting","type":"YA","timestamp":"2023-11-09 12:41:16"},{"nodeID":"1289808","text":"Default Rephrase","type":"MA","timestamp":"2023-11-09 12:41:16"},{"nodeID":"1289809","text":"Default Transition","type":"TA","timestamp":"2023-11-09 12:41:16"},{"nodeID":"1289810","text":"Restating","type":"YA","timestamp":"2023-11-09 12:41:16"},{"nodeID":"1289811","text":"we didn't have testing, Personal Protective Equipment earlier","type":"I","timestamp":"2023-11-09 12:41:16"},{"nodeID":"1289812","text":"AudienceMember 20220224QT03: We didn't have testing, PPE earlier","type":"L","timestamp":"2023-11-09 12:41:16"},{"nodeID":"1289813","text":"Analysing","type":"YA","timestamp":"2023-11-09 12:41:16"},{"nodeID":"1289814","text":"Rebecca: AudienceMember 20220224QT03: We didn't have testing, PPE earlier","type":"L","timestamp":"2023-11-09 12:41:16"},{"nodeID":"1289815","text":"Asserting","type":"YA","timestamp":"2023-11-09 12:41:16"},{"nodeID":"1289816","text":"Default Transition","type":"TA","timestamp":"2023-11-09 12:41:16"},{"nodeID":"1289817","text":"the government must have known about Personal Protective Equipment","type":"I","timestamp":"2023-11-09 12:41:17"},{"nodeID":"1289818","text":"AudienceMember 20220224QT03: The government must have known about it","type":"L","timestamp":"2023-11-09 12:41:17"},{"nodeID":"1289819","text":"Analysing","type":"YA","timestamp":"2023-11-09 12:41:17"},{"nodeID":"1289820","text":"Rebecca: AudienceMember 20220224QT03: The government must have known about it","type":"L","timestamp":"2023-11-09 12:41:17"},{"nodeID":"1289821","text":"Asserting","type":"YA","timestamp":"2023-11-09 12:41:17"},{"nodeID":"1289822","text":"Default Transition","type":"TA","timestamp":"2023-11-09 12:41:17"},{"nodeID":"1289823","text":"George Eustice: we have ramped up testing considerably","type":"L","timestamp":"2023-11-09 12:41:17"},{"nodeID":"1289824","text":"Analysing","type":"YA","timestamp":"2023-11-09 12:41:17"},{"nodeID":"1289825","text":"Rebecca: George Eustice: we have ramped up testing considerably","type":"L","timestamp":"2023-11-09 12:41:17"},{"nodeID":"1289826","text":"Asserting","type":"YA","timestamp":"2023-11-09 12:41:17"},{"nodeID":"1289827","text":"Default Transition","type":"TA","timestamp":"2023-11-09 12:41:17"},{"nodeID":"1289828","text":"the reason why the government did not have Personal Protetive Equipment earlier is xxx","type":"I","timestamp":"2023-11-09 12:41:17"},{"nodeID":"1289829","text":"Fiona Bruce: why didn't you have it earlier","type":"L","timestamp":"2023-11-09 12:41:17"},{"nodeID":"1289830","text":"Analysing","type":"YA","timestamp":"2023-11-09 12:41:17"},{"nodeID":"1289831","text":"Rebecca: Fiona Bruce: why didn't you have it earlier","type":"L","timestamp":"2023-11-09 12:41:17"},{"nodeID":"1289832","text":"Pure Questioning","type":"YA","timestamp":"2023-11-09 12:41:17"},{"nodeID":"1289833","text":"Default Transition","type":"TA","timestamp":"2023-11-09 12:41:17"},{"nodeID":"1289834","text":"George Eustice: Some countries like Germany had a lot of diagnostic labs","type":"L","timestamp":"2023-11-09 12:41:17"},{"nodeID":"1289835","text":"Analysing","type":"YA","timestamp":"2023-11-09 12:41:17"},{"nodeID":"1289836","text":"Rebecca: George Eustice: Some countries like Germany had a lot of diagnostic labs","type":"L","timestamp":"2023-11-09 12:41:17"},{"nodeID":"1289837","text":"Asserting","type":"YA","timestamp":"2023-11-09 12:41:17"},{"nodeID":"1289838","text":"we had to expand them from scratch","type":"I","timestamp":"2023-11-09 12:41:18"},{"nodeID":"1289839","text":"George Eustice: we had to expand them from scratch","type":"L","timestamp":"2023-11-09 12:41:18"},{"nodeID":"1289840","text":"Analysing","type":"YA","timestamp":"2023-11-09 12:41:18"},{"nodeID":"1289841","text":"Rebecca: George Eustice: we had to expand them from scratch","type":"L","timestamp":"2023-11-09 12:41:18"},{"nodeID":"1289842","text":"Asserting","type":"YA","timestamp":"2023-11-09 12:41:18"},{"nodeID":"1289843","text":"Default Transition","type":"TA","timestamp":"2023-11-09 12:41:18"},{"nodeID":"1289844","text":"the army has been involved in building labs and has done a fantastic job","type":"I","timestamp":"2023-11-09 12:41:19"},{"nodeID":"1289845","text":"George Eustice: The army has been involved and done a fantastic job","type":"L","timestamp":"2023-11-09 12:41:19"},{"nodeID":"1289846","text":"Analysing","type":"YA","timestamp":"2023-11-09 12:41:19"},{"nodeID":"1289847","text":"Rebecca: George Eustice: The army has been involved and done a fantastic job","type":"L","timestamp":"2023-11-09 12:41:19"},{"nodeID":"1289848","text":"Asserting","type":"YA","timestamp":"2023-11-09 12:41:19"},{"nodeID":"1289849","text":"Default Transition","type":"TA","timestamp":"2023-11-09 12:41:19"},{"nodeID":"1289850","text":"we have now 90 mobile test units around the country and 50 drive through","type":"I","timestamp":"2023-11-09 12:41:19"},{"nodeID":"1289851","text":"George Eustice: We have now 90 mobile test units around the country and 50 drive through","type":"L","timestamp":"2023-11-09 12:41:19"},{"nodeID":"1289852","text":"Analysing","type":"YA","timestamp":"2023-11-09 12:41:19"},{"nodeID":"1289853","text":"Rebecca: George Eustice: We have now 90 mobile test units around the country and 50 drive through","type":"L","timestamp":"2023-11-09 12:41:19"},{"nodeID":"1289854","text":"Asserting","type":"YA","timestamp":"2023-11-09 12:41:19"},{"nodeID":"1289855","text":"Default Transition","type":"TA","timestamp":"2023-11-09 12:41:19"},{"nodeID":"1289856","text":"the government could or could not have ramped the testing equipment up earlier","type":"I","timestamp":"2023-11-09 12:41:20"},{"nodeID":"1289857","text":"Fiona Bruce: Could you have ramped it up earlier","type":"L","timestamp":"2023-11-09 12:41:20"},{"nodeID":"1289858","text":"Analysing","type":"YA","timestamp":"2023-11-09 12:41:20"},{"nodeID":"1289859","text":"Rebecca: Fiona Bruce: Could you have ramped it up earlier","type":"L","timestamp":"2023-11-09 12:41:20"},{"nodeID":"1289860","text":"Pure Questioning","type":"YA","timestamp":"2023-11-09 12:41:20"},{"nodeID":"1289861","text":"Default Transition","type":"TA","timestamp":"2023-11-09 12:41:20"},{"nodeID":"1289862","text":"the government ramped the number of testing equipment up as quickly as they could","type":"I","timestamp":"2023-11-09 12:41:20"},{"nodeID":"1289863","text":"George Eustice: We did it as quickly as we could","type":"L","timestamp":"2023-11-09 12:41:20"},{"nodeID":"1289864","text":"Analysing","type":"YA","timestamp":"2023-11-09 12:41:20"},{"nodeID":"1289865","text":"Rebecca: George Eustice: We did it as quickly as we could","type":"L","timestamp":"2023-11-09 12:41:20"},{"nodeID":"1289866","text":"Asserting","type":"YA","timestamp":"2023-11-09 12:41:20"},{"nodeID":"1289867","text":"Default Transition","type":"TA","timestamp":"2023-11-09 12:41:20"},{"nodeID":"1289868","text":"Default Rephrase","type":"MA","timestamp":"2023-11-09 12:41:20"},{"nodeID":"1289869","text":"Default Illocuting","type":"YA","timestamp":"2023-11-09 12:41:20"},{"nodeID":"1289870","text":"Default Rephrase","type":"MA","timestamp":"2023-11-09 12:41:20"},{"nodeID":"1289871","text":"Default Illocuting","type":"YA","timestamp":"2023-11-09 12:41:20"},{"nodeID":"1289872","text":"we are now at 100,000 capacity","type":"I","timestamp":"2023-11-09 12:41:21"},{"nodeID":"1289873","text":"George Eustice: We are now at 100,000 capacity","type":"L","timestamp":"2023-11-09 12:41:21"},{"nodeID":"1289874","text":"Analysing","type":"YA","timestamp":"2023-11-09 12:41:21"},{"nodeID":"1289875","text":"Rebecca: George Eustice: We are now at 100,000 capacity","type":"L","timestamp":"2023-11-09 12:41:21"},{"nodeID":"1289876","text":"Asserting","type":"YA","timestamp":"2023-11-09 12:41:21"},{"nodeID":"1289877","text":"Default Transition","type":"TA","timestamp":"2023-11-09 12:41:21"},{"nodeID":"1289878","text":"the number of testing equipment is going to be doubling over the next month","type":"I","timestamp":"2023-11-09 12:41:21"},{"nodeID":"1289879","text":"George Eustice: It is going to be doubling over the next month","type":"L","timestamp":"2023-11-09 12:41:21"},{"nodeID":"1289880","text":"Analysing","type":"YA","timestamp":"2023-11-09 12:41:21"},{"nodeID":"1289881","text":"Rebecca: George Eustice: It is going to be doubling over the next month","type":"L","timestamp":"2023-11-09 12:41:21"},{"nodeID":"1289882","text":"Asserting","type":"YA","timestamp":"2023-11-09 12:41:21"},{"nodeID":"1289883","text":"Default Transition","type":"TA","timestamp":"2023-11-09 12:41:21"},{"nodeID":"1289884","text":"Default Rephrase","type":"MA","timestamp":"2023-11-09 12:41:21"},{"nodeID":"1289885","text":"Restating","type":"YA","timestamp":"2023-11-09 12:41:21"},{"nodeID":"1289886","text":"the government will be ramping the number of testing equipment up further","type":"I","timestamp":"2023-11-09 12:41:22"},{"nodeID":"1289887","text":"George Eustice: We will be ramping it up further","type":"L","timestamp":"2023-11-09 12:41:22"},{"nodeID":"1289888","text":"Analysing","type":"YA","timestamp":"2023-11-09 12:41:22"},{"nodeID":"1289889","text":"Rebecca: George Eustice: We will be ramping it up further","type":"L","timestamp":"2023-11-09 12:41:22"},{"nodeID":"1289890","text":"Asserting","type":"YA","timestamp":"2023-11-09 12:41:22"},{"nodeID":"1289891","text":"Default Transition","type":"TA","timestamp":"2023-11-09 12:41:22"},{"nodeID":"1289892","text":"Default Rephrase","type":"MA","timestamp":"2023-11-09 12:41:22"},{"nodeID":"1289893","text":"Restating","type":"YA","timestamp":"2023-11-09 12:41:22"},{"nodeID":"1289894","text":"George Eustice's answer does or does not satisy Margaret","type":"I","timestamp":"2023-11-09 12:41:22"},{"nodeID":"1289895","text":"Fiona Bruce: Margaret, does that satisfy you","type":"L","timestamp":"2023-11-09 12:41:22"},{"nodeID":"1289896","text":"Analysing","type":"YA","timestamp":"2023-11-09 12:41:22"},{"nodeID":"1289897","text":"Rebecca: Fiona Bruce: Margaret, does that satisfy you","type":"L","timestamp":"2023-11-09 12:41:22"},{"nodeID":"1289898","text":"Pure Questioning","type":"YA","timestamp":"2023-11-09 12:41:22"},{"nodeID":"1289899","text":"Default Transition","type":"TA","timestamp":"2023-11-09 12:41:22"},{"nodeID":"1289900","text":"AudienceMember 20220224QT04: No","type":"L","timestamp":"2023-11-09 12:41:22"},{"nodeID":"1289901","text":"Analysing","type":"YA","timestamp":"2023-11-09 12:41:22"},{"nodeID":"1289902","text":"Rebecca: AudienceMember 20220224QT04: No","type":"L","timestamp":"2023-11-09 12:41:22"},{"nodeID":"1289903","text":"Default Transition","type":"TA","timestamp":"2023-11-09 12:41:22"},{"nodeID":"1289904","text":"Disagreeing","type":"YA","timestamp":"2023-11-09 12:41:22"},{"nodeID":"1289905","text":"AudienceMember 20220224QT04 is full of praise for the NHS","type":"I","timestamp":"2023-11-09 12:41:23"},{"nodeID":"1289906","text":"AudienceMember 20220224QT04:  I am full of praise for the NHS","type":"L","timestamp":"2023-11-09 12:41:23"},{"nodeID":"1289907","text":"Analysing","type":"YA","timestamp":"2023-11-09 12:41:23"},{"nodeID":"1289908","text":"Rebecca: AudienceMember 20220224QT04:  I am full of praise for the NHS","type":"L","timestamp":"2023-11-09 12:41:23"},{"nodeID":"1289909","text":"Asserting","type":"YA","timestamp":"2023-11-09 12:41:23"},{"nodeID":"1289910","text":"Default Transition","type":"TA","timestamp":"2023-11-09 12:41:23"},{"nodeID":"1289911","text":"AudienceMember 20220224QT04 is not criticising the NHS.","type":"I","timestamp":"2023-11-09 12:41:24"},{"nodeID":"1289912","text":"AudienceMember 20220224QT04:  I am not criticising the NHS.","type":"L","timestamp":"2023-11-09 12:41:24"},{"nodeID":"1289913","text":"Analysing","type":"YA","timestamp":"2023-11-09 12:41:24"},{"nodeID":"1289914","text":"Rebecca: AudienceMember 20220224QT04:  I am not criticising the NHS.","type":"L","timestamp":"2023-11-09 12:41:24"},{"nodeID":"1289915","text":"Asserting","type":"YA","timestamp":"2023-11-09 12:41:24"},{"nodeID":"1289916","text":"Default Transition","type":"TA","timestamp":"2023-11-09 12:41:24"},{"nodeID":"1289917","text":"Default Rephrase","type":"MA","timestamp":"2023-11-09 12:41:24"},{"nodeID":"1289918","text":"Restating","type":"YA","timestamp":"2023-11-09 12:41:24"},{"nodeID":"1289919","text":"the NHS have done a wonderful job","type":"I","timestamp":"2023-11-09 12:41:24"},{"nodeID":"1289920","text":"AudienceMember 20220224QT04: they have done a wonderful job","type":"L","timestamp":"2023-11-09 12:41:24"},{"nodeID":"1289921","text":"Analysing","type":"YA","timestamp":"2023-11-09 12:41:24"},{"nodeID":"1289922","text":"Rebecca: AudienceMember 20220224QT04: they have done a wonderful job","type":"L","timestamp":"2023-11-09 12:41:24"},{"nodeID":"1289923","text":"Asserting","type":"YA","timestamp":"2023-11-09 12:41:24"},{"nodeID":"1289924","text":"Default Rephrase","type":"MA","timestamp":"2023-11-09 12:41:24"},{"nodeID":"1289925","text":"Default Transition","type":"TA","timestamp":"2023-11-09 12:41:24"},{"nodeID":"1289926","text":"Restating","type":"YA","timestamp":"2023-11-09 12:41:24"},{"nodeID":"1289927","text":"AudienceMember 20220224QT04 is criticising the government's lack of necessary preparations","type":"I","timestamp":"2023-11-09 12:41:25"},{"nodeID":"1289928","text":"AudienceMember 20220224QT04: I am criticising the government's lack of necessary preparations","type":"L","timestamp":"2023-11-09 12:41:25"},{"nodeID":"1289929","text":"Analysing","type":"YA","timestamp":"2023-11-09 12:41:25"},{"nodeID":"1289930","text":"Rebecca: AudienceMember 20220224QT04: I am criticising the government's lack of necessary preparations","type":"L","timestamp":"2023-11-09 12:41:25"},{"nodeID":"1289931","text":"Asserting","type":"YA","timestamp":"2023-11-09 12:41:25"},{"nodeID":"1289932","text":"Default Rephrase","type":"MA","timestamp":"2023-11-09 12:41:25"},{"nodeID":"1289933","text":"Default Transition","type":"TA","timestamp":"2023-11-09 12:41:25"},{"nodeID":"1289934","text":"Restating","type":"YA","timestamp":"2023-11-09 12:41:25"}],"edges":[{"edgeID":"1696268","fromID":"1289784","toID":"1289783","formEdgeID":null},{"edgeID":"1696269","fromID":"1289785","toID":"1289784","formEdgeID":null},{"edgeID":"1696270","fromID":"1289783","toID":"1289786","formEdgeID":null},{"edgeID":"1696271","fromID":"1289786","toID":"1289782","formEdgeID":null},{"edgeID":"1696272","fromID":"1289789","toID":"1289788","formEdgeID":null},{"edgeID":"1696273","fromID":"1289790","toID":"1289789","formEdgeID":null},{"edgeID":"1696274","fromID":"1289788","toID":"1289791","formEdgeID":null},{"edgeID":"1696275","fromID":"1289791","toID":"1289787","formEdgeID":null},{"edgeID":"1696276","fromID":"1289787","toID":"1289792","formEdgeID":null},{"edgeID":"1696277","fromID":"1289792","toID":"1289782","formEdgeID":null},{"edgeID":"1696278","fromID":"1289783","toID":"1289793","formEdgeID":null},{"edgeID":"1696279","fromID":"1289793","toID":"1289788","formEdgeID":null},{"edgeID":"1696280","fromID":"1289793","toID":"1289794","formEdgeID":null},{"edgeID":"1696281","fromID":"1289794","toID":"1289792","formEdgeID":null},{"edgeID":"1696282","fromID":"1289797","toID":"1289796","formEdgeID":null},{"edgeID":"1696283","fromID":"1289798","toID":"1289797","formEdgeID":null},{"edgeID":"1696284","fromID":"1289796","toID":"1289799","formEdgeID":null},{"edgeID":"1696285","fromID":"1289799","toID":"1289795","formEdgeID":null},{"edgeID":"1696286","fromID":"1289795","toID":"1289800","formEdgeID":null},{"edgeID":"1696287","fromID":"1289800","toID":"1289782","formEdgeID":null},{"edgeID":"1696288","fromID":"1289783","toID":"1289801","formEdgeID":null},{"edgeID":"1696289","fromID":"1289801","toID":"1289796","formEdgeID":null},{"edgeID":"1696290","fromID":"1289801","toID":"1289802","formEdgeID":null},{"edgeID":"1696291","fromID":"1289802","toID":"1289800","formEdgeID":null},{"edgeID":"1696292","fromID":"1289805","toID":"1289804","formEdgeID":null},{"edgeID":"1696293","fromID":"1289806","toID":"1289805","formEdgeID":null},{"edgeID":"1696294","fromID":"1289804","toID":"1289807","formEdgeID":null},{"edgeID":"1696295","fromID":"1289807","toID":"1289803","formEdgeID":null},{"edgeID":"1696296","fromID":"1289803","toID":"1289808","formEdgeID":null},{"edgeID":"1696297","fromID":"1289808","toID":"1289795","formEdgeID":null},{"edgeID":"1696298","fromID":"1289796","toID":"1289809","formEdgeID":null},{"edgeID":"1696299","fromID":"1289809","toID":"1289804","formEdgeID":null},{"edgeID":"1696300","fromID":"1289809","toID":"1289810","formEdgeID":null},{"edgeID":"1696301","fromID":"1289810","toID":"1289808","formEdgeID":null},{"edgeID":"1696302","fromID":"1289813","toID":"1289812","formEdgeID":null},{"edgeID":"1696303","fromID":"1289814","toID":"1289813","formEdgeID":null},{"edgeID":"1696304","fromID":"1289812","toID":"1289815","formEdgeID":null},{"edgeID":"1696305","fromID":"1289815","toID":"1289811","formEdgeID":null},{"edgeID":"1696306","fromID":"1289804","toID":"1289816","formEdgeID":null},{"edgeID":"1696307","fromID":"1289816","toID":"1289812","formEdgeID":null},{"edgeID":"1696308","fromID":"1289819","toID":"1289818","formEdgeID":null},{"edgeID":"1696309","fromID":"1289820","toID":"1289819","formEdgeID":null},{"edgeID":"1696310","fromID":"1289818","toID":"1289821","formEdgeID":null},{"edgeID":"1696311","fromID":"1289821","toID":"1289817","formEdgeID":null},{"edgeID":"1696312","fromID":"1289812","toID":"1289822","formEdgeID":null},{"edgeID":"1696313","fromID":"1289822","toID":"1289818","formEdgeID":null},{"edgeID":"1696314","fromID":"1289824","toID":"1289823","formEdgeID":null},{"edgeID":"1696315","fromID":"1289825","toID":"1289824","formEdgeID":null},{"edgeID":"1696316","fromID":"1289823","toID":"1289826","formEdgeID":null},{"edgeID":"1696317","fromID":"1289826","toID":"498147","formEdgeID":null},{"edgeID":"1696318","fromID":"1289818","toID":"1289827","formEdgeID":null},{"edgeID":"1696319","fromID":"1289827","toID":"1289823","formEdgeID":null},{"edgeID":"1696320","fromID":"1289830","toID":"1289829","formEdgeID":null},{"edgeID":"1696321","fromID":"1289831","toID":"1289830","formEdgeID":null},{"edgeID":"1696322","fromID":"1289829","toID":"1289832","formEdgeID":null},{"edgeID":"1696323","fromID":"1289832","toID":"1289828","formEdgeID":null},{"edgeID":"1696324","fromID":"1289823","toID":"1289833","formEdgeID":null},{"edgeID":"1696325","fromID":"1289833","toID":"1289829","formEdgeID":null},{"edgeID":"1696326","fromID":"1289835","toID":"1289834","formEdgeID":null},{"edgeID":"1696327","fromID":"1289836","toID":"1289835","formEdgeID":null},{"edgeID":"1696328","fromID":"1289834","toID":"1289837","formEdgeID":null},{"edgeID":"1696329","fromID":"1289837","toID":"498167","formEdgeID":null},{"edgeID":"1696330","fromID":"1289840","toID":"1289839","formEdgeID":null},{"edgeID":"1696331","fromID":"1289841","toID":"1289840","formEdgeID":null},{"edgeID":"1696332","fromID":"1289839","toID":"1289842","formEdgeID":null},{"edgeID":"1696333","fromID":"1289842","toID":"1289838","formEdgeID":null},{"edgeID":"1696334","fromID":"1289829","toID":"1289843","formEdgeID":null},{"edgeID":"1696335","fromID":"1289843","toID":"1289839","formEdgeID":null},{"edgeID":"1696336","fromID":"1289846","toID":"1289845","formEdgeID":null},{"edgeID":"1696337","fromID":"1289847","toID":"1289846","formEdgeID":null},{"edgeID":"1696338","fromID":"1289845","toID":"1289848","formEdgeID":null},{"edgeID":"1696339","fromID":"1289848","toID":"1289844","formEdgeID":null},{"edgeID":"1696340","fromID":"1289839","toID":"1289849","formEdgeID":null},{"edgeID":"1696341","fromID":"1289849","toID":"1289845","formEdgeID":null},{"edgeID":"1696342","fromID":"1289852","toID":"1289851","formEdgeID":null},{"edgeID":"1696343","fromID":"1289853","toID":"1289852","formEdgeID":null},{"edgeID":"1696344","fromID":"1289851","toID":"1289854","formEdgeID":null},{"edgeID":"1696345","fromID":"1289854","toID":"1289850","formEdgeID":null},{"edgeID":"1696346","fromID":"1289845","toID":"1289855","formEdgeID":null},{"edgeID":"1696347","fromID":"1289855","toID":"1289851","formEdgeID":null},{"edgeID":"1696348","fromID":"1289858","toID":"1289857","formEdgeID":null},{"edgeID":"1696349","fromID":"1289859","toID":"1289858","formEdgeID":null},{"edgeID":"1696350","fromID":"1289857","toID":"1289860","formEdgeID":null},{"edgeID":"1696351","fromID":"1289860","toID":"1289856","formEdgeID":null},{"edgeID":"1696352","fromID":"1289829","toID":"1289861","formEdgeID":null},{"edgeID":"1696353","fromID":"1289861","toID":"1289857","formEdgeID":null},{"edgeID":"1696354","fromID":"1289864","toID":"1289863","formEdgeID":null},{"edgeID":"1696355","fromID":"1289865","toID":"1289864","formEdgeID":null},{"edgeID":"1696356","fromID":"1289863","toID":"1289866","formEdgeID":null},{"edgeID":"1696357","fromID":"1289866","toID":"1289862","formEdgeID":null},{"edgeID":"1696358","fromID":"1289857","toID":"1289867","formEdgeID":null},{"edgeID":"1696359","fromID":"1289867","toID":"1289863","formEdgeID":null},{"edgeID":"1696360","fromID":"1289862","toID":"1289868","formEdgeID":null},{"edgeID":"1696361","fromID":"1289868","toID":"1289856","formEdgeID":null},{"edgeID":"1696362","fromID":"1289867","toID":"1289869","formEdgeID":null},{"edgeID":"1696363","fromID":"1289869","toID":"1289868","formEdgeID":null},{"edgeID":"1696364","fromID":"1289838","toID":"1289870","formEdgeID":null},{"edgeID":"1696365","fromID":"1289870","toID":"1289828","formEdgeID":null},{"edgeID":"1696366","fromID":"498167","toID":"1289870","formEdgeID":null},{"edgeID":"1696367","fromID":"1289843","toID":"1289871","formEdgeID":null},{"edgeID":"1696368","fromID":"1289871","toID":"1289870","formEdgeID":null},{"edgeID":"1696369","fromID":"1289874","toID":"1289873","formEdgeID":null},{"edgeID":"1696370","fromID":"1289875","toID":"1289874","formEdgeID":null},{"edgeID":"1696371","fromID":"1289873","toID":"1289876","formEdgeID":null},{"edgeID":"1696372","fromID":"1289876","toID":"1289872","formEdgeID":null},{"edgeID":"1696373","fromID":"1289863","toID":"1289877","formEdgeID":null},{"edgeID":"1696374","fromID":"1289877","toID":"1289873","formEdgeID":null},{"edgeID":"1696375","fromID":"1289880","toID":"1289879","formEdgeID":null},{"edgeID":"1696376","fromID":"1289881","toID":"1289880","formEdgeID":null},{"edgeID":"1696377","fromID":"1289879","toID":"1289882","formEdgeID":null},{"edgeID":"1696378","fromID":"1289882","toID":"1289878","formEdgeID":null},{"edgeID":"1696379","fromID":"1289873","toID":"1289883","formEdgeID":null},{"edgeID":"1696380","fromID":"1289883","toID":"1289879","formEdgeID":null},{"edgeID":"1696381","fromID":"1289878","toID":"1289884","formEdgeID":null},{"edgeID":"1696382","fromID":"1289884","toID":"1289872","formEdgeID":null},{"edgeID":"1696383","fromID":"1289883","toID":"1289885","formEdgeID":null},{"edgeID":"1696384","fromID":"1289885","toID":"1289884","formEdgeID":null},{"edgeID":"1696385","fromID":"1289888","toID":"1289887","formEdgeID":null},{"edgeID":"1696386","fromID":"1289889","toID":"1289888","formEdgeID":null},{"edgeID":"1696387","fromID":"1289887","toID":"1289890","formEdgeID":null},{"edgeID":"1696388","fromID":"1289890","toID":"1289886","formEdgeID":null},{"edgeID":"1696389","fromID":"1289879","toID":"1289891","formEdgeID":null},{"edgeID":"1696390","fromID":"1289891","toID":"1289887","formEdgeID":null},{"edgeID":"1696391","fromID":"1289886","toID":"1289892","formEdgeID":null},{"edgeID":"1696392","fromID":"1289892","toID":"1289878","formEdgeID":null},{"edgeID":"1696393","fromID":"1289891","toID":"1289893","formEdgeID":null},{"edgeID":"1696394","fromID":"1289893","toID":"1289892","formEdgeID":null},{"edgeID":"1696395","fromID":"1289896","toID":"1289895","formEdgeID":null},{"edgeID":"1696396","fromID":"1289897","toID":"1289896","formEdgeID":null},{"edgeID":"1696397","fromID":"1289895","toID":"1289898","formEdgeID":null},{"edgeID":"1696398","fromID":"1289898","toID":"1289894","formEdgeID":null},{"edgeID":"1696399","fromID":"1289887","toID":"1289899","formEdgeID":null},{"edgeID":"1696400","fromID":"1289899","toID":"1289895","formEdgeID":null},{"edgeID":"1696401","fromID":"1289901","toID":"1289900","formEdgeID":null},{"edgeID":"1696402","fromID":"1289902","toID":"1289901","formEdgeID":null},{"edgeID":"1696403","fromID":"1289895","toID":"1289903","formEdgeID":null},{"edgeID":"1696404","fromID":"1289903","toID":"1289900","formEdgeID":null},{"edgeID":"1696405","fromID":"1289903","toID":"1289904","formEdgeID":null},{"edgeID":"1696406","fromID":"1289904","toID":"1289894","formEdgeID":null},{"edgeID":"1696407","fromID":"1289907","toID":"1289906","formEdgeID":null},{"edgeID":"1696408","fromID":"1289908","toID":"1289907","formEdgeID":null},{"edgeID":"1696409","fromID":"1289906","toID":"1289909","formEdgeID":null},{"edgeID":"1696410","fromID":"1289909","toID":"1289905","formEdgeID":null},{"edgeID":"1696411","fromID":"1289900","toID":"1289910","formEdgeID":null},{"edgeID":"1696412","fromID":"1289910","toID":"1289906","formEdgeID":null},{"edgeID":"1696413","fromID":"1289913","toID":"1289912","formEdgeID":null},{"edgeID":"1696414","fromID":"1289914","toID":"1289913","formEdgeID":null},{"edgeID":"1696415","fromID":"1289912","toID":"1289915","formEdgeID":null},{"edgeID":"1696416","fromID":"1289915","toID":"1289911","formEdgeID":null},{"edgeID":"1696417","fromID":"1289906","toID":"1289916","formEdgeID":null},{"edgeID":"1696418","fromID":"1289916","toID":"1289912","formEdgeID":null},{"edgeID":"1696419","fromID":"1289911","toID":"1289917","formEdgeID":null},{"edgeID":"1696420","fromID":"1289917","toID":"1289905","formEdgeID":null},{"edgeID":"1696421","fromID":"1289916","toID":"1289918","formEdgeID":null},{"edgeID":"1696422","fromID":"1289918","toID":"1289917","formEdgeID":null},{"edgeID":"1696423","fromID":"1289921","toID":"1289920","formEdgeID":null},{"edgeID":"1696424","fromID":"1289922","toID":"1289921","formEdgeID":null},{"edgeID":"1696425","fromID":"1289920","toID":"1289923","formEdgeID":null},{"edgeID":"1696426","fromID":"1289923","toID":"1289919","formEdgeID":null},{"edgeID":"1696427","fromID":"1289919","toID":"1289924","formEdgeID":null},{"edgeID":"1696428","fromID":"1289924","toID":"1289911","formEdgeID":null},{"edgeID":"1696429","fromID":"1289912","toID":"1289925","formEdgeID":null},{"edgeID":"1696430","fromID":"1289925","toID":"1289920","formEdgeID":null},{"edgeID":"1696431","fromID":"1289925","toID":"1289926","formEdgeID":null},{"edgeID":"1696432","fromID":"1289926","toID":"1289924","formEdgeID":null},{"edgeID":"1696433","fromID":"1289929","toID":"1289928","formEdgeID":null},{"edgeID":"1696434","fromID":"1289930","toID":"1289929","formEdgeID":null},{"edgeID":"1696435","fromID":"1289928","toID":"1289931","formEdgeID":null},{"edgeID":"1696436","fromID":"1289931","toID":"1289927","formEdgeID":null},{"edgeID":"1696437","fromID":"1289927","toID":"1289932","formEdgeID":null},{"edgeID":"1696438","fromID":"1289932","toID":"1289911","formEdgeID":null},{"edgeID":"1696439","fromID":"1289912","toID":"1289933","formEdgeID":null},{"edgeID":"1696440","fromID":"1289933","toID":"1289928","formEdgeID":null},{"edgeID":"1696441","fromID":"1289933","toID":"1289934","formEdgeID":null},{"edgeID":"1696442","fromID":"1289934","toID":"1289932","formEdgeID":null}],"locutions":[]}