{"nodes":[{"nodeID":"1290709","text":"the data is good enough for us to say that a country like Britain, with all of its capability, should have done better","type":"I","timestamp":"2023-11-09 12:42:30"},{"nodeID":"1290710","text":"Juergen Maier: the data is good enough for us to say that a country like ours, like Britain, with all of its capability we should have done better","type":"L","timestamp":"2023-11-09 12:42:30"},{"nodeID":"1290711","text":"Analysing","type":"YA","timestamp":"2023-11-09 12:42:30"},{"nodeID":"1290712","text":"Anon: Juergen Maier: the data is good enough for us to say that a country like ours, like Britain, with all of its capability we should have done better","type":"L","timestamp":"2023-11-09 12:42:30"},{"nodeID":"1290713","text":"Asserting","type":"YA","timestamp":"2023-11-09 12:42:30"},{"nodeID":"1290714","text":"we should be doing better","type":"I","timestamp":"2023-11-09 12:42:30"},{"nodeID":"1290715","text":"Juergen Maier: We should be doing better","type":"L","timestamp":"2023-11-09 12:42:31"},{"nodeID":"1290716","text":"Analysing","type":"YA","timestamp":"2023-11-09 12:42:31"},{"nodeID":"1290717","text":"Anon: Juergen Maier: We should be doing better","type":"L","timestamp":"2023-11-09 12:42:31"},{"nodeID":"1290718","text":"Asserting","type":"YA","timestamp":"2023-11-09 12:42:31"},{"nodeID":"1290719","text":"Juergen Maier: There is no doubt about that in my mind","type":"L","timestamp":"2023-11-09 12:42:31"},{"nodeID":"1290720","text":"Analysing","type":"YA","timestamp":"2023-11-09 12:42:31"},{"nodeID":"1290721","text":"Anon: Juergen Maier: There is no doubt about that in my mind","type":"L","timestamp":"2023-11-09 12:42:31"},{"nodeID":"1290722","text":"we didn't plan ahead well enough testing","type":"I","timestamp":"2023-11-09 12:42:31"},{"nodeID":"1290723","text":"Juergen Maier: we didn't plan ahead well enough","type":"L","timestamp":"2023-11-09 12:42:31"},{"nodeID":"1290724","text":"Analysing","type":"YA","timestamp":"2023-11-09 12:42:31"},{"nodeID":"1290725","text":"Anon: Juergen Maier: we didn't plan ahead well enough","type":"L","timestamp":"2023-11-09 12:42:31"},{"nodeID":"1290726","text":"Asserting","type":"YA","timestamp":"2023-11-09 12:42:31"},{"nodeID":"1290727","text":"If we would have planned ahead well enough, we would have had the tests of the 100,000 in place by the beginning of April","type":"I","timestamp":"2023-11-09 12:42:32"},{"nodeID":"1290728","text":"Juergen Maier: If we would have done, we would have had the tests of the 100,000 in place by the beginning of April","type":"L","timestamp":"2023-11-09 12:42:32"},{"nodeID":"1290729","text":"Analysing","type":"YA","timestamp":"2023-11-09 12:42:32"},{"nodeID":"1290730","text":"Anon: Juergen Maier: If we would have done, we would have had the tests of the 100,000 in place by the beginning of April","type":"L","timestamp":"2023-11-09 12:42:32"},{"nodeID":"1290731","text":"Asserting","type":"YA","timestamp":"2023-11-09 12:42:32"},{"nodeID":"1290732","text":"if we would have planned ahead well enough we would not have started building tests at the beginning of April","type":"I","timestamp":"2023-11-09 12:42:32"},{"nodeID":"1290733","text":"Juergen Maier: not started building it at the beginning of April","type":"L","timestamp":"2023-11-09 12:42:32"},{"nodeID":"1290734","text":"Analysing","type":"YA","timestamp":"2023-11-09 12:42:32"},{"nodeID":"1290735","text":"Anon: Juergen Maier: not started building it at the beginning of April","type":"L","timestamp":"2023-11-09 12:42:32"},{"nodeID":"1290736","text":"Asserting","type":"YA","timestamp":"2023-11-09 12:42:32"},{"nodeID":"1290737","text":"there were some key lessons about testing","type":"I","timestamp":"2023-11-09 12:42:33"},{"nodeID":"1290738","text":"Juergen Maier: there were some key lessons","type":"L","timestamp":"2023-11-09 12:42:33"},{"nodeID":"1290739","text":"Analysing","type":"YA","timestamp":"2023-11-09 12:42:33"},{"nodeID":"1290740","text":"Anon: Juergen Maier: there were some key lessons","type":"L","timestamp":"2023-11-09 12:42:33"},{"nodeID":"1290741","text":"Asserting","type":"YA","timestamp":"2023-11-09 12:42:33"},{"nodeID":"1290742","text":"we have got a long way to go","type":"I","timestamp":"2023-11-09 12:42:33"},{"nodeID":"1290743","text":"Juergen Maier: we have got a long way to go","type":"L","timestamp":"2023-11-09 12:42:33"},{"nodeID":"1290744","text":"Analysing","type":"YA","timestamp":"2023-11-09 12:42:33"},{"nodeID":"1290745","text":"Anon: Juergen Maier: we have got a long way to go","type":"L","timestamp":"2023-11-09 12:42:33"},{"nodeID":"1290746","text":"Asserting","type":"YA","timestamp":"2023-11-09 12:42:33"},{"nodeID":"1290747","text":"we need to live and manage the situation of a pandemic","type":"I","timestamp":"2023-11-09 12:42:34"},{"nodeID":"1290748","text":"Juergen Maier: We need to live and manage the situation","type":"L","timestamp":"2023-11-09 12:42:34"},{"nodeID":"1290749","text":"Analysing","type":"YA","timestamp":"2023-11-09 12:42:34"},{"nodeID":"1290750","text":"Anon: Juergen Maier: We need to live and manage the situation","type":"L","timestamp":"2023-11-09 12:42:34"},{"nodeID":"1290751","text":"Asserting","type":"YA","timestamp":"2023-11-09 12:42:34"},{"nodeID":"1290752","text":"Juergen Maier does agree with Afua Hirsch's point, a bit of honesty and learning is necessary","type":"I","timestamp":"2023-11-09 12:42:34"},{"nodeID":"1290753","text":"Juergen Maier: I do agree with Afua's point, a bit of honesty and learning","type":"L","timestamp":"2023-11-09 12:42:34"},{"nodeID":"1290754","text":"Analysing","type":"YA","timestamp":"2023-11-09 12:42:34"},{"nodeID":"1290755","text":"Anon: Juergen Maier: I do agree with Afua's point, a bit of honesty and learning","type":"L","timestamp":"2023-11-09 12:42:34"},{"nodeID":"1290756","text":"Asserting","type":"YA","timestamp":"2023-11-09 12:42:34"},{"nodeID":"1290757","text":"we can learn as we go into the next phase and really make sure that we do a better job as we now try to exit out of this terrible situation","type":"I","timestamp":"2023-11-09 12:42:35"},{"nodeID":"1290758","text":"Juergen Maier: we can learn as we go into the next phase and really make sure that we do a better job as we now try to exit out of this terrible situation","type":"L","timestamp":"2023-11-09 12:42:35"},{"nodeID":"1290759","text":"Analysing","type":"YA","timestamp":"2023-11-09 12:42:35"},{"nodeID":"1290760","text":"Anon: Juergen Maier: we can learn as we go into the next phase and really make sure that we do a better job as we now try to exit out of this terrible situation","type":"L","timestamp":"2023-11-09 12:42:35"},{"nodeID":"1290761","text":"Asserting","type":"YA","timestamp":"2023-11-09 12:42:35"},{"nodeID":"1290762","text":"all these discussions about comparisons and we are not sure","type":"I","timestamp":"2023-11-09 12:42:36"},{"nodeID":"1290763","text":"Juergen Maier: all these discussions about comparisons and we are not sure","type":"L","timestamp":"2023-11-09 12:42:36"},{"nodeID":"1290764","text":"Analysing","type":"YA","timestamp":"2023-11-09 12:42:36"},{"nodeID":"1290765","text":"Anon: Juergen Maier: all these discussions about comparisons and we are not sure","type":"L","timestamp":"2023-11-09 12:42:36"},{"nodeID":"1290766","text":"Asserting","type":"YA","timestamp":"2023-11-09 12:42:36"},{"nodeID":"1290767","text":"Default Transition","type":"TA","timestamp":"2023-11-09 12:42:36"},{"nodeID":"1290768","text":"Britain has a lot of capability","type":"I","timestamp":"2023-11-09 12:42:36"},{"nodeID":"1290769","text":"Juergen Maier: with all of its capability","type":"L","timestamp":"2023-11-09 12:42:36"},{"nodeID":"1290770","text":"Analysing","type":"YA","timestamp":"2023-11-09 12:42:36"},{"nodeID":"1290771","text":"Anon: Juergen Maier: with all of its capability","type":"L","timestamp":"2023-11-09 12:42:36"},{"nodeID":"1290772","text":"Asserting","type":"YA","timestamp":"2023-11-09 12:42:36"},{"nodeID":"1290773","text":"Default Transition","type":"TA","timestamp":"2023-11-09 12:42:36"},{"nodeID":"1290774","text":"Default Inference","type":"RA","timestamp":"2023-11-09 12:42:36"},{"nodeID":"1290775","text":"Arguing","type":"YA","timestamp":"2023-11-09 12:42:36"},{"nodeID":"1290776","text":"Default Rephrase","type":"MA","timestamp":"2023-11-09 12:42:36"},{"nodeID":"1290777","text":"Default Transition","type":"TA","timestamp":"2023-11-09 12:42:36"},{"nodeID":"1290778","text":"Restating","type":"YA","timestamp":"2023-11-09 12:42:36"},{"nodeID":"1290779","text":"Default Transition","type":"TA","timestamp":"2023-11-09 12:42:36"},{"nodeID":"1290780","text":"Default Transition","type":"TA","timestamp":"2023-11-09 12:42:36"},{"nodeID":"1290781","text":"Default Inference","type":"RA","timestamp":"2023-11-09 12:42:36"},{"nodeID":"1290782","text":"Arguing","type":"YA","timestamp":"2023-11-09 12:42:36"},{"nodeID":"1290783","text":"Default Inference","type":"RA","timestamp":"2023-11-09 12:42:36"},{"nodeID":"1290784","text":"Default Transition","type":"TA","timestamp":"2023-11-09 12:42:36"},{"nodeID":"1290785","text":"Arguing","type":"YA","timestamp":"2023-11-09 12:42:36"},{"nodeID":"1290786","text":"Default Transition","type":"TA","timestamp":"2023-11-09 12:42:36"},{"nodeID":"1290787","text":"Default Rephrase","type":"MA","timestamp":"2023-11-09 12:42:36"},{"nodeID":"1290788","text":"Restating","type":"YA","timestamp":"2023-11-09 12:42:36"},{"nodeID":"1290789","text":"Default Transition","type":"TA","timestamp":"2023-11-09 12:42:36"},{"nodeID":"1290790","text":"Default Transition","type":"TA","timestamp":"2023-11-09 12:42:36"},{"nodeID":"1290791","text":"Default Transition","type":"TA","timestamp":"2023-11-09 12:42:36"},{"nodeID":"1290792","text":"Default Conflict","type":"CA","timestamp":"2023-11-09 12:42:36"},{"nodeID":"1290793","text":"Default Transition","type":"TA","timestamp":"2023-11-09 12:42:36"},{"nodeID":"1290794","text":"Disagreeing","type":"YA","timestamp":"2023-11-09 12:42:36"},{"nodeID":"1290795","text":"Default Inference","type":"RA","timestamp":"2023-11-09 12:42:36"},{"nodeID":"1290796","text":"Default Transition","type":"TA","timestamp":"2023-11-09 12:42:36"},{"nodeID":"1290797","text":"Arguing","type":"YA","timestamp":"2023-11-09 12:42:36"},{"nodeID":"1290798","text":"Default Transition","type":"TA","timestamp":"2023-11-09 12:42:36"},{"nodeID":"1290799","text":"Agreeing","type":"YA","timestamp":"2023-11-09 12:42:36"}],"edges":[{"edgeID":"1697380","fromID":"1290711","toID":"1290710","formEdgeID":null},{"edgeID":"1697381","fromID":"1290712","toID":"1290711","formEdgeID":null},{"edgeID":"1697382","fromID":"1290710","toID":"1290713","formEdgeID":null},{"edgeID":"1697383","fromID":"1290713","toID":"1290709","formEdgeID":null},{"edgeID":"1697384","fromID":"1290716","toID":"1290715","formEdgeID":null},{"edgeID":"1697385","fromID":"1290717","toID":"1290716","formEdgeID":null},{"edgeID":"1697386","fromID":"1290715","toID":"1290718","formEdgeID":null},{"edgeID":"1697387","fromID":"1290718","toID":"1290714","formEdgeID":null},{"edgeID":"1697388","fromID":"1290720","toID":"1290719","formEdgeID":null},{"edgeID":"1697389","fromID":"1290721","toID":"1290720","formEdgeID":null},{"edgeID":"1697390","fromID":"1290724","toID":"1290723","formEdgeID":null},{"edgeID":"1697391","fromID":"1290725","toID":"1290724","formEdgeID":null},{"edgeID":"1697392","fromID":"1290723","toID":"1290726","formEdgeID":null},{"edgeID":"1697393","fromID":"1290726","toID":"1290722","formEdgeID":null},{"edgeID":"1697394","fromID":"1290729","toID":"1290728","formEdgeID":null},{"edgeID":"1697395","fromID":"1290730","toID":"1290729","formEdgeID":null},{"edgeID":"1697396","fromID":"1290728","toID":"1290731","formEdgeID":null},{"edgeID":"1697397","fromID":"1290731","toID":"1290727","formEdgeID":null},{"edgeID":"1697398","fromID":"1290734","toID":"1290733","formEdgeID":null},{"edgeID":"1697399","fromID":"1290735","toID":"1290734","formEdgeID":null},{"edgeID":"1697400","fromID":"1290733","toID":"1290736","formEdgeID":null},{"edgeID":"1697401","fromID":"1290736","toID":"1290732","formEdgeID":null},{"edgeID":"1697402","fromID":"1290739","toID":"1290738","formEdgeID":null},{"edgeID":"1697403","fromID":"1290740","toID":"1290739","formEdgeID":null},{"edgeID":"1697404","fromID":"1290738","toID":"1290741","formEdgeID":null},{"edgeID":"1697405","fromID":"1290741","toID":"1290737","formEdgeID":null},{"edgeID":"1697406","fromID":"1290744","toID":"1290743","formEdgeID":null},{"edgeID":"1697407","fromID":"1290745","toID":"1290744","formEdgeID":null},{"edgeID":"1697408","fromID":"1290743","toID":"1290746","formEdgeID":null},{"edgeID":"1697409","fromID":"1290746","toID":"1290742","formEdgeID":null},{"edgeID":"1697410","fromID":"1290749","toID":"1290748","formEdgeID":null},{"edgeID":"1697411","fromID":"1290750","toID":"1290749","formEdgeID":null},{"edgeID":"1697412","fromID":"1290748","toID":"1290751","formEdgeID":null},{"edgeID":"1697413","fromID":"1290751","toID":"1290747","formEdgeID":null},{"edgeID":"1697414","fromID":"1290754","toID":"1290753","formEdgeID":null},{"edgeID":"1697415","fromID":"1290755","toID":"1290754","formEdgeID":null},{"edgeID":"1697416","fromID":"1290753","toID":"1290756","formEdgeID":null},{"edgeID":"1697417","fromID":"1290756","toID":"1290752","formEdgeID":null},{"edgeID":"1697418","fromID":"1290759","toID":"1290758","formEdgeID":null},{"edgeID":"1697419","fromID":"1290760","toID":"1290759","formEdgeID":null},{"edgeID":"1697420","fromID":"1290758","toID":"1290761","formEdgeID":null},{"edgeID":"1697421","fromID":"1290761","toID":"1290757","formEdgeID":null},{"edgeID":"1697422","fromID":"1290764","toID":"1290763","formEdgeID":null},{"edgeID":"1697423","fromID":"1290765","toID":"1290764","formEdgeID":null},{"edgeID":"1697424","fromID":"1290763","toID":"1290766","formEdgeID":null},{"edgeID":"1697425","fromID":"1290766","toID":"1290762","formEdgeID":null},{"edgeID":"1697426","fromID":"1290763","toID":"1290767","formEdgeID":null},{"edgeID":"1697427","fromID":"1290767","toID":"1290710","formEdgeID":null},{"edgeID":"1697428","fromID":"1290770","toID":"1290769","formEdgeID":null},{"edgeID":"1697429","fromID":"1290771","toID":"1290770","formEdgeID":null},{"edgeID":"1697430","fromID":"1290769","toID":"1290772","formEdgeID":null},{"edgeID":"1697431","fromID":"1290772","toID":"1290768","formEdgeID":null},{"edgeID":"1697432","fromID":"1290710","toID":"1290773","formEdgeID":null},{"edgeID":"1697433","fromID":"1290773","toID":"1290769","formEdgeID":null},{"edgeID":"1697434","fromID":"1290768","toID":"1290774","formEdgeID":null},{"edgeID":"1697435","fromID":"1290774","toID":"1290709","formEdgeID":null},{"edgeID":"1697436","fromID":"1290773","toID":"1290775","formEdgeID":null},{"edgeID":"1697437","fromID":"1290775","toID":"1290774","formEdgeID":null},{"edgeID":"1697438","fromID":"1290714","toID":"1290776","formEdgeID":null},{"edgeID":"1697439","fromID":"1290776","toID":"1290709","formEdgeID":null},{"edgeID":"1697440","fromID":"1290710","toID":"1290777","formEdgeID":null},{"edgeID":"1697441","fromID":"1290777","toID":"1290715","formEdgeID":null},{"edgeID":"1697442","fromID":"1290777","toID":"1290778","formEdgeID":null},{"edgeID":"1697443","fromID":"1290778","toID":"1290776","formEdgeID":null},{"edgeID":"1697444","fromID":"1290715","toID":"1290779","formEdgeID":null},{"edgeID":"1697445","fromID":"1290779","toID":"1290719","formEdgeID":null},{"edgeID":"1697446","fromID":"1290723","toID":"1290780","formEdgeID":null},{"edgeID":"1697447","fromID":"1290780","toID":"1290728","formEdgeID":null},{"edgeID":"1697448","fromID":"1290727","toID":"1290781","formEdgeID":null},{"edgeID":"1697449","fromID":"1290781","toID":"1290722","formEdgeID":null},{"edgeID":"1697450","fromID":"1290780","toID":"1290782","formEdgeID":null},{"edgeID":"1697451","fromID":"1290782","toID":"1290781","formEdgeID":null},{"edgeID":"1697452","fromID":"1290732","toID":"1290783","formEdgeID":null},{"edgeID":"1697453","fromID":"1290783","toID":"1290722","formEdgeID":null},{"edgeID":"1697454","fromID":"1290723","toID":"1290784","formEdgeID":null},{"edgeID":"1697455","fromID":"1290784","toID":"1290733","formEdgeID":null},{"edgeID":"1697456","fromID":"1290784","toID":"1290785","formEdgeID":null},{"edgeID":"1697457","fromID":"1290785","toID":"1290783","formEdgeID":null},{"edgeID":"1697458","fromID":"1290738","toID":"1290786","formEdgeID":null},{"edgeID":"1697459","fromID":"1290786","toID":"1290743","formEdgeID":null},{"edgeID":"1697460","fromID":"1290742","toID":"1290787","formEdgeID":null},{"edgeID":"1697461","fromID":"1290787","toID":"1290737","formEdgeID":null},{"edgeID":"1697462","fromID":"1290786","toID":"1290788","formEdgeID":null},{"edgeID":"1697463","fromID":"1290788","toID":"1290787","formEdgeID":null},{"edgeID":"1697464","fromID":"1290743","toID":"1290789","formEdgeID":null},{"edgeID":"1697465","fromID":"1290789","toID":"1290748","formEdgeID":null},{"edgeID":"1697466","fromID":"1290748","toID":"1290790","formEdgeID":null},{"edgeID":"1697467","fromID":"1290790","toID":"1290753","formEdgeID":null},{"edgeID":"1697468","fromID":"1290753","toID":"1290791","formEdgeID":null},{"edgeID":"1697469","fromID":"1290791","toID":"1290758","formEdgeID":null},{"edgeID":"1697470","fromID":"1290732","toID":"1290792","formEdgeID":null},{"edgeID":"1697471","fromID":"1290792","toID":"1290727","formEdgeID":null},{"edgeID":"1697472","fromID":"1290728","toID":"1290793","formEdgeID":null},{"edgeID":"1697473","fromID":"1290793","toID":"1290733","formEdgeID":null},{"edgeID":"1697474","fromID":"1290793","toID":"1290794","formEdgeID":null},{"edgeID":"1697475","fromID":"1290794","toID":"1290792","formEdgeID":null},{"edgeID":"1697476","fromID":"1290722","toID":"1290795","formEdgeID":null},{"edgeID":"1697477","fromID":"1290795","toID":"1290737","formEdgeID":null},{"edgeID":"1697478","fromID":"1290723","toID":"1290796","formEdgeID":null},{"edgeID":"1697479","fromID":"1290796","toID":"1290738","formEdgeID":null},{"edgeID":"1697480","fromID":"1290796","toID":"1290797","formEdgeID":null},{"edgeID":"1697481","fromID":"1290797","toID":"1290795","formEdgeID":null},{"edgeID":"1697482","fromID":"1290719","toID":"1290798","formEdgeID":null},{"edgeID":"1697483","fromID":"1290798","toID":"1290723","formEdgeID":null},{"edgeID":"1697484","fromID":"1290779","toID":"1290799","formEdgeID":null},{"edgeID":"1697485","fromID":"1290799","toID":"1290714","formEdgeID":null}],"locutions":[]}