{"nodes":[{"nodeID":"497309","text":"to see that figure today of over 3600 deaths was startling and shocking","type":"I","timestamp":"2020-05-14 19:11:05"},{"nodeID":"498778","text":"we knew that we had to put testing capacity in place","type":"I","timestamp":"2020-05-14 20:09:07"},{"nodeID":"498786","text":"we didn't lockdown fast enough","type":"I","timestamp":"2020-05-14 20:09:08"},{"nodeID":"498800","text":"there should have been a hard, fast lockdown","type":"I","timestamp":"2020-05-14 20:09:10"},{"nodeID":"779564","text":"it is interesting","type":"I","timestamp":"2021-11-25 19:03:32"},{"nodeID":"1288549","text":"AudienceMember 20220224QT01's question is absolutely spot on","type":"I","timestamp":"2023-11-09 12:39:29"},{"nodeID":"1288550","text":"Juergen Maier: Margaret's question is absolutely spot on","type":"L","timestamp":"2023-11-09 12:39:29"},{"nodeID":"1288551","text":"Analysing","type":"YA","timestamp":"2023-11-09 12:39:29"},{"nodeID":"1288552","text":"Nicole: Juergen Maier: Margaret's question is absolutely spot on","type":"L","timestamp":"2023-11-09 12:39:29"},{"nodeID":"1288553","text":"Asserting","type":"YA","timestamp":"2023-11-09 12:39:29"},{"nodeID":"1288554","text":"what AudienceMember 20220224QT01 said in her question is we didn't plan ahead","type":"I","timestamp":"2023-11-09 12:39:30"},{"nodeID":"1288555","text":"Juergen Maier: What you said in your question is we didn't plan ahead","type":"L","timestamp":"2023-11-09 12:39:30"},{"nodeID":"1288556","text":"Analysing","type":"YA","timestamp":"2023-11-09 12:39:30"},{"nodeID":"1288557","text":"Nicole: Juergen Maier: What you said in your question is we didn't plan ahead","type":"L","timestamp":"2023-11-09 12:39:30"},{"nodeID":"1288558","text":"Asserting","type":"YA","timestamp":"2023-11-09 12:39:30"},{"nodeID":"1288559","text":"Default Transition","type":"TA","timestamp":"2023-11-09 12:39:30"},{"nodeID":"1288560","text":"we are managing this here and now and that makes managing a crisis like this unbelievely difficult","type":"I","timestamp":"2023-11-09 12:39:30"},{"nodeID":"1288561","text":"Juergen Maier: We are managing this here and now and that makes managing a crisis like this unbelievely difficult","type":"L","timestamp":"2023-11-09 12:39:30"},{"nodeID":"1288562","text":"Analysing","type":"YA","timestamp":"2023-11-09 12:39:30"},{"nodeID":"1288563","text":"Nicole: Juergen Maier: We are managing this here and now and that makes managing a crisis like this unbelievely difficult","type":"L","timestamp":"2023-11-09 12:39:30"},{"nodeID":"1288564","text":"Asserting","type":"YA","timestamp":"2023-11-09 12:39:30"},{"nodeID":"1288565","text":"we should say a huge thank you to all of the people who are managing the crisis","type":"I","timestamp":"2023-11-09 12:39:31"},{"nodeID":"1288566","text":"Juergen Maier: we should say a huge thank you to all of the people who are doing that","type":"L","timestamp":"2023-11-09 12:39:31"},{"nodeID":"1288567","text":"Analysing","type":"YA","timestamp":"2023-11-09 12:39:31"},{"nodeID":"1288568","text":"Nicole: Juergen Maier: we should say a huge thank you to all of the people who are doing that","type":"L","timestamp":"2023-11-09 12:39:31"},{"nodeID":"1288569","text":"Asserting","type":"YA","timestamp":"2023-11-09 12:39:31"},{"nodeID":"1288570","text":"what should have happened is we should have spent much more time planning early on","type":"I","timestamp":"2023-11-09 12:39:32"},{"nodeID":"1288571","text":"Juergen Maier: what should have happened is we should have spent much more time planning early on","type":"L","timestamp":"2023-11-09 12:39:32"},{"nodeID":"1288572","text":"Analysing","type":"YA","timestamp":"2023-11-09 12:39:32"},{"nodeID":"1288573","text":"Nicole: Juergen Maier: what should have happened is we should have spent much more time planning early on","type":"L","timestamp":"2023-11-09 12:39:32"},{"nodeID":"1288574","text":"Asserting","type":"YA","timestamp":"2023-11-09 12:39:32"},{"nodeID":"1288575","text":"Default Transition","type":"TA","timestamp":"2023-11-09 12:39:32"},{"nodeID":"1288576","text":"Default Transition","type":"TA","timestamp":"2023-11-09 12:39:32"},{"nodeID":"1288577","text":"we saw the signs","type":"I","timestamp":"2023-11-09 12:39:32"},{"nodeID":"1288578","text":"Juergen Maier: We saw the signs","type":"L","timestamp":"2023-11-09 12:39:32"},{"nodeID":"1288579","text":"Analysing","type":"YA","timestamp":"2023-11-09 12:39:32"},{"nodeID":"1288580","text":"Nicole: Juergen Maier: We saw the signs","type":"L","timestamp":"2023-11-09 12:39:32"},{"nodeID":"1288581","text":"Asserting","type":"YA","timestamp":"2023-11-09 12:39:32"},{"nodeID":"1288582","text":"Default Transition","type":"TA","timestamp":"2023-11-09 12:39:32"},{"nodeID":"1288583","text":"Juergen Maier: We knew that we had to put testing capacity in place","type":"L","timestamp":"2023-11-09 12:39:32"},{"nodeID":"1288584","text":"Analysing","type":"YA","timestamp":"2023-11-09 12:39:32"},{"nodeID":"1288585","text":"Nicole: Juergen Maier: We knew that we had to put testing capacity in place","type":"L","timestamp":"2023-11-09 12:39:32"},{"nodeID":"1288586","text":"Asserting","type":"YA","timestamp":"2023-11-09 12:39:32"},{"nodeID":"1288587","text":"we didn't do put testing capacity in place early enough","type":"I","timestamp":"2023-11-09 12:39:33"},{"nodeID":"1288588","text":"Juergen Maier: we didn't do that early enough","type":"L","timestamp":"2023-11-09 12:39:33"},{"nodeID":"1288589","text":"Analysing","type":"YA","timestamp":"2023-11-09 12:39:33"},{"nodeID":"1288590","text":"Nicole: Juergen Maier: we didn't do that early enough","type":"L","timestamp":"2023-11-09 12:39:33"},{"nodeID":"1288591","text":"Asserting","type":"YA","timestamp":"2023-11-09 12:39:33"},{"nodeID":"1288592","text":"Default Transition","type":"TA","timestamp":"2023-11-09 12:39:33"},{"nodeID":"1288593","text":"Juergen Maier: we didn't lockdown fast enough","type":"L","timestamp":"2023-11-09 12:39:33"},{"nodeID":"1288594","text":"Analysing","type":"YA","timestamp":"2023-11-09 12:39:33"},{"nodeID":"1288595","text":"Nicole: Juergen Maier: we didn't lockdown fast enough","type":"L","timestamp":"2023-11-09 12:39:33"},{"nodeID":"1288596","text":"Asserting","type":"YA","timestamp":"2023-11-09 12:39:33"},{"nodeID":"1288597","text":"Default Transition","type":"TA","timestamp":"2023-11-09 12:39:33"},{"nodeID":"1288598","text":"Juergen Maier: there should have been a hard, fast lockdown","type":"L","timestamp":"2023-11-09 12:39:33"},{"nodeID":"1288599","text":"Analysing","type":"YA","timestamp":"2023-11-09 12:39:33"},{"nodeID":"1288600","text":"Nicole: Juergen Maier: there should have been a hard, fast lockdown","type":"L","timestamp":"2023-11-09 12:39:33"},{"nodeID":"1288601","text":"Asserting","type":"YA","timestamp":"2023-11-09 12:39:33"},{"nodeID":"1288602","text":"Default Transition","type":"TA","timestamp":"2023-11-09 12:39:33"},{"nodeID":"1288603","text":"Default Rephrase","type":"MA","timestamp":"2023-11-09 12:39:33"},{"nodeID":"1288604","text":"Restating","type":"YA","timestamp":"2023-11-09 12:39:33"},{"nodeID":"1288605","text":"in hindsight we know that a hard, fast lockdown would have been better","type":"I","timestamp":"2023-11-09 12:39:33"},{"nodeID":"1288606","text":"Juergen Maier: In hindsight we know that would have been better","type":"L","timestamp":"2023-11-09 12:39:33"},{"nodeID":"1288607","text":"Analysing","type":"YA","timestamp":"2023-11-09 12:39:33"},{"nodeID":"1288608","text":"Nicole: Juergen Maier: In hindsight we know that would have been better","type":"L","timestamp":"2023-11-09 12:39:33"},{"nodeID":"1288609","text":"Asserting","type":"YA","timestamp":"2023-11-09 12:39:33"},{"nodeID":"1288610","text":"Default Transition","type":"TA","timestamp":"2023-11-09 12:39:33"},{"nodeID":"1288611","text":"Default Rephrase","type":"MA","timestamp":"2023-11-09 12:39:33"},{"nodeID":"1288612","text":"Restating","type":"YA","timestamp":"2023-11-09 12:39:33"},{"nodeID":"1288613","text":"we just didn't plan well enough ahead Juergen Maier is afraid","type":"I","timestamp":"2023-11-09 12:39:34"},{"nodeID":"1288614","text":"Juergen Maier: we just didn't plan well enough ahead I am afraid","type":"L","timestamp":"2023-11-09 12:39:34"},{"nodeID":"1288615","text":"Analysing","type":"YA","timestamp":"2023-11-09 12:39:34"},{"nodeID":"1288616","text":"Nicole: Juergen Maier: we just didn't plan well enough ahead I am afraid","type":"L","timestamp":"2023-11-09 12:39:34"},{"nodeID":"1288617","text":"Asserting","type":"YA","timestamp":"2023-11-09 12:39:34"},{"nodeID":"1288618","text":"Default Inference","type":"RA","timestamp":"2023-11-09 12:39:34"},{"nodeID":"1288619","text":"Arguing","type":"YA","timestamp":"2023-11-09 12:39:34"},{"nodeID":"1288620","text":"Default Inference","type":"RA","timestamp":"2023-11-09 12:39:34"},{"nodeID":"1288621","text":"Default Transition","type":"TA","timestamp":"2023-11-09 12:39:34"},{"nodeID":"1288622","text":"Arguing","type":"YA","timestamp":"2023-11-09 12:39:34"},{"nodeID":"1288623","text":"Default Transition","type":"TA","timestamp":"2023-11-09 12:39:34"},{"nodeID":"1288624","text":"Default Rephrase","type":"MA","timestamp":"2023-11-09 12:39:34"},{"nodeID":"1288625","text":"Restating","type":"YA","timestamp":"2023-11-09 12:39:34"},{"nodeID":"1288626","text":"Default Inference","type":"RA","timestamp":"2023-11-09 12:39:34"},{"nodeID":"1288627","text":"Default Transition","type":"TA","timestamp":"2023-11-09 12:39:34"},{"nodeID":"1288628","text":"Arguing","type":"YA","timestamp":"2023-11-09 12:39:34"},{"nodeID":"1288629","text":"Fiona Bruce: It is interesting","type":"L","timestamp":"2023-11-09 12:39:34"},{"nodeID":"1288630","text":"Analysing","type":"YA","timestamp":"2023-11-09 12:39:34"},{"nodeID":"1288631","text":"Nicole: Fiona Bruce: It is interesting","type":"L","timestamp":"2023-11-09 12:39:34"},{"nodeID":"1288632","text":"Asserting","type":"YA","timestamp":"2023-11-09 12:39:34"},{"nodeID":"1288633","text":"Default Transition","type":"TA","timestamp":"2023-11-09 12:39:34"},{"nodeID":"1288634","text":"in February the UK was ranked second best to deal with the pandemic with the global pandemic security index","type":"I","timestamp":"2023-11-09 12:39:35"},{"nodeID":"1288635","text":"Fiona Bruce: In February the UK was ranked second best to deal with the pandemic with the global pandemic security index","type":"L","timestamp":"2023-11-09 12:39:35"},{"nodeID":"1288636","text":"Analysing","type":"YA","timestamp":"2023-11-09 12:39:35"},{"nodeID":"1288637","text":"Nicole: Fiona Bruce: In February the UK was ranked second best to deal with the pandemic with the global pandemic security index","type":"L","timestamp":"2023-11-09 12:39:35"},{"nodeID":"1288638","text":"Asserting","type":"YA","timestamp":"2023-11-09 12:39:35"},{"nodeID":"1288639","text":"Default Transition","type":"TA","timestamp":"2023-11-09 12:39:35"},{"nodeID":"1288640","text":"xxx is how the government let it happen when we have a death toll as we have","type":"I","timestamp":"2023-11-09 12:39:36"},{"nodeID":"1288641","text":"Fiona Bruce: How has the government let it happen when we have a death toll as we have","type":"L","timestamp":"2023-11-09 12:39:36"},{"nodeID":"1288642","text":"Analysing","type":"YA","timestamp":"2023-11-09 12:39:36"},{"nodeID":"1288643","text":"Nicole: Fiona Bruce: How has the government let it happen when we have a death toll as we have","type":"L","timestamp":"2023-11-09 12:39:36"},{"nodeID":"1288644","text":"Pure Questioning","type":"YA","timestamp":"2023-11-09 12:39:36"},{"nodeID":"1288645","text":"Default Transition","type":"TA","timestamp":"2023-11-09 12:39:36"},{"nodeID":"1288646","text":"it is clearly not a reason for celebration","type":"I","timestamp":"2023-11-09 12:39:36"},{"nodeID":"1288647","text":"Nick Thomas-Symonds: It is clearly not a reason for celebration","type":"L","timestamp":"2023-11-09 12:39:36"},{"nodeID":"1288648","text":"Analysing","type":"YA","timestamp":"2023-11-09 12:39:36"},{"nodeID":"1288649","text":"Nicole: Nick Thomas-Symonds: It is clearly not a reason for celebration","type":"L","timestamp":"2023-11-09 12:39:36"},{"nodeID":"1288650","text":"Asserting","type":"YA","timestamp":"2023-11-09 12:39:36"},{"nodeID":"1288651","text":"it is an extraordinary tragedy for our country and each family","type":"I","timestamp":"2023-11-09 12:39:37"},{"nodeID":"1288652","text":"Nick Thomas-Symonds: It is an extraordinary tragedy for our country and each family","type":"L","timestamp":"2023-11-09 12:39:37"},{"nodeID":"1288653","text":"Analysing","type":"YA","timestamp":"2023-11-09 12:39:37"},{"nodeID":"1288654","text":"Nicole: Nick Thomas-Symonds: It is an extraordinary tragedy for our country and each family","type":"L","timestamp":"2023-11-09 12:39:37"},{"nodeID":"1288655","text":"Asserting","type":"YA","timestamp":"2023-11-09 12:39:37"},{"nodeID":"1288656","text":"Nick Thomas-Symonds: To see that figure today of over 3600 deaths was startling and shocking","type":"L","timestamp":"2023-11-09 12:39:37"},{"nodeID":"1288657","text":"Analysing","type":"YA","timestamp":"2023-11-09 12:39:37"},{"nodeID":"1288658","text":"Nicole: Nick Thomas-Symonds: To see that figure today of over 3600 deaths was startling and shocking","type":"L","timestamp":"2023-11-09 12:39:37"},{"nodeID":"1288659","text":"Asserting","type":"YA","timestamp":"2023-11-09 12:39:37"},{"nodeID":"1288660","text":"Default Transition","type":"TA","timestamp":"2023-11-09 12:39:37"},{"nodeID":"1288661","text":"Default Rephrase","type":"MA","timestamp":"2023-11-09 12:39:37"},{"nodeID":"1288662","text":"Default Illocuting","type":"YA","timestamp":"2023-11-09 12:39:37"},{"nodeID":"1288663","text":"Default Transition","type":"TA","timestamp":"2023-11-09 12:39:37"},{"nodeID":"1288664","text":"Default Inference","type":"RA","timestamp":"2023-11-09 12:39:37"},{"nodeID":"1288665","text":"Default Transition","type":"TA","timestamp":"2023-11-09 12:39:37"},{"nodeID":"1288666","text":"Arguing","type":"YA","timestamp":"2023-11-09 12:39:37"}],"edges":[{"edgeID":"1694819","fromID":"1288551","toID":"1288550","formEdgeID":null},{"edgeID":"1694820","fromID":"1288552","toID":"1288551","formEdgeID":null},{"edgeID":"1694821","fromID":"1288550","toID":"1288553","formEdgeID":null},{"edgeID":"1694822","fromID":"1288553","toID":"1288549","formEdgeID":null},{"edgeID":"1694823","fromID":"1288556","toID":"1288555","formEdgeID":null},{"edgeID":"1694824","fromID":"1288557","toID":"1288556","formEdgeID":null},{"edgeID":"1694825","fromID":"1288555","toID":"1288558","formEdgeID":null},{"edgeID":"1694826","fromID":"1288558","toID":"1288554","formEdgeID":null},{"edgeID":"1694827","fromID":"1288550","toID":"1288559","formEdgeID":null},{"edgeID":"1694828","fromID":"1288559","toID":"1288555","formEdgeID":null},{"edgeID":"1694829","fromID":"1288562","toID":"1288561","formEdgeID":null},{"edgeID":"1694830","fromID":"1288563","toID":"1288562","formEdgeID":null},{"edgeID":"1694831","fromID":"1288561","toID":"1288564","formEdgeID":null},{"edgeID":"1694832","fromID":"1288564","toID":"1288560","formEdgeID":null},{"edgeID":"1694833","fromID":"1288567","toID":"1288566","formEdgeID":null},{"edgeID":"1694834","fromID":"1288568","toID":"1288567","formEdgeID":null},{"edgeID":"1694835","fromID":"1288566","toID":"1288569","formEdgeID":null},{"edgeID":"1694836","fromID":"1288569","toID":"1288565","formEdgeID":null},{"edgeID":"1694837","fromID":"1288572","toID":"1288571","formEdgeID":null},{"edgeID":"1694838","fromID":"1288573","toID":"1288572","formEdgeID":null},{"edgeID":"1694839","fromID":"1288571","toID":"1288574","formEdgeID":null},{"edgeID":"1694840","fromID":"1288574","toID":"1288570","formEdgeID":null},{"edgeID":"1694841","fromID":"1288555","toID":"1288575","formEdgeID":null},{"edgeID":"1694842","fromID":"1288575","toID":"1288561","formEdgeID":null},{"edgeID":"1694843","fromID":"1288561","toID":"1288576","formEdgeID":null},{"edgeID":"1694844","fromID":"1288576","toID":"1288566","formEdgeID":null},{"edgeID":"1694845","fromID":"1288579","toID":"1288578","formEdgeID":null},{"edgeID":"1694846","fromID":"1288580","toID":"1288579","formEdgeID":null},{"edgeID":"1694847","fromID":"1288578","toID":"1288581","formEdgeID":null},{"edgeID":"1694848","fromID":"1288581","toID":"1288577","formEdgeID":null},{"edgeID":"1694849","fromID":"1288571","toID":"1288582","formEdgeID":null},{"edgeID":"1694850","fromID":"1288582","toID":"1288578","formEdgeID":null},{"edgeID":"1694851","fromID":"1288584","toID":"1288583","formEdgeID":null},{"edgeID":"1694852","fromID":"1288585","toID":"1288584","formEdgeID":null},{"edgeID":"1694853","fromID":"1288583","toID":"1288586","formEdgeID":null},{"edgeID":"1694854","fromID":"1288586","toID":"498778","formEdgeID":null},{"edgeID":"1694855","fromID":"1288589","toID":"1288588","formEdgeID":null},{"edgeID":"1694856","fromID":"1288590","toID":"1288589","formEdgeID":null},{"edgeID":"1694857","fromID":"1288588","toID":"1288591","formEdgeID":null},{"edgeID":"1694858","fromID":"1288591","toID":"1288587","formEdgeID":null},{"edgeID":"1694859","fromID":"1288583","toID":"1288592","formEdgeID":null},{"edgeID":"1694860","fromID":"1288592","toID":"1288588","formEdgeID":null},{"edgeID":"1694861","fromID":"1288594","toID":"1288593","formEdgeID":null},{"edgeID":"1694862","fromID":"1288595","toID":"1288594","formEdgeID":null},{"edgeID":"1694863","fromID":"1288593","toID":"1288596","formEdgeID":null},{"edgeID":"1694864","fromID":"1288596","toID":"498786","formEdgeID":null},{"edgeID":"1694865","fromID":"1288588","toID":"1288597","formEdgeID":null},{"edgeID":"1694866","fromID":"1288597","toID":"1288593","formEdgeID":null},{"edgeID":"1694867","fromID":"1288599","toID":"1288598","formEdgeID":null},{"edgeID":"1694868","fromID":"1288600","toID":"1288599","formEdgeID":null},{"edgeID":"1694869","fromID":"1288598","toID":"1288601","formEdgeID":null},{"edgeID":"1694870","fromID":"1288601","toID":"498800","formEdgeID":null},{"edgeID":"1694871","fromID":"1288593","toID":"1288602","formEdgeID":null},{"edgeID":"1694872","fromID":"1288602","toID":"1288598","formEdgeID":null},{"edgeID":"1694873","fromID":"498800","toID":"1288603","formEdgeID":null},{"edgeID":"1694874","fromID":"1288603","toID":"498786","formEdgeID":null},{"edgeID":"1694875","fromID":"1288602","toID":"1288604","formEdgeID":null},{"edgeID":"1694876","fromID":"1288604","toID":"1288603","formEdgeID":null},{"edgeID":"1694877","fromID":"1288607","toID":"1288606","formEdgeID":null},{"edgeID":"1694878","fromID":"1288608","toID":"1288607","formEdgeID":null},{"edgeID":"1694879","fromID":"1288606","toID":"1288609","formEdgeID":null},{"edgeID":"1694880","fromID":"1288609","toID":"1288605","formEdgeID":null},{"edgeID":"1694881","fromID":"1288598","toID":"1288610","formEdgeID":null},{"edgeID":"1694882","fromID":"1288610","toID":"1288606","formEdgeID":null},{"edgeID":"1694883","fromID":"1288605","toID":"1288611","formEdgeID":null},{"edgeID":"1694884","fromID":"1288611","toID":"498800","formEdgeID":null},{"edgeID":"1694885","fromID":"1288610","toID":"1288612","formEdgeID":null},{"edgeID":"1694886","fromID":"1288612","toID":"1288611","formEdgeID":null},{"edgeID":"1694887","fromID":"1288615","toID":"1288614","formEdgeID":null},{"edgeID":"1694888","fromID":"1288616","toID":"1288615","formEdgeID":null},{"edgeID":"1694889","fromID":"1288614","toID":"1288617","formEdgeID":null},{"edgeID":"1694890","fromID":"1288617","toID":"1288613","formEdgeID":null},{"edgeID":"1694891","fromID":"1288554","toID":"1288618","formEdgeID":null},{"edgeID":"1694892","fromID":"1288618","toID":"1288549","formEdgeID":null},{"edgeID":"1694893","fromID":"1288559","toID":"1288619","formEdgeID":null},{"edgeID":"1694894","fromID":"1288619","toID":"1288618","formEdgeID":null},{"edgeID":"1694895","fromID":"1288577","toID":"1288620","formEdgeID":null},{"edgeID":"1694896","fromID":"1288620","toID":"1288570","formEdgeID":null},{"edgeID":"1694897","fromID":"498778","toID":"1288620","formEdgeID":null},{"edgeID":"1694898","fromID":"1288571","toID":"1288621","formEdgeID":null},{"edgeID":"1694899","fromID":"1288621","toID":"1288583","formEdgeID":null},{"edgeID":"1694900","fromID":"1288621","toID":"1288622","formEdgeID":null},{"edgeID":"1694901","fromID":"1288622","toID":"1288620","formEdgeID":null},{"edgeID":"1694902","fromID":"1288571","toID":"1288623","formEdgeID":null},{"edgeID":"1694903","fromID":"1288623","toID":"1288614","formEdgeID":null},{"edgeID":"1694904","fromID":"1288613","toID":"1288624","formEdgeID":null},{"edgeID":"1694905","fromID":"1288624","toID":"1288570","formEdgeID":null},{"edgeID":"1694906","fromID":"1288623","toID":"1288625","formEdgeID":null},{"edgeID":"1694907","fromID":"1288625","toID":"1288624","formEdgeID":null},{"edgeID":"1694908","fromID":"1288560","toID":"1288626","formEdgeID":null},{"edgeID":"1694909","fromID":"1288626","toID":"1288554","formEdgeID":null},{"edgeID":"1694910","fromID":"1288570","toID":"1288626","formEdgeID":null},{"edgeID":"1694911","fromID":"1288555","toID":"1288627","formEdgeID":null},{"edgeID":"1694912","fromID":"1288627","toID":"1288571","formEdgeID":null},{"edgeID":"1694913","fromID":"1288627","toID":"1288628","formEdgeID":null},{"edgeID":"1694914","fromID":"1288628","toID":"1288626","formEdgeID":null},{"edgeID":"1694915","fromID":"1288630","toID":"1288629","formEdgeID":null},{"edgeID":"1694916","fromID":"1288631","toID":"1288630","formEdgeID":null},{"edgeID":"1694917","fromID":"1288629","toID":"1288632","formEdgeID":null},{"edgeID":"1694918","fromID":"1288632","toID":"779564","formEdgeID":null},{"edgeID":"1694919","fromID":"1288614","toID":"1288633","formEdgeID":null},{"edgeID":"1694920","fromID":"1288633","toID":"1288629","formEdgeID":null},{"edgeID":"1694921","fromID":"1288636","toID":"1288635","formEdgeID":null},{"edgeID":"1694922","fromID":"1288637","toID":"1288636","formEdgeID":null},{"edgeID":"1694923","fromID":"1288635","toID":"1288638","formEdgeID":null},{"edgeID":"1694924","fromID":"1288638","toID":"1288634","formEdgeID":null},{"edgeID":"1694925","fromID":"1288629","toID":"1288639","formEdgeID":null},{"edgeID":"1694926","fromID":"1288639","toID":"1288635","formEdgeID":null},{"edgeID":"1694927","fromID":"1288642","toID":"1288641","formEdgeID":null},{"edgeID":"1694928","fromID":"1288643","toID":"1288642","formEdgeID":null},{"edgeID":"1694929","fromID":"1288641","toID":"1288644","formEdgeID":null},{"edgeID":"1694930","fromID":"1288644","toID":"1288640","formEdgeID":null},{"edgeID":"1694931","fromID":"1288635","toID":"1288645","formEdgeID":null},{"edgeID":"1694932","fromID":"1288645","toID":"1288641","formEdgeID":null},{"edgeID":"1694933","fromID":"1288648","toID":"1288647","formEdgeID":null},{"edgeID":"1694934","fromID":"1288649","toID":"1288648","formEdgeID":null},{"edgeID":"1694935","fromID":"1288647","toID":"1288650","formEdgeID":null},{"edgeID":"1694936","fromID":"1288650","toID":"1288646","formEdgeID":null},{"edgeID":"1694937","fromID":"1288653","toID":"1288652","formEdgeID":null},{"edgeID":"1694938","fromID":"1288654","toID":"1288653","formEdgeID":null},{"edgeID":"1694939","fromID":"1288652","toID":"1288655","formEdgeID":null},{"edgeID":"1694940","fromID":"1288655","toID":"1288651","formEdgeID":null},{"edgeID":"1694941","fromID":"1288657","toID":"1288656","formEdgeID":null},{"edgeID":"1694942","fromID":"1288658","toID":"1288657","formEdgeID":null},{"edgeID":"1694943","fromID":"1288656","toID":"1288659","formEdgeID":null},{"edgeID":"1694944","fromID":"1288659","toID":"497309","formEdgeID":null},{"edgeID":"1694945","fromID":"1288641","toID":"1288660","formEdgeID":null},{"edgeID":"1694946","fromID":"1288660","toID":"1288647","formEdgeID":null},{"edgeID":"1694947","fromID":"1288646","toID":"1288661","formEdgeID":null},{"edgeID":"1694948","fromID":"1288661","toID":"1288640","formEdgeID":null},{"edgeID":"1694949","fromID":"1288660","toID":"1288662","formEdgeID":null},{"edgeID":"1694950","fromID":"1288662","toID":"1288661","formEdgeID":null},{"edgeID":"1694951","fromID":"1288647","toID":"1288663","formEdgeID":null},{"edgeID":"1694952","fromID":"1288663","toID":"1288652","formEdgeID":null},{"edgeID":"1694953","fromID":"1288651","toID":"1288664","formEdgeID":null},{"edgeID":"1694954","fromID":"1288664","toID":"1288646","formEdgeID":null},{"edgeID":"1694955","fromID":"497309","toID":"1288664","formEdgeID":null},{"edgeID":"1694956","fromID":"1288647","toID":"1288665","formEdgeID":null},{"edgeID":"1694957","fromID":"1288665","toID":"1288656","formEdgeID":null},{"edgeID":"1694958","fromID":"1288665","toID":"1288666","formEdgeID":null},{"edgeID":"1694959","fromID":"1288666","toID":"1288664","formEdgeID":null}],"locutions":[]}