{"nodes":[{"nodeID":"1290055","text":"Analysing","type":"YA","timestamp":"2023-11-09 12:41:35"},{"nodeID":"1290056","text":"Anna : Fiona Bruce: They should self-isolate if they have symptoms","type":"L","timestamp":"2023-11-09 12:41:35"},{"nodeID":"1290057","text":"people who got an alert on their phone should self-isolate initially","type":"I","timestamp":"2023-11-09 12:41:36"},{"nodeID":"1290058","text":"George Eustice: They should self-isolate initially","type":"L","timestamp":"2023-11-09 12:41:36"},{"nodeID":"1290059","text":"Analysing","type":"YA","timestamp":"2023-11-09 12:41:36"},{"nodeID":"1290060","text":"Anna : George Eustice: They should self-isolate initially","type":"L","timestamp":"2023-11-09 12:41:36"},{"nodeID":"1290061","text":"Asserting","type":"YA","timestamp":"2023-11-09 12:41:36"},{"nodeID":"1290062","text":"people who got an alert on their phone should self-isolate if they have symptoms","type":"I","timestamp":"2023-11-09 12:41:37"},{"nodeID":"1290063","text":"Fiona Bruce: They should self-isolate if they have symptoms","type":"L","timestamp":"2023-11-09 12:41:37"},{"nodeID":"1290064","text":"Analysing","type":"YA","timestamp":"2023-11-09 12:41:37"},{"nodeID":"1290065","text":"Assertive Questioning","type":"YA","timestamp":"2023-11-09 12:41:37"},{"nodeID":"1290066","text":"people who get an alert on their phone should not self-isolate if they don't have symptoms","type":"I","timestamp":"2023-11-09 12:41:37"},{"nodeID":"1290067","text":"Fiona Bruce: but not if they don't have symptoms","type":"L","timestamp":"2023-11-09 12:41:37"},{"nodeID":"1290068","text":"Analysing","type":"YA","timestamp":"2023-11-09 12:41:37"},{"nodeID":"1290069","text":"Anna : Fiona Bruce: but not if they don't have symptoms","type":"L","timestamp":"2023-11-09 12:41:37"},{"nodeID":"1290070","text":"Assertive Questioning","type":"YA","timestamp":"2023-11-09 12:41:37"},{"nodeID":"1290071","text":"people who got an alert on their phone are or are not going to get tested","type":"I","timestamp":"2023-11-09 12:41:38"},{"nodeID":"1290072","text":"Fiona Bruce: Are they going to get tested","type":"L","timestamp":"2023-11-09 12:41:38"},{"nodeID":"1290073","text":"Analysing","type":"YA","timestamp":"2023-11-09 12:41:38"},{"nodeID":"1290074","text":"Anna : Fiona Bruce: Are they going to get tested","type":"L","timestamp":"2023-11-09 12:41:38"},{"nodeID":"1290075","text":"Pure Questioning","type":"YA","timestamp":"2023-11-09 12:41:38"},{"nodeID":"1290076","text":"questions like whether or not people are going to get tested are things we are working through","type":"I","timestamp":"2023-11-09 12:41:38"},{"nodeID":"1290077","text":"George Eustice:  These are things we are working through","type":"L","timestamp":"2023-11-09 12:41:38"},{"nodeID":"1290078","text":"Analysing","type":"YA","timestamp":"2023-11-09 12:41:38"},{"nodeID":"1290079","text":"Anna : George Eustice:  These are things we are working through","type":"L","timestamp":"2023-11-09 12:41:38"},{"nodeID":"1290080","text":"Asserting","type":"YA","timestamp":"2023-11-09 12:41:38"},{"nodeID":"1290081","text":"testing along with using the app is an option","type":"I","timestamp":"2023-11-09 12:41:39"},{"nodeID":"1290082","text":"George Eustice: Testing along with this is an option","type":"L","timestamp":"2023-11-09 12:41:39"},{"nodeID":"1290083","text":"Analysing","type":"YA","timestamp":"2023-11-09 12:41:39"},{"nodeID":"1290084","text":"Anna : George Eustice: Testing along with this is an option","type":"L","timestamp":"2023-11-09 12:41:39"},{"nodeID":"1290085","text":"Asserting","type":"YA","timestamp":"2023-11-09 12:41:39"},{"nodeID":"1290086","text":"the app could be very powerful","type":"I","timestamp":"2023-11-09 12:41:39"},{"nodeID":"1290087","text":"George Eustice:  It could be very powerful","type":"L","timestamp":"2023-11-09 12:41:39"},{"nodeID":"1290088","text":"Analysing","type":"YA","timestamp":"2023-11-09 12:41:39"},{"nodeID":"1290089","text":"Anna : George Eustice:  It could be very powerful","type":"L","timestamp":"2023-11-09 12:41:39"},{"nodeID":"1290090","text":"Asserting","type":"YA","timestamp":"2023-11-09 12:41:39"},{"nodeID":"1290091","text":"the app will show where you get flare ups in particular parts of the country because lots of people will be reporting symptoms","type":"I","timestamp":"2023-11-09 12:41:40"},{"nodeID":"1290092","text":"George Eustice: because it will show where you get flare ups in particular parts of the country because lots of people will be reporting symptoms","type":"L","timestamp":"2023-11-09 12:41:40"},{"nodeID":"1290093","text":"Analysing","type":"YA","timestamp":"2023-11-09 12:41:40"},{"nodeID":"1290094","text":"Anna : George Eustice: because it will show where you get flare ups in particular parts of the country because lots of people will be reporting symptoms","type":"L","timestamp":"2023-11-09 12:41:40"},{"nodeID":"1290095","text":"Asserting","type":"YA","timestamp":"2023-11-09 12:41:40"},{"nodeID":"1290096","text":"we will be able to track and monitor the virus and our success in keeping the infection rates down","type":"I","timestamp":"2023-11-09 12:41:41"},{"nodeID":"1290097","text":"George Eustice: We will be able to track and monitor the virus and our success in keeping the infection rates down","type":"L","timestamp":"2023-11-09 12:41:41"},{"nodeID":"1290098","text":"Analysing","type":"YA","timestamp":"2023-11-09 12:41:41"},{"nodeID":"1290099","text":"Anna : George Eustice: We will be able to track and monitor the virus and our success in keeping the infection rates down","type":"L","timestamp":"2023-11-09 12:41:41"},{"nodeID":"1290100","text":"Asserting","type":"YA","timestamp":"2023-11-09 12:41:41"},{"nodeID":"1290101","text":"if there are hot spots that flare up and action is needed we will have that knowledge","type":"I","timestamp":"2023-11-09 12:41:41"},{"nodeID":"1290102","text":"George Eustice: If there are hot spots that flare up and action is needed we will have that knowledge","type":"L","timestamp":"2023-11-09 12:41:41"},{"nodeID":"1290103","text":"Analysing","type":"YA","timestamp":"2023-11-09 12:41:41"},{"nodeID":"1290104","text":"Anna : George Eustice: If there are hot spots that flare up and action is needed we will have that knowledge","type":"L","timestamp":"2023-11-09 12:41:41"},{"nodeID":"1290105","text":"Asserting","type":"YA","timestamp":"2023-11-09 12:41:41"},{"nodeID":"1290106","text":"the crucial thing is the app is not going to be storing and recording people's locations that can be identified to an individual","type":"I","timestamp":"2023-11-09 12:41:42"},{"nodeID":"1290107","text":"George Eustice: The crucial thing is it is not going to be storing and recording people's locations that can be identified to an individual","type":"L","timestamp":"2023-11-09 12:41:42"},{"nodeID":"1290108","text":"Analysing","type":"YA","timestamp":"2023-11-09 12:41:42"},{"nodeID":"1290109","text":"Anna : George Eustice: The crucial thing is it is not going to be storing and recording people's locations that can be identified to an individual","type":"L","timestamp":"2023-11-09 12:41:42"},{"nodeID":"1290110","text":"Asserting","type":"YA","timestamp":"2023-11-09 12:41:42"},{"nodeID":"1290111","text":"the app uses a system that keeps all of that data anonymous","type":"I","timestamp":"2023-11-09 12:41:42"},{"nodeID":"1290112","text":"George Eustice: This is a system that keeps all of that data anonymous","type":"L","timestamp":"2023-11-09 12:41:42"},{"nodeID":"1290113","text":"Analysing","type":"YA","timestamp":"2023-11-09 12:41:42"},{"nodeID":"1290114","text":"Anna : George Eustice: This is a system that keeps all of that data anonymous","type":"L","timestamp":"2023-11-09 12:41:42"},{"nodeID":"1290115","text":"Asserting","type":"YA","timestamp":"2023-11-09 12:41:42"},{"nodeID":"1290116","text":"the app operates, as a system that keeps people's identity in a clear of any involvement","type":"I","timestamp":"2023-11-09 12:41:43"},{"nodeID":"1290117","text":"George Eustice: It operates, you know, as a system that keeps people's identity in a clear of any involvement","type":"L","timestamp":"2023-11-09 12:41:43"},{"nodeID":"1290118","text":"Analysing","type":"YA","timestamp":"2023-11-09 12:41:43"},{"nodeID":"1290119","text":"Anna : George Eustice: It operates, you know, as a system that keeps people's identity in a clear of any involvement","type":"L","timestamp":"2023-11-09 12:41:43"},{"nodeID":"1290120","text":"Asserting","type":"YA","timestamp":"2023-11-09 12:41:43"},{"nodeID":"1290121","text":"Default Transition","type":"TA","timestamp":"2023-11-09 12:41:43"},{"nodeID":"1290122","text":"Default Transition","type":"TA","timestamp":"2023-11-09 12:41:43"},{"nodeID":"1290123","text":"people who got an alert on their phone don't have symptoms","type":"I","timestamp":"2023-11-09 12:41:43"},{"nodeID":"1290124","text":"George Eustice: If they don't have symptoms","type":"L","timestamp":"2023-11-09 12:41:43"},{"nodeID":"1290125","text":"Analysing","type":"YA","timestamp":"2023-11-09 12:41:43"},{"nodeID":"1290126","text":"Anna : George Eustice: If they don't have symptoms","type":"L","timestamp":"2023-11-09 12:41:43"},{"nodeID":"1290127","text":"Asserting","type":"YA","timestamp":"2023-11-09 12:41:43"},{"nodeID":"1290128","text":"Default Transition","type":"TA","timestamp":"2023-11-09 12:41:43"},{"nodeID":"1290129","text":"people who got an alert on their phone wouldn't need to isolate for longer than that","type":"I","timestamp":"2023-11-09 12:41:44"},{"nodeID":"1290130","text":"George Eustice: they wouldn't need to isolate for longer than that","type":"L","timestamp":"2023-11-09 12:41:44"},{"nodeID":"1290131","text":"Analysing","type":"YA","timestamp":"2023-11-09 12:41:44"},{"nodeID":"1290132","text":"Anna : George Eustice: they wouldn't need to isolate for longer than that","type":"L","timestamp":"2023-11-09 12:41:44"},{"nodeID":"1290133","text":"Asserting","type":"YA","timestamp":"2023-11-09 12:41:44"},{"nodeID":"1290134","text":"Default Inference","type":"RA","timestamp":"2023-11-09 12:41:44"},{"nodeID":"1290135","text":"Default Transition","type":"TA","timestamp":"2023-11-09 12:41:44"},{"nodeID":"1290136","text":"Arguing","type":"YA","timestamp":"2023-11-09 12:41:44"},{"nodeID":"1290137","text":"Default Rephrase","type":"MA","timestamp":"2023-11-09 12:41:44"},{"nodeID":"1290138","text":"Default Transition","type":"TA","timestamp":"2023-11-09 12:41:44"},{"nodeID":"1290139","text":"Default Illocuting","type":"YA","timestamp":"2023-11-09 12:41:44"},{"nodeID":"1290140","text":"Default Rephrase","type":"MA","timestamp":"2023-11-09 12:41:44"},{"nodeID":"1290141","text":"Default Transition","type":"TA","timestamp":"2023-11-09 12:41:44"},{"nodeID":"1290142","text":"Default Illocuting","type":"YA","timestamp":"2023-11-09 12:41:44"},{"nodeID":"1290143","text":"this is why we are piloting it","type":"I","timestamp":"2023-11-09 12:41:45"},{"nodeID":"1290144","text":"George Eustice: This is why we are piloting it","type":"L","timestamp":"2023-11-09 12:41:45"},{"nodeID":"1290145","text":"Analysing","type":"YA","timestamp":"2023-11-09 12:41:45"},{"nodeID":"1290146","text":"Anna : George Eustice: This is why we are piloting it","type":"L","timestamp":"2023-11-09 12:41:45"},{"nodeID":"1290147","text":"Asserting","type":"YA","timestamp":"2023-11-09 12:41:45"},{"nodeID":"1290148","text":"to work out precisely how this would work","type":"I","timestamp":"2023-11-09 12:41:45"},{"nodeID":"1290149","text":"George Eustice:  to work out precisely how this would work","type":"L","timestamp":"2023-11-09 12:41:45"},{"nodeID":"1290150","text":"Analysing","type":"YA","timestamp":"2023-11-09 12:41:45"},{"nodeID":"1290151","text":"Anna : George Eustice:  to work out precisely how this would work","type":"L","timestamp":"2023-11-09 12:41:45"},{"nodeID":"1290152","text":"Asserting","type":"YA","timestamp":"2023-11-09 12:41:45"},{"nodeID":"1290153","text":"Default Inference","type":"RA","timestamp":"2023-11-09 12:41:45"},{"nodeID":"1290154","text":"Default Transition","type":"TA","timestamp":"2023-11-09 12:41:45"},{"nodeID":"1290155","text":"Default Transition","type":"TA","timestamp":"2023-11-09 12:41:45"},{"nodeID":"1290156","text":"Arguing","type":"YA","timestamp":"2023-11-09 12:41:45"},{"nodeID":"1290157","text":"Default Transition","type":"TA","timestamp":"2023-11-09 12:41:45"},{"nodeID":"1290158","text":"Default Inference","type":"RA","timestamp":"2023-11-09 12:41:45"},{"nodeID":"1290159","text":"Arguing","type":"YA","timestamp":"2023-11-09 12:41:45"},{"nodeID":"1290160","text":"Default Transition","type":"TA","timestamp":"2023-11-09 12:41:45"},{"nodeID":"1290161","text":"Default Inference","type":"RA","timestamp":"2023-11-09 12:41:45"},{"nodeID":"1290162","text":"Arguing","type":"YA","timestamp":"2023-11-09 12:41:45"},{"nodeID":"1290163","text":"Default Rephrase","type":"MA","timestamp":"2023-11-09 12:41:45"},{"nodeID":"1290164","text":"Default Illocuting","type":"YA","timestamp":"2023-11-09 12:41:45"},{"nodeID":"1290165","text":"Default Rephrase","type":"MA","timestamp":"2023-11-09 12:41:45"},{"nodeID":"1290166","text":"Default Transition","type":"TA","timestamp":"2023-11-09 12:41:45"},{"nodeID":"1290167","text":"Default Illocuting","type":"YA","timestamp":"2023-11-09 12:41:45"},{"nodeID":"1290168","text":"Default Transition","type":"TA","timestamp":"2023-11-09 12:41:45"},{"nodeID":"1290169","text":"Default Inference","type":"RA","timestamp":"2023-11-09 12:41:45"},{"nodeID":"1290170","text":"Default Transition","type":"TA","timestamp":"2023-11-09 12:41:45"},{"nodeID":"1290171","text":"Arguing","type":"YA","timestamp":"2023-11-09 12:41:45"},{"nodeID":"1290172","text":"Default Transition","type":"TA","timestamp":"2023-11-09 12:41:45"},{"nodeID":"1290173","text":"Default Rephrase","type":"MA","timestamp":"2023-11-09 12:41:45"},{"nodeID":"1290174","text":"Restating","type":"YA","timestamp":"2023-11-09 12:41:45"},{"nodeID":"1290175","text":"Default Transition","type":"TA","timestamp":"2023-11-09 12:41:45"},{"nodeID":"1290176","text":"Default Rephrase","type":"MA","timestamp":"2023-11-09 12:41:45"},{"nodeID":"1290177","text":"Default Transition","type":"TA","timestamp":"2023-11-09 12:41:45"},{"nodeID":"1290178","text":"Restating","type":"YA","timestamp":"2023-11-09 12:41:45"},{"nodeID":"1290179","text":"Default Transition","type":"TA","timestamp":"2023-11-09 12:41:45"},{"nodeID":"1290180","text":"Default Rephrase","type":"MA","timestamp":"2023-11-09 12:41:45"},{"nodeID":"1290181","text":"Restating","type":"YA","timestamp":"2023-11-09 12:41:45"}],"edges":[{"edgeID":"1696589","fromID":"1290056","toID":"1290055","formEdgeID":null},{"edgeID":"1696590","fromID":"1290059","toID":"1290058","formEdgeID":null},{"edgeID":"1696591","fromID":"1290060","toID":"1290059","formEdgeID":null},{"edgeID":"1696592","fromID":"1290058","toID":"1290061","formEdgeID":null},{"edgeID":"1696593","fromID":"1290061","toID":"1290057","formEdgeID":null},{"edgeID":"1696594","fromID":"1290064","toID":"1290063","formEdgeID":null},{"edgeID":"1696595","fromID":"1290056","toID":"1290064","formEdgeID":null},{"edgeID":"1696596","fromID":"1290063","toID":"1290065","formEdgeID":null},{"edgeID":"1696597","fromID":"1290065","toID":"1290062","formEdgeID":null},{"edgeID":"1696598","fromID":"1290068","toID":"1290067","formEdgeID":null},{"edgeID":"1696599","fromID":"1290069","toID":"1290068","formEdgeID":null},{"edgeID":"1696600","fromID":"1290067","toID":"1290070","formEdgeID":null},{"edgeID":"1696601","fromID":"1290070","toID":"1290066","formEdgeID":null},{"edgeID":"1696602","fromID":"1290073","toID":"1290072","formEdgeID":null},{"edgeID":"1696603","fromID":"1290074","toID":"1290073","formEdgeID":null},{"edgeID":"1696604","fromID":"1290072","toID":"1290075","formEdgeID":null},{"edgeID":"1696605","fromID":"1290075","toID":"1290071","formEdgeID":null},{"edgeID":"1696606","fromID":"1290078","toID":"1290077","formEdgeID":null},{"edgeID":"1696607","fromID":"1290079","toID":"1290078","formEdgeID":null},{"edgeID":"1696608","fromID":"1290077","toID":"1290080","formEdgeID":null},{"edgeID":"1696609","fromID":"1290080","toID":"1290076","formEdgeID":null},{"edgeID":"1696610","fromID":"1290083","toID":"1290082","formEdgeID":null},{"edgeID":"1696611","fromID":"1290084","toID":"1290083","formEdgeID":null},{"edgeID":"1696612","fromID":"1290082","toID":"1290085","formEdgeID":null},{"edgeID":"1696613","fromID":"1290085","toID":"1290081","formEdgeID":null},{"edgeID":"1696614","fromID":"1290088","toID":"1290087","formEdgeID":null},{"edgeID":"1696615","fromID":"1290089","toID":"1290088","formEdgeID":null},{"edgeID":"1696616","fromID":"1290087","toID":"1290090","formEdgeID":null},{"edgeID":"1696617","fromID":"1290090","toID":"1290086","formEdgeID":null},{"edgeID":"1696618","fromID":"1290093","toID":"1290092","formEdgeID":null},{"edgeID":"1696619","fromID":"1290094","toID":"1290093","formEdgeID":null},{"edgeID":"1696620","fromID":"1290092","toID":"1290095","formEdgeID":null},{"edgeID":"1696621","fromID":"1290095","toID":"1290091","formEdgeID":null},{"edgeID":"1696622","fromID":"1290098","toID":"1290097","formEdgeID":null},{"edgeID":"1696623","fromID":"1290099","toID":"1290098","formEdgeID":null},{"edgeID":"1696624","fromID":"1290097","toID":"1290100","formEdgeID":null},{"edgeID":"1696625","fromID":"1290100","toID":"1290096","formEdgeID":null},{"edgeID":"1696626","fromID":"1290103","toID":"1290102","formEdgeID":null},{"edgeID":"1696627","fromID":"1290104","toID":"1290103","formEdgeID":null},{"edgeID":"1696628","fromID":"1290102","toID":"1290105","formEdgeID":null},{"edgeID":"1696629","fromID":"1290105","toID":"1290101","formEdgeID":null},{"edgeID":"1696630","fromID":"1290108","toID":"1290107","formEdgeID":null},{"edgeID":"1696631","fromID":"1290109","toID":"1290108","formEdgeID":null},{"edgeID":"1696632","fromID":"1290107","toID":"1290110","formEdgeID":null},{"edgeID":"1696633","fromID":"1290110","toID":"1290106","formEdgeID":null},{"edgeID":"1696634","fromID":"1290113","toID":"1290112","formEdgeID":null},{"edgeID":"1696635","fromID":"1290114","toID":"1290113","formEdgeID":null},{"edgeID":"1696636","fromID":"1290112","toID":"1290115","formEdgeID":null},{"edgeID":"1696637","fromID":"1290115","toID":"1290111","formEdgeID":null},{"edgeID":"1696638","fromID":"1290118","toID":"1290117","formEdgeID":null},{"edgeID":"1696639","fromID":"1290119","toID":"1290118","formEdgeID":null},{"edgeID":"1696640","fromID":"1290117","toID":"1290120","formEdgeID":null},{"edgeID":"1696641","fromID":"1290120","toID":"1290116","formEdgeID":null},{"edgeID":"1696642","fromID":"1290063","toID":"1290121","formEdgeID":null},{"edgeID":"1696643","fromID":"1290121","toID":"1290067","formEdgeID":null},{"edgeID":"1696644","fromID":"1290067","toID":"1290122","formEdgeID":null},{"edgeID":"1696645","fromID":"1290122","toID":"1290058","formEdgeID":null},{"edgeID":"1696646","fromID":"1290125","toID":"1290124","formEdgeID":null},{"edgeID":"1696647","fromID":"1290126","toID":"1290125","formEdgeID":null},{"edgeID":"1696648","fromID":"1290124","toID":"1290127","formEdgeID":null},{"edgeID":"1696649","fromID":"1290127","toID":"1290123","formEdgeID":null},{"edgeID":"1696650","fromID":"1290058","toID":"1290128","formEdgeID":null},{"edgeID":"1696651","fromID":"1290128","toID":"1290124","formEdgeID":null},{"edgeID":"1696652","fromID":"1290131","toID":"1290130","formEdgeID":null},{"edgeID":"1696653","fromID":"1290132","toID":"1290131","formEdgeID":null},{"edgeID":"1696654","fromID":"1290130","toID":"1290133","formEdgeID":null},{"edgeID":"1696655","fromID":"1290133","toID":"1290129","formEdgeID":null},{"edgeID":"1696656","fromID":"1290123","toID":"1290134","formEdgeID":null},{"edgeID":"1696657","fromID":"1290134","toID":"1290129","formEdgeID":null},{"edgeID":"1696658","fromID":"1290124","toID":"1290135","formEdgeID":null},{"edgeID":"1696659","fromID":"1290135","toID":"1290130","formEdgeID":null},{"edgeID":"1696660","fromID":"1290135","toID":"1290136","formEdgeID":null},{"edgeID":"1696661","fromID":"1290136","toID":"1290134","formEdgeID":null},{"edgeID":"1696662","fromID":"1290076","toID":"1290137","formEdgeID":null},{"edgeID":"1696663","fromID":"1290137","toID":"1290071","formEdgeID":null},{"edgeID":"1696664","fromID":"1290072","toID":"1290138","formEdgeID":null},{"edgeID":"1696665","fromID":"1290138","toID":"1290077","formEdgeID":null},{"edgeID":"1696666","fromID":"1290138","toID":"1290139","formEdgeID":null},{"edgeID":"1696667","fromID":"1290139","toID":"1290137","formEdgeID":null},{"edgeID":"1696668","fromID":"1290081","toID":"1290140","formEdgeID":null},{"edgeID":"1696669","fromID":"1290140","toID":"1290071","formEdgeID":null},{"edgeID":"1696670","fromID":"1290072","toID":"1290141","formEdgeID":null},{"edgeID":"1696671","fromID":"1290141","toID":"1290082","formEdgeID":null},{"edgeID":"1696672","fromID":"1290141","toID":"1290142","formEdgeID":null},{"edgeID":"1696673","fromID":"1290142","toID":"1290140","formEdgeID":null},{"edgeID":"1696674","fromID":"1290145","toID":"1290144","formEdgeID":null},{"edgeID":"1696675","fromID":"1290146","toID":"1290145","formEdgeID":null},{"edgeID":"1696676","fromID":"1290144","toID":"1290147","formEdgeID":null},{"edgeID":"1696677","fromID":"1290147","toID":"1290143","formEdgeID":null},{"edgeID":"1696678","fromID":"1290150","toID":"1290149","formEdgeID":null},{"edgeID":"1696679","fromID":"1290151","toID":"1290150","formEdgeID":null},{"edgeID":"1696680","fromID":"1290149","toID":"1290152","formEdgeID":null},{"edgeID":"1696681","fromID":"1290152","toID":"1290148","formEdgeID":null},{"edgeID":"1696682","fromID":"1290148","toID":"1290153","formEdgeID":null},{"edgeID":"1696683","fromID":"1290153","toID":"1290143","formEdgeID":null},{"edgeID":"1696684","fromID":"1290082","toID":"1290154","formEdgeID":null},{"edgeID":"1696685","fromID":"1290154","toID":"1290144","formEdgeID":null},{"edgeID":"1696686","fromID":"1290144","toID":"1290155","formEdgeID":null},{"edgeID":"1696687","fromID":"1290155","toID":"1290149","formEdgeID":null},{"edgeID":"1696688","fromID":"1290155","toID":"1290156","formEdgeID":null},{"edgeID":"1696689","fromID":"1290156","toID":"1290153","formEdgeID":null},{"edgeID":"1696690","fromID":"1290087","toID":"1290157","formEdgeID":null},{"edgeID":"1696691","fromID":"1290157","toID":"1290092","formEdgeID":null},{"edgeID":"1696692","fromID":"1290091","toID":"1290158","formEdgeID":null},{"edgeID":"1696693","fromID":"1290158","toID":"1290086","formEdgeID":null},{"edgeID":"1696694","fromID":"1290157","toID":"1290159","formEdgeID":null},{"edgeID":"1696695","fromID":"1290159","toID":"1290158","formEdgeID":null},{"edgeID":"1696696","fromID":"1290092","toID":"1290160","formEdgeID":null},{"edgeID":"1696697","fromID":"1290160","toID":"1290097","formEdgeID":null},{"edgeID":"1696698","fromID":"1290091","toID":"1290161","formEdgeID":null},{"edgeID":"1696699","fromID":"1290161","toID":"1290096","formEdgeID":null},{"edgeID":"1696700","fromID":"1290160","toID":"1290162","formEdgeID":null},{"edgeID":"1696701","fromID":"1290162","toID":"1290161","formEdgeID":null},{"edgeID":"1696702","fromID":"1290057","toID":"1290163","formEdgeID":null},{"edgeID":"1696703","fromID":"1290163","toID":"1290066","formEdgeID":null},{"edgeID":"1696704","fromID":"1290122","toID":"1290164","formEdgeID":null},{"edgeID":"1696705","fromID":"1290164","toID":"1290163","formEdgeID":null},{"edgeID":"1696706","fromID":"1290129","toID":"1290165","formEdgeID":null},{"edgeID":"1696707","fromID":"1290165","toID":"1290066","formEdgeID":null},{"edgeID":"1696708","fromID":"1290067","toID":"1290166","formEdgeID":null},{"edgeID":"1696709","fromID":"1290166","toID":"1290130","formEdgeID":null},{"edgeID":"1696710","fromID":"1290166","toID":"1290167","formEdgeID":null},{"edgeID":"1696711","fromID":"1290167","toID":"1290165","formEdgeID":null},{"edgeID":"1696712","fromID":"1290130","toID":"1290168","formEdgeID":null},{"edgeID":"1696713","fromID":"1290168","toID":"1290072","formEdgeID":null},{"edgeID":"1696714","fromID":"1290086","toID":"1290169","formEdgeID":null},{"edgeID":"1696715","fromID":"1290169","toID":"1290143","formEdgeID":null},{"edgeID":"1696716","fromID":"1290144","toID":"1290170","formEdgeID":null},{"edgeID":"1696717","fromID":"1290170","toID":"1290087","formEdgeID":null},{"edgeID":"1696718","fromID":"1290170","toID":"1290171","formEdgeID":null},{"edgeID":"1696719","fromID":"1290171","toID":"1290169","formEdgeID":null},{"edgeID":"1696720","fromID":"1290097","toID":"1290172","formEdgeID":null},{"edgeID":"1696721","fromID":"1290172","toID":"1290102","formEdgeID":null},{"edgeID":"1696722","fromID":"1290101","toID":"1290173","formEdgeID":null},{"edgeID":"1696723","fromID":"1290173","toID":"1290091","formEdgeID":null},{"edgeID":"1696724","fromID":"1290172","toID":"1290174","formEdgeID":null},{"edgeID":"1696725","fromID":"1290174","toID":"1290173","formEdgeID":null},{"edgeID":"1696726","fromID":"1290102","toID":"1290175","formEdgeID":null},{"edgeID":"1696727","fromID":"1290175","toID":"1290107","formEdgeID":null},{"edgeID":"1696728","fromID":"1290111","toID":"1290176","formEdgeID":null},{"edgeID":"1696729","fromID":"1290176","toID":"1290106","formEdgeID":null},{"edgeID":"1696730","fromID":"1290107","toID":"1290177","formEdgeID":null},{"edgeID":"1696731","fromID":"1290177","toID":"1290112","formEdgeID":null},{"edgeID":"1696732","fromID":"1290177","toID":"1290178","formEdgeID":null},{"edgeID":"1696733","fromID":"1290178","toID":"1290176","formEdgeID":null},{"edgeID":"1696734","fromID":"1290112","toID":"1290179","formEdgeID":null},{"edgeID":"1696735","fromID":"1290179","toID":"1290117","formEdgeID":null},{"edgeID":"1696736","fromID":"1290116","toID":"1290180","formEdgeID":null},{"edgeID":"1696737","fromID":"1290180","toID":"1290111","formEdgeID":null},{"edgeID":"1696738","fromID":"1290179","toID":"1290181","formEdgeID":null},{"edgeID":"1696739","fromID":"1290181","toID":"1290180","formEdgeID":null}],"locutions":[]}