{"nodes":[{"nodeID":"1291076","text":"there has been no consistent message about what employers should do knowing their ethnic minority staff are so much more likely to die","type":"I","timestamp":"2023-11-09 12:43:02"},{"nodeID":"1291855","text":"there are two inquiries that have been announced","type":"I","timestamp":"2023-11-09 12:44:08"},{"nodeID":"1291856","text":"Afua Hirsch: There are two inquiries that have been announced","type":"L","timestamp":"2023-11-09 12:44:08"},{"nodeID":"1291857","text":"Analysing","type":"YA","timestamp":"2023-11-09 12:44:08"},{"nodeID":"1291858","text":"Fyfe: Afua Hirsch: There are two inquiries that have been announced","type":"L","timestamp":"2023-11-09 12:44:08"},{"nodeID":"1291859","text":"Asserting","type":"YA","timestamp":"2023-11-09 12:44:08"},{"nodeID":"1291860","text":"Afua Hirsch's issue with the inquiry is that if we start easing restrictions what measures will be taken to ensure people who returned to work are protected","type":"I","timestamp":"2023-11-09 12:44:08"},{"nodeID":"1291861","text":"Afua Hirsch: If we are to start easing restrictions what measures will be taken to ensure people who returned to work are protected","type":"L","timestamp":"2023-11-09 12:44:08"},{"nodeID":"1291862","text":"Analysing","type":"YA","timestamp":"2023-11-09 12:44:08"},{"nodeID":"1291863","text":"Fyfe: Afua Hirsch: If we are to start easing restrictions what measures will be taken to ensure people who returned to work are protected","type":"L","timestamp":"2023-11-09 12:44:08"},{"nodeID":"1291864","text":"Asserting","type":"YA","timestamp":"2023-11-09 12:44:08"},{"nodeID":"1291865","text":"Afua Hirsch has heard the NHS has told employers within the NHS to take necessary measures to protect enthnic minority staff in light of the data we have so far","type":"I","timestamp":"2023-11-09 12:44:09"},{"nodeID":"1291866","text":"Afua Hirsch:  I have heard the NHS has told employers within the NHS to take necessary measures to protect enthnic minority staff in light of the data we have so far","type":"L","timestamp":"2023-11-09 12:44:09"},{"nodeID":"1291867","text":"Analysing","type":"YA","timestamp":"2023-11-09 12:44:09"},{"nodeID":"1291868","text":"Fyfe: Afua Hirsch:  I have heard the NHS has told employers within the NHS to take necessary measures to protect enthnic minority staff in light of the data we have so far","type":"L","timestamp":"2023-11-09 12:44:09"},{"nodeID":"1291869","text":"Asserting","type":"YA","timestamp":"2023-11-09 12:44:09"},{"nodeID":"1291870","text":"Afua Hirsch: there has been no consistent message about what employers should do knowing their ethnic minority staff are so much more likely to die","type":"L","timestamp":"2023-11-09 12:44:09"},{"nodeID":"1291871","text":"Analysing","type":"YA","timestamp":"2023-11-09 12:44:09"},{"nodeID":"1291872","text":"Fyfe: Afua Hirsch: there has been no consistent message about what employers should do knowing their ethnic minority staff are so much more likely to die","type":"L","timestamp":"2023-11-09 12:44:09"},{"nodeID":"1291873","text":"Asserting","type":"YA","timestamp":"2023-11-09 12:44:09"},{"nodeID":"1291874","text":"there has been no consistent message about what employers should do to protect ethnic minority staff such as removing them from front line duties and put extra precautionary measures in place","type":"I","timestamp":"2023-11-09 12:44:10"},{"nodeID":"1291875","text":"Afua Hirsch: e.g. to remove them from front line duties and put extra precautionary measures in place","type":"L","timestamp":"2023-11-09 12:44:10"},{"nodeID":"1291876","text":"Analysing","type":"YA","timestamp":"2023-11-09 12:44:10"},{"nodeID":"1291877","text":"Fyfe: Afua Hirsch: e.g. to remove them from front line duties and put extra precautionary measures in place","type":"L","timestamp":"2023-11-09 12:44:10"},{"nodeID":"1291878","text":"Asserting","type":"YA","timestamp":"2023-11-09 12:44:10"},{"nodeID":"1291879","text":"not providing employers with a constant message on protecting ethnic minority staff is an act of neglect that will lead to more people from these communities dying","type":"I","timestamp":"2023-11-09 12:44:10"},{"nodeID":"1291880","text":"Afua Hirsch: Not doing that is an act of neglect that will lead to more people from these communities dying","type":"L","timestamp":"2023-11-09 12:44:10"},{"nodeID":"1291881","text":"Analysing","type":"YA","timestamp":"2023-11-09 12:44:10"},{"nodeID":"1291882","text":"Fyfe: Afua Hirsch: Not doing that is an act of neglect that will lead to more people from these communities dying","type":"L","timestamp":"2023-11-09 12:44:10"},{"nodeID":"1291883","text":"Asserting","type":"YA","timestamp":"2023-11-09 12:44:10"},{"nodeID":"1291884","text":"Afua Hirsch has issues with the inquiry and gaining trust among those affected so far","type":"I","timestamp":"2023-11-09 12:44:11"},{"nodeID":"1291885","text":"Afua Hirsch: I have issues with the inquiry and gaining trust among those affected so far","type":"L","timestamp":"2023-11-09 12:44:11"},{"nodeID":"1291886","text":"Analysing","type":"YA","timestamp":"2023-11-09 12:44:11"},{"nodeID":"1291887","text":"Fyfe: Afua Hirsch: I have issues with the inquiry and gaining trust among those affected so far","type":"L","timestamp":"2023-11-09 12:44:11"},{"nodeID":"1291888","text":"Asserting","type":"YA","timestamp":"2023-11-09 12:44:11"},{"nodeID":"1291889","text":"Default Transition","type":"TA","timestamp":"2023-11-09 12:44:11"},{"nodeID":"1291890","text":"Default Transition","type":"TA","timestamp":"2023-11-09 12:44:11"},{"nodeID":"1291891","text":"Default Transition","type":"TA","timestamp":"2023-11-09 12:44:11"},{"nodeID":"1291892","text":"Default Transition","type":"TA","timestamp":"2023-11-09 12:44:11"},{"nodeID":"1291893","text":"Default Transition","type":"TA","timestamp":"2023-11-09 12:44:11"},{"nodeID":"1291894","text":"Default Rephrase","type":"MA","timestamp":"2023-11-09 12:44:11"},{"nodeID":"1291895","text":"Restating","type":"YA","timestamp":"2023-11-09 12:44:11"},{"nodeID":"1291896","text":"Default Inference","type":"RA","timestamp":"2023-11-09 12:44:11"},{"nodeID":"1291897","text":"Arguing","type":"YA","timestamp":"2023-11-09 12:44:11"},{"nodeID":"1291898","text":"Default Transition","type":"TA","timestamp":"2023-11-09 12:44:11"},{"nodeID":"1291899","text":"Default Transition","type":"TA","timestamp":"2023-11-09 12:44:11"},{"nodeID":"1291900","text":"Default Rephrase","type":"MA","timestamp":"2023-11-09 12:44:11"},{"nodeID":"1291901","text":"Restating","type":"YA","timestamp":"2023-11-09 12:44:11"},{"nodeID":"1291902","text":"Default Transition","type":"TA","timestamp":"2023-11-09 12:44:11"},{"nodeID":"1291903","text":"Default Transition","type":"TA","timestamp":"2023-11-09 12:44:11"},{"nodeID":"1291904","text":"Default Rephrase","type":"MA","timestamp":"2023-11-09 12:44:11"},{"nodeID":"1291905","text":"Default Transition","type":"TA","timestamp":"2023-11-09 12:44:11"},{"nodeID":"1291906","text":"Restating","type":"YA","timestamp":"2023-11-09 12:44:11"},{"nodeID":"1291907","text":"Afua Hirsch is not confident that there's been a clear message from the government about what employers should do to keep their workers safe if we start returning to work","type":"I","timestamp":"2023-11-09 12:44:11"},{"nodeID":"1291908","text":"Afua Hirsch:  I am not confident there's been a clear message from the government about what employers should do to keep their workers safe if we start returning to work","type":"L","timestamp":"2023-11-09 12:44:11"},{"nodeID":"1291909","text":"Analysing","type":"YA","timestamp":"2023-11-09 12:44:11"},{"nodeID":"1291910","text":"Fyfe: Afua Hirsch:  I am not confident there's been a clear message from the government about what employers should do to keep their workers safe if we start returning to work","type":"L","timestamp":"2023-11-09 12:44:11"},{"nodeID":"1291911","text":"Asserting","type":"YA","timestamp":"2023-11-09 12:44:11"},{"nodeID":"1291912","text":"there are non-binding guidelines and ideas going around but there is nothing to say that this categorically must happen to protect workers","type":"I","timestamp":"2023-11-09 12:44:12"},{"nodeID":"1291913","text":"Afua Hirsch: There are non-binding guidelines and ideas going around but there is nothing to say that this categorically must happen to protect workers","type":"L","timestamp":"2023-11-09 12:44:12"},{"nodeID":"1291914","text":"Analysing","type":"YA","timestamp":"2023-11-09 12:44:12"},{"nodeID":"1291915","text":"Fyfe: Afua Hirsch: There are non-binding guidelines and ideas going around but there is nothing to say that this categorically must happen to protect workers","type":"L","timestamp":"2023-11-09 12:44:12"},{"nodeID":"1291916","text":"Asserting","type":"YA","timestamp":"2023-11-09 12:44:12"},{"nodeID":"1291917","text":"Default Transition","type":"TA","timestamp":"2023-11-09 12:44:12"},{"nodeID":"1291918","text":"Default Transition","type":"TA","timestamp":"2023-11-09 12:44:12"},{"nodeID":"1291919","text":"Default Transition","type":"TA","timestamp":"2023-11-09 12:44:12"}],"edges":[{"edgeID":"1698729","fromID":"1291857","toID":"1291856","formEdgeID":null},{"edgeID":"1698730","fromID":"1291858","toID":"1291857","formEdgeID":null},{"edgeID":"1698731","fromID":"1291856","toID":"1291859","formEdgeID":null},{"edgeID":"1698732","fromID":"1291859","toID":"1291855","formEdgeID":null},{"edgeID":"1698733","fromID":"1291862","toID":"1291861","formEdgeID":null},{"edgeID":"1698734","fromID":"1291863","toID":"1291862","formEdgeID":null},{"edgeID":"1698735","fromID":"1291861","toID":"1291864","formEdgeID":null},{"edgeID":"1698736","fromID":"1291864","toID":"1291860","formEdgeID":null},{"edgeID":"1698737","fromID":"1291867","toID":"1291866","formEdgeID":null},{"edgeID":"1698738","fromID":"1291868","toID":"1291867","formEdgeID":null},{"edgeID":"1698739","fromID":"1291866","toID":"1291869","formEdgeID":null},{"edgeID":"1698740","fromID":"1291869","toID":"1291865","formEdgeID":null},{"edgeID":"1698741","fromID":"1291871","toID":"1291870","formEdgeID":null},{"edgeID":"1698742","fromID":"1291872","toID":"1291871","formEdgeID":null},{"edgeID":"1698743","fromID":"1291870","toID":"1291873","formEdgeID":null},{"edgeID":"1698744","fromID":"1291873","toID":"1291076","formEdgeID":null},{"edgeID":"1698745","fromID":"1291876","toID":"1291875","formEdgeID":null},{"edgeID":"1698746","fromID":"1291877","toID":"1291876","formEdgeID":null},{"edgeID":"1698747","fromID":"1291875","toID":"1291878","formEdgeID":null},{"edgeID":"1698748","fromID":"1291878","toID":"1291874","formEdgeID":null},{"edgeID":"1698749","fromID":"1291881","toID":"1291880","formEdgeID":null},{"edgeID":"1698750","fromID":"1291882","toID":"1291881","formEdgeID":null},{"edgeID":"1698751","fromID":"1291880","toID":"1291883","formEdgeID":null},{"edgeID":"1698752","fromID":"1291883","toID":"1291879","formEdgeID":null},{"edgeID":"1698753","fromID":"1291886","toID":"1291885","formEdgeID":null},{"edgeID":"1698754","fromID":"1291887","toID":"1291886","formEdgeID":null},{"edgeID":"1698755","fromID":"1291885","toID":"1291888","formEdgeID":null},{"edgeID":"1698756","fromID":"1291888","toID":"1291884","formEdgeID":null},{"edgeID":"1698757","fromID":"1291885","toID":"1291889","formEdgeID":null},{"edgeID":"1698758","fromID":"1291889","toID":"1291861","formEdgeID":null},{"edgeID":"1698759","fromID":"1291885","toID":"1291890","formEdgeID":null},{"edgeID":"1698760","fromID":"1291890","toID":"1291861","formEdgeID":null},{"edgeID":"1698761","fromID":"1291861","toID":"1291891","formEdgeID":null},{"edgeID":"1698762","fromID":"1291891","toID":"1291866","formEdgeID":null},{"edgeID":"1698763","fromID":"1291866","toID":"1291892","formEdgeID":null},{"edgeID":"1698764","fromID":"1291892","toID":"1291870","formEdgeID":null},{"edgeID":"1698765","fromID":"1291866","toID":"1291893","formEdgeID":null},{"edgeID":"1698766","fromID":"1291893","toID":"1291870","formEdgeID":null},{"edgeID":"1698767","fromID":"1291860","toID":"1291894","formEdgeID":null},{"edgeID":"1698768","fromID":"1291894","toID":"1291884","formEdgeID":null},{"edgeID":"1698769","fromID":"1291890","toID":"1291895","formEdgeID":null},{"edgeID":"1698770","fromID":"1291895","toID":"1291894","formEdgeID":null},{"edgeID":"1698771","fromID":"1291865","toID":"1291896","formEdgeID":null},{"edgeID":"1698772","fromID":"1291896","toID":"1291076","formEdgeID":null},{"edgeID":"1698773","fromID":"1291893","toID":"1291897","formEdgeID":null},{"edgeID":"1698774","fromID":"1291897","toID":"1291896","formEdgeID":null},{"edgeID":"1698775","fromID":"1291870","toID":"1291898","formEdgeID":null},{"edgeID":"1698776","fromID":"1291898","toID":"1291875","formEdgeID":null},{"edgeID":"1698777","fromID":"1291870","toID":"1291899","formEdgeID":null},{"edgeID":"1698778","fromID":"1291899","toID":"1291875","formEdgeID":null},{"edgeID":"1698779","fromID":"1291874","toID":"1291900","formEdgeID":null},{"edgeID":"1698780","fromID":"1291900","toID":"1291076","formEdgeID":null},{"edgeID":"1698781","fromID":"1291899","toID":"1291901","formEdgeID":null},{"edgeID":"1698782","fromID":"1291901","toID":"1291900","formEdgeID":null},{"edgeID":"1698783","fromID":"1291875","toID":"1291902","formEdgeID":null},{"edgeID":"1698784","fromID":"1291902","toID":"1291880","formEdgeID":null},{"edgeID":"1698785","fromID":"1291875","toID":"1291903","formEdgeID":null},{"edgeID":"1698786","fromID":"1291903","toID":"1291880","formEdgeID":null},{"edgeID":"1698787","fromID":"1291879","toID":"1291904","formEdgeID":null},{"edgeID":"1698788","fromID":"1291904","toID":"1291076","formEdgeID":null},{"edgeID":"1698789","fromID":"1291870","toID":"1291905","formEdgeID":null},{"edgeID":"1698790","fromID":"1291905","toID":"1291880","formEdgeID":null},{"edgeID":"1698791","fromID":"1291905","toID":"1291906","formEdgeID":null},{"edgeID":"1698792","fromID":"1291906","toID":"1291904","formEdgeID":null},{"edgeID":"1698793","fromID":"1291909","toID":"1291908","formEdgeID":null},{"edgeID":"1698794","fromID":"1291910","toID":"1291909","formEdgeID":null},{"edgeID":"1698795","fromID":"1291908","toID":"1291911","formEdgeID":null},{"edgeID":"1698796","fromID":"1291911","toID":"1291907","formEdgeID":null},{"edgeID":"1698797","fromID":"1291914","toID":"1291913","formEdgeID":null},{"edgeID":"1698798","fromID":"1291915","toID":"1291914","formEdgeID":null},{"edgeID":"1698799","fromID":"1291913","toID":"1291916","formEdgeID":null},{"edgeID":"1698800","fromID":"1291916","toID":"1291912","formEdgeID":null},{"edgeID":"1698801","fromID":"1291880","toID":"1291917","formEdgeID":null},{"edgeID":"1698802","fromID":"1291917","toID":"1291908","formEdgeID":null},{"edgeID":"1698803","fromID":"1291908","toID":"1291918","formEdgeID":null},{"edgeID":"1698804","fromID":"1291918","toID":"1291913","formEdgeID":null},{"edgeID":"1698805","fromID":"1291856","toID":"1291919","formEdgeID":null},{"edgeID":"1698806","fromID":"1291919","toID":"1291885","formEdgeID":null}],"locutions":[]}