{"nodes":[{"nodeID":"1292250","text":"AudienceMember 20220224QT10 is returning to work less than two weeks away","type":"I","timestamp":"2023-11-09 12:44:42"},{"nodeID":"1292251","text":"AudienceMember 20220224QT10: I am returning to work less than two weeks away","type":"L","timestamp":"2023-11-09 12:44:42"},{"nodeID":"1292252","text":"Analysing","type":"YA","timestamp":"2023-11-09 12:44:42"},{"nodeID":"1292253","text":"Steffi: AudienceMember 20220224QT10: I am returning to work less than two weeks away","type":"L","timestamp":"2023-11-09 12:44:42"},{"nodeID":"1292254","text":"Asserting","type":"YA","timestamp":"2023-11-09 12:44:42"},{"nodeID":"1292255","text":"the precautions that the government is proposing are xxx","type":"I","timestamp":"2023-11-09 12:44:42"},{"nodeID":"1292256","text":"AudienceMember 20220224QT10: what are the precautions that the government is proposing","type":"L","timestamp":"2023-11-09 12:44:42"},{"nodeID":"1292257","text":"Analysing","type":"YA","timestamp":"2023-11-09 12:44:42"},{"nodeID":"1292258","text":"Steffi: AudienceMember 20220224QT10: what are the precautions that the government is proposing","type":"L","timestamp":"2023-11-09 12:44:42"},{"nodeID":"1292259","text":"Pure Questioning","type":"YA","timestamp":"2023-11-09 12:44:42"},{"nodeID":"1292260","text":"Default Transition","type":"TA","timestamp":"2023-11-09 12:44:42"},{"nodeID":"1292261","text":"AudienceMember 20220224QT10 is apprehensive about returning to work where hot desking is prevalent and colleagues are less than two metres away","type":"I","timestamp":"2023-11-09 12:44:43"},{"nodeID":"1292262","text":"Fiona Bruce: I am apprehensive about returning to work where hot desking is prevalent and colleagues are less than two metres away","type":"L","timestamp":"2023-11-09 12:44:43"},{"nodeID":"1292263","text":"Analysing","type":"YA","timestamp":"2023-11-09 12:44:43"},{"nodeID":"1292264","text":"Steffi: Fiona Bruce: I am apprehensive about returning to work where hot desking is prevalent and colleagues are less than two metres away","type":"L","timestamp":"2023-11-09 12:44:43"},{"nodeID":"1292265","text":"the precautions the government is proposing to ensure safety at work are xxx","type":"I","timestamp":"2023-11-09 12:44:44"},{"nodeID":"1292266","text":"Fiona Bruce: Can you outline what precautions the government is proposing to ensure safety at work","type":"L","timestamp":"2023-11-09 12:44:44"},{"nodeID":"1292267","text":"Analysing","type":"YA","timestamp":"2023-11-09 12:44:44"},{"nodeID":"1292268","text":"Steffi: Fiona Bruce: Can you outline what precautions the government is proposing to ensure safety at work","type":"L","timestamp":"2023-11-09 12:44:44"},{"nodeID":"1292269","text":"AudienceMember 20220224QT10: AudienceMember 20220224QT10 is apprehensive about returning to work where hot desking is prevalent and colleagues are less than two metres away","type":"L","timestamp":"2023-11-09 12:44:44"},{"nodeID":"1292270","text":"Analysing","type":"YA","timestamp":"2023-11-09 12:44:44"},{"nodeID":"1292271","text":"Steffi: AudienceMember 20220224QT10: Fiona Bruce is apprehensive about returning to work where hot desking is prevalent and colleagues are less than two metres away","type":"L","timestamp":"2023-11-09 12:44:44"},{"nodeID":"1292272","text":"Asserting","type":"YA","timestamp":"2023-11-09 12:44:44"},{"nodeID":"1292273","text":"Asserting","type":"YA","timestamp":"2023-11-09 12:44:44"},{"nodeID":"1292274","text":"AudienceMember 20220224QT10: the precautions the government is proposing to ensure safety at work are xxx","type":"L","timestamp":"2023-11-09 12:44:44"},{"nodeID":"1292275","text":"Analysing","type":"YA","timestamp":"2023-11-09 12:44:44"},{"nodeID":"1292276","text":"Steffi: AudienceMember 20220224QT10: the precautions the government is proposing to ensure safety at work are xxx","type":"L","timestamp":"2023-11-09 12:44:44"},{"nodeID":"1292277","text":"Pure Questioning","type":"YA","timestamp":"2023-11-09 12:44:44"},{"nodeID":"1292278","text":"Asserting","type":"YA","timestamp":"2023-11-09 12:44:44"},{"nodeID":"1292279","text":"Juergen Maier is not running Siemens any more","type":"I","timestamp":"2023-11-09 12:44:44"},{"nodeID":"1292280","text":"Fiona Bruce: Juergen, you are not running Siemens any more","type":"L","timestamp":"2023-11-09 12:44:44"},{"nodeID":"1292281","text":"Analysing","type":"YA","timestamp":"2023-11-09 12:44:44"},{"nodeID":"1292282","text":"Steffi: Fiona Bruce: Juergen, you are not running Siemens any more","type":"L","timestamp":"2023-11-09 12:44:44"},{"nodeID":"1292283","text":"Asserting","type":"YA","timestamp":"2023-11-09 12:44:44"},{"nodeID":"1292284","text":"Default Transition","type":"TA","timestamp":"2023-11-09 12:44:44"},{"nodeID":"1292285","text":"Juergen Maier is certainly involved in lots of other companies","type":"I","timestamp":"2023-11-09 12:44:45"},{"nodeID":"1292286","text":"Fiona Bruce: You are certainly involved in lots of other companies","type":"L","timestamp":"2023-11-09 12:44:45"},{"nodeID":"1292287","text":"Analysing","type":"YA","timestamp":"2023-11-09 12:44:45"},{"nodeID":"1292288","text":"Steffi: Fiona Bruce: You are certainly involved in lots of other companies","type":"L","timestamp":"2023-11-09 12:44:45"},{"nodeID":"1292289","text":"Asserting","type":"YA","timestamp":"2023-11-09 12:44:45"},{"nodeID":"1292290","text":"Default Transition","type":"TA","timestamp":"2023-11-09 12:44:45"},{"nodeID":"1292291","text":"Juergen Maier's thoughts about how safety at work should go ahead for people like AudienceMember 20220224QT10 are xxx","type":"I","timestamp":"2023-11-09 12:44:45"},{"nodeID":"1292292","text":"Fiona Bruce: What's your thoughts about how this should go ahead for people like Charles","type":"L","timestamp":"2023-11-09 12:44:45"},{"nodeID":"1292293","text":"Analysing","type":"YA","timestamp":"2023-11-09 12:44:45"},{"nodeID":"1292294","text":"Steffi: Fiona Bruce: What's your thoughts about how this should go ahead for people like Charles","type":"L","timestamp":"2023-11-09 12:44:45"},{"nodeID":"1292295","text":"Pure Questioning","type":"YA","timestamp":"2023-11-09 12:44:45"},{"nodeID":"1292296","text":"Default Transition","type":"TA","timestamp":"2023-11-09 12:44:45"},{"nodeID":"1292297","text":"AudienceMember 20220224QT10 will not be the only one who is anxious about how they can feel safe at work","type":"I","timestamp":"2023-11-09 12:44:46"},{"nodeID":"1292298","text":"Fiona Bruce: He will not be the only one who is anxious about how they can feel safe at work","type":"L","timestamp":"2023-11-09 12:44:46"},{"nodeID":"1292299","text":"Analysing","type":"YA","timestamp":"2023-11-09 12:44:46"},{"nodeID":"1292300","text":"Steffi: Fiona Bruce: He will not be the only one who is anxious about how they can feel safe at work","type":"L","timestamp":"2023-11-09 12:44:46"},{"nodeID":"1292301","text":"Asserting","type":"YA","timestamp":"2023-11-09 12:44:46"},{"nodeID":"1292302","text":"Default Transition","type":"TA","timestamp":"2023-11-09 12:44:46"},{"nodeID":"1292303","text":"Juergen Maier: Absolutely","type":"L","timestamp":"2023-11-09 12:44:46"},{"nodeID":"1292304","text":"Analysing","type":"YA","timestamp":"2023-11-09 12:44:46"},{"nodeID":"1292305","text":"Steffi: Juergen Maier: Absolutely","type":"L","timestamp":"2023-11-09 12:44:46"},{"nodeID":"1292306","text":"Default Transition","type":"TA","timestamp":"2023-11-09 12:44:46"},{"nodeID":"1292307","text":"there are millions of people feeling exactly the same way about safety at work","type":"I","timestamp":"2023-11-09 12:44:46"},{"nodeID":"1292308","text":"Juergen Maier: There are millions of people feeling exactly the same way","type":"L","timestamp":"2023-11-09 12:44:46"},{"nodeID":"1292309","text":"Analysing","type":"YA","timestamp":"2023-11-09 12:44:46"},{"nodeID":"1292310","text":"Steffi: Juergen Maier: There are millions of people feeling exactly the same way","type":"L","timestamp":"2023-11-09 12:44:46"},{"nodeID":"1292311","text":"Asserting","type":"YA","timestamp":"2023-11-09 12:44:46"},{"nodeID":"1292312","text":"Default Transition","type":"TA","timestamp":"2023-11-09 12:44:46"},{"nodeID":"1292313","text":"Default Rephrase","type":"MA","timestamp":"2023-11-09 12:44:46"},{"nodeID":"1292314","text":"Restating","type":"YA","timestamp":"2023-11-09 12:44:46"},{"nodeID":"1292315","text":"what certainly we need in the statement on Sunday and the plans that we get thereafter is really, really good guidance on how safety in the workplace is going to be ensured","type":"I","timestamp":"2023-11-09 12:44:47"},{"nodeID":"1292316","text":"Juergen Maier: what certainly we need in the statement on Sunday and the plans that we get thereafter is really, really good guidance on how safety in the workplace is going to be ensured","type":"L","timestamp":"2023-11-09 12:44:47"},{"nodeID":"1292317","text":"Analysing","type":"YA","timestamp":"2023-11-09 12:44:47"},{"nodeID":"1292318","text":"Steffi: Juergen Maier: what certainly we need in the statement on Sunday and the plans that we get thereafter is really, really good guidance on how safety in the workplace is going to be ensured","type":"L","timestamp":"2023-11-09 12:44:47"},{"nodeID":"1292319","text":"Asserting","type":"YA","timestamp":"2023-11-09 12:44:47"},{"nodeID":"1292320","text":"Default Transition","type":"TA","timestamp":"2023-11-09 12:44:47"},{"nodeID":"1292321","text":"Default Inference","type":"RA","timestamp":"2023-11-09 12:44:47"},{"nodeID":"1292322","text":"Arguing","type":"YA","timestamp":"2023-11-09 12:44:47"},{"nodeID":"1292323","text":"there are obvious things that can be done about safety at work","type":"I","timestamp":"2023-11-09 12:44:48"},{"nodeID":"1292324","text":"Juergen Maier: there are obvious things that can be done","type":"L","timestamp":"2023-11-09 12:44:48"},{"nodeID":"1292325","text":"Analysing","type":"YA","timestamp":"2023-11-09 12:44:48"},{"nodeID":"1292326","text":"Steffi: Juergen Maier: there are obvious things that can be done","type":"L","timestamp":"2023-11-09 12:44:48"},{"nodeID":"1292327","text":"Asserting","type":"YA","timestamp":"2023-11-09 12:44:48"},{"nodeID":"1292328","text":"Default Transition","type":"TA","timestamp":"2023-11-09 12:44:48"},{"nodeID":"1292329","text":"indeed a lot of the economy is working today","type":"I","timestamp":"2023-11-09 12:44:48"},{"nodeID":"1292330","text":"Juergen Maier: indeed a lot of the economy is working today","type":"L","timestamp":"2023-11-09 12:44:48"},{"nodeID":"1292331","text":"Analysing","type":"YA","timestamp":"2023-11-09 12:44:48"},{"nodeID":"1292332","text":"Steffi: Juergen Maier: indeed a lot of the economy is working today","type":"L","timestamp":"2023-11-09 12:44:48"},{"nodeID":"1292333","text":"Asserting","type":"YA","timestamp":"2023-11-09 12:44:48"},{"nodeID":"1292334","text":"Default Transition","type":"TA","timestamp":"2023-11-09 12:44:48"},{"nodeID":"1292335","text":"the retail sector is working and some other sectors are working","type":"I","timestamp":"2023-11-09 12:44:49"},{"nodeID":"1292336","text":"Juergen Maier: The retail sector is working and some other sectors are working","type":"L","timestamp":"2023-11-09 12:44:49"},{"nodeID":"1292337","text":"Analysing","type":"YA","timestamp":"2023-11-09 12:44:49"},{"nodeID":"1292338","text":"Steffi: Juergen Maier: The retail sector is working and some other sectors are working","type":"L","timestamp":"2023-11-09 12:44:49"},{"nodeID":"1292339","text":"Asserting","type":"YA","timestamp":"2023-11-09 12:44:49"},{"nodeID":"1292340","text":"Default Rephrase","type":"MA","timestamp":"2023-11-09 12:44:49"},{"nodeID":"1292341","text":"Default Transition","type":"TA","timestamp":"2023-11-09 12:44:49"},{"nodeID":"1292342","text":"Restating","type":"YA","timestamp":"2023-11-09 12:44:49"},{"nodeID":"1292343","text":"we learn from those sectors which are working","type":"I","timestamp":"2023-11-09 12:44:49"},{"nodeID":"1292344","text":"Juergen Maier: we learn from those","type":"L","timestamp":"2023-11-09 12:44:49"},{"nodeID":"1292345","text":"Analysing","type":"YA","timestamp":"2023-11-09 12:44:49"},{"nodeID":"1292346","text":"Steffi: Juergen Maier: we learn from those","type":"L","timestamp":"2023-11-09 12:44:49"},{"nodeID":"1292347","text":"Asserting","type":"YA","timestamp":"2023-11-09 12:44:49"},{"nodeID":"1292348","text":"Default Transition","type":"TA","timestamp":"2023-11-09 12:44:49"},{"nodeID":"1292349","text":"Default Inference","type":"RA","timestamp":"2023-11-09 12:44:49"},{"nodeID":"1292350","text":"Arguing","type":"YA","timestamp":"2023-11-09 12:44:49"},{"nodeID":"1292351","text":"we make sure that we are putting the absolute right measures in place","type":"I","timestamp":"2023-11-09 12:44:50"},{"nodeID":"1292352","text":"Juergen Maier: we make sure that we are putting the absolute right measures in place","type":"L","timestamp":"2023-11-09 12:44:50"},{"nodeID":"1292353","text":"Analysing","type":"YA","timestamp":"2023-11-09 12:44:50"},{"nodeID":"1292354","text":"Steffi: Juergen Maier: we make sure that we are putting the absolute right measures in place","type":"L","timestamp":"2023-11-09 12:44:50"},{"nodeID":"1292355","text":"Asserting","type":"YA","timestamp":"2023-11-09 12:44:50"},{"nodeID":"1292356","text":"Default Transition","type":"TA","timestamp":"2023-11-09 12:44:50"},{"nodeID":"1292357","text":"Default Inference","type":"RA","timestamp":"2023-11-09 12:44:50"},{"nodeID":"1292358","text":"Arguing","type":"YA","timestamp":"2023-11-09 12:44:50"},{"nodeID":"1292359","text":"Default Rephrase","type":"MA","timestamp":"2023-11-09 12:44:50"},{"nodeID":"1292360","text":"Default Rephrase","type":"MA","timestamp":"2023-11-09 12:44:50"},{"nodeID":"1292361","text":"Default Transition","type":"TA","timestamp":"2023-11-09 12:44:50"},{"nodeID":"1292362","text":"Restating","type":"YA","timestamp":"2023-11-09 12:44:50"},{"nodeID":"1292363","text":"Default Transition","type":"TA","timestamp":"2023-11-09 12:44:50"},{"nodeID":"1292364","text":"Restating","type":"YA","timestamp":"2023-11-09 12:44:50"},{"nodeID":"1292365","text":"Default Inference","type":"RA","timestamp":"2023-11-09 12:44:50"},{"nodeID":"1292366","text":"Arguing","type":"YA","timestamp":"2023-11-09 12:44:50"},{"nodeID":"1292367","text":"Default Inference","type":"RA","timestamp":"2023-11-09 12:44:50"},{"nodeID":"1292368","text":"Default Transition","type":"TA","timestamp":"2023-11-09 12:44:50"},{"nodeID":"1292369","text":"Arguing","type":"YA","timestamp":"2023-11-09 12:44:50"},{"nodeID":"1292370","text":"Agreeing","type":"YA","timestamp":"2023-11-09 12:44:50"}],"edges":[{"edgeID":"1699202","fromID":"1292252","toID":"1292251","formEdgeID":null},{"edgeID":"1699203","fromID":"1292253","toID":"1292252","formEdgeID":null},{"edgeID":"1699204","fromID":"1292251","toID":"1292254","formEdgeID":null},{"edgeID":"1699205","fromID":"1292254","toID":"1292250","formEdgeID":null},{"edgeID":"1699206","fromID":"1292257","toID":"1292256","formEdgeID":null},{"edgeID":"1699207","fromID":"1292258","toID":"1292257","formEdgeID":null},{"edgeID":"1699208","fromID":"1292256","toID":"1292259","formEdgeID":null},{"edgeID":"1699209","fromID":"1292259","toID":"1292255","formEdgeID":null},{"edgeID":"1699210","fromID":"1292251","toID":"1292260","formEdgeID":null},{"edgeID":"1699211","fromID":"1292260","toID":"1292256","formEdgeID":null},{"edgeID":"1699212","fromID":"1292263","toID":"1292262","formEdgeID":null},{"edgeID":"1699213","fromID":"1292264","toID":"1292263","formEdgeID":null},{"edgeID":"1699214","fromID":"1292267","toID":"1292266","formEdgeID":null},{"edgeID":"1699215","fromID":"1292268","toID":"1292267","formEdgeID":null},{"edgeID":"1699216","fromID":"1292270","toID":"1292269","formEdgeID":null},{"edgeID":"1699217","fromID":"1292271","toID":"1292270","formEdgeID":null},{"edgeID":"1699218","fromID":"1292269","toID":"1292272","formEdgeID":null},{"edgeID":"1699219","fromID":"1292272","toID":"1292261","formEdgeID":null},{"edgeID":"1699220","fromID":"1292262","toID":"1292273","formEdgeID":null},{"edgeID":"1699221","fromID":"1292273","toID":"1292269","formEdgeID":null},{"edgeID":"1699222","fromID":"1292275","toID":"1292274","formEdgeID":null},{"edgeID":"1699223","fromID":"1292276","toID":"1292275","formEdgeID":null},{"edgeID":"1699224","fromID":"1292274","toID":"1292277","formEdgeID":null},{"edgeID":"1699225","fromID":"1292277","toID":"1292265","formEdgeID":null},{"edgeID":"1699226","fromID":"1292266","toID":"1292278","formEdgeID":null},{"edgeID":"1699227","fromID":"1292278","toID":"1292274","formEdgeID":null},{"edgeID":"1699228","fromID":"1292281","toID":"1292280","formEdgeID":null},{"edgeID":"1699229","fromID":"1292282","toID":"1292281","formEdgeID":null},{"edgeID":"1699230","fromID":"1292280","toID":"1292283","formEdgeID":null},{"edgeID":"1699231","fromID":"1292283","toID":"1292279","formEdgeID":null},{"edgeID":"1699232","fromID":"1292266","toID":"1292284","formEdgeID":null},{"edgeID":"1699233","fromID":"1292284","toID":"1292280","formEdgeID":null},{"edgeID":"1699234","fromID":"1292287","toID":"1292286","formEdgeID":null},{"edgeID":"1699235","fromID":"1292288","toID":"1292287","formEdgeID":null},{"edgeID":"1699236","fromID":"1292286","toID":"1292289","formEdgeID":null},{"edgeID":"1699237","fromID":"1292289","toID":"1292285","formEdgeID":null},{"edgeID":"1699238","fromID":"1292280","toID":"1292290","formEdgeID":null},{"edgeID":"1699239","fromID":"1292290","toID":"1292286","formEdgeID":null},{"edgeID":"1699240","fromID":"1292293","toID":"1292292","formEdgeID":null},{"edgeID":"1699241","fromID":"1292294","toID":"1292293","formEdgeID":null},{"edgeID":"1699242","fromID":"1292292","toID":"1292295","formEdgeID":null},{"edgeID":"1699243","fromID":"1292295","toID":"1292291","formEdgeID":null},{"edgeID":"1699244","fromID":"1292286","toID":"1292296","formEdgeID":null},{"edgeID":"1699245","fromID":"1292296","toID":"1292292","formEdgeID":null},{"edgeID":"1699246","fromID":"1292299","toID":"1292298","formEdgeID":null},{"edgeID":"1699247","fromID":"1292300","toID":"1292299","formEdgeID":null},{"edgeID":"1699248","fromID":"1292298","toID":"1292301","formEdgeID":null},{"edgeID":"1699249","fromID":"1292301","toID":"1292297","formEdgeID":null},{"edgeID":"1699250","fromID":"1292292","toID":"1292302","formEdgeID":null},{"edgeID":"1699251","fromID":"1292302","toID":"1292298","formEdgeID":null},{"edgeID":"1699252","fromID":"1292304","toID":"1292303","formEdgeID":null},{"edgeID":"1699253","fromID":"1292305","toID":"1292304","formEdgeID":null},{"edgeID":"1699254","fromID":"1292298","toID":"1292306","formEdgeID":null},{"edgeID":"1699255","fromID":"1292306","toID":"1292303","formEdgeID":null},{"edgeID":"1699256","fromID":"1292309","toID":"1292308","formEdgeID":null},{"edgeID":"1699257","fromID":"1292310","toID":"1292309","formEdgeID":null},{"edgeID":"1699258","fromID":"1292308","toID":"1292311","formEdgeID":null},{"edgeID":"1699259","fromID":"1292311","toID":"1292307","formEdgeID":null},{"edgeID":"1699260","fromID":"1292303","toID":"1292312","formEdgeID":null},{"edgeID":"1699261","fromID":"1292312","toID":"1292308","formEdgeID":null},{"edgeID":"1699262","fromID":"1292307","toID":"1292313","formEdgeID":null},{"edgeID":"1699263","fromID":"1292313","toID":"1292297","formEdgeID":null},{"edgeID":"1699264","fromID":"1292312","toID":"1292314","formEdgeID":null},{"edgeID":"1699265","fromID":"1292314","toID":"1292313","formEdgeID":null},{"edgeID":"1699266","fromID":"1292317","toID":"1292316","formEdgeID":null},{"edgeID":"1699267","fromID":"1292318","toID":"1292317","formEdgeID":null},{"edgeID":"1699268","fromID":"1292316","toID":"1292319","formEdgeID":null},{"edgeID":"1699269","fromID":"1292319","toID":"1292315","formEdgeID":null},{"edgeID":"1699270","fromID":"1292308","toID":"1292320","formEdgeID":null},{"edgeID":"1699271","fromID":"1292320","toID":"1292316","formEdgeID":null},{"edgeID":"1699272","fromID":"1292315","toID":"1292321","formEdgeID":null},{"edgeID":"1699273","fromID":"1292321","toID":"1292307","formEdgeID":null},{"edgeID":"1699274","fromID":"1292320","toID":"1292322","formEdgeID":null},{"edgeID":"1699275","fromID":"1292322","toID":"1292321","formEdgeID":null},{"edgeID":"1699276","fromID":"1292325","toID":"1292324","formEdgeID":null},{"edgeID":"1699277","fromID":"1292326","toID":"1292325","formEdgeID":null},{"edgeID":"1699278","fromID":"1292324","toID":"1292327","formEdgeID":null},{"edgeID":"1699279","fromID":"1292327","toID":"1292323","formEdgeID":null},{"edgeID":"1699280","fromID":"1292316","toID":"1292328","formEdgeID":null},{"edgeID":"1699281","fromID":"1292328","toID":"1292324","formEdgeID":null},{"edgeID":"1699282","fromID":"1292331","toID":"1292330","formEdgeID":null},{"edgeID":"1699283","fromID":"1292332","toID":"1292331","formEdgeID":null},{"edgeID":"1699284","fromID":"1292330","toID":"1292333","formEdgeID":null},{"edgeID":"1699285","fromID":"1292333","toID":"1292329","formEdgeID":null},{"edgeID":"1699286","fromID":"1292324","toID":"1292334","formEdgeID":null},{"edgeID":"1699287","fromID":"1292334","toID":"1292330","formEdgeID":null},{"edgeID":"1699288","fromID":"1292337","toID":"1292336","formEdgeID":null},{"edgeID":"1699289","fromID":"1292338","toID":"1292337","formEdgeID":null},{"edgeID":"1699290","fromID":"1292336","toID":"1292339","formEdgeID":null},{"edgeID":"1699291","fromID":"1292339","toID":"1292335","formEdgeID":null},{"edgeID":"1699292","fromID":"1292335","toID":"1292340","formEdgeID":null},{"edgeID":"1699293","fromID":"1292340","toID":"1292329","formEdgeID":null},{"edgeID":"1699294","fromID":"1292330","toID":"1292341","formEdgeID":null},{"edgeID":"1699295","fromID":"1292341","toID":"1292336","formEdgeID":null},{"edgeID":"1699296","fromID":"1292341","toID":"1292342","formEdgeID":null},{"edgeID":"1699297","fromID":"1292342","toID":"1292340","formEdgeID":null},{"edgeID":"1699298","fromID":"1292345","toID":"1292344","formEdgeID":null},{"edgeID":"1699299","fromID":"1292346","toID":"1292345","formEdgeID":null},{"edgeID":"1699300","fromID":"1292344","toID":"1292347","formEdgeID":null},{"edgeID":"1699301","fromID":"1292347","toID":"1292343","formEdgeID":null},{"edgeID":"1699302","fromID":"1292336","toID":"1292348","formEdgeID":null},{"edgeID":"1699303","fromID":"1292348","toID":"1292344","formEdgeID":null},{"edgeID":"1699304","fromID":"1292335","toID":"1292349","formEdgeID":null},{"edgeID":"1699305","fromID":"1292349","toID":"1292343","formEdgeID":null},{"edgeID":"1699306","fromID":"1292348","toID":"1292350","formEdgeID":null},{"edgeID":"1699307","fromID":"1292350","toID":"1292349","formEdgeID":null},{"edgeID":"1699308","fromID":"1292353","toID":"1292352","formEdgeID":null},{"edgeID":"1699309","fromID":"1292354","toID":"1292353","formEdgeID":null},{"edgeID":"1699310","fromID":"1292352","toID":"1292355","formEdgeID":null},{"edgeID":"1699311","fromID":"1292355","toID":"1292351","formEdgeID":null},{"edgeID":"1699312","fromID":"1292344","toID":"1292356","formEdgeID":null},{"edgeID":"1699313","fromID":"1292356","toID":"1292352","formEdgeID":null},{"edgeID":"1699314","fromID":"1292297","toID":"1292357","formEdgeID":null},{"edgeID":"1699315","fromID":"1292357","toID":"1292291","formEdgeID":null},{"edgeID":"1699316","fromID":"1292302","toID":"1292358","formEdgeID":null},{"edgeID":"1699317","fromID":"1292358","toID":"1292357","formEdgeID":null},{"edgeID":"1699318","fromID":"1292261","toID":"1292359","formEdgeID":null},{"edgeID":"1699319","fromID":"1292359","toID":"1292250","formEdgeID":null},{"edgeID":"1699320","fromID":"1292265","toID":"1292360","formEdgeID":null},{"edgeID":"1699321","fromID":"1292360","toID":"1292255","formEdgeID":null},{"edgeID":"1699322","fromID":"1292251","toID":"1292361","formEdgeID":null},{"edgeID":"1699323","fromID":"1292361","toID":"1292262","formEdgeID":null},{"edgeID":"1699324","fromID":"1292361","toID":"1292362","formEdgeID":null},{"edgeID":"1699325","fromID":"1292362","toID":"1292359","formEdgeID":null},{"edgeID":"1699326","fromID":"1292256","toID":"1292363","formEdgeID":null},{"edgeID":"1699327","fromID":"1292363","toID":"1292266","formEdgeID":null},{"edgeID":"1699328","fromID":"1292363","toID":"1292364","formEdgeID":null},{"edgeID":"1699329","fromID":"1292364","toID":"1292360","formEdgeID":null},{"edgeID":"1699330","fromID":"1292250","toID":"1292365","formEdgeID":null},{"edgeID":"1699331","fromID":"1292365","toID":"1292255","formEdgeID":null},{"edgeID":"1699332","fromID":"1292260","toID":"1292366","formEdgeID":null},{"edgeID":"1699333","fromID":"1292366","toID":"1292365","formEdgeID":null},{"edgeID":"1699334","fromID":"1292261","toID":"1292367","formEdgeID":null},{"edgeID":"1699335","fromID":"1292367","toID":"1292265","formEdgeID":null},{"edgeID":"1699336","fromID":"1292262","toID":"1292368","formEdgeID":null},{"edgeID":"1699337","fromID":"1292368","toID":"1292266","formEdgeID":null},{"edgeID":"1699338","fromID":"1292368","toID":"1292369","formEdgeID":null},{"edgeID":"1699339","fromID":"1292369","toID":"1292367","formEdgeID":null},{"edgeID":"1699340","fromID":"1292306","toID":"1292370","formEdgeID":null},{"edgeID":"1699341","fromID":"1292370","toID":"1292297","formEdgeID":null}],"locutions":[]}