{"nodes":[{"nodeID":"1292117","text":"these conversations are designed to protect people who work for the worst case scenario businesses","type":"I","timestamp":"2023-11-09 12:44:31"},{"nodeID":"1292118","text":"Afua Hirsch: These conversations are designed to protect people who work for the worst case scenario businesses","type":"L","timestamp":"2023-11-09 12:44:31"},{"nodeID":"1292119","text":"Analysing","type":"YA","timestamp":"2023-11-09 12:44:31"},{"nodeID":"1292120","text":"Anon: Afua Hirsch: These conversations are designed to protect people who work for the worst case scenario businesses","type":"L","timestamp":"2023-11-09 12:44:31"},{"nodeID":"1292121","text":"Asserting","type":"YA","timestamp":"2023-11-09 12:44:31"},{"nodeID":"1292122","text":"we need stringent measures that are not optional","type":"I","timestamp":"2023-11-09 12:44:31"},{"nodeID":"1292123","text":"Afua Hirsch: we need stringent measures that are not optional","type":"L","timestamp":"2023-11-09 12:44:31"},{"nodeID":"1292124","text":"Analysing","type":"YA","timestamp":"2023-11-09 12:44:31"},{"nodeID":"1292125","text":"Anon: Afua Hirsch: we need stringent measures that are not optional","type":"L","timestamp":"2023-11-09 12:44:31"},{"nodeID":"1292126","text":"Asserting","type":"YA","timestamp":"2023-11-09 12:44:31"},{"nodeID":"1292127","text":"Default Transition","type":"TA","timestamp":"2023-11-09 12:44:31"},{"nodeID":"1292128","text":"Default Inference","type":"RA","timestamp":"2023-11-09 12:44:31"},{"nodeID":"1292129","text":"Arguing","type":"YA","timestamp":"2023-11-09 12:44:31"},{"nodeID":"1292130","text":"people who are vulnerable, who are too insecure to be able to challenge employers at work or depend on zero hours contracts, won't be protected if we don't have stringent measures that are not optional","type":"I","timestamp":"2023-11-09 12:44:32"},{"nodeID":"1292131","text":"Afua Hirsch: people who are vulnerable, who are too insecure to be able to challenge employers at work or depend on zero hours contracts, won't be protected","type":"L","timestamp":"2023-11-09 12:44:32"},{"nodeID":"1292132","text":"Analysing","type":"YA","timestamp":"2023-11-09 12:44:32"},{"nodeID":"1292133","text":"Anon: Afua Hirsch: people who are vulnerable, who are too insecure to be able to challenge employers at work or depend on zero hours contracts, won't be protected","type":"L","timestamp":"2023-11-09 12:44:32"},{"nodeID":"1292134","text":"Asserting","type":"YA","timestamp":"2023-11-09 12:44:32"},{"nodeID":"1292135","text":"Default Transition","type":"TA","timestamp":"2023-11-09 12:44:32"},{"nodeID":"1292136","text":"Default Inference","type":"RA","timestamp":"2023-11-09 12:44:32"},{"nodeID":"1292137","text":"Arguing","type":"YA","timestamp":"2023-11-09 12:44:32"},{"nodeID":"1292138","text":"we ought to be thinking about the worst case, not best case scenario","type":"I","timestamp":"2023-11-09 12:44:32"},{"nodeID":"1292139","text":"Afua Hirsch: We ought to be thinking about the worst case, not best case scenario","type":"L","timestamp":"2023-11-09 12:44:32"},{"nodeID":"1292140","text":"Analysing","type":"YA","timestamp":"2023-11-09 12:44:32"},{"nodeID":"1292141","text":"Anon: Afua Hirsch: We ought to be thinking about the worst case, not best case scenario","type":"L","timestamp":"2023-11-09 12:44:32"},{"nodeID":"1292142","text":"Asserting","type":"YA","timestamp":"2023-11-09 12:44:32"},{"nodeID":"1292143","text":"Default Transition","type":"TA","timestamp":"2023-11-09 12:44:32"},{"nodeID":"1292144","text":"Default Inference","type":"RA","timestamp":"2023-11-09 12:44:32"},{"nodeID":"1292145","text":"Arguing","type":"YA","timestamp":"2023-11-09 12:44:32"},{"nodeID":"1292146","text":"our experience dealing with the food businesses has large and small companies","type":"I","timestamp":"2023-11-09 12:44:33"},{"nodeID":"1292147","text":"George Eustice: Our experience dealing with the food businesses has large and small companies","type":"L","timestamp":"2023-11-09 12:44:33"},{"nodeID":"1292148","text":"Analysing","type":"YA","timestamp":"2023-11-09 12:44:33"},{"nodeID":"1292149","text":"Anon: George Eustice: Our experience dealing with the food businesses has large and small companies","type":"L","timestamp":"2023-11-09 12:44:33"},{"nodeID":"1292150","text":"Asserting","type":"YA","timestamp":"2023-11-09 12:44:33"},{"nodeID":"1292151","text":"Default Transition","type":"TA","timestamp":"2023-11-09 12:44:33"},{"nodeID":"1292152","text":"everybody takes workers rights very seriously","type":"I","timestamp":"2023-11-09 12:44:34"},{"nodeID":"1292153","text":"George Eustice: Everybody takes this very seriously","type":"L","timestamp":"2023-11-09 12:44:34"},{"nodeID":"1292154","text":"Analysing","type":"YA","timestamp":"2023-11-09 12:44:34"},{"nodeID":"1292155","text":"Anon: George Eustice: Everybody takes this very seriously","type":"L","timestamp":"2023-11-09 12:44:34"},{"nodeID":"1292156","text":"Asserting","type":"YA","timestamp":"2023-11-09 12:44:34"},{"nodeID":"1292157","text":"Default Transition","type":"TA","timestamp":"2023-11-09 12:44:34"},{"nodeID":"1292158","text":"employers take the duty to care for their employees very seriously","type":"I","timestamp":"2023-11-09 12:44:34"},{"nodeID":"1292159","text":"George Eustice: Employers take the duty to care for their employees very seriously","type":"L","timestamp":"2023-11-09 12:44:34"},{"nodeID":"1292160","text":"Analysing","type":"YA","timestamp":"2023-11-09 12:44:34"},{"nodeID":"1292161","text":"Anon: George Eustice: Employers take the duty to care for their employees very seriously","type":"L","timestamp":"2023-11-09 12:44:34"},{"nodeID":"1292162","text":"Asserting","type":"YA","timestamp":"2023-11-09 12:44:34"},{"nodeID":"1292163","text":"Default Transition","type":"TA","timestamp":"2023-11-09 12:44:34"},{"nodeID":"1292164","text":"Default Rephrase","type":"MA","timestamp":"2023-11-09 12:44:34"},{"nodeID":"1292165","text":"Restating","type":"YA","timestamp":"2023-11-09 12:44:34"},{"nodeID":"1292166","text":"Default Rephrase","type":"MA","timestamp":"2023-11-09 12:44:34"},{"nodeID":"1292167","text":"Default Transition","type":"TA","timestamp":"2023-11-09 12:44:34"},{"nodeID":"1292168","text":"Restating","type":"YA","timestamp":"2023-11-09 12:44:34"}],"edges":[{"edgeID":"1699044","fromID":"1292119","toID":"1292118","formEdgeID":null},{"edgeID":"1699045","fromID":"1292120","toID":"1292119","formEdgeID":null},{"edgeID":"1699046","fromID":"1292118","toID":"1292121","formEdgeID":null},{"edgeID":"1699047","fromID":"1292121","toID":"1292117","formEdgeID":null},{"edgeID":"1699048","fromID":"1292124","toID":"1292123","formEdgeID":null},{"edgeID":"1699049","fromID":"1292125","toID":"1292124","formEdgeID":null},{"edgeID":"1699050","fromID":"1292123","toID":"1292126","formEdgeID":null},{"edgeID":"1699051","fromID":"1292126","toID":"1292122","formEdgeID":null},{"edgeID":"1699052","fromID":"1292118","toID":"1292127","formEdgeID":null},{"edgeID":"1699053","fromID":"1292127","toID":"1292123","formEdgeID":null},{"edgeID":"1699054","fromID":"1292117","toID":"1292128","formEdgeID":null},{"edgeID":"1699055","fromID":"1292128","toID":"1292122","formEdgeID":null},{"edgeID":"1699056","fromID":"1292127","toID":"1292129","formEdgeID":null},{"edgeID":"1699057","fromID":"1292129","toID":"1292128","formEdgeID":null},{"edgeID":"1699058","fromID":"1292132","toID":"1292131","formEdgeID":null},{"edgeID":"1699059","fromID":"1292133","toID":"1292132","formEdgeID":null},{"edgeID":"1699060","fromID":"1292131","toID":"1292134","formEdgeID":null},{"edgeID":"1699061","fromID":"1292134","toID":"1292130","formEdgeID":null},{"edgeID":"1699062","fromID":"1292123","toID":"1292135","formEdgeID":null},{"edgeID":"1699063","fromID":"1292135","toID":"1292131","formEdgeID":null},{"edgeID":"1699064","fromID":"1292130","toID":"1292136","formEdgeID":null},{"edgeID":"1699065","fromID":"1292136","toID":"1292122","formEdgeID":null},{"edgeID":"1699066","fromID":"1292135","toID":"1292137","formEdgeID":null},{"edgeID":"1699067","fromID":"1292137","toID":"1292136","formEdgeID":null},{"edgeID":"1699068","fromID":"1292140","toID":"1292139","formEdgeID":null},{"edgeID":"1699069","fromID":"1292141","toID":"1292140","formEdgeID":null},{"edgeID":"1699070","fromID":"1292139","toID":"1292142","formEdgeID":null},{"edgeID":"1699071","fromID":"1292142","toID":"1292138","formEdgeID":null},{"edgeID":"1699072","fromID":"1292131","toID":"1292143","formEdgeID":null},{"edgeID":"1699073","fromID":"1292143","toID":"1292139","formEdgeID":null},{"edgeID":"1699074","fromID":"1292130","toID":"1292144","formEdgeID":null},{"edgeID":"1699075","fromID":"1292144","toID":"1292138","formEdgeID":null},{"edgeID":"1699076","fromID":"1292143","toID":"1292145","formEdgeID":null},{"edgeID":"1699077","fromID":"1292145","toID":"1292144","formEdgeID":null},{"edgeID":"1699078","fromID":"1292148","toID":"1292147","formEdgeID":null},{"edgeID":"1699079","fromID":"1292149","toID":"1292148","formEdgeID":null},{"edgeID":"1699080","fromID":"1292147","toID":"1292150","formEdgeID":null},{"edgeID":"1699081","fromID":"1292150","toID":"1292146","formEdgeID":null},{"edgeID":"1699082","fromID":"1292139","toID":"1292151","formEdgeID":null},{"edgeID":"1699083","fromID":"1292151","toID":"1292147","formEdgeID":null},{"edgeID":"1699084","fromID":"1292154","toID":"1292153","formEdgeID":null},{"edgeID":"1699085","fromID":"1292155","toID":"1292154","formEdgeID":null},{"edgeID":"1699086","fromID":"1292153","toID":"1292156","formEdgeID":null},{"edgeID":"1699087","fromID":"1292156","toID":"1292152","formEdgeID":null},{"edgeID":"1699088","fromID":"1292147","toID":"1292157","formEdgeID":null},{"edgeID":"1699089","fromID":"1292157","toID":"1292153","formEdgeID":null},{"edgeID":"1699090","fromID":"1292160","toID":"1292159","formEdgeID":null},{"edgeID":"1699091","fromID":"1292161","toID":"1292160","formEdgeID":null},{"edgeID":"1699092","fromID":"1292159","toID":"1292162","formEdgeID":null},{"edgeID":"1699093","fromID":"1292162","toID":"1292158","formEdgeID":null},{"edgeID":"1699094","fromID":"1292153","toID":"1292163","formEdgeID":null},{"edgeID":"1699095","fromID":"1292163","toID":"1292159","formEdgeID":null},{"edgeID":"1699096","fromID":"1292158","toID":"1292164","formEdgeID":null},{"edgeID":"1699097","fromID":"1292164","toID":"1292152","formEdgeID":null},{"edgeID":"1699098","fromID":"1292163","toID":"1292165","formEdgeID":null},{"edgeID":"1699099","fromID":"1292165","toID":"1292164","formEdgeID":null},{"edgeID":"1699100","fromID":"1292138","toID":"1292166","formEdgeID":null},{"edgeID":"1699101","fromID":"1292166","toID":"1292117","formEdgeID":null},{"edgeID":"1699102","fromID":"1292118","toID":"1292167","formEdgeID":null},{"edgeID":"1699103","fromID":"1292167","toID":"1292139","formEdgeID":null},{"edgeID":"1699104","fromID":"1292167","toID":"1292168","formEdgeID":null},{"edgeID":"1699105","fromID":"1292168","toID":"1292166","formEdgeID":null}],"locutions":[]}