{"nodes":[{"nodeID":"497765","text":"it is right to acknowledge the steps people have taken","type":"I","timestamp":"2020-05-14 19:39:01"},{"nodeID":"497769","text":"acknowledging the steps people have taken is what the Prime Minister was doing","type":"I","timestamp":"2020-05-14 19:39:01"},{"nodeID":"497777","text":"different countries are recording deaths in different ways","type":"I","timestamp":"2020-05-14 19:39:02"},{"nodeID":"1288752","text":"George Eustice would or would not call the UK's response to COVID in february as an apparent success","type":"I","timestamp":"2023-11-09 12:39:47"},{"nodeID":"1288753","text":"Fiona Bruce: George, apparent success.\u00a0 Is that how you describe it","type":"L","timestamp":"2023-11-09 12:39:47"},{"nodeID":"1288754","text":"Kyle: Fiona Bruce: George, apparent success.\u00a0 Is that how you describe it","type":"L","timestamp":"2023-11-09 12:39:47"},{"nodeID":"1288755","text":"Analysing","type":"YA","timestamp":"2023-11-09 12:39:47"},{"nodeID":"1288756","text":"Pure Questioning","type":"YA","timestamp":"2023-11-09 12:39:47"},{"nodeID":"1288757","text":"the Prime Minister was describing what we have all done as a country against COVID as an apparent success","type":"I","timestamp":"2023-11-09 12:39:47"},{"nodeID":"1288758","text":"George Eustice: the Prime Minister was describing there is what we have all done as a country","type":"L","timestamp":"2023-11-09 12:39:47"},{"nodeID":"1288759","text":"Analysing","type":"YA","timestamp":"2023-11-09 12:39:47"},{"nodeID":"1288760","text":"Kyle: George Eustice: the Prime Minister was describing there is what we have all done as a country","type":"L","timestamp":"2023-11-09 12:39:47"},{"nodeID":"1288761","text":"Asserting","type":"YA","timestamp":"2023-11-09 12:39:47"},{"nodeID":"1288762","text":"Default Transition","type":"TA","timestamp":"2023-11-09 12:39:47"},{"nodeID":"1288763","text":"Default Rephrase","type":"MA","timestamp":"2023-11-09 12:39:47"},{"nodeID":"1288764","text":"Default Illocuting","type":"YA","timestamp":"2023-11-09 12:39:47"},{"nodeID":"1288765","text":"people who have stayed at home, observed social distancing, our fabulous NHS and everybody who responded to this crisis","type":"I","timestamp":"2023-11-09 12:39:48"},{"nodeID":"1288766","text":"George Eustice: people who have stayed at home, observed social distancing, our fabulous NHS and everybody who responded to this crisis","type":"L","timestamp":"2023-11-09 12:39:48"},{"nodeID":"1288767","text":"Kyle: George Eustice: people who have stayed at home, observed social distancing, our fabulous NHS and everybody who responded to this crisis","type":"L","timestamp":"2023-11-09 12:39:48"},{"nodeID":"1288768","text":"Analysing","type":"YA","timestamp":"2023-11-09 12:39:48"},{"nodeID":"1288769","text":"Asserting","type":"YA","timestamp":"2023-11-09 12:39:48"},{"nodeID":"1288770","text":"Default Transition","type":"TA","timestamp":"2023-11-09 12:39:48"},{"nodeID":"1288771","text":"Default Inference","type":"RA","timestamp":"2023-11-09 12:39:48"},{"nodeID":"1288772","text":"Arguing","type":"YA","timestamp":"2023-11-09 12:39:48"},{"nodeID":"1288773","text":"people have stayed at home, observed social distancing, our fabulous NHS and everybody who responded to this crisis is all to save lives and decrease terrible death toll","type":"I","timestamp":"2023-11-09 12:39:48"},{"nodeID":"1288774","text":"Analysing","type":"YA","timestamp":"2023-11-09 12:39:48"},{"nodeID":"1288775","text":"Kyle: Fiona Bruce: That is all to save lives and decrease terrible death toll","type":"L","timestamp":"2023-11-09 12:39:48"},{"nodeID":"1288776","text":"Fiona Bruce: That is all to save lives and decrease terrible death toll","type":"L","timestamp":"2023-11-09 12:39:48"},{"nodeID":"1288777","text":"Asserting","type":"YA","timestamp":"2023-11-09 12:39:48"},{"nodeID":"1288778","text":"Default Transition","type":"TA","timestamp":"2023-11-09 12:39:48"},{"nodeID":"1288779","text":"Default Rephrase","type":"MA","timestamp":"2023-11-09 12:39:48"},{"nodeID":"1288780","text":"Restating","type":"YA","timestamp":"2023-11-09 12:39:48"},{"nodeID":"1288781","text":"Analysing","type":"YA","timestamp":"2023-11-09 12:39:48"},{"nodeID":"1288782","text":"George Eustice: It is right to acknowledge the steps people have taken","type":"L","timestamp":"2023-11-09 12:39:48"},{"nodeID":"1288783","text":"Kyle: George Eustice: It is right to acknowledge the steps people have taken","type":"L","timestamp":"2023-11-09 12:39:48"},{"nodeID":"1288784","text":"Asserting","type":"YA","timestamp":"2023-11-09 12:39:48"},{"nodeID":"1288785","text":"Default Transition","type":"TA","timestamp":"2023-11-09 12:39:48"},{"nodeID":"1288786","text":"Kyle: George Eustice: that's what the Prime Minister was doing","type":"L","timestamp":"2023-11-09 12:39:48"},{"nodeID":"1288787","text":"Analysing","type":"YA","timestamp":"2023-11-09 12:39:48"},{"nodeID":"1288788","text":"George Eustice: that's what the Prime Minister was doing","type":"L","timestamp":"2023-11-09 12:39:48"},{"nodeID":"1288789","text":"Asserting","type":"YA","timestamp":"2023-11-09 12:39:48"},{"nodeID":"1288790","text":"Default Transition","type":"TA","timestamp":"2023-11-09 12:39:48"},{"nodeID":"1288791","text":"Default Inference","type":"RA","timestamp":"2023-11-09 12:39:48"},{"nodeID":"1288792","text":"Arguing","type":"YA","timestamp":"2023-11-09 12:39:48"},{"nodeID":"1288793","text":"it is very difficult to make these international comparisons of countries fighting against COVID","type":"I","timestamp":"2023-11-09 12:39:49"},{"nodeID":"1288794","text":"George Eustice: It is very difficult to make these international comparisons","type":"L","timestamp":"2023-11-09 12:39:49"},{"nodeID":"1288795","text":"Kyle: George Eustice: It is very difficult to make these international comparisons","type":"L","timestamp":"2023-11-09 12:39:49"},{"nodeID":"1288796","text":"Analysing","type":"YA","timestamp":"2023-11-09 12:39:49"},{"nodeID":"1288797","text":"Asserting","type":"YA","timestamp":"2023-11-09 12:39:49"},{"nodeID":"1288798","text":"Default Transition","type":"TA","timestamp":"2023-11-09 12:39:49"},{"nodeID":"1288799","text":"Kyle: George Eustice: Different countries are recording deaths in different ways","type":"L","timestamp":"2023-11-09 12:39:49"},{"nodeID":"1288800","text":"Analysing","type":"YA","timestamp":"2023-11-09 12:39:49"},{"nodeID":"1288801","text":"George Eustice: Different countries are recording deaths in different ways","type":"L","timestamp":"2023-11-09 12:39:49"},{"nodeID":"1288802","text":"Asserting","type":"YA","timestamp":"2023-11-09 12:39:49"},{"nodeID":"1288803","text":"Default Transition","type":"TA","timestamp":"2023-11-09 12:39:49"},{"nodeID":"1288804","text":"different countries have different circumstances","type":"I","timestamp":"2023-11-09 12:39:50"},{"nodeID":"1288805","text":"George Eustice: Different countries have different circumstances","type":"L","timestamp":"2023-11-09 12:39:50"},{"nodeID":"1288806","text":"Analysing","type":"YA","timestamp":"2023-11-09 12:39:50"},{"nodeID":"1288807","text":"Kyle: George Eustice: Different countries have different circumstances","type":"L","timestamp":"2023-11-09 12:39:50"},{"nodeID":"1288808","text":"Asserting","type":"YA","timestamp":"2023-11-09 12:39:50"},{"nodeID":"1288809","text":"Default Inference","type":"RA","timestamp":"2023-11-09 12:39:50"},{"nodeID":"1288810","text":"Default Transition","type":"TA","timestamp":"2023-11-09 12:39:50"},{"nodeID":"1288811","text":"Arguing","type":"YA","timestamp":"2023-11-09 12:39:50"},{"nodeID":"1288812","text":"London is a huge city","type":"I","timestamp":"2023-11-09 12:39:50"},{"nodeID":"1288813","text":"Kyle: George Eustice: London is a huge city","type":"L","timestamp":"2023-11-09 12:39:50"},{"nodeID":"1288814","text":"Analysing","type":"YA","timestamp":"2023-11-09 12:39:50"},{"nodeID":"1288815","text":"George Eustice: London is a huge city","type":"L","timestamp":"2023-11-09 12:39:50"},{"nodeID":"1288816","text":"Asserting","type":"YA","timestamp":"2023-11-09 12:39:50"},{"nodeID":"1288817","text":"Default Transition","type":"TA","timestamp":"2023-11-09 12:39:50"},{"nodeID":"1288818","text":"London is a city with a big public transportation system","type":"I","timestamp":"2023-11-09 12:39:51"},{"nodeID":"1288819","text":"George Eustice: It is a city with a big public transportation system","type":"L","timestamp":"2023-11-09 12:39:51"},{"nodeID":"1288820","text":"Kyle: George Eustice: It is a city with a big public transportation system","type":"L","timestamp":"2023-11-09 12:39:51"},{"nodeID":"1288821","text":"Analysing","type":"YA","timestamp":"2023-11-09 12:39:51"},{"nodeID":"1288822","text":"Asserting","type":"YA","timestamp":"2023-11-09 12:39:51"},{"nodeID":"1288823","text":"Default Transition","type":"TA","timestamp":"2023-11-09 12:39:51"},{"nodeID":"1288824","text":"Default Rephrase","type":"MA","timestamp":"2023-11-09 12:39:51"},{"nodeID":"1288825","text":"Restating","type":"YA","timestamp":"2023-11-09 12:39:51"},{"nodeID":"1288826","text":"London having a big public transportation system could have had an impact early on in the pandemic","type":"I","timestamp":"2023-11-09 12:39:51"},{"nodeID":"1288827","text":"Analysing","type":"YA","timestamp":"2023-11-09 12:39:51"},{"nodeID":"1288828","text":"George Eustice: That could have had an impact early on","type":"L","timestamp":"2023-11-09 12:39:51"},{"nodeID":"1288829","text":"Kyle: George Eustice: That could have had an impact early on","type":"L","timestamp":"2023-11-09 12:39:51"},{"nodeID":"1288830","text":"Asserting","type":"YA","timestamp":"2023-11-09 12:39:51"},{"nodeID":"1288831","text":"Default Transition","type":"TA","timestamp":"2023-11-09 12:39:51"},{"nodeID":"1288832","text":"Default Inference","type":"RA","timestamp":"2023-11-09 12:39:51"},{"nodeID":"1288833","text":"Arguing","type":"YA","timestamp":"2023-11-09 12:39:51"},{"nodeID":"1288834","text":"there will be a time to reflect and learn lessons at the end of the pandemic","type":"I","timestamp":"2023-11-09 12:39:52"},{"nodeID":"1288835","text":"Kyle: George Eustice: here will be a time to reflect and learn lessons at the end of this","type":"L","timestamp":"2023-11-09 12:39:52"},{"nodeID":"1288836","text":"Analysing","type":"YA","timestamp":"2023-11-09 12:39:52"},{"nodeID":"1288837","text":"Asserting","type":"YA","timestamp":"2023-11-09 12:39:52"},{"nodeID":"1288838","text":"George Eustice: here will be a time to reflect and learn lessons at the end of this","type":"L","timestamp":"2023-11-09 12:39:52"},{"nodeID":"1288839","text":"Default Transition","type":"TA","timestamp":"2023-11-09 12:39:52"},{"nodeID":"1288840","text":"Default Conflict","type":"CA","timestamp":"2023-11-09 12:39:52"},{"nodeID":"1288841","text":"Disagreeing","type":"YA","timestamp":"2023-11-09 12:39:52"},{"nodeID":"1288842","text":"now we are dealing with this epidemic","type":"I","timestamp":"2023-11-09 12:39:53"},{"nodeID":"1288843","text":"George Eustice: Now we are dealing with this epidemic","type":"L","timestamp":"2023-11-09 12:39:53"},{"nodeID":"1288844","text":"Kyle: George Eustice: Now we are dealing with this epidemic","type":"L","timestamp":"2023-11-09 12:39:53"},{"nodeID":"1288845","text":"Analysing","type":"YA","timestamp":"2023-11-09 12:39:53"},{"nodeID":"1288846","text":"Asserting","type":"YA","timestamp":"2023-11-09 12:39:53"},{"nodeID":"1288847","text":"Default Transition","type":"TA","timestamp":"2023-11-09 12:39:53"},{"nodeID":"1288848","text":"Default Inference","type":"RA","timestamp":"2023-11-09 12:39:53"},{"nodeID":"1288849","text":"Arguing","type":"YA","timestamp":"2023-11-09 12:39:53"},{"nodeID":"1288850","text":"Fiona Bruce has watched everyone, all of the press conferences at five o'clock since the pandemic started","type":"I","timestamp":"2023-11-09 12:39:53"},{"nodeID":"1288851","text":"Kyle: Fiona Bruce: I have watched everyone, all of the press conferences at five o'clock since this started","type":"L","timestamp":"2023-11-09 12:39:53"},{"nodeID":"1288852","text":"Analysing","type":"YA","timestamp":"2023-11-09 12:39:53"},{"nodeID":"1288853","text":"Fiona Bruce: I have watched everyone, all of the press conferences at five o'clock since this started","type":"L","timestamp":"2023-11-09 12:39:53"},{"nodeID":"1288854","text":"Asserting","type":"YA","timestamp":"2023-11-09 12:39:53"},{"nodeID":"1288855","text":"Default Transition","type":"TA","timestamp":"2023-11-09 12:39:53"},{"nodeID":"1288856","text":"at the beginning in the first month or so of the pandemic George Eustice was showing the interest in comparisons of how countries were handling COVID","type":"I","timestamp":"2023-11-09 12:39:54"},{"nodeID":"1288857","text":"Analysing","type":"YA","timestamp":"2023-11-09 12:39:54"},{"nodeID":"1288858","text":"Kyle: Fiona Bruce: At the beginning in the first month or so when you were showing the interest in comparisons","type":"L","timestamp":"2023-11-09 12:39:54"},{"nodeID":"1288859","text":"Fiona Bruce: At the beginning in the first month or so when you were showing the interest in comparisons","type":"L","timestamp":"2023-11-09 12:39:54"},{"nodeID":"1288860","text":"Asserting","type":"YA","timestamp":"2023-11-09 12:39:54"},{"nodeID":"1288861","text":"Default Transition","type":"TA","timestamp":"2023-11-09 12:39:54"},{"nodeID":"1288862","text":"there was no reference to the fact those comparisons might be a bit dodgy when we were below the other European countries","type":"I","timestamp":"2023-11-09 12:39:54"},{"nodeID":"1288863","text":"Fiona Bruce: there was no reference to the fact those comparisons might be a bit dodgy when we were below the other European countries","type":"L","timestamp":"2023-11-09 12:39:54"},{"nodeID":"1288864","text":"Analysing","type":"YA","timestamp":"2023-11-09 12:39:54"},{"nodeID":"1288865","text":"Kyle: Fiona Bruce: there was no reference to the fact those comparisons might be a bit dodgy when we were below the other European countries","type":"L","timestamp":"2023-11-09 12:39:54"},{"nodeID":"1288866","text":"Asserting","type":"YA","timestamp":"2023-11-09 12:39:54"},{"nodeID":"1288867","text":"Default Transition","type":"TA","timestamp":"2023-11-09 12:39:54"},{"nodeID":"1288868","text":"now when we are above other countries in COVID figures the government is very keen to point out we shouldn't be making those comparisons","type":"I","timestamp":"2023-11-09 12:39:55"},{"nodeID":"1288869","text":"Fiona Bruce: Now when we are above them the government is very keen to point out we shouldn't be making those comparisons","type":"L","timestamp":"2023-11-09 12:39:55"},{"nodeID":"1288870","text":"Analysing","type":"YA","timestamp":"2023-11-09 12:39:55"},{"nodeID":"1288871","text":"Kyle: Fiona Bruce: Now when we are above them the government is very keen to point out we shouldn't be making those comparisons","type":"L","timestamp":"2023-11-09 12:39:55"},{"nodeID":"1288872","text":"Asserting","type":"YA","timestamp":"2023-11-09 12:39:55"},{"nodeID":"1288873","text":"Default Inference","type":"RA","timestamp":"2023-11-09 12:39:55"},{"nodeID":"1288874","text":"Default Transition","type":"TA","timestamp":"2023-11-09 12:39:55"},{"nodeID":"1288875","text":"Arguing","type":"YA","timestamp":"2023-11-09 12:39:55"},{"nodeID":"1288876","text":"George Eustice never said about the dodgy comparisons of COVID responses by countries earlier","type":"I","timestamp":"2023-11-09 12:39:55"},{"nodeID":"1288877","text":"Analysing","type":"YA","timestamp":"2023-11-09 12:39:55"},{"nodeID":"1288878","text":"Kyle: Fiona Bruce: You never said that earlier","type":"L","timestamp":"2023-11-09 12:39:55"},{"nodeID":"1288879","text":"Fiona Bruce: You never said that earlier","type":"L","timestamp":"2023-11-09 12:39:55"},{"nodeID":"1288880","text":"Asserting","type":"YA","timestamp":"2023-11-09 12:39:55"},{"nodeID":"1288881","text":"Default Rephrase","type":"MA","timestamp":"2023-11-09 12:39:55"},{"nodeID":"1288882","text":"Default Transition","type":"TA","timestamp":"2023-11-09 12:39:55"},{"nodeID":"1288883","text":"Restating","type":"YA","timestamp":"2023-11-09 12:39:55"}],"edges":[{"edgeID":"1695054","fromID":"1288755","toID":"1288753","formEdgeID":null},{"edgeID":"1695055","fromID":"1288754","toID":"1288755","formEdgeID":null},{"edgeID":"1695056","fromID":"1288753","toID":"1288756","formEdgeID":null},{"edgeID":"1695057","fromID":"1288756","toID":"1288752","formEdgeID":null},{"edgeID":"1695058","fromID":"1288759","toID":"1288758","formEdgeID":null},{"edgeID":"1695059","fromID":"1288760","toID":"1288759","formEdgeID":null},{"edgeID":"1695060","fromID":"1288761","toID":"1288757","formEdgeID":null},{"edgeID":"1695061","fromID":"1288758","toID":"1288761","formEdgeID":null},{"edgeID":"1695062","fromID":"1288753","toID":"1288762","formEdgeID":null},{"edgeID":"1695063","fromID":"1288762","toID":"1288758","formEdgeID":null},{"edgeID":"1695064","fromID":"1288763","toID":"1288752","formEdgeID":null},{"edgeID":"1695065","fromID":"1288757","toID":"1288763","formEdgeID":null},{"edgeID":"1695066","fromID":"1288762","toID":"1288764","formEdgeID":null},{"edgeID":"1695067","fromID":"1288764","toID":"1288763","formEdgeID":null},{"edgeID":"1695068","fromID":"1288767","toID":"1288768","formEdgeID":null},{"edgeID":"1695069","fromID":"1288768","toID":"1288766","formEdgeID":null},{"edgeID":"1695070","fromID":"1288766","toID":"1288769","formEdgeID":null},{"edgeID":"1695071","fromID":"1288769","toID":"1288765","formEdgeID":null},{"edgeID":"1695072","fromID":"1288758","toID":"1288770","formEdgeID":null},{"edgeID":"1695073","fromID":"1288770","toID":"1288766","formEdgeID":null},{"edgeID":"1695074","fromID":"1288771","toID":"1288757","formEdgeID":null},{"edgeID":"1695075","fromID":"1288765","toID":"1288771","formEdgeID":null},{"edgeID":"1695076","fromID":"1288770","toID":"1288772","formEdgeID":null},{"edgeID":"1695077","fromID":"1288772","toID":"1288771","formEdgeID":null},{"edgeID":"1695078","fromID":"1288775","toID":"1288774","formEdgeID":null},{"edgeID":"1695079","fromID":"1288774","toID":"1288776","formEdgeID":null},{"edgeID":"1695080","fromID":"1288776","toID":"1288777","formEdgeID":null},{"edgeID":"1695081","fromID":"1288777","toID":"1288773","formEdgeID":null},{"edgeID":"1695082","fromID":"1288766","toID":"1288778","formEdgeID":null},{"edgeID":"1695083","fromID":"1288778","toID":"1288776","formEdgeID":null},{"edgeID":"1695084","fromID":"1288773","toID":"1288779","formEdgeID":null},{"edgeID":"1695085","fromID":"1288779","toID":"1288765","formEdgeID":null},{"edgeID":"1695086","fromID":"1288778","toID":"1288780","formEdgeID":null},{"edgeID":"1695087","fromID":"1288780","toID":"1288779","formEdgeID":null},{"edgeID":"1695088","fromID":"1288781","toID":"1288782","formEdgeID":null},{"edgeID":"1695089","fromID":"1288783","toID":"1288781","formEdgeID":null},{"edgeID":"1695090","fromID":"1288784","toID":"497765","formEdgeID":null},{"edgeID":"1695091","fromID":"1288782","toID":"1288784","formEdgeID":null},{"edgeID":"1695092","fromID":"1288776","toID":"1288785","formEdgeID":null},{"edgeID":"1695093","fromID":"1288785","toID":"1288782","formEdgeID":null},{"edgeID":"1695094","fromID":"1288786","toID":"1288787","formEdgeID":null},{"edgeID":"1695095","fromID":"1288787","toID":"1288788","formEdgeID":null},{"edgeID":"1695096","fromID":"1288789","toID":"497769","formEdgeID":null},{"edgeID":"1695097","fromID":"1288788","toID":"1288789","formEdgeID":null},{"edgeID":"1695098","fromID":"1288790","toID":"1288788","formEdgeID":null},{"edgeID":"1695099","fromID":"1288782","toID":"1288790","formEdgeID":null},{"edgeID":"1695100","fromID":"1288791","toID":"497769","formEdgeID":null},{"edgeID":"1695101","fromID":"497765","toID":"1288791","formEdgeID":null},{"edgeID":"1695102","fromID":"1288790","toID":"1288792","formEdgeID":null},{"edgeID":"1695103","fromID":"1288792","toID":"1288791","formEdgeID":null},{"edgeID":"1695104","fromID":"1288796","toID":"1288794","formEdgeID":null},{"edgeID":"1695105","fromID":"1288795","toID":"1288796","formEdgeID":null},{"edgeID":"1695106","fromID":"1288797","toID":"1288793","formEdgeID":null},{"edgeID":"1695107","fromID":"1288794","toID":"1288797","formEdgeID":null},{"edgeID":"1695108","fromID":"1288798","toID":"1288794","formEdgeID":null},{"edgeID":"1695109","fromID":"1288788","toID":"1288798","formEdgeID":null},{"edgeID":"1695110","fromID":"1288800","toID":"1288801","formEdgeID":null},{"edgeID":"1695111","fromID":"1288799","toID":"1288800","formEdgeID":null},{"edgeID":"1695112","fromID":"1288802","toID":"497777","formEdgeID":null},{"edgeID":"1695113","fromID":"1288801","toID":"1288802","formEdgeID":null},{"edgeID":"1695114","fromID":"1288803","toID":"1288801","formEdgeID":null},{"edgeID":"1695115","fromID":"1288794","toID":"1288803","formEdgeID":null},{"edgeID":"1695116","fromID":"1288806","toID":"1288805","formEdgeID":null},{"edgeID":"1695117","fromID":"1288807","toID":"1288806","formEdgeID":null},{"edgeID":"1695118","fromID":"1288805","toID":"1288808","formEdgeID":null},{"edgeID":"1695119","fromID":"1288808","toID":"1288804","formEdgeID":null},{"edgeID":"1695120","fromID":"1288804","toID":"1288809","formEdgeID":null},{"edgeID":"1695121","fromID":"1288809","toID":"1288793","formEdgeID":null},{"edgeID":"1695122","fromID":"497777","toID":"1288809","formEdgeID":null},{"edgeID":"1695123","fromID":"1288794","toID":"1288810","formEdgeID":null},{"edgeID":"1695124","fromID":"1288810","toID":"1288805","formEdgeID":null},{"edgeID":"1695125","fromID":"1288811","toID":"1288809","formEdgeID":null},{"edgeID":"1695126","fromID":"1288810","toID":"1288811","formEdgeID":null},{"edgeID":"1695127","fromID":"1288814","toID":"1288815","formEdgeID":null},{"edgeID":"1695128","fromID":"1288813","toID":"1288814","formEdgeID":null},{"edgeID":"1695129","fromID":"1288815","toID":"1288816","formEdgeID":null},{"edgeID":"1695130","fromID":"1288816","toID":"1288812","formEdgeID":null},{"edgeID":"1695131","fromID":"1288805","toID":"1288817","formEdgeID":null},{"edgeID":"1695132","fromID":"1288817","toID":"1288815","formEdgeID":null},{"edgeID":"1695133","fromID":"1288821","toID":"1288819","formEdgeID":null},{"edgeID":"1695134","fromID":"1288820","toID":"1288821","formEdgeID":null},{"edgeID":"1695135","fromID":"1288822","toID":"1288818","formEdgeID":null},{"edgeID":"1695136","fromID":"1288819","toID":"1288822","formEdgeID":null},{"edgeID":"1695137","fromID":"1288815","toID":"1288823","formEdgeID":null},{"edgeID":"1695138","fromID":"1288823","toID":"1288819","formEdgeID":null},{"edgeID":"1695139","fromID":"1288818","toID":"1288824","formEdgeID":null},{"edgeID":"1695140","fromID":"1288824","toID":"1288812","formEdgeID":null},{"edgeID":"1695141","fromID":"1288825","toID":"1288824","formEdgeID":null},{"edgeID":"1695142","fromID":"1288823","toID":"1288825","formEdgeID":null},{"edgeID":"1695143","fromID":"1288829","toID":"1288827","formEdgeID":null},{"edgeID":"1695144","fromID":"1288827","toID":"1288828","formEdgeID":null},{"edgeID":"1695145","fromID":"1288830","toID":"1288826","formEdgeID":null},{"edgeID":"1695146","fromID":"1288828","toID":"1288830","formEdgeID":null},{"edgeID":"1695147","fromID":"1288819","toID":"1288831","formEdgeID":null},{"edgeID":"1695148","fromID":"1288831","toID":"1288828","formEdgeID":null},{"edgeID":"1695149","fromID":"1288832","toID":"1288826","formEdgeID":null},{"edgeID":"1695150","fromID":"1288818","toID":"1288832","formEdgeID":null},{"edgeID":"1695151","fromID":"1288831","toID":"1288833","formEdgeID":null},{"edgeID":"1695152","fromID":"1288833","toID":"1288832","formEdgeID":null},{"edgeID":"1695153","fromID":"1288835","toID":"1288836","formEdgeID":null},{"edgeID":"1695154","fromID":"1288836","toID":"1288838","formEdgeID":null},{"edgeID":"1695155","fromID":"1288837","toID":"1288834","formEdgeID":null},{"edgeID":"1695156","fromID":"1288838","toID":"1288837","formEdgeID":null},{"edgeID":"1695157","fromID":"1288828","toID":"1288839","formEdgeID":null},{"edgeID":"1695158","fromID":"1288839","toID":"1288838","formEdgeID":null},{"edgeID":"1695159","fromID":"1288834","toID":"1288840","formEdgeID":null},{"edgeID":"1695160","fromID":"1288840","toID":"1288826","formEdgeID":null},{"edgeID":"1695161","fromID":"1288841","toID":"1288840","formEdgeID":null},{"edgeID":"1695162","fromID":"1288839","toID":"1288841","formEdgeID":null},{"edgeID":"1695163","fromID":"1288845","toID":"1288843","formEdgeID":null},{"edgeID":"1695164","fromID":"1288844","toID":"1288845","formEdgeID":null},{"edgeID":"1695165","fromID":"1288843","toID":"1288846","formEdgeID":null},{"edgeID":"1695166","fromID":"1288846","toID":"1288842","formEdgeID":null},{"edgeID":"1695167","fromID":"1288838","toID":"1288847","formEdgeID":null},{"edgeID":"1695168","fromID":"1288847","toID":"1288843","formEdgeID":null},{"edgeID":"1695169","fromID":"1288842","toID":"1288848","formEdgeID":null},{"edgeID":"1695170","fromID":"1288848","toID":"1288834","formEdgeID":null},{"edgeID":"1695171","fromID":"1288849","toID":"1288848","formEdgeID":null},{"edgeID":"1695172","fromID":"1288847","toID":"1288849","formEdgeID":null},{"edgeID":"1695173","fromID":"1288852","toID":"1288853","formEdgeID":null},{"edgeID":"1695174","fromID":"1288851","toID":"1288852","formEdgeID":null},{"edgeID":"1695175","fromID":"1288853","toID":"1288854","formEdgeID":null},{"edgeID":"1695176","fromID":"1288854","toID":"1288850","formEdgeID":null},{"edgeID":"1695177","fromID":"1288855","toID":"1288853","formEdgeID":null},{"edgeID":"1695178","fromID":"1288843","toID":"1288855","formEdgeID":null},{"edgeID":"1695179","fromID":"1288858","toID":"1288857","formEdgeID":null},{"edgeID":"1695180","fromID":"1288857","toID":"1288859","formEdgeID":null},{"edgeID":"1695181","fromID":"1288860","toID":"1288856","formEdgeID":null},{"edgeID":"1695182","fromID":"1288859","toID":"1288860","formEdgeID":null},{"edgeID":"1695183","fromID":"1288853","toID":"1288861","formEdgeID":null},{"edgeID":"1695184","fromID":"1288861","toID":"1288859","formEdgeID":null},{"edgeID":"1695185","fromID":"1288864","toID":"1288863","formEdgeID":null},{"edgeID":"1695186","fromID":"1288865","toID":"1288864","formEdgeID":null},{"edgeID":"1695187","fromID":"1288863","toID":"1288866","formEdgeID":null},{"edgeID":"1695188","fromID":"1288866","toID":"1288862","formEdgeID":null},{"edgeID":"1695189","fromID":"1288859","toID":"1288867","formEdgeID":null},{"edgeID":"1695190","fromID":"1288867","toID":"1288863","formEdgeID":null},{"edgeID":"1695191","fromID":"1288870","toID":"1288869","formEdgeID":null},{"edgeID":"1695192","fromID":"1288871","toID":"1288870","formEdgeID":null},{"edgeID":"1695193","fromID":"1288869","toID":"1288872","formEdgeID":null},{"edgeID":"1695194","fromID":"1288872","toID":"1288868","formEdgeID":null},{"edgeID":"1695195","fromID":"1288873","toID":"1288868","formEdgeID":null},{"edgeID":"1695196","fromID":"1288856","toID":"1288873","formEdgeID":null},{"edgeID":"1695197","fromID":"1288862","toID":"1288873","formEdgeID":null},{"edgeID":"1695198","fromID":"1288859","toID":"1288874","formEdgeID":null},{"edgeID":"1695199","fromID":"1288874","toID":"1288869","formEdgeID":null},{"edgeID":"1695200","fromID":"1288875","toID":"1288873","formEdgeID":null},{"edgeID":"1695201","fromID":"1288874","toID":"1288875","formEdgeID":null},{"edgeID":"1695202","fromID":"1288877","toID":"1288879","formEdgeID":null},{"edgeID":"1695203","fromID":"1288878","toID":"1288877","formEdgeID":null},{"edgeID":"1695204","fromID":"1288880","toID":"1288876","formEdgeID":null},{"edgeID":"1695205","fromID":"1288879","toID":"1288880","formEdgeID":null},{"edgeID":"1695206","fromID":"1288876","toID":"1288881","formEdgeID":null},{"edgeID":"1695207","fromID":"1288881","toID":"1288862","formEdgeID":null},{"edgeID":"1695208","fromID":"1288863","toID":"1288882","formEdgeID":null},{"edgeID":"1695209","fromID":"1288882","toID":"1288879","formEdgeID":null},{"edgeID":"1695210","fromID":"1288882","toID":"1288883","formEdgeID":null},{"edgeID":"1695211","fromID":"1288883","toID":"1288881","formEdgeID":null}],"locutions":[]}