{"nodes":[{"nodeID":"1363505","text":"giving five pledges instead of two or three is cheating","type":"I","timestamp":"2023-11-09 14:30:14"},{"nodeID":"1363506","text":"Ash Sarkar: that is cheating","type":"L","timestamp":"2023-11-09 14:30:14"},{"nodeID":"1363507","text":"Analysing","type":"YA","timestamp":"2023-11-09 14:30:14"},{"nodeID":"1363508","text":"Dominika: Ash Sarkar: that is cheating","type":"L","timestamp":"2023-11-09 14:30:14"},{"nodeID":"1363509","text":"Asserting","type":"YA","timestamp":"2023-11-09 14:30:14"},{"nodeID":"1363510","text":"Anna Soubry: Yes, that's true","type":"L","timestamp":"2023-11-09 14:30:14"},{"nodeID":"1363511","text":"Analysing","type":"YA","timestamp":"2023-11-09 14:30:14"},{"nodeID":"1363512","text":"Dominika: Anna Soubry: Yes, that's true","type":"L","timestamp":"2023-11-09 14:30:14"},{"nodeID":"1363513","text":"Default Transition","type":"TA","timestamp":"2023-11-09 14:30:14"},{"nodeID":"1363514","text":"Agreeing","type":"YA","timestamp":"2023-11-09 14:30:14"},{"nodeID":"1363515","text":"Ash Sarkar is or is not agreeing with the Government now","type":"I","timestamp":"2023-11-09 14:30:14"},{"nodeID":"1363516","text":"Fiona Bruce: Ash, are you agreeing with the Government now","type":"L","timestamp":"2023-11-09 14:30:14"},{"nodeID":"1363517","text":"Analysing","type":"YA","timestamp":"2023-11-09 14:30:14"},{"nodeID":"1363518","text":"Dominika: Fiona Bruce: Ash, are you agreeing with the Government now","type":"L","timestamp":"2023-11-09 14:30:14"},{"nodeID":"1363519","text":"Pure Questioning","type":"YA","timestamp":"2023-11-09 14:30:14"},{"nodeID":"1363520","text":"of those five pledges two or three of them were going to happen anyway","type":"I","timestamp":"2023-11-09 14:30:15"},{"nodeID":"1363521","text":"Ash Sarkar: of those five pledges I think two or three of them were going to happen anyway","type":"L","timestamp":"2023-11-09 14:30:15"},{"nodeID":"1363522","text":"Analysing","type":"YA","timestamp":"2023-11-09 14:30:15"},{"nodeID":"1363523","text":"Dominika: Ash Sarkar: of those five pledges I think two or three of them were going to happen anyway","type":"L","timestamp":"2023-11-09 14:30:15"},{"nodeID":"1363524","text":"Asserting","type":"YA","timestamp":"2023-11-09 14:30:15"},{"nodeID":"1363525","text":"Default Inference","type":"RA","timestamp":"2023-11-09 14:30:15"},{"nodeID":"1363526","text":"Default Transition","type":"TA","timestamp":"2023-11-09 14:30:15"},{"nodeID":"1363527","text":"Arguing","type":"YA","timestamp":"2023-11-09 14:30:15"},{"nodeID":"1363528","text":"maths lessons are not a bad idea","type":"I","timestamp":"2023-11-09 14:30:16"},{"nodeID":"1363529","text":"Ash Sarkar: When it comes to maths lessons, I actually don't think it's a bad idea","type":"L","timestamp":"2023-11-09 14:30:16"},{"nodeID":"1363530","text":"Analysing","type":"YA","timestamp":"2023-11-09 14:30:16"},{"nodeID":"1363531","text":"Dominika: Ash Sarkar: When it comes to maths lessons, I actually don't think it's a bad idea","type":"L","timestamp":"2023-11-09 14:30:16"},{"nodeID":"1363532","text":"Asserting","type":"YA","timestamp":"2023-11-09 14:30:16"},{"nodeID":"1363533","text":"Default Transition","type":"TA","timestamp":"2023-11-09 14:30:16"}],"edges":[{"edgeID":"1784434","fromID":"1363507","toID":"1363506","formEdgeID":null},{"edgeID":"1784435","fromID":"1363508","toID":"1363507","formEdgeID":null},{"edgeID":"1784436","fromID":"1363506","toID":"1363509","formEdgeID":null},{"edgeID":"1784437","fromID":"1363509","toID":"1363505","formEdgeID":null},{"edgeID":"1784438","fromID":"1363511","toID":"1363510","formEdgeID":null},{"edgeID":"1784439","fromID":"1363512","toID":"1363511","formEdgeID":null},{"edgeID":"1784440","fromID":"1363506","toID":"1363513","formEdgeID":null},{"edgeID":"1784441","fromID":"1363513","toID":"1363510","formEdgeID":null},{"edgeID":"1784442","fromID":"1363513","toID":"1363514","formEdgeID":null},{"edgeID":"1784443","fromID":"1363514","toID":"1363505","formEdgeID":null},{"edgeID":"1784444","fromID":"1363517","toID":"1363516","formEdgeID":null},{"edgeID":"1784445","fromID":"1363518","toID":"1363517","formEdgeID":null},{"edgeID":"1784446","fromID":"1363516","toID":"1363519","formEdgeID":null},{"edgeID":"1784447","fromID":"1363519","toID":"1363515","formEdgeID":null},{"edgeID":"1784448","fromID":"1363522","toID":"1363521","formEdgeID":null},{"edgeID":"1784449","fromID":"1363523","toID":"1363522","formEdgeID":null},{"edgeID":"1784450","fromID":"1363521","toID":"1363524","formEdgeID":null},{"edgeID":"1784451","fromID":"1363524","toID":"1363520","formEdgeID":null},{"edgeID":"1784452","fromID":"1363520","toID":"1363525","formEdgeID":null},{"edgeID":"1784453","fromID":"1363525","toID":"1363505","formEdgeID":null},{"edgeID":"1784454","fromID":"1363521","toID":"1363526","formEdgeID":null},{"edgeID":"1784455","fromID":"1363526","toID":"1363506","formEdgeID":null},{"edgeID":"1784456","fromID":"1363526","toID":"1363527","formEdgeID":null},{"edgeID":"1784457","fromID":"1363527","toID":"1363525","formEdgeID":null},{"edgeID":"1784458","fromID":"1363530","toID":"1363529","formEdgeID":null},{"edgeID":"1784459","fromID":"1363531","toID":"1363530","formEdgeID":null},{"edgeID":"1784460","fromID":"1363529","toID":"1363532","formEdgeID":null},{"edgeID":"1784461","fromID":"1363532","toID":"1363528","formEdgeID":null},{"edgeID":"1784462","fromID":"1363510","toID":"1363533","formEdgeID":null},{"edgeID":"1784463","fromID":"1363533","toID":"1363529","formEdgeID":null}],"locutions":[]}