{"nodes":[{"nodeID":"1377503","text":"audience member 20230126QT29 has a lot of respect for Elizabeth II as well","type":"I","timestamp":"2023-11-09 14:49:59"},{"nodeID":"1377504","text":"AudienceMember 20230112QT29: I've got a lot of respect for Elizabeth II as well","type":"L","timestamp":"2023-11-09 14:49:59"},{"nodeID":"1377505","text":"Analysing","type":"YA","timestamp":"2023-11-09 14:49:59"},{"nodeID":"1377506","text":"Anon: AudienceMember 20230112QT29: I've got a lot of respect for Elizabeth II as well","type":"L","timestamp":"2023-11-09 14:49:59"},{"nodeID":"1377507","text":"Asserting","type":"YA","timestamp":"2023-11-09 14:49:59"},{"nodeID":"1377508","text":"the purpose of the royal family is questionable if the best thing they can do is remain silent","type":"I","timestamp":"2023-11-09 14:50:00"},{"nodeID":"1377509","text":"AudienceMember 20230112QT29: what does it say about the purpose of the royal family if the best thing we're saying they should be doing is to be silent","type":"L","timestamp":"2023-11-09 14:50:00"},{"nodeID":"1377510","text":"Analysing","type":"YA","timestamp":"2023-11-09 14:50:00"},{"nodeID":"1377511","text":"Anon: AudienceMember 20230112QT29: what does it say about the purpose of the royal family if the best thing we're saying they should be doing is to be silent","type":"L","timestamp":"2023-11-09 14:50:00"},{"nodeID":"1377512","text":"Assertive Questioning","type":"YA","timestamp":"2023-11-09 14:50:00"},{"nodeID":"1377513","text":"Default Transition","type":"TA","timestamp":"2023-11-09 14:50:00"},{"nodeID":"1377514","text":"the royal family fill a constitutional role","type":"I","timestamp":"2023-11-09 14:50:00"},{"nodeID":"1377515","text":"Tim Stanley:  they fill a constitutional role","type":"L","timestamp":"2023-11-09 14:50:00"},{"nodeID":"1377516","text":"Analysing","type":"YA","timestamp":"2023-11-09 14:50:00"},{"nodeID":"1377517","text":"Anon: Tim Stanley:  they fill a constitutional role","type":"L","timestamp":"2023-11-09 14:50:00"},{"nodeID":"1377518","text":"Asserting","type":"YA","timestamp":"2023-11-09 14:50:00"},{"nodeID":"1377519","text":"Default Transition","type":"TA","timestamp":"2023-11-09 14:50:00"},{"nodeID":"1377520","text":"the purpose of the royal family is to fill a constitutional role, it is not about the individual","type":"I","timestamp":"2023-11-09 14:50:01"},{"nodeID":"1377521","text":"Tim Stanley: it's not about themselves as an individual","type":"L","timestamp":"2023-11-09 14:50:01"},{"nodeID":"1377522","text":"Analysing","type":"YA","timestamp":"2023-11-09 14:50:01"},{"nodeID":"1377523","text":"Anon: Tim Stanley: it's not about themselves as an individual","type":"L","timestamp":"2023-11-09 14:50:01"},{"nodeID":"1377524","text":"Asserting","type":"YA","timestamp":"2023-11-09 14:50:01"},{"nodeID":"1377525","text":"Default Transition","type":"TA","timestamp":"2023-11-09 14:50:01"},{"nodeID":"1377526","text":"Default Rephrase","type":"MA","timestamp":"2023-11-09 14:50:01"},{"nodeID":"1377527","text":"Restating","type":"YA","timestamp":"2023-11-09 14:50:01"},{"nodeID":"1377528","text":"Default Conflict","type":"CA","timestamp":"2023-11-09 14:50:01"},{"nodeID":"1377529","text":"Disagreeing","type":"YA","timestamp":"2023-11-09 14:50:01"},{"nodeID":"1377530","text":"Prince Harry is an example of hypocritical privilege","type":"I","timestamp":"2023-11-09 14:50:02"},{"nodeID":"1377531","text":"AudienceMember 20230112QT30: what we've got here is an example of hypocritical privilege","type":"L","timestamp":"2023-11-09 14:50:02"},{"nodeID":"1377532","text":"Analysing","type":"YA","timestamp":"2023-11-09 14:50:02"},{"nodeID":"1377533","text":"Anon: AudienceMember 20230112QT30: what we've got here is an example of hypocritical privilege","type":"L","timestamp":"2023-11-09 14:50:02"},{"nodeID":"1377534","text":"Asserting","type":"YA","timestamp":"2023-11-09 14:50:02"},{"nodeID":"1377535","text":"Default Transition","type":"TA","timestamp":"2023-11-09 14:50:02"},{"nodeID":"1377536","text":"Prince Harry has been happy to accept everything that comes with his role, right the way through his life","type":"I","timestamp":"2023-11-09 14:50:02"},{"nodeID":"1377537","text":"AudienceMember 20230112QT30: He's been happy to accept everything that comes with his role, right the way through his life","type":"L","timestamp":"2023-11-09 14:50:02"},{"nodeID":"1377538","text":"Analysing","type":"YA","timestamp":"2023-11-09 14:50:02"},{"nodeID":"1377539","text":"Anon: AudienceMember 20230112QT30: He's been happy to accept everything that comes with his role, right the way through his life","type":"L","timestamp":"2023-11-09 14:50:02"},{"nodeID":"1377540","text":"Asserting","type":"YA","timestamp":"2023-11-09 14:50:02"},{"nodeID":"1377541","text":"Default Transition","type":"TA","timestamp":"2023-11-09 14:50:02"},{"nodeID":"1377542","text":"Default Inference","type":"RA","timestamp":"2023-11-09 14:50:02"},{"nodeID":"1377543","text":"Arguing","type":"YA","timestamp":"2023-11-09 14:50:02"},{"nodeID":"1377544","text":"Prince Harry has criticised the media","type":"I","timestamp":"2023-11-09 14:50:03"},{"nodeID":"1377545","text":"AudienceMember 20230112QT30: He's criticised the media","type":"L","timestamp":"2023-11-09 14:50:03"},{"nodeID":"1377546","text":"Analysing","type":"YA","timestamp":"2023-11-09 14:50:03"},{"nodeID":"1377547","text":"Anon: AudienceMember 20230112QT30: He's criticised the media","type":"L","timestamp":"2023-11-09 14:50:03"},{"nodeID":"1377548","text":"Asserting","type":"YA","timestamp":"2023-11-09 14:50:03"},{"nodeID":"1377549","text":"Prince Harry doesn't want anything to do with the media","type":"I","timestamp":"2023-11-09 14:50:03"},{"nodeID":"1377550","text":"AudienceMember 20230112QT30:  I don't want anything to do with them","type":"L","timestamp":"2023-11-09 14:50:03"},{"nodeID":"1377551","text":"Analysing","type":"YA","timestamp":"2023-11-09 14:50:03"},{"nodeID":"1377552","text":"Anon: AudienceMember 20230112QT30:  I don't want anything to do with them","type":"L","timestamp":"2023-11-09 14:50:03"},{"nodeID":"1377553","text":"Default Transition","type":"TA","timestamp":"2023-11-09 14:50:03"},{"nodeID":"1377554","text":"Prince Harry:  I don't want anything to do with them","type":"L","timestamp":"2023-11-09 14:50:03"},{"nodeID":"1377555","text":"Analysing","type":"YA","timestamp":"2023-11-09 14:50:03"},{"nodeID":"1377556","text":"Anon: Prince Harry:  I don't want anything to do with them","type":"L","timestamp":"2023-11-09 14:50:03"},{"nodeID":"1377557","text":"now Prince Harry is using the media at his will to make money","type":"I","timestamp":"2023-11-09 14:50:04"},{"nodeID":"1377558","text":"AudienceMember 20230112QT30: now he's using them at his will to make money","type":"L","timestamp":"2023-11-09 14:50:04"},{"nodeID":"1377559","text":"Analysing","type":"YA","timestamp":"2023-11-09 14:50:04"},{"nodeID":"1377560","text":"Anon: AudienceMember 20230112QT30: now he's using them at his will to make money","type":"L","timestamp":"2023-11-09 14:50:04"},{"nodeID":"1377561","text":"Asserting","type":"YA","timestamp":"2023-11-09 14:50:04"},{"nodeID":"1377562","text":"Assertive Questioning","type":"YA","timestamp":"2023-11-09 14:50:04"},{"nodeID":"1377563","text":"Asserting","type":"YA","timestamp":"2023-11-09 14:50:04"},{"nodeID":"1377564","text":"Default Rephrase","type":"MA","timestamp":"2023-11-09 14:50:04"},{"nodeID":"1377565","text":"Restating","type":"YA","timestamp":"2023-11-09 14:50:04"},{"nodeID":"1377566","text":"Default Inference","type":"RA","timestamp":"2023-11-09 14:50:04"},{"nodeID":"1377567","text":"Default Transition","type":"TA","timestamp":"2023-11-09 14:50:04"},{"nodeID":"1377568","text":"Arguing","type":"YA","timestamp":"2023-11-09 14:50:04"},{"nodeID":"1377569","text":"the hypocrisy of criticising and then using the media to make money is just as low as it gets","type":"I","timestamp":"2023-11-09 14:50:05"},{"nodeID":"1377570","text":"AudienceMember 20230112QT30: that is just as low as it gets","type":"L","timestamp":"2023-11-09 14:50:05"},{"nodeID":"1377571","text":"Analysing","type":"YA","timestamp":"2023-11-09 14:50:05"},{"nodeID":"1377572","text":"Anon: AudienceMember 20230112QT30: that is just as low as it gets","type":"L","timestamp":"2023-11-09 14:50:05"},{"nodeID":"1377573","text":"Asserting","type":"YA","timestamp":"2023-11-09 14:50:05"},{"nodeID":"1377574","text":"Default Transition","type":"TA","timestamp":"2023-11-09 14:50:05"},{"nodeID":"1377575","text":"XXX wants to put in a good word about Prince Harry","type":"I","timestamp":"2023-11-09 14:50:05"},{"nodeID":"1377576","text":"Fiona Bruce: Does anyone here want to put in a good word for Harry?","type":"L","timestamp":"2023-11-09 14:50:05"},{"nodeID":"1377577","text":"Analysing","type":"YA","timestamp":"2023-11-09 14:50:05"},{"nodeID":"1377578","text":"Anon: Fiona Bruce: Does anyone here want to put in a good word for Harry?","type":"L","timestamp":"2023-11-09 14:50:05"},{"nodeID":"1377579","text":"Pure Questioning","type":"YA","timestamp":"2023-11-09 14:50:05"},{"nodeID":"1377580","text":"Default Transition","type":"TA","timestamp":"2023-11-09 14:50:05"},{"nodeID":"1377581","text":"Default Inference","type":"RA","timestamp":"2023-11-09 14:50:05"},{"nodeID":"1377582","text":"Arguing","type":"YA","timestamp":"2023-11-09 14:50:05"},{"nodeID":"1377583","text":"Default Rephrase","type":"MA","timestamp":"2023-11-09 14:50:05"},{"nodeID":"1377584","text":"Default Transition","type":"TA","timestamp":"2023-11-09 14:50:05"},{"nodeID":"1377585","text":"Restating","type":"YA","timestamp":"2023-11-09 14:50:05"}],"edges":[{"edgeID":"1801014","fromID":"1377505","toID":"1377504","formEdgeID":null},{"edgeID":"1801015","fromID":"1377506","toID":"1377505","formEdgeID":null},{"edgeID":"1801016","fromID":"1377504","toID":"1377507","formEdgeID":null},{"edgeID":"1801017","fromID":"1377507","toID":"1377503","formEdgeID":null},{"edgeID":"1801018","fromID":"1377510","toID":"1377509","formEdgeID":null},{"edgeID":"1801019","fromID":"1377511","toID":"1377510","formEdgeID":null},{"edgeID":"1801020","fromID":"1377509","toID":"1377512","formEdgeID":null},{"edgeID":"1801021","fromID":"1377512","toID":"1377508","formEdgeID":null},{"edgeID":"1801022","fromID":"1377504","toID":"1377513","formEdgeID":null},{"edgeID":"1801023","fromID":"1377513","toID":"1377509","formEdgeID":null},{"edgeID":"1801024","fromID":"1377516","toID":"1377515","formEdgeID":null},{"edgeID":"1801025","fromID":"1377517","toID":"1377516","formEdgeID":null},{"edgeID":"1801026","fromID":"1377515","toID":"1377518","formEdgeID":null},{"edgeID":"1801027","fromID":"1377518","toID":"1377514","formEdgeID":null},{"edgeID":"1801028","fromID":"1377509","toID":"1377519","formEdgeID":null},{"edgeID":"1801029","fromID":"1377519","toID":"1377515","formEdgeID":null},{"edgeID":"1801030","fromID":"1377522","toID":"1377521","formEdgeID":null},{"edgeID":"1801031","fromID":"1377523","toID":"1377522","formEdgeID":null},{"edgeID":"1801032","fromID":"1377521","toID":"1377524","formEdgeID":null},{"edgeID":"1801033","fromID":"1377524","toID":"1377520","formEdgeID":null},{"edgeID":"1801034","fromID":"1377515","toID":"1377525","formEdgeID":null},{"edgeID":"1801035","fromID":"1377525","toID":"1377521","formEdgeID":null},{"edgeID":"1801036","fromID":"1377520","toID":"1377526","formEdgeID":null},{"edgeID":"1801037","fromID":"1377526","toID":"1377514","formEdgeID":null},{"edgeID":"1801038","fromID":"1377525","toID":"1377527","formEdgeID":null},{"edgeID":"1801039","fromID":"1377527","toID":"1377526","formEdgeID":null},{"edgeID":"1801040","fromID":"1377514","toID":"1377528","formEdgeID":null},{"edgeID":"1801041","fromID":"1377528","toID":"1377508","formEdgeID":null},{"edgeID":"1801042","fromID":"1377519","toID":"1377529","formEdgeID":null},{"edgeID":"1801043","fromID":"1377529","toID":"1377528","formEdgeID":null},{"edgeID":"1801044","fromID":"1377532","toID":"1377531","formEdgeID":null},{"edgeID":"1801045","fromID":"1377533","toID":"1377532","formEdgeID":null},{"edgeID":"1801046","fromID":"1377531","toID":"1377534","formEdgeID":null},{"edgeID":"1801047","fromID":"1377534","toID":"1377530","formEdgeID":null},{"edgeID":"1801048","fromID":"1377521","toID":"1377535","formEdgeID":null},{"edgeID":"1801049","fromID":"1377535","toID":"1377531","formEdgeID":null},{"edgeID":"1801050","fromID":"1377538","toID":"1377537","formEdgeID":null},{"edgeID":"1801051","fromID":"1377539","toID":"1377538","formEdgeID":null},{"edgeID":"1801052","fromID":"1377537","toID":"1377540","formEdgeID":null},{"edgeID":"1801053","fromID":"1377540","toID":"1377536","formEdgeID":null},{"edgeID":"1801054","fromID":"1377531","toID":"1377541","formEdgeID":null},{"edgeID":"1801055","fromID":"1377541","toID":"1377537","formEdgeID":null},{"edgeID":"1801056","fromID":"1377536","toID":"1377542","formEdgeID":null},{"edgeID":"1801057","fromID":"1377542","toID":"1377530","formEdgeID":null},{"edgeID":"1801058","fromID":"1377541","toID":"1377543","formEdgeID":null},{"edgeID":"1801059","fromID":"1377543","toID":"1377542","formEdgeID":null},{"edgeID":"1801060","fromID":"1377546","toID":"1377545","formEdgeID":null},{"edgeID":"1801061","fromID":"1377547","toID":"1377546","formEdgeID":null},{"edgeID":"1801062","fromID":"1377545","toID":"1377548","formEdgeID":null},{"edgeID":"1801063","fromID":"1377548","toID":"1377544","formEdgeID":null},{"edgeID":"1801064","fromID":"1377551","toID":"1377550","formEdgeID":null},{"edgeID":"1801065","fromID":"1377552","toID":"1377551","formEdgeID":null},{"edgeID":"1801066","fromID":"1377545","toID":"1377553","formEdgeID":null},{"edgeID":"1801067","fromID":"1377553","toID":"1377550","formEdgeID":null},{"edgeID":"1801068","fromID":"1377555","toID":"1377554","formEdgeID":null},{"edgeID":"1801069","fromID":"1377556","toID":"1377555","formEdgeID":null},{"edgeID":"1801070","fromID":"1377559","toID":"1377558","formEdgeID":null},{"edgeID":"1801071","fromID":"1377560","toID":"1377559","formEdgeID":null},{"edgeID":"1801072","fromID":"1377558","toID":"1377561","formEdgeID":null},{"edgeID":"1801073","fromID":"1377561","toID":"1377557","formEdgeID":null},{"edgeID":"1801074","fromID":"1377550","toID":"1377562","formEdgeID":null},{"edgeID":"1801075","fromID":"1377562","toID":"1377554","formEdgeID":null},{"edgeID":"1801076","fromID":"1377554","toID":"1377563","formEdgeID":null},{"edgeID":"1801077","fromID":"1377563","toID":"1377549","formEdgeID":null},{"edgeID":"1801078","fromID":"1377549","toID":"1377564","formEdgeID":null},{"edgeID":"1801079","fromID":"1377564","toID":"1377544","formEdgeID":null},{"edgeID":"1801080","fromID":"1377553","toID":"1377565","formEdgeID":null},{"edgeID":"1801081","fromID":"1377565","toID":"1377564","formEdgeID":null},{"edgeID":"1801082","fromID":"1377544","toID":"1377566","formEdgeID":null},{"edgeID":"1801083","fromID":"1377566","toID":"1377530","formEdgeID":null},{"edgeID":"1801084","fromID":"1377531","toID":"1377567","formEdgeID":null},{"edgeID":"1801085","fromID":"1377567","toID":"1377545","formEdgeID":null},{"edgeID":"1801086","fromID":"1377567","toID":"1377568","formEdgeID":null},{"edgeID":"1801087","fromID":"1377568","toID":"1377566","formEdgeID":null},{"edgeID":"1801088","fromID":"1377571","toID":"1377570","formEdgeID":null},{"edgeID":"1801089","fromID":"1377572","toID":"1377571","formEdgeID":null},{"edgeID":"1801090","fromID":"1377570","toID":"1377573","formEdgeID":null},{"edgeID":"1801091","fromID":"1377573","toID":"1377569","formEdgeID":null},{"edgeID":"1801092","fromID":"1377531","toID":"1377574","formEdgeID":null},{"edgeID":"1801093","fromID":"1377574","toID":"1377558","formEdgeID":null},{"edgeID":"1801094","fromID":"1377577","toID":"1377576","formEdgeID":null},{"edgeID":"1801095","fromID":"1377578","toID":"1377577","formEdgeID":null},{"edgeID":"1801096","fromID":"1377576","toID":"1377579","formEdgeID":null},{"edgeID":"1801097","fromID":"1377579","toID":"1377575","formEdgeID":null},{"edgeID":"1801098","fromID":"1377570","toID":"1377580","formEdgeID":null},{"edgeID":"1801099","fromID":"1377580","toID":"1377576","formEdgeID":null},{"edgeID":"1801100","fromID":"1377557","toID":"1377581","formEdgeID":null},{"edgeID":"1801101","fromID":"1377581","toID":"1377530","formEdgeID":null},{"edgeID":"1801102","fromID":"1377549","toID":"1377581","formEdgeID":null},{"edgeID":"1801103","fromID":"1377582","toID":"1377581","formEdgeID":null},{"edgeID":"1801104","fromID":"1377574","toID":"1377582","formEdgeID":null},{"edgeID":"1801105","fromID":"1377569","toID":"1377583","formEdgeID":null},{"edgeID":"1801106","fromID":"1377583","toID":"1377530","formEdgeID":null},{"edgeID":"1801107","fromID":"1377531","toID":"1377584","formEdgeID":null},{"edgeID":"1801108","fromID":"1377584","toID":"1377570","formEdgeID":null},{"edgeID":"1801109","fromID":"1377584","toID":"1377585","formEdgeID":null},{"edgeID":"1801110","fromID":"1377585","toID":"1377583","formEdgeID":null}],"locutions":[]}