{"nodes":[{"nodeID":"1357820","text":"with a record 50,000 patients a week experiencing over 12 hour A&E waits","type":"I","timestamp":"2023-11-09 14:21:25"},{"nodeID":"1357821","text":"AudienceMember 20230126QT01: With a record 50,000 patients a week experiencing over 12 hour A&E waits","type":"L","timestamp":"2023-11-09 14:21:25"},{"nodeID":"1357822","text":"Analysing","type":"YA","timestamp":"2023-11-09 14:21:25"},{"nodeID":"1357823","text":"Chris: AudienceMember 20230126QT01: With a record 50,000 patients a week experiencing over 12 hour A&E waits","type":"L","timestamp":"2023-11-09 14:21:25"},{"nodeID":"1357824","text":"Asserting","type":"YA","timestamp":"2023-11-09 14:21:25"},{"nodeID":"1357825","text":"xxx is when will the Prime Minister finally admit the NHS is in crisis","type":"I","timestamp":"2023-11-09 14:21:26"},{"nodeID":"1357826","text":"AudienceMember 20230126QT01: when will the Prime Minister finally admit the NHS is in crisis","type":"L","timestamp":"2023-11-09 14:21:26"},{"nodeID":"1357827","text":"Analysing","type":"YA","timestamp":"2023-11-09 14:21:26"},{"nodeID":"1357828","text":"Chris: AudienceMember 20230126QT01: when will the Prime Minister finally admit the NHS is in crisis","type":"L","timestamp":"2023-11-09 14:21:26"},{"nodeID":"1357829","text":"Pure Questioning","type":"YA","timestamp":"2023-11-09 14:21:26"},{"nodeID":"1357830","text":"Default Transition","type":"TA","timestamp":"2023-11-09 14:21:26"},{"nodeID":"1357831","text":"Default Inference","type":"RA","timestamp":"2023-11-09 14:21:26"},{"nodeID":"1357832","text":"Arguing","type":"YA","timestamp":"2023-11-09 14:21:26"},{"nodeID":"1357833","text":"Navreen, AudienceMember20230126QT01, you're asking when will the Prime Minister admit the NHS is in crisis","type":"I","timestamp":"2023-11-09 14:21:27"},{"nodeID":"1357834","text":"Fiona Bruce: Navreen, you're asking this question","type":"L","timestamp":"2023-11-09 14:21:27"},{"nodeID":"1357835","text":"Analysing","type":"YA","timestamp":"2023-11-09 14:21:27"},{"nodeID":"1357836","text":"Chris: Fiona Bruce: Navreen, you're asking this question","type":"L","timestamp":"2023-11-09 14:21:27"},{"nodeID":"1357837","text":"Asserting","type":"YA","timestamp":"2023-11-09 14:21:27"},{"nodeID":"1357838","text":"Default Transition","type":"TA","timestamp":"2023-11-09 14:21:27"},{"nodeID":"1357839","text":"xxx what is AudienceMember20230126QT01's experience of the NHS","type":"I","timestamp":"2023-11-09 14:21:28"},{"nodeID":"1357840","text":"Fiona Bruce: what is your experience of the NHS","type":"L","timestamp":"2023-11-09 14:21:28"},{"nodeID":"1357841","text":"Analysing","type":"YA","timestamp":"2023-11-09 14:21:28"},{"nodeID":"1357842","text":"Chris: Fiona Bruce: what is your experience of the NHS","type":"L","timestamp":"2023-11-09 14:21:28"},{"nodeID":"1357843","text":"Pure Questioning","type":"YA","timestamp":"2023-11-09 14:21:28"},{"nodeID":"1357844","text":"Default Transition","type":"TA","timestamp":"2023-11-09 14:21:28"},{"nodeID":"1357845","text":"Default Rephrase","type":"MA","timestamp":"2023-11-09 14:21:28"},{"nodeID":"1357846","text":"Restating","type":"YA","timestamp":"2023-11-09 14:21:28"},{"nodeID":"1357847","text":"xxx is why AudienceMember20230126QT01 is asking when will the Prime Minister admit the NHS is in crisis","type":"I","timestamp":"2023-11-09 14:21:29"},{"nodeID":"1357848","text":"Default Rephrase","type":"MA","timestamp":"2023-11-09 14:21:29"},{"nodeID":"1357849","text":"Restating","type":"YA","timestamp":"2023-11-09 14:21:29"},{"nodeID":"1357850","text":"Default Rephrase","type":"MA","timestamp":"2023-11-09 14:21:29"},{"nodeID":"1357851","text":"AudienceMember20230126QT01 is a junior doctor","type":"I","timestamp":"2023-11-09 14:21:29"},{"nodeID":"1357852","text":"AudienceMember 20230126QT01: I'm a junior doctor","type":"L","timestamp":"2023-11-09 14:21:29"},{"nodeID":"1357853","text":"Analysing","type":"YA","timestamp":"2023-11-09 14:21:29"},{"nodeID":"1357854","text":"Chris: AudienceMember 20230126QT01: I'm a junior doctor","type":"L","timestamp":"2023-11-09 14:21:29"},{"nodeID":"1357855","text":"Asserting","type":"YA","timestamp":"2023-11-09 14:21:29"},{"nodeID":"1357856","text":"Default Rephrase","type":"MA","timestamp":"2023-11-09 14:21:29"},{"nodeID":"1357857","text":"AudienceMember20230126QT01 is working in the NHS","type":"I","timestamp":"2023-11-09 14:21:30"},{"nodeID":"1357858","text":"AudienceMember 20230126QT01: I'm working in the NHS","type":"L","timestamp":"2023-11-09 14:21:30"},{"nodeID":"1357859","text":"Analysing","type":"YA","timestamp":"2023-11-09 14:21:30"},{"nodeID":"1357860","text":"Chris: AudienceMember 20230126QT01: I'm working in the NHS","type":"L","timestamp":"2023-11-09 14:21:30"},{"nodeID":"1357861","text":"Asserting","type":"YA","timestamp":"2023-11-09 14:21:30"},{"nodeID":"1357862","text":"Default Transition","type":"TA","timestamp":"2023-11-09 14:21:30"},{"nodeID":"1357863","text":"Default Inference","type":"RA","timestamp":"2023-11-09 14:21:30"},{"nodeID":"1357864","text":"Arguing","type":"YA","timestamp":"2023-11-09 14:21:30"},{"nodeID":"1357865","text":"AudienceMember20230126QT01 has worked on the frontline","type":"I","timestamp":"2023-11-09 14:21:31"},{"nodeID":"1357866","text":"AudienceMember 20230126QT01:  I've worked on the frontline","type":"L","timestamp":"2023-11-09 14:21:31"},{"nodeID":"1357867","text":"Analysing","type":"YA","timestamp":"2023-11-09 14:21:31"},{"nodeID":"1357868","text":"Chris: AudienceMember 20230126QT01:  I've worked on the frontline","type":"L","timestamp":"2023-11-09 14:21:31"},{"nodeID":"1357869","text":"Asserting","type":"YA","timestamp":"2023-11-09 14:21:31"},{"nodeID":"1357870","text":"Default Transition","type":"TA","timestamp":"2023-11-09 14:21:31"},{"nodeID":"1357871","text":"Default Rephrase","type":"MA","timestamp":"2023-11-09 14:21:31"},{"nodeID":"1357872","text":"Restating","type":"YA","timestamp":"2023-11-09 14:21:31"},{"nodeID":"1357873","text":"one just sees the problems","type":"I","timestamp":"2023-11-09 14:21:32"},{"nodeID":"1357874","text":"AudienceMember 20230126QT01: you just see the problems","type":"L","timestamp":"2023-11-09 14:21:32"},{"nodeID":"1357875","text":"Analysing","type":"YA","timestamp":"2023-11-09 14:21:32"},{"nodeID":"1357876","text":"Chris: AudienceMember 20230126QT01: you just see the problems","type":"L","timestamp":"2023-11-09 14:21:32"},{"nodeID":"1357877","text":"Asserting","type":"YA","timestamp":"2023-11-09 14:21:32"},{"nodeID":"1357878","text":"Default Rephrase","type":"MA","timestamp":"2023-11-09 14:21:32"},{"nodeID":"1357879","text":"patients can't move from A&E into beds on the wards","type":"I","timestamp":"2023-11-09 14:21:33"},{"nodeID":"1357880","text":"AudienceMember 20230126QT01: patients can't move from A&E into beds on the wards","type":"L","timestamp":"2023-11-09 14:21:33"},{"nodeID":"1357881","text":"Analysing","type":"YA","timestamp":"2023-11-09 14:21:33"},{"nodeID":"1357882","text":"Chris: AudienceMember 20230126QT01: patients can't move from A&E into beds on the wards","type":"L","timestamp":"2023-11-09 14:21:33"},{"nodeID":"1357883","text":"Asserting","type":"YA","timestamp":"2023-11-09 14:21:33"},{"nodeID":"1357884","text":"Default Transition","type":"TA","timestamp":"2023-11-09 14:21:33"},{"nodeID":"1357885","text":"Default Rephrase","type":"MA","timestamp":"2023-11-09 14:21:33"},{"nodeID":"1357886","text":"Restating","type":"YA","timestamp":"2023-11-09 14:21:33"},{"nodeID":"1357887","text":"patients are just there","type":"I","timestamp":"2023-11-09 14:21:34"},{"nodeID":"1357888","text":"AudienceMember 20230126QT01: patients are just there","type":"L","timestamp":"2023-11-09 14:21:34"},{"nodeID":"1357889","text":"Analysing","type":"YA","timestamp":"2023-11-09 14:21:34"},{"nodeID":"1357890","text":"Chris: AudienceMember 20230126QT01: patients are just there","type":"L","timestamp":"2023-11-09 14:21:34"},{"nodeID":"1357891","text":"Asserting","type":"YA","timestamp":"2023-11-09 14:21:34"},{"nodeID":"1357892","text":"Default Transition","type":"TA","timestamp":"2023-11-09 14:21:34"},{"nodeID":"1357893","text":"Default Inference","type":"RA","timestamp":"2023-11-09 14:21:34"},{"nodeID":"1357894","text":"Arguing","type":"YA","timestamp":"2023-11-09 14:21:34"},{"nodeID":"1357895","text":"especially elderly patients who need social care","type":"I","timestamp":"2023-11-09 14:21:35"},{"nodeID":"1357896","text":"AudienceMember 20230126QT01: Especially elderly patients who need social care","type":"L","timestamp":"2023-11-09 14:21:35"},{"nodeID":"1357897","text":"Analysing","type":"YA","timestamp":"2023-11-09 14:21:35"},{"nodeID":"1357898","text":"Chris: AudienceMember 20230126QT01: Especially elderly patients who need social care","type":"L","timestamp":"2023-11-09 14:21:35"},{"nodeID":"1357899","text":"Asserting","type":"YA","timestamp":"2023-11-09 14:21:35"},{"nodeID":"1357900","text":"Default Transition","type":"TA","timestamp":"2023-11-09 14:21:35"},{"nodeID":"1357901","text":"Default Rephrase","type":"MA","timestamp":"2023-11-09 14:21:35"},{"nodeID":"1357902","text":"Restating","type":"YA","timestamp":"2023-11-09 14:21:35"},{"nodeID":"1357903","text":"elderly patients who need social care just can't be discharged","type":"I","timestamp":"2023-11-09 14:21:35"},{"nodeID":"1357904","text":"AudienceMember 20230126QT01: they just can't be discharged","type":"L","timestamp":"2023-11-09 14:21:35"},{"nodeID":"1357905","text":"Analysing","type":"YA","timestamp":"2023-11-09 14:21:35"},{"nodeID":"1357906","text":"Chris: AudienceMember 20230126QT01: they just can't be discharged","type":"L","timestamp":"2023-11-09 14:21:35"},{"nodeID":"1357907","text":"Asserting","type":"YA","timestamp":"2023-11-09 14:21:35"},{"nodeID":"1357908","text":"Default Transition","type":"TA","timestamp":"2023-11-09 14:21:35"},{"nodeID":"1357909","text":"Default Inference","type":"RA","timestamp":"2023-11-09 14:21:35"},{"nodeID":"1357910","text":"Arguing","type":"YA","timestamp":"2023-11-09 14:21:35"},{"nodeID":"1357911","text":"elderly patients who need social care are in wards unable to be discharged for days","type":"I","timestamp":"2023-11-09 14:21:36"},{"nodeID":"1357912","text":"AudienceMember 20230126QT01: They're there for days","type":"L","timestamp":"2023-11-09 14:21:36"},{"nodeID":"1357913","text":"Analysing","type":"YA","timestamp":"2023-11-09 14:21:36"},{"nodeID":"1357914","text":"Chris: AudienceMember 20230126QT01: They're there for days","type":"L","timestamp":"2023-11-09 14:21:36"},{"nodeID":"1357915","text":"Asserting","type":"YA","timestamp":"2023-11-09 14:21:36"},{"nodeID":"1357916","text":"Default Transition","type":"TA","timestamp":"2023-11-09 14:21:36"},{"nodeID":"1357917","text":"Default Rephrase","type":"MA","timestamp":"2023-11-09 14:21:36"},{"nodeID":"1357918","text":"Restating","type":"YA","timestamp":"2023-11-09 14:21:36"},{"nodeID":"1357919","text":"elderly patients who need social care are in wards unable to be discharged for weeks","type":"I","timestamp":"2023-11-09 14:21:37"},{"nodeID":"1357920","text":"AudienceMember 20230126QT01:  if not, weeks","type":"L","timestamp":"2023-11-09 14:21:37"},{"nodeID":"1357921","text":"Analysing","type":"YA","timestamp":"2023-11-09 14:21:37"},{"nodeID":"1357922","text":"Chris: AudienceMember 20230126QT01:  if not, weeks","type":"L","timestamp":"2023-11-09 14:21:37"},{"nodeID":"1357923","text":"Asserting","type":"YA","timestamp":"2023-11-09 14:21:37"},{"nodeID":"1357924","text":"Default Transition","type":"TA","timestamp":"2023-11-09 14:21:37"},{"nodeID":"1357925","text":"Default Conflict","type":"CA","timestamp":"2023-11-09 14:21:37"},{"nodeID":"1357926","text":"Disagreeing","type":"YA","timestamp":"2023-11-09 14:21:37"},{"nodeID":"1357927","text":"Fiona Bruce: Why are you asking it","type":"L","timestamp":"2023-11-09 14:21:37"},{"nodeID":"1357928","text":"Analysing","type":"YA","timestamp":"2023-11-09 14:21:37"},{"nodeID":"1357929","text":"Chris: Fiona Bruce: Why are you asking it","type":"L","timestamp":"2023-11-09 14:21:37"},{"nodeID":"1357930","text":"Default Transition","type":"TA","timestamp":"2023-11-09 14:21:37"},{"nodeID":"1357931","text":"Default Transition","type":"TA","timestamp":"2023-11-09 14:21:37"},{"nodeID":"1357932","text":"Asserting","type":"YA","timestamp":"2023-11-09 14:21:37"},{"nodeID":"1357933","text":"Restating","type":"YA","timestamp":"2023-11-09 14:21:37"},{"nodeID":"1357934","text":"Restating","type":"YA","timestamp":"2023-11-09 14:21:37"},{"nodeID":"1357935","text":"Default Transition","type":"TA","timestamp":"2023-11-09 14:21:37"},{"nodeID":"1357936","text":"Default Illocuting","type":"YA","timestamp":"2023-11-09 14:21:37"}],"edges":[{"edgeID":"1777641","fromID":"1357822","toID":"1357821","formEdgeID":null},{"edgeID":"1777642","fromID":"1357823","toID":"1357822","formEdgeID":null},{"edgeID":"1777643","fromID":"1357821","toID":"1357824","formEdgeID":null},{"edgeID":"1777644","fromID":"1357824","toID":"1357820","formEdgeID":null},{"edgeID":"1777645","fromID":"1357827","toID":"1357826","formEdgeID":null},{"edgeID":"1777646","fromID":"1357828","toID":"1357827","formEdgeID":null},{"edgeID":"1777647","fromID":"1357826","toID":"1357829","formEdgeID":null},{"edgeID":"1777648","fromID":"1357829","toID":"1357825","formEdgeID":null},{"edgeID":"1777649","fromID":"1357821","toID":"1357830","formEdgeID":null},{"edgeID":"1777650","fromID":"1357830","toID":"1357826","formEdgeID":null},{"edgeID":"1777651","fromID":"1357820","toID":"1357831","formEdgeID":null},{"edgeID":"1777652","fromID":"1357831","toID":"1357825","formEdgeID":null},{"edgeID":"1777653","fromID":"1357830","toID":"1357832","formEdgeID":null},{"edgeID":"1777654","fromID":"1357832","toID":"1357831","formEdgeID":null},{"edgeID":"1777655","fromID":"1357835","toID":"1357834","formEdgeID":null},{"edgeID":"1777656","fromID":"1357836","toID":"1357835","formEdgeID":null},{"edgeID":"1777657","fromID":"1357834","toID":"1357837","formEdgeID":null},{"edgeID":"1777658","fromID":"1357837","toID":"1357833","formEdgeID":null},{"edgeID":"1777659","fromID":"1357826","toID":"1357838","formEdgeID":null},{"edgeID":"1777660","fromID":"1357838","toID":"1357834","formEdgeID":null},{"edgeID":"1777661","fromID":"1357841","toID":"1357840","formEdgeID":null},{"edgeID":"1777662","fromID":"1357842","toID":"1357841","formEdgeID":null},{"edgeID":"1777663","fromID":"1357840","toID":"1357843","formEdgeID":null},{"edgeID":"1777664","fromID":"1357843","toID":"1357839","formEdgeID":null},{"edgeID":"1777665","fromID":"1357834","toID":"1357844","formEdgeID":null},{"edgeID":"1777666","fromID":"1357844","toID":"1357840","formEdgeID":null},{"edgeID":"1777667","fromID":"1357839","toID":"1357845","formEdgeID":null},{"edgeID":"1777668","fromID":"1357845","toID":"1357833","formEdgeID":null},{"edgeID":"1777669","fromID":"1357844","toID":"1357846","formEdgeID":null},{"edgeID":"1777670","fromID":"1357846","toID":"1357845","formEdgeID":null},{"edgeID":"1777671","fromID":"1357833","toID":"1357848","formEdgeID":null},{"edgeID":"1777672","fromID":"1357848","toID":"1357825","formEdgeID":null},{"edgeID":"1777673","fromID":"1357838","toID":"1357849","formEdgeID":null},{"edgeID":"1777674","fromID":"1357849","toID":"1357848","formEdgeID":null},{"edgeID":"1777675","fromID":"1357847","toID":"1357850","formEdgeID":null},{"edgeID":"1777676","fromID":"1357850","toID":"1357839","formEdgeID":null},{"edgeID":"1777677","fromID":"1357853","toID":"1357852","formEdgeID":null},{"edgeID":"1777678","fromID":"1357854","toID":"1357853","formEdgeID":null},{"edgeID":"1777679","fromID":"1357852","toID":"1357855","formEdgeID":null},{"edgeID":"1777680","fromID":"1357855","toID":"1357851","formEdgeID":null},{"edgeID":"1777681","fromID":"1357851","toID":"1357856","formEdgeID":null},{"edgeID":"1777682","fromID":"1357856","toID":"1357839","formEdgeID":null},{"edgeID":"1777683","fromID":"1357859","toID":"1357858","formEdgeID":null},{"edgeID":"1777684","fromID":"1357860","toID":"1357859","formEdgeID":null},{"edgeID":"1777685","fromID":"1357858","toID":"1357861","formEdgeID":null},{"edgeID":"1777686","fromID":"1357861","toID":"1357857","formEdgeID":null},{"edgeID":"1777687","fromID":"1357852","toID":"1357862","formEdgeID":null},{"edgeID":"1777688","fromID":"1357862","toID":"1357858","formEdgeID":null},{"edgeID":"1777689","fromID":"1357851","toID":"1357863","formEdgeID":null},{"edgeID":"1777690","fromID":"1357863","toID":"1357857","formEdgeID":null},{"edgeID":"1777691","fromID":"1357862","toID":"1357864","formEdgeID":null},{"edgeID":"1777692","fromID":"1357864","toID":"1357863","formEdgeID":null},{"edgeID":"1777693","fromID":"1357867","toID":"1357866","formEdgeID":null},{"edgeID":"1777694","fromID":"1357868","toID":"1357867","formEdgeID":null},{"edgeID":"1777695","fromID":"1357866","toID":"1357869","formEdgeID":null},{"edgeID":"1777696","fromID":"1357869","toID":"1357865","formEdgeID":null},{"edgeID":"1777697","fromID":"1357858","toID":"1357870","formEdgeID":null},{"edgeID":"1777698","fromID":"1357870","toID":"1357866","formEdgeID":null},{"edgeID":"1777699","fromID":"1357865","toID":"1357871","formEdgeID":null},{"edgeID":"1777700","fromID":"1357871","toID":"1357857","formEdgeID":null},{"edgeID":"1777701","fromID":"1357870","toID":"1357872","formEdgeID":null},{"edgeID":"1777702","fromID":"1357872","toID":"1357871","formEdgeID":null},{"edgeID":"1777703","fromID":"1357875","toID":"1357874","formEdgeID":null},{"edgeID":"1777704","fromID":"1357876","toID":"1357875","formEdgeID":null},{"edgeID":"1777705","fromID":"1357874","toID":"1357877","formEdgeID":null},{"edgeID":"1777706","fromID":"1357877","toID":"1357873","formEdgeID":null},{"edgeID":"1777707","fromID":"1357873","toID":"1357878","formEdgeID":null},{"edgeID":"1777708","fromID":"1357878","toID":"1357847","formEdgeID":null},{"edgeID":"1777709","fromID":"1357881","toID":"1357880","formEdgeID":null},{"edgeID":"1777710","fromID":"1357882","toID":"1357881","formEdgeID":null},{"edgeID":"1777711","fromID":"1357880","toID":"1357883","formEdgeID":null},{"edgeID":"1777712","fromID":"1357883","toID":"1357879","formEdgeID":null},{"edgeID":"1777713","fromID":"1357874","toID":"1357884","formEdgeID":null},{"edgeID":"1777714","fromID":"1357884","toID":"1357880","formEdgeID":null},{"edgeID":"1777715","fromID":"1357879","toID":"1357885","formEdgeID":null},{"edgeID":"1777716","fromID":"1357885","toID":"1357873","formEdgeID":null},{"edgeID":"1777717","fromID":"1357884","toID":"1357886","formEdgeID":null},{"edgeID":"1777718","fromID":"1357886","toID":"1357885","formEdgeID":null},{"edgeID":"1777719","fromID":"1357889","toID":"1357888","formEdgeID":null},{"edgeID":"1777720","fromID":"1357890","toID":"1357889","formEdgeID":null},{"edgeID":"1777721","fromID":"1357888","toID":"1357891","formEdgeID":null},{"edgeID":"1777722","fromID":"1357891","toID":"1357887","formEdgeID":null},{"edgeID":"1777723","fromID":"1357880","toID":"1357892","formEdgeID":null},{"edgeID":"1777724","fromID":"1357892","toID":"1357888","formEdgeID":null},{"edgeID":"1777725","fromID":"1357879","toID":"1357893","formEdgeID":null},{"edgeID":"1777726","fromID":"1357893","toID":"1357887","formEdgeID":null},{"edgeID":"1777727","fromID":"1357892","toID":"1357894","formEdgeID":null},{"edgeID":"1777728","fromID":"1357894","toID":"1357893","formEdgeID":null},{"edgeID":"1777729","fromID":"1357897","toID":"1357896","formEdgeID":null},{"edgeID":"1777730","fromID":"1357898","toID":"1357897","formEdgeID":null},{"edgeID":"1777731","fromID":"1357896","toID":"1357899","formEdgeID":null},{"edgeID":"1777732","fromID":"1357899","toID":"1357895","formEdgeID":null},{"edgeID":"1777733","fromID":"1357888","toID":"1357900","formEdgeID":null},{"edgeID":"1777734","fromID":"1357900","toID":"1357896","formEdgeID":null},{"edgeID":"1777735","fromID":"1357895","toID":"1357901","formEdgeID":null},{"edgeID":"1777736","fromID":"1357901","toID":"1357887","formEdgeID":null},{"edgeID":"1777737","fromID":"1357900","toID":"1357902","formEdgeID":null},{"edgeID":"1777738","fromID":"1357902","toID":"1357901","formEdgeID":null},{"edgeID":"1777739","fromID":"1357905","toID":"1357904","formEdgeID":null},{"edgeID":"1777740","fromID":"1357906","toID":"1357905","formEdgeID":null},{"edgeID":"1777741","fromID":"1357904","toID":"1357907","formEdgeID":null},{"edgeID":"1777742","fromID":"1357907","toID":"1357903","formEdgeID":null},{"edgeID":"1777743","fromID":"1357896","toID":"1357908","formEdgeID":null},{"edgeID":"1777744","fromID":"1357908","toID":"1357904","formEdgeID":null},{"edgeID":"1777745","fromID":"1357903","toID":"1357909","formEdgeID":null},{"edgeID":"1777746","fromID":"1357909","toID":"1357895","formEdgeID":null},{"edgeID":"1777747","fromID":"1357908","toID":"1357910","formEdgeID":null},{"edgeID":"1777748","fromID":"1357910","toID":"1357909","formEdgeID":null},{"edgeID":"1777749","fromID":"1357913","toID":"1357912","formEdgeID":null},{"edgeID":"1777750","fromID":"1357914","toID":"1357913","formEdgeID":null},{"edgeID":"1777751","fromID":"1357912","toID":"1357915","formEdgeID":null},{"edgeID":"1777752","fromID":"1357915","toID":"1357911","formEdgeID":null},{"edgeID":"1777753","fromID":"1357904","toID":"1357916","formEdgeID":null},{"edgeID":"1777754","fromID":"1357916","toID":"1357912","formEdgeID":null},{"edgeID":"1777755","fromID":"1357911","toID":"1357917","formEdgeID":null},{"edgeID":"1777756","fromID":"1357917","toID":"1357903","formEdgeID":null},{"edgeID":"1777757","fromID":"1357916","toID":"1357918","formEdgeID":null},{"edgeID":"1777758","fromID":"1357918","toID":"1357917","formEdgeID":null},{"edgeID":"1777759","fromID":"1357921","toID":"1357920","formEdgeID":null},{"edgeID":"1777760","fromID":"1357922","toID":"1357921","formEdgeID":null},{"edgeID":"1777761","fromID":"1357920","toID":"1357923","formEdgeID":null},{"edgeID":"1777762","fromID":"1357923","toID":"1357919","formEdgeID":null},{"edgeID":"1777763","fromID":"1357912","toID":"1357924","formEdgeID":null},{"edgeID":"1777764","fromID":"1357924","toID":"1357920","formEdgeID":null},{"edgeID":"1777765","fromID":"1357919","toID":"1357925","formEdgeID":null},{"edgeID":"1777766","fromID":"1357925","toID":"1357911","formEdgeID":null},{"edgeID":"1777767","fromID":"1357924","toID":"1357926","formEdgeID":null},{"edgeID":"1777768","fromID":"1357926","toID":"1357925","formEdgeID":null},{"edgeID":"1777769","fromID":"1357928","toID":"1357927","formEdgeID":null},{"edgeID":"1777770","fromID":"1357929","toID":"1357928","formEdgeID":null},{"edgeID":"1777771","fromID":"1357840","toID":"1357930","formEdgeID":null},{"edgeID":"1777772","fromID":"1357930","toID":"1357927","formEdgeID":null},{"edgeID":"1777773","fromID":"1357927","toID":"1357931","formEdgeID":null},{"edgeID":"1777774","fromID":"1357931","toID":"1357852","formEdgeID":null},{"edgeID":"1777775","fromID":"1357927","toID":"1357932","formEdgeID":null},{"edgeID":"1777776","fromID":"1357932","toID":"1357847","formEdgeID":null},{"edgeID":"1777777","fromID":"1357930","toID":"1357933","formEdgeID":null},{"edgeID":"1777778","fromID":"1357933","toID":"1357850","formEdgeID":null},{"edgeID":"1777779","fromID":"1357931","toID":"1357934","formEdgeID":null},{"edgeID":"1777780","fromID":"1357934","toID":"1357856","formEdgeID":null},{"edgeID":"1777781","fromID":"1357927","toID":"1357935","formEdgeID":null},{"edgeID":"1777782","fromID":"1357935","toID":"1357874","formEdgeID":null},{"edgeID":"1777783","fromID":"1357935","toID":"1357936","formEdgeID":null},{"edgeID":"1777784","fromID":"1357936","toID":"1357878","formEdgeID":null}],"locutions":[]}