{"nodes":[{"nodeID":"1362500","text":"the criticisms Prince Harry has made for example","type":"I","timestamp":"2023-11-09 14:28:48"},{"nodeID":"1362501","text":"Fiona Bruce: the criticisms he's made for example","type":"L","timestamp":"2023-11-09 14:28:48"},{"nodeID":"1362502","text":"Analysing","type":"YA","timestamp":"2023-11-09 14:28:48"},{"nodeID":"1362503","text":"Chris: Fiona Bruce: the criticisms he's made for example","type":"L","timestamp":"2023-11-09 14:28:48"},{"nodeID":"1362504","text":"Asserting","type":"YA","timestamp":"2023-11-09 14:28:48"},{"nodeID":"1362505","text":"refer to the Queen Consort Camilla as dangerous due to her need to change her villain image","type":"I","timestamp":"2023-11-09 14:28:49"},{"nodeID":"1362506","text":"Fiona Bruce: refer to the Queen Consort Camilla as dangerous due to her need to change her villain image","type":"L","timestamp":"2023-11-09 14:28:49"},{"nodeID":"1362507","text":"Analysing","type":"YA","timestamp":"2023-11-09 14:28:49"},{"nodeID":"1362508","text":"Chris: Fiona Bruce: refer to the Queen Consort Camilla as dangerous due to her need to change her villain image","type":"L","timestamp":"2023-11-09 14:28:49"},{"nodeID":"1362509","text":"Asserting","type":"YA","timestamp":"2023-11-09 14:28:49"},{"nodeID":"1362510","text":"Default Transition","type":"TA","timestamp":"2023-11-09 14:28:49"},{"nodeID":"1362511","text":"Default Rephrase","type":"MA","timestamp":"2023-11-09 14:28:49"},{"nodeID":"1362512","text":"Restating","type":"YA","timestamp":"2023-11-09 14:28:49"},{"nodeID":"1362513","text":"Prince Harry said she was seen as being dangerous","type":"I","timestamp":"2023-11-09 14:28:50"},{"nodeID":"1362514","text":"Anna Soubry: he said she was seen as being dangerous","type":"L","timestamp":"2023-11-09 14:28:50"},{"nodeID":"1362515","text":"Analysing","type":"YA","timestamp":"2023-11-09 14:28:50"},{"nodeID":"1362516","text":"Chris: Anna Soubry: he said she was seen as being dangerous","type":"L","timestamp":"2023-11-09 14:28:50"},{"nodeID":"1362517","text":"Asserting","type":"YA","timestamp":"2023-11-09 14:28:50"},{"nodeID":"1362518","text":"Default Transition","type":"TA","timestamp":"2023-11-09 14:28:50"},{"nodeID":"1362519","text":"Default Conflict","type":"CA","timestamp":"2023-11-09 14:28:50"},{"nodeID":"1362520","text":"Disagreeing","type":"YA","timestamp":"2023-11-09 14:28:50"},{"nodeID":"1362521","text":"Prince Harry never said she was dangerous","type":"I","timestamp":"2023-11-09 14:28:50"},{"nodeID":"1362522","text":"Anna Soubry: He never said she was","type":"L","timestamp":"2023-11-09 14:28:50"},{"nodeID":"1362523","text":"Analysing","type":"YA","timestamp":"2023-11-09 14:28:50"},{"nodeID":"1362524","text":"Chris: Anna Soubry: He never said she was","type":"L","timestamp":"2023-11-09 14:28:50"},{"nodeID":"1362525","text":"Asserting","type":"YA","timestamp":"2023-11-09 14:28:50"},{"nodeID":"1362526","text":"Default Transition","type":"TA","timestamp":"2023-11-09 14:28:50"},{"nodeID":"1362527","text":"Default Rephrase","type":"MA","timestamp":"2023-11-09 14:28:50"},{"nodeID":"1362528","text":"Restating","type":"YA","timestamp":"2023-11-09 14:28:50"},{"nodeID":"1362529","text":"with a family built on hierarchy","type":"I","timestamp":"2023-11-09 14:28:51"},{"nodeID":"1362530","text":"Fiona Bruce: With a family built on hierarchy","type":"L","timestamp":"2023-11-09 14:28:51"},{"nodeID":"1362531","text":"Analysing","type":"YA","timestamp":"2023-11-09 14:28:51"},{"nodeID":"1362532","text":"Chris: Fiona Bruce: With a family built on hierarchy","type":"L","timestamp":"2023-11-09 14:28:51"},{"nodeID":"1362533","text":"Asserting","type":"YA","timestamp":"2023-11-09 14:28:51"},{"nodeID":"1362534","text":"Default Transition","type":"TA","timestamp":"2023-11-09 14:28:51"},{"nodeID":"1362535","text":"Camilla on the way to being Queen Consort","type":"I","timestamp":"2023-11-09 14:28:51"},{"nodeID":"1362536","text":"Fiona Bruce: Camilla on the way to being Queen Consort","type":"L","timestamp":"2023-11-09 14:28:51"},{"nodeID":"1362537","text":"Analysing","type":"YA","timestamp":"2023-11-09 14:28:51"},{"nodeID":"1362538","text":"Chris: Fiona Bruce: Camilla on the way to being Queen Consort","type":"L","timestamp":"2023-11-09 14:28:51"},{"nodeID":"1362539","text":"Asserting","type":"YA","timestamp":"2023-11-09 14:28:51"},{"nodeID":"1362540","text":"Default Transition","type":"TA","timestamp":"2023-11-09 14:28:51"},{"nodeID":"1362541","text":"there was going to be people or bodies left in the street","type":"I","timestamp":"2023-11-09 14:28:52"},{"nodeID":"1362542","text":"Fiona Bruce: there was going to be people or bodies left in the street","type":"L","timestamp":"2023-11-09 14:28:52"},{"nodeID":"1362543","text":"Analysing","type":"YA","timestamp":"2023-11-09 14:28:52"},{"nodeID":"1362544","text":"Chris: Fiona Bruce: there was going to be people or bodies left in the street","type":"L","timestamp":"2023-11-09 14:28:52"},{"nodeID":"1362545","text":"Asserting","type":"YA","timestamp":"2023-11-09 14:28:52"},{"nodeID":"1362546","text":"Default Transition","type":"TA","timestamp":"2023-11-09 14:28:52"},{"nodeID":"1362547","text":"Default Inference","type":"RA","timestamp":"2023-11-09 14:28:52"},{"nodeID":"1362548","text":"Arguing","type":"YA","timestamp":"2023-11-09 14:28:52"},{"nodeID":"1362549","text":"Anna Soubry does or does not think this stuff is damaging","type":"I","timestamp":"2023-11-09 14:28:53"},{"nodeID":"1362550","text":"Fiona Bruce: do you think this stuff is damaging","type":"L","timestamp":"2023-11-09 14:28:53"},{"nodeID":"1362551","text":"Analysing","type":"YA","timestamp":"2023-11-09 14:28:53"},{"nodeID":"1362552","text":"Chris: Fiona Bruce: do you think this stuff is damaging","type":"L","timestamp":"2023-11-09 14:28:53"},{"nodeID":"1362553","text":"Pure Questioning","type":"YA","timestamp":"2023-11-09 14:28:53"},{"nodeID":"1362554","text":"Default Transition","type":"TA","timestamp":"2023-11-09 14:28:53"},{"nodeID":"1362555","text":"Default Rephrase","type":"MA","timestamp":"2023-11-09 14:28:53"},{"nodeID":"1362556","text":"Restating","type":"YA","timestamp":"2023-11-09 14:28:53"},{"nodeID":"1362557","text":"it's damaging to Harry","type":"I","timestamp":"2023-11-09 14:28:53"},{"nodeID":"1362558","text":"Anna Soubry: it's damaging to Harry","type":"L","timestamp":"2023-11-09 14:28:53"},{"nodeID":"1362559","text":"Analysing","type":"YA","timestamp":"2023-11-09 14:28:53"},{"nodeID":"1362560","text":"Chris: Anna Soubry: it's damaging to Harry","type":"L","timestamp":"2023-11-09 14:28:53"},{"nodeID":"1362561","text":"Asserting","type":"YA","timestamp":"2023-11-09 14:28:53"},{"nodeID":"1362562","text":"Default Transition","type":"TA","timestamp":"2023-11-09 14:28:53"},{"nodeID":"1362563","text":"Default Rephrase","type":"MA","timestamp":"2023-11-09 14:28:53"},{"nodeID":"1362564","text":"Default Illocuting","type":"YA","timestamp":"2023-11-09 14:28:53"},{"nodeID":"1362565","text":"Anna Soubry doesn't think it'll damage the monarchy for the reasons that Tim and others have said","type":"I","timestamp":"2023-11-09 14:28:54"},{"nodeID":"1362566","text":"Anna Soubry: don't think it'll damage the monarchy for the reasons that Tim and others have said","type":"L","timestamp":"2023-11-09 14:28:54"},{"nodeID":"1362567","text":"Analysing","type":"YA","timestamp":"2023-11-09 14:28:54"},{"nodeID":"1362568","text":"Chris: Anna Soubry: don't think it'll damage the monarchy for the reasons that Tim and others have said","type":"L","timestamp":"2023-11-09 14:28:54"},{"nodeID":"1362569","text":"Asserting","type":"YA","timestamp":"2023-11-09 14:28:54"},{"nodeID":"1362570","text":"Default Transition","type":"TA","timestamp":"2023-11-09 14:28:54"},{"nodeID":"1362571","text":"Default Rephrase","type":"MA","timestamp":"2023-11-09 14:28:54"},{"nodeID":"1362572","text":"Restating","type":"YA","timestamp":"2023-11-09 14:28:54"},{"nodeID":"1362573","text":"a lot of what he said would've been better left between him and his psychotherapist frankly","type":"I","timestamp":"2023-11-09 14:28:54"},{"nodeID":"1362574","text":"Anna Soubry: a lot of what he said would've been better left between him and his psychotherapist frankly","type":"L","timestamp":"2023-11-09 14:28:54"},{"nodeID":"1362575","text":"Analysing","type":"YA","timestamp":"2023-11-09 14:28:54"},{"nodeID":"1362576","text":"Chris: Anna Soubry: a lot of what he said would've been better left between him and his psychotherapist frankly","type":"L","timestamp":"2023-11-09 14:28:54"},{"nodeID":"1362577","text":"Asserting","type":"YA","timestamp":"2023-11-09 14:28:54"},{"nodeID":"1362578","text":"Default Inference","type":"RA","timestamp":"2023-11-09 14:28:54"},{"nodeID":"1362579","text":"Default Transition","type":"TA","timestamp":"2023-11-09 14:28:54"},{"nodeID":"1362580","text":"Arguing","type":"YA","timestamp":"2023-11-09 14:28:54"},{"nodeID":"1362581","text":"no disrespect, Anna Soubry doesn't want to know how anybody lost their virginity","type":"I","timestamp":"2023-11-09 14:28:55"},{"nodeID":"1362582","text":"Anna Soubry: no disrespect, I don't want to know how anybody lost their virginity","type":"L","timestamp":"2023-11-09 14:28:55"},{"nodeID":"1362583","text":"Analysing","type":"YA","timestamp":"2023-11-09 14:28:55"},{"nodeID":"1362584","text":"Chris: Anna Soubry: no disrespect, I don't want to know how anybody lost their virginity","type":"L","timestamp":"2023-11-09 14:28:55"},{"nodeID":"1362585","text":"Asserting","type":"YA","timestamp":"2023-11-09 14:28:55"},{"nodeID":"1362586","text":"Default Transition","type":"TA","timestamp":"2023-11-09 14:28:55"},{"nodeID":"1362587","text":"Default Inference","type":"RA","timestamp":"2023-11-09 14:28:55"},{"nodeID":"1362588","text":"Arguing","type":"YA","timestamp":"2023-11-09 14:28:55"},{"nodeID":"1362589","text":"the panellists were going to talk about that afterward","type":"I","timestamp":"2023-11-09 14:28:56"},{"nodeID":"1362590","text":"Ash Sarkar: We were going to talk about that afterward","type":"L","timestamp":"2023-11-09 14:28:56"},{"nodeID":"1362591","text":"Analysing","type":"YA","timestamp":"2023-11-09 14:28:56"},{"nodeID":"1362592","text":"Chris: Ash Sarkar: We were going to talk about that afterward","type":"L","timestamp":"2023-11-09 14:28:56"},{"nodeID":"1362593","text":"Asserting","type":"YA","timestamp":"2023-11-09 14:28:56"},{"nodeID":"1362594","text":"Default Transition","type":"TA","timestamp":"2023-11-09 14:28:56"},{"nodeID":"1362595","text":"Default Conflict","type":"CA","timestamp":"2023-11-09 14:28:56"},{"nodeID":"1362596","text":"Disagreeing","type":"YA","timestamp":"2023-11-09 14:28:56"},{"nodeID":"1362597","text":"how we lost our virginities was going to be the topic of conversation in the Green Room","type":"I","timestamp":"2023-11-09 14:28:56"},{"nodeID":"1362598","text":"Fiona Bruce: That was going to be the topic of conversation in the Green Room, was it","type":"L","timestamp":"2023-11-09 14:28:56"},{"nodeID":"1362599","text":"Analysing","type":"YA","timestamp":"2023-11-09 14:28:56"},{"nodeID":"1362600","text":"Chris: Fiona Bruce: That was going to be the topic of conversation in the Green Room, was it","type":"L","timestamp":"2023-11-09 14:28:56"},{"nodeID":"1362601","text":"Assertive Questioning","type":"YA","timestamp":"2023-11-09 14:28:56"},{"nodeID":"1362602","text":"Default Transition","type":"TA","timestamp":"2023-11-09 14:28:56"},{"nodeID":"1362603","text":"Default Rephrase","type":"MA","timestamp":"2023-11-09 14:28:56"},{"nodeID":"1362604","text":"that would be between you and I","type":"I","timestamp":"2023-11-09 14:28:57"},{"nodeID":"1362605","text":"Anna Soubry: That would be between you and I","type":"L","timestamp":"2023-11-09 14:28:57"},{"nodeID":"1362606","text":"Analysing","type":"YA","timestamp":"2023-11-09 14:28:57"},{"nodeID":"1362607","text":"Chris: Anna Soubry: That would be between you and I","type":"L","timestamp":"2023-11-09 14:28:57"},{"nodeID":"1362608","text":"Asserting","type":"YA","timestamp":"2023-11-09 14:28:57"},{"nodeID":"1362609","text":"Default Transition","type":"TA","timestamp":"2023-11-09 14:28:57"},{"nodeID":"1362610","text":"Default Rephrase","type":"MA","timestamp":"2023-11-09 14:28:57"},{"nodeID":"1362611","text":"Default Illocuting","type":"YA","timestamp":"2023-11-09 14:28:57"},{"nodeID":"1362612","text":"in all seriousness, what happened to Prince Harry, like any 12 year old, to lose your mother, but particularly in those circumstances, was appalling","type":"I","timestamp":"2023-11-09 14:28:57"},{"nodeID":"1362613","text":"Anna Soubry: in all seriousness, he's\u2026 Look, what happened to him, like any 12 year old, to lose your mother, but particularly in those circumstances was appalling","type":"L","timestamp":"2023-11-09 14:28:57"},{"nodeID":"1362614","text":"Analysing","type":"YA","timestamp":"2023-11-09 14:28:57"},{"nodeID":"1362615","text":"Chris: Anna Soubry: in all seriousness, he's\u2026 Look, what happened to him, like any 12 year old, to lose your mother, but particularly in those circumstances was appalling","type":"L","timestamp":"2023-11-09 14:28:57"},{"nodeID":"1362616","text":"Asserting","type":"YA","timestamp":"2023-11-09 14:28:57"},{"nodeID":"1362617","text":"Default Transition","type":"TA","timestamp":"2023-11-09 14:28:57"},{"nodeID":"1362618","text":"lots of terrible mistakes were made","type":"I","timestamp":"2023-11-09 14:28:58"},{"nodeID":"1362619","text":"Anna Soubry: lots of terrible mistakes were made","type":"L","timestamp":"2023-11-09 14:28:58"},{"nodeID":"1362620","text":"Analysing","type":"YA","timestamp":"2023-11-09 14:28:58"},{"nodeID":"1362621","text":"Chris: Anna Soubry: lots of terrible mistakes were made","type":"L","timestamp":"2023-11-09 14:28:58"},{"nodeID":"1362622","text":"Asserting","type":"YA","timestamp":"2023-11-09 14:28:58"},{"nodeID":"1362623","text":"Default Transition","type":"TA","timestamp":"2023-11-09 14:28:58"},{"nodeID":"1362624","text":"Default Rephrase","type":"MA","timestamp":"2023-11-09 14:28:58"},{"nodeID":"1362625","text":"Restating","type":"YA","timestamp":"2023-11-09 14:28:58"},{"nodeID":"1362626","text":"one of my criticisms of this is that Prince Harry doesn't actually have any solutions to it at all","type":"I","timestamp":"2023-11-09 14:28:59"},{"nodeID":"1362627","text":"Anna Soubry: one of my criticisms of this is that he doesn't actually have any solutions to it at all","type":"L","timestamp":"2023-11-09 14:28:59"},{"nodeID":"1362628","text":"Analysing","type":"YA","timestamp":"2023-11-09 14:28:59"},{"nodeID":"1362629","text":"Chris: Anna Soubry: one of my criticisms of this is that he doesn't actually have any solutions to it at all","type":"L","timestamp":"2023-11-09 14:28:59"},{"nodeID":"1362630","text":"Asserting","type":"YA","timestamp":"2023-11-09 14:28:59"},{"nodeID":"1362631","text":"Default Transition","type":"TA","timestamp":"2023-11-09 14:28:59"},{"nodeID":"1362632","text":"Default Conflict","type":"CA","timestamp":"2023-11-09 14:28:59"},{"nodeID":"1362633","text":"Disagreeing","type":"YA","timestamp":"2023-11-09 14:28:59"},{"nodeID":"1362634","text":"Prince Harry doesn't have anything positive to say, to say look, this is how perhaps we could do things better","type":"I","timestamp":"2023-11-09 14:28:59"},{"nodeID":"1362635","text":"Anna Soubry: He doesn't have anything positive to say, to say look, this is how perhaps we could do things better","type":"L","timestamp":"2023-11-09 14:28:59"},{"nodeID":"1362636","text":"Analysing","type":"YA","timestamp":"2023-11-09 14:28:59"},{"nodeID":"1362637","text":"Chris: Anna Soubry: He doesn't have anything positive to say, to say look, this is how perhaps we could do things better","type":"L","timestamp":"2023-11-09 14:28:59"},{"nodeID":"1362638","text":"Asserting","type":"YA","timestamp":"2023-11-09 14:28:59"},{"nodeID":"1362639","text":"Default Transition","type":"TA","timestamp":"2023-11-09 14:28:59"},{"nodeID":"1362640","text":"Default Rephrase","type":"MA","timestamp":"2023-11-09 14:28:59"},{"nodeID":"1362641","text":"Restating","type":"YA","timestamp":"2023-11-09 14:28:59"}],"edges":[{"edgeID":"1783241","fromID":"1362502","toID":"1362501","formEdgeID":null},{"edgeID":"1783242","fromID":"1362503","toID":"1362502","formEdgeID":null},{"edgeID":"1783243","fromID":"1362501","toID":"1362504","formEdgeID":null},{"edgeID":"1783244","fromID":"1362504","toID":"1362500","formEdgeID":null},{"edgeID":"1783245","fromID":"1362507","toID":"1362506","formEdgeID":null},{"edgeID":"1783246","fromID":"1362508","toID":"1362507","formEdgeID":null},{"edgeID":"1783247","fromID":"1362506","toID":"1362509","formEdgeID":null},{"edgeID":"1783248","fromID":"1362509","toID":"1362505","formEdgeID":null},{"edgeID":"1783249","fromID":"1362501","toID":"1362510","formEdgeID":null},{"edgeID":"1783250","fromID":"1362510","toID":"1362506","formEdgeID":null},{"edgeID":"1783251","fromID":"1362505","toID":"1362511","formEdgeID":null},{"edgeID":"1783252","fromID":"1362511","toID":"1362500","formEdgeID":null},{"edgeID":"1783253","fromID":"1362510","toID":"1362512","formEdgeID":null},{"edgeID":"1783254","fromID":"1362512","toID":"1362511","formEdgeID":null},{"edgeID":"1783255","fromID":"1362515","toID":"1362514","formEdgeID":null},{"edgeID":"1783256","fromID":"1362516","toID":"1362515","formEdgeID":null},{"edgeID":"1783257","fromID":"1362514","toID":"1362517","formEdgeID":null},{"edgeID":"1783258","fromID":"1362517","toID":"1362513","formEdgeID":null},{"edgeID":"1783259","fromID":"1362506","toID":"1362518","formEdgeID":null},{"edgeID":"1783260","fromID":"1362518","toID":"1362514","formEdgeID":null},{"edgeID":"1783261","fromID":"1362513","toID":"1362519","formEdgeID":null},{"edgeID":"1783262","fromID":"1362519","toID":"1362505","formEdgeID":null},{"edgeID":"1783263","fromID":"1362518","toID":"1362520","formEdgeID":null},{"edgeID":"1783264","fromID":"1362520","toID":"1362519","formEdgeID":null},{"edgeID":"1783265","fromID":"1362523","toID":"1362522","formEdgeID":null},{"edgeID":"1783266","fromID":"1362524","toID":"1362523","formEdgeID":null},{"edgeID":"1783267","fromID":"1362522","toID":"1362525","formEdgeID":null},{"edgeID":"1783268","fromID":"1362525","toID":"1362521","formEdgeID":null},{"edgeID":"1783269","fromID":"1362514","toID":"1362526","formEdgeID":null},{"edgeID":"1783270","fromID":"1362526","toID":"1362522","formEdgeID":null},{"edgeID":"1783271","fromID":"1362521","toID":"1362527","formEdgeID":null},{"edgeID":"1783272","fromID":"1362527","toID":"1362513","formEdgeID":null},{"edgeID":"1783273","fromID":"1362526","toID":"1362528","formEdgeID":null},{"edgeID":"1783274","fromID":"1362528","toID":"1362527","formEdgeID":null},{"edgeID":"1783275","fromID":"1362531","toID":"1362530","formEdgeID":null},{"edgeID":"1783276","fromID":"1362532","toID":"1362531","formEdgeID":null},{"edgeID":"1783277","fromID":"1362530","toID":"1362533","formEdgeID":null},{"edgeID":"1783278","fromID":"1362533","toID":"1362529","formEdgeID":null},{"edgeID":"1783279","fromID":"1362522","toID":"1362534","formEdgeID":null},{"edgeID":"1783280","fromID":"1362534","toID":"1362530","formEdgeID":null},{"edgeID":"1783281","fromID":"1362537","toID":"1362536","formEdgeID":null},{"edgeID":"1783282","fromID":"1362538","toID":"1362537","formEdgeID":null},{"edgeID":"1783283","fromID":"1362536","toID":"1362539","formEdgeID":null},{"edgeID":"1783284","fromID":"1362539","toID":"1362535","formEdgeID":null},{"edgeID":"1783285","fromID":"1362530","toID":"1362540","formEdgeID":null},{"edgeID":"1783286","fromID":"1362540","toID":"1362536","formEdgeID":null},{"edgeID":"1783287","fromID":"1362543","toID":"1362542","formEdgeID":null},{"edgeID":"1783288","fromID":"1362544","toID":"1362543","formEdgeID":null},{"edgeID":"1783289","fromID":"1362542","toID":"1362545","formEdgeID":null},{"edgeID":"1783290","fromID":"1362545","toID":"1362541","formEdgeID":null},{"edgeID":"1783291","fromID":"1362536","toID":"1362546","formEdgeID":null},{"edgeID":"1783292","fromID":"1362546","toID":"1362542","formEdgeID":null},{"edgeID":"1783293","fromID":"1362535","toID":"1362547","formEdgeID":null},{"edgeID":"1783294","fromID":"1362547","toID":"1362541","formEdgeID":null},{"edgeID":"1783295","fromID":"1362529","toID":"1362547","formEdgeID":null},{"edgeID":"1783296","fromID":"1362546","toID":"1362548","formEdgeID":null},{"edgeID":"1783297","fromID":"1362548","toID":"1362547","formEdgeID":null},{"edgeID":"1783298","fromID":"1362551","toID":"1362550","formEdgeID":null},{"edgeID":"1783299","fromID":"1362552","toID":"1362551","formEdgeID":null},{"edgeID":"1783300","fromID":"1362550","toID":"1362553","formEdgeID":null},{"edgeID":"1783301","fromID":"1362553","toID":"1362549","formEdgeID":null},{"edgeID":"1783302","fromID":"1362542","toID":"1362554","formEdgeID":null},{"edgeID":"1783303","fromID":"1362554","toID":"1362550","formEdgeID":null},{"edgeID":"1783304","fromID":"1362549","toID":"1362555","formEdgeID":null},{"edgeID":"1783305","fromID":"1362555","toID":"1362541","formEdgeID":null},{"edgeID":"1783306","fromID":"1362554","toID":"1362556","formEdgeID":null},{"edgeID":"1783307","fromID":"1362556","toID":"1362555","formEdgeID":null},{"edgeID":"1783308","fromID":"1362559","toID":"1362558","formEdgeID":null},{"edgeID":"1783309","fromID":"1362560","toID":"1362559","formEdgeID":null},{"edgeID":"1783310","fromID":"1362558","toID":"1362561","formEdgeID":null},{"edgeID":"1783311","fromID":"1362561","toID":"1362557","formEdgeID":null},{"edgeID":"1783312","fromID":"1362550","toID":"1362562","formEdgeID":null},{"edgeID":"1783313","fromID":"1362562","toID":"1362558","formEdgeID":null},{"edgeID":"1783314","fromID":"1362557","toID":"1362563","formEdgeID":null},{"edgeID":"1783315","fromID":"1362563","toID":"1362549","formEdgeID":null},{"edgeID":"1783316","fromID":"1362562","toID":"1362564","formEdgeID":null},{"edgeID":"1783317","fromID":"1362564","toID":"1362563","formEdgeID":null},{"edgeID":"1783318","fromID":"1362567","toID":"1362566","formEdgeID":null},{"edgeID":"1783319","fromID":"1362568","toID":"1362567","formEdgeID":null},{"edgeID":"1783320","fromID":"1362566","toID":"1362569","formEdgeID":null},{"edgeID":"1783321","fromID":"1362569","toID":"1362565","formEdgeID":null},{"edgeID":"1783322","fromID":"1362558","toID":"1362570","formEdgeID":null},{"edgeID":"1783323","fromID":"1362570","toID":"1362566","formEdgeID":null},{"edgeID":"1783324","fromID":"1362565","toID":"1362571","formEdgeID":null},{"edgeID":"1783325","fromID":"1362571","toID":"1362557","formEdgeID":null},{"edgeID":"1783326","fromID":"1362570","toID":"1362572","formEdgeID":null},{"edgeID":"1783327","fromID":"1362572","toID":"1362571","formEdgeID":null},{"edgeID":"1783328","fromID":"1362575","toID":"1362574","formEdgeID":null},{"edgeID":"1783329","fromID":"1362576","toID":"1362575","formEdgeID":null},{"edgeID":"1783330","fromID":"1362574","toID":"1362577","formEdgeID":null},{"edgeID":"1783331","fromID":"1362577","toID":"1362573","formEdgeID":null},{"edgeID":"1783332","fromID":"1362573","toID":"1362578","formEdgeID":null},{"edgeID":"1783333","fromID":"1362578","toID":"1362557","formEdgeID":null},{"edgeID":"1783334","fromID":"1362558","toID":"1362579","formEdgeID":null},{"edgeID":"1783335","fromID":"1362579","toID":"1362574","formEdgeID":null},{"edgeID":"1783336","fromID":"1362579","toID":"1362580","formEdgeID":null},{"edgeID":"1783337","fromID":"1362580","toID":"1362578","formEdgeID":null},{"edgeID":"1783338","fromID":"1362583","toID":"1362582","formEdgeID":null},{"edgeID":"1783339","fromID":"1362584","toID":"1362583","formEdgeID":null},{"edgeID":"1783340","fromID":"1362582","toID":"1362585","formEdgeID":null},{"edgeID":"1783341","fromID":"1362585","toID":"1362581","formEdgeID":null},{"edgeID":"1783342","fromID":"1362574","toID":"1362586","formEdgeID":null},{"edgeID":"1783343","fromID":"1362586","toID":"1362582","formEdgeID":null},{"edgeID":"1783344","fromID":"1362581","toID":"1362587","formEdgeID":null},{"edgeID":"1783345","fromID":"1362587","toID":"1362573","formEdgeID":null},{"edgeID":"1783346","fromID":"1362586","toID":"1362588","formEdgeID":null},{"edgeID":"1783347","fromID":"1362588","toID":"1362587","formEdgeID":null},{"edgeID":"1783348","fromID":"1362591","toID":"1362590","formEdgeID":null},{"edgeID":"1783349","fromID":"1362592","toID":"1362591","formEdgeID":null},{"edgeID":"1783350","fromID":"1362590","toID":"1362593","formEdgeID":null},{"edgeID":"1783351","fromID":"1362593","toID":"1362589","formEdgeID":null},{"edgeID":"1783352","fromID":"1362582","toID":"1362594","formEdgeID":null},{"edgeID":"1783353","fromID":"1362594","toID":"1362590","formEdgeID":null},{"edgeID":"1783354","fromID":"1362589","toID":"1362595","formEdgeID":null},{"edgeID":"1783355","fromID":"1362595","toID":"1362581","formEdgeID":null},{"edgeID":"1783356","fromID":"1362594","toID":"1362596","formEdgeID":null},{"edgeID":"1783357","fromID":"1362596","toID":"1362595","formEdgeID":null},{"edgeID":"1783358","fromID":"1362599","toID":"1362598","formEdgeID":null},{"edgeID":"1783359","fromID":"1362600","toID":"1362599","formEdgeID":null},{"edgeID":"1783360","fromID":"1362598","toID":"1362601","formEdgeID":null},{"edgeID":"1783361","fromID":"1362601","toID":"1362597","formEdgeID":null},{"edgeID":"1783362","fromID":"1362590","toID":"1362602","formEdgeID":null},{"edgeID":"1783363","fromID":"1362602","toID":"1362598","formEdgeID":null},{"edgeID":"1783364","fromID":"1362597","toID":"1362603","formEdgeID":null},{"edgeID":"1783365","fromID":"1362603","toID":"1362589","formEdgeID":null},{"edgeID":"1783366","fromID":"1362606","toID":"1362605","formEdgeID":null},{"edgeID":"1783367","fromID":"1362607","toID":"1362606","formEdgeID":null},{"edgeID":"1783368","fromID":"1362605","toID":"1362608","formEdgeID":null},{"edgeID":"1783369","fromID":"1362608","toID":"1362604","formEdgeID":null},{"edgeID":"1783370","fromID":"1362598","toID":"1362609","formEdgeID":null},{"edgeID":"1783371","fromID":"1362609","toID":"1362605","formEdgeID":null},{"edgeID":"1783372","fromID":"1362604","toID":"1362610","formEdgeID":null},{"edgeID":"1783373","fromID":"1362610","toID":"1362597","formEdgeID":null},{"edgeID":"1783374","fromID":"1362609","toID":"1362611","formEdgeID":null},{"edgeID":"1783375","fromID":"1362611","toID":"1362610","formEdgeID":null},{"edgeID":"1783376","fromID":"1362614","toID":"1362613","formEdgeID":null},{"edgeID":"1783377","fromID":"1362615","toID":"1362614","formEdgeID":null},{"edgeID":"1783378","fromID":"1362613","toID":"1362616","formEdgeID":null},{"edgeID":"1783379","fromID":"1362616","toID":"1362612","formEdgeID":null},{"edgeID":"1783380","fromID":"1362574","toID":"1362617","formEdgeID":null},{"edgeID":"1783381","fromID":"1362617","toID":"1362613","formEdgeID":null},{"edgeID":"1783382","fromID":"1362620","toID":"1362619","formEdgeID":null},{"edgeID":"1783383","fromID":"1362621","toID":"1362620","formEdgeID":null},{"edgeID":"1783384","fromID":"1362619","toID":"1362622","formEdgeID":null},{"edgeID":"1783385","fromID":"1362622","toID":"1362618","formEdgeID":null},{"edgeID":"1783386","fromID":"1362613","toID":"1362623","formEdgeID":null},{"edgeID":"1783387","fromID":"1362623","toID":"1362619","formEdgeID":null},{"edgeID":"1783388","fromID":"1362618","toID":"1362624","formEdgeID":null},{"edgeID":"1783389","fromID":"1362624","toID":"1362612","formEdgeID":null},{"edgeID":"1783390","fromID":"1362623","toID":"1362625","formEdgeID":null},{"edgeID":"1783391","fromID":"1362625","toID":"1362624","formEdgeID":null},{"edgeID":"1783392","fromID":"1362628","toID":"1362627","formEdgeID":null},{"edgeID":"1783393","fromID":"1362629","toID":"1362628","formEdgeID":null},{"edgeID":"1783394","fromID":"1362627","toID":"1362630","formEdgeID":null},{"edgeID":"1783395","fromID":"1362630","toID":"1362626","formEdgeID":null},{"edgeID":"1783396","fromID":"1362619","toID":"1362631","formEdgeID":null},{"edgeID":"1783397","fromID":"1362631","toID":"1362627","formEdgeID":null},{"edgeID":"1783398","fromID":"1362626","toID":"1362632","formEdgeID":null},{"edgeID":"1783399","fromID":"1362632","toID":"1362618","formEdgeID":null},{"edgeID":"1783400","fromID":"1362631","toID":"1362633","formEdgeID":null},{"edgeID":"1783401","fromID":"1362633","toID":"1362632","formEdgeID":null},{"edgeID":"1783402","fromID":"1362636","toID":"1362635","formEdgeID":null},{"edgeID":"1783403","fromID":"1362637","toID":"1362636","formEdgeID":null},{"edgeID":"1783404","fromID":"1362635","toID":"1362638","formEdgeID":null},{"edgeID":"1783405","fromID":"1362638","toID":"1362634","formEdgeID":null},{"edgeID":"1783406","fromID":"1362627","toID":"1362639","formEdgeID":null},{"edgeID":"1783407","fromID":"1362639","toID":"1362635","formEdgeID":null},{"edgeID":"1783408","fromID":"1362634","toID":"1362640","formEdgeID":null},{"edgeID":"1783409","fromID":"1362640","toID":"1362626","formEdgeID":null},{"edgeID":"1783410","fromID":"1362639","toID":"1362641","formEdgeID":null},{"edgeID":"1783411","fromID":"1362641","toID":"1362640","formEdgeID":null}],"locutions":[]}