{"nodes":[{"nodeID":"1360226","text":"pay's got to be competitive","type":"I","timestamp":"2023-11-09 14:25:40"},{"nodeID":"1360227","text":"Ash Sarkar: Pay's got to be competitive","type":"L","timestamp":"2023-11-09 14:25:40"},{"nodeID":"1360228","text":"Analysing","type":"YA","timestamp":"2023-11-09 14:25:40"},{"nodeID":"1360229","text":"Lara : Ash Sarkar: Pay's got to be competitive","type":"L","timestamp":"2023-11-09 14:25:40"},{"nodeID":"1360230","text":"Asserting","type":"YA","timestamp":"2023-11-09 14:25:40"},{"nodeID":"1360231","text":"when it comes to things like the NHS or the education sector the government is effectively saying to all these public sector workers get poorer and be happy about it","type":"I","timestamp":"2023-11-09 14:25:41"},{"nodeID":"1360232","text":"Ash Sarkar: when it comes to things like the NHS or the education sector you're effectively saying to all these public sector workers get poorer and be happy about it","type":"L","timestamp":"2023-11-09 14:25:41"},{"nodeID":"1360233","text":"Analysing","type":"YA","timestamp":"2023-11-09 14:25:41"},{"nodeID":"1360234","text":"Lara : Ash Sarkar: when it comes to things like the NHS or the education sector you're effectively saying to all these public sector workers get poorer and be happy about it","type":"L","timestamp":"2023-11-09 14:25:41"},{"nodeID":"1360235","text":"Asserting","type":"YA","timestamp":"2023-11-09 14:25:41"},{"nodeID":"1360236","text":"public sector workers should not accept that they are told to get poorer and be happy about it","type":"I","timestamp":"2023-11-09 14:25:42"},{"nodeID":"1360237","text":"Ash Sarkar: why should any of them accept that","type":"L","timestamp":"2023-11-09 14:25:42"},{"nodeID":"1360238","text":"Analysing","type":"YA","timestamp":"2023-11-09 14:25:42"},{"nodeID":"1360239","text":"Lara : Ash Sarkar: why should any of them accept that","type":"L","timestamp":"2023-11-09 14:25:42"},{"nodeID":"1360240","text":"Assertive Questioning","type":"YA","timestamp":"2023-11-09 14:25:42"},{"nodeID":"1360241","text":"it is not right that the government tells public sector workers to get poorer and be happy about it","type":"I","timestamp":"2023-11-09 14:25:42"},{"nodeID":"1360242","text":"Alex Chalk: That's not right","type":"L","timestamp":"2023-11-09 14:25:42"},{"nodeID":"1360243","text":"Analysing","type":"YA","timestamp":"2023-11-09 14:25:42"},{"nodeID":"1360244","text":"Lara : Alex Chalk: That's not right","type":"L","timestamp":"2023-11-09 14:25:42"},{"nodeID":"1360245","text":"Asserting","type":"YA","timestamp":"2023-11-09 14:25:42"},{"nodeID":"1360246","text":"the goverment is not giving the public sector workers a pay rise which keeps up with inflation","type":"I","timestamp":"2023-11-09 14:25:43"},{"nodeID":"1360247","text":"Ash Sarkar: Unless you're giving them a pay rise which keeps up with inflation","type":"L","timestamp":"2023-11-09 14:25:43"},{"nodeID":"1360248","text":"Analysing","type":"YA","timestamp":"2023-11-09 14:25:43"},{"nodeID":"1360249","text":"Lara : Ash Sarkar: Unless you're giving them a pay rise which keeps up with inflation","type":"L","timestamp":"2023-11-09 14:25:43"},{"nodeID":"1360250","text":"Asserting","type":"YA","timestamp":"2023-11-09 14:25:43"},{"nodeID":"1360251","text":"the public sector workers are getting poorer","type":"I","timestamp":"2023-11-09 14:25:44"},{"nodeID":"1360252","text":"Ash Sarkar: they are getting poorer","type":"L","timestamp":"2023-11-09 14:25:44"},{"nodeID":"1360253","text":"Analysing","type":"YA","timestamp":"2023-11-09 14:25:44"},{"nodeID":"1360254","text":"Lara : Ash Sarkar: they are getting poorer","type":"L","timestamp":"2023-11-09 14:25:44"},{"nodeID":"1360255","text":"Asserting","type":"YA","timestamp":"2023-11-09 14:25:44"},{"nodeID":"1360256","text":"with these decisions you try to take the politics out of the NHS pay debate","type":"I","timestamp":"2023-11-09 14:25:45"},{"nodeID":"1360257","text":"Alex Chalk: the position is, the way it's worked, and by the way, not just under the Conservative Government but under previous governments is that these decisions, you try to take the politics out of it","type":"L","timestamp":"2023-11-09 14:25:45"},{"nodeID":"1360258","text":"Analysing","type":"YA","timestamp":"2023-11-09 14:25:45"},{"nodeID":"1360259","text":"Lara : Alex Chalk: the position is, the way it's worked, and by the way, not just under the Conservative Government but under previous governments is that these decisions, you try to take the politics out of it","type":"L","timestamp":"2023-11-09 14:25:45"},{"nodeID":"1360260","text":"Asserting","type":"YA","timestamp":"2023-11-09 14:25:45"},{"nodeID":"1360261","text":"taking the politics out of the decision about the pay for public sector workers is not just the way it's worked under the Conservative Government but under previous governments","type":"I","timestamp":"2023-11-09 14:25:45"},{"nodeID":"1360262","text":"Alex Chalk: not just under the Conservative Government but under previous governments","type":"L","timestamp":"2023-11-09 14:25:45"},{"nodeID":"1360263","text":"Analysing","type":"YA","timestamp":"2023-11-09 14:25:45"},{"nodeID":"1360264","text":"Lara : Alex Chalk: not just under the Conservative Government but under previous governments","type":"L","timestamp":"2023-11-09 14:25:45"},{"nodeID":"1360265","text":"Asserting","type":"YA","timestamp":"2023-11-09 14:25:45"},{"nodeID":"1360266","text":"there is a lot of politics in the decision about the pay for public sector workers of course","type":"I","timestamp":"2023-11-09 14:25:46"},{"nodeID":"1360267","text":"Alex Chalk: there is a lot of politics in it of course","type":"L","timestamp":"2023-11-09 14:25:46"},{"nodeID":"1360268","text":"Analysing","type":"YA","timestamp":"2023-11-09 14:25:46"},{"nodeID":"1360269","text":"Lara : Alex Chalk: there is a lot of politics in it of course","type":"L","timestamp":"2023-11-09 14:25:46"},{"nodeID":"1360270","text":"Asserting","type":"YA","timestamp":"2023-11-09 14:25:46"},{"nodeID":"1360271","text":"the pay review bodies have a look at the pay for public sector workers","type":"I","timestamp":"2023-11-09 14:25:47"},{"nodeID":"1360272","text":"Alex Chalk: the pay review bodies have a look at it","type":"L","timestamp":"2023-11-09 14:25:47"},{"nodeID":"1360273","text":"Analysing","type":"YA","timestamp":"2023-11-09 14:25:47"},{"nodeID":"1360274","text":"Lara : Alex Chalk: the pay review bodies have a look at it","type":"L","timestamp":"2023-11-09 14:25:47"},{"nodeID":"1360275","text":"Asserting","type":"YA","timestamp":"2023-11-09 14:25:47"},{"nodeID":"1360276","text":"Default Transition","type":"TA","timestamp":"2023-11-09 14:25:47"},{"nodeID":"1360277","text":"Default Conflict","type":"CA","timestamp":"2023-11-09 14:25:47"},{"nodeID":"1360278","text":"Disagreeing","type":"YA","timestamp":"2023-11-09 14:25:47"},{"nodeID":"1360279","text":"Default Transition","type":"TA","timestamp":"2023-11-09 14:25:47"},{"nodeID":"1360280","text":"Default Rephrase","type":"MA","timestamp":"2023-11-09 14:25:47"},{"nodeID":"1360281","text":"Restating","type":"YA","timestamp":"2023-11-09 14:25:47"},{"nodeID":"1360282","text":"Default Transition","type":"TA","timestamp":"2023-11-09 14:25:47"},{"nodeID":"1360283","text":"Default Conflict","type":"CA","timestamp":"2023-11-09 14:25:47"},{"nodeID":"1360284","text":"Disagreeing","type":"YA","timestamp":"2023-11-09 14:25:47"},{"nodeID":"1360285","text":"Default Transition","type":"TA","timestamp":"2023-11-09 14:25:47"},{"nodeID":"1360286","text":"Default Transition","type":"TA","timestamp":"2023-11-09 14:25:47"},{"nodeID":"1360287","text":"Default Inference","type":"RA","timestamp":"2023-11-09 14:25:47"},{"nodeID":"1360288","text":"Arguing","type":"YA","timestamp":"2023-11-09 14:25:47"},{"nodeID":"1360289","text":"Default Transition","type":"TA","timestamp":"2023-11-09 14:25:47"},{"nodeID":"1360290","text":"Default Transition","type":"TA","timestamp":"2023-11-09 14:25:47"},{"nodeID":"1360291","text":"Default Transition","type":"TA","timestamp":"2023-11-09 14:25:47"},{"nodeID":"1360292","text":"Default Conflict","type":"CA","timestamp":"2023-11-09 14:25:47"},{"nodeID":"1360293","text":"Disagreeing","type":"YA","timestamp":"2023-11-09 14:25:47"},{"nodeID":"1360294","text":"Default Transition","type":"TA","timestamp":"2023-11-09 14:25:47"},{"nodeID":"1360295","text":"Default Inference","type":"RA","timestamp":"2023-11-09 14:25:47"},{"nodeID":"1360296","text":"in a previous dispute in the 1980s it was actually the nursing union at that stage which called for the pay for public sector workers to be done by the pay review body","type":"I","timestamp":"2023-11-09 14:25:48"},{"nodeID":"1360297","text":"Alex Chalk:  in a previous dispute in the 1980s it was actually the nursing union at that stage which called for this to be done by the pay review body","type":"L","timestamp":"2023-11-09 14:25:48"},{"nodeID":"1360298","text":"Analysing","type":"YA","timestamp":"2023-11-09 14:25:48"},{"nodeID":"1360299","text":"Lara : Alex Chalk:  in a previous dispute in the 1980s it was actually the nursing union at that stage which called for this to be done by the pay review body","type":"L","timestamp":"2023-11-09 14:25:48"},{"nodeID":"1360300","text":"Asserting","type":"YA","timestamp":"2023-11-09 14:25:48"},{"nodeID":"1360301","text":"Default Transition","type":"TA","timestamp":"2023-11-09 14:25:48"},{"nodeID":"1360302","text":"Default Inference","type":"RA","timestamp":"2023-11-09 14:25:48"},{"nodeID":"1360303","text":"Arguing","type":"YA","timestamp":"2023-11-09 14:25:48"},{"nodeID":"1360304","text":"Default Rephrase","type":"MA","timestamp":"2023-11-09 14:25:48"},{"nodeID":"1360305","text":"Restating","type":"YA","timestamp":"2023-11-09 14:25:48"},{"nodeID":"1360306","text":"Default Inference","type":"RA","timestamp":"2023-11-09 14:25:48"},{"nodeID":"1360307","text":"Default Transition","type":"TA","timestamp":"2023-11-09 14:25:48"},{"nodeID":"1360308","text":"Arguing","type":"YA","timestamp":"2023-11-09 14:25:48"}],"edges":[{"edgeID":"1780515","fromID":"1360228","toID":"1360227","formEdgeID":null},{"edgeID":"1780516","fromID":"1360229","toID":"1360228","formEdgeID":null},{"edgeID":"1780517","fromID":"1360227","toID":"1360230","formEdgeID":null},{"edgeID":"1780518","fromID":"1360230","toID":"1360226","formEdgeID":null},{"edgeID":"1780519","fromID":"1360233","toID":"1360232","formEdgeID":null},{"edgeID":"1780520","fromID":"1360234","toID":"1360233","formEdgeID":null},{"edgeID":"1780521","fromID":"1360232","toID":"1360235","formEdgeID":null},{"edgeID":"1780522","fromID":"1360235","toID":"1360231","formEdgeID":null},{"edgeID":"1780523","fromID":"1360238","toID":"1360237","formEdgeID":null},{"edgeID":"1780524","fromID":"1360239","toID":"1360238","formEdgeID":null},{"edgeID":"1780525","fromID":"1360237","toID":"1360240","formEdgeID":null},{"edgeID":"1780526","fromID":"1360240","toID":"1360236","formEdgeID":null},{"edgeID":"1780527","fromID":"1360243","toID":"1360242","formEdgeID":null},{"edgeID":"1780528","fromID":"1360244","toID":"1360243","formEdgeID":null},{"edgeID":"1780529","fromID":"1360242","toID":"1360245","formEdgeID":null},{"edgeID":"1780530","fromID":"1360245","toID":"1360241","formEdgeID":null},{"edgeID":"1780531","fromID":"1360248","toID":"1360247","formEdgeID":null},{"edgeID":"1780532","fromID":"1360249","toID":"1360248","formEdgeID":null},{"edgeID":"1780533","fromID":"1360247","toID":"1360250","formEdgeID":null},{"edgeID":"1780534","fromID":"1360250","toID":"1360246","formEdgeID":null},{"edgeID":"1780535","fromID":"1360253","toID":"1360252","formEdgeID":null},{"edgeID":"1780536","fromID":"1360254","toID":"1360253","formEdgeID":null},{"edgeID":"1780537","fromID":"1360252","toID":"1360255","formEdgeID":null},{"edgeID":"1780538","fromID":"1360255","toID":"1360251","formEdgeID":null},{"edgeID":"1780539","fromID":"1360258","toID":"1360257","formEdgeID":null},{"edgeID":"1780540","fromID":"1360259","toID":"1360258","formEdgeID":null},{"edgeID":"1780541","fromID":"1360257","toID":"1360260","formEdgeID":null},{"edgeID":"1780542","fromID":"1360260","toID":"1360256","formEdgeID":null},{"edgeID":"1780543","fromID":"1360263","toID":"1360262","formEdgeID":null},{"edgeID":"1780544","fromID":"1360264","toID":"1360263","formEdgeID":null},{"edgeID":"1780545","fromID":"1360262","toID":"1360265","formEdgeID":null},{"edgeID":"1780546","fromID":"1360265","toID":"1360261","formEdgeID":null},{"edgeID":"1780547","fromID":"1360268","toID":"1360267","formEdgeID":null},{"edgeID":"1780548","fromID":"1360269","toID":"1360268","formEdgeID":null},{"edgeID":"1780549","fromID":"1360267","toID":"1360270","formEdgeID":null},{"edgeID":"1780550","fromID":"1360270","toID":"1360266","formEdgeID":null},{"edgeID":"1780551","fromID":"1360273","toID":"1360272","formEdgeID":null},{"edgeID":"1780552","fromID":"1360274","toID":"1360273","formEdgeID":null},{"edgeID":"1780553","fromID":"1360272","toID":"1360275","formEdgeID":null},{"edgeID":"1780554","fromID":"1360275","toID":"1360271","formEdgeID":null},{"edgeID":"1780555","fromID":"1360227","toID":"1360276","formEdgeID":null},{"edgeID":"1780556","fromID":"1360276","toID":"1360232","formEdgeID":null},{"edgeID":"1780557","fromID":"1360231","toID":"1360277","formEdgeID":null},{"edgeID":"1780558","fromID":"1360277","toID":"1360226","formEdgeID":null},{"edgeID":"1780559","fromID":"1360276","toID":"1360278","formEdgeID":null},{"edgeID":"1780560","fromID":"1360278","toID":"1360277","formEdgeID":null},{"edgeID":"1780561","fromID":"1360232","toID":"1360279","formEdgeID":null},{"edgeID":"1780562","fromID":"1360279","toID":"1360237","formEdgeID":null},{"edgeID":"1780563","fromID":"1360236","toID":"1360280","formEdgeID":null},{"edgeID":"1780564","fromID":"1360280","toID":"1360231","formEdgeID":null},{"edgeID":"1780565","fromID":"1360279","toID":"1360281","formEdgeID":null},{"edgeID":"1780566","fromID":"1360281","toID":"1360280","formEdgeID":null},{"edgeID":"1780567","fromID":"1360232","toID":"1360282","formEdgeID":null},{"edgeID":"1780568","fromID":"1360282","toID":"1360242","formEdgeID":null},{"edgeID":"1780569","fromID":"1360241","toID":"1360283","formEdgeID":null},{"edgeID":"1780570","fromID":"1360283","toID":"1360231","formEdgeID":null},{"edgeID":"1780571","fromID":"1360282","toID":"1360284","formEdgeID":null},{"edgeID":"1780572","fromID":"1360284","toID":"1360283","formEdgeID":null},{"edgeID":"1780573","fromID":"1360242","toID":"1360285","formEdgeID":null},{"edgeID":"1780574","fromID":"1360285","toID":"1360247","formEdgeID":null},{"edgeID":"1780575","fromID":"1360247","toID":"1360286","formEdgeID":null},{"edgeID":"1780576","fromID":"1360286","toID":"1360252","formEdgeID":null},{"edgeID":"1780577","fromID":"1360246","toID":"1360287","formEdgeID":null},{"edgeID":"1780578","fromID":"1360287","toID":"1360251","formEdgeID":null},{"edgeID":"1780579","fromID":"1360286","toID":"1360288","formEdgeID":null},{"edgeID":"1780580","fromID":"1360288","toID":"1360287","formEdgeID":null},{"edgeID":"1780581","fromID":"1360252","toID":"1360289","formEdgeID":null},{"edgeID":"1780582","fromID":"1360289","toID":"1360257","formEdgeID":null},{"edgeID":"1780583","fromID":"1360257","toID":"1360290","formEdgeID":null},{"edgeID":"1780584","fromID":"1360290","toID":"1360262","formEdgeID":null},{"edgeID":"1780585","fromID":"1360257","toID":"1360291","formEdgeID":null},{"edgeID":"1780586","fromID":"1360291","toID":"1360267","formEdgeID":null},{"edgeID":"1780587","fromID":"1360266","toID":"1360292","formEdgeID":null},{"edgeID":"1780588","fromID":"1360292","toID":"1360256","formEdgeID":null},{"edgeID":"1780589","fromID":"1360291","toID":"1360293","formEdgeID":null},{"edgeID":"1780590","fromID":"1360293","toID":"1360292","formEdgeID":null},{"edgeID":"1780591","fromID":"1360257","toID":"1360294","formEdgeID":null},{"edgeID":"1780592","fromID":"1360294","toID":"1360272","formEdgeID":null},{"edgeID":"1780593","fromID":"1360256","toID":"1360295","formEdgeID":null},{"edgeID":"1780594","fromID":"1360295","toID":"1360271","formEdgeID":null},{"edgeID":"1780595","fromID":"1360298","toID":"1360297","formEdgeID":null},{"edgeID":"1780596","fromID":"1360299","toID":"1360298","formEdgeID":null},{"edgeID":"1780597","fromID":"1360297","toID":"1360300","formEdgeID":null},{"edgeID":"1780598","fromID":"1360300","toID":"1360296","formEdgeID":null},{"edgeID":"1780599","fromID":"1360272","toID":"1360301","formEdgeID":null},{"edgeID":"1780600","fromID":"1360301","toID":"1360297","formEdgeID":null},{"edgeID":"1780601","fromID":"1360296","toID":"1360302","formEdgeID":null},{"edgeID":"1780602","fromID":"1360302","toID":"1360271","formEdgeID":null},{"edgeID":"1780603","fromID":"1360301","toID":"1360303","formEdgeID":null},{"edgeID":"1780604","fromID":"1360303","toID":"1360302","formEdgeID":null},{"edgeID":"1780605","fromID":"1360261","toID":"1360304","formEdgeID":null},{"edgeID":"1780606","fromID":"1360304","toID":"1360256","formEdgeID":null},{"edgeID":"1780607","fromID":"1360290","toID":"1360305","formEdgeID":null},{"edgeID":"1780608","fromID":"1360305","toID":"1360304","formEdgeID":null},{"edgeID":"1780609","fromID":"1360231","toID":"1360306","formEdgeID":null},{"edgeID":"1780610","fromID":"1360306","toID":"1360246","formEdgeID":null},{"edgeID":"1780611","fromID":"1360232","toID":"1360307","formEdgeID":null},{"edgeID":"1780612","fromID":"1360307","toID":"1360247","formEdgeID":null},{"edgeID":"1780613","fromID":"1360307","toID":"1360308","formEdgeID":null},{"edgeID":"1780614","fromID":"1360308","toID":"1360306","formEdgeID":null}],"locutions":[]}