{"nodes":[{"nodeID":"1362850","text":"the goverment is trying to make it harder for people to go on strike","type":"I","timestamp":"2023-11-09 14:29:17"},{"nodeID":"1362851","text":"Ash Sarkar: do you know why they're trying to make it harder for people to go on strike","type":"L","timestamp":"2023-11-09 14:29:17"},{"nodeID":"1362852","text":"Analysing","type":"YA","timestamp":"2023-11-09 14:29:17"},{"nodeID":"1362853","text":"Lara : Ash Sarkar: do you know why they're trying to make it harder for people to go on strike","type":"L","timestamp":"2023-11-09 14:29:17"},{"nodeID":"1362854","text":"Rhetorical Questioning","type":"YA","timestamp":"2023-11-09 14:29:17"},{"nodeID":"1362855","text":"the reason why the goverment is making it harder for people to go on strike is very simple","type":"I","timestamp":"2023-11-09 14:29:18"},{"nodeID":"1362856","text":"Ash Sarkar: it's very simple","type":"L","timestamp":"2023-11-09 14:29:18"},{"nodeID":"1362857","text":"Analysing","type":"YA","timestamp":"2023-11-09 14:29:18"},{"nodeID":"1362858","text":"Lara : Ash Sarkar: it's very simple","type":"L","timestamp":"2023-11-09 14:29:18"},{"nodeID":"1362859","text":"Asserting","type":"YA","timestamp":"2023-11-09 14:29:18"},{"nodeID":"1362860","text":"the Government is scared of what happens when workers organise collectively together","type":"I","timestamp":"2023-11-09 14:29:18"},{"nodeID":"1362861","text":"Ash Sarkar: This Government is scared of what happens when workers organise collectively together","type":"L","timestamp":"2023-11-09 14:29:18"},{"nodeID":"1362862","text":"Analysing","type":"YA","timestamp":"2023-11-09 14:29:18"},{"nodeID":"1362863","text":"Lara : Ash Sarkar: This Government is scared of what happens when workers organise collectively together","type":"L","timestamp":"2023-11-09 14:29:18"},{"nodeID":"1362864","text":"Asserting","type":"YA","timestamp":"2023-11-09 14:29:18"},{"nodeID":"1362865","text":"the goverment is scared that people are realising that the only power they have is to collective bargaining","type":"I","timestamp":"2023-11-09 14:29:19"},{"nodeID":"1362866","text":"Ash Sarkar: They're scared that after 12 years of stagnant and falling living standards, of not getting pay rises in the good times, now there's a cost of living crisis you can't get a pay rise now either, that people are realising that the only power they have is to collective bargaining","type":"L","timestamp":"2023-11-09 14:29:19"},{"nodeID":"1362867","text":"Analysing","type":"YA","timestamp":"2023-11-09 14:29:19"},{"nodeID":"1362868","text":"Lara : Ash Sarkar: They're scared that after 12 years of stagnant and falling living standards, of not getting pay rises in the good times, now there's a cost of living crisis you can't get a pay rise now either, that people are realising that the only power they have is to collective bargaining","type":"L","timestamp":"2023-11-09 14:29:19"},{"nodeID":"1362869","text":"Asserting","type":"YA","timestamp":"2023-11-09 14:29:19"},{"nodeID":"1362870","text":"the goverment is scared that the people are realising that the only power they have is withdrawing their labour when being pushed to it","type":"I","timestamp":"2023-11-09 14:29:20"},{"nodeID":"1362871","text":"Ash Sarkar: when being pushed to it withdrawing their labour","type":"L","timestamp":"2023-11-09 14:29:20"},{"nodeID":"1362872","text":"Analysing","type":"YA","timestamp":"2023-11-09 14:29:20"},{"nodeID":"1362873","text":"Lara : Ash Sarkar: when being pushed to it withdrawing their labour","type":"L","timestamp":"2023-11-09 14:29:20"},{"nodeID":"1362874","text":"Asserting","type":"YA","timestamp":"2023-11-09 14:29:20"},{"nodeID":"1362875","text":"the goverment is trying to push through this frankly pathetic package of measures to try and restrict people's right to exercise the fundamental democratic right of collective bargaining","type":"I","timestamp":"2023-11-09 14:29:20"},{"nodeID":"1362876","text":"Ash Sarkar: that's why they're trying to push through this frankly pathetic package of measures to try and restrict people's right to exercise that fundamental democratic right","type":"L","timestamp":"2023-11-09 14:29:20"},{"nodeID":"1362877","text":"Analysing","type":"YA","timestamp":"2023-11-09 14:29:20"},{"nodeID":"1362878","text":"Lara : Ash Sarkar: that's why they're trying to push through this frankly pathetic package of measures to try and restrict people's right to exercise that fundamental democratic right","type":"L","timestamp":"2023-11-09 14:29:20"},{"nodeID":"1362879","text":"Asserting","type":"YA","timestamp":"2023-11-09 14:29:20"},{"nodeID":"1362880","text":"the Government are on the back foot","type":"I","timestamp":"2023-11-09 14:29:21"},{"nodeID":"1362881","text":"Ash Sarkar: the Government are on the back foot","type":"L","timestamp":"2023-11-09 14:29:21"},{"nodeID":"1362882","text":"Analysing","type":"YA","timestamp":"2023-11-09 14:29:21"},{"nodeID":"1362883","text":"Lara : Ash Sarkar: the Government are on the back foot","type":"L","timestamp":"2023-11-09 14:29:21"},{"nodeID":"1362884","text":"Asserting","type":"YA","timestamp":"2023-11-09 14:29:21"},{"nodeID":"1362885","text":"the goverment's actions are pathetic quite frankly","type":"I","timestamp":"2023-11-09 14:29:21"},{"nodeID":"1362886","text":"Ash Sarkar: it's pathetic quite frankly","type":"L","timestamp":"2023-11-09 14:29:21"},{"nodeID":"1362887","text":"Analysing","type":"YA","timestamp":"2023-11-09 14:29:21"},{"nodeID":"1362888","text":"Lara : Ash Sarkar: it's pathetic quite frankly","type":"L","timestamp":"2023-11-09 14:29:21"},{"nodeID":"1362889","text":"Asserting","type":"YA","timestamp":"2023-11-09 14:29:21"},{"nodeID":"1362890","text":"Tim Stanley: I agree with you Ash","type":"L","timestamp":"2023-11-09 14:29:21"},{"nodeID":"1362891","text":"Analysing","type":"YA","timestamp":"2023-11-09 14:29:21"},{"nodeID":"1362892","text":"Lara : Tim Stanley: I agree with you Ash","type":"L","timestamp":"2023-11-09 14:29:21"},{"nodeID":"1362893","text":"the Government is scared","type":"I","timestamp":"2023-11-09 14:29:22"},{"nodeID":"1362894","text":"Tim Stanley: the Government is scared","type":"L","timestamp":"2023-11-09 14:29:22"},{"nodeID":"1362895","text":"Analysing","type":"YA","timestamp":"2023-11-09 14:29:22"},{"nodeID":"1362896","text":"Lara : Tim Stanley: the Government is scared","type":"L","timestamp":"2023-11-09 14:29:22"},{"nodeID":"1362897","text":"Asserting","type":"YA","timestamp":"2023-11-09 14:29:22"},{"nodeID":"1362898","text":"the goverment isn't scared of workers organising collectively together","type":"I","timestamp":"2023-11-09 14:29:23"},{"nodeID":"1362899","text":"Tim Stanley: I don't think they're scared of that","type":"L","timestamp":"2023-11-09 14:29:23"},{"nodeID":"1362900","text":"Analysing","type":"YA","timestamp":"2023-11-09 14:29:23"},{"nodeID":"1362901","text":"Lara : Tim Stanley: I don't think they're scared of that","type":"L","timestamp":"2023-11-09 14:29:23"},{"nodeID":"1362902","text":"Asserting","type":"YA","timestamp":"2023-11-09 14:29:23"},{"nodeID":"1362903","text":"the goverment is scared of an inflationary spiral of wage demands","type":"I","timestamp":"2023-11-09 14:29:23"},{"nodeID":"1362904","text":"Tim Stanley: they're scared of an inflationary spiral of wage demands","type":"L","timestamp":"2023-11-09 14:29:23"},{"nodeID":"1362905","text":"Analysing","type":"YA","timestamp":"2023-11-09 14:29:23"},{"nodeID":"1362906","text":"Lara : Tim Stanley: they're scared of an inflationary spiral of wage demands","type":"L","timestamp":"2023-11-09 14:29:23"},{"nodeID":"1362907","text":"Asserting","type":"YA","timestamp":"2023-11-09 14:29:23"},{"nodeID":"1362908","text":"Alex Chalk: That's exactly it","type":"L","timestamp":"2023-11-09 14:29:23"},{"nodeID":"1362909","text":"Analysing","type":"YA","timestamp":"2023-11-09 14:29:23"},{"nodeID":"1362910","text":"Lara : Alex Chalk: That's exactly it","type":"L","timestamp":"2023-11-09 14:29:23"},{"nodeID":"1362911","text":"pay rises are going up in the private sector and they're not going up in the public sector","type":"I","timestamp":"2023-11-09 14:29:24"},{"nodeID":"1362912","text":"Ash Sarkar: pay rises are going up in the private sector and they're not going up in the public sector","type":"L","timestamp":"2023-11-09 14:29:24"},{"nodeID":"1362913","text":"Analysing","type":"YA","timestamp":"2023-11-09 14:29:24"},{"nodeID":"1362914","text":"Lara : Ash Sarkar: pay rises are going up in the private sector and they're not going up in the public sector","type":"L","timestamp":"2023-11-09 14:29:24"},{"nodeID":"1362915","text":"Asserting","type":"YA","timestamp":"2023-11-09 14:29:24"},{"nodeID":"1362916","text":"you can't make the claim that you're scared of a wage price spiral","type":"I","timestamp":"2023-11-09 14:29:24"},{"nodeID":"1362917","text":"Ash Sarkar: how can you make the claim that you're scared of a wage price spiral","type":"L","timestamp":"2023-11-09 14:29:24"},{"nodeID":"1362918","text":"Analysing","type":"YA","timestamp":"2023-11-09 14:29:24"},{"nodeID":"1362919","text":"Lara : Ash Sarkar: how can you make the claim that you're scared of a wage price spiral","type":"L","timestamp":"2023-11-09 14:29:24"},{"nodeID":"1362920","text":"Assertive Questioning","type":"YA","timestamp":"2023-11-09 14:29:24"},{"nodeID":"1362921","text":"the argument of pay rises comes back to the question about health versus bankers' bonuses","type":"I","timestamp":"2023-11-09 14:29:25"},{"nodeID":"1362922","text":"Tim Stanley: this comes back to the question about health versus bankers' bonuses","type":"L","timestamp":"2023-11-09 14:29:25"},{"nodeID":"1362923","text":"Analysing","type":"YA","timestamp":"2023-11-09 14:29:25"},{"nodeID":"1362924","text":"Lara : Tim Stanley: this comes back to the question about health versus bankers' bonuses","type":"L","timestamp":"2023-11-09 14:29:25"},{"nodeID":"1362925","text":"Asserting","type":"YA","timestamp":"2023-11-09 14:29:25"},{"nodeID":"1362926","text":"wages and bonuses can go up in the private sector because the goverment isn't paying for them","type":"I","timestamp":"2023-11-09 14:29:26"},{"nodeID":"1362927","text":"Tim Stanley: The point is that wages and bonuses can go up in the private sector because you and I ain't paying for them","type":"L","timestamp":"2023-11-09 14:29:26"},{"nodeID":"1362928","text":"Analysing","type":"YA","timestamp":"2023-11-09 14:29:26"},{"nodeID":"1362929","text":"Lara : Tim Stanley: The point is that wages and bonuses can go up in the private sector because you and I ain't paying for them","type":"L","timestamp":"2023-11-09 14:29:26"},{"nodeID":"1362930","text":"Asserting","type":"YA","timestamp":"2023-11-09 14:29:26"},{"nodeID":"1362931","text":"when it comes to a nationalised publicly owned industry like health, there is a different matter because of tax","type":"I","timestamp":"2023-11-09 14:29:26"},{"nodeID":"1362932","text":"Tim Stanley: when it comes to a nationalised publicly owned industry like health, there is a different matter because of tax","type":"L","timestamp":"2023-11-09 14:29:26"},{"nodeID":"1362933","text":"Analysing","type":"YA","timestamp":"2023-11-09 14:29:26"},{"nodeID":"1362934","text":"Lara : Tim Stanley: when it comes to a nationalised publicly owned industry like health, there is a different matter because of tax","type":"L","timestamp":"2023-11-09 14:29:26"},{"nodeID":"1362935","text":"Asserting","type":"YA","timestamp":"2023-11-09 14:29:26"},{"nodeID":"1362936","text":"Ash Sarkar: No","type":"L","timestamp":"2023-11-09 14:29:26"},{"nodeID":"1362937","text":"Analysing","type":"YA","timestamp":"2023-11-09 14:29:26"},{"nodeID":"1362938","text":"Lara : Ash Sarkar: No","type":"L","timestamp":"2023-11-09 14:29:26"},{"nodeID":"1362939","text":"Ash Sarkar: That's something different","type":"L","timestamp":"2023-11-09 14:29:26"},{"nodeID":"1362940","text":"Analysing","type":"YA","timestamp":"2023-11-09 14:29:26"},{"nodeID":"1362941","text":"Lara : Ash Sarkar: That's something different","type":"L","timestamp":"2023-11-09 14:29:26"},{"nodeID":"1362942","text":"Ash Sarkar:  you said that's a wage price spiral","type":"L","timestamp":"2023-11-09 14:29:26"},{"nodeID":"1362943","text":"Analysing","type":"YA","timestamp":"2023-11-09 14:29:26"},{"nodeID":"1362944","text":"Lara : Ash Sarkar:  you said that's a wage price spira","type":"L","timestamp":"2023-11-09 14:29:26"},{"nodeID":"1362945","text":"a wage price spiral is something different","type":"I","timestamp":"2023-11-09 14:29:27"},{"nodeID":"1362946","text":"Ash Sarkar: which is something different","type":"L","timestamp":"2023-11-09 14:29:27"},{"nodeID":"1362947","text":"Analysing","type":"YA","timestamp":"2023-11-09 14:29:27"},{"nodeID":"1362948","text":"Lara : Ash Sarkar: which is something different","type":"L","timestamp":"2023-11-09 14:29:27"},{"nodeID":"1362949","text":"Asserting","type":"YA","timestamp":"2023-11-09 14:29:27"},{"nodeID":"1362950","text":"Default Transition","type":"TA","timestamp":"2023-11-09 14:29:27"},{"nodeID":"1362951","text":"Default Rephrase","type":"MA","timestamp":"2023-11-09 14:29:27"},{"nodeID":"1362952","text":"Restating","type":"YA","timestamp":"2023-11-09 14:29:27"},{"nodeID":"1362953","text":"Default Transition","type":"TA","timestamp":"2023-11-09 14:29:27"},{"nodeID":"1362954","text":"Default Transition","type":"TA","timestamp":"2023-11-09 14:29:27"},{"nodeID":"1362955","text":"Default Rephrase","type":"MA","timestamp":"2023-11-09 14:29:27"},{"nodeID":"1362956","text":"Restating","type":"YA","timestamp":"2023-11-09 14:29:27"},{"nodeID":"1362957","text":"there have been 12 years of stagnant and falling living standards, of not getting pay rises in the good times","type":"I","timestamp":"2023-11-09 14:29:27"},{"nodeID":"1362958","text":"Ash Sarkar:  after 12 years of stagnant and falling living standards, of not getting pay rises in the good times","type":"L","timestamp":"2023-11-09 14:29:27"},{"nodeID":"1362959","text":"Analysing","type":"YA","timestamp":"2023-11-09 14:29:27"},{"nodeID":"1362960","text":"Lara : Ash Sarkar:  after 12 years of stagnant and falling living standards, of not getting pay rises in the good times","type":"L","timestamp":"2023-11-09 14:29:27"},{"nodeID":"1362961","text":"Asserting","type":"YA","timestamp":"2023-11-09 14:29:27"},{"nodeID":"1362962","text":"now there's a cost of living crisis you can't get a pay rise now either","type":"I","timestamp":"2023-11-09 14:29:28"},{"nodeID":"1362963","text":"Ash Sarkar: now there's a cost of living crisis you can't get a pay rise now either","type":"L","timestamp":"2023-11-09 14:29:28"},{"nodeID":"1362964","text":"Analysing","type":"YA","timestamp":"2023-11-09 14:29:28"},{"nodeID":"1362965","text":"Lara : Ash Sarkar: now there's a cost of living crisis you can't get a pay rise now either","type":"L","timestamp":"2023-11-09 14:29:28"},{"nodeID":"1362966","text":"Asserting","type":"YA","timestamp":"2023-11-09 14:29:28"},{"nodeID":"1362967","text":"Default Inference","type":"RA","timestamp":"2023-11-09 14:29:28"},{"nodeID":"1362968","text":"Default Transition","type":"TA","timestamp":"2023-11-09 14:29:28"},{"nodeID":"1362969","text":"Default Transition","type":"TA","timestamp":"2023-11-09 14:29:28"},{"nodeID":"1362970","text":"Default Transition","type":"TA","timestamp":"2023-11-09 14:29:28"},{"nodeID":"1362971","text":"Default Rephrase","type":"MA","timestamp":"2023-11-09 14:29:28"},{"nodeID":"1362972","text":"Restating","type":"YA","timestamp":"2023-11-09 14:29:28"},{"nodeID":"1362973","text":"Default Inference","type":"RA","timestamp":"2023-11-09 14:29:28"},{"nodeID":"1362974","text":"Default Transition","type":"TA","timestamp":"2023-11-09 14:29:28"},{"nodeID":"1362975","text":"Arguing","type":"YA","timestamp":"2023-11-09 14:29:28"},{"nodeID":"1362976","text":"people are out there thinking about organising their workplaces","type":"I","timestamp":"2023-11-09 14:29:29"},{"nodeID":"1362977","text":"Ash Sarkar: people are out there thinking about organising their workplaces","type":"L","timestamp":"2023-11-09 14:29:29"},{"nodeID":"1362978","text":"Analysing","type":"YA","timestamp":"2023-11-09 14:29:29"},{"nodeID":"1362979","text":"Lara : Ash Sarkar: people are out there thinking about organising their workplaces","type":"L","timestamp":"2023-11-09 14:29:29"},{"nodeID":"1362980","text":"Asserting","type":"YA","timestamp":"2023-11-09 14:29:29"},{"nodeID":"1362981","text":"the goverment's package of measures should give the people thinking about organising their workspaces heart","type":"I","timestamp":"2023-11-09 14:29:29"},{"nodeID":"1362982","text":"Ash Sarkar: this should give them heart","type":"L","timestamp":"2023-11-09 14:29:29"},{"nodeID":"1362983","text":"Analysing","type":"YA","timestamp":"2023-11-09 14:29:29"},{"nodeID":"1362984","text":"Lara : Ash Sarkar: this should give them heart","type":"L","timestamp":"2023-11-09 14:29:29"},{"nodeID":"1362985","text":"Asserting","type":"YA","timestamp":"2023-11-09 14:29:29"},{"nodeID":"1362986","text":"Default Transition","type":"TA","timestamp":"2023-11-09 14:29:29"},{"nodeID":"1362987","text":"Default Transition","type":"TA","timestamp":"2023-11-09 14:29:29"},{"nodeID":"1362988","text":"Default Inference","type":"RA","timestamp":"2023-11-09 14:29:29"},{"nodeID":"1362989","text":"Arguing","type":"YA","timestamp":"2023-11-09 14:29:29"},{"nodeID":"1362990","text":"Default Transition","type":"TA","timestamp":"2023-11-09 14:29:29"},{"nodeID":"1362991","text":"Default Inference","type":"RA","timestamp":"2023-11-09 14:29:29"},{"nodeID":"1362992","text":"Arguing","type":"YA","timestamp":"2023-11-09 14:29:29"},{"nodeID":"1362993","text":"Default Transition","type":"TA","timestamp":"2023-11-09 14:29:29"},{"nodeID":"1362994","text":"Default Transition","type":"TA","timestamp":"2023-11-09 14:29:29"},{"nodeID":"1362995","text":"Agreeing","type":"YA","timestamp":"2023-11-09 14:29:29"},{"nodeID":"1362996","text":"Default Transition","type":"TA","timestamp":"2023-11-09 14:29:29"},{"nodeID":"1362997","text":"Default Transition","type":"TA","timestamp":"2023-11-09 14:29:29"},{"nodeID":"1362998","text":"Default Conflict","type":"CA","timestamp":"2023-11-09 14:29:29"},{"nodeID":"1362999","text":"Disagreeing","type":"YA","timestamp":"2023-11-09 14:29:29"},{"nodeID":"1363000","text":"Default Transition","type":"TA","timestamp":"2023-11-09 14:29:29"},{"nodeID":"1363001","text":"Default Rephrase","type":"MA","timestamp":"2023-11-09 14:29:29"},{"nodeID":"1363002","text":"Restating","type":"YA","timestamp":"2023-11-09 14:29:29"},{"nodeID":"1363003","text":"Default Transition","type":"TA","timestamp":"2023-11-09 14:29:29"},{"nodeID":"1363004","text":"Agreeing","type":"YA","timestamp":"2023-11-09 14:29:29"},{"nodeID":"1363005","text":"Default Transition","type":"TA","timestamp":"2023-11-09 14:29:29"},{"nodeID":"1363006","text":"Default Transition","type":"TA","timestamp":"2023-11-09 14:29:29"},{"nodeID":"1363007","text":"Default Inference","type":"RA","timestamp":"2023-11-09 14:29:29"},{"nodeID":"1363008","text":"Arguing","type":"YA","timestamp":"2023-11-09 14:29:29"},{"nodeID":"1363009","text":"Default Transition","type":"TA","timestamp":"2023-11-09 14:29:29"},{"nodeID":"1363010","text":"Default Transition","type":"TA","timestamp":"2023-11-09 14:29:29"},{"nodeID":"1363011","text":"Default Conflict","type":"CA","timestamp":"2023-11-09 14:29:29"},{"nodeID":"1363012","text":"Disagreeing","type":"YA","timestamp":"2023-11-09 14:29:29"},{"nodeID":"1363013","text":"Default Transition","type":"TA","timestamp":"2023-11-09 14:29:29"},{"nodeID":"1363014","text":"Default Transition","type":"TA","timestamp":"2023-11-09 14:29:29"},{"nodeID":"1363015","text":"Disagreeing","type":"YA","timestamp":"2023-11-09 14:29:29"},{"nodeID":"1363016","text":"that's a wage price spiral","type":"I","timestamp":"2023-11-09 14:29:30"},{"nodeID":"1363017","text":"Tim Stanley:  that's a wage price spiral","type":"L","timestamp":"2023-11-09 14:29:30"},{"nodeID":"1363018","text":"Analysing","type":"YA","timestamp":"2023-11-09 14:29:30"},{"nodeID":"1363019","text":"Lara : Tim Stanley:  that's a wage price spira","type":"L","timestamp":"2023-11-09 14:29:30"},{"nodeID":"1363020","text":"Asserting","type":"YA","timestamp":"2023-11-09 14:29:30"},{"nodeID":"1363021","text":"Disagreeing","type":"YA","timestamp":"2023-11-09 14:29:30"},{"nodeID":"1363022","text":"Default Transition","type":"TA","timestamp":"2023-11-09 14:29:30"},{"nodeID":"1363023","text":"Default Transition","type":"TA","timestamp":"2023-11-09 14:29:30"},{"nodeID":"1363024","text":"Default Conflict","type":"CA","timestamp":"2023-11-09 14:29:30"},{"nodeID":"1363025","text":"Disagreeing","type":"YA","timestamp":"2023-11-09 14:29:30"},{"nodeID":"1363026","text":"Default Transition","type":"TA","timestamp":"2023-11-09 14:29:30"},{"nodeID":"1363027","text":"Asserting","type":"YA","timestamp":"2023-11-09 14:29:30"},{"nodeID":"1363028","text":"Default Inference","type":"RA","timestamp":"2023-11-09 14:29:30"},{"nodeID":"1363029","text":"Arguing","type":"YA","timestamp":"2023-11-09 14:29:30"},{"nodeID":"1363030","text":"Arguing","type":"YA","timestamp":"2023-11-09 14:29:30"}],"edges":[{"edgeID":"1783664","fromID":"1362852","toID":"1362851","formEdgeID":null},{"edgeID":"1783665","fromID":"1362853","toID":"1362852","formEdgeID":null},{"edgeID":"1783666","fromID":"1362851","toID":"1362854","formEdgeID":null},{"edgeID":"1783667","fromID":"1362854","toID":"1362850","formEdgeID":null},{"edgeID":"1783668","fromID":"1362857","toID":"1362856","formEdgeID":null},{"edgeID":"1783669","fromID":"1362858","toID":"1362857","formEdgeID":null},{"edgeID":"1783670","fromID":"1362856","toID":"1362859","formEdgeID":null},{"edgeID":"1783671","fromID":"1362859","toID":"1362855","formEdgeID":null},{"edgeID":"1783672","fromID":"1362862","toID":"1362861","formEdgeID":null},{"edgeID":"1783673","fromID":"1362863","toID":"1362862","formEdgeID":null},{"edgeID":"1783674","fromID":"1362861","toID":"1362864","formEdgeID":null},{"edgeID":"1783675","fromID":"1362864","toID":"1362860","formEdgeID":null},{"edgeID":"1783676","fromID":"1362867","toID":"1362866","formEdgeID":null},{"edgeID":"1783677","fromID":"1362868","toID":"1362867","formEdgeID":null},{"edgeID":"1783678","fromID":"1362866","toID":"1362869","formEdgeID":null},{"edgeID":"1783679","fromID":"1362869","toID":"1362865","formEdgeID":null},{"edgeID":"1783680","fromID":"1362872","toID":"1362871","formEdgeID":null},{"edgeID":"1783681","fromID":"1362873","toID":"1362872","formEdgeID":null},{"edgeID":"1783682","fromID":"1362871","toID":"1362874","formEdgeID":null},{"edgeID":"1783683","fromID":"1362874","toID":"1362870","formEdgeID":null},{"edgeID":"1783684","fromID":"1362877","toID":"1362876","formEdgeID":null},{"edgeID":"1783685","fromID":"1362878","toID":"1362877","formEdgeID":null},{"edgeID":"1783686","fromID":"1362876","toID":"1362879","formEdgeID":null},{"edgeID":"1783687","fromID":"1362879","toID":"1362875","formEdgeID":null},{"edgeID":"1783688","fromID":"1362882","toID":"1362881","formEdgeID":null},{"edgeID":"1783689","fromID":"1362883","toID":"1362882","formEdgeID":null},{"edgeID":"1783690","fromID":"1362881","toID":"1362884","formEdgeID":null},{"edgeID":"1783691","fromID":"1362884","toID":"1362880","formEdgeID":null},{"edgeID":"1783692","fromID":"1362887","toID":"1362886","formEdgeID":null},{"edgeID":"1783693","fromID":"1362888","toID":"1362887","formEdgeID":null},{"edgeID":"1783694","fromID":"1362886","toID":"1362889","formEdgeID":null},{"edgeID":"1783695","fromID":"1362889","toID":"1362885","formEdgeID":null},{"edgeID":"1783696","fromID":"1362891","toID":"1362890","formEdgeID":null},{"edgeID":"1783697","fromID":"1362892","toID":"1362891","formEdgeID":null},{"edgeID":"1783698","fromID":"1362895","toID":"1362894","formEdgeID":null},{"edgeID":"1783699","fromID":"1362896","toID":"1362895","formEdgeID":null},{"edgeID":"1783700","fromID":"1362894","toID":"1362897","formEdgeID":null},{"edgeID":"1783701","fromID":"1362897","toID":"1362893","formEdgeID":null},{"edgeID":"1783702","fromID":"1362900","toID":"1362899","formEdgeID":null},{"edgeID":"1783703","fromID":"1362901","toID":"1362900","formEdgeID":null},{"edgeID":"1783704","fromID":"1362899","toID":"1362902","formEdgeID":null},{"edgeID":"1783705","fromID":"1362902","toID":"1362898","formEdgeID":null},{"edgeID":"1783706","fromID":"1362905","toID":"1362904","formEdgeID":null},{"edgeID":"1783707","fromID":"1362906","toID":"1362905","formEdgeID":null},{"edgeID":"1783708","fromID":"1362904","toID":"1362907","formEdgeID":null},{"edgeID":"1783709","fromID":"1362907","toID":"1362903","formEdgeID":null},{"edgeID":"1783710","fromID":"1362909","toID":"1362908","formEdgeID":null},{"edgeID":"1783711","fromID":"1362910","toID":"1362909","formEdgeID":null},{"edgeID":"1783712","fromID":"1362913","toID":"1362912","formEdgeID":null},{"edgeID":"1783713","fromID":"1362914","toID":"1362913","formEdgeID":null},{"edgeID":"1783714","fromID":"1362912","toID":"1362915","formEdgeID":null},{"edgeID":"1783715","fromID":"1362915","toID":"1362911","formEdgeID":null},{"edgeID":"1783716","fromID":"1362918","toID":"1362917","formEdgeID":null},{"edgeID":"1783717","fromID":"1362919","toID":"1362918","formEdgeID":null},{"edgeID":"1783718","fromID":"1362917","toID":"1362920","formEdgeID":null},{"edgeID":"1783719","fromID":"1362920","toID":"1362916","formEdgeID":null},{"edgeID":"1783720","fromID":"1362923","toID":"1362922","formEdgeID":null},{"edgeID":"1783721","fromID":"1362924","toID":"1362923","formEdgeID":null},{"edgeID":"1783722","fromID":"1362922","toID":"1362925","formEdgeID":null},{"edgeID":"1783723","fromID":"1362925","toID":"1362921","formEdgeID":null},{"edgeID":"1783724","fromID":"1362928","toID":"1362927","formEdgeID":null},{"edgeID":"1783725","fromID":"1362929","toID":"1362928","formEdgeID":null},{"edgeID":"1783726","fromID":"1362927","toID":"1362930","formEdgeID":null},{"edgeID":"1783727","fromID":"1362930","toID":"1362926","formEdgeID":null},{"edgeID":"1783728","fromID":"1362933","toID":"1362932","formEdgeID":null},{"edgeID":"1783729","fromID":"1362934","toID":"1362933","formEdgeID":null},{"edgeID":"1783730","fromID":"1362932","toID":"1362935","formEdgeID":null},{"edgeID":"1783731","fromID":"1362935","toID":"1362931","formEdgeID":null},{"edgeID":"1783732","fromID":"1362937","toID":"1362936","formEdgeID":null},{"edgeID":"1783733","fromID":"1362938","toID":"1362937","formEdgeID":null},{"edgeID":"1783734","fromID":"1362940","toID":"1362939","formEdgeID":null},{"edgeID":"1783735","fromID":"1362941","toID":"1362940","formEdgeID":null},{"edgeID":"1783736","fromID":"1362943","toID":"1362942","formEdgeID":null},{"edgeID":"1783737","fromID":"1362944","toID":"1362943","formEdgeID":null},{"edgeID":"1783738","fromID":"1362947","toID":"1362946","formEdgeID":null},{"edgeID":"1783739","fromID":"1362948","toID":"1362947","formEdgeID":null},{"edgeID":"1783740","fromID":"1362946","toID":"1362949","formEdgeID":null},{"edgeID":"1783741","fromID":"1362949","toID":"1362945","formEdgeID":null},{"edgeID":"1783742","fromID":"1362851","toID":"1362950","formEdgeID":null},{"edgeID":"1783743","fromID":"1362950","toID":"1362856","formEdgeID":null},{"edgeID":"1783744","fromID":"1362855","toID":"1362951","formEdgeID":null},{"edgeID":"1783745","fromID":"1362951","toID":"1362850","formEdgeID":null},{"edgeID":"1783746","fromID":"1362950","toID":"1362952","formEdgeID":null},{"edgeID":"1783747","fromID":"1362952","toID":"1362951","formEdgeID":null},{"edgeID":"1783748","fromID":"1362851","toID":"1362953","formEdgeID":null},{"edgeID":"1783749","fromID":"1362953","toID":"1362861","formEdgeID":null},{"edgeID":"1783750","fromID":"1362861","toID":"1362954","formEdgeID":null},{"edgeID":"1783751","fromID":"1362954","toID":"1362866","formEdgeID":null},{"edgeID":"1783752","fromID":"1362865","toID":"1362955","formEdgeID":null},{"edgeID":"1783753","fromID":"1362955","toID":"1362860","formEdgeID":null},{"edgeID":"1783754","fromID":"1362954","toID":"1362956","formEdgeID":null},{"edgeID":"1783755","fromID":"1362956","toID":"1362955","formEdgeID":null},{"edgeID":"1783756","fromID":"1362959","toID":"1362958","formEdgeID":null},{"edgeID":"1783757","fromID":"1362960","toID":"1362959","formEdgeID":null},{"edgeID":"1783758","fromID":"1362958","toID":"1362961","formEdgeID":null},{"edgeID":"1783759","fromID":"1362961","toID":"1362957","formEdgeID":null},{"edgeID":"1783760","fromID":"1362964","toID":"1362963","formEdgeID":null},{"edgeID":"1783761","fromID":"1362965","toID":"1362964","formEdgeID":null},{"edgeID":"1783762","fromID":"1362963","toID":"1362966","formEdgeID":null},{"edgeID":"1783763","fromID":"1362966","toID":"1362962","formEdgeID":null},{"edgeID":"1783764","fromID":"1362957","toID":"1362967","formEdgeID":null},{"edgeID":"1783765","fromID":"1362967","toID":"1362865","formEdgeID":null},{"edgeID":"1783766","fromID":"1362962","toID":"1362967","formEdgeID":null},{"edgeID":"1783767","fromID":"1362866","toID":"1362968","formEdgeID":null},{"edgeID":"1783768","fromID":"1362968","toID":"1362958","formEdgeID":null},{"edgeID":"1783769","fromID":"1362866","toID":"1362969","formEdgeID":null},{"edgeID":"1783770","fromID":"1362969","toID":"1362963","formEdgeID":null},{"edgeID":"1783771","fromID":"1362866","toID":"1362970","formEdgeID":null},{"edgeID":"1783772","fromID":"1362970","toID":"1362871","formEdgeID":null},{"edgeID":"1783773","fromID":"1362870","toID":"1362971","formEdgeID":null},{"edgeID":"1783774","fromID":"1362971","toID":"1362865","formEdgeID":null},{"edgeID":"1783775","fromID":"1362970","toID":"1362972","formEdgeID":null},{"edgeID":"1783776","fromID":"1362972","toID":"1362971","formEdgeID":null},{"edgeID":"1783777","fromID":"1362870","toID":"1362973","formEdgeID":null},{"edgeID":"1783778","fromID":"1362973","toID":"1362875","formEdgeID":null},{"edgeID":"1783779","fromID":"1362871","toID":"1362974","formEdgeID":null},{"edgeID":"1783780","fromID":"1362974","toID":"1362876","formEdgeID":null},{"edgeID":"1783781","fromID":"1362974","toID":"1362975","formEdgeID":null},{"edgeID":"1783782","fromID":"1362975","toID":"1362973","formEdgeID":null},{"edgeID":"1783783","fromID":"1362978","toID":"1362977","formEdgeID":null},{"edgeID":"1783784","fromID":"1362979","toID":"1362978","formEdgeID":null},{"edgeID":"1783785","fromID":"1362977","toID":"1362980","formEdgeID":null},{"edgeID":"1783786","fromID":"1362980","toID":"1362976","formEdgeID":null},{"edgeID":"1783787","fromID":"1362983","toID":"1362982","formEdgeID":null},{"edgeID":"1783788","fromID":"1362984","toID":"1362983","formEdgeID":null},{"edgeID":"1783789","fromID":"1362982","toID":"1362985","formEdgeID":null},{"edgeID":"1783790","fromID":"1362985","toID":"1362981","formEdgeID":null},{"edgeID":"1783791","fromID":"1362876","toID":"1362986","formEdgeID":null},{"edgeID":"1783792","fromID":"1362986","toID":"1362977","formEdgeID":null},{"edgeID":"1783793","fromID":"1362977","toID":"1362987","formEdgeID":null},{"edgeID":"1783794","fromID":"1362987","toID":"1362982","formEdgeID":null},{"edgeID":"1783795","fromID":"1362976","toID":"1362988","formEdgeID":null},{"edgeID":"1783796","fromID":"1362988","toID":"1362981","formEdgeID":null},{"edgeID":"1783797","fromID":"1362987","toID":"1362989","formEdgeID":null},{"edgeID":"1783798","fromID":"1362989","toID":"1362988","formEdgeID":null},{"edgeID":"1783799","fromID":"1362982","toID":"1362990","formEdgeID":null},{"edgeID":"1783800","fromID":"1362990","toID":"1362881","formEdgeID":null},{"edgeID":"1783801","fromID":"1362880","toID":"1362991","formEdgeID":null},{"edgeID":"1783802","fromID":"1362991","toID":"1362981","formEdgeID":null},{"edgeID":"1783803","fromID":"1362990","toID":"1362992","formEdgeID":null},{"edgeID":"1783804","fromID":"1362992","toID":"1362991","formEdgeID":null},{"edgeID":"1783805","fromID":"1362881","toID":"1362993","formEdgeID":null},{"edgeID":"1783806","fromID":"1362993","toID":"1362886","formEdgeID":null},{"edgeID":"1783807","fromID":"1362886","toID":"1362994","formEdgeID":null},{"edgeID":"1783808","fromID":"1362994","toID":"1362890","formEdgeID":null},{"edgeID":"1783809","fromID":"1362994","toID":"1362995","formEdgeID":null},{"edgeID":"1783810","fromID":"1362995","toID":"1362885","formEdgeID":null},{"edgeID":"1783811","fromID":"1362890","toID":"1362996","formEdgeID":null},{"edgeID":"1783812","fromID":"1362996","toID":"1362894","formEdgeID":null},{"edgeID":"1783813","fromID":"1362871","toID":"1362997","formEdgeID":null},{"edgeID":"1783814","fromID":"1362997","toID":"1362899","formEdgeID":null},{"edgeID":"1783815","fromID":"1362898","toID":"1362998","formEdgeID":null},{"edgeID":"1783816","fromID":"1362998","toID":"1362870","formEdgeID":null},{"edgeID":"1783817","fromID":"1362997","toID":"1362999","formEdgeID":null},{"edgeID":"1783818","fromID":"1362999","toID":"1362998","formEdgeID":null},{"edgeID":"1783819","fromID":"1362894","toID":"1363000","formEdgeID":null},{"edgeID":"1783820","fromID":"1363000","toID":"1362904","formEdgeID":null},{"edgeID":"1783821","fromID":"1362903","toID":"1363001","formEdgeID":null},{"edgeID":"1783822","fromID":"1363001","toID":"1362893","formEdgeID":null},{"edgeID":"1783823","fromID":"1363000","toID":"1363002","formEdgeID":null},{"edgeID":"1783824","fromID":"1363002","toID":"1363001","formEdgeID":null},{"edgeID":"1783825","fromID":"1362904","toID":"1363003","formEdgeID":null},{"edgeID":"1783826","fromID":"1363003","toID":"1362908","formEdgeID":null},{"edgeID":"1783827","fromID":"1363003","toID":"1363004","formEdgeID":null},{"edgeID":"1783828","fromID":"1363004","toID":"1362903","formEdgeID":null},{"edgeID":"1783829","fromID":"1362908","toID":"1363005","formEdgeID":null},{"edgeID":"1783830","fromID":"1363005","toID":"1362912","formEdgeID":null},{"edgeID":"1783831","fromID":"1362912","toID":"1363006","formEdgeID":null},{"edgeID":"1783832","fromID":"1363006","toID":"1362917","formEdgeID":null},{"edgeID":"1783833","fromID":"1362911","toID":"1363007","formEdgeID":null},{"edgeID":"1783834","fromID":"1363007","toID":"1362916","formEdgeID":null},{"edgeID":"1783835","fromID":"1363006","toID":"1363008","formEdgeID":null},{"edgeID":"1783836","fromID":"1363008","toID":"1363007","formEdgeID":null},{"edgeID":"1783837","fromID":"1362917","toID":"1363009","formEdgeID":null},{"edgeID":"1783838","fromID":"1363009","toID":"1362922","formEdgeID":null},{"edgeID":"1783839","fromID":"1362917","toID":"1363010","formEdgeID":null},{"edgeID":"1783840","fromID":"1363010","toID":"1362927","formEdgeID":null},{"edgeID":"1783841","fromID":"1362926","toID":"1363011","formEdgeID":null},{"edgeID":"1783842","fromID":"1363011","toID":"1362916","formEdgeID":null},{"edgeID":"1783843","fromID":"1363010","toID":"1363012","formEdgeID":null},{"edgeID":"1783844","fromID":"1363012","toID":"1363011","formEdgeID":null},{"edgeID":"1783845","fromID":"1362927","toID":"1363013","formEdgeID":null},{"edgeID":"1783846","fromID":"1363013","toID":"1362932","formEdgeID":null},{"edgeID":"1783847","fromID":"1362932","toID":"1363014","formEdgeID":null},{"edgeID":"1783848","fromID":"1363014","toID":"1362936","formEdgeID":null},{"edgeID":"1783849","fromID":"1363014","toID":"1363015","formEdgeID":null},{"edgeID":"1783850","fromID":"1363015","toID":"1362931","formEdgeID":null},{"edgeID":"1783851","fromID":"1363018","toID":"1363017","formEdgeID":null},{"edgeID":"1783852","fromID":"1363019","toID":"1363018","formEdgeID":null},{"edgeID":"1783853","fromID":"1363017","toID":"1363020","formEdgeID":null},{"edgeID":"1783854","fromID":"1363020","toID":"1363016","formEdgeID":null},{"edgeID":"1783855","fromID":"1362942","toID":"1363021","formEdgeID":null},{"edgeID":"1783856","fromID":"1363021","toID":"1363017","formEdgeID":null},{"edgeID":"1783857","fromID":"1362936","toID":"1363022","formEdgeID":null},{"edgeID":"1783858","fromID":"1363022","toID":"1362942","formEdgeID":null},{"edgeID":"1783859","fromID":"1362942","toID":"1363023","formEdgeID":null},{"edgeID":"1783860","fromID":"1363023","toID":"1362946","formEdgeID":null},{"edgeID":"1783861","fromID":"1362945","toID":"1363024","formEdgeID":null},{"edgeID":"1783862","fromID":"1363024","toID":"1363016","formEdgeID":null},{"edgeID":"1783863","fromID":"1363023","toID":"1363025","formEdgeID":null},{"edgeID":"1783864","fromID":"1363025","toID":"1363024","formEdgeID":null},{"edgeID":"1783865","fromID":"1362946","toID":"1363026","formEdgeID":null},{"edgeID":"1783866","fromID":"1363026","toID":"1362939","formEdgeID":null},{"edgeID":"1783867","fromID":"1362939","toID":"1363027","formEdgeID":null},{"edgeID":"1783868","fromID":"1363027","toID":"1362945","formEdgeID":null},{"edgeID":"1783869","fromID":"1362860","toID":"1363028","formEdgeID":null},{"edgeID":"1783870","fromID":"1363028","toID":"1362850","formEdgeID":null},{"edgeID":"1783871","fromID":"1362953","toID":"1363029","formEdgeID":null},{"edgeID":"1783872","fromID":"1363029","toID":"1363028","formEdgeID":null},{"edgeID":"1783873","fromID":"1362969","toID":"1363030","formEdgeID":null},{"edgeID":"1783874","fromID":"1363030","toID":"1362967","formEdgeID":null}],"locutions":[]}