{"nodes":[{"nodeID":"1157069","text":"the right to strike is an important fundamental principle in our democracy and the hallmark of a free and open society","type":"I","timestamp":"2023-04-24 18:41:01"},{"nodeID":"1157169","text":"you can't legislate your way out of an industrial action","type":"I","timestamp":"2023-04-24 18:41:41"},{"nodeID":"1361381","text":"the right to strike is or is not a basic right of an employee","type":"I","timestamp":"2023-11-09 14:27:18"},{"nodeID":"1361382","text":"AudienceMember 20230126QT14: Is the right to strike a basic right of an employee","type":"L","timestamp":"2023-11-09 14:27:18"},{"nodeID":"1361383","text":"Analysing","type":"YA","timestamp":"2023-11-09 14:27:18"},{"nodeID":"1361384","text":"Anon: AudienceMember 20230126QT14: Is the right to strike a basic right of an employee","type":"L","timestamp":"2023-11-09 14:27:18"},{"nodeID":"1361385","text":"Pure Questioning","type":"YA","timestamp":"2023-11-09 14:27:18"},{"nodeID":"1361386","text":"the right to strike should or should not be protected","type":"I","timestamp":"2023-11-09 14:27:19"},{"nodeID":"1361387","text":"AudienceMember 20230126QT14: should it be protected","type":"L","timestamp":"2023-11-09 14:27:19"},{"nodeID":"1361388","text":"Analysing","type":"YA","timestamp":"2023-11-09 14:27:19"},{"nodeID":"1361389","text":"Anon: AudienceMember 20230126QT14: should it be protected","type":"L","timestamp":"2023-11-09 14:27:19"},{"nodeID":"1361390","text":"Pure Questioning","type":"YA","timestamp":"2023-11-09 14:27:19"},{"nodeID":"1361391","text":"Default Transition","type":"TA","timestamp":"2023-11-09 14:27:19"},{"nodeID":"1361392","text":"Default Rephrase","type":"MA","timestamp":"2023-11-09 14:27:19"},{"nodeID":"1361393","text":"Restating","type":"YA","timestamp":"2023-11-09 14:27:19"},{"nodeID":"1361394","text":"what AudienceMember 20230126QT14 is talking about is minimum service levels","type":"I","timestamp":"2023-11-09 14:27:19"},{"nodeID":"1361395","text":"Fiona Bruce: what you're talking about is minimum service levels","type":"L","timestamp":"2023-11-09 14:27:19"},{"nodeID":"1361396","text":"Analysing","type":"YA","timestamp":"2023-11-09 14:27:19"},{"nodeID":"1361397","text":"Anon: Fiona Bruce: what you're talking about is minimum service levels","type":"L","timestamp":"2023-11-09 14:27:19"},{"nodeID":"1361398","text":"Asserting","type":"YA","timestamp":"2023-11-09 14:27:19"},{"nodeID":"1361399","text":"Default Transition","type":"TA","timestamp":"2023-11-09 14:27:19"},{"nodeID":"1361400","text":"Default Rephrase","type":"MA","timestamp":"2023-11-09 14:27:19"},{"nodeID":"1361401","text":"Restating","type":"YA","timestamp":"2023-11-09 14:27:19"},{"nodeID":"1361402","text":"the government wants to introduce minimum service levels","type":"I","timestamp":"2023-11-09 14:27:20"},{"nodeID":"1361403","text":"Fiona Bruce: which is something that the government wants to introduce","type":"L","timestamp":"2023-11-09 14:27:20"},{"nodeID":"1361404","text":"Analysing","type":"YA","timestamp":"2023-11-09 14:27:20"},{"nodeID":"1361405","text":"Anon: Fiona Bruce: which is something that the government wants to introduce","type":"L","timestamp":"2023-11-09 14:27:20"},{"nodeID":"1361406","text":"Asserting","type":"YA","timestamp":"2023-11-09 14:27:20"},{"nodeID":"1361407","text":"Default Transition","type":"TA","timestamp":"2023-11-09 14:27:20"},{"nodeID":"1361408","text":"Default Rephrase","type":"MA","timestamp":"2023-11-09 14:27:20"},{"nodeID":"1361409","text":"Restating","type":"YA","timestamp":"2023-11-09 14:27:20"},{"nodeID":"1361410","text":"minimum service levels basically means some of the workforce could strike","type":"I","timestamp":"2023-11-09 14:27:20"},{"nodeID":"1361411","text":"Fiona Bruce: basically means some of the workforce could strike","type":"L","timestamp":"2023-11-09 14:27:20"},{"nodeID":"1361412","text":"Analysing","type":"YA","timestamp":"2023-11-09 14:27:20"},{"nodeID":"1361413","text":"Anon: Fiona Bruce: basically means some of the workforce could strike","type":"L","timestamp":"2023-11-09 14:27:20"},{"nodeID":"1361414","text":"Asserting","type":"YA","timestamp":"2023-11-09 14:27:20"},{"nodeID":"1361415","text":"Default Transition","type":"TA","timestamp":"2023-11-09 14:27:20"},{"nodeID":"1361416","text":"minimum service levels basically means there'd have to be minimum service during a strike","type":"I","timestamp":"2023-11-09 14:27:21"},{"nodeID":"1361417","text":"Fiona Bruce: There'd have to be minimum service","type":"L","timestamp":"2023-11-09 14:27:21"},{"nodeID":"1361418","text":"Analysing","type":"YA","timestamp":"2023-11-09 14:27:21"},{"nodeID":"1361419","text":"Anon: Fiona Bruce: There'd have to be minimum service","type":"L","timestamp":"2023-11-09 14:27:21"},{"nodeID":"1361420","text":"Asserting","type":"YA","timestamp":"2023-11-09 14:27:21"},{"nodeID":"1361421","text":"Default Transition","type":"TA","timestamp":"2023-11-09 14:27:21"},{"nodeID":"1361422","text":"Default Inference","type":"RA","timestamp":"2023-11-09 14:27:21"},{"nodeID":"1361423","text":"Arguing","type":"YA","timestamp":"2023-11-09 14:27:21"},{"nodeID":"1361424","text":"the Government is looking at introducing minimum service levels in areas such as health, transport, education, border security, nuclear decommissioning","type":"I","timestamp":"2023-11-09 14:27:22"},{"nodeID":"1361425","text":"Fiona Bruce: the Government is looking at areas such as health, transport, education, border security, nuclear decommissioning","type":"L","timestamp":"2023-11-09 14:27:22"},{"nodeID":"1361426","text":"Analysing","type":"YA","timestamp":"2023-11-09 14:27:22"},{"nodeID":"1361427","text":"Anon: Fiona Bruce: the Government is looking at areas such as health, transport, education, border security, nuclear decommissioning","type":"L","timestamp":"2023-11-09 14:27:22"},{"nodeID":"1361428","text":"Asserting","type":"YA","timestamp":"2023-11-09 14:27:22"},{"nodeID":"1361429","text":"Default Transition","type":"TA","timestamp":"2023-11-09 14:27:22"},{"nodeID":"1361430","text":"minimum service levels goes across all sorts of sectors","type":"I","timestamp":"2023-11-09 14:27:22"},{"nodeID":"1361431","text":"Fiona Bruce:  it goes across all sorts of sectors","type":"L","timestamp":"2023-11-09 14:27:22"},{"nodeID":"1361432","text":"Analysing","type":"YA","timestamp":"2023-11-09 14:27:22"},{"nodeID":"1361433","text":"Anon: Fiona Bruce:  it goes across all sorts of sectors","type":"L","timestamp":"2023-11-09 14:27:22"},{"nodeID":"1361434","text":"Asserting","type":"YA","timestamp":"2023-11-09 14:27:22"},{"nodeID":"1361435","text":"Default Transition","type":"TA","timestamp":"2023-11-09 14:27:22"},{"nodeID":"1361436","text":"Default Inference","type":"RA","timestamp":"2023-11-09 14:27:22"},{"nodeID":"1361437","text":"Arguing","type":"YA","timestamp":"2023-11-09 14:27:22"},{"nodeID":"1361438","text":"the right to strike absolutely is a basic right of an employee","type":"I","timestamp":"2023-11-09 14:27:23"},{"nodeID":"1361439","text":"Bridget Phillipson: Yes, absolutely","type":"L","timestamp":"2023-11-09 14:27:23"},{"nodeID":"1361440","text":"Analysing","type":"YA","timestamp":"2023-11-09 14:27:23"},{"nodeID":"1361441","text":"Anon: Bridget Phillipson: Yes, absolutely","type":"L","timestamp":"2023-11-09 14:27:23"},{"nodeID":"1361442","text":"Asserting","type":"YA","timestamp":"2023-11-09 14:27:23"},{"nodeID":"1361443","text":"Default Rephrase","type":"MA","timestamp":"2023-11-09 14:27:23"},{"nodeID":"1361444","text":"Default Transition","type":"TA","timestamp":"2023-11-09 14:27:23"},{"nodeID":"1361445","text":"Default Illocuting","type":"YA","timestamp":"2023-11-09 14:27:23"},{"nodeID":"1361446","text":"Bridget Phillipson:  the right to strike is an important fundamental principle in our democracy and the hallmark of a free and open society","type":"L","timestamp":"2023-11-09 14:27:23"},{"nodeID":"1361447","text":"Analysing","type":"YA","timestamp":"2023-11-09 14:27:23"},{"nodeID":"1361448","text":"Anon: Bridget Phillipson:  the right to strike is an important fundamental principle in our democracy and the hallmark of a free and open society","type":"L","timestamp":"2023-11-09 14:27:23"},{"nodeID":"1361449","text":"Asserting","type":"YA","timestamp":"2023-11-09 14:27:23"},{"nodeID":"1361450","text":"Default Inference","type":"RA","timestamp":"2023-11-09 14:27:23"},{"nodeID":"1361451","text":"Default Transition","type":"TA","timestamp":"2023-11-09 14:27:23"},{"nodeID":"1361452","text":"Arguing","type":"YA","timestamp":"2023-11-09 14:27:23"},{"nodeID":"1361453","text":"you end up having strikes","type":"I","timestamp":"2023-11-09 14:27:24"},{"nodeID":"1361454","text":"Bridget Phillipson: you end up having strikes","type":"L","timestamp":"2023-11-09 14:27:24"},{"nodeID":"1361455","text":"Analysing","type":"YA","timestamp":"2023-11-09 14:27:24"},{"nodeID":"1361456","text":"Anon: Bridget Phillipson: you end up having strikes","type":"L","timestamp":"2023-11-09 14:27:24"},{"nodeID":"1361457","text":"Asserting","type":"YA","timestamp":"2023-11-09 14:27:24"},{"nodeID":"1361458","text":"Default Transition","type":"TA","timestamp":"2023-11-09 14:27:24"},{"nodeID":"1361459","text":"sadly we are seeing industrial action right across a range of different areas of the public and private sectors","type":"I","timestamp":"2023-11-09 14:27:25"},{"nodeID":"1361460","text":"Bridget Phillipson: sadly we are seeing industrial action right across a range of different areas of the public and private sectors","type":"L","timestamp":"2023-11-09 14:27:25"},{"nodeID":"1361461","text":"Analysing","type":"YA","timestamp":"2023-11-09 14:27:25"},{"nodeID":"1361462","text":"Anon: Bridget Phillipson: sadly we are seeing industrial action right across a range of different areas of the public and private sectors","type":"L","timestamp":"2023-11-09 14:27:25"},{"nodeID":"1361463","text":"Asserting","type":"YA","timestamp":"2023-11-09 14:27:25"},{"nodeID":"1361464","text":"strikes are a symptom of failure","type":"I","timestamp":"2023-11-09 14:27:25"},{"nodeID":"1361465","text":"Bridget Phillipson:  that's a symptom of failure","type":"L","timestamp":"2023-11-09 14:27:25"},{"nodeID":"1361466","text":"Analysing","type":"YA","timestamp":"2023-11-09 14:27:25"},{"nodeID":"1361467","text":"Anon: Bridget Phillipson:  that's a symptom of failure","type":"L","timestamp":"2023-11-09 14:27:25"},{"nodeID":"1361468","text":"Asserting","type":"YA","timestamp":"2023-11-09 14:27:25"},{"nodeID":"1361469","text":"ending up having strikes represents a failure to arrive at a solution that everyone can live with","type":"I","timestamp":"2023-11-09 14:27:26"},{"nodeID":"1361470","text":"Bridget Phillipson: It represents a failure to arrive at a solution that everyone can live with","type":"L","timestamp":"2023-11-09 14:27:26"},{"nodeID":"1361471","text":"Analysing","type":"YA","timestamp":"2023-11-09 14:27:26"},{"nodeID":"1361472","text":"Anon: Bridget Phillipson: It represents a failure to arrive at a solution that everyone can live with","type":"L","timestamp":"2023-11-09 14:27:26"},{"nodeID":"1361473","text":"Asserting","type":"YA","timestamp":"2023-11-09 14:27:26"},{"nodeID":"1361474","text":"we're ending up with strikes","type":"I","timestamp":"2023-11-09 14:27:26"},{"nodeID":"1361475","text":"Bridget Phillipson: we're ending up with strikes","type":"L","timestamp":"2023-11-09 14:27:26"},{"nodeID":"1361476","text":"Analysing","type":"YA","timestamp":"2023-11-09 14:27:26"},{"nodeID":"1361477","text":"Anon: Bridget Phillipson: we're ending up with strikes","type":"L","timestamp":"2023-11-09 14:27:26"},{"nodeID":"1361478","text":"Asserting","type":"YA","timestamp":"2023-11-09 14:27:26"},{"nodeID":"1361479","text":"there are strikes in our NHS","type":"I","timestamp":"2023-11-09 14:27:27"},{"nodeID":"1361480","text":"Bridget Phillipson: in our NHS","type":"L","timestamp":"2023-11-09 14:27:27"},{"nodeID":"1361481","text":"Analysing","type":"YA","timestamp":"2023-11-09 14:27:27"},{"nodeID":"1361482","text":"Anon: Bridget Phillipson: in our NHS","type":"L","timestamp":"2023-11-09 14:27:27"},{"nodeID":"1361483","text":"Asserting","type":"YA","timestamp":"2023-11-09 14:27:27"},{"nodeID":"1361484","text":"Default Transition","type":"TA","timestamp":"2023-11-09 14:27:27"},{"nodeID":"1361485","text":"we're seeing ballots taking place for example in our schools","type":"I","timestamp":"2023-11-09 14:27:28"},{"nodeID":"1361486","text":"Bridget Phillipson:  we're seeing ballots taking place for example in our schools","type":"L","timestamp":"2023-11-09 14:27:28"},{"nodeID":"1361487","text":"Analysing","type":"YA","timestamp":"2023-11-09 14:27:28"},{"nodeID":"1361488","text":"Anon: Bridget Phillipson:  we're seeing ballots taking place for example in our schools","type":"L","timestamp":"2023-11-09 14:27:28"},{"nodeID":"1361489","text":"Asserting","type":"YA","timestamp":"2023-11-09 14:27:28"},{"nodeID":"1361490","text":"Default Transition","type":"TA","timestamp":"2023-11-09 14:27:28"},{"nodeID":"1361491","text":"Default Inference","type":"RA","timestamp":"2023-11-09 14:27:28"},{"nodeID":"1361492","text":"Arguing","type":"YA","timestamp":"2023-11-09 14:27:28"},{"nodeID":"1361493","text":"Default Transition","type":"TA","timestamp":"2023-11-09 14:27:28"},{"nodeID":"1361494","text":"Default Inference","type":"RA","timestamp":"2023-11-09 14:27:28"},{"nodeID":"1361495","text":"Arguing","type":"YA","timestamp":"2023-11-09 14:27:28"},{"nodeID":"1361496","text":"Default Transition","type":"TA","timestamp":"2023-11-09 14:27:28"},{"nodeID":"1361497","text":"Default Inference","type":"RA","timestamp":"2023-11-09 14:27:28"},{"nodeID":"1361498","text":"Arguing","type":"YA","timestamp":"2023-11-09 14:27:28"},{"nodeID":"1361499","text":"Government ministers pretend that somehow the NHS crisis is nothing to do with them","type":"I","timestamp":"2023-11-09 14:27:28"},{"nodeID":"1361500","text":"Bridget Phillipson: Government ministers pretend that somehow this is nothing to do with them","type":"L","timestamp":"2023-11-09 14:27:28"},{"nodeID":"1361501","text":"Analysing","type":"YA","timestamp":"2023-11-09 14:27:28"},{"nodeID":"1361502","text":"Anon: Bridget Phillipson: Government ministers pretend that somehow this is nothing to do with them","type":"L","timestamp":"2023-11-09 14:27:28"},{"nodeID":"1361503","text":"Asserting","type":"YA","timestamp":"2023-11-09 14:27:28"},{"nodeID":"1361504","text":"Default Transition","type":"TA","timestamp":"2023-11-09 14:27:28"},{"nodeID":"1361505","text":"Default Inference","type":"RA","timestamp":"2023-11-09 14:27:28"},{"nodeID":"1361506","text":"Arguing","type":"YA","timestamp":"2023-11-09 14:27:28"},{"nodeID":"1361507","text":"ministers should get around the table, get around the table and sort out things out, whether that's the industrial action that we're likely to face in our schools or the industrial action that we're seeing in our NHS","type":"I","timestamp":"2023-11-09 14:27:29"},{"nodeID":"1361508","text":"Bridget Phillipson: Ministers should get around the table, whether that's the industrial action that we're likely to face in our schools or the industrial action that we're seeing in our NHS, get around the table and sort it out","type":"L","timestamp":"2023-11-09 14:27:29"},{"nodeID":"1361509","text":"Analysing","type":"YA","timestamp":"2023-11-09 14:27:29"},{"nodeID":"1361510","text":"Anon: Bridget Phillipson: Ministers should get around the table, whether that's the industrial action that we're likely to face in our schools or the industrial action that we're seeing in our NHS, get around the table and sort it out","type":"L","timestamp":"2023-11-09 14:27:29"},{"nodeID":"1361511","text":"Asserting","type":"YA","timestamp":"2023-11-09 14:27:29"},{"nodeID":"1361512","text":"Default Transition","type":"TA","timestamp":"2023-11-09 14:27:29"},{"nodeID":"1361513","text":"Default Inference","type":"RA","timestamp":"2023-11-09 14:27:29"},{"nodeID":"1361514","text":"Arguing","type":"YA","timestamp":"2023-11-09 14:27:29"},{"nodeID":"1361515","text":"the last thing that we need is further legislation in the area of strikes","type":"I","timestamp":"2023-11-09 14:27:29"},{"nodeID":"1361516","text":"Bridget Phillipson: The last thing that we need is further legislation in this area","type":"L","timestamp":"2023-11-09 14:27:29"},{"nodeID":"1361517","text":"Analysing","type":"YA","timestamp":"2023-11-09 14:27:29"},{"nodeID":"1361518","text":"Anon: Bridget Phillipson: The last thing that we need is further legislation in this area","type":"L","timestamp":"2023-11-09 14:27:29"},{"nodeID":"1361519","text":"Asserting","type":"YA","timestamp":"2023-11-09 14:27:29"},{"nodeID":"1361520","text":"Default Transition","type":"TA","timestamp":"2023-11-09 14:27:29"},{"nodeID":"1361521","text":"Default Transition","type":"TA","timestamp":"2023-11-09 14:27:29"},{"nodeID":"1361522","text":"Default Inference","type":"RA","timestamp":"2023-11-09 14:27:29"},{"nodeID":"1361523","text":"Arguing","type":"YA","timestamp":"2023-11-09 14:27:29"},{"nodeID":"1361524","text":"Bridget Phillipson: You can't legislate your way out of an industrial action","type":"L","timestamp":"2023-11-09 14:27:30"},{"nodeID":"1361525","text":"Analysing","type":"YA","timestamp":"2023-11-09 14:27:30"},{"nodeID":"1361526","text":"Anon: Bridget Phillipson: You can't legislate your way out of an industrial action","type":"L","timestamp":"2023-11-09 14:27:30"},{"nodeID":"1361527","text":"Asserting","type":"YA","timestamp":"2023-11-09 14:27:30"},{"nodeID":"1361528","text":"you can't prevent industrial action by legislating your way out of it","type":"I","timestamp":"2023-11-09 14:27:31"},{"nodeID":"1361529","text":"Bridget Phillipson: You can't prevent it in that way","type":"L","timestamp":"2023-11-09 14:27:31"},{"nodeID":"1361530","text":"Analysing","type":"YA","timestamp":"2023-11-09 14:27:31"},{"nodeID":"1361531","text":"Anon: Bridget Phillipson: You can't prevent it in that way","type":"L","timestamp":"2023-11-09 14:27:31"},{"nodeID":"1361532","text":"Asserting","type":"YA","timestamp":"2023-11-09 14:27:31"},{"nodeID":"1361533","text":"Default Transition","type":"TA","timestamp":"2023-11-09 14:27:31"},{"nodeID":"1361534","text":"Default Inference","type":"RA","timestamp":"2023-11-09 14:27:31"},{"nodeID":"1361535","text":"Default Transition","type":"TA","timestamp":"2023-11-09 14:27:31"},{"nodeID":"1361536","text":"Arguing","type":"YA","timestamp":"2023-11-09 14:27:31"},{"nodeID":"1361537","text":"legislating your way out of industrial action is a total distraction from the big fundamental challenges that we face as a country","type":"I","timestamp":"2023-11-09 14:27:31"},{"nodeID":"1361538","text":"Bridget Phillipson: It is a total distraction from the big fundamental challenges that we face as a country","type":"L","timestamp":"2023-11-09 14:27:31"},{"nodeID":"1361539","text":"Analysing","type":"YA","timestamp":"2023-11-09 14:27:31"},{"nodeID":"1361540","text":"Anon: Bridget Phillipson: It is a total distraction from the big fundamental challenges that we face as a country","type":"L","timestamp":"2023-11-09 14:27:31"},{"nodeID":"1361541","text":"Asserting","type":"YA","timestamp":"2023-11-09 14:27:31"},{"nodeID":"1361542","text":"Default Transition","type":"TA","timestamp":"2023-11-09 14:27:31"},{"nodeID":"1361543","text":"Default Rephrase","type":"MA","timestamp":"2023-11-09 14:27:31"},{"nodeID":"1361544","text":"Restating","type":"YA","timestamp":"2023-11-09 14:27:31"},{"nodeID":"1361545","text":"Default Transition","type":"TA","timestamp":"2023-11-09 14:27:31"},{"nodeID":"1361546","text":"Default Inference","type":"RA","timestamp":"2023-11-09 14:27:31"},{"nodeID":"1361547","text":"Arguing","type":"YA","timestamp":"2023-11-09 14:27:31"},{"nodeID":"1361548","text":"Default Rephrase","type":"MA","timestamp":"2023-11-09 14:27:31"},{"nodeID":"1361549","text":"Restating","type":"YA","timestamp":"2023-11-09 14:27:31"},{"nodeID":"1361550","text":"Default Rephrase","type":"MA","timestamp":"2023-11-09 14:27:31"},{"nodeID":"1361551","text":"Restating","type":"YA","timestamp":"2023-11-09 14:27:31"},{"nodeID":"1361552","text":"Default Inference","type":"RA","timestamp":"2023-11-09 14:27:31"},{"nodeID":"1361553","text":"Default Transition","type":"TA","timestamp":"2023-11-09 14:27:31"},{"nodeID":"1361554","text":"Arguing","type":"YA","timestamp":"2023-11-09 14:27:31"},{"nodeID":"1361555","text":"Default Inference","type":"RA","timestamp":"2023-11-09 14:27:31"},{"nodeID":"1361556","text":"Default Transition","type":"TA","timestamp":"2023-11-09 14:27:31"},{"nodeID":"1361557","text":"Default Transition","type":"TA","timestamp":"2023-11-09 14:27:31"},{"nodeID":"1361558","text":"Arguing","type":"YA","timestamp":"2023-11-09 14:27:31"},{"nodeID":"1361559","text":"Default Rephrase","type":"MA","timestamp":"2023-11-09 14:27:31"},{"nodeID":"1361560","text":"Restating","type":"YA","timestamp":"2023-11-09 14:27:31"}],"edges":[{"edgeID":"1781893","fromID":"1361383","toID":"1361382","formEdgeID":null},{"edgeID":"1781894","fromID":"1361384","toID":"1361383","formEdgeID":null},{"edgeID":"1781895","fromID":"1361382","toID":"1361385","formEdgeID":null},{"edgeID":"1781896","fromID":"1361385","toID":"1361381","formEdgeID":null},{"edgeID":"1781897","fromID":"1361388","toID":"1361387","formEdgeID":null},{"edgeID":"1781898","fromID":"1361389","toID":"1361388","formEdgeID":null},{"edgeID":"1781899","fromID":"1361387","toID":"1361390","formEdgeID":null},{"edgeID":"1781900","fromID":"1361390","toID":"1361386","formEdgeID":null},{"edgeID":"1781901","fromID":"1361382","toID":"1361391","formEdgeID":null},{"edgeID":"1781902","fromID":"1361391","toID":"1361387","formEdgeID":null},{"edgeID":"1781903","fromID":"1361386","toID":"1361392","formEdgeID":null},{"edgeID":"1781904","fromID":"1361392","toID":"1361381","formEdgeID":null},{"edgeID":"1781905","fromID":"1361391","toID":"1361393","formEdgeID":null},{"edgeID":"1781906","fromID":"1361393","toID":"1361392","formEdgeID":null},{"edgeID":"1781907","fromID":"1361396","toID":"1361395","formEdgeID":null},{"edgeID":"1781908","fromID":"1361397","toID":"1361396","formEdgeID":null},{"edgeID":"1781909","fromID":"1361395","toID":"1361398","formEdgeID":null},{"edgeID":"1781910","fromID":"1361398","toID":"1361394","formEdgeID":null},{"edgeID":"1781911","fromID":"1361382","toID":"1361399","formEdgeID":null},{"edgeID":"1781912","fromID":"1361399","toID":"1361395","formEdgeID":null},{"edgeID":"1781913","fromID":"1361394","toID":"1361400","formEdgeID":null},{"edgeID":"1781914","fromID":"1361400","toID":"1361381","formEdgeID":null},{"edgeID":"1781915","fromID":"1361399","toID":"1361401","formEdgeID":null},{"edgeID":"1781916","fromID":"1361401","toID":"1361400","formEdgeID":null},{"edgeID":"1781917","fromID":"1361404","toID":"1361403","formEdgeID":null},{"edgeID":"1781918","fromID":"1361405","toID":"1361404","formEdgeID":null},{"edgeID":"1781919","fromID":"1361403","toID":"1361406","formEdgeID":null},{"edgeID":"1781920","fromID":"1361406","toID":"1361402","formEdgeID":null},{"edgeID":"1781921","fromID":"1361395","toID":"1361407","formEdgeID":null},{"edgeID":"1781922","fromID":"1361407","toID":"1361403","formEdgeID":null},{"edgeID":"1781923","fromID":"1361402","toID":"1361408","formEdgeID":null},{"edgeID":"1781924","fromID":"1361408","toID":"1361394","formEdgeID":null},{"edgeID":"1781925","fromID":"1361407","toID":"1361409","formEdgeID":null},{"edgeID":"1781926","fromID":"1361409","toID":"1361408","formEdgeID":null},{"edgeID":"1781927","fromID":"1361412","toID":"1361411","formEdgeID":null},{"edgeID":"1781928","fromID":"1361413","toID":"1361412","formEdgeID":null},{"edgeID":"1781929","fromID":"1361411","toID":"1361414","formEdgeID":null},{"edgeID":"1781930","fromID":"1361414","toID":"1361410","formEdgeID":null},{"edgeID":"1781931","fromID":"1361403","toID":"1361415","formEdgeID":null},{"edgeID":"1781932","fromID":"1361415","toID":"1361411","formEdgeID":null},{"edgeID":"1781933","fromID":"1361418","toID":"1361417","formEdgeID":null},{"edgeID":"1781934","fromID":"1361419","toID":"1361418","formEdgeID":null},{"edgeID":"1781935","fromID":"1361417","toID":"1361420","formEdgeID":null},{"edgeID":"1781936","fromID":"1361420","toID":"1361416","formEdgeID":null},{"edgeID":"1781937","fromID":"1361411","toID":"1361421","formEdgeID":null},{"edgeID":"1781938","fromID":"1361421","toID":"1361417","formEdgeID":null},{"edgeID":"1781939","fromID":"1361416","toID":"1361422","formEdgeID":null},{"edgeID":"1781940","fromID":"1361422","toID":"1361410","formEdgeID":null},{"edgeID":"1781941","fromID":"1361421","toID":"1361423","formEdgeID":null},{"edgeID":"1781942","fromID":"1361423","toID":"1361422","formEdgeID":null},{"edgeID":"1781943","fromID":"1361426","toID":"1361425","formEdgeID":null},{"edgeID":"1781944","fromID":"1361427","toID":"1361426","formEdgeID":null},{"edgeID":"1781945","fromID":"1361425","toID":"1361428","formEdgeID":null},{"edgeID":"1781946","fromID":"1361428","toID":"1361424","formEdgeID":null},{"edgeID":"1781947","fromID":"1361403","toID":"1361429","formEdgeID":null},{"edgeID":"1781948","fromID":"1361429","toID":"1361425","formEdgeID":null},{"edgeID":"1781949","fromID":"1361432","toID":"1361431","formEdgeID":null},{"edgeID":"1781950","fromID":"1361433","toID":"1361432","formEdgeID":null},{"edgeID":"1781951","fromID":"1361431","toID":"1361434","formEdgeID":null},{"edgeID":"1781952","fromID":"1361434","toID":"1361430","formEdgeID":null},{"edgeID":"1781953","fromID":"1361425","toID":"1361435","formEdgeID":null},{"edgeID":"1781954","fromID":"1361435","toID":"1361431","formEdgeID":null},{"edgeID":"1781955","fromID":"1361424","toID":"1361436","formEdgeID":null},{"edgeID":"1781956","fromID":"1361436","toID":"1361430","formEdgeID":null},{"edgeID":"1781957","fromID":"1361435","toID":"1361437","formEdgeID":null},{"edgeID":"1781958","fromID":"1361437","toID":"1361436","formEdgeID":null},{"edgeID":"1781959","fromID":"1361440","toID":"1361439","formEdgeID":null},{"edgeID":"1781960","fromID":"1361441","toID":"1361440","formEdgeID":null},{"edgeID":"1781961","fromID":"1361439","toID":"1361442","formEdgeID":null},{"edgeID":"1781962","fromID":"1361442","toID":"1361438","formEdgeID":null},{"edgeID":"1781963","fromID":"1361438","toID":"1361443","formEdgeID":null},{"edgeID":"1781964","fromID":"1361443","toID":"1361381","formEdgeID":null},{"edgeID":"1781965","fromID":"1361382","toID":"1361444","formEdgeID":null},{"edgeID":"1781966","fromID":"1361444","toID":"1361439","formEdgeID":null},{"edgeID":"1781967","fromID":"1361444","toID":"1361445","formEdgeID":null},{"edgeID":"1781968","fromID":"1361445","toID":"1361443","formEdgeID":null},{"edgeID":"1781969","fromID":"1361447","toID":"1361446","formEdgeID":null},{"edgeID":"1781970","fromID":"1361448","toID":"1361447","formEdgeID":null},{"edgeID":"1781971","fromID":"1361446","toID":"1361449","formEdgeID":null},{"edgeID":"1781972","fromID":"1361449","toID":"1157069","formEdgeID":null},{"edgeID":"1781973","fromID":"1157069","toID":"1361450","formEdgeID":null},{"edgeID":"1781974","fromID":"1361450","toID":"1361438","formEdgeID":null},{"edgeID":"1781975","fromID":"1361439","toID":"1361451","formEdgeID":null},{"edgeID":"1781976","fromID":"1361451","toID":"1361446","formEdgeID":null},{"edgeID":"1781977","fromID":"1361451","toID":"1361452","formEdgeID":null},{"edgeID":"1781978","fromID":"1361452","toID":"1361450","formEdgeID":null},{"edgeID":"1781979","fromID":"1361455","toID":"1361454","formEdgeID":null},{"edgeID":"1781980","fromID":"1361456","toID":"1361455","formEdgeID":null},{"edgeID":"1781981","fromID":"1361454","toID":"1361457","formEdgeID":null},{"edgeID":"1781982","fromID":"1361457","toID":"1361453","formEdgeID":null},{"edgeID":"1781983","fromID":"1361446","toID":"1361458","formEdgeID":null},{"edgeID":"1781984","fromID":"1361458","toID":"1361454","formEdgeID":null},{"edgeID":"1781985","fromID":"1361461","toID":"1361460","formEdgeID":null},{"edgeID":"1781986","fromID":"1361462","toID":"1361461","formEdgeID":null},{"edgeID":"1781987","fromID":"1361460","toID":"1361463","formEdgeID":null},{"edgeID":"1781988","fromID":"1361463","toID":"1361459","formEdgeID":null},{"edgeID":"1781989","fromID":"1361466","toID":"1361465","formEdgeID":null},{"edgeID":"1781990","fromID":"1361467","toID":"1361466","formEdgeID":null},{"edgeID":"1781991","fromID":"1361465","toID":"1361468","formEdgeID":null},{"edgeID":"1781992","fromID":"1361468","toID":"1361464","formEdgeID":null},{"edgeID":"1781993","fromID":"1361471","toID":"1361470","formEdgeID":null},{"edgeID":"1781994","fromID":"1361472","toID":"1361471","formEdgeID":null},{"edgeID":"1781995","fromID":"1361470","toID":"1361473","formEdgeID":null},{"edgeID":"1781996","fromID":"1361473","toID":"1361469","formEdgeID":null},{"edgeID":"1781997","fromID":"1361476","toID":"1361475","formEdgeID":null},{"edgeID":"1781998","fromID":"1361477","toID":"1361476","formEdgeID":null},{"edgeID":"1781999","fromID":"1361475","toID":"1361478","formEdgeID":null},{"edgeID":"1782000","fromID":"1361478","toID":"1361474","formEdgeID":null},{"edgeID":"1782001","fromID":"1361481","toID":"1361480","formEdgeID":null},{"edgeID":"1782002","fromID":"1361482","toID":"1361481","formEdgeID":null},{"edgeID":"1782003","fromID":"1361480","toID":"1361483","formEdgeID":null},{"edgeID":"1782004","fromID":"1361483","toID":"1361479","formEdgeID":null},{"edgeID":"1782005","fromID":"1361460","toID":"1361484","formEdgeID":null},{"edgeID":"1782006","fromID":"1361484","toID":"1361480","formEdgeID":null},{"edgeID":"1782007","fromID":"1361487","toID":"1361486","formEdgeID":null},{"edgeID":"1782008","fromID":"1361488","toID":"1361487","formEdgeID":null},{"edgeID":"1782009","fromID":"1361486","toID":"1361489","formEdgeID":null},{"edgeID":"1782010","fromID":"1361489","toID":"1361485","formEdgeID":null},{"edgeID":"1782011","fromID":"1361460","toID":"1361490","formEdgeID":null},{"edgeID":"1782012","fromID":"1361490","toID":"1361486","formEdgeID":null},{"edgeID":"1782013","fromID":"1361485","toID":"1361491","formEdgeID":null},{"edgeID":"1782014","fromID":"1361491","toID":"1361459","formEdgeID":null},{"edgeID":"1782015","fromID":"1361490","toID":"1361492","formEdgeID":null},{"edgeID":"1782016","fromID":"1361492","toID":"1361491","formEdgeID":null},{"edgeID":"1782017","fromID":"1361479","toID":"1361491","formEdgeID":null},{"edgeID":"1782018","fromID":"1361454","toID":"1361493","formEdgeID":null},{"edgeID":"1782019","fromID":"1361493","toID":"1361475","formEdgeID":null},{"edgeID":"1782020","fromID":"1361453","toID":"1361494","formEdgeID":null},{"edgeID":"1782021","fromID":"1361494","toID":"1361474","formEdgeID":null},{"edgeID":"1782022","fromID":"1361493","toID":"1361495","formEdgeID":null},{"edgeID":"1782023","fromID":"1361495","toID":"1361494","formEdgeID":null},{"edgeID":"1782024","fromID":"1361460","toID":"1361496","formEdgeID":null},{"edgeID":"1782025","fromID":"1361496","toID":"1361475","formEdgeID":null},{"edgeID":"1782026","fromID":"1361474","toID":"1361497","formEdgeID":null},{"edgeID":"1782027","fromID":"1361497","toID":"1361459","formEdgeID":null},{"edgeID":"1782028","fromID":"1361496","toID":"1361498","formEdgeID":null},{"edgeID":"1782029","fromID":"1361498","toID":"1361497","formEdgeID":null},{"edgeID":"1782030","fromID":"1361501","toID":"1361500","formEdgeID":null},{"edgeID":"1782031","fromID":"1361502","toID":"1361501","formEdgeID":null},{"edgeID":"1782032","fromID":"1361500","toID":"1361503","formEdgeID":null},{"edgeID":"1782033","fromID":"1361503","toID":"1361499","formEdgeID":null},{"edgeID":"1782034","fromID":"1361470","toID":"1361504","formEdgeID":null},{"edgeID":"1782035","fromID":"1361504","toID":"1361500","formEdgeID":null},{"edgeID":"1782036","fromID":"1361499","toID":"1361505","formEdgeID":null},{"edgeID":"1782037","fromID":"1361505","toID":"1361469","formEdgeID":null},{"edgeID":"1782038","fromID":"1361504","toID":"1361506","formEdgeID":null},{"edgeID":"1782039","fromID":"1361506","toID":"1361505","formEdgeID":null},{"edgeID":"1782040","fromID":"1361509","toID":"1361508","formEdgeID":null},{"edgeID":"1782041","fromID":"1361510","toID":"1361509","formEdgeID":null},{"edgeID":"1782042","fromID":"1361508","toID":"1361511","formEdgeID":null},{"edgeID":"1782043","fromID":"1361511","toID":"1361507","formEdgeID":null},{"edgeID":"1782044","fromID":"1361465","toID":"1361512","formEdgeID":null},{"edgeID":"1782045","fromID":"1361512","toID":"1361508","formEdgeID":null},{"edgeID":"1782046","fromID":"1361464","toID":"1361513","formEdgeID":null},{"edgeID":"1782047","fromID":"1361513","toID":"1361507","formEdgeID":null},{"edgeID":"1782048","fromID":"1361512","toID":"1361514","formEdgeID":null},{"edgeID":"1782049","fromID":"1361514","toID":"1361513","formEdgeID":null},{"edgeID":"1782050","fromID":"1361517","toID":"1361516","formEdgeID":null},{"edgeID":"1782051","fromID":"1361518","toID":"1361517","formEdgeID":null},{"edgeID":"1782052","fromID":"1361516","toID":"1361519","formEdgeID":null},{"edgeID":"1782053","fromID":"1361519","toID":"1361515","formEdgeID":null},{"edgeID":"1782054","fromID":"1361425","toID":"1361520","formEdgeID":null},{"edgeID":"1782055","fromID":"1361520","toID":"1361516","formEdgeID":null},{"edgeID":"1782056","fromID":"1361508","toID":"1361521","formEdgeID":null},{"edgeID":"1782057","fromID":"1361521","toID":"1361516","formEdgeID":null},{"edgeID":"1782058","fromID":"1361507","toID":"1361522","formEdgeID":null},{"edgeID":"1782059","fromID":"1361522","toID":"1361515","formEdgeID":null},{"edgeID":"1782060","fromID":"1361424","toID":"1361522","formEdgeID":null},{"edgeID":"1782061","fromID":"1361521","toID":"1361523","formEdgeID":null},{"edgeID":"1782062","fromID":"1361523","toID":"1361522","formEdgeID":null},{"edgeID":"1782063","fromID":"1361525","toID":"1361524","formEdgeID":null},{"edgeID":"1782064","fromID":"1361526","toID":"1361525","formEdgeID":null},{"edgeID":"1782065","fromID":"1361524","toID":"1361527","formEdgeID":null},{"edgeID":"1782066","fromID":"1361527","toID":"1157169","formEdgeID":null},{"edgeID":"1782067","fromID":"1361530","toID":"1361529","formEdgeID":null},{"edgeID":"1782068","fromID":"1361531","toID":"1361530","formEdgeID":null},{"edgeID":"1782069","fromID":"1361529","toID":"1361532","formEdgeID":null},{"edgeID":"1782070","fromID":"1361532","toID":"1361528","formEdgeID":null},{"edgeID":"1782071","fromID":"1361524","toID":"1361533","formEdgeID":null},{"edgeID":"1782072","fromID":"1361533","toID":"1361529","formEdgeID":null},{"edgeID":"1782073","fromID":"1157169","toID":"1361534","formEdgeID":null},{"edgeID":"1782074","fromID":"1361534","toID":"1361515","formEdgeID":null},{"edgeID":"1782075","fromID":"1361516","toID":"1361535","formEdgeID":null},{"edgeID":"1782076","fromID":"1361535","toID":"1361524","formEdgeID":null},{"edgeID":"1782077","fromID":"1361535","toID":"1361536","formEdgeID":null},{"edgeID":"1782078","fromID":"1361536","toID":"1361534","formEdgeID":null},{"edgeID":"1782079","fromID":"1361539","toID":"1361538","formEdgeID":null},{"edgeID":"1782080","fromID":"1361540","toID":"1361539","formEdgeID":null},{"edgeID":"1782081","fromID":"1361538","toID":"1361541","formEdgeID":null},{"edgeID":"1782082","fromID":"1361541","toID":"1361537","formEdgeID":null},{"edgeID":"1782083","fromID":"1361465","toID":"1361542","formEdgeID":null},{"edgeID":"1782084","fromID":"1361542","toID":"1361538","formEdgeID":null},{"edgeID":"1782085","fromID":"1361537","toID":"1361543","formEdgeID":null},{"edgeID":"1782086","fromID":"1361543","toID":"1361464","formEdgeID":null},{"edgeID":"1782087","fromID":"1361542","toID":"1361544","formEdgeID":null},{"edgeID":"1782088","fromID":"1361544","toID":"1361543","formEdgeID":null},{"edgeID":"1782089","fromID":"1361446","toID":"1361545","formEdgeID":null},{"edgeID":"1782090","fromID":"1361545","toID":"1361538","formEdgeID":null},{"edgeID":"1782091","fromID":"1361537","toID":"1361546","formEdgeID":null},{"edgeID":"1782092","fromID":"1361546","toID":"1157069","formEdgeID":null},{"edgeID":"1782093","fromID":"1361545","toID":"1361547","formEdgeID":null},{"edgeID":"1782094","fromID":"1361547","toID":"1361546","formEdgeID":null},{"edgeID":"1782095","fromID":"1361410","toID":"1361548","formEdgeID":null},{"edgeID":"1782096","fromID":"1361548","toID":"1361402","formEdgeID":null},{"edgeID":"1782097","fromID":"1361415","toID":"1361549","formEdgeID":null},{"edgeID":"1782098","fromID":"1361549","toID":"1361548","formEdgeID":null},{"edgeID":"1782099","fromID":"1361424","toID":"1361550","formEdgeID":null},{"edgeID":"1782100","fromID":"1361550","toID":"1361402","formEdgeID":null},{"edgeID":"1782101","fromID":"1361429","toID":"1361551","formEdgeID":null},{"edgeID":"1782102","fromID":"1361551","toID":"1361550","formEdgeID":null},{"edgeID":"1782103","fromID":"1361453","toID":"1361552","formEdgeID":null},{"edgeID":"1782104","fromID":"1361552","toID":"1361464","formEdgeID":null},{"edgeID":"1782105","fromID":"1361454","toID":"1361553","formEdgeID":null},{"edgeID":"1782106","fromID":"1361553","toID":"1361465","formEdgeID":null},{"edgeID":"1782107","fromID":"1361553","toID":"1361554","formEdgeID":null},{"edgeID":"1782108","fromID":"1361554","toID":"1361552","formEdgeID":null},{"edgeID":"1782109","fromID":"1361469","toID":"1361555","formEdgeID":null},{"edgeID":"1782110","fromID":"1361555","toID":"1361464","formEdgeID":null},{"edgeID":"1782111","fromID":"1361459","toID":"1361555","formEdgeID":null},{"edgeID":"1782112","fromID":"1361460","toID":"1361556","formEdgeID":null},{"edgeID":"1782113","fromID":"1361556","toID":"1361470","formEdgeID":null},{"edgeID":"1782114","fromID":"1361460","toID":"1361557","formEdgeID":null},{"edgeID":"1782115","fromID":"1361557","toID":"1361465","formEdgeID":null},{"edgeID":"1782116","fromID":"1361556","toID":"1361558","formEdgeID":null},{"edgeID":"1782117","fromID":"1361558","toID":"1361555","formEdgeID":null},{"edgeID":"1782118","fromID":"1361528","toID":"1361559","formEdgeID":null},{"edgeID":"1782119","fromID":"1361559","toID":"1157169","formEdgeID":null},{"edgeID":"1782120","fromID":"1361533","toID":"1361560","formEdgeID":null},{"edgeID":"1782121","fromID":"1361560","toID":"1361559","formEdgeID":null}],"locutions":[]}