{"nodes":[{"nodeID":"1362009","text":"AudienceMember 20230126QT23 would love to work in an industry where there was minimum service levels currently","type":"I","timestamp":"2023-11-09 14:28:09"},{"nodeID":"1362010","text":"AudienceMember 20230126QT23: I would love to work in an industry where we had minimum service levels currently","type":"L","timestamp":"2023-11-09 14:28:09"},{"nodeID":"1362011","text":"Analysing","type":"YA","timestamp":"2023-11-09 14:28:09"},{"nodeID":"1362012","text":"Calum: AudienceMember 20230126QT23: I would love to work in an industry where we had minimum service levels currently","type":"L","timestamp":"2023-11-09 14:28:09"},{"nodeID":"1362013","text":"Asserting","type":"YA","timestamp":"2023-11-09 14:28:09"},{"nodeID":"1362014","text":"the organisation AudienceMember 20230126QT23 works for has a permanent court injunction which stops them from striking","type":"I","timestamp":"2023-11-09 14:28:09"},{"nodeID":"1362015","text":"AudienceMember 20230126QT23: The organisation I work for, there's a permanent court injunction which stops me from striking","type":"L","timestamp":"2023-11-09 14:28:09"},{"nodeID":"1362016","text":"Analysing","type":"YA","timestamp":"2023-11-09 14:28:09"},{"nodeID":"1362017","text":"Calum: AudienceMember 20230126QT23: The organisation I work for, there's a permanent court injunction which stops me from striking","type":"L","timestamp":"2023-11-09 14:28:09"},{"nodeID":"1362018","text":"Asserting","type":"YA","timestamp":"2023-11-09 14:28:09"},{"nodeID":"1362019","text":"xxx is AudienceMember 20230126QT23's industry\u00a0","type":"I","timestamp":"2023-11-09 14:28:10"},{"nodeID":"1362020","text":"Fiona Bruce: what industry is that?\u00a0","type":"L","timestamp":"2023-11-09 14:28:10"},{"nodeID":"1362021","text":"Analysing","type":"YA","timestamp":"2023-11-09 14:28:10"},{"nodeID":"1362022","text":"Calum: Fiona Bruce: what industry is that?\u00a0","type":"L","timestamp":"2023-11-09 14:28:10"},{"nodeID":"1362023","text":"Pure Questioning","type":"YA","timestamp":"2023-11-09 14:28:10"},{"nodeID":"1362024","text":"AudienceMember 20230126QT23 is a Prison Officer","type":"I","timestamp":"2023-11-09 14:28:11"},{"nodeID":"1362025","text":"AudienceMember 20230126QT24: I'm a Prison Officer","type":"L","timestamp":"2023-11-09 14:28:11"},{"nodeID":"1362026","text":"Analysing","type":"YA","timestamp":"2023-11-09 14:28:11"},{"nodeID":"1362027","text":"Calum: AudienceMember 20230126QT24: I'm a Prison Officer","type":"L","timestamp":"2023-11-09 14:28:11"},{"nodeID":"1362028","text":"Asserting","type":"YA","timestamp":"2023-11-09 14:28:11"},{"nodeID":"1362029","text":"currently AudienceMember 20230126QT23 doesn't have the right to strike","type":"I","timestamp":"2023-11-09 14:28:11"},{"nodeID":"1362030","text":"AudienceMember 20230126QT24: currently I don't have the right to strike","type":"L","timestamp":"2023-11-09 14:28:11"},{"nodeID":"1362031","text":"Analysing","type":"YA","timestamp":"2023-11-09 14:28:11"},{"nodeID":"1362032","text":"Calum: AudienceMember 20230126QT24: currently I don't have the right to strike","type":"L","timestamp":"2023-11-09 14:28:11"},{"nodeID":"1362033","text":"Asserting","type":"YA","timestamp":"2023-11-09 14:28:11"},{"nodeID":"1362034","text":"AudienceMember 20230126QT23 should have the right to strike","type":"I","timestamp":"2023-11-09 14:28:12"},{"nodeID":"1362035","text":"AudienceMember 20230126QT24: I should do","type":"L","timestamp":"2023-11-09 14:28:12"},{"nodeID":"1362036","text":"Analysing","type":"YA","timestamp":"2023-11-09 14:28:12"},{"nodeID":"1362037","text":"Calum: AudienceMember 20230126QT24: I should do","type":"L","timestamp":"2023-11-09 14:28:12"},{"nodeID":"1362038","text":"Asserting","type":"YA","timestamp":"2023-11-09 14:28:12"},{"nodeID":"1362039","text":"AudienceMember 20230126QT23 is a trade unionist","type":"I","timestamp":"2023-11-09 14:28:13"},{"nodeID":"1362040","text":"AudienceMember 20230126QT24: I'm a trade unionist","type":"L","timestamp":"2023-11-09 14:28:13"},{"nodeID":"1362041","text":"Analysing","type":"YA","timestamp":"2023-11-09 14:28:13"},{"nodeID":"1362042","text":"Calum: AudienceMember 20230126QT24: I'm a trade unionist","type":"L","timestamp":"2023-11-09 14:28:13"},{"nodeID":"1362043","text":"Asserting","type":"YA","timestamp":"2023-11-09 14:28:13"},{"nodeID":"1362044","text":"AudienceMember 20230126QT23 is not allowed to strike","type":"I","timestamp":"2023-11-09 14:28:13"},{"nodeID":"1362045","text":"AudienceMember 20230126QT24: I'm not allowed to","type":"L","timestamp":"2023-11-09 14:28:13"},{"nodeID":"1362046","text":"Analysing","type":"YA","timestamp":"2023-11-09 14:28:13"},{"nodeID":"1362047","text":"Calum: AudienceMember 20230126QT24: I'm not allowed to","type":"L","timestamp":"2023-11-09 14:28:13"},{"nodeID":"1362048","text":"Asserting","type":"YA","timestamp":"2023-11-09 14:28:13"},{"nodeID":"1362049","text":"if AudienceMember 20230126QT23 and their colleagues talk about withdrawing their labour they're contravening and in contempt of court","type":"I","timestamp":"2023-11-09 14:28:14"},{"nodeID":"1362050","text":"AudienceMember 20230126QT24: If me and my colleagues talk about withdrawing our labour, they're contravening and we're in contempt of court","type":"L","timestamp":"2023-11-09 14:28:14"},{"nodeID":"1362051","text":"Analysing","type":"YA","timestamp":"2023-11-09 14:28:14"},{"nodeID":"1362052","text":"Calum: AudienceMember 20230126QT24: If me and my colleagues talk about withdrawing our labour, they're contravening and we're in contempt of court","type":"L","timestamp":"2023-11-09 14:28:14"},{"nodeID":"1362053","text":"Asserting","type":"YA","timestamp":"2023-11-09 14:28:14"},{"nodeID":"1362054","text":"there are or are not other sectors which should have the same injunctions that AudienceMember 20230126QT23 has","type":"I","timestamp":"2023-11-09 14:28:14"},{"nodeID":"1362055","text":"Fiona Bruce: do you think there are other sectors which should have the same injunctions that you have","type":"L","timestamp":"2023-11-09 14:28:14"},{"nodeID":"1362056","text":"Analysing","type":"YA","timestamp":"2023-11-09 14:28:14"},{"nodeID":"1362057","text":"Calum: Fiona Bruce: do you think there are other sectors which should have the same injunctions that you have","type":"L","timestamp":"2023-11-09 14:28:14"},{"nodeID":"1362058","text":"Pure Questioning","type":"YA","timestamp":"2023-11-09 14:28:14"},{"nodeID":"1362059","text":"an injunction affects the Prison Service and it affects the Prison Officers Association","type":"I","timestamp":"2023-11-09 14:28:15"},{"nodeID":"1362060","text":"AudienceMember 20230126QT25: it affects the Prison Service and it affects the Prison Officers Association","type":"L","timestamp":"2023-11-09 14:28:15"},{"nodeID":"1362061","text":"Analysing","type":"YA","timestamp":"2023-11-09 14:28:15"},{"nodeID":"1362062","text":"Calum: AudienceMember 20230126QT25: it affects the Prison Service and it affects the Prison Officers Association","type":"L","timestamp":"2023-11-09 14:28:15"},{"nodeID":"1362063","text":"Asserting","type":"YA","timestamp":"2023-11-09 14:28:15"},{"nodeID":"1362064","text":"the injunction should affect everybody else","type":"I","timestamp":"2023-11-09 14:28:16"},{"nodeID":"1362065","text":"AudienceMember 20230126QT25: it should affect everybody else","type":"L","timestamp":"2023-11-09 14:28:16"},{"nodeID":"1362066","text":"Analysing","type":"YA","timestamp":"2023-11-09 14:28:16"},{"nodeID":"1362067","text":"Calum: AudienceMember 20230126QT25: it should affect everybody else","type":"L","timestamp":"2023-11-09 14:28:16"},{"nodeID":"1362068","text":"Asserting","type":"YA","timestamp":"2023-11-09 14:28:16"},{"nodeID":"1362069","text":"an injunction does not affect the Prison Service and the Prison Officers Association","type":"I","timestamp":"2023-11-09 14:28:16"},{"nodeID":"1362070","text":"AudienceMember 20230126QT25: If not","type":"L","timestamp":"2023-11-09 14:28:16"},{"nodeID":"1362071","text":"Analysing","type":"YA","timestamp":"2023-11-09 14:28:16"},{"nodeID":"1362072","text":"Calum: AudienceMember 20230126QT25: If not","type":"L","timestamp":"2023-11-09 14:28:16"},{"nodeID":"1362073","text":"Asserting","type":"YA","timestamp":"2023-11-09 14:28:16"},{"nodeID":"1362074","text":"the injunciton shouldn't affect prison officers","type":"I","timestamp":"2023-11-09 14:28:17"},{"nodeID":"1362075","text":"AudienceMember 20230126QT25:  it shouldn't affect us","type":"L","timestamp":"2023-11-09 14:28:17"},{"nodeID":"1362076","text":"Analysing","type":"YA","timestamp":"2023-11-09 14:28:17"},{"nodeID":"1362077","text":"Calum: AudienceMember 20230126QT25:  it shouldn't affect us","type":"L","timestamp":"2023-11-09 14:28:17"},{"nodeID":"1362078","text":"Asserting","type":"YA","timestamp":"2023-11-09 14:28:17"},{"nodeID":"1362079","text":"AudienceMember20230126QT25 does or does not mean that all public sector workers shouldn't be allowed to strike","type":"I","timestamp":"2023-11-09 14:28:18"},{"nodeID":"1362080","text":"Fiona Bruce: You mean all public sector workers shouldn't be allowed to strike","type":"L","timestamp":"2023-11-09 14:28:18"},{"nodeID":"1362081","text":"Analysing","type":"YA","timestamp":"2023-11-09 14:28:18"},{"nodeID":"1362082","text":"Calum: Fiona Bruce: You mean all public sector workers shouldn't be allowed to strike","type":"L","timestamp":"2023-11-09 14:28:18"},{"nodeID":"1362083","text":"Pure Questioning","type":"YA","timestamp":"2023-11-09 14:28:18"},{"nodeID":"1362084","text":"Fiona Bruce: Is that you mean","type":"L","timestamp":"2023-11-09 14:28:18"},{"nodeID":"1362085","text":"Analysing","type":"YA","timestamp":"2023-11-09 14:28:18"},{"nodeID":"1362086","text":"Calum: Fiona Bruce: Is that you mean","type":"L","timestamp":"2023-11-09 14:28:18"},{"nodeID":"1362087","text":"Asserting","type":"YA","timestamp":"2023-11-09 14:28:18"},{"nodeID":"1362088","text":"the injunction against strikes shouldn't affect prison officers","type":"I","timestamp":"2023-11-09 14:28:18"},{"nodeID":"1362089","text":"AudienceMember 20230126QT26: No, it shouldn't affect us","type":"L","timestamp":"2023-11-09 14:28:18"},{"nodeID":"1362090","text":"Analysing","type":"YA","timestamp":"2023-11-09 14:28:18"},{"nodeID":"1362091","text":"Calum: AudienceMember 20230126QT26: No, it shouldn't affect us","type":"L","timestamp":"2023-11-09 14:28:18"},{"nodeID":"1362092","text":"Asserting","type":"YA","timestamp":"2023-11-09 14:28:18"},{"nodeID":"1362093","text":"AudienceMember20230126QT25 is not coming across clear","type":"I","timestamp":"2023-11-09 14:28:19"},{"nodeID":"1362094","text":"AudienceMember 20230126QT26:  I'm not coming across clear","type":"L","timestamp":"2023-11-09 14:28:19"},{"nodeID":"1362095","text":"Analysing","type":"YA","timestamp":"2023-11-09 14:28:19"},{"nodeID":"1362096","text":"Calum: AudienceMember 20230126QT26:  I'm not coming across clear","type":"L","timestamp":"2023-11-09 14:28:19"},{"nodeID":"1362097","text":"Asserting","type":"YA","timestamp":"2023-11-09 14:28:19"},{"nodeID":"1362098","text":"the injunction against strikes shouldn't affect anybody","type":"I","timestamp":"2023-11-09 14:28:20"},{"nodeID":"1362099","text":"AudienceMember 20230126QT26: It shouldn't affect anybody","type":"L","timestamp":"2023-11-09 14:28:20"},{"nodeID":"1362100","text":"Analysing","type":"YA","timestamp":"2023-11-09 14:28:20"},{"nodeID":"1362101","text":"Calum: AudienceMember 20230126QT26: It shouldn't affect anybody","type":"L","timestamp":"2023-11-09 14:28:20"},{"nodeID":"1362102","text":"Asserting","type":"YA","timestamp":"2023-11-09 14:28:20"},{"nodeID":"1362103","text":"everybody should have the right to strike","type":"I","timestamp":"2023-11-09 14:28:20"},{"nodeID":"1362104","text":"AudienceMember 20230126QT26: everybody should have the right to strike","type":"L","timestamp":"2023-11-09 14:28:20"},{"nodeID":"1362105","text":"Analysing","type":"YA","timestamp":"2023-11-09 14:28:20"},{"nodeID":"1362106","text":"Calum: AudienceMember 20230126QT26: everybody should have the right to strike","type":"L","timestamp":"2023-11-09 14:28:20"},{"nodeID":"1362107","text":"Asserting","type":"YA","timestamp":"2023-11-09 14:28:20"},{"nodeID":"1362108","text":"We can't have a two tier system where certain people can, so the NHS, doctors, but prison officers and police officers can't","type":"I","timestamp":"2023-11-09 14:28:21"},{"nodeID":"1362109","text":"AudienceMember 20230126QT26: We can't have a two tier system where certain people can, so the NHS, doctors, but prison officers and police officers can't","type":"L","timestamp":"2023-11-09 14:28:21"},{"nodeID":"1362110","text":"Analysing","type":"YA","timestamp":"2023-11-09 14:28:21"},{"nodeID":"1362111","text":"Calum: AudienceMember 20230126QT26: We can't have a two tier system where certain people can, so the NHS, doctors, but prison officers and police officers can't","type":"L","timestamp":"2023-11-09 14:28:21"},{"nodeID":"1362112","text":"Asserting","type":"YA","timestamp":"2023-11-09 14:28:21"},{"nodeID":"1362113","text":"Default Transition","type":"TA","timestamp":"2023-11-09 14:28:21"},{"nodeID":"1362114","text":"Default Inference","type":"RA","timestamp":"2023-11-09 14:28:21"},{"nodeID":"1362115","text":"Arguing","type":"YA","timestamp":"2023-11-09 14:28:21"},{"nodeID":"1362116","text":"Default Transition","type":"TA","timestamp":"2023-11-09 14:28:21"},{"nodeID":"1362117","text":"Default Transition","type":"TA","timestamp":"2023-11-09 14:28:21"},{"nodeID":"1362118","text":"Default Rephrase","type":"MA","timestamp":"2023-11-09 14:28:21"},{"nodeID":"1362119","text":"Default Illocuting","type":"YA","timestamp":"2023-11-09 14:28:21"},{"nodeID":"1362120","text":"Default Transition","type":"TA","timestamp":"2023-11-09 14:28:21"},{"nodeID":"1362121","text":"Default Rephrase","type":"MA","timestamp":"2023-11-09 14:28:21"},{"nodeID":"1362122","text":"Restating","type":"YA","timestamp":"2023-11-09 14:28:21"},{"nodeID":"1362123","text":"Default Transition","type":"TA","timestamp":"2023-11-09 14:28:21"},{"nodeID":"1362124","text":"Default Conflict","type":"CA","timestamp":"2023-11-09 14:28:21"},{"nodeID":"1362125","text":"Default Transition","type":"TA","timestamp":"2023-11-09 14:28:21"},{"nodeID":"1362126","text":"Default Inference","type":"RA","timestamp":"2023-11-09 14:28:21"},{"nodeID":"1362127","text":"Arguing","type":"YA","timestamp":"2023-11-09 14:28:21"},{"nodeID":"1362128","text":"Default Transition","type":"TA","timestamp":"2023-11-09 14:28:21"},{"nodeID":"1362129","text":"Default Rephrase","type":"MA","timestamp":"2023-11-09 14:28:21"},{"nodeID":"1362130","text":"Restating","type":"YA","timestamp":"2023-11-09 14:28:21"},{"nodeID":"1362131","text":"Default Transition","type":"TA","timestamp":"2023-11-09 14:28:21"},{"nodeID":"1362132","text":"Default Rephrase","type":"MA","timestamp":"2023-11-09 14:28:21"},{"nodeID":"1362133","text":"Restating","type":"YA","timestamp":"2023-11-09 14:28:21"},{"nodeID":"1362134","text":"Default Transition","type":"TA","timestamp":"2023-11-09 14:28:21"},{"nodeID":"1362135","text":"Default Transition","type":"TA","timestamp":"2023-11-09 14:28:21"},{"nodeID":"1362136","text":"Default Transition","type":"TA","timestamp":"2023-11-09 14:28:21"},{"nodeID":"1362137","text":"Default Transition","type":"TA","timestamp":"2023-11-09 14:28:21"},{"nodeID":"1362138","text":"Default Rephrase","type":"MA","timestamp":"2023-11-09 14:28:21"},{"nodeID":"1362139","text":"Default Rephrase","type":"MA","timestamp":"2023-11-09 14:28:21"},{"nodeID":"1362140","text":"Default Transition","type":"TA","timestamp":"2023-11-09 14:28:21"},{"nodeID":"1362141","text":"Restating","type":"YA","timestamp":"2023-11-09 14:28:21"},{"nodeID":"1362142","text":"Default Transition","type":"TA","timestamp":"2023-11-09 14:28:21"},{"nodeID":"1362143","text":"Restating","type":"YA","timestamp":"2023-11-09 14:28:21"},{"nodeID":"1362144","text":"Default Transition","type":"TA","timestamp":"2023-11-09 14:28:21"},{"nodeID":"1362145","text":"Default Transition","type":"TA","timestamp":"2023-11-09 14:28:21"},{"nodeID":"1362146","text":"Default Transition","type":"TA","timestamp":"2023-11-09 14:28:21"},{"nodeID":"1362147","text":"Default Rephrase","type":"MA","timestamp":"2023-11-09 14:28:21"},{"nodeID":"1362148","text":"Restating","type":"YA","timestamp":"2023-11-09 14:28:21"},{"nodeID":"1362149","text":"Default Transition","type":"TA","timestamp":"2023-11-09 14:28:21"},{"nodeID":"1362150","text":"Default Rephrase","type":"MA","timestamp":"2023-11-09 14:28:21"},{"nodeID":"1362151","text":"Restating","type":"YA","timestamp":"2023-11-09 14:28:21"},{"nodeID":"1362152","text":"Default Transition","type":"TA","timestamp":"2023-11-09 14:28:21"},{"nodeID":"1362153","text":"Default Rephrase","type":"MA","timestamp":"2023-11-09 14:28:21"},{"nodeID":"1362154","text":"Default Illocuting","type":"YA","timestamp":"2023-11-09 14:28:21"},{"nodeID":"1362155","text":"Default Transition","type":"TA","timestamp":"2023-11-09 14:28:21"},{"nodeID":"1362156","text":"Default Transition","type":"TA","timestamp":"2023-11-09 14:28:21"},{"nodeID":"1362157","text":"Default Rephrase","type":"MA","timestamp":"2023-11-09 14:28:21"},{"nodeID":"1362158","text":"Restating","type":"YA","timestamp":"2023-11-09 14:28:21"},{"nodeID":"1362159","text":"Default Transition","type":"TA","timestamp":"2023-11-09 14:28:21"},{"nodeID":"1362160","text":"Default Rephrase","type":"MA","timestamp":"2023-11-09 14:28:21"},{"nodeID":"1362161","text":"Restating","type":"YA","timestamp":"2023-11-09 14:28:21"},{"nodeID":"1362162","text":"Default Transition","type":"TA","timestamp":"2023-11-09 14:28:21"},{"nodeID":"1362163","text":"Default Inference","type":"RA","timestamp":"2023-11-09 14:28:21"},{"nodeID":"1362164","text":"Arguing","type":"YA","timestamp":"2023-11-09 14:28:21"},{"nodeID":"1362165","text":"Default Inference","type":"RA","timestamp":"2023-11-09 14:28:21"},{"nodeID":"1362166","text":"Arguing","type":"YA","timestamp":"2023-11-09 14:28:21"},{"nodeID":"1362167","text":"Default Inference","type":"RA","timestamp":"2023-11-09 14:28:21"},{"nodeID":"1362168","text":"Arguing","type":"YA","timestamp":"2023-11-09 14:28:21"}],"edges":[{"edgeID":"1782651","fromID":"1362011","toID":"1362010","formEdgeID":null},{"edgeID":"1782652","fromID":"1362012","toID":"1362011","formEdgeID":null},{"edgeID":"1782653","fromID":"1362010","toID":"1362013","formEdgeID":null},{"edgeID":"1782654","fromID":"1362013","toID":"1362009","formEdgeID":null},{"edgeID":"1782655","fromID":"1362016","toID":"1362015","formEdgeID":null},{"edgeID":"1782656","fromID":"1362017","toID":"1362016","formEdgeID":null},{"edgeID":"1782657","fromID":"1362015","toID":"1362018","formEdgeID":null},{"edgeID":"1782658","fromID":"1362018","toID":"1362014","formEdgeID":null},{"edgeID":"1782659","fromID":"1362021","toID":"1362020","formEdgeID":null},{"edgeID":"1782660","fromID":"1362022","toID":"1362021","formEdgeID":null},{"edgeID":"1782661","fromID":"1362020","toID":"1362023","formEdgeID":null},{"edgeID":"1782662","fromID":"1362023","toID":"1362019","formEdgeID":null},{"edgeID":"1782663","fromID":"1362026","toID":"1362025","formEdgeID":null},{"edgeID":"1782664","fromID":"1362027","toID":"1362026","formEdgeID":null},{"edgeID":"1782665","fromID":"1362025","toID":"1362028","formEdgeID":null},{"edgeID":"1782666","fromID":"1362028","toID":"1362024","formEdgeID":null},{"edgeID":"1782667","fromID":"1362031","toID":"1362030","formEdgeID":null},{"edgeID":"1782668","fromID":"1362032","toID":"1362031","formEdgeID":null},{"edgeID":"1782669","fromID":"1362030","toID":"1362033","formEdgeID":null},{"edgeID":"1782670","fromID":"1362033","toID":"1362029","formEdgeID":null},{"edgeID":"1782671","fromID":"1362036","toID":"1362035","formEdgeID":null},{"edgeID":"1782672","fromID":"1362037","toID":"1362036","formEdgeID":null},{"edgeID":"1782673","fromID":"1362035","toID":"1362038","formEdgeID":null},{"edgeID":"1782674","fromID":"1362038","toID":"1362034","formEdgeID":null},{"edgeID":"1782675","fromID":"1362041","toID":"1362040","formEdgeID":null},{"edgeID":"1782676","fromID":"1362042","toID":"1362041","formEdgeID":null},{"edgeID":"1782677","fromID":"1362040","toID":"1362043","formEdgeID":null},{"edgeID":"1782678","fromID":"1362043","toID":"1362039","formEdgeID":null},{"edgeID":"1782679","fromID":"1362046","toID":"1362045","formEdgeID":null},{"edgeID":"1782680","fromID":"1362047","toID":"1362046","formEdgeID":null},{"edgeID":"1782681","fromID":"1362045","toID":"1362048","formEdgeID":null},{"edgeID":"1782682","fromID":"1362048","toID":"1362044","formEdgeID":null},{"edgeID":"1782683","fromID":"1362051","toID":"1362050","formEdgeID":null},{"edgeID":"1782684","fromID":"1362052","toID":"1362051","formEdgeID":null},{"edgeID":"1782685","fromID":"1362050","toID":"1362053","formEdgeID":null},{"edgeID":"1782686","fromID":"1362053","toID":"1362049","formEdgeID":null},{"edgeID":"1782687","fromID":"1362056","toID":"1362055","formEdgeID":null},{"edgeID":"1782688","fromID":"1362057","toID":"1362056","formEdgeID":null},{"edgeID":"1782689","fromID":"1362055","toID":"1362058","formEdgeID":null},{"edgeID":"1782690","fromID":"1362058","toID":"1362054","formEdgeID":null},{"edgeID":"1782691","fromID":"1362061","toID":"1362060","formEdgeID":null},{"edgeID":"1782692","fromID":"1362062","toID":"1362061","formEdgeID":null},{"edgeID":"1782693","fromID":"1362060","toID":"1362063","formEdgeID":null},{"edgeID":"1782694","fromID":"1362063","toID":"1362059","formEdgeID":null},{"edgeID":"1782695","fromID":"1362066","toID":"1362065","formEdgeID":null},{"edgeID":"1782696","fromID":"1362067","toID":"1362066","formEdgeID":null},{"edgeID":"1782697","fromID":"1362065","toID":"1362068","formEdgeID":null},{"edgeID":"1782698","fromID":"1362068","toID":"1362064","formEdgeID":null},{"edgeID":"1782699","fromID":"1362071","toID":"1362070","formEdgeID":null},{"edgeID":"1782700","fromID":"1362072","toID":"1362071","formEdgeID":null},{"edgeID":"1782701","fromID":"1362070","toID":"1362073","formEdgeID":null},{"edgeID":"1782702","fromID":"1362073","toID":"1362069","formEdgeID":null},{"edgeID":"1782703","fromID":"1362076","toID":"1362075","formEdgeID":null},{"edgeID":"1782704","fromID":"1362077","toID":"1362076","formEdgeID":null},{"edgeID":"1782705","fromID":"1362075","toID":"1362078","formEdgeID":null},{"edgeID":"1782706","fromID":"1362078","toID":"1362074","formEdgeID":null},{"edgeID":"1782707","fromID":"1362081","toID":"1362080","formEdgeID":null},{"edgeID":"1782708","fromID":"1362082","toID":"1362081","formEdgeID":null},{"edgeID":"1782709","fromID":"1362080","toID":"1362083","formEdgeID":null},{"edgeID":"1782710","fromID":"1362083","toID":"1362079","formEdgeID":null},{"edgeID":"1782711","fromID":"1362085","toID":"1362084","formEdgeID":null},{"edgeID":"1782712","fromID":"1362086","toID":"1362085","formEdgeID":null},{"edgeID":"1782713","fromID":"1362084","toID":"1362087","formEdgeID":null},{"edgeID":"1782714","fromID":"1362087","toID":"1362079","formEdgeID":null},{"edgeID":"1782715","fromID":"1362090","toID":"1362089","formEdgeID":null},{"edgeID":"1782716","fromID":"1362091","toID":"1362090","formEdgeID":null},{"edgeID":"1782717","fromID":"1362089","toID":"1362092","formEdgeID":null},{"edgeID":"1782718","fromID":"1362092","toID":"1362088","formEdgeID":null},{"edgeID":"1782719","fromID":"1362095","toID":"1362094","formEdgeID":null},{"edgeID":"1782720","fromID":"1362096","toID":"1362095","formEdgeID":null},{"edgeID":"1782721","fromID":"1362094","toID":"1362097","formEdgeID":null},{"edgeID":"1782722","fromID":"1362097","toID":"1362093","formEdgeID":null},{"edgeID":"1782723","fromID":"1362100","toID":"1362099","formEdgeID":null},{"edgeID":"1782724","fromID":"1362101","toID":"1362100","formEdgeID":null},{"edgeID":"1782725","fromID":"1362099","toID":"1362102","formEdgeID":null},{"edgeID":"1782726","fromID":"1362102","toID":"1362098","formEdgeID":null},{"edgeID":"1782727","fromID":"1362105","toID":"1362104","formEdgeID":null},{"edgeID":"1782728","fromID":"1362106","toID":"1362105","formEdgeID":null},{"edgeID":"1782729","fromID":"1362104","toID":"1362107","formEdgeID":null},{"edgeID":"1782730","fromID":"1362107","toID":"1362103","formEdgeID":null},{"edgeID":"1782731","fromID":"1362110","toID":"1362109","formEdgeID":null},{"edgeID":"1782732","fromID":"1362111","toID":"1362110","formEdgeID":null},{"edgeID":"1782733","fromID":"1362109","toID":"1362112","formEdgeID":null},{"edgeID":"1782734","fromID":"1362112","toID":"1362108","formEdgeID":null},{"edgeID":"1782735","fromID":"1362010","toID":"1362113","formEdgeID":null},{"edgeID":"1782736","fromID":"1362113","toID":"1362015","formEdgeID":null},{"edgeID":"1782737","fromID":"1362014","toID":"1362114","formEdgeID":null},{"edgeID":"1782738","fromID":"1362114","toID":"1362009","formEdgeID":null},{"edgeID":"1782739","fromID":"1362113","toID":"1362115","formEdgeID":null},{"edgeID":"1782740","fromID":"1362115","toID":"1362114","formEdgeID":null},{"edgeID":"1782741","fromID":"1362015","toID":"1362116","formEdgeID":null},{"edgeID":"1782742","fromID":"1362116","toID":"1362020","formEdgeID":null},{"edgeID":"1782743","fromID":"1362020","toID":"1362117","formEdgeID":null},{"edgeID":"1782744","fromID":"1362117","toID":"1362025","formEdgeID":null},{"edgeID":"1782745","fromID":"1362024","toID":"1362118","formEdgeID":null},{"edgeID":"1782746","fromID":"1362118","toID":"1362019","formEdgeID":null},{"edgeID":"1782747","fromID":"1362117","toID":"1362119","formEdgeID":null},{"edgeID":"1782748","fromID":"1362119","toID":"1362118","formEdgeID":null},{"edgeID":"1782749","fromID":"1362015","toID":"1362120","formEdgeID":null},{"edgeID":"1782750","fromID":"1362120","toID":"1362030","formEdgeID":null},{"edgeID":"1782751","fromID":"1362029","toID":"1362121","formEdgeID":null},{"edgeID":"1782752","fromID":"1362121","toID":"1362014","formEdgeID":null},{"edgeID":"1782753","fromID":"1362120","toID":"1362122","formEdgeID":null},{"edgeID":"1782754","fromID":"1362122","toID":"1362121","formEdgeID":null},{"edgeID":"1782755","fromID":"1362030","toID":"1362123","formEdgeID":null},{"edgeID":"1782756","fromID":"1362123","toID":"1362035","formEdgeID":null},{"edgeID":"1782757","fromID":"1362034","toID":"1362124","formEdgeID":null},{"edgeID":"1782758","fromID":"1362124","toID":"1362029","formEdgeID":null},{"edgeID":"1782759","fromID":"1362035","toID":"1362125","formEdgeID":null},{"edgeID":"1782760","fromID":"1362125","toID":"1362040","formEdgeID":null},{"edgeID":"1782761","fromID":"1362039","toID":"1362126","formEdgeID":null},{"edgeID":"1782762","fromID":"1362126","toID":"1362034","formEdgeID":null},{"edgeID":"1782763","fromID":"1362125","toID":"1362127","formEdgeID":null},{"edgeID":"1782764","fromID":"1362127","toID":"1362126","formEdgeID":null},{"edgeID":"1782765","fromID":"1362030","toID":"1362128","formEdgeID":null},{"edgeID":"1782766","fromID":"1362128","toID":"1362045","formEdgeID":null},{"edgeID":"1782767","fromID":"1362044","toID":"1362129","formEdgeID":null},{"edgeID":"1782768","fromID":"1362129","toID":"1362029","formEdgeID":null},{"edgeID":"1782769","fromID":"1362128","toID":"1362130","formEdgeID":null},{"edgeID":"1782770","fromID":"1362130","toID":"1362129","formEdgeID":null},{"edgeID":"1782771","fromID":"1362045","toID":"1362131","formEdgeID":null},{"edgeID":"1782772","fromID":"1362131","toID":"1362050","formEdgeID":null},{"edgeID":"1782773","fromID":"1362049","toID":"1362132","formEdgeID":null},{"edgeID":"1782774","fromID":"1362132","toID":"1362044","formEdgeID":null},{"edgeID":"1782775","fromID":"1362131","toID":"1362133","formEdgeID":null},{"edgeID":"1782776","fromID":"1362133","toID":"1362132","formEdgeID":null},{"edgeID":"1782777","fromID":"1362050","toID":"1362134","formEdgeID":null},{"edgeID":"1782778","fromID":"1362134","toID":"1362055","formEdgeID":null},{"edgeID":"1782779","fromID":"1362055","toID":"1362135","formEdgeID":null},{"edgeID":"1782780","fromID":"1362135","toID":"1362060","formEdgeID":null},{"edgeID":"1782781","fromID":"1362060","toID":"1362136","formEdgeID":null},{"edgeID":"1782782","fromID":"1362136","toID":"1362065","formEdgeID":null},{"edgeID":"1782783","fromID":"1362070","toID":"1362137","formEdgeID":null},{"edgeID":"1782784","fromID":"1362137","toID":"1362075","formEdgeID":null},{"edgeID":"1782785","fromID":"1362064","toID":"1362138","formEdgeID":null},{"edgeID":"1782786","fromID":"1362138","toID":"1362054","formEdgeID":null},{"edgeID":"1782787","fromID":"1362074","toID":"1362139","formEdgeID":null},{"edgeID":"1782788","fromID":"1362139","toID":"1362054","formEdgeID":null},{"edgeID":"1782789","fromID":"1362055","toID":"1362140","formEdgeID":null},{"edgeID":"1782790","fromID":"1362140","toID":"1362065","formEdgeID":null},{"edgeID":"1782791","fromID":"1362140","toID":"1362141","formEdgeID":null},{"edgeID":"1782792","fromID":"1362141","toID":"1362138","formEdgeID":null},{"edgeID":"1782793","fromID":"1362055","toID":"1362142","formEdgeID":null},{"edgeID":"1782794","fromID":"1362142","toID":"1362075","formEdgeID":null},{"edgeID":"1782795","fromID":"1362142","toID":"1362143","formEdgeID":null},{"edgeID":"1782796","fromID":"1362143","toID":"1362139","formEdgeID":null},{"edgeID":"1782797","fromID":"1362065","toID":"1362144","formEdgeID":null},{"edgeID":"1782798","fromID":"1362144","toID":"1362070","formEdgeID":null},{"edgeID":"1782799","fromID":"1362075","toID":"1362145","formEdgeID":null},{"edgeID":"1782800","fromID":"1362145","toID":"1362080","formEdgeID":null},{"edgeID":"1782801","fromID":"1362080","toID":"1362146","formEdgeID":null},{"edgeID":"1782802","fromID":"1362146","toID":"1362084","formEdgeID":null},{"edgeID":"1782803","fromID":"1362079","toID":"1362147","formEdgeID":null},{"edgeID":"1782804","fromID":"1362147","toID":"1362079","formEdgeID":null},{"edgeID":"1782805","fromID":"1362146","toID":"1362148","formEdgeID":null},{"edgeID":"1782806","fromID":"1362148","toID":"1362147","formEdgeID":null},{"edgeID":"1782807","fromID":"1362075","toID":"1362149","formEdgeID":null},{"edgeID":"1782808","fromID":"1362149","toID":"1362089","formEdgeID":null},{"edgeID":"1782809","fromID":"1362088","toID":"1362150","formEdgeID":null},{"edgeID":"1782810","fromID":"1362150","toID":"1362074","formEdgeID":null},{"edgeID":"1782811","fromID":"1362149","toID":"1362151","formEdgeID":null},{"edgeID":"1782812","fromID":"1362151","toID":"1362150","formEdgeID":null},{"edgeID":"1782813","fromID":"1362080","toID":"1362152","formEdgeID":null},{"edgeID":"1782814","fromID":"1362152","toID":"1362089","formEdgeID":null},{"edgeID":"1782815","fromID":"1362088","toID":"1362153","formEdgeID":null},{"edgeID":"1782816","fromID":"1362153","toID":"1362079","formEdgeID":null},{"edgeID":"1782817","fromID":"1362152","toID":"1362154","formEdgeID":null},{"edgeID":"1782818","fromID":"1362154","toID":"1362153","formEdgeID":null},{"edgeID":"1782819","fromID":"1362089","toID":"1362155","formEdgeID":null},{"edgeID":"1782820","fromID":"1362155","toID":"1362094","formEdgeID":null},{"edgeID":"1782821","fromID":"1362089","toID":"1362156","formEdgeID":null},{"edgeID":"1782822","fromID":"1362156","toID":"1362099","formEdgeID":null},{"edgeID":"1782823","fromID":"1362098","toID":"1362157","formEdgeID":null},{"edgeID":"1782824","fromID":"1362157","toID":"1362088","formEdgeID":null},{"edgeID":"1782825","fromID":"1362156","toID":"1362158","formEdgeID":null},{"edgeID":"1782826","fromID":"1362158","toID":"1362157","formEdgeID":null},{"edgeID":"1782827","fromID":"1362099","toID":"1362159","formEdgeID":null},{"edgeID":"1782828","fromID":"1362159","toID":"1362104","formEdgeID":null},{"edgeID":"1782829","fromID":"1362103","toID":"1362160","formEdgeID":null},{"edgeID":"1782830","fromID":"1362160","toID":"1362098","formEdgeID":null},{"edgeID":"1782831","fromID":"1362159","toID":"1362161","formEdgeID":null},{"edgeID":"1782832","fromID":"1362161","toID":"1362160","formEdgeID":null},{"edgeID":"1782833","fromID":"1362104","toID":"1362162","formEdgeID":null},{"edgeID":"1782834","fromID":"1362162","toID":"1362109","formEdgeID":null},{"edgeID":"1782835","fromID":"1362059","toID":"1362163","formEdgeID":null},{"edgeID":"1782836","fromID":"1362163","toID":"1362064","formEdgeID":null},{"edgeID":"1782837","fromID":"1362136","toID":"1362164","formEdgeID":null},{"edgeID":"1782838","fromID":"1362164","toID":"1362163","formEdgeID":null},{"edgeID":"1782839","fromID":"1362069","toID":"1362165","formEdgeID":null},{"edgeID":"1782840","fromID":"1362165","toID":"1362074","formEdgeID":null},{"edgeID":"1782841","fromID":"1362137","toID":"1362166","formEdgeID":null},{"edgeID":"1782842","fromID":"1362166","toID":"1362165","formEdgeID":null},{"edgeID":"1782843","fromID":"1362108","toID":"1362167","formEdgeID":null},{"edgeID":"1782844","fromID":"1362167","toID":"1362103","formEdgeID":null},{"edgeID":"1782845","fromID":"1362162","toID":"1362168","formEdgeID":null},{"edgeID":"1782846","fromID":"1362168","toID":"1362167","formEdgeID":null}],"locutions":[]}