{"nodes":[{"nodeID":"1363189","text":"one doesn't want to have to ban strikes on frontline work altogether","type":"I","timestamp":"2023-11-09 14:29:44"},{"nodeID":"1363190","text":"Tim Stanley: one doesn't want to have to do this sort of thing","type":"L","timestamp":"2023-11-09 14:29:44"},{"nodeID":"1363191","text":"Analysing","type":"YA","timestamp":"2023-11-09 14:29:44"},{"nodeID":"1363192","text":"Anon: Tim Stanley: one doesn't want to have to do this sort of thing","type":"L","timestamp":"2023-11-09 14:29:44"},{"nodeID":"1363193","text":"Asserting","type":"YA","timestamp":"2023-11-09 14:29:44"},{"nodeID":"1363194","text":"one doesn't want to see striking","type":"I","timestamp":"2023-11-09 14:29:45"},{"nodeID":"1363195","text":"Tim Stanley: one doesn't want to see striking","type":"L","timestamp":"2023-11-09 14:29:45"},{"nodeID":"1363196","text":"Analysing","type":"YA","timestamp":"2023-11-09 14:29:45"},{"nodeID":"1363197","text":"Anon: Tim Stanley: one doesn't want to see striking","type":"L","timestamp":"2023-11-09 14:29:45"},{"nodeID":"1363198","text":"Asserting","type":"YA","timestamp":"2023-11-09 14:29:45"},{"nodeID":"1363199","text":"the Government's first responsibility is to make sure that strikes doesn't arise","type":"I","timestamp":"2023-11-09 14:29:46"},{"nodeID":"1363200","text":"Tim Stanley: which is to make sure that this doesn't arise","type":"L","timestamp":"2023-11-09 14:29:46"},{"nodeID":"1363201","text":"Analysing","type":"YA","timestamp":"2023-11-09 14:29:46"},{"nodeID":"1363202","text":"Anon: Tim Stanley: which is to make sure that this doesn't arise","type":"L","timestamp":"2023-11-09 14:29:46"},{"nodeID":"1363203","text":"Asserting","type":"YA","timestamp":"2023-11-09 14:29:46"},{"nodeID":"1363204","text":"the Government has failed in its first responsibility","type":"I","timestamp":"2023-11-09 14:29:46"},{"nodeID":"1363205","text":"Tim Stanley: the Government has failed in its first responsibility","type":"L","timestamp":"2023-11-09 14:29:46"},{"nodeID":"1363206","text":"Analysing","type":"YA","timestamp":"2023-11-09 14:29:46"},{"nodeID":"1363207","text":"Anon: Tim Stanley: the Government has failed in its first responsibility","type":"L","timestamp":"2023-11-09 14:29:46"},{"nodeID":"1363208","text":"Asserting","type":"YA","timestamp":"2023-11-09 14:29:46"},{"nodeID":"1363209","text":"the Government's first responsibility is to make sure we don't have an inflationary crisis","type":"I","timestamp":"2023-11-09 14:29:47"},{"nodeID":"1363210","text":"Tim Stanley: we don't have an inflationary crisis","type":"L","timestamp":"2023-11-09 14:29:47"},{"nodeID":"1363211","text":"Analysing","type":"YA","timestamp":"2023-11-09 14:29:47"},{"nodeID":"1363212","text":"Anon: Tim Stanley: we don't have an inflationary crisis","type":"L","timestamp":"2023-11-09 14:29:47"},{"nodeID":"1363213","text":"Asserting","type":"YA","timestamp":"2023-11-09 14:29:47"},{"nodeID":"1363214","text":"the Government's first responsibility is to make sure we don't have people feeling they have to go on strike","type":"I","timestamp":"2023-11-09 14:29:48"},{"nodeID":"1363215","text":"Tim Stanley: we don't have people feeling they have to go on strike","type":"L","timestamp":"2023-11-09 14:29:48"},{"nodeID":"1363216","text":"Analysing","type":"YA","timestamp":"2023-11-09 14:29:48"},{"nodeID":"1363217","text":"Anon: Tim Stanley: we don't have people feeling they have to go on strike","type":"L","timestamp":"2023-11-09 14:29:48"},{"nodeID":"1363218","text":"Asserting","type":"YA","timestamp":"2023-11-09 14:29:48"},{"nodeID":"1363219","text":"Default Transition","type":"TA","timestamp":"2023-11-09 14:29:48"},{"nodeID":"1363220","text":"Default Inference","type":"RA","timestamp":"2023-11-09 14:29:48"},{"nodeID":"1363221","text":"Default Transition","type":"TA","timestamp":"2023-11-09 14:29:48"},{"nodeID":"1363222","text":"Arguing","type":"YA","timestamp":"2023-11-09 14:29:48"},{"nodeID":"1363223","text":"Default Transition","type":"TA","timestamp":"2023-11-09 14:29:48"},{"nodeID":"1363224","text":"the public could quite reasonably say okay, minimum service levels for unions","type":"I","timestamp":"2023-11-09 14:29:48"},{"nodeID":"1363225","text":"Tim Stanley: The public could quite reasonably say okay, minimum service levels for unions","type":"L","timestamp":"2023-11-09 14:29:48"},{"nodeID":"1363226","text":"Analysing","type":"YA","timestamp":"2023-11-09 14:29:48"},{"nodeID":"1363227","text":"Anon: Tim Stanley: The public could quite reasonably say okay, minimum service levels for unions","type":"L","timestamp":"2023-11-09 14:29:48"},{"nodeID":"1363228","text":"Asserting","type":"YA","timestamp":"2023-11-09 14:29:48"},{"nodeID":"1363229","text":"the Government should be required to deliver a minimum service level","type":"I","timestamp":"2023-11-09 14:29:49"},{"nodeID":"1363230","text":"Tim Stanley: why isn't the Government required to deliver a minimum service level","type":"L","timestamp":"2023-11-09 14:29:49"},{"nodeID":"1363231","text":"Analysing","type":"YA","timestamp":"2023-11-09 14:29:49"},{"nodeID":"1363232","text":"Anon: Tim Stanley: why isn't the Government required to deliver a minimum service level","type":"L","timestamp":"2023-11-09 14:29:49"},{"nodeID":"1363233","text":"Assertive Questioning","type":"YA","timestamp":"2023-11-09 14:29:49"},{"nodeID":"1363234","text":"Default Transition","type":"TA","timestamp":"2023-11-09 14:29:49"},{"nodeID":"1363235","text":"Default Transition","type":"TA","timestamp":"2023-11-09 14:29:49"},{"nodeID":"1363236","text":"when the strikes on the trains first started, Tim Stanley's initial reaction was that you couldn't tell","type":"I","timestamp":"2023-11-09 14:29:50"},{"nodeID":"1363237","text":"Tim Stanley: when the strikes on the trains first started my initial reaction was how could you tell","type":"L","timestamp":"2023-11-09 14:29:50"},{"nodeID":"1363238","text":"Analysing","type":"YA","timestamp":"2023-11-09 14:29:50"},{"nodeID":"1363239","text":"Anon: Tim Stanley: when the strikes on the trains first started my initial reaction was how could you tell","type":"L","timestamp":"2023-11-09 14:29:50"},{"nodeID":"1363240","text":"Rhetorical Questioning","type":"YA","timestamp":"2023-11-09 14:29:50"},{"nodeID":"1363241","text":"the service was rubbish before the strikes began","type":"I","timestamp":"2023-11-09 14:29:50"},{"nodeID":"1363242","text":"Tim Stanley: the service was rubbish before the strikes began","type":"L","timestamp":"2023-11-09 14:29:50"},{"nodeID":"1363243","text":"Analysing","type":"YA","timestamp":"2023-11-09 14:29:50"},{"nodeID":"1363244","text":"Anon: Tim Stanley: the service was rubbish before the strikes began","type":"L","timestamp":"2023-11-09 14:29:50"},{"nodeID":"1363245","text":"Asserting","type":"YA","timestamp":"2023-11-09 14:29:50"},{"nodeID":"1363246","text":"the train service is completely unreliable in Tim Stanley's area","type":"I","timestamp":"2023-11-09 14:29:51"},{"nodeID":"1363247","text":"Tim Stanley: It's completely unreliable in my area","type":"L","timestamp":"2023-11-09 14:29:51"},{"nodeID":"1363248","text":"Analysing","type":"YA","timestamp":"2023-11-09 14:29:51"},{"nodeID":"1363249","text":"Anon: Tim Stanley: It's completely unreliable in my area","type":"L","timestamp":"2023-11-09 14:29:51"},{"nodeID":"1363250","text":"Asserting","type":"YA","timestamp":"2023-11-09 14:29:51"},{"nodeID":"1363251","text":"many younger people entering the workforce now see trains in particular no longer as a challenge to navigate but an obstacle to avoid","type":"I","timestamp":"2023-11-09 14:29:52"},{"nodeID":"1363252","text":"Tim Stanley: many younger people entering the workforce now see trains in particular no longer as a challenge to navigate but an obstacle to avoid","type":"L","timestamp":"2023-11-09 14:29:52"},{"nodeID":"1363253","text":"Analysing","type":"YA","timestamp":"2023-11-09 14:29:52"},{"nodeID":"1363254","text":"Anon: Tim Stanley: many younger people entering the workforce now see trains in particular no longer as a challenge to navigate but an obstacle to avoid","type":"L","timestamp":"2023-11-09 14:29:52"},{"nodeID":"1363255","text":"Asserting","type":"YA","timestamp":"2023-11-09 14:29:52"},{"nodeID":"1363256","text":"younger people will start to get jobs and live in areas where they can take the bus or they can drive","type":"I","timestamp":"2023-11-09 14:29:52"},{"nodeID":"1363257","text":"Tim Stanley: they will start to get jobs and live in areas where they can take the bus or they can drive","type":"L","timestamp":"2023-11-09 14:29:52"},{"nodeID":"1363258","text":"Analysing","type":"YA","timestamp":"2023-11-09 14:29:52"},{"nodeID":"1363259","text":"Anon: Tim Stanley: they will start to get jobs and live in areas where they can take the bus or they can drive","type":"L","timestamp":"2023-11-09 14:29:52"},{"nodeID":"1363260","text":"Asserting","type":"YA","timestamp":"2023-11-09 14:29:52"},{"nodeID":"1363261","text":"Default Transition","type":"TA","timestamp":"2023-11-09 14:29:52"},{"nodeID":"1363262","text":"Default Inference","type":"RA","timestamp":"2023-11-09 14:29:52"},{"nodeID":"1363263","text":"Default Transition","type":"TA","timestamp":"2023-11-09 14:29:52"},{"nodeID":"1363264","text":"Arguing","type":"YA","timestamp":"2023-11-09 14:29:52"},{"nodeID":"1363265","text":"Default Rephrase","type":"MA","timestamp":"2023-11-09 14:29:52"},{"nodeID":"1363266","text":"Default Transition","type":"TA","timestamp":"2023-11-09 14:29:52"},{"nodeID":"1363267","text":"Restating","type":"YA","timestamp":"2023-11-09 14:29:52"},{"nodeID":"1363268","text":"Default Inference","type":"RA","timestamp":"2023-11-09 14:29:52"},{"nodeID":"1363269","text":"Default Transition","type":"TA","timestamp":"2023-11-09 14:29:52"},{"nodeID":"1363270","text":"Arguing","type":"YA","timestamp":"2023-11-09 14:29:52"},{"nodeID":"1363271","text":"Default Inference","type":"RA","timestamp":"2023-11-09 14:29:52"},{"nodeID":"1363272","text":"Default Transition","type":"TA","timestamp":"2023-11-09 14:29:52"},{"nodeID":"1363273","text":"Arguing","type":"YA","timestamp":"2023-11-09 14:29:52"},{"nodeID":"1363274","text":"an industry, through a combination of private greed or Government error or the workers going on strike, is going to end up destroying itself","type":"I","timestamp":"2023-11-09 14:29:53"},{"nodeID":"1363275","text":"Tim Stanley: an industry through a combination of private greed or Government error or the workers going on strike is going to end up destroying itself","type":"L","timestamp":"2023-11-09 14:29:53"},{"nodeID":"1363276","text":"Analysing","type":"YA","timestamp":"2023-11-09 14:29:53"},{"nodeID":"1363277","text":"Anon: Tim Stanley: an industry through a combination of private greed or Government error or the workers going on strike is going to end up destroying itself","type":"L","timestamp":"2023-11-09 14:29:53"},{"nodeID":"1363278","text":"Asserting","type":"YA","timestamp":"2023-11-09 14:29:53"},{"nodeID":"1363279","text":"Default Inference","type":"RA","timestamp":"2023-11-09 14:29:53"},{"nodeID":"1363280","text":"Default Transition","type":"TA","timestamp":"2023-11-09 14:29:53"},{"nodeID":"1363281","text":"Arguing","type":"YA","timestamp":"2023-11-09 14:29:53"},{"nodeID":"1363282","text":"everything to do with the train service has to be resolved","type":"I","timestamp":"2023-11-09 14:29:54"},{"nodeID":"1363283","text":"Tim Stanley: this all has to be resolved","type":"L","timestamp":"2023-11-09 14:29:54"},{"nodeID":"1363284","text":"Analysing","type":"YA","timestamp":"2023-11-09 14:29:54"},{"nodeID":"1363285","text":"Anon: Tim Stanley: this all has to be resolved","type":"L","timestamp":"2023-11-09 14:29:54"},{"nodeID":"1363286","text":"Asserting","type":"YA","timestamp":"2023-11-09 14:29:54"},{"nodeID":"1363287","text":"Default Transition","type":"TA","timestamp":"2023-11-09 14:29:54"},{"nodeID":"1363288","text":"Tim Stanley doesn't like the legislation about banning frontline-work strikes","type":"I","timestamp":"2023-11-09 14:29:54"},{"nodeID":"1363289","text":"Tim Stanley: I don't like this legislation","type":"L","timestamp":"2023-11-09 14:29:54"},{"nodeID":"1363290","text":"Analysing","type":"YA","timestamp":"2023-11-09 14:29:54"},{"nodeID":"1363291","text":"Anon: Tim Stanley: I don't like this legislation","type":"L","timestamp":"2023-11-09 14:29:54"},{"nodeID":"1363292","text":"Asserting","type":"YA","timestamp":"2023-11-09 14:29:54"},{"nodeID":"1363293","text":"the idea that this is an attempt to break the unions or this is an assault upon working people, there are other working people who are suffering because of the strikes and governments in the round have to consider their needs as well","type":"I","timestamp":"2023-11-09 14:29:55"},{"nodeID":"1363294","text":"Tim Stanley: the idea that this is an attempt to break the unions or this is an assault upon working people, there are other working people who are suffering because of the strikes and governments in the round have to consider their needs as well","type":"L","timestamp":"2023-11-09 14:29:55"},{"nodeID":"1363295","text":"Analysing","type":"YA","timestamp":"2023-11-09 14:29:55"},{"nodeID":"1363296","text":"Anon: Tim Stanley: the idea that this is an attempt to break the unions or this is an assault upon working people, there are other working people who are suffering because of the strikes and governments in the round have to consider their needs as well","type":"L","timestamp":"2023-11-09 14:29:55"},{"nodeID":"1363297","text":"Asserting","type":"YA","timestamp":"2023-11-09 14:29:55"},{"nodeID":"1363298","text":"Default Inference","type":"RA","timestamp":"2023-11-09 14:29:55"},{"nodeID":"1363299","text":"Arguing","type":"YA","timestamp":"2023-11-09 14:29:55"},{"nodeID":"1363300","text":"Default Transition","type":"TA","timestamp":"2023-11-09 14:29:55"},{"nodeID":"1363301","text":"Default Transition","type":"TA","timestamp":"2023-11-09 14:29:55"},{"nodeID":"1363302","text":"Default Inference","type":"RA","timestamp":"2023-11-09 14:29:55"},{"nodeID":"1363303","text":"Default Rephrase","type":"MA","timestamp":"2023-11-09 14:29:55"},{"nodeID":"1363304","text":"Default Transition","type":"TA","timestamp":"2023-11-09 14:29:55"},{"nodeID":"1363305","text":"Arguing","type":"YA","timestamp":"2023-11-09 14:29:55"},{"nodeID":"1363306","text":"Default Transition","type":"TA","timestamp":"2023-11-09 14:29:55"},{"nodeID":"1363307","text":"Restating","type":"YA","timestamp":"2023-11-09 14:29:55"}],"edges":[{"edgeID":"1784067","fromID":"1363191","toID":"1363190","formEdgeID":null},{"edgeID":"1784068","fromID":"1363192","toID":"1363191","formEdgeID":null},{"edgeID":"1784069","fromID":"1363190","toID":"1363193","formEdgeID":null},{"edgeID":"1784070","fromID":"1363193","toID":"1363189","formEdgeID":null},{"edgeID":"1784071","fromID":"1363196","toID":"1363195","formEdgeID":null},{"edgeID":"1784072","fromID":"1363197","toID":"1363196","formEdgeID":null},{"edgeID":"1784073","fromID":"1363195","toID":"1363198","formEdgeID":null},{"edgeID":"1784074","fromID":"1363198","toID":"1363194","formEdgeID":null},{"edgeID":"1784075","fromID":"1363201","toID":"1363200","formEdgeID":null},{"edgeID":"1784076","fromID":"1363202","toID":"1363201","formEdgeID":null},{"edgeID":"1784077","fromID":"1363200","toID":"1363203","formEdgeID":null},{"edgeID":"1784078","fromID":"1363203","toID":"1363199","formEdgeID":null},{"edgeID":"1784079","fromID":"1363206","toID":"1363205","formEdgeID":null},{"edgeID":"1784080","fromID":"1363207","toID":"1363206","formEdgeID":null},{"edgeID":"1784081","fromID":"1363205","toID":"1363208","formEdgeID":null},{"edgeID":"1784082","fromID":"1363208","toID":"1363204","formEdgeID":null},{"edgeID":"1784083","fromID":"1363211","toID":"1363210","formEdgeID":null},{"edgeID":"1784084","fromID":"1363212","toID":"1363211","formEdgeID":null},{"edgeID":"1784085","fromID":"1363210","toID":"1363213","formEdgeID":null},{"edgeID":"1784086","fromID":"1363213","toID":"1363209","formEdgeID":null},{"edgeID":"1784087","fromID":"1363216","toID":"1363215","formEdgeID":null},{"edgeID":"1784088","fromID":"1363217","toID":"1363216","formEdgeID":null},{"edgeID":"1784089","fromID":"1363215","toID":"1363218","formEdgeID":null},{"edgeID":"1784090","fromID":"1363218","toID":"1363214","formEdgeID":null},{"edgeID":"1784091","fromID":"1363195","toID":"1363219","formEdgeID":null},{"edgeID":"1784092","fromID":"1363219","toID":"1363205","formEdgeID":null},{"edgeID":"1784093","fromID":"1363189","toID":"1363220","formEdgeID":null},{"edgeID":"1784094","fromID":"1363220","toID":"1363204","formEdgeID":null},{"edgeID":"1784095","fromID":"1363194","toID":"1363220","formEdgeID":null},{"edgeID":"1784096","fromID":"1363190","toID":"1363221","formEdgeID":null},{"edgeID":"1784097","fromID":"1363221","toID":"1363205","formEdgeID":null},{"edgeID":"1784098","fromID":"1363219","toID":"1363222","formEdgeID":null},{"edgeID":"1784099","fromID":"1363222","toID":"1363220","formEdgeID":null},{"edgeID":"1784100","fromID":"1363205","toID":"1363223","formEdgeID":null},{"edgeID":"1784101","fromID":"1363223","toID":"1363200","formEdgeID":null},{"edgeID":"1784102","fromID":"1363226","toID":"1363225","formEdgeID":null},{"edgeID":"1784103","fromID":"1363227","toID":"1363226","formEdgeID":null},{"edgeID":"1784104","fromID":"1363225","toID":"1363228","formEdgeID":null},{"edgeID":"1784105","fromID":"1363228","toID":"1363224","formEdgeID":null},{"edgeID":"1784106","fromID":"1363231","toID":"1363230","formEdgeID":null},{"edgeID":"1784107","fromID":"1363232","toID":"1363231","formEdgeID":null},{"edgeID":"1784108","fromID":"1363230","toID":"1363233","formEdgeID":null},{"edgeID":"1784109","fromID":"1363233","toID":"1363229","formEdgeID":null},{"edgeID":"1784110","fromID":"1363215","toID":"1363234","formEdgeID":null},{"edgeID":"1784111","fromID":"1363234","toID":"1363225","formEdgeID":null},{"edgeID":"1784112","fromID":"1363225","toID":"1363235","formEdgeID":null},{"edgeID":"1784113","fromID":"1363235","toID":"1363230","formEdgeID":null},{"edgeID":"1784114","fromID":"1363238","toID":"1363237","formEdgeID":null},{"edgeID":"1784115","fromID":"1363239","toID":"1363238","formEdgeID":null},{"edgeID":"1784116","fromID":"1363237","toID":"1363240","formEdgeID":null},{"edgeID":"1784117","fromID":"1363240","toID":"1363236","formEdgeID":null},{"edgeID":"1784118","fromID":"1363243","toID":"1363242","formEdgeID":null},{"edgeID":"1784119","fromID":"1363244","toID":"1363243","formEdgeID":null},{"edgeID":"1784120","fromID":"1363242","toID":"1363245","formEdgeID":null},{"edgeID":"1784121","fromID":"1363245","toID":"1363241","formEdgeID":null},{"edgeID":"1784122","fromID":"1363248","toID":"1363247","formEdgeID":null},{"edgeID":"1784123","fromID":"1363249","toID":"1363248","formEdgeID":null},{"edgeID":"1784124","fromID":"1363247","toID":"1363250","formEdgeID":null},{"edgeID":"1784125","fromID":"1363250","toID":"1363246","formEdgeID":null},{"edgeID":"1784126","fromID":"1363253","toID":"1363252","formEdgeID":null},{"edgeID":"1784127","fromID":"1363254","toID":"1363253","formEdgeID":null},{"edgeID":"1784128","fromID":"1363252","toID":"1363255","formEdgeID":null},{"edgeID":"1784129","fromID":"1363255","toID":"1363251","formEdgeID":null},{"edgeID":"1784130","fromID":"1363258","toID":"1363257","formEdgeID":null},{"edgeID":"1784131","fromID":"1363259","toID":"1363258","formEdgeID":null},{"edgeID":"1784132","fromID":"1363257","toID":"1363260","formEdgeID":null},{"edgeID":"1784133","fromID":"1363260","toID":"1363256","formEdgeID":null},{"edgeID":"1784134","fromID":"1363230","toID":"1363261","formEdgeID":null},{"edgeID":"1784135","fromID":"1363261","toID":"1363237","formEdgeID":null},{"edgeID":"1784136","fromID":"1363241","toID":"1363262","formEdgeID":null},{"edgeID":"1784137","fromID":"1363262","toID":"1363236","formEdgeID":null},{"edgeID":"1784138","fromID":"1363237","toID":"1363263","formEdgeID":null},{"edgeID":"1784139","fromID":"1363263","toID":"1363242","formEdgeID":null},{"edgeID":"1784140","fromID":"1363263","toID":"1363264","formEdgeID":null},{"edgeID":"1784141","fromID":"1363264","toID":"1363262","formEdgeID":null},{"edgeID":"1784142","fromID":"1363246","toID":"1363265","formEdgeID":null},{"edgeID":"1784143","fromID":"1363265","toID":"1363241","formEdgeID":null},{"edgeID":"1784144","fromID":"1363242","toID":"1363266","formEdgeID":null},{"edgeID":"1784145","fromID":"1363266","toID":"1363247","formEdgeID":null},{"edgeID":"1784146","fromID":"1363266","toID":"1363267","formEdgeID":null},{"edgeID":"1784147","fromID":"1363267","toID":"1363265","formEdgeID":null},{"edgeID":"1784148","fromID":"1363246","toID":"1363268","formEdgeID":null},{"edgeID":"1784149","fromID":"1363268","toID":"1363251","formEdgeID":null},{"edgeID":"1784150","fromID":"1363247","toID":"1363269","formEdgeID":null},{"edgeID":"1784151","fromID":"1363269","toID":"1363252","formEdgeID":null},{"edgeID":"1784152","fromID":"1363269","toID":"1363270","formEdgeID":null},{"edgeID":"1784153","fromID":"1363270","toID":"1363268","formEdgeID":null},{"edgeID":"1784154","fromID":"1363251","toID":"1363271","formEdgeID":null},{"edgeID":"1784155","fromID":"1363271","toID":"1363256","formEdgeID":null},{"edgeID":"1784156","fromID":"1363252","toID":"1363272","formEdgeID":null},{"edgeID":"1784157","fromID":"1363272","toID":"1363257","formEdgeID":null},{"edgeID":"1784158","fromID":"1363272","toID":"1363273","formEdgeID":null},{"edgeID":"1784159","fromID":"1363273","toID":"1363271","formEdgeID":null},{"edgeID":"1784160","fromID":"1363276","toID":"1363275","formEdgeID":null},{"edgeID":"1784161","fromID":"1363277","toID":"1363276","formEdgeID":null},{"edgeID":"1784162","fromID":"1363275","toID":"1363278","formEdgeID":null},{"edgeID":"1784163","fromID":"1363278","toID":"1363274","formEdgeID":null},{"edgeID":"1784164","fromID":"1363256","toID":"1363279","formEdgeID":null},{"edgeID":"1784165","fromID":"1363279","toID":"1363274","formEdgeID":null},{"edgeID":"1784166","fromID":"1363257","toID":"1363280","formEdgeID":null},{"edgeID":"1784167","fromID":"1363280","toID":"1363275","formEdgeID":null},{"edgeID":"1784168","fromID":"1363280","toID":"1363281","formEdgeID":null},{"edgeID":"1784169","fromID":"1363281","toID":"1363279","formEdgeID":null},{"edgeID":"1784170","fromID":"1363284","toID":"1363283","formEdgeID":null},{"edgeID":"1784171","fromID":"1363285","toID":"1363284","formEdgeID":null},{"edgeID":"1784172","fromID":"1363283","toID":"1363286","formEdgeID":null},{"edgeID":"1784173","fromID":"1363286","toID":"1363282","formEdgeID":null},{"edgeID":"1784174","fromID":"1363275","toID":"1363287","formEdgeID":null},{"edgeID":"1784175","fromID":"1363287","toID":"1363283","formEdgeID":null},{"edgeID":"1784176","fromID":"1363290","toID":"1363289","formEdgeID":null},{"edgeID":"1784177","fromID":"1363291","toID":"1363290","formEdgeID":null},{"edgeID":"1784178","fromID":"1363289","toID":"1363292","formEdgeID":null},{"edgeID":"1784179","fromID":"1363292","toID":"1363288","formEdgeID":null},{"edgeID":"1784180","fromID":"1363295","toID":"1363294","formEdgeID":null},{"edgeID":"1784181","fromID":"1363296","toID":"1363295","formEdgeID":null},{"edgeID":"1784182","fromID":"1363294","toID":"1363297","formEdgeID":null},{"edgeID":"1784183","fromID":"1363297","toID":"1363293","formEdgeID":null},{"edgeID":"1784184","fromID":"1363274","toID":"1363298","formEdgeID":null},{"edgeID":"1784185","fromID":"1363298","toID":"1363282","formEdgeID":null},{"edgeID":"1784186","fromID":"1363287","toID":"1363299","formEdgeID":null},{"edgeID":"1784187","fromID":"1363299","toID":"1363298","formEdgeID":null},{"edgeID":"1784188","fromID":"1363283","toID":"1363300","formEdgeID":null},{"edgeID":"1784189","fromID":"1363300","toID":"1363289","formEdgeID":null},{"edgeID":"1784190","fromID":"1363289","toID":"1363301","formEdgeID":null},{"edgeID":"1784191","fromID":"1363301","toID":"1363294","formEdgeID":null},{"edgeID":"1784192","fromID":"1363209","toID":"1363302","formEdgeID":null},{"edgeID":"1784193","fromID":"1363302","toID":"1363204","formEdgeID":null},{"edgeID":"1784194","fromID":"1363302","toID":"1363199","formEdgeID":null},{"edgeID":"1784195","fromID":"1363214","toID":"1363303","formEdgeID":null},{"edgeID":"1784196","fromID":"1363303","toID":"1363199","formEdgeID":null},{"edgeID":"1784197","fromID":"1363205","toID":"1363304","formEdgeID":null},{"edgeID":"1784198","fromID":"1363304","toID":"1363210","formEdgeID":null},{"edgeID":"1784199","fromID":"1363304","toID":"1363305","formEdgeID":null},{"edgeID":"1784200","fromID":"1363305","toID":"1363302","formEdgeID":null},{"edgeID":"1784201","fromID":"1363200","toID":"1363306","formEdgeID":null},{"edgeID":"1784202","fromID":"1363306","toID":"1363215","formEdgeID":null},{"edgeID":"1784203","fromID":"1363306","toID":"1363307","formEdgeID":null},{"edgeID":"1784204","fromID":"1363307","toID":"1363303","formEdgeID":null}],"locutions":[]}