{"nodes":[{"nodeID":"1360136","text":"Anna Soubry: this is a phony argument","type":"L","timestamp":"2023-11-09 14:25:27"},{"nodeID":"1360137","text":"in this case, the pay review body came back and said we're very interested, fascinating to hear your argument","type":"I","timestamp":"2023-11-09 14:25:28"},{"nodeID":"1360138","text":"Alex Chalk: in this case, the pay review body came back and said we're very interested, fascinating to hear your argument","type":"L","timestamp":"2023-11-09 14:25:28"},{"nodeID":"1360139","text":"Analysing","type":"YA","timestamp":"2023-11-09 14:25:28"},{"nodeID":"1360140","text":"Fyfe: Alex Chalk: in this case, the pay review body came back and said we're very interested, fascinating to hear your argument","type":"L","timestamp":"2023-11-09 14:25:28"},{"nodeID":"1360141","text":"Asserting","type":"YA","timestamp":"2023-11-09 14:25:28"},{"nodeID":"1360142","text":"actually we are going to make a settlement which is more than the Government said was affordable","type":"I","timestamp":"2023-11-09 14:25:29"},{"nodeID":"1360143","text":"Alex Chalk: actually we are going to make a settlement which is more than the Government said was affordable","type":"L","timestamp":"2023-11-09 14:25:29"},{"nodeID":"1360144","text":"Analysing","type":"YA","timestamp":"2023-11-09 14:25:29"},{"nodeID":"1360145","text":"Fyfe: Alex Chalk: actually we are going to make a settlement which is more than the Government said was affordable","type":"L","timestamp":"2023-11-09 14:25:29"},{"nodeID":"1360146","text":"Asserting","type":"YA","timestamp":"2023-11-09 14:25:29"},{"nodeID":"1360147","text":"Default Transition","type":"TA","timestamp":"2023-11-09 14:25:29"},{"nodeID":"1360148","text":"so what happens is the Government does submit evidence about what is affordable","type":"I","timestamp":"2023-11-09 14:25:30"},{"nodeID":"1360149","text":"Alex Chalk: So what happens is the Government does submit evidence about what is affordable","type":"L","timestamp":"2023-11-09 14:25:30"},{"nodeID":"1360150","text":"Analysing","type":"YA","timestamp":"2023-11-09 14:25:30"},{"nodeID":"1360151","text":"Fyfe: Alex Chalk: So what happens is the Government does submit evidence about what is affordable","type":"L","timestamp":"2023-11-09 14:25:30"},{"nodeID":"1360152","text":"Asserting","type":"YA","timestamp":"2023-11-09 14:25:30"},{"nodeID":"1360153","text":"Default Transition","type":"TA","timestamp":"2023-11-09 14:25:30"},{"nodeID":"1360154","text":"the Government could turn around and say well look, we still can't afford the settlement","type":"I","timestamp":"2023-11-09 14:25:31"},{"nodeID":"1360155","text":"Alex Chalk: So now the Government could turn around and say well look, we still can't afford it","type":"L","timestamp":"2023-11-09 14:25:31"},{"nodeID":"1360156","text":"Fyfe: Alex Chalk: So now the Government could turn around and say well look, we still can't afford it","type":"L","timestamp":"2023-11-09 14:25:31"},{"nodeID":"1360157","text":"Analysing","type":"YA","timestamp":"2023-11-09 14:25:31"},{"nodeID":"1360158","text":"Asserting","type":"YA","timestamp":"2023-11-09 14:25:31"},{"nodeID":"1360159","text":"Default Transition","type":"TA","timestamp":"2023-11-09 14:25:31"},{"nodeID":"1360160","text":"Default Rephrase","type":"MA","timestamp":"2023-11-09 14:25:31"},{"nodeID":"1360161","text":"Restating","type":"YA","timestamp":"2023-11-09 14:25:31"},{"nodeID":"1360162","text":"the Government in this case said, okay, we will accept it","type":"I","timestamp":"2023-11-09 14:25:32"},{"nodeID":"1360163","text":"Alex Chalk: the Government in this case said, okay, we will accept it","type":"L","timestamp":"2023-11-09 14:25:32"},{"nodeID":"1360164","text":"Analysing","type":"YA","timestamp":"2023-11-09 14:25:32"},{"nodeID":"1360165","text":"Fyfe: Alex Chalk: the Government in this case said, okay, we will accept it","type":"L","timestamp":"2023-11-09 14:25:32"},{"nodeID":"1360166","text":"Asserting","type":"YA","timestamp":"2023-11-09 14:25:32"},{"nodeID":"1360167","text":"Default Transition","type":"TA","timestamp":"2023-11-09 14:25:32"},{"nodeID":"1360168","text":"the Government will pay every last penny that the independent pay review body asked for","type":"I","timestamp":"2023-11-09 14:25:33"},{"nodeID":"1360169","text":"Alex Chalk: Every last penny that the independent pay review body asked for","type":"L","timestamp":"2023-11-09 14:25:33"},{"nodeID":"1360170","text":"Analysing","type":"YA","timestamp":"2023-11-09 14:25:33"},{"nodeID":"1360171","text":"Fyfe: Alex Chalk: Every last penny that the independent pay review body asked for","type":"L","timestamp":"2023-11-09 14:25:33"},{"nodeID":"1360172","text":"Asserting","type":"YA","timestamp":"2023-11-09 14:25:33"},{"nodeID":"1360173","text":"Default Transition","type":"TA","timestamp":"2023-11-09 14:25:33"},{"nodeID":"1360174","text":"Default Rephrase","type":"MA","timestamp":"2023-11-09 14:25:33"},{"nodeID":"1360175","text":"Restating","type":"YA","timestamp":"2023-11-09 14:25:33"},{"nodeID":"1360176","text":"nobody here is suggesting we should get rid of the independent pay review body","type":"I","timestamp":"2023-11-09 14:25:34"},{"nodeID":"1360177","text":"Alex Chalk: Is anyone here suggesting we should get rid of the independent pay review body","type":"L","timestamp":"2023-11-09 14:25:34"},{"nodeID":"1360178","text":"Analysing","type":"YA","timestamp":"2023-11-09 14:25:34"},{"nodeID":"1360179","text":"Fyfe: Alex Chalk: Is anyone here suggesting we should get rid of the independent pay review body","type":"L","timestamp":"2023-11-09 14:25:34"},{"nodeID":"1360180","text":"Assertive Questioning","type":"YA","timestamp":"2023-11-09 14:25:34"},{"nodeID":"1360181","text":"Default Transition","type":"TA","timestamp":"2023-11-09 14:25:34"},{"nodeID":"1360182","text":"Alex Chalk missing the point","type":"I","timestamp":"2023-11-09 14:25:35"},{"nodeID":"1360183","text":"Anna Soubry: you're missing the point","type":"L","timestamp":"2023-11-09 14:25:35"},{"nodeID":"1360184","text":"Analysing","type":"YA","timestamp":"2023-11-09 14:25:35"},{"nodeID":"1360185","text":"Fyfe: Anna Soubry: you're missing the point","type":"L","timestamp":"2023-11-09 14:25:35"},{"nodeID":"1360186","text":"Asserting","type":"YA","timestamp":"2023-11-09 14:25:35"},{"nodeID":"1360187","text":"Default Conflict","type":"CA","timestamp":"2023-11-09 14:25:35"},{"nodeID":"1360188","text":"Default Transition","type":"TA","timestamp":"2023-11-09 14:25:35"},{"nodeID":"1360189","text":"Disagreeing","type":"YA","timestamp":"2023-11-09 14:25:35"},{"nodeID":"1360190","text":"fourteen health unions have said they're not going to cooperate with the independent pay","type":"I","timestamp":"2023-11-09 14:25:36"},{"nodeID":"1360191","text":"Fiona Bruce: Fourteen health unions have said they're not going to cooperate with the independent pay","type":"L","timestamp":"2023-11-09 14:25:36"},{"nodeID":"1360192","text":"Analysing","type":"YA","timestamp":"2023-11-09 14:25:36"},{"nodeID":"1360193","text":"Fyfe: Fiona Bruce: Fourteen health unions have said they're not going to cooperate with the independent pay","type":"L","timestamp":"2023-11-09 14:25:36"},{"nodeID":"1360194","text":"Asserting","type":"YA","timestamp":"2023-11-09 14:25:36"},{"nodeID":"1360195","text":"Alex Chalk is making a phony argument","type":"I","timestamp":"2023-11-09 14:25:36"},{"nodeID":"1360196","text":"Analysing","type":"YA","timestamp":"2023-11-09 14:25:36"},{"nodeID":"1360197","text":"Fyfe: Anna Soubry: This is a phony argument","type":"L","timestamp":"2023-11-09 14:25:36"},{"nodeID":"1360198","text":"Asserting","type":"YA","timestamp":"2023-11-09 14:25:36"},{"nodeID":"1360199","text":"Anna Soubry can or cannot explain why it is a phony argument","type":"I","timestamp":"2023-11-09 14:25:37"},{"nodeID":"1360200","text":"Anna Soubry: Can I explain why it's a phony argument","type":"L","timestamp":"2023-11-09 14:25:37"},{"nodeID":"1360201","text":"Analysing","type":"YA","timestamp":"2023-11-09 14:25:37"},{"nodeID":"1360202","text":"Fyfe: Anna Soubry: Can I explain why it's a phony argument","type":"L","timestamp":"2023-11-09 14:25:37"},{"nodeID":"1360203","text":"Pure Questioning","type":"YA","timestamp":"2023-11-09 14:25:37"},{"nodeID":"1360204","text":"Anna Soubry can explain why it is a phony argument","type":"I","timestamp":"2023-11-09 14:25:38"},{"nodeID":"1360205","text":"Alex Chalk: Of course","type":"L","timestamp":"2023-11-09 14:25:38"},{"nodeID":"1360206","text":"Analysing","type":"YA","timestamp":"2023-11-09 14:25:38"},{"nodeID":"1360207","text":"Fyfe: Alex Chalk: Of course","type":"L","timestamp":"2023-11-09 14:25:38"},{"nodeID":"1360208","text":"Asserting","type":"YA","timestamp":"2023-11-09 14:25:38"},{"nodeID":"1360209","text":"Default Transition","type":"TA","timestamp":"2023-11-09 14:25:38"},{"nodeID":"1360210","text":"Default Rephrase","type":"MA","timestamp":"2023-11-09 14:25:38"},{"nodeID":"1360211","text":"Default Illocuting","type":"YA","timestamp":"2023-11-09 14:25:38"},{"nodeID":"1360212","text":"fourteen health unions are suggesting that the Government get rid of the independent pay review body","type":"I","timestamp":"2023-11-09 14:25:39"},{"nodeID":"1360213","text":"Fiona Bruce: yes, they are","type":"L","timestamp":"2023-11-09 14:25:39"},{"nodeID":"1360214","text":"Analysing","type":"YA","timestamp":"2023-11-09 14:25:39"},{"nodeID":"1360215","text":"Asserting","type":"YA","timestamp":"2023-11-09 14:25:39"},{"nodeID":"1360216","text":"Nicole: Fiona Bruce: yes, they are","type":"L","timestamp":"2023-11-09 14:25:39"},{"nodeID":"1360217","text":"Default Transition","type":"TA","timestamp":"2023-11-09 14:25:39"},{"nodeID":"1360218","text":"Default Inference","type":"RA","timestamp":"2023-11-09 14:25:39"},{"nodeID":"1360219","text":"Arguing","type":"YA","timestamp":"2023-11-09 14:25:39"},{"nodeID":"1360220","text":"Default Transition","type":"TA","timestamp":"2023-11-09 14:25:39"},{"nodeID":"1360221","text":"Default Conflict","type":"CA","timestamp":"2023-11-09 14:25:39"},{"nodeID":"1360222","text":"Disagreeing","type":"YA","timestamp":"2023-11-09 14:25:39"},{"nodeID":"1360223","text":"Default Transition","type":"TA","timestamp":"2023-11-09 14:25:39"},{"nodeID":"1360224","text":"Default Rephrase","type":"MA","timestamp":"2023-11-09 14:25:39"},{"nodeID":"1360225","text":"Restating","type":"YA","timestamp":"2023-11-09 14:25:39"}],"edges":[{"edgeID":"1780413","fromID":"1360139","toID":"1360138","formEdgeID":null},{"edgeID":"1780414","fromID":"1360140","toID":"1360139","formEdgeID":null},{"edgeID":"1780415","fromID":"1360138","toID":"1360141","formEdgeID":null},{"edgeID":"1780416","fromID":"1360141","toID":"1360137","formEdgeID":null},{"edgeID":"1780417","fromID":"1360145","toID":"1360144","formEdgeID":null},{"edgeID":"1780418","fromID":"1360144","toID":"1360143","formEdgeID":null},{"edgeID":"1780419","fromID":"1360143","toID":"1360146","formEdgeID":null},{"edgeID":"1780420","fromID":"1360146","toID":"1360142","formEdgeID":null},{"edgeID":"1780421","fromID":"1360147","toID":"1360143","formEdgeID":null},{"edgeID":"1780422","fromID":"1360138","toID":"1360147","formEdgeID":null},{"edgeID":"1780423","fromID":"1360150","toID":"1360149","formEdgeID":null},{"edgeID":"1780424","fromID":"1360151","toID":"1360150","formEdgeID":null},{"edgeID":"1780425","fromID":"1360152","toID":"1360148","formEdgeID":null},{"edgeID":"1780426","fromID":"1360149","toID":"1360152","formEdgeID":null},{"edgeID":"1780427","fromID":"1360149","toID":"1360153","formEdgeID":null},{"edgeID":"1780428","fromID":"1360153","toID":"1360138","formEdgeID":null},{"edgeID":"1780429","fromID":"1360156","toID":"1360157","formEdgeID":null},{"edgeID":"1780430","fromID":"1360157","toID":"1360155","formEdgeID":null},{"edgeID":"1780431","fromID":"1360158","toID":"1360154","formEdgeID":null},{"edgeID":"1780432","fromID":"1360155","toID":"1360158","formEdgeID":null},{"edgeID":"1780433","fromID":"1360143","toID":"1360159","formEdgeID":null},{"edgeID":"1780434","fromID":"1360159","toID":"1360155","formEdgeID":null},{"edgeID":"1780435","fromID":"1360154","toID":"1360160","formEdgeID":null},{"edgeID":"1780436","fromID":"1360160","toID":"1360142","formEdgeID":null},{"edgeID":"1780437","fromID":"1360161","toID":"1360160","formEdgeID":null},{"edgeID":"1780438","fromID":"1360159","toID":"1360161","formEdgeID":null},{"edgeID":"1780439","fromID":"1360164","toID":"1360163","formEdgeID":null},{"edgeID":"1780440","fromID":"1360165","toID":"1360164","formEdgeID":null},{"edgeID":"1780441","fromID":"1360163","toID":"1360166","formEdgeID":null},{"edgeID":"1780442","fromID":"1360166","toID":"1360162","formEdgeID":null},{"edgeID":"1780443","fromID":"1360155","toID":"1360167","formEdgeID":null},{"edgeID":"1780444","fromID":"1360167","toID":"1360163","formEdgeID":null},{"edgeID":"1780445","fromID":"1360171","toID":"1360170","formEdgeID":null},{"edgeID":"1780446","fromID":"1360170","toID":"1360169","formEdgeID":null},{"edgeID":"1780447","fromID":"1360169","toID":"1360172","formEdgeID":null},{"edgeID":"1780448","fromID":"1360172","toID":"1360168","formEdgeID":null},{"edgeID":"1780449","fromID":"1360173","toID":"1360169","formEdgeID":null},{"edgeID":"1780450","fromID":"1360163","toID":"1360173","formEdgeID":null},{"edgeID":"1780451","fromID":"1360168","toID":"1360174","formEdgeID":null},{"edgeID":"1780452","fromID":"1360174","toID":"1360162","formEdgeID":null},{"edgeID":"1780453","fromID":"1360173","toID":"1360175","formEdgeID":null},{"edgeID":"1780454","fromID":"1360175","toID":"1360174","formEdgeID":null},{"edgeID":"1780455","fromID":"1360178","toID":"1360177","formEdgeID":null},{"edgeID":"1780456","fromID":"1360179","toID":"1360178","formEdgeID":null},{"edgeID":"1780457","fromID":"1360177","toID":"1360180","formEdgeID":null},{"edgeID":"1780458","fromID":"1360180","toID":"1360176","formEdgeID":null},{"edgeID":"1780459","fromID":"1360169","toID":"1360181","formEdgeID":null},{"edgeID":"1780460","fromID":"1360181","toID":"1360177","formEdgeID":null},{"edgeID":"1780461","fromID":"1360184","toID":"1360183","formEdgeID":null},{"edgeID":"1780462","fromID":"1360185","toID":"1360184","formEdgeID":null},{"edgeID":"1780463","fromID":"1360183","toID":"1360186","formEdgeID":null},{"edgeID":"1780464","fromID":"1360186","toID":"1360182","formEdgeID":null},{"edgeID":"1780465","fromID":"1360182","toID":"1360187","formEdgeID":null},{"edgeID":"1780466","fromID":"1360187","toID":"1360176","formEdgeID":null},{"edgeID":"1780467","fromID":"1360177","toID":"1360188","formEdgeID":null},{"edgeID":"1780468","fromID":"1360188","toID":"1360183","formEdgeID":null},{"edgeID":"1780469","fromID":"1360188","toID":"1360189","formEdgeID":null},{"edgeID":"1780470","fromID":"1360189","toID":"1360187","formEdgeID":null},{"edgeID":"1780471","fromID":"1360192","toID":"1360191","formEdgeID":null},{"edgeID":"1780472","fromID":"1360193","toID":"1360192","formEdgeID":null},{"edgeID":"1780473","fromID":"1360191","toID":"1360194","formEdgeID":null},{"edgeID":"1780474","fromID":"1360194","toID":"1360190","formEdgeID":null},{"edgeID":"1780475","fromID":"1360196","toID":"1360136","formEdgeID":null},{"edgeID":"1780476","fromID":"1360197","toID":"1360196","formEdgeID":null},{"edgeID":"1780477","fromID":"1360136","toID":"1360198","formEdgeID":null},{"edgeID":"1780478","fromID":"1360198","toID":"1360195","formEdgeID":null},{"edgeID":"1780479","fromID":"1360201","toID":"1360200","formEdgeID":null},{"edgeID":"1780480","fromID":"1360200","toID":"1360203","formEdgeID":null},{"edgeID":"1780481","fromID":"1360202","toID":"1360201","formEdgeID":null},{"edgeID":"1780482","fromID":"1360203","toID":"1360199","formEdgeID":null},{"edgeID":"1780483","fromID":"1360206","toID":"1360205","formEdgeID":null},{"edgeID":"1780484","fromID":"1360207","toID":"1360206","formEdgeID":null},{"edgeID":"1780485","fromID":"1360205","toID":"1360208","formEdgeID":null},{"edgeID":"1780486","fromID":"1360208","toID":"1360204","formEdgeID":null},{"edgeID":"1780487","fromID":"1360200","toID":"1360209","formEdgeID":null},{"edgeID":"1780488","fromID":"1360209","toID":"1360205","formEdgeID":null},{"edgeID":"1780489","fromID":"1360210","toID":"1360199","formEdgeID":null},{"edgeID":"1780490","fromID":"1360204","toID":"1360210","formEdgeID":null},{"edgeID":"1780491","fromID":"1360209","toID":"1360211","formEdgeID":null},{"edgeID":"1780492","fromID":"1360211","toID":"1360210","formEdgeID":null},{"edgeID":"1780493","fromID":"1360213","toID":"1360215","formEdgeID":null},{"edgeID":"1780494","fromID":"1360216","toID":"1360214","formEdgeID":null},{"edgeID":"1780495","fromID":"1360214","toID":"1360213","formEdgeID":null},{"edgeID":"1780496","fromID":"1360215","toID":"1360212","formEdgeID":null},{"edgeID":"1780497","fromID":"1360191","toID":"1360217","formEdgeID":null},{"edgeID":"1780498","fromID":"1360217","toID":"1360213","formEdgeID":null},{"edgeID":"1780499","fromID":"1360190","toID":"1360218","formEdgeID":null},{"edgeID":"1780500","fromID":"1360218","toID":"1360212","formEdgeID":null},{"edgeID":"1780501","fromID":"1360217","toID":"1360219","formEdgeID":null},{"edgeID":"1780502","fromID":"1360219","toID":"1360218","formEdgeID":null},{"edgeID":"1780503","fromID":"1360177","toID":"1360220","formEdgeID":null},{"edgeID":"1780504","fromID":"1360220","toID":"1360191","formEdgeID":null},{"edgeID":"1780505","fromID":"1360221","toID":"1360176","formEdgeID":null},{"edgeID":"1780506","fromID":"1360190","toID":"1360221","formEdgeID":null},{"edgeID":"1780507","fromID":"1360222","toID":"1360221","formEdgeID":null},{"edgeID":"1780508","fromID":"1360220","toID":"1360222","formEdgeID":null},{"edgeID":"1780509","fromID":"1360213","toID":"1360223","formEdgeID":null},{"edgeID":"1780510","fromID":"1360223","toID":"1360136","formEdgeID":null},{"edgeID":"1780511","fromID":"1360195","toID":"1360224","formEdgeID":null},{"edgeID":"1780512","fromID":"1360224","toID":"1360182","formEdgeID":null},{"edgeID":"1780513","fromID":"1360223","toID":"1360225","formEdgeID":null},{"edgeID":"1780514","fromID":"1360225","toID":"1360224","formEdgeID":null}],"locutions":[]}