{"nodes":[{"nodeID":"1359784","text":"AudienceMember 20230126QT10 is currently a junior doctor as well","type":"I","timestamp":"2023-11-09 14:24:48"},{"nodeID":"1359785","text":"AudienceMember 20230126QT10: I'm currently a junior doctor as well","type":"L","timestamp":"2023-11-09 14:24:48"},{"nodeID":"1359786","text":"Analysing","type":"YA","timestamp":"2023-11-09 14:24:48"},{"nodeID":"1359787","text":"Tuuli: AudienceMember 20230126QT10: I'm currently a junior doctor as well","type":"L","timestamp":"2023-11-09 14:24:48"},{"nodeID":"1359788","text":"Asserting","type":"YA","timestamp":"2023-11-09 14:24:48"},{"nodeID":"1359789","text":"AudienceMember 20230126QT10 is working as a teaching fellow in one of the hospitals nearby","type":"I","timestamp":"2023-11-09 14:24:49"},{"nodeID":"1359790","text":"AudienceMember 20230126QT10: I'm working as a teaching fellow in one of the hospitals nearby","type":"L","timestamp":"2023-11-09 14:24:49"},{"nodeID":"1359791","text":"Analysing","type":"YA","timestamp":"2023-11-09 14:24:49"},{"nodeID":"1359792","text":"Tuuli: AudienceMember 20230126QT10: I'm working as a teaching fellow in one of the hospitals nearby","type":"L","timestamp":"2023-11-09 14:24:49"},{"nodeID":"1359793","text":"Asserting","type":"YA","timestamp":"2023-11-09 14:24:49"},{"nodeID":"1359794","text":"Default Transition","type":"TA","timestamp":"2023-11-09 14:24:49"},{"nodeID":"1359795","text":"Default Rephrase","type":"MA","timestamp":"2023-11-09 14:24:49"},{"nodeID":"1359796","text":"Restating","type":"YA","timestamp":"2023-11-09 14:24:49"},{"nodeID":"1359797","text":"there are xxx amount of NHS workers in this audience","type":"I","timestamp":"2023-11-09 14:24:49"},{"nodeID":"1359798","text":"Fiona Bruce: How many NHS workers are in this audience","type":"L","timestamp":"2023-11-09 14:24:49"},{"nodeID":"1359799","text":"Analysing","type":"YA","timestamp":"2023-11-09 14:24:49"},{"nodeID":"1359800","text":"Tuuli: Fiona Bruce: How many NHS workers are in this audience","type":"L","timestamp":"2023-11-09 14:24:49"},{"nodeID":"1359801","text":"Pure Questioning","type":"YA","timestamp":"2023-11-09 14:24:49"},{"nodeID":"1359802","text":"Default Transition","type":"TA","timestamp":"2023-11-09 14:24:49"},{"nodeID":"1359803","text":"much of the underfunding and the pressures and strain that's currently going on is having quite a large impact as well on the repercussions of undergraduate education","type":"I","timestamp":"2023-11-09 14:24:50"},{"nodeID":"1359804","text":"AudienceMember 20230126QT11: much of the underfunding and the pressures and strain that's currently going on is having quite a large impact as well on the repercussions of undergraduate education","type":"L","timestamp":"2023-11-09 14:24:50"},{"nodeID":"1359805","text":"Analysing","type":"YA","timestamp":"2023-11-09 14:24:50"},{"nodeID":"1359806","text":"Tuuli: AudienceMember 20230126QT11: much of the underfunding and the pressures and strain that's currently going on is having quite a large impact as well on the repercussions of undergraduate education","type":"L","timestamp":"2023-11-09 14:24:50"},{"nodeID":"1359807","text":"Asserting","type":"YA","timestamp":"2023-11-09 14:24:50"},{"nodeID":"1359808","text":"Default Transition","type":"TA","timestamp":"2023-11-09 14:24:50"},{"nodeID":"1359809","text":"AudienceMember 20230126QT10 is obviously teaching and educating the next generation of medical students","type":"I","timestamp":"2023-11-09 14:24:51"},{"nodeID":"1359810","text":"AudienceMember 20230126QT11: I'm obviously teaching and educating the next generation of medical students","type":"L","timestamp":"2023-11-09 14:24:51"},{"nodeID":"1359811","text":"Analysing","type":"YA","timestamp":"2023-11-09 14:24:51"},{"nodeID":"1359812","text":"Tuuli: AudienceMember 20230126QT11: I'm obviously teaching and educating the next generation of medical students","type":"L","timestamp":"2023-11-09 14:24:51"},{"nodeID":"1359813","text":"Asserting","type":"YA","timestamp":"2023-11-09 14:24:51"},{"nodeID":"1359814","text":"Default Transition","type":"TA","timestamp":"2023-11-09 14:24:51"},{"nodeID":"1359815","text":"the medical students are now struggling to get the opportunities they require to be trained appropriately","type":"I","timestamp":"2023-11-09 14:24:52"},{"nodeID":"1359816","text":"AudienceMember 20230126QT11: they are now struggling to get the opportunities they require to be trained appropriately","type":"L","timestamp":"2023-11-09 14:24:52"},{"nodeID":"1359817","text":"Analysing","type":"YA","timestamp":"2023-11-09 14:24:52"},{"nodeID":"1359818","text":"Tuuli: AudienceMember 20230126QT11: they are now struggling to get the opportunities they require to be trained appropriately","type":"L","timestamp":"2023-11-09 14:24:52"},{"nodeID":"1359819","text":"Asserting","type":"YA","timestamp":"2023-11-09 14:24:52"},{"nodeID":"1359820","text":"Default Inference","type":"RA","timestamp":"2023-11-09 14:24:52"},{"nodeID":"1359821","text":"Default Transition","type":"TA","timestamp":"2023-11-09 14:24:52"},{"nodeID":"1359822","text":"Arguing","type":"YA","timestamp":"2023-11-09 14:24:52"},{"nodeID":"1359823","text":"struggling to get the opportunities required to be trained appropriately is making a lot of the medical students put off having to work in the NHS going forward","type":"I","timestamp":"2023-11-09 14:24:53"},{"nodeID":"1359824","text":"AudienceMember 20230126QT11: it's making a lot of them put off having to work in the NHS going forward","type":"L","timestamp":"2023-11-09 14:24:53"},{"nodeID":"1359825","text":"Analysing","type":"YA","timestamp":"2023-11-09 14:24:53"},{"nodeID":"1359826","text":"Tuuli: AudienceMember 20230126QT11: it's making a lot of them put off having to work in the NHS going forward","type":"L","timestamp":"2023-11-09 14:24:53"},{"nodeID":"1359827","text":"Asserting","type":"YA","timestamp":"2023-11-09 14:24:53"},{"nodeID":"1359828","text":"Default Transition","type":"TA","timestamp":"2023-11-09 14:24:53"},{"nodeID":"1359829","text":"Default Rephrase","type":"MA","timestamp":"2023-11-09 14:24:53"},{"nodeID":"1359830","text":"Restating","type":"YA","timestamp":"2023-11-09 14:24:53"},{"nodeID":"1359831","text":"the medical students putting off having to work in the NHS will have a large impact on vacancies going forward","type":"I","timestamp":"2023-11-09 14:24:53"},{"nodeID":"1359832","text":"AudienceMember 20230126QT11: this will have a large impact on vacancies going forward","type":"L","timestamp":"2023-11-09 14:24:53"},{"nodeID":"1359833","text":"Analysing","type":"YA","timestamp":"2023-11-09 14:24:53"},{"nodeID":"1359834","text":"Tuuli: AudienceMember 20230126QT11: this will have a large impact on vacancies going forward","type":"L","timestamp":"2023-11-09 14:24:53"},{"nodeID":"1359835","text":"Asserting","type":"YA","timestamp":"2023-11-09 14:24:53"},{"nodeID":"1359836","text":"Default Transition","type":"TA","timestamp":"2023-11-09 14:24:53"},{"nodeID":"1359837","text":"Default Rephrase","type":"MA","timestamp":"2023-11-09 14:24:53"},{"nodeID":"1359838","text":"Restating","type":"YA","timestamp":"2023-11-09 14:24:53"},{"nodeID":"1359839","text":"most of AudienceMember 20230126QT10's students come to them anyway as a result, asking what other opportunities they have to be looking at outside of the NHS","type":"I","timestamp":"2023-11-09 14:24:54"},{"nodeID":"1359840","text":"AudienceMember 20230126QT11: most of my students come to me anyway as a result, asking what other opportunities they have to be looking at outside of the NHS","type":"L","timestamp":"2023-11-09 14:24:54"},{"nodeID":"1359841","text":"Analysing","type":"YA","timestamp":"2023-11-09 14:24:54"},{"nodeID":"1359842","text":"Tuuli: AudienceMember 20230126QT11: most of my students come to me anyway as a result, asking what other opportunities they have to be looking at outside of the NHS","type":"L","timestamp":"2023-11-09 14:24:54"},{"nodeID":"1359843","text":"Asserting","type":"YA","timestamp":"2023-11-09 14:24:54"},{"nodeID":"1359844","text":"Default Inference","type":"RA","timestamp":"2023-11-09 14:24:54"},{"nodeID":"1359845","text":"Default Transition","type":"TA","timestamp":"2023-11-09 14:24:54"},{"nodeID":"1359846","text":"Arguing","type":"YA","timestamp":"2023-11-09 14:24:54"},{"nodeID":"1359847","text":"the medical students are asking what other opportunities they have to be looking at outside of the NHS even after going through all that training","type":"I","timestamp":"2023-11-09 14:24:55"},{"nodeID":"1359848","text":"Fiona Bruce: Even after going through all that training","type":"L","timestamp":"2023-11-09 14:24:55"},{"nodeID":"1359849","text":"Analysing","type":"YA","timestamp":"2023-11-09 14:24:55"},{"nodeID":"1359850","text":"Tuuli: Fiona Bruce: Even after going through all that training","type":"L","timestamp":"2023-11-09 14:24:55"},{"nodeID":"1359851","text":"Rhetorical Questioning","type":"YA","timestamp":"2023-11-09 14:24:55"},{"nodeID":"1359852","text":"Default Transition","type":"TA","timestamp":"2023-11-09 14:24:55"},{"nodeID":"1359853","text":"Default Rephrase","type":"MA","timestamp":"2023-11-09 14:24:55"},{"nodeID":"1359854","text":"Restating","type":"YA","timestamp":"2023-11-09 14:24:55"}],"edges":[{"edgeID":"1779997","fromID":"1359786","toID":"1359785","formEdgeID":null},{"edgeID":"1779998","fromID":"1359787","toID":"1359786","formEdgeID":null},{"edgeID":"1779999","fromID":"1359785","toID":"1359788","formEdgeID":null},{"edgeID":"1780000","fromID":"1359788","toID":"1359784","formEdgeID":null},{"edgeID":"1780001","fromID":"1359791","toID":"1359790","formEdgeID":null},{"edgeID":"1780002","fromID":"1359792","toID":"1359791","formEdgeID":null},{"edgeID":"1780003","fromID":"1359790","toID":"1359793","formEdgeID":null},{"edgeID":"1780004","fromID":"1359793","toID":"1359789","formEdgeID":null},{"edgeID":"1780005","fromID":"1359785","toID":"1359794","formEdgeID":null},{"edgeID":"1780006","fromID":"1359794","toID":"1359790","formEdgeID":null},{"edgeID":"1780007","fromID":"1359789","toID":"1359795","formEdgeID":null},{"edgeID":"1780008","fromID":"1359795","toID":"1359784","formEdgeID":null},{"edgeID":"1780009","fromID":"1359794","toID":"1359796","formEdgeID":null},{"edgeID":"1780010","fromID":"1359796","toID":"1359795","formEdgeID":null},{"edgeID":"1780011","fromID":"1359799","toID":"1359798","formEdgeID":null},{"edgeID":"1780012","fromID":"1359800","toID":"1359799","formEdgeID":null},{"edgeID":"1780013","fromID":"1359798","toID":"1359801","formEdgeID":null},{"edgeID":"1780014","fromID":"1359801","toID":"1359797","formEdgeID":null},{"edgeID":"1780015","fromID":"1359790","toID":"1359802","formEdgeID":null},{"edgeID":"1780016","fromID":"1359802","toID":"1359798","formEdgeID":null},{"edgeID":"1780017","fromID":"1359805","toID":"1359804","formEdgeID":null},{"edgeID":"1780018","fromID":"1359806","toID":"1359805","formEdgeID":null},{"edgeID":"1780019","fromID":"1359804","toID":"1359807","formEdgeID":null},{"edgeID":"1780020","fromID":"1359807","toID":"1359803","formEdgeID":null},{"edgeID":"1780021","fromID":"1359798","toID":"1359808","formEdgeID":null},{"edgeID":"1780022","fromID":"1359808","toID":"1359804","formEdgeID":null},{"edgeID":"1780023","fromID":"1359811","toID":"1359810","formEdgeID":null},{"edgeID":"1780024","fromID":"1359812","toID":"1359811","formEdgeID":null},{"edgeID":"1780025","fromID":"1359810","toID":"1359813","formEdgeID":null},{"edgeID":"1780026","fromID":"1359813","toID":"1359809","formEdgeID":null},{"edgeID":"1780027","fromID":"1359804","toID":"1359814","formEdgeID":null},{"edgeID":"1780028","fromID":"1359814","toID":"1359810","formEdgeID":null},{"edgeID":"1780029","fromID":"1359817","toID":"1359816","formEdgeID":null},{"edgeID":"1780030","fromID":"1359818","toID":"1359817","formEdgeID":null},{"edgeID":"1780031","fromID":"1359816","toID":"1359819","formEdgeID":null},{"edgeID":"1780032","fromID":"1359819","toID":"1359815","formEdgeID":null},{"edgeID":"1780033","fromID":"1359803","toID":"1359820","formEdgeID":null},{"edgeID":"1780034","fromID":"1359820","toID":"1359815","formEdgeID":null},{"edgeID":"1780035","fromID":"1359804","toID":"1359821","formEdgeID":null},{"edgeID":"1780036","fromID":"1359821","toID":"1359816","formEdgeID":null},{"edgeID":"1780037","fromID":"1359821","toID":"1359822","formEdgeID":null},{"edgeID":"1780038","fromID":"1359822","toID":"1359820","formEdgeID":null},{"edgeID":"1780039","fromID":"1359825","toID":"1359824","formEdgeID":null},{"edgeID":"1780040","fromID":"1359826","toID":"1359825","formEdgeID":null},{"edgeID":"1780041","fromID":"1359824","toID":"1359827","formEdgeID":null},{"edgeID":"1780042","fromID":"1359827","toID":"1359823","formEdgeID":null},{"edgeID":"1780043","fromID":"1359816","toID":"1359828","formEdgeID":null},{"edgeID":"1780044","fromID":"1359828","toID":"1359824","formEdgeID":null},{"edgeID":"1780045","fromID":"1359823","toID":"1359829","formEdgeID":null},{"edgeID":"1780046","fromID":"1359829","toID":"1359815","formEdgeID":null},{"edgeID":"1780047","fromID":"1359828","toID":"1359830","formEdgeID":null},{"edgeID":"1780048","fromID":"1359830","toID":"1359829","formEdgeID":null},{"edgeID":"1780049","fromID":"1359833","toID":"1359832","formEdgeID":null},{"edgeID":"1780050","fromID":"1359834","toID":"1359833","formEdgeID":null},{"edgeID":"1780051","fromID":"1359832","toID":"1359835","formEdgeID":null},{"edgeID":"1780052","fromID":"1359835","toID":"1359831","formEdgeID":null},{"edgeID":"1780053","fromID":"1359824","toID":"1359836","formEdgeID":null},{"edgeID":"1780054","fromID":"1359836","toID":"1359832","formEdgeID":null},{"edgeID":"1780055","fromID":"1359831","toID":"1359837","formEdgeID":null},{"edgeID":"1780056","fromID":"1359837","toID":"1359823","formEdgeID":null},{"edgeID":"1780057","fromID":"1359836","toID":"1359838","formEdgeID":null},{"edgeID":"1780058","fromID":"1359838","toID":"1359837","formEdgeID":null},{"edgeID":"1780059","fromID":"1359841","toID":"1359840","formEdgeID":null},{"edgeID":"1780060","fromID":"1359842","toID":"1359841","formEdgeID":null},{"edgeID":"1780061","fromID":"1359840","toID":"1359843","formEdgeID":null},{"edgeID":"1780062","fromID":"1359843","toID":"1359839","formEdgeID":null},{"edgeID":"1780063","fromID":"1359815","toID":"1359844","formEdgeID":null},{"edgeID":"1780064","fromID":"1359844","toID":"1359839","formEdgeID":null},{"edgeID":"1780065","fromID":"1359816","toID":"1359845","formEdgeID":null},{"edgeID":"1780066","fromID":"1359845","toID":"1359840","formEdgeID":null},{"edgeID":"1780067","fromID":"1359845","toID":"1359846","formEdgeID":null},{"edgeID":"1780068","fromID":"1359846","toID":"1359844","formEdgeID":null},{"edgeID":"1780069","fromID":"1359849","toID":"1359848","formEdgeID":null},{"edgeID":"1780070","fromID":"1359850","toID":"1359849","formEdgeID":null},{"edgeID":"1780071","fromID":"1359848","toID":"1359851","formEdgeID":null},{"edgeID":"1780072","fromID":"1359851","toID":"1359847","formEdgeID":null},{"edgeID":"1780073","fromID":"1359840","toID":"1359852","formEdgeID":null},{"edgeID":"1780074","fromID":"1359852","toID":"1359848","formEdgeID":null},{"edgeID":"1780075","fromID":"1359847","toID":"1359853","formEdgeID":null},{"edgeID":"1780076","fromID":"1359853","toID":"1359839","formEdgeID":null},{"edgeID":"1780077","fromID":"1359852","toID":"1359854","formEdgeID":null},{"edgeID":"1780078","fromID":"1359854","toID":"1359853","formEdgeID":null}],"locutions":[]}