{"nodes":[{"nodeID":"1358450","text":"what Rishi Sunak said is really refreshing","type":"I","timestamp":"2023-11-09 14:22:33"},{"nodeID":"1358451","text":"Alex Chalk: this is really refreshing","type":"L","timestamp":"2023-11-09 14:22:33"},{"nodeID":"1358452","text":"Analysing","type":"YA","timestamp":"2023-11-09 14:22:33"},{"nodeID":"1358453","text":"Lara: Alex Chalk: this is really refreshing","type":"L","timestamp":"2023-11-09 14:22:33"},{"nodeID":"1358454","text":"Asserting","type":"YA","timestamp":"2023-11-09 14:22:33"},{"nodeID":"1358455","text":"Alex Chalk: he said look, here I stand","type":"L","timestamp":"2023-11-09 14:22:33"},{"nodeID":"1358456","text":"Analysing","type":"YA","timestamp":"2023-11-09 14:22:33"},{"nodeID":"1358457","text":"Lara: Alex Chalk: he said look, here I stand","type":"L","timestamp":"2023-11-09 14:22:33"},{"nodeID":"1358458","text":"Alex Chalk: this is the target","type":"L","timestamp":"2023-11-09 14:22:33"},{"nodeID":"1358459","text":"Analysing","type":"YA","timestamp":"2023-11-09 14:22:33"},{"nodeID":"1358460","text":"Lara: Alex Chalk: this is the target","type":"L","timestamp":"2023-11-09 14:22:33"},{"nodeID":"1358461","text":"Alex Chalk:  this is what I want to be judged on","type":"L","timestamp":"2023-11-09 14:22:33"},{"nodeID":"1358462","text":"Analysing","type":"YA","timestamp":"2023-11-09 14:22:33"},{"nodeID":"1358463","text":"Lara: Alex Chalk:  this is what I want to be judged on","type":"L","timestamp":"2023-11-09 14:22:33"},{"nodeID":"1358464","text":"Alex Chalk:  I don't","type":"L","timestamp":"2023-11-09 14:22:33"},{"nodeID":"1358465","text":"Analysing","type":"YA","timestamp":"2023-11-09 14:22:33"},{"nodeID":"1358466","text":"Lara: Alex Chalk:  I don't","type":"L","timestamp":"2023-11-09 14:22:33"},{"nodeID":"1358467","text":"Alex Chalk: you please do judge me","type":"L","timestamp":"2023-11-09 14:22:33"},{"nodeID":"1358468","text":"Analysing","type":"YA","timestamp":"2023-11-09 14:22:33"},{"nodeID":"1358469","text":"Lara: Alex Chalk: you please do judge me","type":"L","timestamp":"2023-11-09 14:22:33"},{"nodeID":"1358470","text":"Rishi Sunak stands somewhere","type":"I","timestamp":"2023-11-09 14:22:34"},{"nodeID":"1358471","text":"Rishi Sunak: look, here I stand","type":"L","timestamp":"2023-11-09 14:22:34"},{"nodeID":"1358472","text":"Analysing","type":"YA","timestamp":"2023-11-09 14:22:34"},{"nodeID":"1358473","text":"Lara: Prime Minister: look, here I stand","type":"L","timestamp":"2023-11-09 14:22:34"},{"nodeID":"1358474","text":"Asserting","type":"YA","timestamp":"2023-11-09 14:22:34"},{"nodeID":"1358475","text":"Asserting","type":"YA","timestamp":"2023-11-09 14:22:34"},{"nodeID":"1358476","text":"something is the target","type":"I","timestamp":"2023-11-09 14:22:35"},{"nodeID":"1358477","text":"Rishi Sunak: this is the target","type":"L","timestamp":"2023-11-09 14:22:35"},{"nodeID":"1358478","text":"Analysing","type":"YA","timestamp":"2023-11-09 14:22:35"},{"nodeID":"1358479","text":"Lara: Rishi Sunak: this is the target","type":"L","timestamp":"2023-11-09 14:22:35"},{"nodeID":"1358480","text":"Asserting","type":"YA","timestamp":"2023-11-09 14:22:35"},{"nodeID":"1358481","text":"Asserting","type":"YA","timestamp":"2023-11-09 14:22:35"},{"nodeID":"1358482","text":"the target is what Rishi Sunak wants to be judged on","type":"I","timestamp":"2023-11-09 14:22:35"},{"nodeID":"1358483","text":"Rishi Sunak:  this is what I want to be judged on","type":"L","timestamp":"2023-11-09 14:22:35"},{"nodeID":"1358484","text":"Analysing","type":"YA","timestamp":"2023-11-09 14:22:35"},{"nodeID":"1358485","text":"Lara: Rishi Sunak:  this is what I want to be judged on","type":"L","timestamp":"2023-11-09 14:22:35"},{"nodeID":"1358486","text":"Asserting","type":"YA","timestamp":"2023-11-09 14:22:35"},{"nodeID":"1358487","text":"Asserting","type":"YA","timestamp":"2023-11-09 14:22:35"},{"nodeID":"1358488","text":"Rishi Sunak doesn't reach his target","type":"I","timestamp":"2023-11-09 14:22:36"},{"nodeID":"1358489","text":"Rishi Sunak:  I don't","type":"L","timestamp":"2023-11-09 14:22:36"},{"nodeID":"1358490","text":"Analysing","type":"YA","timestamp":"2023-11-09 14:22:36"},{"nodeID":"1358491","text":"Lara: Rishi Sunak:  I don't","type":"L","timestamp":"2023-11-09 14:22:36"},{"nodeID":"1358492","text":"Asserting","type":"YA","timestamp":"2023-11-09 14:22:36"},{"nodeID":"1358493","text":"Asserting","type":"YA","timestamp":"2023-11-09 14:22:36"},{"nodeID":"1358494","text":"Rishi Sunak invites people to judge him","type":"I","timestamp":"2023-11-09 14:22:37"},{"nodeID":"1358495","text":"Rishi Sunak: you please do judge me","type":"L","timestamp":"2023-11-09 14:22:37"},{"nodeID":"1358496","text":"Analysing","type":"YA","timestamp":"2023-11-09 14:22:37"},{"nodeID":"1358497","text":"Lara: Rishi Sunak: you please do judge me","type":"L","timestamp":"2023-11-09 14:22:37"},{"nodeID":"1358498","text":"Asserting","type":"YA","timestamp":"2023-11-09 14:22:37"},{"nodeID":"1358499","text":"Asserting","type":"YA","timestamp":"2023-11-09 14:22:37"},{"nodeID":"1358500","text":"Rishi Sunak stating his target is absolutely the right approach","type":"I","timestamp":"2023-11-09 14:22:38"},{"nodeID":"1358501","text":"Alex Chalk:  that's absolutely the right approach","type":"L","timestamp":"2023-11-09 14:22:38"},{"nodeID":"1358502","text":"Analysing","type":"YA","timestamp":"2023-11-09 14:22:38"},{"nodeID":"1358503","text":"Lara: Alex Chalk:  that's absolutely the right approach","type":"L","timestamp":"2023-11-09 14:22:38"},{"nodeID":"1358504","text":"Asserting","type":"YA","timestamp":"2023-11-09 14:22:38"},{"nodeID":"1358505","text":"Rishi Sunak has been clear that the NHS crisis is an intense issue","type":"I","timestamp":"2023-11-09 14:22:39"},{"nodeID":"1358506","text":"Alex Chalk: he's been clear, yes, this is an intense issue","type":"L","timestamp":"2023-11-09 14:22:39"},{"nodeID":"1358507","text":"Analysing","type":"YA","timestamp":"2023-11-09 14:22:39"},{"nodeID":"1358508","text":"Lara: Alex Chalk: he's been clear, yes, this is an intense issue","type":"L","timestamp":"2023-11-09 14:22:39"},{"nodeID":"1358509","text":"Asserting","type":"YA","timestamp":"2023-11-09 14:22:39"},{"nodeID":"1358510","text":"Rishi Sunak has got a plan to deal with the NHS crisis","type":"I","timestamp":"2023-11-09 14:22:39"},{"nodeID":"1358511","text":"Alex Chalk: he's got a plan to deal with it","type":"L","timestamp":"2023-11-09 14:22:39"},{"nodeID":"1358512","text":"Analysing","type":"YA","timestamp":"2023-11-09 14:22:39"},{"nodeID":"1358513","text":"Lara: Alex Chalk: he's got a plan to deal with it","type":"L","timestamp":"2023-11-09 14:22:39"},{"nodeID":"1358514","text":"Asserting","type":"YA","timestamp":"2023-11-09 14:22:39"},{"nodeID":"1358515","text":"it does or does not matter to AudienceMember20230126QT03 whether Rishi Sunak uses the word crisis or not","type":"I","timestamp":"2023-11-09 14:22:40"},{"nodeID":"1358516","text":"Fiona Bruce: does it matter to you whether or not the Prime Minister uses the word crisis or not","type":"L","timestamp":"2023-11-09 14:22:40"},{"nodeID":"1358517","text":"Analysing","type":"YA","timestamp":"2023-11-09 14:22:40"},{"nodeID":"1358518","text":"Lara: Fiona Bruce: does it matter to you whether or not the Prime Minister uses the word crisis or not","type":"L","timestamp":"2023-11-09 14:22:40"},{"nodeID":"1358519","text":"Pure Questioning","type":"YA","timestamp":"2023-11-09 14:22:40"},{"nodeID":"1358520","text":"it does matter whether the Rishi Sunak uses the word crisis or not","type":"I","timestamp":"2023-11-09 14:22:41"},{"nodeID":"1358521","text":"AudienceMember 20230126QT03: it does","type":"L","timestamp":"2023-11-09 14:22:41"},{"nodeID":"1358522","text":"Analysing","type":"YA","timestamp":"2023-11-09 14:22:41"},{"nodeID":"1358523","text":"Lara: AudienceMember 20230126QT03: it does","type":"L","timestamp":"2023-11-09 14:22:41"},{"nodeID":"1358524","text":"Asserting","type":"YA","timestamp":"2023-11-09 14:22:41"},{"nodeID":"1358525","text":"you acknowledge there's a crisis","type":"I","timestamp":"2023-11-09 14:22:42"},{"nodeID":"1358526","text":"AudienceMember 20230126QT03: you acknowledge there's a crisis","type":"L","timestamp":"2023-11-09 14:22:42"},{"nodeID":"1358527","text":"Analysing","type":"YA","timestamp":"2023-11-09 14:22:42"},{"nodeID":"1358528","text":"Lara: AudienceMember 20230126QT03: you acknowledge there's a crisis","type":"L","timestamp":"2023-11-09 14:22:42"},{"nodeID":"1358529","text":"Asserting","type":"YA","timestamp":"2023-11-09 14:22:42"},{"nodeID":"1358530","text":"you know there's a problem to fix","type":"I","timestamp":"2023-11-09 14:22:43"},{"nodeID":"1358531","text":"AudienceMember 20230126QT03: you know there's a problem to fix","type":"L","timestamp":"2023-11-09 14:22:43"},{"nodeID":"1358532","text":"Analysing","type":"YA","timestamp":"2023-11-09 14:22:43"},{"nodeID":"1358533","text":"Lara: AudienceMember 20230126QT03: you know there's a problem to fix","type":"L","timestamp":"2023-11-09 14:22:43"},{"nodeID":"1358534","text":"Asserting","type":"YA","timestamp":"2023-11-09 14:22:43"},{"nodeID":"1358535","text":"you're not acknowledging there's a crisis","type":"I","timestamp":"2023-11-09 14:22:43"},{"nodeID":"1358536","text":"AudienceMember 20230126QT03: you're not","type":"L","timestamp":"2023-11-09 14:22:43"},{"nodeID":"1358537","text":"Analysing","type":"YA","timestamp":"2023-11-09 14:22:43"},{"nodeID":"1358538","text":"Lara: AudienceMember 20230126QT03: you're not","type":"L","timestamp":"2023-11-09 14:22:43"},{"nodeID":"1358539","text":"Asserting","type":"YA","timestamp":"2023-11-09 14:22:43"},{"nodeID":"1358540","text":"you're just skirting around the issue","type":"I","timestamp":"2023-11-09 14:22:44"},{"nodeID":"1358541","text":"AudienceMember 20230126QT03: just skirting around the issue","type":"L","timestamp":"2023-11-09 14:22:44"},{"nodeID":"1358542","text":"Analysing","type":"YA","timestamp":"2023-11-09 14:22:44"},{"nodeID":"1358543","text":"Lara: AudienceMember 20230126QT03: just skirting around the issue","type":"L","timestamp":"2023-11-09 14:22:44"},{"nodeID":"1358544","text":"Asserting","type":"YA","timestamp":"2023-11-09 14:22:44"},{"nodeID":"1358545","text":"you don't know really do anything properly to change it","type":"I","timestamp":"2023-11-09 14:22:45"},{"nodeID":"1358546","text":"AudienceMember 20230126QT03: you don't know really do anything properly to change it","type":"L","timestamp":"2023-11-09 14:22:45"},{"nodeID":"1358547","text":"Analysing","type":"YA","timestamp":"2023-11-09 14:22:45"},{"nodeID":"1358548","text":"Lara: AudienceMember 20230126QT03: you don't know really do anything properly to change it","type":"L","timestamp":"2023-11-09 14:22:45"},{"nodeID":"1358549","text":"Asserting","type":"YA","timestamp":"2023-11-09 14:22:45"},{"nodeID":"1358550","text":"Default Transition","type":"TA","timestamp":"2023-11-09 14:22:45"},{"nodeID":"1358551","text":"Default Transition","type":"TA","timestamp":"2023-11-09 14:22:45"},{"nodeID":"1358552","text":"Default Transition","type":"TA","timestamp":"2023-11-09 14:22:45"},{"nodeID":"1358553","text":"Default Rephrase","type":"MA","timestamp":"2023-11-09 14:22:45"},{"nodeID":"1358554","text":"Restating","type":"YA","timestamp":"2023-11-09 14:22:45"},{"nodeID":"1358555","text":"Default Transition","type":"TA","timestamp":"2023-11-09 14:22:45"},{"nodeID":"1358556","text":"Default Inference","type":"RA","timestamp":"2023-11-09 14:22:45"},{"nodeID":"1358557","text":"Default Transition","type":"TA","timestamp":"2023-11-09 14:22:45"},{"nodeID":"1358558","text":"Arguing","type":"YA","timestamp":"2023-11-09 14:22:45"},{"nodeID":"1358559","text":"Default Transition","type":"TA","timestamp":"2023-11-09 14:22:45"},{"nodeID":"1358560","text":"Default Transition","type":"TA","timestamp":"2023-11-09 14:22:45"},{"nodeID":"1358561","text":"Default Transition","type":"TA","timestamp":"2023-11-09 14:22:45"},{"nodeID":"1358562","text":"Default Inference","type":"RA","timestamp":"2023-11-09 14:22:45"},{"nodeID":"1358563","text":"Arguing","type":"YA","timestamp":"2023-11-09 14:22:45"},{"nodeID":"1358564","text":"Default Transition","type":"TA","timestamp":"2023-11-09 14:22:45"},{"nodeID":"1358565","text":"Default Rephrase","type":"MA","timestamp":"2023-11-09 14:22:45"},{"nodeID":"1358566","text":"Default Illocuting","type":"YA","timestamp":"2023-11-09 14:22:45"},{"nodeID":"1358567","text":"Default Transition","type":"TA","timestamp":"2023-11-09 14:22:45"},{"nodeID":"1358568","text":"Default Inference","type":"RA","timestamp":"2023-11-09 14:22:45"},{"nodeID":"1358569","text":"Default Transition","type":"TA","timestamp":"2023-11-09 14:22:45"},{"nodeID":"1358570","text":"Arguing","type":"YA","timestamp":"2023-11-09 14:22:45"},{"nodeID":"1358571","text":"Default Transition","type":"TA","timestamp":"2023-11-09 14:22:45"},{"nodeID":"1358572","text":"Default Transition","type":"TA","timestamp":"2023-11-09 14:22:45"},{"nodeID":"1358573","text":"Default Inference","type":"RA","timestamp":"2023-11-09 14:22:45"},{"nodeID":"1358574","text":"Arguing","type":"YA","timestamp":"2023-11-09 14:22:45"},{"nodeID":"1358575","text":"Default Transition","type":"TA","timestamp":"2023-11-09 14:22:45"},{"nodeID":"1358576","text":"Default Inference","type":"RA","timestamp":"2023-11-09 14:22:45"},{"nodeID":"1358577","text":"Arguing","type":"YA","timestamp":"2023-11-09 14:22:45"},{"nodeID":"1358578","text":"Default Transition","type":"TA","timestamp":"2023-11-09 14:22:45"},{"nodeID":"1358579","text":"Default Transition","type":"TA","timestamp":"2023-11-09 14:22:45"},{"nodeID":"1358580","text":"Default Inference","type":"RA","timestamp":"2023-11-09 14:22:45"},{"nodeID":"1358581","text":"Arguing","type":"YA","timestamp":"2023-11-09 14:22:45"}],"edges":[{"edgeID":"1778400","fromID":"1358452","toID":"1358451","formEdgeID":null},{"edgeID":"1778401","fromID":"1358453","toID":"1358452","formEdgeID":null},{"edgeID":"1778402","fromID":"1358451","toID":"1358454","formEdgeID":null},{"edgeID":"1778403","fromID":"1358454","toID":"1358450","formEdgeID":null},{"edgeID":"1778404","fromID":"1358456","toID":"1358455","formEdgeID":null},{"edgeID":"1778405","fromID":"1358457","toID":"1358456","formEdgeID":null},{"edgeID":"1778406","fromID":"1358459","toID":"1358458","formEdgeID":null},{"edgeID":"1778407","fromID":"1358460","toID":"1358459","formEdgeID":null},{"edgeID":"1778408","fromID":"1358462","toID":"1358461","formEdgeID":null},{"edgeID":"1778409","fromID":"1358463","toID":"1358462","formEdgeID":null},{"edgeID":"1778410","fromID":"1358465","toID":"1358464","formEdgeID":null},{"edgeID":"1778411","fromID":"1358466","toID":"1358465","formEdgeID":null},{"edgeID":"1778412","fromID":"1358468","toID":"1358467","formEdgeID":null},{"edgeID":"1778413","fromID":"1358469","toID":"1358468","formEdgeID":null},{"edgeID":"1778414","fromID":"1358472","toID":"1358471","formEdgeID":null},{"edgeID":"1778415","fromID":"1358473","toID":"1358472","formEdgeID":null},{"edgeID":"1778416","fromID":"1358471","toID":"1358474","formEdgeID":null},{"edgeID":"1778417","fromID":"1358474","toID":"1358470","formEdgeID":null},{"edgeID":"1778418","fromID":"1358455","toID":"1358475","formEdgeID":null},{"edgeID":"1778419","fromID":"1358475","toID":"1358471","formEdgeID":null},{"edgeID":"1778420","fromID":"1358478","toID":"1358477","formEdgeID":null},{"edgeID":"1778421","fromID":"1358479","toID":"1358478","formEdgeID":null},{"edgeID":"1778422","fromID":"1358477","toID":"1358480","formEdgeID":null},{"edgeID":"1778423","fromID":"1358480","toID":"1358476","formEdgeID":null},{"edgeID":"1778424","fromID":"1358458","toID":"1358481","formEdgeID":null},{"edgeID":"1778425","fromID":"1358481","toID":"1358477","formEdgeID":null},{"edgeID":"1778426","fromID":"1358484","toID":"1358483","formEdgeID":null},{"edgeID":"1778427","fromID":"1358485","toID":"1358484","formEdgeID":null},{"edgeID":"1778428","fromID":"1358483","toID":"1358486","formEdgeID":null},{"edgeID":"1778429","fromID":"1358486","toID":"1358482","formEdgeID":null},{"edgeID":"1778430","fromID":"1358461","toID":"1358487","formEdgeID":null},{"edgeID":"1778431","fromID":"1358487","toID":"1358483","formEdgeID":null},{"edgeID":"1778432","fromID":"1358490","toID":"1358489","formEdgeID":null},{"edgeID":"1778433","fromID":"1358491","toID":"1358490","formEdgeID":null},{"edgeID":"1778434","fromID":"1358489","toID":"1358492","formEdgeID":null},{"edgeID":"1778435","fromID":"1358492","toID":"1358488","formEdgeID":null},{"edgeID":"1778436","fromID":"1358464","toID":"1358493","formEdgeID":null},{"edgeID":"1778437","fromID":"1358493","toID":"1358489","formEdgeID":null},{"edgeID":"1778438","fromID":"1358496","toID":"1358495","formEdgeID":null},{"edgeID":"1778439","fromID":"1358497","toID":"1358496","formEdgeID":null},{"edgeID":"1778440","fromID":"1358495","toID":"1358498","formEdgeID":null},{"edgeID":"1778441","fromID":"1358498","toID":"1358494","formEdgeID":null},{"edgeID":"1778442","fromID":"1358467","toID":"1358499","formEdgeID":null},{"edgeID":"1778443","fromID":"1358499","toID":"1358495","formEdgeID":null},{"edgeID":"1778444","fromID":"1358502","toID":"1358501","formEdgeID":null},{"edgeID":"1778445","fromID":"1358503","toID":"1358502","formEdgeID":null},{"edgeID":"1778446","fromID":"1358501","toID":"1358504","formEdgeID":null},{"edgeID":"1778447","fromID":"1358504","toID":"1358500","formEdgeID":null},{"edgeID":"1778448","fromID":"1358507","toID":"1358506","formEdgeID":null},{"edgeID":"1778449","fromID":"1358508","toID":"1358507","formEdgeID":null},{"edgeID":"1778450","fromID":"1358506","toID":"1358509","formEdgeID":null},{"edgeID":"1778451","fromID":"1358509","toID":"1358505","formEdgeID":null},{"edgeID":"1778452","fromID":"1358512","toID":"1358511","formEdgeID":null},{"edgeID":"1778453","fromID":"1358513","toID":"1358512","formEdgeID":null},{"edgeID":"1778454","fromID":"1358511","toID":"1358514","formEdgeID":null},{"edgeID":"1778455","fromID":"1358514","toID":"1358510","formEdgeID":null},{"edgeID":"1778456","fromID":"1358517","toID":"1358516","formEdgeID":null},{"edgeID":"1778457","fromID":"1358518","toID":"1358517","formEdgeID":null},{"edgeID":"1778458","fromID":"1358516","toID":"1358519","formEdgeID":null},{"edgeID":"1778459","fromID":"1358519","toID":"1358515","formEdgeID":null},{"edgeID":"1778460","fromID":"1358522","toID":"1358521","formEdgeID":null},{"edgeID":"1778461","fromID":"1358523","toID":"1358522","formEdgeID":null},{"edgeID":"1778462","fromID":"1358521","toID":"1358524","formEdgeID":null},{"edgeID":"1778463","fromID":"1358524","toID":"1358520","formEdgeID":null},{"edgeID":"1778464","fromID":"1358527","toID":"1358526","formEdgeID":null},{"edgeID":"1778465","fromID":"1358528","toID":"1358527","formEdgeID":null},{"edgeID":"1778466","fromID":"1358526","toID":"1358529","formEdgeID":null},{"edgeID":"1778467","fromID":"1358529","toID":"1358525","formEdgeID":null},{"edgeID":"1778468","fromID":"1358532","toID":"1358531","formEdgeID":null},{"edgeID":"1778469","fromID":"1358533","toID":"1358532","formEdgeID":null},{"edgeID":"1778470","fromID":"1358531","toID":"1358534","formEdgeID":null},{"edgeID":"1778471","fromID":"1358534","toID":"1358530","formEdgeID":null},{"edgeID":"1778472","fromID":"1358537","toID":"1358536","formEdgeID":null},{"edgeID":"1778473","fromID":"1358538","toID":"1358537","formEdgeID":null},{"edgeID":"1778474","fromID":"1358536","toID":"1358539","formEdgeID":null},{"edgeID":"1778475","fromID":"1358539","toID":"1358535","formEdgeID":null},{"edgeID":"1778476","fromID":"1358542","toID":"1358541","formEdgeID":null},{"edgeID":"1778477","fromID":"1358543","toID":"1358542","formEdgeID":null},{"edgeID":"1778478","fromID":"1358541","toID":"1358544","formEdgeID":null},{"edgeID":"1778479","fromID":"1358544","toID":"1358540","formEdgeID":null},{"edgeID":"1778480","fromID":"1358547","toID":"1358546","formEdgeID":null},{"edgeID":"1778481","fromID":"1358548","toID":"1358547","formEdgeID":null},{"edgeID":"1778482","fromID":"1358546","toID":"1358549","formEdgeID":null},{"edgeID":"1778483","fromID":"1358549","toID":"1358545","formEdgeID":null},{"edgeID":"1778484","fromID":"1358451","toID":"1358550","formEdgeID":null},{"edgeID":"1778485","fromID":"1358550","toID":"1358455","formEdgeID":null},{"edgeID":"1778486","fromID":"1358455","toID":"1358551","formEdgeID":null},{"edgeID":"1778487","fromID":"1358551","toID":"1358458","formEdgeID":null},{"edgeID":"1778488","fromID":"1358458","toID":"1358552","formEdgeID":null},{"edgeID":"1778489","fromID":"1358552","toID":"1358461","formEdgeID":null},{"edgeID":"1778490","fromID":"1358482","toID":"1358553","formEdgeID":null},{"edgeID":"1778491","fromID":"1358553","toID":"1358476","formEdgeID":null},{"edgeID":"1778492","fromID":"1358552","toID":"1358554","formEdgeID":null},{"edgeID":"1778493","fromID":"1358554","toID":"1358553","formEdgeID":null},{"edgeID":"1778494","fromID":"1358464","toID":"1358555","formEdgeID":null},{"edgeID":"1778495","fromID":"1358555","toID":"1358467","formEdgeID":null},{"edgeID":"1778496","fromID":"1358482","toID":"1358556","formEdgeID":null},{"edgeID":"1778497","fromID":"1358556","toID":"1358494","formEdgeID":null},{"edgeID":"1778498","fromID":"1358488","toID":"1358556","formEdgeID":null},{"edgeID":"1778499","fromID":"1358461","toID":"1358557","formEdgeID":null},{"edgeID":"1778500","fromID":"1358557","toID":"1358467","formEdgeID":null},{"edgeID":"1778501","fromID":"1358555","toID":"1358558","formEdgeID":null},{"edgeID":"1778502","fromID":"1358558","toID":"1358556","formEdgeID":null},{"edgeID":"1778503","fromID":"1358467","toID":"1358559","formEdgeID":null},{"edgeID":"1778504","fromID":"1358559","toID":"1358501","formEdgeID":null},{"edgeID":"1778505","fromID":"1358501","toID":"1358560","formEdgeID":null},{"edgeID":"1778506","fromID":"1358560","toID":"1358506","formEdgeID":null},{"edgeID":"1778507","fromID":"1358506","toID":"1358561","formEdgeID":null},{"edgeID":"1778508","fromID":"1358561","toID":"1358511","formEdgeID":null},{"edgeID":"1778509","fromID":"1358505","toID":"1358562","formEdgeID":null},{"edgeID":"1778510","fromID":"1358562","toID":"1358510","formEdgeID":null},{"edgeID":"1778511","fromID":"1358561","toID":"1358563","formEdgeID":null},{"edgeID":"1778512","fromID":"1358563","toID":"1358562","formEdgeID":null},{"edgeID":"1778513","fromID":"1358516","toID":"1358564","formEdgeID":null},{"edgeID":"1778514","fromID":"1358564","toID":"1358521","formEdgeID":null},{"edgeID":"1778515","fromID":"1358520","toID":"1358565","formEdgeID":null},{"edgeID":"1778516","fromID":"1358565","toID":"1358515","formEdgeID":null},{"edgeID":"1778517","fromID":"1358564","toID":"1358566","formEdgeID":null},{"edgeID":"1778518","fromID":"1358566","toID":"1358565","formEdgeID":null},{"edgeID":"1778519","fromID":"1358521","toID":"1358567","formEdgeID":null},{"edgeID":"1778520","fromID":"1358567","toID":"1358526","formEdgeID":null},{"edgeID":"1778521","fromID":"1358525","toID":"1358568","formEdgeID":null},{"edgeID":"1778522","fromID":"1358568","toID":"1358530","formEdgeID":null},{"edgeID":"1778523","fromID":"1358526","toID":"1358569","formEdgeID":null},{"edgeID":"1778524","fromID":"1358569","toID":"1358531","formEdgeID":null},{"edgeID":"1778525","fromID":"1358569","toID":"1358570","formEdgeID":null},{"edgeID":"1778526","fromID":"1358570","toID":"1358568","formEdgeID":null},{"edgeID":"1778527","fromID":"1358531","toID":"1358571","formEdgeID":null},{"edgeID":"1778528","fromID":"1358571","toID":"1358536","formEdgeID":null},{"edgeID":"1778529","fromID":"1358541","toID":"1358572","formEdgeID":null},{"edgeID":"1778530","fromID":"1358572","toID":"1358546","formEdgeID":null},{"edgeID":"1778531","fromID":"1358540","toID":"1358573","formEdgeID":null},{"edgeID":"1778532","fromID":"1358573","toID":"1358545","formEdgeID":null},{"edgeID":"1778533","fromID":"1358572","toID":"1358574","formEdgeID":null},{"edgeID":"1778534","fromID":"1358574","toID":"1358573","formEdgeID":null},{"edgeID":"1778535","fromID":"1358521","toID":"1358575","formEdgeID":null},{"edgeID":"1778536","fromID":"1358575","toID":"1358531","formEdgeID":null},{"edgeID":"1778537","fromID":"1358530","toID":"1358576","formEdgeID":null},{"edgeID":"1778538","fromID":"1358576","toID":"1358520","formEdgeID":null},{"edgeID":"1778539","fromID":"1358575","toID":"1358577","formEdgeID":null},{"edgeID":"1778540","fromID":"1358577","toID":"1358576","formEdgeID":null},{"edgeID":"1778541","fromID":"1358511","toID":"1358578","formEdgeID":null},{"edgeID":"1778542","fromID":"1358578","toID":"1358516","formEdgeID":null},{"edgeID":"1778543","fromID":"1358536","toID":"1358579","formEdgeID":null},{"edgeID":"1778544","fromID":"1358579","toID":"1358541","formEdgeID":null},{"edgeID":"1778545","fromID":"1358535","toID":"1358580","formEdgeID":null},{"edgeID":"1778546","fromID":"1358580","toID":"1358540","formEdgeID":null},{"edgeID":"1778547","fromID":"1358579","toID":"1358581","formEdgeID":null},{"edgeID":"1778548","fromID":"1358581","toID":"1358580","formEdgeID":null}],"locutions":[]}