{"nodes":[{"nodeID":"1358010","text":"many people have asked Rishi Sunak, to try and get him to say that the NHS is in crisis","type":"I","timestamp":"2023-11-09 14:21:47"},{"nodeID":"1358011","text":"Fiona Bruce: Many people have asked him, to try and get him to say it","type":"L","timestamp":"2023-11-09 14:21:47"},{"nodeID":"1358012","text":"Analysing","type":"YA","timestamp":"2023-11-09 14:21:47"},{"nodeID":"1358013","text":"Dominika: Fiona Bruce: Many people have asked him, to try and get him to say it","type":"L","timestamp":"2023-11-09 14:21:47"},{"nodeID":"1358014","text":"Asserting","type":"YA","timestamp":"2023-11-09 14:21:47"},{"nodeID":"1358015","text":"Rishi Sunak is not saying that the NHS is in crisis","type":"I","timestamp":"2023-11-09 14:21:47"},{"nodeID":"1358016","text":"Fiona Bruce: he's not saying it","type":"L","timestamp":"2023-11-09 14:21:47"},{"nodeID":"1358017","text":"Analysing","type":"YA","timestamp":"2023-11-09 14:21:47"},{"nodeID":"1358018","text":"Dominika: Fiona Bruce: he's not saying it","type":"L","timestamp":"2023-11-09 14:21:47"},{"nodeID":"1358019","text":"Asserting","type":"YA","timestamp":"2023-11-09 14:21:47"},{"nodeID":"1358020","text":"Default Transition","type":"TA","timestamp":"2023-11-09 14:21:47"},{"nodeID":"1358021","text":"Default Conflict","type":"CA","timestamp":"2023-11-09 14:21:47"},{"nodeID":"1358022","text":"Disagreeing","type":"YA","timestamp":"2023-11-09 14:21:47"},{"nodeID":"1358023","text":"Rishi Sunak does or does not say that the NHS is in crisis because he doesn't think it is","type":"I","timestamp":"2023-11-09 14:21:48"},{"nodeID":"1358024","text":"Fiona Bruce: Is that because he doesn't think it is","type":"L","timestamp":"2023-11-09 14:21:48"},{"nodeID":"1358025","text":"Analysing","type":"YA","timestamp":"2023-11-09 14:21:48"},{"nodeID":"1358026","text":"Dominika: Fiona Bruce: Is that because he doesn't think it is","type":"L","timestamp":"2023-11-09 14:21:48"},{"nodeID":"1358027","text":"Pure Questioning","type":"YA","timestamp":"2023-11-09 14:21:48"},{"nodeID":"1358028","text":"Default Transition","type":"TA","timestamp":"2023-11-09 14:21:48"},{"nodeID":"1358029","text":"Rishi Sunak recognises the situation with NHS is immensely serious","type":"I","timestamp":"2023-11-09 14:21:49"},{"nodeID":"1358030","text":"Alex Chalk: he recognises this is immensely serious","type":"L","timestamp":"2023-11-09 14:21:49"},{"nodeID":"1358031","text":"Analysing","type":"YA","timestamp":"2023-11-09 14:21:49"},{"nodeID":"1358032","text":"Dominika: Alex Chalk: he recognises this is immensely serious","type":"L","timestamp":"2023-11-09 14:21:49"},{"nodeID":"1358033","text":"Asserting","type":"YA","timestamp":"2023-11-09 14:21:49"},{"nodeID":"1358034","text":"Default Transition","type":"TA","timestamp":"2023-11-09 14:21:49"},{"nodeID":"1358035","text":"last weekend as you know Rishi Sunak was there meeting with the NHS","type":"I","timestamp":"2023-11-09 14:21:50"},{"nodeID":"1358036","text":"Alex Chalk: last weekend as you know he was there meeting with the NHS","type":"L","timestamp":"2023-11-09 14:21:50"},{"nodeID":"1358037","text":"Analysing","type":"YA","timestamp":"2023-11-09 14:21:50"},{"nodeID":"1358038","text":"Dominika: Alex Chalk: last weekend as you know he was there meeting with the NHS","type":"L","timestamp":"2023-11-09 14:21:50"},{"nodeID":"1358039","text":"Asserting","type":"YA","timestamp":"2023-11-09 14:21:50"},{"nodeID":"1358040","text":"the pressures are absolutely extraordinary","type":"I","timestamp":"2023-11-09 14:21:51"},{"nodeID":"1358041","text":"Alex Chalk: The pressures are absolutely extraordinary","type":"L","timestamp":"2023-11-09 14:21:51"},{"nodeID":"1358042","text":"Analysing","type":"YA","timestamp":"2023-11-09 14:21:51"},{"nodeID":"1358043","text":"Dominika: Alex Chalk: The pressures are absolutely extraordinary","type":"L","timestamp":"2023-11-09 14:21:51"},{"nodeID":"1358044","text":"Asserting","type":"YA","timestamp":"2023-11-09 14:21:51"},{"nodeID":"1358045","text":"Default Transition","type":"TA","timestamp":"2023-11-09 14:21:51"},{"nodeID":"1358046","text":"Alex Chalk thinks Rishi Sunak knows that the pressures are absolutely extraordinary","type":"I","timestamp":"2023-11-09 14:21:52"},{"nodeID":"1358047","text":"Alex Chalk: I think he know that","type":"L","timestamp":"2023-11-09 14:21:52"},{"nodeID":"1358048","text":"Analysing","type":"YA","timestamp":"2023-11-09 14:21:52"},{"nodeID":"1358049","text":"Dominika: Alex Chalk: I think he know that","type":"L","timestamp":"2023-11-09 14:21:52"},{"nodeID":"1358050","text":"Asserting","type":"YA","timestamp":"2023-11-09 14:21:52"},{"nodeID":"1358051","text":"Default Transition","type":"TA","timestamp":"2023-11-09 14:21:52"},{"nodeID":"1358052","text":"Default Rephrase","type":"MA","timestamp":"2023-11-09 14:21:52"},{"nodeID":"1358053","text":"Restating","type":"YA","timestamp":"2023-11-09 14:21:52"},{"nodeID":"1358054","text":"Rishi Sunak has been absolutely clear that he wants to get the waiting lists down","type":"I","timestamp":"2023-11-09 14:21:53"},{"nodeID":"1358055","text":"Alex Chalk: what he's been absolutely clear about as one of his targets, he wants to get the waiting lists down","type":"L","timestamp":"2023-11-09 14:21:53"},{"nodeID":"1358056","text":"Analysing","type":"YA","timestamp":"2023-11-09 14:21:53"},{"nodeID":"1358057","text":"Dominika: Alex Chalk: what he's been absolutely clear about as one of his targets, he wants to get the waiting lists down","type":"L","timestamp":"2023-11-09 14:21:53"},{"nodeID":"1358058","text":"Asserting","type":"YA","timestamp":"2023-11-09 14:21:53"},{"nodeID":"1358059","text":"Default Transition","type":"TA","timestamp":"2023-11-09 14:21:53"},{"nodeID":"1358060","text":"the waiting lists were at two years, not least","type":"I","timestamp":"2023-11-09 14:21:54"},{"nodeID":"1358061","text":"Alex Chalk: they were at two years, not least","type":"L","timestamp":"2023-11-09 14:21:54"},{"nodeID":"1358062","text":"Analysing","type":"YA","timestamp":"2023-11-09 14:21:54"},{"nodeID":"1358063","text":"Dominika: Alex Chalk: they were at two years, not least","type":"L","timestamp":"2023-11-09 14:21:54"},{"nodeID":"1358064","text":"Asserting","type":"YA","timestamp":"2023-11-09 14:21:54"},{"nodeID":"1358065","text":"Default Transition","type":"TA","timestamp":"2023-11-09 14:21:54"},{"nodeID":"1358066","text":"Default Inference","type":"RA","timestamp":"2023-11-09 14:21:54"},{"nodeID":"1358067","text":"Arguing","type":"YA","timestamp":"2023-11-09 14:21:54"},{"nodeID":"1358068","text":"there's been the backlog from COVID","type":"I","timestamp":"2023-11-09 14:21:54"},{"nodeID":"1358069","text":"Alex Chalk: because of the backlog from COVID","type":"L","timestamp":"2023-11-09 14:21:54"},{"nodeID":"1358070","text":"Analysing","type":"YA","timestamp":"2023-11-09 14:21:54"},{"nodeID":"1358071","text":"Dominika: Alex Chalk: because of the backlog from COVID","type":"L","timestamp":"2023-11-09 14:21:54"},{"nodeID":"1358072","text":"Asserting","type":"YA","timestamp":"2023-11-09 14:21:54"},{"nodeID":"1358073","text":"Default Transition","type":"TA","timestamp":"2023-11-09 14:21:54"},{"nodeID":"1358074","text":"Default Inference","type":"RA","timestamp":"2023-11-09 14:21:54"},{"nodeID":"1358075","text":"Arguing","type":"YA","timestamp":"2023-11-09 14:21:54"},{"nodeID":"1358076","text":"Rishi Sunak wants to get the waiting lists under two years, to eighteen months maximum by this spring","type":"I","timestamp":"2023-11-09 14:21:55"},{"nodeID":"1358077","text":"Alex Chalk: Get them under two years, to eighteen months maximum by this spring","type":"L","timestamp":"2023-11-09 14:21:55"},{"nodeID":"1358078","text":"Analysing","type":"YA","timestamp":"2023-11-09 14:21:55"},{"nodeID":"1358079","text":"Dominika: Alex Chalk: Get them under two years, to eighteen months maximum by this spring","type":"L","timestamp":"2023-11-09 14:21:55"},{"nodeID":"1358080","text":"Asserting","type":"YA","timestamp":"2023-11-09 14:21:55"},{"nodeID":"1358081","text":"then by next spring Rishi Sunak wants to get the waiting lists down to twelve months","type":"I","timestamp":"2023-11-09 14:21:56"},{"nodeID":"1358082","text":"Alex Chalk:  then by next spring down to twelve months","type":"L","timestamp":"2023-11-09 14:21:56"},{"nodeID":"1358083","text":"Analysing","type":"YA","timestamp":"2023-11-09 14:21:56"},{"nodeID":"1358084","text":"Dominika: Alex Chalk:  then by next spring down to twelve months","type":"L","timestamp":"2023-11-09 14:21:56"},{"nodeID":"1358085","text":"Asserting","type":"YA","timestamp":"2023-11-09 14:21:56"},{"nodeID":"1358086","text":"Default Transition","type":"TA","timestamp":"2023-11-09 14:21:56"},{"nodeID":"1358087","text":"Default Rephrase","type":"MA","timestamp":"2023-11-09 14:21:56"},{"nodeID":"1358088","text":"Restating","type":"YA","timestamp":"2023-11-09 14:21:56"},{"nodeID":"1358089","text":"Default Rephrase","type":"MA","timestamp":"2023-11-09 14:21:56"},{"nodeID":"1358090","text":"Default Transition","type":"TA","timestamp":"2023-11-09 14:21:56"},{"nodeID":"1358091","text":"Restating","type":"YA","timestamp":"2023-11-09 14:21:56"},{"nodeID":"1358092","text":"Default Rephrase","type":"MA","timestamp":"2023-11-09 14:21:56"},{"nodeID":"1358093","text":"Default Illocuting","type":"YA","timestamp":"2023-11-09 14:21:56"},{"nodeID":"1358094","text":"Rishi Sunak did his speech recently at the beginning of the year","type":"I","timestamp":"2023-11-09 14:21:57"},{"nodeID":"1358095","text":"Alex Chalk: he did his speech recently at the beginning of the yea","type":"L","timestamp":"2023-11-09 14:21:57"},{"nodeID":"1358096","text":"Analysing","type":"YA","timestamp":"2023-11-09 14:21:57"},{"nodeID":"1358097","text":"Dominika: Alex Chalk: he did his speech recently at the beginning of the yea","type":"L","timestamp":"2023-11-09 14:21:57"},{"nodeID":"1358098","text":"Asserting","type":"YA","timestamp":"2023-11-09 14:21:57"},{"nodeID":"1358099","text":"Default Transition","type":"TA","timestamp":"2023-11-09 14:21:57"},{"nodeID":"1358100","text":"getting down the waiting lists is one of Rishi Sunak's absolute priorities","type":"I","timestamp":"2023-11-09 14:21:58"},{"nodeID":"1358101","text":"Alex Chalk: he named getting down the waiting lists as one of his absolute priorities","type":"L","timestamp":"2023-11-09 14:21:58"},{"nodeID":"1358102","text":"Analysing","type":"YA","timestamp":"2023-11-09 14:21:58"},{"nodeID":"1358103","text":"Dominika: Alex Chalk: he named getting down the waiting lists as one of his absolute priorities","type":"L","timestamp":"2023-11-09 14:21:58"},{"nodeID":"1358104","text":"Default Transition","type":"TA","timestamp":"2023-11-09 14:21:58"},{"nodeID":"1358105","text":"Default Rephrase","type":"MA","timestamp":"2023-11-09 14:21:58"},{"nodeID":"1358106","text":"Rishi Sunak: he named getting down the waiting lists as one of his absolute priorities","type":"L","timestamp":"2023-11-09 14:21:58"},{"nodeID":"1358107","text":"Analysing","type":"YA","timestamp":"2023-11-09 14:21:58"},{"nodeID":"1358108","text":"Dominika: Rishi Sunak: he named getting down the waiting lists as one of his absolute priorities","type":"L","timestamp":"2023-11-09 14:21:58"},{"nodeID":"1358109","text":"Asserting","type":"YA","timestamp":"2023-11-09 14:21:58"},{"nodeID":"1358110","text":"Asserting","type":"YA","timestamp":"2023-11-09 14:21:58"},{"nodeID":"1358111","text":"Default Rephrase","type":"MA","timestamp":"2023-11-09 14:21:58"},{"nodeID":"1358112","text":"Default Transition","type":"TA","timestamp":"2023-11-09 14:21:58"},{"nodeID":"1358113","text":"Restating","type":"YA","timestamp":"2023-11-09 14:21:58"}],"edges":[{"edgeID":"1777871","fromID":"1358012","toID":"1358011","formEdgeID":null},{"edgeID":"1777872","fromID":"1358013","toID":"1358012","formEdgeID":null},{"edgeID":"1777873","fromID":"1358011","toID":"1358014","formEdgeID":null},{"edgeID":"1777874","fromID":"1358014","toID":"1358010","formEdgeID":null},{"edgeID":"1777875","fromID":"1358017","toID":"1358016","formEdgeID":null},{"edgeID":"1777876","fromID":"1358018","toID":"1358017","formEdgeID":null},{"edgeID":"1777877","fromID":"1358016","toID":"1358019","formEdgeID":null},{"edgeID":"1777878","fromID":"1358019","toID":"1358015","formEdgeID":null},{"edgeID":"1777879","fromID":"1358011","toID":"1358020","formEdgeID":null},{"edgeID":"1777880","fromID":"1358020","toID":"1358016","formEdgeID":null},{"edgeID":"1777881","fromID":"1358015","toID":"1358021","formEdgeID":null},{"edgeID":"1777882","fromID":"1358021","toID":"1358010","formEdgeID":null},{"edgeID":"1777883","fromID":"1358020","toID":"1358022","formEdgeID":null},{"edgeID":"1777884","fromID":"1358022","toID":"1358021","formEdgeID":null},{"edgeID":"1777885","fromID":"1358025","toID":"1358024","formEdgeID":null},{"edgeID":"1777886","fromID":"1358026","toID":"1358025","formEdgeID":null},{"edgeID":"1777887","fromID":"1358024","toID":"1358027","formEdgeID":null},{"edgeID":"1777888","fromID":"1358027","toID":"1358023","formEdgeID":null},{"edgeID":"1777889","fromID":"1358016","toID":"1358028","formEdgeID":null},{"edgeID":"1777890","fromID":"1358028","toID":"1358024","formEdgeID":null},{"edgeID":"1777891","fromID":"1358031","toID":"1358030","formEdgeID":null},{"edgeID":"1777892","fromID":"1358032","toID":"1358031","formEdgeID":null},{"edgeID":"1777893","fromID":"1358030","toID":"1358033","formEdgeID":null},{"edgeID":"1777894","fromID":"1358033","toID":"1358029","formEdgeID":null},{"edgeID":"1777895","fromID":"1358024","toID":"1358034","formEdgeID":null},{"edgeID":"1777896","fromID":"1358034","toID":"1358030","formEdgeID":null},{"edgeID":"1777897","fromID":"1358037","toID":"1358036","formEdgeID":null},{"edgeID":"1777898","fromID":"1358038","toID":"1358037","formEdgeID":null},{"edgeID":"1777899","fromID":"1358036","toID":"1358039","formEdgeID":null},{"edgeID":"1777900","fromID":"1358039","toID":"1358035","formEdgeID":null},{"edgeID":"1777901","fromID":"1358042","toID":"1358041","formEdgeID":null},{"edgeID":"1777902","fromID":"1358043","toID":"1358042","formEdgeID":null},{"edgeID":"1777903","fromID":"1358041","toID":"1358044","formEdgeID":null},{"edgeID":"1777904","fromID":"1358044","toID":"1358040","formEdgeID":null},{"edgeID":"1777905","fromID":"1358036","toID":"1358045","formEdgeID":null},{"edgeID":"1777906","fromID":"1358045","toID":"1358041","formEdgeID":null},{"edgeID":"1777907","fromID":"1358048","toID":"1358047","formEdgeID":null},{"edgeID":"1777908","fromID":"1358049","toID":"1358048","formEdgeID":null},{"edgeID":"1777909","fromID":"1358047","toID":"1358050","formEdgeID":null},{"edgeID":"1777910","fromID":"1358050","toID":"1358046","formEdgeID":null},{"edgeID":"1777911","fromID":"1358041","toID":"1358051","formEdgeID":null},{"edgeID":"1777912","fromID":"1358051","toID":"1358047","formEdgeID":null},{"edgeID":"1777913","fromID":"1358046","toID":"1358052","formEdgeID":null},{"edgeID":"1777914","fromID":"1358052","toID":"1358040","formEdgeID":null},{"edgeID":"1777915","fromID":"1358051","toID":"1358053","formEdgeID":null},{"edgeID":"1777916","fromID":"1358053","toID":"1358052","formEdgeID":null},{"edgeID":"1777917","fromID":"1358056","toID":"1358055","formEdgeID":null},{"edgeID":"1777918","fromID":"1358057","toID":"1358056","formEdgeID":null},{"edgeID":"1777919","fromID":"1358055","toID":"1358058","formEdgeID":null},{"edgeID":"1777920","fromID":"1358058","toID":"1358054","formEdgeID":null},{"edgeID":"1777921","fromID":"1358047","toID":"1358059","formEdgeID":null},{"edgeID":"1777922","fromID":"1358059","toID":"1358055","formEdgeID":null},{"edgeID":"1777923","fromID":"1358062","toID":"1358061","formEdgeID":null},{"edgeID":"1777924","fromID":"1358063","toID":"1358062","formEdgeID":null},{"edgeID":"1777925","fromID":"1358061","toID":"1358064","formEdgeID":null},{"edgeID":"1777926","fromID":"1358064","toID":"1358060","formEdgeID":null},{"edgeID":"1777927","fromID":"1358055","toID":"1358065","formEdgeID":null},{"edgeID":"1777928","fromID":"1358065","toID":"1358061","formEdgeID":null},{"edgeID":"1777929","fromID":"1358060","toID":"1358066","formEdgeID":null},{"edgeID":"1777930","fromID":"1358066","toID":"1358054","formEdgeID":null},{"edgeID":"1777931","fromID":"1358065","toID":"1358067","formEdgeID":null},{"edgeID":"1777932","fromID":"1358067","toID":"1358066","formEdgeID":null},{"edgeID":"1777933","fromID":"1358070","toID":"1358069","formEdgeID":null},{"edgeID":"1777934","fromID":"1358071","toID":"1358070","formEdgeID":null},{"edgeID":"1777935","fromID":"1358069","toID":"1358072","formEdgeID":null},{"edgeID":"1777936","fromID":"1358072","toID":"1358068","formEdgeID":null},{"edgeID":"1777937","fromID":"1358061","toID":"1358073","formEdgeID":null},{"edgeID":"1777938","fromID":"1358073","toID":"1358069","formEdgeID":null},{"edgeID":"1777939","fromID":"1358068","toID":"1358074","formEdgeID":null},{"edgeID":"1777940","fromID":"1358074","toID":"1358060","formEdgeID":null},{"edgeID":"1777941","fromID":"1358073","toID":"1358075","formEdgeID":null},{"edgeID":"1777942","fromID":"1358075","toID":"1358074","formEdgeID":null},{"edgeID":"1777943","fromID":"1358078","toID":"1358077","formEdgeID":null},{"edgeID":"1777944","fromID":"1358079","toID":"1358078","formEdgeID":null},{"edgeID":"1777945","fromID":"1358077","toID":"1358080","formEdgeID":null},{"edgeID":"1777946","fromID":"1358080","toID":"1358076","formEdgeID":null},{"edgeID":"1777947","fromID":"1358083","toID":"1358082","formEdgeID":null},{"edgeID":"1777948","fromID":"1358084","toID":"1358083","formEdgeID":null},{"edgeID":"1777949","fromID":"1358082","toID":"1358085","formEdgeID":null},{"edgeID":"1777950","fromID":"1358085","toID":"1358081","formEdgeID":null},{"edgeID":"1777951","fromID":"1358077","toID":"1358086","formEdgeID":null},{"edgeID":"1777952","fromID":"1358086","toID":"1358082","formEdgeID":null},{"edgeID":"1777953","fromID":"1358081","toID":"1358087","formEdgeID":null},{"edgeID":"1777954","fromID":"1358087","toID":"1358076","formEdgeID":null},{"edgeID":"1777955","fromID":"1358086","toID":"1358088","formEdgeID":null},{"edgeID":"1777956","fromID":"1358088","toID":"1358087","formEdgeID":null},{"edgeID":"1777957","fromID":"1358076","toID":"1358089","formEdgeID":null},{"edgeID":"1777958","fromID":"1358089","toID":"1358054","formEdgeID":null},{"edgeID":"1777959","fromID":"1358055","toID":"1358090","formEdgeID":null},{"edgeID":"1777960","fromID":"1358090","toID":"1358077","formEdgeID":null},{"edgeID":"1777961","fromID":"1358090","toID":"1358091","formEdgeID":null},{"edgeID":"1777962","fromID":"1358091","toID":"1358089","formEdgeID":null},{"edgeID":"1777963","fromID":"1358029","toID":"1358092","formEdgeID":null},{"edgeID":"1777964","fromID":"1358092","toID":"1358023","formEdgeID":null},{"edgeID":"1777965","fromID":"1358034","toID":"1358093","formEdgeID":null},{"edgeID":"1777966","fromID":"1358093","toID":"1358092","formEdgeID":null},{"edgeID":"1777967","fromID":"1358096","toID":"1358095","formEdgeID":null},{"edgeID":"1777968","fromID":"1358097","toID":"1358096","formEdgeID":null},{"edgeID":"1777969","fromID":"1358095","toID":"1358098","formEdgeID":null},{"edgeID":"1777970","fromID":"1358098","toID":"1358094","formEdgeID":null},{"edgeID":"1777971","fromID":"1358030","toID":"1358099","formEdgeID":null},{"edgeID":"1777972","fromID":"1358099","toID":"1358095","formEdgeID":null},{"edgeID":"1777973","fromID":"1358102","toID":"1358101","formEdgeID":null},{"edgeID":"1777974","fromID":"1358103","toID":"1358102","formEdgeID":null},{"edgeID":"1777975","fromID":"1358101","toID":"1358104","formEdgeID":null},{"edgeID":"1777976","fromID":"1358104","toID":"1358036","formEdgeID":null},{"edgeID":"1777977","fromID":"1358094","toID":"1358105","formEdgeID":null},{"edgeID":"1777978","fromID":"1358105","toID":"1358029","formEdgeID":null},{"edgeID":"1777979","fromID":"1358107","toID":"1358106","formEdgeID":null},{"edgeID":"1777980","fromID":"1358108","toID":"1358107","formEdgeID":null},{"edgeID":"1777981","fromID":"1358106","toID":"1358109","formEdgeID":null},{"edgeID":"1777982","fromID":"1358109","toID":"1358100","formEdgeID":null},{"edgeID":"1777983","fromID":"1358101","toID":"1358110","formEdgeID":null},{"edgeID":"1777984","fromID":"1358110","toID":"1358106","formEdgeID":null},{"edgeID":"1777985","fromID":"1358100","toID":"1358111","formEdgeID":null},{"edgeID":"1777986","fromID":"1358111","toID":"1358029","formEdgeID":null},{"edgeID":"1777987","fromID":"1358030","toID":"1358112","formEdgeID":null},{"edgeID":"1777988","fromID":"1358112","toID":"1358101","formEdgeID":null},{"edgeID":"1777989","fromID":"1358112","toID":"1358113","formEdgeID":null},{"edgeID":"1777990","fromID":"1358113","toID":"1358111","formEdgeID":null}],"locutions":[]}