{"nodes":[{"nodeID":"1363031","text":"Anna Soubry is with Bridget Phillipson","type":"I","timestamp":"2023-11-09 14:29:31"},{"nodeID":"1363032","text":"Anna Soubry: I'm with Bridget","type":"L","timestamp":"2023-11-09 14:29:31"},{"nodeID":"1363033","text":"Analysing","type":"YA","timestamp":"2023-11-09 14:29:31"},{"nodeID":"1363034","text":"Anon: Anna Soubry: I'm with Bridget","type":"L","timestamp":"2023-11-09 14:29:31"},{"nodeID":"1363035","text":"Asserting","type":"YA","timestamp":"2023-11-09 14:29:31"},{"nodeID":"1363036","text":"imposing strike agreements is a complete distraction","type":"I","timestamp":"2023-11-09 14:29:31"},{"nodeID":"1363037","text":"Anna Soubry: this is a complete distraction","type":"L","timestamp":"2023-11-09 14:29:31"},{"nodeID":"1363038","text":"Analysing","type":"YA","timestamp":"2023-11-09 14:29:31"},{"nodeID":"1363039","text":"Anon: Anna Soubry: this is a complete distraction","type":"L","timestamp":"2023-11-09 14:29:31"},{"nodeID":"1363040","text":"Asserting","type":"YA","timestamp":"2023-11-09 14:29:31"},{"nodeID":"1363041","text":"we have a Government that is absolutely incapable of settling these strikes, which it does have a role in, and sorting it out","type":"I","timestamp":"2023-11-09 14:29:32"},{"nodeID":"1363042","text":"Anna Soubry: The question that really we should all be debating is why we have a Government that is absolutely incapable of settling these strikes, which it does have a role in, and sorting it out","type":"L","timestamp":"2023-11-09 14:29:32"},{"nodeID":"1363043","text":"Analysing","type":"YA","timestamp":"2023-11-09 14:29:32"},{"nodeID":"1363044","text":"Anon: Anna Soubry: The question that really we should all be debating is why we have a Government that is absolutely incapable of settling these strikes, which it does have a role in, and sorting it out","type":"L","timestamp":"2023-11-09 14:29:32"},{"nodeID":"1363045","text":"Rhetorical Questioning","type":"YA","timestamp":"2023-11-09 14:29:32"},{"nodeID":"1363046","text":"Default Transition","type":"TA","timestamp":"2023-11-09 14:29:32"},{"nodeID":"1363047","text":"Default Transition","type":"TA","timestamp":"2023-11-09 14:29:32"},{"nodeID":"1363048","text":"we feel like we're being governed by teenagers","type":"I","timestamp":"2023-11-09 14:29:33"},{"nodeID":"1363049","text":"Anna Soubry: we feel like we're being governed by teenagers","type":"L","timestamp":"2023-11-09 14:29:33"},{"nodeID":"1363050","text":"Analysing","type":"YA","timestamp":"2023-11-09 14:29:33"},{"nodeID":"1363051","text":"Anon: Anna Soubry: we feel like we're being governed by teenagers","type":"L","timestamp":"2023-11-09 14:29:33"},{"nodeID":"1363052","text":"Asserting","type":"YA","timestamp":"2023-11-09 14:29:33"},{"nodeID":"1363053","text":"it's about time we had the grownups back in charge","type":"I","timestamp":"2023-11-09 14:29:33"},{"nodeID":"1363054","text":"Anna Soubry: it's about time we had the grownups back in charge","type":"L","timestamp":"2023-11-09 14:29:33"},{"nodeID":"1363055","text":"Analysing","type":"YA","timestamp":"2023-11-09 14:29:33"},{"nodeID":"1363056","text":"Anon: Anna Soubry: it's about time we had the grownups back in charge","type":"L","timestamp":"2023-11-09 14:29:33"},{"nodeID":"1363057","text":"Asserting","type":"YA","timestamp":"2023-11-09 14:29:33"},{"nodeID":"1363058","text":"Default Inference","type":"RA","timestamp":"2023-11-09 14:29:33"},{"nodeID":"1363059","text":"Default Transition","type":"TA","timestamp":"2023-11-09 14:29:33"},{"nodeID":"1363060","text":"Arguing","type":"YA","timestamp":"2023-11-09 14:29:33"},{"nodeID":"1363061","text":"it's hard to believe Anna Soubry was ever a Conservative when listening to her","type":"I","timestamp":"2023-11-09 14:29:34"},{"nodeID":"1363062","text":"Fiona Bruce: it's hard to believe you ever were a Conservative listening to you","type":"L","timestamp":"2023-11-09 14:29:34"},{"nodeID":"1363063","text":"Analysing","type":"YA","timestamp":"2023-11-09 14:29:34"},{"nodeID":"1363064","text":"Anon: Fiona Bruce: it's hard to believe you ever were a Conservative listening to you","type":"L","timestamp":"2023-11-09 14:29:34"},{"nodeID":"1363065","text":"Asserting","type":"YA","timestamp":"2023-11-09 14:29:34"},{"nodeID":"1363066","text":"Default Transition","type":"TA","timestamp":"2023-11-09 14:29:34"},{"nodeID":"1363067","text":"the Conservative Party is barely the Conservative Party that Anna Soubry joined all those years ago","type":"I","timestamp":"2023-11-09 14:29:35"},{"nodeID":"1363068","text":"Anna Soubry: the Conservative Party is barely the Conservative Party that I joined all those years ago","type":"L","timestamp":"2023-11-09 14:29:35"},{"nodeID":"1363069","text":"Analysing","type":"YA","timestamp":"2023-11-09 14:29:35"},{"nodeID":"1363070","text":"Anon: Anna Soubry: the Conservative Party is barely the Conservative Party that I joined all those years ago","type":"L","timestamp":"2023-11-09 14:29:35"},{"nodeID":"1363071","text":"Asserting","type":"YA","timestamp":"2023-11-09 14:29:35"},{"nodeID":"1363072","text":"Default Inference","type":"RA","timestamp":"2023-11-09 14:29:35"},{"nodeID":"1363073","text":"Default Transition","type":"TA","timestamp":"2023-11-09 14:29:35"},{"nodeID":"1363074","text":"Arguing","type":"YA","timestamp":"2023-11-09 14:29:35"},{"nodeID":"1363075","text":"with the exception of Alex Chalk, the Conservative Party has been hijacked","type":"I","timestamp":"2023-11-09 14:29:35"},{"nodeID":"1363076","text":"Anna Soubry: with the exception of Alex, it has been hijacked","type":"L","timestamp":"2023-11-09 14:29:35"},{"nodeID":"1363077","text":"Analysing","type":"YA","timestamp":"2023-11-09 14:29:35"},{"nodeID":"1363078","text":"Anon: Anna Soubry: with the exception of Alex, it has been hijacked","type":"L","timestamp":"2023-11-09 14:29:35"},{"nodeID":"1363079","text":"Asserting","type":"YA","timestamp":"2023-11-09 14:29:35"},{"nodeID":"1363080","text":"the Conservative Party is now the Brexit Party","type":"I","timestamp":"2023-11-09 14:29:36"},{"nodeID":"1363081","text":"Anna Soubry: it's now the Brexit Party","type":"L","timestamp":"2023-11-09 14:29:36"},{"nodeID":"1363082","text":"Analysing","type":"YA","timestamp":"2023-11-09 14:29:36"},{"nodeID":"1363083","text":"Anon: Anna Soubry: it's now the Brexit Party","type":"L","timestamp":"2023-11-09 14:29:36"},{"nodeID":"1363084","text":"Asserting","type":"YA","timestamp":"2023-11-09 14:29:36"},{"nodeID":"1363085","text":"the Conservative Party has been hijacked by people who are ideologically driven on the right","type":"I","timestamp":"2023-11-09 14:29:37"},{"nodeID":"1363086","text":"Anna Soubry: it's been hijacked by people who are ideologically driven on the right","type":"L","timestamp":"2023-11-09 14:29:37"},{"nodeID":"1363087","text":"Analysing","type":"YA","timestamp":"2023-11-09 14:29:37"},{"nodeID":"1363088","text":"Anon: Anna Soubry: it's been hijacked by people who are ideologically driven on the right","type":"L","timestamp":"2023-11-09 14:29:37"},{"nodeID":"1363089","text":"Asserting","type":"YA","timestamp":"2023-11-09 14:29:37"},{"nodeID":"1363090","text":"the Conservative Party has moved away from the centre ground","type":"I","timestamp":"2023-11-09 14:29:37"},{"nodeID":"1363091","text":"Anna Soubry: it's moved away from the centre ground","type":"L","timestamp":"2023-11-09 14:29:37"},{"nodeID":"1363092","text":"Analysing","type":"YA","timestamp":"2023-11-09 14:29:37"},{"nodeID":"1363093","text":"Anon: Anna Soubry: it's moved away from the centre ground","type":"L","timestamp":"2023-11-09 14:29:37"},{"nodeID":"1363094","text":"Asserting","type":"YA","timestamp":"2023-11-09 14:29:37"},{"nodeID":"1363095","text":"Default Rephrase","type":"MA","timestamp":"2023-11-09 14:29:37"},{"nodeID":"1363096","text":"Default Transition","type":"TA","timestamp":"2023-11-09 14:29:37"},{"nodeID":"1363097","text":"Default Transition","type":"TA","timestamp":"2023-11-09 14:29:37"},{"nodeID":"1363098","text":"Restating","type":"YA","timestamp":"2023-11-09 14:29:37"},{"nodeID":"1363099","text":"Default Transition","type":"TA","timestamp":"2023-11-09 14:29:37"},{"nodeID":"1363100","text":"Default Inference","type":"RA","timestamp":"2023-11-09 14:29:37"},{"nodeID":"1363101","text":"Default Transition","type":"TA","timestamp":"2023-11-09 14:29:37"},{"nodeID":"1363102","text":"Arguing","type":"YA","timestamp":"2023-11-09 14:29:37"},{"nodeID":"1363103","text":"the Conservative Party doesn't deserve to be in Government come the next general election","type":"I","timestamp":"2023-11-09 14:29:38"},{"nodeID":"1363104","text":"Anna Soubry: it doesn't deserve to be in Government come the next general election","type":"L","timestamp":"2023-11-09 14:29:38"},{"nodeID":"1363105","text":"Analysing","type":"YA","timestamp":"2023-11-09 14:29:38"},{"nodeID":"1363106","text":"Anon: Anna Soubry: it doesn't deserve to be in Government come the next general election","type":"L","timestamp":"2023-11-09 14:29:38"},{"nodeID":"1363107","text":"Asserting","type":"YA","timestamp":"2023-11-09 14:29:38"},{"nodeID":"1363108","text":"Default Inference","type":"RA","timestamp":"2023-11-09 14:29:38"},{"nodeID":"1363109","text":"Default Transition","type":"TA","timestamp":"2023-11-09 14:29:38"},{"nodeID":"1363110","text":"Arguing","type":"YA","timestamp":"2023-11-09 14:29:38"},{"nodeID":"1363111","text":"the Conservative Party needs to be in opposition","type":"I","timestamp":"2023-11-09 14:29:38"},{"nodeID":"1363112","text":"Anna Soubry: It needs to be in opposition","type":"L","timestamp":"2023-11-09 14:29:38"},{"nodeID":"1363113","text":"Analysing","type":"YA","timestamp":"2023-11-09 14:29:38"},{"nodeID":"1363114","text":"Anon: Anna Soubry: It needs to be in opposition","type":"L","timestamp":"2023-11-09 14:29:38"},{"nodeID":"1363115","text":"Asserting","type":"YA","timestamp":"2023-11-09 14:29:38"},{"nodeID":"1363116","text":"the Conservative Party needs to regroup","type":"I","timestamp":"2023-11-09 14:29:39"},{"nodeID":"1363117","text":"Anna Soubry:  it needs to regroup","type":"L","timestamp":"2023-11-09 14:29:39"},{"nodeID":"1363118","text":"Analysing","type":"YA","timestamp":"2023-11-09 14:29:39"},{"nodeID":"1363119","text":"Anon: Anna Soubry:  it needs to regroup","type":"L","timestamp":"2023-11-09 14:29:39"},{"nodeID":"1363120","text":"Asserting","type":"YA","timestamp":"2023-11-09 14:29:39"},{"nodeID":"1363121","text":"the Conservative Party needs go back to what it used to be","type":"I","timestamp":"2023-11-09 14:29:40"},{"nodeID":"1363122","text":"Anna Soubry: go back to what it used to be","type":"L","timestamp":"2023-11-09 14:29:40"},{"nodeID":"1363123","text":"Analysing","type":"YA","timestamp":"2023-11-09 14:29:40"},{"nodeID":"1363124","text":"Anon: Anna Soubry: go back to what it used to be","type":"L","timestamp":"2023-11-09 14:29:40"},{"nodeID":"1363125","text":"Asserting","type":"YA","timestamp":"2023-11-09 14:29:40"},{"nodeID":"1363126","text":"the Conservative Party was a centrist right party","type":"I","timestamp":"2023-11-09 14:29:40"},{"nodeID":"1363127","text":"Anna Soubry: which was a centrist right party","type":"L","timestamp":"2023-11-09 14:29:40"},{"nodeID":"1363128","text":"Analysing","type":"YA","timestamp":"2023-11-09 14:29:40"},{"nodeID":"1363129","text":"Anon: Anna Soubry: which was a centrist right party","type":"L","timestamp":"2023-11-09 14:29:40"},{"nodeID":"1363130","text":"Asserting","type":"YA","timestamp":"2023-11-09 14:29:40"},{"nodeID":"1363131","text":"Default Inference","type":"RA","timestamp":"2023-11-09 14:29:40"},{"nodeID":"1363132","text":"Default Transition","type":"TA","timestamp":"2023-11-09 14:29:40"},{"nodeID":"1363133","text":"Arguing","type":"YA","timestamp":"2023-11-09 14:29:40"},{"nodeID":"1363134","text":"Default Transition","type":"TA","timestamp":"2023-11-09 14:29:40"},{"nodeID":"1363135","text":"Default Transition","type":"TA","timestamp":"2023-11-09 14:29:40"},{"nodeID":"1363136","text":"Default Rephrase","type":"MA","timestamp":"2023-11-09 14:29:40"},{"nodeID":"1363137","text":"Restating","type":"YA","timestamp":"2023-11-09 14:29:40"},{"nodeID":"1363138","text":"Default Transition","type":"TA","timestamp":"2023-11-09 14:29:40"},{"nodeID":"1363139","text":"Default Transition","type":"TA","timestamp":"2023-11-09 14:29:40"},{"nodeID":"1363140","text":"Default Rephrase","type":"MA","timestamp":"2023-11-09 14:29:40"},{"nodeID":"1363141","text":"Default Rephrase","type":"MA","timestamp":"2023-11-09 14:29:40"},{"nodeID":"1363142","text":"Restating","type":"YA","timestamp":"2023-11-09 14:29:40"},{"nodeID":"1363143","text":"Restating","type":"YA","timestamp":"2023-11-09 14:29:40"},{"nodeID":"1363144","text":"the Conservative Party was a party that you could trust with the economy","type":"I","timestamp":"2023-11-09 14:29:41"},{"nodeID":"1363145","text":"Anna Soubry: was a party that you could trust with the economy","type":"L","timestamp":"2023-11-09 14:29:41"},{"nodeID":"1363146","text":"Analysing","type":"YA","timestamp":"2023-11-09 14:29:41"},{"nodeID":"1363147","text":"Anon: Anna Soubry: was a party that you could trust with the economy","type":"L","timestamp":"2023-11-09 14:29:41"},{"nodeID":"1363148","text":"Asserting","type":"YA","timestamp":"2023-11-09 14:29:41"},{"nodeID":"1363149","text":"the Conservative Party was competent, honest and decent","type":"I","timestamp":"2023-11-09 14:29:42"},{"nodeID":"1363150","text":"Anna Soubry: which was competent, honest and decent","type":"L","timestamp":"2023-11-09 14:29:42"},{"nodeID":"1363151","text":"Analysing","type":"YA","timestamp":"2023-11-09 14:29:42"},{"nodeID":"1363152","text":"Anon: Anna Soubry: which was competent, honest and decent","type":"L","timestamp":"2023-11-09 14:29:42"},{"nodeID":"1363153","text":"Asserting","type":"YA","timestamp":"2023-11-09 14:29:42"},{"nodeID":"1363154","text":"Default Rephrase","type":"MA","timestamp":"2023-11-09 14:29:42"},{"nodeID":"1363155","text":"Default Rephrase","type":"MA","timestamp":"2023-11-09 14:29:42"},{"nodeID":"1363156","text":"Default Transition","type":"TA","timestamp":"2023-11-09 14:29:42"},{"nodeID":"1363157","text":"Default Transition","type":"TA","timestamp":"2023-11-09 14:29:42"},{"nodeID":"1363158","text":"Restating","type":"YA","timestamp":"2023-11-09 14:29:42"},{"nodeID":"1363159","text":"Restating","type":"YA","timestamp":"2023-11-09 14:29:42"},{"nodeID":"1363160","text":"the Conservative Party is no longer centrist, or trustworthy when it comes to the economy or competent, honest and decent","type":"I","timestamp":"2023-11-09 14:29:42"},{"nodeID":"1363161","text":"Anna Soubry:  we don't have those things in the Conservative Party anymore","type":"L","timestamp":"2023-11-09 14:29:42"},{"nodeID":"1363162","text":"Analysing","type":"YA","timestamp":"2023-11-09 14:29:42"},{"nodeID":"1363163","text":"Anon: Anna Soubry:  we don't have those things in the Conservative Party anymore","type":"L","timestamp":"2023-11-09 14:29:42"},{"nodeID":"1363164","text":"Asserting","type":"YA","timestamp":"2023-11-09 14:29:42"},{"nodeID":"1363165","text":"Default Transition","type":"TA","timestamp":"2023-11-09 14:29:42"},{"nodeID":"1363166","text":"we've got largely a bunch of incompetence","type":"I","timestamp":"2023-11-09 14:29:43"},{"nodeID":"1363167","text":"Anna Soubry: we've got largely a bunch of incompetence","type":"L","timestamp":"2023-11-09 14:29:43"},{"nodeID":"1363168","text":"Analysing","type":"YA","timestamp":"2023-11-09 14:29:43"},{"nodeID":"1363169","text":"Anon: Anna Soubry: we've got largely, Alex is probably one of the few exceptions, a bunch of incompetence","type":"L","timestamp":"2023-11-09 14:29:43"},{"nodeID":"1363170","text":"Asserting","type":"YA","timestamp":"2023-11-09 14:29:43"},{"nodeID":"1363171","text":"Alex Chulk is probably one of the few exceptions to incompetence","type":"I","timestamp":"2023-11-09 14:29:44"},{"nodeID":"1363172","text":"Anna Soubry: Alex is probably one of the few exceptions","type":"L","timestamp":"2023-11-09 14:29:44"},{"nodeID":"1363173","text":"Analysing","type":"YA","timestamp":"2023-11-09 14:29:44"},{"nodeID":"1363174","text":"Anon: Anna Soubry: Alex is probably one of the few exceptions","type":"L","timestamp":"2023-11-09 14:29:44"},{"nodeID":"1363175","text":"Asserting","type":"YA","timestamp":"2023-11-09 14:29:44"},{"nodeID":"1363176","text":"Default Rephrase","type":"MA","timestamp":"2023-11-09 14:29:44"},{"nodeID":"1363177","text":"Default Inference","type":"RA","timestamp":"2023-11-09 14:29:44"},{"nodeID":"1363178","text":"Default Transition","type":"TA","timestamp":"2023-11-09 14:29:44"},{"nodeID":"1363179","text":"Default Transition","type":"TA","timestamp":"2023-11-09 14:29:44"},{"nodeID":"1363180","text":"Default Transition","type":"TA","timestamp":"2023-11-09 14:29:44"},{"nodeID":"1363181","text":"Arguing","type":"YA","timestamp":"2023-11-09 14:29:44"},{"nodeID":"1363182","text":"Restating","type":"YA","timestamp":"2023-11-09 14:29:44"},{"nodeID":"1363183","text":"Default Inference","type":"RA","timestamp":"2023-11-09 14:29:44"},{"nodeID":"1363184","text":"Arguing","type":"YA","timestamp":"2023-11-09 14:29:44"},{"nodeID":"1363185","text":"Default Inference","type":"RA","timestamp":"2023-11-09 14:29:44"},{"nodeID":"1363186","text":"Arguing","type":"YA","timestamp":"2023-11-09 14:29:44"},{"nodeID":"1363187","text":"Default Rephrase","type":"MA","timestamp":"2023-11-09 14:29:44"},{"nodeID":"1363188","text":"Restating","type":"YA","timestamp":"2023-11-09 14:29:44"}],"edges":[{"edgeID":"1783875","fromID":"1363033","toID":"1363032","formEdgeID":null},{"edgeID":"1783876","fromID":"1363034","toID":"1363033","formEdgeID":null},{"edgeID":"1783877","fromID":"1363032","toID":"1363035","formEdgeID":null},{"edgeID":"1783878","fromID":"1363035","toID":"1363031","formEdgeID":null},{"edgeID":"1783879","fromID":"1363038","toID":"1363037","formEdgeID":null},{"edgeID":"1783880","fromID":"1363039","toID":"1363038","formEdgeID":null},{"edgeID":"1783881","fromID":"1363037","toID":"1363040","formEdgeID":null},{"edgeID":"1783882","fromID":"1363040","toID":"1363036","formEdgeID":null},{"edgeID":"1783883","fromID":"1363043","toID":"1363042","formEdgeID":null},{"edgeID":"1783884","fromID":"1363044","toID":"1363043","formEdgeID":null},{"edgeID":"1783885","fromID":"1363042","toID":"1363045","formEdgeID":null},{"edgeID":"1783886","fromID":"1363045","toID":"1363041","formEdgeID":null},{"edgeID":"1783887","fromID":"1363032","toID":"1363046","formEdgeID":null},{"edgeID":"1783888","fromID":"1363046","toID":"1363037","formEdgeID":null},{"edgeID":"1783889","fromID":"1363037","toID":"1363047","formEdgeID":null},{"edgeID":"1783890","fromID":"1363047","toID":"1363042","formEdgeID":null},{"edgeID":"1783891","fromID":"1363050","toID":"1363049","formEdgeID":null},{"edgeID":"1783892","fromID":"1363051","toID":"1363050","formEdgeID":null},{"edgeID":"1783893","fromID":"1363049","toID":"1363052","formEdgeID":null},{"edgeID":"1783894","fromID":"1363052","toID":"1363048","formEdgeID":null},{"edgeID":"1783895","fromID":"1363055","toID":"1363054","formEdgeID":null},{"edgeID":"1783896","fromID":"1363056","toID":"1363055","formEdgeID":null},{"edgeID":"1783897","fromID":"1363054","toID":"1363057","formEdgeID":null},{"edgeID":"1783898","fromID":"1363057","toID":"1363053","formEdgeID":null},{"edgeID":"1783899","fromID":"1363048","toID":"1363058","formEdgeID":null},{"edgeID":"1783900","fromID":"1363058","toID":"1363053","formEdgeID":null},{"edgeID":"1783901","fromID":"1363049","toID":"1363059","formEdgeID":null},{"edgeID":"1783902","fromID":"1363059","toID":"1363054","formEdgeID":null},{"edgeID":"1783903","fromID":"1363059","toID":"1363060","formEdgeID":null},{"edgeID":"1783904","fromID":"1363060","toID":"1363058","formEdgeID":null},{"edgeID":"1783905","fromID":"1363063","toID":"1363062","formEdgeID":null},{"edgeID":"1783906","fromID":"1363064","toID":"1363063","formEdgeID":null},{"edgeID":"1783907","fromID":"1363062","toID":"1363065","formEdgeID":null},{"edgeID":"1783908","fromID":"1363065","toID":"1363061","formEdgeID":null},{"edgeID":"1783909","fromID":"1363054","toID":"1363066","formEdgeID":null},{"edgeID":"1783910","fromID":"1363066","toID":"1363062","formEdgeID":null},{"edgeID":"1783911","fromID":"1363069","toID":"1363068","formEdgeID":null},{"edgeID":"1783912","fromID":"1363070","toID":"1363069","formEdgeID":null},{"edgeID":"1783913","fromID":"1363068","toID":"1363071","formEdgeID":null},{"edgeID":"1783914","fromID":"1363071","toID":"1363067","formEdgeID":null},{"edgeID":"1783915","fromID":"1363067","toID":"1363072","formEdgeID":null},{"edgeID":"1783916","fromID":"1363072","toID":"1363061","formEdgeID":null},{"edgeID":"1783917","fromID":"1363062","toID":"1363073","formEdgeID":null},{"edgeID":"1783918","fromID":"1363073","toID":"1363068","formEdgeID":null},{"edgeID":"1783919","fromID":"1363073","toID":"1363074","formEdgeID":null},{"edgeID":"1783920","fromID":"1363074","toID":"1363072","formEdgeID":null},{"edgeID":"1783921","fromID":"1363077","toID":"1363076","formEdgeID":null},{"edgeID":"1783922","fromID":"1363078","toID":"1363077","formEdgeID":null},{"edgeID":"1783923","fromID":"1363076","toID":"1363079","formEdgeID":null},{"edgeID":"1783924","fromID":"1363079","toID":"1363075","formEdgeID":null},{"edgeID":"1783925","fromID":"1363082","toID":"1363081","formEdgeID":null},{"edgeID":"1783926","fromID":"1363083","toID":"1363082","formEdgeID":null},{"edgeID":"1783927","fromID":"1363081","toID":"1363084","formEdgeID":null},{"edgeID":"1783928","fromID":"1363084","toID":"1363080","formEdgeID":null},{"edgeID":"1783929","fromID":"1363087","toID":"1363086","formEdgeID":null},{"edgeID":"1783930","fromID":"1363088","toID":"1363087","formEdgeID":null},{"edgeID":"1783931","fromID":"1363086","toID":"1363089","formEdgeID":null},{"edgeID":"1783932","fromID":"1363089","toID":"1363085","formEdgeID":null},{"edgeID":"1783933","fromID":"1363092","toID":"1363091","formEdgeID":null},{"edgeID":"1783934","fromID":"1363093","toID":"1363092","formEdgeID":null},{"edgeID":"1783935","fromID":"1363091","toID":"1363094","formEdgeID":null},{"edgeID":"1783936","fromID":"1363094","toID":"1363090","formEdgeID":null},{"edgeID":"1783937","fromID":"1363085","toID":"1363095","formEdgeID":null},{"edgeID":"1783938","fromID":"1363095","toID":"1363075","formEdgeID":null},{"edgeID":"1783939","fromID":"1363086","toID":"1363096","formEdgeID":null},{"edgeID":"1783940","fromID":"1363096","toID":"1363091","formEdgeID":null},{"edgeID":"1783941","fromID":"1363076","toID":"1363097","formEdgeID":null},{"edgeID":"1783942","fromID":"1363097","toID":"1363086","formEdgeID":null},{"edgeID":"1783943","fromID":"1363097","toID":"1363098","formEdgeID":null},{"edgeID":"1783944","fromID":"1363098","toID":"1363095","formEdgeID":null},{"edgeID":"1783945","fromID":"1363068","toID":"1363099","formEdgeID":null},{"edgeID":"1783946","fromID":"1363099","toID":"1363076","formEdgeID":null},{"edgeID":"1783947","fromID":"1363075","toID":"1363100","formEdgeID":null},{"edgeID":"1783948","fromID":"1363100","toID":"1363067","formEdgeID":null},{"edgeID":"1783949","fromID":"1363080","toID":"1363100","formEdgeID":null},{"edgeID":"1783950","fromID":"1363068","toID":"1363101","formEdgeID":null},{"edgeID":"1783951","fromID":"1363101","toID":"1363081","formEdgeID":null},{"edgeID":"1783952","fromID":"1363101","toID":"1363102","formEdgeID":null},{"edgeID":"1783953","fromID":"1363102","toID":"1363100","formEdgeID":null},{"edgeID":"1783954","fromID":"1363105","toID":"1363104","formEdgeID":null},{"edgeID":"1783955","fromID":"1363106","toID":"1363105","formEdgeID":null},{"edgeID":"1783956","fromID":"1363104","toID":"1363107","formEdgeID":null},{"edgeID":"1783957","fromID":"1363107","toID":"1363103","formEdgeID":null},{"edgeID":"1783958","fromID":"1363085","toID":"1363108","formEdgeID":null},{"edgeID":"1783959","fromID":"1363108","toID":"1363103","formEdgeID":null},{"edgeID":"1783960","fromID":"1363090","toID":"1363108","formEdgeID":null},{"edgeID":"1783961","fromID":"1363086","toID":"1363109","formEdgeID":null},{"edgeID":"1783962","fromID":"1363109","toID":"1363104","formEdgeID":null},{"edgeID":"1783963","fromID":"1363109","toID":"1363110","formEdgeID":null},{"edgeID":"1783964","fromID":"1363110","toID":"1363108","formEdgeID":null},{"edgeID":"1783965","fromID":"1363113","toID":"1363112","formEdgeID":null},{"edgeID":"1783966","fromID":"1363114","toID":"1363113","formEdgeID":null},{"edgeID":"1783967","fromID":"1363112","toID":"1363115","formEdgeID":null},{"edgeID":"1783968","fromID":"1363115","toID":"1363111","formEdgeID":null},{"edgeID":"1783969","fromID":"1363118","toID":"1363117","formEdgeID":null},{"edgeID":"1783970","fromID":"1363119","toID":"1363118","formEdgeID":null},{"edgeID":"1783971","fromID":"1363117","toID":"1363120","formEdgeID":null},{"edgeID":"1783972","fromID":"1363120","toID":"1363116","formEdgeID":null},{"edgeID":"1783973","fromID":"1363123","toID":"1363122","formEdgeID":null},{"edgeID":"1783974","fromID":"1363124","toID":"1363123","formEdgeID":null},{"edgeID":"1783975","fromID":"1363122","toID":"1363125","formEdgeID":null},{"edgeID":"1783976","fromID":"1363125","toID":"1363121","formEdgeID":null},{"edgeID":"1783977","fromID":"1363128","toID":"1363127","formEdgeID":null},{"edgeID":"1783978","fromID":"1363129","toID":"1363128","formEdgeID":null},{"edgeID":"1783979","fromID":"1363127","toID":"1363130","formEdgeID":null},{"edgeID":"1783980","fromID":"1363130","toID":"1363126","formEdgeID":null},{"edgeID":"1783981","fromID":"1363090","toID":"1363131","formEdgeID":null},{"edgeID":"1783982","fromID":"1363131","toID":"1363121","formEdgeID":null},{"edgeID":"1783983","fromID":"1363091","toID":"1363132","formEdgeID":null},{"edgeID":"1783984","fromID":"1363132","toID":"1363122","formEdgeID":null},{"edgeID":"1783985","fromID":"1363132","toID":"1363133","formEdgeID":null},{"edgeID":"1783986","fromID":"1363133","toID":"1363131","formEdgeID":null},{"edgeID":"1783987","fromID":"1363104","toID":"1363134","formEdgeID":null},{"edgeID":"1783988","fromID":"1363134","toID":"1363112","formEdgeID":null},{"edgeID":"1783989","fromID":"1363112","toID":"1363135","formEdgeID":null},{"edgeID":"1783990","fromID":"1363135","toID":"1363117","formEdgeID":null},{"edgeID":"1783991","fromID":"1363116","toID":"1363136","formEdgeID":null},{"edgeID":"1783992","fromID":"1363136","toID":"1363111","formEdgeID":null},{"edgeID":"1783993","fromID":"1363135","toID":"1363137","formEdgeID":null},{"edgeID":"1783994","fromID":"1363137","toID":"1363136","formEdgeID":null},{"edgeID":"1783995","fromID":"1363117","toID":"1363138","formEdgeID":null},{"edgeID":"1783996","fromID":"1363138","toID":"1363122","formEdgeID":null},{"edgeID":"1783997","fromID":"1363122","toID":"1363139","formEdgeID":null},{"edgeID":"1783998","fromID":"1363139","toID":"1363127","formEdgeID":null},{"edgeID":"1783999","fromID":"1363121","toID":"1363140","formEdgeID":null},{"edgeID":"1784000","fromID":"1363140","toID":"1363116","formEdgeID":null},{"edgeID":"1784001","fromID":"1363126","toID":"1363141","formEdgeID":null},{"edgeID":"1784002","fromID":"1363141","toID":"1363121","formEdgeID":null},{"edgeID":"1784003","fromID":"1363139","toID":"1363142","formEdgeID":null},{"edgeID":"1784004","fromID":"1363142","toID":"1363141","formEdgeID":null},{"edgeID":"1784005","fromID":"1363138","toID":"1363143","formEdgeID":null},{"edgeID":"1784006","fromID":"1363143","toID":"1363140","formEdgeID":null},{"edgeID":"1784007","fromID":"1363146","toID":"1363145","formEdgeID":null},{"edgeID":"1784008","fromID":"1363147","toID":"1363146","formEdgeID":null},{"edgeID":"1784009","fromID":"1363145","toID":"1363148","formEdgeID":null},{"edgeID":"1784010","fromID":"1363148","toID":"1363144","formEdgeID":null},{"edgeID":"1784011","fromID":"1363151","toID":"1363150","formEdgeID":null},{"edgeID":"1784012","fromID":"1363152","toID":"1363151","formEdgeID":null},{"edgeID":"1784013","fromID":"1363150","toID":"1363153","formEdgeID":null},{"edgeID":"1784014","fromID":"1363153","toID":"1363149","formEdgeID":null},{"edgeID":"1784015","fromID":"1363144","toID":"1363154","formEdgeID":null},{"edgeID":"1784016","fromID":"1363154","toID":"1363121","formEdgeID":null},{"edgeID":"1784017","fromID":"1363149","toID":"1363155","formEdgeID":null},{"edgeID":"1784018","fromID":"1363155","toID":"1363121","formEdgeID":null},{"edgeID":"1784019","fromID":"1363122","toID":"1363156","formEdgeID":null},{"edgeID":"1784020","fromID":"1363156","toID":"1363145","formEdgeID":null},{"edgeID":"1784021","fromID":"1363122","toID":"1363157","formEdgeID":null},{"edgeID":"1784022","fromID":"1363157","toID":"1363150","formEdgeID":null},{"edgeID":"1784023","fromID":"1363156","toID":"1363158","formEdgeID":null},{"edgeID":"1784024","fromID":"1363158","toID":"1363154","formEdgeID":null},{"edgeID":"1784025","fromID":"1363157","toID":"1363159","formEdgeID":null},{"edgeID":"1784026","fromID":"1363159","toID":"1363155","formEdgeID":null},{"edgeID":"1784027","fromID":"1363162","toID":"1363161","formEdgeID":null},{"edgeID":"1784028","fromID":"1363163","toID":"1363162","formEdgeID":null},{"edgeID":"1784029","fromID":"1363161","toID":"1363164","formEdgeID":null},{"edgeID":"1784030","fromID":"1363164","toID":"1363160","formEdgeID":null},{"edgeID":"1784031","fromID":"1363150","toID":"1363165","formEdgeID":null},{"edgeID":"1784032","fromID":"1363165","toID":"1363161","formEdgeID":null},{"edgeID":"1784033","fromID":"1363168","toID":"1363167","formEdgeID":null},{"edgeID":"1784034","fromID":"1363169","toID":"1363168","formEdgeID":null},{"edgeID":"1784035","fromID":"1363167","toID":"1363170","formEdgeID":null},{"edgeID":"1784036","fromID":"1363170","toID":"1363166","formEdgeID":null},{"edgeID":"1784037","fromID":"1363173","toID":"1363172","formEdgeID":null},{"edgeID":"1784038","fromID":"1363174","toID":"1363173","formEdgeID":null},{"edgeID":"1784039","fromID":"1363172","toID":"1363175","formEdgeID":null},{"edgeID":"1784040","fromID":"1363175","toID":"1363171","formEdgeID":null},{"edgeID":"1784041","fromID":"1363171","toID":"1363176","formEdgeID":null},{"edgeID":"1784042","fromID":"1363176","toID":"1363166","formEdgeID":null},{"edgeID":"1784043","fromID":"1363166","toID":"1363177","formEdgeID":null},{"edgeID":"1784044","fromID":"1363177","toID":"1363041","formEdgeID":null},{"edgeID":"1784045","fromID":"1363042","toID":"1363178","formEdgeID":null},{"edgeID":"1784046","fromID":"1363178","toID":"1363167","formEdgeID":null},{"edgeID":"1784047","fromID":"1363167","toID":"1363179","formEdgeID":null},{"edgeID":"1784048","fromID":"1363179","toID":"1363172","formEdgeID":null},{"edgeID":"1784049","fromID":"1363172","toID":"1363180","formEdgeID":null},{"edgeID":"1784050","fromID":"1363180","toID":"1363049","formEdgeID":null},{"edgeID":"1784051","fromID":"1363178","toID":"1363181","formEdgeID":null},{"edgeID":"1784052","fromID":"1363181","toID":"1363177","formEdgeID":null},{"edgeID":"1784053","fromID":"1363179","toID":"1363182","formEdgeID":null},{"edgeID":"1784054","fromID":"1363182","toID":"1363176","formEdgeID":null},{"edgeID":"1784055","fromID":"1363041","toID":"1363183","formEdgeID":null},{"edgeID":"1784056","fromID":"1363183","toID":"1363036","formEdgeID":null},{"edgeID":"1784057","fromID":"1363047","toID":"1363184","formEdgeID":null},{"edgeID":"1784058","fromID":"1363184","toID":"1363183","formEdgeID":null},{"edgeID":"1784059","fromID":"1363111","toID":"1363185","formEdgeID":null},{"edgeID":"1784060","fromID":"1363185","toID":"1363103","formEdgeID":null},{"edgeID":"1784061","fromID":"1363134","toID":"1363186","formEdgeID":null},{"edgeID":"1784062","fromID":"1363186","toID":"1363185","formEdgeID":null},{"edgeID":"1784063","fromID":"1363160","toID":"1363187","formEdgeID":null},{"edgeID":"1784064","fromID":"1363187","toID":"1363149","formEdgeID":null},{"edgeID":"1784065","fromID":"1363165","toID":"1363188","formEdgeID":null},{"edgeID":"1784066","fromID":"1363188","toID":"1363187","formEdgeID":null}],"locutions":[]}