{"nodes":[{"nodeID":"1359162","text":"Alex Chalk wants or doesn't want to admit the NHS is in crisis","type":"I","timestamp":"2023-11-09 14:23:47"},{"nodeID":"1359163","text":"Fiona Bruce: Do you want to admit the NHS is in crisis","type":"L","timestamp":"2023-11-09 14:23:47"},{"nodeID":"1359164","text":"Analysing","type":"YA","timestamp":"2023-11-09 14:23:47"},{"nodeID":"1359165","text":"Joanna: Fiona Bruce: Do you want to admit the NHS is in crisis","type":"L","timestamp":"2023-11-09 14:23:47"},{"nodeID":"1359166","text":"Pure Questioning","type":"YA","timestamp":"2023-11-09 14:23:47"},{"nodeID":"1359167","text":"the Prime Minister doesn't want to admit that the NHS is in crisis","type":"I","timestamp":"2023-11-09 14:23:48"},{"nodeID":"1359168","text":"Fiona Bruce: the Prime Minister doesn't","type":"L","timestamp":"2023-11-09 14:23:48"},{"nodeID":"1359169","text":"Analysing","type":"YA","timestamp":"2023-11-09 14:23:48"},{"nodeID":"1359170","text":"Joanna: Fiona Bruce: the Prime Minister doesn't","type":"L","timestamp":"2023-11-09 14:23:48"},{"nodeID":"1359171","text":"Asserting","type":"YA","timestamp":"2023-11-09 14:23:48"},{"nodeID":"1359172","text":"Default Transition","type":"TA","timestamp":"2023-11-09 14:23:48"},{"nodeID":"1359173","text":"hearing that the Prime Minister doesn't want to admit the NHS is in crisis, Alex Chalk does or doesn't want to admit that the NHS is in crisis","type":"I","timestamp":"2023-11-09 14:23:48"},{"nodeID":"1359174","text":"Fiona Bruce: hearing this do you want to","type":"L","timestamp":"2023-11-09 14:23:48"},{"nodeID":"1359175","text":"Analysing","type":"YA","timestamp":"2023-11-09 14:23:48"},{"nodeID":"1359176","text":"Joanna: Fiona Bruce: hearing this do you want to","type":"L","timestamp":"2023-11-09 14:23:48"},{"nodeID":"1359177","text":"Pure Questioning","type":"YA","timestamp":"2023-11-09 14:23:48"},{"nodeID":"1359178","text":"Default Transition","type":"TA","timestamp":"2023-11-09 14:23:48"},{"nodeID":"1359179","text":"Default Inference","type":"RA","timestamp":"2023-11-09 14:23:48"},{"nodeID":"1359180","text":"Arguing","type":"YA","timestamp":"2023-11-09 14:23:48"},{"nodeID":"1359181","text":"Default Rephrase","type":"MA","timestamp":"2023-11-09 14:23:48"},{"nodeID":"1359182","text":"Default Transition","type":"TA","timestamp":"2023-11-09 14:23:48"},{"nodeID":"1359183","text":"Restating","type":"YA","timestamp":"2023-11-09 14:23:48"},{"nodeID":"1359184","text":"Alex Chalk wants or doesn't want to say the NHS is in crisis","type":"I","timestamp":"2023-11-09 14:23:49"},{"nodeID":"1359185","text":"Fiona Bruce: Do you want to say it's in crisis","type":"L","timestamp":"2023-11-09 14:23:49"},{"nodeID":"1359186","text":"Analysing","type":"YA","timestamp":"2023-11-09 14:23:49"},{"nodeID":"1359187","text":"Joanna: Fiona Bruce: Do you want to say it's in crisis","type":"L","timestamp":"2023-11-09 14:23:49"},{"nodeID":"1359188","text":"Pure Questioning","type":"YA","timestamp":"2023-11-09 14:23:49"},{"nodeID":"1359189","text":"Alex Chalks says that there are pressures","type":"I","timestamp":"2023-11-09 14:23:50"},{"nodeID":"1359190","text":"Alex Chalk: I say that","type":"L","timestamp":"2023-11-09 14:23:50"},{"nodeID":"1359191","text":"Analysing","type":"YA","timestamp":"2023-11-09 14:23:50"},{"nodeID":"1359192","text":"Joanna: Alex Chalk: I say that","type":"L","timestamp":"2023-11-09 14:23:50"},{"nodeID":"1359193","text":"Asserting","type":"YA","timestamp":"2023-11-09 14:23:50"},{"nodeID":"1359194","text":"Default Transition","type":"TA","timestamp":"2023-11-09 14:23:50"},{"nodeID":"1359195","text":"talk is cheap","type":"I","timestamp":"2023-11-09 14:23:51"},{"nodeID":"1359196","text":"Alex Chalk: talk is cheap","type":"L","timestamp":"2023-11-09 14:23:51"},{"nodeID":"1359197","text":"Analysing","type":"YA","timestamp":"2023-11-09 14:23:51"},{"nodeID":"1359198","text":"Joanna: Alex Chalk: talk is cheap","type":"L","timestamp":"2023-11-09 14:23:51"},{"nodeID":"1359199","text":"Asserting","type":"YA","timestamp":"2023-11-09 14:23:51"},{"nodeID":"1359200","text":"Default Transition","type":"TA","timestamp":"2023-11-09 14:23:51"},{"nodeID":"1359201","text":"action is what matters","type":"I","timestamp":"2023-11-09 14:23:52"},{"nodeID":"1359202","text":"Alex Chalk: action is what matters","type":"L","timestamp":"2023-11-09 14:23:52"},{"nodeID":"1359203","text":"Analysing","type":"YA","timestamp":"2023-11-09 14:23:52"},{"nodeID":"1359204","text":"Joanna: Alex Chalk: action is what matters","type":"L","timestamp":"2023-11-09 14:23:52"},{"nodeID":"1359205","text":"Asserting","type":"YA","timestamp":"2023-11-09 14:23:52"},{"nodeID":"1359206","text":"Default Inference","type":"RA","timestamp":"2023-11-09 14:23:52"},{"nodeID":"1359207","text":"Default Transition","type":"TA","timestamp":"2023-11-09 14:23:52"},{"nodeID":"1359208","text":"Arguing","type":"YA","timestamp":"2023-11-09 14:23:52"},{"nodeID":"1359209","text":"Alex Chalk made clear already about the money","type":"I","timestamp":"2023-11-09 14:23:52"},{"nodeID":"1359210","text":"Fiona Bruce: You've made clear already about the money","type":"L","timestamp":"2023-11-09 14:23:52"},{"nodeID":"1359211","text":"Analysing","type":"YA","timestamp":"2023-11-09 14:23:52"},{"nodeID":"1359212","text":"Joanna: Fiona Bruce: You've made clear already about the money","type":"L","timestamp":"2023-11-09 14:23:52"},{"nodeID":"1359213","text":"Asserting","type":"YA","timestamp":"2023-11-09 14:23:52"},{"nodeID":"1359214","text":"Alex Chalk: Sure","type":"L","timestamp":"2023-11-09 14:23:52"},{"nodeID":"1359215","text":"Analysing","type":"YA","timestamp":"2023-11-09 14:23:52"},{"nodeID":"1359216","text":"Joanna: Alex Chalk: Sure","type":"L","timestamp":"2023-11-09 14:23:52"},{"nodeID":"1359217","text":"Agreeing","type":"YA","timestamp":"2023-11-09 14:23:52"},{"nodeID":"1359218","text":"Default Transition","type":"TA","timestamp":"2023-11-09 14:23:52"},{"nodeID":"1359219","text":"there is or isn't a crisis in the NHS","type":"I","timestamp":"2023-11-09 14:23:53"},{"nodeID":"1359220","text":"AudienceMember 20230126QT07: Is there a crisis","type":"L","timestamp":"2023-11-09 14:23:53"},{"nodeID":"1359221","text":"Analysing","type":"YA","timestamp":"2023-11-09 14:23:53"},{"nodeID":"1359222","text":"Joanna: AudienceMember 20230126QT07: Is there a crisis","type":"L","timestamp":"2023-11-09 14:23:53"},{"nodeID":"1359223","text":"Pure Questioning","type":"YA","timestamp":"2023-11-09 14:23:53"},{"nodeID":"1359224","text":"Default Transition","type":"TA","timestamp":"2023-11-09 14:23:53"},{"nodeID":"1359225","text":"Default Rephrase","type":"MA","timestamp":"2023-11-09 14:23:53"},{"nodeID":"1359226","text":"Default Transition","type":"TA","timestamp":"2023-11-09 14:23:53"},{"nodeID":"1359227","text":"Restating","type":"YA","timestamp":"2023-11-09 14:23:53"},{"nodeID":"1359228","text":"AudienceMember 20230126QT07: Yes or no","type":"L","timestamp":"2023-11-09 14:23:53"},{"nodeID":"1359229","text":"Analysing","type":"YA","timestamp":"2023-11-09 14:23:53"},{"nodeID":"1359230","text":"Joanna: AudienceMember 20230126QT07: Yes or no","type":"L","timestamp":"2023-11-09 14:23:53"},{"nodeID":"1359231","text":"Default Transition","type":"TA","timestamp":"2023-11-09 14:23:53"},{"nodeID":"1359232","text":"Asserting","type":"YA","timestamp":"2023-11-09 14:23:53"},{"nodeID":"1359233","text":"there is or isn't a crisis in the NHS is what Fiona Bruce asks Alex Chalk","type":"I","timestamp":"2023-11-09 14:23:54"},{"nodeID":"1359234","text":"Fiona Bruce: that's what I'm asking you","type":"L","timestamp":"2023-11-09 14:23:54"},{"nodeID":"1359235","text":"Analysing","type":"YA","timestamp":"2023-11-09 14:23:54"},{"nodeID":"1359236","text":"Joanna: Fiona Bruce: that's what I'm asking you","type":"L","timestamp":"2023-11-09 14:23:54"},{"nodeID":"1359237","text":"Pure Questioning","type":"YA","timestamp":"2023-11-09 14:23:54"},{"nodeID":"1359238","text":"Default Transition","type":"TA","timestamp":"2023-11-09 14:23:54"},{"nodeID":"1359239","text":"Default Rephrase","type":"MA","timestamp":"2023-11-09 14:23:54"},{"nodeID":"1359240","text":"Default Transition","type":"TA","timestamp":"2023-11-09 14:23:54"},{"nodeID":"1359241","text":"Restating","type":"YA","timestamp":"2023-11-09 14:23:54"},{"nodeID":"1359242","text":"the situation in the NHS is incredibly intense","type":"I","timestamp":"2023-11-09 14:23:55"},{"nodeID":"1359243","text":"Alex Chalk: It's incredibly intense","type":"L","timestamp":"2023-11-09 14:23:55"},{"nodeID":"1359244","text":"Analysing","type":"YA","timestamp":"2023-11-09 14:23:55"},{"nodeID":"1359245","text":"Joanna: Alex Chalk: It's incredibly intense","type":"L","timestamp":"2023-11-09 14:23:55"},{"nodeID":"1359246","text":"Asserting","type":"YA","timestamp":"2023-11-09 14:23:55"},{"nodeID":"1359247","text":"Default Transition","type":"TA","timestamp":"2023-11-09 14:23:55"},{"nodeID":"1359248","text":"the pressures in the NHS are at historic levels","type":"I","timestamp":"2023-11-09 14:23:55"},{"nodeID":"1359249","text":"Alex Chalk: the pressures are at historic levels","type":"L","timestamp":"2023-11-09 14:23:55"},{"nodeID":"1359250","text":"Analysing","type":"YA","timestamp":"2023-11-09 14:23:55"},{"nodeID":"1359251","text":"Joanna: Alex Chalk: the pressures are at historic levels","type":"L","timestamp":"2023-11-09 14:23:55"},{"nodeID":"1359252","text":"Asserting","type":"YA","timestamp":"2023-11-09 14:23:55"},{"nodeID":"1359253","text":"Default Transition","type":"TA","timestamp":"2023-11-09 14:23:55"},{"nodeID":"1359254","text":"Alex Chalk doesn't want to use the word 'crisis'","type":"I","timestamp":"2023-11-09 14:23:56"},{"nodeID":"1359255","text":"Fiona Bruce: you don't want to use that word","type":"L","timestamp":"2023-11-09 14:23:56"},{"nodeID":"1359256","text":"Analysing","type":"YA","timestamp":"2023-11-09 14:23:56"},{"nodeID":"1359257","text":"Joanna: Fiona Bruce: you don't want to use that word","type":"L","timestamp":"2023-11-09 14:23:56"},{"nodeID":"1359258","text":"Asserting","type":"YA","timestamp":"2023-11-09 14:23:56"},{"nodeID":"1359259","text":"Default Transition","type":"TA","timestamp":"2023-11-09 14:23:56"},{"nodeID":"1359260","text":"Fiona Bruce thinks we've got that Alex Chalk doesn't want to use the word 'crisis'","type":"I","timestamp":"2023-11-09 14:23:57"},{"nodeID":"1359261","text":"Fiona Bruce: I think we've got that","type":"L","timestamp":"2023-11-09 14:23:57"},{"nodeID":"1359262","text":"Analysing","type":"YA","timestamp":"2023-11-09 14:23:57"},{"nodeID":"1359263","text":"Joanna: Fiona Bruce: I think we've got that","type":"L","timestamp":"2023-11-09 14:23:57"},{"nodeID":"1359264","text":"Asserting","type":"YA","timestamp":"2023-11-09 14:23:57"},{"nodeID":"1359265","text":"Default Transition","type":"TA","timestamp":"2023-11-09 14:23:57"},{"nodeID":"1359266","text":"Alex Chalk clearly doesn't want to use the word 'crisis'","type":"I","timestamp":"2023-11-09 14:23:58"},{"nodeID":"1359267","text":"Fiona Bruce: You clearly don't want to use that word","type":"L","timestamp":"2023-11-09 14:23:58"},{"nodeID":"1359268","text":"Analysing","type":"YA","timestamp":"2023-11-09 14:23:58"},{"nodeID":"1359269","text":"Joanna: Fiona Bruce: You clearly don't want to use that word","type":"L","timestamp":"2023-11-09 14:23:58"},{"nodeID":"1359270","text":"Asserting","type":"YA","timestamp":"2023-11-09 14:23:58"},{"nodeID":"1359271","text":"Default Transition","type":"TA","timestamp":"2023-11-09 14:23:58"},{"nodeID":"1359272","text":"Default Rephrase","type":"MA","timestamp":"2023-11-09 14:23:58"},{"nodeID":"1359273","text":"Default Transition","type":"TA","timestamp":"2023-11-09 14:23:58"},{"nodeID":"1359274","text":"Restating","type":"YA","timestamp":"2023-11-09 14:23:58"},{"nodeID":"1359275","text":"Default Inference","type":"RA","timestamp":"2023-11-09 14:23:58"},{"nodeID":"1359276","text":"Arguing","type":"YA","timestamp":"2023-11-09 14:23:58"},{"nodeID":"1359277","text":"it's the actions that matter","type":"I","timestamp":"2023-11-09 14:23:58"},{"nodeID":"1359278","text":"Alex Chalk: it's the actions that matter","type":"L","timestamp":"2023-11-09 14:23:58"},{"nodeID":"1359279","text":"Analysing","type":"YA","timestamp":"2023-11-09 14:23:58"},{"nodeID":"1359280","text":"Joanna: Alex Chalk: it's the actions that matter","type":"L","timestamp":"2023-11-09 14:23:58"},{"nodeID":"1359281","text":"Asserting","type":"YA","timestamp":"2023-11-09 14:23:58"},{"nodeID":"1359282","text":"Default Transition","type":"TA","timestamp":"2023-11-09 14:23:58"},{"nodeID":"1359283","text":"Default Rephrase","type":"MA","timestamp":"2023-11-09 14:23:58"},{"nodeID":"1359284","text":"Default Transition","type":"TA","timestamp":"2023-11-09 14:23:58"},{"nodeID":"1359285","text":"Restating","type":"YA","timestamp":"2023-11-09 14:23:58"},{"nodeID":"1359286","text":"Fiona Bruce: No, no","type":"L","timestamp":"2023-11-09 14:23:58"},{"nodeID":"1359287","text":"Analysing","type":"YA","timestamp":"2023-11-09 14:23:58"},{"nodeID":"1359288","text":"Joanna: Fiona Bruce: No, no","type":"L","timestamp":"2023-11-09 14:23:58"},{"nodeID":"1359289","text":"Default Transition","type":"TA","timestamp":"2023-11-09 14:23:58"},{"nodeID":"1359290","text":"Disagreeing","type":"YA","timestamp":"2023-11-09 14:23:58"},{"nodeID":"1359291","text":"Fiona Bruce is just asking about the word 'crisis'","type":"I","timestamp":"2023-11-09 14:23:59"},{"nodeID":"1359292","text":"Fiona Bruce: I'm just asking about the word","type":"L","timestamp":"2023-11-09 14:23:59"},{"nodeID":"1359293","text":"Analysing","type":"YA","timestamp":"2023-11-09 14:23:59"},{"nodeID":"1359294","text":"Joanna: Fiona Bruce: I'm just asking about the word","type":"L","timestamp":"2023-11-09 14:23:59"},{"nodeID":"1359295","text":"Asserting","type":"YA","timestamp":"2023-11-09 14:23:59"},{"nodeID":"1359296","text":"Default Transition","type":"TA","timestamp":"2023-11-09 14:23:59"},{"nodeID":"1359297","text":"Alex Chalk has got to accept there's a crisis","type":"I","timestamp":"2023-11-09 14:24:00"},{"nodeID":"1359298","text":"Anna Soubry: You've got to accept there's a crisis","type":"L","timestamp":"2023-11-09 14:24:00"},{"nodeID":"1359299","text":"Analysing","type":"YA","timestamp":"2023-11-09 14:24:00"},{"nodeID":"1359300","text":"Joanna: Anna Soubry: You've got to accept there's a crisis","type":"L","timestamp":"2023-11-09 14:24:00"},{"nodeID":"1359301","text":"Asserting","type":"YA","timestamp":"2023-11-09 14:24:00"},{"nodeID":"1359302","text":"Default Transition","type":"TA","timestamp":"2023-11-09 14:24:00"},{"nodeID":"1359303","text":"listen to people","type":"I","timestamp":"2023-11-09 14:24:00"},{"nodeID":"1359304","text":"Anna Soubry: Listen to people","type":"L","timestamp":"2023-11-09 14:24:00"},{"nodeID":"1359305","text":"Analysing","type":"YA","timestamp":"2023-11-09 14:24:00"},{"nodeID":"1359306","text":"Joanna: Anna Soubry: Listen to people","type":"L","timestamp":"2023-11-09 14:24:00"},{"nodeID":"1359307","text":"Asserting","type":"YA","timestamp":"2023-11-09 14:24:00"},{"nodeID":"1359308","text":"Default Transition","type":"TA","timestamp":"2023-11-09 14:24:00"},{"nodeID":"1359309","text":"people are on the frontline","type":"I","timestamp":"2023-11-09 14:24:01"},{"nodeID":"1359310","text":"Anna Soubry: They're on the frontline","type":"L","timestamp":"2023-11-09 14:24:01"},{"nodeID":"1359311","text":"Analysing","type":"YA","timestamp":"2023-11-09 14:24:01"},{"nodeID":"1359312","text":"Joanna: Anna Soubry: They're on the frontline","type":"L","timestamp":"2023-11-09 14:24:01"},{"nodeID":"1359313","text":"Asserting","type":"YA","timestamp":"2023-11-09 14:24:01"},{"nodeID":"1359314","text":"Default Inference","type":"RA","timestamp":"2023-11-09 14:24:01"},{"nodeID":"1359315","text":"Default Transition","type":"TA","timestamp":"2023-11-09 14:24:01"},{"nodeID":"1359316","text":"Arguing","type":"YA","timestamp":"2023-11-09 14:24:01"},{"nodeID":"1359317","text":"there is no doubt that there are pressures","type":"I","timestamp":"2023-11-09 14:24:02"},{"nodeID":"1359318","text":"Alex Chalk: There is no doubt that the pressures are","type":"L","timestamp":"2023-11-09 14:24:02"},{"nodeID":"1359319","text":"Analysing","type":"YA","timestamp":"2023-11-09 14:24:02"},{"nodeID":"1359320","text":"Joanna: Alex Chalk: There is no doubt that the pressures are","type":"L","timestamp":"2023-11-09 14:24:02"},{"nodeID":"1359321","text":"Asserting","type":"YA","timestamp":"2023-11-09 14:24:02"},{"nodeID":"1359322","text":"Default Transition","type":"TA","timestamp":"2023-11-09 14:24:02"},{"nodeID":"1359323","text":"Analysing","type":"YA","timestamp":"2023-11-09 14:24:02"},{"nodeID":"1359324","text":"Default Transition","type":"TA","timestamp":"2023-11-09 14:24:02"},{"nodeID":"1359325","text":"Disagreeing","type":"YA","timestamp":"2023-11-09 14:24:02"},{"nodeID":"1359326","text":"there are pressures","type":"I","timestamp":"2023-11-09 14:24:03"},{"nodeID":"1359327","text":"Fiona Bruce: You said that","type":"L","timestamp":"2023-11-09 14:24:03"},{"nodeID":"1359328","text":"Analysing","type":"YA","timestamp":"2023-11-09 14:24:03"},{"nodeID":"1359329","text":"Joanna: Fiona Bruce: You said that","type":"L","timestamp":"2023-11-09 14:24:03"},{"nodeID":"1359330","text":"Alex Chalk: there are pressures","type":"L","timestamp":"2023-11-09 14:24:03"},{"nodeID":"1359331","text":"Analysing","type":"YA","timestamp":"2023-11-09 14:24:03"},{"nodeID":"1359332","text":"Joanna: Alex Chalk: You said that","type":"L","timestamp":"2023-11-09 14:24:03"},{"nodeID":"1359333","text":"Asserting","type":"YA","timestamp":"2023-11-09 14:24:03"},{"nodeID":"1359334","text":"Asserting","type":"YA","timestamp":"2023-11-09 14:24:03"},{"nodeID":"1359335","text":"Default Transition","type":"TA","timestamp":"2023-11-09 14:24:03"},{"nodeID":"1359336","text":"Default Rephrase","type":"MA","timestamp":"2023-11-09 14:24:03"},{"nodeID":"1359337","text":"Default Transition","type":"TA","timestamp":"2023-11-09 14:24:03"},{"nodeID":"1359338","text":"Restating","type":"YA","timestamp":"2023-11-09 14:24:03"},{"nodeID":"1359339","text":"Default Transition","type":"TA","timestamp":"2023-11-09 14:24:03"},{"nodeID":"1359340","text":"Default Inference","type":"RA","timestamp":"2023-11-09 14:24:03"},{"nodeID":"1359341","text":"Arguing","type":"YA","timestamp":"2023-11-09 14:24:03"},{"nodeID":"1359342","text":"Default Rephrase","type":"MA","timestamp":"2023-11-09 14:24:03"},{"nodeID":"1359343","text":"Default Transition","type":"TA","timestamp":"2023-11-09 14:24:03"},{"nodeID":"1359344","text":"Restating","type":"YA","timestamp":"2023-11-09 14:24:03"}],"edges":[{"edgeID":"1779242","fromID":"1359164","toID":"1359163","formEdgeID":null},{"edgeID":"1779243","fromID":"1359165","toID":"1359164","formEdgeID":null},{"edgeID":"1779244","fromID":"1359163","toID":"1359166","formEdgeID":null},{"edgeID":"1779245","fromID":"1359166","toID":"1359162","formEdgeID":null},{"edgeID":"1779246","fromID":"1359169","toID":"1359168","formEdgeID":null},{"edgeID":"1779247","fromID":"1359170","toID":"1359169","formEdgeID":null},{"edgeID":"1779248","fromID":"1359168","toID":"1359171","formEdgeID":null},{"edgeID":"1779249","fromID":"1359171","toID":"1359167","formEdgeID":null},{"edgeID":"1779250","fromID":"1359163","toID":"1359172","formEdgeID":null},{"edgeID":"1779251","fromID":"1359172","toID":"1359168","formEdgeID":null},{"edgeID":"1779252","fromID":"1359175","toID":"1359174","formEdgeID":null},{"edgeID":"1779253","fromID":"1359176","toID":"1359175","formEdgeID":null},{"edgeID":"1779254","fromID":"1359174","toID":"1359177","formEdgeID":null},{"edgeID":"1779255","fromID":"1359177","toID":"1359173","formEdgeID":null},{"edgeID":"1779256","fromID":"1359168","toID":"1359178","formEdgeID":null},{"edgeID":"1779257","fromID":"1359178","toID":"1359174","formEdgeID":null},{"edgeID":"1779258","fromID":"1359167","toID":"1359179","formEdgeID":null},{"edgeID":"1779259","fromID":"1359179","toID":"1359173","formEdgeID":null},{"edgeID":"1779260","fromID":"1359178","toID":"1359180","formEdgeID":null},{"edgeID":"1779261","fromID":"1359180","toID":"1359179","formEdgeID":null},{"edgeID":"1779262","fromID":"1359173","toID":"1359181","formEdgeID":null},{"edgeID":"1779263","fromID":"1359181","toID":"1359162","formEdgeID":null},{"edgeID":"1779264","fromID":"1359163","toID":"1359182","formEdgeID":null},{"edgeID":"1779265","fromID":"1359182","toID":"1359174","formEdgeID":null},{"edgeID":"1779266","fromID":"1359182","toID":"1359183","formEdgeID":null},{"edgeID":"1779267","fromID":"1359183","toID":"1359181","formEdgeID":null},{"edgeID":"1779268","fromID":"1359186","toID":"1359185","formEdgeID":null},{"edgeID":"1779269","fromID":"1359187","toID":"1359186","formEdgeID":null},{"edgeID":"1779270","fromID":"1359185","toID":"1359188","formEdgeID":null},{"edgeID":"1779271","fromID":"1359188","toID":"1359184","formEdgeID":null},{"edgeID":"1779272","fromID":"1359191","toID":"1359190","formEdgeID":null},{"edgeID":"1779273","fromID":"1359192","toID":"1359191","formEdgeID":null},{"edgeID":"1779274","fromID":"1359190","toID":"1359193","formEdgeID":null},{"edgeID":"1779275","fromID":"1359193","toID":"1359189","formEdgeID":null},{"edgeID":"1779276","fromID":"1359185","toID":"1359194","formEdgeID":null},{"edgeID":"1779277","fromID":"1359194","toID":"1359190","formEdgeID":null},{"edgeID":"1779278","fromID":"1359197","toID":"1359196","formEdgeID":null},{"edgeID":"1779279","fromID":"1359198","toID":"1359197","formEdgeID":null},{"edgeID":"1779280","fromID":"1359196","toID":"1359199","formEdgeID":null},{"edgeID":"1779281","fromID":"1359199","toID":"1359195","formEdgeID":null},{"edgeID":"1779282","fromID":"1359190","toID":"1359200","formEdgeID":null},{"edgeID":"1779283","fromID":"1359200","toID":"1359196","formEdgeID":null},{"edgeID":"1779284","fromID":"1359203","toID":"1359202","formEdgeID":null},{"edgeID":"1779285","fromID":"1359204","toID":"1359203","formEdgeID":null},{"edgeID":"1779286","fromID":"1359202","toID":"1359205","formEdgeID":null},{"edgeID":"1779287","fromID":"1359205","toID":"1359201","formEdgeID":null},{"edgeID":"1779288","fromID":"1359201","toID":"1359206","formEdgeID":null},{"edgeID":"1779289","fromID":"1359206","toID":"1359189","formEdgeID":null},{"edgeID":"1779290","fromID":"1359195","toID":"1359206","formEdgeID":null},{"edgeID":"1779291","fromID":"1359190","toID":"1359207","formEdgeID":null},{"edgeID":"1779292","fromID":"1359207","toID":"1359202","formEdgeID":null},{"edgeID":"1779293","fromID":"1359207","toID":"1359208","formEdgeID":null},{"edgeID":"1779294","fromID":"1359208","toID":"1359206","formEdgeID":null},{"edgeID":"1779295","fromID":"1359211","toID":"1359210","formEdgeID":null},{"edgeID":"1779296","fromID":"1359212","toID":"1359211","formEdgeID":null},{"edgeID":"1779297","fromID":"1359210","toID":"1359213","formEdgeID":null},{"edgeID":"1779298","fromID":"1359213","toID":"1359209","formEdgeID":null},{"edgeID":"1779299","fromID":"1359215","toID":"1359214","formEdgeID":null},{"edgeID":"1779300","fromID":"1359216","toID":"1359215","formEdgeID":null},{"edgeID":"1779301","fromID":"1359214","toID":"1359217","formEdgeID":null},{"edgeID":"1779302","fromID":"1359217","toID":"1359209","formEdgeID":null},{"edgeID":"1779303","fromID":"1359210","toID":"1359218","formEdgeID":null},{"edgeID":"1779304","fromID":"1359218","toID":"1359214","formEdgeID":null},{"edgeID":"1779305","fromID":"1359221","toID":"1359220","formEdgeID":null},{"edgeID":"1779306","fromID":"1359222","toID":"1359221","formEdgeID":null},{"edgeID":"1779307","fromID":"1359220","toID":"1359223","formEdgeID":null},{"edgeID":"1779308","fromID":"1359223","toID":"1359219","formEdgeID":null},{"edgeID":"1779309","fromID":"1359214","toID":"1359224","formEdgeID":null},{"edgeID":"1779310","fromID":"1359224","toID":"1359220","formEdgeID":null},{"edgeID":"1779311","fromID":"1359219","toID":"1359225","formEdgeID":null},{"edgeID":"1779312","fromID":"1359225","toID":"1359162","formEdgeID":null},{"edgeID":"1779313","fromID":"1359163","toID":"1359226","formEdgeID":null},{"edgeID":"1779314","fromID":"1359226","toID":"1359220","formEdgeID":null},{"edgeID":"1779315","fromID":"1359226","toID":"1359227","formEdgeID":null},{"edgeID":"1779316","fromID":"1359227","toID":"1359225","formEdgeID":null},{"edgeID":"1779317","fromID":"1359229","toID":"1359228","formEdgeID":null},{"edgeID":"1779318","fromID":"1359230","toID":"1359229","formEdgeID":null},{"edgeID":"1779319","fromID":"1359220","toID":"1359231","formEdgeID":null},{"edgeID":"1779320","fromID":"1359231","toID":"1359228","formEdgeID":null},{"edgeID":"1779321","fromID":"1359228","toID":"1359232","formEdgeID":null},{"edgeID":"1779322","fromID":"1359232","toID":"1359219","formEdgeID":null},{"edgeID":"1779323","fromID":"1359235","toID":"1359234","formEdgeID":null},{"edgeID":"1779324","fromID":"1359236","toID":"1359235","formEdgeID":null},{"edgeID":"1779325","fromID":"1359234","toID":"1359237","formEdgeID":null},{"edgeID":"1779326","fromID":"1359237","toID":"1359233","formEdgeID":null},{"edgeID":"1779327","fromID":"1359228","toID":"1359238","formEdgeID":null},{"edgeID":"1779328","fromID":"1359238","toID":"1359234","formEdgeID":null},{"edgeID":"1779329","fromID":"1359233","toID":"1359239","formEdgeID":null},{"edgeID":"1779330","fromID":"1359239","toID":"1359219","formEdgeID":null},{"edgeID":"1779331","fromID":"1359220","toID":"1359240","formEdgeID":null},{"edgeID":"1779332","fromID":"1359240","toID":"1359234","formEdgeID":null},{"edgeID":"1779333","fromID":"1359240","toID":"1359241","formEdgeID":null},{"edgeID":"1779334","fromID":"1359241","toID":"1359239","formEdgeID":null},{"edgeID":"1779335","fromID":"1359244","toID":"1359243","formEdgeID":null},{"edgeID":"1779336","fromID":"1359245","toID":"1359244","formEdgeID":null},{"edgeID":"1779337","fromID":"1359243","toID":"1359246","formEdgeID":null},{"edgeID":"1779338","fromID":"1359246","toID":"1359242","formEdgeID":null},{"edgeID":"1779339","fromID":"1359234","toID":"1359247","formEdgeID":null},{"edgeID":"1779340","fromID":"1359247","toID":"1359243","formEdgeID":null},{"edgeID":"1779341","fromID":"1359250","toID":"1359249","formEdgeID":null},{"edgeID":"1779342","fromID":"1359251","toID":"1359250","formEdgeID":null},{"edgeID":"1779343","fromID":"1359249","toID":"1359252","formEdgeID":null},{"edgeID":"1779344","fromID":"1359252","toID":"1359248","formEdgeID":null},{"edgeID":"1779345","fromID":"1359243","toID":"1359253","formEdgeID":null},{"edgeID":"1779346","fromID":"1359253","toID":"1359249","formEdgeID":null},{"edgeID":"1779347","fromID":"1359256","toID":"1359255","formEdgeID":null},{"edgeID":"1779348","fromID":"1359257","toID":"1359256","formEdgeID":null},{"edgeID":"1779349","fromID":"1359255","toID":"1359258","formEdgeID":null},{"edgeID":"1779350","fromID":"1359258","toID":"1359254","formEdgeID":null},{"edgeID":"1779351","fromID":"1359249","toID":"1359259","formEdgeID":null},{"edgeID":"1779352","fromID":"1359259","toID":"1359255","formEdgeID":null},{"edgeID":"1779353","fromID":"1359262","toID":"1359261","formEdgeID":null},{"edgeID":"1779354","fromID":"1359263","toID":"1359262","formEdgeID":null},{"edgeID":"1779355","fromID":"1359261","toID":"1359264","formEdgeID":null},{"edgeID":"1779356","fromID":"1359264","toID":"1359260","formEdgeID":null},{"edgeID":"1779357","fromID":"1359255","toID":"1359265","formEdgeID":null},{"edgeID":"1779358","fromID":"1359265","toID":"1359261","formEdgeID":null},{"edgeID":"1779359","fromID":"1359268","toID":"1359267","formEdgeID":null},{"edgeID":"1779360","fromID":"1359269","toID":"1359268","formEdgeID":null},{"edgeID":"1779361","fromID":"1359267","toID":"1359270","formEdgeID":null},{"edgeID":"1779362","fromID":"1359270","toID":"1359266","formEdgeID":null},{"edgeID":"1779363","fromID":"1359261","toID":"1359271","formEdgeID":null},{"edgeID":"1779364","fromID":"1359271","toID":"1359267","formEdgeID":null},{"edgeID":"1779365","fromID":"1359266","toID":"1359272","formEdgeID":null},{"edgeID":"1779366","fromID":"1359272","toID":"1359254","formEdgeID":null},{"edgeID":"1779367","fromID":"1359255","toID":"1359273","formEdgeID":null},{"edgeID":"1779368","fromID":"1359273","toID":"1359267","formEdgeID":null},{"edgeID":"1779369","fromID":"1359273","toID":"1359274","formEdgeID":null},{"edgeID":"1779370","fromID":"1359274","toID":"1359272","formEdgeID":null},{"edgeID":"1779371","fromID":"1359266","toID":"1359275","formEdgeID":null},{"edgeID":"1779372","fromID":"1359275","toID":"1359260","formEdgeID":null},{"edgeID":"1779373","fromID":"1359271","toID":"1359276","formEdgeID":null},{"edgeID":"1779374","fromID":"1359276","toID":"1359275","formEdgeID":null},{"edgeID":"1779375","fromID":"1359279","toID":"1359278","formEdgeID":null},{"edgeID":"1779376","fromID":"1359280","toID":"1359279","formEdgeID":null},{"edgeID":"1779377","fromID":"1359278","toID":"1359281","formEdgeID":null},{"edgeID":"1779378","fromID":"1359281","toID":"1359277","formEdgeID":null},{"edgeID":"1779379","fromID":"1359267","toID":"1359282","formEdgeID":null},{"edgeID":"1779380","fromID":"1359282","toID":"1359278","formEdgeID":null},{"edgeID":"1779381","fromID":"1359277","toID":"1359283","formEdgeID":null},{"edgeID":"1779382","fromID":"1359283","toID":"1359201","formEdgeID":null},{"edgeID":"1779383","fromID":"1359202","toID":"1359284","formEdgeID":null},{"edgeID":"1779384","fromID":"1359284","toID":"1359278","formEdgeID":null},{"edgeID":"1779385","fromID":"1359284","toID":"1359285","formEdgeID":null},{"edgeID":"1779386","fromID":"1359285","toID":"1359283","formEdgeID":null},{"edgeID":"1779387","fromID":"1359287","toID":"1359286","formEdgeID":null},{"edgeID":"1779388","fromID":"1359288","toID":"1359287","formEdgeID":null},{"edgeID":"1779389","fromID":"1359278","toID":"1359289","formEdgeID":null},{"edgeID":"1779390","fromID":"1359289","toID":"1359286","formEdgeID":null},{"edgeID":"1779391","fromID":"1359286","toID":"1359290","formEdgeID":null},{"edgeID":"1779392","fromID":"1359290","toID":"1359277","formEdgeID":null},{"edgeID":"1779393","fromID":"1359293","toID":"1359292","formEdgeID":null},{"edgeID":"1779394","fromID":"1359294","toID":"1359293","formEdgeID":null},{"edgeID":"1779395","fromID":"1359292","toID":"1359295","formEdgeID":null},{"edgeID":"1779396","fromID":"1359295","toID":"1359291","formEdgeID":null},{"edgeID":"1779397","fromID":"1359286","toID":"1359296","formEdgeID":null},{"edgeID":"1779398","fromID":"1359296","toID":"1359292","formEdgeID":null},{"edgeID":"1779399","fromID":"1359299","toID":"1359298","formEdgeID":null},{"edgeID":"1779400","fromID":"1359300","toID":"1359299","formEdgeID":null},{"edgeID":"1779401","fromID":"1359298","toID":"1359301","formEdgeID":null},{"edgeID":"1779402","fromID":"1359301","toID":"1359297","formEdgeID":null},{"edgeID":"1779403","fromID":"1359292","toID":"1359302","formEdgeID":null},{"edgeID":"1779404","fromID":"1359302","toID":"1359298","formEdgeID":null},{"edgeID":"1779405","fromID":"1359305","toID":"1359304","formEdgeID":null},{"edgeID":"1779406","fromID":"1359306","toID":"1359305","formEdgeID":null},{"edgeID":"1779407","fromID":"1359304","toID":"1359307","formEdgeID":null},{"edgeID":"1779408","fromID":"1359307","toID":"1359303","formEdgeID":null},{"edgeID":"1779409","fromID":"1359298","toID":"1359308","formEdgeID":null},{"edgeID":"1779410","fromID":"1359308","toID":"1359304","formEdgeID":null},{"edgeID":"1779411","fromID":"1359311","toID":"1359310","formEdgeID":null},{"edgeID":"1779412","fromID":"1359312","toID":"1359311","formEdgeID":null},{"edgeID":"1779413","fromID":"1359310","toID":"1359313","formEdgeID":null},{"edgeID":"1779414","fromID":"1359313","toID":"1359309","formEdgeID":null},{"edgeID":"1779415","fromID":"1359309","toID":"1359314","formEdgeID":null},{"edgeID":"1779416","fromID":"1359314","toID":"1359297","formEdgeID":null},{"edgeID":"1779417","fromID":"1359303","toID":"1359314","formEdgeID":null},{"edgeID":"1779418","fromID":"1359298","toID":"1359315","formEdgeID":null},{"edgeID":"1779419","fromID":"1359315","toID":"1359310","formEdgeID":null},{"edgeID":"1779420","fromID":"1359315","toID":"1359316","formEdgeID":null},{"edgeID":"1779421","fromID":"1359316","toID":"1359314","formEdgeID":null},{"edgeID":"1779422","fromID":"1359319","toID":"1359318","formEdgeID":null},{"edgeID":"1779423","fromID":"1359320","toID":"1359319","formEdgeID":null},{"edgeID":"1779424","fromID":"1359318","toID":"1359321","formEdgeID":null},{"edgeID":"1779425","fromID":"1359321","toID":"1359317","formEdgeID":null},{"edgeID":"1779426","fromID":"1359174","toID":"1359322","formEdgeID":null},{"edgeID":"1779427","fromID":"1359322","toID":"1359318","formEdgeID":null},{"edgeID":"1779428","fromID":"1359323","toID":"1359286","formEdgeID":null},{"edgeID":"1779429","fromID":"1359288","toID":"1359323","formEdgeID":null},{"edgeID":"1779430","fromID":"1359318","toID":"1359324","formEdgeID":null},{"edgeID":"1779431","fromID":"1359324","toID":"1359286","formEdgeID":null},{"edgeID":"1779432","fromID":"1359286","toID":"1359325","formEdgeID":null},{"edgeID":"1779433","fromID":"1359325","toID":"1359317","formEdgeID":null},{"edgeID":"1779434","fromID":"1359328","toID":"1359327","formEdgeID":null},{"edgeID":"1779435","fromID":"1359329","toID":"1359328","formEdgeID":null},{"edgeID":"1779436","fromID":"1359331","toID":"1359330","formEdgeID":null},{"edgeID":"1779437","fromID":"1359332","toID":"1359331","formEdgeID":null},{"edgeID":"1779438","fromID":"1359330","toID":"1359333","formEdgeID":null},{"edgeID":"1779439","fromID":"1359333","toID":"1359326","formEdgeID":null},{"edgeID":"1779440","fromID":"1359327","toID":"1359334","formEdgeID":null},{"edgeID":"1779441","fromID":"1359334","toID":"1359330","formEdgeID":null},{"edgeID":"1779442","fromID":"1359327","toID":"1359335","formEdgeID":null},{"edgeID":"1779443","fromID":"1359335","toID":"1359185","formEdgeID":null},{"edgeID":"1779444","fromID":"1359326","toID":"1359336","formEdgeID":null},{"edgeID":"1779445","fromID":"1359336","toID":"1359317","formEdgeID":null},{"edgeID":"1779446","fromID":"1359318","toID":"1359337","formEdgeID":null},{"edgeID":"1779447","fromID":"1359337","toID":"1359327","formEdgeID":null},{"edgeID":"1779448","fromID":"1359337","toID":"1359338","formEdgeID":null},{"edgeID":"1779449","fromID":"1359338","toID":"1359336","formEdgeID":null},{"edgeID":"1779450","fromID":"1359202","toID":"1359339","formEdgeID":null},{"edgeID":"1779451","fromID":"1359339","toID":"1359210","formEdgeID":null},{"edgeID":"1779452","fromID":"1359248","toID":"1359340","formEdgeID":null},{"edgeID":"1779453","fromID":"1359340","toID":"1359242","formEdgeID":null},{"edgeID":"1779454","fromID":"1359253","toID":"1359341","formEdgeID":null},{"edgeID":"1779455","fromID":"1359341","toID":"1359340","formEdgeID":null},{"edgeID":"1779456","fromID":"1359291","toID":"1359342","formEdgeID":null},{"edgeID":"1779457","fromID":"1359342","toID":"1359266","formEdgeID":null},{"edgeID":"1779458","fromID":"1359267","toID":"1359343","formEdgeID":null},{"edgeID":"1779459","fromID":"1359343","toID":"1359292","formEdgeID":null},{"edgeID":"1779460","fromID":"1359343","toID":"1359344","formEdgeID":null},{"edgeID":"1779461","fromID":"1359344","toID":"1359342","formEdgeID":null}],"locutions":[]}