{"nodes":[{"nodeID":"1361147","text":"there is or is not someone in the audience who does think that having minimum service legislation is a good idea","type":"I","timestamp":"2023-11-09 14:26:58"},{"nodeID":"1361148","text":"Fiona Bruce: is there anyone in the audience who does think that having minimum service legislation is a good idea","type":"L","timestamp":"2023-11-09 14:26:58"},{"nodeID":"1361149","text":"Analysing","type":"YA","timestamp":"2023-11-09 14:26:58"},{"nodeID":"1361150","text":"Tuuli: Fiona Bruce: is there anyone in the audience who does think that having minimum service legislation is a good idea","type":"L","timestamp":"2023-11-09 14:26:58"},{"nodeID":"1361151","text":"Pure Questioning","type":"YA","timestamp":"2023-11-09 14:26:58"},{"nodeID":"1361152","text":"yes, there are a few","type":"I","timestamp":"2023-11-09 14:26:58"},{"nodeID":"1361153","text":"Fiona Bruce: Yes, there are a few","type":"L","timestamp":"2023-11-09 14:26:58"},{"nodeID":"1361154","text":"Analysing","type":"YA","timestamp":"2023-11-09 14:26:58"},{"nodeID":"1361155","text":"Tuuli: Fiona Bruce: Yes, there are a few","type":"L","timestamp":"2023-11-09 14:26:58"},{"nodeID":"1361156","text":"Asserting","type":"YA","timestamp":"2023-11-09 14:26:58"},{"nodeID":"1361157","text":"Default Transition","type":"TA","timestamp":"2023-11-09 14:26:58"},{"nodeID":"1361158","text":"Default Rephrase","type":"MA","timestamp":"2023-11-09 14:26:58"},{"nodeID":"1361159","text":"Default Illocuting","type":"YA","timestamp":"2023-11-09 14:26:58"},{"nodeID":"1361160","text":"the thought of one our family members lying in a desperate state waiting for an ambulance and it not turning up due to a strike is something that none of us could imagine","type":"I","timestamp":"2023-11-09 14:26:59"},{"nodeID":"1361161","text":"AudienceMember 20230126QT17: the thought of one our family members lying in a desperate state waiting for an ambulance and it not turning up due to a strike is something that none of us could imagine","type":"L","timestamp":"2023-11-09 14:26:59"},{"nodeID":"1361162","text":"Analysing","type":"YA","timestamp":"2023-11-09 14:26:59"},{"nodeID":"1361163","text":"Tuuli: AudienceMember 20230126QT17: the thought of one our family members lying in a desperate state waiting for an ambulance and it not turning up due to a strike is something that none of us could imagine","type":"L","timestamp":"2023-11-09 14:26:59"},{"nodeID":"1361164","text":"Asserting","type":"YA","timestamp":"2023-11-09 14:26:59"},{"nodeID":"1361165","text":"Default Transition","type":"TA","timestamp":"2023-11-09 14:26:59"},{"nodeID":"1361166","text":"none of us could imagine the desperation people would feel","type":"I","timestamp":"2023-11-09 14:27:00"},{"nodeID":"1361167","text":"AudienceMember 20230126QT17: the desperation people would feel","type":"L","timestamp":"2023-11-09 14:27:00"},{"nodeID":"1361168","text":"Analysing","type":"YA","timestamp":"2023-11-09 14:27:00"},{"nodeID":"1361169","text":"Tuuli: AudienceMember 20230126QT17: the desperation people would feel","type":"L","timestamp":"2023-11-09 14:27:00"},{"nodeID":"1361170","text":"Asserting","type":"YA","timestamp":"2023-11-09 14:27:00"},{"nodeID":"1361171","text":"Default Transition","type":"TA","timestamp":"2023-11-09 14:27:00"},{"nodeID":"1361172","text":"Default Inference","type":"RA","timestamp":"2023-11-09 14:27:00"},{"nodeID":"1361173","text":"Arguing","type":"YA","timestamp":"2023-11-09 14:27:00"},{"nodeID":"1361174","text":"AudienceMember 20230126QT17 has waited for an ambulance for a broken arm","type":"I","timestamp":"2023-11-09 14:27:00"},{"nodeID":"1361175","text":"AudienceMember 20230126QT17: I've waited for an ambulance for a broken arm","type":"L","timestamp":"2023-11-09 14:27:00"},{"nodeID":"1361176","text":"Analysing","type":"YA","timestamp":"2023-11-09 14:27:00"},{"nodeID":"1361177","text":"Tuuli: AudienceMember 20230126QT17: I've waited for an ambulance for a broken arm","type":"L","timestamp":"2023-11-09 14:27:00"},{"nodeID":"1361178","text":"Asserting","type":"YA","timestamp":"2023-11-09 14:27:00"},{"nodeID":"1361179","text":"waiting for an ambulance for a broken arm is not as extreme as someone waiting for a stroke","type":"I","timestamp":"2023-11-09 14:27:01"},{"nodeID":"1361180","text":"AudienceMember 20230126QT17: that is not as extreme as someone waiting for a stroke","type":"L","timestamp":"2023-11-09 14:27:01"},{"nodeID":"1361181","text":"Analysing","type":"YA","timestamp":"2023-11-09 14:27:01"},{"nodeID":"1361182","text":"Tuuli: AudienceMember 20230126QT17: that is not as extreme as someone waiting for a stroke","type":"L","timestamp":"2023-11-09 14:27:01"},{"nodeID":"1361183","text":"Asserting","type":"YA","timestamp":"2023-11-09 14:27:01"},{"nodeID":"1361184","text":"Default Transition","type":"TA","timestamp":"2023-11-09 14:27:01"},{"nodeID":"1361185","text":"Default Rephrase","type":"MA","timestamp":"2023-11-09 14:27:01"},{"nodeID":"1361186","text":"Restating","type":"YA","timestamp":"2023-11-09 14:27:01"},{"nodeID":"1361187","text":"AudienceMember 20230126QT17 can just imagine someone feeling\u2026with a stroke, waking up on a floor, waiting for one of our heroes","type":"I","timestamp":"2023-11-09 14:27:02"},{"nodeID":"1361188","text":"AudienceMember 20230126QT17: I can just imagine someone feeling\u2026with a stroke, waking up on a floor, waiting for one of our heroes","type":"L","timestamp":"2023-11-09 14:27:02"},{"nodeID":"1361189","text":"Analysing","type":"YA","timestamp":"2023-11-09 14:27:02"},{"nodeID":"1361190","text":"Tuuli: AudienceMember 20230126QT17: I can just imagine someone feeling\u2026with a stroke, waking up on a floor, waiting for one of our heroes","type":"L","timestamp":"2023-11-09 14:27:02"},{"nodeID":"1361191","text":"Asserting","type":"YA","timestamp":"2023-11-09 14:27:02"},{"nodeID":"1361192","text":"Default Transition","type":"TA","timestamp":"2023-11-09 14:27:02"},{"nodeID":"1361193","text":"Default Inference","type":"RA","timestamp":"2023-11-09 14:27:02"},{"nodeID":"1361194","text":"Arguing","type":"YA","timestamp":"2023-11-09 14:27:02"},{"nodeID":"1361195","text":"they are heroes, our NHS","type":"I","timestamp":"2023-11-09 14:27:02"},{"nodeID":"1361196","text":"AudienceMember 20230126QT17: they are heroes, our NHS","type":"L","timestamp":"2023-11-09 14:27:02"},{"nodeID":"1361197","text":"Analysing","type":"YA","timestamp":"2023-11-09 14:27:02"},{"nodeID":"1361198","text":"Tuuli: AudienceMember 20230126QT17: they are heroes, our NHS","type":"L","timestamp":"2023-11-09 14:27:02"},{"nodeID":"1361199","text":"Asserting","type":"YA","timestamp":"2023-11-09 14:27:02"},{"nodeID":"1361200","text":"Default Transition","type":"TA","timestamp":"2023-11-09 14:27:02"},{"nodeID":"1361201","text":"Default Rephrase","type":"MA","timestamp":"2023-11-09 14:27:02"},{"nodeID":"1361202","text":"Restating","type":"YA","timestamp":"2023-11-09 14:27:02"},{"nodeID":"1361203","text":"the NHS is coming to save us, in our desperate state of need","type":"I","timestamp":"2023-11-09 14:27:03"},{"nodeID":"1361204","text":"AudienceMember 20230126QT17: Coming to save us, in our desperate state of need","type":"L","timestamp":"2023-11-09 14:27:03"},{"nodeID":"1361205","text":"Analysing","type":"YA","timestamp":"2023-11-09 14:27:03"},{"nodeID":"1361206","text":"Tuuli: AudienceMember 20230126QT17: Coming to save us, in our desperate state of need","type":"L","timestamp":"2023-11-09 14:27:03"},{"nodeID":"1361207","text":"Asserting","type":"YA","timestamp":"2023-11-09 14:27:03"},{"nodeID":"1361208","text":"Default Transition","type":"TA","timestamp":"2023-11-09 14:27:03"},{"nodeID":"1361209","text":"Default Inference","type":"RA","timestamp":"2023-11-09 14:27:03"},{"nodeID":"1361210","text":"that the NHS coming to save us is not happening, is genuine to show that the NHS is at breaking point","type":"I","timestamp":"2023-11-09 14:27:03"},{"nodeID":"1361211","text":"AudienceMember 20230126QT17: that not happening, is genuine to show that the NHS is at breaking point","type":"L","timestamp":"2023-11-09 14:27:03"},{"nodeID":"1361212","text":"Analysing","type":"YA","timestamp":"2023-11-09 14:27:03"},{"nodeID":"1361213","text":"Tuuli: AudienceMember 20230126QT17: that not happening, is genuine to show that the NHS is at breaking point","type":"L","timestamp":"2023-11-09 14:27:03"},{"nodeID":"1361214","text":"Asserting","type":"YA","timestamp":"2023-11-09 14:27:03"},{"nodeID":"1361215","text":"Default Conflict","type":"CA","timestamp":"2023-11-09 14:27:03"},{"nodeID":"1361216","text":"Default Transition","type":"TA","timestamp":"2023-11-09 14:27:03"},{"nodeID":"1361217","text":"Disagreeing","type":"YA","timestamp":"2023-11-09 14:27:03"},{"nodeID":"1361218","text":"the NHS being at breaking point needs a solution","type":"I","timestamp":"2023-11-09 14:27:04"},{"nodeID":"1361219","text":"AudienceMember 20230126QT17: it needs a solution","type":"L","timestamp":"2023-11-09 14:27:04"},{"nodeID":"1361220","text":"Analysing","type":"YA","timestamp":"2023-11-09 14:27:04"},{"nodeID":"1361221","text":"Tuuli: AudienceMember 20230126QT17: it needs a solution","type":"L","timestamp":"2023-11-09 14:27:04"},{"nodeID":"1361222","text":"Asserting","type":"YA","timestamp":"2023-11-09 14:27:04"},{"nodeID":"1361223","text":"the Government needs to get up","type":"I","timestamp":"2023-11-09 14:27:05"},{"nodeID":"1361224","text":"AudienceMember 20230126QT17: the Government needs to get up","type":"L","timestamp":"2023-11-09 14:27:05"},{"nodeID":"1361225","text":"Analysing","type":"YA","timestamp":"2023-11-09 14:27:05"},{"nodeID":"1361226","text":"Tuuli: AudienceMember 20230126QT17: the Government needs to get up","type":"L","timestamp":"2023-11-09 14:27:05"},{"nodeID":"1361227","text":"Asserting","type":"YA","timestamp":"2023-11-09 14:27:05"},{"nodeID":"1361228","text":"the Government needs to make a solution","type":"I","timestamp":"2023-11-09 14:27:05"},{"nodeID":"1361229","text":"AudienceMember 20230126QT17: make a solution","type":"L","timestamp":"2023-11-09 14:27:05"},{"nodeID":"1361230","text":"Analysing","type":"YA","timestamp":"2023-11-09 14:27:05"},{"nodeID":"1361231","text":"Tuuli: AudienceMember 20230126QT17: make a solution","type":"L","timestamp":"2023-11-09 14:27:05"},{"nodeID":"1361232","text":"Asserting","type":"YA","timestamp":"2023-11-09 14:27:05"},{"nodeID":"1361233","text":"the Government needs to make a solution quickly","type":"I","timestamp":"2023-11-09 14:27:06"},{"nodeID":"1361234","text":"AudienceMember 20230126QT17: do it quickly","type":"L","timestamp":"2023-11-09 14:27:06"},{"nodeID":"1361235","text":"Analysing","type":"YA","timestamp":"2023-11-09 14:27:06"},{"nodeID":"1361236","text":"Tuuli: AudienceMember 20230126QT17: do it quickly","type":"L","timestamp":"2023-11-09 14:27:06"},{"nodeID":"1361237","text":"Asserting","type":"YA","timestamp":"2023-11-09 14:27:06"},{"nodeID":"1361238","text":"Default Rephrase","type":"MA","timestamp":"2023-11-09 14:27:06"},{"nodeID":"1361239","text":"Default Transition","type":"TA","timestamp":"2023-11-09 14:27:06"},{"nodeID":"1361240","text":"Restating","type":"YA","timestamp":"2023-11-09 14:27:06"},{"nodeID":"1361241","text":"Default Inference","type":"RA","timestamp":"2023-11-09 14:27:06"},{"nodeID":"1361242","text":"Default Transition","type":"TA","timestamp":"2023-11-09 14:27:06"},{"nodeID":"1361243","text":"Arguing","type":"YA","timestamp":"2023-11-09 14:27:06"},{"nodeID":"1361244","text":"Default Rephrase","type":"MA","timestamp":"2023-11-09 14:27:06"},{"nodeID":"1361245","text":"Default Transition","type":"TA","timestamp":"2023-11-09 14:27:06"},{"nodeID":"1361246","text":"Restating","type":"YA","timestamp":"2023-11-09 14:27:06"},{"nodeID":"1361247","text":"Default Inference","type":"RA","timestamp":"2023-11-09 14:27:06"},{"nodeID":"1361248","text":"Default Transition","type":"TA","timestamp":"2023-11-09 14:27:06"},{"nodeID":"1361249","text":"Arguing","type":"YA","timestamp":"2023-11-09 14:27:06"},{"nodeID":"1361250","text":"Default Inference","type":"RA","timestamp":"2023-11-09 14:27:06"},{"nodeID":"1361251","text":"Default Transition","type":"TA","timestamp":"2023-11-09 14:27:06"},{"nodeID":"1361252","text":"Arguing","type":"YA","timestamp":"2023-11-09 14:27:06"}],"edges":[{"edgeID":"1781614","fromID":"1361149","toID":"1361148","formEdgeID":null},{"edgeID":"1781615","fromID":"1361150","toID":"1361149","formEdgeID":null},{"edgeID":"1781616","fromID":"1361148","toID":"1361151","formEdgeID":null},{"edgeID":"1781617","fromID":"1361151","toID":"1361147","formEdgeID":null},{"edgeID":"1781618","fromID":"1361154","toID":"1361153","formEdgeID":null},{"edgeID":"1781619","fromID":"1361155","toID":"1361154","formEdgeID":null},{"edgeID":"1781620","fromID":"1361153","toID":"1361156","formEdgeID":null},{"edgeID":"1781621","fromID":"1361156","toID":"1361152","formEdgeID":null},{"edgeID":"1781622","fromID":"1361148","toID":"1361157","formEdgeID":null},{"edgeID":"1781623","fromID":"1361157","toID":"1361153","formEdgeID":null},{"edgeID":"1781624","fromID":"1361152","toID":"1361158","formEdgeID":null},{"edgeID":"1781625","fromID":"1361158","toID":"1361147","formEdgeID":null},{"edgeID":"1781626","fromID":"1361157","toID":"1361159","formEdgeID":null},{"edgeID":"1781627","fromID":"1361159","toID":"1361158","formEdgeID":null},{"edgeID":"1781628","fromID":"1361162","toID":"1361161","formEdgeID":null},{"edgeID":"1781629","fromID":"1361163","toID":"1361162","formEdgeID":null},{"edgeID":"1781630","fromID":"1361161","toID":"1361164","formEdgeID":null},{"edgeID":"1781631","fromID":"1361164","toID":"1361160","formEdgeID":null},{"edgeID":"1781632","fromID":"1361153","toID":"1361165","formEdgeID":null},{"edgeID":"1781633","fromID":"1361165","toID":"1361161","formEdgeID":null},{"edgeID":"1781634","fromID":"1361168","toID":"1361167","formEdgeID":null},{"edgeID":"1781635","fromID":"1361169","toID":"1361168","formEdgeID":null},{"edgeID":"1781636","fromID":"1361167","toID":"1361170","formEdgeID":null},{"edgeID":"1781637","fromID":"1361170","toID":"1361166","formEdgeID":null},{"edgeID":"1781638","fromID":"1361161","toID":"1361171","formEdgeID":null},{"edgeID":"1781639","fromID":"1361171","toID":"1361167","formEdgeID":null},{"edgeID":"1781640","fromID":"1361160","toID":"1361172","formEdgeID":null},{"edgeID":"1781641","fromID":"1361172","toID":"1361166","formEdgeID":null},{"edgeID":"1781642","fromID":"1361171","toID":"1361173","formEdgeID":null},{"edgeID":"1781643","fromID":"1361173","toID":"1361172","formEdgeID":null},{"edgeID":"1781644","fromID":"1361176","toID":"1361175","formEdgeID":null},{"edgeID":"1781645","fromID":"1361177","toID":"1361176","formEdgeID":null},{"edgeID":"1781646","fromID":"1361175","toID":"1361178","formEdgeID":null},{"edgeID":"1781647","fromID":"1361178","toID":"1361174","formEdgeID":null},{"edgeID":"1781648","fromID":"1361181","toID":"1361180","formEdgeID":null},{"edgeID":"1781649","fromID":"1361182","toID":"1361181","formEdgeID":null},{"edgeID":"1781650","fromID":"1361180","toID":"1361183","formEdgeID":null},{"edgeID":"1781651","fromID":"1361183","toID":"1361179","formEdgeID":null},{"edgeID":"1781652","fromID":"1361175","toID":"1361184","formEdgeID":null},{"edgeID":"1781653","fromID":"1361184","toID":"1361180","formEdgeID":null},{"edgeID":"1781654","fromID":"1361179","toID":"1361185","formEdgeID":null},{"edgeID":"1781655","fromID":"1361185","toID":"1361174","formEdgeID":null},{"edgeID":"1781656","fromID":"1361184","toID":"1361186","formEdgeID":null},{"edgeID":"1781657","fromID":"1361186","toID":"1361185","formEdgeID":null},{"edgeID":"1781658","fromID":"1361189","toID":"1361188","formEdgeID":null},{"edgeID":"1781659","fromID":"1361190","toID":"1361189","formEdgeID":null},{"edgeID":"1781660","fromID":"1361188","toID":"1361191","formEdgeID":null},{"edgeID":"1781661","fromID":"1361191","toID":"1361187","formEdgeID":null},{"edgeID":"1781662","fromID":"1361180","toID":"1361192","formEdgeID":null},{"edgeID":"1781663","fromID":"1361192","toID":"1361188","formEdgeID":null},{"edgeID":"1781664","fromID":"1361179","toID":"1361193","formEdgeID":null},{"edgeID":"1781665","fromID":"1361193","toID":"1361187","formEdgeID":null},{"edgeID":"1781666","fromID":"1361192","toID":"1361194","formEdgeID":null},{"edgeID":"1781667","fromID":"1361194","toID":"1361193","formEdgeID":null},{"edgeID":"1781668","fromID":"1361197","toID":"1361196","formEdgeID":null},{"edgeID":"1781669","fromID":"1361198","toID":"1361197","formEdgeID":null},{"edgeID":"1781670","fromID":"1361196","toID":"1361199","formEdgeID":null},{"edgeID":"1781671","fromID":"1361199","toID":"1361195","formEdgeID":null},{"edgeID":"1781672","fromID":"1361188","toID":"1361200","formEdgeID":null},{"edgeID":"1781673","fromID":"1361200","toID":"1361196","formEdgeID":null},{"edgeID":"1781674","fromID":"1361195","toID":"1361201","formEdgeID":null},{"edgeID":"1781675","fromID":"1361201","toID":"1361187","formEdgeID":null},{"edgeID":"1781676","fromID":"1361200","toID":"1361202","formEdgeID":null},{"edgeID":"1781677","fromID":"1361202","toID":"1361201","formEdgeID":null},{"edgeID":"1781678","fromID":"1361205","toID":"1361204","formEdgeID":null},{"edgeID":"1781679","fromID":"1361206","toID":"1361205","formEdgeID":null},{"edgeID":"1781680","fromID":"1361204","toID":"1361207","formEdgeID":null},{"edgeID":"1781681","fromID":"1361207","toID":"1361203","formEdgeID":null},{"edgeID":"1781682","fromID":"1361196","toID":"1361208","formEdgeID":null},{"edgeID":"1781683","fromID":"1361208","toID":"1361204","formEdgeID":null},{"edgeID":"1781684","fromID":"1361203","toID":"1361209","formEdgeID":null},{"edgeID":"1781685","fromID":"1361209","toID":"1361195","formEdgeID":null},{"edgeID":"1781686","fromID":"1361212","toID":"1361211","formEdgeID":null},{"edgeID":"1781687","fromID":"1361213","toID":"1361212","formEdgeID":null},{"edgeID":"1781688","fromID":"1361211","toID":"1361214","formEdgeID":null},{"edgeID":"1781689","fromID":"1361214","toID":"1361210","formEdgeID":null},{"edgeID":"1781690","fromID":"1361210","toID":"1361215","formEdgeID":null},{"edgeID":"1781691","fromID":"1361215","toID":"1361203","formEdgeID":null},{"edgeID":"1781692","fromID":"1361204","toID":"1361216","formEdgeID":null},{"edgeID":"1781693","fromID":"1361216","toID":"1361211","formEdgeID":null},{"edgeID":"1781694","fromID":"1361216","toID":"1361217","formEdgeID":null},{"edgeID":"1781695","fromID":"1361217","toID":"1361215","formEdgeID":null},{"edgeID":"1781696","fromID":"1361220","toID":"1361219","formEdgeID":null},{"edgeID":"1781697","fromID":"1361221","toID":"1361220","formEdgeID":null},{"edgeID":"1781698","fromID":"1361219","toID":"1361222","formEdgeID":null},{"edgeID":"1781699","fromID":"1361222","toID":"1361218","formEdgeID":null},{"edgeID":"1781700","fromID":"1361225","toID":"1361224","formEdgeID":null},{"edgeID":"1781701","fromID":"1361226","toID":"1361225","formEdgeID":null},{"edgeID":"1781702","fromID":"1361224","toID":"1361227","formEdgeID":null},{"edgeID":"1781703","fromID":"1361227","toID":"1361223","formEdgeID":null},{"edgeID":"1781704","fromID":"1361230","toID":"1361229","formEdgeID":null},{"edgeID":"1781705","fromID":"1361231","toID":"1361230","formEdgeID":null},{"edgeID":"1781706","fromID":"1361229","toID":"1361232","formEdgeID":null},{"edgeID":"1781707","fromID":"1361232","toID":"1361228","formEdgeID":null},{"edgeID":"1781708","fromID":"1361235","toID":"1361234","formEdgeID":null},{"edgeID":"1781709","fromID":"1361236","toID":"1361235","formEdgeID":null},{"edgeID":"1781710","fromID":"1361234","toID":"1361237","formEdgeID":null},{"edgeID":"1781711","fromID":"1361237","toID":"1361233","formEdgeID":null},{"edgeID":"1781712","fromID":"1361218","toID":"1361238","formEdgeID":null},{"edgeID":"1781713","fromID":"1361238","toID":"1361210","formEdgeID":null},{"edgeID":"1781714","fromID":"1361211","toID":"1361239","formEdgeID":null},{"edgeID":"1781715","fromID":"1361239","toID":"1361219","formEdgeID":null},{"edgeID":"1781716","fromID":"1361239","toID":"1361240","formEdgeID":null},{"edgeID":"1781717","fromID":"1361240","toID":"1361238","formEdgeID":null},{"edgeID":"1781718","fromID":"1361203","toID":"1361241","formEdgeID":null},{"edgeID":"1781719","fromID":"1361241","toID":"1361218","formEdgeID":null},{"edgeID":"1781720","fromID":"1361204","toID":"1361242","formEdgeID":null},{"edgeID":"1781721","fromID":"1361242","toID":"1361219","formEdgeID":null},{"edgeID":"1781722","fromID":"1361242","toID":"1361243","formEdgeID":null},{"edgeID":"1781723","fromID":"1361243","toID":"1361241","formEdgeID":null},{"edgeID":"1781724","fromID":"1361233","toID":"1361244","formEdgeID":null},{"edgeID":"1781725","fromID":"1361244","toID":"1361228","formEdgeID":null},{"edgeID":"1781726","fromID":"1361229","toID":"1361245","formEdgeID":null},{"edgeID":"1781727","fromID":"1361245","toID":"1361234","formEdgeID":null},{"edgeID":"1781728","fromID":"1361245","toID":"1361246","formEdgeID":null},{"edgeID":"1781729","fromID":"1361246","toID":"1361244","formEdgeID":null},{"edgeID":"1781730","fromID":"1361218","toID":"1361247","formEdgeID":null},{"edgeID":"1781731","fromID":"1361247","toID":"1361228","formEdgeID":null},{"edgeID":"1781732","fromID":"1361219","toID":"1361248","formEdgeID":null},{"edgeID":"1781733","fromID":"1361248","toID":"1361229","formEdgeID":null},{"edgeID":"1781734","fromID":"1361248","toID":"1361249","formEdgeID":null},{"edgeID":"1781735","fromID":"1361249","toID":"1361247","formEdgeID":null},{"edgeID":"1781736","fromID":"1361218","toID":"1361250","formEdgeID":null},{"edgeID":"1781737","fromID":"1361250","toID":"1361223","formEdgeID":null},{"edgeID":"1781738","fromID":"1361228","toID":"1361250","formEdgeID":null},{"edgeID":"1781739","fromID":"1361219","toID":"1361251","formEdgeID":null},{"edgeID":"1781740","fromID":"1361251","toID":"1361224","formEdgeID":null},{"edgeID":"1781741","fromID":"1361251","toID":"1361252","formEdgeID":null},{"edgeID":"1781742","fromID":"1361252","toID":"1361250","formEdgeID":null}],"locutions":[]}