{"nodes":[{"nodeID":"1359855","text":"AudienceMember20230126QT02 is a junior doctor","type":"I","timestamp":"2023-11-09 14:24:56"},{"nodeID":"1359856","text":"Anna Soubry: You're a junior doctor","type":"L","timestamp":"2023-11-09 14:24:56"},{"nodeID":"1359857","text":"Analysing","type":"YA","timestamp":"2023-11-09 14:24:56"},{"nodeID":"1359858","text":"Jordan: Anna Soubry: You're a junior doctor","type":"L","timestamp":"2023-11-09 14:24:56"},{"nodeID":"1359859","text":"Asserting","type":"YA","timestamp":"2023-11-09 14:24:56"},{"nodeID":"1359860","text":"Anna Soubry is a trustee of a little charity called Doctors in Distress","type":"I","timestamp":"2023-11-09 14:24:57"},{"nodeID":"1359861","text":"Anna Soubry: I'm a trustee of a little charity called Doctors in Distress","type":"L","timestamp":"2023-11-09 14:24:57"},{"nodeID":"1359862","text":"Jordan: Anna Soubry: I'm a trustee of a little charity called Doctors in Distress","type":"L","timestamp":"2023-11-09 14:24:57"},{"nodeID":"1359863","text":"Analysing","type":"YA","timestamp":"2023-11-09 14:24:57"},{"nodeID":"1359864","text":"Asserting","type":"YA","timestamp":"2023-11-09 14:24:57"},{"nodeID":"1359865","text":"we know as you know the reality of what's happening in our NHS","type":"I","timestamp":"2023-11-09 14:24:57"},{"nodeID":"1359866","text":"Anna Soubry: we know as you know the reality","type":"L","timestamp":"2023-11-09 14:24:57"},{"nodeID":"1359867","text":"Analysing","type":"YA","timestamp":"2023-11-09 14:24:57"},{"nodeID":"1359868","text":"Jordan: Anna Soubry: we know as you know the reality","type":"L","timestamp":"2023-11-09 14:24:57"},{"nodeID":"1359869","text":"Asserting","type":"YA","timestamp":"2023-11-09 14:24:57"},{"nodeID":"1359870","text":"Default Transition","type":"TA","timestamp":"2023-11-09 14:24:57"},{"nodeID":"1359871","text":"Default Transition","type":"TA","timestamp":"2023-11-09 14:24:57"},{"nodeID":"1359872","text":"Default Inference","type":"RA","timestamp":"2023-11-09 14:24:57"},{"nodeID":"1359873","text":"Arguing","type":"YA","timestamp":"2023-11-09 14:24:57"},{"nodeID":"1359874","text":"Analysing","type":"YA","timestamp":"2023-11-09 14:24:57"},{"nodeID":"1359875","text":"Jordan: Anna Soubry:  lots of you know the reality of what's happening in our NHS","type":"L","timestamp":"2023-11-09 14:24:57"},{"nodeID":"1359876","text":"Anna Soubry:  lots of you know the reality of what's happening in our NHS","type":"L","timestamp":"2023-11-09 14:24:57"},{"nodeID":"1359877","text":"Default Transition","type":"TA","timestamp":"2023-11-09 14:24:57"},{"nodeID":"1359878","text":"Asserting","type":"YA","timestamp":"2023-11-09 14:24:57"},{"nodeID":"1359879","text":"we have people on the frontline who go into medicine","type":"I","timestamp":"2023-11-09 14:24:58"},{"nodeID":"1359880","text":"Anna Soubry: We have people on the frontline who go into medicine","type":"L","timestamp":"2023-11-09 14:24:58"},{"nodeID":"1359881","text":"Analysing","type":"YA","timestamp":"2023-11-09 14:24:58"},{"nodeID":"1359882","text":"Jordan: Anna Soubry: We have people on the frontline who go into medicine","type":"L","timestamp":"2023-11-09 14:24:58"},{"nodeID":"1359883","text":"Asserting","type":"YA","timestamp":"2023-11-09 14:24:58"},{"nodeID":"1359884","text":"Default Transition","type":"TA","timestamp":"2023-11-09 14:24:58"},{"nodeID":"1359885","text":"the people on the frontline are burnt out","type":"I","timestamp":"2023-11-09 14:24:59"},{"nodeID":"1359886","text":"Anna Soubry: These people are burnt out","type":"L","timestamp":"2023-11-09 14:24:59"},{"nodeID":"1359887","text":"Analysing","type":"YA","timestamp":"2023-11-09 14:24:59"},{"nodeID":"1359888","text":"Jordan: Anna Soubry: These people are burnt out","type":"L","timestamp":"2023-11-09 14:24:59"},{"nodeID":"1359889","text":"Asserting","type":"YA","timestamp":"2023-11-09 14:24:59"},{"nodeID":"1359890","text":"the people on the frontline are at their wits end","type":"I","timestamp":"2023-11-09 14:25:00"},{"nodeID":"1359891","text":"Anna Soubry: They are at their wits end","type":"L","timestamp":"2023-11-09 14:25:00"},{"nodeID":"1359892","text":"Analysing","type":"YA","timestamp":"2023-11-09 14:25:00"},{"nodeID":"1359893","text":"Jordan: Anna Soubry: They are at their wits end","type":"L","timestamp":"2023-11-09 14:25:00"},{"nodeID":"1359894","text":"Asserting","type":"YA","timestamp":"2023-11-09 14:25:00"},{"nodeID":"1359895","text":"Default Rephrase","type":"MA","timestamp":"2023-11-09 14:25:00"},{"nodeID":"1359896","text":"Default Transition","type":"TA","timestamp":"2023-11-09 14:25:00"},{"nodeID":"1359897","text":"Restating","type":"YA","timestamp":"2023-11-09 14:25:00"},{"nodeID":"1359898","text":"the people on the frontline are leaving","type":"I","timestamp":"2023-11-09 14:25:01"},{"nodeID":"1359899","text":"Anna Soubry: they are leaving","type":"L","timestamp":"2023-11-09 14:25:01"},{"nodeID":"1359900","text":"Jordan: Anna Soubry: they are leaving","type":"L","timestamp":"2023-11-09 14:25:01"},{"nodeID":"1359901","text":"Analysing","type":"YA","timestamp":"2023-11-09 14:25:01"},{"nodeID":"1359902","text":"Asserting","type":"YA","timestamp":"2023-11-09 14:25:01"},{"nodeID":"1359903","text":"Default Transition","type":"TA","timestamp":"2023-11-09 14:25:01"},{"nodeID":"1359904","text":"the people on the frontline are wracked with guilt and shame that they can't deliver the service that they want to deliver and we expect","type":"I","timestamp":"2023-11-09 14:25:01"},{"nodeID":"1359905","text":"Anna Soubry: they are wracked with guilt and shame that they can't deliver the service that they want to deliver and we expect","type":"L","timestamp":"2023-11-09 14:25:01"},{"nodeID":"1359906","text":"Jordan: Anna Soubry: they are wracked with guilt and shame that they can't deliver the service that they want to deliver and we expect","type":"L","timestamp":"2023-11-09 14:25:01"},{"nodeID":"1359907","text":"Analysing","type":"YA","timestamp":"2023-11-09 14:25:01"},{"nodeID":"1359908","text":"Asserting","type":"YA","timestamp":"2023-11-09 14:25:01"},{"nodeID":"1359909","text":"Default Inference","type":"RA","timestamp":"2023-11-09 14:25:01"},{"nodeID":"1359910","text":"Default Transition","type":"TA","timestamp":"2023-11-09 14:25:01"},{"nodeID":"1359911","text":"Arguing","type":"YA","timestamp":"2023-11-09 14:25:01"},{"nodeID":"1359912","text":"sort out the staffing, increase the morale therefore of our workforce and let them get on and treat patients","type":"I","timestamp":"2023-11-09 14:25:02"},{"nodeID":"1359913","text":"Anna Soubry: sort out the staffing, increase the morale therefore of our workforce and let them get on and treat patients","type":"L","timestamp":"2023-11-09 14:25:02"},{"nodeID":"1359914","text":"Analysing","type":"YA","timestamp":"2023-11-09 14:25:02"},{"nodeID":"1359915","text":"Jordan: Anna Soubry: sort out the staffing, increase the morale therefore of our workforce and let them get on and treat patients","type":"L","timestamp":"2023-11-09 14:25:02"},{"nodeID":"1359916","text":"Asserting","type":"YA","timestamp":"2023-11-09 14:25:02"},{"nodeID":"1359917","text":"Default Transition","type":"TA","timestamp":"2023-11-09 14:25:02"},{"nodeID":"1359918","text":"Default Inference","type":"RA","timestamp":"2023-11-09 14:25:02"},{"nodeID":"1359919","text":"Arguing","type":"YA","timestamp":"2023-11-09 14:25:02"},{"nodeID":"1359920","text":"let's bring back all those EU workers and fill some of the gaps in our staffing levels","type":"I","timestamp":"2023-11-09 14:25:03"},{"nodeID":"1359921","text":"Anna Soubry: Let's bring back all those EU workers and fill some of the gaps in our staffing levels","type":"L","timestamp":"2023-11-09 14:25:03"},{"nodeID":"1359922","text":"Jordan: Anna Soubry: Let's bring back all those EU workers and fill some of the gaps in our staffing levels","type":"L","timestamp":"2023-11-09 14:25:03"},{"nodeID":"1359923","text":"Analysing","type":"YA","timestamp":"2023-11-09 14:25:03"},{"nodeID":"1359924","text":"Asserting","type":"YA","timestamp":"2023-11-09 14:25:03"},{"nodeID":"1359925","text":"Default Transition","type":"TA","timestamp":"2023-11-09 14:25:03"},{"nodeID":"1359926","text":"one in eight posts in the NHS is unfilled","type":"I","timestamp":"2023-11-09 14:25:04"},{"nodeID":"1359927","text":"Anna Soubry: one in eight posts is unfilled","type":"L","timestamp":"2023-11-09 14:25:04"},{"nodeID":"1359928","text":"Jordan: Anna Soubry: one in eight posts is unfilled","type":"L","timestamp":"2023-11-09 14:25:04"},{"nodeID":"1359929","text":"Analysing","type":"YA","timestamp":"2023-11-09 14:25:04"},{"nodeID":"1359930","text":"Asserting","type":"YA","timestamp":"2023-11-09 14:25:04"},{"nodeID":"1359931","text":"Default Transition","type":"TA","timestamp":"2023-11-09 14:25:04"},{"nodeID":"1359932","text":"Default Inference","type":"RA","timestamp":"2023-11-09 14:25:04"},{"nodeID":"1359933","text":"Arguing","type":"YA","timestamp":"2023-11-09 14:25:04"},{"nodeID":"1359934","text":"what's happening in the NHS is a crisis","type":"I","timestamp":"2023-11-09 14:25:04"},{"nodeID":"1359935","text":"Anna Soubry: It's a crisis","type":"L","timestamp":"2023-11-09 14:25:04"},{"nodeID":"1359936","text":"Analysing","type":"YA","timestamp":"2023-11-09 14:25:04"},{"nodeID":"1359937","text":"Jordan: Anna Soubry: It's a crisis","type":"L","timestamp":"2023-11-09 14:25:04"},{"nodeID":"1359938","text":"Asserting","type":"YA","timestamp":"2023-11-09 14:25:04"},{"nodeID":"1359939","text":"Default Inference","type":"RA","timestamp":"2023-11-09 14:25:04"},{"nodeID":"1359940","text":"Default Transition","type":"TA","timestamp":"2023-11-09 14:25:04"},{"nodeID":"1359941","text":"Arguing","type":"YA","timestamp":"2023-11-09 14:25:04"},{"nodeID":"1359942","text":"Default Rephrase","type":"MA","timestamp":"2023-11-09 14:25:04"},{"nodeID":"1359943","text":"Default Transition","type":"TA","timestamp":"2023-11-09 14:25:04"},{"nodeID":"1359944","text":"Restating","type":"YA","timestamp":"2023-11-09 14:25:04"},{"nodeID":"1359945","text":"the third thing which this Government must do, is make now the changes to social care","type":"I","timestamp":"2023-11-09 14:25:05"},{"nodeID":"1359946","text":"Anna Soubry: the third thing which this Government must do, is make now the changes to social care","type":"L","timestamp":"2023-11-09 14:25:05"},{"nodeID":"1359947","text":"Analysing","type":"YA","timestamp":"2023-11-09 14:25:05"},{"nodeID":"1359948","text":"Jordan: Anna Soubry: the third thing which this Government must do, is make now the changes to social care","type":"L","timestamp":"2023-11-09 14:25:05"},{"nodeID":"1359949","text":"Asserting","type":"YA","timestamp":"2023-11-09 14:25:05"},{"nodeID":"1359950","text":"Default Transition","type":"TA","timestamp":"2023-11-09 14:25:05"},{"nodeID":"1359951","text":"one in eight beds are blocked by somebody who can't go into a care home","type":"I","timestamp":"2023-11-09 14:25:06"},{"nodeID":"1359952","text":"Anna Soubry: One in eight beds is blocked by somebody who can't go into a care home","type":"L","timestamp":"2023-11-09 14:25:06"},{"nodeID":"1359953","text":"Analysing","type":"YA","timestamp":"2023-11-09 14:25:06"},{"nodeID":"1359954","text":"Jordan: Anna Soubry: One in eight beds is blocked by somebody who can't go into a care home","type":"L","timestamp":"2023-11-09 14:25:06"},{"nodeID":"1359955","text":"Asserting","type":"YA","timestamp":"2023-11-09 14:25:06"},{"nodeID":"1359956","text":"Default Transition","type":"TA","timestamp":"2023-11-09 14:25:06"},{"nodeID":"1359957","text":"Default Inference","type":"RA","timestamp":"2023-11-09 14:25:06"},{"nodeID":"1359958","text":"Arguing","type":"YA","timestamp":"2023-11-09 14:25:06"},{"nodeID":"1359959","text":"Anna Soubry was in a government that knocked the NHS into the long grass","type":"I","timestamp":"2023-11-09 14:25:07"},{"nodeID":"1359960","text":"Anna Soubry: I was in a government that knocked it into the long grass","type":"L","timestamp":"2023-11-09 14:25:07"},{"nodeID":"1359961","text":"Analysing","type":"YA","timestamp":"2023-11-09 14:25:07"},{"nodeID":"1359962","text":"Jordan: Anna Soubry: I was in a government that knocked it into the long grass","type":"L","timestamp":"2023-11-09 14:25:07"},{"nodeID":"1359963","text":"Asserting","type":"YA","timestamp":"2023-11-09 14:25:07"},{"nodeID":"1359964","text":"Default Transition","type":"TA","timestamp":"2023-11-09 14:25:07"},{"nodeID":"1359965","text":"knocking the NHS into the long grass is not good enough","type":"I","timestamp":"2023-11-09 14:25:08"},{"nodeID":"1359966","text":"Anna Soubry: it's not good enough","type":"L","timestamp":"2023-11-09 14:25:08"},{"nodeID":"1359967","text":"Analysing","type":"YA","timestamp":"2023-11-09 14:25:08"},{"nodeID":"1359968","text":"Jordan: Anna Soubry: it's not good enough","type":"L","timestamp":"2023-11-09 14:25:08"},{"nodeID":"1359969","text":"Asserting","type":"YA","timestamp":"2023-11-09 14:25:08"},{"nodeID":"1359970","text":"Default Transition","type":"TA","timestamp":"2023-11-09 14:25:08"},{"nodeID":"1359971","text":"Default Inference","type":"RA","timestamp":"2023-11-09 14:25:08"},{"nodeID":"1359972","text":"saving the NHS means Anna Soubry has to pay more tax","type":"I","timestamp":"2023-11-09 14:25:08"},{"nodeID":"1359973","text":"Anna Soubry: it means I have to pay more tax","type":"L","timestamp":"2023-11-09 14:25:08"},{"nodeID":"1359974","text":"Analysing","type":"YA","timestamp":"2023-11-09 14:25:08"},{"nodeID":"1359975","text":"Jordan: Anna Soubry: it means I have to pay more tax","type":"L","timestamp":"2023-11-09 14:25:08"},{"nodeID":"1359976","text":"Asserting","type":"YA","timestamp":"2023-11-09 14:25:08"},{"nodeID":"1359977","text":"Default Transition","type":"TA","timestamp":"2023-11-09 14:25:08"},{"nodeID":"1359978","text":"Anna Soubry will pay more tax to give us an NHS which is doing the job we all want it to do","type":"I","timestamp":"2023-11-09 14:25:09"},{"nodeID":"1359979","text":"Anna Soubry: I'll pay more tax to give us an NHS which is doing the job we all want it to do","type":"L","timestamp":"2023-11-09 14:25:09"},{"nodeID":"1359980","text":"Analysing","type":"YA","timestamp":"2023-11-09 14:25:09"},{"nodeID":"1359981","text":"Jordan: Anna Soubry: I'll pay more tax to give us an NHS which is doing the job we all want it to do","type":"L","timestamp":"2023-11-09 14:25:09"},{"nodeID":"1359982","text":"Asserting","type":"YA","timestamp":"2023-11-09 14:25:09"},{"nodeID":"1359983","text":"Default Transition","type":"TA","timestamp":"2023-11-09 14:25:09"},{"nodeID":"1359984","text":"Default Inference","type":"RA","timestamp":"2023-11-09 14:25:09"},{"nodeID":"1359985","text":"Arguing","type":"YA","timestamp":"2023-11-09 14:25:09"},{"nodeID":"1359986","text":"Default Inference","type":"RA","timestamp":"2023-11-09 14:25:09"},{"nodeID":"1359987","text":"Arguing","type":"YA","timestamp":"2023-11-09 14:25:09"},{"nodeID":"1359988","text":"the people on the frontline care passionately about helping people get better","type":"I","timestamp":"2023-11-09 14:25:10"},{"nodeID":"1359989","text":"Anna Soubry: they care passionately to help people get better","type":"L","timestamp":"2023-11-09 14:25:10"},{"nodeID":"1359990","text":"Analysing","type":"YA","timestamp":"2023-11-09 14:25:10"},{"nodeID":"1359991","text":"Jordan: Anna Soubry: they care passionately to help people get better","type":"L","timestamp":"2023-11-09 14:25:10"},{"nodeID":"1359992","text":"Asserting","type":"YA","timestamp":"2023-11-09 14:25:10"},{"nodeID":"1359993","text":"Default Transition","type":"TA","timestamp":"2023-11-09 14:25:10"},{"nodeID":"1359994","text":"Default Inference","type":"RA","timestamp":"2023-11-09 14:25:10"},{"nodeID":"1359995","text":"Arguing","type":"YA","timestamp":"2023-11-09 14:25:10"},{"nodeID":"1359996","text":"if the people on the frontline can't make people get better, they try to ease their pain and discomfort","type":"I","timestamp":"2023-11-09 14:25:11"},{"nodeID":"1359997","text":"Anna Soubry: if they can't make them better, to ease their pain and discomfort","type":"L","timestamp":"2023-11-09 14:25:11"},{"nodeID":"1359998","text":"Analysing","type":"YA","timestamp":"2023-11-09 14:25:11"},{"nodeID":"1359999","text":"Jordan: Anna Soubry: if they can't make them better, to ease their pain and discomfort","type":"L","timestamp":"2023-11-09 14:25:11"},{"nodeID":"1360000","text":"Asserting","type":"YA","timestamp":"2023-11-09 14:25:11"},{"nodeID":"1360001","text":"Default Transition","type":"TA","timestamp":"2023-11-09 14:25:11"},{"nodeID":"1360002","text":"Default Transition","type":"TA","timestamp":"2023-11-09 14:25:11"},{"nodeID":"1360003","text":"Default Inference","type":"RA","timestamp":"2023-11-09 14:25:11"},{"nodeID":"1360004","text":"Arguing","type":"YA","timestamp":"2023-11-09 14:25:11"},{"nodeID":"1360005","text":"other subsequent governments has done knocked the NHS into the long grass","type":"I","timestamp":"2023-11-09 14:25:12"},{"nodeID":"1360006","text":"Anna Soubry: other subsequent governments has done it","type":"L","timestamp":"2023-11-09 14:25:12"},{"nodeID":"1360007","text":"Analysing","type":"YA","timestamp":"2023-11-09 14:25:12"},{"nodeID":"1360008","text":"Jordan: Anna Soubry: other subsequent governments has done it","type":"L","timestamp":"2023-11-09 14:25:12"},{"nodeID":"1360009","text":"Asserting","type":"YA","timestamp":"2023-11-09 14:25:12"},{"nodeID":"1360010","text":"Alex Chalk's government is now doing knocking the NHS into the long grass again","type":"I","timestamp":"2023-11-09 14:25:12"},{"nodeID":"1360011","text":"Anna Soubry: your government is now doing it again","type":"L","timestamp":"2023-11-09 14:25:12"},{"nodeID":"1360012","text":"Analysing","type":"YA","timestamp":"2023-11-09 14:25:12"},{"nodeID":"1360013","text":"Jordan: Anna Soubry: your government is now doing it again","type":"L","timestamp":"2023-11-09 14:25:12"},{"nodeID":"1360014","text":"Asserting","type":"YA","timestamp":"2023-11-09 14:25:12"},{"nodeID":"1360015","text":"Default Transition","type":"TA","timestamp":"2023-11-09 14:25:12"},{"nodeID":"1360016","text":"Default Transition","type":"TA","timestamp":"2023-11-09 14:25:12"},{"nodeID":"1360017","text":"Arguing","type":"YA","timestamp":"2023-11-09 14:25:12"}],"edges":[{"edgeID":"1780079","fromID":"1359857","toID":"1359856","formEdgeID":null},{"edgeID":"1780080","fromID":"1359856","toID":"1359859","formEdgeID":null},{"edgeID":"1780081","fromID":"1359858","toID":"1359857","formEdgeID":null},{"edgeID":"1780082","fromID":"1359859","toID":"1359855","formEdgeID":null},{"edgeID":"1780083","fromID":"1359863","toID":"1359861","formEdgeID":null},{"edgeID":"1780084","fromID":"1359862","toID":"1359863","formEdgeID":null},{"edgeID":"1780085","fromID":"1359861","toID":"1359864","formEdgeID":null},{"edgeID":"1780086","fromID":"1359864","toID":"1359860","formEdgeID":null},{"edgeID":"1780087","fromID":"1359868","toID":"1359867","formEdgeID":null},{"edgeID":"1780088","fromID":"1359867","toID":"1359866","formEdgeID":null},{"edgeID":"1780089","fromID":"1359866","toID":"1359869","formEdgeID":null},{"edgeID":"1780090","fromID":"1359869","toID":"1359865","formEdgeID":null},{"edgeID":"1780091","fromID":"1359856","toID":"1359870","formEdgeID":null},{"edgeID":"1780092","fromID":"1359870","toID":"1359866","formEdgeID":null},{"edgeID":"1780093","fromID":"1359871","toID":"1359866","formEdgeID":null},{"edgeID":"1780094","fromID":"1359861","toID":"1359871","formEdgeID":null},{"edgeID":"1780095","fromID":"1359872","toID":"1359865","formEdgeID":null},{"edgeID":"1780096","fromID":"1359855","toID":"1359872","formEdgeID":null},{"edgeID":"1780097","fromID":"1359860","toID":"1359872","formEdgeID":null},{"edgeID":"1780098","fromID":"1359871","toID":"1359873","formEdgeID":null},{"edgeID":"1780099","fromID":"1359873","toID":"1359872","formEdgeID":null},{"edgeID":"1780100","fromID":"1359874","toID":"1359876","formEdgeID":null},{"edgeID":"1780101","fromID":"1359875","toID":"1359874","formEdgeID":null},{"edgeID":"1780102","fromID":"1359866","toID":"1359877","formEdgeID":null},{"edgeID":"1780103","fromID":"1359877","toID":"1359876","formEdgeID":null},{"edgeID":"1780104","fromID":"1359878","toID":"1359865","formEdgeID":null},{"edgeID":"1780105","fromID":"1359876","toID":"1359878","formEdgeID":null},{"edgeID":"1780106","fromID":"1359881","toID":"1359880","formEdgeID":null},{"edgeID":"1780107","fromID":"1359882","toID":"1359881","formEdgeID":null},{"edgeID":"1780108","fromID":"1359883","toID":"1359879","formEdgeID":null},{"edgeID":"1780109","fromID":"1359880","toID":"1359883","formEdgeID":null},{"edgeID":"1780110","fromID":"1359876","toID":"1359884","formEdgeID":null},{"edgeID":"1780111","fromID":"1359884","toID":"1359880","formEdgeID":null},{"edgeID":"1780112","fromID":"1359887","toID":"1359886","formEdgeID":null},{"edgeID":"1780113","fromID":"1359888","toID":"1359887","formEdgeID":null},{"edgeID":"1780114","fromID":"1359886","toID":"1359889","formEdgeID":null},{"edgeID":"1780115","fromID":"1359889","toID":"1359885","formEdgeID":null},{"edgeID":"1780116","fromID":"1359892","toID":"1359891","formEdgeID":null},{"edgeID":"1780117","fromID":"1359893","toID":"1359892","formEdgeID":null},{"edgeID":"1780118","fromID":"1359891","toID":"1359894","formEdgeID":null},{"edgeID":"1780119","fromID":"1359894","toID":"1359890","formEdgeID":null},{"edgeID":"1780120","fromID":"1359895","toID":"1359885","formEdgeID":null},{"edgeID":"1780121","fromID":"1359890","toID":"1359895","formEdgeID":null},{"edgeID":"1780122","fromID":"1359896","toID":"1359891","formEdgeID":null},{"edgeID":"1780123","fromID":"1359886","toID":"1359896","formEdgeID":null},{"edgeID":"1780124","fromID":"1359897","toID":"1359895","formEdgeID":null},{"edgeID":"1780125","fromID":"1359896","toID":"1359897","formEdgeID":null},{"edgeID":"1780126","fromID":"1359900","toID":"1359901","formEdgeID":null},{"edgeID":"1780127","fromID":"1359901","toID":"1359899","formEdgeID":null},{"edgeID":"1780128","fromID":"1359899","toID":"1359902","formEdgeID":null},{"edgeID":"1780129","fromID":"1359902","toID":"1359898","formEdgeID":null},{"edgeID":"1780130","fromID":"1359903","toID":"1359899","formEdgeID":null},{"edgeID":"1780131","fromID":"1359891","toID":"1359903","formEdgeID":null},{"edgeID":"1780132","fromID":"1359907","toID":"1359905","formEdgeID":null},{"edgeID":"1780133","fromID":"1359906","toID":"1359907","formEdgeID":null},{"edgeID":"1780134","fromID":"1359905","toID":"1359908","formEdgeID":null},{"edgeID":"1780135","fromID":"1359908","toID":"1359904","formEdgeID":null},{"edgeID":"1780136","fromID":"1359904","toID":"1359909","formEdgeID":null},{"edgeID":"1780137","fromID":"1359909","toID":"1359898","formEdgeID":null},{"edgeID":"1780138","fromID":"1359910","toID":"1359905","formEdgeID":null},{"edgeID":"1780139","fromID":"1359899","toID":"1359910","formEdgeID":null},{"edgeID":"1780140","fromID":"1359911","toID":"1359909","formEdgeID":null},{"edgeID":"1780141","fromID":"1359910","toID":"1359911","formEdgeID":null},{"edgeID":"1780142","fromID":"1359914","toID":"1359913","formEdgeID":null},{"edgeID":"1780143","fromID":"1359915","toID":"1359914","formEdgeID":null},{"edgeID":"1780144","fromID":"1359916","toID":"1359912","formEdgeID":null},{"edgeID":"1780145","fromID":"1359913","toID":"1359916","formEdgeID":null},{"edgeID":"1780146","fromID":"1359905","toID":"1359917","formEdgeID":null},{"edgeID":"1780147","fromID":"1359917","toID":"1359913","formEdgeID":null},{"edgeID":"1780148","fromID":"1359904","toID":"1359918","formEdgeID":null},{"edgeID":"1780149","fromID":"1359918","toID":"1359912","formEdgeID":null},{"edgeID":"1780150","fromID":"1359919","toID":"1359918","formEdgeID":null},{"edgeID":"1780151","fromID":"1359917","toID":"1359919","formEdgeID":null},{"edgeID":"1780152","fromID":"1359923","toID":"1359921","formEdgeID":null},{"edgeID":"1780153","fromID":"1359922","toID":"1359923","formEdgeID":null},{"edgeID":"1780154","fromID":"1359921","toID":"1359924","formEdgeID":null},{"edgeID":"1780155","fromID":"1359924","toID":"1359920","formEdgeID":null},{"edgeID":"1780156","fromID":"1359925","toID":"1359921","formEdgeID":null},{"edgeID":"1780157","fromID":"1359913","toID":"1359925","formEdgeID":null},{"edgeID":"1780158","fromID":"1359929","toID":"1359927","formEdgeID":null},{"edgeID":"1780159","fromID":"1359928","toID":"1359929","formEdgeID":null},{"edgeID":"1780160","fromID":"1359927","toID":"1359930","formEdgeID":null},{"edgeID":"1780161","fromID":"1359930","toID":"1359926","formEdgeID":null},{"edgeID":"1780162","fromID":"1359931","toID":"1359927","formEdgeID":null},{"edgeID":"1780163","fromID":"1359921","toID":"1359931","formEdgeID":null},{"edgeID":"1780164","fromID":"1359932","toID":"1359920","formEdgeID":null},{"edgeID":"1780165","fromID":"1359926","toID":"1359932","formEdgeID":null},{"edgeID":"1780166","fromID":"1359933","toID":"1359932","formEdgeID":null},{"edgeID":"1780167","fromID":"1359931","toID":"1359933","formEdgeID":null},{"edgeID":"1780168","fromID":"1359937","toID":"1359936","formEdgeID":null},{"edgeID":"1780169","fromID":"1359936","toID":"1359935","formEdgeID":null},{"edgeID":"1780170","fromID":"1359938","toID":"1359934","formEdgeID":null},{"edgeID":"1780171","fromID":"1359935","toID":"1359938","formEdgeID":null},{"edgeID":"1780172","fromID":"1359926","toID":"1359939","formEdgeID":null},{"edgeID":"1780173","fromID":"1359939","toID":"1359934","formEdgeID":null},{"edgeID":"1780174","fromID":"1359927","toID":"1359940","formEdgeID":null},{"edgeID":"1780175","fromID":"1359940","toID":"1359935","formEdgeID":null},{"edgeID":"1780176","fromID":"1359940","toID":"1359941","formEdgeID":null},{"edgeID":"1780177","fromID":"1359941","toID":"1359939","formEdgeID":null},{"edgeID":"1780178","fromID":"1359934","toID":"1359942","formEdgeID":null},{"edgeID":"1780179","fromID":"1359942","toID":"1359865","formEdgeID":null},{"edgeID":"1780180","fromID":"1359866","toID":"1359943","formEdgeID":null},{"edgeID":"1780181","fromID":"1359943","toID":"1359935","formEdgeID":null},{"edgeID":"1780182","fromID":"1359943","toID":"1359944","formEdgeID":null},{"edgeID":"1780183","fromID":"1359944","toID":"1359942","formEdgeID":null},{"edgeID":"1780184","fromID":"1359947","toID":"1359946","formEdgeID":null},{"edgeID":"1780185","fromID":"1359948","toID":"1359947","formEdgeID":null},{"edgeID":"1780186","fromID":"1359946","toID":"1359949","formEdgeID":null},{"edgeID":"1780187","fromID":"1359949","toID":"1359945","formEdgeID":null},{"edgeID":"1780188","fromID":"1359935","toID":"1359950","formEdgeID":null},{"edgeID":"1780189","fromID":"1359950","toID":"1359946","formEdgeID":null},{"edgeID":"1780190","fromID":"1359953","toID":"1359952","formEdgeID":null},{"edgeID":"1780191","fromID":"1359954","toID":"1359953","formEdgeID":null},{"edgeID":"1780192","fromID":"1359952","toID":"1359955","formEdgeID":null},{"edgeID":"1780193","fromID":"1359955","toID":"1359951","formEdgeID":null},{"edgeID":"1780194","fromID":"1359946","toID":"1359956","formEdgeID":null},{"edgeID":"1780195","fromID":"1359956","toID":"1359952","formEdgeID":null},{"edgeID":"1780196","fromID":"1359951","toID":"1359957","formEdgeID":null},{"edgeID":"1780197","fromID":"1359957","toID":"1359945","formEdgeID":null},{"edgeID":"1780198","fromID":"1359956","toID":"1359958","formEdgeID":null},{"edgeID":"1780199","fromID":"1359958","toID":"1359957","formEdgeID":null},{"edgeID":"1780200","fromID":"1359961","toID":"1359960","formEdgeID":null},{"edgeID":"1780201","fromID":"1359962","toID":"1359961","formEdgeID":null},{"edgeID":"1780202","fromID":"1359960","toID":"1359963","formEdgeID":null},{"edgeID":"1780203","fromID":"1359963","toID":"1359959","formEdgeID":null},{"edgeID":"1780204","fromID":"1359952","toID":"1359964","formEdgeID":null},{"edgeID":"1780205","fromID":"1359964","toID":"1359960","formEdgeID":null},{"edgeID":"1780206","fromID":"1359967","toID":"1359966","formEdgeID":null},{"edgeID":"1780207","fromID":"1359968","toID":"1359967","formEdgeID":null},{"edgeID":"1780208","fromID":"1359966","toID":"1359969","formEdgeID":null},{"edgeID":"1780209","fromID":"1359969","toID":"1359965","formEdgeID":null},{"edgeID":"1780210","fromID":"1359960","toID":"1359970","formEdgeID":null},{"edgeID":"1780211","fromID":"1359970","toID":"1359966","formEdgeID":null},{"edgeID":"1780212","fromID":"1359959","toID":"1359971","formEdgeID":null},{"edgeID":"1780213","fromID":"1359971","toID":"1359965","formEdgeID":null},{"edgeID":"1780214","fromID":"1359974","toID":"1359973","formEdgeID":null},{"edgeID":"1780215","fromID":"1359975","toID":"1359974","formEdgeID":null},{"edgeID":"1780216","fromID":"1359973","toID":"1359976","formEdgeID":null},{"edgeID":"1780217","fromID":"1359976","toID":"1359972","formEdgeID":null},{"edgeID":"1780218","fromID":"1359966","toID":"1359977","formEdgeID":null},{"edgeID":"1780219","fromID":"1359977","toID":"1359973","formEdgeID":null},{"edgeID":"1780220","fromID":"1359980","toID":"1359979","formEdgeID":null},{"edgeID":"1780221","fromID":"1359981","toID":"1359980","formEdgeID":null},{"edgeID":"1780222","fromID":"1359979","toID":"1359982","formEdgeID":null},{"edgeID":"1780223","fromID":"1359982","toID":"1359978","formEdgeID":null},{"edgeID":"1780224","fromID":"1359973","toID":"1359983","formEdgeID":null},{"edgeID":"1780225","fromID":"1359983","toID":"1359979","formEdgeID":null},{"edgeID":"1780226","fromID":"1359972","toID":"1359984","formEdgeID":null},{"edgeID":"1780227","fromID":"1359984","toID":"1359978","formEdgeID":null},{"edgeID":"1780228","fromID":"1359983","toID":"1359985","formEdgeID":null},{"edgeID":"1780229","fromID":"1359985","toID":"1359984","formEdgeID":null},{"edgeID":"1780230","fromID":"1359890","toID":"1359986","formEdgeID":null},{"edgeID":"1780231","fromID":"1359986","toID":"1359898","formEdgeID":null},{"edgeID":"1780232","fromID":"1359903","toID":"1359987","formEdgeID":null},{"edgeID":"1780233","fromID":"1359987","toID":"1359986","formEdgeID":null},{"edgeID":"1780234","fromID":"1359990","toID":"1359989","formEdgeID":null},{"edgeID":"1780235","fromID":"1359991","toID":"1359990","formEdgeID":null},{"edgeID":"1780236","fromID":"1359989","toID":"1359992","formEdgeID":null},{"edgeID":"1780237","fromID":"1359992","toID":"1359988","formEdgeID":null},{"edgeID":"1780238","fromID":"1359880","toID":"1359993","formEdgeID":null},{"edgeID":"1780239","fromID":"1359993","toID":"1359989","formEdgeID":null},{"edgeID":"1780240","fromID":"1359988","toID":"1359994","formEdgeID":null},{"edgeID":"1780241","fromID":"1359994","toID":"1359879","formEdgeID":null},{"edgeID":"1780242","fromID":"1359993","toID":"1359995","formEdgeID":null},{"edgeID":"1780243","fromID":"1359995","toID":"1359994","formEdgeID":null},{"edgeID":"1780244","fromID":"1359998","toID":"1359997","formEdgeID":null},{"edgeID":"1780245","fromID":"1359999","toID":"1359998","formEdgeID":null},{"edgeID":"1780246","fromID":"1359997","toID":"1360000","formEdgeID":null},{"edgeID":"1780247","fromID":"1360000","toID":"1359996","formEdgeID":null},{"edgeID":"1780248","fromID":"1359989","toID":"1360001","formEdgeID":null},{"edgeID":"1780249","fromID":"1360001","toID":"1359886","formEdgeID":null},{"edgeID":"1780250","fromID":"1359997","toID":"1360002","formEdgeID":null},{"edgeID":"1780251","fromID":"1360002","toID":"1359886","formEdgeID":null},{"edgeID":"1780252","fromID":"1359988","toID":"1360003","formEdgeID":null},{"edgeID":"1780253","fromID":"1360003","toID":"1359885","formEdgeID":null},{"edgeID":"1780254","fromID":"1359996","toID":"1360003","formEdgeID":null},{"edgeID":"1780255","fromID":"1360002","toID":"1360004","formEdgeID":null},{"edgeID":"1780256","fromID":"1360004","toID":"1360003","formEdgeID":null},{"edgeID":"1780257","fromID":"1360007","toID":"1360006","formEdgeID":null},{"edgeID":"1780258","fromID":"1360008","toID":"1360007","formEdgeID":null},{"edgeID":"1780259","fromID":"1360006","toID":"1360009","formEdgeID":null},{"edgeID":"1780260","fromID":"1360009","toID":"1360005","formEdgeID":null},{"edgeID":"1780261","fromID":"1360012","toID":"1360011","formEdgeID":null},{"edgeID":"1780262","fromID":"1360013","toID":"1360012","formEdgeID":null},{"edgeID":"1780263","fromID":"1360011","toID":"1360014","formEdgeID":null},{"edgeID":"1780264","fromID":"1360014","toID":"1360010","formEdgeID":null},{"edgeID":"1780265","fromID":"1360006","toID":"1360015","formEdgeID":null},{"edgeID":"1780266","fromID":"1360015","toID":"1359966","formEdgeID":null},{"edgeID":"1780267","fromID":"1360011","toID":"1360016","formEdgeID":null},{"edgeID":"1780268","fromID":"1360016","toID":"1359966","formEdgeID":null},{"edgeID":"1780269","fromID":"1360016","toID":"1360017","formEdgeID":null},{"edgeID":"1780270","fromID":"1360017","toID":"1359971","formEdgeID":null},{"edgeID":"1780271","fromID":"1360010","toID":"1359971","formEdgeID":null},{"edgeID":"1780272","fromID":"1360005","toID":"1359971","formEdgeID":null}],"locutions":[]}