{"nodes":[{"nodeID":"1359616","text":"AudienceMember20230126QT08 worked in the NHS for eight years as a registered nurse","type":"I","timestamp":"2023-11-09 14:24:31"},{"nodeID":"1359617","text":"AudienceMember 20230126QT08: I worked in the NHS for eight years as a registered nurse","type":"L","timestamp":"2023-11-09 14:24:31"},{"nodeID":"1359618","text":"Analysing","type":"YA","timestamp":"2023-11-09 14:24:31"},{"nodeID":"1359619","text":"Dominika: AudienceMember 20230126QT08: I worked in the NHS for eight years as a registered nurse","type":"L","timestamp":"2023-11-09 14:24:31"},{"nodeID":"1359620","text":"Asserting","type":"YA","timestamp":"2023-11-09 14:24:31"},{"nodeID":"1359621","text":"AudienceMember20230126QT08 left her job at NHS nearly 12 years ago","type":"I","timestamp":"2023-11-09 14:24:32"},{"nodeID":"1359622","text":"AudienceMember 20230126QT08: I left nearly 12 years ago","type":"L","timestamp":"2023-11-09 14:24:32"},{"nodeID":"1359623","text":"Analysing","type":"YA","timestamp":"2023-11-09 14:24:32"},{"nodeID":"1359624","text":"Dominika: AudienceMember 20230126QT08: I left nearly 12 years ago","type":"L","timestamp":"2023-11-09 14:24:32"},{"nodeID":"1359625","text":"Asserting","type":"YA","timestamp":"2023-11-09 14:24:32"},{"nodeID":"1359626","text":"Default Transition","type":"TA","timestamp":"2023-11-09 14:24:32"},{"nodeID":"1359627","text":"AudienceMember20230126QT08 became a person with disability after being attacked by a care work assistant, a support worker, for no reason","type":"I","timestamp":"2023-11-09 14:24:33"},{"nodeID":"1359628","text":"AudienceMember 20230126QT08: because of disability after being attacked by a care work assistant, a support worker, for no reason","type":"L","timestamp":"2023-11-09 14:24:33"},{"nodeID":"1359629","text":"Analysing","type":"YA","timestamp":"2023-11-09 14:24:33"},{"nodeID":"1359630","text":"Dominika: AudienceMember 20230126QT08: because of disability after being attacked by a care work assistant, a support worker, for no reason","type":"L","timestamp":"2023-11-09 14:24:33"},{"nodeID":"1359631","text":"Asserting","type":"YA","timestamp":"2023-11-09 14:24:33"},{"nodeID":"1359632","text":"Default Transition","type":"TA","timestamp":"2023-11-09 14:24:33"},{"nodeID":"1359633","text":"Default Inference","type":"RA","timestamp":"2023-11-09 14:24:33"},{"nodeID":"1359634","text":"Arguing","type":"YA","timestamp":"2023-11-09 14:24:33"},{"nodeID":"1359635","text":"the attack on AudienceMember20230126QT08 was just racially motivated","type":"I","timestamp":"2023-11-09 14:24:34"},{"nodeID":"1359636","text":"AudienceMember 20230126QT08: It was just racially motivated","type":"L","timestamp":"2023-11-09 14:24:34"},{"nodeID":"1359637","text":"Analysing","type":"YA","timestamp":"2023-11-09 14:24:34"},{"nodeID":"1359638","text":"Dominika: AudienceMember 20230126QT08: It was just racially motivated","type":"L","timestamp":"2023-11-09 14:24:34"},{"nodeID":"1359639","text":"Asserting","type":"YA","timestamp":"2023-11-09 14:24:34"},{"nodeID":"1359640","text":"Default Transition","type":"TA","timestamp":"2023-11-09 14:24:34"},{"nodeID":"1359641","text":"in the NHS there is violence from workers to workers","type":"I","timestamp":"2023-11-09 14:24:34"},{"nodeID":"1359642","text":"AudienceMember 20230126QT08: In the NHS there is violence from workers to workers","type":"L","timestamp":"2023-11-09 14:24:34"},{"nodeID":"1359643","text":"Analysing","type":"YA","timestamp":"2023-11-09 14:24:34"},{"nodeID":"1359644","text":"Dominika: AudienceMember 20230126QT08: In the NHS there is violence from workers to workers","type":"L","timestamp":"2023-11-09 14:24:34"},{"nodeID":"1359645","text":"Asserting","type":"YA","timestamp":"2023-11-09 14:24:34"},{"nodeID":"1359646","text":"Default Transition","type":"TA","timestamp":"2023-11-09 14:24:34"},{"nodeID":"1359647","text":"in the NHS there is no violence from patients to workers","type":"I","timestamp":"2023-11-09 14:24:35"},{"nodeID":"1359648","text":"AudienceMember 20230126QT08: not from patients to workers","type":"L","timestamp":"2023-11-09 14:24:35"},{"nodeID":"1359649","text":"Analysing","type":"YA","timestamp":"2023-11-09 14:24:35"},{"nodeID":"1359650","text":"Dominika: AudienceMember 20230126QT08: not from patients to workers","type":"L","timestamp":"2023-11-09 14:24:35"},{"nodeID":"1359651","text":"Asserting","type":"YA","timestamp":"2023-11-09 14:24:35"},{"nodeID":"1359652","text":"Default Transition","type":"TA","timestamp":"2023-11-09 14:24:35"},{"nodeID":"1359653","text":"Default Rephrase","type":"MA","timestamp":"2023-11-09 14:24:35"},{"nodeID":"1359654","text":"Restating","type":"YA","timestamp":"2023-11-09 14:24:35"},{"nodeID":"1359655","text":"in the NHS there is violence, there is bullying, there is racism, there's discrimination","type":"I","timestamp":"2023-11-09 14:24:36"},{"nodeID":"1359656","text":"AudienceMember 20230126QT08: There is violence, there is bullying, there is racism, there's discrimination","type":"L","timestamp":"2023-11-09 14:24:36"},{"nodeID":"1359657","text":"Analysing","type":"YA","timestamp":"2023-11-09 14:24:36"},{"nodeID":"1359658","text":"Dominika: AudienceMember 20230126QT08: There is violence, there is bullying, there is racism, there's discrimination","type":"L","timestamp":"2023-11-09 14:24:36"},{"nodeID":"1359659","text":"Asserting","type":"YA","timestamp":"2023-11-09 14:24:36"},{"nodeID":"1359660","text":"Default Transition","type":"TA","timestamp":"2023-11-09 14:24:36"},{"nodeID":"1359661","text":"Default Rephrase","type":"MA","timestamp":"2023-11-09 14:24:36"},{"nodeID":"1359662","text":"Restating","type":"YA","timestamp":"2023-11-09 14:24:36"},{"nodeID":"1359663","text":"people are moving out of the NHS","type":"I","timestamp":"2023-11-09 14:24:37"},{"nodeID":"1359664","text":"AudienceMember 20230126QT08: people are moving out of the NHS","type":"L","timestamp":"2023-11-09 14:24:37"},{"nodeID":"1359665","text":"Analysing","type":"YA","timestamp":"2023-11-09 14:24:37"},{"nodeID":"1359666","text":"Dominika: AudienceMember 20230126QT08: people are moving out of the NHS","type":"L","timestamp":"2023-11-09 14:24:37"},{"nodeID":"1359667","text":"Asserting","type":"YA","timestamp":"2023-11-09 14:24:37"},{"nodeID":"1359668","text":"Default Transition","type":"TA","timestamp":"2023-11-09 14:24:37"},{"nodeID":"1359669","text":"Default Inference","type":"RA","timestamp":"2023-11-09 14:24:37"},{"nodeID":"1359670","text":"Arguing","type":"YA","timestamp":"2023-11-09 14:24:37"},{"nodeID":"1359671","text":"people are not moving out of NHS because they don't want to work there","type":"I","timestamp":"2023-11-09 14:24:38"},{"nodeID":"1359672","text":"AudienceMember 20230126QT08: not because they don't want to work in the NHS","type":"L","timestamp":"2023-11-09 14:24:38"},{"nodeID":"1359673","text":"Analysing","type":"YA","timestamp":"2023-11-09 14:24:38"},{"nodeID":"1359674","text":"Dominika: AudienceMember 20230126QT08: not because they don't want to work in the NHS","type":"L","timestamp":"2023-11-09 14:24:38"},{"nodeID":"1359675","text":"Asserting","type":"YA","timestamp":"2023-11-09 14:24:38"},{"nodeID":"1359676","text":"Default Transition","type":"TA","timestamp":"2023-11-09 14:24:38"},{"nodeID":"1359677","text":"the NHS is toxic","type":"I","timestamp":"2023-11-09 14:24:39"},{"nodeID":"1359678","text":"AudienceMember 20230126QT08: it's toxic","type":"L","timestamp":"2023-11-09 14:24:39"},{"nodeID":"1359679","text":"Analysing","type":"YA","timestamp":"2023-11-09 14:24:39"},{"nodeID":"1359680","text":"Dominika: AudienceMember 20230126QT08: it's toxic","type":"L","timestamp":"2023-11-09 14:24:39"},{"nodeID":"1359681","text":"Asserting","type":"YA","timestamp":"2023-11-09 14:24:39"},{"nodeID":"1359682","text":"Default Inference","type":"RA","timestamp":"2023-11-09 14:24:39"},{"nodeID":"1359683","text":"Default Transition","type":"TA","timestamp":"2023-11-09 14:24:39"},{"nodeID":"1359684","text":"Arguing","type":"YA","timestamp":"2023-11-09 14:24:39"},{"nodeID":"1359685","text":"AudienceMember 20230126QT08: It's so toxic in the NHS","type":"L","timestamp":"2023-11-09 14:24:39"},{"nodeID":"1359686","text":"Analysing","type":"YA","timestamp":"2023-11-09 14:24:39"},{"nodeID":"1359687","text":"Dominika: AudienceMember 20230126QT08: It's so toxic in the NHS","type":"L","timestamp":"2023-11-09 14:24:39"},{"nodeID":"1359688","text":"Default Transition","type":"TA","timestamp":"2023-11-09 14:24:39"},{"nodeID":"1359689","text":"Asserting","type":"YA","timestamp":"2023-11-09 14:24:39"},{"nodeID":"1359690","text":"AudienceMember20230126QT08 was attacked the first time 2003 by a ward sister","type":"I","timestamp":"2023-11-09 14:24:39"},{"nodeID":"1359691","text":"AudienceMember 20230126QT08: I was attacked the first time 2003 by a ward sister","type":"L","timestamp":"2023-11-09 14:24:39"},{"nodeID":"1359692","text":"Analysing","type":"YA","timestamp":"2023-11-09 14:24:39"},{"nodeID":"1359693","text":"Dominika: AudienceMember 20230126QT08: I was attacked the first time 2003 by a ward sister","type":"L","timestamp":"2023-11-09 14:24:39"},{"nodeID":"1359694","text":"Asserting","type":"YA","timestamp":"2023-11-09 14:24:39"},{"nodeID":"1359695","text":"AudienceMember20230126QT08 was attacked 2011 by a support worker","type":"I","timestamp":"2023-11-09 14:24:40"},{"nodeID":"1359696","text":"AudienceMember 20230126QT08: I was attacked 2011 by a support worker","type":"L","timestamp":"2023-11-09 14:24:40"},{"nodeID":"1359697","text":"Analysing","type":"YA","timestamp":"2023-11-09 14:24:40"},{"nodeID":"1359698","text":"Dominika: AudienceMember 20230126QT08: I was attacked 2011 by a support worker","type":"L","timestamp":"2023-11-09 14:24:40"},{"nodeID":"1359699","text":"Asserting","type":"YA","timestamp":"2023-11-09 14:24:40"},{"nodeID":"1359700","text":"Default Transition","type":"TA","timestamp":"2023-11-09 14:24:40"},{"nodeID":"1359701","text":"Default Rephrase","type":"MA","timestamp":"2023-11-09 14:24:40"},{"nodeID":"1359702","text":"Restating","type":"YA","timestamp":"2023-11-09 14:24:40"},{"nodeID":"1359703","text":"AudienceMember20230126QT08 is now disabled","type":"I","timestamp":"2023-11-09 14:24:41"},{"nodeID":"1359704","text":"AudienceMember 20230126QT08: Now I am disabled","type":"L","timestamp":"2023-11-09 14:24:41"},{"nodeID":"1359705","text":"Analysing","type":"YA","timestamp":"2023-11-09 14:24:41"},{"nodeID":"1359706","text":"Dominika: AudienceMember 20230126QT08: Now I am disabled","type":"L","timestamp":"2023-11-09 14:24:41"},{"nodeID":"1359707","text":"Asserting","type":"YA","timestamp":"2023-11-09 14:24:41"},{"nodeID":"1359708","text":"Default Transition","type":"TA","timestamp":"2023-11-09 14:24:41"},{"nodeID":"1359709","text":"Default Inference","type":"RA","timestamp":"2023-11-09 14:24:41"},{"nodeID":"1359710","text":"Arguing","type":"YA","timestamp":"2023-11-09 14:24:41"},{"nodeID":"1359711","text":"AudienceMember20230126QT08 can't work","type":"I","timestamp":"2023-11-09 14:24:42"},{"nodeID":"1359712","text":"AudienceMember 20230126QT08: I can't work","type":"L","timestamp":"2023-11-09 14:24:42"},{"nodeID":"1359713","text":"Analysing","type":"YA","timestamp":"2023-11-09 14:24:42"},{"nodeID":"1359714","text":"Dominika: AudienceMember 20230126QT08: I can't work","type":"L","timestamp":"2023-11-09 14:24:42"},{"nodeID":"1359715","text":"Asserting","type":"YA","timestamp":"2023-11-09 14:24:42"},{"nodeID":"1359716","text":"Default Transition","type":"TA","timestamp":"2023-11-09 14:24:42"},{"nodeID":"1359717","text":"Default Inference","type":"RA","timestamp":"2023-11-09 14:24:42"},{"nodeID":"1359718","text":"Arguing","type":"YA","timestamp":"2023-11-09 14:24:42"},{"nodeID":"1359719","text":"AudienceMember20230126QT08 is disabled for life and on benefits","type":"I","timestamp":"2023-11-09 14:24:43"},{"nodeID":"1359720","text":"AudienceMember 20230126QT08: I'm disabled for life and on benefits","type":"L","timestamp":"2023-11-09 14:24:43"},{"nodeID":"1359721","text":"Analysing","type":"YA","timestamp":"2023-11-09 14:24:43"},{"nodeID":"1359722","text":"Dominika: AudienceMember 20230126QT08: I'm disabled for life and on benefits","type":"L","timestamp":"2023-11-09 14:24:43"},{"nodeID":"1359723","text":"Asserting","type":"YA","timestamp":"2023-11-09 14:24:43"},{"nodeID":"1359724","text":"Default Rephrase","type":"MA","timestamp":"2023-11-09 14:24:43"},{"nodeID":"1359725","text":"Default Transition","type":"TA","timestamp":"2023-11-09 14:24:43"},{"nodeID":"1359726","text":"Restating","type":"YA","timestamp":"2023-11-09 14:24:43"},{"nodeID":"1359727","text":"life of AudienceMember20230126QT08 is destroyed","type":"I","timestamp":"2023-11-09 14:24:44"},{"nodeID":"1359728","text":"AudienceMember 20230126QT08: My life is destroyed","type":"L","timestamp":"2023-11-09 14:24:44"},{"nodeID":"1359729","text":"Analysing","type":"YA","timestamp":"2023-11-09 14:24:44"},{"nodeID":"1359730","text":"Dominika: AudienceMember 20230126QT08: My life is destroyed","type":"L","timestamp":"2023-11-09 14:24:44"},{"nodeID":"1359731","text":"Asserting","type":"YA","timestamp":"2023-11-09 14:24:44"},{"nodeID":"1359732","text":"Default Transition","type":"TA","timestamp":"2023-11-09 14:24:44"},{"nodeID":"1359733","text":"Default Inference","type":"RA","timestamp":"2023-11-09 14:24:44"},{"nodeID":"1359734","text":"Arguing","type":"YA","timestamp":"2023-11-09 14:24:44"},{"nodeID":"1359735","text":"Fiona Bruce is so, so sorry to hear that life of AudienceMember20230126QT08 is destroyed","type":"I","timestamp":"2023-11-09 14:24:44"},{"nodeID":"1359736","text":"Fiona Bruce: I'm so, so sorry to hear that","type":"L","timestamp":"2023-11-09 14:24:44"},{"nodeID":"1359737","text":"Analysing","type":"YA","timestamp":"2023-11-09 14:24:44"},{"nodeID":"1359738","text":"Dominika: Fiona Bruce: I'm so, so sorry to hear that","type":"L","timestamp":"2023-11-09 14:24:44"},{"nodeID":"1359739","text":"Asserting","type":"YA","timestamp":"2023-11-09 14:24:44"},{"nodeID":"1359740","text":"Default Transition","type":"TA","timestamp":"2023-11-09 14:24:44"},{"nodeID":"1359741","text":"Default Rephrase","type":"MA","timestamp":"2023-11-09 14:24:44"},{"nodeID":"1359742","text":"Restating","type":"YA","timestamp":"2023-11-09 14:24:44"},{"nodeID":"1359743","text":"Analysing","type":"YA","timestamp":"2023-11-09 14:24:44"},{"nodeID":"1359744","text":"Default Transition","type":"TA","timestamp":"2023-11-09 14:24:44"},{"nodeID":"1359745","text":"Asserting","type":"YA","timestamp":"2023-11-09 14:24:44"},{"nodeID":"1359746","text":"hospital doesn't want tackling the situation of AudienceMember20230126QT08","type":"I","timestamp":"2023-11-09 14:24:45"},{"nodeID":"1359747","text":"AudienceMember 20230126QT08:  instead of tackling the situation","type":"L","timestamp":"2023-11-09 14:24:45"},{"nodeID":"1359748","text":"Analysing","type":"YA","timestamp":"2023-11-09 14:24:45"},{"nodeID":"1359749","text":"Dominika: AudienceMember 20230126QT08:  instead of tackling the situation","type":"L","timestamp":"2023-11-09 14:24:45"},{"nodeID":"1359750","text":"Asserting","type":"YA","timestamp":"2023-11-09 14:24:45"},{"nodeID":"1359751","text":"Default Transition","type":"TA","timestamp":"2023-11-09 14:24:45"},{"nodeID":"1359752","text":"the NHS got all the opportunities when things like attack on AudienceMember20230126QT08 happen","type":"I","timestamp":"2023-11-09 14:24:46"},{"nodeID":"1359753","text":"AudienceMember 20230126QT08:  they have got all the opportunities when things like this happen","type":"L","timestamp":"2023-11-09 14:24:46"},{"nodeID":"1359754","text":"Analysing","type":"YA","timestamp":"2023-11-09 14:24:46"},{"nodeID":"1359755","text":"Dominika: AudienceMember 20230126QT08:  they have got all the opportunities when things like this happen","type":"L","timestamp":"2023-11-09 14:24:46"},{"nodeID":"1359756","text":"Asserting","type":"YA","timestamp":"2023-11-09 14:24:46"},{"nodeID":"1359757","text":"Default Transition","type":"TA","timestamp":"2023-11-09 14:24:46"},{"nodeID":"1359758","text":"AudienceMember 20230126QT08: they've got the opportunity to make things right","type":"L","timestamp":"2023-11-09 14:24:46"},{"nodeID":"1359759","text":"Analysing","type":"YA","timestamp":"2023-11-09 14:24:46"},{"nodeID":"1359760","text":"Dominika: AudienceMember 20230126QT08: they've got the opportunity to make things right","type":"L","timestamp":"2023-11-09 14:24:46"},{"nodeID":"1359761","text":"Default Transition","type":"TA","timestamp":"2023-11-09 14:24:46"},{"nodeID":"1359762","text":"Asserting","type":"YA","timestamp":"2023-11-09 14:24:46"},{"nodeID":"1359763","text":"the NHS take everything, move everything, sweep everything, and cap it","type":"I","timestamp":"2023-11-09 14:24:47"},{"nodeID":"1359764","text":"AudienceMember 20230126QT08: they take everything, move everything, sweep everything, and cap it","type":"L","timestamp":"2023-11-09 14:24:47"},{"nodeID":"1359765","text":"Analysing","type":"YA","timestamp":"2023-11-09 14:24:47"},{"nodeID":"1359766","text":"Dominika: AudienceMember 20230126QT08: they take everything, move everything, sweep everything, and cap it","type":"L","timestamp":"2023-11-09 14:24:47"},{"nodeID":"1359767","text":"Asserting","type":"YA","timestamp":"2023-11-09 14:24:47"},{"nodeID":"1359768","text":"Default Transition","type":"TA","timestamp":"2023-11-09 14:24:47"},{"nodeID":"1359769","text":"Default Conflict","type":"CA","timestamp":"2023-11-09 14:24:47"},{"nodeID":"1359770","text":"Disagreeing","type":"YA","timestamp":"2023-11-09 14:24:47"},{"nodeID":"1359771","text":"AudienceMember 20230126QT08: that continues and continues and continues","type":"L","timestamp":"2023-11-09 14:24:47"},{"nodeID":"1359772","text":"Analysing","type":"YA","timestamp":"2023-11-09 14:24:47"},{"nodeID":"1359773","text":"Dominika: AudienceMember 20230126QT08: that continues and continues and continues","type":"L","timestamp":"2023-11-09 14:24:47"},{"nodeID":"1359774","text":"Default Transition","type":"TA","timestamp":"2023-11-09 14:24:47"},{"nodeID":"1359775","text":"Asserting","type":"YA","timestamp":"2023-11-09 14:24:47"},{"nodeID":"1359776","text":"Default Conflict","type":"CA","timestamp":"2023-11-09 14:24:47"},{"nodeID":"1359777","text":"Disagreeing","type":"YA","timestamp":"2023-11-09 14:24:47"},{"nodeID":"1359778","text":"Default Rephrase","type":"MA","timestamp":"2023-11-09 14:24:47"},{"nodeID":"1359779","text":"Default Transition","type":"TA","timestamp":"2023-11-09 14:24:47"},{"nodeID":"1359780","text":"Restating","type":"YA","timestamp":"2023-11-09 14:24:47"},{"nodeID":"1359781","text":"Default Rephrase","type":"MA","timestamp":"2023-11-09 14:24:47"},{"nodeID":"1359782","text":"Default Transition","type":"TA","timestamp":"2023-11-09 14:24:47"},{"nodeID":"1359783","text":"Restating","type":"YA","timestamp":"2023-11-09 14:24:47"}],"edges":[{"edgeID":"1779792","fromID":"1359618","toID":"1359617","formEdgeID":null},{"edgeID":"1779793","fromID":"1359619","toID":"1359618","formEdgeID":null},{"edgeID":"1779794","fromID":"1359617","toID":"1359620","formEdgeID":null},{"edgeID":"1779795","fromID":"1359620","toID":"1359616","formEdgeID":null},{"edgeID":"1779796","fromID":"1359623","toID":"1359622","formEdgeID":null},{"edgeID":"1779797","fromID":"1359624","toID":"1359623","formEdgeID":null},{"edgeID":"1779798","fromID":"1359622","toID":"1359625","formEdgeID":null},{"edgeID":"1779799","fromID":"1359625","toID":"1359621","formEdgeID":null},{"edgeID":"1779800","fromID":"1359617","toID":"1359626","formEdgeID":null},{"edgeID":"1779801","fromID":"1359626","toID":"1359622","formEdgeID":null},{"edgeID":"1779802","fromID":"1359629","toID":"1359628","formEdgeID":null},{"edgeID":"1779803","fromID":"1359630","toID":"1359629","formEdgeID":null},{"edgeID":"1779804","fromID":"1359628","toID":"1359631","formEdgeID":null},{"edgeID":"1779805","fromID":"1359631","toID":"1359627","formEdgeID":null},{"edgeID":"1779806","fromID":"1359622","toID":"1359632","formEdgeID":null},{"edgeID":"1779807","fromID":"1359632","toID":"1359628","formEdgeID":null},{"edgeID":"1779808","fromID":"1359627","toID":"1359633","formEdgeID":null},{"edgeID":"1779809","fromID":"1359633","toID":"1359621","formEdgeID":null},{"edgeID":"1779810","fromID":"1359632","toID":"1359634","formEdgeID":null},{"edgeID":"1779811","fromID":"1359634","toID":"1359633","formEdgeID":null},{"edgeID":"1779812","fromID":"1359637","toID":"1359636","formEdgeID":null},{"edgeID":"1779813","fromID":"1359638","toID":"1359637","formEdgeID":null},{"edgeID":"1779814","fromID":"1359636","toID":"1359639","formEdgeID":null},{"edgeID":"1779815","fromID":"1359639","toID":"1359635","formEdgeID":null},{"edgeID":"1779816","fromID":"1359628","toID":"1359640","formEdgeID":null},{"edgeID":"1779817","fromID":"1359640","toID":"1359636","formEdgeID":null},{"edgeID":"1779818","fromID":"1359643","toID":"1359642","formEdgeID":null},{"edgeID":"1779819","fromID":"1359644","toID":"1359643","formEdgeID":null},{"edgeID":"1779820","fromID":"1359642","toID":"1359645","formEdgeID":null},{"edgeID":"1779821","fromID":"1359645","toID":"1359641","formEdgeID":null},{"edgeID":"1779822","fromID":"1359636","toID":"1359646","formEdgeID":null},{"edgeID":"1779823","fromID":"1359646","toID":"1359642","formEdgeID":null},{"edgeID":"1779824","fromID":"1359649","toID":"1359648","formEdgeID":null},{"edgeID":"1779825","fromID":"1359650","toID":"1359649","formEdgeID":null},{"edgeID":"1779826","fromID":"1359648","toID":"1359651","formEdgeID":null},{"edgeID":"1779827","fromID":"1359651","toID":"1359647","formEdgeID":null},{"edgeID":"1779828","fromID":"1359642","toID":"1359652","formEdgeID":null},{"edgeID":"1779829","fromID":"1359652","toID":"1359648","formEdgeID":null},{"edgeID":"1779830","fromID":"1359647","toID":"1359653","formEdgeID":null},{"edgeID":"1779831","fromID":"1359653","toID":"1359641","formEdgeID":null},{"edgeID":"1779832","fromID":"1359652","toID":"1359654","formEdgeID":null},{"edgeID":"1779833","fromID":"1359654","toID":"1359653","formEdgeID":null},{"edgeID":"1779834","fromID":"1359657","toID":"1359656","formEdgeID":null},{"edgeID":"1779835","fromID":"1359658","toID":"1359657","formEdgeID":null},{"edgeID":"1779836","fromID":"1359656","toID":"1359659","formEdgeID":null},{"edgeID":"1779837","fromID":"1359659","toID":"1359655","formEdgeID":null},{"edgeID":"1779838","fromID":"1359636","toID":"1359660","formEdgeID":null},{"edgeID":"1779839","fromID":"1359660","toID":"1359656","formEdgeID":null},{"edgeID":"1779840","fromID":"1359655","toID":"1359661","formEdgeID":null},{"edgeID":"1779841","fromID":"1359661","toID":"1359635","formEdgeID":null},{"edgeID":"1779842","fromID":"1359660","toID":"1359662","formEdgeID":null},{"edgeID":"1779843","fromID":"1359662","toID":"1359661","formEdgeID":null},{"edgeID":"1779844","fromID":"1359665","toID":"1359664","formEdgeID":null},{"edgeID":"1779845","fromID":"1359666","toID":"1359665","formEdgeID":null},{"edgeID":"1779846","fromID":"1359664","toID":"1359667","formEdgeID":null},{"edgeID":"1779847","fromID":"1359667","toID":"1359663","formEdgeID":null},{"edgeID":"1779848","fromID":"1359656","toID":"1359668","formEdgeID":null},{"edgeID":"1779849","fromID":"1359668","toID":"1359664","formEdgeID":null},{"edgeID":"1779850","fromID":"1359655","toID":"1359669","formEdgeID":null},{"edgeID":"1779851","fromID":"1359669","toID":"1359663","formEdgeID":null},{"edgeID":"1779852","fromID":"1359668","toID":"1359670","formEdgeID":null},{"edgeID":"1779853","fromID":"1359670","toID":"1359669","formEdgeID":null},{"edgeID":"1779854","fromID":"1359673","toID":"1359672","formEdgeID":null},{"edgeID":"1779855","fromID":"1359674","toID":"1359673","formEdgeID":null},{"edgeID":"1779856","fromID":"1359672","toID":"1359675","formEdgeID":null},{"edgeID":"1779857","fromID":"1359675","toID":"1359671","formEdgeID":null},{"edgeID":"1779858","fromID":"1359664","toID":"1359676","formEdgeID":null},{"edgeID":"1779859","fromID":"1359676","toID":"1359672","formEdgeID":null},{"edgeID":"1779860","fromID":"1359679","toID":"1359678","formEdgeID":null},{"edgeID":"1779861","fromID":"1359680","toID":"1359679","formEdgeID":null},{"edgeID":"1779862","fromID":"1359678","toID":"1359681","formEdgeID":null},{"edgeID":"1779863","fromID":"1359681","toID":"1359677","formEdgeID":null},{"edgeID":"1779864","fromID":"1359677","toID":"1359682","formEdgeID":null},{"edgeID":"1779865","fromID":"1359682","toID":"1359663","formEdgeID":null},{"edgeID":"1779866","fromID":"1359664","toID":"1359683","formEdgeID":null},{"edgeID":"1779867","fromID":"1359683","toID":"1359678","formEdgeID":null},{"edgeID":"1779868","fromID":"1359683","toID":"1359684","formEdgeID":null},{"edgeID":"1779869","fromID":"1359684","toID":"1359682","formEdgeID":null},{"edgeID":"1779870","fromID":"1359686","toID":"1359685","formEdgeID":null},{"edgeID":"1779871","fromID":"1359687","toID":"1359686","formEdgeID":null},{"edgeID":"1779872","fromID":"1359678","toID":"1359688","formEdgeID":null},{"edgeID":"1779873","fromID":"1359688","toID":"1359685","formEdgeID":null},{"edgeID":"1779874","fromID":"1359685","toID":"1359689","formEdgeID":null},{"edgeID":"1779875","fromID":"1359689","toID":"1359677","formEdgeID":null},{"edgeID":"1779876","fromID":"1359692","toID":"1359691","formEdgeID":null},{"edgeID":"1779877","fromID":"1359693","toID":"1359692","formEdgeID":null},{"edgeID":"1779878","fromID":"1359691","toID":"1359694","formEdgeID":null},{"edgeID":"1779879","fromID":"1359694","toID":"1359690","formEdgeID":null},{"edgeID":"1779880","fromID":"1359697","toID":"1359696","formEdgeID":null},{"edgeID":"1779881","fromID":"1359698","toID":"1359697","formEdgeID":null},{"edgeID":"1779882","fromID":"1359696","toID":"1359699","formEdgeID":null},{"edgeID":"1779883","fromID":"1359699","toID":"1359695","formEdgeID":null},{"edgeID":"1779884","fromID":"1359691","toID":"1359700","formEdgeID":null},{"edgeID":"1779885","fromID":"1359700","toID":"1359696","formEdgeID":null},{"edgeID":"1779886","fromID":"1359695","toID":"1359701","formEdgeID":null},{"edgeID":"1779887","fromID":"1359701","toID":"1359690","formEdgeID":null},{"edgeID":"1779888","fromID":"1359700","toID":"1359702","formEdgeID":null},{"edgeID":"1779889","fromID":"1359702","toID":"1359701","formEdgeID":null},{"edgeID":"1779890","fromID":"1359705","toID":"1359704","formEdgeID":null},{"edgeID":"1779891","fromID":"1359706","toID":"1359705","formEdgeID":null},{"edgeID":"1779892","fromID":"1359704","toID":"1359707","formEdgeID":null},{"edgeID":"1779893","fromID":"1359707","toID":"1359703","formEdgeID":null},{"edgeID":"1779894","fromID":"1359696","toID":"1359708","formEdgeID":null},{"edgeID":"1779895","fromID":"1359708","toID":"1359704","formEdgeID":null},{"edgeID":"1779896","fromID":"1359695","toID":"1359709","formEdgeID":null},{"edgeID":"1779897","fromID":"1359709","toID":"1359703","formEdgeID":null},{"edgeID":"1779898","fromID":"1359708","toID":"1359710","formEdgeID":null},{"edgeID":"1779899","fromID":"1359710","toID":"1359709","formEdgeID":null},{"edgeID":"1779900","fromID":"1359713","toID":"1359712","formEdgeID":null},{"edgeID":"1779901","fromID":"1359714","toID":"1359713","formEdgeID":null},{"edgeID":"1779902","fromID":"1359712","toID":"1359715","formEdgeID":null},{"edgeID":"1779903","fromID":"1359715","toID":"1359711","formEdgeID":null},{"edgeID":"1779904","fromID":"1359704","toID":"1359716","formEdgeID":null},{"edgeID":"1779905","fromID":"1359716","toID":"1359712","formEdgeID":null},{"edgeID":"1779906","fromID":"1359703","toID":"1359717","formEdgeID":null},{"edgeID":"1779907","fromID":"1359717","toID":"1359711","formEdgeID":null},{"edgeID":"1779908","fromID":"1359716","toID":"1359718","formEdgeID":null},{"edgeID":"1779909","fromID":"1359718","toID":"1359717","formEdgeID":null},{"edgeID":"1779910","fromID":"1359721","toID":"1359720","formEdgeID":null},{"edgeID":"1779911","fromID":"1359722","toID":"1359721","formEdgeID":null},{"edgeID":"1779912","fromID":"1359720","toID":"1359723","formEdgeID":null},{"edgeID":"1779913","fromID":"1359723","toID":"1359719","formEdgeID":null},{"edgeID":"1779914","fromID":"1359719","toID":"1359724","formEdgeID":null},{"edgeID":"1779915","fromID":"1359724","toID":"1359703","formEdgeID":null},{"edgeID":"1779916","fromID":"1359704","toID":"1359725","formEdgeID":null},{"edgeID":"1779917","fromID":"1359725","toID":"1359720","formEdgeID":null},{"edgeID":"1779918","fromID":"1359725","toID":"1359726","formEdgeID":null},{"edgeID":"1779919","fromID":"1359726","toID":"1359724","formEdgeID":null},{"edgeID":"1779920","fromID":"1359729","toID":"1359728","formEdgeID":null},{"edgeID":"1779921","fromID":"1359730","toID":"1359729","formEdgeID":null},{"edgeID":"1779922","fromID":"1359728","toID":"1359731","formEdgeID":null},{"edgeID":"1779923","fromID":"1359731","toID":"1359727","formEdgeID":null},{"edgeID":"1779924","fromID":"1359720","toID":"1359732","formEdgeID":null},{"edgeID":"1779925","fromID":"1359732","toID":"1359728","formEdgeID":null},{"edgeID":"1779926","fromID":"1359719","toID":"1359733","formEdgeID":null},{"edgeID":"1779927","fromID":"1359733","toID":"1359727","formEdgeID":null},{"edgeID":"1779928","fromID":"1359732","toID":"1359734","formEdgeID":null},{"edgeID":"1779929","fromID":"1359734","toID":"1359733","formEdgeID":null},{"edgeID":"1779930","fromID":"1359737","toID":"1359736","formEdgeID":null},{"edgeID":"1779931","fromID":"1359738","toID":"1359737","formEdgeID":null},{"edgeID":"1779932","fromID":"1359736","toID":"1359739","formEdgeID":null},{"edgeID":"1779933","fromID":"1359739","toID":"1359735","formEdgeID":null},{"edgeID":"1779934","fromID":"1359728","toID":"1359740","formEdgeID":null},{"edgeID":"1779935","fromID":"1359740","toID":"1359736","formEdgeID":null},{"edgeID":"1779936","fromID":"1359735","toID":"1359741","formEdgeID":null},{"edgeID":"1779937","fromID":"1359741","toID":"1359727","formEdgeID":null},{"edgeID":"1779938","fromID":"1359740","toID":"1359742","formEdgeID":null},{"edgeID":"1779939","fromID":"1359742","toID":"1359741","formEdgeID":null},{"edgeID":"1779940","fromID":"1359743","toID":"1359728","formEdgeID":null},{"edgeID":"1779941","fromID":"1359730","toID":"1359743","formEdgeID":null},{"edgeID":"1779942","fromID":"1359728","toID":"1359744","formEdgeID":null},{"edgeID":"1779943","fromID":"1359744","toID":"1359728","formEdgeID":null},{"edgeID":"1779944","fromID":"1359728","toID":"1359745","formEdgeID":null},{"edgeID":"1779945","fromID":"1359745","toID":"1359727","formEdgeID":null},{"edgeID":"1779946","fromID":"1359748","toID":"1359747","formEdgeID":null},{"edgeID":"1779947","fromID":"1359749","toID":"1359748","formEdgeID":null},{"edgeID":"1779948","fromID":"1359747","toID":"1359750","formEdgeID":null},{"edgeID":"1779949","fromID":"1359750","toID":"1359746","formEdgeID":null},{"edgeID":"1779950","fromID":"1359728","toID":"1359751","formEdgeID":null},{"edgeID":"1779951","fromID":"1359751","toID":"1359747","formEdgeID":null},{"edgeID":"1779952","fromID":"1359754","toID":"1359753","formEdgeID":null},{"edgeID":"1779953","fromID":"1359755","toID":"1359754","formEdgeID":null},{"edgeID":"1779954","fromID":"1359753","toID":"1359756","formEdgeID":null},{"edgeID":"1779955","fromID":"1359756","toID":"1359752","formEdgeID":null},{"edgeID":"1779956","fromID":"1359747","toID":"1359757","formEdgeID":null},{"edgeID":"1779957","fromID":"1359757","toID":"1359753","formEdgeID":null},{"edgeID":"1779958","fromID":"1359759","toID":"1359758","formEdgeID":null},{"edgeID":"1779959","fromID":"1359760","toID":"1359759","formEdgeID":null},{"edgeID":"1779960","fromID":"1359753","toID":"1359761","formEdgeID":null},{"edgeID":"1779961","fromID":"1359761","toID":"1359758","formEdgeID":null},{"edgeID":"1779962","fromID":"1359758","toID":"1359762","formEdgeID":null},{"edgeID":"1779963","fromID":"1359762","toID":"1359752","formEdgeID":null},{"edgeID":"1779964","fromID":"1359765","toID":"1359764","formEdgeID":null},{"edgeID":"1779965","fromID":"1359766","toID":"1359765","formEdgeID":null},{"edgeID":"1779966","fromID":"1359764","toID":"1359767","formEdgeID":null},{"edgeID":"1779967","fromID":"1359767","toID":"1359763","formEdgeID":null},{"edgeID":"1779968","fromID":"1359753","toID":"1359768","formEdgeID":null},{"edgeID":"1779969","fromID":"1359768","toID":"1359764","formEdgeID":null},{"edgeID":"1779970","fromID":"1359763","toID":"1359769","formEdgeID":null},{"edgeID":"1779971","fromID":"1359769","toID":"1359752","formEdgeID":null},{"edgeID":"1779972","fromID":"1359768","toID":"1359770","formEdgeID":null},{"edgeID":"1779973","fromID":"1359770","toID":"1359769","formEdgeID":null},{"edgeID":"1779974","fromID":"1359772","toID":"1359771","formEdgeID":null},{"edgeID":"1779975","fromID":"1359773","toID":"1359772","formEdgeID":null},{"edgeID":"1779976","fromID":"1359764","toID":"1359774","formEdgeID":null},{"edgeID":"1779977","fromID":"1359774","toID":"1359771","formEdgeID":null},{"edgeID":"1779978","fromID":"1359771","toID":"1359775","formEdgeID":null},{"edgeID":"1779979","fromID":"1359775","toID":"1359763","formEdgeID":null},{"edgeID":"1779980","fromID":"1359635","toID":"1359776","formEdgeID":null},{"edgeID":"1779981","fromID":"1359776","toID":"1359627","formEdgeID":null},{"edgeID":"1779982","fromID":"1359640","toID":"1359777","formEdgeID":null},{"edgeID":"1779983","fromID":"1359777","toID":"1359776","formEdgeID":null},{"edgeID":"1779984","fromID":"1359655","toID":"1359778","formEdgeID":null},{"edgeID":"1779985","fromID":"1359778","toID":"1359641","formEdgeID":null},{"edgeID":"1779986","fromID":"1359642","toID":"1359779","formEdgeID":null},{"edgeID":"1779987","fromID":"1359779","toID":"1359656","formEdgeID":null},{"edgeID":"1779988","fromID":"1359780","toID":"1359778","formEdgeID":null},{"edgeID":"1779989","fromID":"1359779","toID":"1359780","formEdgeID":null},{"edgeID":"1779990","fromID":"1359690","toID":"1359781","formEdgeID":null},{"edgeID":"1779991","fromID":"1359781","toID":"1359641","formEdgeID":null},{"edgeID":"1779992","fromID":"1359642","toID":"1359782","formEdgeID":null},{"edgeID":"1779993","fromID":"1359782","toID":"1359691","formEdgeID":null},{"edgeID":"1779994","fromID":"1359782","toID":"1359783","formEdgeID":null},{"edgeID":"1779995","fromID":"1359783","toID":"1359781","formEdgeID":null},{"edgeID":"1779996","fromID":"1359671","toID":"1359682","formEdgeID":null}],"locutions":[]}