{"nodes":[{"nodeID":"1360793","text":"we should not go too far down the rabbit hole of pay review bodies","type":"I","timestamp":"2023-11-09 14:26:29"},{"nodeID":"1360794","text":"Fiona Bruce: let's not go too far down the rabbit hole","type":"L","timestamp":"2023-11-09 14:26:29"},{"nodeID":"1360795","text":"Analysing","type":"YA","timestamp":"2023-11-09 14:26:29"},{"nodeID":"1360796","text":"Anon: Fiona Bruce: let's not go too far down the rabbit hole","type":"L","timestamp":"2023-11-09 14:26:29"},{"nodeID":"1360797","text":"Asserting","type":"YA","timestamp":"2023-11-09 14:26:29"},{"nodeID":"1360798","text":"the issue of pay review bodies is important","type":"I","timestamp":"2023-11-09 14:26:29"},{"nodeID":"1360799","text":"Fiona Bruce: Not that it's not important","type":"L","timestamp":"2023-11-09 14:26:29"},{"nodeID":"1360800","text":"Analysing","type":"YA","timestamp":"2023-11-09 14:26:29"},{"nodeID":"1360801","text":"Anon: Fiona Bruce: Not that it's not important","type":"L","timestamp":"2023-11-09 14:26:29"},{"nodeID":"1360802","text":"Asserting","type":"YA","timestamp":"2023-11-09 14:26:29"},{"nodeID":"1360803","text":"the issue of pay review bodies is critical to what's going on","type":"I","timestamp":"2023-11-09 14:26:30"},{"nodeID":"1360804","text":"Fiona Bruce: it is critical to what's going on","type":"L","timestamp":"2023-11-09 14:26:30"},{"nodeID":"1360805","text":"Analysing","type":"YA","timestamp":"2023-11-09 14:26:30"},{"nodeID":"1360806","text":"Anon: Fiona Bruce: it is critical to what's going on","type":"L","timestamp":"2023-11-09 14:26:30"},{"nodeID":"1360807","text":"Asserting","type":"YA","timestamp":"2023-11-09 14:26:30"},{"nodeID":"1360808","text":"Default Transition","type":"TA","timestamp":"2023-11-09 14:26:30"},{"nodeID":"1360809","text":"Default Transition","type":"TA","timestamp":"2023-11-09 14:26:30"},{"nodeID":"1360810","text":"Default Rephrase","type":"MA","timestamp":"2023-11-09 14:26:30"},{"nodeID":"1360811","text":"Restating","type":"YA","timestamp":"2023-11-09 14:26:30"},{"nodeID":"1360812","text":"we're going to spend the next half an hour talking about pay review bodies if we're not careful","type":"I","timestamp":"2023-11-09 14:26:31"},{"nodeID":"1360813","text":"Fiona Bruce: we're going to spend the next half an hour talking about pay review bodies if we're not careful","type":"L","timestamp":"2023-11-09 14:26:31"},{"nodeID":"1360814","text":"Analysing","type":"YA","timestamp":"2023-11-09 14:26:31"},{"nodeID":"1360815","text":"Anon: Fiona Bruce: we're going to spend the next half an hour talking about pay review bodies if we're not careful","type":"L","timestamp":"2023-11-09 14:26:31"},{"nodeID":"1360816","text":"Asserting","type":"YA","timestamp":"2023-11-09 14:26:31"},{"nodeID":"1360817","text":"Default Rephrase","type":"MA","timestamp":"2023-11-09 14:26:31"},{"nodeID":"1360818","text":"Default Transition","type":"TA","timestamp":"2023-11-09 14:26:31"},{"nodeID":"1360819","text":"Restating","type":"YA","timestamp":"2023-11-09 14:26:31"},{"nodeID":"1360820","text":"there's a lot of hands up wanting to talk about the NHS","type":"I","timestamp":"2023-11-09 14:26:31"},{"nodeID":"1360821","text":"Fiona Bruce: there's a lot of hands up wanting to talk about the NHS","type":"L","timestamp":"2023-11-09 14:26:31"},{"nodeID":"1360822","text":"Analysing","type":"YA","timestamp":"2023-11-09 14:26:31"},{"nodeID":"1360823","text":"Anon: Fiona Bruce: there's a lot of hands up wanting to talk about the NHS","type":"L","timestamp":"2023-11-09 14:26:31"},{"nodeID":"1360824","text":"Asserting","type":"YA","timestamp":"2023-11-09 14:26:31"},{"nodeID":"1360825","text":"Default Transition","type":"TA","timestamp":"2023-11-09 14:26:31"},{"nodeID":"1360826","text":"a lot of audience members put in questions about things other than the NHS","type":"I","timestamp":"2023-11-09 14:26:32"},{"nodeID":"1360827","text":"Fiona Bruce: a lot of you put in questions about other things","type":"L","timestamp":"2023-11-09 14:26:32"},{"nodeID":"1360828","text":"Analysing","type":"YA","timestamp":"2023-11-09 14:26:32"},{"nodeID":"1360829","text":"Anon: Fiona Bruce: a lot of you put in questions about other things","type":"L","timestamp":"2023-11-09 14:26:32"},{"nodeID":"1360830","text":"Asserting","type":"YA","timestamp":"2023-11-09 14:26:32"},{"nodeID":"1360831","text":"Default Transition","type":"TA","timestamp":"2023-11-09 14:26:32"},{"nodeID":"1360832","text":"Default Rephrase","type":"MA","timestamp":"2023-11-09 14:26:32"},{"nodeID":"1360833","text":"Restating","type":"YA","timestamp":"2023-11-09 14:26:32"},{"nodeID":"1360834","text":"next week we're in Hoddesdon, just north of London in Hertfordshire","type":"I","timestamp":"2023-11-09 14:26:33"},{"nodeID":"1360835","text":"Fiona Bruce: next week we're in Hoddesdon, just north of London in Hertfordshire","type":"L","timestamp":"2023-11-09 14:26:33"},{"nodeID":"1360836","text":"Analysing","type":"YA","timestamp":"2023-11-09 14:26:33"},{"nodeID":"1360837","text":"Anon: Fiona Bruce: next week we're in Hoddesdon, just north of London in Hertfordshire","type":"L","timestamp":"2023-11-09 14:26:33"},{"nodeID":"1360838","text":"Asserting","type":"YA","timestamp":"2023-11-09 14:26:33"},{"nodeID":"1360839","text":"next week we are doing a special edition of Question Time all about healthcare","type":"I","timestamp":"2023-11-09 14:26:33"},{"nodeID":"1360840","text":"Fiona Bruce: we are doing a special edition of Question Time all about healthcare","type":"L","timestamp":"2023-11-09 14:26:33"},{"nodeID":"1360841","text":"Analysing","type":"YA","timestamp":"2023-11-09 14:26:33"},{"nodeID":"1360842","text":"Anon: Fiona Bruce: we are doing a special edition of Question Time all about healthcare","type":"L","timestamp":"2023-11-09 14:26:33"},{"nodeID":"1360843","text":"Asserting","type":"YA","timestamp":"2023-11-09 14:26:33"},{"nodeID":"1360844","text":"Default Rephrase","type":"MA","timestamp":"2023-11-09 14:26:33"},{"nodeID":"1360845","text":"Fiona Bruce is not going to take more questions from the audience now","type":"I","timestamp":"2023-11-09 14:26:34"},{"nodeID":"1360846","text":"Fiona Bruce: I'm not going to take more questions from you now","type":"L","timestamp":"2023-11-09 14:26:34"},{"nodeID":"1360847","text":"Analysing","type":"YA","timestamp":"2023-11-09 14:26:34"},{"nodeID":"1360848","text":"Anon: Fiona Bruce: I'm not going to take more questions from you now","type":"L","timestamp":"2023-11-09 14:26:34"},{"nodeID":"1360849","text":"Asserting","type":"YA","timestamp":"2023-11-09 14:26:34"},{"nodeID":"1360850","text":"Default Transition","type":"TA","timestamp":"2023-11-09 14:26:34"},{"nodeID":"1360851","text":"Default Inference","type":"RA","timestamp":"2023-11-09 14:26:34"},{"nodeID":"1360852","text":"Default Transition","type":"TA","timestamp":"2023-11-09 14:26:34"},{"nodeID":"1360853","text":"Default Transition","type":"TA","timestamp":"2023-11-09 14:26:34"},{"nodeID":"1360854","text":"Arguing","type":"YA","timestamp":"2023-11-09 14:26:34"},{"nodeID":"1360855","text":"next week we are doing a special edition of Question Time all about  what's happening in the NHS","type":"I","timestamp":"2023-11-09 14:26:34"},{"nodeID":"1360856","text":"Fiona Bruce: All about what's happening in the NHS","type":"L","timestamp":"2023-11-09 14:26:34"},{"nodeID":"1360857","text":"Analysing","type":"YA","timestamp":"2023-11-09 14:26:34"},{"nodeID":"1360858","text":"Anon: Fiona Bruce: All about what's happening in the NHS","type":"L","timestamp":"2023-11-09 14:26:34"},{"nodeID":"1360859","text":"Asserting","type":"YA","timestamp":"2023-11-09 14:26:34"},{"nodeID":"1360860","text":"next week we are doing a special edition of Question Time all about what's happening in social care","type":"I","timestamp":"2023-11-09 14:26:35"},{"nodeID":"1360861","text":"Fiona Bruce: in social care","type":"L","timestamp":"2023-11-09 14:26:35"},{"nodeID":"1360862","text":"Analysing","type":"YA","timestamp":"2023-11-09 14:26:35"},{"nodeID":"1360863","text":"Anon: Fiona Bruce: in social care","type":"L","timestamp":"2023-11-09 14:26:35"},{"nodeID":"1360864","text":"Asserting","type":"YA","timestamp":"2023-11-09 14:26:35"},{"nodeID":"1360865","text":"next week we are doing a special edition of Question Time all about what's happening in mental health care","type":"I","timestamp":"2023-11-09 14:26:36"},{"nodeID":"1360866","text":"Fiona Bruce: what's happening in mental health care","type":"L","timestamp":"2023-11-09 14:26:36"},{"nodeID":"1360867","text":"Analysing","type":"YA","timestamp":"2023-11-09 14:26:36"},{"nodeID":"1360868","text":"Anon: Fiona Bruce: what's happening in mental health care","type":"L","timestamp":"2023-11-09 14:26:36"},{"nodeID":"1360869","text":"Asserting","type":"YA","timestamp":"2023-11-09 14:26:36"},{"nodeID":"1360870","text":"Default Rephrase","type":"MA","timestamp":"2023-11-09 14:26:36"},{"nodeID":"1360871","text":"Default Rephrase","type":"MA","timestamp":"2023-11-09 14:26:36"},{"nodeID":"1360872","text":"Default Rephrase","type":"MA","timestamp":"2023-11-09 14:26:36"},{"nodeID":"1360873","text":"Default Transition","type":"TA","timestamp":"2023-11-09 14:26:36"},{"nodeID":"1360874","text":"Default Transition","type":"TA","timestamp":"2023-11-09 14:26:36"},{"nodeID":"1360875","text":"Default Transition","type":"TA","timestamp":"2023-11-09 14:26:36"},{"nodeID":"1360876","text":"Restating","type":"YA","timestamp":"2023-11-09 14:26:36"},{"nodeID":"1360877","text":"Restating","type":"YA","timestamp":"2023-11-09 14:26:36"},{"nodeID":"1360878","text":"Restating","type":"YA","timestamp":"2023-11-09 14:26:36"},{"nodeID":"1360879","text":"Restating","type":"YA","timestamp":"2023-11-09 14:26:36"},{"nodeID":"1360880","text":"healthcare, the NHS, social care and mental health care is what the whole programme is going to be about","type":"I","timestamp":"2023-11-09 14:26:36"},{"nodeID":"1360881","text":"Fiona Bruce: That's what the whole programme is going to be about","type":"L","timestamp":"2023-11-09 14:26:36"},{"nodeID":"1360882","text":"Analysing","type":"YA","timestamp":"2023-11-09 14:26:36"},{"nodeID":"1360883","text":"Anon: Fiona Bruce: That's what the whole programme is going to be about","type":"L","timestamp":"2023-11-09 14:26:36"},{"nodeID":"1360884","text":"Asserting","type":"YA","timestamp":"2023-11-09 14:26:36"},{"nodeID":"1360885","text":"Default Transition","type":"TA","timestamp":"2023-11-09 14:26:36"},{"nodeID":"1360886","text":"Default Rephrase","type":"MA","timestamp":"2023-11-09 14:26:36"},{"nodeID":"1360887","text":"Restating","type":"YA","timestamp":"2023-11-09 14:26:36"},{"nodeID":"1360888","text":"you want to go to our website and be part of our audience","type":"I","timestamp":"2023-11-09 14:26:37"},{"nodeID":"1360889","text":"Fiona Bruce: you want to go to our website and be part of our audience","type":"L","timestamp":"2023-11-09 14:26:37"},{"nodeID":"1360890","text":"Analysing","type":"YA","timestamp":"2023-11-09 14:26:37"},{"nodeID":"1360891","text":"Anon: Fiona Bruce: you want to go to our website and be part of our audience","type":"L","timestamp":"2023-11-09 14:26:37"},{"nodeID":"1360892","text":"Asserting","type":"YA","timestamp":"2023-11-09 14:26:37"},{"nodeID":"1360893","text":"you should go to our website and be part of our audience","type":"I","timestamp":"2023-11-09 14:26:38"},{"nodeID":"1360894","text":"Fiona Bruce: please do","type":"L","timestamp":"2023-11-09 14:26:38"},{"nodeID":"1360895","text":"Analysing","type":"YA","timestamp":"2023-11-09 14:26:38"},{"nodeID":"1360896","text":"Anon: Fiona Bruce: please do","type":"L","timestamp":"2023-11-09 14:26:38"},{"nodeID":"1360897","text":"Asserting","type":"YA","timestamp":"2023-11-09 14:26:38"},{"nodeID":"1360898","text":"Default Inference","type":"RA","timestamp":"2023-11-09 14:26:38"},{"nodeID":"1360899","text":"Default Transition","type":"TA","timestamp":"2023-11-09 14:26:38"},{"nodeID":"1360900","text":"Arguing","type":"YA","timestamp":"2023-11-09 14:26:38"},{"nodeID":"1360901","text":"we do get a lot of people coming on Question Time from the NHS anyway","type":"I","timestamp":"2023-11-09 14:26:38"},{"nodeID":"1360902","text":"Fiona Bruce: we do get a lot of people coming from the NHS anyway","type":"L","timestamp":"2023-11-09 14:26:38"},{"nodeID":"1360903","text":"Analysing","type":"YA","timestamp":"2023-11-09 14:26:38"},{"nodeID":"1360904","text":"Anon: Fiona Bruce: we do get a lot of people coming from the NHS anyway","type":"L","timestamp":"2023-11-09 14:26:38"},{"nodeID":"1360905","text":"Asserting","type":"YA","timestamp":"2023-11-09 14:26:38"},{"nodeID":"1360906","text":"you work for the NHS","type":"I","timestamp":"2023-11-09 14:26:39"},{"nodeID":"1360907","text":"Fiona Bruce: if you work for the NHS","type":"L","timestamp":"2023-11-09 14:26:39"},{"nodeID":"1360908","text":"Analysing","type":"YA","timestamp":"2023-11-09 14:26:39"},{"nodeID":"1360909","text":"Anon: Fiona Bruce: if you work for the NHS","type":"L","timestamp":"2023-11-09 14:26:39"},{"nodeID":"1360910","text":"Asserting","type":"YA","timestamp":"2023-11-09 14:26:39"},{"nodeID":"1360911","text":"Default Transition","type":"TA","timestamp":"2023-11-09 14:26:39"},{"nodeID":"1360912","text":"you work in social care","type":"I","timestamp":"2023-11-09 14:26:40"},{"nodeID":"1360913","text":"Analysing","type":"YA","timestamp":"2023-11-09 14:26:40"},{"nodeID":"1360914","text":"Asserting","type":"YA","timestamp":"2023-11-09 14:26:40"},{"nodeID":"1360915","text":"Default Transition","type":"TA","timestamp":"2023-11-09 14:26:40"},{"nodeID":"1360916","text":"you use the NHS or social care","type":"I","timestamp":"2023-11-09 14:26:40"},{"nodeID":"1360917","text":"Fiona Bruce: you use it","type":"L","timestamp":"2023-11-09 14:26:40"},{"nodeID":"1360918","text":"Analysing","type":"YA","timestamp":"2023-11-09 14:26:40"},{"nodeID":"1360919","text":"Anon: Fiona Bruce: you use it","type":"L","timestamp":"2023-11-09 14:26:40"},{"nodeID":"1360920","text":"Asserting","type":"YA","timestamp":"2023-11-09 14:26:40"},{"nodeID":"1360921","text":"Default Transition","type":"TA","timestamp":"2023-11-09 14:26:40"},{"nodeID":"1360922","text":"you are affected by the NHS or social care","type":"I","timestamp":"2023-11-09 14:26:41"},{"nodeID":"1360923","text":"Fiona Bruce: you are affected by it","type":"L","timestamp":"2023-11-09 14:26:41"},{"nodeID":"1360924","text":"Analysing","type":"YA","timestamp":"2023-11-09 14:26:41"},{"nodeID":"1360925","text":"Anon: Fiona Bruce: you are affected by it","type":"L","timestamp":"2023-11-09 14:26:41"},{"nodeID":"1360926","text":"Asserting","type":"YA","timestamp":"2023-11-09 14:26:41"},{"nodeID":"1360927","text":"we'd particularly like to have you in the audience as well","type":"I","timestamp":"2023-11-09 14:26:41"},{"nodeID":"1360928","text":"Fiona Bruce: we'd particularly like to have you in the audience as well","type":"L","timestamp":"2023-11-09 14:26:41"},{"nodeID":"1360929","text":"Analysing","type":"YA","timestamp":"2023-11-09 14:26:41"},{"nodeID":"1360930","text":"Anon: Fiona Bruce: we'd particularly like to have you in the audience as well","type":"L","timestamp":"2023-11-09 14:26:41"},{"nodeID":"1360931","text":"Asserting","type":"YA","timestamp":"2023-11-09 14:26:41"},{"nodeID":"1360932","text":"Default Transition","type":"TA","timestamp":"2023-11-09 14:26:41"},{"nodeID":"1360933","text":"Default Transition","type":"TA","timestamp":"2023-11-09 14:26:41"},{"nodeID":"1360934","text":"Default Inference","type":"RA","timestamp":"2023-11-09 14:26:41"},{"nodeID":"1360935","text":"Default Rephrase","type":"MA","timestamp":"2023-11-09 14:26:41"},{"nodeID":"1360936","text":"Default Rephrase","type":"MA","timestamp":"2023-11-09 14:26:41"},{"nodeID":"1360937","text":"Default Rephrase","type":"MA","timestamp":"2023-11-09 14:26:41"},{"nodeID":"1360938","text":"Restating","type":"YA","timestamp":"2023-11-09 14:26:41"},{"nodeID":"1360939","text":"Restating","type":"YA","timestamp":"2023-11-09 14:26:41"},{"nodeID":"1360940","text":"Restating","type":"YA","timestamp":"2023-11-09 14:26:41"},{"nodeID":"1360941","text":"Arguing","type":"YA","timestamp":"2023-11-09 14:26:41"},{"nodeID":"1360942","text":"Default Rephrase","type":"MA","timestamp":"2023-11-09 14:26:41"},{"nodeID":"1360943","text":"Default Transition","type":"TA","timestamp":"2023-11-09 14:26:41"},{"nodeID":"1360944","text":"Restating","type":"YA","timestamp":"2023-11-09 14:26:41"},{"nodeID":"1360945","text":"next week's programme will be the whole programme barring some big political cataclysm which we also have to discuss","type":"I","timestamp":"2023-11-09 14:26:42"},{"nodeID":"1360946","text":"Fiona Bruce: it'll be the whole programme barring some big political cataclysm which we also have to discuss","type":"L","timestamp":"2023-11-09 14:26:42"},{"nodeID":"1360947","text":"Analysing","type":"YA","timestamp":"2023-11-09 14:26:42"},{"nodeID":"1360948","text":"Anon: Fiona Bruce: it'll be the whole programme barring some big political cataclysm which we also have to discuss","type":"L","timestamp":"2023-11-09 14:26:42"},{"nodeID":"1360949","text":"Asserting","type":"YA","timestamp":"2023-11-09 14:26:42"},{"nodeID":"1360950","text":"Default Rephrase","type":"MA","timestamp":"2023-11-09 14:26:42"},{"nodeID":"1360951","text":"Default Transition","type":"TA","timestamp":"2023-11-09 14:26:42"},{"nodeID":"1360952","text":"Default Transition","type":"TA","timestamp":"2023-11-09 14:26:42"},{"nodeID":"1360953","text":"Restating","type":"YA","timestamp":"2023-11-09 14:26:42"},{"nodeID":"1360954","text":"barring the topic of the big political cataclysm we're intending to spend the whole programme of next week talking about what is happening in our healthcare","type":"I","timestamp":"2023-11-09 14:26:43"},{"nodeID":"1360955","text":"Fiona Bruce: otherwise we're intending to spend the whole programme talking about what is happening in our healthcare","type":"L","timestamp":"2023-11-09 14:26:43"},{"nodeID":"1360956","text":"Analysing","type":"YA","timestamp":"2023-11-09 14:26:43"},{"nodeID":"1360957","text":"Anon: Fiona Bruce: otherwise we're intending to spend the whole programme talking about what is happening in our healthcare","type":"L","timestamp":"2023-11-09 14:26:43"},{"nodeID":"1360958","text":"Asserting","type":"YA","timestamp":"2023-11-09 14:26:43"},{"nodeID":"1360959","text":"Default Transition","type":"TA","timestamp":"2023-11-09 14:26:43"},{"nodeID":"1360960","text":"Default Rephrase","type":"MA","timestamp":"2023-11-09 14:26:43"},{"nodeID":"1360961","text":"Restating","type":"YA","timestamp":"2023-11-09 14:26:43"},{"nodeID":"1360962","text":"next week's programme will be in Hoddesdon","type":"I","timestamp":"2023-11-09 14:26:43"},{"nodeID":"1360963","text":"Fiona Bruce: that's next week in Hoddesdon","type":"L","timestamp":"2023-11-09 14:26:43"},{"nodeID":"1360964","text":"Analysing","type":"YA","timestamp":"2023-11-09 14:26:43"},{"nodeID":"1360965","text":"Anon: Fiona Bruce: that's next week in Hoddesdon","type":"L","timestamp":"2023-11-09 14:26:43"},{"nodeID":"1360966","text":"Asserting","type":"YA","timestamp":"2023-11-09 14:26:43"},{"nodeID":"1360967","text":"Default Rephrase","type":"MA","timestamp":"2023-11-09 14:26:43"},{"nodeID":"1360968","text":"Default Transition","type":"TA","timestamp":"2023-11-09 14:26:43"},{"nodeID":"1360969","text":"Restating","type":"YA","timestamp":"2023-11-09 14:26:43"},{"nodeID":"1360970","text":"you should go to our website","type":"I","timestamp":"2023-11-09 14:26:44"},{"nodeID":"1360971","text":"Fiona Bruce: go to our website","type":"L","timestamp":"2023-11-09 14:26:44"},{"nodeID":"1360972","text":"Analysing","type":"YA","timestamp":"2023-11-09 14:26:44"},{"nodeID":"1360973","text":"Anon: Fiona Bruce: go to our website","type":"L","timestamp":"2023-11-09 14:26:44"},{"nodeID":"1360974","text":"Asserting","type":"YA","timestamp":"2023-11-09 14:26:44"},{"nodeID":"1360975","text":"Default Rephrase","type":"MA","timestamp":"2023-11-09 14:26:44"},{"nodeID":"1360976","text":"Default Transition","type":"TA","timestamp":"2023-11-09 14:26:44"},{"nodeID":"1360977","text":"Restating","type":"YA","timestamp":"2023-11-09 14:26:44"},{"nodeID":"1360978","text":"we'd love to have you on next week's programme","type":"I","timestamp":"2023-11-09 14:26:45"},{"nodeID":"1360979","text":"Fiona Bruce: we'd love to have you there","type":"L","timestamp":"2023-11-09 14:26:45"},{"nodeID":"1360980","text":"Analysing","type":"YA","timestamp":"2023-11-09 14:26:45"},{"nodeID":"1360981","text":"Anon: Fiona Bruce: we'd love to have you there","type":"L","timestamp":"2023-11-09 14:26:45"},{"nodeID":"1360982","text":"Asserting","type":"YA","timestamp":"2023-11-09 14:26:45"},{"nodeID":"1360983","text":"Default Rephrase","type":"MA","timestamp":"2023-11-09 14:26:45"},{"nodeID":"1360984","text":"Default Transition","type":"TA","timestamp":"2023-11-09 14:26:45"},{"nodeID":"1360985","text":"Restating","type":"YA","timestamp":"2023-11-09 14:26:45"}],"edges":[{"edgeID":"1781181","fromID":"1360795","toID":"1360794","formEdgeID":null},{"edgeID":"1781182","fromID":"1360796","toID":"1360795","formEdgeID":null},{"edgeID":"1781183","fromID":"1360794","toID":"1360797","formEdgeID":null},{"edgeID":"1781184","fromID":"1360797","toID":"1360793","formEdgeID":null},{"edgeID":"1781185","fromID":"1360800","toID":"1360799","formEdgeID":null},{"edgeID":"1781186","fromID":"1360801","toID":"1360800","formEdgeID":null},{"edgeID":"1781187","fromID":"1360799","toID":"1360802","formEdgeID":null},{"edgeID":"1781188","fromID":"1360802","toID":"1360798","formEdgeID":null},{"edgeID":"1781189","fromID":"1360805","toID":"1360804","formEdgeID":null},{"edgeID":"1781190","fromID":"1360806","toID":"1360805","formEdgeID":null},{"edgeID":"1781191","fromID":"1360804","toID":"1360807","formEdgeID":null},{"edgeID":"1781192","fromID":"1360807","toID":"1360803","formEdgeID":null},{"edgeID":"1781193","fromID":"1360794","toID":"1360808","formEdgeID":null},{"edgeID":"1781194","fromID":"1360808","toID":"1360799","formEdgeID":null},{"edgeID":"1781195","fromID":"1360799","toID":"1360809","formEdgeID":null},{"edgeID":"1781196","fromID":"1360809","toID":"1360804","formEdgeID":null},{"edgeID":"1781197","fromID":"1360803","toID":"1360810","formEdgeID":null},{"edgeID":"1781198","fromID":"1360810","toID":"1360798","formEdgeID":null},{"edgeID":"1781199","fromID":"1360809","toID":"1360811","formEdgeID":null},{"edgeID":"1781200","fromID":"1360811","toID":"1360810","formEdgeID":null},{"edgeID":"1781201","fromID":"1360814","toID":"1360813","formEdgeID":null},{"edgeID":"1781202","fromID":"1360815","toID":"1360814","formEdgeID":null},{"edgeID":"1781203","fromID":"1360813","toID":"1360816","formEdgeID":null},{"edgeID":"1781204","fromID":"1360816","toID":"1360812","formEdgeID":null},{"edgeID":"1781205","fromID":"1360812","toID":"1360817","formEdgeID":null},{"edgeID":"1781206","fromID":"1360817","toID":"1360793","formEdgeID":null},{"edgeID":"1781207","fromID":"1360794","toID":"1360818","formEdgeID":null},{"edgeID":"1781208","fromID":"1360818","toID":"1360813","formEdgeID":null},{"edgeID":"1781209","fromID":"1360818","toID":"1360819","formEdgeID":null},{"edgeID":"1781210","fromID":"1360819","toID":"1360817","formEdgeID":null},{"edgeID":"1781211","fromID":"1360822","toID":"1360821","formEdgeID":null},{"edgeID":"1781212","fromID":"1360823","toID":"1360822","formEdgeID":null},{"edgeID":"1781213","fromID":"1360821","toID":"1360824","formEdgeID":null},{"edgeID":"1781214","fromID":"1360824","toID":"1360820","formEdgeID":null},{"edgeID":"1781215","fromID":"1360813","toID":"1360825","formEdgeID":null},{"edgeID":"1781216","fromID":"1360825","toID":"1360821","formEdgeID":null},{"edgeID":"1781217","fromID":"1360828","toID":"1360827","formEdgeID":null},{"edgeID":"1781218","fromID":"1360829","toID":"1360828","formEdgeID":null},{"edgeID":"1781219","fromID":"1360827","toID":"1360830","formEdgeID":null},{"edgeID":"1781220","fromID":"1360830","toID":"1360826","formEdgeID":null},{"edgeID":"1781221","fromID":"1360821","toID":"1360831","formEdgeID":null},{"edgeID":"1781222","fromID":"1360831","toID":"1360827","formEdgeID":null},{"edgeID":"1781223","fromID":"1360826","toID":"1360832","formEdgeID":null},{"edgeID":"1781224","fromID":"1360832","toID":"1360820","formEdgeID":null},{"edgeID":"1781225","fromID":"1360831","toID":"1360833","formEdgeID":null},{"edgeID":"1781226","fromID":"1360833","toID":"1360832","formEdgeID":null},{"edgeID":"1781227","fromID":"1360836","toID":"1360835","formEdgeID":null},{"edgeID":"1781228","fromID":"1360837","toID":"1360836","formEdgeID":null},{"edgeID":"1781229","fromID":"1360835","toID":"1360838","formEdgeID":null},{"edgeID":"1781230","fromID":"1360838","toID":"1360834","formEdgeID":null},{"edgeID":"1781231","fromID":"1360841","toID":"1360840","formEdgeID":null},{"edgeID":"1781232","fromID":"1360842","toID":"1360841","formEdgeID":null},{"edgeID":"1781233","fromID":"1360840","toID":"1360843","formEdgeID":null},{"edgeID":"1781234","fromID":"1360843","toID":"1360839","formEdgeID":null},{"edgeID":"1781235","fromID":"1360839","toID":"1360844","formEdgeID":null},{"edgeID":"1781236","fromID":"1360844","toID":"1360834","formEdgeID":null},{"edgeID":"1781237","fromID":"1360847","toID":"1360846","formEdgeID":null},{"edgeID":"1781238","fromID":"1360848","toID":"1360847","formEdgeID":null},{"edgeID":"1781239","fromID":"1360846","toID":"1360849","formEdgeID":null},{"edgeID":"1781240","fromID":"1360849","toID":"1360845","formEdgeID":null},{"edgeID":"1781241","fromID":"1360827","toID":"1360850","formEdgeID":null},{"edgeID":"1781242","fromID":"1360850","toID":"1360846","formEdgeID":null},{"edgeID":"1781243","fromID":"1360839","toID":"1360851","formEdgeID":null},{"edgeID":"1781244","fromID":"1360851","toID":"1360845","formEdgeID":null},{"edgeID":"1781245","fromID":"1360835","toID":"1360852","formEdgeID":null},{"edgeID":"1781246","fromID":"1360852","toID":"1360840","formEdgeID":null},{"edgeID":"1781247","fromID":"1360846","toID":"1360853","formEdgeID":null},{"edgeID":"1781248","fromID":"1360853","toID":"1360840","formEdgeID":null},{"edgeID":"1781249","fromID":"1360853","toID":"1360854","formEdgeID":null},{"edgeID":"1781250","fromID":"1360854","toID":"1360851","formEdgeID":null},{"edgeID":"1781251","fromID":"1360857","toID":"1360856","formEdgeID":null},{"edgeID":"1781252","fromID":"1360858","toID":"1360857","formEdgeID":null},{"edgeID":"1781253","fromID":"1360856","toID":"1360859","formEdgeID":null},{"edgeID":"1781254","fromID":"1360859","toID":"1360855","formEdgeID":null},{"edgeID":"1781255","fromID":"1360862","toID":"1360861","formEdgeID":null},{"edgeID":"1781256","fromID":"1360863","toID":"1360862","formEdgeID":null},{"edgeID":"1781257","fromID":"1360861","toID":"1360864","formEdgeID":null},{"edgeID":"1781258","fromID":"1360864","toID":"1360860","formEdgeID":null},{"edgeID":"1781259","fromID":"1360867","toID":"1360866","formEdgeID":null},{"edgeID":"1781260","fromID":"1360868","toID":"1360867","formEdgeID":null},{"edgeID":"1781261","fromID":"1360866","toID":"1360869","formEdgeID":null},{"edgeID":"1781262","fromID":"1360869","toID":"1360865","formEdgeID":null},{"edgeID":"1781263","fromID":"1360855","toID":"1360870","formEdgeID":null},{"edgeID":"1781264","fromID":"1360870","toID":"1360839","formEdgeID":null},{"edgeID":"1781265","fromID":"1360860","toID":"1360871","formEdgeID":null},{"edgeID":"1781266","fromID":"1360871","toID":"1360855","formEdgeID":null},{"edgeID":"1781267","fromID":"1360865","toID":"1360872","formEdgeID":null},{"edgeID":"1781268","fromID":"1360872","toID":"1360860","formEdgeID":null},{"edgeID":"1781269","fromID":"1360840","toID":"1360873","formEdgeID":null},{"edgeID":"1781270","fromID":"1360873","toID":"1360856","formEdgeID":null},{"edgeID":"1781271","fromID":"1360856","toID":"1360874","formEdgeID":null},{"edgeID":"1781272","fromID":"1360874","toID":"1360861","formEdgeID":null},{"edgeID":"1781273","fromID":"1360861","toID":"1360875","formEdgeID":null},{"edgeID":"1781274","fromID":"1360875","toID":"1360866","formEdgeID":null},{"edgeID":"1781275","fromID":"1360852","toID":"1360876","formEdgeID":null},{"edgeID":"1781276","fromID":"1360876","toID":"1360844","formEdgeID":null},{"edgeID":"1781277","fromID":"1360873","toID":"1360877","formEdgeID":null},{"edgeID":"1781278","fromID":"1360877","toID":"1360870","formEdgeID":null},{"edgeID":"1781279","fromID":"1360874","toID":"1360878","formEdgeID":null},{"edgeID":"1781280","fromID":"1360878","toID":"1360871","formEdgeID":null},{"edgeID":"1781281","fromID":"1360875","toID":"1360879","formEdgeID":null},{"edgeID":"1781282","fromID":"1360879","toID":"1360872","formEdgeID":null},{"edgeID":"1781283","fromID":"1360882","toID":"1360881","formEdgeID":null},{"edgeID":"1781284","fromID":"1360883","toID":"1360882","formEdgeID":null},{"edgeID":"1781285","fromID":"1360881","toID":"1360884","formEdgeID":null},{"edgeID":"1781286","fromID":"1360884","toID":"1360880","formEdgeID":null},{"edgeID":"1781287","fromID":"1360866","toID":"1360885","formEdgeID":null},{"edgeID":"1781288","fromID":"1360885","toID":"1360881","formEdgeID":null},{"edgeID":"1781289","fromID":"1360880","toID":"1360886","formEdgeID":null},{"edgeID":"1781290","fromID":"1360886","toID":"1360865","formEdgeID":null},{"edgeID":"1781291","fromID":"1360885","toID":"1360887","formEdgeID":null},{"edgeID":"1781292","fromID":"1360887","toID":"1360886","formEdgeID":null},{"edgeID":"1781293","fromID":"1360890","toID":"1360889","formEdgeID":null},{"edgeID":"1781294","fromID":"1360891","toID":"1360890","formEdgeID":null},{"edgeID":"1781295","fromID":"1360889","toID":"1360892","formEdgeID":null},{"edgeID":"1781296","fromID":"1360892","toID":"1360888","formEdgeID":null},{"edgeID":"1781297","fromID":"1360895","toID":"1360894","formEdgeID":null},{"edgeID":"1781298","fromID":"1360896","toID":"1360895","formEdgeID":null},{"edgeID":"1781299","fromID":"1360894","toID":"1360897","formEdgeID":null},{"edgeID":"1781300","fromID":"1360897","toID":"1360893","formEdgeID":null},{"edgeID":"1781301","fromID":"1360888","toID":"1360898","formEdgeID":null},{"edgeID":"1781302","fromID":"1360898","toID":"1360893","formEdgeID":null},{"edgeID":"1781303","fromID":"1360889","toID":"1360899","formEdgeID":null},{"edgeID":"1781304","fromID":"1360899","toID":"1360894","formEdgeID":null},{"edgeID":"1781305","fromID":"1360899","toID":"1360900","formEdgeID":null},{"edgeID":"1781306","fromID":"1360900","toID":"1360898","formEdgeID":null},{"edgeID":"1781307","fromID":"1360903","toID":"1360902","formEdgeID":null},{"edgeID":"1781308","fromID":"1360904","toID":"1360903","formEdgeID":null},{"edgeID":"1781309","fromID":"1360902","toID":"1360905","formEdgeID":null},{"edgeID":"1781310","fromID":"1360905","toID":"1360901","formEdgeID":null},{"edgeID":"1781311","fromID":"1360908","toID":"1360907","formEdgeID":null},{"edgeID":"1781312","fromID":"1360909","toID":"1360908","formEdgeID":null},{"edgeID":"1781313","fromID":"1360907","toID":"1360910","formEdgeID":null},{"edgeID":"1781314","fromID":"1360910","toID":"1360906","formEdgeID":null},{"edgeID":"1781315","fromID":"1360902","toID":"1360911","formEdgeID":null},{"edgeID":"1781316","fromID":"1360911","toID":"1360907","formEdgeID":null},{"edgeID":"1781317","fromID":"1360913","toID":"1360861","formEdgeID":null},{"edgeID":"1781318","fromID":"1360863","toID":"1360913","formEdgeID":null},{"edgeID":"1781319","fromID":"1360861","toID":"1360914","formEdgeID":null},{"edgeID":"1781320","fromID":"1360914","toID":"1360912","formEdgeID":null},{"edgeID":"1781321","fromID":"1360907","toID":"1360915","formEdgeID":null},{"edgeID":"1781322","fromID":"1360915","toID":"1360861","formEdgeID":null},{"edgeID":"1781323","fromID":"1360918","toID":"1360917","formEdgeID":null},{"edgeID":"1781324","fromID":"1360919","toID":"1360918","formEdgeID":null},{"edgeID":"1781325","fromID":"1360917","toID":"1360920","formEdgeID":null},{"edgeID":"1781326","fromID":"1360920","toID":"1360916","formEdgeID":null},{"edgeID":"1781327","fromID":"1360861","toID":"1360921","formEdgeID":null},{"edgeID":"1781328","fromID":"1360921","toID":"1360917","formEdgeID":null},{"edgeID":"1781329","fromID":"1360924","toID":"1360923","formEdgeID":null},{"edgeID":"1781330","fromID":"1360925","toID":"1360924","formEdgeID":null},{"edgeID":"1781331","fromID":"1360923","toID":"1360926","formEdgeID":null},{"edgeID":"1781332","fromID":"1360926","toID":"1360922","formEdgeID":null},{"edgeID":"1781333","fromID":"1360929","toID":"1360928","formEdgeID":null},{"edgeID":"1781334","fromID":"1360930","toID":"1360929","formEdgeID":null},{"edgeID":"1781335","fromID":"1360928","toID":"1360931","formEdgeID":null},{"edgeID":"1781336","fromID":"1360931","toID":"1360927","formEdgeID":null},{"edgeID":"1781337","fromID":"1360917","toID":"1360932","formEdgeID":null},{"edgeID":"1781338","fromID":"1360932","toID":"1360923","formEdgeID":null},{"edgeID":"1781339","fromID":"1360923","toID":"1360933","formEdgeID":null},{"edgeID":"1781340","fromID":"1360933","toID":"1360928","formEdgeID":null},{"edgeID":"1781341","fromID":"1360922","toID":"1360934","formEdgeID":null},{"edgeID":"1781342","fromID":"1360934","toID":"1360927","formEdgeID":null},{"edgeID":"1781343","fromID":"1360916","toID":"1360934","formEdgeID":null},{"edgeID":"1781344","fromID":"1360912","toID":"1360934","formEdgeID":null},{"edgeID":"1781345","fromID":"1360906","toID":"1360934","formEdgeID":null},{"edgeID":"1781346","fromID":"1360922","toID":"1360935","formEdgeID":null},{"edgeID":"1781347","fromID":"1360935","toID":"1360916","formEdgeID":null},{"edgeID":"1781348","fromID":"1360916","toID":"1360936","formEdgeID":null},{"edgeID":"1781349","fromID":"1360936","toID":"1360912","formEdgeID":null},{"edgeID":"1781350","fromID":"1360912","toID":"1360937","formEdgeID":null},{"edgeID":"1781351","fromID":"1360937","toID":"1360906","formEdgeID":null},{"edgeID":"1781352","fromID":"1360932","toID":"1360938","formEdgeID":null},{"edgeID":"1781353","fromID":"1360938","toID":"1360935","formEdgeID":null},{"edgeID":"1781354","fromID":"1360921","toID":"1360939","formEdgeID":null},{"edgeID":"1781355","fromID":"1360939","toID":"1360936","formEdgeID":null},{"edgeID":"1781356","fromID":"1360915","toID":"1360940","formEdgeID":null},{"edgeID":"1781357","fromID":"1360940","toID":"1360937","formEdgeID":null},{"edgeID":"1781358","fromID":"1360933","toID":"1360941","formEdgeID":null},{"edgeID":"1781359","fromID":"1360941","toID":"1360934","formEdgeID":null},{"edgeID":"1781360","fromID":"1360927","toID":"1360942","formEdgeID":null},{"edgeID":"1781361","fromID":"1360942","toID":"1360893","formEdgeID":null},{"edgeID":"1781362","fromID":"1360894","toID":"1360943","formEdgeID":null},{"edgeID":"1781363","fromID":"1360943","toID":"1360928","formEdgeID":null},{"edgeID":"1781364","fromID":"1360943","toID":"1360944","formEdgeID":null},{"edgeID":"1781365","fromID":"1360944","toID":"1360942","formEdgeID":null},{"edgeID":"1781366","fromID":"1360947","toID":"1360946","formEdgeID":null},{"edgeID":"1781367","fromID":"1360948","toID":"1360947","formEdgeID":null},{"edgeID":"1781368","fromID":"1360946","toID":"1360949","formEdgeID":null},{"edgeID":"1781369","fromID":"1360949","toID":"1360945","formEdgeID":null},{"edgeID":"1781370","fromID":"1360945","toID":"1360950","formEdgeID":null},{"edgeID":"1781371","fromID":"1360950","toID":"1360880","formEdgeID":null},{"edgeID":"1781372","fromID":"1360881","toID":"1360951","formEdgeID":null},{"edgeID":"1781373","fromID":"1360951","toID":"1360889","formEdgeID":null},{"edgeID":"1781374","fromID":"1360881","toID":"1360952","formEdgeID":null},{"edgeID":"1781375","fromID":"1360952","toID":"1360946","formEdgeID":null},{"edgeID":"1781376","fromID":"1360952","toID":"1360953","formEdgeID":null},{"edgeID":"1781377","fromID":"1360953","toID":"1360950","formEdgeID":null},{"edgeID":"1781378","fromID":"1360956","toID":"1360955","formEdgeID":null},{"edgeID":"1781379","fromID":"1360957","toID":"1360956","formEdgeID":null},{"edgeID":"1781380","fromID":"1360955","toID":"1360958","formEdgeID":null},{"edgeID":"1781381","fromID":"1360958","toID":"1360954","formEdgeID":null},{"edgeID":"1781382","fromID":"1360946","toID":"1360959","formEdgeID":null},{"edgeID":"1781383","fromID":"1360959","toID":"1360955","formEdgeID":null},{"edgeID":"1781384","fromID":"1360954","toID":"1360960","formEdgeID":null},{"edgeID":"1781385","fromID":"1360960","toID":"1360945","formEdgeID":null},{"edgeID":"1781386","fromID":"1360959","toID":"1360961","formEdgeID":null},{"edgeID":"1781387","fromID":"1360961","toID":"1360960","formEdgeID":null},{"edgeID":"1781388","fromID":"1360964","toID":"1360963","formEdgeID":null},{"edgeID":"1781389","fromID":"1360965","toID":"1360964","formEdgeID":null},{"edgeID":"1781390","fromID":"1360963","toID":"1360966","formEdgeID":null},{"edgeID":"1781391","fromID":"1360966","toID":"1360962","formEdgeID":null},{"edgeID":"1781392","fromID":"1360962","toID":"1360967","formEdgeID":null},{"edgeID":"1781393","fromID":"1360967","toID":"1360834","formEdgeID":null},{"edgeID":"1781394","fromID":"1360835","toID":"1360968","formEdgeID":null},{"edgeID":"1781395","fromID":"1360968","toID":"1360963","formEdgeID":null},{"edgeID":"1781396","fromID":"1360968","toID":"1360969","formEdgeID":null},{"edgeID":"1781397","fromID":"1360969","toID":"1360967","formEdgeID":null},{"edgeID":"1781398","fromID":"1360972","toID":"1360971","formEdgeID":null},{"edgeID":"1781399","fromID":"1360973","toID":"1360972","formEdgeID":null},{"edgeID":"1781400","fromID":"1360971","toID":"1360974","formEdgeID":null},{"edgeID":"1781401","fromID":"1360974","toID":"1360970","formEdgeID":null},{"edgeID":"1781402","fromID":"1360970","toID":"1360975","formEdgeID":null},{"edgeID":"1781403","fromID":"1360975","toID":"1360893","formEdgeID":null},{"edgeID":"1781404","fromID":"1360894","toID":"1360976","formEdgeID":null},{"edgeID":"1781405","fromID":"1360976","toID":"1360971","formEdgeID":null},{"edgeID":"1781406","fromID":"1360976","toID":"1360977","formEdgeID":null},{"edgeID":"1781407","fromID":"1360977","toID":"1360975","formEdgeID":null},{"edgeID":"1781408","fromID":"1360980","toID":"1360979","formEdgeID":null},{"edgeID":"1781409","fromID":"1360981","toID":"1360980","formEdgeID":null},{"edgeID":"1781410","fromID":"1360979","toID":"1360982","formEdgeID":null},{"edgeID":"1781411","fromID":"1360982","toID":"1360978","formEdgeID":null},{"edgeID":"1781412","fromID":"1360978","toID":"1360983","formEdgeID":null},{"edgeID":"1781413","fromID":"1360983","toID":"1360927","formEdgeID":null},{"edgeID":"1781414","fromID":"1360928","toID":"1360984","formEdgeID":null},{"edgeID":"1781415","fromID":"1360984","toID":"1360979","formEdgeID":null},{"edgeID":"1781416","fromID":"1360984","toID":"1360985","formEdgeID":null},{"edgeID":"1781417","fromID":"1360985","toID":"1360983","formEdgeID":null}],"locutions":[]}