{"nodes":[{"nodeID":"1358582","text":"AudienceMember 20230126QT05 is an emergency nurse practitioner","type":"I","timestamp":"2023-11-09 14:22:46"},{"nodeID":"1358583","text":"AudienceMember 20230126QT05: I'm an emergency nurse practitioner","type":"L","timestamp":"2023-11-09 14:22:46"},{"nodeID":"1358584","text":"Analysing","type":"YA","timestamp":"2023-11-09 14:22:46"},{"nodeID":"1358585","text":"Anon: AudienceMember 20230126QT05: I'm an emergency nurse practitioner","type":"L","timestamp":"2023-11-09 14:22:46"},{"nodeID":"1358586","text":"Asserting","type":"YA","timestamp":"2023-11-09 14:22:46"},{"nodeID":"1358587","text":"AudienceMember 20230126QT05 has only been qualified as an emergency nurse practicioner for four years","type":"I","timestamp":"2023-11-09 14:22:47"},{"nodeID":"1358588","text":"AudienceMember 20230126QT05: I've only been qualified actually for four years","type":"L","timestamp":"2023-11-09 14:22:47"},{"nodeID":"1358589","text":"Analysing","type":"YA","timestamp":"2023-11-09 14:22:47"},{"nodeID":"1358590","text":"Anon: AudienceMember 20230126QT05: I've only been qualified actually for four years","type":"L","timestamp":"2023-11-09 14:22:47"},{"nodeID":"1358591","text":"Asserting","type":"YA","timestamp":"2023-11-09 14:22:47"},{"nodeID":"1358592","text":"Default Transition","type":"TA","timestamp":"2023-11-09 14:22:47"},{"nodeID":"1358593","text":"Default Rephrase","type":"MA","timestamp":"2023-11-09 14:22:47"},{"nodeID":"1358594","text":"Restating","type":"YA","timestamp":"2023-11-09 14:22:47"},{"nodeID":"1358595","text":"it feels like the audience is full of nurses","type":"I","timestamp":"2023-11-09 14:22:48"},{"nodeID":"1358596","text":"Fiona Bruce: It feels like our audience is full of","type":"L","timestamp":"2023-11-09 14:22:48"},{"nodeID":"1358597","text":"Analysing","type":"YA","timestamp":"2023-11-09 14:22:48"},{"nodeID":"1358598","text":"Anon: Fiona Bruce: It feels like our audience is full of","type":"L","timestamp":"2023-11-09 14:22:48"},{"nodeID":"1358599","text":"Asserting","type":"YA","timestamp":"2023-11-09 14:22:48"},{"nodeID":"1358600","text":"Default Transition","type":"TA","timestamp":"2023-11-09 14:22:48"},{"nodeID":"1358601","text":"AudienceMember 20230126QT06: I've only actually been qualified for four years","type":"L","timestamp":"2023-11-09 14:22:48"},{"nodeID":"1358602","text":"Analysing","type":"YA","timestamp":"2023-11-09 14:22:48"},{"nodeID":"1358603","text":"Anon: AudienceMember 20230126QT06: I've only actually been qualified for four years","type":"L","timestamp":"2023-11-09 14:22:48"},{"nodeID":"1358604","text":"Default Transition","type":"TA","timestamp":"2023-11-09 14:22:48"},{"nodeID":"1358605","text":"Asserting","type":"YA","timestamp":"2023-11-09 14:22:48"},{"nodeID":"1358606","text":"AudienceMember 20230126QT05 has been on the frontline prior to the pandemic, during the pandemic, post pandemic","type":"I","timestamp":"2023-11-09 14:22:48"},{"nodeID":"1358607","text":"AudienceMember 20230126QT06: I've been on the frontline prior to the pandemic, during the pandemic, post pandemic","type":"L","timestamp":"2023-11-09 14:22:48"},{"nodeID":"1358608","text":"Analysing","type":"YA","timestamp":"2023-11-09 14:22:48"},{"nodeID":"1358609","text":"Anon: AudienceMember 20230126QT06: I've been on the frontline prior to the pandemic, during the pandemic, post pandemic","type":"L","timestamp":"2023-11-09 14:22:48"},{"nodeID":"1358610","text":"Asserting","type":"YA","timestamp":"2023-11-09 14:22:48"},{"nodeID":"1358611","text":"Default Transition","type":"TA","timestamp":"2023-11-09 14:22:48"},{"nodeID":"1358612","text":"Default Inference","type":"RA","timestamp":"2023-11-09 14:22:48"},{"nodeID":"1358613","text":"Arguing","type":"YA","timestamp":"2023-11-09 14:22:48"},{"nodeID":"1358614","text":"the NHS is like a warzone","type":"I","timestamp":"2023-11-09 14:22:49"},{"nodeID":"1358615","text":"AudienceMember 20230126QT06: It's like a warzone","type":"L","timestamp":"2023-11-09 14:22:49"},{"nodeID":"1358616","text":"Analysing","type":"YA","timestamp":"2023-11-09 14:22:49"},{"nodeID":"1358617","text":"Anon: AudienceMember 20230126QT06: It's like a warzone","type":"L","timestamp":"2023-11-09 14:22:49"},{"nodeID":"1358618","text":"Asserting","type":"YA","timestamp":"2023-11-09 14:22:49"},{"nodeID":"1358619","text":"Default Transition","type":"TA","timestamp":"2023-11-09 14:22:49"},{"nodeID":"1358620","text":"there's beds everywhere","type":"I","timestamp":"2023-11-09 14:22:50"},{"nodeID":"1358621","text":"AudienceMember 20230126QT06: There's beds everywhere","type":"L","timestamp":"2023-11-09 14:22:50"},{"nodeID":"1358622","text":"Analysing","type":"YA","timestamp":"2023-11-09 14:22:50"},{"nodeID":"1358623","text":"Anon: AudienceMember 20230126QT06: There's beds everywhere","type":"L","timestamp":"2023-11-09 14:22:50"},{"nodeID":"1358624","text":"Asserting","type":"YA","timestamp":"2023-11-09 14:22:50"},{"nodeID":"1358625","text":"Default Transition","type":"TA","timestamp":"2023-11-09 14:22:50"},{"nodeID":"1358626","text":"there's patients everywhere","type":"I","timestamp":"2023-11-09 14:22:51"},{"nodeID":"1358627","text":"AudienceMember 20230126QT06: there's patients everywhere","type":"L","timestamp":"2023-11-09 14:22:51"},{"nodeID":"1358628","text":"Analysing","type":"YA","timestamp":"2023-11-09 14:22:51"},{"nodeID":"1358629","text":"Anon: AudienceMember 20230126QT06: there's patients everywhere","type":"L","timestamp":"2023-11-09 14:22:51"},{"nodeID":"1358630","text":"Asserting","type":"YA","timestamp":"2023-11-09 14:22:51"},{"nodeID":"1358631","text":"Default Transition","type":"TA","timestamp":"2023-11-09 14:22:51"},{"nodeID":"1358632","text":"there's elderly people everywhere","type":"I","timestamp":"2023-11-09 14:22:52"},{"nodeID":"1358633","text":"AudienceMember 20230126QT06: There's elderly people","type":"L","timestamp":"2023-11-09 14:22:52"},{"nodeID":"1358634","text":"Analysing","type":"YA","timestamp":"2023-11-09 14:22:52"},{"nodeID":"1358635","text":"Anon: AudienceMember 20230126QT06: There's elderly people","type":"L","timestamp":"2023-11-09 14:22:52"},{"nodeID":"1358636","text":"Asserting","type":"YA","timestamp":"2023-11-09 14:22:52"},{"nodeID":"1358637","text":"Default Transition","type":"TA","timestamp":"2023-11-09 14:22:52"},{"nodeID":"1358638","text":"elderly people are sitting on chairs for 24 hours","type":"I","timestamp":"2023-11-09 14:22:52"},{"nodeID":"1358639","text":"AudienceMember 20230126QT06: elderly people are sitting on chairs for 24 hours","type":"L","timestamp":"2023-11-09 14:22:52"},{"nodeID":"1358640","text":"Analysing","type":"YA","timestamp":"2023-11-09 14:22:52"},{"nodeID":"1358641","text":"Anon: AudienceMember 20230126QT06: elderly people are sitting on chairs for 24 hours","type":"L","timestamp":"2023-11-09 14:22:52"},{"nodeID":"1358642","text":"Asserting","type":"YA","timestamp":"2023-11-09 14:22:52"},{"nodeID":"1358643","text":"Default Rephrase","type":"MA","timestamp":"2023-11-09 14:22:52"},{"nodeID":"1358644","text":"Default Transition","type":"TA","timestamp":"2023-11-09 14:22:52"},{"nodeID":"1358645","text":"Restating","type":"YA","timestamp":"2023-11-09 14:22:52"},{"nodeID":"1358646","text":"Default Inference","type":"RA","timestamp":"2023-11-09 14:22:52"},{"nodeID":"1358647","text":"Default Inference","type":"RA","timestamp":"2023-11-09 14:22:52"},{"nodeID":"1358648","text":"Arguing","type":"YA","timestamp":"2023-11-09 14:22:52"},{"nodeID":"1358649","text":"Default Transition","type":"TA","timestamp":"2023-11-09 14:22:52"},{"nodeID":"1358650","text":"Arguing","type":"YA","timestamp":"2023-11-09 14:22:52"},{"nodeID":"1358651","text":"Default Rephrase","type":"MA","timestamp":"2023-11-09 14:22:52"},{"nodeID":"1358652","text":"Restating","type":"YA","timestamp":"2023-11-09 14:22:52"},{"nodeID":"1358653","text":"the state of the NHS is not okay no more","type":"I","timestamp":"2023-11-09 14:22:53"},{"nodeID":"1358654","text":"AudienceMember 20230126QT06: It's not okay no more","type":"L","timestamp":"2023-11-09 14:22:53"},{"nodeID":"1358655","text":"Analysing","type":"YA","timestamp":"2023-11-09 14:22:53"},{"nodeID":"1358656","text":"Anon: AudienceMember 20230126QT06: It's not okay no more","type":"L","timestamp":"2023-11-09 14:22:53"},{"nodeID":"1358657","text":"Asserting","type":"YA","timestamp":"2023-11-09 14:22:53"},{"nodeID":"1358658","text":"Default Transition","type":"TA","timestamp":"2023-11-09 14:22:53"},{"nodeID":"1358659","text":"Default Inference","type":"RA","timestamp":"2023-11-09 14:22:53"},{"nodeID":"1358660","text":"Arguing","type":"YA","timestamp":"2023-11-09 14:22:53"},{"nodeID":"1358661","text":"Default Inference","type":"RA","timestamp":"2023-11-09 14:22:53"},{"nodeID":"1358662","text":"Default Transition","type":"TA","timestamp":"2023-11-09 14:22:53"},{"nodeID":"1358663","text":"Arguing","type":"YA","timestamp":"2023-11-09 14:22:53"},{"nodeID":"1358664","text":"the state of the NHS needs to be addressed","type":"I","timestamp":"2023-11-09 14:22:54"},{"nodeID":"1358665","text":"AudienceMember 20230126QT06: It needs to be addressed","type":"L","timestamp":"2023-11-09 14:22:54"},{"nodeID":"1358666","text":"Analysing","type":"YA","timestamp":"2023-11-09 14:22:54"},{"nodeID":"1358667","text":"Anon: AudienceMember 20230126QT06: It needs to be addressed","type":"L","timestamp":"2023-11-09 14:22:54"},{"nodeID":"1358668","text":"Asserting","type":"YA","timestamp":"2023-11-09 14:22:54"},{"nodeID":"1358669","text":"Default Inference","type":"RA","timestamp":"2023-11-09 14:22:54"},{"nodeID":"1358670","text":"Default Transition","type":"TA","timestamp":"2023-11-09 14:22:54"},{"nodeID":"1358671","text":"Arguing","type":"YA","timestamp":"2023-11-09 14:22:54"},{"nodeID":"1358672","text":"the state of the NHS needs to be addressed now","type":"I","timestamp":"2023-11-09 14:22:55"},{"nodeID":"1358673","text":"AudienceMember 20230126QT06: it needs to be addressed now","type":"L","timestamp":"2023-11-09 14:22:55"},{"nodeID":"1358674","text":"Analysing","type":"YA","timestamp":"2023-11-09 14:22:55"},{"nodeID":"1358675","text":"Anon: AudienceMember 20230126QT06: it needs to be addressed now","type":"L","timestamp":"2023-11-09 14:22:55"},{"nodeID":"1358676","text":"Asserting","type":"YA","timestamp":"2023-11-09 14:22:55"},{"nodeID":"1358677","text":"Default Transition","type":"TA","timestamp":"2023-11-09 14:22:55"},{"nodeID":"1358678","text":"Default Rephrase","type":"MA","timestamp":"2023-11-09 14:22:55"},{"nodeID":"1358679","text":"Restating","type":"YA","timestamp":"2023-11-09 14:22:55"},{"nodeID":"1358680","text":"in 2019 there was a manifesto pledged that the NHS were going to build 14 new hospitals","type":"I","timestamp":"2023-11-09 14:22:56"},{"nodeID":"1358681","text":"AudienceMember 20230126QT06: In 2019 there was a manifesto pledged that they were going to build 14 new hospitals","type":"L","timestamp":"2023-11-09 14:22:56"},{"nodeID":"1358682","text":"Analysing","type":"YA","timestamp":"2023-11-09 14:22:56"},{"nodeID":"1358683","text":"Anon: AudienceMember 20230126QT06: In 2019 there was a manifesto pledged that they were going to build 14 new hospitals","type":"L","timestamp":"2023-11-09 14:22:56"},{"nodeID":"1358684","text":"Asserting","type":"YA","timestamp":"2023-11-09 14:22:56"},{"nodeID":"1358685","text":"Default Inference","type":"RA","timestamp":"2023-11-09 14:22:56"},{"nodeID":"1358686","text":"Default Transition","type":"TA","timestamp":"2023-11-09 14:22:56"},{"nodeID":"1358687","text":"building 14 new hospitals hasn't even been done, remotely even looked into","type":"I","timestamp":"2023-11-09 14:22:56"},{"nodeID":"1358688","text":"AudienceMember 20230126QT06:  That hasn't even been done, remotely even looked into","type":"L","timestamp":"2023-11-09 14:22:56"},{"nodeID":"1358689","text":"Analysing","type":"YA","timestamp":"2023-11-09 14:22:56"},{"nodeID":"1358690","text":"Anon: AudienceMember 20230126QT06:  That hasn't even been done, remotely even looked into","type":"L","timestamp":"2023-11-09 14:22:56"},{"nodeID":"1358691","text":"Asserting","type":"YA","timestamp":"2023-11-09 14:22:56"},{"nodeID":"1358692","text":"Default Transition","type":"TA","timestamp":"2023-11-09 14:22:56"},{"nodeID":"1358693","text":"Default Conflict","type":"CA","timestamp":"2023-11-09 14:22:56"},{"nodeID":"1358694","text":"Disagreeing","type":"YA","timestamp":"2023-11-09 14:22:56"},{"nodeID":"1358695","text":"the NHS won't find staff to staff new hospitals","type":"I","timestamp":"2023-11-09 14:22:57"},{"nodeID":"1358696","text":"AudienceMember 20230126QT06: Where are they finding the staff to even staff those","type":"L","timestamp":"2023-11-09 14:22:57"},{"nodeID":"1358697","text":"Analysing","type":"YA","timestamp":"2023-11-09 14:22:57"},{"nodeID":"1358698","text":"Anon: AudienceMember 20230126QT06: Where are they finding the staff to even staff those","type":"L","timestamp":"2023-11-09 14:22:57"},{"nodeID":"1358699","text":"Rhetorical Questioning","type":"YA","timestamp":"2023-11-09 14:22:57"},{"nodeID":"1358700","text":"the NHS can't retain the staff they've got","type":"I","timestamp":"2023-11-09 14:22:58"},{"nodeID":"1358701","text":"AudienceMember 20230126QT06: they can't retain the staff they've got","type":"L","timestamp":"2023-11-09 14:22:58"},{"nodeID":"1358702","text":"Analysing","type":"YA","timestamp":"2023-11-09 14:22:58"},{"nodeID":"1358703","text":"Anon: AudienceMember 20230126QT06: they can't retain the staff they've got","type":"L","timestamp":"2023-11-09 14:22:58"},{"nodeID":"1358704","text":"Asserting","type":"YA","timestamp":"2023-11-09 14:22:58"},{"nodeID":"1358705","text":"Default Transition","type":"TA","timestamp":"2023-11-09 14:22:58"},{"nodeID":"1358706","text":"Default Inference","type":"RA","timestamp":"2023-11-09 14:22:58"},{"nodeID":"1358707","text":"Arguing","type":"YA","timestamp":"2023-11-09 14:22:58"},{"nodeID":"1358708","text":"the NHS don't know how to look after their staff","type":"I","timestamp":"2023-11-09 14:22:59"},{"nodeID":"1358709","text":"AudienceMember 20230126QT06: they don't know how to look after them","type":"L","timestamp":"2023-11-09 14:22:59"},{"nodeID":"1358710","text":"Analysing","type":"YA","timestamp":"2023-11-09 14:22:59"},{"nodeID":"1358711","text":"Anon: AudienceMember 20230126QT06: they don't know how to look after them","type":"L","timestamp":"2023-11-09 14:22:59"},{"nodeID":"1358712","text":"Asserting","type":"YA","timestamp":"2023-11-09 14:22:59"},{"nodeID":"1358713","text":"Default Transition","type":"TA","timestamp":"2023-11-09 14:22:59"},{"nodeID":"1358714","text":"Default Inference","type":"RA","timestamp":"2023-11-09 14:22:59"},{"nodeID":"1358715","text":"Arguing","type":"YA","timestamp":"2023-11-09 14:22:59"},{"nodeID":"1358716","text":"NHS staff are not skilled enough","type":"I","timestamp":"2023-11-09 14:23:00"},{"nodeID":"1358717","text":"AudienceMember 20230126QT06: All we get told is we're not skilled enough","type":"L","timestamp":"2023-11-09 14:23:00"},{"nodeID":"1358718","text":"Analysing","type":"YA","timestamp":"2023-11-09 14:23:00"},{"nodeID":"1358719","text":"Anon: AudienceMember 20230126QT06: All we get told is we're not skilled enough","type":"L","timestamp":"2023-11-09 14:23:00"},{"nodeID":"1358720","text":"The NHS: you're not skilled enough","type":"L","timestamp":"2023-11-09 14:23:00"},{"nodeID":"1358721","text":"Analysing","type":"YA","timestamp":"2023-11-09 14:23:00"},{"nodeID":"1358722","text":"Anon: The NHS: all NHS staff get told is they're not skilled enough","type":"L","timestamp":"2023-11-09 14:23:00"},{"nodeID":"1358723","text":"Asserting","type":"YA","timestamp":"2023-11-09 14:23:00"},{"nodeID":"1358724","text":"Asserting","type":"YA","timestamp":"2023-11-09 14:23:00"},{"nodeID":"1358725","text":"Default Transition","type":"TA","timestamp":"2023-11-09 14:23:00"},{"nodeID":"1358726","text":"NHS staff need to justify a pay rise","type":"I","timestamp":"2023-11-09 14:23:00"},{"nodeID":"1358727","text":"AudienceMember 20230126QT06: we need to justify a pay rise","type":"L","timestamp":"2023-11-09 14:23:00"},{"nodeID":"1358728","text":"Analysing","type":"YA","timestamp":"2023-11-09 14:23:00"},{"nodeID":"1358729","text":"Anon: AudienceMember 20230126QT06: we need to justify a pay rise","type":"L","timestamp":"2023-11-09 14:23:00"},{"nodeID":"1358730","text":"Asserting","type":"YA","timestamp":"2023-11-09 14:23:00"},{"nodeID":"1358731","text":"Default Inference","type":"RA","timestamp":"2023-11-09 14:23:00"},{"nodeID":"1358732","text":"Default Transition","type":"TA","timestamp":"2023-11-09 14:23:00"},{"nodeID":"1358733","text":"Arguing","type":"YA","timestamp":"2023-11-09 14:23:00"},{"nodeID":"1358734","text":"NHS staff have justified a pay rise enough","type":"I","timestamp":"2023-11-09 14:23:01"},{"nodeID":"1358735","text":"AudienceMember 20230126QT06: we've justified it enough","type":"L","timestamp":"2023-11-09 14:23:01"},{"nodeID":"1358736","text":"Analysing","type":"YA","timestamp":"2023-11-09 14:23:01"},{"nodeID":"1358737","text":"Anon: AudienceMember 20230126QT06: we've justified it enough","type":"L","timestamp":"2023-11-09 14:23:01"},{"nodeID":"1358738","text":"Asserting","type":"YA","timestamp":"2023-11-09 14:23:01"},{"nodeID":"1358739","text":"Default Conflict","type":"CA","timestamp":"2023-11-09 14:23:01"},{"nodeID":"1358740","text":"Default Transition","type":"TA","timestamp":"2023-11-09 14:23:01"},{"nodeID":"1358741","text":"Disagreeing","type":"YA","timestamp":"2023-11-09 14:23:01"},{"nodeID":"1358742","text":"NHS staff are tired","type":"I","timestamp":"2023-11-09 14:23:02"},{"nodeID":"1358743","text":"AudienceMember 20230126QT06: We're tired","type":"L","timestamp":"2023-11-09 14:23:02"},{"nodeID":"1358744","text":"Analysing","type":"YA","timestamp":"2023-11-09 14:23:02"},{"nodeID":"1358745","text":"Anon: AudienceMember 20230126QT06: We're tired","type":"L","timestamp":"2023-11-09 14:23:02"},{"nodeID":"1358746","text":"Asserting","type":"YA","timestamp":"2023-11-09 14:23:02"},{"nodeID":"1358747","text":"Default Transition","type":"TA","timestamp":"2023-11-09 14:23:02"},{"nodeID":"1358748","text":"Default Inference","type":"RA","timestamp":"2023-11-09 14:23:02"},{"nodeID":"1358749","text":"Arguing","type":"YA","timestamp":"2023-11-09 14:23:02"},{"nodeID":"1358750","text":"NHS staff have had enough","type":"I","timestamp":"2023-11-09 14:23:03"},{"nodeID":"1358751","text":"AudienceMember 20230126QT06: we've had enough","type":"L","timestamp":"2023-11-09 14:23:03"},{"nodeID":"1358752","text":"Analysing","type":"YA","timestamp":"2023-11-09 14:23:03"},{"nodeID":"1358753","text":"Anon: AudienceMember 20230126QT06: we've had enough","type":"L","timestamp":"2023-11-09 14:23:03"},{"nodeID":"1358754","text":"Asserting","type":"YA","timestamp":"2023-11-09 14:23:03"},{"nodeID":"1358755","text":"Default Transition","type":"TA","timestamp":"2023-11-09 14:23:03"},{"nodeID":"1358756","text":"Default Inference","type":"RA","timestamp":"2023-11-09 14:23:03"},{"nodeID":"1358757","text":"Arguing","type":"YA","timestamp":"2023-11-09 14:23:03"},{"nodeID":"1358758","text":"Default Transition","type":"TA","timestamp":"2023-11-09 14:23:03"},{"nodeID":"1358759","text":"Default Inference","type":"RA","timestamp":"2023-11-09 14:23:03"},{"nodeID":"1358760","text":"Arguing","type":"YA","timestamp":"2023-11-09 14:23:03"},{"nodeID":"1358761","text":"Default Transition","type":"TA","timestamp":"2023-11-09 14:23:03"},{"nodeID":"1358762","text":"Default Inference","type":"RA","timestamp":"2023-11-09 14:23:03"},{"nodeID":"1358763","text":"Arguing","type":"YA","timestamp":"2023-11-09 14:23:03"},{"nodeID":"1358764","text":"Default Transition","type":"TA","timestamp":"2023-11-09 14:23:03"},{"nodeID":"1358765","text":"Default Transition","type":"TA","timestamp":"2023-11-09 14:23:03"},{"nodeID":"1358766","text":"Default Inference","type":"RA","timestamp":"2023-11-09 14:23:03"},{"nodeID":"1358767","text":"Arguing","type":"YA","timestamp":"2023-11-09 14:23:03"}],"edges":[{"edgeID":"1778549","fromID":"1358584","toID":"1358583","formEdgeID":null},{"edgeID":"1778550","fromID":"1358585","toID":"1358584","formEdgeID":null},{"edgeID":"1778551","fromID":"1358583","toID":"1358586","formEdgeID":null},{"edgeID":"1778552","fromID":"1358586","toID":"1358582","formEdgeID":null},{"edgeID":"1778553","fromID":"1358589","toID":"1358588","formEdgeID":null},{"edgeID":"1778554","fromID":"1358590","toID":"1358589","formEdgeID":null},{"edgeID":"1778555","fromID":"1358588","toID":"1358591","formEdgeID":null},{"edgeID":"1778556","fromID":"1358591","toID":"1358587","formEdgeID":null},{"edgeID":"1778557","fromID":"1358583","toID":"1358592","formEdgeID":null},{"edgeID":"1778558","fromID":"1358592","toID":"1358588","formEdgeID":null},{"edgeID":"1778559","fromID":"1358587","toID":"1358593","formEdgeID":null},{"edgeID":"1778560","fromID":"1358593","toID":"1358582","formEdgeID":null},{"edgeID":"1778561","fromID":"1358592","toID":"1358594","formEdgeID":null},{"edgeID":"1778562","fromID":"1358594","toID":"1358593","formEdgeID":null},{"edgeID":"1778563","fromID":"1358597","toID":"1358596","formEdgeID":null},{"edgeID":"1778564","fromID":"1358598","toID":"1358597","formEdgeID":null},{"edgeID":"1778565","fromID":"1358596","toID":"1358599","formEdgeID":null},{"edgeID":"1778566","fromID":"1358599","toID":"1358595","formEdgeID":null},{"edgeID":"1778567","fromID":"1358588","toID":"1358600","formEdgeID":null},{"edgeID":"1778568","fromID":"1358600","toID":"1358596","formEdgeID":null},{"edgeID":"1778569","fromID":"1358602","toID":"1358601","formEdgeID":null},{"edgeID":"1778570","fromID":"1358603","toID":"1358602","formEdgeID":null},{"edgeID":"1778571","fromID":"1358588","toID":"1358604","formEdgeID":null},{"edgeID":"1778572","fromID":"1358604","toID":"1358601","formEdgeID":null},{"edgeID":"1778573","fromID":"1358601","toID":"1358605","formEdgeID":null},{"edgeID":"1778574","fromID":"1358605","toID":"1358587","formEdgeID":null},{"edgeID":"1778575","fromID":"1358608","toID":"1358607","formEdgeID":null},{"edgeID":"1778576","fromID":"1358609","toID":"1358608","formEdgeID":null},{"edgeID":"1778577","fromID":"1358607","toID":"1358610","formEdgeID":null},{"edgeID":"1778578","fromID":"1358610","toID":"1358606","formEdgeID":null},{"edgeID":"1778579","fromID":"1358601","toID":"1358611","formEdgeID":null},{"edgeID":"1778580","fromID":"1358611","toID":"1358607","formEdgeID":null},{"edgeID":"1778581","fromID":"1358587","toID":"1358612","formEdgeID":null},{"edgeID":"1778582","fromID":"1358612","toID":"1358606","formEdgeID":null},{"edgeID":"1778583","fromID":"1358611","toID":"1358613","formEdgeID":null},{"edgeID":"1778584","fromID":"1358613","toID":"1358612","formEdgeID":null},{"edgeID":"1778585","fromID":"1358616","toID":"1358615","formEdgeID":null},{"edgeID":"1778586","fromID":"1358617","toID":"1358616","formEdgeID":null},{"edgeID":"1778587","fromID":"1358615","toID":"1358618","formEdgeID":null},{"edgeID":"1778588","fromID":"1358618","toID":"1358614","formEdgeID":null},{"edgeID":"1778589","fromID":"1358607","toID":"1358619","formEdgeID":null},{"edgeID":"1778590","fromID":"1358619","toID":"1358615","formEdgeID":null},{"edgeID":"1778591","fromID":"1358622","toID":"1358621","formEdgeID":null},{"edgeID":"1778592","fromID":"1358623","toID":"1358622","formEdgeID":null},{"edgeID":"1778593","fromID":"1358621","toID":"1358624","formEdgeID":null},{"edgeID":"1778594","fromID":"1358624","toID":"1358620","formEdgeID":null},{"edgeID":"1778595","fromID":"1358615","toID":"1358625","formEdgeID":null},{"edgeID":"1778596","fromID":"1358625","toID":"1358621","formEdgeID":null},{"edgeID":"1778597","fromID":"1358628","toID":"1358627","formEdgeID":null},{"edgeID":"1778598","fromID":"1358629","toID":"1358628","formEdgeID":null},{"edgeID":"1778599","fromID":"1358627","toID":"1358630","formEdgeID":null},{"edgeID":"1778600","fromID":"1358630","toID":"1358626","formEdgeID":null},{"edgeID":"1778601","fromID":"1358615","toID":"1358631","formEdgeID":null},{"edgeID":"1778602","fromID":"1358631","toID":"1358627","formEdgeID":null},{"edgeID":"1778603","fromID":"1358634","toID":"1358633","formEdgeID":null},{"edgeID":"1778604","fromID":"1358635","toID":"1358634","formEdgeID":null},{"edgeID":"1778605","fromID":"1358633","toID":"1358636","formEdgeID":null},{"edgeID":"1778606","fromID":"1358636","toID":"1358632","formEdgeID":null},{"edgeID":"1778607","fromID":"1358627","toID":"1358637","formEdgeID":null},{"edgeID":"1778608","fromID":"1358637","toID":"1358633","formEdgeID":null},{"edgeID":"1778609","fromID":"1358640","toID":"1358639","formEdgeID":null},{"edgeID":"1778610","fromID":"1358641","toID":"1358640","formEdgeID":null},{"edgeID":"1778611","fromID":"1358639","toID":"1358642","formEdgeID":null},{"edgeID":"1778612","fromID":"1358642","toID":"1358638","formEdgeID":null},{"edgeID":"1778613","fromID":"1358638","toID":"1358643","formEdgeID":null},{"edgeID":"1778614","fromID":"1358643","toID":"1358632","formEdgeID":null},{"edgeID":"1778615","fromID":"1358633","toID":"1358644","formEdgeID":null},{"edgeID":"1778616","fromID":"1358644","toID":"1358639","formEdgeID":null},{"edgeID":"1778617","fromID":"1358644","toID":"1358645","formEdgeID":null},{"edgeID":"1778618","fromID":"1358645","toID":"1358643","formEdgeID":null},{"edgeID":"1778619","fromID":"1358626","toID":"1358646","formEdgeID":null},{"edgeID":"1778620","fromID":"1358646","toID":"1358614","formEdgeID":null},{"edgeID":"1778621","fromID":"1358626","toID":"1358647","formEdgeID":null},{"edgeID":"1778622","fromID":"1358647","toID":"1358620","formEdgeID":null},{"edgeID":"1778623","fromID":"1358631","toID":"1358648","formEdgeID":null},{"edgeID":"1778624","fromID":"1358648","toID":"1358647","formEdgeID":null},{"edgeID":"1778625","fromID":"1358615","toID":"1358649","formEdgeID":null},{"edgeID":"1778626","fromID":"1358649","toID":"1358627","formEdgeID":null},{"edgeID":"1778627","fromID":"1358649","toID":"1358650","formEdgeID":null},{"edgeID":"1778628","fromID":"1358650","toID":"1358646","formEdgeID":null},{"edgeID":"1778629","fromID":"1358632","toID":"1358651","formEdgeID":null},{"edgeID":"1778630","fromID":"1358651","toID":"1358626","formEdgeID":null},{"edgeID":"1778631","fromID":"1358637","toID":"1358652","formEdgeID":null},{"edgeID":"1778632","fromID":"1358652","toID":"1358651","formEdgeID":null},{"edgeID":"1778633","fromID":"1358655","toID":"1358654","formEdgeID":null},{"edgeID":"1778634","fromID":"1358656","toID":"1358655","formEdgeID":null},{"edgeID":"1778635","fromID":"1358654","toID":"1358657","formEdgeID":null},{"edgeID":"1778636","fromID":"1358657","toID":"1358653","formEdgeID":null},{"edgeID":"1778637","fromID":"1358615","toID":"1358658","formEdgeID":null},{"edgeID":"1778638","fromID":"1358658","toID":"1358654","formEdgeID":null},{"edgeID":"1778639","fromID":"1358614","toID":"1358659","formEdgeID":null},{"edgeID":"1778640","fromID":"1358659","toID":"1358653","formEdgeID":null},{"edgeID":"1778641","fromID":"1358658","toID":"1358660","formEdgeID":null},{"edgeID":"1778642","fromID":"1358660","toID":"1358659","formEdgeID":null},{"edgeID":"1778643","fromID":"1358638","toID":"1358661","formEdgeID":null},{"edgeID":"1778644","fromID":"1358661","toID":"1358653","formEdgeID":null},{"edgeID":"1778645","fromID":"1358639","toID":"1358662","formEdgeID":null},{"edgeID":"1778646","fromID":"1358662","toID":"1358654","formEdgeID":null},{"edgeID":"1778647","fromID":"1358662","toID":"1358663","formEdgeID":null},{"edgeID":"1778648","fromID":"1358663","toID":"1358661","formEdgeID":null},{"edgeID":"1778649","fromID":"1358666","toID":"1358665","formEdgeID":null},{"edgeID":"1778650","fromID":"1358667","toID":"1358666","formEdgeID":null},{"edgeID":"1778651","fromID":"1358665","toID":"1358668","formEdgeID":null},{"edgeID":"1778652","fromID":"1358668","toID":"1358664","formEdgeID":null},{"edgeID":"1778653","fromID":"1358653","toID":"1358669","formEdgeID":null},{"edgeID":"1778654","fromID":"1358669","toID":"1358664","formEdgeID":null},{"edgeID":"1778655","fromID":"1358654","toID":"1358670","formEdgeID":null},{"edgeID":"1778656","fromID":"1358670","toID":"1358665","formEdgeID":null},{"edgeID":"1778657","fromID":"1358670","toID":"1358671","formEdgeID":null},{"edgeID":"1778658","fromID":"1358671","toID":"1358669","formEdgeID":null},{"edgeID":"1778659","fromID":"1358674","toID":"1358673","formEdgeID":null},{"edgeID":"1778660","fromID":"1358675","toID":"1358674","formEdgeID":null},{"edgeID":"1778661","fromID":"1358673","toID":"1358676","formEdgeID":null},{"edgeID":"1778662","fromID":"1358676","toID":"1358672","formEdgeID":null},{"edgeID":"1778663","fromID":"1358665","toID":"1358677","formEdgeID":null},{"edgeID":"1778664","fromID":"1358677","toID":"1358673","formEdgeID":null},{"edgeID":"1778665","fromID":"1358672","toID":"1358678","formEdgeID":null},{"edgeID":"1778666","fromID":"1358678","toID":"1358664","formEdgeID":null},{"edgeID":"1778667","fromID":"1358677","toID":"1358679","formEdgeID":null},{"edgeID":"1778668","fromID":"1358679","toID":"1358678","formEdgeID":null},{"edgeID":"1778669","fromID":"1358682","toID":"1358681","formEdgeID":null},{"edgeID":"1778670","fromID":"1358683","toID":"1358682","formEdgeID":null},{"edgeID":"1778671","fromID":"1358681","toID":"1358684","formEdgeID":null},{"edgeID":"1778672","fromID":"1358684","toID":"1358680","formEdgeID":null},{"edgeID":"1778673","fromID":"1358672","toID":"1358685","formEdgeID":null},{"edgeID":"1778674","fromID":"1358685","toID":"1358680","formEdgeID":null},{"edgeID":"1778675","fromID":"1358673","toID":"1358686","formEdgeID":null},{"edgeID":"1778676","fromID":"1358686","toID":"1358681","formEdgeID":null},{"edgeID":"1778677","fromID":"1358689","toID":"1358688","formEdgeID":null},{"edgeID":"1778678","fromID":"1358690","toID":"1358689","formEdgeID":null},{"edgeID":"1778679","fromID":"1358688","toID":"1358691","formEdgeID":null},{"edgeID":"1778680","fromID":"1358691","toID":"1358687","formEdgeID":null},{"edgeID":"1778681","fromID":"1358681","toID":"1358692","formEdgeID":null},{"edgeID":"1778682","fromID":"1358692","toID":"1358688","formEdgeID":null},{"edgeID":"1778683","fromID":"1358687","toID":"1358693","formEdgeID":null},{"edgeID":"1778684","fromID":"1358693","toID":"1358680","formEdgeID":null},{"edgeID":"1778685","fromID":"1358692","toID":"1358694","formEdgeID":null},{"edgeID":"1778686","fromID":"1358694","toID":"1358693","formEdgeID":null},{"edgeID":"1778687","fromID":"1358697","toID":"1358696","formEdgeID":null},{"edgeID":"1778688","fromID":"1358698","toID":"1358697","formEdgeID":null},{"edgeID":"1778689","fromID":"1358696","toID":"1358699","formEdgeID":null},{"edgeID":"1778690","fromID":"1358699","toID":"1358695","formEdgeID":null},{"edgeID":"1778691","fromID":"1358702","toID":"1358701","formEdgeID":null},{"edgeID":"1778692","fromID":"1358703","toID":"1358702","formEdgeID":null},{"edgeID":"1778693","fromID":"1358701","toID":"1358704","formEdgeID":null},{"edgeID":"1778694","fromID":"1358704","toID":"1358700","formEdgeID":null},{"edgeID":"1778695","fromID":"1358696","toID":"1358705","formEdgeID":null},{"edgeID":"1778696","fromID":"1358705","toID":"1358701","formEdgeID":null},{"edgeID":"1778697","fromID":"1358700","toID":"1358706","formEdgeID":null},{"edgeID":"1778698","fromID":"1358706","toID":"1358695","formEdgeID":null},{"edgeID":"1778699","fromID":"1358705","toID":"1358707","formEdgeID":null},{"edgeID":"1778700","fromID":"1358707","toID":"1358706","formEdgeID":null},{"edgeID":"1778701","fromID":"1358710","toID":"1358709","formEdgeID":null},{"edgeID":"1778702","fromID":"1358711","toID":"1358710","formEdgeID":null},{"edgeID":"1778703","fromID":"1358709","toID":"1358712","formEdgeID":null},{"edgeID":"1778704","fromID":"1358712","toID":"1358708","formEdgeID":null},{"edgeID":"1778705","fromID":"1358701","toID":"1358713","formEdgeID":null},{"edgeID":"1778706","fromID":"1358713","toID":"1358709","formEdgeID":null},{"edgeID":"1778707","fromID":"1358708","toID":"1358714","formEdgeID":null},{"edgeID":"1778708","fromID":"1358714","toID":"1358700","formEdgeID":null},{"edgeID":"1778709","fromID":"1358713","toID":"1358715","formEdgeID":null},{"edgeID":"1778710","fromID":"1358715","toID":"1358714","formEdgeID":null},{"edgeID":"1778711","fromID":"1358718","toID":"1358717","formEdgeID":null},{"edgeID":"1778712","fromID":"1358719","toID":"1358718","formEdgeID":null},{"edgeID":"1778713","fromID":"1358721","toID":"1358720","formEdgeID":null},{"edgeID":"1778714","fromID":"1358722","toID":"1358721","formEdgeID":null},{"edgeID":"1778715","fromID":"1358720","toID":"1358723","formEdgeID":null},{"edgeID":"1778716","fromID":"1358723","toID":"1358716","formEdgeID":null},{"edgeID":"1778717","fromID":"1358717","toID":"1358724","formEdgeID":null},{"edgeID":"1778718","fromID":"1358724","toID":"1358720","formEdgeID":null},{"edgeID":"1778719","fromID":"1358709","toID":"1358725","formEdgeID":null},{"edgeID":"1778720","fromID":"1358725","toID":"1358717","formEdgeID":null},{"edgeID":"1778721","fromID":"1358728","toID":"1358727","formEdgeID":null},{"edgeID":"1778722","fromID":"1358729","toID":"1358728","formEdgeID":null},{"edgeID":"1778723","fromID":"1358727","toID":"1358730","formEdgeID":null},{"edgeID":"1778724","fromID":"1358730","toID":"1358726","formEdgeID":null},{"edgeID":"1778725","fromID":"1358716","toID":"1358731","formEdgeID":null},{"edgeID":"1778726","fromID":"1358731","toID":"1358726","formEdgeID":null},{"edgeID":"1778727","fromID":"1358717","toID":"1358732","formEdgeID":null},{"edgeID":"1778728","fromID":"1358732","toID":"1358727","formEdgeID":null},{"edgeID":"1778729","fromID":"1358732","toID":"1358733","formEdgeID":null},{"edgeID":"1778730","fromID":"1358733","toID":"1358731","formEdgeID":null},{"edgeID":"1778731","fromID":"1358736","toID":"1358735","formEdgeID":null},{"edgeID":"1778732","fromID":"1358737","toID":"1358736","formEdgeID":null},{"edgeID":"1778733","fromID":"1358735","toID":"1358738","formEdgeID":null},{"edgeID":"1778734","fromID":"1358738","toID":"1358734","formEdgeID":null},{"edgeID":"1778735","fromID":"1358734","toID":"1358739","formEdgeID":null},{"edgeID":"1778736","fromID":"1358739","toID":"1358726","formEdgeID":null},{"edgeID":"1778737","fromID":"1358727","toID":"1358740","formEdgeID":null},{"edgeID":"1778738","fromID":"1358740","toID":"1358735","formEdgeID":null},{"edgeID":"1778739","fromID":"1358740","toID":"1358741","formEdgeID":null},{"edgeID":"1778740","fromID":"1358741","toID":"1358739","formEdgeID":null},{"edgeID":"1778741","fromID":"1358744","toID":"1358743","formEdgeID":null},{"edgeID":"1778742","fromID":"1358745","toID":"1358744","formEdgeID":null},{"edgeID":"1778743","fromID":"1358743","toID":"1358746","formEdgeID":null},{"edgeID":"1778744","fromID":"1358746","toID":"1358742","formEdgeID":null},{"edgeID":"1778745","fromID":"1358735","toID":"1358747","formEdgeID":null},{"edgeID":"1778746","fromID":"1358747","toID":"1358743","formEdgeID":null},{"edgeID":"1778747","fromID":"1358734","toID":"1358748","formEdgeID":null},{"edgeID":"1778748","fromID":"1358748","toID":"1358742","formEdgeID":null},{"edgeID":"1778749","fromID":"1358747","toID":"1358749","formEdgeID":null},{"edgeID":"1778750","fromID":"1358749","toID":"1358748","formEdgeID":null},{"edgeID":"1778751","fromID":"1358752","toID":"1358751","formEdgeID":null},{"edgeID":"1778752","fromID":"1358753","toID":"1358752","formEdgeID":null},{"edgeID":"1778753","fromID":"1358751","toID":"1358754","formEdgeID":null},{"edgeID":"1778754","fromID":"1358754","toID":"1358750","formEdgeID":null},{"edgeID":"1778755","fromID":"1358743","toID":"1358755","formEdgeID":null},{"edgeID":"1778756","fromID":"1358755","toID":"1358751","formEdgeID":null},{"edgeID":"1778757","fromID":"1358742","toID":"1358756","formEdgeID":null},{"edgeID":"1778758","fromID":"1358756","toID":"1358750","formEdgeID":null},{"edgeID":"1778759","fromID":"1358755","toID":"1358757","formEdgeID":null},{"edgeID":"1778760","fromID":"1358757","toID":"1358756","formEdgeID":null},{"edgeID":"1778761","fromID":"1358709","toID":"1358758","formEdgeID":null},{"edgeID":"1778762","fromID":"1358758","toID":"1358751","formEdgeID":null},{"edgeID":"1778763","fromID":"1358750","toID":"1358759","formEdgeID":null},{"edgeID":"1778764","fromID":"1358759","toID":"1358708","formEdgeID":null},{"edgeID":"1778765","fromID":"1358758","toID":"1358760","formEdgeID":null},{"edgeID":"1778766","fromID":"1358760","toID":"1358759","formEdgeID":null},{"edgeID":"1778767","fromID":"1358665","toID":"1358761","formEdgeID":null},{"edgeID":"1778768","fromID":"1358761","toID":"1358688","formEdgeID":null},{"edgeID":"1778769","fromID":"1358687","toID":"1358762","formEdgeID":null},{"edgeID":"1778770","fromID":"1358762","toID":"1358664","formEdgeID":null},{"edgeID":"1778771","fromID":"1358761","toID":"1358763","formEdgeID":null},{"edgeID":"1778772","fromID":"1358763","toID":"1358762","formEdgeID":null},{"edgeID":"1778773","fromID":"1358688","toID":"1358764","formEdgeID":null},{"edgeID":"1778774","fromID":"1358764","toID":"1358696","formEdgeID":null},{"edgeID":"1778775","fromID":"1358673","toID":"1358765","formEdgeID":null},{"edgeID":"1778776","fromID":"1358765","toID":"1358751","formEdgeID":null},{"edgeID":"1778777","fromID":"1358750","toID":"1358766","formEdgeID":null},{"edgeID":"1778778","fromID":"1358766","toID":"1358672","formEdgeID":null},{"edgeID":"1778779","fromID":"1358765","toID":"1358767","formEdgeID":null},{"edgeID":"1778780","fromID":"1358767","toID":"1358766","formEdgeID":null}],"locutions":[]}