{"nodes":[{"nodeID":"1157760","text":"minimum service levels are a proportionate way of balancing the right to strike, but only to cover safety of individuals and their health","type":"I","timestamp":"2023-04-24 19:28:29"},{"nodeID":"1360986","text":"Alex Chalk respectfully but fundamentally disagrees","type":"I","timestamp":"2023-11-09 14:26:46"},{"nodeID":"1360987","text":"Alex Chalk: I respectfully but fundamentally disagree","type":"L","timestamp":"2023-11-09 14:26:46"},{"nodeID":"1360988","text":"Analysing","type":"YA","timestamp":"2023-11-09 14:26:46"},{"nodeID":"1360989","text":"Chris: Alex Chalk: I respectfully but fundamentally disagree","type":"L","timestamp":"2023-11-09 14:26:46"},{"nodeID":"1360990","text":"Asserting","type":"YA","timestamp":"2023-11-09 14:26:46"},{"nodeID":"1360991","text":"it's not just the British Government saying that this is a reasonable thing to do","type":"I","timestamp":"2023-11-09 14:26:46"},{"nodeID":"1360992","text":"Alex Chalk: it's not just the British Government saying that this is a reasonable thing to do","type":"L","timestamp":"2023-11-09 14:26:46"},{"nodeID":"1360993","text":"Analysing","type":"YA","timestamp":"2023-11-09 14:26:46"},{"nodeID":"1360994","text":"Chris: Alex Chalk: it's not just the British Government saying that this is a reasonable thing to do","type":"L","timestamp":"2023-11-09 14:26:46"},{"nodeID":"1360995","text":"Asserting","type":"YA","timestamp":"2023-11-09 14:26:46"},{"nodeID":"1360996","text":"Default Transition","type":"TA","timestamp":"2023-11-09 14:26:46"},{"nodeID":"1360997","text":"Default Inference","type":"RA","timestamp":"2023-11-09 14:26:46"},{"nodeID":"1360998","text":"Arguing","type":"YA","timestamp":"2023-11-09 14:26:46"},{"nodeID":"1360999","text":"the International Labour Organisation says it's a reasonable thing to do, and this has been indicated","type":"I","timestamp":"2023-11-09 14:26:47"},{"nodeID":"1361000","text":"Alex Chalk: The International Labour Organisation says it's a reasonable thing to do, and this has been indicated","type":"L","timestamp":"2023-11-09 14:26:47"},{"nodeID":"1361001","text":"Analysing","type":"YA","timestamp":"2023-11-09 14:26:47"},{"nodeID":"1361002","text":"Chris: Alex Chalk: The International Labour Organisation says it's a reasonable thing to do, and this has been indicated","type":"L","timestamp":"2023-11-09 14:26:47"},{"nodeID":"1361003","text":"Asserting","type":"YA","timestamp":"2023-11-09 14:26:47"},{"nodeID":"1361004","text":"Default Transition","type":"TA","timestamp":"2023-11-09 14:26:47"},{"nodeID":"1361005","text":"Default Rephrase","type":"MA","timestamp":"2023-11-09 14:26:47"},{"nodeID":"1361006","text":"Restating","type":"YA","timestamp":"2023-11-09 14:26:47"},{"nodeID":"1361007","text":"this is something that applies in France, in Italy, in Spain","type":"I","timestamp":"2023-11-09 14:26:47"},{"nodeID":"1361008","text":"Alex Chalk: this is something that applies in France, in Italy, in Spain","type":"L","timestamp":"2023-11-09 14:26:47"},{"nodeID":"1361009","text":"Analysing","type":"YA","timestamp":"2023-11-09 14:26:47"},{"nodeID":"1361010","text":"Chris: Alex Chalk: this is something that applies in France, in Italy, in Spain","type":"L","timestamp":"2023-11-09 14:26:47"},{"nodeID":"1361011","text":"Asserting","type":"YA","timestamp":"2023-11-09 14:26:47"},{"nodeID":"1361012","text":"Default Transition","type":"TA","timestamp":"2023-11-09 14:26:47"},{"nodeID":"1361013","text":"Default Rephrase","type":"MA","timestamp":"2023-11-09 14:26:47"},{"nodeID":"1361014","text":"Restating","type":"YA","timestamp":"2023-11-09 14:26:47"},{"nodeID":"1361015","text":"when you mention the International Labour Organisation they say","type":"I","timestamp":"2023-11-09 14:26:48"},{"nodeID":"1361016","text":"Fiona Bruce: when you mention the International Labour Organisation they say","type":"L","timestamp":"2023-11-09 14:26:48"},{"nodeID":"1361017","text":"Analysing","type":"YA","timestamp":"2023-11-09 14:26:48"},{"nodeID":"1361018","text":"Chris: Fiona Bruce: when you mention the International Labour Organisation they say","type":"L","timestamp":"2023-11-09 14:26:48"},{"nodeID":"1361019","text":"Asserting","type":"YA","timestamp":"2023-11-09 14:26:48"},{"nodeID":"1361020","text":"Default Conflict","type":"CA","timestamp":"2023-11-09 14:26:48"},{"nodeID":"1361021","text":"Default Transition","type":"TA","timestamp":"2023-11-09 14:26:48"},{"nodeID":"1361022","text":"Disagreeing","type":"YA","timestamp":"2023-11-09 14:26:48"},{"nodeID":"1361023","text":"Fiona Bruce: you're right","type":"L","timestamp":"2023-11-09 14:26:48"},{"nodeID":"1361024","text":"Analysing","type":"YA","timestamp":"2023-11-09 14:26:48"},{"nodeID":"1361025","text":"Chris: Fiona Bruce: you're right","type":"L","timestamp":"2023-11-09 14:26:48"},{"nodeID":"1361026","text":"Default Transition","type":"TA","timestamp":"2023-11-09 14:26:48"},{"nodeID":"1361027","text":"Asserting","type":"YA","timestamp":"2023-11-09 14:26:48"},{"nodeID":"1361028","text":"Alex Chalk is right","type":"I","timestamp":"2023-11-09 14:26:49"},{"nodeID":"1361029","text":"Agreeing","type":"YA","timestamp":"2023-11-09 14:26:49"},{"nodeID":"1361030","text":"Fiona Bruce looked into this","type":"I","timestamp":"2023-11-09 14:26:49"},{"nodeID":"1361031","text":"Fiona Bruce: I looked into this","type":"L","timestamp":"2023-11-09 14:26:49"},{"nodeID":"1361032","text":"Analysing","type":"YA","timestamp":"2023-11-09 14:26:49"},{"nodeID":"1361033","text":"Chris: Fiona Bruce: I looked into this","type":"L","timestamp":"2023-11-09 14:26:49"},{"nodeID":"1361034","text":"Asserting","type":"YA","timestamp":"2023-11-09 14:26:49"},{"nodeID":"1361035","text":"Default Transition","type":"TA","timestamp":"2023-11-09 14:26:49"},{"nodeID":"1361036","text":"Default Inference","type":"RA","timestamp":"2023-11-09 14:26:49"},{"nodeID":"1361037","text":"Arguing","type":"YA","timestamp":"2023-11-09 14:26:49"},{"nodeID":"1361038","text":"this was something that the Prime Minister mentioned yesterday","type":"I","timestamp":"2023-11-09 14:26:50"},{"nodeID":"1361039","text":"Fiona Bruce: this was something that the Prime Minister mentioned yesterday","type":"L","timestamp":"2023-11-09 14:26:50"},{"nodeID":"1361040","text":"Analysing","type":"YA","timestamp":"2023-11-09 14:26:50"},{"nodeID":"1361041","text":"Chris: Fiona Bruce: this was something that the Prime Minister mentioned yesterday","type":"L","timestamp":"2023-11-09 14:26:50"},{"nodeID":"1361042","text":"Asserting","type":"YA","timestamp":"2023-11-09 14:26:50"},{"nodeID":"1361043","text":"Default Transition","type":"TA","timestamp":"2023-11-09 14:26:50"},{"nodeID":"1361044","text":"Default Inference","type":"RA","timestamp":"2023-11-09 14:26:50"},{"nodeID":"1361045","text":"Arguing","type":"YA","timestamp":"2023-11-09 14:26:50"},{"nodeID":"1361046","text":"Fiona Bruce: they say minimum service levels are a proportionate way of balancing the right to strike, but only to cover safety of individuals and their health","type":"L","timestamp":"2023-11-09 14:26:50"},{"nodeID":"1361047","text":"Analysing","type":"YA","timestamp":"2023-11-09 14:26:50"},{"nodeID":"1361048","text":"Chris: Fiona Bruce: they say minimum service levels are a proportionate way of balancing the right to strike, but only to cover safety of individuals and their health","type":"L","timestamp":"2023-11-09 14:26:50"},{"nodeID":"1361049","text":"International Labour Organisation: minimum service levels are a proportionate way of balancing the right to strike, but only to cover safety of individuals and their health","type":"L","timestamp":"2023-11-09 14:26:50"},{"nodeID":"1361050","text":"Analysing","type":"YA","timestamp":"2023-11-09 14:26:50"},{"nodeID":"1361051","text":"Chris: International Labour Organisation: minimum service levels are a proportionate way of balancing the right to strike, but only to cover safety of individuals and their health","type":"L","timestamp":"2023-11-09 14:26:50"},{"nodeID":"1361052","text":"Asserting","type":"YA","timestamp":"2023-11-09 14:26:50"},{"nodeID":"1361053","text":"Asserting","type":"YA","timestamp":"2023-11-09 14:26:50"},{"nodeID":"1361054","text":"Default Transition","type":"TA","timestamp":"2023-11-09 14:26:50"},{"nodeID":"1361055","text":"Alex Chalk: Yeah","type":"L","timestamp":"2023-11-09 14:26:50"},{"nodeID":"1361056","text":"Analysing","type":"YA","timestamp":"2023-11-09 14:26:50"},{"nodeID":"1361057","text":"Chris: Alex Chalk: Yeah","type":"L","timestamp":"2023-11-09 14:26:50"},{"nodeID":"1361058","text":"Default Transition","type":"TA","timestamp":"2023-11-09 14:26:50"},{"nodeID":"1361059","text":"Agreeing","type":"YA","timestamp":"2023-11-09 14:26:50"},{"nodeID":"1361060","text":"safety of individuals and their health would not include a lot of things that the Government are suggesting","type":"I","timestamp":"2023-11-09 14:26:51"},{"nodeID":"1361061","text":"Fiona Bruce: that would not include a lot of things that the Government are suggesting","type":"L","timestamp":"2023-11-09 14:26:51"},{"nodeID":"1361062","text":"Analysing","type":"YA","timestamp":"2023-11-09 14:26:51"},{"nodeID":"1361063","text":"Chris: Fiona Bruce: that would not include a lot of things that the Government are suggesting","type":"L","timestamp":"2023-11-09 14:26:51"},{"nodeID":"1361064","text":"Asserting","type":"YA","timestamp":"2023-11-09 14:26:51"},{"nodeID":"1361065","text":"Default Transition","type":"TA","timestamp":"2023-11-09 14:26:51"},{"nodeID":"1361066","text":"Default Rephrase","type":"MA","timestamp":"2023-11-09 14:26:51"},{"nodeID":"1361067","text":"Restating","type":"YA","timestamp":"2023-11-09 14:26:51"},{"nodeID":"1361068","text":"safety of individuals and their health doesn't cover education for example","type":"I","timestamp":"2023-11-09 14:26:52"},{"nodeID":"1361069","text":"Fiona Bruce: such as education for example","type":"L","timestamp":"2023-11-09 14:26:52"},{"nodeID":"1361070","text":"Analysing","type":"YA","timestamp":"2023-11-09 14:26:52"},{"nodeID":"1361071","text":"Chris: Fiona Bruce: such as education for example","type":"L","timestamp":"2023-11-09 14:26:52"},{"nodeID":"1361072","text":"Asserting","type":"YA","timestamp":"2023-11-09 14:26:52"},{"nodeID":"1361073","text":"Default Transition","type":"TA","timestamp":"2023-11-09 14:26:52"},{"nodeID":"1361074","text":"Default Inference","type":"RA","timestamp":"2023-11-09 14:26:52"},{"nodeID":"1361075","text":"Arguing","type":"YA","timestamp":"2023-11-09 14:26:52"},{"nodeID":"1361076","text":"if Alex Chalk is going to quote the International Labour Organisation he might as well quote the whole thing","type":"I","timestamp":"2023-11-09 14:26:52"},{"nodeID":"1361077","text":"Fiona Bruce: if you're going to quote them you might as well quote the whole thing","type":"L","timestamp":"2023-11-09 14:26:52"},{"nodeID":"1361078","text":"Analysing","type":"YA","timestamp":"2023-11-09 14:26:52"},{"nodeID":"1361079","text":"Chris: Fiona Bruce: if you're going to quote them you might as well quote the whole thing","type":"L","timestamp":"2023-11-09 14:26:52"},{"nodeID":"1361080","text":"Asserting","type":"YA","timestamp":"2023-11-09 14:26:52"},{"nodeID":"1361081","text":"Default Transition","type":"TA","timestamp":"2023-11-09 14:26:52"},{"nodeID":"1361082","text":"Default Conflict","type":"CA","timestamp":"2023-11-09 14:26:52"},{"nodeID":"1361083","text":"Default Transition","type":"TA","timestamp":"2023-11-09 14:26:52"},{"nodeID":"1361084","text":"Disagreeing","type":"YA","timestamp":"2023-11-09 14:26:52"},{"nodeID":"1361085","text":"Alex Chalk: that's absolutely right","type":"L","timestamp":"2023-11-09 14:26:52"},{"nodeID":"1361086","text":"Analysing","type":"YA","timestamp":"2023-11-09 14:26:52"},{"nodeID":"1361087","text":"Chris: Alex Chalk: that's absolutely right","type":"L","timestamp":"2023-11-09 14:26:52"},{"nodeID":"1361088","text":"Default Transition","type":"TA","timestamp":"2023-11-09 14:26:52"},{"nodeID":"1361089","text":"Agreeing","type":"YA","timestamp":"2023-11-09 14:26:52"},{"nodeID":"1361090","text":"Asserting","type":"YA","timestamp":"2023-11-09 14:26:52"},{"nodeID":"1361091","text":"that's absolutely right","type":"I","timestamp":"2023-11-09 14:26:53"},{"nodeID":"1361092","text":"what Alex Chalk wanted to say is that we already have in our country certain sectors that can't strike","type":"I","timestamp":"2023-11-09 14:26:53"},{"nodeID":"1361093","text":"Alex Chalk:  what I wanted to say is that we already have in our country\u2026there are certain sectors that can't strike","type":"L","timestamp":"2023-11-09 14:26:53"},{"nodeID":"1361094","text":"Analysing","type":"YA","timestamp":"2023-11-09 14:26:53"},{"nodeID":"1361095","text":"Chris: Alex Chalk:  what I wanted to say is that we already have in our country\u2026there are certain sectors that can't strike","type":"L","timestamp":"2023-11-09 14:26:53"},{"nodeID":"1361096","text":"Asserting","type":"YA","timestamp":"2023-11-09 14:26:53"},{"nodeID":"1361097","text":"Default Transition","type":"TA","timestamp":"2023-11-09 14:26:53"},{"nodeID":"1361098","text":"Default Conflict","type":"CA","timestamp":"2023-11-09 14:26:53"},{"nodeID":"1361099","text":"Disagreeing","type":"YA","timestamp":"2023-11-09 14:26:53"},{"nodeID":"1361100","text":"the police is an obvious sector who can't strike","type":"I","timestamp":"2023-11-09 14:26:54"},{"nodeID":"1361101","text":"Alex Chalk: the police is an obvious one","type":"L","timestamp":"2023-11-09 14:26:54"},{"nodeID":"1361102","text":"Analysing","type":"YA","timestamp":"2023-11-09 14:26:54"},{"nodeID":"1361103","text":"Chris: Alex Chalk: the police is an obvious one","type":"L","timestamp":"2023-11-09 14:26:54"},{"nodeID":"1361104","text":"Asserting","type":"YA","timestamp":"2023-11-09 14:26:54"},{"nodeID":"1361105","text":"Default Transition","type":"TA","timestamp":"2023-11-09 14:26:54"},{"nodeID":"1361106","text":"Default Rephrase","type":"MA","timestamp":"2023-11-09 14:26:54"},{"nodeID":"1361107","text":"Restating","type":"YA","timestamp":"2023-11-09 14:26:54"},{"nodeID":"1361108","text":"if you go to other countries, namely the United States and Canada, if you work in the health\u2026you can't strike at all","type":"I","timestamp":"2023-11-09 14:26:54"},{"nodeID":"1361109","text":"Alex Chalk: if you go to other countries, namely the United States and Canada, if you work in the health\u2026you can't strike at all","type":"L","timestamp":"2023-11-09 14:26:54"},{"nodeID":"1361110","text":"Analysing","type":"YA","timestamp":"2023-11-09 14:26:54"},{"nodeID":"1361111","text":"Chris: Alex Chalk: if you go to other countries, namely the United States and Canada, if you work in the health\u2026you can't strike at all","type":"L","timestamp":"2023-11-09 14:26:54"},{"nodeID":"1361112","text":"Asserting","type":"YA","timestamp":"2023-11-09 14:26:54"},{"nodeID":"1361113","text":"Default Transition","type":"TA","timestamp":"2023-11-09 14:26:54"},{"nodeID":"1361114","text":"Default Rephrase","type":"MA","timestamp":"2023-11-09 14:26:54"},{"nodeID":"1361115","text":"Restating","type":"YA","timestamp":"2023-11-09 14:26:54"},{"nodeID":"1361116","text":"the Government is not saying you can't strike at all","type":"I","timestamp":"2023-11-09 14:26:55"},{"nodeID":"1361117","text":"Alex Chalk: we're not saying you can't strike at all","type":"L","timestamp":"2023-11-09 14:26:55"},{"nodeID":"1361118","text":"Analysing","type":"YA","timestamp":"2023-11-09 14:26:55"},{"nodeID":"1361119","text":"Chris: Alex Chalk: we're not saying you can't strike at all","type":"L","timestamp":"2023-11-09 14:26:55"},{"nodeID":"1361120","text":"Asserting","type":"YA","timestamp":"2023-11-09 14:26:55"},{"nodeID":"1361121","text":"the point the gentleman's making, of course you have to be able to strike that balance","type":"I","timestamp":"2023-11-09 14:26:56"},{"nodeID":"1361122","text":"Alex Chalk:  the point the gentleman's making, of course you have to be able to strike that balance","type":"L","timestamp":"2023-11-09 14:26:56"},{"nodeID":"1361123","text":"Analysing","type":"YA","timestamp":"2023-11-09 14:26:56"},{"nodeID":"1361124","text":"Chris: Alex Chalk:  the point the gentleman's making, of course you have to be able to strike that balance","type":"L","timestamp":"2023-11-09 14:26:56"},{"nodeID":"1361125","text":"Asserting","type":"YA","timestamp":"2023-11-09 14:26:56"},{"nodeID":"1361126","text":"Default Transition","type":"TA","timestamp":"2023-11-09 14:26:56"},{"nodeID":"1361127","text":"Default Inference","type":"RA","timestamp":"2023-11-09 14:26:56"},{"nodeID":"1361128","text":"Arguing","type":"YA","timestamp":"2023-11-09 14:26:56"},{"nodeID":"1361129","text":"Default Transition","type":"TA","timestamp":"2023-11-09 14:26:56"},{"nodeID":"1361130","text":"Default Rephrase","type":"MA","timestamp":"2023-11-09 14:26:56"},{"nodeID":"1361131","text":"when it comes to the issue of life and limb if you don't know that someone will come when there's literally a risk to life, I don't think that's the right","type":"I","timestamp":"2023-11-09 14:26:56"},{"nodeID":"1361132","text":"Alex Chalk: when it comes to the issue of life and limb if you don't know that someone will come when there's literally a risk to life, I don't think that's the right","type":"L","timestamp":"2023-11-09 14:26:56"},{"nodeID":"1361133","text":"Analysing","type":"YA","timestamp":"2023-11-09 14:26:56"},{"nodeID":"1361134","text":"Chris: Alex Chalk: when it comes to the issue of life and limbif you don't know that someone will come when there's literally a risk to life, I don't think that's the right","type":"L","timestamp":"2023-11-09 14:26:56"},{"nodeID":"1361135","text":"Asserting","type":"YA","timestamp":"2023-11-09 14:26:56"},{"nodeID":"1361136","text":"Default Transition","type":"TA","timestamp":"2023-11-09 14:26:56"},{"nodeID":"1361137","text":"Default Conflict","type":"CA","timestamp":"2023-11-09 14:26:56"},{"nodeID":"1361138","text":"Disagreeing","type":"YA","timestamp":"2023-11-09 14:26:56"},{"nodeID":"1361139","text":"a risk to life or limb for you or someone you love, your friend, your mother, your sister","type":"I","timestamp":"2023-11-09 14:26:57"},{"nodeID":"1361140","text":"Alex Chalk: you or someone you love, your friend, your mother, your sister","type":"L","timestamp":"2023-11-09 14:26:57"},{"nodeID":"1361141","text":"Analysing","type":"YA","timestamp":"2023-11-09 14:26:57"},{"nodeID":"1361142","text":"Chris: Alex Chalk: you or someone you love, your friend, your mother, your sister","type":"L","timestamp":"2023-11-09 14:26:57"},{"nodeID":"1361143","text":"Asserting","type":"YA","timestamp":"2023-11-09 14:26:57"},{"nodeID":"1361144","text":"Default Transition","type":"TA","timestamp":"2023-11-09 14:26:57"},{"nodeID":"1361145","text":"Default Rephrase","type":"MA","timestamp":"2023-11-09 14:26:57"},{"nodeID":"1361146","text":"Restating","type":"YA","timestamp":"2023-11-09 14:26:57"}],"edges":[{"edgeID":"1781418","fromID":"1360988","toID":"1360987","formEdgeID":null},{"edgeID":"1781419","fromID":"1360989","toID":"1360988","formEdgeID":null},{"edgeID":"1781420","fromID":"1360987","toID":"1360990","formEdgeID":null},{"edgeID":"1781421","fromID":"1360990","toID":"1360986","formEdgeID":null},{"edgeID":"1781422","fromID":"1360993","toID":"1360992","formEdgeID":null},{"edgeID":"1781423","fromID":"1360994","toID":"1360993","formEdgeID":null},{"edgeID":"1781424","fromID":"1360992","toID":"1360995","formEdgeID":null},{"edgeID":"1781425","fromID":"1360995","toID":"1360991","formEdgeID":null},{"edgeID":"1781426","fromID":"1360987","toID":"1360996","formEdgeID":null},{"edgeID":"1781427","fromID":"1360996","toID":"1360992","formEdgeID":null},{"edgeID":"1781428","fromID":"1360991","toID":"1360997","formEdgeID":null},{"edgeID":"1781429","fromID":"1360997","toID":"1360986","formEdgeID":null},{"edgeID":"1781430","fromID":"1360996","toID":"1360998","formEdgeID":null},{"edgeID":"1781431","fromID":"1360998","toID":"1360997","formEdgeID":null},{"edgeID":"1781432","fromID":"1361001","toID":"1361000","formEdgeID":null},{"edgeID":"1781433","fromID":"1361002","toID":"1361001","formEdgeID":null},{"edgeID":"1781434","fromID":"1361000","toID":"1361003","formEdgeID":null},{"edgeID":"1781435","fromID":"1361003","toID":"1360999","formEdgeID":null},{"edgeID":"1781436","fromID":"1360992","toID":"1361004","formEdgeID":null},{"edgeID":"1781437","fromID":"1361004","toID":"1361000","formEdgeID":null},{"edgeID":"1781438","fromID":"1360999","toID":"1361005","formEdgeID":null},{"edgeID":"1781439","fromID":"1361005","toID":"1360991","formEdgeID":null},{"edgeID":"1781440","fromID":"1361004","toID":"1361006","formEdgeID":null},{"edgeID":"1781441","fromID":"1361006","toID":"1361005","formEdgeID":null},{"edgeID":"1781442","fromID":"1361009","toID":"1361008","formEdgeID":null},{"edgeID":"1781443","fromID":"1361010","toID":"1361009","formEdgeID":null},{"edgeID":"1781444","fromID":"1361008","toID":"1361011","formEdgeID":null},{"edgeID":"1781445","fromID":"1361011","toID":"1361007","formEdgeID":null},{"edgeID":"1781446","fromID":"1361000","toID":"1361012","formEdgeID":null},{"edgeID":"1781447","fromID":"1361012","toID":"1361008","formEdgeID":null},{"edgeID":"1781448","fromID":"1361007","toID":"1361013","formEdgeID":null},{"edgeID":"1781449","fromID":"1361013","toID":"1360999","formEdgeID":null},{"edgeID":"1781450","fromID":"1361012","toID":"1361014","formEdgeID":null},{"edgeID":"1781451","fromID":"1361014","toID":"1361013","formEdgeID":null},{"edgeID":"1781452","fromID":"1361017","toID":"1361016","formEdgeID":null},{"edgeID":"1781453","fromID":"1361018","toID":"1361017","formEdgeID":null},{"edgeID":"1781454","fromID":"1361016","toID":"1361019","formEdgeID":null},{"edgeID":"1781455","fromID":"1361019","toID":"1361015","formEdgeID":null},{"edgeID":"1781456","fromID":"1361015","toID":"1361020","formEdgeID":null},{"edgeID":"1781457","fromID":"1361020","toID":"1360999","formEdgeID":null},{"edgeID":"1781458","fromID":"1361000","toID":"1361021","formEdgeID":null},{"edgeID":"1781459","fromID":"1361021","toID":"1361016","formEdgeID":null},{"edgeID":"1781460","fromID":"1361021","toID":"1361022","formEdgeID":null},{"edgeID":"1781461","fromID":"1361022","toID":"1361020","formEdgeID":null},{"edgeID":"1781462","fromID":"1361024","toID":"1361023","formEdgeID":null},{"edgeID":"1781463","fromID":"1361025","toID":"1361024","formEdgeID":null},{"edgeID":"1781464","fromID":"1361026","toID":"1361023","formEdgeID":null},{"edgeID":"1781465","fromID":"1361016","toID":"1361026","formEdgeID":null},{"edgeID":"1781466","fromID":"1361023","toID":"1361027","formEdgeID":null},{"edgeID":"1781467","fromID":"1361027","toID":"1361028","formEdgeID":null},{"edgeID":"1781468","fromID":"1361026","toID":"1361029","formEdgeID":null},{"edgeID":"1781469","fromID":"1361029","toID":"1360999","formEdgeID":null},{"edgeID":"1781470","fromID":"1361032","toID":"1361031","formEdgeID":null},{"edgeID":"1781471","fromID":"1361033","toID":"1361032","formEdgeID":null},{"edgeID":"1781472","fromID":"1361031","toID":"1361034","formEdgeID":null},{"edgeID":"1781473","fromID":"1361034","toID":"1361030","formEdgeID":null},{"edgeID":"1781474","fromID":"1361023","toID":"1361035","formEdgeID":null},{"edgeID":"1781475","fromID":"1361035","toID":"1361031","formEdgeID":null},{"edgeID":"1781476","fromID":"1361030","toID":"1361036","formEdgeID":null},{"edgeID":"1781477","fromID":"1361036","toID":"1361028","formEdgeID":null},{"edgeID":"1781478","fromID":"1361035","toID":"1361037","formEdgeID":null},{"edgeID":"1781479","fromID":"1361037","toID":"1361036","formEdgeID":null},{"edgeID":"1781480","fromID":"1361040","toID":"1361039","formEdgeID":null},{"edgeID":"1781481","fromID":"1361041","toID":"1361040","formEdgeID":null},{"edgeID":"1781482","fromID":"1361039","toID":"1361042","formEdgeID":null},{"edgeID":"1781483","fromID":"1361042","toID":"1361038","formEdgeID":null},{"edgeID":"1781484","fromID":"1361031","toID":"1361043","formEdgeID":null},{"edgeID":"1781485","fromID":"1361043","toID":"1361039","formEdgeID":null},{"edgeID":"1781486","fromID":"1361038","toID":"1361044","formEdgeID":null},{"edgeID":"1781487","fromID":"1361044","toID":"1361030","formEdgeID":null},{"edgeID":"1781488","fromID":"1361043","toID":"1361045","formEdgeID":null},{"edgeID":"1781489","fromID":"1361045","toID":"1361044","formEdgeID":null},{"edgeID":"1781490","fromID":"1361047","toID":"1361046","formEdgeID":null},{"edgeID":"1781491","fromID":"1361048","toID":"1361047","formEdgeID":null},{"edgeID":"1781492","fromID":"1361050","toID":"1361049","formEdgeID":null},{"edgeID":"1781493","fromID":"1361051","toID":"1361050","formEdgeID":null},{"edgeID":"1781494","fromID":"1361049","toID":"1361052","formEdgeID":null},{"edgeID":"1781495","fromID":"1361052","toID":"1157760","formEdgeID":null},{"edgeID":"1781496","fromID":"1361046","toID":"1361053","formEdgeID":null},{"edgeID":"1781497","fromID":"1361053","toID":"1361049","formEdgeID":null},{"edgeID":"1781498","fromID":"1361016","toID":"1361054","formEdgeID":null},{"edgeID":"1781499","fromID":"1361054","toID":"1361046","formEdgeID":null},{"edgeID":"1781500","fromID":"1361056","toID":"1361055","formEdgeID":null},{"edgeID":"1781501","fromID":"1361057","toID":"1361056","formEdgeID":null},{"edgeID":"1781502","fromID":"1361046","toID":"1361058","formEdgeID":null},{"edgeID":"1781503","fromID":"1361058","toID":"1361055","formEdgeID":null},{"edgeID":"1781504","fromID":"1361058","toID":"1361059","formEdgeID":null},{"edgeID":"1781505","fromID":"1361059","toID":"1157760","formEdgeID":null},{"edgeID":"1781506","fromID":"1361062","toID":"1361061","formEdgeID":null},{"edgeID":"1781507","fromID":"1361063","toID":"1361062","formEdgeID":null},{"edgeID":"1781508","fromID":"1361061","toID":"1361064","formEdgeID":null},{"edgeID":"1781509","fromID":"1361064","toID":"1361060","formEdgeID":null},{"edgeID":"1781510","fromID":"1361046","toID":"1361065","formEdgeID":null},{"edgeID":"1781511","fromID":"1361065","toID":"1361061","formEdgeID":null},{"edgeID":"1781512","fromID":"1361060","toID":"1361066","formEdgeID":null},{"edgeID":"1781513","fromID":"1361066","toID":"1157760","formEdgeID":null},{"edgeID":"1781514","fromID":"1361065","toID":"1361067","formEdgeID":null},{"edgeID":"1781515","fromID":"1361067","toID":"1361066","formEdgeID":null},{"edgeID":"1781516","fromID":"1361070","toID":"1361069","formEdgeID":null},{"edgeID":"1781517","fromID":"1361071","toID":"1361070","formEdgeID":null},{"edgeID":"1781518","fromID":"1361069","toID":"1361072","formEdgeID":null},{"edgeID":"1781519","fromID":"1361072","toID":"1361068","formEdgeID":null},{"edgeID":"1781520","fromID":"1361061","toID":"1361073","formEdgeID":null},{"edgeID":"1781521","fromID":"1361073","toID":"1361069","formEdgeID":null},{"edgeID":"1781522","fromID":"1361068","toID":"1361074","formEdgeID":null},{"edgeID":"1781523","fromID":"1361074","toID":"1361060","formEdgeID":null},{"edgeID":"1781524","fromID":"1361073","toID":"1361075","formEdgeID":null},{"edgeID":"1781525","fromID":"1361075","toID":"1361074","formEdgeID":null},{"edgeID":"1781526","fromID":"1361078","toID":"1361077","formEdgeID":null},{"edgeID":"1781527","fromID":"1361079","toID":"1361078","formEdgeID":null},{"edgeID":"1781528","fromID":"1361077","toID":"1361080","formEdgeID":null},{"edgeID":"1781529","fromID":"1361080","toID":"1361076","formEdgeID":null},{"edgeID":"1781530","fromID":"1361069","toID":"1361081","formEdgeID":null},{"edgeID":"1781531","fromID":"1361081","toID":"1361077","formEdgeID":null},{"edgeID":"1781532","fromID":"1361076","toID":"1361082","formEdgeID":null},{"edgeID":"1781533","fromID":"1361082","toID":"1360999","formEdgeID":null},{"edgeID":"1781534","fromID":"1361000","toID":"1361083","formEdgeID":null},{"edgeID":"1781535","fromID":"1361083","toID":"1361077","formEdgeID":null},{"edgeID":"1781536","fromID":"1361083","toID":"1361084","formEdgeID":null},{"edgeID":"1781537","fromID":"1361084","toID":"1361082","formEdgeID":null},{"edgeID":"1781538","fromID":"1361086","toID":"1361085","formEdgeID":null},{"edgeID":"1781539","fromID":"1361087","toID":"1361086","formEdgeID":null},{"edgeID":"1781540","fromID":"1361077","toID":"1361088","formEdgeID":null},{"edgeID":"1781541","fromID":"1361088","toID":"1361085","formEdgeID":null},{"edgeID":"1781542","fromID":"1361088","toID":"1361089","formEdgeID":null},{"edgeID":"1781543","fromID":"1361089","toID":"1361076","formEdgeID":null},{"edgeID":"1781544","fromID":"1361085","toID":"1361090","formEdgeID":null},{"edgeID":"1781545","fromID":"1361090","toID":"1361091","formEdgeID":null},{"edgeID":"1781546","fromID":"1361094","toID":"1361093","formEdgeID":null},{"edgeID":"1781547","fromID":"1361095","toID":"1361094","formEdgeID":null},{"edgeID":"1781548","fromID":"1361093","toID":"1361096","formEdgeID":null},{"edgeID":"1781549","fromID":"1361096","toID":"1361092","formEdgeID":null},{"edgeID":"1781550","fromID":"1361085","toID":"1361097","formEdgeID":null},{"edgeID":"1781551","fromID":"1361097","toID":"1361093","formEdgeID":null},{"edgeID":"1781552","fromID":"1361092","toID":"1361098","formEdgeID":null},{"edgeID":"1781553","fromID":"1361098","toID":"1361091","formEdgeID":null},{"edgeID":"1781554","fromID":"1361097","toID":"1361099","formEdgeID":null},{"edgeID":"1781555","fromID":"1361099","toID":"1361098","formEdgeID":null},{"edgeID":"1781556","fromID":"1361102","toID":"1361101","formEdgeID":null},{"edgeID":"1781557","fromID":"1361103","toID":"1361102","formEdgeID":null},{"edgeID":"1781558","fromID":"1361101","toID":"1361104","formEdgeID":null},{"edgeID":"1781559","fromID":"1361104","toID":"1361100","formEdgeID":null},{"edgeID":"1781560","fromID":"1361093","toID":"1361105","formEdgeID":null},{"edgeID":"1781561","fromID":"1361105","toID":"1361101","formEdgeID":null},{"edgeID":"1781562","fromID":"1361100","toID":"1361106","formEdgeID":null},{"edgeID":"1781563","fromID":"1361106","toID":"1361092","formEdgeID":null},{"edgeID":"1781564","fromID":"1361105","toID":"1361107","formEdgeID":null},{"edgeID":"1781565","fromID":"1361107","toID":"1361106","formEdgeID":null},{"edgeID":"1781566","fromID":"1361110","toID":"1361109","formEdgeID":null},{"edgeID":"1781567","fromID":"1361111","toID":"1361110","formEdgeID":null},{"edgeID":"1781568","fromID":"1361109","toID":"1361112","formEdgeID":null},{"edgeID":"1781569","fromID":"1361112","toID":"1361108","formEdgeID":null},{"edgeID":"1781570","fromID":"1361093","toID":"1361113","formEdgeID":null},{"edgeID":"1781571","fromID":"1361113","toID":"1361109","formEdgeID":null},{"edgeID":"1781572","fromID":"1361108","toID":"1361114","formEdgeID":null},{"edgeID":"1781573","fromID":"1361114","toID":"1361092","formEdgeID":null},{"edgeID":"1781574","fromID":"1361113","toID":"1361115","formEdgeID":null},{"edgeID":"1781575","fromID":"1361115","toID":"1361114","formEdgeID":null},{"edgeID":"1781576","fromID":"1361118","toID":"1361117","formEdgeID":null},{"edgeID":"1781577","fromID":"1361119","toID":"1361118","formEdgeID":null},{"edgeID":"1781578","fromID":"1361117","toID":"1361120","formEdgeID":null},{"edgeID":"1781579","fromID":"1361120","toID":"1361116","formEdgeID":null},{"edgeID":"1781580","fromID":"1361123","toID":"1361122","formEdgeID":null},{"edgeID":"1781581","fromID":"1361124","toID":"1361123","formEdgeID":null},{"edgeID":"1781582","fromID":"1361122","toID":"1361125","formEdgeID":null},{"edgeID":"1781583","fromID":"1361125","toID":"1361121","formEdgeID":null},{"edgeID":"1781584","fromID":"1361117","toID":"1361126","formEdgeID":null},{"edgeID":"1781585","fromID":"1361126","toID":"1361122","formEdgeID":null},{"edgeID":"1781586","fromID":"1361121","toID":"1361127","formEdgeID":null},{"edgeID":"1781587","fromID":"1361127","toID":"1361116","formEdgeID":null},{"edgeID":"1781588","fromID":"1361126","toID":"1361128","formEdgeID":null},{"edgeID":"1781589","fromID":"1361128","toID":"1361127","formEdgeID":null},{"edgeID":"1781590","fromID":"1361093","toID":"1361129","formEdgeID":null},{"edgeID":"1781591","fromID":"1361129","toID":"1361117","formEdgeID":null},{"edgeID":"1781592","fromID":"1361116","toID":"1361130","formEdgeID":null},{"edgeID":"1781593","fromID":"1361130","toID":"1361092","formEdgeID":null},{"edgeID":"1781594","fromID":"1361133","toID":"1361132","formEdgeID":null},{"edgeID":"1781595","fromID":"1361134","toID":"1361133","formEdgeID":null},{"edgeID":"1781596","fromID":"1361132","toID":"1361135","formEdgeID":null},{"edgeID":"1781597","fromID":"1361135","toID":"1361131","formEdgeID":null},{"edgeID":"1781598","fromID":"1361122","toID":"1361136","formEdgeID":null},{"edgeID":"1781599","fromID":"1361136","toID":"1361132","formEdgeID":null},{"edgeID":"1781600","fromID":"1361131","toID":"1361137","formEdgeID":null},{"edgeID":"1781601","fromID":"1361137","toID":"1361121","formEdgeID":null},{"edgeID":"1781602","fromID":"1361136","toID":"1361138","formEdgeID":null},{"edgeID":"1781603","fromID":"1361138","toID":"1361137","formEdgeID":null},{"edgeID":"1781604","fromID":"1361141","toID":"1361140","formEdgeID":null},{"edgeID":"1781605","fromID":"1361142","toID":"1361141","formEdgeID":null},{"edgeID":"1781606","fromID":"1361140","toID":"1361143","formEdgeID":null},{"edgeID":"1781607","fromID":"1361143","toID":"1361139","formEdgeID":null},{"edgeID":"1781608","fromID":"1361132","toID":"1361144","formEdgeID":null},{"edgeID":"1781609","fromID":"1361144","toID":"1361140","formEdgeID":null},{"edgeID":"1781610","fromID":"1361139","toID":"1361145","formEdgeID":null},{"edgeID":"1781611","fromID":"1361145","toID":"1361131","formEdgeID":null},{"edgeID":"1781612","fromID":"1361144","toID":"1361146","formEdgeID":null},{"edgeID":"1781613","fromID":"1361146","toID":"1361145","formEdgeID":null}],"locutions":[]}