{"nodes":[{"nodeID":"1359038","text":"what we have got to do is to ensure that we don't make the mistakes of simply saying that we're just going to focus on urgent and emergency care","type":"I","timestamp":"2023-11-09 14:23:33"},{"nodeID":"1359039","text":"Alex Chalk: what we have got to do is to ensure that we don't make, as it were, don't make the mistakes of simply saying right, we're just going to focus on urgent and emergency care","type":"L","timestamp":"2023-11-09 14:23:33"},{"nodeID":"1359040","text":"Analysing","type":"YA","timestamp":"2023-11-09 14:23:33"},{"nodeID":"1359041","text":"Anon: Alex Chalk: what we have got to do is to ensure that we don't make, as it were, don't make the mistakes of simply saying right, we're just going to focus on urgent and emergency care","type":"L","timestamp":"2023-11-09 14:23:33"},{"nodeID":"1359042","text":"Asserting","type":"YA","timestamp":"2023-11-09 14:23:33"},{"nodeID":"1359043","text":"we've got to get through that elective care","type":"I","timestamp":"2023-11-09 14:23:34"},{"nodeID":"1359044","text":"Alex Chalk: We've got to get through that elective care","type":"L","timestamp":"2023-11-09 14:23:34"},{"nodeID":"1359045","text":"Analysing","type":"YA","timestamp":"2023-11-09 14:23:34"},{"nodeID":"1359046","text":"Anon: Alex Chalk: We've got to get through that elective care","type":"L","timestamp":"2023-11-09 14:23:34"},{"nodeID":"1359047","text":"Asserting","type":"YA","timestamp":"2023-11-09 14:23:34"},{"nodeID":"1359048","text":"Default Transition","type":"TA","timestamp":"2023-11-09 14:23:34"},{"nodeID":"1359049","text":"we don't get through elective care","type":"I","timestamp":"2023-11-09 14:23:35"},{"nodeID":"1359050","text":"Alex Chalk: if we don't","type":"L","timestamp":"2023-11-09 14:23:35"},{"nodeID":"1359051","text":"Analysing","type":"YA","timestamp":"2023-11-09 14:23:35"},{"nodeID":"1359052","text":"Anon: Alex Chalk: if we don't","type":"L","timestamp":"2023-11-09 14:23:35"},{"nodeID":"1359053","text":"Asserting","type":"YA","timestamp":"2023-11-09 14:23:35"},{"nodeID":"1359054","text":"people will become sicker","type":"I","timestamp":"2023-11-09 14:23:36"},{"nodeID":"1359055","text":"Alex Chalk: those people will become sicker","type":"L","timestamp":"2023-11-09 14:23:36"},{"nodeID":"1359056","text":"Analysing","type":"YA","timestamp":"2023-11-09 14:23:36"},{"nodeID":"1359057","text":"Anon: Alex Chalk: those people will become sicker","type":"L","timestamp":"2023-11-09 14:23:36"},{"nodeID":"1359058","text":"Asserting","type":"YA","timestamp":"2023-11-09 14:23:36"},{"nodeID":"1359059","text":"Default Transition","type":"TA","timestamp":"2023-11-09 14:23:36"},{"nodeID":"1359060","text":"Default Inference","type":"RA","timestamp":"2023-11-09 14:23:36"},{"nodeID":"1359061","text":"Default Inference","type":"RA","timestamp":"2023-11-09 14:23:36"},{"nodeID":"1359062","text":"Default Transition","type":"TA","timestamp":"2023-11-09 14:23:36"},{"nodeID":"1359063","text":"Arguing","type":"YA","timestamp":"2023-11-09 14:23:36"},{"nodeID":"1359064","text":"Arguing","type":"YA","timestamp":"2023-11-09 14:23:36"},{"nodeID":"1359065","text":"Default Rephrase","type":"MA","timestamp":"2023-11-09 14:23:36"},{"nodeID":"1359066","text":"Restating","type":"YA","timestamp":"2023-11-09 14:23:36"},{"nodeID":"1359067","text":"AudienceMember20230126QT03 is going to say it's not all about money","type":"I","timestamp":"2023-11-09 14:23:37"},{"nodeID":"1359068","text":"Alex Chalk: you're going to say it's not all about money","type":"L","timestamp":"2023-11-09 14:23:37"},{"nodeID":"1359069","text":"Analysing","type":"YA","timestamp":"2023-11-09 14:23:37"},{"nodeID":"1359070","text":"Anon: Alex Chalk: you're going to say it's not all about money","type":"L","timestamp":"2023-11-09 14:23:37"},{"nodeID":"1359071","text":"Asserting","type":"YA","timestamp":"2023-11-09 14:23:37"},{"nodeID":"1359072","text":"Default Transition","type":"TA","timestamp":"2023-11-09 14:23:37"},{"nodeID":"1359073","text":"even at a time like this when finances are stretched Rishi Sunak found an additional \u00a314bn to ensure that the NHS has got resources going into the coming years","type":"I","timestamp":"2023-11-09 14:23:37"},{"nodeID":"1359074","text":"Alex Chalk: even at a time like this when finances are stretched, he found an additional \u00a314bn to ensure that the NHS has got really\u2026resources going into the coming years","type":"L","timestamp":"2023-11-09 14:23:37"},{"nodeID":"1359075","text":"Analysing","type":"YA","timestamp":"2023-11-09 14:23:37"},{"nodeID":"1359076","text":"Anon: Alex Chalk: even at a time like this when finances are stretched, he found an additional \u00a314bn to ensure that the NHS has got really\u2026resources going into the coming years","type":"L","timestamp":"2023-11-09 14:23:37"},{"nodeID":"1359077","text":"Asserting","type":"YA","timestamp":"2023-11-09 14:23:37"},{"nodeID":"1359078","text":"Default Transition","type":"TA","timestamp":"2023-11-09 14:23:37"},{"nodeID":"1359079","text":"Anna Soubry was a former government minister for public health","type":"I","timestamp":"2023-11-09 14:23:38"},{"nodeID":"1359080","text":"Fiona Bruce: you were a former government minister for public health","type":"L","timestamp":"2023-11-09 14:23:38"},{"nodeID":"1359081","text":"Analysing","type":"YA","timestamp":"2023-11-09 14:23:38"},{"nodeID":"1359082","text":"Anon: Fiona Bruce: you were a former government minister for public health","type":"L","timestamp":"2023-11-09 14:23:38"},{"nodeID":"1359083","text":"Asserting","type":"YA","timestamp":"2023-11-09 14:23:38"},{"nodeID":"1359084","text":"Anna Soubry: Yeah, absolutely","type":"L","timestamp":"2023-11-09 14:23:38"},{"nodeID":"1359085","text":"Analysing","type":"YA","timestamp":"2023-11-09 14:23:38"},{"nodeID":"1359086","text":"Anon: Anna Soubry: Yeah, absolutely","type":"L","timestamp":"2023-11-09 14:23:38"},{"nodeID":"1359087","text":"Default Transition","type":"TA","timestamp":"2023-11-09 14:23:38"},{"nodeID":"1359088","text":"Agreeing","type":"YA","timestamp":"2023-11-09 14:23:38"},{"nodeID":"1359089","text":"Anna Soubry is or is not convinced by what Alex Chalk said","type":"I","timestamp":"2023-11-09 14:23:39"},{"nodeID":"1359090","text":"Fiona Bruce: Are you convinced by that","type":"L","timestamp":"2023-11-09 14:23:39"},{"nodeID":"1359091","text":"Analysing","type":"YA","timestamp":"2023-11-09 14:23:39"},{"nodeID":"1359092","text":"Anon: Fiona Bruce: Are you convinced by that","type":"L","timestamp":"2023-11-09 14:23:39"},{"nodeID":"1359093","text":"Pure Questioning","type":"YA","timestamp":"2023-11-09 14:23:39"},{"nodeID":"1359094","text":"Default Transition","type":"TA","timestamp":"2023-11-09 14:23:39"},{"nodeID":"1359095","text":"Anna Soubry: No","type":"L","timestamp":"2023-11-09 14:23:39"},{"nodeID":"1359096","text":"Analysing","type":"YA","timestamp":"2023-11-09 14:23:39"},{"nodeID":"1359097","text":"Anon: Anna Soubry: No","type":"L","timestamp":"2023-11-09 14:23:39"},{"nodeID":"1359098","text":"Default Transition","type":"TA","timestamp":"2023-11-09 14:23:39"},{"nodeID":"1359099","text":"Disagreeing","type":"YA","timestamp":"2023-11-09 14:23:39"},{"nodeID":"1359100","text":"we cannot sort this problem out in an honest and effective way if we can't even admit that there is a crisis","type":"I","timestamp":"2023-11-09 14:23:40"},{"nodeID":"1359101","text":"Anna Soubry: How the hell can we sort this problem out in an honest and effective way if we can't even admit that there is a crisis","type":"L","timestamp":"2023-11-09 14:23:40"},{"nodeID":"1359102","text":"Analysing","type":"YA","timestamp":"2023-11-09 14:23:40"},{"nodeID":"1359103","text":"Anon: Anna Soubry: How the hell can we sort this problem out in an honest and effective way if we can't even admit that there is a crisis","type":"L","timestamp":"2023-11-09 14:23:40"},{"nodeID":"1359104","text":"Assertive Questioning","type":"YA","timestamp":"2023-11-09 14:23:40"},{"nodeID":"1359105","text":"Default Transition","type":"TA","timestamp":"2023-11-09 14:23:40"},{"nodeID":"1359106","text":"the current crisis is the biggest crisis in the NHS's history","type":"I","timestamp":"2023-11-09 14:23:41"},{"nodeID":"1359107","text":"Anna Soubry: it's the biggest crisis in the NHS's history","type":"L","timestamp":"2023-11-09 14:23:41"},{"nodeID":"1359108","text":"Analysing","type":"YA","timestamp":"2023-11-09 14:23:41"},{"nodeID":"1359109","text":"Anon: Anna Soubry: it's the biggest crisis in the NHS's history","type":"L","timestamp":"2023-11-09 14:23:41"},{"nodeID":"1359110","text":"Asserting","type":"YA","timestamp":"2023-11-09 14:23:41"},{"nodeID":"1359111","text":"Default Transition","type":"TA","timestamp":"2023-11-09 14:23:41"},{"nodeID":"1359112","text":"Default Rephrase","type":"MA","timestamp":"2023-11-09 14:23:41"},{"nodeID":"1359113","text":"Restating","type":"YA","timestamp":"2023-11-09 14:23:41"},{"nodeID":"1359114","text":"until we have a government that actually accepts that the NHS is in a state of crisis we're not going to make progress","type":"I","timestamp":"2023-11-09 14:23:42"},{"nodeID":"1359115","text":"Anna Soubry: until we have a government that actually accepts that we're not going to make progress","type":"L","timestamp":"2023-11-09 14:23:42"},{"nodeID":"1359116","text":"Analysing","type":"YA","timestamp":"2023-11-09 14:23:42"},{"nodeID":"1359117","text":"Anon: Anna Soubry: until we have a government that actually accepts that we're not going to make progress","type":"L","timestamp":"2023-11-09 14:23:42"},{"nodeID":"1359118","text":"Asserting","type":"YA","timestamp":"2023-11-09 14:23:42"},{"nodeID":"1359119","text":"Default Rephrase","type":"MA","timestamp":"2023-11-09 14:23:42"},{"nodeID":"1359120","text":"Default Transition","type":"TA","timestamp":"2023-11-09 14:23:42"},{"nodeID":"1359121","text":"Restating","type":"YA","timestamp":"2023-11-09 14:23:42"},{"nodeID":"1359122","text":"there are certain things that the current Government should be doing absolutely now","type":"I","timestamp":"2023-11-09 14:23:43"},{"nodeID":"1359123","text":"Anna Soubry: there are certain things that this Government should be doing absolutely now","type":"L","timestamp":"2023-11-09 14:23:43"},{"nodeID":"1359124","text":"Analysing","type":"YA","timestamp":"2023-11-09 14:23:43"},{"nodeID":"1359125","text":"Anon: Anna Soubry: there are certain things that this Government should be doing absolutely now","type":"L","timestamp":"2023-11-09 14:23:43"},{"nodeID":"1359126","text":"Asserting","type":"YA","timestamp":"2023-11-09 14:23:43"},{"nodeID":"1359127","text":"Default Transition","type":"TA","timestamp":"2023-11-09 14:23:43"},{"nodeID":"1359128","text":"the first thing the Government should do is to sort out the nurses' pay claim and the other pay claims","type":"I","timestamp":"2023-11-09 14:23:43"},{"nodeID":"1359129","text":"Anna Soubry: The first thing is to sort out the nurses' pay claim, the other pay claims","type":"L","timestamp":"2023-11-09 14:23:43"},{"nodeID":"1359130","text":"Analysing","type":"YA","timestamp":"2023-11-09 14:23:43"},{"nodeID":"1359131","text":"Anon: Anna Soubry: The first thing is to sort out the nurses' pay claim, the other pay claims","type":"L","timestamp":"2023-11-09 14:23:43"},{"nodeID":"1359132","text":"Asserting","type":"YA","timestamp":"2023-11-09 14:23:43"},{"nodeID":"1359133","text":"Default Transition","type":"TA","timestamp":"2023-11-09 14:23:43"},{"nodeID":"1359134","text":"Default Rephrase","type":"MA","timestamp":"2023-11-09 14:23:43"},{"nodeID":"1359135","text":"Restating","type":"YA","timestamp":"2023-11-09 14:23:43"},{"nodeID":"1359136","text":"it's up to the Government to sort out pay claims","type":"I","timestamp":"2023-11-09 14:23:44"},{"nodeID":"1359137","text":"Anna Soubry: it's up to the Government to do it","type":"L","timestamp":"2023-11-09 14:23:44"},{"nodeID":"1359138","text":"Analysing","type":"YA","timestamp":"2023-11-09 14:23:44"},{"nodeID":"1359139","text":"Anon: Anna Soubry: it's up to the Government to do it","type":"L","timestamp":"2023-11-09 14:23:44"},{"nodeID":"1359140","text":"Asserting","type":"YA","timestamp":"2023-11-09 14:23:44"},{"nodeID":"1359141","text":"Default Transition","type":"TA","timestamp":"2023-11-09 14:23:44"},{"nodeID":"1359142","text":"Default Rephrase","type":"MA","timestamp":"2023-11-09 14:23:44"},{"nodeID":"1359143","text":"Restating","type":"YA","timestamp":"2023-11-09 14:23:44"},{"nodeID":"1359144","text":"the Government can sort out pay claims","type":"I","timestamp":"2023-11-09 14:23:45"},{"nodeID":"1359145","text":"Anna Soubry: it can do it","type":"L","timestamp":"2023-11-09 14:23:45"},{"nodeID":"1359146","text":"Analysing","type":"YA","timestamp":"2023-11-09 14:23:45"},{"nodeID":"1359147","text":"Anon: Anna Soubry: it can do it","type":"L","timestamp":"2023-11-09 14:23:45"},{"nodeID":"1359148","text":"Asserting","type":"YA","timestamp":"2023-11-09 14:23:45"},{"nodeID":"1359149","text":"Default Transition","type":"TA","timestamp":"2023-11-09 14:23:45"},{"nodeID":"1359150","text":"Default Rephrase","type":"MA","timestamp":"2023-11-09 14:23:45"},{"nodeID":"1359151","text":"Restating","type":"YA","timestamp":"2023-11-09 14:23:45"},{"nodeID":"1359152","text":"the Government should sort out pay claims","type":"I","timestamp":"2023-11-09 14:23:46"},{"nodeID":"1359153","text":"Anna Soubry: it should do it","type":"L","timestamp":"2023-11-09 14:23:46"},{"nodeID":"1359154","text":"Analysing","type":"YA","timestamp":"2023-11-09 14:23:46"},{"nodeID":"1359155","text":"Anon: Anna Soubry: it should do it","type":"L","timestamp":"2023-11-09 14:23:46"},{"nodeID":"1359156","text":"Asserting","type":"YA","timestamp":"2023-11-09 14:23:46"},{"nodeID":"1359157","text":"Default Transition","type":"TA","timestamp":"2023-11-09 14:23:46"},{"nodeID":"1359158","text":"Default Rephrase","type":"MA","timestamp":"2023-11-09 14:23:46"},{"nodeID":"1359159","text":"Restating","type":"YA","timestamp":"2023-11-09 14:23:46"},{"nodeID":"1359160","text":"Default Conflict","type":"CA","timestamp":"2023-11-09 14:23:46"},{"nodeID":"1359161","text":"Disagreeing","type":"YA","timestamp":"2023-11-09 14:23:46"}],"edges":[{"edgeID":"1779097","fromID":"1359040","toID":"1359039","formEdgeID":null},{"edgeID":"1779098","fromID":"1359041","toID":"1359040","formEdgeID":null},{"edgeID":"1779099","fromID":"1359039","toID":"1359042","formEdgeID":null},{"edgeID":"1779100","fromID":"1359042","toID":"1359038","formEdgeID":null},{"edgeID":"1779101","fromID":"1359045","toID":"1359044","formEdgeID":null},{"edgeID":"1779102","fromID":"1359046","toID":"1359045","formEdgeID":null},{"edgeID":"1779103","fromID":"1359044","toID":"1359047","formEdgeID":null},{"edgeID":"1779104","fromID":"1359047","toID":"1359043","formEdgeID":null},{"edgeID":"1779105","fromID":"1359039","toID":"1359048","formEdgeID":null},{"edgeID":"1779106","fromID":"1359048","toID":"1359044","formEdgeID":null},{"edgeID":"1779107","fromID":"1359051","toID":"1359050","formEdgeID":null},{"edgeID":"1779108","fromID":"1359052","toID":"1359051","formEdgeID":null},{"edgeID":"1779109","fromID":"1359050","toID":"1359053","formEdgeID":null},{"edgeID":"1779110","fromID":"1359053","toID":"1359049","formEdgeID":null},{"edgeID":"1779111","fromID":"1359056","toID":"1359055","formEdgeID":null},{"edgeID":"1779112","fromID":"1359057","toID":"1359056","formEdgeID":null},{"edgeID":"1779113","fromID":"1359055","toID":"1359058","formEdgeID":null},{"edgeID":"1779114","fromID":"1359058","toID":"1359054","formEdgeID":null},{"edgeID":"1779115","fromID":"1359044","toID":"1359059","formEdgeID":null},{"edgeID":"1779116","fromID":"1359059","toID":"1359050","formEdgeID":null},{"edgeID":"1779117","fromID":"1359049","toID":"1359060","formEdgeID":null},{"edgeID":"1779118","fromID":"1359060","toID":"1359054","formEdgeID":null},{"edgeID":"1779119","fromID":"1359054","toID":"1359061","formEdgeID":null},{"edgeID":"1779120","fromID":"1359061","toID":"1359043","formEdgeID":null},{"edgeID":"1779121","fromID":"1359049","toID":"1359061","formEdgeID":null},{"edgeID":"1779122","fromID":"1359050","toID":"1359062","formEdgeID":null},{"edgeID":"1779123","fromID":"1359062","toID":"1359055","formEdgeID":null},{"edgeID":"1779124","fromID":"1359059","toID":"1359063","formEdgeID":null},{"edgeID":"1779125","fromID":"1359063","toID":"1359061","formEdgeID":null},{"edgeID":"1779126","fromID":"1359062","toID":"1359064","formEdgeID":null},{"edgeID":"1779127","fromID":"1359064","toID":"1359060","formEdgeID":null},{"edgeID":"1779128","fromID":"1359043","toID":"1359065","formEdgeID":null},{"edgeID":"1779129","fromID":"1359065","toID":"1359038","formEdgeID":null},{"edgeID":"1779130","fromID":"1359048","toID":"1359066","formEdgeID":null},{"edgeID":"1779131","fromID":"1359066","toID":"1359065","formEdgeID":null},{"edgeID":"1779132","fromID":"1359069","toID":"1359068","formEdgeID":null},{"edgeID":"1779133","fromID":"1359070","toID":"1359069","formEdgeID":null},{"edgeID":"1779134","fromID":"1359068","toID":"1359071","formEdgeID":null},{"edgeID":"1779135","fromID":"1359071","toID":"1359067","formEdgeID":null},{"edgeID":"1779136","fromID":"1359055","toID":"1359072","formEdgeID":null},{"edgeID":"1779137","fromID":"1359072","toID":"1359068","formEdgeID":null},{"edgeID":"1779138","fromID":"1359075","toID":"1359074","formEdgeID":null},{"edgeID":"1779139","fromID":"1359076","toID":"1359075","formEdgeID":null},{"edgeID":"1779140","fromID":"1359074","toID":"1359077","formEdgeID":null},{"edgeID":"1779141","fromID":"1359077","toID":"1359073","formEdgeID":null},{"edgeID":"1779142","fromID":"1359068","toID":"1359078","formEdgeID":null},{"edgeID":"1779143","fromID":"1359078","toID":"1359074","formEdgeID":null},{"edgeID":"1779144","fromID":"1359081","toID":"1359080","formEdgeID":null},{"edgeID":"1779145","fromID":"1359082","toID":"1359081","formEdgeID":null},{"edgeID":"1779146","fromID":"1359080","toID":"1359083","formEdgeID":null},{"edgeID":"1779147","fromID":"1359083","toID":"1359079","formEdgeID":null},{"edgeID":"1779148","fromID":"1359085","toID":"1359084","formEdgeID":null},{"edgeID":"1779149","fromID":"1359086","toID":"1359085","formEdgeID":null},{"edgeID":"1779150","fromID":"1359080","toID":"1359087","formEdgeID":null},{"edgeID":"1779151","fromID":"1359087","toID":"1359084","formEdgeID":null},{"edgeID":"1779152","fromID":"1359087","toID":"1359088","formEdgeID":null},{"edgeID":"1779153","fromID":"1359088","toID":"1359079","formEdgeID":null},{"edgeID":"1779154","fromID":"1359091","toID":"1359090","formEdgeID":null},{"edgeID":"1779155","fromID":"1359092","toID":"1359091","formEdgeID":null},{"edgeID":"1779156","fromID":"1359090","toID":"1359093","formEdgeID":null},{"edgeID":"1779157","fromID":"1359093","toID":"1359089","formEdgeID":null},{"edgeID":"1779158","fromID":"1359084","toID":"1359094","formEdgeID":null},{"edgeID":"1779159","fromID":"1359094","toID":"1359090","formEdgeID":null},{"edgeID":"1779160","fromID":"1359096","toID":"1359095","formEdgeID":null},{"edgeID":"1779161","fromID":"1359097","toID":"1359096","formEdgeID":null},{"edgeID":"1779162","fromID":"1359090","toID":"1359098","formEdgeID":null},{"edgeID":"1779163","fromID":"1359098","toID":"1359095","formEdgeID":null},{"edgeID":"1779164","fromID":"1359098","toID":"1359099","formEdgeID":null},{"edgeID":"1779165","fromID":"1359099","toID":"1359089","formEdgeID":null},{"edgeID":"1779166","fromID":"1359102","toID":"1359101","formEdgeID":null},{"edgeID":"1779167","fromID":"1359103","toID":"1359102","formEdgeID":null},{"edgeID":"1779168","fromID":"1359101","toID":"1359104","formEdgeID":null},{"edgeID":"1779169","fromID":"1359104","toID":"1359100","formEdgeID":null},{"edgeID":"1779170","fromID":"1359095","toID":"1359105","formEdgeID":null},{"edgeID":"1779171","fromID":"1359105","toID":"1359101","formEdgeID":null},{"edgeID":"1779172","fromID":"1359108","toID":"1359107","formEdgeID":null},{"edgeID":"1779173","fromID":"1359109","toID":"1359108","formEdgeID":null},{"edgeID":"1779174","fromID":"1359107","toID":"1359110","formEdgeID":null},{"edgeID":"1779175","fromID":"1359110","toID":"1359106","formEdgeID":null},{"edgeID":"1779176","fromID":"1359101","toID":"1359111","formEdgeID":null},{"edgeID":"1779177","fromID":"1359111","toID":"1359107","formEdgeID":null},{"edgeID":"1779178","fromID":"1359106","toID":"1359112","formEdgeID":null},{"edgeID":"1779179","fromID":"1359112","toID":"1359100","formEdgeID":null},{"edgeID":"1779180","fromID":"1359111","toID":"1359113","formEdgeID":null},{"edgeID":"1779181","fromID":"1359113","toID":"1359112","formEdgeID":null},{"edgeID":"1779182","fromID":"1359116","toID":"1359115","formEdgeID":null},{"edgeID":"1779183","fromID":"1359117","toID":"1359116","formEdgeID":null},{"edgeID":"1779184","fromID":"1359115","toID":"1359118","formEdgeID":null},{"edgeID":"1779185","fromID":"1359118","toID":"1359114","formEdgeID":null},{"edgeID":"1779186","fromID":"1359114","toID":"1359119","formEdgeID":null},{"edgeID":"1779187","fromID":"1359119","toID":"1359100","formEdgeID":null},{"edgeID":"1779188","fromID":"1359101","toID":"1359120","formEdgeID":null},{"edgeID":"1779189","fromID":"1359120","toID":"1359115","formEdgeID":null},{"edgeID":"1779190","fromID":"1359120","toID":"1359121","formEdgeID":null},{"edgeID":"1779191","fromID":"1359121","toID":"1359119","formEdgeID":null},{"edgeID":"1779192","fromID":"1359124","toID":"1359123","formEdgeID":null},{"edgeID":"1779193","fromID":"1359125","toID":"1359124","formEdgeID":null},{"edgeID":"1779194","fromID":"1359123","toID":"1359126","formEdgeID":null},{"edgeID":"1779195","fromID":"1359126","toID":"1359122","formEdgeID":null},{"edgeID":"1779196","fromID":"1359115","toID":"1359127","formEdgeID":null},{"edgeID":"1779197","fromID":"1359127","toID":"1359123","formEdgeID":null},{"edgeID":"1779198","fromID":"1359130","toID":"1359129","formEdgeID":null},{"edgeID":"1779199","fromID":"1359131","toID":"1359130","formEdgeID":null},{"edgeID":"1779200","fromID":"1359129","toID":"1359132","formEdgeID":null},{"edgeID":"1779201","fromID":"1359132","toID":"1359128","formEdgeID":null},{"edgeID":"1779202","fromID":"1359123","toID":"1359133","formEdgeID":null},{"edgeID":"1779203","fromID":"1359133","toID":"1359129","formEdgeID":null},{"edgeID":"1779204","fromID":"1359128","toID":"1359134","formEdgeID":null},{"edgeID":"1779205","fromID":"1359134","toID":"1359122","formEdgeID":null},{"edgeID":"1779206","fromID":"1359133","toID":"1359135","formEdgeID":null},{"edgeID":"1779207","fromID":"1359135","toID":"1359134","formEdgeID":null},{"edgeID":"1779208","fromID":"1359138","toID":"1359137","formEdgeID":null},{"edgeID":"1779209","fromID":"1359139","toID":"1359138","formEdgeID":null},{"edgeID":"1779210","fromID":"1359137","toID":"1359140","formEdgeID":null},{"edgeID":"1779211","fromID":"1359140","toID":"1359136","formEdgeID":null},{"edgeID":"1779212","fromID":"1359129","toID":"1359141","formEdgeID":null},{"edgeID":"1779213","fromID":"1359141","toID":"1359137","formEdgeID":null},{"edgeID":"1779214","fromID":"1359136","toID":"1359142","formEdgeID":null},{"edgeID":"1779215","fromID":"1359142","toID":"1359128","formEdgeID":null},{"edgeID":"1779216","fromID":"1359141","toID":"1359143","formEdgeID":null},{"edgeID":"1779217","fromID":"1359143","toID":"1359142","formEdgeID":null},{"edgeID":"1779218","fromID":"1359146","toID":"1359145","formEdgeID":null},{"edgeID":"1779219","fromID":"1359147","toID":"1359146","formEdgeID":null},{"edgeID":"1779220","fromID":"1359145","toID":"1359148","formEdgeID":null},{"edgeID":"1779221","fromID":"1359148","toID":"1359144","formEdgeID":null},{"edgeID":"1779222","fromID":"1359137","toID":"1359149","formEdgeID":null},{"edgeID":"1779223","fromID":"1359149","toID":"1359145","formEdgeID":null},{"edgeID":"1779224","fromID":"1359144","toID":"1359150","formEdgeID":null},{"edgeID":"1779225","fromID":"1359150","toID":"1359136","formEdgeID":null},{"edgeID":"1779226","fromID":"1359149","toID":"1359151","formEdgeID":null},{"edgeID":"1779227","fromID":"1359151","toID":"1359150","formEdgeID":null},{"edgeID":"1779228","fromID":"1359154","toID":"1359153","formEdgeID":null},{"edgeID":"1779229","fromID":"1359155","toID":"1359154","formEdgeID":null},{"edgeID":"1779230","fromID":"1359153","toID":"1359156","formEdgeID":null},{"edgeID":"1779231","fromID":"1359156","toID":"1359152","formEdgeID":null},{"edgeID":"1779232","fromID":"1359145","toID":"1359157","formEdgeID":null},{"edgeID":"1779233","fromID":"1359157","toID":"1359153","formEdgeID":null},{"edgeID":"1779234","fromID":"1359152","toID":"1359158","formEdgeID":null},{"edgeID":"1779235","fromID":"1359158","toID":"1359144","formEdgeID":null},{"edgeID":"1779236","fromID":"1359157","toID":"1359159","formEdgeID":null},{"edgeID":"1779237","fromID":"1359159","toID":"1359158","formEdgeID":null},{"edgeID":"1779238","fromID":"1359073","toID":"1359160","formEdgeID":null},{"edgeID":"1779239","fromID":"1359160","toID":"1359067","formEdgeID":null},{"edgeID":"1779240","fromID":"1359078","toID":"1359161","formEdgeID":null},{"edgeID":"1779241","fromID":"1359161","toID":"1359160","formEdgeID":null}],"locutions":[]}