{"nodes":[{"nodeID":"1361934","text":"the issue AudienceMember20230126QT27 has with minimum service level is that it is a reactive policy to the strikes that have been started off by the train workers","type":"I","timestamp":"2023-11-09 14:28:02"},{"nodeID":"1361935","text":"AudienceMember 20230126QT27: The issue I have with this problem is this is a reactive policy to the strikes that have been started off by the train workers","type":"L","timestamp":"2023-11-09 14:28:02"},{"nodeID":"1361936","text":"Analysing","type":"YA","timestamp":"2023-11-09 14:28:02"},{"nodeID":"1361937","text":"Anon: AudienceMember 20230126QT27: The issue I have with this problem is this is a reactive policy to the strikes that have been started off by the train workers","type":"L","timestamp":"2023-11-09 14:28:02"},{"nodeID":"1361938","text":"Asserting","type":"YA","timestamp":"2023-11-09 14:28:02"},{"nodeID":"1361939","text":"the strikes have gained momentum through other public services","type":"I","timestamp":"2023-11-09 14:28:03"},{"nodeID":"1361940","text":"AudienceMember 20230126QT27:  have got momentum through other public services","type":"L","timestamp":"2023-11-09 14:28:03"},{"nodeID":"1361941","text":"Analysing","type":"YA","timestamp":"2023-11-09 14:28:03"},{"nodeID":"1361942","text":"Anon: AudienceMember 20230126QT27:  have got momentum through other public services","type":"L","timestamp":"2023-11-09 14:28:03"},{"nodeID":"1361943","text":"Asserting","type":"YA","timestamp":"2023-11-09 14:28:03"},{"nodeID":"1361944","text":"Default Transition","type":"TA","timestamp":"2023-11-09 14:28:03"},{"nodeID":"1361945","text":"AudienceMember20230126QT27 doesn't think it's appropriate for Government to instead of identifying a problem and finding a solution, to just legislate the problem away without recognising the problem and providing a solution for the people","type":"I","timestamp":"2023-11-09 14:28:03"},{"nodeID":"1361946","text":"AudienceMember 20230126QT27:  I don't think it's appropriate for Government to instead of identifying a problem and finding a solution, to just legislate the problem away without recognising the problem and providing a solution for the people.","type":"L","timestamp":"2023-11-09 14:28:03"},{"nodeID":"1361947","text":"Analysing","type":"YA","timestamp":"2023-11-09 14:28:03"},{"nodeID":"1361948","text":"Anon: AudienceMember 20230126QT27:  I don't think it's appropriate for Government to instead of identifying a problem and finding a solution, to just legislate the problem away without recognising the problem and providing a solution for the people.","type":"L","timestamp":"2023-11-09 14:28:03"},{"nodeID":"1361949","text":"Asserting","type":"YA","timestamp":"2023-11-09 14:28:03"},{"nodeID":"1361950","text":"Default Transition","type":"TA","timestamp":"2023-11-09 14:28:03"},{"nodeID":"1361951","text":"it's quite telling that in the last couple of discussions, Alex Clark won't recognise that the NHS is in crisis","type":"I","timestamp":"2023-11-09 14:28:04"},{"nodeID":"1361952","text":"AudienceMember 20230126QT27: it's quite telling that in the last couple of discussions, Alex won't recognise that the NHS is in crisis.","type":"L","timestamp":"2023-11-09 14:28:04"},{"nodeID":"1361953","text":"Analysing","type":"YA","timestamp":"2023-11-09 14:28:04"},{"nodeID":"1361954","text":"Anon: AudienceMember 20230126QT27: it's quite telling that in the last couple of discussions, Alex won't recognise that the NHS is in crisis.","type":"L","timestamp":"2023-11-09 14:28:04"},{"nodeID":"1361955","text":"Asserting","type":"YA","timestamp":"2023-11-09 14:28:04"},{"nodeID":"1361956","text":"Default Transition","type":"TA","timestamp":"2023-11-09 14:28:04"},{"nodeID":"1361957","text":"we're now legislating against strikes to try and restrict that","type":"I","timestamp":"2023-11-09 14:28:05"},{"nodeID":"1361958","text":"AudienceMember 20230126QT27: We're now legislating against strikes to try and restrict that","type":"L","timestamp":"2023-11-09 14:28:05"},{"nodeID":"1361959","text":"Analysing","type":"YA","timestamp":"2023-11-09 14:28:05"},{"nodeID":"1361960","text":"Anon: AudienceMember 20230126QT27: We're now legislating against strikes to try and restrict that","type":"L","timestamp":"2023-11-09 14:28:05"},{"nodeID":"1361961","text":"Asserting","type":"YA","timestamp":"2023-11-09 14:28:05"},{"nodeID":"1361962","text":"Tim Stanley point out that there are other countries, such as France, Spain and Italy, that have minimum strike agreements","type":"I","timestamp":"2023-11-09 14:28:05"},{"nodeID":"1361963","text":"Fiona Bruce: im's point, that there are other countries, I mean France, Spain and Italy, for example. I mean some of these minimum strike agreements","type":"L","timestamp":"2023-11-09 14:28:05"},{"nodeID":"1361964","text":"Analysing","type":"YA","timestamp":"2023-11-09 14:28:05"},{"nodeID":"1361965","text":"Anon: Fiona Bruce: im's point, that there are other countries, I mean France, Spain and Italy, for example. I mean some of these minimum strike agreements","type":"L","timestamp":"2023-11-09 14:28:05"},{"nodeID":"1361966","text":"Asserting","type":"YA","timestamp":"2023-11-09 14:28:05"},{"nodeID":"1361967","text":"some of the minimum strike agreements are voluntary","type":"I","timestamp":"2023-11-09 14:28:06"},{"nodeID":"1361968","text":"Fiona Bruce: are voluntary","type":"L","timestamp":"2023-11-09 14:28:06"},{"nodeID":"1361969","text":"Analysing","type":"YA","timestamp":"2023-11-09 14:28:06"},{"nodeID":"1361970","text":"Anon: Fiona Bruce: are voluntary","type":"L","timestamp":"2023-11-09 14:28:06"},{"nodeID":"1361971","text":"Asserting","type":"YA","timestamp":"2023-11-09 14:28:06"},{"nodeID":"1361972","text":"Default Transition","type":"TA","timestamp":"2023-11-09 14:28:06"},{"nodeID":"1361973","text":"Default Transition","type":"TA","timestamp":"2023-11-09 14:28:06"},{"nodeID":"1361974","text":"even when the minimum strike agreements are voluntary there is legislation there","type":"I","timestamp":"2023-11-09 14:28:07"},{"nodeID":"1361975","text":"Fiona Bruce: nonetheless there is legislation there.\u00a0","type":"L","timestamp":"2023-11-09 14:28:07"},{"nodeID":"1361976","text":"Analysing","type":"YA","timestamp":"2023-11-09 14:28:07"},{"nodeID":"1361977","text":"Anon: Fiona Bruce: nonetheless there is legislation there.\u00a0","type":"L","timestamp":"2023-11-09 14:28:07"},{"nodeID":"1361978","text":"Asserting","type":"YA","timestamp":"2023-11-09 14:28:07"},{"nodeID":"1361979","text":"Default Transition","type":"TA","timestamp":"2023-11-09 14:28:07"},{"nodeID":"1361980","text":"Default Rephrase","type":"MA","timestamp":"2023-11-09 14:28:07"},{"nodeID":"1361981","text":"Default Rephrase","type":"MA","timestamp":"2023-11-09 14:28:07"},{"nodeID":"1361982","text":"Restating","type":"YA","timestamp":"2023-11-09 14:28:07"},{"nodeID":"1361983","text":"Restating","type":"YA","timestamp":"2023-11-09 14:28:07"},{"nodeID":"1361984","text":"most of those countries (France, Spain and Italy) don't enact this law enforcing minimum strike agreements in any event","type":"I","timestamp":"2023-11-09 14:28:07"},{"nodeID":"1361985","text":"Anna Soubry: most of those countries don't enact this law in any event","type":"L","timestamp":"2023-11-09 14:28:07"},{"nodeID":"1361986","text":"Analysing","type":"YA","timestamp":"2023-11-09 14:28:07"},{"nodeID":"1361987","text":"Anon: Anna Soubry: most of those countries don't enact this law in any event","type":"L","timestamp":"2023-11-09 14:28:07"},{"nodeID":"1361988","text":"Asserting","type":"YA","timestamp":"2023-11-09 14:28:07"},{"nodeID":"1361989","text":"Default Conflict","type":"CA","timestamp":"2023-11-09 14:28:07"},{"nodeID":"1361990","text":"Default Transition","type":"TA","timestamp":"2023-11-09 14:28:07"},{"nodeID":"1361991","text":"Disagreeing","type":"YA","timestamp":"2023-11-09 14:28:07"},{"nodeID":"1361992","text":"but they do have it though","type":"I","timestamp":"2023-11-09 14:28:08"},{"nodeID":"1361993","text":"Fiona Bruce: But they do have it though.","type":"L","timestamp":"2023-11-09 14:28:08"},{"nodeID":"1361994","text":"Analysing","type":"YA","timestamp":"2023-11-09 14:28:08"},{"nodeID":"1361995","text":"Anon: Fiona Bruce: But they do have it though.","type":"L","timestamp":"2023-11-09 14:28:08"},{"nodeID":"1361996","text":"Asserting","type":"YA","timestamp":"2023-11-09 14:28:08"},{"nodeID":"1361997","text":"Default Rephrase","type":"MA","timestamp":"2023-11-09 14:28:08"},{"nodeID":"1361998","text":"Default Transition","type":"TA","timestamp":"2023-11-09 14:28:08"},{"nodeID":"1361999","text":"Restating","type":"YA","timestamp":"2023-11-09 14:28:08"},{"nodeID":"1362000","text":"Default Inference","type":"RA","timestamp":"2023-11-09 14:28:08"},{"nodeID":"1362001","text":"Arguing","type":"YA","timestamp":"2023-11-09 14:28:08"},{"nodeID":"1362002","text":"Default Rephrase","type":"MA","timestamp":"2023-11-09 14:28:08"},{"nodeID":"1362003","text":"Restating","type":"YA","timestamp":"2023-11-09 14:28:08"},{"nodeID":"1362004","text":"Default Inference","type":"RA","timestamp":"2023-11-09 14:28:08"},{"nodeID":"1362005","text":"Arguing","type":"YA","timestamp":"2023-11-09 14:28:08"},{"nodeID":"1362006","text":"Default Rephrase","type":"MA","timestamp":"2023-11-09 14:28:08"},{"nodeID":"1362007","text":"Default Transition","type":"TA","timestamp":"2023-11-09 14:28:08"},{"nodeID":"1362008","text":"Restating","type":"YA","timestamp":"2023-11-09 14:28:08"}],"edges":[{"edgeID":"1782561","fromID":"1361936","toID":"1361935","formEdgeID":null},{"edgeID":"1782562","fromID":"1361937","toID":"1361936","formEdgeID":null},{"edgeID":"1782563","fromID":"1361935","toID":"1361938","formEdgeID":null},{"edgeID":"1782564","fromID":"1361938","toID":"1361934","formEdgeID":null},{"edgeID":"1782565","fromID":"1361941","toID":"1361940","formEdgeID":null},{"edgeID":"1782566","fromID":"1361942","toID":"1361941","formEdgeID":null},{"edgeID":"1782567","fromID":"1361940","toID":"1361943","formEdgeID":null},{"edgeID":"1782568","fromID":"1361943","toID":"1361939","formEdgeID":null},{"edgeID":"1782569","fromID":"1361935","toID":"1361944","formEdgeID":null},{"edgeID":"1782570","fromID":"1361944","toID":"1361940","formEdgeID":null},{"edgeID":"1782571","fromID":"1361947","toID":"1361946","formEdgeID":null},{"edgeID":"1782572","fromID":"1361948","toID":"1361947","formEdgeID":null},{"edgeID":"1782573","fromID":"1361946","toID":"1361949","formEdgeID":null},{"edgeID":"1782574","fromID":"1361949","toID":"1361945","formEdgeID":null},{"edgeID":"1782575","fromID":"1361935","toID":"1361950","formEdgeID":null},{"edgeID":"1782576","fromID":"1361950","toID":"1361946","formEdgeID":null},{"edgeID":"1782577","fromID":"1361953","toID":"1361952","formEdgeID":null},{"edgeID":"1782578","fromID":"1361954","toID":"1361953","formEdgeID":null},{"edgeID":"1782579","fromID":"1361952","toID":"1361955","formEdgeID":null},{"edgeID":"1782580","fromID":"1361955","toID":"1361951","formEdgeID":null},{"edgeID":"1782581","fromID":"1361946","toID":"1361956","formEdgeID":null},{"edgeID":"1782582","fromID":"1361956","toID":"1361952","formEdgeID":null},{"edgeID":"1782583","fromID":"1361959","toID":"1361958","formEdgeID":null},{"edgeID":"1782584","fromID":"1361960","toID":"1361959","formEdgeID":null},{"edgeID":"1782585","fromID":"1361958","toID":"1361961","formEdgeID":null},{"edgeID":"1782586","fromID":"1361961","toID":"1361957","formEdgeID":null},{"edgeID":"1782587","fromID":"1361964","toID":"1361963","formEdgeID":null},{"edgeID":"1782588","fromID":"1361965","toID":"1361964","formEdgeID":null},{"edgeID":"1782589","fromID":"1361963","toID":"1361966","formEdgeID":null},{"edgeID":"1782590","fromID":"1361966","toID":"1361962","formEdgeID":null},{"edgeID":"1782591","fromID":"1361969","toID":"1361968","formEdgeID":null},{"edgeID":"1782592","fromID":"1361970","toID":"1361969","formEdgeID":null},{"edgeID":"1782593","fromID":"1361968","toID":"1361971","formEdgeID":null},{"edgeID":"1782594","fromID":"1361971","toID":"1361967","formEdgeID":null},{"edgeID":"1782595","fromID":"1361958","toID":"1361972","formEdgeID":null},{"edgeID":"1782596","fromID":"1361972","toID":"1361963","formEdgeID":null},{"edgeID":"1782597","fromID":"1361963","toID":"1361973","formEdgeID":null},{"edgeID":"1782598","fromID":"1361973","toID":"1361968","formEdgeID":null},{"edgeID":"1782599","fromID":"1361976","toID":"1361975","formEdgeID":null},{"edgeID":"1782600","fromID":"1361977","toID":"1361976","formEdgeID":null},{"edgeID":"1782601","fromID":"1361975","toID":"1361978","formEdgeID":null},{"edgeID":"1782602","fromID":"1361978","toID":"1361974","formEdgeID":null},{"edgeID":"1782603","fromID":"1361968","toID":"1361979","formEdgeID":null},{"edgeID":"1782604","fromID":"1361979","toID":"1361975","formEdgeID":null},{"edgeID":"1782605","fromID":"1361967","toID":"1361980","formEdgeID":null},{"edgeID":"1782606","fromID":"1361980","toID":"1361962","formEdgeID":null},{"edgeID":"1782607","fromID":"1361974","toID":"1361981","formEdgeID":null},{"edgeID":"1782608","fromID":"1361981","toID":"1361967","formEdgeID":null},{"edgeID":"1782609","fromID":"1361979","toID":"1361982","formEdgeID":null},{"edgeID":"1782610","fromID":"1361982","toID":"1361981","formEdgeID":null},{"edgeID":"1782611","fromID":"1361973","toID":"1361983","formEdgeID":null},{"edgeID":"1782612","fromID":"1361983","toID":"1361980","formEdgeID":null},{"edgeID":"1782613","fromID":"1361986","toID":"1361985","formEdgeID":null},{"edgeID":"1782614","fromID":"1361987","toID":"1361986","formEdgeID":null},{"edgeID":"1782615","fromID":"1361985","toID":"1361988","formEdgeID":null},{"edgeID":"1782616","fromID":"1361988","toID":"1361984","formEdgeID":null},{"edgeID":"1782617","fromID":"1361984","toID":"1361989","formEdgeID":null},{"edgeID":"1782618","fromID":"1361989","toID":"1361962","formEdgeID":null},{"edgeID":"1782619","fromID":"1361963","toID":"1361990","formEdgeID":null},{"edgeID":"1782620","fromID":"1361990","toID":"1361985","formEdgeID":null},{"edgeID":"1782621","fromID":"1361990","toID":"1361991","formEdgeID":null},{"edgeID":"1782622","fromID":"1361991","toID":"1361989","formEdgeID":null},{"edgeID":"1782623","fromID":"1361994","toID":"1361993","formEdgeID":null},{"edgeID":"1782624","fromID":"1361995","toID":"1361994","formEdgeID":null},{"edgeID":"1782625","fromID":"1361993","toID":"1361996","formEdgeID":null},{"edgeID":"1782626","fromID":"1361996","toID":"1361992","formEdgeID":null},{"edgeID":"1782627","fromID":"1361992","toID":"1361997","formEdgeID":null},{"edgeID":"1782628","fromID":"1361997","toID":"1361974","formEdgeID":null},{"edgeID":"1782629","fromID":"1361975","toID":"1361998","formEdgeID":null},{"edgeID":"1782630","fromID":"1361998","toID":"1361993","formEdgeID":null},{"edgeID":"1782631","fromID":"1361998","toID":"1361999","formEdgeID":null},{"edgeID":"1782632","fromID":"1361999","toID":"1361997","formEdgeID":null},{"edgeID":"1782633","fromID":"1361945","toID":"1362000","formEdgeID":null},{"edgeID":"1782634","fromID":"1362000","toID":"1361934","formEdgeID":null},{"edgeID":"1782635","fromID":"1361950","toID":"1362001","formEdgeID":null},{"edgeID":"1782636","fromID":"1362001","toID":"1362000","formEdgeID":null},{"edgeID":"1782637","fromID":"1361939","toID":"1362002","formEdgeID":null},{"edgeID":"1782638","fromID":"1362002","toID":"1361934","formEdgeID":null},{"edgeID":"1782639","fromID":"1361944","toID":"1362003","formEdgeID":null},{"edgeID":"1782640","fromID":"1362003","toID":"1362002","formEdgeID":null},{"edgeID":"1782641","fromID":"1361945","toID":"1362004","formEdgeID":null},{"edgeID":"1782642","fromID":"1362004","toID":"1361951","formEdgeID":null},{"edgeID":"1782643","fromID":"1361956","toID":"1362005","formEdgeID":null},{"edgeID":"1782644","fromID":"1362005","toID":"1362004","formEdgeID":null},{"edgeID":"1782645","fromID":"1361957","toID":"1362006","formEdgeID":null},{"edgeID":"1782646","fromID":"1362006","toID":"1361934","formEdgeID":null},{"edgeID":"1782647","fromID":"1361935","toID":"1362007","formEdgeID":null},{"edgeID":"1782648","fromID":"1362007","toID":"1361958","formEdgeID":null},{"edgeID":"1782649","fromID":"1362007","toID":"1362008","formEdgeID":null},{"edgeID":"1782650","fromID":"1362008","toID":"1362006","formEdgeID":null}],"locutions":[]}