{"nodes":[{"nodeID":"1361844","text":"given that other countries do have it to various degrees in different shapes and forms Bridgett Phillipson does or does not think there is a role for minimum service","type":"I","timestamp":"2023-11-09 14:27:55"},{"nodeID":"1361845","text":"Fiona Bruce: do you think there's any role at all, given that other countries do have it to various degrees in different shapes and forms, for any role for minimum service","type":"L","timestamp":"2023-11-09 14:27:55"},{"nodeID":"1361846","text":"Analysing","type":"YA","timestamp":"2023-11-09 14:27:55"},{"nodeID":"1361847","text":"Fyfe: Fiona Bruce: do you think there's any role at all, given that other countries do have it to various degrees in different shapes and forms, for any role for minimum service","type":"L","timestamp":"2023-11-09 14:27:55"},{"nodeID":"1361848","text":"Pure Questioning","type":"YA","timestamp":"2023-11-09 14:27:55"},{"nodeID":"1361849","text":"there is a role for minimum service in the NHS right now","type":"I","timestamp":"2023-11-09 14:27:56"},{"nodeID":"1361850","text":"Bridget Phillipson: I would love to see minimum services in the NHS right now","type":"L","timestamp":"2023-11-09 14:27:56"},{"nodeID":"1361851","text":"Analysing","type":"YA","timestamp":"2023-11-09 14:27:56"},{"nodeID":"1361852","text":"Fyfe: Bridget Phillipson: I would love to see minimum services in the NHS right now","type":"L","timestamp":"2023-11-09 14:27:56"},{"nodeID":"1361853","text":"Asserting","type":"YA","timestamp":"2023-11-09 14:27:56"},{"nodeID":"1361854","text":"Default Transition","type":"TA","timestamp":"2023-11-09 14:27:56"},{"nodeID":"1361855","text":"Default Rephrase","type":"MA","timestamp":"2023-11-09 14:27:56"},{"nodeID":"1361856","text":"Default Illocuting","type":"YA","timestamp":"2023-11-09 14:27:56"},{"nodeID":"1361857","text":"the UK does not have a minimum service","type":"I","timestamp":"2023-11-09 14:27:56"},{"nodeID":"1361858","text":"Bridget Phillipson: We don't have that","type":"L","timestamp":"2023-11-09 14:27:56"},{"nodeID":"1361859","text":"Analysing","type":"YA","timestamp":"2023-11-09 14:27:56"},{"nodeID":"1361860","text":"Fyfe: Bridget Phillipson: We don't have that","type":"L","timestamp":"2023-11-09 14:27:56"},{"nodeID":"1361861","text":"Asserting","type":"YA","timestamp":"2023-11-09 14:27:56"},{"nodeID":"1361862","text":"Default Transition","type":"TA","timestamp":"2023-11-09 14:27:56"},{"nodeID":"1361863","text":"Default Inference","type":"RA","timestamp":"2023-11-09 14:27:56"},{"nodeID":"1361864","text":"Arguing","type":"YA","timestamp":"2023-11-09 14:27:56"},{"nodeID":"1361865","text":"the UK should or should not have minimum service across other areas as well, such as transport","type":"I","timestamp":"2023-11-09 14:27:57"},{"nodeID":"1361866","text":"Fiona Bruce: across other areas as well, such as transport for example","type":"L","timestamp":"2023-11-09 14:27:57"},{"nodeID":"1361867","text":"Fyfe: Fiona Bruce: across other areas as well, such as transport for example","type":"L","timestamp":"2023-11-09 14:27:57"},{"nodeID":"1361868","text":"Analysing","type":"YA","timestamp":"2023-11-09 14:27:57"},{"nodeID":"1361869","text":"Pure Questioning","type":"YA","timestamp":"2023-11-09 14:27:57"},{"nodeID":"1361870","text":"Default Rephrase","type":"MA","timestamp":"2023-11-09 14:27:57"},{"nodeID":"1361871","text":"Default Transition","type":"TA","timestamp":"2023-11-09 14:27:57"},{"nodeID":"1361872","text":"Default Transition","type":"TA","timestamp":"2023-11-09 14:27:57"},{"nodeID":"1361873","text":"Restating","type":"YA","timestamp":"2023-11-09 14:27:57"},{"nodeID":"1361874","text":"minimum service legislation is not going to work in the transport sector","type":"I","timestamp":"2023-11-09 14:27:58"},{"nodeID":"1361875","text":"Bridget Phillipson: the Transport Secretary actually has said he doesn't think the legislation is going to work in the transport sector","type":"L","timestamp":"2023-11-09 14:27:58"},{"nodeID":"1361876","text":"Analysing","type":"YA","timestamp":"2023-11-09 14:27:58"},{"nodeID":"1361877","text":"Fyfe: Bridget Phillipson: the Transport Secretary actually has said he doesn't think the legislation is going to work in the transport sector","type":"L","timestamp":"2023-11-09 14:27:58"},{"nodeID":"1361878","text":"Mark Harper: I don't think the legislation is going to work in the transport sector","type":"L","timestamp":"2023-11-09 14:27:58"},{"nodeID":"1361879","text":"Analysing","type":"YA","timestamp":"2023-11-09 14:27:58"},{"nodeID":"1361880","text":"Fyfe: Mark Harper: the Transport Secretary actually has said he doesn't think the legislation is going to work in the transport sector","type":"L","timestamp":"2023-11-09 14:27:58"},{"nodeID":"1361881","text":"Asserting","type":"YA","timestamp":"2023-11-09 14:27:58"},{"nodeID":"1361882","text":"Asserting","type":"YA","timestamp":"2023-11-09 14:27:58"},{"nodeID":"1361883","text":"Default Transition","type":"TA","timestamp":"2023-11-09 14:27:58"},{"nodeID":"1361884","text":"Gillian Keegan does not want minimum service in education","type":"I","timestamp":"2023-11-09 14:27:58"},{"nodeID":"1361885","text":"Bridget Phillipson: the Education Secretary has said she doesn't want it in education","type":"L","timestamp":"2023-11-09 14:27:58"},{"nodeID":"1361886","text":"Analysing","type":"YA","timestamp":"2023-11-09 14:27:58"},{"nodeID":"1361887","text":"Fyfe: Bridget Phillipson: the Education Secretary has said she doesn't want it in education","type":"L","timestamp":"2023-11-09 14:27:58"},{"nodeID":"1361888","text":"Gillian Keegan: I don't want it in education","type":"L","timestamp":"2023-11-09 14:27:58"},{"nodeID":"1361889","text":"Analysing","type":"YA","timestamp":"2023-11-09 14:27:58"},{"nodeID":"1361890","text":"Fyfe: Gillian Keegan: the Education Secretary has said she doesn't want it in education","type":"L","timestamp":"2023-11-09 14:27:58"},{"nodeID":"1361891","text":"Asserting","type":"YA","timestamp":"2023-11-09 14:27:58"},{"nodeID":"1361892","text":"Asserting","type":"YA","timestamp":"2023-11-09 14:27:58"},{"nodeID":"1361893","text":"Default Transition","type":"TA","timestamp":"2023-11-09 14:27:58"},{"nodeID":"1361894","text":"minimum service is not going to work","type":"I","timestamp":"2023-11-09 14:27:59"},{"nodeID":"1361895","text":"Bridget Phillipson:  I don't think it's going to work","type":"L","timestamp":"2023-11-09 14:27:59"},{"nodeID":"1361896","text":"Analysing","type":"YA","timestamp":"2023-11-09 14:27:59"},{"nodeID":"1361897","text":"Fyfe: Bridget Phillipson:  I don't think it's going to work","type":"L","timestamp":"2023-11-09 14:27:59"},{"nodeID":"1361898","text":"Default Transition","type":"TA","timestamp":"2023-11-09 14:27:59"},{"nodeID":"1361899","text":"minimum service is not the answer","type":"I","timestamp":"2023-11-09 14:27:59"},{"nodeID":"1361900","text":"Bridget Phillipson: I don't think it's the answer","type":"L","timestamp":"2023-11-09 14:27:59"},{"nodeID":"1361901","text":"Analysing","type":"YA","timestamp":"2023-11-09 14:27:59"},{"nodeID":"1361902","text":"Fyfe: Bridget Phillipson: I don't think it's the answer","type":"L","timestamp":"2023-11-09 14:27:59"},{"nodeID":"1361903","text":"Asserting","type":"YA","timestamp":"2023-11-09 14:27:59"},{"nodeID":"1361904","text":"Default Transition","type":"TA","timestamp":"2023-11-09 14:27:59"},{"nodeID":"1361905","text":"Default Rephrase","type":"MA","timestamp":"2023-11-09 14:27:59"},{"nodeID":"1361906","text":"Restating","type":"YA","timestamp":"2023-11-09 14:27:59"},{"nodeID":"1361907","text":"if ministers spent a little bit more time seeking to try and find a way through it and to get a settlement, rather than engaging in this kind of distraction activity around legislation, then we'd be in a much stronger position when it comes to the NHS and our schools","type":"I","timestamp":"2023-11-09 14:28:00"},{"nodeID":"1361908","text":"Bridget Phillipson: If ministers spent a little bit more time seeking to try and find a way through it and to get a settlement, rather than engaging in this kind of distraction activity around legislation, then we'd be in a much stronger position when it comes to the NHS and our schools","type":"L","timestamp":"2023-11-09 14:28:00"},{"nodeID":"1361909","text":"Analysing","type":"YA","timestamp":"2023-11-09 14:28:00"},{"nodeID":"1361910","text":"Fyfe: Bridget Phillipson: If ministers spent a little bit more time seeking to try and find a way through it and to get a settlement, rather than engaging in this kind of distraction activity around legislation, then we'd be in a much stronger position when it comes to the NHS and our schools","type":"L","timestamp":"2023-11-09 14:28:00"},{"nodeID":"1361911","text":"Asserting","type":"YA","timestamp":"2023-11-09 14:28:00"},{"nodeID":"1361912","text":"Default Rephrase","type":"MA","timestamp":"2023-11-09 14:28:00"},{"nodeID":"1361913","text":"Default Illocuting","type":"YA","timestamp":"2023-11-09 14:28:00"},{"nodeID":"1361914","text":"Asserting","type":"YA","timestamp":"2023-11-09 14:28:00"},{"nodeID":"1361915","text":"Default Inference","type":"RA","timestamp":"2023-11-09 14:28:00"},{"nodeID":"1361916","text":"Default Inference","type":"RA","timestamp":"2023-11-09 14:28:00"},{"nodeID":"1361917","text":"Arguing","type":"YA","timestamp":"2023-11-09 14:28:00"},{"nodeID":"1361918","text":"Arguing","type":"YA","timestamp":"2023-11-09 14:28:00"},{"nodeID":"1361919","text":"in those countries that do have minimum service, you have seen increased industrial action","type":"I","timestamp":"2023-11-09 14:28:01"},{"nodeID":"1361920","text":"Bridget Phillipson: in those countries that do have it, you've seen increased industrial action","type":"L","timestamp":"2023-11-09 14:28:01"},{"nodeID":"1361921","text":"Analysing","type":"YA","timestamp":"2023-11-09 14:28:01"},{"nodeID":"1361922","text":"Fyfe: Bridget Phillipson: in those countries that do have it, you've seen increased industrial action","type":"L","timestamp":"2023-11-09 14:28:01"},{"nodeID":"1361923","text":"Asserting","type":"YA","timestamp":"2023-11-09 14:28:01"},{"nodeID":"1361924","text":"you have seen legal challenge","type":"I","timestamp":"2023-11-09 14:28:01"},{"nodeID":"1361925","text":"Bridget Phillipson: you've seen legal challenge","type":"L","timestamp":"2023-11-09 14:28:01"},{"nodeID":"1361926","text":"Analysing","type":"YA","timestamp":"2023-11-09 14:28:01"},{"nodeID":"1361927","text":"Fyfe: Bridget Phillipson: you've seen legal challenge","type":"L","timestamp":"2023-11-09 14:28:01"},{"nodeID":"1361928","text":"Asserting","type":"YA","timestamp":"2023-11-09 14:28:01"},{"nodeID":"1361929","text":"Default Transition","type":"TA","timestamp":"2023-11-09 14:28:01"},{"nodeID":"1361930","text":"Default Transition","type":"TA","timestamp":"2023-11-09 14:28:01"},{"nodeID":"1361931","text":"Default Inference","type":"RA","timestamp":"2023-11-09 14:28:01"},{"nodeID":"1361932","text":"Default Transition","type":"TA","timestamp":"2023-11-09 14:28:01"},{"nodeID":"1361933","text":"Arguing","type":"YA","timestamp":"2023-11-09 14:28:01"}],"edges":[{"edgeID":"1782454","fromID":"1361846","toID":"1361845","formEdgeID":null},{"edgeID":"1782455","fromID":"1361847","toID":"1361846","formEdgeID":null},{"edgeID":"1782456","fromID":"1361845","toID":"1361848","formEdgeID":null},{"edgeID":"1782457","fromID":"1361848","toID":"1361844","formEdgeID":null},{"edgeID":"1782458","fromID":"1361852","toID":"1361851","formEdgeID":null},{"edgeID":"1782459","fromID":"1361851","toID":"1361850","formEdgeID":null},{"edgeID":"1782460","fromID":"1361850","toID":"1361853","formEdgeID":null},{"edgeID":"1782461","fromID":"1361853","toID":"1361849","formEdgeID":null},{"edgeID":"1782462","fromID":"1361845","toID":"1361854","formEdgeID":null},{"edgeID":"1782463","fromID":"1361854","toID":"1361850","formEdgeID":null},{"edgeID":"1782464","fromID":"1361849","toID":"1361855","formEdgeID":null},{"edgeID":"1782465","fromID":"1361855","toID":"1361844","formEdgeID":null},{"edgeID":"1782466","fromID":"1361854","toID":"1361856","formEdgeID":null},{"edgeID":"1782467","fromID":"1361856","toID":"1361855","formEdgeID":null},{"edgeID":"1782468","fromID":"1361860","toID":"1361859","formEdgeID":null},{"edgeID":"1782469","fromID":"1361859","toID":"1361858","formEdgeID":null},{"edgeID":"1782470","fromID":"1361861","toID":"1361857","formEdgeID":null},{"edgeID":"1782471","fromID":"1361858","toID":"1361861","formEdgeID":null},{"edgeID":"1782472","fromID":"1361850","toID":"1361862","formEdgeID":null},{"edgeID":"1782473","fromID":"1361862","toID":"1361858","formEdgeID":null},{"edgeID":"1782474","fromID":"1361863","toID":"1361849","formEdgeID":null},{"edgeID":"1782475","fromID":"1361857","toID":"1361863","formEdgeID":null},{"edgeID":"1782476","fromID":"1361862","toID":"1361864","formEdgeID":null},{"edgeID":"1782477","fromID":"1361864","toID":"1361863","formEdgeID":null},{"edgeID":"1782478","fromID":"1361868","toID":"1361866","formEdgeID":null},{"edgeID":"1782479","fromID":"1361867","toID":"1361868","formEdgeID":null},{"edgeID":"1782480","fromID":"1361869","toID":"1361865","formEdgeID":null},{"edgeID":"1782481","fromID":"1361866","toID":"1361869","formEdgeID":null},{"edgeID":"1782482","fromID":"1361865","toID":"1361870","formEdgeID":null},{"edgeID":"1782483","fromID":"1361870","toID":"1361844","formEdgeID":null},{"edgeID":"1782484","fromID":"1361858","toID":"1361871","formEdgeID":null},{"edgeID":"1782485","fromID":"1361871","toID":"1361866","formEdgeID":null},{"edgeID":"1782486","fromID":"1361845","toID":"1361872","formEdgeID":null},{"edgeID":"1782487","fromID":"1361872","toID":"1361866","formEdgeID":null},{"edgeID":"1782488","fromID":"1361873","toID":"1361870","formEdgeID":null},{"edgeID":"1782489","fromID":"1361872","toID":"1361873","formEdgeID":null},{"edgeID":"1782490","fromID":"1361877","toID":"1361876","formEdgeID":null},{"edgeID":"1782491","fromID":"1361876","toID":"1361875","formEdgeID":null},{"edgeID":"1782492","fromID":"1361879","toID":"1361878","formEdgeID":null},{"edgeID":"1782493","fromID":"1361880","toID":"1361879","formEdgeID":null},{"edgeID":"1782494","fromID":"1361878","toID":"1361881","formEdgeID":null},{"edgeID":"1782495","fromID":"1361881","toID":"1361874","formEdgeID":null},{"edgeID":"1782496","fromID":"1361875","toID":"1361882","formEdgeID":null},{"edgeID":"1782497","fromID":"1361882","toID":"1361878","formEdgeID":null},{"edgeID":"1782498","fromID":"1361866","toID":"1361883","formEdgeID":null},{"edgeID":"1782499","fromID":"1361883","toID":"1361875","formEdgeID":null},{"edgeID":"1782500","fromID":"1361886","toID":"1361885","formEdgeID":null},{"edgeID":"1782501","fromID":"1361887","toID":"1361886","formEdgeID":null},{"edgeID":"1782502","fromID":"1361890","toID":"1361889","formEdgeID":null},{"edgeID":"1782503","fromID":"1361889","toID":"1361888","formEdgeID":null},{"edgeID":"1782504","fromID":"1361891","toID":"1361884","formEdgeID":null},{"edgeID":"1782505","fromID":"1361888","toID":"1361891","formEdgeID":null},{"edgeID":"1782506","fromID":"1361885","toID":"1361892","formEdgeID":null},{"edgeID":"1782507","fromID":"1361892","toID":"1361888","formEdgeID":null},{"edgeID":"1782508","fromID":"1361875","toID":"1361893","formEdgeID":null},{"edgeID":"1782509","fromID":"1361893","toID":"1361885","formEdgeID":null},{"edgeID":"1782510","fromID":"1361896","toID":"1361895","formEdgeID":null},{"edgeID":"1782511","fromID":"1361897","toID":"1361896","formEdgeID":null},{"edgeID":"1782512","fromID":"1361885","toID":"1361898","formEdgeID":null},{"edgeID":"1782513","fromID":"1361898","toID":"1361895","formEdgeID":null},{"edgeID":"1782514","fromID":"1361901","toID":"1361900","formEdgeID":null},{"edgeID":"1782515","fromID":"1361902","toID":"1361901","formEdgeID":null},{"edgeID":"1782516","fromID":"1361900","toID":"1361903","formEdgeID":null},{"edgeID":"1782517","fromID":"1361903","toID":"1361899","formEdgeID":null},{"edgeID":"1782518","fromID":"1361895","toID":"1361904","formEdgeID":null},{"edgeID":"1782519","fromID":"1361904","toID":"1361900","formEdgeID":null},{"edgeID":"1782520","fromID":"1361899","toID":"1361905","formEdgeID":null},{"edgeID":"1782521","fromID":"1361905","toID":"1361894","formEdgeID":null},{"edgeID":"1782522","fromID":"1361904","toID":"1361906","formEdgeID":null},{"edgeID":"1782523","fromID":"1361906","toID":"1361905","formEdgeID":null},{"edgeID":"1782524","fromID":"1361909","toID":"1361908","formEdgeID":null},{"edgeID":"1782525","fromID":"1361910","toID":"1361909","formEdgeID":null},{"edgeID":"1782526","fromID":"1361908","toID":"1361911","formEdgeID":null},{"edgeID":"1782527","fromID":"1361911","toID":"1361907","formEdgeID":null},{"edgeID":"1782528","fromID":"1361874","toID":"1361912","formEdgeID":null},{"edgeID":"1782529","fromID":"1361912","toID":"1361865","formEdgeID":null},{"edgeID":"1782530","fromID":"1361883","toID":"1361913","formEdgeID":null},{"edgeID":"1782531","fromID":"1361913","toID":"1361912","formEdgeID":null},{"edgeID":"1782532","fromID":"1361914","toID":"1361894","formEdgeID":null},{"edgeID":"1782533","fromID":"1361895","toID":"1361914","formEdgeID":null},{"edgeID":"1782534","fromID":"1361874","toID":"1361915","formEdgeID":null},{"edgeID":"1782535","fromID":"1361915","toID":"1361884","formEdgeID":null},{"edgeID":"1782536","fromID":"1361884","toID":"1361916","formEdgeID":null},{"edgeID":"1782537","fromID":"1361916","toID":"1361894","formEdgeID":null},{"edgeID":"1782538","fromID":"1361893","toID":"1361917","formEdgeID":null},{"edgeID":"1782539","fromID":"1361917","toID":"1361915","formEdgeID":null},{"edgeID":"1782540","fromID":"1361898","toID":"1361918","formEdgeID":null},{"edgeID":"1782541","fromID":"1361918","toID":"1361916","formEdgeID":null},{"edgeID":"1782542","fromID":"1361921","toID":"1361920","formEdgeID":null},{"edgeID":"1782543","fromID":"1361922","toID":"1361921","formEdgeID":null},{"edgeID":"1782544","fromID":"1361920","toID":"1361923","formEdgeID":null},{"edgeID":"1782545","fromID":"1361923","toID":"1361919","formEdgeID":null},{"edgeID":"1782546","fromID":"1361926","toID":"1361925","formEdgeID":null},{"edgeID":"1782547","fromID":"1361927","toID":"1361926","formEdgeID":null},{"edgeID":"1782548","fromID":"1361925","toID":"1361928","formEdgeID":null},{"edgeID":"1782549","fromID":"1361928","toID":"1361924","formEdgeID":null},{"edgeID":"1782550","fromID":"1361900","toID":"1361929","formEdgeID":null},{"edgeID":"1782551","fromID":"1361929","toID":"1361920","formEdgeID":null},{"edgeID":"1782552","fromID":"1361925","toID":"1361930","formEdgeID":null},{"edgeID":"1782553","fromID":"1361930","toID":"1361908","formEdgeID":null},{"edgeID":"1782554","fromID":"1361919","toID":"1361931","formEdgeID":null},{"edgeID":"1782555","fromID":"1361931","toID":"1361907","formEdgeID":null},{"edgeID":"1782556","fromID":"1361920","toID":"1361932","formEdgeID":null},{"edgeID":"1782557","fromID":"1361932","toID":"1361908","formEdgeID":null},{"edgeID":"1782558","fromID":"1361930","toID":"1361933","formEdgeID":null},{"edgeID":"1782559","fromID":"1361933","toID":"1361931","formEdgeID":null},{"edgeID":"1782560","fromID":"1361924","toID":"1361931","formEdgeID":null}],"locutions":[]}