{"nodes":[{"nodeID":"1362267","text":"Fiona Bruce: Is that what you mean","type":"L","timestamp":"2023-11-09 14:28:29"},{"nodeID":"1362268","text":"AudienceMember20230126QT18 agrees with right to strike","type":"I","timestamp":"2023-11-09 14:28:30"},{"nodeID":"1362269","text":"AudienceMember 20230126QT18: I agree with right to strike","type":"L","timestamp":"2023-11-09 14:28:30"},{"nodeID":"1362270","text":"Claudia: AudienceMember 20230126QT18: I agree with right to strike","type":"L","timestamp":"2023-11-09 14:28:30"},{"nodeID":"1362271","text":"you actually in law set out these key workers would actually get all the pays related to inflation","type":"I","timestamp":"2023-11-09 14:28:30"},{"nodeID":"1362272","text":"AudienceMember 20230126QT18: you actually in law set out these key workers would actually get all the pays related to inflation","type":"L","timestamp":"2023-11-09 14:28:30"},{"nodeID":"1362273","text":"Claudia: AudienceMember 20230126QT18: you actually in law set out these key workers would actually get all the pays related to inflation","type":"L","timestamp":"2023-11-09 14:28:30"},{"nodeID":"1362274","text":"AudienceMember20230126QT19 agrees or doesn't agree with the idea that there should be minimum strike legislation","type":"I","timestamp":"2023-11-09 14:28:31"},{"nodeID":"1362275","text":"Fiona Bruce: you agree with the idea that there should be minimum strike legislation","type":"L","timestamp":"2023-11-09 14:28:31"},{"nodeID":"1362276","text":"Claudia: Fiona Bruce: you agree with the idea that there should be minimum strike legislation?","type":"L","timestamp":"2023-11-09 14:28:31"},{"nodeID":"1362277","text":"Claudia: Fiona Bruce: Is that what you mean?","type":"L","timestamp":"2023-11-09 14:28:31"},{"nodeID":"1362278","text":"AudienceMember 20230126QT19: Correct","type":"L","timestamp":"2023-11-09 14:28:31"},{"nodeID":"1362279","text":"Claudia: AudienceMember 20230126QT18: Correct","type":"L","timestamp":"2023-11-09 14:28:31"},{"nodeID":"1362280","text":"they are getting paid inflation rates","type":"I","timestamp":"2023-11-09 14:28:31"},{"nodeID":"1362281","text":"AudienceMember 20230126QT20: they are getting paid inflation rates","type":"L","timestamp":"2023-11-09 14:28:31"},{"nodeID":"1362282","text":"they would need to strike","type":"I","timestamp":"2023-11-09 14:28:32"},{"nodeID":"1362283","text":"AudienceMember 20230126QT20: they would need to strike","type":"L","timestamp":"2023-11-09 14:28:32"},{"nodeID":"1362284","text":"Claudia: AudienceMember 20230126QT20: they would need to strike","type":"L","timestamp":"2023-11-09 14:28:32"},{"nodeID":"1362285","text":"you can set your minimum levels","type":"I","timestamp":"2023-11-09 14:28:33"},{"nodeID":"1362286","text":"AudienceMember 20230126QT20: you can set your minimum levels","type":"L","timestamp":"2023-11-09 14:28:33"},{"nodeID":"1362287","text":"Claudia: AudienceMember 20230126QT20: you can set your minimum levels","type":"L","timestamp":"2023-11-09 14:28:33"},{"nodeID":"1362288","text":"whatever salary you're on, but you can't strike","type":"I","timestamp":"2023-11-09 14:28:33"},{"nodeID":"1362289","text":"Fiona Bruce: whatever salary you're on, but you can't strike","type":"L","timestamp":"2023-11-09 14:28:33"},{"nodeID":"1362290","text":"Claudia: Fiona Bruce: whatever salary you're on, but you can't strike","type":"L","timestamp":"2023-11-09 14:28:33"},{"nodeID":"1362291","text":"AudienceMember20230126QT21 is or is not saying that whatever salary you're on, but you can't strike","type":"I","timestamp":"2023-11-09 14:28:34"},{"nodeID":"1362292","text":"Fiona Bruce: Is that what you're saying","type":"L","timestamp":"2023-11-09 14:28:34"},{"nodeID":"1362293","text":"Claudia: Fiona Bruce: Is that what you're saying","type":"L","timestamp":"2023-11-09 14:28:34"},{"nodeID":"1362294","text":"the issue is related to inflation","type":"I","timestamp":"2023-11-09 14:28:34"},{"nodeID":"1362295","text":"AudienceMember 20230126QT21: related to inflation","type":"L","timestamp":"2023-11-09 14:28:34"},{"nodeID":"1362296","text":"Claudia: AudienceMember 20230126QT21: related to inflation","type":"L","timestamp":"2023-11-09 14:28:34"},{"nodeID":"1362297","text":"all the issues that we've raised all relate down to inflation","type":"I","timestamp":"2023-11-09 14:28:35"},{"nodeID":"1362298","text":"AudienceMember 20230126QT22: All the issues that we've raised all relate down to inflation","type":"L","timestamp":"2023-11-09 14:28:35"},{"nodeID":"1362299","text":"Claudia: AudienceMember 20230126QT22: All the issues that we've raised all relate down to inflation","type":"L","timestamp":"2023-11-09 14:28:35"},{"nodeID":"1362300","text":"it's inflation that's eroding people's pay","type":"I","timestamp":"2023-11-09 14:28:35"},{"nodeID":"1362301","text":"AudienceMember 20230126QT22: it's inflation that's eroding people's pay","type":"L","timestamp":"2023-11-09 14:28:35"},{"nodeID":"1362302","text":"Claudia: AudienceMember 20230126QT22: it's inflation that's eroding people's pay","type":"L","timestamp":"2023-11-09 14:28:35"},{"nodeID":"1362303","text":"obviously conditions are also eroding people's pay","type":"I","timestamp":"2023-11-09 14:28:36"},{"nodeID":"1362304","text":"AudienceMember 20230126QT22: obviously it's conditions also","type":"L","timestamp":"2023-11-09 14:28:36"},{"nodeID":"1362305","text":"Claudia: AudienceMember 20230126QT22: obviously it's conditions also","type":"L","timestamp":"2023-11-09 14:28:36"},{"nodeID":"1362306","text":"the Government need to start tackling inflation first","type":"I","timestamp":"2023-11-09 14:28:37"},{"nodeID":"1362307","text":"AudienceMember 20230126QT22: The Government need to start tackling inflation first","type":"L","timestamp":"2023-11-09 14:28:37"},{"nodeID":"1362308","text":"Claudia: AudienceMember 20230126QT22: The Government need to start tackling inflation first","type":"L","timestamp":"2023-11-09 14:28:37"},{"nodeID":"1362309","text":"Analysing","type":"YA","timestamp":"2023-11-09 14:28:37"},{"nodeID":"1362310","text":"Asserting","type":"YA","timestamp":"2023-11-09 14:28:37"},{"nodeID":"1362311","text":"Analysing","type":"YA","timestamp":"2023-11-09 14:28:37"},{"nodeID":"1362312","text":"Asserting","type":"YA","timestamp":"2023-11-09 14:28:37"},{"nodeID":"1362313","text":"Default Inference","type":"RA","timestamp":"2023-11-09 14:28:37"},{"nodeID":"1362314","text":"Default Transition","type":"TA","timestamp":"2023-11-09 14:28:37"},{"nodeID":"1362315","text":"Arguing","type":"YA","timestamp":"2023-11-09 14:28:37"},{"nodeID":"1362316","text":"Analysing","type":"YA","timestamp":"2023-11-09 14:28:37"},{"nodeID":"1362317","text":"Pure Questioning","type":"YA","timestamp":"2023-11-09 14:28:37"},{"nodeID":"1362318","text":"Default Transition","type":"TA","timestamp":"2023-11-09 14:28:37"},{"nodeID":"1362319","text":"AudienceMember20230126QT18 means that there should be minimum strike legislation","type":"I","timestamp":"2023-11-09 14:28:37"},{"nodeID":"1362320","text":"Analysing","type":"YA","timestamp":"2023-11-09 14:28:37"},{"nodeID":"1362321","text":"Assertive Questioning","type":"YA","timestamp":"2023-11-09 14:28:37"},{"nodeID":"1362322","text":"Default Transition","type":"TA","timestamp":"2023-11-09 14:28:37"},{"nodeID":"1362323","text":"Default Rephrase","type":"MA","timestamp":"2023-11-09 14:28:37"},{"nodeID":"1362324","text":"Restating","type":"YA","timestamp":"2023-11-09 14:28:37"},{"nodeID":"1362325","text":"Analysing","type":"YA","timestamp":"2023-11-09 14:28:37"},{"nodeID":"1362326","text":"Default Transition","type":"TA","timestamp":"2023-11-09 14:28:37"},{"nodeID":"1362327","text":"Analysing","type":"YA","timestamp":"2023-11-09 14:28:37"},{"nodeID":"1362328","text":"Asserting","type":"YA","timestamp":"2023-11-09 14:28:37"},{"nodeID":"1362329","text":"Analysing","type":"YA","timestamp":"2023-11-09 14:28:37"},{"nodeID":"1362330","text":"Asserting","type":"YA","timestamp":"2023-11-09 14:28:37"},{"nodeID":"1362331","text":"Analysing","type":"YA","timestamp":"2023-11-09 14:28:37"},{"nodeID":"1362332","text":"Asserting","type":"YA","timestamp":"2023-11-09 14:28:37"},{"nodeID":"1362333","text":"Default Transition","type":"TA","timestamp":"2023-11-09 14:28:37"},{"nodeID":"1362334","text":"Default Rephrase","type":"MA","timestamp":"2023-11-09 14:28:37"},{"nodeID":"1362335","text":"Restating","type":"YA","timestamp":"2023-11-09 14:28:37"},{"nodeID":"1362336","text":"Analysing","type":"YA","timestamp":"2023-11-09 14:28:37"},{"nodeID":"1362337","text":"Pure Questioning","type":"YA","timestamp":"2023-11-09 14:28:37"},{"nodeID":"1362338","text":"Default Transition","type":"TA","timestamp":"2023-11-09 14:28:37"},{"nodeID":"1362339","text":"Default Rephrase","type":"MA","timestamp":"2023-11-09 14:28:37"},{"nodeID":"1362340","text":"Restating","type":"YA","timestamp":"2023-11-09 14:28:37"},{"nodeID":"1362341","text":"Analysing","type":"YA","timestamp":"2023-11-09 14:28:37"},{"nodeID":"1362342","text":"Asserting","type":"YA","timestamp":"2023-11-09 14:28:37"},{"nodeID":"1362343","text":"Default Rephrase","type":"MA","timestamp":"2023-11-09 14:28:37"},{"nodeID":"1362344","text":"Analysing","type":"YA","timestamp":"2023-11-09 14:28:37"},{"nodeID":"1362345","text":"Asserting","type":"YA","timestamp":"2023-11-09 14:28:37"},{"nodeID":"1362346","text":"Default Transition","type":"TA","timestamp":"2023-11-09 14:28:37"},{"nodeID":"1362347","text":"Default Rephrase","type":"MA","timestamp":"2023-11-09 14:28:37"},{"nodeID":"1362348","text":"Restating","type":"YA","timestamp":"2023-11-09 14:28:37"},{"nodeID":"1362349","text":"Analysing","type":"YA","timestamp":"2023-11-09 14:28:37"},{"nodeID":"1362350","text":"Asserting","type":"YA","timestamp":"2023-11-09 14:28:37"},{"nodeID":"1362351","text":"Default Transition","type":"TA","timestamp":"2023-11-09 14:28:37"},{"nodeID":"1362352","text":"Default Transition","type":"TA","timestamp":"2023-11-09 14:28:37"},{"nodeID":"1362353","text":"Default Illocuting","type":"YA","timestamp":"2023-11-09 14:28:37"},{"nodeID":"1362354","text":"Analysing","type":"YA","timestamp":"2023-11-09 14:28:37"},{"nodeID":"1362355","text":"Asserting","type":"YA","timestamp":"2023-11-09 14:28:37"},{"nodeID":"1362356","text":"Default Transition","type":"TA","timestamp":"2023-11-09 14:28:37"},{"nodeID":"1362357","text":"Default Inference","type":"RA","timestamp":"2023-11-09 14:28:37"},{"nodeID":"1362358","text":"Arguing","type":"YA","timestamp":"2023-11-09 14:28:37"},{"nodeID":"1362359","text":"Analysing","type":"YA","timestamp":"2023-11-09 14:28:37"},{"nodeID":"1362360","text":"Asserting","type":"YA","timestamp":"2023-11-09 14:28:37"},{"nodeID":"1362361","text":"Default Transition","type":"TA","timestamp":"2023-11-09 14:28:37"},{"nodeID":"1362362","text":"Default Conflict","type":"CA","timestamp":"2023-11-09 14:28:37"},{"nodeID":"1362363","text":"Disagreeing","type":"YA","timestamp":"2023-11-09 14:28:37"},{"nodeID":"1362364","text":"Agreeing","type":"YA","timestamp":"2023-11-09 14:28:37"},{"nodeID":"1362365","text":"Analysing","type":"YA","timestamp":"2023-11-09 14:28:37"},{"nodeID":"1362366","text":"Anon: AudienceMember 20230126QT20: they are getting paid inflation rates","type":"L","timestamp":"2023-11-09 14:28:37"},{"nodeID":"1362367","text":"Asserting","type":"YA","timestamp":"2023-11-09 14:28:37"},{"nodeID":"1362368","text":"Default Inference","type":"RA","timestamp":"2023-11-09 14:28:37"},{"nodeID":"1362369","text":"Default Inference","type":"RA","timestamp":"2023-11-09 14:28:37"},{"nodeID":"1362370","text":"Default Transition","type":"TA","timestamp":"2023-11-09 14:28:37"},{"nodeID":"1362371","text":"Default Transition","type":"TA","timestamp":"2023-11-09 14:28:37"},{"nodeID":"1362372","text":"Arguing","type":"YA","timestamp":"2023-11-09 14:28:37"},{"nodeID":"1362373","text":"Default Transition","type":"TA","timestamp":"2023-11-09 14:28:37"},{"nodeID":"1362374","text":"Arguing","type":"YA","timestamp":"2023-11-09 14:28:37"},{"nodeID":"1362375","text":"Default Transition","type":"TA","timestamp":"2023-11-09 14:28:37"}],"edges":[{"edgeID":"1782964","fromID":"1362309","toID":"1362269","formEdgeID":null},{"edgeID":"1782965","fromID":"1362270","toID":"1362309","formEdgeID":null},{"edgeID":"1782966","fromID":"1362269","toID":"1362310","formEdgeID":null},{"edgeID":"1782967","fromID":"1362310","toID":"1362268","formEdgeID":null},{"edgeID":"1782968","fromID":"1362311","toID":"1362272","formEdgeID":null},{"edgeID":"1782969","fromID":"1362273","toID":"1362311","formEdgeID":null},{"edgeID":"1782970","fromID":"1362272","toID":"1362312","formEdgeID":null},{"edgeID":"1782971","fromID":"1362312","toID":"1362271","formEdgeID":null},{"edgeID":"1782972","fromID":"1362271","toID":"1362313","formEdgeID":null},{"edgeID":"1782973","fromID":"1362313","toID":"1362268","formEdgeID":null},{"edgeID":"1782974","fromID":"1362269","toID":"1362314","formEdgeID":null},{"edgeID":"1782975","fromID":"1362314","toID":"1362272","formEdgeID":null},{"edgeID":"1782976","fromID":"1362314","toID":"1362315","formEdgeID":null},{"edgeID":"1782977","fromID":"1362315","toID":"1362313","formEdgeID":null},{"edgeID":"1782978","fromID":"1362316","toID":"1362275","formEdgeID":null},{"edgeID":"1782979","fromID":"1362276","toID":"1362316","formEdgeID":null},{"edgeID":"1782980","fromID":"1362275","toID":"1362317","formEdgeID":null},{"edgeID":"1782981","fromID":"1362317","toID":"1362274","formEdgeID":null},{"edgeID":"1782982","fromID":"1362272","toID":"1362318","formEdgeID":null},{"edgeID":"1782983","fromID":"1362318","toID":"1362275","formEdgeID":null},{"edgeID":"1782984","fromID":"1362320","toID":"1362267","formEdgeID":null},{"edgeID":"1782985","fromID":"1362277","toID":"1362320","formEdgeID":null},{"edgeID":"1782986","fromID":"1362267","toID":"1362321","formEdgeID":null},{"edgeID":"1782987","fromID":"1362321","toID":"1362319","formEdgeID":null},{"edgeID":"1782988","fromID":"1362275","toID":"1362322","formEdgeID":null},{"edgeID":"1782989","fromID":"1362322","toID":"1362267","formEdgeID":null},{"edgeID":"1782990","fromID":"1362319","toID":"1362323","formEdgeID":null},{"edgeID":"1782991","fromID":"1362323","toID":"1362274","formEdgeID":null},{"edgeID":"1782992","fromID":"1362322","toID":"1362324","formEdgeID":null},{"edgeID":"1782993","fromID":"1362324","toID":"1362323","formEdgeID":null},{"edgeID":"1782994","fromID":"1362325","toID":"1362278","formEdgeID":null},{"edgeID":"1782995","fromID":"1362279","toID":"1362325","formEdgeID":null},{"edgeID":"1782996","fromID":"1362267","toID":"1362326","formEdgeID":null},{"edgeID":"1782997","fromID":"1362326","toID":"1362278","formEdgeID":null},{"edgeID":"1782998","fromID":"1362327","toID":"1362283","formEdgeID":null},{"edgeID":"1782999","fromID":"1362284","toID":"1362327","formEdgeID":null},{"edgeID":"1783000","fromID":"1362283","toID":"1362328","formEdgeID":null},{"edgeID":"1783001","fromID":"1362328","toID":"1362282","formEdgeID":null},{"edgeID":"1783002","fromID":"1362329","toID":"1362286","formEdgeID":null},{"edgeID":"1783003","fromID":"1362287","toID":"1362329","formEdgeID":null},{"edgeID":"1783004","fromID":"1362286","toID":"1362330","formEdgeID":null},{"edgeID":"1783005","fromID":"1362330","toID":"1362285","formEdgeID":null},{"edgeID":"1783006","fromID":"1362331","toID":"1362289","formEdgeID":null},{"edgeID":"1783007","fromID":"1362290","toID":"1362331","formEdgeID":null},{"edgeID":"1783008","fromID":"1362289","toID":"1362332","formEdgeID":null},{"edgeID":"1783009","fromID":"1362332","toID":"1362288","formEdgeID":null},{"edgeID":"1783010","fromID":"1362286","toID":"1362333","formEdgeID":null},{"edgeID":"1783011","fromID":"1362333","toID":"1362289","formEdgeID":null},{"edgeID":"1783012","fromID":"1362288","toID":"1362334","formEdgeID":null},{"edgeID":"1783013","fromID":"1362334","toID":"1362282","formEdgeID":null},{"edgeID":"1783014","fromID":"1362333","toID":"1362335","formEdgeID":null},{"edgeID":"1783015","fromID":"1362335","toID":"1362334","formEdgeID":null},{"edgeID":"1783016","fromID":"1362336","toID":"1362292","formEdgeID":null},{"edgeID":"1783017","fromID":"1362293","toID":"1362336","formEdgeID":null},{"edgeID":"1783018","fromID":"1362292","toID":"1362337","formEdgeID":null},{"edgeID":"1783019","fromID":"1362337","toID":"1362291","formEdgeID":null},{"edgeID":"1783020","fromID":"1362289","toID":"1362338","formEdgeID":null},{"edgeID":"1783021","fromID":"1362338","toID":"1362292","formEdgeID":null},{"edgeID":"1783022","fromID":"1362291","toID":"1362339","formEdgeID":null},{"edgeID":"1783023","fromID":"1362339","toID":"1362288","formEdgeID":null},{"edgeID":"1783024","fromID":"1362338","toID":"1362340","formEdgeID":null},{"edgeID":"1783025","fromID":"1362340","toID":"1362339","formEdgeID":null},{"edgeID":"1783026","fromID":"1362341","toID":"1362295","formEdgeID":null},{"edgeID":"1783027","fromID":"1362296","toID":"1362341","formEdgeID":null},{"edgeID":"1783028","fromID":"1362295","toID":"1362342","formEdgeID":null},{"edgeID":"1783029","fromID":"1362342","toID":"1362294","formEdgeID":null},{"edgeID":"1783030","fromID":"1362294","toID":"1362343","formEdgeID":null},{"edgeID":"1783031","fromID":"1362343","toID":"1362291","formEdgeID":null},{"edgeID":"1783032","fromID":"1362344","toID":"1362298","formEdgeID":null},{"edgeID":"1783033","fromID":"1362299","toID":"1362344","formEdgeID":null},{"edgeID":"1783034","fromID":"1362298","toID":"1362345","formEdgeID":null},{"edgeID":"1783035","fromID":"1362345","toID":"1362297","formEdgeID":null},{"edgeID":"1783036","fromID":"1362295","toID":"1362346","formEdgeID":null},{"edgeID":"1783037","fromID":"1362346","toID":"1362298","formEdgeID":null},{"edgeID":"1783038","fromID":"1362297","toID":"1362347","formEdgeID":null},{"edgeID":"1783039","fromID":"1362347","toID":"1362294","formEdgeID":null},{"edgeID":"1783040","fromID":"1362346","toID":"1362348","formEdgeID":null},{"edgeID":"1783041","fromID":"1362348","toID":"1362347","formEdgeID":null},{"edgeID":"1783042","fromID":"1362349","toID":"1362301","formEdgeID":null},{"edgeID":"1783043","fromID":"1362302","toID":"1362349","formEdgeID":null},{"edgeID":"1783044","fromID":"1362301","toID":"1362350","formEdgeID":null},{"edgeID":"1783045","fromID":"1362350","toID":"1362300","formEdgeID":null},{"edgeID":"1783046","fromID":"1362298","toID":"1362351","formEdgeID":null},{"edgeID":"1783047","fromID":"1362351","toID":"1362301","formEdgeID":null},{"edgeID":"1783048","fromID":"1362292","toID":"1362352","formEdgeID":null},{"edgeID":"1783049","fromID":"1362352","toID":"1362295","formEdgeID":null},{"edgeID":"1783050","fromID":"1362352","toID":"1362353","formEdgeID":null},{"edgeID":"1783051","fromID":"1362353","toID":"1362343","formEdgeID":null},{"edgeID":"1783052","fromID":"1362354","toID":"1362304","formEdgeID":null},{"edgeID":"1783053","fromID":"1362305","toID":"1362354","formEdgeID":null},{"edgeID":"1783054","fromID":"1362304","toID":"1362355","formEdgeID":null},{"edgeID":"1783055","fromID":"1362355","toID":"1362303","formEdgeID":null},{"edgeID":"1783056","fromID":"1362301","toID":"1362356","formEdgeID":null},{"edgeID":"1783057","fromID":"1362356","toID":"1362304","formEdgeID":null},{"edgeID":"1783058","fromID":"1362300","toID":"1362357","formEdgeID":null},{"edgeID":"1783059","fromID":"1362357","toID":"1362297","formEdgeID":null},{"edgeID":"1783060","fromID":"1362351","toID":"1362358","formEdgeID":null},{"edgeID":"1783061","fromID":"1362358","toID":"1362357","formEdgeID":null},{"edgeID":"1783062","fromID":"1362359","toID":"1362307","formEdgeID":null},{"edgeID":"1783063","fromID":"1362308","toID":"1362359","formEdgeID":null},{"edgeID":"1783064","fromID":"1362307","toID":"1362360","formEdgeID":null},{"edgeID":"1783065","fromID":"1362360","toID":"1362306","formEdgeID":null},{"edgeID":"1783066","fromID":"1362304","toID":"1362361","formEdgeID":null},{"edgeID":"1783067","fromID":"1362361","toID":"1362307","formEdgeID":null},{"edgeID":"1783068","fromID":"1362306","toID":"1362362","formEdgeID":null},{"edgeID":"1783069","fromID":"1362362","toID":"1362303","formEdgeID":null},{"edgeID":"1783070","fromID":"1362361","toID":"1362363","formEdgeID":null},{"edgeID":"1783071","fromID":"1362363","toID":"1362362","formEdgeID":null},{"edgeID":"1783072","fromID":"1362326","toID":"1362364","formEdgeID":null},{"edgeID":"1783073","fromID":"1362364","toID":"1362319","formEdgeID":null},{"edgeID":"1783074","fromID":"1362365","toID":"1362281","formEdgeID":null},{"edgeID":"1783075","fromID":"1362366","toID":"1362365","formEdgeID":null},{"edgeID":"1783076","fromID":"1362281","toID":"1362367","formEdgeID":null},{"edgeID":"1783077","fromID":"1362367","toID":"1362280","formEdgeID":null},{"edgeID":"1783078","fromID":"1362280","toID":"1362368","formEdgeID":null},{"edgeID":"1783079","fromID":"1362368","toID":"1362282","formEdgeID":null},{"edgeID":"1783080","fromID":"1362280","toID":"1362369","formEdgeID":null},{"edgeID":"1783081","fromID":"1362369","toID":"1362285","formEdgeID":null},{"edgeID":"1783082","fromID":"1362278","toID":"1362370","formEdgeID":null},{"edgeID":"1783083","fromID":"1362370","toID":"1362281","formEdgeID":null},{"edgeID":"1783084","fromID":"1362281","toID":"1362371","formEdgeID":null},{"edgeID":"1783085","fromID":"1362371","toID":"1362283","formEdgeID":null},{"edgeID":"1783086","fromID":"1362371","toID":"1362372","formEdgeID":null},{"edgeID":"1783087","fromID":"1362372","toID":"1362368","formEdgeID":null},{"edgeID":"1783088","fromID":"1362281","toID":"1362373","formEdgeID":null},{"edgeID":"1783089","fromID":"1362373","toID":"1362286","formEdgeID":null},{"edgeID":"1783090","fromID":"1362373","toID":"1362374","formEdgeID":null},{"edgeID":"1783091","fromID":"1362374","toID":"1362369","formEdgeID":null},{"edgeID":"1783092","fromID":"1362283","toID":"1362375","formEdgeID":null},{"edgeID":"1783093","fromID":"1362375","toID":"1362286","formEdgeID":null}],"locutions":[]}