{"nodes":[{"nodeID":"1359345","text":"almost every week on Question Time the Government representative says we've been hiring all of these people","type":"I","timestamp":"2023-11-09 14:24:04"},{"nodeID":"1359346","text":"Analysing","type":"YA","timestamp":"2023-11-09 14:24:04"},{"nodeID":"1359347","text":"AudienceMember 20230126QT12: Almost every week on Question Time the Government representative says we've been hiring all of these people","type":"L","timestamp":"2023-11-09 14:24:04"},{"nodeID":"1359348","text":"Chris: AudienceMember 20230126QT12: Almost every week on Question Time the Government representative says we've been hiring all of these people","type":"L","timestamp":"2023-11-09 14:24:04"},{"nodeID":"1359349","text":"on Question Time most weeks the government representatives claim to be increasing this number or increasing that number","type":"I","timestamp":"2023-11-09 14:24:05"},{"nodeID":"1359350","text":"AudienceMember 20230126QT12: we're increasing this number or increasing that number","type":"L","timestamp":"2023-11-09 14:24:05"},{"nodeID":"1359351","text":"Chris: AudienceMember 20230126QT12: we're increasing this number or increasing that number","type":"L","timestamp":"2023-11-09 14:24:05"},{"nodeID":"1359352","text":"Analysing","type":"YA","timestamp":"2023-11-09 14:24:05"},{"nodeID":"1359353","text":"Asserting","type":"YA","timestamp":"2023-11-09 14:24:05"},{"nodeID":"1359354","text":"Default Transition","type":"TA","timestamp":"2023-11-09 14:24:05"},{"nodeID":"1359355","text":"Asserting","type":"YA","timestamp":"2023-11-09 14:24:05"},{"nodeID":"1359356","text":"Restating","type":"YA","timestamp":"2023-11-09 14:24:05"},{"nodeID":"1359357","text":"Default Rephrase","type":"MA","timestamp":"2023-11-09 14:24:05"},{"nodeID":"1359358","text":"increasing new hires is completely irrelevant if the people there are leaving","type":"I","timestamp":"2023-11-09 14:24:06"},{"nodeID":"1359359","text":"Analysing","type":"YA","timestamp":"2023-11-09 14:24:06"},{"nodeID":"1359360","text":"AudienceMember 20230126QT12: that is completely irrelevant if the people there are leaving","type":"L","timestamp":"2023-11-09 14:24:06"},{"nodeID":"1359361","text":"Chris: AudienceMember 20230126QT12: that is completely irrelevant if the people there are leaving","type":"L","timestamp":"2023-11-09 14:24:06"},{"nodeID":"1359362","text":"Asserting","type":"YA","timestamp":"2023-11-09 14:24:06"},{"nodeID":"1359363","text":"Default Transition","type":"TA","timestamp":"2023-11-09 14:24:06"},{"nodeID":"1359364","text":"Default Conflict","type":"CA","timestamp":"2023-11-09 14:24:06"},{"nodeID":"1359365","text":"if you're only filling the people that are leaving, it's not improving the situation","type":"I","timestamp":"2023-11-09 14:24:07"},{"nodeID":"1359366","text":"Analysing","type":"YA","timestamp":"2023-11-09 14:24:07"},{"nodeID":"1359367","text":"Chris: AudienceMember 20230126QT12: If you're only filling the people that are leaving, it's not improving the situation","type":"L","timestamp":"2023-11-09 14:24:07"},{"nodeID":"1359368","text":"AudienceMember 20230126QT12: If you're only filling the people that are leaving, it's not improving the situation","type":"L","timestamp":"2023-11-09 14:24:07"},{"nodeID":"1359369","text":"Asserting","type":"YA","timestamp":"2023-11-09 14:24:07"},{"nodeID":"1359370","text":"Default Transition","type":"TA","timestamp":"2023-11-09 14:24:07"},{"nodeID":"1359371","text":"Default Inference","type":"RA","timestamp":"2023-11-09 14:24:07"},{"nodeID":"1359372","text":"Arguing","type":"YA","timestamp":"2023-11-09 14:24:07"},{"nodeID":"1359373","text":"there are actually more doctors and more nurses now than there were let's say in 2019","type":"I","timestamp":"2023-11-09 14:24:08"},{"nodeID":"1359374","text":"Fiona Bruce: there are actually more doctors and more nurses now than there were let's say in 2019","type":"L","timestamp":"2023-11-09 14:24:08"},{"nodeID":"1359375","text":"Chris: Fiona Bruce: there are actually more doctors and more nurses now than there were let's say in 2019","type":"L","timestamp":"2023-11-09 14:24:08"},{"nodeID":"1359376","text":"Analysing","type":"YA","timestamp":"2023-11-09 14:24:08"},{"nodeID":"1359377","text":"Asserting","type":"YA","timestamp":"2023-11-09 14:24:08"},{"nodeID":"1359378","text":"Default Transition","type":"TA","timestamp":"2023-11-09 14:24:08"},{"nodeID":"1359379","text":"Default Conflict","type":"CA","timestamp":"2023-11-09 14:24:08"},{"nodeID":"1359380","text":"Disagreeing","type":"YA","timestamp":"2023-11-09 14:24:08"},{"nodeID":"1359381","text":"there is greater NHS staffing despite how it feels to so many of us","type":"I","timestamp":"2023-11-09 14:24:08"},{"nodeID":"1359382","text":"Chris: Fiona Bruce: despite how it feels to so many of us","type":"L","timestamp":"2023-11-09 14:24:08"},{"nodeID":"1359383","text":"Asserting","type":"YA","timestamp":"2023-11-09 14:24:08"},{"nodeID":"1359384","text":"Analysing","type":"YA","timestamp":"2023-11-09 14:24:08"},{"nodeID":"1359385","text":"Fiona Bruce: despite how it feels to so many of us","type":"L","timestamp":"2023-11-09 14:24:08"},{"nodeID":"1359386","text":"Default Transition","type":"TA","timestamp":"2023-11-09 14:24:08"},{"nodeID":"1359387","text":"Default Conflict","type":"CA","timestamp":"2023-11-09 14:24:08"},{"nodeID":"1359388","text":"Disagreeing","type":"YA","timestamp":"2023-11-09 14:24:08"},{"nodeID":"1359389","text":"despite the numbers of people leaving","type":"I","timestamp":"2023-11-09 14:24:09"},{"nodeID":"1359390","text":"Analysing","type":"YA","timestamp":"2023-11-09 14:24:09"},{"nodeID":"1359391","text":"Fiona Bruce: Despite the numbers of people leaving","type":"L","timestamp":"2023-11-09 14:24:09"},{"nodeID":"1359392","text":"Chris: Fiona Bruce: Despite the numbers of people leaving","type":"L","timestamp":"2023-11-09 14:24:09"},{"nodeID":"1359393","text":"Asserting","type":"YA","timestamp":"2023-11-09 14:24:09"},{"nodeID":"1359394","text":"Default Transition","type":"TA","timestamp":"2023-11-09 14:24:09"},{"nodeID":"1359395","text":"Default Rephrase","type":"MA","timestamp":"2023-11-09 14:24:09"},{"nodeID":"1359396","text":"Restating","type":"YA","timestamp":"2023-11-09 14:24:09"},{"nodeID":"1359397","text":"Analysing","type":"YA","timestamp":"2023-11-09 14:24:09"},{"nodeID":"1359398","text":"Alex Chalk: there are more","type":"L","timestamp":"2023-11-09 14:24:09"},{"nodeID":"1359399","text":"Chris: Alex Chalk: there are more","type":"L","timestamp":"2023-11-09 14:24:09"},{"nodeID":"1359400","text":"Default Transition","type":"TA","timestamp":"2023-11-09 14:24:09"},{"nodeID":"1359401","text":"Agreeing","type":"YA","timestamp":"2023-11-09 14:24:09"},{"nodeID":"1359402","text":"unfortunately AudienceMember20230126QT13 has been in and out of hospitals in the Birmingham area for the last two and a half years for various different conditions","type":"I","timestamp":"2023-11-09 14:24:10"},{"nodeID":"1359403","text":"AudienceMember 20230126QT13: Unfortunately I've been in and out of hospitals in the Birmingham area for the last two and a half years for various different conditions","type":"L","timestamp":"2023-11-09 14:24:10"},{"nodeID":"1359404","text":"Analysing","type":"YA","timestamp":"2023-11-09 14:24:10"},{"nodeID":"1359405","text":"Chris: AudienceMember 20230126QT13: Unfortunately I've been in and out of hospitals in the Birmingham area for the last two and a half years for various different conditions","type":"L","timestamp":"2023-11-09 14:24:10"},{"nodeID":"1359406","text":"Asserting","type":"YA","timestamp":"2023-11-09 14:24:10"},{"nodeID":"1359407","text":"Default Transition","type":"TA","timestamp":"2023-11-09 14:24:10"},{"nodeID":"1359408","text":"the last time AudienceMember20230126QT13 was in hospital was in August","type":"I","timestamp":"2023-11-09 14:24:11"},{"nodeID":"1359409","text":"AudienceMember 20230126QT13: the last time was in August","type":"L","timestamp":"2023-11-09 14:24:11"},{"nodeID":"1359410","text":"Analysing","type":"YA","timestamp":"2023-11-09 14:24:11"},{"nodeID":"1359411","text":"Chris: AudienceMember 20230126QT13: the last time was in August","type":"L","timestamp":"2023-11-09 14:24:11"},{"nodeID":"1359412","text":"Asserting","type":"YA","timestamp":"2023-11-09 14:24:11"},{"nodeID":"1359413","text":"Default Transition","type":"TA","timestamp":"2023-11-09 14:24:11"},{"nodeID":"1359414","text":"Default Rephrase","type":"MA","timestamp":"2023-11-09 14:24:11"},{"nodeID":"1359415","text":"Restating","type":"YA","timestamp":"2023-11-09 14:24:11"},{"nodeID":"1359416","text":"AudienceMember20230126QT13 was in Solihull Hospital on a ward with 27 patients and there were 2 nurses on the nightshift","type":"I","timestamp":"2023-11-09 14:24:11"},{"nodeID":"1359417","text":"AudienceMember 20230126QT13:  I was in Solihull Hospital on a ward with 27 patients and there were 2 nurses on the nightshift","type":"L","timestamp":"2023-11-09 14:24:11"},{"nodeID":"1359418","text":"Analysing","type":"YA","timestamp":"2023-11-09 14:24:11"},{"nodeID":"1359419","text":"Chris: AudienceMember 20230126QT13:  I was in Solihull Hospital on a ward with 27 patients and there were 2 nurses on the nightshift","type":"L","timestamp":"2023-11-09 14:24:11"},{"nodeID":"1359420","text":"Asserting","type":"YA","timestamp":"2023-11-09 14:24:11"},{"nodeID":"1359421","text":"Default Transition","type":"TA","timestamp":"2023-11-09 14:24:11"},{"nodeID":"1359422","text":"Default Rephrase","type":"MA","timestamp":"2023-11-09 14:24:11"},{"nodeID":"1359423","text":"Restating","type":"YA","timestamp":"2023-11-09 14:24:11"},{"nodeID":"1359424","text":"the nurses were a man and a woman","type":"I","timestamp":"2023-11-09 14:24:12"},{"nodeID":"1359425","text":"AudienceMember 20230126QT13: A man and a woman","type":"L","timestamp":"2023-11-09 14:24:12"},{"nodeID":"1359426","text":"Analysing","type":"YA","timestamp":"2023-11-09 14:24:12"},{"nodeID":"1359427","text":"Chris: AudienceMember 20230126QT13: A man and a woman","type":"L","timestamp":"2023-11-09 14:24:12"},{"nodeID":"1359428","text":"Asserting","type":"YA","timestamp":"2023-11-09 14:24:12"},{"nodeID":"1359429","text":"Default Transition","type":"TA","timestamp":"2023-11-09 14:24:12"},{"nodeID":"1359430","text":"Default Rephrase","type":"MA","timestamp":"2023-11-09 14:24:12"},{"nodeID":"1359431","text":"Restating","type":"YA","timestamp":"2023-11-09 14:24:12"},{"nodeID":"1359432","text":"both of the nurses got attacked by other patients during the night","type":"I","timestamp":"2023-11-09 14:24:13"},{"nodeID":"1359433","text":"AudienceMember 20230126QT13: both of them got attacked by other patients during the night","type":"L","timestamp":"2023-11-09 14:24:13"},{"nodeID":"1359434","text":"Analysing","type":"YA","timestamp":"2023-11-09 14:24:13"},{"nodeID":"1359435","text":"Chris: AudienceMember 20230126QT13: both of them got attacked by other patients during the night","type":"L","timestamp":"2023-11-09 14:24:13"},{"nodeID":"1359436","text":"Asserting","type":"YA","timestamp":"2023-11-09 14:24:13"},{"nodeID":"1359437","text":"Default Rephrase","type":"MA","timestamp":"2023-11-09 14:24:13"},{"nodeID":"1359438","text":"Default Transition","type":"TA","timestamp":"2023-11-09 14:24:13"},{"nodeID":"1359439","text":"Restating","type":"YA","timestamp":"2023-11-09 14:24:13"},{"nodeID":"1359440","text":"AudienceMember20230126QT13 ended up helping the nurses","type":"I","timestamp":"2023-11-09 14:24:14"},{"nodeID":"1359441","text":"AudienceMember 20230126QT13:  I ended up helping them","type":"L","timestamp":"2023-11-09 14:24:14"},{"nodeID":"1359442","text":"Analysing","type":"YA","timestamp":"2023-11-09 14:24:14"},{"nodeID":"1359443","text":"Chris: AudienceMember 20230126QT13:  I ended up helping them","type":"L","timestamp":"2023-11-09 14:24:14"},{"nodeID":"1359444","text":"Asserting","type":"YA","timestamp":"2023-11-09 14:24:14"},{"nodeID":"1359445","text":"Default Transition","type":"TA","timestamp":"2023-11-09 14:24:14"},{"nodeID":"1359446","text":"Default Rephrase","type":"MA","timestamp":"2023-11-09 14:24:14"},{"nodeID":"1359447","text":"Restating","type":"YA","timestamp":"2023-11-09 14:24:14"},{"nodeID":"1359448","text":"the nurses just couldn't cope","type":"I","timestamp":"2023-11-09 14:24:15"},{"nodeID":"1359449","text":"AudienceMember 20230126QT13: they just couldn't cope","type":"L","timestamp":"2023-11-09 14:24:15"},{"nodeID":"1359450","text":"Analysing","type":"YA","timestamp":"2023-11-09 14:24:15"},{"nodeID":"1359451","text":"Chris: AudienceMember 20230126QT13: they just couldn't cope","type":"L","timestamp":"2023-11-09 14:24:15"},{"nodeID":"1359452","text":"Asserting","type":"YA","timestamp":"2023-11-09 14:24:15"},{"nodeID":"1359453","text":"Default Transition","type":"TA","timestamp":"2023-11-09 14:24:15"},{"nodeID":"1359454","text":"Default Inference","type":"RA","timestamp":"2023-11-09 14:24:15"},{"nodeID":"1359455","text":"Arguing","type":"YA","timestamp":"2023-11-09 14:24:15"},{"nodeID":"1359456","text":"the female nurse doesn't think she's coming back tonight","type":"I","timestamp":"2023-11-09 14:24:15"},{"nodeID":"1359457","text":"AudienceMember 20230126QT13: the female nurse in the morning said to me I don't think I'm coming back tonight","type":"L","timestamp":"2023-11-09 14:24:15"},{"nodeID":"1359458","text":"Analysing","type":"YA","timestamp":"2023-11-09 14:24:15"},{"nodeID":"1359459","text":"Chris: AudienceMember 20230126QT13: the female nurse in the morning said to me I don't think I'm coming back tonight","type":"L","timestamp":"2023-11-09 14:24:15"},{"nodeID":"1359460","text":"Female Nurse: I don't think I'm coming back tonight","type":"L","timestamp":"2023-11-09 14:24:15"},{"nodeID":"1359461","text":"Analysing","type":"YA","timestamp":"2023-11-09 14:24:15"},{"nodeID":"1359462","text":"Chris: Female Nurse: I don't think I'm coming back tonight","type":"L","timestamp":"2023-11-09 14:24:15"},{"nodeID":"1359463","text":"Asserting","type":"YA","timestamp":"2023-11-09 14:24:15"},{"nodeID":"1359464","text":"Asserting","type":"YA","timestamp":"2023-11-09 14:24:15"},{"nodeID":"1359465","text":"Default Transition","type":"TA","timestamp":"2023-11-09 14:24:15"},{"nodeID":"1359466","text":"the female nurse can't take it anymore","type":"I","timestamp":"2023-11-09 14:24:16"},{"nodeID":"1359467","text":"AudienceMember 20230126QT13: I can't take it anymore","type":"L","timestamp":"2023-11-09 14:24:16"},{"nodeID":"1359468","text":"Analysing","type":"YA","timestamp":"2023-11-09 14:24:16"},{"nodeID":"1359469","text":"Chris: AudienceMember 20230126QT13: I can't take it anymore","type":"L","timestamp":"2023-11-09 14:24:16"},{"nodeID":"1359470","text":"Female Nurse: I can't take it anymore","type":"L","timestamp":"2023-11-09 14:24:16"},{"nodeID":"1359471","text":"Analysing","type":"YA","timestamp":"2023-11-09 14:24:16"},{"nodeID":"1359472","text":"Chris: Female Nurse: I can't take it anymore","type":"L","timestamp":"2023-11-09 14:24:16"},{"nodeID":"1359473","text":"Asserting","type":"YA","timestamp":"2023-11-09 14:24:16"},{"nodeID":"1359474","text":"Asserting","type":"YA","timestamp":"2023-11-09 14:24:16"},{"nodeID":"1359475","text":"Default Transition","type":"TA","timestamp":"2023-11-09 14:24:16"},{"nodeID":"1359476","text":"Default Inference","type":"RA","timestamp":"2023-11-09 14:24:16"},{"nodeID":"1359477","text":"Arguing","type":"YA","timestamp":"2023-11-09 14:24:16"},{"nodeID":"1359478","text":"if people are leaving in droves you can hire as many as you want, it's not going to fix the problem","type":"I","timestamp":"2023-11-09 14:24:17"},{"nodeID":"1359479","text":"AudienceMember 20230126QT13: if people are leaving in droves you can hire as many as you want, it's not going to fix the problem","type":"L","timestamp":"2023-11-09 14:24:17"},{"nodeID":"1359480","text":"Analysing","type":"YA","timestamp":"2023-11-09 14:24:17"},{"nodeID":"1359481","text":"Chris: AudienceMember 20230126QT13: if people are leaving in droves you can hire as many as you want, it's not going to fix the problem","type":"L","timestamp":"2023-11-09 14:24:17"},{"nodeID":"1359482","text":"Asserting","type":"YA","timestamp":"2023-11-09 14:24:17"},{"nodeID":"1359483","text":"Default Transition","type":"TA","timestamp":"2023-11-09 14:24:17"},{"nodeID":"1359484","text":"Default Transition","type":"TA","timestamp":"2023-11-09 14:24:17"},{"nodeID":"1359485","text":"Default Rephrase","type":"MA","timestamp":"2023-11-09 14:24:17"},{"nodeID":"1359486","text":"Restating","type":"YA","timestamp":"2023-11-09 14:24:17"},{"nodeID":"1359487","text":"what you've got to do is keep the staff we've got","type":"I","timestamp":"2023-11-09 14:24:18"},{"nodeID":"1359488","text":"AudienceMember 20230126QT13: What you've got to do is keep the staff we've got","type":"L","timestamp":"2023-11-09 14:24:18"},{"nodeID":"1359489","text":"Analysing","type":"YA","timestamp":"2023-11-09 14:24:18"},{"nodeID":"1359490","text":"Chris: AudienceMember 20230126QT13: What you've got to do is keep the staff we've got","type":"L","timestamp":"2023-11-09 14:24:18"},{"nodeID":"1359491","text":"Asserting","type":"YA","timestamp":"2023-11-09 14:24:18"},{"nodeID":"1359492","text":"Default Transition","type":"TA","timestamp":"2023-11-09 14:24:18"},{"nodeID":"1359493","text":"Default Inference","type":"RA","timestamp":"2023-11-09 14:24:18"},{"nodeID":"1359494","text":"Arguing","type":"YA","timestamp":"2023-11-09 14:24:18"},{"nodeID":"1359495","text":"Disagreeing","type":"YA","timestamp":"2023-11-09 14:24:18"}],"edges":[{"edgeID":"1779462","fromID":"1359346","toID":"1359347","formEdgeID":null},{"edgeID":"1779463","fromID":"1359348","toID":"1359346","formEdgeID":null},{"edgeID":"1779464","fromID":"1359352","toID":"1359350","formEdgeID":null},{"edgeID":"1779465","fromID":"1359351","toID":"1359352","formEdgeID":null},{"edgeID":"1779466","fromID":"1359350","toID":"1359353","formEdgeID":null},{"edgeID":"1779467","fromID":"1359353","toID":"1359349","formEdgeID":null},{"edgeID":"1779468","fromID":"1359347","toID":"1359354","formEdgeID":null},{"edgeID":"1779469","fromID":"1359354","toID":"1359350","formEdgeID":null},{"edgeID":"1779470","fromID":"1359347","toID":"1359355","formEdgeID":null},{"edgeID":"1779471","fromID":"1359355","toID":"1359345","formEdgeID":null},{"edgeID":"1779472","fromID":"1359354","toID":"1359356","formEdgeID":null},{"edgeID":"1779473","fromID":"1359357","toID":"1359345","formEdgeID":null},{"edgeID":"1779474","fromID":"1359356","toID":"1359357","formEdgeID":null},{"edgeID":"1779475","fromID":"1359349","toID":"1359357","formEdgeID":null},{"edgeID":"1779476","fromID":"1359359","toID":"1359360","formEdgeID":null},{"edgeID":"1779477","fromID":"1359361","toID":"1359359","formEdgeID":null},{"edgeID":"1779478","fromID":"1359360","toID":"1359362","formEdgeID":null},{"edgeID":"1779479","fromID":"1359362","toID":"1359358","formEdgeID":null},{"edgeID":"1779480","fromID":"1359363","toID":"1359360","formEdgeID":null},{"edgeID":"1779481","fromID":"1359350","toID":"1359363","formEdgeID":null},{"edgeID":"1779482","fromID":"1359358","toID":"1359364","formEdgeID":null},{"edgeID":"1779483","fromID":"1359364","toID":"1359349","formEdgeID":null},{"edgeID":"1779484","fromID":"1359366","toID":"1359368","formEdgeID":null},{"edgeID":"1779485","fromID":"1359367","toID":"1359366","formEdgeID":null},{"edgeID":"1779486","fromID":"1359368","toID":"1359369","formEdgeID":null},{"edgeID":"1779487","fromID":"1359369","toID":"1359365","formEdgeID":null},{"edgeID":"1779488","fromID":"1359370","toID":"1359368","formEdgeID":null},{"edgeID":"1779489","fromID":"1359360","toID":"1359370","formEdgeID":null},{"edgeID":"1779490","fromID":"1359365","toID":"1359371","formEdgeID":null},{"edgeID":"1779491","fromID":"1359371","toID":"1359358","formEdgeID":null},{"edgeID":"1779492","fromID":"1359370","toID":"1359372","formEdgeID":null},{"edgeID":"1779493","fromID":"1359372","toID":"1359371","formEdgeID":null},{"edgeID":"1779494","fromID":"1359376","toID":"1359374","formEdgeID":null},{"edgeID":"1779495","fromID":"1359375","toID":"1359376","formEdgeID":null},{"edgeID":"1779496","fromID":"1359374","toID":"1359377","formEdgeID":null},{"edgeID":"1779497","fromID":"1359377","toID":"1359373","formEdgeID":null},{"edgeID":"1779498","fromID":"1359378","toID":"1359374","formEdgeID":null},{"edgeID":"1779499","fromID":"1359368","toID":"1359378","formEdgeID":null},{"edgeID":"1779500","fromID":"1359379","toID":"1359365","formEdgeID":null},{"edgeID":"1779501","fromID":"1359373","toID":"1359379","formEdgeID":null},{"edgeID":"1779502","fromID":"1359378","toID":"1359380","formEdgeID":null},{"edgeID":"1779503","fromID":"1359380","toID":"1359379","formEdgeID":null},{"edgeID":"1779504","fromID":"1359382","toID":"1359384","formEdgeID":null},{"edgeID":"1779505","fromID":"1359384","toID":"1359385","formEdgeID":null},{"edgeID":"1779506","fromID":"1359385","toID":"1359383","formEdgeID":null},{"edgeID":"1779507","fromID":"1359383","toID":"1359381","formEdgeID":null},{"edgeID":"1779508","fromID":"1359374","toID":"1359386","formEdgeID":null},{"edgeID":"1779509","fromID":"1359386","toID":"1359385","formEdgeID":null},{"edgeID":"1779510","fromID":"1359381","toID":"1359387","formEdgeID":null},{"edgeID":"1779511","fromID":"1359387","toID":"1359373","formEdgeID":null},{"edgeID":"1779512","fromID":"1359388","toID":"1359387","formEdgeID":null},{"edgeID":"1779513","fromID":"1359386","toID":"1359388","formEdgeID":null},{"edgeID":"1779514","fromID":"1359390","toID":"1359391","formEdgeID":null},{"edgeID":"1779515","fromID":"1359392","toID":"1359390","formEdgeID":null},{"edgeID":"1779516","fromID":"1359391","toID":"1359393","formEdgeID":null},{"edgeID":"1779517","fromID":"1359393","toID":"1359389","formEdgeID":null},{"edgeID":"1779518","fromID":"1359374","toID":"1359394","formEdgeID":null},{"edgeID":"1779519","fromID":"1359394","toID":"1359391","formEdgeID":null},{"edgeID":"1779520","fromID":"1359389","toID":"1359395","formEdgeID":null},{"edgeID":"1779521","fromID":"1359395","toID":"1359373","formEdgeID":null},{"edgeID":"1779522","fromID":"1359394","toID":"1359396","formEdgeID":null},{"edgeID":"1779523","fromID":"1359396","toID":"1359395","formEdgeID":null},{"edgeID":"1779524","fromID":"1359397","toID":"1359398","formEdgeID":null},{"edgeID":"1779525","fromID":"1359399","toID":"1359397","formEdgeID":null},{"edgeID":"1779526","fromID":"1359400","toID":"1359398","formEdgeID":null},{"edgeID":"1779527","fromID":"1359391","toID":"1359400","formEdgeID":null},{"edgeID":"1779528","fromID":"1359400","toID":"1359401","formEdgeID":null},{"edgeID":"1779529","fromID":"1359401","toID":"1359373","formEdgeID":null},{"edgeID":"1779530","fromID":"1359404","toID":"1359403","formEdgeID":null},{"edgeID":"1779531","fromID":"1359405","toID":"1359404","formEdgeID":null},{"edgeID":"1779532","fromID":"1359403","toID":"1359406","formEdgeID":null},{"edgeID":"1779533","fromID":"1359406","toID":"1359402","formEdgeID":null},{"edgeID":"1779534","fromID":"1359398","toID":"1359407","formEdgeID":null},{"edgeID":"1779535","fromID":"1359407","toID":"1359403","formEdgeID":null},{"edgeID":"1779536","fromID":"1359410","toID":"1359409","formEdgeID":null},{"edgeID":"1779537","fromID":"1359411","toID":"1359410","formEdgeID":null},{"edgeID":"1779538","fromID":"1359409","toID":"1359412","formEdgeID":null},{"edgeID":"1779539","fromID":"1359412","toID":"1359408","formEdgeID":null},{"edgeID":"1779540","fromID":"1359403","toID":"1359413","formEdgeID":null},{"edgeID":"1779541","fromID":"1359413","toID":"1359409","formEdgeID":null},{"edgeID":"1779542","fromID":"1359408","toID":"1359414","formEdgeID":null},{"edgeID":"1779543","fromID":"1359414","toID":"1359402","formEdgeID":null},{"edgeID":"1779544","fromID":"1359413","toID":"1359415","formEdgeID":null},{"edgeID":"1779545","fromID":"1359415","toID":"1359414","formEdgeID":null},{"edgeID":"1779546","fromID":"1359418","toID":"1359417","formEdgeID":null},{"edgeID":"1779547","fromID":"1359419","toID":"1359418","formEdgeID":null},{"edgeID":"1779548","fromID":"1359417","toID":"1359420","formEdgeID":null},{"edgeID":"1779549","fromID":"1359420","toID":"1359416","formEdgeID":null},{"edgeID":"1779550","fromID":"1359409","toID":"1359421","formEdgeID":null},{"edgeID":"1779551","fromID":"1359421","toID":"1359417","formEdgeID":null},{"edgeID":"1779552","fromID":"1359416","toID":"1359422","formEdgeID":null},{"edgeID":"1779553","fromID":"1359422","toID":"1359408","formEdgeID":null},{"edgeID":"1779554","fromID":"1359421","toID":"1359423","formEdgeID":null},{"edgeID":"1779555","fromID":"1359423","toID":"1359422","formEdgeID":null},{"edgeID":"1779556","fromID":"1359426","toID":"1359425","formEdgeID":null},{"edgeID":"1779557","fromID":"1359427","toID":"1359426","formEdgeID":null},{"edgeID":"1779558","fromID":"1359425","toID":"1359428","formEdgeID":null},{"edgeID":"1779559","fromID":"1359428","toID":"1359424","formEdgeID":null},{"edgeID":"1779560","fromID":"1359417","toID":"1359429","formEdgeID":null},{"edgeID":"1779561","fromID":"1359429","toID":"1359425","formEdgeID":null},{"edgeID":"1779562","fromID":"1359424","toID":"1359430","formEdgeID":null},{"edgeID":"1779563","fromID":"1359430","toID":"1359416","formEdgeID":null},{"edgeID":"1779564","fromID":"1359429","toID":"1359431","formEdgeID":null},{"edgeID":"1779565","fromID":"1359431","toID":"1359430","formEdgeID":null},{"edgeID":"1779566","fromID":"1359434","toID":"1359433","formEdgeID":null},{"edgeID":"1779567","fromID":"1359435","toID":"1359434","formEdgeID":null},{"edgeID":"1779568","fromID":"1359433","toID":"1359436","formEdgeID":null},{"edgeID":"1779569","fromID":"1359436","toID":"1359432","formEdgeID":null},{"edgeID":"1779570","fromID":"1359432","toID":"1359437","formEdgeID":null},{"edgeID":"1779571","fromID":"1359437","toID":"1359416","formEdgeID":null},{"edgeID":"1779572","fromID":"1359417","toID":"1359438","formEdgeID":null},{"edgeID":"1779573","fromID":"1359438","toID":"1359433","formEdgeID":null},{"edgeID":"1779574","fromID":"1359438","toID":"1359439","formEdgeID":null},{"edgeID":"1779575","fromID":"1359439","toID":"1359437","formEdgeID":null},{"edgeID":"1779576","fromID":"1359442","toID":"1359441","formEdgeID":null},{"edgeID":"1779577","fromID":"1359443","toID":"1359442","formEdgeID":null},{"edgeID":"1779578","fromID":"1359441","toID":"1359444","formEdgeID":null},{"edgeID":"1779579","fromID":"1359444","toID":"1359440","formEdgeID":null},{"edgeID":"1779580","fromID":"1359433","toID":"1359445","formEdgeID":null},{"edgeID":"1779581","fromID":"1359445","toID":"1359441","formEdgeID":null},{"edgeID":"1779582","fromID":"1359440","toID":"1359446","formEdgeID":null},{"edgeID":"1779583","fromID":"1359446","toID":"1359432","formEdgeID":null},{"edgeID":"1779584","fromID":"1359445","toID":"1359447","formEdgeID":null},{"edgeID":"1779585","fromID":"1359447","toID":"1359446","formEdgeID":null},{"edgeID":"1779586","fromID":"1359450","toID":"1359449","formEdgeID":null},{"edgeID":"1779587","fromID":"1359451","toID":"1359450","formEdgeID":null},{"edgeID":"1779588","fromID":"1359449","toID":"1359452","formEdgeID":null},{"edgeID":"1779589","fromID":"1359452","toID":"1359448","formEdgeID":null},{"edgeID":"1779590","fromID":"1359441","toID":"1359453","formEdgeID":null},{"edgeID":"1779591","fromID":"1359453","toID":"1359449","formEdgeID":null},{"edgeID":"1779592","fromID":"1359448","toID":"1359454","formEdgeID":null},{"edgeID":"1779593","fromID":"1359454","toID":"1359440","formEdgeID":null},{"edgeID":"1779594","fromID":"1359453","toID":"1359455","formEdgeID":null},{"edgeID":"1779595","fromID":"1359455","toID":"1359454","formEdgeID":null},{"edgeID":"1779596","fromID":"1359458","toID":"1359457","formEdgeID":null},{"edgeID":"1779597","fromID":"1359459","toID":"1359458","formEdgeID":null},{"edgeID":"1779598","fromID":"1359461","toID":"1359460","formEdgeID":null},{"edgeID":"1779599","fromID":"1359462","toID":"1359461","formEdgeID":null},{"edgeID":"1779600","fromID":"1359460","toID":"1359463","formEdgeID":null},{"edgeID":"1779601","fromID":"1359463","toID":"1359456","formEdgeID":null},{"edgeID":"1779602","fromID":"1359457","toID":"1359464","formEdgeID":null},{"edgeID":"1779603","fromID":"1359464","toID":"1359460","formEdgeID":null},{"edgeID":"1779604","fromID":"1359449","toID":"1359465","formEdgeID":null},{"edgeID":"1779605","fromID":"1359465","toID":"1359457","formEdgeID":null},{"edgeID":"1779606","fromID":"1359468","toID":"1359467","formEdgeID":null},{"edgeID":"1779607","fromID":"1359469","toID":"1359468","formEdgeID":null},{"edgeID":"1779608","fromID":"1359471","toID":"1359470","formEdgeID":null},{"edgeID":"1779609","fromID":"1359472","toID":"1359471","formEdgeID":null},{"edgeID":"1779610","fromID":"1359470","toID":"1359473","formEdgeID":null},{"edgeID":"1779611","fromID":"1359473","toID":"1359466","formEdgeID":null},{"edgeID":"1779612","fromID":"1359467","toID":"1359474","formEdgeID":null},{"edgeID":"1779613","fromID":"1359474","toID":"1359470","formEdgeID":null},{"edgeID":"1779614","fromID":"1359457","toID":"1359475","formEdgeID":null},{"edgeID":"1779615","fromID":"1359475","toID":"1359467","formEdgeID":null},{"edgeID":"1779616","fromID":"1359466","toID":"1359476","formEdgeID":null},{"edgeID":"1779617","fromID":"1359476","toID":"1359456","formEdgeID":null},{"edgeID":"1779618","fromID":"1359475","toID":"1359477","formEdgeID":null},{"edgeID":"1779619","fromID":"1359477","toID":"1359476","formEdgeID":null},{"edgeID":"1779620","fromID":"1359480","toID":"1359479","formEdgeID":null},{"edgeID":"1779621","fromID":"1359481","toID":"1359480","formEdgeID":null},{"edgeID":"1779622","fromID":"1359479","toID":"1359482","formEdgeID":null},{"edgeID":"1779623","fromID":"1359482","toID":"1359478","formEdgeID":null},{"edgeID":"1779624","fromID":"1359467","toID":"1359483","formEdgeID":null},{"edgeID":"1779625","fromID":"1359483","toID":"1359479","formEdgeID":null},{"edgeID":"1779626","fromID":"1359368","toID":"1359484","formEdgeID":null},{"edgeID":"1779627","fromID":"1359484","toID":"1359479","formEdgeID":null},{"edgeID":"1779628","fromID":"1359478","toID":"1359485","formEdgeID":null},{"edgeID":"1779629","fromID":"1359485","toID":"1359365","formEdgeID":null},{"edgeID":"1779630","fromID":"1359484","toID":"1359486","formEdgeID":null},{"edgeID":"1779631","fromID":"1359486","toID":"1359485","formEdgeID":null},{"edgeID":"1779632","fromID":"1359489","toID":"1359488","formEdgeID":null},{"edgeID":"1779633","fromID":"1359490","toID":"1359489","formEdgeID":null},{"edgeID":"1779634","fromID":"1359488","toID":"1359491","formEdgeID":null},{"edgeID":"1779635","fromID":"1359491","toID":"1359487","formEdgeID":null},{"edgeID":"1779636","fromID":"1359479","toID":"1359492","formEdgeID":null},{"edgeID":"1779637","fromID":"1359492","toID":"1359488","formEdgeID":null},{"edgeID":"1779638","fromID":"1359478","toID":"1359493","formEdgeID":null},{"edgeID":"1779639","fromID":"1359493","toID":"1359487","formEdgeID":null},{"edgeID":"1779640","fromID":"1359492","toID":"1359494","formEdgeID":null},{"edgeID":"1779641","fromID":"1359494","toID":"1359493","formEdgeID":null},{"edgeID":"1779642","fromID":"1359363","toID":"1359495","formEdgeID":null},{"edgeID":"1779643","fromID":"1359495","toID":"1359364","formEdgeID":null}],"locutions":[]}