{"nodes":[{"nodeID":"1361703","text":"if ministers sit down and talk to us about pay we'll call off the strikes","type":"I","timestamp":"2023-11-09 14:27:44"},{"nodeID":"1361704","text":"Bridget Phillipson: Ahead of Christmas the nursing union said if ministers sit down and talk to us about pay we'll call off the strikes","type":"L","timestamp":"2023-11-09 14:27:44"},{"nodeID":"1361705","text":"Analysing","type":"YA","timestamp":"2023-11-09 14:27:44"},{"nodeID":"1361706","text":"Jordan: Bridget Phillipson: Ahead of Christmas the nursing union said if ministers sit down and talk to us about pay we'll call off the strikes","type":"L","timestamp":"2023-11-09 14:27:44"},{"nodeID":"1361707","text":"Bridget Phillipson: Why didn't they do it","type":"L","timestamp":"2023-11-09 14:27:44"},{"nodeID":"1361708","text":"Analysing","type":"YA","timestamp":"2023-11-09 14:27:44"},{"nodeID":"1361709","text":"Jordan: Bridget Phillipson: Why didn't they do it","type":"L","timestamp":"2023-11-09 14:27:44"},{"nodeID":"1361710","text":"Default Transition","type":"TA","timestamp":"2023-11-09 14:27:44"},{"nodeID":"1361711","text":"Challenging","type":"YA","timestamp":"2023-11-09 14:27:44"},{"nodeID":"1361712","text":"government ministers sitting down and talking to NHS workers is a separate issue","type":"I","timestamp":"2023-11-09 14:27:44"},{"nodeID":"1361713","text":"Alex Chalk: that's a separate","type":"L","timestamp":"2023-11-09 14:27:44"},{"nodeID":"1361714","text":"Analysing","type":"YA","timestamp":"2023-11-09 14:27:44"},{"nodeID":"1361715","text":"Jordan: Alex Chalk: that's a separate","type":"L","timestamp":"2023-11-09 14:27:44"},{"nodeID":"1361716","text":"Asserting","type":"YA","timestamp":"2023-11-09 14:27:44"},{"nodeID":"1361717","text":"Default Transition","type":"TA","timestamp":"2023-11-09 14:27:44"},{"nodeID":"1361718","text":"Default Conflict","type":"CA","timestamp":"2023-11-09 14:27:44"},{"nodeID":"1361719","text":"Disagreeing","type":"YA","timestamp":"2023-11-09 14:27:44"},{"nodeID":"1361720","text":"government ministers sitting down and talking to NHS workers is not a separate issue","type":"I","timestamp":"2023-11-09 14:27:45"},{"nodeID":"1361721","text":"Bridget Phillipson: It's not a separate issue","type":"L","timestamp":"2023-11-09 14:27:45"},{"nodeID":"1361722","text":"Analysing","type":"YA","timestamp":"2023-11-09 14:27:45"},{"nodeID":"1361723","text":"Jordan: Bridget Phillipson: It's not a separate issue","type":"L","timestamp":"2023-11-09 14:27:45"},{"nodeID":"1361724","text":"Asserting","type":"YA","timestamp":"2023-11-09 14:27:45"},{"nodeID":"1361725","text":"Default Transition","type":"TA","timestamp":"2023-11-09 14:27:45"},{"nodeID":"1361726","text":"Default Conflict","type":"CA","timestamp":"2023-11-09 14:27:45"},{"nodeID":"1361727","text":"Disagreeing","type":"YA","timestamp":"2023-11-09 14:27:45"},{"nodeID":"1361728","text":"government ministers sitting down and talking to NHS workers is at the heart of the issue","type":"I","timestamp":"2023-11-09 14:27:46"},{"nodeID":"1361729","text":"Bridget Phillipson: it's at the heart of the issue","type":"L","timestamp":"2023-11-09 14:27:46"},{"nodeID":"1361730","text":"Analysing","type":"YA","timestamp":"2023-11-09 14:27:46"},{"nodeID":"1361731","text":"Jordan: Bridget Phillipson: it's at the heart of the issue","type":"L","timestamp":"2023-11-09 14:27:46"},{"nodeID":"1361732","text":"Asserting","type":"YA","timestamp":"2023-11-09 14:27:46"},{"nodeID":"1361733","text":"Default Inference","type":"RA","timestamp":"2023-11-09 14:27:46"},{"nodeID":"1361734","text":"Default Transition","type":"TA","timestamp":"2023-11-09 14:27:46"},{"nodeID":"1361735","text":"Arguing","type":"YA","timestamp":"2023-11-09 14:27:46"},{"nodeID":"1361736","text":"the question is not just about health","type":"I","timestamp":"2023-11-09 14:27:46"},{"nodeID":"1361737","text":"Fiona Bruce: it's not just about health","type":"L","timestamp":"2023-11-09 14:27:46"},{"nodeID":"1361738","text":"Analysing","type":"YA","timestamp":"2023-11-09 14:27:46"},{"nodeID":"1361739","text":"Jordan: Fiona Bruce: it's not just about health","type":"L","timestamp":"2023-11-09 14:27:46"},{"nodeID":"1361740","text":"Asserting","type":"YA","timestamp":"2023-11-09 14:27:46"},{"nodeID":"1361741","text":"the question is about border security, nuclear decommissioning, education","type":"I","timestamp":"2023-11-09 14:27:47"},{"nodeID":"1361742","text":"Fiona Bruce: it's about, quoting the Government here, border security, nuclear decommissioning, education","type":"L","timestamp":"2023-11-09 14:27:47"},{"nodeID":"1361743","text":"Analysing","type":"YA","timestamp":"2023-11-09 14:27:47"},{"nodeID":"1361744","text":"Jordan: Fiona Bruce: it's about, quoting the Government here, border security, nuclear decommissioning, education","type":"L","timestamp":"2023-11-09 14:27:47"},{"nodeID":"1361745","text":"Unknown Speaker: the question is about border security, nuclear decommissioning, education","type":"L","timestamp":"2023-11-09 14:27:47"},{"nodeID":"1361746","text":"Analysing","type":"YA","timestamp":"2023-11-09 14:27:47"},{"nodeID":"1361747","text":"Jordan: Unknown Speaker: the question is about border security, nuclear decommissioning, education","type":"L","timestamp":"2023-11-09 14:27:47"},{"nodeID":"1361748","text":"Asserting","type":"YA","timestamp":"2023-11-09 14:27:47"},{"nodeID":"1361749","text":"Asserting","type":"YA","timestamp":"2023-11-09 14:27:47"},{"nodeID":"1361750","text":"Default Transition","type":"TA","timestamp":"2023-11-09 14:27:47"},{"nodeID":"1361751","text":"Default Inference","type":"RA","timestamp":"2023-11-09 14:27:47"},{"nodeID":"1361752","text":"Arguing","type":"YA","timestamp":"2023-11-09 14:27:47"},{"nodeID":"1361753","text":"AudienceMember20230126QT15 absolutely supports people's right to strike","type":"I","timestamp":"2023-11-09 14:27:48"},{"nodeID":"1361754","text":"AudienceMember 20230126QT15: I absolutely support this right to strike","type":"L","timestamp":"2023-11-09 14:27:48"},{"nodeID":"1361755","text":"Analysing","type":"YA","timestamp":"2023-11-09 14:27:48"},{"nodeID":"1361756","text":"Jordan: AudienceMember 20230126QT15: I absolutely support this right to strike","type":"L","timestamp":"2023-11-09 14:27:48"},{"nodeID":"1361757","text":"Asserting","type":"YA","timestamp":"2023-11-09 14:27:48"},{"nodeID":"1361758","text":"Default Transition","type":"TA","timestamp":"2023-11-09 14:27:48"},{"nodeID":"1361759","text":"we should strike","type":"I","timestamp":"2023-11-09 14:27:48"},{"nodeID":"1361760","text":"AudienceMember 20230126QT15: we should do it","type":"L","timestamp":"2023-11-09 14:27:48"},{"nodeID":"1361761","text":"Analysing","type":"YA","timestamp":"2023-11-09 14:27:48"},{"nodeID":"1361762","text":"Jordan: AudienceMember 20230126QT15: we should do it","type":"L","timestamp":"2023-11-09 14:27:48"},{"nodeID":"1361763","text":"Asserting","type":"YA","timestamp":"2023-11-09 14:27:48"},{"nodeID":"1361764","text":"Default Transition","type":"TA","timestamp":"2023-11-09 14:27:48"},{"nodeID":"1361765","text":"Default Inference","type":"RA","timestamp":"2023-11-09 14:27:48"},{"nodeID":"1361766","text":"Arguing","type":"YA","timestamp":"2023-11-09 14:27:48"},{"nodeID":"1361767","text":"AudienceMember20230126QT15 would like to invite Alex Chalk, the Government, and the Tories to strike immediately","type":"I","timestamp":"2023-11-09 14:27:49"},{"nodeID":"1361768","text":"AudienceMember 20230126QT15: I'd like to invite Alex, the Government, and the Tories to strike immediately","type":"L","timestamp":"2023-11-09 14:27:49"},{"nodeID":"1361769","text":"Analysing","type":"YA","timestamp":"2023-11-09 14:27:49"},{"nodeID":"1361770","text":"Jordan: AudienceMember 20230126QT15: I'd like to invite Alex, the Government, and the Tories to strike immediately","type":"L","timestamp":"2023-11-09 14:27:49"},{"nodeID":"1361771","text":"Asserting","type":"YA","timestamp":"2023-11-09 14:27:49"},{"nodeID":"1361772","text":"Default Transition","type":"TA","timestamp":"2023-11-09 14:27:49"},{"nodeID":"1361773","text":"we could absolutely go without Alex Chalk, the Government and the Tories' service","type":"I","timestamp":"2023-11-09 14:27:50"},{"nodeID":"1361774","text":"AudienceMember 20230126QT15: we could absolutely go without your service","type":"L","timestamp":"2023-11-09 14:27:50"},{"nodeID":"1361775","text":"Analysing","type":"YA","timestamp":"2023-11-09 14:27:50"},{"nodeID":"1361776","text":"Jordan: AudienceMember 20230126QT15: we could absolutely go without your service","type":"L","timestamp":"2023-11-09 14:27:50"},{"nodeID":"1361777","text":"Asserting","type":"YA","timestamp":"2023-11-09 14:27:50"},{"nodeID":"1361778","text":"Default Transition","type":"TA","timestamp":"2023-11-09 14:27:50"},{"nodeID":"1361779","text":"Default Inference","type":"RA","timestamp":"2023-11-09 14:27:50"},{"nodeID":"1361780","text":"Arguing","type":"YA","timestamp":"2023-11-09 14:27:50"},{"nodeID":"1361781","text":"the question is about is the right to strike","type":"I","timestamp":"2023-11-09 14:27:50"},{"nodeID":"1361782","text":"Fiona Bruce: the question is about is the right to strike","type":"L","timestamp":"2023-11-09 14:27:50"},{"nodeID":"1361783","text":"Analysing","type":"YA","timestamp":"2023-11-09 14:27:50"},{"nodeID":"1361784","text":"Jordan: Fiona Bruce: the question is about is the right to strike","type":"L","timestamp":"2023-11-09 14:27:50"},{"nodeID":"1361785","text":"Assertive Questioning","type":"YA","timestamp":"2023-11-09 14:27:50"},{"nodeID":"1361786","text":"Default Transition","type":"TA","timestamp":"2023-11-09 14:27:50"},{"nodeID":"1361787","text":"Fiona Bruce: a basic right","type":"L","timestamp":"2023-11-09 14:27:50"},{"nodeID":"1361788","text":"Analysing","type":"YA","timestamp":"2023-11-09 14:27:50"},{"nodeID":"1361789","text":"Jordan: Fiona Bruce: a basic right","type":"L","timestamp":"2023-11-09 14:27:50"},{"nodeID":"1361790","text":"Default Transition","type":"TA","timestamp":"2023-11-09 14:27:50"},{"nodeID":"1361791","text":"Asserting","type":"YA","timestamp":"2023-11-09 14:27:50"},{"nodeID":"1361792","text":"Default Inference","type":"RA","timestamp":"2023-11-09 14:27:50"},{"nodeID":"1361793","text":"Default Transition","type":"TA","timestamp":"2023-11-09 14:27:50"},{"nodeID":"1361794","text":"Arguing","type":"YA","timestamp":"2023-11-09 14:27:50"},{"nodeID":"1361795","text":"it is ironic that we're talking about a legal strike","type":"I","timestamp":"2023-11-09 14:27:51"},{"nodeID":"1361796","text":"AudienceMember 20230126QT16: it ironic that we're talking about a legal strike","type":"L","timestamp":"2023-11-09 14:27:51"},{"nodeID":"1361797","text":"Analysing","type":"YA","timestamp":"2023-11-09 14:27:51"},{"nodeID":"1361798","text":"Jordan: AudienceMember 20230126QT16: it ironic that we're talking about a legal strike","type":"L","timestamp":"2023-11-09 14:27:51"},{"nodeID":"1361799","text":"Asserting","type":"YA","timestamp":"2023-11-09 14:27:51"},{"nodeID":"1361800","text":"a strike is an act of defiance and really an example of how the Government has failed to negotiate and reach a particular settlement on a particular issue","type":"I","timestamp":"2023-11-09 14:27:52"},{"nodeID":"1361801","text":"AudienceMember 20230126QT16: a strike is an act of defiance and really an example of how the Government has failed to negotiate and reach a particular settlement on a particular issue","type":"L","timestamp":"2023-11-09 14:27:52"},{"nodeID":"1361802","text":"Analysing","type":"YA","timestamp":"2023-11-09 14:27:52"},{"nodeID":"1361803","text":"Jordan: AudienceMember 20230126QT16: a strike is an act of defiance and really an example of how the Government has failed to negotiate and reach a particular settlement on a particular issue","type":"L","timestamp":"2023-11-09 14:27:52"},{"nodeID":"1361804","text":"Asserting","type":"YA","timestamp":"2023-11-09 14:27:52"},{"nodeID":"1361805","text":"Default Transition","type":"TA","timestamp":"2023-11-09 14:27:52"},{"nodeID":"1361806","text":"Default Inference","type":"RA","timestamp":"2023-11-09 14:27:52"},{"nodeID":"1361807","text":"Arguing","type":"YA","timestamp":"2023-11-09 14:27:52"},{"nodeID":"1361808","text":"we don't need to have a legal strike","type":"I","timestamp":"2023-11-09 14:27:52"},{"nodeID":"1361809","text":"AudienceMember 20230126QT16: we need to have a legal strike","type":"L","timestamp":"2023-11-09 14:27:52"},{"nodeID":"1361810","text":"Analysing","type":"YA","timestamp":"2023-11-09 14:27:52"},{"nodeID":"1361811","text":"Jordan: AudienceMember 20230126QT16: we need to have a legal strike","type":"L","timestamp":"2023-11-09 14:27:52"},{"nodeID":"1361812","text":"Asserting","type":"YA","timestamp":"2023-11-09 14:27:52"},{"nodeID":"1361813","text":"Default Transition","type":"TA","timestamp":"2023-11-09 14:27:52"},{"nodeID":"1361814","text":"Default Inference","type":"RA","timestamp":"2023-11-09 14:27:52"},{"nodeID":"1361815","text":"Arguing","type":"YA","timestamp":"2023-11-09 14:27:52"},{"nodeID":"1361816","text":"people want a strike and rebel against a Government that they feel is oppressing","type":"I","timestamp":"2023-11-09 14:27:53"},{"nodeID":"1361817","text":"AudienceMember 20230126QT16: people want a strike and rebel against a Government that they feel is oppressing","type":"L","timestamp":"2023-11-09 14:27:53"},{"nodeID":"1361818","text":"Analysing","type":"YA","timestamp":"2023-11-09 14:27:53"},{"nodeID":"1361819","text":"Jordan: AudienceMember 20230126QT16: people want a strike and rebel against a Government that they feel is oppressing","type":"L","timestamp":"2023-11-09 14:27:53"},{"nodeID":"1361820","text":"Asserting","type":"YA","timestamp":"2023-11-09 14:27:53"},{"nodeID":"1361821","text":"Default Transition","type":"TA","timestamp":"2023-11-09 14:27:53"},{"nodeID":"1361822","text":"striking should be a person's right to do so","type":"I","timestamp":"2023-11-09 14:27:53"},{"nodeID":"1361823","text":"AudienceMember 20230126QT16: it should be their right to do so","type":"L","timestamp":"2023-11-09 14:27:53"},{"nodeID":"1361824","text":"Analysing","type":"YA","timestamp":"2023-11-09 14:27:53"},{"nodeID":"1361825","text":"Jordan: AudienceMember 20230126QT16: it should be their right to do so","type":"L","timestamp":"2023-11-09 14:27:53"},{"nodeID":"1361826","text":"Asserting","type":"YA","timestamp":"2023-11-09 14:27:53"},{"nodeID":"1361827","text":"Default Transition","type":"TA","timestamp":"2023-11-09 14:27:53"},{"nodeID":"1361828","text":"Default Inference","type":"RA","timestamp":"2023-11-09 14:27:53"},{"nodeID":"1361829","text":"Arguing","type":"YA","timestamp":"2023-11-09 14:27:53"},{"nodeID":"1361830","text":"by forcing people who don't want to work, to work, that's the beginning of what could be a police state","type":"I","timestamp":"2023-11-09 14:27:54"},{"nodeID":"1361831","text":"AudienceMember 20230126QT16: by forcing people who don't want to work, to work, that's the beginning of what could be a police state","type":"L","timestamp":"2023-11-09 14:27:54"},{"nodeID":"1361832","text":"Analysing","type":"YA","timestamp":"2023-11-09 14:27:54"},{"nodeID":"1361833","text":"Jordan: AudienceMember 20230126QT16: by forcing people who don't want to work, to work, that's the beginning of what could be a police state","type":"L","timestamp":"2023-11-09 14:27:54"},{"nodeID":"1361834","text":"Asserting","type":"YA","timestamp":"2023-11-09 14:27:54"},{"nodeID":"1361835","text":"Default Transition","type":"TA","timestamp":"2023-11-09 14:27:54"},{"nodeID":"1361836","text":"Default Inference","type":"RA","timestamp":"2023-11-09 14:27:54"},{"nodeID":"1361837","text":"Arguing","type":"YA","timestamp":"2023-11-09 14:27:54"},{"nodeID":"1361838","text":"Pat Cullen: if ministers sit down and talk to us about pay we'll call off the strikes","type":"L","timestamp":"2023-11-09 14:27:54"},{"nodeID":"1361839","text":"Analysing","type":"YA","timestamp":"2023-11-09 14:27:54"},{"nodeID":"1361840","text":"Jordan: Pat Cullen: if ministers sit down and talk to us about pay we'll call off the strikes","type":"L","timestamp":"2023-11-09 14:27:54"},{"nodeID":"1361841","text":"Asserting","type":"YA","timestamp":"2023-11-09 14:27:54"},{"nodeID":"1361842","text":"Asserting","type":"YA","timestamp":"2023-11-09 14:27:54"},{"nodeID":"1361843","text":"Default Transition","type":"TA","timestamp":"2023-11-09 14:27:54"}],"edges":[{"edgeID":"1782290","fromID":"1361705","toID":"1361704","formEdgeID":null},{"edgeID":"1782291","fromID":"1361706","toID":"1361705","formEdgeID":null},{"edgeID":"1782292","fromID":"1361708","toID":"1361707","formEdgeID":null},{"edgeID":"1782293","fromID":"1361709","toID":"1361708","formEdgeID":null},{"edgeID":"1782294","fromID":"1361704","toID":"1361710","formEdgeID":null},{"edgeID":"1782295","fromID":"1361710","toID":"1361707","formEdgeID":null},{"edgeID":"1782296","fromID":"1361710","toID":"1361711","formEdgeID":null},{"edgeID":"1782297","fromID":"1361711","toID":"1361703","formEdgeID":null},{"edgeID":"1782298","fromID":"1361714","toID":"1361713","formEdgeID":null},{"edgeID":"1782299","fromID":"1361715","toID":"1361714","formEdgeID":null},{"edgeID":"1782300","fromID":"1361713","toID":"1361716","formEdgeID":null},{"edgeID":"1782301","fromID":"1361716","toID":"1361712","formEdgeID":null},{"edgeID":"1782302","fromID":"1361704","toID":"1361717","formEdgeID":null},{"edgeID":"1782303","fromID":"1361717","toID":"1361713","formEdgeID":null},{"edgeID":"1782304","fromID":"1361712","toID":"1361718","formEdgeID":null},{"edgeID":"1782305","fromID":"1361718","toID":"1361703","formEdgeID":null},{"edgeID":"1782306","fromID":"1361717","toID":"1361719","formEdgeID":null},{"edgeID":"1782307","fromID":"1361719","toID":"1361718","formEdgeID":null},{"edgeID":"1782308","fromID":"1361722","toID":"1361721","formEdgeID":null},{"edgeID":"1782309","fromID":"1361723","toID":"1361722","formEdgeID":null},{"edgeID":"1782310","fromID":"1361721","toID":"1361724","formEdgeID":null},{"edgeID":"1782311","fromID":"1361724","toID":"1361720","formEdgeID":null},{"edgeID":"1782312","fromID":"1361713","toID":"1361725","formEdgeID":null},{"edgeID":"1782313","fromID":"1361725","toID":"1361721","formEdgeID":null},{"edgeID":"1782314","fromID":"1361720","toID":"1361726","formEdgeID":null},{"edgeID":"1782315","fromID":"1361726","toID":"1361712","formEdgeID":null},{"edgeID":"1782316","fromID":"1361725","toID":"1361727","formEdgeID":null},{"edgeID":"1782317","fromID":"1361727","toID":"1361726","formEdgeID":null},{"edgeID":"1782318","fromID":"1361730","toID":"1361729","formEdgeID":null},{"edgeID":"1782319","fromID":"1361731","toID":"1361730","formEdgeID":null},{"edgeID":"1782320","fromID":"1361729","toID":"1361732","formEdgeID":null},{"edgeID":"1782321","fromID":"1361732","toID":"1361728","formEdgeID":null},{"edgeID":"1782322","fromID":"1361728","toID":"1361733","formEdgeID":null},{"edgeID":"1782323","fromID":"1361733","toID":"1361720","formEdgeID":null},{"edgeID":"1782324","fromID":"1361721","toID":"1361734","formEdgeID":null},{"edgeID":"1782325","fromID":"1361734","toID":"1361729","formEdgeID":null},{"edgeID":"1782326","fromID":"1361734","toID":"1361735","formEdgeID":null},{"edgeID":"1782327","fromID":"1361735","toID":"1361733","formEdgeID":null},{"edgeID":"1782328","fromID":"1361738","toID":"1361737","formEdgeID":null},{"edgeID":"1782329","fromID":"1361739","toID":"1361738","formEdgeID":null},{"edgeID":"1782330","fromID":"1361737","toID":"1361740","formEdgeID":null},{"edgeID":"1782331","fromID":"1361740","toID":"1361736","formEdgeID":null},{"edgeID":"1782332","fromID":"1361743","toID":"1361742","formEdgeID":null},{"edgeID":"1782333","fromID":"1361744","toID":"1361743","formEdgeID":null},{"edgeID":"1782334","fromID":"1361746","toID":"1361745","formEdgeID":null},{"edgeID":"1782335","fromID":"1361747","toID":"1361746","formEdgeID":null},{"edgeID":"1782336","fromID":"1361745","toID":"1361748","formEdgeID":null},{"edgeID":"1782337","fromID":"1361748","toID":"1361741","formEdgeID":null},{"edgeID":"1782338","fromID":"1361742","toID":"1361749","formEdgeID":null},{"edgeID":"1782339","fromID":"1361749","toID":"1361745","formEdgeID":null},{"edgeID":"1782340","fromID":"1361737","toID":"1361750","formEdgeID":null},{"edgeID":"1782341","fromID":"1361750","toID":"1361742","formEdgeID":null},{"edgeID":"1782342","fromID":"1361741","toID":"1361751","formEdgeID":null},{"edgeID":"1782343","fromID":"1361751","toID":"1361736","formEdgeID":null},{"edgeID":"1782344","fromID":"1361750","toID":"1361752","formEdgeID":null},{"edgeID":"1782345","fromID":"1361752","toID":"1361751","formEdgeID":null},{"edgeID":"1782346","fromID":"1361755","toID":"1361754","formEdgeID":null},{"edgeID":"1782347","fromID":"1361756","toID":"1361755","formEdgeID":null},{"edgeID":"1782348","fromID":"1361754","toID":"1361757","formEdgeID":null},{"edgeID":"1782349","fromID":"1361757","toID":"1361753","formEdgeID":null},{"edgeID":"1782350","fromID":"1361742","toID":"1361758","formEdgeID":null},{"edgeID":"1782351","fromID":"1361758","toID":"1361754","formEdgeID":null},{"edgeID":"1782352","fromID":"1361761","toID":"1361760","formEdgeID":null},{"edgeID":"1782353","fromID":"1361762","toID":"1361761","formEdgeID":null},{"edgeID":"1782354","fromID":"1361760","toID":"1361763","formEdgeID":null},{"edgeID":"1782355","fromID":"1361763","toID":"1361759","formEdgeID":null},{"edgeID":"1782356","fromID":"1361754","toID":"1361764","formEdgeID":null},{"edgeID":"1782357","fromID":"1361764","toID":"1361760","formEdgeID":null},{"edgeID":"1782358","fromID":"1361753","toID":"1361765","formEdgeID":null},{"edgeID":"1782359","fromID":"1361765","toID":"1361759","formEdgeID":null},{"edgeID":"1782360","fromID":"1361764","toID":"1361766","formEdgeID":null},{"edgeID":"1782361","fromID":"1361766","toID":"1361765","formEdgeID":null},{"edgeID":"1782362","fromID":"1361769","toID":"1361768","formEdgeID":null},{"edgeID":"1782363","fromID":"1361770","toID":"1361769","formEdgeID":null},{"edgeID":"1782364","fromID":"1361768","toID":"1361771","formEdgeID":null},{"edgeID":"1782365","fromID":"1361771","toID":"1361767","formEdgeID":null},{"edgeID":"1782366","fromID":"1361760","toID":"1361772","formEdgeID":null},{"edgeID":"1782367","fromID":"1361772","toID":"1361768","formEdgeID":null},{"edgeID":"1782368","fromID":"1361775","toID":"1361774","formEdgeID":null},{"edgeID":"1782369","fromID":"1361776","toID":"1361775","formEdgeID":null},{"edgeID":"1782370","fromID":"1361774","toID":"1361777","formEdgeID":null},{"edgeID":"1782371","fromID":"1361777","toID":"1361773","formEdgeID":null},{"edgeID":"1782372","fromID":"1361768","toID":"1361778","formEdgeID":null},{"edgeID":"1782373","fromID":"1361778","toID":"1361774","formEdgeID":null},{"edgeID":"1782374","fromID":"1361773","toID":"1361779","formEdgeID":null},{"edgeID":"1782375","fromID":"1361779","toID":"1361767","formEdgeID":null},{"edgeID":"1782376","fromID":"1361778","toID":"1361780","formEdgeID":null},{"edgeID":"1782377","fromID":"1361780","toID":"1361779","formEdgeID":null},{"edgeID":"1782378","fromID":"1361783","toID":"1361782","formEdgeID":null},{"edgeID":"1782379","fromID":"1361784","toID":"1361783","formEdgeID":null},{"edgeID":"1782380","fromID":"1361782","toID":"1361785","formEdgeID":null},{"edgeID":"1782381","fromID":"1361785","toID":"1361781","formEdgeID":null},{"edgeID":"1782382","fromID":"1361729","toID":"1361786","formEdgeID":null},{"edgeID":"1782383","fromID":"1361786","toID":"1361782","formEdgeID":null},{"edgeID":"1782384","fromID":"1361788","toID":"1361787","formEdgeID":null},{"edgeID":"1782385","fromID":"1361789","toID":"1361788","formEdgeID":null},{"edgeID":"1782386","fromID":"1361782","toID":"1361790","formEdgeID":null},{"edgeID":"1782387","fromID":"1361790","toID":"1361787","formEdgeID":null},{"edgeID":"1782388","fromID":"1361787","toID":"1361791","formEdgeID":null},{"edgeID":"1782389","fromID":"1361791","toID":"1361781","formEdgeID":null},{"edgeID":"1782390","fromID":"1361781","toID":"1361792","formEdgeID":null},{"edgeID":"1782391","fromID":"1361792","toID":"1361736","formEdgeID":null},{"edgeID":"1782392","fromID":"1361782","toID":"1361793","formEdgeID":null},{"edgeID":"1782393","fromID":"1361793","toID":"1361737","formEdgeID":null},{"edgeID":"1782394","fromID":"1361793","toID":"1361794","formEdgeID":null},{"edgeID":"1782395","fromID":"1361794","toID":"1361792","formEdgeID":null},{"edgeID":"1782396","fromID":"1361797","toID":"1361796","formEdgeID":null},{"edgeID":"1782397","fromID":"1361798","toID":"1361797","formEdgeID":null},{"edgeID":"1782398","fromID":"1361796","toID":"1361799","formEdgeID":null},{"edgeID":"1782399","fromID":"1361799","toID":"1361795","formEdgeID":null},{"edgeID":"1782400","fromID":"1361802","toID":"1361801","formEdgeID":null},{"edgeID":"1782401","fromID":"1361803","toID":"1361802","formEdgeID":null},{"edgeID":"1782402","fromID":"1361801","toID":"1361804","formEdgeID":null},{"edgeID":"1782403","fromID":"1361804","toID":"1361800","formEdgeID":null},{"edgeID":"1782404","fromID":"1361796","toID":"1361805","formEdgeID":null},{"edgeID":"1782405","fromID":"1361805","toID":"1361801","formEdgeID":null},{"edgeID":"1782406","fromID":"1361800","toID":"1361806","formEdgeID":null},{"edgeID":"1782407","fromID":"1361806","toID":"1361795","formEdgeID":null},{"edgeID":"1782408","fromID":"1361805","toID":"1361807","formEdgeID":null},{"edgeID":"1782409","fromID":"1361807","toID":"1361806","formEdgeID":null},{"edgeID":"1782410","fromID":"1361810","toID":"1361809","formEdgeID":null},{"edgeID":"1782411","fromID":"1361811","toID":"1361810","formEdgeID":null},{"edgeID":"1782412","fromID":"1361809","toID":"1361812","formEdgeID":null},{"edgeID":"1782413","fromID":"1361812","toID":"1361808","formEdgeID":null},{"edgeID":"1782414","fromID":"1361801","toID":"1361813","formEdgeID":null},{"edgeID":"1782415","fromID":"1361813","toID":"1361809","formEdgeID":null},{"edgeID":"1782416","fromID":"1361800","toID":"1361814","formEdgeID":null},{"edgeID":"1782417","fromID":"1361814","toID":"1361808","formEdgeID":null},{"edgeID":"1782418","fromID":"1361813","toID":"1361815","formEdgeID":null},{"edgeID":"1782419","fromID":"1361815","toID":"1361814","formEdgeID":null},{"edgeID":"1782420","fromID":"1361818","toID":"1361817","formEdgeID":null},{"edgeID":"1782421","fromID":"1361819","toID":"1361818","formEdgeID":null},{"edgeID":"1782422","fromID":"1361817","toID":"1361820","formEdgeID":null},{"edgeID":"1782423","fromID":"1361820","toID":"1361816","formEdgeID":null},{"edgeID":"1782424","fromID":"1361809","toID":"1361821","formEdgeID":null},{"edgeID":"1782425","fromID":"1361821","toID":"1361817","formEdgeID":null},{"edgeID":"1782426","fromID":"1361824","toID":"1361823","formEdgeID":null},{"edgeID":"1782427","fromID":"1361825","toID":"1361824","formEdgeID":null},{"edgeID":"1782428","fromID":"1361823","toID":"1361826","formEdgeID":null},{"edgeID":"1782429","fromID":"1361826","toID":"1361822","formEdgeID":null},{"edgeID":"1782430","fromID":"1361817","toID":"1361827","formEdgeID":null},{"edgeID":"1782431","fromID":"1361827","toID":"1361823","formEdgeID":null},{"edgeID":"1782432","fromID":"1361816","toID":"1361828","formEdgeID":null},{"edgeID":"1782433","fromID":"1361828","toID":"1361822","formEdgeID":null},{"edgeID":"1782434","fromID":"1361827","toID":"1361829","formEdgeID":null},{"edgeID":"1782435","fromID":"1361829","toID":"1361828","formEdgeID":null},{"edgeID":"1782436","fromID":"1361832","toID":"1361831","formEdgeID":null},{"edgeID":"1782437","fromID":"1361833","toID":"1361832","formEdgeID":null},{"edgeID":"1782438","fromID":"1361831","toID":"1361834","formEdgeID":null},{"edgeID":"1782439","fromID":"1361834","toID":"1361830","formEdgeID":null},{"edgeID":"1782440","fromID":"1361823","toID":"1361835","formEdgeID":null},{"edgeID":"1782441","fromID":"1361835","toID":"1361831","formEdgeID":null},{"edgeID":"1782442","fromID":"1361830","toID":"1361836","formEdgeID":null},{"edgeID":"1782443","fromID":"1361836","toID":"1361822","formEdgeID":null},{"edgeID":"1782444","fromID":"1361835","toID":"1361837","formEdgeID":null},{"edgeID":"1782445","fromID":"1361837","toID":"1361836","formEdgeID":null},{"edgeID":"1782446","fromID":"1361839","toID":"1361838","formEdgeID":null},{"edgeID":"1782447","fromID":"1361840","toID":"1361839","formEdgeID":null},{"edgeID":"1782448","fromID":"1361838","toID":"1361841","formEdgeID":null},{"edgeID":"1782449","fromID":"1361841","toID":"1361703","formEdgeID":null},{"edgeID":"1782450","fromID":"1361704","toID":"1361842","formEdgeID":null},{"edgeID":"1782451","fromID":"1361842","toID":"1361838","formEdgeID":null},{"edgeID":"1782452","fromID":"1361774","toID":"1361843","formEdgeID":null},{"edgeID":"1782453","fromID":"1361843","toID":"1361796","formEdgeID":null}],"locutions":[]}