{"nodes":[{"nodeID":"1377692","text":"Fiona Bruce: Is it damaging the monarchy","type":"L","timestamp":"2023-11-09 14:50:15"},{"nodeID":"1377693","text":"what we have to also acknowledge is Prince Harry, even before Megan came along, he felt disenfranchised","type":"I","timestamp":"2023-11-09 14:50:15"},{"nodeID":"1377694","text":"AudienceMember 20230126QT31: what we have to also acknowledge is Harry is\u2026even before Megan came along he felt disenfranchised","type":"L","timestamp":"2023-11-09 14:50:15"},{"nodeID":"1377695","text":"Analysing","type":"YA","timestamp":"2023-11-09 14:50:15"},{"nodeID":"1377696","text":"Lara: AudienceMember 20230126QT31: what we have to also acknowledge is Harry is\u2026even before Megan came along he felt disenfranchised","type":"L","timestamp":"2023-11-09 14:50:15"},{"nodeID":"1377697","text":"Asserting","type":"YA","timestamp":"2023-11-09 14:50:15"},{"nodeID":"1377698","text":"AudienceMember 20230126QT31: he felt left out, as Ash said","type":"L","timestamp":"2023-11-09 14:50:15"},{"nodeID":"1377699","text":"Analysing","type":"YA","timestamp":"2023-11-09 14:50:15"},{"nodeID":"1377700","text":"Lara: AudienceMember 20230126QT31: he felt left out, as Ash said","type":"L","timestamp":"2023-11-09 14:50:15"},{"nodeID":"1377701","text":"Prince Harry felt left out","type":"I","timestamp":"2023-11-09 14:50:16"},{"nodeID":"1377702","text":"Ash Sarkar: he felt left out","type":"L","timestamp":"2023-11-09 14:50:16"},{"nodeID":"1377703","text":"Analysing","type":"YA","timestamp":"2023-11-09 14:50:16"},{"nodeID":"1377704","text":"Lara: Ash Sarkar: he felt left out","type":"L","timestamp":"2023-11-09 14:50:16"},{"nodeID":"1377705","text":"Asserting","type":"YA","timestamp":"2023-11-09 14:50:16"},{"nodeID":"1377706","text":"Asserting","type":"YA","timestamp":"2023-11-09 14:50:16"},{"nodeID":"1377707","text":"AudienceMember 20230126QT31: He gave the examples of where he felt like he was being fed to the dogs","type":"L","timestamp":"2023-11-09 14:50:16"},{"nodeID":"1377708","text":"Analysing","type":"YA","timestamp":"2023-11-09 14:50:16"},{"nodeID":"1377709","text":"Lara: AudienceMember 20230126QT31: He gave the examples of where he felt like he was being fed to the dogs","type":"L","timestamp":"2023-11-09 14:50:16"},{"nodeID":"1377710","text":"it's not fitting to say Harry has made his money","type":"I","timestamp":"2023-11-09 14:50:17"},{"nodeID":"1377711","text":"AudienceMember 20230126QT31: I don't think it's fitting to say he's made his money","type":"L","timestamp":"2023-11-09 14:50:17"},{"nodeID":"1377712","text":"Analysing","type":"YA","timestamp":"2023-11-09 14:50:17"},{"nodeID":"1377713","text":"Lara: AudienceMember 20230126QT31: I don't think it's fitting to say he's made his money","type":"L","timestamp":"2023-11-09 14:50:17"},{"nodeID":"1377714","text":"Asserting","type":"YA","timestamp":"2023-11-09 14:50:17"},{"nodeID":"1377715","text":"Prince Harry is ruining this","type":"I","timestamp":"2023-11-09 14:50:17"},{"nodeID":"1377716","text":"AudienceMember 20230126QT31: He's ruining this","type":"L","timestamp":"2023-11-09 14:50:17"},{"nodeID":"1377717","text":"Analysing","type":"YA","timestamp":"2023-11-09 14:50:17"},{"nodeID":"1377718","text":"Lara: AudienceMember 20230126QT31: He's ruining this","type":"L","timestamp":"2023-11-09 14:50:17"},{"nodeID":"1377719","text":"Asserting","type":"YA","timestamp":"2023-11-09 14:50:17"},{"nodeID":"1377720","text":"the monarchy is damaged","type":"I","timestamp":"2023-11-09 14:50:18"},{"nodeID":"1377721","text":"AudienceMember 20230126QT31:  is the monarchy damaged","type":"L","timestamp":"2023-11-09 14:50:18"},{"nodeID":"1377722","text":"Analysing","type":"YA","timestamp":"2023-11-09 14:50:18"},{"nodeID":"1377723","text":"Lara: AudienceMember 20230126QT31:  is the monarchy damaged","type":"L","timestamp":"2023-11-09 14:50:18"},{"nodeID":"1377724","text":"Asserting","type":"YA","timestamp":"2023-11-09 14:50:18"},{"nodeID":"1377725","text":"there has to be a point, just with anything","type":"I","timestamp":"2023-11-09 14:50:19"},{"nodeID":"1377726","text":"AudienceMember 20230126QT31: there has to be a point, just with anything","type":"L","timestamp":"2023-11-09 14:50:19"},{"nodeID":"1377727","text":"Analysing","type":"YA","timestamp":"2023-11-09 14:50:19"},{"nodeID":"1377728","text":"Lara: AudienceMember 20230126QT31: there has to be a point, just with anything","type":"L","timestamp":"2023-11-09 14:50:19"},{"nodeID":"1377729","text":"Asserting","type":"YA","timestamp":"2023-11-09 14:50:19"},{"nodeID":"1377730","text":"there has to be a point whether it be strikes or whether it be any other political thing","type":"I","timestamp":"2023-11-09 14:50:19"},{"nodeID":"1377731","text":"AudienceMember 20230126QT31: whether it be strikes or whether it be any other political thing","type":"L","timestamp":"2023-11-09 14:50:19"},{"nodeID":"1377732","text":"Analysing","type":"YA","timestamp":"2023-11-09 14:50:19"},{"nodeID":"1377733","text":"Lara: AudienceMember 20230126QT31: whether it be strikes or whether it be any other political thing","type":"L","timestamp":"2023-11-09 14:50:19"},{"nodeID":"1377734","text":"Asserting","type":"YA","timestamp":"2023-11-09 14:50:19"},{"nodeID":"1377735","text":"AudienceMember 20230126QT31 is a politics student","type":"I","timestamp":"2023-11-09 14:50:20"},{"nodeID":"1377736","text":"AudienceMember 20230126QT31: as a politics student","type":"L","timestamp":"2023-11-09 14:50:20"},{"nodeID":"1377737","text":"Analysing","type":"YA","timestamp":"2023-11-09 14:50:20"},{"nodeID":"1377738","text":"Lara: AudienceMember 20230126QT31: as a politics student","type":"L","timestamp":"2023-11-09 14:50:20"},{"nodeID":"1377739","text":"Asserting","type":"YA","timestamp":"2023-11-09 14:50:20"},{"nodeID":"1377740","text":"one has realised there has to be an opportunity for people to say this is what I believe, I'm going to air that","type":"I","timestamp":"2023-11-09 14:50:20"},{"nodeID":"1377741","text":"AudienceMember 20230126QT31: one has realised there has to be an opportunity for people to say this is what I believe, I'm going to air that","type":"L","timestamp":"2023-11-09 14:50:20"},{"nodeID":"1377742","text":"Analysing","type":"YA","timestamp":"2023-11-09 14:50:20"},{"nodeID":"1377743","text":"Lara: AudienceMember 20230126QT31: one has realised there has to be an opportunity for people to say this is what I believe, I'm going to air that","type":"L","timestamp":"2023-11-09 14:50:20"},{"nodeID":"1377744","text":"Asserting","type":"YA","timestamp":"2023-11-09 14:50:20"},{"nodeID":"1377745","text":"there has to be an opportunity for people to say what they believe even with things like racism","type":"I","timestamp":"2023-11-09 14:50:21"},{"nodeID":"1377746","text":"AudienceMember 20230126QT31: even things like racism","type":"L","timestamp":"2023-11-09 14:50:21"},{"nodeID":"1377747","text":"Analysing","type":"YA","timestamp":"2023-11-09 14:50:21"},{"nodeID":"1377748","text":"Lara: AudienceMember 20230126QT31: even things like racism","type":"L","timestamp":"2023-11-09 14:50:21"},{"nodeID":"1377749","text":"Asserting","type":"YA","timestamp":"2023-11-09 14:50:21"},{"nodeID":"1377750","text":"racism is prevalent in the press","type":"I","timestamp":"2023-11-09 14:50:22"},{"nodeID":"1377751","text":"AudienceMember 20230126QT31: racism is prevalent in the press","type":"L","timestamp":"2023-11-09 14:50:22"},{"nodeID":"1377752","text":"Analysing","type":"YA","timestamp":"2023-11-09 14:50:22"},{"nodeID":"1377753","text":"Lara: AudienceMember 20230126QT31: racism is prevalent in the press","type":"L","timestamp":"2023-11-09 14:50:22"},{"nodeID":"1377754","text":"Asserting","type":"YA","timestamp":"2023-11-09 14:50:22"},{"nodeID":"1377755","text":"the racism prevalent in the press needs to be addressed","type":"I","timestamp":"2023-11-09 14:50:22"},{"nodeID":"1377756","text":"AudienceMember 20230126QT31:  it needs to be addressed","type":"L","timestamp":"2023-11-09 14:50:22"},{"nodeID":"1377757","text":"Analysing","type":"YA","timestamp":"2023-11-09 14:50:22"},{"nodeID":"1377758","text":"Lara: AudienceMember 20230126QT31:  it needs to be addressed","type":"L","timestamp":"2023-11-09 14:50:22"},{"nodeID":"1377759","text":"Asserting","type":"YA","timestamp":"2023-11-09 14:50:22"},{"nodeID":"1377760","text":"it's terribly sad to see any family in conflict, or where there's that kind of dispute","type":"I","timestamp":"2023-11-09 14:50:23"},{"nodeID":"1377761","text":"Bridget Phillipson: it's terribly sad to see any family in conflict, or where there's that kind of dispute","type":"L","timestamp":"2023-11-09 14:50:23"},{"nodeID":"1377762","text":"Analysing","type":"YA","timestamp":"2023-11-09 14:50:23"},{"nodeID":"1377763","text":"Lara: Bridget Phillipson: it's terribly sad to see any family in conflict, or where there's that kind of dispute","type":"L","timestamp":"2023-11-09 14:50:23"},{"nodeID":"1377764","text":"Asserting","type":"YA","timestamp":"2023-11-09 14:50:23"},{"nodeID":"1377765","text":"it's even sadder when a family's dispute is played out in public","type":"I","timestamp":"2023-11-09 14:50:24"},{"nodeID":"1377766","text":"Bridget Phillipson: it's even sadder when that's played out in public","type":"L","timestamp":"2023-11-09 14:50:24"},{"nodeID":"1377767","text":"Analysing","type":"YA","timestamp":"2023-11-09 14:50:24"},{"nodeID":"1377768","text":"Lara: Bridget Phillipson: it's even sadder when that's played out in public","type":"L","timestamp":"2023-11-09 14:50:24"},{"nodeID":"1377769","text":"Asserting","type":"YA","timestamp":"2023-11-09 14:50:24"},{"nodeID":"1377770","text":"the royal family stay out of politics","type":"I","timestamp":"2023-11-09 14:50:24"},{"nodeID":"1377771","text":"Bridget Phillipson: The royal family stay out of politics","type":"L","timestamp":"2023-11-09 14:50:24"},{"nodeID":"1377772","text":"Analysing","type":"YA","timestamp":"2023-11-09 14:50:24"},{"nodeID":"1377773","text":"Lara: Bridget Phillipson: The royal family stay out of politics","type":"L","timestamp":"2023-11-09 14:50:24"},{"nodeID":"1377774","text":"Asserting","type":"YA","timestamp":"2023-11-09 14:50:24"},{"nodeID":"1377775","text":"Prince Harry speaking up is or is not damaging the monarchy","type":"I","timestamp":"2023-11-09 14:50:25"},{"nodeID":"1377776","text":"Analysing","type":"YA","timestamp":"2023-11-09 14:50:25"},{"nodeID":"1377777","text":"Lara: Fiona Bruce: Is it damaging the monarchy","type":"L","timestamp":"2023-11-09 14:50:25"},{"nodeID":"1377778","text":"Pure Questioning","type":"YA","timestamp":"2023-11-09 14:50:25"},{"nodeID":"1377779","text":"whether or not Prince Harry speaking up is damaging the monarchy is the thing that matters","type":"I","timestamp":"2023-11-09 14:50:25"},{"nodeID":"1377780","text":"Fiona Bruce: That's the thing","type":"L","timestamp":"2023-11-09 14:50:25"},{"nodeID":"1377781","text":"Analysing","type":"YA","timestamp":"2023-11-09 14:50:25"},{"nodeID":"1377782","text":"Lara: Fiona Bruce: That's the thing","type":"L","timestamp":"2023-11-09 14:50:25"},{"nodeID":"1377783","text":"Asserting","type":"YA","timestamp":"2023-11-09 14:50:25"},{"nodeID":"1377784","text":"Prince Harry speaking up is not damaging the monarchy","type":"I","timestamp":"2023-11-09 14:50:26"},{"nodeID":"1377785","text":"Bridget Phillipson: No, I don't think it is","type":"L","timestamp":"2023-11-09 14:50:26"},{"nodeID":"1377786","text":"Analysing","type":"YA","timestamp":"2023-11-09 14:50:26"},{"nodeID":"1377787","text":"Lara: Bridget Phillipson: No, I don't think it is","type":"L","timestamp":"2023-11-09 14:50:26"},{"nodeID":"1377788","text":"Asserting","type":"YA","timestamp":"2023-11-09 14:50:26"},{"nodeID":"1377789","text":"Analysing","type":"YA","timestamp":"2023-11-09 14:50:26"},{"nodeID":"1377790","text":"Asserting","type":"YA","timestamp":"2023-11-09 14:50:26"},{"nodeID":"1377791","text":"it's right that politicians don't involve themselves in the private family matters of the royal family","type":"I","timestamp":"2023-11-09 14:50:27"},{"nodeID":"1377792","text":"Bridget Phillipson: it's right that politicians don't involve themselves in the private family matters of the royal family","type":"L","timestamp":"2023-11-09 14:50:27"},{"nodeID":"1377793","text":"Analysing","type":"YA","timestamp":"2023-11-09 14:50:27"},{"nodeID":"1377794","text":"Lara: Bridget Phillipson: it's right that politicians don't involve themselves in the private family matters of the royal family","type":"L","timestamp":"2023-11-09 14:50:27"},{"nodeID":"1377795","text":"Asserting","type":"YA","timestamp":"2023-11-09 14:50:27"},{"nodeID":"1377796","text":"it's terribly sad what's happened","type":"I","timestamp":"2023-11-09 14:50:27"},{"nodeID":"1377797","text":"Bridget Phillipson: it's terribly sad what's happened","type":"L","timestamp":"2023-11-09 14:50:27"},{"nodeID":"1377798","text":"Analysing","type":"YA","timestamp":"2023-11-09 14:50:27"},{"nodeID":"1377799","text":"Lara: Bridget Phillipson: it's terribly sad what's happened","type":"L","timestamp":"2023-11-09 14:50:27"},{"nodeID":"1377800","text":"Asserting","type":"YA","timestamp":"2023-11-09 14:50:27"},{"nodeID":"1377801","text":"it's not really for politicians to involve ourselves in any big way in that decision","type":"I","timestamp":"2023-11-09 14:50:28"},{"nodeID":"1377802","text":"Bridget Phillipson: I don't think it's really for politicians to involve ourselves in any big way in that decision","type":"L","timestamp":"2023-11-09 14:50:28"},{"nodeID":"1377803","text":"Analysing","type":"YA","timestamp":"2023-11-09 14:50:28"},{"nodeID":"1377804","text":"Lara: Bridget Phillipson: I don't think it's really for politicians to involve ourselves in any big way in that decision","type":"L","timestamp":"2023-11-09 14:50:28"},{"nodeID":"1377805","text":"Asserting","type":"YA","timestamp":"2023-11-09 14:50:28"},{"nodeID":"1377806","text":"Default Transition","type":"TA","timestamp":"2023-11-09 14:50:28"},{"nodeID":"1377807","text":"Default Rephrase","type":"MA","timestamp":"2023-11-09 14:50:28"},{"nodeID":"1377808","text":"Restating","type":"YA","timestamp":"2023-11-09 14:50:28"},{"nodeID":"1377809","text":"Default Transition","type":"TA","timestamp":"2023-11-09 14:50:28"},{"nodeID":"1377810","text":"Default Transition","type":"TA","timestamp":"2023-11-09 14:50:28"},{"nodeID":"1377811","text":"Prince Harry felt like he was being fed to the dogs","type":"I","timestamp":"2023-11-09 14:50:29"},{"nodeID":"1377812","text":"Prince Harry: I felt like I was being fed to the dogs","type":"L","timestamp":"2023-11-09 14:50:29"},{"nodeID":"1377813","text":"Analysing","type":"YA","timestamp":"2023-11-09 14:50:29"},{"nodeID":"1377814","text":"Lara: Prince Harry: he felt like he was being fed to the dogs","type":"L","timestamp":"2023-11-09 14:50:29"},{"nodeID":"1377815","text":"Asserting","type":"YA","timestamp":"2023-11-09 14:50:29"},{"nodeID":"1377816","text":"Asserting","type":"YA","timestamp":"2023-11-09 14:50:29"},{"nodeID":"1377817","text":"Default Inference","type":"RA","timestamp":"2023-11-09 14:50:29"},{"nodeID":"1377818","text":"Arguing","type":"YA","timestamp":"2023-11-09 14:50:29"},{"nodeID":"1377819","text":"Default Transition","type":"TA","timestamp":"2023-11-09 14:50:29"},{"nodeID":"1377820","text":"Default Transition","type":"TA","timestamp":"2023-11-09 14:50:29"},{"nodeID":"1377821","text":"Default Transition","type":"TA","timestamp":"2023-11-09 14:50:29"},{"nodeID":"1377822","text":"Default Transition","type":"TA","timestamp":"2023-11-09 14:50:29"},{"nodeID":"1377823","text":"Default Rephrase","type":"MA","timestamp":"2023-11-09 14:50:29"},{"nodeID":"1377824","text":"Restating","type":"YA","timestamp":"2023-11-09 14:50:29"},{"nodeID":"1377825","text":"Default Transition","type":"TA","timestamp":"2023-11-09 14:50:29"},{"nodeID":"1377826","text":"Default Transition","type":"TA","timestamp":"2023-11-09 14:50:29"},{"nodeID":"1377827","text":"Default Transition","type":"TA","timestamp":"2023-11-09 14:50:29"},{"nodeID":"1377828","text":"Default Rephrase","type":"MA","timestamp":"2023-11-09 14:50:29"},{"nodeID":"1377829","text":"Restating","type":"YA","timestamp":"2023-11-09 14:50:29"},{"nodeID":"1377830","text":"Default Transition","type":"TA","timestamp":"2023-11-09 14:50:29"},{"nodeID":"1377831","text":"Default Transition","type":"TA","timestamp":"2023-11-09 14:50:29"},{"nodeID":"1377832","text":"Default Rephrase","type":"MA","timestamp":"2023-11-09 14:50:29"},{"nodeID":"1377833","text":"Restating","type":"YA","timestamp":"2023-11-09 14:50:29"},{"nodeID":"1377834","text":"Default Transition","type":"TA","timestamp":"2023-11-09 14:50:29"},{"nodeID":"1377835","text":"Default Transition","type":"TA","timestamp":"2023-11-09 14:50:29"},{"nodeID":"1377836","text":"Default Rephrase","type":"MA","timestamp":"2023-11-09 14:50:29"},{"nodeID":"1377837","text":"Restating","type":"YA","timestamp":"2023-11-09 14:50:29"},{"nodeID":"1377838","text":"Default Transition","type":"TA","timestamp":"2023-11-09 14:50:29"},{"nodeID":"1377839","text":"Default Transition","type":"TA","timestamp":"2023-11-09 14:50:29"},{"nodeID":"1377840","text":"Default Transition","type":"TA","timestamp":"2023-11-09 14:50:29"},{"nodeID":"1377841","text":"Default Rephrase","type":"MA","timestamp":"2023-11-09 14:50:29"},{"nodeID":"1377842","text":"Restating","type":"YA","timestamp":"2023-11-09 14:50:29"},{"nodeID":"1377843","text":"Default Transition","type":"TA","timestamp":"2023-11-09 14:50:29"},{"nodeID":"1377844","text":"Default Rephrase","type":"MA","timestamp":"2023-11-09 14:50:29"},{"nodeID":"1377845","text":"Default Illocuting","type":"YA","timestamp":"2023-11-09 14:50:29"},{"nodeID":"1377846","text":"Default Transition","type":"TA","timestamp":"2023-11-09 14:50:29"},{"nodeID":"1377847","text":"Default Rephrase","type":"MA","timestamp":"2023-11-09 14:50:29"},{"nodeID":"1377848","text":"Restating","type":"YA","timestamp":"2023-11-09 14:50:29"},{"nodeID":"1377849","text":"Default Transition","type":"TA","timestamp":"2023-11-09 14:50:29"},{"nodeID":"1377850","text":"Default Inference","type":"RA","timestamp":"2023-11-09 14:50:29"},{"nodeID":"1377851","text":"Arguing","type":"YA","timestamp":"2023-11-09 14:50:29"},{"nodeID":"1377852","text":"Default Transition","type":"TA","timestamp":"2023-11-09 14:50:29"},{"nodeID":"1377853","text":"Default Rephrase","type":"MA","timestamp":"2023-11-09 14:50:29"},{"nodeID":"1377854","text":"Restating","type":"YA","timestamp":"2023-11-09 14:50:29"},{"nodeID":"1377855","text":"Default Transition","type":"TA","timestamp":"2023-11-09 14:50:29"},{"nodeID":"1377856","text":"Default Rephrase","type":"MA","timestamp":"2023-11-09 14:50:29"},{"nodeID":"1377857","text":"Default Transition","type":"TA","timestamp":"2023-11-09 14:50:29"},{"nodeID":"1377858","text":"Restating","type":"YA","timestamp":"2023-11-09 14:50:29"},{"nodeID":"1377859","text":"Default Conflict","type":"CA","timestamp":"2023-11-09 14:50:29"},{"nodeID":"1377860","text":"Disagreeing","type":"YA","timestamp":"2023-11-09 14:50:29"},{"nodeID":"1377861","text":"Default Inference","type":"RA","timestamp":"2023-11-09 14:50:29"},{"nodeID":"1377862","text":"Arguing","type":"YA","timestamp":"2023-11-09 14:50:29"}],"edges":[{"edgeID":"1801228","fromID":"1377695","toID":"1377694","formEdgeID":null},{"edgeID":"1801229","fromID":"1377696","toID":"1377695","formEdgeID":null},{"edgeID":"1801230","fromID":"1377694","toID":"1377697","formEdgeID":null},{"edgeID":"1801231","fromID":"1377697","toID":"1377693","formEdgeID":null},{"edgeID":"1801232","fromID":"1377699","toID":"1377698","formEdgeID":null},{"edgeID":"1801233","fromID":"1377700","toID":"1377699","formEdgeID":null},{"edgeID":"1801234","fromID":"1377703","toID":"1377702","formEdgeID":null},{"edgeID":"1801235","fromID":"1377704","toID":"1377703","formEdgeID":null},{"edgeID":"1801236","fromID":"1377702","toID":"1377705","formEdgeID":null},{"edgeID":"1801237","fromID":"1377705","toID":"1377701","formEdgeID":null},{"edgeID":"1801238","fromID":"1377698","toID":"1377706","formEdgeID":null},{"edgeID":"1801239","fromID":"1377706","toID":"1377702","formEdgeID":null},{"edgeID":"1801240","fromID":"1377708","toID":"1377707","formEdgeID":null},{"edgeID":"1801241","fromID":"1377709","toID":"1377708","formEdgeID":null},{"edgeID":"1801242","fromID":"1377712","toID":"1377711","formEdgeID":null},{"edgeID":"1801243","fromID":"1377713","toID":"1377712","formEdgeID":null},{"edgeID":"1801244","fromID":"1377711","toID":"1377714","formEdgeID":null},{"edgeID":"1801245","fromID":"1377714","toID":"1377710","formEdgeID":null},{"edgeID":"1801246","fromID":"1377717","toID":"1377716","formEdgeID":null},{"edgeID":"1801247","fromID":"1377718","toID":"1377717","formEdgeID":null},{"edgeID":"1801248","fromID":"1377716","toID":"1377719","formEdgeID":null},{"edgeID":"1801249","fromID":"1377719","toID":"1377715","formEdgeID":null},{"edgeID":"1801250","fromID":"1377722","toID":"1377721","formEdgeID":null},{"edgeID":"1801251","fromID":"1377723","toID":"1377722","formEdgeID":null},{"edgeID":"1801252","fromID":"1377721","toID":"1377724","formEdgeID":null},{"edgeID":"1801253","fromID":"1377724","toID":"1377720","formEdgeID":null},{"edgeID":"1801254","fromID":"1377727","toID":"1377726","formEdgeID":null},{"edgeID":"1801255","fromID":"1377728","toID":"1377727","formEdgeID":null},{"edgeID":"1801256","fromID":"1377726","toID":"1377729","formEdgeID":null},{"edgeID":"1801257","fromID":"1377729","toID":"1377725","formEdgeID":null},{"edgeID":"1801258","fromID":"1377732","toID":"1377731","formEdgeID":null},{"edgeID":"1801259","fromID":"1377733","toID":"1377732","formEdgeID":null},{"edgeID":"1801260","fromID":"1377731","toID":"1377734","formEdgeID":null},{"edgeID":"1801261","fromID":"1377734","toID":"1377730","formEdgeID":null},{"edgeID":"1801262","fromID":"1377737","toID":"1377736","formEdgeID":null},{"edgeID":"1801263","fromID":"1377738","toID":"1377737","formEdgeID":null},{"edgeID":"1801264","fromID":"1377736","toID":"1377739","formEdgeID":null},{"edgeID":"1801265","fromID":"1377739","toID":"1377735","formEdgeID":null},{"edgeID":"1801266","fromID":"1377742","toID":"1377741","formEdgeID":null},{"edgeID":"1801267","fromID":"1377743","toID":"1377742","formEdgeID":null},{"edgeID":"1801268","fromID":"1377741","toID":"1377744","formEdgeID":null},{"edgeID":"1801269","fromID":"1377744","toID":"1377740","formEdgeID":null},{"edgeID":"1801270","fromID":"1377747","toID":"1377746","formEdgeID":null},{"edgeID":"1801271","fromID":"1377748","toID":"1377747","formEdgeID":null},{"edgeID":"1801272","fromID":"1377746","toID":"1377749","formEdgeID":null},{"edgeID":"1801273","fromID":"1377749","toID":"1377745","formEdgeID":null},{"edgeID":"1801274","fromID":"1377752","toID":"1377751","formEdgeID":null},{"edgeID":"1801275","fromID":"1377753","toID":"1377752","formEdgeID":null},{"edgeID":"1801276","fromID":"1377751","toID":"1377754","formEdgeID":null},{"edgeID":"1801277","fromID":"1377754","toID":"1377750","formEdgeID":null},{"edgeID":"1801278","fromID":"1377757","toID":"1377756","formEdgeID":null},{"edgeID":"1801279","fromID":"1377758","toID":"1377757","formEdgeID":null},{"edgeID":"1801280","fromID":"1377756","toID":"1377759","formEdgeID":null},{"edgeID":"1801281","fromID":"1377759","toID":"1377755","formEdgeID":null},{"edgeID":"1801282","fromID":"1377762","toID":"1377761","formEdgeID":null},{"edgeID":"1801283","fromID":"1377763","toID":"1377762","formEdgeID":null},{"edgeID":"1801284","fromID":"1377761","toID":"1377764","formEdgeID":null},{"edgeID":"1801285","fromID":"1377764","toID":"1377760","formEdgeID":null},{"edgeID":"1801286","fromID":"1377767","toID":"1377766","formEdgeID":null},{"edgeID":"1801287","fromID":"1377768","toID":"1377767","formEdgeID":null},{"edgeID":"1801288","fromID":"1377766","toID":"1377769","formEdgeID":null},{"edgeID":"1801289","fromID":"1377769","toID":"1377765","formEdgeID":null},{"edgeID":"1801290","fromID":"1377772","toID":"1377771","formEdgeID":null},{"edgeID":"1801291","fromID":"1377773","toID":"1377772","formEdgeID":null},{"edgeID":"1801292","fromID":"1377771","toID":"1377774","formEdgeID":null},{"edgeID":"1801293","fromID":"1377774","toID":"1377770","formEdgeID":null},{"edgeID":"1801294","fromID":"1377776","toID":"1377692","formEdgeID":null},{"edgeID":"1801295","fromID":"1377777","toID":"1377776","formEdgeID":null},{"edgeID":"1801296","fromID":"1377692","toID":"1377778","formEdgeID":null},{"edgeID":"1801297","fromID":"1377778","toID":"1377775","formEdgeID":null},{"edgeID":"1801298","fromID":"1377781","toID":"1377780","formEdgeID":null},{"edgeID":"1801299","fromID":"1377782","toID":"1377781","formEdgeID":null},{"edgeID":"1801300","fromID":"1377780","toID":"1377783","formEdgeID":null},{"edgeID":"1801301","fromID":"1377783","toID":"1377779","formEdgeID":null},{"edgeID":"1801302","fromID":"1377786","toID":"1377785","formEdgeID":null},{"edgeID":"1801303","fromID":"1377787","toID":"1377786","formEdgeID":null},{"edgeID":"1801304","fromID":"1377785","toID":"1377788","formEdgeID":null},{"edgeID":"1801305","fromID":"1377788","toID":"1377784","formEdgeID":null},{"edgeID":"1801306","fromID":"1377789","toID":"1377771","formEdgeID":null},{"edgeID":"1801307","fromID":"1377773","toID":"1377789","formEdgeID":null},{"edgeID":"1801308","fromID":"1377771","toID":"1377790","formEdgeID":null},{"edgeID":"1801309","fromID":"1377790","toID":"1377770","formEdgeID":null},{"edgeID":"1801310","fromID":"1377793","toID":"1377792","formEdgeID":null},{"edgeID":"1801311","fromID":"1377794","toID":"1377793","formEdgeID":null},{"edgeID":"1801312","fromID":"1377792","toID":"1377795","formEdgeID":null},{"edgeID":"1801313","fromID":"1377795","toID":"1377791","formEdgeID":null},{"edgeID":"1801314","fromID":"1377798","toID":"1377797","formEdgeID":null},{"edgeID":"1801315","fromID":"1377799","toID":"1377798","formEdgeID":null},{"edgeID":"1801316","fromID":"1377797","toID":"1377800","formEdgeID":null},{"edgeID":"1801317","fromID":"1377800","toID":"1377796","formEdgeID":null},{"edgeID":"1801318","fromID":"1377803","toID":"1377802","formEdgeID":null},{"edgeID":"1801319","fromID":"1377804","toID":"1377803","formEdgeID":null},{"edgeID":"1801320","fromID":"1377802","toID":"1377805","formEdgeID":null},{"edgeID":"1801321","fromID":"1377805","toID":"1377801","formEdgeID":null},{"edgeID":"1801322","fromID":"1377694","toID":"1377806","formEdgeID":null},{"edgeID":"1801323","fromID":"1377806","toID":"1377698","formEdgeID":null},{"edgeID":"1801324","fromID":"1377701","toID":"1377807","formEdgeID":null},{"edgeID":"1801325","fromID":"1377807","toID":"1377693","formEdgeID":null},{"edgeID":"1801326","fromID":"1377806","toID":"1377808","formEdgeID":null},{"edgeID":"1801327","fromID":"1377808","toID":"1377807","formEdgeID":null},{"edgeID":"1801328","fromID":"1377698","toID":"1377809","formEdgeID":null},{"edgeID":"1801329","fromID":"1377809","toID":"1377707","formEdgeID":null},{"edgeID":"1801330","fromID":"1377707","toID":"1377810","formEdgeID":null},{"edgeID":"1801331","fromID":"1377810","toID":"1377711","formEdgeID":null},{"edgeID":"1801332","fromID":"1377813","toID":"1377812","formEdgeID":null},{"edgeID":"1801333","fromID":"1377814","toID":"1377813","formEdgeID":null},{"edgeID":"1801334","fromID":"1377812","toID":"1377815","formEdgeID":null},{"edgeID":"1801335","fromID":"1377815","toID":"1377811","formEdgeID":null},{"edgeID":"1801336","fromID":"1377707","toID":"1377816","formEdgeID":null},{"edgeID":"1801337","fromID":"1377816","toID":"1377812","formEdgeID":null},{"edgeID":"1801338","fromID":"1377811","toID":"1377817","formEdgeID":null},{"edgeID":"1801339","fromID":"1377817","toID":"1377710","formEdgeID":null},{"edgeID":"1801340","fromID":"1377810","toID":"1377818","formEdgeID":null},{"edgeID":"1801341","fromID":"1377818","toID":"1377817","formEdgeID":null},{"edgeID":"1801342","fromID":"1377711","toID":"1377819","formEdgeID":null},{"edgeID":"1801343","fromID":"1377819","toID":"1377716","formEdgeID":null},{"edgeID":"1801344","fromID":"1377716","toID":"1377820","formEdgeID":null},{"edgeID":"1801345","fromID":"1377820","toID":"1377721","formEdgeID":null},{"edgeID":"1801346","fromID":"1377721","toID":"1377821","formEdgeID":null},{"edgeID":"1801347","fromID":"1377821","toID":"1377726","formEdgeID":null},{"edgeID":"1801348","fromID":"1377726","toID":"1377822","formEdgeID":null},{"edgeID":"1801349","fromID":"1377822","toID":"1377731","formEdgeID":null},{"edgeID":"1801350","fromID":"1377730","toID":"1377823","formEdgeID":null},{"edgeID":"1801351","fromID":"1377823","toID":"1377725","formEdgeID":null},{"edgeID":"1801352","fromID":"1377822","toID":"1377824","formEdgeID":null},{"edgeID":"1801353","fromID":"1377824","toID":"1377823","formEdgeID":null},{"edgeID":"1801354","fromID":"1377731","toID":"1377825","formEdgeID":null},{"edgeID":"1801355","fromID":"1377825","toID":"1377736","formEdgeID":null},{"edgeID":"1801356","fromID":"1377736","toID":"1377826","formEdgeID":null},{"edgeID":"1801357","fromID":"1377826","toID":"1377741","formEdgeID":null},{"edgeID":"1801358","fromID":"1377741","toID":"1377827","formEdgeID":null},{"edgeID":"1801359","fromID":"1377827","toID":"1377746","formEdgeID":null},{"edgeID":"1801360","fromID":"1377745","toID":"1377828","formEdgeID":null},{"edgeID":"1801361","fromID":"1377828","toID":"1377740","formEdgeID":null},{"edgeID":"1801362","fromID":"1377827","toID":"1377829","formEdgeID":null},{"edgeID":"1801363","fromID":"1377829","toID":"1377828","formEdgeID":null},{"edgeID":"1801364","fromID":"1377746","toID":"1377830","formEdgeID":null},{"edgeID":"1801365","fromID":"1377830","toID":"1377751","formEdgeID":null},{"edgeID":"1801366","fromID":"1377746","toID":"1377831","formEdgeID":null},{"edgeID":"1801367","fromID":"1377831","toID":"1377756","formEdgeID":null},{"edgeID":"1801368","fromID":"1377755","toID":"1377832","formEdgeID":null},{"edgeID":"1801369","fromID":"1377832","toID":"1377745","formEdgeID":null},{"edgeID":"1801370","fromID":"1377831","toID":"1377833","formEdgeID":null},{"edgeID":"1801371","fromID":"1377833","toID":"1377832","formEdgeID":null},{"edgeID":"1801372","fromID":"1377756","toID":"1377834","formEdgeID":null},{"edgeID":"1801373","fromID":"1377834","toID":"1377761","formEdgeID":null},{"edgeID":"1801374","fromID":"1377761","toID":"1377835","formEdgeID":null},{"edgeID":"1801375","fromID":"1377835","toID":"1377766","formEdgeID":null},{"edgeID":"1801376","fromID":"1377765","toID":"1377836","formEdgeID":null},{"edgeID":"1801377","fromID":"1377836","toID":"1377760","formEdgeID":null},{"edgeID":"1801378","fromID":"1377835","toID":"1377837","formEdgeID":null},{"edgeID":"1801379","fromID":"1377837","toID":"1377836","formEdgeID":null},{"edgeID":"1801380","fromID":"1377766","toID":"1377838","formEdgeID":null},{"edgeID":"1801381","fromID":"1377838","toID":"1377771","formEdgeID":null},{"edgeID":"1801382","fromID":"1377771","toID":"1377839","formEdgeID":null},{"edgeID":"1801383","fromID":"1377839","toID":"1377692","formEdgeID":null},{"edgeID":"1801384","fromID":"1377692","toID":"1377840","formEdgeID":null},{"edgeID":"1801385","fromID":"1377840","toID":"1377780","formEdgeID":null},{"edgeID":"1801386","fromID":"1377779","toID":"1377841","formEdgeID":null},{"edgeID":"1801387","fromID":"1377841","toID":"1377775","formEdgeID":null},{"edgeID":"1801388","fromID":"1377840","toID":"1377842","formEdgeID":null},{"edgeID":"1801389","fromID":"1377842","toID":"1377841","formEdgeID":null},{"edgeID":"1801390","fromID":"1377692","toID":"1377843","formEdgeID":null},{"edgeID":"1801391","fromID":"1377843","toID":"1377785","formEdgeID":null},{"edgeID":"1801392","fromID":"1377784","toID":"1377844","formEdgeID":null},{"edgeID":"1801393","fromID":"1377844","toID":"1377775","formEdgeID":null},{"edgeID":"1801394","fromID":"1377843","toID":"1377845","formEdgeID":null},{"edgeID":"1801395","fromID":"1377845","toID":"1377844","formEdgeID":null},{"edgeID":"1801396","fromID":"1377771","toID":"1377846","formEdgeID":null},{"edgeID":"1801397","fromID":"1377846","toID":"1377771","formEdgeID":null},{"edgeID":"1801398","fromID":"1377770","toID":"1377847","formEdgeID":null},{"edgeID":"1801399","fromID":"1377847","toID":"1377770","formEdgeID":null},{"edgeID":"1801400","fromID":"1377846","toID":"1377848","formEdgeID":null},{"edgeID":"1801401","fromID":"1377848","toID":"1377847","formEdgeID":null},{"edgeID":"1801402","fromID":"1377771","toID":"1377849","formEdgeID":null},{"edgeID":"1801403","fromID":"1377849","toID":"1377792","formEdgeID":null},{"edgeID":"1801404","fromID":"1377770","toID":"1377850","formEdgeID":null},{"edgeID":"1801405","fromID":"1377850","toID":"1377791","formEdgeID":null},{"edgeID":"1801406","fromID":"1377849","toID":"1377851","formEdgeID":null},{"edgeID":"1801407","fromID":"1377851","toID":"1377850","formEdgeID":null},{"edgeID":"1801408","fromID":"1377766","toID":"1377852","formEdgeID":null},{"edgeID":"1801409","fromID":"1377852","toID":"1377797","formEdgeID":null},{"edgeID":"1801410","fromID":"1377796","toID":"1377853","formEdgeID":null},{"edgeID":"1801411","fromID":"1377853","toID":"1377765","formEdgeID":null},{"edgeID":"1801412","fromID":"1377852","toID":"1377854","formEdgeID":null},{"edgeID":"1801413","fromID":"1377854","toID":"1377853","formEdgeID":null},{"edgeID":"1801414","fromID":"1377797","toID":"1377855","formEdgeID":null},{"edgeID":"1801415","fromID":"1377855","toID":"1377802","formEdgeID":null},{"edgeID":"1801416","fromID":"1377801","toID":"1377856","formEdgeID":null},{"edgeID":"1801417","fromID":"1377856","toID":"1377791","formEdgeID":null},{"edgeID":"1801418","fromID":"1377792","toID":"1377857","formEdgeID":null},{"edgeID":"1801419","fromID":"1377857","toID":"1377802","formEdgeID":null},{"edgeID":"1801420","fromID":"1377857","toID":"1377858","formEdgeID":null},{"edgeID":"1801421","fromID":"1377858","toID":"1377856","formEdgeID":null},{"edgeID":"1801422","fromID":"1377801","toID":"1377859","formEdgeID":null},{"edgeID":"1801423","fromID":"1377859","toID":"1377796","formEdgeID":null},{"edgeID":"1801424","fromID":"1377855","toID":"1377860","formEdgeID":null},{"edgeID":"1801425","fromID":"1377860","toID":"1377859","formEdgeID":null},{"edgeID":"1801426","fromID":"1377745","toID":"1377861","formEdgeID":null},{"edgeID":"1801427","fromID":"1377861","toID":"1377750","formEdgeID":null},{"edgeID":"1801428","fromID":"1377830","toID":"1377862","formEdgeID":null},{"edgeID":"1801429","fromID":"1377862","toID":"1377861","formEdgeID":null}],"locutions":[]}