{"nodes":[{"nodeID":"1359496","text":"Alex Chalk is going back to the 1980s","type":"I","timestamp":"2023-11-09 14:24:19"},{"nodeID":"1359497","text":"Ash Sarkar: you're going back to the 1980s","type":"L","timestamp":"2023-11-09 14:24:19"},{"nodeID":"1359498","text":"Analysing","type":"YA","timestamp":"2023-11-09 14:24:19"},{"nodeID":"1359499","text":"Anon: Ash Sarkar: you're going back to the 1980s","type":"L","timestamp":"2023-11-09 14:24:19"},{"nodeID":"1359500","text":"Asserting","type":"YA","timestamp":"2023-11-09 14:24:19"},{"nodeID":"1359501","text":"going back to the 1980s is such a weird argument","type":"I","timestamp":"2023-11-09 14:24:20"},{"nodeID":"1359502","text":"Ash Sarkar: it's such a weird argument","type":"L","timestamp":"2023-11-09 14:24:20"},{"nodeID":"1359503","text":"Analysing","type":"YA","timestamp":"2023-11-09 14:24:20"},{"nodeID":"1359504","text":"Anon: Ash Sarkar: it's such a weird argument","type":"L","timestamp":"2023-11-09 14:24:20"},{"nodeID":"1359505","text":"Asserting","type":"YA","timestamp":"2023-11-09 14:24:20"},{"nodeID":"1359506","text":"we're talking about what's going on in 2023","type":"I","timestamp":"2023-11-09 14:24:20"},{"nodeID":"1359507","text":"Ash Sarkar: We're talking about what's going on in 2023","type":"L","timestamp":"2023-11-09 14:24:20"},{"nodeID":"1359508","text":"Analysing","type":"YA","timestamp":"2023-11-09 14:24:20"},{"nodeID":"1359509","text":"Anon: Ash Sarkar: We're talking about what's going on in 2023","type":"L","timestamp":"2023-11-09 14:24:20"},{"nodeID":"1359510","text":"Asserting","type":"YA","timestamp":"2023-11-09 14:24:20"},{"nodeID":"1359511","text":"Default Transition","type":"TA","timestamp":"2023-11-09 14:24:20"},{"nodeID":"1359512","text":"Default Transition","type":"TA","timestamp":"2023-11-09 14:24:20"},{"nodeID":"1359513","text":"Default Inference","type":"RA","timestamp":"2023-11-09 14:24:20"},{"nodeID":"1359514","text":"Arguing","type":"YA","timestamp":"2023-11-09 14:24:20"},{"nodeID":"1359515","text":"the fact is that you've got nurses using food banks","type":"I","timestamp":"2023-11-09 14:24:21"},{"nodeID":"1359516","text":"Ash Sarkar: The fact is that you've got nurses using food banks","type":"L","timestamp":"2023-11-09 14:24:21"},{"nodeID":"1359517","text":"Analysing","type":"YA","timestamp":"2023-11-09 14:24:21"},{"nodeID":"1359518","text":"Anon: Ash Sarkar: The fact is that you've got nurses using food banks","type":"L","timestamp":"2023-11-09 14:24:21"},{"nodeID":"1359519","text":"Asserting","type":"YA","timestamp":"2023-11-09 14:24:21"},{"nodeID":"1359520","text":"Default Transition","type":"TA","timestamp":"2023-11-09 14:24:21"},{"nodeID":"1359521","text":"the fact is that you've got doctors moving to Australia where the pay is better","type":"I","timestamp":"2023-11-09 14:24:22"},{"nodeID":"1359522","text":"Ash Sarkar: doctors moving to Australia where the pay is better","type":"L","timestamp":"2023-11-09 14:24:22"},{"nodeID":"1359523","text":"Analysing","type":"YA","timestamp":"2023-11-09 14:24:22"},{"nodeID":"1359524","text":"Anon: Ash Sarkar: doctors moving to Australia where the pay is better","type":"L","timestamp":"2023-11-09 14:24:22"},{"nodeID":"1359525","text":"Asserting","type":"YA","timestamp":"2023-11-09 14:24:22"},{"nodeID":"1359526","text":"Default Rephrase","type":"MA","timestamp":"2023-11-09 14:24:22"},{"nodeID":"1359527","text":"Restating","type":"YA","timestamp":"2023-11-09 14:24:22"},{"nodeID":"1359528","text":"Default Rephrase","type":"MA","timestamp":"2023-11-09 14:24:22"},{"nodeID":"1359529","text":"Default Transition","type":"TA","timestamp":"2023-11-09 14:24:22"},{"nodeID":"1359530","text":"Restating","type":"YA","timestamp":"2023-11-09 14:24:22"},{"nodeID":"1359531","text":"the NHS's pay isn't competitive","type":"I","timestamp":"2023-11-09 14:24:23"},{"nodeID":"1359532","text":"Ash Sarkar: your pay isn't competitive","type":"L","timestamp":"2023-11-09 14:24:23"},{"nodeID":"1359533","text":"Analysing","type":"YA","timestamp":"2023-11-09 14:24:23"},{"nodeID":"1359534","text":"Anon: Ash Sarkar: your pay isn't competitive","type":"L","timestamp":"2023-11-09 14:24:23"},{"nodeID":"1359535","text":"Asserting","type":"YA","timestamp":"2023-11-09 14:24:23"},{"nodeID":"1359536","text":"Default Transition","type":"TA","timestamp":"2023-11-09 14:24:23"},{"nodeID":"1359537","text":"Default Inference","type":"RA","timestamp":"2023-11-09 14:24:23"},{"nodeID":"1359538","text":"Arguing","type":"YA","timestamp":"2023-11-09 14:24:23"},{"nodeID":"1359539","text":"when Alex Chalk was the Prisons Minister he actually made representations to the pay review body","type":"I","timestamp":"2023-11-09 14:24:24"},{"nodeID":"1359540","text":"Alex Chalk: when I was the Prisons Minister I actually made representations to the pay review body","type":"L","timestamp":"2023-11-09 14:24:24"},{"nodeID":"1359541","text":"Analysing","type":"YA","timestamp":"2023-11-09 14:24:24"},{"nodeID":"1359542","text":"Anon: Alex Chalk: when I was the Prisons Minister I actually made representations to the pay review body","type":"L","timestamp":"2023-11-09 14:24:24"},{"nodeID":"1359543","text":"Asserting","type":"YA","timestamp":"2023-11-09 14:24:24"},{"nodeID":"1359544","text":"Default Transition","type":"TA","timestamp":"2023-11-09 14:24:24"},{"nodeID":"1359545","text":"you have people who are highly expert people","type":"I","timestamp":"2023-11-09 14:24:24"},{"nodeID":"1359546","text":"Alex Chalk: you have people who are highly expert people","type":"L","timestamp":"2023-11-09 14:24:24"},{"nodeID":"1359547","text":"Analysing","type":"YA","timestamp":"2023-11-09 14:24:24"},{"nodeID":"1359548","text":"Anon: Alex Chalk: you have people who are highly expert people","type":"L","timestamp":"2023-11-09 14:24:24"},{"nodeID":"1359549","text":"Asserting","type":"YA","timestamp":"2023-11-09 14:24:24"},{"nodeID":"1359550","text":"expert people are qualified, sometimes they might have a trade union background, sometimes they might have other areas of expertise","type":"I","timestamp":"2023-11-09 14:24:25"},{"nodeID":"1359551","text":"Alex Chalk: qualified, sometimes they might have a trade union background, sometimes they might have other areas of expertise","type":"L","timestamp":"2023-11-09 14:24:25"},{"nodeID":"1359552","text":"Analysing","type":"YA","timestamp":"2023-11-09 14:24:25"},{"nodeID":"1359553","text":"Anon: Alex Chalk: qualified, sometimes they might have a trade union background, sometimes they might have other areas of expertise","type":"L","timestamp":"2023-11-09 14:24:25"},{"nodeID":"1359554","text":"Asserting","type":"YA","timestamp":"2023-11-09 14:24:25"},{"nodeID":"1359555","text":"Default Rephrase","type":"MA","timestamp":"2023-11-09 14:24:25"},{"nodeID":"1359556","text":"Default Transition","type":"TA","timestamp":"2023-11-09 14:24:25"},{"nodeID":"1359557","text":"Restating","type":"YA","timestamp":"2023-11-09 14:24:25"},{"nodeID":"1359558","text":"the Government and the minister will give evidence about what is affordable","type":"I","timestamp":"2023-11-09 14:24:26"},{"nodeID":"1359559","text":"Alex Chalk: The Government and the minister will give evidence about what is affordable","type":"L","timestamp":"2023-11-09 14:24:26"},{"nodeID":"1359560","text":"Analysing","type":"YA","timestamp":"2023-11-09 14:24:26"},{"nodeID":"1359561","text":"Anon: Alex Chalk: The Government and the minister will give evidence about what is affordable","type":"L","timestamp":"2023-11-09 14:24:26"},{"nodeID":"1359562","text":"Asserting","type":"YA","timestamp":"2023-11-09 14:24:26"},{"nodeID":"1359563","text":"the Government and the minister can take expert evidence from elsewhere","type":"I","timestamp":"2023-11-09 14:24:27"},{"nodeID":"1359564","text":"Alex Chalk: they can take expert evidence from elsewhere","type":"L","timestamp":"2023-11-09 14:24:27"},{"nodeID":"1359565","text":"Analysing","type":"YA","timestamp":"2023-11-09 14:24:27"},{"nodeID":"1359566","text":"Anon: Alex Chalk: they can take expert evidence from elsewhere","type":"L","timestamp":"2023-11-09 14:24:27"},{"nodeID":"1359567","text":"Asserting","type":"YA","timestamp":"2023-11-09 14:24:27"},{"nodeID":"1359568","text":"the Government and the minister will reach a decision","type":"I","timestamp":"2023-11-09 14:24:28"},{"nodeID":"1359569","text":"Alex Chalk: they will then reach a decision","type":"L","timestamp":"2023-11-09 14:24:28"},{"nodeID":"1359570","text":"Analysing","type":"YA","timestamp":"2023-11-09 14:24:28"},{"nodeID":"1359571","text":"Anon: Alex Chalk: they will then reach a decision","type":"L","timestamp":"2023-11-09 14:24:28"},{"nodeID":"1359572","text":"Asserting","type":"YA","timestamp":"2023-11-09 14:24:28"},{"nodeID":"1359573","text":"Default Transition","type":"TA","timestamp":"2023-11-09 14:24:28"},{"nodeID":"1359574","text":"Default Transition","type":"TA","timestamp":"2023-11-09 14:24:28"},{"nodeID":"1359575","text":"Default Inference","type":"RA","timestamp":"2023-11-09 14:24:28"},{"nodeID":"1359576","text":"Arguing","type":"YA","timestamp":"2023-11-09 14:24:28"},{"nodeID":"1359577","text":"Default Transition","type":"TA","timestamp":"2023-11-09 14:24:28"},{"nodeID":"1359578","text":"Default Inference","type":"RA","timestamp":"2023-11-09 14:24:28"},{"nodeID":"1359579","text":"Arguing","type":"YA","timestamp":"2023-11-09 14:24:28"},{"nodeID":"1359580","text":"Alex Chalk can explain how NHS pay works","type":"I","timestamp":"2023-11-09 14:24:29"},{"nodeID":"1359581","text":"Alex Chalk:  can I just explain how it works","type":"L","timestamp":"2023-11-09 14:24:29"},{"nodeID":"1359582","text":"Analysing","type":"YA","timestamp":"2023-11-09 14:24:29"},{"nodeID":"1359583","text":"Anon: Alex Chalk:  can I just explain how it works","type":"L","timestamp":"2023-11-09 14:24:29"},{"nodeID":"1359584","text":"Assertive Questioning","type":"YA","timestamp":"2023-11-09 14:24:29"},{"nodeID":"1359585","text":"Default Transition","type":"TA","timestamp":"2023-11-09 14:24:29"},{"nodeID":"1359586","text":"Default Transition","type":"TA","timestamp":"2023-11-09 14:24:29"},{"nodeID":"1359587","text":"Default Inference","type":"RA","timestamp":"2023-11-09 14:24:29"},{"nodeID":"1359588","text":"Arguing","type":"YA","timestamp":"2023-11-09 14:24:29"},{"nodeID":"1359589","text":"the pay review body is making decisions based on what funding the Government and minister allocate","type":"I","timestamp":"2023-11-09 14:24:29"},{"nodeID":"1359590","text":"Ash Sarkar: the pay review body is making decisions based on what funding you allocate","type":"L","timestamp":"2023-11-09 14:24:29"},{"nodeID":"1359591","text":"Analysing","type":"YA","timestamp":"2023-11-09 14:24:29"},{"nodeID":"1359592","text":"Anon: Ash Sarkar: the pay review body is making decisions based on what funding you allocate","type":"L","timestamp":"2023-11-09 14:24:29"},{"nodeID":"1359593","text":"Asserting","type":"YA","timestamp":"2023-11-09 14:24:29"},{"nodeID":"1359594","text":"Default Transition","type":"TA","timestamp":"2023-11-09 14:24:29"},{"nodeID":"1359595","text":"Default Conflict","type":"CA","timestamp":"2023-11-09 14:24:29"},{"nodeID":"1359596","text":"Disagreeing","type":"YA","timestamp":"2023-11-09 14:24:29"},{"nodeID":"1359597","text":"Alex Chalk's argument is ridiculous","type":"I","timestamp":"2023-11-09 14:24:30"},{"nodeID":"1359598","text":"Ash Sarkar: this is such a ridiculous way of you to try and","type":"L","timestamp":"2023-11-09 14:24:30"},{"nodeID":"1359599","text":"Analysing","type":"YA","timestamp":"2023-11-09 14:24:30"},{"nodeID":"1359600","text":"Anon: Ash Sarkar: this is such a ridiculous way of you to try and","type":"L","timestamp":"2023-11-09 14:24:30"},{"nodeID":"1359601","text":"Asserting","type":"YA","timestamp":"2023-11-09 14:24:30"},{"nodeID":"1359602","text":"Default Inference","type":"RA","timestamp":"2023-11-09 14:24:30"},{"nodeID":"1359603","text":"Default Transition","type":"TA","timestamp":"2023-11-09 14:24:30"},{"nodeID":"1359604","text":"Arguing","type":"YA","timestamp":"2023-11-09 14:24:30"},{"nodeID":"1359605","text":"Default Transition","type":"TA","timestamp":"2023-11-09 14:24:30"},{"nodeID":"1359606","text":"Default Rephrase","type":"MA","timestamp":"2023-11-09 14:24:30"},{"nodeID":"1359607","text":"Restating","type":"YA","timestamp":"2023-11-09 14:24:30"},{"nodeID":"1359608","text":"Anna Soubry: this is a phony argument","type":"L","timestamp":"2023-11-09 14:24:30"},{"nodeID":"1359609","text":"Analysing","type":"YA","timestamp":"2023-11-09 14:24:30"},{"nodeID":"1359610","text":"Anon: Anna Soubry: this is a phony argument","type":"L","timestamp":"2023-11-09 14:24:30"},{"nodeID":"1359611","text":"Default Transition","type":"TA","timestamp":"2023-11-09 14:24:30"},{"nodeID":"1359612","text":"Agreeing","type":"YA","timestamp":"2023-11-09 14:24:30"},{"nodeID":"1359613","text":"Default Transition","type":"TA","timestamp":"2023-11-09 14:24:30"},{"nodeID":"1359614","text":"Default Conflict","type":"CA","timestamp":"2023-11-09 14:24:30"},{"nodeID":"1359615","text":"Disagreeing","type":"YA","timestamp":"2023-11-09 14:24:30"}],"edges":[{"edgeID":"1779644","fromID":"1359498","toID":"1359497","formEdgeID":null},{"edgeID":"1779645","fromID":"1359499","toID":"1359498","formEdgeID":null},{"edgeID":"1779646","fromID":"1359497","toID":"1359500","formEdgeID":null},{"edgeID":"1779647","fromID":"1359500","toID":"1359496","formEdgeID":null},{"edgeID":"1779648","fromID":"1359503","toID":"1359502","formEdgeID":null},{"edgeID":"1779649","fromID":"1359504","toID":"1359503","formEdgeID":null},{"edgeID":"1779650","fromID":"1359502","toID":"1359505","formEdgeID":null},{"edgeID":"1779651","fromID":"1359505","toID":"1359501","formEdgeID":null},{"edgeID":"1779652","fromID":"1359508","toID":"1359507","formEdgeID":null},{"edgeID":"1779653","fromID":"1359509","toID":"1359508","formEdgeID":null},{"edgeID":"1779654","fromID":"1359507","toID":"1359510","formEdgeID":null},{"edgeID":"1779655","fromID":"1359510","toID":"1359506","formEdgeID":null},{"edgeID":"1779656","fromID":"1359497","toID":"1359511","formEdgeID":null},{"edgeID":"1779657","fromID":"1359511","toID":"1359507","formEdgeID":null},{"edgeID":"1779658","fromID":"1359497","toID":"1359512","formEdgeID":null},{"edgeID":"1779659","fromID":"1359512","toID":"1359502","formEdgeID":null},{"edgeID":"1779660","fromID":"1359506","toID":"1359513","formEdgeID":null},{"edgeID":"1779661","fromID":"1359513","toID":"1359501","formEdgeID":null},{"edgeID":"1779662","fromID":"1359496","toID":"1359513","formEdgeID":null},{"edgeID":"1779663","fromID":"1359511","toID":"1359514","formEdgeID":null},{"edgeID":"1779664","fromID":"1359514","toID":"1359513","formEdgeID":null},{"edgeID":"1779665","fromID":"1359517","toID":"1359516","formEdgeID":null},{"edgeID":"1779666","fromID":"1359518","toID":"1359517","formEdgeID":null},{"edgeID":"1779667","fromID":"1359516","toID":"1359519","formEdgeID":null},{"edgeID":"1779668","fromID":"1359519","toID":"1359515","formEdgeID":null},{"edgeID":"1779669","fromID":"1359507","toID":"1359520","formEdgeID":null},{"edgeID":"1779670","fromID":"1359520","toID":"1359516","formEdgeID":null},{"edgeID":"1779671","fromID":"1359523","toID":"1359522","formEdgeID":null},{"edgeID":"1779672","fromID":"1359524","toID":"1359523","formEdgeID":null},{"edgeID":"1779673","fromID":"1359522","toID":"1359525","formEdgeID":null},{"edgeID":"1779674","fromID":"1359525","toID":"1359521","formEdgeID":null},{"edgeID":"1779675","fromID":"1359515","toID":"1359526","formEdgeID":null},{"edgeID":"1779676","fromID":"1359526","toID":"1359506","formEdgeID":null},{"edgeID":"1779677","fromID":"1359520","toID":"1359527","formEdgeID":null},{"edgeID":"1779678","fromID":"1359527","toID":"1359526","formEdgeID":null},{"edgeID":"1779679","fromID":"1359521","toID":"1359528","formEdgeID":null},{"edgeID":"1779680","fromID":"1359528","toID":"1359515","formEdgeID":null},{"edgeID":"1779681","fromID":"1359516","toID":"1359529","formEdgeID":null},{"edgeID":"1779682","fromID":"1359529","toID":"1359522","formEdgeID":null},{"edgeID":"1779683","fromID":"1359529","toID":"1359530","formEdgeID":null},{"edgeID":"1779684","fromID":"1359530","toID":"1359528","formEdgeID":null},{"edgeID":"1779685","fromID":"1359533","toID":"1359532","formEdgeID":null},{"edgeID":"1779686","fromID":"1359534","toID":"1359533","formEdgeID":null},{"edgeID":"1779687","fromID":"1359532","toID":"1359535","formEdgeID":null},{"edgeID":"1779688","fromID":"1359535","toID":"1359531","formEdgeID":null},{"edgeID":"1779689","fromID":"1359522","toID":"1359536","formEdgeID":null},{"edgeID":"1779690","fromID":"1359536","toID":"1359532","formEdgeID":null},{"edgeID":"1779691","fromID":"1359531","toID":"1359537","formEdgeID":null},{"edgeID":"1779692","fromID":"1359537","toID":"1359521","formEdgeID":null},{"edgeID":"1779693","fromID":"1359536","toID":"1359538","formEdgeID":null},{"edgeID":"1779694","fromID":"1359538","toID":"1359537","formEdgeID":null},{"edgeID":"1779695","fromID":"1359541","toID":"1359540","formEdgeID":null},{"edgeID":"1779696","fromID":"1359542","toID":"1359541","formEdgeID":null},{"edgeID":"1779697","fromID":"1359540","toID":"1359543","formEdgeID":null},{"edgeID":"1779698","fromID":"1359543","toID":"1359539","formEdgeID":null},{"edgeID":"1779699","fromID":"1359532","toID":"1359544","formEdgeID":null},{"edgeID":"1779700","fromID":"1359544","toID":"1359540","formEdgeID":null},{"edgeID":"1779701","fromID":"1359547","toID":"1359546","formEdgeID":null},{"edgeID":"1779702","fromID":"1359548","toID":"1359547","formEdgeID":null},{"edgeID":"1779703","fromID":"1359546","toID":"1359549","formEdgeID":null},{"edgeID":"1779704","fromID":"1359549","toID":"1359545","formEdgeID":null},{"edgeID":"1779705","fromID":"1359552","toID":"1359551","formEdgeID":null},{"edgeID":"1779706","fromID":"1359553","toID":"1359552","formEdgeID":null},{"edgeID":"1779707","fromID":"1359551","toID":"1359554","formEdgeID":null},{"edgeID":"1779708","fromID":"1359554","toID":"1359550","formEdgeID":null},{"edgeID":"1779709","fromID":"1359550","toID":"1359555","formEdgeID":null},{"edgeID":"1779710","fromID":"1359555","toID":"1359545","formEdgeID":null},{"edgeID":"1779711","fromID":"1359546","toID":"1359556","formEdgeID":null},{"edgeID":"1779712","fromID":"1359556","toID":"1359551","formEdgeID":null},{"edgeID":"1779713","fromID":"1359556","toID":"1359557","formEdgeID":null},{"edgeID":"1779714","fromID":"1359557","toID":"1359555","formEdgeID":null},{"edgeID":"1779715","fromID":"1359560","toID":"1359559","formEdgeID":null},{"edgeID":"1779716","fromID":"1359561","toID":"1359560","formEdgeID":null},{"edgeID":"1779717","fromID":"1359559","toID":"1359562","formEdgeID":null},{"edgeID":"1779718","fromID":"1359562","toID":"1359558","formEdgeID":null},{"edgeID":"1779719","fromID":"1359565","toID":"1359564","formEdgeID":null},{"edgeID":"1779720","fromID":"1359566","toID":"1359565","formEdgeID":null},{"edgeID":"1779721","fromID":"1359564","toID":"1359567","formEdgeID":null},{"edgeID":"1779722","fromID":"1359567","toID":"1359563","formEdgeID":null},{"edgeID":"1779723","fromID":"1359570","toID":"1359569","formEdgeID":null},{"edgeID":"1779724","fromID":"1359571","toID":"1359570","formEdgeID":null},{"edgeID":"1779725","fromID":"1359569","toID":"1359572","formEdgeID":null},{"edgeID":"1779726","fromID":"1359572","toID":"1359568","formEdgeID":null},{"edgeID":"1779727","fromID":"1359559","toID":"1359573","formEdgeID":null},{"edgeID":"1779728","fromID":"1359573","toID":"1359569","formEdgeID":null},{"edgeID":"1779729","fromID":"1359564","toID":"1359574","formEdgeID":null},{"edgeID":"1779730","fromID":"1359574","toID":"1359569","formEdgeID":null},{"edgeID":"1779731","fromID":"1359563","toID":"1359575","formEdgeID":null},{"edgeID":"1779732","fromID":"1359575","toID":"1359568","formEdgeID":null},{"edgeID":"1779733","fromID":"1359558","toID":"1359575","formEdgeID":null},{"edgeID":"1779734","fromID":"1359574","toID":"1359576","formEdgeID":null},{"edgeID":"1779735","fromID":"1359576","toID":"1359575","formEdgeID":null},{"edgeID":"1779736","fromID":"1359546","toID":"1359577","formEdgeID":null},{"edgeID":"1779737","fromID":"1359577","toID":"1359564","formEdgeID":null},{"edgeID":"1779738","fromID":"1359545","toID":"1359578","formEdgeID":null},{"edgeID":"1779739","fromID":"1359578","toID":"1359563","formEdgeID":null},{"edgeID":"1779740","fromID":"1359577","toID":"1359579","formEdgeID":null},{"edgeID":"1779741","fromID":"1359579","toID":"1359578","formEdgeID":null},{"edgeID":"1779742","fromID":"1359582","toID":"1359581","formEdgeID":null},{"edgeID":"1779743","fromID":"1359583","toID":"1359582","formEdgeID":null},{"edgeID":"1779744","fromID":"1359581","toID":"1359584","formEdgeID":null},{"edgeID":"1779745","fromID":"1359584","toID":"1359580","formEdgeID":null},{"edgeID":"1779746","fromID":"1359581","toID":"1359585","formEdgeID":null},{"edgeID":"1779747","fromID":"1359585","toID":"1359546","formEdgeID":null},{"edgeID":"1779748","fromID":"1359540","toID":"1359586","formEdgeID":null},{"edgeID":"1779749","fromID":"1359586","toID":"1359581","formEdgeID":null},{"edgeID":"1779750","fromID":"1359539","toID":"1359587","formEdgeID":null},{"edgeID":"1779751","fromID":"1359587","toID":"1359580","formEdgeID":null},{"edgeID":"1779752","fromID":"1359586","toID":"1359588","formEdgeID":null},{"edgeID":"1779753","fromID":"1359588","toID":"1359587","formEdgeID":null},{"edgeID":"1779754","fromID":"1359591","toID":"1359590","formEdgeID":null},{"edgeID":"1779755","fromID":"1359592","toID":"1359591","formEdgeID":null},{"edgeID":"1779756","fromID":"1359590","toID":"1359593","formEdgeID":null},{"edgeID":"1779757","fromID":"1359593","toID":"1359589","formEdgeID":null},{"edgeID":"1779758","fromID":"1359564","toID":"1359594","formEdgeID":null},{"edgeID":"1779759","fromID":"1359594","toID":"1359590","formEdgeID":null},{"edgeID":"1779760","fromID":"1359589","toID":"1359595","formEdgeID":null},{"edgeID":"1779761","fromID":"1359595","toID":"1359563","formEdgeID":null},{"edgeID":"1779762","fromID":"1359594","toID":"1359596","formEdgeID":null},{"edgeID":"1779763","fromID":"1359596","toID":"1359595","formEdgeID":null},{"edgeID":"1779764","fromID":"1359599","toID":"1359598","formEdgeID":null},{"edgeID":"1779765","fromID":"1359600","toID":"1359599","formEdgeID":null},{"edgeID":"1779766","fromID":"1359598","toID":"1359601","formEdgeID":null},{"edgeID":"1779767","fromID":"1359601","toID":"1359597","formEdgeID":null},{"edgeID":"1779768","fromID":"1359589","toID":"1359602","formEdgeID":null},{"edgeID":"1779769","fromID":"1359602","toID":"1359597","formEdgeID":null},{"edgeID":"1779770","fromID":"1359590","toID":"1359603","formEdgeID":null},{"edgeID":"1779771","fromID":"1359603","toID":"1359598","formEdgeID":null},{"edgeID":"1779772","fromID":"1359603","toID":"1359604","formEdgeID":null},{"edgeID":"1779773","fromID":"1359604","toID":"1359602","formEdgeID":null},{"edgeID":"1779774","fromID":"1359502","toID":"1359605","formEdgeID":null},{"edgeID":"1779775","fromID":"1359605","toID":"1359598","formEdgeID":null},{"edgeID":"1779776","fromID":"1359597","toID":"1359606","formEdgeID":null},{"edgeID":"1779777","fromID":"1359606","toID":"1359501","formEdgeID":null},{"edgeID":"1779778","fromID":"1359605","toID":"1359607","formEdgeID":null},{"edgeID":"1779779","fromID":"1359607","toID":"1359606","formEdgeID":null},{"edgeID":"1779780","fromID":"1359609","toID":"1359608","formEdgeID":null},{"edgeID":"1779781","fromID":"1359610","toID":"1359609","formEdgeID":null},{"edgeID":"1779782","fromID":"1359598","toID":"1359611","formEdgeID":null},{"edgeID":"1779783","fromID":"1359611","toID":"1359608","formEdgeID":null},{"edgeID":"1779784","fromID":"1359611","toID":"1359612","formEdgeID":null},{"edgeID":"1779785","fromID":"1359612","toID":"1359597","formEdgeID":null},{"edgeID":"1779786","fromID":"1359581","toID":"1359613","formEdgeID":null},{"edgeID":"1779787","fromID":"1359613","toID":"1359598","formEdgeID":null},{"edgeID":"1779788","fromID":"1359597","toID":"1359614","formEdgeID":null},{"edgeID":"1779789","fromID":"1359614","toID":"1359580","formEdgeID":null},{"edgeID":"1779790","fromID":"1359613","toID":"1359615","formEdgeID":null},{"edgeID":"1779791","fromID":"1359615","toID":"1359614","formEdgeID":null}],"locutions":[]}