{"nodes":[{"nodeID":"1360018","text":"it's clear that the NHS is in crisis","type":"I","timestamp":"2023-11-09 14:25:13"},{"nodeID":"1360019","text":"Bridget Phillipson: It's clear that the NHS is in crisis","type":"L","timestamp":"2023-11-09 14:25:13"},{"nodeID":"1360020","text":"Claudia: Bridget Phillipson: It's clear that the NHS is in crisis","type":"L","timestamp":"2023-11-09 14:25:13"},{"nodeID":"1360021","text":"the NHS is facing the greatest crisis in its history","type":"I","timestamp":"2023-11-09 14:25:14"},{"nodeID":"1360022","text":"Bridget Phillipson: it's facing the greatest crisis in its history","type":"L","timestamp":"2023-11-09 14:25:14"},{"nodeID":"1360023","text":"Claudia: Bridget Phillipson: it's facing the greatest crisis in its history","type":"L","timestamp":"2023-11-09 14:25:14"},{"nodeID":"1360024","text":"those of you working in the NHS see that the NHS is facing the greatest crisis in its history every day","type":"I","timestamp":"2023-11-09 14:25:15"},{"nodeID":"1360025","text":"Bridget Phillipson: those of you working in the NHS see it every day","type":"L","timestamp":"2023-11-09 14:25:15"},{"nodeID":"1360026","text":"Claudia: Bridget Phillipson: those of you working in the NHS see it every day","type":"L","timestamp":"2023-11-09 14:25:15"},{"nodeID":"1360027","text":"everyone who uses the NHS and needs the NHS every day also sees that the NHS is facing the greates crisis in its history","type":"I","timestamp":"2023-11-09 14:25:16"},{"nodeID":"1360028","text":"Bridget Phillipson: everyone who uses the NHS and needs the NHS every day\u2026they also see that","type":"L","timestamp":"2023-11-09 14:25:16"},{"nodeID":"1360029","text":"Claudia: Bridget Phillipson: everyone who uses the NHS and needs the NHS every day\u2026they also see that","type":"L","timestamp":"2023-11-09 14:25:16"},{"nodeID":"1360030","text":"Claudia: Bridget Phillipson: if you look at how long people have to wait, stroke victims, heart attack victims, an hour and a half, when every second counts","type":"L","timestamp":"2023-11-09 14:25:16"},{"nodeID":"1360031","text":"sometimes it takes more than three hours in order for an ambulance to arrive","type":"I","timestamp":"2023-11-09 14:25:17"},{"nodeID":"1360032","text":"Bridget Phillipson: Sometimes more than three hours in order for an ambulance to arrive","type":"L","timestamp":"2023-11-09 14:25:17"},{"nodeID":"1360033","text":"Claudia: Bridget Phillipson: Sometimes more than three hours in order for an ambulance to arrive","type":"L","timestamp":"2023-11-09 14:25:17"},{"nodeID":"1360034","text":"we're in the ludicrous position at the moment where Conservative ministers are talking about introducing minimum standards during strikes","type":"I","timestamp":"2023-11-09 14:25:18"},{"nodeID":"1360035","text":"Bridget Phillipson:  we're in the ludicrous position at the moment where Conservative ministers are talking about introducing minimum standards during strikes","type":"L","timestamp":"2023-11-09 14:25:18"},{"nodeID":"1360036","text":"Claudia: Bridget Phillipson:  we're in the ludicrous position at the moment where Conservative ministers are talking about introducing minimum standards during strikes","type":"L","timestamp":"2023-11-09 14:25:18"},{"nodeID":"1360037","text":"You can't guarantee on a normal day that you will get an ambulance when you need it","type":"I","timestamp":"2023-11-09 14:25:19"},{"nodeID":"1360038","text":"Bridget Phillipson: You can't guarantee on a normal day that you will get an ambulance when you need it","type":"L","timestamp":"2023-11-09 14:25:19"},{"nodeID":"1360039","text":"Claudia: Bridget Phillipson: You can't guarantee on a normal day that you will get an ambulance when you need it","type":"L","timestamp":"2023-11-09 14:25:19"},{"nodeID":"1360040","text":"the fact that you can't guarantee on a normal day that you will get an ambulance is terrifying","type":"I","timestamp":"2023-11-09 14:25:20"},{"nodeID":"1360041","text":"Bridget Phillipson: that is terrifying","type":"L","timestamp":"2023-11-09 14:25:20"},{"nodeID":"1360042","text":"Claudia: Bridget Phillipson: that is terrifying","type":"L","timestamp":"2023-11-09 14:25:20"},{"nodeID":"1360043","text":"it is terrifying for everybody that the NHS is not there for us when we need it","type":"I","timestamp":"2023-11-09 14:25:21"},{"nodeID":"1360044","text":"Bridget Phillipson: It is terrifying for everybody that the NHS is not there for us when we need it","type":"L","timestamp":"2023-11-09 14:25:21"},{"nodeID":"1360045","text":"Claudia: Bridget Phillipson: It is terrifying for everybody that the NHS is not there for us when we need it","type":"L","timestamp":"2023-11-09 14:25:21"},{"nodeID":"1360046","text":"Labour think the answer is xxx","type":"I","timestamp":"2023-11-09 14:25:22"},{"nodeID":"1360047","text":"Fiona Bruce: what does Labour think the answer is?","type":"L","timestamp":"2023-11-09 14:25:22"},{"nodeID":"1360048","text":"Claudia: Fiona Bruce: what does Labour think the answer is?","type":"L","timestamp":"2023-11-09 14:25:22"},{"nodeID":"1360049","text":"Fiona Bruce is not suggesting it's simple","type":"I","timestamp":"2023-11-09 14:25:23"},{"nodeID":"1360050","text":"Fiona Bruce: I'm not suggesting it's simple","type":"L","timestamp":"2023-11-09 14:25:23"},{"nodeID":"1360051","text":"Claudia: Fiona Bruce: I'm not suggesting it's simple","type":"L","timestamp":"2023-11-09 14:25:23"},{"nodeID":"1360052","text":"the answer is xxx","type":"I","timestamp":"2023-11-09 14:25:23"},{"nodeID":"1360053","text":"Fiona Bruce:  what do you think the answer is?\u00a0","type":"L","timestamp":"2023-11-09 14:25:23"},{"nodeID":"1360054","text":"Claudia: Fiona Bruce:  what do you think the answer is?\u00a0","type":"L","timestamp":"2023-11-09 14:25:23"},{"nodeID":"1360055","text":"it's far from simple","type":"I","timestamp":"2023-11-09 14:25:24"},{"nodeID":"1360056","text":"Bridget Phillipson: It's far from simple","type":"L","timestamp":"2023-11-09 14:25:24"},{"nodeID":"1360057","text":"Claudia: Bridget Phillipson: It's far from simple","type":"L","timestamp":"2023-11-09 14:25:24"},{"nodeID":"1360058","text":"the next Labour Government will inherit an NHS that has had 13 years of Conservative mismanagement and underinvestment","type":"I","timestamp":"2023-11-09 14:25:25"},{"nodeID":"1360059","text":"Bridget Phillipson: the next Labour Government will inherit an NHS that has had 13 years of Conservative mismanagement and underinvestment","type":"L","timestamp":"2023-11-09 14:25:25"},{"nodeID":"1360060","text":"Claudia: Bridget Phillipson: the next Labour Government will inherit an NHS that has had 13 years of Conservative mismanagement and underinvestment","type":"L","timestamp":"2023-11-09 14:25:25"},{"nodeID":"1360061","text":"it will take time to put 13 years of Conservative mismanagement and underinvestment right","type":"I","timestamp":"2023-11-09 14:25:26"},{"nodeID":"1360062","text":"Bridget Phillipson:  it will take time to put it right","type":"L","timestamp":"2023-11-09 14:25:26"},{"nodeID":"1360063","text":"Claudia: Bridget Phillipson:  it will take time to put it right","type":"L","timestamp":"2023-11-09 14:25:26"},{"nodeID":"1360064","text":"Analysing","type":"YA","timestamp":"2023-11-09 14:25:26"},{"nodeID":"1360065","text":"Asserting","type":"YA","timestamp":"2023-11-09 14:25:26"},{"nodeID":"1360066","text":"Analysing","type":"YA","timestamp":"2023-11-09 14:25:26"},{"nodeID":"1360067","text":"Asserting","type":"YA","timestamp":"2023-11-09 14:25:26"},{"nodeID":"1360068","text":"Default Transition","type":"TA","timestamp":"2023-11-09 14:25:26"},{"nodeID":"1360069","text":"Default Rephrase","type":"MA","timestamp":"2023-11-09 14:25:26"},{"nodeID":"1360070","text":"Restating","type":"YA","timestamp":"2023-11-09 14:25:26"},{"nodeID":"1360071","text":"Analysing","type":"YA","timestamp":"2023-11-09 14:25:26"},{"nodeID":"1360072","text":"Asserting","type":"YA","timestamp":"2023-11-09 14:25:26"},{"nodeID":"1360073","text":"Default Transition","type":"TA","timestamp":"2023-11-09 14:25:26"},{"nodeID":"1360074","text":"Default Inference","type":"RA","timestamp":"2023-11-09 14:25:26"},{"nodeID":"1360075","text":"Arguing","type":"YA","timestamp":"2023-11-09 14:25:26"},{"nodeID":"1360076","text":"Analysing","type":"YA","timestamp":"2023-11-09 14:25:26"},{"nodeID":"1360077","text":"Asserting","type":"YA","timestamp":"2023-11-09 14:25:26"},{"nodeID":"1360078","text":"Default Transition","type":"TA","timestamp":"2023-11-09 14:25:26"},{"nodeID":"1360079","text":"Default Inference","type":"RA","timestamp":"2023-11-09 14:25:26"},{"nodeID":"1360080","text":"Arguing","type":"YA","timestamp":"2023-11-09 14:25:26"},{"nodeID":"1360081","text":"you look at how long people have to wait, stroke victims, heart attack victims, an hour and a half, when every second counts","type":"I","timestamp":"2023-11-09 14:25:27"},{"nodeID":"1360082","text":"Bridget Phillipson: you look at how long people have to wait, stroke victims, heart attack victims, an hour and a half, when every second counts","type":"L","timestamp":"2023-11-09 14:25:27"},{"nodeID":"1360083","text":"Analysing","type":"YA","timestamp":"2023-11-09 14:25:27"},{"nodeID":"1360084","text":"Asserting","type":"YA","timestamp":"2023-11-09 14:25:27"},{"nodeID":"1360085","text":"Default Transition","type":"TA","timestamp":"2023-11-09 14:25:27"},{"nodeID":"1360086","text":"Default Inference","type":"RA","timestamp":"2023-11-09 14:25:27"},{"nodeID":"1360087","text":"Arguing","type":"YA","timestamp":"2023-11-09 14:25:27"},{"nodeID":"1360088","text":"Analysing","type":"YA","timestamp":"2023-11-09 14:25:27"},{"nodeID":"1360089","text":"Asserting","type":"YA","timestamp":"2023-11-09 14:25:27"},{"nodeID":"1360090","text":"Default Transition","type":"TA","timestamp":"2023-11-09 14:25:27"},{"nodeID":"1360091","text":"Default Inference","type":"RA","timestamp":"2023-11-09 14:25:27"},{"nodeID":"1360092","text":"Arguing","type":"YA","timestamp":"2023-11-09 14:25:27"},{"nodeID":"1360093","text":"Analysing","type":"YA","timestamp":"2023-11-09 14:25:27"},{"nodeID":"1360094","text":"Asserting","type":"YA","timestamp":"2023-11-09 14:25:27"},{"nodeID":"1360095","text":"Default Transition","type":"TA","timestamp":"2023-11-09 14:25:27"},{"nodeID":"1360096","text":"Analysing","type":"YA","timestamp":"2023-11-09 14:25:27"},{"nodeID":"1360097","text":"Asserting","type":"YA","timestamp":"2023-11-09 14:25:27"},{"nodeID":"1360098","text":"Default Transition","type":"TA","timestamp":"2023-11-09 14:25:27"},{"nodeID":"1360099","text":"Analysing","type":"YA","timestamp":"2023-11-09 14:25:27"},{"nodeID":"1360100","text":"Asserting","type":"YA","timestamp":"2023-11-09 14:25:27"},{"nodeID":"1360101","text":"Default Transition","type":"TA","timestamp":"2023-11-09 14:25:27"},{"nodeID":"1360102","text":"Analysing","type":"YA","timestamp":"2023-11-09 14:25:27"},{"nodeID":"1360103","text":"Asserting","type":"YA","timestamp":"2023-11-09 14:25:27"},{"nodeID":"1360104","text":"Default Transition","type":"TA","timestamp":"2023-11-09 14:25:27"},{"nodeID":"1360105","text":"Default Rephrase","type":"MA","timestamp":"2023-11-09 14:25:27"},{"nodeID":"1360106","text":"Restating","type":"YA","timestamp":"2023-11-09 14:25:27"},{"nodeID":"1360107","text":"Analysing","type":"YA","timestamp":"2023-11-09 14:25:27"},{"nodeID":"1360108","text":"Pure Questioning","type":"YA","timestamp":"2023-11-09 14:25:27"},{"nodeID":"1360109","text":"Default Transition","type":"TA","timestamp":"2023-11-09 14:25:27"},{"nodeID":"1360110","text":"Analysing","type":"YA","timestamp":"2023-11-09 14:25:27"},{"nodeID":"1360111","text":"Asserting","type":"YA","timestamp":"2023-11-09 14:25:27"},{"nodeID":"1360112","text":"Default Transition","type":"TA","timestamp":"2023-11-09 14:25:27"},{"nodeID":"1360113","text":"Analysing","type":"YA","timestamp":"2023-11-09 14:25:27"},{"nodeID":"1360114","text":"Pure Questioning","type":"YA","timestamp":"2023-11-09 14:25:27"},{"nodeID":"1360115","text":"Default Transition","type":"TA","timestamp":"2023-11-09 14:25:27"},{"nodeID":"1360116","text":"Default Rephrase","type":"MA","timestamp":"2023-11-09 14:25:27"},{"nodeID":"1360117","text":"Restating","type":"YA","timestamp":"2023-11-09 14:25:27"},{"nodeID":"1360118","text":"Analysing","type":"YA","timestamp":"2023-11-09 14:25:27"},{"nodeID":"1360119","text":"Default Transition","type":"TA","timestamp":"2023-11-09 14:25:27"},{"nodeID":"1360120","text":"Analysing","type":"YA","timestamp":"2023-11-09 14:25:27"},{"nodeID":"1360121","text":"Asserting","type":"YA","timestamp":"2023-11-09 14:25:27"},{"nodeID":"1360122","text":"Default Transition","type":"TA","timestamp":"2023-11-09 14:25:27"},{"nodeID":"1360123","text":"Default Inference","type":"RA","timestamp":"2023-11-09 14:25:27"},{"nodeID":"1360124","text":"Arguing","type":"YA","timestamp":"2023-11-09 14:25:27"},{"nodeID":"1360125","text":"Analysing","type":"YA","timestamp":"2023-11-09 14:25:27"},{"nodeID":"1360126","text":"Asserting","type":"YA","timestamp":"2023-11-09 14:25:27"},{"nodeID":"1360127","text":"Default Inference","type":"RA","timestamp":"2023-11-09 14:25:27"},{"nodeID":"1360128","text":"Default Transition","type":"TA","timestamp":"2023-11-09 14:25:27"},{"nodeID":"1360129","text":"Arguing","type":"YA","timestamp":"2023-11-09 14:25:27"},{"nodeID":"1360130","text":"Default Conflict","type":"CA","timestamp":"2023-11-09 14:25:27"},{"nodeID":"1360131","text":"Disagreeing","type":"YA","timestamp":"2023-11-09 14:25:27"},{"nodeID":"1360132","text":"Agreeing","type":"YA","timestamp":"2023-11-09 14:25:27"},{"nodeID":"1360133","text":"Default Rephrase","type":"MA","timestamp":"2023-11-09 14:25:27"},{"nodeID":"1360134","text":"Default Transition","type":"TA","timestamp":"2023-11-09 14:25:27"},{"nodeID":"1360135","text":"Default Illocuting","type":"YA","timestamp":"2023-11-09 14:25:27"}],"edges":[{"edgeID":"1780273","fromID":"1360064","toID":"1360019","formEdgeID":null},{"edgeID":"1780274","fromID":"1360020","toID":"1360064","formEdgeID":null},{"edgeID":"1780275","fromID":"1360019","toID":"1360065","formEdgeID":null},{"edgeID":"1780276","fromID":"1360065","toID":"1360018","formEdgeID":null},{"edgeID":"1780277","fromID":"1360066","toID":"1360022","formEdgeID":null},{"edgeID":"1780278","fromID":"1360023","toID":"1360066","formEdgeID":null},{"edgeID":"1780279","fromID":"1360022","toID":"1360067","formEdgeID":null},{"edgeID":"1780280","fromID":"1360067","toID":"1360021","formEdgeID":null},{"edgeID":"1780281","fromID":"1360019","toID":"1360068","formEdgeID":null},{"edgeID":"1780282","fromID":"1360068","toID":"1360022","formEdgeID":null},{"edgeID":"1780283","fromID":"1360021","toID":"1360069","formEdgeID":null},{"edgeID":"1780284","fromID":"1360069","toID":"1360018","formEdgeID":null},{"edgeID":"1780285","fromID":"1360068","toID":"1360070","formEdgeID":null},{"edgeID":"1780286","fromID":"1360070","toID":"1360069","formEdgeID":null},{"edgeID":"1780287","fromID":"1360071","toID":"1360025","formEdgeID":null},{"edgeID":"1780288","fromID":"1360026","toID":"1360071","formEdgeID":null},{"edgeID":"1780289","fromID":"1360025","toID":"1360072","formEdgeID":null},{"edgeID":"1780290","fromID":"1360072","toID":"1360024","formEdgeID":null},{"edgeID":"1780291","fromID":"1360022","toID":"1360073","formEdgeID":null},{"edgeID":"1780292","fromID":"1360073","toID":"1360025","formEdgeID":null},{"edgeID":"1780293","fromID":"1360024","toID":"1360074","formEdgeID":null},{"edgeID":"1780294","fromID":"1360074","toID":"1360021","formEdgeID":null},{"edgeID":"1780295","fromID":"1360073","toID":"1360075","formEdgeID":null},{"edgeID":"1780296","fromID":"1360075","toID":"1360074","formEdgeID":null},{"edgeID":"1780297","fromID":"1360076","toID":"1360028","formEdgeID":null},{"edgeID":"1780298","fromID":"1360029","toID":"1360076","formEdgeID":null},{"edgeID":"1780299","fromID":"1360028","toID":"1360077","formEdgeID":null},{"edgeID":"1780300","fromID":"1360077","toID":"1360027","formEdgeID":null},{"edgeID":"1780301","fromID":"1360025","toID":"1360078","formEdgeID":null},{"edgeID":"1780302","fromID":"1360078","toID":"1360028","formEdgeID":null},{"edgeID":"1780303","fromID":"1360027","toID":"1360079","formEdgeID":null},{"edgeID":"1780304","fromID":"1360079","toID":"1360021","formEdgeID":null},{"edgeID":"1780305","fromID":"1360078","toID":"1360080","formEdgeID":null},{"edgeID":"1780306","fromID":"1360080","toID":"1360079","formEdgeID":null},{"edgeID":"1780307","fromID":"1360083","toID":"1360082","formEdgeID":null},{"edgeID":"1780308","fromID":"1360030","toID":"1360083","formEdgeID":null},{"edgeID":"1780309","fromID":"1360082","toID":"1360084","formEdgeID":null},{"edgeID":"1780310","fromID":"1360084","toID":"1360081","formEdgeID":null},{"edgeID":"1780311","fromID":"1360028","toID":"1360085","formEdgeID":null},{"edgeID":"1780312","fromID":"1360085","toID":"1360082","formEdgeID":null},{"edgeID":"1780313","fromID":"1360081","toID":"1360086","formEdgeID":null},{"edgeID":"1780314","fromID":"1360086","toID":"1360027","formEdgeID":null},{"edgeID":"1780315","fromID":"1360085","toID":"1360087","formEdgeID":null},{"edgeID":"1780316","fromID":"1360087","toID":"1360086","formEdgeID":null},{"edgeID":"1780317","fromID":"1360088","toID":"1360032","formEdgeID":null},{"edgeID":"1780318","fromID":"1360033","toID":"1360088","formEdgeID":null},{"edgeID":"1780319","fromID":"1360032","toID":"1360089","formEdgeID":null},{"edgeID":"1780320","fromID":"1360089","toID":"1360031","formEdgeID":null},{"edgeID":"1780321","fromID":"1360082","toID":"1360090","formEdgeID":null},{"edgeID":"1780322","fromID":"1360090","toID":"1360032","formEdgeID":null},{"edgeID":"1780323","fromID":"1360031","toID":"1360091","formEdgeID":null},{"edgeID":"1780324","fromID":"1360091","toID":"1360027","formEdgeID":null},{"edgeID":"1780325","fromID":"1360090","toID":"1360092","formEdgeID":null},{"edgeID":"1780326","fromID":"1360092","toID":"1360091","formEdgeID":null},{"edgeID":"1780327","fromID":"1360093","toID":"1360035","formEdgeID":null},{"edgeID":"1780328","fromID":"1360036","toID":"1360093","formEdgeID":null},{"edgeID":"1780329","fromID":"1360035","toID":"1360094","formEdgeID":null},{"edgeID":"1780330","fromID":"1360094","toID":"1360034","formEdgeID":null},{"edgeID":"1780331","fromID":"1360032","toID":"1360095","formEdgeID":null},{"edgeID":"1780332","fromID":"1360095","toID":"1360035","formEdgeID":null},{"edgeID":"1780333","fromID":"1360096","toID":"1360038","formEdgeID":null},{"edgeID":"1780334","fromID":"1360039","toID":"1360096","formEdgeID":null},{"edgeID":"1780335","fromID":"1360038","toID":"1360097","formEdgeID":null},{"edgeID":"1780336","fromID":"1360097","toID":"1360037","formEdgeID":null},{"edgeID":"1780337","fromID":"1360035","toID":"1360098","formEdgeID":null},{"edgeID":"1780338","fromID":"1360098","toID":"1360038","formEdgeID":null},{"edgeID":"1780339","fromID":"1360099","toID":"1360041","formEdgeID":null},{"edgeID":"1780340","fromID":"1360042","toID":"1360099","formEdgeID":null},{"edgeID":"1780341","fromID":"1360041","toID":"1360100","formEdgeID":null},{"edgeID":"1780342","fromID":"1360100","toID":"1360040","formEdgeID":null},{"edgeID":"1780343","fromID":"1360038","toID":"1360101","formEdgeID":null},{"edgeID":"1780344","fromID":"1360101","toID":"1360041","formEdgeID":null},{"edgeID":"1780345","fromID":"1360102","toID":"1360044","formEdgeID":null},{"edgeID":"1780346","fromID":"1360045","toID":"1360102","formEdgeID":null},{"edgeID":"1780347","fromID":"1360044","toID":"1360103","formEdgeID":null},{"edgeID":"1780348","fromID":"1360103","toID":"1360043","formEdgeID":null},{"edgeID":"1780349","fromID":"1360041","toID":"1360104","formEdgeID":null},{"edgeID":"1780350","fromID":"1360104","toID":"1360044","formEdgeID":null},{"edgeID":"1780351","fromID":"1360043","toID":"1360105","formEdgeID":null},{"edgeID":"1780352","fromID":"1360105","toID":"1360040","formEdgeID":null},{"edgeID":"1780353","fromID":"1360104","toID":"1360106","formEdgeID":null},{"edgeID":"1780354","fromID":"1360106","toID":"1360105","formEdgeID":null},{"edgeID":"1780355","fromID":"1360107","toID":"1360047","formEdgeID":null},{"edgeID":"1780356","fromID":"1360048","toID":"1360107","formEdgeID":null},{"edgeID":"1780357","fromID":"1360047","toID":"1360108","formEdgeID":null},{"edgeID":"1780358","fromID":"1360108","toID":"1360046","formEdgeID":null},{"edgeID":"1780359","fromID":"1360044","toID":"1360109","formEdgeID":null},{"edgeID":"1780360","fromID":"1360109","toID":"1360047","formEdgeID":null},{"edgeID":"1780361","fromID":"1360110","toID":"1360050","formEdgeID":null},{"edgeID":"1780362","fromID":"1360051","toID":"1360110","formEdgeID":null},{"edgeID":"1780363","fromID":"1360050","toID":"1360111","formEdgeID":null},{"edgeID":"1780364","fromID":"1360111","toID":"1360049","formEdgeID":null},{"edgeID":"1780365","fromID":"1360047","toID":"1360112","formEdgeID":null},{"edgeID":"1780366","fromID":"1360112","toID":"1360050","formEdgeID":null},{"edgeID":"1780367","fromID":"1360113","toID":"1360053","formEdgeID":null},{"edgeID":"1780368","fromID":"1360054","toID":"1360113","formEdgeID":null},{"edgeID":"1780369","fromID":"1360053","toID":"1360114","formEdgeID":null},{"edgeID":"1780370","fromID":"1360114","toID":"1360052","formEdgeID":null},{"edgeID":"1780371","fromID":"1360050","toID":"1360115","formEdgeID":null},{"edgeID":"1780372","fromID":"1360115","toID":"1360053","formEdgeID":null},{"edgeID":"1780373","fromID":"1360052","toID":"1360116","formEdgeID":null},{"edgeID":"1780374","fromID":"1360116","toID":"1360046","formEdgeID":null},{"edgeID":"1780375","fromID":"1360115","toID":"1360117","formEdgeID":null},{"edgeID":"1780376","fromID":"1360117","toID":"1360116","formEdgeID":null},{"edgeID":"1780377","fromID":"1360118","toID":"1360056","formEdgeID":null},{"edgeID":"1780378","fromID":"1360057","toID":"1360118","formEdgeID":null},{"edgeID":"1780379","fromID":"1360053","toID":"1360119","formEdgeID":null},{"edgeID":"1780380","fromID":"1360119","toID":"1360056","formEdgeID":null},{"edgeID":"1780381","fromID":"1360120","toID":"1360059","formEdgeID":null},{"edgeID":"1780382","fromID":"1360060","toID":"1360120","formEdgeID":null},{"edgeID":"1780383","fromID":"1360059","toID":"1360121","formEdgeID":null},{"edgeID":"1780384","fromID":"1360121","toID":"1360058","formEdgeID":null},{"edgeID":"1780385","fromID":"1360056","toID":"1360122","formEdgeID":null},{"edgeID":"1780386","fromID":"1360122","toID":"1360059","formEdgeID":null},{"edgeID":"1780387","fromID":"1360058","toID":"1360123","formEdgeID":null},{"edgeID":"1780388","fromID":"1360123","toID":"1360055","formEdgeID":null},{"edgeID":"1780389","fromID":"1360122","toID":"1360124","formEdgeID":null},{"edgeID":"1780390","fromID":"1360124","toID":"1360123","formEdgeID":null},{"edgeID":"1780391","fromID":"1360125","toID":"1360062","formEdgeID":null},{"edgeID":"1780392","fromID":"1360063","toID":"1360125","formEdgeID":null},{"edgeID":"1780393","fromID":"1360062","toID":"1360126","formEdgeID":null},{"edgeID":"1780394","fromID":"1360126","toID":"1360061","formEdgeID":null},{"edgeID":"1780395","fromID":"1360058","toID":"1360127","formEdgeID":null},{"edgeID":"1780396","fromID":"1360127","toID":"1360061","formEdgeID":null},{"edgeID":"1780397","fromID":"1360059","toID":"1360128","formEdgeID":null},{"edgeID":"1780398","fromID":"1360128","toID":"1360062","formEdgeID":null},{"edgeID":"1780399","fromID":"1360128","toID":"1360129","formEdgeID":null},{"edgeID":"1780400","fromID":"1360129","toID":"1360127","formEdgeID":null},{"edgeID":"1780401","fromID":"1360037","toID":"1360130","formEdgeID":null},{"edgeID":"1780402","fromID":"1360130","toID":"1360034","formEdgeID":null},{"edgeID":"1780403","fromID":"1360098","toID":"1360131","formEdgeID":null},{"edgeID":"1780404","fromID":"1360131","toID":"1360130","formEdgeID":null},{"edgeID":"1780405","fromID":"1360132","toID":"1360049","formEdgeID":null},{"edgeID":"1780406","fromID":"1360119","toID":"1360132","formEdgeID":null},{"edgeID":"1780407","fromID":"1360055","toID":"1360133","formEdgeID":null},{"edgeID":"1780408","fromID":"1360133","toID":"1360052","formEdgeID":null},{"edgeID":"1780409","fromID":"1360053","toID":"1360134","formEdgeID":null},{"edgeID":"1780410","fromID":"1360134","toID":"1360056","formEdgeID":null},{"edgeID":"1780411","fromID":"1360134","toID":"1360135","formEdgeID":null},{"edgeID":"1780412","fromID":"1360135","toID":"1360133","formEdgeID":null}],"locutions":[]}