{"nodes":[{"nodeID":"1357937","text":"demand on the NHS is colossal","type":"I","timestamp":"2023-11-09 14:21:38"},{"nodeID":"1357938","text":"Alex Chalk: demand is colossal","type":"L","timestamp":"2023-11-09 14:21:38"},{"nodeID":"1357939","text":"Analysing","type":"YA","timestamp":"2023-11-09 14:21:38"},{"nodeID":"1357940","text":"Anon: Alex Chalk: demand is colossal","type":"L","timestamp":"2023-11-09 14:21:38"},{"nodeID":"1357941","text":"Asserting","type":"YA","timestamp":"2023-11-09 14:21:38"},{"nodeID":"1357942","text":"the demand on the NHS is not just because of the pandemic","type":"I","timestamp":"2023-11-09 14:21:39"},{"nodeID":"1357943","text":"Alex Chalk: it's not just because of the pandemic","type":"L","timestamp":"2023-11-09 14:21:39"},{"nodeID":"1357944","text":"Analysing","type":"YA","timestamp":"2023-11-09 14:21:39"},{"nodeID":"1357945","text":"Anon: Alex Chalk: it's not just because of the pandemic","type":"L","timestamp":"2023-11-09 14:21:39"},{"nodeID":"1357946","text":"Asserting","type":"YA","timestamp":"2023-11-09 14:21:39"},{"nodeID":"1357947","text":"the pandemic did have a very significant impact on NHS demand","type":"I","timestamp":"2023-11-09 14:21:40"},{"nodeID":"1357948","text":"Alex Chalk:  the pandemic did have a very significant impact","type":"L","timestamp":"2023-11-09 14:21:40"},{"nodeID":"1357949","text":"Analysing","type":"YA","timestamp":"2023-11-09 14:21:40"},{"nodeID":"1357950","text":"Anon: Alex Chalk:  the pandemic did have a very significant impact","type":"L","timestamp":"2023-11-09 14:21:40"},{"nodeID":"1357951","text":"Asserting","type":"YA","timestamp":"2023-11-09 14:21:40"},{"nodeID":"1357952","text":"Default Transition","type":"TA","timestamp":"2023-11-09 14:21:40"},{"nodeID":"1357953","text":"Default Transition","type":"TA","timestamp":"2023-11-09 14:21:40"},{"nodeID":"1357954","text":"Default Rephrase","type":"MA","timestamp":"2023-11-09 14:21:40"},{"nodeID":"1357955","text":"Restating","type":"YA","timestamp":"2023-11-09 14:21:40"},{"nodeID":"1357956","text":"during the pandemic people weren't being referred","type":"I","timestamp":"2023-11-09 14:21:40"},{"nodeID":"1357957","text":"Alex Chalk:  people weren't being referred","type":"L","timestamp":"2023-11-09 14:21:40"},{"nodeID":"1357958","text":"Analysing","type":"YA","timestamp":"2023-11-09 14:21:40"},{"nodeID":"1357959","text":"Anon: Alex Chalk:  people weren't being referred","type":"L","timestamp":"2023-11-09 14:21:40"},{"nodeID":"1357960","text":"Asserting","type":"YA","timestamp":"2023-11-09 14:21:40"},{"nodeID":"1357961","text":"Default Transition","type":"TA","timestamp":"2023-11-09 14:21:40"},{"nodeID":"1357962","text":"people got sicker because elective care didn't happen during covid","type":"I","timestamp":"2023-11-09 14:21:41"},{"nodeID":"1357963","text":"Alex Chalk: people got sicker because elective care didn't happen","type":"L","timestamp":"2023-11-09 14:21:41"},{"nodeID":"1357964","text":"Analysing","type":"YA","timestamp":"2023-11-09 14:21:41"},{"nodeID":"1357965","text":"Anon: Alex Chalk: eople got sicker because elective care didn't happen","type":"L","timestamp":"2023-11-09 14:21:41"},{"nodeID":"1357966","text":"Asserting","type":"YA","timestamp":"2023-11-09 14:21:41"},{"nodeID":"1357967","text":"Default Inference","type":"RA","timestamp":"2023-11-09 14:21:41"},{"nodeID":"1357968","text":"Default Transition","type":"TA","timestamp":"2023-11-09 14:21:41"},{"nodeID":"1357969","text":"Arguing","type":"YA","timestamp":"2023-11-09 14:21:41"},{"nodeID":"1357970","text":"Rishi Sunak wants to continue with elective care because people got sicker when it wasn't happening during covid","type":"I","timestamp":"2023-11-09 14:21:42"},{"nodeID":"1357971","text":"Alex Chalk: Which is why he wants to continue with elective care","type":"L","timestamp":"2023-11-09 14:21:42"},{"nodeID":"1357972","text":"Analysing","type":"YA","timestamp":"2023-11-09 14:21:42"},{"nodeID":"1357973","text":"Anon: Alex Chalk: Which is why he wants to continue with elective care","type":"L","timestamp":"2023-11-09 14:21:42"},{"nodeID":"1357974","text":"Asserting","type":"YA","timestamp":"2023-11-09 14:21:42"},{"nodeID":"1357975","text":"Default Transition","type":"TA","timestamp":"2023-11-09 14:21:42"},{"nodeID":"1357976","text":"Default Rephrase","type":"MA","timestamp":"2023-11-09 14:21:42"},{"nodeID":"1357977","text":"Restating","type":"YA","timestamp":"2023-11-09 14:21:42"},{"nodeID":"1357978","text":"since 2010 there are 34,000 more doctors and 44,000 more nurses","type":"I","timestamp":"2023-11-09 14:21:43"},{"nodeID":"1357979","text":"Alex Chalk: on the specific capacity since 2010 there are 34,000 more doctors and 44,000 more nurses","type":"L","timestamp":"2023-11-09 14:21:43"},{"nodeID":"1357980","text":"Analysing","type":"YA","timestamp":"2023-11-09 14:21:43"},{"nodeID":"1357981","text":"Anon: Alex Chalk: on the specific capacity since 2010 there are 34,000 more doctors and 44,000 more nurses","type":"L","timestamp":"2023-11-09 14:21:43"},{"nodeID":"1357982","text":"Asserting","type":"YA","timestamp":"2023-11-09 14:21:43"},{"nodeID":"1357983","text":"Default Transition","type":"TA","timestamp":"2023-11-09 14:21:43"},{"nodeID":"1357984","text":"Alex Chalk absolutely accepts that they need to go further to deal with demands on the NHS","type":"I","timestamp":"2023-11-09 14:21:44"},{"nodeID":"1357985","text":"Alex Chalk: I absolutely accept that we need to go further","type":"L","timestamp":"2023-11-09 14:21:44"},{"nodeID":"1357986","text":"Analysing","type":"YA","timestamp":"2023-11-09 14:21:44"},{"nodeID":"1357987","text":"Anon: Alex Chalk: I absolutely accept that we need to go further","type":"L","timestamp":"2023-11-09 14:21:44"},{"nodeID":"1357988","text":"Asserting","type":"YA","timestamp":"2023-11-09 14:21:44"},{"nodeID":"1357989","text":"Default Transition","type":"TA","timestamp":"2023-11-09 14:21:44"},{"nodeID":"1357990","text":"Rishi Sunak is going further","type":"I","timestamp":"2023-11-09 14:21:45"},{"nodeID":"1357991","text":"Alex Chalk: he is going further","type":"L","timestamp":"2023-11-09 14:21:45"},{"nodeID":"1357992","text":"Analysing","type":"YA","timestamp":"2023-11-09 14:21:45"},{"nodeID":"1357993","text":"Anon: Alex Chalk: he is going further","type":"L","timestamp":"2023-11-09 14:21:45"},{"nodeID":"1357994","text":"Asserting","type":"YA","timestamp":"2023-11-09 14:21:45"},{"nodeID":"1357995","text":"Default Transition","type":"TA","timestamp":"2023-11-09 14:21:45"},{"nodeID":"1357996","text":"Default Rephrase","type":"MA","timestamp":"2023-11-09 14:21:45"},{"nodeID":"1357997","text":"Restating","type":"YA","timestamp":"2023-11-09 14:21:45"},{"nodeID":"1357998","text":"since 2019 there have been an additional 4,000 doctors and there are 72,000 nurses and midwives currently being trained","type":"I","timestamp":"2023-11-09 14:21:46"},{"nodeID":"1357999","text":"Alex Chalk: since 2019 I think there have been an additional 4,000 doctors and there are 72,000 nurses and midwives currently being trained","type":"L","timestamp":"2023-11-09 14:21:46"},{"nodeID":"1358000","text":"Analysing","type":"YA","timestamp":"2023-11-09 14:21:46"},{"nodeID":"1358001","text":"Anon: Alex Chalk: since 2019 I think there have been an additional 4,000 doctors and there are 72,000 nurses and midwives currently being trained","type":"L","timestamp":"2023-11-09 14:21:46"},{"nodeID":"1358002","text":"Asserting","type":"YA","timestamp":"2023-11-09 14:21:46"},{"nodeID":"1358003","text":"Default Transition","type":"TA","timestamp":"2023-11-09 14:21:46"},{"nodeID":"1358004","text":"Default Inference","type":"RA","timestamp":"2023-11-09 14:21:46"},{"nodeID":"1358005","text":"Arguing","type":"YA","timestamp":"2023-11-09 14:21:46"},{"nodeID":"1358006","text":"Default Rephrase","type":"MA","timestamp":"2023-11-09 14:21:46"},{"nodeID":"1358007","text":"Restating","type":"YA","timestamp":"2023-11-09 14:21:46"},{"nodeID":"1358008","text":"Default Inference","type":"RA","timestamp":"2023-11-09 14:21:46"},{"nodeID":"1358009","text":"Arguing","type":"YA","timestamp":"2023-11-09 14:21:46"}],"edges":[{"edgeID":"1777785","fromID":"1357939","toID":"1357938","formEdgeID":null},{"edgeID":"1777786","fromID":"1357940","toID":"1357939","formEdgeID":null},{"edgeID":"1777787","fromID":"1357938","toID":"1357941","formEdgeID":null},{"edgeID":"1777788","fromID":"1357941","toID":"1357937","formEdgeID":null},{"edgeID":"1777789","fromID":"1357944","toID":"1357943","formEdgeID":null},{"edgeID":"1777790","fromID":"1357945","toID":"1357944","formEdgeID":null},{"edgeID":"1777791","fromID":"1357943","toID":"1357946","formEdgeID":null},{"edgeID":"1777792","fromID":"1357946","toID":"1357942","formEdgeID":null},{"edgeID":"1777793","fromID":"1357949","toID":"1357948","formEdgeID":null},{"edgeID":"1777794","fromID":"1357950","toID":"1357949","formEdgeID":null},{"edgeID":"1777795","fromID":"1357948","toID":"1357951","formEdgeID":null},{"edgeID":"1777796","fromID":"1357951","toID":"1357947","formEdgeID":null},{"edgeID":"1777797","fromID":"1357938","toID":"1357952","formEdgeID":null},{"edgeID":"1777798","fromID":"1357952","toID":"1357943","formEdgeID":null},{"edgeID":"1777799","fromID":"1357943","toID":"1357953","formEdgeID":null},{"edgeID":"1777800","fromID":"1357953","toID":"1357948","formEdgeID":null},{"edgeID":"1777801","fromID":"1357947","toID":"1357954","formEdgeID":null},{"edgeID":"1777802","fromID":"1357954","toID":"1357942","formEdgeID":null},{"edgeID":"1777803","fromID":"1357953","toID":"1357955","formEdgeID":null},{"edgeID":"1777804","fromID":"1357955","toID":"1357954","formEdgeID":null},{"edgeID":"1777805","fromID":"1357958","toID":"1357957","formEdgeID":null},{"edgeID":"1777806","fromID":"1357959","toID":"1357958","formEdgeID":null},{"edgeID":"1777807","fromID":"1357957","toID":"1357960","formEdgeID":null},{"edgeID":"1777808","fromID":"1357960","toID":"1357956","formEdgeID":null},{"edgeID":"1777809","fromID":"1357948","toID":"1357961","formEdgeID":null},{"edgeID":"1777810","fromID":"1357961","toID":"1357957","formEdgeID":null},{"edgeID":"1777811","fromID":"1357964","toID":"1357963","formEdgeID":null},{"edgeID":"1777812","fromID":"1357965","toID":"1357964","formEdgeID":null},{"edgeID":"1777813","fromID":"1357963","toID":"1357966","formEdgeID":null},{"edgeID":"1777814","fromID":"1357966","toID":"1357962","formEdgeID":null},{"edgeID":"1777815","fromID":"1357962","toID":"1357967","formEdgeID":null},{"edgeID":"1777816","fromID":"1357967","toID":"1357947","formEdgeID":null},{"edgeID":"1777817","fromID":"1357948","toID":"1357968","formEdgeID":null},{"edgeID":"1777818","fromID":"1357968","toID":"1357963","formEdgeID":null},{"edgeID":"1777819","fromID":"1357968","toID":"1357969","formEdgeID":null},{"edgeID":"1777820","fromID":"1357969","toID":"1357967","formEdgeID":null},{"edgeID":"1777821","fromID":"1357972","toID":"1357971","formEdgeID":null},{"edgeID":"1777822","fromID":"1357973","toID":"1357972","formEdgeID":null},{"edgeID":"1777823","fromID":"1357971","toID":"1357974","formEdgeID":null},{"edgeID":"1777824","fromID":"1357974","toID":"1357970","formEdgeID":null},{"edgeID":"1777825","fromID":"1357963","toID":"1357975","formEdgeID":null},{"edgeID":"1777826","fromID":"1357975","toID":"1357971","formEdgeID":null},{"edgeID":"1777827","fromID":"1357970","toID":"1357976","formEdgeID":null},{"edgeID":"1777828","fromID":"1357976","toID":"1357962","formEdgeID":null},{"edgeID":"1777829","fromID":"1357975","toID":"1357977","formEdgeID":null},{"edgeID":"1777830","fromID":"1357977","toID":"1357976","formEdgeID":null},{"edgeID":"1777831","fromID":"1357980","toID":"1357979","formEdgeID":null},{"edgeID":"1777832","fromID":"1357981","toID":"1357980","formEdgeID":null},{"edgeID":"1777833","fromID":"1357979","toID":"1357982","formEdgeID":null},{"edgeID":"1777834","fromID":"1357982","toID":"1357978","formEdgeID":null},{"edgeID":"1777835","fromID":"1357971","toID":"1357983","formEdgeID":null},{"edgeID":"1777836","fromID":"1357983","toID":"1357979","formEdgeID":null},{"edgeID":"1777837","fromID":"1357986","toID":"1357985","formEdgeID":null},{"edgeID":"1777838","fromID":"1357987","toID":"1357986","formEdgeID":null},{"edgeID":"1777839","fromID":"1357985","toID":"1357988","formEdgeID":null},{"edgeID":"1777840","fromID":"1357988","toID":"1357984","formEdgeID":null},{"edgeID":"1777841","fromID":"1357979","toID":"1357989","formEdgeID":null},{"edgeID":"1777842","fromID":"1357989","toID":"1357985","formEdgeID":null},{"edgeID":"1777843","fromID":"1357992","toID":"1357991","formEdgeID":null},{"edgeID":"1777844","fromID":"1357993","toID":"1357992","formEdgeID":null},{"edgeID":"1777845","fromID":"1357991","toID":"1357994","formEdgeID":null},{"edgeID":"1777846","fromID":"1357994","toID":"1357990","formEdgeID":null},{"edgeID":"1777847","fromID":"1357985","toID":"1357995","formEdgeID":null},{"edgeID":"1777848","fromID":"1357995","toID":"1357991","formEdgeID":null},{"edgeID":"1777849","fromID":"1357990","toID":"1357996","formEdgeID":null},{"edgeID":"1777850","fromID":"1357996","toID":"1357984","formEdgeID":null},{"edgeID":"1777851","fromID":"1357995","toID":"1357997","formEdgeID":null},{"edgeID":"1777852","fromID":"1357997","toID":"1357996","formEdgeID":null},{"edgeID":"1777853","fromID":"1358000","toID":"1357999","formEdgeID":null},{"edgeID":"1777854","fromID":"1358001","toID":"1358000","formEdgeID":null},{"edgeID":"1777855","fromID":"1357999","toID":"1358002","formEdgeID":null},{"edgeID":"1777856","fromID":"1358002","toID":"1357998","formEdgeID":null},{"edgeID":"1777857","fromID":"1357985","toID":"1358003","formEdgeID":null},{"edgeID":"1777858","fromID":"1358003","toID":"1357999","formEdgeID":null},{"edgeID":"1777859","fromID":"1357956","toID":"1358004","formEdgeID":null},{"edgeID":"1777860","fromID":"1358004","toID":"1357947","formEdgeID":null},{"edgeID":"1777861","fromID":"1357961","toID":"1358005","formEdgeID":null},{"edgeID":"1777862","fromID":"1358005","toID":"1358004","formEdgeID":null},{"edgeID":"1777863","fromID":"1357942","toID":"1358006","formEdgeID":null},{"edgeID":"1777864","fromID":"1358006","toID":"1357937","formEdgeID":null},{"edgeID":"1777865","fromID":"1357952","toID":"1358007","formEdgeID":null},{"edgeID":"1777866","fromID":"1358007","toID":"1358006","formEdgeID":null},{"edgeID":"1777867","fromID":"1357984","toID":"1358008","formEdgeID":null},{"edgeID":"1777868","fromID":"1358008","toID":"1357998","formEdgeID":null},{"edgeID":"1777869","fromID":"1358003","toID":"1358009","formEdgeID":null},{"edgeID":"1777870","fromID":"1358009","toID":"1358008","formEdgeID":null}],"locutions":[]}