{"nodes":[{"nodeID":"1377323","text":"Harry has done his best to address some personal struggles","type":"I","timestamp":"2023-11-09 14:49:43"},{"nodeID":"1377324","text":"AudienceMember 20230126QT31: Harry has done his best to address some personal struggles","type":"L","timestamp":"2023-11-09 14:49:43"},{"nodeID":"1377325","text":"Analysing","type":"YA","timestamp":"2023-11-09 14:49:43"},{"nodeID":"1377326","text":"Anon: AudienceMember 20230126QT31: Harry has done his best to address some personal struggles","type":"L","timestamp":"2023-11-09 14:49:43"},{"nodeID":"1377327","text":"Asserting","type":"YA","timestamp":"2023-11-09 14:49:43"},{"nodeID":"1377328","text":"AudienceMember 20230126QT31 watched the interview with ITV","type":"I","timestamp":"2023-11-09 14:49:43"},{"nodeID":"1377329","text":"AudienceMember 20230126QT31: I watch the interview with ITV","type":"L","timestamp":"2023-11-09 14:49:43"},{"nodeID":"1377330","text":"Analysing","type":"YA","timestamp":"2023-11-09 14:49:43"},{"nodeID":"1377331","text":"Anon: AudienceMember 20230126QT31: I watch the interview with ITV","type":"L","timestamp":"2023-11-09 14:49:43"},{"nodeID":"1377332","text":"Asserting","type":"YA","timestamp":"2023-11-09 14:49:43"},{"nodeID":"1377333","text":"Harry sat down for the interview","type":"I","timestamp":"2023-11-09 14:49:44"},{"nodeID":"1377334","text":"AudienceMember 20230126QT31: he sat down","type":"L","timestamp":"2023-11-09 14:49:44"},{"nodeID":"1377335","text":"Analysing","type":"YA","timestamp":"2023-11-09 14:49:44"},{"nodeID":"1377336","text":"Anon: AudienceMember 20230126QT31: he sat down","type":"L","timestamp":"2023-11-09 14:49:44"},{"nodeID":"1377337","text":"Asserting","type":"YA","timestamp":"2023-11-09 14:49:44"},{"nodeID":"1377338","text":"Harry was quite candid during the interview","type":"I","timestamp":"2023-11-09 14:49:45"},{"nodeID":"1377339","text":"AudienceMember 20230126QT31: he was quite candid","type":"L","timestamp":"2023-11-09 14:49:45"},{"nodeID":"1377340","text":"Analysing","type":"YA","timestamp":"2023-11-09 14:49:45"},{"nodeID":"1377341","text":"Anon: AudienceMember 20230126QT31: he was quite candid","type":"L","timestamp":"2023-11-09 14:49:45"},{"nodeID":"1377342","text":"Asserting","type":"YA","timestamp":"2023-11-09 14:49:45"},{"nodeID":"1377343","text":"Default Transition","type":"TA","timestamp":"2023-11-09 14:49:45"},{"nodeID":"1377344","text":"Default Transition","type":"TA","timestamp":"2023-11-09 14:49:45"},{"nodeID":"1377345","text":"we should be a country where you can express freely how you feel, what you're going through","type":"I","timestamp":"2023-11-09 14:49:45"},{"nodeID":"1377346","text":"AudienceMember 20230126QT31: What kind of country are we going to be if you can't even express freely how you feel, what you're going through","type":"L","timestamp":"2023-11-09 14:49:45"},{"nodeID":"1377347","text":"Analysing","type":"YA","timestamp":"2023-11-09 14:49:45"},{"nodeID":"1377348","text":"Anon: AudienceMember 20230126QT31: What kind of country are we going to be if you can't even express freely how you feel, what you're going through","type":"L","timestamp":"2023-11-09 14:49:45"},{"nodeID":"1377349","text":"Rhetorical Questioning","type":"YA","timestamp":"2023-11-09 14:49:45"},{"nodeID":"1377350","text":"Default Transition","type":"TA","timestamp":"2023-11-09 14:49:45"},{"nodeID":"1377351","text":"Default Inference","type":"RA","timestamp":"2023-11-09 14:49:45"},{"nodeID":"1377352","text":"Arguing","type":"YA","timestamp":"2023-11-09 14:49:45"},{"nodeID":"1377353","text":"one thing that AudienceMember 20230126QT31 would personally like to address as a black woman is that a lot of people negatively in the press have been blaming Megan","type":"I","timestamp":"2023-11-09 14:49:46"},{"nodeID":"1377354","text":"AudienceMember 20230126QT31: one thing that I'd personally like to address as a black woman is that a lot of people negatively in the press have been blaming Megan","type":"L","timestamp":"2023-11-09 14:49:46"},{"nodeID":"1377355","text":"Analysing","type":"YA","timestamp":"2023-11-09 14:49:46"},{"nodeID":"1377356","text":"Anon: AudienceMember 20230126QT31: one thing that I'd personally like to address as a black woman is that a lot of people negatively in the press have been blaming Megan","type":"L","timestamp":"2023-11-09 14:49:46"},{"nodeID":"1377357","text":"Asserting","type":"YA","timestamp":"2023-11-09 14:49:46"},{"nodeID":"1377358","text":"we saw the very, very derogatory words by Jeremy Clarkson, talking about how he wants to do something to Meghan Markle","type":"I","timestamp":"2023-11-09 14:49:47"},{"nodeID":"1377359","text":"AudienceMember 20230126QT31: We saw the very, very derogatory words by Clarkson, Jeremy Clarkson, talking about how he wants to\u2026 I'm not even going to go into detail","type":"L","timestamp":"2023-11-09 14:49:47"},{"nodeID":"1377360","text":"Analysing","type":"YA","timestamp":"2023-11-09 14:49:47"},{"nodeID":"1377361","text":"Anon: AudienceMember 20230126QT31: We saw the very, very derogatory words by Clarkson, Jeremy Clarkson, talking about how he wants to\u2026 I'm not even going to go into detail","type":"L","timestamp":"2023-11-09 14:49:47"},{"nodeID":"1377362","text":"Asserting","type":"YA","timestamp":"2023-11-09 14:49:47"},{"nodeID":"1377363","text":"Default Rephrase","type":"MA","timestamp":"2023-11-09 14:49:47"},{"nodeID":"1377364","text":"Default Transition","type":"TA","timestamp":"2023-11-09 14:49:47"},{"nodeID":"1377365","text":"Restating","type":"YA","timestamp":"2023-11-09 14:49:47"},{"nodeID":"1377366","text":"you're all familiar with what Jeremy Clarkson said about Meghan Markle","type":"I","timestamp":"2023-11-09 14:49:47"},{"nodeID":"1377367","text":"AudienceMember 20230126QT31: you're all familiar with it","type":"L","timestamp":"2023-11-09 14:49:47"},{"nodeID":"1377368","text":"Analysing","type":"YA","timestamp":"2023-11-09 14:49:47"},{"nodeID":"1377369","text":"Anon: AudienceMember 20230126QT31: you're all familiar with it","type":"L","timestamp":"2023-11-09 14:49:47"},{"nodeID":"1377370","text":"Asserting","type":"YA","timestamp":"2023-11-09 14:49:47"},{"nodeID":"1377371","text":"Default Rephrase","type":"MA","timestamp":"2023-11-09 14:49:47"},{"nodeID":"1377372","text":"Default Transition","type":"TA","timestamp":"2023-11-09 14:49:47"},{"nodeID":"1377373","text":"Restating","type":"YA","timestamp":"2023-11-09 14:49:47"},{"nodeID":"1377374","text":"Jeremy Clarkson wants to see Megan run through the streets and have basically poo thrown at her","type":"I","timestamp":"2023-11-09 14:49:48"},{"nodeID":"1377375","text":"AudienceMember 20230126QT31: Talking about he wants to see Megan run through the streets and have basically poo thrown at her","type":"L","timestamp":"2023-11-09 14:49:48"},{"nodeID":"1377376","text":"Analysing","type":"YA","timestamp":"2023-11-09 14:49:48"},{"nodeID":"1377377","text":"Anon: AudienceMember 20230126QT31: Talking about he wants to see Megan run through the streets and have basically poo thrown at her","type":"L","timestamp":"2023-11-09 14:49:48"},{"nodeID":"1377378","text":"Asserting","type":"YA","timestamp":"2023-11-09 14:49:48"},{"nodeID":"1377379","text":"Default Transition","type":"TA","timestamp":"2023-11-09 14:49:48"},{"nodeID":"1377380","text":"Default Rephrase","type":"MA","timestamp":"2023-11-09 14:49:48"},{"nodeID":"1377381","text":"Restating","type":"YA","timestamp":"2023-11-09 14:49:48"},{"nodeID":"1377382","text":"when we begin to blur the lines we then see problems","type":"I","timestamp":"2023-11-09 14:49:48"},{"nodeID":"1377383","text":"AudienceMember 20230126QT31: that again is an example of where when we begin to blur the lines we then see problems","type":"L","timestamp":"2023-11-09 14:49:48"},{"nodeID":"1377384","text":"Analysing","type":"YA","timestamp":"2023-11-09 14:49:48"},{"nodeID":"1377385","text":"Anon: AudienceMember 20230126QT31: that again is an example of where when we begin to blur the lines we then see problems","type":"L","timestamp":"2023-11-09 14:49:48"},{"nodeID":"1377386","text":"Asserting","type":"YA","timestamp":"2023-11-09 14:49:48"},{"nodeID":"1377387","text":"Default Transition","type":"TA","timestamp":"2023-11-09 14:49:48"},{"nodeID":"1377388","text":"Default Transition","type":"TA","timestamp":"2023-11-09 14:49:48"},{"nodeID":"1377389","text":"Harry may be making money","type":"I","timestamp":"2023-11-09 14:49:49"},{"nodeID":"1377390","text":"AudienceMember 20230126QT31: he may be making money","type":"L","timestamp":"2023-11-09 14:49:49"},{"nodeID":"1377391","text":"Analysing","type":"YA","timestamp":"2023-11-09 14:49:49"},{"nodeID":"1377392","text":"Anon: AudienceMember 20230126QT31: he may be making money","type":"L","timestamp":"2023-11-09 14:49:49"},{"nodeID":"1377393","text":"Asserting","type":"YA","timestamp":"2023-11-09 14:49:49"},{"nodeID":"1377394","text":"Harry is doing things that he is enjoying","type":"I","timestamp":"2023-11-09 14:49:50"},{"nodeID":"1377395","text":"AudienceMember 20230126QT31: he is doing things that he is enjoying","type":"L","timestamp":"2023-11-09 14:49:50"},{"nodeID":"1377396","text":"Analysing","type":"YA","timestamp":"2023-11-09 14:49:50"},{"nodeID":"1377397","text":"Anon: AudienceMember 20230126QT31: he is doing things that he is enjoying","type":"L","timestamp":"2023-11-09 14:49:50"},{"nodeID":"1377398","text":"Asserting","type":"YA","timestamp":"2023-11-09 14:49:50"},{"nodeID":"1377399","text":"Default Transition","type":"TA","timestamp":"2023-11-09 14:49:50"},{"nodeID":"1377400","text":"Default Transition","type":"TA","timestamp":"2023-11-09 14:49:50"},{"nodeID":"1377401","text":"Default Transition","type":"TA","timestamp":"2023-11-09 14:49:50"}],"edges":[{"edgeID":"1800820","fromID":"1377325","toID":"1377324","formEdgeID":null},{"edgeID":"1800821","fromID":"1377326","toID":"1377325","formEdgeID":null},{"edgeID":"1800822","fromID":"1377324","toID":"1377327","formEdgeID":null},{"edgeID":"1800823","fromID":"1377327","toID":"1377323","formEdgeID":null},{"edgeID":"1800824","fromID":"1377330","toID":"1377329","formEdgeID":null},{"edgeID":"1800825","fromID":"1377331","toID":"1377330","formEdgeID":null},{"edgeID":"1800826","fromID":"1377329","toID":"1377332","formEdgeID":null},{"edgeID":"1800827","fromID":"1377332","toID":"1377328","formEdgeID":null},{"edgeID":"1800828","fromID":"1377335","toID":"1377334","formEdgeID":null},{"edgeID":"1800829","fromID":"1377336","toID":"1377335","formEdgeID":null},{"edgeID":"1800830","fromID":"1377334","toID":"1377337","formEdgeID":null},{"edgeID":"1800831","fromID":"1377337","toID":"1377333","formEdgeID":null},{"edgeID":"1800832","fromID":"1377340","toID":"1377339","formEdgeID":null},{"edgeID":"1800833","fromID":"1377341","toID":"1377340","formEdgeID":null},{"edgeID":"1800834","fromID":"1377339","toID":"1377342","formEdgeID":null},{"edgeID":"1800835","fromID":"1377342","toID":"1377338","formEdgeID":null},{"edgeID":"1800836","fromID":"1377329","toID":"1377343","formEdgeID":null},{"edgeID":"1800837","fromID":"1377343","toID":"1377334","formEdgeID":null},{"edgeID":"1800838","fromID":"1377334","toID":"1377344","formEdgeID":null},{"edgeID":"1800839","fromID":"1377344","toID":"1377339","formEdgeID":null},{"edgeID":"1800840","fromID":"1377347","toID":"1377346","formEdgeID":null},{"edgeID":"1800841","fromID":"1377348","toID":"1377347","formEdgeID":null},{"edgeID":"1800842","fromID":"1377346","toID":"1377349","formEdgeID":null},{"edgeID":"1800843","fromID":"1377349","toID":"1377345","formEdgeID":null},{"edgeID":"1800844","fromID":"1377324","toID":"1377350","formEdgeID":null},{"edgeID":"1800845","fromID":"1377350","toID":"1377339","formEdgeID":null},{"edgeID":"1800846","fromID":"1377338","toID":"1377351","formEdgeID":null},{"edgeID":"1800847","fromID":"1377351","toID":"1377323","formEdgeID":null},{"edgeID":"1800848","fromID":"1377350","toID":"1377352","formEdgeID":null},{"edgeID":"1800849","fromID":"1377352","toID":"1377351","formEdgeID":null},{"edgeID":"1800850","fromID":"1377355","toID":"1377354","formEdgeID":null},{"edgeID":"1800851","fromID":"1377356","toID":"1377355","formEdgeID":null},{"edgeID":"1800852","fromID":"1377354","toID":"1377357","formEdgeID":null},{"edgeID":"1800853","fromID":"1377357","toID":"1377353","formEdgeID":null},{"edgeID":"1800854","fromID":"1377360","toID":"1377359","formEdgeID":null},{"edgeID":"1800855","fromID":"1377361","toID":"1377360","formEdgeID":null},{"edgeID":"1800856","fromID":"1377359","toID":"1377362","formEdgeID":null},{"edgeID":"1800857","fromID":"1377362","toID":"1377358","formEdgeID":null},{"edgeID":"1800858","fromID":"1377358","toID":"1377363","formEdgeID":null},{"edgeID":"1800859","fromID":"1377363","toID":"1377353","formEdgeID":null},{"edgeID":"1800860","fromID":"1377354","toID":"1377364","formEdgeID":null},{"edgeID":"1800861","fromID":"1377364","toID":"1377359","formEdgeID":null},{"edgeID":"1800862","fromID":"1377364","toID":"1377365","formEdgeID":null},{"edgeID":"1800863","fromID":"1377365","toID":"1377363","formEdgeID":null},{"edgeID":"1800864","fromID":"1377368","toID":"1377367","formEdgeID":null},{"edgeID":"1800865","fromID":"1377369","toID":"1377368","formEdgeID":null},{"edgeID":"1800866","fromID":"1377367","toID":"1377370","formEdgeID":null},{"edgeID":"1800867","fromID":"1377370","toID":"1377366","formEdgeID":null},{"edgeID":"1800868","fromID":"1377366","toID":"1377371","formEdgeID":null},{"edgeID":"1800869","fromID":"1377371","toID":"1377358","formEdgeID":null},{"edgeID":"1800870","fromID":"1377359","toID":"1377372","formEdgeID":null},{"edgeID":"1800871","fromID":"1377372","toID":"1377367","formEdgeID":null},{"edgeID":"1800872","fromID":"1377372","toID":"1377373","formEdgeID":null},{"edgeID":"1800873","fromID":"1377373","toID":"1377371","formEdgeID":null},{"edgeID":"1800874","fromID":"1377376","toID":"1377375","formEdgeID":null},{"edgeID":"1800875","fromID":"1377377","toID":"1377376","formEdgeID":null},{"edgeID":"1800876","fromID":"1377375","toID":"1377378","formEdgeID":null},{"edgeID":"1800877","fromID":"1377378","toID":"1377374","formEdgeID":null},{"edgeID":"1800878","fromID":"1377367","toID":"1377379","formEdgeID":null},{"edgeID":"1800879","fromID":"1377379","toID":"1377375","formEdgeID":null},{"edgeID":"1800880","fromID":"1377374","toID":"1377380","formEdgeID":null},{"edgeID":"1800881","fromID":"1377380","toID":"1377366","formEdgeID":null},{"edgeID":"1800882","fromID":"1377379","toID":"1377381","formEdgeID":null},{"edgeID":"1800883","fromID":"1377381","toID":"1377380","formEdgeID":null},{"edgeID":"1800884","fromID":"1377384","toID":"1377383","formEdgeID":null},{"edgeID":"1800885","fromID":"1377385","toID":"1377384","formEdgeID":null},{"edgeID":"1800886","fromID":"1377383","toID":"1377386","formEdgeID":null},{"edgeID":"1800887","fromID":"1377386","toID":"1377382","formEdgeID":null},{"edgeID":"1800888","fromID":"1377375","toID":"1377387","formEdgeID":null},{"edgeID":"1800889","fromID":"1377387","toID":"1377383","formEdgeID":null},{"edgeID":"1800890","fromID":"1377339","toID":"1377388","formEdgeID":null},{"edgeID":"1800891","fromID":"1377388","toID":"1377346","formEdgeID":null},{"edgeID":"1800892","fromID":"1377391","toID":"1377390","formEdgeID":null},{"edgeID":"1800893","fromID":"1377392","toID":"1377391","formEdgeID":null},{"edgeID":"1800894","fromID":"1377390","toID":"1377393","formEdgeID":null},{"edgeID":"1800895","fromID":"1377393","toID":"1377389","formEdgeID":null},{"edgeID":"1800896","fromID":"1377396","toID":"1377395","formEdgeID":null},{"edgeID":"1800897","fromID":"1377397","toID":"1377396","formEdgeID":null},{"edgeID":"1800898","fromID":"1377395","toID":"1377398","formEdgeID":null},{"edgeID":"1800899","fromID":"1377398","toID":"1377394","formEdgeID":null},{"edgeID":"1800900","fromID":"1377346","toID":"1377399","formEdgeID":null},{"edgeID":"1800901","fromID":"1377399","toID":"1377390","formEdgeID":null},{"edgeID":"1800902","fromID":"1377390","toID":"1377400","formEdgeID":null},{"edgeID":"1800903","fromID":"1377400","toID":"1377395","formEdgeID":null},{"edgeID":"1800904","fromID":"1377395","toID":"1377401","formEdgeID":null},{"edgeID":"1800905","fromID":"1377401","toID":"1377354","formEdgeID":null}],"locutions":[]}