{"nodes":[{"nodeID":"1362793","text":"Anna Soubry is really getting worried","type":"I","timestamp":"2023-11-09 14:29:12"},{"nodeID":"1362794","text":"Anna Soubry: I'm really getting worried","type":"L","timestamp":"2023-11-09 14:29:12"},{"nodeID":"1362795","text":"Analysing","type":"YA","timestamp":"2023-11-09 14:29:12"},{"nodeID":"1362796","text":"Jordan: Anna Soubry: I'm really getting worried","type":"L","timestamp":"2023-11-09 14:29:12"},{"nodeID":"1362797","text":"Asserting","type":"YA","timestamp":"2023-11-09 14:29:12"},{"nodeID":"1362798","text":"Anna Soubry agrees with Tim Stanley yet again","type":"I","timestamp":"2023-11-09 14:29:13"},{"nodeID":"1362799","text":"Anna Soubry: I agree with Tim yet again","type":"L","timestamp":"2023-11-09 14:29:13"},{"nodeID":"1362800","text":"Analysing","type":"YA","timestamp":"2023-11-09 14:29:13"},{"nodeID":"1362801","text":"Jordan: Anna Soubry: I agree with Tim yet again","type":"L","timestamp":"2023-11-09 14:29:13"},{"nodeID":"1362802","text":"Asserting","type":"YA","timestamp":"2023-11-09 14:29:13"},{"nodeID":"1362803","text":"Default Transition","type":"TA","timestamp":"2023-11-09 14:29:13"},{"nodeID":"1362804","text":"Default Inference","type":"RA","timestamp":"2023-11-09 14:29:13"},{"nodeID":"1362805","text":"Arguing","type":"YA","timestamp":"2023-11-09 14:29:13"},{"nodeID":"1362806","text":"for your first speech to the nation to say that your big vision for the future of our country is that we should all be doing maths in four years' time, until we're 18, says a lot about the state of this Government","type":"I","timestamp":"2023-11-09 14:29:14"},{"nodeID":"1362807","text":"Anna Soubry: for your first speech to the nation to say that your big vision for the future of our country is that we should all be doing maths in four years' time, until we're 18, says a lot about the state of this Government","type":"L","timestamp":"2023-11-09 14:29:14"},{"nodeID":"1362808","text":"Analysing","type":"YA","timestamp":"2023-11-09 14:29:14"},{"nodeID":"1362809","text":"Jordan: Anna Soubry: for your first speech to the nation to say that your big vision for the future of our country is that we should all be doing maths in four years' time, until we're 18, says a lot about the state of this Government","type":"L","timestamp":"2023-11-09 14:29:14"},{"nodeID":"1362810","text":"Asserting","type":"YA","timestamp":"2023-11-09 14:29:14"},{"nodeID":"1362811","text":"Default Transition","type":"TA","timestamp":"2023-11-09 14:29:14"},{"nodeID":"1362812","text":"the Government doesn't have a vision","type":"I","timestamp":"2023-11-09 14:29:14"},{"nodeID":"1362813","text":"Anna Soubry: It doesn't have a vision","type":"L","timestamp":"2023-11-09 14:29:14"},{"nodeID":"1362814","text":"Analysing","type":"YA","timestamp":"2023-11-09 14:29:14"},{"nodeID":"1362815","text":"Jordan: Anna Soubry: It doesn't have a vision","type":"L","timestamp":"2023-11-09 14:29:14"},{"nodeID":"1362816","text":"Asserting","type":"YA","timestamp":"2023-11-09 14:29:14"},{"nodeID":"1362817","text":"Default Transition","type":"TA","timestamp":"2023-11-09 14:29:14"},{"nodeID":"1362818","text":"Default Inference","type":"RA","timestamp":"2023-11-09 14:29:14"},{"nodeID":"1362819","text":"Arguing","type":"YA","timestamp":"2023-11-09 14:29:14"},{"nodeID":"1362820","text":"we need now to have a leader of our country who is competent, decent, but also has a vision for our future","type":"I","timestamp":"2023-11-09 14:29:15"},{"nodeID":"1362821","text":"Anna Soubry: we need now to have a leader of our country who is competent, decent, but also has a vision for our future","type":"L","timestamp":"2023-11-09 14:29:15"},{"nodeID":"1362822","text":"Analysing","type":"YA","timestamp":"2023-11-09 14:29:15"},{"nodeID":"1362823","text":"Jordan: Anna Soubry: we need now to have a leader of our country who is competent, decent, but also has a vision for our future","type":"L","timestamp":"2023-11-09 14:29:15"},{"nodeID":"1362824","text":"Asserting","type":"YA","timestamp":"2023-11-09 14:29:15"},{"nodeID":"1362825","text":"Default Transition","type":"TA","timestamp":"2023-11-09 14:29:15"},{"nodeID":"1362826","text":"Default Inference","type":"RA","timestamp":"2023-11-09 14:29:15"},{"nodeID":"1362827","text":"Arguing","type":"YA","timestamp":"2023-11-09 14:29:15"},{"nodeID":"1362828","text":"Rishi Sunak doesn't have a vision at all","type":"I","timestamp":"2023-11-09 14:29:16"},{"nodeID":"1362829","text":"Tim Stanley: He doesn't have a vision at all","type":"L","timestamp":"2023-11-09 14:29:16"},{"nodeID":"1362830","text":"Analysing","type":"YA","timestamp":"2023-11-09 14:29:16"},{"nodeID":"1362831","text":"Jordan: Tim Stanley: He doesn't have a vision at all","type":"L","timestamp":"2023-11-09 14:29:16"},{"nodeID":"1362832","text":"Asserting","type":"YA","timestamp":"2023-11-09 14:29:16"},{"nodeID":"1362833","text":"Default Rephrase","type":"MA","timestamp":"2023-11-09 14:29:16"},{"nodeID":"1362834","text":"Default Transition","type":"TA","timestamp":"2023-11-09 14:29:16"},{"nodeID":"1362835","text":"Restating","type":"YA","timestamp":"2023-11-09 14:29:16"},{"nodeID":"1362836","text":"Analysing","type":"YA","timestamp":"2023-11-09 14:29:16"},{"nodeID":"1362837","text":"Default Transition","type":"TA","timestamp":"2023-11-09 14:29:16"},{"nodeID":"1362838","text":"Asserting","type":"YA","timestamp":"2023-11-09 14:29:16"},{"nodeID":"1362839","text":"Rishi Sunak has got no plan","type":"I","timestamp":"2023-11-09 14:29:16"},{"nodeID":"1362840","text":"Tim Stanley: he's got no plan","type":"L","timestamp":"2023-11-09 14:29:16"},{"nodeID":"1362841","text":"Analysing","type":"YA","timestamp":"2023-11-09 14:29:16"},{"nodeID":"1362842","text":"Jordan: Tim Stanley: he's got no plan","type":"L","timestamp":"2023-11-09 14:29:16"},{"nodeID":"1362843","text":"Asserting","type":"YA","timestamp":"2023-11-09 14:29:16"},{"nodeID":"1362844","text":"Default Inference","type":"RA","timestamp":"2023-11-09 14:29:16"},{"nodeID":"1362845","text":"Default Transition","type":"TA","timestamp":"2023-11-09 14:29:16"},{"nodeID":"1362846","text":"Arguing","type":"YA","timestamp":"2023-11-09 14:29:16"},{"nodeID":"1362847","text":"Default Transition","type":"TA","timestamp":"2023-11-09 14:29:16"},{"nodeID":"1362848","text":"Default Conflict","type":"CA","timestamp":"2023-11-09 14:29:16"},{"nodeID":"1362849","text":"Disagreeing","type":"YA","timestamp":"2023-11-09 14:29:16"}],"edges":[{"edgeID":"1783592","fromID":"1362795","toID":"1362794","formEdgeID":null},{"edgeID":"1783593","fromID":"1362796","toID":"1362795","formEdgeID":null},{"edgeID":"1783594","fromID":"1362794","toID":"1362797","formEdgeID":null},{"edgeID":"1783595","fromID":"1362797","toID":"1362793","formEdgeID":null},{"edgeID":"1783596","fromID":"1362800","toID":"1362799","formEdgeID":null},{"edgeID":"1783597","fromID":"1362801","toID":"1362800","formEdgeID":null},{"edgeID":"1783598","fromID":"1362799","toID":"1362802","formEdgeID":null},{"edgeID":"1783599","fromID":"1362802","toID":"1362798","formEdgeID":null},{"edgeID":"1783600","fromID":"1362794","toID":"1362803","formEdgeID":null},{"edgeID":"1783601","fromID":"1362803","toID":"1362799","formEdgeID":null},{"edgeID":"1783602","fromID":"1362798","toID":"1362804","formEdgeID":null},{"edgeID":"1783603","fromID":"1362804","toID":"1362793","formEdgeID":null},{"edgeID":"1783604","fromID":"1362803","toID":"1362805","formEdgeID":null},{"edgeID":"1783605","fromID":"1362805","toID":"1362804","formEdgeID":null},{"edgeID":"1783606","fromID":"1362808","toID":"1362807","formEdgeID":null},{"edgeID":"1783607","fromID":"1362809","toID":"1362808","formEdgeID":null},{"edgeID":"1783608","fromID":"1362807","toID":"1362810","formEdgeID":null},{"edgeID":"1783609","fromID":"1362810","toID":"1362806","formEdgeID":null},{"edgeID":"1783610","fromID":"1362799","toID":"1362811","formEdgeID":null},{"edgeID":"1783611","fromID":"1362811","toID":"1362807","formEdgeID":null},{"edgeID":"1783612","fromID":"1362814","toID":"1362813","formEdgeID":null},{"edgeID":"1783613","fromID":"1362815","toID":"1362814","formEdgeID":null},{"edgeID":"1783614","fromID":"1362813","toID":"1362816","formEdgeID":null},{"edgeID":"1783615","fromID":"1362816","toID":"1362812","formEdgeID":null},{"edgeID":"1783616","fromID":"1362807","toID":"1362817","formEdgeID":null},{"edgeID":"1783617","fromID":"1362817","toID":"1362813","formEdgeID":null},{"edgeID":"1783618","fromID":"1362806","toID":"1362818","formEdgeID":null},{"edgeID":"1783619","fromID":"1362818","toID":"1362812","formEdgeID":null},{"edgeID":"1783620","fromID":"1362817","toID":"1362819","formEdgeID":null},{"edgeID":"1783621","fromID":"1362819","toID":"1362818","formEdgeID":null},{"edgeID":"1783622","fromID":"1362822","toID":"1362821","formEdgeID":null},{"edgeID":"1783623","fromID":"1362823","toID":"1362822","formEdgeID":null},{"edgeID":"1783624","fromID":"1362821","toID":"1362824","formEdgeID":null},{"edgeID":"1783625","fromID":"1362824","toID":"1362820","formEdgeID":null},{"edgeID":"1783626","fromID":"1362813","toID":"1362825","formEdgeID":null},{"edgeID":"1783627","fromID":"1362825","toID":"1362821","formEdgeID":null},{"edgeID":"1783628","fromID":"1362812","toID":"1362826","formEdgeID":null},{"edgeID":"1783629","fromID":"1362826","toID":"1362820","formEdgeID":null},{"edgeID":"1783630","fromID":"1362825","toID":"1362827","formEdgeID":null},{"edgeID":"1783631","fromID":"1362827","toID":"1362826","formEdgeID":null},{"edgeID":"1783632","fromID":"1362830","toID":"1362829","formEdgeID":null},{"edgeID":"1783633","fromID":"1362831","toID":"1362830","formEdgeID":null},{"edgeID":"1783634","fromID":"1362829","toID":"1362832","formEdgeID":null},{"edgeID":"1783635","fromID":"1362832","toID":"1362828","formEdgeID":null},{"edgeID":"1783636","fromID":"1362828","toID":"1362833","formEdgeID":null},{"edgeID":"1783637","fromID":"1362833","toID":"1362812","formEdgeID":null},{"edgeID":"1783638","fromID":"1362813","toID":"1362834","formEdgeID":null},{"edgeID":"1783639","fromID":"1362834","toID":"1362829","formEdgeID":null},{"edgeID":"1783640","fromID":"1362834","toID":"1362835","formEdgeID":null},{"edgeID":"1783641","fromID":"1362835","toID":"1362833","formEdgeID":null},{"edgeID":"1783642","fromID":"1362836","toID":"1362829","formEdgeID":null},{"edgeID":"1783643","fromID":"1362831","toID":"1362836","formEdgeID":null},{"edgeID":"1783644","fromID":"1362829","toID":"1362837","formEdgeID":null},{"edgeID":"1783645","fromID":"1362837","toID":"1362829","formEdgeID":null},{"edgeID":"1783646","fromID":"1362829","toID":"1362838","formEdgeID":null},{"edgeID":"1783647","fromID":"1362838","toID":"1362828","formEdgeID":null},{"edgeID":"1783648","fromID":"1362841","toID":"1362840","formEdgeID":null},{"edgeID":"1783649","fromID":"1362842","toID":"1362841","formEdgeID":null},{"edgeID":"1783650","fromID":"1362840","toID":"1362843","formEdgeID":null},{"edgeID":"1783651","fromID":"1362843","toID":"1362839","formEdgeID":null},{"edgeID":"1783652","fromID":"1362839","toID":"1362844","formEdgeID":null},{"edgeID":"1783653","fromID":"1362844","toID":"1362828","formEdgeID":null},{"edgeID":"1783654","fromID":"1362829","toID":"1362845","formEdgeID":null},{"edgeID":"1783655","fromID":"1362845","toID":"1362840","formEdgeID":null},{"edgeID":"1783656","fromID":"1362845","toID":"1362846","formEdgeID":null},{"edgeID":"1783657","fromID":"1362846","toID":"1362844","formEdgeID":null},{"edgeID":"1783658","fromID":"1362821","toID":"1362847","formEdgeID":null},{"edgeID":"1783659","fromID":"1362847","toID":"1362829","formEdgeID":null},{"edgeID":"1783660","fromID":"1362828","toID":"1362848","formEdgeID":null},{"edgeID":"1783661","fromID":"1362848","toID":"1362820","formEdgeID":null},{"edgeID":"1783662","fromID":"1362847","toID":"1362849","formEdgeID":null},{"edgeID":"1783663","fromID":"1362849","toID":"1362848","formEdgeID":null}],"locutions":[]}