{"nodes":[{"nodeID":"1157810","text":"we can talk about the plan on the specifics","type":"I","timestamp":"2023-04-24 19:28:52"},{"nodeID":"1157900","text":"you haven't got regional discrepancies where an ambulance will come in these circumstances in the North West, but not in the South East","type":"I","timestamp":"2023-04-24 19:29:32"},{"nodeID":"1157941","text":"we have to get to a point where there's a risk to life and limb","type":"I","timestamp":"2023-04-24 19:29:46"},{"nodeID":"1362376","text":"one doesn't know if someone will come if there's a risk to life is a normal day","type":"I","timestamp":"2023-11-09 14:28:38"},{"nodeID":"1362377","text":"Ash Sarkar: That's a normal day","type":"L","timestamp":"2023-11-09 14:28:38"},{"nodeID":"1362378","text":"Analysing","type":"YA","timestamp":"2023-11-09 14:28:38"},{"nodeID":"1362379","text":"Joanna: Ash Sarkar: That's a normal day","type":"L","timestamp":"2023-11-09 14:28:38"},{"nodeID":"1362380","text":"Asserting","type":"YA","timestamp":"2023-11-09 14:28:38"},{"nodeID":"1362381","text":"one doesn't know if someone will come if there's a risk to life is a normal day at the moment","type":"I","timestamp":"2023-11-09 14:28:39"},{"nodeID":"1362382","text":"Anna Soubry: That's a normal day at the moment","type":"L","timestamp":"2023-11-09 14:28:39"},{"nodeID":"1362383","text":"Analysing","type":"YA","timestamp":"2023-11-09 14:28:39"},{"nodeID":"1362384","text":"Joanna: Anna Soubry: That's a normal day at the moment","type":"L","timestamp":"2023-11-09 14:28:39"},{"nodeID":"1362385","text":"Asserting","type":"YA","timestamp":"2023-11-09 14:28:39"},{"nodeID":"1362386","text":"Default Transition","type":"TA","timestamp":"2023-11-09 14:28:39"},{"nodeID":"1362387","text":"Default Rephrase","type":"MA","timestamp":"2023-11-09 14:28:39"},{"nodeID":"1362388","text":"Alex Chalk: we can talk about the plan on the specifics","type":"L","timestamp":"2023-11-09 14:28:39"},{"nodeID":"1362389","text":"Analysing","type":"YA","timestamp":"2023-11-09 14:28:39"},{"nodeID":"1362390","text":"Joanna: Alex Chalk: we can talk about the plan on the specifics","type":"L","timestamp":"2023-11-09 14:28:39"},{"nodeID":"1362391","text":"Asserting","type":"YA","timestamp":"2023-11-09 14:28:39"},{"nodeID":"1362392","text":"Default Transition","type":"TA","timestamp":"2023-11-09 14:28:39"},{"nodeID":"1362393","text":"Alex Chalk: we have to get to a point where\u2026where there's a risk to life and limb","type":"L","timestamp":"2023-11-09 14:28:40"},{"nodeID":"1362394","text":"Analysing","type":"YA","timestamp":"2023-11-09 14:28:40"},{"nodeID":"1362395","text":"Joanna: Alex Chalk: we have to get to a point where\u2026where there's a risk to life and limb","type":"L","timestamp":"2023-11-09 14:28:40"},{"nodeID":"1362396","text":"Asserting","type":"YA","timestamp":"2023-11-09 14:28:40"},{"nodeID":"1362397","text":"Default Transition","type":"TA","timestamp":"2023-11-09 14:28:40"},{"nodeID":"1362398","text":"one will have seen people leaving picket lines during strikes to respond to precisely those calls where there's risk to life and limb","type":"I","timestamp":"2023-11-09 14:28:41"},{"nodeID":"1362399","text":"Bridget Phillipson: You will have seen people leaving picket lines during strikes to respond to precisely those calls","type":"L","timestamp":"2023-11-09 14:28:41"},{"nodeID":"1362400","text":"Analysing","type":"YA","timestamp":"2023-11-09 14:28:41"},{"nodeID":"1362401","text":"Joanna: Bridget Phillipson: You will have seen people leaving picket lines during strikes to respond to precisely those calls","type":"L","timestamp":"2023-11-09 14:28:41"},{"nodeID":"1362402","text":"Asserting","type":"YA","timestamp":"2023-11-09 14:28:41"},{"nodeID":"1362403","text":"Default Transition","type":"TA","timestamp":"2023-11-09 14:28:41"},{"nodeID":"1362404","text":"Alex Chalk: Absolutely","type":"L","timestamp":"2023-11-09 14:28:41"},{"nodeID":"1362405","text":"Analysing","type":"YA","timestamp":"2023-11-09 14:28:41"},{"nodeID":"1362406","text":"Joanna: Alex Chalk: Absolutely","type":"L","timestamp":"2023-11-09 14:28:41"},{"nodeID":"1362407","text":"Default Transition","type":"TA","timestamp":"2023-11-09 14:28:41"},{"nodeID":"1362408","text":"Alex Chalk can deal with the specific point that when there's risk to life and limb people leave the picket lines","type":"I","timestamp":"2023-11-09 14:28:41"},{"nodeID":"1362409","text":"Alex Chalk:  can I deal with that specific point","type":"L","timestamp":"2023-11-09 14:28:41"},{"nodeID":"1362410","text":"Analysing","type":"YA","timestamp":"2023-11-09 14:28:41"},{"nodeID":"1362411","text":"Joanna: Alex Chalk:  can I deal with that specific point","type":"L","timestamp":"2023-11-09 14:28:41"},{"nodeID":"1362412","text":"Rhetorical Questioning","type":"YA","timestamp":"2023-11-09 14:28:41"},{"nodeID":"1362413","text":"Default Transition","type":"TA","timestamp":"2023-11-09 14:28:41"},{"nodeID":"1362414","text":"responding to life and limb threatening situations is what the nursing union will provide","type":"I","timestamp":"2023-11-09 14:28:42"},{"nodeID":"1362415","text":"Alex Chalk: one of the things that was very responsible, again, I respectfully say so, is the nursing union said in advance this is what we will provide","type":"L","timestamp":"2023-11-09 14:28:42"},{"nodeID":"1362416","text":"Analysing","type":"YA","timestamp":"2023-11-09 14:28:42"},{"nodeID":"1362417","text":"Joanna: Alex Chalk: one of the things that was very responsible, again, I respectfully say so, is the nursing union said in advance this is what we will provide","type":"L","timestamp":"2023-11-09 14:28:42"},{"nodeID":"1362418","text":"Default Transition","type":"TA","timestamp":"2023-11-09 14:28:42"},{"nodeID":"1362419","text":"the nursing union said in advance that the response to life and limb threatening situations is what they will provide","type":"I","timestamp":"2023-11-09 14:28:43"},{"nodeID":"1362420","text":"Alex Chalk: along the lines that you indicated","type":"L","timestamp":"2023-11-09 14:28:43"},{"nodeID":"1362421","text":"Analysing","type":"YA","timestamp":"2023-11-09 14:28:43"},{"nodeID":"1362422","text":"Joanna: Alex Chalk: along the lines that you indicated","type":"L","timestamp":"2023-11-09 14:28:43"},{"nodeID":"1362423","text":"Bridget Phillipson: the nursing union said in advance that the response to life and limb threatening situations is what they will provide","type":"L","timestamp":"2023-11-09 14:28:43"},{"nodeID":"1362424","text":"Analysing","type":"YA","timestamp":"2023-11-09 14:28:43"},{"nodeID":"1362425","text":"Joanna: Bridget Phillipson: the nursing union said in advance that the response to life and limb threatening situations is what they will provide","type":"L","timestamp":"2023-11-09 14:28:43"},{"nodeID":"1362426","text":"Asserting","type":"YA","timestamp":"2023-11-09 14:28:43"},{"nodeID":"1362427","text":"Default Rephrase","type":"MA","timestamp":"2023-11-09 14:28:43"},{"nodeID":"1362428","text":"Default Transition","type":"TA","timestamp":"2023-11-09 14:28:43"},{"nodeID":"1362429","text":"Restating","type":"YA","timestamp":"2023-11-09 14:28:43"},{"nodeID":"1362430","text":"there were other sectors which didn't provide the respone to life and limb threatening situations","type":"I","timestamp":"2023-11-09 14:28:43"},{"nodeID":"1362431","text":"Alex Chalk: there were other sectors which didn't","type":"L","timestamp":"2023-11-09 14:28:43"},{"nodeID":"1362432","text":"Analysing","type":"YA","timestamp":"2023-11-09 14:28:43"},{"nodeID":"1362433","text":"Joanna: Alex Chalk: there were other sectors which didn't","type":"L","timestamp":"2023-11-09 14:28:43"},{"nodeID":"1362434","text":"Asserting","type":"YA","timestamp":"2023-11-09 14:28:43"},{"nodeID":"1362435","text":"Default Transition","type":"TA","timestamp":"2023-11-09 14:28:43"},{"nodeID":"1362436","text":"you had a perverse situation","type":"I","timestamp":"2023-11-09 14:28:44"},{"nodeID":"1362437","text":"Alex Chalk: you had a perverse situation","type":"L","timestamp":"2023-11-09 14:28:44"},{"nodeID":"1362438","text":"Analysing","type":"YA","timestamp":"2023-11-09 14:28:44"},{"nodeID":"1362439","text":"Joanna: Alex Chalk: you had a perverse situation","type":"L","timestamp":"2023-11-09 14:28:44"},{"nodeID":"1362440","text":"Asserting","type":"YA","timestamp":"2023-11-09 14:28:44"},{"nodeID":"1362441","text":"Default Inference","type":"RA","timestamp":"2023-11-09 14:28:44"},{"nodeID":"1362442","text":"Default Transition","type":"TA","timestamp":"2023-11-09 14:28:44"},{"nodeID":"1362443","text":"Arguing","type":"YA","timestamp":"2023-11-09 14:28:44"},{"nodeID":"1362444","text":"you had a perverse situation where literally two minutes to midnight, the Secretary of State was finding out what ambulance was going to be provided the following day","type":"I","timestamp":"2023-11-09 14:28:44"},{"nodeID":"1362445","text":"Alex Chalk: where literally two minutes to midnight, not metaphorically, literally, the Secretary of State was finding out what ambulance was going to be provided the following day","type":"L","timestamp":"2023-11-09 14:28:44"},{"nodeID":"1362446","text":"Analysing","type":"YA","timestamp":"2023-11-09 14:28:44"},{"nodeID":"1362447","text":"Joanna: Alex Chalk: where literally two minutes to midnight, not metaphorically, literally, the Secretary of State was finding out what ambulance was going to be provided the following day","type":"L","timestamp":"2023-11-09 14:28:44"},{"nodeID":"1362448","text":"Asserting","type":"YA","timestamp":"2023-11-09 14:28:44"},{"nodeID":"1362449","text":"Default Transition","type":"TA","timestamp":"2023-11-09 14:28:44"},{"nodeID":"1362450","text":"Default Inference","type":"RA","timestamp":"2023-11-09 14:28:44"},{"nodeID":"1362451","text":"Arguing","type":"YA","timestamp":"2023-11-09 14:28:44"},{"nodeID":"1362452","text":"we should be able to know in advance","type":"I","timestamp":"2023-11-09 14:28:45"},{"nodeID":"1362453","text":"Alex Chalk:  we should be able to know in advance","type":"L","timestamp":"2023-11-09 14:28:45"},{"nodeID":"1362454","text":"Analysing","type":"YA","timestamp":"2023-11-09 14:28:45"},{"nodeID":"1362455","text":"Joanna: Alex Chalk:  we should be able to know in advance","type":"L","timestamp":"2023-11-09 14:28:45"},{"nodeID":"1362456","text":"Asserting","type":"YA","timestamp":"2023-11-09 14:28:45"},{"nodeID":"1362457","text":"Alex Chalk: you haven't got regional discrepancies where an ambulance will come in these circumstances in the North West, but not in the South East","type":"L","timestamp":"2023-11-09 14:28:46"},{"nodeID":"1362458","text":"Analysing","type":"YA","timestamp":"2023-11-09 14:28:46"},{"nodeID":"1362459","text":"Joanna: Alex Chalk: you haven't got regional discrepancies where an ambulance will come in these circumstances in the North West, but not in the South East","type":"L","timestamp":"2023-11-09 14:28:46"},{"nodeID":"1362460","text":"Asserting","type":"YA","timestamp":"2023-11-09 14:28:46"},{"nodeID":"1362461","text":"Default Transition","type":"TA","timestamp":"2023-11-09 14:28:46"},{"nodeID":"1362462","text":"Default Inference","type":"RA","timestamp":"2023-11-09 14:28:46"},{"nodeID":"1362463","text":"Arguing","type":"YA","timestamp":"2023-11-09 14:28:46"},{"nodeID":"1362464","text":"you can see transparently and in advance what are those minimum levels","type":"I","timestamp":"2023-11-09 14:28:46"},{"nodeID":"1362465","text":"Alex Chalk: you can see transparently and in advance what are those minimum levels","type":"L","timestamp":"2023-11-09 14:28:46"},{"nodeID":"1362466","text":"Analysing","type":"YA","timestamp":"2023-11-09 14:28:46"},{"nodeID":"1362467","text":"Joanna: Alex Chalk: you can see transparently and in advance what are those minimum levels","type":"L","timestamp":"2023-11-09 14:28:46"},{"nodeID":"1362468","text":"Asserting","type":"YA","timestamp":"2023-11-09 14:28:46"},{"nodeID":"1362469","text":"Default Inference","type":"RA","timestamp":"2023-11-09 14:28:46"},{"nodeID":"1362470","text":"Default Rephrase","type":"MA","timestamp":"2023-11-09 14:28:46"},{"nodeID":"1362471","text":"Default Transition","type":"TA","timestamp":"2023-11-09 14:28:46"},{"nodeID":"1362472","text":"Restating","type":"YA","timestamp":"2023-11-09 14:28:46"},{"nodeID":"1362473","text":"seeing transparently and in advance what are those minimum levels is not just about health","type":"I","timestamp":"2023-11-09 14:28:47"},{"nodeID":"1362474","text":"Anna Soubry: It's not just about health","type":"L","timestamp":"2023-11-09 14:28:47"},{"nodeID":"1362475","text":"Analysing","type":"YA","timestamp":"2023-11-09 14:28:47"},{"nodeID":"1362476","text":"Joanna: Anna Soubry: It's not just about health","type":"L","timestamp":"2023-11-09 14:28:47"},{"nodeID":"1362477","text":"Asserting","type":"YA","timestamp":"2023-11-09 14:28:47"},{"nodeID":"1362478","text":"Default Transition","type":"TA","timestamp":"2023-11-09 14:28:47"},{"nodeID":"1362479","text":"Default Rephrase","type":"MA","timestamp":"2023-11-09 14:28:47"},{"nodeID":"1362480","text":"Restating","type":"YA","timestamp":"2023-11-09 14:28:47"},{"nodeID":"1362481","text":"Restating","type":"YA","timestamp":"2023-11-09 14:28:47"},{"nodeID":"1362482","text":"Agreeing","type":"YA","timestamp":"2023-11-09 14:28:47"},{"nodeID":"1362483","text":"Nursing Union: responding to life and limb threatening situations is what we will provide","type":"L","timestamp":"2023-11-09 14:28:47"},{"nodeID":"1362484","text":"Analysing","type":"YA","timestamp":"2023-11-09 14:28:47"},{"nodeID":"1362485","text":"Joanna: Nursing Union: one of the things that was very responsible is the nursing union said in advance that the response to life and limb threatening situations is what they will provide","type":"L","timestamp":"2023-11-09 14:28:47"},{"nodeID":"1362486","text":"Asserting","type":"YA","timestamp":"2023-11-09 14:28:47"},{"nodeID":"1362487","text":"Asserting","type":"YA","timestamp":"2023-11-09 14:28:47"},{"nodeID":"1362488","text":"Asserting","type":"YA","timestamp":"2023-11-09 14:28:47"},{"nodeID":"1362489","text":"you had a perverse situation where literally two minutes to midnight, the Secretary of State was finding out what ambulance was going to be provided the following day not metaphorically, literally","type":"I","timestamp":"2023-11-09 14:28:48"},{"nodeID":"1362490","text":"Alex Chalk: not metaphorically, literally","type":"L","timestamp":"2023-11-09 14:28:48"},{"nodeID":"1362491","text":"Analysing","type":"YA","timestamp":"2023-11-09 14:28:48"},{"nodeID":"1362492","text":"Joanna: Alex Chalk: not metaphorically, literally","type":"L","timestamp":"2023-11-09 14:28:48"},{"nodeID":"1362493","text":"Asserting","type":"YA","timestamp":"2023-11-09 14:28:48"},{"nodeID":"1362494","text":"Default Transition","type":"TA","timestamp":"2023-11-09 14:28:48"},{"nodeID":"1362495","text":"Default Rephrase","type":"MA","timestamp":"2023-11-09 14:28:48"},{"nodeID":"1362496","text":"Restating","type":"YA","timestamp":"2023-11-09 14:28:48"},{"nodeID":"1362497","text":"Default Inference","type":"RA","timestamp":"2023-11-09 14:28:48"},{"nodeID":"1362498","text":"Default Transition","type":"TA","timestamp":"2023-11-09 14:28:48"},{"nodeID":"1362499","text":"Arguing","type":"YA","timestamp":"2023-11-09 14:28:48"}],"edges":[{"edgeID":"1783094","fromID":"1362378","toID":"1362377","formEdgeID":null},{"edgeID":"1783095","fromID":"1362379","toID":"1362378","formEdgeID":null},{"edgeID":"1783096","fromID":"1362377","toID":"1362380","formEdgeID":null},{"edgeID":"1783097","fromID":"1362380","toID":"1362376","formEdgeID":null},{"edgeID":"1783098","fromID":"1362383","toID":"1362382","formEdgeID":null},{"edgeID":"1783099","fromID":"1362384","toID":"1362383","formEdgeID":null},{"edgeID":"1783100","fromID":"1362382","toID":"1362385","formEdgeID":null},{"edgeID":"1783101","fromID":"1362385","toID":"1362381","formEdgeID":null},{"edgeID":"1783102","fromID":"1362377","toID":"1362386","formEdgeID":null},{"edgeID":"1783103","fromID":"1362386","toID":"1362382","formEdgeID":null},{"edgeID":"1783104","fromID":"1362381","toID":"1362387","formEdgeID":null},{"edgeID":"1783105","fromID":"1362387","toID":"1362376","formEdgeID":null},{"edgeID":"1783106","fromID":"1362389","toID":"1362388","formEdgeID":null},{"edgeID":"1783107","fromID":"1362390","toID":"1362389","formEdgeID":null},{"edgeID":"1783108","fromID":"1362388","toID":"1362391","formEdgeID":null},{"edgeID":"1783109","fromID":"1362391","toID":"1157810","formEdgeID":null},{"edgeID":"1783110","fromID":"1362382","toID":"1362392","formEdgeID":null},{"edgeID":"1783111","fromID":"1362392","toID":"1362388","formEdgeID":null},{"edgeID":"1783112","fromID":"1362394","toID":"1362393","formEdgeID":null},{"edgeID":"1783113","fromID":"1362395","toID":"1362394","formEdgeID":null},{"edgeID":"1783114","fromID":"1362393","toID":"1362396","formEdgeID":null},{"edgeID":"1783115","fromID":"1362396","toID":"1157941","formEdgeID":null},{"edgeID":"1783116","fromID":"1362388","toID":"1362397","formEdgeID":null},{"edgeID":"1783117","fromID":"1362397","toID":"1362393","formEdgeID":null},{"edgeID":"1783118","fromID":"1362400","toID":"1362399","formEdgeID":null},{"edgeID":"1783119","fromID":"1362401","toID":"1362400","formEdgeID":null},{"edgeID":"1783120","fromID":"1362399","toID":"1362402","formEdgeID":null},{"edgeID":"1783121","fromID":"1362402","toID":"1362398","formEdgeID":null},{"edgeID":"1783122","fromID":"1362393","toID":"1362403","formEdgeID":null},{"edgeID":"1783123","fromID":"1362403","toID":"1362399","formEdgeID":null},{"edgeID":"1783124","fromID":"1362405","toID":"1362404","formEdgeID":null},{"edgeID":"1783125","fromID":"1362406","toID":"1362405","formEdgeID":null},{"edgeID":"1783126","fromID":"1362399","toID":"1362407","formEdgeID":null},{"edgeID":"1783127","fromID":"1362407","toID":"1362404","formEdgeID":null},{"edgeID":"1783128","fromID":"1362410","toID":"1362409","formEdgeID":null},{"edgeID":"1783129","fromID":"1362411","toID":"1362410","formEdgeID":null},{"edgeID":"1783130","fromID":"1362409","toID":"1362412","formEdgeID":null},{"edgeID":"1783131","fromID":"1362412","toID":"1362408","formEdgeID":null},{"edgeID":"1783132","fromID":"1362404","toID":"1362413","formEdgeID":null},{"edgeID":"1783133","fromID":"1362413","toID":"1362409","formEdgeID":null},{"edgeID":"1783134","fromID":"1362416","toID":"1362415","formEdgeID":null},{"edgeID":"1783135","fromID":"1362417","toID":"1362416","formEdgeID":null},{"edgeID":"1783136","fromID":"1362409","toID":"1362418","formEdgeID":null},{"edgeID":"1783137","fromID":"1362418","toID":"1362415","formEdgeID":null},{"edgeID":"1783138","fromID":"1362421","toID":"1362420","formEdgeID":null},{"edgeID":"1783139","fromID":"1362422","toID":"1362421","formEdgeID":null},{"edgeID":"1783140","fromID":"1362424","toID":"1362423","formEdgeID":null},{"edgeID":"1783141","fromID":"1362425","toID":"1362424","formEdgeID":null},{"edgeID":"1783142","fromID":"1362423","toID":"1362426","formEdgeID":null},{"edgeID":"1783143","fromID":"1362426","toID":"1362419","formEdgeID":null},{"edgeID":"1783144","fromID":"1362419","toID":"1362427","formEdgeID":null},{"edgeID":"1783145","fromID":"1362427","toID":"1362398","formEdgeID":null},{"edgeID":"1783146","fromID":"1362399","toID":"1362428","formEdgeID":null},{"edgeID":"1783147","fromID":"1362428","toID":"1362420","formEdgeID":null},{"edgeID":"1783148","fromID":"1362428","toID":"1362429","formEdgeID":null},{"edgeID":"1783149","fromID":"1362429","toID":"1362427","formEdgeID":null},{"edgeID":"1783150","fromID":"1362432","toID":"1362431","formEdgeID":null},{"edgeID":"1783151","fromID":"1362433","toID":"1362432","formEdgeID":null},{"edgeID":"1783152","fromID":"1362431","toID":"1362434","formEdgeID":null},{"edgeID":"1783153","fromID":"1362434","toID":"1362430","formEdgeID":null},{"edgeID":"1783154","fromID":"1362420","toID":"1362435","formEdgeID":null},{"edgeID":"1783155","fromID":"1362435","toID":"1362431","formEdgeID":null},{"edgeID":"1783156","fromID":"1362438","toID":"1362437","formEdgeID":null},{"edgeID":"1783157","fromID":"1362439","toID":"1362438","formEdgeID":null},{"edgeID":"1783158","fromID":"1362437","toID":"1362440","formEdgeID":null},{"edgeID":"1783159","fromID":"1362440","toID":"1362436","formEdgeID":null},{"edgeID":"1783160","fromID":"1362414","toID":"1362441","formEdgeID":null},{"edgeID":"1783161","fromID":"1362441","toID":"1362436","formEdgeID":null},{"edgeID":"1783162","fromID":"1362430","toID":"1362441","formEdgeID":null},{"edgeID":"1783163","fromID":"1362415","toID":"1362442","formEdgeID":null},{"edgeID":"1783164","fromID":"1362442","toID":"1362437","formEdgeID":null},{"edgeID":"1783165","fromID":"1362442","toID":"1362443","formEdgeID":null},{"edgeID":"1783166","fromID":"1362443","toID":"1362441","formEdgeID":null},{"edgeID":"1783167","fromID":"1362446","toID":"1362445","formEdgeID":null},{"edgeID":"1783168","fromID":"1362447","toID":"1362446","formEdgeID":null},{"edgeID":"1783169","fromID":"1362445","toID":"1362448","formEdgeID":null},{"edgeID":"1783170","fromID":"1362448","toID":"1362444","formEdgeID":null},{"edgeID":"1783171","fromID":"1362437","toID":"1362449","formEdgeID":null},{"edgeID":"1783172","fromID":"1362449","toID":"1362445","formEdgeID":null},{"edgeID":"1783173","fromID":"1362444","toID":"1362450","formEdgeID":null},{"edgeID":"1783174","fromID":"1362450","toID":"1362436","formEdgeID":null},{"edgeID":"1783175","fromID":"1362449","toID":"1362451","formEdgeID":null},{"edgeID":"1783176","fromID":"1362451","toID":"1362450","formEdgeID":null},{"edgeID":"1783177","fromID":"1362454","toID":"1362453","formEdgeID":null},{"edgeID":"1783178","fromID":"1362455","toID":"1362454","formEdgeID":null},{"edgeID":"1783179","fromID":"1362453","toID":"1362456","formEdgeID":null},{"edgeID":"1783180","fromID":"1362456","toID":"1362452","formEdgeID":null},{"edgeID":"1783181","fromID":"1362458","toID":"1362457","formEdgeID":null},{"edgeID":"1783182","fromID":"1362459","toID":"1362458","formEdgeID":null},{"edgeID":"1783183","fromID":"1362457","toID":"1362460","formEdgeID":null},{"edgeID":"1783184","fromID":"1362460","toID":"1157900","formEdgeID":null},{"edgeID":"1783185","fromID":"1362453","toID":"1362461","formEdgeID":null},{"edgeID":"1783186","fromID":"1362461","toID":"1362457","formEdgeID":null},{"edgeID":"1783187","fromID":"1362452","toID":"1362462","formEdgeID":null},{"edgeID":"1783188","fromID":"1362462","toID":"1157900","formEdgeID":null},{"edgeID":"1783189","fromID":"1362461","toID":"1362463","formEdgeID":null},{"edgeID":"1783190","fromID":"1362463","toID":"1362462","formEdgeID":null},{"edgeID":"1783191","fromID":"1362466","toID":"1362465","formEdgeID":null},{"edgeID":"1783192","fromID":"1362467","toID":"1362466","formEdgeID":null},{"edgeID":"1783193","fromID":"1362465","toID":"1362468","formEdgeID":null},{"edgeID":"1783194","fromID":"1362468","toID":"1362464","formEdgeID":null},{"edgeID":"1783195","fromID":"1157900","toID":"1362469","formEdgeID":null},{"edgeID":"1783196","fromID":"1362469","toID":"1362464","formEdgeID":null},{"edgeID":"1783197","fromID":"1362464","toID":"1362470","formEdgeID":null},{"edgeID":"1783198","fromID":"1362470","toID":"1362452","formEdgeID":null},{"edgeID":"1783199","fromID":"1362453","toID":"1362471","formEdgeID":null},{"edgeID":"1783200","fromID":"1362471","toID":"1362465","formEdgeID":null},{"edgeID":"1783201","fromID":"1362471","toID":"1362472","formEdgeID":null},{"edgeID":"1783202","fromID":"1362472","toID":"1362470","formEdgeID":null},{"edgeID":"1783203","fromID":"1362475","toID":"1362474","formEdgeID":null},{"edgeID":"1783204","fromID":"1362476","toID":"1362475","formEdgeID":null},{"edgeID":"1783205","fromID":"1362474","toID":"1362477","formEdgeID":null},{"edgeID":"1783206","fromID":"1362477","toID":"1362473","formEdgeID":null},{"edgeID":"1783207","fromID":"1362465","toID":"1362478","formEdgeID":null},{"edgeID":"1783208","fromID":"1362478","toID":"1362474","formEdgeID":null},{"edgeID":"1783209","fromID":"1362473","toID":"1362479","formEdgeID":null},{"edgeID":"1783210","fromID":"1362479","toID":"1362464","formEdgeID":null},{"edgeID":"1783211","fromID":"1362478","toID":"1362480","formEdgeID":null},{"edgeID":"1783212","fromID":"1362480","toID":"1362479","formEdgeID":null},{"edgeID":"1783213","fromID":"1362386","toID":"1362481","formEdgeID":null},{"edgeID":"1783214","fromID":"1362481","toID":"1362387","formEdgeID":null},{"edgeID":"1783215","fromID":"1362407","toID":"1362482","formEdgeID":null},{"edgeID":"1783216","fromID":"1362482","toID":"1362398","formEdgeID":null},{"edgeID":"1783217","fromID":"1362484","toID":"1362483","formEdgeID":null},{"edgeID":"1783218","fromID":"1362485","toID":"1362484","formEdgeID":null},{"edgeID":"1783219","fromID":"1362483","toID":"1362486","formEdgeID":null},{"edgeID":"1783220","fromID":"1362486","toID":"1362414","formEdgeID":null},{"edgeID":"1783221","fromID":"1362415","toID":"1362487","formEdgeID":null},{"edgeID":"1783222","fromID":"1362487","toID":"1362483","formEdgeID":null},{"edgeID":"1783223","fromID":"1362488","toID":"1362423","formEdgeID":null},{"edgeID":"1783224","fromID":"1362420","toID":"1362488","formEdgeID":null},{"edgeID":"1783225","fromID":"1362491","toID":"1362490","formEdgeID":null},{"edgeID":"1783226","fromID":"1362492","toID":"1362491","formEdgeID":null},{"edgeID":"1783227","fromID":"1362490","toID":"1362493","formEdgeID":null},{"edgeID":"1783228","fromID":"1362493","toID":"1362489","formEdgeID":null},{"edgeID":"1783229","fromID":"1362445","toID":"1362494","formEdgeID":null},{"edgeID":"1783230","fromID":"1362494","toID":"1362490","formEdgeID":null},{"edgeID":"1783231","fromID":"1362489","toID":"1362495","formEdgeID":null},{"edgeID":"1783232","fromID":"1362495","toID":"1362444","formEdgeID":null},{"edgeID":"1783233","fromID":"1362494","toID":"1362496","formEdgeID":null},{"edgeID":"1783234","fromID":"1362496","toID":"1362495","formEdgeID":null},{"edgeID":"1783235","fromID":"1362444","toID":"1362497","formEdgeID":null},{"edgeID":"1783236","fromID":"1362497","toID":"1362452","formEdgeID":null},{"edgeID":"1783237","fromID":"1362445","toID":"1362498","formEdgeID":null},{"edgeID":"1783238","fromID":"1362498","toID":"1362453","formEdgeID":null},{"edgeID":"1783239","fromID":"1362498","toID":"1362499","formEdgeID":null},{"edgeID":"1783240","fromID":"1362499","toID":"1362497","formEdgeID":null}],"locutions":[]}