{"nodes":[{"nodeID":"1358114","text":"you've just got really sick patients in ambulances that just can't move through the system","type":"I","timestamp":"2023-11-09 14:21:59"},{"nodeID":"1358115","text":"AudienceMember 20230126QT02: you've just got really sick patients in ambulances that just can't move through the system","type":"L","timestamp":"2023-11-09 14:21:59"},{"nodeID":"1358116","text":"Analysing","type":"YA","timestamp":"2023-11-09 14:21:59"},{"nodeID":"1358117","text":"Tuuli: AudienceMember 20230126QT02: you've just got really sick patients in ambulances that just can't move through the system","type":"L","timestamp":"2023-11-09 14:21:59"},{"nodeID":"1358118","text":"Asserting","type":"YA","timestamp":"2023-11-09 14:21:59"},{"nodeID":"1358119","text":"recently AudienceMember 20230126QT02's own nan spent 48 hours in a trolley in ED before she could move to a ward","type":"I","timestamp":"2023-11-09 14:22:00"},{"nodeID":"1358120","text":"AudienceMember 20230126QT02: recently my own nan spent 48 hours in a trolley in ED before she could move to a ward","type":"L","timestamp":"2023-11-09 14:22:00"},{"nodeID":"1358121","text":"Analysing","type":"YA","timestamp":"2023-11-09 14:22:00"},{"nodeID":"1358122","text":"Tuuli: AudienceMember 20230126QT02: recently my own nan spent 48 hours in a trolley in ED before she could move to a ward","type":"L","timestamp":"2023-11-09 14:22:00"},{"nodeID":"1358123","text":"Asserting","type":"YA","timestamp":"2023-11-09 14:22:00"},{"nodeID":"1358124","text":"AudienceMember 20230126QT02 experiences the NHS in crisis through work","type":"I","timestamp":"2023-11-09 14:22:01"},{"nodeID":"1358125","text":"AudienceMember 20230126QT02: I experience it through work","type":"L","timestamp":"2023-11-09 14:22:01"},{"nodeID":"1358126","text":"Analysing","type":"YA","timestamp":"2023-11-09 14:22:01"},{"nodeID":"1358127","text":"Tuuli: AudienceMember 20230126QT02: I experience it through work","type":"L","timestamp":"2023-11-09 14:22:01"},{"nodeID":"1358128","text":"Asserting","type":"YA","timestamp":"2023-11-09 14:22:01"},{"nodeID":"1358129","text":"AudienceMember 20230126QT02 experiences the NHS in crisis through their own family","type":"I","timestamp":"2023-11-09 14:22:02"},{"nodeID":"1358130","text":"AudienceMember 20230126QT02: through my own family","type":"L","timestamp":"2023-11-09 14:22:02"},{"nodeID":"1358131","text":"Analysing","type":"YA","timestamp":"2023-11-09 14:22:02"},{"nodeID":"1358132","text":"Tuuli: AudienceMember 20230126QT02: through my own family","type":"L","timestamp":"2023-11-09 14:22:02"},{"nodeID":"1358133","text":"Asserting","type":"YA","timestamp":"2023-11-09 14:22:02"},{"nodeID":"1358134","text":"Default Inference","type":"RA","timestamp":"2023-11-09 14:22:02"},{"nodeID":"1358135","text":"Default Inference","type":"RA","timestamp":"2023-11-09 14:22:02"},{"nodeID":"1358136","text":"Default Transition","type":"TA","timestamp":"2023-11-09 14:22:02"},{"nodeID":"1358137","text":"Default Transition","type":"TA","timestamp":"2023-11-09 14:22:02"},{"nodeID":"1358138","text":"Arguing","type":"YA","timestamp":"2023-11-09 14:22:02"},{"nodeID":"1358139","text":"Arguing","type":"YA","timestamp":"2023-11-09 14:22:02"},{"nodeID":"1358140","text":"Default Rephrase","type":"MA","timestamp":"2023-11-09 14:22:02"},{"nodeID":"1358141","text":"Default Transition","type":"TA","timestamp":"2023-11-09 14:22:02"},{"nodeID":"1358142","text":"Restating","type":"YA","timestamp":"2023-11-09 14:22:02"},{"nodeID":"1358143","text":"NHS is just in crisis","type":"I","timestamp":"2023-11-09 14:22:03"},{"nodeID":"1358144","text":"AudienceMember 20230126QT02: it's just in crisis","type":"L","timestamp":"2023-11-09 14:22:03"},{"nodeID":"1358145","text":"Analysing","type":"YA","timestamp":"2023-11-09 14:22:03"},{"nodeID":"1358146","text":"Tuuli: AudienceMember 20230126QT02: it's just in crisis","type":"L","timestamp":"2023-11-09 14:22:03"},{"nodeID":"1358147","text":"Asserting","type":"YA","timestamp":"2023-11-09 14:22:03"},{"nodeID":"1358148","text":"Default Transition","type":"TA","timestamp":"2023-11-09 14:22:03"},{"nodeID":"1358149","text":"Default Transition","type":"TA","timestamp":"2023-11-09 14:22:03"},{"nodeID":"1358150","text":"there's been like a decade of underfunding and a workforce crisis that has not been addressed","type":"I","timestamp":"2023-11-09 14:22:04"},{"nodeID":"1358151","text":"AudienceMember 20230126QT02: there's been like a decade of underfunding and a workforce crisis that has not been addressed","type":"L","timestamp":"2023-11-09 14:22:04"},{"nodeID":"1358152","text":"Analysing","type":"YA","timestamp":"2023-11-09 14:22:04"},{"nodeID":"1358153","text":"Tuuli: AudienceMember 20230126QT02: there's been like a decade of underfunding and a workforce crisis that has not been addressed","type":"L","timestamp":"2023-11-09 14:22:04"},{"nodeID":"1358154","text":"Asserting","type":"YA","timestamp":"2023-11-09 14:22:04"},{"nodeID":"1358155","text":"the NHS is pretty much at breaking point","type":"I","timestamp":"2023-11-09 14:22:05"},{"nodeID":"1358156","text":"AudienceMember 20230126QT02: the NHS is pretty much at breaking point","type":"L","timestamp":"2023-11-09 14:22:05"},{"nodeID":"1358157","text":"Analysing","type":"YA","timestamp":"2023-11-09 14:22:05"},{"nodeID":"1358158","text":"Tuuli: AudienceMember 20230126QT02: the NHS is pretty much at breaking point","type":"L","timestamp":"2023-11-09 14:22:05"},{"nodeID":"1358159","text":"Asserting","type":"YA","timestamp":"2023-11-09 14:22:05"},{"nodeID":"1358160","text":"Default Inference","type":"RA","timestamp":"2023-11-09 14:22:05"},{"nodeID":"1358161","text":"Default Transition","type":"TA","timestamp":"2023-11-09 14:22:05"},{"nodeID":"1358162","text":"Default Transition","type":"TA","timestamp":"2023-11-09 14:22:05"},{"nodeID":"1358163","text":"Arguing","type":"YA","timestamp":"2023-11-09 14:22:05"},{"nodeID":"1358164","text":"Default Rephrase","type":"MA","timestamp":"2023-11-09 14:22:05"},{"nodeID":"1358165","text":"Default Transition","type":"TA","timestamp":"2023-11-09 14:22:05"},{"nodeID":"1358166","text":"Restating","type":"YA","timestamp":"2023-11-09 14:22:05"},{"nodeID":"1358167","text":"Navreen is a junior doctor","type":"I","timestamp":"2023-11-09 14:22:05"},{"nodeID":"1358168","text":"Fiona Bruce: Navreen is a junior doctor","type":"L","timestamp":"2023-11-09 14:22:05"},{"nodeID":"1358169","text":"Analysing","type":"YA","timestamp":"2023-11-09 14:22:05"},{"nodeID":"1358170","text":"Tuuli: Fiona Bruce: Navreen is a junior doctor","type":"L","timestamp":"2023-11-09 14:22:05"},{"nodeID":"1358171","text":"Asserting","type":"YA","timestamp":"2023-11-09 14:22:05"},{"nodeID":"1358172","text":"Default Transition","type":"TA","timestamp":"2023-11-09 14:22:05"},{"nodeID":"1358173","text":"Navreen is using the word crisis","type":"I","timestamp":"2023-11-09 14:22:06"},{"nodeID":"1358174","text":"Fiona Bruce: is using the word crisis","type":"L","timestamp":"2023-11-09 14:22:06"},{"nodeID":"1358175","text":"Analysing","type":"YA","timestamp":"2023-11-09 14:22:06"},{"nodeID":"1358176","text":"Tuuli: Fiona Bruce: is using the word crisis","type":"L","timestamp":"2023-11-09 14:22:06"},{"nodeID":"1358177","text":"Asserting","type":"YA","timestamp":"2023-11-09 14:22:06"},{"nodeID":"1358178","text":"Rishi Sunak conspicuously is not using the word crisis","type":"I","timestamp":"2023-11-09 14:22:07"},{"nodeID":"1358179","text":"Fiona Bruce: The Prime Minister conspicuously is not using the word crisis","type":"L","timestamp":"2023-11-09 14:22:07"},{"nodeID":"1358180","text":"Analysing","type":"YA","timestamp":"2023-11-09 14:22:07"},{"nodeID":"1358181","text":"Tuuli: Fiona Bruce: The Prime Minister conspicuously is not using the word crisis","type":"L","timestamp":"2023-11-09 14:22:07"},{"nodeID":"1358182","text":"Asserting","type":"YA","timestamp":"2023-11-09 14:22:07"},{"nodeID":"1358183","text":"Default Transition","type":"TA","timestamp":"2023-11-09 14:22:07"},{"nodeID":"1358184","text":"Rishi Sunak is or is not wrong to not use the word crisis in relation to NHS","type":"I","timestamp":"2023-11-09 14:22:08"},{"nodeID":"1358185","text":"Fiona Bruce: Is he wrong to do so","type":"L","timestamp":"2023-11-09 14:22:08"},{"nodeID":"1358186","text":"Analysing","type":"YA","timestamp":"2023-11-09 14:22:08"},{"nodeID":"1358187","text":"Tuuli: Fiona Bruce: Is he wrong to do so","type":"L","timestamp":"2023-11-09 14:22:08"},{"nodeID":"1358188","text":"Pure Questioning","type":"YA","timestamp":"2023-11-09 14:22:08"},{"nodeID":"1358189","text":"Default Transition","type":"TA","timestamp":"2023-11-09 14:22:08"},{"nodeID":"1358190","text":"Rishi Sunak is absolutely clear","type":"I","timestamp":"2023-11-09 14:22:09"},{"nodeID":"1358191","text":"Alex Chalk: the Prime Minster is absolutely clear","type":"L","timestamp":"2023-11-09 14:22:09"},{"nodeID":"1358192","text":"Analysing","type":"YA","timestamp":"2023-11-09 14:22:09"},{"nodeID":"1358193","text":"Tuuli: Alex Chalk: the Prime Minster is absolutely clear","type":"L","timestamp":"2023-11-09 14:22:09"},{"nodeID":"1358194","text":"Asserting","type":"YA","timestamp":"2023-11-09 14:22:09"},{"nodeID":"1358195","text":"Default Transition","type":"TA","timestamp":"2023-11-09 14:22:09"},{"nodeID":"1358196","text":"the NHS is under extreme pressure","type":"I","timestamp":"2023-11-09 14:22:10"},{"nodeID":"1358197","text":"Alex Chalk: he's said this that the NHS is under extreme pressure","type":"L","timestamp":"2023-11-09 14:22:10"},{"nodeID":"1358198","text":"Analysing","type":"YA","timestamp":"2023-11-09 14:22:10"},{"nodeID":"1358199","text":"Tuuli: Alex Chalk: he's said this that the NHS is under extreme pressure","type":"L","timestamp":"2023-11-09 14:22:10"},{"nodeID":"1358200","text":"Rishi Sunak is not baulked about NHS being under extreme pressure at all","type":"I","timestamp":"2023-11-09 14:22:11"},{"nodeID":"1358201","text":"Alex Chalk: he's not baulked about that at all","type":"L","timestamp":"2023-11-09 14:22:11"},{"nodeID":"1358202","text":"Analysing","type":"YA","timestamp":"2023-11-09 14:22:11"},{"nodeID":"1358203","text":"Tuuli: Alex Chalk: he's not baulked about that at all","type":"L","timestamp":"2023-11-09 14:22:11"},{"nodeID":"1358204","text":"Asserting","type":"YA","timestamp":"2023-11-09 14:22:11"},{"nodeID":"1358205","text":"Default Transition","type":"TA","timestamp":"2023-11-09 14:22:11"},{"nodeID":"1358206","text":"Default Rephrase","type":"MA","timestamp":"2023-11-09 14:22:11"},{"nodeID":"1358207","text":"Default Transition","type":"TA","timestamp":"2023-11-09 14:22:11"},{"nodeID":"1358208","text":"Restating","type":"YA","timestamp":"2023-11-09 14:22:11"},{"nodeID":"1358209","text":"Default Rephrase","type":"MA","timestamp":"2023-11-09 14:22:11"},{"nodeID":"1358210","text":"Restating","type":"YA","timestamp":"2023-11-09 14:22:11"},{"nodeID":"1358211","text":"Default Inference","type":"RA","timestamp":"2023-11-09 14:22:11"},{"nodeID":"1358212","text":"Arguing","type":"YA","timestamp":"2023-11-09 14:22:11"},{"nodeID":"1358213","text":"Rishi Sunak: the NHS is under extreme pressure","type":"L","timestamp":"2023-11-09 14:22:11"},{"nodeID":"1358214","text":"Analysing","type":"YA","timestamp":"2023-11-09 14:22:11"},{"nodeID":"1358215","text":"Tuuli: Rishi Sunak: he's said this that the NHS is under extreme pressure","type":"L","timestamp":"2023-11-09 14:22:11"},{"nodeID":"1358216","text":"Asserting","type":"YA","timestamp":"2023-11-09 14:22:11"},{"nodeID":"1358217","text":"Asserting","type":"YA","timestamp":"2023-11-09 14:22:11"},{"nodeID":"1358218","text":"Default Inference","type":"RA","timestamp":"2023-11-09 14:22:11"},{"nodeID":"1358219","text":"Arguing","type":"YA","timestamp":"2023-11-09 14:22:11"},{"nodeID":"1358220","text":"Default Rephrase","type":"MA","timestamp":"2023-11-09 14:22:11"},{"nodeID":"1358221","text":"Default Transition","type":"TA","timestamp":"2023-11-09 14:22:11"},{"nodeID":"1358222","text":"Restating","type":"YA","timestamp":"2023-11-09 14:22:11"},{"nodeID":"1358223","text":"Default Inference","type":"RA","timestamp":"2023-11-09 14:22:11"},{"nodeID":"1358224","text":"Arguing","type":"YA","timestamp":"2023-11-09 14:22:11"},{"nodeID":"1358225","text":"Default Inference","type":"RA","timestamp":"2023-11-09 14:22:11"},{"nodeID":"1358226","text":"Default Transition","type":"TA","timestamp":"2023-11-09 14:22:11"},{"nodeID":"1358227","text":"Arguing","type":"YA","timestamp":"2023-11-09 14:22:11"}],"edges":[{"edgeID":"1777991","fromID":"1358116","toID":"1358115","formEdgeID":null},{"edgeID":"1777992","fromID":"1358117","toID":"1358116","formEdgeID":null},{"edgeID":"1777993","fromID":"1358115","toID":"1358118","formEdgeID":null},{"edgeID":"1777994","fromID":"1358118","toID":"1358114","formEdgeID":null},{"edgeID":"1777995","fromID":"1358121","toID":"1358120","formEdgeID":null},{"edgeID":"1777996","fromID":"1358122","toID":"1358121","formEdgeID":null},{"edgeID":"1777997","fromID":"1358120","toID":"1358123","formEdgeID":null},{"edgeID":"1777998","fromID":"1358123","toID":"1358119","formEdgeID":null},{"edgeID":"1777999","fromID":"1358126","toID":"1358125","formEdgeID":null},{"edgeID":"1778000","fromID":"1358127","toID":"1358126","formEdgeID":null},{"edgeID":"1778001","fromID":"1358125","toID":"1358128","formEdgeID":null},{"edgeID":"1778002","fromID":"1358128","toID":"1358124","formEdgeID":null},{"edgeID":"1778003","fromID":"1358131","toID":"1358130","formEdgeID":null},{"edgeID":"1778004","fromID":"1358132","toID":"1358131","formEdgeID":null},{"edgeID":"1778005","fromID":"1358130","toID":"1358133","formEdgeID":null},{"edgeID":"1778006","fromID":"1358133","toID":"1358129","formEdgeID":null},{"edgeID":"1778007","fromID":"1358114","toID":"1358134","formEdgeID":null},{"edgeID":"1778008","fromID":"1358134","toID":"1358124","formEdgeID":null},{"edgeID":"1778009","fromID":"1358119","toID":"1358135","formEdgeID":null},{"edgeID":"1778010","fromID":"1358135","toID":"1358129","formEdgeID":null},{"edgeID":"1778011","fromID":"1358115","toID":"1358136","formEdgeID":null},{"edgeID":"1778012","fromID":"1358136","toID":"1358125","formEdgeID":null},{"edgeID":"1778013","fromID":"1358120","toID":"1358137","formEdgeID":null},{"edgeID":"1778014","fromID":"1358137","toID":"1358130","formEdgeID":null},{"edgeID":"1778015","fromID":"1358136","toID":"1358138","formEdgeID":null},{"edgeID":"1778016","fromID":"1358138","toID":"1358134","formEdgeID":null},{"edgeID":"1778017","fromID":"1358137","toID":"1358139","formEdgeID":null},{"edgeID":"1778018","fromID":"1358139","toID":"1358135","formEdgeID":null},{"edgeID":"1778019","fromID":"1358129","toID":"1358140","formEdgeID":null},{"edgeID":"1778020","fromID":"1358140","toID":"1358124","formEdgeID":null},{"edgeID":"1778021","fromID":"1358125","toID":"1358141","formEdgeID":null},{"edgeID":"1778022","fromID":"1358141","toID":"1358130","formEdgeID":null},{"edgeID":"1778023","fromID":"1358141","toID":"1358142","formEdgeID":null},{"edgeID":"1778024","fromID":"1358142","toID":"1358140","formEdgeID":null},{"edgeID":"1778025","fromID":"1358145","toID":"1358144","formEdgeID":null},{"edgeID":"1778026","fromID":"1358146","toID":"1358145","formEdgeID":null},{"edgeID":"1778027","fromID":"1358144","toID":"1358147","formEdgeID":null},{"edgeID":"1778028","fromID":"1358147","toID":"1358143","formEdgeID":null},{"edgeID":"1778029","fromID":"1358115","toID":"1358148","formEdgeID":null},{"edgeID":"1778030","fromID":"1358148","toID":"1358120","formEdgeID":null},{"edgeID":"1778031","fromID":"1358115","toID":"1358149","formEdgeID":null},{"edgeID":"1778032","fromID":"1358149","toID":"1358144","formEdgeID":null},{"edgeID":"1778033","fromID":"1358152","toID":"1358151","formEdgeID":null},{"edgeID":"1778034","fromID":"1358153","toID":"1358152","formEdgeID":null},{"edgeID":"1778035","fromID":"1358151","toID":"1358154","formEdgeID":null},{"edgeID":"1778036","fromID":"1358154","toID":"1358150","formEdgeID":null},{"edgeID":"1778037","fromID":"1358157","toID":"1358156","formEdgeID":null},{"edgeID":"1778038","fromID":"1358158","toID":"1358157","formEdgeID":null},{"edgeID":"1778039","fromID":"1358156","toID":"1358159","formEdgeID":null},{"edgeID":"1778040","fromID":"1358159","toID":"1358155","formEdgeID":null},{"edgeID":"1778041","fromID":"1358150","toID":"1358160","formEdgeID":null},{"edgeID":"1778042","fromID":"1358160","toID":"1358155","formEdgeID":null},{"edgeID":"1778043","fromID":"1358144","toID":"1358161","formEdgeID":null},{"edgeID":"1778044","fromID":"1358161","toID":"1358151","formEdgeID":null},{"edgeID":"1778045","fromID":"1358151","toID":"1358162","formEdgeID":null},{"edgeID":"1778046","fromID":"1358162","toID":"1358156","formEdgeID":null},{"edgeID":"1778047","fromID":"1358162","toID":"1358163","formEdgeID":null},{"edgeID":"1778048","fromID":"1358163","toID":"1358160","formEdgeID":null},{"edgeID":"1778049","fromID":"1358155","toID":"1358164","formEdgeID":null},{"edgeID":"1778050","fromID":"1358164","toID":"1358143","formEdgeID":null},{"edgeID":"1778051","fromID":"1358144","toID":"1358165","formEdgeID":null},{"edgeID":"1778052","fromID":"1358165","toID":"1358156","formEdgeID":null},{"edgeID":"1778053","fromID":"1358165","toID":"1358166","formEdgeID":null},{"edgeID":"1778054","fromID":"1358166","toID":"1358164","formEdgeID":null},{"edgeID":"1778055","fromID":"1358169","toID":"1358168","formEdgeID":null},{"edgeID":"1778056","fromID":"1358170","toID":"1358169","formEdgeID":null},{"edgeID":"1778057","fromID":"1358168","toID":"1358171","formEdgeID":null},{"edgeID":"1778058","fromID":"1358171","toID":"1358167","formEdgeID":null},{"edgeID":"1778059","fromID":"1358156","toID":"1358172","formEdgeID":null},{"edgeID":"1778060","fromID":"1358172","toID":"1358168","formEdgeID":null},{"edgeID":"1778061","fromID":"1358175","toID":"1358174","formEdgeID":null},{"edgeID":"1778062","fromID":"1358176","toID":"1358175","formEdgeID":null},{"edgeID":"1778063","fromID":"1358174","toID":"1358177","formEdgeID":null},{"edgeID":"1778064","fromID":"1358177","toID":"1358173","formEdgeID":null},{"edgeID":"1778065","fromID":"1358180","toID":"1358179","formEdgeID":null},{"edgeID":"1778066","fromID":"1358181","toID":"1358180","formEdgeID":null},{"edgeID":"1778067","fromID":"1358179","toID":"1358182","formEdgeID":null},{"edgeID":"1778068","fromID":"1358182","toID":"1358178","formEdgeID":null},{"edgeID":"1778069","fromID":"1358174","toID":"1358183","formEdgeID":null},{"edgeID":"1778070","fromID":"1358183","toID":"1358179","formEdgeID":null},{"edgeID":"1778071","fromID":"1358186","toID":"1358185","formEdgeID":null},{"edgeID":"1778072","fromID":"1358187","toID":"1358186","formEdgeID":null},{"edgeID":"1778073","fromID":"1358185","toID":"1358188","formEdgeID":null},{"edgeID":"1778074","fromID":"1358188","toID":"1358184","formEdgeID":null},{"edgeID":"1778075","fromID":"1358179","toID":"1358189","formEdgeID":null},{"edgeID":"1778076","fromID":"1358189","toID":"1358185","formEdgeID":null},{"edgeID":"1778077","fromID":"1358192","toID":"1358191","formEdgeID":null},{"edgeID":"1778078","fromID":"1358193","toID":"1358192","formEdgeID":null},{"edgeID":"1778079","fromID":"1358191","toID":"1358194","formEdgeID":null},{"edgeID":"1778080","fromID":"1358194","toID":"1358190","formEdgeID":null},{"edgeID":"1778081","fromID":"1358185","toID":"1358195","formEdgeID":null},{"edgeID":"1778082","fromID":"1358195","toID":"1358191","formEdgeID":null},{"edgeID":"1778083","fromID":"1358198","toID":"1358197","formEdgeID":null},{"edgeID":"1778084","fromID":"1358199","toID":"1358198","formEdgeID":null},{"edgeID":"1778085","fromID":"1358202","toID":"1358201","formEdgeID":null},{"edgeID":"1778086","fromID":"1358203","toID":"1358202","formEdgeID":null},{"edgeID":"1778087","fromID":"1358201","toID":"1358204","formEdgeID":null},{"edgeID":"1778088","fromID":"1358204","toID":"1358200","formEdgeID":null},{"edgeID":"1778089","fromID":"1358197","toID":"1358205","formEdgeID":null},{"edgeID":"1778090","fromID":"1358205","toID":"1358201","formEdgeID":null},{"edgeID":"1778091","fromID":"1358173","toID":"1358206","formEdgeID":null},{"edgeID":"1778092","fromID":"1358206","toID":"1358143","formEdgeID":null},{"edgeID":"1778093","fromID":"1358144","toID":"1358207","formEdgeID":null},{"edgeID":"1778094","fromID":"1358207","toID":"1358174","formEdgeID":null},{"edgeID":"1778095","fromID":"1358207","toID":"1358208","formEdgeID":null},{"edgeID":"1778096","fromID":"1358208","toID":"1358206","formEdgeID":null},{"edgeID":"1778097","fromID":"1358178","toID":"1358209","formEdgeID":null},{"edgeID":"1778098","fromID":"1358209","toID":"1358173","formEdgeID":null},{"edgeID":"1778099","fromID":"1358183","toID":"1358210","formEdgeID":null},{"edgeID":"1778100","fromID":"1358210","toID":"1358209","formEdgeID":null},{"edgeID":"1778101","fromID":"1358178","toID":"1358211","formEdgeID":null},{"edgeID":"1778102","fromID":"1358211","toID":"1358184","formEdgeID":null},{"edgeID":"1778103","fromID":"1358189","toID":"1358212","formEdgeID":null},{"edgeID":"1778104","fromID":"1358212","toID":"1358211","formEdgeID":null},{"edgeID":"1778105","fromID":"1358214","toID":"1358213","formEdgeID":null},{"edgeID":"1778106","fromID":"1358215","toID":"1358214","formEdgeID":null},{"edgeID":"1778107","fromID":"1358213","toID":"1358216","formEdgeID":null},{"edgeID":"1778108","fromID":"1358216","toID":"1358196","formEdgeID":null},{"edgeID":"1778109","fromID":"1358197","toID":"1358217","formEdgeID":null},{"edgeID":"1778110","fromID":"1358217","toID":"1358213","formEdgeID":null},{"edgeID":"1778111","fromID":"1358196","toID":"1358218","formEdgeID":null},{"edgeID":"1778112","fromID":"1358218","toID":"1358200","formEdgeID":null},{"edgeID":"1778113","fromID":"1358205","toID":"1358219","formEdgeID":null},{"edgeID":"1778114","fromID":"1358219","toID":"1358218","formEdgeID":null},{"edgeID":"1778115","fromID":"1358200","toID":"1358220","formEdgeID":null},{"edgeID":"1778116","fromID":"1358220","toID":"1358190","formEdgeID":null},{"edgeID":"1778117","fromID":"1358191","toID":"1358221","formEdgeID":null},{"edgeID":"1778118","fromID":"1358221","toID":"1358201","formEdgeID":null},{"edgeID":"1778119","fromID":"1358221","toID":"1358222","formEdgeID":null},{"edgeID":"1778120","fromID":"1358222","toID":"1358220","formEdgeID":null},{"edgeID":"1778121","fromID":"1358114","toID":"1358223","formEdgeID":null},{"edgeID":"1778122","fromID":"1358223","toID":"1358143","formEdgeID":null},{"edgeID":"1778123","fromID":"1358149","toID":"1358224","formEdgeID":null},{"edgeID":"1778124","fromID":"1358224","toID":"1358223","formEdgeID":null},{"edgeID":"1778125","fromID":"1358119","toID":"1358225","formEdgeID":null},{"edgeID":"1778126","fromID":"1358225","toID":"1358143","formEdgeID":null},{"edgeID":"1778127","fromID":"1358115","toID":"1358226","formEdgeID":null},{"edgeID":"1778128","fromID":"1358226","toID":"1358144","formEdgeID":null},{"edgeID":"1778129","fromID":"1358226","toID":"1358227","formEdgeID":null},{"edgeID":"1778130","fromID":"1358227","toID":"1358225","formEdgeID":null}],"locutions":[]}