{"nodes":[{"nodeID":"1358340","text":"the Department of Health funded a report which showed there's been a decade of underfunding","type":"I","timestamp":"2023-11-09 14:22:23"},{"nodeID":"1358341","text":"AudienceMember 20230126QT03: the Department of Health funded a report which showed there's been a decade of underfunding","type":"L","timestamp":"2023-11-09 14:22:23"},{"nodeID":"1358342","text":"Analysing","type":"YA","timestamp":"2023-11-09 14:22:23"},{"nodeID":"1358343","text":"Calum: AudienceMember 20230126QT03: the Department of Health funded a report which showed\u2026by the King's Health Fund which showed there's been a decade of underfunding","type":"L","timestamp":"2023-11-09 14:22:23"},{"nodeID":"1358344","text":"Asserting","type":"YA","timestamp":"2023-11-09 14:22:23"},{"nodeID":"1358345","text":"the Department of Health funded a report which showed there's been a decade of not addressing the issues","type":"I","timestamp":"2023-11-09 14:22:23"},{"nodeID":"1358346","text":"AudienceMember 20230126QT03: not addressing the issues","type":"L","timestamp":"2023-11-09 14:22:23"},{"nodeID":"1358347","text":"Calum: AudienceMember 20230126QT03: not addressing the issues","type":"L","timestamp":"2023-11-09 14:22:23"},{"nodeID":"1358348","text":"Analysing","type":"YA","timestamp":"2023-11-09 14:22:23"},{"nodeID":"1358349","text":"Asserting","type":"YA","timestamp":"2023-11-09 14:22:23"},{"nodeID":"1358350","text":"the Department of Health's report was by the King's Health Fund","type":"I","timestamp":"2023-11-09 14:22:24"},{"nodeID":"1358351","text":"AudienceMember 20230126QT03: by the King's Health Fund","type":"L","timestamp":"2023-11-09 14:22:24"},{"nodeID":"1358352","text":"Calum: AudienceMember 20230126QT03: by the King's Health Fund","type":"L","timestamp":"2023-11-09 14:22:24"},{"nodeID":"1358353","text":"Analysing","type":"YA","timestamp":"2023-11-09 14:22:24"},{"nodeID":"1358354","text":"Asserting","type":"YA","timestamp":"2023-11-09 14:22:24"},{"nodeID":"1358355","text":"the UK government are investing loads of money this year","type":"I","timestamp":"2023-11-09 14:22:25"},{"nodeID":"1358356","text":"AudienceMember 20230126QT03: just saying we're investing loads of money this year","type":"L","timestamp":"2023-11-09 14:22:25"},{"nodeID":"1358357","text":"Analysing","type":"YA","timestamp":"2023-11-09 14:22:25"},{"nodeID":"1358358","text":"Calum: AudienceMember 20230126QT03: just saying we're investing loads of money this year","type":"L","timestamp":"2023-11-09 14:22:25"},{"nodeID":"1358359","text":"Alex Chalk: we're investing loads of money this year","type":"L","timestamp":"2023-11-09 14:22:25"},{"nodeID":"1358360","text":"Analysing","type":"YA","timestamp":"2023-11-09 14:22:25"},{"nodeID":"1358361","text":"Calum: Alex Chalk: just saying we're investing loads of money this year","type":"L","timestamp":"2023-11-09 14:22:25"},{"nodeID":"1358362","text":"Asserting","type":"YA","timestamp":"2023-11-09 14:22:25"},{"nodeID":"1358363","text":"Asserting","type":"YA","timestamp":"2023-11-09 14:22:25"},{"nodeID":"1358364","text":"Default Transition","type":"TA","timestamp":"2023-11-09 14:22:25"},{"nodeID":"1358365","text":"Default Transition","type":"TA","timestamp":"2023-11-09 14:22:25"},{"nodeID":"1358366","text":"a decade of underfunding and not addressing the issues is why we're in this problem","type":"I","timestamp":"2023-11-09 14:22:26"},{"nodeID":"1358367","text":"AudienceMember 20230126QT03: Which is why we're in this problem","type":"L","timestamp":"2023-11-09 14:22:26"},{"nodeID":"1358368","text":"Analysing","type":"YA","timestamp":"2023-11-09 14:22:26"},{"nodeID":"1358369","text":"Calum: AudienceMember 20230126QT03: Which is why we're in this problem","type":"L","timestamp":"2023-11-09 14:22:26"},{"nodeID":"1358370","text":"Asserting","type":"YA","timestamp":"2023-11-09 14:22:26"},{"nodeID":"1358371","text":"Default Transition","type":"TA","timestamp":"2023-11-09 14:22:26"},{"nodeID":"1358372","text":"the problem is not just the COVID backlog","type":"I","timestamp":"2023-11-09 14:22:26"},{"nodeID":"1358373","text":"AudienceMember 20230126QT03: It's not just the COVID backlog","type":"L","timestamp":"2023-11-09 14:22:26"},{"nodeID":"1358374","text":"Analysing","type":"YA","timestamp":"2023-11-09 14:22:26"},{"nodeID":"1358375","text":"Calum: AudienceMember 20230126QT03: It's not just the COVID backlog","type":"L","timestamp":"2023-11-09 14:22:26"},{"nodeID":"1358376","text":"Asserting","type":"YA","timestamp":"2023-11-09 14:22:26"},{"nodeID":"1358377","text":"it's been going on for years","type":"I","timestamp":"2023-11-09 14:22:27"},{"nodeID":"1358378","text":"AudienceMember 20230126QT03: it's been going on for years","type":"L","timestamp":"2023-11-09 14:22:27"},{"nodeID":"1358379","text":"Calum: AudienceMember 20230126QT03: it's been going on for years","type":"L","timestamp":"2023-11-09 14:22:27"},{"nodeID":"1358380","text":"Analysing","type":"YA","timestamp":"2023-11-09 14:22:27"},{"nodeID":"1358381","text":"Asserting","type":"YA","timestamp":"2023-11-09 14:22:27"},{"nodeID":"1358382","text":"the UK don't have the staff or the beds or the facilities to actually fix the problem","type":"I","timestamp":"2023-11-09 14:22:28"},{"nodeID":"1358383","text":"AudienceMember 20230126QT03: we don't know have the staff or the beds or the facilities to actually fix this","type":"L","timestamp":"2023-11-09 14:22:28"},{"nodeID":"1358384","text":"Calum: AudienceMember 20230126QT03: we don't know have the staff or the beds or the facilities to actually fix this","type":"L","timestamp":"2023-11-09 14:22:28"},{"nodeID":"1358385","text":"Analysing","type":"YA","timestamp":"2023-11-09 14:22:28"},{"nodeID":"1358386","text":"Asserting","type":"YA","timestamp":"2023-11-09 14:22:28"},{"nodeID":"1358387","text":"what Rishi Sunak says just will not happen","type":"I","timestamp":"2023-11-09 14:22:29"},{"nodeID":"1358388","text":"AudienceMember 20230126QT03: What Rishi Sunak says just will not happen","type":"L","timestamp":"2023-11-09 14:22:29"},{"nodeID":"1358389","text":"Analysing","type":"YA","timestamp":"2023-11-09 14:22:29"},{"nodeID":"1358390","text":"Calum: AudienceMember 20230126QT03: What Rishi Sunak says just will not happen","type":"L","timestamp":"2023-11-09 14:22:29"},{"nodeID":"1358391","text":"Asserting","type":"YA","timestamp":"2023-11-09 14:22:29"},{"nodeID":"1358392","text":"Default Transition","type":"TA","timestamp":"2023-11-09 14:22:29"},{"nodeID":"1358393","text":"Default Transition","type":"TA","timestamp":"2023-11-09 14:22:29"},{"nodeID":"1358394","text":"Default Inference","type":"RA","timestamp":"2023-11-09 14:22:29"},{"nodeID":"1358395","text":"Arguing","type":"YA","timestamp":"2023-11-09 14:22:29"},{"nodeID":"1358396","text":"Default Rephrase","type":"MA","timestamp":"2023-11-09 14:22:29"},{"nodeID":"1358397","text":"Restating","type":"YA","timestamp":"2023-11-09 14:22:29"},{"nodeID":"1358398","text":"Default Transition","type":"TA","timestamp":"2023-11-09 14:22:29"},{"nodeID":"1358399","text":"Default Transition","type":"TA","timestamp":"2023-11-09 14:22:29"},{"nodeID":"1358400","text":"Default Conflict","type":"CA","timestamp":"2023-11-09 14:22:29"},{"nodeID":"1358401","text":"Disagreeing","type":"YA","timestamp":"2023-11-09 14:22:29"},{"nodeID":"1358402","text":"the UK just don't have the staff or the beds","type":"I","timestamp":"2023-11-09 14:22:29"},{"nodeID":"1358403","text":"Analysing","type":"YA","timestamp":"2023-11-09 14:22:29"},{"nodeID":"1358404","text":"Calum: AudienceMember 20230126QT03: We just don't have the staff or the beds","type":"L","timestamp":"2023-11-09 14:22:29"},{"nodeID":"1358405","text":"AudienceMember 20230126QT03: We just don't have the staff or the beds","type":"L","timestamp":"2023-11-09 14:22:29"},{"nodeID":"1358406","text":"Asserting","type":"YA","timestamp":"2023-11-09 14:22:29"},{"nodeID":"1358407","text":"Default Transition","type":"TA","timestamp":"2023-11-09 14:22:29"},{"nodeID":"1358408","text":"Default Inference","type":"RA","timestamp":"2023-11-09 14:22:29"},{"nodeID":"1358409","text":"Arguing","type":"YA","timestamp":"2023-11-09 14:22:29"},{"nodeID":"1358410","text":"Default Transition","type":"TA","timestamp":"2023-11-09 14:22:29"},{"nodeID":"1358411","text":"Default Rephrase","type":"MA","timestamp":"2023-11-09 14:22:29"},{"nodeID":"1358412","text":"Restating","type":"YA","timestamp":"2023-11-09 14:22:29"},{"nodeID":"1358413","text":"there's no point saying we've got loads of new people coming in","type":"I","timestamp":"2023-11-09 14:22:30"},{"nodeID":"1358414","text":"AudienceMember 20230126QT03: there's no point saying we've got loads of new people coming in","type":"L","timestamp":"2023-11-09 14:22:30"},{"nodeID":"1358415","text":"Analysing","type":"YA","timestamp":"2023-11-09 14:22:30"},{"nodeID":"1358416","text":"Calum: AudienceMember 20230126QT03: there's no point saying we've got loads of new people coming in","type":"L","timestamp":"2023-11-09 14:22:30"},{"nodeID":"1358417","text":"Asserting","type":"YA","timestamp":"2023-11-09 14:22:30"},{"nodeID":"1358418","text":"the current nurses and doctors are leaving","type":"I","timestamp":"2023-11-09 14:22:31"},{"nodeID":"1358419","text":"AudienceMember 20230126QT03: the current nurses and doctors are leaving","type":"L","timestamp":"2023-11-09 14:22:31"},{"nodeID":"1358420","text":"Calum: AudienceMember 20230126QT03: the current nurses and doctors are leaving","type":"L","timestamp":"2023-11-09 14:22:31"},{"nodeID":"1358421","text":"Analysing","type":"YA","timestamp":"2023-11-09 14:22:31"},{"nodeID":"1358422","text":"Asserting","type":"YA","timestamp":"2023-11-09 14:22:31"},{"nodeID":"1358423","text":"Default Transition","type":"TA","timestamp":"2023-11-09 14:22:31"},{"nodeID":"1358424","text":"Default Inference","type":"RA","timestamp":"2023-11-09 14:22:31"},{"nodeID":"1358425","text":"Arguing","type":"YA","timestamp":"2023-11-09 14:22:31"},{"nodeID":"1358426","text":"the UK have the lowest number of doctors per thousand in the population for OECD countries","type":"I","timestamp":"2023-11-09 14:22:32"},{"nodeID":"1358427","text":"AudienceMember 20230126QT03: we have the lowest number of doctors per thousand in the population for OECD countries","type":"L","timestamp":"2023-11-09 14:22:32"},{"nodeID":"1358428","text":"Analysing","type":"YA","timestamp":"2023-11-09 14:22:32"},{"nodeID":"1358429","text":"Calum: AudienceMember 20230126QT03: we have the lowest number of doctors per thousand in the population for OECD countries","type":"L","timestamp":"2023-11-09 14:22:32"},{"nodeID":"1358430","text":"Asserting","type":"YA","timestamp":"2023-11-09 14:22:32"},{"nodeID":"1358431","text":"there is just a problem they're just not addressing properly","type":"I","timestamp":"2023-11-09 14:22:32"},{"nodeID":"1358432","text":"AudienceMember 20230126QT03: there is just a problem they're just not addressing properly","type":"L","timestamp":"2023-11-09 14:22:32"},{"nodeID":"1358433","text":"Calum: AudienceMember 20230126QT03: there is just a problem they're just not addressing properly","type":"L","timestamp":"2023-11-09 14:22:32"},{"nodeID":"1358434","text":"Analysing","type":"YA","timestamp":"2023-11-09 14:22:32"},{"nodeID":"1358435","text":"Asserting","type":"YA","timestamp":"2023-11-09 14:22:32"},{"nodeID":"1358436","text":"Default Transition","type":"TA","timestamp":"2023-11-09 14:22:32"},{"nodeID":"1358437","text":"Default Rephrase","type":"MA","timestamp":"2023-11-09 14:22:32"},{"nodeID":"1358438","text":"Restating","type":"YA","timestamp":"2023-11-09 14:22:32"},{"nodeID":"1358439","text":"Default Inference","type":"RA","timestamp":"2023-11-09 14:22:32"},{"nodeID":"1358440","text":"Default Transition","type":"TA","timestamp":"2023-11-09 14:22:32"},{"nodeID":"1358441","text":"Arguing","type":"YA","timestamp":"2023-11-09 14:22:32"},{"nodeID":"1358442","text":"Default Rephrase","type":"MA","timestamp":"2023-11-09 14:22:32"},{"nodeID":"1358443","text":"Default Rephrase","type":"MA","timestamp":"2023-11-09 14:22:32"},{"nodeID":"1358444","text":"Restating","type":"YA","timestamp":"2023-11-09 14:22:32"},{"nodeID":"1358445","text":"Default Transition","type":"TA","timestamp":"2023-11-09 14:22:32"},{"nodeID":"1358446","text":"Restating","type":"YA","timestamp":"2023-11-09 14:22:32"},{"nodeID":"1358447","text":"Default Inference","type":"RA","timestamp":"2023-11-09 14:22:32"},{"nodeID":"1358448","text":"Arguing","type":"YA","timestamp":"2023-11-09 14:22:32"},{"nodeID":"1358449","text":"Default Transition","type":"TA","timestamp":"2023-11-09 14:22:32"}],"edges":[{"edgeID":"1778267","fromID":"1358342","toID":"1358341","formEdgeID":null},{"edgeID":"1778268","fromID":"1358343","toID":"1358342","formEdgeID":null},{"edgeID":"1778269","fromID":"1358344","toID":"1358340","formEdgeID":null},{"edgeID":"1778270","fromID":"1358341","toID":"1358344","formEdgeID":null},{"edgeID":"1778271","fromID":"1358348","toID":"1358346","formEdgeID":null},{"edgeID":"1778272","fromID":"1358347","toID":"1358348","formEdgeID":null},{"edgeID":"1778273","fromID":"1358346","toID":"1358349","formEdgeID":null},{"edgeID":"1778274","fromID":"1358349","toID":"1358345","formEdgeID":null},{"edgeID":"1778275","fromID":"1358352","toID":"1358353","formEdgeID":null},{"edgeID":"1778276","fromID":"1358353","toID":"1358351","formEdgeID":null},{"edgeID":"1778277","fromID":"1358351","toID":"1358354","formEdgeID":null},{"edgeID":"1778278","fromID":"1358354","toID":"1358350","formEdgeID":null},{"edgeID":"1778279","fromID":"1358358","toID":"1358357","formEdgeID":null},{"edgeID":"1778280","fromID":"1358357","toID":"1358356","formEdgeID":null},{"edgeID":"1778281","fromID":"1358361","toID":"1358360","formEdgeID":null},{"edgeID":"1778282","fromID":"1358360","toID":"1358359","formEdgeID":null},{"edgeID":"1778283","fromID":"1358362","toID":"1358355","formEdgeID":null},{"edgeID":"1778284","fromID":"1358359","toID":"1358362","formEdgeID":null},{"edgeID":"1778285","fromID":"1358356","toID":"1358363","formEdgeID":null},{"edgeID":"1778286","fromID":"1358363","toID":"1358359","formEdgeID":null},{"edgeID":"1778287","fromID":"1358364","toID":"1358341","formEdgeID":null},{"edgeID":"1778288","fromID":"1358356","toID":"1358364","formEdgeID":null},{"edgeID":"1778289","fromID":"1358365","toID":"1358351","formEdgeID":null},{"edgeID":"1778290","fromID":"1358341","toID":"1358365","formEdgeID":null},{"edgeID":"1778291","fromID":"1358368","toID":"1358367","formEdgeID":null},{"edgeID":"1778292","fromID":"1358369","toID":"1358368","formEdgeID":null},{"edgeID":"1778293","fromID":"1358367","toID":"1358370","formEdgeID":null},{"edgeID":"1778294","fromID":"1358370","toID":"1358366","formEdgeID":null},{"edgeID":"1778295","fromID":"1358346","toID":"1358371","formEdgeID":null},{"edgeID":"1778296","fromID":"1358371","toID":"1358367","formEdgeID":null},{"edgeID":"1778297","fromID":"1358375","toID":"1358374","formEdgeID":null},{"edgeID":"1778298","fromID":"1358374","toID":"1358373","formEdgeID":null},{"edgeID":"1778299","fromID":"1358373","toID":"1358376","formEdgeID":null},{"edgeID":"1778300","fromID":"1358376","toID":"1358372","formEdgeID":null},{"edgeID":"1778301","fromID":"1358380","toID":"1358378","formEdgeID":null},{"edgeID":"1778302","fromID":"1358379","toID":"1358380","formEdgeID":null},{"edgeID":"1778303","fromID":"1358381","toID":"1358377","formEdgeID":null},{"edgeID":"1778304","fromID":"1358378","toID":"1358381","formEdgeID":null},{"edgeID":"1778305","fromID":"1358384","toID":"1358385","formEdgeID":null},{"edgeID":"1778306","fromID":"1358385","toID":"1358383","formEdgeID":null},{"edgeID":"1778307","fromID":"1358386","toID":"1358382","formEdgeID":null},{"edgeID":"1778308","fromID":"1358383","toID":"1358386","formEdgeID":null},{"edgeID":"1778309","fromID":"1358389","toID":"1358388","formEdgeID":null},{"edgeID":"1778310","fromID":"1358390","toID":"1358389","formEdgeID":null},{"edgeID":"1778311","fromID":"1358388","toID":"1358391","formEdgeID":null},{"edgeID":"1778312","fromID":"1358391","toID":"1358387","formEdgeID":null},{"edgeID":"1778313","fromID":"1358392","toID":"1358373","formEdgeID":null},{"edgeID":"1778314","fromID":"1358367","toID":"1358392","formEdgeID":null},{"edgeID":"1778315","fromID":"1358367","toID":"1358393","formEdgeID":null},{"edgeID":"1778316","fromID":"1358393","toID":"1358378","formEdgeID":null},{"edgeID":"1778317","fromID":"1358366","toID":"1358394","formEdgeID":null},{"edgeID":"1778318","fromID":"1358394","toID":"1358372","formEdgeID":null},{"edgeID":"1778319","fromID":"1358392","toID":"1358395","formEdgeID":null},{"edgeID":"1778320","fromID":"1358395","toID":"1358394","formEdgeID":null},{"edgeID":"1778321","fromID":"1358377","toID":"1358396","formEdgeID":null},{"edgeID":"1778322","fromID":"1358396","toID":"1358366","formEdgeID":null},{"edgeID":"1778323","fromID":"1358397","toID":"1358396","formEdgeID":null},{"edgeID":"1778324","fromID":"1358393","toID":"1358397","formEdgeID":null},{"edgeID":"1778325","fromID":"1358398","toID":"1358383","formEdgeID":null},{"edgeID":"1778326","fromID":"1358378","toID":"1358398","formEdgeID":null},{"edgeID":"1778327","fromID":"1358399","toID":"1358388","formEdgeID":null},{"edgeID":"1778328","fromID":"1358356","toID":"1358399","formEdgeID":null},{"edgeID":"1778329","fromID":"1358400","toID":"1358355","formEdgeID":null},{"edgeID":"1778330","fromID":"1358387","toID":"1358400","formEdgeID":null},{"edgeID":"1778331","fromID":"1358399","toID":"1358401","formEdgeID":null},{"edgeID":"1778332","fromID":"1358401","toID":"1358400","formEdgeID":null},{"edgeID":"1778333","fromID":"1358404","toID":"1358403","formEdgeID":null},{"edgeID":"1778334","fromID":"1358403","toID":"1358405","formEdgeID":null},{"edgeID":"1778335","fromID":"1358406","toID":"1358402","formEdgeID":null},{"edgeID":"1778336","fromID":"1358405","toID":"1358406","formEdgeID":null},{"edgeID":"1778337","fromID":"1358407","toID":"1358388","formEdgeID":null},{"edgeID":"1778338","fromID":"1358383","toID":"1358407","formEdgeID":null},{"edgeID":"1778339","fromID":"1358408","toID":"1358387","formEdgeID":null},{"edgeID":"1778340","fromID":"1358382","toID":"1358408","formEdgeID":null},{"edgeID":"1778341","fromID":"1358409","toID":"1358408","formEdgeID":null},{"edgeID":"1778342","fromID":"1358407","toID":"1358409","formEdgeID":null},{"edgeID":"1778343","fromID":"1358410","toID":"1358405","formEdgeID":null},{"edgeID":"1778344","fromID":"1358383","toID":"1358410","formEdgeID":null},{"edgeID":"1778345","fromID":"1358402","toID":"1358411","formEdgeID":null},{"edgeID":"1778346","fromID":"1358411","toID":"1358382","formEdgeID":null},{"edgeID":"1778347","fromID":"1358410","toID":"1358412","formEdgeID":null},{"edgeID":"1778348","fromID":"1358412","toID":"1358411","formEdgeID":null},{"edgeID":"1778349","fromID":"1358416","toID":"1358415","formEdgeID":null},{"edgeID":"1778350","fromID":"1358415","toID":"1358414","formEdgeID":null},{"edgeID":"1778351","fromID":"1358417","toID":"1358413","formEdgeID":null},{"edgeID":"1778352","fromID":"1358414","toID":"1358417","formEdgeID":null},{"edgeID":"1778353","fromID":"1358421","toID":"1358419","formEdgeID":null},{"edgeID":"1778354","fromID":"1358420","toID":"1358421","formEdgeID":null},{"edgeID":"1778355","fromID":"1358419","toID":"1358422","formEdgeID":null},{"edgeID":"1778356","fromID":"1358422","toID":"1358418","formEdgeID":null},{"edgeID":"1778357","fromID":"1358423","toID":"1358419","formEdgeID":null},{"edgeID":"1778358","fromID":"1358414","toID":"1358423","formEdgeID":null},{"edgeID":"1778359","fromID":"1358424","toID":"1358413","formEdgeID":null},{"edgeID":"1778360","fromID":"1358418","toID":"1358424","formEdgeID":null},{"edgeID":"1778361","fromID":"1358425","toID":"1358424","formEdgeID":null},{"edgeID":"1778362","fromID":"1358423","toID":"1358425","formEdgeID":null},{"edgeID":"1778363","fromID":"1358428","toID":"1358427","formEdgeID":null},{"edgeID":"1778364","fromID":"1358429","toID":"1358428","formEdgeID":null},{"edgeID":"1778365","fromID":"1358427","toID":"1358430","formEdgeID":null},{"edgeID":"1778366","fromID":"1358430","toID":"1358426","formEdgeID":null},{"edgeID":"1778367","fromID":"1358433","toID":"1358434","formEdgeID":null},{"edgeID":"1778368","fromID":"1358434","toID":"1358432","formEdgeID":null},{"edgeID":"1778369","fromID":"1358432","toID":"1358435","formEdgeID":null},{"edgeID":"1778370","fromID":"1358435","toID":"1358431","formEdgeID":null},{"edgeID":"1778371","fromID":"1358405","toID":"1358436","formEdgeID":null},{"edgeID":"1778372","fromID":"1358436","toID":"1358427","formEdgeID":null},{"edgeID":"1778373","fromID":"1358426","toID":"1358437","formEdgeID":null},{"edgeID":"1778374","fromID":"1358437","toID":"1358402","formEdgeID":null},{"edgeID":"1778375","fromID":"1358438","toID":"1358437","formEdgeID":null},{"edgeID":"1778376","fromID":"1358436","toID":"1358438","formEdgeID":null},{"edgeID":"1778377","fromID":"1358426","toID":"1358439","formEdgeID":null},{"edgeID":"1778378","fromID":"1358439","toID":"1358431","formEdgeID":null},{"edgeID":"1778379","fromID":"1358427","toID":"1358440","formEdgeID":null},{"edgeID":"1778380","fromID":"1358440","toID":"1358432","formEdgeID":null},{"edgeID":"1778381","fromID":"1358440","toID":"1358441","formEdgeID":null},{"edgeID":"1778382","fromID":"1358441","toID":"1358439","formEdgeID":null},{"edgeID":"1778383","fromID":"1358350","toID":"1358442","formEdgeID":null},{"edgeID":"1778384","fromID":"1358442","toID":"1358340","formEdgeID":null},{"edgeID":"1778385","fromID":"1358345","toID":"1358443","formEdgeID":null},{"edgeID":"1778386","fromID":"1358443","toID":"1358350","formEdgeID":null},{"edgeID":"1778387","fromID":"1358365","toID":"1358444","formEdgeID":null},{"edgeID":"1778388","fromID":"1358444","toID":"1358442","formEdgeID":null},{"edgeID":"1778389","fromID":"1358351","toID":"1358445","formEdgeID":null},{"edgeID":"1778390","fromID":"1358445","toID":"1358346","formEdgeID":null},{"edgeID":"1778391","fromID":"1358445","toID":"1358446","formEdgeID":null},{"edgeID":"1778392","fromID":"1358446","toID":"1358443","formEdgeID":null},{"edgeID":"1778393","fromID":"1358340","toID":"1358447","formEdgeID":null},{"edgeID":"1778394","fromID":"1358447","toID":"1358366","formEdgeID":null},{"edgeID":"1778395","fromID":"1358345","toID":"1358447","formEdgeID":null},{"edgeID":"1778396","fromID":"1358371","toID":"1358448","formEdgeID":null},{"edgeID":"1778397","fromID":"1358448","toID":"1358447","formEdgeID":null},{"edgeID":"1778398","fromID":"1358405","toID":"1358449","formEdgeID":null},{"edgeID":"1778399","fromID":"1358449","toID":"1358414","formEdgeID":null}],"locutions":[]}