{"nodes":[{"nodeID":"1363534","text":"Alex Chalk backs Rishi Sunak","type":"I","timestamp":"2023-11-09 14:30:16"},{"nodeID":"1363535","text":"Alex Chalk: I back Rishi Sunak","type":"L","timestamp":"2023-11-09 14:30:16"},{"nodeID":"1363536","text":"Katharina: Alex Chalk: I back Rishi Sunak","type":"L","timestamp":"2023-11-09 14:30:16"},{"nodeID":"1363537","text":"Alex Chalk: I backed him","type":"L","timestamp":"2023-11-09 14:30:16"},{"nodeID":"1363538","text":"Katharina: Alex Chalk: I backed him","type":"L","timestamp":"2023-11-09 14:30:16"},{"nodeID":"1363539","text":"the greatest destroyer of all, not Rishi Sunak's words by the way, Margaret Thatcher's words, was what inflation","type":"I","timestamp":"2023-11-09 14:30:17"},{"nodeID":"1363540","text":"Alex Chalk: he said last summer that the greatest destroyer of all, not my words by the way, Margaret Thatcher's words, was what inflation","type":"L","timestamp":"2023-11-09 14:30:17"},{"nodeID":"1363541","text":"Katharina: Alex Chalk: he said last summer that the greatest destroyer of all, not my words by the way, Margaret Thatcher's words, was what inflation","type":"L","timestamp":"2023-11-09 14:30:17"},{"nodeID":"1363542","text":"Rishi Sunak: the greatest destroyer of all, not my words by the way, Margaret Thatcher's words, was what inflation","type":"L","timestamp":"2023-11-09 14:30:17"},{"nodeID":"1363543","text":"Katharina: Rishi Sunak: he said last summer that the greatest destroyer of all, not my words by the way, Margaret Thatcher's words, was what inflation","type":"L","timestamp":"2023-11-09 14:30:17"},{"nodeID":"1363544","text":"we cannot deliver all it wants for the British people","type":"I","timestamp":"2023-11-09 14:30:18"},{"nodeID":"1363545","text":"Alex Chalk:  we cannot deliver all we want for the British people","type":"L","timestamp":"2023-11-09 14:30:18"},{"nodeID":"1363546","text":"Katharina: Alex Chalk:  we cannot deliver all we want for the British people","type":"L","timestamp":"2023-11-09 14:30:18"},{"nodeID":"1363547","text":"Anna talked about Conservatives","type":"I","timestamp":"2023-11-09 14:30:18"},{"nodeID":"1363548","text":"Alex Chalk:  you talked about Conservatives","type":"L","timestamp":"2023-11-09 14:30:18"},{"nodeID":"1363549","text":"Katharina: Alex Chalk:  you talked about Conservatives","type":"L","timestamp":"2023-11-09 14:30:18"},{"nodeID":"1363550","text":"unless you get on top of inflation","type":"I","timestamp":"2023-11-09 14:30:19"},{"nodeID":"1363551","text":"Alex Chalk: unless you get on top of inflation","type":"L","timestamp":"2023-11-09 14:30:19"},{"nodeID":"1363552","text":"Katharina: Alex Chalk: unless you get on top of inflation","type":"L","timestamp":"2023-11-09 14:30:19"},{"nodeID":"1363553","text":"we don't address inflation","type":"I","timestamp":"2023-11-09 14:30:20"},{"nodeID":"1363554","text":"Alex Chalk: if we don't address this","type":"L","timestamp":"2023-11-09 14:30:20"},{"nodeID":"1363555","text":"Katharina: Alex Chalk: if we don't address this","type":"L","timestamp":"2023-11-09 14:30:20"},{"nodeID":"1363556","text":"we don't do inflation","type":"I","timestamp":"2023-11-09 14:30:20"},{"nodeID":"1363557","text":"Alex Chalk: if we don't do inflation","type":"L","timestamp":"2023-11-09 14:30:20"},{"nodeID":"1363558","text":"Katharina: Alex Chalk: if we don't do inflation","type":"L","timestamp":"2023-11-09 14:30:20"},{"nodeID":"1363559","text":"we don't grow the economy","type":"I","timestamp":"2023-11-09 14:30:21"},{"nodeID":"1363560","text":"Alex Chalk:  we don't grow the economy","type":"L","timestamp":"2023-11-09 14:30:21"},{"nodeID":"1363561","text":"Katharina: Alex Chalk:  we don't grow the economy","type":"L","timestamp":"2023-11-09 14:30:21"},{"nodeID":"1363562","text":"we don't get on top of debt","type":"I","timestamp":"2023-11-09 14:30:21"},{"nodeID":"1363563","text":"Alex Chalk: we don't get on top of debt","type":"L","timestamp":"2023-11-09 14:30:21"},{"nodeID":"1363564","text":"Katharina: Alex Chalk: we don't get on top of debt","type":"L","timestamp":"2023-11-09 14:30:21"},{"nodeID":"1363565","text":"you will not have the great public service of the future","type":"I","timestamp":"2023-11-09 14:30:22"},{"nodeID":"1363566","text":"Alex Chalk: you will not have the great public service of the future","type":"L","timestamp":"2023-11-09 14:30:22"},{"nodeID":"1363567","text":"Katharina: Alex Chalk: you will not have the great public service of the future","type":"L","timestamp":"2023-11-09 14:30:22"},{"nodeID":"1363568","text":"we're in Birmingham","type":"I","timestamp":"2023-11-09 14:30:23"},{"nodeID":"1363569","text":"Alex Chalk:  we're in Birmingham","type":"L","timestamp":"2023-11-09 14:30:23"},{"nodeID":"1363570","text":"Katharina: Alex Chalk:  we're in Birmingham","type":"L","timestamp":"2023-11-09 14:30:23"},{"nodeID":"1363571","text":"the child born 25 years ago in Birmingham will have been booted out of their house by an abusive boyfriend of whatever","type":"I","timestamp":"2023-11-09 14:30:23"},{"nodeID":"1363572","text":"Alex Chalk:  I've been booted out of my house by an abusive boyfriend of whatever","type":"L","timestamp":"2023-11-09 14:30:23"},{"nodeID":"1363573","text":"Katharina: Alex Chalk:  I've been booted out of my house by an abusive boyfriend of whatever","type":"L","timestamp":"2023-11-09 14:30:23"},{"nodeID":"1363574","text":"Unknown Speaker:  I've been booted out of my house by an abusive boyfriend of whatever","type":"L","timestamp":"2023-11-09 14:30:23"},{"nodeID":"1363575","text":"Katharina: Unknown Speaker:  I've been booted out of my house by an abusive boyfriend of whatever","type":"L","timestamp":"2023-11-09 14:30:23"},{"nodeID":"1363576","text":"Winston Churchill, he was called the treasure in the heart of every man","type":"I","timestamp":"2023-11-09 14:30:24"},{"nodeID":"1363577","text":"Alex Chalk:  Winston Churchill, you talked about Conservatives, he was called the treasure in the heart of every man","type":"L","timestamp":"2023-11-09 14:30:24"},{"nodeID":"1363578","text":"Katharina: Alex Chalk:  Winston Churchill, you talked about Conservatives, he was called the treasure in the heart of every man","type":"L","timestamp":"2023-11-09 14:30:24"},{"nodeID":"1363579","text":"there will be a child born today in this great city of Birmingham","type":"I","timestamp":"2023-11-09 14:30:25"},{"nodeID":"1363580","text":"Analysing","type":"YA","timestamp":"2023-11-09 14:30:25"},{"nodeID":"1363581","text":"Alex Chalk:  there will be a child born today in this great city","type":"L","timestamp":"2023-11-09 14:30:25"},{"nodeID":"1363582","text":"Asserting","type":"YA","timestamp":"2023-11-09 14:30:25"},{"nodeID":"1363583","text":"Katharina: Alex Chalk:  there will be a child born today in this great city","type":"L","timestamp":"2023-11-09 14:30:25"},{"nodeID":"1363584","text":"Analysing","type":"YA","timestamp":"2023-11-09 14:30:25"},{"nodeID":"1363585","text":"the child born today in Birmingham in 25 years' time, through no fault of her own, will knock on the door of the state","type":"I","timestamp":"2023-11-09 14:30:25"},{"nodeID":"1363586","text":"Asserting","type":"YA","timestamp":"2023-11-09 14:30:25"},{"nodeID":"1363587","text":"Alex Chalk: that in 25 years' time, through no fault of her own, will knock on the door of the state","type":"L","timestamp":"2023-11-09 14:30:25"},{"nodeID":"1363588","text":"Katharina: Alex Chalk: that in 25 years' time, through no fault of her own, will knock on the door of the state","type":"L","timestamp":"2023-11-09 14:30:25"},{"nodeID":"1363589","text":"Analysing","type":"YA","timestamp":"2023-11-09 14:30:25"},{"nodeID":"1363590","text":"do you know what, state, I the child born 25 years ago in Birmingham, need some support","type":"I","timestamp":"2023-11-09 14:30:26"},{"nodeID":"1363591","text":"Alex Chalk: say do you know what, I need some support","type":"L","timestamp":"2023-11-09 14:30:26"},{"nodeID":"1363592","text":"Analysing","type":"YA","timestamp":"2023-11-09 14:30:26"},{"nodeID":"1363593","text":"Katharina: Alex Chalk: say do you know what, I need some support","type":"L","timestamp":"2023-11-09 14:30:26"},{"nodeID":"1363594","text":"Asserting","type":"YA","timestamp":"2023-11-09 14:30:26"},{"nodeID":"1363595","text":"Asserting","type":"YA","timestamp":"2023-11-09 14:30:26"},{"nodeID":"1363596","text":"Default Transition","type":"TA","timestamp":"2023-11-09 14:30:26"},{"nodeID":"1363597","text":"Default Inference","type":"RA","timestamp":"2023-11-09 14:30:26"},{"nodeID":"1363598","text":"Default Transition","type":"TA","timestamp":"2023-11-09 14:30:26"},{"nodeID":"1363599","text":"Arguing","type":"YA","timestamp":"2023-11-09 14:30:26"},{"nodeID":"1363600","text":"Unknown Speaker: do you know what, I need some support","type":"L","timestamp":"2023-11-09 14:30:26"},{"nodeID":"1363601","text":"Katharina: Unknown Speaker: say do you know what, I need some support","type":"L","timestamp":"2023-11-09 14:30:26"},{"nodeID":"1363602","text":"Analysing","type":"YA","timestamp":"2023-11-09 14:30:26"},{"nodeID":"1363603","text":"the last generation didn't address the issues of inflation and its consequences","type":"I","timestamp":"2023-11-09 14:30:27"},{"nodeID":"1363604","text":"Asserting","type":"YA","timestamp":"2023-11-09 14:30:27"},{"nodeID":"1363605","text":"Default Transition","type":"TA","timestamp":"2023-11-09 14:30:27"},{"nodeID":"1363606","text":"Alex Chalk: didn't address these issues","type":"L","timestamp":"2023-11-09 14:30:27"},{"nodeID":"1363607","text":"Katharina: Alex Chalk: didn't address these issues","type":"L","timestamp":"2023-11-09 14:30:27"},{"nodeID":"1363608","text":"Analysing","type":"YA","timestamp":"2023-11-09 14:30:27"},{"nodeID":"1363609","text":"Alex Chalk: It will be no answer to her to say do you know what, the cupboard is bare","type":"L","timestamp":"2023-11-09 14:30:27"},{"nodeID":"1363610","text":"Asserting","type":"YA","timestamp":"2023-11-09 14:30:27"},{"nodeID":"1363611","text":"Katharina: Alex Chalk: It will be no answer to her to say do you know what, the cupboard is bare","type":"L","timestamp":"2023-11-09 14:30:27"},{"nodeID":"1363612","text":"it will be no answer to the child born today in Birmingham to say do you know what, the cupboard is bare","type":"I","timestamp":"2023-11-09 14:30:27"},{"nodeID":"1363613","text":"Analysing","type":"YA","timestamp":"2023-11-09 14:30:27"},{"nodeID":"1363614","text":"the last generation didn't get on top of inflation","type":"I","timestamp":"2023-11-09 14:30:28"},{"nodeID":"1363615","text":"Asserting","type":"YA","timestamp":"2023-11-09 14:30:28"},{"nodeID":"1363616","text":"Alex Chalk: the last generation didn't get on top of inflation","type":"L","timestamp":"2023-11-09 14:30:28"},{"nodeID":"1363617","text":"Katharina: Alex Chalk: the last generation didn't get on top of inflation","type":"L","timestamp":"2023-11-09 14:30:28"},{"nodeID":"1363618","text":"Analysing","type":"YA","timestamp":"2023-11-09 14:30:28"},{"nodeID":"1363619","text":"Alex Chalk's party as now is hasn't elected two of the worst prime ministers this country has ever seen","type":"I","timestamp":"2023-11-09 14:30:29"},{"nodeID":"1363620","text":"Asserting","type":"YA","timestamp":"2023-11-09 14:30:29"},{"nodeID":"1363621","text":"Default Transition","type":"TA","timestamp":"2023-11-09 14:30:29"},{"nodeID":"1363622","text":"Anna Soubry: your party as now is hasn't elected two of the worst prime ministers this country has ever seen","type":"L","timestamp":"2023-11-09 14:30:29"},{"nodeID":"1363623","text":"Katharina: Anna Soubry: your party as now is hasn't elected two of the worst prime ministers this country has ever seen","type":"L","timestamp":"2023-11-09 14:30:29"},{"nodeID":"1363624","text":"Analysing","type":"YA","timestamp":"2023-11-09 14:30:29"},{"nodeID":"1363625","text":"this prime minister will get on top of the issues of inflation","type":"I","timestamp":"2023-11-09 14:30:29"},{"nodeID":"1363626","text":"Asserting","type":"YA","timestamp":"2023-11-09 14:30:29"},{"nodeID":"1363627","text":"Default Transition","type":"TA","timestamp":"2023-11-09 14:30:29"},{"nodeID":"1363628","text":"Alex Chalk: this prime minister will get on top of these issues","type":"L","timestamp":"2023-11-09 14:30:29"},{"nodeID":"1363629","text":"Katharina: Alex Chalk: this prime minister will get on top of these issues","type":"L","timestamp":"2023-11-09 14:30:29"},{"nodeID":"1363630","text":"Analysing","type":"YA","timestamp":"2023-11-09 14:30:29"},{"nodeID":"1363631","text":"Alex Chalk forgets what Liz Truss and his government did to the British economy","type":"I","timestamp":"2023-11-09 14:30:30"},{"nodeID":"1363632","text":"Asserting","type":"YA","timestamp":"2023-11-09 14:30:30"},{"nodeID":"1363633","text":"Default Transition","type":"TA","timestamp":"2023-11-09 14:30:30"},{"nodeID":"1363634","text":"Anna Soubry: you forget","type":"L","timestamp":"2023-11-09 14:30:30"},{"nodeID":"1363635","text":"Katharina: Anna Soubry: you forget","type":"L","timestamp":"2023-11-09 14:30:30"},{"nodeID":"1363636","text":"Analysing","type":"YA","timestamp":"2023-11-09 14:30:30"},{"nodeID":"1363637","text":"we have not forgotten what Liz Truss and what Alex Chalk's Government did to our economy","type":"I","timestamp":"2023-11-09 14:30:31"},{"nodeID":"1363638","text":"Asserting","type":"YA","timestamp":"2023-11-09 14:30:31"},{"nodeID":"1363639","text":"Anna Soubry: we have not forgotten what Liz Truss and what your Government did to our economy","type":"L","timestamp":"2023-11-09 14:30:31"},{"nodeID":"1363640","text":"Katharina: Anna Soubry: we have not forgotten what Liz Truss and what your Government did to our economy","type":"L","timestamp":"2023-11-09 14:30:31"},{"nodeID":"1363641","text":"Analysing","type":"YA","timestamp":"2023-11-09 14:30:31"},{"nodeID":"1363642","text":"what Liz truss and Alex Chalk's government did to the economy played a major part of the crisis we are in","type":"I","timestamp":"2023-11-09 14:30:31"},{"nodeID":"1363643","text":"Asserting","type":"YA","timestamp":"2023-11-09 14:30:31"},{"nodeID":"1363644","text":"Default Rephrase","type":"MA","timestamp":"2023-11-09 14:30:31"},{"nodeID":"1363645","text":"Restating","type":"YA","timestamp":"2023-11-09 14:30:31"},{"nodeID":"1363646","text":"Anna Soubry: It played a major part of the crisis we are in","type":"L","timestamp":"2023-11-09 14:30:31"},{"nodeID":"1363647","text":"Katharina: Anna Soubry: It played a major part of the crisis we are in","type":"L","timestamp":"2023-11-09 14:30:31"},{"nodeID":"1363648","text":"Analysing","type":"YA","timestamp":"2023-11-09 14:30:31"},{"nodeID":"1363649","text":"before Liz Truss and Alex Chalk's government we had Boris Johnson who was undoubtedly the worst Prime Minister England has ever had","type":"I","timestamp":"2023-11-09 14:30:32"},{"nodeID":"1363650","text":"Asserting","type":"YA","timestamp":"2023-11-09 14:30:32"},{"nodeID":"1363651","text":"Anna Soubry: before that we had Boris Johnson who was undoubtedly the worst Prime Minister this country has ever had","type":"L","timestamp":"2023-11-09 14:30:32"},{"nodeID":"1363652","text":"Katharina: Anna Soubry: before that we had Boris Johnson who was undoubtedly the worst Prime Minister this country has ever had","type":"L","timestamp":"2023-11-09 14:30:32"},{"nodeID":"1363653","text":"Analysing","type":"YA","timestamp":"2023-11-09 14:30:32"},{"nodeID":"1363654","text":"we will not forgive or forget what Liz Truss, Alex Chalk and Boris Johnson have done to the economy","type":"I","timestamp":"2023-11-09 14:30:33"},{"nodeID":"1363655","text":"Anna Soubry: We will not forgive or forget","type":"L","timestamp":"2023-11-09 14:30:33"},{"nodeID":"1363656","text":"Analysing","type":"YA","timestamp":"2023-11-09 14:30:33"},{"nodeID":"1363657","text":"Katharina: Anna Soubry: We will not forgive or forget","type":"L","timestamp":"2023-11-09 14:30:33"},{"nodeID":"1363658","text":"Asserting","type":"YA","timestamp":"2023-11-09 14:30:33"},{"nodeID":"1363659","text":"Asserting","type":"YA","timestamp":"2023-11-09 14:30:33"},{"nodeID":"1363660","text":"Default Transition","type":"TA","timestamp":"2023-11-09 14:30:33"},{"nodeID":"1363661","text":"Analysing","type":"YA","timestamp":"2023-11-09 14:30:33"},{"nodeID":"1363662","text":"Asserting","type":"YA","timestamp":"2023-11-09 14:30:33"},{"nodeID":"1363663","text":"Default Transition","type":"TA","timestamp":"2023-11-09 14:30:33"},{"nodeID":"1363664","text":"Default Conflict","type":"CA","timestamp":"2023-11-09 14:30:33"},{"nodeID":"1363665","text":"Disagreeing","type":"YA","timestamp":"2023-11-09 14:30:33"},{"nodeID":"1363666","text":"Default Transition","type":"TA","timestamp":"2023-11-09 14:30:33"},{"nodeID":"1363667","text":"Default Inference","type":"RA","timestamp":"2023-11-09 14:30:33"},{"nodeID":"1363668","text":"Default Transition","type":"TA","timestamp":"2023-11-09 14:30:33"},{"nodeID":"1363669","text":"Default Transition","type":"TA","timestamp":"2023-11-09 14:30:33"},{"nodeID":"1363670","text":"Arguing","type":"YA","timestamp":"2023-11-09 14:30:33"},{"nodeID":"1363671","text":"Analysing","type":"YA","timestamp":"2023-11-09 14:30:33"},{"nodeID":"1363672","text":"Asserting","type":"YA","timestamp":"2023-11-09 14:30:33"},{"nodeID":"1363673","text":"Default Transition","type":"TA","timestamp":"2023-11-09 14:30:33"},{"nodeID":"1363674","text":"Analysing","type":"YA","timestamp":"2023-11-09 14:30:33"},{"nodeID":"1363675","text":"Asserting","type":"YA","timestamp":"2023-11-09 14:30:33"},{"nodeID":"1363676","text":"Default Transition","type":"TA","timestamp":"2023-11-09 14:30:33"},{"nodeID":"1363677","text":"Analysing","type":"YA","timestamp":"2023-11-09 14:30:33"},{"nodeID":"1363678","text":"Analysing","type":"YA","timestamp":"2023-11-09 14:30:33"},{"nodeID":"1363679","text":"Asserting","type":"YA","timestamp":"2023-11-09 14:30:33"},{"nodeID":"1363680","text":"Asserting","type":"YA","timestamp":"2023-11-09 14:30:33"},{"nodeID":"1363681","text":"Default Transition","type":"TA","timestamp":"2023-11-09 14:30:33"},{"nodeID":"1363682","text":"Default Transition","type":"TA","timestamp":"2023-11-09 14:30:33"},{"nodeID":"1363683","text":"Analysing","type":"YA","timestamp":"2023-11-09 14:30:33"},{"nodeID":"1363684","text":"Asserting","type":"YA","timestamp":"2023-11-09 14:30:33"},{"nodeID":"1363685","text":"Analysing","type":"YA","timestamp":"2023-11-09 14:30:33"},{"nodeID":"1363686","text":"Default Transition","type":"TA","timestamp":"2023-11-09 14:30:33"},{"nodeID":"1363687","text":"Asserting","type":"YA","timestamp":"2023-11-09 14:30:33"},{"nodeID":"1363688","text":"Analysing","type":"YA","timestamp":"2023-11-09 14:30:33"},{"nodeID":"1363689","text":"Asserting","type":"YA","timestamp":"2023-11-09 14:30:33"},{"nodeID":"1363690","text":"Default Inference","type":"RA","timestamp":"2023-11-09 14:30:33"},{"nodeID":"1363691","text":"Default Transition","type":"TA","timestamp":"2023-11-09 14:30:33"},{"nodeID":"1363692","text":"Arguing","type":"YA","timestamp":"2023-11-09 14:30:33"},{"nodeID":"1363693","text":"Default Rephrase","type":"MA","timestamp":"2023-11-09 14:30:33"},{"nodeID":"1363694","text":"Default Transition","type":"TA","timestamp":"2023-11-09 14:30:33"},{"nodeID":"1363695","text":"Restating","type":"YA","timestamp":"2023-11-09 14:30:33"},{"nodeID":"1363696","text":"Analysing","type":"YA","timestamp":"2023-11-09 14:30:33"},{"nodeID":"1363697","text":"Asserting","type":"YA","timestamp":"2023-11-09 14:30:33"},{"nodeID":"1363698","text":"Default Transition","type":"TA","timestamp":"2023-11-09 14:30:33"},{"nodeID":"1363699","text":"Analysing","type":"YA","timestamp":"2023-11-09 14:30:33"},{"nodeID":"1363700","text":"Asserting","type":"YA","timestamp":"2023-11-09 14:30:33"},{"nodeID":"1363701","text":"Default Transition","type":"TA","timestamp":"2023-11-09 14:30:33"},{"nodeID":"1363702","text":"Default Conflict","type":"CA","timestamp":"2023-11-09 14:30:33"},{"nodeID":"1363703","text":"Disagreeing","type":"YA","timestamp":"2023-11-09 14:30:33"},{"nodeID":"1363704","text":"Analysing","type":"YA","timestamp":"2023-11-09 14:30:33"},{"nodeID":"1363705","text":"Asserting","type":"YA","timestamp":"2023-11-09 14:30:33"},{"nodeID":"1363706","text":"Analysing","type":"YA","timestamp":"2023-11-09 14:30:33"},{"nodeID":"1363707","text":"Asserting","type":"YA","timestamp":"2023-11-09 14:30:33"},{"nodeID":"1363708","text":"Default Transition","type":"TA","timestamp":"2023-11-09 14:30:33"},{"nodeID":"1363709","text":"Default Transition","type":"TA","timestamp":"2023-11-09 14:30:33"},{"nodeID":"1363710","text":"Default Conflict","type":"CA","timestamp":"2023-11-09 14:30:33"},{"nodeID":"1363711","text":"Disagreeing","type":"YA","timestamp":"2023-11-09 14:30:33"},{"nodeID":"1363712","text":"Analysing","type":"YA","timestamp":"2023-11-09 14:30:33"},{"nodeID":"1363713","text":"Asserting","type":"YA","timestamp":"2023-11-09 14:30:33"},{"nodeID":"1363714","text":"Default Transition","type":"TA","timestamp":"2023-11-09 14:30:33"},{"nodeID":"1363715","text":"Analysing","type":"YA","timestamp":"2023-11-09 14:30:33"},{"nodeID":"1363716","text":"Asserting","type":"YA","timestamp":"2023-11-09 14:30:33"},{"nodeID":"1363717","text":"Default Transition","type":"TA","timestamp":"2023-11-09 14:30:33"},{"nodeID":"1363718","text":"Analysing","type":"YA","timestamp":"2023-11-09 14:30:33"},{"nodeID":"1363719","text":"Asserting","type":"YA","timestamp":"2023-11-09 14:30:33"},{"nodeID":"1363720","text":"Default Rephrase","type":"MA","timestamp":"2023-11-09 14:30:33"},{"nodeID":"1363721","text":"Default Transition","type":"TA","timestamp":"2023-11-09 14:30:33"},{"nodeID":"1363722","text":"Restating","type":"YA","timestamp":"2023-11-09 14:30:33"},{"nodeID":"1363723","text":"Default Transition","type":"TA","timestamp":"2023-11-09 14:30:33"},{"nodeID":"1363724","text":"Default Inference","type":"RA","timestamp":"2023-11-09 14:30:33"},{"nodeID":"1363725","text":"Arguing","type":"YA","timestamp":"2023-11-09 14:30:33"}],"edges":[{"edgeID":"1784464","fromID":"1363580","toID":"1363535","formEdgeID":null},{"edgeID":"1784465","fromID":"1363536","toID":"1363580","formEdgeID":null},{"edgeID":"1784466","fromID":"1363535","toID":"1363582","formEdgeID":null},{"edgeID":"1784467","fromID":"1363582","toID":"1363534","formEdgeID":null},{"edgeID":"1784468","fromID":"1363584","toID":"1363537","formEdgeID":null},{"edgeID":"1784469","fromID":"1363538","toID":"1363584","formEdgeID":null},{"edgeID":"1784470","fromID":"1363537","toID":"1363586","formEdgeID":null},{"edgeID":"1784471","fromID":"1363586","toID":"1363534","formEdgeID":null},{"edgeID":"1784472","fromID":"1363589","toID":"1363540","formEdgeID":null},{"edgeID":"1784473","fromID":"1363541","toID":"1363589","formEdgeID":null},{"edgeID":"1784474","fromID":"1363592","toID":"1363542","formEdgeID":null},{"edgeID":"1784475","fromID":"1363543","toID":"1363592","formEdgeID":null},{"edgeID":"1784476","fromID":"1363542","toID":"1363594","formEdgeID":null},{"edgeID":"1784477","fromID":"1363594","toID":"1363539","formEdgeID":null},{"edgeID":"1784478","fromID":"1363540","toID":"1363595","formEdgeID":null},{"edgeID":"1784479","fromID":"1363595","toID":"1363542","formEdgeID":null},{"edgeID":"1784480","fromID":"1363535","toID":"1363596","formEdgeID":null},{"edgeID":"1784481","fromID":"1363596","toID":"1363537","formEdgeID":null},{"edgeID":"1784482","fromID":"1363539","toID":"1363597","formEdgeID":null},{"edgeID":"1784483","fromID":"1363597","toID":"1363534","formEdgeID":null},{"edgeID":"1784484","fromID":"1363535","toID":"1363598","formEdgeID":null},{"edgeID":"1784485","fromID":"1363598","toID":"1363540","formEdgeID":null},{"edgeID":"1784486","fromID":"1363598","toID":"1363599","formEdgeID":null},{"edgeID":"1784487","fromID":"1363599","toID":"1363597","formEdgeID":null},{"edgeID":"1784488","fromID":"1363602","toID":"1363545","formEdgeID":null},{"edgeID":"1784489","fromID":"1363546","toID":"1363602","formEdgeID":null},{"edgeID":"1784490","fromID":"1363545","toID":"1363604","formEdgeID":null},{"edgeID":"1784491","fromID":"1363604","toID":"1363544","formEdgeID":null},{"edgeID":"1784492","fromID":"1363540","toID":"1363605","formEdgeID":null},{"edgeID":"1784493","fromID":"1363605","toID":"1363545","formEdgeID":null},{"edgeID":"1784494","fromID":"1363608","toID":"1363548","formEdgeID":null},{"edgeID":"1784495","fromID":"1363549","toID":"1363608","formEdgeID":null},{"edgeID":"1784496","fromID":"1363548","toID":"1363610","formEdgeID":null},{"edgeID":"1784497","fromID":"1363610","toID":"1363547","formEdgeID":null},{"edgeID":"1784498","fromID":"1363613","toID":"1363551","formEdgeID":null},{"edgeID":"1784499","fromID":"1363552","toID":"1363613","formEdgeID":null},{"edgeID":"1784500","fromID":"1363551","toID":"1363615","formEdgeID":null},{"edgeID":"1784501","fromID":"1363615","toID":"1363550","formEdgeID":null},{"edgeID":"1784502","fromID":"1363618","toID":"1363554","formEdgeID":null},{"edgeID":"1784503","fromID":"1363555","toID":"1363618","formEdgeID":null},{"edgeID":"1784504","fromID":"1363554","toID":"1363620","formEdgeID":null},{"edgeID":"1784505","fromID":"1363620","toID":"1363553","formEdgeID":null},{"edgeID":"1784506","fromID":"1363551","toID":"1363621","formEdgeID":null},{"edgeID":"1784507","fromID":"1363621","toID":"1363554","formEdgeID":null},{"edgeID":"1784508","fromID":"1363624","toID":"1363557","formEdgeID":null},{"edgeID":"1784509","fromID":"1363558","toID":"1363624","formEdgeID":null},{"edgeID":"1784510","fromID":"1363557","toID":"1363626","formEdgeID":null},{"edgeID":"1784511","fromID":"1363626","toID":"1363556","formEdgeID":null},{"edgeID":"1784512","fromID":"1363554","toID":"1363627","formEdgeID":null},{"edgeID":"1784513","fromID":"1363627","toID":"1363557","formEdgeID":null},{"edgeID":"1784514","fromID":"1363630","toID":"1363560","formEdgeID":null},{"edgeID":"1784515","fromID":"1363561","toID":"1363630","formEdgeID":null},{"edgeID":"1784516","fromID":"1363560","toID":"1363632","formEdgeID":null},{"edgeID":"1784517","fromID":"1363632","toID":"1363559","formEdgeID":null},{"edgeID":"1784518","fromID":"1363557","toID":"1363633","formEdgeID":null},{"edgeID":"1784519","fromID":"1363633","toID":"1363560","formEdgeID":null},{"edgeID":"1784520","fromID":"1363636","toID":"1363563","formEdgeID":null},{"edgeID":"1784521","fromID":"1363564","toID":"1363636","formEdgeID":null},{"edgeID":"1784522","fromID":"1363563","toID":"1363638","formEdgeID":null},{"edgeID":"1784523","fromID":"1363638","toID":"1363562","formEdgeID":null},{"edgeID":"1784524","fromID":"1363641","toID":"1363566","formEdgeID":null},{"edgeID":"1784525","fromID":"1363567","toID":"1363641","formEdgeID":null},{"edgeID":"1784526","fromID":"1363566","toID":"1363643","formEdgeID":null},{"edgeID":"1784527","fromID":"1363643","toID":"1363565","formEdgeID":null},{"edgeID":"1784528","fromID":"1363556","toID":"1363644","formEdgeID":null},{"edgeID":"1784529","fromID":"1363644","toID":"1363553","formEdgeID":null},{"edgeID":"1784530","fromID":"1363627","toID":"1363645","formEdgeID":null},{"edgeID":"1784531","fromID":"1363645","toID":"1363644","formEdgeID":null},{"edgeID":"1784532","fromID":"1363648","toID":"1363569","formEdgeID":null},{"edgeID":"1784533","fromID":"1363570","toID":"1363648","formEdgeID":null},{"edgeID":"1784534","fromID":"1363569","toID":"1363650","formEdgeID":null},{"edgeID":"1784535","fromID":"1363650","toID":"1363568","formEdgeID":null},{"edgeID":"1784536","fromID":"1363653","toID":"1363572","formEdgeID":null},{"edgeID":"1784537","fromID":"1363573","toID":"1363653","formEdgeID":null},{"edgeID":"1784538","fromID":"1363656","toID":"1363574","formEdgeID":null},{"edgeID":"1784539","fromID":"1363575","toID":"1363656","formEdgeID":null},{"edgeID":"1784540","fromID":"1363574","toID":"1363658","formEdgeID":null},{"edgeID":"1784541","fromID":"1363658","toID":"1363571","formEdgeID":null},{"edgeID":"1784542","fromID":"1363572","toID":"1363659","formEdgeID":null},{"edgeID":"1784543","fromID":"1363659","toID":"1363574","formEdgeID":null},{"edgeID":"1784544","fromID":"1363566","toID":"1363660","formEdgeID":null},{"edgeID":"1784545","fromID":"1363660","toID":"1363569","formEdgeID":null},{"edgeID":"1784546","fromID":"1363661","toID":"1363577","formEdgeID":null},{"edgeID":"1784547","fromID":"1363578","toID":"1363661","formEdgeID":null},{"edgeID":"1784548","fromID":"1363577","toID":"1363662","formEdgeID":null},{"edgeID":"1784549","fromID":"1363662","toID":"1363576","formEdgeID":null},{"edgeID":"1784550","fromID":"1363577","toID":"1363663","formEdgeID":null},{"edgeID":"1784551","fromID":"1363663","toID":"1363551","formEdgeID":null},{"edgeID":"1784552","fromID":"1363550","toID":"1363664","formEdgeID":null},{"edgeID":"1784553","fromID":"1363664","toID":"1363576","formEdgeID":null},{"edgeID":"1784554","fromID":"1363663","toID":"1363665","formEdgeID":null},{"edgeID":"1784555","fromID":"1363665","toID":"1363664","formEdgeID":null},{"edgeID":"1784556","fromID":"1363577","toID":"1363666","formEdgeID":null},{"edgeID":"1784557","fromID":"1363666","toID":"1363548","formEdgeID":null},{"edgeID":"1784558","fromID":"1363562","toID":"1363667","formEdgeID":null},{"edgeID":"1784559","fromID":"1363667","toID":"1363565","formEdgeID":null},{"edgeID":"1784560","fromID":"1363559","toID":"1363667","formEdgeID":null},{"edgeID":"1784561","fromID":"1363556","toID":"1363667","formEdgeID":null},{"edgeID":"1784562","fromID":"1363557","toID":"1363668","formEdgeID":null},{"edgeID":"1784563","fromID":"1363668","toID":"1363566","formEdgeID":null},{"edgeID":"1784564","fromID":"1363557","toID":"1363669","formEdgeID":null},{"edgeID":"1784565","fromID":"1363669","toID":"1363563","formEdgeID":null},{"edgeID":"1784566","fromID":"1363668","toID":"1363670","formEdgeID":null},{"edgeID":"1784567","fromID":"1363670","toID":"1363667","formEdgeID":null},{"edgeID":"1784568","fromID":"1363671","toID":"1363581","formEdgeID":null},{"edgeID":"1784569","fromID":"1363583","toID":"1363671","formEdgeID":null},{"edgeID":"1784570","fromID":"1363581","toID":"1363672","formEdgeID":null},{"edgeID":"1784571","fromID":"1363672","toID":"1363579","formEdgeID":null},{"edgeID":"1784572","fromID":"1363569","toID":"1363673","formEdgeID":null},{"edgeID":"1784573","fromID":"1363673","toID":"1363581","formEdgeID":null},{"edgeID":"1784574","fromID":"1363674","toID":"1363587","formEdgeID":null},{"edgeID":"1784575","fromID":"1363588","toID":"1363674","formEdgeID":null},{"edgeID":"1784576","fromID":"1363587","toID":"1363675","formEdgeID":null},{"edgeID":"1784577","fromID":"1363675","toID":"1363585","formEdgeID":null},{"edgeID":"1784578","fromID":"1363581","toID":"1363676","formEdgeID":null},{"edgeID":"1784579","fromID":"1363676","toID":"1363587","formEdgeID":null},{"edgeID":"1784580","fromID":"1363677","toID":"1363591","formEdgeID":null},{"edgeID":"1784581","fromID":"1363593","toID":"1363677","formEdgeID":null},{"edgeID":"1784582","fromID":"1363678","toID":"1363600","formEdgeID":null},{"edgeID":"1784583","fromID":"1363601","toID":"1363678","formEdgeID":null},{"edgeID":"1784584","fromID":"1363600","toID":"1363679","formEdgeID":null},{"edgeID":"1784585","fromID":"1363679","toID":"1363590","formEdgeID":null},{"edgeID":"1784586","fromID":"1363591","toID":"1363680","formEdgeID":null},{"edgeID":"1784587","fromID":"1363680","toID":"1363600","formEdgeID":null},{"edgeID":"1784588","fromID":"1363587","toID":"1363681","formEdgeID":null},{"edgeID":"1784589","fromID":"1363681","toID":"1363591","formEdgeID":null},{"edgeID":"1784590","fromID":"1363591","toID":"1363682","formEdgeID":null},{"edgeID":"1784591","fromID":"1363682","toID":"1363572","formEdgeID":null},{"edgeID":"1784592","fromID":"1363683","toID":"1363606","formEdgeID":null},{"edgeID":"1784593","fromID":"1363607","toID":"1363683","formEdgeID":null},{"edgeID":"1784594","fromID":"1363606","toID":"1363684","formEdgeID":null},{"edgeID":"1784595","fromID":"1363684","toID":"1363603","formEdgeID":null},{"edgeID":"1784596","fromID":"1363685","toID":"1363609","formEdgeID":null},{"edgeID":"1784597","fromID":"1363611","toID":"1363685","formEdgeID":null},{"edgeID":"1784598","fromID":"1363572","toID":"1363686","formEdgeID":null},{"edgeID":"1784599","fromID":"1363686","toID":"1363609","formEdgeID":null},{"edgeID":"1784600","fromID":"1363609","toID":"1363687","formEdgeID":null},{"edgeID":"1784601","fromID":"1363687","toID":"1363612","formEdgeID":null},{"edgeID":"1784602","fromID":"1363688","toID":"1363616","formEdgeID":null},{"edgeID":"1784603","fromID":"1363617","toID":"1363688","formEdgeID":null},{"edgeID":"1784604","fromID":"1363616","toID":"1363689","formEdgeID":null},{"edgeID":"1784605","fromID":"1363689","toID":"1363614","formEdgeID":null},{"edgeID":"1784606","fromID":"1363614","toID":"1363690","formEdgeID":null},{"edgeID":"1784607","fromID":"1363690","toID":"1363612","formEdgeID":null},{"edgeID":"1784608","fromID":"1363609","toID":"1363691","formEdgeID":null},{"edgeID":"1784609","fromID":"1363691","toID":"1363616","formEdgeID":null},{"edgeID":"1784610","fromID":"1363691","toID":"1363692","formEdgeID":null},{"edgeID":"1784611","fromID":"1363692","toID":"1363690","formEdgeID":null},{"edgeID":"1784612","fromID":"1363603","toID":"1363693","formEdgeID":null},{"edgeID":"1784613","fromID":"1363693","toID":"1363614","formEdgeID":null},{"edgeID":"1784614","fromID":"1363616","toID":"1363694","formEdgeID":null},{"edgeID":"1784615","fromID":"1363694","toID":"1363606","formEdgeID":null},{"edgeID":"1784616","fromID":"1363694","toID":"1363695","formEdgeID":null},{"edgeID":"1784617","fromID":"1363695","toID":"1363693","formEdgeID":null},{"edgeID":"1784618","fromID":"1363696","toID":"1363622","formEdgeID":null},{"edgeID":"1784619","fromID":"1363623","toID":"1363696","formEdgeID":null},{"edgeID":"1784620","fromID":"1363622","toID":"1363697","formEdgeID":null},{"edgeID":"1784621","fromID":"1363697","toID":"1363619","formEdgeID":null},{"edgeID":"1784622","fromID":"1363606","toID":"1363698","formEdgeID":null},{"edgeID":"1784623","fromID":"1363698","toID":"1363622","formEdgeID":null},{"edgeID":"1784624","fromID":"1363699","toID":"1363628","formEdgeID":null},{"edgeID":"1784625","fromID":"1363629","toID":"1363699","formEdgeID":null},{"edgeID":"1784626","fromID":"1363628","toID":"1363700","formEdgeID":null},{"edgeID":"1784627","fromID":"1363700","toID":"1363625","formEdgeID":null},{"edgeID":"1784628","fromID":"1363622","toID":"1363701","formEdgeID":null},{"edgeID":"1784629","fromID":"1363701","toID":"1363628","formEdgeID":null},{"edgeID":"1784630","fromID":"1363625","toID":"1363702","formEdgeID":null},{"edgeID":"1784631","fromID":"1363702","toID":"1363619","formEdgeID":null},{"edgeID":"1784632","fromID":"1363701","toID":"1363703","formEdgeID":null},{"edgeID":"1784633","fromID":"1363703","toID":"1363702","formEdgeID":null},{"edgeID":"1784634","fromID":"1363704","toID":"1363634","formEdgeID":null},{"edgeID":"1784635","fromID":"1363635","toID":"1363704","formEdgeID":null},{"edgeID":"1784636","fromID":"1363634","toID":"1363705","formEdgeID":null},{"edgeID":"1784637","fromID":"1363705","toID":"1363631","formEdgeID":null},{"edgeID":"1784638","fromID":"1363706","toID":"1363639","formEdgeID":null},{"edgeID":"1784639","fromID":"1363640","toID":"1363706","formEdgeID":null},{"edgeID":"1784640","fromID":"1363639","toID":"1363707","formEdgeID":null},{"edgeID":"1784641","fromID":"1363707","toID":"1363637","formEdgeID":null},{"edgeID":"1784642","fromID":"1363628","toID":"1363708","formEdgeID":null},{"edgeID":"1784643","fromID":"1363708","toID":"1363634","formEdgeID":null},{"edgeID":"1784644","fromID":"1363634","toID":"1363709","formEdgeID":null},{"edgeID":"1784645","fromID":"1363709","toID":"1363639","formEdgeID":null},{"edgeID":"1784646","fromID":"1363637","toID":"1363710","formEdgeID":null},{"edgeID":"1784647","fromID":"1363710","toID":"1363631","formEdgeID":null},{"edgeID":"1784648","fromID":"1363709","toID":"1363711","formEdgeID":null},{"edgeID":"1784649","fromID":"1363711","toID":"1363710","formEdgeID":null},{"edgeID":"1784650","fromID":"1363712","toID":"1363646","formEdgeID":null},{"edgeID":"1784651","fromID":"1363647","toID":"1363712","formEdgeID":null},{"edgeID":"1784652","fromID":"1363646","toID":"1363713","formEdgeID":null},{"edgeID":"1784653","fromID":"1363713","toID":"1363642","formEdgeID":null},{"edgeID":"1784654","fromID":"1363639","toID":"1363714","formEdgeID":null},{"edgeID":"1784655","fromID":"1363714","toID":"1363646","formEdgeID":null},{"edgeID":"1784656","fromID":"1363715","toID":"1363651","formEdgeID":null},{"edgeID":"1784657","fromID":"1363652","toID":"1363715","formEdgeID":null},{"edgeID":"1784658","fromID":"1363651","toID":"1363716","formEdgeID":null},{"edgeID":"1784659","fromID":"1363716","toID":"1363649","formEdgeID":null},{"edgeID":"1784660","fromID":"1363646","toID":"1363717","formEdgeID":null},{"edgeID":"1784661","fromID":"1363717","toID":"1363651","formEdgeID":null},{"edgeID":"1784662","fromID":"1363718","toID":"1363655","formEdgeID":null},{"edgeID":"1784663","fromID":"1363657","toID":"1363718","formEdgeID":null},{"edgeID":"1784664","fromID":"1363655","toID":"1363719","formEdgeID":null},{"edgeID":"1784665","fromID":"1363719","toID":"1363654","formEdgeID":null},{"edgeID":"1784666","fromID":"1363654","toID":"1363720","formEdgeID":null},{"edgeID":"1784667","fromID":"1363720","toID":"1363637","formEdgeID":null},{"edgeID":"1784668","fromID":"1363639","toID":"1363721","formEdgeID":null},{"edgeID":"1784669","fromID":"1363721","toID":"1363655","formEdgeID":null},{"edgeID":"1784670","fromID":"1363721","toID":"1363722","formEdgeID":null},{"edgeID":"1784671","fromID":"1363722","toID":"1363720","formEdgeID":null},{"edgeID":"1784672","fromID":"1363545","toID":"1363723","formEdgeID":null},{"edgeID":"1784673","fromID":"1363723","toID":"1363577","formEdgeID":null},{"edgeID":"1784674","fromID":"1363642","toID":"1363724","formEdgeID":null},{"edgeID":"1784675","fromID":"1363724","toID":"1363637","formEdgeID":null},{"edgeID":"1784676","fromID":"1363714","toID":"1363725","formEdgeID":null},{"edgeID":"1784677","fromID":"1363725","toID":"1363724","formEdgeID":null}],"locutions":[]}