{"nodes":[{"nodeID":"1363455","text":"doing double maths is not a bad idea","type":"I","timestamp":"2023-11-09 14:30:09"},{"nodeID":"1363456","text":"Ash Sarkar: it's a bad idea","type":"L","timestamp":"2023-11-09 14:30:09"},{"nodeID":"1363457","text":"Analysing","type":"YA","timestamp":"2023-11-09 14:30:09"},{"nodeID":"1363458","text":"Anon: Ash Sarkar: it's a bad idea","type":"L","timestamp":"2023-11-09 14:30:09"},{"nodeID":"1363459","text":"Asserting","type":"YA","timestamp":"2023-11-09 14:30:09"},{"nodeID":"1363460","text":"Ash Sarkar would have retained a bit of long division","type":"I","timestamp":"2023-11-09 14:30:10"},{"nodeID":"1363461","text":"Ash Sarkar: I'd have retained a bit of long division","type":"L","timestamp":"2023-11-09 14:30:10"},{"nodeID":"1363462","text":"Analysing","type":"YA","timestamp":"2023-11-09 14:30:10"},{"nodeID":"1363463","text":"Anon: Ash Sarkar: I'd have retained a bit of long division","type":"L","timestamp":"2023-11-09 14:30:10"},{"nodeID":"1363464","text":"Asserting","type":"YA","timestamp":"2023-11-09 14:30:10"},{"nodeID":"1363465","text":"Ask Sarkar had done long division to 18 rather than dropping long division at 16","type":"I","timestamp":"2023-11-09 14:30:10"},{"nodeID":"1363466","text":"Ash Sarkar: had I done it to 18 rather than dropping it at 16","type":"L","timestamp":"2023-11-09 14:30:10"},{"nodeID":"1363467","text":"Analysing","type":"YA","timestamp":"2023-11-09 14:30:10"},{"nodeID":"1363468","text":"Anon: Ash Sarkar: had I done it to 18 rather than dropping it at 16","type":"L","timestamp":"2023-11-09 14:30:10"},{"nodeID":"1363469","text":"Asserting","type":"YA","timestamp":"2023-11-09 14:30:10"},{"nodeID":"1363470","text":"Default Transition","type":"TA","timestamp":"2023-11-09 14:30:10"},{"nodeID":"1363471","text":"Default Transition","type":"TA","timestamp":"2023-11-09 14:30:10"},{"nodeID":"1363472","text":"Default Inference","type":"RA","timestamp":"2023-11-09 14:30:10"},{"nodeID":"1363473","text":"Arguing","type":"YA","timestamp":"2023-11-09 14:30:10"},{"nodeID":"1363474","text":"the first in line for double maths lessons should be the MPs of the Tory party who crashed the economy in order to give tax cuts to the rich","type":"I","timestamp":"2023-11-09 14:30:11"},{"nodeID":"1363475","text":"Ash Sarkar: the first in line for those maths lessons should be the MPs of your own party who crashed the economy into the\u2026 In order to give tax cuts to the rich","type":"L","timestamp":"2023-11-09 14:30:11"},{"nodeID":"1363476","text":"Analysing","type":"YA","timestamp":"2023-11-09 14:30:11"},{"nodeID":"1363477","text":"Anon: Ash Sarkar: the first in line for those maths lessons should be the MPs of your own party who crashed the economy into the\u2026 In order to give tax cuts to the rich","type":"L","timestamp":"2023-11-09 14:30:11"},{"nodeID":"1363478","text":"Asserting","type":"YA","timestamp":"2023-11-09 14:30:11"},{"nodeID":"1363479","text":"Default Transition","type":"TA","timestamp":"2023-11-09 14:30:11"},{"nodeID":"1363480","text":"AudienceMember 20230126QT33: I agree with Bridget","type":"L","timestamp":"2023-11-09 14:30:11"},{"nodeID":"1363481","text":"Analysing","type":"YA","timestamp":"2023-11-09 14:30:11"},{"nodeID":"1363482","text":"Anon: AudienceMember 20230126QT33: I agree with Bridget","type":"L","timestamp":"2023-11-09 14:30:11"},{"nodeID":"1363483","text":"there's not enough maths teachers as there is","type":"I","timestamp":"2023-11-09 14:30:12"},{"nodeID":"1363484","text":"AudienceMember 20230126QT33: there's not enough maths teachers as there is","type":"L","timestamp":"2023-11-09 14:30:12"},{"nodeID":"1363485","text":"Analysing","type":"YA","timestamp":"2023-11-09 14:30:12"},{"nodeID":"1363486","text":"Anon: AudienceMember 20230126QT33: there's not enough maths teachers as there is","type":"L","timestamp":"2023-11-09 14:30:12"},{"nodeID":"1363487","text":"Asserting","type":"YA","timestamp":"2023-11-09 14:30:12"},{"nodeID":"1363488","text":"perhaps Chancellor Kwarteng and his Prime Minister Truss could've done with a calculator in the summer","type":"I","timestamp":"2023-11-09 14:30:12"},{"nodeID":"1363489","text":"AudienceMember 20230126QT33: perhaps Chancellor Kwarteng and his Prime Minister Truss could've done with a calculator in the summer","type":"L","timestamp":"2023-11-09 14:30:12"},{"nodeID":"1363490","text":"Analysing","type":"YA","timestamp":"2023-11-09 14:30:12"},{"nodeID":"1363491","text":"Anon: AudienceMember 20230126QT33: perhaps Chancellor Kwarteng and his Prime Minister Truss could've done with a calculator in the summer","type":"L","timestamp":"2023-11-09 14:30:12"},{"nodeID":"1363492","text":"Asserting","type":"YA","timestamp":"2023-11-09 14:30:12"},{"nodeID":"1363493","text":"Default Transition","type":"TA","timestamp":"2023-11-09 14:30:12"},{"nodeID":"1363494","text":"Default Rephrase","type":"MA","timestamp":"2023-11-09 14:30:12"},{"nodeID":"1363495","text":"Default Transition","type":"TA","timestamp":"2023-11-09 14:30:12"},{"nodeID":"1363496","text":"Restating","type":"YA","timestamp":"2023-11-09 14:30:12"},{"nodeID":"1363497","text":"Chancellor Kawrteng and Prime Minister Truss using a calculator might have avoided some of the other issues","type":"I","timestamp":"2023-11-09 14:30:13"},{"nodeID":"1363498","text":"AudienceMember 20230126QT33: that might have avoided some of the other issues","type":"L","timestamp":"2023-11-09 14:30:13"},{"nodeID":"1363499","text":"Analysing","type":"YA","timestamp":"2023-11-09 14:30:13"},{"nodeID":"1363500","text":"Anon: AudienceMember 20230126QT33: that might have avoided some of the other issues","type":"L","timestamp":"2023-11-09 14:30:13"},{"nodeID":"1363501","text":"Asserting","type":"YA","timestamp":"2023-11-09 14:30:13"},{"nodeID":"1363502","text":"Default Transition","type":"TA","timestamp":"2023-11-09 14:30:13"},{"nodeID":"1363503","text":"Default Rephrase","type":"MA","timestamp":"2023-11-09 14:30:13"},{"nodeID":"1363504","text":"Restating","type":"YA","timestamp":"2023-11-09 14:30:13"}],"edges":[{"edgeID":"1784379","fromID":"1363457","toID":"1363456","formEdgeID":null},{"edgeID":"1784380","fromID":"1363458","toID":"1363457","formEdgeID":null},{"edgeID":"1784381","fromID":"1363456","toID":"1363459","formEdgeID":null},{"edgeID":"1784382","fromID":"1363459","toID":"1363455","formEdgeID":null},{"edgeID":"1784383","fromID":"1363462","toID":"1363461","formEdgeID":null},{"edgeID":"1784384","fromID":"1363463","toID":"1363462","formEdgeID":null},{"edgeID":"1784385","fromID":"1363461","toID":"1363464","formEdgeID":null},{"edgeID":"1784386","fromID":"1363464","toID":"1363460","formEdgeID":null},{"edgeID":"1784387","fromID":"1363467","toID":"1363466","formEdgeID":null},{"edgeID":"1784388","fromID":"1363468","toID":"1363467","formEdgeID":null},{"edgeID":"1784389","fromID":"1363466","toID":"1363469","formEdgeID":null},{"edgeID":"1784390","fromID":"1363469","toID":"1363465","formEdgeID":null},{"edgeID":"1784391","fromID":"1363456","toID":"1363470","formEdgeID":null},{"edgeID":"1784392","fromID":"1363470","toID":"1363461","formEdgeID":null},{"edgeID":"1784393","fromID":"1363461","toID":"1363471","formEdgeID":null},{"edgeID":"1784394","fromID":"1363471","toID":"1363466","formEdgeID":null},{"edgeID":"1784395","fromID":"1363460","toID":"1363472","formEdgeID":null},{"edgeID":"1784396","fromID":"1363472","toID":"1363455","formEdgeID":null},{"edgeID":"1784397","fromID":"1363465","toID":"1363472","formEdgeID":null},{"edgeID":"1784398","fromID":"1363470","toID":"1363473","formEdgeID":null},{"edgeID":"1784399","fromID":"1363473","toID":"1363472","formEdgeID":null},{"edgeID":"1784400","fromID":"1363476","toID":"1363475","formEdgeID":null},{"edgeID":"1784401","fromID":"1363477","toID":"1363476","formEdgeID":null},{"edgeID":"1784402","fromID":"1363475","toID":"1363478","formEdgeID":null},{"edgeID":"1784403","fromID":"1363478","toID":"1363474","formEdgeID":null},{"edgeID":"1784404","fromID":"1363466","toID":"1363479","formEdgeID":null},{"edgeID":"1784405","fromID":"1363479","toID":"1363475","formEdgeID":null},{"edgeID":"1784406","fromID":"1363481","toID":"1363480","formEdgeID":null},{"edgeID":"1784407","fromID":"1363482","toID":"1363481","formEdgeID":null},{"edgeID":"1784408","fromID":"1363485","toID":"1363484","formEdgeID":null},{"edgeID":"1784409","fromID":"1363486","toID":"1363485","formEdgeID":null},{"edgeID":"1784410","fromID":"1363484","toID":"1363487","formEdgeID":null},{"edgeID":"1784411","fromID":"1363487","toID":"1363483","formEdgeID":null},{"edgeID":"1784412","fromID":"1363490","toID":"1363489","formEdgeID":null},{"edgeID":"1784413","fromID":"1363491","toID":"1363490","formEdgeID":null},{"edgeID":"1784414","fromID":"1363489","toID":"1363492","formEdgeID":null},{"edgeID":"1784415","fromID":"1363492","toID":"1363488","formEdgeID":null},{"edgeID":"1784416","fromID":"1363480","toID":"1363493","formEdgeID":null},{"edgeID":"1784417","fromID":"1363493","toID":"1363484","formEdgeID":null},{"edgeID":"1784418","fromID":"1363488","toID":"1363494","formEdgeID":null},{"edgeID":"1784419","fromID":"1363494","toID":"1363474","formEdgeID":null},{"edgeID":"1784420","fromID":"1363475","toID":"1363495","formEdgeID":null},{"edgeID":"1784421","fromID":"1363495","toID":"1363489","formEdgeID":null},{"edgeID":"1784422","fromID":"1363495","toID":"1363496","formEdgeID":null},{"edgeID":"1784423","fromID":"1363496","toID":"1363494","formEdgeID":null},{"edgeID":"1784424","fromID":"1363499","toID":"1363498","formEdgeID":null},{"edgeID":"1784425","fromID":"1363500","toID":"1363499","formEdgeID":null},{"edgeID":"1784426","fromID":"1363498","toID":"1363501","formEdgeID":null},{"edgeID":"1784427","fromID":"1363501","toID":"1363497","formEdgeID":null},{"edgeID":"1784428","fromID":"1363489","toID":"1363502","formEdgeID":null},{"edgeID":"1784429","fromID":"1363502","toID":"1363498","formEdgeID":null},{"edgeID":"1784430","fromID":"1363497","toID":"1363503","formEdgeID":null},{"edgeID":"1784431","fromID":"1363503","toID":"1363488","formEdgeID":null},{"edgeID":"1784432","fromID":"1363502","toID":"1363504","formEdgeID":null},{"edgeID":"1784433","fromID":"1363504","toID":"1363503","formEdgeID":null}],"locutions":[]}