{"nodes":[{"nodeID":"1361561","text":"first of all the Government are afraid of an inflationary spiral","type":"I","timestamp":"2023-11-09 14:27:32"},{"nodeID":"1361562","text":"Tim Stanley: first of all they're afraid of an inflationary spiral","type":"L","timestamp":"2023-11-09 14:27:32"},{"nodeID":"1361563","text":"Analysing","type":"YA","timestamp":"2023-11-09 14:27:32"},{"nodeID":"1361564","text":"Dominika: Tim Stanley: first of all they're afraid of an inflationary spiral","type":"L","timestamp":"2023-11-09 14:27:32"},{"nodeID":"1361565","text":"Asserting","type":"YA","timestamp":"2023-11-09 14:27:32"},{"nodeID":"1361566","text":"secondly, the Government are afraid of them getting involved directly in negations","type":"I","timestamp":"2023-11-09 14:27:33"},{"nodeID":"1361567","text":"Tim Stanley: Secondly, they're afraid of the Government getting involved directly in negations","type":"L","timestamp":"2023-11-09 14:27:33"},{"nodeID":"1361568","text":"Analysing","type":"YA","timestamp":"2023-11-09 14:27:33"},{"nodeID":"1361569","text":"Dominika: Tim Stanley: Secondly, they're afraid of the Government getting involved directly in negations","type":"L","timestamp":"2023-11-09 14:27:33"},{"nodeID":"1361570","text":"Asserting","type":"YA","timestamp":"2023-11-09 14:27:33"},{"nodeID":"1361571","text":"Default Transition","type":"TA","timestamp":"2023-11-09 14:27:33"},{"nodeID":"1361572","text":"Default Rephrase","type":"MA","timestamp":"2023-11-09 14:27:33"},{"nodeID":"1361573","text":"Restating","type":"YA","timestamp":"2023-11-09 14:27:33"},{"nodeID":"1361574","text":"we can't go back to a situation like the 1960s and 1970s where whenever there's a strike at a factory the Government goes in with beer and sandwiches and tries to negotiate an outcome","type":"I","timestamp":"2023-11-09 14:27:33"},{"nodeID":"1361575","text":"Tim Stanley: we can't go back to a situation like the 1960s and 1970s where whenever there's a strike at a factory the Government goes in with beer and sandwiches and tries to negotiate an outcome","type":"L","timestamp":"2023-11-09 14:27:33"},{"nodeID":"1361576","text":"Analysing","type":"YA","timestamp":"2023-11-09 14:27:33"},{"nodeID":"1361577","text":"Dominika: Tim Stanley: we can't go back to a situation like the 1960s and 1970s where whenever there's a strike at a factory the Government goes in with beer and sandwiches and tries to negotiate an outcome","type":"L","timestamp":"2023-11-09 14:27:33"},{"nodeID":"1361578","text":"Asserting","type":"YA","timestamp":"2023-11-09 14:27:33"},{"nodeID":"1361579","text":"Default Inference","type":"RA","timestamp":"2023-11-09 14:27:33"},{"nodeID":"1361580","text":"Default Transition","type":"TA","timestamp":"2023-11-09 14:27:33"},{"nodeID":"1361581","text":"Arguing","type":"YA","timestamp":"2023-11-09 14:27:33"},{"nodeID":"1361582","text":"Tim Stanley: They don't want that","type":"L","timestamp":"2023-11-09 14:27:33"},{"nodeID":"1361583","text":"Analysing","type":"YA","timestamp":"2023-11-09 14:27:33"},{"nodeID":"1361584","text":"Dominika: Tim Stanley: They don't want that","type":"L","timestamp":"2023-11-09 14:27:33"},{"nodeID":"1361585","text":"Default Transition","type":"TA","timestamp":"2023-11-09 14:27:33"},{"nodeID":"1361586","text":"Asserting","type":"YA","timestamp":"2023-11-09 14:27:33"},{"nodeID":"1361587","text":"the Government don't want to go back to a corporatist model","type":"I","timestamp":"2023-11-09 14:27:34"},{"nodeID":"1361588","text":"Tim Stanley: They don't want to go back to a corporatist model","type":"L","timestamp":"2023-11-09 14:27:34"},{"nodeID":"1361589","text":"Analysing","type":"YA","timestamp":"2023-11-09 14:27:34"},{"nodeID":"1361590","text":"Dominika: Tim Stanley: They don't want to go back to a corporatist model","type":"L","timestamp":"2023-11-09 14:27:34"},{"nodeID":"1361591","text":"Asserting","type":"YA","timestamp":"2023-11-09 14:27:34"},{"nodeID":"1361592","text":"Default Rephrase","type":"MA","timestamp":"2023-11-09 14:27:34"},{"nodeID":"1361593","text":"Default Transition","type":"TA","timestamp":"2023-11-09 14:27:34"},{"nodeID":"1361594","text":"Restating","type":"YA","timestamp":"2023-11-09 14:27:34"},{"nodeID":"1361595","text":"finally the Government are frightened, they're scared of services grinding to a halt because of strike action","type":"I","timestamp":"2023-11-09 14:27:35"},{"nodeID":"1361596","text":"Tim Stanley: finally they're frightened, they're scared of services grinding to a halt because of strike action","type":"L","timestamp":"2023-11-09 14:27:35"},{"nodeID":"1361597","text":"Analysing","type":"YA","timestamp":"2023-11-09 14:27:35"},{"nodeID":"1361598","text":"Dominika: Tim Stanley: finally they're frightened, they're scared of services grinding to a halt because of strike action","type":"L","timestamp":"2023-11-09 14:27:35"},{"nodeID":"1361599","text":"Asserting","type":"YA","timestamp":"2023-11-09 14:27:35"},{"nodeID":"1361600","text":"Default Transition","type":"TA","timestamp":"2023-11-09 14:27:35"},{"nodeID":"1361601","text":"Default Rephrase","type":"MA","timestamp":"2023-11-09 14:27:35"},{"nodeID":"1361602","text":"Restating","type":"YA","timestamp":"2023-11-09 14:27:35"},{"nodeID":"1361603","text":"for anyone who's for instance been grounded for the last few weeks by train strikes, being scared of services grinding to a halt because of strike action is perfectly reasonable","type":"I","timestamp":"2023-11-09 14:27:35"},{"nodeID":"1361604","text":"Tim Stanley: for anyone who's for instance been grounded for the last few weeks by train strikes, that's a perfectly reasonable concern","type":"L","timestamp":"2023-11-09 14:27:35"},{"nodeID":"1361605","text":"Analysing","type":"YA","timestamp":"2023-11-09 14:27:35"},{"nodeID":"1361606","text":"Dominika: Tim Stanley: for anyone who's for instance been grounded for the last few weeks by train strikes, that's a perfectly reasonable concern","type":"L","timestamp":"2023-11-09 14:27:35"},{"nodeID":"1361607","text":"Asserting","type":"YA","timestamp":"2023-11-09 14:27:35"},{"nodeID":"1361608","text":"Default Transition","type":"TA","timestamp":"2023-11-09 14:27:35"},{"nodeID":"1361609","text":"Default Rephrase","type":"MA","timestamp":"2023-11-09 14:27:35"},{"nodeID":"1361610","text":"Restating","type":"YA","timestamp":"2023-11-09 14:27:35"},{"nodeID":"1361611","text":"there is a problem with the withdrawal of labour","type":"I","timestamp":"2023-11-09 14:27:36"},{"nodeID":"1361612","text":"Tim Stanley: The problem with the withdrawal of labour","type":"L","timestamp":"2023-11-09 14:27:36"},{"nodeID":"1361613","text":"Analysing","type":"YA","timestamp":"2023-11-09 14:27:36"},{"nodeID":"1361614","text":"Dominika: Tim Stanley: The problem with the withdrawal of labour","type":"L","timestamp":"2023-11-09 14:27:36"},{"nodeID":"1361615","text":"Asserting","type":"YA","timestamp":"2023-11-09 14:27:36"},{"nodeID":"1361616","text":"Default Transition","type":"TA","timestamp":"2023-11-09 14:27:36"},{"nodeID":"1361617","text":"withdrawal of labour is a democratic right","type":"I","timestamp":"2023-11-09 14:27:37"},{"nodeID":"1361618","text":"Tim Stanley: which is a democratic right","type":"L","timestamp":"2023-11-09 14:27:37"},{"nodeID":"1361619","text":"Analysing","type":"YA","timestamp":"2023-11-09 14:27:37"},{"nodeID":"1361620","text":"Dominika: Tim Stanley: which is a democratic right","type":"L","timestamp":"2023-11-09 14:27:37"},{"nodeID":"1361621","text":"Asserting","type":"YA","timestamp":"2023-11-09 14:27:37"},{"nodeID":"1361622","text":"Default Transition","type":"TA","timestamp":"2023-11-09 14:27:37"},{"nodeID":"1361623","text":"one wants to sustain a right to withdrawal of labour, one wants to keep it of course","type":"I","timestamp":"2023-11-09 14:27:37"},{"nodeID":"1361624","text":"Tim Stanley: one wants to sustain it, one wants to keep it of course","type":"L","timestamp":"2023-11-09 14:27:37"},{"nodeID":"1361625","text":"Analysing","type":"YA","timestamp":"2023-11-09 14:27:37"},{"nodeID":"1361626","text":"Dominika: Tim Stanley: one wants to sustain it, one wants to keep it of course","type":"L","timestamp":"2023-11-09 14:27:37"},{"nodeID":"1361627","text":"Asserting","type":"YA","timestamp":"2023-11-09 14:27:37"},{"nodeID":"1361628","text":"Default Transition","type":"TA","timestamp":"2023-11-09 14:27:37"},{"nodeID":"1361629","text":"Default Rephrase","type":"MA","timestamp":"2023-11-09 14:27:37"},{"nodeID":"1361630","text":"Restating","type":"YA","timestamp":"2023-11-09 14:27:37"},{"nodeID":"1361631","text":"a train driver goes on strike and it stops a service from running","type":"I","timestamp":"2023-11-09 14:27:38"},{"nodeID":"1361632","text":"Tim Stanley: a train driver goes on strike and it stops a service from running","type":"L","timestamp":"2023-11-09 14:27:38"},{"nodeID":"1361633","text":"Analysing","type":"YA","timestamp":"2023-11-09 14:27:38"},{"nodeID":"1361634","text":"Dominika: Tim Stanley: a train driver goes on strike and it stops a service from running","type":"L","timestamp":"2023-11-09 14:27:38"},{"nodeID":"1361635","text":"Asserting","type":"YA","timestamp":"2023-11-09 14:27:38"},{"nodeID":"1361636","text":"Default Transition","type":"TA","timestamp":"2023-11-09 14:27:38"},{"nodeID":"1361637","text":"Default Rephrase","type":"MA","timestamp":"2023-11-09 14:27:38"},{"nodeID":"1361638","text":"Restating","type":"YA","timestamp":"2023-11-09 14:27:38"},{"nodeID":"1361639","text":"people doing their job are affected","type":"I","timestamp":"2023-11-09 14:27:38"},{"nodeID":"1361640","text":"Tim Stanley: that has an effect upon people doing their job","type":"L","timestamp":"2023-11-09 14:27:38"},{"nodeID":"1361641","text":"Analysing","type":"YA","timestamp":"2023-11-09 14:27:38"},{"nodeID":"1361642","text":"Dominika: Tim Stanley: that has an effect upon people doing their job","type":"L","timestamp":"2023-11-09 14:27:38"},{"nodeID":"1361643","text":"Asserting","type":"YA","timestamp":"2023-11-09 14:27:38"},{"nodeID":"1361644","text":"Default Transition","type":"TA","timestamp":"2023-11-09 14:27:38"},{"nodeID":"1361645","text":"Default Inference","type":"RA","timestamp":"2023-11-09 14:27:38"},{"nodeID":"1361646","text":"Arguing","type":"YA","timestamp":"2023-11-09 14:27:38"},{"nodeID":"1361647","text":"strike has an effect upon people doing their job being able to access health","type":"I","timestamp":"2023-11-09 14:27:39"},{"nodeID":"1361648","text":"Tim Stanley: It has an effect upon them being able to access health","type":"L","timestamp":"2023-11-09 14:27:39"},{"nodeID":"1361649","text":"Analysing","type":"YA","timestamp":"2023-11-09 14:27:39"},{"nodeID":"1361650","text":"Dominika: Tim Stanley: It has an effect upon them being able to access health","type":"L","timestamp":"2023-11-09 14:27:39"},{"nodeID":"1361651","text":"Asserting","type":"YA","timestamp":"2023-11-09 14:27:39"},{"nodeID":"1361652","text":"Default Transition","type":"TA","timestamp":"2023-11-09 14:27:39"},{"nodeID":"1361653","text":"Default Rephrase","type":"MA","timestamp":"2023-11-09 14:27:39"},{"nodeID":"1361654","text":"Restating","type":"YA","timestamp":"2023-11-09 14:27:39"},{"nodeID":"1361655","text":"those train drivers are missing out on their pay too","type":"I","timestamp":"2023-11-09 14:27:40"},{"nodeID":"1361656","text":"Ash Sarkar: those train drivers are missing out on their pay too","type":"L","timestamp":"2023-11-09 14:27:40"},{"nodeID":"1361657","text":"Analysing","type":"YA","timestamp":"2023-11-09 14:27:40"},{"nodeID":"1361658","text":"Dominika: Ash Sarkar: those train drivers are missing out on their pay too","type":"L","timestamp":"2023-11-09 14:27:40"},{"nodeID":"1361659","text":"Asserting","type":"YA","timestamp":"2023-11-09 14:27:40"},{"nodeID":"1361660","text":"Default Transition","type":"TA","timestamp":"2023-11-09 14:27:40"},{"nodeID":"1361661","text":"a strike is not a decision to take lightly","type":"I","timestamp":"2023-11-09 14:27:40"},{"nodeID":"1361662","text":"Ash Sarkar: It's not a decision to take lightly","type":"L","timestamp":"2023-11-09 14:27:40"},{"nodeID":"1361663","text":"Analysing","type":"YA","timestamp":"2023-11-09 14:27:40"},{"nodeID":"1361664","text":"Dominika: Ash Sarkar: It's not a decision to take lightly","type":"L","timestamp":"2023-11-09 14:27:40"},{"nodeID":"1361665","text":"Asserting","type":"YA","timestamp":"2023-11-09 14:27:40"},{"nodeID":"1361666","text":"Default Inference","type":"RA","timestamp":"2023-11-09 14:27:40"},{"nodeID":"1361667","text":"Default Transition","type":"TA","timestamp":"2023-11-09 14:27:40"},{"nodeID":"1361668","text":"Arguing","type":"YA","timestamp":"2023-11-09 14:27:40"},{"nodeID":"1361669","text":"forcing people who don't want to work, to work is a step towards a police state","type":"I","timestamp":"2023-11-09 14:27:41"},{"nodeID":"1361670","text":"Tim Stanley: For the gentleman in the audience who said this is a step towards a police state","type":"L","timestamp":"2023-11-09 14:27:41"},{"nodeID":"1361671","text":"Analysing","type":"YA","timestamp":"2023-11-09 14:27:41"},{"nodeID":"1361672","text":"Dominika: Tim Stanley: For the gentleman in the audience who said this is a step towards a police state","type":"L","timestamp":"2023-11-09 14:27:41"},{"nodeID":"1361673","text":"AudienceMember 20230126QT16: forcing people who don't want to work, to work is a step towards a police state","type":"L","timestamp":"2023-11-09 14:27:41"},{"nodeID":"1361674","text":"Analysing","type":"YA","timestamp":"2023-11-09 14:27:41"},{"nodeID":"1361675","text":"Dominika: AudienceMember 20230126QT16: For the gentleman in the audience who said this is a step towards a police state","type":"L","timestamp":"2023-11-09 14:27:41"},{"nodeID":"1361676","text":"Asserting","type":"YA","timestamp":"2023-11-09 14:27:41"},{"nodeID":"1361677","text":"Asserting","type":"YA","timestamp":"2023-11-09 14:27:41"},{"nodeID":"1361678","text":"Default Transition","type":"TA","timestamp":"2023-11-09 14:27:41"},{"nodeID":"1361679","text":"forcing people who don't want to work, to work is not a step towards a police state","type":"I","timestamp":"2023-11-09 14:27:42"},{"nodeID":"1361680","text":"Tim Stanley:  it's not","type":"L","timestamp":"2023-11-09 14:27:42"},{"nodeID":"1361681","text":"Analysing","type":"YA","timestamp":"2023-11-09 14:27:42"},{"nodeID":"1361682","text":"Dominika: Tim Stanley:  it's not","type":"L","timestamp":"2023-11-09 14:27:42"},{"nodeID":"1361683","text":"Asserting","type":"YA","timestamp":"2023-11-09 14:27:42"},{"nodeID":"1361684","text":"several liberal democracies have these minimum service level arrangements already in place","type":"I","timestamp":"2023-11-09 14:27:42"},{"nodeID":"1361685","text":"Tim Stanley: several liberal democracies have these minimum service level arrangements already in place","type":"L","timestamp":"2023-11-09 14:27:42"},{"nodeID":"1361686","text":"Analysing","type":"YA","timestamp":"2023-11-09 14:27:42"},{"nodeID":"1361687","text":"Dominika: Tim Stanley: several liberal democracies have these minimum service level arrangements already in place","type":"L","timestamp":"2023-11-09 14:27:42"},{"nodeID":"1361688","text":"Asserting","type":"YA","timestamp":"2023-11-09 14:27:42"},{"nodeID":"1361689","text":"some of those liberal democracies go even further and ban strikes on frontline work altogether","type":"I","timestamp":"2023-11-09 14:27:43"},{"nodeID":"1361690","text":"Tim Stanley: some of those liberal democracies go even further and ban strikes on frontline work altogether","type":"L","timestamp":"2023-11-09 14:27:43"},{"nodeID":"1361691","text":"Analysing","type":"YA","timestamp":"2023-11-09 14:27:43"},{"nodeID":"1361692","text":"Dominika: Tim Stanley: some of those liberal democracies go even further and ban strikes on frontline work altogether","type":"L","timestamp":"2023-11-09 14:27:43"},{"nodeID":"1361693","text":"Asserting","type":"YA","timestamp":"2023-11-09 14:27:43"},{"nodeID":"1361694","text":"Default Transition","type":"TA","timestamp":"2023-11-09 14:27:43"},{"nodeID":"1361695","text":"Default Conflict","type":"CA","timestamp":"2023-11-09 14:27:43"},{"nodeID":"1361696","text":"Disagreeing","type":"YA","timestamp":"2023-11-09 14:27:43"},{"nodeID":"1361697","text":"Default Transition","type":"TA","timestamp":"2023-11-09 14:27:43"},{"nodeID":"1361698","text":"Default Transition","type":"TA","timestamp":"2023-11-09 14:27:43"},{"nodeID":"1361699","text":"Default Inference","type":"RA","timestamp":"2023-11-09 14:27:43"},{"nodeID":"1361700","text":"Arguing","type":"YA","timestamp":"2023-11-09 14:27:43"},{"nodeID":"1361701","text":"Default Inference","type":"RA","timestamp":"2023-11-09 14:27:43"},{"nodeID":"1361702","text":"Arguing","type":"YA","timestamp":"2023-11-09 14:27:43"}],"edges":[{"edgeID":"1782122","fromID":"1361563","toID":"1361562","formEdgeID":null},{"edgeID":"1782123","fromID":"1361564","toID":"1361563","formEdgeID":null},{"edgeID":"1782124","fromID":"1361562","toID":"1361565","formEdgeID":null},{"edgeID":"1782125","fromID":"1361565","toID":"1361561","formEdgeID":null},{"edgeID":"1782126","fromID":"1361568","toID":"1361567","formEdgeID":null},{"edgeID":"1782127","fromID":"1361569","toID":"1361568","formEdgeID":null},{"edgeID":"1782128","fromID":"1361567","toID":"1361570","formEdgeID":null},{"edgeID":"1782129","fromID":"1361570","toID":"1361566","formEdgeID":null},{"edgeID":"1782130","fromID":"1361562","toID":"1361571","formEdgeID":null},{"edgeID":"1782131","fromID":"1361571","toID":"1361567","formEdgeID":null},{"edgeID":"1782132","fromID":"1361566","toID":"1361572","formEdgeID":null},{"edgeID":"1782133","fromID":"1361572","toID":"1361561","formEdgeID":null},{"edgeID":"1782134","fromID":"1361571","toID":"1361573","formEdgeID":null},{"edgeID":"1782135","fromID":"1361573","toID":"1361572","formEdgeID":null},{"edgeID":"1782136","fromID":"1361576","toID":"1361575","formEdgeID":null},{"edgeID":"1782137","fromID":"1361577","toID":"1361576","formEdgeID":null},{"edgeID":"1782138","fromID":"1361575","toID":"1361578","formEdgeID":null},{"edgeID":"1782139","fromID":"1361578","toID":"1361574","formEdgeID":null},{"edgeID":"1782140","fromID":"1361574","toID":"1361579","formEdgeID":null},{"edgeID":"1782141","fromID":"1361579","toID":"1361566","formEdgeID":null},{"edgeID":"1782142","fromID":"1361567","toID":"1361580","formEdgeID":null},{"edgeID":"1782143","fromID":"1361580","toID":"1361575","formEdgeID":null},{"edgeID":"1782144","fromID":"1361580","toID":"1361581","formEdgeID":null},{"edgeID":"1782145","fromID":"1361581","toID":"1361579","formEdgeID":null},{"edgeID":"1782146","fromID":"1361583","toID":"1361582","formEdgeID":null},{"edgeID":"1782147","fromID":"1361584","toID":"1361583","formEdgeID":null},{"edgeID":"1782148","fromID":"1361575","toID":"1361585","formEdgeID":null},{"edgeID":"1782149","fromID":"1361585","toID":"1361582","formEdgeID":null},{"edgeID":"1782150","fromID":"1361582","toID":"1361586","formEdgeID":null},{"edgeID":"1782151","fromID":"1361586","toID":"1361574","formEdgeID":null},{"edgeID":"1782152","fromID":"1361589","toID":"1361588","formEdgeID":null},{"edgeID":"1782153","fromID":"1361590","toID":"1361589","formEdgeID":null},{"edgeID":"1782154","fromID":"1361588","toID":"1361591","formEdgeID":null},{"edgeID":"1782155","fromID":"1361591","toID":"1361587","formEdgeID":null},{"edgeID":"1782156","fromID":"1361587","toID":"1361592","formEdgeID":null},{"edgeID":"1782157","fromID":"1361592","toID":"1361574","formEdgeID":null},{"edgeID":"1782158","fromID":"1361575","toID":"1361593","formEdgeID":null},{"edgeID":"1782159","fromID":"1361593","toID":"1361588","formEdgeID":null},{"edgeID":"1782160","fromID":"1361593","toID":"1361594","formEdgeID":null},{"edgeID":"1782161","fromID":"1361594","toID":"1361592","formEdgeID":null},{"edgeID":"1782162","fromID":"1361597","toID":"1361596","formEdgeID":null},{"edgeID":"1782163","fromID":"1361598","toID":"1361597","formEdgeID":null},{"edgeID":"1782164","fromID":"1361596","toID":"1361599","formEdgeID":null},{"edgeID":"1782165","fromID":"1361599","toID":"1361595","formEdgeID":null},{"edgeID":"1782166","fromID":"1361588","toID":"1361600","formEdgeID":null},{"edgeID":"1782167","fromID":"1361600","toID":"1361596","formEdgeID":null},{"edgeID":"1782168","fromID":"1361595","toID":"1361601","formEdgeID":null},{"edgeID":"1782169","fromID":"1361601","toID":"1361587","formEdgeID":null},{"edgeID":"1782170","fromID":"1361600","toID":"1361602","formEdgeID":null},{"edgeID":"1782171","fromID":"1361602","toID":"1361601","formEdgeID":null},{"edgeID":"1782172","fromID":"1361605","toID":"1361604","formEdgeID":null},{"edgeID":"1782173","fromID":"1361606","toID":"1361605","formEdgeID":null},{"edgeID":"1782174","fromID":"1361604","toID":"1361607","formEdgeID":null},{"edgeID":"1782175","fromID":"1361607","toID":"1361603","formEdgeID":null},{"edgeID":"1782176","fromID":"1361596","toID":"1361608","formEdgeID":null},{"edgeID":"1782177","fromID":"1361608","toID":"1361604","formEdgeID":null},{"edgeID":"1782178","fromID":"1361603","toID":"1361609","formEdgeID":null},{"edgeID":"1782179","fromID":"1361609","toID":"1361595","formEdgeID":null},{"edgeID":"1782180","fromID":"1361608","toID":"1361610","formEdgeID":null},{"edgeID":"1782181","fromID":"1361610","toID":"1361609","formEdgeID":null},{"edgeID":"1782182","fromID":"1361613","toID":"1361612","formEdgeID":null},{"edgeID":"1782183","fromID":"1361614","toID":"1361613","formEdgeID":null},{"edgeID":"1782184","fromID":"1361612","toID":"1361615","formEdgeID":null},{"edgeID":"1782185","fromID":"1361615","toID":"1361611","formEdgeID":null},{"edgeID":"1782186","fromID":"1361604","toID":"1361616","formEdgeID":null},{"edgeID":"1782187","fromID":"1361616","toID":"1361612","formEdgeID":null},{"edgeID":"1782188","fromID":"1361619","toID":"1361618","formEdgeID":null},{"edgeID":"1782189","fromID":"1361620","toID":"1361619","formEdgeID":null},{"edgeID":"1782190","fromID":"1361618","toID":"1361621","formEdgeID":null},{"edgeID":"1782191","fromID":"1361621","toID":"1361617","formEdgeID":null},{"edgeID":"1782192","fromID":"1361612","toID":"1361622","formEdgeID":null},{"edgeID":"1782193","fromID":"1361622","toID":"1361618","formEdgeID":null},{"edgeID":"1782194","fromID":"1361625","toID":"1361624","formEdgeID":null},{"edgeID":"1782195","fromID":"1361626","toID":"1361625","formEdgeID":null},{"edgeID":"1782196","fromID":"1361624","toID":"1361627","formEdgeID":null},{"edgeID":"1782197","fromID":"1361627","toID":"1361623","formEdgeID":null},{"edgeID":"1782198","fromID":"1361618","toID":"1361628","formEdgeID":null},{"edgeID":"1782199","fromID":"1361628","toID":"1361624","formEdgeID":null},{"edgeID":"1782200","fromID":"1361623","toID":"1361629","formEdgeID":null},{"edgeID":"1782201","fromID":"1361629","toID":"1361617","formEdgeID":null},{"edgeID":"1782202","fromID":"1361628","toID":"1361630","formEdgeID":null},{"edgeID":"1782203","fromID":"1361630","toID":"1361629","formEdgeID":null},{"edgeID":"1782204","fromID":"1361633","toID":"1361632","formEdgeID":null},{"edgeID":"1782205","fromID":"1361634","toID":"1361633","formEdgeID":null},{"edgeID":"1782206","fromID":"1361632","toID":"1361635","formEdgeID":null},{"edgeID":"1782207","fromID":"1361635","toID":"1361631","formEdgeID":null},{"edgeID":"1782208","fromID":"1361612","toID":"1361636","formEdgeID":null},{"edgeID":"1782209","fromID":"1361636","toID":"1361632","formEdgeID":null},{"edgeID":"1782210","fromID":"1361631","toID":"1361637","formEdgeID":null},{"edgeID":"1782211","fromID":"1361637","toID":"1361611","formEdgeID":null},{"edgeID":"1782212","fromID":"1361636","toID":"1361638","formEdgeID":null},{"edgeID":"1782213","fromID":"1361638","toID":"1361637","formEdgeID":null},{"edgeID":"1782214","fromID":"1361641","toID":"1361640","formEdgeID":null},{"edgeID":"1782215","fromID":"1361642","toID":"1361641","formEdgeID":null},{"edgeID":"1782216","fromID":"1361640","toID":"1361643","formEdgeID":null},{"edgeID":"1782217","fromID":"1361643","toID":"1361639","formEdgeID":null},{"edgeID":"1782218","fromID":"1361632","toID":"1361644","formEdgeID":null},{"edgeID":"1782219","fromID":"1361644","toID":"1361640","formEdgeID":null},{"edgeID":"1782220","fromID":"1361631","toID":"1361645","formEdgeID":null},{"edgeID":"1782221","fromID":"1361645","toID":"1361639","formEdgeID":null},{"edgeID":"1782222","fromID":"1361644","toID":"1361646","formEdgeID":null},{"edgeID":"1782223","fromID":"1361646","toID":"1361645","formEdgeID":null},{"edgeID":"1782224","fromID":"1361649","toID":"1361648","formEdgeID":null},{"edgeID":"1782225","fromID":"1361650","toID":"1361649","formEdgeID":null},{"edgeID":"1782226","fromID":"1361648","toID":"1361651","formEdgeID":null},{"edgeID":"1782227","fromID":"1361651","toID":"1361647","formEdgeID":null},{"edgeID":"1782228","fromID":"1361640","toID":"1361652","formEdgeID":null},{"edgeID":"1782229","fromID":"1361652","toID":"1361648","formEdgeID":null},{"edgeID":"1782230","fromID":"1361647","toID":"1361653","formEdgeID":null},{"edgeID":"1782231","fromID":"1361653","toID":"1361639","formEdgeID":null},{"edgeID":"1782232","fromID":"1361652","toID":"1361654","formEdgeID":null},{"edgeID":"1782233","fromID":"1361654","toID":"1361653","formEdgeID":null},{"edgeID":"1782234","fromID":"1361657","toID":"1361656","formEdgeID":null},{"edgeID":"1782235","fromID":"1361658","toID":"1361657","formEdgeID":null},{"edgeID":"1782236","fromID":"1361656","toID":"1361659","formEdgeID":null},{"edgeID":"1782237","fromID":"1361659","toID":"1361655","formEdgeID":null},{"edgeID":"1782238","fromID":"1361648","toID":"1361660","formEdgeID":null},{"edgeID":"1782239","fromID":"1361660","toID":"1361656","formEdgeID":null},{"edgeID":"1782240","fromID":"1361663","toID":"1361662","formEdgeID":null},{"edgeID":"1782241","fromID":"1361664","toID":"1361663","formEdgeID":null},{"edgeID":"1782242","fromID":"1361662","toID":"1361665","formEdgeID":null},{"edgeID":"1782243","fromID":"1361665","toID":"1361661","formEdgeID":null},{"edgeID":"1782244","fromID":"1361661","toID":"1361666","formEdgeID":null},{"edgeID":"1782245","fromID":"1361666","toID":"1361655","formEdgeID":null},{"edgeID":"1782246","fromID":"1361656","toID":"1361667","formEdgeID":null},{"edgeID":"1782247","fromID":"1361667","toID":"1361662","formEdgeID":null},{"edgeID":"1782248","fromID":"1361667","toID":"1361668","formEdgeID":null},{"edgeID":"1782249","fromID":"1361668","toID":"1361666","formEdgeID":null},{"edgeID":"1782250","fromID":"1361671","toID":"1361670","formEdgeID":null},{"edgeID":"1782251","fromID":"1361672","toID":"1361671","formEdgeID":null},{"edgeID":"1782252","fromID":"1361674","toID":"1361673","formEdgeID":null},{"edgeID":"1782253","fromID":"1361675","toID":"1361674","formEdgeID":null},{"edgeID":"1782254","fromID":"1361673","toID":"1361676","formEdgeID":null},{"edgeID":"1782255","fromID":"1361676","toID":"1361669","formEdgeID":null},{"edgeID":"1782256","fromID":"1361670","toID":"1361677","formEdgeID":null},{"edgeID":"1782257","fromID":"1361677","toID":"1361673","formEdgeID":null},{"edgeID":"1782258","fromID":"1361662","toID":"1361678","formEdgeID":null},{"edgeID":"1782259","fromID":"1361678","toID":"1361670","formEdgeID":null},{"edgeID":"1782260","fromID":"1361681","toID":"1361680","formEdgeID":null},{"edgeID":"1782261","fromID":"1361682","toID":"1361681","formEdgeID":null},{"edgeID":"1782262","fromID":"1361680","toID":"1361683","formEdgeID":null},{"edgeID":"1782263","fromID":"1361683","toID":"1361679","formEdgeID":null},{"edgeID":"1782264","fromID":"1361686","toID":"1361685","formEdgeID":null},{"edgeID":"1782265","fromID":"1361687","toID":"1361686","formEdgeID":null},{"edgeID":"1782266","fromID":"1361685","toID":"1361688","formEdgeID":null},{"edgeID":"1782267","fromID":"1361688","toID":"1361684","formEdgeID":null},{"edgeID":"1782268","fromID":"1361691","toID":"1361690","formEdgeID":null},{"edgeID":"1782269","fromID":"1361692","toID":"1361691","formEdgeID":null},{"edgeID":"1782270","fromID":"1361690","toID":"1361693","formEdgeID":null},{"edgeID":"1782271","fromID":"1361693","toID":"1361689","formEdgeID":null},{"edgeID":"1782272","fromID":"1361670","toID":"1361694","formEdgeID":null},{"edgeID":"1782273","fromID":"1361694","toID":"1361680","formEdgeID":null},{"edgeID":"1782274","fromID":"1361679","toID":"1361695","formEdgeID":null},{"edgeID":"1782275","fromID":"1361695","toID":"1361669","formEdgeID":null},{"edgeID":"1782276","fromID":"1361694","toID":"1361696","formEdgeID":null},{"edgeID":"1782277","fromID":"1361696","toID":"1361695","formEdgeID":null},{"edgeID":"1782278","fromID":"1361680","toID":"1361697","formEdgeID":null},{"edgeID":"1782279","fromID":"1361697","toID":"1361685","formEdgeID":null},{"edgeID":"1782280","fromID":"1361680","toID":"1361698","formEdgeID":null},{"edgeID":"1782281","fromID":"1361698","toID":"1361690","formEdgeID":null},{"edgeID":"1782282","fromID":"1361684","toID":"1361699","formEdgeID":null},{"edgeID":"1782283","fromID":"1361699","toID":"1361679","formEdgeID":null},{"edgeID":"1782284","fromID":"1361697","toID":"1361700","formEdgeID":null},{"edgeID":"1782285","fromID":"1361700","toID":"1361699","formEdgeID":null},{"edgeID":"1782286","fromID":"1361689","toID":"1361701","formEdgeID":null},{"edgeID":"1782287","fromID":"1361701","toID":"1361679","formEdgeID":null},{"edgeID":"1782288","fromID":"1361698","toID":"1361702","formEdgeID":null},{"edgeID":"1782289","fromID":"1361702","toID":"1361701","formEdgeID":null}],"locutions":[]}