{"nodes":[{"nodeID":"1358768","text":"it took time after 1997 and Labour fixed it and we transformed the NHS, and we will do it again","type":"I","timestamp":"2023-11-09 14:23:04"},{"nodeID":"1358769","text":"Bridget Phillipson: It took time after 1997 and we fixed it and we transformed the NHS, and we will do it again","type":"L","timestamp":"2023-11-09 14:23:04"},{"nodeID":"1358770","text":"Analysing","type":"YA","timestamp":"2023-11-09 14:23:04"},{"nodeID":"1358771","text":"Fyfe: Bridget Phillipson: It took time after 1997 and we fixed it and we transformed the NHS, and we will do it again","type":"L","timestamp":"2023-11-09 14:23:04"},{"nodeID":"1358772","text":"Asserting","type":"YA","timestamp":"2023-11-09 14:23:04"},{"nodeID":"1358773","text":"fixing the NHS will come down to workforce","type":"I","timestamp":"2023-11-09 14:23:05"},{"nodeID":"1358774","text":"Bridget Phillipson: that will come down to workforce","type":"L","timestamp":"2023-11-09 14:23:05"},{"nodeID":"1358775","text":"Analysing","type":"YA","timestamp":"2023-11-09 14:23:05"},{"nodeID":"1358776","text":"Fyfe: Bridget Phillipson: that will come down to workforce","type":"L","timestamp":"2023-11-09 14:23:05"},{"nodeID":"1358777","text":"Asserting","type":"YA","timestamp":"2023-11-09 14:23:05"},{"nodeID":"1358778","text":"Default Transition","type":"TA","timestamp":"2023-11-09 14:23:05"},{"nodeID":"1358779","text":"we need more doctors, we need more nurses, we need to change the way that the NHS works","type":"I","timestamp":"2023-11-09 14:23:05"},{"nodeID":"1358780","text":"Bridget Phillipson: We need more doctors, we need more nurses, we need to change the way that the NHS works","type":"L","timestamp":"2023-11-09 14:23:05"},{"nodeID":"1358781","text":"Analysing","type":"YA","timestamp":"2023-11-09 14:23:05"},{"nodeID":"1358782","text":"Fyfe: Bridget Phillipson: We need more doctors, we need more nurses, we need to change the way that the NHS works","type":"L","timestamp":"2023-11-09 14:23:05"},{"nodeID":"1358783","text":"Asserting","type":"YA","timestamp":"2023-11-09 14:23:05"},{"nodeID":"1358784","text":"Default Transition","type":"TA","timestamp":"2023-11-09 14:23:05"},{"nodeID":"1358785","text":"Default Rephrase","type":"MA","timestamp":"2023-11-09 14:23:05"},{"nodeID":"1358786","text":"Restating","type":"YA","timestamp":"2023-11-09 14:23:05"},{"nodeID":"1358787","text":"that's why Labour has set out the most ambitious plan for a generation around recruiting that next generation of doctors and nurses","type":"I","timestamp":"2023-11-09 14:23:06"},{"nodeID":"1358788","text":"Bridget Phillipson: that's why we've set out the most ambitious plan for a generation around recruiting that next generation of doctors and nurses","type":"L","timestamp":"2023-11-09 14:23:06"},{"nodeID":"1358789","text":"Analysing","type":"YA","timestamp":"2023-11-09 14:23:06"},{"nodeID":"1358790","text":"Fyfe: Bridget Phillipson: that's why we've set out the most ambitious plan for a generation around recruiting that next generation of doctors and nurses","type":"L","timestamp":"2023-11-09 14:23:06"},{"nodeID":"1358791","text":"Asserting","type":"YA","timestamp":"2023-11-09 14:23:06"},{"nodeID":"1358792","text":"Default Transition","type":"TA","timestamp":"2023-11-09 14:23:06"},{"nodeID":"1358793","text":"Default Transition","type":"TA","timestamp":"2023-11-09 14:23:06"},{"nodeID":"1358794","text":"we need to recruit so that those colleagues already working in the NHS have got that extra backup","type":"I","timestamp":"2023-11-09 14:23:07"},{"nodeID":"1358795","text":"Bridget Phillipson: So that those colleagues already working in the NHS have got that extra backup","type":"L","timestamp":"2023-11-09 14:23:07"},{"nodeID":"1358796","text":"Analysing","type":"YA","timestamp":"2023-11-09 14:23:07"},{"nodeID":"1358797","text":"Fyfe: Bridget Phillipson: So that those colleagues already working in the NHS have got that extra backup","type":"L","timestamp":"2023-11-09 14:23:07"},{"nodeID":"1358798","text":"Asserting","type":"YA","timestamp":"2023-11-09 14:23:07"},{"nodeID":"1358799","text":"Default Transition","type":"TA","timestamp":"2023-11-09 14:23:07"},{"nodeID":"1358800","text":"Default Inference","type":"RA","timestamp":"2023-11-09 14:23:07"},{"nodeID":"1358801","text":"Arguing","type":"YA","timestamp":"2023-11-09 14:23:07"},{"nodeID":"1358802","text":"Default Inference","type":"RA","timestamp":"2023-11-09 14:23:07"},{"nodeID":"1358803","text":"Arguing","type":"YA","timestamp":"2023-11-09 14:23:07"},{"nodeID":"1358804","text":"the NHS is losing people in their droves because the pressure is just enormous","type":"I","timestamp":"2023-11-09 14:23:08"},{"nodeID":"1358805","text":"Bridget Phillipson: we are losing people in their droves because the pressure is just enormous","type":"L","timestamp":"2023-11-09 14:23:08"},{"nodeID":"1358806","text":"Analysing","type":"YA","timestamp":"2023-11-09 14:23:08"},{"nodeID":"1358807","text":"Fyfe: Bridget Phillipson: we are losing people in their droves because the pressure is just enormous","type":"L","timestamp":"2023-11-09 14:23:08"},{"nodeID":"1358808","text":"Asserting","type":"YA","timestamp":"2023-11-09 14:23:08"},{"nodeID":"1358809","text":"Default Transition","type":"TA","timestamp":"2023-11-09 14:23:08"},{"nodeID":"1358810","text":"nobody goes into public service or goes to work in the NHS to come home feeling that they've let people down or that they're burnt out or that they can't cope","type":"I","timestamp":"2023-11-09 14:23:09"},{"nodeID":"1358811","text":"Bridget Phillipson:  nobody goes into public service or goes to work in the NHS to come home feeling that they've let people down or that they're burnt out or that they can't cope","type":"L","timestamp":"2023-11-09 14:23:09"},{"nodeID":"1358812","text":"Analysing","type":"YA","timestamp":"2023-11-09 14:23:09"},{"nodeID":"1358813","text":"Fyfe: Bridget Phillipson:  nobody goes into public service or goes to work in the NHS to come home feeling that they've let people down or that they're burnt out or that they can't cope","type":"L","timestamp":"2023-11-09 14:23:09"},{"nodeID":"1358814","text":"Asserting","type":"YA","timestamp":"2023-11-09 14:23:09"},{"nodeID":"1358815","text":"Default Transition","type":"TA","timestamp":"2023-11-09 14:23:09"},{"nodeID":"1358816","text":"the pressure is why people leave","type":"I","timestamp":"2023-11-09 14:23:10"},{"nodeID":"1358817","text":"Bridget Phillipson: that's why people leave","type":"L","timestamp":"2023-11-09 14:23:10"},{"nodeID":"1358818","text":"Analysing","type":"YA","timestamp":"2023-11-09 14:23:10"},{"nodeID":"1358819","text":"Fyfe: Bridget Phillipson: that's why people leave","type":"L","timestamp":"2023-11-09 14:23:10"},{"nodeID":"1358820","text":"Asserting","type":"YA","timestamp":"2023-11-09 14:23:10"},{"nodeID":"1358821","text":"Default Transition","type":"TA","timestamp":"2023-11-09 14:23:10"},{"nodeID":"1358822","text":"Default Inference","type":"RA","timestamp":"2023-11-09 14:23:10"},{"nodeID":"1358823","text":"Arguing","type":"YA","timestamp":"2023-11-09 14:23:10"},{"nodeID":"1358824","text":"to recruit all these extra people will you expect people to pay more taxes to pay for NHS recruitment costs","type":"I","timestamp":"2023-11-09 14:23:11"},{"nodeID":"1358825","text":"Fiona Bruce: to recruit all these extra people will you expect people to pay more taxes to pay for that","type":"L","timestamp":"2023-11-09 14:23:11"},{"nodeID":"1358826","text":"Analysing","type":"YA","timestamp":"2023-11-09 14:23:11"},{"nodeID":"1358827","text":"Fyfe: Fiona Bruce: to recruit all these extra people will you expect people to pay more taxes to pay for that","type":"L","timestamp":"2023-11-09 14:23:11"},{"nodeID":"1358828","text":"Assertive Questioning","type":"YA","timestamp":"2023-11-09 14:23:11"},{"nodeID":"1358829","text":"Default Transition","type":"TA","timestamp":"2023-11-09 14:23:11"},{"nodeID":"1358830","text":"we would fund the recruiting by ending the non-dom tax status","type":"I","timestamp":"2023-11-09 14:23:11"},{"nodeID":"1358831","text":"Bridget Phillipson: we would fund that by ending the non-dom tax status","type":"L","timestamp":"2023-11-09 14:23:11"},{"nodeID":"1358832","text":"Analysing","type":"YA","timestamp":"2023-11-09 14:23:11"},{"nodeID":"1358833","text":"Fyfe: Bridget Phillipson: we would fund that by ending the non-dom tax status. So people that are the wealthiest in our society","type":"L","timestamp":"2023-11-09 14:23:11"},{"nodeID":"1358834","text":"Asserting","type":"YA","timestamp":"2023-11-09 14:23:11"},{"nodeID":"1358835","text":"Default Transition","type":"TA","timestamp":"2023-11-09 14:23:11"},{"nodeID":"1358836","text":"Default Conflict","type":"CA","timestamp":"2023-11-09 14:23:11"},{"nodeID":"1358837","text":"Disagreeing","type":"YA","timestamp":"2023-11-09 14:23:11"},{"nodeID":"1358838","text":"ending non-dom tax status is not going to cover NHS recruitment costs though","type":"I","timestamp":"2023-11-09 14:23:12"},{"nodeID":"1358839","text":"Fiona Bruce:  That's not going to cover it all though","type":"L","timestamp":"2023-11-09 14:23:12"},{"nodeID":"1358840","text":"Analysing","type":"YA","timestamp":"2023-11-09 14:23:12"},{"nodeID":"1358841","text":"Fyfe: Fiona Bruce:  That's not going to cover it all though","type":"L","timestamp":"2023-11-09 14:23:12"},{"nodeID":"1358842","text":"Asserting","type":"YA","timestamp":"2023-11-09 14:23:12"},{"nodeID":"1358843","text":"Default Transition","type":"TA","timestamp":"2023-11-09 14:23:12"},{"nodeID":"1358844","text":"Default Conflict","type":"CA","timestamp":"2023-11-09 14:23:12"},{"nodeID":"1358845","text":"ending non-dom tax status will absolutely cover NHS recruitment costs","type":"I","timestamp":"2023-11-09 14:23:13"},{"nodeID":"1358846","text":"Bridget Phillipson:  It will absolutely","type":"L","timestamp":"2023-11-09 14:23:13"},{"nodeID":"1358847","text":"Analysing","type":"YA","timestamp":"2023-11-09 14:23:13"},{"nodeID":"1358848","text":"Fyfe: Bridget Phillipson:  It will absolutely","type":"L","timestamp":"2023-11-09 14:23:13"},{"nodeID":"1358849","text":"Asserting","type":"YA","timestamp":"2023-11-09 14:23:13"},{"nodeID":"1358850","text":"Default Transition","type":"TA","timestamp":"2023-11-09 14:23:13"},{"nodeID":"1358851","text":"Default Conflict","type":"CA","timestamp":"2023-11-09 14:23:13"},{"nodeID":"1358852","text":"Disagreeing","type":"YA","timestamp":"2023-11-09 14:23:13"},{"nodeID":"1358853","text":"Disagreeing","type":"YA","timestamp":"2023-11-09 14:23:13"},{"nodeID":"1358854","text":"ending non-dom tax status doesn't touch the sides for NHS recruitment costs","type":"I","timestamp":"2023-11-09 14:23:14"},{"nodeID":"1358855","text":"Alex Chalk: It doesn't touch the sides","type":"L","timestamp":"2023-11-09 14:23:14"},{"nodeID":"1358856","text":"Analysing","type":"YA","timestamp":"2023-11-09 14:23:14"},{"nodeID":"1358857","text":"Fyfe: Alex Chalk: It doesn't touch the sides","type":"L","timestamp":"2023-11-09 14:23:14"},{"nodeID":"1358858","text":"Asserting","type":"YA","timestamp":"2023-11-09 14:23:14"},{"nodeID":"1358859","text":"Default Transition","type":"TA","timestamp":"2023-11-09 14:23:14"},{"nodeID":"1358860","text":"Default Conflict","type":"CA","timestamp":"2023-11-09 14:23:14"},{"nodeID":"1358861","text":"Disagreeing","type":"YA","timestamp":"2023-11-09 14:23:14"},{"nodeID":"1358862","text":"ending non-dom tax status does cover NHS recruitment costs","type":"I","timestamp":"2023-11-09 14:23:15"},{"nodeID":"1358863","text":"Bridget Phillipson: No, it does cover it all","type":"L","timestamp":"2023-11-09 14:23:15"},{"nodeID":"1358864","text":"Analysing","type":"YA","timestamp":"2023-11-09 14:23:15"},{"nodeID":"1358865","text":"Fyfe: Bridget Phillipson: No, it does cover it all","type":"L","timestamp":"2023-11-09 14:23:15"},{"nodeID":"1358866","text":"Asserting","type":"YA","timestamp":"2023-11-09 14:23:15"},{"nodeID":"1358867","text":"Default Transition","type":"TA","timestamp":"2023-11-09 14:23:15"},{"nodeID":"1358868","text":"Default Conflict","type":"CA","timestamp":"2023-11-09 14:23:15"},{"nodeID":"1358869","text":"Disagreeing","type":"YA","timestamp":"2023-11-09 14:23:15"},{"nodeID":"1358870","text":"ending non-dom tax status does not cover NHS recruitment costs","type":"I","timestamp":"2023-11-09 14:23:15"},{"nodeID":"1358871","text":"Alex Chalk: It doesn't","type":"L","timestamp":"2023-11-09 14:23:15"},{"nodeID":"1358872","text":"Analysing","type":"YA","timestamp":"2023-11-09 14:23:15"},{"nodeID":"1358873","text":"Fyfe: Alex Chalk: It doesn't","type":"L","timestamp":"2023-11-09 14:23:15"},{"nodeID":"1358874","text":"Asserting","type":"YA","timestamp":"2023-11-09 14:23:15"},{"nodeID":"1358875","text":"Default Transition","type":"TA","timestamp":"2023-11-09 14:23:15"},{"nodeID":"1358876","text":"Default Conflict","type":"CA","timestamp":"2023-11-09 14:23:15"},{"nodeID":"1358877","text":"Disagreeing","type":"YA","timestamp":"2023-11-09 14:23:15"},{"nodeID":"1358878","text":"a fully funded, fully costed plan to end the non-dom tax status","type":"I","timestamp":"2023-11-09 14:23:16"},{"nodeID":"1358879","text":"Bridget Phillipson: a fully funded, fully costed plan to end the non-dom tax status","type":"L","timestamp":"2023-11-09 14:23:16"},{"nodeID":"1358880","text":"Analysing","type":"YA","timestamp":"2023-11-09 14:23:16"},{"nodeID":"1358881","text":"Fyfe: Bridget Phillipson: a fully funded, fully costed plan to end the non-dom tax status","type":"L","timestamp":"2023-11-09 14:23:16"},{"nodeID":"1358882","text":"Asserting","type":"YA","timestamp":"2023-11-09 14:23:16"},{"nodeID":"1358883","text":"Default Transition","type":"TA","timestamp":"2023-11-09 14:23:16"},{"nodeID":"1358884","text":"Default Rephrase","type":"MA","timestamp":"2023-11-09 14:23:16"},{"nodeID":"1358885","text":"Default Transition","type":"TA","timestamp":"2023-11-09 14:23:16"},{"nodeID":"1358886","text":"Restating","type":"YA","timestamp":"2023-11-09 14:23:16"},{"nodeID":"1358887","text":"ending non-dom tax status is a great idea","type":"I","timestamp":"2023-11-09 14:23:17"},{"nodeID":"1358888","text":"Bridget Phillipson: The current Chancellor, when he was Chair of the Health Select Committee said it was a great idea","type":"L","timestamp":"2023-11-09 14:23:17"},{"nodeID":"1358889","text":"Analysing","type":"YA","timestamp":"2023-11-09 14:23:17"},{"nodeID":"1358890","text":"Fyfe: Bridget Phillipson: The current Chancellor, when he was Chair of the Health Select Committee said it was a great idea","type":"L","timestamp":"2023-11-09 14:23:17"},{"nodeID":"1358891","text":"Jeremy Hunt: it was a great idea","type":"L","timestamp":"2023-11-09 14:23:17"},{"nodeID":"1358892","text":"Analysing","type":"YA","timestamp":"2023-11-09 14:23:17"},{"nodeID":"1358893","text":"Fyfe: Jeremy Hunt: The current Chancellor, when he was Chair of the Health Select Committee said it was a great idea","type":"L","timestamp":"2023-11-09 14:23:17"},{"nodeID":"1358894","text":"Asserting","type":"YA","timestamp":"2023-11-09 14:23:17"},{"nodeID":"1358895","text":"Asserting","type":"YA","timestamp":"2023-11-09 14:23:17"},{"nodeID":"1358896","text":"Default Transition","type":"TA","timestamp":"2023-11-09 14:23:17"},{"nodeID":"1358897","text":"Bridget Phillipson would love it if the Conservative government adopted Labour's Plan and got on and did it","type":"I","timestamp":"2023-11-09 14:23:18"},{"nodeID":"1358898","text":"Bridget Phillipson: I would love it if your government adopted Labour's Plan and got on and did it","type":"L","timestamp":"2023-11-09 14:23:18"},{"nodeID":"1358899","text":"Analysing","type":"YA","timestamp":"2023-11-09 14:23:18"},{"nodeID":"1358900","text":"Fyfe: Bridget Phillipson: I would love it if your government adopted Labour's Plan and got on and did it","type":"L","timestamp":"2023-11-09 14:23:18"},{"nodeID":"1358901","text":"Asserting","type":"YA","timestamp":"2023-11-09 14:23:18"},{"nodeID":"1358902","text":"Default Transition","type":"TA","timestamp":"2023-11-09 14:23:18"},{"nodeID":"1358903","text":"people can't wait for the Conservative Government to end non-dom tax status","type":"I","timestamp":"2023-11-09 14:23:19"},{"nodeID":"1358904","text":"Bridget Phillipson: people can't wait","type":"L","timestamp":"2023-11-09 14:23:19"},{"nodeID":"1358905","text":"Analysing","type":"YA","timestamp":"2023-11-09 14:23:19"},{"nodeID":"1358906","text":"Fyfe: Bridget Phillipson: people can't wait","type":"L","timestamp":"2023-11-09 14:23:19"},{"nodeID":"1358907","text":"Asserting","type":"YA","timestamp":"2023-11-09 14:23:19"},{"nodeID":"1358908","text":"Default Transition","type":"TA","timestamp":"2023-11-09 14:23:19"},{"nodeID":"1358909","text":"Default Rephrase","type":"MA","timestamp":"2023-11-09 14:23:19"},{"nodeID":"1358910","text":"Restating","type":"YA","timestamp":"2023-11-09 14:23:19"},{"nodeID":"1358911","text":"Default Inference","type":"RA","timestamp":"2023-11-09 14:23:19"},{"nodeID":"1358912","text":"Default Transition","type":"TA","timestamp":"2023-11-09 14:23:19"},{"nodeID":"1358913","text":"Arguing","type":"YA","timestamp":"2023-11-09 14:23:19"},{"nodeID":"1358914","text":"Default Inference","type":"RA","timestamp":"2023-11-09 14:23:19"},{"nodeID":"1358915","text":"Arguing","type":"YA","timestamp":"2023-11-09 14:23:19"}],"edges":[{"edgeID":"1778781","fromID":"1358770","toID":"1358769","formEdgeID":null},{"edgeID":"1778782","fromID":"1358771","toID":"1358770","formEdgeID":null},{"edgeID":"1778783","fromID":"1358769","toID":"1358772","formEdgeID":null},{"edgeID":"1778784","fromID":"1358772","toID":"1358768","formEdgeID":null},{"edgeID":"1778785","fromID":"1358775","toID":"1358774","formEdgeID":null},{"edgeID":"1778786","fromID":"1358776","toID":"1358775","formEdgeID":null},{"edgeID":"1778787","fromID":"1358774","toID":"1358777","formEdgeID":null},{"edgeID":"1778788","fromID":"1358777","toID":"1358773","formEdgeID":null},{"edgeID":"1778789","fromID":"1358769","toID":"1358778","formEdgeID":null},{"edgeID":"1778790","fromID":"1358778","toID":"1358774","formEdgeID":null},{"edgeID":"1778791","fromID":"1358781","toID":"1358780","formEdgeID":null},{"edgeID":"1778792","fromID":"1358782","toID":"1358781","formEdgeID":null},{"edgeID":"1778793","fromID":"1358780","toID":"1358783","formEdgeID":null},{"edgeID":"1778794","fromID":"1358783","toID":"1358779","formEdgeID":null},{"edgeID":"1778795","fromID":"1358774","toID":"1358784","formEdgeID":null},{"edgeID":"1778796","fromID":"1358784","toID":"1358780","formEdgeID":null},{"edgeID":"1778797","fromID":"1358779","toID":"1358785","formEdgeID":null},{"edgeID":"1778798","fromID":"1358785","toID":"1358773","formEdgeID":null},{"edgeID":"1778799","fromID":"1358784","toID":"1358786","formEdgeID":null},{"edgeID":"1778800","fromID":"1358786","toID":"1358785","formEdgeID":null},{"edgeID":"1778801","fromID":"1358789","toID":"1358788","formEdgeID":null},{"edgeID":"1778802","fromID":"1358790","toID":"1358789","formEdgeID":null},{"edgeID":"1778803","fromID":"1358788","toID":"1358791","formEdgeID":null},{"edgeID":"1778804","fromID":"1358791","toID":"1358787","formEdgeID":null},{"edgeID":"1778805","fromID":"1358780","toID":"1358792","formEdgeID":null},{"edgeID":"1778806","fromID":"1358792","toID":"1358788","formEdgeID":null},{"edgeID":"1778807","fromID":"1358774","toID":"1358793","formEdgeID":null},{"edgeID":"1778808","fromID":"1358793","toID":"1358788","formEdgeID":null},{"edgeID":"1778809","fromID":"1358796","toID":"1358795","formEdgeID":null},{"edgeID":"1778810","fromID":"1358797","toID":"1358796","formEdgeID":null},{"edgeID":"1778811","fromID":"1358795","toID":"1358798","formEdgeID":null},{"edgeID":"1778812","fromID":"1358798","toID":"1358794","formEdgeID":null},{"edgeID":"1778813","fromID":"1358788","toID":"1358799","formEdgeID":null},{"edgeID":"1778814","fromID":"1358799","toID":"1358795","formEdgeID":null},{"edgeID":"1778815","fromID":"1358773","toID":"1358800","formEdgeID":null},{"edgeID":"1778816","fromID":"1358800","toID":"1358787","formEdgeID":null},{"edgeID":"1778817","fromID":"1358793","toID":"1358801","formEdgeID":null},{"edgeID":"1778818","fromID":"1358801","toID":"1358800","formEdgeID":null},{"edgeID":"1778819","fromID":"1358794","toID":"1358802","formEdgeID":null},{"edgeID":"1778820","fromID":"1358802","toID":"1358787","formEdgeID":null},{"edgeID":"1778821","fromID":"1358799","toID":"1358803","formEdgeID":null},{"edgeID":"1778822","fromID":"1358803","toID":"1358802","formEdgeID":null},{"edgeID":"1778823","fromID":"1358806","toID":"1358805","formEdgeID":null},{"edgeID":"1778824","fromID":"1358807","toID":"1358806","formEdgeID":null},{"edgeID":"1778825","fromID":"1358805","toID":"1358808","formEdgeID":null},{"edgeID":"1778826","fromID":"1358808","toID":"1358804","formEdgeID":null},{"edgeID":"1778827","fromID":"1358795","toID":"1358809","formEdgeID":null},{"edgeID":"1778828","fromID":"1358809","toID":"1358805","formEdgeID":null},{"edgeID":"1778829","fromID":"1358812","toID":"1358811","formEdgeID":null},{"edgeID":"1778830","fromID":"1358813","toID":"1358812","formEdgeID":null},{"edgeID":"1778831","fromID":"1358811","toID":"1358814","formEdgeID":null},{"edgeID":"1778832","fromID":"1358814","toID":"1358810","formEdgeID":null},{"edgeID":"1778833","fromID":"1358805","toID":"1358815","formEdgeID":null},{"edgeID":"1778834","fromID":"1358815","toID":"1358811","formEdgeID":null},{"edgeID":"1778835","fromID":"1358818","toID":"1358817","formEdgeID":null},{"edgeID":"1778836","fromID":"1358819","toID":"1358818","formEdgeID":null},{"edgeID":"1778837","fromID":"1358817","toID":"1358820","formEdgeID":null},{"edgeID":"1778838","fromID":"1358820","toID":"1358816","formEdgeID":null},{"edgeID":"1778839","fromID":"1358811","toID":"1358821","formEdgeID":null},{"edgeID":"1778840","fromID":"1358821","toID":"1358817","formEdgeID":null},{"edgeID":"1778841","fromID":"1358810","toID":"1358822","formEdgeID":null},{"edgeID":"1778842","fromID":"1358822","toID":"1358816","formEdgeID":null},{"edgeID":"1778843","fromID":"1358821","toID":"1358823","formEdgeID":null},{"edgeID":"1778844","fromID":"1358823","toID":"1358822","formEdgeID":null},{"edgeID":"1778845","fromID":"1358826","toID":"1358825","formEdgeID":null},{"edgeID":"1778846","fromID":"1358827","toID":"1358826","formEdgeID":null},{"edgeID":"1778847","fromID":"1358825","toID":"1358828","formEdgeID":null},{"edgeID":"1778848","fromID":"1358828","toID":"1358824","formEdgeID":null},{"edgeID":"1778849","fromID":"1358817","toID":"1358829","formEdgeID":null},{"edgeID":"1778850","fromID":"1358829","toID":"1358825","formEdgeID":null},{"edgeID":"1778851","fromID":"1358832","toID":"1358831","formEdgeID":null},{"edgeID":"1778852","fromID":"1358833","toID":"1358832","formEdgeID":null},{"edgeID":"1778853","fromID":"1358831","toID":"1358834","formEdgeID":null},{"edgeID":"1778854","fromID":"1358834","toID":"1358830","formEdgeID":null},{"edgeID":"1778855","fromID":"1358825","toID":"1358835","formEdgeID":null},{"edgeID":"1778856","fromID":"1358835","toID":"1358831","formEdgeID":null},{"edgeID":"1778857","fromID":"1358830","toID":"1358836","formEdgeID":null},{"edgeID":"1778858","fromID":"1358836","toID":"1358824","formEdgeID":null},{"edgeID":"1778859","fromID":"1358835","toID":"1358837","formEdgeID":null},{"edgeID":"1778860","fromID":"1358837","toID":"1358836","formEdgeID":null},{"edgeID":"1778861","fromID":"1358840","toID":"1358839","formEdgeID":null},{"edgeID":"1778862","fromID":"1358841","toID":"1358840","formEdgeID":null},{"edgeID":"1778863","fromID":"1358839","toID":"1358842","formEdgeID":null},{"edgeID":"1778864","fromID":"1358842","toID":"1358838","formEdgeID":null},{"edgeID":"1778865","fromID":"1358831","toID":"1358843","formEdgeID":null},{"edgeID":"1778866","fromID":"1358843","toID":"1358839","formEdgeID":null},{"edgeID":"1778867","fromID":"1358838","toID":"1358844","formEdgeID":null},{"edgeID":"1778868","fromID":"1358844","toID":"1358830","formEdgeID":null},{"edgeID":"1778869","fromID":"1358847","toID":"1358846","formEdgeID":null},{"edgeID":"1778870","fromID":"1358848","toID":"1358847","formEdgeID":null},{"edgeID":"1778871","fromID":"1358846","toID":"1358849","formEdgeID":null},{"edgeID":"1778872","fromID":"1358849","toID":"1358845","formEdgeID":null},{"edgeID":"1778873","fromID":"1358839","toID":"1358850","formEdgeID":null},{"edgeID":"1778874","fromID":"1358850","toID":"1358846","formEdgeID":null},{"edgeID":"1778875","fromID":"1358845","toID":"1358851","formEdgeID":null},{"edgeID":"1778876","fromID":"1358851","toID":"1358838","formEdgeID":null},{"edgeID":"1778877","fromID":"1358843","toID":"1358852","formEdgeID":null},{"edgeID":"1778878","fromID":"1358852","toID":"1358844","formEdgeID":null},{"edgeID":"1778879","fromID":"1358850","toID":"1358853","formEdgeID":null},{"edgeID":"1778880","fromID":"1358853","toID":"1358851","formEdgeID":null},{"edgeID":"1778881","fromID":"1358856","toID":"1358855","formEdgeID":null},{"edgeID":"1778882","fromID":"1358857","toID":"1358856","formEdgeID":null},{"edgeID":"1778883","fromID":"1358855","toID":"1358858","formEdgeID":null},{"edgeID":"1778884","fromID":"1358858","toID":"1358854","formEdgeID":null},{"edgeID":"1778885","fromID":"1358846","toID":"1358859","formEdgeID":null},{"edgeID":"1778886","fromID":"1358859","toID":"1358855","formEdgeID":null},{"edgeID":"1778887","fromID":"1358854","toID":"1358860","formEdgeID":null},{"edgeID":"1778888","fromID":"1358860","toID":"1358845","formEdgeID":null},{"edgeID":"1778889","fromID":"1358859","toID":"1358861","formEdgeID":null},{"edgeID":"1778890","fromID":"1358861","toID":"1358860","formEdgeID":null},{"edgeID":"1778891","fromID":"1358864","toID":"1358863","formEdgeID":null},{"edgeID":"1778892","fromID":"1358865","toID":"1358864","formEdgeID":null},{"edgeID":"1778893","fromID":"1358863","toID":"1358866","formEdgeID":null},{"edgeID":"1778894","fromID":"1358866","toID":"1358862","formEdgeID":null},{"edgeID":"1778895","fromID":"1358855","toID":"1358867","formEdgeID":null},{"edgeID":"1778896","fromID":"1358867","toID":"1358863","formEdgeID":null},{"edgeID":"1778897","fromID":"1358862","toID":"1358868","formEdgeID":null},{"edgeID":"1778898","fromID":"1358868","toID":"1358854","formEdgeID":null},{"edgeID":"1778899","fromID":"1358867","toID":"1358869","formEdgeID":null},{"edgeID":"1778900","fromID":"1358869","toID":"1358868","formEdgeID":null},{"edgeID":"1778901","fromID":"1358872","toID":"1358871","formEdgeID":null},{"edgeID":"1778902","fromID":"1358873","toID":"1358872","formEdgeID":null},{"edgeID":"1778903","fromID":"1358871","toID":"1358874","formEdgeID":null},{"edgeID":"1778904","fromID":"1358874","toID":"1358870","formEdgeID":null},{"edgeID":"1778905","fromID":"1358863","toID":"1358875","formEdgeID":null},{"edgeID":"1778906","fromID":"1358875","toID":"1358871","formEdgeID":null},{"edgeID":"1778907","fromID":"1358870","toID":"1358876","formEdgeID":null},{"edgeID":"1778908","fromID":"1358876","toID":"1358862","formEdgeID":null},{"edgeID":"1778909","fromID":"1358875","toID":"1358877","formEdgeID":null},{"edgeID":"1778910","fromID":"1358877","toID":"1358876","formEdgeID":null},{"edgeID":"1778911","fromID":"1358880","toID":"1358879","formEdgeID":null},{"edgeID":"1778912","fromID":"1358881","toID":"1358880","formEdgeID":null},{"edgeID":"1778913","fromID":"1358879","toID":"1358882","formEdgeID":null},{"edgeID":"1778914","fromID":"1358882","toID":"1358878","formEdgeID":null},{"edgeID":"1778915","fromID":"1358871","toID":"1358883","formEdgeID":null},{"edgeID":"1778916","fromID":"1358883","toID":"1358879","formEdgeID":null},{"edgeID":"1778917","fromID":"1358878","toID":"1358884","formEdgeID":null},{"edgeID":"1778918","fromID":"1358884","toID":"1358830","formEdgeID":null},{"edgeID":"1778919","fromID":"1358831","toID":"1358885","formEdgeID":null},{"edgeID":"1778920","fromID":"1358885","toID":"1358879","formEdgeID":null},{"edgeID":"1778921","fromID":"1358885","toID":"1358886","formEdgeID":null},{"edgeID":"1778922","fromID":"1358886","toID":"1358884","formEdgeID":null},{"edgeID":"1778923","fromID":"1358889","toID":"1358888","formEdgeID":null},{"edgeID":"1778924","fromID":"1358890","toID":"1358889","formEdgeID":null},{"edgeID":"1778925","fromID":"1358892","toID":"1358891","formEdgeID":null},{"edgeID":"1778926","fromID":"1358893","toID":"1358892","formEdgeID":null},{"edgeID":"1778927","fromID":"1358891","toID":"1358894","formEdgeID":null},{"edgeID":"1778928","fromID":"1358894","toID":"1358887","formEdgeID":null},{"edgeID":"1778929","fromID":"1358888","toID":"1358895","formEdgeID":null},{"edgeID":"1778930","fromID":"1358895","toID":"1358891","formEdgeID":null},{"edgeID":"1778931","fromID":"1358879","toID":"1358896","formEdgeID":null},{"edgeID":"1778932","fromID":"1358896","toID":"1358888","formEdgeID":null},{"edgeID":"1778933","fromID":"1358899","toID":"1358898","formEdgeID":null},{"edgeID":"1778934","fromID":"1358900","toID":"1358899","formEdgeID":null},{"edgeID":"1778935","fromID":"1358898","toID":"1358901","formEdgeID":null},{"edgeID":"1778936","fromID":"1358901","toID":"1358897","formEdgeID":null},{"edgeID":"1778937","fromID":"1358888","toID":"1358902","formEdgeID":null},{"edgeID":"1778938","fromID":"1358902","toID":"1358898","formEdgeID":null},{"edgeID":"1778939","fromID":"1358905","toID":"1358904","formEdgeID":null},{"edgeID":"1778940","fromID":"1358906","toID":"1358905","formEdgeID":null},{"edgeID":"1778941","fromID":"1358904","toID":"1358907","formEdgeID":null},{"edgeID":"1778942","fromID":"1358907","toID":"1358903","formEdgeID":null},{"edgeID":"1778943","fromID":"1358898","toID":"1358908","formEdgeID":null},{"edgeID":"1778944","fromID":"1358908","toID":"1358904","formEdgeID":null},{"edgeID":"1778945","fromID":"1358810","toID":"1358909","formEdgeID":null},{"edgeID":"1778946","fromID":"1358909","toID":"1358804","formEdgeID":null},{"edgeID":"1778947","fromID":"1358815","toID":"1358910","formEdgeID":null},{"edgeID":"1778948","fromID":"1358910","toID":"1358909","formEdgeID":null},{"edgeID":"1778949","fromID":"1358845","toID":"1358911","formEdgeID":null},{"edgeID":"1778950","fromID":"1358911","toID":"1358887","formEdgeID":null},{"edgeID":"1778951","fromID":"1358846","toID":"1358912","formEdgeID":null},{"edgeID":"1778952","fromID":"1358912","toID":"1358888","formEdgeID":null},{"edgeID":"1778953","fromID":"1358912","toID":"1358913","formEdgeID":null},{"edgeID":"1778954","fromID":"1358913","toID":"1358911","formEdgeID":null},{"edgeID":"1778955","fromID":"1358903","toID":"1358914","formEdgeID":null},{"edgeID":"1778956","fromID":"1358914","toID":"1358897","formEdgeID":null},{"edgeID":"1778957","fromID":"1358908","toID":"1358915","formEdgeID":null},{"edgeID":"1778958","fromID":"1358915","toID":"1358914","formEdgeID":null}],"locutions":[]}