{"nodes":[{"nodeID":"1377402","text":"Prince Harry & Meghan Markle's marriage is or is not damaging the monarchy","type":"I","timestamp":"2023-11-09 14:49:50"},{"nodeID":"1377403","text":"Fiona Bruce: Is it damaging the monarchy","type":"L","timestamp":"2023-11-09 14:49:50"},{"nodeID":"1377404","text":"Analysing","type":"YA","timestamp":"2023-11-09 14:49:50"},{"nodeID":"1377405","text":"Fyfe: Fiona Bruce: Is it damaging the monarchy","type":"L","timestamp":"2023-11-09 14:49:51"},{"nodeID":"1377406","text":"Pure Questioning","type":"YA","timestamp":"2023-11-09 14:49:51"},{"nodeID":"1377407","text":"Prince Harry & Meghan Markle's marriage is not damaging the monarchy","type":"I","timestamp":"2023-11-09 14:49:51"},{"nodeID":"1377408","text":"Alex Chalk: No, it's not","type":"L","timestamp":"2023-11-09 14:49:51"},{"nodeID":"1377409","text":"Analysing","type":"YA","timestamp":"2023-11-09 14:49:51"},{"nodeID":"1377410","text":"Fyfe: Alex Chalk: No, it's not","type":"L","timestamp":"2023-11-09 14:49:51"},{"nodeID":"1377411","text":"Asserting","type":"YA","timestamp":"2023-11-09 14:49:51"},{"nodeID":"1377412","text":"Default Transition","type":"TA","timestamp":"2023-11-09 14:49:51"},{"nodeID":"1377413","text":"Default Rephrase","type":"MA","timestamp":"2023-11-09 14:49:51"},{"nodeID":"1377414","text":"Default Illocuting","type":"YA","timestamp":"2023-11-09 14:49:51"},{"nodeID":"1377415","text":"Bridget's absolutely right, politicians don't get involved","type":"I","timestamp":"2023-11-09 14:49:52"},{"nodeID":"1377416","text":"Alex Chalk: Bridget's absolutely right, politicians don't get involved","type":"L","timestamp":"2023-11-09 14:49:52"},{"nodeID":"1377417","text":"Analysing","type":"YA","timestamp":"2023-11-09 14:49:52"},{"nodeID":"1377418","text":"Fyfe: Alex Chalk: Bridget's absolutely right, politicians don't get involved","type":"L","timestamp":"2023-11-09 14:49:52"},{"nodeID":"1377419","text":"Asserting","type":"YA","timestamp":"2023-11-09 14:49:52"},{"nodeID":"1377420","text":"Default Transition","type":"TA","timestamp":"2023-11-09 14:49:52"},{"nodeID":"1377421","text":"as we were talking about Queen Elizabeth II, I remember when she went to Ireland, that famous trip in 2011, and she was talking about reconciliation","type":"I","timestamp":"2023-11-09 14:49:52"},{"nodeID":"1377422","text":"Alex Chalk: as we were talking about Queen Elizabeth II, the I remember when she went to Ireland, that famous trip in 2011, and she was talking of course about reconciliation","type":"L","timestamp":"2023-11-09 14:49:52"},{"nodeID":"1377423","text":"Analysing","type":"YA","timestamp":"2023-11-09 14:49:52"},{"nodeID":"1377424","text":"Fyfe: Alex Chalk: as we were talking about Queen Elizabeth II, the I remember when she went to Ireland, that famous trip in 2011, and she was talking of course about reconciliation","type":"L","timestamp":"2023-11-09 14:49:52"},{"nodeID":"1377425","text":"Asserting","type":"YA","timestamp":"2023-11-09 14:49:52"},{"nodeID":"1377426","text":"Default Transition","type":"TA","timestamp":"2023-11-09 14:49:52"},{"nodeID":"1377427","text":"Queen Elizabeth II gave this expression which just occurred to me now, and resonated with me","type":"I","timestamp":"2023-11-09 14:49:53"},{"nodeID":"1377428","text":"Alex Chalk: she gave this expression which just occurred to me now, really resonated with me","type":"L","timestamp":"2023-11-09 14:49:53"},{"nodeID":"1377429","text":"Analysing","type":"YA","timestamp":"2023-11-09 14:49:53"},{"nodeID":"1377430","text":"Fyfe: Alex Chalk: she gave this expression which just occurred to me now, really resonated with me","type":"L","timestamp":"2023-11-09 14:49:53"},{"nodeID":"1377431","text":"Asserting","type":"YA","timestamp":"2023-11-09 14:49:53"},{"nodeID":"1377432","text":"Default Transition","type":"TA","timestamp":"2023-11-09 14:49:53"},{"nodeID":"1377433","text":"if you want to reconcile it's incumbent on everyone to think about how they might have done things differently, or not at all","type":"I","timestamp":"2023-11-09 14:49:54"},{"nodeID":"1377434","text":"Alex Chalk: she said that if you want to reconcile it's incumbent on everyone to think about how they might have done things differently, or not at all","type":"L","timestamp":"2023-11-09 14:49:54"},{"nodeID":"1377435","text":"Analysing","type":"YA","timestamp":"2023-11-09 14:49:54"},{"nodeID":"1377436","text":"Fyfe: Alex Chalk: she said that if you want to reconcile it's incumbent on everyone to think about how they might have done things differently, or not at all","type":"L","timestamp":"2023-11-09 14:49:54"},{"nodeID":"1377437","text":"Queen Elizabeth II: if you want to reconcile it's incumbent on everyone to think about how they might have done things differently, or not at all","type":"L","timestamp":"2023-11-09 14:49:54"},{"nodeID":"1377438","text":"Analysing","type":"YA","timestamp":"2023-11-09 14:49:54"},{"nodeID":"1377439","text":"Fyfe: Queen Elizabeth II: she said that if you want to reconcile it's incumbent on everyone to think about how they might have done things differently, or not at all","type":"L","timestamp":"2023-11-09 14:49:54"},{"nodeID":"1377440","text":"Asserting","type":"YA","timestamp":"2023-11-09 14:49:54"},{"nodeID":"1377441","text":"Asserting","type":"YA","timestamp":"2023-11-09 14:49:54"},{"nodeID":"1377442","text":"Default Transition","type":"TA","timestamp":"2023-11-09 14:49:54"},{"nodeID":"1377443","text":"Alex Chalk: it was a very, very powerful expression","type":"L","timestamp":"2023-11-09 14:49:54"},{"nodeID":"1377444","text":"Analysing","type":"YA","timestamp":"2023-11-09 14:49:54"},{"nodeID":"1377445","text":"Fyfe: Alex Chalk: it was a very, very powerful expression","type":"L","timestamp":"2023-11-09 14:49:54"},{"nodeID":"1377446","text":"Default Transition","type":"TA","timestamp":"2023-11-09 14:49:54"},{"nodeID":"1377447","text":"Alex Chalk hopes that royal relations do improve over time","type":"I","timestamp":"2023-11-09 14:49:54"},{"nodeID":"1377448","text":"Alex Chalk:  I just hope that relations do improve over time","type":"L","timestamp":"2023-11-09 14:49:54"},{"nodeID":"1377449","text":"Analysing","type":"YA","timestamp":"2023-11-09 14:49:54"},{"nodeID":"1377450","text":"Fyfe: Alex Chalk:  I just hope that relations do improve over time","type":"L","timestamp":"2023-11-09 14:49:54"},{"nodeID":"1377451","text":"Asserting","type":"YA","timestamp":"2023-11-09 14:49:54"},{"nodeID":"1377452","text":"Default Transition","type":"TA","timestamp":"2023-11-09 14:49:54"},{"nodeID":"1377453","text":"Alex Chalk thinks the royal family have all made a contribution to their country","type":"I","timestamp":"2023-11-09 14:49:55"},{"nodeID":"1377454","text":"Alex Chalk: I think they've all made a contribution to their country","type":"L","timestamp":"2023-11-09 14:49:55"},{"nodeID":"1377455","text":"Analysing","type":"YA","timestamp":"2023-11-09 14:49:55"},{"nodeID":"1377456","text":"Fyfe: Alex Chalk: I think they've all made a contribution to their country","type":"L","timestamp":"2023-11-09 14:49:55"},{"nodeID":"1377457","text":"Asserting","type":"YA","timestamp":"2023-11-09 14:49:55"},{"nodeID":"1377458","text":"Default Transition","type":"TA","timestamp":"2023-11-09 14:49:55"},{"nodeID":"1377459","text":"Default Inference","type":"RA","timestamp":"2023-11-09 14:49:55"},{"nodeID":"1377460","text":"Arguing","type":"YA","timestamp":"2023-11-09 14:49:55"},{"nodeID":"1377461","text":"families are difficult","type":"I","timestamp":"2023-11-09 14:49:56"},{"nodeID":"1377462","text":"Alex Chalk: families are difficult","type":"L","timestamp":"2023-11-09 14:49:56"},{"nodeID":"1377463","text":"Fyfe: Alex Chalk: families are difficult","type":"L","timestamp":"2023-11-09 14:49:56"},{"nodeID":"1377464","text":"Analysing","type":"YA","timestamp":"2023-11-09 14:49:56"},{"nodeID":"1377465","text":"Asserting","type":"YA","timestamp":"2023-11-09 14:49:56"},{"nodeID":"1377466","text":"Default Transition","type":"TA","timestamp":"2023-11-09 14:49:56"},{"nodeID":"1377467","text":"Alex Chalk: of course families are difficult","type":"L","timestamp":"2023-11-09 14:49:56"},{"nodeID":"1377468","text":"Analysing","type":"YA","timestamp":"2023-11-09 14:49:56"},{"nodeID":"1377469","text":"Fyfe: Alex Chalk: of course they're difficult","type":"L","timestamp":"2023-11-09 14:49:56"},{"nodeID":"1377470","text":"Default Transition","type":"TA","timestamp":"2023-11-09 14:49:56"},{"nodeID":"1377471","text":"Alex Chalk thinks in the interests of that family and the interests of the country, that the royal family reconcile","type":"I","timestamp":"2023-11-09 14:49:56"},{"nodeID":"1377472","text":"Alex Chalk: I think in the interests of that family and the interests of the country, I do hope they reconcile","type":"L","timestamp":"2023-11-09 14:49:56"},{"nodeID":"1377473","text":"Analysing","type":"YA","timestamp":"2023-11-09 14:49:56"},{"nodeID":"1377474","text":"Fyfe: Alex Chalk: I think in the interests of that family and the interests of the country, I do hope they reconcile","type":"L","timestamp":"2023-11-09 14:49:56"},{"nodeID":"1377475","text":"Asserting","type":"YA","timestamp":"2023-11-09 14:49:56"},{"nodeID":"1377476","text":"Default Transition","type":"TA","timestamp":"2023-11-09 14:49:56"},{"nodeID":"1377477","text":"the Royal family dysfunction is really, really sad","type":"I","timestamp":"2023-11-09 14:49:57"},{"nodeID":"1377478","text":"Anna Soubry: I think, like Bridget said, I think it's really, really sad","type":"L","timestamp":"2023-11-09 14:49:57"},{"nodeID":"1377479","text":"Analysing","type":"YA","timestamp":"2023-11-09 14:49:57"},{"nodeID":"1377480","text":"Fyfe: Anna Soubry: I think, like Bridget said, I think it's really, really sad","type":"L","timestamp":"2023-11-09 14:49:57"},{"nodeID":"1377481","text":"Bridget Phillipson: it's really, really sad","type":"L","timestamp":"2023-11-09 14:49:57"},{"nodeID":"1377482","text":"Analysing","type":"YA","timestamp":"2023-11-09 14:49:57"},{"nodeID":"1377483","text":"Fyfe: Bridget Phillipson: I think, like Bridget said, I think it's really, really sad","type":"L","timestamp":"2023-11-09 14:49:57"},{"nodeID":"1377484","text":"Asserting","type":"YA","timestamp":"2023-11-09 14:49:57"},{"nodeID":"1377485","text":"Default Transition","type":"TA","timestamp":"2023-11-09 14:49:57"},{"nodeID":"1377486","text":"Asserting","type":"YA","timestamp":"2023-11-09 14:49:57"},{"nodeID":"1377487","text":"Anna Soubry was always a big fan of Prince Harry and indeed Megan Markle","type":"I","timestamp":"2023-11-09 14:49:58"},{"nodeID":"1377488","text":"Anna Soubry:  I was always a big fan of Prince Harry and indeed Megan Markle","type":"L","timestamp":"2023-11-09 14:49:58"},{"nodeID":"1377489","text":"Analysing","type":"YA","timestamp":"2023-11-09 14:49:58"},{"nodeID":"1377490","text":"Fyfe: Anna Soubry:  I was always a big fan of Prince Harry and indeed Megan Markle","type":"L","timestamp":"2023-11-09 14:49:58"},{"nodeID":"1377491","text":"Asserting","type":"YA","timestamp":"2023-11-09 14:49:58"},{"nodeID":"1377492","text":"Default Transition","type":"TA","timestamp":"2023-11-09 14:49:58"},{"nodeID":"1377493","text":"Anna Soubry thought it was a wonderful thing when they got married","type":"I","timestamp":"2023-11-09 14:49:58"},{"nodeID":"1377494","text":"Anna Soubry: I thought it was a wonderful thing when they got married","type":"L","timestamp":"2023-11-09 14:49:58"},{"nodeID":"1377495","text":"Analysing","type":"YA","timestamp":"2023-11-09 14:49:58"},{"nodeID":"1377496","text":"Fyfe: Anna Soubry: I thought it was a wonderful thing when they got married","type":"L","timestamp":"2023-11-09 14:49:58"},{"nodeID":"1377497","text":"Asserting","type":"YA","timestamp":"2023-11-09 14:49:58"},{"nodeID":"1377498","text":"Default Transition","type":"TA","timestamp":"2023-11-09 14:49:58"},{"nodeID":"1377499","text":"Agreeing","type":"YA","timestamp":"2023-11-09 14:49:58"},{"nodeID":"1377500","text":"Agreeing","type":"YA","timestamp":"2023-11-09 14:49:58"},{"nodeID":"1377501","text":"Default Inference","type":"RA","timestamp":"2023-11-09 14:49:58"},{"nodeID":"1377502","text":"Arguing","type":"YA","timestamp":"2023-11-09 14:49:58"}],"edges":[{"edgeID":"1800906","fromID":"1377404","toID":"1377403","formEdgeID":null},{"edgeID":"1800907","fromID":"1377405","toID":"1377404","formEdgeID":null},{"edgeID":"1800908","fromID":"1377403","toID":"1377406","formEdgeID":null},{"edgeID":"1800909","fromID":"1377406","toID":"1377402","formEdgeID":null},{"edgeID":"1800910","fromID":"1377409","toID":"1377408","formEdgeID":null},{"edgeID":"1800911","fromID":"1377410","toID":"1377409","formEdgeID":null},{"edgeID":"1800912","fromID":"1377411","toID":"1377407","formEdgeID":null},{"edgeID":"1800913","fromID":"1377408","toID":"1377411","formEdgeID":null},{"edgeID":"1800914","fromID":"1377403","toID":"1377412","formEdgeID":null},{"edgeID":"1800915","fromID":"1377412","toID":"1377408","formEdgeID":null},{"edgeID":"1800916","fromID":"1377407","toID":"1377413","formEdgeID":null},{"edgeID":"1800917","fromID":"1377413","toID":"1377402","formEdgeID":null},{"edgeID":"1800918","fromID":"1377412","toID":"1377414","formEdgeID":null},{"edgeID":"1800919","fromID":"1377414","toID":"1377413","formEdgeID":null},{"edgeID":"1800920","fromID":"1377417","toID":"1377416","formEdgeID":null},{"edgeID":"1800921","fromID":"1377418","toID":"1377417","formEdgeID":null},{"edgeID":"1800922","fromID":"1377416","toID":"1377419","formEdgeID":null},{"edgeID":"1800923","fromID":"1377419","toID":"1377415","formEdgeID":null},{"edgeID":"1800924","fromID":"1377408","toID":"1377420","formEdgeID":null},{"edgeID":"1800925","fromID":"1377420","toID":"1377416","formEdgeID":null},{"edgeID":"1800926","fromID":"1377423","toID":"1377422","formEdgeID":null},{"edgeID":"1800927","fromID":"1377424","toID":"1377423","formEdgeID":null},{"edgeID":"1800928","fromID":"1377422","toID":"1377425","formEdgeID":null},{"edgeID":"1800929","fromID":"1377425","toID":"1377421","formEdgeID":null},{"edgeID":"1800930","fromID":"1377416","toID":"1377426","formEdgeID":null},{"edgeID":"1800931","fromID":"1377426","toID":"1377422","formEdgeID":null},{"edgeID":"1800932","fromID":"1377430","toID":"1377429","formEdgeID":null},{"edgeID":"1800933","fromID":"1377429","toID":"1377428","formEdgeID":null},{"edgeID":"1800934","fromID":"1377428","toID":"1377431","formEdgeID":null},{"edgeID":"1800935","fromID":"1377431","toID":"1377427","formEdgeID":null},{"edgeID":"1800936","fromID":"1377422","toID":"1377432","formEdgeID":null},{"edgeID":"1800937","fromID":"1377432","toID":"1377428","formEdgeID":null},{"edgeID":"1800938","fromID":"1377435","toID":"1377434","formEdgeID":null},{"edgeID":"1800939","fromID":"1377436","toID":"1377435","formEdgeID":null},{"edgeID":"1800940","fromID":"1377438","toID":"1377437","formEdgeID":null},{"edgeID":"1800941","fromID":"1377439","toID":"1377438","formEdgeID":null},{"edgeID":"1800942","fromID":"1377437","toID":"1377440","formEdgeID":null},{"edgeID":"1800943","fromID":"1377440","toID":"1377433","formEdgeID":null},{"edgeID":"1800944","fromID":"1377434","toID":"1377441","formEdgeID":null},{"edgeID":"1800945","fromID":"1377441","toID":"1377437","formEdgeID":null},{"edgeID":"1800946","fromID":"1377428","toID":"1377442","formEdgeID":null},{"edgeID":"1800947","fromID":"1377442","toID":"1377434","formEdgeID":null},{"edgeID":"1800948","fromID":"1377444","toID":"1377443","formEdgeID":null},{"edgeID":"1800949","fromID":"1377445","toID":"1377444","formEdgeID":null},{"edgeID":"1800950","fromID":"1377434","toID":"1377446","formEdgeID":null},{"edgeID":"1800951","fromID":"1377446","toID":"1377443","formEdgeID":null},{"edgeID":"1800952","fromID":"1377449","toID":"1377448","formEdgeID":null},{"edgeID":"1800953","fromID":"1377450","toID":"1377449","formEdgeID":null},{"edgeID":"1800954","fromID":"1377448","toID":"1377451","formEdgeID":null},{"edgeID":"1800955","fromID":"1377451","toID":"1377447","formEdgeID":null},{"edgeID":"1800956","fromID":"1377443","toID":"1377452","formEdgeID":null},{"edgeID":"1800957","fromID":"1377452","toID":"1377448","formEdgeID":null},{"edgeID":"1800958","fromID":"1377455","toID":"1377454","formEdgeID":null},{"edgeID":"1800959","fromID":"1377456","toID":"1377455","formEdgeID":null},{"edgeID":"1800960","fromID":"1377454","toID":"1377457","formEdgeID":null},{"edgeID":"1800961","fromID":"1377457","toID":"1377453","formEdgeID":null},{"edgeID":"1800962","fromID":"1377448","toID":"1377458","formEdgeID":null},{"edgeID":"1800963","fromID":"1377458","toID":"1377454","formEdgeID":null},{"edgeID":"1800964","fromID":"1377453","toID":"1377459","formEdgeID":null},{"edgeID":"1800965","fromID":"1377459","toID":"1377447","formEdgeID":null},{"edgeID":"1800966","fromID":"1377458","toID":"1377460","formEdgeID":null},{"edgeID":"1800967","fromID":"1377460","toID":"1377459","formEdgeID":null},{"edgeID":"1800968","fromID":"1377464","toID":"1377462","formEdgeID":null},{"edgeID":"1800969","fromID":"1377463","toID":"1377464","formEdgeID":null},{"edgeID":"1800970","fromID":"1377462","toID":"1377465","formEdgeID":null},{"edgeID":"1800971","fromID":"1377465","toID":"1377461","formEdgeID":null},{"edgeID":"1800972","fromID":"1377454","toID":"1377466","formEdgeID":null},{"edgeID":"1800973","fromID":"1377466","toID":"1377462","formEdgeID":null},{"edgeID":"1800974","fromID":"1377469","toID":"1377468","formEdgeID":null},{"edgeID":"1800975","fromID":"1377468","toID":"1377467","formEdgeID":null},{"edgeID":"1800976","fromID":"1377462","toID":"1377470","formEdgeID":null},{"edgeID":"1800977","fromID":"1377470","toID":"1377467","formEdgeID":null},{"edgeID":"1800978","fromID":"1377473","toID":"1377472","formEdgeID":null},{"edgeID":"1800979","fromID":"1377474","toID":"1377473","formEdgeID":null},{"edgeID":"1800980","fromID":"1377472","toID":"1377475","formEdgeID":null},{"edgeID":"1800981","fromID":"1377475","toID":"1377471","formEdgeID":null},{"edgeID":"1800982","fromID":"1377467","toID":"1377476","formEdgeID":null},{"edgeID":"1800983","fromID":"1377476","toID":"1377472","formEdgeID":null},{"edgeID":"1800984","fromID":"1377479","toID":"1377478","formEdgeID":null},{"edgeID":"1800985","fromID":"1377480","toID":"1377479","formEdgeID":null},{"edgeID":"1800986","fromID":"1377482","toID":"1377481","formEdgeID":null},{"edgeID":"1800987","fromID":"1377483","toID":"1377482","formEdgeID":null},{"edgeID":"1800988","fromID":"1377481","toID":"1377484","formEdgeID":null},{"edgeID":"1800989","fromID":"1377484","toID":"1377477","formEdgeID":null},{"edgeID":"1800990","fromID":"1377472","toID":"1377485","formEdgeID":null},{"edgeID":"1800991","fromID":"1377485","toID":"1377478","formEdgeID":null},{"edgeID":"1800992","fromID":"1377478","toID":"1377486","formEdgeID":null},{"edgeID":"1800993","fromID":"1377486","toID":"1377481","formEdgeID":null},{"edgeID":"1800994","fromID":"1377489","toID":"1377488","formEdgeID":null},{"edgeID":"1800995","fromID":"1377490","toID":"1377489","formEdgeID":null},{"edgeID":"1800996","fromID":"1377488","toID":"1377491","formEdgeID":null},{"edgeID":"1800997","fromID":"1377491","toID":"1377487","formEdgeID":null},{"edgeID":"1800998","fromID":"1377478","toID":"1377492","formEdgeID":null},{"edgeID":"1800999","fromID":"1377492","toID":"1377488","formEdgeID":null},{"edgeID":"1801000","fromID":"1377495","toID":"1377494","formEdgeID":null},{"edgeID":"1801001","fromID":"1377496","toID":"1377495","formEdgeID":null},{"edgeID":"1801002","fromID":"1377494","toID":"1377497","formEdgeID":null},{"edgeID":"1801003","fromID":"1377497","toID":"1377493","formEdgeID":null},{"edgeID":"1801004","fromID":"1377488","toID":"1377498","formEdgeID":null},{"edgeID":"1801005","fromID":"1377498","toID":"1377494","formEdgeID":null},{"edgeID":"1801006","fromID":"1377446","toID":"1377499","formEdgeID":null},{"edgeID":"1801007","fromID":"1377499","toID":"1377433","formEdgeID":null},{"edgeID":"1801008","fromID":"1377470","toID":"1377500","formEdgeID":null},{"edgeID":"1801009","fromID":"1377500","toID":"1377461","formEdgeID":null},{"edgeID":"1801010","fromID":"1377487","toID":"1377501","formEdgeID":null},{"edgeID":"1801011","fromID":"1377501","toID":"1377493","formEdgeID":null},{"edgeID":"1801012","fromID":"1377498","toID":"1377502","formEdgeID":null},{"edgeID":"1801013","fromID":"1377502","toID":"1377501","formEdgeID":null}],"locutions":[]}