{"nodes":[{"nodeID":"1358228","text":"the best chance you've got of seeing a doctor nowadays on the NHS is to go on Question Time","type":"I","timestamp":"2023-11-09 14:22:11"},{"nodeID":"1358229","text":"Tim Stanley: the best chance you've got of seeing a doctor nowadays on the NHS is to go on Question Time","type":"L","timestamp":"2023-11-09 14:22:11"},{"nodeID":"1358230","text":"Analysing","type":"YA","timestamp":"2023-11-09 14:22:11"},{"nodeID":"1358231","text":"Chris: Tim Stanley: the best chance you've got of seeing a doctor nowadays on the NHS is to go on Question Time","type":"L","timestamp":"2023-11-09 14:22:11"},{"nodeID":"1358232","text":"Asserting","type":"YA","timestamp":"2023-11-09 14:22:11"},{"nodeID":"1358233","text":"Fiona Bruce: It's certainly beginning to feel that way","type":"L","timestamp":"2023-11-09 14:22:11"},{"nodeID":"1358234","text":"Analysing","type":"YA","timestamp":"2023-11-09 14:22:11"},{"nodeID":"1358235","text":"Chris: Fiona Bruce: It's certainly beginning to feel that way","type":"L","timestamp":"2023-11-09 14:22:11"},{"nodeID":"1358236","text":"Default Transition","type":"TA","timestamp":"2023-11-09 14:22:11"},{"nodeID":"1358237","text":"Agreeing","type":"YA","timestamp":"2023-11-09 14:22:11"},{"nodeID":"1358238","text":"NHS doctors are in the Question Time audience","type":"I","timestamp":"2023-11-09 14:22:12"},{"nodeID":"1358239","text":"Tim Stanley: They're in the audience","type":"L","timestamp":"2023-11-09 14:22:12"},{"nodeID":"1358240","text":"Analysing","type":"YA","timestamp":"2023-11-09 14:22:12"},{"nodeID":"1358241","text":"Chris: Tim Stanley: They're in the audience","type":"L","timestamp":"2023-11-09 14:22:12"},{"nodeID":"1358242","text":"Asserting","type":"YA","timestamp":"2023-11-09 14:22:12"},{"nodeID":"1358243","text":"Default Inference","type":"RA","timestamp":"2023-11-09 14:22:12"},{"nodeID":"1358244","text":"Default Transition","type":"TA","timestamp":"2023-11-09 14:22:12"},{"nodeID":"1358245","text":"Arguing","type":"YA","timestamp":"2023-11-09 14:22:12"},{"nodeID":"1358246","text":"the Government is reluctant to use the crisis word for two reasons","type":"I","timestamp":"2023-11-09 14:22:13"},{"nodeID":"1358247","text":"Tim Stanley: the Government is reluctant to use the crisis word for two reasons","type":"L","timestamp":"2023-11-09 14:22:13"},{"nodeID":"1358248","text":"Analysing","type":"YA","timestamp":"2023-11-09 14:22:13"},{"nodeID":"1358249","text":"Chris: Tim Stanley: the Government is reluctant to use the crisis word for two reasons","type":"L","timestamp":"2023-11-09 14:22:13"},{"nodeID":"1358250","text":"Asserting","type":"YA","timestamp":"2023-11-09 14:22:13"},{"nodeID":"1358251","text":"Default Transition","type":"TA","timestamp":"2023-11-09 14:22:13"},{"nodeID":"1358252","text":"the government doesn't want to panic people","type":"I","timestamp":"2023-11-09 14:22:14"},{"nodeID":"1358253","text":"Tim Stanley: it doesn't want to panic people","type":"L","timestamp":"2023-11-09 14:22:14"},{"nodeID":"1358254","text":"Analysing","type":"YA","timestamp":"2023-11-09 14:22:14"},{"nodeID":"1358255","text":"Chris: Tim Stanley: it doesn't want to panic people","type":"L","timestamp":"2023-11-09 14:22:14"},{"nodeID":"1358256","text":"Asserting","type":"YA","timestamp":"2023-11-09 14:22:14"},{"nodeID":"1358257","text":"Default Transition","type":"TA","timestamp":"2023-11-09 14:22:14"},{"nodeID":"1358258","text":"Default Inference","type":"RA","timestamp":"2023-11-09 14:22:14"},{"nodeID":"1358259","text":"Arguing","type":"YA","timestamp":"2023-11-09 14:22:14"},{"nodeID":"1358260","text":"people will try to stop using the service if they think it has completely broken down","type":"I","timestamp":"2023-11-09 14:22:15"},{"nodeID":"1358261","text":"Tim Stanley: people will try to stop using the service if they think it has completely broken down","type":"L","timestamp":"2023-11-09 14:22:15"},{"nodeID":"1358262","text":"Analysing","type":"YA","timestamp":"2023-11-09 14:22:15"},{"nodeID":"1358263","text":"Chris: Tim Stanley: people will try to stop using the service if they think it has completely broken down","type":"L","timestamp":"2023-11-09 14:22:15"},{"nodeID":"1358264","text":"Asserting","type":"YA","timestamp":"2023-11-09 14:22:15"},{"nodeID":"1358265","text":"Default Transition","type":"TA","timestamp":"2023-11-09 14:22:15"},{"nodeID":"1358266","text":"Default Inference","type":"RA","timestamp":"2023-11-09 14:22:15"},{"nodeID":"1358267","text":"Arguing","type":"YA","timestamp":"2023-11-09 14:22:15"},{"nodeID":"1358268","text":"there's a rational thinking behind not panicking people","type":"I","timestamp":"2023-11-09 14:22:15"},{"nodeID":"1358269","text":"Tim Stanley: there's a rational thinking behind it","type":"L","timestamp":"2023-11-09 14:22:15"},{"nodeID":"1358270","text":"Analysing","type":"YA","timestamp":"2023-11-09 14:22:15"},{"nodeID":"1358271","text":"Chris: Tim Stanley: there's a rational thinking behind it","type":"L","timestamp":"2023-11-09 14:22:15"},{"nodeID":"1358272","text":"Asserting","type":"YA","timestamp":"2023-11-09 14:22:15"},{"nodeID":"1358273","text":"Default Transition","type":"TA","timestamp":"2023-11-09 14:22:15"},{"nodeID":"1358274","text":"Default Rephrase","type":"MA","timestamp":"2023-11-09 14:22:15"},{"nodeID":"1358275","text":"Restating","type":"YA","timestamp":"2023-11-09 14:22:15"},{"nodeID":"1358276","text":"the Government want the idea to percolate that there are things beyond the Government's control that are responsible for the NHS struggling","type":"I","timestamp":"2023-11-09 14:22:16"},{"nodeID":"1358277","text":"Tim Stanley: they want the idea to percolate that there are things beyond the Government's control that are responsible for this","type":"L","timestamp":"2023-11-09 14:22:16"},{"nodeID":"1358278","text":"Analysing","type":"YA","timestamp":"2023-11-09 14:22:16"},{"nodeID":"1358279","text":"Chris: Tim Stanley: they want the idea to percolate that there are things beyond the Government's control that are responsible for this","type":"L","timestamp":"2023-11-09 14:22:16"},{"nodeID":"1358280","text":"Asserting","type":"YA","timestamp":"2023-11-09 14:22:16"},{"nodeID":"1358281","text":"Default Transition","type":"TA","timestamp":"2023-11-09 14:22:16"},{"nodeID":"1358282","text":"notably COVID and lockdown and flu","type":"I","timestamp":"2023-11-09 14:22:17"},{"nodeID":"1358283","text":"Tim Stanley: notably COVID and lockdown and flu","type":"L","timestamp":"2023-11-09 14:22:17"},{"nodeID":"1358284","text":"Analysing","type":"YA","timestamp":"2023-11-09 14:22:17"},{"nodeID":"1358285","text":"Chris: Tim Stanley: notably COVID and lockdown and flu","type":"L","timestamp":"2023-11-09 14:22:17"},{"nodeID":"1358286","text":"Asserting","type":"YA","timestamp":"2023-11-09 14:22:17"},{"nodeID":"1358287","text":"Default Transition","type":"TA","timestamp":"2023-11-09 14:22:17"},{"nodeID":"1358288","text":"Default Rephrase","type":"MA","timestamp":"2023-11-09 14:22:17"},{"nodeID":"1358289","text":"Restating","type":"YA","timestamp":"2023-11-09 14:22:17"},{"nodeID":"1358290","text":"the problem with arguing the NHS is struggling due to COVID and lockdown is that the service was in a poor shape before COVID and the lockdown","type":"I","timestamp":"2023-11-09 14:22:18"},{"nodeID":"1358291","text":"Tim Stanley: The problem with that argument is that the service was in a poor shape before COVID and the lockdown","type":"L","timestamp":"2023-11-09 14:22:18"},{"nodeID":"1358292","text":"Analysing","type":"YA","timestamp":"2023-11-09 14:22:18"},{"nodeID":"1358293","text":"Chris: Tim Stanley: The problem with that argument is that the service was in a poor shape before COVID and the lockdown","type":"L","timestamp":"2023-11-09 14:22:18"},{"nodeID":"1358294","text":"Asserting","type":"YA","timestamp":"2023-11-09 14:22:18"},{"nodeID":"1358295","text":"Default Transition","type":"TA","timestamp":"2023-11-09 14:22:18"},{"nodeID":"1358296","text":"Default Conflict","type":"CA","timestamp":"2023-11-09 14:22:18"},{"nodeID":"1358297","text":"Disagreeing","type":"YA","timestamp":"2023-11-09 14:22:18"},{"nodeID":"1358298","text":"the NHS was in a poor shape in particular because of a failure to reform certain things","type":"I","timestamp":"2023-11-09 14:22:18"},{"nodeID":"1358299","text":"Tim Stanley: it was in a poor shape in particular because of a failure to reform certain things","type":"L","timestamp":"2023-11-09 14:22:18"},{"nodeID":"1358300","text":"Analysing","type":"YA","timestamp":"2023-11-09 14:22:18"},{"nodeID":"1358301","text":"Chris: Tim Stanley: it was in a poor shape in particular because of a failure to reform certain things","type":"L","timestamp":"2023-11-09 14:22:18"},{"nodeID":"1358302","text":"Asserting","type":"YA","timestamp":"2023-11-09 14:22:18"},{"nodeID":"1358303","text":"Default Transition","type":"TA","timestamp":"2023-11-09 14:22:18"},{"nodeID":"1358304","text":"Default Inference","type":"RA","timestamp":"2023-11-09 14:22:18"},{"nodeID":"1358305","text":"Arguing","type":"YA","timestamp":"2023-11-09 14:22:18"},{"nodeID":"1358306","text":"the way that GPs work","type":"I","timestamp":"2023-11-09 14:22:19"},{"nodeID":"1358307","text":"Tim Stanley: the way that GPs work","type":"L","timestamp":"2023-11-09 14:22:19"},{"nodeID":"1358308","text":"Analysing","type":"YA","timestamp":"2023-11-09 14:22:19"},{"nodeID":"1358309","text":"Chris: Tim Stanley: the way that GPs work","type":"L","timestamp":"2023-11-09 14:22:19"},{"nodeID":"1358310","text":"Asserting","type":"YA","timestamp":"2023-11-09 14:22:19"},{"nodeID":"1358311","text":"Default Transition","type":"TA","timestamp":"2023-11-09 14:22:19"},{"nodeID":"1358312","text":"Default Rephrase","type":"MA","timestamp":"2023-11-09 14:22:19"},{"nodeID":"1358313","text":"Restating","type":"YA","timestamp":"2023-11-09 14:22:19"},{"nodeID":"1358314","text":"failure to invest in social care","type":"I","timestamp":"2023-11-09 14:22:20"},{"nodeID":"1358315","text":"Tim Stanley: failure to invest in social care","type":"L","timestamp":"2023-11-09 14:22:20"},{"nodeID":"1358316","text":"Analysing","type":"YA","timestamp":"2023-11-09 14:22:20"},{"nodeID":"1358317","text":"Chris: Tim Stanley: failure to invest in social care","type":"L","timestamp":"2023-11-09 14:22:20"},{"nodeID":"1358318","text":"Asserting","type":"YA","timestamp":"2023-11-09 14:22:20"},{"nodeID":"1358319","text":"Default Transition","type":"TA","timestamp":"2023-11-09 14:22:20"},{"nodeID":"1358320","text":"Default Rephrase","type":"MA","timestamp":"2023-11-09 14:22:20"},{"nodeID":"1358321","text":"Restating","type":"YA","timestamp":"2023-11-09 14:22:20"},{"nodeID":"1358322","text":"failure to invest in social care is why you've got horrible term bed blocking on the NHS","type":"I","timestamp":"2023-11-09 14:22:21"},{"nodeID":"1358323","text":"Tim Stanley: which is why you've got horrible term bed blocking on the NHS","type":"L","timestamp":"2023-11-09 14:22:21"},{"nodeID":"1358324","text":"Analysing","type":"YA","timestamp":"2023-11-09 14:22:21"},{"nodeID":"1358325","text":"Chris: Tim Stanley: which is why you've got horrible term bed blocking on the NHS","type":"L","timestamp":"2023-11-09 14:22:21"},{"nodeID":"1358326","text":"Asserting","type":"YA","timestamp":"2023-11-09 14:22:21"},{"nodeID":"1358327","text":"Default Transition","type":"TA","timestamp":"2023-11-09 14:22:21"},{"nodeID":"1358328","text":"Default Inference","type":"RA","timestamp":"2023-11-09 14:22:21"},{"nodeID":"1358329","text":"Arguing","type":"YA","timestamp":"2023-11-09 14:22:21"},{"nodeID":"1358330","text":"a failure to invest","type":"I","timestamp":"2023-11-09 14:22:22"},{"nodeID":"1358331","text":"Tim Stanley: a failure to invest","type":"L","timestamp":"2023-11-09 14:22:22"},{"nodeID":"1358332","text":"Analysing","type":"YA","timestamp":"2023-11-09 14:22:22"},{"nodeID":"1358333","text":"Chris: Tim Stanley: a failure to invest","type":"L","timestamp":"2023-11-09 14:22:22"},{"nodeID":"1358334","text":"Asserting","type":"YA","timestamp":"2023-11-09 14:22:22"},{"nodeID":"1358335","text":"Default Transition","type":"TA","timestamp":"2023-11-09 14:22:22"},{"nodeID":"1358336","text":"Default Rephrase","type":"MA","timestamp":"2023-11-09 14:22:22"},{"nodeID":"1358337","text":"Restating","type":"YA","timestamp":"2023-11-09 14:22:22"},{"nodeID":"1358338","text":"Default Inference","type":"RA","timestamp":"2023-11-09 14:22:22"},{"nodeID":"1358339","text":"Arguing","type":"YA","timestamp":"2023-11-09 14:22:22"}],"edges":[{"edgeID":"1778131","fromID":"1358230","toID":"1358229","formEdgeID":null},{"edgeID":"1778132","fromID":"1358231","toID":"1358230","formEdgeID":null},{"edgeID":"1778133","fromID":"1358229","toID":"1358232","formEdgeID":null},{"edgeID":"1778134","fromID":"1358232","toID":"1358228","formEdgeID":null},{"edgeID":"1778135","fromID":"1358234","toID":"1358233","formEdgeID":null},{"edgeID":"1778136","fromID":"1358235","toID":"1358234","formEdgeID":null},{"edgeID":"1778137","fromID":"1358229","toID":"1358236","formEdgeID":null},{"edgeID":"1778138","fromID":"1358236","toID":"1358233","formEdgeID":null},{"edgeID":"1778139","fromID":"1358236","toID":"1358237","formEdgeID":null},{"edgeID":"1778140","fromID":"1358237","toID":"1358228","formEdgeID":null},{"edgeID":"1778141","fromID":"1358240","toID":"1358239","formEdgeID":null},{"edgeID":"1778142","fromID":"1358241","toID":"1358240","formEdgeID":null},{"edgeID":"1778143","fromID":"1358239","toID":"1358242","formEdgeID":null},{"edgeID":"1778144","fromID":"1358242","toID":"1358238","formEdgeID":null},{"edgeID":"1778145","fromID":"1358238","toID":"1358243","formEdgeID":null},{"edgeID":"1778146","fromID":"1358243","toID":"1358228","formEdgeID":null},{"edgeID":"1778147","fromID":"1358229","toID":"1358244","formEdgeID":null},{"edgeID":"1778148","fromID":"1358244","toID":"1358239","formEdgeID":null},{"edgeID":"1778149","fromID":"1358244","toID":"1358245","formEdgeID":null},{"edgeID":"1778150","fromID":"1358245","toID":"1358243","formEdgeID":null},{"edgeID":"1778151","fromID":"1358248","toID":"1358247","formEdgeID":null},{"edgeID":"1778152","fromID":"1358249","toID":"1358248","formEdgeID":null},{"edgeID":"1778153","fromID":"1358247","toID":"1358250","formEdgeID":null},{"edgeID":"1778154","fromID":"1358250","toID":"1358246","formEdgeID":null},{"edgeID":"1778155","fromID":"1358239","toID":"1358251","formEdgeID":null},{"edgeID":"1778156","fromID":"1358251","toID":"1358247","formEdgeID":null},{"edgeID":"1778157","fromID":"1358254","toID":"1358253","formEdgeID":null},{"edgeID":"1778158","fromID":"1358255","toID":"1358254","formEdgeID":null},{"edgeID":"1778159","fromID":"1358253","toID":"1358256","formEdgeID":null},{"edgeID":"1778160","fromID":"1358256","toID":"1358252","formEdgeID":null},{"edgeID":"1778161","fromID":"1358247","toID":"1358257","formEdgeID":null},{"edgeID":"1778162","fromID":"1358257","toID":"1358253","formEdgeID":null},{"edgeID":"1778163","fromID":"1358252","toID":"1358258","formEdgeID":null},{"edgeID":"1778164","fromID":"1358258","toID":"1358246","formEdgeID":null},{"edgeID":"1778165","fromID":"1358257","toID":"1358259","formEdgeID":null},{"edgeID":"1778166","fromID":"1358259","toID":"1358258","formEdgeID":null},{"edgeID":"1778167","fromID":"1358262","toID":"1358261","formEdgeID":null},{"edgeID":"1778168","fromID":"1358263","toID":"1358262","formEdgeID":null},{"edgeID":"1778169","fromID":"1358261","toID":"1358264","formEdgeID":null},{"edgeID":"1778170","fromID":"1358264","toID":"1358260","formEdgeID":null},{"edgeID":"1778171","fromID":"1358253","toID":"1358265","formEdgeID":null},{"edgeID":"1778172","fromID":"1358265","toID":"1358261","formEdgeID":null},{"edgeID":"1778173","fromID":"1358260","toID":"1358266","formEdgeID":null},{"edgeID":"1778174","fromID":"1358266","toID":"1358252","formEdgeID":null},{"edgeID":"1778175","fromID":"1358265","toID":"1358267","formEdgeID":null},{"edgeID":"1778176","fromID":"1358267","toID":"1358266","formEdgeID":null},{"edgeID":"1778177","fromID":"1358270","toID":"1358269","formEdgeID":null},{"edgeID":"1778178","fromID":"1358271","toID":"1358270","formEdgeID":null},{"edgeID":"1778179","fromID":"1358269","toID":"1358272","formEdgeID":null},{"edgeID":"1778180","fromID":"1358272","toID":"1358268","formEdgeID":null},{"edgeID":"1778181","fromID":"1358261","toID":"1358273","formEdgeID":null},{"edgeID":"1778182","fromID":"1358273","toID":"1358269","formEdgeID":null},{"edgeID":"1778183","fromID":"1358268","toID":"1358274","formEdgeID":null},{"edgeID":"1778184","fromID":"1358274","toID":"1358260","formEdgeID":null},{"edgeID":"1778185","fromID":"1358273","toID":"1358275","formEdgeID":null},{"edgeID":"1778186","fromID":"1358275","toID":"1358274","formEdgeID":null},{"edgeID":"1778187","fromID":"1358278","toID":"1358277","formEdgeID":null},{"edgeID":"1778188","fromID":"1358279","toID":"1358278","formEdgeID":null},{"edgeID":"1778189","fromID":"1358277","toID":"1358280","formEdgeID":null},{"edgeID":"1778190","fromID":"1358280","toID":"1358276","formEdgeID":null},{"edgeID":"1778191","fromID":"1358247","toID":"1358281","formEdgeID":null},{"edgeID":"1778192","fromID":"1358281","toID":"1358277","formEdgeID":null},{"edgeID":"1778193","fromID":"1358284","toID":"1358283","formEdgeID":null},{"edgeID":"1778194","fromID":"1358285","toID":"1358284","formEdgeID":null},{"edgeID":"1778195","fromID":"1358283","toID":"1358286","formEdgeID":null},{"edgeID":"1778196","fromID":"1358286","toID":"1358282","formEdgeID":null},{"edgeID":"1778197","fromID":"1358277","toID":"1358287","formEdgeID":null},{"edgeID":"1778198","fromID":"1358287","toID":"1358283","formEdgeID":null},{"edgeID":"1778199","fromID":"1358282","toID":"1358288","formEdgeID":null},{"edgeID":"1778200","fromID":"1358288","toID":"1358276","formEdgeID":null},{"edgeID":"1778201","fromID":"1358287","toID":"1358289","formEdgeID":null},{"edgeID":"1778202","fromID":"1358289","toID":"1358288","formEdgeID":null},{"edgeID":"1778203","fromID":"1358292","toID":"1358291","formEdgeID":null},{"edgeID":"1778204","fromID":"1358293","toID":"1358292","formEdgeID":null},{"edgeID":"1778205","fromID":"1358291","toID":"1358294","formEdgeID":null},{"edgeID":"1778206","fromID":"1358294","toID":"1358290","formEdgeID":null},{"edgeID":"1778207","fromID":"1358283","toID":"1358295","formEdgeID":null},{"edgeID":"1778208","fromID":"1358295","toID":"1358291","formEdgeID":null},{"edgeID":"1778209","fromID":"1358290","toID":"1358296","formEdgeID":null},{"edgeID":"1778210","fromID":"1358296","toID":"1358282","formEdgeID":null},{"edgeID":"1778211","fromID":"1358295","toID":"1358297","formEdgeID":null},{"edgeID":"1778212","fromID":"1358297","toID":"1358296","formEdgeID":null},{"edgeID":"1778213","fromID":"1358300","toID":"1358299","formEdgeID":null},{"edgeID":"1778214","fromID":"1358301","toID":"1358300","formEdgeID":null},{"edgeID":"1778215","fromID":"1358299","toID":"1358302","formEdgeID":null},{"edgeID":"1778216","fromID":"1358302","toID":"1358298","formEdgeID":null},{"edgeID":"1778217","fromID":"1358291","toID":"1358303","formEdgeID":null},{"edgeID":"1778218","fromID":"1358303","toID":"1358299","formEdgeID":null},{"edgeID":"1778219","fromID":"1358298","toID":"1358304","formEdgeID":null},{"edgeID":"1778220","fromID":"1358304","toID":"1358290","formEdgeID":null},{"edgeID":"1778221","fromID":"1358303","toID":"1358305","formEdgeID":null},{"edgeID":"1778222","fromID":"1358305","toID":"1358304","formEdgeID":null},{"edgeID":"1778223","fromID":"1358308","toID":"1358307","formEdgeID":null},{"edgeID":"1778224","fromID":"1358309","toID":"1358308","formEdgeID":null},{"edgeID":"1778225","fromID":"1358307","toID":"1358310","formEdgeID":null},{"edgeID":"1778226","fromID":"1358310","toID":"1358306","formEdgeID":null},{"edgeID":"1778227","fromID":"1358299","toID":"1358311","formEdgeID":null},{"edgeID":"1778228","fromID":"1358311","toID":"1358307","formEdgeID":null},{"edgeID":"1778229","fromID":"1358306","toID":"1358312","formEdgeID":null},{"edgeID":"1778230","fromID":"1358312","toID":"1358298","formEdgeID":null},{"edgeID":"1778231","fromID":"1358311","toID":"1358313","formEdgeID":null},{"edgeID":"1778232","fromID":"1358313","toID":"1358312","formEdgeID":null},{"edgeID":"1778233","fromID":"1358316","toID":"1358315","formEdgeID":null},{"edgeID":"1778234","fromID":"1358317","toID":"1358316","formEdgeID":null},{"edgeID":"1778235","fromID":"1358315","toID":"1358318","formEdgeID":null},{"edgeID":"1778236","fromID":"1358318","toID":"1358314","formEdgeID":null},{"edgeID":"1778237","fromID":"1358299","toID":"1358319","formEdgeID":null},{"edgeID":"1778238","fromID":"1358319","toID":"1358315","formEdgeID":null},{"edgeID":"1778239","fromID":"1358314","toID":"1358320","formEdgeID":null},{"edgeID":"1778240","fromID":"1358320","toID":"1358298","formEdgeID":null},{"edgeID":"1778241","fromID":"1358319","toID":"1358321","formEdgeID":null},{"edgeID":"1778242","fromID":"1358321","toID":"1358320","formEdgeID":null},{"edgeID":"1778243","fromID":"1358324","toID":"1358323","formEdgeID":null},{"edgeID":"1778244","fromID":"1358325","toID":"1358324","formEdgeID":null},{"edgeID":"1778245","fromID":"1358323","toID":"1358326","formEdgeID":null},{"edgeID":"1778246","fromID":"1358326","toID":"1358322","formEdgeID":null},{"edgeID":"1778247","fromID":"1358315","toID":"1358327","formEdgeID":null},{"edgeID":"1778248","fromID":"1358327","toID":"1358323","formEdgeID":null},{"edgeID":"1778249","fromID":"1358322","toID":"1358328","formEdgeID":null},{"edgeID":"1778250","fromID":"1358328","toID":"1358314","formEdgeID":null},{"edgeID":"1778251","fromID":"1358327","toID":"1358329","formEdgeID":null},{"edgeID":"1778252","fromID":"1358329","toID":"1358328","formEdgeID":null},{"edgeID":"1778253","fromID":"1358332","toID":"1358331","formEdgeID":null},{"edgeID":"1778254","fromID":"1358333","toID":"1358332","formEdgeID":null},{"edgeID":"1778255","fromID":"1358331","toID":"1358334","formEdgeID":null},{"edgeID":"1778256","fromID":"1358334","toID":"1358330","formEdgeID":null},{"edgeID":"1778257","fromID":"1358299","toID":"1358335","formEdgeID":null},{"edgeID":"1778258","fromID":"1358335","toID":"1358331","formEdgeID":null},{"edgeID":"1778259","fromID":"1358330","toID":"1358336","formEdgeID":null},{"edgeID":"1778260","fromID":"1358336","toID":"1358298","formEdgeID":null},{"edgeID":"1778261","fromID":"1358335","toID":"1358337","formEdgeID":null},{"edgeID":"1778262","fromID":"1358337","toID":"1358336","formEdgeID":null},{"edgeID":"1778263","fromID":"1358276","toID":"1358338","formEdgeID":null},{"edgeID":"1778264","fromID":"1358338","toID":"1358246","formEdgeID":null},{"edgeID":"1778265","fromID":"1358281","toID":"1358339","formEdgeID":null},{"edgeID":"1778266","fromID":"1358339","toID":"1358338","formEdgeID":null}],"locutions":[]}