{"nodes":[{"nodeID":"1341380","text":"people are dying","type":"I","timestamp":"2023-11-09 13:55:08"},{"nodeID":"1358916","text":"AudienceMember 20230126QT04 is also a junior doctor","type":"I","timestamp":"2023-11-09 14:23:20"},{"nodeID":"1358917","text":"AudienceMember 20230126QT04: I'm also a junior doctor","type":"L","timestamp":"2023-11-09 14:23:20"},{"nodeID":"1358918","text":"Analysing","type":"YA","timestamp":"2023-11-09 14:23:20"},{"nodeID":"1358919","text":"Anon: AudienceMember 20230126QT04: I'm also a junior doctor","type":"L","timestamp":"2023-11-09 14:23:20"},{"nodeID":"1358920","text":"Asserting","type":"YA","timestamp":"2023-11-09 14:23:20"},{"nodeID":"1358921","text":"AudienceMember 20230126QT04 lives and works in Anna Soubry's old constituency","type":"I","timestamp":"2023-11-09 14:23:21"},{"nodeID":"1358922","text":"AudienceMember 20230126QT04: I live and work in Anna's old constituency","type":"L","timestamp":"2023-11-09 14:23:21"},{"nodeID":"1358923","text":"Analysing","type":"YA","timestamp":"2023-11-09 14:23:21"},{"nodeID":"1358924","text":"Anon: AudienceMember 20230126QT04: I live and work in Anna's old constituency","type":"L","timestamp":"2023-11-09 14:23:21"},{"nodeID":"1358925","text":"Asserting","type":"YA","timestamp":"2023-11-09 14:23:21"},{"nodeID":"1358926","text":"Default Transition","type":"TA","timestamp":"2023-11-09 14:23:21"},{"nodeID":"1358927","text":"AudienceMember 20230126QT04 works on a dementia specialist ward","type":"I","timestamp":"2023-11-09 14:23:22"},{"nodeID":"1358928","text":"AudienceMember 20230126QT04: I work on a dementia specialist ward","type":"L","timestamp":"2023-11-09 14:23:22"},{"nodeID":"1358929","text":"Analysing","type":"YA","timestamp":"2023-11-09 14:23:22"},{"nodeID":"1358930","text":"Anon: AudienceMember 20230126QT04: I work on a dementia specialist ward","type":"L","timestamp":"2023-11-09 14:23:22"},{"nodeID":"1358931","text":"Asserting","type":"YA","timestamp":"2023-11-09 14:23:22"},{"nodeID":"1358932","text":"Default Transition","type":"TA","timestamp":"2023-11-09 14:23:22"},{"nodeID":"1358933","text":"AudienceMember 20230126QT04 had patients who are medically fit","type":"I","timestamp":"2023-11-09 14:23:23"},{"nodeID":"1358934","text":"AudienceMember 20230126QT04: I've had patients who are medically fit","type":"L","timestamp":"2023-11-09 14:23:23"},{"nodeID":"1358935","text":"Analysing","type":"YA","timestamp":"2023-11-09 14:23:23"},{"nodeID":"1358936","text":"Anon: AudienceMember 20230126QT04: I've had patients who are medically fit","type":"L","timestamp":"2023-11-09 14:23:23"},{"nodeID":"1358937","text":"Asserting","type":"YA","timestamp":"2023-11-09 14:23:23"},{"nodeID":"1358938","text":"Default Transition","type":"TA","timestamp":"2023-11-09 14:23:23"},{"nodeID":"1358939","text":"AudienceMember 20230126QT04 has patients who are medically fit and who do not need to be in an acute hospital bed waiting for placements for months now","type":"I","timestamp":"2023-11-09 14:23:23"},{"nodeID":"1358940","text":"AudienceMember 20230126QT04: who do not need to be in an acute hospital bed waiting for placements for months now","type":"L","timestamp":"2023-11-09 14:23:23"},{"nodeID":"1358941","text":"Analysing","type":"YA","timestamp":"2023-11-09 14:23:23"},{"nodeID":"1358942","text":"Anon: AudienceMember 20230126QT04: who do not need to be in an acute hospital bed waiting for placements for months now","type":"L","timestamp":"2023-11-09 14:23:23"},{"nodeID":"1358943","text":"Asserting","type":"YA","timestamp":"2023-11-09 14:23:23"},{"nodeID":"1358944","text":"Default Transition","type":"TA","timestamp":"2023-11-09 14:23:23"},{"nodeID":"1358945","text":"Default Rephrase","type":"MA","timestamp":"2023-11-09 14:23:23"},{"nodeID":"1358946","text":"Restating","type":"YA","timestamp":"2023-11-09 14:23:23"},{"nodeID":"1358947","text":"there's 165,000 vacancies in social care","type":"I","timestamp":"2023-11-09 14:23:24"},{"nodeID":"1358948","text":"AudienceMember 20230126QT04: there's 165,000 vacancies in social care","type":"L","timestamp":"2023-11-09 14:23:24"},{"nodeID":"1358949","text":"Analysing","type":"YA","timestamp":"2023-11-09 14:23:24"},{"nodeID":"1358950","text":"Anon: AudienceMember 20230126QT04: there's 165,000 vacancies in social care","type":"L","timestamp":"2023-11-09 14:23:24"},{"nodeID":"1358951","text":"Asserting","type":"YA","timestamp":"2023-11-09 14:23:24"},{"nodeID":"1358952","text":"Default Transition","type":"TA","timestamp":"2023-11-09 14:23:24"},{"nodeID":"1358953","text":"you haven't addressed that there's 165,000 vacancies in social care and that patients who do not need to be in acute hospital bed are waiting for placements because of it","type":"I","timestamp":"2023-11-09 14:23:25"},{"nodeID":"1358954","text":"AudienceMember 20230126QT04: you haven't addressed it","type":"L","timestamp":"2023-11-09 14:23:25"},{"nodeID":"1358955","text":"Analysing","type":"YA","timestamp":"2023-11-09 14:23:25"},{"nodeID":"1358956","text":"Anon: AudienceMember 20230126QT04: you haven't addressed it","type":"L","timestamp":"2023-11-09 14:23:25"},{"nodeID":"1358957","text":"Asserting","type":"YA","timestamp":"2023-11-09 14:23:25"},{"nodeID":"1358958","text":"Default Transition","type":"TA","timestamp":"2023-11-09 14:23:25"},{"nodeID":"1358959","text":"Default Rephrase","type":"MA","timestamp":"2023-11-09 14:23:25"},{"nodeID":"1358960","text":"Restating","type":"YA","timestamp":"2023-11-09 14:23:25"},{"nodeID":"1358961","text":"last year 7,000 doctors approached our regulator looking for permission and their paperwork to go and work abroad","type":"I","timestamp":"2023-11-09 14:23:26"},{"nodeID":"1358962","text":"AudienceMember 20230126QT04: Last year 7,000 doctors approached our regulator looking for permission and their paperwork to go and work abroad","type":"L","timestamp":"2023-11-09 14:23:26"},{"nodeID":"1358963","text":"Analysing","type":"YA","timestamp":"2023-11-09 14:23:26"},{"nodeID":"1358964","text":"Anon: AudienceMember 20230126QT04: Last year 7,000 doctors approached our regulator looking for permission and their paperwork to go and work abroad","type":"L","timestamp":"2023-11-09 14:23:26"},{"nodeID":"1358965","text":"Asserting","type":"YA","timestamp":"2023-11-09 14:23:26"},{"nodeID":"1358966","text":"Default Transition","type":"TA","timestamp":"2023-11-09 14:23:26"},{"nodeID":"1358967","text":"you only train 8,000 medical students a year","type":"I","timestamp":"2023-11-09 14:23:26"},{"nodeID":"1358968","text":"AudienceMember 20230126QT04: You only train 8,000 medical students a year","type":"L","timestamp":"2023-11-09 14:23:26"},{"nodeID":"1358969","text":"Analysing","type":"YA","timestamp":"2023-11-09 14:23:26"},{"nodeID":"1358970","text":"Anon: AudienceMember 20230126QT04: You only train 8,000 medical students a year","type":"L","timestamp":"2023-11-09 14:23:26"},{"nodeID":"1358971","text":"Asserting","type":"YA","timestamp":"2023-11-09 14:23:26"},{"nodeID":"1358972","text":"Default Transition","type":"TA","timestamp":"2023-11-09 14:23:26"},{"nodeID":"1358973","text":"retention is in crisis in the NHS","type":"I","timestamp":"2023-11-09 14:23:27"},{"nodeID":"1358974","text":"AudienceMember 20230126QT04: retention is in crisis in the NHS","type":"L","timestamp":"2023-11-09 14:23:27"},{"nodeID":"1358975","text":"Analysing","type":"YA","timestamp":"2023-11-09 14:23:27"},{"nodeID":"1358976","text":"Anon: AudienceMember 20230126QT04: retention is in crisis in the NHS","type":"L","timestamp":"2023-11-09 14:23:27"},{"nodeID":"1358977","text":"Asserting","type":"YA","timestamp":"2023-11-09 14:23:27"},{"nodeID":"1358978","text":"Default Transition","type":"TA","timestamp":"2023-11-09 14:23:27"},{"nodeID":"1358979","text":"Default Inference","type":"RA","timestamp":"2023-11-09 14:23:27"},{"nodeID":"1358980","text":"Arguing","type":"YA","timestamp":"2023-11-09 14:23:27"},{"nodeID":"1358981","text":"you must address the retention crisis in the NHS","type":"I","timestamp":"2023-11-09 14:23:28"},{"nodeID":"1358982","text":"AudienceMember 20230126QT04: You must address it","type":"L","timestamp":"2023-11-09 14:23:28"},{"nodeID":"1358983","text":"Analysing","type":"YA","timestamp":"2023-11-09 14:23:28"},{"nodeID":"1358984","text":"Anon: AudienceMember 20230126QT04: You must address it","type":"L","timestamp":"2023-11-09 14:23:28"},{"nodeID":"1358985","text":"Asserting","type":"YA","timestamp":"2023-11-09 14:23:28"},{"nodeID":"1358986","text":"Default Transition","type":"TA","timestamp":"2023-11-09 14:23:28"},{"nodeID":"1358987","text":"Default Rephrase","type":"MA","timestamp":"2023-11-09 14:23:28"},{"nodeID":"1358988","text":"Restating","type":"YA","timestamp":"2023-11-09 14:23:28"},{"nodeID":"1358989","text":"the trust of AudienceMember 20230126QT04 declared a critical incident","type":"I","timestamp":"2023-11-09 14:23:29"},{"nodeID":"1358990","text":"AudienceMember 20230126QT04: my trust declared a critical incident","type":"L","timestamp":"2023-11-09 14:23:29"},{"nodeID":"1358991","text":"Analysing","type":"YA","timestamp":"2023-11-09 14:23:29"},{"nodeID":"1358992","text":"Anon: AudienceMember 20230126QT04: my trust declared a critical incident","type":"L","timestamp":"2023-11-09 14:23:29"},{"nodeID":"1358993","text":"Asserting","type":"YA","timestamp":"2023-11-09 14:23:29"},{"nodeID":"1358994","text":"Default Transition","type":"TA","timestamp":"2023-11-09 14:23:29"},{"nodeID":"1358995","text":"the trust of AudienceMember 20230126QT04 stepped down the critical incident","type":"I","timestamp":"2023-11-09 14:23:29"},{"nodeID":"1358996","text":"AudienceMember 20230126QT04: it stepped down the critical incident","type":"L","timestamp":"2023-11-09 14:23:29"},{"nodeID":"1358997","text":"Analysing","type":"YA","timestamp":"2023-11-09 14:23:29"},{"nodeID":"1358998","text":"Anon: AudienceMember 20230126QT04: it stepped down the critical incident","type":"L","timestamp":"2023-11-09 14:23:29"},{"nodeID":"1358999","text":"Asserting","type":"YA","timestamp":"2023-11-09 14:23:29"},{"nodeID":"1359000","text":"Default Transition","type":"TA","timestamp":"2023-11-09 14:23:29"},{"nodeID":"1359001","text":"Default Rephrase","type":"MA","timestamp":"2023-11-09 14:23:29"},{"nodeID":"1359002","text":"Restating","type":"YA","timestamp":"2023-11-09 14:23:29"},{"nodeID":"1359003","text":"the trust of AudienceMember 20230126QT04 did not step down the critical incident because things are getting better","type":"I","timestamp":"2023-11-09 14:23:30"},{"nodeID":"1359004","text":"AudienceMember 20230126QT04: not because things are getting better","type":"L","timestamp":"2023-11-09 14:23:30"},{"nodeID":"1359005","text":"Analysing","type":"YA","timestamp":"2023-11-09 14:23:30"},{"nodeID":"1359006","text":"Anon: AudienceMember 20230126QT04: not because things are getting better","type":"L","timestamp":"2023-11-09 14:23:30"},{"nodeID":"1359007","text":"Asserting","type":"YA","timestamp":"2023-11-09 14:23:30"},{"nodeID":"1359008","text":"Default Transition","type":"TA","timestamp":"2023-11-09 14:23:30"},{"nodeID":"1359009","text":"the trust of AudienceMember 20230126QT04 stepped down the critical incident because it doesn't make any difference them declaring a critical incident","type":"I","timestamp":"2023-11-09 14:23:31"},{"nodeID":"1359010","text":"AudienceMember 20230126QT04: it doesn't make any difference us declaring a critical incident","type":"L","timestamp":"2023-11-09 14:23:31"},{"nodeID":"1359011","text":"Analysing","type":"YA","timestamp":"2023-11-09 14:23:31"},{"nodeID":"1359012","text":"Anon: AudienceMember 20230126QT04: it doesn't make any difference us declaring a critical incident","type":"L","timestamp":"2023-11-09 14:23:31"},{"nodeID":"1359013","text":"Asserting","type":"YA","timestamp":"2023-11-09 14:23:31"},{"nodeID":"1359014","text":"Default Transition","type":"TA","timestamp":"2023-11-09 14:23:31"},{"nodeID":"1359015","text":"it doesn't make any difference for the trust of AudienceMember 20230126QT04 stepping down the critical incident because you refuse to accept that this is a crisis","type":"I","timestamp":"2023-11-09 14:23:32"},{"nodeID":"1359016","text":"AudienceMember 20230126QT04: you refuse to accept that this is a crisis","type":"L","timestamp":"2023-11-09 14:23:32"},{"nodeID":"1359017","text":"Analysing","type":"YA","timestamp":"2023-11-09 14:23:32"},{"nodeID":"1359018","text":"Anon: AudienceMember 20230126QT04: you refuse to accept that this is a crisis","type":"L","timestamp":"2023-11-09 14:23:32"},{"nodeID":"1359019","text":"Asserting","type":"YA","timestamp":"2023-11-09 14:23:32"},{"nodeID":"1359020","text":"Default Transition","type":"TA","timestamp":"2023-11-09 14:23:32"},{"nodeID":"1359021","text":"Default Rephrase","type":"MA","timestamp":"2023-11-09 14:23:32"},{"nodeID":"1359022","text":"Default Rephrase","type":"MA","timestamp":"2023-11-09 14:23:32"},{"nodeID":"1359023","text":"Restating","type":"YA","timestamp":"2023-11-09 14:23:32"},{"nodeID":"1359024","text":"Restating","type":"YA","timestamp":"2023-11-09 14:23:32"},{"nodeID":"1359025","text":"AudienceMember 20230126QT04: people are dying","type":"L","timestamp":"2023-11-09 14:23:32"},{"nodeID":"1359026","text":"Analysing","type":"YA","timestamp":"2023-11-09 14:23:32"},{"nodeID":"1359027","text":"Anon: AudienceMember 20230126QT04: people are dying","type":"L","timestamp":"2023-11-09 14:23:32"},{"nodeID":"1359028","text":"Asserting","type":"YA","timestamp":"2023-11-09 14:23:32"},{"nodeID":"1359029","text":"Default Transition","type":"TA","timestamp":"2023-11-09 14:23:32"},{"nodeID":"1359030","text":"you are not addressing the problems","type":"I","timestamp":"2023-11-09 14:23:32"},{"nodeID":"1359031","text":"AudienceMember 20230126QT04: you are not addressing the problems","type":"L","timestamp":"2023-11-09 14:23:32"},{"nodeID":"1359032","text":"Analysing","type":"YA","timestamp":"2023-11-09 14:23:32"},{"nodeID":"1359033","text":"Anon: AudienceMember 20230126QT04: you are not addressing the problems","type":"L","timestamp":"2023-11-09 14:23:32"},{"nodeID":"1359034","text":"Asserting","type":"YA","timestamp":"2023-11-09 14:23:32"},{"nodeID":"1359035","text":"Default Transition","type":"TA","timestamp":"2023-11-09 14:23:32"},{"nodeID":"1359036","text":"Default Inference","type":"RA","timestamp":"2023-11-09 14:23:32"},{"nodeID":"1359037","text":"Arguing","type":"YA","timestamp":"2023-11-09 14:23:32"}],"edges":[{"edgeID":"1778959","fromID":"1358918","toID":"1358917","formEdgeID":null},{"edgeID":"1778960","fromID":"1358919","toID":"1358918","formEdgeID":null},{"edgeID":"1778961","fromID":"1358917","toID":"1358920","formEdgeID":null},{"edgeID":"1778962","fromID":"1358920","toID":"1358916","formEdgeID":null},{"edgeID":"1778963","fromID":"1358923","toID":"1358922","formEdgeID":null},{"edgeID":"1778964","fromID":"1358924","toID":"1358923","formEdgeID":null},{"edgeID":"1778965","fromID":"1358922","toID":"1358925","formEdgeID":null},{"edgeID":"1778966","fromID":"1358925","toID":"1358921","formEdgeID":null},{"edgeID":"1778967","fromID":"1358917","toID":"1358926","formEdgeID":null},{"edgeID":"1778968","fromID":"1358926","toID":"1358922","formEdgeID":null},{"edgeID":"1778969","fromID":"1358929","toID":"1358928","formEdgeID":null},{"edgeID":"1778970","fromID":"1358930","toID":"1358929","formEdgeID":null},{"edgeID":"1778971","fromID":"1358928","toID":"1358931","formEdgeID":null},{"edgeID":"1778972","fromID":"1358931","toID":"1358927","formEdgeID":null},{"edgeID":"1778973","fromID":"1358922","toID":"1358932","formEdgeID":null},{"edgeID":"1778974","fromID":"1358932","toID":"1358928","formEdgeID":null},{"edgeID":"1778975","fromID":"1358935","toID":"1358934","formEdgeID":null},{"edgeID":"1778976","fromID":"1358936","toID":"1358935","formEdgeID":null},{"edgeID":"1778977","fromID":"1358934","toID":"1358937","formEdgeID":null},{"edgeID":"1778978","fromID":"1358937","toID":"1358933","formEdgeID":null},{"edgeID":"1778979","fromID":"1358928","toID":"1358938","formEdgeID":null},{"edgeID":"1778980","fromID":"1358938","toID":"1358934","formEdgeID":null},{"edgeID":"1778981","fromID":"1358941","toID":"1358940","formEdgeID":null},{"edgeID":"1778982","fromID":"1358942","toID":"1358941","formEdgeID":null},{"edgeID":"1778983","fromID":"1358940","toID":"1358943","formEdgeID":null},{"edgeID":"1778984","fromID":"1358943","toID":"1358939","formEdgeID":null},{"edgeID":"1778985","fromID":"1358934","toID":"1358944","formEdgeID":null},{"edgeID":"1778986","fromID":"1358944","toID":"1358940","formEdgeID":null},{"edgeID":"1778987","fromID":"1358939","toID":"1358945","formEdgeID":null},{"edgeID":"1778988","fromID":"1358945","toID":"1358933","formEdgeID":null},{"edgeID":"1778989","fromID":"1358944","toID":"1358946","formEdgeID":null},{"edgeID":"1778990","fromID":"1358946","toID":"1358945","formEdgeID":null},{"edgeID":"1778991","fromID":"1358949","toID":"1358948","formEdgeID":null},{"edgeID":"1778992","fromID":"1358950","toID":"1358949","formEdgeID":null},{"edgeID":"1778993","fromID":"1358948","toID":"1358951","formEdgeID":null},{"edgeID":"1778994","fromID":"1358951","toID":"1358947","formEdgeID":null},{"edgeID":"1778995","fromID":"1358940","toID":"1358952","formEdgeID":null},{"edgeID":"1778996","fromID":"1358952","toID":"1358948","formEdgeID":null},{"edgeID":"1778997","fromID":"1358955","toID":"1358954","formEdgeID":null},{"edgeID":"1778998","fromID":"1358956","toID":"1358955","formEdgeID":null},{"edgeID":"1778999","fromID":"1358954","toID":"1358957","formEdgeID":null},{"edgeID":"1779000","fromID":"1358957","toID":"1358953","formEdgeID":null},{"edgeID":"1779001","fromID":"1358948","toID":"1358958","formEdgeID":null},{"edgeID":"1779002","fromID":"1358958","toID":"1358954","formEdgeID":null},{"edgeID":"1779003","fromID":"1358953","toID":"1358959","formEdgeID":null},{"edgeID":"1779004","fromID":"1358959","toID":"1358947","formEdgeID":null},{"edgeID":"1779005","fromID":"1358958","toID":"1358960","formEdgeID":null},{"edgeID":"1779006","fromID":"1358960","toID":"1358959","formEdgeID":null},{"edgeID":"1779007","fromID":"1358963","toID":"1358962","formEdgeID":null},{"edgeID":"1779008","fromID":"1358964","toID":"1358963","formEdgeID":null},{"edgeID":"1779009","fromID":"1358962","toID":"1358965","formEdgeID":null},{"edgeID":"1779010","fromID":"1358965","toID":"1358961","formEdgeID":null},{"edgeID":"1779011","fromID":"1358954","toID":"1358966","formEdgeID":null},{"edgeID":"1779012","fromID":"1358966","toID":"1358962","formEdgeID":null},{"edgeID":"1779013","fromID":"1358969","toID":"1358968","formEdgeID":null},{"edgeID":"1779014","fromID":"1358970","toID":"1358969","formEdgeID":null},{"edgeID":"1779015","fromID":"1358968","toID":"1358971","formEdgeID":null},{"edgeID":"1779016","fromID":"1358971","toID":"1358967","formEdgeID":null},{"edgeID":"1779017","fromID":"1358962","toID":"1358972","formEdgeID":null},{"edgeID":"1779018","fromID":"1358972","toID":"1358968","formEdgeID":null},{"edgeID":"1779019","fromID":"1358975","toID":"1358974","formEdgeID":null},{"edgeID":"1779020","fromID":"1358976","toID":"1358975","formEdgeID":null},{"edgeID":"1779021","fromID":"1358974","toID":"1358977","formEdgeID":null},{"edgeID":"1779022","fromID":"1358977","toID":"1358973","formEdgeID":null},{"edgeID":"1779023","fromID":"1358968","toID":"1358978","formEdgeID":null},{"edgeID":"1779024","fromID":"1358978","toID":"1358974","formEdgeID":null},{"edgeID":"1779025","fromID":"1358967","toID":"1358979","formEdgeID":null},{"edgeID":"1779026","fromID":"1358979","toID":"1358973","formEdgeID":null},{"edgeID":"1779027","fromID":"1358978","toID":"1358980","formEdgeID":null},{"edgeID":"1779028","fromID":"1358980","toID":"1358979","formEdgeID":null},{"edgeID":"1779029","fromID":"1358983","toID":"1358982","formEdgeID":null},{"edgeID":"1779030","fromID":"1358984","toID":"1358983","formEdgeID":null},{"edgeID":"1779031","fromID":"1358982","toID":"1358985","formEdgeID":null},{"edgeID":"1779032","fromID":"1358985","toID":"1358981","formEdgeID":null},{"edgeID":"1779033","fromID":"1358974","toID":"1358986","formEdgeID":null},{"edgeID":"1779034","fromID":"1358986","toID":"1358982","formEdgeID":null},{"edgeID":"1779035","fromID":"1358981","toID":"1358987","formEdgeID":null},{"edgeID":"1779036","fromID":"1358987","toID":"1358973","formEdgeID":null},{"edgeID":"1779037","fromID":"1358986","toID":"1358988","formEdgeID":null},{"edgeID":"1779038","fromID":"1358988","toID":"1358987","formEdgeID":null},{"edgeID":"1779039","fromID":"1358991","toID":"1358990","formEdgeID":null},{"edgeID":"1779040","fromID":"1358992","toID":"1358991","formEdgeID":null},{"edgeID":"1779041","fromID":"1358990","toID":"1358993","formEdgeID":null},{"edgeID":"1779042","fromID":"1358993","toID":"1358989","formEdgeID":null},{"edgeID":"1779043","fromID":"1358982","toID":"1358994","formEdgeID":null},{"edgeID":"1779044","fromID":"1358994","toID":"1358990","formEdgeID":null},{"edgeID":"1779045","fromID":"1358997","toID":"1358996","formEdgeID":null},{"edgeID":"1779046","fromID":"1358998","toID":"1358997","formEdgeID":null},{"edgeID":"1779047","fromID":"1358996","toID":"1358999","formEdgeID":null},{"edgeID":"1779048","fromID":"1358999","toID":"1358995","formEdgeID":null},{"edgeID":"1779049","fromID":"1358990","toID":"1359000","formEdgeID":null},{"edgeID":"1779050","fromID":"1359000","toID":"1358996","formEdgeID":null},{"edgeID":"1779051","fromID":"1358995","toID":"1359001","formEdgeID":null},{"edgeID":"1779052","fromID":"1359001","toID":"1358989","formEdgeID":null},{"edgeID":"1779053","fromID":"1359000","toID":"1359002","formEdgeID":null},{"edgeID":"1779054","fromID":"1359002","toID":"1359001","formEdgeID":null},{"edgeID":"1779055","fromID":"1359005","toID":"1359004","formEdgeID":null},{"edgeID":"1779056","fromID":"1359006","toID":"1359005","formEdgeID":null},{"edgeID":"1779057","fromID":"1359004","toID":"1359007","formEdgeID":null},{"edgeID":"1779058","fromID":"1359007","toID":"1359003","formEdgeID":null},{"edgeID":"1779059","fromID":"1358996","toID":"1359008","formEdgeID":null},{"edgeID":"1779060","fromID":"1359008","toID":"1359004","formEdgeID":null},{"edgeID":"1779061","fromID":"1359011","toID":"1359010","formEdgeID":null},{"edgeID":"1779062","fromID":"1359012","toID":"1359011","formEdgeID":null},{"edgeID":"1779063","fromID":"1359010","toID":"1359013","formEdgeID":null},{"edgeID":"1779064","fromID":"1359013","toID":"1359009","formEdgeID":null},{"edgeID":"1779065","fromID":"1359004","toID":"1359014","formEdgeID":null},{"edgeID":"1779066","fromID":"1359014","toID":"1359010","formEdgeID":null},{"edgeID":"1779067","fromID":"1359017","toID":"1359016","formEdgeID":null},{"edgeID":"1779068","fromID":"1359018","toID":"1359017","formEdgeID":null},{"edgeID":"1779069","fromID":"1359016","toID":"1359019","formEdgeID":null},{"edgeID":"1779070","fromID":"1359019","toID":"1359015","formEdgeID":null},{"edgeID":"1779071","fromID":"1359010","toID":"1359020","formEdgeID":null},{"edgeID":"1779072","fromID":"1359020","toID":"1359016","formEdgeID":null},{"edgeID":"1779073","fromID":"1359015","toID":"1359021","formEdgeID":null},{"edgeID":"1779074","fromID":"1359021","toID":"1359009","formEdgeID":null},{"edgeID":"1779075","fromID":"1359009","toID":"1359022","formEdgeID":null},{"edgeID":"1779076","fromID":"1359022","toID":"1359003","formEdgeID":null},{"edgeID":"1779077","fromID":"1359014","toID":"1359023","formEdgeID":null},{"edgeID":"1779078","fromID":"1359023","toID":"1359022","formEdgeID":null},{"edgeID":"1779079","fromID":"1359020","toID":"1359024","formEdgeID":null},{"edgeID":"1779080","fromID":"1359024","toID":"1359021","formEdgeID":null},{"edgeID":"1779081","fromID":"1359026","toID":"1359025","formEdgeID":null},{"edgeID":"1779082","fromID":"1359027","toID":"1359026","formEdgeID":null},{"edgeID":"1779083","fromID":"1359025","toID":"1359028","formEdgeID":null},{"edgeID":"1779084","fromID":"1359028","toID":"1341380","formEdgeID":null},{"edgeID":"1779085","fromID":"1359016","toID":"1359029","formEdgeID":null},{"edgeID":"1779086","fromID":"1359029","toID":"1359025","formEdgeID":null},{"edgeID":"1779087","fromID":"1359032","toID":"1359031","formEdgeID":null},{"edgeID":"1779088","fromID":"1359033","toID":"1359032","formEdgeID":null},{"edgeID":"1779089","fromID":"1359031","toID":"1359034","formEdgeID":null},{"edgeID":"1779090","fromID":"1359034","toID":"1359030","formEdgeID":null},{"edgeID":"1779091","fromID":"1359025","toID":"1359035","formEdgeID":null},{"edgeID":"1779092","fromID":"1359035","toID":"1359031","formEdgeID":null},{"edgeID":"1779093","fromID":"1359030","toID":"1359036","formEdgeID":null},{"edgeID":"1779094","fromID":"1359036","toID":"1341380","formEdgeID":null},{"edgeID":"1779095","fromID":"1359035","toID":"1359037","formEdgeID":null},{"edgeID":"1779096","fromID":"1359037","toID":"1359036","formEdgeID":null}],"locutions":[]}