{"nodes":[{"nodeID":"1377988","text":"students currently study maths to 16","type":"I","timestamp":"2023-11-09 14:50:41"},{"nodeID":"1377989","text":"AudienceMember 20230126QT32: Students currently study maths to 16","type":"L","timestamp":"2023-11-09 14:50:41"},{"nodeID":"1377990","text":"Analysing","type":"YA","timestamp":"2023-11-09 14:50:41"},{"nodeID":"1377991","text":"Chris: AudienceMember 20230126QT32: Students currently study maths to 16","type":"L","timestamp":"2023-11-09 14:50:41"},{"nodeID":"1377992","text":"Asserting","type":"YA","timestamp":"2023-11-09 14:50:41"},{"nodeID":"1377993","text":"Rishi Sunak wants to increase students studying maths to 18","type":"I","timestamp":"2023-11-09 14:50:41"},{"nodeID":"1377994","text":"AudienceMember 20230126QT32: Rishi Sunak wants to increase this to 18","type":"L","timestamp":"2023-11-09 14:50:41"},{"nodeID":"1377995","text":"Analysing","type":"YA","timestamp":"2023-11-09 14:50:41"},{"nodeID":"1377996","text":"Chris: AudienceMember 20230126QT32: Rishi Sunak wants to increase this to 18","type":"L","timestamp":"2023-11-09 14:50:41"},{"nodeID":"1377997","text":"Asserting","type":"YA","timestamp":"2023-11-09 14:50:41"},{"nodeID":"1377998","text":"Default Transition","type":"TA","timestamp":"2023-11-09 14:50:41"},{"nodeID":"1377999","text":"xxx is what difference will four years make","type":"I","timestamp":"2023-11-09 14:50:42"},{"nodeID":"1378000","text":"AudienceMember 20230126QT32: What difference will four years make","type":"L","timestamp":"2023-11-09 14:50:42"},{"nodeID":"1378001","text":"Analysing","type":"YA","timestamp":"2023-11-09 14:50:42"},{"nodeID":"1378002","text":"Chris: AudienceMember 20230126QT32: What difference will four years make","type":"L","timestamp":"2023-11-09 14:50:42"},{"nodeID":"1378003","text":"Pure Questioning","type":"YA","timestamp":"2023-11-09 14:50:42"},{"nodeID":"1378004","text":"Default Transition","type":"TA","timestamp":"2023-11-09 14:50:42"},{"nodeID":"1378005","text":"Default Inference","type":"RA","timestamp":"2023-11-09 14:50:42"},{"nodeID":"1378006","text":"Arguing","type":"YA","timestamp":"2023-11-09 14:50:42"},{"nodeID":"1378007","text":"when Fiona Bruce saw that question, she laughed like a drain","type":"I","timestamp":"2023-11-09 14:50:42"},{"nodeID":"1378008","text":"Fiona Bruce: when I saw that question, I laughed like a drain","type":"L","timestamp":"2023-11-09 14:50:42"},{"nodeID":"1378009","text":"Analysing","type":"YA","timestamp":"2023-11-09 14:50:42"},{"nodeID":"1378010","text":"Chris: Fiona Bruce: when I saw that question, I laughed like a drain","type":"L","timestamp":"2023-11-09 14:50:42"},{"nodeID":"1378011","text":"Asserting","type":"YA","timestamp":"2023-11-09 14:50:42"},{"nodeID":"1378012","text":"Default Transition","type":"TA","timestamp":"2023-11-09 14:50:42"},{"nodeID":"1378013","text":"Default Rephrase","type":"MA","timestamp":"2023-11-09 14:50:42"},{"nodeID":"1378014","text":"Default Illocuting","type":"YA","timestamp":"2023-11-09 14:50:42"},{"nodeID":"1378015","text":"the question is very nicely and ironically put","type":"I","timestamp":"2023-11-09 14:50:43"},{"nodeID":"1378016","text":"Fiona Bruce: Very nicely and ironically put","type":"L","timestamp":"2023-11-09 14:50:43"},{"nodeID":"1378017","text":"Analysing","type":"YA","timestamp":"2023-11-09 14:50:43"},{"nodeID":"1378018","text":"Chris: Fiona Bruce: Very nicely and ironically put","type":"L","timestamp":"2023-11-09 14:50:43"},{"nodeID":"1378019","text":"Asserting","type":"YA","timestamp":"2023-11-09 14:50:43"},{"nodeID":"1378020","text":"Default Transition","type":"TA","timestamp":"2023-11-09 14:50:43"},{"nodeID":"1378021","text":"Default Inference","type":"RA","timestamp":"2023-11-09 14:50:43"},{"nodeID":"1378022","text":"Arguing","type":"YA","timestamp":"2023-11-09 14:50:43"},{"nodeID":"1378023","text":"AudienceMember20230126QT32 is a teacher","type":"I","timestamp":"2023-11-09 14:50:44"},{"nodeID":"1378024","text":"Fiona Bruce: you're a teacher Anna, is that right","type":"L","timestamp":"2023-11-09 14:50:44"},{"nodeID":"1378025","text":"Analysing","type":"YA","timestamp":"2023-11-09 14:50:44"},{"nodeID":"1378026","text":"Chris: Fiona Bruce: you're a teacher Anna, is that right","type":"L","timestamp":"2023-11-09 14:50:44"},{"nodeID":"1378027","text":"Assertive Questioning","type":"YA","timestamp":"2023-11-09 14:50:44"},{"nodeID":"1378028","text":"Default Transition","type":"TA","timestamp":"2023-11-09 14:50:44"},{"nodeID":"1378029","text":"AudienceMember 20230126QT32: Yes","type":"L","timestamp":"2023-11-09 14:50:44"},{"nodeID":"1378030","text":"Analysing","type":"YA","timestamp":"2023-11-09 14:50:44"},{"nodeID":"1378031","text":"Chris: AudienceMember 20230126QT32: Yes","type":"L","timestamp":"2023-11-09 14:50:44"},{"nodeID":"1378032","text":"Default Transition","type":"TA","timestamp":"2023-11-09 14:50:44"},{"nodeID":"1378033","text":"Agreeing","type":"YA","timestamp":"2023-11-09 14:50:44"},{"nodeID":"1378034","text":"Alex Chalk, the idea is for everyone to do A-level maths","type":"I","timestamp":"2023-11-09 14:50:44"},{"nodeID":"1378035","text":"Fiona Bruce: Alex, is the idea for everyone to do A-level","type":"L","timestamp":"2023-11-09 14:50:44"},{"nodeID":"1378036","text":"Analysing","type":"YA","timestamp":"2023-11-09 14:50:44"},{"nodeID":"1378037","text":"Chris: Fiona Bruce: Alex, is the idea for everyone to do A-level","type":"L","timestamp":"2023-11-09 14:50:44"},{"nodeID":"1378038","text":"Assertive Questioning","type":"YA","timestamp":"2023-11-09 14:50:44"},{"nodeID":"1378039","text":"Default Transition","type":"TA","timestamp":"2023-11-09 14:50:44"},{"nodeID":"1378040","text":"Alex Chalk: No, absolutely not","type":"L","timestamp":"2023-11-09 14:50:44"},{"nodeID":"1378041","text":"Analysing","type":"YA","timestamp":"2023-11-09 14:50:44"},{"nodeID":"1378042","text":"Chris: Alex Chalk: No, absolutely not","type":"L","timestamp":"2023-11-09 14:50:44"},{"nodeID":"1378043","text":"Default Transition","type":"TA","timestamp":"2023-11-09 14:50:44"},{"nodeID":"1378044","text":"Disagreeing","type":"YA","timestamp":"2023-11-09 14:50:44"},{"nodeID":"1378045","text":"xxx is the plan","type":"I","timestamp":"2023-11-09 14:50:45"},{"nodeID":"1378046","text":"Fiona Bruce: What is it then","type":"L","timestamp":"2023-11-09 14:50:45"},{"nodeID":"1378047","text":"Analysing","type":"YA","timestamp":"2023-11-09 14:50:45"},{"nodeID":"1378048","text":"Chris: Fiona Bruce: What is it then","type":"L","timestamp":"2023-11-09 14:50:45"},{"nodeID":"1378049","text":"Pure Questioning","type":"YA","timestamp":"2023-11-09 14:50:45"},{"nodeID":"1378050","text":"Default Transition","type":"TA","timestamp":"2023-11-09 14:50:45"},{"nodeID":"1378051","text":"it's not for everyone to do A-level","type":"I","timestamp":"2023-11-09 14:50:45"},{"nodeID":"1378052","text":"Alex Chalk: it's not for everyone to do A-level","type":"L","timestamp":"2023-11-09 14:50:45"},{"nodeID":"1378053","text":"Analysing","type":"YA","timestamp":"2023-11-09 14:50:45"},{"nodeID":"1378054","text":"Chris: Alex Chalk: it's not for everyone to do A-level","type":"L","timestamp":"2023-11-09 14:50:45"},{"nodeID":"1378055","text":"Asserting","type":"YA","timestamp":"2023-11-09 14:50:45"},{"nodeID":"1378056","text":"Default Transition","type":"TA","timestamp":"2023-11-09 14:50:45"},{"nodeID":"1378057","text":"Default Rephrase","type":"MA","timestamp":"2023-11-09 14:50:45"},{"nodeID":"1378058","text":"Default Illocuting","type":"YA","timestamp":"2023-11-09 14:50:45"},{"nodeID":"1378059","text":"if you compare this country to peer nations typically they do tend to maths till later","type":"I","timestamp":"2023-11-09 14:50:46"},{"nodeID":"1378060","text":"Alex Chalk: if you compare this country to peer nations typically they do tend to maths till later","type":"L","timestamp":"2023-11-09 14:50:46"},{"nodeID":"1378061","text":"Analysing","type":"YA","timestamp":"2023-11-09 14:50:46"},{"nodeID":"1378062","text":"Chris: Alex Chalk: if you compare this country to peer nations typically they do tend to maths till later","type":"L","timestamp":"2023-11-09 14:50:46"},{"nodeID":"1378063","text":"Asserting","type":"YA","timestamp":"2023-11-09 14:50:46"},{"nodeID":"1378064","text":"of course not everyone is going to do A-level","type":"I","timestamp":"2023-11-09 14:50:47"},{"nodeID":"1378065","text":"Alex Chalk: of course not everyone is going to do A-level","type":"L","timestamp":"2023-11-09 14:50:47"},{"nodeID":"1378066","text":"Analysing","type":"YA","timestamp":"2023-11-09 14:50:47"},{"nodeID":"1378067","text":"Chris: Alex Chalk: of course not everyone is going to do A-level","type":"L","timestamp":"2023-11-09 14:50:47"},{"nodeID":"1378068","text":"Asserting","type":"YA","timestamp":"2023-11-09 14:50:47"},{"nodeID":"1378069","text":"Default Transition","type":"TA","timestamp":"2023-11-09 14:50:47"},{"nodeID":"1378070","text":"Default Rephrase","type":"MA","timestamp":"2023-11-09 14:50:47"},{"nodeID":"1378071","text":"Default Transition","type":"TA","timestamp":"2023-11-09 14:50:47"},{"nodeID":"1378072","text":"Restating","type":"YA","timestamp":"2023-11-09 14:50:47"},{"nodeID":"1378073","text":"it comes to financial education","type":"I","timestamp":"2023-11-09 14:50:47"},{"nodeID":"1378074","text":"Alex Chalk: it comes to financial education","type":"L","timestamp":"2023-11-09 14:50:47"},{"nodeID":"1378075","text":"Analysing","type":"YA","timestamp":"2023-11-09 14:50:47"},{"nodeID":"1378076","text":"Chris: Alex Chalk: it comes to financial education","type":"L","timestamp":"2023-11-09 14:50:47"},{"nodeID":"1378077","text":"Asserting","type":"YA","timestamp":"2023-11-09 14:50:47"},{"nodeID":"1378078","text":"Default Transition","type":"TA","timestamp":"2023-11-09 14:50:47"},{"nodeID":"1378079","text":"Default Rephrase","type":"MA","timestamp":"2023-11-09 14:50:47"},{"nodeID":"1378080","text":"Restating","type":"YA","timestamp":"2023-11-09 14:50:47"},{"nodeID":"1378081","text":"people can be more empowered, when they're dealing with issues of credit or mortgages or rent or compounding","type":"I","timestamp":"2023-11-09 14:50:48"},{"nodeID":"1378082","text":"Alex Chalk: people can be more empowered, when they're dealing with issues of credit or mortgages or rent or compounding","type":"L","timestamp":"2023-11-09 14:50:48"},{"nodeID":"1378083","text":"Analysing","type":"YA","timestamp":"2023-11-09 14:50:48"},{"nodeID":"1378084","text":"Chris: Alex Chalk: people can be more empowered, when they're dealing with issues of credit or mortgages or rent or compounding","type":"L","timestamp":"2023-11-09 14:50:48"},{"nodeID":"1378085","text":"Asserting","type":"YA","timestamp":"2023-11-09 14:50:48"},{"nodeID":"1378086","text":"Default Transition","type":"TA","timestamp":"2023-11-09 14:50:48"},{"nodeID":"1378087","text":"Default Inference","type":"RA","timestamp":"2023-11-09 14:50:48"},{"nodeID":"1378088","text":"Arguing","type":"YA","timestamp":"2023-11-09 14:50:48"},{"nodeID":"1378089","text":"these sorts of principles are things that are going to assist our young people","type":"I","timestamp":"2023-11-09 14:50:48"},{"nodeID":"1378090","text":"Alex Chalk: these sorts of principles are things that are going to assist our young people","type":"L","timestamp":"2023-11-09 14:50:48"},{"nodeID":"1378091","text":"Analysing","type":"YA","timestamp":"2023-11-09 14:50:48"},{"nodeID":"1378092","text":"Chris: Alex Chalk: these sorts of principles are things that are going to assist our young people","type":"L","timestamp":"2023-11-09 14:50:48"},{"nodeID":"1378093","text":"Asserting","type":"YA","timestamp":"2023-11-09 14:50:48"},{"nodeID":"1378094","text":"Default Transition","type":"TA","timestamp":"2023-11-09 14:50:48"},{"nodeID":"1378095","text":"Default Inference","type":"RA","timestamp":"2023-11-09 14:50:48"},{"nodeID":"1378096","text":"Arguing","type":"YA","timestamp":"2023-11-09 14:50:48"},{"nodeID":"1378097","text":"the UK is in a global competition","type":"I","timestamp":"2023-11-09 14:50:49"},{"nodeID":"1378098","text":"Alex Chalk: we are in a global competition","type":"L","timestamp":"2023-11-09 14:50:49"},{"nodeID":"1378099","text":"Analysing","type":"YA","timestamp":"2023-11-09 14:50:49"},{"nodeID":"1378100","text":"Chris: Alex Chalk: we are in a global competition","type":"L","timestamp":"2023-11-09 14:50:49"},{"nodeID":"1378101","text":"Asserting","type":"YA","timestamp":"2023-11-09 14:50:49"},{"nodeID":"1378102","text":"Default Transition","type":"TA","timestamp":"2023-11-09 14:50:49"},{"nodeID":"1378103","text":"the UK is in a global competition with nations like India","type":"I","timestamp":"2023-11-09 14:50:50"},{"nodeID":"1378104","text":"Alex Chalk: We're in a global competition with nations like India","type":"L","timestamp":"2023-11-09 14:50:50"},{"nodeID":"1378105","text":"Analysing","type":"YA","timestamp":"2023-11-09 14:50:50"},{"nodeID":"1378106","text":"Chris: Alex Chalk: We're in a global competition with nations like India","type":"L","timestamp":"2023-11-09 14:50:50"},{"nodeID":"1378107","text":"Asserting","type":"YA","timestamp":"2023-11-09 14:50:50"},{"nodeID":"1378108","text":"Default Transition","type":"TA","timestamp":"2023-11-09 14:50:50"},{"nodeID":"1378109","text":"Default Rephrase","type":"MA","timestamp":"2023-11-09 14:50:50"},{"nodeID":"1378110","text":"Restating","type":"YA","timestamp":"2023-11-09 14:50:50"},{"nodeID":"1378111","text":"the UK is in a global competition with countries like China","type":"I","timestamp":"2023-11-09 14:50:50"},{"nodeID":"1378112","text":"Alex Chalk: like China","type":"L","timestamp":"2023-11-09 14:50:50"},{"nodeID":"1378113","text":"Analysing","type":"YA","timestamp":"2023-11-09 14:50:50"},{"nodeID":"1378114","text":"Chris: Alex Chalk: like China","type":"L","timestamp":"2023-11-09 14:50:50"},{"nodeID":"1378115","text":"Asserting","type":"YA","timestamp":"2023-11-09 14:50:50"},{"nodeID":"1378116","text":"Default Transition","type":"TA","timestamp":"2023-11-09 14:50:50"},{"nodeID":"1378117","text":"Default Rephrase","type":"MA","timestamp":"2023-11-09 14:50:50"},{"nodeID":"1378118","text":"Restating","type":"YA","timestamp":"2023-11-09 14:50:50"},{"nodeID":"1378119","text":"over half of the world's economy is now in the Eastern hemisphere","type":"I","timestamp":"2023-11-09 14:50:51"},{"nodeID":"1378120","text":"Alex Chalk: Over half of the world's economy is now in the Eastern hemisphere","type":"L","timestamp":"2023-11-09 14:50:51"},{"nodeID":"1378121","text":"Analysing","type":"YA","timestamp":"2023-11-09 14:50:51"},{"nodeID":"1378122","text":"Chris: Alex Chalk: Over half of the world's economy is now in the Eastern hemisphere","type":"L","timestamp":"2023-11-09 14:50:51"},{"nodeID":"1378123","text":"Asserting","type":"YA","timestamp":"2023-11-09 14:50:51"},{"nodeID":"1378124","text":"Default Transition","type":"TA","timestamp":"2023-11-09 14:50:51"},{"nodeID":"1378125","text":"Default Inference","type":"RA","timestamp":"2023-11-09 14:50:51"},{"nodeID":"1378126","text":"Arguing","type":"YA","timestamp":"2023-11-09 14:50:51"},{"nodeID":"1378127","text":"Default Inference","type":"RA","timestamp":"2023-11-09 14:50:51"},{"nodeID":"1378128","text":"Default Transition","type":"TA","timestamp":"2023-11-09 14:50:51"},{"nodeID":"1378129","text":"Arguing","type":"YA","timestamp":"2023-11-09 14:50:51"},{"nodeID":"1378130","text":"we've got to ensure that this country is match fit to win the jobs of tomorrow","type":"I","timestamp":"2023-11-09 14:50:51"},{"nodeID":"1378131","text":"Alex Chalk:  We've got to ensure that this country is match fit to win the jobs of tomorrow","type":"L","timestamp":"2023-11-09 14:50:51"},{"nodeID":"1378132","text":"Analysing","type":"YA","timestamp":"2023-11-09 14:50:51"},{"nodeID":"1378133","text":"Chris: Alex Chalk:  We've got to ensure that this country is match fit to win the jobs of tomorrow","type":"L","timestamp":"2023-11-09 14:50:51"},{"nodeID":"1378134","text":"Asserting","type":"YA","timestamp":"2023-11-09 14:50:51"},{"nodeID":"1378135","text":"Default Transition","type":"TA","timestamp":"2023-11-09 14:50:51"},{"nodeID":"1378136","text":"maths is important to being match fit for winning the jobs for tomorrow","type":"I","timestamp":"2023-11-09 14:50:52"},{"nodeID":"1378137","text":"Alex Chalk: maths is important to that","type":"L","timestamp":"2023-11-09 14:50:52"},{"nodeID":"1378138","text":"Analysing","type":"YA","timestamp":"2023-11-09 14:50:52"},{"nodeID":"1378139","text":"Chris: Alex Chalk: maths is important to that","type":"L","timestamp":"2023-11-09 14:50:52"},{"nodeID":"1378140","text":"Asserting","type":"YA","timestamp":"2023-11-09 14:50:52"},{"nodeID":"1378141","text":"Default Transition","type":"TA","timestamp":"2023-11-09 14:50:52"},{"nodeID":"1378142","text":"Default Rephrase","type":"MA","timestamp":"2023-11-09 14:50:52"},{"nodeID":"1378143","text":"Restating","type":"YA","timestamp":"2023-11-09 14:50:52"},{"nodeID":"1378144","text":"Default Rephrase","type":"MA","timestamp":"2023-11-09 14:50:52"},{"nodeID":"1378145","text":"Default Transition","type":"TA","timestamp":"2023-11-09 14:50:52"},{"nodeID":"1378146","text":"Restating","type":"YA","timestamp":"2023-11-09 14:50:52"}],"edges":[{"edgeID":"1801580","fromID":"1377990","toID":"1377989","formEdgeID":null},{"edgeID":"1801581","fromID":"1377991","toID":"1377990","formEdgeID":null},{"edgeID":"1801582","fromID":"1377989","toID":"1377992","formEdgeID":null},{"edgeID":"1801583","fromID":"1377992","toID":"1377988","formEdgeID":null},{"edgeID":"1801584","fromID":"1377995","toID":"1377994","formEdgeID":null},{"edgeID":"1801585","fromID":"1377996","toID":"1377995","formEdgeID":null},{"edgeID":"1801586","fromID":"1377994","toID":"1377997","formEdgeID":null},{"edgeID":"1801587","fromID":"1377997","toID":"1377993","formEdgeID":null},{"edgeID":"1801588","fromID":"1377989","toID":"1377998","formEdgeID":null},{"edgeID":"1801589","fromID":"1377998","toID":"1377994","formEdgeID":null},{"edgeID":"1801590","fromID":"1378001","toID":"1378000","formEdgeID":null},{"edgeID":"1801591","fromID":"1378002","toID":"1378001","formEdgeID":null},{"edgeID":"1801592","fromID":"1378000","toID":"1378003","formEdgeID":null},{"edgeID":"1801593","fromID":"1378003","toID":"1377999","formEdgeID":null},{"edgeID":"1801594","fromID":"1377994","toID":"1378004","formEdgeID":null},{"edgeID":"1801595","fromID":"1378004","toID":"1378000","formEdgeID":null},{"edgeID":"1801596","fromID":"1377993","toID":"1378005","formEdgeID":null},{"edgeID":"1801597","fromID":"1378005","toID":"1377999","formEdgeID":null},{"edgeID":"1801598","fromID":"1377988","toID":"1378005","formEdgeID":null},{"edgeID":"1801599","fromID":"1378004","toID":"1378006","formEdgeID":null},{"edgeID":"1801600","fromID":"1378006","toID":"1378005","formEdgeID":null},{"edgeID":"1801601","fromID":"1378009","toID":"1378008","formEdgeID":null},{"edgeID":"1801602","fromID":"1378010","toID":"1378009","formEdgeID":null},{"edgeID":"1801603","fromID":"1378008","toID":"1378011","formEdgeID":null},{"edgeID":"1801604","fromID":"1378011","toID":"1378007","formEdgeID":null},{"edgeID":"1801605","fromID":"1378000","toID":"1378012","formEdgeID":null},{"edgeID":"1801606","fromID":"1378012","toID":"1378008","formEdgeID":null},{"edgeID":"1801607","fromID":"1378007","toID":"1378013","formEdgeID":null},{"edgeID":"1801608","fromID":"1378013","toID":"1377999","formEdgeID":null},{"edgeID":"1801609","fromID":"1378012","toID":"1378014","formEdgeID":null},{"edgeID":"1801610","fromID":"1378014","toID":"1378013","formEdgeID":null},{"edgeID":"1801611","fromID":"1378017","toID":"1378016","formEdgeID":null},{"edgeID":"1801612","fromID":"1378018","toID":"1378017","formEdgeID":null},{"edgeID":"1801613","fromID":"1378016","toID":"1378019","formEdgeID":null},{"edgeID":"1801614","fromID":"1378019","toID":"1378015","formEdgeID":null},{"edgeID":"1801615","fromID":"1378008","toID":"1378020","formEdgeID":null},{"edgeID":"1801616","fromID":"1378020","toID":"1378016","formEdgeID":null},{"edgeID":"1801617","fromID":"1378015","toID":"1378021","formEdgeID":null},{"edgeID":"1801618","fromID":"1378021","toID":"1378007","formEdgeID":null},{"edgeID":"1801619","fromID":"1378020","toID":"1378022","formEdgeID":null},{"edgeID":"1801620","fromID":"1378022","toID":"1378021","formEdgeID":null},{"edgeID":"1801621","fromID":"1378025","toID":"1378024","formEdgeID":null},{"edgeID":"1801622","fromID":"1378026","toID":"1378025","formEdgeID":null},{"edgeID":"1801623","fromID":"1378024","toID":"1378027","formEdgeID":null},{"edgeID":"1801624","fromID":"1378027","toID":"1378023","formEdgeID":null},{"edgeID":"1801625","fromID":"1378016","toID":"1378028","formEdgeID":null},{"edgeID":"1801626","fromID":"1378028","toID":"1378024","formEdgeID":null},{"edgeID":"1801627","fromID":"1378030","toID":"1378029","formEdgeID":null},{"edgeID":"1801628","fromID":"1378031","toID":"1378030","formEdgeID":null},{"edgeID":"1801629","fromID":"1378024","toID":"1378032","formEdgeID":null},{"edgeID":"1801630","fromID":"1378032","toID":"1378029","formEdgeID":null},{"edgeID":"1801631","fromID":"1378032","toID":"1378033","formEdgeID":null},{"edgeID":"1801632","fromID":"1378033","toID":"1378023","formEdgeID":null},{"edgeID":"1801633","fromID":"1378036","toID":"1378035","formEdgeID":null},{"edgeID":"1801634","fromID":"1378037","toID":"1378036","formEdgeID":null},{"edgeID":"1801635","fromID":"1378035","toID":"1378038","formEdgeID":null},{"edgeID":"1801636","fromID":"1378038","toID":"1378034","formEdgeID":null},{"edgeID":"1801637","fromID":"1378029","toID":"1378039","formEdgeID":null},{"edgeID":"1801638","fromID":"1378039","toID":"1378035","formEdgeID":null},{"edgeID":"1801639","fromID":"1378041","toID":"1378040","formEdgeID":null},{"edgeID":"1801640","fromID":"1378042","toID":"1378041","formEdgeID":null},{"edgeID":"1801641","fromID":"1378035","toID":"1378043","formEdgeID":null},{"edgeID":"1801642","fromID":"1378043","toID":"1378040","formEdgeID":null},{"edgeID":"1801643","fromID":"1378043","toID":"1378044","formEdgeID":null},{"edgeID":"1801644","fromID":"1378044","toID":"1378034","formEdgeID":null},{"edgeID":"1801645","fromID":"1378047","toID":"1378046","formEdgeID":null},{"edgeID":"1801646","fromID":"1378048","toID":"1378047","formEdgeID":null},{"edgeID":"1801647","fromID":"1378046","toID":"1378049","formEdgeID":null},{"edgeID":"1801648","fromID":"1378049","toID":"1378045","formEdgeID":null},{"edgeID":"1801649","fromID":"1378040","toID":"1378050","formEdgeID":null},{"edgeID":"1801650","fromID":"1378050","toID":"1378046","formEdgeID":null},{"edgeID":"1801651","fromID":"1378053","toID":"1378052","formEdgeID":null},{"edgeID":"1801652","fromID":"1378054","toID":"1378053","formEdgeID":null},{"edgeID":"1801653","fromID":"1378052","toID":"1378055","formEdgeID":null},{"edgeID":"1801654","fromID":"1378055","toID":"1378051","formEdgeID":null},{"edgeID":"1801655","fromID":"1378046","toID":"1378056","formEdgeID":null},{"edgeID":"1801656","fromID":"1378056","toID":"1378052","formEdgeID":null},{"edgeID":"1801657","fromID":"1378051","toID":"1378057","formEdgeID":null},{"edgeID":"1801658","fromID":"1378057","toID":"1378045","formEdgeID":null},{"edgeID":"1801659","fromID":"1378056","toID":"1378058","formEdgeID":null},{"edgeID":"1801660","fromID":"1378058","toID":"1378057","formEdgeID":null},{"edgeID":"1801661","fromID":"1378061","toID":"1378060","formEdgeID":null},{"edgeID":"1801662","fromID":"1378062","toID":"1378061","formEdgeID":null},{"edgeID":"1801663","fromID":"1378060","toID":"1378063","formEdgeID":null},{"edgeID":"1801664","fromID":"1378063","toID":"1378059","formEdgeID":null},{"edgeID":"1801665","fromID":"1378066","toID":"1378065","formEdgeID":null},{"edgeID":"1801666","fromID":"1378067","toID":"1378066","formEdgeID":null},{"edgeID":"1801667","fromID":"1378065","toID":"1378068","formEdgeID":null},{"edgeID":"1801668","fromID":"1378068","toID":"1378064","formEdgeID":null},{"edgeID":"1801669","fromID":"1378060","toID":"1378069","formEdgeID":null},{"edgeID":"1801670","fromID":"1378069","toID":"1378065","formEdgeID":null},{"edgeID":"1801671","fromID":"1378059","toID":"1378070","formEdgeID":null},{"edgeID":"1801672","fromID":"1378070","toID":"1378045","formEdgeID":null},{"edgeID":"1801673","fromID":"1378046","toID":"1378071","formEdgeID":null},{"edgeID":"1801674","fromID":"1378071","toID":"1378060","formEdgeID":null},{"edgeID":"1801675","fromID":"1378071","toID":"1378072","formEdgeID":null},{"edgeID":"1801676","fromID":"1378072","toID":"1378070","formEdgeID":null},{"edgeID":"1801677","fromID":"1378075","toID":"1378074","formEdgeID":null},{"edgeID":"1801678","fromID":"1378076","toID":"1378075","formEdgeID":null},{"edgeID":"1801679","fromID":"1378074","toID":"1378077","formEdgeID":null},{"edgeID":"1801680","fromID":"1378077","toID":"1378073","formEdgeID":null},{"edgeID":"1801681","fromID":"1378060","toID":"1378078","formEdgeID":null},{"edgeID":"1801682","fromID":"1378078","toID":"1378074","formEdgeID":null},{"edgeID":"1801683","fromID":"1378073","toID":"1378079","formEdgeID":null},{"edgeID":"1801684","fromID":"1378079","toID":"1378059","formEdgeID":null},{"edgeID":"1801685","fromID":"1378078","toID":"1378080","formEdgeID":null},{"edgeID":"1801686","fromID":"1378080","toID":"1378079","formEdgeID":null},{"edgeID":"1801687","fromID":"1378083","toID":"1378082","formEdgeID":null},{"edgeID":"1801688","fromID":"1378084","toID":"1378083","formEdgeID":null},{"edgeID":"1801689","fromID":"1378082","toID":"1378085","formEdgeID":null},{"edgeID":"1801690","fromID":"1378085","toID":"1378081","formEdgeID":null},{"edgeID":"1801691","fromID":"1378074","toID":"1378086","formEdgeID":null},{"edgeID":"1801692","fromID":"1378086","toID":"1378082","formEdgeID":null},{"edgeID":"1801693","fromID":"1378081","toID":"1378087","formEdgeID":null},{"edgeID":"1801694","fromID":"1378087","toID":"1378073","formEdgeID":null},{"edgeID":"1801695","fromID":"1378086","toID":"1378088","formEdgeID":null},{"edgeID":"1801696","fromID":"1378088","toID":"1378087","formEdgeID":null},{"edgeID":"1801697","fromID":"1378091","toID":"1378090","formEdgeID":null},{"edgeID":"1801698","fromID":"1378092","toID":"1378091","formEdgeID":null},{"edgeID":"1801699","fromID":"1378090","toID":"1378093","formEdgeID":null},{"edgeID":"1801700","fromID":"1378093","toID":"1378089","formEdgeID":null},{"edgeID":"1801701","fromID":"1378082","toID":"1378094","formEdgeID":null},{"edgeID":"1801702","fromID":"1378094","toID":"1378090","formEdgeID":null},{"edgeID":"1801703","fromID":"1378089","toID":"1378095","formEdgeID":null},{"edgeID":"1801704","fromID":"1378095","toID":"1378081","formEdgeID":null},{"edgeID":"1801705","fromID":"1378094","toID":"1378096","formEdgeID":null},{"edgeID":"1801706","fromID":"1378096","toID":"1378095","formEdgeID":null},{"edgeID":"1801707","fromID":"1378099","toID":"1378098","formEdgeID":null},{"edgeID":"1801708","fromID":"1378100","toID":"1378099","formEdgeID":null},{"edgeID":"1801709","fromID":"1378098","toID":"1378101","formEdgeID":null},{"edgeID":"1801710","fromID":"1378101","toID":"1378097","formEdgeID":null},{"edgeID":"1801711","fromID":"1378090","toID":"1378102","formEdgeID":null},{"edgeID":"1801712","fromID":"1378102","toID":"1378098","formEdgeID":null},{"edgeID":"1801713","fromID":"1378105","toID":"1378104","formEdgeID":null},{"edgeID":"1801714","fromID":"1378106","toID":"1378105","formEdgeID":null},{"edgeID":"1801715","fromID":"1378104","toID":"1378107","formEdgeID":null},{"edgeID":"1801716","fromID":"1378107","toID":"1378103","formEdgeID":null},{"edgeID":"1801717","fromID":"1378098","toID":"1378108","formEdgeID":null},{"edgeID":"1801718","fromID":"1378108","toID":"1378104","formEdgeID":null},{"edgeID":"1801719","fromID":"1378103","toID":"1378109","formEdgeID":null},{"edgeID":"1801720","fromID":"1378109","toID":"1378097","formEdgeID":null},{"edgeID":"1801721","fromID":"1378108","toID":"1378110","formEdgeID":null},{"edgeID":"1801722","fromID":"1378110","toID":"1378109","formEdgeID":null},{"edgeID":"1801723","fromID":"1378113","toID":"1378112","formEdgeID":null},{"edgeID":"1801724","fromID":"1378114","toID":"1378113","formEdgeID":null},{"edgeID":"1801725","fromID":"1378112","toID":"1378115","formEdgeID":null},{"edgeID":"1801726","fromID":"1378115","toID":"1378111","formEdgeID":null},{"edgeID":"1801727","fromID":"1378104","toID":"1378116","formEdgeID":null},{"edgeID":"1801728","fromID":"1378116","toID":"1378112","formEdgeID":null},{"edgeID":"1801729","fromID":"1378111","toID":"1378117","formEdgeID":null},{"edgeID":"1801730","fromID":"1378117","toID":"1378103","formEdgeID":null},{"edgeID":"1801731","fromID":"1378116","toID":"1378118","formEdgeID":null},{"edgeID":"1801732","fromID":"1378118","toID":"1378117","formEdgeID":null},{"edgeID":"1801733","fromID":"1378121","toID":"1378120","formEdgeID":null},{"edgeID":"1801734","fromID":"1378122","toID":"1378121","formEdgeID":null},{"edgeID":"1801735","fromID":"1378120","toID":"1378123","formEdgeID":null},{"edgeID":"1801736","fromID":"1378123","toID":"1378119","formEdgeID":null},{"edgeID":"1801737","fromID":"1378112","toID":"1378124","formEdgeID":null},{"edgeID":"1801738","fromID":"1378124","toID":"1378120","formEdgeID":null},{"edgeID":"1801739","fromID":"1378119","toID":"1378125","formEdgeID":null},{"edgeID":"1801740","fromID":"1378125","toID":"1378111","formEdgeID":null},{"edgeID":"1801741","fromID":"1378124","toID":"1378126","formEdgeID":null},{"edgeID":"1801742","fromID":"1378126","toID":"1378125","formEdgeID":null},{"edgeID":"1801743","fromID":"1378119","toID":"1378127","formEdgeID":null},{"edgeID":"1801744","fromID":"1378127","toID":"1378103","formEdgeID":null},{"edgeID":"1801745","fromID":"1378104","toID":"1378128","formEdgeID":null},{"edgeID":"1801746","fromID":"1378128","toID":"1378120","formEdgeID":null},{"edgeID":"1801747","fromID":"1378128","toID":"1378129","formEdgeID":null},{"edgeID":"1801748","fromID":"1378129","toID":"1378127","formEdgeID":null},{"edgeID":"1801749","fromID":"1378132","toID":"1378131","formEdgeID":null},{"edgeID":"1801750","fromID":"1378133","toID":"1378132","formEdgeID":null},{"edgeID":"1801751","fromID":"1378131","toID":"1378134","formEdgeID":null},{"edgeID":"1801752","fromID":"1378134","toID":"1378130","formEdgeID":null},{"edgeID":"1801753","fromID":"1378120","toID":"1378135","formEdgeID":null},{"edgeID":"1801754","fromID":"1378135","toID":"1378131","formEdgeID":null},{"edgeID":"1801755","fromID":"1378138","toID":"1378137","formEdgeID":null},{"edgeID":"1801756","fromID":"1378139","toID":"1378138","formEdgeID":null},{"edgeID":"1801757","fromID":"1378137","toID":"1378140","formEdgeID":null},{"edgeID":"1801758","fromID":"1378140","toID":"1378136","formEdgeID":null},{"edgeID":"1801759","fromID":"1378131","toID":"1378141","formEdgeID":null},{"edgeID":"1801760","fromID":"1378141","toID":"1378137","formEdgeID":null},{"edgeID":"1801761","fromID":"1378136","toID":"1378142","formEdgeID":null},{"edgeID":"1801762","fromID":"1378142","toID":"1378130","formEdgeID":null},{"edgeID":"1801763","fromID":"1378141","toID":"1378143","formEdgeID":null},{"edgeID":"1801764","fromID":"1378143","toID":"1378142","formEdgeID":null},{"edgeID":"1801765","fromID":"1378064","toID":"1378144","formEdgeID":null},{"edgeID":"1801766","fromID":"1378144","toID":"1378051","formEdgeID":null},{"edgeID":"1801767","fromID":"1378052","toID":"1378145","formEdgeID":null},{"edgeID":"1801768","fromID":"1378145","toID":"1378065","formEdgeID":null},{"edgeID":"1801769","fromID":"1378145","toID":"1378146","formEdgeID":null},{"edgeID":"1801770","fromID":"1378146","toID":"1378144","formEdgeID":null}],"locutions":[]}