{"nodes":[{"nodeID":"1361253","text":"the trouble is this misrepresents the work of the pay review bodies","type":"I","timestamp":"2023-11-09 14:27:07"},{"nodeID":"1361254","text":"Bridget Phillipson: The trouble is this misrepresents the work of the pay review bodies","type":"L","timestamp":"2023-11-09 14:27:07"},{"nodeID":"1361255","text":"Analysing","type":"YA","timestamp":"2023-11-09 14:27:07"},{"nodeID":"1361256","text":"Anon: Bridget Phillipson: The trouble is this misrepresents the work of the pay review bodies","type":"L","timestamp":"2023-11-09 14:27:07"},{"nodeID":"1361257","text":"Asserting","type":"YA","timestamp":"2023-11-09 14:27:07"},{"nodeID":"1361258","text":"ministers make representations","type":"I","timestamp":"2023-11-09 14:27:07"},{"nodeID":"1361259","text":"Bridget Phillipson: ministers make representations","type":"L","timestamp":"2023-11-09 14:27:07"},{"nodeID":"1361260","text":"Analysing","type":"YA","timestamp":"2023-11-09 14:27:07"},{"nodeID":"1361261","text":"Anon: Bridget Phillipson: ministers make representations","type":"L","timestamp":"2023-11-09 14:27:07"},{"nodeID":"1361262","text":"Asserting","type":"YA","timestamp":"2023-11-09 14:27:07"},{"nodeID":"1361263","text":"Default Transition","type":"TA","timestamp":"2023-11-09 14:27:07"},{"nodeID":"1361264","text":"Bridget Phillipson: yes, absolutely, they do that","type":"L","timestamp":"2023-11-09 14:27:07"},{"nodeID":"1361265","text":"Analysing","type":"YA","timestamp":"2023-11-09 14:27:07"},{"nodeID":"1361266","text":"Anon: Bridget Phillipson: yes, absolutely, they do that","type":"L","timestamp":"2023-11-09 14:27:07"},{"nodeID":"1361267","text":"Default Transition","type":"TA","timestamp":"2023-11-09 14:27:07"},{"nodeID":"1361268","text":"Agreeing","type":"YA","timestamp":"2023-11-09 14:27:07"},{"nodeID":"1361269","text":"ministers also give a steer to the pay review bodies about how they're to consider these matters","type":"I","timestamp":"2023-11-09 14:27:08"},{"nodeID":"1361270","text":"Bridget Phillipson: they also give a steer to the pay review bodies about how they're to consider these matters","type":"L","timestamp":"2023-11-09 14:27:08"},{"nodeID":"1361271","text":"Analysing","type":"YA","timestamp":"2023-11-09 14:27:08"},{"nodeID":"1361272","text":"Anon: Bridget Phillipson: they also give a steer to the pay review bodies about how they're to consider these matters","type":"L","timestamp":"2023-11-09 14:27:08"},{"nodeID":"1361273","text":"Asserting","type":"YA","timestamp":"2023-11-09 14:27:08"},{"nodeID":"1361274","text":"Default Rephrase","type":"MA","timestamp":"2023-11-09 14:27:08"},{"nodeID":"1361275","text":"for example, government ministers could say to the pay review body you must take account of recruitment and retention issues when considering the settlement that they put forward","type":"I","timestamp":"2023-11-09 14:27:09"},{"nodeID":"1361276","text":"Bridget Phillipson: for example, government ministers could say to the pay review body you must take account of recruitment and retention issues when considering the settlement that they put forward","type":"L","timestamp":"2023-11-09 14:27:09"},{"nodeID":"1361277","text":"Analysing","type":"YA","timestamp":"2023-11-09 14:27:09"},{"nodeID":"1361278","text":"Anon: Bridget Phillipson: for example, government ministers could say to the pay review body you must take account of recruitment and retention issues when considering the settlement that they put forward","type":"L","timestamp":"2023-11-09 14:27:09"},{"nodeID":"1361279","text":"Asserting","type":"YA","timestamp":"2023-11-09 14:27:09"},{"nodeID":"1361280","text":"Default Transition","type":"TA","timestamp":"2023-11-09 14:27:09"},{"nodeID":"1361281","text":"ministers could say to the pay review body to take account of recruitment and retention issues when considering the settlement that they put forward","type":"I","timestamp":"2023-11-09 14:27:09"},{"nodeID":"1361282","text":"Bridget Phillipson: ministers were to do that","type":"L","timestamp":"2023-11-09 14:27:09"},{"nodeID":"1361283","text":"Analysing","type":"YA","timestamp":"2023-11-09 14:27:09"},{"nodeID":"1361284","text":"Anon: Bridget Phillipson: ministers were to do that","type":"L","timestamp":"2023-11-09 14:27:09"},{"nodeID":"1361285","text":"Asserting","type":"YA","timestamp":"2023-11-09 14:27:09"},{"nodeID":"1361286","text":"Default Transition","type":"TA","timestamp":"2023-11-09 14:27:09"},{"nodeID":"1361287","text":"you'd get a very different outcome from the pay review bodies","type":"I","timestamp":"2023-11-09 14:27:10"},{"nodeID":"1361288","text":"Bridget Phillipson: you'd get a very different outcome from the pay review bodies","type":"L","timestamp":"2023-11-09 14:27:10"},{"nodeID":"1361289","text":"Analysing","type":"YA","timestamp":"2023-11-09 14:27:10"},{"nodeID":"1361290","text":"Anon: Bridget Phillipson: you'd get a very different outcome from the pay review bodies","type":"L","timestamp":"2023-11-09 14:27:10"},{"nodeID":"1361291","text":"Asserting","type":"YA","timestamp":"2023-11-09 14:27:10"},{"nodeID":"1361292","text":"Default Transition","type":"TA","timestamp":"2023-11-09 14:27:10"},{"nodeID":"1361293","text":"Default Inference","type":"RA","timestamp":"2023-11-09 14:27:10"},{"nodeID":"1361294","text":"Arguing","type":"YA","timestamp":"2023-11-09 14:27:10"},{"nodeID":"1361295","text":"government ministers would hide behind the pay review bodies","type":"I","timestamp":"2023-11-09 14:27:11"},{"nodeID":"1361296","text":"Bridget Phillipson: hide behind the pay review bodies","type":"L","timestamp":"2023-11-09 14:27:11"},{"nodeID":"1361297","text":"Analysing","type":"YA","timestamp":"2023-11-09 14:27:11"},{"nodeID":"1361298","text":"Anon: Bridget Phillipson: hide behind the pay review bodies","type":"L","timestamp":"2023-11-09 14:27:11"},{"nodeID":"1361299","text":"Asserting","type":"YA","timestamp":"2023-11-09 14:27:11"},{"nodeID":"1361300","text":"Default Transition","type":"TA","timestamp":"2023-11-09 14:27:11"},{"nodeID":"1361301","text":"the government ministers could say that taking account of recruitment and retention issues when considering the settlement that they put forward has nothing to do with them","type":"I","timestamp":"2023-11-09 14:27:11"},{"nodeID":"1361302","text":"Bridget Phillipson: say it's nothing to do with us","type":"L","timestamp":"2023-11-09 14:27:11"},{"nodeID":"1361303","text":"Analysing","type":"YA","timestamp":"2023-11-09 14:27:11"},{"nodeID":"1361304","text":"Anon: Bridget Phillipson: say it's nothing to do with us","type":"L","timestamp":"2023-11-09 14:27:11"},{"nodeID":"1361305","text":"Asserting","type":"YA","timestamp":"2023-11-09 14:27:11"},{"nodeID":"1361306","text":"it's not the responsibility of Government to take account of recruitment and retention issues when considering the settlement that they put forward","type":"I","timestamp":"2023-11-09 14:27:12"},{"nodeID":"1361307","text":"Bridget Phillipson: it's not the responsibility of Government","type":"L","timestamp":"2023-11-09 14:27:12"},{"nodeID":"1361308","text":"Analysing","type":"YA","timestamp":"2023-11-09 14:27:12"},{"nodeID":"1361309","text":"Anon: Bridget Phillipson: it's not the responsibility of Government","type":"L","timestamp":"2023-11-09 14:27:12"},{"nodeID":"1361310","text":"Asserting","type":"YA","timestamp":"2023-11-09 14:27:12"},{"nodeID":"1361311","text":"Default Transition","type":"TA","timestamp":"2023-11-09 14:27:12"},{"nodeID":"1361312","text":"Default Rephrase","type":"MA","timestamp":"2023-11-09 14:27:12"},{"nodeID":"1361313","text":"Restating","type":"YA","timestamp":"2023-11-09 14:27:12"},{"nodeID":"1361314","text":"people expect that the Government take responsibility for the NHS","type":"I","timestamp":"2023-11-09 14:27:13"},{"nodeID":"1361315","text":"Bridget Phillipson: people expect that the Government take responsibility for the NHS","type":"L","timestamp":"2023-11-09 14:27:13"},{"nodeID":"1361316","text":"Analysing","type":"YA","timestamp":"2023-11-09 14:27:13"},{"nodeID":"1361317","text":"Anon: Bridget Phillipson: people expect that the Government take responsibility for the NHS","type":"L","timestamp":"2023-11-09 14:27:13"},{"nodeID":"1361318","text":"Asserting","type":"YA","timestamp":"2023-11-09 14:27:13"},{"nodeID":"1361319","text":"Default Transition","type":"TA","timestamp":"2023-11-09 14:27:13"},{"nodeID":"1361320","text":"Default Conflict","type":"CA","timestamp":"2023-11-09 14:27:13"},{"nodeID":"1361321","text":"Disagreeing","type":"YA","timestamp":"2023-11-09 14:27:13"},{"nodeID":"1361322","text":"people don't expect Government to hide behind others","type":"I","timestamp":"2023-11-09 14:27:13"},{"nodeID":"1361323","text":"Bridget Phillipson: not hiding behind others","type":"L","timestamp":"2023-11-09 14:27:13"},{"nodeID":"1361324","text":"Analysing","type":"YA","timestamp":"2023-11-09 14:27:13"},{"nodeID":"1361325","text":"Anon: Bridget Phillipson: not hiding behind others","type":"L","timestamp":"2023-11-09 14:27:13"},{"nodeID":"1361326","text":"Asserting","type":"YA","timestamp":"2023-11-09 14:27:13"},{"nodeID":"1361327","text":"Default Transition","type":"TA","timestamp":"2023-11-09 14:27:13"},{"nodeID":"1361328","text":"Default Conflict","type":"CA","timestamp":"2023-11-09 14:27:13"},{"nodeID":"1361329","text":"Disagreeing","type":"YA","timestamp":"2023-11-09 14:27:13"},{"nodeID":"1361330","text":"the NHS crisis will not be solved until ministers take some responsibility","type":"I","timestamp":"2023-11-09 14:27:14"},{"nodeID":"1361331","text":"Bridget Phillipson: this will not be solved until ministers take some responsibility","type":"L","timestamp":"2023-11-09 14:27:14"},{"nodeID":"1361332","text":"Analysing","type":"YA","timestamp":"2023-11-09 14:27:14"},{"nodeID":"1361333","text":"Anon: Bridget Phillipson: this will not be solved until ministers take some responsibility","type":"L","timestamp":"2023-11-09 14:27:14"},{"nodeID":"1361334","text":"Asserting","type":"YA","timestamp":"2023-11-09 14:27:14"},{"nodeID":"1361335","text":"Default Transition","type":"TA","timestamp":"2023-11-09 14:27:14"},{"nodeID":"1361336","text":"Labour agree with PRBs","type":"I","timestamp":"2023-11-09 14:27:15"},{"nodeID":"1361337","text":"Alex Chalk: Labour agree with PRBs","type":"L","timestamp":"2023-11-09 14:27:15"},{"nodeID":"1361338","text":"Analysing","type":"YA","timestamp":"2023-11-09 14:27:15"},{"nodeID":"1361339","text":"Anon: Alex Chalk: Labour agree with PRBs","type":"L","timestamp":"2023-11-09 14:27:15"},{"nodeID":"1361340","text":"Asserting","type":"YA","timestamp":"2023-11-09 14:27:15"},{"nodeID":"1361341","text":"Default Transition","type":"TA","timestamp":"2023-11-09 14:27:15"},{"nodeID":"1361342","text":"Labour would or would not scrap the PRBs","type":"I","timestamp":"2023-11-09 14:27:15"},{"nodeID":"1361343","text":"Alex Chalk: Would you scrap the PRBs","type":"L","timestamp":"2023-11-09 14:27:15"},{"nodeID":"1361344","text":"Analysing","type":"YA","timestamp":"2023-11-09 14:27:15"},{"nodeID":"1361345","text":"Anon: Alex Chalk: Would you scrap the PRBs","type":"L","timestamp":"2023-11-09 14:27:15"},{"nodeID":"1361346","text":"Pure Questioning","type":"YA","timestamp":"2023-11-09 14:27:15"},{"nodeID":"1361347","text":"Default Transition","type":"TA","timestamp":"2023-11-09 14:27:15"},{"nodeID":"1361348","text":"Labour scrapping the PRBs is a ludicrous line","type":"I","timestamp":"2023-11-09 14:27:16"},{"nodeID":"1361349","text":"Bridget Phillipson: This is a ludicrous line","type":"L","timestamp":"2023-11-09 14:27:16"},{"nodeID":"1361350","text":"Analysing","type":"YA","timestamp":"2023-11-09 14:27:16"},{"nodeID":"1361351","text":"Anon: Bridget Phillipson: This is a ludicrous line","type":"L","timestamp":"2023-11-09 14:27:16"},{"nodeID":"1361352","text":"Asserting","type":"YA","timestamp":"2023-11-09 14:27:16"},{"nodeID":"1361353","text":"Default Transition","type":"TA","timestamp":"2023-11-09 14:27:16"},{"nodeID":"1361354","text":"Default Conflict","type":"CA","timestamp":"2023-11-09 14:27:16"},{"nodeID":"1361355","text":"Disagreeing","type":"YA","timestamp":"2023-11-09 14:27:16"},{"nodeID":"1361356","text":"Labour would not scrap the PRBs","type":"I","timestamp":"2023-11-09 14:27:16"},{"nodeID":"1361357","text":"Bridget Phillipson: we would not","type":"L","timestamp":"2023-11-09 14:27:16"},{"nodeID":"1361358","text":"Analysing","type":"YA","timestamp":"2023-11-09 14:27:16"},{"nodeID":"1361359","text":"Anon: Bridget Phillipson: we would not","type":"L","timestamp":"2023-11-09 14:27:16"},{"nodeID":"1361360","text":"Asserting","type":"YA","timestamp":"2023-11-09 14:27:16"},{"nodeID":"1361361","text":"Default Rephrase","type":"MA","timestamp":"2023-11-09 14:27:16"},{"nodeID":"1361362","text":"Labour scrapping the PRBs is a ludicrous line of argument","type":"I","timestamp":"2023-11-09 14:27:17"},{"nodeID":"1361363","text":"Bridget Phillipson: This is a ludicrous line of argument","type":"L","timestamp":"2023-11-09 14:27:17"},{"nodeID":"1361364","text":"Analysing","type":"YA","timestamp":"2023-11-09 14:27:17"},{"nodeID":"1361365","text":"Anon: Bridget Phillipson: This is a ludicrous line of argument","type":"L","timestamp":"2023-11-09 14:27:17"},{"nodeID":"1361366","text":"Asserting","type":"YA","timestamp":"2023-11-09 14:27:17"},{"nodeID":"1361367","text":"Default Rephrase","type":"MA","timestamp":"2023-11-09 14:27:17"},{"nodeID":"1361368","text":"Default Transition","type":"TA","timestamp":"2023-11-09 14:27:17"},{"nodeID":"1361369","text":"Restating","type":"YA","timestamp":"2023-11-09 14:27:17"},{"nodeID":"1361370","text":"Default Transition","type":"TA","timestamp":"2023-11-09 14:27:17"},{"nodeID":"1361371","text":"Default Illocuting","type":"YA","timestamp":"2023-11-09 14:27:17"},{"nodeID":"1361372","text":"Default Transition","type":"TA","timestamp":"2023-11-09 14:27:17"},{"nodeID":"1361373","text":"Restating","type":"YA","timestamp":"2023-11-09 14:27:17"},{"nodeID":"1361374","text":"Default Rephrase","type":"MA","timestamp":"2023-11-09 14:27:17"},{"nodeID":"1361375","text":"Restating","type":"YA","timestamp":"2023-11-09 14:27:17"},{"nodeID":"1361376","text":"Default Rephrase","type":"MA","timestamp":"2023-11-09 14:27:17"},{"nodeID":"1361377","text":"Restating","type":"YA","timestamp":"2023-11-09 14:27:17"},{"nodeID":"1361378","text":"Default Rephrase","type":"MA","timestamp":"2023-11-09 14:27:17"},{"nodeID":"1361379","text":"Default Transition","type":"TA","timestamp":"2023-11-09 14:27:17"},{"nodeID":"1361380","text":"Restating","type":"YA","timestamp":"2023-11-09 14:27:17"}],"edges":[{"edgeID":"1781743","fromID":"1361255","toID":"1361254","formEdgeID":null},{"edgeID":"1781744","fromID":"1361256","toID":"1361255","formEdgeID":null},{"edgeID":"1781745","fromID":"1361254","toID":"1361257","formEdgeID":null},{"edgeID":"1781746","fromID":"1361257","toID":"1361253","formEdgeID":null},{"edgeID":"1781747","fromID":"1361260","toID":"1361259","formEdgeID":null},{"edgeID":"1781748","fromID":"1361261","toID":"1361260","formEdgeID":null},{"edgeID":"1781749","fromID":"1361259","toID":"1361262","formEdgeID":null},{"edgeID":"1781750","fromID":"1361262","toID":"1361258","formEdgeID":null},{"edgeID":"1781751","fromID":"1361254","toID":"1361263","formEdgeID":null},{"edgeID":"1781752","fromID":"1361263","toID":"1361259","formEdgeID":null},{"edgeID":"1781753","fromID":"1361265","toID":"1361264","formEdgeID":null},{"edgeID":"1781754","fromID":"1361266","toID":"1361265","formEdgeID":null},{"edgeID":"1781755","fromID":"1361259","toID":"1361267","formEdgeID":null},{"edgeID":"1781756","fromID":"1361267","toID":"1361264","formEdgeID":null},{"edgeID":"1781757","fromID":"1361267","toID":"1361268","formEdgeID":null},{"edgeID":"1781758","fromID":"1361268","toID":"1361258","formEdgeID":null},{"edgeID":"1781759","fromID":"1361271","toID":"1361270","formEdgeID":null},{"edgeID":"1781760","fromID":"1361272","toID":"1361271","formEdgeID":null},{"edgeID":"1781761","fromID":"1361270","toID":"1361273","formEdgeID":null},{"edgeID":"1781762","fromID":"1361273","toID":"1361269","formEdgeID":null},{"edgeID":"1781763","fromID":"1361269","toID":"1361274","formEdgeID":null},{"edgeID":"1781764","fromID":"1361274","toID":"1361258","formEdgeID":null},{"edgeID":"1781765","fromID":"1361277","toID":"1361276","formEdgeID":null},{"edgeID":"1781766","fromID":"1361278","toID":"1361277","formEdgeID":null},{"edgeID":"1781767","fromID":"1361276","toID":"1361279","formEdgeID":null},{"edgeID":"1781768","fromID":"1361279","toID":"1361275","formEdgeID":null},{"edgeID":"1781769","fromID":"1361270","toID":"1361280","formEdgeID":null},{"edgeID":"1781770","fromID":"1361280","toID":"1361276","formEdgeID":null},{"edgeID":"1781771","fromID":"1361283","toID":"1361282","formEdgeID":null},{"edgeID":"1781772","fromID":"1361284","toID":"1361283","formEdgeID":null},{"edgeID":"1781773","fromID":"1361282","toID":"1361285","formEdgeID":null},{"edgeID":"1781774","fromID":"1361285","toID":"1361281","formEdgeID":null},{"edgeID":"1781775","fromID":"1361276","toID":"1361286","formEdgeID":null},{"edgeID":"1781776","fromID":"1361286","toID":"1361282","formEdgeID":null},{"edgeID":"1781777","fromID":"1361289","toID":"1361288","formEdgeID":null},{"edgeID":"1781778","fromID":"1361290","toID":"1361289","formEdgeID":null},{"edgeID":"1781779","fromID":"1361288","toID":"1361291","formEdgeID":null},{"edgeID":"1781780","fromID":"1361291","toID":"1361287","formEdgeID":null},{"edgeID":"1781781","fromID":"1361282","toID":"1361292","formEdgeID":null},{"edgeID":"1781782","fromID":"1361292","toID":"1361288","formEdgeID":null},{"edgeID":"1781783","fromID":"1361281","toID":"1361293","formEdgeID":null},{"edgeID":"1781784","fromID":"1361293","toID":"1361287","formEdgeID":null},{"edgeID":"1781785","fromID":"1361292","toID":"1361294","formEdgeID":null},{"edgeID":"1781786","fromID":"1361294","toID":"1361293","formEdgeID":null},{"edgeID":"1781787","fromID":"1361297","toID":"1361296","formEdgeID":null},{"edgeID":"1781788","fromID":"1361298","toID":"1361297","formEdgeID":null},{"edgeID":"1781789","fromID":"1361296","toID":"1361299","formEdgeID":null},{"edgeID":"1781790","fromID":"1361299","toID":"1361295","formEdgeID":null},{"edgeID":"1781791","fromID":"1361288","toID":"1361300","formEdgeID":null},{"edgeID":"1781792","fromID":"1361300","toID":"1361296","formEdgeID":null},{"edgeID":"1781793","fromID":"1361303","toID":"1361302","formEdgeID":null},{"edgeID":"1781794","fromID":"1361304","toID":"1361303","formEdgeID":null},{"edgeID":"1781795","fromID":"1361302","toID":"1361305","formEdgeID":null},{"edgeID":"1781796","fromID":"1361305","toID":"1361301","formEdgeID":null},{"edgeID":"1781797","fromID":"1361308","toID":"1361307","formEdgeID":null},{"edgeID":"1781798","fromID":"1361309","toID":"1361308","formEdgeID":null},{"edgeID":"1781799","fromID":"1361307","toID":"1361310","formEdgeID":null},{"edgeID":"1781800","fromID":"1361310","toID":"1361306","formEdgeID":null},{"edgeID":"1781801","fromID":"1361302","toID":"1361311","formEdgeID":null},{"edgeID":"1781802","fromID":"1361311","toID":"1361307","formEdgeID":null},{"edgeID":"1781803","fromID":"1361306","toID":"1361312","formEdgeID":null},{"edgeID":"1781804","fromID":"1361312","toID":"1361301","formEdgeID":null},{"edgeID":"1781805","fromID":"1361311","toID":"1361313","formEdgeID":null},{"edgeID":"1781806","fromID":"1361313","toID":"1361312","formEdgeID":null},{"edgeID":"1781807","fromID":"1361316","toID":"1361315","formEdgeID":null},{"edgeID":"1781808","fromID":"1361317","toID":"1361316","formEdgeID":null},{"edgeID":"1781809","fromID":"1361315","toID":"1361318","formEdgeID":null},{"edgeID":"1781810","fromID":"1361318","toID":"1361314","formEdgeID":null},{"edgeID":"1781811","fromID":"1361307","toID":"1361319","formEdgeID":null},{"edgeID":"1781812","fromID":"1361319","toID":"1361315","formEdgeID":null},{"edgeID":"1781813","fromID":"1361314","toID":"1361320","formEdgeID":null},{"edgeID":"1781814","fromID":"1361320","toID":"1361306","formEdgeID":null},{"edgeID":"1781815","fromID":"1361319","toID":"1361321","formEdgeID":null},{"edgeID":"1781816","fromID":"1361321","toID":"1361320","formEdgeID":null},{"edgeID":"1781817","fromID":"1361324","toID":"1361323","formEdgeID":null},{"edgeID":"1781818","fromID":"1361325","toID":"1361324","formEdgeID":null},{"edgeID":"1781819","fromID":"1361323","toID":"1361326","formEdgeID":null},{"edgeID":"1781820","fromID":"1361326","toID":"1361322","formEdgeID":null},{"edgeID":"1781821","fromID":"1361315","toID":"1361327","formEdgeID":null},{"edgeID":"1781822","fromID":"1361327","toID":"1361323","formEdgeID":null},{"edgeID":"1781823","fromID":"1361322","toID":"1361328","formEdgeID":null},{"edgeID":"1781824","fromID":"1361328","toID":"1361314","formEdgeID":null},{"edgeID":"1781825","fromID":"1361327","toID":"1361329","formEdgeID":null},{"edgeID":"1781826","fromID":"1361329","toID":"1361328","formEdgeID":null},{"edgeID":"1781827","fromID":"1361332","toID":"1361331","formEdgeID":null},{"edgeID":"1781828","fromID":"1361333","toID":"1361332","formEdgeID":null},{"edgeID":"1781829","fromID":"1361331","toID":"1361334","formEdgeID":null},{"edgeID":"1781830","fromID":"1361334","toID":"1361330","formEdgeID":null},{"edgeID":"1781831","fromID":"1361323","toID":"1361335","formEdgeID":null},{"edgeID":"1781832","fromID":"1361335","toID":"1361331","formEdgeID":null},{"edgeID":"1781833","fromID":"1361338","toID":"1361337","formEdgeID":null},{"edgeID":"1781834","fromID":"1361339","toID":"1361338","formEdgeID":null},{"edgeID":"1781835","fromID":"1361337","toID":"1361340","formEdgeID":null},{"edgeID":"1781836","fromID":"1361340","toID":"1361336","formEdgeID":null},{"edgeID":"1781837","fromID":"1361331","toID":"1361341","formEdgeID":null},{"edgeID":"1781838","fromID":"1361341","toID":"1361337","formEdgeID":null},{"edgeID":"1781839","fromID":"1361344","toID":"1361343","formEdgeID":null},{"edgeID":"1781840","fromID":"1361345","toID":"1361344","formEdgeID":null},{"edgeID":"1781841","fromID":"1361343","toID":"1361346","formEdgeID":null},{"edgeID":"1781842","fromID":"1361346","toID":"1361342","formEdgeID":null},{"edgeID":"1781843","fromID":"1361337","toID":"1361347","formEdgeID":null},{"edgeID":"1781844","fromID":"1361347","toID":"1361343","formEdgeID":null},{"edgeID":"1781845","fromID":"1361350","toID":"1361349","formEdgeID":null},{"edgeID":"1781846","fromID":"1361351","toID":"1361350","formEdgeID":null},{"edgeID":"1781847","fromID":"1361349","toID":"1361352","formEdgeID":null},{"edgeID":"1781848","fromID":"1361352","toID":"1361348","formEdgeID":null},{"edgeID":"1781849","fromID":"1361343","toID":"1361353","formEdgeID":null},{"edgeID":"1781850","fromID":"1361353","toID":"1361349","formEdgeID":null},{"edgeID":"1781851","fromID":"1361348","toID":"1361354","formEdgeID":null},{"edgeID":"1781852","fromID":"1361354","toID":"1361342","formEdgeID":null},{"edgeID":"1781853","fromID":"1361353","toID":"1361355","formEdgeID":null},{"edgeID":"1781854","fromID":"1361355","toID":"1361354","formEdgeID":null},{"edgeID":"1781855","fromID":"1361358","toID":"1361357","formEdgeID":null},{"edgeID":"1781856","fromID":"1361359","toID":"1361358","formEdgeID":null},{"edgeID":"1781857","fromID":"1361357","toID":"1361360","formEdgeID":null},{"edgeID":"1781858","fromID":"1361360","toID":"1361356","formEdgeID":null},{"edgeID":"1781859","fromID":"1361356","toID":"1361361","formEdgeID":null},{"edgeID":"1781860","fromID":"1361361","toID":"1361342","formEdgeID":null},{"edgeID":"1781861","fromID":"1361364","toID":"1361363","formEdgeID":null},{"edgeID":"1781862","fromID":"1361365","toID":"1361364","formEdgeID":null},{"edgeID":"1781863","fromID":"1361363","toID":"1361366","formEdgeID":null},{"edgeID":"1781864","fromID":"1361366","toID":"1361362","formEdgeID":null},{"edgeID":"1781865","fromID":"1361362","toID":"1361367","formEdgeID":null},{"edgeID":"1781866","fromID":"1361367","toID":"1361348","formEdgeID":null},{"edgeID":"1781867","fromID":"1361349","toID":"1361368","formEdgeID":null},{"edgeID":"1781868","fromID":"1361368","toID":"1361363","formEdgeID":null},{"edgeID":"1781869","fromID":"1361368","toID":"1361369","formEdgeID":null},{"edgeID":"1781870","fromID":"1361369","toID":"1361367","formEdgeID":null},{"edgeID":"1781871","fromID":"1361343","toID":"1361370","formEdgeID":null},{"edgeID":"1781872","fromID":"1361370","toID":"1361357","formEdgeID":null},{"edgeID":"1781873","fromID":"1361370","toID":"1361371","formEdgeID":null},{"edgeID":"1781874","fromID":"1361371","toID":"1361361","formEdgeID":null},{"edgeID":"1781875","fromID":"1361372","toID":"1361270","formEdgeID":null},{"edgeID":"1781876","fromID":"1361259","toID":"1361372","formEdgeID":null},{"edgeID":"1781877","fromID":"1361372","toID":"1361373","formEdgeID":null},{"edgeID":"1781878","fromID":"1361373","toID":"1361274","formEdgeID":null},{"edgeID":"1781879","fromID":"1361281","toID":"1361374","formEdgeID":null},{"edgeID":"1781880","fromID":"1361374","toID":"1361275","formEdgeID":null},{"edgeID":"1781881","fromID":"1361286","toID":"1361375","formEdgeID":null},{"edgeID":"1781882","fromID":"1361375","toID":"1361374","formEdgeID":null},{"edgeID":"1781883","fromID":"1361295","toID":"1361376","formEdgeID":null},{"edgeID":"1781884","fromID":"1361376","toID":"1361287","formEdgeID":null},{"edgeID":"1781885","fromID":"1361300","toID":"1361377","formEdgeID":null},{"edgeID":"1781886","fromID":"1361377","toID":"1361376","formEdgeID":null},{"edgeID":"1781887","fromID":"1361378","toID":"1361295","formEdgeID":null},{"edgeID":"1781888","fromID":"1361301","toID":"1361378","formEdgeID":null},{"edgeID":"1781889","fromID":"1361296","toID":"1361379","formEdgeID":null},{"edgeID":"1781890","fromID":"1361379","toID":"1361302","formEdgeID":null},{"edgeID":"1781891","fromID":"1361379","toID":"1361380","formEdgeID":null},{"edgeID":"1781892","fromID":"1361380","toID":"1361378","formEdgeID":null}],"locutions":[]}