{"nodes":[{"nodeID":"1359167","text":"the Prime Minister doesn't want to admit that the NHS is in crisis","type":"I","timestamp":"2023-11-09 14:23:48"},{"nodeID":"1360309","text":"xxx is when the Prime Minister will admit the NHS is in crisis","type":"I","timestamp":"2023-11-09 14:25:50"},{"nodeID":"1360310","text":"Fiona Bruce: when will the Prime Minister admit the NHS is in crisis","type":"L","timestamp":"2023-11-09 14:25:50"},{"nodeID":"1360311","text":"Analysing","type":"YA","timestamp":"2023-11-09 14:25:50"},{"nodeID":"1360312","text":"Anon: Fiona Bruce: when will the Prime Minister admit the NHS is in crisis","type":"L","timestamp":"2023-11-09 14:25:50"},{"nodeID":"1360313","text":"Pure Questioning","type":"YA","timestamp":"2023-11-09 14:25:50"},{"nodeID":"1360314","text":"Ash Sarkar: he doesn't want to admit that it's a crisis","type":"L","timestamp":"2023-11-09 14:25:50"},{"nodeID":"1360315","text":"Analysing","type":"YA","timestamp":"2023-11-09 14:25:50"},{"nodeID":"1360316","text":"Anon: Ash Sarkar: he doesn't want to admit that it's a crisis","type":"L","timestamp":"2023-11-09 14:25:50"},{"nodeID":"1360317","text":"Asserting","type":"YA","timestamp":"2023-11-09 14:25:50"},{"nodeID":"1360318","text":"Default Transition","type":"TA","timestamp":"2023-11-09 14:25:50"},{"nodeID":"1360319","text":"the NHS being in crisis makes your government look bad","type":"I","timestamp":"2023-11-09 14:25:50"},{"nodeID":"1360320","text":"Ash Sarkar: it makes your government look bad","type":"L","timestamp":"2023-11-09 14:25:50"},{"nodeID":"1360321","text":"Analysing","type":"YA","timestamp":"2023-11-09 14:25:50"},{"nodeID":"1360322","text":"Anon: Ash Sarkar: it makes your government look bad","type":"L","timestamp":"2023-11-09 14:25:50"},{"nodeID":"1360323","text":"Asserting","type":"YA","timestamp":"2023-11-09 14:25:50"},{"nodeID":"1360324","text":"Default Inference","type":"RA","timestamp":"2023-11-09 14:25:50"},{"nodeID":"1360325","text":"Default Transition","type":"TA","timestamp":"2023-11-09 14:25:50"},{"nodeID":"1360326","text":"Arguing","type":"YA","timestamp":"2023-11-09 14:25:50"},{"nodeID":"1360327","text":"the government not admitting the NHS is in crisis is that simple","type":"I","timestamp":"2023-11-09 14:25:51"},{"nodeID":"1360328","text":"Ash Sarkar: it's that simple","type":"L","timestamp":"2023-11-09 14:25:51"},{"nodeID":"1360329","text":"Analysing","type":"YA","timestamp":"2023-11-09 14:25:51"},{"nodeID":"1360330","text":"Anon: Ash Sarkar: it's that simple","type":"L","timestamp":"2023-11-09 14:25:51"},{"nodeID":"1360331","text":"Asserting","type":"YA","timestamp":"2023-11-09 14:25:51"},{"nodeID":"1360332","text":"Default Rephrase","type":"MA","timestamp":"2023-11-09 14:25:51"},{"nodeID":"1360333","text":"Default Transition","type":"TA","timestamp":"2023-11-09 14:25:51"},{"nodeID":"1360334","text":"Restating","type":"YA","timestamp":"2023-11-09 14:25:51"},{"nodeID":"1360335","text":"the government might not be trusted to describe the problem","type":"I","timestamp":"2023-11-09 14:25:52"},{"nodeID":"1360336","text":"Ash Sarkar: you can't be trusted to describe the problem","type":"L","timestamp":"2023-11-09 14:25:52"},{"nodeID":"1360337","text":"Analysing","type":"YA","timestamp":"2023-11-09 14:25:52"},{"nodeID":"1360338","text":"Anon: Ash Sarkar: you can't be trusted to describe the problem,","type":"L","timestamp":"2023-11-09 14:25:52"},{"nodeID":"1360339","text":"Asserting","type":"YA","timestamp":"2023-11-09 14:25:52"},{"nodeID":"1360340","text":"we shouldn't trust the government to fix the problem","type":"I","timestamp":"2023-11-09 14:25:53"},{"nodeID":"1360341","text":"Ash Sarkar: why should we trust you to fix the problem","type":"L","timestamp":"2023-11-09 14:25:53"},{"nodeID":"1360342","text":"Analysing","type":"YA","timestamp":"2023-11-09 14:25:53"},{"nodeID":"1360343","text":"Anon: Ash Sarkar: why should we trust you to fix the problem","type":"L","timestamp":"2023-11-09 14:25:53"},{"nodeID":"1360344","text":"Assertive Questioning","type":"YA","timestamp":"2023-11-09 14:25:53"},{"nodeID":"1360345","text":"Default Inference","type":"RA","timestamp":"2023-11-09 14:25:53"},{"nodeID":"1360346","text":"Default Transition","type":"TA","timestamp":"2023-11-09 14:25:53"},{"nodeID":"1360347","text":"Arguing","type":"YA","timestamp":"2023-11-09 14:25:53"},{"nodeID":"1360348","text":"Default Transition","type":"TA","timestamp":"2023-11-09 14:25:53"},{"nodeID":"1360349","text":"the government not admitting that the NHS is in crisis is wholly deceptive","type":"I","timestamp":"2023-11-09 14:25:53"},{"nodeID":"1360350","text":"Ash Sarkar: It's wholly deceptive","type":"L","timestamp":"2023-11-09 14:25:53"},{"nodeID":"1360351","text":"Analysing","type":"YA","timestamp":"2023-11-09 14:25:53"},{"nodeID":"1360352","text":"Anon: Ash Sarkar: It's wholly deceptive","type":"L","timestamp":"2023-11-09 14:25:53"},{"nodeID":"1360353","text":"Asserting","type":"YA","timestamp":"2023-11-09 14:25:53"},{"nodeID":"1360354","text":"there's a lot that's been said tonight that Ash Sarkar obviously agrees with","type":"I","timestamp":"2023-11-09 14:25:54"},{"nodeID":"1360355","text":"Ash Sarkar: There's a lot that's been said tonight that I obviously agree with","type":"L","timestamp":"2023-11-09 14:25:54"},{"nodeID":"1360356","text":"Analysing","type":"YA","timestamp":"2023-11-09 14:25:54"},{"nodeID":"1360357","text":"Anon: Ash Sarkar: There's a lot that's been said tonight that I obviously agree with","type":"L","timestamp":"2023-11-09 14:25:54"},{"nodeID":"1360358","text":"Asserting","type":"YA","timestamp":"2023-11-09 14:25:54"},{"nodeID":"1360359","text":"you need more staff in the NHS","type":"I","timestamp":"2023-11-09 14:25:55"},{"nodeID":"1360360","text":"Ash Sarkar: You need more staff in the NHS","type":"L","timestamp":"2023-11-09 14:25:55"},{"nodeID":"1360361","text":"Analysing","type":"YA","timestamp":"2023-11-09 14:25:55"},{"nodeID":"1360362","text":"Anon: Ash Sarkar: You need more staff in the NHS","type":"L","timestamp":"2023-11-09 14:25:55"},{"nodeID":"1360363","text":"Asserting","type":"YA","timestamp":"2023-11-09 14:25:55"},{"nodeID":"1360364","text":"you need to grow capacity","type":"I","timestamp":"2023-11-09 14:25:55"},{"nodeID":"1360365","text":"Ash Sarkar: you need to grow capacity","type":"L","timestamp":"2023-11-09 14:25:55"},{"nodeID":"1360366","text":"Analysing","type":"YA","timestamp":"2023-11-09 14:25:55"},{"nodeID":"1360367","text":"Anon: Ash Sarkar: you need to grow capacity","type":"L","timestamp":"2023-11-09 14:25:55"},{"nodeID":"1360368","text":"Asserting","type":"YA","timestamp":"2023-11-09 14:25:55"},{"nodeID":"1360369","text":"you need that capacity to keep up with the fact that we've got a growing and an ageing population","type":"I","timestamp":"2023-11-09 14:25:56"},{"nodeID":"1360370","text":"Ash Sarkar: you need that capacity to keep up with the fact that we've got a growing and an ageing population","type":"L","timestamp":"2023-11-09 14:25:56"},{"nodeID":"1360371","text":"Analysing","type":"YA","timestamp":"2023-11-09 14:25:56"},{"nodeID":"1360372","text":"Anon: Ash Sarkar: you need that capacity to keep up with the fact that we've got a growing and an ageing population","type":"L","timestamp":"2023-11-09 14:25:56"},{"nodeID":"1360373","text":"Asserting","type":"YA","timestamp":"2023-11-09 14:25:56"},{"nodeID":"1360374","text":"Default Transition","type":"TA","timestamp":"2023-11-09 14:25:56"},{"nodeID":"1360375","text":"Default Transition","type":"TA","timestamp":"2023-11-09 14:25:56"},{"nodeID":"1360376","text":"Default Transition","type":"TA","timestamp":"2023-11-09 14:25:56"},{"nodeID":"1360377","text":"Default Rephrase","type":"MA","timestamp":"2023-11-09 14:25:56"},{"nodeID":"1360378","text":"Restating","type":"YA","timestamp":"2023-11-09 14:25:56"},{"nodeID":"1360379","text":"Default Rephrase","type":"MA","timestamp":"2023-11-09 14:25:56"},{"nodeID":"1360380","text":"Default Transition","type":"TA","timestamp":"2023-11-09 14:25:56"},{"nodeID":"1360381","text":"Restating","type":"YA","timestamp":"2023-11-09 14:25:56"},{"nodeID":"1360382","text":"Default Inference","type":"RA","timestamp":"2023-11-09 14:25:56"},{"nodeID":"1360383","text":"Default Transition","type":"TA","timestamp":"2023-11-09 14:25:56"},{"nodeID":"1360384","text":"Arguing","type":"YA","timestamp":"2023-11-09 14:25:56"},{"nodeID":"1360385","text":"there's one thing we really need to talk about","type":"I","timestamp":"2023-11-09 14:25:57"},{"nodeID":"1360386","text":"Ash Sarkar: There's one thing which I think we really need to talk about","type":"L","timestamp":"2023-11-09 14:25:57"},{"nodeID":"1360387","text":"Analysing","type":"YA","timestamp":"2023-11-09 14:25:57"},{"nodeID":"1360388","text":"Anon: Ash Sarkar: There's one thing which I think we really need to talk about","type":"L","timestamp":"2023-11-09 14:25:57"},{"nodeID":"1360389","text":"Asserting","type":"YA","timestamp":"2023-11-09 14:25:57"},{"nodeID":"1360390","text":"xxx is how you will keep staff","type":"I","timestamp":"2023-11-09 14:25:57"},{"nodeID":"1360391","text":"Ash Sarkar: that is how will you keep staff","type":"L","timestamp":"2023-11-09 14:25:57"},{"nodeID":"1360392","text":"Analysing","type":"YA","timestamp":"2023-11-09 14:25:57"},{"nodeID":"1360393","text":"Anon: Ash Sarkar: that is how will you keep staff","type":"L","timestamp":"2023-11-09 14:25:57"},{"nodeID":"1360394","text":"Pure Questioning","type":"YA","timestamp":"2023-11-09 14:25:57"},{"nodeID":"1360395","text":"Default Transition","type":"TA","timestamp":"2023-11-09 14:25:57"},{"nodeID":"1360396","text":"Default Rephrase","type":"MA","timestamp":"2023-11-09 14:25:57"},{"nodeID":"1360397","text":"Default Transition","type":"TA","timestamp":"2023-11-09 14:25:57"},{"nodeID":"1360398","text":"Restating","type":"YA","timestamp":"2023-11-09 14:25:57"},{"nodeID":"1360399","text":"Ash Sarkar: the staff that you've got","type":"L","timestamp":"2023-11-09 14:25:57"},{"nodeID":"1360400","text":"Analysing","type":"YA","timestamp":"2023-11-09 14:25:57"},{"nodeID":"1360401","text":"Anon: Ash Sarkar: the staff that you've got","type":"L","timestamp":"2023-11-09 14:25:57"},{"nodeID":"1360402","text":"Default Transition","type":"TA","timestamp":"2023-11-09 14:25:57"},{"nodeID":"1360403","text":"Pure Questioning","type":"YA","timestamp":"2023-11-09 14:25:57"},{"nodeID":"1360404","text":"between 2010 and 2020 the real terms pay of doctors on average fell by around 25 per cent","type":"I","timestamp":"2023-11-09 14:25:58"},{"nodeID":"1360405","text":"Ash Sarkar: Between 2010 and 2020 the real terms pay of doctors on average fell by around 25 per cent","type":"L","timestamp":"2023-11-09 14:25:58"},{"nodeID":"1360406","text":"Analysing","type":"YA","timestamp":"2023-11-09 14:25:58"},{"nodeID":"1360407","text":"Anon: Ash Sarkar: Between 2010 and 2020 the real terms pay of doctors on average fell by around 25 per cent","type":"L","timestamp":"2023-11-09 14:25:58"},{"nodeID":"1360408","text":"Asserting","type":"YA","timestamp":"2023-11-09 14:25:58"},{"nodeID":"1360409","text":"the fall in real terms pay for doctors is a huge devaluing of doctors' work","type":"I","timestamp":"2023-11-09 14:25:59"},{"nodeID":"1360410","text":"Ash Sarkar: That is a huge devaluing of doctors' work","type":"L","timestamp":"2023-11-09 14:25:59"},{"nodeID":"1360411","text":"Analysing","type":"YA","timestamp":"2023-11-09 14:25:59"},{"nodeID":"1360412","text":"Anon: Ash Sarkar: That is a huge devaluing of doctors' work","type":"L","timestamp":"2023-11-09 14:25:59"},{"nodeID":"1360413","text":"Asserting","type":"YA","timestamp":"2023-11-09 14:25:59"},{"nodeID":"1360414","text":"Default Transition","type":"TA","timestamp":"2023-11-09 14:25:59"},{"nodeID":"1360415","text":"Default Rephrase","type":"MA","timestamp":"2023-11-09 14:25:59"},{"nodeID":"1360416","text":"Default Transition","type":"TA","timestamp":"2023-11-09 14:25:59"},{"nodeID":"1360417","text":"Restating","type":"YA","timestamp":"2023-11-09 14:25:59"},{"nodeID":"1360418","text":"doctors' work did not became 25 per cent less useful during that time","type":"I","timestamp":"2023-11-09 14:25:59"},{"nodeID":"1360419","text":"Ash Sarkar: Do you think that doctors' work became 25 per cent less useful during that time? No","type":"L","timestamp":"2023-11-09 14:25:59"},{"nodeID":"1360420","text":"Analysing","type":"YA","timestamp":"2023-11-09 14:25:59"},{"nodeID":"1360421","text":"Anon: Ash Sarkar: Do you think that doctors' work became 25 per cent less useful during that time? No","type":"L","timestamp":"2023-11-09 14:25:59"},{"nodeID":"1360422","text":"Rhetorical Questioning","type":"YA","timestamp":"2023-11-09 14:25:59"},{"nodeID":"1360423","text":"Default Transition","type":"TA","timestamp":"2023-11-09 14:25:59"},{"nodeID":"1360424","text":"you just decided to start paying doctors worse comparative to what they've been paid before","type":"I","timestamp":"2023-11-09 14:26:00"},{"nodeID":"1360425","text":"Ash Sarkar: You just decided to start paying them worse comparative to what they've been paid before","type":"L","timestamp":"2023-11-09 14:26:00"},{"nodeID":"1360426","text":"Analysing","type":"YA","timestamp":"2023-11-09 14:26:00"},{"nodeID":"1360427","text":"Anon: Ash Sarkar: You just decided to start paying them worse comparative to what they've been paid before","type":"L","timestamp":"2023-11-09 14:26:00"},{"nodeID":"1360428","text":"Asserting","type":"YA","timestamp":"2023-11-09 14:26:00"},{"nodeID":"1360429","text":"Default Transition","type":"TA","timestamp":"2023-11-09 14:26:00"},{"nodeID":"1360430","text":"you forced doctors to work in worse conditions","type":"I","timestamp":"2023-11-09 14:26:00"},{"nodeID":"1360431","text":"Ash Sarkar: forcing them to work in worse conditions","type":"L","timestamp":"2023-11-09 14:26:00"},{"nodeID":"1360432","text":"Analysing","type":"YA","timestamp":"2023-11-09 14:26:00"},{"nodeID":"1360433","text":"Anon: Ash Sarkar: forcing them to work in worse conditions","type":"L","timestamp":"2023-11-09 14:26:00"},{"nodeID":"1360434","text":"Asserting","type":"YA","timestamp":"2023-11-09 14:26:00"},{"nodeID":"1360435","text":"Default Rephrase","type":"MA","timestamp":"2023-11-09 14:26:00"},{"nodeID":"1360436","text":"Default Transition","type":"TA","timestamp":"2023-11-09 14:26:00"},{"nodeID":"1360437","text":"Restating","type":"YA","timestamp":"2023-11-09 14:26:00"},{"nodeID":"1360438","text":"when it came to our party's mates in the City, in order to get the best talent we've got to lift the cap on bankers' bonuses","type":"I","timestamp":"2023-11-09 14:26:01"},{"nodeID":"1360439","text":"Ash Sarkar: when it came to your party's mates in the City you said well, in order to get the best talent we've got to lift the cap on bankers' bonuses","type":"L","timestamp":"2023-11-09 14:26:01"},{"nodeID":"1360440","text":"Analysing","type":"YA","timestamp":"2023-11-09 14:26:01"},{"nodeID":"1360441","text":"Anon: Ash Sarkar: when it came to your party's mates in the City you said well, in order to get the best talent we've got to lift the cap on bankers' bonuses","type":"L","timestamp":"2023-11-09 14:26:01"},{"nodeID":"1360442","text":"Fiona Bruce: That's right","type":"L","timestamp":"2023-11-09 14:26:01"},{"nodeID":"1360443","text":"Analysing","type":"YA","timestamp":"2023-11-09 14:26:01"},{"nodeID":"1360444","text":"Anon: Fiona Bruce: That's right","type":"L","timestamp":"2023-11-09 14:26:01"},{"nodeID":"1360445","text":"Default Transition","type":"TA","timestamp":"2023-11-09 14:26:01"},{"nodeID":"1360446","text":"Default Transition","type":"TA","timestamp":"2023-11-09 14:26:01"},{"nodeID":"1360447","text":"Agreeing","type":"YA","timestamp":"2023-11-09 14:26:01"},{"nodeID":"1360448","text":"Default Rephrase","type":"MA","timestamp":"2023-11-09 14:26:01"},{"nodeID":"1360449","text":"Restating","type":"YA","timestamp":"2023-11-09 14:26:01"},{"nodeID":"1360450","text":"The Government: when it came to our party's mates in the City, in order to get the best talent we've got to lift the cap on bankers' bonuses","type":"L","timestamp":"2023-11-09 14:26:01"},{"nodeID":"1360451","text":"Analysing","type":"YA","timestamp":"2023-11-09 14:26:01"},{"nodeID":"1360452","text":"Anon: The Government: when it came to your party's mates in the City you said well, in order to get the best talent we've got to lift the cap on bankers' bonuses","type":"L","timestamp":"2023-11-09 14:26:01"},{"nodeID":"1360453","text":"Asserting","type":"YA","timestamp":"2023-11-09 14:26:01"},{"nodeID":"1360454","text":"Asserting","type":"YA","timestamp":"2023-11-09 14:26:01"}],"edges":[{"edgeID":"1780615","fromID":"1360311","toID":"1360310","formEdgeID":null},{"edgeID":"1780616","fromID":"1360312","toID":"1360311","formEdgeID":null},{"edgeID":"1780617","fromID":"1360310","toID":"1360313","formEdgeID":null},{"edgeID":"1780618","fromID":"1360313","toID":"1360309","formEdgeID":null},{"edgeID":"1780619","fromID":"1360315","toID":"1360314","formEdgeID":null},{"edgeID":"1780620","fromID":"1360316","toID":"1360315","formEdgeID":null},{"edgeID":"1780621","fromID":"1360314","toID":"1360317","formEdgeID":null},{"edgeID":"1780622","fromID":"1360317","toID":"1359167","formEdgeID":null},{"edgeID":"1780623","fromID":"1360310","toID":"1360318","formEdgeID":null},{"edgeID":"1780624","fromID":"1360318","toID":"1360314","formEdgeID":null},{"edgeID":"1780625","fromID":"1360321","toID":"1360320","formEdgeID":null},{"edgeID":"1780626","fromID":"1360322","toID":"1360321","formEdgeID":null},{"edgeID":"1780627","fromID":"1360320","toID":"1360323","formEdgeID":null},{"edgeID":"1780628","fromID":"1360323","toID":"1360319","formEdgeID":null},{"edgeID":"1780629","fromID":"1360319","toID":"1360324","formEdgeID":null},{"edgeID":"1780630","fromID":"1360324","toID":"1359167","formEdgeID":null},{"edgeID":"1780631","fromID":"1360314","toID":"1360325","formEdgeID":null},{"edgeID":"1780632","fromID":"1360325","toID":"1360320","formEdgeID":null},{"edgeID":"1780633","fromID":"1360325","toID":"1360326","formEdgeID":null},{"edgeID":"1780634","fromID":"1360326","toID":"1360324","formEdgeID":null},{"edgeID":"1780635","fromID":"1360329","toID":"1360328","formEdgeID":null},{"edgeID":"1780636","fromID":"1360330","toID":"1360329","formEdgeID":null},{"edgeID":"1780637","fromID":"1360328","toID":"1360331","formEdgeID":null},{"edgeID":"1780638","fromID":"1360331","toID":"1360327","formEdgeID":null},{"edgeID":"1780639","fromID":"1360327","toID":"1360332","formEdgeID":null},{"edgeID":"1780640","fromID":"1360332","toID":"1360319","formEdgeID":null},{"edgeID":"1780641","fromID":"1360320","toID":"1360333","formEdgeID":null},{"edgeID":"1780642","fromID":"1360333","toID":"1360328","formEdgeID":null},{"edgeID":"1780643","fromID":"1360333","toID":"1360334","formEdgeID":null},{"edgeID":"1780644","fromID":"1360334","toID":"1360332","formEdgeID":null},{"edgeID":"1780645","fromID":"1360337","toID":"1360336","formEdgeID":null},{"edgeID":"1780646","fromID":"1360338","toID":"1360337","formEdgeID":null},{"edgeID":"1780647","fromID":"1360336","toID":"1360339","formEdgeID":null},{"edgeID":"1780648","fromID":"1360339","toID":"1360335","formEdgeID":null},{"edgeID":"1780649","fromID":"1360342","toID":"1360341","formEdgeID":null},{"edgeID":"1780650","fromID":"1360343","toID":"1360342","formEdgeID":null},{"edgeID":"1780651","fromID":"1360341","toID":"1360344","formEdgeID":null},{"edgeID":"1780652","fromID":"1360344","toID":"1360340","formEdgeID":null},{"edgeID":"1780653","fromID":"1360335","toID":"1360345","formEdgeID":null},{"edgeID":"1780654","fromID":"1360345","toID":"1360340","formEdgeID":null},{"edgeID":"1780655","fromID":"1360336","toID":"1360346","formEdgeID":null},{"edgeID":"1780656","fromID":"1360346","toID":"1360341","formEdgeID":null},{"edgeID":"1780657","fromID":"1360346","toID":"1360347","formEdgeID":null},{"edgeID":"1780658","fromID":"1360347","toID":"1360345","formEdgeID":null},{"edgeID":"1780659","fromID":"1360328","toID":"1360348","formEdgeID":null},{"edgeID":"1780660","fromID":"1360348","toID":"1360336","formEdgeID":null},{"edgeID":"1780661","fromID":"1360351","toID":"1360350","formEdgeID":null},{"edgeID":"1780662","fromID":"1360352","toID":"1360351","formEdgeID":null},{"edgeID":"1780663","fromID":"1360350","toID":"1360353","formEdgeID":null},{"edgeID":"1780664","fromID":"1360353","toID":"1360349","formEdgeID":null},{"edgeID":"1780665","fromID":"1360356","toID":"1360355","formEdgeID":null},{"edgeID":"1780666","fromID":"1360357","toID":"1360356","formEdgeID":null},{"edgeID":"1780667","fromID":"1360355","toID":"1360358","formEdgeID":null},{"edgeID":"1780668","fromID":"1360358","toID":"1360354","formEdgeID":null},{"edgeID":"1780669","fromID":"1360361","toID":"1360360","formEdgeID":null},{"edgeID":"1780670","fromID":"1360362","toID":"1360361","formEdgeID":null},{"edgeID":"1780671","fromID":"1360360","toID":"1360363","formEdgeID":null},{"edgeID":"1780672","fromID":"1360363","toID":"1360359","formEdgeID":null},{"edgeID":"1780673","fromID":"1360366","toID":"1360365","formEdgeID":null},{"edgeID":"1780674","fromID":"1360367","toID":"1360366","formEdgeID":null},{"edgeID":"1780675","fromID":"1360365","toID":"1360368","formEdgeID":null},{"edgeID":"1780676","fromID":"1360368","toID":"1360364","formEdgeID":null},{"edgeID":"1780677","fromID":"1360371","toID":"1360370","formEdgeID":null},{"edgeID":"1780678","fromID":"1360372","toID":"1360371","formEdgeID":null},{"edgeID":"1780679","fromID":"1360370","toID":"1360373","formEdgeID":null},{"edgeID":"1780680","fromID":"1360373","toID":"1360369","formEdgeID":null},{"edgeID":"1780681","fromID":"1360350","toID":"1360374","formEdgeID":null},{"edgeID":"1780682","fromID":"1360374","toID":"1360355","formEdgeID":null},{"edgeID":"1780683","fromID":"1360341","toID":"1360375","formEdgeID":null},{"edgeID":"1780684","fromID":"1360375","toID":"1360350","formEdgeID":null},{"edgeID":"1780685","fromID":"1360355","toID":"1360376","formEdgeID":null},{"edgeID":"1780686","fromID":"1360376","toID":"1360360","formEdgeID":null},{"edgeID":"1780687","fromID":"1360359","toID":"1360377","formEdgeID":null},{"edgeID":"1780688","fromID":"1360377","toID":"1360354","formEdgeID":null},{"edgeID":"1780689","fromID":"1360376","toID":"1360378","formEdgeID":null},{"edgeID":"1780690","fromID":"1360378","toID":"1360377","formEdgeID":null},{"edgeID":"1780691","fromID":"1360364","toID":"1360379","formEdgeID":null},{"edgeID":"1780692","fromID":"1360379","toID":"1360354","formEdgeID":null},{"edgeID":"1780693","fromID":"1360355","toID":"1360380","formEdgeID":null},{"edgeID":"1780694","fromID":"1360380","toID":"1360365","formEdgeID":null},{"edgeID":"1780695","fromID":"1360380","toID":"1360381","formEdgeID":null},{"edgeID":"1780696","fromID":"1360381","toID":"1360379","formEdgeID":null},{"edgeID":"1780697","fromID":"1360369","toID":"1360382","formEdgeID":null},{"edgeID":"1780698","fromID":"1360382","toID":"1360364","formEdgeID":null},{"edgeID":"1780699","fromID":"1360365","toID":"1360383","formEdgeID":null},{"edgeID":"1780700","fromID":"1360383","toID":"1360370","formEdgeID":null},{"edgeID":"1780701","fromID":"1360383","toID":"1360384","formEdgeID":null},{"edgeID":"1780702","fromID":"1360384","toID":"1360382","formEdgeID":null},{"edgeID":"1780703","fromID":"1360387","toID":"1360386","formEdgeID":null},{"edgeID":"1780704","fromID":"1360388","toID":"1360387","formEdgeID":null},{"edgeID":"1780705","fromID":"1360386","toID":"1360389","formEdgeID":null},{"edgeID":"1780706","fromID":"1360389","toID":"1360385","formEdgeID":null},{"edgeID":"1780707","fromID":"1360392","toID":"1360391","formEdgeID":null},{"edgeID":"1780708","fromID":"1360393","toID":"1360392","formEdgeID":null},{"edgeID":"1780709","fromID":"1360391","toID":"1360394","formEdgeID":null},{"edgeID":"1780710","fromID":"1360394","toID":"1360390","formEdgeID":null},{"edgeID":"1780711","fromID":"1360370","toID":"1360395","formEdgeID":null},{"edgeID":"1780712","fromID":"1360395","toID":"1360386","formEdgeID":null},{"edgeID":"1780713","fromID":"1360390","toID":"1360396","formEdgeID":null},{"edgeID":"1780714","fromID":"1360396","toID":"1360385","formEdgeID":null},{"edgeID":"1780715","fromID":"1360386","toID":"1360397","formEdgeID":null},{"edgeID":"1780716","fromID":"1360397","toID":"1360391","formEdgeID":null},{"edgeID":"1780717","fromID":"1360397","toID":"1360398","formEdgeID":null},{"edgeID":"1780718","fromID":"1360398","toID":"1360396","formEdgeID":null},{"edgeID":"1780719","fromID":"1360400","toID":"1360399","formEdgeID":null},{"edgeID":"1780720","fromID":"1360401","toID":"1360400","formEdgeID":null},{"edgeID":"1780721","fromID":"1360391","toID":"1360402","formEdgeID":null},{"edgeID":"1780722","fromID":"1360402","toID":"1360399","formEdgeID":null},{"edgeID":"1780723","fromID":"1360399","toID":"1360403","formEdgeID":null},{"edgeID":"1780724","fromID":"1360403","toID":"1360390","formEdgeID":null},{"edgeID":"1780725","fromID":"1360406","toID":"1360405","formEdgeID":null},{"edgeID":"1780726","fromID":"1360407","toID":"1360406","formEdgeID":null},{"edgeID":"1780727","fromID":"1360405","toID":"1360408","formEdgeID":null},{"edgeID":"1780728","fromID":"1360408","toID":"1360404","formEdgeID":null},{"edgeID":"1780729","fromID":"1360411","toID":"1360410","formEdgeID":null},{"edgeID":"1780730","fromID":"1360412","toID":"1360411","formEdgeID":null},{"edgeID":"1780731","fromID":"1360410","toID":"1360413","formEdgeID":null},{"edgeID":"1780732","fromID":"1360413","toID":"1360409","formEdgeID":null},{"edgeID":"1780733","fromID":"1360399","toID":"1360414","formEdgeID":null},{"edgeID":"1780734","fromID":"1360414","toID":"1360405","formEdgeID":null},{"edgeID":"1780735","fromID":"1360409","toID":"1360415","formEdgeID":null},{"edgeID":"1780736","fromID":"1360415","toID":"1360404","formEdgeID":null},{"edgeID":"1780737","fromID":"1360405","toID":"1360416","formEdgeID":null},{"edgeID":"1780738","fromID":"1360416","toID":"1360410","formEdgeID":null},{"edgeID":"1780739","fromID":"1360416","toID":"1360417","formEdgeID":null},{"edgeID":"1780740","fromID":"1360417","toID":"1360415","formEdgeID":null},{"edgeID":"1780741","fromID":"1360420","toID":"1360419","formEdgeID":null},{"edgeID":"1780742","fromID":"1360421","toID":"1360420","formEdgeID":null},{"edgeID":"1780743","fromID":"1360419","toID":"1360422","formEdgeID":null},{"edgeID":"1780744","fromID":"1360422","toID":"1360418","formEdgeID":null},{"edgeID":"1780745","fromID":"1360410","toID":"1360423","formEdgeID":null},{"edgeID":"1780746","fromID":"1360423","toID":"1360419","formEdgeID":null},{"edgeID":"1780747","fromID":"1360426","toID":"1360425","formEdgeID":null},{"edgeID":"1780748","fromID":"1360427","toID":"1360426","formEdgeID":null},{"edgeID":"1780749","fromID":"1360425","toID":"1360428","formEdgeID":null},{"edgeID":"1780750","fromID":"1360428","toID":"1360424","formEdgeID":null},{"edgeID":"1780751","fromID":"1360419","toID":"1360429","formEdgeID":null},{"edgeID":"1780752","fromID":"1360429","toID":"1360425","formEdgeID":null},{"edgeID":"1780753","fromID":"1360432","toID":"1360431","formEdgeID":null},{"edgeID":"1780754","fromID":"1360433","toID":"1360432","formEdgeID":null},{"edgeID":"1780755","fromID":"1360431","toID":"1360434","formEdgeID":null},{"edgeID":"1780756","fromID":"1360434","toID":"1360430","formEdgeID":null},{"edgeID":"1780757","fromID":"1360430","toID":"1360435","formEdgeID":null},{"edgeID":"1780758","fromID":"1360435","toID":"1360424","formEdgeID":null},{"edgeID":"1780759","fromID":"1360425","toID":"1360436","formEdgeID":null},{"edgeID":"1780760","fromID":"1360436","toID":"1360431","formEdgeID":null},{"edgeID":"1780761","fromID":"1360436","toID":"1360437","formEdgeID":null},{"edgeID":"1780762","fromID":"1360437","toID":"1360435","formEdgeID":null},{"edgeID":"1780763","fromID":"1360440","toID":"1360439","formEdgeID":null},{"edgeID":"1780764","fromID":"1360441","toID":"1360440","formEdgeID":null},{"edgeID":"1780765","fromID":"1360443","toID":"1360442","formEdgeID":null},{"edgeID":"1780766","fromID":"1360444","toID":"1360443","formEdgeID":null},{"edgeID":"1780767","fromID":"1360431","toID":"1360445","formEdgeID":null},{"edgeID":"1780768","fromID":"1360445","toID":"1360439","formEdgeID":null},{"edgeID":"1780769","fromID":"1360439","toID":"1360446","formEdgeID":null},{"edgeID":"1780770","fromID":"1360446","toID":"1360442","formEdgeID":null},{"edgeID":"1780771","fromID":"1360446","toID":"1360447","formEdgeID":null},{"edgeID":"1780772","fromID":"1360447","toID":"1360438","formEdgeID":null},{"edgeID":"1780773","fromID":"1360424","toID":"1360448","formEdgeID":null},{"edgeID":"1780774","fromID":"1360448","toID":"1360418","formEdgeID":null},{"edgeID":"1780775","fromID":"1360429","toID":"1360449","formEdgeID":null},{"edgeID":"1780776","fromID":"1360449","toID":"1360448","formEdgeID":null},{"edgeID":"1780777","fromID":"1360451","toID":"1360450","formEdgeID":null},{"edgeID":"1780778","fromID":"1360452","toID":"1360451","formEdgeID":null},{"edgeID":"1780779","fromID":"1360450","toID":"1360453","formEdgeID":null},{"edgeID":"1780780","fromID":"1360453","toID":"1360438","formEdgeID":null},{"edgeID":"1780781","fromID":"1360439","toID":"1360454","formEdgeID":null},{"edgeID":"1780782","fromID":"1360454","toID":"1360450","formEdgeID":null}],"locutions":[]}