{"nodes":[{"nodeID":"1362169","text":"Harry's autobiography has or has not damaged the monarchy","type":"I","timestamp":"2023-11-09 14:28:22"},{"nodeID":"1362170","text":"AudienceMember 20230126QT28: Has Harry's autobiography damaged the monarchy","type":"L","timestamp":"2023-11-09 14:28:22"},{"nodeID":"1362171","text":"Analysing","type":"YA","timestamp":"2023-11-09 14:28:22"},{"nodeID":"1362172","text":"Rebecca: AudienceMember 20230126QT28: Has Harry's autobiography damaged the monarchy","type":"L","timestamp":"2023-11-09 14:28:22"},{"nodeID":"1362173","text":"Pure Questioning","type":"YA","timestamp":"2023-11-09 14:28:22"},{"nodeID":"1362174","text":"Fiona Bruce: Has Harry's autobiography damaged the monarchy","type":"L","timestamp":"2023-11-09 14:28:22"},{"nodeID":"1362175","text":"Analysing","type":"YA","timestamp":"2023-11-09 14:28:22"},{"nodeID":"1362176","text":"Rebecca: Fiona Bruce: Has Harry's autobiography damaged the monarchy","type":"L","timestamp":"2023-11-09 14:28:22"},{"nodeID":"1362177","text":"Default Transition","type":"TA","timestamp":"2023-11-09 14:28:22"},{"nodeID":"1362178","text":"Harry's autobiography has been everywhere","type":"I","timestamp":"2023-11-09 14:28:22"},{"nodeID":"1362179","text":"Fiona Bruce: it's been everywhere, hasn't it","type":"L","timestamp":"2023-11-09 14:28:22"},{"nodeID":"1362180","text":"Analysing","type":"YA","timestamp":"2023-11-09 14:28:22"},{"nodeID":"1362181","text":"Rebecca: Fiona Bruce: it's been everywhere, hasn't it","type":"L","timestamp":"2023-11-09 14:28:22"},{"nodeID":"1362182","text":"Asserting","type":"YA","timestamp":"2023-11-09 14:28:22"},{"nodeID":"1362183","text":"Default Transition","type":"TA","timestamp":"2023-11-09 14:28:22"},{"nodeID":"1362184","text":"Harry has been on all the airwaves","type":"I","timestamp":"2023-11-09 14:28:23"},{"nodeID":"1362185","text":"Fiona Bruce:  he's been on all the airwaves","type":"L","timestamp":"2023-11-09 14:28:23"},{"nodeID":"1362186","text":"Analysing","type":"YA","timestamp":"2023-11-09 14:28:23"},{"nodeID":"1362187","text":"Rebecca: Fiona Bruce:  he's been on all the airwaves","type":"L","timestamp":"2023-11-09 14:28:23"},{"nodeID":"1362188","text":"Asserting","type":"YA","timestamp":"2023-11-09 14:28:23"},{"nodeID":"1362189","text":"Default Transition","type":"TA","timestamp":"2023-11-09 14:28:23"},{"nodeID":"1362190","text":"Default Rephrase","type":"MA","timestamp":"2023-11-09 14:28:23"},{"nodeID":"1362191","text":"Restating","type":"YA","timestamp":"2023-11-09 14:28:23"},{"nodeID":"1362192","text":"no one wants to hear any more about Harry's autobiography","type":"I","timestamp":"2023-11-09 14:28:24"},{"nodeID":"1362193","text":"Tim Stanley: they don't want to hear any more about it","type":"L","timestamp":"2023-11-09 14:28:24"},{"nodeID":"1362194","text":"Analysing","type":"YA","timestamp":"2023-11-09 14:28:24"},{"nodeID":"1362195","text":"Rebecca: Tim Stanley: they don't want to hear any more about it","type":"L","timestamp":"2023-11-09 14:28:24"},{"nodeID":"1362196","text":"Asserting","type":"YA","timestamp":"2023-11-09 14:28:24"},{"nodeID":"1362197","text":"Default Transition","type":"TA","timestamp":"2023-11-09 14:28:24"},{"nodeID":"1362198","text":"everyone wants to talk about Harry's autobiography","type":"I","timestamp":"2023-11-09 14:28:24"},{"nodeID":"1362199","text":"Tim Stanley:  everyone wants to talk about it","type":"L","timestamp":"2023-11-09 14:28:24"},{"nodeID":"1362200","text":"Analysing","type":"YA","timestamp":"2023-11-09 14:28:24"},{"nodeID":"1362201","text":"Rebecca: Tim Stanley:  everyone wants to talk about it","type":"L","timestamp":"2023-11-09 14:28:24"},{"nodeID":"1362202","text":"Asserting","type":"YA","timestamp":"2023-11-09 14:28:24"},{"nodeID":"1362203","text":"Default Transition","type":"TA","timestamp":"2023-11-09 14:28:24"},{"nodeID":"1362204","text":"Default Conflict","type":"CA","timestamp":"2023-11-09 14:28:24"},{"nodeID":"1362205","text":"Disagreeing","type":"YA","timestamp":"2023-11-09 14:28:24"},{"nodeID":"1362206","text":"Harry's autobiography has not damaged the monarchy","type":"I","timestamp":"2023-11-09 14:28:25"},{"nodeID":"1362207","text":"Tim Stanley: don't believe it has damaged the monarchy","type":"L","timestamp":"2023-11-09 14:28:25"},{"nodeID":"1362208","text":"Analysing","type":"YA","timestamp":"2023-11-09 14:28:25"},{"nodeID":"1362209","text":"Rebecca: Tim Stanley: don't believe it has damaged the monarchy","type":"L","timestamp":"2023-11-09 14:28:25"},{"nodeID":"1362210","text":"Asserting","type":"YA","timestamp":"2023-11-09 14:28:25"},{"nodeID":"1362211","text":"we've heard all these stories before","type":"I","timestamp":"2023-11-09 14:28:26"},{"nodeID":"1362212","text":"Tim Stanley: we've heard all this before","type":"L","timestamp":"2023-11-09 14:28:26"},{"nodeID":"1362213","text":"Analysing","type":"YA","timestamp":"2023-11-09 14:28:26"},{"nodeID":"1362214","text":"Rebecca: Tim Stanley: we've heard all this before","type":"L","timestamp":"2023-11-09 14:28:26"},{"nodeID":"1362215","text":"Asserting","type":"YA","timestamp":"2023-11-09 14:28:26"},{"nodeID":"1362216","text":"Default Transition","type":"TA","timestamp":"2023-11-09 14:28:26"},{"nodeID":"1362217","text":"Default Inference","type":"RA","timestamp":"2023-11-09 14:28:26"},{"nodeID":"1362218","text":"Arguing","type":"YA","timestamp":"2023-11-09 14:28:26"},{"nodeID":"1362219","text":"Tim Stanley is old enough to remember the 90s","type":"I","timestamp":"2023-11-09 14:28:26"},{"nodeID":"1362220","text":"Tim Stanley: I'm old enough to remember the 90s","type":"L","timestamp":"2023-11-09 14:28:26"},{"nodeID":"1362221","text":"Analysing","type":"YA","timestamp":"2023-11-09 14:28:26"},{"nodeID":"1362222","text":"Rebecca: Tim Stanley: I'm old enough to remember the 90s","type":"L","timestamp":"2023-11-09 14:28:26"},{"nodeID":"1362223","text":"Asserting","type":"YA","timestamp":"2023-11-09 14:28:26"},{"nodeID":"1362224","text":"people remember the annus horribilis","type":"I","timestamp":"2023-11-09 14:28:27"},{"nodeID":"1362225","text":"Tim Stanley: Remember the annus horribilis","type":"L","timestamp":"2023-11-09 14:28:27"},{"nodeID":"1362226","text":"Analysing","type":"YA","timestamp":"2023-11-09 14:28:27"},{"nodeID":"1362227","text":"Rebecca: Tim Stanley: Remember the annus horribilis","type":"L","timestamp":"2023-11-09 14:28:27"},{"nodeID":"1362228","text":"Assertive Questioning","type":"YA","timestamp":"2023-11-09 14:28:27"},{"nodeID":"1362229","text":"Default Transition","type":"TA","timestamp":"2023-11-09 14:28:27"},{"nodeID":"1362230","text":"Default Rephrase","type":"MA","timestamp":"2023-11-09 14:28:27"},{"nodeID":"1362231","text":"Restating","type":"YA","timestamp":"2023-11-09 14:28:27"},{"nodeID":"1362232","text":"there was a fire","type":"I","timestamp":"2023-11-09 14:28:28"},{"nodeID":"1362233","text":"Tim Stanley: There was a fire","type":"L","timestamp":"2023-11-09 14:28:28"},{"nodeID":"1362234","text":"Analysing","type":"YA","timestamp":"2023-11-09 14:28:28"},{"nodeID":"1362235","text":"Rebecca: Tim Stanley: There was a fire","type":"L","timestamp":"2023-11-09 14:28:28"},{"nodeID":"1362236","text":"Asserting","type":"YA","timestamp":"2023-11-09 14:28:28"},{"nodeID":"1362237","text":"Default Transition","type":"TA","timestamp":"2023-11-09 14:28:28"},{"nodeID":"1362238","text":"Default Rephrase","type":"MA","timestamp":"2023-11-09 14:28:28"},{"nodeID":"1362239","text":"there were several divorces","type":"I","timestamp":"2023-11-09 14:28:28"},{"nodeID":"1362240","text":"Tim Stanley: There was several divorces","type":"L","timestamp":"2023-11-09 14:28:28"},{"nodeID":"1362241","text":"Analysing","type":"YA","timestamp":"2023-11-09 14:28:28"},{"nodeID":"1362242","text":"Rebecca: Tim Stanley: There was several divorces","type":"L","timestamp":"2023-11-09 14:28:28"},{"nodeID":"1362243","text":"Asserting","type":"YA","timestamp":"2023-11-09 14:28:28"},{"nodeID":"1362244","text":"Default Inference","type":"RA","timestamp":"2023-11-09 14:28:28"},{"nodeID":"1362245","text":"Arguing","type":"YA","timestamp":"2023-11-09 14:28:28"},{"nodeID":"1362246","text":"Default Transition","type":"TA","timestamp":"2023-11-09 14:28:28"},{"nodeID":"1362247","text":"Default Rephrase","type":"MA","timestamp":"2023-11-09 14:28:28"},{"nodeID":"1362248","text":"Default Transition","type":"TA","timestamp":"2023-11-09 14:28:28"},{"nodeID":"1362249","text":"Restating","type":"YA","timestamp":"2023-11-09 14:28:28"},{"nodeID":"1362250","text":"Default Transition","type":"TA","timestamp":"2023-11-09 14:28:28"},{"nodeID":"1362251","text":"Restating","type":"YA","timestamp":"2023-11-09 14:28:28"},{"nodeID":"1362252","text":"xxx is different about what Prince Harry said","type":"I","timestamp":"2023-11-09 14:28:29"},{"nodeID":"1362253","text":"Fiona Bruce: What is different about what Prince Harry","type":"L","timestamp":"2023-11-09 14:28:29"},{"nodeID":"1362254","text":"Analysing","type":"YA","timestamp":"2023-11-09 14:28:29"},{"nodeID":"1362255","text":"Rebecca: Fiona Bruce: What is different about what Prince Harry","type":"L","timestamp":"2023-11-09 14:28:29"},{"nodeID":"1362256","text":"Pure Questioning","type":"YA","timestamp":"2023-11-09 14:28:29"},{"nodeID":"1362257","text":"Default Transition","type":"TA","timestamp":"2023-11-09 14:28:29"},{"nodeID":"1362258","text":"Tim Stanley: what is different about what he's said","type":"L","timestamp":"2023-11-09 14:28:29"},{"nodeID":"1362259","text":"Analysing","type":"YA","timestamp":"2023-11-09 14:28:29"},{"nodeID":"1362260","text":"Rebecca: Tim Stanley: what is different about what he's said","type":"L","timestamp":"2023-11-09 14:28:29"},{"nodeID":"1362261","text":"Default Transition","type":"TA","timestamp":"2023-11-09 14:28:29"},{"nodeID":"1362262","text":"Assertive Questioning","type":"YA","timestamp":"2023-11-09 14:28:29"},{"nodeID":"1362263","text":"Pure Questioning","type":"YA","timestamp":"2023-11-09 14:28:29"},{"nodeID":"1362264","text":"Default Rephrase","type":"MA","timestamp":"2023-11-09 14:28:29"},{"nodeID":"1362265","text":"Default Transition","type":"TA","timestamp":"2023-11-09 14:28:29"},{"nodeID":"1362266","text":"Default Illocuting","type":"YA","timestamp":"2023-11-09 14:28:29"}],"edges":[{"edgeID":"1782847","fromID":"1362171","toID":"1362170","formEdgeID":null},{"edgeID":"1782848","fromID":"1362172","toID":"1362171","formEdgeID":null},{"edgeID":"1782849","fromID":"1362170","toID":"1362173","formEdgeID":null},{"edgeID":"1782850","fromID":"1362173","toID":"1362169","formEdgeID":null},{"edgeID":"1782851","fromID":"1362175","toID":"1362174","formEdgeID":null},{"edgeID":"1782852","fromID":"1362176","toID":"1362175","formEdgeID":null},{"edgeID":"1782853","fromID":"1362170","toID":"1362177","formEdgeID":null},{"edgeID":"1782854","fromID":"1362177","toID":"1362174","formEdgeID":null},{"edgeID":"1782855","fromID":"1362180","toID":"1362179","formEdgeID":null},{"edgeID":"1782856","fromID":"1362181","toID":"1362180","formEdgeID":null},{"edgeID":"1782857","fromID":"1362179","toID":"1362182","formEdgeID":null},{"edgeID":"1782858","fromID":"1362182","toID":"1362178","formEdgeID":null},{"edgeID":"1782859","fromID":"1362174","toID":"1362183","formEdgeID":null},{"edgeID":"1782860","fromID":"1362183","toID":"1362179","formEdgeID":null},{"edgeID":"1782861","fromID":"1362186","toID":"1362185","formEdgeID":null},{"edgeID":"1782862","fromID":"1362187","toID":"1362186","formEdgeID":null},{"edgeID":"1782863","fromID":"1362185","toID":"1362188","formEdgeID":null},{"edgeID":"1782864","fromID":"1362188","toID":"1362184","formEdgeID":null},{"edgeID":"1782865","fromID":"1362179","toID":"1362189","formEdgeID":null},{"edgeID":"1782866","fromID":"1362189","toID":"1362185","formEdgeID":null},{"edgeID":"1782867","fromID":"1362184","toID":"1362190","formEdgeID":null},{"edgeID":"1782868","fromID":"1362190","toID":"1362178","formEdgeID":null},{"edgeID":"1782869","fromID":"1362189","toID":"1362191","formEdgeID":null},{"edgeID":"1782870","fromID":"1362191","toID":"1362190","formEdgeID":null},{"edgeID":"1782871","fromID":"1362194","toID":"1362193","formEdgeID":null},{"edgeID":"1782872","fromID":"1362195","toID":"1362194","formEdgeID":null},{"edgeID":"1782873","fromID":"1362193","toID":"1362196","formEdgeID":null},{"edgeID":"1782874","fromID":"1362196","toID":"1362192","formEdgeID":null},{"edgeID":"1782875","fromID":"1362185","toID":"1362197","formEdgeID":null},{"edgeID":"1782876","fromID":"1362197","toID":"1362193","formEdgeID":null},{"edgeID":"1782877","fromID":"1362200","toID":"1362199","formEdgeID":null},{"edgeID":"1782878","fromID":"1362201","toID":"1362200","formEdgeID":null},{"edgeID":"1782879","fromID":"1362199","toID":"1362202","formEdgeID":null},{"edgeID":"1782880","fromID":"1362202","toID":"1362198","formEdgeID":null},{"edgeID":"1782881","fromID":"1362193","toID":"1362203","formEdgeID":null},{"edgeID":"1782882","fromID":"1362203","toID":"1362199","formEdgeID":null},{"edgeID":"1782883","fromID":"1362198","toID":"1362204","formEdgeID":null},{"edgeID":"1782884","fromID":"1362204","toID":"1362192","formEdgeID":null},{"edgeID":"1782885","fromID":"1362203","toID":"1362205","formEdgeID":null},{"edgeID":"1782886","fromID":"1362205","toID":"1362204","formEdgeID":null},{"edgeID":"1782887","fromID":"1362208","toID":"1362207","formEdgeID":null},{"edgeID":"1782888","fromID":"1362209","toID":"1362208","formEdgeID":null},{"edgeID":"1782889","fromID":"1362207","toID":"1362210","formEdgeID":null},{"edgeID":"1782890","fromID":"1362210","toID":"1362206","formEdgeID":null},{"edgeID":"1782891","fromID":"1362213","toID":"1362212","formEdgeID":null},{"edgeID":"1782892","fromID":"1362214","toID":"1362213","formEdgeID":null},{"edgeID":"1782893","fromID":"1362212","toID":"1362215","formEdgeID":null},{"edgeID":"1782894","fromID":"1362215","toID":"1362211","formEdgeID":null},{"edgeID":"1782895","fromID":"1362207","toID":"1362216","formEdgeID":null},{"edgeID":"1782896","fromID":"1362216","toID":"1362212","formEdgeID":null},{"edgeID":"1782897","fromID":"1362211","toID":"1362217","formEdgeID":null},{"edgeID":"1782898","fromID":"1362217","toID":"1362206","formEdgeID":null},{"edgeID":"1782899","fromID":"1362216","toID":"1362218","formEdgeID":null},{"edgeID":"1782900","fromID":"1362218","toID":"1362217","formEdgeID":null},{"edgeID":"1782901","fromID":"1362221","toID":"1362220","formEdgeID":null},{"edgeID":"1782902","fromID":"1362222","toID":"1362221","formEdgeID":null},{"edgeID":"1782903","fromID":"1362220","toID":"1362223","formEdgeID":null},{"edgeID":"1782904","fromID":"1362223","toID":"1362219","formEdgeID":null},{"edgeID":"1782905","fromID":"1362226","toID":"1362225","formEdgeID":null},{"edgeID":"1782906","fromID":"1362227","toID":"1362226","formEdgeID":null},{"edgeID":"1782907","fromID":"1362225","toID":"1362228","formEdgeID":null},{"edgeID":"1782908","fromID":"1362228","toID":"1362224","formEdgeID":null},{"edgeID":"1782909","fromID":"1362220","toID":"1362229","formEdgeID":null},{"edgeID":"1782910","fromID":"1362229","toID":"1362225","formEdgeID":null},{"edgeID":"1782911","fromID":"1362224","toID":"1362230","formEdgeID":null},{"edgeID":"1782912","fromID":"1362230","toID":"1362219","formEdgeID":null},{"edgeID":"1782913","fromID":"1362229","toID":"1362231","formEdgeID":null},{"edgeID":"1782914","fromID":"1362231","toID":"1362230","formEdgeID":null},{"edgeID":"1782915","fromID":"1362234","toID":"1362233","formEdgeID":null},{"edgeID":"1782916","fromID":"1362235","toID":"1362234","formEdgeID":null},{"edgeID":"1782917","fromID":"1362233","toID":"1362236","formEdgeID":null},{"edgeID":"1782918","fromID":"1362236","toID":"1362232","formEdgeID":null},{"edgeID":"1782919","fromID":"1362225","toID":"1362237","formEdgeID":null},{"edgeID":"1782920","fromID":"1362237","toID":"1362233","formEdgeID":null},{"edgeID":"1782921","fromID":"1362232","toID":"1362238","formEdgeID":null},{"edgeID":"1782922","fromID":"1362238","toID":"1362211","formEdgeID":null},{"edgeID":"1782923","fromID":"1362241","toID":"1362240","formEdgeID":null},{"edgeID":"1782924","fromID":"1362242","toID":"1362241","formEdgeID":null},{"edgeID":"1782925","fromID":"1362240","toID":"1362243","formEdgeID":null},{"edgeID":"1782926","fromID":"1362243","toID":"1362239","formEdgeID":null},{"edgeID":"1782927","fromID":"1362239","toID":"1362244","formEdgeID":null},{"edgeID":"1782928","fromID":"1362244","toID":"1362224","formEdgeID":null},{"edgeID":"1782929","fromID":"1362232","toID":"1362244","formEdgeID":null},{"edgeID":"1782930","fromID":"1362237","toID":"1362245","formEdgeID":null},{"edgeID":"1782931","fromID":"1362245","toID":"1362244","formEdgeID":null},{"edgeID":"1782932","fromID":"1362225","toID":"1362246","formEdgeID":null},{"edgeID":"1782933","fromID":"1362246","toID":"1362240","formEdgeID":null},{"edgeID":"1782934","fromID":"1362239","toID":"1362247","formEdgeID":null},{"edgeID":"1782935","fromID":"1362247","toID":"1362211","formEdgeID":null},{"edgeID":"1782936","fromID":"1362212","toID":"1362248","formEdgeID":null},{"edgeID":"1782937","fromID":"1362248","toID":"1362233","formEdgeID":null},{"edgeID":"1782938","fromID":"1362248","toID":"1362249","formEdgeID":null},{"edgeID":"1782939","fromID":"1362249","toID":"1362238","formEdgeID":null},{"edgeID":"1782940","fromID":"1362212","toID":"1362250","formEdgeID":null},{"edgeID":"1782941","fromID":"1362250","toID":"1362240","formEdgeID":null},{"edgeID":"1782942","fromID":"1362250","toID":"1362251","formEdgeID":null},{"edgeID":"1782943","fromID":"1362251","toID":"1362247","formEdgeID":null},{"edgeID":"1782944","fromID":"1362254","toID":"1362253","formEdgeID":null},{"edgeID":"1782945","fromID":"1362255","toID":"1362254","formEdgeID":null},{"edgeID":"1782946","fromID":"1362253","toID":"1362256","formEdgeID":null},{"edgeID":"1782947","fromID":"1362256","toID":"1362252","formEdgeID":null},{"edgeID":"1782948","fromID":"1362240","toID":"1362257","formEdgeID":null},{"edgeID":"1782949","fromID":"1362257","toID":"1362253","formEdgeID":null},{"edgeID":"1782950","fromID":"1362259","toID":"1362258","formEdgeID":null},{"edgeID":"1782951","fromID":"1362260","toID":"1362259","formEdgeID":null},{"edgeID":"1782952","fromID":"1362253","toID":"1362261","formEdgeID":null},{"edgeID":"1782953","fromID":"1362261","toID":"1362258","formEdgeID":null},{"edgeID":"1782954","fromID":"1362261","toID":"1362262","formEdgeID":null},{"edgeID":"1782955","fromID":"1362262","toID":"1362252","formEdgeID":null},{"edgeID":"1782956","fromID":"1362174","toID":"1362263","formEdgeID":null},{"edgeID":"1782957","fromID":"1362263","toID":"1362169","formEdgeID":null},{"edgeID":"1782958","fromID":"1362206","toID":"1362264","formEdgeID":null},{"edgeID":"1782959","fromID":"1362264","toID":"1362169","formEdgeID":null},{"edgeID":"1782960","fromID":"1362170","toID":"1362265","formEdgeID":null},{"edgeID":"1782961","fromID":"1362265","toID":"1362207","formEdgeID":null},{"edgeID":"1782962","fromID":"1362265","toID":"1362266","formEdgeID":null},{"edgeID":"1782963","fromID":"1362266","toID":"1362264","formEdgeID":null}],"locutions":[]}