{"nodes":[{"nodeID":"1363308","text":"Prince Harry is basically saying that the royal family conspire with the press","type":"I","timestamp":"2023-11-09 14:29:56"},{"nodeID":"1363309","text":"Fiona Bruce: he's basically saying that the royal family conspire with the press","type":"L","timestamp":"2023-11-09 14:29:56"},{"nodeID":"1363310","text":"Analysing","type":"YA","timestamp":"2023-11-09 14:29:56"},{"nodeID":"1363311","text":"Nicole: Fiona Bruce: he's basically saying that the royal family conspire with the press","type":"L","timestamp":"2023-11-09 14:29:56"},{"nodeID":"1363312","text":"Asserting","type":"YA","timestamp":"2023-11-09 14:29:56"},{"nodeID":"1363313","text":"Prince Harry is basically saying that the royal family conspired with the press to make him and Megan look bad","type":"I","timestamp":"2023-11-09 14:29:56"},{"nodeID":"1363314","text":"Fiona Bruce: conspired with the press to make him and Megan look bad","type":"L","timestamp":"2023-11-09 14:29:56"},{"nodeID":"1363315","text":"Analysing","type":"YA","timestamp":"2023-11-09 14:29:56"},{"nodeID":"1363316","text":"Nicole: Fiona Bruce: conspired with the press to make him and Megan look bad","type":"L","timestamp":"2023-11-09 14:29:56"},{"nodeID":"1363317","text":"Asserting","type":"YA","timestamp":"2023-11-09 14:29:56"},{"nodeID":"1363318","text":"Default Transition","type":"TA","timestamp":"2023-11-09 14:29:56"},{"nodeID":"1363319","text":"Default Rephrase","type":"MA","timestamp":"2023-11-09 14:29:56"},{"nodeID":"1363320","text":"Restating","type":"YA","timestamp":"2023-11-09 14:29:56"},{"nodeID":"1363321","text":"saying that the royal family conspired with the press is a very serious allegation that Prince Harry is making","type":"I","timestamp":"2023-11-09 14:29:57"},{"nodeID":"1363322","text":"Fiona Bruce: That's a very serious allegation that he is making","type":"L","timestamp":"2023-11-09 14:29:57"},{"nodeID":"1363323","text":"Analysing","type":"YA","timestamp":"2023-11-09 14:29:57"},{"nodeID":"1363324","text":"Nicole: Fiona Bruce: That's a very serious allegation that he is making","type":"L","timestamp":"2023-11-09 14:29:57"},{"nodeID":"1363325","text":"Asserting","type":"YA","timestamp":"2023-11-09 14:29:57"},{"nodeID":"1363326","text":"Default Transition","type":"TA","timestamp":"2023-11-09 14:29:57"},{"nodeID":"1363327","text":"as if that's never happened","type":"I","timestamp":"2023-11-09 14:29:58"},{"nodeID":"1363328","text":"Tim Stanley: as if that's never happened","type":"L","timestamp":"2023-11-09 14:29:58"},{"nodeID":"1363329","text":"Analysing","type":"YA","timestamp":"2023-11-09 14:29:58"},{"nodeID":"1363330","text":"Nicole: Tim Stanley: as if that's never happened","type":"L","timestamp":"2023-11-09 14:29:58"},{"nodeID":"1363331","text":"Asserting","type":"YA","timestamp":"2023-11-09 14:29:58"},{"nodeID":"1363332","text":"as if no one has ever briefed","type":"I","timestamp":"2023-11-09 14:29:58"},{"nodeID":"1363333","text":"Tim Stanley: as if no one has ever briefed","type":"L","timestamp":"2023-11-09 14:29:58"},{"nodeID":"1363334","text":"Analysing","type":"YA","timestamp":"2023-11-09 14:29:58"},{"nodeID":"1363335","text":"Nicole: Tim Stanley: as if no one has ever briefed","type":"L","timestamp":"2023-11-09 14:29:58"},{"nodeID":"1363336","text":"Asserting","type":"YA","timestamp":"2023-11-09 14:29:58"},{"nodeID":"1363337","text":"Default Transition","type":"TA","timestamp":"2023-11-09 14:29:58"},{"nodeID":"1363338","text":"Default Rephrase","type":"MA","timestamp":"2023-11-09 14:29:58"},{"nodeID":"1363339","text":"Restating","type":"YA","timestamp":"2023-11-09 14:29:58"},{"nodeID":"1363340","text":"it's just that Prince Harry is saying that the Royals briefed","type":"I","timestamp":"2023-11-09 14:29:59"},{"nodeID":"1363341","text":"Fiona Bruce: It's just that he's saying that","type":"L","timestamp":"2023-11-09 14:29:59"},{"nodeID":"1363342","text":"Analysing","type":"YA","timestamp":"2023-11-09 14:29:59"},{"nodeID":"1363343","text":"Nicole: Fiona Bruce: It's just that he's saying that","type":"L","timestamp":"2023-11-09 14:29:59"},{"nodeID":"1363344","text":"Asserting","type":"YA","timestamp":"2023-11-09 14:29:59"},{"nodeID":"1363345","text":"is the first time that we've heard it","type":"I","timestamp":"2023-11-09 14:30:00"},{"nodeID":"1363346","text":"Fiona Bruce: is the first time that we've heard it","type":"L","timestamp":"2023-11-09 14:30:00"},{"nodeID":"1363347","text":"Analysing","type":"YA","timestamp":"2023-11-09 14:30:00"},{"nodeID":"1363348","text":"Nicole: Fiona Bruce: is the first time that we've heard it","type":"L","timestamp":"2023-11-09 14:30:00"},{"nodeID":"1363349","text":"Asserting","type":"YA","timestamp":"2023-11-09 14:30:00"},{"nodeID":"1363350","text":"Default Transition","type":"TA","timestamp":"2023-11-09 14:30:00"},{"nodeID":"1363351","text":"the monarchy itself is or isn't damaged","type":"I","timestamp":"2023-11-09 14:30:00"},{"nodeID":"1363352","text":"Tim Stanley: is the monarchy itself damaged","type":"L","timestamp":"2023-11-09 14:30:00"},{"nodeID":"1363353","text":"Analysing","type":"YA","timestamp":"2023-11-09 14:30:00"},{"nodeID":"1363354","text":"Nicole: Tim Stanley: is the monarchy itself damaged","type":"L","timestamp":"2023-11-09 14:30:00"},{"nodeID":"1363355","text":"Pure Questioning","type":"YA","timestamp":"2023-11-09 14:30:00"},{"nodeID":"1363356","text":"you look back over the monarchy's history, brothers have been at each other's throats, the media's been involved, we've had all this before and it has survived","type":"I","timestamp":"2023-11-09 14:30:01"},{"nodeID":"1363357","text":"Tim Stanley: you look back over its history, brothers have been at each other's throats, the media's been involved, we've had all this before and it has survived","type":"L","timestamp":"2023-11-09 14:30:01"},{"nodeID":"1363358","text":"Analysing","type":"YA","timestamp":"2023-11-09 14:30:01"},{"nodeID":"1363359","text":"Nicole: Tim Stanley: you look back over its history, brothers have been at each other's throats, the media's been involved, we've had all this before and it has survived","type":"L","timestamp":"2023-11-09 14:30:01"},{"nodeID":"1363360","text":"Asserting","type":"YA","timestamp":"2023-11-09 14:30:01"},{"nodeID":"1363361","text":"Default Transition","type":"TA","timestamp":"2023-11-09 14:30:01"},{"nodeID":"1363362","text":"Default Rephrase","type":"MA","timestamp":"2023-11-09 14:30:01"},{"nodeID":"1363363","text":"Default Illocuting","type":"YA","timestamp":"2023-11-09 14:30:01"},{"nodeID":"1363364","text":"in a better age Prince Harry and Prince William would've resolved this with pistols at dawn","type":"I","timestamp":"2023-11-09 14:30:01"},{"nodeID":"1363365","text":"Tim Stanley: In a better age Harry and William would've resolved this with pistols at dawn","type":"L","timestamp":"2023-11-09 14:30:01"},{"nodeID":"1363366","text":"Analysing","type":"YA","timestamp":"2023-11-09 14:30:01"},{"nodeID":"1363367","text":"Nicole: Tim Stanley: In a better age Harry and William would've resolved this with pistols at dawn","type":"L","timestamp":"2023-11-09 14:30:01"},{"nodeID":"1363368","text":"Asserting","type":"YA","timestamp":"2023-11-09 14:30:01"},{"nodeID":"1363369","text":"Default Transition","type":"TA","timestamp":"2023-11-09 14:30:01"},{"nodeID":"1363370","text":"sadly now it's done through Netflix","type":"I","timestamp":"2023-11-09 14:30:02"},{"nodeID":"1363371","text":"Tim Stanley: sadly now it's done through Netflix","type":"L","timestamp":"2023-11-09 14:30:02"},{"nodeID":"1363372","text":"Analysing","type":"YA","timestamp":"2023-11-09 14:30:02"},{"nodeID":"1363373","text":"Nicole: Tim Stanley: sadly now it's done through Netflix","type":"L","timestamp":"2023-11-09 14:30:02"},{"nodeID":"1363374","text":"Asserting","type":"YA","timestamp":"2023-11-09 14:30:02"},{"nodeID":"1363375","text":"Default Transition","type":"TA","timestamp":"2023-11-09 14:30:02"},{"nodeID":"1363376","text":"Default Rephrase","type":"MA","timestamp":"2023-11-09 14:30:02"},{"nodeID":"1363377","text":"Restating","type":"YA","timestamp":"2023-11-09 14:30:02"},{"nodeID":"1363378","text":"the monarchy survives","type":"I","timestamp":"2023-11-09 14:30:03"},{"nodeID":"1363379","text":"Tim Stanley: the monarchy survives","type":"L","timestamp":"2023-11-09 14:30:03"},{"nodeID":"1363380","text":"Analysing","type":"YA","timestamp":"2023-11-09 14:30:03"},{"nodeID":"1363381","text":"Nicole: Tim Stanley: the monarchy survives","type":"L","timestamp":"2023-11-09 14:30:03"},{"nodeID":"1363382","text":"Asserting","type":"YA","timestamp":"2023-11-09 14:30:03"},{"nodeID":"1363383","text":"Default Transition","type":"TA","timestamp":"2023-11-09 14:30:03"},{"nodeID":"1363384","text":"Default Rephrase","type":"MA","timestamp":"2023-11-09 14:30:03"},{"nodeID":"1363385","text":"Restating","type":"YA","timestamp":"2023-11-09 14:30:03"},{"nodeID":"1363386","text":"the monarchy's strength, its significance does not rest on the individuals within it, but upon its constitutional role","type":"I","timestamp":"2023-11-09 14:30:03"},{"nodeID":"1363387","text":"Tim Stanley: its strength, its significance does not rest on the individuals within it, but upon its constitutional role","type":"L","timestamp":"2023-11-09 14:30:03"},{"nodeID":"1363388","text":"Analysing","type":"YA","timestamp":"2023-11-09 14:30:03"},{"nodeID":"1363389","text":"Nicole: Tim Stanley: its strength, its significance does not rest on the individuals within it, but upon its constitutional role","type":"L","timestamp":"2023-11-09 14:30:03"},{"nodeID":"1363390","text":"Asserting","type":"YA","timestamp":"2023-11-09 14:30:03"},{"nodeID":"1363391","text":"Default Transition","type":"TA","timestamp":"2023-11-09 14:30:03"},{"nodeID":"1363392","text":"Default Inference","type":"RA","timestamp":"2023-11-09 14:30:03"},{"nodeID":"1363393","text":"Arguing","type":"YA","timestamp":"2023-11-09 14:30:03"},{"nodeID":"1363394","text":"it's the monarchy's constitutional stability that it provides","type":"I","timestamp":"2023-11-09 14:30:04"},{"nodeID":"1363395","text":"Tim Stanley: It's its constitutional stability that it provides","type":"L","timestamp":"2023-11-09 14:30:04"},{"nodeID":"1363396","text":"Analysing","type":"YA","timestamp":"2023-11-09 14:30:04"},{"nodeID":"1363397","text":"Nicole: Tim Stanley: It's its constitutional stability that it provides","type":"L","timestamp":"2023-11-09 14:30:04"},{"nodeID":"1363398","text":"Asserting","type":"YA","timestamp":"2023-11-09 14:30:04"},{"nodeID":"1363399","text":"Default Transition","type":"TA","timestamp":"2023-11-09 14:30:04"},{"nodeID":"1363400","text":"Default Rephrase","type":"MA","timestamp":"2023-11-09 14:30:04"},{"nodeID":"1363401","text":"Restating","type":"YA","timestamp":"2023-11-09 14:30:04"},{"nodeID":"1363402","text":"the monarchy has lasted despite having bad people within it","type":"I","timestamp":"2023-11-09 14:30:05"},{"nodeID":"1363403","text":"Tim Stanley: it has lasted despite having bad people within it","type":"L","timestamp":"2023-11-09 14:30:05"},{"nodeID":"1363404","text":"Analysing","type":"YA","timestamp":"2023-11-09 14:30:05"},{"nodeID":"1363405","text":"Nicole: Tim Stanley: it has lasted despite having bad people within it","type":"L","timestamp":"2023-11-09 14:30:05"},{"nodeID":"1363406","text":"Asserting","type":"YA","timestamp":"2023-11-09 14:30:05"},{"nodeID":"1363407","text":"the person who with each revelation who comes out worse out of this is Prince Harry himself","type":"I","timestamp":"2023-11-09 14:30:05"},{"nodeID":"1363408","text":"Tim Stanley: The person who I think with each revelation who comes out worse out of this, I'm afraid to say is Harry himself","type":"L","timestamp":"2023-11-09 14:30:05"},{"nodeID":"1363409","text":"Analysing","type":"YA","timestamp":"2023-11-09 14:30:05"},{"nodeID":"1363410","text":"Nicole: Tim Stanley: The person who I think with each revelation who comes out worse out of this, I'm afraid to say is Harry himself","type":"L","timestamp":"2023-11-09 14:30:05"},{"nodeID":"1363411","text":"Asserting","type":"YA","timestamp":"2023-11-09 14:30:05"},{"nodeID":"1363412","text":"Default Transition","type":"TA","timestamp":"2023-11-09 14:30:05"},{"nodeID":"1363413","text":"the lesson that one takes from this, is this is why so many of us appreciated Elizabeth II","type":"I","timestamp":"2023-11-09 14:30:06"},{"nodeID":"1363414","text":"Tim Stanley: the lesson that one takes from this, is this is why so many of us appreciated Elizabeth II","type":"L","timestamp":"2023-11-09 14:30:06"},{"nodeID":"1363415","text":"Analysing","type":"YA","timestamp":"2023-11-09 14:30:06"},{"nodeID":"1363416","text":"Nicole: Tim Stanley: the lesson that one takes from this, is this is why so many of us appreciated Elizabeth II","type":"L","timestamp":"2023-11-09 14:30:06"},{"nodeID":"1363417","text":"Asserting","type":"YA","timestamp":"2023-11-09 14:30:06"},{"nodeID":"1363418","text":"Default Transition","type":"TA","timestamp":"2023-11-09 14:30:06"},{"nodeID":"1363419","text":"we might not have realised it at the time, but Elizabeth II never got on your nerves","type":"I","timestamp":"2023-11-09 14:30:07"},{"nodeID":"1363420","text":"Tim Stanley: we might not have realised it at the time, but Elizabeth II never got on your nerves","type":"L","timestamp":"2023-11-09 14:30:07"},{"nodeID":"1363421","text":"Analysing","type":"YA","timestamp":"2023-11-09 14:30:07"},{"nodeID":"1363422","text":"Nicole: Tim Stanley: we might not have realised it at the time, but Elizabeth II never got on your nerves","type":"L","timestamp":"2023-11-09 14:30:07"},{"nodeID":"1363423","text":"Asserting","type":"YA","timestamp":"2023-11-09 14:30:07"},{"nodeID":"1363424","text":"Default Transition","type":"TA","timestamp":"2023-11-09 14:30:07"},{"nodeID":"1363425","text":"Elizabeth II kept her opinions to herself","type":"I","timestamp":"2023-11-09 14:30:07"},{"nodeID":"1363426","text":"Tim Stanley: she kept her opinions to herself","type":"L","timestamp":"2023-11-09 14:30:07"},{"nodeID":"1363427","text":"Analysing","type":"YA","timestamp":"2023-11-09 14:30:07"},{"nodeID":"1363428","text":"Nicole: Tim Stanley: she kept her opinions to herself","type":"L","timestamp":"2023-11-09 14:30:07"},{"nodeID":"1363429","text":"Asserting","type":"YA","timestamp":"2023-11-09 14:30:07"},{"nodeID":"1363430","text":"Default Inference","type":"RA","timestamp":"2023-11-09 14:30:07"},{"nodeID":"1363431","text":"Default Transition","type":"TA","timestamp":"2023-11-09 14:30:07"},{"nodeID":"1363432","text":"Arguing","type":"YA","timestamp":"2023-11-09 14:30:07"},{"nodeID":"1363433","text":"Default Rephrase","type":"MA","timestamp":"2023-11-09 14:30:07"},{"nodeID":"1363434","text":"Restating","type":"YA","timestamp":"2023-11-09 14:30:07"},{"nodeID":"1363435","text":"keeping one's opinions to themselves is setting the bar quite low","type":"I","timestamp":"2023-11-09 14:30:08"},{"nodeID":"1363436","text":"Fiona Bruce: That's setting the bar quite low","type":"L","timestamp":"2023-11-09 14:30:08"},{"nodeID":"1363437","text":"Analysing","type":"YA","timestamp":"2023-11-09 14:30:08"},{"nodeID":"1363438","text":"Nicole: Fiona Bruce: That's setting the bar quite low","type":"L","timestamp":"2023-11-09 14:30:08"},{"nodeID":"1363439","text":"Asserting","type":"YA","timestamp":"2023-11-09 14:30:08"},{"nodeID":"1363440","text":"Default Transition","type":"TA","timestamp":"2023-11-09 14:30:08"},{"nodeID":"1363441","text":"Default Rephrase","type":"MA","timestamp":"2023-11-09 14:30:08"},{"nodeID":"1363442","text":"Restating","type":"YA","timestamp":"2023-11-09 14:30:08"},{"nodeID":"1363443","text":"Default Transition","type":"TA","timestamp":"2023-11-09 14:30:08"},{"nodeID":"1363444","text":"Default Transition","type":"TA","timestamp":"2023-11-09 14:30:08"},{"nodeID":"1363445","text":"Default Conflict","type":"CA","timestamp":"2023-11-09 14:30:08"},{"nodeID":"1363446","text":"Disagreeing","type":"YA","timestamp":"2023-11-09 14:30:08"},{"nodeID":"1363447","text":"Default Conflict","type":"CA","timestamp":"2023-11-09 14:30:08"},{"nodeID":"1363448","text":"Disagreeing","type":"YA","timestamp":"2023-11-09 14:30:08"},{"nodeID":"1363449","text":"Default Transition","type":"TA","timestamp":"2023-11-09 14:30:08"},{"nodeID":"1363450","text":"Default Inference","type":"RA","timestamp":"2023-11-09 14:30:08"},{"nodeID":"1363451","text":"Default Transition","type":"TA","timestamp":"2023-11-09 14:30:08"},{"nodeID":"1363452","text":"Arguing","type":"YA","timestamp":"2023-11-09 14:30:08"},{"nodeID":"1363453","text":"Default Rephrase","type":"MA","timestamp":"2023-11-09 14:30:08"},{"nodeID":"1363454","text":"Restating","type":"YA","timestamp":"2023-11-09 14:30:08"}],"edges":[{"edgeID":"1784205","fromID":"1363310","toID":"1363309","formEdgeID":null},{"edgeID":"1784206","fromID":"1363311","toID":"1363310","formEdgeID":null},{"edgeID":"1784207","fromID":"1363309","toID":"1363312","formEdgeID":null},{"edgeID":"1784208","fromID":"1363312","toID":"1363308","formEdgeID":null},{"edgeID":"1784209","fromID":"1363315","toID":"1363314","formEdgeID":null},{"edgeID":"1784210","fromID":"1363316","toID":"1363315","formEdgeID":null},{"edgeID":"1784211","fromID":"1363314","toID":"1363317","formEdgeID":null},{"edgeID":"1784212","fromID":"1363317","toID":"1363313","formEdgeID":null},{"edgeID":"1784213","fromID":"1363309","toID":"1363318","formEdgeID":null},{"edgeID":"1784214","fromID":"1363318","toID":"1363314","formEdgeID":null},{"edgeID":"1784215","fromID":"1363313","toID":"1363319","formEdgeID":null},{"edgeID":"1784216","fromID":"1363319","toID":"1363308","formEdgeID":null},{"edgeID":"1784217","fromID":"1363318","toID":"1363320","formEdgeID":null},{"edgeID":"1784218","fromID":"1363320","toID":"1363319","formEdgeID":null},{"edgeID":"1784219","fromID":"1363323","toID":"1363322","formEdgeID":null},{"edgeID":"1784220","fromID":"1363324","toID":"1363323","formEdgeID":null},{"edgeID":"1784221","fromID":"1363322","toID":"1363325","formEdgeID":null},{"edgeID":"1784222","fromID":"1363325","toID":"1363321","formEdgeID":null},{"edgeID":"1784223","fromID":"1363314","toID":"1363326","formEdgeID":null},{"edgeID":"1784224","fromID":"1363326","toID":"1363322","formEdgeID":null},{"edgeID":"1784225","fromID":"1363329","toID":"1363328","formEdgeID":null},{"edgeID":"1784226","fromID":"1363330","toID":"1363329","formEdgeID":null},{"edgeID":"1784227","fromID":"1363328","toID":"1363331","formEdgeID":null},{"edgeID":"1784228","fromID":"1363331","toID":"1363327","formEdgeID":null},{"edgeID":"1784229","fromID":"1363334","toID":"1363333","formEdgeID":null},{"edgeID":"1784230","fromID":"1363335","toID":"1363334","formEdgeID":null},{"edgeID":"1784231","fromID":"1363333","toID":"1363336","formEdgeID":null},{"edgeID":"1784232","fromID":"1363336","toID":"1363332","formEdgeID":null},{"edgeID":"1784233","fromID":"1363328","toID":"1363337","formEdgeID":null},{"edgeID":"1784234","fromID":"1363337","toID":"1363333","formEdgeID":null},{"edgeID":"1784235","fromID":"1363332","toID":"1363338","formEdgeID":null},{"edgeID":"1784236","fromID":"1363338","toID":"1363327","formEdgeID":null},{"edgeID":"1784237","fromID":"1363337","toID":"1363339","formEdgeID":null},{"edgeID":"1784238","fromID":"1363339","toID":"1363338","formEdgeID":null},{"edgeID":"1784239","fromID":"1363342","toID":"1363341","formEdgeID":null},{"edgeID":"1784240","fromID":"1363343","toID":"1363342","formEdgeID":null},{"edgeID":"1784241","fromID":"1363341","toID":"1363344","formEdgeID":null},{"edgeID":"1784242","fromID":"1363344","toID":"1363340","formEdgeID":null},{"edgeID":"1784243","fromID":"1363347","toID":"1363346","formEdgeID":null},{"edgeID":"1784244","fromID":"1363348","toID":"1363347","formEdgeID":null},{"edgeID":"1784245","fromID":"1363346","toID":"1363349","formEdgeID":null},{"edgeID":"1784246","fromID":"1363349","toID":"1363345","formEdgeID":null},{"edgeID":"1784247","fromID":"1363341","toID":"1363350","formEdgeID":null},{"edgeID":"1784248","fromID":"1363350","toID":"1363346","formEdgeID":null},{"edgeID":"1784249","fromID":"1363353","toID":"1363352","formEdgeID":null},{"edgeID":"1784250","fromID":"1363354","toID":"1363353","formEdgeID":null},{"edgeID":"1784251","fromID":"1363352","toID":"1363355","formEdgeID":null},{"edgeID":"1784252","fromID":"1363355","toID":"1363351","formEdgeID":null},{"edgeID":"1784253","fromID":"1363358","toID":"1363357","formEdgeID":null},{"edgeID":"1784254","fromID":"1363359","toID":"1363358","formEdgeID":null},{"edgeID":"1784255","fromID":"1363357","toID":"1363360","formEdgeID":null},{"edgeID":"1784256","fromID":"1363360","toID":"1363356","formEdgeID":null},{"edgeID":"1784257","fromID":"1363352","toID":"1363361","formEdgeID":null},{"edgeID":"1784258","fromID":"1363361","toID":"1363357","formEdgeID":null},{"edgeID":"1784259","fromID":"1363356","toID":"1363362","formEdgeID":null},{"edgeID":"1784260","fromID":"1363362","toID":"1363351","formEdgeID":null},{"edgeID":"1784261","fromID":"1363361","toID":"1363363","formEdgeID":null},{"edgeID":"1784262","fromID":"1363363","toID":"1363362","formEdgeID":null},{"edgeID":"1784263","fromID":"1363366","toID":"1363365","formEdgeID":null},{"edgeID":"1784264","fromID":"1363367","toID":"1363366","formEdgeID":null},{"edgeID":"1784265","fromID":"1363365","toID":"1363368","formEdgeID":null},{"edgeID":"1784266","fromID":"1363368","toID":"1363364","formEdgeID":null},{"edgeID":"1784267","fromID":"1363357","toID":"1363369","formEdgeID":null},{"edgeID":"1784268","fromID":"1363369","toID":"1363365","formEdgeID":null},{"edgeID":"1784269","fromID":"1363372","toID":"1363371","formEdgeID":null},{"edgeID":"1784270","fromID":"1363373","toID":"1363372","formEdgeID":null},{"edgeID":"1784271","fromID":"1363371","toID":"1363374","formEdgeID":null},{"edgeID":"1784272","fromID":"1363374","toID":"1363370","formEdgeID":null},{"edgeID":"1784273","fromID":"1363365","toID":"1363375","formEdgeID":null},{"edgeID":"1784274","fromID":"1363375","toID":"1363371","formEdgeID":null},{"edgeID":"1784275","fromID":"1363370","toID":"1363376","formEdgeID":null},{"edgeID":"1784276","fromID":"1363376","toID":"1363364","formEdgeID":null},{"edgeID":"1784277","fromID":"1363375","toID":"1363377","formEdgeID":null},{"edgeID":"1784278","fromID":"1363377","toID":"1363376","formEdgeID":null},{"edgeID":"1784279","fromID":"1363380","toID":"1363379","formEdgeID":null},{"edgeID":"1784280","fromID":"1363381","toID":"1363380","formEdgeID":null},{"edgeID":"1784281","fromID":"1363379","toID":"1363382","formEdgeID":null},{"edgeID":"1784282","fromID":"1363382","toID":"1363378","formEdgeID":null},{"edgeID":"1784283","fromID":"1363357","toID":"1363383","formEdgeID":null},{"edgeID":"1784284","fromID":"1363383","toID":"1363379","formEdgeID":null},{"edgeID":"1784285","fromID":"1363378","toID":"1363384","formEdgeID":null},{"edgeID":"1784286","fromID":"1363384","toID":"1363356","formEdgeID":null},{"edgeID":"1784287","fromID":"1363383","toID":"1363385","formEdgeID":null},{"edgeID":"1784288","fromID":"1363385","toID":"1363384","formEdgeID":null},{"edgeID":"1784289","fromID":"1363388","toID":"1363387","formEdgeID":null},{"edgeID":"1784290","fromID":"1363389","toID":"1363388","formEdgeID":null},{"edgeID":"1784291","fromID":"1363387","toID":"1363390","formEdgeID":null},{"edgeID":"1784292","fromID":"1363390","toID":"1363386","formEdgeID":null},{"edgeID":"1784293","fromID":"1363379","toID":"1363391","formEdgeID":null},{"edgeID":"1784294","fromID":"1363391","toID":"1363387","formEdgeID":null},{"edgeID":"1784295","fromID":"1363386","toID":"1363392","formEdgeID":null},{"edgeID":"1784296","fromID":"1363392","toID":"1363378","formEdgeID":null},{"edgeID":"1784297","fromID":"1363391","toID":"1363393","formEdgeID":null},{"edgeID":"1784298","fromID":"1363393","toID":"1363392","formEdgeID":null},{"edgeID":"1784299","fromID":"1363396","toID":"1363395","formEdgeID":null},{"edgeID":"1784300","fromID":"1363397","toID":"1363396","formEdgeID":null},{"edgeID":"1784301","fromID":"1363395","toID":"1363398","formEdgeID":null},{"edgeID":"1784302","fromID":"1363398","toID":"1363394","formEdgeID":null},{"edgeID":"1784303","fromID":"1363387","toID":"1363399","formEdgeID":null},{"edgeID":"1784304","fromID":"1363399","toID":"1363395","formEdgeID":null},{"edgeID":"1784305","fromID":"1363394","toID":"1363400","formEdgeID":null},{"edgeID":"1784306","fromID":"1363400","toID":"1363386","formEdgeID":null},{"edgeID":"1784307","fromID":"1363399","toID":"1363401","formEdgeID":null},{"edgeID":"1784308","fromID":"1363401","toID":"1363400","formEdgeID":null},{"edgeID":"1784309","fromID":"1363404","toID":"1363403","formEdgeID":null},{"edgeID":"1784310","fromID":"1363405","toID":"1363404","formEdgeID":null},{"edgeID":"1784311","fromID":"1363403","toID":"1363406","formEdgeID":null},{"edgeID":"1784312","fromID":"1363406","toID":"1363402","formEdgeID":null},{"edgeID":"1784313","fromID":"1363409","toID":"1363408","formEdgeID":null},{"edgeID":"1784314","fromID":"1363410","toID":"1363409","formEdgeID":null},{"edgeID":"1784315","fromID":"1363408","toID":"1363411","formEdgeID":null},{"edgeID":"1784316","fromID":"1363411","toID":"1363407","formEdgeID":null},{"edgeID":"1784317","fromID":"1363403","toID":"1363412","formEdgeID":null},{"edgeID":"1784318","fromID":"1363412","toID":"1363408","formEdgeID":null},{"edgeID":"1784319","fromID":"1363415","toID":"1363414","formEdgeID":null},{"edgeID":"1784320","fromID":"1363416","toID":"1363415","formEdgeID":null},{"edgeID":"1784321","fromID":"1363414","toID":"1363417","formEdgeID":null},{"edgeID":"1784322","fromID":"1363417","toID":"1363413","formEdgeID":null},{"edgeID":"1784323","fromID":"1363408","toID":"1363418","formEdgeID":null},{"edgeID":"1784324","fromID":"1363418","toID":"1363414","formEdgeID":null},{"edgeID":"1784325","fromID":"1363421","toID":"1363420","formEdgeID":null},{"edgeID":"1784326","fromID":"1363422","toID":"1363421","formEdgeID":null},{"edgeID":"1784327","fromID":"1363420","toID":"1363423","formEdgeID":null},{"edgeID":"1784328","fromID":"1363423","toID":"1363419","formEdgeID":null},{"edgeID":"1784329","fromID":"1363414","toID":"1363424","formEdgeID":null},{"edgeID":"1784330","fromID":"1363424","toID":"1363420","formEdgeID":null},{"edgeID":"1784331","fromID":"1363427","toID":"1363426","formEdgeID":null},{"edgeID":"1784332","fromID":"1363428","toID":"1363427","formEdgeID":null},{"edgeID":"1784333","fromID":"1363426","toID":"1363429","formEdgeID":null},{"edgeID":"1784334","fromID":"1363429","toID":"1363425","formEdgeID":null},{"edgeID":"1784335","fromID":"1363425","toID":"1363430","formEdgeID":null},{"edgeID":"1784336","fromID":"1363430","toID":"1363419","formEdgeID":null},{"edgeID":"1784337","fromID":"1363420","toID":"1363431","formEdgeID":null},{"edgeID":"1784338","fromID":"1363431","toID":"1363426","formEdgeID":null},{"edgeID":"1784339","fromID":"1363431","toID":"1363432","formEdgeID":null},{"edgeID":"1784340","fromID":"1363432","toID":"1363430","formEdgeID":null},{"edgeID":"1784341","fromID":"1363419","toID":"1363433","formEdgeID":null},{"edgeID":"1784342","fromID":"1363433","toID":"1363413","formEdgeID":null},{"edgeID":"1784343","fromID":"1363424","toID":"1363434","formEdgeID":null},{"edgeID":"1784344","fromID":"1363434","toID":"1363433","formEdgeID":null},{"edgeID":"1784345","fromID":"1363437","toID":"1363436","formEdgeID":null},{"edgeID":"1784346","fromID":"1363438","toID":"1363437","formEdgeID":null},{"edgeID":"1784347","fromID":"1363436","toID":"1363439","formEdgeID":null},{"edgeID":"1784348","fromID":"1363439","toID":"1363435","formEdgeID":null},{"edgeID":"1784349","fromID":"1363426","toID":"1363440","formEdgeID":null},{"edgeID":"1784350","fromID":"1363440","toID":"1363436","formEdgeID":null},{"edgeID":"1784351","fromID":"1363321","toID":"1363441","formEdgeID":null},{"edgeID":"1784352","fromID":"1363441","toID":"1363313","formEdgeID":null},{"edgeID":"1784353","fromID":"1363326","toID":"1363442","formEdgeID":null},{"edgeID":"1784354","fromID":"1363442","toID":"1363441","formEdgeID":null},{"edgeID":"1784355","fromID":"1363443","toID":"1363328","formEdgeID":null},{"edgeID":"1784356","fromID":"1363322","toID":"1363443","formEdgeID":null},{"edgeID":"1784357","fromID":"1363444","toID":"1363341","formEdgeID":null},{"edgeID":"1784358","fromID":"1363333","toID":"1363444","formEdgeID":null},{"edgeID":"1784359","fromID":"1363340","toID":"1363445","formEdgeID":null},{"edgeID":"1784360","fromID":"1363445","toID":"1363332","formEdgeID":null},{"edgeID":"1784361","fromID":"1363444","toID":"1363446","formEdgeID":null},{"edgeID":"1784362","fromID":"1363446","toID":"1363445","formEdgeID":null},{"edgeID":"1784363","fromID":"1363447","toID":"1363321","formEdgeID":null},{"edgeID":"1784364","fromID":"1363327","toID":"1363447","formEdgeID":null},{"edgeID":"1784365","fromID":"1363443","toID":"1363448","formEdgeID":null},{"edgeID":"1784366","fromID":"1363448","toID":"1363447","formEdgeID":null},{"edgeID":"1784367","fromID":"1363346","toID":"1363449","formEdgeID":null},{"edgeID":"1784368","fromID":"1363449","toID":"1363352","formEdgeID":null},{"edgeID":"1784369","fromID":"1363386","toID":"1363450","formEdgeID":null},{"edgeID":"1784370","fromID":"1363450","toID":"1363402","formEdgeID":null},{"edgeID":"1784371","fromID":"1363387","toID":"1363451","formEdgeID":null},{"edgeID":"1784372","fromID":"1363451","toID":"1363403","formEdgeID":null},{"edgeID":"1784373","fromID":"1363451","toID":"1363452","formEdgeID":null},{"edgeID":"1784374","fromID":"1363452","toID":"1363450","formEdgeID":null},{"edgeID":"1784375","fromID":"1363435","toID":"1363453","formEdgeID":null},{"edgeID":"1784376","fromID":"1363453","toID":"1363425","formEdgeID":null},{"edgeID":"1784377","fromID":"1363454","toID":"1363453","formEdgeID":null},{"edgeID":"1784378","fromID":"1363440","toID":"1363454","formEdgeID":null}],"locutions":[]}