{"nodes":[{"nodeID":"1360618","text":"Tim Stanley: that's true","type":"L","timestamp":"2023-11-09 14:26:15"},{"nodeID":"1360619","text":"the government have recruited more NHS staff","type":"I","timestamp":"2023-11-09 14:26:15"},{"nodeID":"1360620","text":"Tim Stanley: the Government will immediately say but we have recruited more staff.","type":"L","timestamp":"2023-11-09 14:26:15"},{"nodeID":"1360621","text":"Analysing","type":"YA","timestamp":"2023-11-09 14:26:15"},{"nodeID":"1360622","text":"Anon: Tim Stanley: the Government will immediately say but we have recruited more staff.","type":"L","timestamp":"2023-11-09 14:26:15"},{"nodeID":"1360623","text":"The Government : we have recruited more NHS staff","type":"L","timestamp":"2023-11-09 14:26:15"},{"nodeID":"1360624","text":"Analysing","type":"YA","timestamp":"2023-11-09 14:26:15"},{"nodeID":"1360625","text":"Anon: The Government : the Government will immediately say but we have recruited more staff.","type":"L","timestamp":"2023-11-09 14:26:15"},{"nodeID":"1360626","text":"Asserting","type":"YA","timestamp":"2023-11-09 14:26:15"},{"nodeID":"1360627","text":"Asserting","type":"YA","timestamp":"2023-11-09 14:26:15"},{"nodeID":"1360628","text":"the government have spent more money in real terms","type":"I","timestamp":"2023-11-09 14:26:16"},{"nodeID":"1360629","text":"Tim Stanley: We have spent more money in real terms","type":"L","timestamp":"2023-11-09 14:26:16"},{"nodeID":"1360630","text":"Analysing","type":"YA","timestamp":"2023-11-09 14:26:16"},{"nodeID":"1360631","text":"Anon: Tim Stanley: We have spent more money in real terms","type":"L","timestamp":"2023-11-09 14:26:16"},{"nodeID":"1360632","text":"The Government: We have spent more money in real terms","type":"L","timestamp":"2023-11-09 14:26:16"},{"nodeID":"1360633","text":"Analysing","type":"YA","timestamp":"2023-11-09 14:26:16"},{"nodeID":"1360634","text":"Anon: The Government: We have spent more money in real terms","type":"L","timestamp":"2023-11-09 14:26:16"},{"nodeID":"1360635","text":"Asserting","type":"YA","timestamp":"2023-11-09 14:26:16"},{"nodeID":"1360636","text":"Asserting","type":"YA","timestamp":"2023-11-09 14:26:16"},{"nodeID":"1360637","text":"Default Transition","type":"TA","timestamp":"2023-11-09 14:26:16"},{"nodeID":"1360638","text":"Analysing","type":"YA","timestamp":"2023-11-09 14:26:16"},{"nodeID":"1360639","text":"Anon: Tim Stanley: That's true","type":"L","timestamp":"2023-11-09 14:26:16"},{"nodeID":"1360640","text":"Default Transition","type":"TA","timestamp":"2023-11-09 14:26:16"},{"nodeID":"1360641","text":"Agreeing","type":"YA","timestamp":"2023-11-09 14:26:16"},{"nodeID":"1360642","text":"health spending has to increase year on year well above inflation for it to keep pace with growing need","type":"I","timestamp":"2023-11-09 14:26:16"},{"nodeID":"1360643","text":"Tim Stanley: the thing about health spending is it has to increase year on year well above inflation for it to keep pace with growing need","type":"L","timestamp":"2023-11-09 14:26:16"},{"nodeID":"1360644","text":"Analysing","type":"YA","timestamp":"2023-11-09 14:26:16"},{"nodeID":"1360645","text":"Anon: Tim Stanley: the thing about health spending is it has to increase year on year well above inflation for it to keep pace with growing need","type":"L","timestamp":"2023-11-09 14:26:16"},{"nodeID":"1360646","text":"Asserting","type":"YA","timestamp":"2023-11-09 14:26:16"},{"nodeID":"1360647","text":"health spending has to increase above inflation with the demands of an elderly population","type":"I","timestamp":"2023-11-09 14:26:17"},{"nodeID":"1360648","text":"Tim Stanley: particularly with an elderly population","type":"L","timestamp":"2023-11-09 14:26:17"},{"nodeID":"1360649","text":"Analysing","type":"YA","timestamp":"2023-11-09 14:26:17"},{"nodeID":"1360650","text":"Anon: Tim Stanley: particularly with an elderly population","type":"L","timestamp":"2023-11-09 14:26:17"},{"nodeID":"1360651","text":"Asserting","type":"YA","timestamp":"2023-11-09 14:26:17"},{"nodeID":"1360652","text":"Default Transition","type":"TA","timestamp":"2023-11-09 14:26:17"},{"nodeID":"1360653","text":"Default Transition","type":"TA","timestamp":"2023-11-09 14:26:17"},{"nodeID":"1360654","text":"health spending has to increase above inflation with the demands of changing technology","type":"I","timestamp":"2023-11-09 14:26:18"},{"nodeID":"1360655","text":"Tim Stanley: changing technology","type":"L","timestamp":"2023-11-09 14:26:18"},{"nodeID":"1360656","text":"Analysing","type":"YA","timestamp":"2023-11-09 14:26:18"},{"nodeID":"1360657","text":"Anon: Tim Stanley: changing technology","type":"L","timestamp":"2023-11-09 14:26:18"},{"nodeID":"1360658","text":"Asserting","type":"YA","timestamp":"2023-11-09 14:26:18"},{"nodeID":"1360659","text":"Default Inference","type":"RA","timestamp":"2023-11-09 14:26:18"},{"nodeID":"1360660","text":"Default Inference","type":"RA","timestamp":"2023-11-09 14:26:18"},{"nodeID":"1360661","text":"Default Transition","type":"TA","timestamp":"2023-11-09 14:26:18"},{"nodeID":"1360662","text":"Arguing","type":"YA","timestamp":"2023-11-09 14:26:18"},{"nodeID":"1360663","text":"Arguing","type":"YA","timestamp":"2023-11-09 14:26:18"},{"nodeID":"1360664","text":"the problem is that the Government can say here's the figure we put in, it's not enough year by year to meet the demands of a rising population","type":"I","timestamp":"2023-11-09 14:26:18"},{"nodeID":"1360665","text":"Tim Stanley:  the problem is that the Government can say here's the figure we put in, it's not enough year by year to meet the demands of a rising population","type":"L","timestamp":"2023-11-09 14:26:18"},{"nodeID":"1360666","text":"Analysing","type":"YA","timestamp":"2023-11-09 14:26:18"},{"nodeID":"1360667","text":"Anon: Tim Stanley:  the problem is that the Government can say here's the figure we put in, it's not enough year by year to meet the demands of a rising population","type":"L","timestamp":"2023-11-09 14:26:18"},{"nodeID":"1360668","text":"Asserting","type":"YA","timestamp":"2023-11-09 14:26:18"},{"nodeID":"1360669","text":"the solution is either a significant increase in tax","type":"I","timestamp":"2023-11-09 14:26:19"},{"nodeID":"1360670","text":"Tim Stanley: the solution is either a significant increase in tax","type":"L","timestamp":"2023-11-09 14:26:19"},{"nodeID":"1360671","text":"Analysing","type":"YA","timestamp":"2023-11-09 14:26:19"},{"nodeID":"1360672","text":"Anon: Tim Stanley: the solution is either a significant increase in tax","type":"L","timestamp":"2023-11-09 14:26:19"},{"nodeID":"1360673","text":"Asserting","type":"YA","timestamp":"2023-11-09 14:26:19"},{"nodeID":"1360674","text":"Default Transition","type":"TA","timestamp":"2023-11-09 14:26:19"},{"nodeID":"1360675","text":"Default Rephrase","type":"MA","timestamp":"2023-11-09 14:26:19"},{"nodeID":"1360676","text":"Default Transition","type":"TA","timestamp":"2023-11-09 14:26:19"},{"nodeID":"1360677","text":"Restating","type":"YA","timestamp":"2023-11-09 14:26:19"},{"nodeID":"1360678","text":"taxes have already gone up","type":"I","timestamp":"2023-11-09 14:26:19"},{"nodeID":"1360679","text":"Tim Stanley:  taxes have already gone up","type":"L","timestamp":"2023-11-09 14:26:19"},{"nodeID":"1360680","text":"Analysing","type":"YA","timestamp":"2023-11-09 14:26:19"},{"nodeID":"1360681","text":"Anon: Tim Stanley:  taxes have already gone up","type":"L","timestamp":"2023-11-09 14:26:19"},{"nodeID":"1360682","text":"Asserting","type":"YA","timestamp":"2023-11-09 14:26:19"},{"nodeID":"1360683","text":"Default Transition","type":"TA","timestamp":"2023-11-09 14:26:19"},{"nodeID":"1360684","text":"Default Rephrase","type":"MA","timestamp":"2023-11-09 14:26:19"},{"nodeID":"1360685","text":"Restating","type":"YA","timestamp":"2023-11-09 14:26:19"},{"nodeID":"1360686","text":"the other solution to deal with demands of the NHS is some other kind of root and branch reform","type":"I","timestamp":"2023-11-09 14:26:20"},{"nodeID":"1360687","text":"Tim Stanley: Or some other kind of root and branch reform","type":"L","timestamp":"2023-11-09 14:26:20"},{"nodeID":"1360688","text":"Analysing","type":"YA","timestamp":"2023-11-09 14:26:20"},{"nodeID":"1360689","text":"Anon: Tim Stanley: Or some other kind of root and branch reform","type":"L","timestamp":"2023-11-09 14:26:20"},{"nodeID":"1360690","text":"Asserting","type":"YA","timestamp":"2023-11-09 14:26:20"},{"nodeID":"1360691","text":"Default Transition","type":"TA","timestamp":"2023-11-09 14:26:20"},{"nodeID":"1360692","text":"Tim Stanley thinks people are starting to believe that a root and branch reform might be possible to deal with NHS demands","type":"I","timestamp":"2023-11-09 14:26:21"},{"nodeID":"1360693","text":"Tim Stanley: which I'm wondering if people are starting to think might be possible.","type":"L","timestamp":"2023-11-09 14:26:21"},{"nodeID":"1360694","text":"Analysing","type":"YA","timestamp":"2023-11-09 14:26:21"},{"nodeID":"1360695","text":"Anon: Tim Stanley: which I'm wondering if people are starting to think might be possible.","type":"L","timestamp":"2023-11-09 14:26:21"},{"nodeID":"1360696","text":"Asserting","type":"YA","timestamp":"2023-11-09 14:26:21"},{"nodeID":"1360697","text":"Default Inference","type":"RA","timestamp":"2023-11-09 14:26:21"},{"nodeID":"1360698","text":"Default Transition","type":"TA","timestamp":"2023-11-09 14:26:21"},{"nodeID":"1360699","text":"Arguing","type":"YA","timestamp":"2023-11-09 14:26:21"},{"nodeID":"1360700","text":"the NHS will use more more private beds to deal with demands","type":"I","timestamp":"2023-11-09 14:26:21"},{"nodeID":"1360701","text":"Tim Stanley: Wes Streeting, the Labour Shadow Health Secretary has said that they'll use more private beds.","type":"L","timestamp":"2023-11-09 14:26:21"},{"nodeID":"1360702","text":"Analysing","type":"YA","timestamp":"2023-11-09 14:26:21"},{"nodeID":"1360703","text":"Anon: Tim Stanley: Wes Streeting, the Labour Shadow Health Secretary has said that they'll use more private beds.","type":"L","timestamp":"2023-11-09 14:26:21"},{"nodeID":"1360704","text":"Default Transition","type":"TA","timestamp":"2023-11-09 14:26:21"},{"nodeID":"1360705","text":"Wes Streeting: the NHS will use more private beds to deal with the demands","type":"L","timestamp":"2023-11-09 14:26:21"},{"nodeID":"1360706","text":"Analysing","type":"YA","timestamp":"2023-11-09 14:26:21"},{"nodeID":"1360707","text":"Anon: Wes Streeting: Wes Streeting, the Labour Shadow Health Secretary has said that they'll use more private beds.","type":"L","timestamp":"2023-11-09 14:26:21"},{"nodeID":"1360708","text":"Asserting","type":"YA","timestamp":"2023-11-09 14:26:21"},{"nodeID":"1360709","text":"Asserting","type":"YA","timestamp":"2023-11-09 14:26:21"},{"nodeID":"1360710","text":"the NHS should be using more private medicine","type":"I","timestamp":"2023-11-09 14:26:22"},{"nodeID":"1360711","text":"Tim Stanley: what about using more private medicine?","type":"L","timestamp":"2023-11-09 14:26:22"},{"nodeID":"1360712","text":"Analysing","type":"YA","timestamp":"2023-11-09 14:26:22"},{"nodeID":"1360713","text":"Anon: Tim Stanley: what about using more private medicine?","type":"L","timestamp":"2023-11-09 14:26:22"},{"nodeID":"1360714","text":"Assertive Questioning","type":"YA","timestamp":"2023-11-09 14:26:22"},{"nodeID":"1360715","text":"Default Transition","type":"TA","timestamp":"2023-11-09 14:26:22"},{"nodeID":"1360716","text":"in Australia, higher rate tax payers are effectively obliged to buy private insurance","type":"I","timestamp":"2023-11-09 14:26:22"},{"nodeID":"1360717","text":"Tim Stanley: in Australia, higher rate tax payers are effectively obliged to buy private insurance","type":"L","timestamp":"2023-11-09 14:26:22"},{"nodeID":"1360718","text":"Analysing","type":"YA","timestamp":"2023-11-09 14:26:22"},{"nodeID":"1360719","text":"Anon: Tim Stanley: in Australia, higher rate tax payers are effectively obliged to buy private insurance","type":"L","timestamp":"2023-11-09 14:26:22"},{"nodeID":"1360720","text":"Asserting","type":"YA","timestamp":"2023-11-09 14:26:22"},{"nodeID":"1360721","text":"Default Transition","type":"TA","timestamp":"2023-11-09 14:26:22"},{"nodeID":"1360722","text":"there's been a large increase in people paying for private health insurance","type":"I","timestamp":"2023-11-09 14:26:23"},{"nodeID":"1360723","text":"Tim Stanley: there's been a large increase in people doing that","type":"L","timestamp":"2023-11-09 14:26:23"},{"nodeID":"1360724","text":"Analysing","type":"YA","timestamp":"2023-11-09 14:26:23"},{"nodeID":"1360725","text":"Anon: Tim Stanley: there's been a large increase in people doing that","type":"L","timestamp":"2023-11-09 14:26:23"},{"nodeID":"1360726","text":"Asserting","type":"YA","timestamp":"2023-11-09 14:26:23"},{"nodeID":"1360727","text":"Default Transition","type":"TA","timestamp":"2023-11-09 14:26:23"},{"nodeID":"1360728","text":"from all my years of going on Question Time I know that the two most unpopular things to suggest and to support are incest and private medicine","type":"I","timestamp":"2023-11-09 14:26:24"},{"nodeID":"1360729","text":"Tim Stanley: from all my years of going on Question Time I know that the two most unpopular things to suggest and to support are incest and private medicine","type":"L","timestamp":"2023-11-09 14:26:24"},{"nodeID":"1360730","text":"Analysing","type":"YA","timestamp":"2023-11-09 14:26:24"},{"nodeID":"1360731","text":"Anon: Tim Stanley: from all my years of going on Question Time I know that the two most unpopular things to suggest and to support are incest and private medicine","type":"L","timestamp":"2023-11-09 14:26:24"},{"nodeID":"1360732","text":"Asserting","type":"YA","timestamp":"2023-11-09 14:26:24"},{"nodeID":"1360733","text":"we're reaching a point where people can see that this current structure does not meet the needs of an ageing and growing population","type":"I","timestamp":"2023-11-09 14:26:24"},{"nodeID":"1360734","text":"Tim Stanley: we're reaching a point where people can see that this current structure does not meet the needs of an ageing and growing population","type":"L","timestamp":"2023-11-09 14:26:24"},{"nodeID":"1360735","text":"Analysing","type":"YA","timestamp":"2023-11-09 14:26:24"},{"nodeID":"1360736","text":"Anon: Tim Stanley: we're reaching a point where people can see that this current structure does not meet the needs of an ageing and growing population","type":"L","timestamp":"2023-11-09 14:26:24"},{"nodeID":"1360737","text":"Asserting","type":"YA","timestamp":"2023-11-09 14:26:24"},{"nodeID":"1360738","text":"perhaps we need a royal commission","type":"I","timestamp":"2023-11-09 14:26:25"},{"nodeID":"1360739","text":"Tim Stanley:  perhaps we need a royal commission","type":"L","timestamp":"2023-11-09 14:26:25"},{"nodeID":"1360740","text":"Analysing","type":"YA","timestamp":"2023-11-09 14:26:25"},{"nodeID":"1360741","text":"Anon: Tim Stanley:  perhaps we need a royal commission","type":"L","timestamp":"2023-11-09 14:26:25"},{"nodeID":"1360742","text":"Asserting","type":"YA","timestamp":"2023-11-09 14:26:25"},{"nodeID":"1360743","text":"Default Transition","type":"TA","timestamp":"2023-11-09 14:26:25"},{"nodeID":"1360744","text":"we need some kind of broad, honest discussion about what we can afford","type":"I","timestamp":"2023-11-09 14:26:25"},{"nodeID":"1360745","text":"Tim Stanley: we need some kind of broad, honest discussion about what we can afford","type":"L","timestamp":"2023-11-09 14:26:25"},{"nodeID":"1360746","text":"Analysing","type":"YA","timestamp":"2023-11-09 14:26:25"},{"nodeID":"1360747","text":"Anon: Tim Stanley: we need some kind of broad, honest discussion about what we can afford","type":"L","timestamp":"2023-11-09 14:26:25"},{"nodeID":"1360748","text":"Asserting","type":"YA","timestamp":"2023-11-09 14:26:25"},{"nodeID":"1360749","text":"we need to have a discussion about what's not working","type":"I","timestamp":"2023-11-09 14:26:26"},{"nodeID":"1360750","text":"Tim Stanley: what's not working","type":"L","timestamp":"2023-11-09 14:26:26"},{"nodeID":"1360751","text":"Analysing","type":"YA","timestamp":"2023-11-09 14:26:26"},{"nodeID":"1360752","text":"Anon: Tim Stanley: what's not working","type":"L","timestamp":"2023-11-09 14:26:26"},{"nodeID":"1360753","text":"Asserting","type":"YA","timestamp":"2023-11-09 14:26:26"},{"nodeID":"1360754","text":"Default Transition","type":"TA","timestamp":"2023-11-09 14:26:26"},{"nodeID":"1360755","text":"we've got to fix the NHS in the long term","type":"I","timestamp":"2023-11-09 14:26:27"},{"nodeID":"1360756","text":"Tim Stanley: we've got to fix it in the long term.","type":"L","timestamp":"2023-11-09 14:26:27"},{"nodeID":"1360757","text":"Analysing","type":"YA","timestamp":"2023-11-09 14:26:27"},{"nodeID":"1360758","text":"Anon: Tim Stanley: we've got to fix it in the long term.","type":"L","timestamp":"2023-11-09 14:26:27"},{"nodeID":"1360759","text":"Asserting","type":"YA","timestamp":"2023-11-09 14:26:27"},{"nodeID":"1360760","text":"Default Transition","type":"TA","timestamp":"2023-11-09 14:26:27"},{"nodeID":"1360761","text":"the short term solution is cash injection","type":"I","timestamp":"2023-11-09 14:26:27"},{"nodeID":"1360762","text":"Tim Stanley: Short term, cash injection,","type":"L","timestamp":"2023-11-09 14:26:27"},{"nodeID":"1360763","text":"Analysing","type":"YA","timestamp":"2023-11-09 14:26:27"},{"nodeID":"1360764","text":"Anon: Tim Stanley: Short term, cash injection,","type":"L","timestamp":"2023-11-09 14:26:27"},{"nodeID":"1360765","text":"Asserting","type":"YA","timestamp":"2023-11-09 14:26:27"},{"nodeID":"1360766","text":"Default Transition","type":"TA","timestamp":"2023-11-09 14:26:27"},{"nodeID":"1360767","text":"the long term solution is structural reform","type":"I","timestamp":"2023-11-09 14:26:28"},{"nodeID":"1360768","text":"Tim Stanley: long term, structural reform.","type":"L","timestamp":"2023-11-09 14:26:28"},{"nodeID":"1360769","text":"Analysing","type":"YA","timestamp":"2023-11-09 14:26:28"},{"nodeID":"1360770","text":"Anon: Tim Stanley: long term, structural reform.","type":"L","timestamp":"2023-11-09 14:26:28"},{"nodeID":"1360771","text":"Asserting","type":"YA","timestamp":"2023-11-09 14:26:28"},{"nodeID":"1360772","text":"Default Inference","type":"RA","timestamp":"2023-11-09 14:26:28"},{"nodeID":"1360773","text":"Arguing","type":"YA","timestamp":"2023-11-09 14:26:28"},{"nodeID":"1360774","text":"Default Inference","type":"RA","timestamp":"2023-11-09 14:26:28"},{"nodeID":"1360775","text":"Arguing","type":"YA","timestamp":"2023-11-09 14:26:28"},{"nodeID":"1360776","text":"Default Conflict","type":"CA","timestamp":"2023-11-09 14:26:28"},{"nodeID":"1360777","text":"Default Transition","type":"TA","timestamp":"2023-11-09 14:26:28"},{"nodeID":"1360778","text":"Disagreeing","type":"YA","timestamp":"2023-11-09 14:26:28"},{"nodeID":"1360779","text":"Default Rephrase","type":"MA","timestamp":"2023-11-09 14:26:28"},{"nodeID":"1360780","text":"Default Transition","type":"TA","timestamp":"2023-11-09 14:26:28"},{"nodeID":"1360781","text":"Restating","type":"YA","timestamp":"2023-11-09 14:26:28"},{"nodeID":"1360782","text":"Default Inference","type":"RA","timestamp":"2023-11-09 14:26:28"},{"nodeID":"1360783","text":"Default Transition","type":"TA","timestamp":"2023-11-09 14:26:28"},{"nodeID":"1360784","text":"Arguing","type":"YA","timestamp":"2023-11-09 14:26:28"},{"nodeID":"1360785","text":"Default Rephrase","type":"MA","timestamp":"2023-11-09 14:26:28"},{"nodeID":"1360786","text":"Default Transition","type":"TA","timestamp":"2023-11-09 14:26:28"},{"nodeID":"1360787","text":"Restating","type":"YA","timestamp":"2023-11-09 14:26:28"},{"nodeID":"1360788","text":"Default Rephrase","type":"MA","timestamp":"2023-11-09 14:26:28"},{"nodeID":"1360789","text":"Restating","type":"YA","timestamp":"2023-11-09 14:26:28"},{"nodeID":"1360790","text":"Default Inference","type":"RA","timestamp":"2023-11-09 14:26:28"},{"nodeID":"1360791","text":"Default Transition","type":"TA","timestamp":"2023-11-09 14:26:28"},{"nodeID":"1360792","text":"Arguing","type":"YA","timestamp":"2023-11-09 14:26:28"}],"edges":[{"edgeID":"1780979","fromID":"1360621","toID":"1360620","formEdgeID":null},{"edgeID":"1780980","fromID":"1360622","toID":"1360621","formEdgeID":null},{"edgeID":"1780981","fromID":"1360624","toID":"1360623","formEdgeID":null},{"edgeID":"1780982","fromID":"1360625","toID":"1360624","formEdgeID":null},{"edgeID":"1780983","fromID":"1360620","toID":"1360626","formEdgeID":null},{"edgeID":"1780984","fromID":"1360626","toID":"1360623","formEdgeID":null},{"edgeID":"1780985","fromID":"1360623","toID":"1360627","formEdgeID":null},{"edgeID":"1780986","fromID":"1360627","toID":"1360619","formEdgeID":null},{"edgeID":"1780987","fromID":"1360630","toID":"1360629","formEdgeID":null},{"edgeID":"1780988","fromID":"1360631","toID":"1360630","formEdgeID":null},{"edgeID":"1780989","fromID":"1360633","toID":"1360632","formEdgeID":null},{"edgeID":"1780990","fromID":"1360634","toID":"1360633","formEdgeID":null},{"edgeID":"1780991","fromID":"1360632","toID":"1360635","formEdgeID":null},{"edgeID":"1780992","fromID":"1360635","toID":"1360628","formEdgeID":null},{"edgeID":"1780993","fromID":"1360629","toID":"1360636","formEdgeID":null},{"edgeID":"1780994","fromID":"1360636","toID":"1360632","formEdgeID":null},{"edgeID":"1780995","fromID":"1360620","toID":"1360637","formEdgeID":null},{"edgeID":"1780996","fromID":"1360637","toID":"1360629","formEdgeID":null},{"edgeID":"1780997","fromID":"1360638","toID":"1360618","formEdgeID":null},{"edgeID":"1780998","fromID":"1360639","toID":"1360638","formEdgeID":null},{"edgeID":"1780999","fromID":"1360629","toID":"1360640","formEdgeID":null},{"edgeID":"1781000","fromID":"1360640","toID":"1360618","formEdgeID":null},{"edgeID":"1781001","fromID":"1360640","toID":"1360641","formEdgeID":null},{"edgeID":"1781002","fromID":"1360641","toID":"1360628","formEdgeID":null},{"edgeID":"1781003","fromID":"1360644","toID":"1360643","formEdgeID":null},{"edgeID":"1781004","fromID":"1360645","toID":"1360644","formEdgeID":null},{"edgeID":"1781005","fromID":"1360643","toID":"1360646","formEdgeID":null},{"edgeID":"1781006","fromID":"1360646","toID":"1360642","formEdgeID":null},{"edgeID":"1781007","fromID":"1360649","toID":"1360648","formEdgeID":null},{"edgeID":"1781008","fromID":"1360650","toID":"1360649","formEdgeID":null},{"edgeID":"1781009","fromID":"1360648","toID":"1360651","formEdgeID":null},{"edgeID":"1781010","fromID":"1360651","toID":"1360647","formEdgeID":null},{"edgeID":"1781011","fromID":"1360618","toID":"1360652","formEdgeID":null},{"edgeID":"1781012","fromID":"1360652","toID":"1360643","formEdgeID":null},{"edgeID":"1781013","fromID":"1360643","toID":"1360653","formEdgeID":null},{"edgeID":"1781014","fromID":"1360653","toID":"1360648","formEdgeID":null},{"edgeID":"1781015","fromID":"1360656","toID":"1360655","formEdgeID":null},{"edgeID":"1781016","fromID":"1360657","toID":"1360656","formEdgeID":null},{"edgeID":"1781017","fromID":"1360655","toID":"1360658","formEdgeID":null},{"edgeID":"1781018","fromID":"1360658","toID":"1360654","formEdgeID":null},{"edgeID":"1781019","fromID":"1360647","toID":"1360659","formEdgeID":null},{"edgeID":"1781020","fromID":"1360659","toID":"1360642","formEdgeID":null},{"edgeID":"1781021","fromID":"1360654","toID":"1360660","formEdgeID":null},{"edgeID":"1781022","fromID":"1360660","toID":"1360642","formEdgeID":null},{"edgeID":"1781023","fromID":"1360643","toID":"1360661","formEdgeID":null},{"edgeID":"1781024","fromID":"1360661","toID":"1360655","formEdgeID":null},{"edgeID":"1781025","fromID":"1360661","toID":"1360662","formEdgeID":null},{"edgeID":"1781026","fromID":"1360662","toID":"1360660","formEdgeID":null},{"edgeID":"1781027","fromID":"1360653","toID":"1360663","formEdgeID":null},{"edgeID":"1781028","fromID":"1360663","toID":"1360659","formEdgeID":null},{"edgeID":"1781029","fromID":"1360666","toID":"1360665","formEdgeID":null},{"edgeID":"1781030","fromID":"1360667","toID":"1360666","formEdgeID":null},{"edgeID":"1781031","fromID":"1360665","toID":"1360668","formEdgeID":null},{"edgeID":"1781032","fromID":"1360668","toID":"1360664","formEdgeID":null},{"edgeID":"1781033","fromID":"1360671","toID":"1360670","formEdgeID":null},{"edgeID":"1781034","fromID":"1360672","toID":"1360671","formEdgeID":null},{"edgeID":"1781035","fromID":"1360670","toID":"1360673","formEdgeID":null},{"edgeID":"1781036","fromID":"1360673","toID":"1360669","formEdgeID":null},{"edgeID":"1781037","fromID":"1360665","toID":"1360674","formEdgeID":null},{"edgeID":"1781038","fromID":"1360674","toID":"1360670","formEdgeID":null},{"edgeID":"1781039","fromID":"1360664","toID":"1360675","formEdgeID":null},{"edgeID":"1781040","fromID":"1360675","toID":"1360642","formEdgeID":null},{"edgeID":"1781041","fromID":"1360643","toID":"1360676","formEdgeID":null},{"edgeID":"1781042","fromID":"1360676","toID":"1360665","formEdgeID":null},{"edgeID":"1781043","fromID":"1360676","toID":"1360677","formEdgeID":null},{"edgeID":"1781044","fromID":"1360677","toID":"1360675","formEdgeID":null},{"edgeID":"1781045","fromID":"1360680","toID":"1360679","formEdgeID":null},{"edgeID":"1781046","fromID":"1360681","toID":"1360680","formEdgeID":null},{"edgeID":"1781047","fromID":"1360679","toID":"1360682","formEdgeID":null},{"edgeID":"1781048","fromID":"1360682","toID":"1360678","formEdgeID":null},{"edgeID":"1781049","fromID":"1360670","toID":"1360683","formEdgeID":null},{"edgeID":"1781050","fromID":"1360683","toID":"1360679","formEdgeID":null},{"edgeID":"1781051","fromID":"1360678","toID":"1360684","formEdgeID":null},{"edgeID":"1781052","fromID":"1360684","toID":"1360669","formEdgeID":null},{"edgeID":"1781053","fromID":"1360683","toID":"1360685","formEdgeID":null},{"edgeID":"1781054","fromID":"1360685","toID":"1360684","formEdgeID":null},{"edgeID":"1781055","fromID":"1360688","toID":"1360687","formEdgeID":null},{"edgeID":"1781056","fromID":"1360689","toID":"1360688","formEdgeID":null},{"edgeID":"1781057","fromID":"1360687","toID":"1360690","formEdgeID":null},{"edgeID":"1781058","fromID":"1360690","toID":"1360686","formEdgeID":null},{"edgeID":"1781059","fromID":"1360679","toID":"1360691","formEdgeID":null},{"edgeID":"1781060","fromID":"1360691","toID":"1360687","formEdgeID":null},{"edgeID":"1781061","fromID":"1360694","toID":"1360693","formEdgeID":null},{"edgeID":"1781062","fromID":"1360695","toID":"1360694","formEdgeID":null},{"edgeID":"1781063","fromID":"1360693","toID":"1360696","formEdgeID":null},{"edgeID":"1781064","fromID":"1360696","toID":"1360692","formEdgeID":null},{"edgeID":"1781065","fromID":"1360692","toID":"1360697","formEdgeID":null},{"edgeID":"1781066","fromID":"1360697","toID":"1360686","formEdgeID":null},{"edgeID":"1781067","fromID":"1360687","toID":"1360698","formEdgeID":null},{"edgeID":"1781068","fromID":"1360698","toID":"1360693","formEdgeID":null},{"edgeID":"1781069","fromID":"1360698","toID":"1360699","formEdgeID":null},{"edgeID":"1781070","fromID":"1360699","toID":"1360697","formEdgeID":null},{"edgeID":"1781071","fromID":"1360702","toID":"1360701","formEdgeID":null},{"edgeID":"1781072","fromID":"1360703","toID":"1360702","formEdgeID":null},{"edgeID":"1781073","fromID":"1360693","toID":"1360704","formEdgeID":null},{"edgeID":"1781074","fromID":"1360704","toID":"1360701","formEdgeID":null},{"edgeID":"1781075","fromID":"1360706","toID":"1360705","formEdgeID":null},{"edgeID":"1781076","fromID":"1360707","toID":"1360706","formEdgeID":null},{"edgeID":"1781077","fromID":"1360701","toID":"1360708","formEdgeID":null},{"edgeID":"1781078","fromID":"1360708","toID":"1360705","formEdgeID":null},{"edgeID":"1781079","fromID":"1360705","toID":"1360709","formEdgeID":null},{"edgeID":"1781080","fromID":"1360709","toID":"1360700","formEdgeID":null},{"edgeID":"1781081","fromID":"1360712","toID":"1360711","formEdgeID":null},{"edgeID":"1781082","fromID":"1360713","toID":"1360712","formEdgeID":null},{"edgeID":"1781083","fromID":"1360711","toID":"1360714","formEdgeID":null},{"edgeID":"1781084","fromID":"1360714","toID":"1360710","formEdgeID":null},{"edgeID":"1781085","fromID":"1360701","toID":"1360715","formEdgeID":null},{"edgeID":"1781086","fromID":"1360715","toID":"1360711","formEdgeID":null},{"edgeID":"1781087","fromID":"1360718","toID":"1360717","formEdgeID":null},{"edgeID":"1781088","fromID":"1360719","toID":"1360718","formEdgeID":null},{"edgeID":"1781089","fromID":"1360717","toID":"1360720","formEdgeID":null},{"edgeID":"1781090","fromID":"1360720","toID":"1360716","formEdgeID":null},{"edgeID":"1781091","fromID":"1360711","toID":"1360721","formEdgeID":null},{"edgeID":"1781092","fromID":"1360721","toID":"1360717","formEdgeID":null},{"edgeID":"1781093","fromID":"1360724","toID":"1360723","formEdgeID":null},{"edgeID":"1781094","fromID":"1360725","toID":"1360724","formEdgeID":null},{"edgeID":"1781095","fromID":"1360723","toID":"1360726","formEdgeID":null},{"edgeID":"1781096","fromID":"1360726","toID":"1360722","formEdgeID":null},{"edgeID":"1781097","fromID":"1360717","toID":"1360727","formEdgeID":null},{"edgeID":"1781098","fromID":"1360727","toID":"1360723","formEdgeID":null},{"edgeID":"1781099","fromID":"1360730","toID":"1360729","formEdgeID":null},{"edgeID":"1781100","fromID":"1360731","toID":"1360730","formEdgeID":null},{"edgeID":"1781101","fromID":"1360729","toID":"1360732","formEdgeID":null},{"edgeID":"1781102","fromID":"1360732","toID":"1360728","formEdgeID":null},{"edgeID":"1781103","fromID":"1360735","toID":"1360734","formEdgeID":null},{"edgeID":"1781104","fromID":"1360736","toID":"1360735","formEdgeID":null},{"edgeID":"1781105","fromID":"1360734","toID":"1360737","formEdgeID":null},{"edgeID":"1781106","fromID":"1360737","toID":"1360733","formEdgeID":null},{"edgeID":"1781107","fromID":"1360740","toID":"1360739","formEdgeID":null},{"edgeID":"1781108","fromID":"1360741","toID":"1360740","formEdgeID":null},{"edgeID":"1781109","fromID":"1360739","toID":"1360742","formEdgeID":null},{"edgeID":"1781110","fromID":"1360742","toID":"1360738","formEdgeID":null},{"edgeID":"1781111","fromID":"1360734","toID":"1360743","formEdgeID":null},{"edgeID":"1781112","fromID":"1360743","toID":"1360739","formEdgeID":null},{"edgeID":"1781113","fromID":"1360746","toID":"1360745","formEdgeID":null},{"edgeID":"1781114","fromID":"1360747","toID":"1360746","formEdgeID":null},{"edgeID":"1781115","fromID":"1360745","toID":"1360748","formEdgeID":null},{"edgeID":"1781116","fromID":"1360748","toID":"1360744","formEdgeID":null},{"edgeID":"1781117","fromID":"1360751","toID":"1360750","formEdgeID":null},{"edgeID":"1781118","fromID":"1360752","toID":"1360751","formEdgeID":null},{"edgeID":"1781119","fromID":"1360750","toID":"1360753","formEdgeID":null},{"edgeID":"1781120","fromID":"1360753","toID":"1360749","formEdgeID":null},{"edgeID":"1781121","fromID":"1360745","toID":"1360754","formEdgeID":null},{"edgeID":"1781122","fromID":"1360754","toID":"1360750","formEdgeID":null},{"edgeID":"1781123","fromID":"1360757","toID":"1360756","formEdgeID":null},{"edgeID":"1781124","fromID":"1360758","toID":"1360757","formEdgeID":null},{"edgeID":"1781125","fromID":"1360756","toID":"1360759","formEdgeID":null},{"edgeID":"1781126","fromID":"1360759","toID":"1360755","formEdgeID":null},{"edgeID":"1781127","fromID":"1360750","toID":"1360760","formEdgeID":null},{"edgeID":"1781128","fromID":"1360760","toID":"1360756","formEdgeID":null},{"edgeID":"1781129","fromID":"1360763","toID":"1360762","formEdgeID":null},{"edgeID":"1781130","fromID":"1360764","toID":"1360763","formEdgeID":null},{"edgeID":"1781131","fromID":"1360762","toID":"1360765","formEdgeID":null},{"edgeID":"1781132","fromID":"1360765","toID":"1360761","formEdgeID":null},{"edgeID":"1781133","fromID":"1360756","toID":"1360766","formEdgeID":null},{"edgeID":"1781134","fromID":"1360766","toID":"1360762","formEdgeID":null},{"edgeID":"1781135","fromID":"1360769","toID":"1360768","formEdgeID":null},{"edgeID":"1781136","fromID":"1360770","toID":"1360769","formEdgeID":null},{"edgeID":"1781137","fromID":"1360768","toID":"1360771","formEdgeID":null},{"edgeID":"1781138","fromID":"1360771","toID":"1360767","formEdgeID":null},{"edgeID":"1781139","fromID":"1360716","toID":"1360772","formEdgeID":null},{"edgeID":"1781140","fromID":"1360772","toID":"1360710","formEdgeID":null},{"edgeID":"1781141","fromID":"1360721","toID":"1360773","formEdgeID":null},{"edgeID":"1781142","fromID":"1360773","toID":"1360772","formEdgeID":null},{"edgeID":"1781143","fromID":"1360722","toID":"1360774","formEdgeID":null},{"edgeID":"1781144","fromID":"1360774","toID":"1360710","formEdgeID":null},{"edgeID":"1781145","fromID":"1360727","toID":"1360775","formEdgeID":null},{"edgeID":"1781146","fromID":"1360775","toID":"1360774","formEdgeID":null},{"edgeID":"1781147","fromID":"1360728","toID":"1360776","formEdgeID":null},{"edgeID":"1781148","fromID":"1360776","toID":"1360710","formEdgeID":null},{"edgeID":"1781149","fromID":"1360711","toID":"1360777","formEdgeID":null},{"edgeID":"1781150","fromID":"1360777","toID":"1360729","formEdgeID":null},{"edgeID":"1781151","fromID":"1360777","toID":"1360778","formEdgeID":null},{"edgeID":"1781152","fromID":"1360778","toID":"1360776","formEdgeID":null},{"edgeID":"1781153","fromID":"1360733","toID":"1360779","formEdgeID":null},{"edgeID":"1781154","fromID":"1360779","toID":"1360664","formEdgeID":null},{"edgeID":"1781155","fromID":"1360665","toID":"1360780","formEdgeID":null},{"edgeID":"1781156","fromID":"1360780","toID":"1360734","formEdgeID":null},{"edgeID":"1781157","fromID":"1360780","toID":"1360781","formEdgeID":null},{"edgeID":"1781158","fromID":"1360781","toID":"1360779","formEdgeID":null},{"edgeID":"1781159","fromID":"1360733","toID":"1360782","formEdgeID":null},{"edgeID":"1781160","fromID":"1360782","toID":"1360744","formEdgeID":null},{"edgeID":"1781161","fromID":"1360734","toID":"1360783","formEdgeID":null},{"edgeID":"1781162","fromID":"1360783","toID":"1360745","formEdgeID":null},{"edgeID":"1781163","fromID":"1360783","toID":"1360784","formEdgeID":null},{"edgeID":"1781164","fromID":"1360784","toID":"1360782","formEdgeID":null},{"edgeID":"1781165","fromID":"1360744","toID":"1360785","formEdgeID":null},{"edgeID":"1781166","fromID":"1360785","toID":"1360738","formEdgeID":null},{"edgeID":"1781167","fromID":"1360739","toID":"1360786","formEdgeID":null},{"edgeID":"1781168","fromID":"1360786","toID":"1360745","formEdgeID":null},{"edgeID":"1781169","fromID":"1360786","toID":"1360787","formEdgeID":null},{"edgeID":"1781170","fromID":"1360787","toID":"1360785","formEdgeID":null},{"edgeID":"1781171","fromID":"1360749","toID":"1360788","formEdgeID":null},{"edgeID":"1781172","fromID":"1360788","toID":"1360744","formEdgeID":null},{"edgeID":"1781173","fromID":"1360754","toID":"1360789","formEdgeID":null},{"edgeID":"1781174","fromID":"1360789","toID":"1360788","formEdgeID":null},{"edgeID":"1781175","fromID":"1360755","toID":"1360790","formEdgeID":null},{"edgeID":"1781176","fromID":"1360790","toID":"1360767","formEdgeID":null},{"edgeID":"1781177","fromID":"1360756","toID":"1360791","formEdgeID":null},{"edgeID":"1781178","fromID":"1360791","toID":"1360768","formEdgeID":null},{"edgeID":"1781179","fromID":"1360791","toID":"1360792","formEdgeID":null},{"edgeID":"1781180","fromID":"1360792","toID":"1360790","formEdgeID":null}],"locutions":[]}