{"nodes":[{"nodeID":"1336997","text":"Analysing","type":"YA","timestamp":"2023-11-09 13:48:32"},{"nodeID":"1336998","text":"Tuuli: John Swinney: the First Minister was talking about policies like the deportation of people to Rwanda or some of the benefit cuts we have seen","type":"L","timestamp":"2023-11-09 13:48:32"},{"nodeID":"1336999","text":"the First Minister was talking about policies like the deportation of people to Rwanda or some of the benefit cuts we have seen and the ignorance of the suffering of people in our society because of poverty and inequality as a direct result of Conservative policy","type":"I","timestamp":"2023-11-09 13:48:33"},{"nodeID":"1337000","text":"John Swinney: the First Minister was talking about policies like the deportation of people to Rwanda or some of the benefit cuts we have seen and the ignorance of the suffering of people in our society because of poverty and inequality as a direct result of Conservative policy","type":"L","timestamp":"2023-11-09 13:48:33"},{"nodeID":"1337001","text":"Analysing","type":"YA","timestamp":"2023-11-09 13:48:33"},{"nodeID":"1337002","text":"Tuuli: John Swinney: the First Minister was talking about policies like the deportation of people to Rwanda or some of the benefit cuts we have seen and the ignorance of the suffering of people in our society because of poverty and inequality as a direct result of Conservative policy","type":"L","timestamp":"2023-11-09 13:48:33"},{"nodeID":"1337003","text":"Asserting","type":"YA","timestamp":"2023-11-09 13:48:33"},{"nodeID":"1337004","text":"the First Minister was trying to get across the point that ignorance of the suffering of people in our society because of poverty and inequality is a direct result of Conservative policy","type":"I","timestamp":"2023-11-09 13:48:33"},{"nodeID":"1337005","text":"John Swinney: That's the point she was trying to get across","type":"L","timestamp":"2023-11-09 13:48:33"},{"nodeID":"1337006","text":"Analysing","type":"YA","timestamp":"2023-11-09 13:48:33"},{"nodeID":"1337007","text":"Tuuli: John Swinney: That's the point she was trying to get across","type":"L","timestamp":"2023-11-09 13:48:33"},{"nodeID":"1337008","text":"Asserting","type":"YA","timestamp":"2023-11-09 13:48:33"},{"nodeID":"1337009","text":"Default Transition","type":"TA","timestamp":"2023-11-09 13:48:33"},{"nodeID":"1337010","text":"Default Rephrase","type":"MA","timestamp":"2023-11-09 13:48:33"},{"nodeID":"1337011","text":"Restating","type":"YA","timestamp":"2023-11-09 13:48:33"},{"nodeID":"1337012","text":"the First Minister was trying to set out the fact that there are clear differentials between us and other political parties","type":"I","timestamp":"2023-11-09 13:48:34"},{"nodeID":"1337013","text":"John Swinney: to set out the fact that there are clear differentials between us and other political parties","type":"L","timestamp":"2023-11-09 13:48:34"},{"nodeID":"1337014","text":"Analysing","type":"YA","timestamp":"2023-11-09 13:48:34"},{"nodeID":"1337015","text":"Tuuli: John Swinney: to set out the fact that there are clear differentials between us and other political parties","type":"L","timestamp":"2023-11-09 13:48:34"},{"nodeID":"1337016","text":"Asserting","type":"YA","timestamp":"2023-11-09 13:48:34"},{"nodeID":"1337017","text":"we should be open about the differences of opinion that we have","type":"I","timestamp":"2023-11-09 13:48:35"},{"nodeID":"1337018","text":"John Swinney: we should be open about the differences of opinion that we have","type":"L","timestamp":"2023-11-09 13:48:35"},{"nodeID":"1337019","text":"Analysing","type":"YA","timestamp":"2023-11-09 13:48:35"},{"nodeID":"1337020","text":"Tuuli: John Swinney: we should be open about the differences of opinion that we have","type":"L","timestamp":"2023-11-09 13:48:35"},{"nodeID":"1337021","text":"Asserting","type":"YA","timestamp":"2023-11-09 13:48:35"},{"nodeID":"1337022","text":"Default Inference","type":"RA","timestamp":"2023-11-09 13:48:35"},{"nodeID":"1337023","text":"Default Transition","type":"TA","timestamp":"2023-11-09 13:48:35"},{"nodeID":"1337024","text":"Arguing","type":"YA","timestamp":"2023-11-09 13:48:35"},{"nodeID":"1337025","text":"the First Minister and John Swinney have a responsibility, all politicians have a responsibility to help lead debate and help move some of our most toxic debates","type":"I","timestamp":"2023-11-09 13:48:35"},{"nodeID":"1337026","text":"Isabel Hardman: She and you have a responsibility, all politicians have a responsibility to help lead debate and help move some of our most toxic debates","type":"L","timestamp":"2023-11-09 13:48:35"},{"nodeID":"1337027","text":"Analysing","type":"YA","timestamp":"2023-11-09 13:48:35"},{"nodeID":"1337028","text":"Tuuli: Isabel Hardman: She and you have a responsibility, all politicians have a responsibility to help lead debate and help move some of our most toxic debates","type":"L","timestamp":"2023-11-09 13:48:35"},{"nodeID":"1337029","text":"Asserting","type":"YA","timestamp":"2023-11-09 13:48:35"},{"nodeID":"1337030","text":"Default Transition","type":"TA","timestamp":"2023-11-09 13:48:35"},{"nodeID":"1337031","text":"all politicians have responsibility to help lead not just debates on independence","type":"I","timestamp":"2023-11-09 13:48:36"},{"nodeID":"1337032","text":"Isabel Hardman: not just on independence","type":"L","timestamp":"2023-11-09 13:48:36"},{"nodeID":"1337033","text":"Analysing","type":"YA","timestamp":"2023-11-09 13:48:36"},{"nodeID":"1337034","text":"Tuuli: Isabel Hardman: not just on independence","type":"L","timestamp":"2023-11-09 13:48:36"},{"nodeID":"1337035","text":"Asserting","type":"YA","timestamp":"2023-11-09 13:48:36"},{"nodeID":"1337036","text":"all politicians have responsibility to help lead debates on so many issues","type":"I","timestamp":"2023-11-09 13:48:36"},{"nodeID":"1337037","text":"Isabel Hardman: so many issues","type":"L","timestamp":"2023-11-09 13:48:36"},{"nodeID":"1337038","text":"Analysing","type":"YA","timestamp":"2023-11-09 13:48:36"},{"nodeID":"1337039","text":"Tuuli: Isabel Hardman: so many issues","type":"L","timestamp":"2023-11-09 13:48:36"},{"nodeID":"1337040","text":"Asserting","type":"YA","timestamp":"2023-11-09 13:48:36"},{"nodeID":"1337041","text":"Default Transition","type":"TA","timestamp":"2023-11-09 13:48:36"},{"nodeID":"1337042","text":"Default Transition","type":"TA","timestamp":"2023-11-09 13:48:36"},{"nodeID":"1337043","text":"all politicians have the responsibility to help lead all debates in a way that helps everyone","type":"I","timestamp":"2023-11-09 13:48:37"},{"nodeID":"1337044","text":"Isabel Hardman: to help lead those debates in a way that helps everyone","type":"L","timestamp":"2023-11-09 13:48:37"},{"nodeID":"1337045","text":"Analysing","type":"YA","timestamp":"2023-11-09 13:48:37"},{"nodeID":"1337046","text":"Tuuli: Isabel Hardman: to help lead those debates in a way that helps everyone","type":"L","timestamp":"2023-11-09 13:48:37"},{"nodeID":"1337047","text":"Asserting","type":"YA","timestamp":"2023-11-09 13:48:37"},{"nodeID":"1337048","text":"Default Transition","type":"TA","timestamp":"2023-11-09 13:48:37"},{"nodeID":"1337049","text":"all politicians have the responsibility to help lead all debates in a way that doesn't entrench division","type":"I","timestamp":"2023-11-09 13:48:38"},{"nodeID":"1337050","text":"Isabel Hardman: that doesn't entrench division","type":"L","timestamp":"2023-11-09 13:48:38"},{"nodeID":"1337051","text":"Analysing","type":"YA","timestamp":"2023-11-09 13:48:38"},{"nodeID":"1337052","text":"Tuuli: Isabel Hardman: that doesn't entrench division","type":"L","timestamp":"2023-11-09 13:48:38"},{"nodeID":"1337053","text":"Asserting","type":"YA","timestamp":"2023-11-09 13:48:38"},{"nodeID":"1337054","text":"Default Transition","type":"TA","timestamp":"2023-11-09 13:48:38"},{"nodeID":"1337055","text":"Default Rephrase","type":"MA","timestamp":"2023-11-09 13:48:38"},{"nodeID":"1337056","text":"Restating","type":"YA","timestamp":"2023-11-09 13:48:38"},{"nodeID":"1337057","text":"Default Inference","type":"RA","timestamp":"2023-11-09 13:48:38"},{"nodeID":"1337058","text":"Arguing","type":"YA","timestamp":"2023-11-09 13:48:38"},{"nodeID":"1337059","text":"Default Rephrase","type":"MA","timestamp":"2023-11-09 13:48:38"},{"nodeID":"1337060","text":"Restating","type":"YA","timestamp":"2023-11-09 13:48:38"},{"nodeID":"1337061","text":"Default Inference","type":"RA","timestamp":"2023-11-09 13:48:38"},{"nodeID":"1337062","text":"Default Transition","type":"TA","timestamp":"2023-11-09 13:48:38"},{"nodeID":"1337063","text":"Arguing","type":"YA","timestamp":"2023-11-09 13:48:38"},{"nodeID":"1337064","text":"Isabel Hardman sees politicians running away from a debate saying \"It's too toxic, I don't want to talk about that\"","type":"I","timestamp":"2023-11-09 13:48:38"},{"nodeID":"1337065","text":"Isabel Hardman: I see politicians running away from a debate saying \"It's too toxic, I don't want to talk about that\"","type":"L","timestamp":"2023-11-09 13:48:38"},{"nodeID":"1337066","text":"Analysing","type":"YA","timestamp":"2023-11-09 13:48:38"},{"nodeID":"1337067","text":"Tuuli: Isabel Hardman: I see politicians running away from a debate saying \"It's too toxic, I don't want to talk about that\"","type":"L","timestamp":"2023-11-09 13:48:38"},{"nodeID":"1337068","text":"you are a politician","type":"I","timestamp":"2023-11-09 13:48:39"},{"nodeID":"1337069","text":"Isabel Hardman: You are a politician","type":"L","timestamp":"2023-11-09 13:48:39"},{"nodeID":"1337070","text":"Analysing","type":"YA","timestamp":"2023-11-09 13:48:39"},{"nodeID":"1337071","text":"Tuuli: Isabel Hardman: You are a politician","type":"L","timestamp":"2023-11-09 13:48:39"},{"nodeID":"1337072","text":"Asserting","type":"YA","timestamp":"2023-11-09 13:48:39"},{"nodeID":"1337073","text":"Default Transition","type":"TA","timestamp":"2023-11-09 13:48:39"},{"nodeID":"1337074","text":"it is your job to lead debates on many issues, or entrenching divisions further","type":"I","timestamp":"2023-11-09 13:48:40"},{"nodeID":"1337075","text":"Isabel Hardman: it is your job to do that, or entrenching divisions further","type":"L","timestamp":"2023-11-09 13:48:40"},{"nodeID":"1337076","text":"Analysing","type":"YA","timestamp":"2023-11-09 13:48:40"},{"nodeID":"1337077","text":"Tuuli: Isabel Hardman: it is your job to do that, or entrenching divisions further","type":"L","timestamp":"2023-11-09 13:48:40"},{"nodeID":"1337078","text":"Asserting","type":"YA","timestamp":"2023-11-09 13:48:40"},{"nodeID":"1337079","text":"Default Transition","type":"TA","timestamp":"2023-11-09 13:48:40"},{"nodeID":"1337080","text":"then wringing their hands about the amount of abuse there is in politics","type":"I","timestamp":"2023-11-09 13:48:40"},{"nodeID":"1337081","text":"Isabel Hardman: Then wringing their hands about the amount of abuse there is in politics","type":"L","timestamp":"2023-11-09 13:48:40"},{"nodeID":"1337082","text":"Analysing","type":"YA","timestamp":"2023-11-09 13:48:40"},{"nodeID":"1337083","text":"Tuuli: Isabel Hardman: Then wringing their hands about the amount of abuse there is in politics","type":"L","timestamp":"2023-11-09 13:48:40"},{"nodeID":"1337084","text":"Asserting","type":"YA","timestamp":"2023-11-09 13:48:40"},{"nodeID":"1337085","text":"Default Transition","type":"TA","timestamp":"2023-11-09 13:48:40"},{"nodeID":"1337086","text":"with exceptions such as the First Minister, women don't want to go into politics","type":"I","timestamp":"2023-11-09 13:48:41"},{"nodeID":"1337087","text":"Isabel Hardman: with exceptions such as the First Minister, women don't want to go into politics","type":"L","timestamp":"2023-11-09 13:48:41"},{"nodeID":"1337088","text":"Analysing","type":"YA","timestamp":"2023-11-09 13:48:41"},{"nodeID":"1337089","text":"Tuuli: Isabel Hardman: with exceptions such as the First Minister, women don't want to go into politics","type":"L","timestamp":"2023-11-09 13:48:41"},{"nodeID":"1337090","text":"Asserting","type":"YA","timestamp":"2023-11-09 13:48:41"},{"nodeID":"1337091","text":"Default Transition","type":"TA","timestamp":"2023-11-09 13:48:41"},{"nodeID":"1337092","text":"women get much worse abuse than men in politics","type":"I","timestamp":"2023-11-09 13:48:42"},{"nodeID":"1337093","text":"Isabel Hardman: they get much worse abuse than men","type":"L","timestamp":"2023-11-09 13:48:42"},{"nodeID":"1337094","text":"Analysing","type":"YA","timestamp":"2023-11-09 13:48:42"},{"nodeID":"1337095","text":"Tuuli: Isabel Hardman: they get much worse abuse than men","type":"L","timestamp":"2023-11-09 13:48:42"},{"nodeID":"1337096","text":"Asserting","type":"YA","timestamp":"2023-11-09 13:48:42"},{"nodeID":"1337097","text":"Default Inference","type":"RA","timestamp":"2023-11-09 13:48:42"},{"nodeID":"1337098","text":"Default Transition","type":"TA","timestamp":"2023-11-09 13:48:42"},{"nodeID":"1337099","text":"Arguing","type":"YA","timestamp":"2023-11-09 13:48:42"},{"nodeID":"1337100","text":"Default Conflict","type":"CA","timestamp":"2023-11-09 13:48:42"},{"nodeID":"1337101","text":"Default Transition","type":"TA","timestamp":"2023-11-09 13:48:42"},{"nodeID":"1337102","text":"Disagreeing","type":"YA","timestamp":"2023-11-09 13:48:42"},{"nodeID":"1337103","text":"Default Inference","type":"RA","timestamp":"2023-11-09 13:48:42"},{"nodeID":"1337104","text":"Arguing","type":"YA","timestamp":"2023-11-09 13:48:42"},{"nodeID":"1337105","text":"Default Transition","type":"TA","timestamp":"2023-11-09 13:48:42"},{"nodeID":"1337106","text":"Default Inference","type":"RA","timestamp":"2023-11-09 13:48:42"},{"nodeID":"1337107","text":"Arguing","type":"YA","timestamp":"2023-11-09 13:48:42"},{"nodeID":"1337108","text":"Politicians : It's too toxic, I don't want to talk about that","type":"L","timestamp":"2023-11-09 13:48:42"},{"nodeID":"1337109","text":"Analysing","type":"YA","timestamp":"2023-11-09 13:48:42"},{"nodeID":"1337110","text":"Tuuli: Politicians : Isabel Hardman sees politicians running away from a debate saying \"It's too toxic, I don't want to talk about that\"","type":"L","timestamp":"2023-11-09 13:48:42"},{"nodeID":"1337111","text":"Asserting","type":"YA","timestamp":"2023-11-09 13:48:42"},{"nodeID":"1337112","text":"Asserting","type":"YA","timestamp":"2023-11-09 13:48:42"},{"nodeID":"1337113","text":"Default Conflict","type":"CA","timestamp":"2023-11-09 13:48:42"},{"nodeID":"1337114","text":"Default Transition","type":"TA","timestamp":"2023-11-09 13:48:42"},{"nodeID":"1337115","text":"Disagreeing","type":"YA","timestamp":"2023-11-09 13:48:42"}],"edges":[{"edgeID":"1752802","fromID":"1336998","toID":"1336997","formEdgeID":null},{"edgeID":"1752803","fromID":"1337001","toID":"1337000","formEdgeID":null},{"edgeID":"1752804","fromID":"1337002","toID":"1337001","formEdgeID":null},{"edgeID":"1752805","fromID":"1337000","toID":"1337003","formEdgeID":null},{"edgeID":"1752806","fromID":"1337003","toID":"1336999","formEdgeID":null},{"edgeID":"1752807","fromID":"1337006","toID":"1337005","formEdgeID":null},{"edgeID":"1752808","fromID":"1337007","toID":"1337006","formEdgeID":null},{"edgeID":"1752809","fromID":"1337005","toID":"1337008","formEdgeID":null},{"edgeID":"1752810","fromID":"1337008","toID":"1337004","formEdgeID":null},{"edgeID":"1752811","fromID":"1337000","toID":"1337009","formEdgeID":null},{"edgeID":"1752812","fromID":"1337009","toID":"1337005","formEdgeID":null},{"edgeID":"1752813","fromID":"1337004","toID":"1337010","formEdgeID":null},{"edgeID":"1752814","fromID":"1337010","toID":"1336999","formEdgeID":null},{"edgeID":"1752815","fromID":"1337009","toID":"1337011","formEdgeID":null},{"edgeID":"1752816","fromID":"1337011","toID":"1337010","formEdgeID":null},{"edgeID":"1752817","fromID":"1337014","toID":"1337013","formEdgeID":null},{"edgeID":"1752818","fromID":"1337015","toID":"1337014","formEdgeID":null},{"edgeID":"1752819","fromID":"1337013","toID":"1337016","formEdgeID":null},{"edgeID":"1752820","fromID":"1337016","toID":"1337012","formEdgeID":null},{"edgeID":"1752821","fromID":"1337019","toID":"1337018","formEdgeID":null},{"edgeID":"1752822","fromID":"1337020","toID":"1337019","formEdgeID":null},{"edgeID":"1752823","fromID":"1337018","toID":"1337021","formEdgeID":null},{"edgeID":"1752824","fromID":"1337021","toID":"1337017","formEdgeID":null},{"edgeID":"1752825","fromID":"1337017","toID":"1337022","formEdgeID":null},{"edgeID":"1752826","fromID":"1337022","toID":"1337012","formEdgeID":null},{"edgeID":"1752827","fromID":"1337013","toID":"1337023","formEdgeID":null},{"edgeID":"1752828","fromID":"1337023","toID":"1337018","formEdgeID":null},{"edgeID":"1752829","fromID":"1337023","toID":"1337024","formEdgeID":null},{"edgeID":"1752830","fromID":"1337024","toID":"1337022","formEdgeID":null},{"edgeID":"1752831","fromID":"1337027","toID":"1337026","formEdgeID":null},{"edgeID":"1752832","fromID":"1337028","toID":"1337027","formEdgeID":null},{"edgeID":"1752833","fromID":"1337026","toID":"1337029","formEdgeID":null},{"edgeID":"1752834","fromID":"1337029","toID":"1337025","formEdgeID":null},{"edgeID":"1752835","fromID":"1337018","toID":"1337030","formEdgeID":null},{"edgeID":"1752836","fromID":"1337030","toID":"1337026","formEdgeID":null},{"edgeID":"1752837","fromID":"1337033","toID":"1337032","formEdgeID":null},{"edgeID":"1752838","fromID":"1337034","toID":"1337033","formEdgeID":null},{"edgeID":"1752839","fromID":"1337032","toID":"1337035","formEdgeID":null},{"edgeID":"1752840","fromID":"1337035","toID":"1337031","formEdgeID":null},{"edgeID":"1752841","fromID":"1337038","toID":"1337037","formEdgeID":null},{"edgeID":"1752842","fromID":"1337039","toID":"1337038","formEdgeID":null},{"edgeID":"1752843","fromID":"1337037","toID":"1337040","formEdgeID":null},{"edgeID":"1752844","fromID":"1337040","toID":"1337036","formEdgeID":null},{"edgeID":"1752845","fromID":"1337026","toID":"1337041","formEdgeID":null},{"edgeID":"1752846","fromID":"1337041","toID":"1337032","formEdgeID":null},{"edgeID":"1752847","fromID":"1337032","toID":"1337042","formEdgeID":null},{"edgeID":"1752848","fromID":"1337042","toID":"1337037","formEdgeID":null},{"edgeID":"1752849","fromID":"1337045","toID":"1337044","formEdgeID":null},{"edgeID":"1752850","fromID":"1337046","toID":"1337045","formEdgeID":null},{"edgeID":"1752851","fromID":"1337044","toID":"1337047","formEdgeID":null},{"edgeID":"1752852","fromID":"1337047","toID":"1337043","formEdgeID":null},{"edgeID":"1752853","fromID":"1337037","toID":"1337048","formEdgeID":null},{"edgeID":"1752854","fromID":"1337048","toID":"1337044","formEdgeID":null},{"edgeID":"1752855","fromID":"1337051","toID":"1337050","formEdgeID":null},{"edgeID":"1752856","fromID":"1337052","toID":"1337051","formEdgeID":null},{"edgeID":"1752857","fromID":"1337050","toID":"1337053","formEdgeID":null},{"edgeID":"1752858","fromID":"1337053","toID":"1337049","formEdgeID":null},{"edgeID":"1752859","fromID":"1337044","toID":"1337054","formEdgeID":null},{"edgeID":"1752860","fromID":"1337054","toID":"1337050","formEdgeID":null},{"edgeID":"1752861","fromID":"1337036","toID":"1337055","formEdgeID":null},{"edgeID":"1752862","fromID":"1337055","toID":"1337031","formEdgeID":null},{"edgeID":"1752863","fromID":"1337042","toID":"1337056","formEdgeID":null},{"edgeID":"1752864","fromID":"1337056","toID":"1337055","formEdgeID":null},{"edgeID":"1752865","fromID":"1337043","toID":"1337057","formEdgeID":null},{"edgeID":"1752866","fromID":"1337057","toID":"1337049","formEdgeID":null},{"edgeID":"1752867","fromID":"1337054","toID":"1337058","formEdgeID":null},{"edgeID":"1752868","fromID":"1337058","toID":"1337057","formEdgeID":null},{"edgeID":"1752869","fromID":"1337031","toID":"1337059","formEdgeID":null},{"edgeID":"1752870","fromID":"1337059","toID":"1337025","formEdgeID":null},{"edgeID":"1752871","fromID":"1337041","toID":"1337060","formEdgeID":null},{"edgeID":"1752872","fromID":"1337060","toID":"1337059","formEdgeID":null},{"edgeID":"1752873","fromID":"1337049","toID":"1337061","formEdgeID":null},{"edgeID":"1752874","fromID":"1337061","toID":"1337025","formEdgeID":null},{"edgeID":"1752875","fromID":"1337026","toID":"1337062","formEdgeID":null},{"edgeID":"1752876","fromID":"1337062","toID":"1337050","formEdgeID":null},{"edgeID":"1752877","fromID":"1337062","toID":"1337063","formEdgeID":null},{"edgeID":"1752878","fromID":"1337063","toID":"1337061","formEdgeID":null},{"edgeID":"1752879","fromID":"1337066","toID":"1337065","formEdgeID":null},{"edgeID":"1752880","fromID":"1337067","toID":"1337066","formEdgeID":null},{"edgeID":"1752881","fromID":"1337070","toID":"1337069","formEdgeID":null},{"edgeID":"1752882","fromID":"1337071","toID":"1337070","formEdgeID":null},{"edgeID":"1752883","fromID":"1337069","toID":"1337072","formEdgeID":null},{"edgeID":"1752884","fromID":"1337072","toID":"1337068","formEdgeID":null},{"edgeID":"1752885","fromID":"1337065","toID":"1337073","formEdgeID":null},{"edgeID":"1752886","fromID":"1337073","toID":"1337069","formEdgeID":null},{"edgeID":"1752887","fromID":"1337076","toID":"1337075","formEdgeID":null},{"edgeID":"1752888","fromID":"1337077","toID":"1337076","formEdgeID":null},{"edgeID":"1752889","fromID":"1337075","toID":"1337078","formEdgeID":null},{"edgeID":"1752890","fromID":"1337078","toID":"1337074","formEdgeID":null},{"edgeID":"1752891","fromID":"1337069","toID":"1337079","formEdgeID":null},{"edgeID":"1752892","fromID":"1337079","toID":"1337075","formEdgeID":null},{"edgeID":"1752893","fromID":"1337082","toID":"1337081","formEdgeID":null},{"edgeID":"1752894","fromID":"1337083","toID":"1337082","formEdgeID":null},{"edgeID":"1752895","fromID":"1337081","toID":"1337084","formEdgeID":null},{"edgeID":"1752896","fromID":"1337084","toID":"1337080","formEdgeID":null},{"edgeID":"1752897","fromID":"1337075","toID":"1337085","formEdgeID":null},{"edgeID":"1752898","fromID":"1337085","toID":"1337081","formEdgeID":null},{"edgeID":"1752899","fromID":"1337088","toID":"1337087","formEdgeID":null},{"edgeID":"1752900","fromID":"1337089","toID":"1337088","formEdgeID":null},{"edgeID":"1752901","fromID":"1337087","toID":"1337090","formEdgeID":null},{"edgeID":"1752902","fromID":"1337090","toID":"1337086","formEdgeID":null},{"edgeID":"1752903","fromID":"1337081","toID":"1337091","formEdgeID":null},{"edgeID":"1752904","fromID":"1337091","toID":"1337087","formEdgeID":null},{"edgeID":"1752905","fromID":"1337094","toID":"1337093","formEdgeID":null},{"edgeID":"1752906","fromID":"1337095","toID":"1337094","formEdgeID":null},{"edgeID":"1752907","fromID":"1337093","toID":"1337096","formEdgeID":null},{"edgeID":"1752908","fromID":"1337096","toID":"1337092","formEdgeID":null},{"edgeID":"1752909","fromID":"1337092","toID":"1337097","formEdgeID":null},{"edgeID":"1752910","fromID":"1337097","toID":"1337086","formEdgeID":null},{"edgeID":"1752911","fromID":"1337087","toID":"1337098","formEdgeID":null},{"edgeID":"1752912","fromID":"1337098","toID":"1337093","formEdgeID":null},{"edgeID":"1752913","fromID":"1337098","toID":"1337099","formEdgeID":null},{"edgeID":"1752914","fromID":"1337099","toID":"1337097","formEdgeID":null},{"edgeID":"1752915","fromID":"1337064","toID":"1337100","formEdgeID":null},{"edgeID":"1752916","fromID":"1337100","toID":"1337025","formEdgeID":null},{"edgeID":"1752917","fromID":"1337026","toID":"1337101","formEdgeID":null},{"edgeID":"1752918","fromID":"1337101","toID":"1337065","formEdgeID":null},{"edgeID":"1752919","fromID":"1337101","toID":"1337102","formEdgeID":null},{"edgeID":"1752920","fromID":"1337102","toID":"1337100","formEdgeID":null},{"edgeID":"1752921","fromID":"1337068","toID":"1337103","formEdgeID":null},{"edgeID":"1752922","fromID":"1337103","toID":"1337074","formEdgeID":null},{"edgeID":"1752923","fromID":"1337079","toID":"1337104","formEdgeID":null},{"edgeID":"1752924","fromID":"1337104","toID":"1337103","formEdgeID":null},{"edgeID":"1752925","fromID":"1337005","toID":"1337105","formEdgeID":null},{"edgeID":"1752926","fromID":"1337105","toID":"1337013","formEdgeID":null},{"edgeID":"1752927","fromID":"1337012","toID":"1337106","formEdgeID":null},{"edgeID":"1752928","fromID":"1337106","toID":"1337004","formEdgeID":null},{"edgeID":"1752929","fromID":"1337105","toID":"1337107","formEdgeID":null},{"edgeID":"1752930","fromID":"1337107","toID":"1337106","formEdgeID":null},{"edgeID":"1752931","fromID":"1337109","toID":"1337108","formEdgeID":null},{"edgeID":"1752932","fromID":"1337110","toID":"1337109","formEdgeID":null},{"edgeID":"1752933","fromID":"1337108","toID":"1337111","formEdgeID":null},{"edgeID":"1752934","fromID":"1337111","toID":"1337064","formEdgeID":null},{"edgeID":"1752935","fromID":"1337065","toID":"1337112","formEdgeID":null},{"edgeID":"1752936","fromID":"1337112","toID":"1337108","formEdgeID":null},{"edgeID":"1752937","fromID":"1337074","toID":"1337113","formEdgeID":null},{"edgeID":"1752938","fromID":"1337113","toID":"1337064","formEdgeID":null},{"edgeID":"1752939","fromID":"1337065","toID":"1337114","formEdgeID":null},{"edgeID":"1752940","fromID":"1337114","toID":"1337075","formEdgeID":null},{"edgeID":"1752941","fromID":"1337114","toID":"1337115","formEdgeID":null},{"edgeID":"1752942","fromID":"1337115","toID":"1337113","formEdgeID":null}],"locutions":[]}