{"nodes":[{"nodeID":"1150965","text":"Isabel Hardman is very tired most of the time from travelling","type":"I","timestamp":"2023-04-20 20:45:28"},{"nodeID":"1150974","text":"from a Westminster perspective, there's a huge amount of complacency in Downing Street, in the wider parties","type":"I","timestamp":"2023-04-20 20:45:31"},{"nodeID":"1151000","text":"there's plenty of pro-independent voices here","type":"I","timestamp":"2023-04-20 20:45:41"},{"nodeID":"1336280","text":"the question is are politicians scared of a second referendum","type":"I","timestamp":"2023-11-09 13:46:40"},{"nodeID":"1336281","text":"Isabel Hardman: The question is are politicians scared of a second referendum","type":"L","timestamp":"2023-11-09 13:46:40"},{"nodeID":"1336282","text":"Analysing","type":"YA","timestamp":"2023-11-09 13:46:40"},{"nodeID":"1336283","text":"Nicole: Isabel Hardman: The question is are politicians scared of a second referendum","type":"L","timestamp":"2023-11-09 13:46:40"},{"nodeID":"1336284","text":"Rhetorical Questioning","type":"YA","timestamp":"2023-11-09 13:46:40"},{"nodeID":"1336285","text":"politicans should be scared of a second referendum","type":"I","timestamp":"2023-11-09 13:46:40"},{"nodeID":"1336286","text":"Isabel Hardman: My question is it should be","type":"L","timestamp":"2023-11-09 13:46:40"},{"nodeID":"1336287","text":"Analysing","type":"YA","timestamp":"2023-11-09 13:46:40"},{"nodeID":"1336288","text":"Nicole: Isabel Hardman: My question is it should be","type":"L","timestamp":"2023-11-09 13:46:40"},{"nodeID":"1336289","text":"Rhetorical Questioning","type":"YA","timestamp":"2023-11-09 13:46:40"},{"nodeID":"1336290","text":"Default Transition","type":"TA","timestamp":"2023-11-09 13:46:40"},{"nodeID":"1336291","text":"Isabel Hardman lives in Scotland but works in Westminster","type":"I","timestamp":"2023-11-09 13:46:41"},{"nodeID":"1336292","text":"Isabel Hardman: I live in Scotland but work in Westminster","type":"L","timestamp":"2023-11-09 13:46:41"},{"nodeID":"1336293","text":"Analysing","type":"YA","timestamp":"2023-11-09 13:46:41"},{"nodeID":"1336294","text":"Nicole: Isabel Hardman: I live in Scotland but work in Westminster","type":"L","timestamp":"2023-11-09 13:46:41"},{"nodeID":"1336295","text":"Asserting","type":"YA","timestamp":"2023-11-09 13:46:41"},{"nodeID":"1336296","text":"Default Transition","type":"TA","timestamp":"2023-11-09 13:46:41"},{"nodeID":"1336297","text":"Isabel Hardman: I'm very tired most of the time from travelling","type":"L","timestamp":"2023-11-09 13:46:42"},{"nodeID":"1336298","text":"Analysing","type":"YA","timestamp":"2023-11-09 13:46:42"},{"nodeID":"1336299","text":"Nicole: Isabel Hardman: I'm very tired most of the time from travelling","type":"L","timestamp":"2023-11-09 13:46:42"},{"nodeID":"1336300","text":"Asserting","type":"YA","timestamp":"2023-11-09 13:46:42"},{"nodeID":"1336301","text":"Default Transition","type":"TA","timestamp":"2023-11-09 13:46:42"},{"nodeID":"1336302","text":"Default Inference","type":"RA","timestamp":"2023-11-09 13:46:42"},{"nodeID":"1336303","text":"Arguing","type":"YA","timestamp":"2023-11-09 13:46:42"},{"nodeID":"1336304","text":"Isabel Hardman: From a Westminster perspective, there's a huge amount of complacency in Downing Street, in the wider parties","type":"L","timestamp":"2023-11-09 13:46:43"},{"nodeID":"1336305","text":"Analysing","type":"YA","timestamp":"2023-11-09 13:46:43"},{"nodeID":"1336306","text":"Nicole: Isabel Hardman: From a Westminster perspective, there's a huge amount of complacency in Downing Street, in the wider parties","type":"L","timestamp":"2023-11-09 13:46:43"},{"nodeID":"1336307","text":"Asserting","type":"YA","timestamp":"2023-11-09 13:46:43"},{"nodeID":"1336308","text":"Default Transition","type":"TA","timestamp":"2023-11-09 13:46:43"},{"nodeID":"1336309","text":"the solution, generally, to the SNP surging for independence seems to be to have a new office in Downing Street with three extra staffers who are going to save the Union","type":"I","timestamp":"2023-11-09 13:46:44"},{"nodeID":"1336310","text":"Isabel Hardman: The solution, generally, to the SNP surging for independence as you do seems to be to have a new office in Downing Street with three extra staffers who are going to save the Union","type":"L","timestamp":"2023-11-09 13:46:44"},{"nodeID":"1336311","text":"Analysing","type":"YA","timestamp":"2023-11-09 13:46:44"},{"nodeID":"1336312","text":"Nicole: Isabel Hardman: The solution, generally, to the SNP surging for independence as you do seems to be to have a new office in Downing Street with three extra staffers who are going to save the Union","type":"L","timestamp":"2023-11-09 13:46:44"},{"nodeID":"1336313","text":"Asserting","type":"YA","timestamp":"2023-11-09 13:46:44"},{"nodeID":"1336314","text":"Default Transition","type":"TA","timestamp":"2023-11-09 13:46:44"},{"nodeID":"1336315","text":"Downing Street's solution to the SNP surging for independence is a bit pathetic","type":"I","timestamp":"2023-11-09 13:46:44"},{"nodeID":"1336316","text":"Isabel Hardman: It is a bit pathetic","type":"L","timestamp":"2023-11-09 13:46:44"},{"nodeID":"1336317","text":"Analysing","type":"YA","timestamp":"2023-11-09 13:46:44"},{"nodeID":"1336318","text":"Nicole: Isabel Hardman: It is a bit pathetic","type":"L","timestamp":"2023-11-09 13:46:44"},{"nodeID":"1336319","text":"Asserting","type":"YA","timestamp":"2023-11-09 13:46:44"},{"nodeID":"1336320","text":"Default Transition","type":"TA","timestamp":"2023-11-09 13:46:44"},{"nodeID":"1336321","text":"Isabel Hardman doesn't think there's enough anxiety down in Westminster particularly with the government at the moment about the prospect of a second independence referendum going the wrong way, as far as they're concerned","type":"I","timestamp":"2023-11-09 13:46:45"},{"nodeID":"1336322","text":"Isabel Hardman: I don't think there's enough anxiety down in Westminster particularly with the government at the moment about the prospect of a second independence referendum going the wrong way, as far as they're concerned","type":"L","timestamp":"2023-11-09 13:46:45"},{"nodeID":"1336323","text":"Analysing","type":"YA","timestamp":"2023-11-09 13:46:45"},{"nodeID":"1336324","text":"Nicole: Isabel Hardman: I don't think there's enough anxiety down in Westminster particularly with the government at the moment about the prospect of a second independence referendum going the wrong way, as far as they're concerned","type":"L","timestamp":"2023-11-09 13:46:45"},{"nodeID":"1336325","text":"Asserting","type":"YA","timestamp":"2023-11-09 13:46:45"},{"nodeID":"1336326","text":"Default Transition","type":"TA","timestamp":"2023-11-09 13:46:45"},{"nodeID":"1336327","text":"Fiona Bruce: There's plenty of pro-independent voices here","type":"L","timestamp":"2023-11-09 13:46:46"},{"nodeID":"1336328","text":"Analysing","type":"YA","timestamp":"2023-11-09 13:46:46"},{"nodeID":"1336329","text":"Nicole: Fiona Bruce: There's plenty of pro-independent voices here","type":"L","timestamp":"2023-11-09 13:46:46"},{"nodeID":"1336330","text":"Asserting","type":"YA","timestamp":"2023-11-09 13:46:46"},{"nodeID":"1336331","text":"Default Transition","type":"TA","timestamp":"2023-11-09 13:46:46"},{"nodeID":"1336332","text":"Fiona Bruce is not sure how many pro-independent voices she has heard yet","type":"I","timestamp":"2023-11-09 13:46:47"},{"nodeID":"1336333","text":"Fiona Bruce: I'm not sure how many I heard yet","type":"L","timestamp":"2023-11-09 13:46:47"},{"nodeID":"1336334","text":"Analysing","type":"YA","timestamp":"2023-11-09 13:46:47"},{"nodeID":"1336335","text":"Nicole: Fiona Bruce: I'm not sure how many I heard yet","type":"L","timestamp":"2023-11-09 13:46:47"},{"nodeID":"1336336","text":"Asserting","type":"YA","timestamp":"2023-11-09 13:46:47"},{"nodeID":"1336337","text":"Default Transition","type":"TA","timestamp":"2023-11-09 13:46:47"},{"nodeID":"1336338","text":"Default Rephrase","type":"MA","timestamp":"2023-11-09 13:46:47"},{"nodeID":"1336339","text":"Restating","type":"YA","timestamp":"2023-11-09 13:46:47"},{"nodeID":"1336340","text":"we were told that our pensions wouldn't be safe if we left the UK","type":"I","timestamp":"2023-11-09 13:46:47"},{"nodeID":"1336341","text":"AudienceMember 20221020QT37: We were also told that our pensions wouldn't be safe if we left the UK","type":"L","timestamp":"2023-11-09 13:46:47"},{"nodeID":"1336342","text":"Analysing","type":"YA","timestamp":"2023-11-09 13:46:47"},{"nodeID":"1336343","text":"Nicole: AudienceMember 20221020QT37: We were also told that our pensions wouldn't be safe if we left the UK","type":"L","timestamp":"2023-11-09 13:46:47"},{"nodeID":"1336344","text":"Asserting","type":"YA","timestamp":"2023-11-09 13:46:47"},{"nodeID":"1336345","text":"coming back to the point about scaremongering and the last referendum","type":"I","timestamp":"2023-11-09 13:46:48"},{"nodeID":"1336346","text":"AudienceMember 20221020QT37: Coming back to the point about scaremongering and the last referendum","type":"L","timestamp":"2023-11-09 13:46:48"},{"nodeID":"1336347","text":"Analysing","type":"YA","timestamp":"2023-11-09 13:46:48"},{"nodeID":"1336348","text":"Nicole: AudienceMember 20221020QT37: Coming back to the point about scaremongering and the last referendum","type":"L","timestamp":"2023-11-09 13:46:48"},{"nodeID":"1336349","text":"Asserting","type":"YA","timestamp":"2023-11-09 13:46:48"},{"nodeID":"1336350","text":"Default Transition","type":"TA","timestamp":"2023-11-09 13:46:48"},{"nodeID":"1336351","text":"we were told the only way to be sure of staying in the European Union was to vote against independence","type":"I","timestamp":"2023-11-09 13:46:49"},{"nodeID":"1336352","text":"AudienceMember 20221020QT37: we were told the only way to be sure of staying in the European Union was to vote against independence","type":"L","timestamp":"2023-11-09 13:46:49"},{"nodeID":"1336353","text":"Analysing","type":"YA","timestamp":"2023-11-09 13:46:49"},{"nodeID":"1336354","text":"Nicole: AudienceMember 20221020QT37: we were told the only way to be sure of staying in the European Union was to vote against independence","type":"L","timestamp":"2023-11-09 13:46:49"},{"nodeID":"1336355","text":"Asserting","type":"YA","timestamp":"2023-11-09 13:46:49"},{"nodeID":"1336356","text":"Default Transition","type":"TA","timestamp":"2023-11-09 13:46:49"},{"nodeID":"1336357","text":"Default Inference","type":"RA","timestamp":"2023-11-09 13:46:49"},{"nodeID":"1336358","text":"look at the situation we're in now","type":"I","timestamp":"2023-11-09 13:46:50"},{"nodeID":"1336359","text":"AudienceMember 20221020QT37: look at the situation we're in now","type":"L","timestamp":"2023-11-09 13:46:50"},{"nodeID":"1336360","text":"Analysing","type":"YA","timestamp":"2023-11-09 13:46:50"},{"nodeID":"1336361","text":"Nicole: AudienceMember 20221020QT37: look at the situation we're in now","type":"L","timestamp":"2023-11-09 13:46:50"},{"nodeID":"1336362","text":"Asserting","type":"YA","timestamp":"2023-11-09 13:46:50"},{"nodeID":"1336363","text":"Default Transition","type":"TA","timestamp":"2023-11-09 13:46:50"},{"nodeID":"1336364","text":"Default Transition","type":"TA","timestamp":"2023-11-09 13:46:50"},{"nodeID":"1336365","text":"Arguing","type":"YA","timestamp":"2023-11-09 13:46:50"},{"nodeID":"1336366","text":"Default Rephrase","type":"MA","timestamp":"2023-11-09 13:46:50"},{"nodeID":"1336367","text":"Restating","type":"YA","timestamp":"2023-11-09 13:46:50"},{"nodeID":"1336368","text":"Default Inference","type":"RA","timestamp":"2023-11-09 13:46:50"},{"nodeID":"1336369","text":"Arguing","type":"YA","timestamp":"2023-11-09 13:46:50"},{"nodeID":"1336370","text":"Default Inference","type":"RA","timestamp":"2023-11-09 13:46:50"},{"nodeID":"1336371","text":"Arguing","type":"YA","timestamp":"2023-11-09 13:46:50"},{"nodeID":"1336372","text":"Default Rephrase","type":"MA","timestamp":"2023-11-09 13:46:50"},{"nodeID":"1336373","text":"Restating","type":"YA","timestamp":"2023-11-09 13:46:50"}],"edges":[{"edgeID":"1751953","fromID":"1336282","toID":"1336281","formEdgeID":null},{"edgeID":"1751954","fromID":"1336283","toID":"1336282","formEdgeID":null},{"edgeID":"1751955","fromID":"1336281","toID":"1336284","formEdgeID":null},{"edgeID":"1751956","fromID":"1336284","toID":"1336280","formEdgeID":null},{"edgeID":"1751957","fromID":"1336287","toID":"1336286","formEdgeID":null},{"edgeID":"1751958","fromID":"1336288","toID":"1336287","formEdgeID":null},{"edgeID":"1751959","fromID":"1336286","toID":"1336289","formEdgeID":null},{"edgeID":"1751960","fromID":"1336289","toID":"1336285","formEdgeID":null},{"edgeID":"1751961","fromID":"1336281","toID":"1336290","formEdgeID":null},{"edgeID":"1751962","fromID":"1336290","toID":"1336286","formEdgeID":null},{"edgeID":"1751963","fromID":"1336293","toID":"1336292","formEdgeID":null},{"edgeID":"1751964","fromID":"1336294","toID":"1336293","formEdgeID":null},{"edgeID":"1751965","fromID":"1336292","toID":"1336295","formEdgeID":null},{"edgeID":"1751966","fromID":"1336295","toID":"1336291","formEdgeID":null},{"edgeID":"1751967","fromID":"1336286","toID":"1336296","formEdgeID":null},{"edgeID":"1751968","fromID":"1336296","toID":"1336292","formEdgeID":null},{"edgeID":"1751969","fromID":"1336298","toID":"1336297","formEdgeID":null},{"edgeID":"1751970","fromID":"1336299","toID":"1336298","formEdgeID":null},{"edgeID":"1751971","fromID":"1336297","toID":"1336300","formEdgeID":null},{"edgeID":"1751972","fromID":"1336300","toID":"1150965","formEdgeID":null},{"edgeID":"1751973","fromID":"1336292","toID":"1336301","formEdgeID":null},{"edgeID":"1751974","fromID":"1336301","toID":"1336297","formEdgeID":null},{"edgeID":"1751975","fromID":"1336291","toID":"1336302","formEdgeID":null},{"edgeID":"1751976","fromID":"1336302","toID":"1150965","formEdgeID":null},{"edgeID":"1751977","fromID":"1336301","toID":"1336303","formEdgeID":null},{"edgeID":"1751978","fromID":"1336303","toID":"1336302","formEdgeID":null},{"edgeID":"1751979","fromID":"1336305","toID":"1336304","formEdgeID":null},{"edgeID":"1751980","fromID":"1336306","toID":"1336305","formEdgeID":null},{"edgeID":"1751981","fromID":"1336304","toID":"1336307","formEdgeID":null},{"edgeID":"1751982","fromID":"1336307","toID":"1150974","formEdgeID":null},{"edgeID":"1751983","fromID":"1336297","toID":"1336308","formEdgeID":null},{"edgeID":"1751984","fromID":"1336308","toID":"1336304","formEdgeID":null},{"edgeID":"1751985","fromID":"1336311","toID":"1336310","formEdgeID":null},{"edgeID":"1751986","fromID":"1336312","toID":"1336311","formEdgeID":null},{"edgeID":"1751987","fromID":"1336310","toID":"1336313","formEdgeID":null},{"edgeID":"1751988","fromID":"1336313","toID":"1336309","formEdgeID":null},{"edgeID":"1751989","fromID":"1336304","toID":"1336314","formEdgeID":null},{"edgeID":"1751990","fromID":"1336314","toID":"1336310","formEdgeID":null},{"edgeID":"1751991","fromID":"1336317","toID":"1336316","formEdgeID":null},{"edgeID":"1751992","fromID":"1336318","toID":"1336317","formEdgeID":null},{"edgeID":"1751993","fromID":"1336316","toID":"1336319","formEdgeID":null},{"edgeID":"1751994","fromID":"1336319","toID":"1336315","formEdgeID":null},{"edgeID":"1751995","fromID":"1336310","toID":"1336320","formEdgeID":null},{"edgeID":"1751996","fromID":"1336320","toID":"1336316","formEdgeID":null},{"edgeID":"1751997","fromID":"1336323","toID":"1336322","formEdgeID":null},{"edgeID":"1751998","fromID":"1336324","toID":"1336323","formEdgeID":null},{"edgeID":"1751999","fromID":"1336322","toID":"1336325","formEdgeID":null},{"edgeID":"1752000","fromID":"1336325","toID":"1336321","formEdgeID":null},{"edgeID":"1752001","fromID":"1336316","toID":"1336326","formEdgeID":null},{"edgeID":"1752002","fromID":"1336326","toID":"1336322","formEdgeID":null},{"edgeID":"1752003","fromID":"1336328","toID":"1336327","formEdgeID":null},{"edgeID":"1752004","fromID":"1336329","toID":"1336328","formEdgeID":null},{"edgeID":"1752005","fromID":"1336327","toID":"1336330","formEdgeID":null},{"edgeID":"1752006","fromID":"1336330","toID":"1151000","formEdgeID":null},{"edgeID":"1752007","fromID":"1336322","toID":"1336331","formEdgeID":null},{"edgeID":"1752008","fromID":"1336331","toID":"1336327","formEdgeID":null},{"edgeID":"1752009","fromID":"1336334","toID":"1336333","formEdgeID":null},{"edgeID":"1752010","fromID":"1336335","toID":"1336334","formEdgeID":null},{"edgeID":"1752011","fromID":"1336333","toID":"1336336","formEdgeID":null},{"edgeID":"1752012","fromID":"1336336","toID":"1336332","formEdgeID":null},{"edgeID":"1752013","fromID":"1336327","toID":"1336337","formEdgeID":null},{"edgeID":"1752014","fromID":"1336337","toID":"1336333","formEdgeID":null},{"edgeID":"1752015","fromID":"1336332","toID":"1336338","formEdgeID":null},{"edgeID":"1752016","fromID":"1336338","toID":"1151000","formEdgeID":null},{"edgeID":"1752017","fromID":"1336337","toID":"1336339","formEdgeID":null},{"edgeID":"1752018","fromID":"1336339","toID":"1336338","formEdgeID":null},{"edgeID":"1752019","fromID":"1336342","toID":"1336341","formEdgeID":null},{"edgeID":"1752020","fromID":"1336343","toID":"1336342","formEdgeID":null},{"edgeID":"1752021","fromID":"1336341","toID":"1336344","formEdgeID":null},{"edgeID":"1752022","fromID":"1336344","toID":"1336340","formEdgeID":null},{"edgeID":"1752023","fromID":"1336347","toID":"1336346","formEdgeID":null},{"edgeID":"1752024","fromID":"1336348","toID":"1336347","formEdgeID":null},{"edgeID":"1752025","fromID":"1336346","toID":"1336349","formEdgeID":null},{"edgeID":"1752026","fromID":"1336349","toID":"1336345","formEdgeID":null},{"edgeID":"1752027","fromID":"1336333","toID":"1336350","formEdgeID":null},{"edgeID":"1752028","fromID":"1336350","toID":"1336346","formEdgeID":null},{"edgeID":"1752029","fromID":"1336353","toID":"1336352","formEdgeID":null},{"edgeID":"1752030","fromID":"1336354","toID":"1336353","formEdgeID":null},{"edgeID":"1752031","fromID":"1336352","toID":"1336355","formEdgeID":null},{"edgeID":"1752032","fromID":"1336355","toID":"1336351","formEdgeID":null},{"edgeID":"1752033","fromID":"1336346","toID":"1336356","formEdgeID":null},{"edgeID":"1752034","fromID":"1336356","toID":"1336352","formEdgeID":null},{"edgeID":"1752035","fromID":"1336351","toID":"1336357","formEdgeID":null},{"edgeID":"1752036","fromID":"1336357","toID":"1336345","formEdgeID":null},{"edgeID":"1752037","fromID":"1336340","toID":"1336357","formEdgeID":null},{"edgeID":"1752038","fromID":"1336360","toID":"1336359","formEdgeID":null},{"edgeID":"1752039","fromID":"1336361","toID":"1336360","formEdgeID":null},{"edgeID":"1752040","fromID":"1336359","toID":"1336362","formEdgeID":null},{"edgeID":"1752041","fromID":"1336362","toID":"1336358","formEdgeID":null},{"edgeID":"1752042","fromID":"1336341","toID":"1336363","formEdgeID":null},{"edgeID":"1752043","fromID":"1336363","toID":"1336359","formEdgeID":null},{"edgeID":"1752044","fromID":"1336346","toID":"1336364","formEdgeID":null},{"edgeID":"1752045","fromID":"1336364","toID":"1336341","formEdgeID":null},{"edgeID":"1752046","fromID":"1336364","toID":"1336365","formEdgeID":null},{"edgeID":"1752047","fromID":"1336365","toID":"1336357","formEdgeID":null},{"edgeID":"1752048","fromID":"1336285","toID":"1336366","formEdgeID":null},{"edgeID":"1752049","fromID":"1336366","toID":"1336280","formEdgeID":null},{"edgeID":"1752050","fromID":"1336290","toID":"1336367","formEdgeID":null},{"edgeID":"1752051","fromID":"1336367","toID":"1336366","formEdgeID":null},{"edgeID":"1752052","fromID":"1336309","toID":"1336368","formEdgeID":null},{"edgeID":"1752053","fromID":"1336368","toID":"1336315","formEdgeID":null},{"edgeID":"1752054","fromID":"1336320","toID":"1336369","formEdgeID":null},{"edgeID":"1752055","fromID":"1336369","toID":"1336368","formEdgeID":null},{"edgeID":"1752056","fromID":"1336315","toID":"1336370","formEdgeID":null},{"edgeID":"1752057","fromID":"1336370","toID":"1336321","formEdgeID":null},{"edgeID":"1752058","fromID":"1336326","toID":"1336371","formEdgeID":null},{"edgeID":"1752059","fromID":"1336371","toID":"1336370","formEdgeID":null},{"edgeID":"1752060","fromID":"1336309","toID":"1336372","formEdgeID":null},{"edgeID":"1752061","fromID":"1336372","toID":"1150974","formEdgeID":null},{"edgeID":"1752062","fromID":"1336314","toID":"1336373","formEdgeID":null},{"edgeID":"1752063","fromID":"1336373","toID":"1336372","formEdgeID":null}],"locutions":[]}