{"nodes":[{"nodeID":"1337718","text":"it is worth mentioning the NHS is a devolved issue, something that is dealt with by the Scottish Government","type":"I","timestamp":"2023-11-09 13:49:37"},{"nodeID":"1337719","text":"Fiona Bruce: It is worth mentioning the NHS is a devolved issue, something that is dealt with by the Scottish Government","type":"L","timestamp":"2023-11-09 13:49:37"},{"nodeID":"1337720","text":"Analysing","type":"YA","timestamp":"2023-11-09 13:49:37"},{"nodeID":"1337721","text":"Anon: Fiona Bruce: It is worth mentioning the NHS is a devolved issue, something that is dealt with by the Scottish Government","type":"L","timestamp":"2023-11-09 13:49:37"},{"nodeID":"1337722","text":"Asserting","type":"YA","timestamp":"2023-11-09 13:49:37"},{"nodeID":"1337723","text":"Stuart Murdoch is also a user of the NHS","type":"I","timestamp":"2023-11-09 13:49:37"},{"nodeID":"1337724","text":"Fiona Bruce: you are also a user","type":"L","timestamp":"2023-11-09 13:49:37"},{"nodeID":"1337725","text":"Analysing","type":"YA","timestamp":"2023-11-09 13:49:37"},{"nodeID":"1337726","text":"Anon: Fiona Bruce: you are also a user","type":"L","timestamp":"2023-11-09 13:49:37"},{"nodeID":"1337727","text":"Asserting","type":"YA","timestamp":"2023-11-09 13:49:37"},{"nodeID":"1337728","text":"Default Transition","type":"TA","timestamp":"2023-11-09 13:49:37"},{"nodeID":"1337729","text":"Stuart Murdoch: I completely agree with you","type":"L","timestamp":"2023-11-09 13:49:37"},{"nodeID":"1337730","text":"Analysing","type":"YA","timestamp":"2023-11-09 13:49:37"},{"nodeID":"1337731","text":"Anon: Stuart Murdoch: I completely agree with you","type":"L","timestamp":"2023-11-09 13:49:37"},{"nodeID":"1337732","text":"Default Transition","type":"TA","timestamp":"2023-11-09 13:49:37"},{"nodeID":"1337733","text":"Agreeing","type":"YA","timestamp":"2023-11-09 13:49:37"},{"nodeID":"1337734","text":"Stuart Murdoch spoke to his GP the other day","type":"I","timestamp":"2023-11-09 13:49:38"},{"nodeID":"1337735","text":"Stuart Murdoch: I spoke to my GP the other day","type":"L","timestamp":"2023-11-09 13:49:38"},{"nodeID":"1337736","text":"Analysing","type":"YA","timestamp":"2023-11-09 13:49:38"},{"nodeID":"1337737","text":"Anon: Stuart Murdoch: I spoke to my GP the other day","type":"L","timestamp":"2023-11-09 13:49:38"},{"nodeID":"1337738","text":"Asserting","type":"YA","timestamp":"2023-11-09 13:49:38"},{"nodeID":"1337739","text":"Default Transition","type":"TA","timestamp":"2023-11-09 13:49:38"},{"nodeID":"1337740","text":"Default Rephrase","type":"MA","timestamp":"2023-11-09 13:49:38"},{"nodeID":"1337741","text":"Restating","type":"YA","timestamp":"2023-11-09 13:49:38"},{"nodeID":"1337742","text":"the NHS're trying to do too much with too little","type":"I","timestamp":"2023-11-09 13:49:39"},{"nodeID":"1337743","text":"Stuart Murdoch: He said \"We're trying to do too much with too little\"","type":"L","timestamp":"2023-11-09 13:49:39"},{"nodeID":"1337744","text":"Analysing","type":"YA","timestamp":"2023-11-09 13:49:39"},{"nodeID":"1337745","text":"Anon: Stuart Murdoch: He said \"We're trying to do too much with too little\"","type":"L","timestamp":"2023-11-09 13:49:39"},{"nodeID":"1337746","text":"NHS GP: \"We're trying to do too much with too little\"","type":"L","timestamp":"2023-11-09 13:49:39"},{"nodeID":"1337747","text":"Analysing","type":"YA","timestamp":"2023-11-09 13:49:39"},{"nodeID":"1337748","text":"Anon: NHS GP: He said \"We're trying to do too much with too little\"","type":"L","timestamp":"2023-11-09 13:49:39"},{"nodeID":"1337749","text":"Asserting","type":"YA","timestamp":"2023-11-09 13:49:39"},{"nodeID":"1337750","text":"Asserting","type":"YA","timestamp":"2023-11-09 13:49:39"},{"nodeID":"1337751","text":"Default Transition","type":"TA","timestamp":"2023-11-09 13:49:39"},{"nodeID":"1337752","text":"Stuart Murdoch spoke to his brother-in-law","type":"I","timestamp":"2023-11-09 13:49:40"},{"nodeID":"1337753","text":"Stuart Murdoch: I spoke to my brother-in-law","type":"L","timestamp":"2023-11-09 13:49:40"},{"nodeID":"1337754","text":"Analysing","type":"YA","timestamp":"2023-11-09 13:49:40"},{"nodeID":"1337755","text":"Anon: Stuart Murdoch: I spoke to my brother-in-law","type":"L","timestamp":"2023-11-09 13:49:40"},{"nodeID":"1337756","text":"Asserting","type":"YA","timestamp":"2023-11-09 13:49:40"},{"nodeID":"1337757","text":"Default Rephrase","type":"MA","timestamp":"2023-11-09 13:49:40"},{"nodeID":"1337758","text":"Restating","type":"YA","timestamp":"2023-11-09 13:49:40"},{"nodeID":"1337759","text":"Default Transition","type":"TA","timestamp":"2023-11-09 13:49:40"},{"nodeID":"1337760","text":"Default Rephrase","type":"MA","timestamp":"2023-11-09 13:49:40"},{"nodeID":"1337761","text":"Restating","type":"YA","timestamp":"2023-11-09 13:49:40"},{"nodeID":"1337762","text":"Stuart Murdoch: he said the same thing","type":"L","timestamp":"2023-11-09 13:49:40"},{"nodeID":"1337763","text":"Analysing","type":"YA","timestamp":"2023-11-09 13:49:40"},{"nodeID":"1337764","text":"Anon: Stuart Murdoch: he said the same thing","type":"L","timestamp":"2023-11-09 13:49:40"},{"nodeID":"1337765","text":"NHS Brother-In-Law: he said the same thing","type":"L","timestamp":"2023-11-09 13:49:40"},{"nodeID":"1337766","text":"Analysing","type":"YA","timestamp":"2023-11-09 13:49:40"},{"nodeID":"1337767","text":"Anon: NHS Brother-In-Law: he said the same thing","type":"L","timestamp":"2023-11-09 13:49:40"},{"nodeID":"1337768","text":"Asserting","type":"YA","timestamp":"2023-11-09 13:49:40"},{"nodeID":"1337769","text":"Asserting","type":"YA","timestamp":"2023-11-09 13:49:40"},{"nodeID":"1337770","text":"Default Transition","type":"TA","timestamp":"2023-11-09 13:49:40"},{"nodeID":"1337771","text":"NHS staff are knocking their pans in trying to work through","type":"I","timestamp":"2023-11-09 13:49:40"},{"nodeID":"1337772","text":"Stuart Murdoch: He said the staff are knocking their pans in trying to work through","type":"L","timestamp":"2023-11-09 13:49:40"},{"nodeID":"1337773","text":"Analysing","type":"YA","timestamp":"2023-11-09 13:49:40"},{"nodeID":"1337774","text":"Anon: Stuart Murdoch: He said the staff are knocking their pans in trying to work through","type":"L","timestamp":"2023-11-09 13:49:40"},{"nodeID":"1337775","text":"NHS Brother-In-Law: He said the staff are knocking their pans in trying to work through","type":"L","timestamp":"2023-11-09 13:49:40"},{"nodeID":"1337776","text":"Analysing","type":"YA","timestamp":"2023-11-09 13:49:40"},{"nodeID":"1337777","text":"Anon: NHS Brother-In-Law: He said the staff are knocking their pans in trying to work through","type":"L","timestamp":"2023-11-09 13:49:40"},{"nodeID":"1337778","text":"Asserting","type":"YA","timestamp":"2023-11-09 13:49:40"},{"nodeID":"1337779","text":"Asserting","type":"YA","timestamp":"2023-11-09 13:49:40"},{"nodeID":"1337780","text":"Default Transition","type":"TA","timestamp":"2023-11-09 13:49:40"},{"nodeID":"1337781","text":"NHS Scotland are the luckiest employer in the world because you have these people turning up, engaged, motivated, some of them working for not that much money","type":"I","timestamp":"2023-11-09 13:49:41"},{"nodeID":"1337782","text":"Stuart Murdoch: He also said an interesting thing, he said NHS Scotland are the luckiest employer in the world because you have these people turning up, engaged, motivated, some of them working for not that much money","type":"L","timestamp":"2023-11-09 13:49:41"},{"nodeID":"1337783","text":"Analysing","type":"YA","timestamp":"2023-11-09 13:49:41"},{"nodeID":"1337784","text":"Anon: Stuart Murdoch: He also said an interesting thing, he said NHS Scotland are the luckiest employer in the world because you have these people turning up, engaged, motivated, some of them working for not that much money","type":"L","timestamp":"2023-11-09 13:49:41"},{"nodeID":"1337785","text":"NHS Brother-In-Law: NHS Scotland are the luckiest employer in the world because you have these people turning up, engaged, motivated, some of them working for not that much money","type":"L","timestamp":"2023-11-09 13:49:41"},{"nodeID":"1337786","text":"Analysing","type":"YA","timestamp":"2023-11-09 13:49:41"},{"nodeID":"1337787","text":"Anon: NHS Brother-In-Law: He also said an interesting thing, he said NHS Scotland are the luckiest employer in the world because you have these people turning up, engaged, motivated, some of them working for not that much money","type":"L","timestamp":"2023-11-09 13:49:41"},{"nodeID":"1337788","text":"Asserting","type":"YA","timestamp":"2023-11-09 13:49:41"},{"nodeID":"1337789","text":"Asserting","type":"YA","timestamp":"2023-11-09 13:49:41"},{"nodeID":"1337790","text":"Default Transition","type":"TA","timestamp":"2023-11-09 13:49:41"},{"nodeID":"1337791","text":"Default Inference","type":"RA","timestamp":"2023-11-09 13:49:41"},{"nodeID":"1337792","text":"Arguing","type":"YA","timestamp":"2023-11-09 13:49:41"},{"nodeID":"1337793","text":"we all clapped for the NHS","type":"I","timestamp":"2023-11-09 13:49:42"},{"nodeID":"1337794","text":"Stuart Murdoch: we all clapped for them","type":"L","timestamp":"2023-11-09 13:49:42"},{"nodeID":"1337795","text":"Analysing","type":"YA","timestamp":"2023-11-09 13:49:42"},{"nodeID":"1337796","text":"Anon: Stuart Murdoch: we all clapped for them","type":"L","timestamp":"2023-11-09 13:49:42"},{"nodeID":"1337797","text":"Asserting","type":"YA","timestamp":"2023-11-09 13:49:42"},{"nodeID":"1337798","text":"Default Transition","type":"TA","timestamp":"2023-11-09 13:49:42"},{"nodeID":"1337799","text":"it is insulting the way that we're treating the NHS now","type":"I","timestamp":"2023-11-09 13:49:43"},{"nodeID":"1337800","text":"Stuart Murdoch: It is insulting the way that we're treating them now","type":"L","timestamp":"2023-11-09 13:49:43"},{"nodeID":"1337801","text":"Analysing","type":"YA","timestamp":"2023-11-09 13:49:43"},{"nodeID":"1337802","text":"Anon: Stuart Murdoch: It is insulting the way that we're treating them now","type":"L","timestamp":"2023-11-09 13:49:43"},{"nodeID":"1337803","text":"Asserting","type":"YA","timestamp":"2023-11-09 13:49:43"},{"nodeID":"1337804","text":"Default Transition","type":"TA","timestamp":"2023-11-09 13:49:43"},{"nodeID":"1337805","text":"Default Transition","type":"TA","timestamp":"2023-11-09 13:49:43"},{"nodeID":"1337806","text":"Default Inference","type":"RA","timestamp":"2023-11-09 13:49:43"},{"nodeID":"1337807","text":"Arguing","type":"YA","timestamp":"2023-11-09 13:49:43"},{"nodeID":"1337808","text":"Isabel Hardman just finished writing a book on the NHS","type":"I","timestamp":"2023-11-09 13:49:43"},{"nodeID":"1337809","text":"Isabel Hardman: I just finished writing a book on the NHS","type":"L","timestamp":"2023-11-09 13:49:43"},{"nodeID":"1337810","text":"Analysing","type":"YA","timestamp":"2023-11-09 13:49:43"},{"nodeID":"1337811","text":"Anon: Isabel Hardman: I just finished writing a book on the NHS","type":"L","timestamp":"2023-11-09 13:49:43"},{"nodeID":"1337812","text":"Asserting","type":"YA","timestamp":"2023-11-09 13:49:43"},{"nodeID":"1337813","text":"Default Transition","type":"TA","timestamp":"2023-11-09 13:49:43"},{"nodeID":"1337814","text":"Isabel Hardman's book on the NHS is available next year","type":"I","timestamp":"2023-11-09 13:49:44"},{"nodeID":"1337815","text":"Isabel Hardman: available next year","type":"L","timestamp":"2023-11-09 13:49:44"},{"nodeID":"1337816","text":"Analysing","type":"YA","timestamp":"2023-11-09 13:49:44"},{"nodeID":"1337817","text":"Anon: Isabel Hardman: available next year","type":"L","timestamp":"2023-11-09 13:49:44"},{"nodeID":"1337818","text":"Asserting","type":"YA","timestamp":"2023-11-09 13:49:44"},{"nodeID":"1337819","text":"Default Transition","type":"TA","timestamp":"2023-11-09 13:49:44"},{"nodeID":"1337820","text":"Default Rephrase","type":"MA","timestamp":"2023-11-09 13:49:44"},{"nodeID":"1337821","text":"Restating","type":"YA","timestamp":"2023-11-09 13:49:44"},{"nodeID":"1337822","text":"one of the things that struck Isabel Hardman about the 75 years of the NHS throughout Great Britain is one of the reasons we love it is the way in which it is held together with the goodwill of its staff, who go above and beyond what they are contracted to do on a regular basis","type":"I","timestamp":"2023-11-09 13:49:45"},{"nodeID":"1337823","text":"Isabel Hardman: one of the things that struck me about the 75 years of the NHS throughout Great Britain is one of the reasons we love it, I think, is the way in which it is held together with the goodwill of its staff, who go above and beyond what they are contracted to do on a regular basis","type":"L","timestamp":"2023-11-09 13:49:45"},{"nodeID":"1337824","text":"Analysing","type":"YA","timestamp":"2023-11-09 13:49:45"},{"nodeID":"1337825","text":"Anon: Isabel Hardman: one of the things that struck me about the 75 years of the NHS throughout Great Britain is one of the reasons we love it, I think, is the way in which it is held together with the goodwill of its staff, who go above and beyond what they are contracted to do on a regular basis","type":"L","timestamp":"2023-11-09 13:49:45"},{"nodeID":"1337826","text":"Asserting","type":"YA","timestamp":"2023-11-09 13:49:45"},{"nodeID":"1337827","text":"Default Transition","type":"TA","timestamp":"2023-11-09 13:49:45"},{"nodeID":"1337828","text":"Default Rephrase","type":"MA","timestamp":"2023-11-09 13:49:45"},{"nodeID":"1337829","text":"Restating","type":"YA","timestamp":"2023-11-09 13:49:45"}],"edges":[{"edgeID":"1753672","fromID":"1337720","toID":"1337719","formEdgeID":null},{"edgeID":"1753673","fromID":"1337721","toID":"1337720","formEdgeID":null},{"edgeID":"1753674","fromID":"1337719","toID":"1337722","formEdgeID":null},{"edgeID":"1753675","fromID":"1337722","toID":"1337718","formEdgeID":null},{"edgeID":"1753676","fromID":"1337725","toID":"1337724","formEdgeID":null},{"edgeID":"1753677","fromID":"1337726","toID":"1337725","formEdgeID":null},{"edgeID":"1753678","fromID":"1337724","toID":"1337727","formEdgeID":null},{"edgeID":"1753679","fromID":"1337727","toID":"1337723","formEdgeID":null},{"edgeID":"1753680","fromID":"1337719","toID":"1337728","formEdgeID":null},{"edgeID":"1753681","fromID":"1337728","toID":"1337724","formEdgeID":null},{"edgeID":"1753682","fromID":"1337730","toID":"1337729","formEdgeID":null},{"edgeID":"1753683","fromID":"1337731","toID":"1337730","formEdgeID":null},{"edgeID":"1753684","fromID":"1337724","toID":"1337732","formEdgeID":null},{"edgeID":"1753685","fromID":"1337732","toID":"1337729","formEdgeID":null},{"edgeID":"1753686","fromID":"1337732","toID":"1337733","formEdgeID":null},{"edgeID":"1753687","fromID":"1337733","toID":"1337723","formEdgeID":null},{"edgeID":"1753688","fromID":"1337736","toID":"1337735","formEdgeID":null},{"edgeID":"1753689","fromID":"1337737","toID":"1337736","formEdgeID":null},{"edgeID":"1753690","fromID":"1337735","toID":"1337738","formEdgeID":null},{"edgeID":"1753691","fromID":"1337738","toID":"1337734","formEdgeID":null},{"edgeID":"1753692","fromID":"1337724","toID":"1337739","formEdgeID":null},{"edgeID":"1753693","fromID":"1337739","toID":"1337735","formEdgeID":null},{"edgeID":"1753694","fromID":"1337734","toID":"1337740","formEdgeID":null},{"edgeID":"1753695","fromID":"1337740","toID":"1337723","formEdgeID":null},{"edgeID":"1753696","fromID":"1337739","toID":"1337741","formEdgeID":null},{"edgeID":"1753697","fromID":"1337741","toID":"1337740","formEdgeID":null},{"edgeID":"1753698","fromID":"1337744","toID":"1337743","formEdgeID":null},{"edgeID":"1753699","fromID":"1337745","toID":"1337744","formEdgeID":null},{"edgeID":"1753700","fromID":"1337747","toID":"1337746","formEdgeID":null},{"edgeID":"1753701","fromID":"1337748","toID":"1337747","formEdgeID":null},{"edgeID":"1753702","fromID":"1337746","toID":"1337749","formEdgeID":null},{"edgeID":"1753703","fromID":"1337749","toID":"1337742","formEdgeID":null},{"edgeID":"1753704","fromID":"1337743","toID":"1337750","formEdgeID":null},{"edgeID":"1753705","fromID":"1337750","toID":"1337746","formEdgeID":null},{"edgeID":"1753706","fromID":"1337735","toID":"1337751","formEdgeID":null},{"edgeID":"1753707","fromID":"1337751","toID":"1337743","formEdgeID":null},{"edgeID":"1753708","fromID":"1337754","toID":"1337753","formEdgeID":null},{"edgeID":"1753709","fromID":"1337755","toID":"1337754","formEdgeID":null},{"edgeID":"1753710","fromID":"1337753","toID":"1337756","formEdgeID":null},{"edgeID":"1753711","fromID":"1337756","toID":"1337752","formEdgeID":null},{"edgeID":"1753712","fromID":"1337742","toID":"1337757","formEdgeID":null},{"edgeID":"1753713","fromID":"1337757","toID":"1337734","formEdgeID":null},{"edgeID":"1753714","fromID":"1337751","toID":"1337758","formEdgeID":null},{"edgeID":"1753715","fromID":"1337758","toID":"1337757","formEdgeID":null},{"edgeID":"1753716","fromID":"1337735","toID":"1337759","formEdgeID":null},{"edgeID":"1753717","fromID":"1337759","toID":"1337753","formEdgeID":null},{"edgeID":"1753718","fromID":"1337752","toID":"1337760","formEdgeID":null},{"edgeID":"1753719","fromID":"1337760","toID":"1337734","formEdgeID":null},{"edgeID":"1753720","fromID":"1337759","toID":"1337761","formEdgeID":null},{"edgeID":"1753721","fromID":"1337761","toID":"1337760","formEdgeID":null},{"edgeID":"1753722","fromID":"1337763","toID":"1337762","formEdgeID":null},{"edgeID":"1753723","fromID":"1337764","toID":"1337763","formEdgeID":null},{"edgeID":"1753724","fromID":"1337766","toID":"1337765","formEdgeID":null},{"edgeID":"1753725","fromID":"1337767","toID":"1337766","formEdgeID":null},{"edgeID":"1753726","fromID":"1337762","toID":"1337768","formEdgeID":null},{"edgeID":"1753727","fromID":"1337768","toID":"1337765","formEdgeID":null},{"edgeID":"1753728","fromID":"1337765","toID":"1337769","formEdgeID":null},{"edgeID":"1753729","fromID":"1337769","toID":"1337742","formEdgeID":null},{"edgeID":"1753730","fromID":"1337753","toID":"1337770","formEdgeID":null},{"edgeID":"1753731","fromID":"1337770","toID":"1337762","formEdgeID":null},{"edgeID":"1753732","fromID":"1337773","toID":"1337772","formEdgeID":null},{"edgeID":"1753733","fromID":"1337774","toID":"1337773","formEdgeID":null},{"edgeID":"1753734","fromID":"1337776","toID":"1337775","formEdgeID":null},{"edgeID":"1753735","fromID":"1337777","toID":"1337776","formEdgeID":null},{"edgeID":"1753736","fromID":"1337775","toID":"1337778","formEdgeID":null},{"edgeID":"1753737","fromID":"1337778","toID":"1337771","formEdgeID":null},{"edgeID":"1753738","fromID":"1337772","toID":"1337779","formEdgeID":null},{"edgeID":"1753739","fromID":"1337779","toID":"1337775","formEdgeID":null},{"edgeID":"1753740","fromID":"1337762","toID":"1337780","formEdgeID":null},{"edgeID":"1753741","fromID":"1337780","toID":"1337772","formEdgeID":null},{"edgeID":"1753742","fromID":"1337783","toID":"1337782","formEdgeID":null},{"edgeID":"1753743","fromID":"1337784","toID":"1337783","formEdgeID":null},{"edgeID":"1753744","fromID":"1337786","toID":"1337785","formEdgeID":null},{"edgeID":"1753745","fromID":"1337787","toID":"1337786","formEdgeID":null},{"edgeID":"1753746","fromID":"1337785","toID":"1337788","formEdgeID":null},{"edgeID":"1753747","fromID":"1337788","toID":"1337781","formEdgeID":null},{"edgeID":"1753748","fromID":"1337782","toID":"1337789","formEdgeID":null},{"edgeID":"1753749","fromID":"1337789","toID":"1337785","formEdgeID":null},{"edgeID":"1753750","fromID":"1337772","toID":"1337790","formEdgeID":null},{"edgeID":"1753751","fromID":"1337790","toID":"1337782","formEdgeID":null},{"edgeID":"1753752","fromID":"1337771","toID":"1337791","formEdgeID":null},{"edgeID":"1753753","fromID":"1337791","toID":"1337781","formEdgeID":null},{"edgeID":"1753754","fromID":"1337790","toID":"1337792","formEdgeID":null},{"edgeID":"1753755","fromID":"1337792","toID":"1337791","formEdgeID":null},{"edgeID":"1753756","fromID":"1337795","toID":"1337794","formEdgeID":null},{"edgeID":"1753757","fromID":"1337796","toID":"1337795","formEdgeID":null},{"edgeID":"1753758","fromID":"1337794","toID":"1337797","formEdgeID":null},{"edgeID":"1753759","fromID":"1337797","toID":"1337793","formEdgeID":null},{"edgeID":"1753760","fromID":"1337782","toID":"1337798","formEdgeID":null},{"edgeID":"1753761","fromID":"1337798","toID":"1337794","formEdgeID":null},{"edgeID":"1753762","fromID":"1337801","toID":"1337800","formEdgeID":null},{"edgeID":"1753763","fromID":"1337802","toID":"1337801","formEdgeID":null},{"edgeID":"1753764","fromID":"1337800","toID":"1337803","formEdgeID":null},{"edgeID":"1753765","fromID":"1337803","toID":"1337799","formEdgeID":null},{"edgeID":"1753766","fromID":"1337794","toID":"1337804","formEdgeID":null},{"edgeID":"1753767","fromID":"1337804","toID":"1337800","formEdgeID":null},{"edgeID":"1753768","fromID":"1337772","toID":"1337805","formEdgeID":null},{"edgeID":"1753769","fromID":"1337805","toID":"1337800","formEdgeID":null},{"edgeID":"1753770","fromID":"1337771","toID":"1337806","formEdgeID":null},{"edgeID":"1753771","fromID":"1337806","toID":"1337799","formEdgeID":null},{"edgeID":"1753772","fromID":"1337793","toID":"1337806","formEdgeID":null},{"edgeID":"1753773","fromID":"1337804","toID":"1337807","formEdgeID":null},{"edgeID":"1753774","fromID":"1337807","toID":"1337806","formEdgeID":null},{"edgeID":"1753775","fromID":"1337810","toID":"1337809","formEdgeID":null},{"edgeID":"1753776","fromID":"1337811","toID":"1337810","formEdgeID":null},{"edgeID":"1753777","fromID":"1337809","toID":"1337812","formEdgeID":null},{"edgeID":"1753778","fromID":"1337812","toID":"1337808","formEdgeID":null},{"edgeID":"1753779","fromID":"1337800","toID":"1337813","formEdgeID":null},{"edgeID":"1753780","fromID":"1337813","toID":"1337809","formEdgeID":null},{"edgeID":"1753781","fromID":"1337816","toID":"1337815","formEdgeID":null},{"edgeID":"1753782","fromID":"1337817","toID":"1337816","formEdgeID":null},{"edgeID":"1753783","fromID":"1337815","toID":"1337818","formEdgeID":null},{"edgeID":"1753784","fromID":"1337818","toID":"1337814","formEdgeID":null},{"edgeID":"1753785","fromID":"1337809","toID":"1337819","formEdgeID":null},{"edgeID":"1753786","fromID":"1337819","toID":"1337815","formEdgeID":null},{"edgeID":"1753787","fromID":"1337814","toID":"1337820","formEdgeID":null},{"edgeID":"1753788","fromID":"1337820","toID":"1337808","formEdgeID":null},{"edgeID":"1753789","fromID":"1337819","toID":"1337821","formEdgeID":null},{"edgeID":"1753790","fromID":"1337821","toID":"1337820","formEdgeID":null},{"edgeID":"1753791","fromID":"1337824","toID":"1337823","formEdgeID":null},{"edgeID":"1753792","fromID":"1337825","toID":"1337824","formEdgeID":null},{"edgeID":"1753793","fromID":"1337823","toID":"1337826","formEdgeID":null},{"edgeID":"1753794","fromID":"1337826","toID":"1337822","formEdgeID":null},{"edgeID":"1753795","fromID":"1337782","toID":"1337827","formEdgeID":null},{"edgeID":"1753796","fromID":"1337827","toID":"1337823","formEdgeID":null},{"edgeID":"1753797","fromID":"1337822","toID":"1337828","formEdgeID":null},{"edgeID":"1753798","fromID":"1337828","toID":"1337781","formEdgeID":null},{"edgeID":"1753799","fromID":"1337827","toID":"1337829","formEdgeID":null},{"edgeID":"1753800","fromID":"1337829","toID":"1337828","formEdgeID":null}],"locutions":[]}