{"nodes":[{"nodeID":"1336646","text":"let's not forget the context of that election at which it was returned to have a referendum on independence last year","type":"I","timestamp":"2023-11-09 13:47:38"},{"nodeID":"1336647","text":"Anas Sarwar: let's not forget the context of that election last year","type":"L","timestamp":"2023-11-09 13:47:38"},{"nodeID":"1336648","text":"Analysing","type":"YA","timestamp":"2023-11-09 13:47:38"},{"nodeID":"1336649","text":"Anon: Anas Sarwar: let's not forget the context of that election last year","type":"L","timestamp":"2023-11-09 13:47:38"},{"nodeID":"1336650","text":"Asserting","type":"YA","timestamp":"2023-11-09 13:47:38"},{"nodeID":"1336651","text":"there were final active debates days before the election","type":"I","timestamp":"2023-11-09 13:47:40"},{"nodeID":"1336652","text":"Anas Sarwar: the final active debates days before the election","type":"L","timestamp":"2023-11-09 13:47:40"},{"nodeID":"1336653","text":"Analysing","type":"YA","timestamp":"2023-11-09 13:47:40"},{"nodeID":"1336654","text":"Anon: Anas Sarwar: the final active debates days before the election","type":"L","timestamp":"2023-11-09 13:47:40"},{"nodeID":"1336655","text":"Asserting","type":"YA","timestamp":"2023-11-09 13:47:40"},{"nodeID":"1336656","text":"Default Transition","type":"TA","timestamp":"2023-11-09 13:47:40"},{"nodeID":"1336657","text":"we were still in the midst of COVID when the election at which it was returned to have a referendum on independence happened","type":"I","timestamp":"2023-11-09 13:47:41"},{"nodeID":"1336658","text":"Anas Sarwar: We were still in the midst of COVID","type":"L","timestamp":"2023-11-09 13:47:41"},{"nodeID":"1336659","text":"Analysing","type":"YA","timestamp":"2023-11-09 13:47:41"},{"nodeID":"1336660","text":"Anon: Anas Sarwar: We were still in the midst of COVID","type":"L","timestamp":"2023-11-09 13:47:41"},{"nodeID":"1336661","text":"Asserting","type":"YA","timestamp":"2023-11-09 13:47:41"},{"nodeID":"1336662","text":"Default Transition","type":"TA","timestamp":"2023-11-09 13:47:41"},{"nodeID":"1336663","text":"Default Rephrase","type":"MA","timestamp":"2023-11-09 13:47:41"},{"nodeID":"1336664","text":"Restating","type":"YA","timestamp":"2023-11-09 13:47:41"},{"nodeID":"1336665","text":"you wanted Nicola Sturgeon to steer us through the pandemic","type":"I","timestamp":"2023-11-09 13:47:42"},{"nodeID":"1336666","text":"Anas Sarwar: you wanted Nicola Sturgeon to steer us through the pandemic","type":"L","timestamp":"2023-11-09 13:47:42"},{"nodeID":"1336667","text":"Analysing","type":"YA","timestamp":"2023-11-09 13:47:42"},{"nodeID":"1336668","text":"Anon: Anas Sarwar: you wanted Nicola Sturgeon to steer us through the pandemic","type":"L","timestamp":"2023-11-09 13:47:42"},{"nodeID":"1336669","text":"Asserting","type":"YA","timestamp":"2023-11-09 13:47:42"},{"nodeID":"1336670","text":"Default Transition","type":"TA","timestamp":"2023-11-09 13:47:42"},{"nodeID":"1336671","text":"you didn't support the independence","type":"I","timestamp":"2023-11-09 13:47:44"},{"nodeID":"1336672","text":"Anas Sarwar: you didn't support the independence","type":"L","timestamp":"2023-11-09 13:47:44"},{"nodeID":"1336673","text":"Analysing","type":"YA","timestamp":"2023-11-09 13:47:44"},{"nodeID":"1336674","text":"Anon: Anas Sarwar: you didn't support the independence","type":"L","timestamp":"2023-11-09 13:47:44"},{"nodeID":"1336675","text":"Asserting","type":"YA","timestamp":"2023-11-09 13:47:44"},{"nodeID":"1336676","text":"Default Transition","type":"TA","timestamp":"2023-11-09 13:47:44"},{"nodeID":"1336677","text":"you didn't support a referendum","type":"I","timestamp":"2023-11-09 13:47:45"},{"nodeID":"1336678","text":"Anas Sarwar: you didn't support a referendum","type":"L","timestamp":"2023-11-09 13:47:45"},{"nodeID":"1336679","text":"Analysing","type":"YA","timestamp":"2023-11-09 13:47:45"},{"nodeID":"1336680","text":"Anon: Anas Sarwar: you didn't support a referendum","type":"L","timestamp":"2023-11-09 13:47:45"},{"nodeID":"1336681","text":"Asserting","type":"YA","timestamp":"2023-11-09 13:47:45"},{"nodeID":"1336682","text":"one who didn't support independence or referendum but still wanted Nicola Sturgeon to lead us through pandemic should do xxx","type":"I","timestamp":"2023-11-09 13:47:46"},{"nodeID":"1336683","text":"Anas Sarwar: what should you do","type":"L","timestamp":"2023-11-09 13:47:46"},{"nodeID":"1336684","text":"Analysing","type":"YA","timestamp":"2023-11-09 13:47:46"},{"nodeID":"1336685","text":"Anon: Anas Sarwar: what should you do","type":"L","timestamp":"2023-11-09 13:47:46"},{"nodeID":"1336686","text":"Pure Questioning","type":"YA","timestamp":"2023-11-09 13:47:46"},{"nodeID":"1336687","text":"Default Conflict","type":"CA","timestamp":"2023-11-09 13:47:46"},{"nodeID":"1336688","text":"Disagreeing","type":"YA","timestamp":"2023-11-09 13:47:46"},{"nodeID":"1336689","text":"Default Transition","type":"TA","timestamp":"2023-11-09 13:47:46"},{"nodeID":"1336690","text":"people who don't support independence but want to get though the pandemic should vote for Nicola Sturgeon","type":"I","timestamp":"2023-11-09 13:47:48"},{"nodeID":"1336691","text":"Anas Sarwar: The exact words were \"They should vote for me","type":"L","timestamp":"2023-11-09 13:47:48"},{"nodeID":"1336692","text":"Analysing","type":"YA","timestamp":"2023-11-09 13:47:48"},{"nodeID":"1336693","text":"Anon: Anas Sarwar: The exact words were \"They should vote for me","type":"L","timestamp":"2023-11-09 13:47:48"},{"nodeID":"1336694","text":"Nicola Sturgeon: They should vote for me","type":"L","timestamp":"2023-11-09 13:47:48"},{"nodeID":"1336695","text":"Analysing","type":"YA","timestamp":"2023-11-09 13:47:48"},{"nodeID":"1336696","text":"Anon: Nicola Sturgeon: The exact words were \"They should vote for me","type":"L","timestamp":"2023-11-09 13:47:48"},{"nodeID":"1336697","text":"getting through COVID would be Nicola Sturgeon's priority","type":"I","timestamp":"2023-11-09 13:47:49"},{"nodeID":"1336698","text":"Anas Sarwar:  getting through COVID would be my priority","type":"L","timestamp":"2023-11-09 13:47:49"},{"nodeID":"1336699","text":"Analysing","type":"YA","timestamp":"2023-11-09 13:47:49"},{"nodeID":"1336700","text":"Anon: Anas Sarwar:  getting through COVID would be my priority","type":"L","timestamp":"2023-11-09 13:47:49"},{"nodeID":"1336701","text":"Nicola Sturgeon:  getting through COVID would be my priority","type":"L","timestamp":"2023-11-09 13:47:49"},{"nodeID":"1336702","text":"Analysing","type":"YA","timestamp":"2023-11-09 13:47:49"},{"nodeID":"1336703","text":"Anon: Nicola Sturgeon:  getting through COVID would be my priority","type":"L","timestamp":"2023-11-09 13:47:49"},{"nodeID":"1336704","text":"Default Transition","type":"TA","timestamp":"2023-11-09 13:47:49"},{"nodeID":"1336705","text":"Default Transition","type":"TA","timestamp":"2023-11-09 13:47:49"},{"nodeID":"1336706","text":"Asserting","type":"YA","timestamp":"2023-11-09 13:47:49"},{"nodeID":"1336707","text":"Asserting","type":"YA","timestamp":"2023-11-09 13:47:49"},{"nodeID":"1336708","text":"Asserting","type":"YA","timestamp":"2023-11-09 13:47:49"},{"nodeID":"1336709","text":"Asserting","type":"YA","timestamp":"2023-11-09 13:47:49"},{"nodeID":"1336710","text":"Default Inference","type":"RA","timestamp":"2023-11-09 13:47:49"},{"nodeID":"1336711","text":"Arguing","type":"YA","timestamp":"2023-11-09 13:47:49"},{"nodeID":"1336712","text":"Default Rephrase","type":"MA","timestamp":"2023-11-09 13:47:49"},{"nodeID":"1336713","text":"Default Illocuting","type":"YA","timestamp":"2023-11-09 13:47:49"},{"nodeID":"1336714","text":"Nicola Sturgeon was using the 'thank you' she was given for steering us through the pandemic","type":"I","timestamp":"2023-11-09 13:47:51"},{"nodeID":"1336715","text":"Anas Sarwar:  She was using the thank you she was given for steering us through the pandemic","type":"L","timestamp":"2023-11-09 13:47:51"},{"nodeID":"1336716","text":"Analysing","type":"YA","timestamp":"2023-11-09 13:47:51"},{"nodeID":"1336717","text":"Anon: Anas Sarwar:  She was using the thank you she was given for steering us through the pandemic","type":"L","timestamp":"2023-11-09 13:47:51"},{"nodeID":"1336718","text":"Asserting","type":"YA","timestamp":"2023-11-09 13:47:51"},{"nodeID":"1336719","text":"Nicola Sturgeon was using the promise she made about focusing the recovery","type":"I","timestamp":"2023-11-09 13:47:52"},{"nodeID":"1336720","text":"Anas Sarwar: the promise she made about focusing the recovery","type":"L","timestamp":"2023-11-09 13:47:52"},{"nodeID":"1336721","text":"Analysing","type":"YA","timestamp":"2023-11-09 13:47:52"},{"nodeID":"1336722","text":"Anon: Anas Sarwar: the promise she made about focusing the recovery","type":"L","timestamp":"2023-11-09 13:47:52"},{"nodeID":"1336723","text":"Asserting","type":"YA","timestamp":"2023-11-09 13:47:52"},{"nodeID":"1336724","text":"Default Transition","type":"TA","timestamp":"2023-11-09 13:47:52"},{"nodeID":"1336725","text":"the fact that Nicola Sturgeon is not focusing on recovery and instead wants to put Scot against Scot is not right and fair","type":"I","timestamp":"2023-11-09 13:47:53"},{"nodeID":"1336726","text":"Anas Sarwar: That is not right and fair","type":"L","timestamp":"2023-11-09 13:47:53"},{"nodeID":"1336727","text":"Analysing","type":"YA","timestamp":"2023-11-09 13:47:53"},{"nodeID":"1336728","text":"Anon: Anas Sarwar: That is not right and fair","type":"L","timestamp":"2023-11-09 13:47:53"},{"nodeID":"1336729","text":"Asserting","type":"YA","timestamp":"2023-11-09 13:47:53"},{"nodeID":"1336730","text":"we come straight through COVID and have been plunged into an economic crisis where people are risking their jobs, homes and livelihoods","type":"I","timestamp":"2023-11-09 13:47:55"},{"nodeID":"1336731","text":"Anas Sarwar:  We come straight through COVID and have been plunged into an economic crisis where people are risking their jobs, homes and livelihoods","type":"L","timestamp":"2023-11-09 13:47:55"},{"nodeID":"1336732","text":"Analysing","type":"YA","timestamp":"2023-11-09 13:47:55"},{"nodeID":"1336733","text":"Anon: Anas Sarwar:  We come straight through COVID and have been plunged into an economic crisis where people are risking their jobs, homes and livelihoods","type":"L","timestamp":"2023-11-09 13:47:55"},{"nodeID":"1336734","text":"Asserting","type":"YA","timestamp":"2023-11-09 13:47:55"},{"nodeID":"1336735","text":"Default Transition","type":"TA","timestamp":"2023-11-09 13:47:55"},{"nodeID":"1336736","text":"Default Inference","type":"RA","timestamp":"2023-11-09 13:47:55"},{"nodeID":"1336737","text":"Arguing","type":"YA","timestamp":"2023-11-09 13:47:55"},{"nodeID":"1336738","text":"Nicola Sturgeon wants us to open the conversation about Scottish independence all up again","type":"I","timestamp":"2023-11-09 13:47:56"},{"nodeID":"1336739","text":"Anas Sarwar: you want us to open that all up again","type":"L","timestamp":"2023-11-09 13:47:56"},{"nodeID":"1336740","text":"Analysing","type":"YA","timestamp":"2023-11-09 13:47:56"},{"nodeID":"1336741","text":"Anon: Anas Sarwar: you want us to open that all up again","type":"L","timestamp":"2023-11-09 13:47:56"},{"nodeID":"1336742","text":"Asserting","type":"YA","timestamp":"2023-11-09 13:47:56"},{"nodeID":"1336743","text":"Default Transition","type":"TA","timestamp":"2023-11-09 13:47:56"},{"nodeID":"1336744","text":"Default Conflict","type":"CA","timestamp":"2023-11-09 13:47:56"},{"nodeID":"1336745","text":"Disagreeing","type":"YA","timestamp":"2023-11-09 13:47:56"},{"nodeID":"1336746","text":"the fact that Nicola Sturgeon wants us to open the conversation about Scottish independence all up again is not fair","type":"I","timestamp":"2023-11-09 13:47:58"},{"nodeID":"1336747","text":"Anas Sarwar: That's not fair","type":"L","timestamp":"2023-11-09 13:47:58"},{"nodeID":"1336748","text":"Analysing","type":"YA","timestamp":"2023-11-09 13:47:58"},{"nodeID":"1336749","text":"Anon: Anas Sarwar: That's not fair","type":"L","timestamp":"2023-11-09 13:47:58"},{"nodeID":"1336750","text":"Asserting","type":"YA","timestamp":"2023-11-09 13:47:58"},{"nodeID":"1336751","text":"Default Transition","type":"TA","timestamp":"2023-11-09 13:47:58"},{"nodeID":"1336752","text":"Default Rephrase","type":"MA","timestamp":"2023-11-09 13:47:58"},{"nodeID":"1336753","text":"Restating","type":"YA","timestamp":"2023-11-09 13:47:58"},{"nodeID":"1336754","text":"Default Transition","type":"TA","timestamp":"2023-11-09 13:47:58"},{"nodeID":"1336755","text":"Default Rephrase","type":"MA","timestamp":"2023-11-09 13:47:58"},{"nodeID":"1336756","text":"Restating","type":"YA","timestamp":"2023-11-09 13:47:58"},{"nodeID":"1336757","text":"Anas Sarwar's recollection is a bit of a selective recollection of the 2021 election campaign","type":"I","timestamp":"2023-11-09 13:47:59"},{"nodeID":"1336758","text":"John Swinney: It is a bit of a selective recollection of the 2021 election campaign","type":"L","timestamp":"2023-11-09 13:47:59"},{"nodeID":"1336759","text":"Analysing","type":"YA","timestamp":"2023-11-09 13:47:59"},{"nodeID":"1336760","text":"Anon: John Swinney: It is a bit of a selective recollection of the 2021 election campaign","type":"L","timestamp":"2023-11-09 13:47:59"},{"nodeID":"1336761","text":"Asserting","type":"YA","timestamp":"2023-11-09 13:47:59"},{"nodeID":"1336762","text":"Default Transition","type":"TA","timestamp":"2023-11-09 13:47:59"},{"nodeID":"1336763","text":"vote for conservatives to stop a referendum on independence","type":"I","timestamp":"2023-11-09 13:48:00"},{"nodeID":"1336764","text":"John Swinney: Both yourselves and the Conservatives -- especially the Conservatives -- put out endless literature saying: Vote for us to stop a referendum on independence","type":"L","timestamp":"2023-11-09 13:48:00"},{"nodeID":"1336765","text":"Analysing","type":"YA","timestamp":"2023-11-09 13:48:00"},{"nodeID":"1336766","text":"Anon: John Swinney: Both yourselves and the Conservatives -- especially the Conservatives -- put out endless literature saying: Vote for us to stop a referendum on independence","type":"L","timestamp":"2023-11-09 13:48:00"},{"nodeID":"1336767","text":"Conservatives  : Vote for us to stop a referendum on independence","type":"L","timestamp":"2023-11-09 13:48:00"},{"nodeID":"1336768","text":"Analysing","type":"YA","timestamp":"2023-11-09 13:48:00"},{"nodeID":"1336769","text":"Anon: Conservatives  : Both yourselves and the Conservatives -- especially the Conservatives -- put out endless literature saying: Vote for us to stop a referendum on independence","type":"L","timestamp":"2023-11-09 13:48:00"},{"nodeID":"1336770","text":"Default Transition","type":"TA","timestamp":"2023-11-09 13:48:00"},{"nodeID":"1336771","text":"Asserting","type":"YA","timestamp":"2023-11-09 13:48:00"},{"nodeID":"1336772","text":"Asserting","type":"YA","timestamp":"2023-11-09 13:48:00"},{"nodeID":"1336773","text":"it doesn't matter what was in John Swinney's manifesto","type":"I","timestamp":"2023-11-09 13:48:02"},{"nodeID":"1336774","text":"John Swinney: Regardless of what was in my manifesto","type":"L","timestamp":"2023-11-09 13:48:02"},{"nodeID":"1336775","text":"Analysing","type":"YA","timestamp":"2023-11-09 13:48:02"},{"nodeID":"1336776","text":"Anon: John Swinney: Regardless of what was in my manifesto","type":"L","timestamp":"2023-11-09 13:48:02"},{"nodeID":"1336777","text":"Asserting","type":"YA","timestamp":"2023-11-09 13:48:02"},{"nodeID":"1336778","text":"Default Transition","type":"TA","timestamp":"2023-11-09 13:48:02"},{"nodeID":"1336779","text":"John Swinney in his manifesto said that there should be a referendum on independence","type":"I","timestamp":"2023-11-09 13:48:03"},{"nodeID":"1336780","text":"John Swinney:  there should be a referendum on independence","type":"L","timestamp":"2023-11-09 13:48:03"},{"nodeID":"1336781","text":"Analysing","type":"YA","timestamp":"2023-11-09 13:48:03"},{"nodeID":"1336782","text":"Anon: John Swinney:  there should be a referendum on independence","type":"L","timestamp":"2023-11-09 13:48:03"},{"nodeID":"1336783","text":"Asserting","type":"YA","timestamp":"2023-11-09 13:48:03"},{"nodeID":"1336784","text":"Default Transition","type":"TA","timestamp":"2023-11-09 13:48:03"},{"nodeID":"1336785","text":"Default Conflict","type":"CA","timestamp":"2023-11-09 13:48:03"},{"nodeID":"1336786","text":"Disagreeing","type":"YA","timestamp":"2023-11-09 13:48:03"},{"nodeID":"1336787","text":"the Labour Party, Conservatives and the Liberals majored on the party that their parties should be supported to stop a referendum","type":"I","timestamp":"2023-11-09 13:48:04"},{"nodeID":"1336788","text":"John Swinney: the Labour Party, Conservatives and the Liberals majored on the party that their parties should be supported to stop a referendum","type":"L","timestamp":"2023-11-09 13:48:04"},{"nodeID":"1336789","text":"Analysing","type":"YA","timestamp":"2023-11-09 13:48:04"},{"nodeID":"1336790","text":"Anon: John Swinney: the Labour Party, Conservatives and the Liberals majored on the party that their parties should be supported to stop a referendum","type":"L","timestamp":"2023-11-09 13:48:04"},{"nodeID":"1336791","text":"Asserting","type":"YA","timestamp":"2023-11-09 13:48:04"},{"nodeID":"1336792","text":"Default Transition","type":"TA","timestamp":"2023-11-09 13:48:04"},{"nodeID":"1336793","text":"Default Rephrase","type":"MA","timestamp":"2023-11-09 13:48:04"},{"nodeID":"1336794","text":"Restating","type":"YA","timestamp":"2023-11-09 13:48:04"},{"nodeID":"1336795","text":"Default Transition","type":"TA","timestamp":"2023-11-09 13:48:04"},{"nodeID":"1336796","text":"Default Conflict","type":"CA","timestamp":"2023-11-09 13:48:04"},{"nodeID":"1336797","text":"Disagreeing","type":"YA","timestamp":"2023-11-09 13:48:04"},{"nodeID":"1336798","text":"Default Transition","type":"TA","timestamp":"2023-11-09 13:48:04"},{"nodeID":"1336799","text":"Default Rephrase","type":"MA","timestamp":"2023-11-09 13:48:04"},{"nodeID":"1336800","text":"Restating","type":"YA","timestamp":"2023-11-09 13:48:04"},{"nodeID":"1336801","text":"Nicola Sturgeon is not going back to the pre-passage","type":"I","timestamp":"2023-11-09 13:48:06"},{"nodeID":"1336802","text":"Anas Sarwar: instead going back to the pre-passage","type":"L","timestamp":"2023-11-09 13:48:06"},{"nodeID":"1336803","text":"Analysing","type":"YA","timestamp":"2023-11-09 13:48:06"},{"nodeID":"1336804","text":"Anon: Anas Sarwar: instead going back to the pre-passage","type":"L","timestamp":"2023-11-09 13:48:06"},{"nodeID":"1336805","text":"Asserting","type":"YA","timestamp":"2023-11-09 13:48:06"},{"nodeID":"1336806","text":"Nicola Sturgeon wants to put Scot against Scot","type":"I","timestamp":"2023-11-09 13:48:07"},{"nodeID":"1336807","text":"Anas Sarwar: Nicola Sturgeon who wants to put Scot against Scot","type":"L","timestamp":"2023-11-09 13:48:07"},{"nodeID":"1336808","text":"Analysing","type":"YA","timestamp":"2023-11-09 13:48:07"},{"nodeID":"1336809","text":"Anon: Anas Sarwar: Nicola Sturgeon who wants to put Scot against Scot","type":"L","timestamp":"2023-11-09 13:48:07"},{"nodeID":"1336810","text":"Asserting","type":"YA","timestamp":"2023-11-09 13:48:07"},{"nodeID":"1336811","text":"Default Transition","type":"TA","timestamp":"2023-11-09 13:48:07"},{"nodeID":"1336812","text":"Default Conflict","type":"CA","timestamp":"2023-11-09 13:48:07"},{"nodeID":"1336813","text":"Disagreeing","type":"YA","timestamp":"2023-11-09 13:48:07"},{"nodeID":"1336814","text":"Default Transition","type":"TA","timestamp":"2023-11-09 13:48:07"},{"nodeID":"1336815","text":"Default Rephrase","type":"MA","timestamp":"2023-11-09 13:48:07"},{"nodeID":"1336816","text":"Restating","type":"YA","timestamp":"2023-11-09 13:48:07"},{"nodeID":"1336817","text":"Default Transition","type":"TA","timestamp":"2023-11-09 13:48:07"},{"nodeID":"1336818","text":"Default Transition","type":"TA","timestamp":"2023-11-09 13:48:07"}],"edges":[{"edgeID":"1752386","fromID":"1336648","toID":"1336647","formEdgeID":null},{"edgeID":"1752387","fromID":"1336649","toID":"1336648","formEdgeID":null},{"edgeID":"1752388","fromID":"1336647","toID":"1336650","formEdgeID":null},{"edgeID":"1752389","fromID":"1336650","toID":"1336646","formEdgeID":null},{"edgeID":"1752390","fromID":"1336653","toID":"1336652","formEdgeID":null},{"edgeID":"1752391","fromID":"1336654","toID":"1336653","formEdgeID":null},{"edgeID":"1752392","fromID":"1336652","toID":"1336655","formEdgeID":null},{"edgeID":"1752393","fromID":"1336655","toID":"1336651","formEdgeID":null},{"edgeID":"1752394","fromID":"1336647","toID":"1336656","formEdgeID":null},{"edgeID":"1752395","fromID":"1336656","toID":"1336652","formEdgeID":null},{"edgeID":"1752396","fromID":"1336659","toID":"1336658","formEdgeID":null},{"edgeID":"1752397","fromID":"1336660","toID":"1336659","formEdgeID":null},{"edgeID":"1752398","fromID":"1336658","toID":"1336661","formEdgeID":null},{"edgeID":"1752399","fromID":"1336661","toID":"1336657","formEdgeID":null},{"edgeID":"1752400","fromID":"1336647","toID":"1336662","formEdgeID":null},{"edgeID":"1752401","fromID":"1336662","toID":"1336658","formEdgeID":null},{"edgeID":"1752402","fromID":"1336657","toID":"1336663","formEdgeID":null},{"edgeID":"1752403","fromID":"1336663","toID":"1336646","formEdgeID":null},{"edgeID":"1752404","fromID":"1336662","toID":"1336664","formEdgeID":null},{"edgeID":"1752405","fromID":"1336664","toID":"1336663","formEdgeID":null},{"edgeID":"1752406","fromID":"1336667","toID":"1336666","formEdgeID":null},{"edgeID":"1752407","fromID":"1336668","toID":"1336667","formEdgeID":null},{"edgeID":"1752408","fromID":"1336666","toID":"1336669","formEdgeID":null},{"edgeID":"1752409","fromID":"1336669","toID":"1336665","formEdgeID":null},{"edgeID":"1752410","fromID":"1336658","toID":"1336670","formEdgeID":null},{"edgeID":"1752411","fromID":"1336670","toID":"1336666","formEdgeID":null},{"edgeID":"1752412","fromID":"1336673","toID":"1336672","formEdgeID":null},{"edgeID":"1752413","fromID":"1336674","toID":"1336673","formEdgeID":null},{"edgeID":"1752414","fromID":"1336672","toID":"1336675","formEdgeID":null},{"edgeID":"1752415","fromID":"1336675","toID":"1336671","formEdgeID":null},{"edgeID":"1752416","fromID":"1336666","toID":"1336676","formEdgeID":null},{"edgeID":"1752417","fromID":"1336676","toID":"1336672","formEdgeID":null},{"edgeID":"1752418","fromID":"1336679","toID":"1336678","formEdgeID":null},{"edgeID":"1752419","fromID":"1336680","toID":"1336679","formEdgeID":null},{"edgeID":"1752420","fromID":"1336678","toID":"1336681","formEdgeID":null},{"edgeID":"1752421","fromID":"1336681","toID":"1336677","formEdgeID":null},{"edgeID":"1752422","fromID":"1336684","toID":"1336683","formEdgeID":null},{"edgeID":"1752423","fromID":"1336685","toID":"1336684","formEdgeID":null},{"edgeID":"1752424","fromID":"1336683","toID":"1336686","formEdgeID":null},{"edgeID":"1752425","fromID":"1336686","toID":"1336682","formEdgeID":null},{"edgeID":"1752426","fromID":"1336671","toID":"1336687","formEdgeID":null},{"edgeID":"1752427","fromID":"1336687","toID":"1336665","formEdgeID":null},{"edgeID":"1752428","fromID":"1336676","toID":"1336688","formEdgeID":null},{"edgeID":"1752429","fromID":"1336688","toID":"1336687","formEdgeID":null},{"edgeID":"1752430","fromID":"1336678","toID":"1336689","formEdgeID":null},{"edgeID":"1752431","fromID":"1336689","toID":"1336683","formEdgeID":null},{"edgeID":"1752432","fromID":"1336692","toID":"1336691","formEdgeID":null},{"edgeID":"1752433","fromID":"1336693","toID":"1336692","formEdgeID":null},{"edgeID":"1752434","fromID":"1336695","toID":"1336694","formEdgeID":null},{"edgeID":"1752435","fromID":"1336696","toID":"1336695","formEdgeID":null},{"edgeID":"1752436","fromID":"1336699","toID":"1336698","formEdgeID":null},{"edgeID":"1752437","fromID":"1336700","toID":"1336699","formEdgeID":null},{"edgeID":"1752438","fromID":"1336702","toID":"1336701","formEdgeID":null},{"edgeID":"1752439","fromID":"1336703","toID":"1336702","formEdgeID":null},{"edgeID":"1752440","fromID":"1336683","toID":"1336704","formEdgeID":null},{"edgeID":"1752441","fromID":"1336704","toID":"1336691","formEdgeID":null},{"edgeID":"1752442","fromID":"1336691","toID":"1336705","formEdgeID":null},{"edgeID":"1752443","fromID":"1336705","toID":"1336698","formEdgeID":null},{"edgeID":"1752444","fromID":"1336691","toID":"1336706","formEdgeID":null},{"edgeID":"1752445","fromID":"1336706","toID":"1336694","formEdgeID":null},{"edgeID":"1752446","fromID":"1336698","toID":"1336707","formEdgeID":null},{"edgeID":"1752447","fromID":"1336707","toID":"1336701","formEdgeID":null},{"edgeID":"1752448","fromID":"1336701","toID":"1336708","formEdgeID":null},{"edgeID":"1752449","fromID":"1336708","toID":"1336697","formEdgeID":null},{"edgeID":"1752450","fromID":"1336694","toID":"1336709","formEdgeID":null},{"edgeID":"1752451","fromID":"1336709","toID":"1336690","formEdgeID":null},{"edgeID":"1752452","fromID":"1336697","toID":"1336710","formEdgeID":null},{"edgeID":"1752453","fromID":"1336710","toID":"1336690","formEdgeID":null},{"edgeID":"1752454","fromID":"1336705","toID":"1336711","formEdgeID":null},{"edgeID":"1752455","fromID":"1336711","toID":"1336710","formEdgeID":null},{"edgeID":"1752456","fromID":"1336690","toID":"1336712","formEdgeID":null},{"edgeID":"1752457","fromID":"1336712","toID":"1336682","formEdgeID":null},{"edgeID":"1752458","fromID":"1336704","toID":"1336713","formEdgeID":null},{"edgeID":"1752459","fromID":"1336713","toID":"1336712","formEdgeID":null},{"edgeID":"1752460","fromID":"1336716","toID":"1336715","formEdgeID":null},{"edgeID":"1752461","fromID":"1336717","toID":"1336716","formEdgeID":null},{"edgeID":"1752462","fromID":"1336715","toID":"1336718","formEdgeID":null},{"edgeID":"1752463","fromID":"1336718","toID":"1336714","formEdgeID":null},{"edgeID":"1752464","fromID":"1336721","toID":"1336720","formEdgeID":null},{"edgeID":"1752465","fromID":"1336722","toID":"1336721","formEdgeID":null},{"edgeID":"1752466","fromID":"1336720","toID":"1336723","formEdgeID":null},{"edgeID":"1752467","fromID":"1336723","toID":"1336719","formEdgeID":null},{"edgeID":"1752468","fromID":"1336715","toID":"1336724","formEdgeID":null},{"edgeID":"1752469","fromID":"1336724","toID":"1336720","formEdgeID":null},{"edgeID":"1752470","fromID":"1336727","toID":"1336726","formEdgeID":null},{"edgeID":"1752471","fromID":"1336728","toID":"1336727","formEdgeID":null},{"edgeID":"1752472","fromID":"1336726","toID":"1336729","formEdgeID":null},{"edgeID":"1752473","fromID":"1336729","toID":"1336725","formEdgeID":null},{"edgeID":"1752474","fromID":"1336732","toID":"1336731","formEdgeID":null},{"edgeID":"1752475","fromID":"1336733","toID":"1336732","formEdgeID":null},{"edgeID":"1752476","fromID":"1336731","toID":"1336734","formEdgeID":null},{"edgeID":"1752477","fromID":"1336734","toID":"1336730","formEdgeID":null},{"edgeID":"1752478","fromID":"1336726","toID":"1336735","formEdgeID":null},{"edgeID":"1752479","fromID":"1336735","toID":"1336731","formEdgeID":null},{"edgeID":"1752480","fromID":"1336730","toID":"1336736","formEdgeID":null},{"edgeID":"1752481","fromID":"1336736","toID":"1336725","formEdgeID":null},{"edgeID":"1752482","fromID":"1336735","toID":"1336737","formEdgeID":null},{"edgeID":"1752483","fromID":"1336737","toID":"1336736","formEdgeID":null},{"edgeID":"1752484","fromID":"1336740","toID":"1336739","formEdgeID":null},{"edgeID":"1752485","fromID":"1336741","toID":"1336740","formEdgeID":null},{"edgeID":"1752486","fromID":"1336739","toID":"1336742","formEdgeID":null},{"edgeID":"1752487","fromID":"1336742","toID":"1336738","formEdgeID":null},{"edgeID":"1752488","fromID":"1336731","toID":"1336743","formEdgeID":null},{"edgeID":"1752489","fromID":"1336743","toID":"1336739","formEdgeID":null},{"edgeID":"1752490","fromID":"1336738","toID":"1336744","formEdgeID":null},{"edgeID":"1752491","fromID":"1336744","toID":"1336730","formEdgeID":null},{"edgeID":"1752492","fromID":"1336743","toID":"1336745","formEdgeID":null},{"edgeID":"1752493","fromID":"1336745","toID":"1336744","formEdgeID":null},{"edgeID":"1752494","fromID":"1336748","toID":"1336747","formEdgeID":null},{"edgeID":"1752495","fromID":"1336749","toID":"1336748","formEdgeID":null},{"edgeID":"1752496","fromID":"1336747","toID":"1336750","formEdgeID":null},{"edgeID":"1752497","fromID":"1336750","toID":"1336746","formEdgeID":null},{"edgeID":"1752498","fromID":"1336739","toID":"1336751","formEdgeID":null},{"edgeID":"1752499","fromID":"1336751","toID":"1336747","formEdgeID":null},{"edgeID":"1752500","fromID":"1336746","toID":"1336752","formEdgeID":null},{"edgeID":"1752501","fromID":"1336752","toID":"1336738","formEdgeID":null},{"edgeID":"1752502","fromID":"1336751","toID":"1336753","formEdgeID":null},{"edgeID":"1752503","fromID":"1336753","toID":"1336752","formEdgeID":null},{"edgeID":"1752504","fromID":"1336726","toID":"1336754","formEdgeID":null},{"edgeID":"1752505","fromID":"1336754","toID":"1336747","formEdgeID":null},{"edgeID":"1752506","fromID":"1336746","toID":"1336755","formEdgeID":null},{"edgeID":"1752507","fromID":"1336755","toID":"1336725","formEdgeID":null},{"edgeID":"1752508","fromID":"1336754","toID":"1336756","formEdgeID":null},{"edgeID":"1752509","fromID":"1336756","toID":"1336755","formEdgeID":null},{"edgeID":"1752510","fromID":"1336759","toID":"1336758","formEdgeID":null},{"edgeID":"1752511","fromID":"1336760","toID":"1336759","formEdgeID":null},{"edgeID":"1752512","fromID":"1336758","toID":"1336761","formEdgeID":null},{"edgeID":"1752513","fromID":"1336761","toID":"1336757","formEdgeID":null},{"edgeID":"1752514","fromID":"1336747","toID":"1336762","formEdgeID":null},{"edgeID":"1752515","fromID":"1336762","toID":"1336758","formEdgeID":null},{"edgeID":"1752516","fromID":"1336765","toID":"1336764","formEdgeID":null},{"edgeID":"1752517","fromID":"1336766","toID":"1336765","formEdgeID":null},{"edgeID":"1752518","fromID":"1336768","toID":"1336767","formEdgeID":null},{"edgeID":"1752519","fromID":"1336769","toID":"1336768","formEdgeID":null},{"edgeID":"1752520","fromID":"1336758","toID":"1336770","formEdgeID":null},{"edgeID":"1752521","fromID":"1336770","toID":"1336764","formEdgeID":null},{"edgeID":"1752522","fromID":"1336764","toID":"1336771","formEdgeID":null},{"edgeID":"1752523","fromID":"1336771","toID":"1336767","formEdgeID":null},{"edgeID":"1752524","fromID":"1336767","toID":"1336772","formEdgeID":null},{"edgeID":"1752525","fromID":"1336772","toID":"1336763","formEdgeID":null},{"edgeID":"1752526","fromID":"1336775","toID":"1336774","formEdgeID":null},{"edgeID":"1752527","fromID":"1336776","toID":"1336775","formEdgeID":null},{"edgeID":"1752528","fromID":"1336774","toID":"1336777","formEdgeID":null},{"edgeID":"1752529","fromID":"1336777","toID":"1336773","formEdgeID":null},{"edgeID":"1752530","fromID":"1336764","toID":"1336778","formEdgeID":null},{"edgeID":"1752531","fromID":"1336778","toID":"1336774","formEdgeID":null},{"edgeID":"1752532","fromID":"1336781","toID":"1336780","formEdgeID":null},{"edgeID":"1752533","fromID":"1336782","toID":"1336781","formEdgeID":null},{"edgeID":"1752534","fromID":"1336780","toID":"1336783","formEdgeID":null},{"edgeID":"1752535","fromID":"1336783","toID":"1336779","formEdgeID":null},{"edgeID":"1752536","fromID":"1336774","toID":"1336784","formEdgeID":null},{"edgeID":"1752537","fromID":"1336784","toID":"1336780","formEdgeID":null},{"edgeID":"1752538","fromID":"1336779","toID":"1336785","formEdgeID":null},{"edgeID":"1752539","fromID":"1336785","toID":"1336773","formEdgeID":null},{"edgeID":"1752540","fromID":"1336784","toID":"1336786","formEdgeID":null},{"edgeID":"1752541","fromID":"1336786","toID":"1336785","formEdgeID":null},{"edgeID":"1752542","fromID":"1336789","toID":"1336788","formEdgeID":null},{"edgeID":"1752543","fromID":"1336790","toID":"1336789","formEdgeID":null},{"edgeID":"1752544","fromID":"1336788","toID":"1336791","formEdgeID":null},{"edgeID":"1752545","fromID":"1336791","toID":"1336787","formEdgeID":null},{"edgeID":"1752546","fromID":"1336764","toID":"1336792","formEdgeID":null},{"edgeID":"1752547","fromID":"1336792","toID":"1336788","formEdgeID":null},{"edgeID":"1752548","fromID":"1336787","toID":"1336793","formEdgeID":null},{"edgeID":"1752549","fromID":"1336793","toID":"1336763","formEdgeID":null},{"edgeID":"1752550","fromID":"1336792","toID":"1336794","formEdgeID":null},{"edgeID":"1752551","fromID":"1336794","toID":"1336793","formEdgeID":null},{"edgeID":"1752552","fromID":"1336780","toID":"1336795","formEdgeID":null},{"edgeID":"1752553","fromID":"1336795","toID":"1336788","formEdgeID":null},{"edgeID":"1752554","fromID":"1336787","toID":"1336796","formEdgeID":null},{"edgeID":"1752555","fromID":"1336796","toID":"1336779","formEdgeID":null},{"edgeID":"1752556","fromID":"1336795","toID":"1336797","formEdgeID":null},{"edgeID":"1752557","fromID":"1336797","toID":"1336796","formEdgeID":null},{"edgeID":"1752558","fromID":"1336672","toID":"1336798","formEdgeID":null},{"edgeID":"1752559","fromID":"1336798","toID":"1336678","formEdgeID":null},{"edgeID":"1752560","fromID":"1336677","toID":"1336799","formEdgeID":null},{"edgeID":"1752561","fromID":"1336799","toID":"1336671","formEdgeID":null},{"edgeID":"1752562","fromID":"1336798","toID":"1336800","formEdgeID":null},{"edgeID":"1752563","fromID":"1336800","toID":"1336799","formEdgeID":null},{"edgeID":"1752564","fromID":"1336803","toID":"1336802","formEdgeID":null},{"edgeID":"1752565","fromID":"1336804","toID":"1336803","formEdgeID":null},{"edgeID":"1752566","fromID":"1336802","toID":"1336805","formEdgeID":null},{"edgeID":"1752567","fromID":"1336805","toID":"1336801","formEdgeID":null},{"edgeID":"1752568","fromID":"1336808","toID":"1336807","formEdgeID":null},{"edgeID":"1752569","fromID":"1336809","toID":"1336808","formEdgeID":null},{"edgeID":"1752570","fromID":"1336807","toID":"1336810","formEdgeID":null},{"edgeID":"1752571","fromID":"1336810","toID":"1336806","formEdgeID":null},{"edgeID":"1752572","fromID":"1336698","toID":"1336811","formEdgeID":null},{"edgeID":"1752573","fromID":"1336811","toID":"1336802","formEdgeID":null},{"edgeID":"1752574","fromID":"1336801","toID":"1336812","formEdgeID":null},{"edgeID":"1752575","fromID":"1336812","toID":"1336697","formEdgeID":null},{"edgeID":"1752576","fromID":"1336811","toID":"1336813","formEdgeID":null},{"edgeID":"1752577","fromID":"1336813","toID":"1336812","formEdgeID":null},{"edgeID":"1752578","fromID":"1336726","toID":"1336814","formEdgeID":null},{"edgeID":"1752579","fromID":"1336814","toID":"1336807","formEdgeID":null},{"edgeID":"1752580","fromID":"1336725","toID":"1336815","formEdgeID":null},{"edgeID":"1752581","fromID":"1336815","toID":"1336806","formEdgeID":null},{"edgeID":"1752582","fromID":"1336814","toID":"1336816","formEdgeID":null},{"edgeID":"1752583","fromID":"1336816","toID":"1336815","formEdgeID":null},{"edgeID":"1752584","fromID":"1336802","toID":"1336817","formEdgeID":null},{"edgeID":"1752585","fromID":"1336817","toID":"1336807","formEdgeID":null},{"edgeID":"1752586","fromID":"1336698","toID":"1336818","formEdgeID":null},{"edgeID":"1752587","fromID":"1336818","toID":"1336715","formEdgeID":null}],"locutions":[]}