{"nodes":[{"nodeID":"1336551","text":"Brexit was about running sovereignty","type":"I","timestamp":"2023-11-09 13:47:17"},{"nodeID":"1336552","text":"AudienceMember 20221020QT41: Brexit was about running sovereignty","type":"L","timestamp":"2023-11-09 13:47:17"},{"nodeID":"1336553","text":"Analysing","type":"YA","timestamp":"2023-11-09 13:47:17"},{"nodeID":"1336554","text":"Anon: AudienceMember 20221020QT41: Brexit was about running sovereignty","type":"L","timestamp":"2023-11-09 13:47:17"},{"nodeID":"1336555","text":"Asserting","type":"YA","timestamp":"2023-11-09 13:47:17"},{"nodeID":"1336556","text":"Brexit was about getting UK's borders back","type":"I","timestamp":"2023-11-09 13:47:19"},{"nodeID":"1336557","text":"AudienceMember 20221020QT41: getting your borders back","type":"L","timestamp":"2023-11-09 13:47:19"},{"nodeID":"1336558","text":"Analysing","type":"YA","timestamp":"2023-11-09 13:47:19"},{"nodeID":"1336559","text":"Anon: AudienceMember 20221020QT41: getting your borders back","type":"L","timestamp":"2023-11-09 13:47:19"},{"nodeID":"1336560","text":"Asserting","type":"YA","timestamp":"2023-11-09 13:47:19"},{"nodeID":"1336561","text":"Default Transition","type":"TA","timestamp":"2023-11-09 13:47:19"},{"nodeID":"1336562","text":"the rhetoric that happened in 2014 for Brexit wasn't as divisive as the 2016 referendum for Scottish independence","type":"I","timestamp":"2023-11-09 13:47:20"},{"nodeID":"1336563","text":"AudienceMember 20221020QT41: I don't think the rhetoric that happened in 2014 was as divisive as the 2016 referendum","type":"L","timestamp":"2023-11-09 13:47:20"},{"nodeID":"1336564","text":"Analysing","type":"YA","timestamp":"2023-11-09 13:47:20"},{"nodeID":"1336565","text":"Anon: AudienceMember 20221020QT41: I don't think the rhetoric that happened in 2014 was as divisive as the 2016 referendum","type":"L","timestamp":"2023-11-09 13:47:20"},{"nodeID":"1336566","text":"Asserting","type":"YA","timestamp":"2023-11-09 13:47:20"},{"nodeID":"1336567","text":"Default Transition","type":"TA","timestamp":"2023-11-09 13:47:20"},{"nodeID":"1336568","text":"Default Rephrase","type":"MA","timestamp":"2023-11-09 13:47:20"},{"nodeID":"1336569","text":"Restating","type":"YA","timestamp":"2023-11-09 13:47:20"},{"nodeID":"1336570","text":"what Douglas Ross stood for as a Tory for Brexit is what we want in Scotland","type":"I","timestamp":"2023-11-09 13:47:22"},{"nodeID":"1336571","text":"AudienceMember 20221020QT41: What you stood for as a Tory for Brexit is what we want in Scotland","type":"L","timestamp":"2023-11-09 13:47:22"},{"nodeID":"1336572","text":"Analysing","type":"YA","timestamp":"2023-11-09 13:47:22"},{"nodeID":"1336573","text":"Anon: AudienceMember 20221020QT41: What you stood for as a Tory for Brexit is what we want in Scotland","type":"L","timestamp":"2023-11-09 13:47:22"},{"nodeID":"1336574","text":"Asserting","type":"YA","timestamp":"2023-11-09 13:47:22"},{"nodeID":"1336575","text":"Default Transition","type":"TA","timestamp":"2023-11-09 13:47:22"},{"nodeID":"1336576","text":"we want to be sovereign and make our own mistakes and make our own way forward","type":"I","timestamp":"2023-11-09 13:47:23"},{"nodeID":"1336577","text":"AudienceMember 20221020QT41: We want to be sovereign and make our own mistakes and make our own way forward","type":"L","timestamp":"2023-11-09 13:47:23"},{"nodeID":"1336578","text":"Analysing","type":"YA","timestamp":"2023-11-09 13:47:23"},{"nodeID":"1336579","text":"Anon: AudienceMember 20221020QT41: We want to be sovereign and make our own mistakes and make our own way forward","type":"L","timestamp":"2023-11-09 13:47:23"},{"nodeID":"1336580","text":"Asserting","type":"YA","timestamp":"2023-11-09 13:47:23"},{"nodeID":"1336581","text":"Default Transition","type":"TA","timestamp":"2023-11-09 13:47:23"},{"nodeID":"1336582","text":"Default Rephrase","type":"MA","timestamp":"2023-11-09 13:47:23"},{"nodeID":"1336583","text":"Restating","type":"YA","timestamp":"2023-11-09 13:47:23"},{"nodeID":"1336584","text":"we had that debate","type":"I","timestamp":"2023-11-09 13:47:25"},{"nodeID":"1336585","text":"Douglas Ross:  We had that debate","type":"L","timestamp":"2023-11-09 13:47:25"},{"nodeID":"1336586","text":"Analysing","type":"YA","timestamp":"2023-11-09 13:47:25"},{"nodeID":"1336587","text":"Anon: Douglas Ross:  We had that debate","type":"L","timestamp":"2023-11-09 13:47:25"},{"nodeID":"1336588","text":"Asserting","type":"YA","timestamp":"2023-11-09 13:47:25"},{"nodeID":"1336589","text":"Default Transition","type":"TA","timestamp":"2023-11-09 13:47:25"},{"nodeID":"1336590","text":"we had that discussion","type":"I","timestamp":"2023-11-09 13:47:26"},{"nodeID":"1336591","text":"Douglas Ross: We had that discussion","type":"L","timestamp":"2023-11-09 13:47:26"},{"nodeID":"1336592","text":"Analysing","type":"YA","timestamp":"2023-11-09 13:47:26"},{"nodeID":"1336593","text":"Anon: Douglas Ross: We had that discussion","type":"L","timestamp":"2023-11-09 13:47:26"},{"nodeID":"1336594","text":"Asserting","type":"YA","timestamp":"2023-11-09 13:47:26"},{"nodeID":"1336595","text":"Default Transition","type":"TA","timestamp":"2023-11-09 13:47:26"},{"nodeID":"1336596","text":"Default Rephrase","type":"MA","timestamp":"2023-11-09 13:47:26"},{"nodeID":"1336597","text":"Restating","type":"YA","timestamp":"2023-11-09 13:47:26"},{"nodeID":"1336598","text":"the Smith Commission delivered more powers to the Scottish Parliament","type":"I","timestamp":"2023-11-09 13:47:27"},{"nodeID":"1336599","text":"Douglas Ross:  John also mentioned about the Smith Commission delivering more powers","type":"L","timestamp":"2023-11-09 13:47:27"},{"nodeID":"1336600","text":"Analysing","type":"YA","timestamp":"2023-11-09 13:47:27"},{"nodeID":"1336601","text":"Anon: Douglas Ross:  John also mentioned about the Smith Commission delivering more powers","type":"L","timestamp":"2023-11-09 13:47:27"},{"nodeID":"1336602","text":"Default Transition","type":"TA","timestamp":"2023-11-09 13:47:27"},{"nodeID":"1336603","text":"John Swinney: the Smith Commission delivered more powers to the Scottish Parliament","type":"L","timestamp":"2023-11-09 13:47:27"},{"nodeID":"1336604","text":"Analysing","type":"YA","timestamp":"2023-11-09 13:47:27"},{"nodeID":"1336605","text":"Anon: John Swinney:  John also mentioned about the Smith Commission delivering more powers","type":"L","timestamp":"2023-11-09 13:47:27"},{"nodeID":"1336606","text":"Asserting","type":"YA","timestamp":"2023-11-09 13:47:27"},{"nodeID":"1336607","text":"Asserting","type":"YA","timestamp":"2023-11-09 13:47:27"},{"nodeID":"1336608","text":"John Swinney handed the additional powers back to Westminster","type":"I","timestamp":"2023-11-09 13:47:29"},{"nodeID":"1336609","text":"Douglas Ross:  John's powers handed them back to Westminster","type":"L","timestamp":"2023-11-09 13:47:29"},{"nodeID":"1336610","text":"Analysing","type":"YA","timestamp":"2023-11-09 13:47:29"},{"nodeID":"1336611","text":"Anon: Douglas Ross:  John's powers handed them back to Westminster","type":"L","timestamp":"2023-11-09 13:47:29"},{"nodeID":"1336612","text":"Asserting","type":"YA","timestamp":"2023-11-09 13:47:29"},{"nodeID":"1336613","text":"Default Transition","type":"TA","timestamp":"2023-11-09 13:47:29"},{"nodeID":"1336614","text":"Default Conflict","type":"CA","timestamp":"2023-11-09 13:47:29"},{"nodeID":"1336615","text":"Disagreeing","type":"YA","timestamp":"2023-11-09 13:47:29"},{"nodeID":"1336616","text":"John Swinney's government couldn't enact the additional powers","type":"I","timestamp":"2023-11-09 13:47:31"},{"nodeID":"1336617","text":"Douglas Ross: his government couldn't enact them","type":"L","timestamp":"2023-11-09 13:47:31"},{"nodeID":"1336618","text":"Analysing","type":"YA","timestamp":"2023-11-09 13:47:31"},{"nodeID":"1336619","text":"Anon: Douglas Ross: his government couldn't enact them","type":"L","timestamp":"2023-11-09 13:47:31"},{"nodeID":"1336620","text":"Asserting","type":"YA","timestamp":"2023-11-09 13:47:31"},{"nodeID":"1336621","text":"Default Transition","type":"TA","timestamp":"2023-11-09 13:47:31"},{"nodeID":"1336622","text":"Default Inference","type":"RA","timestamp":"2023-11-09 13:47:31"},{"nodeID":"1336623","text":"Arguing","type":"YA","timestamp":"2023-11-09 13:47:31"},{"nodeID":"1336624","text":"let's use the powers we have to improve the education and waiting times","type":"I","timestamp":"2023-11-09 13:47:33"},{"nodeID":"1336625","text":"Douglas Ross: Lets use the powers we have to improve the education and waiting times","type":"L","timestamp":"2023-11-09 13:47:33"},{"nodeID":"1336626","text":"Analysing","type":"YA","timestamp":"2023-11-09 13:47:33"},{"nodeID":"1336627","text":"Anon: Douglas Ross: Lets use the powers we have to improve the education and waiting times","type":"L","timestamp":"2023-11-09 13:47:33"},{"nodeID":"1336628","text":"Asserting","type":"YA","timestamp":"2023-11-09 13:47:33"},{"nodeID":"1336629","text":"Default Transition","type":"TA","timestamp":"2023-11-09 13:47:33"},{"nodeID":"1336630","text":"let's use the power we have to do all the things we could do right now","type":"I","timestamp":"2023-11-09 13:47:34"},{"nodeID":"1336631","text":"Douglas Ross: To do all the things we could do right now","type":"L","timestamp":"2023-11-09 13:47:34"},{"nodeID":"1336632","text":"Analysing","type":"YA","timestamp":"2023-11-09 13:47:34"},{"nodeID":"1336633","text":"Anon: Douglas Ross: To do all the things we could do right now","type":"L","timestamp":"2023-11-09 13:47:34"},{"nodeID":"1336634","text":"Asserting","type":"YA","timestamp":"2023-11-09 13:47:34"},{"nodeID":"1336635","text":"Default Transition","type":"TA","timestamp":"2023-11-09 13:47:34"},{"nodeID":"1336636","text":"Default Rephrase","type":"MA","timestamp":"2023-11-09 13:47:34"},{"nodeID":"1336637","text":"Restating","type":"YA","timestamp":"2023-11-09 13:47:34"},{"nodeID":"1336638","text":"let's not seek more powers and divide the country all over again","type":"I","timestamp":"2023-11-09 13:47:36"},{"nodeID":"1336639","text":"Douglas Ross: rather than seeking more powers and divide the country all over again","type":"L","timestamp":"2023-11-09 13:47:36"},{"nodeID":"1336640","text":"Analysing","type":"YA","timestamp":"2023-11-09 13:47:36"},{"nodeID":"1336641","text":"Anon: Douglas Ross: rather than seeking more powers and divide the country all over again","type":"L","timestamp":"2023-11-09 13:47:36"},{"nodeID":"1336642","text":"Asserting","type":"YA","timestamp":"2023-11-09 13:47:36"},{"nodeID":"1336643","text":"Default Transition","type":"TA","timestamp":"2023-11-09 13:47:36"},{"nodeID":"1336644","text":"Default Conflict","type":"CA","timestamp":"2023-11-09 13:47:36"},{"nodeID":"1336645","text":"Disagreeing","type":"YA","timestamp":"2023-11-09 13:47:36"}],"edges":[{"edgeID":"1752278","fromID":"1336553","toID":"1336552","formEdgeID":null},{"edgeID":"1752279","fromID":"1336554","toID":"1336553","formEdgeID":null},{"edgeID":"1752280","fromID":"1336552","toID":"1336555","formEdgeID":null},{"edgeID":"1752281","fromID":"1336555","toID":"1336551","formEdgeID":null},{"edgeID":"1752282","fromID":"1336558","toID":"1336557","formEdgeID":null},{"edgeID":"1752283","fromID":"1336559","toID":"1336558","formEdgeID":null},{"edgeID":"1752284","fromID":"1336557","toID":"1336560","formEdgeID":null},{"edgeID":"1752285","fromID":"1336560","toID":"1336556","formEdgeID":null},{"edgeID":"1752286","fromID":"1336552","toID":"1336561","formEdgeID":null},{"edgeID":"1752287","fromID":"1336561","toID":"1336557","formEdgeID":null},{"edgeID":"1752288","fromID":"1336564","toID":"1336563","formEdgeID":null},{"edgeID":"1752289","fromID":"1336565","toID":"1336564","formEdgeID":null},{"edgeID":"1752290","fromID":"1336563","toID":"1336566","formEdgeID":null},{"edgeID":"1752291","fromID":"1336566","toID":"1336562","formEdgeID":null},{"edgeID":"1752292","fromID":"1336557","toID":"1336567","formEdgeID":null},{"edgeID":"1752293","fromID":"1336567","toID":"1336563","formEdgeID":null},{"edgeID":"1752294","fromID":"1336556","toID":"1336568","formEdgeID":null},{"edgeID":"1752295","fromID":"1336568","toID":"1336551","formEdgeID":null},{"edgeID":"1752296","fromID":"1336561","toID":"1336569","formEdgeID":null},{"edgeID":"1752297","fromID":"1336569","toID":"1336568","formEdgeID":null},{"edgeID":"1752298","fromID":"1336572","toID":"1336571","formEdgeID":null},{"edgeID":"1752299","fromID":"1336573","toID":"1336572","formEdgeID":null},{"edgeID":"1752300","fromID":"1336571","toID":"1336574","formEdgeID":null},{"edgeID":"1752301","fromID":"1336574","toID":"1336570","formEdgeID":null},{"edgeID":"1752302","fromID":"1336563","toID":"1336575","formEdgeID":null},{"edgeID":"1752303","fromID":"1336575","toID":"1336571","formEdgeID":null},{"edgeID":"1752304","fromID":"1336578","toID":"1336577","formEdgeID":null},{"edgeID":"1752305","fromID":"1336579","toID":"1336578","formEdgeID":null},{"edgeID":"1752306","fromID":"1336577","toID":"1336580","formEdgeID":null},{"edgeID":"1752307","fromID":"1336580","toID":"1336576","formEdgeID":null},{"edgeID":"1752308","fromID":"1336571","toID":"1336581","formEdgeID":null},{"edgeID":"1752309","fromID":"1336581","toID":"1336577","formEdgeID":null},{"edgeID":"1752310","fromID":"1336576","toID":"1336582","formEdgeID":null},{"edgeID":"1752311","fromID":"1336582","toID":"1336570","formEdgeID":null},{"edgeID":"1752312","fromID":"1336581","toID":"1336583","formEdgeID":null},{"edgeID":"1752313","fromID":"1336583","toID":"1336582","formEdgeID":null},{"edgeID":"1752314","fromID":"1336586","toID":"1336585","formEdgeID":null},{"edgeID":"1752315","fromID":"1336587","toID":"1336586","formEdgeID":null},{"edgeID":"1752316","fromID":"1336585","toID":"1336588","formEdgeID":null},{"edgeID":"1752317","fromID":"1336588","toID":"1336584","formEdgeID":null},{"edgeID":"1752318","fromID":"1336577","toID":"1336589","formEdgeID":null},{"edgeID":"1752319","fromID":"1336589","toID":"1336585","formEdgeID":null},{"edgeID":"1752320","fromID":"1336592","toID":"1336591","formEdgeID":null},{"edgeID":"1752321","fromID":"1336593","toID":"1336592","formEdgeID":null},{"edgeID":"1752322","fromID":"1336591","toID":"1336594","formEdgeID":null},{"edgeID":"1752323","fromID":"1336594","toID":"1336590","formEdgeID":null},{"edgeID":"1752324","fromID":"1336585","toID":"1336595","formEdgeID":null},{"edgeID":"1752325","fromID":"1336595","toID":"1336591","formEdgeID":null},{"edgeID":"1752326","fromID":"1336590","toID":"1336596","formEdgeID":null},{"edgeID":"1752327","fromID":"1336596","toID":"1336584","formEdgeID":null},{"edgeID":"1752328","fromID":"1336595","toID":"1336597","formEdgeID":null},{"edgeID":"1752329","fromID":"1336597","toID":"1336596","formEdgeID":null},{"edgeID":"1752330","fromID":"1336600","toID":"1336599","formEdgeID":null},{"edgeID":"1752331","fromID":"1336601","toID":"1336600","formEdgeID":null},{"edgeID":"1752332","fromID":"1336591","toID":"1336602","formEdgeID":null},{"edgeID":"1752333","fromID":"1336602","toID":"1336599","formEdgeID":null},{"edgeID":"1752334","fromID":"1336604","toID":"1336603","formEdgeID":null},{"edgeID":"1752335","fromID":"1336605","toID":"1336604","formEdgeID":null},{"edgeID":"1752336","fromID":"1336603","toID":"1336606","formEdgeID":null},{"edgeID":"1752337","fromID":"1336606","toID":"1336598","formEdgeID":null},{"edgeID":"1752338","fromID":"1336599","toID":"1336607","formEdgeID":null},{"edgeID":"1752339","fromID":"1336607","toID":"1336603","formEdgeID":null},{"edgeID":"1752340","fromID":"1336610","toID":"1336609","formEdgeID":null},{"edgeID":"1752341","fromID":"1336611","toID":"1336610","formEdgeID":null},{"edgeID":"1752342","fromID":"1336609","toID":"1336612","formEdgeID":null},{"edgeID":"1752343","fromID":"1336612","toID":"1336608","formEdgeID":null},{"edgeID":"1752344","fromID":"1336599","toID":"1336613","formEdgeID":null},{"edgeID":"1752345","fromID":"1336613","toID":"1336609","formEdgeID":null},{"edgeID":"1752346","fromID":"1336608","toID":"1336614","formEdgeID":null},{"edgeID":"1752347","fromID":"1336614","toID":"1336598","formEdgeID":null},{"edgeID":"1752348","fromID":"1336613","toID":"1336615","formEdgeID":null},{"edgeID":"1752349","fromID":"1336615","toID":"1336614","formEdgeID":null},{"edgeID":"1752350","fromID":"1336618","toID":"1336617","formEdgeID":null},{"edgeID":"1752351","fromID":"1336619","toID":"1336618","formEdgeID":null},{"edgeID":"1752352","fromID":"1336617","toID":"1336620","formEdgeID":null},{"edgeID":"1752353","fromID":"1336620","toID":"1336616","formEdgeID":null},{"edgeID":"1752354","fromID":"1336609","toID":"1336621","formEdgeID":null},{"edgeID":"1752355","fromID":"1336621","toID":"1336617","formEdgeID":null},{"edgeID":"1752356","fromID":"1336616","toID":"1336622","formEdgeID":null},{"edgeID":"1752357","fromID":"1336622","toID":"1336608","formEdgeID":null},{"edgeID":"1752358","fromID":"1336621","toID":"1336623","formEdgeID":null},{"edgeID":"1752359","fromID":"1336623","toID":"1336622","formEdgeID":null},{"edgeID":"1752360","fromID":"1336626","toID":"1336625","formEdgeID":null},{"edgeID":"1752361","fromID":"1336627","toID":"1336626","formEdgeID":null},{"edgeID":"1752362","fromID":"1336625","toID":"1336628","formEdgeID":null},{"edgeID":"1752363","fromID":"1336628","toID":"1336624","formEdgeID":null},{"edgeID":"1752364","fromID":"1336617","toID":"1336629","formEdgeID":null},{"edgeID":"1752365","fromID":"1336629","toID":"1336625","formEdgeID":null},{"edgeID":"1752366","fromID":"1336632","toID":"1336631","formEdgeID":null},{"edgeID":"1752367","fromID":"1336633","toID":"1336632","formEdgeID":null},{"edgeID":"1752368","fromID":"1336631","toID":"1336634","formEdgeID":null},{"edgeID":"1752369","fromID":"1336634","toID":"1336630","formEdgeID":null},{"edgeID":"1752370","fromID":"1336625","toID":"1336635","formEdgeID":null},{"edgeID":"1752371","fromID":"1336635","toID":"1336631","formEdgeID":null},{"edgeID":"1752372","fromID":"1336630","toID":"1336636","formEdgeID":null},{"edgeID":"1752373","fromID":"1336636","toID":"1336624","formEdgeID":null},{"edgeID":"1752374","fromID":"1336635","toID":"1336637","formEdgeID":null},{"edgeID":"1752375","fromID":"1336637","toID":"1336636","formEdgeID":null},{"edgeID":"1752376","fromID":"1336640","toID":"1336639","formEdgeID":null},{"edgeID":"1752377","fromID":"1336641","toID":"1336640","formEdgeID":null},{"edgeID":"1752378","fromID":"1336639","toID":"1336642","formEdgeID":null},{"edgeID":"1752379","fromID":"1336642","toID":"1336638","formEdgeID":null},{"edgeID":"1752380","fromID":"1336631","toID":"1336643","formEdgeID":null},{"edgeID":"1752381","fromID":"1336643","toID":"1336639","formEdgeID":null},{"edgeID":"1752382","fromID":"1336638","toID":"1336644","formEdgeID":null},{"edgeID":"1752383","fromID":"1336644","toID":"1336630","formEdgeID":null},{"edgeID":"1752384","fromID":"1336643","toID":"1336645","formEdgeID":null},{"edgeID":"1752385","fromID":"1336645","toID":"1336644","formEdgeID":null}],"locutions":[]}