{"nodes":[{"nodeID":"1337224","text":"Nicola Sturgeon didn't make a slip-up at all","type":"I","timestamp":"2023-11-09 13:48:53"},{"nodeID":"1337225","text":"AudienceMember 20221020QT48: I can't say that Nicola Sturgeon made a slip-up at all","type":"L","timestamp":"2023-11-09 13:48:53"},{"nodeID":"1337226","text":"Analysing","type":"YA","timestamp":"2023-11-09 13:48:53"},{"nodeID":"1337227","text":"Anon: AudienceMember 20221020QT48: I can't say that Nicola Sturgeon made a slip-up at all","type":"L","timestamp":"2023-11-09 13:48:54"},{"nodeID":"1337228","text":"Asserting","type":"YA","timestamp":"2023-11-09 13:48:54"},{"nodeID":"1337229","text":"Nicola Sturgeon is very careful about what she says","type":"I","timestamp":"2023-11-09 13:48:54"},{"nodeID":"1337230","text":"AudienceMember 20221020QT48: She is very careful about what she says","type":"L","timestamp":"2023-11-09 13:48:54"},{"nodeID":"1337231","text":"Analysing","type":"YA","timestamp":"2023-11-09 13:48:54"},{"nodeID":"1337232","text":"Anon: AudienceMember 20221020QT48: She is very careful about what she says","type":"L","timestamp":"2023-11-09 13:48:54"},{"nodeID":"1337233","text":"Asserting","type":"YA","timestamp":"2023-11-09 13:48:54"},{"nodeID":"1337234","text":"Default Inference","type":"RA","timestamp":"2023-11-09 13:48:54"},{"nodeID":"1337235","text":"Default Transition","type":"TA","timestamp":"2023-11-09 13:48:54"},{"nodeID":"1337236","text":"Arguing","type":"YA","timestamp":"2023-11-09 13:48:54"},{"nodeID":"1337237","text":"Nicola Sturgeon said it to have us talking about a word that she used, \"detest\"","type":"I","timestamp":"2023-11-09 13:48:55"},{"nodeID":"1337238","text":"AudienceMember 20221020QT48: have us talking about a word that she used, \"detest\"","type":"L","timestamp":"2023-11-09 13:48:55"},{"nodeID":"1337239","text":"Analysing","type":"YA","timestamp":"2023-11-09 13:48:55"},{"nodeID":"1337240","text":"Anon: AudienceMember 20221020QT48: have us talking about a word that she used, \"detest\"","type":"L","timestamp":"2023-11-09 13:48:55"},{"nodeID":"1337241","text":"Asserting","type":"YA","timestamp":"2023-11-09 13:48:55"},{"nodeID":"1337242","text":"using the word \"detest\" is probably ill-advised at best","type":"I","timestamp":"2023-11-09 13:48:55"},{"nodeID":"1337243","text":"AudienceMember 20221020QT48: is probably ill-advised at best","type":"L","timestamp":"2023-11-09 13:48:55"},{"nodeID":"1337244","text":"Analysing","type":"YA","timestamp":"2023-11-09 13:48:55"},{"nodeID":"1337245","text":"Anon: AudienceMember 20221020QT48: is probably ill-advised at best","type":"L","timestamp":"2023-11-09 13:48:55"},{"nodeID":"1337246","text":"Asserting","type":"YA","timestamp":"2023-11-09 13:48:55"},{"nodeID":"1337247","text":"Default Conflict","type":"CA","timestamp":"2023-11-09 13:48:55"},{"nodeID":"1337248","text":"Default Transition","type":"TA","timestamp":"2023-11-09 13:48:55"},{"nodeID":"1337249","text":"Disagreeing","type":"YA","timestamp":"2023-11-09 13:48:55"},{"nodeID":"1337250","text":"she used the word \"detest\" to avoid talking about the real meat of the matter","type":"I","timestamp":"2023-11-09 13:48:56"},{"nodeID":"1337251","text":"AudienceMember 20221020QT48: talking about the real meat of the matter","type":"L","timestamp":"2023-11-09 13:48:56"},{"nodeID":"1337252","text":"Analysing","type":"YA","timestamp":"2023-11-09 13:48:56"},{"nodeID":"1337253","text":"Anon: AudienceMember 20221020QT48: talking about the real meat of the matter","type":"L","timestamp":"2023-11-09 13:48:56"},{"nodeID":"1337254","text":"Asserting","type":"YA","timestamp":"2023-11-09 13:48:56"},{"nodeID":"1337255","text":"the Tories are so detestable","type":"I","timestamp":"2023-11-09 13:48:57"},{"nodeID":"1337256","text":"AudienceMember 20221020QT48: the Tories are so detestable","type":"L","timestamp":"2023-11-09 13:48:57"},{"nodeID":"1337257","text":"Analysing","type":"YA","timestamp":"2023-11-09 13:48:57"},{"nodeID":"1337258","text":"Anon: AudienceMember 20221020QT48: the Tories are so detestable","type":"L","timestamp":"2023-11-09 13:48:57"},{"nodeID":"1337259","text":"Asserting","type":"YA","timestamp":"2023-11-09 13:48:57"},{"nodeID":"1337260","text":"John Swinney would or would not welcome a Labour government in Westminster","type":"I","timestamp":"2023-11-09 13:48:57"},{"nodeID":"1337261","text":"AudienceMember 20221020QT48: would he welcome a Labour government in Westminster","type":"L","timestamp":"2023-11-09 13:48:57"},{"nodeID":"1337262","text":"Analysing","type":"YA","timestamp":"2023-11-09 13:48:57"},{"nodeID":"1337263","text":"Anon: AudienceMember 20221020QT48: would he welcome a Labour government in Westminster","type":"L","timestamp":"2023-11-09 13:48:57"},{"nodeID":"1337264","text":"Asserting","type":"YA","timestamp":"2023-11-09 13:48:57"},{"nodeID":"1337265","text":"Default Transition","type":"TA","timestamp":"2023-11-09 13:48:57"},{"nodeID":"1337266","text":"Default Conflict","type":"CA","timestamp":"2023-11-09 13:48:57"},{"nodeID":"1337267","text":"Disagreeing","type":"YA","timestamp":"2023-11-09 13:48:57"},{"nodeID":"1337268","text":"Default Transition","type":"TA","timestamp":"2023-11-09 13:48:57"},{"nodeID":"1337269","text":"Default Inference","type":"RA","timestamp":"2023-11-09 13:48:57"},{"nodeID":"1337270","text":"Default Transition","type":"TA","timestamp":"2023-11-09 13:48:57"},{"nodeID":"1337271","text":"anyone does or does not support what Nicola Sturgeon said about detesting Tories","type":"I","timestamp":"2023-11-09 13:48:58"},{"nodeID":"1337272","text":"Fiona Bruce: Does anyone support what Nicola Sturgeon said","type":"L","timestamp":"2023-11-09 13:48:58"},{"nodeID":"1337273","text":"Analysing","type":"YA","timestamp":"2023-11-09 13:48:58"},{"nodeID":"1337274","text":"Anon: Fiona Bruce: Does anyone support what Nicola Sturgeon said","type":"L","timestamp":"2023-11-09 13:48:58"},{"nodeID":"1337275","text":"Pure Questioning","type":"YA","timestamp":"2023-11-09 13:48:58"},{"nodeID":"1337276","text":"Default Transition","type":"TA","timestamp":"2023-11-09 13:48:58"},{"nodeID":"1337277","text":"you do or do not support what Nicola Sturgeon said about detesting Tories","type":"I","timestamp":"2023-11-09 13:48:59"},{"nodeID":"1337278","text":"Fiona Bruce: You support what she said","type":"L","timestamp":"2023-11-09 13:48:59"},{"nodeID":"1337279","text":"Analysing","type":"YA","timestamp":"2023-11-09 13:48:59"},{"nodeID":"1337280","text":"Anon: Fiona Bruce: You support what she said","type":"L","timestamp":"2023-11-09 13:48:59"},{"nodeID":"1337281","text":"Pure Questioning","type":"YA","timestamp":"2023-11-09 13:48:59"},{"nodeID":"1337282","text":"Default Transition","type":"TA","timestamp":"2023-11-09 13:48:59"},{"nodeID":"1337283","text":"Default Rephrase","type":"MA","timestamp":"2023-11-09 13:48:59"},{"nodeID":"1337284","text":"Restating","type":"YA","timestamp":"2023-11-09 13:48:59"},{"nodeID":"1337285","text":"\"detest\" is not a particularly strong word","type":"I","timestamp":"2023-11-09 13:48:59"},{"nodeID":"1337286","text":"AudienceMember 20221020QT49: I don't find \"detest\" is a particularly strong word","type":"L","timestamp":"2023-11-09 13:48:59"},{"nodeID":"1337287","text":"Analysing","type":"YA","timestamp":"2023-11-09 13:48:59"},{"nodeID":"1337288","text":"Anon: AudienceMember 20221020QT49: I don't find \"detest\" is a particularly strong word","type":"L","timestamp":"2023-11-09 13:48:59"},{"nodeID":"1337289","text":"Asserting","type":"YA","timestamp":"2023-11-09 13:48:59"},{"nodeID":"1337290","text":"Default Transition","type":"TA","timestamp":"2023-11-09 13:48:59"},{"nodeID":"1337291","text":"AudienceMember 20221020QT49 has a question that might be for Fiona Bruce","type":"I","timestamp":"2023-11-09 13:49:00"},{"nodeID":"1337292","text":"AudienceMember 20221020QT49: I have a question that might be for you, Fiona","type":"L","timestamp":"2023-11-09 13:49:00"},{"nodeID":"1337293","text":"Analysing","type":"YA","timestamp":"2023-11-09 13:49:00"},{"nodeID":"1337294","text":"Anon: AudienceMember 20221020QT49: I have a question that might be for you, Fiona","type":"L","timestamp":"2023-11-09 13:49:00"},{"nodeID":"1337295","text":"Asserting","type":"YA","timestamp":"2023-11-09 13:49:00"},{"nodeID":"1337296","text":"Default Transition","type":"TA","timestamp":"2023-11-09 13:49:00"},{"nodeID":"1337297","text":"a question aimed at Fiona Bruce is possible","type":"I","timestamp":"2023-11-09 13:49:01"},{"nodeID":"1337298","text":"AudienceMember 20221020QT49: that's possible","type":"L","timestamp":"2023-11-09 13:49:01"},{"nodeID":"1337299","text":"Analysing","type":"YA","timestamp":"2023-11-09 13:49:01"},{"nodeID":"1337300","text":"Anon: AudienceMember 20221020QT49: that's possible","type":"L","timestamp":"2023-11-09 13:49:01"},{"nodeID":"1337301","text":"Asserting","type":"YA","timestamp":"2023-11-09 13:49:01"},{"nodeID":"1337302","text":"Default Inference","type":"RA","timestamp":"2023-11-09 13:49:01"},{"nodeID":"1337303","text":"Default Transition","type":"TA","timestamp":"2023-11-09 13:49:01"},{"nodeID":"1337304","text":"Arguing","type":"YA","timestamp":"2023-11-09 13:49:01"},{"nodeID":"1337305","text":"that incident had not happened","type":"I","timestamp":"2023-11-09 13:49:01"},{"nodeID":"1337306","text":"AudienceMember 20221020QT50: that incident had not happened","type":"L","timestamp":"2023-11-09 13:49:01"},{"nodeID":"1337307","text":"Analysing","type":"YA","timestamp":"2023-11-09 13:49:01"},{"nodeID":"1337308","text":"Anon: AudienceMember 20221020QT50: that incident had not happened","type":"L","timestamp":"2023-11-09 13:49:01"},{"nodeID":"1337309","text":"Asserting","type":"YA","timestamp":"2023-11-09 13:49:01"},{"nodeID":"1337310","text":"Fiona Bruce: Sorry, the incident being","type":"L","timestamp":"2023-11-09 13:49:01"},{"nodeID":"1337311","text":"Analysing","type":"YA","timestamp":"2023-11-09 13:49:01"},{"nodeID":"1337312","text":"Anon: Fiona Bruce: Sorry, the incident being","type":"L","timestamp":"2023-11-09 13:49:01"},{"nodeID":"1337313","text":"Default Transition","type":"TA","timestamp":"2023-11-09 13:49:01"},{"nodeID":"1337314","text":"Default Transition","type":"TA","timestamp":"2023-11-09 13:49:01"},{"nodeID":"1337315","text":"Challenging","type":"YA","timestamp":"2023-11-09 13:49:01"},{"nodeID":"1337316","text":"the incident being the words Nicola Sturgeon used","type":"I","timestamp":"2023-11-09 13:49:02"},{"nodeID":"1337317","text":"AudienceMember 20221020QT51: The words","type":"L","timestamp":"2023-11-09 13:49:02"},{"nodeID":"1337318","text":"Analysing","type":"YA","timestamp":"2023-11-09 13:49:02"},{"nodeID":"1337319","text":"Anon: AudienceMember 20221020QT51: The words","type":"L","timestamp":"2023-11-09 13:49:02"},{"nodeID":"1337320","text":"Asserting","type":"YA","timestamp":"2023-11-09 13:49:02"},{"nodeID":"1337321","text":"Default Rephrase","type":"MA","timestamp":"2023-11-09 13:49:02"},{"nodeID":"1337322","text":"Default Transition","type":"TA","timestamp":"2023-11-09 13:49:02"},{"nodeID":"1337323","text":"Restating","type":"YA","timestamp":"2023-11-09 13:49:02"},{"nodeID":"1337324","text":"it is or is not possible that the media down south, the national BBC, the newspapers, would have taken any notice at all of an SNP conference in Aberdeen","type":"I","timestamp":"2023-11-09 13:49:03"},{"nodeID":"1337325","text":"AudienceMember 20221020QT51: Is it possible that the media down south, the national BBC, the newspapers, would have taken any notice at all of an SNP conference in Aberdeen","type":"L","timestamp":"2023-11-09 13:49:03"},{"nodeID":"1337326","text":"Analysing","type":"YA","timestamp":"2023-11-09 13:49:03"},{"nodeID":"1337327","text":"Anon: AudienceMember 20221020QT51: Is it possible that the media down south, the national BBC, the newspapers, would have taken any notice at all of an SNP conference in Aberdeen","type":"L","timestamp":"2023-11-09 13:49:03"},{"nodeID":"1337328","text":"Pure Questioning","type":"YA","timestamp":"2023-11-09 13:49:03"},{"nodeID":"1337329","text":"Default Inference","type":"RA","timestamp":"2023-11-09 13:49:03"},{"nodeID":"1337330","text":"Default Transition","type":"TA","timestamp":"2023-11-09 13:49:03"},{"nodeID":"1337331","text":"Arguing","type":"YA","timestamp":"2023-11-09 13:49:03"},{"nodeID":"1337332","text":"the SNP conference is always part of the news every year","type":"I","timestamp":"2023-11-09 13:49:03"},{"nodeID":"1337333","text":"Fiona Bruce: The SNP conference is always part of the news every year","type":"L","timestamp":"2023-11-09 13:49:03"},{"nodeID":"1337334","text":"Analysing","type":"YA","timestamp":"2023-11-09 13:49:03"},{"nodeID":"1337335","text":"Anon: Fiona Bruce: The SNP conference is always part of the news every year","type":"L","timestamp":"2023-11-09 13:49:03"},{"nodeID":"1337336","text":"Asserting","type":"YA","timestamp":"2023-11-09 13:49:03"},{"nodeID":"1337337","text":"Fiona Bruce has done the news for 22 years","type":"I","timestamp":"2023-11-09 13:49:04"},{"nodeID":"1337338","text":"Fiona Bruce: Having done the news for 22 years","type":"L","timestamp":"2023-11-09 13:49:04"},{"nodeID":"1337339","text":"Analysing","type":"YA","timestamp":"2023-11-09 13:49:04"},{"nodeID":"1337340","text":"Anon: Fiona Bruce: Having done the news for 22 years","type":"L","timestamp":"2023-11-09 13:49:04"},{"nodeID":"1337341","text":"Asserting","type":"YA","timestamp":"2023-11-09 13:49:04"},{"nodeID":"1337342","text":"Fiona Bruce can faithfully say, yes, we would have covered the conference","type":"I","timestamp":"2023-11-09 13:49:04"},{"nodeID":"1337343","text":"Fiona Bruce: I can faithfully say, yes, we would have","type":"L","timestamp":"2023-11-09 13:49:04"},{"nodeID":"1337344","text":"Analysing","type":"YA","timestamp":"2023-11-09 13:49:04"},{"nodeID":"1337345","text":"Anon: Fiona Bruce: I can faithfully say, yes, we would have","type":"L","timestamp":"2023-11-09 13:49:04"},{"nodeID":"1337346","text":"Asserting","type":"YA","timestamp":"2023-11-09 13:49:04"},{"nodeID":"1337347","text":"we absolutely would have covered the SNP conference, no question","type":"I","timestamp":"2023-11-09 13:49:05"},{"nodeID":"1337348","text":"Fiona Bruce: We absolutely would have covered the SNP conference, no question","type":"L","timestamp":"2023-11-09 13:49:05"},{"nodeID":"1337349","text":"Analysing","type":"YA","timestamp":"2023-11-09 13:49:05"},{"nodeID":"1337350","text":"Anon: Fiona Bruce: We absolutely would have covered the SNP conference, no question","type":"L","timestamp":"2023-11-09 13:49:05"},{"nodeID":"1337351","text":"Asserting","type":"YA","timestamp":"2023-11-09 13:49:05"},{"nodeID":"1337352","text":"Default Transition","type":"TA","timestamp":"2023-11-09 13:49:05"},{"nodeID":"1337353","text":"Default Rephrase","type":"MA","timestamp":"2023-11-09 13:49:05"},{"nodeID":"1337354","text":"Default Illocuting","type":"YA","timestamp":"2023-11-09 13:49:05"},{"nodeID":"1337355","text":"Default Transition","type":"TA","timestamp":"2023-11-09 13:49:05"},{"nodeID":"1337356","text":"Default Inference","type":"RA","timestamp":"2023-11-09 13:49:05"},{"nodeID":"1337357","text":"Default Transition","type":"TA","timestamp":"2023-11-09 13:49:05"},{"nodeID":"1337358","text":"Arguing","type":"YA","timestamp":"2023-11-09 13:49:05"},{"nodeID":"1337359","text":"Default Rephrase","type":"MA","timestamp":"2023-11-09 13:49:05"},{"nodeID":"1337360","text":"Default Transition","type":"TA","timestamp":"2023-11-09 13:49:05"},{"nodeID":"1337361","text":"Restating","type":"YA","timestamp":"2023-11-09 13:49:05"},{"nodeID":"1337362","text":"Default Rephrase","type":"MA","timestamp":"2023-11-09 13:49:05"},{"nodeID":"1337363","text":"Default Transition","type":"TA","timestamp":"2023-11-09 13:49:05"},{"nodeID":"1337364","text":"Restating","type":"YA","timestamp":"2023-11-09 13:49:05"},{"nodeID":"1337365","text":"Nicola Sturgeon: I detest the Tories","type":"L","timestamp":"2023-11-09 13:49:05"},{"nodeID":"1337366","text":"Analysing","type":"YA","timestamp":"2023-11-09 13:49:05"},{"nodeID":"1337367","text":"Anon: Nicola Sturgeon: Nicola Sturgeon said she detests the Tories to distract from the shortcomings of her party","type":"L","timestamp":"2023-11-09 13:49:05"},{"nodeID":"1337368","text":"Nicola Sturgeon detests the Tories","type":"I","timestamp":"2023-11-09 13:49:06"},{"nodeID":"1337369","text":"AudienceMember 20221020QT48: she said it","type":"L","timestamp":"2023-11-09 13:49:06"},{"nodeID":"1337370","text":"Analysing","type":"YA","timestamp":"2023-11-09 13:49:06"},{"nodeID":"1337371","text":"Anon: AudienceMember 20221020QT48: she said it","type":"L","timestamp":"2023-11-09 13:49:06"},{"nodeID":"1337372","text":"Asserting","type":"YA","timestamp":"2023-11-09 13:49:06"},{"nodeID":"1337373","text":"Asserting","type":"YA","timestamp":"2023-11-09 13:49:06"},{"nodeID":"1337374","text":"Default Transition","type":"TA","timestamp":"2023-11-09 13:49:06"},{"nodeID":"1337375","text":"Nicola Sturgeon wanted to distract from the shortcomings of her party","type":"I","timestamp":"2023-11-09 13:49:06"},{"nodeID":"1337376","text":"AudienceMember 20221020QT48: distract from the shortcomings of her party","type":"L","timestamp":"2023-11-09 13:49:06"},{"nodeID":"1337377","text":"Analysing","type":"YA","timestamp":"2023-11-09 13:49:06"},{"nodeID":"1337378","text":"Anon: AudienceMember 20221020QT48: distract from the shortcomings of her party","type":"L","timestamp":"2023-11-09 13:49:06"},{"nodeID":"1337379","text":"Asserting","type":"YA","timestamp":"2023-11-09 13:49:06"},{"nodeID":"1337380","text":"Default Inference","type":"RA","timestamp":"2023-11-09 13:49:06"},{"nodeID":"1337381","text":"Default Transition","type":"TA","timestamp":"2023-11-09 13:49:06"},{"nodeID":"1337382","text":"Arguing","type":"YA","timestamp":"2023-11-09 13:49:06"},{"nodeID":"1337383","text":"Default Inference","type":"RA","timestamp":"2023-11-09 13:49:06"},{"nodeID":"1337384","text":"Default Transition","type":"TA","timestamp":"2023-11-09 13:49:06"},{"nodeID":"1337385","text":"Arguing","type":"YA","timestamp":"2023-11-09 13:49:06"},{"nodeID":"1337386","text":"Default Rephrase","type":"MA","timestamp":"2023-11-09 13:49:06"},{"nodeID":"1337387","text":"Default Transition","type":"TA","timestamp":"2023-11-09 13:49:06"},{"nodeID":"1337388","text":"Restating","type":"YA","timestamp":"2023-11-09 13:49:06"},{"nodeID":"1337389","text":"Default Rephrase","type":"MA","timestamp":"2023-11-09 13:49:06"},{"nodeID":"1337390","text":"Default Transition","type":"TA","timestamp":"2023-11-09 13:49:06"},{"nodeID":"1337391","text":"Restating","type":"YA","timestamp":"2023-11-09 13:49:06"}],"edges":[{"edgeID":"1753075","fromID":"1337226","toID":"1337225","formEdgeID":null},{"edgeID":"1753076","fromID":"1337227","toID":"1337226","formEdgeID":null},{"edgeID":"1753077","fromID":"1337225","toID":"1337228","formEdgeID":null},{"edgeID":"1753078","fromID":"1337228","toID":"1337224","formEdgeID":null},{"edgeID":"1753079","fromID":"1337231","toID":"1337230","formEdgeID":null},{"edgeID":"1753080","fromID":"1337232","toID":"1337231","formEdgeID":null},{"edgeID":"1753081","fromID":"1337230","toID":"1337233","formEdgeID":null},{"edgeID":"1753082","fromID":"1337233","toID":"1337229","formEdgeID":null},{"edgeID":"1753083","fromID":"1337229","toID":"1337234","formEdgeID":null},{"edgeID":"1753084","fromID":"1337234","toID":"1337224","formEdgeID":null},{"edgeID":"1753085","fromID":"1337225","toID":"1337235","formEdgeID":null},{"edgeID":"1753086","fromID":"1337235","toID":"1337230","formEdgeID":null},{"edgeID":"1753087","fromID":"1337235","toID":"1337236","formEdgeID":null},{"edgeID":"1753088","fromID":"1337236","toID":"1337234","formEdgeID":null},{"edgeID":"1753089","fromID":"1337239","toID":"1337238","formEdgeID":null},{"edgeID":"1753090","fromID":"1337240","toID":"1337239","formEdgeID":null},{"edgeID":"1753091","fromID":"1337238","toID":"1337241","formEdgeID":null},{"edgeID":"1753092","fromID":"1337241","toID":"1337237","formEdgeID":null},{"edgeID":"1753093","fromID":"1337244","toID":"1337243","formEdgeID":null},{"edgeID":"1753094","fromID":"1337245","toID":"1337244","formEdgeID":null},{"edgeID":"1753095","fromID":"1337243","toID":"1337246","formEdgeID":null},{"edgeID":"1753096","fromID":"1337246","toID":"1337242","formEdgeID":null},{"edgeID":"1753097","fromID":"1337242","toID":"1337247","formEdgeID":null},{"edgeID":"1753098","fromID":"1337247","toID":"1337229","formEdgeID":null},{"edgeID":"1753099","fromID":"1337230","toID":"1337248","formEdgeID":null},{"edgeID":"1753100","fromID":"1337248","toID":"1337243","formEdgeID":null},{"edgeID":"1753101","fromID":"1337248","toID":"1337249","formEdgeID":null},{"edgeID":"1753102","fromID":"1337249","toID":"1337247","formEdgeID":null},{"edgeID":"1753103","fromID":"1337252","toID":"1337251","formEdgeID":null},{"edgeID":"1753104","fromID":"1337253","toID":"1337252","formEdgeID":null},{"edgeID":"1753105","fromID":"1337251","toID":"1337254","formEdgeID":null},{"edgeID":"1753106","fromID":"1337254","toID":"1337250","formEdgeID":null},{"edgeID":"1753107","fromID":"1337257","toID":"1337256","formEdgeID":null},{"edgeID":"1753108","fromID":"1337258","toID":"1337257","formEdgeID":null},{"edgeID":"1753109","fromID":"1337256","toID":"1337259","formEdgeID":null},{"edgeID":"1753110","fromID":"1337259","toID":"1337255","formEdgeID":null},{"edgeID":"1753111","fromID":"1337262","toID":"1337261","formEdgeID":null},{"edgeID":"1753112","fromID":"1337263","toID":"1337262","formEdgeID":null},{"edgeID":"1753113","fromID":"1337261","toID":"1337264","formEdgeID":null},{"edgeID":"1753114","fromID":"1337264","toID":"1337260","formEdgeID":null},{"edgeID":"1753115","fromID":"1337243","toID":"1337265","formEdgeID":null},{"edgeID":"1753116","fromID":"1337265","toID":"1337251","formEdgeID":null},{"edgeID":"1753117","fromID":"1337250","toID":"1337266","formEdgeID":null},{"edgeID":"1753118","fromID":"1337266","toID":"1337242","formEdgeID":null},{"edgeID":"1753119","fromID":"1337265","toID":"1337267","formEdgeID":null},{"edgeID":"1753120","fromID":"1337267","toID":"1337266","formEdgeID":null},{"edgeID":"1753121","fromID":"1337251","toID":"1337268","formEdgeID":null},{"edgeID":"1753122","fromID":"1337268","toID":"1337256","formEdgeID":null},{"edgeID":"1753123","fromID":"1337255","toID":"1337269","formEdgeID":null},{"edgeID":"1753124","fromID":"1337269","toID":"1337260","formEdgeID":null},{"edgeID":"1753125","fromID":"1337256","toID":"1337270","formEdgeID":null},{"edgeID":"1753126","fromID":"1337270","toID":"1337261","formEdgeID":null},{"edgeID":"1753127","fromID":"1337273","toID":"1337272","formEdgeID":null},{"edgeID":"1753128","fromID":"1337274","toID":"1337273","formEdgeID":null},{"edgeID":"1753129","fromID":"1337272","toID":"1337275","formEdgeID":null},{"edgeID":"1753130","fromID":"1337275","toID":"1337271","formEdgeID":null},{"edgeID":"1753131","fromID":"1337261","toID":"1337276","formEdgeID":null},{"edgeID":"1753132","fromID":"1337276","toID":"1337272","formEdgeID":null},{"edgeID":"1753133","fromID":"1337279","toID":"1337278","formEdgeID":null},{"edgeID":"1753134","fromID":"1337280","toID":"1337279","formEdgeID":null},{"edgeID":"1753135","fromID":"1337278","toID":"1337281","formEdgeID":null},{"edgeID":"1753136","fromID":"1337281","toID":"1337277","formEdgeID":null},{"edgeID":"1753137","fromID":"1337272","toID":"1337282","formEdgeID":null},{"edgeID":"1753138","fromID":"1337282","toID":"1337278","formEdgeID":null},{"edgeID":"1753139","fromID":"1337277","toID":"1337283","formEdgeID":null},{"edgeID":"1753140","fromID":"1337283","toID":"1337271","formEdgeID":null},{"edgeID":"1753141","fromID":"1337282","toID":"1337284","formEdgeID":null},{"edgeID":"1753142","fromID":"1337284","toID":"1337283","formEdgeID":null},{"edgeID":"1753143","fromID":"1337287","toID":"1337286","formEdgeID":null},{"edgeID":"1753144","fromID":"1337288","toID":"1337287","formEdgeID":null},{"edgeID":"1753145","fromID":"1337286","toID":"1337289","formEdgeID":null},{"edgeID":"1753146","fromID":"1337289","toID":"1337285","formEdgeID":null},{"edgeID":"1753147","fromID":"1337278","toID":"1337290","formEdgeID":null},{"edgeID":"1753148","fromID":"1337290","toID":"1337286","formEdgeID":null},{"edgeID":"1753149","fromID":"1337293","toID":"1337292","formEdgeID":null},{"edgeID":"1753150","fromID":"1337294","toID":"1337293","formEdgeID":null},{"edgeID":"1753151","fromID":"1337292","toID":"1337295","formEdgeID":null},{"edgeID":"1753152","fromID":"1337295","toID":"1337291","formEdgeID":null},{"edgeID":"1753153","fromID":"1337286","toID":"1337296","formEdgeID":null},{"edgeID":"1753154","fromID":"1337296","toID":"1337292","formEdgeID":null},{"edgeID":"1753155","fromID":"1337299","toID":"1337298","formEdgeID":null},{"edgeID":"1753156","fromID":"1337300","toID":"1337299","formEdgeID":null},{"edgeID":"1753157","fromID":"1337298","toID":"1337301","formEdgeID":null},{"edgeID":"1753158","fromID":"1337301","toID":"1337297","formEdgeID":null},{"edgeID":"1753159","fromID":"1337297","toID":"1337302","formEdgeID":null},{"edgeID":"1753160","fromID":"1337302","toID":"1337291","formEdgeID":null},{"edgeID":"1753161","fromID":"1337292","toID":"1337303","formEdgeID":null},{"edgeID":"1753162","fromID":"1337303","toID":"1337298","formEdgeID":null},{"edgeID":"1753163","fromID":"1337303","toID":"1337304","formEdgeID":null},{"edgeID":"1753164","fromID":"1337304","toID":"1337302","formEdgeID":null},{"edgeID":"1753165","fromID":"1337307","toID":"1337306","formEdgeID":null},{"edgeID":"1753166","fromID":"1337308","toID":"1337307","formEdgeID":null},{"edgeID":"1753167","fromID":"1337306","toID":"1337309","formEdgeID":null},{"edgeID":"1753168","fromID":"1337309","toID":"1337305","formEdgeID":null},{"edgeID":"1753169","fromID":"1337311","toID":"1337310","formEdgeID":null},{"edgeID":"1753170","fromID":"1337312","toID":"1337311","formEdgeID":null},{"edgeID":"1753171","fromID":"1337298","toID":"1337313","formEdgeID":null},{"edgeID":"1753172","fromID":"1337313","toID":"1337306","formEdgeID":null},{"edgeID":"1753173","fromID":"1337306","toID":"1337314","formEdgeID":null},{"edgeID":"1753174","fromID":"1337314","toID":"1337310","formEdgeID":null},{"edgeID":"1753175","fromID":"1337314","toID":"1337315","formEdgeID":null},{"edgeID":"1753176","fromID":"1337315","toID":"1337305","formEdgeID":null},{"edgeID":"1753177","fromID":"1337318","toID":"1337317","formEdgeID":null},{"edgeID":"1753178","fromID":"1337319","toID":"1337318","formEdgeID":null},{"edgeID":"1753179","fromID":"1337317","toID":"1337320","formEdgeID":null},{"edgeID":"1753180","fromID":"1337320","toID":"1337316","formEdgeID":null},{"edgeID":"1753181","fromID":"1337316","toID":"1337321","formEdgeID":null},{"edgeID":"1753182","fromID":"1337321","toID":"1337305","formEdgeID":null},{"edgeID":"1753183","fromID":"1337306","toID":"1337322","formEdgeID":null},{"edgeID":"1753184","fromID":"1337322","toID":"1337317","formEdgeID":null},{"edgeID":"1753185","fromID":"1337322","toID":"1337323","formEdgeID":null},{"edgeID":"1753186","fromID":"1337323","toID":"1337321","formEdgeID":null},{"edgeID":"1753187","fromID":"1337326","toID":"1337325","formEdgeID":null},{"edgeID":"1753188","fromID":"1337327","toID":"1337326","formEdgeID":null},{"edgeID":"1753189","fromID":"1337325","toID":"1337328","formEdgeID":null},{"edgeID":"1753190","fromID":"1337328","toID":"1337324","formEdgeID":null},{"edgeID":"1753191","fromID":"1337305","toID":"1337329","formEdgeID":null},{"edgeID":"1753192","fromID":"1337329","toID":"1337324","formEdgeID":null},{"edgeID":"1753193","fromID":"1337306","toID":"1337330","formEdgeID":null},{"edgeID":"1753194","fromID":"1337330","toID":"1337325","formEdgeID":null},{"edgeID":"1753195","fromID":"1337330","toID":"1337331","formEdgeID":null},{"edgeID":"1753196","fromID":"1337331","toID":"1337329","formEdgeID":null},{"edgeID":"1753197","fromID":"1337334","toID":"1337333","formEdgeID":null},{"edgeID":"1753198","fromID":"1337335","toID":"1337334","formEdgeID":null},{"edgeID":"1753199","fromID":"1337333","toID":"1337336","formEdgeID":null},{"edgeID":"1753200","fromID":"1337336","toID":"1337332","formEdgeID":null},{"edgeID":"1753201","fromID":"1337339","toID":"1337338","formEdgeID":null},{"edgeID":"1753202","fromID":"1337340","toID":"1337339","formEdgeID":null},{"edgeID":"1753203","fromID":"1337338","toID":"1337341","formEdgeID":null},{"edgeID":"1753204","fromID":"1337341","toID":"1337337","formEdgeID":null},{"edgeID":"1753205","fromID":"1337344","toID":"1337343","formEdgeID":null},{"edgeID":"1753206","fromID":"1337345","toID":"1337344","formEdgeID":null},{"edgeID":"1753207","fromID":"1337343","toID":"1337346","formEdgeID":null},{"edgeID":"1753208","fromID":"1337346","toID":"1337342","formEdgeID":null},{"edgeID":"1753209","fromID":"1337349","toID":"1337348","formEdgeID":null},{"edgeID":"1753210","fromID":"1337350","toID":"1337349","formEdgeID":null},{"edgeID":"1753211","fromID":"1337348","toID":"1337351","formEdgeID":null},{"edgeID":"1753212","fromID":"1337351","toID":"1337347","formEdgeID":null},{"edgeID":"1753213","fromID":"1337325","toID":"1337352","formEdgeID":null},{"edgeID":"1753214","fromID":"1337352","toID":"1337333","formEdgeID":null},{"edgeID":"1753215","fromID":"1337332","toID":"1337353","formEdgeID":null},{"edgeID":"1753216","fromID":"1337353","toID":"1337324","formEdgeID":null},{"edgeID":"1753217","fromID":"1337352","toID":"1337354","formEdgeID":null},{"edgeID":"1753218","fromID":"1337354","toID":"1337353","formEdgeID":null},{"edgeID":"1753219","fromID":"1337333","toID":"1337355","formEdgeID":null},{"edgeID":"1753220","fromID":"1337355","toID":"1337338","formEdgeID":null},{"edgeID":"1753221","fromID":"1337337","toID":"1337356","formEdgeID":null},{"edgeID":"1753222","fromID":"1337356","toID":"1337342","formEdgeID":null},{"edgeID":"1753223","fromID":"1337338","toID":"1337357","formEdgeID":null},{"edgeID":"1753224","fromID":"1337357","toID":"1337343","formEdgeID":null},{"edgeID":"1753225","fromID":"1337357","toID":"1337358","formEdgeID":null},{"edgeID":"1753226","fromID":"1337358","toID":"1337356","formEdgeID":null},{"edgeID":"1753227","fromID":"1337342","toID":"1337359","formEdgeID":null},{"edgeID":"1753228","fromID":"1337359","toID":"1337332","formEdgeID":null},{"edgeID":"1753229","fromID":"1337333","toID":"1337360","formEdgeID":null},{"edgeID":"1753230","fromID":"1337360","toID":"1337343","formEdgeID":null},{"edgeID":"1753231","fromID":"1337360","toID":"1337361","formEdgeID":null},{"edgeID":"1753232","fromID":"1337361","toID":"1337359","formEdgeID":null},{"edgeID":"1753233","fromID":"1337347","toID":"1337362","formEdgeID":null},{"edgeID":"1753234","fromID":"1337362","toID":"1337342","formEdgeID":null},{"edgeID":"1753235","fromID":"1337343","toID":"1337363","formEdgeID":null},{"edgeID":"1753236","fromID":"1337363","toID":"1337348","formEdgeID":null},{"edgeID":"1753237","fromID":"1337363","toID":"1337364","formEdgeID":null},{"edgeID":"1753238","fromID":"1337364","toID":"1337362","formEdgeID":null},{"edgeID":"1753239","fromID":"1337366","toID":"1337365","formEdgeID":null},{"edgeID":"1753240","fromID":"1337367","toID":"1337366","formEdgeID":null},{"edgeID":"1753241","fromID":"1337370","toID":"1337369","formEdgeID":null},{"edgeID":"1753242","fromID":"1337371","toID":"1337370","formEdgeID":null},{"edgeID":"1753243","fromID":"1337365","toID":"1337372","formEdgeID":null},{"edgeID":"1753244","fromID":"1337372","toID":"1337368","formEdgeID":null},{"edgeID":"1753245","fromID":"1337369","toID":"1337373","formEdgeID":null},{"edgeID":"1753246","fromID":"1337373","toID":"1337365","formEdgeID":null},{"edgeID":"1753247","fromID":"1337230","toID":"1337374","formEdgeID":null},{"edgeID":"1753248","fromID":"1337374","toID":"1337369","formEdgeID":null},{"edgeID":"1753249","fromID":"1337377","toID":"1337376","formEdgeID":null},{"edgeID":"1753250","fromID":"1337378","toID":"1337377","formEdgeID":null},{"edgeID":"1753251","fromID":"1337376","toID":"1337379","formEdgeID":null},{"edgeID":"1753252","fromID":"1337379","toID":"1337375","formEdgeID":null},{"edgeID":"1753253","fromID":"1337375","toID":"1337380","formEdgeID":null},{"edgeID":"1753254","fromID":"1337380","toID":"1337224","formEdgeID":null},{"edgeID":"1753255","fromID":"1337225","toID":"1337381","formEdgeID":null},{"edgeID":"1753256","fromID":"1337381","toID":"1337376","formEdgeID":null},{"edgeID":"1753257","fromID":"1337381","toID":"1337382","formEdgeID":null},{"edgeID":"1753258","fromID":"1337382","toID":"1337380","formEdgeID":null},{"edgeID":"1753259","fromID":"1337375","toID":"1337383","formEdgeID":null},{"edgeID":"1753260","fromID":"1337383","toID":"1337368","formEdgeID":null},{"edgeID":"1753261","fromID":"1337369","toID":"1337384","formEdgeID":null},{"edgeID":"1753262","fromID":"1337384","toID":"1337376","formEdgeID":null},{"edgeID":"1753263","fromID":"1337384","toID":"1337385","formEdgeID":null},{"edgeID":"1753264","fromID":"1337385","toID":"1337383","formEdgeID":null},{"edgeID":"1753265","fromID":"1337237","toID":"1337386","formEdgeID":null},{"edgeID":"1753266","fromID":"1337386","toID":"1337375","formEdgeID":null},{"edgeID":"1753267","fromID":"1337376","toID":"1337387","formEdgeID":null},{"edgeID":"1753268","fromID":"1337387","toID":"1337238","formEdgeID":null},{"edgeID":"1753269","fromID":"1337387","toID":"1337388","formEdgeID":null},{"edgeID":"1753270","fromID":"1337388","toID":"1337386","formEdgeID":null},{"edgeID":"1753271","fromID":"1337250","toID":"1337389","formEdgeID":null},{"edgeID":"1753272","fromID":"1337389","toID":"1337237","formEdgeID":null},{"edgeID":"1753273","fromID":"1337238","toID":"1337390","formEdgeID":null},{"edgeID":"1753274","fromID":"1337390","toID":"1337251","formEdgeID":null},{"edgeID":"1753275","fromID":"1337390","toID":"1337391","formEdgeID":null},{"edgeID":"1753276","fromID":"1337391","toID":"1337389","formEdgeID":null}],"locutions":[]}