{"nodes":[{"nodeID":"1347969","text":"NHS staff going above and beyond has never been more the case than at the moment where you just have exhausted staff from the pandemic, traumatised staff from the pandemic, who are still turning up","type":"I","timestamp":"2023-11-09 14:05:05"},{"nodeID":"1347970","text":"Isabel Hardman: that has never been more the case than at the moment where you just have exhausted staff from the pandemic, traumatised staff from the pandemic, who are still turning up","type":"L","timestamp":"2023-11-09 14:05:05"},{"nodeID":"1347971","text":"Analysing","type":"YA","timestamp":"2023-11-09 14:05:05"},{"nodeID":"1347972","text":"Anon: Isabel Hardman: that has never been more the case than at the moment where you just have exhausted staff from the pandemic, traumatised staff from the pandemic, who are still turning up","type":"L","timestamp":"2023-11-09 14:05:05"},{"nodeID":"1347973","text":"Asserting","type":"YA","timestamp":"2023-11-09 14:05:05"},{"nodeID":"1347974","text":"NHS staff would like to retire early","type":"I","timestamp":"2023-11-09 14:05:06"},{"nodeID":"1347975","text":"Isabel Hardman: would like to retire early","type":"L","timestamp":"2023-11-09 14:05:06"},{"nodeID":"1347976","text":"Analysing","type":"YA","timestamp":"2023-11-09 14:05:06"},{"nodeID":"1347977","text":"Anon: Isabel Hardman: would like to retire early","type":"L","timestamp":"2023-11-09 14:05:06"},{"nodeID":"1347978","text":"Asserting","type":"YA","timestamp":"2023-11-09 14:05:06"},{"nodeID":"1347979","text":"in some cases NHS staff are being forced to retire early","type":"I","timestamp":"2023-11-09 14:05:06"},{"nodeID":"1347980","text":"Isabel Hardman: in some cases are being forced to retire early","type":"L","timestamp":"2023-11-09 14:05:06"},{"nodeID":"1347981","text":"Analysing","type":"YA","timestamp":"2023-11-09 14:05:06"},{"nodeID":"1347982","text":"Anon: Isabel Hardman: in some cases are being forced to retire early","type":"L","timestamp":"2023-11-09 14:05:06"},{"nodeID":"1347983","text":"Asserting","type":"YA","timestamp":"2023-11-09 14:05:06"},{"nodeID":"1347984","text":"there are issues with NHS staff's pensions","type":"I","timestamp":"2023-11-09 14:05:07"},{"nodeID":"1347985","text":"Isabel Hardman: issues with their pensions","type":"L","timestamp":"2023-11-09 14:05:07"},{"nodeID":"1347986","text":"Analysing","type":"YA","timestamp":"2023-11-09 14:05:07"},{"nodeID":"1347987","text":"Anon: Isabel Hardman: issues with their pensions","type":"L","timestamp":"2023-11-09 14:05:07"},{"nodeID":"1347988","text":"Asserting","type":"YA","timestamp":"2023-11-09 14:05:07"},{"nodeID":"1347989","text":"Default Transition","type":"TA","timestamp":"2023-11-09 14:05:07"},{"nodeID":"1347990","text":"Default Conflict","type":"CA","timestamp":"2023-11-09 14:05:07"},{"nodeID":"1347991","text":"Disagreeing","type":"YA","timestamp":"2023-11-09 14:05:07"},{"nodeID":"1347992","text":"Default Transition","type":"TA","timestamp":"2023-11-09 14:05:07"},{"nodeID":"1347993","text":"Default Transition","type":"TA","timestamp":"2023-11-09 14:05:07"},{"nodeID":"1347994","text":"Default Inference","type":"RA","timestamp":"2023-11-09 14:05:07"},{"nodeID":"1347995","text":"Arguing","type":"YA","timestamp":"2023-11-09 14:05:07"},{"nodeID":"1347996","text":"somebody from a centre right publication says we need to talk about the model of the NHS","type":"I","timestamp":"2023-11-09 14:05:08"},{"nodeID":"1347997","text":"Isabel Hardman: somebody from a centre right publication says we need to talk about the model of the NHS","type":"L","timestamp":"2023-11-09 14:05:08"},{"nodeID":"1347998","text":"Analysing","type":"YA","timestamp":"2023-11-09 14:05:08"},{"nodeID":"1347999","text":"Anon: Isabel Hardman: somebody from a centre right publication says we need to talk about the model of the NHS","type":"L","timestamp":"2023-11-09 14:05:08"},{"nodeID":"1348000","text":"Asserting","type":"YA","timestamp":"2023-11-09 14:05:08"},{"nodeID":"1348001","text":"people say: Oh, America","type":"I","timestamp":"2023-11-09 14:05:08"},{"nodeID":"1348002","text":"Isabel Hardman: people say: Oh, America","type":"L","timestamp":"2023-11-09 14:05:08"},{"nodeID":"1348003","text":"Analysing","type":"YA","timestamp":"2023-11-09 14:05:08"},{"nodeID":"1348004","text":"Anon: Isabel Hardman: people say: Oh, America","type":"L","timestamp":"2023-11-09 14:05:08"},{"nodeID":"1348005","text":"Asserting","type":"YA","timestamp":"2023-11-09 14:05:08"},{"nodeID":"1348006","text":"Default Inference","type":"RA","timestamp":"2023-11-09 14:05:08"},{"nodeID":"1348007","text":"Default Transition","type":"TA","timestamp":"2023-11-09 14:05:08"},{"nodeID":"1348008","text":"Default Transition","type":"TA","timestamp":"2023-11-09 14:05:08"},{"nodeID":"1348009","text":"Arguing","type":"YA","timestamp":"2023-11-09 14:05:08"},{"nodeID":"1348010","text":"'oh, America' is not what Isabel Hardman is going to say","type":"I","timestamp":"2023-11-09 14:05:09"},{"nodeID":"1348011","text":"Isabel Hardman: That's not what I'm going to say","type":"L","timestamp":"2023-11-09 14:05:09"},{"nodeID":"1348012","text":"Analysing","type":"YA","timestamp":"2023-11-09 14:05:09"},{"nodeID":"1348013","text":"Anon: Isabel Hardman: That's not what I'm going to say","type":"L","timestamp":"2023-11-09 14:05:09"},{"nodeID":"1348014","text":"Asserting","type":"YA","timestamp":"2023-11-09 14:05:09"},{"nodeID":"1348015","text":"Default Transition","type":"TA","timestamp":"2023-11-09 14:05:09"},{"nodeID":"1348016","text":"we need a discussion that our NHS runs hot every winter and this summer","type":"I","timestamp":"2023-11-09 14:05:10"},{"nodeID":"1348017","text":"Isabel Hardman: we need a discussion that our NHS runs hot every winter and this summer","type":"L","timestamp":"2023-11-09 14:05:10"},{"nodeID":"1348018","text":"Analysing","type":"YA","timestamp":"2023-11-09 14:05:10"},{"nodeID":"1348019","text":"Anon: Isabel Hardman: we need a discussion that our NHS runs hot every winter and this summer","type":"L","timestamp":"2023-11-09 14:05:10"},{"nodeID":"1348020","text":"Asserting","type":"YA","timestamp":"2023-11-09 14:05:10"},{"nodeID":"1348021","text":"Default Transition","type":"TA","timestamp":"2023-11-09 14:05:10"},{"nodeID":"1348022","text":"Default Inference","type":"RA","timestamp":"2023-11-09 14:05:10"},{"nodeID":"1348023","text":"Arguing","type":"YA","timestamp":"2023-11-09 14:05:10"},{"nodeID":"1348024","text":"when Isabel Hardman says 'ran hot', she does or does not\u00a0mean they were under intense pressure","type":"I","timestamp":"2023-11-09 14:05:10"},{"nodeID":"1348025","text":"Fiona Bruce: When you say ran hot, you\u00a0\u00a0\u00a0\u00a0mean under intense pressure","type":"L","timestamp":"2023-11-09 14:05:11"},{"nodeID":"1348026","text":"Analysing","type":"YA","timestamp":"2023-11-09 14:05:11"},{"nodeID":"1348027","text":"Anon: Fiona Bruce: When you say ran hot, you\u00a0\u00a0\u00a0\u00a0mean under intense pressure","type":"L","timestamp":"2023-11-09 14:05:11"},{"nodeID":"1348028","text":"Pure Questioning","type":"YA","timestamp":"2023-11-09 14:05:11"},{"nodeID":"1348029","text":"Default Transition","type":"TA","timestamp":"2023-11-09 14:05:11"},{"nodeID":"1348030","text":"the NHS ran near to 100 per cent capacity every winter and this summer","type":"I","timestamp":"2023-11-09 14:05:11"},{"nodeID":"1348031","text":"Isabel Hardman: Near to 100 percent\u00a0\u00a0\u00a0\u00a0capacity","type":"L","timestamp":"2023-11-09 14:05:11"},{"nodeID":"1348032","text":"Analysing","type":"YA","timestamp":"2023-11-09 14:05:11"},{"nodeID":"1348033","text":"Anon: Isabel Hardman: Near to 100 percent\u00a0\u00a0\u00a0\u00a0capacity","type":"L","timestamp":"2023-11-09 14:05:11"},{"nodeID":"1348034","text":"Asserting","type":"YA","timestamp":"2023-11-09 14:05:11"},{"nodeID":"1348035","text":"Default Transition","type":"TA","timestamp":"2023-11-09 14:05:11"},{"nodeID":"1348036","text":"Agreeing","type":"YA","timestamp":"2023-11-09 14:05:11"},{"nodeID":"1348037","text":"running near to 100 per cent capacity is the case in England, it's the case in Scotland","type":"I","timestamp":"2023-11-09 14:05:12"},{"nodeID":"1348038","text":"Isabel Hardman: That's the case in England, it's the case in Scotland","type":"L","timestamp":"2023-11-09 14:05:12"},{"nodeID":"1348039","text":"Analysing","type":"YA","timestamp":"2023-11-09 14:05:12"},{"nodeID":"1348040","text":"Anon: Isabel Hardman: That's the case in England, it's the case in Scotland","type":"L","timestamp":"2023-11-09 14:05:12"},{"nodeID":"1348041","text":"Asserting","type":"YA","timestamp":"2023-11-09 14:05:12"},{"nodeID":"1348042","text":"there is loading of attention and funding on to acute care rather than primary care and community care","type":"I","timestamp":"2023-11-09 14:05:12"},{"nodeID":"1348043","text":"Isabel Hardman: the loading of attention and funding on to acute care rather than primary care and community care","type":"L","timestamp":"2023-11-09 14:05:12"},{"nodeID":"1348044","text":"Analysing","type":"YA","timestamp":"2023-11-09 14:05:12"},{"nodeID":"1348045","text":"Anon: Isabel Hardman: the loading of attention and funding on to acute care rather than primary care and community care","type":"L","timestamp":"2023-11-09 14:05:12"},{"nodeID":"1348046","text":"Asserting","type":"YA","timestamp":"2023-11-09 14:05:12"},{"nodeID":"1348047","text":"Default Transition","type":"TA","timestamp":"2023-11-09 14:05:12"},{"nodeID":"1348048","text":"Default Transition","type":"TA","timestamp":"2023-11-09 14:05:12"},{"nodeID":"1348049","text":"the imbalance of attention and funding has again been the case ever since the inception of the Health Service","type":"I","timestamp":"2023-11-09 14:05:13"},{"nodeID":"1348050","text":"Isabel Hardman: That's again been the case ever since the inception of the Health Service","type":"L","timestamp":"2023-11-09 14:05:13"},{"nodeID":"1348051","text":"Analysing","type":"YA","timestamp":"2023-11-09 14:05:13"},{"nodeID":"1348052","text":"Anon: Isabel Hardman: That's again been the case ever since the inception of the Health Service","type":"L","timestamp":"2023-11-09 14:05:13"},{"nodeID":"1348053","text":"Asserting","type":"YA","timestamp":"2023-11-09 14:05:13"},{"nodeID":"1348054","text":"Default Rephrase","type":"MA","timestamp":"2023-11-09 14:05:13"},{"nodeID":"1348055","text":"Default Transition","type":"TA","timestamp":"2023-11-09 14:05:13"},{"nodeID":"1348056","text":"Restating","type":"YA","timestamp":"2023-11-09 14:05:13"},{"nodeID":"1348057","text":"Default Rephrase","type":"MA","timestamp":"2023-11-09 14:05:13"},{"nodeID":"1348058","text":"Restating","type":"YA","timestamp":"2023-11-09 14:05:13"},{"nodeID":"1348059","text":"people are coming to hospital with conditions that could have been treated much earlier","type":"I","timestamp":"2023-11-09 14:05:14"},{"nodeID":"1348060","text":"Isabel Hardman: people are coming to hospital with conditions that could have been treated much earlier","type":"L","timestamp":"2023-11-09 14:05:14"},{"nodeID":"1348061","text":"Analysing","type":"YA","timestamp":"2023-11-09 14:05:14"},{"nodeID":"1348062","text":"Anon: Isabel Hardman: people are coming to hospital with conditions that could have been treated much earlier","type":"L","timestamp":"2023-11-09 14:05:14"},{"nodeID":"1348063","text":"Asserting","type":"YA","timestamp":"2023-11-09 14:05:14"},{"nodeID":"1348064","text":"we barely have an NHS for mental health problems","type":"I","timestamp":"2023-11-09 14:05:15"},{"nodeID":"1348065","text":"Isabel Hardman: we barely have an NHS for mental health problems","type":"L","timestamp":"2023-11-09 14:05:15"},{"nodeID":"1348066","text":"Analysing","type":"YA","timestamp":"2023-11-09 14:05:15"},{"nodeID":"1348067","text":"Anon: Isabel Hardman: we barely have an NHS for mental health problems","type":"L","timestamp":"2023-11-09 14:05:15"},{"nodeID":"1348068","text":"Asserting","type":"YA","timestamp":"2023-11-09 14:05:15"},{"nodeID":"1348069","text":"Default Inference","type":"RA","timestamp":"2023-11-09 14:05:15"},{"nodeID":"1348070","text":"Default Inference","type":"RA","timestamp":"2023-11-09 14:05:15"},{"nodeID":"1348071","text":"Default Transition","type":"TA","timestamp":"2023-11-09 14:05:15"},{"nodeID":"1348072","text":"Arguing","type":"YA","timestamp":"2023-11-09 14:05:15"},{"nodeID":"1348073","text":"Default Transition","type":"TA","timestamp":"2023-11-09 14:05:15"},{"nodeID":"1348074","text":"Arguing","type":"YA","timestamp":"2023-11-09 14:05:15"},{"nodeID":"1348075","text":"Default Conflict","type":"CA","timestamp":"2023-11-09 14:05:15"},{"nodeID":"1348076","text":"Disagreeing","type":"YA","timestamp":"2023-11-09 14:05:15"}],"edges":[{"edgeID":"1765950","fromID":"1347971","toID":"1347970","formEdgeID":null},{"edgeID":"1765951","fromID":"1347972","toID":"1347971","formEdgeID":null},{"edgeID":"1765952","fromID":"1347970","toID":"1347973","formEdgeID":null},{"edgeID":"1765953","fromID":"1347973","toID":"1347969","formEdgeID":null},{"edgeID":"1765954","fromID":"1347976","toID":"1347975","formEdgeID":null},{"edgeID":"1765955","fromID":"1347977","toID":"1347976","formEdgeID":null},{"edgeID":"1765956","fromID":"1347975","toID":"1347978","formEdgeID":null},{"edgeID":"1765957","fromID":"1347978","toID":"1347974","formEdgeID":null},{"edgeID":"1765958","fromID":"1347981","toID":"1347980","formEdgeID":null},{"edgeID":"1765959","fromID":"1347982","toID":"1347981","formEdgeID":null},{"edgeID":"1765960","fromID":"1347980","toID":"1347983","formEdgeID":null},{"edgeID":"1765961","fromID":"1347983","toID":"1347979","formEdgeID":null},{"edgeID":"1765962","fromID":"1347986","toID":"1347985","formEdgeID":null},{"edgeID":"1765963","fromID":"1347987","toID":"1347986","formEdgeID":null},{"edgeID":"1765964","fromID":"1347985","toID":"1347988","formEdgeID":null},{"edgeID":"1765965","fromID":"1347988","toID":"1347984","formEdgeID":null},{"edgeID":"1765966","fromID":"1347970","toID":"1347989","formEdgeID":null},{"edgeID":"1765967","fromID":"1347989","toID":"1347975","formEdgeID":null},{"edgeID":"1765968","fromID":"1347974","toID":"1347990","formEdgeID":null},{"edgeID":"1765969","fromID":"1347990","toID":"1347969","formEdgeID":null},{"edgeID":"1765970","fromID":"1347989","toID":"1347991","formEdgeID":null},{"edgeID":"1765971","fromID":"1347991","toID":"1347990","formEdgeID":null},{"edgeID":"1765972","fromID":"1347975","toID":"1347992","formEdgeID":null},{"edgeID":"1765973","fromID":"1347992","toID":"1347980","formEdgeID":null},{"edgeID":"1765974","fromID":"1347980","toID":"1347993","formEdgeID":null},{"edgeID":"1765975","fromID":"1347993","toID":"1347985","formEdgeID":null},{"edgeID":"1765976","fromID":"1347984","toID":"1347994","formEdgeID":null},{"edgeID":"1765977","fromID":"1347994","toID":"1347979","formEdgeID":null},{"edgeID":"1765978","fromID":"1347993","toID":"1347995","formEdgeID":null},{"edgeID":"1765979","fromID":"1347995","toID":"1347994","formEdgeID":null},{"edgeID":"1765980","fromID":"1347998","toID":"1347997","formEdgeID":null},{"edgeID":"1765981","fromID":"1347999","toID":"1347998","formEdgeID":null},{"edgeID":"1765982","fromID":"1347997","toID":"1348000","formEdgeID":null},{"edgeID":"1765983","fromID":"1348000","toID":"1347996","formEdgeID":null},{"edgeID":"1765984","fromID":"1348003","toID":"1348002","formEdgeID":null},{"edgeID":"1765985","fromID":"1348004","toID":"1348003","formEdgeID":null},{"edgeID":"1765986","fromID":"1348002","toID":"1348005","formEdgeID":null},{"edgeID":"1765987","fromID":"1348005","toID":"1348001","formEdgeID":null},{"edgeID":"1765988","fromID":"1347996","toID":"1348006","formEdgeID":null},{"edgeID":"1765989","fromID":"1348006","toID":"1348001","formEdgeID":null},{"edgeID":"1765990","fromID":"1347985","toID":"1348007","formEdgeID":null},{"edgeID":"1765991","fromID":"1348007","toID":"1347997","formEdgeID":null},{"edgeID":"1765992","fromID":"1347997","toID":"1348008","formEdgeID":null},{"edgeID":"1765993","fromID":"1348008","toID":"1348002","formEdgeID":null},{"edgeID":"1765994","fromID":"1348008","toID":"1348009","formEdgeID":null},{"edgeID":"1765995","fromID":"1348009","toID":"1348006","formEdgeID":null},{"edgeID":"1765996","fromID":"1348012","toID":"1348011","formEdgeID":null},{"edgeID":"1765997","fromID":"1348013","toID":"1348012","formEdgeID":null},{"edgeID":"1765998","fromID":"1348011","toID":"1348014","formEdgeID":null},{"edgeID":"1765999","fromID":"1348014","toID":"1348010","formEdgeID":null},{"edgeID":"1766000","fromID":"1348002","toID":"1348015","formEdgeID":null},{"edgeID":"1766001","fromID":"1348015","toID":"1348011","formEdgeID":null},{"edgeID":"1766002","fromID":"1348018","toID":"1348017","formEdgeID":null},{"edgeID":"1766003","fromID":"1348019","toID":"1348018","formEdgeID":null},{"edgeID":"1766004","fromID":"1348017","toID":"1348020","formEdgeID":null},{"edgeID":"1766005","fromID":"1348020","toID":"1348016","formEdgeID":null},{"edgeID":"1766006","fromID":"1348011","toID":"1348021","formEdgeID":null},{"edgeID":"1766007","fromID":"1348021","toID":"1348017","formEdgeID":null},{"edgeID":"1766008","fromID":"1348016","toID":"1348022","formEdgeID":null},{"edgeID":"1766009","fromID":"1348022","toID":"1348010","formEdgeID":null},{"edgeID":"1766010","fromID":"1348021","toID":"1348023","formEdgeID":null},{"edgeID":"1766011","fromID":"1348023","toID":"1348022","formEdgeID":null},{"edgeID":"1766012","fromID":"1348026","toID":"1348025","formEdgeID":null},{"edgeID":"1766013","fromID":"1348027","toID":"1348026","formEdgeID":null},{"edgeID":"1766014","fromID":"1348025","toID":"1348028","formEdgeID":null},{"edgeID":"1766015","fromID":"1348028","toID":"1348024","formEdgeID":null},{"edgeID":"1766016","fromID":"1348017","toID":"1348029","formEdgeID":null},{"edgeID":"1766017","fromID":"1348029","toID":"1348025","formEdgeID":null},{"edgeID":"1766018","fromID":"1348032","toID":"1348031","formEdgeID":null},{"edgeID":"1766019","fromID":"1348033","toID":"1348032","formEdgeID":null},{"edgeID":"1766020","fromID":"1348031","toID":"1348034","formEdgeID":null},{"edgeID":"1766021","fromID":"1348034","toID":"1348030","formEdgeID":null},{"edgeID":"1766022","fromID":"1348025","toID":"1348035","formEdgeID":null},{"edgeID":"1766023","fromID":"1348035","toID":"1348031","formEdgeID":null},{"edgeID":"1766024","fromID":"1348035","toID":"1348036","formEdgeID":null},{"edgeID":"1766025","fromID":"1348036","toID":"1348024","formEdgeID":null},{"edgeID":"1766026","fromID":"1348039","toID":"1348038","formEdgeID":null},{"edgeID":"1766027","fromID":"1348040","toID":"1348039","formEdgeID":null},{"edgeID":"1766028","fromID":"1348038","toID":"1348041","formEdgeID":null},{"edgeID":"1766029","fromID":"1348041","toID":"1348037","formEdgeID":null},{"edgeID":"1766030","fromID":"1348044","toID":"1348043","formEdgeID":null},{"edgeID":"1766031","fromID":"1348045","toID":"1348044","formEdgeID":null},{"edgeID":"1766032","fromID":"1348043","toID":"1348046","formEdgeID":null},{"edgeID":"1766033","fromID":"1348046","toID":"1348042","formEdgeID":null},{"edgeID":"1766034","fromID":"1348031","toID":"1348047","formEdgeID":null},{"edgeID":"1766035","fromID":"1348047","toID":"1348038","formEdgeID":null},{"edgeID":"1766036","fromID":"1348038","toID":"1348048","formEdgeID":null},{"edgeID":"1766037","fromID":"1348048","toID":"1348043","formEdgeID":null},{"edgeID":"1766038","fromID":"1348051","toID":"1348050","formEdgeID":null},{"edgeID":"1766039","fromID":"1348052","toID":"1348051","formEdgeID":null},{"edgeID":"1766040","fromID":"1348050","toID":"1348053","formEdgeID":null},{"edgeID":"1766041","fromID":"1348053","toID":"1348049","formEdgeID":null},{"edgeID":"1766042","fromID":"1348049","toID":"1348054","formEdgeID":null},{"edgeID":"1766043","fromID":"1348054","toID":"1348042","formEdgeID":null},{"edgeID":"1766044","fromID":"1348043","toID":"1348055","formEdgeID":null},{"edgeID":"1766045","fromID":"1348055","toID":"1348050","formEdgeID":null},{"edgeID":"1766046","fromID":"1348055","toID":"1348056","formEdgeID":null},{"edgeID":"1766047","fromID":"1348056","toID":"1348054","formEdgeID":null},{"edgeID":"1766048","fromID":"1348037","toID":"1348057","formEdgeID":null},{"edgeID":"1766049","fromID":"1348057","toID":"1348030","formEdgeID":null},{"edgeID":"1766050","fromID":"1348047","toID":"1348058","formEdgeID":null},{"edgeID":"1766051","fromID":"1348058","toID":"1348057","formEdgeID":null},{"edgeID":"1766052","fromID":"1348061","toID":"1348060","formEdgeID":null},{"edgeID":"1766053","fromID":"1348062","toID":"1348061","formEdgeID":null},{"edgeID":"1766054","fromID":"1348060","toID":"1348063","formEdgeID":null},{"edgeID":"1766055","fromID":"1348063","toID":"1348059","formEdgeID":null},{"edgeID":"1766056","fromID":"1348066","toID":"1348065","formEdgeID":null},{"edgeID":"1766057","fromID":"1348067","toID":"1348066","formEdgeID":null},{"edgeID":"1766058","fromID":"1348065","toID":"1348068","formEdgeID":null},{"edgeID":"1766059","fromID":"1348068","toID":"1348064","formEdgeID":null},{"edgeID":"1766060","fromID":"1348042","toID":"1348069","formEdgeID":null},{"edgeID":"1766061","fromID":"1348069","toID":"1348064","formEdgeID":null},{"edgeID":"1766062","fromID":"1348042","toID":"1348070","formEdgeID":null},{"edgeID":"1766063","fromID":"1348070","toID":"1348059","formEdgeID":null},{"edgeID":"1766064","fromID":"1348043","toID":"1348071","formEdgeID":null},{"edgeID":"1766065","fromID":"1348071","toID":"1348060","formEdgeID":null},{"edgeID":"1766066","fromID":"1348071","toID":"1348072","formEdgeID":null},{"edgeID":"1766067","fromID":"1348072","toID":"1348070","formEdgeID":null},{"edgeID":"1766068","fromID":"1348043","toID":"1348073","formEdgeID":null},{"edgeID":"1766069","fromID":"1348073","toID":"1348065","formEdgeID":null},{"edgeID":"1766070","fromID":"1348073","toID":"1348074","formEdgeID":null},{"edgeID":"1766071","fromID":"1348074","toID":"1348069","formEdgeID":null},{"edgeID":"1766072","fromID":"1348010","toID":"1348075","formEdgeID":null},{"edgeID":"1766073","fromID":"1348075","toID":"1348001","formEdgeID":null},{"edgeID":"1766074","fromID":"1348015","toID":"1348076","formEdgeID":null},{"edgeID":"1766075","fromID":"1348076","toID":"1348075","formEdgeID":null}],"locutions":[]}