{"nodes":[{"nodeID":"1149793","text":"the Smith Commission was arranged after the referendum to give Scotland more powers","type":"I","timestamp":"2023-04-20 20:00:03"},{"nodeID":"1335808","text":"Analysing","type":"YA","timestamp":"2023-11-09 13:45:53"},{"nodeID":"1335809","text":"Chris: John Swinney:  The central issue about what has changed since 2014 has been the EU exit","type":"L","timestamp":"2023-11-09 13:45:53"},{"nodeID":"1335810","text":"the central issue about what has changed since 2014 has been the EU exit, which has been forced upon Scotland","type":"I","timestamp":"2023-11-09 13:45:54"},{"nodeID":"1335811","text":"John Swinney: The central issue about what has changed since 2014 has been the EU exit, which has been forced upon us","type":"L","timestamp":"2023-11-09 13:45:54"},{"nodeID":"1335812","text":"Analysing","type":"YA","timestamp":"2023-11-09 13:45:54"},{"nodeID":"1335813","text":"Chris: John Swinney: The central issue about what has changed since 2014 has been the EU exit, which has been forced upon us","type":"L","timestamp":"2023-11-09 13:45:54"},{"nodeID":"1335814","text":"Asserting","type":"YA","timestamp":"2023-11-09 13:45:54"},{"nodeID":"1335815","text":"the EU exit has led to a very damaging set of arrangements put in place that are making it more difficult for Scotland to prosper","type":"I","timestamp":"2023-11-09 13:45:54"},{"nodeID":"1335816","text":"John Swinney: a very damaging set of arrangements put in place that are making it more difficult for Scotland to prosper","type":"L","timestamp":"2023-11-09 13:45:54"},{"nodeID":"1335817","text":"Analysing","type":"YA","timestamp":"2023-11-09 13:45:54"},{"nodeID":"1335818","text":"Chris: John Swinney: a very damaging set of arrangements put in place that are making it more difficult for Scotland to prosper","type":"L","timestamp":"2023-11-09 13:45:54"},{"nodeID":"1335819","text":"Asserting","type":"YA","timestamp":"2023-11-09 13:45:54"},{"nodeID":"1335820","text":"Default Transition","type":"TA","timestamp":"2023-11-09 13:45:54"},{"nodeID":"1335821","text":"Default Rephrase","type":"MA","timestamp":"2023-11-09 13:45:54"},{"nodeID":"1335822","text":"Restating","type":"YA","timestamp":"2023-11-09 13:45:54"},{"nodeID":"1335823","text":"much of the economic difficulty we're facing just now as a United Kingdom has its roots in Brexit","type":"I","timestamp":"2023-11-09 13:45:55"},{"nodeID":"1335824","text":"John Swinney: much of the economic difficulty we're facing just now as a United Kingdom has its roots in Brexit","type":"L","timestamp":"2023-11-09 13:45:55"},{"nodeID":"1335825","text":"Analysing","type":"YA","timestamp":"2023-11-09 13:45:55"},{"nodeID":"1335826","text":"Chris: John Swinney: much of the economic difficulty we're facing just now as a United Kingdom has its roots in Brexit","type":"L","timestamp":"2023-11-09 13:45:55"},{"nodeID":"1335827","text":"Asserting","type":"YA","timestamp":"2023-11-09 13:45:55"},{"nodeID":"1335828","text":"Default Transition","type":"TA","timestamp":"2023-11-09 13:45:55"},{"nodeID":"1335829","text":"Default Rephrase","type":"MA","timestamp":"2023-11-09 13:45:55"},{"nodeID":"1335830","text":"Restating","type":"YA","timestamp":"2023-11-09 13:45:55"},{"nodeID":"1335831","text":"the folly of Brexit that has been imposed upon Scotland","type":"I","timestamp":"2023-11-09 13:45:56"},{"nodeID":"1335832","text":"John Swinney: the folly of Brexit that has been imposed upon us","type":"L","timestamp":"2023-11-09 13:45:56"},{"nodeID":"1335833","text":"Analysing","type":"YA","timestamp":"2023-11-09 13:45:56"},{"nodeID":"1335834","text":"Chris: John Swinney: the folly of Brexit that has been imposed upon us","type":"L","timestamp":"2023-11-09 13:45:56"},{"nodeID":"1335835","text":"Asserting","type":"YA","timestamp":"2023-11-09 13:45:56"},{"nodeID":"1335836","text":"Default Transition","type":"TA","timestamp":"2023-11-09 13:45:56"},{"nodeID":"1335837","text":"Default Rephrase","type":"MA","timestamp":"2023-11-09 13:45:56"},{"nodeID":"1335838","text":"Default Transition","type":"TA","timestamp":"2023-11-09 13:45:56"},{"nodeID":"1335839","text":"Restating","type":"YA","timestamp":"2023-11-09 13:45:56"},{"nodeID":"1335840","text":"Default Inference","type":"RA","timestamp":"2023-11-09 13:45:56"},{"nodeID":"1335841","text":"Arguing","type":"YA","timestamp":"2023-11-09 13:45:56"},{"nodeID":"1335842","text":"on the question of a nuanced discussion, where there are other constitutional options","type":"I","timestamp":"2023-11-09 13:45:56"},{"nodeID":"1335843","text":"John Swinney: On the question of a nuanced discussion, where there are other constitutional options","type":"L","timestamp":"2023-11-09 13:45:56"},{"nodeID":"1335844","text":"Analysing","type":"YA","timestamp":"2023-11-09 13:45:56"},{"nodeID":"1335845","text":"Chris: John Swinney: On the question of a nuanced discussion, where there are other constitutional options","type":"L","timestamp":"2023-11-09 13:45:56"},{"nodeID":"1335846","text":"Rhetorical Questioning","type":"YA","timestamp":"2023-11-09 13:45:56"},{"nodeID":"1335847","text":"Default Transition","type":"TA","timestamp":"2023-11-09 13:45:56"},{"nodeID":"1335848","text":"after the 2014 election, John Swinney took part in good faith in the Smith Commission","type":"I","timestamp":"2023-11-09 13:45:57"},{"nodeID":"1335849","text":"John Swinney: after the 2014 election, I took part in good faith in the Smith Commission","type":"L","timestamp":"2023-11-09 13:45:57"},{"nodeID":"1335850","text":"Analysing","type":"YA","timestamp":"2023-11-09 13:45:57"},{"nodeID":"1335851","text":"Chris: John Swinney: after the 2014 election, I took part in good faith in the Smith Commission","type":"L","timestamp":"2023-11-09 13:45:57"},{"nodeID":"1335852","text":"Asserting","type":"YA","timestamp":"2023-11-09 13:45:57"},{"nodeID":"1335853","text":"John Swinney: which was arranged after the referendum to give Scotland more powers","type":"L","timestamp":"2023-11-09 13:45:57"},{"nodeID":"1335854","text":"Analysing","type":"YA","timestamp":"2023-11-09 13:45:57"},{"nodeID":"1335855","text":"Chris: John Swinney: which was arranged after the referendum to give Scotland more powers","type":"L","timestamp":"2023-11-09 13:45:57"},{"nodeID":"1335856","text":"Asserting","type":"YA","timestamp":"2023-11-09 13:45:57"},{"nodeID":"1335857","text":"Default Transition","type":"TA","timestamp":"2023-11-09 13:45:57"},{"nodeID":"1335858","text":"Default Rephrase","type":"MA","timestamp":"2023-11-09 13:45:57"},{"nodeID":"1335859","text":"Restating","type":"YA","timestamp":"2023-11-09 13:45:57"},{"nodeID":"1335860","text":"the Smith Commission was to essentially deliver on the commitments of the UK parties of essentially the closest to federalism you can get","type":"I","timestamp":"2023-11-09 13:45:58"},{"nodeID":"1335861","text":"John Swinney: It was to essentially deliver on the commitments of the UK parties of essentiallythe closest to federalism you can get","type":"L","timestamp":"2023-11-09 13:45:58"},{"nodeID":"1335862","text":"Analysing","type":"YA","timestamp":"2023-11-09 13:45:58"},{"nodeID":"1335863","text":"Chris: John Swinney: It was to essentially deliver on the commitments of the UK parties of essentiallythe closest to federalism you can get","type":"L","timestamp":"2023-11-09 13:45:58"},{"nodeID":"1335864","text":"Asserting","type":"YA","timestamp":"2023-11-09 13:45:58"},{"nodeID":"1335865","text":"Default Transition","type":"TA","timestamp":"2023-11-09 13:45:58"},{"nodeID":"1335866","text":"the UK parties have committed to the closest to federalism you can get","type":"I","timestamp":"2023-11-09 13:45:59"},{"nodeID":"1335867","text":"Anas Sarwar: as Gordon Brown said -- the closest to federalism you can get","type":"L","timestamp":"2023-11-09 13:45:59"},{"nodeID":"1335868","text":"Analysing","type":"YA","timestamp":"2023-11-09 13:45:59"},{"nodeID":"1335869","text":"Chris: Anas Sarwar: as Gordon Brown said -- the closest to federalism you can get","type":"L","timestamp":"2023-11-09 13:45:59"},{"nodeID":"1335870","text":"Default Transition","type":"TA","timestamp":"2023-11-09 13:45:59"},{"nodeID":"1335871","text":"Default Rephrase","type":"MA","timestamp":"2023-11-09 13:45:59"},{"nodeID":"1335872","text":"Restating","type":"YA","timestamp":"2023-11-09 13:45:59"},{"nodeID":"1335873","text":"Default Rephrase","type":"MA","timestamp":"2023-11-09 13:45:59"},{"nodeID":"1335874","text":"Restating","type":"YA","timestamp":"2023-11-09 13:45:59"},{"nodeID":"1335875","text":"Gordon Brown: the UK parties have committed to the closest to federalism you can get","type":"L","timestamp":"2023-11-09 13:45:59"},{"nodeID":"1335876","text":"Analysing","type":"YA","timestamp":"2023-11-09 13:45:59"},{"nodeID":"1335877","text":"Chris: Gordon Brown: the UK parties have committed to the closest to federalism you can get","type":"L","timestamp":"2023-11-09 13:45:59"},{"nodeID":"1335878","text":"Asserting","type":"YA","timestamp":"2023-11-09 13:45:59"},{"nodeID":"1335879","text":"Asserting","type":"YA","timestamp":"2023-11-09 13:45:59"},{"nodeID":"1335880","text":"promised extra powers for Scotland never materialised","type":"I","timestamp":"2023-11-09 13:45:59"},{"nodeID":"1335881","text":"John Swinney: It never materialised","type":"L","timestamp":"2023-11-09 13:45:59"},{"nodeID":"1335882","text":"Analysing","type":"YA","timestamp":"2023-11-09 13:45:59"},{"nodeID":"1335883","text":"Chris: John Swinney: It never materialised","type":"L","timestamp":"2023-11-09 13:45:59"},{"nodeID":"1335884","text":"Asserting","type":"YA","timestamp":"2023-11-09 13:45:59"},{"nodeID":"1335885","text":"Default Transition","type":"TA","timestamp":"2023-11-09 13:45:59"},{"nodeID":"1335886","text":"Default Rephrase","type":"MA","timestamp":"2023-11-09 13:45:59"},{"nodeID":"1335887","text":"Default Transition","type":"TA","timestamp":"2023-11-09 13:45:59"},{"nodeID":"1335888","text":"Default Illocuting","type":"YA","timestamp":"2023-11-09 13:45:59"},{"nodeID":"1335889","text":"forgive John Swinney for being a bit sceptical about the United Kingdom's ability to reform itself when it has demonstrated over time that it can't do that","type":"I","timestamp":"2023-11-09 13:46:00"},{"nodeID":"1335890","text":"John Swinney: forgive me for being a bit sceptical about the United Kingdom's ability to reform itself when it has demonstrated over time that it can't do that","type":"L","timestamp":"2023-11-09 13:46:00"},{"nodeID":"1335891","text":"Analysing","type":"YA","timestamp":"2023-11-09 13:46:00"},{"nodeID":"1335892","text":"Chris: John Swinney: forgive me for being a bit sceptical about the United Kingdom's ability to reform itself when it has demonstrated over time that it can't do that","type":"L","timestamp":"2023-11-09 13:46:00"},{"nodeID":"1335893","text":"Asserting","type":"YA","timestamp":"2023-11-09 13:46:00"},{"nodeID":"1335894","text":"Default Transition","type":"TA","timestamp":"2023-11-09 13:46:00"},{"nodeID":"1335895","text":"Default Inference","type":"RA","timestamp":"2023-11-09 13:46:00"},{"nodeID":"1335896","text":"Arguing","type":"YA","timestamp":"2023-11-09 13:46:00"},{"nodeID":"1335897","text":"currently, today, the devolved powers that Scotland voted for in a referendum are being systematically dismantled by a very hostile Conservative government in London","type":"I","timestamp":"2023-11-09 13:46:01"},{"nodeID":"1335898","text":"John Swinney: currently, today, the devolved powers that Scotland voted for in a referendum are being systematically dismantled by a very hostile Conservative government in London","type":"L","timestamp":"2023-11-09 13:46:01"},{"nodeID":"1335899","text":"Analysing","type":"YA","timestamp":"2023-11-09 13:46:01"},{"nodeID":"1335900","text":"Chris: John Swinney: currently, today, the devolved powers that Scotland voted for in a referendum are being systematically dismantled by a very hostile Conservative government in London","type":"L","timestamp":"2023-11-09 13:46:01"},{"nodeID":"1335901","text":"Asserting","type":"YA","timestamp":"2023-11-09 13:46:01"},{"nodeID":"1335902","text":"Default Transition","type":"TA","timestamp":"2023-11-09 13:46:01"},{"nodeID":"1335903","text":"Default Rephrase","type":"MA","timestamp":"2023-11-09 13:46:01"},{"nodeID":"1335904","text":"Default Rephrase","type":"MA","timestamp":"2023-11-09 13:46:01"},{"nodeID":"1335905","text":"Restating","type":"YA","timestamp":"2023-11-09 13:46:01"},{"nodeID":"1335906","text":"Default Transition","type":"TA","timestamp":"2023-11-09 13:46:01"},{"nodeID":"1335907","text":"Restating","type":"YA","timestamp":"2023-11-09 13:46:01"},{"nodeID":"1335908","text":"Default Conflict","type":"CA","timestamp":"2023-11-09 13:46:01"},{"nodeID":"1335909","text":"Default Transition","type":"TA","timestamp":"2023-11-09 13:46:01"},{"nodeID":"1335910","text":"Disagreeing","type":"YA","timestamp":"2023-11-09 13:46:01"}],"edges":[{"edgeID":"1751374","fromID":"1335809","toID":"1335808","formEdgeID":null},{"edgeID":"1751375","fromID":"1335812","toID":"1335811","formEdgeID":null},{"edgeID":"1751376","fromID":"1335813","toID":"1335812","formEdgeID":null},{"edgeID":"1751377","fromID":"1335811","toID":"1335814","formEdgeID":null},{"edgeID":"1751378","fromID":"1335814","toID":"1335810","formEdgeID":null},{"edgeID":"1751379","fromID":"1335817","toID":"1335816","formEdgeID":null},{"edgeID":"1751380","fromID":"1335818","toID":"1335817","formEdgeID":null},{"edgeID":"1751381","fromID":"1335816","toID":"1335819","formEdgeID":null},{"edgeID":"1751382","fromID":"1335819","toID":"1335815","formEdgeID":null},{"edgeID":"1751383","fromID":"1335811","toID":"1335820","formEdgeID":null},{"edgeID":"1751384","fromID":"1335820","toID":"1335816","formEdgeID":null},{"edgeID":"1751385","fromID":"1335815","toID":"1335821","formEdgeID":null},{"edgeID":"1751386","fromID":"1335821","toID":"1335810","formEdgeID":null},{"edgeID":"1751387","fromID":"1335820","toID":"1335822","formEdgeID":null},{"edgeID":"1751388","fromID":"1335822","toID":"1335821","formEdgeID":null},{"edgeID":"1751389","fromID":"1335825","toID":"1335824","formEdgeID":null},{"edgeID":"1751390","fromID":"1335826","toID":"1335825","formEdgeID":null},{"edgeID":"1751391","fromID":"1335824","toID":"1335827","formEdgeID":null},{"edgeID":"1751392","fromID":"1335827","toID":"1335823","formEdgeID":null},{"edgeID":"1751393","fromID":"1335816","toID":"1335828","formEdgeID":null},{"edgeID":"1751394","fromID":"1335828","toID":"1335824","formEdgeID":null},{"edgeID":"1751395","fromID":"1335823","toID":"1335829","formEdgeID":null},{"edgeID":"1751396","fromID":"1335829","toID":"1335815","formEdgeID":null},{"edgeID":"1751397","fromID":"1335828","toID":"1335830","formEdgeID":null},{"edgeID":"1751398","fromID":"1335830","toID":"1335829","formEdgeID":null},{"edgeID":"1751399","fromID":"1335833","toID":"1335832","formEdgeID":null},{"edgeID":"1751400","fromID":"1335834","toID":"1335833","formEdgeID":null},{"edgeID":"1751401","fromID":"1335832","toID":"1335835","formEdgeID":null},{"edgeID":"1751402","fromID":"1335835","toID":"1335831","formEdgeID":null},{"edgeID":"1751403","fromID":"1335824","toID":"1335836","formEdgeID":null},{"edgeID":"1751404","fromID":"1335836","toID":"1335832","formEdgeID":null},{"edgeID":"1751405","fromID":"1335831","toID":"1335837","formEdgeID":null},{"edgeID":"1751406","fromID":"1335837","toID":"1335810","formEdgeID":null},{"edgeID":"1751407","fromID":"1335811","toID":"1335838","formEdgeID":null},{"edgeID":"1751408","fromID":"1335838","toID":"1335832","formEdgeID":null},{"edgeID":"1751409","fromID":"1335838","toID":"1335839","formEdgeID":null},{"edgeID":"1751410","fromID":"1335839","toID":"1335837","formEdgeID":null},{"edgeID":"1751411","fromID":"1335831","toID":"1335840","formEdgeID":null},{"edgeID":"1751412","fromID":"1335840","toID":"1335810","formEdgeID":null},{"edgeID":"1751413","fromID":"1335823","toID":"1335840","formEdgeID":null},{"edgeID":"1751414","fromID":"1335836","toID":"1335841","formEdgeID":null},{"edgeID":"1751415","fromID":"1335841","toID":"1335840","formEdgeID":null},{"edgeID":"1751416","fromID":"1335844","toID":"1335843","formEdgeID":null},{"edgeID":"1751417","fromID":"1335845","toID":"1335844","formEdgeID":null},{"edgeID":"1751418","fromID":"1335843","toID":"1335846","formEdgeID":null},{"edgeID":"1751419","fromID":"1335846","toID":"1335842","formEdgeID":null},{"edgeID":"1751420","fromID":"1335832","toID":"1335847","formEdgeID":null},{"edgeID":"1751421","fromID":"1335847","toID":"1335843","formEdgeID":null},{"edgeID":"1751422","fromID":"1335850","toID":"1335849","formEdgeID":null},{"edgeID":"1751423","fromID":"1335851","toID":"1335850","formEdgeID":null},{"edgeID":"1751424","fromID":"1335849","toID":"1335852","formEdgeID":null},{"edgeID":"1751425","fromID":"1335852","toID":"1335848","formEdgeID":null},{"edgeID":"1751426","fromID":"1335854","toID":"1335853","formEdgeID":null},{"edgeID":"1751427","fromID":"1335855","toID":"1335854","formEdgeID":null},{"edgeID":"1751428","fromID":"1335853","toID":"1335856","formEdgeID":null},{"edgeID":"1751429","fromID":"1335856","toID":"1149793","formEdgeID":null},{"edgeID":"1751430","fromID":"1335849","toID":"1335857","formEdgeID":null},{"edgeID":"1751431","fromID":"1335857","toID":"1335853","formEdgeID":null},{"edgeID":"1751432","fromID":"1149793","toID":"1335858","formEdgeID":null},{"edgeID":"1751433","fromID":"1335858","toID":"1335848","formEdgeID":null},{"edgeID":"1751434","fromID":"1335857","toID":"1335859","formEdgeID":null},{"edgeID":"1751435","fromID":"1335859","toID":"1335858","formEdgeID":null},{"edgeID":"1751436","fromID":"1335862","toID":"1335861","formEdgeID":null},{"edgeID":"1751437","fromID":"1335863","toID":"1335862","formEdgeID":null},{"edgeID":"1751438","fromID":"1335861","toID":"1335864","formEdgeID":null},{"edgeID":"1751439","fromID":"1335864","toID":"1335860","formEdgeID":null},{"edgeID":"1751440","fromID":"1335853","toID":"1335865","formEdgeID":null},{"edgeID":"1751441","fromID":"1335865","toID":"1335861","formEdgeID":null},{"edgeID":"1751442","fromID":"1335868","toID":"1335867","formEdgeID":null},{"edgeID":"1751443","fromID":"1335869","toID":"1335868","formEdgeID":null},{"edgeID":"1751444","fromID":"1335861","toID":"1335870","formEdgeID":null},{"edgeID":"1751445","fromID":"1335870","toID":"1335867","formEdgeID":null},{"edgeID":"1751446","fromID":"1335860","toID":"1335871","formEdgeID":null},{"edgeID":"1751447","fromID":"1335871","toID":"1149793","formEdgeID":null},{"edgeID":"1751448","fromID":"1335865","toID":"1335872","formEdgeID":null},{"edgeID":"1751449","fromID":"1335872","toID":"1335871","formEdgeID":null},{"edgeID":"1751450","fromID":"1335866","toID":"1335873","formEdgeID":null},{"edgeID":"1751451","fromID":"1335873","toID":"1335860","formEdgeID":null},{"edgeID":"1751452","fromID":"1335870","toID":"1335874","formEdgeID":null},{"edgeID":"1751453","fromID":"1335874","toID":"1335873","formEdgeID":null},{"edgeID":"1751454","fromID":"1335876","toID":"1335875","formEdgeID":null},{"edgeID":"1751455","fromID":"1335877","toID":"1335876","formEdgeID":null},{"edgeID":"1751456","fromID":"1335875","toID":"1335878","formEdgeID":null},{"edgeID":"1751457","fromID":"1335878","toID":"1335866","formEdgeID":null},{"edgeID":"1751458","fromID":"1335867","toID":"1335879","formEdgeID":null},{"edgeID":"1751459","fromID":"1335879","toID":"1335875","formEdgeID":null},{"edgeID":"1751460","fromID":"1335882","toID":"1335881","formEdgeID":null},{"edgeID":"1751461","fromID":"1335883","toID":"1335882","formEdgeID":null},{"edgeID":"1751462","fromID":"1335881","toID":"1335884","formEdgeID":null},{"edgeID":"1751463","fromID":"1335884","toID":"1335880","formEdgeID":null},{"edgeID":"1751464","fromID":"1335867","toID":"1335885","formEdgeID":null},{"edgeID":"1751465","fromID":"1335885","toID":"1335881","formEdgeID":null},{"edgeID":"1751466","fromID":"1335880","toID":"1335886","formEdgeID":null},{"edgeID":"1751467","fromID":"1335886","toID":"1335842","formEdgeID":null},{"edgeID":"1751468","fromID":"1335843","toID":"1335887","formEdgeID":null},{"edgeID":"1751469","fromID":"1335887","toID":"1335881","formEdgeID":null},{"edgeID":"1751470","fromID":"1335887","toID":"1335888","formEdgeID":null},{"edgeID":"1751471","fromID":"1335888","toID":"1335886","formEdgeID":null},{"edgeID":"1751472","fromID":"1335891","toID":"1335890","formEdgeID":null},{"edgeID":"1751473","fromID":"1335892","toID":"1335891","formEdgeID":null},{"edgeID":"1751474","fromID":"1335890","toID":"1335893","formEdgeID":null},{"edgeID":"1751475","fromID":"1335893","toID":"1335889","formEdgeID":null},{"edgeID":"1751476","fromID":"1335881","toID":"1335894","formEdgeID":null},{"edgeID":"1751477","fromID":"1335894","toID":"1335890","formEdgeID":null},{"edgeID":"1751478","fromID":"1335880","toID":"1335895","formEdgeID":null},{"edgeID":"1751479","fromID":"1335895","toID":"1335889","formEdgeID":null},{"edgeID":"1751480","fromID":"1335894","toID":"1335896","formEdgeID":null},{"edgeID":"1751481","fromID":"1335896","toID":"1335895","formEdgeID":null},{"edgeID":"1751482","fromID":"1335899","toID":"1335898","formEdgeID":null},{"edgeID":"1751483","fromID":"1335900","toID":"1335899","formEdgeID":null},{"edgeID":"1751484","fromID":"1335898","toID":"1335901","formEdgeID":null},{"edgeID":"1751485","fromID":"1335901","toID":"1335897","formEdgeID":null},{"edgeID":"1751486","fromID":"1335890","toID":"1335902","formEdgeID":null},{"edgeID":"1751487","fromID":"1335902","toID":"1335898","formEdgeID":null},{"edgeID":"1751488","fromID":"1335897","toID":"1335903","formEdgeID":null},{"edgeID":"1751489","fromID":"1335903","toID":"1335889","formEdgeID":null},{"edgeID":"1751490","fromID":"1335897","toID":"1335904","formEdgeID":null},{"edgeID":"1751491","fromID":"1335904","toID":"1335880","formEdgeID":null},{"edgeID":"1751492","fromID":"1335902","toID":"1335905","formEdgeID":null},{"edgeID":"1751493","fromID":"1335905","toID":"1335903","formEdgeID":null},{"edgeID":"1751494","fromID":"1335881","toID":"1335906","formEdgeID":null},{"edgeID":"1751495","fromID":"1335906","toID":"1335898","formEdgeID":null},{"edgeID":"1751496","fromID":"1335906","toID":"1335907","formEdgeID":null},{"edgeID":"1751497","fromID":"1335907","toID":"1335904","formEdgeID":null},{"edgeID":"1751498","fromID":"1335880","toID":"1335908","formEdgeID":null},{"edgeID":"1751499","fromID":"1335908","toID":"1149793","formEdgeID":null},{"edgeID":"1751500","fromID":"1335853","toID":"1335909","formEdgeID":null},{"edgeID":"1751501","fromID":"1335909","toID":"1335881","formEdgeID":null},{"edgeID":"1751502","fromID":"1335909","toID":"1335910","formEdgeID":null},{"edgeID":"1751503","fromID":"1335910","toID":"1335908","formEdgeID":null}],"locutions":[]}