{"nodes":[{"nodeID":"1151510","text":"in relation to the transition to Scotland becoming an independent country","type":"I","timestamp":"2023-04-20 21:04:29"},{"nodeID":"1151516","text":"remember what we're trying to achieve","type":"I","timestamp":"2023-04-20 21:04:32"},{"nodeID":"1151522","text":"we're trying to achieve independence","type":"I","timestamp":"2023-04-20 21:04:34"},{"nodeID":"1336374","text":"if we did get independence, the plan for the economy is to use the pound","type":"I","timestamp":"2023-11-09 13:46:51"},{"nodeID":"1336375","text":"AudienceMember 20221020QT33: John was saying that the plan for -- if we did get independence, for the economy was to use the pound","type":"L","timestamp":"2023-11-09 13:46:51"},{"nodeID":"1336376","text":"Analysing","type":"YA","timestamp":"2023-11-09 13:46:51"},{"nodeID":"1336377","text":"Anon: AudienceMember 20221020QT33: John was saying that the plan for -- if we did get independence, for the economy was to use the pound","type":"L","timestamp":"2023-11-09 13:46:51"},{"nodeID":"1336378","text":"John Swinney: if we did get independence, the plan for the economy is to use the pound","type":"L","timestamp":"2023-11-09 13:46:51"},{"nodeID":"1336379","text":"Analysing","type":"YA","timestamp":"2023-11-09 13:46:51"},{"nodeID":"1336380","text":"Anon: John Swinney: John Swinney was saying that if we did get independence, the plan for the economy was to use the pound","type":"L","timestamp":"2023-11-09 13:46:51"},{"nodeID":"1336381","text":"Asserting","type":"YA","timestamp":"2023-11-09 13:46:51"},{"nodeID":"1336382","text":"Asserting","type":"YA","timestamp":"2023-11-09 13:46:51"},{"nodeID":"1336383","text":"surely one of the arguments voting for independence is to enable Scotland to join the EU","type":"I","timestamp":"2023-11-09 13:46:52"},{"nodeID":"1336384","text":"AudienceMember 20221020QT33: Surely one of the arguments voting for independence is to enable Scotland to join the EU","type":"L","timestamp":"2023-11-09 13:46:52"},{"nodeID":"1336385","text":"Analysing","type":"YA","timestamp":"2023-11-09 13:46:52"},{"nodeID":"1336386","text":"Anon: AudienceMember 20221020QT33: Surely one of the arguments voting for independence is to enable Scotland to join the EU","type":"L","timestamp":"2023-11-09 13:46:52"},{"nodeID":"1336387","text":"Asserting","type":"YA","timestamp":"2023-11-09 13:46:52"},{"nodeID":"1336388","text":"Default Transition","type":"TA","timestamp":"2023-11-09 13:46:52"},{"nodeID":"1336389","text":"using the pound is going to block joining the EU","type":"I","timestamp":"2023-11-09 13:46:52"},{"nodeID":"1336390","text":"AudienceMember 20221020QT33: that's going to block it, is it not","type":"L","timestamp":"2023-11-09 13:46:52"},{"nodeID":"1336391","text":"Analysing","type":"YA","timestamp":"2023-11-09 13:46:52"},{"nodeID":"1336392","text":"Anon: AudienceMember 20221020QT33: that's going to block it, is it not","type":"L","timestamp":"2023-11-09 13:46:52"},{"nodeID":"1336393","text":"Assertive Questioning","type":"YA","timestamp":"2023-11-09 13:46:52"},{"nodeID":"1336394","text":"Default Conflict","type":"CA","timestamp":"2023-11-09 13:46:52"},{"nodeID":"1336395","text":"Default Transition","type":"TA","timestamp":"2023-11-09 13:46:52"},{"nodeID":"1336396","text":"Disagreeing","type":"YA","timestamp":"2023-11-09 13:46:52"},{"nodeID":"1336397","text":"Default Transition","type":"TA","timestamp":"2023-11-09 13:46:52"},{"nodeID":"1336398","text":"Default Inference","type":"RA","timestamp":"2023-11-09 13:46:52"},{"nodeID":"1336399","text":"Arguing","type":"YA","timestamp":"2023-11-09 13:46:52"},{"nodeID":"1336400","text":"that there would be a cost of setting up an independent country is a point AudienceMember 20221020QR34 never heard due to a lack of transparency from the SNP","type":"I","timestamp":"2023-11-09 13:46:53"},{"nodeID":"1336401","text":"AudienceMember 20221020QT34: One point I never heard due to a lack of transparency from the SNP","type":"L","timestamp":"2023-11-09 13:46:53"},{"nodeID":"1336402","text":"Analysing","type":"YA","timestamp":"2023-11-09 13:46:53"},{"nodeID":"1336403","text":"Anon: AudienceMember 20221020QT34: One point I never heard due to a lack of transparency from the SNP","type":"L","timestamp":"2023-11-09 13:46:53"},{"nodeID":"1336404","text":"Asserting","type":"YA","timestamp":"2023-11-09 13:46:53"},{"nodeID":"1336405","text":"Default Transition","type":"TA","timestamp":"2023-11-09 13:46:53"},{"nodeID":"1336406","text":"surely there would be a cost of setting up an independent country","type":"I","timestamp":"2023-11-09 13:46:54"},{"nodeID":"1336407","text":"AudienceMember 20221020QT34:  surely there would be a cost of setting up an independent country","type":"L","timestamp":"2023-11-09 13:46:54"},{"nodeID":"1336408","text":"Analysing","type":"YA","timestamp":"2023-11-09 13:46:54"},{"nodeID":"1336409","text":"Anon: AudienceMember 20221020QT34:  surely there would be a cost of setting up an independent country","type":"L","timestamp":"2023-11-09 13:46:54"},{"nodeID":"1336410","text":"Asserting","type":"YA","timestamp":"2023-11-09 13:46:54"},{"nodeID":"1336411","text":"Default Transition","type":"TA","timestamp":"2023-11-09 13:46:54"},{"nodeID":"1336412","text":"Default Rephrase","type":"MA","timestamp":"2023-11-09 13:46:54"},{"nodeID":"1336413","text":"Restating","type":"YA","timestamp":"2023-11-09 13:46:54"},{"nodeID":"1336414","text":"it would cost XXX to set up a new Scotland","type":"I","timestamp":"2023-11-09 13:46:55"},{"nodeID":"1336415","text":"AudienceMember 20221020QT34: How much would it cost to set up a new Scotland","type":"L","timestamp":"2023-11-09 13:46:55"},{"nodeID":"1336416","text":"Analysing","type":"YA","timestamp":"2023-11-09 13:46:55"},{"nodeID":"1336417","text":"Anon: AudienceMember 20221020QT34: How much would it cost to set up a new Scotland","type":"L","timestamp":"2023-11-09 13:46:55"},{"nodeID":"1336418","text":"Pure Questioning","type":"YA","timestamp":"2023-11-09 13:46:55"},{"nodeID":"1336419","text":"Default Transition","type":"TA","timestamp":"2023-11-09 13:46:55"},{"nodeID":"1336420","text":"surely there's room for a more nuanced discussion here","type":"I","timestamp":"2023-11-09 13:46:56"},{"nodeID":"1336421","text":"AudienceMember 20221020QT35: surely there's room for a more nuanced discussion here","type":"L","timestamp":"2023-11-09 13:46:56"},{"nodeID":"1336422","text":"Analysing","type":"YA","timestamp":"2023-11-09 13:46:56"},{"nodeID":"1336423","text":"Anon: AudienceMember 20221020QT35: surely there's room for a more nuanced discussion here","type":"L","timestamp":"2023-11-09 13:46:56"},{"nodeID":"1336424","text":"Asserting","type":"YA","timestamp":"2023-11-09 13:46:56"},{"nodeID":"1336425","text":"Default Transition","type":"TA","timestamp":"2023-11-09 13:46:56"},{"nodeID":"1336426","text":"it is not brother against brother or a black and white yes\/no","type":"I","timestamp":"2023-11-09 13:46:56"},{"nodeID":"1336427","text":"AudienceMember 20221020QT35: It is not brother against brother or a black and white yes\/no","type":"L","timestamp":"2023-11-09 13:46:56"},{"nodeID":"1336428","text":"Analysing","type":"YA","timestamp":"2023-11-09 13:46:56"},{"nodeID":"1336429","text":"Anon: AudienceMember 20221020QT35: It is not brother against brother or a black and white yes\/no","type":"L","timestamp":"2023-11-09 13:46:56"},{"nodeID":"1336430","text":"Asserting","type":"YA","timestamp":"2023-11-09 13:46:56"},{"nodeID":"1336431","text":"Default Transition","type":"TA","timestamp":"2023-11-09 13:46:56"},{"nodeID":"1336432","text":"Default Inference","type":"RA","timestamp":"2023-11-09 13:46:56"},{"nodeID":"1336433","text":"Arguing","type":"YA","timestamp":"2023-11-09 13:46:56"},{"nodeID":"1336434","text":"it's a question around what the United States or a federal setup","type":"I","timestamp":"2023-11-09 13:46:57"},{"nodeID":"1336435","text":"AudienceMember 20221020QT35: It's a question around what the United States or a federal setup","type":"L","timestamp":"2023-11-09 13:46:57"},{"nodeID":"1336436","text":"Analysing","type":"YA","timestamp":"2023-11-09 13:46:57"},{"nodeID":"1336437","text":"Anon: AudienceMember 20221020QT35: It's a question around what the United States or a federal setup","type":"L","timestamp":"2023-11-09 13:46:57"},{"nodeID":"1336438","text":"Asserting","type":"YA","timestamp":"2023-11-09 13:46:57"},{"nodeID":"1336439","text":"Default Transition","type":"TA","timestamp":"2023-11-09 13:46:57"},{"nodeID":"1336440","text":"Default Rephrase","type":"MA","timestamp":"2023-11-09 13:46:57"},{"nodeID":"1336441","text":"Restating","type":"YA","timestamp":"2023-11-09 13:46:57"},{"nodeID":"1336442","text":"lots of compromises","type":"I","timestamp":"2023-11-09 13:46:58"},{"nodeID":"1336443","text":"Fiona Bruce: Lots of compromises","type":"L","timestamp":"2023-11-09 13:46:58"},{"nodeID":"1336444","text":"Analysing","type":"YA","timestamp":"2023-11-09 13:46:58"},{"nodeID":"1336445","text":"Anon: Fiona Bruce: Lots of compromises","type":"L","timestamp":"2023-11-09 13:46:58"},{"nodeID":"1336446","text":"Asserting","type":"YA","timestamp":"2023-11-09 13:46:58"},{"nodeID":"1336447","text":"Default Transition","type":"TA","timestamp":"2023-11-09 13:46:58"},{"nodeID":"1336448","text":"Default Rephrase","type":"MA","timestamp":"2023-11-09 13:46:58"},{"nodeID":"1336449","text":"AudienceMember 20221020QT36: Yes","type":"L","timestamp":"2023-11-09 13:46:58"},{"nodeID":"1336450","text":"Analysing","type":"YA","timestamp":"2023-11-09 13:46:58"},{"nodeID":"1336451","text":"Anon: AudienceMember 20221020QT36: Yes","type":"L","timestamp":"2023-11-09 13:46:58"},{"nodeID":"1336452","text":"Default Transition","type":"TA","timestamp":"2023-11-09 13:46:58"},{"nodeID":"1336453","text":"Agreeing","type":"YA","timestamp":"2023-11-09 13:46:58"},{"nodeID":"1336454","text":"it's about lots of compromises rather than being brother against brother","type":"I","timestamp":"2023-11-09 13:46:59"},{"nodeID":"1336455","text":"AudienceMember 20221020QT36: rather than being brother against brother","type":"L","timestamp":"2023-11-09 13:46:59"},{"nodeID":"1336456","text":"Analysing","type":"YA","timestamp":"2023-11-09 13:46:59"},{"nodeID":"1336457","text":"Anon: AudienceMember 20221020QT36: rather than being brother against brother","type":"L","timestamp":"2023-11-09 13:46:59"},{"nodeID":"1336458","text":"Asserting","type":"YA","timestamp":"2023-11-09 13:46:59"},{"nodeID":"1336459","text":"Default Transition","type":"TA","timestamp":"2023-11-09 13:46:59"},{"nodeID":"1336460","text":"Default Rephrase","type":"MA","timestamp":"2023-11-09 13:46:59"},{"nodeID":"1336461","text":"Restating","type":"YA","timestamp":"2023-11-09 13:46:59"},{"nodeID":"1336462","text":"John Swinney might create more turmoil upon existing turmoil","type":"I","timestamp":"2023-11-09 13:47:00"},{"nodeID":"1336463","text":"Fiona Bruce: Isabel was making the point, would you create more turmoil upon existing turmoil","type":"L","timestamp":"2023-11-09 13:47:00"},{"nodeID":"1336464","text":"Analysing","type":"YA","timestamp":"2023-11-09 13:47:00"},{"nodeID":"1336465","text":"Anon: Fiona Bruce: Isabel was making the point, would you create more turmoil upon existing turmoil","type":"L","timestamp":"2023-11-09 13:47:00"},{"nodeID":"1336466","text":"Isabel Hardman: would John Swinney create more turmoil upon existing turmoil","type":"L","timestamp":"2023-11-09 13:47:00"},{"nodeID":"1336467","text":"Analysing","type":"YA","timestamp":"2023-11-09 13:47:00"},{"nodeID":"1336468","text":"Anon: Isabel Hardman: Isabel was making the point, would you create more turmoil upon existing turmoil","type":"L","timestamp":"2023-11-09 13:47:00"},{"nodeID":"1336469","text":"Assertive Questioning","type":"YA","timestamp":"2023-11-09 13:47:00"},{"nodeID":"1336470","text":"Asserting","type":"YA","timestamp":"2023-11-09 13:47:00"},{"nodeID":"1336471","text":"Default Transition","type":"TA","timestamp":"2023-11-09 13:47:00"},{"nodeID":"1336472","text":"once in a generation","type":"I","timestamp":"2023-11-09 13:47:01"},{"nodeID":"1336473","text":"Fiona Bruce: Once in a generation you were saying","type":"L","timestamp":"2023-11-09 13:47:01"},{"nodeID":"1336474","text":"Analysing","type":"YA","timestamp":"2023-11-09 13:47:01"},{"nodeID":"1336475","text":"Anon: Fiona Bruce: Once in a generation you were saying","type":"L","timestamp":"2023-11-09 13:47:01"},{"nodeID":"1336476","text":"John Swinney: once in a generation","type":"L","timestamp":"2023-11-09 13:47:01"},{"nodeID":"1336477","text":"Analysing","type":"YA","timestamp":"2023-11-09 13:47:01"},{"nodeID":"1336478","text":"Anon: John Swinney: Once in a generation you were saying","type":"L","timestamp":"2023-11-09 13:47:01"},{"nodeID":"1336479","text":"Asserting","type":"YA","timestamp":"2023-11-09 13:47:01"},{"nodeID":"1336480","text":"Asserting","type":"YA","timestamp":"2023-11-09 13:47:01"},{"nodeID":"1336481","text":"Default Transition","type":"TA","timestamp":"2023-11-09 13:47:01"},{"nodeID":"1336482","text":"John Swinney was talking about the economy","type":"I","timestamp":"2023-11-09 13:47:03"},{"nodeID":"1336483","text":"Fiona Bruce: again talking about the economy","type":"L","timestamp":"2023-11-09 13:47:03"},{"nodeID":"1336484","text":"Analysing","type":"YA","timestamp":"2023-11-09 13:47:03"},{"nodeID":"1336485","text":"Anon: Fiona Bruce: again talking about the economy","type":"L","timestamp":"2023-11-09 13:47:03"},{"nodeID":"1336486","text":"Asserting","type":"YA","timestamp":"2023-11-09 13:47:03"},{"nodeID":"1336487","text":"Default Rephrase","type":"MA","timestamp":"2023-11-09 13:47:03"},{"nodeID":"1336488","text":"Default Transition","type":"TA","timestamp":"2023-11-09 13:47:03"},{"nodeID":"1336489","text":"Restating","type":"YA","timestamp":"2023-11-09 13:47:03"},{"nodeID":"1336490","text":"maybe another way","type":"I","timestamp":"2023-11-09 13:47:04"},{"nodeID":"1336491","text":"Fiona Bruce: Or maybe another way","type":"L","timestamp":"2023-11-09 13:47:04"},{"nodeID":"1336492","text":"Analysing","type":"YA","timestamp":"2023-11-09 13:47:04"},{"nodeID":"1336493","text":"Anon: Fiona Bruce: Or maybe another way","type":"L","timestamp":"2023-11-09 13:47:04"},{"nodeID":"1336494","text":"Asserting","type":"YA","timestamp":"2023-11-09 13:47:04"},{"nodeID":"1336495","text":"Default Transition","type":"TA","timestamp":"2023-11-09 13:47:04"},{"nodeID":"1336496","text":"Default Inference","type":"RA","timestamp":"2023-11-09 13:47:04"},{"nodeID":"1336497","text":"Arguing","type":"YA","timestamp":"2023-11-09 13:47:04"},{"nodeID":"1336498","text":"Default Transition","type":"TA","timestamp":"2023-11-09 13:47:04"},{"nodeID":"1336499","text":"some kind of compromise","type":"I","timestamp":"2023-11-09 13:47:06"},{"nodeID":"1336500","text":"Fiona Bruce: as you're saying, sir, some kind of compromise","type":"L","timestamp":"2023-11-09 13:47:06"},{"nodeID":"1336501","text":"Analysing","type":"YA","timestamp":"2023-11-09 13:47:06"},{"nodeID":"1336502","text":"Anon: Fiona Bruce: as you're saying, sir, some kind of compromise","type":"L","timestamp":"2023-11-09 13:47:06"},{"nodeID":"1336503","text":"AudienceMember 20221020QT36: some kind of compromise","type":"L","timestamp":"2023-11-09 13:47:06"},{"nodeID":"1336504","text":"Analysing","type":"YA","timestamp":"2023-11-09 13:47:06"},{"nodeID":"1336505","text":"Anon: AudienceMember 20221020QT36: as you're saying, sir, some kind of compromise","type":"L","timestamp":"2023-11-09 13:47:06"},{"nodeID":"1336506","text":"Asserting","type":"YA","timestamp":"2023-11-09 13:47:06"},{"nodeID":"1336507","text":"Asserting","type":"YA","timestamp":"2023-11-09 13:47:06"},{"nodeID":"1336508","text":"Default Rephrase","type":"MA","timestamp":"2023-11-09 13:47:06"},{"nodeID":"1336509","text":"Default Transition","type":"TA","timestamp":"2023-11-09 13:47:06"},{"nodeID":"1336510","text":"Restating","type":"YA","timestamp":"2023-11-09 13:47:06"},{"nodeID":"1336511","text":"Default Transition","type":"TA","timestamp":"2023-11-09 13:47:06"},{"nodeID":"1336512","text":"Default Inference","type":"RA","timestamp":"2023-11-09 13:47:06"},{"nodeID":"1336513","text":"Arguing","type":"YA","timestamp":"2023-11-09 13:47:06"},{"nodeID":"1336514","text":"John Swinney: in relation to the transition to Scotland becoming an independent country","type":"L","timestamp":"2023-11-09 13:47:07"},{"nodeID":"1336515","text":"Analysing","type":"YA","timestamp":"2023-11-09 13:47:07"},{"nodeID":"1336516","text":"Anon: John Swinney: in relation to the transition to Scotland becoming an independent country","type":"L","timestamp":"2023-11-09 13:47:07"},{"nodeID":"1336517","text":"Asserting","type":"YA","timestamp":"2023-11-09 13:47:07"},{"nodeID":"1336518","text":"Default Transition","type":"TA","timestamp":"2023-11-09 13:47:07"},{"nodeID":"1336519","text":"Default Rephrase","type":"MA","timestamp":"2023-11-09 13:47:07"},{"nodeID":"1336520","text":"Restating","type":"YA","timestamp":"2023-11-09 13:47:07"},{"nodeID":"1336521","text":"John Swinney: Remember what we're trying to achieve","type":"L","timestamp":"2023-11-09 13:47:08"},{"nodeID":"1336522","text":"Analysing","type":"YA","timestamp":"2023-11-09 13:47:08"},{"nodeID":"1336523","text":"Anon: John Swinney: Remember what we're trying to achieve","type":"L","timestamp":"2023-11-09 13:47:08"},{"nodeID":"1336524","text":"Asserting","type":"YA","timestamp":"2023-11-09 13:47:08"},{"nodeID":"1336525","text":"Default Transition","type":"TA","timestamp":"2023-11-09 13:47:08"},{"nodeID":"1336526","text":"Default Rephrase","type":"MA","timestamp":"2023-11-09 13:47:08"},{"nodeID":"1336527","text":"Default Illocuting","type":"YA","timestamp":"2023-11-09 13:47:08"},{"nodeID":"1336528","text":"Default Transition","type":"TA","timestamp":"2023-11-09 13:47:08"},{"nodeID":"1336529","text":"John Swinney: We're trying to achieve independence","type":"L","timestamp":"2023-11-09 13:47:11"},{"nodeID":"1336530","text":"Analysing","type":"YA","timestamp":"2023-11-09 13:47:11"},{"nodeID":"1336531","text":"Anon: John Swinney: We're trying to achieve independence","type":"L","timestamp":"2023-11-09 13:47:11"},{"nodeID":"1336532","text":"Asserting","type":"YA","timestamp":"2023-11-09 13:47:11"},{"nodeID":"1336533","text":"Default Transition","type":"TA","timestamp":"2023-11-09 13:47:11"},{"nodeID":"1336534","text":"Default Rephrase","type":"MA","timestamp":"2023-11-09 13:47:11"},{"nodeID":"1336535","text":"Restating","type":"YA","timestamp":"2023-11-09 13:47:11"},{"nodeID":"1336536","text":"Scottish traders are facing the reality that opportunities have been taken away from us","type":"I","timestamp":"2023-11-09 13:47:13"},{"nodeID":"1336537","text":"John Swinney: Scottish traders are facing that reality","type":"L","timestamp":"2023-11-09 13:47:13"},{"nodeID":"1336538","text":"Analysing","type":"YA","timestamp":"2023-11-09 13:47:13"},{"nodeID":"1336539","text":"Anon: John Swinney: Scottish traders are facing that reality","type":"L","timestamp":"2023-11-09 13:47:13"},{"nodeID":"1336540","text":"Asserting","type":"YA","timestamp":"2023-11-09 13:47:13"},{"nodeID":"1336541","text":"being a member of the European Union giving us opportunities that have been taken away from us, frankly, and made more difficult","type":"I","timestamp":"2023-11-09 13:47:15"},{"nodeID":"1336542","text":"John Swinney: being a member of the European Union giving us opportunities that have been taken away from us, frankly, and made more difficult","type":"L","timestamp":"2023-11-09 13:47:15"},{"nodeID":"1336543","text":"Analysing","type":"YA","timestamp":"2023-11-09 13:47:15"},{"nodeID":"1336544","text":"Anon: John Swinney: being a member of the European Union giving us opportunities that have been taken away from us, frankly, and made more difficult","type":"L","timestamp":"2023-11-09 13:47:15"},{"nodeID":"1336545","text":"Asserting","type":"YA","timestamp":"2023-11-09 13:47:15"},{"nodeID":"1336546","text":"Default Transition","type":"TA","timestamp":"2023-11-09 13:47:15"},{"nodeID":"1336547","text":"Default Transition","type":"TA","timestamp":"2023-11-09 13:47:15"},{"nodeID":"1336548","text":"Default Rephrase","type":"MA","timestamp":"2023-11-09 13:47:15"},{"nodeID":"1336549","text":"Restating","type":"YA","timestamp":"2023-11-09 13:47:15"},{"nodeID":"1336550","text":"Restating","type":"YA","timestamp":"2023-11-09 13:47:15"}],"edges":[{"edgeID":"1752064","fromID":"1336376","toID":"1336375","formEdgeID":null},{"edgeID":"1752065","fromID":"1336377","toID":"1336376","formEdgeID":null},{"edgeID":"1752066","fromID":"1336379","toID":"1336378","formEdgeID":null},{"edgeID":"1752067","fromID":"1336380","toID":"1336379","formEdgeID":null},{"edgeID":"1752068","fromID":"1336378","toID":"1336381","formEdgeID":null},{"edgeID":"1752069","fromID":"1336381","toID":"1336374","formEdgeID":null},{"edgeID":"1752070","fromID":"1336375","toID":"1336382","formEdgeID":null},{"edgeID":"1752071","fromID":"1336382","toID":"1336378","formEdgeID":null},{"edgeID":"1752072","fromID":"1336385","toID":"1336384","formEdgeID":null},{"edgeID":"1752073","fromID":"1336386","toID":"1336385","formEdgeID":null},{"edgeID":"1752074","fromID":"1336384","toID":"1336387","formEdgeID":null},{"edgeID":"1752075","fromID":"1336387","toID":"1336383","formEdgeID":null},{"edgeID":"1752076","fromID":"1336375","toID":"1336388","formEdgeID":null},{"edgeID":"1752077","fromID":"1336388","toID":"1336384","formEdgeID":null},{"edgeID":"1752078","fromID":"1336391","toID":"1336390","formEdgeID":null},{"edgeID":"1752079","fromID":"1336392","toID":"1336391","formEdgeID":null},{"edgeID":"1752080","fromID":"1336390","toID":"1336393","formEdgeID":null},{"edgeID":"1752081","fromID":"1336393","toID":"1336389","formEdgeID":null},{"edgeID":"1752082","fromID":"1336389","toID":"1336394","formEdgeID":null},{"edgeID":"1752083","fromID":"1336394","toID":"1336383","formEdgeID":null},{"edgeID":"1752084","fromID":"1336384","toID":"1336395","formEdgeID":null},{"edgeID":"1752085","fromID":"1336395","toID":"1336390","formEdgeID":null},{"edgeID":"1752086","fromID":"1336395","toID":"1336396","formEdgeID":null},{"edgeID":"1752087","fromID":"1336396","toID":"1336394","formEdgeID":null},{"edgeID":"1752088","fromID":"1336375","toID":"1336397","formEdgeID":null},{"edgeID":"1752089","fromID":"1336397","toID":"1336390","formEdgeID":null},{"edgeID":"1752090","fromID":"1336374","toID":"1336398","formEdgeID":null},{"edgeID":"1752091","fromID":"1336398","toID":"1336389","formEdgeID":null},{"edgeID":"1752092","fromID":"1336397","toID":"1336399","formEdgeID":null},{"edgeID":"1752093","fromID":"1336399","toID":"1336398","formEdgeID":null},{"edgeID":"1752094","fromID":"1336402","toID":"1336401","formEdgeID":null},{"edgeID":"1752095","fromID":"1336403","toID":"1336402","formEdgeID":null},{"edgeID":"1752096","fromID":"1336401","toID":"1336404","formEdgeID":null},{"edgeID":"1752097","fromID":"1336404","toID":"1336400","formEdgeID":null},{"edgeID":"1752098","fromID":"1336390","toID":"1336405","formEdgeID":null},{"edgeID":"1752099","fromID":"1336405","toID":"1336401","formEdgeID":null},{"edgeID":"1752100","fromID":"1336408","toID":"1336407","formEdgeID":null},{"edgeID":"1752101","fromID":"1336409","toID":"1336408","formEdgeID":null},{"edgeID":"1752102","fromID":"1336407","toID":"1336410","formEdgeID":null},{"edgeID":"1752103","fromID":"1336410","toID":"1336406","formEdgeID":null},{"edgeID":"1752104","fromID":"1336401","toID":"1336411","formEdgeID":null},{"edgeID":"1752105","fromID":"1336411","toID":"1336407","formEdgeID":null},{"edgeID":"1752106","fromID":"1336406","toID":"1336412","formEdgeID":null},{"edgeID":"1752107","fromID":"1336412","toID":"1336400","formEdgeID":null},{"edgeID":"1752108","fromID":"1336411","toID":"1336413","formEdgeID":null},{"edgeID":"1752109","fromID":"1336413","toID":"1336412","formEdgeID":null},{"edgeID":"1752110","fromID":"1336416","toID":"1336415","formEdgeID":null},{"edgeID":"1752111","fromID":"1336417","toID":"1336416","formEdgeID":null},{"edgeID":"1752112","fromID":"1336415","toID":"1336418","formEdgeID":null},{"edgeID":"1752113","fromID":"1336418","toID":"1336414","formEdgeID":null},{"edgeID":"1752114","fromID":"1336407","toID":"1336419","formEdgeID":null},{"edgeID":"1752115","fromID":"1336419","toID":"1336415","formEdgeID":null},{"edgeID":"1752116","fromID":"1336422","toID":"1336421","formEdgeID":null},{"edgeID":"1752117","fromID":"1336423","toID":"1336422","formEdgeID":null},{"edgeID":"1752118","fromID":"1336421","toID":"1336424","formEdgeID":null},{"edgeID":"1752119","fromID":"1336424","toID":"1336420","formEdgeID":null},{"edgeID":"1752120","fromID":"1336415","toID":"1336425","formEdgeID":null},{"edgeID":"1752121","fromID":"1336425","toID":"1336421","formEdgeID":null},{"edgeID":"1752122","fromID":"1336428","toID":"1336427","formEdgeID":null},{"edgeID":"1752123","fromID":"1336429","toID":"1336428","formEdgeID":null},{"edgeID":"1752124","fromID":"1336427","toID":"1336430","formEdgeID":null},{"edgeID":"1752125","fromID":"1336430","toID":"1336426","formEdgeID":null},{"edgeID":"1752126","fromID":"1336421","toID":"1336431","formEdgeID":null},{"edgeID":"1752127","fromID":"1336431","toID":"1336427","formEdgeID":null},{"edgeID":"1752128","fromID":"1336426","toID":"1336432","formEdgeID":null},{"edgeID":"1752129","fromID":"1336432","toID":"1336420","formEdgeID":null},{"edgeID":"1752130","fromID":"1336431","toID":"1336433","formEdgeID":null},{"edgeID":"1752131","fromID":"1336433","toID":"1336432","formEdgeID":null},{"edgeID":"1752132","fromID":"1336436","toID":"1336435","formEdgeID":null},{"edgeID":"1752133","fromID":"1336437","toID":"1336436","formEdgeID":null},{"edgeID":"1752134","fromID":"1336435","toID":"1336438","formEdgeID":null},{"edgeID":"1752135","fromID":"1336438","toID":"1336434","formEdgeID":null},{"edgeID":"1752136","fromID":"1336421","toID":"1336439","formEdgeID":null},{"edgeID":"1752137","fromID":"1336439","toID":"1336435","formEdgeID":null},{"edgeID":"1752138","fromID":"1336434","toID":"1336440","formEdgeID":null},{"edgeID":"1752139","fromID":"1336440","toID":"1336420","formEdgeID":null},{"edgeID":"1752140","fromID":"1336439","toID":"1336441","formEdgeID":null},{"edgeID":"1752141","fromID":"1336441","toID":"1336440","formEdgeID":null},{"edgeID":"1752142","fromID":"1336444","toID":"1336443","formEdgeID":null},{"edgeID":"1752143","fromID":"1336445","toID":"1336444","formEdgeID":null},{"edgeID":"1752144","fromID":"1336443","toID":"1336446","formEdgeID":null},{"edgeID":"1752145","fromID":"1336446","toID":"1336442","formEdgeID":null},{"edgeID":"1752146","fromID":"1336435","toID":"1336447","formEdgeID":null},{"edgeID":"1752147","fromID":"1336447","toID":"1336443","formEdgeID":null},{"edgeID":"1752148","fromID":"1336442","toID":"1336448","formEdgeID":null},{"edgeID":"1752149","fromID":"1336448","toID":"1336434","formEdgeID":null},{"edgeID":"1752150","fromID":"1336450","toID":"1336449","formEdgeID":null},{"edgeID":"1752151","fromID":"1336451","toID":"1336450","formEdgeID":null},{"edgeID":"1752152","fromID":"1336443","toID":"1336452","formEdgeID":null},{"edgeID":"1752153","fromID":"1336452","toID":"1336449","formEdgeID":null},{"edgeID":"1752154","fromID":"1336452","toID":"1336453","formEdgeID":null},{"edgeID":"1752155","fromID":"1336453","toID":"1336442","formEdgeID":null},{"edgeID":"1752156","fromID":"1336456","toID":"1336455","formEdgeID":null},{"edgeID":"1752157","fromID":"1336457","toID":"1336456","formEdgeID":null},{"edgeID":"1752158","fromID":"1336455","toID":"1336458","formEdgeID":null},{"edgeID":"1752159","fromID":"1336458","toID":"1336454","formEdgeID":null},{"edgeID":"1752160","fromID":"1336443","toID":"1336459","formEdgeID":null},{"edgeID":"1752161","fromID":"1336459","toID":"1336455","formEdgeID":null},{"edgeID":"1752162","fromID":"1336454","toID":"1336460","formEdgeID":null},{"edgeID":"1752163","fromID":"1336460","toID":"1336442","formEdgeID":null},{"edgeID":"1752164","fromID":"1336459","toID":"1336461","formEdgeID":null},{"edgeID":"1752165","fromID":"1336461","toID":"1336460","formEdgeID":null},{"edgeID":"1752166","fromID":"1336464","toID":"1336463","formEdgeID":null},{"edgeID":"1752167","fromID":"1336465","toID":"1336464","formEdgeID":null},{"edgeID":"1752168","fromID":"1336467","toID":"1336466","formEdgeID":null},{"edgeID":"1752169","fromID":"1336468","toID":"1336467","formEdgeID":null},{"edgeID":"1752170","fromID":"1336466","toID":"1336469","formEdgeID":null},{"edgeID":"1752171","fromID":"1336469","toID":"1336462","formEdgeID":null},{"edgeID":"1752172","fromID":"1336463","toID":"1336470","formEdgeID":null},{"edgeID":"1752173","fromID":"1336470","toID":"1336466","formEdgeID":null},{"edgeID":"1752174","fromID":"1336455","toID":"1336471","formEdgeID":null},{"edgeID":"1752175","fromID":"1336471","toID":"1336463","formEdgeID":null},{"edgeID":"1752176","fromID":"1336474","toID":"1336473","formEdgeID":null},{"edgeID":"1752177","fromID":"1336475","toID":"1336474","formEdgeID":null},{"edgeID":"1752178","fromID":"1336477","toID":"1336476","formEdgeID":null},{"edgeID":"1752179","fromID":"1336478","toID":"1336477","formEdgeID":null},{"edgeID":"1752180","fromID":"1336476","toID":"1336479","formEdgeID":null},{"edgeID":"1752181","fromID":"1336479","toID":"1336472","formEdgeID":null},{"edgeID":"1752182","fromID":"1336473","toID":"1336480","formEdgeID":null},{"edgeID":"1752183","fromID":"1336480","toID":"1336476","formEdgeID":null},{"edgeID":"1752184","fromID":"1336463","toID":"1336481","formEdgeID":null},{"edgeID":"1752185","fromID":"1336481","toID":"1336473","formEdgeID":null},{"edgeID":"1752186","fromID":"1336484","toID":"1336483","formEdgeID":null},{"edgeID":"1752187","fromID":"1336485","toID":"1336484","formEdgeID":null},{"edgeID":"1752188","fromID":"1336483","toID":"1336486","formEdgeID":null},{"edgeID":"1752189","fromID":"1336486","toID":"1336482","formEdgeID":null},{"edgeID":"1752190","fromID":"1336482","toID":"1336487","formEdgeID":null},{"edgeID":"1752191","fromID":"1336487","toID":"1336472","formEdgeID":null},{"edgeID":"1752192","fromID":"1336473","toID":"1336488","formEdgeID":null},{"edgeID":"1752193","fromID":"1336488","toID":"1336483","formEdgeID":null},{"edgeID":"1752194","fromID":"1336488","toID":"1336489","formEdgeID":null},{"edgeID":"1752195","fromID":"1336489","toID":"1336487","formEdgeID":null},{"edgeID":"1752196","fromID":"1336492","toID":"1336491","formEdgeID":null},{"edgeID":"1752197","fromID":"1336493","toID":"1336492","formEdgeID":null},{"edgeID":"1752198","fromID":"1336491","toID":"1336494","formEdgeID":null},{"edgeID":"1752199","fromID":"1336494","toID":"1336490","formEdgeID":null},{"edgeID":"1752200","fromID":"1336463","toID":"1336495","formEdgeID":null},{"edgeID":"1752201","fromID":"1336495","toID":"1336483","formEdgeID":null},{"edgeID":"1752202","fromID":"1336482","toID":"1336496","formEdgeID":null},{"edgeID":"1752203","fromID":"1336496","toID":"1336462","formEdgeID":null},{"edgeID":"1752204","fromID":"1336495","toID":"1336497","formEdgeID":null},{"edgeID":"1752205","fromID":"1336497","toID":"1336496","formEdgeID":null},{"edgeID":"1752206","fromID":"1336483","toID":"1336498","formEdgeID":null},{"edgeID":"1752207","fromID":"1336498","toID":"1336491","formEdgeID":null},{"edgeID":"1752208","fromID":"1336501","toID":"1336500","formEdgeID":null},{"edgeID":"1752209","fromID":"1336502","toID":"1336501","formEdgeID":null},{"edgeID":"1752210","fromID":"1336504","toID":"1336503","formEdgeID":null},{"edgeID":"1752211","fromID":"1336505","toID":"1336504","formEdgeID":null},{"edgeID":"1752212","fromID":"1336503","toID":"1336506","formEdgeID":null},{"edgeID":"1752213","fromID":"1336506","toID":"1336499","formEdgeID":null},{"edgeID":"1752214","fromID":"1336500","toID":"1336507","formEdgeID":null},{"edgeID":"1752215","fromID":"1336507","toID":"1336503","formEdgeID":null},{"edgeID":"1752216","fromID":"1336499","toID":"1336508","formEdgeID":null},{"edgeID":"1752217","fromID":"1336508","toID":"1336490","formEdgeID":null},{"edgeID":"1752218","fromID":"1336491","toID":"1336509","formEdgeID":null},{"edgeID":"1752219","fromID":"1336509","toID":"1336500","formEdgeID":null},{"edgeID":"1752220","fromID":"1336509","toID":"1336510","formEdgeID":null},{"edgeID":"1752221","fromID":"1336510","toID":"1336508","formEdgeID":null},{"edgeID":"1752222","fromID":"1336463","toID":"1336511","formEdgeID":null},{"edgeID":"1752223","fromID":"1336511","toID":"1336491","formEdgeID":null},{"edgeID":"1752224","fromID":"1336490","toID":"1336512","formEdgeID":null},{"edgeID":"1752225","fromID":"1336512","toID":"1336462","formEdgeID":null},{"edgeID":"1752226","fromID":"1336511","toID":"1336513","formEdgeID":null},{"edgeID":"1752227","fromID":"1336513","toID":"1336512","formEdgeID":null},{"edgeID":"1752228","fromID":"1336515","toID":"1336514","formEdgeID":null},{"edgeID":"1752229","fromID":"1336516","toID":"1336515","formEdgeID":null},{"edgeID":"1752230","fromID":"1336514","toID":"1336517","formEdgeID":null},{"edgeID":"1752231","fromID":"1336517","toID":"1151510","formEdgeID":null},{"edgeID":"1752232","fromID":"1336491","toID":"1336518","formEdgeID":null},{"edgeID":"1752233","fromID":"1336518","toID":"1336514","formEdgeID":null},{"edgeID":"1752234","fromID":"1151510","toID":"1336519","formEdgeID":null},{"edgeID":"1752235","fromID":"1336519","toID":"1336490","formEdgeID":null},{"edgeID":"1752236","fromID":"1336518","toID":"1336520","formEdgeID":null},{"edgeID":"1752237","fromID":"1336520","toID":"1336519","formEdgeID":null},{"edgeID":"1752238","fromID":"1336522","toID":"1336521","formEdgeID":null},{"edgeID":"1752239","fromID":"1336523","toID":"1336522","formEdgeID":null},{"edgeID":"1752240","fromID":"1336521","toID":"1336524","formEdgeID":null},{"edgeID":"1752241","fromID":"1336524","toID":"1151516","formEdgeID":null},{"edgeID":"1752242","fromID":"1336463","toID":"1336525","formEdgeID":null},{"edgeID":"1752243","fromID":"1336525","toID":"1336521","formEdgeID":null},{"edgeID":"1752244","fromID":"1151516","toID":"1336526","formEdgeID":null},{"edgeID":"1752245","fromID":"1336526","toID":"1336462","formEdgeID":null},{"edgeID":"1752246","fromID":"1336525","toID":"1336527","formEdgeID":null},{"edgeID":"1752247","fromID":"1336527","toID":"1336526","formEdgeID":null},{"edgeID":"1752248","fromID":"1336514","toID":"1336528","formEdgeID":null},{"edgeID":"1752249","fromID":"1336528","toID":"1336521","formEdgeID":null},{"edgeID":"1752250","fromID":"1336530","toID":"1336529","formEdgeID":null},{"edgeID":"1752251","fromID":"1336531","toID":"1336530","formEdgeID":null},{"edgeID":"1752252","fromID":"1336529","toID":"1336532","formEdgeID":null},{"edgeID":"1752253","fromID":"1336532","toID":"1151522","formEdgeID":null},{"edgeID":"1752254","fromID":"1336521","toID":"1336533","formEdgeID":null},{"edgeID":"1752255","fromID":"1336533","toID":"1336529","formEdgeID":null},{"edgeID":"1752256","fromID":"1151522","toID":"1336534","formEdgeID":null},{"edgeID":"1752257","fromID":"1336534","toID":"1151516","formEdgeID":null},{"edgeID":"1752258","fromID":"1336533","toID":"1336535","formEdgeID":null},{"edgeID":"1752259","fromID":"1336535","toID":"1336534","formEdgeID":null},{"edgeID":"1752260","fromID":"1336538","toID":"1336537","formEdgeID":null},{"edgeID":"1752261","fromID":"1336539","toID":"1336538","formEdgeID":null},{"edgeID":"1752262","fromID":"1336537","toID":"1336540","formEdgeID":null},{"edgeID":"1752263","fromID":"1336540","toID":"1336536","formEdgeID":null},{"edgeID":"1752264","fromID":"1336543","toID":"1336542","formEdgeID":null},{"edgeID":"1752265","fromID":"1336544","toID":"1336543","formEdgeID":null},{"edgeID":"1752266","fromID":"1336542","toID":"1336545","formEdgeID":null},{"edgeID":"1752267","fromID":"1336545","toID":"1336541","formEdgeID":null},{"edgeID":"1752268","fromID":"1336529","toID":"1336546","formEdgeID":null},{"edgeID":"1752269","fromID":"1336546","toID":"1336542","formEdgeID":null},{"edgeID":"1752270","fromID":"1336542","toID":"1336547","formEdgeID":null},{"edgeID":"1752271","fromID":"1336547","toID":"1336537","formEdgeID":null},{"edgeID":"1752272","fromID":"1336536","toID":"1336548","formEdgeID":null},{"edgeID":"1752273","fromID":"1336548","toID":"1336541","formEdgeID":null},{"edgeID":"1752274","fromID":"1336547","toID":"1336549","formEdgeID":null},{"edgeID":"1752275","fromID":"1336549","toID":"1336548","formEdgeID":null},{"edgeID":"1752276","fromID":"1336447","toID":"1336550","formEdgeID":null},{"edgeID":"1752277","fromID":"1336550","toID":"1336448","formEdgeID":null}],"locutions":[]}