{"nodes":[{"nodeID":"1336819","text":"an independent Scotland would be using xxx currency","type":"I","timestamp":"2023-11-09 13:48:09"},{"nodeID":"1336820","text":"Fiona Bruce: What currency are you going to be using?","type":"L","timestamp":"2023-11-09 13:48:09"},{"nodeID":"1336821","text":"Analysing","type":"YA","timestamp":"2023-11-09 13:48:09"},{"nodeID":"1336822","text":"Louise: Fiona Bruce: What currency are you going to be using?","type":"L","timestamp":"2023-11-09 13:48:09"},{"nodeID":"1336823","text":"Pure Questioning","type":"YA","timestamp":"2023-11-09 13:48:09"},{"nodeID":"1336824","text":"an independent Scotland would use the pound for xxx amount of time","type":"I","timestamp":"2023-11-09 13:48:11"},{"nodeID":"1336825","text":"AudienceMember 20221020QT29: For how long?","type":"L","timestamp":"2023-11-09 13:48:11"},{"nodeID":"1336826","text":"Analysing","type":"YA","timestamp":"2023-11-09 13:48:11"},{"nodeID":"1336827","text":"Louise: AudienceMember 20221020QT29: For how long?","type":"L","timestamp":"2023-11-09 13:48:11"},{"nodeID":"1336828","text":"Pure Questioning","type":"YA","timestamp":"2023-11-09 13:48:11"},{"nodeID":"1336829","text":"the SNP independence proposal would be to use the pound","type":"I","timestamp":"2023-11-09 13:48:13"},{"nodeID":"1336830","text":"John Swinney: Our proposal would be to use the pound.\u00a0","type":"L","timestamp":"2023-11-09 13:48:13"},{"nodeID":"1336831","text":"Analysing","type":"YA","timestamp":"2023-11-09 13:48:13"},{"nodeID":"1336832","text":"Louise: John Swinney: Our proposal would be to use the pound.\u00a0","type":"L","timestamp":"2023-11-09 13:48:13"},{"nodeID":"1336833","text":"Asserting","type":"YA","timestamp":"2023-11-09 13:48:13"},{"nodeID":"1336834","text":"Default Rephrase","type":"MA","timestamp":"2023-11-09 13:48:13"},{"nodeID":"1336835","text":"Default Transition","type":"TA","timestamp":"2023-11-09 13:48:13"},{"nodeID":"1336836","text":"Default Illocuting","type":"YA","timestamp":"2023-11-09 13:48:13"},{"nodeID":"1336837","text":"Default Transition","type":"TA","timestamp":"2023-11-09 13:48:13"},{"nodeID":"1336838","text":"an independent Scotland would move to a Scottish currency when the circumstances are correct","type":"I","timestamp":"2023-11-09 13:48:14"},{"nodeID":"1336839","text":"John Swinney: And move to a Scottish currency when the circumstances are correct","type":"L","timestamp":"2023-11-09 13:48:14"},{"nodeID":"1336840","text":"Analysing","type":"YA","timestamp":"2023-11-09 13:48:14"},{"nodeID":"1336841","text":"Louise: John Swinney: And move to a Scottish currency when the circumstances are correct","type":"L","timestamp":"2023-11-09 13:48:14"},{"nodeID":"1336842","text":"Asserting","type":"YA","timestamp":"2023-11-09 13:48:14"},{"nodeID":"1336843","text":"Default Rephrase","type":"MA","timestamp":"2023-11-09 13:48:14"},{"nodeID":"1336844","text":"Default Transition","type":"TA","timestamp":"2023-11-09 13:48:14"},{"nodeID":"1336845","text":"Default Illocuting","type":"YA","timestamp":"2023-11-09 13:48:14"},{"nodeID":"1336846","text":"one of the arguments John Swinney faced in the 2014 referendum was people felt there was more security being part of the United Kingdom","type":"I","timestamp":"2023-11-09 13:48:16"},{"nodeID":"1336847","text":"John Swinney: One of the arguments I faced in the 2014 referendum people felt there was more security being part of the United Kingdom","type":"L","timestamp":"2023-11-09 13:48:16"},{"nodeID":"1336848","text":"Analysing","type":"YA","timestamp":"2023-11-09 13:48:16"},{"nodeID":"1336849","text":"Louise: John Swinney: One of the arguments I faced in the 2014 referendum, and I acknowledged this in my speech to the party conference at the weekend, people felt there was more security being part of the United Kingdom","type":"L","timestamp":"2023-11-09 13:48:16"},{"nodeID":"1336850","text":"Asserting","type":"YA","timestamp":"2023-11-09 13:48:16"},{"nodeID":"1336851","text":"Default Transition","type":"TA","timestamp":"2023-11-09 13:48:16"},{"nodeID":"1336852","text":"John Swinney:  I acknowledged this in my speech to the party conference at the weekend","type":"L","timestamp":"2023-11-09 13:48:16"},{"nodeID":"1336853","text":"Analysing","type":"YA","timestamp":"2023-11-09 13:48:16"},{"nodeID":"1336854","text":"Louise: John Swinney:  I acknowledged this in my speech to the party conference at the weekend","type":"L","timestamp":"2023-11-09 13:48:16"},{"nodeID":"1336855","text":"Asserting","type":"YA","timestamp":"2023-11-09 13:48:16"},{"nodeID":"1336856","text":"John Swinney acknowledged the argument that people felt there was more security being part of the UK in his speech to the party conference at the weekend","type":"I","timestamp":"2023-11-09 13:48:18"},{"nodeID":"1336857","text":"Default Rephrase","type":"MA","timestamp":"2023-11-09 13:48:18"},{"nodeID":"1336858","text":"Default Transition","type":"TA","timestamp":"2023-11-09 13:48:18"},{"nodeID":"1336859","text":"Restating","type":"YA","timestamp":"2023-11-09 13:48:18"},{"nodeID":"1336860","text":"John Swinney doesn't think it's the case that Scotland is more secure as part of the UK","type":"I","timestamp":"2023-11-09 13:48:19"},{"nodeID":"1336861","text":"John Swinney: I don't think that's the case","type":"L","timestamp":"2023-11-09 13:48:19"},{"nodeID":"1336862","text":"Analysing","type":"YA","timestamp":"2023-11-09 13:48:19"},{"nodeID":"1336863","text":"Louise: John Swinney: I don't think that's the case","type":"L","timestamp":"2023-11-09 13:48:19"},{"nodeID":"1336864","text":"Asserting","type":"YA","timestamp":"2023-11-09 13:48:19"},{"nodeID":"1336865","text":"Default Transition","type":"TA","timestamp":"2023-11-09 13:48:19"},{"nodeID":"1336866","text":"Default Conflict","type":"CA","timestamp":"2023-11-09 13:48:19"},{"nodeID":"1336867","text":"Disagreeing","type":"YA","timestamp":"2023-11-09 13:48:19"},{"nodeID":"1336868","text":"people are very unnerved by the experience that there has been","type":"I","timestamp":"2023-11-09 13:48:20"},{"nodeID":"1336869","text":"John Swinney: people are very unnerved by the experience that there has been","type":"L","timestamp":"2023-11-09 13:48:20"},{"nodeID":"1336870","text":"Analysing","type":"YA","timestamp":"2023-11-09 13:48:20"},{"nodeID":"1336871","text":"Louise: John Swinney: people are very unnerved by the experience that there has been","type":"L","timestamp":"2023-11-09 13:48:20"},{"nodeID":"1336872","text":"Asserting","type":"YA","timestamp":"2023-11-09 13:48:20"},{"nodeID":"1336873","text":"Default Transition","type":"TA","timestamp":"2023-11-09 13:48:20"},{"nodeID":"1336874","text":"Default Inference","type":"RA","timestamp":"2023-11-09 13:48:20"},{"nodeID":"1336875","text":"Arguing","type":"YA","timestamp":"2023-11-09 13:48:20"},{"nodeID":"1336876","text":"we had Brexit forced upon us in Scotland","type":"I","timestamp":"2023-11-09 13:48:21"},{"nodeID":"1336877","text":"John Swinney:  We had Brexit forced upon us in Scotland","type":"L","timestamp":"2023-11-09 13:48:21"},{"nodeID":"1336878","text":"Analysing","type":"YA","timestamp":"2023-11-09 13:48:21"},{"nodeID":"1336879","text":"Louise: John Swinney:  We had Brexit forced upon us in Scotland","type":"L","timestamp":"2023-11-09 13:48:21"},{"nodeID":"1336880","text":"Asserting","type":"YA","timestamp":"2023-11-09 13:48:21"},{"nodeID":"1336881","text":"Default Inference","type":"RA","timestamp":"2023-11-09 13:48:21"},{"nodeID":"1336882","text":"Scotland didn't vote for Brexit","type":"I","timestamp":"2023-11-09 13:48:22"},{"nodeID":"1336883","text":"John Swinney: We didn't vote for it","type":"L","timestamp":"2023-11-09 13:48:22"},{"nodeID":"1336884","text":"Analysing","type":"YA","timestamp":"2023-11-09 13:48:22"},{"nodeID":"1336885","text":"Louise: John Swinney: We didn't vote for it","type":"L","timestamp":"2023-11-09 13:48:22"},{"nodeID":"1336886","text":"Asserting","type":"YA","timestamp":"2023-11-09 13:48:22"},{"nodeID":"1336887","text":"Default Transition","type":"TA","timestamp":"2023-11-09 13:48:22"},{"nodeID":"1336888","text":"Default Transition","type":"TA","timestamp":"2023-11-09 13:48:22"},{"nodeID":"1336889","text":"Arguing","type":"YA","timestamp":"2023-11-09 13:48:22"},{"nodeID":"1336890","text":"Default Inference","type":"RA","timestamp":"2023-11-09 13:48:22"},{"nodeID":"1336891","text":"Arguing","type":"YA","timestamp":"2023-11-09 13:48:22"},{"nodeID":"1336892","text":"Scotland wanted to stay in the EU","type":"I","timestamp":"2023-11-09 13:48:23"},{"nodeID":"1336893","text":"John Swinney: We wanted to stay in","type":"L","timestamp":"2023-11-09 13:48:23"},{"nodeID":"1336894","text":"Analysing","type":"YA","timestamp":"2023-11-09 13:48:23"},{"nodeID":"1336895","text":"Louise: John Swinney: We wanted to stay in","type":"L","timestamp":"2023-11-09 13:48:23"},{"nodeID":"1336896","text":"Asserting","type":"YA","timestamp":"2023-11-09 13:48:23"},{"nodeID":"1336897","text":"Default Transition","type":"TA","timestamp":"2023-11-09 13:48:23"},{"nodeID":"1336898","text":"Default Inference","type":"RA","timestamp":"2023-11-09 13:48:23"},{"nodeID":"1336899","text":"Arguing","type":"YA","timestamp":"2023-11-09 13:48:23"},{"nodeID":"1336900","text":"the oil prices completely dropped right after the last independence referendum","type":"I","timestamp":"2023-11-09 13:48:24"},{"nodeID":"1336901","text":"AudienceMember 20221020QT30: The oil prices completely dropped right after the last independence referendum","type":"L","timestamp":"2023-11-09 13:48:24"},{"nodeID":"1336902","text":"Analysing","type":"YA","timestamp":"2023-11-09 13:48:24"},{"nodeID":"1336903","text":"Louise: AudienceMember 20221020QT30: The oil prices completely dropped right after the last independence referendum","type":"L","timestamp":"2023-11-09 13:48:24"},{"nodeID":"1336904","text":"Asserting","type":"YA","timestamp":"2023-11-09 13:48:24"},{"nodeID":"1336905","text":"Default Transition","type":"TA","timestamp":"2023-11-09 13:48:24"},{"nodeID":"1336906","text":"we would have been bankrupt as a country","type":"I","timestamp":"2023-11-09 13:48:24"},{"nodeID":"1336907","text":"AudienceMember 20221020QT30: We would have been bankrupt as a country","type":"L","timestamp":"2023-11-09 13:48:24"},{"nodeID":"1336908","text":"Analysing","type":"YA","timestamp":"2023-11-09 13:48:24"},{"nodeID":"1336909","text":"Louise: AudienceMember 20221020QT30: We would have been bankrupt as a country","type":"L","timestamp":"2023-11-09 13:48:24"},{"nodeID":"1336910","text":"Asserting","type":"YA","timestamp":"2023-11-09 13:48:24"},{"nodeID":"1336911","text":"Default Inference","type":"RA","timestamp":"2023-11-09 13:48:24"},{"nodeID":"1336912","text":"Default Transition","type":"TA","timestamp":"2023-11-09 13:48:24"},{"nodeID":"1336913","text":"Arguing","type":"YA","timestamp":"2023-11-09 13:48:24"},{"nodeID":"1336914","text":"AudienceMember 20221020QT30:  Definitely","type":"L","timestamp":"2023-11-09 13:48:24"},{"nodeID":"1336915","text":"Analysing","type":"YA","timestamp":"2023-11-09 13:48:24"},{"nodeID":"1336916","text":"Louise: AudienceMember 20221020QT30:  Definitely","type":"L","timestamp":"2023-11-09 13:48:24"},{"nodeID":"1336917","text":"Default Transition","type":"TA","timestamp":"2023-11-09 13:48:24"},{"nodeID":"1336918","text":"Agreeing","type":"YA","timestamp":"2023-11-09 13:48:24"},{"nodeID":"1336919","text":"the oil prices completely dropped","type":"I","timestamp":"2023-11-09 13:48:25"},{"nodeID":"1336920","text":"AudienceMember 20221020QT30: The oil prices completely dropped","type":"L","timestamp":"2023-11-09 13:48:25"},{"nodeID":"1336921","text":"Analysing","type":"YA","timestamp":"2023-11-09 13:48:25"},{"nodeID":"1336922","text":"Louise: AudienceMember 20221020QT30: The oil prices completely dropped","type":"L","timestamp":"2023-11-09 13:48:25"},{"nodeID":"1336923","text":"Asserting","type":"YA","timestamp":"2023-11-09 13:48:25"},{"nodeID":"1336924","text":"Default Rephrase","type":"MA","timestamp":"2023-11-09 13:48:25"},{"nodeID":"1336925","text":"Default Transition","type":"TA","timestamp":"2023-11-09 13:48:25"},{"nodeID":"1336926","text":"Restating","type":"YA","timestamp":"2023-11-09 13:48:25"},{"nodeID":"1336927","text":"the country would have had no revenue","type":"I","timestamp":"2023-11-09 13:48:26"},{"nodeID":"1336928","text":"AudienceMember 20221020QT30: Where would the revenue have come from","type":"L","timestamp":"2023-11-09 13:48:26"},{"nodeID":"1336929","text":"Analysing","type":"YA","timestamp":"2023-11-09 13:48:26"},{"nodeID":"1336930","text":"Louise: AudienceMember 20221020QT30: Where would the revenue have come from","type":"L","timestamp":"2023-11-09 13:48:26"},{"nodeID":"1336931","text":"Rhetorical Questioning","type":"YA","timestamp":"2023-11-09 13:48:26"},{"nodeID":"1336932","text":"Default Transition","type":"TA","timestamp":"2023-11-09 13:48:26"},{"nodeID":"1336933","text":"Default Inference","type":"RA","timestamp":"2023-11-09 13:48:26"},{"nodeID":"1336934","text":"Arguing","type":"YA","timestamp":"2023-11-09 13:48:26"},{"nodeID":"1336935","text":"not everything hinges on oil prices","type":"I","timestamp":"2023-11-09 13:48:27"},{"nodeID":"1336936","text":"John Swinney: Not everything hinges on that","type":"L","timestamp":"2023-11-09 13:48:27"},{"nodeID":"1336937","text":"Analysing","type":"YA","timestamp":"2023-11-09 13:48:27"},{"nodeID":"1336938","text":"Louise: John Swinney: Not everything hinges on that","type":"L","timestamp":"2023-11-09 13:48:27"},{"nodeID":"1336939","text":"Asserting","type":"YA","timestamp":"2023-11-09 13:48:27"},{"nodeID":"1336940","text":"Default Conflict","type":"CA","timestamp":"2023-11-09 13:48:27"},{"nodeID":"1336941","text":"Default Transition","type":"TA","timestamp":"2023-11-09 13:48:27"},{"nodeID":"1336942","text":"Disagreeing","type":"YA","timestamp":"2023-11-09 13:48:27"},{"nodeID":"1336943","text":"you have other things to rebalance the economy","type":"I","timestamp":"2023-11-09 13:48:27"},{"nodeID":"1336944","text":"John Swinney: You have other things to rebalance the economy","type":"L","timestamp":"2023-11-09 13:48:27"},{"nodeID":"1336945","text":"Analysing","type":"YA","timestamp":"2023-11-09 13:48:27"},{"nodeID":"1336946","text":"Louise: John Swinney: You have other things to rebalance the economy","type":"L","timestamp":"2023-11-09 13:48:27"},{"nodeID":"1336947","text":"Asserting","type":"YA","timestamp":"2023-11-09 13:48:27"},{"nodeID":"1336948","text":"Default Transition","type":"TA","timestamp":"2023-11-09 13:48:27"},{"nodeID":"1336949","text":"Default Inference","type":"RA","timestamp":"2023-11-09 13:48:27"},{"nodeID":"1336950","text":"Arguing","type":"YA","timestamp":"2023-11-09 13:48:27"},{"nodeID":"1336951","text":"nobody can look at the United Kingdom today and say with any confidence: 'This is a financially secure country' after the madness of the last couple of weeks","type":"I","timestamp":"2023-11-09 13:48:28"},{"nodeID":"1336952","text":"John Swinney: nobody can look at the United Kingdom today and say with any confidence: This is a financially secure country after the madness of the last couple of weeks","type":"L","timestamp":"2023-11-09 13:48:28"},{"nodeID":"1336953","text":"Analysing","type":"YA","timestamp":"2023-11-09 13:48:28"},{"nodeID":"1336954","text":"Louise: John Swinney: nobody can look at the United Kingdom today and say with any confidence: This is a financially secure country after the madness of the last couple of weeks","type":"L","timestamp":"2023-11-09 13:48:28"},{"nodeID":"1336955","text":"Asserting","type":"YA","timestamp":"2023-11-09 13:48:28"},{"nodeID":"1336956","text":"Default Inference","type":"RA","timestamp":"2023-11-09 13:48:28"},{"nodeID":"1336957","text":"Default Transition","type":"TA","timestamp":"2023-11-09 13:48:28"},{"nodeID":"1336958","text":"Arguing","type":"YA","timestamp":"2023-11-09 13:48:28"},{"nodeID":"1336959","text":"despite all the turmoil that we've seen as a result of the decisions made in Westminster, the Bank of England has managed to keep things more stable than they would have been","type":"I","timestamp":"2023-11-09 13:48:29"},{"nodeID":"1336960","text":"Isabel Hardman: all the turmoil that we've seen as a result of the decisions made in Westminster, the Bank of England has managed to keep things more stable than they would have been","type":"L","timestamp":"2023-11-09 13:48:29"},{"nodeID":"1336961","text":"Analysing","type":"YA","timestamp":"2023-11-09 13:48:29"},{"nodeID":"1336962","text":"Louise: Isabel Hardman: all the turmoil that we've seen as a result of the decisions made in Westminster, the Bank of England has managed to keep things more stable than they would have been","type":"L","timestamp":"2023-11-09 13:48:29"},{"nodeID":"1336963","text":"Asserting","type":"YA","timestamp":"2023-11-09 13:48:29"},{"nodeID":"1336964","text":"Default Transition","type":"TA","timestamp":"2023-11-09 13:48:29"},{"nodeID":"1336965","text":"Default Conflict","type":"CA","timestamp":"2023-11-09 13:48:29"},{"nodeID":"1336966","text":"Disagreeing","type":"YA","timestamp":"2023-11-09 13:48:29"},{"nodeID":"1336967","text":"Isabel Hardman finds it fascinating that John Swinney talks about the turmoil in Westminster","type":"I","timestamp":"2023-11-09 13:48:30"},{"nodeID":"1336968","text":"Isabel Hardman: I find it fascinating that you talk about the turmoil in Westminster","type":"L","timestamp":"2023-11-09 13:48:30"},{"nodeID":"1336969","text":"Analysing","type":"YA","timestamp":"2023-11-09 13:48:30"},{"nodeID":"1336970","text":"Louise: Isabel Hardman: I find it fascinating that you talk about the turmoil in Westminster","type":"L","timestamp":"2023-11-09 13:48:30"},{"nodeID":"1336971","text":"Asserting","type":"YA","timestamp":"2023-11-09 13:48:30"},{"nodeID":"1336972","text":"Default Transition","type":"TA","timestamp":"2023-11-09 13:48:30"},{"nodeID":"1336973","text":"there has been a lot of turmoil in Westminster recently","type":"I","timestamp":"2023-11-09 13:48:30"},{"nodeID":"1336974","text":"Isabel Hardman: there has been a lot of that, recently,","type":"L","timestamp":"2023-11-09 13:48:30"},{"nodeID":"1336975","text":"Analysing","type":"YA","timestamp":"2023-11-09 13:48:30"},{"nodeID":"1336976","text":"Louise: Isabel Hardman: there has been a lot of that, recently,","type":"L","timestamp":"2023-11-09 13:48:30"},{"nodeID":"1336977","text":"Asserting","type":"YA","timestamp":"2023-11-09 13:48:30"},{"nodeID":"1336978","text":"Default Transition","type":"TA","timestamp":"2023-11-09 13:48:30"},{"nodeID":"1336979","text":"Default Rephrase","type":"MA","timestamp":"2023-11-09 13:48:30"},{"nodeID":"1336980","text":"Restating","type":"YA","timestamp":"2023-11-09 13:48:30"},{"nodeID":"1336981","text":"John Swinney's proposal is essentially, not just in terms of currency but in terms of independence to create more turmoil","type":"I","timestamp":"2023-11-09 13:48:31"},{"nodeID":"1336982","text":"Isabel Hardman: essentially your proposal, not just in terms of currency but in terms of independence is to create more turmoil","type":"L","timestamp":"2023-11-09 13:48:31"},{"nodeID":"1336983","text":"Analysing","type":"YA","timestamp":"2023-11-09 13:48:31"},{"nodeID":"1336984","text":"Louise: Isabel Hardman: essentially your proposal, not just in terms of currency but in terms of independence is to create more turmoil","type":"L","timestamp":"2023-11-09 13:48:31"},{"nodeID":"1336985","text":"Asserting","type":"YA","timestamp":"2023-11-09 13:48:31"},{"nodeID":"1336986","text":"Default Inference","type":"RA","timestamp":"2023-11-09 13:48:31"},{"nodeID":"1336987","text":"Default Transition","type":"TA","timestamp":"2023-11-09 13:48:31"},{"nodeID":"1336988","text":"Arguing","type":"YA","timestamp":"2023-11-09 13:48:31"},{"nodeID":"1336989","text":"John Swinney's proposal is not better just because it is SNP turmoil rather than Tory turmoil","type":"I","timestamp":"2023-11-09 13:48:32"},{"nodeID":"1336990","text":"Isabel Hardman:  is it better because it is SNP turmoil rather than Tory turmoil","type":"L","timestamp":"2023-11-09 13:48:32"},{"nodeID":"1336991","text":"Analysing","type":"YA","timestamp":"2023-11-09 13:48:32"},{"nodeID":"1336992","text":"Louise: Isabel Hardman:  is it better because it is SNP turmoil rather than Tory turmoil","type":"L","timestamp":"2023-11-09 13:48:32"},{"nodeID":"1336993","text":"Rhetorical Questioning","type":"YA","timestamp":"2023-11-09 13:48:32"},{"nodeID":"1336994","text":"Default Rephrase","type":"MA","timestamp":"2023-11-09 13:48:32"},{"nodeID":"1336995","text":"Default Transition","type":"TA","timestamp":"2023-11-09 13:48:32"},{"nodeID":"1336996","text":"Restating","type":"YA","timestamp":"2023-11-09 13:48:32"}],"edges":[{"edgeID":"1752588","fromID":"1336821","toID":"1336820","formEdgeID":null},{"edgeID":"1752589","fromID":"1336822","toID":"1336821","formEdgeID":null},{"edgeID":"1752590","fromID":"1336820","toID":"1336823","formEdgeID":null},{"edgeID":"1752591","fromID":"1336823","toID":"1336819","formEdgeID":null},{"edgeID":"1752592","fromID":"1336826","toID":"1336825","formEdgeID":null},{"edgeID":"1752593","fromID":"1336827","toID":"1336826","formEdgeID":null},{"edgeID":"1752594","fromID":"1336825","toID":"1336828","formEdgeID":null},{"edgeID":"1752595","fromID":"1336828","toID":"1336824","formEdgeID":null},{"edgeID":"1752596","fromID":"1336831","toID":"1336830","formEdgeID":null},{"edgeID":"1752597","fromID":"1336832","toID":"1336831","formEdgeID":null},{"edgeID":"1752598","fromID":"1336830","toID":"1336833","formEdgeID":null},{"edgeID":"1752599","fromID":"1336833","toID":"1336829","formEdgeID":null},{"edgeID":"1752600","fromID":"1336829","toID":"1336834","formEdgeID":null},{"edgeID":"1752601","fromID":"1336834","toID":"1336819","formEdgeID":null},{"edgeID":"1752602","fromID":"1336820","toID":"1336835","formEdgeID":null},{"edgeID":"1752603","fromID":"1336835","toID":"1336830","formEdgeID":null},{"edgeID":"1752604","fromID":"1336835","toID":"1336836","formEdgeID":null},{"edgeID":"1752605","fromID":"1336836","toID":"1336834","formEdgeID":null},{"edgeID":"1752606","fromID":"1336830","toID":"1336837","formEdgeID":null},{"edgeID":"1752607","fromID":"1336837","toID":"1336825","formEdgeID":null},{"edgeID":"1752608","fromID":"1336840","toID":"1336839","formEdgeID":null},{"edgeID":"1752609","fromID":"1336841","toID":"1336840","formEdgeID":null},{"edgeID":"1752610","fromID":"1336839","toID":"1336842","formEdgeID":null},{"edgeID":"1752611","fromID":"1336842","toID":"1336838","formEdgeID":null},{"edgeID":"1752612","fromID":"1336838","toID":"1336843","formEdgeID":null},{"edgeID":"1752613","fromID":"1336843","toID":"1336824","formEdgeID":null},{"edgeID":"1752614","fromID":"1336825","toID":"1336844","formEdgeID":null},{"edgeID":"1752615","fromID":"1336844","toID":"1336839","formEdgeID":null},{"edgeID":"1752616","fromID":"1336844","toID":"1336845","formEdgeID":null},{"edgeID":"1752617","fromID":"1336845","toID":"1336843","formEdgeID":null},{"edgeID":"1752618","fromID":"1336848","toID":"1336847","formEdgeID":null},{"edgeID":"1752619","fromID":"1336849","toID":"1336848","formEdgeID":null},{"edgeID":"1752620","fromID":"1336847","toID":"1336850","formEdgeID":null},{"edgeID":"1752621","fromID":"1336850","toID":"1336846","formEdgeID":null},{"edgeID":"1752622","fromID":"1336839","toID":"1336851","formEdgeID":null},{"edgeID":"1752623","fromID":"1336851","toID":"1336847","formEdgeID":null},{"edgeID":"1752624","fromID":"1336853","toID":"1336852","formEdgeID":null},{"edgeID":"1752625","fromID":"1336854","toID":"1336853","formEdgeID":null},{"edgeID":"1752626","fromID":"1336852","toID":"1336855","formEdgeID":null},{"edgeID":"1752627","fromID":"1336855","toID":"1336856","formEdgeID":null},{"edgeID":"1752628","fromID":"1336856","toID":"1336857","formEdgeID":null},{"edgeID":"1752629","fromID":"1336857","toID":"1336846","formEdgeID":null},{"edgeID":"1752630","fromID":"1336847","toID":"1336858","formEdgeID":null},{"edgeID":"1752631","fromID":"1336858","toID":"1336852","formEdgeID":null},{"edgeID":"1752632","fromID":"1336858","toID":"1336859","formEdgeID":null},{"edgeID":"1752633","fromID":"1336859","toID":"1336857","formEdgeID":null},{"edgeID":"1752634","fromID":"1336862","toID":"1336861","formEdgeID":null},{"edgeID":"1752635","fromID":"1336863","toID":"1336862","formEdgeID":null},{"edgeID":"1752636","fromID":"1336861","toID":"1336864","formEdgeID":null},{"edgeID":"1752637","fromID":"1336864","toID":"1336860","formEdgeID":null},{"edgeID":"1752638","fromID":"1336852","toID":"1336865","formEdgeID":null},{"edgeID":"1752639","fromID":"1336865","toID":"1336861","formEdgeID":null},{"edgeID":"1752640","fromID":"1336860","toID":"1336866","formEdgeID":null},{"edgeID":"1752641","fromID":"1336866","toID":"1336856","formEdgeID":null},{"edgeID":"1752642","fromID":"1336865","toID":"1336867","formEdgeID":null},{"edgeID":"1752643","fromID":"1336867","toID":"1336866","formEdgeID":null},{"edgeID":"1752644","fromID":"1336870","toID":"1336869","formEdgeID":null},{"edgeID":"1752645","fromID":"1336871","toID":"1336870","formEdgeID":null},{"edgeID":"1752646","fromID":"1336869","toID":"1336872","formEdgeID":null},{"edgeID":"1752647","fromID":"1336872","toID":"1336868","formEdgeID":null},{"edgeID":"1752648","fromID":"1336861","toID":"1336873","formEdgeID":null},{"edgeID":"1752649","fromID":"1336873","toID":"1336869","formEdgeID":null},{"edgeID":"1752650","fromID":"1336868","toID":"1336874","formEdgeID":null},{"edgeID":"1752651","fromID":"1336874","toID":"1336846","formEdgeID":null},{"edgeID":"1752652","fromID":"1336873","toID":"1336875","formEdgeID":null},{"edgeID":"1752653","fromID":"1336875","toID":"1336874","formEdgeID":null},{"edgeID":"1752654","fromID":"1336878","toID":"1336877","formEdgeID":null},{"edgeID":"1752655","fromID":"1336879","toID":"1336878","formEdgeID":null},{"edgeID":"1752656","fromID":"1336877","toID":"1336880","formEdgeID":null},{"edgeID":"1752657","fromID":"1336880","toID":"1336876","formEdgeID":null},{"edgeID":"1752658","fromID":"1336876","toID":"1336881","formEdgeID":null},{"edgeID":"1752659","fromID":"1336881","toID":"1336868","formEdgeID":null},{"edgeID":"1752660","fromID":"1336884","toID":"1336883","formEdgeID":null},{"edgeID":"1752661","fromID":"1336885","toID":"1336884","formEdgeID":null},{"edgeID":"1752662","fromID":"1336883","toID":"1336886","formEdgeID":null},{"edgeID":"1752663","fromID":"1336886","toID":"1336882","formEdgeID":null},{"edgeID":"1752664","fromID":"1336877","toID":"1336887","formEdgeID":null},{"edgeID":"1752665","fromID":"1336887","toID":"1336883","formEdgeID":null},{"edgeID":"1752666","fromID":"1336847","toID":"1336888","formEdgeID":null},{"edgeID":"1752667","fromID":"1336888","toID":"1336877","formEdgeID":null},{"edgeID":"1752668","fromID":"1336888","toID":"1336889","formEdgeID":null},{"edgeID":"1752669","fromID":"1336889","toID":"1336881","formEdgeID":null},{"edgeID":"1752670","fromID":"1336882","toID":"1336890","formEdgeID":null},{"edgeID":"1752671","fromID":"1336890","toID":"1336876","formEdgeID":null},{"edgeID":"1752672","fromID":"1336887","toID":"1336891","formEdgeID":null},{"edgeID":"1752673","fromID":"1336891","toID":"1336890","formEdgeID":null},{"edgeID":"1752674","fromID":"1336894","toID":"1336893","formEdgeID":null},{"edgeID":"1752675","fromID":"1336895","toID":"1336894","formEdgeID":null},{"edgeID":"1752676","fromID":"1336893","toID":"1336896","formEdgeID":null},{"edgeID":"1752677","fromID":"1336896","toID":"1336892","formEdgeID":null},{"edgeID":"1752678","fromID":"1336883","toID":"1336897","formEdgeID":null},{"edgeID":"1752679","fromID":"1336897","toID":"1336893","formEdgeID":null},{"edgeID":"1752680","fromID":"1336892","toID":"1336898","formEdgeID":null},{"edgeID":"1752681","fromID":"1336898","toID":"1336882","formEdgeID":null},{"edgeID":"1752682","fromID":"1336897","toID":"1336899","formEdgeID":null},{"edgeID":"1752683","fromID":"1336899","toID":"1336898","formEdgeID":null},{"edgeID":"1752684","fromID":"1336902","toID":"1336901","formEdgeID":null},{"edgeID":"1752685","fromID":"1336903","toID":"1336902","formEdgeID":null},{"edgeID":"1752686","fromID":"1336901","toID":"1336904","formEdgeID":null},{"edgeID":"1752687","fromID":"1336904","toID":"1336900","formEdgeID":null},{"edgeID":"1752688","fromID":"1336893","toID":"1336905","formEdgeID":null},{"edgeID":"1752689","fromID":"1336905","toID":"1336901","formEdgeID":null},{"edgeID":"1752690","fromID":"1336908","toID":"1336907","formEdgeID":null},{"edgeID":"1752691","fromID":"1336909","toID":"1336908","formEdgeID":null},{"edgeID":"1752692","fromID":"1336907","toID":"1336910","formEdgeID":null},{"edgeID":"1752693","fromID":"1336910","toID":"1336906","formEdgeID":null},{"edgeID":"1752694","fromID":"1336900","toID":"1336911","formEdgeID":null},{"edgeID":"1752695","fromID":"1336911","toID":"1336906","formEdgeID":null},{"edgeID":"1752696","fromID":"1336901","toID":"1336912","formEdgeID":null},{"edgeID":"1752697","fromID":"1336912","toID":"1336907","formEdgeID":null},{"edgeID":"1752698","fromID":"1336912","toID":"1336913","formEdgeID":null},{"edgeID":"1752699","fromID":"1336913","toID":"1336911","formEdgeID":null},{"edgeID":"1752700","fromID":"1336915","toID":"1336914","formEdgeID":null},{"edgeID":"1752701","fromID":"1336916","toID":"1336915","formEdgeID":null},{"edgeID":"1752702","fromID":"1336907","toID":"1336917","formEdgeID":null},{"edgeID":"1752703","fromID":"1336917","toID":"1336914","formEdgeID":null},{"edgeID":"1752704","fromID":"1336914","toID":"1336918","formEdgeID":null},{"edgeID":"1752705","fromID":"1336918","toID":"1336906","formEdgeID":null},{"edgeID":"1752706","fromID":"1336921","toID":"1336920","formEdgeID":null},{"edgeID":"1752707","fromID":"1336922","toID":"1336921","formEdgeID":null},{"edgeID":"1752708","fromID":"1336920","toID":"1336923","formEdgeID":null},{"edgeID":"1752709","fromID":"1336923","toID":"1336919","formEdgeID":null},{"edgeID":"1752710","fromID":"1336919","toID":"1336924","formEdgeID":null},{"edgeID":"1752711","fromID":"1336924","toID":"1336900","formEdgeID":null},{"edgeID":"1752712","fromID":"1336914","toID":"1336925","formEdgeID":null},{"edgeID":"1752713","fromID":"1336925","toID":"1336920","formEdgeID":null},{"edgeID":"1752714","fromID":"1336925","toID":"1336926","formEdgeID":null},{"edgeID":"1752715","fromID":"1336926","toID":"1336924","formEdgeID":null},{"edgeID":"1752716","fromID":"1336929","toID":"1336928","formEdgeID":null},{"edgeID":"1752717","fromID":"1336930","toID":"1336929","formEdgeID":null},{"edgeID":"1752718","fromID":"1336928","toID":"1336931","formEdgeID":null},{"edgeID":"1752719","fromID":"1336931","toID":"1336927","formEdgeID":null},{"edgeID":"1752720","fromID":"1336920","toID":"1336932","formEdgeID":null},{"edgeID":"1752721","fromID":"1336932","toID":"1336928","formEdgeID":null},{"edgeID":"1752722","fromID":"1336919","toID":"1336933","formEdgeID":null},{"edgeID":"1752723","fromID":"1336933","toID":"1336927","formEdgeID":null},{"edgeID":"1752724","fromID":"1336932","toID":"1336934","formEdgeID":null},{"edgeID":"1752725","fromID":"1336934","toID":"1336933","formEdgeID":null},{"edgeID":"1752726","fromID":"1336937","toID":"1336936","formEdgeID":null},{"edgeID":"1752727","fromID":"1336938","toID":"1336937","formEdgeID":null},{"edgeID":"1752728","fromID":"1336936","toID":"1336939","formEdgeID":null},{"edgeID":"1752729","fromID":"1336939","toID":"1336935","formEdgeID":null},{"edgeID":"1752730","fromID":"1336935","toID":"1336940","formEdgeID":null},{"edgeID":"1752731","fromID":"1336940","toID":"1336927","formEdgeID":null},{"edgeID":"1752732","fromID":"1336928","toID":"1336941","formEdgeID":null},{"edgeID":"1752733","fromID":"1336941","toID":"1336936","formEdgeID":null},{"edgeID":"1752734","fromID":"1336941","toID":"1336942","formEdgeID":null},{"edgeID":"1752735","fromID":"1336942","toID":"1336940","formEdgeID":null},{"edgeID":"1752736","fromID":"1336945","toID":"1336944","formEdgeID":null},{"edgeID":"1752737","fromID":"1336946","toID":"1336945","formEdgeID":null},{"edgeID":"1752738","fromID":"1336944","toID":"1336947","formEdgeID":null},{"edgeID":"1752739","fromID":"1336947","toID":"1336943","formEdgeID":null},{"edgeID":"1752740","fromID":"1336936","toID":"1336948","formEdgeID":null},{"edgeID":"1752741","fromID":"1336948","toID":"1336944","formEdgeID":null},{"edgeID":"1752742","fromID":"1336943","toID":"1336949","formEdgeID":null},{"edgeID":"1752743","fromID":"1336949","toID":"1336935","formEdgeID":null},{"edgeID":"1752744","fromID":"1336948","toID":"1336950","formEdgeID":null},{"edgeID":"1752745","fromID":"1336950","toID":"1336949","formEdgeID":null},{"edgeID":"1752746","fromID":"1336953","toID":"1336952","formEdgeID":null},{"edgeID":"1752747","fromID":"1336954","toID":"1336953","formEdgeID":null},{"edgeID":"1752748","fromID":"1336952","toID":"1336955","formEdgeID":null},{"edgeID":"1752749","fromID":"1336955","toID":"1336951","formEdgeID":null},{"edgeID":"1752750","fromID":"1336951","toID":"1336956","formEdgeID":null},{"edgeID":"1752751","fromID":"1336956","toID":"1336860","formEdgeID":null},{"edgeID":"1752752","fromID":"1336861","toID":"1336957","formEdgeID":null},{"edgeID":"1752753","fromID":"1336957","toID":"1336952","formEdgeID":null},{"edgeID":"1752754","fromID":"1336957","toID":"1336958","formEdgeID":null},{"edgeID":"1752755","fromID":"1336958","toID":"1336956","formEdgeID":null},{"edgeID":"1752756","fromID":"1336961","toID":"1336960","formEdgeID":null},{"edgeID":"1752757","fromID":"1336962","toID":"1336961","formEdgeID":null},{"edgeID":"1752758","fromID":"1336960","toID":"1336963","formEdgeID":null},{"edgeID":"1752759","fromID":"1336963","toID":"1336959","formEdgeID":null},{"edgeID":"1752760","fromID":"1336952","toID":"1336964","formEdgeID":null},{"edgeID":"1752761","fromID":"1336964","toID":"1336960","formEdgeID":null},{"edgeID":"1752762","fromID":"1336959","toID":"1336965","formEdgeID":null},{"edgeID":"1752763","fromID":"1336965","toID":"1336951","formEdgeID":null},{"edgeID":"1752764","fromID":"1336964","toID":"1336966","formEdgeID":null},{"edgeID":"1752765","fromID":"1336966","toID":"1336965","formEdgeID":null},{"edgeID":"1752766","fromID":"1336969","toID":"1336968","formEdgeID":null},{"edgeID":"1752767","fromID":"1336970","toID":"1336969","formEdgeID":null},{"edgeID":"1752768","fromID":"1336968","toID":"1336971","formEdgeID":null},{"edgeID":"1752769","fromID":"1336971","toID":"1336967","formEdgeID":null},{"edgeID":"1752770","fromID":"1336960","toID":"1336972","formEdgeID":null},{"edgeID":"1752771","fromID":"1336972","toID":"1336968","formEdgeID":null},{"edgeID":"1752772","fromID":"1336975","toID":"1336974","formEdgeID":null},{"edgeID":"1752773","fromID":"1336976","toID":"1336975","formEdgeID":null},{"edgeID":"1752774","fromID":"1336974","toID":"1336977","formEdgeID":null},{"edgeID":"1752775","fromID":"1336977","toID":"1336973","formEdgeID":null},{"edgeID":"1752776","fromID":"1336968","toID":"1336978","formEdgeID":null},{"edgeID":"1752777","fromID":"1336978","toID":"1336974","formEdgeID":null},{"edgeID":"1752778","fromID":"1336973","toID":"1336979","formEdgeID":null},{"edgeID":"1752779","fromID":"1336979","toID":"1336967","formEdgeID":null},{"edgeID":"1752780","fromID":"1336978","toID":"1336980","formEdgeID":null},{"edgeID":"1752781","fromID":"1336980","toID":"1336979","formEdgeID":null},{"edgeID":"1752782","fromID":"1336983","toID":"1336982","formEdgeID":null},{"edgeID":"1752783","fromID":"1336984","toID":"1336983","formEdgeID":null},{"edgeID":"1752784","fromID":"1336982","toID":"1336985","formEdgeID":null},{"edgeID":"1752785","fromID":"1336985","toID":"1336981","formEdgeID":null},{"edgeID":"1752786","fromID":"1336981","toID":"1336986","formEdgeID":null},{"edgeID":"1752787","fromID":"1336986","toID":"1336967","formEdgeID":null},{"edgeID":"1752788","fromID":"1336968","toID":"1336987","formEdgeID":null},{"edgeID":"1752789","fromID":"1336987","toID":"1336982","formEdgeID":null},{"edgeID":"1752790","fromID":"1336987","toID":"1336988","formEdgeID":null},{"edgeID":"1752791","fromID":"1336988","toID":"1336986","formEdgeID":null},{"edgeID":"1752792","fromID":"1336991","toID":"1336990","formEdgeID":null},{"edgeID":"1752793","fromID":"1336992","toID":"1336991","formEdgeID":null},{"edgeID":"1752794","fromID":"1336990","toID":"1336993","formEdgeID":null},{"edgeID":"1752795","fromID":"1336993","toID":"1336989","formEdgeID":null},{"edgeID":"1752796","fromID":"1336989","toID":"1336994","formEdgeID":null},{"edgeID":"1752797","fromID":"1336994","toID":"1336981","formEdgeID":null},{"edgeID":"1752798","fromID":"1336982","toID":"1336995","formEdgeID":null},{"edgeID":"1752799","fromID":"1336995","toID":"1336990","formEdgeID":null},{"edgeID":"1752800","fromID":"1336995","toID":"1336996","formEdgeID":null},{"edgeID":"1752801","fromID":"1336996","toID":"1336994","formEdgeID":null}],"locutions":[]}