{"nodes":[{"nodeID":"1333905","text":"Liz Truss can or cannot unite her backbenchers","type":"I","timestamp":"2023-11-09 13:42:59"},{"nodeID":"1333906","text":"AudienceMember 20221020QT01: Can Liz Truss unite her backbenchers","type":"L","timestamp":"2023-11-09 13:42:59"},{"nodeID":"1333907","text":"Analysing","type":"YA","timestamp":"2023-11-09 13:42:59"},{"nodeID":"1333908","text":"Chris: AudienceMember 20221020QT01: Can Liz Truss unite her backbenchers","type":"L","timestamp":"2023-11-09 13:42:59"},{"nodeID":"1333909","text":"Pure Questioning","type":"YA","timestamp":"2023-11-09 13:42:59"},{"nodeID":"1333910","text":"Conservative backbencher divisions have gone too far already","type":"I","timestamp":"2023-11-09 13:42:59"},{"nodeID":"1333911","text":"AudienceMember 20221020QT01: has it gone too far already","type":"L","timestamp":"2023-11-09 13:42:59"},{"nodeID":"1333912","text":"Analysing","type":"YA","timestamp":"2023-11-09 13:42:59"},{"nodeID":"1333913","text":"Chris: AudienceMember 20221020QT01: has it gone too far already","type":"L","timestamp":"2023-11-09 13:42:59"},{"nodeID":"1333914","text":"Assertive Questioning","type":"YA","timestamp":"2023-11-09 13:42:59"},{"nodeID":"1333915","text":"Default Transition","type":"TA","timestamp":"2023-11-09 13:42:59"},{"nodeID":"1333916","text":"this has not been the start Liz Truss was looking for","type":"I","timestamp":"2023-11-09 13:43:00"},{"nodeID":"1333917","text":"Douglas Ross: This has not been the start Liz Truss was looking for","type":"L","timestamp":"2023-11-09 13:43:00"},{"nodeID":"1333918","text":"Analysing","type":"YA","timestamp":"2023-11-09 13:43:00"},{"nodeID":"1333919","text":"Chris: Douglas Ross: This has not been the start Liz Truss was looking for","type":"L","timestamp":"2023-11-09 13:43:00"},{"nodeID":"1333920","text":"Asserting","type":"YA","timestamp":"2023-11-09 13:43:00"},{"nodeID":"1333921","text":"Default Rephrase","type":"MA","timestamp":"2023-11-09 13:43:00"},{"nodeID":"1333922","text":"Default Transition","type":"TA","timestamp":"2023-11-09 13:43:00"},{"nodeID":"1333923","text":"Default Illocuting","type":"YA","timestamp":"2023-11-09 13:43:00"},{"nodeID":"1333924","text":"the growth plan was designed to stimulate the economy","type":"I","timestamp":"2023-11-09 13:43:01"},{"nodeID":"1333925","text":"Douglas Ross: The growth plan was designed to stimulate the economy","type":"L","timestamp":"2023-11-09 13:43:01"},{"nodeID":"1333926","text":"Analysing","type":"YA","timestamp":"2023-11-09 13:43:01"},{"nodeID":"1333927","text":"Chris: Douglas Ross: The growth plan was designed to stimulate the economy","type":"L","timestamp":"2023-11-09 13:43:01"},{"nodeID":"1333928","text":"Asserting","type":"YA","timestamp":"2023-11-09 13:43:01"},{"nodeID":"1333929","text":"Default Inference","type":"RA","timestamp":"2023-11-09 13:43:01"},{"nodeID":"1333930","text":"Default Transition","type":"TA","timestamp":"2023-11-09 13:43:01"},{"nodeID":"1333931","text":"the growth plan hasn't gone as planned","type":"I","timestamp":"2023-11-09 13:43:01"},{"nodeID":"1333932","text":"Douglas Ross: it hasn't gone as planned","type":"L","timestamp":"2023-11-09 13:43:01"},{"nodeID":"1333933","text":"Analysing","type":"YA","timestamp":"2023-11-09 13:43:01"},{"nodeID":"1333934","text":"Chris: Douglas Ross: it hasn't gone as planned","type":"L","timestamp":"2023-11-09 13:43:01"},{"nodeID":"1333935","text":"Asserting","type":"YA","timestamp":"2023-11-09 13:43:01"},{"nodeID":"1333936","text":"Default Transition","type":"TA","timestamp":"2023-11-09 13:43:01"},{"nodeID":"1333937","text":"Arguing","type":"YA","timestamp":"2023-11-09 13:43:01"},{"nodeID":"1333938","text":"it is right that the Prime Minister and the Chancellor have reflected on their early failures","type":"I","timestamp":"2023-11-09 13:43:02"},{"nodeID":"1333939","text":"Douglas Ross:  it is right that the Prime Minister and the Chancellor have reflected on that","type":"L","timestamp":"2023-11-09 13:43:02"},{"nodeID":"1333940","text":"Analysing","type":"YA","timestamp":"2023-11-09 13:43:02"},{"nodeID":"1333941","text":"Chris: Douglas Ross:  it is right that the Prime Minister and the Chancellor have reflected on that","type":"L","timestamp":"2023-11-09 13:43:02"},{"nodeID":"1333942","text":"Asserting","type":"YA","timestamp":"2023-11-09 13:43:02"},{"nodeID":"1333943","text":"Default Transition","type":"TA","timestamp":"2023-11-09 13:43:02"},{"nodeID":"1333944","text":"Default Inference","type":"RA","timestamp":"2023-11-09 13:43:02"},{"nodeID":"1333945","text":"one of the big issues is that clearly there wasn't the support in the market","type":"I","timestamp":"2023-11-09 13:43:03"},{"nodeID":"1333946","text":"Douglas Ross: One of the big issues is that clearly there wasn't the support in the market","type":"L","timestamp":"2023-11-09 13:43:03"},{"nodeID":"1333947","text":"Analysing","type":"YA","timestamp":"2023-11-09 13:43:03"},{"nodeID":"1333948","text":"Chris: Douglas Ross: One of the big issues is that clearly there wasn't the support in the market","type":"L","timestamp":"2023-11-09 13:43:03"},{"nodeID":"1333949","text":"Asserting","type":"YA","timestamp":"2023-11-09 13:43:03"},{"nodeID":"1333950","text":"Default Transition","type":"TA","timestamp":"2023-11-09 13:43:03"},{"nodeID":"1333951","text":"Default Transition","type":"TA","timestamp":"2023-11-09 13:43:03"},{"nodeID":"1333952","text":"Default Rephrase","type":"MA","timestamp":"2023-11-09 13:43:03"},{"nodeID":"1333953","text":"Restating","type":"YA","timestamp":"2023-11-09 13:43:03"},{"nodeID":"1333954","text":"we saw the impact that lack of market support had on the 45p tax rate","type":"I","timestamp":"2023-11-09 13:43:03"},{"nodeID":"1333955","text":"Douglas Ross: We saw the impact that had on the 45p tax rate","type":"L","timestamp":"2023-11-09 13:43:03"},{"nodeID":"1333956","text":"Analysing","type":"YA","timestamp":"2023-11-09 13:43:03"},{"nodeID":"1333957","text":"Chris: Douglas Ross: We saw the impact that had on the 45p tax rate","type":"L","timestamp":"2023-11-09 13:43:03"},{"nodeID":"1333958","text":"Asserting","type":"YA","timestamp":"2023-11-09 13:43:03"},{"nodeID":"1333959","text":"Default Transition","type":"TA","timestamp":"2023-11-09 13:43:03"},{"nodeID":"1333960","text":"Default Rephrase","type":"MA","timestamp":"2023-11-09 13:43:03"},{"nodeID":"1333961","text":"Restating","type":"YA","timestamp":"2023-11-09 13:43:03"},{"nodeID":"1333962","text":"it was right last week the 45p tax rate was reversed","type":"I","timestamp":"2023-11-09 13:43:04"},{"nodeID":"1333963","text":"Douglas Ross: it was right last week that was reversed","type":"L","timestamp":"2023-11-09 13:43:04"},{"nodeID":"1333964","text":"Analysing","type":"YA","timestamp":"2023-11-09 13:43:04"},{"nodeID":"1333965","text":"Chris: Douglas Ross: it was right last week that was reversed","type":"L","timestamp":"2023-11-09 13:43:04"},{"nodeID":"1333966","text":"Asserting","type":"YA","timestamp":"2023-11-09 13:43:04"},{"nodeID":"1333967","text":"Default Transition","type":"TA","timestamp":"2023-11-09 13:43:04"},{"nodeID":"1333968","text":"Default Inference","type":"RA","timestamp":"2023-11-09 13:43:04"},{"nodeID":"1333969","text":"Arguing","type":"YA","timestamp":"2023-11-09 13:43:04"},{"nodeID":"1333970","text":"it is also right we look at the positive impacts of the growth plan","type":"I","timestamp":"2023-11-09 13:43:05"},{"nodeID":"1333971","text":"Douglas Ross: it is also right we look at the positive impacts of the growth plan","type":"L","timestamp":"2023-11-09 13:43:05"},{"nodeID":"1333972","text":"Analysing","type":"YA","timestamp":"2023-11-09 13:43:05"},{"nodeID":"1333973","text":"Chris: Douglas Ross: it is also right we look at the positive impacts of the growth plan","type":"L","timestamp":"2023-11-09 13:43:05"},{"nodeID":"1333974","text":"Asserting","type":"YA","timestamp":"2023-11-09 13:43:05"},{"nodeID":"1333975","text":"Default Transition","type":"TA","timestamp":"2023-11-09 13:43:05"},{"nodeID":"1333976","text":"Default Conflict","type":"CA","timestamp":"2023-11-09 13:43:05"},{"nodeID":"1333977","text":"Default Transition","type":"TA","timestamp":"2023-11-09 13:43:05"},{"nodeID":"1333978","text":"Disagreeing","type":"YA","timestamp":"2023-11-09 13:43:05"},{"nodeID":"1333979","text":"the growth plan helped people with heating bills","type":"I","timestamp":"2023-11-09 13:43:05"},{"nodeID":"1333980","text":"Douglas Ross: help people with heating bills","type":"L","timestamp":"2023-11-09 13:43:05"},{"nodeID":"1333981","text":"Analysing","type":"YA","timestamp":"2023-11-09 13:43:05"},{"nodeID":"1333982","text":"Chris: Douglas Ross: help people with heating bills","type":"L","timestamp":"2023-11-09 13:43:05"},{"nodeID":"1333983","text":"Asserting","type":"YA","timestamp":"2023-11-09 13:43:05"},{"nodeID":"1333984","text":"Default Rephrase","type":"MA","timestamp":"2023-11-09 13:43:05"},{"nodeID":"1333985","text":"Default Transition","type":"TA","timestamp":"2023-11-09 13:43:05"},{"nodeID":"1333986","text":"Restating","type":"YA","timestamp":"2023-11-09 13:43:05"},{"nodeID":"1333987","text":"it is hard to keep up","type":"I","timestamp":"2023-11-09 13:43:06"},{"nodeID":"1333988","text":"Fiona Bruce:  it is hard to keep up","type":"L","timestamp":"2023-11-09 13:43:06"},{"nodeID":"1333989","text":"Analysing","type":"YA","timestamp":"2023-11-09 13:43:06"},{"nodeID":"1333990","text":"Chris: Fiona Bruce:  it is hard to keep up","type":"L","timestamp":"2023-11-09 13:43:06"},{"nodeID":"1333991","text":"Asserting","type":"YA","timestamp":"2023-11-09 13:43:06"},{"nodeID":"1333992","text":"Default Transition","type":"TA","timestamp":"2023-11-09 13:43:06"},{"nodeID":"1333993","text":"Default Transition","type":"TA","timestamp":"2023-11-09 13:43:06"},{"nodeID":"1333994","text":"Agreeing","type":"YA","timestamp":"2023-11-09 13:43:06"}],"edges":[{"edgeID":"1749091","fromID":"1333907","toID":"1333906","formEdgeID":null},{"edgeID":"1749092","fromID":"1333908","toID":"1333907","formEdgeID":null},{"edgeID":"1749093","fromID":"1333906","toID":"1333909","formEdgeID":null},{"edgeID":"1749094","fromID":"1333909","toID":"1333905","formEdgeID":null},{"edgeID":"1749095","fromID":"1333912","toID":"1333911","formEdgeID":null},{"edgeID":"1749096","fromID":"1333913","toID":"1333912","formEdgeID":null},{"edgeID":"1749097","fromID":"1333911","toID":"1333914","formEdgeID":null},{"edgeID":"1749098","fromID":"1333914","toID":"1333910","formEdgeID":null},{"edgeID":"1749099","fromID":"1333906","toID":"1333915","formEdgeID":null},{"edgeID":"1749100","fromID":"1333915","toID":"1333911","formEdgeID":null},{"edgeID":"1749101","fromID":"1333918","toID":"1333917","formEdgeID":null},{"edgeID":"1749102","fromID":"1333919","toID":"1333918","formEdgeID":null},{"edgeID":"1749103","fromID":"1333917","toID":"1333920","formEdgeID":null},{"edgeID":"1749104","fromID":"1333920","toID":"1333916","formEdgeID":null},{"edgeID":"1749105","fromID":"1333916","toID":"1333921","formEdgeID":null},{"edgeID":"1749106","fromID":"1333921","toID":"1333910","formEdgeID":null},{"edgeID":"1749107","fromID":"1333911","toID":"1333922","formEdgeID":null},{"edgeID":"1749108","fromID":"1333922","toID":"1333917","formEdgeID":null},{"edgeID":"1749109","fromID":"1333922","toID":"1333923","formEdgeID":null},{"edgeID":"1749110","fromID":"1333923","toID":"1333921","formEdgeID":null},{"edgeID":"1749111","fromID":"1333926","toID":"1333925","formEdgeID":null},{"edgeID":"1749112","fromID":"1333927","toID":"1333926","formEdgeID":null},{"edgeID":"1749113","fromID":"1333925","toID":"1333928","formEdgeID":null},{"edgeID":"1749114","fromID":"1333928","toID":"1333924","formEdgeID":null},{"edgeID":"1749115","fromID":"1333924","toID":"1333929","formEdgeID":null},{"edgeID":"1749116","fromID":"1333929","toID":"1333916","formEdgeID":null},{"edgeID":"1749117","fromID":"1333917","toID":"1333930","formEdgeID":null},{"edgeID":"1749118","fromID":"1333930","toID":"1333925","formEdgeID":null},{"edgeID":"1749119","fromID":"1333933","toID":"1333932","formEdgeID":null},{"edgeID":"1749120","fromID":"1333934","toID":"1333933","formEdgeID":null},{"edgeID":"1749121","fromID":"1333932","toID":"1333935","formEdgeID":null},{"edgeID":"1749122","fromID":"1333935","toID":"1333931","formEdgeID":null},{"edgeID":"1749123","fromID":"1333925","toID":"1333936","formEdgeID":null},{"edgeID":"1749124","fromID":"1333936","toID":"1333932","formEdgeID":null},{"edgeID":"1749125","fromID":"1333931","toID":"1333929","formEdgeID":null},{"edgeID":"1749126","fromID":"1333936","toID":"1333937","formEdgeID":null},{"edgeID":"1749127","fromID":"1333937","toID":"1333929","formEdgeID":null},{"edgeID":"1749128","fromID":"1333940","toID":"1333939","formEdgeID":null},{"edgeID":"1749129","fromID":"1333941","toID":"1333940","formEdgeID":null},{"edgeID":"1749130","fromID":"1333939","toID":"1333942","formEdgeID":null},{"edgeID":"1749131","fromID":"1333942","toID":"1333938","formEdgeID":null},{"edgeID":"1749132","fromID":"1333932","toID":"1333943","formEdgeID":null},{"edgeID":"1749133","fromID":"1333943","toID":"1333939","formEdgeID":null},{"edgeID":"1749134","fromID":"1333931","toID":"1333944","formEdgeID":null},{"edgeID":"1749135","fromID":"1333944","toID":"1333938","formEdgeID":null},{"edgeID":"1749136","fromID":"1333916","toID":"1333944","formEdgeID":null},{"edgeID":"1749137","fromID":"1333947","toID":"1333946","formEdgeID":null},{"edgeID":"1749138","fromID":"1333948","toID":"1333947","formEdgeID":null},{"edgeID":"1749139","fromID":"1333946","toID":"1333949","formEdgeID":null},{"edgeID":"1749140","fromID":"1333949","toID":"1333945","formEdgeID":null},{"edgeID":"1749141","fromID":"1333939","toID":"1333950","formEdgeID":null},{"edgeID":"1749142","fromID":"1333950","toID":"1333946","formEdgeID":null},{"edgeID":"1749143","fromID":"1333932","toID":"1333951","formEdgeID":null},{"edgeID":"1749144","fromID":"1333951","toID":"1333946","formEdgeID":null},{"edgeID":"1749145","fromID":"1333945","toID":"1333952","formEdgeID":null},{"edgeID":"1749146","fromID":"1333952","toID":"1333931","formEdgeID":null},{"edgeID":"1749147","fromID":"1333951","toID":"1333953","formEdgeID":null},{"edgeID":"1749148","fromID":"1333953","toID":"1333952","formEdgeID":null},{"edgeID":"1749149","fromID":"1333956","toID":"1333955","formEdgeID":null},{"edgeID":"1749150","fromID":"1333957","toID":"1333956","formEdgeID":null},{"edgeID":"1749151","fromID":"1333955","toID":"1333958","formEdgeID":null},{"edgeID":"1749152","fromID":"1333958","toID":"1333954","formEdgeID":null},{"edgeID":"1749153","fromID":"1333946","toID":"1333959","formEdgeID":null},{"edgeID":"1749154","fromID":"1333959","toID":"1333955","formEdgeID":null},{"edgeID":"1749155","fromID":"1333954","toID":"1333960","formEdgeID":null},{"edgeID":"1749156","fromID":"1333960","toID":"1333945","formEdgeID":null},{"edgeID":"1749157","fromID":"1333959","toID":"1333961","formEdgeID":null},{"edgeID":"1749158","fromID":"1333961","toID":"1333960","formEdgeID":null},{"edgeID":"1749159","fromID":"1333964","toID":"1333963","formEdgeID":null},{"edgeID":"1749160","fromID":"1333965","toID":"1333964","formEdgeID":null},{"edgeID":"1749161","fromID":"1333963","toID":"1333966","formEdgeID":null},{"edgeID":"1749162","fromID":"1333966","toID":"1333962","formEdgeID":null},{"edgeID":"1749163","fromID":"1333955","toID":"1333967","formEdgeID":null},{"edgeID":"1749164","fromID":"1333967","toID":"1333963","formEdgeID":null},{"edgeID":"1749165","fromID":"1333954","toID":"1333968","formEdgeID":null},{"edgeID":"1749166","fromID":"1333968","toID":"1333962","formEdgeID":null},{"edgeID":"1749167","fromID":"1333931","toID":"1333968","formEdgeID":null},{"edgeID":"1749168","fromID":"1333967","toID":"1333969","formEdgeID":null},{"edgeID":"1749169","fromID":"1333969","toID":"1333968","formEdgeID":null},{"edgeID":"1749170","fromID":"1333972","toID":"1333971","formEdgeID":null},{"edgeID":"1749171","fromID":"1333973","toID":"1333972","formEdgeID":null},{"edgeID":"1749172","fromID":"1333971","toID":"1333974","formEdgeID":null},{"edgeID":"1749173","fromID":"1333974","toID":"1333970","formEdgeID":null},{"edgeID":"1749174","fromID":"1333963","toID":"1333975","formEdgeID":null},{"edgeID":"1749175","fromID":"1333975","toID":"1333971","formEdgeID":null},{"edgeID":"1749176","fromID":"1333970","toID":"1333976","formEdgeID":null},{"edgeID":"1749177","fromID":"1333976","toID":"1333931","formEdgeID":null},{"edgeID":"1749178","fromID":"1333932","toID":"1333977","formEdgeID":null},{"edgeID":"1749179","fromID":"1333977","toID":"1333971","formEdgeID":null},{"edgeID":"1749180","fromID":"1333977","toID":"1333978","formEdgeID":null},{"edgeID":"1749181","fromID":"1333978","toID":"1333976","formEdgeID":null},{"edgeID":"1749182","fromID":"1333981","toID":"1333980","formEdgeID":null},{"edgeID":"1749183","fromID":"1333982","toID":"1333981","formEdgeID":null},{"edgeID":"1749184","fromID":"1333980","toID":"1333983","formEdgeID":null},{"edgeID":"1749185","fromID":"1333983","toID":"1333979","formEdgeID":null},{"edgeID":"1749186","fromID":"1333979","toID":"1333984","formEdgeID":null},{"edgeID":"1749187","fromID":"1333984","toID":"1333970","formEdgeID":null},{"edgeID":"1749188","fromID":"1333971","toID":"1333985","formEdgeID":null},{"edgeID":"1749189","fromID":"1333985","toID":"1333980","formEdgeID":null},{"edgeID":"1749190","fromID":"1333985","toID":"1333986","formEdgeID":null},{"edgeID":"1749191","fromID":"1333986","toID":"1333984","formEdgeID":null},{"edgeID":"1749192","fromID":"1333989","toID":"1333988","formEdgeID":null},{"edgeID":"1749193","fromID":"1333990","toID":"1333989","formEdgeID":null},{"edgeID":"1749194","fromID":"1333988","toID":"1333991","formEdgeID":null},{"edgeID":"1749195","fromID":"1333991","toID":"1333987","formEdgeID":null},{"edgeID":"1749196","fromID":"1333911","toID":"1333992","formEdgeID":null},{"edgeID":"1749197","fromID":"1333992","toID":"1333988","formEdgeID":null},{"edgeID":"1749198","fromID":"1333988","toID":"1333993","formEdgeID":null},{"edgeID":"1749199","fromID":"1333993","toID":"1333917","formEdgeID":null},{"edgeID":"1749200","fromID":"1333992","toID":"1333994","formEdgeID":null},{"edgeID":"1749201","fromID":"1333994","toID":"1333910","formEdgeID":null}],"locutions":[]}