{"nodes":[{"nodeID":"1154688","text":"the answer is a yes or no","type":"I","timestamp":"2023-04-21 13:40:29"},{"nodeID":"1335471","text":"we haven't heard anything from Rishi Sunak yet","type":"I","timestamp":"2023-11-09 13:45:23"},{"nodeID":"1335472","text":"Fiona Bruce: We haven't heard anything from Rishi Sunak yet","type":"L","timestamp":"2023-11-09 13:45:23"},{"nodeID":"1335473","text":"Analysing","type":"YA","timestamp":"2023-11-09 13:45:23"},{"nodeID":"1335474","text":"Tuuli: Fiona Bruce: We haven't heard anything from Rishi Sunak yet","type":"L","timestamp":"2023-11-09 13:45:23"},{"nodeID":"1335475","text":"Asserting","type":"YA","timestamp":"2023-11-09 13:45:23"},{"nodeID":"1335476","text":"AudienceMember 20221027QT11 is a Conservative voter","type":"I","timestamp":"2023-11-09 13:45:23"},{"nodeID":"1335477","text":"Fiona Bruce: that's a Conservative voter","type":"L","timestamp":"2023-11-09 13:45:23"},{"nodeID":"1335478","text":"Analysing","type":"YA","timestamp":"2023-11-09 13:45:23"},{"nodeID":"1335479","text":"Tuuli: Fiona Bruce: that's a Conservative voter","type":"L","timestamp":"2023-11-09 13:45:23"},{"nodeID":"1335480","text":"Asserting","type":"YA","timestamp":"2023-11-09 13:45:23"},{"nodeID":"1335481","text":"Default Transition","type":"TA","timestamp":"2023-11-09 13:45:23"},{"nodeID":"1335482","text":"no one is laughing their socks off at this","type":"I","timestamp":"2023-11-09 13:45:24"},{"nodeID":"1335483","text":"Douglas Ross: No one is laughing their socks off at this","type":"L","timestamp":"2023-11-09 13:45:24"},{"nodeID":"1335484","text":"Analysing","type":"YA","timestamp":"2023-11-09 13:45:24"},{"nodeID":"1335485","text":"Tuuli: Douglas Ross: No one is laughing their socks off at this","type":"L","timestamp":"2023-11-09 13:45:24"},{"nodeID":"1335486","text":"Asserting","type":"YA","timestamp":"2023-11-09 13:45:24"},{"nodeID":"1335487","text":"Default Transition","type":"TA","timestamp":"2023-11-09 13:45:24"},{"nodeID":"1335488","text":"the bankers are laughing at this","type":"I","timestamp":"2023-11-09 13:45:25"},{"nodeID":"1335489","text":"Anas Sarwar: The bankers are","type":"L","timestamp":"2023-11-09 13:45:25"},{"nodeID":"1335490","text":"Analysing","type":"YA","timestamp":"2023-11-09 13:45:25"},{"nodeID":"1335491","text":"Tuuli: Anas Sarwar: The bankers are","type":"L","timestamp":"2023-11-09 13:45:25"},{"nodeID":"1335492","text":"Asserting","type":"YA","timestamp":"2023-11-09 13:45:25"},{"nodeID":"1335493","text":"Default Transition","type":"TA","timestamp":"2023-11-09 13:45:25"},{"nodeID":"1335494","text":"Default Conflict","type":"CA","timestamp":"2023-11-09 13:45:25"},{"nodeID":"1335495","text":"Disagreeing","type":"YA","timestamp":"2023-11-09 13:45:25"},{"nodeID":"1335496","text":"the people are struggling in Musselburgh, in Anas Sarwar's constituent, in the UK","type":"I","timestamp":"2023-11-09 13:45:26"},{"nodeID":"1335497","text":"Anas Sarwar: The people are struggling in Musselburgh, in my constituent, in the UK","type":"L","timestamp":"2023-11-09 13:45:26"},{"nodeID":"1335498","text":"Analysing","type":"YA","timestamp":"2023-11-09 13:45:26"},{"nodeID":"1335499","text":"Tuuli: Anas Sarwar: The people are struggling in Musselburgh, in my constituent, in the UK","type":"L","timestamp":"2023-11-09 13:45:26"},{"nodeID":"1335500","text":"Asserting","type":"YA","timestamp":"2023-11-09 13:45:26"},{"nodeID":"1335501","text":"Default Transition","type":"TA","timestamp":"2023-11-09 13:45:26"},{"nodeID":"1335502","text":"we have to get a grip on this","type":"I","timestamp":"2023-11-09 13:45:26"},{"nodeID":"1335503","text":"Anas Sarwar: we have to get a grip on this","type":"L","timestamp":"2023-11-09 13:45:26"},{"nodeID":"1335504","text":"Analysing","type":"YA","timestamp":"2023-11-09 13:45:26"},{"nodeID":"1335505","text":"Tuuli: Anas Sarwar: we have to get a grip on this","type":"L","timestamp":"2023-11-09 13:45:26"},{"nodeID":"1335506","text":"Asserting","type":"YA","timestamp":"2023-11-09 13:45:26"},{"nodeID":"1335507","text":"Default Transition","type":"TA","timestamp":"2023-11-09 13:45:26"},{"nodeID":"1335508","text":"Default Inference","type":"RA","timestamp":"2023-11-09 13:45:26"},{"nodeID":"1335509","text":"there have been mistakes","type":"I","timestamp":"2023-11-09 13:45:27"},{"nodeID":"1335510","text":"Anas Sarwar: There have been mistakes","type":"L","timestamp":"2023-11-09 13:45:27"},{"nodeID":"1335511","text":"Analysing","type":"YA","timestamp":"2023-11-09 13:45:27"},{"nodeID":"1335512","text":"Tuuli: Anas Sarwar: There have been mistakes","type":"L","timestamp":"2023-11-09 13:45:27"},{"nodeID":"1335513","text":"Asserting","type":"YA","timestamp":"2023-11-09 13:45:27"},{"nodeID":"1335514","text":"Default Transition","type":"TA","timestamp":"2023-11-09 13:45:27"},{"nodeID":"1335515","text":"the leaders have to settle the markets, the economy","type":"I","timestamp":"2023-11-09 13:45:28"},{"nodeID":"1335516","text":"Anas Sarwar: They have to settle the markets, the economy","type":"L","timestamp":"2023-11-09 13:45:28"},{"nodeID":"1335517","text":"Analysing","type":"YA","timestamp":"2023-11-09 13:45:28"},{"nodeID":"1335518","text":"Tuuli: Anas Sarwar: They have to settle the markets, the economy","type":"L","timestamp":"2023-11-09 13:45:28"},{"nodeID":"1335519","text":"Asserting","type":"YA","timestamp":"2023-11-09 13:45:28"},{"nodeID":"1335520","text":"Default Transition","type":"TA","timestamp":"2023-11-09 13:45:28"},{"nodeID":"1335521","text":"the leaders have to get things back up and running again","type":"I","timestamp":"2023-11-09 13:45:28"},{"nodeID":"1335522","text":"Anas Sarwar: to get things back up and running again","type":"L","timestamp":"2023-11-09 13:45:28"},{"nodeID":"1335523","text":"Analysing","type":"YA","timestamp":"2023-11-09 13:45:28"},{"nodeID":"1335524","text":"Tuuli: Anas Sarwar: to get things back up and running again","type":"L","timestamp":"2023-11-09 13:45:28"},{"nodeID":"1335525","text":"Asserting","type":"YA","timestamp":"2023-11-09 13:45:28"},{"nodeID":"1335526","text":"Default Transition","type":"TA","timestamp":"2023-11-09 13:45:28"},{"nodeID":"1335527","text":"Default Inference","type":"RA","timestamp":"2023-11-09 13:45:28"},{"nodeID":"1335528","text":"Arguing","type":"YA","timestamp":"2023-11-09 13:45:28"},{"nodeID":"1335529","text":"Arguing","type":"YA","timestamp":"2023-11-09 13:45:28"},{"nodeID":"1335530","text":"Default Inference","type":"RA","timestamp":"2023-11-09 13:45:28"},{"nodeID":"1335531","text":"Arguing","type":"YA","timestamp":"2023-11-09 13:45:28"},{"nodeID":"1335532","text":"no one is treating the economic situation trivially","type":"I","timestamp":"2023-11-09 13:45:29"},{"nodeID":"1335533","text":"Anas Sarwar: No one is treating this trivially","type":"L","timestamp":"2023-11-09 13:45:29"},{"nodeID":"1335534","text":"Analysing","type":"YA","timestamp":"2023-11-09 13:45:29"},{"nodeID":"1335535","text":"Tuuli: Anas Sarwar: No one is treating this trivially","type":"L","timestamp":"2023-11-09 13:45:29"},{"nodeID":"1335536","text":"Asserting","type":"YA","timestamp":"2023-11-09 13:45:29"},{"nodeID":"1335537","text":"Default Transition","type":"TA","timestamp":"2023-11-09 13:45:29"},{"nodeID":"1335538","text":"we have to respond and deal with the economic situation right now","type":"I","timestamp":"2023-11-09 13:45:30"},{"nodeID":"1335539","text":"Anas Sarwar: We have to respond and deal with it right now","type":"L","timestamp":"2023-11-09 13:45:30"},{"nodeID":"1335540","text":"Analysing","type":"YA","timestamp":"2023-11-09 13:45:30"},{"nodeID":"1335541","text":"Tuuli: Anas Sarwar: We have to respond and deal with it right now","type":"L","timestamp":"2023-11-09 13:45:30"},{"nodeID":"1335542","text":"Asserting","type":"YA","timestamp":"2023-11-09 13:45:30"},{"nodeID":"1335543","text":"Default Transition","type":"TA","timestamp":"2023-11-09 13:45:30"},{"nodeID":"1335544","text":"Anas Sarwar thinks to respond and deal with the economic situation right now is the priority for the government, for all politicians, governments in Scotland and across the UK","type":"I","timestamp":"2023-11-09 13:45:30"},{"nodeID":"1335545","text":"Anas Sarwar: That's what I think is the priority for the government, for all politicians, governments in Scotland and across the UK","type":"L","timestamp":"2023-11-09 13:45:30"},{"nodeID":"1335546","text":"Analysing","type":"YA","timestamp":"2023-11-09 13:45:30"},{"nodeID":"1335547","text":"Tuuli: Anas Sarwar: That's what I think is the priority for the government, for all politicians, governments in Scotland and across the UK","type":"L","timestamp":"2023-11-09 13:45:30"},{"nodeID":"1335548","text":"Asserting","type":"YA","timestamp":"2023-11-09 13:45:30"},{"nodeID":"1335549","text":"Default Transition","type":"TA","timestamp":"2023-11-09 13:45:30"},{"nodeID":"1335550","text":"Default Rephrase","type":"MA","timestamp":"2023-11-09 13:45:30"},{"nodeID":"1335551","text":"Restating","type":"YA","timestamp":"2023-11-09 13:45:30"},{"nodeID":"1335552","text":"Douglas Ross thinks Liz Truss will win or not win the general election","type":"I","timestamp":"2023-11-09 13:45:31"},{"nodeID":"1335553","text":"AudienceMember 20221020QT12: do you think Liz Truss will win the general election","type":"L","timestamp":"2023-11-09 13:45:31"},{"nodeID":"1335554","text":"Analysing","type":"YA","timestamp":"2023-11-09 13:45:31"},{"nodeID":"1335555","text":"Tuuli: AudienceMember 20221020QT12: do you think Liz Truss will win the general election","type":"L","timestamp":"2023-11-09 13:45:31"},{"nodeID":"1335556","text":"Pure Questioning","type":"YA","timestamp":"2023-11-09 13:45:31"},{"nodeID":"1335557","text":"Default Transition","type":"TA","timestamp":"2023-11-09 13:45:31"},{"nodeID":"1335558","text":"Douglas Ross: Yes","type":"L","timestamp":"2023-11-09 13:45:31"},{"nodeID":"1335559","text":"Analysing","type":"YA","timestamp":"2023-11-09 13:45:31"},{"nodeID":"1335560","text":"Tuuli: Douglas Ross: Yes","type":"L","timestamp":"2023-11-09 13:45:31"},{"nodeID":"1335561","text":"Default Transition","type":"TA","timestamp":"2023-11-09 13:45:31"},{"nodeID":"1335562","text":"Agreeing","type":"YA","timestamp":"2023-11-09 13:45:31"},{"nodeID":"1335563","text":"Douglas Ross can just imagine if he said \"no\" to the question whether Liz Truss will win the general election","type":"I","timestamp":"2023-11-09 13:45:32"},{"nodeID":"1335564","text":"Douglas Ross: I can just imagine if I said \"no\" there","type":"L","timestamp":"2023-11-09 13:45:32"},{"nodeID":"1335565","text":"Analysing","type":"YA","timestamp":"2023-11-09 13:45:32"},{"nodeID":"1335566","text":"Tuuli: Douglas Ross: I can just imagine if I said \"no\" there","type":"L","timestamp":"2023-11-09 13:45:32"},{"nodeID":"1335567","text":"Asserting","type":"YA","timestamp":"2023-11-09 13:45:32"},{"nodeID":"1335568","text":"Default Transition","type":"TA","timestamp":"2023-11-09 13:45:32"},{"nodeID":"1335569","text":"Douglas Ross wants the conservatives to win every election","type":"I","timestamp":"2023-11-09 13:45:32"},{"nodeID":"1335570","text":"Douglas Ross: I want the conservatives to win every election","type":"L","timestamp":"2023-11-09 13:45:32"},{"nodeID":"1335571","text":"Analysing","type":"YA","timestamp":"2023-11-09 13:45:32"},{"nodeID":"1335572","text":"Tuuli: Douglas Ross: I want the conservatives to win every election","type":"L","timestamp":"2023-11-09 13:45:32"},{"nodeID":"1335573","text":"Asserting","type":"YA","timestamp":"2023-11-09 13:45:32"},{"nodeID":"1335574","text":"Default Transition","type":"TA","timestamp":"2023-11-09 13:45:32"},{"nodeID":"1335575","text":"Default Inference","type":"RA","timestamp":"2023-11-09 13:45:32"},{"nodeID":"1335576","text":"Arguing","type":"YA","timestamp":"2023-11-09 13:45:32"},{"nodeID":"1335577","text":"Douglas Ross thinks Liz Truss will or will not win","type":"I","timestamp":"2023-11-09 13:45:33"},{"nodeID":"1335578","text":"Fiona Bruce: do you think Liz Truss will win","type":"L","timestamp":"2023-11-09 13:45:33"},{"nodeID":"1335579","text":"Analysing","type":"YA","timestamp":"2023-11-09 13:45:33"},{"nodeID":"1335580","text":"Tuuli: Fiona Bruce: do you think Liz Truss will win","type":"L","timestamp":"2023-11-09 13:45:33"},{"nodeID":"1335581","text":"Pure Questioning","type":"YA","timestamp":"2023-11-09 13:45:33"},{"nodeID":"1335582","text":"Default Rephrase","type":"MA","timestamp":"2023-11-09 13:45:33"},{"nodeID":"1335583","text":"Default Transition","type":"TA","timestamp":"2023-11-09 13:45:33"},{"nodeID":"1335584","text":"Restating","type":"YA","timestamp":"2023-11-09 13:45:33"},{"nodeID":"1335585","text":"AudienceMember 20221027QT13 said does Douglas Ross think Liz Truss will win the general election","type":"I","timestamp":"2023-11-09 13:45:34"},{"nodeID":"1335586","text":"AudienceMember 20221020QT13: I said do you think","type":"L","timestamp":"2023-11-09 13:45:34"},{"nodeID":"1335587","text":"Analysing","type":"YA","timestamp":"2023-11-09 13:45:34"},{"nodeID":"1335588","text":"Tuuli: AudienceMember 20221020QT13: I said do you think","type":"L","timestamp":"2023-11-09 13:45:34"},{"nodeID":"1335589","text":"Asserting","type":"YA","timestamp":"2023-11-09 13:45:34"},{"nodeID":"1335590","text":"Default Rephrase","type":"MA","timestamp":"2023-11-09 13:45:34"},{"nodeID":"1335591","text":"Default Transition","type":"TA","timestamp":"2023-11-09 13:45:34"},{"nodeID":"1335592","text":"Restating","type":"YA","timestamp":"2023-11-09 13:45:34"},{"nodeID":"1335593","text":"we're a long way from the next election","type":"I","timestamp":"2023-11-09 13:45:34"},{"nodeID":"1335594","text":"Douglas Ross: We're a long way from the next election","type":"L","timestamp":"2023-11-09 13:45:34"},{"nodeID":"1335595","text":"Analysing","type":"YA","timestamp":"2023-11-09 13:45:34"},{"nodeID":"1335596","text":"Tuuli: Douglas Ross: We're a long way from the next election","type":"L","timestamp":"2023-11-09 13:45:34"},{"nodeID":"1335597","text":"Asserting","type":"YA","timestamp":"2023-11-09 13:45:34"},{"nodeID":"1335598","text":"Default Transition","type":"TA","timestamp":"2023-11-09 13:45:34"},{"nodeID":"1335599","text":"Default Rephrase","type":"MA","timestamp":"2023-11-09 13:45:34"},{"nodeID":"1335600","text":"Default Illocuting","type":"YA","timestamp":"2023-11-09 13:45:34"},{"nodeID":"1335601","text":"AudienceMember 20221020QT14: It is a yes or no","type":"L","timestamp":"2023-11-09 13:45:34"},{"nodeID":"1335602","text":"Analysing","type":"YA","timestamp":"2023-11-09 13:45:34"},{"nodeID":"1335603","text":"Tuuli: AudienceMember 20221020QT14: It is a yes or no","type":"L","timestamp":"2023-11-09 13:45:34"},{"nodeID":"1335604","text":"Asserting","type":"YA","timestamp":"2023-11-09 13:45:34"},{"nodeID":"1335605","text":"Default Transition","type":"TA","timestamp":"2023-11-09 13:45:34"},{"nodeID":"1335606","text":"Douglas Ross thinks Liz Truss will or will not win the general election","type":"I","timestamp":"2023-11-09 13:45:35"},{"nodeID":"1335607","text":"Fiona Bruce: Yes or no","type":"L","timestamp":"2023-11-09 13:45:35"},{"nodeID":"1335608","text":"Analysing","type":"YA","timestamp":"2023-11-09 13:45:35"},{"nodeID":"1335609","text":"Tuuli: Fiona Bruce: Yes or no","type":"L","timestamp":"2023-11-09 13:45:35"},{"nodeID":"1335610","text":"Pure Questioning","type":"YA","timestamp":"2023-11-09 13:45:35"},{"nodeID":"1335611","text":"Default Rephrase","type":"MA","timestamp":"2023-11-09 13:45:35"},{"nodeID":"1335612","text":"Default Transition","type":"TA","timestamp":"2023-11-09 13:45:35"},{"nodeID":"1335613","text":"Restating","type":"YA","timestamp":"2023-11-09 13:45:35"},{"nodeID":"1335614","text":"Douglas Ross said yes right at the top","type":"I","timestamp":"2023-11-09 13:45:36"},{"nodeID":"1335615","text":"Douglas Ross: I did say yes right at the top","type":"L","timestamp":"2023-11-09 13:45:36"},{"nodeID":"1335616","text":"Analysing","type":"YA","timestamp":"2023-11-09 13:45:36"},{"nodeID":"1335617","text":"Tuuli: Douglas Ross: I did say yes right at the top","type":"L","timestamp":"2023-11-09 13:45:36"},{"nodeID":"1335618","text":"Asserting","type":"YA","timestamp":"2023-11-09 13:45:36"},{"nodeID":"1335619","text":"Douglas Ross said Liz Truss will win the general election","type":"I","timestamp":"2023-11-09 13:45:36"},{"nodeID":"1335620","text":"Douglas Ross: I said yes","type":"L","timestamp":"2023-11-09 13:45:36"},{"nodeID":"1335621","text":"Analysing","type":"YA","timestamp":"2023-11-09 13:45:36"},{"nodeID":"1335622","text":"Tuuli: Douglas Ross: I said yes","type":"L","timestamp":"2023-11-09 13:45:36"},{"nodeID":"1335623","text":"Asserting","type":"YA","timestamp":"2023-11-09 13:45:36"},{"nodeID":"1335624","text":"Default Transition","type":"TA","timestamp":"2023-11-09 13:45:36"},{"nodeID":"1335625","text":"Default Rephrase","type":"MA","timestamp":"2023-11-09 13:45:36"},{"nodeID":"1335626","text":"Default Illocuting","type":"YA","timestamp":"2023-11-09 13:45:36"},{"nodeID":"1335627","text":"Default Transition","type":"TA","timestamp":"2023-11-09 13:45:36"},{"nodeID":"1335628","text":"Default Rephrase","type":"MA","timestamp":"2023-11-09 13:45:36"},{"nodeID":"1335629","text":"Restating","type":"YA","timestamp":"2023-11-09 13:45:36"},{"nodeID":"1335630","text":"we can get the economy back up again","type":"I","timestamp":"2023-11-09 13:45:37"},{"nodeID":"1335631","text":"Douglas Ross: we can get the economy back up again","type":"L","timestamp":"2023-11-09 13:45:37"},{"nodeID":"1335632","text":"Analysing","type":"YA","timestamp":"2023-11-09 13:45:37"},{"nodeID":"1335633","text":"Tuuli: Douglas Ross: we can get the economy back up again","type":"L","timestamp":"2023-11-09 13:45:37"},{"nodeID":"1335634","text":"Asserting","type":"YA","timestamp":"2023-11-09 13:45:37"},{"nodeID":"1335635","text":"Default Transition","type":"TA","timestamp":"2023-11-09 13:45:37"},{"nodeID":"1335636","text":"clearly Anas Sarwar thinks Keir Starmer can win the next election","type":"I","timestamp":"2023-11-09 13:45:38"},{"nodeID":"1335637","text":"Douglas Ross: Clearly Anas thinks Keir Starmer can win the next election","type":"L","timestamp":"2023-11-09 13:45:38"},{"nodeID":"1335638","text":"Analysing","type":"YA","timestamp":"2023-11-09 13:45:38"},{"nodeID":"1335639","text":"Tuuli: Douglas Ross: Clearly Anas thinks Keir Starmer can win the next election","type":"L","timestamp":"2023-11-09 13:45:38"},{"nodeID":"1335640","text":"Asserting","type":"YA","timestamp":"2023-11-09 13:45:38"},{"nodeID":"1335641","text":"Default Transition","type":"TA","timestamp":"2023-11-09 13:45:38"},{"nodeID":"1335642","text":"every party wants their party to win","type":"I","timestamp":"2023-11-09 13:45:38"},{"nodeID":"1335643","text":"Douglas Ross: Every party wants their party to win","type":"L","timestamp":"2023-11-09 13:45:38"},{"nodeID":"1335644","text":"Analysing","type":"YA","timestamp":"2023-11-09 13:45:38"},{"nodeID":"1335645","text":"Tuuli: Douglas Ross: Every party wants their party to win","type":"L","timestamp":"2023-11-09 13:45:38"},{"nodeID":"1335646","text":"Asserting","type":"YA","timestamp":"2023-11-09 13:45:38"},{"nodeID":"1335647","text":"Default Transition","type":"TA","timestamp":"2023-11-09 13:45:38"},{"nodeID":"1335648","text":"at the moment, to Douglas Ross whether Liz Truss will win the general election is a secondary issue","type":"I","timestamp":"2023-11-09 13:45:39"},{"nodeID":"1335649","text":"Douglas Ross: at the moment, to me that's a secondary issue","type":"L","timestamp":"2023-11-09 13:45:39"},{"nodeID":"1335650","text":"Analysing","type":"YA","timestamp":"2023-11-09 13:45:39"},{"nodeID":"1335651","text":"Tuuli: Douglas Ross: at the moment, to me that's a secondary issue","type":"L","timestamp":"2023-11-09 13:45:39"},{"nodeID":"1335652","text":"Asserting","type":"YA","timestamp":"2023-11-09 13:45:39"},{"nodeID":"1335653","text":"Default Transition","type":"TA","timestamp":"2023-11-09 13:45:39"},{"nodeID":"1335654","text":"Default Conflict","type":"CA","timestamp":"2023-11-09 13:45:39"},{"nodeID":"1335655","text":"Disagreeing","type":"YA","timestamp":"2023-11-09 13:45:39"},{"nodeID":"1335656","text":"the big issue right now is helping people","type":"I","timestamp":"2023-11-09 13:45:40"},{"nodeID":"1335657","text":"Douglas Ross: The big issue right now is helping people","type":"L","timestamp":"2023-11-09 13:45:40"},{"nodeID":"1335658","text":"Analysing","type":"YA","timestamp":"2023-11-09 13:45:40"},{"nodeID":"1335659","text":"Tuuli: Douglas Ross: The big issue right now is helping people","type":"L","timestamp":"2023-11-09 13:45:40"},{"nodeID":"1335660","text":"Asserting","type":"YA","timestamp":"2023-11-09 13:45:40"},{"nodeID":"1335661","text":"Default Transition","type":"TA","timestamp":"2023-11-09 13:45:40"},{"nodeID":"1335662","text":"Default Inference","type":"RA","timestamp":"2023-11-09 13:45:40"},{"nodeID":"1335663","text":"Arguing","type":"YA","timestamp":"2023-11-09 13:45:40"},{"nodeID":"1335664","text":"people in this room, across the country, businesses and communities that are struggling","type":"I","timestamp":"2023-11-09 13:45:40"},{"nodeID":"1335665","text":"Douglas Ross: People in this room, across the country, businesses and communities that are struggling","type":"L","timestamp":"2023-11-09 13:45:40"},{"nodeID":"1335666","text":"Analysing","type":"YA","timestamp":"2023-11-09 13:45:40"},{"nodeID":"1335667","text":"Tuuli: Douglas Ross: People in this room, across the country, businesses and communities that are struggling","type":"L","timestamp":"2023-11-09 13:45:40"},{"nodeID":"1335668","text":"Asserting","type":"YA","timestamp":"2023-11-09 13:45:40"},{"nodeID":"1335669","text":"Default Rephrase","type":"MA","timestamp":"2023-11-09 13:45:40"},{"nodeID":"1335670","text":"Default Transition","type":"TA","timestamp":"2023-11-09 13:45:40"},{"nodeID":"1335671","text":"Restating","type":"YA","timestamp":"2023-11-09 13:45:40"},{"nodeID":"1335672","text":"Douglas Ross has wonderful optimism","type":"I","timestamp":"2023-11-09 13:45:41"},{"nodeID":"1335673","text":"AudienceMember 20221020QT15: You have wonderful optimism","type":"L","timestamp":"2023-11-09 13:45:41"},{"nodeID":"1335674","text":"Analysing","type":"YA","timestamp":"2023-11-09 13:45:41"},{"nodeID":"1335675","text":"Tuuli: AudienceMember 20221020QT15: You have wonderful optimism","type":"L","timestamp":"2023-11-09 13:45:41"},{"nodeID":"1335676","text":"Asserting","type":"YA","timestamp":"2023-11-09 13:45:41"},{"nodeID":"1335677","text":"Default Transition","type":"TA","timestamp":"2023-11-09 13:45:41"},{"nodeID":"1335678","text":"Fiona Bruce knew she was going to referee","type":"I","timestamp":"2023-11-09 13:45:42"},{"nodeID":"1335679","text":"Fiona Bruce:  I knew I was going to referee","type":"L","timestamp":"2023-11-09 13:45:42"},{"nodeID":"1335680","text":"Analysing","type":"YA","timestamp":"2023-11-09 13:45:42"},{"nodeID":"1335681","text":"Tuuli: Fiona Bruce:  I knew I was going to referee","type":"L","timestamp":"2023-11-09 13:45:42"},{"nodeID":"1335682","text":"Asserting","type":"YA","timestamp":"2023-11-09 13:45:42"},{"nodeID":"1335683","text":"Default Transition","type":"TA","timestamp":"2023-11-09 13:45:42"},{"nodeID":"1335684","text":"Default Rephrase","type":"MA","timestamp":"2023-11-09 13:45:42"},{"nodeID":"1335685","text":"Default Transition","type":"TA","timestamp":"2023-11-09 13:45:42"},{"nodeID":"1335686","text":"Restating","type":"YA","timestamp":"2023-11-09 13:45:42"},{"nodeID":"1335687","text":"Default Inference","type":"RA","timestamp":"2023-11-09 13:45:42"},{"nodeID":"1335688","text":"Arguing","type":"YA","timestamp":"2023-11-09 13:45:42"},{"nodeID":"1335689","text":"Default Inference","type":"RA","timestamp":"2023-11-09 13:45:42"},{"nodeID":"1335690","text":"Arguing","type":"YA","timestamp":"2023-11-09 13:45:42"}],"edges":[{"edgeID":"1750983","fromID":"1335473","toID":"1335472","formEdgeID":null},{"edgeID":"1750984","fromID":"1335474","toID":"1335473","formEdgeID":null},{"edgeID":"1750985","fromID":"1335472","toID":"1335475","formEdgeID":null},{"edgeID":"1750986","fromID":"1335475","toID":"1335471","formEdgeID":null},{"edgeID":"1750987","fromID":"1335478","toID":"1335477","formEdgeID":null},{"edgeID":"1750988","fromID":"1335479","toID":"1335478","formEdgeID":null},{"edgeID":"1750989","fromID":"1335477","toID":"1335480","formEdgeID":null},{"edgeID":"1750990","fromID":"1335480","toID":"1335476","formEdgeID":null},{"edgeID":"1750991","fromID":"1335472","toID":"1335481","formEdgeID":null},{"edgeID":"1750992","fromID":"1335481","toID":"1335477","formEdgeID":null},{"edgeID":"1750993","fromID":"1335484","toID":"1335483","formEdgeID":null},{"edgeID":"1750994","fromID":"1335485","toID":"1335484","formEdgeID":null},{"edgeID":"1750995","fromID":"1335483","toID":"1335486","formEdgeID":null},{"edgeID":"1750996","fromID":"1335486","toID":"1335482","formEdgeID":null},{"edgeID":"1750997","fromID":"1335477","toID":"1335487","formEdgeID":null},{"edgeID":"1750998","fromID":"1335487","toID":"1335483","formEdgeID":null},{"edgeID":"1750999","fromID":"1335490","toID":"1335489","formEdgeID":null},{"edgeID":"1751000","fromID":"1335491","toID":"1335490","formEdgeID":null},{"edgeID":"1751001","fromID":"1335489","toID":"1335492","formEdgeID":null},{"edgeID":"1751002","fromID":"1335492","toID":"1335488","formEdgeID":null},{"edgeID":"1751003","fromID":"1335483","toID":"1335493","formEdgeID":null},{"edgeID":"1751004","fromID":"1335493","toID":"1335489","formEdgeID":null},{"edgeID":"1751005","fromID":"1335488","toID":"1335494","formEdgeID":null},{"edgeID":"1751006","fromID":"1335494","toID":"1335482","formEdgeID":null},{"edgeID":"1751007","fromID":"1335493","toID":"1335495","formEdgeID":null},{"edgeID":"1751008","fromID":"1335495","toID":"1335494","formEdgeID":null},{"edgeID":"1751009","fromID":"1335498","toID":"1335497","formEdgeID":null},{"edgeID":"1751010","fromID":"1335499","toID":"1335498","formEdgeID":null},{"edgeID":"1751011","fromID":"1335497","toID":"1335500","formEdgeID":null},{"edgeID":"1751012","fromID":"1335500","toID":"1335496","formEdgeID":null},{"edgeID":"1751013","fromID":"1335489","toID":"1335501","formEdgeID":null},{"edgeID":"1751014","fromID":"1335501","toID":"1335497","formEdgeID":null},{"edgeID":"1751015","fromID":"1335504","toID":"1335503","formEdgeID":null},{"edgeID":"1751016","fromID":"1335505","toID":"1335504","formEdgeID":null},{"edgeID":"1751017","fromID":"1335503","toID":"1335506","formEdgeID":null},{"edgeID":"1751018","fromID":"1335506","toID":"1335502","formEdgeID":null},{"edgeID":"1751019","fromID":"1335497","toID":"1335507","formEdgeID":null},{"edgeID":"1751020","fromID":"1335507","toID":"1335503","formEdgeID":null},{"edgeID":"1751021","fromID":"1335496","toID":"1335508","formEdgeID":null},{"edgeID":"1751022","fromID":"1335508","toID":"1335502","formEdgeID":null},{"edgeID":"1751023","fromID":"1335511","toID":"1335510","formEdgeID":null},{"edgeID":"1751024","fromID":"1335512","toID":"1335511","formEdgeID":null},{"edgeID":"1751025","fromID":"1335510","toID":"1335513","formEdgeID":null},{"edgeID":"1751026","fromID":"1335513","toID":"1335509","formEdgeID":null},{"edgeID":"1751027","fromID":"1335503","toID":"1335514","formEdgeID":null},{"edgeID":"1751028","fromID":"1335514","toID":"1335510","formEdgeID":null},{"edgeID":"1751029","fromID":"1335517","toID":"1335516","formEdgeID":null},{"edgeID":"1751030","fromID":"1335518","toID":"1335517","formEdgeID":null},{"edgeID":"1751031","fromID":"1335516","toID":"1335519","formEdgeID":null},{"edgeID":"1751032","fromID":"1335519","toID":"1335515","formEdgeID":null},{"edgeID":"1751033","fromID":"1335510","toID":"1335520","formEdgeID":null},{"edgeID":"1751034","fromID":"1335520","toID":"1335516","formEdgeID":null},{"edgeID":"1751035","fromID":"1335523","toID":"1335522","formEdgeID":null},{"edgeID":"1751036","fromID":"1335524","toID":"1335523","formEdgeID":null},{"edgeID":"1751037","fromID":"1335522","toID":"1335525","formEdgeID":null},{"edgeID":"1751038","fromID":"1335525","toID":"1335521","formEdgeID":null},{"edgeID":"1751039","fromID":"1335516","toID":"1335526","formEdgeID":null},{"edgeID":"1751040","fromID":"1335526","toID":"1335522","formEdgeID":null},{"edgeID":"1751041","fromID":"1335521","toID":"1335527","formEdgeID":null},{"edgeID":"1751042","fromID":"1335527","toID":"1335515","formEdgeID":null},{"edgeID":"1751043","fromID":"1335507","toID":"1335528","formEdgeID":null},{"edgeID":"1751044","fromID":"1335528","toID":"1335508","formEdgeID":null},{"edgeID":"1751045","fromID":"1335526","toID":"1335529","formEdgeID":null},{"edgeID":"1751046","fromID":"1335529","toID":"1335527","formEdgeID":null},{"edgeID":"1751047","fromID":"1335509","toID":"1335530","formEdgeID":null},{"edgeID":"1751048","fromID":"1335530","toID":"1335515","formEdgeID":null},{"edgeID":"1751049","fromID":"1335520","toID":"1335531","formEdgeID":null},{"edgeID":"1751050","fromID":"1335531","toID":"1335530","formEdgeID":null},{"edgeID":"1751051","fromID":"1335534","toID":"1335533","formEdgeID":null},{"edgeID":"1751052","fromID":"1335535","toID":"1335534","formEdgeID":null},{"edgeID":"1751053","fromID":"1335533","toID":"1335536","formEdgeID":null},{"edgeID":"1751054","fromID":"1335536","toID":"1335532","formEdgeID":null},{"edgeID":"1751055","fromID":"1335522","toID":"1335537","formEdgeID":null},{"edgeID":"1751056","fromID":"1335537","toID":"1335533","formEdgeID":null},{"edgeID":"1751057","fromID":"1335540","toID":"1335539","formEdgeID":null},{"edgeID":"1751058","fromID":"1335541","toID":"1335540","formEdgeID":null},{"edgeID":"1751059","fromID":"1335539","toID":"1335542","formEdgeID":null},{"edgeID":"1751060","fromID":"1335542","toID":"1335538","formEdgeID":null},{"edgeID":"1751061","fromID":"1335522","toID":"1335543","formEdgeID":null},{"edgeID":"1751062","fromID":"1335543","toID":"1335539","formEdgeID":null},{"edgeID":"1751063","fromID":"1335546","toID":"1335545","formEdgeID":null},{"edgeID":"1751064","fromID":"1335547","toID":"1335546","formEdgeID":null},{"edgeID":"1751065","fromID":"1335545","toID":"1335548","formEdgeID":null},{"edgeID":"1751066","fromID":"1335548","toID":"1335544","formEdgeID":null},{"edgeID":"1751067","fromID":"1335539","toID":"1335549","formEdgeID":null},{"edgeID":"1751068","fromID":"1335549","toID":"1335545","formEdgeID":null},{"edgeID":"1751069","fromID":"1335538","toID":"1335550","formEdgeID":null},{"edgeID":"1751070","fromID":"1335550","toID":"1335521","formEdgeID":null},{"edgeID":"1751071","fromID":"1335543","toID":"1335551","formEdgeID":null},{"edgeID":"1751072","fromID":"1335551","toID":"1335550","formEdgeID":null},{"edgeID":"1751073","fromID":"1335554","toID":"1335553","formEdgeID":null},{"edgeID":"1751074","fromID":"1335555","toID":"1335554","formEdgeID":null},{"edgeID":"1751075","fromID":"1335553","toID":"1335556","formEdgeID":null},{"edgeID":"1751076","fromID":"1335556","toID":"1335552","formEdgeID":null},{"edgeID":"1751077","fromID":"1335545","toID":"1335557","formEdgeID":null},{"edgeID":"1751078","fromID":"1335557","toID":"1335553","formEdgeID":null},{"edgeID":"1751079","fromID":"1335559","toID":"1335558","formEdgeID":null},{"edgeID":"1751080","fromID":"1335560","toID":"1335559","formEdgeID":null},{"edgeID":"1751081","fromID":"1335553","toID":"1335561","formEdgeID":null},{"edgeID":"1751082","fromID":"1335561","toID":"1335558","formEdgeID":null},{"edgeID":"1751083","fromID":"1335561","toID":"1335562","formEdgeID":null},{"edgeID":"1751084","fromID":"1335562","toID":"1335552","formEdgeID":null},{"edgeID":"1751085","fromID":"1335565","toID":"1335564","formEdgeID":null},{"edgeID":"1751086","fromID":"1335566","toID":"1335565","formEdgeID":null},{"edgeID":"1751087","fromID":"1335564","toID":"1335567","formEdgeID":null},{"edgeID":"1751088","fromID":"1335567","toID":"1335563","formEdgeID":null},{"edgeID":"1751089","fromID":"1335558","toID":"1335568","formEdgeID":null},{"edgeID":"1751090","fromID":"1335568","toID":"1335564","formEdgeID":null},{"edgeID":"1751091","fromID":"1335571","toID":"1335570","formEdgeID":null},{"edgeID":"1751092","fromID":"1335572","toID":"1335571","formEdgeID":null},{"edgeID":"1751093","fromID":"1335570","toID":"1335573","formEdgeID":null},{"edgeID":"1751094","fromID":"1335573","toID":"1335569","formEdgeID":null},{"edgeID":"1751095","fromID":"1335564","toID":"1335574","formEdgeID":null},{"edgeID":"1751096","fromID":"1335574","toID":"1335570","formEdgeID":null},{"edgeID":"1751097","fromID":"1335569","toID":"1335575","formEdgeID":null},{"edgeID":"1751098","fromID":"1335575","toID":"1335563","formEdgeID":null},{"edgeID":"1751099","fromID":"1335574","toID":"1335576","formEdgeID":null},{"edgeID":"1751100","fromID":"1335576","toID":"1335575","formEdgeID":null},{"edgeID":"1751101","fromID":"1335579","toID":"1335578","formEdgeID":null},{"edgeID":"1751102","fromID":"1335580","toID":"1335579","formEdgeID":null},{"edgeID":"1751103","fromID":"1335578","toID":"1335581","formEdgeID":null},{"edgeID":"1751104","fromID":"1335581","toID":"1335577","formEdgeID":null},{"edgeID":"1751105","fromID":"1335577","toID":"1335582","formEdgeID":null},{"edgeID":"1751106","fromID":"1335582","toID":"1335552","formEdgeID":null},{"edgeID":"1751107","fromID":"1335553","toID":"1335583","formEdgeID":null},{"edgeID":"1751108","fromID":"1335583","toID":"1335578","formEdgeID":null},{"edgeID":"1751109","fromID":"1335583","toID":"1335584","formEdgeID":null},{"edgeID":"1751110","fromID":"1335584","toID":"1335582","formEdgeID":null},{"edgeID":"1751111","fromID":"1335587","toID":"1335586","formEdgeID":null},{"edgeID":"1751112","fromID":"1335588","toID":"1335587","formEdgeID":null},{"edgeID":"1751113","fromID":"1335586","toID":"1335589","formEdgeID":null},{"edgeID":"1751114","fromID":"1335589","toID":"1335585","formEdgeID":null},{"edgeID":"1751115","fromID":"1335585","toID":"1335590","formEdgeID":null},{"edgeID":"1751116","fromID":"1335590","toID":"1335552","formEdgeID":null},{"edgeID":"1751117","fromID":"1335553","toID":"1335591","formEdgeID":null},{"edgeID":"1751118","fromID":"1335591","toID":"1335586","formEdgeID":null},{"edgeID":"1751119","fromID":"1335591","toID":"1335592","formEdgeID":null},{"edgeID":"1751120","fromID":"1335592","toID":"1335590","formEdgeID":null},{"edgeID":"1751121","fromID":"1335595","toID":"1335594","formEdgeID":null},{"edgeID":"1751122","fromID":"1335596","toID":"1335595","formEdgeID":null},{"edgeID":"1751123","fromID":"1335594","toID":"1335597","formEdgeID":null},{"edgeID":"1751124","fromID":"1335597","toID":"1335593","formEdgeID":null},{"edgeID":"1751125","fromID":"1335586","toID":"1335598","formEdgeID":null},{"edgeID":"1751126","fromID":"1335598","toID":"1335594","formEdgeID":null},{"edgeID":"1751127","fromID":"1335593","toID":"1335599","formEdgeID":null},{"edgeID":"1751128","fromID":"1335599","toID":"1335585","formEdgeID":null},{"edgeID":"1751129","fromID":"1335598","toID":"1335600","formEdgeID":null},{"edgeID":"1751130","fromID":"1335600","toID":"1335599","formEdgeID":null},{"edgeID":"1751131","fromID":"1335602","toID":"1335601","formEdgeID":null},{"edgeID":"1751132","fromID":"1335603","toID":"1335602","formEdgeID":null},{"edgeID":"1751133","fromID":"1335601","toID":"1335604","formEdgeID":null},{"edgeID":"1751134","fromID":"1335604","toID":"1154688","formEdgeID":null},{"edgeID":"1751135","fromID":"1335594","toID":"1335605","formEdgeID":null},{"edgeID":"1751136","fromID":"1335605","toID":"1335601","formEdgeID":null},{"edgeID":"1751137","fromID":"1335608","toID":"1335607","formEdgeID":null},{"edgeID":"1751138","fromID":"1335609","toID":"1335608","formEdgeID":null},{"edgeID":"1751139","fromID":"1335607","toID":"1335610","formEdgeID":null},{"edgeID":"1751140","fromID":"1335610","toID":"1335606","formEdgeID":null},{"edgeID":"1751141","fromID":"1335606","toID":"1335611","formEdgeID":null},{"edgeID":"1751142","fromID":"1335611","toID":"1335585","formEdgeID":null},{"edgeID":"1751143","fromID":"1335586","toID":"1335612","formEdgeID":null},{"edgeID":"1751144","fromID":"1335612","toID":"1335607","formEdgeID":null},{"edgeID":"1751145","fromID":"1335612","toID":"1335613","formEdgeID":null},{"edgeID":"1751146","fromID":"1335613","toID":"1335611","formEdgeID":null},{"edgeID":"1751147","fromID":"1335616","toID":"1335615","formEdgeID":null},{"edgeID":"1751148","fromID":"1335617","toID":"1335616","formEdgeID":null},{"edgeID":"1751149","fromID":"1335615","toID":"1335618","formEdgeID":null},{"edgeID":"1751150","fromID":"1335618","toID":"1335614","formEdgeID":null},{"edgeID":"1751151","fromID":"1335621","toID":"1335620","formEdgeID":null},{"edgeID":"1751152","fromID":"1335622","toID":"1335621","formEdgeID":null},{"edgeID":"1751153","fromID":"1335620","toID":"1335623","formEdgeID":null},{"edgeID":"1751154","fromID":"1335623","toID":"1335619","formEdgeID":null},{"edgeID":"1751155","fromID":"1335607","toID":"1335624","formEdgeID":null},{"edgeID":"1751156","fromID":"1335624","toID":"1335620","formEdgeID":null},{"edgeID":"1751157","fromID":"1335619","toID":"1335625","formEdgeID":null},{"edgeID":"1751158","fromID":"1335625","toID":"1335606","formEdgeID":null},{"edgeID":"1751159","fromID":"1335624","toID":"1335626","formEdgeID":null},{"edgeID":"1751160","fromID":"1335626","toID":"1335625","formEdgeID":null},{"edgeID":"1751161","fromID":"1335620","toID":"1335627","formEdgeID":null},{"edgeID":"1751162","fromID":"1335627","toID":"1335615","formEdgeID":null},{"edgeID":"1751163","fromID":"1335614","toID":"1335628","formEdgeID":null},{"edgeID":"1751164","fromID":"1335628","toID":"1335619","formEdgeID":null},{"edgeID":"1751165","fromID":"1335627","toID":"1335629","formEdgeID":null},{"edgeID":"1751166","fromID":"1335629","toID":"1335628","formEdgeID":null},{"edgeID":"1751167","fromID":"1335632","toID":"1335631","formEdgeID":null},{"edgeID":"1751168","fromID":"1335633","toID":"1335632","formEdgeID":null},{"edgeID":"1751169","fromID":"1335631","toID":"1335634","formEdgeID":null},{"edgeID":"1751170","fromID":"1335634","toID":"1335630","formEdgeID":null},{"edgeID":"1751171","fromID":"1335615","toID":"1335635","formEdgeID":null},{"edgeID":"1751172","fromID":"1335635","toID":"1335631","formEdgeID":null},{"edgeID":"1751173","fromID":"1335638","toID":"1335637","formEdgeID":null},{"edgeID":"1751174","fromID":"1335639","toID":"1335638","formEdgeID":null},{"edgeID":"1751175","fromID":"1335637","toID":"1335640","formEdgeID":null},{"edgeID":"1751176","fromID":"1335640","toID":"1335636","formEdgeID":null},{"edgeID":"1751177","fromID":"1335631","toID":"1335641","formEdgeID":null},{"edgeID":"1751178","fromID":"1335641","toID":"1335637","formEdgeID":null},{"edgeID":"1751179","fromID":"1335644","toID":"1335643","formEdgeID":null},{"edgeID":"1751180","fromID":"1335645","toID":"1335644","formEdgeID":null},{"edgeID":"1751181","fromID":"1335643","toID":"1335646","formEdgeID":null},{"edgeID":"1751182","fromID":"1335646","toID":"1335642","formEdgeID":null},{"edgeID":"1751183","fromID":"1335637","toID":"1335647","formEdgeID":null},{"edgeID":"1751184","fromID":"1335647","toID":"1335643","formEdgeID":null},{"edgeID":"1751185","fromID":"1335650","toID":"1335649","formEdgeID":null},{"edgeID":"1751186","fromID":"1335651","toID":"1335650","formEdgeID":null},{"edgeID":"1751187","fromID":"1335649","toID":"1335652","formEdgeID":null},{"edgeID":"1751188","fromID":"1335652","toID":"1335648","formEdgeID":null},{"edgeID":"1751189","fromID":"1335643","toID":"1335653","formEdgeID":null},{"edgeID":"1751190","fromID":"1335653","toID":"1335649","formEdgeID":null},{"edgeID":"1751191","fromID":"1335648","toID":"1335654","formEdgeID":null},{"edgeID":"1751192","fromID":"1335654","toID":"1335642","formEdgeID":null},{"edgeID":"1751193","fromID":"1335653","toID":"1335655","formEdgeID":null},{"edgeID":"1751194","fromID":"1335655","toID":"1335654","formEdgeID":null},{"edgeID":"1751195","fromID":"1335658","toID":"1335657","formEdgeID":null},{"edgeID":"1751196","fromID":"1335659","toID":"1335658","formEdgeID":null},{"edgeID":"1751197","fromID":"1335657","toID":"1335660","formEdgeID":null},{"edgeID":"1751198","fromID":"1335660","toID":"1335656","formEdgeID":null},{"edgeID":"1751199","fromID":"1335649","toID":"1335661","formEdgeID":null},{"edgeID":"1751200","fromID":"1335661","toID":"1335657","formEdgeID":null},{"edgeID":"1751201","fromID":"1335656","toID":"1335662","formEdgeID":null},{"edgeID":"1751202","fromID":"1335662","toID":"1335648","formEdgeID":null},{"edgeID":"1751203","fromID":"1335661","toID":"1335663","formEdgeID":null},{"edgeID":"1751204","fromID":"1335663","toID":"1335662","formEdgeID":null},{"edgeID":"1751205","fromID":"1335666","toID":"1335665","formEdgeID":null},{"edgeID":"1751206","fromID":"1335667","toID":"1335666","formEdgeID":null},{"edgeID":"1751207","fromID":"1335665","toID":"1335668","formEdgeID":null},{"edgeID":"1751208","fromID":"1335668","toID":"1335664","formEdgeID":null},{"edgeID":"1751209","fromID":"1335664","toID":"1335669","formEdgeID":null},{"edgeID":"1751210","fromID":"1335669","toID":"1335496","formEdgeID":null},{"edgeID":"1751211","fromID":"1335497","toID":"1335670","formEdgeID":null},{"edgeID":"1751212","fromID":"1335670","toID":"1335665","formEdgeID":null},{"edgeID":"1751213","fromID":"1335670","toID":"1335671","formEdgeID":null},{"edgeID":"1751214","fromID":"1335671","toID":"1335669","formEdgeID":null},{"edgeID":"1751215","fromID":"1335674","toID":"1335673","formEdgeID":null},{"edgeID":"1751216","fromID":"1335675","toID":"1335674","formEdgeID":null},{"edgeID":"1751217","fromID":"1335673","toID":"1335676","formEdgeID":null},{"edgeID":"1751218","fromID":"1335676","toID":"1335672","formEdgeID":null},{"edgeID":"1751219","fromID":"1335665","toID":"1335677","formEdgeID":null},{"edgeID":"1751220","fromID":"1335677","toID":"1335673","formEdgeID":null},{"edgeID":"1751221","fromID":"1335680","toID":"1335679","formEdgeID":null},{"edgeID":"1751222","fromID":"1335681","toID":"1335680","formEdgeID":null},{"edgeID":"1751223","fromID":"1335679","toID":"1335682","formEdgeID":null},{"edgeID":"1751224","fromID":"1335682","toID":"1335678","formEdgeID":null},{"edgeID":"1751225","fromID":"1335673","toID":"1335683","formEdgeID":null},{"edgeID":"1751226","fromID":"1335683","toID":"1335679","formEdgeID":null},{"edgeID":"1751227","fromID":"1335630","toID":"1335684","formEdgeID":null},{"edgeID":"1751228","fromID":"1335684","toID":"1335521","formEdgeID":null},{"edgeID":"1751229","fromID":"1335522","toID":"1335685","formEdgeID":null},{"edgeID":"1751230","fromID":"1335685","toID":"1335631","formEdgeID":null},{"edgeID":"1751231","fromID":"1335685","toID":"1335686","formEdgeID":null},{"edgeID":"1751232","fromID":"1335686","toID":"1335684","formEdgeID":null},{"edgeID":"1751233","fromID":"1335642","toID":"1335687","formEdgeID":null},{"edgeID":"1751234","fromID":"1335687","toID":"1335636","formEdgeID":null},{"edgeID":"1751235","fromID":"1335647","toID":"1335688","formEdgeID":null},{"edgeID":"1751236","fromID":"1335688","toID":"1335687","formEdgeID":null},{"edgeID":"1751237","fromID":"1335544","toID":"1335689","formEdgeID":null},{"edgeID":"1751238","fromID":"1335689","toID":"1335538","formEdgeID":null},{"edgeID":"1751239","fromID":"1335549","toID":"1335690","formEdgeID":null},{"edgeID":"1751240","fromID":"1335690","toID":"1335689","formEdgeID":null}],"locutions":[]}