{"nodes":[{"nodeID":"1348644","text":"Isabel Hardman had a mental breakdown six years ago","type":"I","timestamp":"2023-11-09 14:06:08"},{"nodeID":"1348645","text":"Isabel Hardman: I had a mental breakdown six years ago","type":"L","timestamp":"2023-11-09 14:06:08"},{"nodeID":"1348646","text":"Analysing","type":"YA","timestamp":"2023-11-09 14:06:08"},{"nodeID":"1348647","text":"Anon: Isabel Hardman: I had a mental breakdown six years ago","type":"L","timestamp":"2023-11-09 14:06:08"},{"nodeID":"1348648","text":"Asserting","type":"YA","timestamp":"2023-11-09 14:06:08"},{"nodeID":"1348649","text":"Isabel Hardman was at the Conservative Party Conference at the time of her mental breakdown six years ago","type":"I","timestamp":"2023-11-09 14:06:08"},{"nodeID":"1348650","text":"Isabel Hardman: I was at the Conservative Party Conference","type":"L","timestamp":"2023-11-09 14:06:08"},{"nodeID":"1348651","text":"Analysing","type":"YA","timestamp":"2023-11-09 14:06:08"},{"nodeID":"1348652","text":"Anon: Isabel Hardman: I was at the Conservative Party Conference","type":"L","timestamp":"2023-11-09 14:06:08"},{"nodeID":"1348653","text":"Asserting","type":"YA","timestamp":"2023-11-09 14:06:08"},{"nodeID":"1348654","text":"being at a Conservative Party Conference was unrelated to Isabel Hardman's mental breakdown six years ago","type":"I","timestamp":"2023-11-09 14:06:09"},{"nodeID":"1348655","text":"Isabel Hardman: that was unrelated","type":"L","timestamp":"2023-11-09 14:06:09"},{"nodeID":"1348656","text":"Analysing","type":"YA","timestamp":"2023-11-09 14:06:09"},{"nodeID":"1348657","text":"Anon: Isabel Hardman: that was unrelated","type":"L","timestamp":"2023-11-09 14:06:09"},{"nodeID":"1348658","text":"Asserting","type":"YA","timestamp":"2023-11-09 14:06:09"},{"nodeID":"1348659","text":"Default Transition","type":"TA","timestamp":"2023-11-09 14:06:09"},{"nodeID":"1348660","text":"Default Transition","type":"TA","timestamp":"2023-11-09 14:06:09"},{"nodeID":"1348661","text":"Default Conflict","type":"CA","timestamp":"2023-11-09 14:06:09"},{"nodeID":"1348662","text":"Disagreeing","type":"YA","timestamp":"2023-11-09 14:06:09"},{"nodeID":"1348663","text":"all the treatment Isabel Hardman got, apart from the GP, she had to go private for","type":"I","timestamp":"2023-11-09 14:06:10"},{"nodeID":"1348664","text":"Isabel Hardman: All the treatment I got, bar the GP, I had to go private for","type":"L","timestamp":"2023-11-09 14:06:10"},{"nodeID":"1348665","text":"Analysing","type":"YA","timestamp":"2023-11-09 14:06:10"},{"nodeID":"1348666","text":"Anon: Isabel Hardman: All the treatment I got, bar the GP, who was great with me, I had to go private for","type":"L","timestamp":"2023-11-09 14:06:10"},{"nodeID":"1348667","text":"Asserting","type":"YA","timestamp":"2023-11-09 14:06:10"},{"nodeID":"1348668","text":"Isabel Hardman's GP was great with her","type":"I","timestamp":"2023-11-09 14:06:10"},{"nodeID":"1348669","text":"Isabel Hardman: who was great with me","type":"L","timestamp":"2023-11-09 14:06:10"},{"nodeID":"1348670","text":"Analysing","type":"YA","timestamp":"2023-11-09 14:06:10"},{"nodeID":"1348671","text":"Anon: Isabel Hardman: who was great with me","type":"L","timestamp":"2023-11-09 14:06:10"},{"nodeID":"1348672","text":"Asserting","type":"YA","timestamp":"2023-11-09 14:06:10"},{"nodeID":"1348673","text":"Default Rephrase","type":"MA","timestamp":"2023-11-09 14:06:10"},{"nodeID":"1348674","text":"Default Transition","type":"TA","timestamp":"2023-11-09 14:06:10"},{"nodeID":"1348675","text":"Default Transition","type":"TA","timestamp":"2023-11-09 14:06:10"},{"nodeID":"1348676","text":"Restating","type":"YA","timestamp":"2023-11-09 14:06:10"},{"nodeID":"1348677","text":"going private for all the treatment but the GP that Isabel Hardman got was okay","type":"I","timestamp":"2023-11-09 14:06:11"},{"nodeID":"1348678","text":"Isabel Hardman:  that was","type":"L","timestamp":"2023-11-09 14:06:11"},{"nodeID":"1348679","text":"Analysing","type":"YA","timestamp":"2023-11-09 14:06:11"},{"nodeID":"1348680","text":"Anon: Isabel Hardman:  that was","type":"L","timestamp":"2023-11-09 14:06:11"},{"nodeID":"1348681","text":"Asserting","type":"YA","timestamp":"2023-11-09 14:06:11"},{"nodeID":"1348682","text":"at the time of getting treatment Isabel Hardman had savings","type":"I","timestamp":"2023-11-09 14:06:12"},{"nodeID":"1348683","text":"Isabel Hardman:  at the time I had savings","type":"L","timestamp":"2023-11-09 14:06:12"},{"nodeID":"1348684","text":"Analysing","type":"YA","timestamp":"2023-11-09 14:06:12"},{"nodeID":"1348685","text":"Anon: Isabel Hardman:  at the time I had savings","type":"L","timestamp":"2023-11-09 14:06:12"},{"nodeID":"1348686","text":"Asserting","type":"YA","timestamp":"2023-11-09 14:06:12"},{"nodeID":"1348687","text":"Default Inference","type":"RA","timestamp":"2023-11-09 14:06:12"},{"nodeID":"1348688","text":"Default Transition","type":"TA","timestamp":"2023-11-09 14:06:12"},{"nodeID":"1348689","text":"Arguing","type":"YA","timestamp":"2023-11-09 14:06:12"},{"nodeID":"1348690","text":"Default Rephrase","type":"MA","timestamp":"2023-11-09 14:06:12"},{"nodeID":"1348691","text":"Default Transition","type":"TA","timestamp":"2023-11-09 14:06:12"},{"nodeID":"1348692","text":"Restating","type":"YA","timestamp":"2023-11-09 14:06:12"},{"nodeID":"1348693","text":"most people don't have the savings with which they can cover the costs of private treatment","type":"I","timestamp":"2023-11-09 14:06:13"},{"nodeID":"1348694","text":"Isabel Hardman: Most people don't have that","type":"L","timestamp":"2023-11-09 14:06:13"},{"nodeID":"1348695","text":"Analysing","type":"YA","timestamp":"2023-11-09 14:06:13"},{"nodeID":"1348696","text":"Anon: Isabel Hardman: Most people don't have that","type":"L","timestamp":"2023-11-09 14:06:13"},{"nodeID":"1348697","text":"Asserting","type":"YA","timestamp":"2023-11-09 14:06:13"},{"nodeID":"1348698","text":"Default Transition","type":"TA","timestamp":"2023-11-09 14:06:13"},{"nodeID":"1348699","text":"the NHS was founded by Niall Bevan","type":"I","timestamp":"2023-11-09 14:06:14"},{"nodeID":"1348700","text":"Isabel Hardman:  the NHS was founded by -- a partly by Niall Bevan","type":"L","timestamp":"2023-11-09 14:06:14"},{"nodeID":"1348701","text":"Analysing","type":"YA","timestamp":"2023-11-09 14:06:14"},{"nodeID":"1348702","text":"Anon: Isabel Hardman:  the NHS was founded by -- a partly by Niall Bevan","type":"L","timestamp":"2023-11-09 14:06:14"},{"nodeID":"1348703","text":"Asserting","type":"YA","timestamp":"2023-11-09 14:06:14"},{"nodeID":"1348704","text":"Niall Bevan wrote a book in place of fear","type":"I","timestamp":"2023-11-09 14:06:14"},{"nodeID":"1348705","text":"Isabel Hardman: who wrote a book in place of fear","type":"L","timestamp":"2023-11-09 14:06:14"},{"nodeID":"1348706","text":"Analysing","type":"YA","timestamp":"2023-11-09 14:06:14"},{"nodeID":"1348707","text":"Anon: Isabel Hardman: who wrote a book in place of fear","type":"L","timestamp":"2023-11-09 14:06:14"},{"nodeID":"1348708","text":"Asserting","type":"YA","timestamp":"2023-11-09 14:06:14"},{"nodeID":"1348709","text":"Default Rephrase","type":"MA","timestamp":"2023-11-09 14:06:14"},{"nodeID":"1348710","text":"Default Transition","type":"TA","timestamp":"2023-11-09 14:06:14"},{"nodeID":"1348711","text":"Default Transition","type":"TA","timestamp":"2023-11-09 14:06:14"},{"nodeID":"1348712","text":"Restating","type":"YA","timestamp":"2023-11-09 14:06:14"},{"nodeID":"1348713","text":"the NHS has never existed in place of fear for mental health","type":"I","timestamp":"2023-11-09 14:06:15"},{"nodeID":"1348714","text":"Isabel Hardman: the NHS has ever existed in place of fear for mental health","type":"L","timestamp":"2023-11-09 14:06:15"},{"nodeID":"1348715","text":"Analysing","type":"YA","timestamp":"2023-11-09 14:06:15"},{"nodeID":"1348716","text":"Anon: Isabel Hardman: the NHS has ever existed in place of fear for mental health","type":"L","timestamp":"2023-11-09 14:06:15"},{"nodeID":"1348717","text":"Asserting","type":"YA","timestamp":"2023-11-09 14:06:15"},{"nodeID":"1348718","text":"Default Transition","type":"TA","timestamp":"2023-11-09 14:06:15"},{"nodeID":"1348719","text":"the lack of fear for mental health in NHS is now expending across to physical health as well","type":"I","timestamp":"2023-11-09 14:06:16"},{"nodeID":"1348720","text":"Isabel Hardman: That is now expending across to physical health as well","type":"L","timestamp":"2023-11-09 14:06:16"},{"nodeID":"1348721","text":"Analysing","type":"YA","timestamp":"2023-11-09 14:06:16"},{"nodeID":"1348722","text":"Anon: Isabel Hardman: That is now expending across to physical health as well","type":"L","timestamp":"2023-11-09 14:06:16"},{"nodeID":"1348723","text":"Asserting","type":"YA","timestamp":"2023-11-09 14:06:16"},{"nodeID":"1348724","text":"Default Transition","type":"TA","timestamp":"2023-11-09 14:06:16"},{"nodeID":"1348725","text":"Default Rephrase","type":"MA","timestamp":"2023-11-09 14:06:16"},{"nodeID":"1348726","text":"Restating","type":"YA","timestamp":"2023-11-09 14:06:16"},{"nodeID":"1348727","text":"the lack of fear for mental and physical health in NHS is in the most precarious position it has been in in its history","type":"I","timestamp":"2023-11-09 14:06:16"},{"nodeID":"1348728","text":"Isabel Hardman: it is in the most precarious position it has been in its history","type":"L","timestamp":"2023-11-09 14:06:16"},{"nodeID":"1348729","text":"Analysing","type":"YA","timestamp":"2023-11-09 14:06:16"},{"nodeID":"1348730","text":"Anon: Isabel Hardman: it is in the most precarious position it has been in its history","type":"L","timestamp":"2023-11-09 14:06:16"},{"nodeID":"1348731","text":"Asserting","type":"YA","timestamp":"2023-11-09 14:06:16"},{"nodeID":"1348732","text":"Default Inference","type":"RA","timestamp":"2023-11-09 14:06:16"},{"nodeID":"1348733","text":"Default Transition","type":"TA","timestamp":"2023-11-09 14:06:16"},{"nodeID":"1348734","text":"Default Transition","type":"TA","timestamp":"2023-11-09 14:06:16"},{"nodeID":"1348735","text":"Arguing","type":"YA","timestamp":"2023-11-09 14:06:16"},{"nodeID":"1348736","text":"Anas Sarwar worked in the NHS as a dentist","type":"I","timestamp":"2023-11-09 14:06:17"},{"nodeID":"1348737","text":"Anas Sarwar: I worked in the NHS as a\u00a0\u00a0\u00a0\u00a0dentist","type":"L","timestamp":"2023-11-09 14:06:17"},{"nodeID":"1348738","text":"Analysing","type":"YA","timestamp":"2023-11-09 14:06:17"},{"nodeID":"1348739","text":"Anon: Anas Sarwar: I worked in the NHS as a\u00a0\u00a0\u00a0\u00a0dentist","type":"L","timestamp":"2023-11-09 14:06:17"},{"nodeID":"1348740","text":"Asserting","type":"YA","timestamp":"2023-11-09 14:06:17"},{"nodeID":"1348741","text":"Default Transition","type":"TA","timestamp":"2023-11-09 14:06:17"},{"nodeID":"1348742","text":"Anas Sarwar knows how broken his former colleagues are","type":"I","timestamp":"2023-11-09 14:06:18"},{"nodeID":"1348743","text":"Anas Sarwar: I know, speaking to my former colleagues, how broken they are","type":"L","timestamp":"2023-11-09 14:06:18"},{"nodeID":"1348744","text":"Analysing","type":"YA","timestamp":"2023-11-09 14:06:18"},{"nodeID":"1348745","text":"Anon: Anas Sarwar: I know, speaking to my former colleagues, how broken they are","type":"L","timestamp":"2023-11-09 14:06:18"},{"nodeID":"1348746","text":"Asserting","type":"YA","timestamp":"2023-11-09 14:06:18"},{"nodeID":"1348747","text":"Anas Sarwar spoke to his former colleagues","type":"I","timestamp":"2023-11-09 14:06:18"},{"nodeID":"1348748","text":"Anas Sarwar: speaking to my former colleagues","type":"L","timestamp":"2023-11-09 14:06:18"},{"nodeID":"1348749","text":"Analysing","type":"YA","timestamp":"2023-11-09 14:06:18"},{"nodeID":"1348750","text":"Anon: Anas Sarwar: speaking to my former colleagues","type":"L","timestamp":"2023-11-09 14:06:18"},{"nodeID":"1348751","text":"Asserting","type":"YA","timestamp":"2023-11-09 14:06:18"},{"nodeID":"1348752","text":"Default Inference","type":"RA","timestamp":"2023-11-09 14:06:18"},{"nodeID":"1348753","text":"Default Transition","type":"TA","timestamp":"2023-11-09 14:06:18"},{"nodeID":"1348754","text":"Default Transition","type":"TA","timestamp":"2023-11-09 14:06:18"},{"nodeID":"1348755","text":"Arguing","type":"YA","timestamp":"2023-11-09 14:06:18"},{"nodeID":"1348756","text":"we're in the position now where we have nurses batting for strike action","type":"I","timestamp":"2023-11-09 14:06:19"},{"nodeID":"1348757","text":"Anas Sarwar: We're in the position now where we have nurses batting for strike action","type":"L","timestamp":"2023-11-09 14:06:19"},{"nodeID":"1348758","text":"Analysing","type":"YA","timestamp":"2023-11-09 14:06:19"},{"nodeID":"1348759","text":"Anon: Anas Sarwar: We're in the position now where we have nurses batting for strike action","type":"L","timestamp":"2023-11-09 14:06:19"},{"nodeID":"1348760","text":"Asserting","type":"YA","timestamp":"2023-11-09 14:06:19"},{"nodeID":"1348761","text":"Default Rephrase","type":"MA","timestamp":"2023-11-09 14:06:19"},{"nodeID":"1348762","text":"Default Transition","type":"TA","timestamp":"2023-11-09 14:06:19"},{"nodeID":"1348763","text":"Restating","type":"YA","timestamp":"2023-11-09 14:06:19"},{"nodeID":"1348764","text":"we should reflect how serious it is that the nurses are batting for strike action","type":"I","timestamp":"2023-11-09 14:06:20"},{"nodeID":"1348765","text":"Anas Sarwar: we should reflect how serious that is","type":"L","timestamp":"2023-11-09 14:06:20"},{"nodeID":"1348766","text":"Analysing","type":"YA","timestamp":"2023-11-09 14:06:20"},{"nodeID":"1348767","text":"Anon: Anas Sarwar: we should reflect how serious that is","type":"L","timestamp":"2023-11-09 14:06:20"},{"nodeID":"1348768","text":"Asserting","type":"YA","timestamp":"2023-11-09 14:06:20"},{"nodeID":"1348769","text":"Default Inference","type":"RA","timestamp":"2023-11-09 14:06:20"},{"nodeID":"1348770","text":"Default Transition","type":"TA","timestamp":"2023-11-09 14:06:20"},{"nodeID":"1348771","text":"Arguing","type":"YA","timestamp":"2023-11-09 14:06:20"},{"nodeID":"1348772","text":"the nurses are not batting for strike action because they want to strike","type":"I","timestamp":"2023-11-09 14:06:20"},{"nodeID":"1348773","text":"Anas Sarwar:  It's not because they want to strike","type":"L","timestamp":"2023-11-09 14:06:20"},{"nodeID":"1348774","text":"Analysing","type":"YA","timestamp":"2023-11-09 14:06:20"},{"nodeID":"1348775","text":"Anon: Anas Sarwar:  It's not because they want to strike","type":"L","timestamp":"2023-11-09 14:06:20"},{"nodeID":"1348776","text":"Asserting","type":"YA","timestamp":"2023-11-09 14:06:20"},{"nodeID":"1348777","text":"the nurses are not batting for strike action because unions want to strike","type":"I","timestamp":"2023-11-09 14:06:21"},{"nodeID":"1348778","text":"Anas Sarwar: not because unions want to strike","type":"L","timestamp":"2023-11-09 14:06:21"},{"nodeID":"1348779","text":"Analysing","type":"YA","timestamp":"2023-11-09 14:06:21"},{"nodeID":"1348780","text":"Anon: Anas Sarwar: not because unions want to strike","type":"L","timestamp":"2023-11-09 14:06:21"},{"nodeID":"1348781","text":"Asserting","type":"YA","timestamp":"2023-11-09 14:06:21"},{"nodeID":"1348782","text":"Default Rephrase","type":"MA","timestamp":"2023-11-09 14:06:21"},{"nodeID":"1348783","text":"Default Transition","type":"TA","timestamp":"2023-11-09 14:06:21"},{"nodeID":"1348784","text":"Restating","type":"YA","timestamp":"2023-11-09 14:06:21"},{"nodeID":"1348785","text":"Default Transition","type":"TA","timestamp":"2023-11-09 14:06:21"},{"nodeID":"1348786","text":"Default Inference","type":"RA","timestamp":"2023-11-09 14:06:21"},{"nodeID":"1348787","text":"Arguing","type":"YA","timestamp":"2023-11-09 14:06:21"},{"nodeID":"1348788","text":"the nurses are batting for strike action because they don't feel they are being listened to","type":"I","timestamp":"2023-11-09 14:06:22"},{"nodeID":"1348789","text":"Anas Sarwar: it is because they don't feel they are being listened to","type":"L","timestamp":"2023-11-09 14:06:22"},{"nodeID":"1348790","text":"Analysing","type":"YA","timestamp":"2023-11-09 14:06:22"},{"nodeID":"1348791","text":"Anon: Anas Sarwar: it is because they don't feel they are being listened to","type":"L","timestamp":"2023-11-09 14:06:22"},{"nodeID":"1348792","text":"Asserting","type":"YA","timestamp":"2023-11-09 14:06:22"},{"nodeID":"1348793","text":"the nurses are batting for strike action because they don't feel they are being supported","type":"I","timestamp":"2023-11-09 14:06:22"},{"nodeID":"1348794","text":"Anas Sarwar: they don't feel they are being supported","type":"L","timestamp":"2023-11-09 14:06:22"},{"nodeID":"1348795","text":"Analysing","type":"YA","timestamp":"2023-11-09 14:06:22"},{"nodeID":"1348796","text":"Anon: Anas Sarwar: they don't feel they are being supported","type":"L","timestamp":"2023-11-09 14:06:22"},{"nodeID":"1348797","text":"Asserting","type":"YA","timestamp":"2023-11-09 14:06:22"},{"nodeID":"1348798","text":"Default Rephrase","type":"MA","timestamp":"2023-11-09 14:06:22"},{"nodeID":"1348799","text":"Default Transition","type":"TA","timestamp":"2023-11-09 14:06:22"},{"nodeID":"1348800","text":"Restating","type":"YA","timestamp":"2023-11-09 14:06:22"},{"nodeID":"1348801","text":"Default Conflict","type":"CA","timestamp":"2023-11-09 14:06:22"},{"nodeID":"1348802","text":"Default Transition","type":"TA","timestamp":"2023-11-09 14:06:22"},{"nodeID":"1348803","text":"Disagreeing","type":"YA","timestamp":"2023-11-09 14:06:22"},{"nodeID":"1348804","text":"the current state of the NHS predates the pandemic","type":"I","timestamp":"2023-11-09 14:06:23"},{"nodeID":"1348805","text":"Anas Sarwar: This predates the pandemic","type":"L","timestamp":"2023-11-09 14:06:23"},{"nodeID":"1348806","text":"Analysing","type":"YA","timestamp":"2023-11-09 14:06:23"},{"nodeID":"1348807","text":"Anon: Anas Sarwar: This predates the pandemic","type":"L","timestamp":"2023-11-09 14:06:23"},{"nodeID":"1348808","text":"Asserting","type":"YA","timestamp":"2023-11-09 14:06:23"},{"nodeID":"1348809","text":"all of these stresses and strains were all there going into the pandemic","type":"I","timestamp":"2023-11-09 14:06:24"},{"nodeID":"1348810","text":"Anas Sarwar: All of these stresses and strains were all there going into the pandemic","type":"L","timestamp":"2023-11-09 14:06:24"},{"nodeID":"1348811","text":"Analysing","type":"YA","timestamp":"2023-11-09 14:06:24"},{"nodeID":"1348812","text":"Anon: Anas Sarwar: All of these stresses and strains were all there going into the pandemic","type":"L","timestamp":"2023-11-09 14:06:24"},{"nodeID":"1348813","text":"Asserting","type":"YA","timestamp":"2023-11-09 14:06:24"},{"nodeID":"1348814","text":"all of these stresses and strains were were exacerbated by the pandemic","type":"I","timestamp":"2023-11-09 14:06:24"},{"nodeID":"1348815","text":"Anas Sarwar:  were exacerbated by it","type":"L","timestamp":"2023-11-09 14:06:24"},{"nodeID":"1348816","text":"Analysing","type":"YA","timestamp":"2023-11-09 14:06:24"},{"nodeID":"1348817","text":"Anon: Anas Sarwar:  were exacerbated by it","type":"L","timestamp":"2023-11-09 14:06:24"},{"nodeID":"1348818","text":"Asserting","type":"YA","timestamp":"2023-11-09 14:06:24"},{"nodeID":"1348819","text":"Default Inference","type":"RA","timestamp":"2023-11-09 14:06:24"},{"nodeID":"1348820","text":"Default Transition","type":"TA","timestamp":"2023-11-09 14:06:24"},{"nodeID":"1348821","text":"Default Transition","type":"TA","timestamp":"2023-11-09 14:06:24"},{"nodeID":"1348822","text":"Arguing","type":"YA","timestamp":"2023-11-09 14:06:24"},{"nodeID":"1348823","text":"Default Transition","type":"TA","timestamp":"2023-11-09 14:06:24"}],"edges":[{"edgeID":"1766741","fromID":"1348646","toID":"1348645","formEdgeID":null},{"edgeID":"1766742","fromID":"1348647","toID":"1348646","formEdgeID":null},{"edgeID":"1766743","fromID":"1348645","toID":"1348648","formEdgeID":null},{"edgeID":"1766744","fromID":"1348648","toID":"1348644","formEdgeID":null},{"edgeID":"1766745","fromID":"1348651","toID":"1348650","formEdgeID":null},{"edgeID":"1766746","fromID":"1348652","toID":"1348651","formEdgeID":null},{"edgeID":"1766747","fromID":"1348650","toID":"1348653","formEdgeID":null},{"edgeID":"1766748","fromID":"1348653","toID":"1348649","formEdgeID":null},{"edgeID":"1766749","fromID":"1348656","toID":"1348655","formEdgeID":null},{"edgeID":"1766750","fromID":"1348657","toID":"1348656","formEdgeID":null},{"edgeID":"1766751","fromID":"1348655","toID":"1348658","formEdgeID":null},{"edgeID":"1766752","fromID":"1348658","toID":"1348654","formEdgeID":null},{"edgeID":"1766753","fromID":"1348645","toID":"1348659","formEdgeID":null},{"edgeID":"1766754","fromID":"1348659","toID":"1348650","formEdgeID":null},{"edgeID":"1766755","fromID":"1348650","toID":"1348660","formEdgeID":null},{"edgeID":"1766756","fromID":"1348660","toID":"1348655","formEdgeID":null},{"edgeID":"1766757","fromID":"1348654","toID":"1348661","formEdgeID":null},{"edgeID":"1766758","fromID":"1348661","toID":"1348649","formEdgeID":null},{"edgeID":"1766759","fromID":"1348660","toID":"1348662","formEdgeID":null},{"edgeID":"1766760","fromID":"1348662","toID":"1348661","formEdgeID":null},{"edgeID":"1766761","fromID":"1348665","toID":"1348664","formEdgeID":null},{"edgeID":"1766762","fromID":"1348666","toID":"1348665","formEdgeID":null},{"edgeID":"1766763","fromID":"1348664","toID":"1348667","formEdgeID":null},{"edgeID":"1766764","fromID":"1348667","toID":"1348663","formEdgeID":null},{"edgeID":"1766765","fromID":"1348670","toID":"1348669","formEdgeID":null},{"edgeID":"1766766","fromID":"1348671","toID":"1348670","formEdgeID":null},{"edgeID":"1766767","fromID":"1348669","toID":"1348672","formEdgeID":null},{"edgeID":"1766768","fromID":"1348672","toID":"1348668","formEdgeID":null},{"edgeID":"1766769","fromID":"1348668","toID":"1348673","formEdgeID":null},{"edgeID":"1766770","fromID":"1348673","toID":"1348663","formEdgeID":null},{"edgeID":"1766771","fromID":"1348655","toID":"1348674","formEdgeID":null},{"edgeID":"1766772","fromID":"1348674","toID":"1348664","formEdgeID":null},{"edgeID":"1766773","fromID":"1348664","toID":"1348675","formEdgeID":null},{"edgeID":"1766774","fromID":"1348675","toID":"1348669","formEdgeID":null},{"edgeID":"1766775","fromID":"1348675","toID":"1348676","formEdgeID":null},{"edgeID":"1766776","fromID":"1348676","toID":"1348673","formEdgeID":null},{"edgeID":"1766777","fromID":"1348679","toID":"1348678","formEdgeID":null},{"edgeID":"1766778","fromID":"1348680","toID":"1348679","formEdgeID":null},{"edgeID":"1766779","fromID":"1348678","toID":"1348681","formEdgeID":null},{"edgeID":"1766780","fromID":"1348681","toID":"1348677","formEdgeID":null},{"edgeID":"1766781","fromID":"1348684","toID":"1348683","formEdgeID":null},{"edgeID":"1766782","fromID":"1348685","toID":"1348684","formEdgeID":null},{"edgeID":"1766783","fromID":"1348683","toID":"1348686","formEdgeID":null},{"edgeID":"1766784","fromID":"1348686","toID":"1348682","formEdgeID":null},{"edgeID":"1766785","fromID":"1348682","toID":"1348687","formEdgeID":null},{"edgeID":"1766786","fromID":"1348687","toID":"1348677","formEdgeID":null},{"edgeID":"1766787","fromID":"1348678","toID":"1348688","formEdgeID":null},{"edgeID":"1766788","fromID":"1348688","toID":"1348683","formEdgeID":null},{"edgeID":"1766789","fromID":"1348688","toID":"1348689","formEdgeID":null},{"edgeID":"1766790","fromID":"1348689","toID":"1348687","formEdgeID":null},{"edgeID":"1766791","fromID":"1348677","toID":"1348690","formEdgeID":null},{"edgeID":"1766792","fromID":"1348690","toID":"1348663","formEdgeID":null},{"edgeID":"1766793","fromID":"1348664","toID":"1348691","formEdgeID":null},{"edgeID":"1766794","fromID":"1348691","toID":"1348678","formEdgeID":null},{"edgeID":"1766795","fromID":"1348691","toID":"1348692","formEdgeID":null},{"edgeID":"1766796","fromID":"1348692","toID":"1348690","formEdgeID":null},{"edgeID":"1766797","fromID":"1348695","toID":"1348694","formEdgeID":null},{"edgeID":"1766798","fromID":"1348696","toID":"1348695","formEdgeID":null},{"edgeID":"1766799","fromID":"1348694","toID":"1348697","formEdgeID":null},{"edgeID":"1766800","fromID":"1348697","toID":"1348693","formEdgeID":null},{"edgeID":"1766801","fromID":"1348683","toID":"1348698","formEdgeID":null},{"edgeID":"1766802","fromID":"1348698","toID":"1348694","formEdgeID":null},{"edgeID":"1766803","fromID":"1348701","toID":"1348700","formEdgeID":null},{"edgeID":"1766804","fromID":"1348702","toID":"1348701","formEdgeID":null},{"edgeID":"1766805","fromID":"1348700","toID":"1348703","formEdgeID":null},{"edgeID":"1766806","fromID":"1348703","toID":"1348699","formEdgeID":null},{"edgeID":"1766807","fromID":"1348706","toID":"1348705","formEdgeID":null},{"edgeID":"1766808","fromID":"1348707","toID":"1348706","formEdgeID":null},{"edgeID":"1766809","fromID":"1348705","toID":"1348708","formEdgeID":null},{"edgeID":"1766810","fromID":"1348708","toID":"1348704","formEdgeID":null},{"edgeID":"1766811","fromID":"1348704","toID":"1348709","formEdgeID":null},{"edgeID":"1766812","fromID":"1348709","toID":"1348699","formEdgeID":null},{"edgeID":"1766813","fromID":"1348694","toID":"1348710","formEdgeID":null},{"edgeID":"1766814","fromID":"1348710","toID":"1348700","formEdgeID":null},{"edgeID":"1766815","fromID":"1348700","toID":"1348711","formEdgeID":null},{"edgeID":"1766816","fromID":"1348711","toID":"1348705","formEdgeID":null},{"edgeID":"1766817","fromID":"1348711","toID":"1348712","formEdgeID":null},{"edgeID":"1766818","fromID":"1348712","toID":"1348709","formEdgeID":null},{"edgeID":"1766819","fromID":"1348715","toID":"1348714","formEdgeID":null},{"edgeID":"1766820","fromID":"1348716","toID":"1348715","formEdgeID":null},{"edgeID":"1766821","fromID":"1348714","toID":"1348717","formEdgeID":null},{"edgeID":"1766822","fromID":"1348717","toID":"1348713","formEdgeID":null},{"edgeID":"1766823","fromID":"1348705","toID":"1348718","formEdgeID":null},{"edgeID":"1766824","fromID":"1348718","toID":"1348714","formEdgeID":null},{"edgeID":"1766825","fromID":"1348721","toID":"1348720","formEdgeID":null},{"edgeID":"1766826","fromID":"1348722","toID":"1348721","formEdgeID":null},{"edgeID":"1766827","fromID":"1348720","toID":"1348723","formEdgeID":null},{"edgeID":"1766828","fromID":"1348723","toID":"1348719","formEdgeID":null},{"edgeID":"1766829","fromID":"1348714","toID":"1348724","formEdgeID":null},{"edgeID":"1766830","fromID":"1348724","toID":"1348720","formEdgeID":null},{"edgeID":"1766831","fromID":"1348719","toID":"1348725","formEdgeID":null},{"edgeID":"1766832","fromID":"1348725","toID":"1348713","formEdgeID":null},{"edgeID":"1766833","fromID":"1348724","toID":"1348726","formEdgeID":null},{"edgeID":"1766834","fromID":"1348726","toID":"1348725","formEdgeID":null},{"edgeID":"1766835","fromID":"1348729","toID":"1348728","formEdgeID":null},{"edgeID":"1766836","fromID":"1348730","toID":"1348729","formEdgeID":null},{"edgeID":"1766837","fromID":"1348728","toID":"1348731","formEdgeID":null},{"edgeID":"1766838","fromID":"1348731","toID":"1348727","formEdgeID":null},{"edgeID":"1766839","fromID":"1348713","toID":"1348732","formEdgeID":null},{"edgeID":"1766840","fromID":"1348732","toID":"1348727","formEdgeID":null},{"edgeID":"1766841","fromID":"1348719","toID":"1348732","formEdgeID":null},{"edgeID":"1766842","fromID":"1348714","toID":"1348733","formEdgeID":null},{"edgeID":"1766843","fromID":"1348733","toID":"1348728","formEdgeID":null},{"edgeID":"1766844","fromID":"1348720","toID":"1348734","formEdgeID":null},{"edgeID":"1766845","fromID":"1348734","toID":"1348728","formEdgeID":null},{"edgeID":"1766846","fromID":"1348734","toID":"1348735","formEdgeID":null},{"edgeID":"1766847","fromID":"1348735","toID":"1348732","formEdgeID":null},{"edgeID":"1766848","fromID":"1348738","toID":"1348737","formEdgeID":null},{"edgeID":"1766849","fromID":"1348739","toID":"1348738","formEdgeID":null},{"edgeID":"1766850","fromID":"1348737","toID":"1348740","formEdgeID":null},{"edgeID":"1766851","fromID":"1348740","toID":"1348736","formEdgeID":null},{"edgeID":"1766852","fromID":"1348728","toID":"1348741","formEdgeID":null},{"edgeID":"1766853","fromID":"1348741","toID":"1348737","formEdgeID":null},{"edgeID":"1766854","fromID":"1348744","toID":"1348743","formEdgeID":null},{"edgeID":"1766855","fromID":"1348745","toID":"1348744","formEdgeID":null},{"edgeID":"1766856","fromID":"1348743","toID":"1348746","formEdgeID":null},{"edgeID":"1766857","fromID":"1348746","toID":"1348742","formEdgeID":null},{"edgeID":"1766858","fromID":"1348749","toID":"1348748","formEdgeID":null},{"edgeID":"1766859","fromID":"1348750","toID":"1348749","formEdgeID":null},{"edgeID":"1766860","fromID":"1348748","toID":"1348751","formEdgeID":null},{"edgeID":"1766861","fromID":"1348751","toID":"1348747","formEdgeID":null},{"edgeID":"1766862","fromID":"1348747","toID":"1348752","formEdgeID":null},{"edgeID":"1766863","fromID":"1348752","toID":"1348742","formEdgeID":null},{"edgeID":"1766864","fromID":"1348737","toID":"1348753","formEdgeID":null},{"edgeID":"1766865","fromID":"1348753","toID":"1348743","formEdgeID":null},{"edgeID":"1766866","fromID":"1348743","toID":"1348754","formEdgeID":null},{"edgeID":"1766867","fromID":"1348754","toID":"1348748","formEdgeID":null},{"edgeID":"1766868","fromID":"1348754","toID":"1348755","formEdgeID":null},{"edgeID":"1766869","fromID":"1348755","toID":"1348752","formEdgeID":null},{"edgeID":"1766870","fromID":"1348758","toID":"1348757","formEdgeID":null},{"edgeID":"1766871","fromID":"1348759","toID":"1348758","formEdgeID":null},{"edgeID":"1766872","fromID":"1348757","toID":"1348760","formEdgeID":null},{"edgeID":"1766873","fromID":"1348760","toID":"1348756","formEdgeID":null},{"edgeID":"1766874","fromID":"1348756","toID":"1348761","formEdgeID":null},{"edgeID":"1766875","fromID":"1348761","toID":"1348742","formEdgeID":null},{"edgeID":"1766876","fromID":"1348743","toID":"1348762","formEdgeID":null},{"edgeID":"1766877","fromID":"1348762","toID":"1348757","formEdgeID":null},{"edgeID":"1766878","fromID":"1348762","toID":"1348763","formEdgeID":null},{"edgeID":"1766879","fromID":"1348763","toID":"1348761","formEdgeID":null},{"edgeID":"1766880","fromID":"1348766","toID":"1348765","formEdgeID":null},{"edgeID":"1766881","fromID":"1348767","toID":"1348766","formEdgeID":null},{"edgeID":"1766882","fromID":"1348765","toID":"1348768","formEdgeID":null},{"edgeID":"1766883","fromID":"1348768","toID":"1348764","formEdgeID":null},{"edgeID":"1766884","fromID":"1348756","toID":"1348769","formEdgeID":null},{"edgeID":"1766885","fromID":"1348769","toID":"1348764","formEdgeID":null},{"edgeID":"1766886","fromID":"1348757","toID":"1348770","formEdgeID":null},{"edgeID":"1766887","fromID":"1348770","toID":"1348765","formEdgeID":null},{"edgeID":"1766888","fromID":"1348770","toID":"1348771","formEdgeID":null},{"edgeID":"1766889","fromID":"1348771","toID":"1348769","formEdgeID":null},{"edgeID":"1766890","fromID":"1348774","toID":"1348773","formEdgeID":null},{"edgeID":"1766891","fromID":"1348775","toID":"1348774","formEdgeID":null},{"edgeID":"1766892","fromID":"1348773","toID":"1348776","formEdgeID":null},{"edgeID":"1766893","fromID":"1348776","toID":"1348772","formEdgeID":null},{"edgeID":"1766894","fromID":"1348779","toID":"1348778","formEdgeID":null},{"edgeID":"1766895","fromID":"1348780","toID":"1348779","formEdgeID":null},{"edgeID":"1766896","fromID":"1348778","toID":"1348781","formEdgeID":null},{"edgeID":"1766897","fromID":"1348781","toID":"1348777","formEdgeID":null},{"edgeID":"1766898","fromID":"1348777","toID":"1348782","formEdgeID":null},{"edgeID":"1766899","fromID":"1348782","toID":"1348772","formEdgeID":null},{"edgeID":"1766900","fromID":"1348773","toID":"1348783","formEdgeID":null},{"edgeID":"1766901","fromID":"1348783","toID":"1348778","formEdgeID":null},{"edgeID":"1766902","fromID":"1348783","toID":"1348784","formEdgeID":null},{"edgeID":"1766903","fromID":"1348784","toID":"1348782","formEdgeID":null},{"edgeID":"1766904","fromID":"1348765","toID":"1348785","formEdgeID":null},{"edgeID":"1766905","fromID":"1348785","toID":"1348773","formEdgeID":null},{"edgeID":"1766906","fromID":"1348772","toID":"1348786","formEdgeID":null},{"edgeID":"1766907","fromID":"1348786","toID":"1348764","formEdgeID":null},{"edgeID":"1766908","fromID":"1348785","toID":"1348787","formEdgeID":null},{"edgeID":"1766909","fromID":"1348787","toID":"1348786","formEdgeID":null},{"edgeID":"1766910","fromID":"1348790","toID":"1348789","formEdgeID":null},{"edgeID":"1766911","fromID":"1348791","toID":"1348790","formEdgeID":null},{"edgeID":"1766912","fromID":"1348789","toID":"1348792","formEdgeID":null},{"edgeID":"1766913","fromID":"1348792","toID":"1348788","formEdgeID":null},{"edgeID":"1766914","fromID":"1348795","toID":"1348794","formEdgeID":null},{"edgeID":"1766915","fromID":"1348796","toID":"1348795","formEdgeID":null},{"edgeID":"1766916","fromID":"1348794","toID":"1348797","formEdgeID":null},{"edgeID":"1766917","fromID":"1348797","toID":"1348793","formEdgeID":null},{"edgeID":"1766918","fromID":"1348793","toID":"1348798","formEdgeID":null},{"edgeID":"1766919","fromID":"1348798","toID":"1348788","formEdgeID":null},{"edgeID":"1766920","fromID":"1348789","toID":"1348799","formEdgeID":null},{"edgeID":"1766921","fromID":"1348799","toID":"1348794","formEdgeID":null},{"edgeID":"1766922","fromID":"1348799","toID":"1348800","formEdgeID":null},{"edgeID":"1766923","fromID":"1348800","toID":"1348798","formEdgeID":null},{"edgeID":"1766924","fromID":"1348788","toID":"1348801","formEdgeID":null},{"edgeID":"1766925","fromID":"1348801","toID":"1348777","formEdgeID":null},{"edgeID":"1766926","fromID":"1348778","toID":"1348802","formEdgeID":null},{"edgeID":"1766927","fromID":"1348802","toID":"1348789","formEdgeID":null},{"edgeID":"1766928","fromID":"1348802","toID":"1348803","formEdgeID":null},{"edgeID":"1766929","fromID":"1348803","toID":"1348801","formEdgeID":null},{"edgeID":"1766930","fromID":"1348806","toID":"1348805","formEdgeID":null},{"edgeID":"1766931","fromID":"1348807","toID":"1348806","formEdgeID":null},{"edgeID":"1766932","fromID":"1348805","toID":"1348808","formEdgeID":null},{"edgeID":"1766933","fromID":"1348808","toID":"1348804","formEdgeID":null},{"edgeID":"1766934","fromID":"1348811","toID":"1348810","formEdgeID":null},{"edgeID":"1766935","fromID":"1348812","toID":"1348811","formEdgeID":null},{"edgeID":"1766936","fromID":"1348810","toID":"1348813","formEdgeID":null},{"edgeID":"1766937","fromID":"1348813","toID":"1348809","formEdgeID":null},{"edgeID":"1766938","fromID":"1348816","toID":"1348815","formEdgeID":null},{"edgeID":"1766939","fromID":"1348817","toID":"1348816","formEdgeID":null},{"edgeID":"1766940","fromID":"1348815","toID":"1348818","formEdgeID":null},{"edgeID":"1766941","fromID":"1348818","toID":"1348814","formEdgeID":null},{"edgeID":"1766942","fromID":"1348809","toID":"1348819","formEdgeID":null},{"edgeID":"1766943","fromID":"1348819","toID":"1348804","formEdgeID":null},{"edgeID":"1766944","fromID":"1348814","toID":"1348819","formEdgeID":null},{"edgeID":"1766945","fromID":"1348805","toID":"1348820","formEdgeID":null},{"edgeID":"1766946","fromID":"1348820","toID":"1348810","formEdgeID":null},{"edgeID":"1766947","fromID":"1348805","toID":"1348821","formEdgeID":null},{"edgeID":"1766948","fromID":"1348821","toID":"1348815","formEdgeID":null},{"edgeID":"1766949","fromID":"1348821","toID":"1348822","formEdgeID":null},{"edgeID":"1766950","fromID":"1348822","toID":"1348819","formEdgeID":null},{"edgeID":"1766951","fromID":"1348794","toID":"1348823","formEdgeID":null},{"edgeID":"1766952","fromID":"1348823","toID":"1348805","formEdgeID":null}],"locutions":[]}