{"nodes":[{"nodeID":"1333995","text":"before the growth plan was announced, people were facing bills of \u00a35 to 6,000 a year","type":"I","timestamp":"2023-11-09 13:43:07"},{"nodeID":"1333996","text":"Douglas Ross: Before that was announced, people were facing bills of \u00a35 to 6,000 a year","type":"L","timestamp":"2023-11-09 13:43:07"},{"nodeID":"1333997","text":"Analysing","type":"YA","timestamp":"2023-11-09 13:43:07"},{"nodeID":"1333998","text":"Dominika: Douglas Ross: Before that was announced, people were facing bills of \u00a35 to 6,000 a year","type":"L","timestamp":"2023-11-09 13:43:07"},{"nodeID":"1333999","text":"Asserting","type":"YA","timestamp":"2023-11-09 13:43:07"},{"nodeID":"1334000","text":"the bills are now capped at \u00a32,500","type":"I","timestamp":"2023-11-09 13:43:08"},{"nodeID":"1334001","text":"Douglas Ross: It is now capped at \u00a32,500","type":"L","timestamp":"2023-11-09 13:43:08"},{"nodeID":"1334002","text":"Analysing","type":"YA","timestamp":"2023-11-09 13:43:08"},{"nodeID":"1334003","text":"Dominika: Douglas Ross: It is now capped at \u00a32,500","type":"L","timestamp":"2023-11-09 13:43:08"},{"nodeID":"1334004","text":"Asserting","type":"YA","timestamp":"2023-11-09 13:43:08"},{"nodeID":"1334005","text":"Douglas Ross knows that \u00a32,500 is still very high","type":"I","timestamp":"2023-11-09 13:43:08"},{"nodeID":"1334006","text":"Douglas Ross: I know that's still very high","type":"L","timestamp":"2023-11-09 13:43:08"},{"nodeID":"1334007","text":"Analysing","type":"YA","timestamp":"2023-11-09 13:43:08"},{"nodeID":"1334008","text":"Dominika: Douglas Ross: I know that's still very high","type":"L","timestamp":"2023-11-09 13:43:08"},{"nodeID":"1334009","text":"Asserting","type":"YA","timestamp":"2023-11-09 13:43:08"},{"nodeID":"1334010","text":"Douglas Ross knows that \u00a32,500 is too much for a lot of people","type":"I","timestamp":"2023-11-09 13:43:09"},{"nodeID":"1334011","text":"Douglas Ross: Too much for a lot of people","type":"L","timestamp":"2023-11-09 13:43:09"},{"nodeID":"1334012","text":"Analysing","type":"YA","timestamp":"2023-11-09 13:43:09"},{"nodeID":"1334013","text":"Dominika: Douglas Ross: Too much for a lot of people","type":"L","timestamp":"2023-11-09 13:43:09"},{"nodeID":"1334014","text":"Asserting","type":"YA","timestamp":"2023-11-09 13:43:09"},{"nodeID":"1334015","text":"it is the help that the Government have put in there that is important to families, to businesses, to communities, right across Scotland and the whole UK","type":"I","timestamp":"2023-11-09 13:43:10"},{"nodeID":"1334016","text":"Douglas Ross: it is the help that the Government have put in there that is important to families, to businesses, to communities, right across Scotland and the whole UK","type":"L","timestamp":"2023-11-09 13:43:10"},{"nodeID":"1334017","text":"Analysing","type":"YA","timestamp":"2023-11-09 13:43:10"},{"nodeID":"1334018","text":"Dominika: Douglas Ross: it is the help that the Government have put in there that is important to families, to businesses, to communities, right across Scotland and the whole UK","type":"L","timestamp":"2023-11-09 13:43:10"},{"nodeID":"1334019","text":"Asserting","type":"YA","timestamp":"2023-11-09 13:43:10"},{"nodeID":"1334020","text":"Douglas Ross thinks that help from the Government is vital","type":"I","timestamp":"2023-11-09 13:43:11"},{"nodeID":"1334021","text":"Douglas Ross: I think that is vital","type":"L","timestamp":"2023-11-09 13:43:11"},{"nodeID":"1334022","text":"Analysing","type":"YA","timestamp":"2023-11-09 13:43:11"},{"nodeID":"1334023","text":"Dominika: Douglas Ross: I think that is vital","type":"L","timestamp":"2023-11-09 13:43:11"},{"nodeID":"1334024","text":"Asserting","type":"YA","timestamp":"2023-11-09 13:43:11"},{"nodeID":"1334025","text":"Default Transition","type":"TA","timestamp":"2023-11-09 13:43:11"},{"nodeID":"1334026","text":"Default Transition","type":"TA","timestamp":"2023-11-09 13:43:11"},{"nodeID":"1334027","text":"Default Transition","type":"TA","timestamp":"2023-11-09 13:43:11"},{"nodeID":"1334028","text":"Default Rephrase","type":"MA","timestamp":"2023-11-09 13:43:11"},{"nodeID":"1334029","text":"Default Rephrase","type":"MA","timestamp":"2023-11-09 13:43:11"},{"nodeID":"1334030","text":"Restating","type":"YA","timestamp":"2023-11-09 13:43:11"},{"nodeID":"1334031","text":"Restating","type":"YA","timestamp":"2023-11-09 13:43:11"},{"nodeID":"1334032","text":"Default Transition","type":"TA","timestamp":"2023-11-09 13:43:11"},{"nodeID":"1334033","text":"Default Transition","type":"TA","timestamp":"2023-11-09 13:43:11"},{"nodeID":"1334034","text":"Default Rephrase","type":"MA","timestamp":"2023-11-09 13:43:11"},{"nodeID":"1334035","text":"Restating","type":"YA","timestamp":"2023-11-09 13:43:11"},{"nodeID":"1334036","text":"Default Conflict","type":"CA","timestamp":"2023-11-09 13:43:11"},{"nodeID":"1334037","text":"Disagreeing","type":"YA","timestamp":"2023-11-09 13:43:11"},{"nodeID":"1334038","text":"it is extraordinarily febrile at Westminster at the moment","type":"I","timestamp":"2023-11-09 13:43:11"},{"nodeID":"1334039","text":"Fiona Bruce: It is extraordinarily febrile at Westminster at the moment","type":"L","timestamp":"2023-11-09 13:43:11"},{"nodeID":"1334040","text":"Analysing","type":"YA","timestamp":"2023-11-09 13:43:11"},{"nodeID":"1334041","text":"Dominika: Fiona Bruce: It is extraordinarily febrile at Westminster at the moment","type":"L","timestamp":"2023-11-09 13:43:11"},{"nodeID":"1334042","text":"Asserting","type":"YA","timestamp":"2023-11-09 13:43:11"},{"nodeID":"1334043","text":"Douglas Ross was the first MP to say that Boris Johnson should go","type":"I","timestamp":"2023-11-09 13:43:12"},{"nodeID":"1334044","text":"Fiona Bruce: You were the first MP to say that Boris Johnson should go","type":"L","timestamp":"2023-11-09 13:43:12"},{"nodeID":"1334045","text":"Analysing","type":"YA","timestamp":"2023-11-09 13:43:12"},{"nodeID":"1334046","text":"Dominika: Fiona Bruce: You were the first MP to say that Boris Johnson should go","type":"L","timestamp":"2023-11-09 13:43:12"},{"nodeID":"1334047","text":"Asserting","type":"YA","timestamp":"2023-11-09 13:43:12"},{"nodeID":"1334048","text":"Default Transition","type":"TA","timestamp":"2023-11-09 13:43:12"},{"nodeID":"1334049","text":"Default Transition","type":"TA","timestamp":"2023-11-09 13:43:12"},{"nodeID":"1334050","text":"Douglas Ross does or does not want to go for the double tonight","type":"I","timestamp":"2023-11-09 13:43:13"},{"nodeID":"1334051","text":"Fiona Bruce: Do you want to go for the double tonight","type":"L","timestamp":"2023-11-09 13:43:13"},{"nodeID":"1334052","text":"Analysing","type":"YA","timestamp":"2023-11-09 13:43:13"},{"nodeID":"1334053","text":"Dominika: Fiona Bruce: Do you want to go for the double tonight","type":"L","timestamp":"2023-11-09 13:43:13"},{"nodeID":"1334054","text":"Pure Questioning","type":"YA","timestamp":"2023-11-09 13:43:13"},{"nodeID":"1334055","text":"Default Transition","type":"TA","timestamp":"2023-11-09 13:43:13"},{"nodeID":"1334056","text":"Douglas Ross does not want to go for the double tonight","type":"I","timestamp":"2023-11-09 13:43:13"},{"nodeID":"1334057","text":"Douglas Ross: No, I don't","type":"L","timestamp":"2023-11-09 13:43:13"},{"nodeID":"1334058","text":"Analysing","type":"YA","timestamp":"2023-11-09 13:43:13"},{"nodeID":"1334059","text":"Dominika: Douglas Ross: No, I don't","type":"L","timestamp":"2023-11-09 13:43:13"},{"nodeID":"1334060","text":"Asserting","type":"YA","timestamp":"2023-11-09 13:43:13"},{"nodeID":"1334061","text":"Default Transition","type":"TA","timestamp":"2023-11-09 13:43:13"},{"nodeID":"1334062","text":"Default Rephrase","type":"MA","timestamp":"2023-11-09 13:43:13"},{"nodeID":"1334063","text":"Default Illocuting","type":"YA","timestamp":"2023-11-09 13:43:13"},{"nodeID":"1334064","text":"Liz Truss has been Prime Minister six weeks","type":"I","timestamp":"2023-11-09 13:43:14"},{"nodeID":"1334065","text":"Douglas Ross: She has been Prime Minister six weeks","type":"L","timestamp":"2023-11-09 13:43:14"},{"nodeID":"1334066","text":"Analysing","type":"YA","timestamp":"2023-11-09 13:43:14"},{"nodeID":"1334067","text":"Dominika: Douglas Ross: She has been Prime Minister six weeks","type":"L","timestamp":"2023-11-09 13:43:14"},{"nodeID":"1334068","text":"Asserting","type":"YA","timestamp":"2023-11-09 13:43:14"},{"nodeID":"1334069","text":"a lot has happened in the time that Liz Truss has been Prime Minister","type":"I","timestamp":"2023-11-09 13:43:15"},{"nodeID":"1334070","text":"Douglas Ross: A lot has happened in that time","type":"L","timestamp":"2023-11-09 13:43:15"},{"nodeID":"1334071","text":"Analysing","type":"YA","timestamp":"2023-11-09 13:43:15"},{"nodeID":"1334072","text":"Dominika: Douglas Ross: A lot has happened in that time","type":"L","timestamp":"2023-11-09 13:43:15"},{"nodeID":"1334073","text":"Asserting","type":"YA","timestamp":"2023-11-09 13:43:15"},{"nodeID":"1334074","text":"Default Inference","type":"RA","timestamp":"2023-11-09 13:43:15"},{"nodeID":"1334075","text":"Default Transition","type":"TA","timestamp":"2023-11-09 13:43:15"},{"nodeID":"1334076","text":"Default Transition","type":"TA","timestamp":"2023-11-09 13:43:15"},{"nodeID":"1334077","text":"Arguing","type":"YA","timestamp":"2023-11-09 13:43:15"}],"edges":[{"edgeID":"1749202","fromID":"1333997","toID":"1333996","formEdgeID":null},{"edgeID":"1749203","fromID":"1333998","toID":"1333997","formEdgeID":null},{"edgeID":"1749204","fromID":"1333996","toID":"1333999","formEdgeID":null},{"edgeID":"1749205","fromID":"1333999","toID":"1333995","formEdgeID":null},{"edgeID":"1749206","fromID":"1334002","toID":"1334001","formEdgeID":null},{"edgeID":"1749207","fromID":"1334003","toID":"1334002","formEdgeID":null},{"edgeID":"1749208","fromID":"1334001","toID":"1334004","formEdgeID":null},{"edgeID":"1749209","fromID":"1334004","toID":"1334000","formEdgeID":null},{"edgeID":"1749210","fromID":"1334007","toID":"1334006","formEdgeID":null},{"edgeID":"1749211","fromID":"1334008","toID":"1334007","formEdgeID":null},{"edgeID":"1749212","fromID":"1334006","toID":"1334009","formEdgeID":null},{"edgeID":"1749213","fromID":"1334009","toID":"1334005","formEdgeID":null},{"edgeID":"1749214","fromID":"1334012","toID":"1334011","formEdgeID":null},{"edgeID":"1749215","fromID":"1334013","toID":"1334012","formEdgeID":null},{"edgeID":"1749216","fromID":"1334011","toID":"1334014","formEdgeID":null},{"edgeID":"1749217","fromID":"1334014","toID":"1334010","formEdgeID":null},{"edgeID":"1749218","fromID":"1334017","toID":"1334016","formEdgeID":null},{"edgeID":"1749219","fromID":"1334018","toID":"1334017","formEdgeID":null},{"edgeID":"1749220","fromID":"1334016","toID":"1334019","formEdgeID":null},{"edgeID":"1749221","fromID":"1334019","toID":"1334015","formEdgeID":null},{"edgeID":"1749222","fromID":"1334022","toID":"1334021","formEdgeID":null},{"edgeID":"1749223","fromID":"1334023","toID":"1334022","formEdgeID":null},{"edgeID":"1749224","fromID":"1334021","toID":"1334024","formEdgeID":null},{"edgeID":"1749225","fromID":"1334024","toID":"1334020","formEdgeID":null},{"edgeID":"1749226","fromID":"1333996","toID":"1334025","formEdgeID":null},{"edgeID":"1749227","fromID":"1334025","toID":"1334001","formEdgeID":null},{"edgeID":"1749228","fromID":"1334001","toID":"1334026","formEdgeID":null},{"edgeID":"1749229","fromID":"1334026","toID":"1334006","formEdgeID":null},{"edgeID":"1749230","fromID":"1334006","toID":"1334027","formEdgeID":null},{"edgeID":"1749231","fromID":"1334027","toID":"1334011","formEdgeID":null},{"edgeID":"1749232","fromID":"1334010","toID":"1334028","formEdgeID":null},{"edgeID":"1749233","fromID":"1334028","toID":"1334005","formEdgeID":null},{"edgeID":"1749234","fromID":"1334005","toID":"1334029","formEdgeID":null},{"edgeID":"1749235","fromID":"1334029","toID":"1334000","formEdgeID":null},{"edgeID":"1749236","fromID":"1334026","toID":"1334030","formEdgeID":null},{"edgeID":"1749237","fromID":"1334030","toID":"1334029","formEdgeID":null},{"edgeID":"1749238","fromID":"1334027","toID":"1334031","formEdgeID":null},{"edgeID":"1749239","fromID":"1334031","toID":"1334028","formEdgeID":null},{"edgeID":"1749240","fromID":"1334011","toID":"1334032","formEdgeID":null},{"edgeID":"1749241","fromID":"1334032","toID":"1334016","formEdgeID":null},{"edgeID":"1749242","fromID":"1334016","toID":"1334033","formEdgeID":null},{"edgeID":"1749243","fromID":"1334033","toID":"1334021","formEdgeID":null},{"edgeID":"1749244","fromID":"1334020","toID":"1334034","formEdgeID":null},{"edgeID":"1749245","fromID":"1334034","toID":"1334015","formEdgeID":null},{"edgeID":"1749246","fromID":"1334033","toID":"1334035","formEdgeID":null},{"edgeID":"1749247","fromID":"1334035","toID":"1334034","formEdgeID":null},{"edgeID":"1749248","fromID":"1334015","toID":"1334036","formEdgeID":null},{"edgeID":"1749249","fromID":"1334036","toID":"1334010","formEdgeID":null},{"edgeID":"1749250","fromID":"1334032","toID":"1334037","formEdgeID":null},{"edgeID":"1749251","fromID":"1334037","toID":"1334036","formEdgeID":null},{"edgeID":"1749252","fromID":"1334040","toID":"1334039","formEdgeID":null},{"edgeID":"1749253","fromID":"1334041","toID":"1334040","formEdgeID":null},{"edgeID":"1749254","fromID":"1334039","toID":"1334042","formEdgeID":null},{"edgeID":"1749255","fromID":"1334042","toID":"1334038","formEdgeID":null},{"edgeID":"1749256","fromID":"1334045","toID":"1334044","formEdgeID":null},{"edgeID":"1749257","fromID":"1334046","toID":"1334045","formEdgeID":null},{"edgeID":"1749258","fromID":"1334044","toID":"1334047","formEdgeID":null},{"edgeID":"1749259","fromID":"1334047","toID":"1334043","formEdgeID":null},{"edgeID":"1749260","fromID":"1334021","toID":"1334048","formEdgeID":null},{"edgeID":"1749261","fromID":"1334048","toID":"1334039","formEdgeID":null},{"edgeID":"1749262","fromID":"1334039","toID":"1334049","formEdgeID":null},{"edgeID":"1749263","fromID":"1334049","toID":"1334044","formEdgeID":null},{"edgeID":"1749264","fromID":"1334052","toID":"1334051","formEdgeID":null},{"edgeID":"1749265","fromID":"1334053","toID":"1334052","formEdgeID":null},{"edgeID":"1749266","fromID":"1334051","toID":"1334054","formEdgeID":null},{"edgeID":"1749267","fromID":"1334054","toID":"1334050","formEdgeID":null},{"edgeID":"1749268","fromID":"1334044","toID":"1334055","formEdgeID":null},{"edgeID":"1749269","fromID":"1334055","toID":"1334051","formEdgeID":null},{"edgeID":"1749270","fromID":"1334058","toID":"1334057","formEdgeID":null},{"edgeID":"1749271","fromID":"1334059","toID":"1334058","formEdgeID":null},{"edgeID":"1749272","fromID":"1334057","toID":"1334060","formEdgeID":null},{"edgeID":"1749273","fromID":"1334060","toID":"1334056","formEdgeID":null},{"edgeID":"1749274","fromID":"1334051","toID":"1334061","formEdgeID":null},{"edgeID":"1749275","fromID":"1334061","toID":"1334057","formEdgeID":null},{"edgeID":"1749276","fromID":"1334056","toID":"1334062","formEdgeID":null},{"edgeID":"1749277","fromID":"1334062","toID":"1334050","formEdgeID":null},{"edgeID":"1749278","fromID":"1334061","toID":"1334063","formEdgeID":null},{"edgeID":"1749279","fromID":"1334063","toID":"1334062","formEdgeID":null},{"edgeID":"1749280","fromID":"1334066","toID":"1334065","formEdgeID":null},{"edgeID":"1749281","fromID":"1334067","toID":"1334066","formEdgeID":null},{"edgeID":"1749282","fromID":"1334065","toID":"1334068","formEdgeID":null},{"edgeID":"1749283","fromID":"1334068","toID":"1334064","formEdgeID":null},{"edgeID":"1749284","fromID":"1334071","toID":"1334070","formEdgeID":null},{"edgeID":"1749285","fromID":"1334072","toID":"1334071","formEdgeID":null},{"edgeID":"1749286","fromID":"1334070","toID":"1334073","formEdgeID":null},{"edgeID":"1749287","fromID":"1334073","toID":"1334069","formEdgeID":null},{"edgeID":"1749288","fromID":"1334069","toID":"1334074","formEdgeID":null},{"edgeID":"1749289","fromID":"1334074","toID":"1334056","formEdgeID":null},{"edgeID":"1749290","fromID":"1334064","toID":"1334074","formEdgeID":null},{"edgeID":"1749291","fromID":"1334057","toID":"1334075","formEdgeID":null},{"edgeID":"1749292","fromID":"1334075","toID":"1334070","formEdgeID":null},{"edgeID":"1749293","fromID":"1334057","toID":"1334076","formEdgeID":null},{"edgeID":"1749294","fromID":"1334076","toID":"1334065","formEdgeID":null},{"edgeID":"1749295","fromID":"1334075","toID":"1334077","formEdgeID":null},{"edgeID":"1749296","fromID":"1334077","toID":"1334074","formEdgeID":null}],"locutions":[]}