{"nodes":[{"nodeID":"1334364","text":"the rises in mortgage rates have economic consequences","type":"I","timestamp":"2023-11-09 13:43:46"},{"nodeID":"1334365","text":"John Swinney: and its economic consequences","type":"L","timestamp":"2023-11-09 13:43:46"},{"nodeID":"1334366","text":"Analysing","type":"YA","timestamp":"2023-11-09 13:43:46"},{"nodeID":"1334367","text":"Lara: John Swinney: and its economic consequences","type":"L","timestamp":"2023-11-09 13:43:46"},{"nodeID":"1334368","text":"Asserting","type":"YA","timestamp":"2023-11-09 13:43:46"},{"nodeID":"1334369","text":"according to news out of Downing Street the mini budget is going to be unpicked if not reversed","type":"I","timestamp":"2023-11-09 13:43:46"},{"nodeID":"1334370","text":"John Swinney: I was listening to news seeping out of Downing Street to say the mini budget is going to be unpicked if not reversed","type":"L","timestamp":"2023-11-09 13:43:46"},{"nodeID":"1334371","text":"Analysing","type":"YA","timestamp":"2023-11-09 13:43:46"},{"nodeID":"1334372","text":"Lara: John Swinney: I was listening to news seeping out of Downing Street to say the mini budget is going to be unpicked if not reversed","type":"L","timestamp":"2023-11-09 13:43:46"},{"nodeID":"1334373","text":"Asserting","type":"YA","timestamp":"2023-11-09 13:43:46"},{"nodeID":"1334374","text":"the mini budget being unpicked or reversed is of colossal damage to people","type":"I","timestamp":"2023-11-09 13:43:47"},{"nodeID":"1334375","text":"John Swinney:  that is of colossal damage to people","type":"L","timestamp":"2023-11-09 13:43:47"},{"nodeID":"1334376","text":"Analysing","type":"YA","timestamp":"2023-11-09 13:43:47"},{"nodeID":"1334377","text":"Lara: John Swinney:  that is of colossal damage to people","type":"L","timestamp":"2023-11-09 13:43:47"},{"nodeID":"1334378","text":"Asserting","type":"YA","timestamp":"2023-11-09 13:43:47"},{"nodeID":"1334379","text":"the whole process is of colossal damage","type":"I","timestamp":"2023-11-09 13:43:48"},{"nodeID":"1334380","text":"John Swinney: the whole process is of colossal damage","type":"L","timestamp":"2023-11-09 13:43:48"},{"nodeID":"1334381","text":"Analysing","type":"YA","timestamp":"2023-11-09 13:43:48"},{"nodeID":"1334382","text":"Lara: John Swinney: the whole process is of colossal damage","type":"L","timestamp":"2023-11-09 13:43:48"},{"nodeID":"1334383","text":"Asserting","type":"YA","timestamp":"2023-11-09 13:43:48"},{"nodeID":"1334384","text":"the mini budget should be unpicked","type":"I","timestamp":"2023-11-09 13:43:49"},{"nodeID":"1334385","text":"John Swinney: I hope the mini budget is unpicked","type":"L","timestamp":"2023-11-09 13:43:49"},{"nodeID":"1334386","text":"Analysing","type":"YA","timestamp":"2023-11-09 13:43:49"},{"nodeID":"1334387","text":"Lara: John Swinney: I hope the mini budget is unpicked","type":"L","timestamp":"2023-11-09 13:43:49"},{"nodeID":"1334388","text":"Asserting","type":"YA","timestamp":"2023-11-09 13:43:49"},{"nodeID":"1334389","text":"the mini budget is\u00a0unsustainable","type":"I","timestamp":"2023-11-09 13:43:50"},{"nodeID":"1334390","text":"John Swinney: it is\u00a0unsustainable","type":"L","timestamp":"2023-11-09 13:43:50"},{"nodeID":"1334391","text":"Analysing","type":"YA","timestamp":"2023-11-09 13:43:50"},{"nodeID":"1334392","text":"Lara: John Swinney: it is\u00a0unsustainable","type":"L","timestamp":"2023-11-09 13:43:50"},{"nodeID":"1334393","text":"Asserting","type":"YA","timestamp":"2023-11-09 13:43:50"},{"nodeID":"1334394","text":"Default Transition","type":"TA","timestamp":"2023-11-09 13:43:50"},{"nodeID":"1334395","text":"Default Conflict","type":"CA","timestamp":"2023-11-09 13:43:50"},{"nodeID":"1334396","text":"Default Transition","type":"TA","timestamp":"2023-11-09 13:43:50"},{"nodeID":"1334397","text":"Disagreeing","type":"YA","timestamp":"2023-11-09 13:43:50"},{"nodeID":"1334398","text":"Default Transition","type":"TA","timestamp":"2023-11-09 13:43:50"},{"nodeID":"1334399","text":"Default Rephrase","type":"MA","timestamp":"2023-11-09 13:43:50"},{"nodeID":"1334400","text":"Restating","type":"YA","timestamp":"2023-11-09 13:43:50"},{"nodeID":"1334401","text":"Default Inference","type":"RA","timestamp":"2023-11-09 13:43:50"},{"nodeID":"1334402","text":"Default Transition","type":"TA","timestamp":"2023-11-09 13:43:50"},{"nodeID":"1334403","text":"Arguing","type":"YA","timestamp":"2023-11-09 13:43:50"},{"nodeID":"1334404","text":"Default Conflict","type":"CA","timestamp":"2023-11-09 13:43:50"},{"nodeID":"1334405","text":"Default Transition","type":"TA","timestamp":"2023-11-09 13:43:50"},{"nodeID":"1334406","text":"Disagreeing","type":"YA","timestamp":"2023-11-09 13:43:50"},{"nodeID":"1334407","text":"people will lose their homes","type":"I","timestamp":"2023-11-09 13:43:51"},{"nodeID":"1334408","text":"John Swinney: People will lose their homes","type":"L","timestamp":"2023-11-09 13:43:51"},{"nodeID":"1334409","text":"Analysing","type":"YA","timestamp":"2023-11-09 13:43:51"},{"nodeID":"1334410","text":"Lara: John Swinney: People will lose their homes","type":"L","timestamp":"2023-11-09 13:43:51"},{"nodeID":"1334411","text":"Asserting","type":"YA","timestamp":"2023-11-09 13:43:51"},{"nodeID":"1334412","text":"there are rises in mortgage rates","type":"I","timestamp":"2023-11-09 13:43:51"},{"nodeID":"1334413","text":"John Swinney:  rises in mortgage rates","type":"L","timestamp":"2023-11-09 13:43:51"},{"nodeID":"1334414","text":"Analysing","type":"YA","timestamp":"2023-11-09 13:43:51"},{"nodeID":"1334415","text":"Lara: John Swinney:  rises in mortgage rates","type":"L","timestamp":"2023-11-09 13:43:51"},{"nodeID":"1334416","text":"Asserting","type":"YA","timestamp":"2023-11-09 13:43:51"},{"nodeID":"1334417","text":"Default Inference","type":"RA","timestamp":"2023-11-09 13:43:51"},{"nodeID":"1334418","text":"Default Transition","type":"TA","timestamp":"2023-11-09 13:43:51"},{"nodeID":"1334419","text":"Default Transition","type":"TA","timestamp":"2023-11-09 13:43:51"},{"nodeID":"1334420","text":"Arguing","type":"YA","timestamp":"2023-11-09 13:43:51"},{"nodeID":"1334421","text":"the Conservative Party have put the economic prospects of every citizen of our country in jeopardy","type":"I","timestamp":"2023-11-09 13:43:52"},{"nodeID":"1334422","text":"John Swinney: The Conservative Party have put the economic prospects of every citizen of our country in jeopardy","type":"L","timestamp":"2023-11-09 13:43:52"},{"nodeID":"1334423","text":"Analysing","type":"YA","timestamp":"2023-11-09 13:43:52"},{"nodeID":"1334424","text":"Lara: John Swinney: The Conservative Party have put the economic prospects of every citizen of our country in jeopardy","type":"L","timestamp":"2023-11-09 13:43:52"},{"nodeID":"1334425","text":"Asserting","type":"YA","timestamp":"2023-11-09 13:43:52"},{"nodeID":"1334426","text":"Default Transition","type":"TA","timestamp":"2023-11-09 13:43:52"},{"nodeID":"1334427","text":"the Conservative Party presided over the economic folly a couple of weeks ago","type":"I","timestamp":"2023-11-09 13:43:53"},{"nodeID":"1334428","text":"John Swinney: the economic folly they presided over a couple of weeks ago","type":"L","timestamp":"2023-11-09 13:43:53"},{"nodeID":"1334429","text":"Analysing","type":"YA","timestamp":"2023-11-09 13:43:53"},{"nodeID":"1334430","text":"Lara: John Swinney: the economic folly they presided over a couple of weeks ago","type":"L","timestamp":"2023-11-09 13:43:53"},{"nodeID":"1334431","text":"Asserting","type":"YA","timestamp":"2023-11-09 13:43:53"},{"nodeID":"1334432","text":"Default Transition","type":"TA","timestamp":"2023-11-09 13:43:53"},{"nodeID":"1334433","text":"Default Inference","type":"RA","timestamp":"2023-11-09 13:43:53"},{"nodeID":"1334434","text":"Arguing","type":"YA","timestamp":"2023-11-09 13:43:53"}],"edges":[{"edgeID":"1749634","fromID":"1334366","toID":"1334365","formEdgeID":null},{"edgeID":"1749635","fromID":"1334367","toID":"1334366","formEdgeID":null},{"edgeID":"1749636","fromID":"1334365","toID":"1334368","formEdgeID":null},{"edgeID":"1749637","fromID":"1334368","toID":"1334364","formEdgeID":null},{"edgeID":"1749638","fromID":"1334371","toID":"1334370","formEdgeID":null},{"edgeID":"1749639","fromID":"1334372","toID":"1334371","formEdgeID":null},{"edgeID":"1749640","fromID":"1334370","toID":"1334373","formEdgeID":null},{"edgeID":"1749641","fromID":"1334373","toID":"1334369","formEdgeID":null},{"edgeID":"1749642","fromID":"1334376","toID":"1334375","formEdgeID":null},{"edgeID":"1749643","fromID":"1334377","toID":"1334376","formEdgeID":null},{"edgeID":"1749644","fromID":"1334375","toID":"1334378","formEdgeID":null},{"edgeID":"1749645","fromID":"1334378","toID":"1334374","formEdgeID":null},{"edgeID":"1749646","fromID":"1334381","toID":"1334380","formEdgeID":null},{"edgeID":"1749647","fromID":"1334382","toID":"1334381","formEdgeID":null},{"edgeID":"1749648","fromID":"1334380","toID":"1334383","formEdgeID":null},{"edgeID":"1749649","fromID":"1334383","toID":"1334379","formEdgeID":null},{"edgeID":"1749650","fromID":"1334386","toID":"1334385","formEdgeID":null},{"edgeID":"1749651","fromID":"1334387","toID":"1334386","formEdgeID":null},{"edgeID":"1749652","fromID":"1334385","toID":"1334388","formEdgeID":null},{"edgeID":"1749653","fromID":"1334388","toID":"1334384","formEdgeID":null},{"edgeID":"1749654","fromID":"1334391","toID":"1334390","formEdgeID":null},{"edgeID":"1749655","fromID":"1334392","toID":"1334391","formEdgeID":null},{"edgeID":"1749656","fromID":"1334390","toID":"1334393","formEdgeID":null},{"edgeID":"1749657","fromID":"1334393","toID":"1334389","formEdgeID":null},{"edgeID":"1749658","fromID":"1334365","toID":"1334394","formEdgeID":null},{"edgeID":"1749659","fromID":"1334394","toID":"1334370","formEdgeID":null},{"edgeID":"1749660","fromID":"1334374","toID":"1334395","formEdgeID":null},{"edgeID":"1749661","fromID":"1334395","toID":"1334369","formEdgeID":null},{"edgeID":"1749662","fromID":"1334370","toID":"1334396","formEdgeID":null},{"edgeID":"1749663","fromID":"1334396","toID":"1334375","formEdgeID":null},{"edgeID":"1749664","fromID":"1334396","toID":"1334397","formEdgeID":null},{"edgeID":"1749665","fromID":"1334397","toID":"1334395","formEdgeID":null},{"edgeID":"1749666","fromID":"1334375","toID":"1334398","formEdgeID":null},{"edgeID":"1749667","fromID":"1334398","toID":"1334380","formEdgeID":null},{"edgeID":"1749668","fromID":"1334379","toID":"1334399","formEdgeID":null},{"edgeID":"1749669","fromID":"1334399","toID":"1334374","formEdgeID":null},{"edgeID":"1749670","fromID":"1334398","toID":"1334400","formEdgeID":null},{"edgeID":"1749671","fromID":"1334400","toID":"1334399","formEdgeID":null},{"edgeID":"1749672","fromID":"1334389","toID":"1334401","formEdgeID":null},{"edgeID":"1749673","fromID":"1334401","toID":"1334384","formEdgeID":null},{"edgeID":"1749674","fromID":"1334385","toID":"1334402","formEdgeID":null},{"edgeID":"1749675","fromID":"1334402","toID":"1334390","formEdgeID":null},{"edgeID":"1749676","fromID":"1334402","toID":"1334403","formEdgeID":null},{"edgeID":"1749677","fromID":"1334403","toID":"1334401","formEdgeID":null},{"edgeID":"1749678","fromID":"1334384","toID":"1334404","formEdgeID":null},{"edgeID":"1749679","fromID":"1334404","toID":"1334374","formEdgeID":null},{"edgeID":"1749680","fromID":"1334375","toID":"1334405","formEdgeID":null},{"edgeID":"1749681","fromID":"1334405","toID":"1334385","formEdgeID":null},{"edgeID":"1749682","fromID":"1334405","toID":"1334406","formEdgeID":null},{"edgeID":"1749683","fromID":"1334406","toID":"1334404","formEdgeID":null},{"edgeID":"1749684","fromID":"1334409","toID":"1334408","formEdgeID":null},{"edgeID":"1749685","fromID":"1334410","toID":"1334409","formEdgeID":null},{"edgeID":"1749686","fromID":"1334408","toID":"1334411","formEdgeID":null},{"edgeID":"1749687","fromID":"1334411","toID":"1334407","formEdgeID":null},{"edgeID":"1749688","fromID":"1334414","toID":"1334413","formEdgeID":null},{"edgeID":"1749689","fromID":"1334415","toID":"1334414","formEdgeID":null},{"edgeID":"1749690","fromID":"1334413","toID":"1334416","formEdgeID":null},{"edgeID":"1749691","fromID":"1334416","toID":"1334412","formEdgeID":null},{"edgeID":"1749692","fromID":"1334364","toID":"1334417","formEdgeID":null},{"edgeID":"1749693","fromID":"1334417","toID":"1334407","formEdgeID":null},{"edgeID":"1749694","fromID":"1334412","toID":"1334417","formEdgeID":null},{"edgeID":"1749695","fromID":"1334408","toID":"1334418","formEdgeID":null},{"edgeID":"1749696","fromID":"1334418","toID":"1334365","formEdgeID":null},{"edgeID":"1749697","fromID":"1334413","toID":"1334419","formEdgeID":null},{"edgeID":"1749698","fromID":"1334419","toID":"1334365","formEdgeID":null},{"edgeID":"1749699","fromID":"1334419","toID":"1334420","formEdgeID":null},{"edgeID":"1749700","fromID":"1334420","toID":"1334417","formEdgeID":null},{"edgeID":"1749701","fromID":"1334423","toID":"1334422","formEdgeID":null},{"edgeID":"1749702","fromID":"1334424","toID":"1334423","formEdgeID":null},{"edgeID":"1749703","fromID":"1334422","toID":"1334425","formEdgeID":null},{"edgeID":"1749704","fromID":"1334425","toID":"1334421","formEdgeID":null},{"edgeID":"1749705","fromID":"1334390","toID":"1334426","formEdgeID":null},{"edgeID":"1749706","fromID":"1334426","toID":"1334422","formEdgeID":null},{"edgeID":"1749707","fromID":"1334429","toID":"1334428","formEdgeID":null},{"edgeID":"1749708","fromID":"1334430","toID":"1334429","formEdgeID":null},{"edgeID":"1749709","fromID":"1334428","toID":"1334431","formEdgeID":null},{"edgeID":"1749710","fromID":"1334431","toID":"1334427","formEdgeID":null},{"edgeID":"1749711","fromID":"1334422","toID":"1334432","formEdgeID":null},{"edgeID":"1749712","fromID":"1334432","toID":"1334428","formEdgeID":null},{"edgeID":"1749713","fromID":"1334427","toID":"1334433","formEdgeID":null},{"edgeID":"1749714","fromID":"1334433","toID":"1334421","formEdgeID":null},{"edgeID":"1749715","fromID":"1334432","toID":"1334434","formEdgeID":null},{"edgeID":"1749716","fromID":"1334434","toID":"1334433","formEdgeID":null}],"locutions":[]}