{"nodes":[{"nodeID":"1334792","text":"unionist politicians are or are not afraid of a second independence referendum","type":"I","timestamp":"2023-11-09 13:44:24"},{"nodeID":"1334793","text":"AudienceMember 20221020QT17: Are unionist politicians afraid of a second independence referendum","type":"L","timestamp":"2023-11-09 13:44:24"},{"nodeID":"1334794","text":"Analysing","type":"YA","timestamp":"2023-11-09 13:44:24"},{"nodeID":"1334795","text":"Anon: AudienceMember 20221020QT17: Are unionist politicians afraid of a second independence referendum","type":"L","timestamp":"2023-11-09 13:44:24"},{"nodeID":"1334796","text":"Pure Questioning","type":"YA","timestamp":"2023-11-09 13:44:24"},{"nodeID":"1334797","text":"the unionist position on a second referendum is xxx","type":"I","timestamp":"2023-11-09 13:44:25"},{"nodeID":"1334798","text":"Fiona Bruce: Let's start with the unionist position","type":"L","timestamp":"2023-11-09 13:44:25"},{"nodeID":"1334799","text":"Analysing","type":"YA","timestamp":"2023-11-09 13:44:25"},{"nodeID":"1334800","text":"Anon: Fiona Bruce: Let's start with the unionist position","type":"L","timestamp":"2023-11-09 13:44:25"},{"nodeID":"1334801","text":"Pure Questioning","type":"YA","timestamp":"2023-11-09 13:44:25"},{"nodeID":"1334802","text":"Default Transition","type":"TA","timestamp":"2023-11-09 13:44:25"},{"nodeID":"1334803","text":"Default Rephrase","type":"MA","timestamp":"2023-11-09 13:44:25"},{"nodeID":"1334804","text":"Restating","type":"YA","timestamp":"2023-11-09 13:44:25"},{"nodeID":"1334805","text":"it is right to establish the legal basis of any referendum","type":"I","timestamp":"2023-11-09 13:44:26"},{"nodeID":"1334806","text":"Anas Sarwar: it is right to establish the legal basis of any referendum","type":"L","timestamp":"2023-11-09 13:44:26"},{"nodeID":"1334807","text":"Analysing","type":"YA","timestamp":"2023-11-09 13:44:26"},{"nodeID":"1334808","text":"Anon: Anas Sarwar: it is right to establish the legal basis of any referendum","type":"L","timestamp":"2023-11-09 13:44:26"},{"nodeID":"1334809","text":"Asserting","type":"YA","timestamp":"2023-11-09 13:44:26"},{"nodeID":"1334810","text":"the right thing to do is to establish the legal basis of any referendum","type":"I","timestamp":"2023-11-09 13:44:26"},{"nodeID":"1334811","text":"Anas Sarwar: that's the right thing to do","type":"L","timestamp":"2023-11-09 13:44:26"},{"nodeID":"1334812","text":"Analysing","type":"YA","timestamp":"2023-11-09 13:44:26"},{"nodeID":"1334813","text":"Anon: Anas Sarwar: that's the right thing to do","type":"L","timestamp":"2023-11-09 13:44:26"},{"nodeID":"1334814","text":"Asserting","type":"YA","timestamp":"2023-11-09 13:44:26"},{"nodeID":"1334815","text":"Default Transition","type":"TA","timestamp":"2023-11-09 13:44:26"},{"nodeID":"1334816","text":"Default Rephrase","type":"MA","timestamp":"2023-11-09 13:44:26"},{"nodeID":"1334817","text":"Restating","type":"YA","timestamp":"2023-11-09 13:44:26"},{"nodeID":"1334818","text":"the responsible thing to do is to establish the legal basis of any referendum","type":"I","timestamp":"2023-11-09 13:44:27"},{"nodeID":"1334819","text":"Anas Sarwar: the responsible thing to do","type":"L","timestamp":"2023-11-09 13:44:27"},{"nodeID":"1334820","text":"Analysing","type":"YA","timestamp":"2023-11-09 13:44:27"},{"nodeID":"1334821","text":"Anon: Anas Sarwar: the responsible thing to do","type":"L","timestamp":"2023-11-09 13:44:27"},{"nodeID":"1334822","text":"Asserting","type":"YA","timestamp":"2023-11-09 13:44:27"},{"nodeID":"1334823","text":"Default Transition","type":"TA","timestamp":"2023-11-09 13:44:27"},{"nodeID":"1334824","text":"Default Rephrase","type":"MA","timestamp":"2023-11-09 13:44:27"},{"nodeID":"1334825","text":"Restating","type":"YA","timestamp":"2023-11-09 13:44:27"},{"nodeID":"1334826","text":"you can't ignore the timing of any referendum as well","type":"I","timestamp":"2023-11-09 13:44:28"},{"nodeID":"1334827","text":"Anas Sarwar: you can't ignore the timing of any referendum as well","type":"L","timestamp":"2023-11-09 13:44:28"},{"nodeID":"1334828","text":"Analysing","type":"YA","timestamp":"2023-11-09 13:44:28"},{"nodeID":"1334829","text":"Anon: Anas Sarwar: you can't ignore the timing of any referendum as well","type":"L","timestamp":"2023-11-09 13:44:28"},{"nodeID":"1334830","text":"Asserting","type":"YA","timestamp":"2023-11-09 13:44:28"},{"nodeID":"1334831","text":"Default Transition","type":"TA","timestamp":"2023-11-09 13:44:28"},{"nodeID":"1334832","text":"Default Conflict","type":"CA","timestamp":"2023-11-09 13:44:28"},{"nodeID":"1334833","text":"Disagreeing","type":"YA","timestamp":"2023-11-09 13:44:28"},{"nodeID":"1334834","text":"right now, less than a third of the people want a referendum next year","type":"I","timestamp":"2023-11-09 13:44:28"},{"nodeID":"1334835","text":"Anas Sarwar: Right now, less than a third of the people want a referendum next year","type":"L","timestamp":"2023-11-09 13:44:28"},{"nodeID":"1334836","text":"Analysing","type":"YA","timestamp":"2023-11-09 13:44:28"},{"nodeID":"1334837","text":"Anon: Anas Sarwar: Right now, less than a third of the people want a referendum next year","type":"L","timestamp":"2023-11-09 13:44:28"},{"nodeID":"1334838","text":"Asserting","type":"YA","timestamp":"2023-11-09 13:44:28"},{"nodeID":"1334839","text":"there's not a majority in this country that supports independence","type":"I","timestamp":"2023-11-09 13:44:29"},{"nodeID":"1334840","text":"Anas Sarwar: There's not a majority in this country that supports independence","type":"L","timestamp":"2023-11-09 13:44:29"},{"nodeID":"1334841","text":"Analysing","type":"YA","timestamp":"2023-11-09 13:44:29"},{"nodeID":"1334842","text":"Anon: Anas Sarwar: There's not a majority in this country that supports independence","type":"L","timestamp":"2023-11-09 13:44:29"},{"nodeID":"1334843","text":"Asserting","type":"YA","timestamp":"2023-11-09 13:44:29"},{"nodeID":"1334844","text":"Default Transition","type":"TA","timestamp":"2023-11-09 13:44:29"},{"nodeID":"1334845","text":"Default Inference","type":"RA","timestamp":"2023-11-09 13:44:29"},{"nodeID":"1334846","text":"Arguing","type":"YA","timestamp":"2023-11-09 13:44:29"},{"nodeID":"1334847","text":"Default Transition","type":"TA","timestamp":"2023-11-09 13:44:29"},{"nodeID":"1334848","text":"Default Inference","type":"RA","timestamp":"2023-11-09 13:44:29"},{"nodeID":"1334849","text":"Arguing","type":"YA","timestamp":"2023-11-09 13:44:29"},{"nodeID":"1334850","text":"there is a majority against the status quo","type":"I","timestamp":"2023-11-09 13:44:29"},{"nodeID":"1334851","text":"Anas Sarwar: I do believe there is a majority against the status quo","type":"L","timestamp":"2023-11-09 13:44:29"},{"nodeID":"1334852","text":"Analysing","type":"YA","timestamp":"2023-11-09 13:44:29"},{"nodeID":"1334853","text":"Anon: Anas Sarwar: I do believe there is a majority against the status quo","type":"L","timestamp":"2023-11-09 13:44:29"},{"nodeID":"1334854","text":"Asserting","type":"YA","timestamp":"2023-11-09 13:44:29"},{"nodeID":"1334855","text":"Default Transition","type":"TA","timestamp":"2023-11-09 13:44:29"},{"nodeID":"1334856","text":"Default Conflict","type":"CA","timestamp":"2023-11-09 13:44:29"},{"nodeID":"1334857","text":"Disagreeing","type":"YA","timestamp":"2023-11-09 13:44:29"},{"nodeID":"1334858","text":"there is a majority against this Tory government","type":"I","timestamp":"2023-11-09 13:44:30"},{"nodeID":"1334859","text":"Anas Sarwar: there is a majority against this Tory government","type":"L","timestamp":"2023-11-09 13:44:30"},{"nodeID":"1334860","text":"Analysing","type":"YA","timestamp":"2023-11-09 13:44:30"},{"nodeID":"1334861","text":"Anon: Anas Sarwar: there is a majority against this Tory government","type":"L","timestamp":"2023-11-09 13:44:30"},{"nodeID":"1334862","text":"Asserting","type":"YA","timestamp":"2023-11-09 13:44:30"},{"nodeID":"1334863","text":"Default Transition","type":"TA","timestamp":"2023-11-09 13:44:30"},{"nodeID":"1334864","text":"Default Inference","type":"RA","timestamp":"2023-11-09 13:44:30"},{"nodeID":"1334865","text":"Arguing","type":"YA","timestamp":"2023-11-09 13:44:30"},{"nodeID":"1334866","text":"our job, the Labour Party job, is to be the voice of change","type":"I","timestamp":"2023-11-09 13:44:31"},{"nodeID":"1334867","text":"Anas Sarwar: our job, the Labour Party job, is to be the voice of change","type":"L","timestamp":"2023-11-09 13:44:31"},{"nodeID":"1334868","text":"Analysing","type":"YA","timestamp":"2023-11-09 13:44:31"},{"nodeID":"1334869","text":"Anon: Anas Sarwar: our job, the Labour Party job, is to be the voice of change","type":"L","timestamp":"2023-11-09 13:44:31"},{"nodeID":"1334870","text":"Asserting","type":"YA","timestamp":"2023-11-09 13:44:31"},{"nodeID":"1334871","text":"Default Transition","type":"TA","timestamp":"2023-11-09 13:44:31"},{"nodeID":"1334872","text":"our job, the Labour Party job, is to put the Tory government out of the next election","type":"I","timestamp":"2023-11-09 13:44:31"},{"nodeID":"1334873","text":"Anas Sarwar: put them out of the next election","type":"L","timestamp":"2023-11-09 13:44:31"},{"nodeID":"1334874","text":"Analysing","type":"YA","timestamp":"2023-11-09 13:44:31"},{"nodeID":"1334875","text":"Anon: Anas Sarwar: put them out of the next election","type":"L","timestamp":"2023-11-09 13:44:31"},{"nodeID":"1334876","text":"Asserting","type":"YA","timestamp":"2023-11-09 13:44:31"},{"nodeID":"1334877","text":"Default Inference","type":"RA","timestamp":"2023-11-09 13:44:31"},{"nodeID":"1334878","text":"Arguing","type":"YA","timestamp":"2023-11-09 13:44:31"},{"nodeID":"1334879","text":"Default Transition","type":"TA","timestamp":"2023-11-09 13:44:31"},{"nodeID":"1334880","text":"Default Inference","type":"RA","timestamp":"2023-11-09 13:44:31"},{"nodeID":"1334881","text":"Arguing","type":"YA","timestamp":"2023-11-09 13:44:31"},{"nodeID":"1334882","text":"our job, the Labour Party job, is to demonstrate there is a way we can strengthen Scotland in a modernising, refreshed United Kingdom as well","type":"I","timestamp":"2023-11-09 13:44:32"},{"nodeID":"1334883","text":"Anas Sarwar: demonstrate there is a way we can strengthen Scotland in a modernising, refreshed United Kingdom as well","type":"L","timestamp":"2023-11-09 13:44:32"},{"nodeID":"1334884","text":"Analysing","type":"YA","timestamp":"2023-11-09 13:44:32"},{"nodeID":"1334885","text":"Anon: Anas Sarwar: demonstrate there is a way we can strengthen Scotland in a modernising, refreshed United Kingdom as well","type":"L","timestamp":"2023-11-09 13:44:32"},{"nodeID":"1334886","text":"Asserting","type":"YA","timestamp":"2023-11-09 13:44:32"},{"nodeID":"1334887","text":"Default Transition","type":"TA","timestamp":"2023-11-09 13:44:32"},{"nodeID":"1334888","text":"Default Inference","type":"RA","timestamp":"2023-11-09 13:44:32"},{"nodeID":"1334889","text":"Arguing","type":"YA","timestamp":"2023-11-09 13:44:32"},{"nodeID":"1334890","text":"being the voice of change, putting the Tory government out of the next election and demonstrating there is a way we can strengthen Scotland in a modernising, refreshed United Kingdom as well is the case we have to make between the run-up now and the next general election","type":"I","timestamp":"2023-11-09 13:44:33"},{"nodeID":"1334891","text":"Anas Sarwar: That's the case we have to make between the run-up now and the next general election","type":"L","timestamp":"2023-11-09 13:44:33"},{"nodeID":"1334892","text":"Analysing","type":"YA","timestamp":"2023-11-09 13:44:33"},{"nodeID":"1334893","text":"Anon: Anas Sarwar: That's the case we have to make between the run-up now and the next general election","type":"L","timestamp":"2023-11-09 13:44:33"},{"nodeID":"1334894","text":"Asserting","type":"YA","timestamp":"2023-11-09 13:44:33"},{"nodeID":"1334895","text":"Default Transition","type":"TA","timestamp":"2023-11-09 13:44:33"},{"nodeID":"1334896","text":"Default Transition","type":"TA","timestamp":"2023-11-09 13:44:33"},{"nodeID":"1334897","text":"Default Transition","type":"TA","timestamp":"2023-11-09 13:44:33"},{"nodeID":"1334898","text":"Default Inference","type":"RA","timestamp":"2023-11-09 13:44:33"},{"nodeID":"1334899","text":"Arguing","type":"YA","timestamp":"2023-11-09 13:44:33"},{"nodeID":"1334900","text":"Douglas Ross would love John Swinney and his government to use the powers they have to the best of their ability","type":"I","timestamp":"2023-11-09 13:44:33"},{"nodeID":"1334901","text":"Douglas Ross:  I would love John and his government to use the powers they have to the best of their ability","type":"L","timestamp":"2023-11-09 13:44:33"},{"nodeID":"1334902","text":"Analysing","type":"YA","timestamp":"2023-11-09 13:44:33"},{"nodeID":"1334903","text":"Anon: Douglas Ross:  I would love John and his government to use the powers they have to the best of their ability","type":"L","timestamp":"2023-11-09 13:44:33"},{"nodeID":"1334904","text":"Asserting","type":"YA","timestamp":"2023-11-09 13:44:33"},{"nodeID":"1334905","text":"Default Transition","type":"TA","timestamp":"2023-11-09 13:44:33"},{"nodeID":"1334906","text":"John Swinney and his government don't at the moment use the powers they have to the best of their ability","type":"I","timestamp":"2023-11-09 13:44:34"},{"nodeID":"1334907","text":"Douglas Ross: They don't at the moment","type":"L","timestamp":"2023-11-09 13:44:34"},{"nodeID":"1334908","text":"Analysing","type":"YA","timestamp":"2023-11-09 13:44:34"},{"nodeID":"1334909","text":"Anon: Douglas Ross: They don't at the moment","type":"L","timestamp":"2023-11-09 13:44:34"},{"nodeID":"1334910","text":"Asserting","type":"YA","timestamp":"2023-11-09 13:44:34"},{"nodeID":"1334911","text":"Default Transition","type":"TA","timestamp":"2023-11-09 13:44:34"},{"nodeID":"1334912","text":"Default Rephrase","type":"MA","timestamp":"2023-11-09 13:44:34"},{"nodeID":"1334913","text":"Restating","type":"YA","timestamp":"2023-11-09 13:44:34"},{"nodeID":"1334914","text":"we did have a referendum","type":"I","timestamp":"2023-11-09 13:44:35"},{"nodeID":"1334915","text":"Douglas Ross: we did have a referendum","type":"L","timestamp":"2023-11-09 13:44:35"},{"nodeID":"1334916","text":"Analysing","type":"YA","timestamp":"2023-11-09 13:44:35"},{"nodeID":"1334917","text":"Anon: Douglas Ross: we did have a referendum","type":"L","timestamp":"2023-11-09 13:44:35"},{"nodeID":"1334918","text":"Asserting","type":"YA","timestamp":"2023-11-09 13:44:35"},{"nodeID":"1334919","text":"Default Transition","type":"TA","timestamp":"2023-11-09 13:44:35"},{"nodeID":"1334920","text":"Default Rephrase","type":"MA","timestamp":"2023-11-09 13:44:35"},{"nodeID":"1334921","text":"Default Illocuting","type":"YA","timestamp":"2023-11-09 13:44:35"},{"nodeID":"1334922","text":"Default Transition","type":"TA","timestamp":"2023-11-09 13:44:35"},{"nodeID":"1334923","text":"Default Rephrase","type":"MA","timestamp":"2023-11-09 13:44:35"},{"nodeID":"1334924","text":"Default Illocuting","type":"YA","timestamp":"2023-11-09 13:44:35"},{"nodeID":"1334925","text":"we asked the Scottish kingdom if they wanted to stay or remain","type":"I","timestamp":"2023-11-09 13:44:35"},{"nodeID":"1334926","text":"Douglas Ross: We asked the Scottish kingdom if they wanted to stay or remain","type":"L","timestamp":"2023-11-09 13:44:35"},{"nodeID":"1334927","text":"Analysing","type":"YA","timestamp":"2023-11-09 13:44:35"},{"nodeID":"1334928","text":"Anon: Douglas Ross: We asked the Scottish kingdom if they wanted to stay or remain","type":"L","timestamp":"2023-11-09 13:44:35"},{"nodeID":"1334929","text":"Asserting","type":"YA","timestamp":"2023-11-09 13:44:35"},{"nodeID":"1334930","text":"Default Rephrase","type":"MA","timestamp":"2023-11-09 13:44:35"},{"nodeID":"1334931","text":"Default Transition","type":"TA","timestamp":"2023-11-09 13:44:35"},{"nodeID":"1334932","text":"Restating","type":"YA","timestamp":"2023-11-09 13:44:35"},{"nodeID":"1334933","text":"the Scottish kingdom said decisively they wanted to remain","type":"I","timestamp":"2023-11-09 13:44:36"},{"nodeID":"1334934","text":"Douglas Ross: They said decisively they wanted to remain","type":"L","timestamp":"2023-11-09 13:44:36"},{"nodeID":"1334935","text":"Analysing","type":"YA","timestamp":"2023-11-09 13:44:36"},{"nodeID":"1334936","text":"Anon: Douglas Ross: They said decisively they wanted to remain","type":"L","timestamp":"2023-11-09 13:44:36"},{"nodeID":"1334937","text":"Asserting","type":"YA","timestamp":"2023-11-09 13:44:36"},{"nodeID":"1334938","text":"Default Inference","type":"RA","timestamp":"2023-11-09 13:44:36"},{"nodeID":"1334939","text":"Default Transition","type":"TA","timestamp":"2023-11-09 13:44:36"},{"nodeID":"1334940","text":"Arguing","type":"YA","timestamp":"2023-11-09 13:44:36"},{"nodeID":"1334941","text":"John Swinney and others will say the referendum was a great opportunity, civic Scotland coming together","type":"I","timestamp":"2023-11-09 13:44:37"},{"nodeID":"1334942","text":"Douglas Ross: John and others will say it was a great opportunity, civic Scotland coming together","type":"L","timestamp":"2023-11-09 13:44:37"},{"nodeID":"1334943","text":"Analysing","type":"YA","timestamp":"2023-11-09 13:44:37"},{"nodeID":"1334944","text":"Anon: Douglas Ross: John and others will say it was a great opportunity, civic Scotland coming together","type":"L","timestamp":"2023-11-09 13:44:37"},{"nodeID":"1334945","text":"Asserting","type":"YA","timestamp":"2023-11-09 13:44:37"},{"nodeID":"1334946","text":"Default Transition","type":"TA","timestamp":"2023-11-09 13:44:37"},{"nodeID":"1334947","text":"Default Inference","type":"RA","timestamp":"2023-11-09 13:44:37"},{"nodeID":"1334948","text":"Arguing","type":"YA","timestamp":"2023-11-09 13:44:37"},{"nodeID":"1334949","text":"Anas Sawar is or is not afraid","type":"I","timestamp":"2023-11-09 13:44:37"},{"nodeID":"1334950","text":"Fiona Bruce: Anas, are you afraid","type":"L","timestamp":"2023-11-09 13:44:37"},{"nodeID":"1334951","text":"Analysing","type":"YA","timestamp":"2023-11-09 13:44:37"},{"nodeID":"1334952","text":"Anon: Fiona Bruce: Anas, are you afraid","type":"L","timestamp":"2023-11-09 13:44:37"},{"nodeID":"1334953","text":"Pure Questioning","type":"YA","timestamp":"2023-11-09 13:44:37"},{"nodeID":"1334954","text":"Default Transition","type":"TA","timestamp":"2023-11-09 13:44:37"},{"nodeID":"1334955","text":"Default Rephrase","type":"MA","timestamp":"2023-11-09 13:44:37"},{"nodeID":"1334956","text":"Restating","type":"YA","timestamp":"2023-11-09 13:44:37"},{"nodeID":"1334957","text":"Default Transition","type":"TA","timestamp":"2023-11-09 13:44:37"}],"edges":[{"edgeID":"1750152","fromID":"1334794","toID":"1334793","formEdgeID":null},{"edgeID":"1750153","fromID":"1334795","toID":"1334794","formEdgeID":null},{"edgeID":"1750154","fromID":"1334793","toID":"1334796","formEdgeID":null},{"edgeID":"1750155","fromID":"1334796","toID":"1334792","formEdgeID":null},{"edgeID":"1750156","fromID":"1334799","toID":"1334798","formEdgeID":null},{"edgeID":"1750157","fromID":"1334800","toID":"1334799","formEdgeID":null},{"edgeID":"1750158","fromID":"1334798","toID":"1334801","formEdgeID":null},{"edgeID":"1750159","fromID":"1334801","toID":"1334797","formEdgeID":null},{"edgeID":"1750160","fromID":"1334793","toID":"1334802","formEdgeID":null},{"edgeID":"1750161","fromID":"1334802","toID":"1334798","formEdgeID":null},{"edgeID":"1750162","fromID":"1334797","toID":"1334803","formEdgeID":null},{"edgeID":"1750163","fromID":"1334803","toID":"1334792","formEdgeID":null},{"edgeID":"1750164","fromID":"1334802","toID":"1334804","formEdgeID":null},{"edgeID":"1750165","fromID":"1334804","toID":"1334803","formEdgeID":null},{"edgeID":"1750166","fromID":"1334807","toID":"1334806","formEdgeID":null},{"edgeID":"1750167","fromID":"1334808","toID":"1334807","formEdgeID":null},{"edgeID":"1750168","fromID":"1334806","toID":"1334809","formEdgeID":null},{"edgeID":"1750169","fromID":"1334809","toID":"1334805","formEdgeID":null},{"edgeID":"1750170","fromID":"1334812","toID":"1334811","formEdgeID":null},{"edgeID":"1750171","fromID":"1334813","toID":"1334812","formEdgeID":null},{"edgeID":"1750172","fromID":"1334811","toID":"1334814","formEdgeID":null},{"edgeID":"1750173","fromID":"1334814","toID":"1334810","formEdgeID":null},{"edgeID":"1750174","fromID":"1334806","toID":"1334815","formEdgeID":null},{"edgeID":"1750175","fromID":"1334815","toID":"1334811","formEdgeID":null},{"edgeID":"1750176","fromID":"1334810","toID":"1334816","formEdgeID":null},{"edgeID":"1750177","fromID":"1334816","toID":"1334805","formEdgeID":null},{"edgeID":"1750178","fromID":"1334815","toID":"1334817","formEdgeID":null},{"edgeID":"1750179","fromID":"1334817","toID":"1334816","formEdgeID":null},{"edgeID":"1750180","fromID":"1334820","toID":"1334819","formEdgeID":null},{"edgeID":"1750181","fromID":"1334821","toID":"1334820","formEdgeID":null},{"edgeID":"1750182","fromID":"1334819","toID":"1334822","formEdgeID":null},{"edgeID":"1750183","fromID":"1334822","toID":"1334818","formEdgeID":null},{"edgeID":"1750184","fromID":"1334811","toID":"1334823","formEdgeID":null},{"edgeID":"1750185","fromID":"1334823","toID":"1334819","formEdgeID":null},{"edgeID":"1750186","fromID":"1334818","toID":"1334824","formEdgeID":null},{"edgeID":"1750187","fromID":"1334824","toID":"1334810","formEdgeID":null},{"edgeID":"1750188","fromID":"1334823","toID":"1334825","formEdgeID":null},{"edgeID":"1750189","fromID":"1334825","toID":"1334824","formEdgeID":null},{"edgeID":"1750190","fromID":"1334828","toID":"1334827","formEdgeID":null},{"edgeID":"1750191","fromID":"1334829","toID":"1334828","formEdgeID":null},{"edgeID":"1750192","fromID":"1334827","toID":"1334830","formEdgeID":null},{"edgeID":"1750193","fromID":"1334830","toID":"1334826","formEdgeID":null},{"edgeID":"1750194","fromID":"1334819","toID":"1334831","formEdgeID":null},{"edgeID":"1750195","fromID":"1334831","toID":"1334827","formEdgeID":null},{"edgeID":"1750196","fromID":"1334826","toID":"1334832","formEdgeID":null},{"edgeID":"1750197","fromID":"1334832","toID":"1334818","formEdgeID":null},{"edgeID":"1750198","fromID":"1334831","toID":"1334833","formEdgeID":null},{"edgeID":"1750199","fromID":"1334833","toID":"1334832","formEdgeID":null},{"edgeID":"1750200","fromID":"1334836","toID":"1334835","formEdgeID":null},{"edgeID":"1750201","fromID":"1334837","toID":"1334836","formEdgeID":null},{"edgeID":"1750202","fromID":"1334835","toID":"1334838","formEdgeID":null},{"edgeID":"1750203","fromID":"1334838","toID":"1334834","formEdgeID":null},{"edgeID":"1750204","fromID":"1334841","toID":"1334840","formEdgeID":null},{"edgeID":"1750205","fromID":"1334842","toID":"1334841","formEdgeID":null},{"edgeID":"1750206","fromID":"1334840","toID":"1334843","formEdgeID":null},{"edgeID":"1750207","fromID":"1334843","toID":"1334839","formEdgeID":null},{"edgeID":"1750208","fromID":"1334835","toID":"1334844","formEdgeID":null},{"edgeID":"1750209","fromID":"1334844","toID":"1334840","formEdgeID":null},{"edgeID":"1750210","fromID":"1334834","toID":"1334845","formEdgeID":null},{"edgeID":"1750211","fromID":"1334845","toID":"1334839","formEdgeID":null},{"edgeID":"1750212","fromID":"1334844","toID":"1334846","formEdgeID":null},{"edgeID":"1750213","fromID":"1334846","toID":"1334845","formEdgeID":null},{"edgeID":"1750214","fromID":"1334827","toID":"1334847","formEdgeID":null},{"edgeID":"1750215","fromID":"1334847","toID":"1334840","formEdgeID":null},{"edgeID":"1750216","fromID":"1334839","toID":"1334848","formEdgeID":null},{"edgeID":"1750217","fromID":"1334848","toID":"1334826","formEdgeID":null},{"edgeID":"1750218","fromID":"1334847","toID":"1334849","formEdgeID":null},{"edgeID":"1750219","fromID":"1334849","toID":"1334848","formEdgeID":null},{"edgeID":"1750220","fromID":"1334852","toID":"1334851","formEdgeID":null},{"edgeID":"1750221","fromID":"1334853","toID":"1334852","formEdgeID":null},{"edgeID":"1750222","fromID":"1334851","toID":"1334854","formEdgeID":null},{"edgeID":"1750223","fromID":"1334854","toID":"1334850","formEdgeID":null},{"edgeID":"1750224","fromID":"1334840","toID":"1334855","formEdgeID":null},{"edgeID":"1750225","fromID":"1334855","toID":"1334851","formEdgeID":null},{"edgeID":"1750226","fromID":"1334850","toID":"1334856","formEdgeID":null},{"edgeID":"1750227","fromID":"1334856","toID":"1334839","formEdgeID":null},{"edgeID":"1750228","fromID":"1334855","toID":"1334857","formEdgeID":null},{"edgeID":"1750229","fromID":"1334857","toID":"1334856","formEdgeID":null},{"edgeID":"1750230","fromID":"1334860","toID":"1334859","formEdgeID":null},{"edgeID":"1750231","fromID":"1334861","toID":"1334860","formEdgeID":null},{"edgeID":"1750232","fromID":"1334859","toID":"1334862","formEdgeID":null},{"edgeID":"1750233","fromID":"1334862","toID":"1334858","formEdgeID":null},{"edgeID":"1750234","fromID":"1334851","toID":"1334863","formEdgeID":null},{"edgeID":"1750235","fromID":"1334863","toID":"1334859","formEdgeID":null},{"edgeID":"1750236","fromID":"1334858","toID":"1334864","formEdgeID":null},{"edgeID":"1750237","fromID":"1334864","toID":"1334850","formEdgeID":null},{"edgeID":"1750238","fromID":"1334863","toID":"1334865","formEdgeID":null},{"edgeID":"1750239","fromID":"1334865","toID":"1334864","formEdgeID":null},{"edgeID":"1750240","fromID":"1334868","toID":"1334867","formEdgeID":null},{"edgeID":"1750241","fromID":"1334869","toID":"1334868","formEdgeID":null},{"edgeID":"1750242","fromID":"1334867","toID":"1334870","formEdgeID":null},{"edgeID":"1750243","fromID":"1334870","toID":"1334866","formEdgeID":null},{"edgeID":"1750244","fromID":"1334851","toID":"1334871","formEdgeID":null},{"edgeID":"1750245","fromID":"1334871","toID":"1334867","formEdgeID":null},{"edgeID":"1750246","fromID":"1334874","toID":"1334873","formEdgeID":null},{"edgeID":"1750247","fromID":"1334875","toID":"1334874","formEdgeID":null},{"edgeID":"1750248","fromID":"1334873","toID":"1334876","formEdgeID":null},{"edgeID":"1750249","fromID":"1334876","toID":"1334872","formEdgeID":null},{"edgeID":"1750250","fromID":"1334850","toID":"1334877","formEdgeID":null},{"edgeID":"1750251","fromID":"1334877","toID":"1334866","formEdgeID":null},{"edgeID":"1750252","fromID":"1334871","toID":"1334878","formEdgeID":null},{"edgeID":"1750253","fromID":"1334878","toID":"1334877","formEdgeID":null},{"edgeID":"1750254","fromID":"1334859","toID":"1334879","formEdgeID":null},{"edgeID":"1750255","fromID":"1334879","toID":"1334873","formEdgeID":null},{"edgeID":"1750256","fromID":"1334858","toID":"1334880","formEdgeID":null},{"edgeID":"1750257","fromID":"1334880","toID":"1334872","formEdgeID":null},{"edgeID":"1750258","fromID":"1334879","toID":"1334881","formEdgeID":null},{"edgeID":"1750259","fromID":"1334881","toID":"1334880","formEdgeID":null},{"edgeID":"1750260","fromID":"1334884","toID":"1334883","formEdgeID":null},{"edgeID":"1750261","fromID":"1334885","toID":"1334884","formEdgeID":null},{"edgeID":"1750262","fromID":"1334883","toID":"1334886","formEdgeID":null},{"edgeID":"1750263","fromID":"1334886","toID":"1334882","formEdgeID":null},{"edgeID":"1750264","fromID":"1334840","toID":"1334887","formEdgeID":null},{"edgeID":"1750265","fromID":"1334887","toID":"1334883","formEdgeID":null},{"edgeID":"1750266","fromID":"1334839","toID":"1334888","formEdgeID":null},{"edgeID":"1750267","fromID":"1334888","toID":"1334882","formEdgeID":null},{"edgeID":"1750268","fromID":"1334887","toID":"1334889","formEdgeID":null},{"edgeID":"1750269","fromID":"1334889","toID":"1334888","formEdgeID":null},{"edgeID":"1750270","fromID":"1334892","toID":"1334891","formEdgeID":null},{"edgeID":"1750271","fromID":"1334893","toID":"1334892","formEdgeID":null},{"edgeID":"1750272","fromID":"1334891","toID":"1334894","formEdgeID":null},{"edgeID":"1750273","fromID":"1334894","toID":"1334890","formEdgeID":null},{"edgeID":"1750274","fromID":"1334883","toID":"1334895","formEdgeID":null},{"edgeID":"1750275","fromID":"1334895","toID":"1334891","formEdgeID":null},{"edgeID":"1750276","fromID":"1334873","toID":"1334896","formEdgeID":null},{"edgeID":"1750277","fromID":"1334896","toID":"1334891","formEdgeID":null},{"edgeID":"1750278","fromID":"1334867","toID":"1334897","formEdgeID":null},{"edgeID":"1750279","fromID":"1334897","toID":"1334891","formEdgeID":null},{"edgeID":"1750280","fromID":"1334882","toID":"1334898","formEdgeID":null},{"edgeID":"1750281","fromID":"1334898","toID":"1334890","formEdgeID":null},{"edgeID":"1750282","fromID":"1334872","toID":"1334898","formEdgeID":null},{"edgeID":"1750283","fromID":"1334866","toID":"1334898","formEdgeID":null},{"edgeID":"1750284","fromID":"1334895","toID":"1334899","formEdgeID":null},{"edgeID":"1750285","fromID":"1334899","toID":"1334898","formEdgeID":null},{"edgeID":"1750286","fromID":"1334902","toID":"1334901","formEdgeID":null},{"edgeID":"1750287","fromID":"1334903","toID":"1334902","formEdgeID":null},{"edgeID":"1750288","fromID":"1334901","toID":"1334904","formEdgeID":null},{"edgeID":"1750289","fromID":"1334904","toID":"1334900","formEdgeID":null},{"edgeID":"1750290","fromID":"1334891","toID":"1334905","formEdgeID":null},{"edgeID":"1750291","fromID":"1334905","toID":"1334901","formEdgeID":null},{"edgeID":"1750292","fromID":"1334908","toID":"1334907","formEdgeID":null},{"edgeID":"1750293","fromID":"1334909","toID":"1334908","formEdgeID":null},{"edgeID":"1750294","fromID":"1334907","toID":"1334910","formEdgeID":null},{"edgeID":"1750295","fromID":"1334910","toID":"1334906","formEdgeID":null},{"edgeID":"1750296","fromID":"1334901","toID":"1334911","formEdgeID":null},{"edgeID":"1750297","fromID":"1334911","toID":"1334907","formEdgeID":null},{"edgeID":"1750298","fromID":"1334906","toID":"1334912","formEdgeID":null},{"edgeID":"1750299","fromID":"1334912","toID":"1334900","formEdgeID":null},{"edgeID":"1750300","fromID":"1334911","toID":"1334913","formEdgeID":null},{"edgeID":"1750301","fromID":"1334913","toID":"1334912","formEdgeID":null},{"edgeID":"1750302","fromID":"1334916","toID":"1334915","formEdgeID":null},{"edgeID":"1750303","fromID":"1334917","toID":"1334916","formEdgeID":null},{"edgeID":"1750304","fromID":"1334915","toID":"1334918","formEdgeID":null},{"edgeID":"1750305","fromID":"1334918","toID":"1334914","formEdgeID":null},{"edgeID":"1750306","fromID":"1334798","toID":"1334919","formEdgeID":null},{"edgeID":"1750307","fromID":"1334919","toID":"1334806","formEdgeID":null},{"edgeID":"1750308","fromID":"1334805","toID":"1334920","formEdgeID":null},{"edgeID":"1750309","fromID":"1334920","toID":"1334797","formEdgeID":null},{"edgeID":"1750310","fromID":"1334919","toID":"1334921","formEdgeID":null},{"edgeID":"1750311","fromID":"1334921","toID":"1334920","formEdgeID":null},{"edgeID":"1750312","fromID":"1334798","toID":"1334922","formEdgeID":null},{"edgeID":"1750313","fromID":"1334922","toID":"1334915","formEdgeID":null},{"edgeID":"1750314","fromID":"1334914","toID":"1334923","formEdgeID":null},{"edgeID":"1750315","fromID":"1334923","toID":"1334797","formEdgeID":null},{"edgeID":"1750316","fromID":"1334922","toID":"1334924","formEdgeID":null},{"edgeID":"1750317","fromID":"1334924","toID":"1334923","formEdgeID":null},{"edgeID":"1750318","fromID":"1334927","toID":"1334926","formEdgeID":null},{"edgeID":"1750319","fromID":"1334928","toID":"1334927","formEdgeID":null},{"edgeID":"1750320","fromID":"1334926","toID":"1334929","formEdgeID":null},{"edgeID":"1750321","fromID":"1334929","toID":"1334925","formEdgeID":null},{"edgeID":"1750322","fromID":"1334925","toID":"1334930","formEdgeID":null},{"edgeID":"1750323","fromID":"1334930","toID":"1334914","formEdgeID":null},{"edgeID":"1750324","fromID":"1334915","toID":"1334931","formEdgeID":null},{"edgeID":"1750325","fromID":"1334931","toID":"1334926","formEdgeID":null},{"edgeID":"1750326","fromID":"1334931","toID":"1334932","formEdgeID":null},{"edgeID":"1750327","fromID":"1334932","toID":"1334930","formEdgeID":null},{"edgeID":"1750328","fromID":"1334935","toID":"1334934","formEdgeID":null},{"edgeID":"1750329","fromID":"1334936","toID":"1334935","formEdgeID":null},{"edgeID":"1750330","fromID":"1334934","toID":"1334937","formEdgeID":null},{"edgeID":"1750331","fromID":"1334937","toID":"1334933","formEdgeID":null},{"edgeID":"1750332","fromID":"1334925","toID":"1334938","formEdgeID":null},{"edgeID":"1750333","fromID":"1334938","toID":"1334933","formEdgeID":null},{"edgeID":"1750334","fromID":"1334926","toID":"1334939","formEdgeID":null},{"edgeID":"1750335","fromID":"1334939","toID":"1334934","formEdgeID":null},{"edgeID":"1750336","fromID":"1334939","toID":"1334940","formEdgeID":null},{"edgeID":"1750337","fromID":"1334940","toID":"1334938","formEdgeID":null},{"edgeID":"1750338","fromID":"1334943","toID":"1334942","formEdgeID":null},{"edgeID":"1750339","fromID":"1334944","toID":"1334943","formEdgeID":null},{"edgeID":"1750340","fromID":"1334942","toID":"1334945","formEdgeID":null},{"edgeID":"1750341","fromID":"1334945","toID":"1334941","formEdgeID":null},{"edgeID":"1750342","fromID":"1334934","toID":"1334946","formEdgeID":null},{"edgeID":"1750343","fromID":"1334946","toID":"1334942","formEdgeID":null},{"edgeID":"1750344","fromID":"1334933","toID":"1334947","formEdgeID":null},{"edgeID":"1750345","fromID":"1334947","toID":"1334941","formEdgeID":null},{"edgeID":"1750346","fromID":"1334946","toID":"1334948","formEdgeID":null},{"edgeID":"1750347","fromID":"1334948","toID":"1334947","formEdgeID":null},{"edgeID":"1750348","fromID":"1334951","toID":"1334950","formEdgeID":null},{"edgeID":"1750349","fromID":"1334952","toID":"1334951","formEdgeID":null},{"edgeID":"1750350","fromID":"1334950","toID":"1334953","formEdgeID":null},{"edgeID":"1750351","fromID":"1334953","toID":"1334949","formEdgeID":null},{"edgeID":"1750352","fromID":"1334798","toID":"1334954","formEdgeID":null},{"edgeID":"1750353","fromID":"1334954","toID":"1334950","formEdgeID":null},{"edgeID":"1750354","fromID":"1334949","toID":"1334955","formEdgeID":null},{"edgeID":"1750355","fromID":"1334955","toID":"1334797","formEdgeID":null},{"edgeID":"1750356","fromID":"1334954","toID":"1334956","formEdgeID":null},{"edgeID":"1750357","fromID":"1334956","toID":"1334955","formEdgeID":null},{"edgeID":"1750358","fromID":"1334827","toID":"1334957","formEdgeID":null},{"edgeID":"1750359","fromID":"1334957","toID":"1334835","formEdgeID":null}],"locutions":[]}