{"nodes":[{"nodeID":"1334958","text":"MPs were saying this to me openly at the Conservative Party Conference","type":"I","timestamp":"2023-11-09 13:44:38"},{"nodeID":"1334959","text":"Isabel Hardman: MPs were saying this to me openly at the Conservative Party Conference","type":"L","timestamp":"2023-11-09 13:44:38"},{"nodeID":"1334960","text":"Analysing","type":"YA","timestamp":"2023-11-09 13:44:38"},{"nodeID":"1334961","text":"Chris: Isabel Hardman: MPs were saying this to me openly at the Conservative Party Conference","type":"L","timestamp":"2023-11-09 13:44:38"},{"nodeID":"1334962","text":"Asserting","type":"YA","timestamp":"2023-11-09 13:44:38"},{"nodeID":"1334963","text":"MPs were saying they need a break","type":"I","timestamp":"2023-11-09 13:44:39"},{"nodeID":"1334964","text":"Isabel Hardman: they need a break","type":"L","timestamp":"2023-11-09 13:44:39"},{"nodeID":"1334965","text":"Analysing","type":"YA","timestamp":"2023-11-09 13:44:39"},{"nodeID":"1334966","text":"Chris: Isabel Hardman: they need a break","type":"L","timestamp":"2023-11-09 13:44:39"},{"nodeID":"1334967","text":"Asserting","type":"YA","timestamp":"2023-11-09 13:44:39"},{"nodeID":"1334968","text":"Default Transition","type":"TA","timestamp":"2023-11-09 13:44:39"},{"nodeID":"1334969","text":"Default Rephrase","type":"MA","timestamp":"2023-11-09 13:44:39"},{"nodeID":"1334970","text":"Restating","type":"YA","timestamp":"2023-11-09 13:44:39"},{"nodeID":"1334971","text":"MPs were saying they are exhausted","type":"I","timestamp":"2023-11-09 13:44:39"},{"nodeID":"1334972","text":"Isabel Hardman: they are exhausted","type":"L","timestamp":"2023-11-09 13:44:39"},{"nodeID":"1334973","text":"Analysing","type":"YA","timestamp":"2023-11-09 13:44:39"},{"nodeID":"1334974","text":"Chris: Isabel Hardman: they are exhausted","type":"L","timestamp":"2023-11-09 13:44:39"},{"nodeID":"1334975","text":"Asserting","type":"YA","timestamp":"2023-11-09 13:44:39"},{"nodeID":"1334976","text":"Default Transition","type":"TA","timestamp":"2023-11-09 13:44:39"},{"nodeID":"1334977","text":"Default Rephrase","type":"MA","timestamp":"2023-11-09 13:44:39"},{"nodeID":"1334978","text":"Restating","type":"YA","timestamp":"2023-11-09 13:44:39"},{"nodeID":"1334979","text":"MPs were saying they have run out of ideas","type":"I","timestamp":"2023-11-09 13:44:40"},{"nodeID":"1334980","text":"Isabel Hardman: they have run out of ideas","type":"L","timestamp":"2023-11-09 13:44:40"},{"nodeID":"1334981","text":"Analysing","type":"YA","timestamp":"2023-11-09 13:44:40"},{"nodeID":"1334982","text":"Chris: Isabel Hardman: they have run out of ideas","type":"L","timestamp":"2023-11-09 13:44:40"},{"nodeID":"1334983","text":"Asserting","type":"YA","timestamp":"2023-11-09 13:44:40"},{"nodeID":"1334984","text":"Default Transition","type":"TA","timestamp":"2023-11-09 13:44:40"},{"nodeID":"1334985","text":"Default Rephrase","type":"MA","timestamp":"2023-11-09 13:44:40"},{"nodeID":"1334986","text":"Restating","type":"YA","timestamp":"2023-11-09 13:44:40"},{"nodeID":"1334987","text":"it is not just all Liz Truss' fault","type":"I","timestamp":"2023-11-09 13:44:40"},{"nodeID":"1334988","text":"Isabel Hardman: It is not just all Liz Truss's fault","type":"L","timestamp":"2023-11-09 13:44:40"},{"nodeID":"1334989","text":"Analysing","type":"YA","timestamp":"2023-11-09 13:44:40"},{"nodeID":"1334990","text":"Chris: Isabel Hardman: It is not just all Liz Truss's fault","type":"L","timestamp":"2023-11-09 13:44:40"},{"nodeID":"1334991","text":"Asserting","type":"YA","timestamp":"2023-11-09 13:44:40"},{"nodeID":"1334992","text":"Default Transition","type":"TA","timestamp":"2023-11-09 13:44:40"},{"nodeID":"1334993","text":"it is a symptom of where the Conservative Party is more widely","type":"I","timestamp":"2023-11-09 13:44:41"},{"nodeID":"1334994","text":"Isabel Hardman: it is a symptom of where the party is more widely","type":"L","timestamp":"2023-11-09 13:44:41"},{"nodeID":"1334995","text":"Analysing","type":"YA","timestamp":"2023-11-09 13:44:41"},{"nodeID":"1334996","text":"Chris: Isabel Hardman: it is a symptom of where the party is more widely","type":"L","timestamp":"2023-11-09 13:44:41"},{"nodeID":"1334997","text":"Asserting","type":"YA","timestamp":"2023-11-09 13:44:41"},{"nodeID":"1334998","text":"Default Transition","type":"TA","timestamp":"2023-11-09 13:44:41"},{"nodeID":"1334999","text":"Default Inference","type":"RA","timestamp":"2023-11-09 13:44:41"},{"nodeID":"1335000","text":"Arguing","type":"YA","timestamp":"2023-11-09 13:44:41"},{"nodeID":"1335001","text":"the Conservative Party has become less governable","type":"I","timestamp":"2023-11-09 13:44:42"},{"nodeID":"1335002","text":"Isabel Hardman: It has become less governable","type":"L","timestamp":"2023-11-09 13:44:42"},{"nodeID":"1335003","text":"Analysing","type":"YA","timestamp":"2023-11-09 13:44:42"},{"nodeID":"1335004","text":"Chris: Isabel Hardman: It has become less governable","type":"L","timestamp":"2023-11-09 13:44:42"},{"nodeID":"1335005","text":"Asserting","type":"YA","timestamp":"2023-11-09 13:44:42"},{"nodeID":"1335006","text":"Default Transition","type":"TA","timestamp":"2023-11-09 13:44:42"},{"nodeID":"1335007","text":"Default Inference","type":"RA","timestamp":"2023-11-09 13:44:42"},{"nodeID":"1335008","text":"Arguing","type":"YA","timestamp":"2023-11-09 13:44:42"},{"nodeID":"1335009","text":"the Conservative Party is not fully ungovernable","type":"I","timestamp":"2023-11-09 13:44:42"},{"nodeID":"1335010","text":"Isabel Hardman:  not saying fully ungovernable","type":"L","timestamp":"2023-11-09 13:44:42"},{"nodeID":"1335011","text":"Analysing","type":"YA","timestamp":"2023-11-09 13:44:42"},{"nodeID":"1335012","text":"Chris: Isabel Hardman:  not saying fully ungovernable","type":"L","timestamp":"2023-11-09 13:44:42"},{"nodeID":"1335013","text":"Asserting","type":"YA","timestamp":"2023-11-09 13:44:42"},{"nodeID":"1335014","text":"Default Transition","type":"TA","timestamp":"2023-11-09 13:44:42"},{"nodeID":"1335015","text":"Default Conflict","type":"CA","timestamp":"2023-11-09 13:44:42"},{"nodeID":"1335016","text":"Disagreeing","type":"YA","timestamp":"2023-11-09 13:44:42"},{"nodeID":"1335017","text":"the Conservative Party is running out of people with the ideas to lead it and to work out what \"conservative\" should stand for today","type":"I","timestamp":"2023-11-09 13:44:43"},{"nodeID":"1335018","text":"Isabel Hardman: it is running out of people with the ideas to lead it and to work out what conservative should stand for today","type":"L","timestamp":"2023-11-09 13:44:43"},{"nodeID":"1335019","text":"Analysing","type":"YA","timestamp":"2023-11-09 13:44:43"},{"nodeID":"1335020","text":"Chris: Isabel Hardman: it is running out of people with the ideas to lead it and to work out what conservative should stand for today","type":"L","timestamp":"2023-11-09 13:44:43"},{"nodeID":"1335021","text":"Asserting","type":"YA","timestamp":"2023-11-09 13:44:43"},{"nodeID":"1335022","text":"Default Transition","type":"TA","timestamp":"2023-11-09 13:44:43"},{"nodeID":"1335023","text":"Default Conflict","type":"CA","timestamp":"2023-11-09 13:44:43"},{"nodeID":"1335024","text":"Disagreeing","type":"YA","timestamp":"2023-11-09 13:44:43"},{"nodeID":"1335025","text":"Default Inference","type":"RA","timestamp":"2023-11-09 13:44:43"},{"nodeID":"1335026","text":"Default Transition","type":"TA","timestamp":"2023-11-09 13:44:43"},{"nodeID":"1335027","text":"Arguing","type":"YA","timestamp":"2023-11-09 13:44:43"},{"nodeID":"1335028","text":"Liz Truss is finished","type":"I","timestamp":"2023-11-09 13:44:44"},{"nodeID":"1335029","text":"Anas Sarwar: Liz Truss is finished","type":"L","timestamp":"2023-11-09 13:44:44"},{"nodeID":"1335030","text":"Analysing","type":"YA","timestamp":"2023-11-09 13:44:44"},{"nodeID":"1335031","text":"Chris: Anas Sarwar: Liz Truss is finished","type":"L","timestamp":"2023-11-09 13:44:44"},{"nodeID":"1335032","text":"Asserting","type":"YA","timestamp":"2023-11-09 13:44:44"},{"nodeID":"1335033","text":"Default Transition","type":"TA","timestamp":"2023-11-09 13:44:44"},{"nodeID":"1335034","text":"Anas Sarwar hopes people have opened up across this country","type":"I","timestamp":"2023-11-09 13:44:44"},{"nodeID":"1335035","text":"Anas Sarwar: I hope people have opened up across this country","type":"L","timestamp":"2023-11-09 13:44:44"},{"nodeID":"1335036","text":"Analysing","type":"YA","timestamp":"2023-11-09 13:44:44"},{"nodeID":"1335037","text":"Chris: Anas Sarwar: I hope people have opened up across this country","type":"L","timestamp":"2023-11-09 13:44:44"},{"nodeID":"1335038","text":"Asserting","type":"YA","timestamp":"2023-11-09 13:44:44"},{"nodeID":"1335039","text":"Default Transition","type":"TA","timestamp":"2023-11-09 13:44:44"},{"nodeID":"1335040","text":"Anas Sarwar hopes it means the Conservative Party is finished as well","type":"I","timestamp":"2023-11-09 13:44:45"},{"nodeID":"1335041","text":"Anas Sarwar: it means the Conservative Party is finished as well","type":"L","timestamp":"2023-11-09 13:44:45"},{"nodeID":"1335042","text":"Analysing","type":"YA","timestamp":"2023-11-09 13:44:45"},{"nodeID":"1335043","text":"Chris: Anas Sarwar: it means the Conservative Party is finished as well","type":"L","timestamp":"2023-11-09 13:44:45"},{"nodeID":"1335044","text":"Asserting","type":"YA","timestamp":"2023-11-09 13:44:45"},{"nodeID":"1335045","text":"Default Transition","type":"TA","timestamp":"2023-11-09 13:44:45"},{"nodeID":"1335046","text":"Default Inference","type":"RA","timestamp":"2023-11-09 13:44:45"},{"nodeID":"1335047","text":"Arguing","type":"YA","timestamp":"2023-11-09 13:44:45"},{"nodeID":"1335048","text":"the Tories have exposed in a matter of weeks what many in this country have known for a long time","type":"I","timestamp":"2023-11-09 13:44:45"},{"nodeID":"1335049","text":"Anas Sarwar: They have exposed in a matter of weeks what many in this country have known for a long time","type":"L","timestamp":"2023-11-09 13:44:45"},{"nodeID":"1335050","text":"Analysing","type":"YA","timestamp":"2023-11-09 13:44:45"},{"nodeID":"1335051","text":"Chris: Anas Sarwar: They have exposed in a matter of weeks what many in this country have known for a long time","type":"L","timestamp":"2023-11-09 13:44:45"},{"nodeID":"1335052","text":"Asserting","type":"YA","timestamp":"2023-11-09 13:44:45"},{"nodeID":"1335053","text":"Default Transition","type":"TA","timestamp":"2023-11-09 13:44:45"},{"nodeID":"1335054","text":"the Tories are a political party that is now out of ideas, out of touch, lying, cheating, economically illiterate and morally bankrupt","type":"I","timestamp":"2023-11-09 13:44:46"},{"nodeID":"1335055","text":"Anas Sarwar: This is a political party that is now out of ideas, out of touch, lying, cheating, economically illiterate and morally bankrupt","type":"L","timestamp":"2023-11-09 13:44:46"},{"nodeID":"1335056","text":"Analysing","type":"YA","timestamp":"2023-11-09 13:44:46"},{"nodeID":"1335057","text":"Chris: Anas Sarwar: This is a political party that is now out of ideas, out of touch, lying, cheating, economically illiterate and morally bankrupt","type":"L","timestamp":"2023-11-09 13:44:46"},{"nodeID":"1335058","text":"Asserting","type":"YA","timestamp":"2023-11-09 13:44:46"},{"nodeID":"1335059","text":"Default Transition","type":"TA","timestamp":"2023-11-09 13:44:46"},{"nodeID":"1335060","text":"Default Rephrase","type":"MA","timestamp":"2023-11-09 13:44:46"},{"nodeID":"1335061","text":"Restating","type":"YA","timestamp":"2023-11-09 13:44:46"},{"nodeID":"1335062","text":"right across the country people are worried about their own jobs","type":"I","timestamp":"2023-11-09 13:44:46"},{"nodeID":"1335063","text":"Anas Sarwar: right across the country people are worried about their own jobs","type":"L","timestamp":"2023-11-09 13:44:46"},{"nodeID":"1335064","text":"Analysing","type":"YA","timestamp":"2023-11-09 13:44:46"},{"nodeID":"1335065","text":"Chris: Anas Sarwar: right across the country people are worried about their own jobs","type":"L","timestamp":"2023-11-09 13:44:46"},{"nodeID":"1335066","text":"Asserting","type":"YA","timestamp":"2023-11-09 13:44:46"},{"nodeID":"1335067","text":"people focus on what government incompetence means for the Prime Minister's job","type":"I","timestamp":"2023-11-09 13:44:47"},{"nodeID":"1335068","text":"Anas Sarwar: people focus on what it means for the Prime Minister's job","type":"L","timestamp":"2023-11-09 13:44:47"},{"nodeID":"1335069","text":"Analysing","type":"YA","timestamp":"2023-11-09 13:44:47"},{"nodeID":"1335070","text":"Chris: Anas Sarwar: people focus on what it means for the Prime Minister's job","type":"L","timestamp":"2023-11-09 13:44:47"},{"nodeID":"1335071","text":"Asserting","type":"YA","timestamp":"2023-11-09 13:44:47"},{"nodeID":"1335072","text":"people focus on what government incompetence means for their individual jobs","type":"I","timestamp":"2023-11-09 13:44:48"},{"nodeID":"1335073","text":"Anas Sarwar: what it means for their individual jobs","type":"L","timestamp":"2023-11-09 13:44:48"},{"nodeID":"1335074","text":"Analysing","type":"YA","timestamp":"2023-11-09 13:44:48"},{"nodeID":"1335075","text":"Chris: Anas Sarwar: what it means for their individual jobs","type":"L","timestamp":"2023-11-09 13:44:48"},{"nodeID":"1335076","text":"Asserting","type":"YA","timestamp":"2023-11-09 13:44:48"},{"nodeID":"1335077","text":"Default Transition","type":"TA","timestamp":"2023-11-09 13:44:48"},{"nodeID":"1335078","text":"Default Transition","type":"TA","timestamp":"2023-11-09 13:44:48"},{"nodeID":"1335079","text":"Default Transition","type":"TA","timestamp":"2023-11-09 13:44:48"},{"nodeID":"1335080","text":"Default Inference","type":"RA","timestamp":"2023-11-09 13:44:48"},{"nodeID":"1335081","text":"Arguing","type":"YA","timestamp":"2023-11-09 13:44:48"},{"nodeID":"1335082","text":"Default Inference","type":"RA","timestamp":"2023-11-09 13:44:48"},{"nodeID":"1335083","text":"Default Transition","type":"TA","timestamp":"2023-11-09 13:44:48"},{"nodeID":"1335084","text":"Arguing","type":"YA","timestamp":"2023-11-09 13:44:48"},{"nodeID":"1335085","text":"Default Rephrase","type":"MA","timestamp":"2023-11-09 13:44:48"},{"nodeID":"1335086","text":"Restating","type":"YA","timestamp":"2023-11-09 13:44:48"},{"nodeID":"1335087","text":"Default Inference","type":"RA","timestamp":"2023-11-09 13:44:48"},{"nodeID":"1335088","text":"Arguing","type":"YA","timestamp":"2023-11-09 13:44:48"},{"nodeID":"1335089","text":"Default Inference","type":"RA","timestamp":"2023-11-09 13:44:48"},{"nodeID":"1335090","text":"Default Transition","type":"TA","timestamp":"2023-11-09 13:44:48"},{"nodeID":"1335091","text":"Arguing","type":"YA","timestamp":"2023-11-09 13:44:48"},{"nodeID":"1335092","text":"right now in our country there are families knocking back items at food banks","type":"I","timestamp":"2023-11-09 13:44:48"},{"nodeID":"1335093","text":"Anas Sarwar: Right now in our country -- and we should think about this for a moment -- there are families knocking back items at food banks","type":"L","timestamp":"2023-11-09 13:44:48"},{"nodeID":"1335094","text":"Analysing","type":"YA","timestamp":"2023-11-09 13:44:48"},{"nodeID":"1335095","text":"Chris: Anas Sarwar: Right now in our country -- and we should think about this for a moment -- there are families knocking back items at food banks","type":"L","timestamp":"2023-11-09 13:44:48"},{"nodeID":"1335096","text":"Asserting","type":"YA","timestamp":"2023-11-09 13:44:48"},{"nodeID":"1335097","text":"families can't afford to cook items from foodbanks","type":"I","timestamp":"2023-11-09 13:44:49"},{"nodeID":"1335098","text":"Anas Sarwar: they can't afford to cook them","type":"L","timestamp":"2023-11-09 13:44:49"},{"nodeID":"1335099","text":"Analysing","type":"YA","timestamp":"2023-11-09 13:44:49"},{"nodeID":"1335100","text":"Chris: Anas Sarwar: they can't afford to cook them","type":"L","timestamp":"2023-11-09 13:44:49"},{"nodeID":"1335101","text":"Asserting","type":"YA","timestamp":"2023-11-09 13:44:49"},{"nodeID":"1335102","text":"Default Transition","type":"TA","timestamp":"2023-11-09 13:44:49"},{"nodeID":"1335103","text":"Default Inference","type":"RA","timestamp":"2023-11-09 13:44:49"},{"nodeID":"1335104","text":"Arguing","type":"YA","timestamp":"2023-11-09 13:44:49"},{"nodeID":"1335105","text":"parents, predominantly mums, are passing meals","type":"I","timestamp":"2023-11-09 13:44:50"},{"nodeID":"1335106","text":"Anas Sarwar: Parents, predominantly mums, are passing meals","type":"L","timestamp":"2023-11-09 13:44:50"},{"nodeID":"1335107","text":"Analysing","type":"YA","timestamp":"2023-11-09 13:44:50"},{"nodeID":"1335108","text":"Chris: Anas Sarwar: Parents, predominantly mums, are passing meals","type":"L","timestamp":"2023-11-09 13:44:50"},{"nodeID":"1335109","text":"Asserting","type":"YA","timestamp":"2023-11-09 13:44:50"},{"nodeID":"1335110","text":"Default Transition","type":"TA","timestamp":"2023-11-09 13:44:50"},{"nodeID":"1335111","text":"mothers aren't eating to feed their children","type":"I","timestamp":"2023-11-09 13:44:50"},{"nodeID":"1335112","text":"Anas Sarwar: to feed their children","type":"L","timestamp":"2023-11-09 13:44:50"},{"nodeID":"1335113","text":"Analysing","type":"YA","timestamp":"2023-11-09 13:44:50"},{"nodeID":"1335114","text":"Chris: Anas Sarwar: to feed their children","type":"L","timestamp":"2023-11-09 13:44:50"},{"nodeID":"1335115","text":"Asserting","type":"YA","timestamp":"2023-11-09 13:44:50"},{"nodeID":"1335116","text":"Default Transition","type":"TA","timestamp":"2023-11-09 13:44:50"},{"nodeID":"1335117","text":"Default Inference","type":"RA","timestamp":"2023-11-09 13:44:50"},{"nodeID":"1335118","text":"Arguing","type":"YA","timestamp":"2023-11-09 13:44:50"},{"nodeID":"1335119","text":"there are families worried about losing their home","type":"I","timestamp":"2023-11-09 13:44:51"},{"nodeID":"1335120","text":"Anas Sarwar: There are families worried about losing their home","type":"L","timestamp":"2023-11-09 13:44:51"},{"nodeID":"1335121","text":"Analysing","type":"YA","timestamp":"2023-11-09 13:44:51"},{"nodeID":"1335122","text":"Chris: Anas Sarwar: There are families worried about losing their home","type":"L","timestamp":"2023-11-09 13:44:51"},{"nodeID":"1335123","text":"Asserting","type":"YA","timestamp":"2023-11-09 13:44:51"},{"nodeID":"1335124","text":"Default Transition","type":"TA","timestamp":"2023-11-09 13:44:51"},{"nodeID":"1335125","text":"mortgages are going up even more than any kind of money families worried about losing their homes may be getting from the energy-saving package that Douglas is talking about","type":"I","timestamp":"2023-11-09 13:44:52"},{"nodeID":"1335126","text":"Anas Sarwar: mortgages are going up even more than any kind of money they may be getting from the energy-saving package that Douglas is talking about","type":"L","timestamp":"2023-11-09 13:44:52"},{"nodeID":"1335127","text":"Analysing","type":"YA","timestamp":"2023-11-09 13:44:52"},{"nodeID":"1335128","text":"Chris: Anas Sarwar: mortgages are going up even more than any kind of money they may be getting from the energy-saving package that Douglas is talking about","type":"L","timestamp":"2023-11-09 13:44:52"},{"nodeID":"1335129","text":"Asserting","type":"YA","timestamp":"2023-11-09 13:44:52"},{"nodeID":"1335130","text":"Default Transition","type":"TA","timestamp":"2023-11-09 13:44:52"},{"nodeID":"1335131","text":"Default Inference","type":"RA","timestamp":"2023-11-09 13:44:52"},{"nodeID":"1335132","text":"Arguing","type":"YA","timestamp":"2023-11-09 13:44:52"},{"nodeID":"1335133","text":"Default Inference","type":"RA","timestamp":"2023-11-09 13:44:52"},{"nodeID":"1335134","text":"Default Transition","type":"TA","timestamp":"2023-11-09 13:44:52"},{"nodeID":"1335135","text":"Arguing","type":"YA","timestamp":"2023-11-09 13:44:52"},{"nodeID":"1335136","text":"Default Transition","type":"TA","timestamp":"2023-11-09 13:44:52"},{"nodeID":"1335137","text":"Default Inference","type":"RA","timestamp":"2023-11-09 13:44:52"},{"nodeID":"1335138","text":"Arguing","type":"YA","timestamp":"2023-11-09 13:44:52"}],"edges":[{"edgeID":"1750360","fromID":"1334960","toID":"1334959","formEdgeID":null},{"edgeID":"1750361","fromID":"1334961","toID":"1334960","formEdgeID":null},{"edgeID":"1750362","fromID":"1334959","toID":"1334962","formEdgeID":null},{"edgeID":"1750363","fromID":"1334962","toID":"1334958","formEdgeID":null},{"edgeID":"1750364","fromID":"1334965","toID":"1334964","formEdgeID":null},{"edgeID":"1750365","fromID":"1334966","toID":"1334965","formEdgeID":null},{"edgeID":"1750366","fromID":"1334964","toID":"1334967","formEdgeID":null},{"edgeID":"1750367","fromID":"1334967","toID":"1334963","formEdgeID":null},{"edgeID":"1750368","fromID":"1334959","toID":"1334968","formEdgeID":null},{"edgeID":"1750369","fromID":"1334968","toID":"1334964","formEdgeID":null},{"edgeID":"1750370","fromID":"1334963","toID":"1334969","formEdgeID":null},{"edgeID":"1750371","fromID":"1334969","toID":"1334958","formEdgeID":null},{"edgeID":"1750372","fromID":"1334968","toID":"1334970","formEdgeID":null},{"edgeID":"1750373","fromID":"1334970","toID":"1334969","formEdgeID":null},{"edgeID":"1750374","fromID":"1334973","toID":"1334972","formEdgeID":null},{"edgeID":"1750375","fromID":"1334974","toID":"1334973","formEdgeID":null},{"edgeID":"1750376","fromID":"1334972","toID":"1334975","formEdgeID":null},{"edgeID":"1750377","fromID":"1334975","toID":"1334971","formEdgeID":null},{"edgeID":"1750378","fromID":"1334964","toID":"1334976","formEdgeID":null},{"edgeID":"1750379","fromID":"1334976","toID":"1334972","formEdgeID":null},{"edgeID":"1750380","fromID":"1334971","toID":"1334977","formEdgeID":null},{"edgeID":"1750381","fromID":"1334977","toID":"1334963","formEdgeID":null},{"edgeID":"1750382","fromID":"1334976","toID":"1334978","formEdgeID":null},{"edgeID":"1750383","fromID":"1334978","toID":"1334977","formEdgeID":null},{"edgeID":"1750384","fromID":"1334981","toID":"1334980","formEdgeID":null},{"edgeID":"1750385","fromID":"1334982","toID":"1334981","formEdgeID":null},{"edgeID":"1750386","fromID":"1334980","toID":"1334983","formEdgeID":null},{"edgeID":"1750387","fromID":"1334983","toID":"1334979","formEdgeID":null},{"edgeID":"1750388","fromID":"1334972","toID":"1334984","formEdgeID":null},{"edgeID":"1750389","fromID":"1334984","toID":"1334980","formEdgeID":null},{"edgeID":"1750390","fromID":"1334979","toID":"1334985","formEdgeID":null},{"edgeID":"1750391","fromID":"1334985","toID":"1334971","formEdgeID":null},{"edgeID":"1750392","fromID":"1334984","toID":"1334986","formEdgeID":null},{"edgeID":"1750393","fromID":"1334986","toID":"1334985","formEdgeID":null},{"edgeID":"1750394","fromID":"1334989","toID":"1334988","formEdgeID":null},{"edgeID":"1750395","fromID":"1334990","toID":"1334989","formEdgeID":null},{"edgeID":"1750396","fromID":"1334988","toID":"1334991","formEdgeID":null},{"edgeID":"1750397","fromID":"1334991","toID":"1334987","formEdgeID":null},{"edgeID":"1750398","fromID":"1334980","toID":"1334992","formEdgeID":null},{"edgeID":"1750399","fromID":"1334992","toID":"1334988","formEdgeID":null},{"edgeID":"1750400","fromID":"1334995","toID":"1334994","formEdgeID":null},{"edgeID":"1750401","fromID":"1334996","toID":"1334995","formEdgeID":null},{"edgeID":"1750402","fromID":"1334994","toID":"1334997","formEdgeID":null},{"edgeID":"1750403","fromID":"1334997","toID":"1334993","formEdgeID":null},{"edgeID":"1750404","fromID":"1334988","toID":"1334998","formEdgeID":null},{"edgeID":"1750405","fromID":"1334998","toID":"1334994","formEdgeID":null},{"edgeID":"1750406","fromID":"1334993","toID":"1334999","formEdgeID":null},{"edgeID":"1750407","fromID":"1334999","toID":"1334987","formEdgeID":null},{"edgeID":"1750408","fromID":"1334998","toID":"1335000","formEdgeID":null},{"edgeID":"1750409","fromID":"1335000","toID":"1334999","formEdgeID":null},{"edgeID":"1750410","fromID":"1335003","toID":"1335002","formEdgeID":null},{"edgeID":"1750411","fromID":"1335004","toID":"1335003","formEdgeID":null},{"edgeID":"1750412","fromID":"1335002","toID":"1335005","formEdgeID":null},{"edgeID":"1750413","fromID":"1335005","toID":"1335001","formEdgeID":null},{"edgeID":"1750414","fromID":"1334994","toID":"1335006","formEdgeID":null},{"edgeID":"1750415","fromID":"1335006","toID":"1335002","formEdgeID":null},{"edgeID":"1750416","fromID":"1335001","toID":"1335007","formEdgeID":null},{"edgeID":"1750417","fromID":"1335007","toID":"1334993","formEdgeID":null},{"edgeID":"1750418","fromID":"1335006","toID":"1335008","formEdgeID":null},{"edgeID":"1750419","fromID":"1335008","toID":"1335007","formEdgeID":null},{"edgeID":"1750420","fromID":"1335011","toID":"1335010","formEdgeID":null},{"edgeID":"1750421","fromID":"1335012","toID":"1335011","formEdgeID":null},{"edgeID":"1750422","fromID":"1335010","toID":"1335013","formEdgeID":null},{"edgeID":"1750423","fromID":"1335013","toID":"1335009","formEdgeID":null},{"edgeID":"1750424","fromID":"1335002","toID":"1335014","formEdgeID":null},{"edgeID":"1750425","fromID":"1335014","toID":"1335010","formEdgeID":null},{"edgeID":"1750426","fromID":"1335009","toID":"1335015","formEdgeID":null},{"edgeID":"1750427","fromID":"1335015","toID":"1335001","formEdgeID":null},{"edgeID":"1750428","fromID":"1335014","toID":"1335016","formEdgeID":null},{"edgeID":"1750429","fromID":"1335016","toID":"1335015","formEdgeID":null},{"edgeID":"1750430","fromID":"1335019","toID":"1335018","formEdgeID":null},{"edgeID":"1750431","fromID":"1335020","toID":"1335019","formEdgeID":null},{"edgeID":"1750432","fromID":"1335018","toID":"1335021","formEdgeID":null},{"edgeID":"1750433","fromID":"1335021","toID":"1335017","formEdgeID":null},{"edgeID":"1750434","fromID":"1335010","toID":"1335022","formEdgeID":null},{"edgeID":"1750435","fromID":"1335022","toID":"1335018","formEdgeID":null},{"edgeID":"1750436","fromID":"1335017","toID":"1335023","formEdgeID":null},{"edgeID":"1750437","fromID":"1335023","toID":"1335009","formEdgeID":null},{"edgeID":"1750438","fromID":"1335022","toID":"1335024","formEdgeID":null},{"edgeID":"1750439","fromID":"1335024","toID":"1335023","formEdgeID":null},{"edgeID":"1750440","fromID":"1335017","toID":"1335025","formEdgeID":null},{"edgeID":"1750441","fromID":"1335025","toID":"1335001","formEdgeID":null},{"edgeID":"1750442","fromID":"1335002","toID":"1335026","formEdgeID":null},{"edgeID":"1750443","fromID":"1335026","toID":"1335018","formEdgeID":null},{"edgeID":"1750444","fromID":"1335026","toID":"1335027","formEdgeID":null},{"edgeID":"1750445","fromID":"1335027","toID":"1335025","formEdgeID":null},{"edgeID":"1750446","fromID":"1335030","toID":"1335029","formEdgeID":null},{"edgeID":"1750447","fromID":"1335031","toID":"1335030","formEdgeID":null},{"edgeID":"1750448","fromID":"1335029","toID":"1335032","formEdgeID":null},{"edgeID":"1750449","fromID":"1335032","toID":"1335028","formEdgeID":null},{"edgeID":"1750450","fromID":"1335018","toID":"1335033","formEdgeID":null},{"edgeID":"1750451","fromID":"1335033","toID":"1335029","formEdgeID":null},{"edgeID":"1750452","fromID":"1335036","toID":"1335035","formEdgeID":null},{"edgeID":"1750453","fromID":"1335037","toID":"1335036","formEdgeID":null},{"edgeID":"1750454","fromID":"1335035","toID":"1335038","formEdgeID":null},{"edgeID":"1750455","fromID":"1335038","toID":"1335034","formEdgeID":null},{"edgeID":"1750456","fromID":"1335029","toID":"1335039","formEdgeID":null},{"edgeID":"1750457","fromID":"1335039","toID":"1335035","formEdgeID":null},{"edgeID":"1750458","fromID":"1335042","toID":"1335041","formEdgeID":null},{"edgeID":"1750459","fromID":"1335043","toID":"1335042","formEdgeID":null},{"edgeID":"1750460","fromID":"1335041","toID":"1335044","formEdgeID":null},{"edgeID":"1750461","fromID":"1335044","toID":"1335040","formEdgeID":null},{"edgeID":"1750462","fromID":"1335035","toID":"1335045","formEdgeID":null},{"edgeID":"1750463","fromID":"1335045","toID":"1335041","formEdgeID":null},{"edgeID":"1750464","fromID":"1335040","toID":"1335046","formEdgeID":null},{"edgeID":"1750465","fromID":"1335046","toID":"1335034","formEdgeID":null},{"edgeID":"1750466","fromID":"1335045","toID":"1335047","formEdgeID":null},{"edgeID":"1750467","fromID":"1335047","toID":"1335046","formEdgeID":null},{"edgeID":"1750468","fromID":"1335028","toID":"1335046","formEdgeID":null},{"edgeID":"1750469","fromID":"1335050","toID":"1335049","formEdgeID":null},{"edgeID":"1750470","fromID":"1335051","toID":"1335050","formEdgeID":null},{"edgeID":"1750471","fromID":"1335049","toID":"1335052","formEdgeID":null},{"edgeID":"1750472","fromID":"1335052","toID":"1335048","formEdgeID":null},{"edgeID":"1750473","fromID":"1335041","toID":"1335053","formEdgeID":null},{"edgeID":"1750474","fromID":"1335053","toID":"1335049","formEdgeID":null},{"edgeID":"1750475","fromID":"1335056","toID":"1335055","formEdgeID":null},{"edgeID":"1750476","fromID":"1335057","toID":"1335056","formEdgeID":null},{"edgeID":"1750477","fromID":"1335055","toID":"1335058","formEdgeID":null},{"edgeID":"1750478","fromID":"1335058","toID":"1335054","formEdgeID":null},{"edgeID":"1750479","fromID":"1335049","toID":"1335059","formEdgeID":null},{"edgeID":"1750480","fromID":"1335059","toID":"1335055","formEdgeID":null},{"edgeID":"1750481","fromID":"1335054","toID":"1335060","formEdgeID":null},{"edgeID":"1750482","fromID":"1335060","toID":"1335048","formEdgeID":null},{"edgeID":"1750483","fromID":"1335059","toID":"1335061","formEdgeID":null},{"edgeID":"1750484","fromID":"1335061","toID":"1335060","formEdgeID":null},{"edgeID":"1750485","fromID":"1335064","toID":"1335063","formEdgeID":null},{"edgeID":"1750486","fromID":"1335065","toID":"1335064","formEdgeID":null},{"edgeID":"1750487","fromID":"1335063","toID":"1335066","formEdgeID":null},{"edgeID":"1750488","fromID":"1335066","toID":"1335062","formEdgeID":null},{"edgeID":"1750489","fromID":"1335069","toID":"1335068","formEdgeID":null},{"edgeID":"1750490","fromID":"1335070","toID":"1335069","formEdgeID":null},{"edgeID":"1750491","fromID":"1335068","toID":"1335071","formEdgeID":null},{"edgeID":"1750492","fromID":"1335071","toID":"1335067","formEdgeID":null},{"edgeID":"1750493","fromID":"1335074","toID":"1335073","formEdgeID":null},{"edgeID":"1750494","fromID":"1335075","toID":"1335074","formEdgeID":null},{"edgeID":"1750495","fromID":"1335073","toID":"1335076","formEdgeID":null},{"edgeID":"1750496","fromID":"1335076","toID":"1335072","formEdgeID":null},{"edgeID":"1750497","fromID":"1335055","toID":"1335077","formEdgeID":null},{"edgeID":"1750498","fromID":"1335077","toID":"1335068","formEdgeID":null},{"edgeID":"1750499","fromID":"1335068","toID":"1335078","formEdgeID":null},{"edgeID":"1750500","fromID":"1335078","toID":"1335073","formEdgeID":null},{"edgeID":"1750501","fromID":"1335073","toID":"1335079","formEdgeID":null},{"edgeID":"1750502","fromID":"1335079","toID":"1335063","formEdgeID":null},{"edgeID":"1750503","fromID":"1335054","toID":"1335080","formEdgeID":null},{"edgeID":"1750504","fromID":"1335080","toID":"1335067","formEdgeID":null},{"edgeID":"1750505","fromID":"1335077","toID":"1335081","formEdgeID":null},{"edgeID":"1750506","fromID":"1335081","toID":"1335080","formEdgeID":null},{"edgeID":"1750507","fromID":"1335054","toID":"1335082","formEdgeID":null},{"edgeID":"1750508","fromID":"1335082","toID":"1335072","formEdgeID":null},{"edgeID":"1750509","fromID":"1335055","toID":"1335083","formEdgeID":null},{"edgeID":"1750510","fromID":"1335083","toID":"1335073","formEdgeID":null},{"edgeID":"1750511","fromID":"1335083","toID":"1335084","formEdgeID":null},{"edgeID":"1750512","fromID":"1335084","toID":"1335082","formEdgeID":null},{"edgeID":"1750513","fromID":"1335062","toID":"1335085","formEdgeID":null},{"edgeID":"1750514","fromID":"1335085","toID":"1335072","formEdgeID":null},{"edgeID":"1750515","fromID":"1335079","toID":"1335086","formEdgeID":null},{"edgeID":"1750516","fromID":"1335086","toID":"1335085","formEdgeID":null},{"edgeID":"1750517","fromID":"1335072","toID":"1335087","formEdgeID":null},{"edgeID":"1750518","fromID":"1335087","toID":"1335062","formEdgeID":null},{"edgeID":"1750519","fromID":"1335054","toID":"1335087","formEdgeID":null},{"edgeID":"1750520","fromID":"1335079","toID":"1335088","formEdgeID":null},{"edgeID":"1750521","fromID":"1335088","toID":"1335087","formEdgeID":null},{"edgeID":"1750522","fromID":"1335054","toID":"1335089","formEdgeID":null},{"edgeID":"1750523","fromID":"1335089","toID":"1335040","formEdgeID":null},{"edgeID":"1750524","fromID":"1335041","toID":"1335090","formEdgeID":null},{"edgeID":"1750525","fromID":"1335090","toID":"1335055","formEdgeID":null},{"edgeID":"1750526","fromID":"1335090","toID":"1335091","formEdgeID":null},{"edgeID":"1750527","fromID":"1335091","toID":"1335089","formEdgeID":null},{"edgeID":"1750528","fromID":"1335094","toID":"1335093","formEdgeID":null},{"edgeID":"1750529","fromID":"1335095","toID":"1335094","formEdgeID":null},{"edgeID":"1750530","fromID":"1335093","toID":"1335096","formEdgeID":null},{"edgeID":"1750531","fromID":"1335096","toID":"1335092","formEdgeID":null},{"edgeID":"1750532","fromID":"1335099","toID":"1335098","formEdgeID":null},{"edgeID":"1750533","fromID":"1335100","toID":"1335099","formEdgeID":null},{"edgeID":"1750534","fromID":"1335098","toID":"1335101","formEdgeID":null},{"edgeID":"1750535","fromID":"1335101","toID":"1335097","formEdgeID":null},{"edgeID":"1750536","fromID":"1335093","toID":"1335102","formEdgeID":null},{"edgeID":"1750537","fromID":"1335102","toID":"1335098","formEdgeID":null},{"edgeID":"1750538","fromID":"1335097","toID":"1335103","formEdgeID":null},{"edgeID":"1750539","fromID":"1335103","toID":"1335092","formEdgeID":null},{"edgeID":"1750540","fromID":"1335102","toID":"1335104","formEdgeID":null},{"edgeID":"1750541","fromID":"1335104","toID":"1335103","formEdgeID":null},{"edgeID":"1750542","fromID":"1335107","toID":"1335106","formEdgeID":null},{"edgeID":"1750543","fromID":"1335108","toID":"1335107","formEdgeID":null},{"edgeID":"1750544","fromID":"1335106","toID":"1335109","formEdgeID":null},{"edgeID":"1750545","fromID":"1335109","toID":"1335105","formEdgeID":null},{"edgeID":"1750546","fromID":"1335098","toID":"1335110","formEdgeID":null},{"edgeID":"1750547","fromID":"1335110","toID":"1335106","formEdgeID":null},{"edgeID":"1750548","fromID":"1335113","toID":"1335112","formEdgeID":null},{"edgeID":"1750549","fromID":"1335114","toID":"1335113","formEdgeID":null},{"edgeID":"1750550","fromID":"1335112","toID":"1335115","formEdgeID":null},{"edgeID":"1750551","fromID":"1335115","toID":"1335111","formEdgeID":null},{"edgeID":"1750552","fromID":"1335106","toID":"1335116","formEdgeID":null},{"edgeID":"1750553","fromID":"1335116","toID":"1335112","formEdgeID":null},{"edgeID":"1750554","fromID":"1335111","toID":"1335117","formEdgeID":null},{"edgeID":"1750555","fromID":"1335117","toID":"1335105","formEdgeID":null},{"edgeID":"1750556","fromID":"1335116","toID":"1335118","formEdgeID":null},{"edgeID":"1750557","fromID":"1335118","toID":"1335117","formEdgeID":null},{"edgeID":"1750558","fromID":"1335121","toID":"1335120","formEdgeID":null},{"edgeID":"1750559","fromID":"1335122","toID":"1335121","formEdgeID":null},{"edgeID":"1750560","fromID":"1335120","toID":"1335123","formEdgeID":null},{"edgeID":"1750561","fromID":"1335123","toID":"1335119","formEdgeID":null},{"edgeID":"1750562","fromID":"1335112","toID":"1335124","formEdgeID":null},{"edgeID":"1750563","fromID":"1335124","toID":"1335120","formEdgeID":null},{"edgeID":"1750564","fromID":"1335127","toID":"1335126","formEdgeID":null},{"edgeID":"1750565","fromID":"1335128","toID":"1335127","formEdgeID":null},{"edgeID":"1750566","fromID":"1335126","toID":"1335129","formEdgeID":null},{"edgeID":"1750567","fromID":"1335129","toID":"1335125","formEdgeID":null},{"edgeID":"1750568","fromID":"1335120","toID":"1335130","formEdgeID":null},{"edgeID":"1750569","fromID":"1335130","toID":"1335126","formEdgeID":null},{"edgeID":"1750570","fromID":"1335125","toID":"1335131","formEdgeID":null},{"edgeID":"1750571","fromID":"1335131","toID":"1335119","formEdgeID":null},{"edgeID":"1750572","fromID":"1335130","toID":"1335132","formEdgeID":null},{"edgeID":"1750573","fromID":"1335132","toID":"1335131","formEdgeID":null},{"edgeID":"1750574","fromID":"1335092","toID":"1335133","formEdgeID":null},{"edgeID":"1750575","fromID":"1335133","toID":"1335040","formEdgeID":null},{"edgeID":"1750576","fromID":"1335097","toID":"1335133","formEdgeID":null},{"edgeID":"1750577","fromID":"1335105","toID":"1335133","formEdgeID":null},{"edgeID":"1750578","fromID":"1335111","toID":"1335133","formEdgeID":null},{"edgeID":"1750579","fromID":"1335119","toID":"1335133","formEdgeID":null},{"edgeID":"1750580","fromID":"1335125","toID":"1335133","formEdgeID":null},{"edgeID":"1750581","fromID":"1335041","toID":"1335134","formEdgeID":null},{"edgeID":"1750582","fromID":"1335134","toID":"1335126","formEdgeID":null},{"edgeID":"1750583","fromID":"1335134","toID":"1335135","formEdgeID":null},{"edgeID":"1750584","fromID":"1335135","toID":"1335133","formEdgeID":null},{"edgeID":"1750585","fromID":"1335134","toID":"1335093","formEdgeID":null},{"edgeID":"1750586","fromID":"1335063","toID":"1335136","formEdgeID":null},{"edgeID":"1750587","fromID":"1335136","toID":"1335093","formEdgeID":null},{"edgeID":"1750588","fromID":"1335048","toID":"1335137","formEdgeID":null},{"edgeID":"1750589","fromID":"1335137","toID":"1335040","formEdgeID":null},{"edgeID":"1750590","fromID":"1335053","toID":"1335138","formEdgeID":null},{"edgeID":"1750591","fromID":"1335138","toID":"1335137","formEdgeID":null}],"locutions":[]}