{"nodes":[{"nodeID":"1336091","text":"Scotland is going to have xxx currency","type":"I","timestamp":"2023-11-09 13:46:19"},{"nodeID":"1336092","text":"AudienceMember 20221020QT20: what currency we're going to have","type":"L","timestamp":"2023-11-09 13:46:19"},{"nodeID":"1336093","text":"Analysing","type":"YA","timestamp":"2023-11-09 13:46:19"},{"nodeID":"1336094","text":"Rebecca: AudienceMember 20221020QT20: what currency we're going to have","type":"L","timestamp":"2023-11-09 13:46:19"},{"nodeID":"1336095","text":"Pure Questioning","type":"YA","timestamp":"2023-11-09 13:46:19"},{"nodeID":"1336096","text":"Scotland is independent country","type":"I","timestamp":"2023-11-09 13:46:20"},{"nodeID":"1336097","text":"AudienceMember 20221020QT20: we're an independent country","type":"L","timestamp":"2023-11-09 13:46:20"},{"nodeID":"1336098","text":"Analysing","type":"YA","timestamp":"2023-11-09 13:46:20"},{"nodeID":"1336099","text":"Rebecca: AudienceMember 20221020QT20: we're an independent country","type":"L","timestamp":"2023-11-09 13:46:20"},{"nodeID":"1336100","text":"Asserting","type":"YA","timestamp":"2023-11-09 13:46:20"},{"nodeID":"1336101","text":"Default Inference","type":"RA","timestamp":"2023-11-09 13:46:20"},{"nodeID":"1336102","text":"Default Transition","type":"TA","timestamp":"2023-11-09 13:46:20"},{"nodeID":"1336103","text":"Arguing","type":"YA","timestamp":"2023-11-09 13:46:20"},{"nodeID":"1336104","text":"the currency Scotland is going to have as their own country is the biggest sticking point","type":"I","timestamp":"2023-11-09 13:46:21"},{"nodeID":"1336105","text":"AudienceMember 20221020QT20: That's the biggest sticking point","type":"L","timestamp":"2023-11-09 13:46:21"},{"nodeID":"1336106","text":"Analysing","type":"YA","timestamp":"2023-11-09 13:46:21"},{"nodeID":"1336107","text":"Rebecca: AudienceMember 20221020QT20: That's the biggest sticking point","type":"L","timestamp":"2023-11-09 13:46:21"},{"nodeID":"1336108","text":"Asserting","type":"YA","timestamp":"2023-11-09 13:46:21"},{"nodeID":"1336109","text":"Default Rephrase","type":"MA","timestamp":"2023-11-09 13:46:21"},{"nodeID":"1336110","text":"Default Transition","type":"TA","timestamp":"2023-11-09 13:46:21"},{"nodeID":"1336111","text":"Restating","type":"YA","timestamp":"2023-11-09 13:46:21"},{"nodeID":"1336112","text":"AudienceMember 20221027QT20 would vote for independence if not for the currency question","type":"I","timestamp":"2023-11-09 13:46:22"},{"nodeID":"1336113","text":"AudienceMember 20221020QT20: otherwise you would have my vote","type":"L","timestamp":"2023-11-09 13:46:22"},{"nodeID":"1336114","text":"Analysing","type":"YA","timestamp":"2023-11-09 13:46:22"},{"nodeID":"1336115","text":"Rebecca: AudienceMember 20221020QT20: otherwise you would have my vote","type":"L","timestamp":"2023-11-09 13:46:22"},{"nodeID":"1336116","text":"Asserting","type":"YA","timestamp":"2023-11-09 13:46:22"},{"nodeID":"1336117","text":"Default Transition","type":"TA","timestamp":"2023-11-09 13:46:22"},{"nodeID":"1336118","text":"Default Rephrase","type":"MA","timestamp":"2023-11-09 13:46:22"},{"nodeID":"1336119","text":"Restating","type":"YA","timestamp":"2023-11-09 13:46:22"},{"nodeID":"1336120","text":"AudienceMember 20221027QT21's partner works for a company that is a UK company","type":"I","timestamp":"2023-11-09 13:46:23"},{"nodeID":"1336121","text":"AudienceMember 20221020QT21: My partner works for a company that is a UK company","type":"L","timestamp":"2023-11-09 13:46:23"},{"nodeID":"1336122","text":"Analysing","type":"YA","timestamp":"2023-11-09 13:46:23"},{"nodeID":"1336123","text":"Rebecca: AudienceMember 20221020QT21: My partner works for a company that is a UK company","type":"L","timestamp":"2023-11-09 13:46:23"},{"nodeID":"1336124","text":"Asserting","type":"YA","timestamp":"2023-11-09 13:46:23"},{"nodeID":"1336125","text":"Default Transition","type":"TA","timestamp":"2023-11-09 13:46:23"},{"nodeID":"1336126","text":"Scotland becomes independent","type":"I","timestamp":"2023-11-09 13:46:23"},{"nodeID":"1336127","text":"AudienceMember 20221020QT21: Scotland becomes independent","type":"L","timestamp":"2023-11-09 13:46:23"},{"nodeID":"1336128","text":"Analysing","type":"YA","timestamp":"2023-11-09 13:46:23"},{"nodeID":"1336129","text":"Rebecca: AudienceMember 20221020QT21: Scotland becomes independent","type":"L","timestamp":"2023-11-09 13:46:23"},{"nodeID":"1336130","text":"Asserting","type":"YA","timestamp":"2023-11-09 13:46:23"},{"nodeID":"1336131","text":"xxx will happen to AudienceMember 20221027QT21's partner's job","type":"I","timestamp":"2023-11-09 13:46:24"},{"nodeID":"1336132","text":"AudienceMember 20221020QT21: what will happen to his job","type":"L","timestamp":"2023-11-09 13:46:24"},{"nodeID":"1336133","text":"Analysing","type":"YA","timestamp":"2023-11-09 13:46:24"},{"nodeID":"1336134","text":"Rebecca: AudienceMember 20221020QT21: what will happen to his job","type":"L","timestamp":"2023-11-09 13:46:24"},{"nodeID":"1336135","text":"Pure Questioning","type":"YA","timestamp":"2023-11-09 13:46:24"},{"nodeID":"1336136","text":"Default Transition","type":"TA","timestamp":"2023-11-09 13:46:24"},{"nodeID":"1336137","text":"Default Transition","type":"TA","timestamp":"2023-11-09 13:46:24"},{"nodeID":"1336138","text":"the job will or will not stay in Scotland","type":"I","timestamp":"2023-11-09 13:46:25"},{"nodeID":"1336139","text":"AudienceMember 20221020QT21: Will it stay in Scotland","type":"L","timestamp":"2023-11-09 13:46:25"},{"nodeID":"1336140","text":"Analysing","type":"YA","timestamp":"2023-11-09 13:46:25"},{"nodeID":"1336141","text":"Rebecca: AudienceMember 20221020QT21: Will it stay in Scotland","type":"L","timestamp":"2023-11-09 13:46:25"},{"nodeID":"1336142","text":"Pure Questioning","type":"YA","timestamp":"2023-11-09 13:46:25"},{"nodeID":"1336143","text":"Default Transition","type":"TA","timestamp":"2023-11-09 13:46:25"},{"nodeID":"1336144","text":"the job will or will not go with the rest of the other nations","type":"I","timestamp":"2023-11-09 13:46:26"},{"nodeID":"1336145","text":"AudienceMember 20221020QT21: go with the rest of the other nations","type":"L","timestamp":"2023-11-09 13:46:26"},{"nodeID":"1336146","text":"Analysing","type":"YA","timestamp":"2023-11-09 13:46:26"},{"nodeID":"1336147","text":"Rebecca: AudienceMember 20221020QT21: go with the rest of the other nations","type":"L","timestamp":"2023-11-09 13:46:26"},{"nodeID":"1336148","text":"Pure Questioning","type":"YA","timestamp":"2023-11-09 13:46:26"},{"nodeID":"1336149","text":"Default Transition","type":"TA","timestamp":"2023-11-09 13:46:26"},{"nodeID":"1336150","text":"the fate of AudienceMember 20221027QT21's partner's job is making her unsure about Scottish independence","type":"I","timestamp":"2023-11-09 13:46:26"},{"nodeID":"1336151","text":"Fiona Bruce: That's making you unsure","type":"L","timestamp":"2023-11-09 13:46:26"},{"nodeID":"1336152","text":"Analysing","type":"YA","timestamp":"2023-11-09 13:46:26"},{"nodeID":"1336153","text":"Rebecca: Fiona Bruce: That's making you unsure","type":"L","timestamp":"2023-11-09 13:46:26"},{"nodeID":"1336154","text":"Rhetorical Questioning","type":"YA","timestamp":"2023-11-09 13:46:26"},{"nodeID":"1336155","text":"Default Transition","type":"TA","timestamp":"2023-11-09 13:46:26"},{"nodeID":"1336156","text":"Default Inference","type":"RA","timestamp":"2023-11-09 13:46:26"},{"nodeID":"1336157","text":"Arguing","type":"YA","timestamp":"2023-11-09 13:46:26"},{"nodeID":"1336158","text":"AudienceMember 20221020QT22: Yes","type":"L","timestamp":"2023-11-09 13:46:26"},{"nodeID":"1336159","text":"Analysing","type":"YA","timestamp":"2023-11-09 13:46:26"},{"nodeID":"1336160","text":"Rebecca: AudienceMember 20221020QT22: Yes","type":"L","timestamp":"2023-11-09 13:46:26"},{"nodeID":"1336161","text":"Default Transition","type":"TA","timestamp":"2023-11-09 13:46:26"},{"nodeID":"1336162","text":"Agreeing","type":"YA","timestamp":"2023-11-09 13:46:26"},{"nodeID":"1336163","text":"AudienceMember 20221027QT22 is for independence","type":"I","timestamp":"2023-11-09 13:46:27"},{"nodeID":"1336164","text":"AudienceMember 20221020QT22: I would be for independence","type":"L","timestamp":"2023-11-09 13:46:27"},{"nodeID":"1336165","text":"Analysing","type":"YA","timestamp":"2023-11-09 13:46:27"},{"nodeID":"1336166","text":"Rebecca: AudienceMember 20221020QT22: I would be for independence","type":"L","timestamp":"2023-11-09 13:46:27"},{"nodeID":"1336167","text":"Asserting","type":"YA","timestamp":"2023-11-09 13:46:27"},{"nodeID":"1336168","text":"Default Transition","type":"TA","timestamp":"2023-11-09 13:46:27"},{"nodeID":"1336169","text":"you have to think about your livelihood","type":"I","timestamp":"2023-11-09 13:46:28"},{"nodeID":"1336170","text":"AudienceMember 20221020QT22: you have to think about your livelihood","type":"L","timestamp":"2023-11-09 13:46:28"},{"nodeID":"1336171","text":"Analysing","type":"YA","timestamp":"2023-11-09 13:46:28"},{"nodeID":"1336172","text":"Rebecca: AudienceMember 20221020QT22: you have to think about your livelihood","type":"L","timestamp":"2023-11-09 13:46:28"},{"nodeID":"1336173","text":"Asserting","type":"YA","timestamp":"2023-11-09 13:46:28"},{"nodeID":"1336174","text":"Default Transition","type":"TA","timestamp":"2023-11-09 13:46:28"},{"nodeID":"1336175","text":"Default Conflict","type":"CA","timestamp":"2023-11-09 13:46:28"},{"nodeID":"1336176","text":"Disagreeing","type":"YA","timestamp":"2023-11-09 13:46:28"},{"nodeID":"1336177","text":"you just have to weigh the factors up when the time for an independence referendum comes","type":"I","timestamp":"2023-11-09 13:46:29"},{"nodeID":"1336178","text":"AudienceMember 20221020QT22: You just have to weigh it up when the time comes","type":"L","timestamp":"2023-11-09 13:46:29"},{"nodeID":"1336179","text":"Analysing","type":"YA","timestamp":"2023-11-09 13:46:29"},{"nodeID":"1336180","text":"Rebecca: AudienceMember 20221020QT22: You just have to weigh it up when the time comes","type":"L","timestamp":"2023-11-09 13:46:29"},{"nodeID":"1336181","text":"Asserting","type":"YA","timestamp":"2023-11-09 13:46:29"},{"nodeID":"1336182","text":"Default Transition","type":"TA","timestamp":"2023-11-09 13:46:29"},{"nodeID":"1336183","text":"Default Inference","type":"RA","timestamp":"2023-11-09 13:46:29"},{"nodeID":"1336184","text":"Default Transition","type":"TA","timestamp":"2023-11-09 13:46:29"},{"nodeID":"1336185","text":"Arguing","type":"YA","timestamp":"2023-11-09 13:46:29"},{"nodeID":"1336186","text":"what John Swinney said does or does not sway AudienceMember 20221027QT22 at all","type":"I","timestamp":"2023-11-09 13:46:30"},{"nodeID":"1336187","text":"Fiona Bruce: what you heard John say, for example, does that sway you at all","type":"L","timestamp":"2023-11-09 13:46:30"},{"nodeID":"1336188","text":"Analysing","type":"YA","timestamp":"2023-11-09 13:46:30"},{"nodeID":"1336189","text":"Rebecca: Fiona Bruce: what you heard John say, for example, does that sway you at all","type":"L","timestamp":"2023-11-09 13:46:30"},{"nodeID":"1336190","text":"Pure Questioning","type":"YA","timestamp":"2023-11-09 13:46:30"},{"nodeID":"1336191","text":"AudienceMember 20221027QT23 is more swayed by John's arguments","type":"I","timestamp":"2023-11-09 13:46:31"},{"nodeID":"1336192","text":"AudienceMember 20221020QT23: I am more swayed by John's arguments","type":"L","timestamp":"2023-11-09 13:46:31"},{"nodeID":"1336193","text":"Analysing","type":"YA","timestamp":"2023-11-09 13:46:31"},{"nodeID":"1336194","text":"Rebecca: AudienceMember 20221020QT23: I am more swayed by John's arguments","type":"L","timestamp":"2023-11-09 13:46:31"},{"nodeID":"1336195","text":"Asserting","type":"YA","timestamp":"2023-11-09 13:46:31"},{"nodeID":"1336196","text":"Default Transition","type":"TA","timestamp":"2023-11-09 13:46:31"},{"nodeID":"1336197","text":"Default Rephrase","type":"MA","timestamp":"2023-11-09 13:46:31"},{"nodeID":"1336198","text":"Default Transition","type":"TA","timestamp":"2023-11-09 13:46:31"},{"nodeID":"1336199","text":"Default Illocuting","type":"YA","timestamp":"2023-11-09 13:46:31"},{"nodeID":"1336200","text":"AudienceMember 20221027QT23 is especially swayed after the question of rising costs of living this evening and the turmoil and state of the UK","type":"I","timestamp":"2023-11-09 13:46:31"},{"nodeID":"1336201","text":"AudienceMember 20221020QT23: Especially after the first question this evening and the turmoil and state of the UK","type":"L","timestamp":"2023-11-09 13:46:31"},{"nodeID":"1336202","text":"Analysing","type":"YA","timestamp":"2023-11-09 13:46:31"},{"nodeID":"1336203","text":"Rebecca: AudienceMember 20221020QT23: Especially after the first question this evening and the turmoil and state of the UK","type":"L","timestamp":"2023-11-09 13:46:31"},{"nodeID":"1336204","text":"Asserting","type":"YA","timestamp":"2023-11-09 13:46:31"},{"nodeID":"1336205","text":"Default Transition","type":"TA","timestamp":"2023-11-09 13:46:31"},{"nodeID":"1336206","text":"Default Inference","type":"RA","timestamp":"2023-11-09 13:46:31"},{"nodeID":"1336207","text":"Arguing","type":"YA","timestamp":"2023-11-09 13:46:31"},{"nodeID":"1336208","text":"the state of the UK is quite depressing","type":"I","timestamp":"2023-11-09 13:46:32"},{"nodeID":"1336209","text":"AudienceMember 20221020QT23: It is quite depressing","type":"L","timestamp":"2023-11-09 13:46:32"},{"nodeID":"1336210","text":"Analysing","type":"YA","timestamp":"2023-11-09 13:46:32"},{"nodeID":"1336211","text":"Rebecca: AudienceMember 20221020QT23: It is quite depressing","type":"L","timestamp":"2023-11-09 13:46:32"},{"nodeID":"1336212","text":"Asserting","type":"YA","timestamp":"2023-11-09 13:46:32"},{"nodeID":"1336213","text":"Default Transition","type":"TA","timestamp":"2023-11-09 13:46:32"},{"nodeID":"1336214","text":"Default Rephrase","type":"MA","timestamp":"2023-11-09 13:46:32"},{"nodeID":"1336215","text":"Restating","type":"YA","timestamp":"2023-11-09 13:46:32"},{"nodeID":"1336216","text":"Westminster is helping greatly with the independence side of things","type":"I","timestamp":"2023-11-09 13:46:33"},{"nodeID":"1336217","text":"AudienceMember 20221020QT24: Westminster is helping greatly with the independence side of things","type":"L","timestamp":"2023-11-09 13:46:33"},{"nodeID":"1336218","text":"Analysing","type":"YA","timestamp":"2023-11-09 13:46:33"},{"nodeID":"1336219","text":"Rebecca: AudienceMember 20221020QT24: Westminster is helping greatly with the independence side of things","type":"L","timestamp":"2023-11-09 13:46:33"},{"nodeID":"1336220","text":"Asserting","type":"YA","timestamp":"2023-11-09 13:46:33"},{"nodeID":"1336221","text":"Default Transition","type":"TA","timestamp":"2023-11-09 13:46:33"},{"nodeID":"1336222","text":"there's not going to be any Tories at all in Scotland after the next election","type":"I","timestamp":"2023-11-09 13:46:34"},{"nodeID":"1336223","text":"AudienceMember 20221020QT24: there's not going to be any Tories at all in Scotland after the next election","type":"L","timestamp":"2023-11-09 13:46:34"},{"nodeID":"1336224","text":"Analysing","type":"YA","timestamp":"2023-11-09 13:46:34"},{"nodeID":"1336225","text":"Rebecca: AudienceMember 20221020QT24: there's not going to be any Tories at all in Scotland after the next election","type":"L","timestamp":"2023-11-09 13:46:34"},{"nodeID":"1336226","text":"Asserting","type":"YA","timestamp":"2023-11-09 13:46:34"},{"nodeID":"1336227","text":"Default Transition","type":"TA","timestamp":"2023-11-09 13:46:34"},{"nodeID":"1336228","text":"Labour blew their position with their stance on Brexit","type":"I","timestamp":"2023-11-09 13:46:35"},{"nodeID":"1336229","text":"AudienceMember 20221020QT24: Labour, the stance on Brexit, they blew it with that","type":"L","timestamp":"2023-11-09 13:46:35"},{"nodeID":"1336230","text":"Analysing","type":"YA","timestamp":"2023-11-09 13:46:35"},{"nodeID":"1336231","text":"Rebecca: AudienceMember 20221020QT24: Labour, the stance on Brexit, they blew it with that","type":"L","timestamp":"2023-11-09 13:46:35"},{"nodeID":"1336232","text":"Asserting","type":"YA","timestamp":"2023-11-09 13:46:35"},{"nodeID":"1336233","text":"Default Transition","type":"TA","timestamp":"2023-11-09 13:46:35"},{"nodeID":"1336234","text":"AudienceMember 20221027QT24 is still undecided","type":"I","timestamp":"2023-11-09 13:46:35"},{"nodeID":"1336235","text":"Fiona Bruce: you're still undecided","type":"L","timestamp":"2023-11-09 13:46:35"},{"nodeID":"1336236","text":"Analysing","type":"YA","timestamp":"2023-11-09 13:46:35"},{"nodeID":"1336237","text":"Rebecca: Fiona Bruce: you're still undecided","type":"L","timestamp":"2023-11-09 13:46:35"},{"nodeID":"1336238","text":"Asserting","type":"YA","timestamp":"2023-11-09 13:46:35"},{"nodeID":"1336239","text":"John Swinney can say xxx to persuade these people of Scottish independence","type":"I","timestamp":"2023-11-09 13:46:36"},{"nodeID":"1336240","text":"Fiona Bruce: what can you say, if anything, to persuade these people","type":"L","timestamp":"2023-11-09 13:46:36"},{"nodeID":"1336241","text":"Analysing","type":"YA","timestamp":"2023-11-09 13:46:36"},{"nodeID":"1336242","text":"Rebecca: Fiona Bruce: what can you say, if anything, to persuade these people","type":"L","timestamp":"2023-11-09 13:46:36"},{"nodeID":"1336243","text":"Pure Questioning","type":"YA","timestamp":"2023-11-09 13:46:36"},{"nodeID":"1336244","text":"Default Transition","type":"TA","timestamp":"2023-11-09 13:46:36"},{"nodeID":"1336245","text":"John Swinney recognises the job of work he has to do to try to persuade you","type":"I","timestamp":"2023-11-09 13:46:37"},{"nodeID":"1336246","text":"John Swinney: I recognise the job of work I have to do to try to persuade you","type":"L","timestamp":"2023-11-09 13:46:37"},{"nodeID":"1336247","text":"Analysing","type":"YA","timestamp":"2023-11-09 13:46:37"},{"nodeID":"1336248","text":"Rebecca: John Swinney: I recognise the job of work I have to do to try to persuade you","type":"L","timestamp":"2023-11-09 13:46:37"},{"nodeID":"1336249","text":"Asserting","type":"YA","timestamp":"2023-11-09 13:46:37"},{"nodeID":"1336250","text":"Default Transition","type":"TA","timestamp":"2023-11-09 13:46:37"},{"nodeID":"1336251","text":"the challenge of persuading people is the one John Swinney has to address","type":"I","timestamp":"2023-11-09 13:46:38"},{"nodeID":"1336252","text":"John Swinney: That's the challenge I have to address","type":"L","timestamp":"2023-11-09 13:46:38"},{"nodeID":"1336253","text":"Analysing","type":"YA","timestamp":"2023-11-09 13:46:38"},{"nodeID":"1336254","text":"Rebecca: John Swinney: That's the challenge I have to address","type":"L","timestamp":"2023-11-09 13:46:38"},{"nodeID":"1336255","text":"Asserting","type":"YA","timestamp":"2023-11-09 13:46:38"},{"nodeID":"1336256","text":"Default Transition","type":"TA","timestamp":"2023-11-09 13:46:38"},{"nodeID":"1336257","text":"Default Rephrase","type":"MA","timestamp":"2023-11-09 13:46:38"},{"nodeID":"1336258","text":"Restating","type":"YA","timestamp":"2023-11-09 13:46:38"},{"nodeID":"1336259","text":"the Scottish National Party has to address the problem of persuading the public of independence with the arguments","type":"I","timestamp":"2023-11-09 13:46:39"},{"nodeID":"1336260","text":"John Swinney: my party has to address with the arguments","type":"L","timestamp":"2023-11-09 13:46:39"},{"nodeID":"1336261","text":"Analysing","type":"YA","timestamp":"2023-11-09 13:46:39"},{"nodeID":"1336262","text":"Rebecca: John Swinney: my party has to address with the arguments","type":"L","timestamp":"2023-11-09 13:46:39"},{"nodeID":"1336263","text":"Asserting","type":"YA","timestamp":"2023-11-09 13:46:39"},{"nodeID":"1336264","text":"Default Transition","type":"TA","timestamp":"2023-11-09 13:46:39"},{"nodeID":"1336265","text":"Default Rephrase","type":"MA","timestamp":"2023-11-09 13:46:39"},{"nodeID":"1336266","text":"Restating","type":"YA","timestamp":"2023-11-09 13:46:39"},{"nodeID":"1336267","text":"Default Transition","type":"TA","timestamp":"2023-11-09 13:46:39"},{"nodeID":"1336268","text":"Default Inference","type":"RA","timestamp":"2023-11-09 13:46:39"},{"nodeID":"1336269","text":"Arguing","type":"YA","timestamp":"2023-11-09 13:46:39"},{"nodeID":"1336270","text":"Default Inference","type":"RA","timestamp":"2023-11-09 13:46:39"},{"nodeID":"1336271","text":"Arguing","type":"YA","timestamp":"2023-11-09 13:46:39"},{"nodeID":"1336272","text":"Default Rephrase","type":"MA","timestamp":"2023-11-09 13:46:39"},{"nodeID":"1336273","text":"Restating","type":"YA","timestamp":"2023-11-09 13:46:39"},{"nodeID":"1336274","text":"Default Rephrase","type":"MA","timestamp":"2023-11-09 13:46:39"},{"nodeID":"1336275","text":"Restating","type":"YA","timestamp":"2023-11-09 13:46:39"},{"nodeID":"1336276","text":"Default Conflict","type":"CA","timestamp":"2023-11-09 13:46:39"},{"nodeID":"1336277","text":"Disagreeing","type":"YA","timestamp":"2023-11-09 13:46:39"},{"nodeID":"1336278","text":"Default Conflict","type":"CA","timestamp":"2023-11-09 13:46:39"},{"nodeID":"1336279","text":"Disagreeing","type":"YA","timestamp":"2023-11-09 13:46:39"}],"edges":[{"edgeID":"1751728","fromID":"1336093","toID":"1336092","formEdgeID":null},{"edgeID":"1751729","fromID":"1336094","toID":"1336093","formEdgeID":null},{"edgeID":"1751730","fromID":"1336092","toID":"1336095","formEdgeID":null},{"edgeID":"1751731","fromID":"1336095","toID":"1336091","formEdgeID":null},{"edgeID":"1751732","fromID":"1336098","toID":"1336097","formEdgeID":null},{"edgeID":"1751733","fromID":"1336099","toID":"1336098","formEdgeID":null},{"edgeID":"1751734","fromID":"1336097","toID":"1336100","formEdgeID":null},{"edgeID":"1751735","fromID":"1336100","toID":"1336096","formEdgeID":null},{"edgeID":"1751736","fromID":"1336096","toID":"1336101","formEdgeID":null},{"edgeID":"1751737","fromID":"1336101","toID":"1336091","formEdgeID":null},{"edgeID":"1751738","fromID":"1336092","toID":"1336102","formEdgeID":null},{"edgeID":"1751739","fromID":"1336102","toID":"1336097","formEdgeID":null},{"edgeID":"1751740","fromID":"1336102","toID":"1336103","formEdgeID":null},{"edgeID":"1751741","fromID":"1336103","toID":"1336101","formEdgeID":null},{"edgeID":"1751742","fromID":"1336106","toID":"1336105","formEdgeID":null},{"edgeID":"1751743","fromID":"1336107","toID":"1336106","formEdgeID":null},{"edgeID":"1751744","fromID":"1336105","toID":"1336108","formEdgeID":null},{"edgeID":"1751745","fromID":"1336108","toID":"1336104","formEdgeID":null},{"edgeID":"1751746","fromID":"1336104","toID":"1336109","formEdgeID":null},{"edgeID":"1751747","fromID":"1336109","toID":"1336091","formEdgeID":null},{"edgeID":"1751748","fromID":"1336092","toID":"1336110","formEdgeID":null},{"edgeID":"1751749","fromID":"1336110","toID":"1336105","formEdgeID":null},{"edgeID":"1751750","fromID":"1336110","toID":"1336111","formEdgeID":null},{"edgeID":"1751751","fromID":"1336111","toID":"1336109","formEdgeID":null},{"edgeID":"1751752","fromID":"1336114","toID":"1336113","formEdgeID":null},{"edgeID":"1751753","fromID":"1336115","toID":"1336114","formEdgeID":null},{"edgeID":"1751754","fromID":"1336113","toID":"1336116","formEdgeID":null},{"edgeID":"1751755","fromID":"1336116","toID":"1336112","formEdgeID":null},{"edgeID":"1751756","fromID":"1336105","toID":"1336117","formEdgeID":null},{"edgeID":"1751757","fromID":"1336117","toID":"1336113","formEdgeID":null},{"edgeID":"1751758","fromID":"1336112","toID":"1336118","formEdgeID":null},{"edgeID":"1751759","fromID":"1336118","toID":"1336104","formEdgeID":null},{"edgeID":"1751760","fromID":"1336117","toID":"1336119","formEdgeID":null},{"edgeID":"1751761","fromID":"1336119","toID":"1336118","formEdgeID":null},{"edgeID":"1751762","fromID":"1336122","toID":"1336121","formEdgeID":null},{"edgeID":"1751763","fromID":"1336123","toID":"1336122","formEdgeID":null},{"edgeID":"1751764","fromID":"1336121","toID":"1336124","formEdgeID":null},{"edgeID":"1751765","fromID":"1336124","toID":"1336120","formEdgeID":null},{"edgeID":"1751766","fromID":"1336113","toID":"1336125","formEdgeID":null},{"edgeID":"1751767","fromID":"1336125","toID":"1336121","formEdgeID":null},{"edgeID":"1751768","fromID":"1336128","toID":"1336127","formEdgeID":null},{"edgeID":"1751769","fromID":"1336129","toID":"1336128","formEdgeID":null},{"edgeID":"1751770","fromID":"1336127","toID":"1336130","formEdgeID":null},{"edgeID":"1751771","fromID":"1336130","toID":"1336126","formEdgeID":null},{"edgeID":"1751772","fromID":"1336133","toID":"1336132","formEdgeID":null},{"edgeID":"1751773","fromID":"1336134","toID":"1336133","formEdgeID":null},{"edgeID":"1751774","fromID":"1336132","toID":"1336135","formEdgeID":null},{"edgeID":"1751775","fromID":"1336135","toID":"1336131","formEdgeID":null},{"edgeID":"1751776","fromID":"1336121","toID":"1336136","formEdgeID":null},{"edgeID":"1751777","fromID":"1336136","toID":"1336132","formEdgeID":null},{"edgeID":"1751778","fromID":"1336127","toID":"1336137","formEdgeID":null},{"edgeID":"1751779","fromID":"1336137","toID":"1336132","formEdgeID":null},{"edgeID":"1751780","fromID":"1336140","toID":"1336139","formEdgeID":null},{"edgeID":"1751781","fromID":"1336141","toID":"1336140","formEdgeID":null},{"edgeID":"1751782","fromID":"1336139","toID":"1336142","formEdgeID":null},{"edgeID":"1751783","fromID":"1336142","toID":"1336138","formEdgeID":null},{"edgeID":"1751784","fromID":"1336132","toID":"1336143","formEdgeID":null},{"edgeID":"1751785","fromID":"1336143","toID":"1336139","formEdgeID":null},{"edgeID":"1751786","fromID":"1336146","toID":"1336145","formEdgeID":null},{"edgeID":"1751787","fromID":"1336147","toID":"1336146","formEdgeID":null},{"edgeID":"1751788","fromID":"1336145","toID":"1336148","formEdgeID":null},{"edgeID":"1751789","fromID":"1336148","toID":"1336144","formEdgeID":null},{"edgeID":"1751790","fromID":"1336139","toID":"1336149","formEdgeID":null},{"edgeID":"1751791","fromID":"1336149","toID":"1336145","formEdgeID":null},{"edgeID":"1751792","fromID":"1336152","toID":"1336151","formEdgeID":null},{"edgeID":"1751793","fromID":"1336153","toID":"1336152","formEdgeID":null},{"edgeID":"1751794","fromID":"1336151","toID":"1336154","formEdgeID":null},{"edgeID":"1751795","fromID":"1336154","toID":"1336150","formEdgeID":null},{"edgeID":"1751796","fromID":"1336145","toID":"1336155","formEdgeID":null},{"edgeID":"1751797","fromID":"1336155","toID":"1336151","formEdgeID":null},{"edgeID":"1751798","fromID":"1336131","toID":"1336156","formEdgeID":null},{"edgeID":"1751799","fromID":"1336156","toID":"1336150","formEdgeID":null},{"edgeID":"1751800","fromID":"1336155","toID":"1336157","formEdgeID":null},{"edgeID":"1751801","fromID":"1336157","toID":"1336156","formEdgeID":null},{"edgeID":"1751802","fromID":"1336159","toID":"1336158","formEdgeID":null},{"edgeID":"1751803","fromID":"1336160","toID":"1336159","formEdgeID":null},{"edgeID":"1751804","fromID":"1336151","toID":"1336161","formEdgeID":null},{"edgeID":"1751805","fromID":"1336161","toID":"1336158","formEdgeID":null},{"edgeID":"1751806","fromID":"1336161","toID":"1336162","formEdgeID":null},{"edgeID":"1751807","fromID":"1336162","toID":"1336150","formEdgeID":null},{"edgeID":"1751808","fromID":"1336165","toID":"1336164","formEdgeID":null},{"edgeID":"1751809","fromID":"1336166","toID":"1336165","formEdgeID":null},{"edgeID":"1751810","fromID":"1336164","toID":"1336167","formEdgeID":null},{"edgeID":"1751811","fromID":"1336167","toID":"1336163","formEdgeID":null},{"edgeID":"1751812","fromID":"1336158","toID":"1336168","formEdgeID":null},{"edgeID":"1751813","fromID":"1336168","toID":"1336164","formEdgeID":null},{"edgeID":"1751814","fromID":"1336171","toID":"1336170","formEdgeID":null},{"edgeID":"1751815","fromID":"1336172","toID":"1336171","formEdgeID":null},{"edgeID":"1751816","fromID":"1336170","toID":"1336173","formEdgeID":null},{"edgeID":"1751817","fromID":"1336173","toID":"1336169","formEdgeID":null},{"edgeID":"1751818","fromID":"1336164","toID":"1336174","formEdgeID":null},{"edgeID":"1751819","fromID":"1336174","toID":"1336170","formEdgeID":null},{"edgeID":"1751820","fromID":"1336169","toID":"1336175","formEdgeID":null},{"edgeID":"1751821","fromID":"1336175","toID":"1336163","formEdgeID":null},{"edgeID":"1751822","fromID":"1336174","toID":"1336176","formEdgeID":null},{"edgeID":"1751823","fromID":"1336176","toID":"1336175","formEdgeID":null},{"edgeID":"1751824","fromID":"1336179","toID":"1336178","formEdgeID":null},{"edgeID":"1751825","fromID":"1336180","toID":"1336179","formEdgeID":null},{"edgeID":"1751826","fromID":"1336178","toID":"1336181","formEdgeID":null},{"edgeID":"1751827","fromID":"1336181","toID":"1336177","formEdgeID":null},{"edgeID":"1751828","fromID":"1336170","toID":"1336182","formEdgeID":null},{"edgeID":"1751829","fromID":"1336182","toID":"1336178","formEdgeID":null},{"edgeID":"1751830","fromID":"1336163","toID":"1336183","formEdgeID":null},{"edgeID":"1751831","fromID":"1336183","toID":"1336177","formEdgeID":null},{"edgeID":"1751832","fromID":"1336169","toID":"1336183","formEdgeID":null},{"edgeID":"1751833","fromID":"1336164","toID":"1336184","formEdgeID":null},{"edgeID":"1751834","fromID":"1336184","toID":"1336178","formEdgeID":null},{"edgeID":"1751835","fromID":"1336182","toID":"1336185","formEdgeID":null},{"edgeID":"1751836","fromID":"1336185","toID":"1336183","formEdgeID":null},{"edgeID":"1751837","fromID":"1336188","toID":"1336187","formEdgeID":null},{"edgeID":"1751838","fromID":"1336189","toID":"1336188","formEdgeID":null},{"edgeID":"1751839","fromID":"1336187","toID":"1336190","formEdgeID":null},{"edgeID":"1751840","fromID":"1336190","toID":"1336186","formEdgeID":null},{"edgeID":"1751841","fromID":"1336193","toID":"1336192","formEdgeID":null},{"edgeID":"1751842","fromID":"1336194","toID":"1336193","formEdgeID":null},{"edgeID":"1751843","fromID":"1336192","toID":"1336195","formEdgeID":null},{"edgeID":"1751844","fromID":"1336195","toID":"1336191","formEdgeID":null},{"edgeID":"1751845","fromID":"1336178","toID":"1336196","formEdgeID":null},{"edgeID":"1751846","fromID":"1336196","toID":"1336187","formEdgeID":null},{"edgeID":"1751847","fromID":"1336191","toID":"1336197","formEdgeID":null},{"edgeID":"1751848","fromID":"1336197","toID":"1336186","formEdgeID":null},{"edgeID":"1751849","fromID":"1336187","toID":"1336198","formEdgeID":null},{"edgeID":"1751850","fromID":"1336198","toID":"1336192","formEdgeID":null},{"edgeID":"1751851","fromID":"1336198","toID":"1336199","formEdgeID":null},{"edgeID":"1751852","fromID":"1336199","toID":"1336197","formEdgeID":null},{"edgeID":"1751853","fromID":"1336202","toID":"1336201","formEdgeID":null},{"edgeID":"1751854","fromID":"1336203","toID":"1336202","formEdgeID":null},{"edgeID":"1751855","fromID":"1336201","toID":"1336204","formEdgeID":null},{"edgeID":"1751856","fromID":"1336204","toID":"1336200","formEdgeID":null},{"edgeID":"1751857","fromID":"1336192","toID":"1336205","formEdgeID":null},{"edgeID":"1751858","fromID":"1336205","toID":"1336201","formEdgeID":null},{"edgeID":"1751859","fromID":"1336200","toID":"1336206","formEdgeID":null},{"edgeID":"1751860","fromID":"1336206","toID":"1336191","formEdgeID":null},{"edgeID":"1751861","fromID":"1336205","toID":"1336207","formEdgeID":null},{"edgeID":"1751862","fromID":"1336207","toID":"1336206","formEdgeID":null},{"edgeID":"1751863","fromID":"1336210","toID":"1336209","formEdgeID":null},{"edgeID":"1751864","fromID":"1336211","toID":"1336210","formEdgeID":null},{"edgeID":"1751865","fromID":"1336209","toID":"1336212","formEdgeID":null},{"edgeID":"1751866","fromID":"1336212","toID":"1336208","formEdgeID":null},{"edgeID":"1751867","fromID":"1336201","toID":"1336213","formEdgeID":null},{"edgeID":"1751868","fromID":"1336213","toID":"1336209","formEdgeID":null},{"edgeID":"1751869","fromID":"1336208","toID":"1336214","formEdgeID":null},{"edgeID":"1751870","fromID":"1336214","toID":"1336200","formEdgeID":null},{"edgeID":"1751871","fromID":"1336213","toID":"1336215","formEdgeID":null},{"edgeID":"1751872","fromID":"1336215","toID":"1336214","formEdgeID":null},{"edgeID":"1751873","fromID":"1336218","toID":"1336217","formEdgeID":null},{"edgeID":"1751874","fromID":"1336219","toID":"1336218","formEdgeID":null},{"edgeID":"1751875","fromID":"1336217","toID":"1336220","formEdgeID":null},{"edgeID":"1751876","fromID":"1336220","toID":"1336216","formEdgeID":null},{"edgeID":"1751877","fromID":"1336209","toID":"1336221","formEdgeID":null},{"edgeID":"1751878","fromID":"1336221","toID":"1336217","formEdgeID":null},{"edgeID":"1751879","fromID":"1336224","toID":"1336223","formEdgeID":null},{"edgeID":"1751880","fromID":"1336225","toID":"1336224","formEdgeID":null},{"edgeID":"1751881","fromID":"1336223","toID":"1336226","formEdgeID":null},{"edgeID":"1751882","fromID":"1336226","toID":"1336222","formEdgeID":null},{"edgeID":"1751883","fromID":"1336217","toID":"1336227","formEdgeID":null},{"edgeID":"1751884","fromID":"1336227","toID":"1336223","formEdgeID":null},{"edgeID":"1751885","fromID":"1336230","toID":"1336229","formEdgeID":null},{"edgeID":"1751886","fromID":"1336231","toID":"1336230","formEdgeID":null},{"edgeID":"1751887","fromID":"1336229","toID":"1336232","formEdgeID":null},{"edgeID":"1751888","fromID":"1336232","toID":"1336228","formEdgeID":null},{"edgeID":"1751889","fromID":"1336223","toID":"1336233","formEdgeID":null},{"edgeID":"1751890","fromID":"1336233","toID":"1336229","formEdgeID":null},{"edgeID":"1751891","fromID":"1336236","toID":"1336235","formEdgeID":null},{"edgeID":"1751892","fromID":"1336237","toID":"1336236","formEdgeID":null},{"edgeID":"1751893","fromID":"1336235","toID":"1336238","formEdgeID":null},{"edgeID":"1751894","fromID":"1336238","toID":"1336234","formEdgeID":null},{"edgeID":"1751895","fromID":"1336241","toID":"1336240","formEdgeID":null},{"edgeID":"1751896","fromID":"1336242","toID":"1336241","formEdgeID":null},{"edgeID":"1751897","fromID":"1336240","toID":"1336243","formEdgeID":null},{"edgeID":"1751898","fromID":"1336243","toID":"1336239","formEdgeID":null},{"edgeID":"1751899","fromID":"1336235","toID":"1336244","formEdgeID":null},{"edgeID":"1751900","fromID":"1336244","toID":"1336240","formEdgeID":null},{"edgeID":"1751901","fromID":"1336247","toID":"1336246","formEdgeID":null},{"edgeID":"1751902","fromID":"1336248","toID":"1336247","formEdgeID":null},{"edgeID":"1751903","fromID":"1336246","toID":"1336249","formEdgeID":null},{"edgeID":"1751904","fromID":"1336249","toID":"1336245","formEdgeID":null},{"edgeID":"1751905","fromID":"1336240","toID":"1336250","formEdgeID":null},{"edgeID":"1751906","fromID":"1336250","toID":"1336246","formEdgeID":null},{"edgeID":"1751907","fromID":"1336253","toID":"1336252","formEdgeID":null},{"edgeID":"1751908","fromID":"1336254","toID":"1336253","formEdgeID":null},{"edgeID":"1751909","fromID":"1336252","toID":"1336255","formEdgeID":null},{"edgeID":"1751910","fromID":"1336255","toID":"1336251","formEdgeID":null},{"edgeID":"1751911","fromID":"1336246","toID":"1336256","formEdgeID":null},{"edgeID":"1751912","fromID":"1336256","toID":"1336252","formEdgeID":null},{"edgeID":"1751913","fromID":"1336251","toID":"1336257","formEdgeID":null},{"edgeID":"1751914","fromID":"1336257","toID":"1336245","formEdgeID":null},{"edgeID":"1751915","fromID":"1336256","toID":"1336258","formEdgeID":null},{"edgeID":"1751916","fromID":"1336258","toID":"1336257","formEdgeID":null},{"edgeID":"1751917","fromID":"1336261","toID":"1336260","formEdgeID":null},{"edgeID":"1751918","fromID":"1336262","toID":"1336261","formEdgeID":null},{"edgeID":"1751919","fromID":"1336260","toID":"1336263","formEdgeID":null},{"edgeID":"1751920","fromID":"1336263","toID":"1336259","formEdgeID":null},{"edgeID":"1751921","fromID":"1336252","toID":"1336264","formEdgeID":null},{"edgeID":"1751922","fromID":"1336264","toID":"1336260","formEdgeID":null},{"edgeID":"1751923","fromID":"1336259","toID":"1336265","formEdgeID":null},{"edgeID":"1751924","fromID":"1336265","toID":"1336251","formEdgeID":null},{"edgeID":"1751925","fromID":"1336264","toID":"1336266","formEdgeID":null},{"edgeID":"1751926","fromID":"1336266","toID":"1336265","formEdgeID":null},{"edgeID":"1751927","fromID":"1336223","toID":"1336267","formEdgeID":null},{"edgeID":"1751928","fromID":"1336267","toID":"1336235","formEdgeID":null},{"edgeID":"1751929","fromID":"1336126","toID":"1336268","formEdgeID":null},{"edgeID":"1751930","fromID":"1336268","toID":"1336131","formEdgeID":null},{"edgeID":"1751931","fromID":"1336137","toID":"1336269","formEdgeID":null},{"edgeID":"1751932","fromID":"1336269","toID":"1336268","formEdgeID":null},{"edgeID":"1751933","fromID":"1336120","toID":"1336270","formEdgeID":null},{"edgeID":"1751934","fromID":"1336270","toID":"1336131","formEdgeID":null},{"edgeID":"1751935","fromID":"1336136","toID":"1336271","formEdgeID":null},{"edgeID":"1751936","fromID":"1336271","toID":"1336270","formEdgeID":null},{"edgeID":"1751937","fromID":"1336144","toID":"1336272","formEdgeID":null},{"edgeID":"1751938","fromID":"1336272","toID":"1336138","formEdgeID":null},{"edgeID":"1751939","fromID":"1336149","toID":"1336273","formEdgeID":null},{"edgeID":"1751940","fromID":"1336273","toID":"1336272","formEdgeID":null},{"edgeID":"1751941","fromID":"1336138","toID":"1336274","formEdgeID":null},{"edgeID":"1751942","fromID":"1336274","toID":"1336131","formEdgeID":null},{"edgeID":"1751943","fromID":"1336143","toID":"1336275","formEdgeID":null},{"edgeID":"1751944","fromID":"1336275","toID":"1336274","formEdgeID":null},{"edgeID":"1751945","fromID":"1336234","toID":"1336276","formEdgeID":null},{"edgeID":"1751946","fromID":"1336276","toID":"1336222","formEdgeID":null},{"edgeID":"1751947","fromID":"1336267","toID":"1336277","formEdgeID":null},{"edgeID":"1751948","fromID":"1336277","toID":"1336276","formEdgeID":null},{"edgeID":"1751949","fromID":"1336228","toID":"1336278","formEdgeID":null},{"edgeID":"1751950","fromID":"1336278","toID":"1336222","formEdgeID":null},{"edgeID":"1751951","fromID":"1336233","toID":"1336279","formEdgeID":null},{"edgeID":"1751952","fromID":"1336279","toID":"1336278","formEdgeID":null}],"locutions":[]}