{"nodes":[{"nodeID":"1335263","text":"Anas Sarwar hopes next year people will vote for a meaningful change","type":"I","timestamp":"2023-11-09 13:45:04"},{"nodeID":"1335264","text":"Anas Sarwar: I hope next year people will vote for a meaningful change","type":"L","timestamp":"2023-11-09 13:45:04"},{"nodeID":"1335265","text":"Analysing","type":"YA","timestamp":"2023-11-09 13:45:04"},{"nodeID":"1335266","text":"Dominika: Anas Sarwar: I hope next year people will vote for a meaningful change","type":"L","timestamp":"2023-11-09 13:45:04"},{"nodeID":"1335267","text":"Asserting","type":"YA","timestamp":"2023-11-09 13:45:04"},{"nodeID":"1335268","text":"to get decency, passion, values back into our politics","type":"I","timestamp":"2023-11-09 13:45:04"},{"nodeID":"1335269","text":"Anas Sarwar: to get decency, passion, values back into our politics","type":"L","timestamp":"2023-11-09 13:45:04"},{"nodeID":"1335270","text":"Analysing","type":"YA","timestamp":"2023-11-09 13:45:04"},{"nodeID":"1335271","text":"Dominika: Anas Sarwar: to get decency, passion, values back into our politics","type":"L","timestamp":"2023-11-09 13:45:04"},{"nodeID":"1335272","text":"Asserting","type":"YA","timestamp":"2023-11-09 13:45:04"},{"nodeID":"1335273","text":"Default Transition","type":"TA","timestamp":"2023-11-09 13:45:04"},{"nodeID":"1335274","text":"Default Inference","type":"RA","timestamp":"2023-11-09 13:45:04"},{"nodeID":"1335275","text":"Arguing","type":"YA","timestamp":"2023-11-09 13:45:04"},{"nodeID":"1335276","text":"to get people making decisions about what's right for the people, not what's right for individual politicians and their flawed ideology","type":"I","timestamp":"2023-11-09 13:45:05"},{"nodeID":"1335277","text":"Anas Sarwar: people making decisions about what's right for the people, not what's right for individual politicians and their flawed ideology","type":"L","timestamp":"2023-11-09 13:45:05"},{"nodeID":"1335278","text":"Analysing","type":"YA","timestamp":"2023-11-09 13:45:05"},{"nodeID":"1335279","text":"Dominika: Anas Sarwar: people making decisions about what's right for the people, not what's right for individual politicians and their flawed ideology","type":"L","timestamp":"2023-11-09 13:45:05"},{"nodeID":"1335280","text":"Asserting","type":"YA","timestamp":"2023-11-09 13:45:05"},{"nodeID":"1335281","text":"Default Transition","type":"TA","timestamp":"2023-11-09 13:45:05"},{"nodeID":"1335282","text":"Default Inference","type":"RA","timestamp":"2023-11-09 13:45:05"},{"nodeID":"1335283","text":"Arguing","type":"YA","timestamp":"2023-11-09 13:45:05"},{"nodeID":"1335284","text":"it is extraordinary we got this far","type":"I","timestamp":"2023-11-09 13:45:06"},{"nodeID":"1335285","text":"Stuart Murdoch: it is extraordinary we got this far","type":"L","timestamp":"2023-11-09 13:45:06"},{"nodeID":"1335286","text":"Analysing","type":"YA","timestamp":"2023-11-09 13:45:06"},{"nodeID":"1335287","text":"Dominika: Stuart Murdoch: it is extraordinary we got this far","type":"L","timestamp":"2023-11-09 13:45:06"},{"nodeID":"1335288","text":"Asserting","type":"YA","timestamp":"2023-11-09 13:45:06"},{"nodeID":"1335289","text":"it feels like we're in a bad dream","type":"I","timestamp":"2023-11-09 13:45:06"},{"nodeID":"1335290","text":"Stuart Murdoch: It feels like we're in a bad dream","type":"L","timestamp":"2023-11-09 13:45:06"},{"nodeID":"1335291","text":"Analysing","type":"YA","timestamp":"2023-11-09 13:45:06"},{"nodeID":"1335292","text":"Dominika: Stuart Murdoch: It feels like we're in a bad dream","type":"L","timestamp":"2023-11-09 13:45:06"},{"nodeID":"1335293","text":"Asserting","type":"YA","timestamp":"2023-11-09 13:45:06"},{"nodeID":"1335294","text":"we finally woke up","type":"I","timestamp":"2023-11-09 13:45:07"},{"nodeID":"1335295","text":"Stuart Murdoch: We finally woke up","type":"L","timestamp":"2023-11-09 13:45:07"},{"nodeID":"1335296","text":"Analysing","type":"YA","timestamp":"2023-11-09 13:45:07"},{"nodeID":"1335297","text":"Dominika: Stuart Murdoch: We finally woke up","type":"L","timestamp":"2023-11-09 13:45:07"},{"nodeID":"1335298","text":"Asserting","type":"YA","timestamp":"2023-11-09 13:45:07"},{"nodeID":"1335299","text":"the rest of the country have finally woke up","type":"I","timestamp":"2023-11-09 13:45:07"},{"nodeID":"1335300","text":"Stuart Murdoch: the rest of the country have finally woke up","type":"L","timestamp":"2023-11-09 13:45:07"},{"nodeID":"1335301","text":"Analysing","type":"YA","timestamp":"2023-11-09 13:45:07"},{"nodeID":"1335302","text":"Dominika: Stuart Murdoch: the rest of the country have finally woke up","type":"L","timestamp":"2023-11-09 13:45:07"},{"nodeID":"1335303","text":"Asserting","type":"YA","timestamp":"2023-11-09 13:45:07"},{"nodeID":"1335304","text":"Stuart Murdoch doesn't know why it has taken the rest of them","type":"I","timestamp":"2023-11-09 13:45:08"},{"nodeID":"1335305","text":"Stuart Murdoch: I don't know why it has taken the rest of them","type":"L","timestamp":"2023-11-09 13:45:08"},{"nodeID":"1335306","text":"Analysing","type":"YA","timestamp":"2023-11-09 13:45:08"},{"nodeID":"1335307","text":"Dominika: Stuart Murdoch: I don't know why it has taken the rest of them","type":"L","timestamp":"2023-11-09 13:45:08"},{"nodeID":"1335308","text":"Asserting","type":"YA","timestamp":"2023-11-09 13:45:08"},{"nodeID":"1335309","text":"it feels like we've known this all along","type":"I","timestamp":"2023-11-09 13:45:09"},{"nodeID":"1335310","text":"Stuart Murdoch: it feels like we've known this all along","type":"L","timestamp":"2023-11-09 13:45:09"},{"nodeID":"1335311","text":"Analysing","type":"YA","timestamp":"2023-11-09 13:45:09"},{"nodeID":"1335312","text":"Dominika: Stuart Murdoch: it feels like we've known this all along","type":"L","timestamp":"2023-11-09 13:45:09"},{"nodeID":"1335313","text":"Asserting","type":"YA","timestamp":"2023-11-09 13:45:09"},{"nodeID":"1335314","text":"Default Transition","type":"TA","timestamp":"2023-11-09 13:45:09"},{"nodeID":"1335315","text":"Default Transition","type":"TA","timestamp":"2023-11-09 13:45:09"},{"nodeID":"1335316","text":"Default Transition","type":"TA","timestamp":"2023-11-09 13:45:09"},{"nodeID":"1335317","text":"Default Transition","type":"TA","timestamp":"2023-11-09 13:45:09"},{"nodeID":"1335318","text":"Default Transition","type":"TA","timestamp":"2023-11-09 13:45:09"},{"nodeID":"1335319","text":"Default Transition","type":"TA","timestamp":"2023-11-09 13:45:09"},{"nodeID":"1335320","text":"Default Inference","type":"RA","timestamp":"2023-11-09 13:45:09"},{"nodeID":"1335321","text":"Arguing","type":"YA","timestamp":"2023-11-09 13:45:09"},{"nodeID":"1335322","text":"Default Rephrase","type":"MA","timestamp":"2023-11-09 13:45:09"},{"nodeID":"1335323","text":"Restating","type":"YA","timestamp":"2023-11-09 13:45:09"},{"nodeID":"1335324","text":"when Stuart Murdoch says \"this\", he means xxx","type":"I","timestamp":"2023-11-09 13:45:09"},{"nodeID":"1335325","text":"Fiona Bruce: When you say \"this\", what do you mean","type":"L","timestamp":"2023-11-09 13:45:09"},{"nodeID":"1335326","text":"Analysing","type":"YA","timestamp":"2023-11-09 13:45:09"},{"nodeID":"1335327","text":"Dominika: Fiona Bruce: When you say \"this\", what do you mean","type":"L","timestamp":"2023-11-09 13:45:09"},{"nodeID":"1335328","text":"Pure Questioning","type":"YA","timestamp":"2023-11-09 13:45:09"},{"nodeID":"1335329","text":"Default Transition","type":"TA","timestamp":"2023-11-09 13:45:09"},{"nodeID":"1335330","text":"when Stuart Murdoch says \"this\", he means that the Conservatives don't care about people","type":"I","timestamp":"2023-11-09 13:45:10"},{"nodeID":"1335331","text":"Stuart Murdoch: That the Conservatives don't care about people","type":"L","timestamp":"2023-11-09 13:45:10"},{"nodeID":"1335332","text":"Analysing","type":"YA","timestamp":"2023-11-09 13:45:10"},{"nodeID":"1335333","text":"Dominika: Stuart Murdoch: That the Conservatives don't care about people","type":"L","timestamp":"2023-11-09 13:45:10"},{"nodeID":"1335334","text":"Asserting","type":"YA","timestamp":"2023-11-09 13:45:10"},{"nodeID":"1335335","text":"Default Transition","type":"TA","timestamp":"2023-11-09 13:45:10"},{"nodeID":"1335336","text":"Default Rephrase","type":"MA","timestamp":"2023-11-09 13:45:10"},{"nodeID":"1335337","text":"Default Illocuting","type":"YA","timestamp":"2023-11-09 13:45:10"},{"nodeID":"1335338","text":"the Conservatives are tone deaf to the needs of ordinary people","type":"I","timestamp":"2023-11-09 13:45:10"},{"nodeID":"1335339","text":"Stuart Murdoch: they're tone deaf to the needs of ordinary people","type":"L","timestamp":"2023-11-09 13:45:10"},{"nodeID":"1335340","text":"Analysing","type":"YA","timestamp":"2023-11-09 13:45:10"},{"nodeID":"1335341","text":"Dominika: Stuart Murdoch: they're tone deaf to the needs of ordinary people","type":"L","timestamp":"2023-11-09 13:45:10"},{"nodeID":"1335342","text":"Asserting","type":"YA","timestamp":"2023-11-09 13:45:10"},{"nodeID":"1335343","text":"Default Transition","type":"TA","timestamp":"2023-11-09 13:45:10"},{"nodeID":"1335344","text":"Stuart Murdoch can't believe even when the Conservatives came back recently they talked about the discredited trickle down","type":"I","timestamp":"2023-11-09 13:45:11"},{"nodeID":"1335345","text":"Stuart Murdoch: I can't believe even when they came back recently they talked about the discredited trickle down","type":"L","timestamp":"2023-11-09 13:45:11"},{"nodeID":"1335346","text":"Analysing","type":"YA","timestamp":"2023-11-09 13:45:11"},{"nodeID":"1335347","text":"Dominika: Stuart Murdoch: I can't believe even when they came back recently they talked about the discredited trickle down","type":"L","timestamp":"2023-11-09 13:45:11"},{"nodeID":"1335348","text":"Asserting","type":"YA","timestamp":"2023-11-09 13:45:11"},{"nodeID":"1335349","text":"Default Transition","type":"TA","timestamp":"2023-11-09 13:45:11"},{"nodeID":"1335350","text":"what an insult. That we, as people, should be expected to eat the crumbs off a rich person's table","type":"I","timestamp":"2023-11-09 13:45:12"},{"nodeID":"1335351","text":"Stuart Murdoch: what an insult. That we, as people, should be expected to eat the crumbs off a rich person's table","type":"L","timestamp":"2023-11-09 13:45:12"},{"nodeID":"1335352","text":"Analysing","type":"YA","timestamp":"2023-11-09 13:45:12"},{"nodeID":"1335353","text":"Dominika: Stuart Murdoch: what an insult. That we, as people, should be expected to eat the crumbs off a rich person's table","type":"L","timestamp":"2023-11-09 13:45:12"},{"nodeID":"1335354","text":"Asserting","type":"YA","timestamp":"2023-11-09 13:45:12"},{"nodeID":"1335355","text":"Default Transition","type":"TA","timestamp":"2023-11-09 13:45:12"},{"nodeID":"1335356","text":"we deserve to be at that table","type":"I","timestamp":"2023-11-09 13:45:12"},{"nodeID":"1335357","text":"Stuart Murdoch: We deserve to be at that table","type":"L","timestamp":"2023-11-09 13:45:12"},{"nodeID":"1335358","text":"Analysing","type":"YA","timestamp":"2023-11-09 13:45:12"},{"nodeID":"1335359","text":"Dominika: Stuart Murdoch: We deserve to be at that table","type":"L","timestamp":"2023-11-09 13:45:12"},{"nodeID":"1335360","text":"Asserting","type":"YA","timestamp":"2023-11-09 13:45:12"},{"nodeID":"1335361","text":"Default Inference","type":"RA","timestamp":"2023-11-09 13:45:12"},{"nodeID":"1335362","text":"Default Inference","type":"RA","timestamp":"2023-11-09 13:45:12"},{"nodeID":"1335363","text":"Default Transition","type":"TA","timestamp":"2023-11-09 13:45:12"},{"nodeID":"1335364","text":"Arguing","type":"YA","timestamp":"2023-11-09 13:45:12"},{"nodeID":"1335365","text":"Arguing","type":"YA","timestamp":"2023-11-09 13:45:12"},{"nodeID":"1335366","text":"AudienceMember 20221027QT09 thinks Rishi Sunak must be laughing his socks off saying \"I told you so\"","type":"I","timestamp":"2023-11-09 13:45:13"},{"nodeID":"1335367","text":"AudienceMember 20221020QT09: I think Rishi Sunak must be laughing his socks off saying \"I told you so\"","type":"L","timestamp":"2023-11-09 13:45:13"},{"nodeID":"1335368","text":"Analysing","type":"YA","timestamp":"2023-11-09 13:45:13"},{"nodeID":"1335369","text":"Dominika: AudienceMember 20221020QT09: I think Rishi Sunak must be laughing his socks off saying \"I told you so\"","type":"L","timestamp":"2023-11-09 13:45:13"},{"nodeID":"1335370","text":"Asserting","type":"YA","timestamp":"2023-11-09 13:45:13"},{"nodeID":"1335371","text":"Rishi Sunak said what would happen in a lot of the debates","type":"I","timestamp":"2023-11-09 13:45:13"},{"nodeID":"1335372","text":"AudienceMember 20221020QT09: He said what would happen in a lot of the debates","type":"L","timestamp":"2023-11-09 13:45:13"},{"nodeID":"1335373","text":"Analysing","type":"YA","timestamp":"2023-11-09 13:45:13"},{"nodeID":"1335374","text":"Dominika: AudienceMember 20221020QT09: He said what would happen in a lot of the debates","type":"L","timestamp":"2023-11-09 13:45:14"},{"nodeID":"1335375","text":"Asserting","type":"YA","timestamp":"2023-11-09 13:45:14"},{"nodeID":"1335376","text":"Rishi Sunak said what would happen in a lot of the leadership debates","type":"I","timestamp":"2023-11-09 13:45:14"},{"nodeID":"1335377","text":"AudienceMember 20221020QT09: the leadership debates","type":"L","timestamp":"2023-11-09 13:45:14"},{"nodeID":"1335378","text":"Analysing","type":"YA","timestamp":"2023-11-09 13:45:14"},{"nodeID":"1335379","text":"Dominika: AudienceMember 20221020QT09: the leadership debates","type":"L","timestamp":"2023-11-09 13:45:14"},{"nodeID":"1335380","text":"Asserting","type":"YA","timestamp":"2023-11-09 13:45:14"},{"nodeID":"1335381","text":"Default Transition","type":"TA","timestamp":"2023-11-09 13:45:14"},{"nodeID":"1335382","text":"Default Transition","type":"TA","timestamp":"2023-11-09 13:45:14"},{"nodeID":"1335383","text":"Default Transition","type":"TA","timestamp":"2023-11-09 13:45:14"},{"nodeID":"1335384","text":"Default Inference","type":"RA","timestamp":"2023-11-09 13:45:14"},{"nodeID":"1335385","text":"Default Rephrase","type":"MA","timestamp":"2023-11-09 13:45:14"},{"nodeID":"1335386","text":"Arguing","type":"YA","timestamp":"2023-11-09 13:45:14"},{"nodeID":"1335387","text":"Restating","type":"YA","timestamp":"2023-11-09 13:45:14"},{"nodeID":"1335388","text":"Rishi Sunak was the Chancellor","type":"I","timestamp":"2023-11-09 13:45:15"},{"nodeID":"1335389","text":"AudienceMember 20221020QT09: He was the Chancellor","type":"L","timestamp":"2023-11-09 13:45:15"},{"nodeID":"1335390","text":"Analysing","type":"YA","timestamp":"2023-11-09 13:45:15"},{"nodeID":"1335391","text":"Dominika: AudienceMember 20221020QT09: He was the Chancellor","type":"L","timestamp":"2023-11-09 13:45:15"},{"nodeID":"1335392","text":"Asserting","type":"YA","timestamp":"2023-11-09 13:45:15"},{"nodeID":"1335393","text":"Default Transition","type":"TA","timestamp":"2023-11-09 13:45:15"},{"nodeID":"1335394","text":"Rishi Sumak was someone who would have had AudienceMember 20221027QT09 support","type":"I","timestamp":"2023-11-09 13:45:15"},{"nodeID":"1335395","text":"Fiona Bruce: Was he someone who would have had your support","type":"L","timestamp":"2023-11-09 13:45:15"},{"nodeID":"1335396","text":"Analysing","type":"YA","timestamp":"2023-11-09 13:45:15"},{"nodeID":"1335397","text":"Dominika: Fiona Bruce: Was he someone who would have had your support","type":"L","timestamp":"2023-11-09 13:45:15"},{"nodeID":"1335398","text":"Assertive Questioning","type":"YA","timestamp":"2023-11-09 13:45:15"},{"nodeID":"1335399","text":"Default Transition","type":"TA","timestamp":"2023-11-09 13:45:15"},{"nodeID":"1335400","text":"AudienceMember 20221020QT09: Absolutely","type":"L","timestamp":"2023-11-09 13:45:15"},{"nodeID":"1335401","text":"Analysing","type":"YA","timestamp":"2023-11-09 13:45:15"},{"nodeID":"1335402","text":"Dominika: AudienceMember 20221020QT09: Absolutely","type":"L","timestamp":"2023-11-09 13:45:15"},{"nodeID":"1335403","text":"Default Transition","type":"TA","timestamp":"2023-11-09 13:45:15"},{"nodeID":"1335404","text":"as someone who supports the Conservatives, what AudienceMember 20221027QT09 feels about what's happening now is xxx","type":"I","timestamp":"2023-11-09 13:45:16"},{"nodeID":"1335405","text":"Fiona Bruce: As someone who supports the Conservatives, what do you feel about what's happening now","type":"L","timestamp":"2023-11-09 13:45:16"},{"nodeID":"1335406","text":"Analysing","type":"YA","timestamp":"2023-11-09 13:45:16"},{"nodeID":"1335407","text":"Dominika: Fiona Bruce: As someone who supports the Conservatives, what do you feel about what's happening now","type":"L","timestamp":"2023-11-09 13:45:16"},{"nodeID":"1335408","text":"Asserting","type":"YA","timestamp":"2023-11-09 13:45:16"},{"nodeID":"1335409","text":"Default Transition","type":"TA","timestamp":"2023-11-09 13:45:16"},{"nodeID":"1335410","text":"AudienceMember 20221027QT09 thinks what's happening now is terrible","type":"I","timestamp":"2023-11-09 13:45:17"},{"nodeID":"1335411","text":"AudienceMember 20221020QT09: It's terrible","type":"L","timestamp":"2023-11-09 13:45:17"},{"nodeID":"1335412","text":"Analysing","type":"YA","timestamp":"2023-11-09 13:45:17"},{"nodeID":"1335413","text":"Dominika: AudienceMember 20221020QT09: It's terrible","type":"L","timestamp":"2023-11-09 13:45:17"},{"nodeID":"1335414","text":"Asserting","type":"YA","timestamp":"2023-11-09 13:45:17"},{"nodeID":"1335415","text":"Default Transition","type":"TA","timestamp":"2023-11-09 13:45:17"},{"nodeID":"1335416","text":"Default Rephrase","type":"MA","timestamp":"2023-11-09 13:45:17"},{"nodeID":"1335417","text":"Default Illocuting","type":"YA","timestamp":"2023-11-09 13:45:17"},{"nodeID":"1335418","text":"the elected Liz Truss, she made that decision","type":"I","timestamp":"2023-11-09 13:45:17"},{"nodeID":"1335419","text":"AudienceMember 20221020QT09: the elected Liz Truss, she made that decision","type":"L","timestamp":"2023-11-09 13:45:17"},{"nodeID":"1335420","text":"Analysing","type":"YA","timestamp":"2023-11-09 13:45:17"},{"nodeID":"1335421","text":"Dominika: AudienceMember 20221020QT09: the elected Liz Truss, she made that decision","type":"L","timestamp":"2023-11-09 13:45:17"},{"nodeID":"1335422","text":"Asserting","type":"YA","timestamp":"2023-11-09 13:45:17"},{"nodeID":"1335423","text":"Default Transition","type":"TA","timestamp":"2023-11-09 13:45:17"},{"nodeID":"1335424","text":"people are going to suffer for the decision made by Liz Truss","type":"I","timestamp":"2023-11-09 13:45:18"},{"nodeID":"1335425","text":"AudienceMember 20221020QT09: people are going to suffer for it","type":"L","timestamp":"2023-11-09 13:45:18"},{"nodeID":"1335426","text":"Analysing","type":"YA","timestamp":"2023-11-09 13:45:18"},{"nodeID":"1335427","text":"Dominika: AudienceMember 20221020QT09: people are going to suffer for it","type":"L","timestamp":"2023-11-09 13:45:18"},{"nodeID":"1335428","text":"Asserting","type":"YA","timestamp":"2023-11-09 13:45:18"},{"nodeID":"1335429","text":"Default Transition","type":"TA","timestamp":"2023-11-09 13:45:18"},{"nodeID":"1335430","text":"Rishi Sunak said what would happen if you did X, Y, Z","type":"I","timestamp":"2023-11-09 13:45:19"},{"nodeID":"1335431","text":"AudienceMember 20221020QT09: the Chancellor, he said what would happen if you did X, Y, Z","type":"L","timestamp":"2023-11-09 13:45:19"},{"nodeID":"1335432","text":"Analysing","type":"YA","timestamp":"2023-11-09 13:45:19"},{"nodeID":"1335433","text":"Dominika: AudienceMember 20221020QT09: the Chancellor, he said what would happen if you did X, Y, Z","type":"L","timestamp":"2023-11-09 13:45:19"},{"nodeID":"1335434","text":"Asserting","type":"YA","timestamp":"2023-11-09 13:45:19"},{"nodeID":"1335435","text":"Default Rephrase","type":"MA","timestamp":"2023-11-09 13:45:19"},{"nodeID":"1335436","text":"Restating","type":"YA","timestamp":"2023-11-09 13:45:19"},{"nodeID":"1335437","text":"they did XYZ","type":"I","timestamp":"2023-11-09 13:45:19"},{"nodeID":"1335438","text":"AudienceMember 20221020QT09: they did XYZ","type":"L","timestamp":"2023-11-09 13:45:19"},{"nodeID":"1335439","text":"Analysing","type":"YA","timestamp":"2023-11-09 13:45:19"},{"nodeID":"1335440","text":"Dominika: AudienceMember 20221020QT09: they did XYZ","type":"L","timestamp":"2023-11-09 13:45:19"},{"nodeID":"1335441","text":"Asserting","type":"YA","timestamp":"2023-11-09 13:45:19"},{"nodeID":"1335442","text":"what Rishi Sunak said would happen, happened","type":"I","timestamp":"2023-11-09 13:45:20"},{"nodeID":"1335443","text":"AudienceMember 20221020QT09: That's what happened","type":"L","timestamp":"2023-11-09 13:45:20"},{"nodeID":"1335444","text":"Analysing","type":"YA","timestamp":"2023-11-09 13:45:20"},{"nodeID":"1335445","text":"Dominika: AudienceMember 20221020QT09: That's what happened","type":"L","timestamp":"2023-11-09 13:45:20"},{"nodeID":"1335446","text":"Asserting","type":"YA","timestamp":"2023-11-09 13:45:20"},{"nodeID":"1335447","text":"Rishi Sunak must be sitting at home laughing his socks off","type":"I","timestamp":"2023-11-09 13:45:21"},{"nodeID":"1335448","text":"AudienceMember 20221020QT09: He must be sitting at home laughing his socks off","type":"L","timestamp":"2023-11-09 13:45:21"},{"nodeID":"1335449","text":"Analysing","type":"YA","timestamp":"2023-11-09 13:45:21"},{"nodeID":"1335450","text":"Dominika: AudienceMember 20221020QT09: He must be sitting at home laughing his socks off","type":"L","timestamp":"2023-11-09 13:45:21"},{"nodeID":"1335451","text":"Asserting","type":"YA","timestamp":"2023-11-09 13:45:21"},{"nodeID":"1335452","text":"Default Transition","type":"TA","timestamp":"2023-11-09 13:45:21"},{"nodeID":"1335453","text":"Default Inference","type":"RA","timestamp":"2023-11-09 13:45:21"},{"nodeID":"1335454","text":"Default Transition","type":"TA","timestamp":"2023-11-09 13:45:21"},{"nodeID":"1335455","text":"Default Transition","type":"TA","timestamp":"2023-11-09 13:45:21"},{"nodeID":"1335456","text":"Default Transition","type":"TA","timestamp":"2023-11-09 13:45:21"},{"nodeID":"1335457","text":"Arguing","type":"YA","timestamp":"2023-11-09 13:45:21"},{"nodeID":"1335458","text":"Default Rephrase","type":"MA","timestamp":"2023-11-09 13:45:21"},{"nodeID":"1335459","text":"Default Transition","type":"TA","timestamp":"2023-11-09 13:45:21"},{"nodeID":"1335460","text":"Restating","type":"YA","timestamp":"2023-11-09 13:45:21"},{"nodeID":"1335461","text":"Default Rephrase","type":"MA","timestamp":"2023-11-09 13:45:21"},{"nodeID":"1335462","text":"Default Transition","type":"TA","timestamp":"2023-11-09 13:45:21"},{"nodeID":"1335463","text":"Restating","type":"YA","timestamp":"2023-11-09 13:45:21"},{"nodeID":"1335464","text":"Default Rephrase","type":"MA","timestamp":"2023-11-09 13:45:21"},{"nodeID":"1335465","text":"Restating","type":"YA","timestamp":"2023-11-09 13:45:21"},{"nodeID":"1335466","text":"Default Conflict","type":"CA","timestamp":"2023-11-09 13:45:21"},{"nodeID":"1335467","text":"Disagreeing","type":"YA","timestamp":"2023-11-09 13:45:21"},{"nodeID":"1335468","text":"Default Rephrase","type":"MA","timestamp":"2023-11-09 13:45:21"},{"nodeID":"1335469","text":"Restating","type":"YA","timestamp":"2023-11-09 13:45:21"},{"nodeID":"1335470","text":"Agreeing","type":"YA","timestamp":"2023-11-09 13:45:21"}],"edges":[{"edgeID":"1750737","fromID":"1335265","toID":"1335264","formEdgeID":null},{"edgeID":"1750738","fromID":"1335266","toID":"1335265","formEdgeID":null},{"edgeID":"1750739","fromID":"1335264","toID":"1335267","formEdgeID":null},{"edgeID":"1750740","fromID":"1335267","toID":"1335263","formEdgeID":null},{"edgeID":"1750741","fromID":"1335270","toID":"1335269","formEdgeID":null},{"edgeID":"1750742","fromID":"1335271","toID":"1335270","formEdgeID":null},{"edgeID":"1750743","fromID":"1335269","toID":"1335272","formEdgeID":null},{"edgeID":"1750744","fromID":"1335272","toID":"1335268","formEdgeID":null},{"edgeID":"1750745","fromID":"1335264","toID":"1335273","formEdgeID":null},{"edgeID":"1750746","fromID":"1335273","toID":"1335269","formEdgeID":null},{"edgeID":"1750747","fromID":"1335268","toID":"1335274","formEdgeID":null},{"edgeID":"1750748","fromID":"1335274","toID":"1335263","formEdgeID":null},{"edgeID":"1750749","fromID":"1335273","toID":"1335275","formEdgeID":null},{"edgeID":"1750750","fromID":"1335275","toID":"1335274","formEdgeID":null},{"edgeID":"1750751","fromID":"1335278","toID":"1335277","formEdgeID":null},{"edgeID":"1750752","fromID":"1335279","toID":"1335278","formEdgeID":null},{"edgeID":"1750753","fromID":"1335277","toID":"1335280","formEdgeID":null},{"edgeID":"1750754","fromID":"1335280","toID":"1335276","formEdgeID":null},{"edgeID":"1750755","fromID":"1335264","toID":"1335281","formEdgeID":null},{"edgeID":"1750756","fromID":"1335281","toID":"1335277","formEdgeID":null},{"edgeID":"1750757","fromID":"1335276","toID":"1335282","formEdgeID":null},{"edgeID":"1750758","fromID":"1335282","toID":"1335263","formEdgeID":null},{"edgeID":"1750759","fromID":"1335281","toID":"1335283","formEdgeID":null},{"edgeID":"1750760","fromID":"1335283","toID":"1335282","formEdgeID":null},{"edgeID":"1750761","fromID":"1335286","toID":"1335285","formEdgeID":null},{"edgeID":"1750762","fromID":"1335287","toID":"1335286","formEdgeID":null},{"edgeID":"1750763","fromID":"1335285","toID":"1335288","formEdgeID":null},{"edgeID":"1750764","fromID":"1335288","toID":"1335284","formEdgeID":null},{"edgeID":"1750765","fromID":"1335291","toID":"1335290","formEdgeID":null},{"edgeID":"1750766","fromID":"1335292","toID":"1335291","formEdgeID":null},{"edgeID":"1750767","fromID":"1335290","toID":"1335293","formEdgeID":null},{"edgeID":"1750768","fromID":"1335293","toID":"1335289","formEdgeID":null},{"edgeID":"1750769","fromID":"1335296","toID":"1335295","formEdgeID":null},{"edgeID":"1750770","fromID":"1335297","toID":"1335296","formEdgeID":null},{"edgeID":"1750771","fromID":"1335295","toID":"1335298","formEdgeID":null},{"edgeID":"1750772","fromID":"1335298","toID":"1335294","formEdgeID":null},{"edgeID":"1750773","fromID":"1335301","toID":"1335300","formEdgeID":null},{"edgeID":"1750774","fromID":"1335302","toID":"1335301","formEdgeID":null},{"edgeID":"1750775","fromID":"1335300","toID":"1335303","formEdgeID":null},{"edgeID":"1750776","fromID":"1335303","toID":"1335299","formEdgeID":null},{"edgeID":"1750777","fromID":"1335306","toID":"1335305","formEdgeID":null},{"edgeID":"1750778","fromID":"1335307","toID":"1335306","formEdgeID":null},{"edgeID":"1750779","fromID":"1335305","toID":"1335308","formEdgeID":null},{"edgeID":"1750780","fromID":"1335308","toID":"1335304","formEdgeID":null},{"edgeID":"1750781","fromID":"1335311","toID":"1335310","formEdgeID":null},{"edgeID":"1750782","fromID":"1335312","toID":"1335311","formEdgeID":null},{"edgeID":"1750783","fromID":"1335310","toID":"1335313","formEdgeID":null},{"edgeID":"1750784","fromID":"1335313","toID":"1335309","formEdgeID":null},{"edgeID":"1750785","fromID":"1335277","toID":"1335314","formEdgeID":null},{"edgeID":"1750786","fromID":"1335314","toID":"1335285","formEdgeID":null},{"edgeID":"1750787","fromID":"1335285","toID":"1335315","formEdgeID":null},{"edgeID":"1750788","fromID":"1335315","toID":"1335290","formEdgeID":null},{"edgeID":"1750789","fromID":"1335290","toID":"1335316","formEdgeID":null},{"edgeID":"1750790","fromID":"1335316","toID":"1335295","formEdgeID":null},{"edgeID":"1750791","fromID":"1335295","toID":"1335317","formEdgeID":null},{"edgeID":"1750792","fromID":"1335317","toID":"1335300","formEdgeID":null},{"edgeID":"1750793","fromID":"1335300","toID":"1335318","formEdgeID":null},{"edgeID":"1750794","fromID":"1335318","toID":"1335305","formEdgeID":null},{"edgeID":"1750795","fromID":"1335305","toID":"1335319","formEdgeID":null},{"edgeID":"1750796","fromID":"1335319","toID":"1335310","formEdgeID":null},{"edgeID":"1750797","fromID":"1335289","toID":"1335320","formEdgeID":null},{"edgeID":"1750798","fromID":"1335320","toID":"1335284","formEdgeID":null},{"edgeID":"1750799","fromID":"1335315","toID":"1335321","formEdgeID":null},{"edgeID":"1750800","fromID":"1335321","toID":"1335320","formEdgeID":null},{"edgeID":"1750801","fromID":"1335299","toID":"1335322","formEdgeID":null},{"edgeID":"1750802","fromID":"1335322","toID":"1335294","formEdgeID":null},{"edgeID":"1750803","fromID":"1335317","toID":"1335323","formEdgeID":null},{"edgeID":"1750804","fromID":"1335323","toID":"1335322","formEdgeID":null},{"edgeID":"1750805","fromID":"1335326","toID":"1335325","formEdgeID":null},{"edgeID":"1750806","fromID":"1335327","toID":"1335326","formEdgeID":null},{"edgeID":"1750807","fromID":"1335325","toID":"1335328","formEdgeID":null},{"edgeID":"1750808","fromID":"1335328","toID":"1335324","formEdgeID":null},{"edgeID":"1750809","fromID":"1335310","toID":"1335329","formEdgeID":null},{"edgeID":"1750810","fromID":"1335329","toID":"1335325","formEdgeID":null},{"edgeID":"1750811","fromID":"1335332","toID":"1335331","formEdgeID":null},{"edgeID":"1750812","fromID":"1335333","toID":"1335332","formEdgeID":null},{"edgeID":"1750813","fromID":"1335331","toID":"1335334","formEdgeID":null},{"edgeID":"1750814","fromID":"1335334","toID":"1335330","formEdgeID":null},{"edgeID":"1750815","fromID":"1335325","toID":"1335335","formEdgeID":null},{"edgeID":"1750816","fromID":"1335335","toID":"1335331","formEdgeID":null},{"edgeID":"1750817","fromID":"1335330","toID":"1335336","formEdgeID":null},{"edgeID":"1750818","fromID":"1335336","toID":"1335324","formEdgeID":null},{"edgeID":"1750819","fromID":"1335335","toID":"1335337","formEdgeID":null},{"edgeID":"1750820","fromID":"1335337","toID":"1335336","formEdgeID":null},{"edgeID":"1750821","fromID":"1335340","toID":"1335339","formEdgeID":null},{"edgeID":"1750822","fromID":"1335341","toID":"1335340","formEdgeID":null},{"edgeID":"1750823","fromID":"1335339","toID":"1335342","formEdgeID":null},{"edgeID":"1750824","fromID":"1335342","toID":"1335338","formEdgeID":null},{"edgeID":"1750825","fromID":"1335331","toID":"1335343","formEdgeID":null},{"edgeID":"1750826","fromID":"1335343","toID":"1335339","formEdgeID":null},{"edgeID":"1750827","fromID":"1335346","toID":"1335345","formEdgeID":null},{"edgeID":"1750828","fromID":"1335347","toID":"1335346","formEdgeID":null},{"edgeID":"1750829","fromID":"1335345","toID":"1335348","formEdgeID":null},{"edgeID":"1750830","fromID":"1335348","toID":"1335344","formEdgeID":null},{"edgeID":"1750831","fromID":"1335339","toID":"1335349","formEdgeID":null},{"edgeID":"1750832","fromID":"1335349","toID":"1335345","formEdgeID":null},{"edgeID":"1750833","fromID":"1335352","toID":"1335351","formEdgeID":null},{"edgeID":"1750834","fromID":"1335353","toID":"1335352","formEdgeID":null},{"edgeID":"1750835","fromID":"1335351","toID":"1335354","formEdgeID":null},{"edgeID":"1750836","fromID":"1335354","toID":"1335350","formEdgeID":null},{"edgeID":"1750837","fromID":"1335345","toID":"1335355","formEdgeID":null},{"edgeID":"1750838","fromID":"1335355","toID":"1335351","formEdgeID":null},{"edgeID":"1750839","fromID":"1335358","toID":"1335357","formEdgeID":null},{"edgeID":"1750840","fromID":"1335359","toID":"1335358","formEdgeID":null},{"edgeID":"1750841","fromID":"1335357","toID":"1335360","formEdgeID":null},{"edgeID":"1750842","fromID":"1335360","toID":"1335356","formEdgeID":null},{"edgeID":"1750843","fromID":"1335350","toID":"1335361","formEdgeID":null},{"edgeID":"1750844","fromID":"1335361","toID":"1335344","formEdgeID":null},{"edgeID":"1750845","fromID":"1335356","toID":"1335362","formEdgeID":null},{"edgeID":"1750846","fromID":"1335362","toID":"1335350","formEdgeID":null},{"edgeID":"1750847","fromID":"1335351","toID":"1335363","formEdgeID":null},{"edgeID":"1750848","fromID":"1335363","toID":"1335357","formEdgeID":null},{"edgeID":"1750849","fromID":"1335355","toID":"1335364","formEdgeID":null},{"edgeID":"1750850","fromID":"1335364","toID":"1335361","formEdgeID":null},{"edgeID":"1750851","fromID":"1335363","toID":"1335365","formEdgeID":null},{"edgeID":"1750852","fromID":"1335365","toID":"1335362","formEdgeID":null},{"edgeID":"1750853","fromID":"1335368","toID":"1335367","formEdgeID":null},{"edgeID":"1750854","fromID":"1335369","toID":"1335368","formEdgeID":null},{"edgeID":"1750855","fromID":"1335367","toID":"1335370","formEdgeID":null},{"edgeID":"1750856","fromID":"1335370","toID":"1335366","formEdgeID":null},{"edgeID":"1750857","fromID":"1335373","toID":"1335372","formEdgeID":null},{"edgeID":"1750858","fromID":"1335374","toID":"1335373","formEdgeID":null},{"edgeID":"1750859","fromID":"1335372","toID":"1335375","formEdgeID":null},{"edgeID":"1750860","fromID":"1335375","toID":"1335371","formEdgeID":null},{"edgeID":"1750861","fromID":"1335378","toID":"1335377","formEdgeID":null},{"edgeID":"1750862","fromID":"1335379","toID":"1335378","formEdgeID":null},{"edgeID":"1750863","fromID":"1335377","toID":"1335380","formEdgeID":null},{"edgeID":"1750864","fromID":"1335380","toID":"1335376","formEdgeID":null},{"edgeID":"1750865","fromID":"1335357","toID":"1335381","formEdgeID":null},{"edgeID":"1750866","fromID":"1335381","toID":"1335367","formEdgeID":null},{"edgeID":"1750867","fromID":"1335367","toID":"1335382","formEdgeID":null},{"edgeID":"1750868","fromID":"1335382","toID":"1335372","formEdgeID":null},{"edgeID":"1750869","fromID":"1335372","toID":"1335383","formEdgeID":null},{"edgeID":"1750870","fromID":"1335383","toID":"1335377","formEdgeID":null},{"edgeID":"1750871","fromID":"1335371","toID":"1335384","formEdgeID":null},{"edgeID":"1750872","fromID":"1335384","toID":"1335366","formEdgeID":null},{"edgeID":"1750873","fromID":"1335376","toID":"1335385","formEdgeID":null},{"edgeID":"1750874","fromID":"1335385","toID":"1335371","formEdgeID":null},{"edgeID":"1750875","fromID":"1335382","toID":"1335386","formEdgeID":null},{"edgeID":"1750876","fromID":"1335386","toID":"1335384","formEdgeID":null},{"edgeID":"1750877","fromID":"1335383","toID":"1335387","formEdgeID":null},{"edgeID":"1750878","fromID":"1335387","toID":"1335385","formEdgeID":null},{"edgeID":"1750879","fromID":"1335390","toID":"1335389","formEdgeID":null},{"edgeID":"1750880","fromID":"1335391","toID":"1335390","formEdgeID":null},{"edgeID":"1750881","fromID":"1335389","toID":"1335392","formEdgeID":null},{"edgeID":"1750882","fromID":"1335392","toID":"1335388","formEdgeID":null},{"edgeID":"1750883","fromID":"1335377","toID":"1335393","formEdgeID":null},{"edgeID":"1750884","fromID":"1335393","toID":"1335389","formEdgeID":null},{"edgeID":"1750885","fromID":"1335396","toID":"1335395","formEdgeID":null},{"edgeID":"1750886","fromID":"1335397","toID":"1335396","formEdgeID":null},{"edgeID":"1750887","fromID":"1335395","toID":"1335398","formEdgeID":null},{"edgeID":"1750888","fromID":"1335398","toID":"1335394","formEdgeID":null},{"edgeID":"1750889","fromID":"1335389","toID":"1335399","formEdgeID":null},{"edgeID":"1750890","fromID":"1335399","toID":"1335395","formEdgeID":null},{"edgeID":"1750891","fromID":"1335401","toID":"1335400","formEdgeID":null},{"edgeID":"1750892","fromID":"1335402","toID":"1335401","formEdgeID":null},{"edgeID":"1750893","fromID":"1335395","toID":"1335403","formEdgeID":null},{"edgeID":"1750894","fromID":"1335403","toID":"1335400","formEdgeID":null},{"edgeID":"1750895","fromID":"1335406","toID":"1335405","formEdgeID":null},{"edgeID":"1750896","fromID":"1335407","toID":"1335406","formEdgeID":null},{"edgeID":"1750897","fromID":"1335405","toID":"1335408","formEdgeID":null},{"edgeID":"1750898","fromID":"1335408","toID":"1335404","formEdgeID":null},{"edgeID":"1750899","fromID":"1335400","toID":"1335409","formEdgeID":null},{"edgeID":"1750900","fromID":"1335409","toID":"1335405","formEdgeID":null},{"edgeID":"1750901","fromID":"1335412","toID":"1335411","formEdgeID":null},{"edgeID":"1750902","fromID":"1335413","toID":"1335412","formEdgeID":null},{"edgeID":"1750903","fromID":"1335411","toID":"1335414","formEdgeID":null},{"edgeID":"1750904","fromID":"1335414","toID":"1335410","formEdgeID":null},{"edgeID":"1750905","fromID":"1335405","toID":"1335415","formEdgeID":null},{"edgeID":"1750906","fromID":"1335415","toID":"1335411","formEdgeID":null},{"edgeID":"1750907","fromID":"1335410","toID":"1335416","formEdgeID":null},{"edgeID":"1750908","fromID":"1335416","toID":"1335404","formEdgeID":null},{"edgeID":"1750909","fromID":"1335415","toID":"1335417","formEdgeID":null},{"edgeID":"1750910","fromID":"1335417","toID":"1335416","formEdgeID":null},{"edgeID":"1750911","fromID":"1335420","toID":"1335419","formEdgeID":null},{"edgeID":"1750912","fromID":"1335421","toID":"1335420","formEdgeID":null},{"edgeID":"1750913","fromID":"1335419","toID":"1335422","formEdgeID":null},{"edgeID":"1750914","fromID":"1335422","toID":"1335418","formEdgeID":null},{"edgeID":"1750915","fromID":"1335411","toID":"1335423","formEdgeID":null},{"edgeID":"1750916","fromID":"1335423","toID":"1335419","formEdgeID":null},{"edgeID":"1750917","fromID":"1335426","toID":"1335425","formEdgeID":null},{"edgeID":"1750918","fromID":"1335427","toID":"1335426","formEdgeID":null},{"edgeID":"1750919","fromID":"1335425","toID":"1335428","formEdgeID":null},{"edgeID":"1750920","fromID":"1335428","toID":"1335424","formEdgeID":null},{"edgeID":"1750921","fromID":"1335419","toID":"1335429","formEdgeID":null},{"edgeID":"1750922","fromID":"1335429","toID":"1335425","formEdgeID":null},{"edgeID":"1750923","fromID":"1335432","toID":"1335431","formEdgeID":null},{"edgeID":"1750924","fromID":"1335433","toID":"1335432","formEdgeID":null},{"edgeID":"1750925","fromID":"1335431","toID":"1335434","formEdgeID":null},{"edgeID":"1750926","fromID":"1335434","toID":"1335430","formEdgeID":null},{"edgeID":"1750927","fromID":"1335424","toID":"1335435","formEdgeID":null},{"edgeID":"1750928","fromID":"1335435","toID":"1335418","formEdgeID":null},{"edgeID":"1750929","fromID":"1335429","toID":"1335436","formEdgeID":null},{"edgeID":"1750930","fromID":"1335436","toID":"1335435","formEdgeID":null},{"edgeID":"1750931","fromID":"1335439","toID":"1335438","formEdgeID":null},{"edgeID":"1750932","fromID":"1335440","toID":"1335439","formEdgeID":null},{"edgeID":"1750933","fromID":"1335438","toID":"1335441","formEdgeID":null},{"edgeID":"1750934","fromID":"1335441","toID":"1335437","formEdgeID":null},{"edgeID":"1750935","fromID":"1335444","toID":"1335443","formEdgeID":null},{"edgeID":"1750936","fromID":"1335445","toID":"1335444","formEdgeID":null},{"edgeID":"1750937","fromID":"1335443","toID":"1335446","formEdgeID":null},{"edgeID":"1750938","fromID":"1335446","toID":"1335442","formEdgeID":null},{"edgeID":"1750939","fromID":"1335449","toID":"1335448","formEdgeID":null},{"edgeID":"1750940","fromID":"1335450","toID":"1335449","formEdgeID":null},{"edgeID":"1750941","fromID":"1335448","toID":"1335451","formEdgeID":null},{"edgeID":"1750942","fromID":"1335451","toID":"1335447","formEdgeID":null},{"edgeID":"1750943","fromID":"1335425","toID":"1335452","formEdgeID":null},{"edgeID":"1750944","fromID":"1335452","toID":"1335431","formEdgeID":null},{"edgeID":"1750945","fromID":"1335430","toID":"1335453","formEdgeID":null},{"edgeID":"1750946","fromID":"1335453","toID":"1335447","formEdgeID":null},{"edgeID":"1750947","fromID":"1335437","toID":"1335453","formEdgeID":null},{"edgeID":"1750948","fromID":"1335442","toID":"1335453","formEdgeID":null},{"edgeID":"1750949","fromID":"1335431","toID":"1335454","formEdgeID":null},{"edgeID":"1750950","fromID":"1335454","toID":"1335448","formEdgeID":null},{"edgeID":"1750951","fromID":"1335438","toID":"1335455","formEdgeID":null},{"edgeID":"1750952","fromID":"1335455","toID":"1335448","formEdgeID":null},{"edgeID":"1750953","fromID":"1335443","toID":"1335456","formEdgeID":null},{"edgeID":"1750954","fromID":"1335456","toID":"1335448","formEdgeID":null},{"edgeID":"1750955","fromID":"1335454","toID":"1335457","formEdgeID":null},{"edgeID":"1750956","fromID":"1335457","toID":"1335453","formEdgeID":null},{"edgeID":"1750957","fromID":"1335447","toID":"1335458","formEdgeID":null},{"edgeID":"1750958","fromID":"1335458","toID":"1335366","formEdgeID":null},{"edgeID":"1750959","fromID":"1335367","toID":"1335459","formEdgeID":null},{"edgeID":"1750960","fromID":"1335459","toID":"1335448","formEdgeID":null},{"edgeID":"1750961","fromID":"1335459","toID":"1335460","formEdgeID":null},{"edgeID":"1750962","fromID":"1335460","toID":"1335458","formEdgeID":null},{"edgeID":"1750963","fromID":"1335430","toID":"1335461","formEdgeID":null},{"edgeID":"1750964","fromID":"1335461","toID":"1335376","formEdgeID":null},{"edgeID":"1750965","fromID":"1335377","toID":"1335462","formEdgeID":null},{"edgeID":"1750966","fromID":"1335462","toID":"1335431","formEdgeID":null},{"edgeID":"1750967","fromID":"1335462","toID":"1335463","formEdgeID":null},{"edgeID":"1750968","fromID":"1335463","toID":"1335461","formEdgeID":null},{"edgeID":"1750969","fromID":"1335294","toID":"1335464","formEdgeID":null},{"edgeID":"1750970","fromID":"1335464","toID":"1335289","formEdgeID":null},{"edgeID":"1750971","fromID":"1335316","toID":"1335465","formEdgeID":null},{"edgeID":"1750972","fromID":"1335465","toID":"1335464","formEdgeID":null},{"edgeID":"1750973","fromID":"1335309","toID":"1335466","formEdgeID":null},{"edgeID":"1750974","fromID":"1335466","toID":"1335304","formEdgeID":null},{"edgeID":"1750975","fromID":"1335319","toID":"1335467","formEdgeID":null},{"edgeID":"1750976","fromID":"1335467","toID":"1335466","formEdgeID":null},{"edgeID":"1750977","fromID":"1335338","toID":"1335468","formEdgeID":null},{"edgeID":"1750978","fromID":"1335468","toID":"1335330","formEdgeID":null},{"edgeID":"1750979","fromID":"1335343","toID":"1335469","formEdgeID":null},{"edgeID":"1750980","fromID":"1335469","toID":"1335468","formEdgeID":null},{"edgeID":"1750981","fromID":"1335403","toID":"1335470","formEdgeID":null},{"edgeID":"1750982","fromID":"1335470","toID":"1335394","formEdgeID":null}],"locutions":[]}