{"nodes":[{"nodeID":"1348633","text":"the bare facts are the health service is getting a greater proportion of the budget than when the SNP came to office","type":"I","timestamp":"2023-11-09 14:06:06"},{"nodeID":"1348634","text":"John Swinney: The bare facts are the health service is getting a greater proportion of our budget than when we came to office","type":"L","timestamp":"2023-11-09 14:06:06"},{"nodeID":"1348635","text":"Analysing","type":"YA","timestamp":"2023-11-09 14:06:06"},{"nodeID":"1348636","text":"Anon: John Swinney: The bare facts are the health service is getting a greater proportion of our budget than when we came to office","type":"L","timestamp":"2023-11-09 14:06:06"},{"nodeID":"1348637","text":"Asserting","type":"YA","timestamp":"2023-11-09 14:06:06"},{"nodeID":"1348638","text":"the bare facts are that there's a record number of staff in the Health Service","type":"I","timestamp":"2023-11-09 14:06:07"},{"nodeID":"1348639","text":"John Swinney: there's a record number of staff in the Health Service","type":"L","timestamp":"2023-11-09 14:06:07"},{"nodeID":"1348640","text":"Analysing","type":"YA","timestamp":"2023-11-09 14:06:07"},{"nodeID":"1348641","text":"Anon: John Swinney: there's a record number of staff in the Health Service","type":"L","timestamp":"2023-11-09 14:06:07"},{"nodeID":"1348642","text":"Asserting","type":"YA","timestamp":"2023-11-09 14:06:07"},{"nodeID":"1348643","text":"Default Transition","type":"TA","timestamp":"2023-11-09 14:06:07"}],"edges":[{"edgeID":"1766731","fromID":"1348635","toID":"1348634","formEdgeID":null},{"edgeID":"1766732","fromID":"1348636","toID":"1348635","formEdgeID":null},{"edgeID":"1766733","fromID":"1348634","toID":"1348637","formEdgeID":null},{"edgeID":"1766734","fromID":"1348637","toID":"1348633","formEdgeID":null},{"edgeID":"1766735","fromID":"1348640","toID":"1348639","formEdgeID":null},{"edgeID":"1766736","fromID":"1348641","toID":"1348640","formEdgeID":null},{"edgeID":"1766737","fromID":"1348639","toID":"1348642","formEdgeID":null},{"edgeID":"1766738","fromID":"1348642","toID":"1348638","formEdgeID":null},{"edgeID":"1766739","fromID":"1348634","toID":"1348643","formEdgeID":null},{"edgeID":"1766740","fromID":"1348643","toID":"1348639","formEdgeID":null}],"locutions":[]}