{"nodes":[{"nodeID":"1334237","text":"Isabel Hardman wrote a book: \"Why we get the wrong politicians\"","type":"I","timestamp":"2023-11-09 13:43:31"},{"nodeID":"1334238","text":"Fiona Bruce: you wrote a book: \"Why we get the wrong politicians\"","type":"L","timestamp":"2023-11-09 13:43:31"},{"nodeID":"1334239","text":"Analysing","type":"YA","timestamp":"2023-11-09 13:43:31"},{"nodeID":"1334240","text":"Anon: Fiona Bruce: you wrote a book: \"Why we get the wrong politicians\"","type":"L","timestamp":"2023-11-09 13:43:31"},{"nodeID":"1334241","text":"Asserting","type":"YA","timestamp":"2023-11-09 13:43:31"},{"nodeID":"1334242","text":"Fiona Bruce is not suggesting that we get wrong politicians","type":"I","timestamp":"2023-11-09 13:43:32"},{"nodeID":"1334243","text":"Fiona Bruce: I'm not suggesting that's what we have here","type":"L","timestamp":"2023-11-09 13:43:32"},{"nodeID":"1334244","text":"Analysing","type":"YA","timestamp":"2023-11-09 13:43:32"},{"nodeID":"1334245","text":"Anon: Fiona Bruce: I'm not suggesting that's what we have here","type":"L","timestamp":"2023-11-09 13:43:32"},{"nodeID":"1334246","text":"Asserting","type":"YA","timestamp":"2023-11-09 13:43:32"},{"nodeID":"1334247","text":"Default Transition","type":"TA","timestamp":"2023-11-09 13:43:32"},{"nodeID":"1334248","text":"Fiona Bruce is not making a judgement on whether we get wrong politicians","type":"I","timestamp":"2023-11-09 13:43:33"},{"nodeID":"1334249","text":"Fiona Bruce: I'm not making a judgement on that at all","type":"L","timestamp":"2023-11-09 13:43:33"},{"nodeID":"1334250","text":"Analysing","type":"YA","timestamp":"2023-11-09 13:43:33"},{"nodeID":"1334251","text":"Anon: Fiona Bruce: I'm not making a judgement on that at all","type":"L","timestamp":"2023-11-09 13:43:33"},{"nodeID":"1334252","text":"Asserting","type":"YA","timestamp":"2023-11-09 13:43:33"},{"nodeID":"1334253","text":"Default Transition","type":"TA","timestamp":"2023-11-09 13:43:33"},{"nodeID":"1334254","text":"Default Rephrase","type":"MA","timestamp":"2023-11-09 13:43:33"},{"nodeID":"1334255","text":"Restating","type":"YA","timestamp":"2023-11-09 13:43:33"},{"nodeID":"1334256","text":"Liz Truss can or cannot unite her backbenchers and calm the market","type":"I","timestamp":"2023-11-09 13:43:34"},{"nodeID":"1334257","text":"Fiona Bruce: Can Liz Truss unite her backbenchers and calm the market","type":"L","timestamp":"2023-11-09 13:43:34"},{"nodeID":"1334258","text":"Analysing","type":"YA","timestamp":"2023-11-09 13:43:34"},{"nodeID":"1334259","text":"Anon: Fiona Bruce: Can Liz Truss unite her backbenchers and calm the market","type":"L","timestamp":"2023-11-09 13:43:34"},{"nodeID":"1334260","text":"Pure Questioning","type":"YA","timestamp":"2023-11-09 13:43:34"},{"nodeID":"1334261","text":"Default Transition","type":"TA","timestamp":"2023-11-09 13:43:34"},{"nodeID":"1334262","text":"the situation with the lack of unity between Liz Truss' backbenchers and the market has or hasn't gone too far","type":"I","timestamp":"2023-11-09 13:43:35"},{"nodeID":"1334263","text":"Fiona Bruce: has it gone too far","type":"L","timestamp":"2023-11-09 13:43:35"},{"nodeID":"1334264","text":"Analysing","type":"YA","timestamp":"2023-11-09 13:43:35"},{"nodeID":"1334265","text":"Anon: Fiona Bruce: has it gone too far","type":"L","timestamp":"2023-11-09 13:43:35"},{"nodeID":"1334266","text":"Pure Questioning","type":"YA","timestamp":"2023-11-09 13:43:35"},{"nodeID":"1334267","text":"Default Transition","type":"TA","timestamp":"2023-11-09 13:43:35"},{"nodeID":"1334268","text":"it is hard to see how Liz Truss can unite her backbenchers and\/or calm the market","type":"I","timestamp":"2023-11-09 13:43:36"},{"nodeID":"1334269","text":"Isabel Hardman: it is hard to see how she can do either\/or both of those things","type":"L","timestamp":"2023-11-09 13:43:36"},{"nodeID":"1334270","text":"Analysing","type":"YA","timestamp":"2023-11-09 13:43:36"},{"nodeID":"1334271","text":"Anon: Isabel Hardman: it is hard to see how she can do either\/or both of those things","type":"L","timestamp":"2023-11-09 13:43:36"},{"nodeID":"1334272","text":"Asserting","type":"YA","timestamp":"2023-11-09 13:43:36"},{"nodeID":"1334273","text":"Default Transition","type":"TA","timestamp":"2023-11-09 13:43:36"},{"nodeID":"1334274","text":"Default Rephrase","type":"MA","timestamp":"2023-11-09 13:43:36"},{"nodeID":"1334275","text":"Default Illocuting","type":"YA","timestamp":"2023-11-09 13:43:36"},{"nodeID":"1334276","text":"Liz Truss has framed herself as somebody who takes decisions without thinking them through","type":"I","timestamp":"2023-11-09 13:43:36"},{"nodeID":"1334277","text":"Isabel Hardman: she has framed herself as somebody who takes decisions without thinking them through","type":"L","timestamp":"2023-11-09 13:43:36"},{"nodeID":"1334278","text":"Analysing","type":"YA","timestamp":"2023-11-09 13:43:36"},{"nodeID":"1334279","text":"Anon: Isabel Hardman: she has framed herself as somebody who takes decisions without thinking them through","type":"L","timestamp":"2023-11-09 13:43:36"},{"nodeID":"1334280","text":"Asserting","type":"YA","timestamp":"2023-11-09 13:43:36"},{"nodeID":"1334281","text":"Default Transition","type":"TA","timestamp":"2023-11-09 13:43:36"},{"nodeID":"1334282","text":"Default Inference","type":"RA","timestamp":"2023-11-09 13:43:36"},{"nodeID":"1334283","text":"Arguing","type":"YA","timestamp":"2023-11-09 13:43:36"},{"nodeID":"1334284","text":"Liz Truss makes decisions and then reverses them","type":"I","timestamp":"2023-11-09 13:43:37"},{"nodeID":"1334285","text":"Isabel Hardman: then reverses them","type":"L","timestamp":"2023-11-09 13:43:37"},{"nodeID":"1334286","text":"Analysing","type":"YA","timestamp":"2023-11-09 13:43:37"},{"nodeID":"1334287","text":"Anon: Isabel Hardman: then reverses them","type":"L","timestamp":"2023-11-09 13:43:37"},{"nodeID":"1334288","text":"Asserting","type":"YA","timestamp":"2023-11-09 13:43:37"},{"nodeID":"1334289","text":"Default Transition","type":"TA","timestamp":"2023-11-09 13:43:37"},{"nodeID":"1334290","text":"Default Inference","type":"RA","timestamp":"2023-11-09 13:43:37"},{"nodeID":"1334291","text":"Arguing","type":"YA","timestamp":"2023-11-09 13:43:37"},{"nodeID":"1334292","text":"the inflation in the United States, Australia, and Canada is at higher levels than in the United Kingdom","type":"I","timestamp":"2023-11-09 13:43:38"},{"nodeID":"1334293","text":"Isabel Hardman: I appreciate what Douglas says about the world dynamics","type":"L","timestamp":"2023-11-09 13:43:38"},{"nodeID":"1334294","text":"Analysing","type":"YA","timestamp":"2023-11-09 13:43:38"},{"nodeID":"1334295","text":"Anon: Isabel Hardman: I appreciate what Douglas says about the world dynamics","type":"L","timestamp":"2023-11-09 13:43:38"},{"nodeID":"1334296","text":"Douglas Ross: the world dynamics","type":"L","timestamp":"2023-11-09 13:43:38"},{"nodeID":"1334297","text":"Analysing","type":"YA","timestamp":"2023-11-09 13:43:38"},{"nodeID":"1334298","text":"Anon: Douglas Ross: I appreciate what Douglas says about the world dynamics","type":"L","timestamp":"2023-11-09 13:43:38"},{"nodeID":"1334299","text":"Default Transition","type":"TA","timestamp":"2023-11-09 13:43:38"},{"nodeID":"1334300","text":"Asserting","type":"YA","timestamp":"2023-11-09 13:43:38"},{"nodeID":"1334301","text":"Asserting","type":"YA","timestamp":"2023-11-09 13:43:38"},{"nodeID":"1334302","text":"there's not a global pandemic of U-turns","type":"I","timestamp":"2023-11-09 13:43:39"},{"nodeID":"1334303","text":"Isabel Hardman: there's not a global pandemic of U-turns","type":"L","timestamp":"2023-11-09 13:43:39"},{"nodeID":"1334304","text":"Analysing","type":"YA","timestamp":"2023-11-09 13:43:39"},{"nodeID":"1334305","text":"Anon: Isabel Hardman: there's not a global pandemic of U-turns","type":"L","timestamp":"2023-11-09 13:43:39"},{"nodeID":"1334306","text":"Asserting","type":"YA","timestamp":"2023-11-09 13:43:39"},{"nodeID":"1334307","text":"Default Transition","type":"TA","timestamp":"2023-11-09 13:43:39"},{"nodeID":"1334308","text":"reversing decisions is a specific problem to the Liz Truss administration","type":"I","timestamp":"2023-11-09 13:43:40"},{"nodeID":"1334309","text":"Isabel Hardman: This is a specific problem to the Truss administration","type":"L","timestamp":"2023-11-09 13:43:40"},{"nodeID":"1334310","text":"Analysing","type":"YA","timestamp":"2023-11-09 13:43:40"},{"nodeID":"1334311","text":"Anon: Isabel Hardman: This is a specific problem to the Truss administration","type":"L","timestamp":"2023-11-09 13:43:40"},{"nodeID":"1334312","text":"Asserting","type":"YA","timestamp":"2023-11-09 13:43:40"},{"nodeID":"1334313","text":"Default Transition","type":"TA","timestamp":"2023-11-09 13:43:40"},{"nodeID":"1334314","text":"Default Inference","type":"RA","timestamp":"2023-11-09 13:43:40"},{"nodeID":"1334315","text":"Arguing","type":"YA","timestamp":"2023-11-09 13:43:40"},{"nodeID":"1334316","text":"Liz Truss has lost the confidence of her backbenchers","type":"I","timestamp":"2023-11-09 13:43:40"},{"nodeID":"1334317","text":"Isabel Hardman:  she has lost the confidence of her backbenchers","type":"L","timestamp":"2023-11-09 13:43:40"},{"nodeID":"1334318","text":"Analysing","type":"YA","timestamp":"2023-11-09 13:43:40"},{"nodeID":"1334319","text":"Anon: Isabel Hardman:  she has lost the confidence of her backbenchers","type":"L","timestamp":"2023-11-09 13:43:40"},{"nodeID":"1334320","text":"Asserting","type":"YA","timestamp":"2023-11-09 13:43:40"},{"nodeID":"1334321","text":"Default Transition","type":"TA","timestamp":"2023-11-09 13:43:40"},{"nodeID":"1334322","text":"Default Inference","type":"RA","timestamp":"2023-11-09 13:43:40"},{"nodeID":"1334323","text":"Arguing","type":"YA","timestamp":"2023-11-09 13:43:40"},{"nodeID":"1334324","text":"many MPs, Douglas's colleagues are getting in touch with Isabel Hardman with long lists, longer than her weekly shopping list of things Liz Truss needs to change about her operation","type":"I","timestamp":"2023-11-09 13:43:41"},{"nodeID":"1334325","text":"Isabel Hardman: many MPs, Douglas's colleagues getting in touch with me with long lists, longer than my weekly shopping list of things she needs to change about her operation","type":"L","timestamp":"2023-11-09 13:43:41"},{"nodeID":"1334326","text":"Analysing","type":"YA","timestamp":"2023-11-09 13:43:41"},{"nodeID":"1334327","text":"Anon: Isabel Hardman: many MPs, Douglas's colleagues getting in touch with me with long lists, longer than my weekly shopping list of things she needs to change about her operation","type":"L","timestamp":"2023-11-09 13:43:41"},{"nodeID":"1334328","text":"Asserting","type":"YA","timestamp":"2023-11-09 13:43:41"},{"nodeID":"1334329","text":"Default Transition","type":"TA","timestamp":"2023-11-09 13:43:41"},{"nodeID":"1334330","text":"Default Rephrase","type":"MA","timestamp":"2023-11-09 13:43:41"},{"nodeID":"1334331","text":"Restating","type":"YA","timestamp":"2023-11-09 13:43:41"},{"nodeID":"1334332","text":"Liz Truss doesn't have a chance of surviving to the next election","type":"I","timestamp":"2023-11-09 13:43:42"},{"nodeID":"1334333","text":"Isabel Hardman: to have a chance of surviving to the next election","type":"L","timestamp":"2023-11-09 13:43:42"},{"nodeID":"1334334","text":"Analysing","type":"YA","timestamp":"2023-11-09 13:43:42"},{"nodeID":"1334335","text":"Anon: Isabel Hardman: to have a chance of surviving to the next election","type":"L","timestamp":"2023-11-09 13:43:42"},{"nodeID":"1334336","text":"Asserting","type":"YA","timestamp":"2023-11-09 13:43:42"},{"nodeID":"1334337","text":"Default Transition","type":"TA","timestamp":"2023-11-09 13:43:42"},{"nodeID":"1334338","text":"Default Inference","type":"RA","timestamp":"2023-11-09 13:43:42"},{"nodeID":"1334339","text":"Arguing","type":"YA","timestamp":"2023-11-09 13:43:42"},{"nodeID":"1334340","text":"MPs who are getting in touch with Isabel Hardman about the things that Liz Truss needs to change, price into those shopping lists the fact that they are going to lose the next election","type":"I","timestamp":"2023-11-09 13:43:43"},{"nodeID":"1334341","text":"Isabel Hardman: What they price into those shopping lists is they are going to lose the next election","type":"L","timestamp":"2023-11-09 13:43:43"},{"nodeID":"1334342","text":"Analysing","type":"YA","timestamp":"2023-11-09 13:43:43"},{"nodeID":"1334343","text":"Anon: Isabel Hardman: What they price into those shopping lists is they are going to lose the next election","type":"L","timestamp":"2023-11-09 13:43:43"},{"nodeID":"1334344","text":"Asserting","type":"YA","timestamp":"2023-11-09 13:43:43"},{"nodeID":"1334345","text":"Default Transition","type":"TA","timestamp":"2023-11-09 13:43:43"},{"nodeID":"1334346","text":"Default Rephrase","type":"MA","timestamp":"2023-11-09 13:43:43"},{"nodeID":"1334347","text":"Restating","type":"YA","timestamp":"2023-11-09 13:43:43"},{"nodeID":"1334348","text":"the Conservative Party in the final months of Boris Johnson, felt like a party longing for a spell in the political equivalent of rehab","type":"I","timestamp":"2023-11-09 13:43:44"},{"nodeID":"1334349","text":"Isabel Hardman:  the Conservative Party, really, over the past -- really in the final months of Boris Johnson, it felt like a party longing for a spell in the political equivalent of rehab","type":"L","timestamp":"2023-11-09 13:43:44"},{"nodeID":"1334350","text":"Analysing","type":"YA","timestamp":"2023-11-09 13:43:44"},{"nodeID":"1334351","text":"Anon: Isabel Hardman:  the Conservative Party, really, over the past -- really in the final months of Boris Johnson, it felt like a party longing for a spell in the political equivalent of rehab","type":"L","timestamp":"2023-11-09 13:43:44"},{"nodeID":"1334352","text":"Asserting","type":"YA","timestamp":"2023-11-09 13:43:44"},{"nodeID":"1334353","text":"Default Transition","type":"TA","timestamp":"2023-11-09 13:43:44"},{"nodeID":"1334354","text":"Default Inference","type":"RA","timestamp":"2023-11-09 13:43:44"},{"nodeID":"1334355","text":"Arguing","type":"YA","timestamp":"2023-11-09 13:43:44"},{"nodeID":"1334356","text":"Conservative Party wants to go into opposition","type":"I","timestamp":"2023-11-09 13:43:44"},{"nodeID":"1334357","text":"Isabel Hardman:  It wants to go into opposition","type":"L","timestamp":"2023-11-09 13:43:44"},{"nodeID":"1334358","text":"Analysing","type":"YA","timestamp":"2023-11-09 13:43:44"},{"nodeID":"1334359","text":"Anon: Isabel Hardman:  It wants to go into opposition","type":"L","timestamp":"2023-11-09 13:43:44"},{"nodeID":"1334360","text":"Asserting","type":"YA","timestamp":"2023-11-09 13:43:44"},{"nodeID":"1334361","text":"Default Transition","type":"TA","timestamp":"2023-11-09 13:43:44"},{"nodeID":"1334362","text":"Default Rephrase","type":"MA","timestamp":"2023-11-09 13:43:44"},{"nodeID":"1334363","text":"Restating","type":"YA","timestamp":"2023-11-09 13:43:44"}],"edges":[{"edgeID":"1749486","fromID":"1334239","toID":"1334238","formEdgeID":null},{"edgeID":"1749487","fromID":"1334240","toID":"1334239","formEdgeID":null},{"edgeID":"1749488","fromID":"1334238","toID":"1334241","formEdgeID":null},{"edgeID":"1749489","fromID":"1334241","toID":"1334237","formEdgeID":null},{"edgeID":"1749490","fromID":"1334244","toID":"1334243","formEdgeID":null},{"edgeID":"1749491","fromID":"1334245","toID":"1334244","formEdgeID":null},{"edgeID":"1749492","fromID":"1334243","toID":"1334246","formEdgeID":null},{"edgeID":"1749493","fromID":"1334246","toID":"1334242","formEdgeID":null},{"edgeID":"1749494","fromID":"1334238","toID":"1334247","formEdgeID":null},{"edgeID":"1749495","fromID":"1334247","toID":"1334243","formEdgeID":null},{"edgeID":"1749496","fromID":"1334250","toID":"1334249","formEdgeID":null},{"edgeID":"1749497","fromID":"1334251","toID":"1334250","formEdgeID":null},{"edgeID":"1749498","fromID":"1334249","toID":"1334252","formEdgeID":null},{"edgeID":"1749499","fromID":"1334252","toID":"1334248","formEdgeID":null},{"edgeID":"1749500","fromID":"1334243","toID":"1334253","formEdgeID":null},{"edgeID":"1749501","fromID":"1334253","toID":"1334249","formEdgeID":null},{"edgeID":"1749502","fromID":"1334248","toID":"1334254","formEdgeID":null},{"edgeID":"1749503","fromID":"1334254","toID":"1334242","formEdgeID":null},{"edgeID":"1749504","fromID":"1334253","toID":"1334255","formEdgeID":null},{"edgeID":"1749505","fromID":"1334255","toID":"1334254","formEdgeID":null},{"edgeID":"1749506","fromID":"1334258","toID":"1334257","formEdgeID":null},{"edgeID":"1749507","fromID":"1334259","toID":"1334258","formEdgeID":null},{"edgeID":"1749508","fromID":"1334257","toID":"1334260","formEdgeID":null},{"edgeID":"1749509","fromID":"1334260","toID":"1334256","formEdgeID":null},{"edgeID":"1749510","fromID":"1334249","toID":"1334261","formEdgeID":null},{"edgeID":"1749511","fromID":"1334261","toID":"1334257","formEdgeID":null},{"edgeID":"1749512","fromID":"1334264","toID":"1334263","formEdgeID":null},{"edgeID":"1749513","fromID":"1334265","toID":"1334264","formEdgeID":null},{"edgeID":"1749514","fromID":"1334263","toID":"1334266","formEdgeID":null},{"edgeID":"1749515","fromID":"1334266","toID":"1334262","formEdgeID":null},{"edgeID":"1749516","fromID":"1334257","toID":"1334267","formEdgeID":null},{"edgeID":"1749517","fromID":"1334267","toID":"1334263","formEdgeID":null},{"edgeID":"1749518","fromID":"1334270","toID":"1334269","formEdgeID":null},{"edgeID":"1749519","fromID":"1334271","toID":"1334270","formEdgeID":null},{"edgeID":"1749520","fromID":"1334269","toID":"1334272","formEdgeID":null},{"edgeID":"1749521","fromID":"1334272","toID":"1334268","formEdgeID":null},{"edgeID":"1749522","fromID":"1334257","toID":"1334273","formEdgeID":null},{"edgeID":"1749523","fromID":"1334273","toID":"1334269","formEdgeID":null},{"edgeID":"1749524","fromID":"1334268","toID":"1334274","formEdgeID":null},{"edgeID":"1749525","fromID":"1334274","toID":"1334256","formEdgeID":null},{"edgeID":"1749526","fromID":"1334273","toID":"1334275","formEdgeID":null},{"edgeID":"1749527","fromID":"1334275","toID":"1334274","formEdgeID":null},{"edgeID":"1749528","fromID":"1334278","toID":"1334277","formEdgeID":null},{"edgeID":"1749529","fromID":"1334279","toID":"1334278","formEdgeID":null},{"edgeID":"1749530","fromID":"1334277","toID":"1334280","formEdgeID":null},{"edgeID":"1749531","fromID":"1334280","toID":"1334276","formEdgeID":null},{"edgeID":"1749532","fromID":"1334269","toID":"1334281","formEdgeID":null},{"edgeID":"1749533","fromID":"1334281","toID":"1334277","formEdgeID":null},{"edgeID":"1749534","fromID":"1334276","toID":"1334282","formEdgeID":null},{"edgeID":"1749535","fromID":"1334282","toID":"1334268","formEdgeID":null},{"edgeID":"1749536","fromID":"1334281","toID":"1334283","formEdgeID":null},{"edgeID":"1749537","fromID":"1334283","toID":"1334282","formEdgeID":null},{"edgeID":"1749538","fromID":"1334286","toID":"1334285","formEdgeID":null},{"edgeID":"1749539","fromID":"1334287","toID":"1334286","formEdgeID":null},{"edgeID":"1749540","fromID":"1334285","toID":"1334288","formEdgeID":null},{"edgeID":"1749541","fromID":"1334288","toID":"1334284","formEdgeID":null},{"edgeID":"1749542","fromID":"1334269","toID":"1334289","formEdgeID":null},{"edgeID":"1749543","fromID":"1334289","toID":"1334285","formEdgeID":null},{"edgeID":"1749544","fromID":"1334284","toID":"1334290","formEdgeID":null},{"edgeID":"1749545","fromID":"1334290","toID":"1334268","formEdgeID":null},{"edgeID":"1749546","fromID":"1334289","toID":"1334291","formEdgeID":null},{"edgeID":"1749547","fromID":"1334291","toID":"1334290","formEdgeID":null},{"edgeID":"1749548","fromID":"1334294","toID":"1334293","formEdgeID":null},{"edgeID":"1749549","fromID":"1334295","toID":"1334294","formEdgeID":null},{"edgeID":"1749550","fromID":"1334297","toID":"1334296","formEdgeID":null},{"edgeID":"1749551","fromID":"1334298","toID":"1334297","formEdgeID":null},{"edgeID":"1749552","fromID":"1334285","toID":"1334299","formEdgeID":null},{"edgeID":"1749553","fromID":"1334299","toID":"1334293","formEdgeID":null},{"edgeID":"1749554","fromID":"1334293","toID":"1334300","formEdgeID":null},{"edgeID":"1749555","fromID":"1334300","toID":"1334296","formEdgeID":null},{"edgeID":"1749556","fromID":"1334296","toID":"1334301","formEdgeID":null},{"edgeID":"1749557","fromID":"1334301","toID":"1334292","formEdgeID":null},{"edgeID":"1749558","fromID":"1334304","toID":"1334303","formEdgeID":null},{"edgeID":"1749559","fromID":"1334305","toID":"1334304","formEdgeID":null},{"edgeID":"1749560","fromID":"1334303","toID":"1334306","formEdgeID":null},{"edgeID":"1749561","fromID":"1334306","toID":"1334302","formEdgeID":null},{"edgeID":"1749562","fromID":"1334293","toID":"1334307","formEdgeID":null},{"edgeID":"1749563","fromID":"1334307","toID":"1334303","formEdgeID":null},{"edgeID":"1749564","fromID":"1334310","toID":"1334309","formEdgeID":null},{"edgeID":"1749565","fromID":"1334311","toID":"1334310","formEdgeID":null},{"edgeID":"1749566","fromID":"1334309","toID":"1334312","formEdgeID":null},{"edgeID":"1749567","fromID":"1334312","toID":"1334308","formEdgeID":null},{"edgeID":"1749568","fromID":"1334303","toID":"1334313","formEdgeID":null},{"edgeID":"1749569","fromID":"1334313","toID":"1334309","formEdgeID":null},{"edgeID":"1749570","fromID":"1334302","toID":"1334314","formEdgeID":null},{"edgeID":"1749571","fromID":"1334314","toID":"1334308","formEdgeID":null},{"edgeID":"1749572","fromID":"1334313","toID":"1334315","formEdgeID":null},{"edgeID":"1749573","fromID":"1334315","toID":"1334314","formEdgeID":null},{"edgeID":"1749574","fromID":"1334318","toID":"1334317","formEdgeID":null},{"edgeID":"1749575","fromID":"1334319","toID":"1334318","formEdgeID":null},{"edgeID":"1749576","fromID":"1334317","toID":"1334320","formEdgeID":null},{"edgeID":"1749577","fromID":"1334320","toID":"1334316","formEdgeID":null},{"edgeID":"1749578","fromID":"1334309","toID":"1334321","formEdgeID":null},{"edgeID":"1749579","fromID":"1334321","toID":"1334317","formEdgeID":null},{"edgeID":"1749580","fromID":"1334308","toID":"1334322","formEdgeID":null},{"edgeID":"1749581","fromID":"1334322","toID":"1334316","formEdgeID":null},{"edgeID":"1749582","fromID":"1334321","toID":"1334323","formEdgeID":null},{"edgeID":"1749583","fromID":"1334323","toID":"1334322","formEdgeID":null},{"edgeID":"1749584","fromID":"1334326","toID":"1334325","formEdgeID":null},{"edgeID":"1749585","fromID":"1334327","toID":"1334326","formEdgeID":null},{"edgeID":"1749586","fromID":"1334325","toID":"1334328","formEdgeID":null},{"edgeID":"1749587","fromID":"1334328","toID":"1334324","formEdgeID":null},{"edgeID":"1749588","fromID":"1334317","toID":"1334329","formEdgeID":null},{"edgeID":"1749589","fromID":"1334329","toID":"1334325","formEdgeID":null},{"edgeID":"1749590","fromID":"1334324","toID":"1334330","formEdgeID":null},{"edgeID":"1749591","fromID":"1334330","toID":"1334316","formEdgeID":null},{"edgeID":"1749592","fromID":"1334329","toID":"1334331","formEdgeID":null},{"edgeID":"1749593","fromID":"1334331","toID":"1334330","formEdgeID":null},{"edgeID":"1749594","fromID":"1334334","toID":"1334333","formEdgeID":null},{"edgeID":"1749595","fromID":"1334335","toID":"1334334","formEdgeID":null},{"edgeID":"1749596","fromID":"1334333","toID":"1334336","formEdgeID":null},{"edgeID":"1749597","fromID":"1334336","toID":"1334332","formEdgeID":null},{"edgeID":"1749598","fromID":"1334325","toID":"1334337","formEdgeID":null},{"edgeID":"1749599","fromID":"1334337","toID":"1334333","formEdgeID":null},{"edgeID":"1749600","fromID":"1334324","toID":"1334338","formEdgeID":null},{"edgeID":"1749601","fromID":"1334338","toID":"1334332","formEdgeID":null},{"edgeID":"1749602","fromID":"1334337","toID":"1334339","formEdgeID":null},{"edgeID":"1749603","fromID":"1334339","toID":"1334338","formEdgeID":null},{"edgeID":"1749604","fromID":"1334342","toID":"1334341","formEdgeID":null},{"edgeID":"1749605","fromID":"1334343","toID":"1334342","formEdgeID":null},{"edgeID":"1749606","fromID":"1334341","toID":"1334344","formEdgeID":null},{"edgeID":"1749607","fromID":"1334344","toID":"1334340","formEdgeID":null},{"edgeID":"1749608","fromID":"1334325","toID":"1334345","formEdgeID":null},{"edgeID":"1749609","fromID":"1334345","toID":"1334341","formEdgeID":null},{"edgeID":"1749610","fromID":"1334340","toID":"1334346","formEdgeID":null},{"edgeID":"1749611","fromID":"1334346","toID":"1334324","formEdgeID":null},{"edgeID":"1749612","fromID":"1334345","toID":"1334347","formEdgeID":null},{"edgeID":"1749613","fromID":"1334347","toID":"1334346","formEdgeID":null},{"edgeID":"1749614","fromID":"1334350","toID":"1334349","formEdgeID":null},{"edgeID":"1749615","fromID":"1334351","toID":"1334350","formEdgeID":null},{"edgeID":"1749616","fromID":"1334349","toID":"1334352","formEdgeID":null},{"edgeID":"1749617","fromID":"1334352","toID":"1334348","formEdgeID":null},{"edgeID":"1749618","fromID":"1334341","toID":"1334353","formEdgeID":null},{"edgeID":"1749619","fromID":"1334353","toID":"1334349","formEdgeID":null},{"edgeID":"1749620","fromID":"1334348","toID":"1334354","formEdgeID":null},{"edgeID":"1749621","fromID":"1334354","toID":"1334340","formEdgeID":null},{"edgeID":"1749622","fromID":"1334353","toID":"1334355","formEdgeID":null},{"edgeID":"1749623","fromID":"1334355","toID":"1334354","formEdgeID":null},{"edgeID":"1749624","fromID":"1334358","toID":"1334357","formEdgeID":null},{"edgeID":"1749625","fromID":"1334359","toID":"1334358","formEdgeID":null},{"edgeID":"1749626","fromID":"1334357","toID":"1334360","formEdgeID":null},{"edgeID":"1749627","fromID":"1334360","toID":"1334356","formEdgeID":null},{"edgeID":"1749628","fromID":"1334349","toID":"1334361","formEdgeID":null},{"edgeID":"1749629","fromID":"1334361","toID":"1334357","formEdgeID":null},{"edgeID":"1749630","fromID":"1334356","toID":"1334362","formEdgeID":null},{"edgeID":"1749631","fromID":"1334362","toID":"1334348","formEdgeID":null},{"edgeID":"1749632","fromID":"1334361","toID":"1334363","formEdgeID":null},{"edgeID":"1749633","fromID":"1334363","toID":"1334362","formEdgeID":null}],"locutions":[]}