{"nodes":[{"nodeID":"1337830","text":"for someone in Nicola Sturgeon's position it was or it was not right to incite more hatred in a divided society by saying she detests the Tories","type":"I","timestamp":"2023-11-09 13:49:46"},{"nodeID":"1337831","text":"AudienceMember 20221020QT42: Was it right for someone in Nicola Sturgeon's position to incite more hatred in a divided society by saying she detests the Tories","type":"L","timestamp":"2023-11-09 13:49:46"},{"nodeID":"1337832","text":"Analysing","type":"YA","timestamp":"2023-11-09 13:49:46"},{"nodeID":"1337833","text":"Dominika: AudienceMember 20221020QT42: Was it right for someone in Nicola Sturgeon's position to incite more hatred in a divided society by saying she detests the Tories","type":"L","timestamp":"2023-11-09 13:49:46"},{"nodeID":"1337834","text":"Pure Questioning","type":"YA","timestamp":"2023-11-09 13:49:46"},{"nodeID":"1337835","text":"AudienceMember 20221027QT43's view on Nicola Sturgeon inciting more hatred in a divided society by saying she detests the Tories is xxx","type":"I","timestamp":"2023-11-09 13:49:46"},{"nodeID":"1337836","text":"Fiona Bruce: What's your view","type":"L","timestamp":"2023-11-09 13:49:46"},{"nodeID":"1337837","text":"Analysing","type":"YA","timestamp":"2023-11-09 13:49:46"},{"nodeID":"1337838","text":"Dominika: Fiona Bruce: What's your view","type":"L","timestamp":"2023-11-09 13:49:46"},{"nodeID":"1337839","text":"Pure Questioning","type":"YA","timestamp":"2023-11-09 13:49:46"},{"nodeID":"1337840","text":"Default Transition","type":"TA","timestamp":"2023-11-09 13:49:46"},{"nodeID":"1337841","text":"AudienceMember 20221027QT43 thinks Nicola Sturgeon inciting more hatred in a divided society by saying she detests the Tories was reckless","type":"I","timestamp":"2023-11-09 13:49:47"},{"nodeID":"1337842","text":"AudienceMember 20221020QT43: I think it was reckless","type":"L","timestamp":"2023-11-09 13:49:47"},{"nodeID":"1337843","text":"Analysing","type":"YA","timestamp":"2023-11-09 13:49:47"},{"nodeID":"1337844","text":"Dominika: AudienceMember 20221020QT43: I think it was reckless","type":"L","timestamp":"2023-11-09 13:49:47"},{"nodeID":"1337845","text":"Asserting","type":"YA","timestamp":"2023-11-09 13:49:47"},{"nodeID":"1337846","text":"Default Transition","type":"TA","timestamp":"2023-11-09 13:49:47"},{"nodeID":"1337847","text":"Default Rephrase","type":"MA","timestamp":"2023-11-09 13:49:47"},{"nodeID":"1337848","text":"Default Illocuting","type":"YA","timestamp":"2023-11-09 13:49:47"},{"nodeID":"1337849","text":"Default Rephrase","type":"MA","timestamp":"2023-11-09 13:49:47"},{"nodeID":"1337850","text":"Restating","type":"YA","timestamp":"2023-11-09 13:49:47"},{"nodeID":"1337851","text":"Nicola Sturgeon is supposed to be representing the whole of Scotland","type":"I","timestamp":"2023-11-09 13:49:48"},{"nodeID":"1337852","text":"AudienceMember 20221020QT43: She is supposed to be representing the whole of Scotland","type":"L","timestamp":"2023-11-09 13:49:48"},{"nodeID":"1337853","text":"Analysing","type":"YA","timestamp":"2023-11-09 13:49:48"},{"nodeID":"1337854","text":"Dominika: AudienceMember 20221020QT43: She is supposed to be representing the whole of Scotland","type":"L","timestamp":"2023-11-09 13:49:48"},{"nodeID":"1337855","text":"Asserting","type":"YA","timestamp":"2023-11-09 13:49:48"},{"nodeID":"1337856","text":"Default Transition","type":"TA","timestamp":"2023-11-09 13:49:48"},{"nodeID":"1337857","text":"to come out with something like saying Nicola Sturgeon detests the Tories, it was terrible","type":"I","timestamp":"2023-11-09 13:49:49"},{"nodeID":"1337858","text":"AudienceMember 20221020QT43: To come out with something like that, it was terrible","type":"L","timestamp":"2023-11-09 13:49:49"},{"nodeID":"1337859","text":"Analysing","type":"YA","timestamp":"2023-11-09 13:49:49"},{"nodeID":"1337860","text":"Dominika: AudienceMember 20221020QT43: To come out with something like that, it was terrible","type":"L","timestamp":"2023-11-09 13:49:49"},{"nodeID":"1337861","text":"Asserting","type":"YA","timestamp":"2023-11-09 13:49:49"},{"nodeID":"1337862","text":"Default Inference","type":"RA","timestamp":"2023-11-09 13:49:49"},{"nodeID":"1337863","text":"Default Transition","type":"TA","timestamp":"2023-11-09 13:49:49"},{"nodeID":"1337864","text":"Arguing","type":"YA","timestamp":"2023-11-09 13:49:49"},{"nodeID":"1337865","text":"Nicola Sturgeon detests the Tories and everything they stand for","type":"I","timestamp":"2023-11-09 13:49:49"},{"nodeID":"1337866","text":"Fiona Bruce: \"I detest the Tories and everything they stand for\"","type":"L","timestamp":"2023-11-09 13:49:49"},{"nodeID":"1337867","text":"Analysing","type":"YA","timestamp":"2023-11-09 13:49:49"},{"nodeID":"1337868","text":"Dominika: Fiona Bruce: \"I detest the Tories and everything they stand for\"","type":"L","timestamp":"2023-11-09 13:49:49"},{"nodeID":"1337869","text":"Nicola Sturgeon: I detest the Tories and everything they stand for","type":"L","timestamp":"2023-11-09 13:49:49"},{"nodeID":"1337870","text":"Analysing","type":"YA","timestamp":"2023-11-09 13:49:49"},{"nodeID":"1337871","text":"Dominika: Nicola Sturgeon: \"I detest the Tories and everything they stand for\"","type":"L","timestamp":"2023-11-09 13:49:49"},{"nodeID":"1337872","text":"Asserting","type":"YA","timestamp":"2023-11-09 13:49:49"},{"nodeID":"1337873","text":"Asserting","type":"YA","timestamp":"2023-11-09 13:49:49"},{"nodeID":"1337874","text":"Default Transition","type":"TA","timestamp":"2023-11-09 13:49:49"},{"nodeID":"1337875","text":"Nicola Sturgeon was or was not right to say that she detest the Tories and everything they stand for","type":"I","timestamp":"2023-11-09 13:49:50"},{"nodeID":"1337876","text":"Fiona Bruce: was she right to say that","type":"L","timestamp":"2023-11-09 13:49:50"},{"nodeID":"1337877","text":"Analysing","type":"YA","timestamp":"2023-11-09 13:49:50"},{"nodeID":"1337878","text":"Dominika: Fiona Bruce: was she right to say that","type":"L","timestamp":"2023-11-09 13:49:50"},{"nodeID":"1337879","text":"Pure Questioning","type":"YA","timestamp":"2023-11-09 13:49:50"},{"nodeID":"1337880","text":"Default Transition","type":"TA","timestamp":"2023-11-09 13:49:50"},{"nodeID":"1337881","text":"Default Rephrase","type":"MA","timestamp":"2023-11-09 13:49:50"},{"nodeID":"1337882","text":"Default Transition","type":"TA","timestamp":"2023-11-09 13:49:50"},{"nodeID":"1337883","text":"Restating","type":"YA","timestamp":"2023-11-09 13:49:50"},{"nodeID":"1337884","text":"when you take the whole quote, what Nicola Sturgeon was talking about","type":"I","timestamp":"2023-11-09 13:49:51"},{"nodeID":"1337885","text":"John Swinney: When you take the whole quote, what the First Minister was talking about, as she said","type":"L","timestamp":"2023-11-09 13:49:51"},{"nodeID":"1337886","text":"Analysing","type":"YA","timestamp":"2023-11-09 13:49:51"},{"nodeID":"1337887","text":"Dominika: John Swinney: When you take the whole quote, what the First Minister was talking about, as she said","type":"L","timestamp":"2023-11-09 13:49:51"},{"nodeID":"1337888","text":"Asserting","type":"YA","timestamp":"2023-11-09 13:49:51"},{"nodeID":"1337889","text":"Default Transition","type":"TA","timestamp":"2023-11-09 13:49:51"},{"nodeID":"1337890","text":"Fiona Bruce is only quoting","type":"I","timestamp":"2023-11-09 13:49:52"},{"nodeID":"1337891","text":"Fiona Bruce:  I'm only quoting","type":"L","timestamp":"2023-11-09 13:49:52"},{"nodeID":"1337892","text":"Analysing","type":"YA","timestamp":"2023-11-09 13:49:52"},{"nodeID":"1337893","text":"Dominika: Fiona Bruce:  I'm only quoting","type":"L","timestamp":"2023-11-09 13:49:52"},{"nodeID":"1337894","text":"Asserting","type":"YA","timestamp":"2023-11-09 13:49:52"},{"nodeID":"1337895","text":"Default Transition","type":"TA","timestamp":"2023-11-09 13:49:52"},{"nodeID":"1337896","text":"Default Conflict","type":"CA","timestamp":"2023-11-09 13:49:52"},{"nodeID":"1337897","text":"Disagreeing","type":"YA","timestamp":"2023-11-09 13:49:52"},{"nodeID":"1337898","text":"Fiona Bruce did listen to that interview","type":"I","timestamp":"2023-11-09 13:49:52"},{"nodeID":"1337899","text":"Fiona Bruce: I did listen to that interview","type":"L","timestamp":"2023-11-09 13:49:52"},{"nodeID":"1337900","text":"Analysing","type":"YA","timestamp":"2023-11-09 13:49:52"},{"nodeID":"1337901","text":"Dominika: Fiona Bruce: I did listen to that interview","type":"L","timestamp":"2023-11-09 13:49:52"},{"nodeID":"1337902","text":"Asserting","type":"YA","timestamp":"2023-11-09 13:49:52"},{"nodeID":"1337903","text":"Default Transition","type":"TA","timestamp":"2023-11-09 13:49:52"},{"nodeID":"1337904","text":"Nicole Sturgeon detest the Tories and everything they stand for","type":"I","timestamp":"2023-11-09 13:49:53"},{"nodeID":"1337905","text":"Analysing","type":"YA","timestamp":"2023-11-09 13:49:53"},{"nodeID":"1337906","text":"Analysing","type":"YA","timestamp":"2023-11-09 13:49:53"},{"nodeID":"1337907","text":"Asserting","type":"YA","timestamp":"2023-11-09 13:49:53"},{"nodeID":"1337908","text":"Asserting","type":"YA","timestamp":"2023-11-09 13:49:53"},{"nodeID":"1337909","text":"Default Transition","type":"TA","timestamp":"2023-11-09 13:49:53"},{"nodeID":"1337910","text":"Default Inference","type":"RA","timestamp":"2023-11-09 13:49:53"},{"nodeID":"1337911","text":"Arguing","type":"YA","timestamp":"2023-11-09 13:49:53"},{"nodeID":"1337912","text":"Default Rephrase","type":"MA","timestamp":"2023-11-09 13:49:53"},{"nodeID":"1337913","text":"Default Transition","type":"TA","timestamp":"2023-11-09 13:49:53"},{"nodeID":"1337914","text":"Restating","type":"YA","timestamp":"2023-11-09 13:49:53"},{"nodeID":"1337915","text":"Nicola Sturgeon wasn't talking about Tory policy","type":"I","timestamp":"2023-11-09 13:49:54"},{"nodeID":"1337916","text":"Fiona Bruce: Not Tory policy","type":"L","timestamp":"2023-11-09 13:49:54"},{"nodeID":"1337917","text":"Analysing","type":"YA","timestamp":"2023-11-09 13:49:54"},{"nodeID":"1337918","text":"Dominika: Fiona Bruce: Not Tory policy","type":"L","timestamp":"2023-11-09 13:49:54"},{"nodeID":"1337919","text":"Asserting","type":"YA","timestamp":"2023-11-09 13:49:54"},{"nodeID":"1337920","text":"Default Transition","type":"TA","timestamp":"2023-11-09 13:49:54"},{"nodeID":"1337921","text":"John Swinney thinks that Tory policy is the interference Nicola Sturgeon was saying","type":"I","timestamp":"2023-11-09 13:49:55"},{"nodeID":"1337922","text":"John Swinney: I think that's the inference she was saying","type":"L","timestamp":"2023-11-09 13:49:55"},{"nodeID":"1337923","text":"Analysing","type":"YA","timestamp":"2023-11-09 13:49:55"},{"nodeID":"1337924","text":"Dominika: John Swinney: I think that's the inference she was saying","type":"L","timestamp":"2023-11-09 13:49:55"},{"nodeID":"1337925","text":"Asserting","type":"YA","timestamp":"2023-11-09 13:49:55"},{"nodeID":"1337926","text":"Default Transition","type":"TA","timestamp":"2023-11-09 13:49:55"},{"nodeID":"1337927","text":"Default Conflict","type":"CA","timestamp":"2023-11-09 13:49:55"},{"nodeID":"1337928","text":"Disagreeing","type":"YA","timestamp":"2023-11-09 13:49:55"},{"nodeID":"1337929","text":"Tory policy is or is not the interference that AudienceMember 20221027QT44 took","type":"I","timestamp":"2023-11-09 13:49:56"},{"nodeID":"1337930","text":"Fiona Bruce: Is that the interference you took?","type":"L","timestamp":"2023-11-09 13:49:56"},{"nodeID":"1337931","text":"Analysing","type":"YA","timestamp":"2023-11-09 13:49:56"},{"nodeID":"1337932","text":"Dominika: Fiona Bruce: Is that the interference you took?","type":"L","timestamp":"2023-11-09 13:49:56"},{"nodeID":"1337933","text":"Pure Questioning","type":"YA","timestamp":"2023-11-09 13:49:56"},{"nodeID":"1337934","text":"Default Transition","type":"TA","timestamp":"2023-11-09 13:49:56"},{"nodeID":"1337935","text":"Default Rephrase","type":"MA","timestamp":"2023-11-09 13:49:56"},{"nodeID":"1337936","text":"Restating","type":"YA","timestamp":"2023-11-09 13:49:56"},{"nodeID":"1337937","text":"AudienceMember 20221020QT44: No","type":"L","timestamp":"2023-11-09 13:49:56"},{"nodeID":"1337938","text":"Analysing","type":"YA","timestamp":"2023-11-09 13:49:56"},{"nodeID":"1337939","text":"Dominika: AudienceMember 20221020QT44: No","type":"L","timestamp":"2023-11-09 13:49:56"},{"nodeID":"1337940","text":"Default Transition","type":"TA","timestamp":"2023-11-09 13:49:56"},{"nodeID":"1337941","text":"Disagreeing","type":"YA","timestamp":"2023-11-09 13:49:56"},{"nodeID":"1337942","text":"John Swinney is expressing what Nicola Sturgeon said later in the day","type":"I","timestamp":"2023-11-09 13:49:56"},{"nodeID":"1337943","text":"John Swinney: I'm expressing what she said later in the day","type":"L","timestamp":"2023-11-09 13:49:56"},{"nodeID":"1337944","text":"Analysing","type":"YA","timestamp":"2023-11-09 13:49:56"},{"nodeID":"1337945","text":"Dominika: John Swinney: I'm expressing what she said later in the day","type":"L","timestamp":"2023-11-09 13:49:56"},{"nodeID":"1337946","text":"Asserting","type":"YA","timestamp":"2023-11-09 13:49:56"},{"nodeID":"1337947","text":"Default Rephrase","type":"MA","timestamp":"2023-11-09 13:49:56"},{"nodeID":"1337948","text":"Default Transition","type":"TA","timestamp":"2023-11-09 13:49:56"},{"nodeID":"1337949","text":"Restating","type":"YA","timestamp":"2023-11-09 13:49:56"},{"nodeID":"1337950","text":"you would or would not have said it","type":"I","timestamp":"2023-11-09 13:49:57"},{"nodeID":"1337951","text":"Fiona Bruce: What you have said it","type":"L","timestamp":"2023-11-09 13:49:57"},{"nodeID":"1337952","text":"Analysing","type":"YA","timestamp":"2023-11-09 13:49:57"},{"nodeID":"1337953","text":"Dominika: Fiona Bruce: What you have said it","type":"L","timestamp":"2023-11-09 13:49:57"},{"nodeID":"1337954","text":"Asserting","type":"YA","timestamp":"2023-11-09 13:49:57"},{"nodeID":"1337955","text":"Default Transition","type":"TA","timestamp":"2023-11-09 13:49:57"},{"nodeID":"1337956","text":"John Swinney wouldn't have chosen words used by Nicole Sturgeon","type":"I","timestamp":"2023-11-09 13:49:58"},{"nodeID":"1337957","text":"John Swinney: I wouldn't have chosen those words","type":"L","timestamp":"2023-11-09 13:49:58"},{"nodeID":"1337958","text":"Analysing","type":"YA","timestamp":"2023-11-09 13:49:58"},{"nodeID":"1337959","text":"Dominika: John Swinney: I wouldn't have chosen those words","type":"L","timestamp":"2023-11-09 13:49:58"},{"nodeID":"1337960","text":"Asserting","type":"YA","timestamp":"2023-11-09 13:49:58"},{"nodeID":"1337961","text":"John Swinney is not as direct as Nicole Sturgeon","type":"I","timestamp":"2023-11-09 13:49:59"},{"nodeID":"1337962","text":"John Swinney: I'm not as direct as the First Minister","type":"L","timestamp":"2023-11-09 13:49:59"},{"nodeID":"1337963","text":"Analysing","type":"YA","timestamp":"2023-11-09 13:49:59"},{"nodeID":"1337964","text":"Dominika: John Swinney: I'm not as direct as the First Minister","type":"L","timestamp":"2023-11-09 13:49:59"},{"nodeID":"1337965","text":"Asserting","type":"YA","timestamp":"2023-11-09 13:49:59"},{"nodeID":"1337966","text":"Default Transition","type":"TA","timestamp":"2023-11-09 13:49:59"},{"nodeID":"1337967","text":"Default Transition","type":"TA","timestamp":"2023-11-09 13:49:59"},{"nodeID":"1337968","text":"Default Inference","type":"RA","timestamp":"2023-11-09 13:49:59"},{"nodeID":"1337969","text":"Arguing","type":"YA","timestamp":"2023-11-09 13:49:59"},{"nodeID":"1337970","text":"Nicole Sturgeon speaks very clearly and openly with people","type":"I","timestamp":"2023-11-09 13:50:00"},{"nodeID":"1337971","text":"John Swinney: The First Minister speaks very clearly and openly with people","type":"L","timestamp":"2023-11-09 13:50:00"},{"nodeID":"1337972","text":"Analysing","type":"YA","timestamp":"2023-11-09 13:50:00"},{"nodeID":"1337973","text":"Dominika: John Swinney: The First Minister speaks very clearly and openly with people","type":"L","timestamp":"2023-11-09 13:50:00"},{"nodeID":"1337974","text":"Asserting","type":"YA","timestamp":"2023-11-09 13:50:00"},{"nodeID":"1337975","text":"Nicole Sturgeon set out what she's concerned about","type":"I","timestamp":"2023-11-09 13:50:00"},{"nodeID":"1337976","text":"John Swinney: She set out what she's concerned about","type":"L","timestamp":"2023-11-09 13:50:00"},{"nodeID":"1337977","text":"Analysing","type":"YA","timestamp":"2023-11-09 13:50:00"},{"nodeID":"1337978","text":"Dominika: John Swinney: She set out what she's concerned about","type":"L","timestamp":"2023-11-09 13:50:00"},{"nodeID":"1337979","text":"Asserting","type":"YA","timestamp":"2023-11-09 13:50:00"},{"nodeID":"1337980","text":"Default Transition","type":"TA","timestamp":"2023-11-09 13:50:00"},{"nodeID":"1337981","text":"Default Transition","type":"TA","timestamp":"2023-11-09 13:50:00"},{"nodeID":"1337982","text":"Nicole Sturgeon is concerned about some of the rhetoric we got from the Conservative Conference next week, rejoicing in the deportation of people to Rwanda","type":"I","timestamp":"2023-11-09 13:50:01"},{"nodeID":"1337983","text":"John Swinney: She is concerned about some of the rhetoric we got from the Conservative Conference next week, rejoicing in the deportation of people to Rwanda","type":"L","timestamp":"2023-11-09 13:50:01"},{"nodeID":"1337984","text":"Analysing","type":"YA","timestamp":"2023-11-09 13:50:01"},{"nodeID":"1337985","text":"Dominika: John Swinney: She is concerned about some of the rhetoric we got from the Conservative Conference next week, rejoicing in the deportation of people to Rwanda","type":"L","timestamp":"2023-11-09 13:50:01"},{"nodeID":"1337986","text":"Asserting","type":"YA","timestamp":"2023-11-09 13:50:01"},{"nodeID":"1337987","text":"Default Rephrase","type":"MA","timestamp":"2023-11-09 13:50:01"},{"nodeID":"1337988","text":"Default Transition","type":"TA","timestamp":"2023-11-09 13:50:01"},{"nodeID":"1337989","text":"Restating","type":"YA","timestamp":"2023-11-09 13:50:01"},{"nodeID":"1337990","text":"Default Inference","type":"RA","timestamp":"2023-11-09 13:50:01"},{"nodeID":"1337991","text":"Arguing","type":"YA","timestamp":"2023-11-09 13:50:01"},{"nodeID":"1337992","text":"other people are rude too","type":"I","timestamp":"2023-11-09 13:50:02"},{"nodeID":"1337993","text":"Isabel Hardman: You are saying other people are rude too","type":"L","timestamp":"2023-11-09 13:50:02"},{"nodeID":"1337994","text":"Analysing","type":"YA","timestamp":"2023-11-09 13:50:02"},{"nodeID":"1337995","text":"Dominika: Isabel Hardman: You are saying other people are rude too","type":"L","timestamp":"2023-11-09 13:50:02"},{"nodeID":"1337996","text":"John Swinney: other people are rude too","type":"L","timestamp":"2023-11-09 13:50:02"},{"nodeID":"1337997","text":"Analysing","type":"YA","timestamp":"2023-11-09 13:50:02"},{"nodeID":"1337998","text":"Dominika: John Swinney: You are saying other people are rude too","type":"L","timestamp":"2023-11-09 13:50:02"},{"nodeID":"1337999","text":"Asserting","type":"YA","timestamp":"2023-11-09 13:50:02"},{"nodeID":"1338000","text":"Asserting","type":"YA","timestamp":"2023-11-09 13:50:02"},{"nodeID":"1338001","text":"Default Transition","type":"TA","timestamp":"2023-11-09 13:50:02"},{"nodeID":"1338002","text":"Nicole Sturgeon can be rude too","type":"I","timestamp":"2023-11-09 13:50:03"},{"nodeID":"1338003","text":"John Swinney: she can be rude too","type":"L","timestamp":"2023-11-09 13:50:03"},{"nodeID":"1338004","text":"Analysing","type":"YA","timestamp":"2023-11-09 13:50:03"},{"nodeID":"1338005","text":"Dominika: John Swinney: she can be rude too","type":"L","timestamp":"2023-11-09 13:50:03"},{"nodeID":"1338006","text":"Asserting","type":"YA","timestamp":"2023-11-09 13:50:03"},{"nodeID":"1338007","text":"Isabel Hardman: John Swinney: she can be rude too","type":"L","timestamp":"2023-11-09 13:50:03"},{"nodeID":"1338008","text":"Analysing","type":"YA","timestamp":"2023-11-09 13:50:03"},{"nodeID":"1338009","text":"Dominika: Isabel Hardman: John Swinney: she can be rude too","type":"L","timestamp":"2023-11-09 13:50:03"},{"nodeID":"1338010","text":"Asserting","type":"YA","timestamp":"2023-11-09 13:50:03"},{"nodeID":"1338011","text":"Default Inference","type":"RA","timestamp":"2023-11-09 13:50:03"},{"nodeID":"1338012","text":"Default Transition","type":"TA","timestamp":"2023-11-09 13:50:03"},{"nodeID":"1338013","text":"Arguing","type":"YA","timestamp":"2023-11-09 13:50:03"},{"nodeID":"1338014","text":"Nicole Sturgeon can be rude because other people are rude too is definitely not what John Swinney is saying at all","type":"I","timestamp":"2023-11-09 13:50:04"},{"nodeID":"1338015","text":"John Swinney: That's definitely not what I'm saying at all","type":"L","timestamp":"2023-11-09 13:50:04"},{"nodeID":"1338016","text":"Analysing","type":"YA","timestamp":"2023-11-09 13:50:04"},{"nodeID":"1338017","text":"Dominika: John Swinney: That's definitely not what I'm saying at all","type":"L","timestamp":"2023-11-09 13:50:04"},{"nodeID":"1338018","text":"Asserting","type":"YA","timestamp":"2023-11-09 13:50:04"},{"nodeID":"1338019","text":"Default Transition","type":"TA","timestamp":"2023-11-09 13:50:04"},{"nodeID":"1338020","text":"Default Conflict","type":"CA","timestamp":"2023-11-09 13:50:04"},{"nodeID":"1338021","text":"Disagreeing","type":"YA","timestamp":"2023-11-09 13:50:04"},{"nodeID":"1338022","text":"Default Conflict","type":"CA","timestamp":"2023-11-09 13:50:04"},{"nodeID":"1338023","text":"Disagreeing","type":"YA","timestamp":"2023-11-09 13:50:04"},{"nodeID":"1338024","text":"Default Rephrase","type":"MA","timestamp":"2023-11-09 13:50:04"},{"nodeID":"1338025","text":"Default Illocuting","type":"YA","timestamp":"2023-11-09 13:50:04"}],"edges":[{"edgeID":"1753801","fromID":"1337832","toID":"1337831","formEdgeID":null},{"edgeID":"1753802","fromID":"1337833","toID":"1337832","formEdgeID":null},{"edgeID":"1753803","fromID":"1337831","toID":"1337834","formEdgeID":null},{"edgeID":"1753804","fromID":"1337834","toID":"1337830","formEdgeID":null},{"edgeID":"1753805","fromID":"1337837","toID":"1337836","formEdgeID":null},{"edgeID":"1753806","fromID":"1337838","toID":"1337837","formEdgeID":null},{"edgeID":"1753807","fromID":"1337836","toID":"1337839","formEdgeID":null},{"edgeID":"1753808","fromID":"1337839","toID":"1337835","formEdgeID":null},{"edgeID":"1753809","fromID":"1337831","toID":"1337840","formEdgeID":null},{"edgeID":"1753810","fromID":"1337840","toID":"1337836","formEdgeID":null},{"edgeID":"1753811","fromID":"1337843","toID":"1337842","formEdgeID":null},{"edgeID":"1753812","fromID":"1337844","toID":"1337843","formEdgeID":null},{"edgeID":"1753813","fromID":"1337842","toID":"1337845","formEdgeID":null},{"edgeID":"1753814","fromID":"1337845","toID":"1337841","formEdgeID":null},{"edgeID":"1753815","fromID":"1337836","toID":"1337846","formEdgeID":null},{"edgeID":"1753816","fromID":"1337846","toID":"1337842","formEdgeID":null},{"edgeID":"1753817","fromID":"1337841","toID":"1337847","formEdgeID":null},{"edgeID":"1753818","fromID":"1337847","toID":"1337835","formEdgeID":null},{"edgeID":"1753819","fromID":"1337846","toID":"1337848","formEdgeID":null},{"edgeID":"1753820","fromID":"1337848","toID":"1337847","formEdgeID":null},{"edgeID":"1753821","fromID":"1337835","toID":"1337849","formEdgeID":null},{"edgeID":"1753822","fromID":"1337849","toID":"1337830","formEdgeID":null},{"edgeID":"1753823","fromID":"1337840","toID":"1337850","formEdgeID":null},{"edgeID":"1753824","fromID":"1337850","toID":"1337849","formEdgeID":null},{"edgeID":"1753825","fromID":"1337853","toID":"1337852","formEdgeID":null},{"edgeID":"1753826","fromID":"1337854","toID":"1337853","formEdgeID":null},{"edgeID":"1753827","fromID":"1337852","toID":"1337855","formEdgeID":null},{"edgeID":"1753828","fromID":"1337855","toID":"1337851","formEdgeID":null},{"edgeID":"1753829","fromID":"1337842","toID":"1337856","formEdgeID":null},{"edgeID":"1753830","fromID":"1337856","toID":"1337852","formEdgeID":null},{"edgeID":"1753831","fromID":"1337859","toID":"1337858","formEdgeID":null},{"edgeID":"1753832","fromID":"1337860","toID":"1337859","formEdgeID":null},{"edgeID":"1753833","fromID":"1337858","toID":"1337861","formEdgeID":null},{"edgeID":"1753834","fromID":"1337861","toID":"1337857","formEdgeID":null},{"edgeID":"1753835","fromID":"1337857","toID":"1337862","formEdgeID":null},{"edgeID":"1753836","fromID":"1337862","toID":"1337841","formEdgeID":null},{"edgeID":"1753837","fromID":"1337851","toID":"1337862","formEdgeID":null},{"edgeID":"1753838","fromID":"1337842","toID":"1337863","formEdgeID":null},{"edgeID":"1753839","fromID":"1337863","toID":"1337858","formEdgeID":null},{"edgeID":"1753840","fromID":"1337863","toID":"1337864","formEdgeID":null},{"edgeID":"1753841","fromID":"1337864","toID":"1337862","formEdgeID":null},{"edgeID":"1753842","fromID":"1337867","toID":"1337866","formEdgeID":null},{"edgeID":"1753843","fromID":"1337868","toID":"1337867","formEdgeID":null},{"edgeID":"1753844","fromID":"1337870","toID":"1337869","formEdgeID":null},{"edgeID":"1753845","fromID":"1337871","toID":"1337870","formEdgeID":null},{"edgeID":"1753846","fromID":"1337869","toID":"1337872","formEdgeID":null},{"edgeID":"1753847","fromID":"1337872","toID":"1337865","formEdgeID":null},{"edgeID":"1753848","fromID":"1337866","toID":"1337873","formEdgeID":null},{"edgeID":"1753849","fromID":"1337873","toID":"1337869","formEdgeID":null},{"edgeID":"1753850","fromID":"1337858","toID":"1337874","formEdgeID":null},{"edgeID":"1753851","fromID":"1337874","toID":"1337866","formEdgeID":null},{"edgeID":"1753852","fromID":"1337877","toID":"1337876","formEdgeID":null},{"edgeID":"1753853","fromID":"1337878","toID":"1337877","formEdgeID":null},{"edgeID":"1753854","fromID":"1337876","toID":"1337879","formEdgeID":null},{"edgeID":"1753855","fromID":"1337879","toID":"1337875","formEdgeID":null},{"edgeID":"1753856","fromID":"1337866","toID":"1337880","formEdgeID":null},{"edgeID":"1753857","fromID":"1337880","toID":"1337876","formEdgeID":null},{"edgeID":"1753858","fromID":"1337875","toID":"1337881","formEdgeID":null},{"edgeID":"1753859","fromID":"1337881","toID":"1337835","formEdgeID":null},{"edgeID":"1753860","fromID":"1337836","toID":"1337882","formEdgeID":null},{"edgeID":"1753861","fromID":"1337882","toID":"1337876","formEdgeID":null},{"edgeID":"1753862","fromID":"1337882","toID":"1337883","formEdgeID":null},{"edgeID":"1753863","fromID":"1337883","toID":"1337881","formEdgeID":null},{"edgeID":"1753864","fromID":"1337886","toID":"1337885","formEdgeID":null},{"edgeID":"1753865","fromID":"1337887","toID":"1337886","formEdgeID":null},{"edgeID":"1753866","fromID":"1337885","toID":"1337888","formEdgeID":null},{"edgeID":"1753867","fromID":"1337888","toID":"1337884","formEdgeID":null},{"edgeID":"1753868","fromID":"1337876","toID":"1337889","formEdgeID":null},{"edgeID":"1753869","fromID":"1337889","toID":"1337885","formEdgeID":null},{"edgeID":"1753870","fromID":"1337892","toID":"1337891","formEdgeID":null},{"edgeID":"1753871","fromID":"1337893","toID":"1337892","formEdgeID":null},{"edgeID":"1753872","fromID":"1337891","toID":"1337894","formEdgeID":null},{"edgeID":"1753873","fromID":"1337894","toID":"1337890","formEdgeID":null},{"edgeID":"1753874","fromID":"1337885","toID":"1337895","formEdgeID":null},{"edgeID":"1753875","fromID":"1337895","toID":"1337891","formEdgeID":null},{"edgeID":"1753876","fromID":"1337890","toID":"1337896","formEdgeID":null},{"edgeID":"1753877","fromID":"1337896","toID":"1337884","formEdgeID":null},{"edgeID":"1753878","fromID":"1337895","toID":"1337897","formEdgeID":null},{"edgeID":"1753879","fromID":"1337897","toID":"1337896","formEdgeID":null},{"edgeID":"1753880","fromID":"1337900","toID":"1337899","formEdgeID":null},{"edgeID":"1753881","fromID":"1337901","toID":"1337900","formEdgeID":null},{"edgeID":"1753882","fromID":"1337899","toID":"1337902","formEdgeID":null},{"edgeID":"1753883","fromID":"1337902","toID":"1337898","formEdgeID":null},{"edgeID":"1753884","fromID":"1337891","toID":"1337903","formEdgeID":null},{"edgeID":"1753885","fromID":"1337903","toID":"1337899","formEdgeID":null},{"edgeID":"1753886","fromID":"1337905","toID":"1337866","formEdgeID":null},{"edgeID":"1753887","fromID":"1337868","toID":"1337905","formEdgeID":null},{"edgeID":"1753888","fromID":"1337906","toID":"1337869","formEdgeID":null},{"edgeID":"1753889","fromID":"1337871","toID":"1337906","formEdgeID":null},{"edgeID":"1753890","fromID":"1337869","toID":"1337907","formEdgeID":null},{"edgeID":"1753891","fromID":"1337907","toID":"1337904","formEdgeID":null},{"edgeID":"1753892","fromID":"1337866","toID":"1337908","formEdgeID":null},{"edgeID":"1753893","fromID":"1337908","toID":"1337869","formEdgeID":null},{"edgeID":"1753894","fromID":"1337899","toID":"1337909","formEdgeID":null},{"edgeID":"1753895","fromID":"1337909","toID":"1337866","formEdgeID":null},{"edgeID":"1753896","fromID":"1337898","toID":"1337910","formEdgeID":null},{"edgeID":"1753897","fromID":"1337910","toID":"1337890","formEdgeID":null},{"edgeID":"1753898","fromID":"1337903","toID":"1337911","formEdgeID":null},{"edgeID":"1753899","fromID":"1337911","toID":"1337910","formEdgeID":null},{"edgeID":"1753900","fromID":"1337904","toID":"1337912","formEdgeID":null},{"edgeID":"1753901","fromID":"1337912","toID":"1337865","formEdgeID":null},{"edgeID":"1753902","fromID":"1337866","toID":"1337913","formEdgeID":null},{"edgeID":"1753903","fromID":"1337913","toID":"1337866","formEdgeID":null},{"edgeID":"1753904","fromID":"1337913","toID":"1337914","formEdgeID":null},{"edgeID":"1753905","fromID":"1337914","toID":"1337912","formEdgeID":null},{"edgeID":"1753906","fromID":"1337917","toID":"1337916","formEdgeID":null},{"edgeID":"1753907","fromID":"1337918","toID":"1337917","formEdgeID":null},{"edgeID":"1753908","fromID":"1337916","toID":"1337919","formEdgeID":null},{"edgeID":"1753909","fromID":"1337919","toID":"1337915","formEdgeID":null},{"edgeID":"1753910","fromID":"1337866","toID":"1337920","formEdgeID":null},{"edgeID":"1753911","fromID":"1337920","toID":"1337916","formEdgeID":null},{"edgeID":"1753912","fromID":"1337923","toID":"1337922","formEdgeID":null},{"edgeID":"1753913","fromID":"1337924","toID":"1337923","formEdgeID":null},{"edgeID":"1753914","fromID":"1337922","toID":"1337925","formEdgeID":null},{"edgeID":"1753915","fromID":"1337925","toID":"1337921","formEdgeID":null},{"edgeID":"1753916","fromID":"1337916","toID":"1337926","formEdgeID":null},{"edgeID":"1753917","fromID":"1337926","toID":"1337922","formEdgeID":null},{"edgeID":"1753918","fromID":"1337921","toID":"1337927","formEdgeID":null},{"edgeID":"1753919","fromID":"1337927","toID":"1337915","formEdgeID":null},{"edgeID":"1753920","fromID":"1337926","toID":"1337928","formEdgeID":null},{"edgeID":"1753921","fromID":"1337928","toID":"1337927","formEdgeID":null},{"edgeID":"1753922","fromID":"1337931","toID":"1337930","formEdgeID":null},{"edgeID":"1753923","fromID":"1337932","toID":"1337931","formEdgeID":null},{"edgeID":"1753924","fromID":"1337930","toID":"1337933","formEdgeID":null},{"edgeID":"1753925","fromID":"1337933","toID":"1337929","formEdgeID":null},{"edgeID":"1753926","fromID":"1337922","toID":"1337934","formEdgeID":null},{"edgeID":"1753927","fromID":"1337934","toID":"1337930","formEdgeID":null},{"edgeID":"1753928","fromID":"1337929","toID":"1337935","formEdgeID":null},{"edgeID":"1753929","fromID":"1337935","toID":"1337921","formEdgeID":null},{"edgeID":"1753930","fromID":"1337934","toID":"1337936","formEdgeID":null},{"edgeID":"1753931","fromID":"1337936","toID":"1337935","formEdgeID":null},{"edgeID":"1753932","fromID":"1337938","toID":"1337937","formEdgeID":null},{"edgeID":"1753933","fromID":"1337939","toID":"1337938","formEdgeID":null},{"edgeID":"1753934","fromID":"1337930","toID":"1337940","formEdgeID":null},{"edgeID":"1753935","fromID":"1337940","toID":"1337937","formEdgeID":null},{"edgeID":"1753936","fromID":"1337940","toID":"1337941","formEdgeID":null},{"edgeID":"1753937","fromID":"1337941","toID":"1337929","formEdgeID":null},{"edgeID":"1753938","fromID":"1337944","toID":"1337943","formEdgeID":null},{"edgeID":"1753939","fromID":"1337945","toID":"1337944","formEdgeID":null},{"edgeID":"1753940","fromID":"1337943","toID":"1337946","formEdgeID":null},{"edgeID":"1753941","fromID":"1337946","toID":"1337942","formEdgeID":null},{"edgeID":"1753942","fromID":"1337942","toID":"1337947","formEdgeID":null},{"edgeID":"1753943","fromID":"1337947","toID":"1337921","formEdgeID":null},{"edgeID":"1753944","fromID":"1337922","toID":"1337948","formEdgeID":null},{"edgeID":"1753945","fromID":"1337948","toID":"1337943","formEdgeID":null},{"edgeID":"1753946","fromID":"1337948","toID":"1337949","formEdgeID":null},{"edgeID":"1753947","fromID":"1337949","toID":"1337947","formEdgeID":null},{"edgeID":"1753948","fromID":"1337952","toID":"1337951","formEdgeID":null},{"edgeID":"1753949","fromID":"1337953","toID":"1337952","formEdgeID":null},{"edgeID":"1753950","fromID":"1337951","toID":"1337954","formEdgeID":null},{"edgeID":"1753951","fromID":"1337954","toID":"1337950","formEdgeID":null},{"edgeID":"1753952","fromID":"1337943","toID":"1337955","formEdgeID":null},{"edgeID":"1753953","fromID":"1337955","toID":"1337951","formEdgeID":null},{"edgeID":"1753954","fromID":"1337958","toID":"1337957","formEdgeID":null},{"edgeID":"1753955","fromID":"1337959","toID":"1337958","formEdgeID":null},{"edgeID":"1753956","fromID":"1337957","toID":"1337960","formEdgeID":null},{"edgeID":"1753957","fromID":"1337960","toID":"1337956","formEdgeID":null},{"edgeID":"1753958","fromID":"1337963","toID":"1337962","formEdgeID":null},{"edgeID":"1753959","fromID":"1337964","toID":"1337963","formEdgeID":null},{"edgeID":"1753960","fromID":"1337962","toID":"1337965","formEdgeID":null},{"edgeID":"1753961","fromID":"1337965","toID":"1337961","formEdgeID":null},{"edgeID":"1753962","fromID":"1337951","toID":"1337966","formEdgeID":null},{"edgeID":"1753963","fromID":"1337966","toID":"1337957","formEdgeID":null},{"edgeID":"1753964","fromID":"1337957","toID":"1337967","formEdgeID":null},{"edgeID":"1753965","fromID":"1337967","toID":"1337962","formEdgeID":null},{"edgeID":"1753966","fromID":"1337961","toID":"1337968","formEdgeID":null},{"edgeID":"1753967","fromID":"1337968","toID":"1337956","formEdgeID":null},{"edgeID":"1753968","fromID":"1337967","toID":"1337969","formEdgeID":null},{"edgeID":"1753969","fromID":"1337969","toID":"1337968","formEdgeID":null},{"edgeID":"1753970","fromID":"1337972","toID":"1337971","formEdgeID":null},{"edgeID":"1753971","fromID":"1337973","toID":"1337972","formEdgeID":null},{"edgeID":"1753972","fromID":"1337971","toID":"1337974","formEdgeID":null},{"edgeID":"1753973","fromID":"1337974","toID":"1337970","formEdgeID":null},{"edgeID":"1753974","fromID":"1337977","toID":"1337976","formEdgeID":null},{"edgeID":"1753975","fromID":"1337978","toID":"1337977","formEdgeID":null},{"edgeID":"1753976","fromID":"1337976","toID":"1337979","formEdgeID":null},{"edgeID":"1753977","fromID":"1337979","toID":"1337975","formEdgeID":null},{"edgeID":"1753978","fromID":"1337962","toID":"1337980","formEdgeID":null},{"edgeID":"1753979","fromID":"1337980","toID":"1337971","formEdgeID":null},{"edgeID":"1753980","fromID":"1337971","toID":"1337981","formEdgeID":null},{"edgeID":"1753981","fromID":"1337981","toID":"1337976","formEdgeID":null},{"edgeID":"1753982","fromID":"1337984","toID":"1337983","formEdgeID":null},{"edgeID":"1753983","fromID":"1337985","toID":"1337984","formEdgeID":null},{"edgeID":"1753984","fromID":"1337983","toID":"1337986","formEdgeID":null},{"edgeID":"1753985","fromID":"1337986","toID":"1337982","formEdgeID":null},{"edgeID":"1753986","fromID":"1337982","toID":"1337987","formEdgeID":null},{"edgeID":"1753987","fromID":"1337987","toID":"1337975","formEdgeID":null},{"edgeID":"1753988","fromID":"1337976","toID":"1337988","formEdgeID":null},{"edgeID":"1753989","fromID":"1337988","toID":"1337983","formEdgeID":null},{"edgeID":"1753990","fromID":"1337988","toID":"1337989","formEdgeID":null},{"edgeID":"1753991","fromID":"1337989","toID":"1337987","formEdgeID":null},{"edgeID":"1753992","fromID":"1337970","toID":"1337990","formEdgeID":null},{"edgeID":"1753993","fromID":"1337990","toID":"1337975","formEdgeID":null},{"edgeID":"1753994","fromID":"1337981","toID":"1337991","formEdgeID":null},{"edgeID":"1753995","fromID":"1337991","toID":"1337990","formEdgeID":null},{"edgeID":"1753996","fromID":"1337994","toID":"1337993","formEdgeID":null},{"edgeID":"1753997","fromID":"1337995","toID":"1337994","formEdgeID":null},{"edgeID":"1753998","fromID":"1337997","toID":"1337996","formEdgeID":null},{"edgeID":"1753999","fromID":"1337998","toID":"1337997","formEdgeID":null},{"edgeID":"1754000","fromID":"1337996","toID":"1337999","formEdgeID":null},{"edgeID":"1754001","fromID":"1337999","toID":"1337992","formEdgeID":null},{"edgeID":"1754002","fromID":"1337993","toID":"1338000","formEdgeID":null},{"edgeID":"1754003","fromID":"1338000","toID":"1337996","formEdgeID":null},{"edgeID":"1754004","fromID":"1337983","toID":"1338001","formEdgeID":null},{"edgeID":"1754005","fromID":"1338001","toID":"1337993","formEdgeID":null},{"edgeID":"1754006","fromID":"1338004","toID":"1338003","formEdgeID":null},{"edgeID":"1754007","fromID":"1338005","toID":"1338004","formEdgeID":null},{"edgeID":"1754008","fromID":"1338003","toID":"1338006","formEdgeID":null},{"edgeID":"1754009","fromID":"1338006","toID":"1338002","formEdgeID":null},{"edgeID":"1754010","fromID":"1338008","toID":"1338007","formEdgeID":null},{"edgeID":"1754011","fromID":"1338009","toID":"1338008","formEdgeID":null},{"edgeID":"1754012","fromID":"1338007","toID":"1338010","formEdgeID":null},{"edgeID":"1754013","fromID":"1338010","toID":"1338003","formEdgeID":null},{"edgeID":"1754014","fromID":"1337992","toID":"1338011","formEdgeID":null},{"edgeID":"1754015","fromID":"1338011","toID":"1338002","formEdgeID":null},{"edgeID":"1754016","fromID":"1337993","toID":"1338012","formEdgeID":null},{"edgeID":"1754017","fromID":"1338012","toID":"1338007","formEdgeID":null},{"edgeID":"1754018","fromID":"1338012","toID":"1338013","formEdgeID":null},{"edgeID":"1754019","fromID":"1338013","toID":"1338011","formEdgeID":null},{"edgeID":"1754020","fromID":"1338016","toID":"1338015","formEdgeID":null},{"edgeID":"1754021","fromID":"1338017","toID":"1338016","formEdgeID":null},{"edgeID":"1754022","fromID":"1338015","toID":"1338018","formEdgeID":null},{"edgeID":"1754023","fromID":"1338018","toID":"1338014","formEdgeID":null},{"edgeID":"1754024","fromID":"1338007","toID":"1338019","formEdgeID":null},{"edgeID":"1754025","fromID":"1338019","toID":"1338015","formEdgeID":null},{"edgeID":"1754026","fromID":"1338014","toID":"1338020","formEdgeID":null},{"edgeID":"1754027","fromID":"1338020","toID":"1338002","formEdgeID":null},{"edgeID":"1754028","fromID":"1338019","toID":"1338021","formEdgeID":null},{"edgeID":"1754029","fromID":"1338021","toID":"1338020","formEdgeID":null},{"edgeID":"1754030","fromID":"1337884","toID":"1338022","formEdgeID":null},{"edgeID":"1754031","fromID":"1338022","toID":"1337875","formEdgeID":null},{"edgeID":"1754032","fromID":"1337889","toID":"1338023","formEdgeID":null},{"edgeID":"1754033","fromID":"1338023","toID":"1338022","formEdgeID":null},{"edgeID":"1754034","fromID":"1337956","toID":"1338024","formEdgeID":null},{"edgeID":"1754035","fromID":"1338024","toID":"1337950","formEdgeID":null},{"edgeID":"1754036","fromID":"1337966","toID":"1338025","formEdgeID":null},{"edgeID":"1754037","fromID":"1338025","toID":"1338024","formEdgeID":null}],"locutions":[]}