{"nodes":[{"nodeID":"1335691","text":"we won the election","type":"I","timestamp":"2023-11-09 13:45:42"},{"nodeID":"1335692","text":"John Swinney: We won the election","type":"L","timestamp":"2023-11-09 13:45:42"},{"nodeID":"1335693","text":"Analysing","type":"YA","timestamp":"2023-11-09 13:45:42"},{"nodeID":"1335694","text":"Katharina: John Swinney: We won the election","type":"L","timestamp":"2023-11-09 13:45:42"},{"nodeID":"1335695","text":"Asserting","type":"YA","timestamp":"2023-11-09 13:45:42"},{"nodeID":"1335696","text":"we won the election more comprehensively than we won the election in 2016","type":"I","timestamp":"2023-11-09 13:45:43"},{"nodeID":"1335697","text":"John Swinney: we won the election more comprehensively than we won the election in 2016","type":"L","timestamp":"2023-11-09 13:45:43"},{"nodeID":"1335698","text":"Analysing","type":"YA","timestamp":"2023-11-09 13:45:43"},{"nodeID":"1335699","text":"Katharina: John Swinney: we won the election more comprehensively than we won the election in 2016","type":"L","timestamp":"2023-11-09 13:45:43"},{"nodeID":"1335700","text":"Asserting","type":"YA","timestamp":"2023-11-09 13:45:43"},{"nodeID":"1335701","text":"Default Transition","type":"TA","timestamp":"2023-11-09 13:45:43"},{"nodeID":"1335702","text":"Default Rephrase","type":"MA","timestamp":"2023-11-09 13:45:43"},{"nodeID":"1335703","text":"Restating","type":"YA","timestamp":"2023-11-09 13:45:43"},{"nodeID":"1335704","text":"we are steering the country through COVID","type":"I","timestamp":"2023-11-09 13:45:44"},{"nodeID":"1335705","text":"John Swinney:  We are steering the country through COVID","type":"L","timestamp":"2023-11-09 13:45:44"},{"nodeID":"1335706","text":"Analysing","type":"YA","timestamp":"2023-11-09 13:45:44"},{"nodeID":"1335707","text":"Katharina: John Swinney:  We are steering the country through COVID","type":"L","timestamp":"2023-11-09 13:45:44"},{"nodeID":"1335708","text":"Asserting","type":"YA","timestamp":"2023-11-09 13:45:44"},{"nodeID":"1335709","text":"Default Transition","type":"TA","timestamp":"2023-11-09 13:45:44"},{"nodeID":"1335710","text":"anyone that looks at the turmoil we have just discussed in that last question about the crashing of the markets, tax cuts","type":"I","timestamp":"2023-11-09 13:45:44"},{"nodeID":"1335711","text":"John Swinney: anyone that looks at the turmoil we have just discussed in that last question about the crashing of the markets, tax cuts which are going to put","type":"L","timestamp":"2023-11-09 13:45:44"},{"nodeID":"1335712","text":"Analysing","type":"YA","timestamp":"2023-11-09 13:45:44"},{"nodeID":"1335713","text":"Katharina: John Swinney: anyone that looks at the turmoil we have just discussed in that last question about the crashing of the markets, tax cuts which are going to put","type":"L","timestamp":"2023-11-09 13:45:44"},{"nodeID":"1335714","text":"Asserting","type":"YA","timestamp":"2023-11-09 13:45:44"},{"nodeID":"1335715","text":"Default Transition","type":"TA","timestamp":"2023-11-09 13:45:44"},{"nodeID":"1335716","text":"to rectify the tax cuts there will have to be colossal reductions in public expenditure which will have a devastating impact on poverty and equality in our society","type":"I","timestamp":"2023-11-09 13:45:45"},{"nodeID":"1335717","text":"John Swinney: to rectify the tax cuts there will have to be colossal reductions in public expenditure which will have a devastating impact on poverty and equality in our society","type":"L","timestamp":"2023-11-09 13:45:45"},{"nodeID":"1335718","text":"Analysing","type":"YA","timestamp":"2023-11-09 13:45:45"},{"nodeID":"1335719","text":"Katharina: John Swinney: to rectify the tax cuts there will have to be colossal reductions in public expenditure which will have a devastating impact on poverty and equality in our society","type":"L","timestamp":"2023-11-09 13:45:45"},{"nodeID":"1335720","text":"Asserting","type":"YA","timestamp":"2023-11-09 13:45:45"},{"nodeID":"1335721","text":"Default Transition","type":"TA","timestamp":"2023-11-09 13:45:45"},{"nodeID":"1335722","text":"the way out of colossal reductions in public expenditure that will have a devastating impact on poverty and equality in our society it is for Scotland to be independent","type":"I","timestamp":"2023-11-09 13:45:46"},{"nodeID":"1335723","text":"John Swinney: the way out of it is for Scotland to be independent","type":"L","timestamp":"2023-11-09 13:45:46"},{"nodeID":"1335724","text":"Analysing","type":"YA","timestamp":"2023-11-09 13:45:46"},{"nodeID":"1335725","text":"Katharina: John Swinney: the way out of it is for Scotland to be independent","type":"L","timestamp":"2023-11-09 13:45:46"},{"nodeID":"1335726","text":"Asserting","type":"YA","timestamp":"2023-11-09 13:45:46"},{"nodeID":"1335727","text":"Default Transition","type":"TA","timestamp":"2023-11-09 13:45:46"},{"nodeID":"1335728","text":"we select our office carefully to reflect the nation we are in","type":"I","timestamp":"2023-11-09 13:45:46"},{"nodeID":"1335729","text":"Fiona Bruce: We select our office carefully to reflect the nation we are in","type":"L","timestamp":"2023-11-09 13:45:46"},{"nodeID":"1335730","text":"Analysing","type":"YA","timestamp":"2023-11-09 13:45:46"},{"nodeID":"1335731","text":"Katharina: Fiona Bruce: We select our office carefully to reflect the nation we are in","type":"L","timestamp":"2023-11-09 13:45:46"},{"nodeID":"1335732","text":"Asserting","type":"YA","timestamp":"2023-11-09 13:45:46"},{"nodeID":"1335733","text":"in Scotland there are more people who voted for the SNP","type":"I","timestamp":"2023-11-09 13:45:47"},{"nodeID":"1335734","text":"Fiona Bruce: In Scotland there are more people who voted for the SNP","type":"L","timestamp":"2023-11-09 13:45:47"},{"nodeID":"1335735","text":"Analysing","type":"YA","timestamp":"2023-11-09 13:45:47"},{"nodeID":"1335736","text":"Katharina: Fiona Bruce: In Scotland there are more people who voted for the SNP","type":"L","timestamp":"2023-11-09 13:45:47"},{"nodeID":"1335737","text":"Asserting","type":"YA","timestamp":"2023-11-09 13:45:47"},{"nodeID":"1335738","text":"our audience is split roughly 50\/50 which follows the trend in polling","type":"I","timestamp":"2023-11-09 13:45:48"},{"nodeID":"1335739","text":"Fiona Bruce: audience is split roughly 50\/50 which follows the trend in polling","type":"L","timestamp":"2023-11-09 13:45:48"},{"nodeID":"1335740","text":"Analysing","type":"YA","timestamp":"2023-11-09 13:45:48"},{"nodeID":"1335741","text":"Katharina: Fiona Bruce: audience is split roughly 50\/50 which follows the trend in polling","type":"L","timestamp":"2023-11-09 13:45:48"},{"nodeID":"1335742","text":"Asserting","type":"YA","timestamp":"2023-11-09 13:45:48"},{"nodeID":"1335743","text":"there are people who are undecided","type":"I","timestamp":"2023-11-09 13:45:48"},{"nodeID":"1335744","text":"Fiona Bruce:  there are people who are undecided","type":"L","timestamp":"2023-11-09 13:45:48"},{"nodeID":"1335745","text":"Analysing","type":"YA","timestamp":"2023-11-09 13:45:48"},{"nodeID":"1335746","text":"Katharina: Fiona Bruce:  there are people who are undecided","type":"L","timestamp":"2023-11-09 13:45:48"},{"nodeID":"1335747","text":"Asserting","type":"YA","timestamp":"2023-11-09 13:45:48"},{"nodeID":"1335748","text":"Default Transition","type":"TA","timestamp":"2023-11-09 13:45:48"},{"nodeID":"1335749","text":"Default Transition","type":"TA","timestamp":"2023-11-09 13:45:48"},{"nodeID":"1335750","text":"Default Transition","type":"TA","timestamp":"2023-11-09 13:45:48"},{"nodeID":"1335751","text":"Default Conflict","type":"CA","timestamp":"2023-11-09 13:45:48"},{"nodeID":"1335752","text":"Default Transition","type":"TA","timestamp":"2023-11-09 13:45:48"},{"nodeID":"1335753","text":"Disagreeing","type":"YA","timestamp":"2023-11-09 13:45:48"},{"nodeID":"1335754","text":"we have some of these undecided people in the audience as well","type":"I","timestamp":"2023-11-09 13:45:49"},{"nodeID":"1335755","text":"Fiona Bruce: We have some of these in the audience as well","type":"L","timestamp":"2023-11-09 13:45:49"},{"nodeID":"1335756","text":"Analysing","type":"YA","timestamp":"2023-11-09 13:45:49"},{"nodeID":"1335757","text":"Katharina: Fiona Bruce: We have some of these in the audience as well","type":"L","timestamp":"2023-11-09 13:45:49"},{"nodeID":"1335758","text":"Asserting","type":"YA","timestamp":"2023-11-09 13:45:49"},{"nodeID":"1335759","text":"Default Transition","type":"TA","timestamp":"2023-11-09 13:45:49"},{"nodeID":"1335760","text":"Default Rephrase","type":"MA","timestamp":"2023-11-09 13:45:49"},{"nodeID":"1335761","text":"Restating","type":"YA","timestamp":"2023-11-09 13:45:49"},{"nodeID":"1335762","text":"AudienceMember 20221027QT19 is undecided at the moment","type":"I","timestamp":"2023-11-09 13:45:50"},{"nodeID":"1335763","text":"AudienceMember 20221027QT19: I'm undecided at the moment","type":"L","timestamp":"2023-11-09 13:45:50"},{"nodeID":"1335764","text":"Analysing","type":"YA","timestamp":"2023-11-09 13:45:50"},{"nodeID":"1335765","text":"Katharina: AudienceMember 20221027QT19: I'm undecided at the moment","type":"L","timestamp":"2023-11-09 13:45:50"},{"nodeID":"1335766","text":"Asserting","type":"YA","timestamp":"2023-11-09 13:45:50"},{"nodeID":"1335767","text":"Default Rephrase","type":"MA","timestamp":"2023-11-09 13:45:50"},{"nodeID":"1335768","text":"Default Transition","type":"TA","timestamp":"2023-11-09 13:45:50"},{"nodeID":"1335769","text":"Restating","type":"YA","timestamp":"2023-11-09 13:45:50"},{"nodeID":"1335770","text":"AudienceMember 20221027QT19 thinks the timing is wrong","type":"I","timestamp":"2023-11-09 13:45:50"},{"nodeID":"1335771","text":"AudienceMember 20221027QT19: I think the timing is wrong","type":"L","timestamp":"2023-11-09 13:45:50"},{"nodeID":"1335772","text":"Analysing","type":"YA","timestamp":"2023-11-09 13:45:50"},{"nodeID":"1335773","text":"Katharina: AudienceMember 20221027QT19: I think the timing is wrong","type":"L","timestamp":"2023-11-09 13:45:50"},{"nodeID":"1335774","text":"Asserting","type":"YA","timestamp":"2023-11-09 13:45:50"},{"nodeID":"1335775","text":"we have a war in Ukraine","type":"I","timestamp":"2023-11-09 13:45:51"},{"nodeID":"1335776","text":"AudienceMember 20221027QT19: We have a war in Ukraine","type":"L","timestamp":"2023-11-09 13:45:51"},{"nodeID":"1335777","text":"Analysing","type":"YA","timestamp":"2023-11-09 13:45:51"},{"nodeID":"1335778","text":"Katharina: AudienceMember 20221027QT19: We have a war in Ukraine","type":"L","timestamp":"2023-11-09 13:45:51"},{"nodeID":"1335779","text":"Asserting","type":"YA","timestamp":"2023-11-09 13:45:51"},{"nodeID":"1335780","text":"Default Transition","type":"TA","timestamp":"2023-11-09 13:45:51"},{"nodeID":"1335781","text":"we should have a united front","type":"I","timestamp":"2023-11-09 13:45:51"},{"nodeID":"1335782","text":"AudienceMember 20221027QT19: we should have a united front","type":"L","timestamp":"2023-11-09 13:45:52"},{"nodeID":"1335783","text":"Analysing","type":"YA","timestamp":"2023-11-09 13:45:52"},{"nodeID":"1335784","text":"Katharina: AudienceMember 20221027QT19: we should have a united front","type":"L","timestamp":"2023-11-09 13:45:52"},{"nodeID":"1335785","text":"Asserting","type":"YA","timestamp":"2023-11-09 13:45:52"},{"nodeID":"1335786","text":"Default Transition","type":"TA","timestamp":"2023-11-09 13:45:52"},{"nodeID":"1335787","text":"Default Inference","type":"RA","timestamp":"2023-11-09 13:45:52"},{"nodeID":"1335788","text":"Arguing","type":"YA","timestamp":"2023-11-09 13:45:52"},{"nodeID":"1335789","text":"we also have a cost of living crisis that affects the whole of the UK","type":"I","timestamp":"2023-11-09 13:45:52"},{"nodeID":"1335790","text":"AudienceMember 20221027QT19: We also have a cost of living crisis that affects the whole of the UK","type":"L","timestamp":"2023-11-09 13:45:52"},{"nodeID":"1335791","text":"Analysing","type":"YA","timestamp":"2023-11-09 13:45:52"},{"nodeID":"1335792","text":"Katharina: AudienceMember 20221027QT19: We also have a cost of living crisis that affects the whole of the UK","type":"L","timestamp":"2023-11-09 13:45:52"},{"nodeID":"1335793","text":"Asserting","type":"YA","timestamp":"2023-11-09 13:45:52"},{"nodeID":"1335794","text":"Default Inference","type":"RA","timestamp":"2023-11-09 13:45:52"},{"nodeID":"1335795","text":"Default Transition","type":"TA","timestamp":"2023-11-09 13:45:52"},{"nodeID":"1335796","text":"Default Transition","type":"TA","timestamp":"2023-11-09 13:45:52"},{"nodeID":"1335797","text":"AudienceMember 20221027QT19 is still unsure about the economic cost of independence","type":"I","timestamp":"2023-11-09 13:45:53"},{"nodeID":"1335798","text":"AudienceMember 20221027QT19:  I'm still unsure about the economic cost of independence","type":"L","timestamp":"2023-11-09 13:45:53"},{"nodeID":"1335799","text":"Analysing","type":"YA","timestamp":"2023-11-09 13:45:53"},{"nodeID":"1335800","text":"Katharina: AudienceMember 20221027QT19:  I'm still unsure about the economic cost of independence","type":"L","timestamp":"2023-11-09 13:45:53"},{"nodeID":"1335801","text":"Asserting","type":"YA","timestamp":"2023-11-09 13:45:53"},{"nodeID":"1335802","text":"Default Transition","type":"TA","timestamp":"2023-11-09 13:45:53"},{"nodeID":"1335803","text":"Arguing","type":"YA","timestamp":"2023-11-09 13:45:53"},{"nodeID":"1335804","text":"Default Rephrase","type":"MA","timestamp":"2023-11-09 13:45:53"},{"nodeID":"1335805","text":"Default Conflict","type":"CA","timestamp":"2023-11-09 13:45:53"},{"nodeID":"1335806","text":"Restating","type":"YA","timestamp":"2023-11-09 13:45:53"},{"nodeID":"1335807","text":"Disagreeing","type":"YA","timestamp":"2023-11-09 13:45:53"}],"edges":[{"edgeID":"1751241","fromID":"1335693","toID":"1335692","formEdgeID":null},{"edgeID":"1751242","fromID":"1335694","toID":"1335693","formEdgeID":null},{"edgeID":"1751243","fromID":"1335692","toID":"1335695","formEdgeID":null},{"edgeID":"1751244","fromID":"1335695","toID":"1335691","formEdgeID":null},{"edgeID":"1751245","fromID":"1335698","toID":"1335697","formEdgeID":null},{"edgeID":"1751246","fromID":"1335699","toID":"1335698","formEdgeID":null},{"edgeID":"1751247","fromID":"1335697","toID":"1335700","formEdgeID":null},{"edgeID":"1751248","fromID":"1335700","toID":"1335696","formEdgeID":null},{"edgeID":"1751249","fromID":"1335692","toID":"1335701","formEdgeID":null},{"edgeID":"1751250","fromID":"1335701","toID":"1335697","formEdgeID":null},{"edgeID":"1751251","fromID":"1335696","toID":"1335702","formEdgeID":null},{"edgeID":"1751252","fromID":"1335702","toID":"1335691","formEdgeID":null},{"edgeID":"1751253","fromID":"1335701","toID":"1335703","formEdgeID":null},{"edgeID":"1751254","fromID":"1335703","toID":"1335702","formEdgeID":null},{"edgeID":"1751255","fromID":"1335706","toID":"1335705","formEdgeID":null},{"edgeID":"1751256","fromID":"1335707","toID":"1335706","formEdgeID":null},{"edgeID":"1751257","fromID":"1335705","toID":"1335708","formEdgeID":null},{"edgeID":"1751258","fromID":"1335708","toID":"1335704","formEdgeID":null},{"edgeID":"1751259","fromID":"1335697","toID":"1335709","formEdgeID":null},{"edgeID":"1751260","fromID":"1335709","toID":"1335705","formEdgeID":null},{"edgeID":"1751261","fromID":"1335712","toID":"1335711","formEdgeID":null},{"edgeID":"1751262","fromID":"1335713","toID":"1335712","formEdgeID":null},{"edgeID":"1751263","fromID":"1335711","toID":"1335714","formEdgeID":null},{"edgeID":"1751264","fromID":"1335714","toID":"1335710","formEdgeID":null},{"edgeID":"1751265","fromID":"1335705","toID":"1335715","formEdgeID":null},{"edgeID":"1751266","fromID":"1335715","toID":"1335711","formEdgeID":null},{"edgeID":"1751267","fromID":"1335718","toID":"1335717","formEdgeID":null},{"edgeID":"1751268","fromID":"1335719","toID":"1335718","formEdgeID":null},{"edgeID":"1751269","fromID":"1335717","toID":"1335720","formEdgeID":null},{"edgeID":"1751270","fromID":"1335720","toID":"1335716","formEdgeID":null},{"edgeID":"1751271","fromID":"1335711","toID":"1335721","formEdgeID":null},{"edgeID":"1751272","fromID":"1335721","toID":"1335717","formEdgeID":null},{"edgeID":"1751273","fromID":"1335724","toID":"1335723","formEdgeID":null},{"edgeID":"1751274","fromID":"1335725","toID":"1335724","formEdgeID":null},{"edgeID":"1751275","fromID":"1335723","toID":"1335726","formEdgeID":null},{"edgeID":"1751276","fromID":"1335726","toID":"1335722","formEdgeID":null},{"edgeID":"1751277","fromID":"1335717","toID":"1335727","formEdgeID":null},{"edgeID":"1751278","fromID":"1335727","toID":"1335723","formEdgeID":null},{"edgeID":"1751279","fromID":"1335730","toID":"1335729","formEdgeID":null},{"edgeID":"1751280","fromID":"1335731","toID":"1335730","formEdgeID":null},{"edgeID":"1751281","fromID":"1335729","toID":"1335732","formEdgeID":null},{"edgeID":"1751282","fromID":"1335732","toID":"1335728","formEdgeID":null},{"edgeID":"1751283","fromID":"1335735","toID":"1335734","formEdgeID":null},{"edgeID":"1751284","fromID":"1335736","toID":"1335735","formEdgeID":null},{"edgeID":"1751285","fromID":"1335734","toID":"1335737","formEdgeID":null},{"edgeID":"1751286","fromID":"1335737","toID":"1335733","formEdgeID":null},{"edgeID":"1751287","fromID":"1335740","toID":"1335739","formEdgeID":null},{"edgeID":"1751288","fromID":"1335741","toID":"1335740","formEdgeID":null},{"edgeID":"1751289","fromID":"1335739","toID":"1335742","formEdgeID":null},{"edgeID":"1751290","fromID":"1335742","toID":"1335738","formEdgeID":null},{"edgeID":"1751291","fromID":"1335745","toID":"1335744","formEdgeID":null},{"edgeID":"1751292","fromID":"1335746","toID":"1335745","formEdgeID":null},{"edgeID":"1751293","fromID":"1335744","toID":"1335747","formEdgeID":null},{"edgeID":"1751294","fromID":"1335747","toID":"1335743","formEdgeID":null},{"edgeID":"1751295","fromID":"1335723","toID":"1335748","formEdgeID":null},{"edgeID":"1751296","fromID":"1335748","toID":"1335729","formEdgeID":null},{"edgeID":"1751297","fromID":"1335729","toID":"1335749","formEdgeID":null},{"edgeID":"1751298","fromID":"1335749","toID":"1335734","formEdgeID":null},{"edgeID":"1751299","fromID":"1335734","toID":"1335750","formEdgeID":null},{"edgeID":"1751300","fromID":"1335750","toID":"1335739","formEdgeID":null},{"edgeID":"1751301","fromID":"1335743","toID":"1335751","formEdgeID":null},{"edgeID":"1751302","fromID":"1335751","toID":"1335733","formEdgeID":null},{"edgeID":"1751303","fromID":"1335734","toID":"1335752","formEdgeID":null},{"edgeID":"1751304","fromID":"1335752","toID":"1335744","formEdgeID":null},{"edgeID":"1751305","fromID":"1335752","toID":"1335753","formEdgeID":null},{"edgeID":"1751306","fromID":"1335753","toID":"1335751","formEdgeID":null},{"edgeID":"1751307","fromID":"1335756","toID":"1335755","formEdgeID":null},{"edgeID":"1751308","fromID":"1335757","toID":"1335756","formEdgeID":null},{"edgeID":"1751309","fromID":"1335755","toID":"1335758","formEdgeID":null},{"edgeID":"1751310","fromID":"1335758","toID":"1335754","formEdgeID":null},{"edgeID":"1751311","fromID":"1335744","toID":"1335759","formEdgeID":null},{"edgeID":"1751312","fromID":"1335759","toID":"1335755","formEdgeID":null},{"edgeID":"1751313","fromID":"1335754","toID":"1335760","formEdgeID":null},{"edgeID":"1751314","fromID":"1335760","toID":"1335743","formEdgeID":null},{"edgeID":"1751315","fromID":"1335759","toID":"1335761","formEdgeID":null},{"edgeID":"1751316","fromID":"1335761","toID":"1335760","formEdgeID":null},{"edgeID":"1751317","fromID":"1335764","toID":"1335763","formEdgeID":null},{"edgeID":"1751318","fromID":"1335765","toID":"1335764","formEdgeID":null},{"edgeID":"1751319","fromID":"1335763","toID":"1335766","formEdgeID":null},{"edgeID":"1751320","fromID":"1335766","toID":"1335762","formEdgeID":null},{"edgeID":"1751321","fromID":"1335762","toID":"1335767","formEdgeID":null},{"edgeID":"1751322","fromID":"1335767","toID":"1335754","formEdgeID":null},{"edgeID":"1751323","fromID":"1335755","toID":"1335768","formEdgeID":null},{"edgeID":"1751324","fromID":"1335768","toID":"1335763","formEdgeID":null},{"edgeID":"1751325","fromID":"1335768","toID":"1335769","formEdgeID":null},{"edgeID":"1751326","fromID":"1335769","toID":"1335767","formEdgeID":null},{"edgeID":"1751327","fromID":"1335772","toID":"1335771","formEdgeID":null},{"edgeID":"1751328","fromID":"1335773","toID":"1335772","formEdgeID":null},{"edgeID":"1751329","fromID":"1335771","toID":"1335774","formEdgeID":null},{"edgeID":"1751330","fromID":"1335774","toID":"1335770","formEdgeID":null},{"edgeID":"1751331","fromID":"1335777","toID":"1335776","formEdgeID":null},{"edgeID":"1751332","fromID":"1335778","toID":"1335777","formEdgeID":null},{"edgeID":"1751333","fromID":"1335776","toID":"1335779","formEdgeID":null},{"edgeID":"1751334","fromID":"1335779","toID":"1335775","formEdgeID":null},{"edgeID":"1751335","fromID":"1335763","toID":"1335780","formEdgeID":null},{"edgeID":"1751336","fromID":"1335780","toID":"1335771","formEdgeID":null},{"edgeID":"1751337","fromID":"1335783","toID":"1335782","formEdgeID":null},{"edgeID":"1751338","fromID":"1335784","toID":"1335783","formEdgeID":null},{"edgeID":"1751339","fromID":"1335782","toID":"1335785","formEdgeID":null},{"edgeID":"1751340","fromID":"1335785","toID":"1335781","formEdgeID":null},{"edgeID":"1751341","fromID":"1335776","toID":"1335786","formEdgeID":null},{"edgeID":"1751342","fromID":"1335786","toID":"1335782","formEdgeID":null},{"edgeID":"1751343","fromID":"1335775","toID":"1335787","formEdgeID":null},{"edgeID":"1751344","fromID":"1335787","toID":"1335781","formEdgeID":null},{"edgeID":"1751345","fromID":"1335786","toID":"1335788","formEdgeID":null},{"edgeID":"1751346","fromID":"1335788","toID":"1335787","formEdgeID":null},{"edgeID":"1751347","fromID":"1335791","toID":"1335790","formEdgeID":null},{"edgeID":"1751348","fromID":"1335792","toID":"1335791","formEdgeID":null},{"edgeID":"1751349","fromID":"1335790","toID":"1335793","formEdgeID":null},{"edgeID":"1751350","fromID":"1335793","toID":"1335789","formEdgeID":null},{"edgeID":"1751351","fromID":"1335775","toID":"1335794","formEdgeID":null},{"edgeID":"1751352","fromID":"1335794","toID":"1335770","formEdgeID":null},{"edgeID":"1751353","fromID":"1335789","toID":"1335794","formEdgeID":null},{"edgeID":"1751354","fromID":"1335771","toID":"1335795","formEdgeID":null},{"edgeID":"1751355","fromID":"1335795","toID":"1335790","formEdgeID":null},{"edgeID":"1751356","fromID":"1335771","toID":"1335796","formEdgeID":null},{"edgeID":"1751357","fromID":"1335796","toID":"1335776","formEdgeID":null},{"edgeID":"1751358","fromID":"1335799","toID":"1335798","formEdgeID":null},{"edgeID":"1751359","fromID":"1335800","toID":"1335799","formEdgeID":null},{"edgeID":"1751360","fromID":"1335798","toID":"1335801","formEdgeID":null},{"edgeID":"1751361","fromID":"1335801","toID":"1335797","formEdgeID":null},{"edgeID":"1751362","fromID":"1335790","toID":"1335802","formEdgeID":null},{"edgeID":"1751363","fromID":"1335802","toID":"1335798","formEdgeID":null},{"edgeID":"1751364","fromID":"1335795","toID":"1335803","formEdgeID":null},{"edgeID":"1751365","fromID":"1335803","toID":"1335794","formEdgeID":null},{"edgeID":"1751366","fromID":"1335716","toID":"1335804","formEdgeID":null},{"edgeID":"1751367","fromID":"1335804","toID":"1335710","formEdgeID":null},{"edgeID":"1751368","fromID":"1335722","toID":"1335805","formEdgeID":null},{"edgeID":"1751369","fromID":"1335805","toID":"1335716","formEdgeID":null},{"edgeID":"1751370","fromID":"1335721","toID":"1335806","formEdgeID":null},{"edgeID":"1751371","fromID":"1335806","toID":"1335804","formEdgeID":null},{"edgeID":"1751372","fromID":"1335807","toID":"1335805","formEdgeID":null},{"edgeID":"1751373","fromID":"1335727","toID":"1335807","formEdgeID":null}],"locutions":[]}