{"nodes":[{"nodeID":"1334435","text":"Douglas Ross would or would not welcome a U-turn","type":"I","timestamp":"2023-11-09 13:43:54"},{"nodeID":"1334436","text":"Fiona Bruce: Would you welcome a U-turn","type":"L","timestamp":"2023-11-09 13:43:54"},{"nodeID":"1334437","text":"Analysing","type":"YA","timestamp":"2023-11-09 13:43:54"},{"nodeID":"1334438","text":"Rebecca: Fiona Bruce: Would you welcome a U-turn","type":"L","timestamp":"2023-11-09 13:43:54"},{"nodeID":"1334439","text":"Pure Questioning","type":"YA","timestamp":"2023-11-09 13:43:54"},{"nodeID":"1334440","text":"we can't see inflation going up","type":"I","timestamp":"2023-11-09 13:43:55"},{"nodeID":"1334441","text":"Douglas Ross: We can't see it going up","type":"L","timestamp":"2023-11-09 13:43:55"},{"nodeID":"1334442","text":"Analysing","type":"YA","timestamp":"2023-11-09 13:43:55"},{"nodeID":"1334443","text":"Rebecca: Douglas Ross: We can't see it going up","type":"L","timestamp":"2023-11-09 13:43:55"},{"nodeID":"1334444","text":"Asserting","type":"YA","timestamp":"2023-11-09 13:43:55"},{"nodeID":"1334445","text":"we cannot see inflation going up in order to help businesses","type":"I","timestamp":"2023-11-09 13:43:55"},{"nodeID":"1334446","text":"Douglas Ross: That is to help businesses","type":"L","timestamp":"2023-11-09 13:43:55"},{"nodeID":"1334447","text":"Analysing","type":"YA","timestamp":"2023-11-09 13:43:55"},{"nodeID":"1334448","text":"Rebecca: Douglas Ross: That is to help businesses","type":"L","timestamp":"2023-11-09 13:43:55"},{"nodeID":"1334449","text":"Asserting","type":"YA","timestamp":"2023-11-09 13:43:55"},{"nodeID":"1334450","text":"we are going into difficult times","type":"I","timestamp":"2023-11-09 13:43:56"},{"nodeID":"1334451","text":"Douglas Ross: we are going into difficult times","type":"L","timestamp":"2023-11-09 13:43:56"},{"nodeID":"1334452","text":"Analysing","type":"YA","timestamp":"2023-11-09 13:43:56"},{"nodeID":"1334453","text":"Rebecca: Douglas Ross: we are going into difficult times","type":"L","timestamp":"2023-11-09 13:43:56"},{"nodeID":"1334454","text":"Asserting","type":"YA","timestamp":"2023-11-09 13:43:56"},{"nodeID":"1334455","text":"we want it to be easier for businesses to employ people and build","type":"I","timestamp":"2023-11-09 13:43:57"},{"nodeID":"1334456","text":"Douglas Ross: we want it to be easier for businesses to employ people and build","type":"L","timestamp":"2023-11-09 13:43:57"},{"nodeID":"1334457","text":"Analysing","type":"YA","timestamp":"2023-11-09 13:43:57"},{"nodeID":"1334458","text":"Rebecca: Douglas Ross: we want it to be easier for businesses to employ people and build","type":"L","timestamp":"2023-11-09 13:43:57"},{"nodeID":"1334459","text":"Asserting","type":"YA","timestamp":"2023-11-09 13:43:57"},{"nodeID":"1334460","text":"Default Transition","type":"TA","timestamp":"2023-11-09 13:43:57"},{"nodeID":"1334461","text":"it really is important that we get the economy going again","type":"I","timestamp":"2023-11-09 13:43:58"},{"nodeID":"1334462","text":"Douglas Ross: It really is important that we get the economy going again","type":"L","timestamp":"2023-11-09 13:43:58"},{"nodeID":"1334463","text":"Analysing","type":"YA","timestamp":"2023-11-09 13:43:58"},{"nodeID":"1334464","text":"Rebecca: Douglas Ross: It really is important that we get the economy going again","type":"L","timestamp":"2023-11-09 13:43:58"},{"nodeID":"1334465","text":"Asserting","type":"YA","timestamp":"2023-11-09 13:43:58"},{"nodeID":"1334466","text":"Default Inference","type":"RA","timestamp":"2023-11-09 13:43:58"},{"nodeID":"1334467","text":"the economic crisis is an issue that is affecting everyone in this audience","type":"I","timestamp":"2023-11-09 13:43:58"},{"nodeID":"1334468","text":"Douglas Ross: This is an issue that is affecting everyone in this audience","type":"L","timestamp":"2023-11-09 13:43:58"},{"nodeID":"1334469","text":"Analysing","type":"YA","timestamp":"2023-11-09 13:43:58"},{"nodeID":"1334470","text":"Rebecca: Douglas Ross: This is an issue that is affecting everyone in this audience","type":"L","timestamp":"2023-11-09 13:43:58"},{"nodeID":"1334471","text":"Asserting","type":"YA","timestamp":"2023-11-09 13:43:58"},{"nodeID":"1334472","text":"Default Transition","type":"TA","timestamp":"2023-11-09 13:43:58"},{"nodeID":"1334473","text":"Default Inference","type":"RA","timestamp":"2023-11-09 13:43:58"},{"nodeID":"1334474","text":"Arguing","type":"YA","timestamp":"2023-11-09 13:43:58"},{"nodeID":"1334475","text":"the economic crisis is affecting everyone across the country","type":"I","timestamp":"2023-11-09 13:43:59"},{"nodeID":"1334476","text":"Douglas Ross: everyone across the country","type":"L","timestamp":"2023-11-09 13:43:59"},{"nodeID":"1334477","text":"Analysing","type":"YA","timestamp":"2023-11-09 13:43:59"},{"nodeID":"1334478","text":"Rebecca: Douglas Ross: everyone across the country","type":"L","timestamp":"2023-11-09 13:43:59"},{"nodeID":"1334479","text":"Asserting","type":"YA","timestamp":"2023-11-09 13:43:59"},{"nodeID":"1334480","text":"Default Transition","type":"TA","timestamp":"2023-11-09 13:43:59"},{"nodeID":"1334481","text":"Default Rephrase","type":"MA","timestamp":"2023-11-09 13:43:59"},{"nodeID":"1334482","text":"Restating","type":"YA","timestamp":"2023-11-09 13:43:59"},{"nodeID":"1334483","text":"we're seeing an economic crisis in other countries across the world","type":"I","timestamp":"2023-11-09 13:44:00"},{"nodeID":"1334484","text":"Douglas Ross: we're seeing this in other countries across the world","type":"L","timestamp":"2023-11-09 13:44:00"},{"nodeID":"1334485","text":"Analysing","type":"YA","timestamp":"2023-11-09 13:44:00"},{"nodeID":"1334486","text":"Rebecca: Douglas Ross: we're seeing this in other countries across the world","type":"L","timestamp":"2023-11-09 13:44:00"},{"nodeID":"1334487","text":"Asserting","type":"YA","timestamp":"2023-11-09 13:44:00"},{"nodeID":"1334488","text":"Default Rephrase","type":"MA","timestamp":"2023-11-09 13:44:00"},{"nodeID":"1334489","text":"Default Transition","type":"TA","timestamp":"2023-11-09 13:44:00"},{"nodeID":"1334490","text":"Restating","type":"YA","timestamp":"2023-11-09 13:44:00"},{"nodeID":"1334491","text":"we're seeing inflation at higher levels than in the United Kingdom, in the United States, in Australia, in Canada","type":"I","timestamp":"2023-11-09 13:44:00"},{"nodeID":"1334492","text":"Douglas Ross: We're seeing inflation at higher levels than in the United Kingdom, in the United States, in Australia, in Canada","type":"L","timestamp":"2023-11-09 13:44:00"},{"nodeID":"1334493","text":"Analysing","type":"YA","timestamp":"2023-11-09 13:44:00"},{"nodeID":"1334494","text":"Rebecca: Douglas Ross: We're seeing inflation at higher levels than in the United Kingdom, in the United States, in Australia, in Canada","type":"L","timestamp":"2023-11-09 13:44:00"},{"nodeID":"1334495","text":"Asserting","type":"YA","timestamp":"2023-11-09 13:44:00"},{"nodeID":"1334496","text":"Default Transition","type":"TA","timestamp":"2023-11-09 13:44:00"},{"nodeID":"1334497","text":"Default Rephrase","type":"MA","timestamp":"2023-11-09 13:44:00"},{"nodeID":"1334498","text":"Restating","type":"YA","timestamp":"2023-11-09 13:44:00"},{"nodeID":"1334499","text":"you look at all the economic analysis","type":"I","timestamp":"2023-11-09 13:44:01"},{"nodeID":"1334500","text":"John Swinney: you look at all the economic analysis","type":"L","timestamp":"2023-11-09 13:44:01"},{"nodeID":"1334501","text":"Analysing","type":"YA","timestamp":"2023-11-09 13:44:01"},{"nodeID":"1334502","text":"Rebecca: John Swinney: you look at all the economic analysis","type":"L","timestamp":"2023-11-09 13:44:01"},{"nodeID":"1334503","text":"Asserting","type":"YA","timestamp":"2023-11-09 13:44:01"},{"nodeID":"1334504","text":"the economic analysis demonstrates the UK's position is worse than other countries'","type":"I","timestamp":"2023-11-09 13:44:01"},{"nodeID":"1334505","text":"John Swinney: it demonstrates the UK's position is worse","type":"L","timestamp":"2023-11-09 13:44:01"},{"nodeID":"1334506","text":"Analysing","type":"YA","timestamp":"2023-11-09 13:44:01"},{"nodeID":"1334507","text":"Rebecca: John Swinney: it demonstrates the UK's position is worse","type":"L","timestamp":"2023-11-09 13:44:01"},{"nodeID":"1334508","text":"Asserting","type":"YA","timestamp":"2023-11-09 13:44:01"},{"nodeID":"1334509","text":"the UK's postion is worse because of the mini budget","type":"I","timestamp":"2023-11-09 13:44:02"},{"nodeID":"1334510","text":"John Swinney: because of the mini budget","type":"L","timestamp":"2023-11-09 13:44:02"},{"nodeID":"1334511","text":"Analysing","type":"YA","timestamp":"2023-11-09 13:44:02"},{"nodeID":"1334512","text":"Rebecca: John Swinney: because of the mini budget","type":"L","timestamp":"2023-11-09 13:44:02"},{"nodeID":"1334513","text":"Asserting","type":"YA","timestamp":"2023-11-09 13:44:02"},{"nodeID":"1334514","text":"Douglas Ross is out of the traps right away demanding that John Swinney repeats exactly the mistakes the UK government is making","type":"I","timestamp":"2023-11-09 13:44:03"},{"nodeID":"1334515","text":"John Swinney: you're out of the traps right away demanding that I repeat exactly the mistakes the UK government is making","type":"L","timestamp":"2023-11-09 13:44:03"},{"nodeID":"1334516","text":"Analysing","type":"YA","timestamp":"2023-11-09 13:44:03"},{"nodeID":"1334517","text":"Rebecca: John Swinney: you're out of the traps right away demanding that I repeat exactly the mistakes the UK government is making","type":"L","timestamp":"2023-11-09 13:44:03"},{"nodeID":"1334518","text":"Asserting","type":"YA","timestamp":"2023-11-09 13:44:03"},{"nodeID":"1334519","text":"John Swinney does nothing as Economic Secretary","type":"I","timestamp":"2023-11-09 13:44:03"},{"nodeID":"1334520","text":"Douglas Ross: John does nothing as Economic Secretary","type":"L","timestamp":"2023-11-09 13:44:03"},{"nodeID":"1334521","text":"Analysing","type":"YA","timestamp":"2023-11-09 13:44:03"},{"nodeID":"1334522","text":"Rebecca: Douglas Ross: John does nothing as Economic Secretary","type":"L","timestamp":"2023-11-09 13:44:03"},{"nodeID":"1334523","text":"Asserting","type":"YA","timestamp":"2023-11-09 13:44:03"},{"nodeID":"1334524","text":"people earning as little as \u00a315,000 a year will pay more in tax than the rest of the United Kingdom","type":"I","timestamp":"2023-11-09 13:44:04"},{"nodeID":"1334525","text":"Douglas Ross: people earning as little as \u00a315,000 a year will pay more in tax than the rest of the United Kingdom","type":"L","timestamp":"2023-11-09 13:44:04"},{"nodeID":"1334526","text":"Analysing","type":"YA","timestamp":"2023-11-09 13:44:04"},{"nodeID":"1334527","text":"Rebecca: Douglas Ross: people earning as little as \u00a315,000 a year will pay more in tax than the rest of the United Kingdom","type":"L","timestamp":"2023-11-09 13:44:04"},{"nodeID":"1334528","text":"Asserting","type":"YA","timestamp":"2023-11-09 13:44:04"},{"nodeID":"1334529","text":"Default Transition","type":"TA","timestamp":"2023-11-09 13:44:04"},{"nodeID":"1334530","text":"Default Transition","type":"TA","timestamp":"2023-11-09 13:44:04"},{"nodeID":"1334531","text":"Default Inference","type":"RA","timestamp":"2023-11-09 13:44:04"},{"nodeID":"1334532","text":"Arguing","type":"YA","timestamp":"2023-11-09 13:44:04"},{"nodeID":"1334533","text":"Default Transition","type":"TA","timestamp":"2023-11-09 13:44:04"},{"nodeID":"1334534","text":"Default Transition","type":"TA","timestamp":"2023-11-09 13:44:04"},{"nodeID":"1334535","text":"Default Inference","type":"RA","timestamp":"2023-11-09 13:44:04"},{"nodeID":"1334536","text":"Arguing","type":"YA","timestamp":"2023-11-09 13:44:04"},{"nodeID":"1334537","text":"Default Transition","type":"TA","timestamp":"2023-11-09 13:44:04"},{"nodeID":"1334538","text":"Default Inference","type":"RA","timestamp":"2023-11-09 13:44:04"},{"nodeID":"1334539","text":"Arguing","type":"YA","timestamp":"2023-11-09 13:44:04"},{"nodeID":"1334540","text":"Default Transition","type":"TA","timestamp":"2023-11-09 13:44:04"},{"nodeID":"1334541","text":"Default Transition","type":"TA","timestamp":"2023-11-09 13:44:04"},{"nodeID":"1334542","text":"Default Inference","type":"RA","timestamp":"2023-11-09 13:44:04"},{"nodeID":"1334543","text":"Arguing","type":"YA","timestamp":"2023-11-09 13:44:04"},{"nodeID":"1334544","text":"Default Inference","type":"RA","timestamp":"2023-11-09 13:44:04"},{"nodeID":"1334545","text":"Default Transition","type":"TA","timestamp":"2023-11-09 13:44:04"},{"nodeID":"1334546","text":"Arguing","type":"YA","timestamp":"2023-11-09 13:44:04"},{"nodeID":"1334547","text":"the Government had given help towards heating bills","type":"I","timestamp":"2023-11-09 13:44:05"},{"nodeID":"1334548","text":"AudienceMember 20221020QT03: Douglas was saying the Government had given help towards heating bills","type":"L","timestamp":"2023-11-09 13:44:05"},{"nodeID":"1334549","text":"Analysing","type":"YA","timestamp":"2023-11-09 13:44:05"},{"nodeID":"1334550","text":"Rebecca: AudienceMember 20221020QT03: Douglas was saying the Government had given help towards heating bills","type":"L","timestamp":"2023-11-09 13:44:05"},{"nodeID":"1334551","text":"everything else than heating bills has gone up","type":"I","timestamp":"2023-11-09 13:44:05"},{"nodeID":"1334552","text":"AudienceMember 20221020QT03: Everything else has gone up","type":"L","timestamp":"2023-11-09 13:44:05"},{"nodeID":"1334553","text":"Analysing","type":"YA","timestamp":"2023-11-09 13:44:05"},{"nodeID":"1334554","text":"Rebecca: AudienceMember 20221020QT03: Everything else has gone up","type":"L","timestamp":"2023-11-09 13:44:05"},{"nodeID":"1334555","text":"Asserting","type":"YA","timestamp":"2023-11-09 13:44:05"},{"nodeID":"1334556","text":"people can't afford food","type":"I","timestamp":"2023-11-09 13:44:06"},{"nodeID":"1334557","text":"AudienceMember 20221020QT03: People can't afford food","type":"L","timestamp":"2023-11-09 13:44:06"},{"nodeID":"1334558","text":"Analysing","type":"YA","timestamp":"2023-11-09 13:44:06"},{"nodeID":"1334559","text":"Rebecca: AudienceMember 20221020QT03: People can't afford food","type":"L","timestamp":"2023-11-09 13:44:06"},{"nodeID":"1334560","text":"Asserting","type":"YA","timestamp":"2023-11-09 13:44:06"},{"nodeID":"1334561","text":"people can't afford to put their heating on","type":"I","timestamp":"2023-11-09 13:44:07"},{"nodeID":"1334562","text":"AudienceMember 20221020QT03: can't afford to put their heating on","type":"L","timestamp":"2023-11-09 13:44:07"},{"nodeID":"1334563","text":"Analysing","type":"YA","timestamp":"2023-11-09 13:44:07"},{"nodeID":"1334564","text":"Rebecca: AudienceMember 20221020QT03: can't afford to put their heating on","type":"L","timestamp":"2023-11-09 13:44:07"},{"nodeID":"1334565","text":"Asserting","type":"YA","timestamp":"2023-11-09 13:44:07"},{"nodeID":"1334566","text":"people don't know that their energy prices have gone up","type":"I","timestamp":"2023-11-09 13:44:07"},{"nodeID":"1334567","text":"AudienceMember 20221020QT03: They don't know it has gone up","type":"L","timestamp":"2023-11-09 13:44:07"},{"nodeID":"1334568","text":"Analysing","type":"YA","timestamp":"2023-11-09 13:44:07"},{"nodeID":"1334569","text":"Rebecca: AudienceMember 20221020QT03: They don't know it has gone up","type":"L","timestamp":"2023-11-09 13:44:07"},{"nodeID":"1334570","text":"Asserting","type":"YA","timestamp":"2023-11-09 13:44:07"},{"nodeID":"1334571","text":"clothing prices have gone up","type":"I","timestamp":"2023-11-09 13:44:08"},{"nodeID":"1334572","text":"AudienceMember 20221020QT03:  Clothing has gone up","type":"L","timestamp":"2023-11-09 13:44:08"},{"nodeID":"1334573","text":"Analysing","type":"YA","timestamp":"2023-11-09 13:44:08"},{"nodeID":"1334574","text":"Rebecca: AudienceMember 20221020QT03:  Clothing has gone up","type":"L","timestamp":"2023-11-09 13:44:08"},{"nodeID":"1334575","text":"Asserting","type":"YA","timestamp":"2023-11-09 13:44:08"},{"nodeID":"1334576","text":"housing prices have gone up","type":"I","timestamp":"2023-11-09 13:44:09"},{"nodeID":"1334577","text":"AudienceMember 20221020QT03: housing","type":"L","timestamp":"2023-11-09 13:44:09"},{"nodeID":"1334578","text":"Analysing","type":"YA","timestamp":"2023-11-09 13:44:09"},{"nodeID":"1334579","text":"Rebecca: AudienceMember 20221020QT03: housing","type":"L","timestamp":"2023-11-09 13:44:09"},{"nodeID":"1334580","text":"Asserting","type":"YA","timestamp":"2023-11-09 13:44:09"},{"nodeID":"1334581","text":"all prices have gone up","type":"I","timestamp":"2023-11-09 13:44:09"},{"nodeID":"1334582","text":"AudienceMember 20221020QT03: everything","type":"L","timestamp":"2023-11-09 13:44:09"},{"nodeID":"1334583","text":"Analysing","type":"YA","timestamp":"2023-11-09 13:44:09"},{"nodeID":"1334584","text":"Rebecca: AudienceMember 20221020QT03: everything","type":"L","timestamp":"2023-11-09 13:44:09"},{"nodeID":"1334585","text":"Asserting","type":"YA","timestamp":"2023-11-09 13:44:09"},{"nodeID":"1334586","text":"there's no help for anything like all prices going up","type":"I","timestamp":"2023-11-09 13:44:10"},{"nodeID":"1334587","text":"AudienceMember 20221020QT03: There's no help for anything like that","type":"L","timestamp":"2023-11-09 13:44:10"},{"nodeID":"1334588","text":"Analysing","type":"YA","timestamp":"2023-11-09 13:44:10"},{"nodeID":"1334589","text":"Rebecca: AudienceMember 20221020QT03: There's no help for anything like that","type":"L","timestamp":"2023-11-09 13:44:10"},{"nodeID":"1334590","text":"Asserting","type":"YA","timestamp":"2023-11-09 13:44:10"},{"nodeID":"1334591","text":"Douglas Ross: the Government has given help towards heating bills","type":"L","timestamp":"2023-11-09 13:44:10"},{"nodeID":"1334592","text":"Analysing","type":"YA","timestamp":"2023-11-09 13:44:10"},{"nodeID":"1334593","text":"Rebecca: Douglas Ross: Douglas was saying the Government had given help towards heating bills","type":"L","timestamp":"2023-11-09 13:44:10"},{"nodeID":"1334594","text":"Asserting","type":"YA","timestamp":"2023-11-09 13:44:10"},{"nodeID":"1334595","text":"Asserting","type":"YA","timestamp":"2023-11-09 13:44:10"},{"nodeID":"1334596","text":"Default Transition","type":"TA","timestamp":"2023-11-09 13:44:10"},{"nodeID":"1334597","text":"Default Transition","type":"TA","timestamp":"2023-11-09 13:44:10"},{"nodeID":"1334598","text":"Default Transition","type":"TA","timestamp":"2023-11-09 13:44:10"},{"nodeID":"1334599","text":"Default Inference","type":"RA","timestamp":"2023-11-09 13:44:10"},{"nodeID":"1334600","text":"Arguing","type":"YA","timestamp":"2023-11-09 13:44:10"},{"nodeID":"1334601","text":"Default Transition","type":"TA","timestamp":"2023-11-09 13:44:10"},{"nodeID":"1334602","text":"Default Conflict","type":"CA","timestamp":"2023-11-09 13:44:10"},{"nodeID":"1334603","text":"Disagreeing","type":"YA","timestamp":"2023-11-09 13:44:10"},{"nodeID":"1334604","text":"Default Transition","type":"TA","timestamp":"2023-11-09 13:44:10"},{"nodeID":"1334605","text":"Default Transition","type":"TA","timestamp":"2023-11-09 13:44:10"},{"nodeID":"1334606","text":"Default Rephrase","type":"MA","timestamp":"2023-11-09 13:44:10"},{"nodeID":"1334607","text":"Restating","type":"YA","timestamp":"2023-11-09 13:44:10"},{"nodeID":"1334608","text":"Default Transition","type":"TA","timestamp":"2023-11-09 13:44:10"},{"nodeID":"1334609","text":"Default Rephrase","type":"MA","timestamp":"2023-11-09 13:44:10"},{"nodeID":"1334610","text":"Default Inference","type":"RA","timestamp":"2023-11-09 13:44:10"},{"nodeID":"1334611","text":"Default Transition","type":"TA","timestamp":"2023-11-09 13:44:10"},{"nodeID":"1334612","text":"Arguing","type":"YA","timestamp":"2023-11-09 13:44:10"},{"nodeID":"1334613","text":"Default Transition","type":"TA","timestamp":"2023-11-09 13:44:10"},{"nodeID":"1334614","text":"Default Rephrase","type":"MA","timestamp":"2023-11-09 13:44:10"},{"nodeID":"1334615","text":"Restating","type":"YA","timestamp":"2023-11-09 13:44:10"},{"nodeID":"1334616","text":"Default Transition","type":"TA","timestamp":"2023-11-09 13:44:10"},{"nodeID":"1334617","text":"Arguing","type":"YA","timestamp":"2023-11-09 13:44:10"},{"nodeID":"1334618","text":"Default Conflict","type":"CA","timestamp":"2023-11-09 13:44:10"},{"nodeID":"1334619","text":"Default Transition","type":"TA","timestamp":"2023-11-09 13:44:10"},{"nodeID":"1334620","text":"Disagreeing","type":"YA","timestamp":"2023-11-09 13:44:10"},{"nodeID":"1334621","text":"Default Transition","type":"TA","timestamp":"2023-11-09 13:44:10"},{"nodeID":"1334622","text":"Default Transition","type":"TA","timestamp":"2023-11-09 13:44:10"},{"nodeID":"1334623","text":"Default Transition","type":"TA","timestamp":"2023-11-09 13:44:10"},{"nodeID":"1334624","text":"Default Transition","type":"TA","timestamp":"2023-11-09 13:44:10"}],"edges":[{"edgeID":"1749717","fromID":"1334437","toID":"1334436","formEdgeID":null},{"edgeID":"1749718","fromID":"1334438","toID":"1334437","formEdgeID":null},{"edgeID":"1749719","fromID":"1334436","toID":"1334439","formEdgeID":null},{"edgeID":"1749720","fromID":"1334439","toID":"1334435","formEdgeID":null},{"edgeID":"1749721","fromID":"1334442","toID":"1334441","formEdgeID":null},{"edgeID":"1749722","fromID":"1334443","toID":"1334442","formEdgeID":null},{"edgeID":"1749723","fromID":"1334441","toID":"1334444","formEdgeID":null},{"edgeID":"1749724","fromID":"1334444","toID":"1334440","formEdgeID":null},{"edgeID":"1749725","fromID":"1334447","toID":"1334446","formEdgeID":null},{"edgeID":"1749726","fromID":"1334448","toID":"1334447","formEdgeID":null},{"edgeID":"1749727","fromID":"1334446","toID":"1334449","formEdgeID":null},{"edgeID":"1749728","fromID":"1334449","toID":"1334445","formEdgeID":null},{"edgeID":"1749729","fromID":"1334452","toID":"1334451","formEdgeID":null},{"edgeID":"1749730","fromID":"1334453","toID":"1334452","formEdgeID":null},{"edgeID":"1749731","fromID":"1334451","toID":"1334454","formEdgeID":null},{"edgeID":"1749732","fromID":"1334454","toID":"1334450","formEdgeID":null},{"edgeID":"1749733","fromID":"1334457","toID":"1334456","formEdgeID":null},{"edgeID":"1749734","fromID":"1334458","toID":"1334457","formEdgeID":null},{"edgeID":"1749735","fromID":"1334456","toID":"1334459","formEdgeID":null},{"edgeID":"1749736","fromID":"1334459","toID":"1334455","formEdgeID":null},{"edgeID":"1749737","fromID":"1334451","toID":"1334460","formEdgeID":null},{"edgeID":"1749738","fromID":"1334460","toID":"1334456","formEdgeID":null},{"edgeID":"1749739","fromID":"1334463","toID":"1334462","formEdgeID":null},{"edgeID":"1749740","fromID":"1334464","toID":"1334463","formEdgeID":null},{"edgeID":"1749741","fromID":"1334462","toID":"1334465","formEdgeID":null},{"edgeID":"1749742","fromID":"1334465","toID":"1334461","formEdgeID":null},{"edgeID":"1749743","fromID":"1334455","toID":"1334466","formEdgeID":null},{"edgeID":"1749744","fromID":"1334466","toID":"1334461","formEdgeID":null},{"edgeID":"1749745","fromID":"1334469","toID":"1334468","formEdgeID":null},{"edgeID":"1749746","fromID":"1334470","toID":"1334469","formEdgeID":null},{"edgeID":"1749747","fromID":"1334468","toID":"1334471","formEdgeID":null},{"edgeID":"1749748","fromID":"1334471","toID":"1334467","formEdgeID":null},{"edgeID":"1749749","fromID":"1334462","toID":"1334472","formEdgeID":null},{"edgeID":"1749750","fromID":"1334472","toID":"1334468","formEdgeID":null},{"edgeID":"1749751","fromID":"1334467","toID":"1334473","formEdgeID":null},{"edgeID":"1749752","fromID":"1334473","toID":"1334461","formEdgeID":null},{"edgeID":"1749753","fromID":"1334472","toID":"1334474","formEdgeID":null},{"edgeID":"1749754","fromID":"1334474","toID":"1334473","formEdgeID":null},{"edgeID":"1749755","fromID":"1334477","toID":"1334476","formEdgeID":null},{"edgeID":"1749756","fromID":"1334478","toID":"1334477","formEdgeID":null},{"edgeID":"1749757","fromID":"1334476","toID":"1334479","formEdgeID":null},{"edgeID":"1749758","fromID":"1334479","toID":"1334475","formEdgeID":null},{"edgeID":"1749759","fromID":"1334468","toID":"1334480","formEdgeID":null},{"edgeID":"1749760","fromID":"1334480","toID":"1334476","formEdgeID":null},{"edgeID":"1749761","fromID":"1334475","toID":"1334481","formEdgeID":null},{"edgeID":"1749762","fromID":"1334481","toID":"1334467","formEdgeID":null},{"edgeID":"1749763","fromID":"1334480","toID":"1334482","formEdgeID":null},{"edgeID":"1749764","fromID":"1334482","toID":"1334481","formEdgeID":null},{"edgeID":"1749765","fromID":"1334485","toID":"1334484","formEdgeID":null},{"edgeID":"1749766","fromID":"1334486","toID":"1334485","formEdgeID":null},{"edgeID":"1749767","fromID":"1334484","toID":"1334487","formEdgeID":null},{"edgeID":"1749768","fromID":"1334487","toID":"1334483","formEdgeID":null},{"edgeID":"1749769","fromID":"1334483","toID":"1334488","formEdgeID":null},{"edgeID":"1749770","fromID":"1334488","toID":"1334475","formEdgeID":null},{"edgeID":"1749771","fromID":"1334476","toID":"1334489","formEdgeID":null},{"edgeID":"1749772","fromID":"1334489","toID":"1334484","formEdgeID":null},{"edgeID":"1749773","fromID":"1334489","toID":"1334490","formEdgeID":null},{"edgeID":"1749774","fromID":"1334490","toID":"1334488","formEdgeID":null},{"edgeID":"1749775","fromID":"1334493","toID":"1334492","formEdgeID":null},{"edgeID":"1749776","fromID":"1334494","toID":"1334493","formEdgeID":null},{"edgeID":"1749777","fromID":"1334492","toID":"1334495","formEdgeID":null},{"edgeID":"1749778","fromID":"1334495","toID":"1334491","formEdgeID":null},{"edgeID":"1749779","fromID":"1334484","toID":"1334496","formEdgeID":null},{"edgeID":"1749780","fromID":"1334496","toID":"1334492","formEdgeID":null},{"edgeID":"1749781","fromID":"1334491","toID":"1334497","formEdgeID":null},{"edgeID":"1749782","fromID":"1334497","toID":"1334483","formEdgeID":null},{"edgeID":"1749783","fromID":"1334496","toID":"1334498","formEdgeID":null},{"edgeID":"1749784","fromID":"1334498","toID":"1334497","formEdgeID":null},{"edgeID":"1749785","fromID":"1334501","toID":"1334500","formEdgeID":null},{"edgeID":"1749786","fromID":"1334502","toID":"1334501","formEdgeID":null},{"edgeID":"1749787","fromID":"1334500","toID":"1334503","formEdgeID":null},{"edgeID":"1749788","fromID":"1334503","toID":"1334499","formEdgeID":null},{"edgeID":"1749789","fromID":"1334506","toID":"1334505","formEdgeID":null},{"edgeID":"1749790","fromID":"1334507","toID":"1334506","formEdgeID":null},{"edgeID":"1749791","fromID":"1334505","toID":"1334508","formEdgeID":null},{"edgeID":"1749792","fromID":"1334508","toID":"1334504","formEdgeID":null},{"edgeID":"1749793","fromID":"1334511","toID":"1334510","formEdgeID":null},{"edgeID":"1749794","fromID":"1334512","toID":"1334511","formEdgeID":null},{"edgeID":"1749795","fromID":"1334510","toID":"1334513","formEdgeID":null},{"edgeID":"1749796","fromID":"1334513","toID":"1334509","formEdgeID":null},{"edgeID":"1749797","fromID":"1334516","toID":"1334515","formEdgeID":null},{"edgeID":"1749798","fromID":"1334517","toID":"1334516","formEdgeID":null},{"edgeID":"1749799","fromID":"1334515","toID":"1334518","formEdgeID":null},{"edgeID":"1749800","fromID":"1334518","toID":"1334514","formEdgeID":null},{"edgeID":"1749801","fromID":"1334521","toID":"1334520","formEdgeID":null},{"edgeID":"1749802","fromID":"1334522","toID":"1334521","formEdgeID":null},{"edgeID":"1749803","fromID":"1334520","toID":"1334523","formEdgeID":null},{"edgeID":"1749804","fromID":"1334523","toID":"1334519","formEdgeID":null},{"edgeID":"1749805","fromID":"1334526","toID":"1334525","formEdgeID":null},{"edgeID":"1749806","fromID":"1334527","toID":"1334526","formEdgeID":null},{"edgeID":"1749807","fromID":"1334525","toID":"1334528","formEdgeID":null},{"edgeID":"1749808","fromID":"1334528","toID":"1334524","formEdgeID":null},{"edgeID":"1749809","fromID":"1334436","toID":"1334529","formEdgeID":null},{"edgeID":"1749810","fromID":"1334529","toID":"1334441","formEdgeID":null},{"edgeID":"1749811","fromID":"1334441","toID":"1334530","formEdgeID":null},{"edgeID":"1749812","fromID":"1334530","toID":"1334446","formEdgeID":null},{"edgeID":"1749813","fromID":"1334440","toID":"1334531","formEdgeID":null},{"edgeID":"1749814","fromID":"1334531","toID":"1334445","formEdgeID":null},{"edgeID":"1749815","fromID":"1334530","toID":"1334532","formEdgeID":null},{"edgeID":"1749816","fromID":"1334532","toID":"1334531","formEdgeID":null},{"edgeID":"1749817","fromID":"1334446","toID":"1334533","formEdgeID":null},{"edgeID":"1749818","fromID":"1334533","toID":"1334451","formEdgeID":null},{"edgeID":"1749819","fromID":"1334500","toID":"1334534","formEdgeID":null},{"edgeID":"1749820","fromID":"1334534","toID":"1334505","formEdgeID":null},{"edgeID":"1749821","fromID":"1334499","toID":"1334535","formEdgeID":null},{"edgeID":"1749822","fromID":"1334535","toID":"1334504","formEdgeID":null},{"edgeID":"1749823","fromID":"1334534","toID":"1334536","formEdgeID":null},{"edgeID":"1749824","fromID":"1334536","toID":"1334535","formEdgeID":null},{"edgeID":"1749825","fromID":"1334505","toID":"1334537","formEdgeID":null},{"edgeID":"1749826","fromID":"1334537","toID":"1334510","formEdgeID":null},{"edgeID":"1749827","fromID":"1334509","toID":"1334538","formEdgeID":null},{"edgeID":"1749828","fromID":"1334538","toID":"1334504","formEdgeID":null},{"edgeID":"1749829","fromID":"1334537","toID":"1334539","formEdgeID":null},{"edgeID":"1749830","fromID":"1334539","toID":"1334538","formEdgeID":null},{"edgeID":"1749831","fromID":"1334510","toID":"1334540","formEdgeID":null},{"edgeID":"1749832","fromID":"1334540","toID":"1334515","formEdgeID":null},{"edgeID":"1749833","fromID":"1334520","toID":"1334541","formEdgeID":null},{"edgeID":"1749834","fromID":"1334541","toID":"1334525","formEdgeID":null},{"edgeID":"1749835","fromID":"1334519","toID":"1334542","formEdgeID":null},{"edgeID":"1749836","fromID":"1334542","toID":"1334524","formEdgeID":null},{"edgeID":"1749837","fromID":"1334541","toID":"1334543","formEdgeID":null},{"edgeID":"1749838","fromID":"1334543","toID":"1334542","formEdgeID":null},{"edgeID":"1749839","fromID":"1334524","toID":"1334544","formEdgeID":null},{"edgeID":"1749840","fromID":"1334544","toID":"1334514","formEdgeID":null},{"edgeID":"1749841","fromID":"1334515","toID":"1334545","formEdgeID":null},{"edgeID":"1749842","fromID":"1334545","toID":"1334525","formEdgeID":null},{"edgeID":"1749843","fromID":"1334545","toID":"1334546","formEdgeID":null},{"edgeID":"1749844","fromID":"1334546","toID":"1334544","formEdgeID":null},{"edgeID":"1749845","fromID":"1334549","toID":"1334548","formEdgeID":null},{"edgeID":"1749846","fromID":"1334550","toID":"1334549","formEdgeID":null},{"edgeID":"1749847","fromID":"1334553","toID":"1334552","formEdgeID":null},{"edgeID":"1749848","fromID":"1334554","toID":"1334553","formEdgeID":null},{"edgeID":"1749849","fromID":"1334552","toID":"1334555","formEdgeID":null},{"edgeID":"1749850","fromID":"1334555","toID":"1334551","formEdgeID":null},{"edgeID":"1749851","fromID":"1334558","toID":"1334557","formEdgeID":null},{"edgeID":"1749852","fromID":"1334559","toID":"1334558","formEdgeID":null},{"edgeID":"1749853","fromID":"1334557","toID":"1334560","formEdgeID":null},{"edgeID":"1749854","fromID":"1334560","toID":"1334556","formEdgeID":null},{"edgeID":"1749855","fromID":"1334563","toID":"1334562","formEdgeID":null},{"edgeID":"1749856","fromID":"1334564","toID":"1334563","formEdgeID":null},{"edgeID":"1749857","fromID":"1334562","toID":"1334565","formEdgeID":null},{"edgeID":"1749858","fromID":"1334565","toID":"1334561","formEdgeID":null},{"edgeID":"1749859","fromID":"1334568","toID":"1334567","formEdgeID":null},{"edgeID":"1749860","fromID":"1334569","toID":"1334568","formEdgeID":null},{"edgeID":"1749861","fromID":"1334567","toID":"1334570","formEdgeID":null},{"edgeID":"1749862","fromID":"1334570","toID":"1334566","formEdgeID":null},{"edgeID":"1749863","fromID":"1334573","toID":"1334572","formEdgeID":null},{"edgeID":"1749864","fromID":"1334574","toID":"1334573","formEdgeID":null},{"edgeID":"1749865","fromID":"1334572","toID":"1334575","formEdgeID":null},{"edgeID":"1749866","fromID":"1334575","toID":"1334571","formEdgeID":null},{"edgeID":"1749867","fromID":"1334578","toID":"1334577","formEdgeID":null},{"edgeID":"1749868","fromID":"1334579","toID":"1334578","formEdgeID":null},{"edgeID":"1749869","fromID":"1334577","toID":"1334580","formEdgeID":null},{"edgeID":"1749870","fromID":"1334580","toID":"1334576","formEdgeID":null},{"edgeID":"1749871","fromID":"1334583","toID":"1334582","formEdgeID":null},{"edgeID":"1749872","fromID":"1334584","toID":"1334583","formEdgeID":null},{"edgeID":"1749873","fromID":"1334582","toID":"1334585","formEdgeID":null},{"edgeID":"1749874","fromID":"1334585","toID":"1334581","formEdgeID":null},{"edgeID":"1749875","fromID":"1334588","toID":"1334587","formEdgeID":null},{"edgeID":"1749876","fromID":"1334589","toID":"1334588","formEdgeID":null},{"edgeID":"1749877","fromID":"1334587","toID":"1334590","formEdgeID":null},{"edgeID":"1749878","fromID":"1334590","toID":"1334586","formEdgeID":null},{"edgeID":"1749879","fromID":"1334592","toID":"1334591","formEdgeID":null},{"edgeID":"1749880","fromID":"1334593","toID":"1334592","formEdgeID":null},{"edgeID":"1749881","fromID":"1334591","toID":"1334594","formEdgeID":null},{"edgeID":"1749882","fromID":"1334594","toID":"1334547","formEdgeID":null},{"edgeID":"1749883","fromID":"1334548","toID":"1334595","formEdgeID":null},{"edgeID":"1749884","fromID":"1334595","toID":"1334591","formEdgeID":null},{"edgeID":"1749885","fromID":"1334525","toID":"1334596","formEdgeID":null},{"edgeID":"1749886","fromID":"1334596","toID":"1334548","formEdgeID":null},{"edgeID":"1749887","fromID":"1334548","toID":"1334597","formEdgeID":null},{"edgeID":"1749888","fromID":"1334597","toID":"1334552","formEdgeID":null},{"edgeID":"1749889","fromID":"1334552","toID":"1334598","formEdgeID":null},{"edgeID":"1749890","fromID":"1334598","toID":"1334557","formEdgeID":null},{"edgeID":"1749891","fromID":"1334551","toID":"1334599","formEdgeID":null},{"edgeID":"1749892","fromID":"1334599","toID":"1334556","formEdgeID":null},{"edgeID":"1749893","fromID":"1334598","toID":"1334600","formEdgeID":null},{"edgeID":"1749894","fromID":"1334600","toID":"1334599","formEdgeID":null},{"edgeID":"1749895","fromID":"1334548","toID":"1334601","formEdgeID":null},{"edgeID":"1749896","fromID":"1334601","toID":"1334562","formEdgeID":null},{"edgeID":"1749897","fromID":"1334561","toID":"1334602","formEdgeID":null},{"edgeID":"1749898","fromID":"1334602","toID":"1334547","formEdgeID":null},{"edgeID":"1749899","fromID":"1334601","toID":"1334603","formEdgeID":null},{"edgeID":"1749900","fromID":"1334603","toID":"1334602","formEdgeID":null},{"edgeID":"1749901","fromID":"1334562","toID":"1334604","formEdgeID":null},{"edgeID":"1749902","fromID":"1334604","toID":"1334567","formEdgeID":null},{"edgeID":"1749903","fromID":"1334552","toID":"1334605","formEdgeID":null},{"edgeID":"1749904","fromID":"1334605","toID":"1334572","formEdgeID":null},{"edgeID":"1749905","fromID":"1334571","toID":"1334606","formEdgeID":null},{"edgeID":"1749906","fromID":"1334606","toID":"1334551","formEdgeID":null},{"edgeID":"1749907","fromID":"1334605","toID":"1334607","formEdgeID":null},{"edgeID":"1749908","fromID":"1334607","toID":"1334606","formEdgeID":null},{"edgeID":"1749909","fromID":"1334552","toID":"1334608","formEdgeID":null},{"edgeID":"1749910","fromID":"1334608","toID":"1334577","formEdgeID":null},{"edgeID":"1749911","fromID":"1334576","toID":"1334609","formEdgeID":null},{"edgeID":"1749912","fromID":"1334609","toID":"1334551","formEdgeID":null},{"edgeID":"1749913","fromID":"1334576","toID":"1334610","formEdgeID":null},{"edgeID":"1749914","fromID":"1334610","toID":"1334581","formEdgeID":null},{"edgeID":"1749915","fromID":"1334571","toID":"1334610","formEdgeID":null},{"edgeID":"1749916","fromID":"1334577","toID":"1334611","formEdgeID":null},{"edgeID":"1749917","fromID":"1334611","toID":"1334582","formEdgeID":null},{"edgeID":"1749918","fromID":"1334556","toID":"1334610","formEdgeID":null},{"edgeID":"1749919","fromID":"1334561","toID":"1334610","formEdgeID":null},{"edgeID":"1749920","fromID":"1334611","toID":"1334612","formEdgeID":null},{"edgeID":"1749921","fromID":"1334612","toID":"1334610","formEdgeID":null},{"edgeID":"1749922","fromID":"1334582","toID":"1334613","formEdgeID":null},{"edgeID":"1749923","fromID":"1334613","toID":"1334587","formEdgeID":null},{"edgeID":"1749924","fromID":"1334586","toID":"1334614","formEdgeID":null},{"edgeID":"1749925","fromID":"1334614","toID":"1334581","formEdgeID":null},{"edgeID":"1749926","fromID":"1334613","toID":"1334615","formEdgeID":null},{"edgeID":"1749927","fromID":"1334615","toID":"1334614","formEdgeID":null},{"edgeID":"1749928","fromID":"1334450","toID":"1334466","formEdgeID":null},{"edgeID":"1749929","fromID":"1334451","toID":"1334616","formEdgeID":null},{"edgeID":"1749930","fromID":"1334616","toID":"1334462","formEdgeID":null},{"edgeID":"1749931","fromID":"1334616","toID":"1334617","formEdgeID":null},{"edgeID":"1749932","fromID":"1334617","toID":"1334466","formEdgeID":null},{"edgeID":"1749933","fromID":"1334504","toID":"1334618","formEdgeID":null},{"edgeID":"1749934","fromID":"1334618","toID":"1334491","formEdgeID":null},{"edgeID":"1749935","fromID":"1334492","toID":"1334619","formEdgeID":null},{"edgeID":"1749936","fromID":"1334619","toID":"1334505","formEdgeID":null},{"edgeID":"1749937","fromID":"1334619","toID":"1334620","formEdgeID":null},{"edgeID":"1749938","fromID":"1334620","toID":"1334618","formEdgeID":null},{"edgeID":"1749939","fromID":"1334557","toID":"1334621","formEdgeID":null},{"edgeID":"1749940","fromID":"1334621","toID":"1334582","formEdgeID":null},{"edgeID":"1749941","fromID":"1334572","toID":"1334622","formEdgeID":null},{"edgeID":"1749942","fromID":"1334622","toID":"1334582","formEdgeID":null},{"edgeID":"1749943","fromID":"1334567","toID":"1334623","formEdgeID":null},{"edgeID":"1749944","fromID":"1334623","toID":"1334582","formEdgeID":null},{"edgeID":"1749945","fromID":"1334562","toID":"1334624","formEdgeID":null},{"edgeID":"1749946","fromID":"1334624","toID":"1334582","formEdgeID":null}],"locutions":[]}