{"nodes":[{"nodeID":"1149587","text":"Stuart Murdoch is not a big nationalist","type":"I","timestamp":"2023-04-20 19:57:07"},{"nodeID":"1149592","text":"there's a fallacy","type":"I","timestamp":"2023-04-20 19:57:11"},{"nodeID":"1149666","text":"things were always going to change in a generation","type":"I","timestamp":"2023-04-20 19:57:37"},{"nodeID":"1149681","text":"things like Brexit were going to happen once in a generation, once in a lifetime","type":"I","timestamp":"2023-04-20 19:57:42"},{"nodeID":"1335911","text":"Stuart Murdoch: I'm not a big nationalist","type":"L","timestamp":"2023-11-09 13:46:01"},{"nodeID":"1335912","text":"Analysing","type":"YA","timestamp":"2023-11-09 13:46:01"},{"nodeID":"1335913","text":"Anon: Stuart Murdoch: I'm not a big nationalist","type":"L","timestamp":"2023-11-09 13:46:02"},{"nodeID":"1335914","text":"Asserting","type":"YA","timestamp":"2023-11-09 13:46:02"},{"nodeID":"1335915","text":"Stuart Murdoch: there's a fallacy","type":"L","timestamp":"2023-11-09 13:46:02"},{"nodeID":"1335916","text":"Analysing","type":"YA","timestamp":"2023-11-09 13:46:02"},{"nodeID":"1335917","text":"Anon: Stuart Murdoch: there's a fallacy","type":"L","timestamp":"2023-11-09 13:46:02"},{"nodeID":"1335918","text":"Asserting","type":"YA","timestamp":"2023-11-09 13:46:02"},{"nodeID":"1335919","text":"Stuart Murdoch hears this fallacy all the time","type":"I","timestamp":"2023-11-09 13:46:03"},{"nodeID":"1335920","text":"Stuart Murdoch: I hear it all the time","type":"L","timestamp":"2023-11-09 13:46:03"},{"nodeID":"1335921","text":"Analysing","type":"YA","timestamp":"2023-11-09 13:46:03"},{"nodeID":"1335922","text":"Anon: Stuart Murdoch: I hear it all the time","type":"L","timestamp":"2023-11-09 13:46:03"},{"nodeID":"1335923","text":"Asserting","type":"YA","timestamp":"2023-11-09 13:46:03"},{"nodeID":"1335924","text":"the fallacy is scaremongering","type":"I","timestamp":"2023-11-09 13:46:03"},{"nodeID":"1335925","text":"Stuart Murdoch: scaremongering","type":"L","timestamp":"2023-11-09 13:46:03"},{"nodeID":"1335926","text":"Analysing","type":"YA","timestamp":"2023-11-09 13:46:03"},{"nodeID":"1335927","text":"Anon: Stuart Murdoch: scaremongering","type":"L","timestamp":"2023-11-09 13:46:03"},{"nodeID":"1335928","text":"Asserting","type":"YA","timestamp":"2023-11-09 13:46:03"},{"nodeID":"1335929","text":"Default Transition","type":"TA","timestamp":"2023-11-09 13:46:03"},{"nodeID":"1335930","text":"Default Transition","type":"TA","timestamp":"2023-11-09 13:46:03"},{"nodeID":"1335931","text":"Default Conflict","type":"CA","timestamp":"2023-11-09 13:46:03"},{"nodeID":"1335932","text":"Disagreeing","type":"YA","timestamp":"2023-11-09 13:46:03"},{"nodeID":"1335933","text":"Default Rephrase","type":"MA","timestamp":"2023-11-09 13:46:03"},{"nodeID":"1335934","text":"Restating","type":"YA","timestamp":"2023-11-09 13:46:03"},{"nodeID":"1335935","text":"Default Rephrase","type":"MA","timestamp":"2023-11-09 13:46:03"},{"nodeID":"1335936","text":"Default Transition","type":"TA","timestamp":"2023-11-09 13:46:03"},{"nodeID":"1335937","text":"Restating","type":"YA","timestamp":"2023-11-09 13:46:03"},{"nodeID":"1335938","text":"Scotland couldn't make it as a country, a small country of 6 million people within Europe","type":"I","timestamp":"2023-11-09 13:46:04"},{"nodeID":"1335939","text":"Stuart Murdoch: Scotland couldn't make it as a country, a small country of 6 million people within Europe","type":"L","timestamp":"2023-11-09 13:46:04"},{"nodeID":"1335940","text":"Analysing","type":"YA","timestamp":"2023-11-09 13:46:04"},{"nodeID":"1335941","text":"Anon: Stuart Murdoch: Scotland couldn't make it as a country, a small country of 6 million people within Europe","type":"L","timestamp":"2023-11-09 13:46:04"},{"nodeID":"1335942","text":"Asserting","type":"YA","timestamp":"2023-11-09 13:46:04"},{"nodeID":"1335943","text":"Default Rephrase","type":"MA","timestamp":"2023-11-09 13:46:04"},{"nodeID":"1335944","text":"Default Transition","type":"TA","timestamp":"2023-11-09 13:46:04"},{"nodeID":"1335945","text":"Restating","type":"YA","timestamp":"2023-11-09 13:46:04"},{"nodeID":"1335946","text":"Scotland would do just fine","type":"I","timestamp":"2023-11-09 13:46:05"},{"nodeID":"1335947","text":"Stuart Murdoch: We would do just fine","type":"L","timestamp":"2023-11-09 13:46:05"},{"nodeID":"1335948","text":"Analysing","type":"YA","timestamp":"2023-11-09 13:46:05"},{"nodeID":"1335949","text":"Anon: Stuart Murdoch: We would do just fine","type":"L","timestamp":"2023-11-09 13:46:05"},{"nodeID":"1335950","text":"Asserting","type":"YA","timestamp":"2023-11-09 13:46:05"},{"nodeID":"1335951","text":"we're not daft","type":"I","timestamp":"2023-11-09 13:46:05"},{"nodeID":"1335952","text":"Stuart Murdoch: We're not daft","type":"L","timestamp":"2023-11-09 13:46:05"},{"nodeID":"1335953","text":"Analysing","type":"YA","timestamp":"2023-11-09 13:46:05"},{"nodeID":"1335954","text":"Anon: Stuart Murdoch: We're not daft","type":"L","timestamp":"2023-11-09 13:46:05"},{"nodeID":"1335955","text":"Asserting","type":"YA","timestamp":"2023-11-09 13:46:05"},{"nodeID":"1335956","text":"our heads don't button up the back","type":"I","timestamp":"2023-11-09 13:46:06"},{"nodeID":"1335957","text":"Stuart Murdoch: Our heads don't button up the back","type":"L","timestamp":"2023-11-09 13:46:06"},{"nodeID":"1335958","text":"Analysing","type":"YA","timestamp":"2023-11-09 13:46:06"},{"nodeID":"1335959","text":"Anon: Stuart Murdoch: Our heads don't button up the back","type":"L","timestamp":"2023-11-09 13:46:06"},{"nodeID":"1335960","text":"Asserting","type":"YA","timestamp":"2023-11-09 13:46:06"},{"nodeID":"1335961","text":"Default Transition","type":"TA","timestamp":"2023-11-09 13:46:06"},{"nodeID":"1335962","text":"Default Inference","type":"RA","timestamp":"2023-11-09 13:46:06"},{"nodeID":"1335963","text":"Default Transition","type":"TA","timestamp":"2023-11-09 13:46:06"},{"nodeID":"1335964","text":"Arguing","type":"YA","timestamp":"2023-11-09 13:46:06"},{"nodeID":"1335965","text":"Default Transition","type":"TA","timestamp":"2023-11-09 13:46:06"},{"nodeID":"1335966","text":"Default Rephrase","type":"MA","timestamp":"2023-11-09 13:46:06"},{"nodeID":"1335967","text":"Restating","type":"YA","timestamp":"2023-11-09 13:46:06"},{"nodeID":"1335968","text":"we would be fine","type":"I","timestamp":"2023-11-09 13:46:07"},{"nodeID":"1335969","text":"Stuart Murdoch: we would be fine","type":"L","timestamp":"2023-11-09 13:46:07"},{"nodeID":"1335970","text":"Analysing","type":"YA","timestamp":"2023-11-09 13:46:07"},{"nodeID":"1335971","text":"Anon: Stuart Murdoch: we would be fine","type":"L","timestamp":"2023-11-09 13:46:07"},{"nodeID":"1335972","text":"Asserting","type":"YA","timestamp":"2023-11-09 13:46:07"},{"nodeID":"1335973","text":"we're sensible","type":"I","timestamp":"2023-11-09 13:46:07"},{"nodeID":"1335974","text":"Stuart Murdoch: We're sensible","type":"L","timestamp":"2023-11-09 13:46:07"},{"nodeID":"1335975","text":"Analysing","type":"YA","timestamp":"2023-11-09 13:46:07"},{"nodeID":"1335976","text":"Anon: Stuart Murdoch: We're sensible","type":"L","timestamp":"2023-11-09 13:46:07"},{"nodeID":"1335977","text":"Asserting","type":"YA","timestamp":"2023-11-09 13:46:07"},{"nodeID":"1335978","text":"we're known throughout the world for being sensible with money","type":"I","timestamp":"2023-11-09 13:46:08"},{"nodeID":"1335979","text":"Stuart Murdoch: We're known throughout the world for being sensible with money","type":"L","timestamp":"2023-11-09 13:46:08"},{"nodeID":"1335980","text":"Analysing","type":"YA","timestamp":"2023-11-09 13:46:08"},{"nodeID":"1335981","text":"Anon: Stuart Murdoch: We're known throughout the world for being sensible with money","type":"L","timestamp":"2023-11-09 13:46:08"},{"nodeID":"1335982","text":"Asserting","type":"YA","timestamp":"2023-11-09 13:46:08"},{"nodeID":"1335983","text":"we would do fine","type":"I","timestamp":"2023-11-09 13:46:09"},{"nodeID":"1335984","text":"Stuart Murdoch: we would do fine","type":"L","timestamp":"2023-11-09 13:46:09"},{"nodeID":"1335985","text":"Analysing","type":"YA","timestamp":"2023-11-09 13:46:09"},{"nodeID":"1335986","text":"Anon: Stuart Murdoch: we would do fine","type":"L","timestamp":"2023-11-09 13:46:09"},{"nodeID":"1335987","text":"Asserting","type":"YA","timestamp":"2023-11-09 13:46:09"},{"nodeID":"1335988","text":"Default Transition","type":"TA","timestamp":"2023-11-09 13:46:09"},{"nodeID":"1335989","text":"Default Rephrase","type":"MA","timestamp":"2023-11-09 13:46:09"},{"nodeID":"1335990","text":"Default Rephrase","type":"MA","timestamp":"2023-11-09 13:46:09"},{"nodeID":"1335991","text":"Restating","type":"YA","timestamp":"2023-11-09 13:46:09"},{"nodeID":"1335992","text":"Default Inference","type":"RA","timestamp":"2023-11-09 13:46:09"},{"nodeID":"1335993","text":"Default Transition","type":"TA","timestamp":"2023-11-09 13:46:09"},{"nodeID":"1335994","text":"Default Transition","type":"TA","timestamp":"2023-11-09 13:46:09"},{"nodeID":"1335995","text":"Restating","type":"YA","timestamp":"2023-11-09 13:46:09"},{"nodeID":"1335996","text":"Arguing","type":"YA","timestamp":"2023-11-09 13:46:09"},{"nodeID":"1335997","text":"Default Inference","type":"RA","timestamp":"2023-11-09 13:46:09"},{"nodeID":"1335998","text":"Default Transition","type":"TA","timestamp":"2023-11-09 13:46:09"},{"nodeID":"1335999","text":"Arguing","type":"YA","timestamp":"2023-11-09 13:46:09"},{"nodeID":"1336000","text":"Default Rephrase","type":"MA","timestamp":"2023-11-09 13:46:09"},{"nodeID":"1336001","text":"Default Transition","type":"TA","timestamp":"2023-11-09 13:46:09"},{"nodeID":"1336002","text":"Restating","type":"YA","timestamp":"2023-11-09 13:46:09"},{"nodeID":"1336003","text":"xxx is what happened to a referendum once in a generation, once in a lifetime","type":"I","timestamp":"2023-11-09 13:46:10"},{"nodeID":"1336004","text":"AudienceMember 20221020QT31: what happened to once in a generation, once in a lifetime","type":"L","timestamp":"2023-11-09 13:46:10"},{"nodeID":"1336005","text":"Analysing","type":"YA","timestamp":"2023-11-09 13:46:10"},{"nodeID":"1336006","text":"Anon: AudienceMember 20221020QT31: what happened to once in a generation, once in a lifetime","type":"L","timestamp":"2023-11-09 13:46:10"},{"nodeID":"1336007","text":"Pure Questioning","type":"YA","timestamp":"2023-11-09 13:46:10"},{"nodeID":"1336008","text":"Default Transition","type":"TA","timestamp":"2023-11-09 13:46:10"},{"nodeID":"1336009","text":"the argument always comes to 'lots has changed since then'","type":"I","timestamp":"2023-11-09 13:46:10"},{"nodeID":"1336010","text":"AudienceMember 20221020QT31: the argument always comes to lots has changed since then","type":"L","timestamp":"2023-11-09 13:46:10"},{"nodeID":"1336011","text":"Analysing","type":"YA","timestamp":"2023-11-09 13:46:10"},{"nodeID":"1336012","text":"Anon: AudienceMember 20221020QT31: the argument always comes to lots has changed since then","type":"L","timestamp":"2023-11-09 13:46:10"},{"nodeID":"1336013","text":"Asserting","type":"YA","timestamp":"2023-11-09 13:46:10"},{"nodeID":"1336014","text":"AudienceMember 20221020QT31: things were always going to change in a generation","type":"L","timestamp":"2023-11-09 13:46:11"},{"nodeID":"1336015","text":"Analysing","type":"YA","timestamp":"2023-11-09 13:46:11"},{"nodeID":"1336016","text":"Anon: AudienceMember 20221020QT31: things were always going to change in a generation","type":"L","timestamp":"2023-11-09 13:46:11"},{"nodeID":"1336017","text":"Asserting","type":"YA","timestamp":"2023-11-09 13:46:11"},{"nodeID":"1336018","text":"Default Transition","type":"TA","timestamp":"2023-11-09 13:46:11"},{"nodeID":"1336019","text":"Default Inference","type":"RA","timestamp":"2023-11-09 13:46:11"},{"nodeID":"1336020","text":"Default Conflict","type":"CA","timestamp":"2023-11-09 13:46:11"},{"nodeID":"1336021","text":"Default Transition","type":"TA","timestamp":"2023-11-09 13:46:11"},{"nodeID":"1336022","text":"Disagreeing","type":"YA","timestamp":"2023-11-09 13:46:11"},{"nodeID":"1336023","text":"AudienceMember 20221020QT31 didn't want Brexit","type":"I","timestamp":"2023-11-09 13:46:12"},{"nodeID":"1336024","text":"AudienceMember 20221020QT31: I didn't want Brexit","type":"L","timestamp":"2023-11-09 13:46:12"},{"nodeID":"1336025","text":"Analysing","type":"YA","timestamp":"2023-11-09 13:46:12"},{"nodeID":"1336026","text":"Anon: AudienceMember 20221020QT31: I didn't want Brexit","type":"L","timestamp":"2023-11-09 13:46:12"},{"nodeID":"1336027","text":"Asserting","type":"YA","timestamp":"2023-11-09 13:46:12"},{"nodeID":"1336028","text":"AudienceMember 20221020QT31: things like that were going to happen once in a generation, once in a lifetime","type":"L","timestamp":"2023-11-09 13:46:13"},{"nodeID":"1336029","text":"Analysing","type":"YA","timestamp":"2023-11-09 13:46:13"},{"nodeID":"1336030","text":"Anon: AudienceMember 20221020QT31: things like that were going to happen once in a generation, once in a lifetime","type":"L","timestamp":"2023-11-09 13:46:13"},{"nodeID":"1336031","text":"Asserting","type":"YA","timestamp":"2023-11-09 13:46:13"},{"nodeID":"1336032","text":"AudienceMember 20221020QT31's daughter was born then, she was this high the last referendum","type":"I","timestamp":"2023-11-09 13:46:14"},{"nodeID":"1336033","text":"AudienceMember 20221020QT31: my daughter was born then, she was this high the last referendum","type":"L","timestamp":"2023-11-09 13:46:14"},{"nodeID":"1336034","text":"Analysing","type":"YA","timestamp":"2023-11-09 13:46:14"},{"nodeID":"1336035","text":"Anon: AudienceMember 20221020QT31: my daughter was born then, she was this high the last referendum","type":"L","timestamp":"2023-11-09 13:46:14"},{"nodeID":"1336036","text":"Asserting","type":"YA","timestamp":"2023-11-09 13:46:14"},{"nodeID":"1336037","text":"it's not a lifetime ago","type":"I","timestamp":"2023-11-09 13:46:14"},{"nodeID":"1336038","text":"AudienceMember 20221020QT31: it's not a lifetime ago","type":"L","timestamp":"2023-11-09 13:46:14"},{"nodeID":"1336039","text":"Analysing","type":"YA","timestamp":"2023-11-09 13:46:14"},{"nodeID":"1336040","text":"Anon: AudienceMember 20221020QT31: it's not a lifetime ago","type":"L","timestamp":"2023-11-09 13:46:14"},{"nodeID":"1336041","text":"Asserting","type":"YA","timestamp":"2023-11-09 13:46:14"},{"nodeID":"1336042","text":"Default Transition","type":"TA","timestamp":"2023-11-09 13:46:14"},{"nodeID":"1336043","text":"Default Conflict","type":"CA","timestamp":"2023-11-09 13:46:14"},{"nodeID":"1336044","text":"Default Transition","type":"TA","timestamp":"2023-11-09 13:46:14"},{"nodeID":"1336045","text":"Disagreeing","type":"YA","timestamp":"2023-11-09 13:46:14"},{"nodeID":"1336046","text":"Default Transition","type":"TA","timestamp":"2023-11-09 13:46:14"},{"nodeID":"1336047","text":"Default Transition","type":"TA","timestamp":"2023-11-09 13:46:14"},{"nodeID":"1336048","text":"Default Inference","type":"RA","timestamp":"2023-11-09 13:46:14"},{"nodeID":"1336049","text":"Arguing","type":"YA","timestamp":"2023-11-09 13:46:14"},{"nodeID":"1336050","text":"Default Inference","type":"RA","timestamp":"2023-11-09 13:46:14"},{"nodeID":"1336051","text":"Default Transition","type":"TA","timestamp":"2023-11-09 13:46:14"},{"nodeID":"1336052","text":"Arguing","type":"YA","timestamp":"2023-11-09 13:46:14"},{"nodeID":"1336053","text":"it's AudienceMember 20221020QT31's daughter's lifetime ago","type":"I","timestamp":"2023-11-09 13:46:15"},{"nodeID":"1336054","text":"AudienceMember 20221020QT31: It's her lifetime ago","type":"L","timestamp":"2023-11-09 13:46:15"},{"nodeID":"1336055","text":"Analysing","type":"YA","timestamp":"2023-11-09 13:46:15"},{"nodeID":"1336056","text":"Anon: AudienceMember 20221020QT31: It's her lifetime ago","type":"L","timestamp":"2023-11-09 13:46:15"},{"nodeID":"1336057","text":"Asserting","type":"YA","timestamp":"2023-11-09 13:46:15"},{"nodeID":"1336058","text":"Default Transition","type":"TA","timestamp":"2023-11-09 13:46:15"},{"nodeID":"1336059","text":"AudienceMember 20221020QT31's daughter is small","type":"I","timestamp":"2023-11-09 13:46:16"},{"nodeID":"1336060","text":"AudienceMember 20221020QT31: she's this high","type":"L","timestamp":"2023-11-09 13:46:16"},{"nodeID":"1336061","text":"Analysing","type":"YA","timestamp":"2023-11-09 13:46:16"},{"nodeID":"1336062","text":"Anon: AudienceMember 20221020QT31: she's this high","type":"L","timestamp":"2023-11-09 13:46:16"},{"nodeID":"1336063","text":"Asserting","type":"YA","timestamp":"2023-11-09 13:46:16"},{"nodeID":"1336064","text":"Default Transition","type":"TA","timestamp":"2023-11-09 13:46:16"},{"nodeID":"1336065","text":"Default Conflict","type":"CA","timestamp":"2023-11-09 13:46:16"},{"nodeID":"1336066","text":"Disagreeing","type":"YA","timestamp":"2023-11-09 13:46:16"},{"nodeID":"1336067","text":"the Deputy First Minister was saying that at the 2021 Scottish election, the SNP did the best","type":"I","timestamp":"2023-11-09 13:46:17"},{"nodeID":"1336068","text":"AudienceMember 20221020QT32: The Deputy First Minister was saying that the 2021 Scottish election, the SNP did the best","type":"L","timestamp":"2023-11-09 13:46:17"},{"nodeID":"1336069","text":"Analysing","type":"YA","timestamp":"2023-11-09 13:46:17"},{"nodeID":"1336070","text":"Anon: AudienceMember 20221020QT32: The Deputy First Minister was saying that the 2021 Scottish election, the SNP did the best","type":"L","timestamp":"2023-11-09 13:46:17"},{"nodeID":"1336071","text":"Asserting","type":"YA","timestamp":"2023-11-09 13:46:17"},{"nodeID":"1336072","text":"the fact is more people voted for union-supporting parties and nationalist parties","type":"I","timestamp":"2023-11-09 13:46:18"},{"nodeID":"1336073","text":"AudienceMember 20221020QT32: The fact is more people voted for union-supporting parties and nationalist parties","type":"L","timestamp":"2023-11-09 13:46:18"},{"nodeID":"1336074","text":"Analysing","type":"YA","timestamp":"2023-11-09 13:46:18"},{"nodeID":"1336075","text":"Anon: AudienceMember 20221020QT32: The fact is more people voted for union-supporting parties and nationalist parties","type":"L","timestamp":"2023-11-09 13:46:18"},{"nodeID":"1336076","text":"Asserting","type":"YA","timestamp":"2023-11-09 13:46:18"},{"nodeID":"1336077","text":"Default Transition","type":"TA","timestamp":"2023-11-09 13:46:18"},{"nodeID":"1336078","text":"Default Transition","type":"TA","timestamp":"2023-11-09 13:46:18"},{"nodeID":"1336079","text":"Default Conflict","type":"CA","timestamp":"2023-11-09 13:46:18"},{"nodeID":"1336080","text":"Disagreeing","type":"YA","timestamp":"2023-11-09 13:46:18"},{"nodeID":"1336081","text":"that does or does not mean that the de facto election only applies when the SNP get the vote they want it to be","type":"I","timestamp":"2023-11-09 13:46:18"},{"nodeID":"1336082","text":"AudienceMember 20221020QT32: Does that mean that the de facto election only applies when the SNP get the vote they want it to be","type":"L","timestamp":"2023-11-09 13:46:18"},{"nodeID":"1336083","text":"Analysing","type":"YA","timestamp":"2023-11-09 13:46:18"},{"nodeID":"1336084","text":"Anon: AudienceMember 20221020QT32: Does that mean that the de facto election only applies when the SNP get the vote they want it to be","type":"L","timestamp":"2023-11-09 13:46:18"},{"nodeID":"1336085","text":"Pure Questioning","type":"YA","timestamp":"2023-11-09 13:46:18"},{"nodeID":"1336086","text":"Default Transition","type":"TA","timestamp":"2023-11-09 13:46:18"},{"nodeID":"1336087","text":"Default Inference","type":"RA","timestamp":"2023-11-09 13:46:18"},{"nodeID":"1336088","text":"Arguing","type":"YA","timestamp":"2023-11-09 13:46:18"},{"nodeID":"1336089","text":"Default Conflict","type":"CA","timestamp":"2023-11-09 13:46:18"},{"nodeID":"1336090","text":"Disagreeing","type":"YA","timestamp":"2023-11-09 13:46:18"}],"edges":[{"edgeID":"1751504","fromID":"1335912","toID":"1335911","formEdgeID":null},{"edgeID":"1751505","fromID":"1335913","toID":"1335912","formEdgeID":null},{"edgeID":"1751506","fromID":"1335911","toID":"1335914","formEdgeID":null},{"edgeID":"1751507","fromID":"1335914","toID":"1149587","formEdgeID":null},{"edgeID":"1751508","fromID":"1335916","toID":"1335915","formEdgeID":null},{"edgeID":"1751509","fromID":"1335917","toID":"1335916","formEdgeID":null},{"edgeID":"1751510","fromID":"1335915","toID":"1335918","formEdgeID":null},{"edgeID":"1751511","fromID":"1335918","toID":"1149592","formEdgeID":null},{"edgeID":"1751512","fromID":"1335921","toID":"1335920","formEdgeID":null},{"edgeID":"1751513","fromID":"1335922","toID":"1335921","formEdgeID":null},{"edgeID":"1751514","fromID":"1335920","toID":"1335923","formEdgeID":null},{"edgeID":"1751515","fromID":"1335923","toID":"1335919","formEdgeID":null},{"edgeID":"1751516","fromID":"1335926","toID":"1335925","formEdgeID":null},{"edgeID":"1751517","fromID":"1335927","toID":"1335926","formEdgeID":null},{"edgeID":"1751518","fromID":"1335925","toID":"1335928","formEdgeID":null},{"edgeID":"1751519","fromID":"1335928","toID":"1335924","formEdgeID":null},{"edgeID":"1751520","fromID":"1335911","toID":"1335929","formEdgeID":null},{"edgeID":"1751521","fromID":"1335929","toID":"1335915","formEdgeID":null},{"edgeID":"1751522","fromID":"1335915","toID":"1335930","formEdgeID":null},{"edgeID":"1751523","fromID":"1335930","toID":"1335920","formEdgeID":null},{"edgeID":"1751524","fromID":"1149592","toID":"1335931","formEdgeID":null},{"edgeID":"1751525","fromID":"1335931","toID":"1149587","formEdgeID":null},{"edgeID":"1751526","fromID":"1335929","toID":"1335932","formEdgeID":null},{"edgeID":"1751527","fromID":"1335932","toID":"1335931","formEdgeID":null},{"edgeID":"1751528","fromID":"1335919","toID":"1335933","formEdgeID":null},{"edgeID":"1751529","fromID":"1335933","toID":"1149592","formEdgeID":null},{"edgeID":"1751530","fromID":"1335930","toID":"1335934","formEdgeID":null},{"edgeID":"1751531","fromID":"1335934","toID":"1335933","formEdgeID":null},{"edgeID":"1751532","fromID":"1335924","toID":"1335935","formEdgeID":null},{"edgeID":"1751533","fromID":"1335935","toID":"1149592","formEdgeID":null},{"edgeID":"1751534","fromID":"1335915","toID":"1335936","formEdgeID":null},{"edgeID":"1751535","fromID":"1335936","toID":"1335925","formEdgeID":null},{"edgeID":"1751536","fromID":"1335936","toID":"1335937","formEdgeID":null},{"edgeID":"1751537","fromID":"1335937","toID":"1335935","formEdgeID":null},{"edgeID":"1751538","fromID":"1335940","toID":"1335939","formEdgeID":null},{"edgeID":"1751539","fromID":"1335941","toID":"1335940","formEdgeID":null},{"edgeID":"1751540","fromID":"1335939","toID":"1335942","formEdgeID":null},{"edgeID":"1751541","fromID":"1335942","toID":"1335938","formEdgeID":null},{"edgeID":"1751542","fromID":"1335938","toID":"1335943","formEdgeID":null},{"edgeID":"1751543","fromID":"1335943","toID":"1335924","formEdgeID":null},{"edgeID":"1751544","fromID":"1335925","toID":"1335944","formEdgeID":null},{"edgeID":"1751545","fromID":"1335944","toID":"1335939","formEdgeID":null},{"edgeID":"1751546","fromID":"1335944","toID":"1335945","formEdgeID":null},{"edgeID":"1751547","fromID":"1335945","toID":"1335943","formEdgeID":null},{"edgeID":"1751548","fromID":"1335948","toID":"1335947","formEdgeID":null},{"edgeID":"1751549","fromID":"1335949","toID":"1335948","formEdgeID":null},{"edgeID":"1751550","fromID":"1335947","toID":"1335950","formEdgeID":null},{"edgeID":"1751551","fromID":"1335950","toID":"1335946","formEdgeID":null},{"edgeID":"1751552","fromID":"1335953","toID":"1335952","formEdgeID":null},{"edgeID":"1751553","fromID":"1335954","toID":"1335953","formEdgeID":null},{"edgeID":"1751554","fromID":"1335952","toID":"1335955","formEdgeID":null},{"edgeID":"1751555","fromID":"1335955","toID":"1335951","formEdgeID":null},{"edgeID":"1751556","fromID":"1335958","toID":"1335957","formEdgeID":null},{"edgeID":"1751557","fromID":"1335959","toID":"1335958","formEdgeID":null},{"edgeID":"1751558","fromID":"1335957","toID":"1335960","formEdgeID":null},{"edgeID":"1751559","fromID":"1335960","toID":"1335956","formEdgeID":null},{"edgeID":"1751560","fromID":"1335939","toID":"1335961","formEdgeID":null},{"edgeID":"1751561","fromID":"1335961","toID":"1335947","formEdgeID":null},{"edgeID":"1751562","fromID":"1335951","toID":"1335962","formEdgeID":null},{"edgeID":"1751563","fromID":"1335962","toID":"1335946","formEdgeID":null},{"edgeID":"1751564","fromID":"1335947","toID":"1335963","formEdgeID":null},{"edgeID":"1751565","fromID":"1335963","toID":"1335952","formEdgeID":null},{"edgeID":"1751566","fromID":"1335963","toID":"1335964","formEdgeID":null},{"edgeID":"1751567","fromID":"1335964","toID":"1335962","formEdgeID":null},{"edgeID":"1751568","fromID":"1335952","toID":"1335965","formEdgeID":null},{"edgeID":"1751569","fromID":"1335965","toID":"1335957","formEdgeID":null},{"edgeID":"1751570","fromID":"1335956","toID":"1335966","formEdgeID":null},{"edgeID":"1751571","fromID":"1335966","toID":"1335951","formEdgeID":null},{"edgeID":"1751572","fromID":"1335965","toID":"1335967","formEdgeID":null},{"edgeID":"1751573","fromID":"1335967","toID":"1335966","formEdgeID":null},{"edgeID":"1751574","fromID":"1335970","toID":"1335969","formEdgeID":null},{"edgeID":"1751575","fromID":"1335971","toID":"1335970","formEdgeID":null},{"edgeID":"1751576","fromID":"1335969","toID":"1335972","formEdgeID":null},{"edgeID":"1751577","fromID":"1335972","toID":"1335968","formEdgeID":null},{"edgeID":"1751578","fromID":"1335975","toID":"1335974","formEdgeID":null},{"edgeID":"1751579","fromID":"1335976","toID":"1335975","formEdgeID":null},{"edgeID":"1751580","fromID":"1335974","toID":"1335977","formEdgeID":null},{"edgeID":"1751581","fromID":"1335977","toID":"1335973","formEdgeID":null},{"edgeID":"1751582","fromID":"1335980","toID":"1335979","formEdgeID":null},{"edgeID":"1751583","fromID":"1335981","toID":"1335980","formEdgeID":null},{"edgeID":"1751584","fromID":"1335979","toID":"1335982","formEdgeID":null},{"edgeID":"1751585","fromID":"1335982","toID":"1335978","formEdgeID":null},{"edgeID":"1751586","fromID":"1335985","toID":"1335984","formEdgeID":null},{"edgeID":"1751587","fromID":"1335986","toID":"1335985","formEdgeID":null},{"edgeID":"1751588","fromID":"1335984","toID":"1335987","formEdgeID":null},{"edgeID":"1751589","fromID":"1335987","toID":"1335983","formEdgeID":null},{"edgeID":"1751590","fromID":"1335957","toID":"1335988","formEdgeID":null},{"edgeID":"1751591","fromID":"1335988","toID":"1335969","formEdgeID":null},{"edgeID":"1751592","fromID":"1335968","toID":"1335989","formEdgeID":null},{"edgeID":"1751593","fromID":"1335989","toID":"1335956","formEdgeID":null},{"edgeID":"1751594","fromID":"1335973","toID":"1335990","formEdgeID":null},{"edgeID":"1751595","fromID":"1335990","toID":"1335968","formEdgeID":null},{"edgeID":"1751596","fromID":"1335988","toID":"1335991","formEdgeID":null},{"edgeID":"1751597","fromID":"1335991","toID":"1335989","formEdgeID":null},{"edgeID":"1751598","fromID":"1335978","toID":"1335992","formEdgeID":null},{"edgeID":"1751599","fromID":"1335992","toID":"1335946","formEdgeID":null},{"edgeID":"1751600","fromID":"1335947","toID":"1335993","formEdgeID":null},{"edgeID":"1751601","fromID":"1335993","toID":"1335979","formEdgeID":null},{"edgeID":"1751602","fromID":"1335969","toID":"1335994","formEdgeID":null},{"edgeID":"1751603","fromID":"1335994","toID":"1335974","formEdgeID":null},{"edgeID":"1751604","fromID":"1335994","toID":"1335995","formEdgeID":null},{"edgeID":"1751605","fromID":"1335995","toID":"1335990","formEdgeID":null},{"edgeID":"1751606","fromID":"1335993","toID":"1335996","formEdgeID":null},{"edgeID":"1751607","fromID":"1335996","toID":"1335992","formEdgeID":null},{"edgeID":"1751608","fromID":"1335978","toID":"1335997","formEdgeID":null},{"edgeID":"1751609","fromID":"1335997","toID":"1335983","formEdgeID":null},{"edgeID":"1751610","fromID":"1335979","toID":"1335998","formEdgeID":null},{"edgeID":"1751611","fromID":"1335998","toID":"1335984","formEdgeID":null},{"edgeID":"1751612","fromID":"1335998","toID":"1335999","formEdgeID":null},{"edgeID":"1751613","fromID":"1335999","toID":"1335997","formEdgeID":null},{"edgeID":"1751614","fromID":"1335983","toID":"1336000","formEdgeID":null},{"edgeID":"1751615","fromID":"1336000","toID":"1335973","formEdgeID":null},{"edgeID":"1751616","fromID":"1335974","toID":"1336001","formEdgeID":null},{"edgeID":"1751617","fromID":"1336001","toID":"1335984","formEdgeID":null},{"edgeID":"1751618","fromID":"1336001","toID":"1336002","formEdgeID":null},{"edgeID":"1751619","fromID":"1336002","toID":"1336000","formEdgeID":null},{"edgeID":"1751620","fromID":"1336005","toID":"1336004","formEdgeID":null},{"edgeID":"1751621","fromID":"1336006","toID":"1336005","formEdgeID":null},{"edgeID":"1751622","fromID":"1336004","toID":"1336007","formEdgeID":null},{"edgeID":"1751623","fromID":"1336007","toID":"1336003","formEdgeID":null},{"edgeID":"1751624","fromID":"1335984","toID":"1336008","formEdgeID":null},{"edgeID":"1751625","fromID":"1336008","toID":"1336004","formEdgeID":null},{"edgeID":"1751626","fromID":"1336011","toID":"1336010","formEdgeID":null},{"edgeID":"1751627","fromID":"1336012","toID":"1336011","formEdgeID":null},{"edgeID":"1751628","fromID":"1336010","toID":"1336013","formEdgeID":null},{"edgeID":"1751629","fromID":"1336013","toID":"1336009","formEdgeID":null},{"edgeID":"1751630","fromID":"1336015","toID":"1336014","formEdgeID":null},{"edgeID":"1751631","fromID":"1336016","toID":"1336015","formEdgeID":null},{"edgeID":"1751632","fromID":"1336014","toID":"1336017","formEdgeID":null},{"edgeID":"1751633","fromID":"1336017","toID":"1149666","formEdgeID":null},{"edgeID":"1751634","fromID":"1336004","toID":"1336018","formEdgeID":null},{"edgeID":"1751635","fromID":"1336018","toID":"1336010","formEdgeID":null},{"edgeID":"1751636","fromID":"1336009","toID":"1336019","formEdgeID":null},{"edgeID":"1751637","fromID":"1336019","toID":"1336003","formEdgeID":null},{"edgeID":"1751638","fromID":"1149666","toID":"1336020","formEdgeID":null},{"edgeID":"1751639","fromID":"1336020","toID":"1336009","formEdgeID":null},{"edgeID":"1751640","fromID":"1336010","toID":"1336021","formEdgeID":null},{"edgeID":"1751641","fromID":"1336021","toID":"1336014","formEdgeID":null},{"edgeID":"1751642","fromID":"1336021","toID":"1336022","formEdgeID":null},{"edgeID":"1751643","fromID":"1336022","toID":"1336020","formEdgeID":null},{"edgeID":"1751644","fromID":"1336025","toID":"1336024","formEdgeID":null},{"edgeID":"1751645","fromID":"1336026","toID":"1336025","formEdgeID":null},{"edgeID":"1751646","fromID":"1336024","toID":"1336027","formEdgeID":null},{"edgeID":"1751647","fromID":"1336027","toID":"1336023","formEdgeID":null},{"edgeID":"1751648","fromID":"1336029","toID":"1336028","formEdgeID":null},{"edgeID":"1751649","fromID":"1336030","toID":"1336029","formEdgeID":null},{"edgeID":"1751650","fromID":"1336028","toID":"1336031","formEdgeID":null},{"edgeID":"1751651","fromID":"1336031","toID":"1149681","formEdgeID":null},{"edgeID":"1751652","fromID":"1336034","toID":"1336033","formEdgeID":null},{"edgeID":"1751653","fromID":"1336035","toID":"1336034","formEdgeID":null},{"edgeID":"1751654","fromID":"1336033","toID":"1336036","formEdgeID":null},{"edgeID":"1751655","fromID":"1336036","toID":"1336032","formEdgeID":null},{"edgeID":"1751656","fromID":"1336039","toID":"1336038","formEdgeID":null},{"edgeID":"1751657","fromID":"1336040","toID":"1336039","formEdgeID":null},{"edgeID":"1751658","fromID":"1336038","toID":"1336041","formEdgeID":null},{"edgeID":"1751659","fromID":"1336041","toID":"1336037","formEdgeID":null},{"edgeID":"1751660","fromID":"1336014","toID":"1336042","formEdgeID":null},{"edgeID":"1751661","fromID":"1336042","toID":"1336024","formEdgeID":null},{"edgeID":"1751662","fromID":"1149681","toID":"1336043","formEdgeID":null},{"edgeID":"1751663","fromID":"1336043","toID":"1336023","formEdgeID":null},{"edgeID":"1751664","fromID":"1336024","toID":"1336044","formEdgeID":null},{"edgeID":"1751665","fromID":"1336044","toID":"1336028","formEdgeID":null},{"edgeID":"1751666","fromID":"1336044","toID":"1336045","formEdgeID":null},{"edgeID":"1751667","fromID":"1336045","toID":"1336043","formEdgeID":null},{"edgeID":"1751668","fromID":"1336028","toID":"1336046","formEdgeID":null},{"edgeID":"1751669","fromID":"1336046","toID":"1336033","formEdgeID":null},{"edgeID":"1751670","fromID":"1336033","toID":"1336047","formEdgeID":null},{"edgeID":"1751671","fromID":"1336047","toID":"1336038","formEdgeID":null},{"edgeID":"1751672","fromID":"1336032","toID":"1336048","formEdgeID":null},{"edgeID":"1751673","fromID":"1336048","toID":"1336037","formEdgeID":null},{"edgeID":"1751674","fromID":"1336047","toID":"1336049","formEdgeID":null},{"edgeID":"1751675","fromID":"1336049","toID":"1336048","formEdgeID":null},{"edgeID":"1751676","fromID":"1336037","toID":"1336050","formEdgeID":null},{"edgeID":"1751677","fromID":"1336050","toID":"1336003","formEdgeID":null},{"edgeID":"1751678","fromID":"1336004","toID":"1336051","formEdgeID":null},{"edgeID":"1751679","fromID":"1336051","toID":"1336038","formEdgeID":null},{"edgeID":"1751680","fromID":"1336051","toID":"1336052","formEdgeID":null},{"edgeID":"1751681","fromID":"1336052","toID":"1336050","formEdgeID":null},{"edgeID":"1751682","fromID":"1336055","toID":"1336054","formEdgeID":null},{"edgeID":"1751683","fromID":"1336056","toID":"1336055","formEdgeID":null},{"edgeID":"1751684","fromID":"1336054","toID":"1336057","formEdgeID":null},{"edgeID":"1751685","fromID":"1336057","toID":"1336053","formEdgeID":null},{"edgeID":"1751686","fromID":"1336038","toID":"1336058","formEdgeID":null},{"edgeID":"1751687","fromID":"1336058","toID":"1336054","formEdgeID":null},{"edgeID":"1751688","fromID":"1336061","toID":"1336060","formEdgeID":null},{"edgeID":"1751689","fromID":"1336062","toID":"1336061","formEdgeID":null},{"edgeID":"1751690","fromID":"1336060","toID":"1336063","formEdgeID":null},{"edgeID":"1751691","fromID":"1336063","toID":"1336059","formEdgeID":null},{"edgeID":"1751692","fromID":"1336054","toID":"1336064","formEdgeID":null},{"edgeID":"1751693","fromID":"1336064","toID":"1336060","formEdgeID":null},{"edgeID":"1751694","fromID":"1336059","toID":"1336065","formEdgeID":null},{"edgeID":"1751695","fromID":"1336065","toID":"1336053","formEdgeID":null},{"edgeID":"1751696","fromID":"1336064","toID":"1336066","formEdgeID":null},{"edgeID":"1751697","fromID":"1336066","toID":"1336065","formEdgeID":null},{"edgeID":"1751698","fromID":"1336069","toID":"1336068","formEdgeID":null},{"edgeID":"1751699","fromID":"1336070","toID":"1336069","formEdgeID":null},{"edgeID":"1751700","fromID":"1336068","toID":"1336071","formEdgeID":null},{"edgeID":"1751701","fromID":"1336071","toID":"1336067","formEdgeID":null},{"edgeID":"1751702","fromID":"1336074","toID":"1336073","formEdgeID":null},{"edgeID":"1751703","fromID":"1336075","toID":"1336074","formEdgeID":null},{"edgeID":"1751704","fromID":"1336073","toID":"1336076","formEdgeID":null},{"edgeID":"1751705","fromID":"1336076","toID":"1336072","formEdgeID":null},{"edgeID":"1751706","fromID":"1336060","toID":"1336077","formEdgeID":null},{"edgeID":"1751707","fromID":"1336077","toID":"1336068","formEdgeID":null},{"edgeID":"1751708","fromID":"1336068","toID":"1336078","formEdgeID":null},{"edgeID":"1751709","fromID":"1336078","toID":"1336073","formEdgeID":null},{"edgeID":"1751710","fromID":"1336072","toID":"1336079","formEdgeID":null},{"edgeID":"1751711","fromID":"1336079","toID":"1336067","formEdgeID":null},{"edgeID":"1751712","fromID":"1336078","toID":"1336080","formEdgeID":null},{"edgeID":"1751713","fromID":"1336080","toID":"1336079","formEdgeID":null},{"edgeID":"1751714","fromID":"1336083","toID":"1336082","formEdgeID":null},{"edgeID":"1751715","fromID":"1336084","toID":"1336083","formEdgeID":null},{"edgeID":"1751716","fromID":"1336082","toID":"1336085","formEdgeID":null},{"edgeID":"1751717","fromID":"1336085","toID":"1336081","formEdgeID":null},{"edgeID":"1751718","fromID":"1336073","toID":"1336086","formEdgeID":null},{"edgeID":"1751719","fromID":"1336086","toID":"1336082","formEdgeID":null},{"edgeID":"1751720","fromID":"1336072","toID":"1336087","formEdgeID":null},{"edgeID":"1751721","fromID":"1336087","toID":"1336081","formEdgeID":null},{"edgeID":"1751722","fromID":"1336086","toID":"1336088","formEdgeID":null},{"edgeID":"1751723","fromID":"1336088","toID":"1336087","formEdgeID":null},{"edgeID":"1751724","fromID":"1335946","toID":"1336089","formEdgeID":null},{"edgeID":"1751725","fromID":"1336089","toID":"1335938","formEdgeID":null},{"edgeID":"1751726","fromID":"1335961","toID":"1336090","formEdgeID":null},{"edgeID":"1751727","fromID":"1336090","toID":"1336089","formEdgeID":null}],"locutions":[]}