{"nodes":[{"nodeID":"1334625","text":"Liz Truss has got off to a bad start","type":"I","timestamp":"2023-11-09 13:44:11"},{"nodeID":"1334626","text":"AudienceMember 20221020QT04: Douglas says that Liz Truss has got off to a bad start","type":"L","timestamp":"2023-11-09 13:44:11"},{"nodeID":"1334627","text":"Analysing","type":"YA","timestamp":"2023-11-09 13:44:11"},{"nodeID":"1334628","text":"Nicole: AudienceMember 20221020QT04: Douglas says that Liz Truss has got off to a bad start","type":"L","timestamp":"2023-11-09 13:44:11"},{"nodeID":"1334629","text":"Douglas Ross: Liz Truss has got off to a bad start","type":"L","timestamp":"2023-11-09 13:44:11"},{"nodeID":"1334630","text":"Analysing","type":"YA","timestamp":"2023-11-09 13:44:11"},{"nodeID":"1334631","text":"Nicole: Douglas Ross: Liz Truss has got off to a bad start","type":"L","timestamp":"2023-11-09 13:44:11"},{"nodeID":"1334632","text":"Asserting","type":"YA","timestamp":"2023-11-09 13:44:11"},{"nodeID":"1334633","text":"Asserting","type":"YA","timestamp":"2023-11-09 13:44:11"},{"nodeID":"1334634","text":"that Liz Truss has got off to a bad start is an understatement","type":"I","timestamp":"2023-11-09 13:44:11"},{"nodeID":"1334635","text":"AudienceMember 20221020QT04: That is an understatement","type":"L","timestamp":"2023-11-09 13:44:11"},{"nodeID":"1334636","text":"Analysing","type":"YA","timestamp":"2023-11-09 13:44:11"},{"nodeID":"1334637","text":"Nicole: AudienceMember 20221020QT04: That is an understatement","type":"L","timestamp":"2023-11-09 13:44:11"},{"nodeID":"1334638","text":"Asserting","type":"YA","timestamp":"2023-11-09 13:44:11"},{"nodeID":"1334639","text":"Default Transition","type":"TA","timestamp":"2023-11-09 13:44:11"},{"nodeID":"1334640","text":"it is self-inflicted","type":"I","timestamp":"2023-11-09 13:44:12"},{"nodeID":"1334641","text":"AudienceMember 20221020QT04: It is self-inflicted","type":"L","timestamp":"2023-11-09 13:44:12"},{"nodeID":"1334642","text":"Analysing","type":"YA","timestamp":"2023-11-09 13:44:12"},{"nodeID":"1334643","text":"Nicole: AudienceMember 20221020QT04: It is self-inflicted","type":"L","timestamp":"2023-11-09 13:44:12"},{"nodeID":"1334644","text":"Asserting","type":"YA","timestamp":"2023-11-09 13:44:12"},{"nodeID":"1334645","text":"Default Transition","type":"TA","timestamp":"2023-11-09 13:44:12"},{"nodeID":"1334646","text":"it shows a worrying lack of judgement that senior figures in the Treasury were fired","type":"I","timestamp":"2023-11-09 13:44:13"},{"nodeID":"1334647","text":"AudienceMember 20221020QT04: It shows a worrying lack of judgement that senior figures in the Treasury were fired","type":"L","timestamp":"2023-11-09 13:44:13"},{"nodeID":"1334648","text":"Analysing","type":"YA","timestamp":"2023-11-09 13:44:13"},{"nodeID":"1334649","text":"Nicole: AudienceMember 20221020QT04: It shows a worrying lack of judgement that senior figures in the Treasury were fired","type":"L","timestamp":"2023-11-09 13:44:13"},{"nodeID":"1334650","text":"Asserting","type":"YA","timestamp":"2023-11-09 13:44:13"},{"nodeID":"1334651","text":"the OBR wasn't consulted","type":"I","timestamp":"2023-11-09 13:44:13"},{"nodeID":"1334652","text":"AudienceMember 20221020QT04: The OBR wasn't consulted","type":"L","timestamp":"2023-11-09 13:44:13"},{"nodeID":"1334653","text":"Analysing","type":"YA","timestamp":"2023-11-09 13:44:13"},{"nodeID":"1334654","text":"Nicole: AudienceMember 20221020QT04: The OBR wasn't consulted","type":"L","timestamp":"2023-11-09 13:44:13"},{"nodeID":"1334655","text":"Asserting","type":"YA","timestamp":"2023-11-09 13:44:13"},{"nodeID":"1334656","text":"we have a mini budget that has crashed the economy","type":"I","timestamp":"2023-11-09 13:44:14"},{"nodeID":"1334657","text":"AudienceMember 20221020QT04: we have a mini budget that has crashed the economy","type":"L","timestamp":"2023-11-09 13:44:14"},{"nodeID":"1334658","text":"Analysing","type":"YA","timestamp":"2023-11-09 13:44:14"},{"nodeID":"1334659","text":"Nicole: AudienceMember 20221020QT04: we have a mini budget that has crashed the economy","type":"L","timestamp":"2023-11-09 13:44:14"},{"nodeID":"1334660","text":"Asserting","type":"YA","timestamp":"2023-11-09 13:44:14"},{"nodeID":"1334661","text":"we're worried about pension funds","type":"I","timestamp":"2023-11-09 13:44:15"},{"nodeID":"1334662","text":"AudienceMember 20221020QT04: we're worried about pension funds","type":"L","timestamp":"2023-11-09 13:44:15"},{"nodeID":"1334663","text":"Analysing","type":"YA","timestamp":"2023-11-09 13:44:15"},{"nodeID":"1334664","text":"Nicole: AudienceMember 20221020QT04: we're worried about pension funds","type":"L","timestamp":"2023-11-09 13:44:15"},{"nodeID":"1334665","text":"Asserting","type":"YA","timestamp":"2023-11-09 13:44:15"},{"nodeID":"1334666","text":"to say we've got off to a bad start is madness","type":"I","timestamp":"2023-11-09 13:44:15"},{"nodeID":"1334667","text":"AudienceMember 20221020QT04: To say we've got off to a bad start is madness","type":"L","timestamp":"2023-11-09 13:44:15"},{"nodeID":"1334668","text":"Analysing","type":"YA","timestamp":"2023-11-09 13:44:15"},{"nodeID":"1334669","text":"Nicole: AudienceMember 20221020QT04: To say we've got off to a bad start is madness","type":"L","timestamp":"2023-11-09 13:44:15"},{"nodeID":"1334670","text":"Asserting","type":"YA","timestamp":"2023-11-09 13:44:15"},{"nodeID":"1334671","text":"we need a general election as soon as possible","type":"I","timestamp":"2023-11-09 13:44:16"},{"nodeID":"1334672","text":"AudienceMember 20221020QT04: we need a general election as soon as possible","type":"L","timestamp":"2023-11-09 13:44:16"},{"nodeID":"1334673","text":"Analysing","type":"YA","timestamp":"2023-11-09 13:44:16"},{"nodeID":"1334674","text":"Nicole: AudienceMember 20221020QT04: we need a general election as soon as possible","type":"L","timestamp":"2023-11-09 13:44:16"},{"nodeID":"1334675","text":"Asserting","type":"YA","timestamp":"2023-11-09 13:44:16"},{"nodeID":"1334676","text":"the price cap on energy is 2,500","type":"I","timestamp":"2023-11-09 13:44:16"},{"nodeID":"1334677","text":"AudienceMember 20221020QT05: Douglas Ross, you said the price cap on energy is 2,500","type":"L","timestamp":"2023-11-09 13:44:17"},{"nodeID":"1334678","text":"Analysing","type":"YA","timestamp":"2023-11-09 13:44:17"},{"nodeID":"1334679","text":"Nicole: AudienceMember 20221020QT05: Douglas Ross, you said the price cap on energy is 2,500","type":"L","timestamp":"2023-11-09 13:44:17"},{"nodeID":"1334680","text":"Default Transition","type":"TA","timestamp":"2023-11-09 13:44:17"},{"nodeID":"1334681","text":"Douglas Ross: the price cap on energy is 2,500","type":"L","timestamp":"2023-11-09 13:44:17"},{"nodeID":"1334682","text":"Analysing","type":"YA","timestamp":"2023-11-09 13:44:17"},{"nodeID":"1334683","text":"Nicole: Douglas Ross: the price cap on energy is 2,500","type":"L","timestamp":"2023-11-09 13:44:17"},{"nodeID":"1334684","text":"Asserting","type":"YA","timestamp":"2023-11-09 13:44:17"},{"nodeID":"1334685","text":"Asserting","type":"YA","timestamp":"2023-11-09 13:44:17"},{"nodeID":"1334686","text":"it is not technically a price cap","type":"I","timestamp":"2023-11-09 13:44:17"},{"nodeID":"1334687","text":"AudienceMember 20221020QT05: it is not technically a price cap","type":"L","timestamp":"2023-11-09 13:44:17"},{"nodeID":"1334688","text":"Analysing","type":"YA","timestamp":"2023-11-09 13:44:17"},{"nodeID":"1334689","text":"Nicole: AudienceMember 20221020QT05: it is not technically a price cap","type":"L","timestamp":"2023-11-09 13:44:17"},{"nodeID":"1334690","text":"Asserting","type":"YA","timestamp":"2023-11-09 13:44:17"},{"nodeID":"1334691","text":"Default Transition","type":"TA","timestamp":"2023-11-09 13:44:17"},{"nodeID":"1334692","text":"Default Conflict","type":"CA","timestamp":"2023-11-09 13:44:17"},{"nodeID":"1334693","text":"Disagreeing","type":"YA","timestamp":"2023-11-09 13:44:17"},{"nodeID":"1334694","text":"the price cap is based on average household usage","type":"I","timestamp":"2023-11-09 13:44:18"},{"nodeID":"1334695","text":"AudienceMember 20221020QT05: it is based on average household usage","type":"L","timestamp":"2023-11-09 13:44:18"},{"nodeID":"1334696","text":"Analysing","type":"YA","timestamp":"2023-11-09 13:44:18"},{"nodeID":"1334697","text":"Nicole: AudienceMember 20221020QT05: it is based on average household usage","type":"L","timestamp":"2023-11-09 13:44:18"},{"nodeID":"1334698","text":"Asserting","type":"YA","timestamp":"2023-11-09 13:44:18"},{"nodeID":"1334699","text":"Default Transition","type":"TA","timestamp":"2023-11-09 13:44:18"},{"nodeID":"1334700","text":"Default Inference","type":"RA","timestamp":"2023-11-09 13:44:18"},{"nodeID":"1334701","text":"Arguing","type":"YA","timestamp":"2023-11-09 13:44:18"},{"nodeID":"1334702","text":"AudienceMember 20221027QT05 lives by themself","type":"I","timestamp":"2023-11-09 13:44:18"},{"nodeID":"1334703","text":"AudienceMember 20221020QT05: I live by myself","type":"L","timestamp":"2023-11-09 13:44:18"},{"nodeID":"1334704","text":"Analysing","type":"YA","timestamp":"2023-11-09 13:44:18"},{"nodeID":"1334705","text":"Nicole: AudienceMember 20221020QT05: I live by myself","type":"L","timestamp":"2023-11-09 13:44:18"},{"nodeID":"1334706","text":"Asserting","type":"YA","timestamp":"2023-11-09 13:44:18"},{"nodeID":"1334707","text":"Default Transition","type":"TA","timestamp":"2023-11-09 13:44:18"},{"nodeID":"1334708","text":"AudienceMember 20221027QT05 is going to use less energy than a household of four or five who might be in a worse state than they are","type":"I","timestamp":"2023-11-09 13:44:19"},{"nodeID":"1334709","text":"AudienceMember 20221020QT05: I'm going to use less energy than a household of four or five who might be in a worse state than I am","type":"L","timestamp":"2023-11-09 13:44:19"},{"nodeID":"1334710","text":"Analysing","type":"YA","timestamp":"2023-11-09 13:44:19"},{"nodeID":"1334711","text":"Nicole: AudienceMember 20221020QT05: I'm going to use less energy than a household of four or five who might be in a worse state than I am","type":"L","timestamp":"2023-11-09 13:44:19"},{"nodeID":"1334712","text":"Asserting","type":"YA","timestamp":"2023-11-09 13:44:19"},{"nodeID":"1334713","text":"Default Transition","type":"TA","timestamp":"2023-11-09 13:44:19"},{"nodeID":"1334714","text":"Default Inference","type":"RA","timestamp":"2023-11-09 13:44:19"},{"nodeID":"1334715","text":"Arguing","type":"YA","timestamp":"2023-11-09 13:44:19"},{"nodeID":"1334716","text":"to say it is a price cap is just wrong","type":"I","timestamp":"2023-11-09 13:44:20"},{"nodeID":"1334717","text":"AudienceMember 20221020QT05: to say it is a price cap is just wrong","type":"L","timestamp":"2023-11-09 13:44:20"},{"nodeID":"1334718","text":"Analysing","type":"YA","timestamp":"2023-11-09 13:44:20"},{"nodeID":"1334719","text":"Nicole: AudienceMember 20221020QT05: to say it is a price cap is just wrong","type":"L","timestamp":"2023-11-09 13:44:20"},{"nodeID":"1334720","text":"Asserting","type":"YA","timestamp":"2023-11-09 13:44:20"},{"nodeID":"1334721","text":"Default Transition","type":"TA","timestamp":"2023-11-09 13:44:20"},{"nodeID":"1334722","text":"Default Inference","type":"RA","timestamp":"2023-11-09 13:44:20"},{"nodeID":"1334723","text":"Arguing","type":"YA","timestamp":"2023-11-09 13:44:20"},{"nodeID":"1334724","text":"Default Transition","type":"TA","timestamp":"2023-11-09 13:44:20"},{"nodeID":"1334725","text":"to go back to John Swinney's point about after the mini budget, we now have rise in interest rate, rise in food prices","type":"I","timestamp":"2023-11-09 13:44:20"},{"nodeID":"1334726","text":"AudienceMember 20221020QT05: To go back to John Swinney's point about after the mini budget, we now have rise in interest rate, rise in food prices","type":"L","timestamp":"2023-11-09 13:44:20"},{"nodeID":"1334727","text":"Analysing","type":"YA","timestamp":"2023-11-09 13:44:20"},{"nodeID":"1334728","text":"Nicole: AudienceMember 20221020QT05: To go back to John Swinney's point about after the mini budget, we now have rise in interest rate, rise in food prices","type":"L","timestamp":"2023-11-09 13:44:20"},{"nodeID":"1334729","text":"Asserting","type":"YA","timestamp":"2023-11-09 13:44:20"},{"nodeID":"1334730","text":"Default Transition","type":"TA","timestamp":"2023-11-09 13:44:20"},{"nodeID":"1334731","text":"you've not helped in any way","type":"I","timestamp":"2023-11-09 13:44:21"},{"nodeID":"1334732","text":"AudienceMember 20221020QT05: you've not helped in any way","type":"L","timestamp":"2023-11-09 13:44:21"},{"nodeID":"1334733","text":"Analysing","type":"YA","timestamp":"2023-11-09 13:44:21"},{"nodeID":"1334734","text":"Nicole: AudienceMember 20221020QT05: you've not helped in any way","type":"L","timestamp":"2023-11-09 13:44:21"},{"nodeID":"1334735","text":"Asserting","type":"YA","timestamp":"2023-11-09 13:44:21"},{"nodeID":"1334736","text":"Default Transition","type":"TA","timestamp":"2023-11-09 13:44:21"},{"nodeID":"1334737","text":"Default Inference","type":"RA","timestamp":"2023-11-09 13:44:21"},{"nodeID":"1334738","text":"Arguing","type":"YA","timestamp":"2023-11-09 13:44:21"},{"nodeID":"1334739","text":"Liz Truss hasn't helped","type":"I","timestamp":"2023-11-09 13:44:22"},{"nodeID":"1334740","text":"AudienceMember 20221020QT05: Liz Truss hasn't helped","type":"L","timestamp":"2023-11-09 13:44:22"},{"nodeID":"1334741","text":"Analysing","type":"YA","timestamp":"2023-11-09 13:44:22"},{"nodeID":"1334742","text":"Nicole: AudienceMember 20221020QT05: Liz Truss hasn't helped","type":"L","timestamp":"2023-11-09 13:44:22"},{"nodeID":"1334743","text":"Asserting","type":"YA","timestamp":"2023-11-09 13:44:22"},{"nodeID":"1334744","text":"Default Transition","type":"TA","timestamp":"2023-11-09 13:44:22"},{"nodeID":"1334745","text":"Default Rephrase","type":"MA","timestamp":"2023-11-09 13:44:22"},{"nodeID":"1334746","text":"Restating","type":"YA","timestamp":"2023-11-09 13:44:22"},{"nodeID":"1334747","text":"there's the price cap but all the money I'm going to save is going to be used on food, other means, paying back my mortgage, stuff like that","type":"I","timestamp":"2023-11-09 13:44:22"},{"nodeID":"1334748","text":"AudienceMember 20221020QT05: There's the price cap but all the money I'm going to save is going to be used on food, other means, paying back my mortgage, stuff like that","type":"L","timestamp":"2023-11-09 13:44:22"},{"nodeID":"1334749","text":"Analysing","type":"YA","timestamp":"2023-11-09 13:44:22"},{"nodeID":"1334750","text":"Nicole: AudienceMember 20221020QT05: There's the price cap but all the money I'm going to save is going to be used on food, other means, paying back my mortgage, stuff like that","type":"L","timestamp":"2023-11-09 13:44:22"},{"nodeID":"1334751","text":"Asserting","type":"YA","timestamp":"2023-11-09 13:44:22"},{"nodeID":"1334752","text":"Default Transition","type":"TA","timestamp":"2023-11-09 13:44:22"},{"nodeID":"1334753","text":"Default Rephrase","type":"MA","timestamp":"2023-11-09 13:44:22"},{"nodeID":"1334754","text":"Restating","type":"YA","timestamp":"2023-11-09 13:44:22"},{"nodeID":"1334755","text":"it cancelled each other out","type":"I","timestamp":"2023-11-09 13:44:23"},{"nodeID":"1334756","text":"AudienceMember 20221020QT05: It cancelled each other out","type":"L","timestamp":"2023-11-09 13:44:23"},{"nodeID":"1334757","text":"Analysing","type":"YA","timestamp":"2023-11-09 13:44:23"},{"nodeID":"1334758","text":"Nicole: AudienceMember 20221020QT05: It cancelled each other out","type":"L","timestamp":"2023-11-09 13:44:23"},{"nodeID":"1334759","text":"Asserting","type":"YA","timestamp":"2023-11-09 13:44:23"},{"nodeID":"1334760","text":"the price cap has not helped in any way","type":"I","timestamp":"2023-11-09 13:44:23"},{"nodeID":"1334761","text":"AudienceMember 20221020QT05: It has not helped in any way","type":"L","timestamp":"2023-11-09 13:44:23"},{"nodeID":"1334762","text":"Analysing","type":"YA","timestamp":"2023-11-09 13:44:23"},{"nodeID":"1334763","text":"Nicole: AudienceMember 20221020QT05: It has not helped in any way","type":"L","timestamp":"2023-11-09 13:44:23"},{"nodeID":"1334764","text":"Asserting","type":"YA","timestamp":"2023-11-09 13:44:23"},{"nodeID":"1334765","text":"Default Transition","type":"TA","timestamp":"2023-11-09 13:44:23"},{"nodeID":"1334766","text":"Default Inference","type":"RA","timestamp":"2023-11-09 13:44:23"},{"nodeID":"1334767","text":"Default Transition","type":"TA","timestamp":"2023-11-09 13:44:23"},{"nodeID":"1334768","text":"Default Rephrase","type":"MA","timestamp":"2023-11-09 13:44:23"},{"nodeID":"1334769","text":"Restating","type":"YA","timestamp":"2023-11-09 13:44:23"},{"nodeID":"1334770","text":"Arguing","type":"YA","timestamp":"2023-11-09 13:44:23"},{"nodeID":"1334771","text":"Default Transition","type":"TA","timestamp":"2023-11-09 13:44:23"},{"nodeID":"1334772","text":"Default Inference","type":"RA","timestamp":"2023-11-09 13:44:23"},{"nodeID":"1334773","text":"Arguing","type":"YA","timestamp":"2023-11-09 13:44:23"},{"nodeID":"1334774","text":"Default Rephrase","type":"MA","timestamp":"2023-11-09 13:44:23"},{"nodeID":"1334775","text":"Restating","type":"YA","timestamp":"2023-11-09 13:44:23"},{"nodeID":"1334776","text":"Default Inference","type":"RA","timestamp":"2023-11-09 13:44:23"},{"nodeID":"1334777","text":"Default Transition","type":"TA","timestamp":"2023-11-09 13:44:23"},{"nodeID":"1334778","text":"Arguing","type":"YA","timestamp":"2023-11-09 13:44:23"},{"nodeID":"1334779","text":"Default Inference","type":"RA","timestamp":"2023-11-09 13:44:23"},{"nodeID":"1334780","text":"Default Transition","type":"TA","timestamp":"2023-11-09 13:44:23"},{"nodeID":"1334781","text":"Arguing","type":"YA","timestamp":"2023-11-09 13:44:23"},{"nodeID":"1334782","text":"Default Transition","type":"TA","timestamp":"2023-11-09 13:44:23"},{"nodeID":"1334783","text":"Default Inference","type":"RA","timestamp":"2023-11-09 13:44:23"},{"nodeID":"1334784","text":"Arguing","type":"YA","timestamp":"2023-11-09 13:44:23"},{"nodeID":"1334785","text":"Default Transition","type":"TA","timestamp":"2023-11-09 13:44:23"},{"nodeID":"1334786","text":"Default Transition","type":"TA","timestamp":"2023-11-09 13:44:23"},{"nodeID":"1334787","text":"Default Transition","type":"TA","timestamp":"2023-11-09 13:44:23"},{"nodeID":"1334788","text":"Default Transition","type":"TA","timestamp":"2023-11-09 13:44:23"},{"nodeID":"1334789","text":"Default Rephrase","type":"MA","timestamp":"2023-11-09 13:44:23"},{"nodeID":"1334790","text":"Default Transition","type":"TA","timestamp":"2023-11-09 13:44:23"},{"nodeID":"1334791","text":"Restating","type":"YA","timestamp":"2023-11-09 13:44:23"}],"edges":[{"edgeID":"1749947","fromID":"1334627","toID":"1334626","formEdgeID":null},{"edgeID":"1749948","fromID":"1334628","toID":"1334627","formEdgeID":null},{"edgeID":"1749949","fromID":"1334630","toID":"1334629","formEdgeID":null},{"edgeID":"1749950","fromID":"1334631","toID":"1334630","formEdgeID":null},{"edgeID":"1749951","fromID":"1334629","toID":"1334632","formEdgeID":null},{"edgeID":"1749952","fromID":"1334632","toID":"1334625","formEdgeID":null},{"edgeID":"1749953","fromID":"1334626","toID":"1334633","formEdgeID":null},{"edgeID":"1749954","fromID":"1334633","toID":"1334629","formEdgeID":null},{"edgeID":"1749955","fromID":"1334636","toID":"1334635","formEdgeID":null},{"edgeID":"1749956","fromID":"1334637","toID":"1334636","formEdgeID":null},{"edgeID":"1749957","fromID":"1334635","toID":"1334638","formEdgeID":null},{"edgeID":"1749958","fromID":"1334638","toID":"1334634","formEdgeID":null},{"edgeID":"1749959","fromID":"1334626","toID":"1334639","formEdgeID":null},{"edgeID":"1749960","fromID":"1334639","toID":"1334635","formEdgeID":null},{"edgeID":"1749961","fromID":"1334642","toID":"1334641","formEdgeID":null},{"edgeID":"1749962","fromID":"1334643","toID":"1334642","formEdgeID":null},{"edgeID":"1749963","fromID":"1334641","toID":"1334644","formEdgeID":null},{"edgeID":"1749964","fromID":"1334644","toID":"1334640","formEdgeID":null},{"edgeID":"1749965","fromID":"1334635","toID":"1334645","formEdgeID":null},{"edgeID":"1749966","fromID":"1334645","toID":"1334641","formEdgeID":null},{"edgeID":"1749967","fromID":"1334648","toID":"1334647","formEdgeID":null},{"edgeID":"1749968","fromID":"1334649","toID":"1334648","formEdgeID":null},{"edgeID":"1749969","fromID":"1334647","toID":"1334650","formEdgeID":null},{"edgeID":"1749970","fromID":"1334650","toID":"1334646","formEdgeID":null},{"edgeID":"1749971","fromID":"1334653","toID":"1334652","formEdgeID":null},{"edgeID":"1749972","fromID":"1334654","toID":"1334653","formEdgeID":null},{"edgeID":"1749973","fromID":"1334652","toID":"1334655","formEdgeID":null},{"edgeID":"1749974","fromID":"1334655","toID":"1334651","formEdgeID":null},{"edgeID":"1749975","fromID":"1334658","toID":"1334657","formEdgeID":null},{"edgeID":"1749976","fromID":"1334659","toID":"1334658","formEdgeID":null},{"edgeID":"1749977","fromID":"1334657","toID":"1334660","formEdgeID":null},{"edgeID":"1749978","fromID":"1334660","toID":"1334656","formEdgeID":null},{"edgeID":"1749979","fromID":"1334663","toID":"1334662","formEdgeID":null},{"edgeID":"1749980","fromID":"1334664","toID":"1334663","formEdgeID":null},{"edgeID":"1749981","fromID":"1334662","toID":"1334665","formEdgeID":null},{"edgeID":"1749982","fromID":"1334665","toID":"1334661","formEdgeID":null},{"edgeID":"1749983","fromID":"1334668","toID":"1334667","formEdgeID":null},{"edgeID":"1749984","fromID":"1334669","toID":"1334668","formEdgeID":null},{"edgeID":"1749985","fromID":"1334667","toID":"1334670","formEdgeID":null},{"edgeID":"1749986","fromID":"1334670","toID":"1334666","formEdgeID":null},{"edgeID":"1749987","fromID":"1334673","toID":"1334672","formEdgeID":null},{"edgeID":"1749988","fromID":"1334674","toID":"1334673","formEdgeID":null},{"edgeID":"1749989","fromID":"1334672","toID":"1334675","formEdgeID":null},{"edgeID":"1749990","fromID":"1334675","toID":"1334671","formEdgeID":null},{"edgeID":"1749991","fromID":"1334678","toID":"1334677","formEdgeID":null},{"edgeID":"1749992","fromID":"1334679","toID":"1334678","formEdgeID":null},{"edgeID":"1749993","fromID":"1334672","toID":"1334680","formEdgeID":null},{"edgeID":"1749994","fromID":"1334680","toID":"1334677","formEdgeID":null},{"edgeID":"1749995","fromID":"1334682","toID":"1334681","formEdgeID":null},{"edgeID":"1749996","fromID":"1334683","toID":"1334682","formEdgeID":null},{"edgeID":"1749997","fromID":"1334681","toID":"1334684","formEdgeID":null},{"edgeID":"1749998","fromID":"1334684","toID":"1334676","formEdgeID":null},{"edgeID":"1749999","fromID":"1334677","toID":"1334685","formEdgeID":null},{"edgeID":"1750000","fromID":"1334685","toID":"1334681","formEdgeID":null},{"edgeID":"1750001","fromID":"1334688","toID":"1334687","formEdgeID":null},{"edgeID":"1750002","fromID":"1334689","toID":"1334688","formEdgeID":null},{"edgeID":"1750003","fromID":"1334687","toID":"1334690","formEdgeID":null},{"edgeID":"1750004","fromID":"1334690","toID":"1334686","formEdgeID":null},{"edgeID":"1750005","fromID":"1334677","toID":"1334691","formEdgeID":null},{"edgeID":"1750006","fromID":"1334691","toID":"1334687","formEdgeID":null},{"edgeID":"1750007","fromID":"1334686","toID":"1334692","formEdgeID":null},{"edgeID":"1750008","fromID":"1334692","toID":"1334676","formEdgeID":null},{"edgeID":"1750009","fromID":"1334691","toID":"1334693","formEdgeID":null},{"edgeID":"1750010","fromID":"1334693","toID":"1334692","formEdgeID":null},{"edgeID":"1750011","fromID":"1334696","toID":"1334695","formEdgeID":null},{"edgeID":"1750012","fromID":"1334697","toID":"1334696","formEdgeID":null},{"edgeID":"1750013","fromID":"1334695","toID":"1334698","formEdgeID":null},{"edgeID":"1750014","fromID":"1334698","toID":"1334694","formEdgeID":null},{"edgeID":"1750015","fromID":"1334687","toID":"1334699","formEdgeID":null},{"edgeID":"1750016","fromID":"1334699","toID":"1334695","formEdgeID":null},{"edgeID":"1750017","fromID":"1334694","toID":"1334700","formEdgeID":null},{"edgeID":"1750018","fromID":"1334700","toID":"1334686","formEdgeID":null},{"edgeID":"1750019","fromID":"1334699","toID":"1334701","formEdgeID":null},{"edgeID":"1750020","fromID":"1334701","toID":"1334700","formEdgeID":null},{"edgeID":"1750021","fromID":"1334704","toID":"1334703","formEdgeID":null},{"edgeID":"1750022","fromID":"1334705","toID":"1334704","formEdgeID":null},{"edgeID":"1750023","fromID":"1334703","toID":"1334706","formEdgeID":null},{"edgeID":"1750024","fromID":"1334706","toID":"1334702","formEdgeID":null},{"edgeID":"1750025","fromID":"1334695","toID":"1334707","formEdgeID":null},{"edgeID":"1750026","fromID":"1334707","toID":"1334703","formEdgeID":null},{"edgeID":"1750027","fromID":"1334710","toID":"1334709","formEdgeID":null},{"edgeID":"1750028","fromID":"1334711","toID":"1334710","formEdgeID":null},{"edgeID":"1750029","fromID":"1334709","toID":"1334712","formEdgeID":null},{"edgeID":"1750030","fromID":"1334712","toID":"1334708","formEdgeID":null},{"edgeID":"1750031","fromID":"1334703","toID":"1334713","formEdgeID":null},{"edgeID":"1750032","fromID":"1334713","toID":"1334709","formEdgeID":null},{"edgeID":"1750033","fromID":"1334702","toID":"1334714","formEdgeID":null},{"edgeID":"1750034","fromID":"1334714","toID":"1334708","formEdgeID":null},{"edgeID":"1750035","fromID":"1334713","toID":"1334715","formEdgeID":null},{"edgeID":"1750036","fromID":"1334715","toID":"1334714","formEdgeID":null},{"edgeID":"1750037","fromID":"1334718","toID":"1334717","formEdgeID":null},{"edgeID":"1750038","fromID":"1334719","toID":"1334718","formEdgeID":null},{"edgeID":"1750039","fromID":"1334717","toID":"1334720","formEdgeID":null},{"edgeID":"1750040","fromID":"1334720","toID":"1334716","formEdgeID":null},{"edgeID":"1750041","fromID":"1334709","toID":"1334721","formEdgeID":null},{"edgeID":"1750042","fromID":"1334721","toID":"1334717","formEdgeID":null},{"edgeID":"1750043","fromID":"1334708","toID":"1334722","formEdgeID":null},{"edgeID":"1750044","fromID":"1334722","toID":"1334716","formEdgeID":null},{"edgeID":"1750045","fromID":"1334721","toID":"1334723","formEdgeID":null},{"edgeID":"1750046","fromID":"1334723","toID":"1334722","formEdgeID":null},{"edgeID":"1750047","fromID":"1334694","toID":"1334722","formEdgeID":null},{"edgeID":"1750048","fromID":"1334695","toID":"1334724","formEdgeID":null},{"edgeID":"1750049","fromID":"1334724","toID":"1334717","formEdgeID":null},{"edgeID":"1750050","fromID":"1334727","toID":"1334726","formEdgeID":null},{"edgeID":"1750051","fromID":"1334728","toID":"1334727","formEdgeID":null},{"edgeID":"1750052","fromID":"1334726","toID":"1334729","formEdgeID":null},{"edgeID":"1750053","fromID":"1334729","toID":"1334725","formEdgeID":null},{"edgeID":"1750054","fromID":"1334717","toID":"1334730","formEdgeID":null},{"edgeID":"1750055","fromID":"1334730","toID":"1334726","formEdgeID":null},{"edgeID":"1750056","fromID":"1334733","toID":"1334732","formEdgeID":null},{"edgeID":"1750057","fromID":"1334734","toID":"1334733","formEdgeID":null},{"edgeID":"1750058","fromID":"1334732","toID":"1334735","formEdgeID":null},{"edgeID":"1750059","fromID":"1334735","toID":"1334731","formEdgeID":null},{"edgeID":"1750060","fromID":"1334726","toID":"1334736","formEdgeID":null},{"edgeID":"1750061","fromID":"1334736","toID":"1334732","formEdgeID":null},{"edgeID":"1750062","fromID":"1334725","toID":"1334737","formEdgeID":null},{"edgeID":"1750063","fromID":"1334737","toID":"1334731","formEdgeID":null},{"edgeID":"1750064","fromID":"1334736","toID":"1334738","formEdgeID":null},{"edgeID":"1750065","fromID":"1334738","toID":"1334737","formEdgeID":null},{"edgeID":"1750066","fromID":"1334741","toID":"1334740","formEdgeID":null},{"edgeID":"1750067","fromID":"1334742","toID":"1334741","formEdgeID":null},{"edgeID":"1750068","fromID":"1334740","toID":"1334743","formEdgeID":null},{"edgeID":"1750069","fromID":"1334743","toID":"1334739","formEdgeID":null},{"edgeID":"1750070","fromID":"1334732","toID":"1334744","formEdgeID":null},{"edgeID":"1750071","fromID":"1334744","toID":"1334740","formEdgeID":null},{"edgeID":"1750072","fromID":"1334739","toID":"1334745","formEdgeID":null},{"edgeID":"1750073","fromID":"1334745","toID":"1334731","formEdgeID":null},{"edgeID":"1750074","fromID":"1334744","toID":"1334746","formEdgeID":null},{"edgeID":"1750075","fromID":"1334746","toID":"1334745","formEdgeID":null},{"edgeID":"1750076","fromID":"1334749","toID":"1334748","formEdgeID":null},{"edgeID":"1750077","fromID":"1334750","toID":"1334749","formEdgeID":null},{"edgeID":"1750078","fromID":"1334748","toID":"1334751","formEdgeID":null},{"edgeID":"1750079","fromID":"1334751","toID":"1334747","formEdgeID":null},{"edgeID":"1750080","fromID":"1334726","toID":"1334752","formEdgeID":null},{"edgeID":"1750081","fromID":"1334752","toID":"1334748","formEdgeID":null},{"edgeID":"1750082","fromID":"1334747","toID":"1334753","formEdgeID":null},{"edgeID":"1750083","fromID":"1334753","toID":"1334725","formEdgeID":null},{"edgeID":"1750084","fromID":"1334752","toID":"1334754","formEdgeID":null},{"edgeID":"1750085","fromID":"1334754","toID":"1334753","formEdgeID":null},{"edgeID":"1750086","fromID":"1334757","toID":"1334756","formEdgeID":null},{"edgeID":"1750087","fromID":"1334758","toID":"1334757","formEdgeID":null},{"edgeID":"1750088","fromID":"1334756","toID":"1334759","formEdgeID":null},{"edgeID":"1750089","fromID":"1334759","toID":"1334755","formEdgeID":null},{"edgeID":"1750090","fromID":"1334762","toID":"1334761","formEdgeID":null},{"edgeID":"1750091","fromID":"1334763","toID":"1334762","formEdgeID":null},{"edgeID":"1750092","fromID":"1334761","toID":"1334764","formEdgeID":null},{"edgeID":"1750093","fromID":"1334764","toID":"1334760","formEdgeID":null},{"edgeID":"1750094","fromID":"1334756","toID":"1334765","formEdgeID":null},{"edgeID":"1750095","fromID":"1334765","toID":"1334761","formEdgeID":null},{"edgeID":"1750096","fromID":"1334755","toID":"1334766","formEdgeID":null},{"edgeID":"1750097","fromID":"1334766","toID":"1334760","formEdgeID":null},{"edgeID":"1750098","fromID":"1334740","toID":"1334767","formEdgeID":null},{"edgeID":"1750099","fromID":"1334767","toID":"1334761","formEdgeID":null},{"edgeID":"1750100","fromID":"1334760","toID":"1334768","formEdgeID":null},{"edgeID":"1750101","fromID":"1334768","toID":"1334739","formEdgeID":null},{"edgeID":"1750102","fromID":"1334767","toID":"1334769","formEdgeID":null},{"edgeID":"1750103","fromID":"1334769","toID":"1334768","formEdgeID":null},{"edgeID":"1750104","fromID":"1334765","toID":"1334770","formEdgeID":null},{"edgeID":"1750105","fromID":"1334770","toID":"1334766","formEdgeID":null},{"edgeID":"1750106","fromID":"1334748","toID":"1334771","formEdgeID":null},{"edgeID":"1750107","fromID":"1334771","toID":"1334756","formEdgeID":null},{"edgeID":"1750108","fromID":"1334747","toID":"1334772","formEdgeID":null},{"edgeID":"1750109","fromID":"1334772","toID":"1334755","formEdgeID":null},{"edgeID":"1750110","fromID":"1334771","toID":"1334773","formEdgeID":null},{"edgeID":"1750111","fromID":"1334773","toID":"1334772","formEdgeID":null},{"edgeID":"1750112","fromID":"1334634","toID":"1334774","formEdgeID":null},{"edgeID":"1750113","fromID":"1334774","toID":"1334625","formEdgeID":null},{"edgeID":"1750114","fromID":"1334639","toID":"1334775","formEdgeID":null},{"edgeID":"1750115","fromID":"1334775","toID":"1334774","formEdgeID":null},{"edgeID":"1750116","fromID":"1334634","toID":"1334776","formEdgeID":null},{"edgeID":"1750117","fromID":"1334776","toID":"1334671","formEdgeID":null},{"edgeID":"1750118","fromID":"1334635","toID":"1334777","formEdgeID":null},{"edgeID":"1750119","fromID":"1334777","toID":"1334672","formEdgeID":null},{"edgeID":"1750120","fromID":"1334777","toID":"1334778","formEdgeID":null},{"edgeID":"1750121","fromID":"1334778","toID":"1334776","formEdgeID":null},{"edgeID":"1750122","fromID":"1334666","toID":"1334779","formEdgeID":null},{"edgeID":"1750123","fromID":"1334779","toID":"1334634","formEdgeID":null},{"edgeID":"1750124","fromID":"1334635","toID":"1334780","formEdgeID":null},{"edgeID":"1750125","fromID":"1334780","toID":"1334667","formEdgeID":null},{"edgeID":"1750126","fromID":"1334780","toID":"1334781","formEdgeID":null},{"edgeID":"1750127","fromID":"1334781","toID":"1334779","formEdgeID":null},{"edgeID":"1750128","fromID":"1334662","toID":"1334782","formEdgeID":null},{"edgeID":"1750129","fromID":"1334782","toID":"1334667","formEdgeID":null},{"edgeID":"1750130","fromID":"1334661","toID":"1334783","formEdgeID":null},{"edgeID":"1750131","fromID":"1334783","toID":"1334666","formEdgeID":null},{"edgeID":"1750132","fromID":"1334656","toID":"1334783","formEdgeID":null},{"edgeID":"1750133","fromID":"1334651","toID":"1334783","formEdgeID":null},{"edgeID":"1750134","fromID":"1334646","toID":"1334783","formEdgeID":null},{"edgeID":"1750135","fromID":"1334640","toID":"1334783","formEdgeID":null},{"edgeID":"1750136","fromID":"1334782","toID":"1334784","formEdgeID":null},{"edgeID":"1750137","fromID":"1334784","toID":"1334783","formEdgeID":null},{"edgeID":"1750138","fromID":"1334657","toID":"1334785","formEdgeID":null},{"edgeID":"1750139","fromID":"1334785","toID":"1334667","formEdgeID":null},{"edgeID":"1750140","fromID":"1334652","toID":"1334786","formEdgeID":null},{"edgeID":"1750141","fromID":"1334786","toID":"1334667","formEdgeID":null},{"edgeID":"1750142","fromID":"1334647","toID":"1334787","formEdgeID":null},{"edgeID":"1750143","fromID":"1334787","toID":"1334667","formEdgeID":null},{"edgeID":"1750144","fromID":"1334641","toID":"1334788","formEdgeID":null},{"edgeID":"1750145","fromID":"1334788","toID":"1334667","formEdgeID":null},{"edgeID":"1750146","fromID":"1334716","toID":"1334789","formEdgeID":null},{"edgeID":"1750147","fromID":"1334789","toID":"1334686","formEdgeID":null},{"edgeID":"1750148","fromID":"1334687","toID":"1334790","formEdgeID":null},{"edgeID":"1750149","fromID":"1334790","toID":"1334717","formEdgeID":null},{"edgeID":"1750150","fromID":"1334790","toID":"1334791","formEdgeID":null},{"edgeID":"1750151","fromID":"1334791","toID":"1334789","formEdgeID":null}],"locutions":[]}