{"nodes":[{"nodeID":"1348824","text":"we have record vacancies in our NHS","type":"I","timestamp":"2023-11-09 14:06:25"},{"nodeID":"1348825","text":"Anas Sarwar: We have record vacancies in our NHS","type":"L","timestamp":"2023-11-09 14:06:25"},{"nodeID":"1348826","text":"Analysing","type":"YA","timestamp":"2023-11-09 14:06:25"},{"nodeID":"1348827","text":"Anon: Anas Sarwar: We have record vacancies in our NHS","type":"L","timestamp":"2023-11-09 14:06:25"},{"nodeID":"1348828","text":"Asserting","type":"YA","timestamp":"2023-11-09 14:06:25"},{"nodeID":"1348829","text":"vacancies in our NHS are over 7,000","type":"I","timestamp":"2023-11-09 14:06:26"},{"nodeID":"1348830","text":"Anas Sarwar: over 7,000","type":"L","timestamp":"2023-11-09 14:06:26"},{"nodeID":"1348831","text":"Analysing","type":"YA","timestamp":"2023-11-09 14:06:26"},{"nodeID":"1348832","text":"Anon: Anas Sarwar: over 7,000","type":"L","timestamp":"2023-11-09 14:06:26"},{"nodeID":"1348833","text":"Asserting","type":"YA","timestamp":"2023-11-09 14:06:26"},{"nodeID":"1348834","text":"Default Transition","type":"TA","timestamp":"2023-11-09 14:06:26"},{"nodeID":"1348835","text":"Default Rephrase","type":"MA","timestamp":"2023-11-09 14:06:26"},{"nodeID":"1348836","text":"Restating","type":"YA","timestamp":"2023-11-09 14:06:26"},{"nodeID":"1348837","text":"one in 10 positions in Scotland's NHS are currently unfilled","type":"I","timestamp":"2023-11-09 14:06:27"},{"nodeID":"1348838","text":"Anas Sarwar: One in 10 positions in Scotland's NHS are currently unfilled","type":"L","timestamp":"2023-11-09 14:06:27"},{"nodeID":"1348839","text":"Analysing","type":"YA","timestamp":"2023-11-09 14:06:27"},{"nodeID":"1348840","text":"Anon: Anas Sarwar: One in 10 positions in Scotland's NHS are currently unfilled","type":"L","timestamp":"2023-11-09 14:06:27"},{"nodeID":"1348841","text":"Asserting","type":"YA","timestamp":"2023-11-09 14:06:27"},{"nodeID":"1348842","text":"Default Transition","type":"TA","timestamp":"2023-11-09 14:06:27"},{"nodeID":"1348843","text":"Default Rephrase","type":"MA","timestamp":"2023-11-09 14:06:27"},{"nodeID":"1348844","text":"Restating","type":"YA","timestamp":"2023-11-09 14:06:27"},{"nodeID":"1348845","text":"record vacancies put a massive burden on the reality of the NHS","type":"I","timestamp":"2023-11-09 14:06:27"},{"nodeID":"1348846","text":"Anas Sarwar: That puts a massive burden on the reality of the NHS","type":"L","timestamp":"2023-11-09 14:06:27"},{"nodeID":"1348847","text":"Analysing","type":"YA","timestamp":"2023-11-09 14:06:27"},{"nodeID":"1348848","text":"Anon: Anas Sarwar: That puts a massive burden on the reality of the NHS","type":"L","timestamp":"2023-11-09 14:06:27"},{"nodeID":"1348849","text":"Asserting","type":"YA","timestamp":"2023-11-09 14:06:27"},{"nodeID":"1348850","text":"Default Transition","type":"TA","timestamp":"2023-11-09 14:06:27"},{"nodeID":"1348851","text":"we have record waits in our A&E","type":"I","timestamp":"2023-11-09 14:06:28"},{"nodeID":"1348852","text":"Anas Sarwar: We have record waits in our A&E","type":"L","timestamp":"2023-11-09 14:06:28"},{"nodeID":"1348853","text":"Analysing","type":"YA","timestamp":"2023-11-09 14:06:28"},{"nodeID":"1348854","text":"Anon: Anas Sarwar: We have record waits in our A&E","type":"L","timestamp":"2023-11-09 14:06:28"},{"nodeID":"1348855","text":"Asserting","type":"YA","timestamp":"2023-11-09 14:06:28"},{"nodeID":"1348856","text":"Default Transition","type":"TA","timestamp":"2023-11-09 14:06:28"},{"nodeID":"1348857","text":"Default Rephrase","type":"MA","timestamp":"2023-11-09 14:06:28"},{"nodeID":"1348858","text":"Restating","type":"YA","timestamp":"2023-11-09 14:06:28"},{"nodeID":"1348859","text":"record vacancies put a massive pressure on the A&E services and on GP services and other acute pressures in the NHS as well","type":"I","timestamp":"2023-11-09 14:06:29"},{"nodeID":"1348860","text":"Anas Sarwar: That puts a massive pressure, yes, on the A&E services but pressure on GP services and other acute pressures in the NHS as well","type":"L","timestamp":"2023-11-09 14:06:29"},{"nodeID":"1348861","text":"Analysing","type":"YA","timestamp":"2023-11-09 14:06:29"},{"nodeID":"1348862","text":"Anon: Anas Sarwar: That puts a massive pressure, yes, on the A&E services but pressure on GP services and other acute pressures in the NHS as well","type":"L","timestamp":"2023-11-09 14:06:29"},{"nodeID":"1348863","text":"Asserting","type":"YA","timestamp":"2023-11-09 14:06:29"},{"nodeID":"1348864","text":"Default Transition","type":"TA","timestamp":"2023-11-09 14:06:29"},{"nodeID":"1348865","text":"Default Rephrase","type":"MA","timestamp":"2023-11-09 14:06:29"},{"nodeID":"1348866","text":"Restating","type":"YA","timestamp":"2023-11-09 14:06:29"},{"nodeID":"1348867","text":"we have one in seven of our fellow citizens waiting on an NHS appointment across our country","type":"I","timestamp":"2023-11-09 14:06:29"},{"nodeID":"1348868","text":"Anas Sarwar: We have one in seven of our fellow citizens waiting on an NHS appointment across our country","type":"L","timestamp":"2023-11-09 14:06:29"},{"nodeID":"1348869","text":"Analysing","type":"YA","timestamp":"2023-11-09 14:06:29"},{"nodeID":"1348870","text":"Anon: Anas Sarwar: We have one in seven of our fellow citizens waiting on an NHS appointment across our country","type":"L","timestamp":"2023-11-09 14:06:29"},{"nodeID":"1348871","text":"Asserting","type":"YA","timestamp":"2023-11-09 14:06:29"},{"nodeID":"1348872","text":"Default Transition","type":"TA","timestamp":"2023-11-09 14:06:29"},{"nodeID":"1348873","text":"Default Inference","type":"RA","timestamp":"2023-11-09 14:06:29"},{"nodeID":"1348874","text":"Arguing","type":"YA","timestamp":"2023-11-09 14:06:29"},{"nodeID":"1348875","text":"having one in seven citizens waiting on an NHS appointment is unsustainable, unforgiveable","type":"I","timestamp":"2023-11-09 14:06:30"},{"nodeID":"1348876","text":"Anas Sarwar: That is unsustainable, unforgiveable","type":"L","timestamp":"2023-11-09 14:06:30"},{"nodeID":"1348877","text":"Analysing","type":"YA","timestamp":"2023-11-09 14:06:30"},{"nodeID":"1348878","text":"Anon: Anas Sarwar: That is unsustainable, unforgiveable","type":"L","timestamp":"2023-11-09 14:06:30"},{"nodeID":"1348879","text":"Asserting","type":"YA","timestamp":"2023-11-09 14:06:30"},{"nodeID":"1348880","text":"Default Transition","type":"TA","timestamp":"2023-11-09 14:06:30"},{"nodeID":"1348881","text":"we need to secure the NHS more resources","type":"I","timestamp":"2023-11-09 14:06:31"},{"nodeID":"1348882","text":"Anas Sarwar: the answer to it is partly more resources","type":"L","timestamp":"2023-11-09 14:06:31"},{"nodeID":"1348883","text":"Analysing","type":"YA","timestamp":"2023-11-09 14:06:31"},{"nodeID":"1348884","text":"Anon: Anas Sarwar: the answer to it is partly more resources","type":"L","timestamp":"2023-11-09 14:06:31"},{"nodeID":"1348885","text":"Asserting","type":"YA","timestamp":"2023-11-09 14:06:31"},{"nodeID":"1348886","text":"we need to ensure a credible workforce plan that gives the NHS staff the support they need","type":"I","timestamp":"2023-11-09 14:06:31"},{"nodeID":"1348887","text":"Anas Sarwar: also a credible workforce plan that gives the staff the support they need","type":"L","timestamp":"2023-11-09 14:06:31"},{"nodeID":"1348888","text":"Analysing","type":"YA","timestamp":"2023-11-09 14:06:31"},{"nodeID":"1348889","text":"Anon: Anas Sarwar: also a credible workforce plan that gives the staff the support they need","type":"L","timestamp":"2023-11-09 14:06:31"},{"nodeID":"1348890","text":"Asserting","type":"YA","timestamp":"2023-11-09 14:06:31"},{"nodeID":"1348891","text":"Default Transition","type":"TA","timestamp":"2023-11-09 14:06:31"},{"nodeID":"1348892","text":"we need to solve the record vacancies in the NHS issue","type":"I","timestamp":"2023-11-09 14:06:32"},{"nodeID":"1348893","text":"Anas Sarwar: the answer to it","type":"L","timestamp":"2023-11-09 14:06:32"},{"nodeID":"1348894","text":"Analysing","type":"YA","timestamp":"2023-11-09 14:06:32"},{"nodeID":"1348895","text":"Anon: Anas Sarwar: the answer to it","type":"L","timestamp":"2023-11-09 14:06:32"},{"nodeID":"1348896","text":"Asserting","type":"YA","timestamp":"2023-11-09 14:06:32"},{"nodeID":"1348897","text":"Default Transition","type":"TA","timestamp":"2023-11-09 14:06:32"},{"nodeID":"1348898","text":"Default Inference","type":"RA","timestamp":"2023-11-09 14:06:32"},{"nodeID":"1348899","text":"Arguing","type":"YA","timestamp":"2023-11-09 14:06:32"},{"nodeID":"1348900","text":"Default Rephrase","type":"MA","timestamp":"2023-11-09 14:06:32"},{"nodeID":"1348901","text":"Default Transition","type":"TA","timestamp":"2023-11-09 14:06:32"},{"nodeID":"1348902","text":"Restating","type":"YA","timestamp":"2023-11-09 14:06:32"},{"nodeID":"1348903","text":"Default Rephrase","type":"MA","timestamp":"2023-11-09 14:06:32"},{"nodeID":"1348904","text":"Restating","type":"YA","timestamp":"2023-11-09 14:06:32"},{"nodeID":"1348905","text":"right now the NHS staff are undervalued, underresourced, and underpaid","type":"I","timestamp":"2023-11-09 14:06:33"},{"nodeID":"1348906","text":"Anas Sarwar: Right now the staff are undervalued, underresourced, and underpaid","type":"L","timestamp":"2023-11-09 14:06:33"},{"nodeID":"1348907","text":"Analysing","type":"YA","timestamp":"2023-11-09 14:06:33"},{"nodeID":"1348908","text":"Anon: Anas Sarwar: Right now the staff are undervalued, underresourced, and underpaid","type":"L","timestamp":"2023-11-09 14:06:33"},{"nodeID":"1348909","text":"Asserting","type":"YA","timestamp":"2023-11-09 14:06:33"},{"nodeID":"1348910","text":"Default Transition","type":"TA","timestamp":"2023-11-09 14:06:33"},{"nodeID":"1348911","text":"Default Inference","type":"RA","timestamp":"2023-11-09 14:06:33"},{"nodeID":"1348912","text":"Arguing","type":"YA","timestamp":"2023-11-09 14:06:33"},{"nodeID":"1348913","text":"we have to support the NHS staff and fulfil that promise we made","type":"I","timestamp":"2023-11-09 14:06:34"},{"nodeID":"1348914","text":"Anas Sarwar: We have to support them and fulfil that promise we made","type":"L","timestamp":"2023-11-09 14:06:34"},{"nodeID":"1348915","text":"Analysing","type":"YA","timestamp":"2023-11-09 14:06:34"},{"nodeID":"1348916","text":"Anon: Anas Sarwar: We have to support them and fulfil that promise we made","type":"L","timestamp":"2023-11-09 14:06:34"},{"nodeID":"1348917","text":"Asserting","type":"YA","timestamp":"2023-11-09 14:06:34"},{"nodeID":"1348918","text":"Default Transition","type":"TA","timestamp":"2023-11-09 14:06:34"},{"nodeID":"1348919","text":"Default Conflict","type":"CA","timestamp":"2023-11-09 14:06:34"},{"nodeID":"1348920","text":"Disagreeing","type":"YA","timestamp":"2023-11-09 14:06:34"},{"nodeID":"1348921","text":"we applauded the NHS people","type":"I","timestamp":"2023-11-09 14:06:34"},{"nodeID":"1348922","text":"Anas Sarwar: When we applauded those people","type":"L","timestamp":"2023-11-09 14:06:34"},{"nodeID":"1348923","text":"Analysing","type":"YA","timestamp":"2023-11-09 14:06:34"},{"nodeID":"1348924","text":"Anon: Anas Sarwar: When we applauded those people","type":"L","timestamp":"2023-11-09 14:06:34"},{"nodeID":"1348925","text":"Asserting","type":"YA","timestamp":"2023-11-09 14:06:34"},{"nodeID":"1348926","text":"we promised to support the NHS people","type":"I","timestamp":"2023-11-09 14:06:35"},{"nodeID":"1348927","text":"Anas Sarwar: we promised to support them","type":"L","timestamp":"2023-11-09 14:06:35"},{"nodeID":"1348928","text":"Analysing","type":"YA","timestamp":"2023-11-09 14:06:35"},{"nodeID":"1348929","text":"Anon: Anas Sarwar: we promised to support them","type":"L","timestamp":"2023-11-09 14:06:35"},{"nodeID":"1348930","text":"Asserting","type":"YA","timestamp":"2023-11-09 14:06:35"},{"nodeID":"1348931","text":"Default Transition","type":"TA","timestamp":"2023-11-09 14:06:35"},{"nodeID":"1348932","text":"Default Inference","type":"RA","timestamp":"2023-11-09 14:06:35"},{"nodeID":"1348933","text":"Arguing","type":"YA","timestamp":"2023-11-09 14:06:35"},{"nodeID":"1348934","text":"Default Inference","type":"RA","timestamp":"2023-11-09 14:06:35"},{"nodeID":"1348935","text":"Default Transition","type":"TA","timestamp":"2023-11-09 14:06:35"},{"nodeID":"1348936","text":"Arguing","type":"YA","timestamp":"2023-11-09 14:06:35"},{"nodeID":"1348937","text":"the NHS is under enormous pressure just now","type":"I","timestamp":"2023-11-09 14:06:36"},{"nodeID":"1348938","text":"John Swinney: the point that Katherine makes about the enormous pressure the NHS is under just now","type":"L","timestamp":"2023-11-09 14:06:36"},{"nodeID":"1348939","text":"Analysing","type":"YA","timestamp":"2023-11-09 14:06:36"},{"nodeID":"1348940","text":"Anon: John Swinney: the point that Katherine makes about the enormous pressure the NHS is under just now","type":"L","timestamp":"2023-11-09 14:06:36"},{"nodeID":"1348941","text":"Katherine Murray: the NHS is under enormous pressure just now","type":"L","timestamp":"2023-11-09 14:06:36"},{"nodeID":"1348942","text":"Analysing","type":"YA","timestamp":"2023-11-09 14:06:36"},{"nodeID":"1348943","text":"Anon: Katherine Murray: the point that Katherine makes about the enormous pressure the NHS is under just now","type":"L","timestamp":"2023-11-09 14:06:36"},{"nodeID":"1348944","text":"Asserting","type":"YA","timestamp":"2023-11-09 14:06:36"},{"nodeID":"1348945","text":"Asserting","type":"YA","timestamp":"2023-11-09 14:06:36"},{"nodeID":"1348946","text":"Default Transition","type":"TA","timestamp":"2023-11-09 14:06:36"},{"nodeID":"1348947","text":"John Swinney thanks Katherine Murray for her contribution to the Health Service","type":"I","timestamp":"2023-11-09 14:06:37"},{"nodeID":"1348948","text":"John Swinney:  to thank her for her contribution to the Health Service","type":"L","timestamp":"2023-11-09 14:06:37"},{"nodeID":"1348949","text":"Analysing","type":"YA","timestamp":"2023-11-09 14:06:37"},{"nodeID":"1348950","text":"Anon: John Swinney:  to thank her for her contribution to the Health Service","type":"L","timestamp":"2023-11-09 14:06:37"},{"nodeID":"1348951","text":"Asserting","type":"YA","timestamp":"2023-11-09 14:06:37"},{"nodeID":"1348952","text":"Default Transition","type":"TA","timestamp":"2023-11-09 14:06:37"},{"nodeID":"1348953","text":"Default Inference","type":"RA","timestamp":"2023-11-09 14:06:37"},{"nodeID":"1348954","text":"Arguing","type":"YA","timestamp":"2023-11-09 14:06:37"},{"nodeID":"1348955","text":"the enormous pressure the NHS is under is against a backdrop of the NHS occupying a greater proportion of our budget than when the SNP came to office 15 years ago","type":"I","timestamp":"2023-11-09 14:06:38"},{"nodeID":"1348956","text":"John Swinney: This is enormous pressure against a backdrop of us having -- the NHS occupying a greater proportion of our budget than when we came to office 15 years ago","type":"L","timestamp":"2023-11-09 14:06:38"},{"nodeID":"1348957","text":"Analysing","type":"YA","timestamp":"2023-11-09 14:06:38"},{"nodeID":"1348958","text":"Anon: John Swinney: This is enormous pressure against a backdrop of us having -- the NHS occupying a greater proportion of our budget than when we came to office 15 years ago","type":"L","timestamp":"2023-11-09 14:06:38"},{"nodeID":"1348959","text":"Asserting","type":"YA","timestamp":"2023-11-09 14:06:38"},{"nodeID":"1348960","text":"Default Transition","type":"TA","timestamp":"2023-11-09 14:06:38"}],"edges":[{"edgeID":"1766953","fromID":"1348826","toID":"1348825","formEdgeID":null},{"edgeID":"1766954","fromID":"1348827","toID":"1348826","formEdgeID":null},{"edgeID":"1766955","fromID":"1348825","toID":"1348828","formEdgeID":null},{"edgeID":"1766956","fromID":"1348828","toID":"1348824","formEdgeID":null},{"edgeID":"1766957","fromID":"1348831","toID":"1348830","formEdgeID":null},{"edgeID":"1766958","fromID":"1348832","toID":"1348831","formEdgeID":null},{"edgeID":"1766959","fromID":"1348830","toID":"1348833","formEdgeID":null},{"edgeID":"1766960","fromID":"1348833","toID":"1348829","formEdgeID":null},{"edgeID":"1766961","fromID":"1348825","toID":"1348834","formEdgeID":null},{"edgeID":"1766962","fromID":"1348834","toID":"1348830","formEdgeID":null},{"edgeID":"1766963","fromID":"1348829","toID":"1348835","formEdgeID":null},{"edgeID":"1766964","fromID":"1348835","toID":"1348824","formEdgeID":null},{"edgeID":"1766965","fromID":"1348834","toID":"1348836","formEdgeID":null},{"edgeID":"1766966","fromID":"1348836","toID":"1348835","formEdgeID":null},{"edgeID":"1766967","fromID":"1348839","toID":"1348838","formEdgeID":null},{"edgeID":"1766968","fromID":"1348840","toID":"1348839","formEdgeID":null},{"edgeID":"1766969","fromID":"1348838","toID":"1348841","formEdgeID":null},{"edgeID":"1766970","fromID":"1348841","toID":"1348837","formEdgeID":null},{"edgeID":"1766971","fromID":"1348830","toID":"1348842","formEdgeID":null},{"edgeID":"1766972","fromID":"1348842","toID":"1348838","formEdgeID":null},{"edgeID":"1766973","fromID":"1348837","toID":"1348843","formEdgeID":null},{"edgeID":"1766974","fromID":"1348843","toID":"1348829","formEdgeID":null},{"edgeID":"1766975","fromID":"1348842","toID":"1348844","formEdgeID":null},{"edgeID":"1766976","fromID":"1348844","toID":"1348843","formEdgeID":null},{"edgeID":"1766977","fromID":"1348847","toID":"1348846","formEdgeID":null},{"edgeID":"1766978","fromID":"1348848","toID":"1348847","formEdgeID":null},{"edgeID":"1766979","fromID":"1348846","toID":"1348849","formEdgeID":null},{"edgeID":"1766980","fromID":"1348849","toID":"1348845","formEdgeID":null},{"edgeID":"1766981","fromID":"1348838","toID":"1348850","formEdgeID":null},{"edgeID":"1766982","fromID":"1348850","toID":"1348846","formEdgeID":null},{"edgeID":"1766983","fromID":"1348853","toID":"1348852","formEdgeID":null},{"edgeID":"1766984","fromID":"1348854","toID":"1348853","formEdgeID":null},{"edgeID":"1766985","fromID":"1348852","toID":"1348855","formEdgeID":null},{"edgeID":"1766986","fromID":"1348855","toID":"1348851","formEdgeID":null},{"edgeID":"1766987","fromID":"1348846","toID":"1348856","formEdgeID":null},{"edgeID":"1766988","fromID":"1348856","toID":"1348852","formEdgeID":null},{"edgeID":"1766989","fromID":"1348851","toID":"1348857","formEdgeID":null},{"edgeID":"1766990","fromID":"1348857","toID":"1348845","formEdgeID":null},{"edgeID":"1766991","fromID":"1348856","toID":"1348858","formEdgeID":null},{"edgeID":"1766992","fromID":"1348858","toID":"1348857","formEdgeID":null},{"edgeID":"1766993","fromID":"1348861","toID":"1348860","formEdgeID":null},{"edgeID":"1766994","fromID":"1348862","toID":"1348861","formEdgeID":null},{"edgeID":"1766995","fromID":"1348860","toID":"1348863","formEdgeID":null},{"edgeID":"1766996","fromID":"1348863","toID":"1348859","formEdgeID":null},{"edgeID":"1766997","fromID":"1348852","toID":"1348864","formEdgeID":null},{"edgeID":"1766998","fromID":"1348864","toID":"1348860","formEdgeID":null},{"edgeID":"1766999","fromID":"1348859","toID":"1348865","formEdgeID":null},{"edgeID":"1767000","fromID":"1348865","toID":"1348851","formEdgeID":null},{"edgeID":"1767001","fromID":"1348864","toID":"1348866","formEdgeID":null},{"edgeID":"1767002","fromID":"1348866","toID":"1348865","formEdgeID":null},{"edgeID":"1767003","fromID":"1348869","toID":"1348868","formEdgeID":null},{"edgeID":"1767004","fromID":"1348870","toID":"1348869","formEdgeID":null},{"edgeID":"1767005","fromID":"1348868","toID":"1348871","formEdgeID":null},{"edgeID":"1767006","fromID":"1348871","toID":"1348867","formEdgeID":null},{"edgeID":"1767007","fromID":"1348860","toID":"1348872","formEdgeID":null},{"edgeID":"1767008","fromID":"1348872","toID":"1348868","formEdgeID":null},{"edgeID":"1767009","fromID":"1348859","toID":"1348873","formEdgeID":null},{"edgeID":"1767010","fromID":"1348873","toID":"1348867","formEdgeID":null},{"edgeID":"1767011","fromID":"1348872","toID":"1348874","formEdgeID":null},{"edgeID":"1767012","fromID":"1348874","toID":"1348873","formEdgeID":null},{"edgeID":"1767013","fromID":"1348877","toID":"1348876","formEdgeID":null},{"edgeID":"1767014","fromID":"1348878","toID":"1348877","formEdgeID":null},{"edgeID":"1767015","fromID":"1348876","toID":"1348879","formEdgeID":null},{"edgeID":"1767016","fromID":"1348879","toID":"1348875","formEdgeID":null},{"edgeID":"1767017","fromID":"1348868","toID":"1348880","formEdgeID":null},{"edgeID":"1767018","fromID":"1348880","toID":"1348876","formEdgeID":null},{"edgeID":"1767019","fromID":"1348883","toID":"1348882","formEdgeID":null},{"edgeID":"1767020","fromID":"1348884","toID":"1348883","formEdgeID":null},{"edgeID":"1767021","fromID":"1348882","toID":"1348885","formEdgeID":null},{"edgeID":"1767022","fromID":"1348885","toID":"1348881","formEdgeID":null},{"edgeID":"1767023","fromID":"1348888","toID":"1348887","formEdgeID":null},{"edgeID":"1767024","fromID":"1348889","toID":"1348888","formEdgeID":null},{"edgeID":"1767025","fromID":"1348887","toID":"1348890","formEdgeID":null},{"edgeID":"1767026","fromID":"1348890","toID":"1348886","formEdgeID":null},{"edgeID":"1767027","fromID":"1348882","toID":"1348891","formEdgeID":null},{"edgeID":"1767028","fromID":"1348891","toID":"1348887","formEdgeID":null},{"edgeID":"1767029","fromID":"1348894","toID":"1348893","formEdgeID":null},{"edgeID":"1767030","fromID":"1348895","toID":"1348894","formEdgeID":null},{"edgeID":"1767031","fromID":"1348893","toID":"1348896","formEdgeID":null},{"edgeID":"1767032","fromID":"1348896","toID":"1348892","formEdgeID":null},{"edgeID":"1767033","fromID":"1348876","toID":"1348897","formEdgeID":null},{"edgeID":"1767034","fromID":"1348897","toID":"1348893","formEdgeID":null},{"edgeID":"1767035","fromID":"1348875","toID":"1348898","formEdgeID":null},{"edgeID":"1767036","fromID":"1348898","toID":"1348892","formEdgeID":null},{"edgeID":"1767037","fromID":"1348897","toID":"1348899","formEdgeID":null},{"edgeID":"1767038","fromID":"1348899","toID":"1348898","formEdgeID":null},{"edgeID":"1767039","fromID":"1348881","toID":"1348900","formEdgeID":null},{"edgeID":"1767040","fromID":"1348900","toID":"1348892","formEdgeID":null},{"edgeID":"1767041","fromID":"1348893","toID":"1348901","formEdgeID":null},{"edgeID":"1767042","fromID":"1348901","toID":"1348882","formEdgeID":null},{"edgeID":"1767043","fromID":"1348901","toID":"1348902","formEdgeID":null},{"edgeID":"1767044","fromID":"1348902","toID":"1348900","formEdgeID":null},{"edgeID":"1767045","fromID":"1348886","toID":"1348903","formEdgeID":null},{"edgeID":"1767046","fromID":"1348903","toID":"1348881","formEdgeID":null},{"edgeID":"1767047","fromID":"1348891","toID":"1348904","formEdgeID":null},{"edgeID":"1767048","fromID":"1348904","toID":"1348903","formEdgeID":null},{"edgeID":"1767049","fromID":"1348907","toID":"1348906","formEdgeID":null},{"edgeID":"1767050","fromID":"1348908","toID":"1348907","formEdgeID":null},{"edgeID":"1767051","fromID":"1348906","toID":"1348909","formEdgeID":null},{"edgeID":"1767052","fromID":"1348909","toID":"1348905","formEdgeID":null},{"edgeID":"1767053","fromID":"1348887","toID":"1348910","formEdgeID":null},{"edgeID":"1767054","fromID":"1348910","toID":"1348906","formEdgeID":null},{"edgeID":"1767055","fromID":"1348905","toID":"1348911","formEdgeID":null},{"edgeID":"1767056","fromID":"1348911","toID":"1348886","formEdgeID":null},{"edgeID":"1767057","fromID":"1348910","toID":"1348912","formEdgeID":null},{"edgeID":"1767058","fromID":"1348912","toID":"1348911","formEdgeID":null},{"edgeID":"1767059","fromID":"1348915","toID":"1348914","formEdgeID":null},{"edgeID":"1767060","fromID":"1348916","toID":"1348915","formEdgeID":null},{"edgeID":"1767061","fromID":"1348914","toID":"1348917","formEdgeID":null},{"edgeID":"1767062","fromID":"1348917","toID":"1348913","formEdgeID":null},{"edgeID":"1767063","fromID":"1348906","toID":"1348918","formEdgeID":null},{"edgeID":"1767064","fromID":"1348918","toID":"1348914","formEdgeID":null},{"edgeID":"1767065","fromID":"1348913","toID":"1348919","formEdgeID":null},{"edgeID":"1767066","fromID":"1348919","toID":"1348905","formEdgeID":null},{"edgeID":"1767067","fromID":"1348918","toID":"1348920","formEdgeID":null},{"edgeID":"1767068","fromID":"1348920","toID":"1348919","formEdgeID":null},{"edgeID":"1767069","fromID":"1348923","toID":"1348922","formEdgeID":null},{"edgeID":"1767070","fromID":"1348924","toID":"1348923","formEdgeID":null},{"edgeID":"1767071","fromID":"1348922","toID":"1348925","formEdgeID":null},{"edgeID":"1767072","fromID":"1348925","toID":"1348921","formEdgeID":null},{"edgeID":"1767073","fromID":"1348928","toID":"1348927","formEdgeID":null},{"edgeID":"1767074","fromID":"1348929","toID":"1348928","formEdgeID":null},{"edgeID":"1767075","fromID":"1348927","toID":"1348930","formEdgeID":null},{"edgeID":"1767076","fromID":"1348930","toID":"1348926","formEdgeID":null},{"edgeID":"1767077","fromID":"1348922","toID":"1348931","formEdgeID":null},{"edgeID":"1767078","fromID":"1348931","toID":"1348927","formEdgeID":null},{"edgeID":"1767079","fromID":"1348921","toID":"1348932","formEdgeID":null},{"edgeID":"1767080","fromID":"1348932","toID":"1348926","formEdgeID":null},{"edgeID":"1767081","fromID":"1348931","toID":"1348933","formEdgeID":null},{"edgeID":"1767082","fromID":"1348933","toID":"1348932","formEdgeID":null},{"edgeID":"1767083","fromID":"1348926","toID":"1348934","formEdgeID":null},{"edgeID":"1767084","fromID":"1348934","toID":"1348913","formEdgeID":null},{"edgeID":"1767085","fromID":"1348914","toID":"1348935","formEdgeID":null},{"edgeID":"1767086","fromID":"1348935","toID":"1348927","formEdgeID":null},{"edgeID":"1767087","fromID":"1348935","toID":"1348936","formEdgeID":null},{"edgeID":"1767088","fromID":"1348936","toID":"1348934","formEdgeID":null},{"edgeID":"1767089","fromID":"1348939","toID":"1348938","formEdgeID":null},{"edgeID":"1767090","fromID":"1348940","toID":"1348939","formEdgeID":null},{"edgeID":"1767091","fromID":"1348942","toID":"1348941","formEdgeID":null},{"edgeID":"1767092","fromID":"1348943","toID":"1348942","formEdgeID":null},{"edgeID":"1767093","fromID":"1348941","toID":"1348944","formEdgeID":null},{"edgeID":"1767094","fromID":"1348944","toID":"1348937","formEdgeID":null},{"edgeID":"1767095","fromID":"1348938","toID":"1348945","formEdgeID":null},{"edgeID":"1767096","fromID":"1348945","toID":"1348941","formEdgeID":null},{"edgeID":"1767097","fromID":"1348927","toID":"1348946","formEdgeID":null},{"edgeID":"1767098","fromID":"1348946","toID":"1348938","formEdgeID":null},{"edgeID":"1767099","fromID":"1348949","toID":"1348948","formEdgeID":null},{"edgeID":"1767100","fromID":"1348950","toID":"1348949","formEdgeID":null},{"edgeID":"1767101","fromID":"1348948","toID":"1348951","formEdgeID":null},{"edgeID":"1767102","fromID":"1348951","toID":"1348947","formEdgeID":null},{"edgeID":"1767103","fromID":"1348938","toID":"1348952","formEdgeID":null},{"edgeID":"1767104","fromID":"1348952","toID":"1348948","formEdgeID":null},{"edgeID":"1767105","fromID":"1348937","toID":"1348953","formEdgeID":null},{"edgeID":"1767106","fromID":"1348953","toID":"1348947","formEdgeID":null},{"edgeID":"1767107","fromID":"1348952","toID":"1348954","formEdgeID":null},{"edgeID":"1767108","fromID":"1348954","toID":"1348953","formEdgeID":null},{"edgeID":"1767109","fromID":"1348957","toID":"1348956","formEdgeID":null},{"edgeID":"1767110","fromID":"1348958","toID":"1348957","formEdgeID":null},{"edgeID":"1767111","fromID":"1348956","toID":"1348959","formEdgeID":null},{"edgeID":"1767112","fromID":"1348959","toID":"1348955","formEdgeID":null},{"edgeID":"1767113","fromID":"1348948","toID":"1348960","formEdgeID":null},{"edgeID":"1767114","fromID":"1348960","toID":"1348956","formEdgeID":null}],"locutions":[]}