{"nodes":[{"nodeID":"1337116","text":"AudienceMember 20221027QT45 permanently finds it very offensive it is continually said that \"we're speaking for Scotland\"","type":"I","timestamp":"2023-11-09 13:48:43"},{"nodeID":"1337117","text":"AudienceMember 20221020QT45: I permanently find it very offensive it is continually said that we're speaking for Scotland","type":"L","timestamp":"2023-11-09 13:48:43"},{"nodeID":"1337118","text":"Analysing","type":"YA","timestamp":"2023-11-09 13:48:43"},{"nodeID":"1337119","text":"Chris: AudienceMember 20221020QT45: I permanently find it very offensive it is continually said that we're speaking for Scotland","type":"L","timestamp":"2023-11-09 13:48:43"},{"nodeID":"1337120","text":"Asserting","type":"YA","timestamp":"2023-11-09 13:48:43"},{"nodeID":"1337121","text":"John Swinney's Scotland is speaking for Scotland","type":"I","timestamp":"2023-11-09 13:48:43"},{"nodeID":"1337122","text":"AudienceMember 20221020QT45: John Swinney's Scotland is speaking for Scotland","type":"L","timestamp":"2023-11-09 13:48:43"},{"nodeID":"1337123","text":"Analysing","type":"YA","timestamp":"2023-11-09 13:48:43"},{"nodeID":"1337124","text":"Chris: AudienceMember 20221020QT45: John Swinney's Scotland is speaking for Scotland","type":"L","timestamp":"2023-11-09 13:48:43"},{"nodeID":"1337125","text":"Asserting","type":"YA","timestamp":"2023-11-09 13:48:43"},{"nodeID":"1337126","text":"you may represent us but you don't speak for each individual person here","type":"I","timestamp":"2023-11-09 13:48:44"},{"nodeID":"1337127","text":"AudienceMember 20221020QT45:  You may represent us but you don't speak for each individual person here","type":"L","timestamp":"2023-11-09 13:48:44"},{"nodeID":"1337128","text":"Analysing","type":"YA","timestamp":"2023-11-09 13:48:44"},{"nodeID":"1337129","text":"Chris: AudienceMember 20221020QT45:  You may represent us but you don't speak for each individual person here","type":"L","timestamp":"2023-11-09 13:48:44"},{"nodeID":"1337130","text":"Asserting","type":"YA","timestamp":"2023-11-09 13:48:44"},{"nodeID":"1337131","text":"the rhetoric that is used to put down the Tories -- and I'm no fan of Liz Truss and the mistakes made -- but it is better than the situation we find ourselves in in Scotland","type":"I","timestamp":"2023-11-09 13:48:45"},{"nodeID":"1337132","text":"AudienceMember 20221020QT45: The rhetoric that is used to put down the Tories -- and I'm no fan of her and the mistakes made -- but it is better than the situation we find ourselves in in Scotland","type":"L","timestamp":"2023-11-09 13:48:45"},{"nodeID":"1337133","text":"Analysing","type":"YA","timestamp":"2023-11-09 13:48:45"},{"nodeID":"1337134","text":"Chris: AudienceMember 20221020QT45: The rhetoric that is used to put down the Tories -- and I'm no fan of her and the mistakes made -- but it is better than the situation we find ourselves in in Scotland","type":"L","timestamp":"2023-11-09 13:48:45"},{"nodeID":"1337135","text":"Asserting","type":"YA","timestamp":"2023-11-09 13:48:45"},{"nodeID":"1337136","text":"Scotland has a leader that constantly uses negative terminology, barrages that about and we're supposed to accept it because the majority of Scotland are supposedly SNP","type":"I","timestamp":"2023-11-09 13:48:46"},{"nodeID":"1337137","text":"AudienceMember 20221020QT45: we have a leader that constantly uses negative terminology, barrages that about and we're supposed to accept it because the majority of Scotland are supposedly SNP","type":"L","timestamp":"2023-11-09 13:48:46"},{"nodeID":"1337138","text":"Analysing","type":"YA","timestamp":"2023-11-09 13:48:46"},{"nodeID":"1337139","text":"Chris: AudienceMember 20221020QT45: we have a leader that constantly uses negative terminology, barrages that about and we're supposed to accept it because the majority of Scotland are supposedly SNP","type":"L","timestamp":"2023-11-09 13:48:46"},{"nodeID":"1337140","text":"Asserting","type":"YA","timestamp":"2023-11-09 13:48:46"},{"nodeID":"1337141","text":"please stop speaking for the majority of us","type":"I","timestamp":"2023-11-09 13:48:47"},{"nodeID":"1337142","text":"AudienceMember 20221020QT45: Please stop speaking for the majority of us","type":"L","timestamp":"2023-11-09 13:48:47"},{"nodeID":"1337143","text":"Analysing","type":"YA","timestamp":"2023-11-09 13:48:47"},{"nodeID":"1337144","text":"Chris: AudienceMember 20221020QT45: Please stop speaking for the majority of us","type":"L","timestamp":"2023-11-09 13:48:47"},{"nodeID":"1337145","text":"Asserting","type":"YA","timestamp":"2023-11-09 13:48:47"},{"nodeID":"1337146","text":"you do not represent every one of us","type":"I","timestamp":"2023-11-09 13:48:47"},{"nodeID":"1337147","text":"AudienceMember 20221020QT45: You do not represent every one of us","type":"L","timestamp":"2023-11-09 13:48:47"},{"nodeID":"1337148","text":"Analysing","type":"YA","timestamp":"2023-11-09 13:48:47"},{"nodeID":"1337149","text":"Chris: AudienceMember 20221020QT45: You do not represent every one of us","type":"L","timestamp":"2023-11-09 13:48:47"},{"nodeID":"1337150","text":"Asserting","type":"YA","timestamp":"2023-11-09 13:48:47"},{"nodeID":"1337151","text":"Default Inference","type":"RA","timestamp":"2023-11-09 13:48:47"},{"nodeID":"1337152","text":"Default Inference","type":"RA","timestamp":"2023-11-09 13:48:47"},{"nodeID":"1337153","text":"Default Transition","type":"TA","timestamp":"2023-11-09 13:48:47"},{"nodeID":"1337154","text":"Arguing","type":"YA","timestamp":"2023-11-09 13:48:47"},{"nodeID":"1337155","text":"Default Transition","type":"TA","timestamp":"2023-11-09 13:48:47"},{"nodeID":"1337156","text":"Arguing","type":"YA","timestamp":"2023-11-09 13:48:47"},{"nodeID":"1337157","text":"Default Rephrase","type":"MA","timestamp":"2023-11-09 13:48:47"},{"nodeID":"1337158","text":"Default Transition","type":"TA","timestamp":"2023-11-09 13:48:47"},{"nodeID":"1337159","text":"Restating","type":"YA","timestamp":"2023-11-09 13:48:47"},{"nodeID":"1337160","text":"Default Rephrase","type":"MA","timestamp":"2023-11-09 13:48:47"},{"nodeID":"1337161","text":"Default Transition","type":"TA","timestamp":"2023-11-09 13:48:47"},{"nodeID":"1337162","text":"Restating","type":"YA","timestamp":"2023-11-09 13:48:47"},{"nodeID":"1337163","text":"Default Transition","type":"TA","timestamp":"2023-11-09 13:48:47"},{"nodeID":"1337164","text":"Default Transition","type":"TA","timestamp":"2023-11-09 13:48:47"},{"nodeID":"1337165","text":"Default Transition","type":"TA","timestamp":"2023-11-09 13:48:47"},{"nodeID":"1337166","text":"Default Transition","type":"TA","timestamp":"2023-11-09 13:48:47"},{"nodeID":"1337167","text":"AudienceMember 20221027QT46 doesn't believe that was a slip","type":"I","timestamp":"2023-11-09 13:48:48"},{"nodeID":"1337168","text":"AudienceMember 20221020QT46:  I don't believe that was a slip","type":"L","timestamp":"2023-11-09 13:48:48"},{"nodeID":"1337169","text":"Analysing","type":"YA","timestamp":"2023-11-09 13:48:48"},{"nodeID":"1337170","text":"Chris: AudienceMember 20221020QT46:  I don't believe that was a slip","type":"L","timestamp":"2023-11-09 13:48:48"},{"nodeID":"1337171","text":"Asserting","type":"YA","timestamp":"2023-11-09 13:48:48"},{"nodeID":"1337172","text":"Default Transition","type":"TA","timestamp":"2023-11-09 13:48:48"},{"nodeID":"1337173","text":"this is a First Minister that has called Willy Rennie a pathetic attention seeker","type":"I","timestamp":"2023-11-09 13:48:49"},{"nodeID":"1337174","text":"AudienceMember 20221020QT46: This is a First Minister that has called Willy Rennie a pathetic attention seeker","type":"L","timestamp":"2023-11-09 13:48:49"},{"nodeID":"1337175","text":"Analysing","type":"YA","timestamp":"2023-11-09 13:48:49"},{"nodeID":"1337176","text":"Chris: AudienceMember 20221020QT46: This is a First Minister that has called Willy Rennie a pathetic attention seeker","type":"L","timestamp":"2023-11-09 13:48:49"},{"nodeID":"1337177","text":"Asserting","type":"YA","timestamp":"2023-11-09 13:48:49"},{"nodeID":"1337178","text":"Default Transition","type":"TA","timestamp":"2023-11-09 13:48:49"},{"nodeID":"1337179","text":"a First Minister who told the journalists she operates on a higher plane than him","type":"I","timestamp":"2023-11-09 13:48:50"},{"nodeID":"1337180","text":"AudienceMember 20221020QT46: who told the journalists she operates on a higher plane than him","type":"L","timestamp":"2023-11-09 13:48:50"},{"nodeID":"1337181","text":"Analysing","type":"YA","timestamp":"2023-11-09 13:48:50"},{"nodeID":"1337182","text":"Chris: AudienceMember 20221020QT46: who told the journalists she operates on a higher plane than him","type":"L","timestamp":"2023-11-09 13:48:50"},{"nodeID":"1337183","text":"Asserting","type":"YA","timestamp":"2023-11-09 13:48:50"},{"nodeID":"1337184","text":"Default Transition","type":"TA","timestamp":"2023-11-09 13:48:50"},{"nodeID":"1337185","text":"a Party who has failed to censor MPs who used comments such as: If your God exists, may you rot in hell","type":"I","timestamp":"2023-11-09 13:48:50"},{"nodeID":"1337186","text":"AudienceMember 20221020QT46: who has failed to censor MPs who used comments such as: If your God exists, may you rot in hell","type":"L","timestamp":"2023-11-09 13:48:50"},{"nodeID":"1337187","text":"Analysing","type":"YA","timestamp":"2023-11-09 13:48:50"},{"nodeID":"1337188","text":"Chris: AudienceMember 20221020QT46: who has failed to censor MPs who used comments such as: If your God exists, may you rot in hell","type":"L","timestamp":"2023-11-09 13:48:50"},{"nodeID":"1337189","text":"Asserting","type":"YA","timestamp":"2023-11-09 13:48:50"},{"nodeID":"1337190","text":"a Party that hasn't censured posts that say you should be set on fire","type":"I","timestamp":"2023-11-09 13:48:51"},{"nodeID":"1337191","text":"AudienceMember 20221020QT46: posts that say you should be set on fire","type":"L","timestamp":"2023-11-09 13:48:51"},{"nodeID":"1337192","text":"Analysing","type":"YA","timestamp":"2023-11-09 13:48:51"},{"nodeID":"1337193","text":"Chris: AudienceMember 20221020QT46: posts that say you should be set on fire","type":"L","timestamp":"2023-11-09 13:48:51"},{"nodeID":"1337194","text":"Asserting","type":"YA","timestamp":"2023-11-09 13:48:51"},{"nodeID":"1337195","text":"perhaps, John Swinney, you should be rebranding your party: Sturgeon's nasty party","type":"I","timestamp":"2023-11-09 13:48:51"},{"nodeID":"1337196","text":"AudienceMember 20221020QT46: perhaps, John, you should be rebranding your party: Sturgeon's nasty party","type":"L","timestamp":"2023-11-09 13:48:51"},{"nodeID":"1337197","text":"Analysing","type":"YA","timestamp":"2023-11-09 13:48:51"},{"nodeID":"1337198","text":"Chris: AudienceMember 20221020QT46: perhaps, John, you should be rebranding your party: Sturgeon's nasty party","type":"L","timestamp":"2023-11-09 13:48:51"},{"nodeID":"1337199","text":"Assertive Challenging","type":"YA","timestamp":"2023-11-09 13:48:51"},{"nodeID":"1337200","text":"Default Inference","type":"RA","timestamp":"2023-11-09 13:48:51"},{"nodeID":"1337201","text":"Default Inference","type":"RA","timestamp":"2023-11-09 13:48:51"},{"nodeID":"1337202","text":"Default Inference","type":"RA","timestamp":"2023-11-09 13:48:51"},{"nodeID":"1337203","text":"Default Transition","type":"TA","timestamp":"2023-11-09 13:48:51"},{"nodeID":"1337204","text":"Default Transition","type":"TA","timestamp":"2023-11-09 13:48:51"},{"nodeID":"1337205","text":"Default Transition","type":"TA","timestamp":"2023-11-09 13:48:51"},{"nodeID":"1337206","text":"Default Transition","type":"TA","timestamp":"2023-11-09 13:48:51"},{"nodeID":"1337207","text":"Arguing","type":"YA","timestamp":"2023-11-09 13:48:51"},{"nodeID":"1337208","text":"Arguing","type":"YA","timestamp":"2023-11-09 13:48:51"},{"nodeID":"1337209","text":"Arguing","type":"YA","timestamp":"2023-11-09 13:48:51"},{"nodeID":"1337210","text":"it was only a few weeks ago up in Perth the nationalists were outside giving abuse and things like that","type":"I","timestamp":"2023-11-09 13:48:52"},{"nodeID":"1337211","text":"AudienceMember 20221020QT47: It was only a few weeks ago up in Perth the nationalists were outside giving abuse and things like that","type":"L","timestamp":"2023-11-09 13:48:52"},{"nodeID":"1337212","text":"Analysing","type":"YA","timestamp":"2023-11-09 13:48:52"},{"nodeID":"1337213","text":"Chris: AudienceMember 20221020QT47: It was only a few weeks ago up in Perth the nationalists were outside giving abuse and things like that","type":"L","timestamp":"2023-11-09 13:48:52"},{"nodeID":"1337214","text":"Asserting","type":"YA","timestamp":"2023-11-09 13:48:52"},{"nodeID":"1337215","text":"Nicola Sturgeon knew what she was saying, and it causes a lot of grief","type":"I","timestamp":"2023-11-09 13:48:53"},{"nodeID":"1337216","text":"AudienceMember 20221020QT47: Nicola Sturgeon knew what she was saying, but it causes a lot of grief","type":"L","timestamp":"2023-11-09 13:48:53"},{"nodeID":"1337217","text":"Analysing","type":"YA","timestamp":"2023-11-09 13:48:53"},{"nodeID":"1337218","text":"Chris: AudienceMember 20221020QT47: Nicola Sturgeon knew what she was saying, but it causes a lot of grief","type":"L","timestamp":"2023-11-09 13:48:53"},{"nodeID":"1337219","text":"Asserting","type":"YA","timestamp":"2023-11-09 13:48:53"},{"nodeID":"1337220","text":"Default Transition","type":"TA","timestamp":"2023-11-09 13:48:53"},{"nodeID":"1337221","text":"Default Transition","type":"TA","timestamp":"2023-11-09 13:48:53"},{"nodeID":"1337222","text":"Default Inference","type":"RA","timestamp":"2023-11-09 13:48:53"},{"nodeID":"1337223","text":"Restating","type":"YA","timestamp":"2023-11-09 13:48:53"}],"edges":[{"edgeID":"1752943","fromID":"1337118","toID":"1337117","formEdgeID":null},{"edgeID":"1752944","fromID":"1337119","toID":"1337118","formEdgeID":null},{"edgeID":"1752945","fromID":"1337117","toID":"1337120","formEdgeID":null},{"edgeID":"1752946","fromID":"1337120","toID":"1337116","formEdgeID":null},{"edgeID":"1752947","fromID":"1337123","toID":"1337122","formEdgeID":null},{"edgeID":"1752948","fromID":"1337124","toID":"1337123","formEdgeID":null},{"edgeID":"1752949","fromID":"1337122","toID":"1337125","formEdgeID":null},{"edgeID":"1752950","fromID":"1337125","toID":"1337121","formEdgeID":null},{"edgeID":"1752951","fromID":"1337128","toID":"1337127","formEdgeID":null},{"edgeID":"1752952","fromID":"1337129","toID":"1337128","formEdgeID":null},{"edgeID":"1752953","fromID":"1337127","toID":"1337130","formEdgeID":null},{"edgeID":"1752954","fromID":"1337130","toID":"1337126","formEdgeID":null},{"edgeID":"1752955","fromID":"1337133","toID":"1337132","formEdgeID":null},{"edgeID":"1752956","fromID":"1337134","toID":"1337133","formEdgeID":null},{"edgeID":"1752957","fromID":"1337132","toID":"1337135","formEdgeID":null},{"edgeID":"1752958","fromID":"1337135","toID":"1337131","formEdgeID":null},{"edgeID":"1752959","fromID":"1337138","toID":"1337137","formEdgeID":null},{"edgeID":"1752960","fromID":"1337139","toID":"1337138","formEdgeID":null},{"edgeID":"1752961","fromID":"1337137","toID":"1337140","formEdgeID":null},{"edgeID":"1752962","fromID":"1337140","toID":"1337136","formEdgeID":null},{"edgeID":"1752963","fromID":"1337143","toID":"1337142","formEdgeID":null},{"edgeID":"1752964","fromID":"1337144","toID":"1337143","formEdgeID":null},{"edgeID":"1752965","fromID":"1337142","toID":"1337145","formEdgeID":null},{"edgeID":"1752966","fromID":"1337145","toID":"1337141","formEdgeID":null},{"edgeID":"1752967","fromID":"1337148","toID":"1337147","formEdgeID":null},{"edgeID":"1752968","fromID":"1337149","toID":"1337148","formEdgeID":null},{"edgeID":"1752969","fromID":"1337147","toID":"1337150","formEdgeID":null},{"edgeID":"1752970","fromID":"1337150","toID":"1337146","formEdgeID":null},{"edgeID":"1752971","fromID":"1337146","toID":"1337151","formEdgeID":null},{"edgeID":"1752972","fromID":"1337151","toID":"1337141","formEdgeID":null},{"edgeID":"1752973","fromID":"1337146","toID":"1337152","formEdgeID":null},{"edgeID":"1752974","fromID":"1337152","toID":"1337116","formEdgeID":null},{"edgeID":"1752975","fromID":"1337142","toID":"1337153","formEdgeID":null},{"edgeID":"1752976","fromID":"1337153","toID":"1337147","formEdgeID":null},{"edgeID":"1752977","fromID":"1337153","toID":"1337154","formEdgeID":null},{"edgeID":"1752978","fromID":"1337154","toID":"1337151","formEdgeID":null},{"edgeID":"1752979","fromID":"1337117","toID":"1337155","formEdgeID":null},{"edgeID":"1752980","fromID":"1337155","toID":"1337147","formEdgeID":null},{"edgeID":"1752981","fromID":"1337155","toID":"1337156","formEdgeID":null},{"edgeID":"1752982","fromID":"1337156","toID":"1337152","formEdgeID":null},{"edgeID":"1752983","fromID":"1337136","toID":"1337157","formEdgeID":null},{"edgeID":"1752984","fromID":"1337157","toID":"1337131","formEdgeID":null},{"edgeID":"1752985","fromID":"1337132","toID":"1337158","formEdgeID":null},{"edgeID":"1752986","fromID":"1337158","toID":"1337137","formEdgeID":null},{"edgeID":"1752987","fromID":"1337158","toID":"1337159","formEdgeID":null},{"edgeID":"1752988","fromID":"1337159","toID":"1337157","formEdgeID":null},{"edgeID":"1752989","fromID":"1337146","toID":"1337160","formEdgeID":null},{"edgeID":"1752990","fromID":"1337160","toID":"1337126","formEdgeID":null},{"edgeID":"1752991","fromID":"1337127","toID":"1337161","formEdgeID":null},{"edgeID":"1752992","fromID":"1337161","toID":"1337147","formEdgeID":null},{"edgeID":"1752993","fromID":"1337161","toID":"1337162","formEdgeID":null},{"edgeID":"1752994","fromID":"1337162","toID":"1337160","formEdgeID":null},{"edgeID":"1752995","fromID":"1337137","toID":"1337163","formEdgeID":null},{"edgeID":"1752996","fromID":"1337163","toID":"1337142","formEdgeID":null},{"edgeID":"1752997","fromID":"1337127","toID":"1337164","formEdgeID":null},{"edgeID":"1752998","fromID":"1337164","toID":"1337132","formEdgeID":null},{"edgeID":"1752999","fromID":"1337122","toID":"1337165","formEdgeID":null},{"edgeID":"1753000","fromID":"1337165","toID":"1337127","formEdgeID":null},{"edgeID":"1753001","fromID":"1337117","toID":"1337166","formEdgeID":null},{"edgeID":"1753002","fromID":"1337166","toID":"1337122","formEdgeID":null},{"edgeID":"1753003","fromID":"1337169","toID":"1337168","formEdgeID":null},{"edgeID":"1753004","fromID":"1337170","toID":"1337169","formEdgeID":null},{"edgeID":"1753005","fromID":"1337168","toID":"1337171","formEdgeID":null},{"edgeID":"1753006","fromID":"1337171","toID":"1337167","formEdgeID":null},{"edgeID":"1753007","fromID":"1337147","toID":"1337172","formEdgeID":null},{"edgeID":"1753008","fromID":"1337172","toID":"1337168","formEdgeID":null},{"edgeID":"1753009","fromID":"1337175","toID":"1337174","formEdgeID":null},{"edgeID":"1753010","fromID":"1337176","toID":"1337175","formEdgeID":null},{"edgeID":"1753011","fromID":"1337174","toID":"1337177","formEdgeID":null},{"edgeID":"1753012","fromID":"1337177","toID":"1337173","formEdgeID":null},{"edgeID":"1753013","fromID":"1337168","toID":"1337178","formEdgeID":null},{"edgeID":"1753014","fromID":"1337178","toID":"1337174","formEdgeID":null},{"edgeID":"1753015","fromID":"1337181","toID":"1337180","formEdgeID":null},{"edgeID":"1753016","fromID":"1337182","toID":"1337181","formEdgeID":null},{"edgeID":"1753017","fromID":"1337180","toID":"1337183","formEdgeID":null},{"edgeID":"1753018","fromID":"1337183","toID":"1337179","formEdgeID":null},{"edgeID":"1753019","fromID":"1337174","toID":"1337184","formEdgeID":null},{"edgeID":"1753020","fromID":"1337184","toID":"1337180","formEdgeID":null},{"edgeID":"1753021","fromID":"1337187","toID":"1337186","formEdgeID":null},{"edgeID":"1753022","fromID":"1337188","toID":"1337187","formEdgeID":null},{"edgeID":"1753023","fromID":"1337186","toID":"1337189","formEdgeID":null},{"edgeID":"1753024","fromID":"1337189","toID":"1337185","formEdgeID":null},{"edgeID":"1753025","fromID":"1337192","toID":"1337191","formEdgeID":null},{"edgeID":"1753026","fromID":"1337193","toID":"1337192","formEdgeID":null},{"edgeID":"1753027","fromID":"1337191","toID":"1337194","formEdgeID":null},{"edgeID":"1753028","fromID":"1337194","toID":"1337190","formEdgeID":null},{"edgeID":"1753029","fromID":"1337197","toID":"1337196","formEdgeID":null},{"edgeID":"1753030","fromID":"1337198","toID":"1337197","formEdgeID":null},{"edgeID":"1753031","fromID":"1337196","toID":"1337199","formEdgeID":null},{"edgeID":"1753032","fromID":"1337199","toID":"1337195","formEdgeID":null},{"edgeID":"1753033","fromID":"1337173","toID":"1337200","formEdgeID":null},{"edgeID":"1753034","fromID":"1337200","toID":"1337167","formEdgeID":null},{"edgeID":"1753035","fromID":"1337179","toID":"1337200","formEdgeID":null},{"edgeID":"1753036","fromID":"1337185","toID":"1337200","formEdgeID":null},{"edgeID":"1753037","fromID":"1337190","toID":"1337200","formEdgeID":null},{"edgeID":"1753038","fromID":"1337195","toID":"1337201","formEdgeID":null},{"edgeID":"1753039","fromID":"1337201","toID":"1337167","formEdgeID":null},{"edgeID":"1753040","fromID":"1337190","toID":"1337202","formEdgeID":null},{"edgeID":"1753041","fromID":"1337202","toID":"1337195","formEdgeID":null},{"edgeID":"1753042","fromID":"1337185","toID":"1337202","formEdgeID":null},{"edgeID":"1753043","fromID":"1337179","toID":"1337202","formEdgeID":null},{"edgeID":"1753044","fromID":"1337173","toID":"1337202","formEdgeID":null},{"edgeID":"1753045","fromID":"1337180","toID":"1337203","formEdgeID":null},{"edgeID":"1753046","fromID":"1337203","toID":"1337186","formEdgeID":null},{"edgeID":"1753047","fromID":"1337186","toID":"1337204","formEdgeID":null},{"edgeID":"1753048","fromID":"1337204","toID":"1337191","formEdgeID":null},{"edgeID":"1753049","fromID":"1337191","toID":"1337205","formEdgeID":null},{"edgeID":"1753050","fromID":"1337205","toID":"1337196","formEdgeID":null},{"edgeID":"1753051","fromID":"1337168","toID":"1337206","formEdgeID":null},{"edgeID":"1753052","fromID":"1337206","toID":"1337196","formEdgeID":null},{"edgeID":"1753053","fromID":"1337206","toID":"1337207","formEdgeID":null},{"edgeID":"1753054","fromID":"1337207","toID":"1337201","formEdgeID":null},{"edgeID":"1753055","fromID":"1337205","toID":"1337208","formEdgeID":null},{"edgeID":"1753056","fromID":"1337208","toID":"1337202","formEdgeID":null},{"edgeID":"1753057","fromID":"1337205","toID":"1337209","formEdgeID":null},{"edgeID":"1753058","fromID":"1337209","toID":"1337200","formEdgeID":null},{"edgeID":"1753059","fromID":"1337212","toID":"1337211","formEdgeID":null},{"edgeID":"1753060","fromID":"1337213","toID":"1337212","formEdgeID":null},{"edgeID":"1753061","fromID":"1337211","toID":"1337214","formEdgeID":null},{"edgeID":"1753062","fromID":"1337214","toID":"1337210","formEdgeID":null},{"edgeID":"1753063","fromID":"1337217","toID":"1337216","formEdgeID":null},{"edgeID":"1753064","fromID":"1337218","toID":"1337217","formEdgeID":null},{"edgeID":"1753065","fromID":"1337216","toID":"1337219","formEdgeID":null},{"edgeID":"1753066","fromID":"1337219","toID":"1337215","formEdgeID":null},{"edgeID":"1753067","fromID":"1337196","toID":"1337220","formEdgeID":null},{"edgeID":"1753068","fromID":"1337220","toID":"1337216","formEdgeID":null},{"edgeID":"1753069","fromID":"1337216","toID":"1337221","formEdgeID":null},{"edgeID":"1753070","fromID":"1337221","toID":"1337211","formEdgeID":null},{"edgeID":"1753071","fromID":"1337210","toID":"1337222","formEdgeID":null},{"edgeID":"1753072","fromID":"1337222","toID":"1337215","formEdgeID":null},{"edgeID":"1753073","fromID":"1337221","toID":"1337223","formEdgeID":null},{"edgeID":"1753074","fromID":"1337223","toID":"1337222","formEdgeID":null}],"locutions":[]}