{"nodes":[{"nodeID":"1349282","text":"AudienceMember 20221027QT54 thinks xxx of the responses they heard","type":"I","timestamp":"2023-11-09 14:07:09"},{"nodeID":"1349283","text":"Fiona Bruce: what do you think of the responses you heard","type":"L","timestamp":"2023-11-09 14:07:09"},{"nodeID":"1349284","text":"Analysing","type":"YA","timestamp":"2023-11-09 14:07:09"},{"nodeID":"1349285","text":"Anon: Fiona Bruce: what do you think of the responses you heard","type":"L","timestamp":"2023-11-09 14:07:09"},{"nodeID":"1349286","text":"Pure Questioning","type":"YA","timestamp":"2023-11-09 14:07:09"},{"nodeID":"1349287","text":"AudienceMember 20221027QT54 is or is not persuaded, encouraged, disheartened","type":"I","timestamp":"2023-11-09 14:07:10"},{"nodeID":"1349288","text":"Fiona Bruce: Are you persuaded, encouraged, disheartened","type":"L","timestamp":"2023-11-09 14:07:10"},{"nodeID":"1349289","text":"Analysing","type":"YA","timestamp":"2023-11-09 14:07:10"},{"nodeID":"1349290","text":"Anon: Fiona Bruce: Are you persuaded, encouraged, disheartened","type":"L","timestamp":"2023-11-09 14:07:10"},{"nodeID":"1349291","text":"Pure Questioning","type":"YA","timestamp":"2023-11-09 14:07:10"},{"nodeID":"1349292","text":"Default Transition","type":"TA","timestamp":"2023-11-09 14:07:10"},{"nodeID":"1349293","text":"Default Rephrase","type":"MA","timestamp":"2023-11-09 14:07:10"},{"nodeID":"1349294","text":"Restating","type":"YA","timestamp":"2023-11-09 14:07:10"},{"nodeID":"1349295","text":"we need to look at long-term planning","type":"I","timestamp":"2023-11-09 14:07:11"},{"nodeID":"1349296","text":"AudienceMember 20221027QT54: we need to look at long-term planning","type":"L","timestamp":"2023-11-09 14:07:11"},{"nodeID":"1349297","text":"Anon: AudienceMember 20221027QT54: we need to look at long-term planning","type":"L","timestamp":"2023-11-09 14:07:11"},{"nodeID":"1349298","text":"Analysing","type":"YA","timestamp":"2023-11-09 14:07:11"},{"nodeID":"1349299","text":"Asserting","type":"YA","timestamp":"2023-11-09 14:07:11"},{"nodeID":"1349300","text":"Default Rephrase","type":"MA","timestamp":"2023-11-09 14:07:11"},{"nodeID":"1349301","text":"Default Transition","type":"TA","timestamp":"2023-11-09 14:07:11"},{"nodeID":"1349302","text":"Default Illocuting","type":"YA","timestamp":"2023-11-09 14:07:11"},{"nodeID":"1349303","text":"there's not a quick fix","type":"I","timestamp":"2023-11-09 14:07:11"},{"nodeID":"1349304","text":"AudienceMember 20221027QT54: I don't think there's a quick fix","type":"L","timestamp":"2023-11-09 14:07:11"},{"nodeID":"1349305","text":"Analysing","type":"YA","timestamp":"2023-11-09 14:07:11"},{"nodeID":"1349306","text":"Anon: AudienceMember 20221027QT54: I don't think there's a quick fix","type":"L","timestamp":"2023-11-09 14:07:11"},{"nodeID":"1349307","text":"Asserting","type":"YA","timestamp":"2023-11-09 14:07:11"},{"nodeID":"1349308","text":"Default Transition","type":"TA","timestamp":"2023-11-09 14:07:11"},{"nodeID":"1349309","text":"Default Inference","type":"RA","timestamp":"2023-11-09 14:07:11"},{"nodeID":"1349310","text":"Arguing","type":"YA","timestamp":"2023-11-09 14:07:11"},{"nodeID":"1349311","text":"we do or do not need to look at long-term planning in staffing","type":"I","timestamp":"2023-11-09 14:07:12"},{"nodeID":"1349312","text":"Fiona Bruce: Long-term planning in staffing","type":"L","timestamp":"2023-11-09 14:07:12"},{"nodeID":"1349313","text":"Analysing","type":"YA","timestamp":"2023-11-09 14:07:12"},{"nodeID":"1349314","text":"Anon: Fiona Bruce: Long-term planning in staffing","type":"L","timestamp":"2023-11-09 14:07:12"},{"nodeID":"1349315","text":"Pure Questioning","type":"YA","timestamp":"2023-11-09 14:07:12"},{"nodeID":"1349316","text":"Default Rephrase","type":"MA","timestamp":"2023-11-09 14:07:12"},{"nodeID":"1349317","text":"Default Transition","type":"TA","timestamp":"2023-11-09 14:07:12"},{"nodeID":"1349318","text":"Restating","type":"YA","timestamp":"2023-11-09 14:07:12"},{"nodeID":"1349319","text":"we need to look at long-term planning in staffing, training, organisation","type":"I","timestamp":"2023-11-09 14:07:13"},{"nodeID":"1349320","text":"AudienceMember 20221027QT55: Staffing, training, organisation","type":"L","timestamp":"2023-11-09 14:07:13"},{"nodeID":"1349321","text":"Analysing","type":"YA","timestamp":"2023-11-09 14:07:13"},{"nodeID":"1349322","text":"Anon: AudienceMember 20221027QT55: Staffing, training, organisation","type":"L","timestamp":"2023-11-09 14:07:13"},{"nodeID":"1349323","text":"Asserting","type":"YA","timestamp":"2023-11-09 14:07:13"},{"nodeID":"1349324","text":"Default Transition","type":"TA","timestamp":"2023-11-09 14:07:13"},{"nodeID":"1349325","text":"Default Rephrase","type":"MA","timestamp":"2023-11-09 14:07:13"},{"nodeID":"1349326","text":"Default Illocuting","type":"YA","timestamp":"2023-11-09 14:07:13"},{"nodeID":"1349327","text":"we need to look at long-term planning in everything","type":"I","timestamp":"2023-11-09 14:07:13"},{"nodeID":"1349328","text":"Fiona Bruce: Everything","type":"L","timestamp":"2023-11-09 14:07:13"},{"nodeID":"1349329","text":"Analysing","type":"YA","timestamp":"2023-11-09 14:07:13"},{"nodeID":"1349330","text":"Anon: Fiona Bruce: Everything","type":"L","timestamp":"2023-11-09 14:07:13"},{"nodeID":"1349331","text":"Asserting","type":"YA","timestamp":"2023-11-09 14:07:13"},{"nodeID":"1349332","text":"Default Transition","type":"TA","timestamp":"2023-11-09 14:07:13"},{"nodeID":"1349333","text":"Default Rephrase","type":"MA","timestamp":"2023-11-09 14:07:13"},{"nodeID":"1349334","text":"Restating","type":"YA","timestamp":"2023-11-09 14:07:13"},{"nodeID":"1349335","text":"AudienceMember 20221027QT56: I totally agree about the planning","type":"L","timestamp":"2023-11-09 14:07:13"},{"nodeID":"1349336","text":"Analysing","type":"YA","timestamp":"2023-11-09 14:07:13"},{"nodeID":"1349337","text":"Anon: AudienceMember 20221027QT56: I totally agree about the planning","type":"L","timestamp":"2023-11-09 14:07:13"},{"nodeID":"1349338","text":"Default Transition","type":"TA","timestamp":"2023-11-09 14:07:13"},{"nodeID":"1349339","text":"Agreeing","type":"YA","timestamp":"2023-11-09 14:07:13"},{"nodeID":"1349340","text":"the SNP have taken \u00a353 million out of budgets","type":"I","timestamp":"2023-11-09 14:07:14"},{"nodeID":"1349341","text":"AudienceMember 20221027QT57: The SNP have taken \u00a353 million out of budgets","type":"L","timestamp":"2023-11-09 14:07:14"},{"nodeID":"1349342","text":"Anon: AudienceMember 20221027QT57: The SNP have taken \u00a353 million out of budgets","type":"L","timestamp":"2023-11-09 14:07:14"},{"nodeID":"1349343","text":"Analysing","type":"YA","timestamp":"2023-11-09 14:07:14"},{"nodeID":"1349344","text":"Asserting","type":"YA","timestamp":"2023-11-09 14:07:14"},{"nodeID":"1349345","text":"Default Transition","type":"TA","timestamp":"2023-11-09 14:07:14"},{"nodeID":"1349346","text":"AudienceMember 20221027QT57 works in a GP practice","type":"I","timestamp":"2023-11-09 14:07:15"},{"nodeID":"1349347","text":"AudienceMember 20221027QT57: I work in a GP practice","type":"L","timestamp":"2023-11-09 14:07:15"},{"nodeID":"1349348","text":"Analysing","type":"YA","timestamp":"2023-11-09 14:07:15"},{"nodeID":"1349349","text":"Anon: AudienceMember 20221027QT57: I work in a GP practice","type":"L","timestamp":"2023-11-09 14:07:15"},{"nodeID":"1349350","text":"Asserting","type":"YA","timestamp":"2023-11-09 14:07:15"},{"nodeID":"1349351","text":"Default Transition","type":"TA","timestamp":"2023-11-09 14:07:15"},{"nodeID":"1349352","text":"what John Swinney is saying, more money is just not true","type":"I","timestamp":"2023-11-09 14:07:15"},{"nodeID":"1349353","text":"AudienceMember 20221027QT57: What you're saying, more money is just not true","type":"L","timestamp":"2023-11-09 14:07:15"},{"nodeID":"1349354","text":"Analysing","type":"YA","timestamp":"2023-11-09 14:07:15"},{"nodeID":"1349355","text":"Anon: AudienceMember 20221027QT57: What you're saying, more money is just not true","type":"L","timestamp":"2023-11-09 14:07:15"},{"nodeID":"1349356","text":"Asserting","type":"YA","timestamp":"2023-11-09 14:07:15"},{"nodeID":"1349357","text":"the money the SNP have taken away would have brought more support in GP practices","type":"I","timestamp":"2023-11-09 14:07:16"},{"nodeID":"1349358","text":"AudienceMember 20221027QT57: the money you've taken away would have brought more support in GP practices","type":"L","timestamp":"2023-11-09 14:07:16"},{"nodeID":"1349359","text":"Analysing","type":"YA","timestamp":"2023-11-09 14:07:16"},{"nodeID":"1349360","text":"Anon: AudienceMember 20221027QT57: the money you've taken away would have brought more support in GP practices","type":"L","timestamp":"2023-11-09 14:07:16"},{"nodeID":"1349361","text":"Asserting","type":"YA","timestamp":"2023-11-09 14:07:16"},{"nodeID":"1349362","text":"bringing more support in GP practices is not going to happen now","type":"I","timestamp":"2023-11-09 14:07:17"},{"nodeID":"1349363","text":"AudienceMember 20221027QT57: That's not going to happen now","type":"L","timestamp":"2023-11-09 14:07:17"},{"nodeID":"1349364","text":"Analysing","type":"YA","timestamp":"2023-11-09 14:07:17"},{"nodeID":"1349365","text":"Anon: AudienceMember 20221027QT57: That's not going to happen now","type":"L","timestamp":"2023-11-09 14:07:17"},{"nodeID":"1349366","text":"Asserting","type":"YA","timestamp":"2023-11-09 14:07:17"},{"nodeID":"1349367","text":"Default Transition","type":"TA","timestamp":"2023-11-09 14:07:17"},{"nodeID":"1349368","text":"Default Inference","type":"RA","timestamp":"2023-11-09 14:07:17"},{"nodeID":"1349369","text":"Arguing","type":"YA","timestamp":"2023-11-09 14:07:17"},{"nodeID":"1349370","text":"Default Transition","type":"TA","timestamp":"2023-11-09 14:07:17"},{"nodeID":"1349371","text":"Default Transition","type":"TA","timestamp":"2023-11-09 14:07:17"},{"nodeID":"1349372","text":"Default Inference","type":"RA","timestamp":"2023-11-09 14:07:17"},{"nodeID":"1349373","text":"Default Inference","type":"RA","timestamp":"2023-11-09 14:07:17"},{"nodeID":"1349374","text":"Arguing","type":"YA","timestamp":"2023-11-09 14:07:17"},{"nodeID":"1349375","text":"Arguing","type":"YA","timestamp":"2023-11-09 14:07:17"}],"edges":[{"edgeID":"1767493","fromID":"1349284","toID":"1349283","formEdgeID":null},{"edgeID":"1767494","fromID":"1349285","toID":"1349284","formEdgeID":null},{"edgeID":"1767495","fromID":"1349283","toID":"1349286","formEdgeID":null},{"edgeID":"1767496","fromID":"1349286","toID":"1349282","formEdgeID":null},{"edgeID":"1767497","fromID":"1349289","toID":"1349288","formEdgeID":null},{"edgeID":"1767498","fromID":"1349290","toID":"1349289","formEdgeID":null},{"edgeID":"1767499","fromID":"1349288","toID":"1349291","formEdgeID":null},{"edgeID":"1767500","fromID":"1349291","toID":"1349287","formEdgeID":null},{"edgeID":"1767501","fromID":"1349283","toID":"1349292","formEdgeID":null},{"edgeID":"1767502","fromID":"1349292","toID":"1349288","formEdgeID":null},{"edgeID":"1767503","fromID":"1349287","toID":"1349293","formEdgeID":null},{"edgeID":"1767504","fromID":"1349293","toID":"1349282","formEdgeID":null},{"edgeID":"1767505","fromID":"1349292","toID":"1349294","formEdgeID":null},{"edgeID":"1767506","fromID":"1349294","toID":"1349293","formEdgeID":null},{"edgeID":"1767507","fromID":"1349298","toID":"1349296","formEdgeID":null},{"edgeID":"1767508","fromID":"1349297","toID":"1349298","formEdgeID":null},{"edgeID":"1767509","fromID":"1349299","toID":"1349295","formEdgeID":null},{"edgeID":"1767510","fromID":"1349296","toID":"1349299","formEdgeID":null},{"edgeID":"1767511","fromID":"1349295","toID":"1349300","formEdgeID":null},{"edgeID":"1767512","fromID":"1349300","toID":"1349282","formEdgeID":null},{"edgeID":"1767513","fromID":"1349283","toID":"1349301","formEdgeID":null},{"edgeID":"1767514","fromID":"1349301","toID":"1349296","formEdgeID":null},{"edgeID":"1767515","fromID":"1349301","toID":"1349302","formEdgeID":null},{"edgeID":"1767516","fromID":"1349302","toID":"1349300","formEdgeID":null},{"edgeID":"1767517","fromID":"1349305","toID":"1349304","formEdgeID":null},{"edgeID":"1767518","fromID":"1349306","toID":"1349305","formEdgeID":null},{"edgeID":"1767519","fromID":"1349304","toID":"1349307","formEdgeID":null},{"edgeID":"1767520","fromID":"1349307","toID":"1349303","formEdgeID":null},{"edgeID":"1767521","fromID":"1349296","toID":"1349308","formEdgeID":null},{"edgeID":"1767522","fromID":"1349308","toID":"1349304","formEdgeID":null},{"edgeID":"1767523","fromID":"1349303","toID":"1349309","formEdgeID":null},{"edgeID":"1767524","fromID":"1349309","toID":"1349295","formEdgeID":null},{"edgeID":"1767525","fromID":"1349308","toID":"1349310","formEdgeID":null},{"edgeID":"1767526","fromID":"1349310","toID":"1349309","formEdgeID":null},{"edgeID":"1767527","fromID":"1349313","toID":"1349312","formEdgeID":null},{"edgeID":"1767528","fromID":"1349314","toID":"1349313","formEdgeID":null},{"edgeID":"1767529","fromID":"1349312","toID":"1349315","formEdgeID":null},{"edgeID":"1767530","fromID":"1349315","toID":"1349311","formEdgeID":null},{"edgeID":"1767531","fromID":"1349311","toID":"1349316","formEdgeID":null},{"edgeID":"1767532","fromID":"1349316","toID":"1349295","formEdgeID":null},{"edgeID":"1767533","fromID":"1349296","toID":"1349317","formEdgeID":null},{"edgeID":"1767534","fromID":"1349317","toID":"1349312","formEdgeID":null},{"edgeID":"1767535","fromID":"1349317","toID":"1349318","formEdgeID":null},{"edgeID":"1767536","fromID":"1349318","toID":"1349316","formEdgeID":null},{"edgeID":"1767537","fromID":"1349321","toID":"1349320","formEdgeID":null},{"edgeID":"1767538","fromID":"1349322","toID":"1349321","formEdgeID":null},{"edgeID":"1767539","fromID":"1349320","toID":"1349323","formEdgeID":null},{"edgeID":"1767540","fromID":"1349323","toID":"1349319","formEdgeID":null},{"edgeID":"1767541","fromID":"1349312","toID":"1349324","formEdgeID":null},{"edgeID":"1767542","fromID":"1349324","toID":"1349320","formEdgeID":null},{"edgeID":"1767543","fromID":"1349319","toID":"1349325","formEdgeID":null},{"edgeID":"1767544","fromID":"1349325","toID":"1349311","formEdgeID":null},{"edgeID":"1767545","fromID":"1349324","toID":"1349326","formEdgeID":null},{"edgeID":"1767546","fromID":"1349326","toID":"1349325","formEdgeID":null},{"edgeID":"1767547","fromID":"1349329","toID":"1349328","formEdgeID":null},{"edgeID":"1767548","fromID":"1349330","toID":"1349329","formEdgeID":null},{"edgeID":"1767549","fromID":"1349328","toID":"1349331","formEdgeID":null},{"edgeID":"1767550","fromID":"1349331","toID":"1349327","formEdgeID":null},{"edgeID":"1767551","fromID":"1349320","toID":"1349332","formEdgeID":null},{"edgeID":"1767552","fromID":"1349332","toID":"1349328","formEdgeID":null},{"edgeID":"1767553","fromID":"1349327","toID":"1349333","formEdgeID":null},{"edgeID":"1767554","fromID":"1349333","toID":"1349319","formEdgeID":null},{"edgeID":"1767555","fromID":"1349332","toID":"1349334","formEdgeID":null},{"edgeID":"1767556","fromID":"1349334","toID":"1349333","formEdgeID":null},{"edgeID":"1767557","fromID":"1349336","toID":"1349335","formEdgeID":null},{"edgeID":"1767558","fromID":"1349337","toID":"1349336","formEdgeID":null},{"edgeID":"1767559","fromID":"1349328","toID":"1349338","formEdgeID":null},{"edgeID":"1767560","fromID":"1349338","toID":"1349335","formEdgeID":null},{"edgeID":"1767561","fromID":"1349338","toID":"1349339","formEdgeID":null},{"edgeID":"1767562","fromID":"1349339","toID":"1349295","formEdgeID":null},{"edgeID":"1767563","fromID":"1349342","toID":"1349343","formEdgeID":null},{"edgeID":"1767564","fromID":"1349343","toID":"1349341","formEdgeID":null},{"edgeID":"1767565","fromID":"1349344","toID":"1349340","formEdgeID":null},{"edgeID":"1767566","fromID":"1349341","toID":"1349344","formEdgeID":null},{"edgeID":"1767567","fromID":"1349335","toID":"1349345","formEdgeID":null},{"edgeID":"1767568","fromID":"1349345","toID":"1349341","formEdgeID":null},{"edgeID":"1767569","fromID":"1349348","toID":"1349347","formEdgeID":null},{"edgeID":"1767570","fromID":"1349349","toID":"1349348","formEdgeID":null},{"edgeID":"1767571","fromID":"1349347","toID":"1349350","formEdgeID":null},{"edgeID":"1767572","fromID":"1349350","toID":"1349346","formEdgeID":null},{"edgeID":"1767573","fromID":"1349341","toID":"1349351","formEdgeID":null},{"edgeID":"1767574","fromID":"1349351","toID":"1349347","formEdgeID":null},{"edgeID":"1767575","fromID":"1349354","toID":"1349353","formEdgeID":null},{"edgeID":"1767576","fromID":"1349355","toID":"1349354","formEdgeID":null},{"edgeID":"1767577","fromID":"1349353","toID":"1349356","formEdgeID":null},{"edgeID":"1767578","fromID":"1349356","toID":"1349352","formEdgeID":null},{"edgeID":"1767579","fromID":"1349359","toID":"1349358","formEdgeID":null},{"edgeID":"1767580","fromID":"1349360","toID":"1349359","formEdgeID":null},{"edgeID":"1767581","fromID":"1349358","toID":"1349361","formEdgeID":null},{"edgeID":"1767582","fromID":"1349361","toID":"1349357","formEdgeID":null},{"edgeID":"1767583","fromID":"1349364","toID":"1349363","formEdgeID":null},{"edgeID":"1767584","fromID":"1349365","toID":"1349364","formEdgeID":null},{"edgeID":"1767585","fromID":"1349363","toID":"1349366","formEdgeID":null},{"edgeID":"1767586","fromID":"1349366","toID":"1349362","formEdgeID":null},{"edgeID":"1767587","fromID":"1349358","toID":"1349367","formEdgeID":null},{"edgeID":"1767588","fromID":"1349367","toID":"1349363","formEdgeID":null},{"edgeID":"1767589","fromID":"1349357","toID":"1349368","formEdgeID":null},{"edgeID":"1767590","fromID":"1349368","toID":"1349362","formEdgeID":null},{"edgeID":"1767591","fromID":"1349367","toID":"1349369","formEdgeID":null},{"edgeID":"1767592","fromID":"1349369","toID":"1349368","formEdgeID":null},{"edgeID":"1767593","fromID":"1349341","toID":"1349370","formEdgeID":null},{"edgeID":"1767594","fromID":"1349370","toID":"1349353","formEdgeID":null},{"edgeID":"1767595","fromID":"1349347","toID":"1349371","formEdgeID":null},{"edgeID":"1767596","fromID":"1349371","toID":"1349358","formEdgeID":null},{"edgeID":"1767597","fromID":"1349340","toID":"1349372","formEdgeID":null},{"edgeID":"1767598","fromID":"1349372","toID":"1349352","formEdgeID":null},{"edgeID":"1767599","fromID":"1349346","toID":"1349373","formEdgeID":null},{"edgeID":"1767600","fromID":"1349373","toID":"1349357","formEdgeID":null},{"edgeID":"1767601","fromID":"1349370","toID":"1349374","formEdgeID":null},{"edgeID":"1767602","fromID":"1349374","toID":"1349372","formEdgeID":null},{"edgeID":"1767603","fromID":"1349371","toID":"1349375","formEdgeID":null},{"edgeID":"1767604","fromID":"1349375","toID":"1349373","formEdgeID":null},{"edgeID":"1767605","fromID":"1349346","toID":"1349372","formEdgeID":null},{"edgeID":"1767606","fromID":"1349347","toID":"1349370","formEdgeID":null}],"locutions":[]}