{"nodes":[{"nodeID":"1334078","text":"Douglas Ross thinks Liz Truss should stay in the job","type":"I","timestamp":"2023-11-09 13:43:16"},{"nodeID":"1334079","text":"Fiona Bruce: You think she should stay in the job","type":"L","timestamp":"2023-11-09 13:43:16"},{"nodeID":"1334080","text":"Analysing","type":"YA","timestamp":"2023-11-09 13:43:16"},{"nodeID":"1334081","text":"Tuuli: Fiona Bruce: You think she should stay in the job","type":"L","timestamp":"2023-11-09 13:43:16"},{"nodeID":"1334082","text":"Assertive Questioning","type":"YA","timestamp":"2023-11-09 13:43:16"},{"nodeID":"1334083","text":"Douglas Ross: yes, I do","type":"L","timestamp":"2023-11-09 13:43:16"},{"nodeID":"1334084","text":"Analysing","type":"YA","timestamp":"2023-11-09 13:43:16"},{"nodeID":"1334085","text":"Tuuli: Douglas Ross: yes, I do","type":"L","timestamp":"2023-11-09 13:43:16"},{"nodeID":"1334086","text":"Agreeing","type":"YA","timestamp":"2023-11-09 13:43:16"},{"nodeID":"1334087","text":"Default Transition","type":"TA","timestamp":"2023-11-09 13:43:16"},{"nodeID":"1334088","text":"the job has not gone as Liz Truss and the chancellor hoped","type":"I","timestamp":"2023-11-09 13:43:16"},{"nodeID":"1334089","text":"Douglas Ross: has not gone as she and the chancellor hoped","type":"L","timestamp":"2023-11-09 13:43:16"},{"nodeID":"1334090","text":"Analysing","type":"YA","timestamp":"2023-11-09 13:43:16"},{"nodeID":"1334091","text":"Tuuli: Douglas Ross: has not gone as she and the chancellor hoped","type":"L","timestamp":"2023-11-09 13:43:16"},{"nodeID":"1334092","text":"Asserting","type":"YA","timestamp":"2023-11-09 13:43:16"},{"nodeID":"1334093","text":"Default Transition","type":"TA","timestamp":"2023-11-09 13:43:16"},{"nodeID":"1334094","text":"the interventions were to grow the economy","type":"I","timestamp":"2023-11-09 13:43:17"},{"nodeID":"1334095","text":"Douglas Ross: The interventions were to grow the economy","type":"L","timestamp":"2023-11-09 13:43:17"},{"nodeID":"1334096","text":"Analysing","type":"YA","timestamp":"2023-11-09 13:43:17"},{"nodeID":"1334097","text":"Tuuli: Douglas Ross: The interventions were to grow the economy","type":"L","timestamp":"2023-11-09 13:43:17"},{"nodeID":"1334098","text":"Asserting","type":"YA","timestamp":"2023-11-09 13:43:17"},{"nodeID":"1334099","text":"Default Transition","type":"TA","timestamp":"2023-11-09 13:43:17"},{"nodeID":"1334100","text":"the interventions were to crucially help people with bills this and next winter","type":"I","timestamp":"2023-11-09 13:43:18"},{"nodeID":"1334101","text":"Douglas Ross: crucially help people with bills this and next winter","type":"L","timestamp":"2023-11-09 13:43:18"},{"nodeID":"1334102","text":"Analysing","type":"YA","timestamp":"2023-11-09 13:43:18"},{"nodeID":"1334103","text":"Tuuli: Douglas Ross: crucially help people with bills this and next winter","type":"L","timestamp":"2023-11-09 13:43:18"},{"nodeID":"1334104","text":"Asserting","type":"YA","timestamp":"2023-11-09 13:43:18"},{"nodeID":"1334105","text":"Default Transition","type":"TA","timestamp":"2023-11-09 13:43:18"},{"nodeID":"1334106","text":"Default Inference","type":"RA","timestamp":"2023-11-09 13:43:18"},{"nodeID":"1334107","text":"Default Rephrase","type":"MA","timestamp":"2023-11-09 13:43:18"},{"nodeID":"1334108","text":"Restating","type":"YA","timestamp":"2023-11-09 13:43:18"},{"nodeID":"1334109","text":"Arguing","type":"YA","timestamp":"2023-11-09 13:43:18"},{"nodeID":"1334110","text":"people will be seeing bill levels go up to unaffordable for many","type":"I","timestamp":"2023-11-09 13:43:18"},{"nodeID":"1334111","text":"Douglas Ross: People will be seeing levels go up to unaffordable for many","type":"L","timestamp":"2023-11-09 13:43:18"},{"nodeID":"1334112","text":"Analysing","type":"YA","timestamp":"2023-11-09 13:43:18"},{"nodeID":"1334113","text":"Tuuli: Douglas Ross: People will be seeing levels go up to unaffordable for many","type":"L","timestamp":"2023-11-09 13:43:18"},{"nodeID":"1334114","text":"Asserting","type":"YA","timestamp":"2023-11-09 13:43:18"},{"nodeID":"1334115","text":"Default Transition","type":"TA","timestamp":"2023-11-09 13:43:18"},{"nodeID":"1334116","text":"Default Inference","type":"RA","timestamp":"2023-11-09 13:43:18"},{"nodeID":"1334117","text":"Douglas Ross understands that bill levels will go up to unaffordable for many","type":"I","timestamp":"2023-11-09 13:43:19"},{"nodeID":"1334118","text":"Douglas Ross: I understand that","type":"L","timestamp":"2023-11-09 13:43:19"},{"nodeID":"1334119","text":"Analysing","type":"YA","timestamp":"2023-11-09 13:43:19"},{"nodeID":"1334120","text":"Tuuli: Douglas Ross: I understand that","type":"L","timestamp":"2023-11-09 13:43:19"},{"nodeID":"1334121","text":"Asserting","type":"YA","timestamp":"2023-11-09 13:43:19"},{"nodeID":"1334122","text":"Default Transition","type":"TA","timestamp":"2023-11-09 13:43:19"},{"nodeID":"1334123","text":"but we had to help","type":"I","timestamp":"2023-11-09 13:43:20"},{"nodeID":"1334124","text":"Douglas Ross: But we had to help","type":"L","timestamp":"2023-11-09 13:43:20"},{"nodeID":"1334125","text":"Analysing","type":"YA","timestamp":"2023-11-09 13:43:20"},{"nodeID":"1334126","text":"Tuuli: Douglas Ross: But we had to help","type":"L","timestamp":"2023-11-09 13:43:20"},{"nodeID":"1334127","text":"Asserting","type":"YA","timestamp":"2023-11-09 13:43:20"},{"nodeID":"1334128","text":"Default Transition","type":"TA","timestamp":"2023-11-09 13:43:20"},{"nodeID":"1334129","text":"Default Rephrase","type":"MA","timestamp":"2023-11-09 13:43:20"},{"nodeID":"1334130","text":"Restating","type":"YA","timestamp":"2023-11-09 13:43:20"},{"nodeID":"1334131","text":"Default Conflict","type":"CA","timestamp":"2023-11-09 13:43:20"},{"nodeID":"1334132","text":"Disagreeing","type":"YA","timestamp":"2023-11-09 13:43:20"},{"nodeID":"1334133","text":"the energy assistance package has been welcomed","type":"I","timestamp":"2023-11-09 13:43:20"},{"nodeID":"1334134","text":"John Swinney: The energy assistance package has been welcomed","type":"L","timestamp":"2023-11-09 13:43:20"},{"nodeID":"1334135","text":"Analysing","type":"YA","timestamp":"2023-11-09 13:43:20"},{"nodeID":"1334136","text":"Tuuli: John Swinney: The energy assistance package has been welcomed","type":"L","timestamp":"2023-11-09 13:43:20"},{"nodeID":"1334137","text":"Asserting","type":"YA","timestamp":"2023-11-09 13:43:20"},{"nodeID":"1334138","text":"Default Transition","type":"TA","timestamp":"2023-11-09 13:43:20"},{"nodeID":"1334139","text":"people are living in terror about the energy costs","type":"I","timestamp":"2023-11-09 13:43:21"},{"nodeID":"1334140","text":"John Swinney: people are living in terror about the energy costs","type":"L","timestamp":"2023-11-09 13:43:21"},{"nodeID":"1334141","text":"Analysing","type":"YA","timestamp":"2023-11-09 13:43:21"},{"nodeID":"1334142","text":"Tuuli: John Swinney: people are living in terror about the energy costs","type":"L","timestamp":"2023-11-09 13:43:21"},{"nodeID":"1334143","text":"Asserting","type":"YA","timestamp":"2023-11-09 13:43:21"},{"nodeID":"1334144","text":"Default Transition","type":"TA","timestamp":"2023-11-09 13:43:21"},{"nodeID":"1334145","text":"Default Inference","type":"RA","timestamp":"2023-11-09 13:43:21"},{"nodeID":"1334146","text":"mortgage costs going up is a direct consequence of the folly of the mini budget","type":"I","timestamp":"2023-11-09 13:43:22"},{"nodeID":"1334147","text":"John Swinney: a direct consequence of the folly of the mini budget","type":"L","timestamp":"2023-11-09 13:43:22"},{"nodeID":"1334148","text":"Analysing","type":"YA","timestamp":"2023-11-09 13:43:22"},{"nodeID":"1334149","text":"Tuuli: John Swinney: a direct consequence of the folly of the mini budget","type":"L","timestamp":"2023-11-09 13:43:22"},{"nodeID":"1334150","text":"Asserting","type":"YA","timestamp":"2023-11-09 13:43:22"},{"nodeID":"1334151","text":"Arguing","type":"YA","timestamp":"2023-11-09 13:43:22"},{"nodeID":"1334152","text":"people are living in terror about more, the mortgage costs going up","type":"I","timestamp":"2023-11-09 13:43:22"},{"nodeID":"1334153","text":"John Swinney: people are living in terror about more, the mortgage costs going up","type":"L","timestamp":"2023-11-09 13:43:22"},{"nodeID":"1334154","text":"Analysing","type":"YA","timestamp":"2023-11-09 13:43:22"},{"nodeID":"1334155","text":"Tuuli: John Swinney: people are living in terror about more, the mortgage costs going up","type":"L","timestamp":"2023-11-09 13:43:22"},{"nodeID":"1334156","text":"Asserting","type":"YA","timestamp":"2023-11-09 13:43:22"},{"nodeID":"1334157","text":"Default Transition","type":"TA","timestamp":"2023-11-09 13:43:22"},{"nodeID":"1334158","text":"Default Transition","type":"TA","timestamp":"2023-11-09 13:43:22"},{"nodeID":"1334159","text":"Default Conflict","type":"CA","timestamp":"2023-11-09 13:43:22"},{"nodeID":"1334160","text":"Disagreeing","type":"YA","timestamp":"2023-11-09 13:43:22"},{"nodeID":"1334161","text":"Default Rephrase","type":"MA","timestamp":"2023-11-09 13:43:22"},{"nodeID":"1334162","text":"Restating","type":"YA","timestamp":"2023-11-09 13:43:22"},{"nodeID":"1334163","text":"Arguing","type":"YA","timestamp":"2023-11-09 13:43:22"}],"edges":[{"edgeID":"1749297","fromID":"1334080","toID":"1334079","formEdgeID":null},{"edgeID":"1749298","fromID":"1334081","toID":"1334080","formEdgeID":null},{"edgeID":"1749299","fromID":"1334079","toID":"1334082","formEdgeID":null},{"edgeID":"1749300","fromID":"1334082","toID":"1334078","formEdgeID":null},{"edgeID":"1749301","fromID":"1334084","toID":"1334083","formEdgeID":null},{"edgeID":"1749302","fromID":"1334085","toID":"1334084","formEdgeID":null},{"edgeID":"1749303","fromID":"1334083","toID":"1334086","formEdgeID":null},{"edgeID":"1749304","fromID":"1334086","toID":"1334078","formEdgeID":null},{"edgeID":"1749305","fromID":"1334079","toID":"1334087","formEdgeID":null},{"edgeID":"1749306","fromID":"1334087","toID":"1334083","formEdgeID":null},{"edgeID":"1749307","fromID":"1334090","toID":"1334089","formEdgeID":null},{"edgeID":"1749308","fromID":"1334091","toID":"1334090","formEdgeID":null},{"edgeID":"1749309","fromID":"1334089","toID":"1334092","formEdgeID":null},{"edgeID":"1749310","fromID":"1334092","toID":"1334088","formEdgeID":null},{"edgeID":"1749311","fromID":"1334083","toID":"1334093","formEdgeID":null},{"edgeID":"1749312","fromID":"1334093","toID":"1334089","formEdgeID":null},{"edgeID":"1749313","fromID":"1334096","toID":"1334095","formEdgeID":null},{"edgeID":"1749314","fromID":"1334097","toID":"1334096","formEdgeID":null},{"edgeID":"1749315","fromID":"1334095","toID":"1334098","formEdgeID":null},{"edgeID":"1749316","fromID":"1334098","toID":"1334094","formEdgeID":null},{"edgeID":"1749317","fromID":"1334089","toID":"1334099","formEdgeID":null},{"edgeID":"1749318","fromID":"1334099","toID":"1334095","formEdgeID":null},{"edgeID":"1749319","fromID":"1334102","toID":"1334101","formEdgeID":null},{"edgeID":"1749320","fromID":"1334103","toID":"1334102","formEdgeID":null},{"edgeID":"1749321","fromID":"1334101","toID":"1334104","formEdgeID":null},{"edgeID":"1749322","fromID":"1334104","toID":"1334100","formEdgeID":null},{"edgeID":"1749323","fromID":"1334095","toID":"1334105","formEdgeID":null},{"edgeID":"1749324","fromID":"1334105","toID":"1334101","formEdgeID":null},{"edgeID":"1749325","fromID":"1334094","toID":"1334106","formEdgeID":null},{"edgeID":"1749326","fromID":"1334106","toID":"1334088","formEdgeID":null},{"edgeID":"1749327","fromID":"1334100","toID":"1334107","formEdgeID":null},{"edgeID":"1749328","fromID":"1334107","toID":"1334094","formEdgeID":null},{"edgeID":"1749329","fromID":"1334105","toID":"1334108","formEdgeID":null},{"edgeID":"1749330","fromID":"1334108","toID":"1334107","formEdgeID":null},{"edgeID":"1749331","fromID":"1334099","toID":"1334109","formEdgeID":null},{"edgeID":"1749332","fromID":"1334109","toID":"1334106","formEdgeID":null},{"edgeID":"1749333","fromID":"1334112","toID":"1334111","formEdgeID":null},{"edgeID":"1749334","fromID":"1334113","toID":"1334112","formEdgeID":null},{"edgeID":"1749335","fromID":"1334111","toID":"1334114","formEdgeID":null},{"edgeID":"1749336","fromID":"1334114","toID":"1334110","formEdgeID":null},{"edgeID":"1749337","fromID":"1334101","toID":"1334115","formEdgeID":null},{"edgeID":"1749338","fromID":"1334115","toID":"1334111","formEdgeID":null},{"edgeID":"1749339","fromID":"1334110","toID":"1334116","formEdgeID":null},{"edgeID":"1749340","fromID":"1334116","toID":"1334100","formEdgeID":null},{"edgeID":"1749341","fromID":"1334119","toID":"1334118","formEdgeID":null},{"edgeID":"1749342","fromID":"1334120","toID":"1334119","formEdgeID":null},{"edgeID":"1749343","fromID":"1334118","toID":"1334121","formEdgeID":null},{"edgeID":"1749344","fromID":"1334121","toID":"1334117","formEdgeID":null},{"edgeID":"1749345","fromID":"1334111","toID":"1334122","formEdgeID":null},{"edgeID":"1749346","fromID":"1334122","toID":"1334118","formEdgeID":null},{"edgeID":"1749347","fromID":"1334125","toID":"1334124","formEdgeID":null},{"edgeID":"1749348","fromID":"1334126","toID":"1334125","formEdgeID":null},{"edgeID":"1749349","fromID":"1334124","toID":"1334127","formEdgeID":null},{"edgeID":"1749350","fromID":"1334127","toID":"1334123","formEdgeID":null},{"edgeID":"1749351","fromID":"1334118","toID":"1334128","formEdgeID":null},{"edgeID":"1749352","fromID":"1334128","toID":"1334124","formEdgeID":null},{"edgeID":"1749353","fromID":"1334117","toID":"1334129","formEdgeID":null},{"edgeID":"1749354","fromID":"1334129","toID":"1334110","formEdgeID":null},{"edgeID":"1749355","fromID":"1334122","toID":"1334130","formEdgeID":null},{"edgeID":"1749356","fromID":"1334130","toID":"1334129","formEdgeID":null},{"edgeID":"1749357","fromID":"1334123","toID":"1334131","formEdgeID":null},{"edgeID":"1749358","fromID":"1334131","toID":"1334117","formEdgeID":null},{"edgeID":"1749359","fromID":"1334128","toID":"1334132","formEdgeID":null},{"edgeID":"1749360","fromID":"1334132","toID":"1334131","formEdgeID":null},{"edgeID":"1749361","fromID":"1334135","toID":"1334134","formEdgeID":null},{"edgeID":"1749362","fromID":"1334136","toID":"1334135","formEdgeID":null},{"edgeID":"1749363","fromID":"1334134","toID":"1334137","formEdgeID":null},{"edgeID":"1749364","fromID":"1334137","toID":"1334133","formEdgeID":null},{"edgeID":"1749365","fromID":"1334124","toID":"1334138","formEdgeID":null},{"edgeID":"1749366","fromID":"1334138","toID":"1334134","formEdgeID":null},{"edgeID":"1749367","fromID":"1334141","toID":"1334140","formEdgeID":null},{"edgeID":"1749368","fromID":"1334142","toID":"1334141","formEdgeID":null},{"edgeID":"1749369","fromID":"1334140","toID":"1334143","formEdgeID":null},{"edgeID":"1749370","fromID":"1334143","toID":"1334139","formEdgeID":null},{"edgeID":"1749371","fromID":"1334134","toID":"1334144","formEdgeID":null},{"edgeID":"1749372","fromID":"1334144","toID":"1334140","formEdgeID":null},{"edgeID":"1749373","fromID":"1334139","toID":"1334145","formEdgeID":null},{"edgeID":"1749374","fromID":"1334145","toID":"1334133","formEdgeID":null},{"edgeID":"1749375","fromID":"1334148","toID":"1334147","formEdgeID":null},{"edgeID":"1749376","fromID":"1334149","toID":"1334148","formEdgeID":null},{"edgeID":"1749377","fromID":"1334147","toID":"1334150","formEdgeID":null},{"edgeID":"1749378","fromID":"1334150","toID":"1334146","formEdgeID":null},{"edgeID":"1749379","fromID":"1334144","toID":"1334151","formEdgeID":null},{"edgeID":"1749380","fromID":"1334151","toID":"1334145","formEdgeID":null},{"edgeID":"1749381","fromID":"1334154","toID":"1334153","formEdgeID":null},{"edgeID":"1749382","fromID":"1334155","toID":"1334154","formEdgeID":null},{"edgeID":"1749383","fromID":"1334153","toID":"1334156","formEdgeID":null},{"edgeID":"1749384","fromID":"1334156","toID":"1334152","formEdgeID":null},{"edgeID":"1749385","fromID":"1334140","toID":"1334157","formEdgeID":null},{"edgeID":"1749386","fromID":"1334157","toID":"1334153","formEdgeID":null},{"edgeID":"1749387","fromID":"1334153","toID":"1334158","formEdgeID":null},{"edgeID":"1749388","fromID":"1334158","toID":"1334147","formEdgeID":null},{"edgeID":"1749389","fromID":"1334152","toID":"1334159","formEdgeID":null},{"edgeID":"1749390","fromID":"1334159","toID":"1334139","formEdgeID":null},{"edgeID":"1749391","fromID":"1334157","toID":"1334160","formEdgeID":null},{"edgeID":"1749392","fromID":"1334160","toID":"1334159","formEdgeID":null},{"edgeID":"1749393","fromID":"1334146","toID":"1334161","formEdgeID":null},{"edgeID":"1749394","fromID":"1334161","toID":"1334152","formEdgeID":null},{"edgeID":"1749395","fromID":"1334158","toID":"1334162","formEdgeID":null},{"edgeID":"1749396","fromID":"1334162","toID":"1334161","formEdgeID":null},{"edgeID":"1749397","fromID":"1334115","toID":"1334163","formEdgeID":null},{"edgeID":"1749398","fromID":"1334163","toID":"1334116","formEdgeID":null}],"locutions":[]}