{"nodes":[{"nodeID":"1337368","text":"Nicola Sturgeon detests the Tories","type":"I","timestamp":"2023-11-09 13:49:06"},{"nodeID":"1337560","text":"Nicola Sturgeon: I detest the Tories","type":"L","timestamp":"2023-11-09 13:49:21"},{"nodeID":"1337561","text":"Douglas Ross would have a lot more respect for John Swinney if he accepted the words used by the First Minister","type":"I","timestamp":"2023-11-09 13:49:23"},{"nodeID":"1337562","text":"Douglas Ross: I would have a lot more respect for John if he accepted the words used by the First Minister","type":"L","timestamp":"2023-11-09 13:49:23"},{"nodeID":"1337563","text":"Analysing","type":"YA","timestamp":"2023-11-09 13:49:23"},{"nodeID":"1337564","text":"Nicole: Douglas Ross: I would have a lot more respect for John if he accepted the words used by the First Minister","type":"L","timestamp":"2023-11-09 13:49:23"},{"nodeID":"1337565","text":"Asserting","type":"YA","timestamp":"2023-11-09 13:49:23"},{"nodeID":"1337566","text":"John Swinney tried to move on to the second part of the sentence","type":"I","timestamp":"2023-11-09 13:49:23"},{"nodeID":"1337567","text":"Douglas Ross: He tried to move on to the second part of the sentence","type":"L","timestamp":"2023-11-09 13:49:23"},{"nodeID":"1337568","text":"Analysing","type":"YA","timestamp":"2023-11-09 13:49:23"},{"nodeID":"1337569","text":"Nicole: Douglas Ross: He tried to move on to the second part of the sentence","type":"L","timestamp":"2023-11-09 13:49:23"},{"nodeID":"1337570","text":"Asserting","type":"YA","timestamp":"2023-11-09 13:49:23"},{"nodeID":"1337571","text":"Default Transition","type":"TA","timestamp":"2023-11-09 13:49:23"},{"nodeID":"1337572","text":"Douglas Ross can understand moving on to the second part of the sentence","type":"I","timestamp":"2023-11-09 13:49:24"},{"nodeID":"1337573","text":"Douglas Ross: I can understand that","type":"L","timestamp":"2023-11-09 13:49:24"},{"nodeID":"1337574","text":"Analysing","type":"YA","timestamp":"2023-11-09 13:49:24"},{"nodeID":"1337575","text":"Nicole: Douglas Ross: I can understand that","type":"L","timestamp":"2023-11-09 13:49:24"},{"nodeID":"1337576","text":"Asserting","type":"YA","timestamp":"2023-11-09 13:49:24"},{"nodeID":"1337577","text":"Default Transition","type":"TA","timestamp":"2023-11-09 13:49:24"},{"nodeID":"1337578","text":"Default Rephrase","type":"MA","timestamp":"2023-11-09 13:49:24"},{"nodeID":"1337579","text":"Restating","type":"YA","timestamp":"2023-11-09 13:49:24"},{"nodeID":"1337580","text":"Douglas Ross: the first part is very specific: \"I detest the Tories\"","type":"L","timestamp":"2023-11-09 13:49:24"},{"nodeID":"1337581","text":"Analysing","type":"YA","timestamp":"2023-11-09 13:49:24"},{"nodeID":"1337582","text":"Nicole: Douglas Ross: the first part is very specific: \"I detest the Tories\"","type":"L","timestamp":"2023-11-09 13:49:24"},{"nodeID":"1337583","text":"Default Transition","type":"TA","timestamp":"2023-11-09 13:49:24"},{"nodeID":"1337584","text":"Analysing","type":"YA","timestamp":"2023-11-09 13:49:24"},{"nodeID":"1337585","text":"Nicole: Nicola Sturgeon: I detest the Tories","type":"L","timestamp":"2023-11-09 13:49:24"},{"nodeID":"1337586","text":"Asserting","type":"YA","timestamp":"2023-11-09 13:49:24"},{"nodeID":"1337587","text":"Asserting","type":"YA","timestamp":"2023-11-09 13:49:24"},{"nodeID":"1337588","text":"that's hundreds of thousands of people across Scotland","type":"I","timestamp":"2023-11-09 13:49:25"},{"nodeID":"1337589","text":"Douglas Ross: That's hundreds of thousands of people across Scotland","type":"L","timestamp":"2023-11-09 13:49:25"},{"nodeID":"1337590","text":"Analysing","type":"YA","timestamp":"2023-11-09 13:49:25"},{"nodeID":"1337591","text":"Nicole: Douglas Ross: That's hundreds of thousands of people across Scotland","type":"L","timestamp":"2023-11-09 13:49:25"},{"nodeID":"1337592","text":"Asserting","type":"YA","timestamp":"2023-11-09 13:49:25"},{"nodeID":"1337593","text":"Default Transition","type":"TA","timestamp":"2023-11-09 13:49:25"},{"nodeID":"1337594","text":"Default Rephrase","type":"MA","timestamp":"2023-11-09 13:49:25"},{"nodeID":"1337595","text":"Restating","type":"YA","timestamp":"2023-11-09 13:49:25"},{"nodeID":"1337596","text":"hundreds of thousands of John Swinney's own constituents","type":"I","timestamp":"2023-11-09 13:49:25"},{"nodeID":"1337597","text":"Douglas Ross: hundreds of thousands of your own constituents, John","type":"L","timestamp":"2023-11-09 13:49:25"},{"nodeID":"1337598","text":"Analysing","type":"YA","timestamp":"2023-11-09 13:49:25"},{"nodeID":"1337599","text":"Nicole: Douglas Ross: hundreds of thousands of your own constituents, John","type":"L","timestamp":"2023-11-09 13:49:25"},{"nodeID":"1337600","text":"Asserting","type":"YA","timestamp":"2023-11-09 13:49:25"},{"nodeID":"1337601","text":"Default Transition","type":"TA","timestamp":"2023-11-09 13:49:25"},{"nodeID":"1337602","text":"Default Rephrase","type":"MA","timestamp":"2023-11-09 13:49:25"},{"nodeID":"1337603","text":"Restating","type":"YA","timestamp":"2023-11-09 13:49:25"},{"nodeID":"1337604","text":"that is language that does incite hatred","type":"I","timestamp":"2023-11-09 13:49:26"},{"nodeID":"1337605","text":"Douglas Ross: That is language that does incite hatred","type":"L","timestamp":"2023-11-09 13:49:26"},{"nodeID":"1337606","text":"Analysing","type":"YA","timestamp":"2023-11-09 13:49:26"},{"nodeID":"1337607","text":"Nicole: Douglas Ross: That is language that does incite hatred","type":"L","timestamp":"2023-11-09 13:49:26"},{"nodeID":"1337608","text":"Asserting","type":"YA","timestamp":"2023-11-09 13:49:26"},{"nodeID":"1337609","text":"as we heard, in Perth, we had a hustings there where a young party member got egged, another was spat on","type":"I","timestamp":"2023-11-09 13:49:27"},{"nodeID":"1337610","text":"Douglas Ross: As we heard, in Perth, we had a hustings there where a young party member got egged, another was spat on","type":"L","timestamp":"2023-11-09 13:49:27"},{"nodeID":"1337611","text":"Analysing","type":"YA","timestamp":"2023-11-09 13:49:27"},{"nodeID":"1337612","text":"Nicole: Douglas Ross: As we heard, in Perth, we had a hustings there where a young party member got egged, another was spat on","type":"L","timestamp":"2023-11-09 13:49:27"},{"nodeID":"1337613","text":"Asserting","type":"YA","timestamp":"2023-11-09 13:49:27"},{"nodeID":"1337614","text":"Default Transition","type":"TA","timestamp":"2023-11-09 13:49:27"},{"nodeID":"1337615","text":"Default Inference","type":"RA","timestamp":"2023-11-09 13:49:27"},{"nodeID":"1337616","text":"they had to run a gauntlet of hate to get in to hear our party","type":"I","timestamp":"2023-11-09 13:49:27"},{"nodeID":"1337617","text":"Douglas Ross: They had to run a gauntlet of hate to get in to hear our party","type":"L","timestamp":"2023-11-09 13:49:27"},{"nodeID":"1337618","text":"Analysing","type":"YA","timestamp":"2023-11-09 13:49:27"},{"nodeID":"1337619","text":"Nicole: Douglas Ross: They had to run a gauntlet of hate to get in to hear our party","type":"L","timestamp":"2023-11-09 13:49:27"},{"nodeID":"1337620","text":"Asserting","type":"YA","timestamp":"2023-11-09 13:49:27"},{"nodeID":"1337621","text":"Default Transition","type":"TA","timestamp":"2023-11-09 13:49:27"},{"nodeID":"1337622","text":"Arguing","type":"YA","timestamp":"2023-11-09 13:49:27"},{"nodeID":"1337623","text":"Nicola Sturgeon apologised to the BBC journalists abused","type":"I","timestamp":"2023-11-09 13:49:28"},{"nodeID":"1337624","text":"Douglas Ross: Nicola Sturgeon apologised to the BBC journalists abused","type":"L","timestamp":"2023-11-09 13:49:28"},{"nodeID":"1337625","text":"Analysing","type":"YA","timestamp":"2023-11-09 13:49:28"},{"nodeID":"1337626","text":"Nicole: Douglas Ross: Nicola Sturgeon apologised to the BBC journalists abused","type":"L","timestamp":"2023-11-09 13:49:28"},{"nodeID":"1337627","text":"Asserting","type":"YA","timestamp":"2023-11-09 13:49:28"},{"nodeID":"1337628","text":"Default Transition","type":"TA","timestamp":"2023-11-09 13:49:28"},{"nodeID":"1337629","text":"Nicola Sturgeon did not apologise to the members who were abused in Perth","type":"I","timestamp":"2023-11-09 13:49:28"},{"nodeID":"1337630","text":"Douglas Ross: not the members who were abused in Perth","type":"L","timestamp":"2023-11-09 13:49:28"},{"nodeID":"1337631","text":"Analysing","type":"YA","timestamp":"2023-11-09 13:49:28"},{"nodeID":"1337632","text":"Nicole: Douglas Ross: not the members who were abused in Perth","type":"L","timestamp":"2023-11-09 13:49:28"},{"nodeID":"1337633","text":"Asserting","type":"YA","timestamp":"2023-11-09 13:49:28"},{"nodeID":"1337634","text":"Default Transition","type":"TA","timestamp":"2023-11-09 13:49:28"},{"nodeID":"1337635","text":"Default Rephrase","type":"MA","timestamp":"2023-11-09 13:49:29"},{"nodeID":"1337636","text":"Restating","type":"YA","timestamp":"2023-11-09 13:49:29"},{"nodeID":"1337637","text":"we're better than this","type":"I","timestamp":"2023-11-09 13:49:29"},{"nodeID":"1337638","text":"Douglas Ross: We're better than this","type":"L","timestamp":"2023-11-09 13:49:29"},{"nodeID":"1337639","text":"Analysing","type":"YA","timestamp":"2023-11-09 13:49:29"},{"nodeID":"1337640","text":"Nicole: Douglas Ross: We're better than this","type":"L","timestamp":"2023-11-09 13:49:29"},{"nodeID":"1337641","text":"Asserting","type":"YA","timestamp":"2023-11-09 13:49:29"},{"nodeID":"1337642","text":"Default Transition","type":"TA","timestamp":"2023-11-09 13:49:29"},{"nodeID":"1337643","text":"Default Inference","type":"RA","timestamp":"2023-11-09 13:49:29"},{"nodeID":"1337644","text":"Default Transition","type":"TA","timestamp":"2023-11-09 13:49:29"},{"nodeID":"1337645","text":"Arguing","type":"YA","timestamp":"2023-11-09 13:49:29"},{"nodeID":"1337646","text":"we have to be better than this","type":"I","timestamp":"2023-11-09 13:49:30"},{"nodeID":"1337647","text":"Douglas Ross: We have to be","type":"L","timestamp":"2023-11-09 13:49:30"},{"nodeID":"1337648","text":"Analysing","type":"YA","timestamp":"2023-11-09 13:49:30"},{"nodeID":"1337649","text":"Nicole: Douglas Ross: We have to be","type":"L","timestamp":"2023-11-09 13:49:30"},{"nodeID":"1337650","text":"Asserting","type":"YA","timestamp":"2023-11-09 13:49:30"},{"nodeID":"1337651","text":"Default Transition","type":"TA","timestamp":"2023-11-09 13:49:30"},{"nodeID":"1337652","text":"Default Rephrase","type":"MA","timestamp":"2023-11-09 13:49:30"},{"nodeID":"1337653","text":"Restating","type":"YA","timestamp":"2023-11-09 13:49:30"},{"nodeID":"1337654","text":"not only would John Swinney say it differently and use different words, the First Minister should apologise and retract those words","type":"I","timestamp":"2023-11-09 13:49:30"},{"nodeID":"1337655","text":"Douglas Ross: Not only would you say it differently and use different words, the First Minister should apologise and retract those words","type":"L","timestamp":"2023-11-09 13:49:30"},{"nodeID":"1337656","text":"Analysing","type":"YA","timestamp":"2023-11-09 13:49:30"},{"nodeID":"1337657","text":"Nicole: Douglas Ross: Not only would you say it differently and use different words, the First Minister should apologise and retract those words","type":"L","timestamp":"2023-11-09 13:49:30"},{"nodeID":"1337658","text":"Asserting","type":"YA","timestamp":"2023-11-09 13:49:30"},{"nodeID":"1337659","text":"Default Transition","type":"TA","timestamp":"2023-11-09 13:49:30"},{"nodeID":"1337660","text":"Default Inference","type":"RA","timestamp":"2023-11-09 13:49:30"},{"nodeID":"1337661","text":"Arguing","type":"YA","timestamp":"2023-11-09 13:49:30"},{"nodeID":"1337662","text":"it is coming up","type":"I","timestamp":"2023-11-09 13:49:31"},{"nodeID":"1337663","text":"Douglas Ross: It is coming up","type":"L","timestamp":"2023-11-09 13:49:31"},{"nodeID":"1337664","text":"Analysing","type":"YA","timestamp":"2023-11-09 13:49:31"},{"nodeID":"1337665","text":"Nicole: Douglas Ross: It is coming up","type":"L","timestamp":"2023-11-09 13:49:31"},{"nodeID":"1337666","text":"Asserting","type":"YA","timestamp":"2023-11-09 13:49:31"},{"nodeID":"1337667","text":"Default Transition","type":"TA","timestamp":"2023-11-09 13:49:31"},{"nodeID":"1337668","text":"it is a big issue tonight","type":"I","timestamp":"2023-11-09 13:49:32"},{"nodeID":"1337669","text":"Douglas Ross: It is a big issue tonight","type":"L","timestamp":"2023-11-09 13:49:32"},{"nodeID":"1337670","text":"Analysing","type":"YA","timestamp":"2023-11-09 13:49:32"},{"nodeID":"1337671","text":"Nicole: Douglas Ross: It is a big issue tonight","type":"L","timestamp":"2023-11-09 13:49:32"},{"nodeID":"1337672","text":"Asserting","type":"YA","timestamp":"2023-11-09 13:49:32"},{"nodeID":"1337673","text":"Default Transition","type":"TA","timestamp":"2023-11-09 13:49:32"},{"nodeID":"1337674","text":"Default Rephrase","type":"MA","timestamp":"2023-11-09 13:49:32"},{"nodeID":"1337675","text":"Restating","type":"YA","timestamp":"2023-11-09 13:49:32"},{"nodeID":"1337676","text":"our politics should be more focused on the debates and disagreements we have","type":"I","timestamp":"2023-11-09 13:49:33"},{"nodeID":"1337677","text":"Douglas Ross: our politics should be more focused on the debates and disagreements we have","type":"L","timestamp":"2023-11-09 13:49:33"},{"nodeID":"1337678","text":"Analysing","type":"YA","timestamp":"2023-11-09 13:49:33"},{"nodeID":"1337679","text":"Nicole: Douglas Ross: our politics should be more focused on the debates and disagreements we have","type":"L","timestamp":"2023-11-09 13:49:33"},{"nodeID":"1337680","text":"Asserting","type":"YA","timestamp":"2023-11-09 13:49:33"},{"nodeID":"1337681","text":"Default Transition","type":"TA","timestamp":"2023-11-09 13:49:33"},{"nodeID":"1337682","text":"Douglas Ross has been criticised by politicians in his own party","type":"I","timestamp":"2023-11-09 13:49:33"},{"nodeID":"1337683","text":"Douglas Ross: I have been criticised by politicians in my own party","type":"L","timestamp":"2023-11-09 13:49:33"},{"nodeID":"1337684","text":"Analysing","type":"YA","timestamp":"2023-11-09 13:49:33"},{"nodeID":"1337685","text":"Nicole: Douglas Ross: I have been criticised by politicians in my own party","type":"L","timestamp":"2023-11-09 13:49:33"},{"nodeID":"1337686","text":"Asserting","type":"YA","timestamp":"2023-11-09 13:49:33"},{"nodeID":"1337687","text":"Default Transition","type":"TA","timestamp":"2023-11-09 13:49:33"},{"nodeID":"1337688","text":"Fiona Bruce: Yes, I was going to bring that up","type":"L","timestamp":"2023-11-09 13:49:33"},{"nodeID":"1337689","text":"Analysing","type":"YA","timestamp":"2023-11-09 13:49:33"},{"nodeID":"1337690","text":"Nicole: Fiona Bruce: Yes, I was going to bring that up","type":"L","timestamp":"2023-11-09 13:49:33"},{"nodeID":"1337691","text":"Default Transition","type":"TA","timestamp":"2023-11-09 13:49:33"},{"nodeID":"1337692","text":"Agreeing","type":"YA","timestamp":"2023-11-09 13:49:33"},{"nodeID":"1337693","text":"Douglas Ross can accept being criticised by politicians in his own party","type":"I","timestamp":"2023-11-09 13:49:34"},{"nodeID":"1337694","text":"Douglas Ross: I can accept that","type":"L","timestamp":"2023-11-09 13:49:34"},{"nodeID":"1337695","text":"Analysing","type":"YA","timestamp":"2023-11-09 13:49:34"},{"nodeID":"1337696","text":"Nicole: Douglas Ross: I can accept that","type":"L","timestamp":"2023-11-09 13:49:34"},{"nodeID":"1337697","text":"Asserting","type":"YA","timestamp":"2023-11-09 13:49:34"},{"nodeID":"1337698","text":"Default Transition","type":"TA","timestamp":"2023-11-09 13:49:34"},{"nodeID":"1337699","text":"Default Rephrase","type":"MA","timestamp":"2023-11-09 13:49:34"},{"nodeID":"1337700","text":"Restating","type":"YA","timestamp":"2023-11-09 13:49:34"},{"nodeID":"1337701","text":"that is part of political debate","type":"I","timestamp":"2023-11-09 13:49:35"},{"nodeID":"1337702","text":"Douglas Ross: that is part of political debate","type":"L","timestamp":"2023-11-09 13:49:35"},{"nodeID":"1337703","text":"Analysing","type":"YA","timestamp":"2023-11-09 13:49:35"},{"nodeID":"1337704","text":"Nicole: Douglas Ross: that is part of political debate","type":"L","timestamp":"2023-11-09 13:49:35"},{"nodeID":"1337705","text":"Asserting","type":"YA","timestamp":"2023-11-09 13:49:35"},{"nodeID":"1337706","text":"Default Transition","type":"TA","timestamp":"2023-11-09 13:49:35"},{"nodeID":"1337707","text":"Default Inference","type":"RA","timestamp":"2023-11-09 13:49:35"},{"nodeID":"1337708","text":"Arguing","type":"YA","timestamp":"2023-11-09 13:49:35"},{"nodeID":"1337709","text":"John Swinney and Douglas Ross have had these debates in Holyrood before","type":"I","timestamp":"2023-11-09 13:49:36"},{"nodeID":"1337710","text":"Douglas Ross: John and I have had these debates in Holyrood before","type":"L","timestamp":"2023-11-09 13:49:36"},{"nodeID":"1337711","text":"Analysing","type":"YA","timestamp":"2023-11-09 13:49:36"},{"nodeID":"1337712","text":"Nicole: Douglas Ross: John and I have had these debates in Holyrood before","type":"L","timestamp":"2023-11-09 13:49:36"},{"nodeID":"1337713","text":"Asserting","type":"YA","timestamp":"2023-11-09 13:49:36"},{"nodeID":"1337714","text":"Default Transition","type":"TA","timestamp":"2023-11-09 13:49:36"},{"nodeID":"1337715","text":"Default Rephrase","type":"MA","timestamp":"2023-11-09 13:49:36"},{"nodeID":"1337716","text":"Restating","type":"YA","timestamp":"2023-11-09 13:49:36"},{"nodeID":"1337717","text":"Default Transition","type":"TA","timestamp":"2023-11-09 13:49:36"}],"edges":[{"edgeID":"1753486","fromID":"1337563","toID":"1337562","formEdgeID":null},{"edgeID":"1753487","fromID":"1337564","toID":"1337563","formEdgeID":null},{"edgeID":"1753488","fromID":"1337562","toID":"1337565","formEdgeID":null},{"edgeID":"1753489","fromID":"1337565","toID":"1337561","formEdgeID":null},{"edgeID":"1753490","fromID":"1337568","toID":"1337567","formEdgeID":null},{"edgeID":"1753491","fromID":"1337569","toID":"1337568","formEdgeID":null},{"edgeID":"1753492","fromID":"1337567","toID":"1337570","formEdgeID":null},{"edgeID":"1753493","fromID":"1337570","toID":"1337566","formEdgeID":null},{"edgeID":"1753494","fromID":"1337562","toID":"1337571","formEdgeID":null},{"edgeID":"1753495","fromID":"1337571","toID":"1337567","formEdgeID":null},{"edgeID":"1753496","fromID":"1337574","toID":"1337573","formEdgeID":null},{"edgeID":"1753497","fromID":"1337575","toID":"1337574","formEdgeID":null},{"edgeID":"1753498","fromID":"1337573","toID":"1337576","formEdgeID":null},{"edgeID":"1753499","fromID":"1337576","toID":"1337572","formEdgeID":null},{"edgeID":"1753500","fromID":"1337567","toID":"1337577","formEdgeID":null},{"edgeID":"1753501","fromID":"1337577","toID":"1337573","formEdgeID":null},{"edgeID":"1753502","fromID":"1337572","toID":"1337578","formEdgeID":null},{"edgeID":"1753503","fromID":"1337578","toID":"1337566","formEdgeID":null},{"edgeID":"1753504","fromID":"1337577","toID":"1337579","formEdgeID":null},{"edgeID":"1753505","fromID":"1337579","toID":"1337578","formEdgeID":null},{"edgeID":"1753506","fromID":"1337581","toID":"1337580","formEdgeID":null},{"edgeID":"1753507","fromID":"1337582","toID":"1337581","formEdgeID":null},{"edgeID":"1753508","fromID":"1337573","toID":"1337583","formEdgeID":null},{"edgeID":"1753509","fromID":"1337583","toID":"1337580","formEdgeID":null},{"edgeID":"1753510","fromID":"1337584","toID":"1337560","formEdgeID":null},{"edgeID":"1753511","fromID":"1337585","toID":"1337584","formEdgeID":null},{"edgeID":"1753512","fromID":"1337560","toID":"1337586","formEdgeID":null},{"edgeID":"1753513","fromID":"1337586","toID":"1337368","formEdgeID":null},{"edgeID":"1753514","fromID":"1337580","toID":"1337587","formEdgeID":null},{"edgeID":"1753515","fromID":"1337587","toID":"1337560","formEdgeID":null},{"edgeID":"1753516","fromID":"1337590","toID":"1337589","formEdgeID":null},{"edgeID":"1753517","fromID":"1337591","toID":"1337590","formEdgeID":null},{"edgeID":"1753518","fromID":"1337589","toID":"1337592","formEdgeID":null},{"edgeID":"1753519","fromID":"1337592","toID":"1337588","formEdgeID":null},{"edgeID":"1753520","fromID":"1337580","toID":"1337593","formEdgeID":null},{"edgeID":"1753521","fromID":"1337593","toID":"1337589","formEdgeID":null},{"edgeID":"1753522","fromID":"1337588","toID":"1337594","formEdgeID":null},{"edgeID":"1753523","fromID":"1337594","toID":"1337368","formEdgeID":null},{"edgeID":"1753524","fromID":"1337593","toID":"1337595","formEdgeID":null},{"edgeID":"1753525","fromID":"1337595","toID":"1337594","formEdgeID":null},{"edgeID":"1753526","fromID":"1337598","toID":"1337597","formEdgeID":null},{"edgeID":"1753527","fromID":"1337599","toID":"1337598","formEdgeID":null},{"edgeID":"1753528","fromID":"1337597","toID":"1337600","formEdgeID":null},{"edgeID":"1753529","fromID":"1337600","toID":"1337596","formEdgeID":null},{"edgeID":"1753530","fromID":"1337589","toID":"1337601","formEdgeID":null},{"edgeID":"1753531","fromID":"1337601","toID":"1337597","formEdgeID":null},{"edgeID":"1753532","fromID":"1337596","toID":"1337602","formEdgeID":null},{"edgeID":"1753533","fromID":"1337602","toID":"1337588","formEdgeID":null},{"edgeID":"1753534","fromID":"1337601","toID":"1337603","formEdgeID":null},{"edgeID":"1753535","fromID":"1337603","toID":"1337602","formEdgeID":null},{"edgeID":"1753536","fromID":"1337606","toID":"1337605","formEdgeID":null},{"edgeID":"1753537","fromID":"1337607","toID":"1337606","formEdgeID":null},{"edgeID":"1753538","fromID":"1337605","toID":"1337608","formEdgeID":null},{"edgeID":"1753539","fromID":"1337608","toID":"1337604","formEdgeID":null},{"edgeID":"1753540","fromID":"1337611","toID":"1337610","formEdgeID":null},{"edgeID":"1753541","fromID":"1337612","toID":"1337611","formEdgeID":null},{"edgeID":"1753542","fromID":"1337610","toID":"1337613","formEdgeID":null},{"edgeID":"1753543","fromID":"1337613","toID":"1337609","formEdgeID":null},{"edgeID":"1753544","fromID":"1337605","toID":"1337614","formEdgeID":null},{"edgeID":"1753545","fromID":"1337614","toID":"1337610","formEdgeID":null},{"edgeID":"1753546","fromID":"1337609","toID":"1337615","formEdgeID":null},{"edgeID":"1753547","fromID":"1337615","toID":"1337604","formEdgeID":null},{"edgeID":"1753548","fromID":"1337618","toID":"1337617","formEdgeID":null},{"edgeID":"1753549","fromID":"1337619","toID":"1337618","formEdgeID":null},{"edgeID":"1753550","fromID":"1337617","toID":"1337620","formEdgeID":null},{"edgeID":"1753551","fromID":"1337620","toID":"1337616","formEdgeID":null},{"edgeID":"1753552","fromID":"1337605","toID":"1337621","formEdgeID":null},{"edgeID":"1753553","fromID":"1337621","toID":"1337617","formEdgeID":null},{"edgeID":"1753554","fromID":"1337616","toID":"1337615","formEdgeID":null},{"edgeID":"1753555","fromID":"1337621","toID":"1337622","formEdgeID":null},{"edgeID":"1753556","fromID":"1337622","toID":"1337615","formEdgeID":null},{"edgeID":"1753557","fromID":"1337625","toID":"1337624","formEdgeID":null},{"edgeID":"1753558","fromID":"1337626","toID":"1337625","formEdgeID":null},{"edgeID":"1753559","fromID":"1337624","toID":"1337627","formEdgeID":null},{"edgeID":"1753560","fromID":"1337627","toID":"1337623","formEdgeID":null},{"edgeID":"1753561","fromID":"1337617","toID":"1337628","formEdgeID":null},{"edgeID":"1753562","fromID":"1337628","toID":"1337624","formEdgeID":null},{"edgeID":"1753563","fromID":"1337631","toID":"1337630","formEdgeID":null},{"edgeID":"1753564","fromID":"1337632","toID":"1337631","formEdgeID":null},{"edgeID":"1753565","fromID":"1337630","toID":"1337633","formEdgeID":null},{"edgeID":"1753566","fromID":"1337633","toID":"1337629","formEdgeID":null},{"edgeID":"1753567","fromID":"1337624","toID":"1337634","formEdgeID":null},{"edgeID":"1753568","fromID":"1337634","toID":"1337630","formEdgeID":null},{"edgeID":"1753569","fromID":"1337629","toID":"1337635","formEdgeID":null},{"edgeID":"1753570","fromID":"1337635","toID":"1337623","formEdgeID":null},{"edgeID":"1753571","fromID":"1337634","toID":"1337636","formEdgeID":null},{"edgeID":"1753572","fromID":"1337636","toID":"1337635","formEdgeID":null},{"edgeID":"1753573","fromID":"1337639","toID":"1337638","formEdgeID":null},{"edgeID":"1753574","fromID":"1337640","toID":"1337639","formEdgeID":null},{"edgeID":"1753575","fromID":"1337638","toID":"1337641","formEdgeID":null},{"edgeID":"1753576","fromID":"1337641","toID":"1337637","formEdgeID":null},{"edgeID":"1753577","fromID":"1337630","toID":"1337642","formEdgeID":null},{"edgeID":"1753578","fromID":"1337642","toID":"1337638","formEdgeID":null},{"edgeID":"1753579","fromID":"1337629","toID":"1337643","formEdgeID":null},{"edgeID":"1753580","fromID":"1337643","toID":"1337637","formEdgeID":null},{"edgeID":"1753581","fromID":"1337605","toID":"1337644","formEdgeID":null},{"edgeID":"1753582","fromID":"1337644","toID":"1337638","formEdgeID":null},{"edgeID":"1753583","fromID":"1337642","toID":"1337645","formEdgeID":null},{"edgeID":"1753584","fromID":"1337645","toID":"1337643","formEdgeID":null},{"edgeID":"1753585","fromID":"1337604","toID":"1337643","formEdgeID":null},{"edgeID":"1753586","fromID":"1337648","toID":"1337647","formEdgeID":null},{"edgeID":"1753587","fromID":"1337649","toID":"1337648","formEdgeID":null},{"edgeID":"1753588","fromID":"1337647","toID":"1337650","formEdgeID":null},{"edgeID":"1753589","fromID":"1337650","toID":"1337646","formEdgeID":null},{"edgeID":"1753590","fromID":"1337638","toID":"1337651","formEdgeID":null},{"edgeID":"1753591","fromID":"1337651","toID":"1337647","formEdgeID":null},{"edgeID":"1753592","fromID":"1337646","toID":"1337652","formEdgeID":null},{"edgeID":"1753593","fromID":"1337652","toID":"1337637","formEdgeID":null},{"edgeID":"1753594","fromID":"1337651","toID":"1337653","formEdgeID":null},{"edgeID":"1753595","fromID":"1337653","toID":"1337652","formEdgeID":null},{"edgeID":"1753596","fromID":"1337656","toID":"1337655","formEdgeID":null},{"edgeID":"1753597","fromID":"1337657","toID":"1337656","formEdgeID":null},{"edgeID":"1753598","fromID":"1337655","toID":"1337658","formEdgeID":null},{"edgeID":"1753599","fromID":"1337658","toID":"1337654","formEdgeID":null},{"edgeID":"1753600","fromID":"1337647","toID":"1337659","formEdgeID":null},{"edgeID":"1753601","fromID":"1337659","toID":"1337655","formEdgeID":null},{"edgeID":"1753602","fromID":"1337646","toID":"1337660","formEdgeID":null},{"edgeID":"1753603","fromID":"1337660","toID":"1337654","formEdgeID":null},{"edgeID":"1753604","fromID":"1337659","toID":"1337661","formEdgeID":null},{"edgeID":"1753605","fromID":"1337661","toID":"1337660","formEdgeID":null},{"edgeID":"1753606","fromID":"1337664","toID":"1337663","formEdgeID":null},{"edgeID":"1753607","fromID":"1337665","toID":"1337664","formEdgeID":null},{"edgeID":"1753608","fromID":"1337663","toID":"1337666","formEdgeID":null},{"edgeID":"1753609","fromID":"1337666","toID":"1337662","formEdgeID":null},{"edgeID":"1753610","fromID":"1337655","toID":"1337667","formEdgeID":null},{"edgeID":"1753611","fromID":"1337667","toID":"1337663","formEdgeID":null},{"edgeID":"1753612","fromID":"1337670","toID":"1337669","formEdgeID":null},{"edgeID":"1753613","fromID":"1337671","toID":"1337670","formEdgeID":null},{"edgeID":"1753614","fromID":"1337669","toID":"1337672","formEdgeID":null},{"edgeID":"1753615","fromID":"1337672","toID":"1337668","formEdgeID":null},{"edgeID":"1753616","fromID":"1337663","toID":"1337673","formEdgeID":null},{"edgeID":"1753617","fromID":"1337673","toID":"1337669","formEdgeID":null},{"edgeID":"1753618","fromID":"1337668","toID":"1337674","formEdgeID":null},{"edgeID":"1753619","fromID":"1337674","toID":"1337662","formEdgeID":null},{"edgeID":"1753620","fromID":"1337673","toID":"1337675","formEdgeID":null},{"edgeID":"1753621","fromID":"1337675","toID":"1337674","formEdgeID":null},{"edgeID":"1753622","fromID":"1337678","toID":"1337677","formEdgeID":null},{"edgeID":"1753623","fromID":"1337679","toID":"1337678","formEdgeID":null},{"edgeID":"1753624","fromID":"1337677","toID":"1337680","formEdgeID":null},{"edgeID":"1753625","fromID":"1337680","toID":"1337676","formEdgeID":null},{"edgeID":"1753626","fromID":"1337669","toID":"1337681","formEdgeID":null},{"edgeID":"1753627","fromID":"1337681","toID":"1337677","formEdgeID":null},{"edgeID":"1753628","fromID":"1337684","toID":"1337683","formEdgeID":null},{"edgeID":"1753629","fromID":"1337685","toID":"1337684","formEdgeID":null},{"edgeID":"1753630","fromID":"1337683","toID":"1337686","formEdgeID":null},{"edgeID":"1753631","fromID":"1337686","toID":"1337682","formEdgeID":null},{"edgeID":"1753632","fromID":"1337677","toID":"1337687","formEdgeID":null},{"edgeID":"1753633","fromID":"1337687","toID":"1337683","formEdgeID":null},{"edgeID":"1753634","fromID":"1337689","toID":"1337688","formEdgeID":null},{"edgeID":"1753635","fromID":"1337690","toID":"1337689","formEdgeID":null},{"edgeID":"1753636","fromID":"1337683","toID":"1337691","formEdgeID":null},{"edgeID":"1753637","fromID":"1337691","toID":"1337688","formEdgeID":null},{"edgeID":"1753638","fromID":"1337691","toID":"1337692","formEdgeID":null},{"edgeID":"1753639","fromID":"1337692","toID":"1337682","formEdgeID":null},{"edgeID":"1753640","fromID":"1337695","toID":"1337694","formEdgeID":null},{"edgeID":"1753641","fromID":"1337696","toID":"1337695","formEdgeID":null},{"edgeID":"1753642","fromID":"1337694","toID":"1337697","formEdgeID":null},{"edgeID":"1753643","fromID":"1337697","toID":"1337693","formEdgeID":null},{"edgeID":"1753644","fromID":"1337688","toID":"1337698","formEdgeID":null},{"edgeID":"1753645","fromID":"1337698","toID":"1337694","formEdgeID":null},{"edgeID":"1753646","fromID":"1337693","toID":"1337699","formEdgeID":null},{"edgeID":"1753647","fromID":"1337699","toID":"1337682","formEdgeID":null},{"edgeID":"1753648","fromID":"1337698","toID":"1337700","formEdgeID":null},{"edgeID":"1753649","fromID":"1337700","toID":"1337699","formEdgeID":null},{"edgeID":"1753650","fromID":"1337703","toID":"1337702","formEdgeID":null},{"edgeID":"1753651","fromID":"1337704","toID":"1337703","formEdgeID":null},{"edgeID":"1753652","fromID":"1337702","toID":"1337705","formEdgeID":null},{"edgeID":"1753653","fromID":"1337705","toID":"1337701","formEdgeID":null},{"edgeID":"1753654","fromID":"1337694","toID":"1337706","formEdgeID":null},{"edgeID":"1753655","fromID":"1337706","toID":"1337702","formEdgeID":null},{"edgeID":"1753656","fromID":"1337701","toID":"1337707","formEdgeID":null},{"edgeID":"1753657","fromID":"1337707","toID":"1337693","formEdgeID":null},{"edgeID":"1753658","fromID":"1337706","toID":"1337708","formEdgeID":null},{"edgeID":"1753659","fromID":"1337708","toID":"1337707","formEdgeID":null},{"edgeID":"1753660","fromID":"1337711","toID":"1337710","formEdgeID":null},{"edgeID":"1753661","fromID":"1337712","toID":"1337711","formEdgeID":null},{"edgeID":"1753662","fromID":"1337710","toID":"1337713","formEdgeID":null},{"edgeID":"1753663","fromID":"1337713","toID":"1337709","formEdgeID":null},{"edgeID":"1753664","fromID":"1337702","toID":"1337714","formEdgeID":null},{"edgeID":"1753665","fromID":"1337714","toID":"1337710","formEdgeID":null},{"edgeID":"1753666","fromID":"1337709","toID":"1337715","formEdgeID":null},{"edgeID":"1753667","fromID":"1337715","toID":"1337701","formEdgeID":null},{"edgeID":"1753668","fromID":"1337714","toID":"1337716","formEdgeID":null},{"edgeID":"1753669","fromID":"1337716","toID":"1337715","formEdgeID":null},{"edgeID":"1753670","fromID":"1337597","toID":"1337717","formEdgeID":null},{"edgeID":"1753671","fromID":"1337717","toID":"1337605","formEdgeID":null}],"locutions":[]}