{"nodes":[{"nodeID":"1334164","text":"Fiona Bruce is seeing reports there's going to be a U-turn coming","type":"I","timestamp":"2023-11-09 13:43:23"},{"nodeID":"1334165","text":"Fiona Bruce: I am seeing reports there's going to be a U-turn coming","type":"L","timestamp":"2023-11-09 13:43:23"},{"nodeID":"1334166","text":"Analysing","type":"YA","timestamp":"2023-11-09 13:43:23"},{"nodeID":"1334167","text":"Katharina: Fiona Bruce: I am seeing reports there's going to be a U-turn coming","type":"L","timestamp":"2023-11-09 13:43:23"},{"nodeID":"1334168","text":"Asserting","type":"YA","timestamp":"2023-11-09 13:43:23"},{"nodeID":"1334169","text":"there's going to be a U-turn coming possibly tomorrow","type":"I","timestamp":"2023-11-09 13:43:24"},{"nodeID":"1334170","text":"Fiona Bruce: Possibly tomorrow","type":"L","timestamp":"2023-11-09 13:43:24"},{"nodeID":"1334171","text":"Analysing","type":"YA","timestamp":"2023-11-09 13:43:24"},{"nodeID":"1334172","text":"Katharina: Fiona Bruce: Possibly tomorrow","type":"L","timestamp":"2023-11-09 13:43:24"},{"nodeID":"1334173","text":"Asserting","type":"YA","timestamp":"2023-11-09 13:43:24"},{"nodeID":"1334174","text":"Default Transition","type":"TA","timestamp":"2023-11-09 13:43:24"},{"nodeID":"1334175","text":"there's going to be a U-turn coming possibly the next week","type":"I","timestamp":"2023-11-09 13:43:25"},{"nodeID":"1334176","text":"Fiona Bruce: possibly the next week","type":"L","timestamp":"2023-11-09 13:43:25"},{"nodeID":"1334177","text":"Analysing","type":"YA","timestamp":"2023-11-09 13:43:25"},{"nodeID":"1334178","text":"Katharina: Fiona Bruce: possibly the next week","type":"L","timestamp":"2023-11-09 13:43:25"},{"nodeID":"1334179","text":"Asserting","type":"YA","timestamp":"2023-11-09 13:43:25"},{"nodeID":"1334180","text":"Default Transition","type":"TA","timestamp":"2023-11-09 13:43:25"},{"nodeID":"1334181","text":"Default Conflict","type":"CA","timestamp":"2023-11-09 13:43:25"},{"nodeID":"1334182","text":"the Chancellor has made it clear that the growth is","type":"I","timestamp":"2023-11-09 13:43:26"},{"nodeID":"1334183","text":"Douglas Ross: The Chancellor has made it clear that the growth is","type":"L","timestamp":"2023-11-09 13:43:26"},{"nodeID":"1334184","text":"Analysing","type":"YA","timestamp":"2023-11-09 13:43:26"},{"nodeID":"1334185","text":"Katharina: Douglas Ross: The Chancellor has made it clear that the growth is","type":"L","timestamp":"2023-11-09 13:43:26"},{"nodeID":"1334186","text":"Asserting","type":"YA","timestamp":"2023-11-09 13:43:26"},{"nodeID":"1334187","text":"Default Transition","type":"TA","timestamp":"2023-11-09 13:43:26"},{"nodeID":"1334188","text":"Douglas Ross is sticking to the previous question","type":"I","timestamp":"2023-11-09 13:43:27"},{"nodeID":"1334189","text":"Fiona Bruce: He is sticking to it","type":"L","timestamp":"2023-11-09 13:43:27"},{"nodeID":"1334190","text":"Analysing","type":"YA","timestamp":"2023-11-09 13:43:27"},{"nodeID":"1334191","text":"Katharina: Fiona Bruce: He is sticking to it","type":"L","timestamp":"2023-11-09 13:43:27"},{"nodeID":"1334192","text":"Asserting","type":"YA","timestamp":"2023-11-09 13:43:27"},{"nodeID":"1334193","text":"Default Transition","type":"TA","timestamp":"2023-11-09 13:43:27"},{"nodeID":"1334194","text":"we hear there's going to be a U-turn coming","type":"I","timestamp":"2023-11-09 13:43:27"},{"nodeID":"1334195","text":"Fiona Bruce: We hear there's going to be a U-turn coming","type":"L","timestamp":"2023-11-09 13:43:27"},{"nodeID":"1334196","text":"Analysing","type":"YA","timestamp":"2023-11-09 13:43:27"},{"nodeID":"1334197","text":"Katharina: Fiona Bruce: We hear there's going to be a U-turn coming","type":"L","timestamp":"2023-11-09 13:43:27"},{"nodeID":"1334198","text":"Asserting","type":"YA","timestamp":"2023-11-09 13:43:27"},{"nodeID":"1334199","text":"Default Rephrase","type":"MA","timestamp":"2023-11-09 13:43:27"},{"nodeID":"1334200","text":"Restating","type":"YA","timestamp":"2023-11-09 13:43:27"},{"nodeID":"1334201","text":"Default Rephrase","type":"MA","timestamp":"2023-11-09 13:43:27"},{"nodeID":"1334202","text":"Default Transition","type":"TA","timestamp":"2023-11-09 13:43:27"},{"nodeID":"1334203","text":"Restating","type":"YA","timestamp":"2023-11-09 13:43:27"},{"nodeID":"1334204","text":"Douglas Ross can only say what the Chancellor said","type":"I","timestamp":"2023-11-09 13:43:28"},{"nodeID":"1334205","text":"Douglas Ross: I can only say what the Chancellor said","type":"L","timestamp":"2023-11-09 13:43:28"},{"nodeID":"1334206","text":"Analysing","type":"YA","timestamp":"2023-11-09 13:43:28"},{"nodeID":"1334207","text":"Katharina: Douglas Ross: I can only say what the Chancellor said","type":"L","timestamp":"2023-11-09 13:43:28"},{"nodeID":"1334208","text":"Asserting","type":"YA","timestamp":"2023-11-09 13:43:28"},{"nodeID":"1334209","text":"Default Transition","type":"TA","timestamp":"2023-11-09 13:43:28"},{"nodeID":"1334210","text":"the need to grow the economy","type":"I","timestamp":"2023-11-09 13:43:29"},{"nodeID":"1334211","text":"Douglas Ross: The need to grow the economy","type":"L","timestamp":"2023-11-09 13:43:29"},{"nodeID":"1334212","text":"Analysing","type":"YA","timestamp":"2023-11-09 13:43:29"},{"nodeID":"1334213","text":"Katharina: Douglas Ross: The need to grow the economy","type":"L","timestamp":"2023-11-09 13:43:29"},{"nodeID":"1334214","text":"Asserting","type":"YA","timestamp":"2023-11-09 13:43:29"},{"nodeID":"1334215","text":"Default Transition","type":"TA","timestamp":"2023-11-09 13:43:29"},{"nodeID":"1334216","text":"there is the need to help businesses, individuals","type":"I","timestamp":"2023-11-09 13:43:30"},{"nodeID":"1334217","text":"Douglas Ross: There is the need to help businesses, individuals","type":"L","timestamp":"2023-11-09 13:43:30"},{"nodeID":"1334218","text":"Analysing","type":"YA","timestamp":"2023-11-09 13:43:30"},{"nodeID":"1334219","text":"Katharina: Douglas Ross: There is the need to help businesses, individuals","type":"L","timestamp":"2023-11-09 13:43:30"},{"nodeID":"1334220","text":"Asserting","type":"YA","timestamp":"2023-11-09 13:43:30"},{"nodeID":"1334221","text":"helping businesses and individuals is what the Chancellor, Prime Minister and the Government are determined to do","type":"I","timestamp":"2023-11-09 13:43:31"},{"nodeID":"1334222","text":"Douglas Ross: that's what the Chancellor, Prime Minister and the Government are determined to do","type":"L","timestamp":"2023-11-09 13:43:31"},{"nodeID":"1334223","text":"Analysing","type":"YA","timestamp":"2023-11-09 13:43:31"},{"nodeID":"1334224","text":"Katharina: Douglas Ross: that's what the Chancellor, Prime Minister and the Government are determined to do","type":"L","timestamp":"2023-11-09 13:43:31"},{"nodeID":"1334225","text":"Asserting","type":"YA","timestamp":"2023-11-09 13:43:31"},{"nodeID":"1334226","text":"Default Transition","type":"TA","timestamp":"2023-11-09 13:43:31"},{"nodeID":"1334227","text":"Default Inference","type":"RA","timestamp":"2023-11-09 13:43:31"},{"nodeID":"1334228","text":"Arguing","type":"YA","timestamp":"2023-11-09 13:43:31"},{"nodeID":"1334229","text":"Default Transition","type":"TA","timestamp":"2023-11-09 13:43:31"},{"nodeID":"1334230","text":"Disagreeing","type":"YA","timestamp":"2023-11-09 13:43:31"},{"nodeID":"1334231","text":"Default Rephrase","type":"MA","timestamp":"2023-11-09 13:43:31"},{"nodeID":"1334232","text":"Default Transition","type":"TA","timestamp":"2023-11-09 13:43:31"},{"nodeID":"1334233","text":"Restating","type":"YA","timestamp":"2023-11-09 13:43:31"},{"nodeID":"1334234","text":"Default Rephrase","type":"MA","timestamp":"2023-11-09 13:43:31"},{"nodeID":"1334235","text":"Default Transition","type":"TA","timestamp":"2023-11-09 13:43:31"},{"nodeID":"1334236","text":"Restating","type":"YA","timestamp":"2023-11-09 13:43:31"}],"edges":[{"edgeID":"1749399","fromID":"1334166","toID":"1334165","formEdgeID":null},{"edgeID":"1749400","fromID":"1334167","toID":"1334166","formEdgeID":null},{"edgeID":"1749401","fromID":"1334165","toID":"1334168","formEdgeID":null},{"edgeID":"1749402","fromID":"1334168","toID":"1334164","formEdgeID":null},{"edgeID":"1749403","fromID":"1334171","toID":"1334170","formEdgeID":null},{"edgeID":"1749404","fromID":"1334172","toID":"1334171","formEdgeID":null},{"edgeID":"1749405","fromID":"1334170","toID":"1334173","formEdgeID":null},{"edgeID":"1749406","fromID":"1334173","toID":"1334169","formEdgeID":null},{"edgeID":"1749407","fromID":"1334165","toID":"1334174","formEdgeID":null},{"edgeID":"1749408","fromID":"1334174","toID":"1334170","formEdgeID":null},{"edgeID":"1749409","fromID":"1334177","toID":"1334176","formEdgeID":null},{"edgeID":"1749410","fromID":"1334178","toID":"1334177","formEdgeID":null},{"edgeID":"1749411","fromID":"1334176","toID":"1334179","formEdgeID":null},{"edgeID":"1749412","fromID":"1334179","toID":"1334175","formEdgeID":null},{"edgeID":"1749413","fromID":"1334170","toID":"1334180","formEdgeID":null},{"edgeID":"1749414","fromID":"1334180","toID":"1334176","formEdgeID":null},{"edgeID":"1749415","fromID":"1334175","toID":"1334181","formEdgeID":null},{"edgeID":"1749416","fromID":"1334181","toID":"1334169","formEdgeID":null},{"edgeID":"1749417","fromID":"1334184","toID":"1334183","formEdgeID":null},{"edgeID":"1749418","fromID":"1334185","toID":"1334184","formEdgeID":null},{"edgeID":"1749419","fromID":"1334183","toID":"1334186","formEdgeID":null},{"edgeID":"1749420","fromID":"1334186","toID":"1334182","formEdgeID":null},{"edgeID":"1749421","fromID":"1334176","toID":"1334187","formEdgeID":null},{"edgeID":"1749422","fromID":"1334187","toID":"1334183","formEdgeID":null},{"edgeID":"1749423","fromID":"1334190","toID":"1334189","formEdgeID":null},{"edgeID":"1749424","fromID":"1334191","toID":"1334190","formEdgeID":null},{"edgeID":"1749425","fromID":"1334189","toID":"1334192","formEdgeID":null},{"edgeID":"1749426","fromID":"1334192","toID":"1334188","formEdgeID":null},{"edgeID":"1749427","fromID":"1334183","toID":"1334193","formEdgeID":null},{"edgeID":"1749428","fromID":"1334193","toID":"1334189","formEdgeID":null},{"edgeID":"1749429","fromID":"1334196","toID":"1334195","formEdgeID":null},{"edgeID":"1749430","fromID":"1334197","toID":"1334196","formEdgeID":null},{"edgeID":"1749431","fromID":"1334195","toID":"1334198","formEdgeID":null},{"edgeID":"1749432","fromID":"1334198","toID":"1334194","formEdgeID":null},{"edgeID":"1749433","fromID":"1334169","toID":"1334199","formEdgeID":null},{"edgeID":"1749434","fromID":"1334199","toID":"1334164","formEdgeID":null},{"edgeID":"1749435","fromID":"1334174","toID":"1334200","formEdgeID":null},{"edgeID":"1749436","fromID":"1334200","toID":"1334199","formEdgeID":null},{"edgeID":"1749437","fromID":"1334194","toID":"1334201","formEdgeID":null},{"edgeID":"1749438","fromID":"1334201","toID":"1334175","formEdgeID":null},{"edgeID":"1749439","fromID":"1334176","toID":"1334202","formEdgeID":null},{"edgeID":"1749440","fromID":"1334202","toID":"1334195","formEdgeID":null},{"edgeID":"1749441","fromID":"1334202","toID":"1334203","formEdgeID":null},{"edgeID":"1749442","fromID":"1334203","toID":"1334201","formEdgeID":null},{"edgeID":"1749443","fromID":"1334206","toID":"1334205","formEdgeID":null},{"edgeID":"1749444","fromID":"1334207","toID":"1334206","formEdgeID":null},{"edgeID":"1749445","fromID":"1334205","toID":"1334208","formEdgeID":null},{"edgeID":"1749446","fromID":"1334208","toID":"1334204","formEdgeID":null},{"edgeID":"1749447","fromID":"1334195","toID":"1334209","formEdgeID":null},{"edgeID":"1749448","fromID":"1334209","toID":"1334205","formEdgeID":null},{"edgeID":"1749449","fromID":"1334212","toID":"1334211","formEdgeID":null},{"edgeID":"1749450","fromID":"1334213","toID":"1334212","formEdgeID":null},{"edgeID":"1749451","fromID":"1334211","toID":"1334214","formEdgeID":null},{"edgeID":"1749452","fromID":"1334214","toID":"1334210","formEdgeID":null},{"edgeID":"1749453","fromID":"1334205","toID":"1334215","formEdgeID":null},{"edgeID":"1749454","fromID":"1334215","toID":"1334211","formEdgeID":null},{"edgeID":"1749455","fromID":"1334218","toID":"1334217","formEdgeID":null},{"edgeID":"1749456","fromID":"1334219","toID":"1334218","formEdgeID":null},{"edgeID":"1749457","fromID":"1334217","toID":"1334220","formEdgeID":null},{"edgeID":"1749458","fromID":"1334220","toID":"1334216","formEdgeID":null},{"edgeID":"1749459","fromID":"1334223","toID":"1334222","formEdgeID":null},{"edgeID":"1749460","fromID":"1334224","toID":"1334223","formEdgeID":null},{"edgeID":"1749461","fromID":"1334222","toID":"1334225","formEdgeID":null},{"edgeID":"1749462","fromID":"1334225","toID":"1334221","formEdgeID":null},{"edgeID":"1749463","fromID":"1334217","toID":"1334226","formEdgeID":null},{"edgeID":"1749464","fromID":"1334226","toID":"1334222","formEdgeID":null},{"edgeID":"1749465","fromID":"1334216","toID":"1334227","formEdgeID":null},{"edgeID":"1749466","fromID":"1334227","toID":"1334221","formEdgeID":null},{"edgeID":"1749467","fromID":"1334226","toID":"1334228","formEdgeID":null},{"edgeID":"1749468","fromID":"1334228","toID":"1334227","formEdgeID":null},{"edgeID":"1749469","fromID":"1334210","toID":"1334227","formEdgeID":null},{"edgeID":"1749470","fromID":"1334211","toID":"1334229","formEdgeID":null},{"edgeID":"1749471","fromID":"1334229","toID":"1334222","formEdgeID":null},{"edgeID":"1749472","fromID":"1334180","toID":"1334230","formEdgeID":null},{"edgeID":"1749473","fromID":"1334230","toID":"1334181","formEdgeID":null},{"edgeID":"1749474","fromID":"1334175","toID":"1334231","formEdgeID":null},{"edgeID":"1749475","fromID":"1334231","toID":"1334164","formEdgeID":null},{"edgeID":"1749476","fromID":"1334165","toID":"1334232","formEdgeID":null},{"edgeID":"1749477","fromID":"1334232","toID":"1334176","formEdgeID":null},{"edgeID":"1749478","fromID":"1334232","toID":"1334233","formEdgeID":null},{"edgeID":"1749479","fromID":"1334233","toID":"1334231","formEdgeID":null},{"edgeID":"1749480","fromID":"1334221","toID":"1334234","formEdgeID":null},{"edgeID":"1749481","fromID":"1334234","toID":"1334204","formEdgeID":null},{"edgeID":"1749482","fromID":"1334205","toID":"1334235","formEdgeID":null},{"edgeID":"1749483","fromID":"1334235","toID":"1334222","formEdgeID":null},{"edgeID":"1749484","fromID":"1334235","toID":"1334236","formEdgeID":null},{"edgeID":"1749485","fromID":"1334236","toID":"1334234","formEdgeID":null}],"locutions":[]}