{"nodes":[{"nodeID":"1349104","text":"the NHS is under enormous pressure","type":"I","timestamp":"2023-11-09 14:06:52"},{"nodeID":"1349105","text":"John Swinney:  it is under enormous pressure","type":"L","timestamp":"2023-11-09 14:06:52"},{"nodeID":"1349106","text":"Analysing","type":"YA","timestamp":"2023-11-09 14:06:52"},{"nodeID":"1349107","text":"Lara: John Swinney:  it is under enormous pressure","type":"L","timestamp":"2023-11-09 14:06:52"},{"nodeID":"1349108","text":"Asserting","type":"YA","timestamp":"2023-11-09 14:06:52"},{"nodeID":"1349109","text":"the enormous pressure NHS is under is about changes in demography","type":"I","timestamp":"2023-11-09 14:06:53"},{"nodeID":"1349110","text":"John Swinney: which is about changes in demography","type":"L","timestamp":"2023-11-09 14:06:53"},{"nodeID":"1349111","text":"Analysing","type":"YA","timestamp":"2023-11-09 14:06:53"},{"nodeID":"1349112","text":"Lara: John Swinney: which is about changes in demography","type":"L","timestamp":"2023-11-09 14:06:53"},{"nodeID":"1349113","text":"Asserting","type":"YA","timestamp":"2023-11-09 14:06:53"},{"nodeID":"1349114","text":"the enormous pressure the NHS is under is about increased demand in our society","type":"I","timestamp":"2023-11-09 14:06:53"},{"nodeID":"1349115","text":"John Swinney: increased demand in our society","type":"L","timestamp":"2023-11-09 14:06:53"},{"nodeID":"1349116","text":"Analysing","type":"YA","timestamp":"2023-11-09 14:06:53"},{"nodeID":"1349117","text":"Lara: John Swinney: increased demand in our society","type":"L","timestamp":"2023-11-09 14:06:53"},{"nodeID":"1349118","text":"Asserting","type":"YA","timestamp":"2023-11-09 14:06:53"},{"nodeID":"1349119","text":"Default Transition","type":"TA","timestamp":"2023-11-09 14:06:53"},{"nodeID":"1349120","text":"Default Inference","type":"RA","timestamp":"2023-11-09 14:06:53"},{"nodeID":"1349121","text":"Arguing","type":"YA","timestamp":"2023-11-09 14:06:53"},{"nodeID":"1349122","text":"Default Transition","type":"TA","timestamp":"2023-11-09 14:06:53"},{"nodeID":"1349123","text":"Default Rephrase","type":"MA","timestamp":"2023-11-09 14:06:53"},{"nodeID":"1349124","text":"Restating","type":"YA","timestamp":"2023-11-09 14:06:53"},{"nodeID":"1349125","text":"we are wrestling with the vacancy level","type":"I","timestamp":"2023-11-09 14:06:54"},{"nodeID":"1349126","text":"John Swinney: We are wrestling with the vacancy level","type":"L","timestamp":"2023-11-09 14:06:54"},{"nodeID":"1349127","text":"Analysing","type":"YA","timestamp":"2023-11-09 14:06:54"},{"nodeID":"1349128","text":"Lara: John Swinney: We are wrestling with the vacancy level","type":"L","timestamp":"2023-11-09 14:06:54"},{"nodeID":"1349129","text":"Asserting","type":"YA","timestamp":"2023-11-09 14:06:54"},{"nodeID":"1349130","text":"Default Transition","type":"TA","timestamp":"2023-11-09 14:06:54"},{"nodeID":"1349131","text":"the vacancy level comes at a time with historically low unemployment in our society","type":"I","timestamp":"2023-11-09 14:06:55"},{"nodeID":"1349132","text":"John Swinney: That comes at a time with historically low unemployment in our society","type":"L","timestamp":"2023-11-09 14:06:55"},{"nodeID":"1349133","text":"Analysing","type":"YA","timestamp":"2023-11-09 14:06:55"},{"nodeID":"1349134","text":"Lara: John Swinney: That comes at a time with historically low unemployment in our society","type":"L","timestamp":"2023-11-09 14:06:55"},{"nodeID":"1349135","text":"Asserting","type":"YA","timestamp":"2023-11-09 14:06:55"},{"nodeID":"1349136","text":"Default Transition","type":"TA","timestamp":"2023-11-09 14:06:55"},{"nodeID":"1349137","text":"Default Inference","type":"RA","timestamp":"2023-11-09 14:06:55"},{"nodeID":"1349138","text":"Arguing","type":"YA","timestamp":"2023-11-09 14:06:55"},{"nodeID":"1349139","text":"part of the historically low unemployment in our society is explained that we lost our working age population because of Brexit","type":"I","timestamp":"2023-11-09 14:06:55"},{"nodeID":"1349140","text":"John Swinney: Part of this is explained that we lost our working age population because of Brexit","type":"L","timestamp":"2023-11-09 14:06:55"},{"nodeID":"1349141","text":"Analysing","type":"YA","timestamp":"2023-11-09 14:06:55"},{"nodeID":"1349142","text":"Lara: John Swinney: Part of this is explained that we lost our working age population because of Brexit","type":"L","timestamp":"2023-11-09 14:06:55"},{"nodeID":"1349143","text":"Asserting","type":"YA","timestamp":"2023-11-09 14:06:55"},{"nodeID":"1349144","text":"we lost our working age population because of the loss of free movement and individuals","type":"I","timestamp":"2023-11-09 14:06:56"},{"nodeID":"1349145","text":"John Swinney: the loss of free movement and individuals","type":"L","timestamp":"2023-11-09 14:06:56"},{"nodeID":"1349146","text":"Analysing","type":"YA","timestamp":"2023-11-09 14:06:56"},{"nodeID":"1349147","text":"Lara: John Swinney: the loss of free movement and individuals","type":"L","timestamp":"2023-11-09 14:06:56"},{"nodeID":"1349148","text":"Asserting","type":"YA","timestamp":"2023-11-09 14:06:56"},{"nodeID":"1349149","text":"Brexit has lost a lot of people out of social care","type":"I","timestamp":"2023-11-09 14:06:57"},{"nodeID":"1349150","text":"John Swinney: It lost a lot of people out of social care","type":"L","timestamp":"2023-11-09 14:06:57"},{"nodeID":"1349151","text":"Analysing","type":"YA","timestamp":"2023-11-09 14:06:57"},{"nodeID":"1349152","text":"Lara: John Swinney: It lost a lot of people out of social care","type":"L","timestamp":"2023-11-09 14:06:57"},{"nodeID":"1349153","text":"Asserting","type":"YA","timestamp":"2023-11-09 14:06:57"},{"nodeID":"1349154","text":"our delay discharging are over 1,700","type":"I","timestamp":"2023-11-09 14:06:57"},{"nodeID":"1349155","text":"John Swinney: our delay discharging are over 1,700","type":"L","timestamp":"2023-11-09 14:06:57"},{"nodeID":"1349156","text":"Analysing","type":"YA","timestamp":"2023-11-09 14:06:57"},{"nodeID":"1349157","text":"Lara: John Swinney: our delay discharging are over 1,700","type":"L","timestamp":"2023-11-09 14:06:57"},{"nodeID":"1349158","text":"Asserting","type":"YA","timestamp":"2023-11-09 14:06:57"},{"nodeID":"1349159","text":"the delay discharging being over 1,700 are extraordinary high levels","type":"I","timestamp":"2023-11-09 14:06:58"},{"nodeID":"1349160","text":"John Swinney: Extraordinary high levels","type":"L","timestamp":"2023-11-09 14:06:58"},{"nodeID":"1349161","text":"Analysing","type":"YA","timestamp":"2023-11-09 14:06:58"},{"nodeID":"1349162","text":"Lara: John Swinney: Extraordinary high levels","type":"L","timestamp":"2023-11-09 14:06:58"},{"nodeID":"1349163","text":"Asserting","type":"YA","timestamp":"2023-11-09 14:06:58"},{"nodeID":"1349164","text":"our delay discharging being over 1,700 is clogging up our hospitals","type":"I","timestamp":"2023-11-09 14:06:59"},{"nodeID":"1349165","text":"John Swinney: that's -- forgive my terminology -- clogging up our hospitals","type":"L","timestamp":"2023-11-09 14:06:59"},{"nodeID":"1349166","text":"Analysing","type":"YA","timestamp":"2023-11-09 14:06:59"},{"nodeID":"1349167","text":"Lara: John Swinney: that's -- forgive my terminology -- clogging up our hospitals","type":"L","timestamp":"2023-11-09 14:06:59"},{"nodeID":"1349168","text":"Asserting","type":"YA","timestamp":"2023-11-09 14:06:59"},{"nodeID":"1349169","text":"our delay discharging being over 1,700 is because we don't have enough social care staff because of the loose of population","type":"I","timestamp":"2023-11-09 14:06:59"},{"nodeID":"1349170","text":"John Swinney: That's because we don't have enough social care staff because of the loose of population","type":"L","timestamp":"2023-11-09 14:06:59"},{"nodeID":"1349171","text":"Analysing","type":"YA","timestamp":"2023-11-09 14:06:59"},{"nodeID":"1349172","text":"Lara: John Swinney: That's because we don't have enough social care staff because of the loose of population","type":"L","timestamp":"2023-11-09 14:06:59"},{"nodeID":"1349173","text":"Asserting","type":"YA","timestamp":"2023-11-09 14:06:59"},{"nodeID":"1349174","text":"Default Transition","type":"TA","timestamp":"2023-11-09 14:06:59"},{"nodeID":"1349175","text":"Default Transition","type":"TA","timestamp":"2023-11-09 14:06:59"},{"nodeID":"1349176","text":"Default Rephrase","type":"MA","timestamp":"2023-11-09 14:06:59"},{"nodeID":"1349177","text":"Restating","type":"YA","timestamp":"2023-11-09 14:06:59"},{"nodeID":"1349178","text":"Default Transition","type":"TA","timestamp":"2023-11-09 14:06:59"},{"nodeID":"1349179","text":"Default Inference","type":"RA","timestamp":"2023-11-09 14:06:59"},{"nodeID":"1349180","text":"Arguing","type":"YA","timestamp":"2023-11-09 14:06:59"},{"nodeID":"1349181","text":"Default Transition","type":"TA","timestamp":"2023-11-09 14:06:59"},{"nodeID":"1349182","text":"Default Transition","type":"TA","timestamp":"2023-11-09 14:06:59"},{"nodeID":"1349183","text":"Default Transition","type":"TA","timestamp":"2023-11-09 14:06:59"},{"nodeID":"1349184","text":"Default Rephrase","type":"MA","timestamp":"2023-11-09 14:06:59"},{"nodeID":"1349185","text":"Restating","type":"YA","timestamp":"2023-11-09 14:06:59"},{"nodeID":"1349186","text":"Default Rephrase","type":"MA","timestamp":"2023-11-09 14:06:59"},{"nodeID":"1349187","text":"Restating","type":"YA","timestamp":"2023-11-09 14:06:59"},{"nodeID":"1349188","text":"Default Transition","type":"TA","timestamp":"2023-11-09 14:06:59"},{"nodeID":"1349189","text":"Default Inference","type":"RA","timestamp":"2023-11-09 14:06:59"},{"nodeID":"1349190","text":"Arguing","type":"YA","timestamp":"2023-11-09 14:06:59"}],"edges":[{"edgeID":"1767283","fromID":"1349106","toID":"1349105","formEdgeID":null},{"edgeID":"1767284","fromID":"1349107","toID":"1349106","formEdgeID":null},{"edgeID":"1767285","fromID":"1349105","toID":"1349108","formEdgeID":null},{"edgeID":"1767286","fromID":"1349108","toID":"1349104","formEdgeID":null},{"edgeID":"1767287","fromID":"1349111","toID":"1349110","formEdgeID":null},{"edgeID":"1767288","fromID":"1349112","toID":"1349111","formEdgeID":null},{"edgeID":"1767289","fromID":"1349110","toID":"1349113","formEdgeID":null},{"edgeID":"1767290","fromID":"1349113","toID":"1349109","formEdgeID":null},{"edgeID":"1767291","fromID":"1349116","toID":"1349115","formEdgeID":null},{"edgeID":"1767292","fromID":"1349117","toID":"1349116","formEdgeID":null},{"edgeID":"1767293","fromID":"1349115","toID":"1349118","formEdgeID":null},{"edgeID":"1767294","fromID":"1349118","toID":"1349114","formEdgeID":null},{"edgeID":"1767295","fromID":"1349105","toID":"1349119","formEdgeID":null},{"edgeID":"1767296","fromID":"1349119","toID":"1349110","formEdgeID":null},{"edgeID":"1767297","fromID":"1349109","toID":"1349120","formEdgeID":null},{"edgeID":"1767298","fromID":"1349120","toID":"1349104","formEdgeID":null},{"edgeID":"1767299","fromID":"1349119","toID":"1349121","formEdgeID":null},{"edgeID":"1767300","fromID":"1349121","toID":"1349120","formEdgeID":null},{"edgeID":"1767301","fromID":"1349110","toID":"1349122","formEdgeID":null},{"edgeID":"1767302","fromID":"1349122","toID":"1349115","formEdgeID":null},{"edgeID":"1767303","fromID":"1349114","toID":"1349123","formEdgeID":null},{"edgeID":"1767304","fromID":"1349123","toID":"1349109","formEdgeID":null},{"edgeID":"1767305","fromID":"1349122","toID":"1349124","formEdgeID":null},{"edgeID":"1767306","fromID":"1349124","toID":"1349123","formEdgeID":null},{"edgeID":"1767307","fromID":"1349127","toID":"1349126","formEdgeID":null},{"edgeID":"1767308","fromID":"1349128","toID":"1349127","formEdgeID":null},{"edgeID":"1767309","fromID":"1349126","toID":"1349129","formEdgeID":null},{"edgeID":"1767310","fromID":"1349129","toID":"1349125","formEdgeID":null},{"edgeID":"1767311","fromID":"1349115","toID":"1349130","formEdgeID":null},{"edgeID":"1767312","fromID":"1349130","toID":"1349126","formEdgeID":null},{"edgeID":"1767313","fromID":"1349133","toID":"1349132","formEdgeID":null},{"edgeID":"1767314","fromID":"1349134","toID":"1349133","formEdgeID":null},{"edgeID":"1767315","fromID":"1349132","toID":"1349135","formEdgeID":null},{"edgeID":"1767316","fromID":"1349135","toID":"1349131","formEdgeID":null},{"edgeID":"1767317","fromID":"1349126","toID":"1349136","formEdgeID":null},{"edgeID":"1767318","fromID":"1349136","toID":"1349132","formEdgeID":null},{"edgeID":"1767319","fromID":"1349131","toID":"1349137","formEdgeID":null},{"edgeID":"1767320","fromID":"1349137","toID":"1349125","formEdgeID":null},{"edgeID":"1767321","fromID":"1349136","toID":"1349138","formEdgeID":null},{"edgeID":"1767322","fromID":"1349138","toID":"1349137","formEdgeID":null},{"edgeID":"1767323","fromID":"1349141","toID":"1349140","formEdgeID":null},{"edgeID":"1767324","fromID":"1349142","toID":"1349141","formEdgeID":null},{"edgeID":"1767325","fromID":"1349140","toID":"1349143","formEdgeID":null},{"edgeID":"1767326","fromID":"1349143","toID":"1349139","formEdgeID":null},{"edgeID":"1767327","fromID":"1349146","toID":"1349145","formEdgeID":null},{"edgeID":"1767328","fromID":"1349147","toID":"1349146","formEdgeID":null},{"edgeID":"1767329","fromID":"1349145","toID":"1349148","formEdgeID":null},{"edgeID":"1767330","fromID":"1349148","toID":"1349144","formEdgeID":null},{"edgeID":"1767331","fromID":"1349151","toID":"1349150","formEdgeID":null},{"edgeID":"1767332","fromID":"1349152","toID":"1349151","formEdgeID":null},{"edgeID":"1767333","fromID":"1349150","toID":"1349153","formEdgeID":null},{"edgeID":"1767334","fromID":"1349153","toID":"1349149","formEdgeID":null},{"edgeID":"1767335","fromID":"1349156","toID":"1349155","formEdgeID":null},{"edgeID":"1767336","fromID":"1349157","toID":"1349156","formEdgeID":null},{"edgeID":"1767337","fromID":"1349155","toID":"1349158","formEdgeID":null},{"edgeID":"1767338","fromID":"1349158","toID":"1349154","formEdgeID":null},{"edgeID":"1767339","fromID":"1349161","toID":"1349160","formEdgeID":null},{"edgeID":"1767340","fromID":"1349162","toID":"1349161","formEdgeID":null},{"edgeID":"1767341","fromID":"1349160","toID":"1349163","formEdgeID":null},{"edgeID":"1767342","fromID":"1349163","toID":"1349159","formEdgeID":null},{"edgeID":"1767343","fromID":"1349166","toID":"1349165","formEdgeID":null},{"edgeID":"1767344","fromID":"1349167","toID":"1349166","formEdgeID":null},{"edgeID":"1767345","fromID":"1349165","toID":"1349168","formEdgeID":null},{"edgeID":"1767346","fromID":"1349168","toID":"1349164","formEdgeID":null},{"edgeID":"1767347","fromID":"1349171","toID":"1349170","formEdgeID":null},{"edgeID":"1767348","fromID":"1349172","toID":"1349171","formEdgeID":null},{"edgeID":"1767349","fromID":"1349170","toID":"1349173","formEdgeID":null},{"edgeID":"1767350","fromID":"1349173","toID":"1349169","formEdgeID":null},{"edgeID":"1767351","fromID":"1349132","toID":"1349174","formEdgeID":null},{"edgeID":"1767352","fromID":"1349174","toID":"1349140","formEdgeID":null},{"edgeID":"1767353","fromID":"1349140","toID":"1349175","formEdgeID":null},{"edgeID":"1767354","fromID":"1349175","toID":"1349145","formEdgeID":null},{"edgeID":"1767355","fromID":"1349144","toID":"1349176","formEdgeID":null},{"edgeID":"1767356","fromID":"1349176","toID":"1349139","formEdgeID":null},{"edgeID":"1767357","fromID":"1349175","toID":"1349177","formEdgeID":null},{"edgeID":"1767358","fromID":"1349177","toID":"1349176","formEdgeID":null},{"edgeID":"1767359","fromID":"1349126","toID":"1349178","formEdgeID":null},{"edgeID":"1767360","fromID":"1349178","toID":"1349150","formEdgeID":null},{"edgeID":"1767361","fromID":"1349149","toID":"1349179","formEdgeID":null},{"edgeID":"1767362","fromID":"1349179","toID":"1349125","formEdgeID":null},{"edgeID":"1767363","fromID":"1349178","toID":"1349180","formEdgeID":null},{"edgeID":"1767364","fromID":"1349180","toID":"1349179","formEdgeID":null},{"edgeID":"1767365","fromID":"1349150","toID":"1349181","formEdgeID":null},{"edgeID":"1767366","fromID":"1349181","toID":"1349155","formEdgeID":null},{"edgeID":"1767367","fromID":"1349155","toID":"1349182","formEdgeID":null},{"edgeID":"1767368","fromID":"1349182","toID":"1349160","formEdgeID":null},{"edgeID":"1767369","fromID":"1349160","toID":"1349183","formEdgeID":null},{"edgeID":"1767370","fromID":"1349183","toID":"1349165","formEdgeID":null},{"edgeID":"1767371","fromID":"1349159","toID":"1349184","formEdgeID":null},{"edgeID":"1767372","fromID":"1349184","toID":"1349154","formEdgeID":null},{"edgeID":"1767373","fromID":"1349182","toID":"1349185","formEdgeID":null},{"edgeID":"1767374","fromID":"1349185","toID":"1349184","formEdgeID":null},{"edgeID":"1767375","fromID":"1349164","toID":"1349186","formEdgeID":null},{"edgeID":"1767376","fromID":"1349186","toID":"1349159","formEdgeID":null},{"edgeID":"1767377","fromID":"1349183","toID":"1349187","formEdgeID":null},{"edgeID":"1767378","fromID":"1349187","toID":"1349186","formEdgeID":null},{"edgeID":"1767379","fromID":"1349165","toID":"1349188","formEdgeID":null},{"edgeID":"1767380","fromID":"1349188","toID":"1349170","formEdgeID":null},{"edgeID":"1767381","fromID":"1349169","toID":"1349189","formEdgeID":null},{"edgeID":"1767382","fromID":"1349189","toID":"1349164","formEdgeID":null},{"edgeID":"1767383","fromID":"1349188","toID":"1349190","formEdgeID":null},{"edgeID":"1767384","fromID":"1349190","toID":"1349189","formEdgeID":null}],"locutions":[]}