{"nodes":[{"nodeID":"1324498","text":"we live in a democracy","type":"I","timestamp":"2023-11-09 13:30:07"},{"nodeID":"1337392","text":"John Swinney is glad that the points about the events in Perth around the Tory conference were raised","type":"I","timestamp":"2023-11-09 13:49:08"},{"nodeID":"1337393","text":"John Swinney: the points about the events in Perth around the Tory conference, I'm glad it was raised","type":"L","timestamp":"2023-11-09 13:49:08"},{"nodeID":"1337394","text":"Analysing","type":"YA","timestamp":"2023-11-09 13:49:08"},{"nodeID":"1337395","text":"Rebecca: John Swinney: the points about the events in Perth around the Tory conference, I'm glad it was raised","type":"L","timestamp":"2023-11-09 13:49:08"},{"nodeID":"1337396","text":"Asserting","type":"YA","timestamp":"2023-11-09 13:49:08"},{"nodeID":"1337397","text":"John Swinney deprocates the behaviour that went on at the Tory conference","type":"I","timestamp":"2023-11-09 13:49:09"},{"nodeID":"1337398","text":"John Swinney: I deprocate the behaviour that went on","type":"L","timestamp":"2023-11-09 13:49:09"},{"nodeID":"1337399","text":"Analysing","type":"YA","timestamp":"2023-11-09 13:49:09"},{"nodeID":"1337400","text":"Rebecca: John Swinney: I deprocate the behaviour that went on","type":"L","timestamp":"2023-11-09 13:49:09"},{"nodeID":"1337401","text":"Asserting","type":"YA","timestamp":"2023-11-09 13:49:09"},{"nodeID":"1337402","text":"Default Transition","type":"TA","timestamp":"2023-11-09 13:49:09"},{"nodeID":"1337403","text":"Default Inference","type":"RA","timestamp":"2023-11-09 13:49:09"},{"nodeID":"1337404","text":"Arguing","type":"YA","timestamp":"2023-11-09 13:49:09"},{"nodeID":"1337405","text":"John Swinney was mortified by the behaviour","type":"I","timestamp":"2023-11-09 13:49:09"},{"nodeID":"1337406","text":"John Swinney: I was mortified by it","type":"L","timestamp":"2023-11-09 13:49:09"},{"nodeID":"1337407","text":"Analysing","type":"YA","timestamp":"2023-11-09 13:49:09"},{"nodeID":"1337408","text":"Rebecca: John Swinney: I was mortified by it","type":"L","timestamp":"2023-11-09 13:49:09"},{"nodeID":"1337409","text":"Asserting","type":"YA","timestamp":"2023-11-09 13:49:09"},{"nodeID":"1337410","text":"Default Transition","type":"TA","timestamp":"2023-11-09 13:49:09"},{"nodeID":"1337411","text":"Default Rephrase","type":"MA","timestamp":"2023-11-09 13:49:09"},{"nodeID":"1337412","text":"Restating","type":"YA","timestamp":"2023-11-09 13:49:09"},{"nodeID":"1337413","text":"there was a banner put up there at the conference in Perth which John Swinney is not prepared to repeat here","type":"I","timestamp":"2023-11-09 13:49:10"},{"nodeID":"1337414","text":"John Swinney: There was a banner put up there, which I'm not prepared to repeat here","type":"L","timestamp":"2023-11-09 13:49:10"},{"nodeID":"1337415","text":"Analysing","type":"YA","timestamp":"2023-11-09 13:49:10"},{"nodeID":"1337416","text":"Rebecca: John Swinney: There was a banner put up there, which I'm not prepared to repeat here","type":"L","timestamp":"2023-11-09 13:49:10"},{"nodeID":"1337417","text":"Asserting","type":"YA","timestamp":"2023-11-09 13:49:10"},{"nodeID":"1337418","text":"Default Transition","type":"TA","timestamp":"2023-11-09 13:49:10"},{"nodeID":"1337419","text":"Default Inference","type":"RA","timestamp":"2023-11-09 13:49:10"},{"nodeID":"1337420","text":"Arguing","type":"YA","timestamp":"2023-11-09 13:49:10"},{"nodeID":"1337421","text":"John Swinney had a good look at the television pickets","type":"I","timestamp":"2023-11-09 13:49:10"},{"nodeID":"1337422","text":"John Swinney: I had a good look at the television pickets","type":"L","timestamp":"2023-11-09 13:49:10"},{"nodeID":"1337423","text":"Analysing","type":"YA","timestamp":"2023-11-09 13:49:10"},{"nodeID":"1337424","text":"Rebecca: John Swinney: I had a good look at the television pickets","type":"L","timestamp":"2023-11-09 13:49:10"},{"nodeID":"1337425","text":"Asserting","type":"YA","timestamp":"2023-11-09 13:49:10"},{"nodeID":"1337426","text":"Default Transition","type":"TA","timestamp":"2023-11-09 13:49:10"},{"nodeID":"1337427","text":"John Swinney knows every member","type":"I","timestamp":"2023-11-09 13:49:11"},{"nodeID":"1337428","text":"Douglas Ross: You know every member","type":"L","timestamp":"2023-11-09 13:49:11"},{"nodeID":"1337429","text":"Analysing","type":"YA","timestamp":"2023-11-09 13:49:11"},{"nodeID":"1337430","text":"Rebecca: Douglas Ross: You know every member","type":"L","timestamp":"2023-11-09 13:49:11"},{"nodeID":"1337431","text":"Asserting","type":"YA","timestamp":"2023-11-09 13:49:11"},{"nodeID":"1337432","text":"Default Transition","type":"TA","timestamp":"2023-11-09 13:49:11"},{"nodeID":"1337433","text":"it is John Swinney's constituency","type":"I","timestamp":"2023-11-09 13:49:12"},{"nodeID":"1337434","text":"John Swinney: It's my constituency","type":"L","timestamp":"2023-11-09 13:49:12"},{"nodeID":"1337435","text":"Analysing","type":"YA","timestamp":"2023-11-09 13:49:12"},{"nodeID":"1337436","text":"Rebecca: John Swinney: It's my constituency","type":"L","timestamp":"2023-11-09 13:49:12"},{"nodeID":"1337437","text":"Asserting","type":"YA","timestamp":"2023-11-09 13:49:12"},{"nodeID":"1337438","text":"Default Transition","type":"TA","timestamp":"2023-11-09 13:49:12"},{"nodeID":"1337439","text":"Default Inference","type":"RA","timestamp":"2023-11-09 13:49:12"},{"nodeID":"1337440","text":"Arguing","type":"YA","timestamp":"2023-11-09 13:49:12"},{"nodeID":"1337441","text":"John Swinney was very concerned about the events","type":"I","timestamp":"2023-11-09 13:49:12"},{"nodeID":"1337442","text":"John Swinney: I was very concerned about it","type":"L","timestamp":"2023-11-09 13:49:12"},{"nodeID":"1337443","text":"Analysing","type":"YA","timestamp":"2023-11-09 13:49:12"},{"nodeID":"1337444","text":"Rebecca: John Swinney: I was very concerned about it","type":"L","timestamp":"2023-11-09 13:49:12"},{"nodeID":"1337445","text":"Asserting","type":"YA","timestamp":"2023-11-09 13:49:12"},{"nodeID":"1337446","text":"Default Transition","type":"TA","timestamp":"2023-11-09 13:49:12"},{"nodeID":"1337447","text":"Default Rephrase","type":"MA","timestamp":"2023-11-09 13:49:12"},{"nodeID":"1337448","text":"Restating","type":"YA","timestamp":"2023-11-09 13:49:12"},{"nodeID":"1337449","text":"the banner is from an organisation that is a very, very, very, very fringe movement organisation","type":"I","timestamp":"2023-11-09 13:49:13"},{"nodeID":"1337450","text":"John Swinney: The banner is from an organisation that is a very, very, very, very fringe movement organisation","type":"L","timestamp":"2023-11-09 13:49:13"},{"nodeID":"1337451","text":"Analysing","type":"YA","timestamp":"2023-11-09 13:49:13"},{"nodeID":"1337452","text":"Rebecca: John Swinney: The banner is from an organisation that is a very, very, very, very fringe movement organisation","type":"L","timestamp":"2023-11-09 13:49:13"},{"nodeID":"1337453","text":"Asserting","type":"YA","timestamp":"2023-11-09 13:49:13"},{"nodeID":"1337454","text":"Default Transition","type":"TA","timestamp":"2023-11-09 13:49:13"},{"nodeID":"1337455","text":"Default Rephrase","type":"MA","timestamp":"2023-11-09 13:49:13"},{"nodeID":"1337456","text":"Restating","type":"YA","timestamp":"2023-11-09 13:49:13"},{"nodeID":"1337457","text":"John Swinney does not approve of the movement","type":"I","timestamp":"2023-11-09 13:49:14"},{"nodeID":"1337458","text":"John Swinney: I don't approve of","type":"L","timestamp":"2023-11-09 13:49:14"},{"nodeID":"1337459","text":"Analysing","type":"YA","timestamp":"2023-11-09 13:49:14"},{"nodeID":"1337460","text":"Rebecca: John Swinney: I don't approve of","type":"L","timestamp":"2023-11-09 13:49:14"},{"nodeID":"1337461","text":"Asserting","type":"YA","timestamp":"2023-11-09 13:49:14"},{"nodeID":"1337462","text":"Default Transition","type":"TA","timestamp":"2023-11-09 13:49:14"},{"nodeID":"1337463","text":"Default Rephrase","type":"MA","timestamp":"2023-11-09 13:49:14"},{"nodeID":"1337464","text":"Restating","type":"YA","timestamp":"2023-11-09 13:49:14"},{"nodeID":"1337465","text":"hopefully the gentleman up there who raised the issues address that John Swinney deprecates the issue","type":"I","timestamp":"2023-11-09 13:49:14"},{"nodeID":"1337466","text":"John Swinney: hopefully the gentleman up there who raised the issues address that I deprecate the issue","type":"L","timestamp":"2023-11-09 13:49:14"},{"nodeID":"1337467","text":"Analysing","type":"YA","timestamp":"2023-11-09 13:49:14"},{"nodeID":"1337468","text":"Rebecca: John Swinney: hopefully the gentleman up there who raised the issues address that I deprecate the issue","type":"L","timestamp":"2023-11-09 13:49:14"},{"nodeID":"1337469","text":"Asserting","type":"YA","timestamp":"2023-11-09 13:49:14"},{"nodeID":"1337470","text":"Default Transition","type":"TA","timestamp":"2023-11-09 13:49:14"},{"nodeID":"1337471","text":"Default Inference","type":"RA","timestamp":"2023-11-09 13:49:14"},{"nodeID":"1337472","text":"Arguing","type":"YA","timestamp":"2023-11-09 13:49:14"},{"nodeID":"1337473","text":"John Swinney: We live in a democracy","type":"L","timestamp":"2023-11-09 13:49:14"},{"nodeID":"1337474","text":"Analysing","type":"YA","timestamp":"2023-11-09 13:49:14"},{"nodeID":"1337475","text":"Rebecca: John Swinney: We live in a democracy","type":"L","timestamp":"2023-11-09 13:49:14"},{"nodeID":"1337476","text":"Asserting","type":"YA","timestamp":"2023-11-09 13:49:14"},{"nodeID":"1337477","text":"Default Transition","type":"TA","timestamp":"2023-11-09 13:49:14"},{"nodeID":"1337478","text":"we have to have our say","type":"I","timestamp":"2023-11-09 13:49:15"},{"nodeID":"1337479","text":"John Swinney: we have to have our say","type":"L","timestamp":"2023-11-09 13:49:15"},{"nodeID":"1337480","text":"Analysing","type":"YA","timestamp":"2023-11-09 13:49:15"},{"nodeID":"1337481","text":"Rebecca: John Swinney: we have to have our say","type":"L","timestamp":"2023-11-09 13:49:15"},{"nodeID":"1337482","text":"Asserting","type":"YA","timestamp":"2023-11-09 13:49:15"},{"nodeID":"1337483","text":"Default Inference","type":"RA","timestamp":"2023-11-09 13:49:15"},{"nodeID":"1337484","text":"Default Transition","type":"TA","timestamp":"2023-11-09 13:49:15"},{"nodeID":"1337485","text":"Arguing","type":"YA","timestamp":"2023-11-09 13:49:15"},{"nodeID":"1337486","text":"we need to a civilised debate about the future of our country","type":"I","timestamp":"2023-11-09 13:49:16"},{"nodeID":"1337487","text":"John Swinney: we need to a civilised debate about the future of our country","type":"L","timestamp":"2023-11-09 13:49:16"},{"nodeID":"1337488","text":"Analysing","type":"YA","timestamp":"2023-11-09 13:49:16"},{"nodeID":"1337489","text":"Rebecca: John Swinney: we need to a civilised debate about the future of our country","type":"L","timestamp":"2023-11-09 13:49:16"},{"nodeID":"1337490","text":"Asserting","type":"YA","timestamp":"2023-11-09 13:49:16"},{"nodeID":"1337491","text":"Default Inference","type":"RA","timestamp":"2023-11-09 13:49:16"},{"nodeID":"1337492","text":"Default Transition","type":"TA","timestamp":"2023-11-09 13:49:16"},{"nodeID":"1337493","text":"Arguing","type":"YA","timestamp":"2023-11-09 13:49:16"},{"nodeID":"1337494","text":"we should have a democratic reference done on independence","type":"I","timestamp":"2023-11-09 13:49:16"},{"nodeID":"1337495","text":"John Swinney: we should have a democratic reference dumb on independence","type":"L","timestamp":"2023-11-09 13:49:16"},{"nodeID":"1337496","text":"Analysing","type":"YA","timestamp":"2023-11-09 13:49:16"},{"nodeID":"1337497","text":"Rebecca: John Swinney: we should have a democratic reference dumb on independence","type":"L","timestamp":"2023-11-09 13:49:16"},{"nodeID":"1337498","text":"Asserting","type":"YA","timestamp":"2023-11-09 13:49:16"},{"nodeID":"1337499","text":"Default Transition","type":"TA","timestamp":"2023-11-09 13:49:16"},{"nodeID":"1337500","text":"Default Inference","type":"RA","timestamp":"2023-11-09 13:49:16"},{"nodeID":"1337501","text":"Default Transition","type":"TA","timestamp":"2023-11-09 13:49:16"},{"nodeID":"1337502","text":"Default Transition","type":"TA","timestamp":"2023-11-09 13:49:16"},{"nodeID":"1337503","text":"Default Transition","type":"TA","timestamp":"2023-11-09 13:49:16"},{"nodeID":"1337504","text":"Arguing","type":"YA","timestamp":"2023-11-09 13:49:16"},{"nodeID":"1337505","text":"health and social care services are deserving of more than a clap and a pat on the back and empty promises","type":"I","timestamp":"2023-11-09 13:49:17"},{"nodeID":"1337506","text":"AudienceMember 20221020QT52: Health and social care services are deserving of more than a clap and a pat on the back and empty promises","type":"L","timestamp":"2023-11-09 13:49:17"},{"nodeID":"1337507","text":"Analysing","type":"YA","timestamp":"2023-11-09 13:49:17"},{"nodeID":"1337508","text":"Rebecca: AudienceMember 20221020QT52: Health and social care services are deserving of more than a clap and a pat on the back and empty promises","type":"L","timestamp":"2023-11-09 13:49:17"},{"nodeID":"1337509","text":"Asserting","type":"YA","timestamp":"2023-11-09 13:49:17"},{"nodeID":"1337510","text":"Default Transition","type":"TA","timestamp":"2023-11-09 13:49:17"},{"nodeID":"1337511","text":"AudienceMember 20221020QT52 was prompted by xxx to ask about health services","type":"I","timestamp":"2023-11-09 13:49:18"},{"nodeID":"1337512","text":"Fiona Bruce: What prompted you to ask this question","type":"L","timestamp":"2023-11-09 13:49:18"},{"nodeID":"1337513","text":"Analysing","type":"YA","timestamp":"2023-11-09 13:49:18"},{"nodeID":"1337514","text":"Rebecca: Fiona Bruce: What prompted you to ask this question","type":"L","timestamp":"2023-11-09 13:49:18"},{"nodeID":"1337515","text":"Pure Questioning","type":"YA","timestamp":"2023-11-09 13:49:18"},{"nodeID":"1337516","text":"Default Transition","type":"TA","timestamp":"2023-11-09 13:49:18"},{"nodeID":"1337517","text":"AudienceMember 20221020QT53 worked for the NHS for 38 years","type":"I","timestamp":"2023-11-09 13:49:18"},{"nodeID":"1337518","text":"AudienceMember 20221020QT53:  I worked for the NHS for 38 years","type":"L","timestamp":"2023-11-09 13:49:18"},{"nodeID":"1337519","text":"Analysing","type":"YA","timestamp":"2023-11-09 13:49:18"},{"nodeID":"1337520","text":"Rebecca: AudienceMember 20221020QT53:  I worked for the NHS for 38 years","type":"L","timestamp":"2023-11-09 13:49:18"},{"nodeID":"1337521","text":"Asserting","type":"YA","timestamp":"2023-11-09 13:49:18"},{"nodeID":"1337522","text":"Default Transition","type":"TA","timestamp":"2023-11-09 13:49:18"},{"nodeID":"1337523","text":"AudienceMember 20221020QT53 just retired","type":"I","timestamp":"2023-11-09 13:49:19"},{"nodeID":"1337524","text":"AudienceMember 20221020QT53:  I'm just retired","type":"L","timestamp":"2023-11-09 13:49:19"},{"nodeID":"1337525","text":"Analysing","type":"YA","timestamp":"2023-11-09 13:49:19"},{"nodeID":"1337526","text":"Rebecca: AudienceMember 20221020QT53:  I'm just retired","type":"L","timestamp":"2023-11-09 13:49:19"},{"nodeID":"1337527","text":"Asserting","type":"YA","timestamp":"2023-11-09 13:49:19"},{"nodeID":"1337528","text":"Default Transition","type":"TA","timestamp":"2023-11-09 13:49:19"},{"nodeID":"1337529","text":"Default Rephrase","type":"MA","timestamp":"2023-11-09 13:49:19"},{"nodeID":"1337530","text":"Restating","type":"YA","timestamp":"2023-11-09 13:49:19"},{"nodeID":"1337531","text":"AudienceMember 20221020QT53 is also a service user","type":"I","timestamp":"2023-11-09 13:49:20"},{"nodeID":"1337532","text":"AudienceMember 20221020QT53:  I'm also a service user","type":"L","timestamp":"2023-11-09 13:49:20"},{"nodeID":"1337533","text":"Analysing","type":"YA","timestamp":"2023-11-09 13:49:20"},{"nodeID":"1337534","text":"Rebecca: AudienceMember 20221020QT53:  I'm also a service user","type":"L","timestamp":"2023-11-09 13:49:20"},{"nodeID":"1337535","text":"Asserting","type":"YA","timestamp":"2023-11-09 13:49:20"},{"nodeID":"1337536","text":"Default Transition","type":"TA","timestamp":"2023-11-09 13:49:20"},{"nodeID":"1337537","text":"AudienceMember 20221020QT53 thinks that the NHS is a system under great stress","type":"I","timestamp":"2023-11-09 13:49:21"},{"nodeID":"1337538","text":"AudienceMember 20221020QT53: I think it is a system under great stress","type":"L","timestamp":"2023-11-09 13:49:21"},{"nodeID":"1337539","text":"Analysing","type":"YA","timestamp":"2023-11-09 13:49:21"},{"nodeID":"1337540","text":"Rebecca: AudienceMember 20221020QT53: I think it is a system under great stress","type":"L","timestamp":"2023-11-09 13:49:21"},{"nodeID":"1337541","text":"Asserting","type":"YA","timestamp":"2023-11-09 13:49:21"},{"nodeID":"1337542","text":"Default Transition","type":"TA","timestamp":"2023-11-09 13:49:21"},{"nodeID":"1337543","text":"Default Transition","type":"TA","timestamp":"2023-11-09 13:49:21"},{"nodeID":"1337544","text":"Default Inference","type":"RA","timestamp":"2023-11-09 13:49:21"},{"nodeID":"1337545","text":"Arguing","type":"YA","timestamp":"2023-11-09 13:49:21"},{"nodeID":"1337546","text":"the NHS is a system that is understaffed, underresourced, and with pressure piling on","type":"I","timestamp":"2023-11-09 13:49:21"},{"nodeID":"1337547","text":"AudienceMember 20221020QT53: understaffed, underresourced, and with pressure piling on","type":"L","timestamp":"2023-11-09 13:49:21"},{"nodeID":"1337548","text":"Analysing","type":"YA","timestamp":"2023-11-09 13:49:21"},{"nodeID":"1337549","text":"Rebecca: AudienceMember 20221020QT53: understaffed, underresourced, and with pressure piling on","type":"L","timestamp":"2023-11-09 13:49:21"},{"nodeID":"1337550","text":"Asserting","type":"YA","timestamp":"2023-11-09 13:49:21"},{"nodeID":"1337551","text":"Default Transition","type":"TA","timestamp":"2023-11-09 13:49:21"},{"nodeID":"1337552","text":"Default Inference","type":"RA","timestamp":"2023-11-09 13:49:21"},{"nodeID":"1337553","text":"Arguing","type":"YA","timestamp":"2023-11-09 13:49:21"},{"nodeID":"1337554","text":"Default Rephrase","type":"MA","timestamp":"2023-11-09 13:49:21"},{"nodeID":"1337555","text":"Default Transition","type":"TA","timestamp":"2023-11-09 13:49:21"},{"nodeID":"1337556","text":"Default Illocuting","type":"YA","timestamp":"2023-11-09 13:49:21"},{"nodeID":"1337557","text":"Default Transition","type":"TA","timestamp":"2023-11-09 13:49:21"},{"nodeID":"1337558","text":"Default Inference","type":"RA","timestamp":"2023-11-09 13:49:21"},{"nodeID":"1337559","text":"Arguing","type":"YA","timestamp":"2023-11-09 13:49:21"}],"edges":[{"edgeID":"1753277","fromID":"1337394","toID":"1337393","formEdgeID":null},{"edgeID":"1753278","fromID":"1337395","toID":"1337394","formEdgeID":null},{"edgeID":"1753279","fromID":"1337393","toID":"1337396","formEdgeID":null},{"edgeID":"1753280","fromID":"1337396","toID":"1337392","formEdgeID":null},{"edgeID":"1753281","fromID":"1337399","toID":"1337398","formEdgeID":null},{"edgeID":"1753282","fromID":"1337400","toID":"1337399","formEdgeID":null},{"edgeID":"1753283","fromID":"1337398","toID":"1337401","formEdgeID":null},{"edgeID":"1753284","fromID":"1337401","toID":"1337397","formEdgeID":null},{"edgeID":"1753285","fromID":"1337393","toID":"1337402","formEdgeID":null},{"edgeID":"1753286","fromID":"1337402","toID":"1337398","formEdgeID":null},{"edgeID":"1753287","fromID":"1337397","toID":"1337403","formEdgeID":null},{"edgeID":"1753288","fromID":"1337403","toID":"1337392","formEdgeID":null},{"edgeID":"1753289","fromID":"1337402","toID":"1337404","formEdgeID":null},{"edgeID":"1753290","fromID":"1337404","toID":"1337403","formEdgeID":null},{"edgeID":"1753291","fromID":"1337407","toID":"1337406","formEdgeID":null},{"edgeID":"1753292","fromID":"1337408","toID":"1337407","formEdgeID":null},{"edgeID":"1753293","fromID":"1337406","toID":"1337409","formEdgeID":null},{"edgeID":"1753294","fromID":"1337409","toID":"1337405","formEdgeID":null},{"edgeID":"1753295","fromID":"1337398","toID":"1337410","formEdgeID":null},{"edgeID":"1753296","fromID":"1337410","toID":"1337406","formEdgeID":null},{"edgeID":"1753297","fromID":"1337405","toID":"1337411","formEdgeID":null},{"edgeID":"1753298","fromID":"1337411","toID":"1337397","formEdgeID":null},{"edgeID":"1753299","fromID":"1337410","toID":"1337412","formEdgeID":null},{"edgeID":"1753300","fromID":"1337412","toID":"1337411","formEdgeID":null},{"edgeID":"1753301","fromID":"1337415","toID":"1337414","formEdgeID":null},{"edgeID":"1753302","fromID":"1337416","toID":"1337415","formEdgeID":null},{"edgeID":"1753303","fromID":"1337414","toID":"1337417","formEdgeID":null},{"edgeID":"1753304","fromID":"1337417","toID":"1337413","formEdgeID":null},{"edgeID":"1753305","fromID":"1337406","toID":"1337418","formEdgeID":null},{"edgeID":"1753306","fromID":"1337418","toID":"1337414","formEdgeID":null},{"edgeID":"1753307","fromID":"1337413","toID":"1337419","formEdgeID":null},{"edgeID":"1753308","fromID":"1337419","toID":"1337405","formEdgeID":null},{"edgeID":"1753309","fromID":"1337418","toID":"1337420","formEdgeID":null},{"edgeID":"1753310","fromID":"1337420","toID":"1337419","formEdgeID":null},{"edgeID":"1753311","fromID":"1337423","toID":"1337422","formEdgeID":null},{"edgeID":"1753312","fromID":"1337424","toID":"1337423","formEdgeID":null},{"edgeID":"1753313","fromID":"1337422","toID":"1337425","formEdgeID":null},{"edgeID":"1753314","fromID":"1337425","toID":"1337421","formEdgeID":null},{"edgeID":"1753315","fromID":"1337414","toID":"1337426","formEdgeID":null},{"edgeID":"1753316","fromID":"1337426","toID":"1337422","formEdgeID":null},{"edgeID":"1753317","fromID":"1337429","toID":"1337428","formEdgeID":null},{"edgeID":"1753318","fromID":"1337430","toID":"1337429","formEdgeID":null},{"edgeID":"1753319","fromID":"1337428","toID":"1337431","formEdgeID":null},{"edgeID":"1753320","fromID":"1337431","toID":"1337427","formEdgeID":null},{"edgeID":"1753321","fromID":"1337422","toID":"1337432","formEdgeID":null},{"edgeID":"1753322","fromID":"1337432","toID":"1337428","formEdgeID":null},{"edgeID":"1753323","fromID":"1337435","toID":"1337434","formEdgeID":null},{"edgeID":"1753324","fromID":"1337436","toID":"1337435","formEdgeID":null},{"edgeID":"1753325","fromID":"1337434","toID":"1337437","formEdgeID":null},{"edgeID":"1753326","fromID":"1337437","toID":"1337433","formEdgeID":null},{"edgeID":"1753327","fromID":"1337428","toID":"1337438","formEdgeID":null},{"edgeID":"1753328","fromID":"1337438","toID":"1337434","formEdgeID":null},{"edgeID":"1753329","fromID":"1337433","toID":"1337439","formEdgeID":null},{"edgeID":"1753330","fromID":"1337439","toID":"1337427","formEdgeID":null},{"edgeID":"1753331","fromID":"1337438","toID":"1337440","formEdgeID":null},{"edgeID":"1753332","fromID":"1337440","toID":"1337439","formEdgeID":null},{"edgeID":"1753333","fromID":"1337443","toID":"1337442","formEdgeID":null},{"edgeID":"1753334","fromID":"1337444","toID":"1337443","formEdgeID":null},{"edgeID":"1753335","fromID":"1337442","toID":"1337445","formEdgeID":null},{"edgeID":"1753336","fromID":"1337445","toID":"1337441","formEdgeID":null},{"edgeID":"1753337","fromID":"1337406","toID":"1337446","formEdgeID":null},{"edgeID":"1753338","fromID":"1337446","toID":"1337442","formEdgeID":null},{"edgeID":"1753339","fromID":"1337441","toID":"1337447","formEdgeID":null},{"edgeID":"1753340","fromID":"1337447","toID":"1337405","formEdgeID":null},{"edgeID":"1753341","fromID":"1337446","toID":"1337448","formEdgeID":null},{"edgeID":"1753342","fromID":"1337448","toID":"1337447","formEdgeID":null},{"edgeID":"1753343","fromID":"1337451","toID":"1337450","formEdgeID":null},{"edgeID":"1753344","fromID":"1337452","toID":"1337451","formEdgeID":null},{"edgeID":"1753345","fromID":"1337450","toID":"1337453","formEdgeID":null},{"edgeID":"1753346","fromID":"1337453","toID":"1337449","formEdgeID":null},{"edgeID":"1753347","fromID":"1337414","toID":"1337454","formEdgeID":null},{"edgeID":"1753348","fromID":"1337454","toID":"1337450","formEdgeID":null},{"edgeID":"1753349","fromID":"1337449","toID":"1337455","formEdgeID":null},{"edgeID":"1753350","fromID":"1337455","toID":"1337413","formEdgeID":null},{"edgeID":"1753351","fromID":"1337454","toID":"1337456","formEdgeID":null},{"edgeID":"1753352","fromID":"1337456","toID":"1337455","formEdgeID":null},{"edgeID":"1753353","fromID":"1337459","toID":"1337458","formEdgeID":null},{"edgeID":"1753354","fromID":"1337460","toID":"1337459","formEdgeID":null},{"edgeID":"1753355","fromID":"1337458","toID":"1337461","formEdgeID":null},{"edgeID":"1753356","fromID":"1337461","toID":"1337457","formEdgeID":null},{"edgeID":"1753357","fromID":"1337450","toID":"1337462","formEdgeID":null},{"edgeID":"1753358","fromID":"1337462","toID":"1337458","formEdgeID":null},{"edgeID":"1753359","fromID":"1337457","toID":"1337463","formEdgeID":null},{"edgeID":"1753360","fromID":"1337463","toID":"1337449","formEdgeID":null},{"edgeID":"1753361","fromID":"1337462","toID":"1337464","formEdgeID":null},{"edgeID":"1753362","fromID":"1337464","toID":"1337463","formEdgeID":null},{"edgeID":"1753363","fromID":"1337467","toID":"1337466","formEdgeID":null},{"edgeID":"1753364","fromID":"1337468","toID":"1337467","formEdgeID":null},{"edgeID":"1753365","fromID":"1337466","toID":"1337469","formEdgeID":null},{"edgeID":"1753366","fromID":"1337469","toID":"1337465","formEdgeID":null},{"edgeID":"1753367","fromID":"1337458","toID":"1337470","formEdgeID":null},{"edgeID":"1753368","fromID":"1337470","toID":"1337466","formEdgeID":null},{"edgeID":"1753369","fromID":"1337457","toID":"1337471","formEdgeID":null},{"edgeID":"1753370","fromID":"1337471","toID":"1337465","formEdgeID":null},{"edgeID":"1753371","fromID":"1337470","toID":"1337472","formEdgeID":null},{"edgeID":"1753372","fromID":"1337472","toID":"1337471","formEdgeID":null},{"edgeID":"1753373","fromID":"1337474","toID":"1337473","formEdgeID":null},{"edgeID":"1753374","fromID":"1337475","toID":"1337474","formEdgeID":null},{"edgeID":"1753375","fromID":"1337473","toID":"1337476","formEdgeID":null},{"edgeID":"1753376","fromID":"1337476","toID":"1324498","formEdgeID":null},{"edgeID":"1753377","fromID":"1337466","toID":"1337477","formEdgeID":null},{"edgeID":"1753378","fromID":"1337477","toID":"1337473","formEdgeID":null},{"edgeID":"1753379","fromID":"1337480","toID":"1337479","formEdgeID":null},{"edgeID":"1753380","fromID":"1337481","toID":"1337480","formEdgeID":null},{"edgeID":"1753381","fromID":"1337479","toID":"1337482","formEdgeID":null},{"edgeID":"1753382","fromID":"1337482","toID":"1337478","formEdgeID":null},{"edgeID":"1753383","fromID":"1324498","toID":"1337483","formEdgeID":null},{"edgeID":"1753384","fromID":"1337483","toID":"1337478","formEdgeID":null},{"edgeID":"1753385","fromID":"1337473","toID":"1337484","formEdgeID":null},{"edgeID":"1753386","fromID":"1337484","toID":"1337479","formEdgeID":null},{"edgeID":"1753387","fromID":"1337484","toID":"1337485","formEdgeID":null},{"edgeID":"1753388","fromID":"1337485","toID":"1337483","formEdgeID":null},{"edgeID":"1753389","fromID":"1337488","toID":"1337487","formEdgeID":null},{"edgeID":"1753390","fromID":"1337489","toID":"1337488","formEdgeID":null},{"edgeID":"1753391","fromID":"1337487","toID":"1337490","formEdgeID":null},{"edgeID":"1753392","fromID":"1337490","toID":"1337486","formEdgeID":null},{"edgeID":"1753393","fromID":"1324498","toID":"1337491","formEdgeID":null},{"edgeID":"1753394","fromID":"1337491","toID":"1337486","formEdgeID":null},{"edgeID":"1753395","fromID":"1337473","toID":"1337492","formEdgeID":null},{"edgeID":"1753396","fromID":"1337492","toID":"1337487","formEdgeID":null},{"edgeID":"1753397","fromID":"1337492","toID":"1337493","formEdgeID":null},{"edgeID":"1753398","fromID":"1337493","toID":"1337491","formEdgeID":null},{"edgeID":"1753399","fromID":"1337496","toID":"1337495","formEdgeID":null},{"edgeID":"1753400","fromID":"1337497","toID":"1337496","formEdgeID":null},{"edgeID":"1753401","fromID":"1337495","toID":"1337498","formEdgeID":null},{"edgeID":"1753402","fromID":"1337498","toID":"1337494","formEdgeID":null},{"edgeID":"1753403","fromID":"1337487","toID":"1337499","formEdgeID":null},{"edgeID":"1753404","fromID":"1337499","toID":"1337495","formEdgeID":null},{"edgeID":"1753405","fromID":"1337486","toID":"1337500","formEdgeID":null},{"edgeID":"1753406","fromID":"1337500","toID":"1337494","formEdgeID":null},{"edgeID":"1753407","fromID":"1337478","toID":"1337500","formEdgeID":null},{"edgeID":"1753408","fromID":"1324498","toID":"1337500","formEdgeID":null},{"edgeID":"1753409","fromID":"1337473","toID":"1337501","formEdgeID":null},{"edgeID":"1753410","fromID":"1337501","toID":"1337495","formEdgeID":null},{"edgeID":"1753411","fromID":"1337479","toID":"1337502","formEdgeID":null},{"edgeID":"1753412","fromID":"1337502","toID":"1337495","formEdgeID":null},{"edgeID":"1753413","fromID":"1337479","toID":"1337503","formEdgeID":null},{"edgeID":"1753414","fromID":"1337503","toID":"1337487","formEdgeID":null},{"edgeID":"1753415","fromID":"1337499","toID":"1337504","formEdgeID":null},{"edgeID":"1753416","fromID":"1337504","toID":"1337500","formEdgeID":null},{"edgeID":"1753417","fromID":"1337507","toID":"1337506","formEdgeID":null},{"edgeID":"1753418","fromID":"1337508","toID":"1337507","formEdgeID":null},{"edgeID":"1753419","fromID":"1337506","toID":"1337509","formEdgeID":null},{"edgeID":"1753420","fromID":"1337509","toID":"1337505","formEdgeID":null},{"edgeID":"1753421","fromID":"1337495","toID":"1337510","formEdgeID":null},{"edgeID":"1753422","fromID":"1337510","toID":"1337506","formEdgeID":null},{"edgeID":"1753423","fromID":"1337513","toID":"1337512","formEdgeID":null},{"edgeID":"1753424","fromID":"1337514","toID":"1337513","formEdgeID":null},{"edgeID":"1753425","fromID":"1337512","toID":"1337515","formEdgeID":null},{"edgeID":"1753426","fromID":"1337515","toID":"1337511","formEdgeID":null},{"edgeID":"1753427","fromID":"1337506","toID":"1337516","formEdgeID":null},{"edgeID":"1753428","fromID":"1337516","toID":"1337512","formEdgeID":null},{"edgeID":"1753429","fromID":"1337519","toID":"1337518","formEdgeID":null},{"edgeID":"1753430","fromID":"1337520","toID":"1337519","formEdgeID":null},{"edgeID":"1753431","fromID":"1337518","toID":"1337521","formEdgeID":null},{"edgeID":"1753432","fromID":"1337521","toID":"1337517","formEdgeID":null},{"edgeID":"1753433","fromID":"1337512","toID":"1337522","formEdgeID":null},{"edgeID":"1753434","fromID":"1337522","toID":"1337518","formEdgeID":null},{"edgeID":"1753435","fromID":"1337525","toID":"1337524","formEdgeID":null},{"edgeID":"1753436","fromID":"1337526","toID":"1337525","formEdgeID":null},{"edgeID":"1753437","fromID":"1337524","toID":"1337527","formEdgeID":null},{"edgeID":"1753438","fromID":"1337527","toID":"1337523","formEdgeID":null},{"edgeID":"1753439","fromID":"1337518","toID":"1337528","formEdgeID":null},{"edgeID":"1753440","fromID":"1337528","toID":"1337524","formEdgeID":null},{"edgeID":"1753441","fromID":"1337523","toID":"1337529","formEdgeID":null},{"edgeID":"1753442","fromID":"1337529","toID":"1337517","formEdgeID":null},{"edgeID":"1753443","fromID":"1337528","toID":"1337530","formEdgeID":null},{"edgeID":"1753444","fromID":"1337530","toID":"1337529","formEdgeID":null},{"edgeID":"1753445","fromID":"1337533","toID":"1337532","formEdgeID":null},{"edgeID":"1753446","fromID":"1337534","toID":"1337533","formEdgeID":null},{"edgeID":"1753447","fromID":"1337532","toID":"1337535","formEdgeID":null},{"edgeID":"1753448","fromID":"1337535","toID":"1337531","formEdgeID":null},{"edgeID":"1753449","fromID":"1337524","toID":"1337536","formEdgeID":null},{"edgeID":"1753450","fromID":"1337536","toID":"1337532","formEdgeID":null},{"edgeID":"1753451","fromID":"1337539","toID":"1337538","formEdgeID":null},{"edgeID":"1753452","fromID":"1337540","toID":"1337539","formEdgeID":null},{"edgeID":"1753453","fromID":"1337538","toID":"1337541","formEdgeID":null},{"edgeID":"1753454","fromID":"1337541","toID":"1337537","formEdgeID":null},{"edgeID":"1753455","fromID":"1337532","toID":"1337542","formEdgeID":null},{"edgeID":"1753456","fromID":"1337542","toID":"1337538","formEdgeID":null},{"edgeID":"1753457","fromID":"1337518","toID":"1337543","formEdgeID":null},{"edgeID":"1753458","fromID":"1337543","toID":"1337538","formEdgeID":null},{"edgeID":"1753459","fromID":"1337531","toID":"1337544","formEdgeID":null},{"edgeID":"1753460","fromID":"1337544","toID":"1337537","formEdgeID":null},{"edgeID":"1753461","fromID":"1337517","toID":"1337544","formEdgeID":null},{"edgeID":"1753462","fromID":"1337542","toID":"1337545","formEdgeID":null},{"edgeID":"1753463","fromID":"1337545","toID":"1337544","formEdgeID":null},{"edgeID":"1753464","fromID":"1337548","toID":"1337547","formEdgeID":null},{"edgeID":"1753465","fromID":"1337549","toID":"1337548","formEdgeID":null},{"edgeID":"1753466","fromID":"1337547","toID":"1337550","formEdgeID":null},{"edgeID":"1753467","fromID":"1337550","toID":"1337546","formEdgeID":null},{"edgeID":"1753468","fromID":"1337538","toID":"1337551","formEdgeID":null},{"edgeID":"1753469","fromID":"1337551","toID":"1337547","formEdgeID":null},{"edgeID":"1753470","fromID":"1337546","toID":"1337552","formEdgeID":null},{"edgeID":"1753471","fromID":"1337552","toID":"1337537","formEdgeID":null},{"edgeID":"1753472","fromID":"1337551","toID":"1337553","formEdgeID":null},{"edgeID":"1753473","fromID":"1337553","toID":"1337552","formEdgeID":null},{"edgeID":"1753474","fromID":"1337537","toID":"1337554","formEdgeID":null},{"edgeID":"1753475","fromID":"1337554","toID":"1337511","formEdgeID":null},{"edgeID":"1753476","fromID":"1337512","toID":"1337555","formEdgeID":null},{"edgeID":"1753477","fromID":"1337555","toID":"1337538","formEdgeID":null},{"edgeID":"1753478","fromID":"1337555","toID":"1337556","formEdgeID":null},{"edgeID":"1753479","fromID":"1337556","toID":"1337554","formEdgeID":null},{"edgeID":"1753480","fromID":"1337442","toID":"1337557","formEdgeID":null},{"edgeID":"1753481","fromID":"1337557","toID":"1337458","formEdgeID":null},{"edgeID":"1753482","fromID":"1337457","toID":"1337558","formEdgeID":null},{"edgeID":"1753483","fromID":"1337558","toID":"1337441","formEdgeID":null},{"edgeID":"1753484","fromID":"1337557","toID":"1337559","formEdgeID":null},{"edgeID":"1753485","fromID":"1337559","toID":"1337558","formEdgeID":null}],"locutions":[]}