{"nodes":[{"nodeID":"1338026","text":"the first minister's comments on the conservatives is a slip-up","type":"I","timestamp":"2023-11-09 13:50:05"},{"nodeID":"1338027","text":"Stuart Murdoch: It is a slip-up","type":"L","timestamp":"2023-11-09 13:50:05"},{"nodeID":"1338028","text":"Analysing","type":"YA","timestamp":"2023-11-09 13:50:05"},{"nodeID":"1338029","text":"Katharina: Stuart Murdoch: It is a slip-up","type":"L","timestamp":"2023-11-09 13:50:05"},{"nodeID":"1338030","text":"Asserting","type":"YA","timestamp":"2023-11-09 13:50:05"},{"nodeID":"1338031","text":"we shouldn't detest anybody, especially if you are in the business of looking after people","type":"I","timestamp":"2023-11-09 13:50:06"},{"nodeID":"1338032","text":"Stuart Murdoch: We shouldn't detest anybody, especially if you are in the business of looking after people","type":"L","timestamp":"2023-11-09 13:50:06"},{"nodeID":"1338033","text":"Analysing","type":"YA","timestamp":"2023-11-09 13:50:06"},{"nodeID":"1338034","text":"Katharina: Stuart Murdoch: We shouldn't detest anybody, especially if you are in the business of looking after people","type":"L","timestamp":"2023-11-09 13:50:06"},{"nodeID":"1338035","text":"Asserting","type":"YA","timestamp":"2023-11-09 13:50:06"},{"nodeID":"1338036","text":"Default Transition","type":"TA","timestamp":"2023-11-09 13:50:06"},{"nodeID":"1338037","text":"everybody makes a mistake and maybe we should move on","type":"I","timestamp":"2023-11-09 13:50:07"},{"nodeID":"1338038","text":"Stuart Murdoch:  everybody makes a mistake and maybe we should move on","type":"L","timestamp":"2023-11-09 13:50:07"},{"nodeID":"1338039","text":"Analysing","type":"YA","timestamp":"2023-11-09 13:50:07"},{"nodeID":"1338040","text":"Katharina: Stuart Murdoch:  everybody makes a mistake and maybe we should move on","type":"L","timestamp":"2023-11-09 13:50:07"},{"nodeID":"1338041","text":"Asserting","type":"YA","timestamp":"2023-11-09 13:50:07"},{"nodeID":"1338042","text":"Default Transition","type":"TA","timestamp":"2023-11-09 13:50:07"},{"nodeID":"1338043","text":"Default Conflict","type":"CA","timestamp":"2023-11-09 13:50:07"},{"nodeID":"1338044","text":"Disagreeing","type":"YA","timestamp":"2023-11-09 13:50:07"},{"nodeID":"1338045","text":"in the first debate I threw away a flippant line where I said let's agree in the outset that we love Scotland, hate the Tories","type":"I","timestamp":"2023-11-09 13:50:07"},{"nodeID":"1338046","text":"Anas Sarwar: In the first debate I threw away a flippant line where I said let's agree in the outset that we love Scotland, hate the Tories","type":"L","timestamp":"2023-11-09 13:50:07"},{"nodeID":"1338047","text":"Analysing","type":"YA","timestamp":"2023-11-09 13:50:07"},{"nodeID":"1338048","text":"Katharina: Anas Sarwar: In the first debate I threw away a flippant line where I said let's agree in the outset that we love Scotland, hate the Tories","type":"L","timestamp":"2023-11-09 13:50:07"},{"nodeID":"1338049","text":"Asserting","type":"YA","timestamp":"2023-11-09 13:50:07"},{"nodeID":"1338050","text":"Default Transition","type":"TA","timestamp":"2023-11-09 13:50:07"},{"nodeID":"1338051","text":"in hindsight, I regret using that language","type":"I","timestamp":"2023-11-09 13:50:08"},{"nodeID":"1338052","text":"Anas Sarwar: In hindsight, I regret using that language","type":"L","timestamp":"2023-11-09 13:50:08"},{"nodeID":"1338053","text":"Analysing","type":"YA","timestamp":"2023-11-09 13:50:08"},{"nodeID":"1338054","text":"Katharina: Anas Sarwar: In hindsight, I regret using that language","type":"L","timestamp":"2023-11-09 13:50:08"},{"nodeID":"1338055","text":"Asserting","type":"YA","timestamp":"2023-11-09 13:50:08"},{"nodeID":"1338056","text":"Default Transition","type":"TA","timestamp":"2023-11-09 13:50:08"},{"nodeID":"1338057","text":"you see all the things that happened in social media, all the tragedies we have where people are in us versus them campus, rising prejudice and hate in our society","type":"I","timestamp":"2023-11-09 13:50:09"},{"nodeID":"1338058","text":"Anas Sarwar: if you see all the things that happened in social media, all the tragedies we have where people are in us versus them campus, rising prejudice and hate in our society","type":"L","timestamp":"2023-11-09 13:50:09"},{"nodeID":"1338059","text":"Analysing","type":"YA","timestamp":"2023-11-09 13:50:09"},{"nodeID":"1338060","text":"Katharina: Anas Sarwar: if you see all the things that happened in social media, all the tragedies we have where people are in us versus them campus, rising prejudice and hate in our society","type":"L","timestamp":"2023-11-09 13:50:09"},{"nodeID":"1338061","text":"Asserting","type":"YA","timestamp":"2023-11-09 13:50:09"},{"nodeID":"1338062","text":"that kind of language is not right","type":"I","timestamp":"2023-11-09 13:50:10"},{"nodeID":"1338063","text":"Anas Sarwar: that kind of language is right","type":"L","timestamp":"2023-11-09 13:50:10"},{"nodeID":"1338064","text":"Analysing","type":"YA","timestamp":"2023-11-09 13:50:10"},{"nodeID":"1338065","text":"Katharina: Anas Sarwar: that kind of language is right","type":"L","timestamp":"2023-11-09 13:50:10"},{"nodeID":"1338066","text":"Asserting","type":"YA","timestamp":"2023-11-09 13:50:10"},{"nodeID":"1338067","text":"Default Transition","type":"TA","timestamp":"2023-11-09 13:50:10"},{"nodeID":"1338068","text":"Default Conflict","type":"CA","timestamp":"2023-11-09 13:50:10"},{"nodeID":"1338069","text":"Default Transition","type":"TA","timestamp":"2023-11-09 13:50:10"},{"nodeID":"1338070","text":"Disagreeing","type":"YA","timestamp":"2023-11-09 13:50:10"},{"nodeID":"1338071","text":"we shouldn't hate anyone","type":"I","timestamp":"2023-11-09 13:50:11"},{"nodeID":"1338072","text":"Anas Sarwar: We shouldn't hate anyone","type":"L","timestamp":"2023-11-09 13:50:11"},{"nodeID":"1338073","text":"Analysing","type":"YA","timestamp":"2023-11-09 13:50:11"},{"nodeID":"1338074","text":"Katharina: Anas Sarwar: We shouldn't hate anyone","type":"L","timestamp":"2023-11-09 13:50:11"},{"nodeID":"1338075","text":"Asserting","type":"YA","timestamp":"2023-11-09 13:50:11"},{"nodeID":"1338076","text":"Default Inference","type":"RA","timestamp":"2023-11-09 13:50:11"},{"nodeID":"1338077","text":"Arguing","type":"YA","timestamp":"2023-11-09 13:50:11"},{"nodeID":"1338078","text":"Default Conflict","type":"CA","timestamp":"2023-11-09 13:50:11"},{"nodeID":"1338079","text":"Default Transition","type":"TA","timestamp":"2023-11-09 13:50:11"},{"nodeID":"1338080","text":"we can disagree","type":"I","timestamp":"2023-11-09 13:50:12"},{"nodeID":"1338081","text":"Anas Sarwar: We can disagree","type":"L","timestamp":"2023-11-09 13:50:12"},{"nodeID":"1338082","text":"Analysing","type":"YA","timestamp":"2023-11-09 13:50:12"},{"nodeID":"1338083","text":"Katharina: Anas Sarwar: We can disagree","type":"L","timestamp":"2023-11-09 13:50:12"},{"nodeID":"1338084","text":"Asserting","type":"YA","timestamp":"2023-11-09 13:50:12"},{"nodeID":"1338085","text":"we shouldn't hate","type":"I","timestamp":"2023-11-09 13:50:13"},{"nodeID":"1338086","text":"Anas Sarwar:  we shouldn't hate","type":"L","timestamp":"2023-11-09 13:50:13"},{"nodeID":"1338087","text":"Analysing","type":"YA","timestamp":"2023-11-09 13:50:13"},{"nodeID":"1338088","text":"Katharina: Anas Sarwar:  we shouldn't hate","type":"L","timestamp":"2023-11-09 13:50:13"},{"nodeID":"1338089","text":"Asserting","type":"YA","timestamp":"2023-11-09 13:50:13"},{"nodeID":"1338090","text":"Default Conflict","type":"CA","timestamp":"2023-11-09 13:50:13"},{"nodeID":"1338091","text":"Default Transition","type":"TA","timestamp":"2023-11-09 13:50:13"},{"nodeID":"1338092","text":"Disagreeing","type":"YA","timestamp":"2023-11-09 13:50:13"},{"nodeID":"1338093","text":"Default Rephrase","type":"MA","timestamp":"2023-11-09 13:50:13"},{"nodeID":"1338094","text":"Disagreeing","type":"YA","timestamp":"2023-11-09 13:50:13"},{"nodeID":"1338095","text":"Default Transition","type":"TA","timestamp":"2023-11-09 13:50:13"},{"nodeID":"1338096","text":"Restating","type":"YA","timestamp":"2023-11-09 13:50:13"},{"nodeID":"1338097","text":"Anas Sarwar doesn't like the language of political enemies","type":"I","timestamp":"2023-11-09 13:50:13"},{"nodeID":"1338098","text":"Anas Sarwar: I don't like the language of political enemies","type":"L","timestamp":"2023-11-09 13:50:13"},{"nodeID":"1338099","text":"Analysing","type":"YA","timestamp":"2023-11-09 13:50:13"},{"nodeID":"1338100","text":"Katharina: Anas Sarwar: I don't like the language of political enemies","type":"L","timestamp":"2023-11-09 13:50:13"},{"nodeID":"1338101","text":"Asserting","type":"YA","timestamp":"2023-11-09 13:50:13"},{"nodeID":"1338102","text":"we are opponents","type":"I","timestamp":"2023-11-09 13:50:14"},{"nodeID":"1338103","text":"Anas Sarwar: we are opponents","type":"L","timestamp":"2023-11-09 13:50:14"},{"nodeID":"1338104","text":"Analysing","type":"YA","timestamp":"2023-11-09 13:50:14"},{"nodeID":"1338105","text":"Katharina: Anas Sarwar: we are opponents","type":"L","timestamp":"2023-11-09 13:50:14"},{"nodeID":"1338106","text":"Asserting","type":"YA","timestamp":"2023-11-09 13:50:14"},{"nodeID":"1338107","text":"no one is an enemy","type":"I","timestamp":"2023-11-09 13:50:15"},{"nodeID":"1338108","text":"Anas Sarwar: no one is an enemy","type":"L","timestamp":"2023-11-09 13:50:15"},{"nodeID":"1338109","text":"Analysing","type":"YA","timestamp":"2023-11-09 13:50:15"},{"nodeID":"1338110","text":"Katharina: Anas Sarwar: no one is an enemy","type":"L","timestamp":"2023-11-09 13:50:15"},{"nodeID":"1338111","text":"Asserting","type":"YA","timestamp":"2023-11-09 13:50:15"},{"nodeID":"1338112","text":"Default Conflict","type":"CA","timestamp":"2023-11-09 13:50:15"},{"nodeID":"1338113","text":"Default Transition","type":"TA","timestamp":"2023-11-09 13:50:15"},{"nodeID":"1338114","text":"Disagreeing","type":"YA","timestamp":"2023-11-09 13:50:15"},{"nodeID":"1338115","text":"Default Transition","type":"TA","timestamp":"2023-11-09 13:50:15"},{"nodeID":"1338116","text":"Default Transition","type":"TA","timestamp":"2023-11-09 13:50:15"},{"nodeID":"1338117","text":"Angela Rayner called the conservatives scum","type":"I","timestamp":"2023-11-09 13:50:16"},{"nodeID":"1338118","text":"Fiona Bruce: When she called them scum","type":"L","timestamp":"2023-11-09 13:50:16"},{"nodeID":"1338119","text":"Analysing","type":"YA","timestamp":"2023-11-09 13:50:16"},{"nodeID":"1338120","text":"Katharina: Fiona Bruce: When she called them scum","type":"L","timestamp":"2023-11-09 13:50:16"},{"nodeID":"1338121","text":"Asserting","type":"YA","timestamp":"2023-11-09 13:50:16"},{"nodeID":"1338122","text":"Default Transition","type":"TA","timestamp":"2023-11-09 13:50:16"},{"nodeID":"1338123","text":"Anas Sarwar doesn't detest anyone in politics","type":"I","timestamp":"2023-11-09 13:50:16"},{"nodeID":"1338124","text":"Anas Sarwar:  I don't detest anyone in politics","type":"L","timestamp":"2023-11-09 13:50:16"},{"nodeID":"1338125","text":"Analysing","type":"YA","timestamp":"2023-11-09 13:50:16"},{"nodeID":"1338126","text":"Katharina: Anas Sarwar:  I don't detest anyone in politics","type":"L","timestamp":"2023-11-09 13:50:16"},{"nodeID":"1338127","text":"Asserting","type":"YA","timestamp":"2023-11-09 13:50:16"},{"nodeID":"1338128","text":"Anas Sarwar doesn't detest anyone on the stage or any political leader","type":"I","timestamp":"2023-11-09 13:50:17"},{"nodeID":"1338129","text":"Anas Sarwar: I don't detest anyone on the stage or any political leader","type":"L","timestamp":"2023-11-09 13:50:17"},{"nodeID":"1338130","text":"Analysing","type":"YA","timestamp":"2023-11-09 13:50:17"},{"nodeID":"1338131","text":"Katharina: Anas Sarwar: I don't detest anyone on the stage or any political leader","type":"L","timestamp":"2023-11-09 13:50:17"},{"nodeID":"1338132","text":"Asserting","type":"YA","timestamp":"2023-11-09 13:50:17"},{"nodeID":"1338133","text":"Default Transition","type":"TA","timestamp":"2023-11-09 13:50:17"},{"nodeID":"1338134","text":"Default Transition","type":"TA","timestamp":"2023-11-09 13:50:17"},{"nodeID":"1338135","text":"Default Rephrase","type":"MA","timestamp":"2023-11-09 13:50:17"},{"nodeID":"1338136","text":"Restating","type":"YA","timestamp":"2023-11-09 13:50:17"},{"nodeID":"1338137","text":"Anas Sarwar does detest some of the things happening in this country","type":"I","timestamp":"2023-11-09 13:50:18"},{"nodeID":"1338138","text":"Anas Sarwar:  Do I detest some of the things happening in this country","type":"L","timestamp":"2023-11-09 13:50:18"},{"nodeID":"1338139","text":"Analysing","type":"YA","timestamp":"2023-11-09 13:50:18"},{"nodeID":"1338140","text":"Katharina: Anas Sarwar:  Do I detest some of the things happening in this country","type":"L","timestamp":"2023-11-09 13:50:18"},{"nodeID":"1338141","text":"Rhetorical Questioning","type":"YA","timestamp":"2023-11-09 13:50:18"},{"nodeID":"1338142","text":"Default Transition","type":"TA","timestamp":"2023-11-09 13:50:18"},{"nodeID":"1338143","text":"Anas Sarwar: Yes, I do","type":"L","timestamp":"2023-11-09 13:50:18"},{"nodeID":"1338144","text":"Analysing","type":"YA","timestamp":"2023-11-09 13:50:18"},{"nodeID":"1338145","text":"Katharina: Anas Sarwar: Yes, I do","type":"L","timestamp":"2023-11-09 13:50:18"},{"nodeID":"1338146","text":"Agreeing","type":"YA","timestamp":"2023-11-09 13:50:18"},{"nodeID":"1338147","text":"Default Transition","type":"TA","timestamp":"2023-11-09 13:50:18"},{"nodeID":"1338148","text":"Anas Sarwar detests some of the policies that has become of this country because of those policies","type":"I","timestamp":"2023-11-09 13:50:19"},{"nodeID":"1338149","text":"Anas Sarwar: Do I detest some of the policies that has become of this country because of those policies","type":"L","timestamp":"2023-11-09 13:50:19"},{"nodeID":"1338150","text":"Analysing","type":"YA","timestamp":"2023-11-09 13:50:19"},{"nodeID":"1338151","text":"Katharina: Anas Sarwar: Do I detest some of the policies that has become of this country because of those policies","type":"L","timestamp":"2023-11-09 13:50:19"},{"nodeID":"1338152","text":"Rhetorical Questioning","type":"YA","timestamp":"2023-11-09 13:50:19"},{"nodeID":"1338153","text":"Default Transition","type":"TA","timestamp":"2023-11-09 13:50:19"},{"nodeID":"1338154","text":"Analysing","type":"YA","timestamp":"2023-11-09 13:50:19"},{"nodeID":"1338155","text":"Agreeing","type":"YA","timestamp":"2023-11-09 13:50:19"},{"nodeID":"1338156","text":"Default Transition","type":"TA","timestamp":"2023-11-09 13:50:19"},{"nodeID":"1338157","text":"Anas Sarwar thinks that makes Priti Patel look mother Teresa","type":"I","timestamp":"2023-11-09 13:50:20"},{"nodeID":"1338158","text":"Anas Sarwar: Do I think that -- makes prettiy Patel look mother Teresa","type":"L","timestamp":"2023-11-09 13:50:20"},{"nodeID":"1338159","text":"Analysing","type":"YA","timestamp":"2023-11-09 13:50:20"},{"nodeID":"1338160","text":"Katharina: Anas Sarwar: Do I think that -- makes prettiy Patel look mother Teresa","type":"L","timestamp":"2023-11-09 13:50:20"},{"nodeID":"1338161","text":"Rhetorical Questioning","type":"YA","timestamp":"2023-11-09 13:50:20"},{"nodeID":"1338162","text":"what Douglas Ross misses","type":"I","timestamp":"2023-11-09 13:50:20"},{"nodeID":"1338163","text":"Anas Sarwar: What Douglas misses","type":"L","timestamp":"2023-11-09 13:50:20"},{"nodeID":"1338164","text":"Analysing","type":"YA","timestamp":"2023-11-09 13:50:20"},{"nodeID":"1338165","text":"Katharina: Anas Sarwar: What Douglas misses","type":"L","timestamp":"2023-11-09 13:50:20"},{"nodeID":"1338166","text":"Asserting","type":"YA","timestamp":"2023-11-09 13:50:20"},{"nodeID":"1338167","text":"Anas Sarwar said he was going to come to Angela Rayner","type":"I","timestamp":"2023-11-09 13:50:21"},{"nodeID":"1338168","text":"Fiona Bruce: You said you were going to come to Angela Rainer","type":"L","timestamp":"2023-11-09 13:50:21"},{"nodeID":"1338169","text":"Analysing","type":"YA","timestamp":"2023-11-09 13:50:21"},{"nodeID":"1338170","text":"Katharina: Fiona Bruce: You said you were going to come to Angela Rainer","type":"L","timestamp":"2023-11-09 13:50:21"},{"nodeID":"1338171","text":"Asserting","type":"YA","timestamp":"2023-11-09 13:50:21"},{"nodeID":"1338172","text":"Angela Rayner was or was not wrong","type":"I","timestamp":"2023-11-09 13:50:22"},{"nodeID":"1338173","text":"Fiona Bruce: Was she wrong","type":"L","timestamp":"2023-11-09 13:50:22"},{"nodeID":"1338174","text":"Analysing","type":"YA","timestamp":"2023-11-09 13:50:22"},{"nodeID":"1338175","text":"Katharina: Fiona Bruce: Was she wrong","type":"L","timestamp":"2023-11-09 13:50:22"},{"nodeID":"1338176","text":"Pure Questioning","type":"YA","timestamp":"2023-11-09 13:50:22"},{"nodeID":"1338177","text":"Default Transition","type":"TA","timestamp":"2023-11-09 13:50:22"},{"nodeID":"1338178","text":"Default Transition","type":"TA","timestamp":"2023-11-09 13:50:22"},{"nodeID":"1338179","text":"Default Transition","type":"TA","timestamp":"2023-11-09 13:50:22"},{"nodeID":"1338180","text":"Default Transition","type":"TA","timestamp":"2023-11-09 13:50:22"},{"nodeID":"1338181","text":"Angela Rayner was wrong","type":"I","timestamp":"2023-11-09 13:50:23"},{"nodeID":"1338182","text":"Anas Sarwar: She was","type":"L","timestamp":"2023-11-09 13:50:23"},{"nodeID":"1338183","text":"Analysing","type":"YA","timestamp":"2023-11-09 13:50:23"},{"nodeID":"1338184","text":"Katharina: Anas Sarwar: She was","type":"L","timestamp":"2023-11-09 13:50:23"},{"nodeID":"1338185","text":"Asserting","type":"YA","timestamp":"2023-11-09 13:50:23"},{"nodeID":"1338186","text":"Default Rephrase","type":"MA","timestamp":"2023-11-09 13:50:23"},{"nodeID":"1338187","text":"Default Transition","type":"TA","timestamp":"2023-11-09 13:50:23"},{"nodeID":"1338188","text":"Default Illocuting","type":"YA","timestamp":"2023-11-09 13:50:23"},{"nodeID":"1338189","text":"Angela Rayner apologised","type":"I","timestamp":"2023-11-09 13:50:24"},{"nodeID":"1338190","text":"Anas Sarwar: she apologised","type":"L","timestamp":"2023-11-09 13:50:24"},{"nodeID":"1338191","text":"Analysing","type":"YA","timestamp":"2023-11-09 13:50:24"},{"nodeID":"1338192","text":"Katharina: Anas Sarwar: she apologised","type":"L","timestamp":"2023-11-09 13:50:24"},{"nodeID":"1338193","text":"Asserting","type":"YA","timestamp":"2023-11-09 13:50:24"},{"nodeID":"1338194","text":"it was a gift for Nicola Sturgeon to talk about Angela Rayner detesting the Tories","type":"I","timestamp":"2023-11-09 13:50:25"},{"nodeID":"1338195","text":"Anas Sarwar:  It was a gift for Nicola Sturgeon to talk about her detesting the Tories","type":"L","timestamp":"2023-11-09 13:50:25"},{"nodeID":"1338196","text":"Analysing","type":"YA","timestamp":"2023-11-09 13:50:25"},{"nodeID":"1338197","text":"Katharina: Anas Sarwar:  It was a gift for Nicola Sturgeon to talk about her detesting the Tories","type":"L","timestamp":"2023-11-09 13:50:25"},{"nodeID":"1338198","text":"Asserting","type":"YA","timestamp":"2023-11-09 13:50:25"},{"nodeID":"1338199","text":"Default Transition","type":"TA","timestamp":"2023-11-09 13:50:25"},{"nodeID":"1338200","text":"Default Transition","type":"TA","timestamp":"2023-11-09 13:50:25"},{"nodeID":"1338201","text":"talking about Angela Rayner detesting the tories stopped talking about the 20,000 young people waiting for an employment, about the 20,000 businesses that have gone bust","type":"I","timestamp":"2023-11-09 13:50:25"},{"nodeID":"1338202","text":"Anas Sarwar: It stopped about the 20,000 young people waiting for an employment, about the 20,000 businesses that have gone bust","type":"L","timestamp":"2023-11-09 13:50:25"},{"nodeID":"1338203","text":"Analysing","type":"YA","timestamp":"2023-11-09 13:50:25"},{"nodeID":"1338204","text":"Katharina: Anas Sarwar: It stopped about the 20,000 young people waiting for an employment, about the 20,000 businesses that have gone bust","type":"L","timestamp":"2023-11-09 13:50:25"},{"nodeID":"1338205","text":"Asserting","type":"YA","timestamp":"2023-11-09 13:50:25"},{"nodeID":"1338206","text":"Default Transition","type":"TA","timestamp":"2023-11-09 13:50:25"},{"nodeID":"1338207","text":"Default Inference","type":"RA","timestamp":"2023-11-09 13:50:25"},{"nodeID":"1338208","text":"Arguing","type":"YA","timestamp":"2023-11-09 13:50:25"},{"nodeID":"1338209","text":"the Tories are a gift to the SNP","type":"I","timestamp":"2023-11-09 13:50:26"},{"nodeID":"1338210","text":"Anas Sarwar:  The Tories are a gift to the SNP","type":"L","timestamp":"2023-11-09 13:50:26"},{"nodeID":"1338211","text":"Analysing","type":"YA","timestamp":"2023-11-09 13:50:26"},{"nodeID":"1338212","text":"Katharina: Anas Sarwar:  The Tories are a gift to the SNP","type":"L","timestamp":"2023-11-09 13:50:26"},{"nodeID":"1338213","text":"Asserting","type":"YA","timestamp":"2023-11-09 13:50:26"},{"nodeID":"1338214","text":"Default Transition","type":"TA","timestamp":"2023-11-09 13:50:26"},{"nodeID":"1338215","text":"we need to get rid of the tories","type":"I","timestamp":"2023-11-09 13:50:27"},{"nodeID":"1338216","text":"Anas Sarwar: we need to get rid of them","type":"L","timestamp":"2023-11-09 13:50:27"},{"nodeID":"1338217","text":"Analysing","type":"YA","timestamp":"2023-11-09 13:50:27"},{"nodeID":"1338218","text":"Katharina: Anas Sarwar: we need to get rid of them","type":"L","timestamp":"2023-11-09 13:50:27"},{"nodeID":"1338219","text":"Asserting","type":"YA","timestamp":"2023-11-09 13:50:27"},{"nodeID":"1338220","text":"Default Inference","type":"RA","timestamp":"2023-11-09 13:50:27"},{"nodeID":"1338221","text":"Default Transition","type":"TA","timestamp":"2023-11-09 13:50:27"},{"nodeID":"1338222","text":"Arguing","type":"YA","timestamp":"2023-11-09 13:50:27"},{"nodeID":"1338223","text":"Default Inference","type":"RA","timestamp":"2023-11-09 13:50:27"},{"nodeID":"1338224","text":"Default Transition","type":"TA","timestamp":"2023-11-09 13:50:27"},{"nodeID":"1338225","text":"Arguing","type":"YA","timestamp":"2023-11-09 13:50:27"},{"nodeID":"1338226","text":"Default Inference","type":"RA","timestamp":"2023-11-09 13:50:27"},{"nodeID":"1338227","text":"Arguing","type":"YA","timestamp":"2023-11-09 13:50:27"},{"nodeID":"1338228","text":"Default Conflict","type":"CA","timestamp":"2023-11-09 13:50:27"},{"nodeID":"1338229","text":"Disagreeing","type":"YA","timestamp":"2023-11-09 13:50:27"}],"edges":[{"edgeID":"1754038","fromID":"1338028","toID":"1338027","formEdgeID":null},{"edgeID":"1754039","fromID":"1338029","toID":"1338028","formEdgeID":null},{"edgeID":"1754040","fromID":"1338027","toID":"1338030","formEdgeID":null},{"edgeID":"1754041","fromID":"1338030","toID":"1338026","formEdgeID":null},{"edgeID":"1754042","fromID":"1338033","toID":"1338032","formEdgeID":null},{"edgeID":"1754043","fromID":"1338034","toID":"1338033","formEdgeID":null},{"edgeID":"1754044","fromID":"1338032","toID":"1338035","formEdgeID":null},{"edgeID":"1754045","fromID":"1338035","toID":"1338031","formEdgeID":null},{"edgeID":"1754046","fromID":"1338027","toID":"1338036","formEdgeID":null},{"edgeID":"1754047","fromID":"1338036","toID":"1338032","formEdgeID":null},{"edgeID":"1754048","fromID":"1338039","toID":"1338038","formEdgeID":null},{"edgeID":"1754049","fromID":"1338040","toID":"1338039","formEdgeID":null},{"edgeID":"1754050","fromID":"1338038","toID":"1338041","formEdgeID":null},{"edgeID":"1754051","fromID":"1338041","toID":"1338037","formEdgeID":null},{"edgeID":"1754052","fromID":"1338032","toID":"1338042","formEdgeID":null},{"edgeID":"1754053","fromID":"1338042","toID":"1338038","formEdgeID":null},{"edgeID":"1754054","fromID":"1338037","toID":"1338043","formEdgeID":null},{"edgeID":"1754055","fromID":"1338043","toID":"1338031","formEdgeID":null},{"edgeID":"1754056","fromID":"1338042","toID":"1338044","formEdgeID":null},{"edgeID":"1754057","fromID":"1338044","toID":"1338043","formEdgeID":null},{"edgeID":"1754058","fromID":"1338047","toID":"1338046","formEdgeID":null},{"edgeID":"1754059","fromID":"1338048","toID":"1338047","formEdgeID":null},{"edgeID":"1754060","fromID":"1338046","toID":"1338049","formEdgeID":null},{"edgeID":"1754061","fromID":"1338049","toID":"1338045","formEdgeID":null},{"edgeID":"1754062","fromID":"1338038","toID":"1338050","formEdgeID":null},{"edgeID":"1754063","fromID":"1338050","toID":"1338046","formEdgeID":null},{"edgeID":"1754064","fromID":"1338053","toID":"1338052","formEdgeID":null},{"edgeID":"1754065","fromID":"1338054","toID":"1338053","formEdgeID":null},{"edgeID":"1754066","fromID":"1338052","toID":"1338055","formEdgeID":null},{"edgeID":"1754067","fromID":"1338055","toID":"1338051","formEdgeID":null},{"edgeID":"1754068","fromID":"1338046","toID":"1338056","formEdgeID":null},{"edgeID":"1754069","fromID":"1338056","toID":"1338052","formEdgeID":null},{"edgeID":"1754070","fromID":"1338059","toID":"1338058","formEdgeID":null},{"edgeID":"1754071","fromID":"1338060","toID":"1338059","formEdgeID":null},{"edgeID":"1754072","fromID":"1338058","toID":"1338061","formEdgeID":null},{"edgeID":"1754073","fromID":"1338061","toID":"1338057","formEdgeID":null},{"edgeID":"1754074","fromID":"1338064","toID":"1338063","formEdgeID":null},{"edgeID":"1754075","fromID":"1338065","toID":"1338064","formEdgeID":null},{"edgeID":"1754076","fromID":"1338063","toID":"1338066","formEdgeID":null},{"edgeID":"1754077","fromID":"1338066","toID":"1338062","formEdgeID":null},{"edgeID":"1754078","fromID":"1338052","toID":"1338067","formEdgeID":null},{"edgeID":"1754079","fromID":"1338067","toID":"1338058","formEdgeID":null},{"edgeID":"1754080","fromID":"1338062","toID":"1338068","formEdgeID":null},{"edgeID":"1754081","fromID":"1338068","toID":"1338045","formEdgeID":null},{"edgeID":"1754082","fromID":"1338046","toID":"1338069","formEdgeID":null},{"edgeID":"1754083","fromID":"1338069","toID":"1338063","formEdgeID":null},{"edgeID":"1754084","fromID":"1338069","toID":"1338070","formEdgeID":null},{"edgeID":"1754085","fromID":"1338070","toID":"1338068","formEdgeID":null},{"edgeID":"1754086","fromID":"1338073","toID":"1338072","formEdgeID":null},{"edgeID":"1754087","fromID":"1338074","toID":"1338073","formEdgeID":null},{"edgeID":"1754088","fromID":"1338072","toID":"1338075","formEdgeID":null},{"edgeID":"1754089","fromID":"1338075","toID":"1338071","formEdgeID":null},{"edgeID":"1754090","fromID":"1338057","toID":"1338076","formEdgeID":null},{"edgeID":"1754091","fromID":"1338076","toID":"1338051","formEdgeID":null},{"edgeID":"1754092","fromID":"1338067","toID":"1338077","formEdgeID":null},{"edgeID":"1754093","fromID":"1338077","toID":"1338076","formEdgeID":null},{"edgeID":"1754094","fromID":"1338071","toID":"1338078","formEdgeID":null},{"edgeID":"1754095","fromID":"1338078","toID":"1338045","formEdgeID":null},{"edgeID":"1754096","fromID":"1338046","toID":"1338079","formEdgeID":null},{"edgeID":"1754097","fromID":"1338079","toID":"1338072","formEdgeID":null},{"edgeID":"1754098","fromID":"1338082","toID":"1338081","formEdgeID":null},{"edgeID":"1754099","fromID":"1338083","toID":"1338082","formEdgeID":null},{"edgeID":"1754100","fromID":"1338081","toID":"1338084","formEdgeID":null},{"edgeID":"1754101","fromID":"1338084","toID":"1338080","formEdgeID":null},{"edgeID":"1754102","fromID":"1338087","toID":"1338086","formEdgeID":null},{"edgeID":"1754103","fromID":"1338088","toID":"1338087","formEdgeID":null},{"edgeID":"1754104","fromID":"1338086","toID":"1338089","formEdgeID":null},{"edgeID":"1754105","fromID":"1338089","toID":"1338085","formEdgeID":null},{"edgeID":"1754106","fromID":"1338085","toID":"1338090","formEdgeID":null},{"edgeID":"1754107","fromID":"1338090","toID":"1338080","formEdgeID":null},{"edgeID":"1754108","fromID":"1338081","toID":"1338091","formEdgeID":null},{"edgeID":"1754109","fromID":"1338091","toID":"1338086","formEdgeID":null},{"edgeID":"1754110","fromID":"1338091","toID":"1338092","formEdgeID":null},{"edgeID":"1754111","fromID":"1338092","toID":"1338090","formEdgeID":null},{"edgeID":"1754112","fromID":"1338085","toID":"1338093","formEdgeID":null},{"edgeID":"1754113","fromID":"1338093","toID":"1338071","formEdgeID":null},{"edgeID":"1754114","fromID":"1338079","toID":"1338094","formEdgeID":null},{"edgeID":"1754115","fromID":"1338094","toID":"1338078","formEdgeID":null},{"edgeID":"1754116","fromID":"1338072","toID":"1338095","formEdgeID":null},{"edgeID":"1754117","fromID":"1338095","toID":"1338086","formEdgeID":null},{"edgeID":"1754118","fromID":"1338095","toID":"1338096","formEdgeID":null},{"edgeID":"1754119","fromID":"1338096","toID":"1338093","formEdgeID":null},{"edgeID":"1754120","fromID":"1338099","toID":"1338098","formEdgeID":null},{"edgeID":"1754121","fromID":"1338100","toID":"1338099","formEdgeID":null},{"edgeID":"1754122","fromID":"1338098","toID":"1338101","formEdgeID":null},{"edgeID":"1754123","fromID":"1338101","toID":"1338097","formEdgeID":null},{"edgeID":"1754124","fromID":"1338104","toID":"1338103","formEdgeID":null},{"edgeID":"1754125","fromID":"1338105","toID":"1338104","formEdgeID":null},{"edgeID":"1754126","fromID":"1338103","toID":"1338106","formEdgeID":null},{"edgeID":"1754127","fromID":"1338106","toID":"1338102","formEdgeID":null},{"edgeID":"1754128","fromID":"1338109","toID":"1338108","formEdgeID":null},{"edgeID":"1754129","fromID":"1338110","toID":"1338109","formEdgeID":null},{"edgeID":"1754130","fromID":"1338108","toID":"1338111","formEdgeID":null},{"edgeID":"1754131","fromID":"1338111","toID":"1338107","formEdgeID":null},{"edgeID":"1754132","fromID":"1338107","toID":"1338112","formEdgeID":null},{"edgeID":"1754133","fromID":"1338112","toID":"1338102","formEdgeID":null},{"edgeID":"1754134","fromID":"1338103","toID":"1338113","formEdgeID":null},{"edgeID":"1754135","fromID":"1338113","toID":"1338108","formEdgeID":null},{"edgeID":"1754136","fromID":"1338113","toID":"1338114","formEdgeID":null},{"edgeID":"1754137","fromID":"1338114","toID":"1338112","formEdgeID":null},{"edgeID":"1754138","fromID":"1338098","toID":"1338115","formEdgeID":null},{"edgeID":"1754139","fromID":"1338115","toID":"1338103","formEdgeID":null},{"edgeID":"1754140","fromID":"1338086","toID":"1338116","formEdgeID":null},{"edgeID":"1754141","fromID":"1338116","toID":"1338098","formEdgeID":null},{"edgeID":"1754142","fromID":"1338119","toID":"1338118","formEdgeID":null},{"edgeID":"1754143","fromID":"1338120","toID":"1338119","formEdgeID":null},{"edgeID":"1754144","fromID":"1338118","toID":"1338121","formEdgeID":null},{"edgeID":"1754145","fromID":"1338121","toID":"1338117","formEdgeID":null},{"edgeID":"1754146","fromID":"1338108","toID":"1338122","formEdgeID":null},{"edgeID":"1754147","fromID":"1338122","toID":"1338118","formEdgeID":null},{"edgeID":"1754148","fromID":"1338125","toID":"1338124","formEdgeID":null},{"edgeID":"1754149","fromID":"1338126","toID":"1338125","formEdgeID":null},{"edgeID":"1754150","fromID":"1338124","toID":"1338127","formEdgeID":null},{"edgeID":"1754151","fromID":"1338127","toID":"1338123","formEdgeID":null},{"edgeID":"1754152","fromID":"1338130","toID":"1338129","formEdgeID":null},{"edgeID":"1754153","fromID":"1338131","toID":"1338130","formEdgeID":null},{"edgeID":"1754154","fromID":"1338129","toID":"1338132","formEdgeID":null},{"edgeID":"1754155","fromID":"1338132","toID":"1338128","formEdgeID":null},{"edgeID":"1754156","fromID":"1338118","toID":"1338133","formEdgeID":null},{"edgeID":"1754157","fromID":"1338133","toID":"1338124","formEdgeID":null},{"edgeID":"1754158","fromID":"1338124","toID":"1338134","formEdgeID":null},{"edgeID":"1754159","fromID":"1338134","toID":"1338129","formEdgeID":null},{"edgeID":"1754160","fromID":"1338128","toID":"1338135","formEdgeID":null},{"edgeID":"1754161","fromID":"1338135","toID":"1338123","formEdgeID":null},{"edgeID":"1754162","fromID":"1338134","toID":"1338136","formEdgeID":null},{"edgeID":"1754163","fromID":"1338136","toID":"1338135","formEdgeID":null},{"edgeID":"1754164","fromID":"1338139","toID":"1338138","formEdgeID":null},{"edgeID":"1754165","fromID":"1338140","toID":"1338139","formEdgeID":null},{"edgeID":"1754166","fromID":"1338138","toID":"1338141","formEdgeID":null},{"edgeID":"1754167","fromID":"1338141","toID":"1338137","formEdgeID":null},{"edgeID":"1754168","fromID":"1338129","toID":"1338142","formEdgeID":null},{"edgeID":"1754169","fromID":"1338142","toID":"1338138","formEdgeID":null},{"edgeID":"1754170","fromID":"1338144","toID":"1338143","formEdgeID":null},{"edgeID":"1754171","fromID":"1338145","toID":"1338144","formEdgeID":null},{"edgeID":"1754172","fromID":"1338143","toID":"1338146","formEdgeID":null},{"edgeID":"1754173","fromID":"1338146","toID":"1338137","formEdgeID":null},{"edgeID":"1754174","fromID":"1338138","toID":"1338147","formEdgeID":null},{"edgeID":"1754175","fromID":"1338147","toID":"1338143","formEdgeID":null},{"edgeID":"1754176","fromID":"1338150","toID":"1338149","formEdgeID":null},{"edgeID":"1754177","fromID":"1338151","toID":"1338150","formEdgeID":null},{"edgeID":"1754178","fromID":"1338149","toID":"1338152","formEdgeID":null},{"edgeID":"1754179","fromID":"1338152","toID":"1338148","formEdgeID":null},{"edgeID":"1754180","fromID":"1338143","toID":"1338153","formEdgeID":null},{"edgeID":"1754181","fromID":"1338153","toID":"1338149","formEdgeID":null},{"edgeID":"1754182","fromID":"1338154","toID":"1338143","formEdgeID":null},{"edgeID":"1754183","fromID":"1338145","toID":"1338154","formEdgeID":null},{"edgeID":"1754184","fromID":"1338143","toID":"1338155","formEdgeID":null},{"edgeID":"1754185","fromID":"1338155","toID":"1338148","formEdgeID":null},{"edgeID":"1754186","fromID":"1338149","toID":"1338156","formEdgeID":null},{"edgeID":"1754187","fromID":"1338156","toID":"1338143","formEdgeID":null},{"edgeID":"1754188","fromID":"1338159","toID":"1338158","formEdgeID":null},{"edgeID":"1754189","fromID":"1338160","toID":"1338159","formEdgeID":null},{"edgeID":"1754190","fromID":"1338158","toID":"1338161","formEdgeID":null},{"edgeID":"1754191","fromID":"1338161","toID":"1338157","formEdgeID":null},{"edgeID":"1754192","fromID":"1338164","toID":"1338163","formEdgeID":null},{"edgeID":"1754193","fromID":"1338165","toID":"1338164","formEdgeID":null},{"edgeID":"1754194","fromID":"1338163","toID":"1338166","formEdgeID":null},{"edgeID":"1754195","fromID":"1338166","toID":"1338162","formEdgeID":null},{"edgeID":"1754196","fromID":"1338169","toID":"1338168","formEdgeID":null},{"edgeID":"1754197","fromID":"1338170","toID":"1338169","formEdgeID":null},{"edgeID":"1754198","fromID":"1338168","toID":"1338171","formEdgeID":null},{"edgeID":"1754199","fromID":"1338171","toID":"1338167","formEdgeID":null},{"edgeID":"1754200","fromID":"1338174","toID":"1338173","formEdgeID":null},{"edgeID":"1754201","fromID":"1338175","toID":"1338174","formEdgeID":null},{"edgeID":"1754202","fromID":"1338173","toID":"1338176","formEdgeID":null},{"edgeID":"1754203","fromID":"1338176","toID":"1338172","formEdgeID":null},{"edgeID":"1754204","fromID":"1338143","toID":"1338177","formEdgeID":null},{"edgeID":"1754205","fromID":"1338177","toID":"1338158","formEdgeID":null},{"edgeID":"1754206","fromID":"1338158","toID":"1338178","formEdgeID":null},{"edgeID":"1754207","fromID":"1338178","toID":"1338163","formEdgeID":null},{"edgeID":"1754208","fromID":"1338163","toID":"1338179","formEdgeID":null},{"edgeID":"1754209","fromID":"1338179","toID":"1338168","formEdgeID":null},{"edgeID":"1754210","fromID":"1338168","toID":"1338180","formEdgeID":null},{"edgeID":"1754211","fromID":"1338180","toID":"1338173","formEdgeID":null},{"edgeID":"1754212","fromID":"1338183","toID":"1338182","formEdgeID":null},{"edgeID":"1754213","fromID":"1338184","toID":"1338183","formEdgeID":null},{"edgeID":"1754214","fromID":"1338182","toID":"1338185","formEdgeID":null},{"edgeID":"1754215","fromID":"1338185","toID":"1338181","formEdgeID":null},{"edgeID":"1754216","fromID":"1338181","toID":"1338186","formEdgeID":null},{"edgeID":"1754217","fromID":"1338186","toID":"1338172","formEdgeID":null},{"edgeID":"1754218","fromID":"1338173","toID":"1338187","formEdgeID":null},{"edgeID":"1754219","fromID":"1338187","toID":"1338182","formEdgeID":null},{"edgeID":"1754220","fromID":"1338187","toID":"1338188","formEdgeID":null},{"edgeID":"1754221","fromID":"1338188","toID":"1338186","formEdgeID":null},{"edgeID":"1754222","fromID":"1338191","toID":"1338190","formEdgeID":null},{"edgeID":"1754223","fromID":"1338192","toID":"1338191","formEdgeID":null},{"edgeID":"1754224","fromID":"1338190","toID":"1338193","formEdgeID":null},{"edgeID":"1754225","fromID":"1338193","toID":"1338189","formEdgeID":null},{"edgeID":"1754226","fromID":"1338196","toID":"1338195","formEdgeID":null},{"edgeID":"1754227","fromID":"1338197","toID":"1338196","formEdgeID":null},{"edgeID":"1754228","fromID":"1338195","toID":"1338198","formEdgeID":null},{"edgeID":"1754229","fromID":"1338198","toID":"1338194","formEdgeID":null},{"edgeID":"1754230","fromID":"1338182","toID":"1338199","formEdgeID":null},{"edgeID":"1754231","fromID":"1338199","toID":"1338190","formEdgeID":null},{"edgeID":"1754232","fromID":"1338190","toID":"1338200","formEdgeID":null},{"edgeID":"1754233","fromID":"1338200","toID":"1338195","formEdgeID":null},{"edgeID":"1754234","fromID":"1338203","toID":"1338202","formEdgeID":null},{"edgeID":"1754235","fromID":"1338204","toID":"1338203","formEdgeID":null},{"edgeID":"1754236","fromID":"1338202","toID":"1338205","formEdgeID":null},{"edgeID":"1754237","fromID":"1338205","toID":"1338201","formEdgeID":null},{"edgeID":"1754238","fromID":"1338195","toID":"1338206","formEdgeID":null},{"edgeID":"1754239","fromID":"1338206","toID":"1338202","formEdgeID":null},{"edgeID":"1754240","fromID":"1338201","toID":"1338207","formEdgeID":null},{"edgeID":"1754241","fromID":"1338207","toID":"1338194","formEdgeID":null},{"edgeID":"1754242","fromID":"1338206","toID":"1338208","formEdgeID":null},{"edgeID":"1754243","fromID":"1338208","toID":"1338207","formEdgeID":null},{"edgeID":"1754244","fromID":"1338211","toID":"1338210","formEdgeID":null},{"edgeID":"1754245","fromID":"1338212","toID":"1338211","formEdgeID":null},{"edgeID":"1754246","fromID":"1338210","toID":"1338213","formEdgeID":null},{"edgeID":"1754247","fromID":"1338213","toID":"1338209","formEdgeID":null},{"edgeID":"1754248","fromID":"1338202","toID":"1338214","formEdgeID":null},{"edgeID":"1754249","fromID":"1338214","toID":"1338210","formEdgeID":null},{"edgeID":"1754250","fromID":"1338217","toID":"1338216","formEdgeID":null},{"edgeID":"1754251","fromID":"1338218","toID":"1338217","formEdgeID":null},{"edgeID":"1754252","fromID":"1338216","toID":"1338219","formEdgeID":null},{"edgeID":"1754253","fromID":"1338219","toID":"1338215","formEdgeID":null},{"edgeID":"1754254","fromID":"1338209","toID":"1338220","formEdgeID":null},{"edgeID":"1754255","fromID":"1338220","toID":"1338215","formEdgeID":null},{"edgeID":"1754256","fromID":"1338210","toID":"1338221","formEdgeID":null},{"edgeID":"1754257","fromID":"1338221","toID":"1338216","formEdgeID":null},{"edgeID":"1754258","fromID":"1338221","toID":"1338222","formEdgeID":null},{"edgeID":"1754259","fromID":"1338222","toID":"1338220","formEdgeID":null},{"edgeID":"1754260","fromID":"1338057","toID":"1338223","formEdgeID":null},{"edgeID":"1754261","fromID":"1338223","toID":"1338062","formEdgeID":null},{"edgeID":"1754262","fromID":"1338058","toID":"1338224","formEdgeID":null},{"edgeID":"1754263","fromID":"1338224","toID":"1338063","formEdgeID":null},{"edgeID":"1754264","fromID":"1338224","toID":"1338225","formEdgeID":null},{"edgeID":"1754265","fromID":"1338225","toID":"1338223","formEdgeID":null},{"edgeID":"1754266","fromID":"1338102","toID":"1338226","formEdgeID":null},{"edgeID":"1754267","fromID":"1338226","toID":"1338097","formEdgeID":null},{"edgeID":"1754268","fromID":"1338115","toID":"1338227","formEdgeID":null},{"edgeID":"1754269","fromID":"1338227","toID":"1338226","formEdgeID":null},{"edgeID":"1754270","fromID":"1338189","toID":"1338228","formEdgeID":null},{"edgeID":"1754271","fromID":"1338228","toID":"1338181","formEdgeID":null},{"edgeID":"1754272","fromID":"1338199","toID":"1338229","formEdgeID":null},{"edgeID":"1754273","fromID":"1338229","toID":"1338228","formEdgeID":null}],"locutions":[]}