{"nodes":[{"nodeID":"1348550","text":"at the SNP conference up in Aberdeen this week, at the start of the week, the NHS were criticised by the SNP Health Secretary who told nurses to stop patronising them","type":"I","timestamp":"2023-11-09 14:05:58"},{"nodeID":"1348551","text":"Douglas Ross: At the SNP conference up in Aberdeen this week, at the start of the week, the NHS were criticised by the SNP Health Secretary who told nurses to stop patronising them","type":"L","timestamp":"2023-11-09 14:05:58"},{"nodeID":"1348552","text":"Analysing","type":"YA","timestamp":"2023-11-09 14:05:58"},{"nodeID":"1348553","text":"Anon: Douglas Ross: At the SNP conference up in Aberdeen this week, at the start of the week, the NHS were criticised by the SNP Health Secretary who told nurses to stop patronising them","type":"L","timestamp":"2023-11-09 14:05:58"},{"nodeID":"1348554","text":"Asserting","type":"YA","timestamp":"2023-11-09 14:05:58"},{"nodeID":"1348555","text":"nurses are not being helped by this government","type":"I","timestamp":"2023-11-09 14:05:59"},{"nodeID":"1348556","text":"Douglas Ross: They are not being helped by this government","type":"L","timestamp":"2023-11-09 14:05:59"},{"nodeID":"1348557","text":"Analysing","type":"YA","timestamp":"2023-11-09 14:05:59"},{"nodeID":"1348558","text":"Anon: Douglas Ross: They are not being helped by this government","type":"L","timestamp":"2023-11-09 14:05:59"},{"nodeID":"1348559","text":"Asserting","type":"YA","timestamp":"2023-11-09 14:05:59"},{"nodeID":"1348560","text":"we see, week after week, when we think any waiting times have hit their worst ever level, we just have to wait seven days","type":"I","timestamp":"2023-11-09 14:06:00"},{"nodeID":"1348561","text":"Douglas Ross: We see, week after week, when we think any waiting times have hit their worst ever level, we just have to wait seven days","type":"L","timestamp":"2023-11-09 14:06:00"},{"nodeID":"1348562","text":"Analysing","type":"YA","timestamp":"2023-11-09 14:06:00"},{"nodeID":"1348563","text":"Anon: Douglas Ross: We see, week after week, when we think any waiting times have hit their worst ever level, we just have to wait seven days","type":"L","timestamp":"2023-11-09 14:06:00"},{"nodeID":"1348564","text":"Asserting","type":"YA","timestamp":"2023-11-09 14:06:00"},{"nodeID":"1348565","text":"the next week's figures are even worse","type":"I","timestamp":"2023-11-09 14:06:00"},{"nodeID":"1348566","text":"Douglas Ross: the next week's figures are even worse","type":"L","timestamp":"2023-11-09 14:06:00"},{"nodeID":"1348567","text":"Analysing","type":"YA","timestamp":"2023-11-09 14:06:00"},{"nodeID":"1348568","text":"Anon: Douglas Ross: the next week's figures are even worse","type":"L","timestamp":"2023-11-09 14:06:00"},{"nodeID":"1348569","text":"Asserting","type":"YA","timestamp":"2023-11-09 14:06:00"},{"nodeID":"1348570","text":"cancer waiting times are at their highest ever level","type":"I","timestamp":"2023-11-09 14:06:01"},{"nodeID":"1348571","text":"Douglas Ross: Cancer waiting times are at their highest ever level","type":"L","timestamp":"2023-11-09 14:06:01"},{"nodeID":"1348572","text":"Analysing","type":"YA","timestamp":"2023-11-09 14:06:01"},{"nodeID":"1348573","text":"Anon: Douglas Ross: Cancer waiting times are at their highest ever level","type":"L","timestamp":"2023-11-09 14:06:01"},{"nodeID":"1348574","text":"Asserting","type":"YA","timestamp":"2023-11-09 14:06:01"},{"nodeID":"1348575","text":"there are problems in GP surgeries, problems in hospitals, and an issue that was mentioned was social care","type":"I","timestamp":"2023-11-09 14:06:02"},{"nodeID":"1348576","text":"Douglas Ross: Problems in GP surgeries, problems in hospitals, and an issue that was mentioned was social care","type":"L","timestamp":"2023-11-09 14:06:02"},{"nodeID":"1348577","text":"Analysing","type":"YA","timestamp":"2023-11-09 14:06:02"},{"nodeID":"1348578","text":"Anon: Douglas Ross: Problems in GP surgeries, problems in hospitals, and an issue that was mentioned was social care","type":"L","timestamp":"2023-11-09 14:06:02"},{"nodeID":"1348579","text":"Asserting","type":"YA","timestamp":"2023-11-09 14:06:02"},{"nodeID":"1348580","text":"Default Transition","type":"TA","timestamp":"2023-11-09 14:06:02"},{"nodeID":"1348581","text":"Default Transition","type":"TA","timestamp":"2023-11-09 14:06:02"},{"nodeID":"1348582","text":"Default Transition","type":"TA","timestamp":"2023-11-09 14:06:02"},{"nodeID":"1348583","text":"Default Inference","type":"RA","timestamp":"2023-11-09 14:06:02"},{"nodeID":"1348584","text":"Arguing","type":"YA","timestamp":"2023-11-09 14:06:02"},{"nodeID":"1348585","text":"Default Rephrase","type":"MA","timestamp":"2023-11-09 14:06:02"},{"nodeID":"1348586","text":"Default Transition","type":"TA","timestamp":"2023-11-09 14:06:02"},{"nodeID":"1348587","text":"Restating","type":"YA","timestamp":"2023-11-09 14:06:02"},{"nodeID":"1348588","text":"Default Transition","type":"TA","timestamp":"2023-11-09 14:06:02"},{"nodeID":"1348589","text":"we focus a lot, rightly, on the NHS","type":"I","timestamp":"2023-11-09 14:06:02"},{"nodeID":"1348590","text":"Douglas Ross: We focus a lot, rightly, on the NHS","type":"L","timestamp":"2023-11-09 14:06:02"},{"nodeID":"1348591","text":"Analysing","type":"YA","timestamp":"2023-11-09 14:06:02"},{"nodeID":"1348592","text":"Anon: Douglas Ross: We focus a lot, rightly, on the NHS","type":"L","timestamp":"2023-11-09 14:06:02"},{"nodeID":"1348593","text":"Asserting","type":"YA","timestamp":"2023-11-09 14:06:02"},{"nodeID":"1348594","text":"we're not doing enough to help the social care sector","type":"I","timestamp":"2023-11-09 14:06:03"},{"nodeID":"1348595","text":"Douglas Ross: we're not doing enough to help the social care sector","type":"L","timestamp":"2023-11-09 14:06:03"},{"nodeID":"1348596","text":"Analysing","type":"YA","timestamp":"2023-11-09 14:06:03"},{"nodeID":"1348597","text":"Anon: Douglas Ross: we're not doing enough to help the social care sector","type":"L","timestamp":"2023-11-09 14:06:03"},{"nodeID":"1348598","text":"Asserting","type":"YA","timestamp":"2023-11-09 14:06:03"},{"nodeID":"1348599","text":"John Swinney should go away and reflect","type":"I","timestamp":"2023-11-09 14:06:04"},{"nodeID":"1348600","text":"Douglas Ross: John will go away and look at that","type":"L","timestamp":"2023-11-09 14:06:04"},{"nodeID":"1348601","text":"Analysing","type":"YA","timestamp":"2023-11-09 14:06:04"},{"nodeID":"1348602","text":"Anon: Douglas Ross: John will go away and look at that","type":"L","timestamp":"2023-11-09 14:06:04"},{"nodeID":"1348603","text":"Asserting","type":"YA","timestamp":"2023-11-09 14:06:04"},{"nodeID":"1348604","text":"we need to be investing more in our NHS, get the waiting times down and ensure people can get the care they need in their local community","type":"I","timestamp":"2023-11-09 14:06:04"},{"nodeID":"1348605","text":"Douglas Ross: We need to be investing more in our NHS, get the waiting times down and ensure people can get the care they need in their local community","type":"L","timestamp":"2023-11-09 14:06:04"},{"nodeID":"1348606","text":"Analysing","type":"YA","timestamp":"2023-11-09 14:06:04"},{"nodeID":"1348607","text":"Anon: Douglas Ross: We need to be investing more in our NHS, get the waiting times down and ensure people can get the care they need in their local community","type":"L","timestamp":"2023-11-09 14:06:04"},{"nodeID":"1348608","text":"Asserting","type":"YA","timestamp":"2023-11-09 14:06:04"},{"nodeID":"1348609","text":"Default Transition","type":"TA","timestamp":"2023-11-09 14:06:04"},{"nodeID":"1348610","text":"Default Transition","type":"TA","timestamp":"2023-11-09 14:06:04"},{"nodeID":"1348611","text":"Default Transition","type":"TA","timestamp":"2023-11-09 14:06:04"},{"nodeID":"1348612","text":"Default Conflict","type":"CA","timestamp":"2023-11-09 14:06:04"},{"nodeID":"1348613","text":"Disagreeing","type":"YA","timestamp":"2023-11-09 14:06:04"},{"nodeID":"1348614","text":"Default Inference","type":"RA","timestamp":"2023-11-09 14:06:04"},{"nodeID":"1348615","text":"Arguing","type":"YA","timestamp":"2023-11-09 14:06:04"},{"nodeID":"1348616","text":"John Swinney's response is damaging","type":"I","timestamp":"2023-11-09 14:06:05"},{"nodeID":"1348617","text":"Douglas Ross: they are damaging","type":"L","timestamp":"2023-11-09 14:06:05"},{"nodeID":"1348618","text":"Analysing","type":"YA","timestamp":"2023-11-09 14:06:05"},{"nodeID":"1348619","text":"Anon: Douglas Ross: they are damaging","type":"L","timestamp":"2023-11-09 14:06:05"},{"nodeID":"1348620","text":"Asserting","type":"YA","timestamp":"2023-11-09 14:06:05"},{"nodeID":"1348621","text":"Default Transition","type":"TA","timestamp":"2023-11-09 14:06:05"},{"nodeID":"1348622","text":"John Swinney's response is going to take away the local issues","type":"I","timestamp":"2023-11-09 14:06:06"},{"nodeID":"1348623","text":"Douglas Ross: they are going to take away the local issues","type":"L","timestamp":"2023-11-09 14:06:06"},{"nodeID":"1348624","text":"Analysing","type":"YA","timestamp":"2023-11-09 14:06:06"},{"nodeID":"1348625","text":"Anon: Douglas Ross: they are going to take away the local issues","type":"L","timestamp":"2023-11-09 14:06:06"},{"nodeID":"1348626","text":"Asserting","type":"YA","timestamp":"2023-11-09 14:06:06"},{"nodeID":"1348627","text":"Default Inference","type":"RA","timestamp":"2023-11-09 14:06:06"},{"nodeID":"1348628","text":"Default Transition","type":"TA","timestamp":"2023-11-09 14:06:06"},{"nodeID":"1348629","text":"Arguing","type":"YA","timestamp":"2023-11-09 14:06:06"},{"nodeID":"1348630","text":"Default Inference","type":"RA","timestamp":"2023-11-09 14:06:06"},{"nodeID":"1348631","text":"Default Transition","type":"TA","timestamp":"2023-11-09 14:06:06"},{"nodeID":"1348632","text":"Arguing","type":"YA","timestamp":"2023-11-09 14:06:06"}],"edges":[{"edgeID":"1766637","fromID":"1348552","toID":"1348551","formEdgeID":null},{"edgeID":"1766638","fromID":"1348553","toID":"1348552","formEdgeID":null},{"edgeID":"1766639","fromID":"1348551","toID":"1348554","formEdgeID":null},{"edgeID":"1766640","fromID":"1348554","toID":"1348550","formEdgeID":null},{"edgeID":"1766641","fromID":"1348557","toID":"1348556","formEdgeID":null},{"edgeID":"1766642","fromID":"1348558","toID":"1348557","formEdgeID":null},{"edgeID":"1766643","fromID":"1348556","toID":"1348559","formEdgeID":null},{"edgeID":"1766644","fromID":"1348559","toID":"1348555","formEdgeID":null},{"edgeID":"1766645","fromID":"1348562","toID":"1348561","formEdgeID":null},{"edgeID":"1766646","fromID":"1348563","toID":"1348562","formEdgeID":null},{"edgeID":"1766647","fromID":"1348561","toID":"1348564","formEdgeID":null},{"edgeID":"1766648","fromID":"1348564","toID":"1348560","formEdgeID":null},{"edgeID":"1766649","fromID":"1348567","toID":"1348566","formEdgeID":null},{"edgeID":"1766650","fromID":"1348568","toID":"1348567","formEdgeID":null},{"edgeID":"1766651","fromID":"1348566","toID":"1348569","formEdgeID":null},{"edgeID":"1766652","fromID":"1348569","toID":"1348565","formEdgeID":null},{"edgeID":"1766653","fromID":"1348572","toID":"1348571","formEdgeID":null},{"edgeID":"1766654","fromID":"1348573","toID":"1348572","formEdgeID":null},{"edgeID":"1766655","fromID":"1348571","toID":"1348574","formEdgeID":null},{"edgeID":"1766656","fromID":"1348574","toID":"1348570","formEdgeID":null},{"edgeID":"1766657","fromID":"1348577","toID":"1348576","formEdgeID":null},{"edgeID":"1766658","fromID":"1348578","toID":"1348577","formEdgeID":null},{"edgeID":"1766659","fromID":"1348576","toID":"1348579","formEdgeID":null},{"edgeID":"1766660","fromID":"1348579","toID":"1348575","formEdgeID":null},{"edgeID":"1766661","fromID":"1348551","toID":"1348580","formEdgeID":null},{"edgeID":"1766662","fromID":"1348580","toID":"1348556","formEdgeID":null},{"edgeID":"1766663","fromID":"1348556","toID":"1348581","formEdgeID":null},{"edgeID":"1766664","fromID":"1348581","toID":"1348561","formEdgeID":null},{"edgeID":"1766665","fromID":"1348561","toID":"1348582","formEdgeID":null},{"edgeID":"1766666","fromID":"1348582","toID":"1348566","formEdgeID":null},{"edgeID":"1766667","fromID":"1348565","toID":"1348583","formEdgeID":null},{"edgeID":"1766668","fromID":"1348583","toID":"1348560","formEdgeID":null},{"edgeID":"1766669","fromID":"1348582","toID":"1348584","formEdgeID":null},{"edgeID":"1766670","fromID":"1348584","toID":"1348583","formEdgeID":null},{"edgeID":"1766671","fromID":"1348570","toID":"1348585","formEdgeID":null},{"edgeID":"1766672","fromID":"1348585","toID":"1348565","formEdgeID":null},{"edgeID":"1766673","fromID":"1348566","toID":"1348586","formEdgeID":null},{"edgeID":"1766674","fromID":"1348586","toID":"1348571","formEdgeID":null},{"edgeID":"1766675","fromID":"1348586","toID":"1348587","formEdgeID":null},{"edgeID":"1766676","fromID":"1348587","toID":"1348585","formEdgeID":null},{"edgeID":"1766677","fromID":"1348571","toID":"1348588","formEdgeID":null},{"edgeID":"1766678","fromID":"1348588","toID":"1348576","formEdgeID":null},{"edgeID":"1766679","fromID":"1348591","toID":"1348590","formEdgeID":null},{"edgeID":"1766680","fromID":"1348592","toID":"1348591","formEdgeID":null},{"edgeID":"1766681","fromID":"1348590","toID":"1348593","formEdgeID":null},{"edgeID":"1766682","fromID":"1348593","toID":"1348589","formEdgeID":null},{"edgeID":"1766683","fromID":"1348596","toID":"1348595","formEdgeID":null},{"edgeID":"1766684","fromID":"1348597","toID":"1348596","formEdgeID":null},{"edgeID":"1766685","fromID":"1348595","toID":"1348598","formEdgeID":null},{"edgeID":"1766686","fromID":"1348598","toID":"1348594","formEdgeID":null},{"edgeID":"1766687","fromID":"1348601","toID":"1348600","formEdgeID":null},{"edgeID":"1766688","fromID":"1348602","toID":"1348601","formEdgeID":null},{"edgeID":"1766689","fromID":"1348600","toID":"1348603","formEdgeID":null},{"edgeID":"1766690","fromID":"1348603","toID":"1348599","formEdgeID":null},{"edgeID":"1766691","fromID":"1348606","toID":"1348605","formEdgeID":null},{"edgeID":"1766692","fromID":"1348607","toID":"1348606","formEdgeID":null},{"edgeID":"1766693","fromID":"1348605","toID":"1348608","formEdgeID":null},{"edgeID":"1766694","fromID":"1348608","toID":"1348604","formEdgeID":null},{"edgeID":"1766695","fromID":"1348576","toID":"1348609","formEdgeID":null},{"edgeID":"1766696","fromID":"1348609","toID":"1348590","formEdgeID":null},{"edgeID":"1766697","fromID":"1348590","toID":"1348610","formEdgeID":null},{"edgeID":"1766698","fromID":"1348610","toID":"1348595","formEdgeID":null},{"edgeID":"1766699","fromID":"1348600","toID":"1348611","formEdgeID":null},{"edgeID":"1766700","fromID":"1348611","toID":"1348605","formEdgeID":null},{"edgeID":"1766701","fromID":"1348594","toID":"1348612","formEdgeID":null},{"edgeID":"1766702","fromID":"1348612","toID":"1348589","formEdgeID":null},{"edgeID":"1766703","fromID":"1348610","toID":"1348613","formEdgeID":null},{"edgeID":"1766704","fromID":"1348613","toID":"1348612","formEdgeID":null},{"edgeID":"1766705","fromID":"1348604","toID":"1348614","formEdgeID":null},{"edgeID":"1766706","fromID":"1348614","toID":"1348599","formEdgeID":null},{"edgeID":"1766707","fromID":"1348611","toID":"1348615","formEdgeID":null},{"edgeID":"1766708","fromID":"1348615","toID":"1348614","formEdgeID":null},{"edgeID":"1766709","fromID":"1348618","toID":"1348617","formEdgeID":null},{"edgeID":"1766710","fromID":"1348619","toID":"1348618","formEdgeID":null},{"edgeID":"1766711","fromID":"1348617","toID":"1348620","formEdgeID":null},{"edgeID":"1766712","fromID":"1348620","toID":"1348616","formEdgeID":null},{"edgeID":"1766713","fromID":"1348595","toID":"1348621","formEdgeID":null},{"edgeID":"1766714","fromID":"1348621","toID":"1348617","formEdgeID":null},{"edgeID":"1766715","fromID":"1348624","toID":"1348623","formEdgeID":null},{"edgeID":"1766716","fromID":"1348625","toID":"1348624","formEdgeID":null},{"edgeID":"1766717","fromID":"1348623","toID":"1348626","formEdgeID":null},{"edgeID":"1766718","fromID":"1348626","toID":"1348622","formEdgeID":null},{"edgeID":"1766719","fromID":"1348622","toID":"1348627","formEdgeID":null},{"edgeID":"1766720","fromID":"1348627","toID":"1348616","formEdgeID":null},{"edgeID":"1766721","fromID":"1348617","toID":"1348628","formEdgeID":null},{"edgeID":"1766722","fromID":"1348628","toID":"1348623","formEdgeID":null},{"edgeID":"1766723","fromID":"1348628","toID":"1348629","formEdgeID":null},{"edgeID":"1766724","fromID":"1348629","toID":"1348627","formEdgeID":null},{"edgeID":"1766725","fromID":"1348616","toID":"1348630","formEdgeID":null},{"edgeID":"1766726","fromID":"1348630","toID":"1348599","formEdgeID":null},{"edgeID":"1766727","fromID":"1348617","toID":"1348631","formEdgeID":null},{"edgeID":"1766728","fromID":"1348631","toID":"1348600","formEdgeID":null},{"edgeID":"1766729","fromID":"1348631","toID":"1348632","formEdgeID":null},{"edgeID":"1766730","fromID":"1348632","toID":"1348630","formEdgeID":null}],"locutions":[]}