{"nodes":[{"nodeID":"1338230","text":"Analysing","type":"YA","timestamp":"2023-11-09 13:50:27"},{"nodeID":"1338231","text":"Lara: Fiona Bruce: The woman here, you are nodding to all that","type":"L","timestamp":"2023-11-09 13:50:27"},{"nodeID":"1338232","text":"it is hugely condescending that this once in a generation thing comes up","type":"I","timestamp":"2023-11-09 13:50:28"},{"nodeID":"1338233","text":"AudienceMember 20221027QT38: I find it hugely condescending that this once in a generation thing comes up","type":"L","timestamp":"2023-11-09 13:50:28"},{"nodeID":"1338234","text":"Analysing","type":"YA","timestamp":"2023-11-09 13:50:28"},{"nodeID":"1338235","text":"Lara: AudienceMember 20221020QT38: I find it hugely condescending that this once in a generation thing comes up","type":"L","timestamp":"2023-11-09 13:50:28"},{"nodeID":"1338236","text":"Asserting","type":"YA","timestamp":"2023-11-09 13:50:28"},{"nodeID":"1338237","text":"so much has changed","type":"I","timestamp":"2023-11-09 13:50:29"},{"nodeID":"1338238","text":"AudienceMember 20221027QT39: So much has changed","type":"L","timestamp":"2023-11-09 13:50:29"},{"nodeID":"1338239","text":"Analysing","type":"YA","timestamp":"2023-11-09 13:50:29"},{"nodeID":"1338240","text":"Lara: AudienceMember 20221020QT39: So much has changed","type":"L","timestamp":"2023-11-09 13:50:29"},{"nodeID":"1338241","text":"Asserting","type":"YA","timestamp":"2023-11-09 13:50:29"},{"nodeID":"1338242","text":"there will never be a perfect time for a referendum","type":"I","timestamp":"2023-11-09 13:50:30"},{"nodeID":"1338243","text":"AudienceMember 20221027QT39: There will never be a perfect time for a referendum","type":"L","timestamp":"2023-11-09 13:50:30"},{"nodeID":"1338244","text":"Analysing","type":"YA","timestamp":"2023-11-09 13:50:30"},{"nodeID":"1338245","text":"Lara: AudienceMember 20221020QT39: There will never be a perfect time for a referendum","type":"L","timestamp":"2023-11-09 13:50:30"},{"nodeID":"1338246","text":"Asserting","type":"YA","timestamp":"2023-11-09 13:50:30"},{"nodeID":"1338247","text":"this is the perfect time for a referendum","type":"I","timestamp":"2023-11-09 13:50:31"},{"nodeID":"1338248","text":"AudienceMember 20221020QT39: if this isn't it, I don't know when is","type":"L","timestamp":"2023-11-09 13:50:31"},{"nodeID":"1338249","text":"Analysing","type":"YA","timestamp":"2023-11-09 13:50:31"},{"nodeID":"1338250","text":"Lara: AudienceMember 20221020QT39: if this isn't it, I don't know when is","type":"L","timestamp":"2023-11-09 13:50:31"},{"nodeID":"1338251","text":"Asserting","type":"YA","timestamp":"2023-11-09 13:50:31"},{"nodeID":"1338252","text":"we constantly elect an SNP government","type":"I","timestamp":"2023-11-09 13:50:31"},{"nodeID":"1338253","text":"AudienceMember 20221020QT39: I find it incredible we can constantly elect an SNP government","type":"L","timestamp":"2023-11-09 13:50:31"},{"nodeID":"1338254","text":"Analysing","type":"YA","timestamp":"2023-11-09 13:50:31"},{"nodeID":"1338255","text":"Lara: AudienceMember 20221020QT39: I find it incredible we can constantly elect an SNP government","type":"L","timestamp":"2023-11-09 13:50:31"},{"nodeID":"1338256","text":"Asserting","type":"YA","timestamp":"2023-11-09 13:50:31"},{"nodeID":"1338257","text":"the government ignore that we constantly elect an SNP government","type":"I","timestamp":"2023-11-09 13:50:32"},{"nodeID":"1338258","text":"AudienceMember 20221020QT39: government ignore it","type":"L","timestamp":"2023-11-09 13:50:32"},{"nodeID":"1338259","text":"Analysing","type":"YA","timestamp":"2023-11-09 13:50:32"},{"nodeID":"1338260","text":"Lara: AudienceMember 20221020QT39: government ignore it","type":"L","timestamp":"2023-11-09 13:50:32"},{"nodeID":"1338261","text":"Asserting","type":"YA","timestamp":"2023-11-09 13:50:32"},{"nodeID":"1338262","text":"the government is turning its back on the Scottish people","type":"I","timestamp":"2023-11-09 13:50:33"},{"nodeID":"1338263","text":"AudienceMember 20221020QT39: You are turning your back on the Scottish people","type":"L","timestamp":"2023-11-09 13:50:33"},{"nodeID":"1338264","text":"Analysing","type":"YA","timestamp":"2023-11-09 13:50:33"},{"nodeID":"1338265","text":"Lara: AudienceMember 20221020QT39: You are turning your back on the Scottish people","type":"L","timestamp":"2023-11-09 13:50:33"},{"nodeID":"1338266","text":"Asserting","type":"YA","timestamp":"2023-11-09 13:50:33"},{"nodeID":"1338267","text":"the government is turning its back on the Scottish nation","type":"I","timestamp":"2023-11-09 13:50:33"},{"nodeID":"1338268","text":"AudienceMember 20221020QT39: the Scottish nation","type":"L","timestamp":"2023-11-09 13:50:33"},{"nodeID":"1338269","text":"Analysing","type":"YA","timestamp":"2023-11-09 13:50:33"},{"nodeID":"1338270","text":"Lara: AudienceMember 20221020QT39: the Scottish nation","type":"L","timestamp":"2023-11-09 13:50:33"},{"nodeID":"1338271","text":"Asserting","type":"YA","timestamp":"2023-11-09 13:50:33"},{"nodeID":"1338272","text":"xxx is the democratic route for independence to Scotland","type":"I","timestamp":"2023-11-09 13:50:34"},{"nodeID":"1338273","text":"Fiona Bruce: What is the democratic route for independence to Scotland","type":"L","timestamp":"2023-11-09 13:50:34"},{"nodeID":"1338274","text":"Analysing","type":"YA","timestamp":"2023-11-09 13:50:34"},{"nodeID":"1338275","text":"Lara: Fiona Bruce: What is the democratic route for independence to Scotland","type":"L","timestamp":"2023-11-09 13:50:34"},{"nodeID":"1338276","text":"Pure Questioning","type":"YA","timestamp":"2023-11-09 13:50:34"},{"nodeID":"1338277","text":"in an independent Scotland we would continue to use the pound for a long time","type":"I","timestamp":"2023-11-09 13:50:34"},{"nodeID":"1338278","text":"Douglas Ross:  for how long we would continue to use the pound","type":"L","timestamp":"2023-11-09 13:50:34"},{"nodeID":"1338279","text":"Analysing","type":"YA","timestamp":"2023-11-09 13:50:34"},{"nodeID":"1338280","text":"Lara: Douglas Ross:  for how long we would continue to use the pound","type":"L","timestamp":"2023-11-09 13:50:34"},{"nodeID":"1338281","text":"Rhetorical Challenging","type":"YA","timestamp":"2023-11-09 13:50:34"},{"nodeID":"1338282","text":"John Swinney is the Economy Minister","type":"I","timestamp":"2023-11-09 13:50:35"},{"nodeID":"1338283","text":"Douglas Ross: You're the Economy Minister","type":"L","timestamp":"2023-11-09 13:50:35"},{"nodeID":"1338284","text":"Analysing","type":"YA","timestamp":"2023-11-09 13:50:35"},{"nodeID":"1338285","text":"Lara: Douglas Ross: You're the Economy Minister","type":"L","timestamp":"2023-11-09 13:50:35"},{"nodeID":"1338286","text":"Asserting","type":"YA","timestamp":"2023-11-09 13:50:35"},{"nodeID":"1338287","text":"an independent Scotland would continue to use the pound for a long time","type":"I","timestamp":"2023-11-09 13:50:36"},{"nodeID":"1338288","text":"Douglas Ross: how long would an independent Scotland use the pound for","type":"L","timestamp":"2023-11-09 13:50:36"},{"nodeID":"1338289","text":"Analysing","type":"YA","timestamp":"2023-11-09 13:50:36"},{"nodeID":"1338290","text":"Lara: Douglas Ross: how long would an independent Scotland use the pound for","type":"L","timestamp":"2023-11-09 13:50:36"},{"nodeID":"1338291","text":"Rhetorical Questioning","type":"YA","timestamp":"2023-11-09 13:50:36"},{"nodeID":"1338292","text":"John Swinney has answered the question of how long an independent Scotland would use the pound","type":"I","timestamp":"2023-11-09 13:50:36"},{"nodeID":"1338293","text":"John Swinney:  I answered that question","type":"L","timestamp":"2023-11-09 13:50:36"},{"nodeID":"1338294","text":"Analysing","type":"YA","timestamp":"2023-11-09 13:50:36"},{"nodeID":"1338295","text":"Lara: John Swinney:  I answered that question","type":"L","timestamp":"2023-11-09 13:50:36"},{"nodeID":"1338296","text":"Asserting","type":"YA","timestamp":"2023-11-09 13:50:36"},{"nodeID":"1338297","text":"Douglas Ross: No, you didn't","type":"L","timestamp":"2023-11-09 13:50:36"},{"nodeID":"1338298","text":"Analysing","type":"YA","timestamp":"2023-11-09 13:50:36"},{"nodeID":"1338299","text":"Lara: Douglas Ross: No, you didn't","type":"L","timestamp":"2023-11-09 13:50:36"},{"nodeID":"1338300","text":"we would use the pound","type":"I","timestamp":"2023-11-09 13:50:37"},{"nodeID":"1338301","text":"John Swinney: We would use the pound","type":"L","timestamp":"2023-11-09 13:50:37"},{"nodeID":"1338302","text":"Analysing","type":"YA","timestamp":"2023-11-09 13:50:37"},{"nodeID":"1338303","text":"Lara: John Swinney: We would use the pound","type":"L","timestamp":"2023-11-09 13:50:37"},{"nodeID":"1338304","text":"Asserting","type":"YA","timestamp":"2023-11-09 13:50:37"},{"nodeID":"1338305","text":"when the economic conditions were met --\u00a0","type":"I","timestamp":"2023-11-09 13:50:38"},{"nodeID":"1338306","text":"John Swinney: when the economic conditions were met --\u00a0","type":"L","timestamp":"2023-11-09 13:50:38"},{"nodeID":"1338307","text":"Analysing","type":"YA","timestamp":"2023-11-09 13:50:38"},{"nodeID":"1338308","text":"Lara: John Swinney: when the economic conditions were met --\u00a0","type":"L","timestamp":"2023-11-09 13:50:38"},{"nodeID":"1338309","text":"Asserting","type":"YA","timestamp":"2023-11-09 13:50:38"},{"nodeID":"1338310","text":"the conditions are all about economic stability","type":"I","timestamp":"2023-11-09 13:50:38"},{"nodeID":"1338311","text":"John Swinney: The conditions are all about economic stability","type":"L","timestamp":"2023-11-09 13:50:38"},{"nodeID":"1338312","text":"Analysing","type":"YA","timestamp":"2023-11-09 13:50:38"},{"nodeID":"1338313","text":"Lara: John Swinney: The conditions are all about economic stability","type":"L","timestamp":"2023-11-09 13:50:38"},{"nodeID":"1338314","text":"Asserting","type":"YA","timestamp":"2023-11-09 13:50:38"},{"nodeID":"1338315","text":"the economic conditions are xxx","type":"I","timestamp":"2023-11-09 13:50:39"},{"nodeID":"1338316","text":"Douglas Ross: And they are","type":"L","timestamp":"2023-11-09 13:50:39"},{"nodeID":"1338317","text":"Analysing","type":"YA","timestamp":"2023-11-09 13:50:39"},{"nodeID":"1338318","text":"Lara: Douglas Ross: And they are","type":"L","timestamp":"2023-11-09 13:50:39"},{"nodeID":"1338319","text":"Asserting","type":"YA","timestamp":"2023-11-09 13:50:39"},{"nodeID":"1338320","text":"Douglas Ross wants John Swinney to give him a page of a growth commission report","type":"I","timestamp":"2023-11-09 13:50:40"},{"nodeID":"1338321","text":"John Swinney: you want me to give you a page of a growth commission report","type":"L","timestamp":"2023-11-09 13:50:40"},{"nodeID":"1338322","text":"Analysing","type":"YA","timestamp":"2023-11-09 13:50:40"},{"nodeID":"1338323","text":"Lara: John Swinney: you want me to give you a page of a growth commission report","type":"L","timestamp":"2023-11-09 13:50:40"},{"nodeID":"1338324","text":"Asserting","type":"YA","timestamp":"2023-11-09 13:50:40"},{"nodeID":"1338325","text":"John Swinney can give a page of a growth commission report","type":"I","timestamp":"2023-11-09 13:50:40"},{"nodeID":"1338326","text":"John Swinney: I can do it","type":"L","timestamp":"2023-11-09 13:50:40"},{"nodeID":"1338327","text":"Analysing","type":"YA","timestamp":"2023-11-09 13:50:40"},{"nodeID":"1338328","text":"Lara: John Swinney: I can do it","type":"L","timestamp":"2023-11-09 13:50:40"},{"nodeID":"1338329","text":"Asserting","type":"YA","timestamp":"2023-11-09 13:50:40"},{"nodeID":"1338330","text":"Fiona Bruce does not want John Swinney to give a page of a growth commission report","type":"I","timestamp":"2023-11-09 13:50:41"},{"nodeID":"1338331","text":"Fiona Bruce:  I don't want you to do that","type":"L","timestamp":"2023-11-09 13:50:41"},{"nodeID":"1338332","text":"Analysing","type":"YA","timestamp":"2023-11-09 13:50:41"},{"nodeID":"1338333","text":"Lara: Fiona Bruce:  I don't want you to do that","type":"L","timestamp":"2023-11-09 13:50:41"},{"nodeID":"1338334","text":"Asserting","type":"YA","timestamp":"2023-11-09 13:50:41"},{"nodeID":"1338335","text":"the key point for me is the point the lady in the front made","type":"I","timestamp":"2023-11-09 13:50:42"},{"nodeID":"1338336","text":"John Swinney: The key point for me is the point the lady in the front made","type":"L","timestamp":"2023-11-09 13:50:42"},{"nodeID":"1338337","text":"Analysing","type":"YA","timestamp":"2023-11-09 13:50:42"},{"nodeID":"1338338","text":"Lara: John Swinney: The key point for me is the point the lady in the front made","type":"L","timestamp":"2023-11-09 13:50:42"},{"nodeID":"1338339","text":"Asserting","type":"YA","timestamp":"2023-11-09 13:50:42"},{"nodeID":"1338340","text":"AudienceMember 20221027QT40 feels patronised","type":"I","timestamp":"2023-11-09 13:50:42"},{"nodeID":"1338341","text":"AudienceMember 20221020QT40:  I feel patronised","type":"L","timestamp":"2023-11-09 13:50:42"},{"nodeID":"1338342","text":"Analysing","type":"YA","timestamp":"2023-11-09 13:50:42"},{"nodeID":"1338343","text":"Lara: AudienceMember 20221020QT40:  I feel patronised","type":"L","timestamp":"2023-11-09 13:50:42"},{"nodeID":"1338344","text":"Asserting","type":"YA","timestamp":"2023-11-09 13:50:42"},{"nodeID":"1338345","text":"it is condescending that Liz Truss can turn around and ignore Nicola Sturgeon","type":"I","timestamp":"2023-11-09 13:50:43"},{"nodeID":"1338346","text":"AudienceMember 20221020QT40: I find it condescending that Liz Truss can turn around and ignore Nicola Sturgeon","type":"L","timestamp":"2023-11-09 13:50:43"},{"nodeID":"1338347","text":"Analysing","type":"YA","timestamp":"2023-11-09 13:50:43"},{"nodeID":"1338348","text":"Lara: AudienceMember 20221020QT40: I find it condescending that Liz Truss can turn around and ignore Nicola Sturgeon","type":"L","timestamp":"2023-11-09 13:50:43"},{"nodeID":"1338349","text":"Asserting","type":"YA","timestamp":"2023-11-09 13:50:43"},{"nodeID":"1338350","text":"how dare Liz Truss ignore Nicola Sturgeon","type":"I","timestamp":"2023-11-09 13:50:44"},{"nodeID":"1338351","text":"AudienceMember 20221020QT40: How dare she","type":"L","timestamp":"2023-11-09 13:50:44"},{"nodeID":"1338352","text":"Analysing","type":"YA","timestamp":"2023-11-09 13:50:44"},{"nodeID":"1338353","text":"Lara: AudienceMember 20221020QT40: How dare she","type":"L","timestamp":"2023-11-09 13:50:44"},{"nodeID":"1338354","text":"Asserting","type":"YA","timestamp":"2023-11-09 13:50:44"},{"nodeID":"1338355","text":"Nicola Sturgeon is an elected politician","type":"I","timestamp":"2023-11-09 13:50:44"},{"nodeID":"1338356","text":"AudienceMember 20221020QT40: She's an elected politician","type":"L","timestamp":"2023-11-09 13:50:44"},{"nodeID":"1338357","text":"Analysing","type":"YA","timestamp":"2023-11-09 13:50:44"},{"nodeID":"1338358","text":"Lara: AudienceMember 20221020QT40: She's an elected politician","type":"L","timestamp":"2023-11-09 13:50:44"},{"nodeID":"1338359","text":"Asserting","type":"YA","timestamp":"2023-11-09 13:50:44"},{"nodeID":"1338360","text":"Liz Truss hasn't been elected by anyone","type":"I","timestamp":"2023-11-09 13:50:45"},{"nodeID":"1338361","text":"AudienceMember 20221020QT40: This woman hasn't been elected by anyone","type":"L","timestamp":"2023-11-09 13:50:45"},{"nodeID":"1338362","text":"Analysing","type":"YA","timestamp":"2023-11-09 13:50:45"},{"nodeID":"1338363","text":"Lara: AudienceMember 20221020QT40: This woman hasn't been elected by anyone","type":"L","timestamp":"2023-11-09 13:50:45"},{"nodeID":"1338364","text":"Asserting","type":"YA","timestamp":"2023-11-09 13:50:45"},{"nodeID":"1338365","text":"we are a country","type":"I","timestamp":"2023-11-09 13:50:45"},{"nodeID":"1338366","text":"AudienceMember 20221020QT40: We are a country","type":"L","timestamp":"2023-11-09 13:50:45"},{"nodeID":"1338367","text":"Analysing","type":"YA","timestamp":"2023-11-09 13:50:45"},{"nodeID":"1338368","text":"Lara: AudienceMember 20221020QT40: We are a country","type":"L","timestamp":"2023-11-09 13:50:45"},{"nodeID":"1338369","text":"Asserting","type":"YA","timestamp":"2023-11-09 13:50:45"},{"nodeID":"1338370","text":"how dare Lizz Truss say no without engaging in a conversation with us","type":"I","timestamp":"2023-11-09 13:50:46"},{"nodeID":"1338371","text":"AudienceMember 20221020QT40: how dare you say no without engaging in a conversation with us","type":"L","timestamp":"2023-11-09 13:50:46"},{"nodeID":"1338372","text":"Analysing","type":"YA","timestamp":"2023-11-09 13:50:46"},{"nodeID":"1338373","text":"Lara: AudienceMember 20221020QT40: how dare you say no without engaging in a conversation with us","type":"L","timestamp":"2023-11-09 13:50:46"},{"nodeID":"1338374","text":"Asserting","type":"YA","timestamp":"2023-11-09 13:50:46"},{"nodeID":"1338375","text":"we are engaging in a conversation","type":"I","timestamp":"2023-11-09 13:50:47"},{"nodeID":"1338376","text":"Douglas Ross: We are engaging in a conversation","type":"L","timestamp":"2023-11-09 13:50:47"},{"nodeID":"1338377","text":"Analysing","type":"YA","timestamp":"2023-11-09 13:50:47"},{"nodeID":"1338378","text":"Lara: Douglas Ross: We are engaging in a conversation","type":"L","timestamp":"2023-11-09 13:50:47"},{"nodeID":"1338379","text":"Asserting","type":"YA","timestamp":"2023-11-09 13:50:47"},{"nodeID":"1338380","text":"Douglas Ross do not support independence","type":"I","timestamp":"2023-11-09 13:50:47"},{"nodeID":"1338381","text":"Douglas Ross: I do not support independence","type":"L","timestamp":"2023-11-09 13:50:47"},{"nodeID":"1338382","text":"Analysing","type":"YA","timestamp":"2023-11-09 13:50:47"},{"nodeID":"1338383","text":"Lara: Douglas Ross: I do not support independence","type":"L","timestamp":"2023-11-09 13:50:47"},{"nodeID":"1338384","text":"Asserting","type":"YA","timestamp":"2023-11-09 13:50:47"},{"nodeID":"1338385","text":"independence is put forward by nationalists","type":"I","timestamp":"2023-11-09 13:50:48"},{"nodeID":"1338386","text":"Douglas Ross: That's put forward by nationalists","type":"L","timestamp":"2023-11-09 13:50:48"},{"nodeID":"1338387","text":"Analysing","type":"YA","timestamp":"2023-11-09 13:50:48"},{"nodeID":"1338388","text":"Lara: Douglas Ross: That's put forward by nationalists","type":"L","timestamp":"2023-11-09 13:50:48"},{"nodeID":"1338389","text":"Asserting","type":"YA","timestamp":"2023-11-09 13:50:48"},{"nodeID":"1338390","text":"people who want to separate the country put independence forward","type":"I","timestamp":"2023-11-09 13:50:49"},{"nodeID":"1338391","text":"Douglas Ross: people who want to separate the country put that forward","type":"L","timestamp":"2023-11-09 13:50:49"},{"nodeID":"1338392","text":"Analysing","type":"YA","timestamp":"2023-11-09 13:50:49"},{"nodeID":"1338393","text":"Lara: Douglas Ross: people who want to separate the country put that forward","type":"L","timestamp":"2023-11-09 13:50:49"},{"nodeID":"1338394","text":"Asserting","type":"YA","timestamp":"2023-11-09 13:50:49"},{"nodeID":"1338395","text":"Default Transition","type":"TA","timestamp":"2023-11-09 13:50:49"},{"nodeID":"1338396","text":"Default Conflict","type":"CA","timestamp":"2023-11-09 13:50:49"},{"nodeID":"1338397","text":"Disagreeing","type":"YA","timestamp":"2023-11-09 13:50:49"},{"nodeID":"1338398","text":"Default Transition","type":"TA","timestamp":"2023-11-09 13:50:49"},{"nodeID":"1338399","text":"Default Inference","type":"RA","timestamp":"2023-11-09 13:50:49"},{"nodeID":"1338400","text":"Arguing","type":"YA","timestamp":"2023-11-09 13:50:49"},{"nodeID":"1338401","text":"Default Transition","type":"TA","timestamp":"2023-11-09 13:50:49"},{"nodeID":"1338402","text":"Default Transition","type":"TA","timestamp":"2023-11-09 13:50:49"},{"nodeID":"1338403","text":"Default Rephrase","type":"MA","timestamp":"2023-11-09 13:50:49"},{"nodeID":"1338404","text":"Restating","type":"YA","timestamp":"2023-11-09 13:50:49"},{"nodeID":"1338405","text":"Default Inference","type":"RA","timestamp":"2023-11-09 13:50:49"},{"nodeID":"1338406","text":"Default Transition","type":"TA","timestamp":"2023-11-09 13:50:49"},{"nodeID":"1338407","text":"Arguing","type":"YA","timestamp":"2023-11-09 13:50:49"},{"nodeID":"1338408","text":"Default Transition","type":"TA","timestamp":"2023-11-09 13:50:49"},{"nodeID":"1338409","text":"Default Rephrase","type":"MA","timestamp":"2023-11-09 13:50:49"},{"nodeID":"1338410","text":"Restating","type":"YA","timestamp":"2023-11-09 13:50:49"},{"nodeID":"1338411","text":"Default Transition","type":"TA","timestamp":"2023-11-09 13:50:49"},{"nodeID":"1338412","text":"Default Transition","type":"TA","timestamp":"2023-11-09 13:50:49"},{"nodeID":"1338413","text":"Disagreeing","type":"YA","timestamp":"2023-11-09 13:50:49"},{"nodeID":"1338414","text":"Default Rephrase","type":"MA","timestamp":"2023-11-09 13:50:49"},{"nodeID":"1338415","text":"Default Transition","type":"TA","timestamp":"2023-11-09 13:50:49"},{"nodeID":"1338416","text":"Restating","type":"YA","timestamp":"2023-11-09 13:50:49"},{"nodeID":"1338417","text":"Default Transition","type":"TA","timestamp":"2023-11-09 13:50:49"},{"nodeID":"1338418","text":"Default Transition","type":"TA","timestamp":"2023-11-09 13:50:49"},{"nodeID":"1338419","text":"Default Transition","type":"TA","timestamp":"2023-11-09 13:50:49"},{"nodeID":"1338420","text":"Default Rephrase","type":"MA","timestamp":"2023-11-09 13:50:49"},{"nodeID":"1338421","text":"Default Illocuting","type":"YA","timestamp":"2023-11-09 13:50:49"},{"nodeID":"1338422","text":"an independent Scotland would not have a currency","type":"I","timestamp":"2023-11-09 13:50:49"},{"nodeID":"1338423","text":"Douglas Ross: What currency would an independent Scotland have","type":"L","timestamp":"2023-11-09 13:50:49"},{"nodeID":"1338424","text":"Analysing","type":"YA","timestamp":"2023-11-09 13:50:49"},{"nodeID":"1338425","text":"Lara: Douglas Ross: What currency would an independent Scotland have","type":"L","timestamp":"2023-11-09 13:50:49"},{"nodeID":"1338426","text":"Rhetorical Questioning","type":"YA","timestamp":"2023-11-09 13:50:49"},{"nodeID":"1338427","text":"Default Transition","type":"TA","timestamp":"2023-11-09 13:50:49"},{"nodeID":"1338428","text":"Default Rephrase","type":"MA","timestamp":"2023-11-09 13:50:49"},{"nodeID":"1338429","text":"Default Transition","type":"TA","timestamp":"2023-11-09 13:50:49"},{"nodeID":"1338430","text":"Default Illocuting","type":"YA","timestamp":"2023-11-09 13:50:49"},{"nodeID":"1338431","text":"Default Transition","type":"TA","timestamp":"2023-11-09 13:50:49"},{"nodeID":"1338432","text":"Douglas Ross: What are those conditions","type":"L","timestamp":"2023-11-09 13:50:49"},{"nodeID":"1338433","text":"Analysing","type":"YA","timestamp":"2023-11-09 13:50:49"},{"nodeID":"1338434","text":"Lara: Douglas Ross: What are those conditions","type":"L","timestamp":"2023-11-09 13:50:49"},{"nodeID":"1338435","text":"Pure Questioning","type":"YA","timestamp":"2023-11-09 13:50:49"},{"nodeID":"1338436","text":"Default Transition","type":"TA","timestamp":"2023-11-09 13:50:49"},{"nodeID":"1338437","text":"Default Transition","type":"TA","timestamp":"2023-11-09 13:50:49"},{"nodeID":"1338438","text":"Default Rephrase","type":"MA","timestamp":"2023-11-09 13:50:49"},{"nodeID":"1338439","text":"Default Illocuting","type":"YA","timestamp":"2023-11-09 13:50:49"},{"nodeID":"1338440","text":"Default Rephrase","type":"MA","timestamp":"2023-11-09 13:50:49"},{"nodeID":"1338441","text":"Default Transition","type":"TA","timestamp":"2023-11-09 13:50:49"},{"nodeID":"1338442","text":"Restating","type":"YA","timestamp":"2023-11-09 13:50:49"},{"nodeID":"1338443","text":"Default Transition","type":"TA","timestamp":"2023-11-09 13:50:49"},{"nodeID":"1338444","text":"Default Transition","type":"TA","timestamp":"2023-11-09 13:50:49"},{"nodeID":"1338445","text":"Default Rephrase","type":"MA","timestamp":"2023-11-09 13:50:49"},{"nodeID":"1338446","text":"Restating","type":"YA","timestamp":"2023-11-09 13:50:49"},{"nodeID":"1338447","text":"Default Transition","type":"TA","timestamp":"2023-11-09 13:50:49"},{"nodeID":"1338448","text":"Default Conflict","type":"CA","timestamp":"2023-11-09 13:50:49"},{"nodeID":"1338449","text":"Disagreeing","type":"YA","timestamp":"2023-11-09 13:50:49"},{"nodeID":"1338450","text":"Default Transition","type":"TA","timestamp":"2023-11-09 13:50:49"},{"nodeID":"1338451","text":"Default Transition","type":"TA","timestamp":"2023-11-09 13:50:49"},{"nodeID":"1338452","text":"Default Transition","type":"TA","timestamp":"2023-11-09 13:50:49"},{"nodeID":"1338453","text":"Default Inference","type":"RA","timestamp":"2023-11-09 13:50:49"},{"nodeID":"1338454","text":"Default Transition","type":"TA","timestamp":"2023-11-09 13:50:49"},{"nodeID":"1338455","text":"Default Rephrase","type":"MA","timestamp":"2023-11-09 13:50:49"},{"nodeID":"1338456","text":"Restating","type":"YA","timestamp":"2023-11-09 13:50:49"},{"nodeID":"1338457","text":"Default Inference","type":"RA","timestamp":"2023-11-09 13:50:49"},{"nodeID":"1338458","text":"Default Transition","type":"TA","timestamp":"2023-11-09 13:50:49"},{"nodeID":"1338459","text":"Default Transition","type":"TA","timestamp":"2023-11-09 13:50:49"},{"nodeID":"1338460","text":"Arguing","type":"YA","timestamp":"2023-11-09 13:50:49"},{"nodeID":"1338461","text":"Default Transition","type":"TA","timestamp":"2023-11-09 13:50:49"},{"nodeID":"1338462","text":"Default Rephrase","type":"MA","timestamp":"2023-11-09 13:50:49"},{"nodeID":"1338463","text":"Default Transition","type":"TA","timestamp":"2023-11-09 13:50:49"},{"nodeID":"1338464","text":"Restating","type":"YA","timestamp":"2023-11-09 13:50:49"},{"nodeID":"1338465","text":"Default Inference","type":"RA","timestamp":"2023-11-09 13:50:49"},{"nodeID":"1338466","text":"Default Transition","type":"TA","timestamp":"2023-11-09 13:50:49"},{"nodeID":"1338467","text":"Arguing","type":"YA","timestamp":"2023-11-09 13:50:49"},{"nodeID":"1338468","text":"Default Transition","type":"TA","timestamp":"2023-11-09 13:50:49"},{"nodeID":"1338469","text":"Default Conflict","type":"CA","timestamp":"2023-11-09 13:50:49"},{"nodeID":"1338470","text":"Disagreeing","type":"YA","timestamp":"2023-11-09 13:50:49"},{"nodeID":"1338471","text":"Default Transition","type":"TA","timestamp":"2023-11-09 13:50:49"},{"nodeID":"1338472","text":"Default Transition","type":"TA","timestamp":"2023-11-09 13:50:49"},{"nodeID":"1338473","text":"Default Inference","type":"RA","timestamp":"2023-11-09 13:50:49"},{"nodeID":"1338474","text":"Arguing","type":"YA","timestamp":"2023-11-09 13:50:49"},{"nodeID":"1338475","text":"Default Transition","type":"TA","timestamp":"2023-11-09 13:50:49"},{"nodeID":"1338476","text":"Default Rephrase","type":"MA","timestamp":"2023-11-09 13:50:49"},{"nodeID":"1338477","text":"Restating","type":"YA","timestamp":"2023-11-09 13:50:49"},{"nodeID":"1338478","text":"Default Transition","type":"TA","timestamp":"2023-11-09 13:50:49"}],"edges":[{"edgeID":"1754274","fromID":"1338231","toID":"1338230","formEdgeID":null},{"edgeID":"1754275","fromID":"1338234","toID":"1338233","formEdgeID":null},{"edgeID":"1754276","fromID":"1338235","toID":"1338234","formEdgeID":null},{"edgeID":"1754277","fromID":"1338233","toID":"1338236","formEdgeID":null},{"edgeID":"1754278","fromID":"1338236","toID":"1338232","formEdgeID":null},{"edgeID":"1754279","fromID":"1338239","toID":"1338238","formEdgeID":null},{"edgeID":"1754280","fromID":"1338240","toID":"1338239","formEdgeID":null},{"edgeID":"1754281","fromID":"1338238","toID":"1338241","formEdgeID":null},{"edgeID":"1754282","fromID":"1338241","toID":"1338237","formEdgeID":null},{"edgeID":"1754283","fromID":"1338244","toID":"1338243","formEdgeID":null},{"edgeID":"1754284","fromID":"1338245","toID":"1338244","formEdgeID":null},{"edgeID":"1754285","fromID":"1338243","toID":"1338246","formEdgeID":null},{"edgeID":"1754286","fromID":"1338246","toID":"1338242","formEdgeID":null},{"edgeID":"1754287","fromID":"1338249","toID":"1338248","formEdgeID":null},{"edgeID":"1754288","fromID":"1338250","toID":"1338249","formEdgeID":null},{"edgeID":"1754289","fromID":"1338248","toID":"1338251","formEdgeID":null},{"edgeID":"1754290","fromID":"1338251","toID":"1338247","formEdgeID":null},{"edgeID":"1754291","fromID":"1338254","toID":"1338253","formEdgeID":null},{"edgeID":"1754292","fromID":"1338255","toID":"1338254","formEdgeID":null},{"edgeID":"1754293","fromID":"1338253","toID":"1338256","formEdgeID":null},{"edgeID":"1754294","fromID":"1338256","toID":"1338252","formEdgeID":null},{"edgeID":"1754295","fromID":"1338259","toID":"1338258","formEdgeID":null},{"edgeID":"1754296","fromID":"1338260","toID":"1338259","formEdgeID":null},{"edgeID":"1754297","fromID":"1338258","toID":"1338261","formEdgeID":null},{"edgeID":"1754298","fromID":"1338261","toID":"1338257","formEdgeID":null},{"edgeID":"1754299","fromID":"1338264","toID":"1338263","formEdgeID":null},{"edgeID":"1754300","fromID":"1338265","toID":"1338264","formEdgeID":null},{"edgeID":"1754301","fromID":"1338263","toID":"1338266","formEdgeID":null},{"edgeID":"1754302","fromID":"1338266","toID":"1338262","formEdgeID":null},{"edgeID":"1754303","fromID":"1338269","toID":"1338268","formEdgeID":null},{"edgeID":"1754304","fromID":"1338270","toID":"1338269","formEdgeID":null},{"edgeID":"1754305","fromID":"1338268","toID":"1338271","formEdgeID":null},{"edgeID":"1754306","fromID":"1338271","toID":"1338267","formEdgeID":null},{"edgeID":"1754307","fromID":"1338274","toID":"1338273","formEdgeID":null},{"edgeID":"1754308","fromID":"1338275","toID":"1338274","formEdgeID":null},{"edgeID":"1754309","fromID":"1338273","toID":"1338276","formEdgeID":null},{"edgeID":"1754310","fromID":"1338276","toID":"1338272","formEdgeID":null},{"edgeID":"1754311","fromID":"1338279","toID":"1338278","formEdgeID":null},{"edgeID":"1754312","fromID":"1338280","toID":"1338279","formEdgeID":null},{"edgeID":"1754313","fromID":"1338278","toID":"1338281","formEdgeID":null},{"edgeID":"1754314","fromID":"1338281","toID":"1338277","formEdgeID":null},{"edgeID":"1754315","fromID":"1338284","toID":"1338283","formEdgeID":null},{"edgeID":"1754316","fromID":"1338285","toID":"1338284","formEdgeID":null},{"edgeID":"1754317","fromID":"1338283","toID":"1338286","formEdgeID":null},{"edgeID":"1754318","fromID":"1338286","toID":"1338282","formEdgeID":null},{"edgeID":"1754319","fromID":"1338289","toID":"1338288","formEdgeID":null},{"edgeID":"1754320","fromID":"1338290","toID":"1338289","formEdgeID":null},{"edgeID":"1754321","fromID":"1338288","toID":"1338291","formEdgeID":null},{"edgeID":"1754322","fromID":"1338291","toID":"1338287","formEdgeID":null},{"edgeID":"1754323","fromID":"1338294","toID":"1338293","formEdgeID":null},{"edgeID":"1754324","fromID":"1338295","toID":"1338294","formEdgeID":null},{"edgeID":"1754325","fromID":"1338293","toID":"1338296","formEdgeID":null},{"edgeID":"1754326","fromID":"1338296","toID":"1338292","formEdgeID":null},{"edgeID":"1754327","fromID":"1338298","toID":"1338297","formEdgeID":null},{"edgeID":"1754328","fromID":"1338299","toID":"1338298","formEdgeID":null},{"edgeID":"1754329","fromID":"1338302","toID":"1338301","formEdgeID":null},{"edgeID":"1754330","fromID":"1338303","toID":"1338302","formEdgeID":null},{"edgeID":"1754331","fromID":"1338301","toID":"1338304","formEdgeID":null},{"edgeID":"1754332","fromID":"1338304","toID":"1338300","formEdgeID":null},{"edgeID":"1754333","fromID":"1338307","toID":"1338306","formEdgeID":null},{"edgeID":"1754334","fromID":"1338308","toID":"1338307","formEdgeID":null},{"edgeID":"1754335","fromID":"1338306","toID":"1338309","formEdgeID":null},{"edgeID":"1754336","fromID":"1338309","toID":"1338305","formEdgeID":null},{"edgeID":"1754337","fromID":"1338312","toID":"1338311","formEdgeID":null},{"edgeID":"1754338","fromID":"1338313","toID":"1338312","formEdgeID":null},{"edgeID":"1754339","fromID":"1338311","toID":"1338314","formEdgeID":null},{"edgeID":"1754340","fromID":"1338314","toID":"1338310","formEdgeID":null},{"edgeID":"1754341","fromID":"1338317","toID":"1338316","formEdgeID":null},{"edgeID":"1754342","fromID":"1338318","toID":"1338317","formEdgeID":null},{"edgeID":"1754343","fromID":"1338316","toID":"1338319","formEdgeID":null},{"edgeID":"1754344","fromID":"1338319","toID":"1338315","formEdgeID":null},{"edgeID":"1754345","fromID":"1338322","toID":"1338321","formEdgeID":null},{"edgeID":"1754346","fromID":"1338323","toID":"1338322","formEdgeID":null},{"edgeID":"1754347","fromID":"1338321","toID":"1338324","formEdgeID":null},{"edgeID":"1754348","fromID":"1338324","toID":"1338320","formEdgeID":null},{"edgeID":"1754349","fromID":"1338327","toID":"1338326","formEdgeID":null},{"edgeID":"1754350","fromID":"1338328","toID":"1338327","formEdgeID":null},{"edgeID":"1754351","fromID":"1338326","toID":"1338329","formEdgeID":null},{"edgeID":"1754352","fromID":"1338329","toID":"1338325","formEdgeID":null},{"edgeID":"1754353","fromID":"1338332","toID":"1338331","formEdgeID":null},{"edgeID":"1754354","fromID":"1338333","toID":"1338332","formEdgeID":null},{"edgeID":"1754355","fromID":"1338331","toID":"1338334","formEdgeID":null},{"edgeID":"1754356","fromID":"1338334","toID":"1338330","formEdgeID":null},{"edgeID":"1754357","fromID":"1338337","toID":"1338336","formEdgeID":null},{"edgeID":"1754358","fromID":"1338338","toID":"1338337","formEdgeID":null},{"edgeID":"1754359","fromID":"1338336","toID":"1338339","formEdgeID":null},{"edgeID":"1754360","fromID":"1338339","toID":"1338335","formEdgeID":null},{"edgeID":"1754361","fromID":"1338342","toID":"1338341","formEdgeID":null},{"edgeID":"1754362","fromID":"1338343","toID":"1338342","formEdgeID":null},{"edgeID":"1754363","fromID":"1338341","toID":"1338344","formEdgeID":null},{"edgeID":"1754364","fromID":"1338344","toID":"1338340","formEdgeID":null},{"edgeID":"1754365","fromID":"1338347","toID":"1338346","formEdgeID":null},{"edgeID":"1754366","fromID":"1338348","toID":"1338347","formEdgeID":null},{"edgeID":"1754367","fromID":"1338346","toID":"1338349","formEdgeID":null},{"edgeID":"1754368","fromID":"1338349","toID":"1338345","formEdgeID":null},{"edgeID":"1754369","fromID":"1338352","toID":"1338351","formEdgeID":null},{"edgeID":"1754370","fromID":"1338353","toID":"1338352","formEdgeID":null},{"edgeID":"1754371","fromID":"1338351","toID":"1338354","formEdgeID":null},{"edgeID":"1754372","fromID":"1338354","toID":"1338350","formEdgeID":null},{"edgeID":"1754373","fromID":"1338357","toID":"1338356","formEdgeID":null},{"edgeID":"1754374","fromID":"1338358","toID":"1338357","formEdgeID":null},{"edgeID":"1754375","fromID":"1338356","toID":"1338359","formEdgeID":null},{"edgeID":"1754376","fromID":"1338359","toID":"1338355","formEdgeID":null},{"edgeID":"1754377","fromID":"1338362","toID":"1338361","formEdgeID":null},{"edgeID":"1754378","fromID":"1338363","toID":"1338362","formEdgeID":null},{"edgeID":"1754379","fromID":"1338361","toID":"1338364","formEdgeID":null},{"edgeID":"1754380","fromID":"1338364","toID":"1338360","formEdgeID":null},{"edgeID":"1754381","fromID":"1338367","toID":"1338366","formEdgeID":null},{"edgeID":"1754382","fromID":"1338368","toID":"1338367","formEdgeID":null},{"edgeID":"1754383","fromID":"1338366","toID":"1338369","formEdgeID":null},{"edgeID":"1754384","fromID":"1338369","toID":"1338365","formEdgeID":null},{"edgeID":"1754385","fromID":"1338372","toID":"1338371","formEdgeID":null},{"edgeID":"1754386","fromID":"1338373","toID":"1338372","formEdgeID":null},{"edgeID":"1754387","fromID":"1338371","toID":"1338374","formEdgeID":null},{"edgeID":"1754388","fromID":"1338374","toID":"1338370","formEdgeID":null},{"edgeID":"1754389","fromID":"1338377","toID":"1338376","formEdgeID":null},{"edgeID":"1754390","fromID":"1338378","toID":"1338377","formEdgeID":null},{"edgeID":"1754391","fromID":"1338376","toID":"1338379","formEdgeID":null},{"edgeID":"1754392","fromID":"1338379","toID":"1338375","formEdgeID":null},{"edgeID":"1754393","fromID":"1338382","toID":"1338381","formEdgeID":null},{"edgeID":"1754394","fromID":"1338383","toID":"1338382","formEdgeID":null},{"edgeID":"1754395","fromID":"1338381","toID":"1338384","formEdgeID":null},{"edgeID":"1754396","fromID":"1338384","toID":"1338380","formEdgeID":null},{"edgeID":"1754397","fromID":"1338387","toID":"1338386","formEdgeID":null},{"edgeID":"1754398","fromID":"1338388","toID":"1338387","formEdgeID":null},{"edgeID":"1754399","fromID":"1338386","toID":"1338389","formEdgeID":null},{"edgeID":"1754400","fromID":"1338389","toID":"1338385","formEdgeID":null},{"edgeID":"1754401","fromID":"1338392","toID":"1338391","formEdgeID":null},{"edgeID":"1754402","fromID":"1338393","toID":"1338392","formEdgeID":null},{"edgeID":"1754403","fromID":"1338391","toID":"1338394","formEdgeID":null},{"edgeID":"1754404","fromID":"1338394","toID":"1338390","formEdgeID":null},{"edgeID":"1754405","fromID":"1338243","toID":"1338395","formEdgeID":null},{"edgeID":"1754406","fromID":"1338395","toID":"1338248","formEdgeID":null},{"edgeID":"1754407","fromID":"1338247","toID":"1338396","formEdgeID":null},{"edgeID":"1754408","fromID":"1338396","toID":"1338242","formEdgeID":null},{"edgeID":"1754409","fromID":"1338395","toID":"1338397","formEdgeID":null},{"edgeID":"1754410","fromID":"1338397","toID":"1338396","formEdgeID":null},{"edgeID":"1754411","fromID":"1338238","toID":"1338398","formEdgeID":null},{"edgeID":"1754412","fromID":"1338398","toID":"1338248","formEdgeID":null},{"edgeID":"1754413","fromID":"1338237","toID":"1338399","formEdgeID":null},{"edgeID":"1754414","fromID":"1338399","toID":"1338247","formEdgeID":null},{"edgeID":"1754415","fromID":"1338398","toID":"1338400","formEdgeID":null},{"edgeID":"1754416","fromID":"1338400","toID":"1338399","formEdgeID":null},{"edgeID":"1754417","fromID":"1338248","toID":"1338401","formEdgeID":null},{"edgeID":"1754418","fromID":"1338401","toID":"1338253","formEdgeID":null},{"edgeID":"1754419","fromID":"1338253","toID":"1338402","formEdgeID":null},{"edgeID":"1754420","fromID":"1338402","toID":"1338258","formEdgeID":null},{"edgeID":"1754421","fromID":"1338257","toID":"1338403","formEdgeID":null},{"edgeID":"1754422","fromID":"1338403","toID":"1338252","formEdgeID":null},{"edgeID":"1754423","fromID":"1338402","toID":"1338404","formEdgeID":null},{"edgeID":"1754424","fromID":"1338404","toID":"1338403","formEdgeID":null},{"edgeID":"1754425","fromID":"1338257","toID":"1338405","formEdgeID":null},{"edgeID":"1754426","fromID":"1338405","toID":"1338262","formEdgeID":null},{"edgeID":"1754427","fromID":"1338258","toID":"1338406","formEdgeID":null},{"edgeID":"1754428","fromID":"1338406","toID":"1338263","formEdgeID":null},{"edgeID":"1754429","fromID":"1338406","toID":"1338407","formEdgeID":null},{"edgeID":"1754430","fromID":"1338407","toID":"1338405","formEdgeID":null},{"edgeID":"1754431","fromID":"1338263","toID":"1338408","formEdgeID":null},{"edgeID":"1754432","fromID":"1338408","toID":"1338268","formEdgeID":null},{"edgeID":"1754433","fromID":"1338267","toID":"1338409","formEdgeID":null},{"edgeID":"1754434","fromID":"1338409","toID":"1338262","formEdgeID":null},{"edgeID":"1754435","fromID":"1338408","toID":"1338410","formEdgeID":null},{"edgeID":"1754436","fromID":"1338410","toID":"1338409","formEdgeID":null},{"edgeID":"1754437","fromID":"1338268","toID":"1338411","formEdgeID":null},{"edgeID":"1754438","fromID":"1338411","toID":"1338273","formEdgeID":null},{"edgeID":"1754439","fromID":"1338283","toID":"1338412","formEdgeID":null},{"edgeID":"1754440","fromID":"1338412","toID":"1338288","formEdgeID":null},{"edgeID":"1754441","fromID":"1338297","toID":"1338413","formEdgeID":null},{"edgeID":"1754442","fromID":"1338413","toID":"1338292","formEdgeID":null},{"edgeID":"1754443","fromID":"1338287","toID":"1338414","formEdgeID":null},{"edgeID":"1754444","fromID":"1338414","toID":"1338277","formEdgeID":null},{"edgeID":"1754445","fromID":"1338278","toID":"1338415","formEdgeID":null},{"edgeID":"1754446","fromID":"1338415","toID":"1338288","formEdgeID":null},{"edgeID":"1754447","fromID":"1338415","toID":"1338416","formEdgeID":null},{"edgeID":"1754448","fromID":"1338416","toID":"1338414","formEdgeID":null},{"edgeID":"1754449","fromID":"1338288","toID":"1338417","formEdgeID":null},{"edgeID":"1754450","fromID":"1338417","toID":"1338293","formEdgeID":null},{"edgeID":"1754451","fromID":"1338293","toID":"1338418","formEdgeID":null},{"edgeID":"1754452","fromID":"1338418","toID":"1338297","formEdgeID":null},{"edgeID":"1754453","fromID":"1338297","toID":"1338419","formEdgeID":null},{"edgeID":"1754454","fromID":"1338419","toID":"1338301","formEdgeID":null},{"edgeID":"1754455","fromID":"1338292","toID":"1338420","formEdgeID":null},{"edgeID":"1754456","fromID":"1338420","toID":"1338287","formEdgeID":null},{"edgeID":"1754457","fromID":"1338417","toID":"1338421","formEdgeID":null},{"edgeID":"1754458","fromID":"1338421","toID":"1338420","formEdgeID":null},{"edgeID":"1754459","fromID":"1338424","toID":"1338423","formEdgeID":null},{"edgeID":"1754460","fromID":"1338425","toID":"1338424","formEdgeID":null},{"edgeID":"1754461","fromID":"1338423","toID":"1338426","formEdgeID":null},{"edgeID":"1754462","fromID":"1338426","toID":"1338422","formEdgeID":null},{"edgeID":"1754463","fromID":"1338273","toID":"1338427","formEdgeID":null},{"edgeID":"1754464","fromID":"1338427","toID":"1338423","formEdgeID":null},{"edgeID":"1754465","fromID":"1338300","toID":"1338428","formEdgeID":null},{"edgeID":"1754466","fromID":"1338428","toID":"1338422","formEdgeID":null},{"edgeID":"1754467","fromID":"1338423","toID":"1338429","formEdgeID":null},{"edgeID":"1754468","fromID":"1338429","toID":"1338301","formEdgeID":null},{"edgeID":"1754469","fromID":"1338429","toID":"1338430","formEdgeID":null},{"edgeID":"1754470","fromID":"1338430","toID":"1338428","formEdgeID":null},{"edgeID":"1754471","fromID":"1338301","toID":"1338431","formEdgeID":null},{"edgeID":"1754472","fromID":"1338431","toID":"1338306","formEdgeID":null},{"edgeID":"1754473","fromID":"1338433","toID":"1338432","formEdgeID":null},{"edgeID":"1754474","fromID":"1338434","toID":"1338433","formEdgeID":null},{"edgeID":"1754475","fromID":"1338432","toID":"1338435","formEdgeID":null},{"edgeID":"1754476","fromID":"1338435","toID":"1338315","formEdgeID":null},{"edgeID":"1754477","fromID":"1338306","toID":"1338436","formEdgeID":null},{"edgeID":"1754478","fromID":"1338436","toID":"1338432","formEdgeID":null},{"edgeID":"1754479","fromID":"1338432","toID":"1338437","formEdgeID":null},{"edgeID":"1754480","fromID":"1338437","toID":"1338311","formEdgeID":null},{"edgeID":"1754481","fromID":"1338310","toID":"1338438","formEdgeID":null},{"edgeID":"1754482","fromID":"1338438","toID":"1338315","formEdgeID":null},{"edgeID":"1754483","fromID":"1338437","toID":"1338439","formEdgeID":null},{"edgeID":"1754484","fromID":"1338439","toID":"1338438","formEdgeID":null},{"edgeID":"1754485","fromID":"1338315","toID":"1338440","formEdgeID":null},{"edgeID":"1754486","fromID":"1338440","toID":"1338315","formEdgeID":null},{"edgeID":"1754487","fromID":"1338432","toID":"1338441","formEdgeID":null},{"edgeID":"1754488","fromID":"1338441","toID":"1338316","formEdgeID":null},{"edgeID":"1754489","fromID":"1338441","toID":"1338442","formEdgeID":null},{"edgeID":"1754490","fromID":"1338442","toID":"1338440","formEdgeID":null},{"edgeID":"1754491","fromID":"1338316","toID":"1338443","formEdgeID":null},{"edgeID":"1754492","fromID":"1338443","toID":"1338321","formEdgeID":null},{"edgeID":"1754493","fromID":"1338321","toID":"1338444","formEdgeID":null},{"edgeID":"1754494","fromID":"1338444","toID":"1338326","formEdgeID":null},{"edgeID":"1754495","fromID":"1338325","toID":"1338445","formEdgeID":null},{"edgeID":"1754496","fromID":"1338445","toID":"1338320","formEdgeID":null},{"edgeID":"1754497","fromID":"1338444","toID":"1338446","formEdgeID":null},{"edgeID":"1754498","fromID":"1338446","toID":"1338445","formEdgeID":null},{"edgeID":"1754499","fromID":"1338326","toID":"1338447","formEdgeID":null},{"edgeID":"1754500","fromID":"1338447","toID":"1338331","formEdgeID":null},{"edgeID":"1754501","fromID":"1338330","toID":"1338448","formEdgeID":null},{"edgeID":"1754502","fromID":"1338448","toID":"1338325","formEdgeID":null},{"edgeID":"1754503","fromID":"1338447","toID":"1338449","formEdgeID":null},{"edgeID":"1754504","fromID":"1338449","toID":"1338448","formEdgeID":null},{"edgeID":"1754505","fromID":"1338331","toID":"1338450","formEdgeID":null},{"edgeID":"1754506","fromID":"1338450","toID":"1338336","formEdgeID":null},{"edgeID":"1754507","fromID":"1338336","toID":"1338451","formEdgeID":null},{"edgeID":"1754508","fromID":"1338451","toID":"1338341","formEdgeID":null},{"edgeID":"1754509","fromID":"1338341","toID":"1338452","formEdgeID":null},{"edgeID":"1754510","fromID":"1338452","toID":"1338346","formEdgeID":null},{"edgeID":"1754511","fromID":"1338345","toID":"1338453","formEdgeID":null},{"edgeID":"1754512","fromID":"1338453","toID":"1338340","formEdgeID":null},{"edgeID":"1754513","fromID":"1338346","toID":"1338454","formEdgeID":null},{"edgeID":"1754514","fromID":"1338454","toID":"1338351","formEdgeID":null},{"edgeID":"1754515","fromID":"1338350","toID":"1338455","formEdgeID":null},{"edgeID":"1754516","fromID":"1338455","toID":"1338345","formEdgeID":null},{"edgeID":"1754517","fromID":"1338454","toID":"1338456","formEdgeID":null},{"edgeID":"1754518","fromID":"1338456","toID":"1338455","formEdgeID":null},{"edgeID":"1754519","fromID":"1338355","toID":"1338457","formEdgeID":null},{"edgeID":"1754520","fromID":"1338457","toID":"1338345","formEdgeID":null},{"edgeID":"1754521","fromID":"1338360","toID":"1338457","formEdgeID":null},{"edgeID":"1754522","fromID":"1338346","toID":"1338458","formEdgeID":null},{"edgeID":"1754523","fromID":"1338458","toID":"1338356","formEdgeID":null},{"edgeID":"1754524","fromID":"1338346","toID":"1338459","formEdgeID":null},{"edgeID":"1754525","fromID":"1338459","toID":"1338361","formEdgeID":null},{"edgeID":"1754526","fromID":"1338459","toID":"1338460","formEdgeID":null},{"edgeID":"1754527","fromID":"1338460","toID":"1338457","formEdgeID":null},{"edgeID":"1754528","fromID":"1338361","toID":"1338461","formEdgeID":null},{"edgeID":"1754529","fromID":"1338461","toID":"1338366","formEdgeID":null},{"edgeID":"1754530","fromID":"1338370","toID":"1338462","formEdgeID":null},{"edgeID":"1754531","fromID":"1338462","toID":"1338350","formEdgeID":null},{"edgeID":"1754532","fromID":"1338351","toID":"1338463","formEdgeID":null},{"edgeID":"1754533","fromID":"1338463","toID":"1338371","formEdgeID":null},{"edgeID":"1754534","fromID":"1338463","toID":"1338464","formEdgeID":null},{"edgeID":"1754535","fromID":"1338464","toID":"1338462","formEdgeID":null},{"edgeID":"1754536","fromID":"1338365","toID":"1338465","formEdgeID":null},{"edgeID":"1754537","fromID":"1338465","toID":"1338370","formEdgeID":null},{"edgeID":"1754538","fromID":"1338366","toID":"1338466","formEdgeID":null},{"edgeID":"1754539","fromID":"1338466","toID":"1338371","formEdgeID":null},{"edgeID":"1754540","fromID":"1338466","toID":"1338467","formEdgeID":null},{"edgeID":"1754541","fromID":"1338467","toID":"1338465","formEdgeID":null},{"edgeID":"1754542","fromID":"1338371","toID":"1338468","formEdgeID":null},{"edgeID":"1754543","fromID":"1338468","toID":"1338376","formEdgeID":null},{"edgeID":"1754544","fromID":"1338375","toID":"1338469","formEdgeID":null},{"edgeID":"1754545","fromID":"1338469","toID":"1338370","formEdgeID":null},{"edgeID":"1754546","fromID":"1338468","toID":"1338470","formEdgeID":null},{"edgeID":"1754547","fromID":"1338470","toID":"1338469","formEdgeID":null},{"edgeID":"1754548","fromID":"1338376","toID":"1338471","formEdgeID":null},{"edgeID":"1754549","fromID":"1338471","toID":"1338381","formEdgeID":null},{"edgeID":"1754550","fromID":"1338381","toID":"1338472","formEdgeID":null},{"edgeID":"1754551","fromID":"1338472","toID":"1338386","formEdgeID":null},{"edgeID":"1754552","fromID":"1338385","toID":"1338473","formEdgeID":null},{"edgeID":"1754553","fromID":"1338473","toID":"1338380","formEdgeID":null},{"edgeID":"1754554","fromID":"1338472","toID":"1338474","formEdgeID":null},{"edgeID":"1754555","fromID":"1338474","toID":"1338473","formEdgeID":null},{"edgeID":"1754556","fromID":"1338386","toID":"1338475","formEdgeID":null},{"edgeID":"1754557","fromID":"1338475","toID":"1338391","formEdgeID":null},{"edgeID":"1754558","fromID":"1338390","toID":"1338476","formEdgeID":null},{"edgeID":"1754559","fromID":"1338476","toID":"1338385","formEdgeID":null},{"edgeID":"1754560","fromID":"1338475","toID":"1338477","formEdgeID":null},{"edgeID":"1754561","fromID":"1338477","toID":"1338476","formEdgeID":null},{"edgeID":"1754562","fromID":"1338233","toID":"1338478","formEdgeID":null},{"edgeID":"1754563","fromID":"1338478","toID":"1338238","formEdgeID":null}],"locutions":[]}