{"nodes":[{"nodeID":"1312942","text":"Peter Connelly died","type":"I","timestamp":"2023-11-09 13:13:40"},{"nodeID":"1312943","text":"Fiona Bruce: Peter Connelly died","type":"L","timestamp":"2023-11-09 13:13:40"},{"nodeID":"1312944","text":"Analysing","type":"YA","timestamp":"2023-11-09 13:13:40"},{"nodeID":"1312945","text":"Dominika: Fiona Bruce: Peter Connelly died","type":"L","timestamp":"2023-11-09 13:13:40"},{"nodeID":"1312946","text":"Asserting","type":"YA","timestamp":"2023-11-09 13:13:40"},{"nodeID":"1312947","text":"Peter Connelly was 17 months old","type":"I","timestamp":"2023-11-09 13:13:40"},{"nodeID":"1312948","text":"Fiona Bruce: he was 17 months old","type":"L","timestamp":"2023-11-09 13:13:40"},{"nodeID":"1312949","text":"Analysing","type":"YA","timestamp":"2023-11-09 13:13:40"},{"nodeID":"1312950","text":"Dominika: Fiona Bruce: he was 17 months old","type":"L","timestamp":"2023-11-09 13:13:40"},{"nodeID":"1312951","text":"Asserting","type":"YA","timestamp":"2023-11-09 13:13:40"},{"nodeID":"1312952","text":"Peter Connelly died in 2007 at the hands of his mother, Tracy Connelly, her partner Stephen Barker, his brother Jason Owen","type":"I","timestamp":"2023-11-09 13:13:41"},{"nodeID":"1312953","text":"Fiona Bruce: in 2007 at the hands of his mother, Tracy Connelly, her partner Stephen Barker, his brother Jason Owen","type":"L","timestamp":"2023-11-09 13:13:41"},{"nodeID":"1312954","text":"Analysing","type":"YA","timestamp":"2023-11-09 13:13:41"},{"nodeID":"1312955","text":"Dominika: Fiona Bruce: in 2007 at the hands of his mother, Tracy Connelly, her partner Stephen Barker, his brother Jason Owen","type":"L","timestamp":"2023-11-09 13:13:41"},{"nodeID":"1312956","text":"Asserting","type":"YA","timestamp":"2023-11-09 13:13:41"},{"nodeID":"1312957","text":"Default Inference","type":"RA","timestamp":"2023-11-09 13:13:41"},{"nodeID":"1312958","text":"Tracy Connelly, Stephen Barker and Jason Owen were convicted of causing or allowing the death of a child or vulnerable person","type":"I","timestamp":"2023-11-09 13:13:41"},{"nodeID":"1312959","text":"Fiona Bruce: All three were convicted of causing or allowing the death of a child or vulnerable person","type":"L","timestamp":"2023-11-09 13:13:41"},{"nodeID":"1312960","text":"Analysing","type":"YA","timestamp":"2023-11-09 13:13:41"},{"nodeID":"1312961","text":"Dominika: Fiona Bruce: All three were convicted of causing or allowing the death of a child or vulnerable person","type":"L","timestamp":"2023-11-09 13:13:41"},{"nodeID":"1312962","text":"Asserting","type":"YA","timestamp":"2023-11-09 13:13:41"},{"nodeID":"1312963","text":"Tracy Connelly, Stephen Barker and Jason Owen were cleared of murder","type":"I","timestamp":"2023-11-09 13:13:42"},{"nodeID":"1312964","text":"Fiona Bruce: They were cleared of murder","type":"L","timestamp":"2023-11-09 13:13:42"},{"nodeID":"1312965","text":"Analysing","type":"YA","timestamp":"2023-11-09 13:13:42"},{"nodeID":"1312966","text":"Dominika: Fiona Bruce: They were cleared of murder","type":"L","timestamp":"2023-11-09 13:13:42"},{"nodeID":"1312967","text":"Asserting","type":"YA","timestamp":"2023-11-09 13:13:42"},{"nodeID":"1312968","text":"little Peter had something like 50 separate injuries on his body when he died","type":"I","timestamp":"2023-11-09 13:13:43"},{"nodeID":"1312969","text":"Fiona Bruce: little Peter had something like 50 separate injuries on his body when he died","type":"L","timestamp":"2023-11-09 13:13:43"},{"nodeID":"1312970","text":"Analysing","type":"YA","timestamp":"2023-11-09 13:13:43"},{"nodeID":"1312971","text":"Dominika: Fiona Bruce: little Peter had something like 50 separate injuries on his body when he died","type":"L","timestamp":"2023-11-09 13:13:43"},{"nodeID":"1312972","text":"Asserting","type":"YA","timestamp":"2023-11-09 13:13:43"},{"nodeID":"1312973","text":"Default Transition","type":"TA","timestamp":"2023-11-09 13:13:43"},{"nodeID":"1312974","text":"Default Transition","type":"TA","timestamp":"2023-11-09 13:13:43"},{"nodeID":"1312975","text":"Arguing","type":"YA","timestamp":"2023-11-09 13:13:43"},{"nodeID":"1312976","text":"Default Transition","type":"TA","timestamp":"2023-11-09 13:13:43"},{"nodeID":"1312977","text":"Default Transition","type":"TA","timestamp":"2023-11-09 13:13:43"},{"nodeID":"1312978","text":"Default Transition","type":"TA","timestamp":"2023-11-09 13:13:43"},{"nodeID":"1312979","text":"it's actually not too dissimilar from the last question in a way","type":"I","timestamp":"2023-11-09 13:13:43"},{"nodeID":"1312980","text":"Louise Haigh: it's actually not too dissimilar from the last question in a way","type":"L","timestamp":"2023-11-09 13:13:43"},{"nodeID":"1312981","text":"Analysing","type":"YA","timestamp":"2023-11-09 13:13:43"},{"nodeID":"1312982","text":"Dominika: Louise Haigh: it's actually not too dissimilar from the last question in a way","type":"L","timestamp":"2023-11-09 13:13:43"},{"nodeID":"1312983","text":"Asserting","type":"YA","timestamp":"2023-11-09 13:13:43"},{"nodeID":"1312984","text":"children's services and the protection of those most vulnerable children in society have also not been invested in over too long","type":"I","timestamp":"2023-11-09 13:13:44"},{"nodeID":"1312985","text":"Louise Haigh: children's services and the protection of those most vulnerable children in society have also not been invested in over too long","type":"L","timestamp":"2023-11-09 13:13:44"},{"nodeID":"1312986","text":"Analysing","type":"YA","timestamp":"2023-11-09 13:13:44"},{"nodeID":"1312987","text":"Dominika: Louise Haigh: children's services and the protection of those most vulnerable children in society have also not been invested in over too long","type":"L","timestamp":"2023-11-09 13:13:44"},{"nodeID":"1312988","text":"Asserting","type":"YA","timestamp":"2023-11-09 13:13:44"},{"nodeID":"1312989","text":"Louise Haigh would agree that not investing in the protection of children is not just a problem of the last 12 years when we've had Tory government, although it has been exacerbated by austerity, but it is a systemic problem as well","type":"I","timestamp":"2023-11-09 13:13:44"},{"nodeID":"1312990","text":"Louise Haigh: I would agree that it is not just a problem of the last 12 years when we've had Tory government, although it has been exacerbated by austerity, but it is a systemic problem as well","type":"L","timestamp":"2023-11-09 13:13:44"},{"nodeID":"1312991","text":"Analysing","type":"YA","timestamp":"2023-11-09 13:13:44"},{"nodeID":"1312992","text":"Dominika: Louise Haigh: I would agree that it is not just a problem of the last 12 years when we've had Tory government, although it has been exacerbated by austerity, but it is a systemic problem as well","type":"L","timestamp":"2023-11-09 13:13:44"},{"nodeID":"1312993","text":"Asserting","type":"YA","timestamp":"2023-11-09 13:13:44"},{"nodeID":"1312994","text":"as to Fiona Bruce's specific question about Tracy Connelly,  Louise Haigh would completely understand all Fiona Bruce's willingness for her to stay in prison for the rest of her life","type":"I","timestamp":"2023-11-09 13:13:45"},{"nodeID":"1312995","text":"Louise Haigh: As to your specific question about the mother, I would completely understand all your willingness for her to stay in prison for the rest of her life","type":"L","timestamp":"2023-11-09 13:13:45"},{"nodeID":"1312996","text":"Analysing","type":"YA","timestamp":"2023-11-09 13:13:45"},{"nodeID":"1312997","text":"Dominika: Louise Haigh: As to your specific question about the mother, I would completely understand all your willingness for her to stay in prison for the rest of her life","type":"L","timestamp":"2023-11-09 13:13:45"},{"nodeID":"1312998","text":"Asserting","type":"YA","timestamp":"2023-11-09 13:13:45"},{"nodeID":"1312999","text":"Louise Haigh also might have the opinion that Tracy Connelly should stay in prison for the rest of her life","type":"I","timestamp":"2023-11-09 13:13:46"},{"nodeID":"1313000","text":"Louise Haigh: that might well be my personal opinion as well","type":"L","timestamp":"2023-11-09 13:13:46"},{"nodeID":"1313001","text":"Analysing","type":"YA","timestamp":"2023-11-09 13:13:46"},{"nodeID":"1313002","text":"Dominika: Louise Haigh: that might well be my personal opinion as well","type":"L","timestamp":"2023-11-09 13:13:46"},{"nodeID":"1313003","text":"Asserting","type":"YA","timestamp":"2023-11-09 13:13:46"},{"nodeID":"1313004","text":"Default Transition","type":"TA","timestamp":"2023-11-09 13:13:46"},{"nodeID":"1313005","text":"Default Transition","type":"TA","timestamp":"2023-11-09 13:13:46"},{"nodeID":"1313006","text":"Default Inference","type":"RA","timestamp":"2023-11-09 13:13:46"},{"nodeID":"1313007","text":"Arguing","type":"YA","timestamp":"2023-11-09 13:13:46"},{"nodeID":"1313008","text":"Default Transition","type":"TA","timestamp":"2023-11-09 13:13:46"},{"nodeID":"1313009","text":"Default Transition","type":"TA","timestamp":"2023-11-09 13:13:46"},{"nodeID":"1313010","text":"Default Transition","type":"TA","timestamp":"2023-11-09 13:13:46"},{"nodeID":"1313011","text":"Default Inference","type":"RA","timestamp":"2023-11-09 13:13:46"},{"nodeID":"1313012","text":"Arguing","type":"YA","timestamp":"2023-11-09 13:13:46"},{"nodeID":"1313013","text":"Default Conflict","type":"CA","timestamp":"2023-11-09 13:13:46"},{"nodeID":"1313014","text":"Disagreeing","type":"YA","timestamp":"2023-11-09 13:13:46"}],"edges":[{"edgeID":"1723955","fromID":"1312944","toID":"1312943","formEdgeID":null},{"edgeID":"1723956","fromID":"1312945","toID":"1312944","formEdgeID":null},{"edgeID":"1723957","fromID":"1312943","toID":"1312946","formEdgeID":null},{"edgeID":"1723958","fromID":"1312946","toID":"1312942","formEdgeID":null},{"edgeID":"1723959","fromID":"1312949","toID":"1312948","formEdgeID":null},{"edgeID":"1723960","fromID":"1312950","toID":"1312949","formEdgeID":null},{"edgeID":"1723961","fromID":"1312948","toID":"1312951","formEdgeID":null},{"edgeID":"1723962","fromID":"1312951","toID":"1312947","formEdgeID":null},{"edgeID":"1723963","fromID":"1312954","toID":"1312953","formEdgeID":null},{"edgeID":"1723964","fromID":"1312955","toID":"1312954","formEdgeID":null},{"edgeID":"1723965","fromID":"1312953","toID":"1312956","formEdgeID":null},{"edgeID":"1723966","fromID":"1312956","toID":"1312952","formEdgeID":null},{"edgeID":"1723967","fromID":"1312952","toID":"1312957","formEdgeID":null},{"edgeID":"1723968","fromID":"1312957","toID":"1312942","formEdgeID":null},{"edgeID":"1723969","fromID":"1312960","toID":"1312959","formEdgeID":null},{"edgeID":"1723970","fromID":"1312961","toID":"1312960","formEdgeID":null},{"edgeID":"1723971","fromID":"1312959","toID":"1312962","formEdgeID":null},{"edgeID":"1723972","fromID":"1312962","toID":"1312958","formEdgeID":null},{"edgeID":"1723973","fromID":"1312965","toID":"1312964","formEdgeID":null},{"edgeID":"1723974","fromID":"1312966","toID":"1312965","formEdgeID":null},{"edgeID":"1723975","fromID":"1312964","toID":"1312967","formEdgeID":null},{"edgeID":"1723976","fromID":"1312967","toID":"1312963","formEdgeID":null},{"edgeID":"1723977","fromID":"1312970","toID":"1312969","formEdgeID":null},{"edgeID":"1723978","fromID":"1312971","toID":"1312970","formEdgeID":null},{"edgeID":"1723979","fromID":"1312969","toID":"1312972","formEdgeID":null},{"edgeID":"1723980","fromID":"1312972","toID":"1312968","formEdgeID":null},{"edgeID":"1723981","fromID":"1312948","toID":"1312973","formEdgeID":null},{"edgeID":"1723982","fromID":"1312973","toID":"1312953","formEdgeID":null},{"edgeID":"1723983","fromID":"1312943","toID":"1312974","formEdgeID":null},{"edgeID":"1723984","fromID":"1312974","toID":"1312948","formEdgeID":null},{"edgeID":"1723985","fromID":"1312973","toID":"1312975","formEdgeID":null},{"edgeID":"1723986","fromID":"1312975","toID":"1312957","formEdgeID":null},{"edgeID":"1723987","fromID":"1312953","toID":"1312976","formEdgeID":null},{"edgeID":"1723988","fromID":"1312976","toID":"1312959","formEdgeID":null},{"edgeID":"1723989","fromID":"1312959","toID":"1312977","formEdgeID":null},{"edgeID":"1723990","fromID":"1312977","toID":"1312964","formEdgeID":null},{"edgeID":"1723991","fromID":"1312964","toID":"1312978","formEdgeID":null},{"edgeID":"1723992","fromID":"1312978","toID":"1312969","formEdgeID":null},{"edgeID":"1723993","fromID":"1312981","toID":"1312980","formEdgeID":null},{"edgeID":"1723994","fromID":"1312982","toID":"1312981","formEdgeID":null},{"edgeID":"1723995","fromID":"1312980","toID":"1312983","formEdgeID":null},{"edgeID":"1723996","fromID":"1312983","toID":"1312979","formEdgeID":null},{"edgeID":"1723997","fromID":"1312986","toID":"1312985","formEdgeID":null},{"edgeID":"1723998","fromID":"1312987","toID":"1312986","formEdgeID":null},{"edgeID":"1723999","fromID":"1312985","toID":"1312988","formEdgeID":null},{"edgeID":"1724000","fromID":"1312988","toID":"1312984","formEdgeID":null},{"edgeID":"1724001","fromID":"1312991","toID":"1312990","formEdgeID":null},{"edgeID":"1724002","fromID":"1312992","toID":"1312991","formEdgeID":null},{"edgeID":"1724003","fromID":"1312990","toID":"1312993","formEdgeID":null},{"edgeID":"1724004","fromID":"1312993","toID":"1312989","formEdgeID":null},{"edgeID":"1724005","fromID":"1312996","toID":"1312995","formEdgeID":null},{"edgeID":"1724006","fromID":"1312997","toID":"1312996","formEdgeID":null},{"edgeID":"1724007","fromID":"1312995","toID":"1312998","formEdgeID":null},{"edgeID":"1724008","fromID":"1312998","toID":"1312994","formEdgeID":null},{"edgeID":"1724009","fromID":"1313001","toID":"1313000","formEdgeID":null},{"edgeID":"1724010","fromID":"1313002","toID":"1313001","formEdgeID":null},{"edgeID":"1724011","fromID":"1313000","toID":"1313003","formEdgeID":null},{"edgeID":"1724012","fromID":"1313003","toID":"1312999","formEdgeID":null},{"edgeID":"1724013","fromID":"1312969","toID":"1313004","formEdgeID":null},{"edgeID":"1724014","fromID":"1313004","toID":"1312980","formEdgeID":null},{"edgeID":"1724015","fromID":"1312980","toID":"1313005","formEdgeID":null},{"edgeID":"1724016","fromID":"1313005","toID":"1312985","formEdgeID":null},{"edgeID":"1724017","fromID":"1312984","toID":"1313006","formEdgeID":null},{"edgeID":"1724018","fromID":"1313006","toID":"1312979","formEdgeID":null},{"edgeID":"1724019","fromID":"1313005","toID":"1313007","formEdgeID":null},{"edgeID":"1724020","fromID":"1313007","toID":"1313006","formEdgeID":null},{"edgeID":"1724021","fromID":"1312985","toID":"1313008","formEdgeID":null},{"edgeID":"1724022","fromID":"1313008","toID":"1312990","formEdgeID":null},{"edgeID":"1724023","fromID":"1312990","toID":"1313009","formEdgeID":null},{"edgeID":"1724024","fromID":"1313009","toID":"1312995","formEdgeID":null},{"edgeID":"1724025","fromID":"1312995","toID":"1313010","formEdgeID":null},{"edgeID":"1724026","fromID":"1313010","toID":"1313000","formEdgeID":null},{"edgeID":"1724027","fromID":"1312999","toID":"1313011","formEdgeID":null},{"edgeID":"1724028","fromID":"1313011","toID":"1312994","formEdgeID":null},{"edgeID":"1724029","fromID":"1313010","toID":"1313012","formEdgeID":null},{"edgeID":"1724030","fromID":"1313012","toID":"1313011","formEdgeID":null},{"edgeID":"1724031","fromID":"1312968","toID":"1313013","formEdgeID":null},{"edgeID":"1724032","fromID":"1313013","toID":"1312963","formEdgeID":null},{"edgeID":"1724033","fromID":"1312978","toID":"1313014","formEdgeID":null},{"edgeID":"1724034","fromID":"1313014","toID":"1313013","formEdgeID":null}],"locutions":[]}