{"nodes":[{"nodeID":"1313670","text":"some people are able to redeem their crimes","type":"I","timestamp":"2023-11-09 13:14:44"},{"nodeID":"1313671","text":"Wilfred Emmanuel-Jones: some people are able to redeem their crimes","type":"L","timestamp":"2023-11-09 13:14:44"},{"nodeID":"1313672","text":"Analysing","type":"YA","timestamp":"2023-11-09 13:14:44"},{"nodeID":"1313673","text":"Dominika: Wilfred Emmanuel-Jones: some people are able to redeem their crimes","type":"L","timestamp":"2023-11-09 13:14:44"},{"nodeID":"1313674","text":"Asserting","type":"YA","timestamp":"2023-11-09 13:14:44"},{"nodeID":"1313675","text":"redeeming someone's crime is about the period of time","type":"I","timestamp":"2023-11-09 13:14:45"},{"nodeID":"1313676","text":"Wilfred Emmanuel-Jones: It's about the period of time","type":"L","timestamp":"2023-11-09 13:14:45"},{"nodeID":"1313677","text":"Analysing","type":"YA","timestamp":"2023-11-09 13:14:45"},{"nodeID":"1313678","text":"Dominika: Wilfred Emmanuel-Jones: It's about the period of time","type":"L","timestamp":"2023-11-09 13:14:45"},{"nodeID":"1313679","text":"Asserting","type":"YA","timestamp":"2023-11-09 13:14:45"},{"nodeID":"1313680","text":"the idea that something as horrendous as Tracy Connelly did means that she has to spend the rest of her life in prison, Wilfred Emmanuel-Jones thinks that actually that is not necessarily the right way of looking at this","type":"I","timestamp":"2023-11-09 13:14:45"},{"nodeID":"1313681","text":"Wilfred Emmanuel-Jones: the idea that something as horrendous as this woman did means that she has to spend the rest of her life in prison, I think that actually that is not necessarily the right way of looking at this","type":"L","timestamp":"2023-11-09 13:14:45"},{"nodeID":"1313682","text":"Analysing","type":"YA","timestamp":"2023-11-09 13:14:45"},{"nodeID":"1313683","text":"Dominika: Wilfred Emmanuel-Jones: the idea that something as horrendous as this woman did means that she has to spend the rest of her life in prison, I think that actually that is not necessarily the right way of looking at this","type":"L","timestamp":"2023-11-09 13:14:45"},{"nodeID":"1313684","text":"Asserting","type":"YA","timestamp":"2023-11-09 13:14:45"},{"nodeID":"1313685","text":"we need to be told or shown that Tracy Connelly has redeemed herself in a way that she could actually be forgiven for the crime that she committed","type":"I","timestamp":"2023-11-09 13:14:46"},{"nodeID":"1313686","text":"Wilfred Emmanuel-Jones: we need to be told or shown that she has redeemed herself in a way that she could actually be forgiven for the crime that she committed","type":"L","timestamp":"2023-11-09 13:14:46"},{"nodeID":"1313687","text":"Analysing","type":"YA","timestamp":"2023-11-09 13:14:46"},{"nodeID":"1313688","text":"Dominika: Wilfred Emmanuel-Jones: we need to be told or shown that she has redeemed herself in a way that she could actually be forgiven for the crime that she committed","type":"L","timestamp":"2023-11-09 13:14:46"},{"nodeID":"1313689","text":"Asserting","type":"YA","timestamp":"2023-11-09 13:14:46"},{"nodeID":"1313690","text":"Default Transition","type":"TA","timestamp":"2023-11-09 13:14:46"},{"nodeID":"1313691","text":"Default Transition","type":"TA","timestamp":"2023-11-09 13:14:46"},{"nodeID":"1313692","text":"Default Transition","type":"TA","timestamp":"2023-11-09 13:14:46"},{"nodeID":"1313693","text":"Default Inference","type":"RA","timestamp":"2023-11-09 13:14:46"},{"nodeID":"1313694","text":"Arguing","type":"YA","timestamp":"2023-11-09 13:14:46"},{"nodeID":"1313695","text":"Default Inference","type":"RA","timestamp":"2023-11-09 13:14:46"},{"nodeID":"1313696","text":"Arguing","type":"YA","timestamp":"2023-11-09 13:14:46"}],"edges":[{"edgeID":"1724808","fromID":"1313672","toID":"1313671","formEdgeID":null},{"edgeID":"1724809","fromID":"1313673","toID":"1313672","formEdgeID":null},{"edgeID":"1724810","fromID":"1313671","toID":"1313674","formEdgeID":null},{"edgeID":"1724811","fromID":"1313674","toID":"1313670","formEdgeID":null},{"edgeID":"1724812","fromID":"1313677","toID":"1313676","formEdgeID":null},{"edgeID":"1724813","fromID":"1313678","toID":"1313677","formEdgeID":null},{"edgeID":"1724814","fromID":"1313676","toID":"1313679","formEdgeID":null},{"edgeID":"1724815","fromID":"1313679","toID":"1313675","formEdgeID":null},{"edgeID":"1724816","fromID":"1313682","toID":"1313681","formEdgeID":null},{"edgeID":"1724817","fromID":"1313683","toID":"1313682","formEdgeID":null},{"edgeID":"1724818","fromID":"1313681","toID":"1313684","formEdgeID":null},{"edgeID":"1724819","fromID":"1313684","toID":"1313680","formEdgeID":null},{"edgeID":"1724820","fromID":"1313687","toID":"1313686","formEdgeID":null},{"edgeID":"1724821","fromID":"1313688","toID":"1313687","formEdgeID":null},{"edgeID":"1724822","fromID":"1313686","toID":"1313689","formEdgeID":null},{"edgeID":"1724823","fromID":"1313689","toID":"1313685","formEdgeID":null},{"edgeID":"1724824","fromID":"1313671","toID":"1313690","formEdgeID":null},{"edgeID":"1724825","fromID":"1313690","toID":"1313676","formEdgeID":null},{"edgeID":"1724826","fromID":"1313676","toID":"1313691","formEdgeID":null},{"edgeID":"1724827","fromID":"1313691","toID":"1313681","formEdgeID":null},{"edgeID":"1724828","fromID":"1313681","toID":"1313692","formEdgeID":null},{"edgeID":"1724829","fromID":"1313692","toID":"1313686","formEdgeID":null},{"edgeID":"1724830","fromID":"1313685","toID":"1313693","formEdgeID":null},{"edgeID":"1724831","fromID":"1313693","toID":"1313680","formEdgeID":null},{"edgeID":"1724832","fromID":"1313692","toID":"1313694","formEdgeID":null},{"edgeID":"1724833","fromID":"1313694","toID":"1313693","formEdgeID":null},{"edgeID":"1724834","fromID":"1313675","toID":"1313695","formEdgeID":null},{"edgeID":"1724835","fromID":"1313695","toID":"1313670","formEdgeID":null},{"edgeID":"1724836","fromID":"1313690","toID":"1313696","formEdgeID":null},{"edgeID":"1724837","fromID":"1313696","toID":"1313695","formEdgeID":null}],"locutions":[]}