{"nodes":[{"nodeID":"1037349","text":"everyone's counting on every single pound","type":"I","timestamp":"2022-09-14 15:51:06"},{"nodeID":"1309620","text":"politicians' response to the cost of living crisis is really demoralising","type":"I","timestamp":"2023-11-09 13:08:56"},{"nodeID":"1309621","text":"AudienceMember 20220512QT03: it's really demoralising","type":"L","timestamp":"2023-11-09 13:08:56"},{"nodeID":"1309622","text":"Analysing","type":"YA","timestamp":"2023-11-09 13:08:56"},{"nodeID":"1309623","text":"Chris: AudienceMember 20220512QT03: it's really demoralising","type":"L","timestamp":"2023-11-09 13:08:56"},{"nodeID":"1309624","text":"Asserting","type":"YA","timestamp":"2023-11-09 13:08:56"},{"nodeID":"1309625","text":"AudienceMember 20220512QT03: Everyone's counting on every single pound","type":"L","timestamp":"2023-11-09 13:08:57"},{"nodeID":"1309626","text":"Analysing","type":"YA","timestamp":"2023-11-09 13:08:57"},{"nodeID":"1309627","text":"Chris: AudienceMember 20220512QT03: Everyone's counting on every single pound","type":"L","timestamp":"2023-11-09 13:08:57"},{"nodeID":"1309628","text":"Asserting","type":"YA","timestamp":"2023-11-09 13:08:57"},{"nodeID":"1309629","text":"Default Transition","type":"TA","timestamp":"2023-11-09 13:08:57"},{"nodeID":"1309630","text":"AudienceMember 20220505QT03 would be interested to see how much savings these MPs have in their bank account","type":"I","timestamp":"2023-11-09 13:08:57"},{"nodeID":"1309631","text":"AudienceMember 20220512QT03:  I'd be interested to see how much savings these MPs have in their bank account","type":"L","timestamp":"2023-11-09 13:08:57"},{"nodeID":"1309632","text":"Analysing","type":"YA","timestamp":"2023-11-09 13:08:57"},{"nodeID":"1309633","text":"Chris: AudienceMember 20220512QT03:  I'd be interested to see how much savings these MPs have in their bank account","type":"L","timestamp":"2023-11-09 13:08:57"},{"nodeID":"1309634","text":"Asserting","type":"YA","timestamp":"2023-11-09 13:08:57"},{"nodeID":"1309635","text":"AudienceMember 20220505QT03 how politicians divide all their savings","type":"I","timestamp":"2023-11-09 13:08:58"},{"nodeID":"1309636","text":"AudienceMember 20220512QT03: how they divide all their savings","type":"L","timestamp":"2023-11-09 13:08:58"},{"nodeID":"1309637","text":"Analysing","type":"YA","timestamp":"2023-11-09 13:08:58"},{"nodeID":"1309638","text":"Chris: AudienceMember 20220512QT03: how they divide all their savings","type":"L","timestamp":"2023-11-09 13:08:58"},{"nodeID":"1309639","text":"Asserting","type":"YA","timestamp":"2023-11-09 13:08:58"},{"nodeID":"1309640","text":"Default Transition","type":"TA","timestamp":"2023-11-09 13:08:58"},{"nodeID":"1309641","text":"Default Transition","type":"TA","timestamp":"2023-11-09 13:08:58"},{"nodeID":"1309642","text":"Default Rephrase","type":"MA","timestamp":"2023-11-09 13:08:58"},{"nodeID":"1309643","text":"Restating","type":"YA","timestamp":"2023-11-09 13:08:58"},{"nodeID":"1309644","text":"AudienceMember 20220505QT03 is not telling politicians what to buy or what to purchase","type":"I","timestamp":"2023-11-09 13:08:59"},{"nodeID":"1309645","text":"AudienceMember 20220512QT03: I'm not telling them what to buy or what to purchase","type":"L","timestamp":"2023-11-09 13:08:59"},{"nodeID":"1309646","text":"Analysing","type":"YA","timestamp":"2023-11-09 13:08:59"},{"nodeID":"1309647","text":"Chris: AudienceMember 20220512QT03: I'm not telling them what to buy or what to purchase","type":"L","timestamp":"2023-11-09 13:08:59"},{"nodeID":"1309648","text":"Asserting","type":"YA","timestamp":"2023-11-09 13:08:59"},{"nodeID":"1309649","text":"Default Inference","type":"RA","timestamp":"2023-11-09 13:08:59"},{"nodeID":"1309650","text":"Arguing","type":"YA","timestamp":"2023-11-09 13:08:59"},{"nodeID":"1309651","text":"telling someone else how to spend their money is a bit rude","type":"I","timestamp":"2023-11-09 13:08:59"},{"nodeID":"1309652","text":"AudienceMember 20220512QT03: it's a bit rude","type":"L","timestamp":"2023-11-09 13:08:59"},{"nodeID":"1309653","text":"Analysing","type":"YA","timestamp":"2023-11-09 13:08:59"},{"nodeID":"1309654","text":"Chris: AudienceMember 20220512QT03: it's a bit rude","type":"L","timestamp":"2023-11-09 13:08:59"},{"nodeID":"1309655","text":"Asserting","type":"YA","timestamp":"2023-11-09 13:08:59"},{"nodeID":"1309656","text":"Default Inference","type":"RA","timestamp":"2023-11-09 13:08:59"},{"nodeID":"1309657","text":"telling someone else how to spend their money is inhumane","type":"I","timestamp":"2023-11-09 13:09:00"},{"nodeID":"1309658","text":"AudienceMember 20220512QT03: it is inhumane","type":"L","timestamp":"2023-11-09 13:09:00"},{"nodeID":"1309659","text":"Analysing","type":"YA","timestamp":"2023-11-09 13:09:00"},{"nodeID":"1309660","text":"Chris: AudienceMember 20220512QT03: it is inhumane","type":"L","timestamp":"2023-11-09 13:09:00"},{"nodeID":"1309661","text":"Asserting","type":"YA","timestamp":"2023-11-09 13:09:00"},{"nodeID":"1309662","text":"Default Transition","type":"TA","timestamp":"2023-11-09 13:09:00"},{"nodeID":"1309663","text":"Default Transition","type":"TA","timestamp":"2023-11-09 13:09:00"},{"nodeID":"1309664","text":"Default Transition","type":"TA","timestamp":"2023-11-09 13:09:00"},{"nodeID":"1309665","text":"Default Rephrase","type":"MA","timestamp":"2023-11-09 13:09:00"},{"nodeID":"1309666","text":"Restating","type":"YA","timestamp":"2023-11-09 13:09:00"},{"nodeID":"1309667","text":"there are people really struggling out on the streets now","type":"I","timestamp":"2023-11-09 13:09:00"},{"nodeID":"1309668","text":"AudienceMember 20220512QT03: There are people really struggling out on the streets now","type":"L","timestamp":"2023-11-09 13:09:00"},{"nodeID":"1309669","text":"Analysing","type":"YA","timestamp":"2023-11-09 13:09:00"},{"nodeID":"1309670","text":"Chris: AudienceMember 20220512QT03: There are people really struggling out on the streets now","type":"L","timestamp":"2023-11-09 13:09:00"},{"nodeID":"1309671","text":"Asserting","type":"YA","timestamp":"2023-11-09 13:09:00"},{"nodeID":"1309672","text":"Default Transition","type":"TA","timestamp":"2023-11-09 13:09:00"},{"nodeID":"1309673","text":"friends and family who are really struggling","type":"I","timestamp":"2023-11-09 13:09:01"},{"nodeID":"1309674","text":"AudienceMember 20220512QT03: friends and family who are really struggling","type":"L","timestamp":"2023-11-09 13:09:01"},{"nodeID":"1309675","text":"Analysing","type":"YA","timestamp":"2023-11-09 13:09:01"},{"nodeID":"1309676","text":"Chris: AudienceMember 20220512QT03: friends and family who are really struggling","type":"L","timestamp":"2023-11-09 13:09:01"},{"nodeID":"1309677","text":"Asserting","type":"YA","timestamp":"2023-11-09 13:09:01"},{"nodeID":"1309678","text":"Default Transition","type":"TA","timestamp":"2023-11-09 13:09:01"},{"nodeID":"1309679","text":"Default Rephrase","type":"MA","timestamp":"2023-11-09 13:09:01"},{"nodeID":"1309680","text":"Restating","type":"YA","timestamp":"2023-11-09 13:09:01"},{"nodeID":"1309681","text":"people who are struggling haven't got enough food to put on the table","type":"I","timestamp":"2023-11-09 13:09:01"},{"nodeID":"1309682","text":"AudienceMember 20220512QT03: They haven't got enough food to put on the table","type":"L","timestamp":"2023-11-09 13:09:01"},{"nodeID":"1309683","text":"Analysing","type":"YA","timestamp":"2023-11-09 13:09:01"},{"nodeID":"1309684","text":"Chris: AudienceMember 20220512QT03: They haven't got enough food to put on the table","type":"L","timestamp":"2023-11-09 13:09:01"},{"nodeID":"1309685","text":"Asserting","type":"YA","timestamp":"2023-11-09 13:09:01"},{"nodeID":"1309686","text":"Default Transition","type":"TA","timestamp":"2023-11-09 13:09:01"},{"nodeID":"1309687","text":"Default Rephrase","type":"MA","timestamp":"2023-11-09 13:09:01"},{"nodeID":"1309688","text":"Restating","type":"YA","timestamp":"2023-11-09 13:09:01"},{"nodeID":"1309689","text":"then to be told to go buy value items, AudienceMember 20220505QT03 just thinks it's disgusting, if they're honest","type":"I","timestamp":"2023-11-09 13:09:02"},{"nodeID":"1309690","text":"AudienceMember 20220512QT03: then to be told to go buy value items, I just think it's disgusting, if I'm honest","type":"L","timestamp":"2023-11-09 13:09:02"},{"nodeID":"1309691","text":"Analysing","type":"YA","timestamp":"2023-11-09 13:09:02"},{"nodeID":"1309692","text":"Chris: AudienceMember 20220512QT03: then to be told to go buy value items, I just think it's disgusting, if I'm honest","type":"L","timestamp":"2023-11-09 13:09:02"},{"nodeID":"1309693","text":"Asserting","type":"YA","timestamp":"2023-11-09 13:09:02"},{"nodeID":"1309694","text":"Default Transition","type":"TA","timestamp":"2023-11-09 13:09:02"},{"nodeID":"1309695","text":"Default Inference","type":"RA","timestamp":"2023-11-09 13:09:02"},{"nodeID":"1309696","text":"Arguing","type":"YA","timestamp":"2023-11-09 13:09:02"},{"nodeID":"1309697","text":"Default Transition","type":"TA","timestamp":"2023-11-09 13:09:02"},{"nodeID":"1309698","text":"Default Transition","type":"TA","timestamp":"2023-11-09 13:09:02"},{"nodeID":"1309699","text":"AudienceMember 20220505QT03 was really shocked that George Eustice said that and confident, how he delivered it","type":"I","timestamp":"2023-11-09 13:09:03"},{"nodeID":"1309700","text":"AudienceMember 20220512QT03:  I was really shocked that he said that and confident, how he delivered it","type":"L","timestamp":"2023-11-09 13:09:03"},{"nodeID":"1309701","text":"Analysing","type":"YA","timestamp":"2023-11-09 13:09:03"},{"nodeID":"1309702","text":"Chris: AudienceMember 20220512QT03:  I was really shocked that he said that and confident, how he delivered it","type":"L","timestamp":"2023-11-09 13:09:03"},{"nodeID":"1309703","text":"Asserting","type":"YA","timestamp":"2023-11-09 13:09:03"},{"nodeID":"1309704","text":"Default Transition","type":"TA","timestamp":"2023-11-09 13:09:03"},{"nodeID":"1309705","text":"Arguing","type":"YA","timestamp":"2023-11-09 13:09:03"},{"nodeID":"1309706","text":"Default Inference","type":"RA","timestamp":"2023-11-09 13:09:03"},{"nodeID":"1309707","text":"Arguing","type":"YA","timestamp":"2023-11-09 13:09:03"}],"edges":[{"edgeID":"1719932","fromID":"1309622","toID":"1309621","formEdgeID":null},{"edgeID":"1719933","fromID":"1309623","toID":"1309622","formEdgeID":null},{"edgeID":"1719934","fromID":"1309621","toID":"1309624","formEdgeID":null},{"edgeID":"1719935","fromID":"1309624","toID":"1309620","formEdgeID":null},{"edgeID":"1719936","fromID":"1309626","toID":"1309625","formEdgeID":null},{"edgeID":"1719937","fromID":"1309627","toID":"1309626","formEdgeID":null},{"edgeID":"1719938","fromID":"1309625","toID":"1309628","formEdgeID":null},{"edgeID":"1719939","fromID":"1309628","toID":"1037349","formEdgeID":null},{"edgeID":"1719940","fromID":"1309621","toID":"1309629","formEdgeID":null},{"edgeID":"1719941","fromID":"1309629","toID":"1309625","formEdgeID":null},{"edgeID":"1719942","fromID":"1309632","toID":"1309631","formEdgeID":null},{"edgeID":"1719943","fromID":"1309633","toID":"1309632","formEdgeID":null},{"edgeID":"1719944","fromID":"1309631","toID":"1309634","formEdgeID":null},{"edgeID":"1719945","fromID":"1309634","toID":"1309630","formEdgeID":null},{"edgeID":"1719946","fromID":"1309637","toID":"1309636","formEdgeID":null},{"edgeID":"1719947","fromID":"1309638","toID":"1309637","formEdgeID":null},{"edgeID":"1719948","fromID":"1309636","toID":"1309639","formEdgeID":null},{"edgeID":"1719949","fromID":"1309639","toID":"1309635","formEdgeID":null},{"edgeID":"1719950","fromID":"1309625","toID":"1309640","formEdgeID":null},{"edgeID":"1719951","fromID":"1309640","toID":"1309631","formEdgeID":null},{"edgeID":"1719952","fromID":"1309631","toID":"1309641","formEdgeID":null},{"edgeID":"1719953","fromID":"1309641","toID":"1309636","formEdgeID":null},{"edgeID":"1719954","fromID":"1309635","toID":"1309642","formEdgeID":null},{"edgeID":"1719955","fromID":"1309642","toID":"1309630","formEdgeID":null},{"edgeID":"1719956","fromID":"1309641","toID":"1309643","formEdgeID":null},{"edgeID":"1719957","fromID":"1309643","toID":"1309642","formEdgeID":null},{"edgeID":"1719958","fromID":"1309646","toID":"1309645","formEdgeID":null},{"edgeID":"1719959","fromID":"1309647","toID":"1309646","formEdgeID":null},{"edgeID":"1719960","fromID":"1309645","toID":"1309648","formEdgeID":null},{"edgeID":"1719961","fromID":"1309648","toID":"1309644","formEdgeID":null},{"edgeID":"1719962","fromID":"1037349","toID":"1309649","formEdgeID":null},{"edgeID":"1719963","fromID":"1309649","toID":"1309620","formEdgeID":null},{"edgeID":"1719964","fromID":"1309629","toID":"1309650","formEdgeID":null},{"edgeID":"1719965","fromID":"1309650","toID":"1309649","formEdgeID":null},{"edgeID":"1719966","fromID":"1309653","toID":"1309652","formEdgeID":null},{"edgeID":"1719967","fromID":"1309654","toID":"1309653","formEdgeID":null},{"edgeID":"1719968","fromID":"1309652","toID":"1309655","formEdgeID":null},{"edgeID":"1719969","fromID":"1309655","toID":"1309651","formEdgeID":null},{"edgeID":"1719970","fromID":"1309651","toID":"1309656","formEdgeID":null},{"edgeID":"1719971","fromID":"1309656","toID":"1309644","formEdgeID":null},{"edgeID":"1719972","fromID":"1309659","toID":"1309658","formEdgeID":null},{"edgeID":"1719973","fromID":"1309660","toID":"1309659","formEdgeID":null},{"edgeID":"1719974","fromID":"1309658","toID":"1309661","formEdgeID":null},{"edgeID":"1719975","fromID":"1309661","toID":"1309657","formEdgeID":null},{"edgeID":"1719976","fromID":"1309652","toID":"1309662","formEdgeID":null},{"edgeID":"1719977","fromID":"1309662","toID":"1309658","formEdgeID":null},{"edgeID":"1719978","fromID":"1309636","toID":"1309663","formEdgeID":null},{"edgeID":"1719979","fromID":"1309663","toID":"1309645","formEdgeID":null},{"edgeID":"1719980","fromID":"1309645","toID":"1309664","formEdgeID":null},{"edgeID":"1719981","fromID":"1309664","toID":"1309652","formEdgeID":null},{"edgeID":"1719982","fromID":"1309657","toID":"1309665","formEdgeID":null},{"edgeID":"1719983","fromID":"1309665","toID":"1309651","formEdgeID":null},{"edgeID":"1719984","fromID":"1309662","toID":"1309666","formEdgeID":null},{"edgeID":"1719985","fromID":"1309666","toID":"1309665","formEdgeID":null},{"edgeID":"1719986","fromID":"1309669","toID":"1309668","formEdgeID":null},{"edgeID":"1719987","fromID":"1309670","toID":"1309669","formEdgeID":null},{"edgeID":"1719988","fromID":"1309668","toID":"1309671","formEdgeID":null},{"edgeID":"1719989","fromID":"1309671","toID":"1309667","formEdgeID":null},{"edgeID":"1719990","fromID":"1309658","toID":"1309672","formEdgeID":null},{"edgeID":"1719991","fromID":"1309672","toID":"1309668","formEdgeID":null},{"edgeID":"1719992","fromID":"1309675","toID":"1309674","formEdgeID":null},{"edgeID":"1719993","fromID":"1309676","toID":"1309675","formEdgeID":null},{"edgeID":"1719994","fromID":"1309674","toID":"1309677","formEdgeID":null},{"edgeID":"1719995","fromID":"1309677","toID":"1309673","formEdgeID":null},{"edgeID":"1719996","fromID":"1309668","toID":"1309678","formEdgeID":null},{"edgeID":"1719997","fromID":"1309678","toID":"1309674","formEdgeID":null},{"edgeID":"1719998","fromID":"1309673","toID":"1309679","formEdgeID":null},{"edgeID":"1719999","fromID":"1309679","toID":"1309667","formEdgeID":null},{"edgeID":"1720000","fromID":"1309678","toID":"1309680","formEdgeID":null},{"edgeID":"1720001","fromID":"1309680","toID":"1309679","formEdgeID":null},{"edgeID":"1720002","fromID":"1309683","toID":"1309682","formEdgeID":null},{"edgeID":"1720003","fromID":"1309684","toID":"1309683","formEdgeID":null},{"edgeID":"1720004","fromID":"1309682","toID":"1309685","formEdgeID":null},{"edgeID":"1720005","fromID":"1309685","toID":"1309681","formEdgeID":null},{"edgeID":"1720006","fromID":"1309674","toID":"1309686","formEdgeID":null},{"edgeID":"1720007","fromID":"1309686","toID":"1309682","formEdgeID":null},{"edgeID":"1720008","fromID":"1309681","toID":"1309687","formEdgeID":null},{"edgeID":"1720009","fromID":"1309687","toID":"1309673","formEdgeID":null},{"edgeID":"1720010","fromID":"1309686","toID":"1309688","formEdgeID":null},{"edgeID":"1720011","fromID":"1309688","toID":"1309687","formEdgeID":null},{"edgeID":"1720012","fromID":"1309691","toID":"1309690","formEdgeID":null},{"edgeID":"1720013","fromID":"1309692","toID":"1309691","formEdgeID":null},{"edgeID":"1720014","fromID":"1309690","toID":"1309693","formEdgeID":null},{"edgeID":"1720015","fromID":"1309693","toID":"1309689","formEdgeID":null},{"edgeID":"1720016","fromID":"1309682","toID":"1309694","formEdgeID":null},{"edgeID":"1720017","fromID":"1309694","toID":"1309690","formEdgeID":null},{"edgeID":"1720018","fromID":"1309681","toID":"1309695","formEdgeID":null},{"edgeID":"1720019","fromID":"1309695","toID":"1309689","formEdgeID":null},{"edgeID":"1720020","fromID":"1309673","toID":"1309695","formEdgeID":null},{"edgeID":"1720021","fromID":"1309667","toID":"1309695","formEdgeID":null},{"edgeID":"1720022","fromID":"1309694","toID":"1309696","formEdgeID":null},{"edgeID":"1720023","fromID":"1309696","toID":"1309695","formEdgeID":null},{"edgeID":"1720024","fromID":"1309674","toID":"1309697","formEdgeID":null},{"edgeID":"1720025","fromID":"1309697","toID":"1309690","formEdgeID":null},{"edgeID":"1720026","fromID":"1309668","toID":"1309698","formEdgeID":null},{"edgeID":"1720027","fromID":"1309698","toID":"1309690","formEdgeID":null},{"edgeID":"1720028","fromID":"1309701","toID":"1309700","formEdgeID":null},{"edgeID":"1720029","fromID":"1309702","toID":"1309701","formEdgeID":null},{"edgeID":"1720030","fromID":"1309700","toID":"1309703","formEdgeID":null},{"edgeID":"1720031","fromID":"1309703","toID":"1309699","formEdgeID":null},{"edgeID":"1720032","fromID":"1309690","toID":"1309704","formEdgeID":null},{"edgeID":"1720033","fromID":"1309704","toID":"1309700","formEdgeID":null},{"edgeID":"1720034","fromID":"1309664","toID":"1309705","formEdgeID":null},{"edgeID":"1720035","fromID":"1309705","toID":"1309656","formEdgeID":null},{"edgeID":"1720036","fromID":"1309699","toID":"1309706","formEdgeID":null},{"edgeID":"1720037","fromID":"1309706","toID":"1309689","formEdgeID":null},{"edgeID":"1720038","fromID":"1309704","toID":"1309707","formEdgeID":null},{"edgeID":"1720039","fromID":"1309707","toID":"1309706","formEdgeID":null}],"locutions":[]}