{"nodes":[{"nodeID":"1314706","text":"Anon: Jack Thorne: the care homes at the moment are begging for an adult social care infection control","type":"L","timestamp":"2023-11-09 13:16:10"},{"nodeID":"1314707","text":"there is a genuine care in the government","type":"I","timestamp":"2023-11-09 13:16:11"},{"nodeID":"1314708","text":"Jack Thorne: there is a genuine care in the government","type":"L","timestamp":"2023-11-09 13:16:11"},{"nodeID":"1314709","text":"Anon: Jack Thorne: there is a genuine care in the government","type":"L","timestamp":"2023-11-09 13:16:11"},{"nodeID":"1314710","text":"the care homes are being refused an adult social care infection control and testing fund to be brought back","type":"I","timestamp":"2023-11-09 13:16:11"},{"nodeID":"1314711","text":"Jack Thorne: they are being refused it","type":"L","timestamp":"2023-11-09 13:16:11"},{"nodeID":"1314712","text":"Anon: Jack Thorne: they are being refused it","type":"L","timestamp":"2023-11-09 13:16:11"},{"nodeID":"1314713","text":"it is unfair to blame the government of the day","type":"I","timestamp":"2023-11-09 13:16:12"},{"nodeID":"1314714","text":"AudienceMember 20220512QT29: it is unfair to blame the government of the day","type":"L","timestamp":"2023-11-09 13:16:12"},{"nodeID":"1314715","text":"Anon: AudienceMember 20220512QT29: it is unfair to blame the government of the day","type":"L","timestamp":"2023-11-09 13:16:12"},{"nodeID":"1314716","text":"those of us here in this audience must know someone at least who's had COVID or, even worse, has passed away from this awful pandemic","type":"I","timestamp":"2023-11-09 13:16:12"},{"nodeID":"1314717","text":"AudienceMember 20220512QT29: Those of us here in this audience must know someone at least who's had COVID or, even worse, has passed away from this awful pandemic","type":"L","timestamp":"2023-11-09 13:16:12"},{"nodeID":"1314718","text":"Anon: AudienceMember 20220512QT29: Those of us here in this audience must know someone at least who's had COVID or, even worse, has passed away from this awful pandemic","type":"L","timestamp":"2023-11-09 13:16:12"},{"nodeID":"1314719","text":"irrespective of what party's in power, they all make mistakes","type":"I","timestamp":"2023-11-09 13:16:13"},{"nodeID":"1314720","text":"AudienceMember 20220512QT29: Irrespective of what party's in power, they all make mistakes","type":"L","timestamp":"2023-11-09 13:16:13"},{"nodeID":"1314721","text":"Anon: AudienceMember 20220512QT29: Irrespective of what party's in power, they all make mistakes","type":"L","timestamp":"2023-11-09 13:16:13"},{"nodeID":"1314722","text":"the COVID pandemic was an unprecedented occasion, very much like what we're seeing now in Eastern Europe, Ukraine, that's unprecedented","type":"I","timestamp":"2023-11-09 13:16:14"},{"nodeID":"1314723","text":"AudienceMember 20220512QT29: this was an unprecedented occasion, very much like what we're seeing now in Eastern Europe, Ukraine, that's unprecedented","type":"L","timestamp":"2023-11-09 13:16:14"},{"nodeID":"1314724","text":"Anon: AudienceMember 20220512QT29: this was an unprecedented occasion, very much like what we're seeing now in Eastern Europe, Ukraine, that's unprecedented","type":"L","timestamp":"2023-11-09 13:16:14"},{"nodeID":"1314725","text":"we're working through the situation and the next time round we should be better prepared for this","type":"I","timestamp":"2023-11-09 13:16:14"},{"nodeID":"1314726","text":"AudienceMember 20220512QT29: We're working through the situation and I feel that the next time round we should be better prepared for this","type":"L","timestamp":"2023-11-09 13:16:14"},{"nodeID":"1314727","text":"Anon: AudienceMember 20220512QT29: We're working through the situation and I feel that the next time round we should be better prepared for this","type":"L","timestamp":"2023-11-09 13:16:14"},{"nodeID":"1314728","text":"to single people out is totally unfair","type":"I","timestamp":"2023-11-09 13:16:15"},{"nodeID":"1314729","text":"AudienceMember 20220512QT29: to single people out I think is totally unfair","type":"L","timestamp":"2023-11-09 13:16:15"},{"nodeID":"1314730","text":"Anon: AudienceMember 20220512QT29: to single people out I think is totally unfair","type":"L","timestamp":"2023-11-09 13:16:15"},{"nodeID":"1314731","text":"Analysing","type":"YA","timestamp":"2023-11-09 13:16:15"},{"nodeID":"1314732","text":"the government care","type":"I","timestamp":"2023-11-09 13:16:15"},{"nodeID":"1314733","text":"Anon: Jack Thorne: they care","type":"L","timestamp":"2023-11-09 13:16:15"},{"nodeID":"1314734","text":"Jack Thorne: they care","type":"L","timestamp":"2023-11-09 13:16:15"},{"nodeID":"1314735","text":"Analysing","type":"YA","timestamp":"2023-11-09 13:16:15"},{"nodeID":"1314736","text":"an adult social care infection control and testing fund should be brought back","type":"I","timestamp":"2023-11-09 13:16:16"},{"nodeID":"1314737","text":"Asserting","type":"YA","timestamp":"2023-11-09 13:16:16"},{"nodeID":"1314738","text":"Anon: Jack Thorne: the care homes at the moment are begging for an adult social care infection control and testing fund to be brought back","type":"L","timestamp":"2023-11-09 13:16:16"},{"nodeID":"1314739","text":"Jack Thorne: the care homes at the moment are begging for an adult social care infection control and testing fund to be brought back","type":"L","timestamp":"2023-11-09 13:16:16"},{"nodeID":"1314740","text":"Analysing","type":"YA","timestamp":"2023-11-09 13:16:16"},{"nodeID":"1314741","text":"Care Homes: an adult social care infection control and testing fund should be brought back","type":"L","timestamp":"2023-11-09 13:16:16"},{"nodeID":"1314742","text":"Asserting","type":"YA","timestamp":"2023-11-09 13:16:16"},{"nodeID":"1314743","text":"Anon: Care Homes: the care homes at the moment are begging for an adult social care infection control and testing fund to be brought back","type":"L","timestamp":"2023-11-09 13:16:16"},{"nodeID":"1314744","text":"you are supported financially during that time","type":"I","timestamp":"2023-11-09 13:16:17"},{"nodeID":"1314745","text":"Analysing","type":"YA","timestamp":"2023-11-09 13:16:17"},{"nodeID":"1314746","text":"Jack Thorne: you are supported financially during that time","type":"L","timestamp":"2023-11-09 13:16:17"},{"nodeID":"1314747","text":"Asserting","type":"YA","timestamp":"2023-11-09 13:16:17"},{"nodeID":"1314748","text":"Anon: Jack Thorne: you are supported financially during that time","type":"L","timestamp":"2023-11-09 13:16:17"},{"nodeID":"1314749","text":"xxx is why social care infection control and testing fund being brought back is not happening","type":"I","timestamp":"2023-11-09 13:16:17"},{"nodeID":"1314750","text":"Analysing","type":"YA","timestamp":"2023-11-09 13:16:17"},{"nodeID":"1314751","text":"Asserting","type":"YA","timestamp":"2023-11-09 13:16:17"},{"nodeID":"1314752","text":"Jack Thorne: why is that not happening","type":"L","timestamp":"2023-11-09 13:16:17"},{"nodeID":"1314753","text":"Anon: Jack Thorne: why is that not happening","type":"L","timestamp":"2023-11-09 13:16:17"},{"nodeID":"1314754","text":"Analysing","type":"YA","timestamp":"2023-11-09 13:16:17"},{"nodeID":"1314755","text":"you are a member or staff, you are a care home worker","type":"I","timestamp":"2023-11-09 13:16:18"},{"nodeID":"1314756","text":"Asserting","type":"YA","timestamp":"2023-11-09 13:16:18"},{"nodeID":"1314757","text":"Default Inference","type":"RA","timestamp":"2023-11-09 13:16:18"},{"nodeID":"1314758","text":"Default Transition","type":"TA","timestamp":"2023-11-09 13:16:18"},{"nodeID":"1314759","text":"Arguing","type":"YA","timestamp":"2023-11-09 13:16:18"},{"nodeID":"1314760","text":"Jack Thorne:  if you are a member of staff, if you are a care home worker","type":"L","timestamp":"2023-11-09 13:16:18"},{"nodeID":"1314761","text":"Anon: Jack Thorne:  if you are a member of staff, if you are a care home worker","type":"L","timestamp":"2023-11-09 13:16:18"},{"nodeID":"1314762","text":"Analysing","type":"YA","timestamp":"2023-11-09 13:16:18"},{"nodeID":"1314763","text":"you have COVID","type":"I","timestamp":"2023-11-09 13:16:19"},{"nodeID":"1314764","text":"Asserting","type":"YA","timestamp":"2023-11-09 13:16:19"},{"nodeID":"1314765","text":"Default Transition","type":"TA","timestamp":"2023-11-09 13:16:19"},{"nodeID":"1314766","text":"Jack Thorne: you have COVID","type":"L","timestamp":"2023-11-09 13:16:19"},{"nodeID":"1314767","text":"Anon: Jack Thorne: you have COVID","type":"L","timestamp":"2023-11-09 13:16:19"},{"nodeID":"1314768","text":"Analysing","type":"YA","timestamp":"2023-11-09 13:16:19"},{"nodeID":"1314769","text":"Asserting","type":"YA","timestamp":"2023-11-09 13:16:19"},{"nodeID":"1314770","text":"Analysing","type":"YA","timestamp":"2023-11-09 13:16:19"},{"nodeID":"1314771","text":"Asserting","type":"YA","timestamp":"2023-11-09 13:16:19"},{"nodeID":"1314772","text":"Default Inference","type":"RA","timestamp":"2023-11-09 13:16:19"},{"nodeID":"1314773","text":"Default Transition","type":"TA","timestamp":"2023-11-09 13:16:19"},{"nodeID":"1314774","text":"Arguing","type":"YA","timestamp":"2023-11-09 13:16:19"},{"nodeID":"1314775","text":"Default Inference","type":"RA","timestamp":"2023-11-09 13:16:19"},{"nodeID":"1314776","text":"Default Transition","type":"TA","timestamp":"2023-11-09 13:16:19"},{"nodeID":"1314777","text":"Arguing","type":"YA","timestamp":"2023-11-09 13:16:19"},{"nodeID":"1314778","text":"Default Inference","type":"RA","timestamp":"2023-11-09 13:16:19"},{"nodeID":"1314779","text":"Default Transition","type":"TA","timestamp":"2023-11-09 13:16:19"},{"nodeID":"1314780","text":"Arguing","type":"YA","timestamp":"2023-11-09 13:16:19"},{"nodeID":"1314781","text":"Default Rephrase","type":"MA","timestamp":"2023-11-09 13:16:19"},{"nodeID":"1314782","text":"Default Transition","type":"TA","timestamp":"2023-11-09 13:16:19"},{"nodeID":"1314783","text":"Restating","type":"YA","timestamp":"2023-11-09 13:16:19"},{"nodeID":"1314784","text":"Analysing","type":"YA","timestamp":"2023-11-09 13:16:19"},{"nodeID":"1314785","text":"Asserting","type":"YA","timestamp":"2023-11-09 13:16:19"},{"nodeID":"1314786","text":"Analysing","type":"YA","timestamp":"2023-11-09 13:16:19"},{"nodeID":"1314787","text":"Analysing","type":"YA","timestamp":"2023-11-09 13:16:19"},{"nodeID":"1314788","text":"Asserting","type":"YA","timestamp":"2023-11-09 13:16:19"},{"nodeID":"1314789","text":"Asserting","type":"YA","timestamp":"2023-11-09 13:16:19"},{"nodeID":"1314790","text":"Default Transition","type":"TA","timestamp":"2023-11-09 13:16:19"},{"nodeID":"1314791","text":"Analysing","type":"YA","timestamp":"2023-11-09 13:16:19"},{"nodeID":"1314792","text":"Asserting","type":"YA","timestamp":"2023-11-09 13:16:19"},{"nodeID":"1314793","text":"Analysing","type":"YA","timestamp":"2023-11-09 13:16:19"},{"nodeID":"1314794","text":"Pure Questioning","type":"YA","timestamp":"2023-11-09 13:16:19"},{"nodeID":"1314795","text":"Default Transition","type":"TA","timestamp":"2023-11-09 13:16:19"},{"nodeID":"1314796","text":"Default Transition","type":"TA","timestamp":"2023-11-09 13:16:19"},{"nodeID":"1314797","text":"Analysing","type":"YA","timestamp":"2023-11-09 13:16:19"},{"nodeID":"1314798","text":"Asserting","type":"YA","timestamp":"2023-11-09 13:16:19"},{"nodeID":"1314799","text":"Analysing","type":"YA","timestamp":"2023-11-09 13:16:19"},{"nodeID":"1314800","text":"Asserting","type":"YA","timestamp":"2023-11-09 13:16:19"},{"nodeID":"1314801","text":"Default Inference","type":"RA","timestamp":"2023-11-09 13:16:19"},{"nodeID":"1314802","text":"Default Rephrase","type":"MA","timestamp":"2023-11-09 13:16:19"},{"nodeID":"1314803","text":"Default Transition","type":"TA","timestamp":"2023-11-09 13:16:19"},{"nodeID":"1314804","text":"Restating","type":"YA","timestamp":"2023-11-09 13:16:19"},{"nodeID":"1314805","text":"Default Transition","type":"TA","timestamp":"2023-11-09 13:16:19"},{"nodeID":"1314806","text":"Default Transition","type":"TA","timestamp":"2023-11-09 13:16:19"},{"nodeID":"1314807","text":"Arguing","type":"YA","timestamp":"2023-11-09 13:16:19"},{"nodeID":"1314808","text":"Default Transition","type":"TA","timestamp":"2023-11-09 13:16:19"},{"nodeID":"1314809","text":"Default Conflict","type":"CA","timestamp":"2023-11-09 13:16:19"},{"nodeID":"1314810","text":"Default Transition","type":"TA","timestamp":"2023-11-09 13:16:19"},{"nodeID":"1314811","text":"Disagreeing","type":"YA","timestamp":"2023-11-09 13:16:19"},{"nodeID":"1314812","text":"Default Conflict","type":"CA","timestamp":"2023-11-09 13:16:19"},{"nodeID":"1314813","text":"Disagreeing","type":"YA","timestamp":"2023-11-09 13:16:19"}],"edges":[{"edgeID":"1726025","fromID":"1314706","toID":"1314731","formEdgeID":null},{"edgeID":"1726026","fromID":"1314735","toID":"1314708","formEdgeID":null},{"edgeID":"1726027","fromID":"1314709","toID":"1314735","formEdgeID":null},{"edgeID":"1726028","fromID":"1314708","toID":"1314737","formEdgeID":null},{"edgeID":"1726029","fromID":"1314737","toID":"1314707","formEdgeID":null},{"edgeID":"1726030","fromID":"1314740","toID":"1314711","formEdgeID":null},{"edgeID":"1726031","fromID":"1314712","toID":"1314740","formEdgeID":null},{"edgeID":"1726032","fromID":"1314711","toID":"1314742","formEdgeID":null},{"edgeID":"1726033","fromID":"1314742","toID":"1314710","formEdgeID":null},{"edgeID":"1726034","fromID":"1314745","toID":"1314714","formEdgeID":null},{"edgeID":"1726035","fromID":"1314715","toID":"1314745","formEdgeID":null},{"edgeID":"1726036","fromID":"1314714","toID":"1314747","formEdgeID":null},{"edgeID":"1726037","fromID":"1314747","toID":"1314713","formEdgeID":null},{"edgeID":"1726038","fromID":"1314750","toID":"1314717","formEdgeID":null},{"edgeID":"1726039","fromID":"1314718","toID":"1314750","formEdgeID":null},{"edgeID":"1726040","fromID":"1314717","toID":"1314751","formEdgeID":null},{"edgeID":"1726041","fromID":"1314751","toID":"1314716","formEdgeID":null},{"edgeID":"1726042","fromID":"1314754","toID":"1314720","formEdgeID":null},{"edgeID":"1726043","fromID":"1314721","toID":"1314754","formEdgeID":null},{"edgeID":"1726044","fromID":"1314720","toID":"1314756","formEdgeID":null},{"edgeID":"1726045","fromID":"1314756","toID":"1314719","formEdgeID":null},{"edgeID":"1726046","fromID":"1314719","toID":"1314757","formEdgeID":null},{"edgeID":"1726047","fromID":"1314757","toID":"1314713","formEdgeID":null},{"edgeID":"1726048","fromID":"1314714","toID":"1314758","formEdgeID":null},{"edgeID":"1726049","fromID":"1314758","toID":"1314720","formEdgeID":null},{"edgeID":"1726050","fromID":"1314758","toID":"1314759","formEdgeID":null},{"edgeID":"1726051","fromID":"1314759","toID":"1314757","formEdgeID":null},{"edgeID":"1726052","fromID":"1314762","toID":"1314723","formEdgeID":null},{"edgeID":"1726053","fromID":"1314724","toID":"1314762","formEdgeID":null},{"edgeID":"1726054","fromID":"1314723","toID":"1314764","formEdgeID":null},{"edgeID":"1726055","fromID":"1314764","toID":"1314722","formEdgeID":null},{"edgeID":"1726056","fromID":"1314720","toID":"1314765","formEdgeID":null},{"edgeID":"1726057","fromID":"1314765","toID":"1314717","formEdgeID":null},{"edgeID":"1726058","fromID":"1314768","toID":"1314726","formEdgeID":null},{"edgeID":"1726059","fromID":"1314727","toID":"1314768","formEdgeID":null},{"edgeID":"1726060","fromID":"1314726","toID":"1314769","formEdgeID":null},{"edgeID":"1726061","fromID":"1314769","toID":"1314725","formEdgeID":null},{"edgeID":"1726062","fromID":"1314770","toID":"1314729","formEdgeID":null},{"edgeID":"1726063","fromID":"1314730","toID":"1314770","formEdgeID":null},{"edgeID":"1726064","fromID":"1314729","toID":"1314771","formEdgeID":null},{"edgeID":"1726065","fromID":"1314771","toID":"1314728","formEdgeID":null},{"edgeID":"1726066","fromID":"1314722","toID":"1314772","formEdgeID":null},{"edgeID":"1726067","fromID":"1314772","toID":"1314725","formEdgeID":null},{"edgeID":"1726068","fromID":"1314723","toID":"1314773","formEdgeID":null},{"edgeID":"1726069","fromID":"1314773","toID":"1314726","formEdgeID":null},{"edgeID":"1726070","fromID":"1314773","toID":"1314774","formEdgeID":null},{"edgeID":"1726071","fromID":"1314774","toID":"1314772","formEdgeID":null},{"edgeID":"1726072","fromID":"1314722","toID":"1314775","formEdgeID":null},{"edgeID":"1726073","fromID":"1314775","toID":"1314713","formEdgeID":null},{"edgeID":"1726074","fromID":"1314714","toID":"1314776","formEdgeID":null},{"edgeID":"1726075","fromID":"1314776","toID":"1314723","formEdgeID":null},{"edgeID":"1726076","fromID":"1314776","toID":"1314777","formEdgeID":null},{"edgeID":"1726077","fromID":"1314777","toID":"1314775","formEdgeID":null},{"edgeID":"1726078","fromID":"1314719","toID":"1314778","formEdgeID":null},{"edgeID":"1726079","fromID":"1314778","toID":"1314728","formEdgeID":null},{"edgeID":"1726080","fromID":"1314720","toID":"1314779","formEdgeID":null},{"edgeID":"1726081","fromID":"1314779","toID":"1314729","formEdgeID":null},{"edgeID":"1726082","fromID":"1314779","toID":"1314780","formEdgeID":null},{"edgeID":"1726083","fromID":"1314780","toID":"1314778","formEdgeID":null},{"edgeID":"1726084","fromID":"1314728","toID":"1314781","formEdgeID":null},{"edgeID":"1726085","fromID":"1314781","toID":"1314713","formEdgeID":null},{"edgeID":"1726086","fromID":"1314714","toID":"1314782","formEdgeID":null},{"edgeID":"1726087","fromID":"1314782","toID":"1314729","formEdgeID":null},{"edgeID":"1726088","fromID":"1314782","toID":"1314783","formEdgeID":null},{"edgeID":"1726089","fromID":"1314783","toID":"1314781","formEdgeID":null},{"edgeID":"1726090","fromID":"1314784","toID":"1314734","formEdgeID":null},{"edgeID":"1726091","fromID":"1314733","toID":"1314784","formEdgeID":null},{"edgeID":"1726092","fromID":"1314734","toID":"1314785","formEdgeID":null},{"edgeID":"1726093","fromID":"1314785","toID":"1314732","formEdgeID":null},{"edgeID":"1726094","fromID":"1314786","toID":"1314739","formEdgeID":null},{"edgeID":"1726095","fromID":"1314738","toID":"1314786","formEdgeID":null},{"edgeID":"1726096","fromID":"1314787","toID":"1314741","formEdgeID":null},{"edgeID":"1726097","fromID":"1314743","toID":"1314787","formEdgeID":null},{"edgeID":"1726098","fromID":"1314741","toID":"1314788","formEdgeID":null},{"edgeID":"1726099","fromID":"1314788","toID":"1314736","formEdgeID":null},{"edgeID":"1726100","fromID":"1314739","toID":"1314789","formEdgeID":null},{"edgeID":"1726101","fromID":"1314789","toID":"1314741","formEdgeID":null},{"edgeID":"1726102","fromID":"1314708","toID":"1314790","formEdgeID":null},{"edgeID":"1726103","fromID":"1314790","toID":"1314739","formEdgeID":null},{"edgeID":"1726104","fromID":"1314748","toID":"1314791","formEdgeID":null},{"edgeID":"1726105","fromID":"1314791","toID":"1314746","formEdgeID":null},{"edgeID":"1726106","fromID":"1314792","toID":"1314744","formEdgeID":null},{"edgeID":"1726107","fromID":"1314746","toID":"1314792","formEdgeID":null},{"edgeID":"1726108","fromID":"1314793","toID":"1314752","formEdgeID":null},{"edgeID":"1726109","fromID":"1314753","toID":"1314793","formEdgeID":null},{"edgeID":"1726110","fromID":"1314752","toID":"1314794","formEdgeID":null},{"edgeID":"1726111","fromID":"1314794","toID":"1314749","formEdgeID":null},{"edgeID":"1726112","fromID":"1314734","toID":"1314795","formEdgeID":null},{"edgeID":"1726113","fromID":"1314795","toID":"1314752","formEdgeID":null},{"edgeID":"1726114","fromID":"1314752","toID":"1314796","formEdgeID":null},{"edgeID":"1726115","fromID":"1314796","toID":"1314714","formEdgeID":null},{"edgeID":"1726116","fromID":"1314797","toID":"1314760","formEdgeID":null},{"edgeID":"1726117","fromID":"1314761","toID":"1314797","formEdgeID":null},{"edgeID":"1726118","fromID":"1314760","toID":"1314798","formEdgeID":null},{"edgeID":"1726119","fromID":"1314798","toID":"1314755","formEdgeID":null},{"edgeID":"1726120","fromID":"1314799","toID":"1314766","formEdgeID":null},{"edgeID":"1726121","fromID":"1314767","toID":"1314799","formEdgeID":null},{"edgeID":"1726122","fromID":"1314766","toID":"1314800","formEdgeID":null},{"edgeID":"1726123","fromID":"1314800","toID":"1314763","formEdgeID":null},{"edgeID":"1726124","fromID":"1314801","toID":"1314744","formEdgeID":null},{"edgeID":"1726125","fromID":"1314755","toID":"1314801","formEdgeID":null},{"edgeID":"1726126","fromID":"1314763","toID":"1314801","formEdgeID":null},{"edgeID":"1726127","fromID":"1314744","toID":"1314802","formEdgeID":null},{"edgeID":"1726128","fromID":"1314802","toID":"1314736","formEdgeID":null},{"edgeID":"1726129","fromID":"1314739","toID":"1314803","formEdgeID":null},{"edgeID":"1726130","fromID":"1314803","toID":"1314746","formEdgeID":null},{"edgeID":"1726131","fromID":"1314803","toID":"1314804","formEdgeID":null},{"edgeID":"1726132","fromID":"1314804","toID":"1314802","formEdgeID":null},{"edgeID":"1726133","fromID":"1314739","toID":"1314805","formEdgeID":null},{"edgeID":"1726134","fromID":"1314805","toID":"1314760","formEdgeID":null},{"edgeID":"1726135","fromID":"1314806","toID":"1314766","formEdgeID":null},{"edgeID":"1726136","fromID":"1314739","toID":"1314806","formEdgeID":null},{"edgeID":"1726137","fromID":"1314806","toID":"1314807","formEdgeID":null},{"edgeID":"1726138","fromID":"1314807","toID":"1314801","formEdgeID":null},{"edgeID":"1726139","fromID":"1314808","toID":"1314734","formEdgeID":null},{"edgeID":"1726140","fromID":"1314711","toID":"1314808","formEdgeID":null},{"edgeID":"1726141","fromID":"1314710","toID":"1314809","formEdgeID":null},{"edgeID":"1726142","fromID":"1314809","toID":"1314736","formEdgeID":null},{"edgeID":"1726143","fromID":"1314810","toID":"1314711","formEdgeID":null},{"edgeID":"1726144","fromID":"1314739","toID":"1314810","formEdgeID":null},{"edgeID":"1726145","fromID":"1314810","toID":"1314811","formEdgeID":null},{"edgeID":"1726146","fromID":"1314811","toID":"1314809","formEdgeID":null},{"edgeID":"1726147","fromID":"1314749","toID":"1314812","formEdgeID":null},{"edgeID":"1726148","fromID":"1314812","toID":"1314732","formEdgeID":null},{"edgeID":"1726149","fromID":"1314795","toID":"1314813","formEdgeID":null},{"edgeID":"1726150","fromID":"1314813","toID":"1314812","formEdgeID":null}],"locutions":[]}