{"nodes":[{"nodeID":"1310257","text":"when Wilfred Emmanuel-Jones says prices, he wants them to pay him more or he wants them to increase the price of his products","type":"I","timestamp":"2023-11-09 13:09:49"},{"nodeID":"1310258","text":"Fiona Bruce: When you say prices, you want them to pay you more or you want them to increase the price of your products","type":"L","timestamp":"2023-11-09 13:09:49"},{"nodeID":"1310259","text":"Dominika: Fiona Bruce: When you say prices, you want them to pay you more or you want them to increase the price of your products","type":"L","timestamp":"2023-11-09 13:09:49"},{"nodeID":"1310260","text":"Analysing","type":"YA","timestamp":"2023-11-09 13:09:49"},{"nodeID":"1310261","text":"Pure Questioning","type":"YA","timestamp":"2023-11-09 13:09:49"},{"nodeID":"1310262","text":"the price has gone up, with all the price of petrol","type":"I","timestamp":"2023-11-09 13:09:50"},{"nodeID":"1310263","text":"Analysing","type":"YA","timestamp":"2023-11-09 13:09:50"},{"nodeID":"1310264","text":"Wilfred Emmanuel-Jones: the manufacturer comes to say, Wilfred, look, the price has gone up, with all the price of petrol","type":"L","timestamp":"2023-11-09 13:09:50"},{"nodeID":"1310265","text":"Dominika: Wilfred Emmanuel-Jones: the manufacturer comes to say, Wilfred, look, the price has gone up, with all the price of petrol","type":"L","timestamp":"2023-11-09 13:09:50"},{"nodeID":"1310266","text":"the manufacturer: Wilfred, look, the price has gone up, with all the price of petrol","type":"L","timestamp":"2023-11-09 13:09:50"},{"nodeID":"1310267","text":"Analysing","type":"YA","timestamp":"2023-11-09 13:09:50"},{"nodeID":"1310268","text":"Dominika: the manufacturer:","type":"L","timestamp":"2023-11-09 13:09:50"},{"nodeID":"1310269","text":"the products are going to cost Wilfred Emmanuel-Jones more","type":"I","timestamp":"2023-11-09 13:09:50"},{"nodeID":"1310270","text":"Wilfred Emmanuel-Jones: all that it is going to cost you more","type":"L","timestamp":"2023-11-09 13:09:50"},{"nodeID":"1310271","text":"Dominika: Wilfred Emmanuel-Jones: all that it is going to cost you more","type":"L","timestamp":"2023-11-09 13:09:50"},{"nodeID":"1310272","text":"Analysing","type":"YA","timestamp":"2023-11-09 13:09:50"},{"nodeID":"1310273","text":"the manufacturer: all that it is going to cost you more","type":"L","timestamp":"2023-11-09 13:09:50"},{"nodeID":"1310274","text":"Analysing","type":"YA","timestamp":"2023-11-09 13:09:50"},{"nodeID":"1310275","text":"Asserting","type":"YA","timestamp":"2023-11-09 13:09:50"},{"nodeID":"1310276","text":"Asserting","type":"YA","timestamp":"2023-11-09 13:09:50"},{"nodeID":"1310277","text":"Asserting","type":"YA","timestamp":"2023-11-09 13:09:50"},{"nodeID":"1310278","text":"Asserting","type":"YA","timestamp":"2023-11-09 13:09:50"},{"nodeID":"1310279","text":"Default Transition","type":"TA","timestamp":"2023-11-09 13:09:50"},{"nodeID":"1310280","text":"Default Transition","type":"TA","timestamp":"2023-11-09 13:09:50"},{"nodeID":"1310281","text":"Default Inference","type":"RA","timestamp":"2023-11-09 13:09:50"},{"nodeID":"1310282","text":"Arguing","type":"YA","timestamp":"2023-11-09 13:09:50"},{"nodeID":"1310283","text":"either we get more from the supermarket or we go bust","type":"I","timestamp":"2023-11-09 13:09:51"},{"nodeID":"1310284","text":"Wilfred Emmanuel-Jones: either we get more from the supermarket or we go bust","type":"L","timestamp":"2023-11-09 13:09:51"},{"nodeID":"1310285","text":"Dominika: Wilfred Emmanuel-Jones: either we get more from the supermarket or we go bust","type":"L","timestamp":"2023-11-09 13:09:51"},{"nodeID":"1310286","text":"Analysing","type":"YA","timestamp":"2023-11-09 13:09:51"},{"nodeID":"1310287","text":"Asserting","type":"YA","timestamp":"2023-11-09 13:09:51"},{"nodeID":"1310288","text":"Default Transition","type":"TA","timestamp":"2023-11-09 13:09:51"},{"nodeID":"1310289","text":"it's as simple as we either get more from the supermarket or we go bust","type":"I","timestamp":"2023-11-09 13:09:52"},{"nodeID":"1310290","text":"Wilfred Emmanuel-Jones: It's as simple as that","type":"L","timestamp":"2023-11-09 13:09:52"},{"nodeID":"1310291","text":"Analysing","type":"YA","timestamp":"2023-11-09 13:09:52"},{"nodeID":"1310292","text":"Dominika: Wilfred Emmanuel-Jones: It's as simple as that","type":"L","timestamp":"2023-11-09 13:09:52"},{"nodeID":"1310293","text":"Asserting","type":"YA","timestamp":"2023-11-09 13:09:52"},{"nodeID":"1310294","text":"Default Transition","type":"TA","timestamp":"2023-11-09 13:09:52"},{"nodeID":"1310295","text":"in this crisis the ones who really get squeezed are the small suppliers like ourselves","type":"I","timestamp":"2023-11-09 13:09:52"},{"nodeID":"1310296","text":"Wilfred Emmanuel-Jones:  in this crisis the ones who really get squeezed are the small suppliers like ourselves","type":"L","timestamp":"2023-11-09 13:09:52"},{"nodeID":"1310297","text":"Analysing","type":"YA","timestamp":"2023-11-09 13:09:52"},{"nodeID":"1310298","text":"Dominika: Wilfred Emmanuel-Jones:  in this crisis the ones who really get squeezed are the small suppliers like ourselves","type":"L","timestamp":"2023-11-09 13:09:52"},{"nodeID":"1310299","text":"Asserting","type":"YA","timestamp":"2023-11-09 13:09:52"},{"nodeID":"1310300","text":"Default Transition","type":"TA","timestamp":"2023-11-09 13:09:52"},{"nodeID":"1310301","text":"what you need is you need these big players to be able to understand","type":"I","timestamp":"2023-11-09 13:09:53"},{"nodeID":"1310302","text":"Wilfred Emmanuel-Jones: What you need is you need these big players to be able to understand","type":"L","timestamp":"2023-11-09 13:09:53"},{"nodeID":"1310303","text":"Analysing","type":"YA","timestamp":"2023-11-09 13:09:53"},{"nodeID":"1310304","text":"Dominika: Wilfred Emmanuel-Jones: What you need is you need these big players to be able to understand","type":"L","timestamp":"2023-11-09 13:09:53"},{"nodeID":"1310305","text":"Asserting","type":"YA","timestamp":"2023-11-09 13:09:53"},{"nodeID":"1310306","text":"most of the supermarkets have been fine","type":"I","timestamp":"2023-11-09 13:09:54"},{"nodeID":"1310307","text":"Wilfred Emmanuel-Jones: most of the supermarkets have been fine","type":"L","timestamp":"2023-11-09 13:09:54"},{"nodeID":"1310308","text":"Analysing","type":"YA","timestamp":"2023-11-09 13:09:54"},{"nodeID":"1310309","text":"Dominika: Wilfred Emmanuel-Jones: most of the supermarkets have been fine","type":"L","timestamp":"2023-11-09 13:09:54"},{"nodeID":"1310310","text":"Asserting","type":"YA","timestamp":"2023-11-09 13:09:54"},{"nodeID":"1310311","text":"some of them stick out and say no, and supermarkets say no knowing that the consequences is that you will go bust","type":"I","timestamp":"2023-11-09 13:09:54"},{"nodeID":"1310312","text":"Wilfred Emmanuel-Jones: some of them stick out and say no, and they say no knowing that the consequences is that you will go bust","type":"L","timestamp":"2023-11-09 13:09:54"},{"nodeID":"1310313","text":"Analysing","type":"YA","timestamp":"2023-11-09 13:09:54"},{"nodeID":"1310314","text":"Dominika: Wilfred Emmanuel-Jones: some of them stick out and say no, and they say no knowing that the consequences is that you will go bust","type":"L","timestamp":"2023-11-09 13:09:54"},{"nodeID":"1310315","text":"Asserting","type":"YA","timestamp":"2023-11-09 13:09:54"},{"nodeID":"1310316","text":"with this crisis you can't blame the public for it","type":"I","timestamp":"2023-11-09 13:09:55"},{"nodeID":"1310317","text":"Wilfred Emmanuel-Jones: with this crisis you can't blame the public for it","type":"L","timestamp":"2023-11-09 13:09:55"},{"nodeID":"1310318","text":"Analysing","type":"YA","timestamp":"2023-11-09 13:09:55"},{"nodeID":"1310319","text":"Dominika: Wilfred Emmanuel-Jones: with this crisis you can't blame the public for it","type":"L","timestamp":"2023-11-09 13:09:55"},{"nodeID":"1310320","text":"Asserting","type":"YA","timestamp":"2023-11-09 13:09:55"},{"nodeID":"1310321","text":"there are global factors that need to be taken into consideration","type":"I","timestamp":"2023-11-09 13:09:55"},{"nodeID":"1310322","text":"Wilfred Emmanuel-Jones: There are global factors that need to be taken into consideration","type":"L","timestamp":"2023-11-09 13:09:55"},{"nodeID":"1310323","text":"Analysing","type":"YA","timestamp":"2023-11-09 13:09:55"},{"nodeID":"1310324","text":"Dominika: Wilfred Emmanuel-Jones: There are global factors that need to be taken into consideration","type":"L","timestamp":"2023-11-09 13:09:55"},{"nodeID":"1310325","text":"Asserting","type":"YA","timestamp":"2023-11-09 13:09:55"},{"nodeID":"1310326","text":"Wilfred Emmanuel-Jones is not a politician","type":"I","timestamp":"2023-11-09 13:09:56"},{"nodeID":"1310327","text":"Wilfred Emmanuel-Jones: I am not a politician","type":"L","timestamp":"2023-11-09 13:09:56"},{"nodeID":"1310328","text":"Analysing","type":"YA","timestamp":"2023-11-09 13:09:56"},{"nodeID":"1310329","text":"Dominika: Wilfred Emmanuel-Jones: I am not a politician","type":"L","timestamp":"2023-11-09 13:09:56"},{"nodeID":"1310330","text":"Asserting","type":"YA","timestamp":"2023-11-09 13:09:56"},{"nodeID":"1310331","text":"Wilfred Emmanuel-Jones does not know what the economists should come up with","type":"I","timestamp":"2023-11-09 13:09:57"},{"nodeID":"1310332","text":"Wilfred Emmanuel-Jones:  I do not know what the economists should come up with","type":"L","timestamp":"2023-11-09 13:09:57"},{"nodeID":"1310333","text":"Analysing","type":"YA","timestamp":"2023-11-09 13:09:57"},{"nodeID":"1310334","text":"Dominika: Wilfred Emmanuel-Jones:  I do not know what the economists should come up with","type":"L","timestamp":"2023-11-09 13:09:57"},{"nodeID":"1310335","text":"Asserting","type":"YA","timestamp":"2023-11-09 13:09:57"},{"nodeID":"1310336","text":"it would be unfair if we as businesses got this support with the government during COVID and then ordinary people who are struggling and suffering, whether it's heat or eat, are not going to be helped","type":"I","timestamp":"2023-11-09 13:09:57"},{"nodeID":"1310337","text":"Wilfred Emmanuel-Jones: it would be unfair if we as businesses got this support with the government during COVID and then ordinary people who are struggling and suffering, whether it's heat or eat, are not going to be helped","type":"L","timestamp":"2023-11-09 13:09:57"},{"nodeID":"1310338","text":"Analysing","type":"YA","timestamp":"2023-11-09 13:09:57"},{"nodeID":"1310339","text":"Dominika: Wilfred Emmanuel-Jones: it would be unfair if we as businesses got this support with the government during COVID and then ordinary people who are struggling and suffering, whether it's heat or eat, are not going to be helped","type":"L","timestamp":"2023-11-09 13:09:57"},{"nodeID":"1310340","text":"Asserting","type":"YA","timestamp":"2023-11-09 13:09:57"},{"nodeID":"1310341","text":"it would be criminal if you don't go in and help ordinary people","type":"I","timestamp":"2023-11-09 13:09:58"},{"nodeID":"1310342","text":"Wilfred Emmanuel-Jones: it would be criminal if you don't go in and help them","type":"L","timestamp":"2023-11-09 13:09:58"},{"nodeID":"1310343","text":"Analysing","type":"YA","timestamp":"2023-11-09 13:09:58"},{"nodeID":"1310344","text":"Dominika: Wilfred Emmanuel-Jones: it would be criminal if you don't go in and help them","type":"L","timestamp":"2023-11-09 13:09:58"},{"nodeID":"1310345","text":"Asserting","type":"YA","timestamp":"2023-11-09 13:09:58"},{"nodeID":"1310346","text":"Default Transition","type":"TA","timestamp":"2023-11-09 13:09:58"},{"nodeID":"1310347","text":"Default Transition","type":"TA","timestamp":"2023-11-09 13:09:58"},{"nodeID":"1310348","text":"Default Transition","type":"TA","timestamp":"2023-11-09 13:09:58"},{"nodeID":"1310349","text":"Default Inference","type":"RA","timestamp":"2023-11-09 13:09:58"},{"nodeID":"1310350","text":"Arguing","type":"YA","timestamp":"2023-11-09 13:09:58"},{"nodeID":"1310351","text":"Default Inference","type":"RA","timestamp":"2023-11-09 13:09:58"},{"nodeID":"1310352","text":"Arguing","type":"YA","timestamp":"2023-11-09 13:09:58"},{"nodeID":"1310353","text":"Default Transition","type":"TA","timestamp":"2023-11-09 13:09:58"},{"nodeID":"1310354","text":"Default Transition","type":"TA","timestamp":"2023-11-09 13:09:58"},{"nodeID":"1310355","text":"Default Inference","type":"RA","timestamp":"2023-11-09 13:09:58"},{"nodeID":"1310356","text":"Arguing","type":"YA","timestamp":"2023-11-09 13:09:58"},{"nodeID":"1310357","text":"Default Transition","type":"TA","timestamp":"2023-11-09 13:09:58"},{"nodeID":"1310358","text":"Default Transition","type":"TA","timestamp":"2023-11-09 13:09:58"},{"nodeID":"1310359","text":"Default Transition","type":"TA","timestamp":"2023-11-09 13:09:58"},{"nodeID":"1310360","text":"Default Transition","type":"TA","timestamp":"2023-11-09 13:09:58"},{"nodeID":"1310361","text":"Default Rephrase","type":"MA","timestamp":"2023-11-09 13:09:58"},{"nodeID":"1310362","text":"Restating","type":"YA","timestamp":"2023-11-09 13:09:58"},{"nodeID":"1310363","text":"Default Inference","type":"RA","timestamp":"2023-11-09 13:09:58"},{"nodeID":"1310364","text":"Arguing","type":"YA","timestamp":"2023-11-09 13:09:58"}],"edges":[{"edgeID":"1720684","fromID":"1310260","toID":"1310258","formEdgeID":null},{"edgeID":"1720685","fromID":"1310258","toID":"1310261","formEdgeID":null},{"edgeID":"1720686","fromID":"1310261","toID":"1310257","formEdgeID":null},{"edgeID":"1720687","fromID":"1310259","toID":"1310260","formEdgeID":null},{"edgeID":"1720688","fromID":"1310263","toID":"1310264","formEdgeID":null},{"edgeID":"1720689","fromID":"1310265","toID":"1310263","formEdgeID":null},{"edgeID":"1720690","fromID":"1310267","toID":"1310266","formEdgeID":null},{"edgeID":"1720691","fromID":"1310268","toID":"1310267","formEdgeID":null},{"edgeID":"1720692","fromID":"1310271","toID":"1310272","formEdgeID":null},{"edgeID":"1720693","fromID":"1310272","toID":"1310270","formEdgeID":null},{"edgeID":"1720694","fromID":"1310268","toID":"1310274","formEdgeID":null},{"edgeID":"1720695","fromID":"1310274","toID":"1310273","formEdgeID":null},{"edgeID":"1720696","fromID":"1310264","toID":"1310275","formEdgeID":null},{"edgeID":"1720697","fromID":"1310275","toID":"1310266","formEdgeID":null},{"edgeID":"1720698","fromID":"1310266","toID":"1310276","formEdgeID":null},{"edgeID":"1720699","fromID":"1310276","toID":"1310262","formEdgeID":null},{"edgeID":"1720700","fromID":"1310277","toID":"1310273","formEdgeID":null},{"edgeID":"1720701","fromID":"1310270","toID":"1310277","formEdgeID":null},{"edgeID":"1720702","fromID":"1310273","toID":"1310278","formEdgeID":null},{"edgeID":"1720703","fromID":"1310278","toID":"1310269","formEdgeID":null},{"edgeID":"1720704","fromID":"1310258","toID":"1310279","formEdgeID":null},{"edgeID":"1720705","fromID":"1310279","toID":"1310264","formEdgeID":null},{"edgeID":"1720706","fromID":"1310280","toID":"1310270","formEdgeID":null},{"edgeID":"1720707","fromID":"1310264","toID":"1310280","formEdgeID":null},{"edgeID":"1720708","fromID":"1310281","toID":"1310269","formEdgeID":null},{"edgeID":"1720709","fromID":"1310262","toID":"1310281","formEdgeID":null},{"edgeID":"1720710","fromID":"1310280","toID":"1310282","formEdgeID":null},{"edgeID":"1720711","fromID":"1310282","toID":"1310281","formEdgeID":null},{"edgeID":"1720712","fromID":"1310286","toID":"1310284","formEdgeID":null},{"edgeID":"1720713","fromID":"1310285","toID":"1310286","formEdgeID":null},{"edgeID":"1720714","fromID":"1310284","toID":"1310287","formEdgeID":null},{"edgeID":"1720715","fromID":"1310287","toID":"1310283","formEdgeID":null},{"edgeID":"1720716","fromID":"1310270","toID":"1310288","formEdgeID":null},{"edgeID":"1720717","fromID":"1310288","toID":"1310284","formEdgeID":null},{"edgeID":"1720718","fromID":"1310291","toID":"1310290","formEdgeID":null},{"edgeID":"1720719","fromID":"1310292","toID":"1310291","formEdgeID":null},{"edgeID":"1720720","fromID":"1310290","toID":"1310293","formEdgeID":null},{"edgeID":"1720721","fromID":"1310293","toID":"1310289","formEdgeID":null},{"edgeID":"1720722","fromID":"1310284","toID":"1310294","formEdgeID":null},{"edgeID":"1720723","fromID":"1310294","toID":"1310290","formEdgeID":null},{"edgeID":"1720724","fromID":"1310297","toID":"1310296","formEdgeID":null},{"edgeID":"1720725","fromID":"1310298","toID":"1310297","formEdgeID":null},{"edgeID":"1720726","fromID":"1310296","toID":"1310299","formEdgeID":null},{"edgeID":"1720727","fromID":"1310299","toID":"1310295","formEdgeID":null},{"edgeID":"1720728","fromID":"1310290","toID":"1310300","formEdgeID":null},{"edgeID":"1720729","fromID":"1310300","toID":"1310296","formEdgeID":null},{"edgeID":"1720730","fromID":"1310303","toID":"1310302","formEdgeID":null},{"edgeID":"1720731","fromID":"1310304","toID":"1310303","formEdgeID":null},{"edgeID":"1720732","fromID":"1310302","toID":"1310305","formEdgeID":null},{"edgeID":"1720733","fromID":"1310305","toID":"1310301","formEdgeID":null},{"edgeID":"1720734","fromID":"1310308","toID":"1310307","formEdgeID":null},{"edgeID":"1720735","fromID":"1310309","toID":"1310308","formEdgeID":null},{"edgeID":"1720736","fromID":"1310307","toID":"1310310","formEdgeID":null},{"edgeID":"1720737","fromID":"1310310","toID":"1310306","formEdgeID":null},{"edgeID":"1720738","fromID":"1310313","toID":"1310312","formEdgeID":null},{"edgeID":"1720739","fromID":"1310314","toID":"1310313","formEdgeID":null},{"edgeID":"1720740","fromID":"1310312","toID":"1310315","formEdgeID":null},{"edgeID":"1720741","fromID":"1310315","toID":"1310311","formEdgeID":null},{"edgeID":"1720742","fromID":"1310318","toID":"1310317","formEdgeID":null},{"edgeID":"1720743","fromID":"1310319","toID":"1310318","formEdgeID":null},{"edgeID":"1720744","fromID":"1310317","toID":"1310320","formEdgeID":null},{"edgeID":"1720745","fromID":"1310320","toID":"1310316","formEdgeID":null},{"edgeID":"1720746","fromID":"1310323","toID":"1310322","formEdgeID":null},{"edgeID":"1720747","fromID":"1310324","toID":"1310323","formEdgeID":null},{"edgeID":"1720748","fromID":"1310322","toID":"1310325","formEdgeID":null},{"edgeID":"1720749","fromID":"1310325","toID":"1310321","formEdgeID":null},{"edgeID":"1720750","fromID":"1310328","toID":"1310327","formEdgeID":null},{"edgeID":"1720751","fromID":"1310329","toID":"1310328","formEdgeID":null},{"edgeID":"1720752","fromID":"1310327","toID":"1310330","formEdgeID":null},{"edgeID":"1720753","fromID":"1310330","toID":"1310326","formEdgeID":null},{"edgeID":"1720754","fromID":"1310333","toID":"1310332","formEdgeID":null},{"edgeID":"1720755","fromID":"1310334","toID":"1310333","formEdgeID":null},{"edgeID":"1720756","fromID":"1310332","toID":"1310335","formEdgeID":null},{"edgeID":"1720757","fromID":"1310335","toID":"1310331","formEdgeID":null},{"edgeID":"1720758","fromID":"1310338","toID":"1310337","formEdgeID":null},{"edgeID":"1720759","fromID":"1310339","toID":"1310338","formEdgeID":null},{"edgeID":"1720760","fromID":"1310337","toID":"1310340","formEdgeID":null},{"edgeID":"1720761","fromID":"1310340","toID":"1310336","formEdgeID":null},{"edgeID":"1720762","fromID":"1310343","toID":"1310342","formEdgeID":null},{"edgeID":"1720763","fromID":"1310344","toID":"1310343","formEdgeID":null},{"edgeID":"1720764","fromID":"1310342","toID":"1310345","formEdgeID":null},{"edgeID":"1720765","fromID":"1310345","toID":"1310341","formEdgeID":null},{"edgeID":"1720766","fromID":"1310337","toID":"1310346","formEdgeID":null},{"edgeID":"1720767","fromID":"1310346","toID":"1310342","formEdgeID":null},{"edgeID":"1720768","fromID":"1310332","toID":"1310347","formEdgeID":null},{"edgeID":"1720769","fromID":"1310347","toID":"1310337","formEdgeID":null},{"edgeID":"1720770","fromID":"1310327","toID":"1310348","formEdgeID":null},{"edgeID":"1720771","fromID":"1310348","toID":"1310332","formEdgeID":null},{"edgeID":"1720772","fromID":"1310326","toID":"1310349","formEdgeID":null},{"edgeID":"1720773","fromID":"1310349","toID":"1310331","formEdgeID":null},{"edgeID":"1720774","fromID":"1310348","toID":"1310350","formEdgeID":null},{"edgeID":"1720775","fromID":"1310350","toID":"1310349","formEdgeID":null},{"edgeID":"1720776","fromID":"1310336","toID":"1310351","formEdgeID":null},{"edgeID":"1720777","fromID":"1310351","toID":"1310341","formEdgeID":null},{"edgeID":"1720778","fromID":"1310346","toID":"1310352","formEdgeID":null},{"edgeID":"1720779","fromID":"1310352","toID":"1310351","formEdgeID":null},{"edgeID":"1720780","fromID":"1310322","toID":"1310353","formEdgeID":null},{"edgeID":"1720781","fromID":"1310353","toID":"1310327","formEdgeID":null},{"edgeID":"1720782","fromID":"1310317","toID":"1310354","formEdgeID":null},{"edgeID":"1720783","fromID":"1310354","toID":"1310322","formEdgeID":null},{"edgeID":"1720784","fromID":"1310321","toID":"1310355","formEdgeID":null},{"edgeID":"1720785","fromID":"1310355","toID":"1310316","formEdgeID":null},{"edgeID":"1720786","fromID":"1310354","toID":"1310356","formEdgeID":null},{"edgeID":"1720787","fromID":"1310356","toID":"1310355","formEdgeID":null},{"edgeID":"1720788","fromID":"1310312","toID":"1310357","formEdgeID":null},{"edgeID":"1720789","fromID":"1310357","toID":"1310317","formEdgeID":null},{"edgeID":"1720790","fromID":"1310307","toID":"1310358","formEdgeID":null},{"edgeID":"1720791","fromID":"1310358","toID":"1310312","formEdgeID":null},{"edgeID":"1720792","fromID":"1310302","toID":"1310359","formEdgeID":null},{"edgeID":"1720793","fromID":"1310359","toID":"1310307","formEdgeID":null},{"edgeID":"1720794","fromID":"1310296","toID":"1310360","formEdgeID":null},{"edgeID":"1720795","fromID":"1310360","toID":"1310302","formEdgeID":null},{"edgeID":"1720796","fromID":"1310289","toID":"1310361","formEdgeID":null},{"edgeID":"1720797","fromID":"1310361","toID":"1310283","formEdgeID":null},{"edgeID":"1720798","fromID":"1310294","toID":"1310362","formEdgeID":null},{"edgeID":"1720799","fromID":"1310362","toID":"1310361","formEdgeID":null},{"edgeID":"1720800","fromID":"1310289","toID":"1310363","formEdgeID":null},{"edgeID":"1720801","fromID":"1310363","toID":"1310295","formEdgeID":null},{"edgeID":"1720802","fromID":"1310300","toID":"1310364","formEdgeID":null},{"edgeID":"1720803","fromID":"1310364","toID":"1310363","formEdgeID":null}],"locutions":[]}