{"nodes":[{"nodeID":"1314814","text":"Fiona Bruce: should Baby P's mother ever be released from prison","type":"L","timestamp":"2023-11-09 13:16:19"},{"nodeID":"1314815","text":"it is or is not Louise Haigh's personal opinion that the mother who was convicted of causing the death of her child should stay in prison for the rest of her life","type":"I","timestamp":"2023-11-09 13:16:19"},{"nodeID":"1314816","text":"Fiona Bruce: is that your personal opinion","type":"L","timestamp":"2023-11-09 13:16:19"},{"nodeID":"1314817","text":"Analysing","type":"YA","timestamp":"2023-11-09 13:16:19"},{"nodeID":"1314818","text":"Anon: Fiona Bruce: is that your personal opinion","type":"L","timestamp":"2023-11-09 13:16:19"},{"nodeID":"1314819","text":"Pure Questioning","type":"YA","timestamp":"2023-11-09 13:16:19"},{"nodeID":"1314820","text":"yes, Louise Haigh would say it's her personal opinion that the mother who was convicted of causing the death of her child should stay in prison for the rest of her life","type":"I","timestamp":"2023-11-09 13:16:20"},{"nodeID":"1314821","text":"Louise Haigh: Yes, I would say it's my personal opinion","type":"L","timestamp":"2023-11-09 13:16:20"},{"nodeID":"1314822","text":"Analysing","type":"YA","timestamp":"2023-11-09 13:16:20"},{"nodeID":"1314823","text":"Anon: Louise Haigh: Yes, I would say it's my personal opinion","type":"L","timestamp":"2023-11-09 13:16:20"},{"nodeID":"1314824","text":"Asserting","type":"YA","timestamp":"2023-11-09 13:16:20"},{"nodeID":"1314825","text":"Default Transition","type":"TA","timestamp":"2023-11-09 13:16:20"},{"nodeID":"1314826","text":"it's not up to Louise Haigh as a politician to dictate certainly","type":"I","timestamp":"2023-11-09 13:16:20"},{"nodeID":"1314827","text":"Louise Haigh: it's not up to me as a politician for me to dictate certainly","type":"L","timestamp":"2023-11-09 13:16:20"},{"nodeID":"1314828","text":"Analysing","type":"YA","timestamp":"2023-11-09 13:16:20"},{"nodeID":"1314829","text":"Anon: Louise Haigh: it's not up to me as a politician for me to dictate certainly","type":"L","timestamp":"2023-11-09 13:16:20"},{"nodeID":"1314830","text":"Asserting","type":"YA","timestamp":"2023-11-09 13:16:20"},{"nodeID":"1314831","text":"Default Transition","type":"TA","timestamp":"2023-11-09 13:16:20"},{"nodeID":"1314832","text":"that's up to the criminal justice system to decide","type":"I","timestamp":"2023-11-09 13:16:21"},{"nodeID":"1314833","text":"Louise Haigh: that's up to the criminal justice system to decide","type":"L","timestamp":"2023-11-09 13:16:21"},{"nodeID":"1314834","text":"Analysing","type":"YA","timestamp":"2023-11-09 13:16:21"},{"nodeID":"1314835","text":"Anon: Louise Haigh: that's up to the criminal justice system to decide","type":"L","timestamp":"2023-11-09 13:16:21"},{"nodeID":"1314836","text":"Asserting","type":"YA","timestamp":"2023-11-09 13:16:21"},{"nodeID":"1314837","text":"Default Inference","type":"RA","timestamp":"2023-11-09 13:16:21"},{"nodeID":"1314838","text":"Default Transition","type":"TA","timestamp":"2023-11-09 13:16:21"},{"nodeID":"1314839","text":"Arguing","type":"YA","timestamp":"2023-11-09 13:16:21"},{"nodeID":"1314840","text":"as a society we need to do much better by these very vulnerable children","type":"I","timestamp":"2023-11-09 13:16:22"},{"nodeID":"1314841","text":"Louise Haigh: as a society we need to do much better by these very vulnerable children","type":"L","timestamp":"2023-11-09 13:16:22"},{"nodeID":"1314842","text":"Analysing","type":"YA","timestamp":"2023-11-09 13:16:22"},{"nodeID":"1314843","text":"Anon: Louise Haigh: as a society we need to do much better by these very vulnerable children","type":"L","timestamp":"2023-11-09 13:16:22"},{"nodeID":"1314844","text":"Asserting","type":"YA","timestamp":"2023-11-09 13:16:22"},{"nodeID":"1314845","text":"Default Transition","type":"TA","timestamp":"2023-11-09 13:16:22"},{"nodeID":"1314846","text":"Baby P shocked the nation","type":"I","timestamp":"2023-11-09 13:16:22"},{"nodeID":"1314847","text":"Louise Haigh: Baby P shocked the nation","type":"L","timestamp":"2023-11-09 13:16:22"},{"nodeID":"1314848","text":"Analysing","type":"YA","timestamp":"2023-11-09 13:16:22"},{"nodeID":"1314849","text":"Anon: Louise Haigh: Baby P shocked the nation","type":"L","timestamp":"2023-11-09 13:16:22"},{"nodeID":"1314850","text":"Asserting","type":"YA","timestamp":"2023-11-09 13:16:22"},{"nodeID":"1314851","text":"the terrible crimes of that woman and her partner","type":"I","timestamp":"2023-11-09 13:16:23"},{"nodeID":"1314852","text":"Louise Haigh: the terrible crimes of that woman and her partner","type":"L","timestamp":"2023-11-09 13:16:23"},{"nodeID":"1314853","text":"Analysing","type":"YA","timestamp":"2023-11-09 13:16:23"},{"nodeID":"1314854","text":"Anon: Louise Haigh: the terrible crimes of that woman and her partner","type":"L","timestamp":"2023-11-09 13:16:23"},{"nodeID":"1314855","text":"Asserting","type":"YA","timestamp":"2023-11-09 13:16:23"},{"nodeID":"1314856","text":"the very many failures in the system that led to it","type":"I","timestamp":"2023-11-09 13:16:23"},{"nodeID":"1314857","text":"Louise Haigh: the very many failures in the system that led to it","type":"L","timestamp":"2023-11-09 13:16:23"},{"nodeID":"1314858","text":"Analysing","type":"YA","timestamp":"2023-11-09 13:16:23"},{"nodeID":"1314859","text":"Anon: Louise Haigh: the very many failures in the system that led to it","type":"L","timestamp":"2023-11-09 13:16:23"},{"nodeID":"1314860","text":"Asserting","type":"YA","timestamp":"2023-11-09 13:16:23"},{"nodeID":"1314861","text":"the very many warning signs that meant that that little boy's life could have been saved","type":"I","timestamp":"2023-11-09 13:16:24"},{"nodeID":"1314862","text":"Louise Haigh: the very many warning signs that meant that that little boy's life could have been saved","type":"L","timestamp":"2023-11-09 13:16:24"},{"nodeID":"1314863","text":"Analysing","type":"YA","timestamp":"2023-11-09 13:16:24"},{"nodeID":"1314864","text":"Anon: Louise Haigh: the very many warning signs that meant that that little boy's life could have been saved","type":"L","timestamp":"2023-11-09 13:16:24"},{"nodeID":"1314865","text":"Asserting","type":"YA","timestamp":"2023-11-09 13:16:24"},{"nodeID":"1314866","text":"Default Inference","type":"RA","timestamp":"2023-11-09 13:16:24"},{"nodeID":"1314867","text":"Default Transition","type":"TA","timestamp":"2023-11-09 13:16:24"},{"nodeID":"1314868","text":"Arguing","type":"YA","timestamp":"2023-11-09 13:16:24"},{"nodeID":"1314869","text":"Default Inference","type":"RA","timestamp":"2023-11-09 13:16:24"},{"nodeID":"1314870","text":"Default Transition","type":"TA","timestamp":"2023-11-09 13:16:24"},{"nodeID":"1314871","text":"Default Transition","type":"TA","timestamp":"2023-11-09 13:16:24"},{"nodeID":"1314872","text":"Default Transition","type":"TA","timestamp":"2023-11-09 13:16:24"},{"nodeID":"1314873","text":"Arguing","type":"YA","timestamp":"2023-11-09 13:16:24"},{"nodeID":"1314874","text":"we need to do much better as politicians and as a society to make sure that we save children in the future like Baby P","type":"I","timestamp":"2023-11-09 13:16:25"},{"nodeID":"1314875","text":"Louise Haigh: we need to do much better as politicians and as a society to make sure that we save children in the future like Baby P","type":"L","timestamp":"2023-11-09 13:16:25"},{"nodeID":"1314876","text":"Analysing","type":"YA","timestamp":"2023-11-09 13:16:25"},{"nodeID":"1314877","text":"Anon: Louise Haigh: we need to do much better as politicians and as a society to make sure that we save children in the future like Baby P","type":"L","timestamp":"2023-11-09 13:16:25"},{"nodeID":"1314878","text":"Asserting","type":"YA","timestamp":"2023-11-09 13:16:25"},{"nodeID":"1314879","text":"Default Transition","type":"TA","timestamp":"2023-11-09 13:16:25"},{"nodeID":"1314880","text":"Default Rephrase","type":"MA","timestamp":"2023-11-09 13:16:25"},{"nodeID":"1314881","text":"Restating","type":"YA","timestamp":"2023-11-09 13:16:25"},{"nodeID":"1314882","text":"Baby P's mother should or should not ever be released from prison","type":"I","timestamp":"2023-11-09 13:16:25"},{"nodeID":"1314883","text":"Analysing","type":"YA","timestamp":"2023-11-09 13:16:25"},{"nodeID":"1314884","text":"Anon: Fiona Bruce: should Baby P's mother ever be released from prison","type":"L","timestamp":"2023-11-09 13:16:25"},{"nodeID":"1314885","text":"Pure Questioning","type":"YA","timestamp":"2023-11-09 13:16:25"},{"nodeID":"1314886","text":"Default Transition","type":"TA","timestamp":"2023-11-09 13:16:25"},{"nodeID":"1314887","text":"you're getting an entirely emotional response from Charlotte Ivers here","type":"I","timestamp":"2023-11-09 13:16:26"},{"nodeID":"1314888","text":"Charlotte Ivers: you're getting an entirely emotional response from me here","type":"L","timestamp":"2023-11-09 13:16:26"},{"nodeID":"1314889","text":"Analysing","type":"YA","timestamp":"2023-11-09 13:16:26"},{"nodeID":"1314890","text":"Anon: Charlotte Ivers: you're getting an entirely emotional response from me here","type":"L","timestamp":"2023-11-09 13:16:26"},{"nodeID":"1314891","text":"Asserting","type":"YA","timestamp":"2023-11-09 13:16:26"},{"nodeID":"1314892","text":"Default Transition","type":"TA","timestamp":"2023-11-09 13:16:26"},{"nodeID":"1314893","text":"Charlotte Ivers is not an expert in criminal justice","type":"I","timestamp":"2023-11-09 13:16:26"},{"nodeID":"1314894","text":"Charlotte Ivers: I'm not an expert in criminal justice","type":"L","timestamp":"2023-11-09 13:16:26"},{"nodeID":"1314895","text":"Analysing","type":"YA","timestamp":"2023-11-09 13:16:26"},{"nodeID":"1314896","text":"Anon: Charlotte Ivers: I'm not an expert in criminal justice","type":"L","timestamp":"2023-11-09 13:16:26"},{"nodeID":"1314897","text":"Asserting","type":"YA","timestamp":"2023-11-09 13:16:26"},{"nodeID":"1314898","text":"Default Transition","type":"TA","timestamp":"2023-11-09 13:16:26"},{"nodeID":"1314899","text":"Charlotte Ivers should absolutely say that she is not an expert in criminal justice","type":"I","timestamp":"2023-11-09 13:16:27"},{"nodeID":"1314900","text":"Charlotte Ivers: I should absolutely say that","type":"L","timestamp":"2023-11-09 13:16:27"},{"nodeID":"1314901","text":"Analysing","type":"YA","timestamp":"2023-11-09 13:16:27"},{"nodeID":"1314902","text":"Anon: Charlotte Ivers: I should absolutely say that","type":"L","timestamp":"2023-11-09 13:16:27"},{"nodeID":"1314903","text":"Asserting","type":"YA","timestamp":"2023-11-09 13:16:27"},{"nodeID":"1314904","text":"Default Transition","type":"TA","timestamp":"2023-11-09 13:16:27"},{"nodeID":"1314905","text":"Default Rephrase","type":"MA","timestamp":"2023-11-09 13:16:27"},{"nodeID":"1314906","text":"Restating","type":"YA","timestamp":"2023-11-09 13:16:27"},{"nodeID":"1314907","text":"columnists do, probably rightfully, get a reputation of opining on everything as they're an expert","type":"I","timestamp":"2023-11-09 13:16:28"},{"nodeID":"1314908","text":"Charlotte Ivers: columnists do, probably rightfully, get a reputation of opining on everything as they're an expert","type":"L","timestamp":"2023-11-09 13:16:28"},{"nodeID":"1314909","text":"Analysing","type":"YA","timestamp":"2023-11-09 13:16:28"},{"nodeID":"1314910","text":"Anon: Charlotte Ivers: columnists do, probably rightfully, get a reputation of opining on everything as they're an expert","type":"L","timestamp":"2023-11-09 13:16:28"},{"nodeID":"1314911","text":"Asserting","type":"YA","timestamp":"2023-11-09 13:16:28"},{"nodeID":"1314912","text":"Default Transition","type":"TA","timestamp":"2023-11-09 13:16:28"},{"nodeID":"1314913","text":"Default Inference","type":"RA","timestamp":"2023-11-09 13:16:28"},{"nodeID":"1314914","text":"Arguing","type":"YA","timestamp":"2023-11-09 13:16:28"},{"nodeID":"1314915","text":"Charlotte Ivers: I'm not","type":"L","timestamp":"2023-11-09 13:16:28"},{"nodeID":"1314916","text":"Analysing","type":"YA","timestamp":"2023-11-09 13:16:28"},{"nodeID":"1314917","text":"Anon: Charlotte Ivers: I'm not","type":"L","timestamp":"2023-11-09 13:16:28"},{"nodeID":"1314918","text":"Asserting","type":"YA","timestamp":"2023-11-09 13:16:28"},{"nodeID":"1314919","text":"Default Transition","type":"TA","timestamp":"2023-11-09 13:16:28"},{"nodeID":"1314920","text":"Default Rephrase","type":"MA","timestamp":"2023-11-09 13:16:28"},{"nodeID":"1314921","text":"Restating","type":"YA","timestamp":"2023-11-09 13:16:28"},{"nodeID":"1314922","text":"you're getting Charlotte Iver's response as a human being","type":"I","timestamp":"2023-11-09 13:16:28"},{"nodeID":"1314923","text":"Charlotte Ivers: You're getting my response as a human being","type":"L","timestamp":"2023-11-09 13:16:28"},{"nodeID":"1314924","text":"Analysing","type":"YA","timestamp":"2023-11-09 13:16:28"},{"nodeID":"1314925","text":"Anon: Charlotte Ivers: You're getting my response as a human being","type":"L","timestamp":"2023-11-09 13:16:28"},{"nodeID":"1314926","text":"Asserting","type":"YA","timestamp":"2023-11-09 13:16:28"},{"nodeID":"1314927","text":"Default Transition","type":"TA","timestamp":"2023-11-09 13:16:28"},{"nodeID":"1314928","text":"Default Rephrase","type":"MA","timestamp":"2023-11-09 13:16:28"},{"nodeID":"1314929","text":"Restating","type":"YA","timestamp":"2023-11-09 13:16:28"},{"nodeID":"1314930","text":"this is really, really grim","type":"I","timestamp":"2023-11-09 13:16:29"},{"nodeID":"1314931","text":"Charlotte Ivers: this is really, really grim","type":"L","timestamp":"2023-11-09 13:16:29"},{"nodeID":"1314932","text":"Analysing","type":"YA","timestamp":"2023-11-09 13:16:29"},{"nodeID":"1314933","text":"Anon: Charlotte Ivers: this is really, really grim","type":"L","timestamp":"2023-11-09 13:16:29"},{"nodeID":"1314934","text":"Asserting","type":"YA","timestamp":"2023-11-09 13:16:29"},{"nodeID":"1314935","text":"Default Transition","type":"TA","timestamp":"2023-11-09 13:16:29"},{"nodeID":"1314936","text":"the parole board make the decisions","type":"I","timestamp":"2023-11-09 13:16:29"},{"nodeID":"1314937","text":"Charlotte Ivers: The parole board make the decisions, as Louise is saying","type":"L","timestamp":"2023-11-09 13:16:29"},{"nodeID":"1314938","text":"Analysing","type":"YA","timestamp":"2023-11-09 13:16:29"},{"nodeID":"1314939","text":"Anon: Charlotte Ivers: The parole board make the decisions, as Louise is saying","type":"L","timestamp":"2023-11-09 13:16:29"},{"nodeID":"1314940","text":"Louise Haigh: The parole board make the decisions","type":"L","timestamp":"2023-11-09 13:16:29"},{"nodeID":"1314941","text":"Analysing","type":"YA","timestamp":"2023-11-09 13:16:29"},{"nodeID":"1314942","text":"Anon: Louise Haigh: The parole board make the decisions, as Louise is saying","type":"L","timestamp":"2023-11-09 13:16:29"},{"nodeID":"1314943","text":"Asserting","type":"YA","timestamp":"2023-11-09 13:16:29"},{"nodeID":"1314944","text":"Asserting","type":"YA","timestamp":"2023-11-09 13:16:29"},{"nodeID":"1314945","text":"Default Transition","type":"TA","timestamp":"2023-11-09 13:16:29"},{"nodeID":"1314946","text":"we have to respect the parole board","type":"I","timestamp":"2023-11-09 13:16:30"},{"nodeID":"1314947","text":"Charlotte Ivers: we have to respect them","type":"L","timestamp":"2023-11-09 13:16:30"},{"nodeID":"1314948","text":"Analysing","type":"YA","timestamp":"2023-11-09 13:16:30"},{"nodeID":"1314949","text":"Anon: Charlotte Ivers: we have to respect them","type":"L","timestamp":"2023-11-09 13:16:30"},{"nodeID":"1314950","text":"Asserting","type":"YA","timestamp":"2023-11-09 13:16:30"},{"nodeID":"1314951","text":"we have to trust the parole board's decision","type":"I","timestamp":"2023-11-09 13:16:30"},{"nodeID":"1314952","text":"Charlotte Ivers: we have to trust it","type":"L","timestamp":"2023-11-09 13:16:30"},{"nodeID":"1314953","text":"Analysing","type":"YA","timestamp":"2023-11-09 13:16:30"},{"nodeID":"1314954","text":"Anon: Charlotte Ivers: we have to trust it","type":"L","timestamp":"2023-11-09 13:16:30"},{"nodeID":"1314955","text":"Asserting","type":"YA","timestamp":"2023-11-09 13:16:30"},{"nodeID":"1314956","text":"Default Inference","type":"RA","timestamp":"2023-11-09 13:16:30"},{"nodeID":"1314957","text":"Default Rephrase","type":"MA","timestamp":"2023-11-09 13:16:30"},{"nodeID":"1314958","text":"Default Transition","type":"TA","timestamp":"2023-11-09 13:16:30"},{"nodeID":"1314959","text":"Restating","type":"YA","timestamp":"2023-11-09 13:16:30"},{"nodeID":"1314960","text":"Default Transition","type":"TA","timestamp":"2023-11-09 13:16:30"},{"nodeID":"1314961","text":"Arguing","type":"YA","timestamp":"2023-11-09 13:16:30"},{"nodeID":"1314962","text":"Default Rephrase","type":"MA","timestamp":"2023-11-09 13:16:30"},{"nodeID":"1314963","text":"Default Transition","type":"TA","timestamp":"2023-11-09 13:16:30"},{"nodeID":"1314964","text":"Restating","type":"YA","timestamp":"2023-11-09 13:16:30"},{"nodeID":"1314965","text":"Charlotte Iver' personal instincts, the conviction doesn't feel right","type":"I","timestamp":"2023-11-09 13:16:31"},{"nodeID":"1314966","text":"Charlotte Ivers: My personal instincts, it doesn't feel right","type":"L","timestamp":"2023-11-09 13:16:31"},{"nodeID":"1314967","text":"Analysing","type":"YA","timestamp":"2023-11-09 13:16:31"},{"nodeID":"1314968","text":"Anon: Charlotte Ivers: My personal instincts, it doesn't feel right","type":"L","timestamp":"2023-11-09 13:16:31"},{"nodeID":"1314969","text":"Asserting","type":"YA","timestamp":"2023-11-09 13:16:31"},{"nodeID":"1314970","text":"Default Transition","type":"TA","timestamp":"2023-11-09 13:16:31"},{"nodeID":"1314971","text":"Charlotte Ivers is not the expert on the criminal justice system","type":"I","timestamp":"2023-11-09 13:16:32"},{"nodeID":"1314972","text":"Charlotte Ivers: I'm not the expert on it","type":"L","timestamp":"2023-11-09 13:16:32"},{"nodeID":"1314973","text":"Analysing","type":"YA","timestamp":"2023-11-09 13:16:32"},{"nodeID":"1314974","text":"Anon: Charlotte Ivers: I'm not the expert on it","type":"L","timestamp":"2023-11-09 13:16:32"},{"nodeID":"1314975","text":"Asserting","type":"YA","timestamp":"2023-11-09 13:16:32"},{"nodeID":"1314976","text":"sentencing is the parole board's job","type":"I","timestamp":"2023-11-09 13:16:32"},{"nodeID":"1314977","text":"Charlotte Ivers: It's their job","type":"L","timestamp":"2023-11-09 13:16:32"},{"nodeID":"1314978","text":"Analysing","type":"YA","timestamp":"2023-11-09 13:16:32"},{"nodeID":"1314979","text":"Anon: Charlotte Ivers: It's their job","type":"L","timestamp":"2023-11-09 13:16:32"},{"nodeID":"1314980","text":"Asserting","type":"YA","timestamp":"2023-11-09 13:16:32"},{"nodeID":"1314981","text":"Default Transition","type":"TA","timestamp":"2023-11-09 13:16:32"},{"nodeID":"1314982","text":"Default Inference","type":"RA","timestamp":"2023-11-09 13:16:32"},{"nodeID":"1314983","text":"Default Transition","type":"TA","timestamp":"2023-11-09 13:16:32"},{"nodeID":"1314984","text":"Arguing","type":"YA","timestamp":"2023-11-09 13:16:32"},{"nodeID":"1314985","text":"Default Rephrase","type":"MA","timestamp":"2023-11-09 13:16:32"},{"nodeID":"1314986","text":"Default Transition","type":"TA","timestamp":"2023-11-09 13:16:32"},{"nodeID":"1314987","text":"Default Illocuting","type":"YA","timestamp":"2023-11-09 13:16:32"},{"nodeID":"1314988","text":"Default Rephrase","type":"MA","timestamp":"2023-11-09 13:16:32"},{"nodeID":"1314989","text":"Default Illocuting","type":"YA","timestamp":"2023-11-09 13:16:32"}],"edges":[{"edgeID":"1726151","fromID":"1314817","toID":"1314816","formEdgeID":null},{"edgeID":"1726152","fromID":"1314818","toID":"1314817","formEdgeID":null},{"edgeID":"1726153","fromID":"1314816","toID":"1314819","formEdgeID":null},{"edgeID":"1726154","fromID":"1314819","toID":"1314815","formEdgeID":null},{"edgeID":"1726155","fromID":"1314822","toID":"1314821","formEdgeID":null},{"edgeID":"1726156","fromID":"1314823","toID":"1314822","formEdgeID":null},{"edgeID":"1726157","fromID":"1314821","toID":"1314824","formEdgeID":null},{"edgeID":"1726158","fromID":"1314824","toID":"1314820","formEdgeID":null},{"edgeID":"1726159","fromID":"1314816","toID":"1314825","formEdgeID":null},{"edgeID":"1726160","fromID":"1314825","toID":"1314821","formEdgeID":null},{"edgeID":"1726161","fromID":"1314828","toID":"1314827","formEdgeID":null},{"edgeID":"1726162","fromID":"1314829","toID":"1314828","formEdgeID":null},{"edgeID":"1726163","fromID":"1314827","toID":"1314830","formEdgeID":null},{"edgeID":"1726164","fromID":"1314830","toID":"1314826","formEdgeID":null},{"edgeID":"1726165","fromID":"1314821","toID":"1314831","formEdgeID":null},{"edgeID":"1726166","fromID":"1314831","toID":"1314827","formEdgeID":null},{"edgeID":"1726167","fromID":"1314834","toID":"1314833","formEdgeID":null},{"edgeID":"1726168","fromID":"1314835","toID":"1314834","formEdgeID":null},{"edgeID":"1726169","fromID":"1314833","toID":"1314836","formEdgeID":null},{"edgeID":"1726170","fromID":"1314836","toID":"1314832","formEdgeID":null},{"edgeID":"1726171","fromID":"1314832","toID":"1314837","formEdgeID":null},{"edgeID":"1726172","fromID":"1314837","toID":"1314826","formEdgeID":null},{"edgeID":"1726173","fromID":"1314827","toID":"1314838","formEdgeID":null},{"edgeID":"1726174","fromID":"1314838","toID":"1314833","formEdgeID":null},{"edgeID":"1726175","fromID":"1314838","toID":"1314839","formEdgeID":null},{"edgeID":"1726176","fromID":"1314839","toID":"1314837","formEdgeID":null},{"edgeID":"1726177","fromID":"1314842","toID":"1314841","formEdgeID":null},{"edgeID":"1726178","fromID":"1314843","toID":"1314842","formEdgeID":null},{"edgeID":"1726179","fromID":"1314841","toID":"1314844","formEdgeID":null},{"edgeID":"1726180","fromID":"1314844","toID":"1314840","formEdgeID":null},{"edgeID":"1726181","fromID":"1314833","toID":"1314845","formEdgeID":null},{"edgeID":"1726182","fromID":"1314845","toID":"1314841","formEdgeID":null},{"edgeID":"1726183","fromID":"1314848","toID":"1314847","formEdgeID":null},{"edgeID":"1726184","fromID":"1314849","toID":"1314848","formEdgeID":null},{"edgeID":"1726185","fromID":"1314847","toID":"1314850","formEdgeID":null},{"edgeID":"1726186","fromID":"1314850","toID":"1314846","formEdgeID":null},{"edgeID":"1726187","fromID":"1314853","toID":"1314852","formEdgeID":null},{"edgeID":"1726188","fromID":"1314854","toID":"1314853","formEdgeID":null},{"edgeID":"1726189","fromID":"1314852","toID":"1314855","formEdgeID":null},{"edgeID":"1726190","fromID":"1314855","toID":"1314851","formEdgeID":null},{"edgeID":"1726191","fromID":"1314858","toID":"1314857","formEdgeID":null},{"edgeID":"1726192","fromID":"1314859","toID":"1314858","formEdgeID":null},{"edgeID":"1726193","fromID":"1314857","toID":"1314860","formEdgeID":null},{"edgeID":"1726194","fromID":"1314860","toID":"1314856","formEdgeID":null},{"edgeID":"1726195","fromID":"1314863","toID":"1314862","formEdgeID":null},{"edgeID":"1726196","fromID":"1314864","toID":"1314863","formEdgeID":null},{"edgeID":"1726197","fromID":"1314862","toID":"1314865","formEdgeID":null},{"edgeID":"1726198","fromID":"1314865","toID":"1314861","formEdgeID":null},{"edgeID":"1726199","fromID":"1314851","toID":"1314866","formEdgeID":null},{"edgeID":"1726200","fromID":"1314866","toID":"1314846","formEdgeID":null},{"edgeID":"1726201","fromID":"1314847","toID":"1314867","formEdgeID":null},{"edgeID":"1726202","fromID":"1314867","toID":"1314852","formEdgeID":null},{"edgeID":"1726203","fromID":"1314867","toID":"1314868","formEdgeID":null},{"edgeID":"1726204","fromID":"1314868","toID":"1314866","formEdgeID":null},{"edgeID":"1726205","fromID":"1314851","toID":"1314869","formEdgeID":null},{"edgeID":"1726206","fromID":"1314869","toID":"1314840","formEdgeID":null},{"edgeID":"1726207","fromID":"1314841","toID":"1314870","formEdgeID":null},{"edgeID":"1726208","fromID":"1314870","toID":"1314852","formEdgeID":null},{"edgeID":"1726209","fromID":"1314856","toID":"1314869","formEdgeID":null},{"edgeID":"1726210","fromID":"1314841","toID":"1314871","formEdgeID":null},{"edgeID":"1726211","fromID":"1314871","toID":"1314857","formEdgeID":null},{"edgeID":"1726212","fromID":"1314861","toID":"1314869","formEdgeID":null},{"edgeID":"1726213","fromID":"1314841","toID":"1314872","formEdgeID":null},{"edgeID":"1726214","fromID":"1314872","toID":"1314862","formEdgeID":null},{"edgeID":"1726215","fromID":"1314872","toID":"1314873","formEdgeID":null},{"edgeID":"1726216","fromID":"1314873","toID":"1314869","formEdgeID":null},{"edgeID":"1726217","fromID":"1314876","toID":"1314875","formEdgeID":null},{"edgeID":"1726218","fromID":"1314877","toID":"1314876","formEdgeID":null},{"edgeID":"1726219","fromID":"1314875","toID":"1314878","formEdgeID":null},{"edgeID":"1726220","fromID":"1314878","toID":"1314874","formEdgeID":null},{"edgeID":"1726221","fromID":"1314841","toID":"1314879","formEdgeID":null},{"edgeID":"1726222","fromID":"1314879","toID":"1314875","formEdgeID":null},{"edgeID":"1726223","fromID":"1314874","toID":"1314880","formEdgeID":null},{"edgeID":"1726224","fromID":"1314880","toID":"1314840","formEdgeID":null},{"edgeID":"1726225","fromID":"1314879","toID":"1314881","formEdgeID":null},{"edgeID":"1726226","fromID":"1314881","toID":"1314880","formEdgeID":null},{"edgeID":"1726227","fromID":"1314883","toID":"1314814","formEdgeID":null},{"edgeID":"1726228","fromID":"1314884","toID":"1314883","formEdgeID":null},{"edgeID":"1726229","fromID":"1314814","toID":"1314885","formEdgeID":null},{"edgeID":"1726230","fromID":"1314885","toID":"1314882","formEdgeID":null},{"edgeID":"1726231","fromID":"1314875","toID":"1314886","formEdgeID":null},{"edgeID":"1726232","fromID":"1314886","toID":"1314814","formEdgeID":null},{"edgeID":"1726233","fromID":"1314889","toID":"1314888","formEdgeID":null},{"edgeID":"1726234","fromID":"1314890","toID":"1314889","formEdgeID":null},{"edgeID":"1726235","fromID":"1314888","toID":"1314891","formEdgeID":null},{"edgeID":"1726236","fromID":"1314891","toID":"1314887","formEdgeID":null},{"edgeID":"1726237","fromID":"1314814","toID":"1314892","formEdgeID":null},{"edgeID":"1726238","fromID":"1314892","toID":"1314888","formEdgeID":null},{"edgeID":"1726239","fromID":"1314895","toID":"1314894","formEdgeID":null},{"edgeID":"1726240","fromID":"1314896","toID":"1314895","formEdgeID":null},{"edgeID":"1726241","fromID":"1314894","toID":"1314897","formEdgeID":null},{"edgeID":"1726242","fromID":"1314897","toID":"1314893","formEdgeID":null},{"edgeID":"1726243","fromID":"1314888","toID":"1314898","formEdgeID":null},{"edgeID":"1726244","fromID":"1314898","toID":"1314894","formEdgeID":null},{"edgeID":"1726245","fromID":"1314901","toID":"1314900","formEdgeID":null},{"edgeID":"1726246","fromID":"1314902","toID":"1314901","formEdgeID":null},{"edgeID":"1726247","fromID":"1314900","toID":"1314903","formEdgeID":null},{"edgeID":"1726248","fromID":"1314903","toID":"1314899","formEdgeID":null},{"edgeID":"1726249","fromID":"1314894","toID":"1314904","formEdgeID":null},{"edgeID":"1726250","fromID":"1314904","toID":"1314900","formEdgeID":null},{"edgeID":"1726251","fromID":"1314899","toID":"1314905","formEdgeID":null},{"edgeID":"1726252","fromID":"1314905","toID":"1314893","formEdgeID":null},{"edgeID":"1726253","fromID":"1314904","toID":"1314906","formEdgeID":null},{"edgeID":"1726254","fromID":"1314906","toID":"1314905","formEdgeID":null},{"edgeID":"1726255","fromID":"1314909","toID":"1314908","formEdgeID":null},{"edgeID":"1726256","fromID":"1314910","toID":"1314909","formEdgeID":null},{"edgeID":"1726257","fromID":"1314908","toID":"1314911","formEdgeID":null},{"edgeID":"1726258","fromID":"1314911","toID":"1314907","formEdgeID":null},{"edgeID":"1726259","fromID":"1314900","toID":"1314912","formEdgeID":null},{"edgeID":"1726260","fromID":"1314912","toID":"1314908","formEdgeID":null},{"edgeID":"1726261","fromID":"1314907","toID":"1314913","formEdgeID":null},{"edgeID":"1726262","fromID":"1314913","toID":"1314899","formEdgeID":null},{"edgeID":"1726263","fromID":"1314912","toID":"1314914","formEdgeID":null},{"edgeID":"1726264","fromID":"1314914","toID":"1314913","formEdgeID":null},{"edgeID":"1726265","fromID":"1314916","toID":"1314915","formEdgeID":null},{"edgeID":"1726266","fromID":"1314917","toID":"1314916","formEdgeID":null},{"edgeID":"1726267","fromID":"1314915","toID":"1314918","formEdgeID":null},{"edgeID":"1726268","fromID":"1314918","toID":"1314893","formEdgeID":null},{"edgeID":"1726269","fromID":"1314894","toID":"1314919","formEdgeID":null},{"edgeID":"1726270","fromID":"1314919","toID":"1314915","formEdgeID":null},{"edgeID":"1726271","fromID":"1314893","toID":"1314920","formEdgeID":null},{"edgeID":"1726272","fromID":"1314920","toID":"1314893","formEdgeID":null},{"edgeID":"1726273","fromID":"1314919","toID":"1314921","formEdgeID":null},{"edgeID":"1726274","fromID":"1314921","toID":"1314920","formEdgeID":null},{"edgeID":"1726275","fromID":"1314924","toID":"1314923","formEdgeID":null},{"edgeID":"1726276","fromID":"1314925","toID":"1314924","formEdgeID":null},{"edgeID":"1726277","fromID":"1314923","toID":"1314926","formEdgeID":null},{"edgeID":"1726278","fromID":"1314926","toID":"1314922","formEdgeID":null},{"edgeID":"1726279","fromID":"1314888","toID":"1314927","formEdgeID":null},{"edgeID":"1726280","fromID":"1314927","toID":"1314923","formEdgeID":null},{"edgeID":"1726281","fromID":"1314922","toID":"1314928","formEdgeID":null},{"edgeID":"1726282","fromID":"1314928","toID":"1314887","formEdgeID":null},{"edgeID":"1726283","fromID":"1314927","toID":"1314929","formEdgeID":null},{"edgeID":"1726284","fromID":"1314929","toID":"1314928","formEdgeID":null},{"edgeID":"1726285","fromID":"1314932","toID":"1314931","formEdgeID":null},{"edgeID":"1726286","fromID":"1314933","toID":"1314932","formEdgeID":null},{"edgeID":"1726287","fromID":"1314931","toID":"1314934","formEdgeID":null},{"edgeID":"1726288","fromID":"1314934","toID":"1314930","formEdgeID":null},{"edgeID":"1726289","fromID":"1314923","toID":"1314935","formEdgeID":null},{"edgeID":"1726290","fromID":"1314935","toID":"1314931","formEdgeID":null},{"edgeID":"1726291","fromID":"1314938","toID":"1314937","formEdgeID":null},{"edgeID":"1726292","fromID":"1314939","toID":"1314938","formEdgeID":null},{"edgeID":"1726293","fromID":"1314941","toID":"1314940","formEdgeID":null},{"edgeID":"1726294","fromID":"1314942","toID":"1314941","formEdgeID":null},{"edgeID":"1726295","fromID":"1314940","toID":"1314943","formEdgeID":null},{"edgeID":"1726296","fromID":"1314943","toID":"1314936","formEdgeID":null},{"edgeID":"1726297","fromID":"1314937","toID":"1314944","formEdgeID":null},{"edgeID":"1726298","fromID":"1314944","toID":"1314940","formEdgeID":null},{"edgeID":"1726299","fromID":"1314931","toID":"1314945","formEdgeID":null},{"edgeID":"1726300","fromID":"1314945","toID":"1314937","formEdgeID":null},{"edgeID":"1726301","fromID":"1314948","toID":"1314947","formEdgeID":null},{"edgeID":"1726302","fromID":"1314949","toID":"1314948","formEdgeID":null},{"edgeID":"1726303","fromID":"1314947","toID":"1314950","formEdgeID":null},{"edgeID":"1726304","fromID":"1314950","toID":"1314946","formEdgeID":null},{"edgeID":"1726305","fromID":"1314953","toID":"1314952","formEdgeID":null},{"edgeID":"1726306","fromID":"1314954","toID":"1314953","formEdgeID":null},{"edgeID":"1726307","fromID":"1314952","toID":"1314955","formEdgeID":null},{"edgeID":"1726308","fromID":"1314955","toID":"1314951","formEdgeID":null},{"edgeID":"1726309","fromID":"1314936","toID":"1314956","formEdgeID":null},{"edgeID":"1726310","fromID":"1314956","toID":"1314946","formEdgeID":null},{"edgeID":"1726311","fromID":"1314951","toID":"1314957","formEdgeID":null},{"edgeID":"1726312","fromID":"1314957","toID":"1314946","formEdgeID":null},{"edgeID":"1726313","fromID":"1314947","toID":"1314958","formEdgeID":null},{"edgeID":"1726314","fromID":"1314958","toID":"1314952","formEdgeID":null},{"edgeID":"1726315","fromID":"1314958","toID":"1314959","formEdgeID":null},{"edgeID":"1726316","fromID":"1314959","toID":"1314957","formEdgeID":null},{"edgeID":"1726317","fromID":"1314937","toID":"1314960","formEdgeID":null},{"edgeID":"1726318","fromID":"1314960","toID":"1314947","formEdgeID":null},{"edgeID":"1726319","fromID":"1314960","toID":"1314961","formEdgeID":null},{"edgeID":"1726320","fromID":"1314961","toID":"1314956","formEdgeID":null},{"edgeID":"1726321","fromID":"1314940","toID":"1314962","formEdgeID":null},{"edgeID":"1726322","fromID":"1314962","toID":"1314833","formEdgeID":null},{"edgeID":"1726323","fromID":"1314833","toID":"1314963","formEdgeID":null},{"edgeID":"1726324","fromID":"1314963","toID":"1314937","formEdgeID":null},{"edgeID":"1726325","fromID":"1314963","toID":"1314964","formEdgeID":null},{"edgeID":"1726326","fromID":"1314964","toID":"1314962","formEdgeID":null},{"edgeID":"1726327","fromID":"1314967","toID":"1314966","formEdgeID":null},{"edgeID":"1726328","fromID":"1314968","toID":"1314967","formEdgeID":null},{"edgeID":"1726329","fromID":"1314966","toID":"1314969","formEdgeID":null},{"edgeID":"1726330","fromID":"1314969","toID":"1314965","formEdgeID":null},{"edgeID":"1726331","fromID":"1314952","toID":"1314970","formEdgeID":null},{"edgeID":"1726332","fromID":"1314970","toID":"1314966","formEdgeID":null},{"edgeID":"1726333","fromID":"1314973","toID":"1314972","formEdgeID":null},{"edgeID":"1726334","fromID":"1314974","toID":"1314973","formEdgeID":null},{"edgeID":"1726335","fromID":"1314972","toID":"1314975","formEdgeID":null},{"edgeID":"1726336","fromID":"1314975","toID":"1314971","formEdgeID":null},{"edgeID":"1726337","fromID":"1314978","toID":"1314977","formEdgeID":null},{"edgeID":"1726338","fromID":"1314979","toID":"1314978","formEdgeID":null},{"edgeID":"1726339","fromID":"1314977","toID":"1314980","formEdgeID":null},{"edgeID":"1726340","fromID":"1314980","toID":"1314976","formEdgeID":null},{"edgeID":"1726341","fromID":"1314966","toID":"1314981","formEdgeID":null},{"edgeID":"1726342","fromID":"1314981","toID":"1314972","formEdgeID":null},{"edgeID":"1726343","fromID":"1314976","toID":"1314982","formEdgeID":null},{"edgeID":"1726344","fromID":"1314982","toID":"1314951","formEdgeID":null},{"edgeID":"1726345","fromID":"1314952","toID":"1314983","formEdgeID":null},{"edgeID":"1726346","fromID":"1314983","toID":"1314977","formEdgeID":null},{"edgeID":"1726347","fromID":"1314983","toID":"1314984","formEdgeID":null},{"edgeID":"1726348","fromID":"1314984","toID":"1314982","formEdgeID":null},{"edgeID":"1726349","fromID":"1314965","toID":"1314985","formEdgeID":null},{"edgeID":"1726350","fromID":"1314985","toID":"1314882","formEdgeID":null},{"edgeID":"1726351","fromID":"1314814","toID":"1314986","formEdgeID":null},{"edgeID":"1726352","fromID":"1314986","toID":"1314966","formEdgeID":null},{"edgeID":"1726353","fromID":"1314986","toID":"1314987","formEdgeID":null},{"edgeID":"1726354","fromID":"1314987","toID":"1314985","formEdgeID":null},{"edgeID":"1726355","fromID":"1314820","toID":"1314988","formEdgeID":null},{"edgeID":"1726356","fromID":"1314988","toID":"1314815","formEdgeID":null},{"edgeID":"1726357","fromID":"1314825","toID":"1314989","formEdgeID":null},{"edgeID":"1726358","fromID":"1314989","toID":"1314988","formEdgeID":null}],"locutions":[]}