{"nodes":[{"nodeID":"1309949","text":"what Damian Green has just outlined demonstrates how the vast majority of people in this country are feeling at the moment","type":"I","timestamp":"2023-11-09 13:09:23"},{"nodeID":"1309950","text":"Louise Haigh: what you've just outlined demonstrates how the vast majority of people in this country are feeling at the moment","type":"L","timestamp":"2023-11-09 13:09:23"},{"nodeID":"1309951","text":"Analysing","type":"YA","timestamp":"2023-11-09 13:09:23"},{"nodeID":"1309952","text":"Nicole: Louise Haigh: what you've just outlined demonstrates how the vast majority of people in this country are feeling at the moment","type":"L","timestamp":"2023-11-09 13:09:23"},{"nodeID":"1309953","text":"Asserting","type":"YA","timestamp":"2023-11-09 13:09:23"},{"nodeID":"1309954","text":"Louise Haigh has obviously been knocking on countless doors across the country for local elections today","type":"I","timestamp":"2023-11-09 13:09:23"},{"nodeID":"1309955","text":"Louise Haigh: I've obviously been knocking on countless doors across the country for local elections today","type":"L","timestamp":"2023-11-09 13:09:23"},{"nodeID":"1309956","text":"Analysing","type":"YA","timestamp":"2023-11-09 13:09:23"},{"nodeID":"1309957","text":"Nicole: Louise Haigh: I've obviously been knocking on countless doors across the country for local elections today","type":"L","timestamp":"2023-11-09 13:09:23"},{"nodeID":"1309958","text":"Asserting","type":"YA","timestamp":"2023-11-09 13:09:23"},{"nodeID":"1309959","text":"Default Transition","type":"TA","timestamp":"2023-11-09 13:09:23"},{"nodeID":"1309960","text":"what Louise Haigh has encountered is real fear about how people are going to pay their energy bills","type":"I","timestamp":"2023-11-09 13:09:24"},{"nodeID":"1309961","text":"Louise Haigh: what I've encountered is real fear about how people are going to pay their energy bills","type":"L","timestamp":"2023-11-09 13:09:24"},{"nodeID":"1309962","text":"Analysing","type":"YA","timestamp":"2023-11-09 13:09:24"},{"nodeID":"1309963","text":"Nicole: Louise Haigh: what I've encountered is real fear about how people are going to pay their energy bills","type":"L","timestamp":"2023-11-09 13:09:24"},{"nodeID":"1309964","text":"Asserting","type":"YA","timestamp":"2023-11-09 13:09:24"},{"nodeID":"1309965","text":"Default Transition","type":"TA","timestamp":"2023-11-09 13:09:24"},{"nodeID":"1309966","text":"what Louise Haigh has encountered is real fear about how people are going to afford their weekly shop","type":"I","timestamp":"2023-11-09 13:09:24"},{"nodeID":"1309967","text":"Louise Haigh: how people are going to afford their weekly shop","type":"L","timestamp":"2023-11-09 13:09:24"},{"nodeID":"1309968","text":"Analysing","type":"YA","timestamp":"2023-11-09 13:09:24"},{"nodeID":"1309969","text":"Nicole: Louise Haigh: how people are going to afford their weekly shop","type":"L","timestamp":"2023-11-09 13:09:24"},{"nodeID":"1309970","text":"Asserting","type":"YA","timestamp":"2023-11-09 13:09:24"},{"nodeID":"1309971","text":"Default Transition","type":"TA","timestamp":"2023-11-09 13:09:24"},{"nodeID":"1309972","text":"Default Rephrase","type":"MA","timestamp":"2023-11-09 13:09:24"},{"nodeID":"1309973","text":"Restating","type":"YA","timestamp":"2023-11-09 13:09:24"},{"nodeID":"1309974","text":"what Louise Haigh has encountered is real fear about how people are affording to fill up their car at the petrol pump","type":"I","timestamp":"2023-11-09 13:09:25"},{"nodeID":"1309975","text":"Louise Haigh: how people are affording to fill up their car at the petrol pump","type":"L","timestamp":"2023-11-09 13:09:25"},{"nodeID":"1309976","text":"Analysing","type":"YA","timestamp":"2023-11-09 13:09:25"},{"nodeID":"1309977","text":"Nicole: Louise Haigh: how people are affording to fill up their car at the petrol pump","type":"L","timestamp":"2023-11-09 13:09:25"},{"nodeID":"1309978","text":"Asserting","type":"YA","timestamp":"2023-11-09 13:09:25"},{"nodeID":"1309979","text":"Default Transition","type":"TA","timestamp":"2023-11-09 13:09:25"},{"nodeID":"1309980","text":"prices are far outstripping most people's wages","type":"I","timestamp":"2023-11-09 13:09:26"},{"nodeID":"1309981","text":"Louise Haigh: prices are far outstripping most people's wages","type":"L","timestamp":"2023-11-09 13:09:26"},{"nodeID":"1309982","text":"Analysing","type":"YA","timestamp":"2023-11-09 13:09:26"},{"nodeID":"1309983","text":"Nicole: Louise Haigh: prices are far outstripping most people's wages","type":"L","timestamp":"2023-11-09 13:09:26"},{"nodeID":"1309984","text":"Asserting","type":"YA","timestamp":"2023-11-09 13:09:26"},{"nodeID":"1309985","text":"Default Transition","type":"TA","timestamp":"2023-11-09 13:09:26"},{"nodeID":"1309986","text":"Default Inference","type":"RA","timestamp":"2023-11-09 13:09:26"},{"nodeID":"1309987","text":"Arguing","type":"YA","timestamp":"2023-11-09 13:09:26"},{"nodeID":"1309988","text":"certainly eating into people's savings at the moment","type":"I","timestamp":"2023-11-09 13:09:26"},{"nodeID":"1309989","text":"Louise Haigh: certainly eating into people's savings at the moment","type":"L","timestamp":"2023-11-09 13:09:26"},{"nodeID":"1309990","text":"Analysing","type":"YA","timestamp":"2023-11-09 13:09:26"},{"nodeID":"1309991","text":"Nicole: Louise Haigh: certainly eating into people's savings at the moment","type":"L","timestamp":"2023-11-09 13:09:26"},{"nodeID":"1309992","text":"Asserting","type":"YA","timestamp":"2023-11-09 13:09:26"},{"nodeID":"1309993","text":"Default Transition","type":"TA","timestamp":"2023-11-09 13:09:26"},{"nodeID":"1309994","text":"the response is just frighteningly small in the scale of the crisis that people are facing","type":"I","timestamp":"2023-11-09 13:09:27"},{"nodeID":"1309995","text":"Louise Haigh: the response I'm afraid, Damian, is just frighteningly small in the scale of the crisis that people are facing","type":"L","timestamp":"2023-11-09 13:09:27"},{"nodeID":"1309996","text":"Analysing","type":"YA","timestamp":"2023-11-09 13:09:27"},{"nodeID":"1309997","text":"Nicole: Louise Haigh: the response I'm afraid, Damian, is just frighteningly small in the scale of the crisis that people are facing","type":"L","timestamp":"2023-11-09 13:09:27"},{"nodeID":"1309998","text":"Asserting","type":"YA","timestamp":"2023-11-09 13:09:27"},{"nodeID":"1309999","text":"Default Rephrase","type":"MA","timestamp":"2023-11-09 13:09:27"},{"nodeID":"1310000","text":"Restating","type":"YA","timestamp":"2023-11-09 13:09:27"},{"nodeID":"1310001","text":"Default Transition","type":"TA","timestamp":"2023-11-09 13:09:27"},{"nodeID":"1310002","text":"we are going to see the biggest collapse in living standards this year since records started to be drawn up in the 1950s","type":"I","timestamp":"2023-11-09 13:09:27"},{"nodeID":"1310003","text":"Louise Haigh: We are going to see the biggest collapse in living standards this year since records started to be drawn up in the 1950s","type":"L","timestamp":"2023-11-09 13:09:27"},{"nodeID":"1310004","text":"Analysing","type":"YA","timestamp":"2023-11-09 13:09:27"},{"nodeID":"1310005","text":"Nicole: Louise Haigh: We are going to see the biggest collapse in living standards this year since records started to be drawn up in the 1950s","type":"L","timestamp":"2023-11-09 13:09:27"},{"nodeID":"1310006","text":"Asserting","type":"YA","timestamp":"2023-11-09 13:09:27"},{"nodeID":"1310007","text":"Default Transition","type":"TA","timestamp":"2023-11-09 13:09:27"},{"nodeID":"1310008","text":"Default Inference","type":"RA","timestamp":"2023-11-09 13:09:27"},{"nodeID":"1310009","text":"Arguing","type":"YA","timestamp":"2023-11-09 13:09:27"},{"nodeID":"1310010","text":"Default Rephrase","type":"MA","timestamp":"2023-11-09 13:09:27"},{"nodeID":"1310011","text":"Restating","type":"YA","timestamp":"2023-11-09 13:09:27"}],"edges":[{"edgeID":"1720324","fromID":"1309951","toID":"1309950","formEdgeID":null},{"edgeID":"1720325","fromID":"1309952","toID":"1309951","formEdgeID":null},{"edgeID":"1720326","fromID":"1309950","toID":"1309953","formEdgeID":null},{"edgeID":"1720327","fromID":"1309953","toID":"1309949","formEdgeID":null},{"edgeID":"1720328","fromID":"1309956","toID":"1309955","formEdgeID":null},{"edgeID":"1720329","fromID":"1309957","toID":"1309956","formEdgeID":null},{"edgeID":"1720330","fromID":"1309955","toID":"1309958","formEdgeID":null},{"edgeID":"1720331","fromID":"1309958","toID":"1309954","formEdgeID":null},{"edgeID":"1720332","fromID":"1309950","toID":"1309959","formEdgeID":null},{"edgeID":"1720333","fromID":"1309959","toID":"1309955","formEdgeID":null},{"edgeID":"1720334","fromID":"1309962","toID":"1309961","formEdgeID":null},{"edgeID":"1720335","fromID":"1309963","toID":"1309962","formEdgeID":null},{"edgeID":"1720336","fromID":"1309961","toID":"1309964","formEdgeID":null},{"edgeID":"1720337","fromID":"1309964","toID":"1309960","formEdgeID":null},{"edgeID":"1720338","fromID":"1309955","toID":"1309965","formEdgeID":null},{"edgeID":"1720339","fromID":"1309965","toID":"1309961","formEdgeID":null},{"edgeID":"1720340","fromID":"1309968","toID":"1309967","formEdgeID":null},{"edgeID":"1720341","fromID":"1309969","toID":"1309968","formEdgeID":null},{"edgeID":"1720342","fromID":"1309967","toID":"1309970","formEdgeID":null},{"edgeID":"1720343","fromID":"1309970","toID":"1309966","formEdgeID":null},{"edgeID":"1720344","fromID":"1309961","toID":"1309971","formEdgeID":null},{"edgeID":"1720345","fromID":"1309971","toID":"1309967","formEdgeID":null},{"edgeID":"1720346","fromID":"1309966","toID":"1309972","formEdgeID":null},{"edgeID":"1720347","fromID":"1309972","toID":"1309960","formEdgeID":null},{"edgeID":"1720348","fromID":"1309971","toID":"1309973","formEdgeID":null},{"edgeID":"1720349","fromID":"1309973","toID":"1309972","formEdgeID":null},{"edgeID":"1720350","fromID":"1309976","toID":"1309975","formEdgeID":null},{"edgeID":"1720351","fromID":"1309977","toID":"1309976","formEdgeID":null},{"edgeID":"1720352","fromID":"1309975","toID":"1309978","formEdgeID":null},{"edgeID":"1720353","fromID":"1309978","toID":"1309974","formEdgeID":null},{"edgeID":"1720354","fromID":"1309967","toID":"1309979","formEdgeID":null},{"edgeID":"1720355","fromID":"1309979","toID":"1309975","formEdgeID":null},{"edgeID":"1720356","fromID":"1309982","toID":"1309981","formEdgeID":null},{"edgeID":"1720357","fromID":"1309983","toID":"1309982","formEdgeID":null},{"edgeID":"1720358","fromID":"1309981","toID":"1309984","formEdgeID":null},{"edgeID":"1720359","fromID":"1309984","toID":"1309980","formEdgeID":null},{"edgeID":"1720360","fromID":"1309975","toID":"1309985","formEdgeID":null},{"edgeID":"1720361","fromID":"1309985","toID":"1309981","formEdgeID":null},{"edgeID":"1720362","fromID":"1309980","toID":"1309986","formEdgeID":null},{"edgeID":"1720363","fromID":"1309986","toID":"1309974","formEdgeID":null},{"edgeID":"1720364","fromID":"1309985","toID":"1309987","formEdgeID":null},{"edgeID":"1720365","fromID":"1309987","toID":"1309986","formEdgeID":null},{"edgeID":"1720366","fromID":"1309990","toID":"1309989","formEdgeID":null},{"edgeID":"1720367","fromID":"1309991","toID":"1309990","formEdgeID":null},{"edgeID":"1720368","fromID":"1309989","toID":"1309992","formEdgeID":null},{"edgeID":"1720369","fromID":"1309992","toID":"1309988","formEdgeID":null},{"edgeID":"1720370","fromID":"1309981","toID":"1309993","formEdgeID":null},{"edgeID":"1720371","fromID":"1309993","toID":"1309989","formEdgeID":null},{"edgeID":"1720372","fromID":"1309996","toID":"1309995","formEdgeID":null},{"edgeID":"1720373","fromID":"1309997","toID":"1309996","formEdgeID":null},{"edgeID":"1720374","fromID":"1309995","toID":"1309998","formEdgeID":null},{"edgeID":"1720375","fromID":"1309998","toID":"1309994","formEdgeID":null},{"edgeID":"1720376","fromID":"1309988","toID":"1309999","formEdgeID":null},{"edgeID":"1720377","fromID":"1309999","toID":"1309980","formEdgeID":null},{"edgeID":"1720378","fromID":"1309993","toID":"1310000","formEdgeID":null},{"edgeID":"1720379","fromID":"1310000","toID":"1309999","formEdgeID":null},{"edgeID":"1720380","fromID":"1309989","toID":"1310001","formEdgeID":null},{"edgeID":"1720381","fromID":"1310001","toID":"1309995","formEdgeID":null},{"edgeID":"1720382","fromID":"1310004","toID":"1310003","formEdgeID":null},{"edgeID":"1720383","fromID":"1310005","toID":"1310004","formEdgeID":null},{"edgeID":"1720384","fromID":"1310003","toID":"1310006","formEdgeID":null},{"edgeID":"1720385","fromID":"1310006","toID":"1310002","formEdgeID":null},{"edgeID":"1720386","fromID":"1309995","toID":"1310007","formEdgeID":null},{"edgeID":"1720387","fromID":"1310007","toID":"1310003","formEdgeID":null},{"edgeID":"1720388","fromID":"1310002","toID":"1310008","formEdgeID":null},{"edgeID":"1720389","fromID":"1310008","toID":"1309994","formEdgeID":null},{"edgeID":"1720390","fromID":"1310007","toID":"1310009","formEdgeID":null},{"edgeID":"1720391","fromID":"1310009","toID":"1310008","formEdgeID":null},{"edgeID":"1720392","fromID":"1309974","toID":"1310010","formEdgeID":null},{"edgeID":"1720393","fromID":"1310010","toID":"1309966","formEdgeID":null},{"edgeID":"1720394","fromID":"1309979","toID":"1310011","formEdgeID":null},{"edgeID":"1720395","fromID":"1310011","toID":"1310010","formEdgeID":null}],"locutions":[]}