{"nodes":[{"nodeID":"1142772","text":"a lot of people will struggle to move on","type":"I","timestamp":"2023-04-11 20:47:16"},{"nodeID":"1142860","text":"the whole ethos of Westminster needs a complete overhaul","type":"I","timestamp":"2023-04-11 20:48:31"},{"nodeID":"1153224","text":"this is absolutely unprecedented that the Prime Minister of our country has received criminal sanctions for rules that he set during COVID and during lockdown","type":"I","timestamp":"2023-04-21 13:30:32"},{"nodeID":"1153226","text":"there's stories of misogyny and sexual harassment in Westminster","type":"I","timestamp":"2023-04-21 13:30:34"},{"nodeID":"1153359","text":"the Prime Minister asked the rest of us to follow the rules religiously","type":"I","timestamp":"2023-04-21 13:31:33"},{"nodeID":"1153364","text":"we followed the rules because we wanted to protect others","type":"I","timestamp":"2023-04-21 13:31:36"},{"nodeID":"1153369","text":"Louise Haigh understands the intention and the want to move on from this and focus on the issues that really matter","type":"I","timestamp":"2023-04-21 13:31:38"},{"nodeID":"1153376","text":"the terrible sacrifices that people were asked to make whilst politicians, frankly, were breaking rules with impunity","type":"I","timestamp":"2023-04-21 13:31:43"},{"nodeID":"1153380","text":"AudienceMember 20220505QT22's issue is just Westminster as a whole","type":"I","timestamp":"2023-04-21 13:31:46"},{"nodeID":"1153385","text":"the stories that are coming out, it sounds as if Westminster is a gentleman only club","type":"I","timestamp":"2023-04-21 13:31:49"},{"nodeID":"1153390","text":"Westminster does not need eight subsidised bars in the workplace","type":"I","timestamp":"2023-04-21 13:31:51"},{"nodeID":"1153395","text":"politicians work late","type":"I","timestamp":"2023-04-21 13:31:54"},{"nodeID":"1153400","text":"politicians do not really need eight subsidised bars","type":"I","timestamp":"2023-04-21 13:31:56"},{"nodeID":"1153405","text":"AudienceMember 20220505QT22 really does not think politicians need eight subsidised bars","type":"I","timestamp":"2023-04-21 13:31:59"},{"nodeID":"1153413","text":"stories of misogyny and sexual harassment are not a good example to encourage women and people in minorities to go into politics","type":"I","timestamp":"2023-04-21 13:32:05"},{"nodeID":"1311753","text":"Louise Haigh: This is absolutely unprecedented that the Prime Minister of our country has received criminal sanctions for rules that he set during COVID and during lockdown","type":"L","timestamp":"2023-11-09 13:11:54"},{"nodeID":"1311754","text":"Analysing","type":"YA","timestamp":"2023-11-09 13:11:54"},{"nodeID":"1311755","text":"Calum: Louise Haigh: This is absolutely unprecedented that the Prime Minister of our country has received criminal sanctions for rules that he set during COVID and during lockdown","type":"L","timestamp":"2023-11-09 13:11:54"},{"nodeID":"1311756","text":"Asserting","type":"YA","timestamp":"2023-11-09 13:11:54"},{"nodeID":"1311757","text":"Louise Haigh: asked the rest of us to follow religiously","type":"L","timestamp":"2023-11-09 13:11:54"},{"nodeID":"1311758","text":"Analysing","type":"YA","timestamp":"2023-11-09 13:11:54"},{"nodeID":"1311759","text":"Calum: Louise Haigh: asked the rest of us to follow religiously","type":"L","timestamp":"2023-11-09 13:11:54"},{"nodeID":"1311760","text":"Asserting","type":"YA","timestamp":"2023-11-09 13:11:54"},{"nodeID":"1311761","text":"Louise Haigh: we did because we wanted to protect others","type":"L","timestamp":"2023-11-09 13:11:55"},{"nodeID":"1311762","text":"Analysing","type":"YA","timestamp":"2023-11-09 13:11:55"},{"nodeID":"1311763","text":"Calum: Louise Haigh: we did because we wanted to protect others","type":"L","timestamp":"2023-11-09 13:11:55"},{"nodeID":"1311764","text":"Asserting","type":"YA","timestamp":"2023-11-09 13:11:55"},{"nodeID":"1311765","text":"Louise Haigh: I understand the intention and the want to move on from this and focus on the issues that really matter","type":"L","timestamp":"2023-11-09 13:11:56"},{"nodeID":"1311766","text":"Analysing","type":"YA","timestamp":"2023-11-09 13:11:56"},{"nodeID":"1311767","text":"Calum: Louise Haigh: I understand the intention and the want to move on from this and focus on the issues that really matter","type":"L","timestamp":"2023-11-09 13:11:56"},{"nodeID":"1311768","text":"Asserting","type":"YA","timestamp":"2023-11-09 13:11:56"},{"nodeID":"1311769","text":"Louise Haigh: a lot of people will struggle to move on","type":"L","timestamp":"2023-11-09 13:11:56"},{"nodeID":"1311770","text":"Analysing","type":"YA","timestamp":"2023-11-09 13:11:56"},{"nodeID":"1311771","text":"Calum: Louise Haigh: a lot of people will struggle to move on","type":"L","timestamp":"2023-11-09 13:11:56"},{"nodeID":"1311772","text":"Asserting","type":"YA","timestamp":"2023-11-09 13:11:56"},{"nodeID":"1311773","text":"Louise Haigh: the terrible sacrifices that they were asked to make whilst politicians, frankly, were breaking them with impunity","type":"L","timestamp":"2023-11-09 13:11:57"},{"nodeID":"1311774","text":"Analysing","type":"YA","timestamp":"2023-11-09 13:11:57"},{"nodeID":"1311775","text":"Calum: Louise Haigh: the terrible sacrifices that they were asked to make whilst politicians, frankly, were breaking them with impunity","type":"L","timestamp":"2023-11-09 13:11:57"},{"nodeID":"1311776","text":"Asserting","type":"YA","timestamp":"2023-11-09 13:11:57"},{"nodeID":"1311777","text":"AudienceMember 20220512QT22: my issue is just Westminster as a whole","type":"L","timestamp":"2023-11-09 13:11:58"},{"nodeID":"1311778","text":"Analysing","type":"YA","timestamp":"2023-11-09 13:11:58"},{"nodeID":"1311779","text":"Calum: AudienceMember 20220512QT22: my issue is just Westminster as a whole","type":"L","timestamp":"2023-11-09 13:11:58"},{"nodeID":"1311780","text":"Asserting","type":"YA","timestamp":"2023-11-09 13:11:58"},{"nodeID":"1311781","text":"AudienceMember 20220512QT22: the stories that are coming out, it sounds as if it's a gentleman only club","type":"L","timestamp":"2023-11-09 13:11:58"},{"nodeID":"1311782","text":"Analysing","type":"YA","timestamp":"2023-11-09 13:11:58"},{"nodeID":"1311783","text":"Calum: AudienceMember 20220512QT22: the stories that are coming out, it sounds as if it's a gentleman only club","type":"L","timestamp":"2023-11-09 13:11:58"},{"nodeID":"1311784","text":"Asserting","type":"YA","timestamp":"2023-11-09 13:11:58"},{"nodeID":"1311785","text":"AudienceMember 20220512QT22: Why do they need eight subsidised bars in the workplace","type":"L","timestamp":"2023-11-09 13:11:59"},{"nodeID":"1311786","text":"Analysing","type":"YA","timestamp":"2023-11-09 13:11:59"},{"nodeID":"1311787","text":"Calum: AudienceMember 20220512QT22: Why do they need eight subsidised bars in the workplace","type":"L","timestamp":"2023-11-09 13:11:59"},{"nodeID":"1311788","text":"Assertive Questioning","type":"YA","timestamp":"2023-11-09 13:11:59"},{"nodeID":"1311789","text":"AudienceMember 20220512QT22: they work late","type":"L","timestamp":"2023-11-09 13:11:59"},{"nodeID":"1311790","text":"Analysing","type":"YA","timestamp":"2023-11-09 13:11:59"},{"nodeID":"1311791","text":"Calum: AudienceMember 20220512QT22: they work late","type":"L","timestamp":"2023-11-09 13:11:59"},{"nodeID":"1311792","text":"Asserting","type":"YA","timestamp":"2023-11-09 13:11:59"},{"nodeID":"1311793","text":"AudienceMember 20220512QT22: Do they really need eight subsidised bars","type":"L","timestamp":"2023-11-09 13:12:00"},{"nodeID":"1311794","text":"Analysing","type":"YA","timestamp":"2023-11-09 13:12:00"},{"nodeID":"1311795","text":"Calum: AudienceMember 20220512QT22: Do they really need eight subsidised bars","type":"L","timestamp":"2023-11-09 13:12:00"},{"nodeID":"1311796","text":"Assertive Questioning","type":"YA","timestamp":"2023-11-09 13:12:00"},{"nodeID":"1311797","text":"AudienceMember 20220512QT22:  I really don't think so","type":"L","timestamp":"2023-11-09 13:12:01"},{"nodeID":"1311798","text":"Analysing","type":"YA","timestamp":"2023-11-09 13:12:01"},{"nodeID":"1311799","text":"Calum: AudienceMember 20220512QT22:  I really don't think so","type":"L","timestamp":"2023-11-09 13:12:01"},{"nodeID":"1311800","text":"Asserting","type":"YA","timestamp":"2023-11-09 13:12:01"},{"nodeID":"1311801","text":"AudienceMember 20220512QT22: There's stories of misogyny and sexual harassment","type":"L","timestamp":"2023-11-09 13:12:01"},{"nodeID":"1311802","text":"Analysing","type":"YA","timestamp":"2023-11-09 13:12:01"},{"nodeID":"1311803","text":"Calum: AudienceMember 20220512QT22: There's stories of misogyny and sexual harassment","type":"L","timestamp":"2023-11-09 13:12:01"},{"nodeID":"1311804","text":"Asserting","type":"YA","timestamp":"2023-11-09 13:12:01"},{"nodeID":"1311805","text":"AudienceMember 20220512QT22: It isn't a good example to encourage women and people in minorities to go into politics","type":"L","timestamp":"2023-11-09 13:12:02"},{"nodeID":"1311806","text":"Analysing","type":"YA","timestamp":"2023-11-09 13:12:02"},{"nodeID":"1311807","text":"Calum: AudienceMember 20220512QT22: It isn't a good example to encourage women and people in minorities to go into politics","type":"L","timestamp":"2023-11-09 13:12:02"},{"nodeID":"1311808","text":"Asserting","type":"YA","timestamp":"2023-11-09 13:12:02"},{"nodeID":"1311809","text":"AudienceMember 20220512QT22: the whole ethos of Westminster needs a complete overhaul","type":"L","timestamp":"2023-11-09 13:12:03"},{"nodeID":"1311810","text":"Analysing","type":"YA","timestamp":"2023-11-09 13:12:03"},{"nodeID":"1311811","text":"Calum: AudienceMember 20220512QT22: the whole ethos of Westminster needs a complete overhaul","type":"L","timestamp":"2023-11-09 13:12:03"},{"nodeID":"1311812","text":"Asserting","type":"YA","timestamp":"2023-11-09 13:12:03"},{"nodeID":"1311813","text":"Default Transition","type":"TA","timestamp":"2023-11-09 13:12:03"},{"nodeID":"1311814","text":"Default Inference","type":"RA","timestamp":"2023-11-09 13:12:03"},{"nodeID":"1311815","text":"Arguing","type":"YA","timestamp":"2023-11-09 13:12:03"},{"nodeID":"1311816","text":"Default Transition","type":"TA","timestamp":"2023-11-09 13:12:03"},{"nodeID":"1311817","text":"Default Transition","type":"TA","timestamp":"2023-11-09 13:12:03"},{"nodeID":"1311818","text":"Default Transition","type":"TA","timestamp":"2023-11-09 13:12:03"},{"nodeID":"1311819","text":"Default Conflict","type":"CA","timestamp":"2023-11-09 13:12:03"},{"nodeID":"1311820","text":"Disagreeing","type":"YA","timestamp":"2023-11-09 13:12:03"},{"nodeID":"1311821","text":"Default Transition","type":"TA","timestamp":"2023-11-09 13:12:03"},{"nodeID":"1311822","text":"Default Inference","type":"RA","timestamp":"2023-11-09 13:12:03"},{"nodeID":"1311823","text":"Arguing","type":"YA","timestamp":"2023-11-09 13:12:03"},{"nodeID":"1311824","text":"Default Transition","type":"TA","timestamp":"2023-11-09 13:12:03"},{"nodeID":"1311825","text":"Default Transition","type":"TA","timestamp":"2023-11-09 13:12:03"},{"nodeID":"1311826","text":"Default Transition","type":"TA","timestamp":"2023-11-09 13:12:03"},{"nodeID":"1311827","text":"Default Inference","type":"RA","timestamp":"2023-11-09 13:12:03"},{"nodeID":"1311828","text":"Default Illocuting","type":"YA","timestamp":"2023-11-09 13:12:03"},{"nodeID":"1311829","text":"Default Transition","type":"TA","timestamp":"2023-11-09 13:12:03"},{"nodeID":"1311830","text":"Default Conflict","type":"CA","timestamp":"2023-11-09 13:12:03"},{"nodeID":"1311831","text":"Disagreeing","type":"YA","timestamp":"2023-11-09 13:12:03"},{"nodeID":"1311832","text":"Default Transition","type":"TA","timestamp":"2023-11-09 13:12:03"},{"nodeID":"1311833","text":"Default Rephrase","type":"MA","timestamp":"2023-11-09 13:12:03"},{"nodeID":"1311834","text":"Restating","type":"YA","timestamp":"2023-11-09 13:12:03"},{"nodeID":"1311835","text":"Default Transition","type":"TA","timestamp":"2023-11-09 13:12:03"},{"nodeID":"1311836","text":"Default Inference","type":"RA","timestamp":"2023-11-09 13:12:03"},{"nodeID":"1311837","text":"Default Transition","type":"TA","timestamp":"2023-11-09 13:12:03"},{"nodeID":"1311838","text":"Default Transition","type":"TA","timestamp":"2023-11-09 13:12:03"},{"nodeID":"1311839","text":"Default Transition","type":"TA","timestamp":"2023-11-09 13:12:03"},{"nodeID":"1311840","text":"Default Rephrase","type":"MA","timestamp":"2023-11-09 13:12:03"},{"nodeID":"1311841","text":"Restating","type":"YA","timestamp":"2023-11-09 13:12:03"},{"nodeID":"1311842","text":"Default Inference","type":"RA","timestamp":"2023-11-09 13:12:03"},{"nodeID":"1311843","text":"Arguing","type":"YA","timestamp":"2023-11-09 13:12:03"},{"nodeID":"1311844","text":"Arguing","type":"YA","timestamp":"2023-11-09 13:12:03"}],"edges":[{"edgeID":"1722480","fromID":"1311754","toID":"1311753","formEdgeID":null},{"edgeID":"1722481","fromID":"1311755","toID":"1311754","formEdgeID":null},{"edgeID":"1722482","fromID":"1311753","toID":"1311756","formEdgeID":null},{"edgeID":"1722483","fromID":"1311756","toID":"1153224","formEdgeID":null},{"edgeID":"1722484","fromID":"1311758","toID":"1311757","formEdgeID":null},{"edgeID":"1722485","fromID":"1311759","toID":"1311758","formEdgeID":null},{"edgeID":"1722486","fromID":"1311757","toID":"1311760","formEdgeID":null},{"edgeID":"1722487","fromID":"1311760","toID":"1153359","formEdgeID":null},{"edgeID":"1722488","fromID":"1311762","toID":"1311761","formEdgeID":null},{"edgeID":"1722489","fromID":"1311763","toID":"1311762","formEdgeID":null},{"edgeID":"1722490","fromID":"1311761","toID":"1311764","formEdgeID":null},{"edgeID":"1722491","fromID":"1311764","toID":"1153364","formEdgeID":null},{"edgeID":"1722492","fromID":"1311766","toID":"1311765","formEdgeID":null},{"edgeID":"1722493","fromID":"1311767","toID":"1311766","formEdgeID":null},{"edgeID":"1722494","fromID":"1311765","toID":"1311768","formEdgeID":null},{"edgeID":"1722495","fromID":"1311768","toID":"1153369","formEdgeID":null},{"edgeID":"1722496","fromID":"1311770","toID":"1311769","formEdgeID":null},{"edgeID":"1722497","fromID":"1311771","toID":"1311770","formEdgeID":null},{"edgeID":"1722498","fromID":"1311769","toID":"1311772","formEdgeID":null},{"edgeID":"1722499","fromID":"1311772","toID":"1142772","formEdgeID":null},{"edgeID":"1722500","fromID":"1311774","toID":"1311773","formEdgeID":null},{"edgeID":"1722501","fromID":"1311775","toID":"1311774","formEdgeID":null},{"edgeID":"1722502","fromID":"1311773","toID":"1311776","formEdgeID":null},{"edgeID":"1722503","fromID":"1311776","toID":"1153376","formEdgeID":null},{"edgeID":"1722504","fromID":"1311778","toID":"1311777","formEdgeID":null},{"edgeID":"1722505","fromID":"1311779","toID":"1311778","formEdgeID":null},{"edgeID":"1722506","fromID":"1311777","toID":"1311780","formEdgeID":null},{"edgeID":"1722507","fromID":"1311780","toID":"1153380","formEdgeID":null},{"edgeID":"1722508","fromID":"1311782","toID":"1311781","formEdgeID":null},{"edgeID":"1722509","fromID":"1311783","toID":"1311782","formEdgeID":null},{"edgeID":"1722510","fromID":"1311781","toID":"1311784","formEdgeID":null},{"edgeID":"1722511","fromID":"1311784","toID":"1153385","formEdgeID":null},{"edgeID":"1722512","fromID":"1311786","toID":"1311785","formEdgeID":null},{"edgeID":"1722513","fromID":"1311787","toID":"1311786","formEdgeID":null},{"edgeID":"1722514","fromID":"1311785","toID":"1311788","formEdgeID":null},{"edgeID":"1722515","fromID":"1311788","toID":"1153390","formEdgeID":null},{"edgeID":"1722516","fromID":"1311790","toID":"1311789","formEdgeID":null},{"edgeID":"1722517","fromID":"1311791","toID":"1311790","formEdgeID":null},{"edgeID":"1722518","fromID":"1311789","toID":"1311792","formEdgeID":null},{"edgeID":"1722519","fromID":"1311792","toID":"1153395","formEdgeID":null},{"edgeID":"1722520","fromID":"1311794","toID":"1311793","formEdgeID":null},{"edgeID":"1722521","fromID":"1311795","toID":"1311794","formEdgeID":null},{"edgeID":"1722522","fromID":"1311793","toID":"1311796","formEdgeID":null},{"edgeID":"1722523","fromID":"1311796","toID":"1153400","formEdgeID":null},{"edgeID":"1722524","fromID":"1311798","toID":"1311797","formEdgeID":null},{"edgeID":"1722525","fromID":"1311799","toID":"1311798","formEdgeID":null},{"edgeID":"1722526","fromID":"1311797","toID":"1311800","formEdgeID":null},{"edgeID":"1722527","fromID":"1311800","toID":"1153405","formEdgeID":null},{"edgeID":"1722528","fromID":"1311802","toID":"1311801","formEdgeID":null},{"edgeID":"1722529","fromID":"1311803","toID":"1311802","formEdgeID":null},{"edgeID":"1722530","fromID":"1311801","toID":"1311804","formEdgeID":null},{"edgeID":"1722531","fromID":"1311804","toID":"1153226","formEdgeID":null},{"edgeID":"1722532","fromID":"1311806","toID":"1311805","formEdgeID":null},{"edgeID":"1722533","fromID":"1311807","toID":"1311806","formEdgeID":null},{"edgeID":"1722534","fromID":"1311805","toID":"1311808","formEdgeID":null},{"edgeID":"1722535","fromID":"1311808","toID":"1153413","formEdgeID":null},{"edgeID":"1722536","fromID":"1311810","toID":"1311809","formEdgeID":null},{"edgeID":"1722537","fromID":"1311811","toID":"1311810","formEdgeID":null},{"edgeID":"1722538","fromID":"1311809","toID":"1311812","formEdgeID":null},{"edgeID":"1722539","fromID":"1311812","toID":"1142860","formEdgeID":null},{"edgeID":"1722540","fromID":"1311753","toID":"1311813","formEdgeID":null},{"edgeID":"1722541","fromID":"1311813","toID":"1311757","formEdgeID":null},{"edgeID":"1722542","fromID":"1153359","toID":"1311814","formEdgeID":null},{"edgeID":"1722543","fromID":"1311814","toID":"1153224","formEdgeID":null},{"edgeID":"1722544","fromID":"1311813","toID":"1311815","formEdgeID":null},{"edgeID":"1722545","fromID":"1311815","toID":"1311814","formEdgeID":null},{"edgeID":"1722546","fromID":"1311757","toID":"1311816","formEdgeID":null},{"edgeID":"1722547","fromID":"1311816","toID":"1311761","formEdgeID":null},{"edgeID":"1722548","fromID":"1311761","toID":"1311817","formEdgeID":null},{"edgeID":"1722549","fromID":"1311817","toID":"1311765","formEdgeID":null},{"edgeID":"1722550","fromID":"1311765","toID":"1311818","formEdgeID":null},{"edgeID":"1722551","fromID":"1311818","toID":"1311769","formEdgeID":null},{"edgeID":"1722552","fromID":"1142772","toID":"1311819","formEdgeID":null},{"edgeID":"1722553","fromID":"1311819","toID":"1153369","formEdgeID":null},{"edgeID":"1722554","fromID":"1311818","toID":"1311820","formEdgeID":null},{"edgeID":"1722555","fromID":"1311820","toID":"1311819","formEdgeID":null},{"edgeID":"1722556","fromID":"1311769","toID":"1311821","formEdgeID":null},{"edgeID":"1722557","fromID":"1311821","toID":"1311773","formEdgeID":null},{"edgeID":"1722558","fromID":"1153376","toID":"1311822","formEdgeID":null},{"edgeID":"1722559","fromID":"1311822","toID":"1142772","formEdgeID":null},{"edgeID":"1722560","fromID":"1311821","toID":"1311823","formEdgeID":null},{"edgeID":"1722561","fromID":"1311823","toID":"1311822","formEdgeID":null},{"edgeID":"1722562","fromID":"1311773","toID":"1311824","formEdgeID":null},{"edgeID":"1722563","fromID":"1311824","toID":"1311777","formEdgeID":null},{"edgeID":"1722564","fromID":"1311777","toID":"1311825","formEdgeID":null},{"edgeID":"1722565","fromID":"1311825","toID":"1311781","formEdgeID":null},{"edgeID":"1722566","fromID":"1311785","toID":"1311826","formEdgeID":null},{"edgeID":"1722567","fromID":"1311826","toID":"1311789","formEdgeID":null},{"edgeID":"1722568","fromID":"1153395","toID":"1311827","formEdgeID":null},{"edgeID":"1722569","fromID":"1311827","toID":"1153390","formEdgeID":null},{"edgeID":"1722570","fromID":"1311826","toID":"1311828","formEdgeID":null},{"edgeID":"1722571","fromID":"1311828","toID":"1311827","formEdgeID":null},{"edgeID":"1722572","fromID":"1311789","toID":"1311829","formEdgeID":null},{"edgeID":"1722573","fromID":"1311829","toID":"1311793","formEdgeID":null},{"edgeID":"1722574","fromID":"1153400","toID":"1311830","formEdgeID":null},{"edgeID":"1722575","fromID":"1311830","toID":"1153395","formEdgeID":null},{"edgeID":"1722576","fromID":"1311829","toID":"1311831","formEdgeID":null},{"edgeID":"1722577","fromID":"1311831","toID":"1311830","formEdgeID":null},{"edgeID":"1722578","fromID":"1311793","toID":"1311832","formEdgeID":null},{"edgeID":"1722579","fromID":"1311832","toID":"1311797","formEdgeID":null},{"edgeID":"1722580","fromID":"1153405","toID":"1311833","formEdgeID":null},{"edgeID":"1722581","fromID":"1311833","toID":"1153400","formEdgeID":null},{"edgeID":"1722582","fromID":"1311832","toID":"1311834","formEdgeID":null},{"edgeID":"1722583","fromID":"1311834","toID":"1311833","formEdgeID":null},{"edgeID":"1722584","fromID":"1311777","toID":"1311835","formEdgeID":null},{"edgeID":"1722585","fromID":"1311835","toID":"1311797","formEdgeID":null},{"edgeID":"1722586","fromID":"1153385","toID":"1311836","formEdgeID":null},{"edgeID":"1722587","fromID":"1311836","toID":"1153380","formEdgeID":null},{"edgeID":"1722588","fromID":"1153405","toID":"1311836","formEdgeID":null},{"edgeID":"1722589","fromID":"1153226","toID":"1311836","formEdgeID":null},{"edgeID":"1722590","fromID":"1311781","toID":"1311837","formEdgeID":null},{"edgeID":"1722591","fromID":"1311837","toID":"1311801","formEdgeID":null},{"edgeID":"1722592","fromID":"1311801","toID":"1311838","formEdgeID":null},{"edgeID":"1722593","fromID":"1311838","toID":"1311805","formEdgeID":null},{"edgeID":"1722594","fromID":"1311777","toID":"1311839","formEdgeID":null},{"edgeID":"1722595","fromID":"1311839","toID":"1311809","formEdgeID":null},{"edgeID":"1722596","fromID":"1142860","toID":"1311840","formEdgeID":null},{"edgeID":"1722597","fromID":"1311840","toID":"1153380","formEdgeID":null},{"edgeID":"1722598","fromID":"1311839","toID":"1311841","formEdgeID":null},{"edgeID":"1722599","fromID":"1311841","toID":"1311840","formEdgeID":null},{"edgeID":"1722600","fromID":"1153226","toID":"1311842","formEdgeID":null},{"edgeID":"1722601","fromID":"1311842","toID":"1153413","formEdgeID":null},{"edgeID":"1722602","fromID":"1311838","toID":"1311843","formEdgeID":null},{"edgeID":"1722603","fromID":"1311843","toID":"1311842","formEdgeID":null},{"edgeID":"1722604","fromID":"1311837","toID":"1311844","formEdgeID":null},{"edgeID":"1722605","fromID":"1311844","toID":"1311836","formEdgeID":null}],"locutions":[]}