{"nodes":[{"nodeID":"1142941","text":"Damian Green resigned over a press release","type":"I","timestamp":"2023-04-11 20:49:51"},{"nodeID":"1142946","text":"the culture is changing","type":"I","timestamp":"2023-04-11 20:50:00"},{"nodeID":"1142952","text":"the culture is changing much too slowly","type":"I","timestamp":"2023-04-11 20:50:07"},{"nodeID":"1143028","text":"we actually have set up a proper investigation and complaints unit","type":"I","timestamp":"2023-04-11 20:51:22"},{"nodeID":"1312478","text":"Damian Green:  I resigned over a press release","type":"L","timestamp":"2023-11-09 13:13:01"},{"nodeID":"1312479","text":"Analysing","type":"YA","timestamp":"2023-11-09 13:13:01"},{"nodeID":"1312480","text":"Fyfe: Damian Green:  I resigned over a press release","type":"L","timestamp":"2023-11-09 13:13:01"},{"nodeID":"1312481","text":"Asserting","type":"YA","timestamp":"2023-11-09 13:13:01"},{"nodeID":"1312482","text":"Damian Green: the culture is changing","type":"L","timestamp":"2023-11-09 13:13:01"},{"nodeID":"1312483","text":"Analysing","type":"YA","timestamp":"2023-11-09 13:13:01"},{"nodeID":"1312484","text":"Fyfe: Damian Green: the culture is changing","type":"L","timestamp":"2023-11-09 13:13:01"},{"nodeID":"1312485","text":"Asserting","type":"YA","timestamp":"2023-11-09 13:13:01"},{"nodeID":"1312486","text":"Damian Green:  much too slowly","type":"L","timestamp":"2023-11-09 13:13:02"},{"nodeID":"1312487","text":"Analysing","type":"YA","timestamp":"2023-11-09 13:13:02"},{"nodeID":"1312488","text":"Fyfe: Damian Green:  much too slowly","type":"L","timestamp":"2023-11-09 13:13:02"},{"nodeID":"1312489","text":"Asserting","type":"YA","timestamp":"2023-11-09 13:13:02"},{"nodeID":"1312490","text":"Default Transition","type":"TA","timestamp":"2023-11-09 13:13:02"},{"nodeID":"1312491","text":"Default Transition","type":"TA","timestamp":"2023-11-09 13:13:02"},{"nodeID":"1312492","text":"Default Conflict","type":"CA","timestamp":"2023-11-09 13:13:02"},{"nodeID":"1312493","text":"Disagreeing","type":"YA","timestamp":"2023-11-09 13:13:02"},{"nodeID":"1312494","text":"Anne-Marie Trevelyan being pinned up against a wall by a former MP is completely, utterly unacceptable and it shouldn't go on","type":"I","timestamp":"2023-11-09 13:13:02"},{"nodeID":"1312495","text":"Damian Green:  that's completely, utterly unacceptable and it shouldn't go on","type":"L","timestamp":"2023-11-09 13:13:02"},{"nodeID":"1312496","text":"Analysing","type":"YA","timestamp":"2023-11-09 13:13:02"},{"nodeID":"1312497","text":"Fyfe: Damian Green:  that's completely, utterly unacceptable and it shouldn't go on","type":"L","timestamp":"2023-11-09 13:13:02"},{"nodeID":"1312498","text":"Asserting","type":"YA","timestamp":"2023-11-09 13:13:02"},{"nodeID":"1312499","text":"the terrifying thing is sexual harassment was worse when Damian Green first became an MP 25 years ago","type":"I","timestamp":"2023-11-09 13:13:03"},{"nodeID":"1312500","text":"Damian Green: The terrifying thing is it was worse when I first became an MP 25 years ago","type":"L","timestamp":"2023-11-09 13:13:03"},{"nodeID":"1312501","text":"Analysing","type":"YA","timestamp":"2023-11-09 13:13:03"},{"nodeID":"1312502","text":"Fyfe: Damian Green: The terrifying thing is it was worse when I first became an MP 25 years ago","type":"L","timestamp":"2023-11-09 13:13:03"},{"nodeID":"1312503","text":"Asserting","type":"YA","timestamp":"2023-11-09 13:13:03"},{"nodeID":"1312504","text":"Default Transition","type":"TA","timestamp":"2023-11-09 13:13:03"},{"nodeID":"1312505","text":"the reason sexual harassment feels worse now is in a sense a good thing","type":"I","timestamp":"2023-11-09 13:13:04"},{"nodeID":"1312506","text":"Damian Green:  the reason it feels worse now is in a sense a good thing","type":"L","timestamp":"2023-11-09 13:13:04"},{"nodeID":"1312507","text":"Analysing","type":"YA","timestamp":"2023-11-09 13:13:04"},{"nodeID":"1312508","text":"Fyfe: Damian Green:  the reason it feels worse now is in a sense a good thing","type":"L","timestamp":"2023-11-09 13:13:04"},{"nodeID":"1312509","text":"Asserting","type":"YA","timestamp":"2023-11-09 13:13:04"},{"nodeID":"1312510","text":"Default Transition","type":"TA","timestamp":"2023-11-09 13:13:04"},{"nodeID":"1312511","text":"unlike 25 years ago sexual harassment is getting exposed and it'll get stopped, we're now much more transparent about it","type":"I","timestamp":"2023-11-09 13:13:04"},{"nodeID":"1312512","text":"Damian Green: it's getting exposed and it'll get stopped, is that we're now much more transparent about it","type":"L","timestamp":"2023-11-09 13:13:04"},{"nodeID":"1312513","text":"Analysing","type":"YA","timestamp":"2023-11-09 13:13:04"},{"nodeID":"1312514","text":"Fyfe: Damian Green: it's getting exposed and it'll get stopped, is that we're now much more transparent about it","type":"L","timestamp":"2023-11-09 13:13:04"},{"nodeID":"1312515","text":"Asserting","type":"YA","timestamp":"2023-11-09 13:13:04"},{"nodeID":"1312516","text":"Default Transition","type":"TA","timestamp":"2023-11-09 13:13:04"},{"nodeID":"1312517","text":"Damian Green: We actually have set up a proper investigation and complaints unit","type":"L","timestamp":"2023-11-09 13:13:05"},{"nodeID":"1312518","text":"Analysing","type":"YA","timestamp":"2023-11-09 13:13:05"},{"nodeID":"1312519","text":"Fyfe: Damian Green: We actually have set up a proper investigation and complaints unit","type":"L","timestamp":"2023-11-09 13:13:05"},{"nodeID":"1312520","text":"Asserting","type":"YA","timestamp":"2023-11-09 13:13:05"},{"nodeID":"1312521","text":"Default Transition","type":"TA","timestamp":"2023-11-09 13:13:05"},{"nodeID":"1312522","text":"20 years ago all of this would be going on and nobody would know about it","type":"I","timestamp":"2023-11-09 13:13:05"},{"nodeID":"1312523","text":"Damian Green: 20 years ago all of this would be going on and nobody would know about it","type":"L","timestamp":"2023-11-09 13:13:05"},{"nodeID":"1312524","text":"Analysing","type":"YA","timestamp":"2023-11-09 13:13:05"},{"nodeID":"1312525","text":"Fyfe: Damian Green: 20 years ago all of this would be going on and nobody would know about it","type":"L","timestamp":"2023-11-09 13:13:05"},{"nodeID":"1312526","text":"Asserting","type":"YA","timestamp":"2023-11-09 13:13:05"},{"nodeID":"1312527","text":"Default Transition","type":"TA","timestamp":"2023-11-09 13:13:05"},{"nodeID":"1312528","text":"the journalists were part of the inner circle and they wouldn't report sexual harassment","type":"I","timestamp":"2023-11-09 13:13:06"},{"nodeID":"1312529","text":"Damian Green:  the journalists were part of the inner circle and they wouldn't report it","type":"L","timestamp":"2023-11-09 13:13:06"},{"nodeID":"1312530","text":"Analysing","type":"YA","timestamp":"2023-11-09 13:13:06"},{"nodeID":"1312531","text":"Fyfe: Damian Green:  the journalists were part of the inner circle and they wouldn't report it","type":"L","timestamp":"2023-11-09 13:13:06"},{"nodeID":"1312532","text":"Asserting","type":"YA","timestamp":"2023-11-09 13:13:06"},{"nodeID":"1312533","text":"Default Transition","type":"TA","timestamp":"2023-11-09 13:13:06"},{"nodeID":"1312534","text":"unlike 20 years ago now journalists are doing their job","type":"I","timestamp":"2023-11-09 13:13:07"},{"nodeID":"1312535","text":"Damian Green: now they're doing their job","type":"L","timestamp":"2023-11-09 13:13:07"},{"nodeID":"1312536","text":"Analysing","type":"YA","timestamp":"2023-11-09 13:13:07"},{"nodeID":"1312537","text":"Fyfe: Damian Green: now they're doing their job","type":"L","timestamp":"2023-11-09 13:13:07"},{"nodeID":"1312538","text":"Asserting","type":"YA","timestamp":"2023-11-09 13:13:07"},{"nodeID":"1312539","text":"Default Transition","type":"TA","timestamp":"2023-11-09 13:13:07"},{"nodeID":"1312540","text":"lobby correspondents are doing their job better","type":"I","timestamp":"2023-11-09 13:13:07"},{"nodeID":"1312541","text":"Damian Green: lobby correspondents are doing their job better","type":"L","timestamp":"2023-11-09 13:13:07"},{"nodeID":"1312542","text":"Analysing","type":"YA","timestamp":"2023-11-09 13:13:07"},{"nodeID":"1312543","text":"Fyfe: Damian Green: lobby correspondents are doing their job better","type":"L","timestamp":"2023-11-09 13:13:07"},{"nodeID":"1312544","text":"Asserting","type":"YA","timestamp":"2023-11-09 13:13:07"},{"nodeID":"1312545","text":"lobby correspondents are doing their jobs better as they don't participate in a sort of cover up of Governmental sexual harassment","type":"I","timestamp":"2023-11-09 13:13:08"},{"nodeID":"1312546","text":"Damian Green:  They don't participate in a sort of cover up","type":"L","timestamp":"2023-11-09 13:13:08"},{"nodeID":"1312547","text":"Analysing","type":"YA","timestamp":"2023-11-09 13:13:08"},{"nodeID":"1312548","text":"Fyfe: Damian Green:  They don't participate in a sort of cover up","type":"L","timestamp":"2023-11-09 13:13:08"},{"nodeID":"1312549","text":"Asserting","type":"YA","timestamp":"2023-11-09 13:13:08"},{"nodeID":"1312550","text":"Damian Green's overall point is that the improvement of journalists and lobby correspondents in reporting on sexual harassment in parliament reflects society as a whole","type":"I","timestamp":"2023-11-09 13:13:08"},{"nodeID":"1312551","text":"Damian Green: my overall point is that it reflects society as a whole","type":"L","timestamp":"2023-11-09 13:13:08"},{"nodeID":"1312552","text":"Analysing","type":"YA","timestamp":"2023-11-09 13:13:08"},{"nodeID":"1312553","text":"Fyfe: Damian Green: my overall point is that it reflects society as a whole","type":"L","timestamp":"2023-11-09 13:13:08"},{"nodeID":"1312554","text":"Asserting","type":"YA","timestamp":"2023-11-09 13:13:08"},{"nodeID":"1312555","text":"Default Transition","type":"TA","timestamp":"2023-11-09 13:13:08"},{"nodeID":"1312556","text":"Default Transition","type":"TA","timestamp":"2023-11-09 13:13:08"},{"nodeID":"1312557","text":"Default Transition","type":"TA","timestamp":"2023-11-09 13:13:08"},{"nodeID":"1312558","text":"Default Inference","type":"RA","timestamp":"2023-11-09 13:13:08"},{"nodeID":"1312559","text":"Default Inference","type":"RA","timestamp":"2023-11-09 13:13:08"},{"nodeID":"1312560","text":"Default Transition","type":"TA","timestamp":"2023-11-09 13:13:08"},{"nodeID":"1312561","text":"Arguing","type":"YA","timestamp":"2023-11-09 13:13:08"},{"nodeID":"1312562","text":"Arguing","type":"YA","timestamp":"2023-11-09 13:13:08"},{"nodeID":"1312563","text":"Default Rephrase","type":"MA","timestamp":"2023-11-09 13:13:08"},{"nodeID":"1312564","text":"Restating","type":"YA","timestamp":"2023-11-09 13:13:08"},{"nodeID":"1312565","text":"Default Rephrase","type":"MA","timestamp":"2023-11-09 13:13:08"},{"nodeID":"1312566","text":"Restating","type":"YA","timestamp":"2023-11-09 13:13:08"},{"nodeID":"1312567","text":"Default Inference","type":"RA","timestamp":"2023-11-09 13:13:08"},{"nodeID":"1312568","text":"Default Inference","type":"RA","timestamp":"2023-11-09 13:13:08"},{"nodeID":"1312569","text":"Arguing","type":"YA","timestamp":"2023-11-09 13:13:08"},{"nodeID":"1312570","text":"Default Transition","type":"TA","timestamp":"2023-11-09 13:13:08"},{"nodeID":"1312571","text":"Arguing","type":"YA","timestamp":"2023-11-09 13:13:08"},{"nodeID":"1312572","text":"one of the things that wasn't reported hugely was Damian Green's colleague Anne-Marie Trevelyan saying that some man who's no longer an MP had pinned her up against a wall","type":"I","timestamp":"2023-11-09 13:13:09"},{"nodeID":"1312573","text":"Damian Green:  one of the things that wasn't reported hugely which struck me as bad as anything was my colleague Anne-Marie Trevelyan saying that some man who's no longer an MP had pinned her up against a wall","type":"L","timestamp":"2023-11-09 13:13:09"},{"nodeID":"1312574","text":"Ella: Damian Green:  one of the things that wasn't reported hugely which struck me as bad as anything was my colleague Anne-Marie Trevelyan saying that some man who's no longer an MP had pinned her up against a wall","type":"L","timestamp":"2023-11-09 13:13:09"},{"nodeID":"1312575","text":"Analysing","type":"YA","timestamp":"2023-11-09 13:13:09"},{"nodeID":"1312576","text":"Asserting","type":"YA","timestamp":"2023-11-09 13:13:09"},{"nodeID":"1312577","text":"Default Transition","type":"TA","timestamp":"2023-11-09 13:13:09"},{"nodeID":"1312578","text":"Anne-Marie Trevelyan being pinned up against a wall by a former MP struck Damian Green as bad as anything","type":"I","timestamp":"2023-11-09 13:13:10"},{"nodeID":"1312579","text":"Damian Green: which struck me as bad as anything","type":"L","timestamp":"2023-11-09 13:13:10"},{"nodeID":"1312580","text":"Analysing","type":"YA","timestamp":"2023-11-09 13:13:10"},{"nodeID":"1312581","text":"Ella: Damian Green: which struck me as bad as anything","type":"L","timestamp":"2023-11-09 13:13:10"},{"nodeID":"1312582","text":"Asserting","type":"YA","timestamp":"2023-11-09 13:13:10"},{"nodeID":"1312583","text":"Default Transition","type":"TA","timestamp":"2023-11-09 13:13:10"},{"nodeID":"1312584","text":"Default Transition","type":"TA","timestamp":"2023-11-09 13:13:10"},{"nodeID":"1312585","text":"Default Rephrase","type":"MA","timestamp":"2023-11-09 13:13:10"},{"nodeID":"1312586","text":"Default Rephrase","type":"MA","timestamp":"2023-11-09 13:13:10"},{"nodeID":"1312587","text":"Restating","type":"YA","timestamp":"2023-11-09 13:13:10"},{"nodeID":"1312588","text":"Restating","type":"YA","timestamp":"2023-11-09 13:13:10"}],"edges":[{"edgeID":"1723409","fromID":"1312479","toID":"1312478","formEdgeID":null},{"edgeID":"1723410","fromID":"1312480","toID":"1312479","formEdgeID":null},{"edgeID":"1723411","fromID":"1312478","toID":"1312481","formEdgeID":null},{"edgeID":"1723412","fromID":"1312481","toID":"1142941","formEdgeID":null},{"edgeID":"1723413","fromID":"1312483","toID":"1312482","formEdgeID":null},{"edgeID":"1723414","fromID":"1312484","toID":"1312483","formEdgeID":null},{"edgeID":"1723415","fromID":"1312482","toID":"1312485","formEdgeID":null},{"edgeID":"1723416","fromID":"1312485","toID":"1142946","formEdgeID":null},{"edgeID":"1723417","fromID":"1312487","toID":"1312486","formEdgeID":null},{"edgeID":"1723418","fromID":"1312488","toID":"1312487","formEdgeID":null},{"edgeID":"1723419","fromID":"1312486","toID":"1312489","formEdgeID":null},{"edgeID":"1723420","fromID":"1312489","toID":"1142952","formEdgeID":null},{"edgeID":"1723421","fromID":"1312478","toID":"1312490","formEdgeID":null},{"edgeID":"1723422","fromID":"1312490","toID":"1312482","formEdgeID":null},{"edgeID":"1723423","fromID":"1312482","toID":"1312491","formEdgeID":null},{"edgeID":"1723424","fromID":"1312491","toID":"1312486","formEdgeID":null},{"edgeID":"1723425","fromID":"1142952","toID":"1312492","formEdgeID":null},{"edgeID":"1723426","fromID":"1312492","toID":"1142946","formEdgeID":null},{"edgeID":"1723427","fromID":"1312491","toID":"1312493","formEdgeID":null},{"edgeID":"1723428","fromID":"1312493","toID":"1312492","formEdgeID":null},{"edgeID":"1723429","fromID":"1312496","toID":"1312495","formEdgeID":null},{"edgeID":"1723430","fromID":"1312497","toID":"1312496","formEdgeID":null},{"edgeID":"1723431","fromID":"1312495","toID":"1312498","formEdgeID":null},{"edgeID":"1723432","fromID":"1312498","toID":"1312494","formEdgeID":null},{"edgeID":"1723433","fromID":"1312501","toID":"1312500","formEdgeID":null},{"edgeID":"1723434","fromID":"1312502","toID":"1312501","formEdgeID":null},{"edgeID":"1723435","fromID":"1312500","toID":"1312503","formEdgeID":null},{"edgeID":"1723436","fromID":"1312503","toID":"1312499","formEdgeID":null},{"edgeID":"1723437","fromID":"1312495","toID":"1312504","formEdgeID":null},{"edgeID":"1723438","fromID":"1312504","toID":"1312500","formEdgeID":null},{"edgeID":"1723439","fromID":"1312507","toID":"1312506","formEdgeID":null},{"edgeID":"1723440","fromID":"1312508","toID":"1312507","formEdgeID":null},{"edgeID":"1723441","fromID":"1312506","toID":"1312509","formEdgeID":null},{"edgeID":"1723442","fromID":"1312509","toID":"1312505","formEdgeID":null},{"edgeID":"1723443","fromID":"1312500","toID":"1312510","formEdgeID":null},{"edgeID":"1723444","fromID":"1312510","toID":"1312506","formEdgeID":null},{"edgeID":"1723445","fromID":"1312513","toID":"1312512","formEdgeID":null},{"edgeID":"1723446","fromID":"1312514","toID":"1312513","formEdgeID":null},{"edgeID":"1723447","fromID":"1312512","toID":"1312515","formEdgeID":null},{"edgeID":"1723448","fromID":"1312515","toID":"1312511","formEdgeID":null},{"edgeID":"1723449","fromID":"1312506","toID":"1312516","formEdgeID":null},{"edgeID":"1723450","fromID":"1312516","toID":"1312512","formEdgeID":null},{"edgeID":"1723451","fromID":"1312518","toID":"1312517","formEdgeID":null},{"edgeID":"1723452","fromID":"1312519","toID":"1312518","formEdgeID":null},{"edgeID":"1723453","fromID":"1312517","toID":"1312520","formEdgeID":null},{"edgeID":"1723454","fromID":"1312520","toID":"1143028","formEdgeID":null},{"edgeID":"1723455","fromID":"1312512","toID":"1312521","formEdgeID":null},{"edgeID":"1723456","fromID":"1312521","toID":"1312517","formEdgeID":null},{"edgeID":"1723457","fromID":"1312524","toID":"1312523","formEdgeID":null},{"edgeID":"1723458","fromID":"1312525","toID":"1312524","formEdgeID":null},{"edgeID":"1723459","fromID":"1312523","toID":"1312526","formEdgeID":null},{"edgeID":"1723460","fromID":"1312526","toID":"1312522","formEdgeID":null},{"edgeID":"1723461","fromID":"1312517","toID":"1312527","formEdgeID":null},{"edgeID":"1723462","fromID":"1312527","toID":"1312523","formEdgeID":null},{"edgeID":"1723463","fromID":"1312530","toID":"1312529","formEdgeID":null},{"edgeID":"1723464","fromID":"1312531","toID":"1312530","formEdgeID":null},{"edgeID":"1723465","fromID":"1312529","toID":"1312532","formEdgeID":null},{"edgeID":"1723466","fromID":"1312532","toID":"1312528","formEdgeID":null},{"edgeID":"1723467","fromID":"1312523","toID":"1312533","formEdgeID":null},{"edgeID":"1723468","fromID":"1312533","toID":"1312529","formEdgeID":null},{"edgeID":"1723469","fromID":"1312536","toID":"1312535","formEdgeID":null},{"edgeID":"1723470","fromID":"1312537","toID":"1312536","formEdgeID":null},{"edgeID":"1723471","fromID":"1312535","toID":"1312538","formEdgeID":null},{"edgeID":"1723472","fromID":"1312538","toID":"1312534","formEdgeID":null},{"edgeID":"1723473","fromID":"1312529","toID":"1312539","formEdgeID":null},{"edgeID":"1723474","fromID":"1312539","toID":"1312535","formEdgeID":null},{"edgeID":"1723475","fromID":"1312542","toID":"1312541","formEdgeID":null},{"edgeID":"1723476","fromID":"1312543","toID":"1312542","formEdgeID":null},{"edgeID":"1723477","fromID":"1312541","toID":"1312544","formEdgeID":null},{"edgeID":"1723478","fromID":"1312544","toID":"1312540","formEdgeID":null},{"edgeID":"1723479","fromID":"1312547","toID":"1312546","formEdgeID":null},{"edgeID":"1723480","fromID":"1312548","toID":"1312547","formEdgeID":null},{"edgeID":"1723481","fromID":"1312546","toID":"1312549","formEdgeID":null},{"edgeID":"1723482","fromID":"1312549","toID":"1312545","formEdgeID":null},{"edgeID":"1723483","fromID":"1312552","toID":"1312551","formEdgeID":null},{"edgeID":"1723484","fromID":"1312553","toID":"1312552","formEdgeID":null},{"edgeID":"1723485","fromID":"1312551","toID":"1312554","formEdgeID":null},{"edgeID":"1723486","fromID":"1312554","toID":"1312550","formEdgeID":null},{"edgeID":"1723487","fromID":"1312535","toID":"1312555","formEdgeID":null},{"edgeID":"1723488","fromID":"1312555","toID":"1312541","formEdgeID":null},{"edgeID":"1723489","fromID":"1312541","toID":"1312556","formEdgeID":null},{"edgeID":"1723490","fromID":"1312556","toID":"1312546","formEdgeID":null},{"edgeID":"1723491","fromID":"1312546","toID":"1312557","formEdgeID":null},{"edgeID":"1723492","fromID":"1312557","toID":"1312551","formEdgeID":null},{"edgeID":"1723493","fromID":"1312499","toID":"1312558","formEdgeID":null},{"edgeID":"1723494","fromID":"1312558","toID":"1312511","formEdgeID":null},{"edgeID":"1723495","fromID":"1312511","toID":"1312559","formEdgeID":null},{"edgeID":"1723496","fromID":"1312559","toID":"1312505","formEdgeID":null},{"edgeID":"1723497","fromID":"1312500","toID":"1312560","formEdgeID":null},{"edgeID":"1723498","fromID":"1312560","toID":"1312512","formEdgeID":null},{"edgeID":"1723499","fromID":"1312560","toID":"1312561","formEdgeID":null},{"edgeID":"1723500","fromID":"1312561","toID":"1312558","formEdgeID":null},{"edgeID":"1723501","fromID":"1312516","toID":"1312562","formEdgeID":null},{"edgeID":"1723502","fromID":"1312562","toID":"1312559","formEdgeID":null},{"edgeID":"1723503","fromID":"1312545","toID":"1312563","formEdgeID":null},{"edgeID":"1723504","fromID":"1312563","toID":"1312540","formEdgeID":null},{"edgeID":"1723505","fromID":"1312556","toID":"1312564","formEdgeID":null},{"edgeID":"1723506","fromID":"1312564","toID":"1312563","formEdgeID":null},{"edgeID":"1723507","fromID":"1312534","toID":"1312565","formEdgeID":null},{"edgeID":"1723508","fromID":"1312565","toID":"1312528","formEdgeID":null},{"edgeID":"1723509","fromID":"1312539","toID":"1312566","formEdgeID":null},{"edgeID":"1723510","fromID":"1312566","toID":"1312565","formEdgeID":null},{"edgeID":"1723511","fromID":"1312534","toID":"1312567","formEdgeID":null},{"edgeID":"1723512","fromID":"1312567","toID":"1312545","formEdgeID":null},{"edgeID":"1723513","fromID":"1312545","toID":"1312568","formEdgeID":null},{"edgeID":"1723514","fromID":"1312568","toID":"1312550","formEdgeID":null},{"edgeID":"1723515","fromID":"1312557","toID":"1312569","formEdgeID":null},{"edgeID":"1723516","fromID":"1312569","toID":"1312568","formEdgeID":null},{"edgeID":"1723517","fromID":"1312535","toID":"1312570","formEdgeID":null},{"edgeID":"1723518","fromID":"1312570","toID":"1312546","formEdgeID":null},{"edgeID":"1723519","fromID":"1312570","toID":"1312571","formEdgeID":null},{"edgeID":"1723520","fromID":"1312571","toID":"1312567","formEdgeID":null},{"edgeID":"1723521","fromID":"1312574","toID":"1312575","formEdgeID":null},{"edgeID":"1723522","fromID":"1312575","toID":"1312573","formEdgeID":null},{"edgeID":"1723523","fromID":"1312576","toID":"1312572","formEdgeID":null},{"edgeID":"1723524","fromID":"1312573","toID":"1312576","formEdgeID":null},{"edgeID":"1723525","fromID":"1312486","toID":"1312577","formEdgeID":null},{"edgeID":"1723526","fromID":"1312577","toID":"1312573","formEdgeID":null},{"edgeID":"1723527","fromID":"1312580","toID":"1312579","formEdgeID":null},{"edgeID":"1723528","fromID":"1312581","toID":"1312580","formEdgeID":null},{"edgeID":"1723529","fromID":"1312579","toID":"1312582","formEdgeID":null},{"edgeID":"1723530","fromID":"1312582","toID":"1312578","formEdgeID":null},{"edgeID":"1723531","fromID":"1312573","toID":"1312583","formEdgeID":null},{"edgeID":"1723532","fromID":"1312583","toID":"1312579","formEdgeID":null},{"edgeID":"1723533","fromID":"1312579","toID":"1312584","formEdgeID":null},{"edgeID":"1723534","fromID":"1312584","toID":"1312495","formEdgeID":null},{"edgeID":"1723535","fromID":"1312578","toID":"1312585","formEdgeID":null},{"edgeID":"1723536","fromID":"1312585","toID":"1312572","formEdgeID":null},{"edgeID":"1723537","fromID":"1312494","toID":"1312586","formEdgeID":null},{"edgeID":"1723538","fromID":"1312586","toID":"1312572","formEdgeID":null},{"edgeID":"1723539","fromID":"1312583","toID":"1312587","formEdgeID":null},{"edgeID":"1723540","fromID":"1312587","toID":"1312585","formEdgeID":null},{"edgeID":"1723541","fromID":"1312584","toID":"1312588","formEdgeID":null},{"edgeID":"1723542","fromID":"1312588","toID":"1312586","formEdgeID":null}],"locutions":[]}