{"nodes":[{"nodeID":"1313801","text":"we're not going to change what has happened","type":"I","timestamp":"2023-11-09 13:14:55"},{"nodeID":"1313802","text":"AudienceMember 20220512QT38: we're not going to change what has happened","type":"L","timestamp":"2023-11-09 13:14:55"},{"nodeID":"1313803","text":"Analysing","type":"YA","timestamp":"2023-11-09 13:14:55"},{"nodeID":"1313804","text":"Calum: AudienceMember 20220512QT38: we're not going to change what has happened","type":"L","timestamp":"2023-11-09 13:14:55"},{"nodeID":"1313805","text":"Asserting","type":"YA","timestamp":"2023-11-09 13:14:55"},{"nodeID":"1313806","text":"we can't change that the little boy has passed away","type":"I","timestamp":"2023-11-09 13:14:56"},{"nodeID":"1313807","text":"AudienceMember 20220512QT38: we can't change that the little boy has passed away","type":"L","timestamp":"2023-11-09 13:14:56"},{"nodeID":"1313808","text":"Analysing","type":"YA","timestamp":"2023-11-09 13:14:56"},{"nodeID":"1313809","text":"Calum: AudienceMember 20220512QT38: we can't change that the little boy has passed away","type":"L","timestamp":"2023-11-09 13:14:56"},{"nodeID":"1313810","text":"Asserting","type":"YA","timestamp":"2023-11-09 13:14:56"},{"nodeID":"1313811","text":"we should be focusing now on safeguarding","type":"I","timestamp":"2023-11-09 13:14:57"},{"nodeID":"1313812","text":"AudienceMember 20220512QT38: We should be focusing now on safeguarding","type":"L","timestamp":"2023-11-09 13:14:57"},{"nodeID":"1313813","text":"Analysing","type":"YA","timestamp":"2023-11-09 13:14:57"},{"nodeID":"1313814","text":"Calum: AudienceMember 20220512QT38: We should be focusing now on safeguarding","type":"L","timestamp":"2023-11-09 13:14:57"},{"nodeID":"1313815","text":"Asserting","type":"YA","timestamp":"2023-11-09 13:14:57"},{"nodeID":"1313816","text":"we should be looking at the measures that we can put in place as educators, as healthcare professionals, as social workers","type":"I","timestamp":"2023-11-09 13:14:57"},{"nodeID":"1313817","text":"AudienceMember 20220512QT38: looking at the measures that we can put in place as educators, as healthcare professionals, as social workers","type":"L","timestamp":"2023-11-09 13:14:57"},{"nodeID":"1313818","text":"Analysing","type":"YA","timestamp":"2023-11-09 13:14:57"},{"nodeID":"1313819","text":"Calum: AudienceMember 20220512QT38: looking at the measures that we can put in place as educators, as healthcare professionals, as social workers","type":"L","timestamp":"2023-11-09 13:14:57"},{"nodeID":"1313820","text":"Asserting","type":"YA","timestamp":"2023-11-09 13:14:57"},{"nodeID":"1313821","text":"we should stop this happening again in the future","type":"I","timestamp":"2023-11-09 13:14:58"},{"nodeID":"1313822","text":"AudienceMember 20220512QT38: stop this happening again in the future","type":"L","timestamp":"2023-11-09 13:14:58"},{"nodeID":"1313823","text":"Analysing","type":"YA","timestamp":"2023-11-09 13:14:58"},{"nodeID":"1313824","text":"Calum: AudienceMember 20220512QT38: stop this happening again in the future","type":"L","timestamp":"2023-11-09 13:14:58"},{"nodeID":"1313825","text":"Asserting","type":"YA","timestamp":"2023-11-09 13:14:58"},{"nodeID":"1313826","text":"Default Transition","type":"TA","timestamp":"2023-11-09 13:14:58"},{"nodeID":"1313827","text":"Default Rephrase","type":"MA","timestamp":"2023-11-09 13:14:58"},{"nodeID":"1313828","text":"Restating","type":"YA","timestamp":"2023-11-09 13:14:58"},{"nodeID":"1313829","text":"Default Transition","type":"TA","timestamp":"2023-11-09 13:14:58"},{"nodeID":"1313830","text":"Default Inference","type":"RA","timestamp":"2023-11-09 13:14:58"},{"nodeID":"1313831","text":"Arguing","type":"YA","timestamp":"2023-11-09 13:14:58"},{"nodeID":"1313832","text":"Default Inference","type":"RA","timestamp":"2023-11-09 13:14:58"},{"nodeID":"1313833","text":"Default Transition","type":"TA","timestamp":"2023-11-09 13:14:58"},{"nodeID":"1313834","text":"Default Transition","type":"TA","timestamp":"2023-11-09 13:14:58"},{"nodeID":"1313835","text":"Arguing","type":"YA","timestamp":"2023-11-09 13:14:58"}],"edges":[{"edgeID":"1724958","fromID":"1313803","toID":"1313802","formEdgeID":null},{"edgeID":"1724959","fromID":"1313804","toID":"1313803","formEdgeID":null},{"edgeID":"1724960","fromID":"1313802","toID":"1313805","formEdgeID":null},{"edgeID":"1724961","fromID":"1313805","toID":"1313801","formEdgeID":null},{"edgeID":"1724962","fromID":"1313808","toID":"1313807","formEdgeID":null},{"edgeID":"1724963","fromID":"1313809","toID":"1313808","formEdgeID":null},{"edgeID":"1724964","fromID":"1313807","toID":"1313810","formEdgeID":null},{"edgeID":"1724965","fromID":"1313810","toID":"1313806","formEdgeID":null},{"edgeID":"1724966","fromID":"1313813","toID":"1313812","formEdgeID":null},{"edgeID":"1724967","fromID":"1313814","toID":"1313813","formEdgeID":null},{"edgeID":"1724968","fromID":"1313812","toID":"1313815","formEdgeID":null},{"edgeID":"1724969","fromID":"1313815","toID":"1313811","formEdgeID":null},{"edgeID":"1724970","fromID":"1313818","toID":"1313817","formEdgeID":null},{"edgeID":"1724971","fromID":"1313819","toID":"1313818","formEdgeID":null},{"edgeID":"1724972","fromID":"1313817","toID":"1313820","formEdgeID":null},{"edgeID":"1724973","fromID":"1313820","toID":"1313816","formEdgeID":null},{"edgeID":"1724974","fromID":"1313823","toID":"1313822","formEdgeID":null},{"edgeID":"1724975","fromID":"1313824","toID":"1313823","formEdgeID":null},{"edgeID":"1724976","fromID":"1313822","toID":"1313825","formEdgeID":null},{"edgeID":"1724977","fromID":"1313825","toID":"1313821","formEdgeID":null},{"edgeID":"1724978","fromID":"1313802","toID":"1313826","formEdgeID":null},{"edgeID":"1724979","fromID":"1313826","toID":"1313807","formEdgeID":null},{"edgeID":"1724980","fromID":"1313806","toID":"1313827","formEdgeID":null},{"edgeID":"1724981","fromID":"1313827","toID":"1313801","formEdgeID":null},{"edgeID":"1724982","fromID":"1313826","toID":"1313828","formEdgeID":null},{"edgeID":"1724983","fromID":"1313828","toID":"1313827","formEdgeID":null},{"edgeID":"1724984","fromID":"1313807","toID":"1313829","formEdgeID":null},{"edgeID":"1724985","fromID":"1313829","toID":"1313812","formEdgeID":null},{"edgeID":"1724986","fromID":"1313806","toID":"1313830","formEdgeID":null},{"edgeID":"1724987","fromID":"1313830","toID":"1313811","formEdgeID":null},{"edgeID":"1724988","fromID":"1313829","toID":"1313831","formEdgeID":null},{"edgeID":"1724989","fromID":"1313831","toID":"1313830","formEdgeID":null},{"edgeID":"1724990","fromID":"1313811","toID":"1313832","formEdgeID":null},{"edgeID":"1724991","fromID":"1313832","toID":"1313821","formEdgeID":null},{"edgeID":"1724992","fromID":"1313816","toID":"1313832","formEdgeID":null},{"edgeID":"1724993","fromID":"1313812","toID":"1313833","formEdgeID":null},{"edgeID":"1724994","fromID":"1313833","toID":"1313817","formEdgeID":null},{"edgeID":"1724995","fromID":"1313812","toID":"1313834","formEdgeID":null},{"edgeID":"1724996","fromID":"1313834","toID":"1313822","formEdgeID":null},{"edgeID":"1724997","fromID":"1313834","toID":"1313835","formEdgeID":null},{"edgeID":"1724998","fromID":"1313835","toID":"1313832","formEdgeID":null}],"locutions":[]}