{"nodes":[{"nodeID":"1314605","text":"Fiona Bruce: Yes","type":"L","timestamp":"2023-11-09 13:16:02"},{"nodeID":"1314606","text":"Analysing","type":"YA","timestamp":"2023-11-09 13:16:02"},{"nodeID":"1314607","text":"Ella: AudienceMember 20220512QT33: we're talking about the sentencing in this case, it was a five year sentence with a public protection order","type":"L","timestamp":"2023-11-09 13:16:02"},{"nodeID":"1314608","text":"we're talking about the sentencing in Baby P's case","type":"I","timestamp":"2023-11-09 13:16:02"},{"nodeID":"1314609","text":"AudienceMember 20220512QT33: we're talking about the sentencing in this case","type":"L","timestamp":"2023-11-09 13:16:02"},{"nodeID":"1314610","text":"Analysing","type":"YA","timestamp":"2023-11-09 13:16:02"},{"nodeID":"1314611","text":"Ella: AudienceMember 20220512QT33: we're talking about the sentencing in this case","type":"L","timestamp":"2023-11-09 13:16:02"},{"nodeID":"1314612","text":"Asserting","type":"YA","timestamp":"2023-11-09 13:16:02"},{"nodeID":"1314613","text":"the sentencing in Baby P's case for Tracey Connelly was a five year sentence with a public protection order","type":"I","timestamp":"2023-11-09 13:16:03"},{"nodeID":"1314614","text":"AudienceMember 20220512QT33: it was a five year sentence with a public protection order","type":"L","timestamp":"2023-11-09 13:16:03"},{"nodeID":"1314615","text":"Analysing","type":"YA","timestamp":"2023-11-09 13:16:03"},{"nodeID":"1314616","text":"Ella: AudienceMember 20220512QT33: it was a five year sentence with a public protection order","type":"L","timestamp":"2023-11-09 13:16:03"},{"nodeID":"1314617","text":"Asserting","type":"YA","timestamp":"2023-11-09 13:16:03"},{"nodeID":"1314618","text":"Default Rephrase","type":"MA","timestamp":"2023-11-09 13:16:03"},{"nodeID":"1314619","text":"Default Transition","type":"TA","timestamp":"2023-11-09 13:16:03"},{"nodeID":"1314620","text":"Restating","type":"YA","timestamp":"2023-11-09 13:16:03"},{"nodeID":"1314621","text":"Tracey Connelly served 13 years","type":"I","timestamp":"2023-11-09 13:16:03"},{"nodeID":"1314622","text":"AudienceMember 20220512QT33: She'd served 13 years","type":"L","timestamp":"2023-11-09 13:16:03"},{"nodeID":"1314623","text":"Analysing","type":"YA","timestamp":"2023-11-09 13:16:03"},{"nodeID":"1314624","text":"Ella: AudienceMember 20220512QT33: She'd served 13 years","type":"L","timestamp":"2023-11-09 13:16:03"},{"nodeID":"1314625","text":"Asserting","type":"YA","timestamp":"2023-11-09 13:16:03"},{"nodeID":"1314626","text":"discussing whether Tracey Connelly should be released or not is about 13 years too late","type":"I","timestamp":"2023-11-09 13:16:04"},{"nodeID":"1314627","text":"AudienceMember 20220512QT33: Discussing whether she should be released or not is about 13 years too late","type":"L","timestamp":"2023-11-09 13:16:04"},{"nodeID":"1314628","text":"Analysing","type":"YA","timestamp":"2023-11-09 13:16:04"},{"nodeID":"1314629","text":"Ella: AudienceMember 20220512QT33: Discussing whether she should be released or not is about 13 years too late","type":"L","timestamp":"2023-11-09 13:16:04"},{"nodeID":"1314630","text":"Asserting","type":"YA","timestamp":"2023-11-09 13:16:04"},{"nodeID":"1314631","text":"you should have been discussing prison time at the sentencing time","type":"I","timestamp":"2023-11-09 13:16:05"},{"nodeID":"1314632","text":"AudienceMember 20220512QT33: You should have been discussing that at the sentencing time","type":"L","timestamp":"2023-11-09 13:16:05"},{"nodeID":"1314633","text":"Analysing","type":"YA","timestamp":"2023-11-09 13:16:05"},{"nodeID":"1314634","text":"Ella: AudienceMember 20220512QT33: You should have been discussing that at the sentencing time","type":"L","timestamp":"2023-11-09 13:16:05"},{"nodeID":"1314635","text":"Asserting","type":"YA","timestamp":"2023-11-09 13:16:05"},{"nodeID":"1314636","text":"Default Transition","type":"TA","timestamp":"2023-11-09 13:16:05"},{"nodeID":"1314637","text":"Default Transition","type":"TA","timestamp":"2023-11-09 13:16:05"},{"nodeID":"1314638","text":"Default Inference","type":"RA","timestamp":"2023-11-09 13:16:05"},{"nodeID":"1314639","text":"Default Transition","type":"TA","timestamp":"2023-11-09 13:16:05"},{"nodeID":"1314640","text":"Arguing","type":"YA","timestamp":"2023-11-09 13:16:05"},{"nodeID":"1314641","text":"the fundamental problem that we've got at the moment with the sentencing isn't whether Tracey Connelly comes out or not","type":"I","timestamp":"2023-11-09 13:16:05"},{"nodeID":"1314642","text":"AudienceMember 20220512QT33: The fundamental problem that we've got at the moment with this isn't whether she comes out or not","type":"L","timestamp":"2023-11-09 13:16:05"},{"nodeID":"1314643","text":"Analysing","type":"YA","timestamp":"2023-11-09 13:16:05"},{"nodeID":"1314644","text":"Ella: AudienceMember 20220512QT33: The fundamental problem that we've got at the moment with this isn't whether she comes out or not","type":"L","timestamp":"2023-11-09 13:16:05"},{"nodeID":"1314645","text":"Asserting","type":"YA","timestamp":"2023-11-09 13:16:05"},{"nodeID":"1314646","text":"Default Transition","type":"TA","timestamp":"2023-11-09 13:16:05"},{"nodeID":"1314647","text":"it's about who makes those judgments","type":"I","timestamp":"2023-11-09 13:16:06"},{"nodeID":"1314648","text":"AudienceMember 20220512QT33: it's about who makes those judgments","type":"L","timestamp":"2023-11-09 13:16:06"},{"nodeID":"1314649","text":"Analysing","type":"YA","timestamp":"2023-11-09 13:16:06"},{"nodeID":"1314650","text":"Ella: AudienceMember 20220512QT33: it's about who makes those judgments","type":"L","timestamp":"2023-11-09 13:16:06"},{"nodeID":"1314651","text":"Asserting","type":"YA","timestamp":"2023-11-09 13:16:06"},{"nodeID":"1314652","text":"Default Transition","type":"TA","timestamp":"2023-11-09 13:16:06"},{"nodeID":"1314653","text":"a parole board is a group of people who've been selected","type":"I","timestamp":"2023-11-09 13:16:06"},{"nodeID":"1314654","text":"AudienceMember 20220512QT33: a parole board is a group of people who've been selected","type":"L","timestamp":"2023-11-09 13:16:06"},{"nodeID":"1314655","text":"Analysing","type":"YA","timestamp":"2023-11-09 13:16:06"},{"nodeID":"1314656","text":"Ella: AudienceMember 20220512QT33: a parole board is a group of people who've been selected","type":"L","timestamp":"2023-11-09 13:16:06"},{"nodeID":"1314657","text":"Asserting","type":"YA","timestamp":"2023-11-09 13:16:06"},{"nodeID":"1314658","text":"the people on the parole board have experience in their areas of work around criminal justice and around mental health and around areas specific to rehabilitation","type":"I","timestamp":"2023-11-09 13:16:07"},{"nodeID":"1314659","text":"AudienceMember 20220512QT33: of their experience in their areas of work around criminal justice and around mental health and around areas specific to rehabilitation","type":"L","timestamp":"2023-11-09 13:16:07"},{"nodeID":"1314660","text":"Analysing","type":"YA","timestamp":"2023-11-09 13:16:07"},{"nodeID":"1314661","text":"Ella: AudienceMember 20220512QT33: of their experience in their areas of work around criminal justice and around mental health and around areas specific to rehabilitation","type":"L","timestamp":"2023-11-09 13:16:07"},{"nodeID":"1314662","text":"Asserting","type":"YA","timestamp":"2023-11-09 13:16:07"},{"nodeID":"1314663","text":"Default Transition","type":"TA","timestamp":"2023-11-09 13:16:07"},{"nodeID":"1314664","text":"Default Transition","type":"TA","timestamp":"2023-11-09 13:16:07"},{"nodeID":"1314665","text":"Default Inference","type":"RA","timestamp":"2023-11-09 13:16:07"},{"nodeID":"1314666","text":"Arguing","type":"YA","timestamp":"2023-11-09 13:16:07"},{"nodeID":"1314667","text":"we do or do not want people, with experience in criminal justice and mental health, to make the decision","type":"I","timestamp":"2023-11-09 13:16:07"},{"nodeID":"1314668","text":"AudienceMember 20220512QT33: Do we want people like that to make the decision","type":"L","timestamp":"2023-11-09 13:16:07"},{"nodeID":"1314669","text":"Analysing","type":"YA","timestamp":"2023-11-09 13:16:07"},{"nodeID":"1314670","text":"Ella: AudienceMember 20220512QT33: Do we want people like that to make the decision","type":"L","timestamp":"2023-11-09 13:16:07"},{"nodeID":"1314671","text":"Pure Questioning","type":"YA","timestamp":"2023-11-09 13:16:07"},{"nodeID":"1314672","text":"this was Tracey Connelly's third application","type":"I","timestamp":"2023-11-09 13:16:08"},{"nodeID":"1314673","text":"AudienceMember 20220512QT33: this was her third application","type":"L","timestamp":"2023-11-09 13:16:08"},{"nodeID":"1314674","text":"Analysing","type":"YA","timestamp":"2023-11-09 13:16:08"},{"nodeID":"1314675","text":"Ella: AudienceMember 20220512QT33: this was her third application","type":"L","timestamp":"2023-11-09 13:16:08"},{"nodeID":"1314676","text":"Asserting","type":"YA","timestamp":"2023-11-09 13:16:08"},{"nodeID":"1314677","text":"Default Transition","type":"TA","timestamp":"2023-11-09 13:16:08"},{"nodeID":"1314678","text":"Default Inference","type":"RA","timestamp":"2023-11-09 13:16:08"},{"nodeID":"1314679","text":"Arguing","type":"YA","timestamp":"2023-11-09 13:16:08"},{"nodeID":"1314680","text":"Default Transition","type":"TA","timestamp":"2023-11-09 13:16:08"},{"nodeID":"1314681","text":"Analysing","type":"YA","timestamp":"2023-11-09 13:16:08"},{"nodeID":"1314682","text":"Ella: Fiona Bruce: Yes","type":"L","timestamp":"2023-11-09 13:16:08"},{"nodeID":"1314683","text":"Default Transition","type":"TA","timestamp":"2023-11-09 13:16:08"},{"nodeID":"1314684","text":"Agreeing","type":"YA","timestamp":"2023-11-09 13:16:08"},{"nodeID":"1314685","text":"Tracey Connelly spent a lot of time longer in prison than the judge gave her a sentence for","type":"I","timestamp":"2023-11-09 13:16:09"},{"nodeID":"1314686","text":"AudienceMember 20220512QT34: She spent a lot of time longer in prison than the judge gave her a sentence for","type":"L","timestamp":"2023-11-09 13:16:09"},{"nodeID":"1314687","text":"Analysing","type":"YA","timestamp":"2023-11-09 13:16:09"},{"nodeID":"1314688","text":"Ella: AudienceMember 20220512QT34: She spent a lot of time longer in prison than the judge gave her a sentence for","type":"L","timestamp":"2023-11-09 13:16:09"},{"nodeID":"1314689","text":"Asserting","type":"YA","timestamp":"2023-11-09 13:16:09"},{"nodeID":"1314690","text":"Default Transition","type":"TA","timestamp":"2023-11-09 13:16:09"},{"nodeID":"1314691","text":"Tracey Connelly was released and she then had to go back into prison","type":"I","timestamp":"2023-11-09 13:16:09"},{"nodeID":"1314692","text":"Fiona Bruce: She was released and she then had to go back into prison","type":"L","timestamp":"2023-11-09 13:16:09"},{"nodeID":"1314693","text":"Analysing","type":"YA","timestamp":"2023-11-09 13:16:09"},{"nodeID":"1314694","text":"Ella: Fiona Bruce: She was released and she then had to go back into prison","type":"L","timestamp":"2023-11-09 13:16:09"},{"nodeID":"1314695","text":"Asserting","type":"YA","timestamp":"2023-11-09 13:16:09"},{"nodeID":"1314696","text":"there were concerns over Tracey's Connelly's behaviour","type":"I","timestamp":"2023-11-09 13:16:10"},{"nodeID":"1314697","text":"Fiona Bruce: there were concerns over her behaviour","type":"L","timestamp":"2023-11-09 13:16:10"},{"nodeID":"1314698","text":"Analysing","type":"YA","timestamp":"2023-11-09 13:16:10"},{"nodeID":"1314699","text":"Ella: Fiona Bruce: there were concerns over her behaviour","type":"L","timestamp":"2023-11-09 13:16:10"},{"nodeID":"1314700","text":"Asserting","type":"YA","timestamp":"2023-11-09 13:16:10"},{"nodeID":"1314701","text":"Default Transition","type":"TA","timestamp":"2023-11-09 13:16:10"},{"nodeID":"1314702","text":"Default Transition","type":"TA","timestamp":"2023-11-09 13:16:10"},{"nodeID":"1314703","text":"Default Inference","type":"RA","timestamp":"2023-11-09 13:16:10"},{"nodeID":"1314704","text":"Default Inference","type":"RA","timestamp":"2023-11-09 13:16:10"},{"nodeID":"1314705","text":"Arguing","type":"YA","timestamp":"2023-11-09 13:16:10"}],"edges":[{"edgeID":"1725914","fromID":"1314607","toID":"1314606","formEdgeID":null},{"edgeID":"1725915","fromID":"1314610","toID":"1314609","formEdgeID":null},{"edgeID":"1725916","fromID":"1314611","toID":"1314610","formEdgeID":null},{"edgeID":"1725917","fromID":"1314609","toID":"1314612","formEdgeID":null},{"edgeID":"1725918","fromID":"1314612","toID":"1314608","formEdgeID":null},{"edgeID":"1725919","fromID":"1314615","toID":"1314614","formEdgeID":null},{"edgeID":"1725920","fromID":"1314616","toID":"1314615","formEdgeID":null},{"edgeID":"1725921","fromID":"1314614","toID":"1314617","formEdgeID":null},{"edgeID":"1725922","fromID":"1314617","toID":"1314613","formEdgeID":null},{"edgeID":"1725923","fromID":"1314613","toID":"1314618","formEdgeID":null},{"edgeID":"1725924","fromID":"1314618","toID":"1314608","formEdgeID":null},{"edgeID":"1725925","fromID":"1314609","toID":"1314619","formEdgeID":null},{"edgeID":"1725926","fromID":"1314619","toID":"1314614","formEdgeID":null},{"edgeID":"1725927","fromID":"1314619","toID":"1314620","formEdgeID":null},{"edgeID":"1725928","fromID":"1314620","toID":"1314618","formEdgeID":null},{"edgeID":"1725929","fromID":"1314623","toID":"1314622","formEdgeID":null},{"edgeID":"1725930","fromID":"1314624","toID":"1314623","formEdgeID":null},{"edgeID":"1725931","fromID":"1314622","toID":"1314625","formEdgeID":null},{"edgeID":"1725932","fromID":"1314625","toID":"1314621","formEdgeID":null},{"edgeID":"1725933","fromID":"1314628","toID":"1314627","formEdgeID":null},{"edgeID":"1725934","fromID":"1314629","toID":"1314628","formEdgeID":null},{"edgeID":"1725935","fromID":"1314627","toID":"1314630","formEdgeID":null},{"edgeID":"1725936","fromID":"1314630","toID":"1314626","formEdgeID":null},{"edgeID":"1725937","fromID":"1314633","toID":"1314632","formEdgeID":null},{"edgeID":"1725938","fromID":"1314634","toID":"1314633","formEdgeID":null},{"edgeID":"1725939","fromID":"1314632","toID":"1314635","formEdgeID":null},{"edgeID":"1725940","fromID":"1314635","toID":"1314631","formEdgeID":null},{"edgeID":"1725941","fromID":"1314614","toID":"1314636","formEdgeID":null},{"edgeID":"1725942","fromID":"1314636","toID":"1314622","formEdgeID":null},{"edgeID":"1725943","fromID":"1314622","toID":"1314637","formEdgeID":null},{"edgeID":"1725944","fromID":"1314637","toID":"1314627","formEdgeID":null},{"edgeID":"1725945","fromID":"1314631","toID":"1314638","formEdgeID":null},{"edgeID":"1725946","fromID":"1314638","toID":"1314626","formEdgeID":null},{"edgeID":"1725947","fromID":"1314627","toID":"1314639","formEdgeID":null},{"edgeID":"1725948","fromID":"1314639","toID":"1314632","formEdgeID":null},{"edgeID":"1725949","fromID":"1314639","toID":"1314640","formEdgeID":null},{"edgeID":"1725950","fromID":"1314640","toID":"1314638","formEdgeID":null},{"edgeID":"1725951","fromID":"1314643","toID":"1314642","formEdgeID":null},{"edgeID":"1725952","fromID":"1314644","toID":"1314643","formEdgeID":null},{"edgeID":"1725953","fromID":"1314642","toID":"1314645","formEdgeID":null},{"edgeID":"1725954","fromID":"1314645","toID":"1314641","formEdgeID":null},{"edgeID":"1725955","fromID":"1314632","toID":"1314646","formEdgeID":null},{"edgeID":"1725956","fromID":"1314646","toID":"1314642","formEdgeID":null},{"edgeID":"1725957","fromID":"1314649","toID":"1314648","formEdgeID":null},{"edgeID":"1725958","fromID":"1314650","toID":"1314649","formEdgeID":null},{"edgeID":"1725959","fromID":"1314648","toID":"1314651","formEdgeID":null},{"edgeID":"1725960","fromID":"1314651","toID":"1314647","formEdgeID":null},{"edgeID":"1725961","fromID":"1314642","toID":"1314652","formEdgeID":null},{"edgeID":"1725962","fromID":"1314652","toID":"1314648","formEdgeID":null},{"edgeID":"1725963","fromID":"1314655","toID":"1314654","formEdgeID":null},{"edgeID":"1725964","fromID":"1314656","toID":"1314655","formEdgeID":null},{"edgeID":"1725965","fromID":"1314654","toID":"1314657","formEdgeID":null},{"edgeID":"1725966","fromID":"1314657","toID":"1314653","formEdgeID":null},{"edgeID":"1725967","fromID":"1314660","toID":"1314659","formEdgeID":null},{"edgeID":"1725968","fromID":"1314661","toID":"1314660","formEdgeID":null},{"edgeID":"1725969","fromID":"1314659","toID":"1314662","formEdgeID":null},{"edgeID":"1725970","fromID":"1314662","toID":"1314658","formEdgeID":null},{"edgeID":"1725971","fromID":"1314648","toID":"1314663","formEdgeID":null},{"edgeID":"1725972","fromID":"1314663","toID":"1314654","formEdgeID":null},{"edgeID":"1725973","fromID":"1314654","toID":"1314664","formEdgeID":null},{"edgeID":"1725974","fromID":"1314664","toID":"1314659","formEdgeID":null},{"edgeID":"1725975","fromID":"1314658","toID":"1314665","formEdgeID":null},{"edgeID":"1725976","fromID":"1314665","toID":"1314653","formEdgeID":null},{"edgeID":"1725977","fromID":"1314664","toID":"1314666","formEdgeID":null},{"edgeID":"1725978","fromID":"1314666","toID":"1314665","formEdgeID":null},{"edgeID":"1725979","fromID":"1314669","toID":"1314668","formEdgeID":null},{"edgeID":"1725980","fromID":"1314670","toID":"1314669","formEdgeID":null},{"edgeID":"1725981","fromID":"1314668","toID":"1314671","formEdgeID":null},{"edgeID":"1725982","fromID":"1314671","toID":"1314667","formEdgeID":null},{"edgeID":"1725983","fromID":"1314674","toID":"1314673","formEdgeID":null},{"edgeID":"1725984","fromID":"1314675","toID":"1314674","formEdgeID":null},{"edgeID":"1725985","fromID":"1314673","toID":"1314676","formEdgeID":null},{"edgeID":"1725986","fromID":"1314676","toID":"1314672","formEdgeID":null},{"edgeID":"1725987","fromID":"1314659","toID":"1314677","formEdgeID":null},{"edgeID":"1725988","fromID":"1314677","toID":"1314668","formEdgeID":null},{"edgeID":"1725989","fromID":"1314658","toID":"1314678","formEdgeID":null},{"edgeID":"1725990","fromID":"1314678","toID":"1314667","formEdgeID":null},{"edgeID":"1725991","fromID":"1314677","toID":"1314679","formEdgeID":null},{"edgeID":"1725992","fromID":"1314679","toID":"1314678","formEdgeID":null},{"edgeID":"1725993","fromID":"1314668","toID":"1314680","formEdgeID":null},{"edgeID":"1725994","fromID":"1314680","toID":"1314673","formEdgeID":null},{"edgeID":"1725995","fromID":"1314681","toID":"1314605","formEdgeID":null},{"edgeID":"1725996","fromID":"1314682","toID":"1314681","formEdgeID":null},{"edgeID":"1725997","fromID":"1314673","toID":"1314683","formEdgeID":null},{"edgeID":"1725998","fromID":"1314683","toID":"1314605","formEdgeID":null},{"edgeID":"1725999","fromID":"1314683","toID":"1314684","formEdgeID":null},{"edgeID":"1726000","fromID":"1314684","toID":"1314672","formEdgeID":null},{"edgeID":"1726001","fromID":"1314687","toID":"1314686","formEdgeID":null},{"edgeID":"1726002","fromID":"1314688","toID":"1314687","formEdgeID":null},{"edgeID":"1726003","fromID":"1314686","toID":"1314689","formEdgeID":null},{"edgeID":"1726004","fromID":"1314689","toID":"1314685","formEdgeID":null},{"edgeID":"1726005","fromID":"1314605","toID":"1314690","formEdgeID":null},{"edgeID":"1726006","fromID":"1314690","toID":"1314686","formEdgeID":null},{"edgeID":"1726007","fromID":"1314693","toID":"1314692","formEdgeID":null},{"edgeID":"1726008","fromID":"1314694","toID":"1314693","formEdgeID":null},{"edgeID":"1726009","fromID":"1314692","toID":"1314695","formEdgeID":null},{"edgeID":"1726010","fromID":"1314695","toID":"1314691","formEdgeID":null},{"edgeID":"1726011","fromID":"1314698","toID":"1314697","formEdgeID":null},{"edgeID":"1726012","fromID":"1314699","toID":"1314698","formEdgeID":null},{"edgeID":"1726013","fromID":"1314697","toID":"1314700","formEdgeID":null},{"edgeID":"1726014","fromID":"1314700","toID":"1314696","formEdgeID":null},{"edgeID":"1726015","fromID":"1314686","toID":"1314701","formEdgeID":null},{"edgeID":"1726016","fromID":"1314701","toID":"1314692","formEdgeID":null},{"edgeID":"1726017","fromID":"1314692","toID":"1314702","formEdgeID":null},{"edgeID":"1726018","fromID":"1314702","toID":"1314697","formEdgeID":null},{"edgeID":"1726019","fromID":"1314696","toID":"1314703","formEdgeID":null},{"edgeID":"1726020","fromID":"1314703","toID":"1314691","formEdgeID":null},{"edgeID":"1726021","fromID":"1314641","toID":"1314704","formEdgeID":null},{"edgeID":"1726022","fromID":"1314704","toID":"1314647","formEdgeID":null},{"edgeID":"1726023","fromID":"1314652","toID":"1314705","formEdgeID":null},{"edgeID":"1726024","fromID":"1314705","toID":"1314704","formEdgeID":null}],"locutions":[]}