{"nodes":[{"nodeID":"1143212","text":"AudienceMember 20220505QT23 does campaigning for special educational needs","type":"I","timestamp":"2023-04-11 21:03:26"},{"nodeID":"1143217","text":"AudienceMember 20220505QT23 goes into council meetings quite regularly","type":"I","timestamp":"2023-04-11 21:03:33"},{"nodeID":"1143222","text":"the behaviours that we're seeing in central government filter right the way through","type":"I","timestamp":"2023-04-11 21:03:39"},{"nodeID":"1143242","text":"AudienceMember 20220505QT23 has witnessed so much of the bullying, misogyny, lying, quite blatantly","type":"I","timestamp":"2023-04-11 21:03:52"},{"nodeID":"1143256","text":"the problem is if that's coming from the top it's a free for all","type":"I","timestamp":"2023-04-11 21:04:04"},{"nodeID":"1153265","text":"it's also the problem that the behaviours filter through as well","type":"I","timestamp":"2023-04-21 13:30:52"},{"nodeID":"1153281","text":"people in the government set a precedent of what's allowed, the behaviours that are allowed to go on","type":"I","timestamp":"2023-04-21 13:31:02"},{"nodeID":"1153289","text":"a group of parents would sit there and they'd just lie to our faces","type":"I","timestamp":"2023-04-21 13:31:08"},{"nodeID":"1153298","text":"AudienceMember 20220505QT23 mentioned bullying, sexism, we're talking about culture of misogyny","type":"I","timestamp":"2023-04-21 13:31:13"},{"nodeID":"1153303","text":"does or does not Damian Green think the culture has changed","type":"I","timestamp":"2023-04-21 13:31:15"},{"nodeID":"1153307","text":"Damian Green was investigated by Sue Grey in 2017 after pornography was found on his computer in the House of Commons","type":"I","timestamp":"2023-04-21 13:31:18"},{"nodeID":"1153311","text":"Damian Green had nothing to do with pornography found on his computer in the House of Commons","type":"I","timestamp":"2023-04-21 13:31:21"},{"nodeID":"1153317","text":"after saying that he had nothing to do with pornography found on his computer in the House of Commons, Damian Green did subsequently resign","type":"I","timestamp":"2023-04-21 13:31:25"},{"nodeID":"1312201","text":"AudienceMember 20220512QT23: it's also the problem that it filters through as well","type":"L","timestamp":"2023-11-09 13:12:35"},{"nodeID":"1312202","text":"Analysing","type":"YA","timestamp":"2023-11-09 13:12:35"},{"nodeID":"1312203","text":"Dominika: AudienceMember 20220512QT23: it's also the problem that it filters through as well","type":"L","timestamp":"2023-11-09 13:12:35"},{"nodeID":"1312204","text":"Asserting","type":"YA","timestamp":"2023-11-09 13:12:35"},{"nodeID":"1312205","text":"AudienceMember 20220512QT23: I do campaigning for special educational needs","type":"L","timestamp":"2023-11-09 13:12:35"},{"nodeID":"1312206","text":"Analysing","type":"YA","timestamp":"2023-11-09 13:12:35"},{"nodeID":"1312207","text":"Dominika: AudienceMember 20220512QT23: I do campaigning for special educational needs","type":"L","timestamp":"2023-11-09 13:12:35"},{"nodeID":"1312208","text":"Asserting","type":"YA","timestamp":"2023-11-09 13:12:35"},{"nodeID":"1312209","text":"AudienceMember 20220512QT23: I go into council meetings quite regularly","type":"L","timestamp":"2023-11-09 13:12:36"},{"nodeID":"1312210","text":"Analysing","type":"YA","timestamp":"2023-11-09 13:12:36"},{"nodeID":"1312211","text":"Dominika: AudienceMember 20220512QT23: I go into council meetings quite regularly","type":"L","timestamp":"2023-11-09 13:12:36"},{"nodeID":"1312212","text":"Asserting","type":"YA","timestamp":"2023-11-09 13:12:36"},{"nodeID":"1312213","text":"AudienceMember 20220512QT23: the behaviours that we're seeing in central government filter right the way through","type":"L","timestamp":"2023-11-09 13:12:36"},{"nodeID":"1312214","text":"Analysing","type":"YA","timestamp":"2023-11-09 13:12:36"},{"nodeID":"1312215","text":"Dominika: AudienceMember 20220512QT23: the behaviours that we're seeing in central government filter right the way through","type":"L","timestamp":"2023-11-09 13:12:36"},{"nodeID":"1312216","text":"Asserting","type":"YA","timestamp":"2023-11-09 13:12:36"},{"nodeID":"1312217","text":"AudienceMember 20220512QT23: they set a precedent of what's allowed, the behaviours that are allowed to go on","type":"L","timestamp":"2023-11-09 13:12:37"},{"nodeID":"1312218","text":"Analysing","type":"YA","timestamp":"2023-11-09 13:12:37"},{"nodeID":"1312219","text":"Dominika: AudienceMember 20220512QT23: they set a precedent of what's allowed, the behaviours that are allowed to go on","type":"L","timestamp":"2023-11-09 13:12:37"},{"nodeID":"1312220","text":"Asserting","type":"YA","timestamp":"2023-11-09 13:12:37"},{"nodeID":"1312221","text":"AudienceMember 20220512QT23: I've witnessed so much of the bullying, misogyny, lying, quite blatantly","type":"L","timestamp":"2023-11-09 13:12:38"},{"nodeID":"1312222","text":"Analysing","type":"YA","timestamp":"2023-11-09 13:12:38"},{"nodeID":"1312223","text":"Dominika: AudienceMember 20220512QT23: I've witnessed so much of the bullying, misogyny, lying, quite blatantly","type":"L","timestamp":"2023-11-09 13:12:38"},{"nodeID":"1312224","text":"Asserting","type":"YA","timestamp":"2023-11-09 13:12:38"},{"nodeID":"1312225","text":"AudienceMember 20220512QT23: A group a parents would sit there and they'd just lie to our faces","type":"L","timestamp":"2023-11-09 13:12:38"},{"nodeID":"1312226","text":"Analysing","type":"YA","timestamp":"2023-11-09 13:12:38"},{"nodeID":"1312227","text":"Dominika: AudienceMember 20220512QT23: A group a parents would sit there and they'd just lie to our faces","type":"L","timestamp":"2023-11-09 13:12:38"},{"nodeID":"1312228","text":"Asserting","type":"YA","timestamp":"2023-11-09 13:12:38"},{"nodeID":"1312229","text":"AudienceMember 20220512QT23: the problem is if that's coming from the top it's a free for all","type":"L","timestamp":"2023-11-09 13:12:39"},{"nodeID":"1312230","text":"Analysing","type":"YA","timestamp":"2023-11-09 13:12:39"},{"nodeID":"1312231","text":"Dominika: AudienceMember 20220512QT23: the problem is if that's coming from the top it's a free for all","type":"L","timestamp":"2023-11-09 13:12:39"},{"nodeID":"1312232","text":"Asserting","type":"YA","timestamp":"2023-11-09 13:12:39"},{"nodeID":"1312233","text":"Fiona Bruce: you mentioned bullying, sexism, we're talking about culture of misogyny","type":"L","timestamp":"2023-11-09 13:12:40"},{"nodeID":"1312234","text":"Analysing","type":"YA","timestamp":"2023-11-09 13:12:40"},{"nodeID":"1312235","text":"Dominika: Fiona Bruce: you mentioned bullying, sexism, we're talking about culture of misogyny","type":"L","timestamp":"2023-11-09 13:12:40"},{"nodeID":"1312236","text":"Asserting","type":"YA","timestamp":"2023-11-09 13:12:40"},{"nodeID":"1312237","text":"Fiona Bruce: Damian, do you think the culture has changed","type":"L","timestamp":"2023-11-09 13:12:40"},{"nodeID":"1312238","text":"Analysing","type":"YA","timestamp":"2023-11-09 13:12:40"},{"nodeID":"1312239","text":"Dominika: Fiona Bruce: Damian, do you think the culture has changed","type":"L","timestamp":"2023-11-09 13:12:40"},{"nodeID":"1312240","text":"Pure Questioning","type":"YA","timestamp":"2023-11-09 13:12:40"},{"nodeID":"1312241","text":"Fiona Bruce: you were investigated by Sue Grey in 2017 after pornography was found on your computer in the House of Commons","type":"L","timestamp":"2023-11-09 13:12:41"},{"nodeID":"1312242","text":"Analysing","type":"YA","timestamp":"2023-11-09 13:12:41"},{"nodeID":"1312243","text":"Dominika: Fiona Bruce: you were investigated by Sue Grey in 2017 after pornography was found on your computer in the House of Commons","type":"L","timestamp":"2023-11-09 13:12:41"},{"nodeID":"1312244","text":"Asserting","type":"YA","timestamp":"2023-11-09 13:12:41"},{"nodeID":"1312245","text":"Fiona Bruce: you have said very strongly you had nothing to do with that","type":"L","timestamp":"2023-11-09 13:12:42"},{"nodeID":"1312246","text":"Analysing","type":"YA","timestamp":"2023-11-09 13:12:42"},{"nodeID":"1312247","text":"Dominika: Fiona Bruce: you have said very strongly you had nothing to do with that","type":"L","timestamp":"2023-11-09 13:12:42"},{"nodeID":"1312248","text":"Damian Green: I had nothing to do with that","type":"L","timestamp":"2023-11-09 13:12:42"},{"nodeID":"1312249","text":"Analysing","type":"YA","timestamp":"2023-11-09 13:12:42"},{"nodeID":"1312250","text":"Dominika: Damian Green:","type":"L","timestamp":"2023-11-09 13:12:42"},{"nodeID":"1312251","text":"Fiona Bruce: You did then subsequently resign","type":"L","timestamp":"2023-11-09 13:12:42"},{"nodeID":"1312252","text":"Analysing","type":"YA","timestamp":"2023-11-09 13:12:42"},{"nodeID":"1312253","text":"Dominika: Fiona Bruce: You did then subsequently resign","type":"L","timestamp":"2023-11-09 13:12:42"},{"nodeID":"1312254","text":"Asserting","type":"YA","timestamp":"2023-11-09 13:12:42"},{"nodeID":"1312255","text":"Fiona Bruce: Do you think the culture has changed","type":"L","timestamp":"2023-11-09 13:12:42"},{"nodeID":"1312256","text":"Analysing","type":"YA","timestamp":"2023-11-09 13:12:42"},{"nodeID":"1312257","text":"Dominika: Fiona Bruce: Do you think the culture has changed","type":"L","timestamp":"2023-11-09 13:12:42"},{"nodeID":"1312258","text":"Pure Questioning","type":"YA","timestamp":"2023-11-09 13:12:42"},{"nodeID":"1312259","text":"Default Transition","type":"TA","timestamp":"2023-11-09 13:12:42"},{"nodeID":"1312260","text":"Asserting","type":"YA","timestamp":"2023-11-09 13:12:42"},{"nodeID":"1312261","text":"Asserting","type":"YA","timestamp":"2023-11-09 13:12:42"},{"nodeID":"1312262","text":"Default Transition","type":"TA","timestamp":"2023-11-09 13:12:42"},{"nodeID":"1312263","text":"Default Transition","type":"TA","timestamp":"2023-11-09 13:12:42"},{"nodeID":"1312264","text":"Default Transition","type":"TA","timestamp":"2023-11-09 13:12:42"},{"nodeID":"1312265","text":"Default Transition","type":"TA","timestamp":"2023-11-09 13:12:42"},{"nodeID":"1312266","text":"Default Rephrase","type":"MA","timestamp":"2023-11-09 13:12:42"},{"nodeID":"1312267","text":"Restating","type":"YA","timestamp":"2023-11-09 13:12:42"},{"nodeID":"1312268","text":"Default Transition","type":"TA","timestamp":"2023-11-09 13:12:42"},{"nodeID":"1312269","text":"Default Transition","type":"TA","timestamp":"2023-11-09 13:12:42"},{"nodeID":"1312270","text":"Default Transition","type":"TA","timestamp":"2023-11-09 13:12:42"},{"nodeID":"1312271","text":"Default Transition","type":"TA","timestamp":"2023-11-09 13:12:42"},{"nodeID":"1312272","text":"Default Transition","type":"TA","timestamp":"2023-11-09 13:12:42"},{"nodeID":"1312273","text":"Default Rephrase","type":"MA","timestamp":"2023-11-09 13:12:42"},{"nodeID":"1312274","text":"Default Transition","type":"TA","timestamp":"2023-11-09 13:12:42"},{"nodeID":"1312275","text":"Restating","type":"YA","timestamp":"2023-11-09 13:12:42"},{"nodeID":"1312276","text":"Default Transition","type":"TA","timestamp":"2023-11-09 13:12:42"},{"nodeID":"1312277","text":"Default Rephrase","type":"MA","timestamp":"2023-11-09 13:12:42"},{"nodeID":"1312278","text":"Restating","type":"YA","timestamp":"2023-11-09 13:12:42"},{"nodeID":"1312279","text":"Default Inference","type":"RA","timestamp":"2023-11-09 13:12:42"},{"nodeID":"1312280","text":"Arguing","type":"YA","timestamp":"2023-11-09 13:12:42"},{"nodeID":"1312281","text":"Default Rephrase","type":"MA","timestamp":"2023-11-09 13:12:42"},{"nodeID":"1312282","text":"Default Transition","type":"TA","timestamp":"2023-11-09 13:12:42"},{"nodeID":"1312283","text":"Restating","type":"YA","timestamp":"2023-11-09 13:12:42"},{"nodeID":"1312284","text":"Default Transition","type":"TA","timestamp":"2023-11-09 13:12:42"},{"nodeID":"1312285","text":"Default Inference","type":"RA","timestamp":"2023-11-09 13:12:42"},{"nodeID":"1312286","text":"Default Transition","type":"TA","timestamp":"2023-11-09 13:12:42"},{"nodeID":"1312287","text":"Default Transition","type":"TA","timestamp":"2023-11-09 13:12:42"},{"nodeID":"1312288","text":"Arguing","type":"YA","timestamp":"2023-11-09 13:12:42"},{"nodeID":"1312289","text":"Default Rephrase","type":"MA","timestamp":"2023-11-09 13:12:42"},{"nodeID":"1312290","text":"Restating","type":"YA","timestamp":"2023-11-09 13:12:42"}],"edges":[{"edgeID":"1723065","fromID":"1312202","toID":"1312201","formEdgeID":null},{"edgeID":"1723066","fromID":"1312203","toID":"1312202","formEdgeID":null},{"edgeID":"1723067","fromID":"1312201","toID":"1312204","formEdgeID":null},{"edgeID":"1723068","fromID":"1312204","toID":"1153265","formEdgeID":null},{"edgeID":"1723069","fromID":"1312206","toID":"1312205","formEdgeID":null},{"edgeID":"1723070","fromID":"1312207","toID":"1312206","formEdgeID":null},{"edgeID":"1723071","fromID":"1312205","toID":"1312208","formEdgeID":null},{"edgeID":"1723072","fromID":"1312208","toID":"1143212","formEdgeID":null},{"edgeID":"1723073","fromID":"1312210","toID":"1312209","formEdgeID":null},{"edgeID":"1723074","fromID":"1312211","toID":"1312210","formEdgeID":null},{"edgeID":"1723075","fromID":"1312209","toID":"1312212","formEdgeID":null},{"edgeID":"1723076","fromID":"1312212","toID":"1143217","formEdgeID":null},{"edgeID":"1723077","fromID":"1312214","toID":"1312213","formEdgeID":null},{"edgeID":"1723078","fromID":"1312215","toID":"1312214","formEdgeID":null},{"edgeID":"1723079","fromID":"1312213","toID":"1312216","formEdgeID":null},{"edgeID":"1723080","fromID":"1312216","toID":"1143222","formEdgeID":null},{"edgeID":"1723081","fromID":"1312218","toID":"1312217","formEdgeID":null},{"edgeID":"1723082","fromID":"1312219","toID":"1312218","formEdgeID":null},{"edgeID":"1723083","fromID":"1312217","toID":"1312220","formEdgeID":null},{"edgeID":"1723084","fromID":"1312220","toID":"1153281","formEdgeID":null},{"edgeID":"1723085","fromID":"1312222","toID":"1312221","formEdgeID":null},{"edgeID":"1723086","fromID":"1312223","toID":"1312222","formEdgeID":null},{"edgeID":"1723087","fromID":"1312221","toID":"1312224","formEdgeID":null},{"edgeID":"1723088","fromID":"1312224","toID":"1143242","formEdgeID":null},{"edgeID":"1723089","fromID":"1312226","toID":"1312225","formEdgeID":null},{"edgeID":"1723090","fromID":"1312227","toID":"1312226","formEdgeID":null},{"edgeID":"1723091","fromID":"1312225","toID":"1312228","formEdgeID":null},{"edgeID":"1723092","fromID":"1312228","toID":"1153289","formEdgeID":null},{"edgeID":"1723093","fromID":"1312230","toID":"1312229","formEdgeID":null},{"edgeID":"1723094","fromID":"1312231","toID":"1312230","formEdgeID":null},{"edgeID":"1723095","fromID":"1312229","toID":"1312232","formEdgeID":null},{"edgeID":"1723096","fromID":"1312232","toID":"1143256","formEdgeID":null},{"edgeID":"1723097","fromID":"1312234","toID":"1312233","formEdgeID":null},{"edgeID":"1723098","fromID":"1312235","toID":"1312234","formEdgeID":null},{"edgeID":"1723099","fromID":"1312233","toID":"1312236","formEdgeID":null},{"edgeID":"1723100","fromID":"1312236","toID":"1153298","formEdgeID":null},{"edgeID":"1723101","fromID":"1312238","toID":"1312237","formEdgeID":null},{"edgeID":"1723102","fromID":"1312239","toID":"1312238","formEdgeID":null},{"edgeID":"1723103","fromID":"1312237","toID":"1312240","formEdgeID":null},{"edgeID":"1723104","fromID":"1312240","toID":"1153303","formEdgeID":null},{"edgeID":"1723105","fromID":"1312242","toID":"1312241","formEdgeID":null},{"edgeID":"1723106","fromID":"1312243","toID":"1312242","formEdgeID":null},{"edgeID":"1723107","fromID":"1312241","toID":"1312244","formEdgeID":null},{"edgeID":"1723108","fromID":"1312244","toID":"1153307","formEdgeID":null},{"edgeID":"1723109","fromID":"1312246","toID":"1312245","formEdgeID":null},{"edgeID":"1723110","fromID":"1312247","toID":"1312246","formEdgeID":null},{"edgeID":"1723111","fromID":"1312249","toID":"1312248","formEdgeID":null},{"edgeID":"1723112","fromID":"1312250","toID":"1312249","formEdgeID":null},{"edgeID":"1723113","fromID":"1312252","toID":"1312251","formEdgeID":null},{"edgeID":"1723114","fromID":"1312253","toID":"1312252","formEdgeID":null},{"edgeID":"1723115","fromID":"1312251","toID":"1312254","formEdgeID":null},{"edgeID":"1723116","fromID":"1312254","toID":"1153317","formEdgeID":null},{"edgeID":"1723117","fromID":"1312256","toID":"1312255","formEdgeID":null},{"edgeID":"1723118","fromID":"1312257","toID":"1312256","formEdgeID":null},{"edgeID":"1723119","fromID":"1312255","toID":"1312258","formEdgeID":null},{"edgeID":"1723120","fromID":"1312258","toID":"1153303","formEdgeID":null},{"edgeID":"1723121","fromID":"1312251","toID":"1312259","formEdgeID":null},{"edgeID":"1723122","fromID":"1312259","toID":"1312255","formEdgeID":null},{"edgeID":"1723123","fromID":"1312245","toID":"1312260","formEdgeID":null},{"edgeID":"1723124","fromID":"1312260","toID":"1312248","formEdgeID":null},{"edgeID":"1723125","fromID":"1312248","toID":"1312261","formEdgeID":null},{"edgeID":"1723126","fromID":"1312261","toID":"1153311","formEdgeID":null},{"edgeID":"1723127","fromID":"1312245","toID":"1312262","formEdgeID":null},{"edgeID":"1723128","fromID":"1312262","toID":"1312251","formEdgeID":null},{"edgeID":"1723129","fromID":"1312241","toID":"1312263","formEdgeID":null},{"edgeID":"1723130","fromID":"1312263","toID":"1312245","formEdgeID":null},{"edgeID":"1723131","fromID":"1312237","toID":"1312264","formEdgeID":null},{"edgeID":"1723132","fromID":"1312264","toID":"1312241","formEdgeID":null},{"edgeID":"1723133","fromID":"1312237","toID":"1312265","formEdgeID":null},{"edgeID":"1723134","fromID":"1312265","toID":"1312255","formEdgeID":null},{"edgeID":"1723135","fromID":"1153303","toID":"1312266","formEdgeID":null},{"edgeID":"1723136","fromID":"1312266","toID":"1153303","formEdgeID":null},{"edgeID":"1723137","fromID":"1312265","toID":"1312267","formEdgeID":null},{"edgeID":"1723138","fromID":"1312267","toID":"1312266","formEdgeID":null},{"edgeID":"1723139","fromID":"1312233","toID":"1312268","formEdgeID":null},{"edgeID":"1723140","fromID":"1312268","toID":"1312237","formEdgeID":null},{"edgeID":"1723141","fromID":"1312229","toID":"1312269","formEdgeID":null},{"edgeID":"1723142","fromID":"1312269","toID":"1312233","formEdgeID":null},{"edgeID":"1723143","fromID":"1312225","toID":"1312270","formEdgeID":null},{"edgeID":"1723144","fromID":"1312270","toID":"1312229","formEdgeID":null},{"edgeID":"1723145","fromID":"1312221","toID":"1312271","formEdgeID":null},{"edgeID":"1723146","fromID":"1312271","toID":"1312225","formEdgeID":null},{"edgeID":"1723147","fromID":"1312217","toID":"1312272","formEdgeID":null},{"edgeID":"1723148","fromID":"1312272","toID":"1312221","formEdgeID":null},{"edgeID":"1723149","fromID":"1153298","toID":"1312273","formEdgeID":null},{"edgeID":"1723150","fromID":"1312273","toID":"1143242","formEdgeID":null},{"edgeID":"1723151","fromID":"1312221","toID":"1312274","formEdgeID":null},{"edgeID":"1723152","fromID":"1312274","toID":"1312233","formEdgeID":null},{"edgeID":"1723153","fromID":"1312274","toID":"1312275","formEdgeID":null},{"edgeID":"1723154","fromID":"1312275","toID":"1312273","formEdgeID":null},{"edgeID":"1723155","fromID":"1312213","toID":"1312276","formEdgeID":null},{"edgeID":"1723156","fromID":"1312276","toID":"1312217","formEdgeID":null},{"edgeID":"1723157","fromID":"1153289","toID":"1312277","formEdgeID":null},{"edgeID":"1723158","fromID":"1312277","toID":"1143242","formEdgeID":null},{"edgeID":"1723159","fromID":"1312271","toID":"1312278","formEdgeID":null},{"edgeID":"1723160","fromID":"1312278","toID":"1312277","formEdgeID":null},{"edgeID":"1723161","fromID":"1153281","toID":"1312279","formEdgeID":null},{"edgeID":"1723162","fromID":"1312279","toID":"1143242","formEdgeID":null},{"edgeID":"1723163","fromID":"1312272","toID":"1312280","formEdgeID":null},{"edgeID":"1723164","fromID":"1312280","toID":"1312279","formEdgeID":null},{"edgeID":"1723165","fromID":"1143222","toID":"1312281","formEdgeID":null},{"edgeID":"1723166","fromID":"1312281","toID":"1153265","formEdgeID":null},{"edgeID":"1723167","fromID":"1312201","toID":"1312282","formEdgeID":null},{"edgeID":"1723168","fromID":"1312282","toID":"1312213","formEdgeID":null},{"edgeID":"1723169","fromID":"1312282","toID":"1312283","formEdgeID":null},{"edgeID":"1723170","fromID":"1312283","toID":"1312281","formEdgeID":null},{"edgeID":"1723171","fromID":"1312209","toID":"1312284","formEdgeID":null},{"edgeID":"1723172","fromID":"1312284","toID":"1312213","formEdgeID":null},{"edgeID":"1723173","fromID":"1143212","toID":"1312285","formEdgeID":null},{"edgeID":"1723174","fromID":"1312285","toID":"1143222","formEdgeID":null},{"edgeID":"1723175","fromID":"1143217","toID":"1312285","formEdgeID":null},{"edgeID":"1723176","fromID":"1312201","toID":"1312286","formEdgeID":null},{"edgeID":"1723177","fromID":"1312286","toID":"1312205","formEdgeID":null},{"edgeID":"1723178","fromID":"1312205","toID":"1312287","formEdgeID":null},{"edgeID":"1723179","fromID":"1312287","toID":"1312209","formEdgeID":null},{"edgeID":"1723180","fromID":"1312284","toID":"1312288","formEdgeID":null},{"edgeID":"1723181","fromID":"1312288","toID":"1312285","formEdgeID":null},{"edgeID":"1723182","fromID":"1153281","toID":"1312289","formEdgeID":null},{"edgeID":"1723183","fromID":"1312289","toID":"1143222","formEdgeID":null},{"edgeID":"1723184","fromID":"1312276","toID":"1312290","formEdgeID":null},{"edgeID":"1723185","fromID":"1312290","toID":"1312289","formEdgeID":null}],"locutions":[]}