{"nodes":[{"nodeID":"1143967","text":"local conservative candidates do or do not deserve to be punished in the local elections because of the Prime Minister's and other Conservative MPs' actions","type":"I","timestamp":"2023-04-20 10:03:09"},{"nodeID":"1143972","text":"conservative candidate leaflets in Hartlepool bore the message, \"This Thursday,\" ie today, \"please don't punish local Conservatives for the mistakes made in Westminster.\"","type":"I","timestamp":"2023-04-20 10:03:11"},{"nodeID":"1143977","text":"Wilfred Emmanuel-Jones predicts that the conservative candidates will be punished","type":"I","timestamp":"2023-04-20 10:03:14"},{"nodeID":"1143982","text":"this sort of stuff tends to happen half way through parliament","type":"I","timestamp":"2023-04-20 10:03:16"},{"nodeID":"1143987","text":"one of the questions Wilfred Emmanuel-Jones was hoping to come up is the thing between partygate and beergate","type":"I","timestamp":"2023-04-20 10:03:19"},{"nodeID":"1143992","text":"when you start to just rake up dirt\u2026if you dig deep enough you can always find people have done things wrong","type":"I","timestamp":"2023-04-20 10:03:21"},{"nodeID":"1143997","text":"what we need to try and do with our politics is to be results driven","type":"I","timestamp":"2023-04-20 10:03:24"},{"nodeID":"1144002","text":"rather than at the moment it's all about personality","type":"I","timestamp":"2023-04-20 10:03:26"},{"nodeID":"1144007","text":"actually the conservative candidates do get punished","type":"I","timestamp":"2023-04-20 10:03:29"},{"nodeID":"1144012","text":"what everybody has to focus on is who is the party that is going to deliver","type":"I","timestamp":"2023-04-20 10:03:31"},{"nodeID":"1310661","text":"AudienceMember 20220512QT20: Do local conservative candidates deserve to be punished in the local elections because of the Prime Minister's and other Conservative MPs' actions","type":"L","timestamp":"2023-11-09 13:10:23"},{"nodeID":"1310662","text":"Analysing","type":"YA","timestamp":"2023-11-09 13:10:23"},{"nodeID":"1310663","text":"Anna : AudienceMember 20220512QT20: Do local conservative candidates deserve to be punished in the local elections because of the Prime Minister's and other Conservative MPs' actions","type":"L","timestamp":"2023-11-09 13:10:23"},{"nodeID":"1310664","text":"Rhetorical Questioning","type":"YA","timestamp":"2023-11-09 13:10:23"},{"nodeID":"1310665","text":"Fiona Bruce: Conservative candidate leaflets in Hartlepool bore the message, \"This Thursday,\" ie today, \"please don't punish local Conservatives for the mistakes made in Westminster.\"","type":"L","timestamp":"2023-11-09 13:10:24"},{"nodeID":"1310666","text":"Analysing","type":"YA","timestamp":"2023-11-09 13:10:24"},{"nodeID":"1310667","text":"Anna : Fiona Bruce: Conservative candidate leaflets in Hartlepool bore the message, \"This Thursday,\" ie today, \"please don't punish local Conservatives for the mistakes made in Westminster.\"","type":"L","timestamp":"2023-11-09 13:10:24"},{"nodeID":"1310668","text":"Asserting","type":"YA","timestamp":"2023-11-09 13:10:24"},{"nodeID":"1310669","text":"Wilfred Emmanuel-Jones: I predict that we will be punished","type":"L","timestamp":"2023-11-09 13:10:25"},{"nodeID":"1310670","text":"Analysing","type":"YA","timestamp":"2023-11-09 13:10:25"},{"nodeID":"1310671","text":"Anna : Wilfred Emmanuel-Jones: I predict that we will be punished","type":"L","timestamp":"2023-11-09 13:10:25"},{"nodeID":"1310672","text":"Asserting","type":"YA","timestamp":"2023-11-09 13:10:25"},{"nodeID":"1310673","text":"Wilfred Emmanuel-Jones: but this sort of stuff tends to happen half way through parliament","type":"L","timestamp":"2023-11-09 13:10:25"},{"nodeID":"1310674","text":"Analysing","type":"YA","timestamp":"2023-11-09 13:10:25"},{"nodeID":"1310675","text":"Anna : Wilfred Emmanuel-Jones: but this sort of stuff tends to happen half way through parliament","type":"L","timestamp":"2023-11-09 13:10:25"},{"nodeID":"1310676","text":"Asserting","type":"YA","timestamp":"2023-11-09 13:10:25"},{"nodeID":"1310677","text":"Wilfred Emmanuel-Jones: One of the questions I was hoping to come up, and I don't know if somebody's asked this, is the thing between partygate and beergate","type":"L","timestamp":"2023-11-09 13:10:26"},{"nodeID":"1310678","text":"Analysing","type":"YA","timestamp":"2023-11-09 13:10:26"},{"nodeID":"1310679","text":"Anna : Wilfred Emmanuel-Jones: One of the questions I was hoping to come up, and I don't know if somebody's asked this, is the thing between partygate and beergate","type":"L","timestamp":"2023-11-09 13:10:26"},{"nodeID":"1310680","text":"Asserting","type":"YA","timestamp":"2023-11-09 13:10:26"},{"nodeID":"1310681","text":"Wilfred Emmanuel-Jones: One of the things I think we have to start looking at is when you start to just rake up dirt\u2026if you dig deep enough you can always find people have done things wrong","type":"L","timestamp":"2023-11-09 13:10:26"},{"nodeID":"1310682","text":"Analysing","type":"YA","timestamp":"2023-11-09 13:10:26"},{"nodeID":"1310683","text":"Anna : Wilfred Emmanuel-Jones: One of the things I think we have to start looking at is when you start to just rake up dirt\u2026if you dig deep enough you can always find people have done things wrong","type":"L","timestamp":"2023-11-09 13:10:26"},{"nodeID":"1310684","text":"Asserting","type":"YA","timestamp":"2023-11-09 13:10:26"},{"nodeID":"1310685","text":"Wilfred Emmanuel-Jones: and I think that what we need to try and do with our politics is to be results driven","type":"L","timestamp":"2023-11-09 13:10:27"},{"nodeID":"1310686","text":"Analysing","type":"YA","timestamp":"2023-11-09 13:10:27"},{"nodeID":"1310687","text":"Anna : Wilfred Emmanuel-Jones: and I think that what we need to try and do with our politics is to be results driven","type":"L","timestamp":"2023-11-09 13:10:27"},{"nodeID":"1310688","text":"Asserting","type":"YA","timestamp":"2023-11-09 13:10:27"},{"nodeID":"1310689","text":"Wilfred Emmanuel-Jones: rather than at the moment it's all about personality","type":"L","timestamp":"2023-11-09 13:10:28"},{"nodeID":"1310690","text":"Analysing","type":"YA","timestamp":"2023-11-09 13:10:28"},{"nodeID":"1310691","text":"Anna : Wilfred Emmanuel-Jones: rather than at the moment it's all about personality","type":"L","timestamp":"2023-11-09 13:10:28"},{"nodeID":"1310692","text":"Asserting","type":"YA","timestamp":"2023-11-09 13:10:28"},{"nodeID":"1310693","text":"Wilfred Emmanuel-Jones: I just think that actually we do get punished","type":"L","timestamp":"2023-11-09 13:10:28"},{"nodeID":"1310694","text":"Analysing","type":"YA","timestamp":"2023-11-09 13:10:28"},{"nodeID":"1310695","text":"Anna : Wilfred Emmanuel-Jones: I just think that actually we do get punished","type":"L","timestamp":"2023-11-09 13:10:28"},{"nodeID":"1310696","text":"Asserting","type":"YA","timestamp":"2023-11-09 13:10:28"},{"nodeID":"1310697","text":"Wilfred Emmanuel-Jones: What everybody has to focus on is who is the party that is going to deliver","type":"L","timestamp":"2023-11-09 13:10:29"},{"nodeID":"1310698","text":"Analysing","type":"YA","timestamp":"2023-11-09 13:10:29"},{"nodeID":"1310699","text":"Anna : Wilfred Emmanuel-Jones: What everybody has to focus on is who is the party that is going to deliver","type":"L","timestamp":"2023-11-09 13:10:29"},{"nodeID":"1310700","text":"Asserting","type":"YA","timestamp":"2023-11-09 13:10:29"},{"nodeID":"1310701","text":"Default Transition","type":"TA","timestamp":"2023-11-09 13:10:29"},{"nodeID":"1310702","text":"Default Transition","type":"TA","timestamp":"2023-11-09 13:10:29"},{"nodeID":"1310703","text":"Default Transition","type":"TA","timestamp":"2023-11-09 13:10:29"},{"nodeID":"1310704","text":"Default Transition","type":"TA","timestamp":"2023-11-09 13:10:29"},{"nodeID":"1310705","text":"Default Transition","type":"TA","timestamp":"2023-11-09 13:10:29"},{"nodeID":"1310706","text":"Default Transition","type":"TA","timestamp":"2023-11-09 13:10:29"},{"nodeID":"1310707","text":"Default Inference","type":"RA","timestamp":"2023-11-09 13:10:29"},{"nodeID":"1310708","text":"Arguing","type":"YA","timestamp":"2023-11-09 13:10:29"},{"nodeID":"1310709","text":"Default Rephrase","type":"MA","timestamp":"2023-11-09 13:10:29"},{"nodeID":"1310710","text":"Default Transition","type":"TA","timestamp":"2023-11-09 13:10:29"},{"nodeID":"1310711","text":"Restating","type":"YA","timestamp":"2023-11-09 13:10:29"},{"nodeID":"1310712","text":"Default Inference","type":"RA","timestamp":"2023-11-09 13:10:29"},{"nodeID":"1310713","text":"Default Transition","type":"TA","timestamp":"2023-11-09 13:10:29"},{"nodeID":"1310714","text":"Arguing","type":"YA","timestamp":"2023-11-09 13:10:29"},{"nodeID":"1310715","text":"Default Inference","type":"RA","timestamp":"2023-11-09 13:10:29"},{"nodeID":"1310716","text":"Arguing","type":"YA","timestamp":"2023-11-09 13:10:29"},{"nodeID":"1310717","text":"Default Transition","type":"TA","timestamp":"2023-11-09 13:10:29"}],"edges":[{"edgeID":"1721146","fromID":"1310662","toID":"1310661","formEdgeID":null},{"edgeID":"1721147","fromID":"1310663","toID":"1310662","formEdgeID":null},{"edgeID":"1721148","fromID":"1310661","toID":"1310664","formEdgeID":null},{"edgeID":"1721149","fromID":"1310664","toID":"1143967","formEdgeID":null},{"edgeID":"1721150","fromID":"1310666","toID":"1310665","formEdgeID":null},{"edgeID":"1721151","fromID":"1310667","toID":"1310666","formEdgeID":null},{"edgeID":"1721152","fromID":"1310665","toID":"1310668","formEdgeID":null},{"edgeID":"1721153","fromID":"1310668","toID":"1143972","formEdgeID":null},{"edgeID":"1721154","fromID":"1310670","toID":"1310669","formEdgeID":null},{"edgeID":"1721155","fromID":"1310671","toID":"1310670","formEdgeID":null},{"edgeID":"1721156","fromID":"1310669","toID":"1310672","formEdgeID":null},{"edgeID":"1721157","fromID":"1310672","toID":"1143977","formEdgeID":null},{"edgeID":"1721158","fromID":"1310674","toID":"1310673","formEdgeID":null},{"edgeID":"1721159","fromID":"1310675","toID":"1310674","formEdgeID":null},{"edgeID":"1721160","fromID":"1310673","toID":"1310676","formEdgeID":null},{"edgeID":"1721161","fromID":"1310676","toID":"1143982","formEdgeID":null},{"edgeID":"1721162","fromID":"1310678","toID":"1310677","formEdgeID":null},{"edgeID":"1721163","fromID":"1310679","toID":"1310678","formEdgeID":null},{"edgeID":"1721164","fromID":"1310677","toID":"1310680","formEdgeID":null},{"edgeID":"1721165","fromID":"1310680","toID":"1143987","formEdgeID":null},{"edgeID":"1721166","fromID":"1310682","toID":"1310681","formEdgeID":null},{"edgeID":"1721167","fromID":"1310683","toID":"1310682","formEdgeID":null},{"edgeID":"1721168","fromID":"1310681","toID":"1310684","formEdgeID":null},{"edgeID":"1721169","fromID":"1310684","toID":"1143992","formEdgeID":null},{"edgeID":"1721170","fromID":"1310686","toID":"1310685","formEdgeID":null},{"edgeID":"1721171","fromID":"1310687","toID":"1310686","formEdgeID":null},{"edgeID":"1721172","fromID":"1310685","toID":"1310688","formEdgeID":null},{"edgeID":"1721173","fromID":"1310688","toID":"1143997","formEdgeID":null},{"edgeID":"1721174","fromID":"1310690","toID":"1310689","formEdgeID":null},{"edgeID":"1721175","fromID":"1310691","toID":"1310690","formEdgeID":null},{"edgeID":"1721176","fromID":"1310689","toID":"1310692","formEdgeID":null},{"edgeID":"1721177","fromID":"1310692","toID":"1144002","formEdgeID":null},{"edgeID":"1721178","fromID":"1310694","toID":"1310693","formEdgeID":null},{"edgeID":"1721179","fromID":"1310695","toID":"1310694","formEdgeID":null},{"edgeID":"1721180","fromID":"1310693","toID":"1310696","formEdgeID":null},{"edgeID":"1721181","fromID":"1310696","toID":"1144007","formEdgeID":null},{"edgeID":"1721182","fromID":"1310698","toID":"1310697","formEdgeID":null},{"edgeID":"1721183","fromID":"1310699","toID":"1310698","formEdgeID":null},{"edgeID":"1721184","fromID":"1310697","toID":"1310700","formEdgeID":null},{"edgeID":"1721185","fromID":"1310700","toID":"1144012","formEdgeID":null},{"edgeID":"1721186","fromID":"1310661","toID":"1310701","formEdgeID":null},{"edgeID":"1721187","fromID":"1310701","toID":"1310665","formEdgeID":null},{"edgeID":"1721188","fromID":"1310665","toID":"1310702","formEdgeID":null},{"edgeID":"1721189","fromID":"1310702","toID":"1310669","formEdgeID":null},{"edgeID":"1721190","fromID":"1310669","toID":"1310703","formEdgeID":null},{"edgeID":"1721191","fromID":"1310703","toID":"1310673","formEdgeID":null},{"edgeID":"1721192","fromID":"1310673","toID":"1310704","formEdgeID":null},{"edgeID":"1721193","fromID":"1310704","toID":"1310677","formEdgeID":null},{"edgeID":"1721194","fromID":"1310681","toID":"1310705","formEdgeID":null},{"edgeID":"1721195","fromID":"1310705","toID":"1310685","formEdgeID":null},{"edgeID":"1721196","fromID":"1310685","toID":"1310706","formEdgeID":null},{"edgeID":"1721197","fromID":"1310706","toID":"1310689","formEdgeID":null},{"edgeID":"1721198","fromID":"1144002","toID":"1310707","formEdgeID":null},{"edgeID":"1721199","fromID":"1310707","toID":"1143997","formEdgeID":null},{"edgeID":"1721200","fromID":"1310706","toID":"1310708","formEdgeID":null},{"edgeID":"1721201","fromID":"1310708","toID":"1310707","formEdgeID":null},{"edgeID":"1721202","fromID":"1144007","toID":"1310709","formEdgeID":null},{"edgeID":"1721203","fromID":"1310709","toID":"1143977","formEdgeID":null},{"edgeID":"1721204","fromID":"1310669","toID":"1310710","formEdgeID":null},{"edgeID":"1721205","fromID":"1310710","toID":"1310693","formEdgeID":null},{"edgeID":"1721206","fromID":"1310710","toID":"1310711","formEdgeID":null},{"edgeID":"1721207","fromID":"1310711","toID":"1310709","formEdgeID":null},{"edgeID":"1721208","fromID":"1143997","toID":"1310712","formEdgeID":null},{"edgeID":"1721209","fromID":"1310712","toID":"1144012","formEdgeID":null},{"edgeID":"1721210","fromID":"1310685","toID":"1310713","formEdgeID":null},{"edgeID":"1721211","fromID":"1310713","toID":"1310697","formEdgeID":null},{"edgeID":"1721212","fromID":"1310713","toID":"1310714","formEdgeID":null},{"edgeID":"1721213","fromID":"1310714","toID":"1310712","formEdgeID":null},{"edgeID":"1721214","fromID":"1143992","toID":"1310715","formEdgeID":null},{"edgeID":"1721215","fromID":"1310715","toID":"1143997","formEdgeID":null},{"edgeID":"1721216","fromID":"1310705","toID":"1310716","formEdgeID":null},{"edgeID":"1721217","fromID":"1310716","toID":"1310715","formEdgeID":null},{"edgeID":"1721218","fromID":"1310677","toID":"1310717","formEdgeID":null},{"edgeID":"1721219","fromID":"1310717","toID":"1310681","formEdgeID":null}],"locutions":[]}