{"nodes":[{"nodeID":"1311059","text":"Wilfred Emmanuel-Jones wants to answer the question about value brands","type":"I","timestamp":"2023-11-09 13:10:57"},{"nodeID":"1311060","text":"Wilfred Emmanuel-Jones: I want to answer the question about value brands","type":"L","timestamp":"2023-11-09 13:10:57"},{"nodeID":"1311061","text":"Analysing","type":"YA","timestamp":"2023-11-09 13:10:57"},{"nodeID":"1311062","text":"Tuuli: Wilfred Emmanuel-Jones: I want to answer the question about value brands","type":"L","timestamp":"2023-11-09 13:10:57"},{"nodeID":"1311063","text":"Asserting","type":"YA","timestamp":"2023-11-09 13:10:57"},{"nodeID":"1311064","text":"what a lot of people don't know is that if you are asked to get a value brand it means you're having to compromise on quality","type":"I","timestamp":"2023-11-09 13:10:57"},{"nodeID":"1311065","text":"Wilfred Emmanuel-Jones: what a lot of you don't know is that if you are asked to get a value brand it means you're having to compromise on quality","type":"L","timestamp":"2023-11-09 13:10:57"},{"nodeID":"1311066","text":"Analysing","type":"YA","timestamp":"2023-11-09 13:10:57"},{"nodeID":"1311067","text":"Tuuli: Wilfred Emmanuel-Jones: what a lot of you don't know is that if you are asked to get a value brand it means you're having to compromise on quality","type":"L","timestamp":"2023-11-09 13:10:57"},{"nodeID":"1311068","text":"Asserting","type":"YA","timestamp":"2023-11-09 13:10:57"},{"nodeID":"1311069","text":"Default Transition","type":"TA","timestamp":"2023-11-09 13:10:57"},{"nodeID":"1311070","text":"take something as simple as a sausage, for example","type":"I","timestamp":"2023-11-09 13:10:58"},{"nodeID":"1311071","text":"Wilfred Emmanuel-Jones: Take something as simple as a sausage, for example","type":"L","timestamp":"2023-11-09 13:10:58"},{"nodeID":"1311072","text":"Analysing","type":"YA","timestamp":"2023-11-09 13:10:58"},{"nodeID":"1311073","text":"Tuuli: Wilfred Emmanuel-Jones: Take something as simple as a sausage, for example","type":"L","timestamp":"2023-11-09 13:10:58"},{"nodeID":"1311074","text":"Asserting","type":"YA","timestamp":"2023-11-09 13:10:58"},{"nodeID":"1311075","text":"Default Transition","type":"TA","timestamp":"2023-11-09 13:10:58"},{"nodeID":"1311076","text":"Wilfred Emmanuel-Jones makes sausages and has his own premium fairly pricey brand of them","type":"I","timestamp":"2023-11-09 13:10:58"},{"nodeID":"1311077","text":"Fiona Bruce: you make sausages and have your own premium fairly pricey brand of them","type":"L","timestamp":"2023-11-09 13:10:58"},{"nodeID":"1311078","text":"Analysing","type":"YA","timestamp":"2023-11-09 13:10:58"},{"nodeID":"1311079","text":"Tuuli: Fiona Bruce: you make sausages and have your own premium fairly pricey brand of them","type":"L","timestamp":"2023-11-09 13:10:58"},{"nodeID":"1311080","text":"Asserting","type":"YA","timestamp":"2023-11-09 13:10:58"},{"nodeID":"1311081","text":"Default Transition","type":"TA","timestamp":"2023-11-09 13:10:58"},{"nodeID":"1311082","text":"Default Conflict","type":"CA","timestamp":"2023-11-09 13:10:58"},{"nodeID":"1311083","text":"Disagreeing","type":"YA","timestamp":"2023-11-09 13:10:58"},{"nodeID":"1311084","text":"Wilfred Emmanuel-Jones knows a lot about sausages","type":"I","timestamp":"2023-11-09 13:10:59"},{"nodeID":"1311085","text":"Wilfred Emmanuel-Jones: I know a lot about sausages","type":"L","timestamp":"2023-11-09 13:10:59"},{"nodeID":"1311086","text":"Analysing","type":"YA","timestamp":"2023-11-09 13:10:59"},{"nodeID":"1311087","text":"Tuuli: Wilfred Emmanuel-Jones: I know a lot about sausages","type":"L","timestamp":"2023-11-09 13:10:59"},{"nodeID":"1311088","text":"Asserting","type":"YA","timestamp":"2023-11-09 13:10:59"},{"nodeID":"1311089","text":"Default Transition","type":"TA","timestamp":"2023-11-09 13:10:59"},{"nodeID":"1311090","text":"Default Inference","type":"RA","timestamp":"2023-11-09 13:10:59"},{"nodeID":"1311091","text":"Arguing","type":"YA","timestamp":"2023-11-09 13:10:59"},{"nodeID":"1311092","text":"one should just look at the back of the back when one sees a packet of sausages that is very cheap and see what is the meat content in that","type":"I","timestamp":"2023-11-09 13:11:00"},{"nodeID":"1311093","text":"Wilfred Emmanuel-Jones: Just look at the back of the back when you see a packet of sausages that is very cheap and see what is the meat content in that","type":"L","timestamp":"2023-11-09 13:11:00"},{"nodeID":"1311094","text":"Analysing","type":"YA","timestamp":"2023-11-09 13:11:00"},{"nodeID":"1311095","text":"Tuuli: Wilfred Emmanuel-Jones: Just look at the back of the back when you see a packet of sausages that is very cheap and see what is the meat content in that","type":"L","timestamp":"2023-11-09 13:11:00"},{"nodeID":"1311096","text":"Asserting","type":"YA","timestamp":"2023-11-09 13:11:00"},{"nodeID":"1311097","text":"Default Rephrase","type":"MA","timestamp":"2023-11-09 13:11:00"},{"nodeID":"1311098","text":"Default Transition","type":"TA","timestamp":"2023-11-09 13:11:00"},{"nodeID":"1311099","text":"Restating","type":"YA","timestamp":"2023-11-09 13:11:00"},{"nodeID":"1311100","text":"the chicken might be flown in from Thailand","type":"I","timestamp":"2023-11-09 13:11:00"},{"nodeID":"1311101","text":"Wilfred Emmanuel-Jones: Is it being flown in from Thailand","type":"L","timestamp":"2023-11-09 13:11:00"},{"nodeID":"1311102","text":"Analysing","type":"YA","timestamp":"2023-11-09 13:11:00"},{"nodeID":"1311103","text":"Tuuli: Wilfred Emmanuel-Jones: Is it being flown in from Thailand","type":"L","timestamp":"2023-11-09 13:11:00"},{"nodeID":"1311104","text":"Assertive Questioning","type":"YA","timestamp":"2023-11-09 13:11:00"},{"nodeID":"1311105","text":"the chicken might be actually coming from Poland","type":"I","timestamp":"2023-11-09 13:11:01"},{"nodeID":"1311106","text":"Wilfred Emmanuel-Jones: Is it actually coming from Poland","type":"L","timestamp":"2023-11-09 13:11:01"},{"nodeID":"1311107","text":"Analysing","type":"YA","timestamp":"2023-11-09 13:11:01"},{"nodeID":"1311108","text":"Tuuli: Wilfred Emmanuel-Jones: Is it actually coming from Poland","type":"L","timestamp":"2023-11-09 13:11:01"},{"nodeID":"1311109","text":"Assertive Questioning","type":"YA","timestamp":"2023-11-09 13:11:01"},{"nodeID":"1311110","text":"Default Transition","type":"TA","timestamp":"2023-11-09 13:11:01"},{"nodeID":"1311111","text":"Default Rephrase","type":"MA","timestamp":"2023-11-09 13:11:01"},{"nodeID":"1311112","text":"Restating","type":"YA","timestamp":"2023-11-09 13:11:01"},{"nodeID":"1311113","text":"when one is saying to people that they should go for value brands, one is saying they need to be compromising on their quality","type":"I","timestamp":"2023-11-09 13:11:01"},{"nodeID":"1311114","text":"Wilfred Emmanuel-Jones: saying to people that they should go for value brands, you're saying they need to be compromising on their quality","type":"L","timestamp":"2023-11-09 13:11:01"},{"nodeID":"1311115","text":"Analysing","type":"YA","timestamp":"2023-11-09 13:11:01"},{"nodeID":"1311116","text":"Tuuli: Wilfred Emmanuel-Jones: saying to people that they should go for value brands, you're saying they need to be compromising on their quality","type":"L","timestamp":"2023-11-09 13:11:01"},{"nodeID":"1311117","text":"Asserting","type":"YA","timestamp":"2023-11-09 13:11:01"},{"nodeID":"1311118","text":"when one is saying to people that they should go for value brands, one is saying they need to be compromising on their health","type":"I","timestamp":"2023-11-09 13:11:02"},{"nodeID":"1311119","text":"Wilfred Emmanuel-Jones: as that lady said before, on their health","type":"L","timestamp":"2023-11-09 13:11:02"},{"nodeID":"1311120","text":"Analysing","type":"YA","timestamp":"2023-11-09 13:11:02"},{"nodeID":"1311121","text":"Tuuli: Wilfred Emmanuel-Jones: as that lady said before, on their health","type":"L","timestamp":"2023-11-09 13:11:02"},{"nodeID":"1311122","text":"Default Transition","type":"TA","timestamp":"2023-11-09 13:11:02"},{"nodeID":"1311123","text":"AudienceMember 20220512QT08: when one is saying to people that they should go for value brands, one is saying they need to be compromising on their health","type":"L","timestamp":"2023-11-09 13:11:02"},{"nodeID":"1311124","text":"Analysing","type":"YA","timestamp":"2023-11-09 13:11:02"},{"nodeID":"1311125","text":"Tuuli: AudienceMember 20220512QT08: as that lady said before, on their health","type":"L","timestamp":"2023-11-09 13:11:02"},{"nodeID":"1311126","text":"Asserting","type":"YA","timestamp":"2023-11-09 13:11:02"},{"nodeID":"1311127","text":"Asserting","type":"YA","timestamp":"2023-11-09 13:11:02"},{"nodeID":"1311128","text":"Default Rephrase","type":"MA","timestamp":"2023-11-09 13:11:02"},{"nodeID":"1311129","text":"Restating","type":"YA","timestamp":"2023-11-09 13:11:02"},{"nodeID":"1311130","text":"Wilfred Emmanuel-Jones does not think compromising on health is the right answer","type":"I","timestamp":"2023-11-09 13:11:03"},{"nodeID":"1311131","text":"Wilfred Emmanuel-Jones: I do not think that's the right answer","type":"L","timestamp":"2023-11-09 13:11:03"},{"nodeID":"1311132","text":"Analysing","type":"YA","timestamp":"2023-11-09 13:11:03"},{"nodeID":"1311133","text":"Tuuli: Wilfred Emmanuel-Jones: I do not think that's the right answer","type":"L","timestamp":"2023-11-09 13:11:03"},{"nodeID":"1311134","text":"Asserting","type":"YA","timestamp":"2023-11-09 13:11:03"},{"nodeID":"1311135","text":"Default Transition","type":"TA","timestamp":"2023-11-09 13:11:03"},{"nodeID":"1311136","text":"there is a real crisis going on","type":"I","timestamp":"2023-11-09 13:11:03"},{"nodeID":"1311137","text":"Wilfred Emmanuel-Jones: There is a real crisis going on","type":"L","timestamp":"2023-11-09 13:11:03"},{"nodeID":"1311138","text":"Analysing","type":"YA","timestamp":"2023-11-09 13:11:03"},{"nodeID":"1311139","text":"Tuuli: Wilfred Emmanuel-Jones: There is a real crisis going on","type":"L","timestamp":"2023-11-09 13:11:03"},{"nodeID":"1311140","text":"Asserting","type":"YA","timestamp":"2023-11-09 13:11:03"},{"nodeID":"1311141","text":"Default Transition","type":"TA","timestamp":"2023-11-09 13:11:03"},{"nodeID":"1311142","text":"Wilfred Emmanuel-Jones is in the middle of massive negotiations with the supermarkets at the moment to try and get a price increase","type":"I","timestamp":"2023-11-09 13:11:04"},{"nodeID":"1311143","text":"Wilfred Emmanuel-Jones: I'm in the middle of massive negotiations with the supermarkets at the moment to try and get a price increase","type":"L","timestamp":"2023-11-09 13:11:04"},{"nodeID":"1311144","text":"Analysing","type":"YA","timestamp":"2023-11-09 13:11:04"},{"nodeID":"1311145","text":"Tuuli: Wilfred Emmanuel-Jones: I'm in the middle of massive negotiations with the supermarkets at the moment to try and get a price increase","type":"L","timestamp":"2023-11-09 13:11:04"},{"nodeID":"1311146","text":"Asserting","type":"YA","timestamp":"2023-11-09 13:11:04"},{"nodeID":"1311147","text":"Default Transition","type":"TA","timestamp":"2023-11-09 13:11:04"},{"nodeID":"1311148","text":"most of the supermarkets have said yes","type":"I","timestamp":"2023-11-09 13:11:04"},{"nodeID":"1311149","text":"Wilfred Emmanuel-Jones: Most of them have said yes","type":"L","timestamp":"2023-11-09 13:11:04"},{"nodeID":"1311150","text":"Analysing","type":"YA","timestamp":"2023-11-09 13:11:04"},{"nodeID":"1311151","text":"Tuuli: Wilfred Emmanuel-Jones: Most of them have said yes","type":"L","timestamp":"2023-11-09 13:11:04"},{"nodeID":"1311152","text":"Asserting","type":"YA","timestamp":"2023-11-09 13:11:04"},{"nodeID":"1311153","text":"Default Transition","type":"TA","timestamp":"2023-11-09 13:11:04"},{"nodeID":"1311154","text":"there's one of the supermarkets that's sticking out that won't actually give Wilfred Emmanuel-Jones the price increase that we need","type":"I","timestamp":"2023-11-09 13:11:05"},{"nodeID":"1311155","text":"Wilfred Emmanuel-Jones: there's one of them that's sticking out that won't actually give me the price increase that we need","type":"L","timestamp":"2023-11-09 13:11:05"},{"nodeID":"1311156","text":"Analysing","type":"YA","timestamp":"2023-11-09 13:11:05"},{"nodeID":"1311157","text":"Tuuli: Wilfred Emmanuel-Jones: there's one of them that's sticking out that won't actually give me the price increase that we need","type":"L","timestamp":"2023-11-09 13:11:05"},{"nodeID":"1311158","text":"Asserting","type":"YA","timestamp":"2023-11-09 13:11:05"},{"nodeID":"1311159","text":"Default Transition","type":"TA","timestamp":"2023-11-09 13:11:05"},{"nodeID":"1311160","text":"Default Conflict","type":"CA","timestamp":"2023-11-09 13:11:05"},{"nodeID":"1311161","text":"Disagreeing","type":"YA","timestamp":"2023-11-09 13:11:05"},{"nodeID":"1311162","text":"Default Conflict","type":"CA","timestamp":"2023-11-09 13:11:05"},{"nodeID":"1311163","text":"Disagreeing","type":"YA","timestamp":"2023-11-09 13:11:05"},{"nodeID":"1311164","text":"Default Inference","type":"RA","timestamp":"2023-11-09 13:11:05"},{"nodeID":"1311165","text":"Arguing","type":"YA","timestamp":"2023-11-09 13:11:05"},{"nodeID":"1311166","text":"Default Rephrase","type":"MA","timestamp":"2023-11-09 13:11:05"},{"nodeID":"1311167","text":"Restating","type":"YA","timestamp":"2023-11-09 13:11:05"},{"nodeID":"1311168","text":"Default Rephrase","type":"MA","timestamp":"2023-11-09 13:11:05"},{"nodeID":"1311169","text":"Default Transition","type":"TA","timestamp":"2023-11-09 13:11:05"},{"nodeID":"1311170","text":"Restating","type":"YA","timestamp":"2023-11-09 13:11:05"},{"nodeID":"1311171","text":"one is buying their chicken that looks very cheap","type":"I","timestamp":"2023-11-09 13:11:05"},{"nodeID":"1311172","text":"Wilfred Emmanuel-Jones: you're buying your chicken that looks very cheap","type":"L","timestamp":"2023-11-09 13:11:05"},{"nodeID":"1311173","text":"Analysing","type":"YA","timestamp":"2023-11-09 13:11:05"},{"nodeID":"1311174","text":"Tuuli: Wilfred Emmanuel-Jones: you're buying your chicken that looks very cheap","type":"L","timestamp":"2023-11-09 13:11:05"},{"nodeID":"1311175","text":"Asserting","type":"YA","timestamp":"2023-11-09 13:11:05"},{"nodeID":"1311176","text":"Default Transition","type":"TA","timestamp":"2023-11-09 13:11:05"},{"nodeID":"1311177","text":"that chicken might be coming from somewhere else than the UK","type":"I","timestamp":"2023-11-09 13:11:06"},{"nodeID":"1311178","text":"Wilfred Emmanuel-Jones: where is that chicken coming from","type":"L","timestamp":"2023-11-09 13:11:06"},{"nodeID":"1311179","text":"Analysing","type":"YA","timestamp":"2023-11-09 13:11:06"},{"nodeID":"1311180","text":"Tuuli: Wilfred Emmanuel-Jones: where is that chicken coming from","type":"L","timestamp":"2023-11-09 13:11:06"},{"nodeID":"1311181","text":"Asserting","type":"YA","timestamp":"2023-11-09 13:11:06"},{"nodeID":"1311182","text":"Default Transition","type":"TA","timestamp":"2023-11-09 13:11:06"},{"nodeID":"1311183","text":"Default Transition","type":"TA","timestamp":"2023-11-09 13:11:06"},{"nodeID":"1311184","text":"Default Inference","type":"RA","timestamp":"2023-11-09 13:11:06"},{"nodeID":"1311185","text":"Arguing","type":"YA","timestamp":"2023-11-09 13:11:06"},{"nodeID":"1311186","text":"Default Rephrase","type":"MA","timestamp":"2023-11-09 13:11:06"}],"edges":[{"edgeID":"1721634","fromID":"1311061","toID":"1311060","formEdgeID":null},{"edgeID":"1721635","fromID":"1311062","toID":"1311061","formEdgeID":null},{"edgeID":"1721636","fromID":"1311060","toID":"1311063","formEdgeID":null},{"edgeID":"1721637","fromID":"1311063","toID":"1311059","formEdgeID":null},{"edgeID":"1721638","fromID":"1311066","toID":"1311065","formEdgeID":null},{"edgeID":"1721639","fromID":"1311067","toID":"1311066","formEdgeID":null},{"edgeID":"1721640","fromID":"1311065","toID":"1311068","formEdgeID":null},{"edgeID":"1721641","fromID":"1311068","toID":"1311064","formEdgeID":null},{"edgeID":"1721642","fromID":"1311060","toID":"1311069","formEdgeID":null},{"edgeID":"1721643","fromID":"1311069","toID":"1311065","formEdgeID":null},{"edgeID":"1721644","fromID":"1311072","toID":"1311071","formEdgeID":null},{"edgeID":"1721645","fromID":"1311073","toID":"1311072","formEdgeID":null},{"edgeID":"1721646","fromID":"1311071","toID":"1311074","formEdgeID":null},{"edgeID":"1721647","fromID":"1311074","toID":"1311070","formEdgeID":null},{"edgeID":"1721648","fromID":"1311065","toID":"1311075","formEdgeID":null},{"edgeID":"1721649","fromID":"1311075","toID":"1311071","formEdgeID":null},{"edgeID":"1721650","fromID":"1311078","toID":"1311077","formEdgeID":null},{"edgeID":"1721651","fromID":"1311079","toID":"1311078","formEdgeID":null},{"edgeID":"1721652","fromID":"1311077","toID":"1311080","formEdgeID":null},{"edgeID":"1721653","fromID":"1311080","toID":"1311076","formEdgeID":null},{"edgeID":"1721654","fromID":"1311071","toID":"1311081","formEdgeID":null},{"edgeID":"1721655","fromID":"1311081","toID":"1311077","formEdgeID":null},{"edgeID":"1721656","fromID":"1311076","toID":"1311082","formEdgeID":null},{"edgeID":"1721657","fromID":"1311082","toID":"1311070","formEdgeID":null},{"edgeID":"1721658","fromID":"1311081","toID":"1311083","formEdgeID":null},{"edgeID":"1721659","fromID":"1311083","toID":"1311082","formEdgeID":null},{"edgeID":"1721660","fromID":"1311086","toID":"1311085","formEdgeID":null},{"edgeID":"1721661","fromID":"1311087","toID":"1311086","formEdgeID":null},{"edgeID":"1721662","fromID":"1311085","toID":"1311088","formEdgeID":null},{"edgeID":"1721663","fromID":"1311088","toID":"1311084","formEdgeID":null},{"edgeID":"1721664","fromID":"1311077","toID":"1311089","formEdgeID":null},{"edgeID":"1721665","fromID":"1311089","toID":"1311085","formEdgeID":null},{"edgeID":"1721666","fromID":"1311076","toID":"1311090","formEdgeID":null},{"edgeID":"1721667","fromID":"1311090","toID":"1311084","formEdgeID":null},{"edgeID":"1721668","fromID":"1311089","toID":"1311091","formEdgeID":null},{"edgeID":"1721669","fromID":"1311091","toID":"1311090","formEdgeID":null},{"edgeID":"1721670","fromID":"1311094","toID":"1311093","formEdgeID":null},{"edgeID":"1721671","fromID":"1311095","toID":"1311094","formEdgeID":null},{"edgeID":"1721672","fromID":"1311093","toID":"1311096","formEdgeID":null},{"edgeID":"1721673","fromID":"1311096","toID":"1311092","formEdgeID":null},{"edgeID":"1721674","fromID":"1311092","toID":"1311097","formEdgeID":null},{"edgeID":"1721675","fromID":"1311097","toID":"1311064","formEdgeID":null},{"edgeID":"1721676","fromID":"1311065","toID":"1311098","formEdgeID":null},{"edgeID":"1721677","fromID":"1311098","toID":"1311093","formEdgeID":null},{"edgeID":"1721678","fromID":"1311098","toID":"1311099","formEdgeID":null},{"edgeID":"1721679","fromID":"1311099","toID":"1311097","formEdgeID":null},{"edgeID":"1721680","fromID":"1311102","toID":"1311101","formEdgeID":null},{"edgeID":"1721681","fromID":"1311103","toID":"1311102","formEdgeID":null},{"edgeID":"1721682","fromID":"1311101","toID":"1311104","formEdgeID":null},{"edgeID":"1721683","fromID":"1311104","toID":"1311100","formEdgeID":null},{"edgeID":"1721684","fromID":"1311107","toID":"1311106","formEdgeID":null},{"edgeID":"1721685","fromID":"1311108","toID":"1311107","formEdgeID":null},{"edgeID":"1721686","fromID":"1311106","toID":"1311109","formEdgeID":null},{"edgeID":"1721687","fromID":"1311109","toID":"1311105","formEdgeID":null},{"edgeID":"1721688","fromID":"1311101","toID":"1311110","formEdgeID":null},{"edgeID":"1721689","fromID":"1311110","toID":"1311106","formEdgeID":null},{"edgeID":"1721690","fromID":"1311105","toID":"1311111","formEdgeID":null},{"edgeID":"1721691","fromID":"1311111","toID":"1311100","formEdgeID":null},{"edgeID":"1721692","fromID":"1311110","toID":"1311112","formEdgeID":null},{"edgeID":"1721693","fromID":"1311112","toID":"1311111","formEdgeID":null},{"edgeID":"1721694","fromID":"1311115","toID":"1311114","formEdgeID":null},{"edgeID":"1721695","fromID":"1311116","toID":"1311115","formEdgeID":null},{"edgeID":"1721696","fromID":"1311114","toID":"1311117","formEdgeID":null},{"edgeID":"1721697","fromID":"1311117","toID":"1311113","formEdgeID":null},{"edgeID":"1721698","fromID":"1311120","toID":"1311119","formEdgeID":null},{"edgeID":"1721699","fromID":"1311121","toID":"1311120","formEdgeID":null},{"edgeID":"1721700","fromID":"1311114","toID":"1311122","formEdgeID":null},{"edgeID":"1721701","fromID":"1311122","toID":"1311119","formEdgeID":null},{"edgeID":"1721702","fromID":"1311124","toID":"1311123","formEdgeID":null},{"edgeID":"1721703","fromID":"1311125","toID":"1311124","formEdgeID":null},{"edgeID":"1721704","fromID":"1311123","toID":"1311126","formEdgeID":null},{"edgeID":"1721705","fromID":"1311126","toID":"1311118","formEdgeID":null},{"edgeID":"1721706","fromID":"1311119","toID":"1311127","formEdgeID":null},{"edgeID":"1721707","fromID":"1311127","toID":"1311123","formEdgeID":null},{"edgeID":"1721708","fromID":"1311118","toID":"1311128","formEdgeID":null},{"edgeID":"1721709","fromID":"1311128","toID":"1311113","formEdgeID":null},{"edgeID":"1721710","fromID":"1311122","toID":"1311129","formEdgeID":null},{"edgeID":"1721711","fromID":"1311129","toID":"1311128","formEdgeID":null},{"edgeID":"1721712","fromID":"1311132","toID":"1311131","formEdgeID":null},{"edgeID":"1721713","fromID":"1311133","toID":"1311132","formEdgeID":null},{"edgeID":"1721714","fromID":"1311131","toID":"1311134","formEdgeID":null},{"edgeID":"1721715","fromID":"1311134","toID":"1311130","formEdgeID":null},{"edgeID":"1721716","fromID":"1311119","toID":"1311135","formEdgeID":null},{"edgeID":"1721717","fromID":"1311135","toID":"1311131","formEdgeID":null},{"edgeID":"1721718","fromID":"1311138","toID":"1311137","formEdgeID":null},{"edgeID":"1721719","fromID":"1311139","toID":"1311138","formEdgeID":null},{"edgeID":"1721720","fromID":"1311137","toID":"1311140","formEdgeID":null},{"edgeID":"1721721","fromID":"1311140","toID":"1311136","formEdgeID":null},{"edgeID":"1721722","fromID":"1311131","toID":"1311141","formEdgeID":null},{"edgeID":"1721723","fromID":"1311141","toID":"1311137","formEdgeID":null},{"edgeID":"1721724","fromID":"1311144","toID":"1311143","formEdgeID":null},{"edgeID":"1721725","fromID":"1311145","toID":"1311144","formEdgeID":null},{"edgeID":"1721726","fromID":"1311143","toID":"1311146","formEdgeID":null},{"edgeID":"1721727","fromID":"1311146","toID":"1311142","formEdgeID":null},{"edgeID":"1721728","fromID":"1311137","toID":"1311147","formEdgeID":null},{"edgeID":"1721729","fromID":"1311147","toID":"1311143","formEdgeID":null},{"edgeID":"1721730","fromID":"1311150","toID":"1311149","formEdgeID":null},{"edgeID":"1721731","fromID":"1311151","toID":"1311150","formEdgeID":null},{"edgeID":"1721732","fromID":"1311149","toID":"1311152","formEdgeID":null},{"edgeID":"1721733","fromID":"1311152","toID":"1311148","formEdgeID":null},{"edgeID":"1721734","fromID":"1311143","toID":"1311153","formEdgeID":null},{"edgeID":"1721735","fromID":"1311153","toID":"1311149","formEdgeID":null},{"edgeID":"1721736","fromID":"1311156","toID":"1311155","formEdgeID":null},{"edgeID":"1721737","fromID":"1311157","toID":"1311156","formEdgeID":null},{"edgeID":"1721738","fromID":"1311155","toID":"1311158","formEdgeID":null},{"edgeID":"1721739","fromID":"1311158","toID":"1311154","formEdgeID":null},{"edgeID":"1721740","fromID":"1311149","toID":"1311159","formEdgeID":null},{"edgeID":"1721741","fromID":"1311159","toID":"1311155","formEdgeID":null},{"edgeID":"1721742","fromID":"1311154","toID":"1311160","formEdgeID":null},{"edgeID":"1721743","fromID":"1311160","toID":"1311148","formEdgeID":null},{"edgeID":"1721744","fromID":"1311159","toID":"1311161","formEdgeID":null},{"edgeID":"1721745","fromID":"1311161","toID":"1311160","formEdgeID":null},{"edgeID":"1721746","fromID":"1311130","toID":"1311162","formEdgeID":null},{"edgeID":"1721747","fromID":"1311162","toID":"1311118","formEdgeID":null},{"edgeID":"1721748","fromID":"1311135","toID":"1311163","formEdgeID":null},{"edgeID":"1721749","fromID":"1311163","toID":"1311162","formEdgeID":null},{"edgeID":"1721750","fromID":"1311136","toID":"1311164","formEdgeID":null},{"edgeID":"1721751","fromID":"1311164","toID":"1311142","formEdgeID":null},{"edgeID":"1721752","fromID":"1311147","toID":"1311165","formEdgeID":null},{"edgeID":"1721753","fromID":"1311165","toID":"1311164","formEdgeID":null},{"edgeID":"1721754","fromID":"1311148","toID":"1311166","formEdgeID":null},{"edgeID":"1721755","fromID":"1311166","toID":"1311142","formEdgeID":null},{"edgeID":"1721756","fromID":"1311153","toID":"1311167","formEdgeID":null},{"edgeID":"1721757","fromID":"1311167","toID":"1311166","formEdgeID":null},{"edgeID":"1721758","fromID":"1311113","toID":"1311168","formEdgeID":null},{"edgeID":"1721759","fromID":"1311168","toID":"1311064","formEdgeID":null},{"edgeID":"1721760","fromID":"1311065","toID":"1311169","formEdgeID":null},{"edgeID":"1721761","fromID":"1311169","toID":"1311114","formEdgeID":null},{"edgeID":"1721762","fromID":"1311169","toID":"1311170","formEdgeID":null},{"edgeID":"1721763","fromID":"1311170","toID":"1311168","formEdgeID":null},{"edgeID":"1721764","fromID":"1311173","toID":"1311172","formEdgeID":null},{"edgeID":"1721765","fromID":"1311174","toID":"1311173","formEdgeID":null},{"edgeID":"1721766","fromID":"1311172","toID":"1311175","formEdgeID":null},{"edgeID":"1721767","fromID":"1311175","toID":"1311171","formEdgeID":null},{"edgeID":"1721768","fromID":"1311093","toID":"1311176","formEdgeID":null},{"edgeID":"1721769","fromID":"1311176","toID":"1311172","formEdgeID":null},{"edgeID":"1721770","fromID":"1311179","toID":"1311178","formEdgeID":null},{"edgeID":"1721771","fromID":"1311180","toID":"1311179","formEdgeID":null},{"edgeID":"1721772","fromID":"1311178","toID":"1311181","formEdgeID":null},{"edgeID":"1721773","fromID":"1311181","toID":"1311177","formEdgeID":null},{"edgeID":"1721774","fromID":"1311172","toID":"1311182","formEdgeID":null},{"edgeID":"1721775","fromID":"1311182","toID":"1311178","formEdgeID":null},{"edgeID":"1721776","fromID":"1311178","toID":"1311183","formEdgeID":null},{"edgeID":"1721777","fromID":"1311183","toID":"1311101","formEdgeID":null},{"edgeID":"1721778","fromID":"1311171","toID":"1311184","formEdgeID":null},{"edgeID":"1721779","fromID":"1311184","toID":"1311177","formEdgeID":null},{"edgeID":"1721780","fromID":"1311182","toID":"1311185","formEdgeID":null},{"edgeID":"1721781","fromID":"1311185","toID":"1311184","formEdgeID":null},{"edgeID":"1721782","fromID":"1311100","toID":"1311186","formEdgeID":null},{"edgeID":"1721783","fromID":"1311186","toID":"1311177","formEdgeID":null}],"locutions":[]}