{"nodes":[{"nodeID":"1312061","text":"Analysing","type":"YA","timestamp":"2023-11-09 13:12:23"},{"nodeID":"1312062","text":"Anna : Damian Green: which ought to of course set an example,","type":"L","timestamp":"2023-11-09 13:12:23"},{"nodeID":"1312063","text":"politics has gotten courser and ruder and more difficult particularly for women","type":"I","timestamp":"2023-11-09 13:12:24"},{"nodeID":"1312064","text":"Wilfred Emmanuel-Jones: so has politics","type":"L","timestamp":"2023-11-09 13:12:24"},{"nodeID":"1312065","text":"Analysing","type":"YA","timestamp":"2023-11-09 13:12:24"},{"nodeID":"1312066","text":"Anna : Wilfred Emmanuel-Jones: so has politics","type":"L","timestamp":"2023-11-09 13:12:24"},{"nodeID":"1312067","text":"Asserting","type":"YA","timestamp":"2023-11-09 13:12:24"},{"nodeID":"1312068","text":"the problem with Westminster, which ought to of course set an example, is that as society gets coarser and ruder","type":"I","timestamp":"2023-11-09 13:12:24"},{"nodeID":"1312069","text":"Damian Green: The problem with Westminster, which ought to of course set an example, is that as society gets coarser and ruder","type":"L","timestamp":"2023-11-09 13:12:24"},{"nodeID":"1312070","text":"Analysing","type":"YA","timestamp":"2023-11-09 13:12:24"},{"nodeID":"1312071","text":"Anna : Damian Green: The problem with Westminster, which ought to of course set an example, is that as society gets coarser and ruder","type":"L","timestamp":"2023-11-09 13:12:24"},{"nodeID":"1312072","text":"Asserting","type":"YA","timestamp":"2023-11-09 13:12:24"},{"nodeID":"1312073","text":"society in a sense becomes more difficult particularly for women","type":"I","timestamp":"2023-11-09 13:12:25"},{"nodeID":"1312074","text":"Damian Green:  and in a sense more difficult particularly for women","type":"L","timestamp":"2023-11-09 13:12:25"},{"nodeID":"1312075","text":"Analysing","type":"YA","timestamp":"2023-11-09 13:12:25"},{"nodeID":"1312076","text":"Anna : Damian Green:  and in a sense more difficult particularly for women","type":"L","timestamp":"2023-11-09 13:12:25"},{"nodeID":"1312077","text":"Asserting","type":"YA","timestamp":"2023-11-09 13:12:25"},{"nodeID":"1312078","text":"all the terrible things we've heard happening inside Westminster","type":"I","timestamp":"2023-11-09 13:12:26"},{"nodeID":"1312079","text":"Damian Green: because all the terrible things we've heard happening inside Westminster","type":"L","timestamp":"2023-11-09 13:12:26"},{"nodeID":"1312080","text":"Analysing","type":"YA","timestamp":"2023-11-09 13:12:26"},{"nodeID":"1312081","text":"Anna : Damian Green: because all the terrible things we've heard happening inside Westminster","type":"L","timestamp":"2023-11-09 13:12:26"},{"nodeID":"1312082","text":"Asserting","type":"YA","timestamp":"2023-11-09 13:12:26"},{"nodeID":"1312083","text":"the terrible things we've heard happening are much worse online","type":"I","timestamp":"2023-11-09 13:12:26"},{"nodeID":"1312084","text":"Damian Green: it's much worse online","type":"L","timestamp":"2023-11-09 13:12:26"},{"nodeID":"1312085","text":"Analysing","type":"YA","timestamp":"2023-11-09 13:12:26"},{"nodeID":"1312086","text":"Anna : Damian Green: it's much worse online","type":"L","timestamp":"2023-11-09 13:12:26"},{"nodeID":"1312087","text":"Asserting","type":"YA","timestamp":"2023-11-09 13:12:26"},{"nodeID":"1312088","text":"if you're a woman politician \u2013 I bet Lou finds this as well \u2013 the abuse you get online and the sexism and misogyny online is absolutely appalling","type":"I","timestamp":"2023-11-09 13:12:27"},{"nodeID":"1312089","text":"Damian Green: If you're a woman politician \u2013 I bet Lou finds this as well \u2013 the abuse you get online and the sexism and misogyny online is absolutely appalling","type":"L","timestamp":"2023-11-09 13:12:27"},{"nodeID":"1312090","text":"Analysing","type":"YA","timestamp":"2023-11-09 13:12:27"},{"nodeID":"1312091","text":"Anna : Damian Green: If you're a woman politician \u2013 I bet Lou finds this as well \u2013 the abuse you get online and the sexism and misogyny online is absolutely appalling","type":"L","timestamp":"2023-11-09 13:12:27"},{"nodeID":"1312092","text":"Asserting","type":"YA","timestamp":"2023-11-09 13:12:27"},{"nodeID":"1312093","text":"I was on this programme a few years ago with Angela Rayner and we were comparing\u2026when as the programme does it announces a few hours before who's on, we were comparing the abuse we were getting","type":"I","timestamp":"2023-11-09 13:12:27"},{"nodeID":"1312094","text":"Damian Green: I was on this programme a few years ago with Angela Rayner and we were comparing\u2026when as the programme does it announces a few hours before who's on, we were comparing the abuse we were getting","type":"L","timestamp":"2023-11-09 13:12:27"},{"nodeID":"1312095","text":"Analysing","type":"YA","timestamp":"2023-11-09 13:12:27"},{"nodeID":"1312096","text":"Anna : Damian Green: I was on this programme a few years ago with Angela Rayner and we were comparing\u2026when as the programme does it announces a few hours before who's on, we were comparing the abuse we were getting","type":"L","timestamp":"2023-11-09 13:12:27"},{"nodeID":"1312097","text":"Asserting","type":"YA","timestamp":"2023-11-09 13:12:27"},{"nodeID":"1312098","text":"Damian Green was getting sort of normal level abuse that politicians get","type":"I","timestamp":"2023-11-09 13:12:28"},{"nodeID":"1312099","text":"Damian Green: I was getting sort of normal level abuse that politicians get","type":"L","timestamp":"2023-11-09 13:12:28"},{"nodeID":"1312100","text":"Analysing","type":"YA","timestamp":"2023-11-09 13:12:28"},{"nodeID":"1312101","text":"Anna : Damian Green: I was getting sort of normal level abuse that politicians get","type":"L","timestamp":"2023-11-09 13:12:28"},{"nodeID":"1312102","text":"Asserting","type":"YA","timestamp":"2023-11-09 13:12:28"},{"nodeID":"1312103","text":"Angela was getting really horrible sexist, personal abuse","type":"I","timestamp":"2023-11-09 13:12:28"},{"nodeID":"1312104","text":"Damian Green: Angela was getting really horrible sexist, personal abuse","type":"L","timestamp":"2023-11-09 13:12:28"},{"nodeID":"1312105","text":"Analysing","type":"YA","timestamp":"2023-11-09 13:12:28"},{"nodeID":"1312106","text":"Anna : Damian Green: Angela was getting really horrible sexist, personal abuse","type":"L","timestamp":"2023-11-09 13:12:28"},{"nodeID":"1312107","text":"Asserting","type":"YA","timestamp":"2023-11-09 13:12:28"},{"nodeID":"1312108","text":"Charlotte Ivers:  I think that is true","type":"L","timestamp":"2023-11-09 13:12:28"},{"nodeID":"1312109","text":"Analysing","type":"YA","timestamp":"2023-11-09 13:12:28"},{"nodeID":"1312110","text":"Anna : Charlotte Ivers:  I think that is true","type":"L","timestamp":"2023-11-09 13:12:28"},{"nodeID":"1312111","text":"there are these sorts of incidents everywhere","type":"I","timestamp":"2023-11-09 13:12:29"},{"nodeID":"1312112","text":"Charlotte Ivers: There are these sorts of incidents everywhere","type":"L","timestamp":"2023-11-09 13:12:29"},{"nodeID":"1312113","text":"Analysing","type":"YA","timestamp":"2023-11-09 13:12:29"},{"nodeID":"1312114","text":"Anna : Charlotte Ivers: There are these sorts of incidents everywhere","type":"L","timestamp":"2023-11-09 13:12:29"},{"nodeID":"1312115","text":"Asserting","type":"YA","timestamp":"2023-11-09 13:12:29"},{"nodeID":"1312116","text":"Westminster has a particular power structure problem","type":"I","timestamp":"2023-11-09 13:12:30"},{"nodeID":"1312117","text":"Charlotte Ivers: I think Westminster has a particular power structure problem","type":"L","timestamp":"2023-11-09 13:12:30"},{"nodeID":"1312118","text":"Analysing","type":"YA","timestamp":"2023-11-09 13:12:30"},{"nodeID":"1312119","text":"Anna : Charlotte Ivers: I think Westminster has a particular power structure problem","type":"L","timestamp":"2023-11-09 13:12:30"},{"nodeID":"1312120","text":"Asserting","type":"YA","timestamp":"2023-11-09 13:12:30"},{"nodeID":"1312121","text":"you have the most powerful people in the country working alongside people who may have just left school, they may have just left university","type":"I","timestamp":"2023-11-09 13:12:30"},{"nodeID":"1312122","text":"Charlotte Ivers: You have the most powerful people in the country working alongside people who may have just left school, they may have just left university","type":"L","timestamp":"2023-11-09 13:12:30"},{"nodeID":"1312123","text":"Analysing","type":"YA","timestamp":"2023-11-09 13:12:30"},{"nodeID":"1312124","text":"Anna : Charlotte Ivers: You have the most powerful people in the country working alongside people who may have just left school, they may have just left university","type":"L","timestamp":"2023-11-09 13:12:30"},{"nodeID":"1312125","text":"Asserting","type":"YA","timestamp":"2023-11-09 13:12:30"},{"nodeID":"1312126","text":"that creates this huge power imbalance","type":"I","timestamp":"2023-11-09 13:12:31"},{"nodeID":"1312127","text":"Charlotte Ivers: and that creates this huge power imbalance","type":"L","timestamp":"2023-11-09 13:12:31"},{"nodeID":"1312128","text":"Analysing","type":"YA","timestamp":"2023-11-09 13:12:31"},{"nodeID":"1312129","text":"Anna : Charlotte Ivers: and that creates this huge power imbalance","type":"L","timestamp":"2023-11-09 13:12:31"},{"nodeID":"1312130","text":"Asserting","type":"YA","timestamp":"2023-11-09 13:12:31"},{"nodeID":"1312131","text":"Damian is right, things have got a bit better","type":"I","timestamp":"2023-11-09 13:12:31"},{"nodeID":"1312132","text":"Damian Green: Damian is right, things have got a bit better","type":"L","timestamp":"2023-11-09 13:12:31"},{"nodeID":"1312133","text":"Analysing","type":"YA","timestamp":"2023-11-09 13:12:31"},{"nodeID":"1312134","text":"Anna : Damian Green: Damian is right, things have got a bit better","type":"L","timestamp":"2023-11-09 13:12:31"},{"nodeID":"1312135","text":"Asserting","type":"YA","timestamp":"2023-11-09 13:12:31"},{"nodeID":"1312136","text":"there are systems in place","type":"I","timestamp":"2023-11-09 13:12:32"},{"nodeID":"1312137","text":"Charlotte Ivers: There are systems in place","type":"L","timestamp":"2023-11-09 13:12:32"},{"nodeID":"1312138","text":"Analysing","type":"YA","timestamp":"2023-11-09 13:12:32"},{"nodeID":"1312139","text":"Anna : Charlotte Ivers: There are systems in place","type":"L","timestamp":"2023-11-09 13:12:32"},{"nodeID":"1312140","text":"Asserting","type":"YA","timestamp":"2023-11-09 13:12:32"},{"nodeID":"1312141","text":"A lot of people say the systems in place are slow, they say they're clunky, they could be better","type":"I","timestamp":"2023-11-09 13:12:33"},{"nodeID":"1312142","text":"Charlotte Ivers:  A lot of people say they're slow, they say they're clunky, they could be better","type":"L","timestamp":"2023-11-09 13:12:33"},{"nodeID":"1312143","text":"Analysing","type":"YA","timestamp":"2023-11-09 13:12:33"},{"nodeID":"1312144","text":"Anna : Charlotte Ivers:  A lot of people say they're slow, they say they're clunky, they could be better","type":"L","timestamp":"2023-11-09 13:12:33"},{"nodeID":"1312145","text":"Asserting","type":"YA","timestamp":"2023-11-09 13:12:33"},{"nodeID":"1312146","text":"you could have all the structural changes in the world and you still have that big power imbalance and it creates unpleasantness","type":"I","timestamp":"2023-11-09 13:12:33"},{"nodeID":"1312147","text":"Charlotte Ivers: But I think you could have all the structural changes in the world and you still have that big power imbalance and it creates unpleasantness","type":"L","timestamp":"2023-11-09 13:12:33"},{"nodeID":"1312148","text":"Analysing","type":"YA","timestamp":"2023-11-09 13:12:33"},{"nodeID":"1312149","text":"Anna : Charlotte Ivers: But I think you could have all the structural changes in the world and you still have that big power imbalance and it creates unpleasantness","type":"L","timestamp":"2023-11-09 13:12:33"},{"nodeID":"1312150","text":"Asserting","type":"YA","timestamp":"2023-11-09 13:12:33"},{"nodeID":"1312151","text":"for people who want to take advantage of that it is a very easy place to take advantage","type":"I","timestamp":"2023-11-09 13:12:34"},{"nodeID":"1312152","text":"Charlotte Ivers: And for people who want to take advantage of that it is a very easy place to take advantage","type":"L","timestamp":"2023-11-09 13:12:34"},{"nodeID":"1312153","text":"Analysing","type":"YA","timestamp":"2023-11-09 13:12:34"},{"nodeID":"1312154","text":"Anna : Charlotte Ivers: And for people who want to take advantage of that it is a very easy place to take advantage","type":"L","timestamp":"2023-11-09 13:12:34"},{"nodeID":"1312155","text":"Asserting","type":"YA","timestamp":"2023-11-09 13:12:34"},{"nodeID":"1312156","text":"Default Transition","type":"TA","timestamp":"2023-11-09 13:12:34"},{"nodeID":"1312157","text":"Default Rephrase","type":"MA","timestamp":"2023-11-09 13:12:34"},{"nodeID":"1312158","text":"Restating","type":"YA","timestamp":"2023-11-09 13:12:34"},{"nodeID":"1312159","text":"Default Inference","type":"RA","timestamp":"2023-11-09 13:12:34"},{"nodeID":"1312160","text":"Default Transition","type":"TA","timestamp":"2023-11-09 13:12:34"},{"nodeID":"1312161","text":"Arguing","type":"YA","timestamp":"2023-11-09 13:12:34"},{"nodeID":"1312162","text":"Default Transition","type":"TA","timestamp":"2023-11-09 13:12:34"},{"nodeID":"1312163","text":"Default Rephrase","type":"MA","timestamp":"2023-11-09 13:12:34"},{"nodeID":"1312164","text":"Default Transition","type":"TA","timestamp":"2023-11-09 13:12:34"},{"nodeID":"1312165","text":"Restating","type":"YA","timestamp":"2023-11-09 13:12:34"},{"nodeID":"1312166","text":"Default Transition","type":"TA","timestamp":"2023-11-09 13:12:34"},{"nodeID":"1312167","text":"Default Inference","type":"RA","timestamp":"2023-11-09 13:12:34"},{"nodeID":"1312168","text":"Arguing","type":"YA","timestamp":"2023-11-09 13:12:34"},{"nodeID":"1312169","text":"Default Transition","type":"TA","timestamp":"2023-11-09 13:12:34"},{"nodeID":"1312170","text":"Default Inference","type":"RA","timestamp":"2023-11-09 13:12:34"},{"nodeID":"1312171","text":"Default Transition","type":"TA","timestamp":"2023-11-09 13:12:34"},{"nodeID":"1312172","text":"Default Transition","type":"TA","timestamp":"2023-11-09 13:12:34"},{"nodeID":"1312173","text":"Arguing","type":"YA","timestamp":"2023-11-09 13:12:34"},{"nodeID":"1312174","text":"Default Transition","type":"TA","timestamp":"2023-11-09 13:12:34"},{"nodeID":"1312175","text":"Agreeing","type":"YA","timestamp":"2023-11-09 13:12:34"},{"nodeID":"1312176","text":"Default Transition","type":"TA","timestamp":"2023-11-09 13:12:34"},{"nodeID":"1312177","text":"Default Transition","type":"TA","timestamp":"2023-11-09 13:12:34"},{"nodeID":"1312178","text":"Default Inference","type":"RA","timestamp":"2023-11-09 13:12:34"},{"nodeID":"1312179","text":"Default Transition","type":"TA","timestamp":"2023-11-09 13:12:34"},{"nodeID":"1312180","text":"Arguing","type":"YA","timestamp":"2023-11-09 13:12:34"},{"nodeID":"1312181","text":"Default Rephrase","type":"MA","timestamp":"2023-11-09 13:12:34"},{"nodeID":"1312182","text":"Default Transition","type":"TA","timestamp":"2023-11-09 13:12:34"},{"nodeID":"1312183","text":"Restating","type":"YA","timestamp":"2023-11-09 13:12:34"},{"nodeID":"1312184","text":"Default Transition","type":"TA","timestamp":"2023-11-09 13:12:34"},{"nodeID":"1312185","text":"Default Transition","type":"TA","timestamp":"2023-11-09 13:12:34"},{"nodeID":"1312186","text":"Unknown Speaker:  he systems in place are slow, they're clunky, they could be better","type":"L","timestamp":"2023-11-09 13:12:34"},{"nodeID":"1312187","text":"Analysing","type":"YA","timestamp":"2023-11-09 13:12:34"},{"nodeID":"1312188","text":"Anna : Unknown Speaker:  A lot of people say the systems in place are slow, they say they're clunky, they could be better","type":"L","timestamp":"2023-11-09 13:12:34"},{"nodeID":"1312189","text":"Asserting","type":"YA","timestamp":"2023-11-09 13:12:34"},{"nodeID":"1312190","text":"Default Conflict","type":"CA","timestamp":"2023-11-09 13:12:34"},{"nodeID":"1312191","text":"Default Transition","type":"TA","timestamp":"2023-11-09 13:12:34"},{"nodeID":"1312192","text":"Disagreeing","type":"YA","timestamp":"2023-11-09 13:12:34"},{"nodeID":"1312193","text":"Default Transition","type":"TA","timestamp":"2023-11-09 13:12:34"},{"nodeID":"1312194","text":"Default Transition","type":"TA","timestamp":"2023-11-09 13:12:34"},{"nodeID":"1312195","text":"Default Inference","type":"RA","timestamp":"2023-11-09 13:12:34"},{"nodeID":"1312196","text":"Arguing","type":"YA","timestamp":"2023-11-09 13:12:34"},{"nodeID":"1312197","text":"Default Inference","type":"RA","timestamp":"2023-11-09 13:12:34"},{"nodeID":"1312198","text":"Arguing","type":"YA","timestamp":"2023-11-09 13:12:34"},{"nodeID":"1312199","text":"Default Inference","type":"RA","timestamp":"2023-11-09 13:12:34"},{"nodeID":"1312200","text":"Arguing","type":"YA","timestamp":"2023-11-09 13:12:34"}],"edges":[{"edgeID":"1722904","fromID":"1312062","toID":"1312061","formEdgeID":null},{"edgeID":"1722905","fromID":"1312065","toID":"1312064","formEdgeID":null},{"edgeID":"1722906","fromID":"1312066","toID":"1312065","formEdgeID":null},{"edgeID":"1722907","fromID":"1312064","toID":"1312067","formEdgeID":null},{"edgeID":"1722908","fromID":"1312067","toID":"1312063","formEdgeID":null},{"edgeID":"1722909","fromID":"1312070","toID":"1312069","formEdgeID":null},{"edgeID":"1722910","fromID":"1312071","toID":"1312070","formEdgeID":null},{"edgeID":"1722911","fromID":"1312069","toID":"1312072","formEdgeID":null},{"edgeID":"1722912","fromID":"1312072","toID":"1312068","formEdgeID":null},{"edgeID":"1722913","fromID":"1312075","toID":"1312074","formEdgeID":null},{"edgeID":"1722914","fromID":"1312076","toID":"1312075","formEdgeID":null},{"edgeID":"1722915","fromID":"1312074","toID":"1312077","formEdgeID":null},{"edgeID":"1722916","fromID":"1312077","toID":"1312073","formEdgeID":null},{"edgeID":"1722917","fromID":"1312080","toID":"1312079","formEdgeID":null},{"edgeID":"1722918","fromID":"1312081","toID":"1312080","formEdgeID":null},{"edgeID":"1722919","fromID":"1312079","toID":"1312082","formEdgeID":null},{"edgeID":"1722920","fromID":"1312082","toID":"1312078","formEdgeID":null},{"edgeID":"1722921","fromID":"1312085","toID":"1312084","formEdgeID":null},{"edgeID":"1722922","fromID":"1312086","toID":"1312085","formEdgeID":null},{"edgeID":"1722923","fromID":"1312084","toID":"1312087","formEdgeID":null},{"edgeID":"1722924","fromID":"1312087","toID":"1312083","formEdgeID":null},{"edgeID":"1722925","fromID":"1312090","toID":"1312089","formEdgeID":null},{"edgeID":"1722926","fromID":"1312091","toID":"1312090","formEdgeID":null},{"edgeID":"1722927","fromID":"1312089","toID":"1312092","formEdgeID":null},{"edgeID":"1722928","fromID":"1312092","toID":"1312088","formEdgeID":null},{"edgeID":"1722929","fromID":"1312095","toID":"1312094","formEdgeID":null},{"edgeID":"1722930","fromID":"1312096","toID":"1312095","formEdgeID":null},{"edgeID":"1722931","fromID":"1312094","toID":"1312097","formEdgeID":null},{"edgeID":"1722932","fromID":"1312097","toID":"1312093","formEdgeID":null},{"edgeID":"1722933","fromID":"1312100","toID":"1312099","formEdgeID":null},{"edgeID":"1722934","fromID":"1312101","toID":"1312100","formEdgeID":null},{"edgeID":"1722935","fromID":"1312099","toID":"1312102","formEdgeID":null},{"edgeID":"1722936","fromID":"1312102","toID":"1312098","formEdgeID":null},{"edgeID":"1722937","fromID":"1312105","toID":"1312104","formEdgeID":null},{"edgeID":"1722938","fromID":"1312106","toID":"1312105","formEdgeID":null},{"edgeID":"1722939","fromID":"1312104","toID":"1312107","formEdgeID":null},{"edgeID":"1722940","fromID":"1312107","toID":"1312103","formEdgeID":null},{"edgeID":"1722941","fromID":"1312109","toID":"1312108","formEdgeID":null},{"edgeID":"1722942","fromID":"1312110","toID":"1312109","formEdgeID":null},{"edgeID":"1722943","fromID":"1312113","toID":"1312112","formEdgeID":null},{"edgeID":"1722944","fromID":"1312114","toID":"1312113","formEdgeID":null},{"edgeID":"1722945","fromID":"1312112","toID":"1312115","formEdgeID":null},{"edgeID":"1722946","fromID":"1312115","toID":"1312111","formEdgeID":null},{"edgeID":"1722947","fromID":"1312118","toID":"1312117","formEdgeID":null},{"edgeID":"1722948","fromID":"1312119","toID":"1312118","formEdgeID":null},{"edgeID":"1722949","fromID":"1312117","toID":"1312120","formEdgeID":null},{"edgeID":"1722950","fromID":"1312120","toID":"1312116","formEdgeID":null},{"edgeID":"1722951","fromID":"1312123","toID":"1312122","formEdgeID":null},{"edgeID":"1722952","fromID":"1312124","toID":"1312123","formEdgeID":null},{"edgeID":"1722953","fromID":"1312122","toID":"1312125","formEdgeID":null},{"edgeID":"1722954","fromID":"1312125","toID":"1312121","formEdgeID":null},{"edgeID":"1722955","fromID":"1312128","toID":"1312127","formEdgeID":null},{"edgeID":"1722956","fromID":"1312129","toID":"1312128","formEdgeID":null},{"edgeID":"1722957","fromID":"1312127","toID":"1312130","formEdgeID":null},{"edgeID":"1722958","fromID":"1312130","toID":"1312126","formEdgeID":null},{"edgeID":"1722959","fromID":"1312133","toID":"1312132","formEdgeID":null},{"edgeID":"1722960","fromID":"1312134","toID":"1312133","formEdgeID":null},{"edgeID":"1722961","fromID":"1312132","toID":"1312135","formEdgeID":null},{"edgeID":"1722962","fromID":"1312135","toID":"1312131","formEdgeID":null},{"edgeID":"1722963","fromID":"1312138","toID":"1312137","formEdgeID":null},{"edgeID":"1722964","fromID":"1312139","toID":"1312138","formEdgeID":null},{"edgeID":"1722965","fromID":"1312137","toID":"1312140","formEdgeID":null},{"edgeID":"1722966","fromID":"1312140","toID":"1312136","formEdgeID":null},{"edgeID":"1722967","fromID":"1312143","toID":"1312142","formEdgeID":null},{"edgeID":"1722968","fromID":"1312144","toID":"1312143","formEdgeID":null},{"edgeID":"1722969","fromID":"1312142","toID":"1312145","formEdgeID":null},{"edgeID":"1722970","fromID":"1312145","toID":"1312141","formEdgeID":null},{"edgeID":"1722971","fromID":"1312148","toID":"1312147","formEdgeID":null},{"edgeID":"1722972","fromID":"1312149","toID":"1312148","formEdgeID":null},{"edgeID":"1722973","fromID":"1312147","toID":"1312150","formEdgeID":null},{"edgeID":"1722974","fromID":"1312150","toID":"1312146","formEdgeID":null},{"edgeID":"1722975","fromID":"1312153","toID":"1312152","formEdgeID":null},{"edgeID":"1722976","fromID":"1312154","toID":"1312153","formEdgeID":null},{"edgeID":"1722977","fromID":"1312152","toID":"1312155","formEdgeID":null},{"edgeID":"1722978","fromID":"1312155","toID":"1312151","formEdgeID":null},{"edgeID":"1722979","fromID":"1312069","toID":"1312156","formEdgeID":null},{"edgeID":"1722980","fromID":"1312156","toID":"1312074","formEdgeID":null},{"edgeID":"1722981","fromID":"1312073","toID":"1312157","formEdgeID":null},{"edgeID":"1722982","fromID":"1312157","toID":"1312068","formEdgeID":null},{"edgeID":"1722983","fromID":"1312156","toID":"1312158","formEdgeID":null},{"edgeID":"1722984","fromID":"1312158","toID":"1312157","formEdgeID":null},{"edgeID":"1722985","fromID":"1312068","toID":"1312159","formEdgeID":null},{"edgeID":"1722986","fromID":"1312159","toID":"1312063","formEdgeID":null},{"edgeID":"1722987","fromID":"1312069","toID":"1312160","formEdgeID":null},{"edgeID":"1722988","fromID":"1312160","toID":"1312064","formEdgeID":null},{"edgeID":"1722989","fromID":"1312160","toID":"1312161","formEdgeID":null},{"edgeID":"1722990","fromID":"1312161","toID":"1312159","formEdgeID":null},{"edgeID":"1722991","fromID":"1312064","toID":"1312162","formEdgeID":null},{"edgeID":"1722992","fromID":"1312162","toID":"1312079","formEdgeID":null},{"edgeID":"1722993","fromID":"1312083","toID":"1312163","formEdgeID":null},{"edgeID":"1722994","fromID":"1312163","toID":"1312078","formEdgeID":null},{"edgeID":"1722995","fromID":"1312079","toID":"1312164","formEdgeID":null},{"edgeID":"1722996","fromID":"1312164","toID":"1312084","formEdgeID":null},{"edgeID":"1722997","fromID":"1312164","toID":"1312165","formEdgeID":null},{"edgeID":"1722998","fromID":"1312165","toID":"1312163","formEdgeID":null},{"edgeID":"1722999","fromID":"1312064","toID":"1312166","formEdgeID":null},{"edgeID":"1723000","fromID":"1312166","toID":"1312089","formEdgeID":null},{"edgeID":"1723001","fromID":"1312088","toID":"1312167","formEdgeID":null},{"edgeID":"1723002","fromID":"1312167","toID":"1312063","formEdgeID":null},{"edgeID":"1723003","fromID":"1312166","toID":"1312168","formEdgeID":null},{"edgeID":"1723004","fromID":"1312168","toID":"1312167","formEdgeID":null},{"edgeID":"1723005","fromID":"1312089","toID":"1312169","formEdgeID":null},{"edgeID":"1723006","fromID":"1312169","toID":"1312094","formEdgeID":null},{"edgeID":"1723007","fromID":"1312103","toID":"1312170","formEdgeID":null},{"edgeID":"1723008","fromID":"1312170","toID":"1312088","formEdgeID":null},{"edgeID":"1723009","fromID":"1312089","toID":"1312171","formEdgeID":null},{"edgeID":"1723010","fromID":"1312171","toID":"1312104","formEdgeID":null},{"edgeID":"1723011","fromID":"1312094","toID":"1312172","formEdgeID":null},{"edgeID":"1723012","fromID":"1312172","toID":"1312099","formEdgeID":null},{"edgeID":"1723013","fromID":"1312171","toID":"1312173","formEdgeID":null},{"edgeID":"1723014","fromID":"1312173","toID":"1312170","formEdgeID":null},{"edgeID":"1723015","fromID":"1312104","toID":"1312174","formEdgeID":null},{"edgeID":"1723016","fromID":"1312174","toID":"1312108","formEdgeID":null},{"edgeID":"1723017","fromID":"1312174","toID":"1312175","formEdgeID":null},{"edgeID":"1723018","fromID":"1312175","toID":"1312088","formEdgeID":null},{"edgeID":"1723019","fromID":"1312108","toID":"1312176","formEdgeID":null},{"edgeID":"1723020","fromID":"1312176","toID":"1312112","formEdgeID":null},{"edgeID":"1723021","fromID":"1312112","toID":"1312177","formEdgeID":null},{"edgeID":"1723022","fromID":"1312177","toID":"1312117","formEdgeID":null},{"edgeID":"1723023","fromID":"1312121","toID":"1312178","formEdgeID":null},{"edgeID":"1723024","fromID":"1312178","toID":"1312126","formEdgeID":null},{"edgeID":"1723025","fromID":"1312122","toID":"1312179","formEdgeID":null},{"edgeID":"1723026","fromID":"1312179","toID":"1312127","formEdgeID":null},{"edgeID":"1723027","fromID":"1312179","toID":"1312180","formEdgeID":null},{"edgeID":"1723028","fromID":"1312180","toID":"1312178","formEdgeID":null},{"edgeID":"1723029","fromID":"1312126","toID":"1312181","formEdgeID":null},{"edgeID":"1723030","fromID":"1312181","toID":"1312116","formEdgeID":null},{"edgeID":"1723031","fromID":"1312117","toID":"1312182","formEdgeID":null},{"edgeID":"1723032","fromID":"1312182","toID":"1312127","formEdgeID":null},{"edgeID":"1723033","fromID":"1312182","toID":"1312183","formEdgeID":null},{"edgeID":"1723034","fromID":"1312183","toID":"1312181","formEdgeID":null},{"edgeID":"1723035","fromID":"1312127","toID":"1312184","formEdgeID":null},{"edgeID":"1723036","fromID":"1312184","toID":"1312132","formEdgeID":null},{"edgeID":"1723037","fromID":"1312132","toID":"1312185","formEdgeID":null},{"edgeID":"1723038","fromID":"1312185","toID":"1312137","formEdgeID":null},{"edgeID":"1723039","fromID":"1312187","toID":"1312186","formEdgeID":null},{"edgeID":"1723040","fromID":"1312188","toID":"1312187","formEdgeID":null},{"edgeID":"1723041","fromID":"1312186","toID":"1312189","formEdgeID":null},{"edgeID":"1723042","fromID":"1312189","toID":"1312141","formEdgeID":null},{"edgeID":"1723043","fromID":"1312186","toID":"1312190","formEdgeID":null},{"edgeID":"1723044","fromID":"1312190","toID":"1312136","formEdgeID":null},{"edgeID":"1723045","fromID":"1312137","toID":"1312191","formEdgeID":null},{"edgeID":"1723046","fromID":"1312191","toID":"1312142","formEdgeID":null},{"edgeID":"1723047","fromID":"1312191","toID":"1312192","formEdgeID":null},{"edgeID":"1723048","fromID":"1312192","toID":"1312190","formEdgeID":null},{"edgeID":"1723049","fromID":"1312142","toID":"1312193","formEdgeID":null},{"edgeID":"1723050","fromID":"1312193","toID":"1312147","formEdgeID":null},{"edgeID":"1723051","fromID":"1312147","toID":"1312194","formEdgeID":null},{"edgeID":"1723052","fromID":"1312194","toID":"1312152","formEdgeID":null},{"edgeID":"1723053","fromID":"1312146","toID":"1312195","formEdgeID":null},{"edgeID":"1723054","fromID":"1312195","toID":"1312151","formEdgeID":null},{"edgeID":"1723055","fromID":"1312194","toID":"1312196","formEdgeID":null},{"edgeID":"1723056","fromID":"1312196","toID":"1312195","formEdgeID":null},{"edgeID":"1723057","fromID":"1312136","toID":"1312197","formEdgeID":null},{"edgeID":"1723058","fromID":"1312197","toID":"1312131","formEdgeID":null},{"edgeID":"1723059","fromID":"1312185","toID":"1312198","formEdgeID":null},{"edgeID":"1723060","fromID":"1312198","toID":"1312197","formEdgeID":null},{"edgeID":"1723061","fromID":"1312093","toID":"1312199","formEdgeID":null},{"edgeID":"1723062","fromID":"1312199","toID":"1312083","formEdgeID":null},{"edgeID":"1723063","fromID":"1312169","toID":"1312200","formEdgeID":null},{"edgeID":"1723064","fromID":"1312200","toID":"1312199","formEdgeID":null}],"locutions":[]}