{"nodes":[{"nodeID":"1310012","text":"Rishi Sunak's spring statement showed how completely out of touch the government are with the way that ordinary people are living their lives at the moment","type":"I","timestamp":"2023-11-09 13:09:28"},{"nodeID":"1310013","text":"Louise Haigh: Rishi Sunak's spring statement, which just showed how completely out of touch the government are with the way that ordinary people are living their lives at the moment","type":"L","timestamp":"2023-11-09 13:09:28"},{"nodeID":"1310014","text":"Analysing","type":"YA","timestamp":"2023-11-09 13:09:28"},{"nodeID":"1310015","text":"Rebecca: Louise Haigh: Rishi Sunak's spring statement, which just showed how completely out of touch the government are with the way that ordinary people are living their lives at the moment","type":"L","timestamp":"2023-11-09 13:09:28"},{"nodeID":"1310016","text":"Asserting","type":"YA","timestamp":"2023-11-09 13:09:28"},{"nodeID":"1310017","text":"Elsie has to ride the bus because she can't afford to heat her home","type":"I","timestamp":"2023-11-09 13:09:29"},{"nodeID":"1310018","text":"Louise Haigh: she's having to ride the bus because she can't afford to heat her home","type":"L","timestamp":"2023-11-09 13:09:29"},{"nodeID":"1310019","text":"Analysing","type":"YA","timestamp":"2023-11-09 13:09:29"},{"nodeID":"1310020","text":"Rebecca: Louise Haigh: she's having to ride the bus because she can't afford to heat her home","type":"L","timestamp":"2023-11-09 13:09:29"},{"nodeID":"1310021","text":"Asserting","type":"YA","timestamp":"2023-11-09 13:09:29"},{"nodeID":"1310022","text":"twelve years in of Tory rule","type":"I","timestamp":"2023-11-09 13:09:29"},{"nodeID":"1310023","text":"Louise Haigh: Twelve years in of Tory rule","type":"L","timestamp":"2023-11-09 13:09:29"},{"nodeID":"1310024","text":"Analysing","type":"YA","timestamp":"2023-11-09 13:09:29"},{"nodeID":"1310025","text":"Rebecca: Louise Haigh: Twelve years in of Tory rule","type":"L","timestamp":"2023-11-09 13:09:29"},{"nodeID":"1310026","text":"Asserting","type":"YA","timestamp":"2023-11-09 13:09:29"},{"nodeID":"1310027","text":"the prime minister is telling 77 year old Elsie that she should be grateful for discounted bus fares","type":"I","timestamp":"2023-11-09 13:09:30"},{"nodeID":"1310028","text":"Louise Haigh: we have the prime minister telling 77 year old Elsie, who became famous this week, that she should be grateful for discounted bus fares","type":"L","timestamp":"2023-11-09 13:09:30"},{"nodeID":"1310029","text":"Analysing","type":"YA","timestamp":"2023-11-09 13:09:30"},{"nodeID":"1310030","text":"Rebecca: Louise Haigh: we have the prime minister telling 77 year old Elsie, who became famous this week, that she should be grateful for discounted bus fares","type":"L","timestamp":"2023-11-09 13:09:30"},{"nodeID":"1310031","text":"Default Transition","type":"TA","timestamp":"2023-11-09 13:09:30"},{"nodeID":"1310032","text":"Boris Johnson: Elsie should be grateful for discounted bus fares","type":"L","timestamp":"2023-11-09 13:09:30"},{"nodeID":"1310033","text":"Analysing","type":"YA","timestamp":"2023-11-09 13:09:30"},{"nodeID":"1310034","text":"Rebecca: Boris Johnson: we have the prime minister telling 77 year old Elsie, who became famous this week, that she should be grateful for discounted bus fares","type":"L","timestamp":"2023-11-09 13:09:30"},{"nodeID":"1310035","text":"Asserting","type":"YA","timestamp":"2023-11-09 13:09:30"},{"nodeID":"1310036","text":"Asserting","type":"YA","timestamp":"2023-11-09 13:09:30"},{"nodeID":"1310037","text":"Default Transition","type":"TA","timestamp":"2023-11-09 13:09:30"},{"nodeID":"1310038","text":"Elsie became famous this week","type":"I","timestamp":"2023-11-09 13:09:31"},{"nodeID":"1310039","text":"Louise Haigh:  Elsie, who became famous this week","type":"L","timestamp":"2023-11-09 13:09:31"},{"nodeID":"1310040","text":"Analysing","type":"YA","timestamp":"2023-11-09 13:09:31"},{"nodeID":"1310041","text":"Rebecca: Louise Haigh:  Elsie, who became famous this week","type":"L","timestamp":"2023-11-09 13:09:31"},{"nodeID":"1310042","text":"Asserting","type":"YA","timestamp":"2023-11-09 13:09:31"},{"nodeID":"1310043","text":"Default Transition","type":"TA","timestamp":"2023-11-09 13:09:31"},{"nodeID":"1310044","text":"Default Transition","type":"TA","timestamp":"2023-11-09 13:09:31"},{"nodeID":"1310045","text":"the government would like to tell you that there is nothing more that they can do than lower bus fares","type":"I","timestamp":"2023-11-09 13:09:31"},{"nodeID":"1310046","text":"Louise Haigh: The government would like to tell you that there is nothing more that they can do","type":"L","timestamp":"2023-11-09 13:09:31"},{"nodeID":"1310047","text":"Analysing","type":"YA","timestamp":"2023-11-09 13:09:31"},{"nodeID":"1310048","text":"Rebecca: Louise Haigh: The government would like to tell you that there is nothing more that they can do","type":"L","timestamp":"2023-11-09 13:09:31"},{"nodeID":"1310049","text":"Asserting","type":"YA","timestamp":"2023-11-09 13:09:31"},{"nodeID":"1310050","text":"the inflation is entirely global factors","type":"I","timestamp":"2023-11-09 13:09:32"},{"nodeID":"1310051","text":"Louise Haigh: it is entirely global factors","type":"L","timestamp":"2023-11-09 13:09:32"},{"nodeID":"1310052","text":"Analysing","type":"YA","timestamp":"2023-11-09 13:09:32"},{"nodeID":"1310053","text":"Rebecca: Louise Haigh: it is entirely global factors","type":"L","timestamp":"2023-11-09 13:09:32"},{"nodeID":"1310054","text":"Asserting","type":"YA","timestamp":"2023-11-09 13:09:32"},{"nodeID":"1310055","text":"Default Transition","type":"TA","timestamp":"2023-11-09 13:09:32"},{"nodeID":"1310056","text":"Default Transition","type":"TA","timestamp":"2023-11-09 13:09:32"},{"nodeID":"1310057","text":"Default Inference","type":"RA","timestamp":"2023-11-09 13:09:32"},{"nodeID":"1310058","text":"Arguing","type":"YA","timestamp":"2023-11-09 13:09:32"},{"nodeID":"1310059","text":"there is far more that the government could be doing to step in and help people than just lowering bus fares","type":"I","timestamp":"2023-11-09 13:09:32"},{"nodeID":"1310060","text":"Louise Haigh:  there is far more that the government could be doing to step in and help people","type":"L","timestamp":"2023-11-09 13:09:32"},{"nodeID":"1310061","text":"Analysing","type":"YA","timestamp":"2023-11-09 13:09:32"},{"nodeID":"1310062","text":"Rebecca: Louise Haigh:  there is far more that the government could be doing to step in and help people","type":"L","timestamp":"2023-11-09 13:09:32"},{"nodeID":"1310063","text":"Asserting","type":"YA","timestamp":"2023-11-09 13:09:32"},{"nodeID":"1310064","text":"Default Conflict","type":"CA","timestamp":"2023-11-09 13:09:32"},{"nodeID":"1310065","text":"Default Transition","type":"TA","timestamp":"2023-11-09 13:09:32"},{"nodeID":"1310066","text":"Disagreeing","type":"YA","timestamp":"2023-11-09 13:09:32"},{"nodeID":"1310067","text":"this week we've also seen record profits from Shell and BP, $16 billion in excess profit that they didn't expect to earn this year","type":"I","timestamp":"2023-11-09 13:09:33"},{"nodeID":"1310068","text":"Louise Haigh: this week we've also seen record profits from Shell and BP, $16 billion in excess profit that they didn't expect to earn this year","type":"L","timestamp":"2023-11-09 13:09:33"},{"nodeID":"1310069","text":"Analysing","type":"YA","timestamp":"2023-11-09 13:09:33"},{"nodeID":"1310070","text":"Rebecca: Louise Haigh: this week we've also seen record profits from Shell and BP, $16 billion in excess profit that they didn't expect to earn this year","type":"L","timestamp":"2023-11-09 13:09:33"},{"nodeID":"1310071","text":"Asserting","type":"YA","timestamp":"2023-11-09 13:09:33"},{"nodeID":"1310072","text":"Default Transition","type":"TA","timestamp":"2023-11-09 13:09:33"},{"nodeID":"1310073","text":"the government is still refusing to apply a windfall tax, as Labour has set out that they could do","type":"I","timestamp":"2023-11-09 13:09:34"},{"nodeID":"1310074","text":"Louise Haigh: the government is still refusing to apply a windfall tax, as Labour has set out that they could do","type":"L","timestamp":"2023-11-09 13:09:34"},{"nodeID":"1310075","text":"Analysing","type":"YA","timestamp":"2023-11-09 13:09:34"},{"nodeID":"1310076","text":"Rebecca: Louise Haigh: the government is still refusing to apply a windfall tax, as Labour has set out that they could do","type":"L","timestamp":"2023-11-09 13:09:34"},{"nodeID":"1310077","text":"Asserting","type":"YA","timestamp":"2023-11-09 13:09:34"},{"nodeID":"1310078","text":"Default Transition","type":"TA","timestamp":"2023-11-09 13:09:34"},{"nodeID":"1310079","text":"Default Rephrase","type":"MA","timestamp":"2023-11-09 13:09:34"},{"nodeID":"1310080","text":"Default Transition","type":"TA","timestamp":"2023-11-09 13:09:34"},{"nodeID":"1310081","text":"Restating","type":"YA","timestamp":"2023-11-09 13:09:34"},{"nodeID":"1310082","text":"the windfall tax would cut people's energy bills","type":"I","timestamp":"2023-11-09 13:09:34"},{"nodeID":"1310083","text":"Louise Haigh: that would cut people's energy bills","type":"L","timestamp":"2023-11-09 13:09:34"},{"nodeID":"1310084","text":"Analysing","type":"YA","timestamp":"2023-11-09 13:09:34"},{"nodeID":"1310085","text":"Rebecca: Louise Haigh: that would cut people's energy bills","type":"L","timestamp":"2023-11-09 13:09:34"},{"nodeID":"1310086","text":"Asserting","type":"YA","timestamp":"2023-11-09 13:09:34"},{"nodeID":"1310087","text":"Default Transition","type":"TA","timestamp":"2023-11-09 13:09:34"},{"nodeID":"1310088","text":"Default Rephrase","type":"MA","timestamp":"2023-11-09 13:09:34"},{"nodeID":"1310089","text":"Restating","type":"YA","timestamp":"2023-11-09 13:09:34"},{"nodeID":"1310090","text":"there are global factors behind the massive inflation that we are seeing","type":"I","timestamp":"2023-11-09 13:09:35"},{"nodeID":"1310091","text":"Louise Haigh: there are global factors behind the massive inflation that we are seeing","type":"L","timestamp":"2023-11-09 13:09:35"},{"nodeID":"1310092","text":"Analysing","type":"YA","timestamp":"2023-11-09 13:09:35"},{"nodeID":"1310093","text":"Rebecca: Louise Haigh: there are global factors behind the massive inflation that we are seeing","type":"L","timestamp":"2023-11-09 13:09:35"},{"nodeID":"1310094","text":"Asserting","type":"YA","timestamp":"2023-11-09 13:09:35"},{"nodeID":"1310095","text":"Default Transition","type":"TA","timestamp":"2023-11-09 13:09:35"},{"nodeID":"1310096","text":"Default Transition","type":"TA","timestamp":"2023-11-09 13:09:35"},{"nodeID":"1310097","text":"Default Rephrase","type":"MA","timestamp":"2023-11-09 13:09:35"},{"nodeID":"1310098","text":"Restating","type":"YA","timestamp":"2023-11-09 13:09:35"},{"nodeID":"1310099","text":"Default Conflict","type":"CA","timestamp":"2023-11-09 13:09:35"},{"nodeID":"1310100","text":"Default Transition","type":"TA","timestamp":"2023-11-09 13:09:35"},{"nodeID":"1310101","text":"Disagreeing","type":"YA","timestamp":"2023-11-09 13:09:35"}],"edges":[{"edgeID":"1720396","fromID":"1310014","toID":"1310013","formEdgeID":null},{"edgeID":"1720397","fromID":"1310015","toID":"1310014","formEdgeID":null},{"edgeID":"1720398","fromID":"1310013","toID":"1310016","formEdgeID":null},{"edgeID":"1720399","fromID":"1310016","toID":"1310012","formEdgeID":null},{"edgeID":"1720400","fromID":"1310019","toID":"1310018","formEdgeID":null},{"edgeID":"1720401","fromID":"1310020","toID":"1310019","formEdgeID":null},{"edgeID":"1720402","fromID":"1310018","toID":"1310021","formEdgeID":null},{"edgeID":"1720403","fromID":"1310021","toID":"1310017","formEdgeID":null},{"edgeID":"1720404","fromID":"1310024","toID":"1310023","formEdgeID":null},{"edgeID":"1720405","fromID":"1310025","toID":"1310024","formEdgeID":null},{"edgeID":"1720406","fromID":"1310023","toID":"1310026","formEdgeID":null},{"edgeID":"1720407","fromID":"1310026","toID":"1310022","formEdgeID":null},{"edgeID":"1720408","fromID":"1310029","toID":"1310028","formEdgeID":null},{"edgeID":"1720409","fromID":"1310030","toID":"1310029","formEdgeID":null},{"edgeID":"1720410","fromID":"1310013","toID":"1310031","formEdgeID":null},{"edgeID":"1720411","fromID":"1310031","toID":"1310023","formEdgeID":null},{"edgeID":"1720412","fromID":"1310033","toID":"1310032","formEdgeID":null},{"edgeID":"1720413","fromID":"1310034","toID":"1310033","formEdgeID":null},{"edgeID":"1720414","fromID":"1310032","toID":"1310035","formEdgeID":null},{"edgeID":"1720415","fromID":"1310035","toID":"1310027","formEdgeID":null},{"edgeID":"1720416","fromID":"1310028","toID":"1310036","formEdgeID":null},{"edgeID":"1720417","fromID":"1310036","toID":"1310032","formEdgeID":null},{"edgeID":"1720418","fromID":"1310023","toID":"1310037","formEdgeID":null},{"edgeID":"1720419","fromID":"1310037","toID":"1310028","formEdgeID":null},{"edgeID":"1720420","fromID":"1310040","toID":"1310039","formEdgeID":null},{"edgeID":"1720421","fromID":"1310041","toID":"1310040","formEdgeID":null},{"edgeID":"1720422","fromID":"1310039","toID":"1310042","formEdgeID":null},{"edgeID":"1720423","fromID":"1310042","toID":"1310038","formEdgeID":null},{"edgeID":"1720424","fromID":"1310028","toID":"1310043","formEdgeID":null},{"edgeID":"1720425","fromID":"1310043","toID":"1310039","formEdgeID":null},{"edgeID":"1720426","fromID":"1310039","toID":"1310044","formEdgeID":null},{"edgeID":"1720427","fromID":"1310044","toID":"1310018","formEdgeID":null},{"edgeID":"1720428","fromID":"1310047","toID":"1310046","formEdgeID":null},{"edgeID":"1720429","fromID":"1310048","toID":"1310047","formEdgeID":null},{"edgeID":"1720430","fromID":"1310046","toID":"1310049","formEdgeID":null},{"edgeID":"1720431","fromID":"1310049","toID":"1310045","formEdgeID":null},{"edgeID":"1720432","fromID":"1310052","toID":"1310051","formEdgeID":null},{"edgeID":"1720433","fromID":"1310053","toID":"1310052","formEdgeID":null},{"edgeID":"1720434","fromID":"1310051","toID":"1310054","formEdgeID":null},{"edgeID":"1720435","fromID":"1310054","toID":"1310050","formEdgeID":null},{"edgeID":"1720436","fromID":"1310018","toID":"1310055","formEdgeID":null},{"edgeID":"1720437","fromID":"1310055","toID":"1310046","formEdgeID":null},{"edgeID":"1720438","fromID":"1310046","toID":"1310056","formEdgeID":null},{"edgeID":"1720439","fromID":"1310056","toID":"1310051","formEdgeID":null},{"edgeID":"1720440","fromID":"1310050","toID":"1310057","formEdgeID":null},{"edgeID":"1720441","fromID":"1310057","toID":"1310045","formEdgeID":null},{"edgeID":"1720442","fromID":"1310056","toID":"1310058","formEdgeID":null},{"edgeID":"1720443","fromID":"1310058","toID":"1310057","formEdgeID":null},{"edgeID":"1720444","fromID":"1310061","toID":"1310060","formEdgeID":null},{"edgeID":"1720445","fromID":"1310062","toID":"1310061","formEdgeID":null},{"edgeID":"1720446","fromID":"1310060","toID":"1310063","formEdgeID":null},{"edgeID":"1720447","fromID":"1310063","toID":"1310059","formEdgeID":null},{"edgeID":"1720448","fromID":"1310059","toID":"1310064","formEdgeID":null},{"edgeID":"1720449","fromID":"1310064","toID":"1310045","formEdgeID":null},{"edgeID":"1720450","fromID":"1310046","toID":"1310065","formEdgeID":null},{"edgeID":"1720451","fromID":"1310065","toID":"1310060","formEdgeID":null},{"edgeID":"1720452","fromID":"1310065","toID":"1310066","formEdgeID":null},{"edgeID":"1720453","fromID":"1310066","toID":"1310064","formEdgeID":null},{"edgeID":"1720454","fromID":"1310069","toID":"1310068","formEdgeID":null},{"edgeID":"1720455","fromID":"1310070","toID":"1310069","formEdgeID":null},{"edgeID":"1720456","fromID":"1310068","toID":"1310071","formEdgeID":null},{"edgeID":"1720457","fromID":"1310071","toID":"1310067","formEdgeID":null},{"edgeID":"1720458","fromID":"1310060","toID":"1310072","formEdgeID":null},{"edgeID":"1720459","fromID":"1310072","toID":"1310068","formEdgeID":null},{"edgeID":"1720460","fromID":"1310075","toID":"1310074","formEdgeID":null},{"edgeID":"1720461","fromID":"1310076","toID":"1310075","formEdgeID":null},{"edgeID":"1720462","fromID":"1310074","toID":"1310077","formEdgeID":null},{"edgeID":"1720463","fromID":"1310077","toID":"1310073","formEdgeID":null},{"edgeID":"1720464","fromID":"1310068","toID":"1310078","formEdgeID":null},{"edgeID":"1720465","fromID":"1310078","toID":"1310074","formEdgeID":null},{"edgeID":"1720466","fromID":"1310073","toID":"1310079","formEdgeID":null},{"edgeID":"1720467","fromID":"1310079","toID":"1310059","formEdgeID":null},{"edgeID":"1720468","fromID":"1310060","toID":"1310080","formEdgeID":null},{"edgeID":"1720469","fromID":"1310080","toID":"1310074","formEdgeID":null},{"edgeID":"1720470","fromID":"1310080","toID":"1310081","formEdgeID":null},{"edgeID":"1720471","fromID":"1310081","toID":"1310079","formEdgeID":null},{"edgeID":"1720472","fromID":"1310084","toID":"1310083","formEdgeID":null},{"edgeID":"1720473","fromID":"1310085","toID":"1310084","formEdgeID":null},{"edgeID":"1720474","fromID":"1310083","toID":"1310086","formEdgeID":null},{"edgeID":"1720475","fromID":"1310086","toID":"1310082","formEdgeID":null},{"edgeID":"1720476","fromID":"1310074","toID":"1310087","formEdgeID":null},{"edgeID":"1720477","fromID":"1310087","toID":"1310083","formEdgeID":null},{"edgeID":"1720478","fromID":"1310082","toID":"1310088","formEdgeID":null},{"edgeID":"1720479","fromID":"1310088","toID":"1310073","formEdgeID":null},{"edgeID":"1720480","fromID":"1310087","toID":"1310089","formEdgeID":null},{"edgeID":"1720481","fromID":"1310089","toID":"1310088","formEdgeID":null},{"edgeID":"1720482","fromID":"1310092","toID":"1310091","formEdgeID":null},{"edgeID":"1720483","fromID":"1310093","toID":"1310092","formEdgeID":null},{"edgeID":"1720484","fromID":"1310091","toID":"1310094","formEdgeID":null},{"edgeID":"1720485","fromID":"1310094","toID":"1310090","formEdgeID":null},{"edgeID":"1720486","fromID":"1310051","toID":"1310095","formEdgeID":null},{"edgeID":"1720487","fromID":"1310095","toID":"1310091","formEdgeID":null},{"edgeID":"1720488","fromID":"1310091","toID":"1310096","formEdgeID":null},{"edgeID":"1720489","fromID":"1310096","toID":"1310060","formEdgeID":null},{"edgeID":"1720490","fromID":"1310090","toID":"1310097","formEdgeID":null},{"edgeID":"1720491","fromID":"1310097","toID":"1310050","formEdgeID":null},{"edgeID":"1720492","fromID":"1310095","toID":"1310098","formEdgeID":null},{"edgeID":"1720493","fromID":"1310098","toID":"1310097","formEdgeID":null},{"edgeID":"1720494","fromID":"1310017","toID":"1310099","formEdgeID":null},{"edgeID":"1720495","fromID":"1310099","toID":"1310027","formEdgeID":null},{"edgeID":"1720496","fromID":"1310028","toID":"1310100","formEdgeID":null},{"edgeID":"1720497","fromID":"1310100","toID":"1310018","formEdgeID":null},{"edgeID":"1720498","fromID":"1310100","toID":"1310101","formEdgeID":null},{"edgeID":"1720499","fromID":"1310101","toID":"1310099","formEdgeID":null}],"locutions":[]}