{"nodes":[{"nodeID":"1313836","text":"there are so many young children that have been let down by the system","type":"I","timestamp":"2023-11-09 13:14:58"},{"nodeID":"1313837","text":"AudienceMember 20220512QT37: There's so many young children that have been let down by the system","type":"L","timestamp":"2023-11-09 13:14:58"},{"nodeID":"1313838","text":"Analysing","type":"YA","timestamp":"2023-11-09 13:14:58"},{"nodeID":"1313839","text":"Rebecca: AudienceMember 20220512QT37: There's so many young children that have been let down by the system","type":"L","timestamp":"2023-11-09 13:14:58"},{"nodeID":"1313840","text":"Asserting","type":"YA","timestamp":"2023-11-09 13:14:58"},{"nodeID":"1313841","text":"so many children have had such horrific injuries that they've lost their lives","type":"I","timestamp":"2023-11-09 13:14:59"},{"nodeID":"1313842","text":"AudienceMember 20220512QT37: that have had such horrific injuries that they've lost their lives","type":"L","timestamp":"2023-11-09 13:14:59"},{"nodeID":"1313843","text":"Analysing","type":"YA","timestamp":"2023-11-09 13:14:59"},{"nodeID":"1313844","text":"Rebecca: AudienceMember 20220512QT37: that have had such horrific injuries that they've lost their lives","type":"L","timestamp":"2023-11-09 13:14:59"},{"nodeID":"1313845","text":"Asserting","type":"YA","timestamp":"2023-11-09 13:14:59"},{"nodeID":"1313846","text":"Default Transition","type":"TA","timestamp":"2023-11-09 13:14:59"},{"nodeID":"1313847","text":"Default Inference","type":"RA","timestamp":"2023-11-09 13:14:59"},{"nodeID":"1313848","text":"Arguing","type":"YA","timestamp":"2023-11-09 13:14:59"},{"nodeID":"1313849","text":"the people who hurt children are just being put away for X amount of years, they're being let out, they're given new identities","type":"I","timestamp":"2023-11-09 13:15:00"},{"nodeID":"1313850","text":"AudienceMember 20220512QT37: these people are just being put away for X amount of years, they're being let out, they're given new identities","type":"L","timestamp":"2023-11-09 13:15:00"},{"nodeID":"1313851","text":"Analysing","type":"YA","timestamp":"2023-11-09 13:15:00"},{"nodeID":"1313852","text":"Rebecca: AudienceMember 20220512QT37: these people are just being put away for X amount of years, they're being let out, they're given new identities","type":"L","timestamp":"2023-11-09 13:15:00"},{"nodeID":"1313853","text":"Asserting","type":"YA","timestamp":"2023-11-09 13:15:00"},{"nodeID":"1313854","text":"the people who hurt children are allowed to go on with their lives","type":"I","timestamp":"2023-11-09 13:15:00"},{"nodeID":"1313855","text":"AudienceMember 20220512QT37: they're allowed to go on with their lives","type":"L","timestamp":"2023-11-09 13:15:00"},{"nodeID":"1313856","text":"Analysing","type":"YA","timestamp":"2023-11-09 13:15:00"},{"nodeID":"1313857","text":"Rebecca: AudienceMember 20220512QT37: they're allowed to go on with their lives","type":"L","timestamp":"2023-11-09 13:15:00"},{"nodeID":"1313858","text":"Asserting","type":"YA","timestamp":"2023-11-09 13:15:00"},{"nodeID":"1313859","text":"Default Transition","type":"TA","timestamp":"2023-11-09 13:15:00"},{"nodeID":"1313860","text":"Default Transition","type":"TA","timestamp":"2023-11-09 13:15:00"},{"nodeID":"1313861","text":"Default Inference","type":"RA","timestamp":"2023-11-09 13:15:00"},{"nodeID":"1313862","text":"Arguing","type":"YA","timestamp":"2023-11-09 13:15:00"},{"nodeID":"1313863","text":"in the case of Baby P, the same as in other cases where children were hurt will happen","type":"I","timestamp":"2023-11-09 13:15:01"},{"nodeID":"1313864","text":"AudienceMember 20220512QT37: This is what's going to happen this time","type":"L","timestamp":"2023-11-09 13:15:01"},{"nodeID":"1313865","text":"Analysing","type":"YA","timestamp":"2023-11-09 13:15:01"},{"nodeID":"1313866","text":"Rebecca: AudienceMember 20220512QT37: This is what's going to happen this time","type":"L","timestamp":"2023-11-09 13:15:01"},{"nodeID":"1313867","text":"Asserting","type":"YA","timestamp":"2023-11-09 13:15:01"},{"nodeID":"1313868","text":"Default Transition","type":"TA","timestamp":"2023-11-09 13:15:01"},{"nodeID":"1313869","text":"Default Rephrase","type":"MA","timestamp":"2023-11-09 13:15:01"},{"nodeID":"1313870","text":"Restating","type":"YA","timestamp":"2023-11-09 13:15:01"},{"nodeID":"1313871","text":"Baby P's mother is going to come out, she's going to get a new identity, she's going to get on with her life","type":"I","timestamp":"2023-11-09 13:15:02"},{"nodeID":"1313872","text":"AudienceMember 20220512QT37: she's going to come out, she's going to get a new identity, she's going to get on with her life","type":"L","timestamp":"2023-11-09 13:15:02"},{"nodeID":"1313873","text":"Analysing","type":"YA","timestamp":"2023-11-09 13:15:02"},{"nodeID":"1313874","text":"Rebecca: AudienceMember 20220512QT37: she's going to come out, she's going to get a new identity, she's going to get on with her life","type":"L","timestamp":"2023-11-09 13:15:02"},{"nodeID":"1313875","text":"Asserting","type":"YA","timestamp":"2023-11-09 13:15:02"},{"nodeID":"1313876","text":"Default Transition","type":"TA","timestamp":"2023-11-09 13:15:02"},{"nodeID":"1313877","text":"Default Rephrase","type":"MA","timestamp":"2023-11-09 13:15:02"},{"nodeID":"1313878","text":"Restating","type":"YA","timestamp":"2023-11-09 13:15:02"},{"nodeID":"1313879","text":"everybody that comes out of a situation like Baby P's mother will get on with their life","type":"I","timestamp":"2023-11-09 13:15:02"},{"nodeID":"1313880","text":"AudienceMember 20220512QT37: It's going to be what happens to everybody that comes out in this situation","type":"L","timestamp":"2023-11-09 13:15:02"},{"nodeID":"1313881","text":"Analysing","type":"YA","timestamp":"2023-11-09 13:15:02"},{"nodeID":"1313882","text":"Rebecca: AudienceMember 20220512QT37: It's going to be what happens to everybody that comes out in this situation","type":"L","timestamp":"2023-11-09 13:15:02"},{"nodeID":"1313883","text":"Asserting","type":"YA","timestamp":"2023-11-09 13:15:02"},{"nodeID":"1313884","text":"Default Rephrase","type":"MA","timestamp":"2023-11-09 13:15:02"},{"nodeID":"1313885","text":"Default Transition","type":"TA","timestamp":"2023-11-09 13:15:02"},{"nodeID":"1313886","text":"Restating","type":"YA","timestamp":"2023-11-09 13:15:02"},{"nodeID":"1313887","text":"Baby P's death was an horrendous crime","type":"I","timestamp":"2023-11-09 13:15:03"},{"nodeID":"1313888","text":"Wilfred Emmanuel-Jones: it was an horrendous crime","type":"L","timestamp":"2023-11-09 13:15:03"},{"nodeID":"1313889","text":"Analysing","type":"YA","timestamp":"2023-11-09 13:15:03"},{"nodeID":"1313890","text":"Rebecca: Wilfred Emmanuel-Jones: it was an horrendous crime","type":"L","timestamp":"2023-11-09 13:15:03"},{"nodeID":"1313891","text":"Asserting","type":"YA","timestamp":"2023-11-09 13:15:03"},{"nodeID":"1313892","text":"Default Transition","type":"TA","timestamp":"2023-11-09 13:15:03"},{"nodeID":"1313893","text":"anyone who has children is repulsed by Baby P's death","type":"I","timestamp":"2023-11-09 13:15:03"},{"nodeID":"1313894","text":"Wilfred Emmanuel-Jones: any of us who have children are repulsed by it","type":"L","timestamp":"2023-11-09 13:15:03"},{"nodeID":"1313895","text":"Analysing","type":"YA","timestamp":"2023-11-09 13:15:03"},{"nodeID":"1313896","text":"Rebecca: Wilfred Emmanuel-Jones: any of us who have children are repulsed by it","type":"L","timestamp":"2023-11-09 13:15:03"},{"nodeID":"1313897","text":"Asserting","type":"YA","timestamp":"2023-11-09 13:15:03"},{"nodeID":"1313898","text":"Default Transition","type":"TA","timestamp":"2023-11-09 13:15:03"},{"nodeID":"1313899","text":"Default Rephrase","type":"MA","timestamp":"2023-11-09 13:15:03"},{"nodeID":"1313900","text":"Restating","type":"YA","timestamp":"2023-11-09 13:15:03"},{"nodeID":"1313901","text":"one of Wilfred Emmanuel-Jones' favourite films is called the Shawshank Redemption","type":"I","timestamp":"2023-11-09 13:15:04"},{"nodeID":"1313902","text":"Wilfred Emmanuel-Jones: one of my favourite films, and I'd ask everyone to try and watch it, is called the Shawshank Redemption","type":"L","timestamp":"2023-11-09 13:15:04"},{"nodeID":"1313903","text":"Analysing","type":"YA","timestamp":"2023-11-09 13:15:04"},{"nodeID":"1313904","text":"Rebecca: Wilfred Emmanuel-Jones: one of my favourite films, and I'd ask everyone to try and watch it, is called the Shawshank Redemption","type":"L","timestamp":"2023-11-09 13:15:04"},{"nodeID":"1313905","text":"Asserting","type":"YA","timestamp":"2023-11-09 13:15:04"},{"nodeID":"1313906","text":"Default Transition","type":"TA","timestamp":"2023-11-09 13:15:04"},{"nodeID":"1313907","text":"do we or do we not think that some people are beyond redemption","type":"I","timestamp":"2023-11-09 13:15:05"},{"nodeID":"1313908","text":"Wilfred Emmanuel-Jones: do we think that some people are beyond redemption","type":"L","timestamp":"2023-11-09 13:15:05"},{"nodeID":"1313909","text":"Analysing","type":"YA","timestamp":"2023-11-09 13:15:05"},{"nodeID":"1313910","text":"Rebecca: Wilfred Emmanuel-Jones: do we think that some people are beyond redemption","type":"L","timestamp":"2023-11-09 13:15:05"},{"nodeID":"1313911","text":"Pure Questioning","type":"YA","timestamp":"2023-11-09 13:15:05"},{"nodeID":"1313912","text":"Default Transition","type":"TA","timestamp":"2023-11-09 13:15:05"}],"edges":[{"edgeID":"1724999","fromID":"1313838","toID":"1313837","formEdgeID":null},{"edgeID":"1725000","fromID":"1313839","toID":"1313838","formEdgeID":null},{"edgeID":"1725001","fromID":"1313837","toID":"1313840","formEdgeID":null},{"edgeID":"1725002","fromID":"1313840","toID":"1313836","formEdgeID":null},{"edgeID":"1725003","fromID":"1313843","toID":"1313842","formEdgeID":null},{"edgeID":"1725004","fromID":"1313844","toID":"1313843","formEdgeID":null},{"edgeID":"1725005","fromID":"1313842","toID":"1313845","formEdgeID":null},{"edgeID":"1725006","fromID":"1313845","toID":"1313841","formEdgeID":null},{"edgeID":"1725007","fromID":"1313837","toID":"1313846","formEdgeID":null},{"edgeID":"1725008","fromID":"1313846","toID":"1313842","formEdgeID":null},{"edgeID":"1725009","fromID":"1313841","toID":"1313847","formEdgeID":null},{"edgeID":"1725010","fromID":"1313847","toID":"1313836","formEdgeID":null},{"edgeID":"1725011","fromID":"1313846","toID":"1313848","formEdgeID":null},{"edgeID":"1725012","fromID":"1313848","toID":"1313847","formEdgeID":null},{"edgeID":"1725013","fromID":"1313851","toID":"1313850","formEdgeID":null},{"edgeID":"1725014","fromID":"1313852","toID":"1313851","formEdgeID":null},{"edgeID":"1725015","fromID":"1313850","toID":"1313853","formEdgeID":null},{"edgeID":"1725016","fromID":"1313853","toID":"1313849","formEdgeID":null},{"edgeID":"1725017","fromID":"1313856","toID":"1313855","formEdgeID":null},{"edgeID":"1725018","fromID":"1313857","toID":"1313856","formEdgeID":null},{"edgeID":"1725019","fromID":"1313855","toID":"1313858","formEdgeID":null},{"edgeID":"1725020","fromID":"1313858","toID":"1313854","formEdgeID":null},{"edgeID":"1725021","fromID":"1313842","toID":"1313859","formEdgeID":null},{"edgeID":"1725022","fromID":"1313859","toID":"1313850","formEdgeID":null},{"edgeID":"1725023","fromID":"1313850","toID":"1313860","formEdgeID":null},{"edgeID":"1725024","fromID":"1313860","toID":"1313855","formEdgeID":null},{"edgeID":"1725025","fromID":"1313849","toID":"1313861","formEdgeID":null},{"edgeID":"1725026","fromID":"1313861","toID":"1313854","formEdgeID":null},{"edgeID":"1725027","fromID":"1313860","toID":"1313862","formEdgeID":null},{"edgeID":"1725028","fromID":"1313862","toID":"1313861","formEdgeID":null},{"edgeID":"1725029","fromID":"1313865","toID":"1313864","formEdgeID":null},{"edgeID":"1725030","fromID":"1313866","toID":"1313865","formEdgeID":null},{"edgeID":"1725031","fromID":"1313864","toID":"1313867","formEdgeID":null},{"edgeID":"1725032","fromID":"1313867","toID":"1313863","formEdgeID":null},{"edgeID":"1725033","fromID":"1313850","toID":"1313868","formEdgeID":null},{"edgeID":"1725034","fromID":"1313868","toID":"1313864","formEdgeID":null},{"edgeID":"1725035","fromID":"1313863","toID":"1313869","formEdgeID":null},{"edgeID":"1725036","fromID":"1313869","toID":"1313849","formEdgeID":null},{"edgeID":"1725037","fromID":"1313868","toID":"1313870","formEdgeID":null},{"edgeID":"1725038","fromID":"1313870","toID":"1313869","formEdgeID":null},{"edgeID":"1725039","fromID":"1313873","toID":"1313872","formEdgeID":null},{"edgeID":"1725040","fromID":"1313874","toID":"1313873","formEdgeID":null},{"edgeID":"1725041","fromID":"1313872","toID":"1313875","formEdgeID":null},{"edgeID":"1725042","fromID":"1313875","toID":"1313871","formEdgeID":null},{"edgeID":"1725043","fromID":"1313864","toID":"1313876","formEdgeID":null},{"edgeID":"1725044","fromID":"1313876","toID":"1313872","formEdgeID":null},{"edgeID":"1725045","fromID":"1313871","toID":"1313877","formEdgeID":null},{"edgeID":"1725046","fromID":"1313877","toID":"1313863","formEdgeID":null},{"edgeID":"1725047","fromID":"1313876","toID":"1313878","formEdgeID":null},{"edgeID":"1725048","fromID":"1313878","toID":"1313877","formEdgeID":null},{"edgeID":"1725049","fromID":"1313881","toID":"1313880","formEdgeID":null},{"edgeID":"1725050","fromID":"1313882","toID":"1313881","formEdgeID":null},{"edgeID":"1725051","fromID":"1313880","toID":"1313883","formEdgeID":null},{"edgeID":"1725052","fromID":"1313883","toID":"1313879","formEdgeID":null},{"edgeID":"1725053","fromID":"1313879","toID":"1313884","formEdgeID":null},{"edgeID":"1725054","fromID":"1313884","toID":"1313863","formEdgeID":null},{"edgeID":"1725055","fromID":"1313864","toID":"1313885","formEdgeID":null},{"edgeID":"1725056","fromID":"1313885","toID":"1313880","formEdgeID":null},{"edgeID":"1725057","fromID":"1313885","toID":"1313886","formEdgeID":null},{"edgeID":"1725058","fromID":"1313886","toID":"1313884","formEdgeID":null},{"edgeID":"1725059","fromID":"1313889","toID":"1313888","formEdgeID":null},{"edgeID":"1725060","fromID":"1313890","toID":"1313889","formEdgeID":null},{"edgeID":"1725061","fromID":"1313888","toID":"1313891","formEdgeID":null},{"edgeID":"1725062","fromID":"1313891","toID":"1313887","formEdgeID":null},{"edgeID":"1725063","fromID":"1313880","toID":"1313892","formEdgeID":null},{"edgeID":"1725064","fromID":"1313892","toID":"1313888","formEdgeID":null},{"edgeID":"1725065","fromID":"1313895","toID":"1313894","formEdgeID":null},{"edgeID":"1725066","fromID":"1313896","toID":"1313895","formEdgeID":null},{"edgeID":"1725067","fromID":"1313894","toID":"1313897","formEdgeID":null},{"edgeID":"1725068","fromID":"1313897","toID":"1313893","formEdgeID":null},{"edgeID":"1725069","fromID":"1313888","toID":"1313898","formEdgeID":null},{"edgeID":"1725070","fromID":"1313898","toID":"1313894","formEdgeID":null},{"edgeID":"1725071","fromID":"1313893","toID":"1313899","formEdgeID":null},{"edgeID":"1725072","fromID":"1313899","toID":"1313887","formEdgeID":null},{"edgeID":"1725073","fromID":"1313898","toID":"1313900","formEdgeID":null},{"edgeID":"1725074","fromID":"1313900","toID":"1313899","formEdgeID":null},{"edgeID":"1725075","fromID":"1313903","toID":"1313902","formEdgeID":null},{"edgeID":"1725076","fromID":"1313904","toID":"1313903","formEdgeID":null},{"edgeID":"1725077","fromID":"1313902","toID":"1313905","formEdgeID":null},{"edgeID":"1725078","fromID":"1313905","toID":"1313901","formEdgeID":null},{"edgeID":"1725079","fromID":"1313894","toID":"1313906","formEdgeID":null},{"edgeID":"1725080","fromID":"1313906","toID":"1313902","formEdgeID":null},{"edgeID":"1725081","fromID":"1313909","toID":"1313908","formEdgeID":null},{"edgeID":"1725082","fromID":"1313910","toID":"1313909","formEdgeID":null},{"edgeID":"1725083","fromID":"1313908","toID":"1313911","formEdgeID":null},{"edgeID":"1725084","fromID":"1313911","toID":"1313907","formEdgeID":null},{"edgeID":"1725085","fromID":"1313902","toID":"1313912","formEdgeID":null},{"edgeID":"1725086","fromID":"1313912","toID":"1313908","formEdgeID":null}],"locutions":[]}