{"nodes":[{"nodeID":"1153235","text":"let me just remind you of the original question which is local conservative candidates do or do not deserve to be punished in the local elections because of the Prime Minister and other Conservative MPs' actions","type":"I","timestamp":"2023-04-21 13:30:50"},{"nodeID":"1155527","text":"Jack, by all means respond to what you're hearing","type":"I","timestamp":"2023-04-21 13:46:36"},{"nodeID":"1155536","text":"that's a really difficult question to answer","type":"I","timestamp":"2023-04-21 13:46:42"},{"nodeID":"1155542","text":"these elections are an opportunity to send a message","type":"I","timestamp":"2023-04-21 13:46:44"},{"nodeID":"1155548","text":"you've got to separate out the needs of the local area and the needs to think nationally","type":"I","timestamp":"2023-04-21 13:46:47"},{"nodeID":"1155556","text":"there is a difference between heard experience and lived experience","type":"I","timestamp":"2023-04-21 13:46:49"},{"nodeID":"1155562","text":"the trouble is we've got a government that's full of people that have no lived experience of how ordinary people survive","type":"I","timestamp":"2023-04-21 13:46:52"},{"nodeID":"1155567","text":"there is a complacency that happens","type":"I","timestamp":"2023-04-21 13:46:54"},{"nodeID":"1155575","text":"what happened with partygate and what happened with an awful lot of things during COVID, it's not just about whether they had parties","type":"I","timestamp":"2023-04-21 13:46:56"},{"nodeID":"1155581","text":"what happened with an awful lot of things during COVID, it's about the miss-selling of PPE","type":"I","timestamp":"2023-04-21 13:46:59"},{"nodeID":"1155586","text":"what happened with an awful lot of things during COVID, it's about the treatment of care homes","type":"I","timestamp":"2023-04-21 13:47:01"},{"nodeID":"1155591","text":"what happened with an awful lot of things during COVID, it's about an awful lot of stuff where you saw real complacency from this government that did an awful lot of damage to people and cost lives","type":"I","timestamp":"2023-04-21 13:47:04"},{"nodeID":"1155596","text":"the government are in a bubble","type":"I","timestamp":"2023-04-21 13:47:07"},{"nodeID":"1155610","text":"the government are in a bubble and they haven't experienced real life","type":"I","timestamp":"2023-04-21 13:47:10"},{"nodeID":"1312291","text":"Fiona Bruce: Jack, by all means respond to what you're hearing","type":"L","timestamp":"2023-11-09 13:12:43"},{"nodeID":"1312292","text":"Analysing","type":"YA","timestamp":"2023-11-09 13:12:43"},{"nodeID":"1312293","text":"Anon: Fiona Bruce: Jack, by all means respond to what you're hearing","type":"L","timestamp":"2023-11-09 13:12:43"},{"nodeID":"1312294","text":"Asserting","type":"YA","timestamp":"2023-11-09 13:12:43"},{"nodeID":"1312295","text":"Fiona Bruce: let me just remind you of the original question which is do local conservative candidates deserve to be punished in the local elections because of the Prime Minister and other Conservative MPs' actions","type":"L","timestamp":"2023-11-09 13:12:44"},{"nodeID":"1312296","text":"Analysing","type":"YA","timestamp":"2023-11-09 13:12:44"},{"nodeID":"1312297","text":"Anon: Fiona Bruce: let me just remind you of the original question which is do local conservative candidates deserve to be punished in the local elections because of the Prime Minister and other Conservative MPs' actions","type":"L","timestamp":"2023-11-09 13:12:44"},{"nodeID":"1312298","text":"Pure Questioning","type":"YA","timestamp":"2023-11-09 13:12:44"},{"nodeID":"1312299","text":"Default Transition","type":"TA","timestamp":"2023-11-09 13:12:44"},{"nodeID":"1312300","text":"Jack Thorne: that's a really difficult question to answer","type":"L","timestamp":"2023-11-09 13:12:44"},{"nodeID":"1312301","text":"Analysing","type":"YA","timestamp":"2023-11-09 13:12:44"},{"nodeID":"1312302","text":"Anon: Jack Thorne: that's a really difficult question to answer","type":"L","timestamp":"2023-11-09 13:12:44"},{"nodeID":"1312303","text":"Asserting","type":"YA","timestamp":"2023-11-09 13:12:44"},{"nodeID":"1312304","text":"Default Transition","type":"TA","timestamp":"2023-11-09 13:12:44"},{"nodeID":"1312305","text":"Jack Thorne: these elections are an opportunity to send a message","type":"L","timestamp":"2023-11-09 13:12:45"},{"nodeID":"1312306","text":"Analysing","type":"YA","timestamp":"2023-11-09 13:12:45"},{"nodeID":"1312307","text":"Anon: Jack Thorne: these elections are an opportunity to send a message","type":"L","timestamp":"2023-11-09 13:12:45"},{"nodeID":"1312308","text":"Asserting","type":"YA","timestamp":"2023-11-09 13:12:45"},{"nodeID":"1312309","text":"Default Transition","type":"TA","timestamp":"2023-11-09 13:12:45"},{"nodeID":"1312310","text":"Jack Thorne: you've got to separate out the needs of the local area and the needs to think nationally","type":"L","timestamp":"2023-11-09 13:12:45"},{"nodeID":"1312311","text":"Analysing","type":"YA","timestamp":"2023-11-09 13:12:45"},{"nodeID":"1312312","text":"Anon: Jack Thorne: you've got to separate out the needs of the local area and the needs to think nationally","type":"L","timestamp":"2023-11-09 13:12:45"},{"nodeID":"1312313","text":"Asserting","type":"YA","timestamp":"2023-11-09 13:12:45"},{"nodeID":"1312314","text":"Default Inference","type":"RA","timestamp":"2023-11-09 13:12:45"},{"nodeID":"1312315","text":"Default Transition","type":"TA","timestamp":"2023-11-09 13:12:45"},{"nodeID":"1312316","text":"Arguing","type":"YA","timestamp":"2023-11-09 13:12:45"},{"nodeID":"1312317","text":"Jack Thorne: there is a difference between heard experience and lived experience","type":"L","timestamp":"2023-11-09 13:12:46"},{"nodeID":"1312318","text":"Analysing","type":"YA","timestamp":"2023-11-09 13:12:46"},{"nodeID":"1312319","text":"Anon: Jack Thorne: there is a difference between heard experience and lived experience","type":"L","timestamp":"2023-11-09 13:12:46"},{"nodeID":"1312320","text":"Asserting","type":"YA","timestamp":"2023-11-09 13:12:46"},{"nodeID":"1312321","text":"Default Transition","type":"TA","timestamp":"2023-11-09 13:12:46"},{"nodeID":"1312322","text":"Jack Thorne: the trouble is we've got a government that's full of people that have no lived experience of how ordinary people survive","type":"L","timestamp":"2023-11-09 13:12:46"},{"nodeID":"1312323","text":"Analysing","type":"YA","timestamp":"2023-11-09 13:12:46"},{"nodeID":"1312324","text":"Anon: Jack Thorne: the trouble is we've got a government that's full of people that have no lived experience of how ordinary people survive","type":"L","timestamp":"2023-11-09 13:12:46"},{"nodeID":"1312325","text":"Asserting","type":"YA","timestamp":"2023-11-09 13:12:46"},{"nodeID":"1312326","text":"Jack Thorne: there is a complacency that happens","type":"L","timestamp":"2023-11-09 13:12:47"},{"nodeID":"1312327","text":"Analysing","type":"YA","timestamp":"2023-11-09 13:12:47"},{"nodeID":"1312328","text":"Anon: Jack Thorne: there is a complacency that happens","type":"L","timestamp":"2023-11-09 13:12:47"},{"nodeID":"1312329","text":"Asserting","type":"YA","timestamp":"2023-11-09 13:12:47"},{"nodeID":"1312330","text":"Default Inference","type":"RA","timestamp":"2023-11-09 13:12:47"},{"nodeID":"1312331","text":"Default Transition","type":"TA","timestamp":"2023-11-09 13:12:47"},{"nodeID":"1312332","text":"Default Transition","type":"TA","timestamp":"2023-11-09 13:12:47"},{"nodeID":"1312333","text":"Jack Thorne: What happened with partygate and what happened with an awful lot of things during COVID, it's not just about whether they had parties","type":"L","timestamp":"2023-11-09 13:12:48"},{"nodeID":"1312334","text":"Analysing","type":"YA","timestamp":"2023-11-09 13:12:48"},{"nodeID":"1312335","text":"Anon: Jack Thorne: What happened with partygate and what happened with an awful lot of things during COVID, it's not just about whether they had parties","type":"L","timestamp":"2023-11-09 13:12:48"},{"nodeID":"1312336","text":"Asserting","type":"YA","timestamp":"2023-11-09 13:12:48"},{"nodeID":"1312337","text":"Default Transition","type":"TA","timestamp":"2023-11-09 13:12:48"},{"nodeID":"1312338","text":"Jack Thorne: it's about the miss-selling of PPE","type":"L","timestamp":"2023-11-09 13:12:48"},{"nodeID":"1312339","text":"Analysing","type":"YA","timestamp":"2023-11-09 13:12:48"},{"nodeID":"1312340","text":"Anon: Jack Thorne: it's about the miss-selling of PPE","type":"L","timestamp":"2023-11-09 13:12:48"},{"nodeID":"1312341","text":"Asserting","type":"YA","timestamp":"2023-11-09 13:12:48"},{"nodeID":"1312342","text":"Jack Thorne: it's about the treatment of care homes","type":"L","timestamp":"2023-11-09 13:12:49"},{"nodeID":"1312343","text":"Analysing","type":"YA","timestamp":"2023-11-09 13:12:49"},{"nodeID":"1312344","text":"Anon: Jack Thorne: it's about the treatment of care homes","type":"L","timestamp":"2023-11-09 13:12:49"},{"nodeID":"1312345","text":"Asserting","type":"YA","timestamp":"2023-11-09 13:12:49"},{"nodeID":"1312346","text":"Jack Thorne: it's about an awful lot of stuff where you saw real complacency from this government that did an awful lot of damage to people and cost lives","type":"L","timestamp":"2023-11-09 13:12:49"},{"nodeID":"1312347","text":"Analysing","type":"YA","timestamp":"2023-11-09 13:12:49"},{"nodeID":"1312348","text":"Anon: Jack Thorne: it's about an awful lot of stuff where you saw real complacency from this government that did an awful lot of damage to people and cost lives","type":"L","timestamp":"2023-11-09 13:12:49"},{"nodeID":"1312349","text":"Asserting","type":"YA","timestamp":"2023-11-09 13:12:49"},{"nodeID":"1312350","text":"Jack Thorne: they are in a bubble","type":"L","timestamp":"2023-11-09 13:12:50"},{"nodeID":"1312351","text":"Analysing","type":"YA","timestamp":"2023-11-09 13:12:50"},{"nodeID":"1312352","text":"Anon: Jack Thorne: they are in a bubble","type":"L","timestamp":"2023-11-09 13:12:50"},{"nodeID":"1312353","text":"Asserting","type":"YA","timestamp":"2023-11-09 13:12:50"},{"nodeID":"1312354","text":"Default Transition","type":"TA","timestamp":"2023-11-09 13:12:50"},{"nodeID":"1312355","text":"Default Transition","type":"TA","timestamp":"2023-11-09 13:12:50"},{"nodeID":"1312356","text":"Default Transition","type":"TA","timestamp":"2023-11-09 13:12:50"},{"nodeID":"1312357","text":"Default Inference","type":"RA","timestamp":"2023-11-09 13:12:50"},{"nodeID":"1312358","text":"Arguing","type":"YA","timestamp":"2023-11-09 13:12:50"},{"nodeID":"1312359","text":"Default Inference","type":"RA","timestamp":"2023-11-09 13:12:50"},{"nodeID":"1312360","text":"Arguing","type":"YA","timestamp":"2023-11-09 13:12:50"},{"nodeID":"1312361","text":"Default Inference","type":"RA","timestamp":"2023-11-09 13:12:50"},{"nodeID":"1312362","text":"Arguing","type":"YA","timestamp":"2023-11-09 13:12:50"},{"nodeID":"1312363","text":"Jack Thorne: They are in a bubble and they haven't experienced real life","type":"L","timestamp":"2023-11-09 13:12:51"},{"nodeID":"1312364","text":"Analysing","type":"YA","timestamp":"2023-11-09 13:12:51"},{"nodeID":"1312365","text":"Anon: Jack Thorne: They are in a bubble and they haven't experienced real life","type":"L","timestamp":"2023-11-09 13:12:51"},{"nodeID":"1312366","text":"Asserting","type":"YA","timestamp":"2023-11-09 13:12:51"},{"nodeID":"1312367","text":"Default Rephrase","type":"MA","timestamp":"2023-11-09 13:12:51"},{"nodeID":"1312368","text":"Default Transition","type":"TA","timestamp":"2023-11-09 13:12:51"},{"nodeID":"1312369","text":"Restating","type":"YA","timestamp":"2023-11-09 13:12:51"},{"nodeID":"1312370","text":"Default Transition","type":"TA","timestamp":"2023-11-09 13:12:51"},{"nodeID":"1312371","text":"Arguing","type":"YA","timestamp":"2023-11-09 13:12:51"},{"nodeID":"1312372","text":"Default Inference","type":"RA","timestamp":"2023-11-09 13:12:51"},{"nodeID":"1312373","text":"Arguing","type":"YA","timestamp":"2023-11-09 13:12:51"}],"edges":[{"edgeID":"1723186","fromID":"1312292","toID":"1312291","formEdgeID":null},{"edgeID":"1723187","fromID":"1312293","toID":"1312292","formEdgeID":null},{"edgeID":"1723188","fromID":"1312291","toID":"1312294","formEdgeID":null},{"edgeID":"1723189","fromID":"1312294","toID":"1155527","formEdgeID":null},{"edgeID":"1723190","fromID":"1312296","toID":"1312295","formEdgeID":null},{"edgeID":"1723191","fromID":"1312297","toID":"1312296","formEdgeID":null},{"edgeID":"1723192","fromID":"1312295","toID":"1312298","formEdgeID":null},{"edgeID":"1723193","fromID":"1312298","toID":"1153235","formEdgeID":null},{"edgeID":"1723194","fromID":"1312291","toID":"1312299","formEdgeID":null},{"edgeID":"1723195","fromID":"1312299","toID":"1312295","formEdgeID":null},{"edgeID":"1723196","fromID":"1312301","toID":"1312300","formEdgeID":null},{"edgeID":"1723197","fromID":"1312302","toID":"1312301","formEdgeID":null},{"edgeID":"1723198","fromID":"1312300","toID":"1312303","formEdgeID":null},{"edgeID":"1723199","fromID":"1312303","toID":"1155536","formEdgeID":null},{"edgeID":"1723200","fromID":"1312295","toID":"1312304","formEdgeID":null},{"edgeID":"1723201","fromID":"1312304","toID":"1312300","formEdgeID":null},{"edgeID":"1723202","fromID":"1312306","toID":"1312305","formEdgeID":null},{"edgeID":"1723203","fromID":"1312307","toID":"1312306","formEdgeID":null},{"edgeID":"1723204","fromID":"1312305","toID":"1312308","formEdgeID":null},{"edgeID":"1723205","fromID":"1312308","toID":"1155542","formEdgeID":null},{"edgeID":"1723206","fromID":"1312300","toID":"1312309","formEdgeID":null},{"edgeID":"1723207","fromID":"1312309","toID":"1312305","formEdgeID":null},{"edgeID":"1723208","fromID":"1312311","toID":"1312310","formEdgeID":null},{"edgeID":"1723209","fromID":"1312312","toID":"1312311","formEdgeID":null},{"edgeID":"1723210","fromID":"1312310","toID":"1312313","formEdgeID":null},{"edgeID":"1723211","fromID":"1312313","toID":"1155548","formEdgeID":null},{"edgeID":"1723212","fromID":"1155542","toID":"1312314","formEdgeID":null},{"edgeID":"1723213","fromID":"1312314","toID":"1155548","formEdgeID":null},{"edgeID":"1723214","fromID":"1312305","toID":"1312315","formEdgeID":null},{"edgeID":"1723215","fromID":"1312315","toID":"1312310","formEdgeID":null},{"edgeID":"1723216","fromID":"1312315","toID":"1312316","formEdgeID":null},{"edgeID":"1723217","fromID":"1312316","toID":"1312314","formEdgeID":null},{"edgeID":"1723218","fromID":"1312318","toID":"1312317","formEdgeID":null},{"edgeID":"1723219","fromID":"1312319","toID":"1312318","formEdgeID":null},{"edgeID":"1723220","fromID":"1312317","toID":"1312320","formEdgeID":null},{"edgeID":"1723221","fromID":"1312320","toID":"1155556","formEdgeID":null},{"edgeID":"1723222","fromID":"1312310","toID":"1312321","formEdgeID":null},{"edgeID":"1723223","fromID":"1312321","toID":"1312317","formEdgeID":null},{"edgeID":"1723224","fromID":"1312323","toID":"1312322","formEdgeID":null},{"edgeID":"1723225","fromID":"1312324","toID":"1312323","formEdgeID":null},{"edgeID":"1723226","fromID":"1312322","toID":"1312325","formEdgeID":null},{"edgeID":"1723227","fromID":"1312325","toID":"1155562","formEdgeID":null},{"edgeID":"1723228","fromID":"1312327","toID":"1312326","formEdgeID":null},{"edgeID":"1723229","fromID":"1312328","toID":"1312327","formEdgeID":null},{"edgeID":"1723230","fromID":"1312326","toID":"1312329","formEdgeID":null},{"edgeID":"1723231","fromID":"1312329","toID":"1155567","formEdgeID":null},{"edgeID":"1723232","fromID":"1155562","toID":"1312330","formEdgeID":null},{"edgeID":"1723233","fromID":"1312330","toID":"1155567","formEdgeID":null},{"edgeID":"1723234","fromID":"1155556","toID":"1312330","formEdgeID":null},{"edgeID":"1723235","fromID":"1312322","toID":"1312331","formEdgeID":null},{"edgeID":"1723236","fromID":"1312331","toID":"1312326","formEdgeID":null},{"edgeID":"1723237","fromID":"1312317","toID":"1312332","formEdgeID":null},{"edgeID":"1723238","fromID":"1312332","toID":"1312326","formEdgeID":null},{"edgeID":"1723239","fromID":"1312334","toID":"1312333","formEdgeID":null},{"edgeID":"1723240","fromID":"1312335","toID":"1312334","formEdgeID":null},{"edgeID":"1723241","fromID":"1312333","toID":"1312336","formEdgeID":null},{"edgeID":"1723242","fromID":"1312336","toID":"1155575","formEdgeID":null},{"edgeID":"1723243","fromID":"1312326","toID":"1312337","formEdgeID":null},{"edgeID":"1723244","fromID":"1312337","toID":"1312333","formEdgeID":null},{"edgeID":"1723245","fromID":"1312339","toID":"1312338","formEdgeID":null},{"edgeID":"1723246","fromID":"1312340","toID":"1312339","formEdgeID":null},{"edgeID":"1723247","fromID":"1312338","toID":"1312341","formEdgeID":null},{"edgeID":"1723248","fromID":"1312341","toID":"1155581","formEdgeID":null},{"edgeID":"1723249","fromID":"1312343","toID":"1312342","formEdgeID":null},{"edgeID":"1723250","fromID":"1312344","toID":"1312343","formEdgeID":null},{"edgeID":"1723251","fromID":"1312342","toID":"1312345","formEdgeID":null},{"edgeID":"1723252","fromID":"1312345","toID":"1155586","formEdgeID":null},{"edgeID":"1723253","fromID":"1312347","toID":"1312346","formEdgeID":null},{"edgeID":"1723254","fromID":"1312348","toID":"1312347","formEdgeID":null},{"edgeID":"1723255","fromID":"1312346","toID":"1312349","formEdgeID":null},{"edgeID":"1723256","fromID":"1312349","toID":"1155591","formEdgeID":null},{"edgeID":"1723257","fromID":"1312351","toID":"1312350","formEdgeID":null},{"edgeID":"1723258","fromID":"1312352","toID":"1312351","formEdgeID":null},{"edgeID":"1723259","fromID":"1312350","toID":"1312353","formEdgeID":null},{"edgeID":"1723260","fromID":"1312353","toID":"1155596","formEdgeID":null},{"edgeID":"1723261","fromID":"1312333","toID":"1312354","formEdgeID":null},{"edgeID":"1723262","fromID":"1312354","toID":"1312342","formEdgeID":null},{"edgeID":"1723263","fromID":"1312333","toID":"1312355","formEdgeID":null},{"edgeID":"1723264","fromID":"1312355","toID":"1312346","formEdgeID":null},{"edgeID":"1723265","fromID":"1312333","toID":"1312356","formEdgeID":null},{"edgeID":"1723266","fromID":"1312356","toID":"1312338","formEdgeID":null},{"edgeID":"1723267","fromID":"1155581","toID":"1312357","formEdgeID":null},{"edgeID":"1723268","fromID":"1312357","toID":"1155575","formEdgeID":null},{"edgeID":"1723269","fromID":"1312356","toID":"1312358","formEdgeID":null},{"edgeID":"1723270","fromID":"1312358","toID":"1312357","formEdgeID":null},{"edgeID":"1723271","fromID":"1155586","toID":"1312359","formEdgeID":null},{"edgeID":"1723272","fromID":"1312359","toID":"1155575","formEdgeID":null},{"edgeID":"1723273","fromID":"1312354","toID":"1312360","formEdgeID":null},{"edgeID":"1723274","fromID":"1312360","toID":"1312359","formEdgeID":null},{"edgeID":"1723275","fromID":"1155591","toID":"1312361","formEdgeID":null},{"edgeID":"1723276","fromID":"1312361","toID":"1155575","formEdgeID":null},{"edgeID":"1723277","fromID":"1312355","toID":"1312362","formEdgeID":null},{"edgeID":"1723278","fromID":"1312362","toID":"1312361","formEdgeID":null},{"edgeID":"1723279","fromID":"1312364","toID":"1312363","formEdgeID":null},{"edgeID":"1723280","fromID":"1312365","toID":"1312364","formEdgeID":null},{"edgeID":"1723281","fromID":"1312363","toID":"1312366","formEdgeID":null},{"edgeID":"1723282","fromID":"1312366","toID":"1155610","formEdgeID":null},{"edgeID":"1723283","fromID":"1155610","toID":"1312367","formEdgeID":null},{"edgeID":"1723284","fromID":"1312367","toID":"1155596","formEdgeID":null},{"edgeID":"1723285","fromID":"1312350","toID":"1312368","formEdgeID":null},{"edgeID":"1723286","fromID":"1312368","toID":"1312363","formEdgeID":null},{"edgeID":"1723287","fromID":"1312368","toID":"1312369","formEdgeID":null},{"edgeID":"1723288","fromID":"1312369","toID":"1312367","formEdgeID":null},{"edgeID":"1723289","fromID":"1312346","toID":"1312370","formEdgeID":null},{"edgeID":"1723290","fromID":"1312370","toID":"1312350","formEdgeID":null},{"edgeID":"1723291","fromID":"1312332","toID":"1312371","formEdgeID":null},{"edgeID":"1723292","fromID":"1312371","toID":"1312330","formEdgeID":null},{"edgeID":"1723293","fromID":"1155596","toID":"1312372","formEdgeID":null},{"edgeID":"1723294","fromID":"1312372","toID":"1155591","formEdgeID":null},{"edgeID":"1723295","fromID":"1312370","toID":"1312373","formEdgeID":null},{"edgeID":"1723296","fromID":"1312373","toID":"1312372","formEdgeID":null}],"locutions":[]}