{"nodes":[{"nodeID":"1313148","text":"the data is not there","type":"I","timestamp":"2023-11-09 13:13:57"},{"nodeID":"1313149","text":"AudienceMember 20220512QT30: if the data is not there","type":"L","timestamp":"2023-11-09 13:13:57"},{"nodeID":"1313150","text":"Analysing","type":"YA","timestamp":"2023-11-09 13:13:57"},{"nodeID":"1313151","text":"Anna : AudienceMember 20220512QT30: if the data is not there","type":"L","timestamp":"2023-11-09 13:13:57"},{"nodeID":"1313152","text":"Asserting","type":"YA","timestamp":"2023-11-09 13:13:57"},{"nodeID":"1313153","text":"you do not make the decision","type":"I","timestamp":"2023-11-09 13:13:58"},{"nodeID":"1313154","text":"AudienceMember 20220512QT30: you do not make the decision","type":"L","timestamp":"2023-11-09 13:13:58"},{"nodeID":"1313155","text":"Analysing","type":"YA","timestamp":"2023-11-09 13:13:58"},{"nodeID":"1313156","text":"Anna : AudienceMember 20220512QT30: you do not make the decision","type":"L","timestamp":"2023-11-09 13:13:58"},{"nodeID":"1313157","text":"Asserting","type":"YA","timestamp":"2023-11-09 13:13:58"},{"nodeID":"1313158","text":"xxx is why the decision was made","type":"I","timestamp":"2023-11-09 13:13:58"},{"nodeID":"1313159","text":"AudienceMember 20220512QT30: So why was the decision made?","type":"L","timestamp":"2023-11-09 13:13:58"},{"nodeID":"1313160","text":"Analysing","type":"YA","timestamp":"2023-11-09 13:13:58"},{"nodeID":"1313161","text":"Anna : AudienceMember 20220512QT30: So why was the decision made?","type":"L","timestamp":"2023-11-09 13:13:58"},{"nodeID":"1313162","text":"Rhetorical Challenging","type":"YA","timestamp":"2023-11-09 13:13:58"},{"nodeID":"1313163","text":"there's small mistakes and there's big mistakes","type":"I","timestamp":"2023-11-09 13:13:59"},{"nodeID":"1313164","text":"AudienceMember 20220512QT31: There's small mistakes and there's big mistakes","type":"L","timestamp":"2023-11-09 13:13:59"},{"nodeID":"1313165","text":"Analysing","type":"YA","timestamp":"2023-11-09 13:13:59"},{"nodeID":"1313166","text":"Anna : AudienceMember 20220512QT31: There's small mistakes and there's big mistakes","type":"L","timestamp":"2023-11-09 13:13:59"},{"nodeID":"1313167","text":"Asserting","type":"YA","timestamp":"2023-11-09 13:13:59"},{"nodeID":"1313168","text":"AudienceMember 20220512QT31 doesn't care if someone had a bit of cake","type":"I","timestamp":"2023-11-09 13:14:00"},{"nodeID":"1313169","text":"AudienceMember 20220512QT31:  I don't care if someone had a bit of cake","type":"L","timestamp":"2023-11-09 13:14:00"},{"nodeID":"1313170","text":"Analysing","type":"YA","timestamp":"2023-11-09 13:14:00"},{"nodeID":"1313171","text":"Anna : AudienceMember 20220512QT31:  I don't care if someone had a bit of cake","type":"L","timestamp":"2023-11-09 13:14:00"},{"nodeID":"1313172","text":"Asserting","type":"YA","timestamp":"2023-11-09 13:14:00"},{"nodeID":"1313173","text":"AudienceMember 20220512QT31 doesn't care if someone had a beer after a long, hard day","type":"I","timestamp":"2023-11-09 13:14:00"},{"nodeID":"1313174","text":"AudienceMember 20220512QT31: I don't care if someone had a beer after a long, hard day","type":"L","timestamp":"2023-11-09 13:14:00"},{"nodeID":"1313175","text":"Analysing","type":"YA","timestamp":"2023-11-09 13:14:00"},{"nodeID":"1313176","text":"Anna : AudienceMember 20220512QT31: I don't care if someone had a beer after a long, hard day","type":"L","timestamp":"2023-11-09 13:14:00"},{"nodeID":"1313177","text":"Asserting","type":"YA","timestamp":"2023-11-09 13:14:00"},{"nodeID":"1313178","text":"people have died","type":"I","timestamp":"2023-11-09 13:14:01"},{"nodeID":"1313179","text":"AudienceMember 20220512QT31: But people have died","type":"L","timestamp":"2023-11-09 13:14:01"},{"nodeID":"1313180","text":"Analysing","type":"YA","timestamp":"2023-11-09 13:14:01"},{"nodeID":"1313181","text":"Anna : AudienceMember 20220512QT31: But people have died","type":"L","timestamp":"2023-11-09 13:14:01"},{"nodeID":"1313182","text":"Asserting","type":"YA","timestamp":"2023-11-09 13:14:01"},{"nodeID":"1313183","text":"people's mothers have died","type":"I","timestamp":"2023-11-09 13:14:01"},{"nodeID":"1313184","text":"AudienceMember 20220512QT31: People's mothers have died","type":"L","timestamp":"2023-11-09 13:14:01"},{"nodeID":"1313185","text":"Analysing","type":"YA","timestamp":"2023-11-09 13:14:01"},{"nodeID":"1313186","text":"Anna : AudienceMember 20220512QT31: People's mothers have died","type":"L","timestamp":"2023-11-09 13:14:01"},{"nodeID":"1313187","text":"Asserting","type":"YA","timestamp":"2023-11-09 13:14:01"},{"nodeID":"1313188","text":"people's grandparents have died","type":"I","timestamp":"2023-11-09 13:14:02"},{"nodeID":"1313189","text":"AudienceMember 20220512QT31: People's grandparents have died","type":"L","timestamp":"2023-11-09 13:14:02"},{"nodeID":"1313190","text":"Analysing","type":"YA","timestamp":"2023-11-09 13:14:02"},{"nodeID":"1313191","text":"Anna : AudienceMember 20220512QT31: People's grandparents have died","type":"L","timestamp":"2023-11-09 13:14:02"},{"nodeID":"1313192","text":"Asserting","type":"YA","timestamp":"2023-11-09 13:14:02"},{"nodeID":"1313193","text":"we'll brush it off with an enquiry","type":"I","timestamp":"2023-11-09 13:14:03"},{"nodeID":"1313194","text":"AudienceMember 20220512QT31: Oh, we'll brush it off with an enquiry","type":"L","timestamp":"2023-11-09 13:14:03"},{"nodeID":"1313195","text":"Analysing","type":"YA","timestamp":"2023-11-09 13:14:03"},{"nodeID":"1313196","text":"Anna : AudienceMember 20220512QT31: Oh, we'll brush it off with an enquiry","type":"L","timestamp":"2023-11-09 13:14:03"},{"nodeID":"1313197","text":"Asserting","type":"YA","timestamp":"2023-11-09 13:14:03"},{"nodeID":"1313198","text":"they always say we'll have an enquiry","type":"I","timestamp":"2023-11-09 13:14:03"},{"nodeID":"1313199","text":"AudienceMember 20220512QT31: It's what they always say","type":"L","timestamp":"2023-11-09 13:14:03"},{"nodeID":"1313200","text":"Analysing","type":"YA","timestamp":"2023-11-09 13:14:03"},{"nodeID":"1313201","text":"Anna : AudienceMember 20220512QT31: It's what they always say","type":"L","timestamp":"2023-11-09 13:14:03"},{"nodeID":"1313202","text":"Asserting","type":"YA","timestamp":"2023-11-09 13:14:03"},{"nodeID":"1313203","text":"xxx is when do we not hear oh, we'll have an enquiry","type":"I","timestamp":"2023-11-09 13:14:04"},{"nodeID":"1313204","text":"AudienceMember 20220512QT31: When do we not hear oh, we'll have an enquiry","type":"L","timestamp":"2023-11-09 13:14:04"},{"nodeID":"1313205","text":"Analysing","type":"YA","timestamp":"2023-11-09 13:14:04"},{"nodeID":"1313206","text":"Anna : AudienceMember 20220512QT31: When do we not hear oh, we'll have an enquiry","type":"L","timestamp":"2023-11-09 13:14:04"},{"nodeID":"1313207","text":"Rhetorical Questioning","type":"YA","timestamp":"2023-11-09 13:14:04"},{"nodeID":"1313208","text":"xxx is what happens","type":"I","timestamp":"2023-11-09 13:14:04"},{"nodeID":"1313209","text":"AudienceMember 20220512QT31: What happens","type":"L","timestamp":"2023-11-09 13:14:04"},{"nodeID":"1313210","text":"Analysing","type":"YA","timestamp":"2023-11-09 13:14:04"},{"nodeID":"1313211","text":"Anna : AudienceMember 20220512QT31: What happens","type":"L","timestamp":"2023-11-09 13:14:04"},{"nodeID":"1313212","text":"Rhetorical Questioning","type":"YA","timestamp":"2023-11-09 13:14:04"},{"nodeID":"1313213","text":"nothing happens","type":"I","timestamp":"2023-11-09 13:14:05"},{"nodeID":"1313214","text":"AudienceMember 20220512QT31: Nothing","type":"L","timestamp":"2023-11-09 13:14:05"},{"nodeID":"1313215","text":"Analysing","type":"YA","timestamp":"2023-11-09 13:14:05"},{"nodeID":"1313216","text":"Anna : AudienceMember 20220512QT31: Nothing","type":"L","timestamp":"2023-11-09 13:14:05"},{"nodeID":"1313217","text":"Asserting","type":"YA","timestamp":"2023-11-09 13:14:05"},{"nodeID":"1313218","text":"people are dead","type":"I","timestamp":"2023-11-09 13:14:06"},{"nodeID":"1313219","text":"AudienceMember 20220512QT31: People are dead","type":"L","timestamp":"2023-11-09 13:14:06"},{"nodeID":"1313220","text":"Analysing","type":"YA","timestamp":"2023-11-09 13:14:06"},{"nodeID":"1313221","text":"Anna : AudienceMember 20220512QT31: People are dead","type":"L","timestamp":"2023-11-09 13:14:06"},{"nodeID":"1313222","text":"Asserting","type":"YA","timestamp":"2023-11-09 13:14:06"},{"nodeID":"1313223","text":"they can't bring dead people back to life","type":"I","timestamp":"2023-11-09 13:14:06"},{"nodeID":"1313224","text":"AudienceMember 20220512QT31: They can't bring them back to life","type":"L","timestamp":"2023-11-09 13:14:06"},{"nodeID":"1313225","text":"Analysing","type":"YA","timestamp":"2023-11-09 13:14:06"},{"nodeID":"1313226","text":"Anna : AudienceMember 20220512QT31: They can't bring them back to life","type":"L","timestamp":"2023-11-09 13:14:06"},{"nodeID":"1313227","text":"Asserting","type":"YA","timestamp":"2023-11-09 13:14:06"},{"nodeID":"1313228","text":"there's been a lot of focus on individuals and individual blame","type":"I","timestamp":"2023-11-09 13:14:07"},{"nodeID":"1313229","text":"Charlotte Ivers: So I think there's been a lot of focus on individuals and individual blame","type":"L","timestamp":"2023-11-09 13:14:07"},{"nodeID":"1313230","text":"Analysing","type":"YA","timestamp":"2023-11-09 13:14:07"},{"nodeID":"1313231","text":"Anna : Charlotte Ivers: So I think there's been a lot of focus on individuals and individual blame","type":"L","timestamp":"2023-11-09 13:14:07"},{"nodeID":"1313232","text":"Asserting","type":"YA","timestamp":"2023-11-09 13:14:07"},{"nodeID":"1313233","text":"Charlotte Ivers is really glad AudienceMember 20220505QT26  used the word systemic there","type":"I","timestamp":"2023-11-09 13:14:07"},{"nodeID":"1313234","text":"Charlotte Ivers: That's why I'm really glad you used the word systemic there","type":"L","timestamp":"2023-11-09 13:14:07"},{"nodeID":"1313235","text":"Analysing","type":"YA","timestamp":"2023-11-09 13:14:07"},{"nodeID":"1313236","text":"Anna : Charlotte Ivers: That's why I'm really glad you used the word systemic there","type":"L","timestamp":"2023-11-09 13:14:07"},{"nodeID":"1313237","text":"Asserting","type":"YA","timestamp":"2023-11-09 13:14:07"},{"nodeID":"1313238","text":"it's really easy to talk about individuals","type":"I","timestamp":"2023-11-09 13:14:08"},{"nodeID":"1313239","text":"Charlotte Ivers: because I think it's really easy to talk about individuals","type":"L","timestamp":"2023-11-09 13:14:08"},{"nodeID":"1313240","text":"Analysing","type":"YA","timestamp":"2023-11-09 13:14:08"},{"nodeID":"1313241","text":"Anna : Charlotte Ivers: because I think it's really easy to talk about individuals","type":"L","timestamp":"2023-11-09 13:14:08"},{"nodeID":"1313242","text":"Asserting","type":"YA","timestamp":"2023-11-09 13:14:08"},{"nodeID":"1313243","text":"it's interesting,who ate cake when, who drank beer when, and we can all get really wrapped up in it as politicians, as journalists","type":"I","timestamp":"2023-11-09 13:14:08"},{"nodeID":"1313244","text":"Charlotte Ivers: It's interesting, as you say, who ate cake when, who drank beer when, and we can all get really wrapped up in it as politicians, as journalists","type":"L","timestamp":"2023-11-09 13:14:08"},{"nodeID":"1313245","text":"Analysing","type":"YA","timestamp":"2023-11-09 13:14:08"},{"nodeID":"1313246","text":"Anna : Charlotte Ivers: It's interesting, as you say, who ate cake when, who drank beer when, and we can all get really wrapped up in it as politicians, as journalists","type":"L","timestamp":"2023-11-09 13:14:08"},{"nodeID":"1313247","text":"Asserting","type":"YA","timestamp":"2023-11-09 13:14:08"},{"nodeID":"1313248","text":"Charlotte Ivers saw that court judgment","type":"I","timestamp":"2023-11-09 13:14:09"},{"nodeID":"1313249","text":"Charlotte Ivers: But when I saw that court judgment","type":"L","timestamp":"2023-11-09 13:14:09"},{"nodeID":"1313250","text":"Analysing","type":"YA","timestamp":"2023-11-09 13:14:09"},{"nodeID":"1313251","text":"Anna : Charlotte Ivers: But when I saw that court judgment","type":"L","timestamp":"2023-11-09 13:14:09"},{"nodeID":"1313252","text":"Asserting","type":"YA","timestamp":"2023-11-09 13:14:09"},{"nodeID":"1313253","text":"Charlotte Ivers went back to an article written by some of my colleagues at The Sunday Times, it was called 38 Days When Britain Sleepwalked into Disaster","type":"I","timestamp":"2023-11-09 13:14:10"},{"nodeID":"1313254","text":"Charlotte Ivers:  I went back to an article written by some of my colleagues at The Sunday Times, it was called 38 Days When Britain Sleepwalked into Disaster","type":"L","timestamp":"2023-11-09 13:14:10"},{"nodeID":"1313255","text":"Analysing","type":"YA","timestamp":"2023-11-09 13:14:10"},{"nodeID":"1313256","text":"Anna : Charlotte Ivers:  I went back to an article written by some of my colleagues at The Sunday Times, it was called 38 Days When Britain Sleepwalked into Disaster","type":"L","timestamp":"2023-11-09 13:14:10"},{"nodeID":"1313257","text":"Asserting","type":"YA","timestamp":"2023-11-09 13:14:10"},{"nodeID":"1313258","text":"Default Inference","type":"RA","timestamp":"2023-11-09 13:14:10"},{"nodeID":"1313259","text":"Default Transition","type":"TA","timestamp":"2023-11-09 13:14:10"},{"nodeID":"1313260","text":"Arguing","type":"YA","timestamp":"2023-11-09 13:14:10"},{"nodeID":"1313261","text":"Default Transition","type":"TA","timestamp":"2023-11-09 13:14:10"},{"nodeID":"1313262","text":"Default Conflict","type":"CA","timestamp":"2023-11-09 13:14:10"},{"nodeID":"1313263","text":"Disagreeing","type":"YA","timestamp":"2023-11-09 13:14:10"},{"nodeID":"1313264","text":"Default Transition","type":"TA","timestamp":"2023-11-09 13:14:10"},{"nodeID":"1313265","text":"Default Rephrase","type":"MA","timestamp":"2023-11-09 13:14:10"},{"nodeID":"1313266","text":"Default Transition","type":"TA","timestamp":"2023-11-09 13:14:10"},{"nodeID":"1313267","text":"Restating","type":"YA","timestamp":"2023-11-09 13:14:10"},{"nodeID":"1313268","text":"Default Rephrase","type":"MA","timestamp":"2023-11-09 13:14:10"},{"nodeID":"1313269","text":"Default Transition","type":"TA","timestamp":"2023-11-09 13:14:10"},{"nodeID":"1313270","text":"Restating","type":"YA","timestamp":"2023-11-09 13:14:10"},{"nodeID":"1313271","text":"Default Transition","type":"TA","timestamp":"2023-11-09 13:14:10"},{"nodeID":"1313272","text":"Default Rephrase","type":"MA","timestamp":"2023-11-09 13:14:10"},{"nodeID":"1313273","text":"Default Transition","type":"TA","timestamp":"2023-11-09 13:14:10"},{"nodeID":"1313274","text":"Restating","type":"YA","timestamp":"2023-11-09 13:14:10"},{"nodeID":"1313275","text":"Default Transition","type":"TA","timestamp":"2023-11-09 13:14:10"},{"nodeID":"1313276","text":"Default Transition","type":"TA","timestamp":"2023-11-09 13:14:10"},{"nodeID":"1313277","text":"Default Rephrase","type":"MA","timestamp":"2023-11-09 13:14:10"},{"nodeID":"1313278","text":"Restating","type":"YA","timestamp":"2023-11-09 13:14:10"},{"nodeID":"1313279","text":"Default Conflict","type":"CA","timestamp":"2023-11-09 13:14:10"},{"nodeID":"1313280","text":"Default Transition","type":"TA","timestamp":"2023-11-09 13:14:10"},{"nodeID":"1313281","text":"Disagreeing","type":"YA","timestamp":"2023-11-09 13:14:10"},{"nodeID":"1313282","text":"Default Transition","type":"TA","timestamp":"2023-11-09 13:14:10"},{"nodeID":"1313283","text":"Default Rephrase","type":"MA","timestamp":"2023-11-09 13:14:10"},{"nodeID":"1313284","text":"Restating","type":"YA","timestamp":"2023-11-09 13:14:10"},{"nodeID":"1313285","text":"Default Transition","type":"TA","timestamp":"2023-11-09 13:14:10"},{"nodeID":"1313286","text":"Default Transition","type":"TA","timestamp":"2023-11-09 13:14:10"},{"nodeID":"1313287","text":"Default Conflict","type":"CA","timestamp":"2023-11-09 13:14:10"},{"nodeID":"1313288","text":"Disagreeing","type":"YA","timestamp":"2023-11-09 13:14:10"},{"nodeID":"1313289","text":"Default Rephrase","type":"MA","timestamp":"2023-11-09 13:14:10"},{"nodeID":"1313290","text":"Default Transition","type":"TA","timestamp":"2023-11-09 13:14:10"},{"nodeID":"1313291","text":"Restating","type":"YA","timestamp":"2023-11-09 13:14:10"},{"nodeID":"1313292","text":"Default Transition","type":"TA","timestamp":"2023-11-09 13:14:10"},{"nodeID":"1313293","text":"Default Transition","type":"TA","timestamp":"2023-11-09 13:14:10"},{"nodeID":"1313294","text":"Default Rephrase","type":"MA","timestamp":"2023-11-09 13:14:10"},{"nodeID":"1313295","text":"Restating","type":"YA","timestamp":"2023-11-09 13:14:10"},{"nodeID":"1313296","text":"Default Transition","type":"TA","timestamp":"2023-11-09 13:14:10"},{"nodeID":"1313297","text":"Default Inference","type":"RA","timestamp":"2023-11-09 13:14:10"},{"nodeID":"1313298","text":"Arguing","type":"YA","timestamp":"2023-11-09 13:14:10"},{"nodeID":"1313299","text":"Default Inference","type":"RA","timestamp":"2023-11-09 13:14:10"},{"nodeID":"1313300","text":"Default Transition","type":"TA","timestamp":"2023-11-09 13:14:10"},{"nodeID":"1313301","text":"Arguing","type":"YA","timestamp":"2023-11-09 13:14:10"},{"nodeID":"1313302","text":"Default Transition","type":"TA","timestamp":"2023-11-09 13:14:10"},{"nodeID":"1313303","text":"Default Transition","type":"TA","timestamp":"2023-11-09 13:14:10"},{"nodeID":"1313304","text":"Default Transition","type":"TA","timestamp":"2023-11-09 13:14:10"},{"nodeID":"1313305","text":"Default Inference","type":"RA","timestamp":"2023-11-09 13:14:10"},{"nodeID":"1313306","text":"Arguing","type":"YA","timestamp":"2023-11-09 13:14:10"},{"nodeID":"1313307","text":"Default Rephrase","type":"MA","timestamp":"2023-11-09 13:14:10"},{"nodeID":"1313308","text":"Restating","type":"YA","timestamp":"2023-11-09 13:14:10"}],"edges":[{"edgeID":"1724199","fromID":"1313150","toID":"1313149","formEdgeID":null},{"edgeID":"1724200","fromID":"1313151","toID":"1313150","formEdgeID":null},{"edgeID":"1724201","fromID":"1313149","toID":"1313152","formEdgeID":null},{"edgeID":"1724202","fromID":"1313152","toID":"1313148","formEdgeID":null},{"edgeID":"1724203","fromID":"1313155","toID":"1313154","formEdgeID":null},{"edgeID":"1724204","fromID":"1313156","toID":"1313155","formEdgeID":null},{"edgeID":"1724205","fromID":"1313154","toID":"1313157","formEdgeID":null},{"edgeID":"1724206","fromID":"1313157","toID":"1313153","formEdgeID":null},{"edgeID":"1724207","fromID":"1313160","toID":"1313159","formEdgeID":null},{"edgeID":"1724208","fromID":"1313161","toID":"1313160","formEdgeID":null},{"edgeID":"1724209","fromID":"1313159","toID":"1313162","formEdgeID":null},{"edgeID":"1724210","fromID":"1313162","toID":"1313158","formEdgeID":null},{"edgeID":"1724211","fromID":"1313165","toID":"1313164","formEdgeID":null},{"edgeID":"1724212","fromID":"1313166","toID":"1313165","formEdgeID":null},{"edgeID":"1724213","fromID":"1313164","toID":"1313167","formEdgeID":null},{"edgeID":"1724214","fromID":"1313167","toID":"1313163","formEdgeID":null},{"edgeID":"1724215","fromID":"1313170","toID":"1313169","formEdgeID":null},{"edgeID":"1724216","fromID":"1313171","toID":"1313170","formEdgeID":null},{"edgeID":"1724217","fromID":"1313169","toID":"1313172","formEdgeID":null},{"edgeID":"1724218","fromID":"1313172","toID":"1313168","formEdgeID":null},{"edgeID":"1724219","fromID":"1313175","toID":"1313174","formEdgeID":null},{"edgeID":"1724220","fromID":"1313176","toID":"1313175","formEdgeID":null},{"edgeID":"1724221","fromID":"1313174","toID":"1313177","formEdgeID":null},{"edgeID":"1724222","fromID":"1313177","toID":"1313173","formEdgeID":null},{"edgeID":"1724223","fromID":"1313180","toID":"1313179","formEdgeID":null},{"edgeID":"1724224","fromID":"1313181","toID":"1313180","formEdgeID":null},{"edgeID":"1724225","fromID":"1313179","toID":"1313182","formEdgeID":null},{"edgeID":"1724226","fromID":"1313182","toID":"1313178","formEdgeID":null},{"edgeID":"1724227","fromID":"1313185","toID":"1313184","formEdgeID":null},{"edgeID":"1724228","fromID":"1313186","toID":"1313185","formEdgeID":null},{"edgeID":"1724229","fromID":"1313184","toID":"1313187","formEdgeID":null},{"edgeID":"1724230","fromID":"1313187","toID":"1313183","formEdgeID":null},{"edgeID":"1724231","fromID":"1313190","toID":"1313189","formEdgeID":null},{"edgeID":"1724232","fromID":"1313191","toID":"1313190","formEdgeID":null},{"edgeID":"1724233","fromID":"1313189","toID":"1313192","formEdgeID":null},{"edgeID":"1724234","fromID":"1313192","toID":"1313188","formEdgeID":null},{"edgeID":"1724235","fromID":"1313195","toID":"1313194","formEdgeID":null},{"edgeID":"1724236","fromID":"1313196","toID":"1313195","formEdgeID":null},{"edgeID":"1724237","fromID":"1313194","toID":"1313197","formEdgeID":null},{"edgeID":"1724238","fromID":"1313197","toID":"1313193","formEdgeID":null},{"edgeID":"1724239","fromID":"1313200","toID":"1313199","formEdgeID":null},{"edgeID":"1724240","fromID":"1313201","toID":"1313200","formEdgeID":null},{"edgeID":"1724241","fromID":"1313199","toID":"1313202","formEdgeID":null},{"edgeID":"1724242","fromID":"1313202","toID":"1313198","formEdgeID":null},{"edgeID":"1724243","fromID":"1313205","toID":"1313204","formEdgeID":null},{"edgeID":"1724244","fromID":"1313206","toID":"1313205","formEdgeID":null},{"edgeID":"1724245","fromID":"1313204","toID":"1313207","formEdgeID":null},{"edgeID":"1724246","fromID":"1313207","toID":"1313203","formEdgeID":null},{"edgeID":"1724247","fromID":"1313210","toID":"1313209","formEdgeID":null},{"edgeID":"1724248","fromID":"1313211","toID":"1313210","formEdgeID":null},{"edgeID":"1724249","fromID":"1313209","toID":"1313212","formEdgeID":null},{"edgeID":"1724250","fromID":"1313212","toID":"1313208","formEdgeID":null},{"edgeID":"1724251","fromID":"1313215","toID":"1313214","formEdgeID":null},{"edgeID":"1724252","fromID":"1313216","toID":"1313215","formEdgeID":null},{"edgeID":"1724253","fromID":"1313214","toID":"1313217","formEdgeID":null},{"edgeID":"1724254","fromID":"1313217","toID":"1313213","formEdgeID":null},{"edgeID":"1724255","fromID":"1313220","toID":"1313219","formEdgeID":null},{"edgeID":"1724256","fromID":"1313221","toID":"1313220","formEdgeID":null},{"edgeID":"1724257","fromID":"1313219","toID":"1313222","formEdgeID":null},{"edgeID":"1724258","fromID":"1313222","toID":"1313218","formEdgeID":null},{"edgeID":"1724259","fromID":"1313225","toID":"1313224","formEdgeID":null},{"edgeID":"1724260","fromID":"1313226","toID":"1313225","formEdgeID":null},{"edgeID":"1724261","fromID":"1313224","toID":"1313227","formEdgeID":null},{"edgeID":"1724262","fromID":"1313227","toID":"1313223","formEdgeID":null},{"edgeID":"1724263","fromID":"1313230","toID":"1313229","formEdgeID":null},{"edgeID":"1724264","fromID":"1313231","toID":"1313230","formEdgeID":null},{"edgeID":"1724265","fromID":"1313229","toID":"1313232","formEdgeID":null},{"edgeID":"1724266","fromID":"1313232","toID":"1313228","formEdgeID":null},{"edgeID":"1724267","fromID":"1313235","toID":"1313234","formEdgeID":null},{"edgeID":"1724268","fromID":"1313236","toID":"1313235","formEdgeID":null},{"edgeID":"1724269","fromID":"1313234","toID":"1313237","formEdgeID":null},{"edgeID":"1724270","fromID":"1313237","toID":"1313233","formEdgeID":null},{"edgeID":"1724271","fromID":"1313240","toID":"1313239","formEdgeID":null},{"edgeID":"1724272","fromID":"1313241","toID":"1313240","formEdgeID":null},{"edgeID":"1724273","fromID":"1313239","toID":"1313242","formEdgeID":null},{"edgeID":"1724274","fromID":"1313242","toID":"1313238","formEdgeID":null},{"edgeID":"1724275","fromID":"1313245","toID":"1313244","formEdgeID":null},{"edgeID":"1724276","fromID":"1313246","toID":"1313245","formEdgeID":null},{"edgeID":"1724277","fromID":"1313244","toID":"1313247","formEdgeID":null},{"edgeID":"1724278","fromID":"1313247","toID":"1313243","formEdgeID":null},{"edgeID":"1724279","fromID":"1313250","toID":"1313249","formEdgeID":null},{"edgeID":"1724280","fromID":"1313251","toID":"1313250","formEdgeID":null},{"edgeID":"1724281","fromID":"1313249","toID":"1313252","formEdgeID":null},{"edgeID":"1724282","fromID":"1313252","toID":"1313248","formEdgeID":null},{"edgeID":"1724283","fromID":"1313255","toID":"1313254","formEdgeID":null},{"edgeID":"1724284","fromID":"1313256","toID":"1313255","formEdgeID":null},{"edgeID":"1724285","fromID":"1313254","toID":"1313257","formEdgeID":null},{"edgeID":"1724286","fromID":"1313257","toID":"1313253","formEdgeID":null},{"edgeID":"1724287","fromID":"1313148","toID":"1313258","formEdgeID":null},{"edgeID":"1724288","fromID":"1313258","toID":"1313153","formEdgeID":null},{"edgeID":"1724289","fromID":"1313149","toID":"1313259","formEdgeID":null},{"edgeID":"1724290","fromID":"1313259","toID":"1313154","formEdgeID":null},{"edgeID":"1724291","fromID":"1313259","toID":"1313260","formEdgeID":null},{"edgeID":"1724292","fromID":"1313260","toID":"1313258","formEdgeID":null},{"edgeID":"1724293","fromID":"1313154","toID":"1313261","formEdgeID":null},{"edgeID":"1724294","fromID":"1313261","toID":"1313159","formEdgeID":null},{"edgeID":"1724295","fromID":"1313158","toID":"1313262","formEdgeID":null},{"edgeID":"1724296","fromID":"1313262","toID":"1313153","formEdgeID":null},{"edgeID":"1724297","fromID":"1313261","toID":"1313263","formEdgeID":null},{"edgeID":"1724298","fromID":"1313263","toID":"1313262","formEdgeID":null},{"edgeID":"1724299","fromID":"1313159","toID":"1313264","formEdgeID":null},{"edgeID":"1724300","fromID":"1313264","toID":"1313164","formEdgeID":null},{"edgeID":"1724301","fromID":"1313183","toID":"1313265","formEdgeID":null},{"edgeID":"1724302","fromID":"1313265","toID":"1313178","formEdgeID":null},{"edgeID":"1724303","fromID":"1313179","toID":"1313266","formEdgeID":null},{"edgeID":"1724304","fromID":"1313266","toID":"1313184","formEdgeID":null},{"edgeID":"1724305","fromID":"1313266","toID":"1313267","formEdgeID":null},{"edgeID":"1724306","fromID":"1313267","toID":"1313265","formEdgeID":null},{"edgeID":"1724307","fromID":"1313188","toID":"1313268","formEdgeID":null},{"edgeID":"1724308","fromID":"1313268","toID":"1313183","formEdgeID":null},{"edgeID":"1724309","fromID":"1313184","toID":"1313269","formEdgeID":null},{"edgeID":"1724310","fromID":"1313269","toID":"1313189","formEdgeID":null},{"edgeID":"1724311","fromID":"1313269","toID":"1313270","formEdgeID":null},{"edgeID":"1724312","fromID":"1313270","toID":"1313268","formEdgeID":null},{"edgeID":"1724313","fromID":"1313189","toID":"1313271","formEdgeID":null},{"edgeID":"1724314","fromID":"1313271","toID":"1313194","formEdgeID":null},{"edgeID":"1724315","fromID":"1313198","toID":"1313272","formEdgeID":null},{"edgeID":"1724316","fromID":"1313272","toID":"1313193","formEdgeID":null},{"edgeID":"1724317","fromID":"1313194","toID":"1313273","formEdgeID":null},{"edgeID":"1724318","fromID":"1313273","toID":"1313199","formEdgeID":null},{"edgeID":"1724319","fromID":"1313273","toID":"1313274","formEdgeID":null},{"edgeID":"1724320","fromID":"1313274","toID":"1313272","formEdgeID":null},{"edgeID":"1724321","fromID":"1313169","toID":"1313275","formEdgeID":null},{"edgeID":"1724322","fromID":"1313275","toID":"1313174","formEdgeID":null},{"edgeID":"1724323","fromID":"1313164","toID":"1313276","formEdgeID":null},{"edgeID":"1724324","fromID":"1313276","toID":"1313169","formEdgeID":null},{"edgeID":"1724325","fromID":"1313173","toID":"1313277","formEdgeID":null},{"edgeID":"1724326","fromID":"1313277","toID":"1313168","formEdgeID":null},{"edgeID":"1724327","fromID":"1313275","toID":"1313278","formEdgeID":null},{"edgeID":"1724328","fromID":"1313278","toID":"1313277","formEdgeID":null},{"edgeID":"1724329","fromID":"1313178","toID":"1313279","formEdgeID":null},{"edgeID":"1724330","fromID":"1313279","toID":"1313173","formEdgeID":null},{"edgeID":"1724331","fromID":"1313174","toID":"1313280","formEdgeID":null},{"edgeID":"1724332","fromID":"1313280","toID":"1313179","formEdgeID":null},{"edgeID":"1724333","fromID":"1313280","toID":"1313281","formEdgeID":null},{"edgeID":"1724334","fromID":"1313281","toID":"1313279","formEdgeID":null},{"edgeID":"1724335","fromID":"1313199","toID":"1313282","formEdgeID":null},{"edgeID":"1724336","fromID":"1313282","toID":"1313204","formEdgeID":null},{"edgeID":"1724337","fromID":"1313203","toID":"1313283","formEdgeID":null},{"edgeID":"1724338","fromID":"1313283","toID":"1313198","formEdgeID":null},{"edgeID":"1724339","fromID":"1313282","toID":"1313284","formEdgeID":null},{"edgeID":"1724340","fromID":"1313284","toID":"1313283","formEdgeID":null},{"edgeID":"1724341","fromID":"1313204","toID":"1313285","formEdgeID":null},{"edgeID":"1724342","fromID":"1313285","toID":"1313209","formEdgeID":null},{"edgeID":"1724343","fromID":"1313209","toID":"1313286","formEdgeID":null},{"edgeID":"1724344","fromID":"1313286","toID":"1313214","formEdgeID":null},{"edgeID":"1724345","fromID":"1313213","toID":"1313287","formEdgeID":null},{"edgeID":"1724346","fromID":"1313287","toID":"1313208","formEdgeID":null},{"edgeID":"1724347","fromID":"1313286","toID":"1313288","formEdgeID":null},{"edgeID":"1724348","fromID":"1313288","toID":"1313287","formEdgeID":null},{"edgeID":"1724349","fromID":"1313218","toID":"1313289","formEdgeID":null},{"edgeID":"1724350","fromID":"1313289","toID":"1313178","formEdgeID":null},{"edgeID":"1724351","fromID":"1313179","toID":"1313290","formEdgeID":null},{"edgeID":"1724352","fromID":"1313290","toID":"1313219","formEdgeID":null},{"edgeID":"1724353","fromID":"1313290","toID":"1313291","formEdgeID":null},{"edgeID":"1724354","fromID":"1313291","toID":"1313289","formEdgeID":null},{"edgeID":"1724355","fromID":"1313219","toID":"1313292","formEdgeID":null},{"edgeID":"1724356","fromID":"1313292","toID":"1313224","formEdgeID":null},{"edgeID":"1724357","fromID":"1313224","toID":"1313293","formEdgeID":null},{"edgeID":"1724358","fromID":"1313293","toID":"1313229","formEdgeID":null},{"edgeID":"1724359","fromID":"1313223","toID":"1313294","formEdgeID":null},{"edgeID":"1724360","fromID":"1313294","toID":"1313218","formEdgeID":null},{"edgeID":"1724361","fromID":"1313292","toID":"1313295","formEdgeID":null},{"edgeID":"1724362","fromID":"1313295","toID":"1313294","formEdgeID":null},{"edgeID":"1724363","fromID":"1313229","toID":"1313296","formEdgeID":null},{"edgeID":"1724364","fromID":"1313296","toID":"1313234","formEdgeID":null},{"edgeID":"1724365","fromID":"1313228","toID":"1313297","formEdgeID":null},{"edgeID":"1724366","fromID":"1313297","toID":"1313233","formEdgeID":null},{"edgeID":"1724367","fromID":"1313296","toID":"1313298","formEdgeID":null},{"edgeID":"1724368","fromID":"1313298","toID":"1313297","formEdgeID":null},{"edgeID":"1724369","fromID":"1313238","toID":"1313299","formEdgeID":null},{"edgeID":"1724370","fromID":"1313299","toID":"1313233","formEdgeID":null},{"edgeID":"1724371","fromID":"1313234","toID":"1313300","formEdgeID":null},{"edgeID":"1724372","fromID":"1313300","toID":"1313239","formEdgeID":null},{"edgeID":"1724373","fromID":"1313300","toID":"1313301","formEdgeID":null},{"edgeID":"1724374","fromID":"1313301","toID":"1313299","formEdgeID":null},{"edgeID":"1724375","fromID":"1313239","toID":"1313302","formEdgeID":null},{"edgeID":"1724376","fromID":"1313302","toID":"1313244","formEdgeID":null},{"edgeID":"1724377","fromID":"1313244","toID":"1313303","formEdgeID":null},{"edgeID":"1724378","fromID":"1313303","toID":"1313249","formEdgeID":null},{"edgeID":"1724379","fromID":"1313249","toID":"1313304","formEdgeID":null},{"edgeID":"1724380","fromID":"1313304","toID":"1313254","formEdgeID":null},{"edgeID":"1724381","fromID":"1313248","toID":"1313305","formEdgeID":null},{"edgeID":"1724382","fromID":"1313305","toID":"1313253","formEdgeID":null},{"edgeID":"1724383","fromID":"1313304","toID":"1313306","formEdgeID":null},{"edgeID":"1724384","fromID":"1313306","toID":"1313305","formEdgeID":null},{"edgeID":"1724385","fromID":"1313243","toID":"1313307","formEdgeID":null},{"edgeID":"1724386","fromID":"1313307","toID":"1313238","formEdgeID":null},{"edgeID":"1724387","fromID":"1313302","toID":"1313308","formEdgeID":null},{"edgeID":"1724388","fromID":"1313308","toID":"1313307","formEdgeID":null}],"locutions":[]}