{"nodes":[{"nodeID":"1311520","text":"the government were really happy to give out loads of money during COVID","type":"I","timestamp":"2023-11-09 13:11:33"},{"nodeID":"1311521","text":"AudienceMember 20220512QT15: Do we not think though that the government were really happy to give out loads of money during COVID","type":"L","timestamp":"2023-11-09 13:11:33"},{"nodeID":"1311522","text":"Analysing","type":"YA","timestamp":"2023-11-09 13:11:33"},{"nodeID":"1311523","text":"Anon: AudienceMember 20220512QT15: Do we not think though that the government were really happy to give out loads of money during COVID","type":"L","timestamp":"2023-11-09 13:11:33"},{"nodeID":"1311524","text":"Assertive Questioning","type":"YA","timestamp":"2023-11-09 13:11:33"},{"nodeID":"1311525","text":"AudienceMember 20220505QT15 read somewhere \u00a3170 billion was spent on COVID measures, like \u00a35,000 per person","type":"I","timestamp":"2023-11-09 13:11:33"},{"nodeID":"1311526","text":"AudienceMember 20220512QT15: I read somewhere \u00a3170 billion was spent on COVID measures, like \u00a35,000 per person","type":"L","timestamp":"2023-11-09 13:11:33"},{"nodeID":"1311527","text":"Analysing","type":"YA","timestamp":"2023-11-09 13:11:33"},{"nodeID":"1311528","text":"Anon: AudienceMember 20220512QT15: I read somewhere \u00a3170 billion was spent on COVID measures, like \u00a35,000 per person","type":"L","timestamp":"2023-11-09 13:11:33"},{"nodeID":"1311529","text":"Asserting","type":"YA","timestamp":"2023-11-09 13:11:33"},{"nodeID":"1311530","text":"\u00a3170 billion would make a really big impact now","type":"I","timestamp":"2023-11-09 13:11:34"},{"nodeID":"1311531","text":"AudienceMember 20220512QT15: that would make a really big impact now","type":"L","timestamp":"2023-11-09 13:11:34"},{"nodeID":"1311532","text":"Analysing","type":"YA","timestamp":"2023-11-09 13:11:34"},{"nodeID":"1311533","text":"Anon: AudienceMember 20220512QT15: that would make a really big impact now","type":"L","timestamp":"2023-11-09 13:11:34"},{"nodeID":"1311534","text":"Asserting","type":"YA","timestamp":"2023-11-09 13:11:34"},{"nodeID":"1311535","text":"not all of the money spent during COVID was spent wisely","type":"I","timestamp":"2023-11-09 13:11:34"},{"nodeID":"1311536","text":"AudienceMember 20220512QT15: not all of the money spent during COVID was spent wisely","type":"L","timestamp":"2023-11-09 13:11:34"},{"nodeID":"1311537","text":"Analysing","type":"YA","timestamp":"2023-11-09 13:11:34"},{"nodeID":"1311538","text":"Anon: AudienceMember 20220512QT15: not all of the money spent during COVID was spent wisely","type":"L","timestamp":"2023-11-09 13:11:34"},{"nodeID":"1311539","text":"Asserting","type":"YA","timestamp":"2023-11-09 13:11:34"},{"nodeID":"1311540","text":"money was spent for things like huge numbers of lateral flow tests, which were needed","type":"I","timestamp":"2023-11-09 13:11:35"},{"nodeID":"1311541","text":"AudienceMember 20220512QT15: Things like huge numbers of lateral flow tests, which were needed","type":"L","timestamp":"2023-11-09 13:11:35"},{"nodeID":"1311542","text":"Analysing","type":"YA","timestamp":"2023-11-09 13:11:35"},{"nodeID":"1311543","text":"Anon: AudienceMember 20220512QT15: Things like huge numbers of lateral flow tests, which were needed","type":"L","timestamp":"2023-11-09 13:11:35"},{"nodeID":"1311544","text":"Asserting","type":"YA","timestamp":"2023-11-09 13:11:35"},{"nodeID":"1311545","text":"we didn't need as many lateral flow tests","type":"I","timestamp":"2023-11-09 13:11:36"},{"nodeID":"1311546","text":"AudienceMember 20220512QT15: did we need as many","type":"L","timestamp":"2023-11-09 13:11:36"},{"nodeID":"1311547","text":"Analysing","type":"YA","timestamp":"2023-11-09 13:11:36"},{"nodeID":"1311548","text":"Anon: AudienceMember 20220512QT15: did we need as many","type":"L","timestamp":"2023-11-09 13:11:36"},{"nodeID":"1311549","text":"Rhetorical Questioning","type":"YA","timestamp":"2023-11-09 13:11:36"},{"nodeID":"1311550","text":"money was spent for PPE that's just sat in warehouses not being used","type":"I","timestamp":"2023-11-09 13:11:36"},{"nodeID":"1311551","text":"AudienceMember 20220512QT15: PPE that's just sat in warehouses not being used","type":"L","timestamp":"2023-11-09 13:11:36"},{"nodeID":"1311552","text":"Analysing","type":"YA","timestamp":"2023-11-09 13:11:36"},{"nodeID":"1311553","text":"Anon: AudienceMember 20220512QT15: PPE that's just sat in warehouses not being used","type":"L","timestamp":"2023-11-09 13:11:36"},{"nodeID":"1311554","text":"Asserting","type":"YA","timestamp":"2023-11-09 13:11:36"},{"nodeID":"1311555","text":"we could have maybe saved a little bit of money","type":"I","timestamp":"2023-11-09 13:11:37"},{"nodeID":"1311556","text":"AudienceMember 20220512QT15: if we'd maybe saved a little bit of money","type":"L","timestamp":"2023-11-09 13:11:37"},{"nodeID":"1311557","text":"Analysing","type":"YA","timestamp":"2023-11-09 13:11:37"},{"nodeID":"1311558","text":"Anon: AudienceMember 20220512QT15: if we'd maybe saved a little bit of money","type":"L","timestamp":"2023-11-09 13:11:37"},{"nodeID":"1311559","text":"Asserting","type":"YA","timestamp":"2023-11-09 13:11:37"},{"nodeID":"1311560","text":"that would be everyone's energy bill crisis gone","type":"I","timestamp":"2023-11-09 13:11:38"},{"nodeID":"1311561","text":"AudienceMember 20220512QT15: that would be everyone's energy bill crisis gone","type":"L","timestamp":"2023-11-09 13:11:38"},{"nodeID":"1311562","text":"Analysing","type":"YA","timestamp":"2023-11-09 13:11:38"},{"nodeID":"1311563","text":"Anon: AudienceMember 20220512QT15: that would be everyone's energy bill crisis gone","type":"L","timestamp":"2023-11-09 13:11:38"},{"nodeID":"1311564","text":"Asserting","type":"YA","timestamp":"2023-11-09 13:11:38"},{"nodeID":"1311565","text":"AudienceMember 20220505QT15 listed out support measures like increasing national living wage and things like that","type":"I","timestamp":"2023-11-09 13:11:38"},{"nodeID":"1311566","text":"AudienceMember 20220512QT16: you listed out these support measures, things like increasing national living wage and things like that","type":"L","timestamp":"2023-11-09 13:11:38"},{"nodeID":"1311567","text":"Analysing","type":"YA","timestamp":"2023-11-09 13:11:38"},{"nodeID":"1311568","text":"Anon: AudienceMember 20220512QT16: you listed out these support measures, things like increasing national living wage and things like that","type":"L","timestamp":"2023-11-09 13:11:38"},{"nodeID":"1311569","text":"the listed support measures will also cause inflation","type":"I","timestamp":"2023-11-09 13:11:39"},{"nodeID":"1311570","text":"AudienceMember 20220512QT16: won't that also cause inflation","type":"L","timestamp":"2023-11-09 13:11:39"},{"nodeID":"1311571","text":"Analysing","type":"YA","timestamp":"2023-11-09 13:11:39"},{"nodeID":"1311572","text":"Anon: AudienceMember 20220512QT16: won't that also cause inflation","type":"L","timestamp":"2023-11-09 13:11:39"},{"nodeID":"1311573","text":"Rhetorical Questioning","type":"YA","timestamp":"2023-11-09 13:11:39"},{"nodeID":"1311574","text":"the listed support measures causing inflation is just kicking the can down the road","type":"I","timestamp":"2023-11-09 13:11:40"},{"nodeID":"1311575","text":"AudienceMember 20220512QT16: Isn't this just kicking the can down the road","type":"L","timestamp":"2023-11-09 13:11:40"},{"nodeID":"1311576","text":"Analysing","type":"YA","timestamp":"2023-11-09 13:11:40"},{"nodeID":"1311577","text":"Anon: AudienceMember 20220512QT16: Isn't this just kicking the can down the road","type":"L","timestamp":"2023-11-09 13:11:40"},{"nodeID":"1311578","text":"Assertive Questioning","type":"YA","timestamp":"2023-11-09 13:11:40"},{"nodeID":"1311579","text":"there's potential plans to do more in October to help people","type":"I","timestamp":"2023-11-09 13:11:40"},{"nodeID":"1311580","text":"Fiona Bruce: we do hear, as Charlotte mentioned, there's potential plans to do more in October to help people","type":"L","timestamp":"2023-11-09 13:11:40"},{"nodeID":"1311581","text":"Analysing","type":"YA","timestamp":"2023-11-09 13:11:40"},{"nodeID":"1311582","text":"Anon: Fiona Bruce: we do hear, as Charlotte mentioned, there's potential plans to do more in October to help people","type":"L","timestamp":"2023-11-09 13:11:40"},{"nodeID":"1311583","text":"Damian Green can tell us xxx about potential plans to help people","type":"I","timestamp":"2023-11-09 13:11:41"},{"nodeID":"1311584","text":"Fiona Bruce: What can you tell us about those","type":"L","timestamp":"2023-11-09 13:11:41"},{"nodeID":"1311585","text":"Analysing","type":"YA","timestamp":"2023-11-09 13:11:41"},{"nodeID":"1311586","text":"Anon: Fiona Bruce: What can you tell us about those","type":"L","timestamp":"2023-11-09 13:11:41"},{"nodeID":"1311587","text":"Pure Questioning","type":"YA","timestamp":"2023-11-09 13:11:41"},{"nodeID":"1311588","text":"Damian Green does hear xxx about potential plans to help people you hear","type":"I","timestamp":"2023-11-09 13:11:41"},{"nodeID":"1311589","text":"Fiona Bruce: what do you hear","type":"L","timestamp":"2023-11-09 13:11:41"},{"nodeID":"1311590","text":"Analysing","type":"YA","timestamp":"2023-11-09 13:11:41"},{"nodeID":"1311591","text":"Anon: Fiona Bruce: what do you hear","type":"L","timestamp":"2023-11-09 13:11:41"},{"nodeID":"1311592","text":"Pure Questioning","type":"YA","timestamp":"2023-11-09 13:11:41"},{"nodeID":"1311593","text":"Default Transition","type":"TA","timestamp":"2023-11-09 13:11:41"},{"nodeID":"1311594","text":"Default Transition","type":"TA","timestamp":"2023-11-09 13:11:41"},{"nodeID":"1311595","text":"Default Conflict","type":"CA","timestamp":"2023-11-09 13:11:41"},{"nodeID":"1311596","text":"Default Transition","type":"TA","timestamp":"2023-11-09 13:11:41"},{"nodeID":"1311597","text":"Disagreeing","type":"YA","timestamp":"2023-11-09 13:11:41"},{"nodeID":"1311598","text":"Default Transition","type":"TA","timestamp":"2023-11-09 13:11:41"},{"nodeID":"1311599","text":"Default Transition","type":"TA","timestamp":"2023-11-09 13:11:41"},{"nodeID":"1311600","text":"Default Conflict","type":"CA","timestamp":"2023-11-09 13:11:41"},{"nodeID":"1311601","text":"Disagreeing","type":"YA","timestamp":"2023-11-09 13:11:41"},{"nodeID":"1311602","text":"Default Inference","type":"RA","timestamp":"2023-11-09 13:11:41"},{"nodeID":"1311603","text":"Default Transition","type":"TA","timestamp":"2023-11-09 13:11:41"},{"nodeID":"1311604","text":"Default Transition","type":"TA","timestamp":"2023-11-09 13:11:41"},{"nodeID":"1311605","text":"we would have more money now","type":"I","timestamp":"2023-11-09 13:11:42"},{"nodeID":"1311606","text":"AudienceMember 20220512QT15: would we not have more money now","type":"L","timestamp":"2023-11-09 13:11:42"},{"nodeID":"1311607","text":"Analysing","type":"YA","timestamp":"2023-11-09 13:11:42"},{"nodeID":"1311608","text":"Anon: AudienceMember 20220512QT15: would we not have more money now","type":"L","timestamp":"2023-11-09 13:11:42"},{"nodeID":"1311609","text":"Rhetorical Questioning","type":"YA","timestamp":"2023-11-09 13:11:42"},{"nodeID":"1311610","text":"Default Transition","type":"TA","timestamp":"2023-11-09 13:11:42"},{"nodeID":"1311611","text":"Default Rephrase","type":"MA","timestamp":"2023-11-09 13:11:42"},{"nodeID":"1311612","text":"Restating","type":"YA","timestamp":"2023-11-09 13:11:42"},{"nodeID":"1311613","text":"we could have saved \u00a31,000 per person","type":"I","timestamp":"2023-11-09 13:11:43"},{"nodeID":"1311614","text":"AudienceMember 20220512QT15: even if it was \u00a31,000 per person","type":"L","timestamp":"2023-11-09 13:11:43"},{"nodeID":"1311615","text":"Analysing","type":"YA","timestamp":"2023-11-09 13:11:43"},{"nodeID":"1311616","text":"Anon: AudienceMember 20220512QT15: even if it was \u00a31,000 per person","type":"L","timestamp":"2023-11-09 13:11:43"},{"nodeID":"1311617","text":"Asserting","type":"YA","timestamp":"2023-11-09 13:11:43"},{"nodeID":"1311618","text":"Default Transition","type":"TA","timestamp":"2023-11-09 13:11:43"},{"nodeID":"1311619","text":"Default Inference","type":"RA","timestamp":"2023-11-09 13:11:43"},{"nodeID":"1311620","text":"Arguing","type":"YA","timestamp":"2023-11-09 13:11:43"},{"nodeID":"1311621","text":"Default Transition","type":"TA","timestamp":"2023-11-09 13:11:43"},{"nodeID":"1311622","text":"Default Transition","type":"TA","timestamp":"2023-11-09 13:11:43"},{"nodeID":"1311623","text":"Default Transition","type":"TA","timestamp":"2023-11-09 13:11:43"},{"nodeID":"1311624","text":"Default Inference","type":"RA","timestamp":"2023-11-09 13:11:43"},{"nodeID":"1311625","text":"Arguing","type":"YA","timestamp":"2023-11-09 13:11:43"},{"nodeID":"1311626","text":"Charlotte Ivers: there's potential plans to do more in October to help people","type":"L","timestamp":"2023-11-09 13:11:43"},{"nodeID":"1311627","text":"Analysing","type":"YA","timestamp":"2023-11-09 13:11:43"},{"nodeID":"1311628","text":"Anon: Charlotte Ivers: we do hear, as Charlotte mentioned, there's potential plans to do more in October to help people","type":"L","timestamp":"2023-11-09 13:11:43"},{"nodeID":"1311629","text":"Asserting","type":"YA","timestamp":"2023-11-09 13:11:43"},{"nodeID":"1311630","text":"Asserting","type":"YA","timestamp":"2023-11-09 13:11:43"},{"nodeID":"1311631","text":"Default Transition","type":"TA","timestamp":"2023-11-09 13:11:43"},{"nodeID":"1311632","text":"Default Transition","type":"TA","timestamp":"2023-11-09 13:11:43"},{"nodeID":"1311633","text":"Damian Green is not in the government","type":"I","timestamp":"2023-11-09 13:11:43"},{"nodeID":"1311634","text":"Damian Green: I'm not in the government","type":"L","timestamp":"2023-11-09 13:11:43"},{"nodeID":"1311635","text":"Analysing","type":"YA","timestamp":"2023-11-09 13:11:43"},{"nodeID":"1311636","text":"Anon: Damian Green: I'm not in the government","type":"L","timestamp":"2023-11-09 13:11:43"},{"nodeID":"1311637","text":"Asserting","type":"YA","timestamp":"2023-11-09 13:11:43"},{"nodeID":"1311638","text":"Default Rephrase","type":"MA","timestamp":"2023-11-09 13:11:43"},{"nodeID":"1311639","text":"Default Transition","type":"TA","timestamp":"2023-11-09 13:11:43"},{"nodeID":"1311640","text":"Default Illocuting","type":"YA","timestamp":"2023-11-09 13:11:43"},{"nodeID":"1311641","text":"Damian Green cannot answer","type":"I","timestamp":"2023-11-09 13:11:44"},{"nodeID":"1311642","text":"Damian Green: so","type":"L","timestamp":"2023-11-09 13:11:44"},{"nodeID":"1311643","text":"Analysing","type":"YA","timestamp":"2023-11-09 13:11:44"},{"nodeID":"1311644","text":"Anon: Damian Green: so","type":"L","timestamp":"2023-11-09 13:11:44"},{"nodeID":"1311645","text":"Asserting","type":"YA","timestamp":"2023-11-09 13:11:44"},{"nodeID":"1311646","text":"Default Transition","type":"TA","timestamp":"2023-11-09 13:11:44"},{"nodeID":"1311647","text":"Default Inference","type":"RA","timestamp":"2023-11-09 13:11:44"},{"nodeID":"1311648","text":"Arguing","type":"YA","timestamp":"2023-11-09 13:11:44"},{"nodeID":"1311649","text":"Default Transition","type":"TA","timestamp":"2023-11-09 13:11:44"},{"nodeID":"1311650","text":"Default Conflict","type":"CA","timestamp":"2023-11-09 13:11:44"},{"nodeID":"1311651","text":"Disagreeing","type":"YA","timestamp":"2023-11-09 13:11:44"},{"nodeID":"1311652","text":"Default Inference","type":"RA","timestamp":"2023-11-09 13:11:44"},{"nodeID":"1311653","text":"Arguing","type":"YA","timestamp":"2023-11-09 13:11:44"},{"nodeID":"1311654","text":"Default Conflict","type":"CA","timestamp":"2023-11-09 13:11:44"},{"nodeID":"1311655","text":"Disagreeing","type":"YA","timestamp":"2023-11-09 13:11:44"},{"nodeID":"1311656","text":"Default Rephrase","type":"MA","timestamp":"2023-11-09 13:11:44"},{"nodeID":"1311657","text":"Default Transition","type":"TA","timestamp":"2023-11-09 13:11:44"},{"nodeID":"1311658","text":"Restating","type":"YA","timestamp":"2023-11-09 13:11:44"},{"nodeID":"1311659","text":"Arguing","type":"YA","timestamp":"2023-11-09 13:11:44"},{"nodeID":"1311660","text":"Default Inference","type":"RA","timestamp":"2023-11-09 13:11:44"},{"nodeID":"1311661","text":"Arguing","type":"YA","timestamp":"2023-11-09 13:11:44"},{"nodeID":"1311662","text":"Asserting","type":"YA","timestamp":"2023-11-09 13:11:44"}],"edges":[{"edgeID":"1722190","fromID":"1311522","toID":"1311521","formEdgeID":null},{"edgeID":"1722191","fromID":"1311523","toID":"1311522","formEdgeID":null},{"edgeID":"1722192","fromID":"1311521","toID":"1311524","formEdgeID":null},{"edgeID":"1722193","fromID":"1311524","toID":"1311520","formEdgeID":null},{"edgeID":"1722194","fromID":"1311527","toID":"1311526","formEdgeID":null},{"edgeID":"1722195","fromID":"1311528","toID":"1311527","formEdgeID":null},{"edgeID":"1722196","fromID":"1311526","toID":"1311529","formEdgeID":null},{"edgeID":"1722197","fromID":"1311529","toID":"1311525","formEdgeID":null},{"edgeID":"1722198","fromID":"1311532","toID":"1311531","formEdgeID":null},{"edgeID":"1722199","fromID":"1311533","toID":"1311532","formEdgeID":null},{"edgeID":"1722200","fromID":"1311531","toID":"1311534","formEdgeID":null},{"edgeID":"1722201","fromID":"1311534","toID":"1311530","formEdgeID":null},{"edgeID":"1722202","fromID":"1311537","toID":"1311536","formEdgeID":null},{"edgeID":"1722203","fromID":"1311538","toID":"1311537","formEdgeID":null},{"edgeID":"1722204","fromID":"1311536","toID":"1311539","formEdgeID":null},{"edgeID":"1722205","fromID":"1311539","toID":"1311535","formEdgeID":null},{"edgeID":"1722206","fromID":"1311542","toID":"1311541","formEdgeID":null},{"edgeID":"1722207","fromID":"1311543","toID":"1311542","formEdgeID":null},{"edgeID":"1722208","fromID":"1311541","toID":"1311544","formEdgeID":null},{"edgeID":"1722209","fromID":"1311544","toID":"1311540","formEdgeID":null},{"edgeID":"1722210","fromID":"1311547","toID":"1311546","formEdgeID":null},{"edgeID":"1722211","fromID":"1311548","toID":"1311547","formEdgeID":null},{"edgeID":"1722212","fromID":"1311546","toID":"1311549","formEdgeID":null},{"edgeID":"1722213","fromID":"1311549","toID":"1311545","formEdgeID":null},{"edgeID":"1722214","fromID":"1311552","toID":"1311551","formEdgeID":null},{"edgeID":"1722215","fromID":"1311553","toID":"1311552","formEdgeID":null},{"edgeID":"1722216","fromID":"1311551","toID":"1311554","formEdgeID":null},{"edgeID":"1722217","fromID":"1311554","toID":"1311550","formEdgeID":null},{"edgeID":"1722218","fromID":"1311557","toID":"1311556","formEdgeID":null},{"edgeID":"1722219","fromID":"1311558","toID":"1311557","formEdgeID":null},{"edgeID":"1722220","fromID":"1311556","toID":"1311559","formEdgeID":null},{"edgeID":"1722221","fromID":"1311559","toID":"1311555","formEdgeID":null},{"edgeID":"1722222","fromID":"1311562","toID":"1311561","formEdgeID":null},{"edgeID":"1722223","fromID":"1311563","toID":"1311562","formEdgeID":null},{"edgeID":"1722224","fromID":"1311561","toID":"1311564","formEdgeID":null},{"edgeID":"1722225","fromID":"1311564","toID":"1311560","formEdgeID":null},{"edgeID":"1722226","fromID":"1311567","toID":"1311566","formEdgeID":null},{"edgeID":"1722227","fromID":"1311568","toID":"1311567","formEdgeID":null},{"edgeID":"1722228","fromID":"1311571","toID":"1311570","formEdgeID":null},{"edgeID":"1722229","fromID":"1311572","toID":"1311571","formEdgeID":null},{"edgeID":"1722230","fromID":"1311570","toID":"1311573","formEdgeID":null},{"edgeID":"1722231","fromID":"1311573","toID":"1311569","formEdgeID":null},{"edgeID":"1722232","fromID":"1311576","toID":"1311575","formEdgeID":null},{"edgeID":"1722233","fromID":"1311577","toID":"1311576","formEdgeID":null},{"edgeID":"1722234","fromID":"1311575","toID":"1311578","formEdgeID":null},{"edgeID":"1722235","fromID":"1311578","toID":"1311574","formEdgeID":null},{"edgeID":"1722236","fromID":"1311581","toID":"1311580","formEdgeID":null},{"edgeID":"1722237","fromID":"1311582","toID":"1311581","formEdgeID":null},{"edgeID":"1722238","fromID":"1311585","toID":"1311584","formEdgeID":null},{"edgeID":"1722239","fromID":"1311586","toID":"1311585","formEdgeID":null},{"edgeID":"1722240","fromID":"1311584","toID":"1311587","formEdgeID":null},{"edgeID":"1722241","fromID":"1311587","toID":"1311583","formEdgeID":null},{"edgeID":"1722242","fromID":"1311590","toID":"1311589","formEdgeID":null},{"edgeID":"1722243","fromID":"1311591","toID":"1311590","formEdgeID":null},{"edgeID":"1722244","fromID":"1311589","toID":"1311592","formEdgeID":null},{"edgeID":"1722245","fromID":"1311592","toID":"1311588","formEdgeID":null},{"edgeID":"1722246","fromID":"1311521","toID":"1311593","formEdgeID":null},{"edgeID":"1722247","fromID":"1311593","toID":"1311526","formEdgeID":null},{"edgeID":"1722248","fromID":"1311526","toID":"1311594","formEdgeID":null},{"edgeID":"1722249","fromID":"1311594","toID":"1311531","formEdgeID":null},{"edgeID":"1722250","fromID":"1311535","toID":"1311595","formEdgeID":null},{"edgeID":"1722251","fromID":"1311595","toID":"1311525","formEdgeID":null},{"edgeID":"1722252","fromID":"1311526","toID":"1311596","formEdgeID":null},{"edgeID":"1722253","fromID":"1311596","toID":"1311536","formEdgeID":null},{"edgeID":"1722254","fromID":"1311596","toID":"1311597","formEdgeID":null},{"edgeID":"1722255","fromID":"1311597","toID":"1311595","formEdgeID":null},{"edgeID":"1722256","fromID":"1311536","toID":"1311598","formEdgeID":null},{"edgeID":"1722257","fromID":"1311598","toID":"1311541","formEdgeID":null},{"edgeID":"1722258","fromID":"1311541","toID":"1311599","formEdgeID":null},{"edgeID":"1722259","fromID":"1311599","toID":"1311546","formEdgeID":null},{"edgeID":"1722260","fromID":"1311545","toID":"1311600","formEdgeID":null},{"edgeID":"1722261","fromID":"1311600","toID":"1311540","formEdgeID":null},{"edgeID":"1722262","fromID":"1311599","toID":"1311601","formEdgeID":null},{"edgeID":"1722263","fromID":"1311601","toID":"1311600","formEdgeID":null},{"edgeID":"1722264","fromID":"1311550","toID":"1311602","formEdgeID":null},{"edgeID":"1722265","fromID":"1311602","toID":"1311535","formEdgeID":null},{"edgeID":"1722266","fromID":"1311540","toID":"1311602","formEdgeID":null},{"edgeID":"1722267","fromID":"1311536","toID":"1311603","formEdgeID":null},{"edgeID":"1722268","fromID":"1311603","toID":"1311551","formEdgeID":null},{"edgeID":"1722269","fromID":"1311551","toID":"1311604","formEdgeID":null},{"edgeID":"1722270","fromID":"1311604","toID":"1311556","formEdgeID":null},{"edgeID":"1722271","fromID":"1311607","toID":"1311606","formEdgeID":null},{"edgeID":"1722272","fromID":"1311608","toID":"1311607","formEdgeID":null},{"edgeID":"1722273","fromID":"1311606","toID":"1311609","formEdgeID":null},{"edgeID":"1722274","fromID":"1311609","toID":"1311605","formEdgeID":null},{"edgeID":"1722275","fromID":"1311556","toID":"1311610","formEdgeID":null},{"edgeID":"1722276","fromID":"1311610","toID":"1311606","formEdgeID":null},{"edgeID":"1722277","fromID":"1311605","toID":"1311611","formEdgeID":null},{"edgeID":"1722278","fromID":"1311611","toID":"1311555","formEdgeID":null},{"edgeID":"1722279","fromID":"1311610","toID":"1311612","formEdgeID":null},{"edgeID":"1722280","fromID":"1311612","toID":"1311611","formEdgeID":null},{"edgeID":"1722281","fromID":"1311615","toID":"1311614","formEdgeID":null},{"edgeID":"1722282","fromID":"1311616","toID":"1311615","formEdgeID":null},{"edgeID":"1722283","fromID":"1311614","toID":"1311617","formEdgeID":null},{"edgeID":"1722284","fromID":"1311617","toID":"1311613","formEdgeID":null},{"edgeID":"1722285","fromID":"1311614","toID":"1311618","formEdgeID":null},{"edgeID":"1722286","fromID":"1311618","toID":"1311561","formEdgeID":null},{"edgeID":"1722287","fromID":"1311613","toID":"1311619","formEdgeID":null},{"edgeID":"1722288","fromID":"1311619","toID":"1311560","formEdgeID":null},{"edgeID":"1722289","fromID":"1311618","toID":"1311620","formEdgeID":null},{"edgeID":"1722290","fromID":"1311620","toID":"1311619","formEdgeID":null},{"edgeID":"1722291","fromID":"1311561","toID":"1311621","formEdgeID":null},{"edgeID":"1722292","fromID":"1311621","toID":"1311566","formEdgeID":null},{"edgeID":"1722293","fromID":"1311566","toID":"1311622","formEdgeID":null},{"edgeID":"1722294","fromID":"1311622","toID":"1311570","formEdgeID":null},{"edgeID":"1722295","fromID":"1311570","toID":"1311623","formEdgeID":null},{"edgeID":"1722296","fromID":"1311623","toID":"1311575","formEdgeID":null},{"edgeID":"1722297","fromID":"1311569","toID":"1311624","formEdgeID":null},{"edgeID":"1722298","fromID":"1311624","toID":"1311574","formEdgeID":null},{"edgeID":"1722299","fromID":"1311623","toID":"1311625","formEdgeID":null},{"edgeID":"1722300","fromID":"1311625","toID":"1311624","formEdgeID":null},{"edgeID":"1722301","fromID":"1311627","toID":"1311626","formEdgeID":null},{"edgeID":"1722302","fromID":"1311628","toID":"1311627","formEdgeID":null},{"edgeID":"1722303","fromID":"1311580","toID":"1311629","formEdgeID":null},{"edgeID":"1722304","fromID":"1311629","toID":"1311626","formEdgeID":null},{"edgeID":"1722305","fromID":"1311626","toID":"1311630","formEdgeID":null},{"edgeID":"1722306","fromID":"1311630","toID":"1311579","formEdgeID":null},{"edgeID":"1722307","fromID":"1311580","toID":"1311631","formEdgeID":null},{"edgeID":"1722308","fromID":"1311631","toID":"1311584","formEdgeID":null},{"edgeID":"1722309","fromID":"1311575","toID":"1311632","formEdgeID":null},{"edgeID":"1722310","fromID":"1311632","toID":"1311580","formEdgeID":null},{"edgeID":"1722311","fromID":"1311635","toID":"1311634","formEdgeID":null},{"edgeID":"1722312","fromID":"1311636","toID":"1311635","formEdgeID":null},{"edgeID":"1722313","fromID":"1311634","toID":"1311637","formEdgeID":null},{"edgeID":"1722314","fromID":"1311637","toID":"1311633","formEdgeID":null},{"edgeID":"1722315","fromID":"1311633","toID":"1311638","formEdgeID":null},{"edgeID":"1722316","fromID":"1311638","toID":"1311583","formEdgeID":null},{"edgeID":"1722317","fromID":"1311584","toID":"1311639","formEdgeID":null},{"edgeID":"1722318","fromID":"1311639","toID":"1311634","formEdgeID":null},{"edgeID":"1722319","fromID":"1311639","toID":"1311640","formEdgeID":null},{"edgeID":"1722320","fromID":"1311640","toID":"1311638","formEdgeID":null},{"edgeID":"1722321","fromID":"1311643","toID":"1311642","formEdgeID":null},{"edgeID":"1722322","fromID":"1311644","toID":"1311643","formEdgeID":null},{"edgeID":"1722323","fromID":"1311642","toID":"1311645","formEdgeID":null},{"edgeID":"1722324","fromID":"1311645","toID":"1311641","formEdgeID":null},{"edgeID":"1722325","fromID":"1311634","toID":"1311646","formEdgeID":null},{"edgeID":"1722326","fromID":"1311646","toID":"1311642","formEdgeID":null},{"edgeID":"1722327","fromID":"1311633","toID":"1311647","formEdgeID":null},{"edgeID":"1722328","fromID":"1311647","toID":"1311641","formEdgeID":null},{"edgeID":"1722329","fromID":"1311646","toID":"1311648","formEdgeID":null},{"edgeID":"1722330","fromID":"1311648","toID":"1311647","formEdgeID":null},{"edgeID":"1722331","fromID":"1311642","toID":"1311649","formEdgeID":null},{"edgeID":"1722332","fromID":"1311649","toID":"1311589","formEdgeID":null},{"edgeID":"1722333","fromID":"1311588","toID":"1311650","formEdgeID":null},{"edgeID":"1722334","fromID":"1311650","toID":"1311641","formEdgeID":null},{"edgeID":"1722335","fromID":"1311649","toID":"1311651","formEdgeID":null},{"edgeID":"1722336","fromID":"1311651","toID":"1311650","formEdgeID":null},{"edgeID":"1722337","fromID":"1311579","toID":"1311652","formEdgeID":null},{"edgeID":"1722338","fromID":"1311652","toID":"1311583","formEdgeID":null},{"edgeID":"1722339","fromID":"1311631","toID":"1311653","formEdgeID":null},{"edgeID":"1722340","fromID":"1311653","toID":"1311652","formEdgeID":null},{"edgeID":"1722341","fromID":"1311569","toID":"1311654","formEdgeID":null},{"edgeID":"1722342","fromID":"1311654","toID":"1311565","formEdgeID":null},{"edgeID":"1722343","fromID":"1311622","toID":"1311655","formEdgeID":null},{"edgeID":"1722344","fromID":"1311655","toID":"1311654","formEdgeID":null},{"edgeID":"1722345","fromID":"1311613","toID":"1311656","formEdgeID":null},{"edgeID":"1722346","fromID":"1311656","toID":"1311555","formEdgeID":null},{"edgeID":"1722347","fromID":"1311556","toID":"1311657","formEdgeID":null},{"edgeID":"1722348","fromID":"1311657","toID":"1311614","formEdgeID":null},{"edgeID":"1722349","fromID":"1311657","toID":"1311658","formEdgeID":null},{"edgeID":"1722350","fromID":"1311658","toID":"1311656","formEdgeID":null},{"edgeID":"1722351","fromID":"1311603","toID":"1311659","formEdgeID":null},{"edgeID":"1722352","fromID":"1311659","toID":"1311602","formEdgeID":null},{"edgeID":"1722353","fromID":"1311525","toID":"1311660","formEdgeID":null},{"edgeID":"1722354","fromID":"1311660","toID":"1311520","formEdgeID":null},{"edgeID":"1722355","fromID":"1311593","toID":"1311661","formEdgeID":null},{"edgeID":"1722356","fromID":"1311661","toID":"1311660","formEdgeID":null},{"edgeID":"1722357","fromID":"1311566","toID":"1311662","formEdgeID":null},{"edgeID":"1722358","fromID":"1311662","toID":"1311565","formEdgeID":null}],"locutions":[]}