{"nodes":[{"nodeID":"1309708","text":"being told to buy value items is coming on the back of the inflation forecast to go over ten per cent","type":"I","timestamp":"2023-11-09 13:09:03"},{"nodeID":"1309709","text":"Fiona Bruce: this is coming on the back of the inflation forecast to go over ten per cent","type":"L","timestamp":"2023-11-09 13:09:03"},{"nodeID":"1309710","text":"Analysing","type":"YA","timestamp":"2023-11-09 13:09:03"},{"nodeID":"1309711","text":"Ella: Fiona Bruce: this is coming on the back of the inflation forecast to go over ten per cent","type":"L","timestamp":"2023-11-09 13:09:03"},{"nodeID":"1309712","text":"Asserting","type":"YA","timestamp":"2023-11-09 13:09:03"},{"nodeID":"1309713","text":"being told to buy value items is coming as there's a possible recession looming next year","type":"I","timestamp":"2023-11-09 13:09:04"},{"nodeID":"1309714","text":"Fiona Bruce: possible recession looming next year","type":"L","timestamp":"2023-11-09 13:09:04"},{"nodeID":"1309715","text":"Analysing","type":"YA","timestamp":"2023-11-09 13:09:04"},{"nodeID":"1309716","text":"Ella: Fiona Bruce: possible recession looming next year","type":"L","timestamp":"2023-11-09 13:09:04"},{"nodeID":"1309717","text":"Asserting","type":"YA","timestamp":"2023-11-09 13:09:04"},{"nodeID":"1309718","text":"Default Rephrase","type":"MA","timestamp":"2023-11-09 13:09:04"},{"nodeID":"1309719","text":"Default Transition","type":"TA","timestamp":"2023-11-09 13:09:04"},{"nodeID":"1309720","text":"Restating","type":"YA","timestamp":"2023-11-09 13:09:04"},{"nodeID":"1309721","text":"AudienceMember 20220512QT04: Yeah","type":"L","timestamp":"2023-11-09 13:09:04"},{"nodeID":"1309722","text":"Analysing","type":"YA","timestamp":"2023-11-09 13:09:04"},{"nodeID":"1309723","text":"Ella: AudienceMember 20220512QT04: Yeah","type":"L","timestamp":"2023-11-09 13:09:04"},{"nodeID":"1309724","text":"Default Transition","type":"TA","timestamp":"2023-11-09 13:09:04"},{"nodeID":"1309725","text":"Agreeing","type":"YA","timestamp":"2023-11-09 13:09:04"},{"nodeID":"1309726","text":"xxx is what Damian Green thinks of those comments, to go buy value items, by George Eustice","type":"I","timestamp":"2023-11-09 13:09:05"},{"nodeID":"1309727","text":"Fiona Bruce: what did you think of those comments by George Eustice","type":"L","timestamp":"2023-11-09 13:09:05"},{"nodeID":"1309728","text":"Analysing","type":"YA","timestamp":"2023-11-09 13:09:05"},{"nodeID":"1309729","text":"Ella: Fiona Bruce: what did you think of those comments by George Eustice","type":"L","timestamp":"2023-11-09 13:09:05"},{"nodeID":"1309730","text":"Pure Questioning","type":"YA","timestamp":"2023-11-09 13:09:05"},{"nodeID":"1309731","text":"Default Transition","type":"TA","timestamp":"2023-11-09 13:09:05"},{"nodeID":"1309732","text":"you're being slightly unfair to George Eustice","type":"I","timestamp":"2023-11-09 13:09:05"},{"nodeID":"1309733","text":"Damian Green: you're being slightly unfair to George","type":"L","timestamp":"2023-11-09 13:09:05"},{"nodeID":"1309734","text":"Analysing","type":"YA","timestamp":"2023-11-09 13:09:05"},{"nodeID":"1309735","text":"Ella: Damian Green: you're being slightly unfair to George","type":"L","timestamp":"2023-11-09 13:09:05"},{"nodeID":"1309736","text":"Asserting","type":"YA","timestamp":"2023-11-09 13:09:05"},{"nodeID":"1309737","text":"Default Transition","type":"TA","timestamp":"2023-11-09 13:09:05"},{"nodeID":"1309738","text":"George Eustice didn't say to go buy value items","type":"I","timestamp":"2023-11-09 13:09:06"},{"nodeID":"1309739","text":"Damian Green: he didn't say that","type":"L","timestamp":"2023-11-09 13:09:06"},{"nodeID":"1309740","text":"Analysing","type":"YA","timestamp":"2023-11-09 13:09:06"},{"nodeID":"1309741","text":"Ella: Damian Green: he didn't say that","type":"L","timestamp":"2023-11-09 13:09:06"},{"nodeID":"1309742","text":"Asserting","type":"YA","timestamp":"2023-11-09 13:09:06"},{"nodeID":"1309743","text":"Default Transition","type":"TA","timestamp":"2023-11-09 13:09:06"},{"nodeID":"1309744","text":"Default Inference","type":"RA","timestamp":"2023-11-09 13:09:06"},{"nodeID":"1309745","text":"Arguing","type":"YA","timestamp":"2023-11-09 13:09:06"},{"nodeID":"1309746","text":"buying value items is what people were doing","type":"I","timestamp":"2023-11-09 13:09:06"},{"nodeID":"1309747","text":"Damian Green: he said that's what people were doing","type":"L","timestamp":"2023-11-09 13:09:06"},{"nodeID":"1309748","text":"Analysing","type":"YA","timestamp":"2023-11-09 13:09:06"},{"nodeID":"1309749","text":"Ella: Damian Green: he said that's what people were doing","type":"L","timestamp":"2023-11-09 13:09:06"},{"nodeID":"1309750","text":"George Eustice: buying value items is what people were doing","type":"L","timestamp":"2023-11-09 13:09:06"},{"nodeID":"1309751","text":"Analysing","type":"YA","timestamp":"2023-11-09 13:09:06"},{"nodeID":"1309752","text":"Ella: George Eustice: George Eustace said buying value items is what people were doing","type":"L","timestamp":"2023-11-09 13:09:06"},{"nodeID":"1309753","text":"Asserting","type":"YA","timestamp":"2023-11-09 13:09:06"},{"nodeID":"1309754","text":"Default Transition","type":"TA","timestamp":"2023-11-09 13:09:06"},{"nodeID":"1309755","text":"Asserting","type":"YA","timestamp":"2023-11-09 13:09:06"},{"nodeID":"1309756","text":"Default Inference","type":"RA","timestamp":"2023-11-09 13:09:06"},{"nodeID":"1309757","text":"Arguing","type":"YA","timestamp":"2023-11-09 13:09:06"},{"nodeID":"1309758","text":"George Eustice wasn't telling people to go buy value items","type":"I","timestamp":"2023-11-09 13:09:07"},{"nodeID":"1309759","text":"Damian Green: He wasn't telling people","type":"L","timestamp":"2023-11-09 13:09:07"},{"nodeID":"1309760","text":"Analysing","type":"YA","timestamp":"2023-11-09 13:09:07"},{"nodeID":"1309761","text":"Ella: Damian Green: He wasn't telling people","type":"L","timestamp":"2023-11-09 13:09:07"},{"nodeID":"1309762","text":"Asserting","type":"YA","timestamp":"2023-11-09 13:09:07"},{"nodeID":"1309763","text":"Default Transition","type":"TA","timestamp":"2023-11-09 13:09:07"},{"nodeID":"1309764","text":"Default Rephrase","type":"MA","timestamp":"2023-11-09 13:09:07"},{"nodeID":"1309765","text":"Restating","type":"YA","timestamp":"2023-11-09 13:09:07"},{"nodeID":"1309766","text":"politicians shouldn't tell people how to lead their lives","type":"I","timestamp":"2023-11-09 13:09:08"},{"nodeID":"1309767","text":"Damian Green: Politicians shouldn't tell people how to lead their lives","type":"L","timestamp":"2023-11-09 13:09:08"},{"nodeID":"1309768","text":"Analysing","type":"YA","timestamp":"2023-11-09 13:09:08"},{"nodeID":"1309769","text":"Ella: Damian Green: Politicians shouldn't tell people how to lead their lives","type":"L","timestamp":"2023-11-09 13:09:08"},{"nodeID":"1309770","text":"Asserting","type":"YA","timestamp":"2023-11-09 13:09:08"},{"nodeID":"1309771","text":"that's very sensible","type":"I","timestamp":"2023-11-09 13:09:08"},{"nodeID":"1309772","text":"Damian Green: that's very sensible","type":"L","timestamp":"2023-11-09 13:09:08"},{"nodeID":"1309773","text":"Analysing","type":"YA","timestamp":"2023-11-09 13:09:08"},{"nodeID":"1309774","text":"Ella: Damian Green: that's very sensible","type":"L","timestamp":"2023-11-09 13:09:08"},{"nodeID":"1309775","text":"Asserting","type":"YA","timestamp":"2023-11-09 13:09:08"},{"nodeID":"1309776","text":"Default Transition","type":"TA","timestamp":"2023-11-09 13:09:08"},{"nodeID":"1309777","text":"Default Transition","type":"TA","timestamp":"2023-11-09 13:09:08"},{"nodeID":"1309778","text":"the underlying point is a perfectly fair one","type":"I","timestamp":"2023-11-09 13:09:09"},{"nodeID":"1309779","text":"Damian Green: the underlying point is a perfectly fair one","type":"L","timestamp":"2023-11-09 13:09:09"},{"nodeID":"1309780","text":"Analysing","type":"YA","timestamp":"2023-11-09 13:09:09"},{"nodeID":"1309781","text":"Ella: Damian Green: the underlying point is a perfectly fair one","type":"L","timestamp":"2023-11-09 13:09:09"},{"nodeID":"1309782","text":"Asserting","type":"YA","timestamp":"2023-11-09 13:09:09"},{"nodeID":"1309783","text":"we are in the middle of a howling global economic crisis","type":"I","timestamp":"2023-11-09 13:09:10"},{"nodeID":"1309784","text":"Damian Green: We are in the middle of a howling global economic crisis","type":"L","timestamp":"2023-11-09 13:09:10"},{"nodeID":"1309785","text":"Analysing","type":"YA","timestamp":"2023-11-09 13:09:10"},{"nodeID":"1309786","text":"Ella: Damian Green: We are in the middle of a howling global economic crisis","type":"L","timestamp":"2023-11-09 13:09:10"},{"nodeID":"1309787","text":"Asserting","type":"YA","timestamp":"2023-11-09 13:09:10"},{"nodeID":"1309788","text":"Default Transition","type":"TA","timestamp":"2023-11-09 13:09:10"},{"nodeID":"1309789","text":"Default Inference","type":"RA","timestamp":"2023-11-09 13:09:10"},{"nodeID":"1309790","text":"Arguing","type":"YA","timestamp":"2023-11-09 13:09:10"},{"nodeID":"1309791","text":"Default Inference","type":"RA","timestamp":"2023-11-09 13:09:10"},{"nodeID":"1309792","text":"Arguing","type":"YA","timestamp":"2023-11-09 13:09:10"},{"nodeID":"1309793","text":"Default Conflict","type":"CA","timestamp":"2023-11-09 13:09:10"},{"nodeID":"1309794","text":"Default Transition","type":"TA","timestamp":"2023-11-09 13:09:10"},{"nodeID":"1309795","text":"Disagreeing","type":"YA","timestamp":"2023-11-09 13:09:10"}],"edges":[{"edgeID":"1720040","fromID":"1309710","toID":"1309709","formEdgeID":null},{"edgeID":"1720041","fromID":"1309711","toID":"1309710","formEdgeID":null},{"edgeID":"1720042","fromID":"1309709","toID":"1309712","formEdgeID":null},{"edgeID":"1720043","fromID":"1309712","toID":"1309708","formEdgeID":null},{"edgeID":"1720044","fromID":"1309715","toID":"1309714","formEdgeID":null},{"edgeID":"1720045","fromID":"1309716","toID":"1309715","formEdgeID":null},{"edgeID":"1720046","fromID":"1309714","toID":"1309717","formEdgeID":null},{"edgeID":"1720047","fromID":"1309717","toID":"1309713","formEdgeID":null},{"edgeID":"1720048","fromID":"1309713","toID":"1309718","formEdgeID":null},{"edgeID":"1720049","fromID":"1309718","toID":"1309708","formEdgeID":null},{"edgeID":"1720050","fromID":"1309709","toID":"1309719","formEdgeID":null},{"edgeID":"1720051","fromID":"1309719","toID":"1309714","formEdgeID":null},{"edgeID":"1720052","fromID":"1309719","toID":"1309720","formEdgeID":null},{"edgeID":"1720053","fromID":"1309720","toID":"1309718","formEdgeID":null},{"edgeID":"1720054","fromID":"1309722","toID":"1309721","formEdgeID":null},{"edgeID":"1720055","fromID":"1309723","toID":"1309722","formEdgeID":null},{"edgeID":"1720056","fromID":"1309714","toID":"1309724","formEdgeID":null},{"edgeID":"1720057","fromID":"1309724","toID":"1309721","formEdgeID":null},{"edgeID":"1720058","fromID":"1309724","toID":"1309725","formEdgeID":null},{"edgeID":"1720059","fromID":"1309725","toID":"1309713","formEdgeID":null},{"edgeID":"1720060","fromID":"1309728","toID":"1309727","formEdgeID":null},{"edgeID":"1720061","fromID":"1309729","toID":"1309728","formEdgeID":null},{"edgeID":"1720062","fromID":"1309727","toID":"1309730","formEdgeID":null},{"edgeID":"1720063","fromID":"1309730","toID":"1309726","formEdgeID":null},{"edgeID":"1720064","fromID":"1309721","toID":"1309731","formEdgeID":null},{"edgeID":"1720065","fromID":"1309731","toID":"1309727","formEdgeID":null},{"edgeID":"1720066","fromID":"1309734","toID":"1309733","formEdgeID":null},{"edgeID":"1720067","fromID":"1309735","toID":"1309734","formEdgeID":null},{"edgeID":"1720068","fromID":"1309733","toID":"1309736","formEdgeID":null},{"edgeID":"1720069","fromID":"1309736","toID":"1309732","formEdgeID":null},{"edgeID":"1720070","fromID":"1309727","toID":"1309737","formEdgeID":null},{"edgeID":"1720071","fromID":"1309737","toID":"1309733","formEdgeID":null},{"edgeID":"1720072","fromID":"1309740","toID":"1309739","formEdgeID":null},{"edgeID":"1720073","fromID":"1309741","toID":"1309740","formEdgeID":null},{"edgeID":"1720074","fromID":"1309739","toID":"1309742","formEdgeID":null},{"edgeID":"1720075","fromID":"1309742","toID":"1309738","formEdgeID":null},{"edgeID":"1720076","fromID":"1309733","toID":"1309743","formEdgeID":null},{"edgeID":"1720077","fromID":"1309743","toID":"1309739","formEdgeID":null},{"edgeID":"1720078","fromID":"1309738","toID":"1309744","formEdgeID":null},{"edgeID":"1720079","fromID":"1309744","toID":"1309732","formEdgeID":null},{"edgeID":"1720080","fromID":"1309743","toID":"1309745","formEdgeID":null},{"edgeID":"1720081","fromID":"1309745","toID":"1309744","formEdgeID":null},{"edgeID":"1720082","fromID":"1309748","toID":"1309747","formEdgeID":null},{"edgeID":"1720083","fromID":"1309749","toID":"1309748","formEdgeID":null},{"edgeID":"1720084","fromID":"1309751","toID":"1309750","formEdgeID":null},{"edgeID":"1720085","fromID":"1309752","toID":"1309751","formEdgeID":null},{"edgeID":"1720086","fromID":"1309750","toID":"1309753","formEdgeID":null},{"edgeID":"1720087","fromID":"1309753","toID":"1309746","formEdgeID":null},{"edgeID":"1720088","fromID":"1309739","toID":"1309754","formEdgeID":null},{"edgeID":"1720089","fromID":"1309754","toID":"1309747","formEdgeID":null},{"edgeID":"1720090","fromID":"1309747","toID":"1309755","formEdgeID":null},{"edgeID":"1720091","fromID":"1309755","toID":"1309750","formEdgeID":null},{"edgeID":"1720092","fromID":"1309746","toID":"1309756","formEdgeID":null},{"edgeID":"1720093","fromID":"1309756","toID":"1309738","formEdgeID":null},{"edgeID":"1720094","fromID":"1309754","toID":"1309757","formEdgeID":null},{"edgeID":"1720095","fromID":"1309757","toID":"1309756","formEdgeID":null},{"edgeID":"1720096","fromID":"1309760","toID":"1309759","formEdgeID":null},{"edgeID":"1720097","fromID":"1309761","toID":"1309760","formEdgeID":null},{"edgeID":"1720098","fromID":"1309759","toID":"1309762","formEdgeID":null},{"edgeID":"1720099","fromID":"1309762","toID":"1309758","formEdgeID":null},{"edgeID":"1720100","fromID":"1309747","toID":"1309763","formEdgeID":null},{"edgeID":"1720101","fromID":"1309763","toID":"1309759","formEdgeID":null},{"edgeID":"1720102","fromID":"1309758","toID":"1309764","formEdgeID":null},{"edgeID":"1720103","fromID":"1309764","toID":"1309746","formEdgeID":null},{"edgeID":"1720104","fromID":"1309763","toID":"1309765","formEdgeID":null},{"edgeID":"1720105","fromID":"1309765","toID":"1309764","formEdgeID":null},{"edgeID":"1720106","fromID":"1309768","toID":"1309767","formEdgeID":null},{"edgeID":"1720107","fromID":"1309769","toID":"1309768","formEdgeID":null},{"edgeID":"1720108","fromID":"1309767","toID":"1309770","formEdgeID":null},{"edgeID":"1720109","fromID":"1309770","toID":"1309766","formEdgeID":null},{"edgeID":"1720110","fromID":"1309773","toID":"1309772","formEdgeID":null},{"edgeID":"1720111","fromID":"1309774","toID":"1309773","formEdgeID":null},{"edgeID":"1720112","fromID":"1309772","toID":"1309775","formEdgeID":null},{"edgeID":"1720113","fromID":"1309775","toID":"1309771","formEdgeID":null},{"edgeID":"1720114","fromID":"1309759","toID":"1309776","formEdgeID":null},{"edgeID":"1720115","fromID":"1309776","toID":"1309767","formEdgeID":null},{"edgeID":"1720116","fromID":"1309767","toID":"1309777","formEdgeID":null},{"edgeID":"1720117","fromID":"1309777","toID":"1309772","formEdgeID":null},{"edgeID":"1720118","fromID":"1309780","toID":"1309779","formEdgeID":null},{"edgeID":"1720119","fromID":"1309781","toID":"1309780","formEdgeID":null},{"edgeID":"1720120","fromID":"1309779","toID":"1309782","formEdgeID":null},{"edgeID":"1720121","fromID":"1309782","toID":"1309778","formEdgeID":null},{"edgeID":"1720122","fromID":"1309785","toID":"1309784","formEdgeID":null},{"edgeID":"1720123","fromID":"1309786","toID":"1309785","formEdgeID":null},{"edgeID":"1720124","fromID":"1309784","toID":"1309787","formEdgeID":null},{"edgeID":"1720125","fromID":"1309787","toID":"1309783","formEdgeID":null},{"edgeID":"1720126","fromID":"1309779","toID":"1309788","formEdgeID":null},{"edgeID":"1720127","fromID":"1309788","toID":"1309784","formEdgeID":null},{"edgeID":"1720128","fromID":"1309783","toID":"1309789","formEdgeID":null},{"edgeID":"1720129","fromID":"1309789","toID":"1309778","formEdgeID":null},{"edgeID":"1720130","fromID":"1309788","toID":"1309790","formEdgeID":null},{"edgeID":"1720131","fromID":"1309790","toID":"1309789","formEdgeID":null},{"edgeID":"1720132","fromID":"1309766","toID":"1309791","formEdgeID":null},{"edgeID":"1720133","fromID":"1309791","toID":"1309758","formEdgeID":null},{"edgeID":"1720134","fromID":"1309776","toID":"1309792","formEdgeID":null},{"edgeID":"1720135","fromID":"1309792","toID":"1309791","formEdgeID":null},{"edgeID":"1720136","fromID":"1309778","toID":"1309793","formEdgeID":null},{"edgeID":"1720137","fromID":"1309793","toID":"1309732","formEdgeID":null},{"edgeID":"1720138","fromID":"1309733","toID":"1309794","formEdgeID":null},{"edgeID":"1720139","fromID":"1309794","toID":"1309779","formEdgeID":null},{"edgeID":"1720140","fromID":"1309794","toID":"1309795","formEdgeID":null},{"edgeID":"1720141","fromID":"1309795","toID":"1309793","formEdgeID":null}],"locutions":[]}