{"nodes":[{"nodeID":"1311187","text":"at the moment across the Tory party there's either a wilful ignorance or a complete lack of being in touch with the communities","type":"I","timestamp":"2023-11-09 13:11:07"},{"nodeID":"1311188","text":"AudienceMember 20220512QT10: at the moment across the Tory party there's either a wilful ignorance or a complete lack of being in touch with the communities","type":"L","timestamp":"2023-11-09 13:11:07"},{"nodeID":"1311189","text":"Analysing","type":"YA","timestamp":"2023-11-09 13:11:07"},{"nodeID":"1311190","text":"Zofia: AudienceMember 20220512QT10: at the moment across the Tory party there's either a wilful ignorance or a complete lack of being in touch with the communities","type":"L","timestamp":"2023-11-09 13:11:07"},{"nodeID":"1311191","text":"Asserting","type":"YA","timestamp":"2023-11-09 13:11:07"},{"nodeID":"1311192","text":"AudienceMember 20220512QT10 is a middle income earner","type":"I","timestamp":"2023-11-09 13:11:07"},{"nodeID":"1311193","text":"AudienceMember 20220512QT10: I'm a middle income earner","type":"L","timestamp":"2023-11-09 13:11:07"},{"nodeID":"1311194","text":"Analysing","type":"YA","timestamp":"2023-11-09 13:11:07"},{"nodeID":"1311195","text":"Zofia: AudienceMember 20220512QT10: I'm a middle income earner","type":"L","timestamp":"2023-11-09 13:11:07"},{"nodeID":"1311196","text":"Asserting","type":"YA","timestamp":"2023-11-09 13:11:07"},{"nodeID":"1311197","text":"Default Transition","type":"TA","timestamp":"2023-11-09 13:11:07"},{"nodeID":"1311198","text":"AudienceMember 20220512QT10 has to balance child care costs, working full time, paying rent, fuel bills","type":"I","timestamp":"2023-11-09 13:11:08"},{"nodeID":"1311199","text":"AudienceMember 20220512QT10: I have to balance child care costs, working full time, paying rent, fuel bills","type":"L","timestamp":"2023-11-09 13:11:08"},{"nodeID":"1311200","text":"Analysing","type":"YA","timestamp":"2023-11-09 13:11:08"},{"nodeID":"1311201","text":"Zofia: AudienceMember 20220512QT10: I have to balance child care costs, working full time, paying rent, fuel bills","type":"L","timestamp":"2023-11-09 13:11:08"},{"nodeID":"1311202","text":"Asserting","type":"YA","timestamp":"2023-11-09 13:11:08"},{"nodeID":"1311203","text":"there's nothing for the middle income earners other than 20 per cent tax free child care","type":"I","timestamp":"2023-11-09 13:11:09"},{"nodeID":"1311204","text":"AudienceMember 20220512QT10: there's nothing for us other than 20 per cent tax free child care","type":"L","timestamp":"2023-11-09 13:11:09"},{"nodeID":"1311205","text":"Analysing","type":"YA","timestamp":"2023-11-09 13:11:09"},{"nodeID":"1311206","text":"Zofia: AudienceMember 20220512QT10: there's nothing for us other than 20 per cent tax free child care","type":"L","timestamp":"2023-11-09 13:11:09"},{"nodeID":"1311207","text":"Asserting","type":"YA","timestamp":"2023-11-09 13:11:09"},{"nodeID":"1311208","text":"20 per cent tax free child care doesn't work","type":"I","timestamp":"2023-11-09 13:11:09"},{"nodeID":"1311209","text":"AudienceMember 20220512QT10: It doesn't work","type":"L","timestamp":"2023-11-09 13:11:09"},{"nodeID":"1311210","text":"Analysing","type":"YA","timestamp":"2023-11-09 13:11:09"},{"nodeID":"1311211","text":"Zofia: AudienceMember 20220512QT10: It doesn't work","type":"L","timestamp":"2023-11-09 13:11:09"},{"nodeID":"1311212","text":"Asserting","type":"YA","timestamp":"2023-11-09 13:11:09"},{"nodeID":"1311213","text":"20 per cent tax free child care is not enough","type":"I","timestamp":"2023-11-09 13:11:10"},{"nodeID":"1311214","text":"AudienceMember 20220512QT10: It's not enough","type":"L","timestamp":"2023-11-09 13:11:10"},{"nodeID":"1311215","text":"Analysing","type":"YA","timestamp":"2023-11-09 13:11:10"},{"nodeID":"1311216","text":"Zofia: AudienceMember 20220512QT10: It's not enough","type":"L","timestamp":"2023-11-09 13:11:10"},{"nodeID":"1311217","text":"Asserting","type":"YA","timestamp":"2023-11-09 13:11:10"},{"nodeID":"1311218","text":"they're not doing enough","type":"I","timestamp":"2023-11-09 13:11:11"},{"nodeID":"1311219","text":"AudienceMember 20220512QT10: They're not doing enough","type":"L","timestamp":"2023-11-09 13:11:11"},{"nodeID":"1311220","text":"Analysing","type":"YA","timestamp":"2023-11-09 13:11:11"},{"nodeID":"1311221","text":"Zofia: AudienceMember 20220512QT10: They're not doing enough","type":"L","timestamp":"2023-11-09 13:11:11"},{"nodeID":"1311222","text":"Asserting","type":"YA","timestamp":"2023-11-09 13:11:11"},{"nodeID":"1311223","text":"Default Transition","type":"TA","timestamp":"2023-11-09 13:11:11"},{"nodeID":"1311224","text":"Default Rephrase","type":"MA","timestamp":"2023-11-09 13:11:11"},{"nodeID":"1311225","text":"Default Transition","type":"TA","timestamp":"2023-11-09 13:11:11"},{"nodeID":"1311226","text":"Restating","type":"YA","timestamp":"2023-11-09 13:11:11"},{"nodeID":"1311227","text":"Default Inference","type":"RA","timestamp":"2023-11-09 13:11:11"},{"nodeID":"1311228","text":"Default Rephrase","type":"MA","timestamp":"2023-11-09 13:11:11"},{"nodeID":"1311229","text":"Restating","type":"YA","timestamp":"2023-11-09 13:11:11"},{"nodeID":"1311230","text":"Default Transition","type":"TA","timestamp":"2023-11-09 13:11:11"},{"nodeID":"1311231","text":"Default Transition","type":"TA","timestamp":"2023-11-09 13:11:11"},{"nodeID":"1311232","text":"Arguing","type":"YA","timestamp":"2023-11-09 13:11:11"},{"nodeID":"1311233","text":"Damian Green has just listed a whole load of things that the government are doing","type":"I","timestamp":"2023-11-09 13:11:11"},{"nodeID":"1311234","text":"Fiona Bruce: Damian has just listed a whole load of things that the government are doing","type":"L","timestamp":"2023-11-09 13:11:11"},{"nodeID":"1311235","text":"Analysing","type":"YA","timestamp":"2023-11-09 13:11:11"},{"nodeID":"1311236","text":"Zofia: Fiona Bruce: Damian has just listed a whole load of things that the government are doing","type":"L","timestamp":"2023-11-09 13:11:11"},{"nodeID":"1311237","text":"Asserting","type":"YA","timestamp":"2023-11-09 13:11:11"},{"nodeID":"1311238","text":"Default Transition","type":"TA","timestamp":"2023-11-09 13:11:11"},{"nodeID":"1311239","text":"the things that the government are doing listed by Damian Green don't impact AudienceMember 20220512QT11","type":"I","timestamp":"2023-11-09 13:11:12"},{"nodeID":"1311240","text":"AudienceMember 20220512QT11: They don't impact me","type":"L","timestamp":"2023-11-09 13:11:12"},{"nodeID":"1311241","text":"Analysing","type":"YA","timestamp":"2023-11-09 13:11:12"},{"nodeID":"1311242","text":"Zofia: AudienceMember 20220512QT11: They don't impact me","type":"L","timestamp":"2023-11-09 13:11:12"},{"nodeID":"1311243","text":"Asserting","type":"YA","timestamp":"2023-11-09 13:11:12"},{"nodeID":"1311244","text":"Default Conflict","type":"CA","timestamp":"2023-11-09 13:11:12"},{"nodeID":"1311245","text":"Default Transition","type":"TA","timestamp":"2023-11-09 13:11:12"},{"nodeID":"1311246","text":"Disagreeing","type":"YA","timestamp":"2023-11-09 13:11:12"},{"nodeID":"1311247","text":"the things that the government are doing listed by Damian Green don't help AudienceMember 20220512QT11 as a middle impact earner at all","type":"I","timestamp":"2023-11-09 13:11:12"},{"nodeID":"1311248","text":"AudienceMember 20220512QT11: As a middle impact earner they don't help me at all","type":"L","timestamp":"2023-11-09 13:11:12"},{"nodeID":"1311249","text":"Analysing","type":"YA","timestamp":"2023-11-09 13:11:12"},{"nodeID":"1311250","text":"Zofia: AudienceMember 20220512QT11: As a middle impact earner they don't help me at all","type":"L","timestamp":"2023-11-09 13:11:12"},{"nodeID":"1311251","text":"Asserting","type":"YA","timestamp":"2023-11-09 13:11:12"},{"nodeID":"1311252","text":"Default Transition","type":"TA","timestamp":"2023-11-09 13:11:12"},{"nodeID":"1311253","text":"Default Rephrase","type":"MA","timestamp":"2023-11-09 13:11:12"},{"nodeID":"1311254","text":"Restating","type":"YA","timestamp":"2023-11-09 13:11:12"},{"nodeID":"1311255","text":"we're being rather unfair on the government","type":"I","timestamp":"2023-11-09 13:11:13"},{"nodeID":"1311256","text":"AudienceMember 20220512QT12: we're being rather unfair on the government","type":"L","timestamp":"2023-11-09 13:11:13"},{"nodeID":"1311257","text":"Analysing","type":"YA","timestamp":"2023-11-09 13:11:13"},{"nodeID":"1311258","text":"Zofia: AudienceMember 20220512QT12: we're being rather unfair on the government","type":"L","timestamp":"2023-11-09 13:11:13"},{"nodeID":"1311259","text":"Asserting","type":"YA","timestamp":"2023-11-09 13:11:13"},{"nodeID":"1311260","text":"Default Rephrase","type":"MA","timestamp":"2023-11-09 13:11:13"},{"nodeID":"1311261","text":"Default Transition","type":"TA","timestamp":"2023-11-09 13:11:13"},{"nodeID":"1311262","text":"Agreeing","type":"YA","timestamp":"2023-11-09 13:11:13"},{"nodeID":"1311263","text":"Boris Johnson when he was mayor of London was asked about receiving a \u00a3250,000 a year income on the side of being mayor and described that as piffling","type":"I","timestamp":"2023-11-09 13:11:14"},{"nodeID":"1311264","text":"AudienceMember 20220512QT12: Mr Johnson when he was mayor of London was asked about receiving a \u00a3250,000 a year income on the side of being mayor and described that as piffling","type":"L","timestamp":"2023-11-09 13:11:14"},{"nodeID":"1311265","text":"Analysing","type":"YA","timestamp":"2023-11-09 13:11:14"},{"nodeID":"1311266","text":"Zofia: AudienceMember 20220512QT12: Mr Johnson when he was mayor of London was asked about receiving a \u00a3250,000 a year income on the side of being mayor and described that as piffling","type":"L","timestamp":"2023-11-09 13:11:14"},{"nodeID":"1311267","text":"Asserting","type":"YA","timestamp":"2023-11-09 13:11:14"},{"nodeID":"1311268","text":"Default Transition","type":"TA","timestamp":"2023-11-09 13:11:14"},{"nodeID":"1311269","text":"we have a chancellor of the exchequer who's got non dom issues going on in his family because he has to maximise his income","type":"I","timestamp":"2023-11-09 13:11:14"},{"nodeID":"1311270","text":"AudienceMember 20220512QT12: We have a chancellor of the exchequer who's got non dom issues going on in his family because he has to maximise his income","type":"L","timestamp":"2023-11-09 13:11:14"},{"nodeID":"1311271","text":"Analysing","type":"YA","timestamp":"2023-11-09 13:11:14"},{"nodeID":"1311272","text":"Zofia: AudienceMember 20220512QT12: We have a chancellor of the exchequer who's got non dom issues going on in his family because he has to maximise his income","type":"L","timestamp":"2023-11-09 13:11:14"},{"nodeID":"1311273","text":"Asserting","type":"YA","timestamp":"2023-11-09 13:11:14"},{"nodeID":"1311274","text":"we have a health minister who I think at some stage in his life was also a non dom in order to ensure that he maximises his income","type":"I","timestamp":"2023-11-09 13:11:15"},{"nodeID":"1311275","text":"AudienceMember 20220512QT12: we have a health minister who I think at some stage in his life was also a non dom in order to ensure that he maximises his income","type":"L","timestamp":"2023-11-09 13:11:15"},{"nodeID":"1311276","text":"Analysing","type":"YA","timestamp":"2023-11-09 13:11:15"},{"nodeID":"1311277","text":"Zofia: AudienceMember 20220512QT12: we have a health minister who I think at some stage in his life was also a non dom in order to ensure that he maximises his income","type":"L","timestamp":"2023-11-09 13:11:15"},{"nodeID":"1311278","text":"Asserting","type":"YA","timestamp":"2023-11-09 13:11:15"},{"nodeID":"1311279","text":"Default Transition","type":"TA","timestamp":"2023-11-09 13:11:15"},{"nodeID":"1311280","text":"Default Transition","type":"TA","timestamp":"2023-11-09 13:11:15"},{"nodeID":"1311281","text":"Default Inference","type":"RA","timestamp":"2023-11-09 13:11:15"},{"nodeID":"1311282","text":"Arguing","type":"YA","timestamp":"2023-11-09 13:11:15"},{"nodeID":"1311283","text":"AudienceMember 20220512QT12 is referring to the health secretary","type":"I","timestamp":"2023-11-09 13:11:16"},{"nodeID":"1311284","text":"Fiona Bruce: You're referring to the health secretary","type":"L","timestamp":"2023-11-09 13:11:16"},{"nodeID":"1311285","text":"Analysing","type":"YA","timestamp":"2023-11-09 13:11:16"},{"nodeID":"1311286","text":"Zofia: Fiona Bruce: You're referring to the health secretary","type":"L","timestamp":"2023-11-09 13:11:16"},{"nodeID":"1311287","text":"Asserting","type":"YA","timestamp":"2023-11-09 13:11:16"},{"nodeID":"1311288","text":"Default Conflict","type":"CA","timestamp":"2023-11-09 13:11:16"},{"nodeID":"1311289","text":"Default Transition","type":"TA","timestamp":"2023-11-09 13:11:16"},{"nodeID":"1311290","text":"Disagreeing","type":"YA","timestamp":"2023-11-09 13:11:16"},{"nodeID":"1311291","text":"we're being too hard on the government","type":"I","timestamp":"2023-11-09 13:11:16"},{"nodeID":"1311292","text":"Fiona Bruce: you started by saying I think we're being too hard on the government","type":"L","timestamp":"2023-11-09 13:11:16"},{"nodeID":"1311293","text":"Analysing","type":"YA","timestamp":"2023-11-09 13:11:16"},{"nodeID":"1311294","text":"Zofia: Fiona Bruce: you started by saying I think we're being too hard on the government","type":"L","timestamp":"2023-11-09 13:11:16"},{"nodeID":"1311295","text":"AudienceMember 20220512QT12: we're being too hard on the government","type":"L","timestamp":"2023-11-09 13:11:16"},{"nodeID":"1311296","text":"Analysing","type":"YA","timestamp":"2023-11-09 13:11:16"},{"nodeID":"1311297","text":"Zofia: AudienceMember 20220512QT12: you started by saying I think we're being too hard on the government","type":"L","timestamp":"2023-11-09 13:11:16"},{"nodeID":"1311298","text":"Default Transition","type":"TA","timestamp":"2023-11-09 13:11:16"},{"nodeID":"1311299","text":"Asserting","type":"YA","timestamp":"2023-11-09 13:11:16"},{"nodeID":"1311300","text":"Default Rephrase","type":"MA","timestamp":"2023-11-09 13:11:16"},{"nodeID":"1311301","text":"Default Transition","type":"TA","timestamp":"2023-11-09 13:11:16"},{"nodeID":"1311302","text":"Restating","type":"YA","timestamp":"2023-11-09 13:11:16"},{"nodeID":"1311303","text":"AudienceMember 20220512QT13 thinks we are being too hard on the government","type":"I","timestamp":"2023-11-09 13:11:17"},{"nodeID":"1311304","text":"AudienceMember 20220512QT13: I think we are","type":"L","timestamp":"2023-11-09 13:11:17"},{"nodeID":"1311305","text":"Analysing","type":"YA","timestamp":"2023-11-09 13:11:17"},{"nodeID":"1311306","text":"Zofia: AudienceMember 20220512QT13: I think we are","type":"L","timestamp":"2023-11-09 13:11:17"},{"nodeID":"1311307","text":"Asserting","type":"YA","timestamp":"2023-11-09 13:11:17"},{"nodeID":"1311308","text":"Default Rephrase","type":"MA","timestamp":"2023-11-09 13:11:17"},{"nodeID":"1311309","text":"Default Transition","type":"TA","timestamp":"2023-11-09 13:11:17"},{"nodeID":"1311310","text":"Restating","type":"YA","timestamp":"2023-11-09 13:11:17"},{"nodeID":"1311311","text":"it doesn't sound like AudienceMember 20220512QT13 is thinking that we are being too hard on the government so far","type":"I","timestamp":"2023-11-09 13:11:17"},{"nodeID":"1311312","text":"Fiona Bruce: It doesn't sound like you are so far","type":"L","timestamp":"2023-11-09 13:11:17"},{"nodeID":"1311313","text":"Analysing","type":"YA","timestamp":"2023-11-09 13:11:17"},{"nodeID":"1311314","text":"Zofia: Fiona Bruce: It doesn't sound like you are so far","type":"L","timestamp":"2023-11-09 13:11:17"},{"nodeID":"1311315","text":"Asserting","type":"YA","timestamp":"2023-11-09 13:11:17"},{"nodeID":"1311316","text":"Default Transition","type":"TA","timestamp":"2023-11-09 13:11:17"},{"nodeID":"1311317","text":"Default Conflict","type":"CA","timestamp":"2023-11-09 13:11:17"},{"nodeID":"1311318","text":"Disagreeing","type":"YA","timestamp":"2023-11-09 13:11:17"},{"nodeID":"1311319","text":"Default Transition","type":"TA","timestamp":"2023-11-09 13:11:17"}],"edges":[{"edgeID":"1721784","fromID":"1311189","toID":"1311188","formEdgeID":null},{"edgeID":"1721785","fromID":"1311190","toID":"1311189","formEdgeID":null},{"edgeID":"1721786","fromID":"1311188","toID":"1311191","formEdgeID":null},{"edgeID":"1721787","fromID":"1311191","toID":"1311187","formEdgeID":null},{"edgeID":"1721788","fromID":"1311194","toID":"1311193","formEdgeID":null},{"edgeID":"1721789","fromID":"1311195","toID":"1311194","formEdgeID":null},{"edgeID":"1721790","fromID":"1311193","toID":"1311196","formEdgeID":null},{"edgeID":"1721791","fromID":"1311196","toID":"1311192","formEdgeID":null},{"edgeID":"1721792","fromID":"1311188","toID":"1311197","formEdgeID":null},{"edgeID":"1721793","fromID":"1311197","toID":"1311193","formEdgeID":null},{"edgeID":"1721794","fromID":"1311200","toID":"1311199","formEdgeID":null},{"edgeID":"1721795","fromID":"1311201","toID":"1311200","formEdgeID":null},{"edgeID":"1721796","fromID":"1311199","toID":"1311202","formEdgeID":null},{"edgeID":"1721797","fromID":"1311202","toID":"1311198","formEdgeID":null},{"edgeID":"1721798","fromID":"1311205","toID":"1311204","formEdgeID":null},{"edgeID":"1721799","fromID":"1311206","toID":"1311205","formEdgeID":null},{"edgeID":"1721800","fromID":"1311204","toID":"1311207","formEdgeID":null},{"edgeID":"1721801","fromID":"1311207","toID":"1311203","formEdgeID":null},{"edgeID":"1721802","fromID":"1311210","toID":"1311209","formEdgeID":null},{"edgeID":"1721803","fromID":"1311211","toID":"1311210","formEdgeID":null},{"edgeID":"1721804","fromID":"1311209","toID":"1311212","formEdgeID":null},{"edgeID":"1721805","fromID":"1311212","toID":"1311208","formEdgeID":null},{"edgeID":"1721806","fromID":"1311215","toID":"1311214","formEdgeID":null},{"edgeID":"1721807","fromID":"1311216","toID":"1311215","formEdgeID":null},{"edgeID":"1721808","fromID":"1311214","toID":"1311217","formEdgeID":null},{"edgeID":"1721809","fromID":"1311217","toID":"1311213","formEdgeID":null},{"edgeID":"1721810","fromID":"1311220","toID":"1311219","formEdgeID":null},{"edgeID":"1721811","fromID":"1311221","toID":"1311220","formEdgeID":null},{"edgeID":"1721812","fromID":"1311219","toID":"1311222","formEdgeID":null},{"edgeID":"1721813","fromID":"1311222","toID":"1311218","formEdgeID":null},{"edgeID":"1721814","fromID":"1311209","toID":"1311223","formEdgeID":null},{"edgeID":"1721815","fromID":"1311223","toID":"1311214","formEdgeID":null},{"edgeID":"1721816","fromID":"1311208","toID":"1311224","formEdgeID":null},{"edgeID":"1721817","fromID":"1311224","toID":"1311203","formEdgeID":null},{"edgeID":"1721818","fromID":"1311204","toID":"1311225","formEdgeID":null},{"edgeID":"1721819","fromID":"1311225","toID":"1311209","formEdgeID":null},{"edgeID":"1721820","fromID":"1311225","toID":"1311226","formEdgeID":null},{"edgeID":"1721821","fromID":"1311226","toID":"1311224","formEdgeID":null},{"edgeID":"1721822","fromID":"1311198","toID":"1311227","formEdgeID":null},{"edgeID":"1721823","fromID":"1311227","toID":"1311218","formEdgeID":null},{"edgeID":"1721824","fromID":"1311213","toID":"1311228","formEdgeID":null},{"edgeID":"1721825","fromID":"1311228","toID":"1311208","formEdgeID":null},{"edgeID":"1721826","fromID":"1311223","toID":"1311229","formEdgeID":null},{"edgeID":"1721827","fromID":"1311229","toID":"1311228","formEdgeID":null},{"edgeID":"1721828","fromID":"1311203","toID":"1311227","formEdgeID":null},{"edgeID":"1721829","fromID":"1311199","toID":"1311230","formEdgeID":null},{"edgeID":"1721830","fromID":"1311230","toID":"1311219","formEdgeID":null},{"edgeID":"1721831","fromID":"1311199","toID":"1311231","formEdgeID":null},{"edgeID":"1721832","fromID":"1311231","toID":"1311204","formEdgeID":null},{"edgeID":"1721833","fromID":"1311230","toID":"1311232","formEdgeID":null},{"edgeID":"1721834","fromID":"1311232","toID":"1311227","formEdgeID":null},{"edgeID":"1721835","fromID":"1311235","toID":"1311234","formEdgeID":null},{"edgeID":"1721836","fromID":"1311236","toID":"1311235","formEdgeID":null},{"edgeID":"1721837","fromID":"1311234","toID":"1311237","formEdgeID":null},{"edgeID":"1721838","fromID":"1311237","toID":"1311233","formEdgeID":null},{"edgeID":"1721839","fromID":"1311219","toID":"1311238","formEdgeID":null},{"edgeID":"1721840","fromID":"1311238","toID":"1311234","formEdgeID":null},{"edgeID":"1721841","fromID":"1311241","toID":"1311240","formEdgeID":null},{"edgeID":"1721842","fromID":"1311242","toID":"1311241","formEdgeID":null},{"edgeID":"1721843","fromID":"1311240","toID":"1311243","formEdgeID":null},{"edgeID":"1721844","fromID":"1311243","toID":"1311239","formEdgeID":null},{"edgeID":"1721845","fromID":"1311239","toID":"1311244","formEdgeID":null},{"edgeID":"1721846","fromID":"1311244","toID":"1311233","formEdgeID":null},{"edgeID":"1721847","fromID":"1311234","toID":"1311245","formEdgeID":null},{"edgeID":"1721848","fromID":"1311245","toID":"1311240","formEdgeID":null},{"edgeID":"1721849","fromID":"1311245","toID":"1311246","formEdgeID":null},{"edgeID":"1721850","fromID":"1311246","toID":"1311244","formEdgeID":null},{"edgeID":"1721851","fromID":"1311249","toID":"1311248","formEdgeID":null},{"edgeID":"1721852","fromID":"1311250","toID":"1311249","formEdgeID":null},{"edgeID":"1721853","fromID":"1311248","toID":"1311251","formEdgeID":null},{"edgeID":"1721854","fromID":"1311251","toID":"1311247","formEdgeID":null},{"edgeID":"1721855","fromID":"1311240","toID":"1311252","formEdgeID":null},{"edgeID":"1721856","fromID":"1311252","toID":"1311248","formEdgeID":null},{"edgeID":"1721857","fromID":"1311247","toID":"1311253","formEdgeID":null},{"edgeID":"1721858","fromID":"1311253","toID":"1311239","formEdgeID":null},{"edgeID":"1721859","fromID":"1311252","toID":"1311254","formEdgeID":null},{"edgeID":"1721860","fromID":"1311254","toID":"1311253","formEdgeID":null},{"edgeID":"1721861","fromID":"1311257","toID":"1311256","formEdgeID":null},{"edgeID":"1721862","fromID":"1311258","toID":"1311257","formEdgeID":null},{"edgeID":"1721863","fromID":"1311256","toID":"1311259","formEdgeID":null},{"edgeID":"1721864","fromID":"1311259","toID":"1311255","formEdgeID":null},{"edgeID":"1721865","fromID":"1311255","toID":"1311260","formEdgeID":null},{"edgeID":"1721866","fromID":"1311260","toID":"1311218","formEdgeID":null},{"edgeID":"1721867","fromID":"1311219","toID":"1311261","formEdgeID":null},{"edgeID":"1721868","fromID":"1311261","toID":"1311256","formEdgeID":null},{"edgeID":"1721869","fromID":"1311261","toID":"1311262","formEdgeID":null},{"edgeID":"1721870","fromID":"1311262","toID":"1311260","formEdgeID":null},{"edgeID":"1721871","fromID":"1311265","toID":"1311264","formEdgeID":null},{"edgeID":"1721872","fromID":"1311266","toID":"1311265","formEdgeID":null},{"edgeID":"1721873","fromID":"1311264","toID":"1311267","formEdgeID":null},{"edgeID":"1721874","fromID":"1311267","toID":"1311263","formEdgeID":null},{"edgeID":"1721875","fromID":"1311256","toID":"1311268","formEdgeID":null},{"edgeID":"1721876","fromID":"1311268","toID":"1311264","formEdgeID":null},{"edgeID":"1721877","fromID":"1311271","toID":"1311270","formEdgeID":null},{"edgeID":"1721878","fromID":"1311272","toID":"1311271","formEdgeID":null},{"edgeID":"1721879","fromID":"1311270","toID":"1311273","formEdgeID":null},{"edgeID":"1721880","fromID":"1311273","toID":"1311269","formEdgeID":null},{"edgeID":"1721881","fromID":"1311276","toID":"1311275","formEdgeID":null},{"edgeID":"1721882","fromID":"1311277","toID":"1311276","formEdgeID":null},{"edgeID":"1721883","fromID":"1311275","toID":"1311278","formEdgeID":null},{"edgeID":"1721884","fromID":"1311278","toID":"1311274","formEdgeID":null},{"edgeID":"1721885","fromID":"1311256","toID":"1311279","formEdgeID":null},{"edgeID":"1721886","fromID":"1311279","toID":"1311275","formEdgeID":null},{"edgeID":"1721887","fromID":"1311264","toID":"1311280","formEdgeID":null},{"edgeID":"1721888","fromID":"1311280","toID":"1311270","formEdgeID":null},{"edgeID":"1721889","fromID":"1311274","toID":"1311281","formEdgeID":null},{"edgeID":"1721890","fromID":"1311281","toID":"1311255","formEdgeID":null},{"edgeID":"1721891","fromID":"1311279","toID":"1311282","formEdgeID":null},{"edgeID":"1721892","fromID":"1311282","toID":"1311281","formEdgeID":null},{"edgeID":"1721893","fromID":"1311269","toID":"1311281","formEdgeID":null},{"edgeID":"1721894","fromID":"1311263","toID":"1311281","formEdgeID":null},{"edgeID":"1721895","fromID":"1311285","toID":"1311284","formEdgeID":null},{"edgeID":"1721896","fromID":"1311286","toID":"1311285","formEdgeID":null},{"edgeID":"1721897","fromID":"1311284","toID":"1311287","formEdgeID":null},{"edgeID":"1721898","fromID":"1311287","toID":"1311283","formEdgeID":null},{"edgeID":"1721899","fromID":"1311283","toID":"1311288","formEdgeID":null},{"edgeID":"1721900","fromID":"1311288","toID":"1311274","formEdgeID":null},{"edgeID":"1721901","fromID":"1311275","toID":"1311289","formEdgeID":null},{"edgeID":"1721902","fromID":"1311289","toID":"1311284","formEdgeID":null},{"edgeID":"1721903","fromID":"1311289","toID":"1311290","formEdgeID":null},{"edgeID":"1721904","fromID":"1311290","toID":"1311288","formEdgeID":null},{"edgeID":"1721905","fromID":"1311293","toID":"1311292","formEdgeID":null},{"edgeID":"1721906","fromID":"1311294","toID":"1311293","formEdgeID":null},{"edgeID":"1721907","fromID":"1311296","toID":"1311295","formEdgeID":null},{"edgeID":"1721908","fromID":"1311297","toID":"1311296","formEdgeID":null},{"edgeID":"1721909","fromID":"1311292","toID":"1311298","formEdgeID":null},{"edgeID":"1721910","fromID":"1311298","toID":"1311295","formEdgeID":null},{"edgeID":"1721911","fromID":"1311295","toID":"1311299","formEdgeID":null},{"edgeID":"1721912","fromID":"1311299","toID":"1311291","formEdgeID":null},{"edgeID":"1721913","fromID":"1311291","toID":"1311300","formEdgeID":null},{"edgeID":"1721914","fromID":"1311300","toID":"1311255","formEdgeID":null},{"edgeID":"1721915","fromID":"1311256","toID":"1311301","formEdgeID":null},{"edgeID":"1721916","fromID":"1311301","toID":"1311292","formEdgeID":null},{"edgeID":"1721917","fromID":"1311301","toID":"1311302","formEdgeID":null},{"edgeID":"1721918","fromID":"1311302","toID":"1311300","formEdgeID":null},{"edgeID":"1721919","fromID":"1311305","toID":"1311304","formEdgeID":null},{"edgeID":"1721920","fromID":"1311306","toID":"1311305","formEdgeID":null},{"edgeID":"1721921","fromID":"1311304","toID":"1311307","formEdgeID":null},{"edgeID":"1721922","fromID":"1311307","toID":"1311303","formEdgeID":null},{"edgeID":"1721923","fromID":"1311303","toID":"1311308","formEdgeID":null},{"edgeID":"1721924","fromID":"1311308","toID":"1311255","formEdgeID":null},{"edgeID":"1721925","fromID":"1311256","toID":"1311309","formEdgeID":null},{"edgeID":"1721926","fromID":"1311309","toID":"1311304","formEdgeID":null},{"edgeID":"1721927","fromID":"1311309","toID":"1311310","formEdgeID":null},{"edgeID":"1721928","fromID":"1311310","toID":"1311308","formEdgeID":null},{"edgeID":"1721929","fromID":"1311313","toID":"1311312","formEdgeID":null},{"edgeID":"1721930","fromID":"1311314","toID":"1311313","formEdgeID":null},{"edgeID":"1721931","fromID":"1311312","toID":"1311315","formEdgeID":null},{"edgeID":"1721932","fromID":"1311315","toID":"1311311","formEdgeID":null},{"edgeID":"1721933","fromID":"1311304","toID":"1311316","formEdgeID":null},{"edgeID":"1721934","fromID":"1311316","toID":"1311312","formEdgeID":null},{"edgeID":"1721935","fromID":"1311311","toID":"1311317","formEdgeID":null},{"edgeID":"1721936","fromID":"1311317","toID":"1311303","formEdgeID":null},{"edgeID":"1721937","fromID":"1311316","toID":"1311318","formEdgeID":null},{"edgeID":"1721938","fromID":"1311318","toID":"1311317","formEdgeID":null},{"edgeID":"1721939","fromID":"1311193","toID":"1311319","formEdgeID":null},{"edgeID":"1721940","fromID":"1311319","toID":"1311199","formEdgeID":null}],"locutions":[]}