{"nodes":[{"nodeID":"1313309","text":"there is a lot of criticism coming towards the government","type":"I","timestamp":"2023-11-09 13:14:10"},{"nodeID":"1313310","text":"Fiona Bruce: There is a lot of criticism coming towards the government","type":"L","timestamp":"2023-11-09 13:14:10"},{"nodeID":"1313311","text":"Analysing","type":"YA","timestamp":"2023-11-09 13:14:10"},{"nodeID":"1313312","text":"Zofia: Fiona Bruce: There is a lot of criticism coming towards the government","type":"L","timestamp":"2023-11-09 13:14:10"},{"nodeID":"1313313","text":"Asserting","type":"YA","timestamp":"2023-11-09 13:14:10"},{"nodeID":"1313314","text":"Fiona Bruce should just point out to Damian Bruce, in case he's not already aware, that more people voted Conservative in the audience than for any other single party","type":"I","timestamp":"2023-11-09 13:14:11"},{"nodeID":"1313315","text":"Fiona Bruce: I should just point out, Damian, in case you're not already aware, that more people voted Conservative in this audience than for any other single party","type":"L","timestamp":"2023-11-09 13:14:11"},{"nodeID":"1313316","text":"Analysing","type":"YA","timestamp":"2023-11-09 13:14:11"},{"nodeID":"1313317","text":"Zofia: Fiona Bruce: I should just point out, Damian, in case you're not already aware, that more people voted Conservative in this audience than for any other single party","type":"L","timestamp":"2023-11-09 13:14:11"},{"nodeID":"1313318","text":"Asserting","type":"YA","timestamp":"2023-11-09 13:14:11"},{"nodeID":"1313319","text":"Default Transition","type":"TA","timestamp":"2023-11-09 13:14:11"},{"nodeID":"1313320","text":"this of course is on the night of the local elections","type":"I","timestamp":"2023-11-09 13:14:12"},{"nodeID":"1313321","text":"Fiona Bruce: this of course is on the night of the local elections","type":"L","timestamp":"2023-11-09 13:14:12"},{"nodeID":"1313322","text":"Analysing","type":"YA","timestamp":"2023-11-09 13:14:12"},{"nodeID":"1313323","text":"Zofia: Fiona Bruce: this of course is on the night of the local elections","type":"L","timestamp":"2023-11-09 13:14:12"},{"nodeID":"1313324","text":"Asserting","type":"YA","timestamp":"2023-11-09 13:14:12"},{"nodeID":"1313325","text":"Default Transition","type":"TA","timestamp":"2023-11-09 13:14:12"},{"nodeID":"1313326","text":"Jack Thorne mentioned COVID","type":"I","timestamp":"2023-11-09 13:14:12"},{"nodeID":"1313327","text":"Fiona Bruce: You mentioned COVID","type":"L","timestamp":"2023-11-09 13:14:12"},{"nodeID":"1313328","text":"Analysing","type":"YA","timestamp":"2023-11-09 13:14:12"},{"nodeID":"1313329","text":"Zofia: Fiona Bruce: You mentioned COVID","type":"L","timestamp":"2023-11-09 13:14:12"},{"nodeID":"1313330","text":"Asserting","type":"YA","timestamp":"2023-11-09 13:14:12"},{"nodeID":"1313331","text":"Default Transition","type":"TA","timestamp":"2023-11-09 13:14:12"},{"nodeID":"1313332","text":"the government has been found to have acted unlawfully discharging patients into care homes without testing at the start of the pandemic","type":"I","timestamp":"2023-11-09 13:14:13"},{"nodeID":"1313333","text":"AudienceMember 20220512QT25: the government has been found to have acted unlawfully discharging patients into care homes without testing at the start of the pandemic","type":"L","timestamp":"2023-11-09 13:14:13"},{"nodeID":"1313334","text":"Analysing","type":"YA","timestamp":"2023-11-09 13:14:13"},{"nodeID":"1313335","text":"Zofia: AudienceMember 20220512QT25: the government has been found to have acted unlawfully discharging patients into care homes without testing at the start of the pandemic","type":"L","timestamp":"2023-11-09 13:14:13"},{"nodeID":"1313336","text":"Asserting","type":"YA","timestamp":"2023-11-09 13:14:13"},{"nodeID":"1313337","text":"Default Transition","type":"TA","timestamp":"2023-11-09 13:14:13"},{"nodeID":"1313338","text":"should or shouldn't someone in government be charged with manslaughter","type":"I","timestamp":"2023-11-09 13:14:14"},{"nodeID":"1313339","text":"AudienceMember 20220512QT25: should anyone in government be charged with manslaughter","type":"L","timestamp":"2023-11-09 13:14:14"},{"nodeID":"1313340","text":"Analysing","type":"YA","timestamp":"2023-11-09 13:14:14"},{"nodeID":"1313341","text":"Zofia: AudienceMember 20220512QT25: should anyone in government be charged with manslaughter","type":"L","timestamp":"2023-11-09 13:14:14"},{"nodeID":"1313342","text":"Pure Questioning","type":"YA","timestamp":"2023-11-09 13:14:14"},{"nodeID":"1313343","text":"Default Transition","type":"TA","timestamp":"2023-11-09 13:14:14"},{"nodeID":"1313344","text":"Default Inference","type":"RA","timestamp":"2023-11-09 13:14:14"},{"nodeID":"1313345","text":"Arguing","type":"YA","timestamp":"2023-11-09 13:14:14"},{"nodeID":"1313346","text":"Jack Thorne wrote the drama Help about COVID in care homes that we saw at the back end of last year","type":"I","timestamp":"2023-11-09 13:14:14"},{"nodeID":"1313347","text":"Fiona Bruce: you wrote the drama Help about COVID in care homes that we saw at the back end of last year","type":"L","timestamp":"2023-11-09 13:14:14"},{"nodeID":"1313348","text":"Analysing","type":"YA","timestamp":"2023-11-09 13:14:14"},{"nodeID":"1313349","text":"Zofia: Fiona Bruce: you wrote the drama Help about COVID in care homes that we saw at the back end of last year","type":"L","timestamp":"2023-11-09 13:14:14"},{"nodeID":"1313350","text":"Asserting","type":"YA","timestamp":"2023-11-09 13:14:14"},{"nodeID":"1313351","text":"Default Transition","type":"TA","timestamp":"2023-11-09 13:14:14"},{"nodeID":"1313352","text":"we spent a lot of time talking to people who were on the ground in care homes and dealing with COVID","type":"I","timestamp":"2023-11-09 13:14:15"},{"nodeID":"1313353","text":"Jack Thorne: we spent a lot of time talking to people who were on the ground who were dealing with it","type":"L","timestamp":"2023-11-09 13:14:15"},{"nodeID":"1313354","text":"Analysing","type":"YA","timestamp":"2023-11-09 13:14:15"},{"nodeID":"1313355","text":"Zofia: Jack Thorne: we spent a lot of time talking to people who were on the ground who were dealing with it","type":"L","timestamp":"2023-11-09 13:14:15"},{"nodeID":"1313356","text":"Asserting","type":"YA","timestamp":"2023-11-09 13:14:15"},{"nodeID":"1313357","text":"Default Transition","type":"TA","timestamp":"2023-11-09 13:14:15"},{"nodeID":"1313358","text":"talking to people who were on the ground in care homes and dealing with COVID was horrific","type":"I","timestamp":"2023-11-09 13:14:16"},{"nodeID":"1313359","text":"Jack Thorne: it was horrific","type":"L","timestamp":"2023-11-09 13:14:16"},{"nodeID":"1313360","text":"Analysing","type":"YA","timestamp":"2023-11-09 13:14:16"},{"nodeID":"1313361","text":"Zofia: Jack Thorne: it was horrific","type":"L","timestamp":"2023-11-09 13:14:16"},{"nodeID":"1313362","text":"Asserting","type":"YA","timestamp":"2023-11-09 13:14:16"},{"nodeID":"1313363","text":"Default Transition","type":"TA","timestamp":"2023-11-09 13:14:16"},{"nodeID":"1313364","text":"the thing that was most horrific was we were talking to people who were crying","type":"I","timestamp":"2023-11-09 13:14:16"},{"nodeID":"1313365","text":"Jack Thorne: the thing that was most horrific was we were talking to people who were crying","type":"L","timestamp":"2023-11-09 13:14:16"},{"nodeID":"1313366","text":"Analysing","type":"YA","timestamp":"2023-11-09 13:14:16"},{"nodeID":"1313367","text":"Zofia: Jack Thorne: the thing that was most horrific was we were talking to people who were crying","type":"L","timestamp":"2023-11-09 13:14:16"},{"nodeID":"1313368","text":"Asserting","type":"YA","timestamp":"2023-11-09 13:14:16"},{"nodeID":"1313369","text":"Default Transition","type":"TA","timestamp":"2023-11-09 13:14:16"},{"nodeID":"1313370","text":"talking to people who were on the ground in care homes and dealing with COVID was always done by Zoom","type":"I","timestamp":"2023-11-09 13:14:17"},{"nodeID":"1313371","text":"Jack Thorne: it was always done by Zoom","type":"L","timestamp":"2023-11-09 13:14:17"},{"nodeID":"1313372","text":"Analysing","type":"YA","timestamp":"2023-11-09 13:14:17"},{"nodeID":"1313373","text":"Zofia: Jack Thorne: it was always done by Zoom","type":"L","timestamp":"2023-11-09 13:14:17"},{"nodeID":"1313374","text":"Asserting","type":"YA","timestamp":"2023-11-09 13:14:17"},{"nodeID":"1313375","text":"Default Rephrase","type":"MA","timestamp":"2023-11-09 13:14:17"},{"nodeID":"1313376","text":"Restating","type":"YA","timestamp":"2023-11-09 13:14:17"},{"nodeID":"1313377","text":"talking to crying people is difficult when you're sitting on Zoom","type":"I","timestamp":"2023-11-09 13:14:17"},{"nodeID":"1313378","text":"Jack Thorne: that's difficult when you're sitting on","type":"L","timestamp":"2023-11-09 13:14:17"},{"nodeID":"1313379","text":"Analysing","type":"YA","timestamp":"2023-11-09 13:14:17"},{"nodeID":"1313380","text":"Zofia: Jack Thorne: that's difficult when you're sitting on","type":"L","timestamp":"2023-11-09 13:14:17"},{"nodeID":"1313381","text":"Asserting","type":"YA","timestamp":"2023-11-09 13:14:17"},{"nodeID":"1313382","text":"Default Transition","type":"TA","timestamp":"2023-11-09 13:14:17"},{"nodeID":"1313383","text":"Default Inference","type":"RA","timestamp":"2023-11-09 13:14:17"},{"nodeID":"1313384","text":"Arguing","type":"YA","timestamp":"2023-11-09 13:14:17"},{"nodeID":"1313385","text":"Default Transition","type":"TA","timestamp":"2023-11-09 13:14:17"}],"edges":[{"edgeID":"1724389","fromID":"1313311","toID":"1313310","formEdgeID":null},{"edgeID":"1724390","fromID":"1313312","toID":"1313311","formEdgeID":null},{"edgeID":"1724391","fromID":"1313310","toID":"1313313","formEdgeID":null},{"edgeID":"1724392","fromID":"1313313","toID":"1313309","formEdgeID":null},{"edgeID":"1724393","fromID":"1313316","toID":"1313315","formEdgeID":null},{"edgeID":"1724394","fromID":"1313317","toID":"1313316","formEdgeID":null},{"edgeID":"1724395","fromID":"1313315","toID":"1313318","formEdgeID":null},{"edgeID":"1724396","fromID":"1313318","toID":"1313314","formEdgeID":null},{"edgeID":"1724397","fromID":"1313310","toID":"1313319","formEdgeID":null},{"edgeID":"1724398","fromID":"1313319","toID":"1313315","formEdgeID":null},{"edgeID":"1724399","fromID":"1313322","toID":"1313321","formEdgeID":null},{"edgeID":"1724400","fromID":"1313323","toID":"1313322","formEdgeID":null},{"edgeID":"1724401","fromID":"1313321","toID":"1313324","formEdgeID":null},{"edgeID":"1724402","fromID":"1313324","toID":"1313320","formEdgeID":null},{"edgeID":"1724403","fromID":"1313315","toID":"1313325","formEdgeID":null},{"edgeID":"1724404","fromID":"1313325","toID":"1313321","formEdgeID":null},{"edgeID":"1724405","fromID":"1313328","toID":"1313327","formEdgeID":null},{"edgeID":"1724406","fromID":"1313329","toID":"1313328","formEdgeID":null},{"edgeID":"1724407","fromID":"1313327","toID":"1313330","formEdgeID":null},{"edgeID":"1724408","fromID":"1313330","toID":"1313326","formEdgeID":null},{"edgeID":"1724409","fromID":"1313321","toID":"1313331","formEdgeID":null},{"edgeID":"1724410","fromID":"1313331","toID":"1313327","formEdgeID":null},{"edgeID":"1724411","fromID":"1313334","toID":"1313333","formEdgeID":null},{"edgeID":"1724412","fromID":"1313335","toID":"1313334","formEdgeID":null},{"edgeID":"1724413","fromID":"1313333","toID":"1313336","formEdgeID":null},{"edgeID":"1724414","fromID":"1313336","toID":"1313332","formEdgeID":null},{"edgeID":"1724415","fromID":"1313327","toID":"1313337","formEdgeID":null},{"edgeID":"1724416","fromID":"1313337","toID":"1313333","formEdgeID":null},{"edgeID":"1724417","fromID":"1313340","toID":"1313339","formEdgeID":null},{"edgeID":"1724418","fromID":"1313341","toID":"1313340","formEdgeID":null},{"edgeID":"1724419","fromID":"1313339","toID":"1313342","formEdgeID":null},{"edgeID":"1724420","fromID":"1313342","toID":"1313338","formEdgeID":null},{"edgeID":"1724421","fromID":"1313333","toID":"1313343","formEdgeID":null},{"edgeID":"1724422","fromID":"1313343","toID":"1313339","formEdgeID":null},{"edgeID":"1724423","fromID":"1313332","toID":"1313344","formEdgeID":null},{"edgeID":"1724424","fromID":"1313344","toID":"1313338","formEdgeID":null},{"edgeID":"1724425","fromID":"1313343","toID":"1313345","formEdgeID":null},{"edgeID":"1724426","fromID":"1313345","toID":"1313344","formEdgeID":null},{"edgeID":"1724427","fromID":"1313348","toID":"1313347","formEdgeID":null},{"edgeID":"1724428","fromID":"1313349","toID":"1313348","formEdgeID":null},{"edgeID":"1724429","fromID":"1313347","toID":"1313350","formEdgeID":null},{"edgeID":"1724430","fromID":"1313350","toID":"1313346","formEdgeID":null},{"edgeID":"1724431","fromID":"1313339","toID":"1313351","formEdgeID":null},{"edgeID":"1724432","fromID":"1313351","toID":"1313347","formEdgeID":null},{"edgeID":"1724433","fromID":"1313354","toID":"1313353","formEdgeID":null},{"edgeID":"1724434","fromID":"1313355","toID":"1313354","formEdgeID":null},{"edgeID":"1724435","fromID":"1313353","toID":"1313356","formEdgeID":null},{"edgeID":"1724436","fromID":"1313356","toID":"1313352","formEdgeID":null},{"edgeID":"1724437","fromID":"1313347","toID":"1313357","formEdgeID":null},{"edgeID":"1724438","fromID":"1313357","toID":"1313353","formEdgeID":null},{"edgeID":"1724439","fromID":"1313360","toID":"1313359","formEdgeID":null},{"edgeID":"1724440","fromID":"1313361","toID":"1313360","formEdgeID":null},{"edgeID":"1724441","fromID":"1313359","toID":"1313362","formEdgeID":null},{"edgeID":"1724442","fromID":"1313362","toID":"1313358","formEdgeID":null},{"edgeID":"1724443","fromID":"1313353","toID":"1313363","formEdgeID":null},{"edgeID":"1724444","fromID":"1313363","toID":"1313359","formEdgeID":null},{"edgeID":"1724445","fromID":"1313366","toID":"1313365","formEdgeID":null},{"edgeID":"1724446","fromID":"1313367","toID":"1313366","formEdgeID":null},{"edgeID":"1724447","fromID":"1313365","toID":"1313368","formEdgeID":null},{"edgeID":"1724448","fromID":"1313368","toID":"1313364","formEdgeID":null},{"edgeID":"1724449","fromID":"1313359","toID":"1313369","formEdgeID":null},{"edgeID":"1724450","fromID":"1313369","toID":"1313365","formEdgeID":null},{"edgeID":"1724451","fromID":"1313372","toID":"1313371","formEdgeID":null},{"edgeID":"1724452","fromID":"1313373","toID":"1313372","formEdgeID":null},{"edgeID":"1724453","fromID":"1313371","toID":"1313374","formEdgeID":null},{"edgeID":"1724454","fromID":"1313374","toID":"1313370","formEdgeID":null},{"edgeID":"1724455","fromID":"1313364","toID":"1313375","formEdgeID":null},{"edgeID":"1724456","fromID":"1313375","toID":"1313358","formEdgeID":null},{"edgeID":"1724457","fromID":"1313369","toID":"1313376","formEdgeID":null},{"edgeID":"1724458","fromID":"1313376","toID":"1313375","formEdgeID":null},{"edgeID":"1724459","fromID":"1313379","toID":"1313378","formEdgeID":null},{"edgeID":"1724460","fromID":"1313380","toID":"1313379","formEdgeID":null},{"edgeID":"1724461","fromID":"1313378","toID":"1313381","formEdgeID":null},{"edgeID":"1724462","fromID":"1313381","toID":"1313377","formEdgeID":null},{"edgeID":"1724463","fromID":"1313365","toID":"1313382","formEdgeID":null},{"edgeID":"1724464","fromID":"1313382","toID":"1313371","formEdgeID":null},{"edgeID":"1724465","fromID":"1313370","toID":"1313383","formEdgeID":null},{"edgeID":"1724466","fromID":"1313383","toID":"1313364","formEdgeID":null},{"edgeID":"1724467","fromID":"1313377","toID":"1313383","formEdgeID":null},{"edgeID":"1724468","fromID":"1313382","toID":"1313384","formEdgeID":null},{"edgeID":"1724469","fromID":"1313384","toID":"1313383","formEdgeID":null},{"edgeID":"1724470","fromID":"1313365","toID":"1313385","formEdgeID":null},{"edgeID":"1724471","fromID":"1313385","toID":"1313378","formEdgeID":null}],"locutions":[]}