{"nodes":[{"nodeID":"1314443","text":"Jack Thorne felt he knew a lot about the topics he's been forthright on","type":"I","timestamp":"2023-11-09 13:15:48"},{"nodeID":"1314444","text":"Jack Thorne:  I felt I knew a lot about that","type":"L","timestamp":"2023-11-09 13:15:48"},{"nodeID":"1314445","text":"Analysing","type":"YA","timestamp":"2023-11-09 13:15:48"},{"nodeID":"1314446","text":"Chris: Jack Thorne:  I felt I knew a lot about that","type":"L","timestamp":"2023-11-09 13:15:48"},{"nodeID":"1314447","text":"Asserting","type":"YA","timestamp":"2023-11-09 13:15:48"},{"nodeID":"1314448","text":"the issues around parole for baby P's mother are, Jack Thorne thinks, really complicated and he genuinely doesn't know how he feels","type":"I","timestamp":"2023-11-09 13:15:49"},{"nodeID":"1314449","text":"Jack Thorne:  this is, I think, really complicated and I genuinely don't know how I feel","type":"L","timestamp":"2023-11-09 13:15:49"},{"nodeID":"1314450","text":"Analysing","type":"YA","timestamp":"2023-11-09 13:15:49"},{"nodeID":"1314451","text":"Chris: Jack Thorne:  this is, I think, really complicated and I genuinely don't know how I feel","type":"L","timestamp":"2023-11-09 13:15:49"},{"nodeID":"1314452","text":"Asserting","type":"YA","timestamp":"2023-11-09 13:15:49"},{"nodeID":"1314453","text":"Jack Thorne genuinely doesn't know how he feels","type":"I","timestamp":"2023-11-09 13:15:50"},{"nodeID":"1314454","text":"Jack Thorne:  I genuinely don't know how I feel","type":"L","timestamp":"2023-11-09 13:15:50"},{"nodeID":"1314455","text":"Analysing","type":"YA","timestamp":"2023-11-09 13:15:50"},{"nodeID":"1314456","text":"Chris: Jack Thorne:  I genuinely don't know how I feel","type":"L","timestamp":"2023-11-09 13:15:50"},{"nodeID":"1314457","text":"Asserting","type":"YA","timestamp":"2023-11-09 13:15:50"},{"nodeID":"1314458","text":"Default Transition","type":"TA","timestamp":"2023-11-09 13:15:50"},{"nodeID":"1314459","text":"Default Conflict","type":"CA","timestamp":"2023-11-09 13:15:50"},{"nodeID":"1314460","text":"Disagreeing","type":"YA","timestamp":"2023-11-09 13:15:50"},{"nodeID":"1314461","text":"Default Transition","type":"TA","timestamp":"2023-11-09 13:15:50"},{"nodeID":"1314462","text":"Default Rephrase","type":"MA","timestamp":"2023-11-09 13:15:50"},{"nodeID":"1314463","text":"Restating","type":"YA","timestamp":"2023-11-09 13:15:50"},{"nodeID":"1314464","text":"Jack Thorne is really confused by the Baby P case and the ramifications","type":"I","timestamp":"2023-11-09 13:15:50"},{"nodeID":"1314465","text":"Jack Thorne: I'm really confused by it","type":"L","timestamp":"2023-11-09 13:15:50"},{"nodeID":"1314466","text":"Analysing","type":"YA","timestamp":"2023-11-09 13:15:50"},{"nodeID":"1314467","text":"Chris: Jack Thorne: I'm really confused by it","type":"L","timestamp":"2023-11-09 13:15:50"},{"nodeID":"1314468","text":"Asserting","type":"YA","timestamp":"2023-11-09 13:15:50"},{"nodeID":"1314469","text":"Default Transition","type":"TA","timestamp":"2023-11-09 13:15:50"},{"nodeID":"1314470","text":"Default Rephrase","type":"MA","timestamp":"2023-11-09 13:15:50"},{"nodeID":"1314471","text":"Restating","type":"YA","timestamp":"2023-11-09 13:15:50"},{"nodeID":"1314472","text":"Jack Thorne worries about the politicisation of parole","type":"I","timestamp":"2023-11-09 13:15:51"},{"nodeID":"1314473","text":"Jack Thorne: I worry about the politicisation of parole","type":"L","timestamp":"2023-11-09 13:15:51"},{"nodeID":"1314474","text":"Analysing","type":"YA","timestamp":"2023-11-09 13:15:51"},{"nodeID":"1314475","text":"Chris: Jack Thorne: I worry about the politicisation of parole","type":"L","timestamp":"2023-11-09 13:15:51"},{"nodeID":"1314476","text":"Asserting","type":"YA","timestamp":"2023-11-09 13:15:51"},{"nodeID":"1314477","text":"Default Transition","type":"TA","timestamp":"2023-11-09 13:15:51"},{"nodeID":"1314478","text":"Jack Thorne worries about the politicisation of the police","type":"I","timestamp":"2023-11-09 13:15:51"},{"nodeID":"1314479","text":"Jack Thorne: I worry about the politicisation of the police","type":"L","timestamp":"2023-11-09 13:15:51"},{"nodeID":"1314480","text":"Analysing","type":"YA","timestamp":"2023-11-09 13:15:51"},{"nodeID":"1314481","text":"Chris: Jack Thorne: I worry about the politicisation of the police","type":"L","timestamp":"2023-11-09 13:15:51"},{"nodeID":"1314482","text":"Asserting","type":"YA","timestamp":"2023-11-09 13:15:51"},{"nodeID":"1314483","text":"Default Transition","type":"TA","timestamp":"2023-11-09 13:15:51"},{"nodeID":"1314484","text":"Default Rephrase","type":"MA","timestamp":"2023-11-09 13:15:51"},{"nodeID":"1314485","text":"Restating","type":"YA","timestamp":"2023-11-09 13:15:51"},{"nodeID":"1314486","text":"Default Inference","type":"RA","timestamp":"2023-11-09 13:15:51"},{"nodeID":"1314487","text":"Jack Thorne doesn't think the police commissioners have necessarily added to public life in any significant way","type":"I","timestamp":"2023-11-09 13:15:52"},{"nodeID":"1314488","text":"Jack Thorne: I don't think the police commissioners have necessarily added to public life in any significant way","type":"L","timestamp":"2023-11-09 13:15:52"},{"nodeID":"1314489","text":"Analysing","type":"YA","timestamp":"2023-11-09 13:15:52"},{"nodeID":"1314490","text":"Chris: Jack Thorne: I don't think the police commissioners have necessarily added to public life in any significant way","type":"L","timestamp":"2023-11-09 13:15:52"},{"nodeID":"1314491","text":"Asserting","type":"YA","timestamp":"2023-11-09 13:15:52"},{"nodeID":"1314492","text":"Default Transition","type":"TA","timestamp":"2023-11-09 13:15:52"},{"nodeID":"1314493","text":"Default Inference","type":"RA","timestamp":"2023-11-09 13:15:52"},{"nodeID":"1314494","text":"Arguing","type":"YA","timestamp":"2023-11-09 13:15:52"},{"nodeID":"1314495","text":"Jack Thorne probably would trust the parole board","type":"I","timestamp":"2023-11-09 13:15:53"},{"nodeID":"1314496","text":"Jack Thorne: I probably would trust the parole board","type":"L","timestamp":"2023-11-09 13:15:53"},{"nodeID":"1314497","text":"Analysing","type":"YA","timestamp":"2023-11-09 13:15:53"},{"nodeID":"1314498","text":"Chris: Jack Thorne: I probably would trust the parole board","type":"L","timestamp":"2023-11-09 13:15:53"},{"nodeID":"1314499","text":"Asserting","type":"YA","timestamp":"2023-11-09 13:15:53"},{"nodeID":"1314500","text":"Default Transition","type":"TA","timestamp":"2023-11-09 13:15:53"},{"nodeID":"1314501","text":"Default Inference","type":"RA","timestamp":"2023-11-09 13:15:53"},{"nodeID":"1314502","text":"Default Transition","type":"TA","timestamp":"2023-11-09 13:15:53"},{"nodeID":"1314503","text":"Arguing","type":"YA","timestamp":"2023-11-09 13:15:53"},{"nodeID":"1314504","text":"at the same time Tracey Connelly's crimes are so heinous that it's hard to trust a parole board that may let her walk free","type":"I","timestamp":"2023-11-09 13:15:53"},{"nodeID":"1314505","text":"Jack Thorne: at the same time her crimes are so heinous that it's hard to do so","type":"L","timestamp":"2023-11-09 13:15:53"},{"nodeID":"1314506","text":"Analysing","type":"YA","timestamp":"2023-11-09 13:15:53"},{"nodeID":"1314507","text":"Chris: Jack Thorne: at the same time her crimes are so heinous that it's hard to do so","type":"L","timestamp":"2023-11-09 13:15:53"},{"nodeID":"1314508","text":"Asserting","type":"YA","timestamp":"2023-11-09 13:15:53"},{"nodeID":"1314509","text":"Default Transition","type":"TA","timestamp":"2023-11-09 13:15:53"},{"nodeID":"1314510","text":"Default Conflict","type":"CA","timestamp":"2023-11-09 13:15:53"},{"nodeID":"1314511","text":"Disagreeing","type":"YA","timestamp":"2023-11-09 13:15:53"},{"nodeID":"1314512","text":"as much as we don't want to think that Tracey Connelly is going to get released, is it not setting the precedent for everybody else that's been jailed since that they're going to have to spend that much time in and they're not going to get a chance to be released","type":"I","timestamp":"2023-11-09 13:15:54"},{"nodeID":"1314513","text":"AudienceMember 20220512QT37: As much as we don't want to think that she's going to get released, is it not setting the precedence for everybody else that's been jailed since that they're going to have to spend that much time in and they're not going to get a chance to be released","type":"L","timestamp":"2023-11-09 13:15:54"},{"nodeID":"1314514","text":"Analysing","type":"YA","timestamp":"2023-11-09 13:15:54"},{"nodeID":"1314515","text":"Chris: AudienceMember 20220512QT37: As much as we don't want to think that she's going to get released, is it not setting the precedence for everybody else that's been jailed since that they're going to have to spend that much time in and they're not going to get a chance to be released","type":"L","timestamp":"2023-11-09 13:15:54"},{"nodeID":"1314516","text":"Assertive Questioning","type":"YA","timestamp":"2023-11-09 13:15:54"},{"nodeID":"1314517","text":"Default Transition","type":"TA","timestamp":"2023-11-09 13:15:54"},{"nodeID":"1314518","text":"or they are going to get released and we're going to go through this again","type":"I","timestamp":"2023-11-09 13:15:54"},{"nodeID":"1314519","text":"AudienceMember 20220512QT37: Or is it that they're going to get released and we're going to go through this again","type":"L","timestamp":"2023-11-09 13:15:54"},{"nodeID":"1314520","text":"Analysing","type":"YA","timestamp":"2023-11-09 13:15:54"},{"nodeID":"1314521","text":"Chris: AudienceMember 20220512QT37: Or is it that they're going to get released and we're going to go through this again","type":"L","timestamp":"2023-11-09 13:15:54"},{"nodeID":"1314522","text":"Assertive Questioning","type":"YA","timestamp":"2023-11-09 13:15:54"},{"nodeID":"1314523","text":"Default Transition","type":"TA","timestamp":"2023-11-09 13:15:54"},{"nodeID":"1314524","text":"Default Conflict","type":"CA","timestamp":"2023-11-09 13:15:54"},{"nodeID":"1314525","text":"Disagreeing","type":"YA","timestamp":"2023-11-09 13:15:54"}],"edges":[{"edgeID":"1725724","fromID":"1314445","toID":"1314444","formEdgeID":null},{"edgeID":"1725725","fromID":"1314446","toID":"1314445","formEdgeID":null},{"edgeID":"1725726","fromID":"1314444","toID":"1314447","formEdgeID":null},{"edgeID":"1725727","fromID":"1314447","toID":"1314443","formEdgeID":null},{"edgeID":"1725728","fromID":"1314450","toID":"1314449","formEdgeID":null},{"edgeID":"1725729","fromID":"1314451","toID":"1314450","formEdgeID":null},{"edgeID":"1725730","fromID":"1314449","toID":"1314452","formEdgeID":null},{"edgeID":"1725731","fromID":"1314452","toID":"1314448","formEdgeID":null},{"edgeID":"1725732","fromID":"1314455","toID":"1314454","formEdgeID":null},{"edgeID":"1725733","fromID":"1314456","toID":"1314455","formEdgeID":null},{"edgeID":"1725734","fromID":"1314454","toID":"1314457","formEdgeID":null},{"edgeID":"1725735","fromID":"1314457","toID":"1314453","formEdgeID":null},{"edgeID":"1725736","fromID":"1314444","toID":"1314458","formEdgeID":null},{"edgeID":"1725737","fromID":"1314458","toID":"1314449","formEdgeID":null},{"edgeID":"1725738","fromID":"1314448","toID":"1314459","formEdgeID":null},{"edgeID":"1725739","fromID":"1314459","toID":"1314443","formEdgeID":null},{"edgeID":"1725740","fromID":"1314458","toID":"1314460","formEdgeID":null},{"edgeID":"1725741","fromID":"1314460","toID":"1314459","formEdgeID":null},{"edgeID":"1725742","fromID":"1314449","toID":"1314461","formEdgeID":null},{"edgeID":"1725743","fromID":"1314461","toID":"1314454","formEdgeID":null},{"edgeID":"1725744","fromID":"1314453","toID":"1314462","formEdgeID":null},{"edgeID":"1725745","fromID":"1314462","toID":"1314448","formEdgeID":null},{"edgeID":"1725746","fromID":"1314461","toID":"1314463","formEdgeID":null},{"edgeID":"1725747","fromID":"1314463","toID":"1314462","formEdgeID":null},{"edgeID":"1725748","fromID":"1314466","toID":"1314465","formEdgeID":null},{"edgeID":"1725749","fromID":"1314467","toID":"1314466","formEdgeID":null},{"edgeID":"1725750","fromID":"1314465","toID":"1314468","formEdgeID":null},{"edgeID":"1725751","fromID":"1314468","toID":"1314464","formEdgeID":null},{"edgeID":"1725752","fromID":"1314454","toID":"1314469","formEdgeID":null},{"edgeID":"1725753","fromID":"1314469","toID":"1314465","formEdgeID":null},{"edgeID":"1725754","fromID":"1314464","toID":"1314470","formEdgeID":null},{"edgeID":"1725755","fromID":"1314470","toID":"1314453","formEdgeID":null},{"edgeID":"1725756","fromID":"1314469","toID":"1314471","formEdgeID":null},{"edgeID":"1725757","fromID":"1314471","toID":"1314470","formEdgeID":null},{"edgeID":"1725758","fromID":"1314474","toID":"1314473","formEdgeID":null},{"edgeID":"1725759","fromID":"1314475","toID":"1314474","formEdgeID":null},{"edgeID":"1725760","fromID":"1314473","toID":"1314476","formEdgeID":null},{"edgeID":"1725761","fromID":"1314476","toID":"1314472","formEdgeID":null},{"edgeID":"1725762","fromID":"1314465","toID":"1314477","formEdgeID":null},{"edgeID":"1725763","fromID":"1314477","toID":"1314473","formEdgeID":null},{"edgeID":"1725764","fromID":"1314480","toID":"1314479","formEdgeID":null},{"edgeID":"1725765","fromID":"1314481","toID":"1314480","formEdgeID":null},{"edgeID":"1725766","fromID":"1314479","toID":"1314482","formEdgeID":null},{"edgeID":"1725767","fromID":"1314482","toID":"1314478","formEdgeID":null},{"edgeID":"1725768","fromID":"1314473","toID":"1314483","formEdgeID":null},{"edgeID":"1725769","fromID":"1314483","toID":"1314479","formEdgeID":null},{"edgeID":"1725770","fromID":"1314478","toID":"1314484","formEdgeID":null},{"edgeID":"1725771","fromID":"1314484","toID":"1314472","formEdgeID":null},{"edgeID":"1725772","fromID":"1314483","toID":"1314485","formEdgeID":null},{"edgeID":"1725773","fromID":"1314485","toID":"1314484","formEdgeID":null},{"edgeID":"1725774","fromID":"1314472","toID":"1314486","formEdgeID":null},{"edgeID":"1725775","fromID":"1314486","toID":"1314464","formEdgeID":null},{"edgeID":"1725776","fromID":"1314489","toID":"1314488","formEdgeID":null},{"edgeID":"1725777","fromID":"1314490","toID":"1314489","formEdgeID":null},{"edgeID":"1725778","fromID":"1314488","toID":"1314491","formEdgeID":null},{"edgeID":"1725779","fromID":"1314491","toID":"1314487","formEdgeID":null},{"edgeID":"1725780","fromID":"1314479","toID":"1314492","formEdgeID":null},{"edgeID":"1725781","fromID":"1314492","toID":"1314488","formEdgeID":null},{"edgeID":"1725782","fromID":"1314487","toID":"1314493","formEdgeID":null},{"edgeID":"1725783","fromID":"1314493","toID":"1314478","formEdgeID":null},{"edgeID":"1725784","fromID":"1314492","toID":"1314494","formEdgeID":null},{"edgeID":"1725785","fromID":"1314494","toID":"1314493","formEdgeID":null},{"edgeID":"1725786","fromID":"1314497","toID":"1314496","formEdgeID":null},{"edgeID":"1725787","fromID":"1314498","toID":"1314497","formEdgeID":null},{"edgeID":"1725788","fromID":"1314496","toID":"1314499","formEdgeID":null},{"edgeID":"1725789","fromID":"1314499","toID":"1314495","formEdgeID":null},{"edgeID":"1725790","fromID":"1314488","toID":"1314500","formEdgeID":null},{"edgeID":"1725791","fromID":"1314500","toID":"1314496","formEdgeID":null},{"edgeID":"1725792","fromID":"1314495","toID":"1314501","formEdgeID":null},{"edgeID":"1725793","fromID":"1314501","toID":"1314472","formEdgeID":null},{"edgeID":"1725794","fromID":"1314473","toID":"1314502","formEdgeID":null},{"edgeID":"1725795","fromID":"1314502","toID":"1314496","formEdgeID":null},{"edgeID":"1725796","fromID":"1314502","toID":"1314503","formEdgeID":null},{"edgeID":"1725797","fromID":"1314503","toID":"1314501","formEdgeID":null},{"edgeID":"1725798","fromID":"1314506","toID":"1314505","formEdgeID":null},{"edgeID":"1725799","fromID":"1314507","toID":"1314506","formEdgeID":null},{"edgeID":"1725800","fromID":"1314505","toID":"1314508","formEdgeID":null},{"edgeID":"1725801","fromID":"1314508","toID":"1314504","formEdgeID":null},{"edgeID":"1725802","fromID":"1314496","toID":"1314509","formEdgeID":null},{"edgeID":"1725803","fromID":"1314509","toID":"1314505","formEdgeID":null},{"edgeID":"1725804","fromID":"1314504","toID":"1314510","formEdgeID":null},{"edgeID":"1725805","fromID":"1314510","toID":"1314495","formEdgeID":null},{"edgeID":"1725806","fromID":"1314509","toID":"1314511","formEdgeID":null},{"edgeID":"1725807","fromID":"1314511","toID":"1314510","formEdgeID":null},{"edgeID":"1725808","fromID":"1314495","toID":"1314486","formEdgeID":null},{"edgeID":"1725809","fromID":"1314504","toID":"1314486","formEdgeID":null},{"edgeID":"1725810","fromID":"1314514","toID":"1314513","formEdgeID":null},{"edgeID":"1725811","fromID":"1314515","toID":"1314514","formEdgeID":null},{"edgeID":"1725812","fromID":"1314513","toID":"1314516","formEdgeID":null},{"edgeID":"1725813","fromID":"1314516","toID":"1314512","formEdgeID":null},{"edgeID":"1725814","fromID":"1314505","toID":"1314517","formEdgeID":null},{"edgeID":"1725815","fromID":"1314517","toID":"1314513","formEdgeID":null},{"edgeID":"1725816","fromID":"1314520","toID":"1314519","formEdgeID":null},{"edgeID":"1725817","fromID":"1314521","toID":"1314520","formEdgeID":null},{"edgeID":"1725818","fromID":"1314519","toID":"1314522","formEdgeID":null},{"edgeID":"1725819","fromID":"1314522","toID":"1314518","formEdgeID":null},{"edgeID":"1725820","fromID":"1314513","toID":"1314523","formEdgeID":null},{"edgeID":"1725821","fromID":"1314523","toID":"1314519","formEdgeID":null},{"edgeID":"1725822","fromID":"1314518","toID":"1314524","formEdgeID":null},{"edgeID":"1725823","fromID":"1314524","toID":"1314512","formEdgeID":null},{"edgeID":"1725824","fromID":"1314523","toID":"1314525","formEdgeID":null},{"edgeID":"1725825","fromID":"1314525","toID":"1314524","formEdgeID":null}],"locutions":[]}