{"nodes":[{"nodeID":"1309872","text":"inflation's bad in this country","type":"I","timestamp":"2023-11-09 13:09:16"},{"nodeID":"1309873","text":"Damian Green:  Inflation's bad in this country","type":"L","timestamp":"2023-11-09 13:09:16"},{"nodeID":"1309874","text":"Analysing","type":"YA","timestamp":"2023-11-09 13:09:16"},{"nodeID":"1309875","text":"Steffi: Damian Green:  Inflation's bad in this country","type":"L","timestamp":"2023-11-09 13:09:16"},{"nodeID":"1309876","text":"Asserting","type":"YA","timestamp":"2023-11-09 13:09:16"},{"nodeID":"1309877","text":"inflation's bad in the EU","type":"I","timestamp":"2023-11-09 13:09:17"},{"nodeID":"1309878","text":"Damian Green: it's bad in the EU","type":"L","timestamp":"2023-11-09 13:09:17"},{"nodeID":"1309879","text":"Analysing","type":"YA","timestamp":"2023-11-09 13:09:17"},{"nodeID":"1309880","text":"Steffi: Damian Green: it's bad in the EU","type":"L","timestamp":"2023-11-09 13:09:17"},{"nodeID":"1309881","text":"Asserting","type":"YA","timestamp":"2023-11-09 13:09:17"},{"nodeID":"1309882","text":"Default Transition","type":"TA","timestamp":"2023-11-09 13:09:17"},{"nodeID":"1309883","text":"Default Rephrase","type":"MA","timestamp":"2023-11-09 13:09:17"},{"nodeID":"1309884","text":"Restating","type":"YA","timestamp":"2023-11-09 13:09:17"},{"nodeID":"1309885","text":"in the US inflation's about the same","type":"I","timestamp":"2023-11-09 13:09:18"},{"nodeID":"1309886","text":"Damian Green: in the US it's about the same","type":"L","timestamp":"2023-11-09 13:09:18"},{"nodeID":"1309887","text":"Analysing","type":"YA","timestamp":"2023-11-09 13:09:18"},{"nodeID":"1309888","text":"Steffi: Damian Green: in the US it's about the same","type":"L","timestamp":"2023-11-09 13:09:18"},{"nodeID":"1309889","text":"Asserting","type":"YA","timestamp":"2023-11-09 13:09:18"},{"nodeID":"1309890","text":"Default Transition","type":"TA","timestamp":"2023-11-09 13:09:18"},{"nodeID":"1309891","text":"the government is trying to support people as much as possible","type":"I","timestamp":"2023-11-09 13:09:18"},{"nodeID":"1309892","text":"Damian Green: the government is trying to support people as much as possible","type":"L","timestamp":"2023-11-09 13:09:18"},{"nodeID":"1309893","text":"Analysing","type":"YA","timestamp":"2023-11-09 13:09:18"},{"nodeID":"1309894","text":"Steffi: Damian Green: the government is trying to support people as much as possible","type":"L","timestamp":"2023-11-09 13:09:18"},{"nodeID":"1309895","text":"Asserting","type":"YA","timestamp":"2023-11-09 13:09:18"},{"nodeID":"1309896","text":"Default Transition","type":"TA","timestamp":"2023-11-09 13:09:18"},{"nodeID":"1309897","text":"Default Rephrase","type":"MA","timestamp":"2023-11-09 13:09:18"},{"nodeID":"1309898","text":"Restating","type":"YA","timestamp":"2023-11-09 13:09:18"},{"nodeID":"1309899","text":"the government has spent \u00a322 billion on various support measures","type":"I","timestamp":"2023-11-09 13:09:19"},{"nodeID":"1309900","text":"Damian Green: It's spent \u00a322 billion on various support measures","type":"L","timestamp":"2023-11-09 13:09:19"},{"nodeID":"1309901","text":"Analysing","type":"YA","timestamp":"2023-11-09 13:09:19"},{"nodeID":"1309902","text":"Steffi: Damian Green: It's spent \u00a322 billion on various support measures","type":"L","timestamp":"2023-11-09 13:09:19"},{"nodeID":"1309903","text":"Asserting","type":"YA","timestamp":"2023-11-09 13:09:19"},{"nodeID":"1309904","text":"Default Transition","type":"TA","timestamp":"2023-11-09 13:09:19"},{"nodeID":"1309905","text":"Default Rephrase","type":"MA","timestamp":"2023-11-09 13:09:19"},{"nodeID":"1309906","text":"Restating","type":"YA","timestamp":"2023-11-09 13:09:19"},{"nodeID":"1309907","text":"only last month the council tax rebates for those in the lower rated bands has come in with \u00a3150","type":"I","timestamp":"2023-11-09 13:09:19"},{"nodeID":"1309908","text":"Damian Green: Only last month the council tax rebates for those in the lower rated bands has come in with \u00a3150","type":"L","timestamp":"2023-11-09 13:09:19"},{"nodeID":"1309909","text":"Analysing","type":"YA","timestamp":"2023-11-09 13:09:19"},{"nodeID":"1309910","text":"Steffi: Damian Green: Only last month the council tax rebates for those in the lower rated bands has come in with \u00a3150","type":"L","timestamp":"2023-11-09 13:09:19"},{"nodeID":"1309911","text":"Asserting","type":"YA","timestamp":"2023-11-09 13:09:19"},{"nodeID":"1309912","text":"Default Rephrase","type":"MA","timestamp":"2023-11-09 13:09:19"},{"nodeID":"1309913","text":"Default Transition","type":"TA","timestamp":"2023-11-09 13:09:19"},{"nodeID":"1309914","text":"Restating","type":"YA","timestamp":"2023-11-09 13:09:19"},{"nodeID":"1309915","text":"the warm homes discount has been now extended to three million people","type":"I","timestamp":"2023-11-09 13:09:20"},{"nodeID":"1309916","text":"Damian Green: The warm homes discount has been now extended to three million people","type":"L","timestamp":"2023-11-09 13:09:20"},{"nodeID":"1309917","text":"Analysing","type":"YA","timestamp":"2023-11-09 13:09:20"},{"nodeID":"1309918","text":"Steffi: Damian Green: The warm homes discount has been now extended to three million people","type":"L","timestamp":"2023-11-09 13:09:20"},{"nodeID":"1309919","text":"Asserting","type":"YA","timestamp":"2023-11-09 13:09:20"},{"nodeID":"1309920","text":"Default Rephrase","type":"MA","timestamp":"2023-11-09 13:09:20"},{"nodeID":"1309921","text":"Default Transition","type":"TA","timestamp":"2023-11-09 13:09:20"},{"nodeID":"1309922","text":"Restating","type":"YA","timestamp":"2023-11-09 13:09:20"},{"nodeID":"1309923","text":"inflation is going to outstrip all that government's support","type":"I","timestamp":"2023-11-09 13:09:21"},{"nodeID":"1309924","text":"Fiona Bruce:  inflation is going to outstrip all that, isn't it","type":"L","timestamp":"2023-11-09 13:09:21"},{"nodeID":"1309925","text":"Analysing","type":"YA","timestamp":"2023-11-09 13:09:21"},{"nodeID":"1309926","text":"Steffi: Fiona Bruce:  inflation is going to outstrip all that, isn't it","type":"L","timestamp":"2023-11-09 13:09:21"},{"nodeID":"1309927","text":"Assertive Questioning","type":"YA","timestamp":"2023-11-09 13:09:21"},{"nodeID":"1309928","text":"Default Conflict","type":"CA","timestamp":"2023-11-09 13:09:21"},{"nodeID":"1309929","text":"Default Transition","type":"TA","timestamp":"2023-11-09 13:09:21"},{"nodeID":"1309930","text":"Disagreeing","type":"YA","timestamp":"2023-11-09 13:09:21"},{"nodeID":"1309931","text":"the national minimum wage is going to go up as well, which will help","type":"I","timestamp":"2023-11-09 13:09:21"},{"nodeID":"1309932","text":"Damian Green:  the national minimum wage is going to go up as well, which will help","type":"L","timestamp":"2023-11-09 13:09:21"},{"nodeID":"1309933","text":"Analysing","type":"YA","timestamp":"2023-11-09 13:09:21"},{"nodeID":"1309934","text":"Steffi: Damian Green:  the national minimum wage is going to go up as well, which will help","type":"L","timestamp":"2023-11-09 13:09:21"},{"nodeID":"1309935","text":"Asserting","type":"YA","timestamp":"2023-11-09 13:09:21"},{"nodeID":"1309936","text":"Default Transition","type":"TA","timestamp":"2023-11-09 13:09:21"},{"nodeID":"1309937","text":"the biggest one which will help those who really are struggling is the household support fund which has doubled from \u00a3500 million to \u00a31 billion","type":"I","timestamp":"2023-11-09 13:09:22"},{"nodeID":"1309938","text":"Damian Green: the biggest one which will help those who really are struggling is the household support fund which has doubled from \u00a3500 million to \u00a31 billion","type":"L","timestamp":"2023-11-09 13:09:22"},{"nodeID":"1309939","text":"Analysing","type":"YA","timestamp":"2023-11-09 13:09:22"},{"nodeID":"1309940","text":"Steffi: Damian Green: the biggest one which will help those who really are struggling is the household support fund which has doubled from \u00a3500 million to \u00a31 billion","type":"L","timestamp":"2023-11-09 13:09:22"},{"nodeID":"1309941","text":"Asserting","type":"YA","timestamp":"2023-11-09 13:09:22"},{"nodeID":"1309942","text":"Default Transition","type":"TA","timestamp":"2023-11-09 13:09:22"},{"nodeID":"1309943","text":"Default Conflict","type":"CA","timestamp":"2023-11-09 13:09:22"},{"nodeID":"1309944","text":"Disagreeing","type":"YA","timestamp":"2023-11-09 13:09:22"},{"nodeID":"1309945","text":"Default Inference","type":"RA","timestamp":"2023-11-09 13:09:22"},{"nodeID":"1309946","text":"Arguing","type":"YA","timestamp":"2023-11-09 13:09:22"},{"nodeID":"1309947","text":"Default Rephrase","type":"MA","timestamp":"2023-11-09 13:09:22"},{"nodeID":"1309948","text":"Restating","type":"YA","timestamp":"2023-11-09 13:09:22"}],"edges":[{"edgeID":"1720230","fromID":"1309874","toID":"1309873","formEdgeID":null},{"edgeID":"1720231","fromID":"1309875","toID":"1309874","formEdgeID":null},{"edgeID":"1720232","fromID":"1309873","toID":"1309876","formEdgeID":null},{"edgeID":"1720233","fromID":"1309876","toID":"1309872","formEdgeID":null},{"edgeID":"1720234","fromID":"1309879","toID":"1309878","formEdgeID":null},{"edgeID":"1720235","fromID":"1309880","toID":"1309879","formEdgeID":null},{"edgeID":"1720236","fromID":"1309878","toID":"1309881","formEdgeID":null},{"edgeID":"1720237","fromID":"1309881","toID":"1309877","formEdgeID":null},{"edgeID":"1720238","fromID":"1309873","toID":"1309882","formEdgeID":null},{"edgeID":"1720239","fromID":"1309882","toID":"1309878","formEdgeID":null},{"edgeID":"1720240","fromID":"1309877","toID":"1309883","formEdgeID":null},{"edgeID":"1720241","fromID":"1309883","toID":"1309872","formEdgeID":null},{"edgeID":"1720242","fromID":"1309882","toID":"1309884","formEdgeID":null},{"edgeID":"1720243","fromID":"1309884","toID":"1309883","formEdgeID":null},{"edgeID":"1720244","fromID":"1309887","toID":"1309886","formEdgeID":null},{"edgeID":"1720245","fromID":"1309888","toID":"1309887","formEdgeID":null},{"edgeID":"1720246","fromID":"1309886","toID":"1309889","formEdgeID":null},{"edgeID":"1720247","fromID":"1309889","toID":"1309885","formEdgeID":null},{"edgeID":"1720248","fromID":"1309878","toID":"1309890","formEdgeID":null},{"edgeID":"1720249","fromID":"1309890","toID":"1309886","formEdgeID":null},{"edgeID":"1720250","fromID":"1309893","toID":"1309892","formEdgeID":null},{"edgeID":"1720251","fromID":"1309894","toID":"1309893","formEdgeID":null},{"edgeID":"1720252","fromID":"1309892","toID":"1309895","formEdgeID":null},{"edgeID":"1720253","fromID":"1309895","toID":"1309891","formEdgeID":null},{"edgeID":"1720254","fromID":"1309886","toID":"1309896","formEdgeID":null},{"edgeID":"1720255","fromID":"1309896","toID":"1309892","formEdgeID":null},{"edgeID":"1720256","fromID":"1309885","toID":"1309897","formEdgeID":null},{"edgeID":"1720257","fromID":"1309897","toID":"1309877","formEdgeID":null},{"edgeID":"1720258","fromID":"1309890","toID":"1309898","formEdgeID":null},{"edgeID":"1720259","fromID":"1309898","toID":"1309897","formEdgeID":null},{"edgeID":"1720260","fromID":"1309901","toID":"1309900","formEdgeID":null},{"edgeID":"1720261","fromID":"1309902","toID":"1309901","formEdgeID":null},{"edgeID":"1720262","fromID":"1309900","toID":"1309903","formEdgeID":null},{"edgeID":"1720263","fromID":"1309903","toID":"1309899","formEdgeID":null},{"edgeID":"1720264","fromID":"1309892","toID":"1309904","formEdgeID":null},{"edgeID":"1720265","fromID":"1309904","toID":"1309900","formEdgeID":null},{"edgeID":"1720266","fromID":"1309899","toID":"1309905","formEdgeID":null},{"edgeID":"1720267","fromID":"1309905","toID":"1309891","formEdgeID":null},{"edgeID":"1720268","fromID":"1309904","toID":"1309906","formEdgeID":null},{"edgeID":"1720269","fromID":"1309906","toID":"1309905","formEdgeID":null},{"edgeID":"1720270","fromID":"1309909","toID":"1309908","formEdgeID":null},{"edgeID":"1720271","fromID":"1309910","toID":"1309909","formEdgeID":null},{"edgeID":"1720272","fromID":"1309908","toID":"1309911","formEdgeID":null},{"edgeID":"1720273","fromID":"1309911","toID":"1309907","formEdgeID":null},{"edgeID":"1720274","fromID":"1309907","toID":"1309912","formEdgeID":null},{"edgeID":"1720275","fromID":"1309912","toID":"1309891","formEdgeID":null},{"edgeID":"1720276","fromID":"1309892","toID":"1309913","formEdgeID":null},{"edgeID":"1720277","fromID":"1309913","toID":"1309908","formEdgeID":null},{"edgeID":"1720278","fromID":"1309913","toID":"1309914","formEdgeID":null},{"edgeID":"1720279","fromID":"1309914","toID":"1309912","formEdgeID":null},{"edgeID":"1720280","fromID":"1309917","toID":"1309916","formEdgeID":null},{"edgeID":"1720281","fromID":"1309918","toID":"1309917","formEdgeID":null},{"edgeID":"1720282","fromID":"1309916","toID":"1309919","formEdgeID":null},{"edgeID":"1720283","fromID":"1309919","toID":"1309915","formEdgeID":null},{"edgeID":"1720284","fromID":"1309915","toID":"1309920","formEdgeID":null},{"edgeID":"1720285","fromID":"1309920","toID":"1309891","formEdgeID":null},{"edgeID":"1720286","fromID":"1309892","toID":"1309921","formEdgeID":null},{"edgeID":"1720287","fromID":"1309921","toID":"1309916","formEdgeID":null},{"edgeID":"1720288","fromID":"1309921","toID":"1309922","formEdgeID":null},{"edgeID":"1720289","fromID":"1309922","toID":"1309920","formEdgeID":null},{"edgeID":"1720290","fromID":"1309925","toID":"1309924","formEdgeID":null},{"edgeID":"1720291","fromID":"1309926","toID":"1309925","formEdgeID":null},{"edgeID":"1720292","fromID":"1309924","toID":"1309927","formEdgeID":null},{"edgeID":"1720293","fromID":"1309927","toID":"1309923","formEdgeID":null},{"edgeID":"1720294","fromID":"1309923","toID":"1309928","formEdgeID":null},{"edgeID":"1720295","fromID":"1309928","toID":"1309891","formEdgeID":null},{"edgeID":"1720296","fromID":"1309892","toID":"1309929","formEdgeID":null},{"edgeID":"1720297","fromID":"1309929","toID":"1309924","formEdgeID":null},{"edgeID":"1720298","fromID":"1309929","toID":"1309930","formEdgeID":null},{"edgeID":"1720299","fromID":"1309930","toID":"1309928","formEdgeID":null},{"edgeID":"1720300","fromID":"1309933","toID":"1309932","formEdgeID":null},{"edgeID":"1720301","fromID":"1309934","toID":"1309933","formEdgeID":null},{"edgeID":"1720302","fromID":"1309932","toID":"1309935","formEdgeID":null},{"edgeID":"1720303","fromID":"1309935","toID":"1309931","formEdgeID":null},{"edgeID":"1720304","fromID":"1309924","toID":"1309936","formEdgeID":null},{"edgeID":"1720305","fromID":"1309936","toID":"1309932","formEdgeID":null},{"edgeID":"1720306","fromID":"1309939","toID":"1309938","formEdgeID":null},{"edgeID":"1720307","fromID":"1309940","toID":"1309939","formEdgeID":null},{"edgeID":"1720308","fromID":"1309938","toID":"1309941","formEdgeID":null},{"edgeID":"1720309","fromID":"1309941","toID":"1309937","formEdgeID":null},{"edgeID":"1720310","fromID":"1309932","toID":"1309942","formEdgeID":null},{"edgeID":"1720311","fromID":"1309942","toID":"1309938","formEdgeID":null},{"edgeID":"1720312","fromID":"1309931","toID":"1309943","formEdgeID":null},{"edgeID":"1720313","fromID":"1309943","toID":"1309923","formEdgeID":null},{"edgeID":"1720314","fromID":"1309936","toID":"1309944","formEdgeID":null},{"edgeID":"1720315","fromID":"1309944","toID":"1309943","formEdgeID":null},{"edgeID":"1720316","fromID":"1309885","toID":"1309945","formEdgeID":null},{"edgeID":"1720317","fromID":"1309945","toID":"1309891","formEdgeID":null},{"edgeID":"1720318","fromID":"1309896","toID":"1309946","formEdgeID":null},{"edgeID":"1720319","fromID":"1309946","toID":"1309945","formEdgeID":null},{"edgeID":"1720320","fromID":"1309937","toID":"1309947","formEdgeID":null},{"edgeID":"1720321","fromID":"1309947","toID":"1309931","formEdgeID":null},{"edgeID":"1720322","fromID":"1309942","toID":"1309948","formEdgeID":null},{"edgeID":"1720323","fromID":"1309948","toID":"1309947","formEdgeID":null}],"locutions":[]}