{"nodes":[{"nodeID":"1315240","text":"the parole board are deciding that this is the time to try Baby P's mother again in the community","type":"I","timestamp":"2023-11-09 13:16:51"},{"nodeID":"1315241","text":"AudienceMember 20220512QT35: the parole board are deciding that this is the time to try her again in the community","type":"L","timestamp":"2023-11-09 13:16:51"},{"nodeID":"1315242","text":"Zlata: AudienceMember 20220512QT35: the parole board are deciding that this is the time to try her again in the community","type":"L","timestamp":"2023-11-09 13:16:51"},{"nodeID":"1315243","text":"AudienceMember 20220505QT35 doesn't know whether trying Baby P's mother again in the community is the right or wrong decision","type":"I","timestamp":"2023-11-09 13:16:52"},{"nodeID":"1315244","text":"AudienceMember 20220512QT35: I don't know whether that's the right or wrong decision","type":"L","timestamp":"2023-11-09 13:16:52"},{"nodeID":"1315245","text":"Zlata: AudienceMember 20220512QT35: I don't know whether that's the right or wrong decision","type":"L","timestamp":"2023-11-09 13:16:52"},{"nodeID":"1315246","text":"the parole board members have been appointed","type":"I","timestamp":"2023-11-09 13:16:52"},{"nodeID":"1315247","text":"AudienceMember 20220512QT35: they have been appointed","type":"L","timestamp":"2023-11-09 13:16:52"},{"nodeID":"1315248","text":"Zlata: AudienceMember 20220512QT35: they have been appointed","type":"L","timestamp":"2023-11-09 13:16:52"},{"nodeID":"1315249","text":"the parole board members were able to demonstrate that they had skills and knowledge in their area","type":"I","timestamp":"2023-11-09 13:16:53"},{"nodeID":"1315250","text":"AudienceMember 20220512QT35: they were able to demonstrate that they had skills and knowledge in their area","type":"L","timestamp":"2023-11-09 13:16:53"},{"nodeID":"1315251","text":"Zlata: AudienceMember 20220512QT35: they were able to demonstrate that they had skills and knowledge in their area","type":"L","timestamp":"2023-11-09 13:16:53"},{"nodeID":"1315252","text":"we don't want Dominic Raab to make the decision about whether this is the time to try Baby P's mother again in the community","type":"I","timestamp":"2023-11-09 13:16:54"},{"nodeID":"1315253","text":"AudienceMember 20220512QT35: Do we really want Dominic Raab to make the decision","type":"L","timestamp":"2023-11-09 13:16:54"},{"nodeID":"1315254","text":"Zlata: AudienceMember 20220512QT35: Do we really want Dominic Raab to make the decision","type":"L","timestamp":"2023-11-09 13:16:54"},{"nodeID":"1315255","text":"MPs are not in their role long enough to actually influence the area they're chosen in","type":"I","timestamp":"2023-11-09 13:16:54"},{"nodeID":"1315256","text":"Dominic Raab going to be in charge of the justice sector for a short period of time","type":"I","timestamp":"2023-11-09 13:16:55"},{"nodeID":"1315257","text":"Dominic Raab going to be in charge of the justice sector for a few months","type":"I","timestamp":"2023-11-09 13:16:55"},{"nodeID":"1315258","text":"Dominic Raab is going to be in charge of the justice sector for a year","type":"I","timestamp":"2023-11-09 13:16:56"},{"nodeID":"1315259","text":"MPs don't spend enough time in their roles to influence the sector they are chosen in","type":"I","timestamp":"2023-11-09 13:16:57"},{"nodeID":"1315260","text":"Baby P's mother should or shouldn't ever be released from prison","type":"I","timestamp":"2023-11-09 13:16:57"},{"nodeID":"1315261","text":"Fiona Bruce: should Baby P's mother ever be released from prison","type":"L","timestamp":"2023-11-09 13:16:57"},{"nodeID":"1315262","text":"Zlata: Fiona Bruce: should Baby P's mother ever be released from prison","type":"L","timestamp":"2023-11-09 13:16:57"},{"nodeID":"1315263","text":"whether Baby P's mother should or shouldn't ever be released from prison is a really hard question","type":"I","timestamp":"2023-11-09 13:16:58"},{"nodeID":"1315264","text":"Jack Thorne: It's a really hard question","type":"L","timestamp":"2023-11-09 13:16:58"},{"nodeID":"1315265","text":"Zlata: Jack Thorne: It's a really hard question","type":"L","timestamp":"2023-11-09 13:16:58"},{"nodeID":"1315266","text":"a 43 year old screenwriter isn't the person to judge whether Baby P's mother should or shouldn't ever be released from prison","type":"I","timestamp":"2023-11-09 13:16:59"},{"nodeID":"1315267","text":"Jack Thorne: a 43 year old screenwriter is possibly the person to judge it","type":"L","timestamp":"2023-11-09 13:16:59"},{"nodeID":"1315268","text":"Zlata: Jack Thorne: a 43 year old screenwriter is possibly the person to judge it","type":"L","timestamp":"2023-11-09 13:16:59"},{"nodeID":"1315269","text":"Analysing","type":"YA","timestamp":"2023-11-09 13:16:59"},{"nodeID":"1315270","text":"Asserting","type":"YA","timestamp":"2023-11-09 13:16:59"},{"nodeID":"1315271","text":"Analysing","type":"YA","timestamp":"2023-11-09 13:16:59"},{"nodeID":"1315272","text":"Asserting","type":"YA","timestamp":"2023-11-09 13:16:59"},{"nodeID":"1315273","text":"Default Transition","type":"TA","timestamp":"2023-11-09 13:16:59"},{"nodeID":"1315274","text":"Default Rephrase","type":"MA","timestamp":"2023-11-09 13:16:59"},{"nodeID":"1315275","text":"Restating","type":"YA","timestamp":"2023-11-09 13:16:59"},{"nodeID":"1315276","text":"Analysing","type":"YA","timestamp":"2023-11-09 13:16:59"},{"nodeID":"1315277","text":"Asserting","type":"YA","timestamp":"2023-11-09 13:16:59"},{"nodeID":"1315278","text":"Analysing","type":"YA","timestamp":"2023-11-09 13:16:59"},{"nodeID":"1315279","text":"Asserting","type":"YA","timestamp":"2023-11-09 13:16:59"},{"nodeID":"1315280","text":"Default Transition","type":"TA","timestamp":"2023-11-09 13:16:59"},{"nodeID":"1315281","text":"Default Inference","type":"RA","timestamp":"2023-11-09 13:16:59"},{"nodeID":"1315282","text":"Arguing","type":"YA","timestamp":"2023-11-09 13:16:59"},{"nodeID":"1315283","text":"Analysing","type":"YA","timestamp":"2023-11-09 13:16:59"},{"nodeID":"1315284","text":"Rhetorical Questioning","type":"YA","timestamp":"2023-11-09 13:16:59"},{"nodeID":"1315285","text":"Default Transition","type":"TA","timestamp":"2023-11-09 13:16:59"},{"nodeID":"1315286","text":"Default Inference","type":"RA","timestamp":"2023-11-09 13:16:59"},{"nodeID":"1315287","text":"Arguing","type":"YA","timestamp":"2023-11-09 13:16:59"},{"nodeID":"1315288","text":"AudienceMember 20220512QT36: MPs are in their role long enough to actually influence their area they're chosen in","type":"L","timestamp":"2023-11-09 13:16:59"},{"nodeID":"1315289","text":"Analysing","type":"YA","timestamp":"2023-11-09 13:16:59"},{"nodeID":"1315290","text":"Zlata: AudienceMember 20220512QT36: MPs are in their role long enough to actually influence their area they're chosen in","type":"L","timestamp":"2023-11-09 13:16:59"},{"nodeID":"1315291","text":"Asserting","type":"YA","timestamp":"2023-11-09 13:16:59"},{"nodeID":"1315292","text":"Default Transition","type":"TA","timestamp":"2023-11-09 13:16:59"},{"nodeID":"1315293","text":"AudienceMember 20220512QT36: how long is Dominic Raab going to be in charge of this sector","type":"L","timestamp":"2023-11-09 13:16:59"},{"nodeID":"1315294","text":"Analysing","type":"YA","timestamp":"2023-11-09 13:16:59"},{"nodeID":"1315295","text":"Zlata: AudienceMember 20220512QT36: how long is Dominic Raab going to be in charge of this sector","type":"L","timestamp":"2023-11-09 13:16:59"},{"nodeID":"1315296","text":"Rhetorical Questioning","type":"YA","timestamp":"2023-11-09 13:16:59"},{"nodeID":"1315297","text":"AudienceMember 20220512QT36: A few months","type":"L","timestamp":"2023-11-09 13:16:59"},{"nodeID":"1315298","text":"Analysing","type":"YA","timestamp":"2023-11-09 13:16:59"},{"nodeID":"1315299","text":"Zlata: AudienceMember 20220512QT36: A few months","type":"L","timestamp":"2023-11-09 13:16:59"},{"nodeID":"1315300","text":"Rhetorical Questioning","type":"YA","timestamp":"2023-11-09 13:16:59"},{"nodeID":"1315301","text":"AudienceMember 20220512QT36: A year","type":"L","timestamp":"2023-11-09 13:16:59"},{"nodeID":"1315302","text":"Analysing","type":"YA","timestamp":"2023-11-09 13:16:59"},{"nodeID":"1315303","text":"Zlata: AudienceMember 20220512QT36: A year","type":"L","timestamp":"2023-11-09 13:16:59"},{"nodeID":"1315304","text":"Rhetorical Questioning","type":"YA","timestamp":"2023-11-09 13:16:59"},{"nodeID":"1315305","text":"Default Transition","type":"TA","timestamp":"2023-11-09 13:16:59"},{"nodeID":"1315306","text":"Default Transition","type":"TA","timestamp":"2023-11-09 13:16:59"},{"nodeID":"1315307","text":"Default Rephrase","type":"MA","timestamp":"2023-11-09 13:16:59"},{"nodeID":"1315308","text":"Default Rephrase","type":"MA","timestamp":"2023-11-09 13:16:59"},{"nodeID":"1315309","text":"Restating","type":"YA","timestamp":"2023-11-09 13:16:59"},{"nodeID":"1315310","text":"Restating","type":"YA","timestamp":"2023-11-09 13:16:59"},{"nodeID":"1315311","text":"AudienceMember 20220512QT36: They don't spend enough time in their roles to influence it","type":"L","timestamp":"2023-11-09 13:16:59"},{"nodeID":"1315312","text":"Analysing","type":"YA","timestamp":"2023-11-09 13:16:59"},{"nodeID":"1315313","text":"Zlata: AudienceMember 20220512QT36: They don't spend enough time in their roles to influence it","type":"L","timestamp":"2023-11-09 13:16:59"},{"nodeID":"1315314","text":"Asserting","type":"YA","timestamp":"2023-11-09 13:16:59"},{"nodeID":"1315315","text":"Default Transition","type":"TA","timestamp":"2023-11-09 13:16:59"},{"nodeID":"1315316","text":"Default Rephrase","type":"MA","timestamp":"2023-11-09 13:16:59"},{"nodeID":"1315317","text":"Restating","type":"YA","timestamp":"2023-11-09 13:16:59"},{"nodeID":"1315318","text":"Default Transition","type":"TA","timestamp":"2023-11-09 13:16:59"},{"nodeID":"1315319","text":"Default Rephrase","type":"MA","timestamp":"2023-11-09 13:16:59"},{"nodeID":"1315320","text":"Restating","type":"YA","timestamp":"2023-11-09 13:16:59"},{"nodeID":"1315321","text":"Analysing","type":"YA","timestamp":"2023-11-09 13:16:59"},{"nodeID":"1315322","text":"Pure Questioning","type":"YA","timestamp":"2023-11-09 13:16:59"},{"nodeID":"1315323","text":"Default Transition","type":"TA","timestamp":"2023-11-09 13:16:59"},{"nodeID":"1315324","text":"Default Transition","type":"TA","timestamp":"2023-11-09 13:16:59"},{"nodeID":"1315325","text":"Analysing","type":"YA","timestamp":"2023-11-09 13:16:59"},{"nodeID":"1315326","text":"Asserting","type":"YA","timestamp":"2023-11-09 13:16:59"},{"nodeID":"1315327","text":"Default Transition","type":"TA","timestamp":"2023-11-09 13:16:59"},{"nodeID":"1315328","text":"Default Rephrase","type":"MA","timestamp":"2023-11-09 13:16:59"},{"nodeID":"1315329","text":"Restating","type":"YA","timestamp":"2023-11-09 13:16:59"},{"nodeID":"1315330","text":"Analysing","type":"YA","timestamp":"2023-11-09 13:16:59"},{"nodeID":"1315331","text":"Asserting","type":"YA","timestamp":"2023-11-09 13:16:59"},{"nodeID":"1315332","text":"Default Transition","type":"TA","timestamp":"2023-11-09 13:16:59"},{"nodeID":"1315333","text":"Default Inference","type":"RA","timestamp":"2023-11-09 13:16:59"},{"nodeID":"1315334","text":"Arguing","type":"YA","timestamp":"2023-11-09 13:16:59"}],"edges":[{"edgeID":"1726664","fromID":"1315269","toID":"1315241","formEdgeID":null},{"edgeID":"1726665","fromID":"1315242","toID":"1315269","formEdgeID":null},{"edgeID":"1726666","fromID":"1315241","toID":"1315270","formEdgeID":null},{"edgeID":"1726667","fromID":"1315270","toID":"1315240","formEdgeID":null},{"edgeID":"1726668","fromID":"1315271","toID":"1315244","formEdgeID":null},{"edgeID":"1726669","fromID":"1315245","toID":"1315271","formEdgeID":null},{"edgeID":"1726670","fromID":"1315244","toID":"1315272","formEdgeID":null},{"edgeID":"1726671","fromID":"1315272","toID":"1315243","formEdgeID":null},{"edgeID":"1726672","fromID":"1315241","toID":"1315273","formEdgeID":null},{"edgeID":"1726673","fromID":"1315273","toID":"1315244","formEdgeID":null},{"edgeID":"1726674","fromID":"1315243","toID":"1315274","formEdgeID":null},{"edgeID":"1726675","fromID":"1315274","toID":"1315240","formEdgeID":null},{"edgeID":"1726676","fromID":"1315273","toID":"1315275","formEdgeID":null},{"edgeID":"1726677","fromID":"1315275","toID":"1315274","formEdgeID":null},{"edgeID":"1726678","fromID":"1315276","toID":"1315247","formEdgeID":null},{"edgeID":"1726679","fromID":"1315248","toID":"1315276","formEdgeID":null},{"edgeID":"1726680","fromID":"1315247","toID":"1315277","formEdgeID":null},{"edgeID":"1726681","fromID":"1315277","toID":"1315246","formEdgeID":null},{"edgeID":"1726682","fromID":"1315278","toID":"1315250","formEdgeID":null},{"edgeID":"1726683","fromID":"1315251","toID":"1315278","formEdgeID":null},{"edgeID":"1726684","fromID":"1315250","toID":"1315279","formEdgeID":null},{"edgeID":"1726685","fromID":"1315279","toID":"1315249","formEdgeID":null},{"edgeID":"1726686","fromID":"1315247","toID":"1315280","formEdgeID":null},{"edgeID":"1726687","fromID":"1315280","toID":"1315250","formEdgeID":null},{"edgeID":"1726688","fromID":"1315249","toID":"1315281","formEdgeID":null},{"edgeID":"1726689","fromID":"1315281","toID":"1315246","formEdgeID":null},{"edgeID":"1726690","fromID":"1315280","toID":"1315282","formEdgeID":null},{"edgeID":"1726691","fromID":"1315282","toID":"1315281","formEdgeID":null},{"edgeID":"1726692","fromID":"1315283","toID":"1315253","formEdgeID":null},{"edgeID":"1726693","fromID":"1315254","toID":"1315283","formEdgeID":null},{"edgeID":"1726694","fromID":"1315253","toID":"1315284","formEdgeID":null},{"edgeID":"1726695","fromID":"1315284","toID":"1315252","formEdgeID":null},{"edgeID":"1726696","fromID":"1315250","toID":"1315285","formEdgeID":null},{"edgeID":"1726697","fromID":"1315285","toID":"1315253","formEdgeID":null},{"edgeID":"1726698","fromID":"1315249","toID":"1315286","formEdgeID":null},{"edgeID":"1726699","fromID":"1315286","toID":"1315252","formEdgeID":null},{"edgeID":"1726700","fromID":"1315285","toID":"1315287","formEdgeID":null},{"edgeID":"1726701","fromID":"1315287","toID":"1315286","formEdgeID":null},{"edgeID":"1726702","fromID":"1315289","toID":"1315288","formEdgeID":null},{"edgeID":"1726703","fromID":"1315290","toID":"1315289","formEdgeID":null},{"edgeID":"1726704","fromID":"1315288","toID":"1315291","formEdgeID":null},{"edgeID":"1726705","fromID":"1315291","toID":"1315255","formEdgeID":null},{"edgeID":"1726706","fromID":"1315253","toID":"1315292","formEdgeID":null},{"edgeID":"1726707","fromID":"1315292","toID":"1315288","formEdgeID":null},{"edgeID":"1726708","fromID":"1315294","toID":"1315293","formEdgeID":null},{"edgeID":"1726709","fromID":"1315295","toID":"1315294","formEdgeID":null},{"edgeID":"1726710","fromID":"1315293","toID":"1315296","formEdgeID":null},{"edgeID":"1726711","fromID":"1315296","toID":"1315256","formEdgeID":null},{"edgeID":"1726712","fromID":"1315298","toID":"1315297","formEdgeID":null},{"edgeID":"1726713","fromID":"1315299","toID":"1315298","formEdgeID":null},{"edgeID":"1726714","fromID":"1315297","toID":"1315300","formEdgeID":null},{"edgeID":"1726715","fromID":"1315300","toID":"1315257","formEdgeID":null},{"edgeID":"1726716","fromID":"1315302","toID":"1315301","formEdgeID":null},{"edgeID":"1726717","fromID":"1315303","toID":"1315302","formEdgeID":null},{"edgeID":"1726718","fromID":"1315301","toID":"1315304","formEdgeID":null},{"edgeID":"1726719","fromID":"1315304","toID":"1315258","formEdgeID":null},{"edgeID":"1726720","fromID":"1315293","toID":"1315305","formEdgeID":null},{"edgeID":"1726721","fromID":"1315305","toID":"1315297","formEdgeID":null},{"edgeID":"1726722","fromID":"1315293","toID":"1315306","formEdgeID":null},{"edgeID":"1726723","fromID":"1315306","toID":"1315301","formEdgeID":null},{"edgeID":"1726724","fromID":"1315258","toID":"1315307","formEdgeID":null},{"edgeID":"1726725","fromID":"1315307","toID":"1315256","formEdgeID":null},{"edgeID":"1726726","fromID":"1315258","toID":"1315308","formEdgeID":null},{"edgeID":"1726727","fromID":"1315308","toID":"1315257","formEdgeID":null},{"edgeID":"1726728","fromID":"1315305","toID":"1315309","formEdgeID":null},{"edgeID":"1726729","fromID":"1315309","toID":"1315307","formEdgeID":null},{"edgeID":"1726730","fromID":"1315306","toID":"1315310","formEdgeID":null},{"edgeID":"1726731","fromID":"1315310","toID":"1315308","formEdgeID":null},{"edgeID":"1726732","fromID":"1315312","toID":"1315311","formEdgeID":null},{"edgeID":"1726733","fromID":"1315313","toID":"1315312","formEdgeID":null},{"edgeID":"1726734","fromID":"1315311","toID":"1315314","formEdgeID":null},{"edgeID":"1726735","fromID":"1315314","toID":"1315259","formEdgeID":null},{"edgeID":"1726736","fromID":"1315288","toID":"1315315","formEdgeID":null},{"edgeID":"1726737","fromID":"1315315","toID":"1315311","formEdgeID":null},{"edgeID":"1726738","fromID":"1315259","toID":"1315316","formEdgeID":null},{"edgeID":"1726739","fromID":"1315316","toID":"1315255","formEdgeID":null},{"edgeID":"1726740","fromID":"1315315","toID":"1315317","formEdgeID":null},{"edgeID":"1726741","fromID":"1315317","toID":"1315316","formEdgeID":null},{"edgeID":"1726742","fromID":"1315288","toID":"1315318","formEdgeID":null},{"edgeID":"1726743","fromID":"1315318","toID":"1315293","formEdgeID":null},{"edgeID":"1726744","fromID":"1315256","toID":"1315319","formEdgeID":null},{"edgeID":"1726745","fromID":"1315319","toID":"1315255","formEdgeID":null},{"edgeID":"1726746","fromID":"1315318","toID":"1315320","formEdgeID":null},{"edgeID":"1726747","fromID":"1315320","toID":"1315319","formEdgeID":null},{"edgeID":"1726748","fromID":"1315321","toID":"1315261","formEdgeID":null},{"edgeID":"1726749","fromID":"1315262","toID":"1315321","formEdgeID":null},{"edgeID":"1726750","fromID":"1315261","toID":"1315322","formEdgeID":null},{"edgeID":"1726751","fromID":"1315322","toID":"1315260","formEdgeID":null},{"edgeID":"1726752","fromID":"1315311","toID":"1315323","formEdgeID":null},{"edgeID":"1726753","fromID":"1315323","toID":"1315261","formEdgeID":null},{"edgeID":"1726754","fromID":"1315244","toID":"1315324","formEdgeID":null},{"edgeID":"1726755","fromID":"1315324","toID":"1315247","formEdgeID":null},{"edgeID":"1726756","fromID":"1315325","toID":"1315264","formEdgeID":null},{"edgeID":"1726757","fromID":"1315265","toID":"1315325","formEdgeID":null},{"edgeID":"1726758","fromID":"1315264","toID":"1315326","formEdgeID":null},{"edgeID":"1726759","fromID":"1315326","toID":"1315263","formEdgeID":null},{"edgeID":"1726760","fromID":"1315261","toID":"1315327","formEdgeID":null},{"edgeID":"1726761","fromID":"1315327","toID":"1315264","formEdgeID":null},{"edgeID":"1726762","fromID":"1315263","toID":"1315328","formEdgeID":null},{"edgeID":"1726763","fromID":"1315328","toID":"1315260","formEdgeID":null},{"edgeID":"1726764","fromID":"1315327","toID":"1315329","formEdgeID":null},{"edgeID":"1726765","fromID":"1315329","toID":"1315328","formEdgeID":null},{"edgeID":"1726766","fromID":"1315330","toID":"1315267","formEdgeID":null},{"edgeID":"1726767","fromID":"1315268","toID":"1315330","formEdgeID":null},{"edgeID":"1726768","fromID":"1315267","toID":"1315331","formEdgeID":null},{"edgeID":"1726769","fromID":"1315331","toID":"1315266","formEdgeID":null},{"edgeID":"1726770","fromID":"1315264","toID":"1315332","formEdgeID":null},{"edgeID":"1726771","fromID":"1315332","toID":"1315267","formEdgeID":null},{"edgeID":"1726772","fromID":"1315263","toID":"1315333","formEdgeID":null},{"edgeID":"1726773","fromID":"1315333","toID":"1315266","formEdgeID":null},{"edgeID":"1726774","fromID":"1315332","toID":"1315334","formEdgeID":null},{"edgeID":"1726775","fromID":"1315334","toID":"1315333","formEdgeID":null}],"locutions":[]}