{"nodes":[{"nodeID":"1311320","text":"Charlotte Ivers wouldn't use the words patronising, clueless, or inhumane to describe Westminster","type":"I","timestamp":"2023-11-09 13:11:18"},{"nodeID":"1311321","text":"Charlotte Ivers: I wouldn't use any of those words","type":"L","timestamp":"2023-11-09 13:11:18"},{"nodeID":"1311322","text":"Analysing","type":"YA","timestamp":"2023-11-09 13:11:18"},{"nodeID":"1311323","text":"Clara: Charlotte Ivers: I wouldn't use any of those words","type":"L","timestamp":"2023-11-09 13:11:18"},{"nodeID":"1311324","text":"Asserting","type":"YA","timestamp":"2023-11-09 13:11:18"},{"nodeID":"1311325","text":"Westminster is insulated","type":"I","timestamp":"2023-11-09 13:11:19"},{"nodeID":"1311326","text":"Charlotte Ivers: I would say insulated","type":"L","timestamp":"2023-11-09 13:11:19"},{"nodeID":"1311327","text":"Analysing","type":"YA","timestamp":"2023-11-09 13:11:19"},{"nodeID":"1311328","text":"Clara: Charlotte Ivers: I would say insulated","type":"L","timestamp":"2023-11-09 13:11:19"},{"nodeID":"1311329","text":"Asserting","type":"YA","timestamp":"2023-11-09 13:11:19"},{"nodeID":"1311330","text":"Default Transition","type":"TA","timestamp":"2023-11-09 13:11:19"},{"nodeID":"1311331","text":"Westminster is or is not patronising, clueless or inhumane","type":"I","timestamp":"2023-11-09 13:11:19"},{"nodeID":"1311332","text":"Fiona Bruce: Patronising, clueless or inhumane I think were your words","type":"L","timestamp":"2023-11-09 13:11:19"},{"nodeID":"1311333","text":"Analysing","type":"YA","timestamp":"2023-11-09 13:11:19"},{"nodeID":"1311334","text":"Clara: Fiona Bruce: Patronising, clueless or inhumane I think were your words","type":"L","timestamp":"2023-11-09 13:11:19"},{"nodeID":"1311335","text":"AudienceMember 20220505QT01: Westminster is or is not patronising, clueless or inhumane","type":"L","timestamp":"2023-11-09 13:11:19"},{"nodeID":"1311336","text":"Analysing","type":"YA","timestamp":"2023-11-09 13:11:19"},{"nodeID":"1311337","text":"Clara: Charlotte Ivers: Patronising, clueless or inhumane I think were your words","type":"L","timestamp":"2023-11-09 13:11:19"},{"nodeID":"1311338","text":"Pure Questioning","type":"YA","timestamp":"2023-11-09 13:11:19"},{"nodeID":"1311339","text":"Default Transition","type":"TA","timestamp":"2023-11-09 13:11:19"},{"nodeID":"1311340","text":"Asserting","type":"YA","timestamp":"2023-11-09 13:11:19"},{"nodeID":"1311341","text":"Westminster is xxx","type":"I","timestamp":"2023-11-09 13:11:20"},{"nodeID":"1311342","text":"Charlotte Ivers: the question of whether Westminster is","type":"L","timestamp":"2023-11-09 13:11:20"},{"nodeID":"1311343","text":"Analysing","type":"YA","timestamp":"2023-11-09 13:11:20"},{"nodeID":"1311344","text":"Clara: Charlotte Ivers: the question of whether Westminster is","type":"L","timestamp":"2023-11-09 13:11:20"},{"nodeID":"1311345","text":"Pure Questioning","type":"YA","timestamp":"2023-11-09 13:11:20"},{"nodeID":"1311346","text":"Default Transition","type":"TA","timestamp":"2023-11-09 13:11:20"},{"nodeID":"1311347","text":"Default Rephrase","type":"MA","timestamp":"2023-11-09 13:11:20"},{"nodeID":"1311348","text":"Restating","type":"YA","timestamp":"2023-11-09 13:11:20"},{"nodeID":"1311349","text":"Default Rephrase","type":"MA","timestamp":"2023-11-09 13:11:20"},{"nodeID":"1311350","text":"Default Illocuting","type":"YA","timestamp":"2023-11-09 13:11:20"},{"nodeID":"1311351","text":"Default Rephrase","type":"MA","timestamp":"2023-11-09 13:11:20"},{"nodeID":"1311352","text":"Restating","type":"YA","timestamp":"2023-11-09 13:11:20"},{"nodeID":"1311353","text":"MPs are extremely well paid by anyone's metric","type":"I","timestamp":"2023-11-09 13:11:21"},{"nodeID":"1311354","text":"Charlotte Ivers: MPs are extremely well paid by anyone's metric","type":"L","timestamp":"2023-11-09 13:11:21"},{"nodeID":"1311355","text":"Analysing","type":"YA","timestamp":"2023-11-09 13:11:21"},{"nodeID":"1311356","text":"Clara: Charlotte Ivers: MPs are extremely well paid by anyone's metric","type":"L","timestamp":"2023-11-09 13:11:21"},{"nodeID":"1311357","text":"Asserting","type":"YA","timestamp":"2023-11-09 13:11:21"},{"nodeID":"1311358","text":"Default Transition","type":"TA","timestamp":"2023-11-09 13:11:21"},{"nodeID":"1311359","text":"MPs have just had a pay rise","type":"I","timestamp":"2023-11-09 13:11:21"},{"nodeID":"1311360","text":"Charlotte Ivers: They've just had a pay rise","type":"L","timestamp":"2023-11-09 13:11:21"},{"nodeID":"1311361","text":"Analysing","type":"YA","timestamp":"2023-11-09 13:11:21"},{"nodeID":"1311362","text":"Clara: Charlotte Ivers: They've just had a pay rise","type":"L","timestamp":"2023-11-09 13:11:21"},{"nodeID":"1311363","text":"Asserting","type":"YA","timestamp":"2023-11-09 13:11:21"},{"nodeID":"1311364","text":"just having had a pay rise makes MPs relatively rare in this room","type":"I","timestamp":"2023-11-09 13:11:22"},{"nodeID":"1311365","text":"Charlotte Ivers: which I'm sure makes them relatively rare in this room","type":"L","timestamp":"2023-11-09 13:11:22"},{"nodeID":"1311366","text":"Analysing","type":"YA","timestamp":"2023-11-09 13:11:22"},{"nodeID":"1311367","text":"Clara: Charlotte Ivers: which I'm sure makes them relatively rare in this room","type":"L","timestamp":"2023-11-09 13:11:22"},{"nodeID":"1311368","text":"Asserting","type":"YA","timestamp":"2023-11-09 13:11:22"},{"nodeID":"1311369","text":"Default Transition","type":"TA","timestamp":"2023-11-09 13:11:22"},{"nodeID":"1311370","text":"Default Transition","type":"TA","timestamp":"2023-11-09 13:11:22"},{"nodeID":"1311371","text":"Default Inference","type":"RA","timestamp":"2023-11-09 13:11:22"},{"nodeID":"1311372","text":"Arguing","type":"YA","timestamp":"2023-11-09 13:11:22"},{"nodeID":"1311373","text":"some MPs are better than others","type":"I","timestamp":"2023-11-09 13:11:22"},{"nodeID":"1311374","text":"Charlotte Ivers: Some of them are better than others","type":"L","timestamp":"2023-11-09 13:11:22"},{"nodeID":"1311375","text":"Analysing","type":"YA","timestamp":"2023-11-09 13:11:22"},{"nodeID":"1311376","text":"Clara: Charlotte Ivers: Some of them are better than others","type":"L","timestamp":"2023-11-09 13:11:22"},{"nodeID":"1311377","text":"Asserting","type":"YA","timestamp":"2023-11-09 13:11:22"},{"nodeID":"1311378","text":"a lot of MPs are really listening and really in tune","type":"I","timestamp":"2023-11-09 13:11:23"},{"nodeID":"1311379","text":"Charlotte Ivers: A lot of them are really listening and really in tune","type":"L","timestamp":"2023-11-09 13:11:23"},{"nodeID":"1311380","text":"Analysing","type":"YA","timestamp":"2023-11-09 13:11:23"},{"nodeID":"1311381","text":"Clara: Charlotte Ivers: A lot of them are really listening and really in tune","type":"L","timestamp":"2023-11-09 13:11:23"},{"nodeID":"1311382","text":"Asserting","type":"YA","timestamp":"2023-11-09 13:11:23"},{"nodeID":"1311383","text":"a lot of the way that gets through to MPs is watching things like BBC Question Time","type":"I","timestamp":"2023-11-09 13:11:24"},{"nodeID":"1311384","text":"Charlotte Ivers: a lot of the way that gets through to them is watching things like this","type":"L","timestamp":"2023-11-09 13:11:24"},{"nodeID":"1311385","text":"Analysing","type":"YA","timestamp":"2023-11-09 13:11:24"},{"nodeID":"1311386","text":"Clara: Charlotte Ivers: a lot of the way that gets through to them is watching things like this","type":"L","timestamp":"2023-11-09 13:11:24"},{"nodeID":"1311387","text":"Asserting","type":"YA","timestamp":"2023-11-09 13:11:24"},{"nodeID":"1311388","text":"hopefully there'll be a lot of MPs at home tonight who'll be watching","type":"I","timestamp":"2023-11-09 13:11:24"},{"nodeID":"1311389","text":"Charlotte Ivers: hopefully there'll be a lot of them at home tonight who'll be watching","type":"L","timestamp":"2023-11-09 13:11:24"},{"nodeID":"1311390","text":"Analysing","type":"YA","timestamp":"2023-11-09 13:11:24"},{"nodeID":"1311391","text":"Clara: Charlotte Ivers: hopefully there'll be a lot of them at home tonight who'll be watching","type":"L","timestamp":"2023-11-09 13:11:24"},{"nodeID":"1311392","text":"Asserting","type":"YA","timestamp":"2023-11-09 13:11:24"},{"nodeID":"1311393","text":"Default Inference","type":"RA","timestamp":"2023-11-09 13:11:24"},{"nodeID":"1311394","text":"Default Transition","type":"TA","timestamp":"2023-11-09 13:11:24"},{"nodeID":"1311395","text":"Arguing","type":"YA","timestamp":"2023-11-09 13:11:24"},{"nodeID":"1311396","text":"Default Transition","type":"TA","timestamp":"2023-11-09 13:11:24"},{"nodeID":"1311397","text":"Default Inference","type":"RA","timestamp":"2023-11-09 13:11:24"},{"nodeID":"1311398","text":"Arguing","type":"YA","timestamp":"2023-11-09 13:11:24"},{"nodeID":"1311399","text":"Default Inference","type":"RA","timestamp":"2023-11-09 13:11:24"},{"nodeID":"1311400","text":"Default Transition","type":"TA","timestamp":"2023-11-09 13:11:24"},{"nodeID":"1311401","text":"Arguing","type":"YA","timestamp":"2023-11-09 13:11:24"},{"nodeID":"1311402","text":"getting in contact with your MP if you are struggling that does cut through","type":"I","timestamp":"2023-11-09 13:11:25"},{"nodeID":"1311403","text":"Charlotte Ivers: you get in contact with your MP if you are struggling that does cut through","type":"L","timestamp":"2023-11-09 13:11:25"},{"nodeID":"1311404","text":"Analysing","type":"YA","timestamp":"2023-11-09 13:11:25"},{"nodeID":"1311405","text":"Clara: Charlotte Ivers: you get in contact with your MP if you are struggling that does cut through","type":"L","timestamp":"2023-11-09 13:11:25"},{"nodeID":"1311406","text":"Asserting","type":"YA","timestamp":"2023-11-09 13:11:25"},{"nodeID":"1311407","text":"Default Transition","type":"TA","timestamp":"2023-11-09 13:11:25"},{"nodeID":"1311408","text":"Default Inference","type":"RA","timestamp":"2023-11-09 13:11:25"},{"nodeID":"1311409","text":"Arguing","type":"YA","timestamp":"2023-11-09 13:11:25"},{"nodeID":"1311410","text":"Charlotte Ivers is a journalist","type":"I","timestamp":"2023-11-09 13:11:25"},{"nodeID":"1311411","text":"Charlotte Ivers: I'm a journalist","type":"L","timestamp":"2023-11-09 13:11:25"},{"nodeID":"1311412","text":"Analysing","type":"YA","timestamp":"2023-11-09 13:11:25"},{"nodeID":"1311413","text":"Clara: Charlotte Ivers: I'm a journalist","type":"L","timestamp":"2023-11-09 13:11:25"},{"nodeID":"1311414","text":"Asserting","type":"YA","timestamp":"2023-11-09 13:11:25"},{"nodeID":"1311415","text":"Charlotte Ivers speaks to MPs","type":"I","timestamp":"2023-11-09 13:11:26"},{"nodeID":"1311416","text":"Charlotte Ivers: I speak to MPs","type":"L","timestamp":"2023-11-09 13:11:26"},{"nodeID":"1311417","text":"Analysing","type":"YA","timestamp":"2023-11-09 13:11:26"},{"nodeID":"1311418","text":"Clara: Charlotte Ivers: I speak to MPs","type":"L","timestamp":"2023-11-09 13:11:26"},{"nodeID":"1311419","text":"Asserting","type":"YA","timestamp":"2023-11-09 13:11:26"},{"nodeID":"1311420","text":"Default Inference","type":"RA","timestamp":"2023-11-09 13:11:26"},{"nodeID":"1311421","text":"Default Transition","type":"TA","timestamp":"2023-11-09 13:11:26"},{"nodeID":"1311422","text":"Arguing","type":"YA","timestamp":"2023-11-09 13:11:26"},{"nodeID":"1311423","text":"MPs say to Charlotte Ivers you should see my inbox, you should see how many people are getting in touch with me telling me about their problems","type":"I","timestamp":"2023-11-09 13:11:26"},{"nodeID":"1311424","text":"Charlotte Ivers: they say to me you should see my inbox, you should see how many people are getting in touch with me telling me about their problems","type":"L","timestamp":"2023-11-09 13:11:26"},{"nodeID":"1311425","text":"Analysing","type":"YA","timestamp":"2023-11-09 13:11:26"},{"nodeID":"1311426","text":"Clara: Charlotte Ivers: they say to me you should see my inbox, you should see how many people are getting in touch with me telling me about their problems","type":"L","timestamp":"2023-11-09 13:11:26"},{"nodeID":"1311427","text":"Asserting","type":"YA","timestamp":"2023-11-09 13:11:26"},{"nodeID":"1311428","text":"Default Transition","type":"TA","timestamp":"2023-11-09 13:11:26"},{"nodeID":"1311429","text":"Default Inference","type":"RA","timestamp":"2023-11-09 13:11:26"},{"nodeID":"1311430","text":"Arguing","type":"YA","timestamp":"2023-11-09 13:11:26"},{"nodeID":"1311431","text":"MPs start worrying when many people are getting in touch with them telling them about their problems","type":"I","timestamp":"2023-11-09 13:11:27"},{"nodeID":"1311432","text":"Charlotte Ivers: that's how they start worrying","type":"L","timestamp":"2023-11-09 13:11:27"},{"nodeID":"1311433","text":"Analysing","type":"YA","timestamp":"2023-11-09 13:11:27"},{"nodeID":"1311434","text":"Clara: Charlotte Ivers: that's how they start worrying","type":"L","timestamp":"2023-11-09 13:11:27"},{"nodeID":"1311435","text":"Asserting","type":"YA","timestamp":"2023-11-09 13:11:27"},{"nodeID":"1311436","text":"Default Transition","type":"TA","timestamp":"2023-11-09 13:11:27"},{"nodeID":"1311437","text":"Default Inference","type":"RA","timestamp":"2023-11-09 13:11:27"},{"nodeID":"1311438","text":"Arguing","type":"YA","timestamp":"2023-11-09 13:11:27"},{"nodeID":"1311439","text":"Default Transition","type":"TA","timestamp":"2023-11-09 13:11:27"},{"nodeID":"1311440","text":"Default Inference","type":"RA","timestamp":"2023-11-09 13:11:27"},{"nodeID":"1311441","text":"Arguing","type":"YA","timestamp":"2023-11-09 13:11:27"},{"nodeID":"1311442","text":"Charlotte Ivers speaks to a lot of people in Whitehall behind the scenes","type":"I","timestamp":"2023-11-09 13:11:28"},{"nodeID":"1311443","text":"Charlotte Ivers: I speak to a lot of people in Whitehall behind the scenes","type":"L","timestamp":"2023-11-09 13:11:28"},{"nodeID":"1311444","text":"Analysing","type":"YA","timestamp":"2023-11-09 13:11:28"},{"nodeID":"1311445","text":"Clara: Charlotte Ivers: I speak to a lot of people in Whitehall behind the scenes","type":"L","timestamp":"2023-11-09 13:11:28"},{"nodeID":"1311446","text":"Asserting","type":"YA","timestamp":"2023-11-09 13:11:28"},{"nodeID":"1311447","text":"Default Transition","type":"TA","timestamp":"2023-11-09 13:11:28"},{"nodeID":"1311448","text":"Default Inference","type":"RA","timestamp":"2023-11-09 13:11:28"},{"nodeID":"1311449","text":"Arguing","type":"YA","timestamp":"2023-11-09 13:11:28"},{"nodeID":"1311450","text":"the people in Whitehall know that people struggling with the cost of living is a problem","type":"I","timestamp":"2023-11-09 13:11:28"},{"nodeID":"1311451","text":"Charlotte Ivers: they know this is a problem","type":"L","timestamp":"2023-11-09 13:11:28"},{"nodeID":"1311452","text":"Analysing","type":"YA","timestamp":"2023-11-09 13:11:28"},{"nodeID":"1311453","text":"Clara: Charlotte Ivers: they know this is a problem","type":"L","timestamp":"2023-11-09 13:11:28"},{"nodeID":"1311454","text":"Asserting","type":"YA","timestamp":"2023-11-09 13:11:28"},{"nodeID":"1311455","text":"the people in Whitehall know that the situation of people struggling with the cost of living is about to get worse","type":"I","timestamp":"2023-11-09 13:11:29"},{"nodeID":"1311456","text":"Charlotte Ivers: they know it's about to get worse","type":"L","timestamp":"2023-11-09 13:11:29"},{"nodeID":"1311457","text":"Analysing","type":"YA","timestamp":"2023-11-09 13:11:29"},{"nodeID":"1311458","text":"Clara: Charlotte Ivers: they know it's about to get worse","type":"L","timestamp":"2023-11-09 13:11:29"},{"nodeID":"1311459","text":"Asserting","type":"YA","timestamp":"2023-11-09 13:11:29"},{"nodeID":"1311460","text":"Default Transition","type":"TA","timestamp":"2023-11-09 13:11:29"},{"nodeID":"1311461","text":"Default Rephrase","type":"MA","timestamp":"2023-11-09 13:11:29"},{"nodeID":"1311462","text":"Restating","type":"YA","timestamp":"2023-11-09 13:11:29"},{"nodeID":"1311463","text":"Charlotte Ivers: You're absolutely right","type":"L","timestamp":"2023-11-09 13:11:29"},{"nodeID":"1311464","text":"Analysing","type":"YA","timestamp":"2023-11-09 13:11:29"},{"nodeID":"1311465","text":"Clara: Charlotte Ivers: You're absolutely right","type":"L","timestamp":"2023-11-09 13:11:29"},{"nodeID":"1311466","text":"Default Transition","type":"TA","timestamp":"2023-11-09 13:11:29"},{"nodeID":"1311467","text":"Agreeing","type":"YA","timestamp":"2023-11-09 13:11:29"},{"nodeID":"1311468","text":"the situation of people struggling with the cost of living is about to get worse","type":"I","timestamp":"2023-11-09 13:11:29"},{"nodeID":"1311469","text":"Charlotte Ivers: this is about to get worse","type":"L","timestamp":"2023-11-09 13:11:29"},{"nodeID":"1311470","text":"Analysing","type":"YA","timestamp":"2023-11-09 13:11:29"},{"nodeID":"1311471","text":"Clara: Charlotte Ivers: this is about to get worse","type":"L","timestamp":"2023-11-09 13:11:29"},{"nodeID":"1311472","text":"Asserting","type":"YA","timestamp":"2023-11-09 13:11:29"},{"nodeID":"1311473","text":"Default Transition","type":"TA","timestamp":"2023-11-09 13:11:29"},{"nodeID":"1311474","text":"Default Inference","type":"RA","timestamp":"2023-11-09 13:11:29"},{"nodeID":"1311475","text":"Arguing","type":"YA","timestamp":"2023-11-09 13:11:29"},{"nodeID":"1311476","text":"Charlotte Ivers keeps being told there are plans to do something, in autumn there will be plans to do something","type":"I","timestamp":"2023-11-09 13:11:30"},{"nodeID":"1311477","text":"Charlotte Ivers: I keep being told there are plans to do something, in autumn there will be plans to do something","type":"L","timestamp":"2023-11-09 13:11:30"},{"nodeID":"1311478","text":"Analysing","type":"YA","timestamp":"2023-11-09 13:11:30"},{"nodeID":"1311479","text":"Clara: Charlotte Ivers: I keep being told there are plans to do something, in autumn there will be plans to do something","type":"L","timestamp":"2023-11-09 13:11:30"},{"nodeID":"1311480","text":"Asserting","type":"YA","timestamp":"2023-11-09 13:11:30"},{"nodeID":"1311481","text":"Default Transition","type":"TA","timestamp":"2023-11-09 13:11:30"},{"nodeID":"1311482","text":"Charlotte Ivers doesn't know what plans there will be","type":"I","timestamp":"2023-11-09 13:11:31"},{"nodeID":"1311483","text":"Charlotte Ivers: I don't know what that is","type":"L","timestamp":"2023-11-09 13:11:31"},{"nodeID":"1311484","text":"Analysing","type":"YA","timestamp":"2023-11-09 13:11:31"},{"nodeID":"1311485","text":"Clara: Charlotte Ivers: I don't know what that is","type":"L","timestamp":"2023-11-09 13:11:31"},{"nodeID":"1311486","text":"Asserting","type":"YA","timestamp":"2023-11-09 13:11:31"},{"nodeID":"1311487","text":"Default Rephrase","type":"MA","timestamp":"2023-11-09 13:11:31"},{"nodeID":"1311488","text":"Default Transition","type":"TA","timestamp":"2023-11-09 13:11:31"},{"nodeID":"1311489","text":"Restating","type":"YA","timestamp":"2023-11-09 13:11:31"},{"nodeID":"1311490","text":"Charlotte Ivers hopes the plans there will be are enough","type":"I","timestamp":"2023-11-09 13:11:31"},{"nodeID":"1311491","text":"Charlotte Ivers: I hope it's enough","type":"L","timestamp":"2023-11-09 13:11:31"},{"nodeID":"1311492","text":"Analysing","type":"YA","timestamp":"2023-11-09 13:11:31"},{"nodeID":"1311493","text":"Clara: Charlotte Ivers: I hope it's enough","type":"L","timestamp":"2023-11-09 13:11:31"},{"nodeID":"1311494","text":"Asserting","type":"YA","timestamp":"2023-11-09 13:11:31"},{"nodeID":"1311495","text":"Default Rephrase","type":"MA","timestamp":"2023-11-09 13:11:31"},{"nodeID":"1311496","text":"Default Transition","type":"TA","timestamp":"2023-11-09 13:11:31"},{"nodeID":"1311497","text":"Restating","type":"YA","timestamp":"2023-11-09 13:11:31"},{"nodeID":"1311498","text":"hoping is all Charlotte Ivers can do at this moment","type":"I","timestamp":"2023-11-09 13:11:32"},{"nodeID":"1311499","text":"Charlotte Ivers: that's all I can do at this moment","type":"L","timestamp":"2023-11-09 13:11:32"},{"nodeID":"1311500","text":"Analysing","type":"YA","timestamp":"2023-11-09 13:11:32"},{"nodeID":"1311501","text":"Clara: Charlotte Ivers: that's all I can do at this moment","type":"L","timestamp":"2023-11-09 13:11:32"},{"nodeID":"1311502","text":"Asserting","type":"YA","timestamp":"2023-11-09 13:11:32"},{"nodeID":"1311503","text":"Default Transition","type":"TA","timestamp":"2023-11-09 13:11:32"},{"nodeID":"1311504","text":"Default Inference","type":"RA","timestamp":"2023-11-09 13:11:32"},{"nodeID":"1311505","text":"Arguing","type":"YA","timestamp":"2023-11-09 13:11:32"},{"nodeID":"1311506","text":"Default Inference","type":"RA","timestamp":"2023-11-09 13:11:32"},{"nodeID":"1311507","text":"Arguing","type":"YA","timestamp":"2023-11-09 13:11:32"},{"nodeID":"1311508","text":"Default Transition","type":"TA","timestamp":"2023-11-09 13:11:32"},{"nodeID":"1311509","text":"Default Conflict","type":"CA","timestamp":"2023-11-09 13:11:32"},{"nodeID":"1311510","text":"Disagreeing","type":"YA","timestamp":"2023-11-09 13:11:32"},{"nodeID":"1311511","text":"Default Rephrase","type":"MA","timestamp":"2023-11-09 13:11:32"},{"nodeID":"1311512","text":"Default Transition","type":"TA","timestamp":"2023-11-09 13:11:32"},{"nodeID":"1311513","text":"Restating","type":"YA","timestamp":"2023-11-09 13:11:32"},{"nodeID":"1311514","text":"Default Transition","type":"TA","timestamp":"2023-11-09 13:11:32"},{"nodeID":"1311515","text":"Default Transition","type":"TA","timestamp":"2023-11-09 13:11:32"},{"nodeID":"1311516","text":"Default Transition","type":"TA","timestamp":"2023-11-09 13:11:32"},{"nodeID":"1311517","text":"Default Transition","type":"TA","timestamp":"2023-11-09 13:11:32"},{"nodeID":"1311518","text":"Default Rephrase","type":"MA","timestamp":"2023-11-09 13:11:32"},{"nodeID":"1311519","text":"Restating","type":"YA","timestamp":"2023-11-09 13:11:32"}],"edges":[{"edgeID":"1721941","fromID":"1311322","toID":"1311321","formEdgeID":null},{"edgeID":"1721942","fromID":"1311323","toID":"1311322","formEdgeID":null},{"edgeID":"1721943","fromID":"1311321","toID":"1311324","formEdgeID":null},{"edgeID":"1721944","fromID":"1311324","toID":"1311320","formEdgeID":null},{"edgeID":"1721945","fromID":"1311327","toID":"1311326","formEdgeID":null},{"edgeID":"1721946","fromID":"1311328","toID":"1311327","formEdgeID":null},{"edgeID":"1721947","fromID":"1311326","toID":"1311329","formEdgeID":null},{"edgeID":"1721948","fromID":"1311329","toID":"1311325","formEdgeID":null},{"edgeID":"1721949","fromID":"1311321","toID":"1311330","formEdgeID":null},{"edgeID":"1721950","fromID":"1311330","toID":"1311326","formEdgeID":null},{"edgeID":"1721951","fromID":"1311333","toID":"1311332","formEdgeID":null},{"edgeID":"1721952","fromID":"1311334","toID":"1311333","formEdgeID":null},{"edgeID":"1721953","fromID":"1311336","toID":"1311335","formEdgeID":null},{"edgeID":"1721954","fromID":"1311337","toID":"1311336","formEdgeID":null},{"edgeID":"1721955","fromID":"1311335","toID":"1311338","formEdgeID":null},{"edgeID":"1721956","fromID":"1311338","toID":"1311331","formEdgeID":null},{"edgeID":"1721957","fromID":"1311332","toID":"1311339","formEdgeID":null},{"edgeID":"1721958","fromID":"1311339","toID":"1311321","formEdgeID":null},{"edgeID":"1721959","fromID":"1311332","toID":"1311340","formEdgeID":null},{"edgeID":"1721960","fromID":"1311340","toID":"1311335","formEdgeID":null},{"edgeID":"1721961","fromID":"1311343","toID":"1311342","formEdgeID":null},{"edgeID":"1721962","fromID":"1311344","toID":"1311343","formEdgeID":null},{"edgeID":"1721963","fromID":"1311342","toID":"1311345","formEdgeID":null},{"edgeID":"1721964","fromID":"1311345","toID":"1311341","formEdgeID":null},{"edgeID":"1721965","fromID":"1311342","toID":"1311346","formEdgeID":null},{"edgeID":"1721966","fromID":"1311346","toID":"1311332","formEdgeID":null},{"edgeID":"1721967","fromID":"1311331","toID":"1311347","formEdgeID":null},{"edgeID":"1721968","fromID":"1311347","toID":"1311341","formEdgeID":null},{"edgeID":"1721969","fromID":"1311346","toID":"1311348","formEdgeID":null},{"edgeID":"1721970","fromID":"1311348","toID":"1311347","formEdgeID":null},{"edgeID":"1721971","fromID":"1311320","toID":"1311349","formEdgeID":null},{"edgeID":"1721972","fromID":"1311349","toID":"1311331","formEdgeID":null},{"edgeID":"1721973","fromID":"1311339","toID":"1311350","formEdgeID":null},{"edgeID":"1721974","fromID":"1311350","toID":"1311349","formEdgeID":null},{"edgeID":"1721975","fromID":"1311325","toID":"1311351","formEdgeID":null},{"edgeID":"1721976","fromID":"1311351","toID":"1311320","formEdgeID":null},{"edgeID":"1721977","fromID":"1311330","toID":"1311352","formEdgeID":null},{"edgeID":"1721978","fromID":"1311352","toID":"1311351","formEdgeID":null},{"edgeID":"1721979","fromID":"1311355","toID":"1311354","formEdgeID":null},{"edgeID":"1721980","fromID":"1311356","toID":"1311355","formEdgeID":null},{"edgeID":"1721981","fromID":"1311354","toID":"1311357","formEdgeID":null},{"edgeID":"1721982","fromID":"1311357","toID":"1311353","formEdgeID":null},{"edgeID":"1721983","fromID":"1311326","toID":"1311358","formEdgeID":null},{"edgeID":"1721984","fromID":"1311358","toID":"1311354","formEdgeID":null},{"edgeID":"1721985","fromID":"1311361","toID":"1311360","formEdgeID":null},{"edgeID":"1721986","fromID":"1311362","toID":"1311361","formEdgeID":null},{"edgeID":"1721987","fromID":"1311360","toID":"1311363","formEdgeID":null},{"edgeID":"1721988","fromID":"1311363","toID":"1311359","formEdgeID":null},{"edgeID":"1721989","fromID":"1311366","toID":"1311365","formEdgeID":null},{"edgeID":"1721990","fromID":"1311367","toID":"1311366","formEdgeID":null},{"edgeID":"1721991","fromID":"1311365","toID":"1311368","formEdgeID":null},{"edgeID":"1721992","fromID":"1311368","toID":"1311364","formEdgeID":null},{"edgeID":"1721993","fromID":"1311354","toID":"1311369","formEdgeID":null},{"edgeID":"1721994","fromID":"1311369","toID":"1311365","formEdgeID":null},{"edgeID":"1721995","fromID":"1311354","toID":"1311370","formEdgeID":null},{"edgeID":"1721996","fromID":"1311370","toID":"1311360","formEdgeID":null},{"edgeID":"1721997","fromID":"1311364","toID":"1311371","formEdgeID":null},{"edgeID":"1721998","fromID":"1311371","toID":"1311353","formEdgeID":null},{"edgeID":"1721999","fromID":"1311359","toID":"1311371","formEdgeID":null},{"edgeID":"1722000","fromID":"1311369","toID":"1311372","formEdgeID":null},{"edgeID":"1722001","fromID":"1311372","toID":"1311371","formEdgeID":null},{"edgeID":"1722002","fromID":"1311375","toID":"1311374","formEdgeID":null},{"edgeID":"1722003","fromID":"1311376","toID":"1311375","formEdgeID":null},{"edgeID":"1722004","fromID":"1311374","toID":"1311377","formEdgeID":null},{"edgeID":"1722005","fromID":"1311377","toID":"1311373","formEdgeID":null},{"edgeID":"1722006","fromID":"1311380","toID":"1311379","formEdgeID":null},{"edgeID":"1722007","fromID":"1311381","toID":"1311380","formEdgeID":null},{"edgeID":"1722008","fromID":"1311379","toID":"1311382","formEdgeID":null},{"edgeID":"1722009","fromID":"1311382","toID":"1311378","formEdgeID":null},{"edgeID":"1722010","fromID":"1311385","toID":"1311384","formEdgeID":null},{"edgeID":"1722011","fromID":"1311386","toID":"1311385","formEdgeID":null},{"edgeID":"1722012","fromID":"1311384","toID":"1311387","formEdgeID":null},{"edgeID":"1722013","fromID":"1311387","toID":"1311383","formEdgeID":null},{"edgeID":"1722014","fromID":"1311390","toID":"1311389","formEdgeID":null},{"edgeID":"1722015","fromID":"1311391","toID":"1311390","formEdgeID":null},{"edgeID":"1722016","fromID":"1311389","toID":"1311392","formEdgeID":null},{"edgeID":"1722017","fromID":"1311392","toID":"1311388","formEdgeID":null},{"edgeID":"1722018","fromID":"1311383","toID":"1311393","formEdgeID":null},{"edgeID":"1722019","fromID":"1311393","toID":"1311388","formEdgeID":null},{"edgeID":"1722020","fromID":"1311384","toID":"1311394","formEdgeID":null},{"edgeID":"1722021","fromID":"1311394","toID":"1311389","formEdgeID":null},{"edgeID":"1722022","fromID":"1311394","toID":"1311395","formEdgeID":null},{"edgeID":"1722023","fromID":"1311395","toID":"1311393","formEdgeID":null},{"edgeID":"1722024","fromID":"1311379","toID":"1311396","formEdgeID":null},{"edgeID":"1722025","fromID":"1311396","toID":"1311389","formEdgeID":null},{"edgeID":"1722026","fromID":"1311388","toID":"1311397","formEdgeID":null},{"edgeID":"1722027","fromID":"1311397","toID":"1311378","formEdgeID":null},{"edgeID":"1722028","fromID":"1311396","toID":"1311398","formEdgeID":null},{"edgeID":"1722029","fromID":"1311398","toID":"1311397","formEdgeID":null},{"edgeID":"1722030","fromID":"1311378","toID":"1311399","formEdgeID":null},{"edgeID":"1722031","fromID":"1311399","toID":"1311373","formEdgeID":null},{"edgeID":"1722032","fromID":"1311374","toID":"1311400","formEdgeID":null},{"edgeID":"1722033","fromID":"1311400","toID":"1311379","formEdgeID":null},{"edgeID":"1722034","fromID":"1311400","toID":"1311401","formEdgeID":null},{"edgeID":"1722035","fromID":"1311401","toID":"1311399","formEdgeID":null},{"edgeID":"1722036","fromID":"1311404","toID":"1311403","formEdgeID":null},{"edgeID":"1722037","fromID":"1311405","toID":"1311404","formEdgeID":null},{"edgeID":"1722038","fromID":"1311403","toID":"1311406","formEdgeID":null},{"edgeID":"1722039","fromID":"1311406","toID":"1311402","formEdgeID":null},{"edgeID":"1722040","fromID":"1311379","toID":"1311407","formEdgeID":null},{"edgeID":"1722041","fromID":"1311407","toID":"1311403","formEdgeID":null},{"edgeID":"1722042","fromID":"1311378","toID":"1311408","formEdgeID":null},{"edgeID":"1722043","fromID":"1311408","toID":"1311402","formEdgeID":null},{"edgeID":"1722044","fromID":"1311407","toID":"1311409","formEdgeID":null},{"edgeID":"1722045","fromID":"1311409","toID":"1311408","formEdgeID":null},{"edgeID":"1722046","fromID":"1311412","toID":"1311411","formEdgeID":null},{"edgeID":"1722047","fromID":"1311413","toID":"1311412","formEdgeID":null},{"edgeID":"1722048","fromID":"1311411","toID":"1311414","formEdgeID":null},{"edgeID":"1722049","fromID":"1311414","toID":"1311410","formEdgeID":null},{"edgeID":"1722050","fromID":"1311417","toID":"1311416","formEdgeID":null},{"edgeID":"1722051","fromID":"1311418","toID":"1311417","formEdgeID":null},{"edgeID":"1722052","fromID":"1311416","toID":"1311419","formEdgeID":null},{"edgeID":"1722053","fromID":"1311419","toID":"1311415","formEdgeID":null},{"edgeID":"1722054","fromID":"1311410","toID":"1311420","formEdgeID":null},{"edgeID":"1722055","fromID":"1311420","toID":"1311415","formEdgeID":null},{"edgeID":"1722056","fromID":"1311411","toID":"1311421","formEdgeID":null},{"edgeID":"1722057","fromID":"1311421","toID":"1311416","formEdgeID":null},{"edgeID":"1722058","fromID":"1311421","toID":"1311422","formEdgeID":null},{"edgeID":"1722059","fromID":"1311422","toID":"1311420","formEdgeID":null},{"edgeID":"1722060","fromID":"1311425","toID":"1311424","formEdgeID":null},{"edgeID":"1722061","fromID":"1311426","toID":"1311425","formEdgeID":null},{"edgeID":"1722062","fromID":"1311424","toID":"1311427","formEdgeID":null},{"edgeID":"1722063","fromID":"1311427","toID":"1311423","formEdgeID":null},{"edgeID":"1722064","fromID":"1311416","toID":"1311428","formEdgeID":null},{"edgeID":"1722065","fromID":"1311428","toID":"1311424","formEdgeID":null},{"edgeID":"1722066","fromID":"1311415","toID":"1311429","formEdgeID":null},{"edgeID":"1722067","fromID":"1311429","toID":"1311423","formEdgeID":null},{"edgeID":"1722068","fromID":"1311428","toID":"1311430","formEdgeID":null},{"edgeID":"1722069","fromID":"1311430","toID":"1311429","formEdgeID":null},{"edgeID":"1722070","fromID":"1311433","toID":"1311432","formEdgeID":null},{"edgeID":"1722071","fromID":"1311434","toID":"1311433","formEdgeID":null},{"edgeID":"1722072","fromID":"1311432","toID":"1311435","formEdgeID":null},{"edgeID":"1722073","fromID":"1311435","toID":"1311431","formEdgeID":null},{"edgeID":"1722074","fromID":"1311424","toID":"1311436","formEdgeID":null},{"edgeID":"1722075","fromID":"1311436","toID":"1311432","formEdgeID":null},{"edgeID":"1722076","fromID":"1311423","toID":"1311437","formEdgeID":null},{"edgeID":"1722077","fromID":"1311437","toID":"1311431","formEdgeID":null},{"edgeID":"1722078","fromID":"1311436","toID":"1311438","formEdgeID":null},{"edgeID":"1722079","fromID":"1311438","toID":"1311437","formEdgeID":null},{"edgeID":"1722080","fromID":"1311403","toID":"1311439","formEdgeID":null},{"edgeID":"1722081","fromID":"1311439","toID":"1311432","formEdgeID":null},{"edgeID":"1722082","fromID":"1311431","toID":"1311440","formEdgeID":null},{"edgeID":"1722083","fromID":"1311440","toID":"1311402","formEdgeID":null},{"edgeID":"1722084","fromID":"1311439","toID":"1311441","formEdgeID":null},{"edgeID":"1722085","fromID":"1311441","toID":"1311440","formEdgeID":null},{"edgeID":"1722086","fromID":"1311444","toID":"1311443","formEdgeID":null},{"edgeID":"1722087","fromID":"1311445","toID":"1311444","formEdgeID":null},{"edgeID":"1722088","fromID":"1311443","toID":"1311446","formEdgeID":null},{"edgeID":"1722089","fromID":"1311446","toID":"1311442","formEdgeID":null},{"edgeID":"1722090","fromID":"1311411","toID":"1311447","formEdgeID":null},{"edgeID":"1722091","fromID":"1311447","toID":"1311443","formEdgeID":null},{"edgeID":"1722092","fromID":"1311410","toID":"1311448","formEdgeID":null},{"edgeID":"1722093","fromID":"1311448","toID":"1311442","formEdgeID":null},{"edgeID":"1722094","fromID":"1311447","toID":"1311449","formEdgeID":null},{"edgeID":"1722095","fromID":"1311449","toID":"1311448","formEdgeID":null},{"edgeID":"1722096","fromID":"1311452","toID":"1311451","formEdgeID":null},{"edgeID":"1722097","fromID":"1311453","toID":"1311452","formEdgeID":null},{"edgeID":"1722098","fromID":"1311451","toID":"1311454","formEdgeID":null},{"edgeID":"1722099","fromID":"1311454","toID":"1311450","formEdgeID":null},{"edgeID":"1722100","fromID":"1311457","toID":"1311456","formEdgeID":null},{"edgeID":"1722101","fromID":"1311458","toID":"1311457","formEdgeID":null},{"edgeID":"1722102","fromID":"1311456","toID":"1311459","formEdgeID":null},{"edgeID":"1722103","fromID":"1311459","toID":"1311455","formEdgeID":null},{"edgeID":"1722104","fromID":"1311451","toID":"1311460","formEdgeID":null},{"edgeID":"1722105","fromID":"1311460","toID":"1311456","formEdgeID":null},{"edgeID":"1722106","fromID":"1311455","toID":"1311461","formEdgeID":null},{"edgeID":"1722107","fromID":"1311461","toID":"1311450","formEdgeID":null},{"edgeID":"1722108","fromID":"1311460","toID":"1311462","formEdgeID":null},{"edgeID":"1722109","fromID":"1311462","toID":"1311461","formEdgeID":null},{"edgeID":"1722110","fromID":"1311464","toID":"1311463","formEdgeID":null},{"edgeID":"1722111","fromID":"1311465","toID":"1311464","formEdgeID":null},{"edgeID":"1722112","fromID":"1311456","toID":"1311466","formEdgeID":null},{"edgeID":"1722113","fromID":"1311466","toID":"1311463","formEdgeID":null},{"edgeID":"1722114","fromID":"1311466","toID":"1311467","formEdgeID":null},{"edgeID":"1722115","fromID":"1311467","toID":"1311455","formEdgeID":null},{"edgeID":"1722116","fromID":"1311470","toID":"1311469","formEdgeID":null},{"edgeID":"1722117","fromID":"1311471","toID":"1311470","formEdgeID":null},{"edgeID":"1722118","fromID":"1311469","toID":"1311472","formEdgeID":null},{"edgeID":"1722119","fromID":"1311472","toID":"1311468","formEdgeID":null},{"edgeID":"1722120","fromID":"1311463","toID":"1311473","formEdgeID":null},{"edgeID":"1722121","fromID":"1311473","toID":"1311469","formEdgeID":null},{"edgeID":"1722122","fromID":"1311468","toID":"1311474","formEdgeID":null},{"edgeID":"1722123","fromID":"1311474","toID":"1311455","formEdgeID":null},{"edgeID":"1722124","fromID":"1311473","toID":"1311475","formEdgeID":null},{"edgeID":"1722125","fromID":"1311475","toID":"1311474","formEdgeID":null},{"edgeID":"1722126","fromID":"1311478","toID":"1311477","formEdgeID":null},{"edgeID":"1722127","fromID":"1311479","toID":"1311478","formEdgeID":null},{"edgeID":"1722128","fromID":"1311477","toID":"1311480","formEdgeID":null},{"edgeID":"1722129","fromID":"1311480","toID":"1311476","formEdgeID":null},{"edgeID":"1722130","fromID":"1311469","toID":"1311481","formEdgeID":null},{"edgeID":"1722131","fromID":"1311481","toID":"1311477","formEdgeID":null},{"edgeID":"1722132","fromID":"1311484","toID":"1311483","formEdgeID":null},{"edgeID":"1722133","fromID":"1311485","toID":"1311484","formEdgeID":null},{"edgeID":"1722134","fromID":"1311483","toID":"1311486","formEdgeID":null},{"edgeID":"1722135","fromID":"1311486","toID":"1311482","formEdgeID":null},{"edgeID":"1722136","fromID":"1311482","toID":"1311487","formEdgeID":null},{"edgeID":"1722137","fromID":"1311487","toID":"1311476","formEdgeID":null},{"edgeID":"1722138","fromID":"1311477","toID":"1311488","formEdgeID":null},{"edgeID":"1722139","fromID":"1311488","toID":"1311483","formEdgeID":null},{"edgeID":"1722140","fromID":"1311488","toID":"1311489","formEdgeID":null},{"edgeID":"1722141","fromID":"1311489","toID":"1311487","formEdgeID":null},{"edgeID":"1722142","fromID":"1311492","toID":"1311491","formEdgeID":null},{"edgeID":"1722143","fromID":"1311493","toID":"1311492","formEdgeID":null},{"edgeID":"1722144","fromID":"1311491","toID":"1311494","formEdgeID":null},{"edgeID":"1722145","fromID":"1311494","toID":"1311490","formEdgeID":null},{"edgeID":"1722146","fromID":"1311490","toID":"1311495","formEdgeID":null},{"edgeID":"1722147","fromID":"1311495","toID":"1311482","formEdgeID":null},{"edgeID":"1722148","fromID":"1311483","toID":"1311496","formEdgeID":null},{"edgeID":"1722149","fromID":"1311496","toID":"1311491","formEdgeID":null},{"edgeID":"1722150","fromID":"1311496","toID":"1311497","formEdgeID":null},{"edgeID":"1722151","fromID":"1311497","toID":"1311495","formEdgeID":null},{"edgeID":"1722152","fromID":"1311500","toID":"1311499","formEdgeID":null},{"edgeID":"1722153","fromID":"1311501","toID":"1311500","formEdgeID":null},{"edgeID":"1722154","fromID":"1311499","toID":"1311502","formEdgeID":null},{"edgeID":"1722155","fromID":"1311502","toID":"1311498","formEdgeID":null},{"edgeID":"1722156","fromID":"1311491","toID":"1311503","formEdgeID":null},{"edgeID":"1722157","fromID":"1311503","toID":"1311499","formEdgeID":null},{"edgeID":"1722158","fromID":"1311498","toID":"1311504","formEdgeID":null},{"edgeID":"1722159","fromID":"1311504","toID":"1311490","formEdgeID":null},{"edgeID":"1722160","fromID":"1311503","toID":"1311505","formEdgeID":null},{"edgeID":"1722161","fromID":"1311505","toID":"1311504","formEdgeID":null},{"edgeID":"1722162","fromID":"1311353","toID":"1311506","formEdgeID":null},{"edgeID":"1722163","fromID":"1311506","toID":"1311325","formEdgeID":null},{"edgeID":"1722164","fromID":"1311358","toID":"1311507","formEdgeID":null},{"edgeID":"1722165","fromID":"1311507","toID":"1311506","formEdgeID":null},{"edgeID":"1722166","fromID":"1311326","toID":"1311508","formEdgeID":null},{"edgeID":"1722167","fromID":"1311508","toID":"1311374","formEdgeID":null},{"edgeID":"1722168","fromID":"1311373","toID":"1311509","formEdgeID":null},{"edgeID":"1722169","fromID":"1311509","toID":"1311325","formEdgeID":null},{"edgeID":"1722170","fromID":"1311508","toID":"1311510","formEdgeID":null},{"edgeID":"1722171","fromID":"1311510","toID":"1311509","formEdgeID":null},{"edgeID":"1722172","fromID":"1311450","toID":"1311511","formEdgeID":null},{"edgeID":"1722173","fromID":"1311511","toID":"1311378","formEdgeID":null},{"edgeID":"1722174","fromID":"1311379","toID":"1311512","formEdgeID":null},{"edgeID":"1722175","fromID":"1311512","toID":"1311451","formEdgeID":null},{"edgeID":"1722176","fromID":"1311512","toID":"1311513","formEdgeID":null},{"edgeID":"1722177","fromID":"1311513","toID":"1311511","formEdgeID":null},{"edgeID":"1722178","fromID":"1311443","toID":"1311514","formEdgeID":null},{"edgeID":"1722179","fromID":"1311514","toID":"1311451","formEdgeID":null},{"edgeID":"1722180","fromID":"1311379","toID":"1311515","formEdgeID":null},{"edgeID":"1722181","fromID":"1311515","toID":"1311384","formEdgeID":null},{"edgeID":"1722182","fromID":"1311403","toID":"1311516","formEdgeID":null},{"edgeID":"1722183","fromID":"1311516","toID":"1311411","formEdgeID":null},{"edgeID":"1722184","fromID":"1311416","toID":"1311517","formEdgeID":null},{"edgeID":"1722185","fromID":"1311517","toID":"1311443","formEdgeID":null},{"edgeID":"1722186","fromID":"1311442","toID":"1311518","formEdgeID":null},{"edgeID":"1722187","fromID":"1311518","toID":"1311415","formEdgeID":null},{"edgeID":"1722188","fromID":"1311517","toID":"1311519","formEdgeID":null},{"edgeID":"1722189","fromID":"1311519","toID":"1311518","formEdgeID":null}],"locutions":[]}