{"nodes":[{"nodeID":"1036924","text":"families are truly struggling with the cost of living","type":"I","timestamp":"2022-09-13 19:58:19"},{"nodeID":"1314990","text":"we are being told this week to consider buying value products","type":"I","timestamp":"2023-11-09 13:16:34"},{"nodeID":"1314991","text":"we are being told to contain and manage our household budget","type":"I","timestamp":"2023-11-09 13:16:34"},{"nodeID":"1314992","text":"our politicians from all parties are or aren't patronising, clueless, or inhumane","type":"I","timestamp":"2023-11-09 13:16:35"},{"nodeID":"1314993","text":"Fiona Bruce: Christie, you're referring to comments by the Environment Secretary George Eustice this week about saving money by buying branded products","type":"L","timestamp":"2023-11-09 13:16:35"},{"nodeID":"1314994","text":"Zlata: Fiona Bruce: Christie, you're referring to comments by the Environment Secretary George Eustice this week about saving money by buying branded products","type":"L","timestamp":"2023-11-09 13:16:35"},{"nodeID":"1314995","text":"Zlata: Fiona Bruce: What's your response to your question","type":"L","timestamp":"2023-11-09 13:16:35"},{"nodeID":"1314996","text":"Fiona Bruce: What's your response to your question","type":"L","timestamp":"2023-11-09 13:16:35"},{"nodeID":"1314997","text":"AudienceMember 20220512QT01: Families are truly struggling with the cost of living","type":"L","timestamp":"2023-11-09 13:16:35"},{"nodeID":"1314998","text":"Zlata: AudienceMember 20220512QT01: Families are truly struggling with the cost of living","type":"L","timestamp":"2023-11-09 13:16:35"},{"nodeID":"1314999","text":"Analysing","type":"YA","timestamp":"2023-11-09 13:16:35"},{"nodeID":"1315000","text":"Asserting","type":"YA","timestamp":"2023-11-09 13:16:35"},{"nodeID":"1315001","text":"Analysing","type":"YA","timestamp":"2023-11-09 13:16:35"},{"nodeID":"1315002","text":"AudienceMember 20220512QT01: We are being told this week to consider buying value products","type":"L","timestamp":"2023-11-09 13:16:35"},{"nodeID":"1315003","text":"Zlata: AudienceMember 20220512QT01: We are being told this week to consider buying value products","type":"L","timestamp":"2023-11-09 13:16:35"},{"nodeID":"1315004","text":"Asserting","type":"YA","timestamp":"2023-11-09 13:16:35"},{"nodeID":"1315005","text":"AudienceMember 20220512QT01: to contain and manage our household budget","type":"L","timestamp":"2023-11-09 13:16:35"},{"nodeID":"1315006","text":"Zlata: AudienceMember 20220512QT01: to contain and manage our household budget","type":"L","timestamp":"2023-11-09 13:16:35"},{"nodeID":"1315007","text":"Analysing","type":"YA","timestamp":"2023-11-09 13:16:35"},{"nodeID":"1315008","text":"Asserting","type":"YA","timestamp":"2023-11-09 13:16:35"},{"nodeID":"1315009","text":"AudienceMember 20220512QT01: Are our politicians from all parties patronising, clueless, or inhumane","type":"L","timestamp":"2023-11-09 13:16:35"},{"nodeID":"1315010","text":"Analysing","type":"YA","timestamp":"2023-11-09 13:16:35"},{"nodeID":"1315011","text":"Zlata: AudienceMember 20220512QT01: Are our politicians from all parties patronising, clueless, or inhumane","type":"L","timestamp":"2023-11-09 13:16:35"},{"nodeID":"1315012","text":"Pure Questioning","type":"YA","timestamp":"2023-11-09 13:16:35"},{"nodeID":"1315013","text":"Default Transition","type":"TA","timestamp":"2023-11-09 13:16:35"},{"nodeID":"1315014","text":"Default Inference","type":"RA","timestamp":"2023-11-09 13:16:35"},{"nodeID":"1315015","text":"Arguing","type":"YA","timestamp":"2023-11-09 13:16:35"},{"nodeID":"1315016","text":"Default Transition","type":"TA","timestamp":"2023-11-09 13:16:35"},{"nodeID":"1315017","text":"Default Inference","type":"RA","timestamp":"2023-11-09 13:16:35"},{"nodeID":"1315018","text":"Arguing","type":"YA","timestamp":"2023-11-09 13:16:35"},{"nodeID":"1315019","text":"Default Transition","type":"TA","timestamp":"2023-11-09 13:16:35"},{"nodeID":"1315020","text":"AudienceMember 20220512QT01 is referring to comments by the Environment Secretary George Eustice this week about saving money by buying branded products","type":"I","timestamp":"2023-11-09 13:16:36"},{"nodeID":"1315021","text":"Analysing","type":"YA","timestamp":"2023-11-09 13:16:36"},{"nodeID":"1315022","text":"AudienceMember 20220512QT01: Christie, you're referring to comments by the Environment Secretary George Eustice this week about saving money by buying branded products","type":"L","timestamp":"2023-11-09 13:16:36"},{"nodeID":"1315023","text":"Zlata: AudienceMember 20220512QT01: Christie, you're referring to comments by the Environment Secretary George Eustice this week about saving money by buying branded products","type":"L","timestamp":"2023-11-09 13:16:36"},{"nodeID":"1315024","text":"Analysing","type":"YA","timestamp":"2023-11-09 13:16:36"},{"nodeID":"1315025","text":"Asserting","type":"YA","timestamp":"2023-11-09 13:16:36"},{"nodeID":"1315026","text":"Asserting","type":"YA","timestamp":"2023-11-09 13:16:36"},{"nodeID":"1315027","text":"Default Transition","type":"TA","timestamp":"2023-11-09 13:16:36"},{"nodeID":"1315028","text":"Default Rephrase","type":"MA","timestamp":"2023-11-09 13:16:36"},{"nodeID":"1315029","text":"Restating","type":"YA","timestamp":"2023-11-09 13:16:36"},{"nodeID":"1315030","text":"Analysing","type":"YA","timestamp":"2023-11-09 13:16:36"},{"nodeID":"1315031","text":"AudienceMember 20220512QT02: Yes","type":"L","timestamp":"2023-11-09 13:16:36"},{"nodeID":"1315032","text":"Zlata: AudienceMember 20220512QT02: Yes","type":"L","timestamp":"2023-11-09 13:16:36"},{"nodeID":"1315033","text":"Default Transition","type":"TA","timestamp":"2023-11-09 13:16:36"},{"nodeID":"1315034","text":"Agreeing","type":"YA","timestamp":"2023-11-09 13:16:36"},{"nodeID":"1315035","text":"AudienceMember 20220512QT01's response to AudienceMember 20220512QT01's question about whether our politicians are patronising, clueless or inhumane is xxx","type":"I","timestamp":"2023-11-09 13:16:36"},{"nodeID":"1315036","text":"Pure Questioning","type":"YA","timestamp":"2023-11-09 13:16:36"},{"nodeID":"1315037","text":"Analysing","type":"YA","timestamp":"2023-11-09 13:16:36"},{"nodeID":"1315038","text":"Default Rephrase","type":"MA","timestamp":"2023-11-09 13:16:36"},{"nodeID":"1315039","text":"Default Transition","type":"TA","timestamp":"2023-11-09 13:16:36"},{"nodeID":"1315040","text":"Restating","type":"YA","timestamp":"2023-11-09 13:16:36"},{"nodeID":"1315041","text":"Default Transition","type":"TA","timestamp":"2023-11-09 13:16:36"},{"nodeID":"1315042","text":"Default Inference","type":"RA","timestamp":"2023-11-09 13:16:36"},{"nodeID":"1315043","text":"Arguing","type":"YA","timestamp":"2023-11-09 13:16:36"}],"edges":[{"edgeID":"1726359","fromID":"1314998","toID":"1314999","formEdgeID":null},{"edgeID":"1726360","fromID":"1314999","toID":"1314997","formEdgeID":null},{"edgeID":"1726361","fromID":"1315000","toID":"1036924","formEdgeID":null},{"edgeID":"1726362","fromID":"1314997","toID":"1315000","formEdgeID":null},{"edgeID":"1726363","fromID":"1315001","toID":"1315002","formEdgeID":null},{"edgeID":"1726364","fromID":"1315003","toID":"1315001","formEdgeID":null},{"edgeID":"1726365","fromID":"1315004","toID":"1314990","formEdgeID":null},{"edgeID":"1726366","fromID":"1315002","toID":"1315004","formEdgeID":null},{"edgeID":"1726367","fromID":"1315007","toID":"1315005","formEdgeID":null},{"edgeID":"1726368","fromID":"1315006","toID":"1315007","formEdgeID":null},{"edgeID":"1726369","fromID":"1315008","toID":"1314991","formEdgeID":null},{"edgeID":"1726370","fromID":"1315005","toID":"1315008","formEdgeID":null},{"edgeID":"1726371","fromID":"1315010","toID":"1315009","formEdgeID":null},{"edgeID":"1726372","fromID":"1315011","toID":"1315010","formEdgeID":null},{"edgeID":"1726373","fromID":"1315009","toID":"1315012","formEdgeID":null},{"edgeID":"1726374","fromID":"1315012","toID":"1314992","formEdgeID":null},{"edgeID":"1726375","fromID":"1315013","toID":"1315002","formEdgeID":null},{"edgeID":"1726376","fromID":"1314997","toID":"1315013","formEdgeID":null},{"edgeID":"1726377","fromID":"1314990","toID":"1315014","formEdgeID":null},{"edgeID":"1726378","fromID":"1315014","toID":"1036924","formEdgeID":null},{"edgeID":"1726379","fromID":"1315013","toID":"1315015","formEdgeID":null},{"edgeID":"1726380","fromID":"1315015","toID":"1315014","formEdgeID":null},{"edgeID":"1726381","fromID":"1314997","toID":"1315016","formEdgeID":null},{"edgeID":"1726382","fromID":"1315016","toID":"1315005","formEdgeID":null},{"edgeID":"1726383","fromID":"1314991","toID":"1315017","formEdgeID":null},{"edgeID":"1726384","fromID":"1315017","toID":"1036924","formEdgeID":null},{"edgeID":"1726385","fromID":"1315018","toID":"1315017","formEdgeID":null},{"edgeID":"1726386","fromID":"1315016","toID":"1315018","formEdgeID":null},{"edgeID":"1726387","fromID":"1315005","toID":"1315019","formEdgeID":null},{"edgeID":"1726388","fromID":"1315019","toID":"1315009","formEdgeID":null},{"edgeID":"1726389","fromID":"1314994","toID":"1315021","formEdgeID":null},{"edgeID":"1726390","fromID":"1315021","toID":"1314993","formEdgeID":null},{"edgeID":"1726391","fromID":"1315024","toID":"1315022","formEdgeID":null},{"edgeID":"1726392","fromID":"1315023","toID":"1315024","formEdgeID":null},{"edgeID":"1726393","fromID":"1314993","toID":"1315025","formEdgeID":null},{"edgeID":"1726394","fromID":"1315025","toID":"1315022","formEdgeID":null},{"edgeID":"1726395","fromID":"1315022","toID":"1315026","formEdgeID":null},{"edgeID":"1726396","fromID":"1315026","toID":"1315020","formEdgeID":null},{"edgeID":"1726397","fromID":"1315002","toID":"1315027","formEdgeID":null},{"edgeID":"1726398","fromID":"1315027","toID":"1314993","formEdgeID":null},{"edgeID":"1726399","fromID":"1315020","toID":"1315028","formEdgeID":null},{"edgeID":"1726400","fromID":"1315028","toID":"1314990","formEdgeID":null},{"edgeID":"1726401","fromID":"1315027","toID":"1315029","formEdgeID":null},{"edgeID":"1726402","fromID":"1315029","toID":"1315028","formEdgeID":null},{"edgeID":"1726403","fromID":"1315032","toID":"1315030","formEdgeID":null},{"edgeID":"1726404","fromID":"1315030","toID":"1315031","formEdgeID":null},{"edgeID":"1726405","fromID":"1314993","toID":"1315033","formEdgeID":null},{"edgeID":"1726406","fromID":"1315033","toID":"1315031","formEdgeID":null},{"edgeID":"1726407","fromID":"1315033","toID":"1315034","formEdgeID":null},{"edgeID":"1726408","fromID":"1315034","toID":"1315020","formEdgeID":null},{"edgeID":"1726409","fromID":"1315037","toID":"1314996","formEdgeID":null},{"edgeID":"1726410","fromID":"1314996","toID":"1315036","formEdgeID":null},{"edgeID":"1726411","fromID":"1314995","toID":"1315037","formEdgeID":null},{"edgeID":"1726412","fromID":"1315036","toID":"1315035","formEdgeID":null},{"edgeID":"1726413","fromID":"1315035","toID":"1315038","formEdgeID":null},{"edgeID":"1726414","fromID":"1315038","toID":"1314992","formEdgeID":null},{"edgeID":"1726415","fromID":"1315009","toID":"1315039","formEdgeID":null},{"edgeID":"1726416","fromID":"1315039","toID":"1314996","formEdgeID":null},{"edgeID":"1726417","fromID":"1315039","toID":"1315040","formEdgeID":null},{"edgeID":"1726418","fromID":"1315040","toID":"1315038","formEdgeID":null},{"edgeID":"1726419","fromID":"1315002","toID":"1315041","formEdgeID":null},{"edgeID":"1726420","fromID":"1315041","toID":"1315009","formEdgeID":null},{"edgeID":"1726421","fromID":"1314990","toID":"1315042","formEdgeID":null},{"edgeID":"1726422","fromID":"1315042","toID":"1314992","formEdgeID":null},{"edgeID":"1726423","fromID":"1315041","toID":"1315043","formEdgeID":null},{"edgeID":"1726424","fromID":"1315043","toID":"1315042","formEdgeID":null}],"locutions":[]}