{"nodes":[{"nodeID":"1312589","text":"we need to elect a government that cares about those vulnerable people.","type":"I","timestamp":"2023-11-09 13:13:10"},{"nodeID":"1312590","text":"Jack Thorne: We need to elect a government that cares about those vulnerable people.","type":"L","timestamp":"2023-11-09 13:13:10"},{"nodeID":"1312591","text":"Analysing","type":"YA","timestamp":"2023-11-09 13:13:10"},{"nodeID":"1312592","text":"Chris: Jack Thorne: We need to elect a government that cares about those vulnerable people.","type":"L","timestamp":"2023-11-09 13:13:10"},{"nodeID":"1312593","text":"Asserting","type":"YA","timestamp":"2023-11-09 13:13:10"},{"nodeID":"1312594","text":"disabled people died due to of the practice of this government","type":"I","timestamp":"2023-11-09 13:13:11"},{"nodeID":"1312595","text":"Jack Thorne: Disabled people died because of the practice of this government","type":"L","timestamp":"2023-11-09 13:13:11"},{"nodeID":"1312596","text":"Analysing","type":"YA","timestamp":"2023-11-09 13:13:11"},{"nodeID":"1312597","text":"Chris: Jack Thorne: Disabled people died because of the practice of this government","type":"L","timestamp":"2023-11-09 13:13:11"},{"nodeID":"1312598","text":"Asserting","type":"YA","timestamp":"2023-11-09 13:13:11"},{"nodeID":"1312599","text":"Default Transition","type":"TA","timestamp":"2023-11-09 13:13:11"},{"nodeID":"1312600","text":"Wilfred Emmanuel-Jones talks about choices","type":"I","timestamp":"2023-11-09 13:13:12"},{"nodeID":"1312601","text":"Jack Thorne: you talk about choices","type":"L","timestamp":"2023-11-09 13:13:12"},{"nodeID":"1312602","text":"Analysing","type":"YA","timestamp":"2023-11-09 13:13:12"},{"nodeID":"1312603","text":"Chris: Jack Thorne: you talk about choices","type":"L","timestamp":"2023-11-09 13:13:12"},{"nodeID":"1312604","text":"Asserting","type":"YA","timestamp":"2023-11-09 13:13:12"},{"nodeID":"1312605","text":"Default Transition","type":"TA","timestamp":"2023-11-09 13:13:12"},{"nodeID":"1312606","text":"Default Inference","type":"RA","timestamp":"2023-11-09 13:13:12"},{"nodeID":"1312607","text":"choices are informed by who you are as people","type":"I","timestamp":"2023-11-09 13:13:12"},{"nodeID":"1312608","text":"Jack Thorne: choices are informed by who you are as people","type":"L","timestamp":"2023-11-09 13:13:12"},{"nodeID":"1312609","text":"Analysing","type":"YA","timestamp":"2023-11-09 13:13:12"},{"nodeID":"1312610","text":"Chris: Jack Thorne: choices are informed by who you are as people","type":"L","timestamp":"2023-11-09 13:13:12"},{"nodeID":"1312611","text":"Asserting","type":"YA","timestamp":"2023-11-09 13:13:12"},{"nodeID":"1312612","text":"Default Transition","type":"TA","timestamp":"2023-11-09 13:13:12"},{"nodeID":"1312613","text":"Default Rephrase","type":"MA","timestamp":"2023-11-09 13:13:12"},{"nodeID":"1312614","text":"Restating","type":"YA","timestamp":"2023-11-09 13:13:12"},{"nodeID":"1312615","text":"Arguing","type":"YA","timestamp":"2023-11-09 13:13:12"},{"nodeID":"1312616","text":"those people who controlled the government at that time did not care","type":"I","timestamp":"2023-11-09 13:13:13"},{"nodeID":"1312617","text":"Jack Thorne: those people who controlled the government at that time did not care","type":"L","timestamp":"2023-11-09 13:13:13"},{"nodeID":"1312618","text":"Analysing","type":"YA","timestamp":"2023-11-09 13:13:13"},{"nodeID":"1312619","text":"Chris: Jack Thorne: those people who controlled the government at that time did not care","type":"L","timestamp":"2023-11-09 13:13:13"},{"nodeID":"1312620","text":"Asserting","type":"YA","timestamp":"2023-11-09 13:13:13"},{"nodeID":"1312621","text":"Default Transition","type":"TA","timestamp":"2023-11-09 13:13:13"},{"nodeID":"1312622","text":"the unnecessary deaths of disabled people happened due to choices made by a government that didn't care","type":"I","timestamp":"2023-11-09 13:13:13"},{"nodeID":"1312623","text":"Jack Thorne: that is why these deaths happened","type":"L","timestamp":"2023-11-09 13:13:13"},{"nodeID":"1312624","text":"Analysing","type":"YA","timestamp":"2023-11-09 13:13:13"},{"nodeID":"1312625","text":"Chris: Jack Thorne: that is why these deaths happened","type":"L","timestamp":"2023-11-09 13:13:13"},{"nodeID":"1312626","text":"Asserting","type":"YA","timestamp":"2023-11-09 13:13:13"},{"nodeID":"1312627","text":"Default Transition","type":"TA","timestamp":"2023-11-09 13:13:13"},{"nodeID":"1312628","text":"Default Rephrase","type":"MA","timestamp":"2023-11-09 13:13:13"},{"nodeID":"1312629","text":"Restating","type":"YA","timestamp":"2023-11-09 13:13:13"},{"nodeID":"1312630","text":"Default Inference","type":"RA","timestamp":"2023-11-09 13:13:13"},{"nodeID":"1312631","text":"Arguing","type":"YA","timestamp":"2023-11-09 13:13:13"},{"nodeID":"1312632","text":"Default Transition","type":"TA","timestamp":"2023-11-09 13:13:13"},{"nodeID":"1312633","text":"the High Court said the choices made by the government were illegal","type":"I","timestamp":"2023-11-09 13:13:14"},{"nodeID":"1312634","text":"Jack Thorne: The High Court said it was illegal","type":"L","timestamp":"2023-11-09 13:13:14"},{"nodeID":"1312635","text":"Analysing","type":"YA","timestamp":"2023-11-09 13:13:14"},{"nodeID":"1312636","text":"Chris: Jack Thorne: The High Court said it was illegal","type":"L","timestamp":"2023-11-09 13:13:14"},{"nodeID":"1312637","text":"Asserting","type":"YA","timestamp":"2023-11-09 13:13:14"},{"nodeID":"1312638","text":"Default Transition","type":"TA","timestamp":"2023-11-09 13:13:14"},{"nodeID":"1312639","text":"Default Rephrase","type":"MA","timestamp":"2023-11-09 13:13:14"},{"nodeID":"1312640","text":"Restating","type":"YA","timestamp":"2023-11-09 13:13:14"},{"nodeID":"1312641","text":"the High Court said the government's choices were unlawful","type":"I","timestamp":"2023-11-09 13:13:15"},{"nodeID":"1312642","text":"Fiona Bruce: Said it was unlawful","type":"L","timestamp":"2023-11-09 13:13:15"},{"nodeID":"1312643","text":"Analysing","type":"YA","timestamp":"2023-11-09 13:13:15"},{"nodeID":"1312644","text":"Chris: Fiona Bruce: Said it was unlawful","type":"L","timestamp":"2023-11-09 13:13:15"},{"nodeID":"1312645","text":"Asserting","type":"YA","timestamp":"2023-11-09 13:13:15"},{"nodeID":"1312646","text":"Default Transition","type":"TA","timestamp":"2023-11-09 13:13:15"},{"nodeID":"1312647","text":"Default Conflict","type":"CA","timestamp":"2023-11-09 13:13:15"},{"nodeID":"1312648","text":"Disagreeing","type":"YA","timestamp":"2023-11-09 13:13:15"},{"nodeID":"1312649","text":"the government was found to have acted unlawfully discharging patients into care homes without testing at the start of the pandemic","type":"I","timestamp":"2023-11-09 13:13:15"},{"nodeID":"1312650","text":"Fiona Bruce: The government was found to have acted unlawfully discharging patients into care homes without testing at the start of the pandemic","type":"L","timestamp":"2023-11-09 13:13:15"},{"nodeID":"1312651","text":"Analysing","type":"YA","timestamp":"2023-11-09 13:13:15"},{"nodeID":"1312652","text":"Chris: Fiona Bruce: The government was found to have acted unlawfully discharging patients into care homes without testing at the start of the pandemic","type":"L","timestamp":"2023-11-09 13:13:15"},{"nodeID":"1312653","text":"Asserting","type":"YA","timestamp":"2023-11-09 13:13:15"},{"nodeID":"1312654","text":"Default Transition","type":"TA","timestamp":"2023-11-09 13:13:15"},{"nodeID":"1312655","text":"Default Rephrase","type":"MA","timestamp":"2023-11-09 13:13:15"},{"nodeID":"1312656","text":"Restating","type":"YA","timestamp":"2023-11-09 13:13:15"},{"nodeID":"1312657","text":"Labour were or were not suggesting doing anything different to government policy at the time","type":"I","timestamp":"2023-11-09 13:13:16"},{"nodeID":"1312658","text":"Fiona Bruce: Was Labour suggesting doing anything different at the time","type":"L","timestamp":"2023-11-09 13:13:16"},{"nodeID":"1312659","text":"Analysing","type":"YA","timestamp":"2023-11-09 13:13:16"},{"nodeID":"1312660","text":"Chris: Fiona Bruce: Was Labour suggesting doing anything different at the time","type":"L","timestamp":"2023-11-09 13:13:16"},{"nodeID":"1312661","text":"Pure Questioning","type":"YA","timestamp":"2023-11-09 13:13:16"},{"nodeID":"1312662","text":"Default Transition","type":"TA","timestamp":"2023-11-09 13:13:16"},{"nodeID":"1312663","text":"Default Rephrase","type":"MA","timestamp":"2023-11-09 13:13:16"},{"nodeID":"1312664","text":"Restating","type":"YA","timestamp":"2023-11-09 13:13:16"},{"nodeID":"1312665","text":"Labour Shadow Health Secretary Johnathan Ashworth, was warning about moving patients into care homes right at the beginning","type":"I","timestamp":"2023-11-09 13:13:17"},{"nodeID":"1312666","text":"Louise Haigh: My colleague, Johnathan Ashworth, was warning about moving patients into care homes right at the beginning","type":"L","timestamp":"2023-11-09 13:13:17"},{"nodeID":"1312667","text":"Analysing","type":"YA","timestamp":"2023-11-09 13:13:17"},{"nodeID":"1312668","text":"Chris: Louise Haigh: My colleague, Johnathan Ashworth, was warning about moving patients into care homes right at the beginning","type":"L","timestamp":"2023-11-09 13:13:17"},{"nodeID":"1312669","text":"Asserting","type":"YA","timestamp":"2023-11-09 13:13:17"},{"nodeID":"1312670","text":"Default Transition","type":"TA","timestamp":"2023-11-09 13:13:17"},{"nodeID":"1312671","text":"Default Rephrase","type":"MA","timestamp":"2023-11-09 13:13:17"},{"nodeID":"1312672","text":"Default Illocuting","type":"YA","timestamp":"2023-11-09 13:13:17"},{"nodeID":"1312673","text":"xxx is exactly when Labour did warn about moving patients into care","type":"I","timestamp":"2023-11-09 13:13:17"},{"nodeID":"1312674","text":"Fiona Bruce: When exactly","type":"L","timestamp":"2023-11-09 13:13:17"},{"nodeID":"1312675","text":"Analysing","type":"YA","timestamp":"2023-11-09 13:13:17"},{"nodeID":"1312676","text":"Chris: Fiona Bruce: When exactly","type":"L","timestamp":"2023-11-09 13:13:17"},{"nodeID":"1312677","text":"Pure Questioning","type":"YA","timestamp":"2023-11-09 13:13:17"},{"nodeID":"1312678","text":"Default Transition","type":"TA","timestamp":"2023-11-09 13:13:17"},{"nodeID":"1312679","text":"the SAGE minutes in January 2020 contained warnings about this asymptomatic testing","type":"I","timestamp":"2023-11-09 13:13:18"},{"nodeID":"1312680","text":"Louise Haigh: The SAGE minutes in January 2020 contained warnings about this asymptomatic testing","type":"L","timestamp":"2023-11-09 13:13:18"},{"nodeID":"1312681","text":"Analysing","type":"YA","timestamp":"2023-11-09 13:13:18"},{"nodeID":"1312682","text":"Chris: Louise Haigh: The SAGE minutes in January 2020 contained warnings about this asymptomatic testing","type":"L","timestamp":"2023-11-09 13:13:18"},{"nodeID":"1312683","text":"Asserting","type":"YA","timestamp":"2023-11-09 13:13:18"},{"nodeID":"1312684","text":"Default Rephrase","type":"MA","timestamp":"2023-11-09 13:13:18"},{"nodeID":"1312685","text":"Default Transition","type":"TA","timestamp":"2023-11-09 13:13:18"},{"nodeID":"1312686","text":"Restating","type":"YA","timestamp":"2023-11-09 13:13:18"},{"nodeID":"1312687","text":"Johnathan Ashworth, who was Shadow Health Secretary, didn't say anything about that in the Commons","type":"I","timestamp":"2023-11-09 13:13:18"},{"nodeID":"1312688","text":"Fiona Bruce: Johnathan Ashworth, who was Shadow Health Secretary, didn't say anything about that in the Commons","type":"L","timestamp":"2023-11-09 13:13:18"},{"nodeID":"1312689","text":"Analysing","type":"YA","timestamp":"2023-11-09 13:13:18"},{"nodeID":"1312690","text":"Chris: Fiona Bruce: Johnathan Ashworth, who was Shadow Health Secretary, didn't say anything about that in the Commons","type":"L","timestamp":"2023-11-09 13:13:18"},{"nodeID":"1312691","text":"Asserting","type":"YA","timestamp":"2023-11-09 13:13:18"},{"nodeID":"1312692","text":"Default Conflict","type":"CA","timestamp":"2023-11-09 13:13:18"},{"nodeID":"1312693","text":"Default Transition","type":"TA","timestamp":"2023-11-09 13:13:18"},{"nodeID":"1312694","text":"Default Transition","type":"TA","timestamp":"2023-11-09 13:13:18"},{"nodeID":"1312695","text":"Disagreeing","type":"YA","timestamp":"2023-11-09 13:13:18"},{"nodeID":"1312696","text":"Default Rephrase","type":"MA","timestamp":"2023-11-09 13:13:18"},{"nodeID":"1312697","text":"Default Illocuting","type":"YA","timestamp":"2023-11-09 13:13:18"},{"nodeID":"1312698","text":"Johnathan Ashworth talked about patients being moved into care homes","type":"I","timestamp":"2023-11-09 13:13:19"},{"nodeID":"1312699","text":"Louise Haigh: About patients being moved into care homes","type":"L","timestamp":"2023-11-09 13:13:19"},{"nodeID":"1312700","text":"Analysing","type":"YA","timestamp":"2023-11-09 13:13:19"},{"nodeID":"1312701","text":"Chris: Louise Haigh: About patients being moved into care homes","type":"L","timestamp":"2023-11-09 13:13:19"},{"nodeID":"1312702","text":"Rhetorical Questioning","type":"YA","timestamp":"2023-11-09 13:13:19"},{"nodeID":"1312703","text":"Default Transition","type":"TA","timestamp":"2023-11-09 13:13:19"},{"nodeID":"1312704","text":"Johnathan Ashworth did talk about moving patients being moved into care homes, over and over again, repeatedly","type":"I","timestamp":"2023-11-09 13:13:20"},{"nodeID":"1312705","text":"Louise Haigh: Of course he did, over and over again, repeatedly","type":"L","timestamp":"2023-11-09 13:13:20"},{"nodeID":"1312706","text":"Analysing","type":"YA","timestamp":"2023-11-09 13:13:20"},{"nodeID":"1312707","text":"Chris: Louise Haigh: Of course he did, over and over again, repeatedly","type":"L","timestamp":"2023-11-09 13:13:20"},{"nodeID":"1312708","text":"Asserting","type":"YA","timestamp":"2023-11-09 13:13:20"},{"nodeID":"1312709","text":"Default Transition","type":"TA","timestamp":"2023-11-09 13:13:20"},{"nodeID":"1312710","text":"Default Rephrase","type":"MA","timestamp":"2023-11-09 13:13:20"},{"nodeID":"1312711","text":"Restating","type":"YA","timestamp":"2023-11-09 13:13:20"},{"nodeID":"1312712","text":"Default Conflict","type":"CA","timestamp":"2023-11-09 13:13:20"},{"nodeID":"1312713","text":"Default Transition","type":"TA","timestamp":"2023-11-09 13:13:20"},{"nodeID":"1312714","text":"Disagreeing","type":"YA","timestamp":"2023-11-09 13:13:20"},{"nodeID":"1312715","text":"Johnathan Ashworth did not talk about patients being moved to care homes until April","type":"I","timestamp":"2023-11-09 13:13:20"},{"nodeID":"1312716","text":"Fiona Bruce: Not till April","type":"L","timestamp":"2023-11-09 13:13:20"},{"nodeID":"1312717","text":"Analysing","type":"YA","timestamp":"2023-11-09 13:13:20"},{"nodeID":"1312718","text":"Chris: Fiona Bruce: Not till April","type":"L","timestamp":"2023-11-09 13:13:20"},{"nodeID":"1312719","text":"Asserting","type":"YA","timestamp":"2023-11-09 13:13:20"},{"nodeID":"1312720","text":"Default Transition","type":"TA","timestamp":"2023-11-09 13:13:20"},{"nodeID":"1312721","text":"Default Conflict","type":"CA","timestamp":"2023-11-09 13:13:20"},{"nodeID":"1312722","text":"Disagreeing","type":"YA","timestamp":"2023-11-09 13:13:20"},{"nodeID":"1312723","text":"April is after patients being moved into care homes started happening","type":"I","timestamp":"2023-11-09 13:13:21"},{"nodeID":"1312724","text":"Fiona Bruce: After it started happening","type":"L","timestamp":"2023-11-09 13:13:21"},{"nodeID":"1312725","text":"Analysing","type":"YA","timestamp":"2023-11-09 13:13:21"},{"nodeID":"1312726","text":"Chris: Fiona Bruce: After it started happening","type":"L","timestamp":"2023-11-09 13:13:21"},{"nodeID":"1312727","text":"Asserting","type":"YA","timestamp":"2023-11-09 13:13:21"},{"nodeID":"1312728","text":"Default Transition","type":"TA","timestamp":"2023-11-09 13:13:21"},{"nodeID":"1312729","text":"Default Rephrase","type":"MA","timestamp":"2023-11-09 13:13:21"},{"nodeID":"1312730","text":"Default Rephrase","type":"MA","timestamp":"2023-11-09 13:13:21"},{"nodeID":"1312731","text":"Restating","type":"YA","timestamp":"2023-11-09 13:13:21"},{"nodeID":"1312732","text":"Restating","type":"YA","timestamp":"2023-11-09 13:13:21"}],"edges":[{"edgeID":"1723543","fromID":"1312591","toID":"1312590","formEdgeID":null},{"edgeID":"1723544","fromID":"1312592","toID":"1312591","formEdgeID":null},{"edgeID":"1723545","fromID":"1312590","toID":"1312593","formEdgeID":null},{"edgeID":"1723546","fromID":"1312593","toID":"1312589","formEdgeID":null},{"edgeID":"1723547","fromID":"1312596","toID":"1312595","formEdgeID":null},{"edgeID":"1723548","fromID":"1312597","toID":"1312596","formEdgeID":null},{"edgeID":"1723549","fromID":"1312595","toID":"1312598","formEdgeID":null},{"edgeID":"1723550","fromID":"1312598","toID":"1312594","formEdgeID":null},{"edgeID":"1723551","fromID":"1312590","toID":"1312599","formEdgeID":null},{"edgeID":"1723552","fromID":"1312599","toID":"1312595","formEdgeID":null},{"edgeID":"1723553","fromID":"1312602","toID":"1312601","formEdgeID":null},{"edgeID":"1723554","fromID":"1312603","toID":"1312602","formEdgeID":null},{"edgeID":"1723555","fromID":"1312601","toID":"1312604","formEdgeID":null},{"edgeID":"1723556","fromID":"1312604","toID":"1312600","formEdgeID":null},{"edgeID":"1723557","fromID":"1312595","toID":"1312605","formEdgeID":null},{"edgeID":"1723558","fromID":"1312605","toID":"1312601","formEdgeID":null},{"edgeID":"1723559","fromID":"1312594","toID":"1312606","formEdgeID":null},{"edgeID":"1723560","fromID":"1312606","toID":"1312589","formEdgeID":null},{"edgeID":"1723561","fromID":"1312609","toID":"1312608","formEdgeID":null},{"edgeID":"1723562","fromID":"1312610","toID":"1312609","formEdgeID":null},{"edgeID":"1723563","fromID":"1312608","toID":"1312611","formEdgeID":null},{"edgeID":"1723564","fromID":"1312611","toID":"1312607","formEdgeID":null},{"edgeID":"1723565","fromID":"1312601","toID":"1312612","formEdgeID":null},{"edgeID":"1723566","fromID":"1312612","toID":"1312608","formEdgeID":null},{"edgeID":"1723567","fromID":"1312607","toID":"1312613","formEdgeID":null},{"edgeID":"1723568","fromID":"1312613","toID":"1312600","formEdgeID":null},{"edgeID":"1723569","fromID":"1312612","toID":"1312614","formEdgeID":null},{"edgeID":"1723570","fromID":"1312614","toID":"1312613","formEdgeID":null},{"edgeID":"1723571","fromID":"1312599","toID":"1312615","formEdgeID":null},{"edgeID":"1723572","fromID":"1312615","toID":"1312606","formEdgeID":null},{"edgeID":"1723573","fromID":"1312618","toID":"1312617","formEdgeID":null},{"edgeID":"1723574","fromID":"1312619","toID":"1312618","formEdgeID":null},{"edgeID":"1723575","fromID":"1312617","toID":"1312620","formEdgeID":null},{"edgeID":"1723576","fromID":"1312620","toID":"1312616","formEdgeID":null},{"edgeID":"1723577","fromID":"1312608","toID":"1312621","formEdgeID":null},{"edgeID":"1723578","fromID":"1312621","toID":"1312617","formEdgeID":null},{"edgeID":"1723579","fromID":"1312624","toID":"1312623","formEdgeID":null},{"edgeID":"1723580","fromID":"1312625","toID":"1312624","formEdgeID":null},{"edgeID":"1723581","fromID":"1312623","toID":"1312626","formEdgeID":null},{"edgeID":"1723582","fromID":"1312626","toID":"1312622","formEdgeID":null},{"edgeID":"1723583","fromID":"1312617","toID":"1312627","formEdgeID":null},{"edgeID":"1723584","fromID":"1312627","toID":"1312623","formEdgeID":null},{"edgeID":"1723585","fromID":"1312616","toID":"1312628","formEdgeID":null},{"edgeID":"1723586","fromID":"1312628","toID":"1312607","formEdgeID":null},{"edgeID":"1723587","fromID":"1312621","toID":"1312629","formEdgeID":null},{"edgeID":"1723588","fromID":"1312629","toID":"1312628","formEdgeID":null},{"edgeID":"1723589","fromID":"1312622","toID":"1312630","formEdgeID":null},{"edgeID":"1723590","fromID":"1312630","toID":"1312616","formEdgeID":null},{"edgeID":"1723591","fromID":"1312627","toID":"1312631","formEdgeID":null},{"edgeID":"1723592","fromID":"1312631","toID":"1312630","formEdgeID":null},{"edgeID":"1723593","fromID":"1312595","toID":"1312632","formEdgeID":null},{"edgeID":"1723594","fromID":"1312632","toID":"1312623","formEdgeID":null},{"edgeID":"1723595","fromID":"1312635","toID":"1312634","formEdgeID":null},{"edgeID":"1723596","fromID":"1312636","toID":"1312635","formEdgeID":null},{"edgeID":"1723597","fromID":"1312634","toID":"1312637","formEdgeID":null},{"edgeID":"1723598","fromID":"1312637","toID":"1312633","formEdgeID":null},{"edgeID":"1723599","fromID":"1312623","toID":"1312638","formEdgeID":null},{"edgeID":"1723600","fromID":"1312638","toID":"1312634","formEdgeID":null},{"edgeID":"1723601","fromID":"1312633","toID":"1312639","formEdgeID":null},{"edgeID":"1723602","fromID":"1312639","toID":"1312622","formEdgeID":null},{"edgeID":"1723603","fromID":"1312638","toID":"1312640","formEdgeID":null},{"edgeID":"1723604","fromID":"1312640","toID":"1312639","formEdgeID":null},{"edgeID":"1723605","fromID":"1312643","toID":"1312642","formEdgeID":null},{"edgeID":"1723606","fromID":"1312644","toID":"1312643","formEdgeID":null},{"edgeID":"1723607","fromID":"1312642","toID":"1312645","formEdgeID":null},{"edgeID":"1723608","fromID":"1312645","toID":"1312641","formEdgeID":null},{"edgeID":"1723609","fromID":"1312634","toID":"1312646","formEdgeID":null},{"edgeID":"1723610","fromID":"1312646","toID":"1312642","formEdgeID":null},{"edgeID":"1723611","fromID":"1312641","toID":"1312647","formEdgeID":null},{"edgeID":"1723612","fromID":"1312647","toID":"1312633","formEdgeID":null},{"edgeID":"1723613","fromID":"1312646","toID":"1312648","formEdgeID":null},{"edgeID":"1723614","fromID":"1312648","toID":"1312647","formEdgeID":null},{"edgeID":"1723615","fromID":"1312651","toID":"1312650","formEdgeID":null},{"edgeID":"1723616","fromID":"1312652","toID":"1312651","formEdgeID":null},{"edgeID":"1723617","fromID":"1312650","toID":"1312653","formEdgeID":null},{"edgeID":"1723618","fromID":"1312653","toID":"1312649","formEdgeID":null},{"edgeID":"1723619","fromID":"1312642","toID":"1312654","formEdgeID":null},{"edgeID":"1723620","fromID":"1312654","toID":"1312650","formEdgeID":null},{"edgeID":"1723621","fromID":"1312649","toID":"1312655","formEdgeID":null},{"edgeID":"1723622","fromID":"1312655","toID":"1312641","formEdgeID":null},{"edgeID":"1723623","fromID":"1312654","toID":"1312656","formEdgeID":null},{"edgeID":"1723624","fromID":"1312656","toID":"1312655","formEdgeID":null},{"edgeID":"1723625","fromID":"1312659","toID":"1312658","formEdgeID":null},{"edgeID":"1723626","fromID":"1312660","toID":"1312659","formEdgeID":null},{"edgeID":"1723627","fromID":"1312658","toID":"1312661","formEdgeID":null},{"edgeID":"1723628","fromID":"1312661","toID":"1312657","formEdgeID":null},{"edgeID":"1723629","fromID":"1312650","toID":"1312662","formEdgeID":null},{"edgeID":"1723630","fromID":"1312662","toID":"1312658","formEdgeID":null},{"edgeID":"1723631","fromID":"1312657","toID":"1312663","formEdgeID":null},{"edgeID":"1723632","fromID":"1312663","toID":"1312649","formEdgeID":null},{"edgeID":"1723633","fromID":"1312662","toID":"1312664","formEdgeID":null},{"edgeID":"1723634","fromID":"1312664","toID":"1312663","formEdgeID":null},{"edgeID":"1723635","fromID":"1312667","toID":"1312666","formEdgeID":null},{"edgeID":"1723636","fromID":"1312668","toID":"1312667","formEdgeID":null},{"edgeID":"1723637","fromID":"1312666","toID":"1312669","formEdgeID":null},{"edgeID":"1723638","fromID":"1312669","toID":"1312665","formEdgeID":null},{"edgeID":"1723639","fromID":"1312658","toID":"1312670","formEdgeID":null},{"edgeID":"1723640","fromID":"1312670","toID":"1312666","formEdgeID":null},{"edgeID":"1723641","fromID":"1312665","toID":"1312671","formEdgeID":null},{"edgeID":"1723642","fromID":"1312671","toID":"1312657","formEdgeID":null},{"edgeID":"1723643","fromID":"1312670","toID":"1312672","formEdgeID":null},{"edgeID":"1723644","fromID":"1312672","toID":"1312671","formEdgeID":null},{"edgeID":"1723645","fromID":"1312675","toID":"1312674","formEdgeID":null},{"edgeID":"1723646","fromID":"1312676","toID":"1312675","formEdgeID":null},{"edgeID":"1723647","fromID":"1312674","toID":"1312677","formEdgeID":null},{"edgeID":"1723648","fromID":"1312677","toID":"1312673","formEdgeID":null},{"edgeID":"1723649","fromID":"1312666","toID":"1312678","formEdgeID":null},{"edgeID":"1723650","fromID":"1312678","toID":"1312674","formEdgeID":null},{"edgeID":"1723651","fromID":"1312681","toID":"1312680","formEdgeID":null},{"edgeID":"1723652","fromID":"1312682","toID":"1312681","formEdgeID":null},{"edgeID":"1723653","fromID":"1312680","toID":"1312683","formEdgeID":null},{"edgeID":"1723654","fromID":"1312683","toID":"1312679","formEdgeID":null},{"edgeID":"1723655","fromID":"1312679","toID":"1312684","formEdgeID":null},{"edgeID":"1723656","fromID":"1312684","toID":"1312665","formEdgeID":null},{"edgeID":"1723657","fromID":"1312666","toID":"1312685","formEdgeID":null},{"edgeID":"1723658","fromID":"1312685","toID":"1312680","formEdgeID":null},{"edgeID":"1723659","fromID":"1312685","toID":"1312686","formEdgeID":null},{"edgeID":"1723660","fromID":"1312686","toID":"1312684","formEdgeID":null},{"edgeID":"1723661","fromID":"1312689","toID":"1312688","formEdgeID":null},{"edgeID":"1723662","fromID":"1312690","toID":"1312689","formEdgeID":null},{"edgeID":"1723663","fromID":"1312688","toID":"1312691","formEdgeID":null},{"edgeID":"1723664","fromID":"1312691","toID":"1312687","formEdgeID":null},{"edgeID":"1723665","fromID":"1312687","toID":"1312692","formEdgeID":null},{"edgeID":"1723666","fromID":"1312692","toID":"1312665","formEdgeID":null},{"edgeID":"1723667","fromID":"1312674","toID":"1312693","formEdgeID":null},{"edgeID":"1723668","fromID":"1312693","toID":"1312688","formEdgeID":null},{"edgeID":"1723669","fromID":"1312666","toID":"1312694","formEdgeID":null},{"edgeID":"1723670","fromID":"1312694","toID":"1312688","formEdgeID":null},{"edgeID":"1723671","fromID":"1312694","toID":"1312695","formEdgeID":null},{"edgeID":"1723672","fromID":"1312695","toID":"1312692","formEdgeID":null},{"edgeID":"1723673","fromID":"1312687","toID":"1312696","formEdgeID":null},{"edgeID":"1723674","fromID":"1312696","toID":"1312673","formEdgeID":null},{"edgeID":"1723675","fromID":"1312693","toID":"1312697","formEdgeID":null},{"edgeID":"1723676","fromID":"1312697","toID":"1312696","formEdgeID":null},{"edgeID":"1723677","fromID":"1312700","toID":"1312699","formEdgeID":null},{"edgeID":"1723678","fromID":"1312701","toID":"1312700","formEdgeID":null},{"edgeID":"1723679","fromID":"1312699","toID":"1312702","formEdgeID":null},{"edgeID":"1723680","fromID":"1312702","toID":"1312698","formEdgeID":null},{"edgeID":"1723681","fromID":"1312688","toID":"1312703","formEdgeID":null},{"edgeID":"1723682","fromID":"1312703","toID":"1312699","formEdgeID":null},{"edgeID":"1723683","fromID":"1312706","toID":"1312705","formEdgeID":null},{"edgeID":"1723684","fromID":"1312707","toID":"1312706","formEdgeID":null},{"edgeID":"1723685","fromID":"1312705","toID":"1312708","formEdgeID":null},{"edgeID":"1723686","fromID":"1312708","toID":"1312704","formEdgeID":null},{"edgeID":"1723687","fromID":"1312699","toID":"1312709","formEdgeID":null},{"edgeID":"1723688","fromID":"1312709","toID":"1312705","formEdgeID":null},{"edgeID":"1723689","fromID":"1312704","toID":"1312710","formEdgeID":null},{"edgeID":"1723690","fromID":"1312710","toID":"1312698","formEdgeID":null},{"edgeID":"1723691","fromID":"1312709","toID":"1312711","formEdgeID":null},{"edgeID":"1723692","fromID":"1312711","toID":"1312710","formEdgeID":null},{"edgeID":"1723693","fromID":"1312704","toID":"1312712","formEdgeID":null},{"edgeID":"1723694","fromID":"1312712","toID":"1312687","formEdgeID":null},{"edgeID":"1723695","fromID":"1312688","toID":"1312713","formEdgeID":null},{"edgeID":"1723696","fromID":"1312713","toID":"1312705","formEdgeID":null},{"edgeID":"1723697","fromID":"1312713","toID":"1312714","formEdgeID":null},{"edgeID":"1723698","fromID":"1312714","toID":"1312712","formEdgeID":null},{"edgeID":"1723699","fromID":"1312717","toID":"1312716","formEdgeID":null},{"edgeID":"1723700","fromID":"1312718","toID":"1312717","formEdgeID":null},{"edgeID":"1723701","fromID":"1312716","toID":"1312719","formEdgeID":null},{"edgeID":"1723702","fromID":"1312719","toID":"1312715","formEdgeID":null},{"edgeID":"1723703","fromID":"1312705","toID":"1312720","formEdgeID":null},{"edgeID":"1723704","fromID":"1312720","toID":"1312716","formEdgeID":null},{"edgeID":"1723705","fromID":"1312715","toID":"1312721","formEdgeID":null},{"edgeID":"1723706","fromID":"1312721","toID":"1312704","formEdgeID":null},{"edgeID":"1723707","fromID":"1312720","toID":"1312722","formEdgeID":null},{"edgeID":"1723708","fromID":"1312722","toID":"1312721","formEdgeID":null},{"edgeID":"1723709","fromID":"1312725","toID":"1312724","formEdgeID":null},{"edgeID":"1723710","fromID":"1312726","toID":"1312725","formEdgeID":null},{"edgeID":"1723711","fromID":"1312724","toID":"1312727","formEdgeID":null},{"edgeID":"1723712","fromID":"1312727","toID":"1312723","formEdgeID":null},{"edgeID":"1723713","fromID":"1312716","toID":"1312728","formEdgeID":null},{"edgeID":"1723714","fromID":"1312728","toID":"1312724","formEdgeID":null},{"edgeID":"1723715","fromID":"1312723","toID":"1312729","formEdgeID":null},{"edgeID":"1723716","fromID":"1312729","toID":"1312715","formEdgeID":null},{"edgeID":"1723717","fromID":"1312622","toID":"1312730","formEdgeID":null},{"edgeID":"1723718","fromID":"1312731","toID":"1312730","formEdgeID":null},{"edgeID":"1723719","fromID":"1312632","toID":"1312731","formEdgeID":null},{"edgeID":"1723720","fromID":"1312730","toID":"1312594","formEdgeID":null},{"edgeID":"1723721","fromID":"1312728","toID":"1312732","formEdgeID":null},{"edgeID":"1723722","fromID":"1312732","toID":"1312729","formEdgeID":null}],"locutions":[]}