{"nodes":[{"nodeID":"1312840","text":"It was the first inkling we had of quite how wrong things were in the heart of government at the start of COVID","type":"I","timestamp":"2023-11-09 13:13:30"},{"nodeID":"1312841","text":"Charlotte Ivers: It was the first inkling we had of quite how wrong things were in the heart of government at the start of COVID","type":"L","timestamp":"2023-11-09 13:13:30"},{"nodeID":"1312842","text":"Analysing","type":"YA","timestamp":"2023-11-09 13:13:30"},{"nodeID":"1312843","text":"Rebecca: Charlotte Ivers: It was the first inkling we had of quite how wrong things were in the heart of government at the start of COVID","type":"L","timestamp":"2023-11-09 13:13:30"},{"nodeID":"1312844","text":"Asserting","type":"YA","timestamp":"2023-11-09 13:13:30"},{"nodeID":"1312845","text":"the article 38 Days When Britain Sleepwalked into Disaster talks about this operation in 2016 called Operation Cygnus, basically a pandemic preparedness exercise, and they ran a test","type":"I","timestamp":"2023-11-09 13:13:31"},{"nodeID":"1312846","text":"Charlotte Ivers: It talks about this operation in 2016 called Operation Cygnus, basically a pandemic preparedness exercise, and they ran a test","type":"L","timestamp":"2023-11-09 13:13:31"},{"nodeID":"1312847","text":"Analysing","type":"YA","timestamp":"2023-11-09 13:13:31"},{"nodeID":"1312848","text":"Rebecca: Charlotte Ivers: It talks about this operation in 2016 called Operation Cygnus, basically a pandemic preparedness exercise, and they ran a test","type":"L","timestamp":"2023-11-09 13:13:31"},{"nodeID":"1312849","text":"Asserting","type":"YA","timestamp":"2023-11-09 13:13:31"},{"nodeID":"1312850","text":"Operation Cygnus said what happens if we get hit by a massive pandemic","type":"I","timestamp":"2023-11-09 13:13:32"},{"nodeID":"1312851","text":"Charlotte Ivers: They said what happens if we get hit by a massive pandemic","type":"L","timestamp":"2023-11-09 13:13:32"},{"nodeID":"1312852","text":"Analysing","type":"YA","timestamp":"2023-11-09 13:13:32"},{"nodeID":"1312853","text":"Rebecca: Charlotte Ivers: They said what happens if we get hit by a massive pandemic","type":"L","timestamp":"2023-11-09 13:13:32"},{"nodeID":"1312854","text":"Asserting","type":"YA","timestamp":"2023-11-09 13:13:32"},{"nodeID":"1312855","text":"the audience does or does not know what Operation Cygnus found","type":"I","timestamp":"2023-11-09 13:13:32"},{"nodeID":"1312856","text":"Charlotte Ivers: Do you know what they found","type":"L","timestamp":"2023-11-09 13:13:32"},{"nodeID":"1312857","text":"Analysing","type":"YA","timestamp":"2023-11-09 13:13:32"},{"nodeID":"1312858","text":"Rebecca: Charlotte Ivers: Do you know what they found","type":"L","timestamp":"2023-11-09 13:13:32"},{"nodeID":"1312859","text":"Pure Questioning","type":"YA","timestamp":"2023-11-09 13:13:32"},{"nodeID":"1312860","text":"Operation Cygnus found that Great Britain was not prepared for a pandemic","type":"I","timestamp":"2023-11-09 13:13:33"},{"nodeID":"1312861","text":"Charlotte Ivers: They found that we weren't prepared","type":"L","timestamp":"2023-11-09 13:13:33"},{"nodeID":"1312862","text":"Analysing","type":"YA","timestamp":"2023-11-09 13:13:33"},{"nodeID":"1312863","text":"Rebecca: Charlotte Ivers: They found that we weren't prepared","type":"L","timestamp":"2023-11-09 13:13:33"},{"nodeID":"1312864","text":"Asserting","type":"YA","timestamp":"2023-11-09 13:13:33"},{"nodeID":"1312865","text":"Default Transition","type":"TA","timestamp":"2023-11-09 13:13:33"},{"nodeID":"1312866","text":"Default Rephrase","type":"MA","timestamp":"2023-11-09 13:13:33"},{"nodeID":"1312867","text":"Default Illocuting","type":"YA","timestamp":"2023-11-09 13:13:33"},{"nodeID":"1312868","text":"Default Transition","type":"TA","timestamp":"2023-11-09 13:13:33"},{"nodeID":"1312869","text":"Default Rephrase","type":"MA","timestamp":"2023-11-09 13:13:33"},{"nodeID":"1312870","text":"Restating","type":"YA","timestamp":"2023-11-09 13:13:33"},{"nodeID":"1312871","text":"Default Transition","type":"TA","timestamp":"2023-11-09 13:13:33"},{"nodeID":"1312872","text":"there wasn't enough PPE, there weren't enough ventilators","type":"I","timestamp":"2023-11-09 13:13:33"},{"nodeID":"1312873","text":"Charlotte Ivers: They found there wasn't enough PPE, there weren't enough ventilators","type":"L","timestamp":"2023-11-09 13:13:33"},{"nodeID":"1312874","text":"Analysing","type":"YA","timestamp":"2023-11-09 13:13:33"},{"nodeID":"1312875","text":"Rebecca: Charlotte Ivers: They found there wasn't enough PPE, there weren't enough ventilators","type":"L","timestamp":"2023-11-09 13:13:33"},{"nodeID":"1312876","text":"Asserting","type":"YA","timestamp":"2023-11-09 13:13:33"},{"nodeID":"1312877","text":"Default Transition","type":"TA","timestamp":"2023-11-09 13:13:33"},{"nodeID":"1312878","text":"Default Inference","type":"RA","timestamp":"2023-11-09 13:13:33"},{"nodeID":"1312879","text":"Arguing","type":"YA","timestamp":"2023-11-09 13:13:33"},{"nodeID":"1312880","text":"nothing happened to fix the lack of preparations for a pandemic","type":"I","timestamp":"2023-11-09 13:13:34"},{"nodeID":"1312881","text":"Charlotte Ivers: What happens?","type":"L","timestamp":"2023-11-09 13:13:34"},{"nodeID":"1312882","text":"Analysing","type":"YA","timestamp":"2023-11-09 13:13:34"},{"nodeID":"1312883","text":"Rebecca: Charlotte Ivers: What happens?","type":"L","timestamp":"2023-11-09 13:13:34"},{"nodeID":"1312884","text":"Rhetorical Questioning","type":"YA","timestamp":"2023-11-09 13:13:34"},{"nodeID":"1312885","text":"nothing was done to fix that problem","type":"I","timestamp":"2023-11-09 13:13:35"},{"nodeID":"1312886","text":"Charlotte Ivers: Nothing was done to fix that problem","type":"L","timestamp":"2023-11-09 13:13:35"},{"nodeID":"1312887","text":"Analysing","type":"YA","timestamp":"2023-11-09 13:13:35"},{"nodeID":"1312888","text":"Rebecca: Charlotte Ivers: Nothing was done to fix that problem","type":"L","timestamp":"2023-11-09 13:13:35"},{"nodeID":"1312889","text":"Asserting","type":"YA","timestamp":"2023-11-09 13:13:35"},{"nodeID":"1312890","text":"Default Transition","type":"TA","timestamp":"2023-11-09 13:13:35"},{"nodeID":"1312891","text":"Default Rephrase","type":"MA","timestamp":"2023-11-09 13:13:35"},{"nodeID":"1312892","text":"Restating","type":"YA","timestamp":"2023-11-09 13:13:35"},{"nodeID":"1312893","text":"Default Transition","type":"TA","timestamp":"2023-11-09 13:13:35"},{"nodeID":"1312894","text":"there is this case to be made that individuals have their role in the catastrophes surrounding Covid","type":"I","timestamp":"2023-11-09 13:13:35"},{"nodeID":"1312895","text":"Charlotte Ivers: there is this case to be made that individuals have their role","type":"L","timestamp":"2023-11-09 13:13:35"},{"nodeID":"1312896","text":"Analysing","type":"YA","timestamp":"2023-11-09 13:13:35"},{"nodeID":"1312897","text":"Rebecca: Charlotte Ivers: there is this case to be made that individuals have their role","type":"L","timestamp":"2023-11-09 13:13:35"},{"nodeID":"1312898","text":"Asserting","type":"YA","timestamp":"2023-11-09 13:13:35"},{"nodeID":"1312899","text":"Default Transition","type":"TA","timestamp":"2023-11-09 13:13:35"},{"nodeID":"1312900","text":"that terrifies me much more than individuals","type":"I","timestamp":"2023-11-09 13:13:36"},{"nodeID":"1312901","text":"Charlotte Ivers: that terrifies me much more than individuals","type":"L","timestamp":"2023-11-09 13:13:36"},{"nodeID":"1312902","text":"Analysing","type":"YA","timestamp":"2023-11-09 13:13:36"},{"nodeID":"1312903","text":"Rebecca: Charlotte Ivers: that terrifies me much more than individuals","type":"L","timestamp":"2023-11-09 13:13:36"},{"nodeID":"1312904","text":"Asserting","type":"YA","timestamp":"2023-11-09 13:13:36"},{"nodeID":"1312905","text":"Default Transition","type":"TA","timestamp":"2023-11-09 13:13:36"},{"nodeID":"1312906","text":"the apparatus of the state is just simply not working","type":"I","timestamp":"2023-11-09 13:13:37"},{"nodeID":"1312907","text":"Charlotte Ivers: The apparatus of the state is just simply not working","type":"L","timestamp":"2023-11-09 13:13:37"},{"nodeID":"1312908","text":"Analysing","type":"YA","timestamp":"2023-11-09 13:13:37"},{"nodeID":"1312909","text":"Rebecca: Charlotte Ivers: The apparatus of the state is just simply not working","type":"L","timestamp":"2023-11-09 13:13:37"},{"nodeID":"1312910","text":"Asserting","type":"YA","timestamp":"2023-11-09 13:13:37"},{"nodeID":"1312911","text":"Default Rephrase","type":"MA","timestamp":"2023-11-09 13:13:37"},{"nodeID":"1312912","text":"Default Transition","type":"TA","timestamp":"2023-11-09 13:13:37"},{"nodeID":"1312913","text":"Restating","type":"YA","timestamp":"2023-11-09 13:13:37"},{"nodeID":"1312914","text":"we pulled the levers of government and the levers were made of chocolate","type":"I","timestamp":"2023-11-09 13:13:37"},{"nodeID":"1312915","text":"Charlotte Ivers: he said something like we pulled the levers of government and the levers were made of chocolate","type":"L","timestamp":"2023-11-09 13:13:37"},{"nodeID":"1312916","text":"Analysing","type":"YA","timestamp":"2023-11-09 13:13:37"},{"nodeID":"1312917","text":"Rebecca: Charlotte Ivers: he said something like we pulled the levers of government and the levers were made of chocolate","type":"L","timestamp":"2023-11-09 13:13:37"},{"nodeID":"1312918","text":"Dominic Cummings: we pulled the levers of government and the levers were made of chocolate","type":"L","timestamp":"2023-11-09 13:13:37"},{"nodeID":"1312919","text":"Analysing","type":"YA","timestamp":"2023-11-09 13:13:37"},{"nodeID":"1312920","text":"Rebecca: Dominic Cummings: he said something like we pulled the levers of government and the levers were made of chocolate","type":"L","timestamp":"2023-11-09 13:13:37"},{"nodeID":"1312921","text":"Asserting","type":"YA","timestamp":"2023-11-09 13:13:37"},{"nodeID":"1312922","text":"Asserting","type":"YA","timestamp":"2023-11-09 13:13:37"},{"nodeID":"1312923","text":"the lack of preparation for a pandemic is much more concerning to Charlotte Ivers than Keir Starmer having a beer, Rishi Sunak turning up for some cake","type":"I","timestamp":"2023-11-09 13:13:38"},{"nodeID":"1312924","text":"Charlotte Ivers: That is much more concerning to me than Keir Starmer having a beer, Rishi Sunak turning up for some cake","type":"L","timestamp":"2023-11-09 13:13:38"},{"nodeID":"1312925","text":"Analysing","type":"YA","timestamp":"2023-11-09 13:13:38"},{"nodeID":"1312926","text":"Rebecca: Charlotte Ivers: That is much more concerning to me than Keir Starmer having a beer, Rishi Sunak turning up for some cake","type":"L","timestamp":"2023-11-09 13:13:38"},{"nodeID":"1312927","text":"Asserting","type":"YA","timestamp":"2023-11-09 13:13:38"},{"nodeID":"1312928","text":"Default Transition","type":"TA","timestamp":"2023-11-09 13:13:38"},{"nodeID":"1312929","text":"Tracey Connelly, Baby P's mother, should or should not ever be released from prison","type":"I","timestamp":"2023-11-09 13:13:38"},{"nodeID":"1312930","text":"Rebecca Hawkins: Should Tracey Connelly, Baby P's mother, ever be released from prison","type":"L","timestamp":"2023-11-09 13:13:38"},{"nodeID":"1312931","text":"Analysing","type":"YA","timestamp":"2023-11-09 13:13:38"},{"nodeID":"1312932","text":"Rebecca: Rebecca Hawkins: Should Tracey Connelly, Baby P's mother, ever be released from prison","type":"L","timestamp":"2023-11-09 13:13:38"},{"nodeID":"1312933","text":"Pure Questioning","type":"YA","timestamp":"2023-11-09 13:13:38"},{"nodeID":"1312934","text":"Default Transition","type":"TA","timestamp":"2023-11-09 13:13:38"},{"nodeID":"1312935","text":"Dominic Cummings is a man who very much splits opinion but really was at the heart of the response of the state to the pandemic","type":"I","timestamp":"2023-11-09 13:13:39"},{"nodeID":"1312936","text":"Charlotte Ivers: Dominic Cummings, a man who very much splits opinion but really was at the heart of that","type":"L","timestamp":"2023-11-09 13:13:39"},{"nodeID":"1312937","text":"Analysing","type":"YA","timestamp":"2023-11-09 13:13:39"},{"nodeID":"1312938","text":"Rebecca: Charlotte Ivers: Dominic Cummings, a man who very much splits opinion but really was at the heart of that","type":"L","timestamp":"2023-11-09 13:13:39"},{"nodeID":"1312939","text":"Asserting","type":"YA","timestamp":"2023-11-09 13:13:39"},{"nodeID":"1312940","text":"Default Transition","type":"TA","timestamp":"2023-11-09 13:13:39"},{"nodeID":"1312941","text":"Default Transition","type":"TA","timestamp":"2023-11-09 13:13:39"}],"edges":[{"edgeID":"1723845","fromID":"1312842","toID":"1312841","formEdgeID":null},{"edgeID":"1723846","fromID":"1312843","toID":"1312842","formEdgeID":null},{"edgeID":"1723847","fromID":"1312841","toID":"1312844","formEdgeID":null},{"edgeID":"1723848","fromID":"1312844","toID":"1312840","formEdgeID":null},{"edgeID":"1723849","fromID":"1312847","toID":"1312846","formEdgeID":null},{"edgeID":"1723850","fromID":"1312848","toID":"1312847","formEdgeID":null},{"edgeID":"1723851","fromID":"1312846","toID":"1312849","formEdgeID":null},{"edgeID":"1723852","fromID":"1312849","toID":"1312845","formEdgeID":null},{"edgeID":"1723853","fromID":"1312852","toID":"1312851","formEdgeID":null},{"edgeID":"1723854","fromID":"1312853","toID":"1312852","formEdgeID":null},{"edgeID":"1723855","fromID":"1312851","toID":"1312854","formEdgeID":null},{"edgeID":"1723856","fromID":"1312854","toID":"1312850","formEdgeID":null},{"edgeID":"1723857","fromID":"1312857","toID":"1312856","formEdgeID":null},{"edgeID":"1723858","fromID":"1312858","toID":"1312857","formEdgeID":null},{"edgeID":"1723859","fromID":"1312856","toID":"1312859","formEdgeID":null},{"edgeID":"1723860","fromID":"1312859","toID":"1312855","formEdgeID":null},{"edgeID":"1723861","fromID":"1312862","toID":"1312861","formEdgeID":null},{"edgeID":"1723862","fromID":"1312863","toID":"1312862","formEdgeID":null},{"edgeID":"1723863","fromID":"1312861","toID":"1312864","formEdgeID":null},{"edgeID":"1723864","fromID":"1312864","toID":"1312860","formEdgeID":null},{"edgeID":"1723865","fromID":"1312856","toID":"1312865","formEdgeID":null},{"edgeID":"1723866","fromID":"1312865","toID":"1312861","formEdgeID":null},{"edgeID":"1723867","fromID":"1312860","toID":"1312866","formEdgeID":null},{"edgeID":"1723868","fromID":"1312866","toID":"1312855","formEdgeID":null},{"edgeID":"1723869","fromID":"1312865","toID":"1312867","formEdgeID":null},{"edgeID":"1723870","fromID":"1312867","toID":"1312866","formEdgeID":null},{"edgeID":"1723871","fromID":"1312846","toID":"1312868","formEdgeID":null},{"edgeID":"1723872","fromID":"1312868","toID":"1312851","formEdgeID":null},{"edgeID":"1723873","fromID":"1312850","toID":"1312869","formEdgeID":null},{"edgeID":"1723874","fromID":"1312869","toID":"1312845","formEdgeID":null},{"edgeID":"1723875","fromID":"1312868","toID":"1312870","formEdgeID":null},{"edgeID":"1723876","fromID":"1312870","toID":"1312869","formEdgeID":null},{"edgeID":"1723877","fromID":"1312851","toID":"1312871","formEdgeID":null},{"edgeID":"1723878","fromID":"1312871","toID":"1312856","formEdgeID":null},{"edgeID":"1723879","fromID":"1312874","toID":"1312873","formEdgeID":null},{"edgeID":"1723880","fromID":"1312875","toID":"1312874","formEdgeID":null},{"edgeID":"1723881","fromID":"1312873","toID":"1312876","formEdgeID":null},{"edgeID":"1723882","fromID":"1312876","toID":"1312872","formEdgeID":null},{"edgeID":"1723883","fromID":"1312861","toID":"1312877","formEdgeID":null},{"edgeID":"1723884","fromID":"1312877","toID":"1312873","formEdgeID":null},{"edgeID":"1723885","fromID":"1312872","toID":"1312878","formEdgeID":null},{"edgeID":"1723886","fromID":"1312878","toID":"1312860","formEdgeID":null},{"edgeID":"1723887","fromID":"1312877","toID":"1312879","formEdgeID":null},{"edgeID":"1723888","fromID":"1312879","toID":"1312878","formEdgeID":null},{"edgeID":"1723889","fromID":"1312882","toID":"1312881","formEdgeID":null},{"edgeID":"1723890","fromID":"1312883","toID":"1312882","formEdgeID":null},{"edgeID":"1723891","fromID":"1312881","toID":"1312884","formEdgeID":null},{"edgeID":"1723892","fromID":"1312884","toID":"1312880","formEdgeID":null},{"edgeID":"1723893","fromID":"1312887","toID":"1312886","formEdgeID":null},{"edgeID":"1723894","fromID":"1312888","toID":"1312887","formEdgeID":null},{"edgeID":"1723895","fromID":"1312886","toID":"1312889","formEdgeID":null},{"edgeID":"1723896","fromID":"1312889","toID":"1312885","formEdgeID":null},{"edgeID":"1723897","fromID":"1312881","toID":"1312890","formEdgeID":null},{"edgeID":"1723898","fromID":"1312890","toID":"1312886","formEdgeID":null},{"edgeID":"1723899","fromID":"1312885","toID":"1312891","formEdgeID":null},{"edgeID":"1723900","fromID":"1312891","toID":"1312880","formEdgeID":null},{"edgeID":"1723901","fromID":"1312890","toID":"1312892","formEdgeID":null},{"edgeID":"1723902","fromID":"1312892","toID":"1312891","formEdgeID":null},{"edgeID":"1723903","fromID":"1312873","toID":"1312893","formEdgeID":null},{"edgeID":"1723904","fromID":"1312893","toID":"1312881","formEdgeID":null},{"edgeID":"1723905","fromID":"1312896","toID":"1312895","formEdgeID":null},{"edgeID":"1723906","fromID":"1312897","toID":"1312896","formEdgeID":null},{"edgeID":"1723907","fromID":"1312895","toID":"1312898","formEdgeID":null},{"edgeID":"1723908","fromID":"1312898","toID":"1312894","formEdgeID":null},{"edgeID":"1723909","fromID":"1312886","toID":"1312899","formEdgeID":null},{"edgeID":"1723910","fromID":"1312899","toID":"1312895","formEdgeID":null},{"edgeID":"1723911","fromID":"1312902","toID":"1312901","formEdgeID":null},{"edgeID":"1723912","fromID":"1312903","toID":"1312902","formEdgeID":null},{"edgeID":"1723913","fromID":"1312901","toID":"1312904","formEdgeID":null},{"edgeID":"1723914","fromID":"1312904","toID":"1312900","formEdgeID":null},{"edgeID":"1723915","fromID":"1312895","toID":"1312905","formEdgeID":null},{"edgeID":"1723916","fromID":"1312905","toID":"1312901","formEdgeID":null},{"edgeID":"1723917","fromID":"1312908","toID":"1312907","formEdgeID":null},{"edgeID":"1723918","fromID":"1312909","toID":"1312908","formEdgeID":null},{"edgeID":"1723919","fromID":"1312907","toID":"1312910","formEdgeID":null},{"edgeID":"1723920","fromID":"1312910","toID":"1312906","formEdgeID":null},{"edgeID":"1723921","fromID":"1312906","toID":"1312911","formEdgeID":null},{"edgeID":"1723922","fromID":"1312911","toID":"1312840","formEdgeID":null},{"edgeID":"1723923","fromID":"1312841","toID":"1312912","formEdgeID":null},{"edgeID":"1723924","fromID":"1312912","toID":"1312907","formEdgeID":null},{"edgeID":"1723925","fromID":"1312912","toID":"1312913","formEdgeID":null},{"edgeID":"1723926","fromID":"1312913","toID":"1312911","formEdgeID":null},{"edgeID":"1723927","fromID":"1312916","toID":"1312915","formEdgeID":null},{"edgeID":"1723928","fromID":"1312917","toID":"1312916","formEdgeID":null},{"edgeID":"1723929","fromID":"1312919","toID":"1312918","formEdgeID":null},{"edgeID":"1723930","fromID":"1312920","toID":"1312919","formEdgeID":null},{"edgeID":"1723931","fromID":"1312918","toID":"1312921","formEdgeID":null},{"edgeID":"1723932","fromID":"1312921","toID":"1312914","formEdgeID":null},{"edgeID":"1723933","fromID":"1312915","toID":"1312922","formEdgeID":null},{"edgeID":"1723934","fromID":"1312922","toID":"1312918","formEdgeID":null},{"edgeID":"1723935","fromID":"1312925","toID":"1312924","formEdgeID":null},{"edgeID":"1723936","fromID":"1312926","toID":"1312925","formEdgeID":null},{"edgeID":"1723937","fromID":"1312924","toID":"1312927","formEdgeID":null},{"edgeID":"1723938","fromID":"1312927","toID":"1312923","formEdgeID":null},{"edgeID":"1723939","fromID":"1312915","toID":"1312928","formEdgeID":null},{"edgeID":"1723940","fromID":"1312928","toID":"1312924","formEdgeID":null},{"edgeID":"1723941","fromID":"1312931","toID":"1312930","formEdgeID":null},{"edgeID":"1723942","fromID":"1312932","toID":"1312931","formEdgeID":null},{"edgeID":"1723943","fromID":"1312930","toID":"1312933","formEdgeID":null},{"edgeID":"1723944","fromID":"1312933","toID":"1312929","formEdgeID":null},{"edgeID":"1723945","fromID":"1312924","toID":"1312934","formEdgeID":null},{"edgeID":"1723946","fromID":"1312934","toID":"1312930","formEdgeID":null},{"edgeID":"1723947","fromID":"1312937","toID":"1312936","formEdgeID":null},{"edgeID":"1723948","fromID":"1312938","toID":"1312937","formEdgeID":null},{"edgeID":"1723949","fromID":"1312936","toID":"1312939","formEdgeID":null},{"edgeID":"1723950","fromID":"1312939","toID":"1312935","formEdgeID":null},{"edgeID":"1723951","fromID":"1312907","toID":"1312940","formEdgeID":null},{"edgeID":"1723952","fromID":"1312940","toID":"1312936","formEdgeID":null},{"edgeID":"1723953","fromID":"1312936","toID":"1312941","formEdgeID":null},{"edgeID":"1723954","fromID":"1312941","toID":"1312915","formEdgeID":null}],"locutions":[]}