{"nodes":[{"nodeID":"1315044","text":"you need to protect that investment in the independent businesses now","type":"I","timestamp":"2023-11-09 13:16:37"},{"nodeID":"1315045","text":"Damian Green is going to just hand out money","type":"I","timestamp":"2023-11-09 13:16:38"},{"nodeID":"1315046","text":"Damian Green needs to make sure that handing out money is followed up","type":"I","timestamp":"2023-11-09 13:16:38"},{"nodeID":"1315047","text":"Damian Green needs to make sure that that money is working and protected","type":"I","timestamp":"2023-11-09 13:16:39"},{"nodeID":"1315048","text":"it's like a company that's just made \u00a37 billion","type":"I","timestamp":"2023-11-09 13:16:39"},{"nodeID":"1315049","text":"we can't give the company that's just made \u00a37 billion a Windrush tax","type":"I","timestamp":"2023-11-09 13:16:40"},{"nodeID":"1315050","text":"Unknown Speaker: we're told we can't give the company that's just made \u00a37 billion a Windrush tax","type":"L","timestamp":"2023-11-09 13:16:40"},{"nodeID":"1315051","text":"Zlata: Unknown Speaker: we're told we can't give the company that's just made \u00a37 billion a Windrush tax","type":"L","timestamp":"2023-11-09 13:16:40"},{"nodeID":"1315052","text":"giving a company that just made \u00a37 billion a windfall tax is going to stop them investing in renewable energy","type":"I","timestamp":"2023-11-09 13:16:40"},{"nodeID":"1315053","text":"we can't give the company that's just made \u00a37 billion a windfall tax","type":"I","timestamp":"2023-11-09 13:16:41"},{"nodeID":"1315054","text":"Fiona Bruce: A windfall tax","type":"L","timestamp":"2023-11-09 13:16:41"},{"nodeID":"1315055","text":"Zlata: Fiona Bruce: A windfall tax","type":"L","timestamp":"2023-11-09 13:16:41"},{"nodeID":"1315056","text":"two years ago the government took \u00a3257 million","type":"I","timestamp":"2023-11-09 13:16:42"},{"nodeID":"1315057","text":"two years ago there was a drop in oil and gas prices","type":"I","timestamp":"2023-11-09 13:16:42"},{"nodeID":"1315058","text":"the government takes a hit","type":"I","timestamp":"2023-11-09 13:16:43"},{"nodeID":"1315059","text":"the oil companies should be taking a reciprocal hit through a windfall tax","type":"I","timestamp":"2023-11-09 13:16:43"},{"nodeID":"1315060","text":"corporations do pay more tax","type":"I","timestamp":"2023-11-09 13:16:44"},{"nodeID":"1315061","text":"Damian Green :  They do pay more tax","type":"L","timestamp":"2023-11-09 13:16:44"},{"nodeID":"1315062","text":"Zlata: Damian Green :  They do pay more tax","type":"L","timestamp":"2023-11-09 13:16:44"},{"nodeID":"1315063","text":"oil corporations pay corporation tax at much higher levels than normal companies","type":"I","timestamp":"2023-11-09 13:16:44"},{"nodeID":"1315064","text":"Damian Green :  they pay corporation tax at much higher levels than normal companies","type":"L","timestamp":"2023-11-09 13:16:44"},{"nodeID":"1315065","text":"Zlata: Damian Green :  they pay corporation tax at much higher levels than normal companies","type":"L","timestamp":"2023-11-09 13:16:44"},{"nodeID":"1315066","text":"the corporations make more profits","type":"I","timestamp":"2023-11-09 13:16:45"},{"nodeID":"1315067","text":"Damian Green : they make more profits","type":"L","timestamp":"2023-11-09 13:16:45"},{"nodeID":"1315068","text":"Zlata: Damian Green : they make more profits","type":"L","timestamp":"2023-11-09 13:16:45"},{"nodeID":"1315069","text":"the corporations pay billions extra in tax","type":"I","timestamp":"2023-11-09 13:16:46"},{"nodeID":"1315070","text":"Damian Green : they pay billions extra in tax","type":"L","timestamp":"2023-11-09 13:16:46"},{"nodeID":"1315071","text":"Zlata: Damian Green : they pay billions extra in tax","type":"L","timestamp":"2023-11-09 13:16:46"},{"nodeID":"1315072","text":"Unknown Speaker: it's going to stop them investing in renewable energy","type":"L","timestamp":"2023-11-09 13:16:46"},{"nodeID":"1315073","text":"Zlata: Unknown Speaker: giving a company that just made \u00a37 billion a windfall tax is going to stop them investing in renewable energy","type":"L","timestamp":"2023-11-09 13:16:46"},{"nodeID":"1315074","text":"AudienceMember 20220512QT18 just wants to raise the point about Damian Green saying the government's bailed all the independent businesses out","type":"I","timestamp":"2023-11-09 13:16:46"},{"nodeID":"1315075","text":"AudienceMember 20220512QT18: I just want to raise the point actually about obviously you saying the government's bailed all the independent businesses out","type":"L","timestamp":"2023-11-09 13:16:46"},{"nodeID":"1315076","text":"Analysing","type":"YA","timestamp":"2023-11-09 13:16:46"},{"nodeID":"1315077","text":"Zlata: AudienceMember 20220512QT18: I just want to raise the point actually about obviously you saying the government's bailed all the independent businesses out","type":"L","timestamp":"2023-11-09 13:16:46"},{"nodeID":"1315078","text":"Asserting","type":"YA","timestamp":"2023-11-09 13:16:46"},{"nodeID":"1315079","text":"AudienceMember 20220512QT18: You need to protect that investment now","type":"L","timestamp":"2023-11-09 13:16:46"},{"nodeID":"1315080","text":"Analysing","type":"YA","timestamp":"2023-11-09 13:16:46"},{"nodeID":"1315081","text":"Zlata: AudienceMember 20220512QT18: You need to protect that investment now","type":"L","timestamp":"2023-11-09 13:16:46"},{"nodeID":"1315082","text":"Asserting","type":"YA","timestamp":"2023-11-09 13:16:46"},{"nodeID":"1315083","text":"AudienceMember 20220512QT18 a small business owner","type":"I","timestamp":"2023-11-09 13:16:47"},{"nodeID":"1315084","text":"AudienceMember 20220512QT18: I'm a small business owner","type":"L","timestamp":"2023-11-09 13:16:47"},{"nodeID":"1315085","text":"Analysing","type":"YA","timestamp":"2023-11-09 13:16:47"},{"nodeID":"1315086","text":"Zlata: AudienceMember 20220512QT18: I'm a small business owner","type":"L","timestamp":"2023-11-09 13:16:47"},{"nodeID":"1315087","text":"Asserting","type":"YA","timestamp":"2023-11-09 13:16:47"},{"nodeID":"1315088","text":"Default Transition","type":"TA","timestamp":"2023-11-09 13:16:47"},{"nodeID":"1315089","text":"Default Rephrase","type":"MA","timestamp":"2023-11-09 13:16:47"},{"nodeID":"1315090","text":"Restating","type":"YA","timestamp":"2023-11-09 13:16:47"},{"nodeID":"1315091","text":"Default Transition","type":"TA","timestamp":"2023-11-09 13:16:47"},{"nodeID":"1315092","text":"Default Inference","type":"RA","timestamp":"2023-11-09 13:16:47"},{"nodeID":"1315093","text":"Arguing","type":"YA","timestamp":"2023-11-09 13:16:47"},{"nodeID":"1315094","text":"AudienceMember 20220512QT18's electricity for his little shop has gone from 22 pence per kilowatt hour to 77 pence","type":"I","timestamp":"2023-11-09 13:16:47"},{"nodeID":"1315095","text":"AudienceMember 20220512QT18: My electricity for my little shop has gone from 22 pence per kilowatt hour to 77 pence","type":"L","timestamp":"2023-11-09 13:16:47"},{"nodeID":"1315096","text":"Analysing","type":"YA","timestamp":"2023-11-09 13:16:47"},{"nodeID":"1315097","text":"Zlata: AudienceMember 20220512QT18: My electricity for my little shop has gone from 22 pence per kilowatt hour to 77 pence","type":"L","timestamp":"2023-11-09 13:16:47"},{"nodeID":"1315098","text":"Asserting","type":"YA","timestamp":"2023-11-09 13:16:47"},{"nodeID":"1315099","text":"Default Transition","type":"TA","timestamp":"2023-11-09 13:16:47"},{"nodeID":"1315100","text":"AudienceMember 20220512QT18 has no protection of a price cap","type":"I","timestamp":"2023-11-09 13:16:48"},{"nodeID":"1315101","text":"AudienceMember 20220512QT18:  I have no protection of a price cap","type":"L","timestamp":"2023-11-09 13:16:48"},{"nodeID":"1315102","text":"Analysing","type":"YA","timestamp":"2023-11-09 13:16:48"},{"nodeID":"1315103","text":"Zlata: AudienceMember 20220512QT18:  I have no protection of a price cap","type":"L","timestamp":"2023-11-09 13:16:48"},{"nodeID":"1315104","text":"Asserting","type":"YA","timestamp":"2023-11-09 13:16:48"},{"nodeID":"1315105","text":"AudienceMember 20220512QT18 has no idea how much my energy's going to go up to","type":"I","timestamp":"2023-11-09 13:16:49"},{"nodeID":"1315106","text":"AudienceMember 20220512QT18: I have no idea how much my energy's going to go up to","type":"L","timestamp":"2023-11-09 13:16:49"},{"nodeID":"1315107","text":"Analysing","type":"YA","timestamp":"2023-11-09 13:16:49"},{"nodeID":"1315108","text":"Zlata: AudienceMember 20220512QT18: I have no idea how much my energy's going to go up to","type":"L","timestamp":"2023-11-09 13:16:49"},{"nodeID":"1315109","text":"Asserting","type":"YA","timestamp":"2023-11-09 13:16:49"},{"nodeID":"1315110","text":"Default Transition","type":"TA","timestamp":"2023-11-09 13:16:49"},{"nodeID":"1315111","text":"Default Inference","type":"RA","timestamp":"2023-11-09 13:16:49"},{"nodeID":"1315112","text":"Default Transition","type":"TA","timestamp":"2023-11-09 13:16:49"},{"nodeID":"1315113","text":"Arguing","type":"YA","timestamp":"2023-11-09 13:16:49"},{"nodeID":"1315114","text":"AudienceMember 20220512QT18 employs three other people","type":"I","timestamp":"2023-11-09 13:16:49"},{"nodeID":"1315115","text":"AudienceMember 20220512QT18: I employ three other people","type":"L","timestamp":"2023-11-09 13:16:49"},{"nodeID":"1315116","text":"Analysing","type":"YA","timestamp":"2023-11-09 13:16:49"},{"nodeID":"1315117","text":"Zlata: AudienceMember 20220512QT18: I employ three other people","type":"L","timestamp":"2023-11-09 13:16:49"},{"nodeID":"1315118","text":"Asserting","type":"YA","timestamp":"2023-11-09 13:16:49"},{"nodeID":"1315119","text":"Default Transition","type":"TA","timestamp":"2023-11-09 13:16:49"},{"nodeID":"1315120","text":"in the very near future looks like AudienceMember 20220512QT18 will have to make redundant his employees","type":"I","timestamp":"2023-11-09 13:16:50"},{"nodeID":"1315121","text":"AudienceMember 20220512QT18:  in the very near future looks like I'll have to make redundant","type":"L","timestamp":"2023-11-09 13:16:50"},{"nodeID":"1315122","text":"Analysing","type":"YA","timestamp":"2023-11-09 13:16:50"},{"nodeID":"1315123","text":"Zlata: AudienceMember 20220512QT18:  in the very near future looks like I'll have to make redundant","type":"L","timestamp":"2023-11-09 13:16:50"},{"nodeID":"1315124","text":"Asserting","type":"YA","timestamp":"2023-11-09 13:16:50"},{"nodeID":"1315125","text":"Default Transition","type":"TA","timestamp":"2023-11-09 13:16:50"},{"nodeID":"1315126","text":"AudienceMember 20220512QT18 has no further protection of that investment that the government gave me to bail through COVID","type":"I","timestamp":"2023-11-09 13:16:50"},{"nodeID":"1315127","text":"AudienceMember 20220512QT18: I've not no further protection of that investment that the government gave me to bail through COVID","type":"L","timestamp":"2023-11-09 13:16:50"},{"nodeID":"1315128","text":"Analysing","type":"YA","timestamp":"2023-11-09 13:16:50"},{"nodeID":"1315129","text":"Zlata: AudienceMember 20220512QT18: I've not no further protection of that investment that the government gave me to bail through COVID","type":"L","timestamp":"2023-11-09 13:16:50"},{"nodeID":"1315130","text":"Asserting","type":"YA","timestamp":"2023-11-09 13:16:50"},{"nodeID":"1315131","text":"Default Transition","type":"TA","timestamp":"2023-11-09 13:16:50"},{"nodeID":"1315132","text":"Default Transition","type":"TA","timestamp":"2023-11-09 13:16:50"},{"nodeID":"1315133","text":"Default Inference","type":"RA","timestamp":"2023-11-09 13:16:50"},{"nodeID":"1315134","text":"Arguing","type":"YA","timestamp":"2023-11-09 13:16:50"},{"nodeID":"1315135","text":"AudienceMember 20220512QT18: you're going to just hand out money","type":"L","timestamp":"2023-11-09 13:16:50"},{"nodeID":"1315136","text":"Analysing","type":"YA","timestamp":"2023-11-09 13:16:50"},{"nodeID":"1315137","text":"Zlata: AudienceMember 20220512QT18: you're going to just hand out money","type":"L","timestamp":"2023-11-09 13:16:50"},{"nodeID":"1315138","text":"Asserting","type":"YA","timestamp":"2023-11-09 13:16:50"},{"nodeID":"1315139","text":"Default Transition","type":"TA","timestamp":"2023-11-09 13:16:50"},{"nodeID":"1315140","text":"AudienceMember 20220512QT18: it's followed up","type":"L","timestamp":"2023-11-09 13:16:50"},{"nodeID":"1315141","text":"Analysing","type":"YA","timestamp":"2023-11-09 13:16:50"},{"nodeID":"1315142","text":"Zlata: AudienceMember 20220512QT18: it's followed up","type":"L","timestamp":"2023-11-09 13:16:50"},{"nodeID":"1315143","text":"Asserting","type":"YA","timestamp":"2023-11-09 13:16:50"},{"nodeID":"1315144","text":"Default Transition","type":"TA","timestamp":"2023-11-09 13:16:50"},{"nodeID":"1315145","text":"Default Rephrase","type":"MA","timestamp":"2023-11-09 13:16:50"},{"nodeID":"1315146","text":"Restating","type":"YA","timestamp":"2023-11-09 13:16:50"},{"nodeID":"1315147","text":"Default Transition","type":"TA","timestamp":"2023-11-09 13:16:50"},{"nodeID":"1315148","text":"Default Rephrase","type":"MA","timestamp":"2023-11-09 13:16:50"},{"nodeID":"1315149","text":"Restating","type":"YA","timestamp":"2023-11-09 13:16:50"},{"nodeID":"1315150","text":"AudienceMember 20220512QT18: make sure that that money is working and protected","type":"L","timestamp":"2023-11-09 13:16:50"},{"nodeID":"1315151","text":"Analysing","type":"YA","timestamp":"2023-11-09 13:16:50"},{"nodeID":"1315152","text":"Zlata: AudienceMember 20220512QT18: make sure that that money is working and protected","type":"L","timestamp":"2023-11-09 13:16:50"},{"nodeID":"1315153","text":"Asserting","type":"YA","timestamp":"2023-11-09 13:16:50"},{"nodeID":"1315154","text":"Default Transition","type":"TA","timestamp":"2023-11-09 13:16:50"},{"nodeID":"1315155","text":"Default Rephrase","type":"MA","timestamp":"2023-11-09 13:16:50"},{"nodeID":"1315156","text":"Restating","type":"YA","timestamp":"2023-11-09 13:16:50"},{"nodeID":"1315157","text":"Default Transition","type":"TA","timestamp":"2023-11-09 13:16:50"},{"nodeID":"1315158","text":"Default Inference","type":"RA","timestamp":"2023-11-09 13:16:50"},{"nodeID":"1315159","text":"Arguing","type":"YA","timestamp":"2023-11-09 13:16:50"},{"nodeID":"1315160","text":"AudienceMember 20220512QT18: It's like a company that's just made \u00a37 billion","type":"L","timestamp":"2023-11-09 13:16:50"},{"nodeID":"1315161","text":"Analysing","type":"YA","timestamp":"2023-11-09 13:16:50"},{"nodeID":"1315162","text":"Zlata: AudienceMember 20220512QT18: It's like a company that's just made \u00a37 billion","type":"L","timestamp":"2023-11-09 13:16:50"},{"nodeID":"1315163","text":"Asserting","type":"YA","timestamp":"2023-11-09 13:16:50"},{"nodeID":"1315164","text":"Default Transition","type":"TA","timestamp":"2023-11-09 13:16:50"},{"nodeID":"1315165","text":"AudienceMember 20220512QT18: we're told oh, we can't give them a Windrush tax","type":"L","timestamp":"2023-11-09 13:16:50"},{"nodeID":"1315166","text":"Analysing","type":"YA","timestamp":"2023-11-09 13:16:50"},{"nodeID":"1315167","text":"Zlata: AudienceMember 20220512QT18: we're told oh, we can't give them a Windrush tax","type":"L","timestamp":"2023-11-09 13:16:50"},{"nodeID":"1315168","text":"Analysing","type":"YA","timestamp":"2023-11-09 13:16:50"},{"nodeID":"1315169","text":"Default Transition","type":"TA","timestamp":"2023-11-09 13:16:50"},{"nodeID":"1315170","text":"Asserting","type":"YA","timestamp":"2023-11-09 13:16:50"},{"nodeID":"1315171","text":"Asserting","type":"YA","timestamp":"2023-11-09 13:16:50"},{"nodeID":"1315172","text":"Default Rephrase","type":"MA","timestamp":"2023-11-09 13:16:50"},{"nodeID":"1315173","text":"Restating","type":"YA","timestamp":"2023-11-09 13:16:50"},{"nodeID":"1315174","text":"AudienceMember 20220512QT19: A windfall tax","type":"L","timestamp":"2023-11-09 13:16:50"},{"nodeID":"1315175","text":"Analysing","type":"YA","timestamp":"2023-11-09 13:16:50"},{"nodeID":"1315176","text":"Zlata: AudienceMember 20220512QT19: A windfall tax","type":"L","timestamp":"2023-11-09 13:16:50"},{"nodeID":"1315177","text":"AudienceMember 20220512QT19: it's going to stop them investing in renewable energy","type":"L","timestamp":"2023-11-09 13:16:50"},{"nodeID":"1315178","text":"Analysing","type":"YA","timestamp":"2023-11-09 13:16:50"},{"nodeID":"1315179","text":"Zlata: AudienceMember 20220512QT19: it's going to stop them investing in renewable energy","type":"L","timestamp":"2023-11-09 13:16:50"},{"nodeID":"1315180","text":"Analysing","type":"YA","timestamp":"2023-11-09 13:16:50"},{"nodeID":"1315181","text":"Analysing","type":"YA","timestamp":"2023-11-09 13:16:50"},{"nodeID":"1315182","text":"Default Transition","type":"TA","timestamp":"2023-11-09 13:16:50"},{"nodeID":"1315183","text":"Default Transition","type":"TA","timestamp":"2023-11-09 13:16:50"},{"nodeID":"1315184","text":"Default Transition","type":"TA","timestamp":"2023-11-09 13:16:50"},{"nodeID":"1315185","text":"Asserting","type":"YA","timestamp":"2023-11-09 13:16:50"},{"nodeID":"1315186","text":"Asserting","type":"YA","timestamp":"2023-11-09 13:16:50"},{"nodeID":"1315187","text":"Default Rephrase","type":"MA","timestamp":"2023-11-09 13:16:50"},{"nodeID":"1315188","text":"Restating","type":"YA","timestamp":"2023-11-09 13:16:50"},{"nodeID":"1315189","text":"Agreeing","type":"YA","timestamp":"2023-11-09 13:16:50"},{"nodeID":"1315190","text":"Default Transition","type":"TA","timestamp":"2023-11-09 13:16:50"},{"nodeID":"1315191","text":"Default Inference","type":"RA","timestamp":"2023-11-09 13:16:50"},{"nodeID":"1315192","text":"Arguing","type":"YA","timestamp":"2023-11-09 13:16:50"},{"nodeID":"1315193","text":"AudienceMember 20220512QT19: two years ago the government took, I think it was \u00a3257 million","type":"L","timestamp":"2023-11-09 13:16:50"},{"nodeID":"1315194","text":"Analysing","type":"YA","timestamp":"2023-11-09 13:16:50"},{"nodeID":"1315195","text":"Zlata: AudienceMember 20220512QT19: two years ago the government took, I think it was \u00a3257 million","type":"L","timestamp":"2023-11-09 13:16:50"},{"nodeID":"1315196","text":"Asserting","type":"YA","timestamp":"2023-11-09 13:16:50"},{"nodeID":"1315197","text":"Default Transition","type":"TA","timestamp":"2023-11-09 13:16:50"},{"nodeID":"1315198","text":"AudienceMember 20220512QT19: the drop in oil and gas prices","type":"L","timestamp":"2023-11-09 13:16:50"},{"nodeID":"1315199","text":"Analysing","type":"YA","timestamp":"2023-11-09 13:16:50"},{"nodeID":"1315200","text":"Zlata: AudienceMember 20220512QT19: the drop in oil and gas prices","type":"L","timestamp":"2023-11-09 13:16:50"},{"nodeID":"1315201","text":"Asserting","type":"YA","timestamp":"2023-11-09 13:16:50"},{"nodeID":"1315202","text":"AudienceMember 20220512QT19: the government takes a hit","type":"L","timestamp":"2023-11-09 13:16:50"},{"nodeID":"1315203","text":"Analysing","type":"YA","timestamp":"2023-11-09 13:16:50"},{"nodeID":"1315204","text":"Zlata: AudienceMember 20220512QT19: the government takes a hit","type":"L","timestamp":"2023-11-09 13:16:50"},{"nodeID":"1315205","text":"Asserting","type":"YA","timestamp":"2023-11-09 13:16:50"},{"nodeID":"1315206","text":"Default Transition","type":"TA","timestamp":"2023-11-09 13:16:50"},{"nodeID":"1315207","text":"AudienceMember 20220512QT19: why shouldn't they be taking a windfall tax","type":"L","timestamp":"2023-11-09 13:16:50"},{"nodeID":"1315208","text":"Analysing","type":"YA","timestamp":"2023-11-09 13:16:50"},{"nodeID":"1315209","text":"Zlata: AudienceMember 20220512QT19: why shouldn't they be taking a windfall tax","type":"L","timestamp":"2023-11-09 13:16:50"},{"nodeID":"1315210","text":"Assertive Questioning","type":"YA","timestamp":"2023-11-09 13:16:50"},{"nodeID":"1315211","text":"Default Transition","type":"TA","timestamp":"2023-11-09 13:16:50"},{"nodeID":"1315212","text":"Default Rephrase","type":"MA","timestamp":"2023-11-09 13:16:50"},{"nodeID":"1315213","text":"Restating","type":"YA","timestamp":"2023-11-09 13:16:50"},{"nodeID":"1315214","text":"Analysing","type":"YA","timestamp":"2023-11-09 13:16:50"},{"nodeID":"1315215","text":"Asserting","type":"YA","timestamp":"2023-11-09 13:16:50"},{"nodeID":"1315216","text":"Default Transition","type":"TA","timestamp":"2023-11-09 13:16:50"},{"nodeID":"1315217","text":"Analysing","type":"YA","timestamp":"2023-11-09 13:16:50"},{"nodeID":"1315218","text":"Asserting","type":"YA","timestamp":"2023-11-09 13:16:50"},{"nodeID":"1315219","text":"Default Transition","type":"TA","timestamp":"2023-11-09 13:16:50"},{"nodeID":"1315220","text":"Default Inference","type":"RA","timestamp":"2023-11-09 13:16:50"},{"nodeID":"1315221","text":"Arguing","type":"YA","timestamp":"2023-11-09 13:16:50"},{"nodeID":"1315222","text":"Analysing","type":"YA","timestamp":"2023-11-09 13:16:50"},{"nodeID":"1315223","text":"Asserting","type":"YA","timestamp":"2023-11-09 13:16:50"},{"nodeID":"1315224","text":"Analysing","type":"YA","timestamp":"2023-11-09 13:16:50"},{"nodeID":"1315225","text":"Asserting","type":"YA","timestamp":"2023-11-09 13:16:50"},{"nodeID":"1315226","text":"Default Transition","type":"TA","timestamp":"2023-11-09 13:16:50"},{"nodeID":"1315227","text":"Default Transition","type":"TA","timestamp":"2023-11-09 13:16:50"},{"nodeID":"1315228","text":"Default Inference","type":"RA","timestamp":"2023-11-09 13:16:50"},{"nodeID":"1315229","text":"Arguing","type":"YA","timestamp":"2023-11-09 13:16:50"},{"nodeID":"1315230","text":"Default Inference","type":"RA","timestamp":"2023-11-09 13:16:50"},{"nodeID":"1315231","text":"Arguing","type":"YA","timestamp":"2023-11-09 13:16:50"},{"nodeID":"1315232","text":"Analysing","type":"YA","timestamp":"2023-11-09 13:16:50"},{"nodeID":"1315233","text":"Asserting","type":"YA","timestamp":"2023-11-09 13:16:50"},{"nodeID":"1315234","text":"Asserting","type":"YA","timestamp":"2023-11-09 13:16:50"},{"nodeID":"1315235","text":"Default Inference","type":"RA","timestamp":"2023-11-09 13:16:50"},{"nodeID":"1315236","text":"Default Transition","type":"TA","timestamp":"2023-11-09 13:16:50"},{"nodeID":"1315237","text":"Arguing","type":"YA","timestamp":"2023-11-09 13:16:50"},{"nodeID":"1315238","text":"Default Conflict","type":"CA","timestamp":"2023-11-09 13:16:50"},{"nodeID":"1315239","text":"Disagreeing","type":"YA","timestamp":"2023-11-09 13:16:50"}],"edges":[{"edgeID":"1726425","fromID":"1315076","toID":"1315075","formEdgeID":null},{"edgeID":"1726426","fromID":"1315077","toID":"1315076","formEdgeID":null},{"edgeID":"1726427","fromID":"1315075","toID":"1315078","formEdgeID":null},{"edgeID":"1726428","fromID":"1315078","toID":"1315074","formEdgeID":null},{"edgeID":"1726429","fromID":"1315080","toID":"1315079","formEdgeID":null},{"edgeID":"1726430","fromID":"1315081","toID":"1315080","formEdgeID":null},{"edgeID":"1726431","fromID":"1315079","toID":"1315082","formEdgeID":null},{"edgeID":"1726432","fromID":"1315082","toID":"1315044","formEdgeID":null},{"edgeID":"1726433","fromID":"1315085","toID":"1315084","formEdgeID":null},{"edgeID":"1726434","fromID":"1315086","toID":"1315085","formEdgeID":null},{"edgeID":"1726435","fromID":"1315084","toID":"1315087","formEdgeID":null},{"edgeID":"1726436","fromID":"1315087","toID":"1315083","formEdgeID":null},{"edgeID":"1726437","fromID":"1315075","toID":"1315088","formEdgeID":null},{"edgeID":"1726438","fromID":"1315088","toID":"1315079","formEdgeID":null},{"edgeID":"1726439","fromID":"1315044","toID":"1315089","formEdgeID":null},{"edgeID":"1726440","fromID":"1315089","toID":"1315074","formEdgeID":null},{"edgeID":"1726441","fromID":"1315088","toID":"1315090","formEdgeID":null},{"edgeID":"1726442","fromID":"1315090","toID":"1315089","formEdgeID":null},{"edgeID":"1726443","fromID":"1315075","toID":"1315091","formEdgeID":null},{"edgeID":"1726444","fromID":"1315091","toID":"1315084","formEdgeID":null},{"edgeID":"1726445","fromID":"1315083","toID":"1315092","formEdgeID":null},{"edgeID":"1726446","fromID":"1315092","toID":"1315074","formEdgeID":null},{"edgeID":"1726447","fromID":"1315091","toID":"1315093","formEdgeID":null},{"edgeID":"1726448","fromID":"1315093","toID":"1315092","formEdgeID":null},{"edgeID":"1726449","fromID":"1315096","toID":"1315095","formEdgeID":null},{"edgeID":"1726450","fromID":"1315097","toID":"1315096","formEdgeID":null},{"edgeID":"1726451","fromID":"1315095","toID":"1315098","formEdgeID":null},{"edgeID":"1726452","fromID":"1315098","toID":"1315094","formEdgeID":null},{"edgeID":"1726453","fromID":"1315084","toID":"1315099","formEdgeID":null},{"edgeID":"1726454","fromID":"1315099","toID":"1315095","formEdgeID":null},{"edgeID":"1726455","fromID":"1315102","toID":"1315101","formEdgeID":null},{"edgeID":"1726456","fromID":"1315103","toID":"1315102","formEdgeID":null},{"edgeID":"1726457","fromID":"1315101","toID":"1315104","formEdgeID":null},{"edgeID":"1726458","fromID":"1315104","toID":"1315100","formEdgeID":null},{"edgeID":"1726459","fromID":"1315107","toID":"1315106","formEdgeID":null},{"edgeID":"1726460","fromID":"1315108","toID":"1315107","formEdgeID":null},{"edgeID":"1726461","fromID":"1315106","toID":"1315109","formEdgeID":null},{"edgeID":"1726462","fromID":"1315109","toID":"1315105","formEdgeID":null},{"edgeID":"1726463","fromID":"1315095","toID":"1315110","formEdgeID":null},{"edgeID":"1726464","fromID":"1315110","toID":"1315106","formEdgeID":null},{"edgeID":"1726465","fromID":"1315094","toID":"1315111","formEdgeID":null},{"edgeID":"1726466","fromID":"1315111","toID":"1315105","formEdgeID":null},{"edgeID":"1726467","fromID":"1315100","toID":"1315111","formEdgeID":null},{"edgeID":"1726468","fromID":"1315101","toID":"1315112","formEdgeID":null},{"edgeID":"1726469","fromID":"1315112","toID":"1315106","formEdgeID":null},{"edgeID":"1726470","fromID":"1315112","toID":"1315113","formEdgeID":null},{"edgeID":"1726471","fromID":"1315113","toID":"1315111","formEdgeID":null},{"edgeID":"1726472","fromID":"1315116","toID":"1315115","formEdgeID":null},{"edgeID":"1726473","fromID":"1315117","toID":"1315116","formEdgeID":null},{"edgeID":"1726474","fromID":"1315115","toID":"1315118","formEdgeID":null},{"edgeID":"1726475","fromID":"1315118","toID":"1315114","formEdgeID":null},{"edgeID":"1726476","fromID":"1315106","toID":"1315119","formEdgeID":null},{"edgeID":"1726477","fromID":"1315119","toID":"1315115","formEdgeID":null},{"edgeID":"1726478","fromID":"1315122","toID":"1315121","formEdgeID":null},{"edgeID":"1726479","fromID":"1315123","toID":"1315122","formEdgeID":null},{"edgeID":"1726480","fromID":"1315121","toID":"1315124","formEdgeID":null},{"edgeID":"1726481","fromID":"1315124","toID":"1315120","formEdgeID":null},{"edgeID":"1726482","fromID":"1315115","toID":"1315125","formEdgeID":null},{"edgeID":"1726483","fromID":"1315125","toID":"1315121","formEdgeID":null},{"edgeID":"1726484","fromID":"1315128","toID":"1315127","formEdgeID":null},{"edgeID":"1726485","fromID":"1315129","toID":"1315128","formEdgeID":null},{"edgeID":"1726486","fromID":"1315127","toID":"1315130","formEdgeID":null},{"edgeID":"1726487","fromID":"1315130","toID":"1315126","formEdgeID":null},{"edgeID":"1726488","fromID":"1315121","toID":"1315131","formEdgeID":null},{"edgeID":"1726489","fromID":"1315131","toID":"1315127","formEdgeID":null},{"edgeID":"1726490","fromID":"1315079","toID":"1315132","formEdgeID":null},{"edgeID":"1726491","fromID":"1315132","toID":"1315127","formEdgeID":null},{"edgeID":"1726492","fromID":"1315126","toID":"1315133","formEdgeID":null},{"edgeID":"1726493","fromID":"1315133","toID":"1315094","formEdgeID":null},{"edgeID":"1726494","fromID":"1315132","toID":"1315134","formEdgeID":null},{"edgeID":"1726495","fromID":"1315134","toID":"1315133","formEdgeID":null},{"edgeID":"1726496","fromID":"1315136","toID":"1315135","formEdgeID":null},{"edgeID":"1726497","fromID":"1315137","toID":"1315136","formEdgeID":null},{"edgeID":"1726498","fromID":"1315135","toID":"1315138","formEdgeID":null},{"edgeID":"1726499","fromID":"1315138","toID":"1315045","formEdgeID":null},{"edgeID":"1726500","fromID":"1315127","toID":"1315139","formEdgeID":null},{"edgeID":"1726501","fromID":"1315139","toID":"1315135","formEdgeID":null},{"edgeID":"1726502","fromID":"1315141","toID":"1315140","formEdgeID":null},{"edgeID":"1726503","fromID":"1315142","toID":"1315141","formEdgeID":null},{"edgeID":"1726504","fromID":"1315140","toID":"1315143","formEdgeID":null},{"edgeID":"1726505","fromID":"1315143","toID":"1315046","formEdgeID":null},{"edgeID":"1726506","fromID":"1315135","toID":"1315144","formEdgeID":null},{"edgeID":"1726507","fromID":"1315144","toID":"1315140","formEdgeID":null},{"edgeID":"1726508","fromID":"1315046","toID":"1315145","formEdgeID":null},{"edgeID":"1726509","fromID":"1315145","toID":"1315045","formEdgeID":null},{"edgeID":"1726510","fromID":"1315144","toID":"1315146","formEdgeID":null},{"edgeID":"1726511","fromID":"1315146","toID":"1315145","formEdgeID":null},{"edgeID":"1726512","fromID":"1315079","toID":"1315147","formEdgeID":null},{"edgeID":"1726513","fromID":"1315147","toID":"1315140","formEdgeID":null},{"edgeID":"1726514","fromID":"1315046","toID":"1315148","formEdgeID":null},{"edgeID":"1726515","fromID":"1315148","toID":"1315044","formEdgeID":null},{"edgeID":"1726516","fromID":"1315147","toID":"1315149","formEdgeID":null},{"edgeID":"1726517","fromID":"1315149","toID":"1315148","formEdgeID":null},{"edgeID":"1726518","fromID":"1315151","toID":"1315150","formEdgeID":null},{"edgeID":"1726519","fromID":"1315152","toID":"1315151","formEdgeID":null},{"edgeID":"1726520","fromID":"1315150","toID":"1315153","formEdgeID":null},{"edgeID":"1726521","fromID":"1315153","toID":"1315047","formEdgeID":null},{"edgeID":"1726522","fromID":"1315140","toID":"1315154","formEdgeID":null},{"edgeID":"1726523","fromID":"1315154","toID":"1315150","formEdgeID":null},{"edgeID":"1726524","fromID":"1315047","toID":"1315155","formEdgeID":null},{"edgeID":"1726525","fromID":"1315155","toID":"1315046","formEdgeID":null},{"edgeID":"1726526","fromID":"1315154","toID":"1315156","formEdgeID":null},{"edgeID":"1726527","fromID":"1315156","toID":"1315155","formEdgeID":null},{"edgeID":"1726528","fromID":"1315127","toID":"1315157","formEdgeID":null},{"edgeID":"1726529","fromID":"1315157","toID":"1315140","formEdgeID":null},{"edgeID":"1726530","fromID":"1315126","toID":"1315158","formEdgeID":null},{"edgeID":"1726531","fromID":"1315158","toID":"1315046","formEdgeID":null},{"edgeID":"1726532","fromID":"1315157","toID":"1315159","formEdgeID":null},{"edgeID":"1726533","fromID":"1315159","toID":"1315158","formEdgeID":null},{"edgeID":"1726534","fromID":"1315161","toID":"1315160","formEdgeID":null},{"edgeID":"1726535","fromID":"1315162","toID":"1315161","formEdgeID":null},{"edgeID":"1726536","fromID":"1315160","toID":"1315163","formEdgeID":null},{"edgeID":"1726537","fromID":"1315163","toID":"1315048","formEdgeID":null},{"edgeID":"1726538","fromID":"1315150","toID":"1315164","formEdgeID":null},{"edgeID":"1726539","fromID":"1315164","toID":"1315160","formEdgeID":null},{"edgeID":"1726540","fromID":"1315166","toID":"1315165","formEdgeID":null},{"edgeID":"1726541","fromID":"1315167","toID":"1315166","formEdgeID":null},{"edgeID":"1726542","fromID":"1315168","toID":"1315050","formEdgeID":null},{"edgeID":"1726543","fromID":"1315051","toID":"1315168","formEdgeID":null},{"edgeID":"1726544","fromID":"1315160","toID":"1315169","formEdgeID":null},{"edgeID":"1726545","fromID":"1315169","toID":"1315165","formEdgeID":null},{"edgeID":"1726546","fromID":"1315165","toID":"1315170","formEdgeID":null},{"edgeID":"1726547","fromID":"1315170","toID":"1315050","formEdgeID":null},{"edgeID":"1726548","fromID":"1315050","toID":"1315171","formEdgeID":null},{"edgeID":"1726549","fromID":"1315171","toID":"1315049","formEdgeID":null},{"edgeID":"1726550","fromID":"1315049","toID":"1315172","formEdgeID":null},{"edgeID":"1726551","fromID":"1315172","toID":"1315048","formEdgeID":null},{"edgeID":"1726552","fromID":"1315169","toID":"1315173","formEdgeID":null},{"edgeID":"1726553","fromID":"1315173","toID":"1315172","formEdgeID":null},{"edgeID":"1726554","fromID":"1315175","toID":"1315174","formEdgeID":null},{"edgeID":"1726555","fromID":"1315176","toID":"1315175","formEdgeID":null},{"edgeID":"1726556","fromID":"1315178","toID":"1315177","formEdgeID":null},{"edgeID":"1726557","fromID":"1315179","toID":"1315178","formEdgeID":null},{"edgeID":"1726558","fromID":"1315180","toID":"1315054","formEdgeID":null},{"edgeID":"1726559","fromID":"1315055","toID":"1315180","formEdgeID":null},{"edgeID":"1726560","fromID":"1315181","toID":"1315174","formEdgeID":null},{"edgeID":"1726561","fromID":"1315176","toID":"1315181","formEdgeID":null},{"edgeID":"1726562","fromID":"1315165","toID":"1315182","formEdgeID":null},{"edgeID":"1726563","fromID":"1315182","toID":"1315054","formEdgeID":null},{"edgeID":"1726564","fromID":"1315054","toID":"1315183","formEdgeID":null},{"edgeID":"1726565","fromID":"1315183","toID":"1315174","formEdgeID":null},{"edgeID":"1726566","fromID":"1315174","toID":"1315184","formEdgeID":null},{"edgeID":"1726567","fromID":"1315184","toID":"1315177","formEdgeID":null},{"edgeID":"1726568","fromID":"1315054","toID":"1315185","formEdgeID":null},{"edgeID":"1726569","fromID":"1315185","toID":"1315174","formEdgeID":null},{"edgeID":"1726570","fromID":"1315174","toID":"1315186","formEdgeID":null},{"edgeID":"1726571","fromID":"1315186","toID":"1315053","formEdgeID":null},{"edgeID":"1726572","fromID":"1315053","toID":"1315187","formEdgeID":null},{"edgeID":"1726573","fromID":"1315187","toID":"1315049","formEdgeID":null},{"edgeID":"1726574","fromID":"1315182","toID":"1315188","formEdgeID":null},{"edgeID":"1726575","fromID":"1315188","toID":"1315187","formEdgeID":null},{"edgeID":"1726576","fromID":"1315183","toID":"1315189","formEdgeID":null},{"edgeID":"1726577","fromID":"1315189","toID":"1315053","formEdgeID":null},{"edgeID":"1726578","fromID":"1315165","toID":"1315190","formEdgeID":null},{"edgeID":"1726579","fromID":"1315190","toID":"1315177","formEdgeID":null},{"edgeID":"1726580","fromID":"1315049","toID":"1315191","formEdgeID":null},{"edgeID":"1726581","fromID":"1315191","toID":"1315052","formEdgeID":null},{"edgeID":"1726582","fromID":"1315190","toID":"1315192","formEdgeID":null},{"edgeID":"1726583","fromID":"1315192","toID":"1315191","formEdgeID":null},{"edgeID":"1726584","fromID":"1315194","toID":"1315193","formEdgeID":null},{"edgeID":"1726585","fromID":"1315195","toID":"1315194","formEdgeID":null},{"edgeID":"1726586","fromID":"1315193","toID":"1315196","formEdgeID":null},{"edgeID":"1726587","fromID":"1315196","toID":"1315056","formEdgeID":null},{"edgeID":"1726588","fromID":"1315177","toID":"1315197","formEdgeID":null},{"edgeID":"1726589","fromID":"1315197","toID":"1315193","formEdgeID":null},{"edgeID":"1726590","fromID":"1315199","toID":"1315198","formEdgeID":null},{"edgeID":"1726591","fromID":"1315200","toID":"1315199","formEdgeID":null},{"edgeID":"1726592","fromID":"1315198","toID":"1315201","formEdgeID":null},{"edgeID":"1726593","fromID":"1315201","toID":"1315057","formEdgeID":null},{"edgeID":"1726594","fromID":"1315203","toID":"1315202","formEdgeID":null},{"edgeID":"1726595","fromID":"1315204","toID":"1315203","formEdgeID":null},{"edgeID":"1726596","fromID":"1315202","toID":"1315205","formEdgeID":null},{"edgeID":"1726597","fromID":"1315205","toID":"1315058","formEdgeID":null},{"edgeID":"1726598","fromID":"1315198","toID":"1315206","formEdgeID":null},{"edgeID":"1726599","fromID":"1315206","toID":"1315202","formEdgeID":null},{"edgeID":"1726600","fromID":"1315208","toID":"1315207","formEdgeID":null},{"edgeID":"1726601","fromID":"1315209","toID":"1315208","formEdgeID":null},{"edgeID":"1726602","fromID":"1315207","toID":"1315210","formEdgeID":null},{"edgeID":"1726603","fromID":"1315210","toID":"1315059","formEdgeID":null},{"edgeID":"1726604","fromID":"1315202","toID":"1315211","formEdgeID":null},{"edgeID":"1726605","fromID":"1315211","toID":"1315207","formEdgeID":null},{"edgeID":"1726606","fromID":"1315059","toID":"1315212","formEdgeID":null},{"edgeID":"1726607","fromID":"1315212","toID":"1315058","formEdgeID":null},{"edgeID":"1726608","fromID":"1315211","toID":"1315213","formEdgeID":null},{"edgeID":"1726609","fromID":"1315213","toID":"1315212","formEdgeID":null},{"edgeID":"1726610","fromID":"1315214","toID":"1315061","formEdgeID":null},{"edgeID":"1726611","fromID":"1315062","toID":"1315214","formEdgeID":null},{"edgeID":"1726612","fromID":"1315061","toID":"1315215","formEdgeID":null},{"edgeID":"1726613","fromID":"1315215","toID":"1315060","formEdgeID":null},{"edgeID":"1726614","fromID":"1315207","toID":"1315216","formEdgeID":null},{"edgeID":"1726615","fromID":"1315216","toID":"1315061","formEdgeID":null},{"edgeID":"1726616","fromID":"1315217","toID":"1315064","formEdgeID":null},{"edgeID":"1726617","fromID":"1315065","toID":"1315217","formEdgeID":null},{"edgeID":"1726618","fromID":"1315064","toID":"1315218","formEdgeID":null},{"edgeID":"1726619","fromID":"1315218","toID":"1315063","formEdgeID":null},{"edgeID":"1726620","fromID":"1315061","toID":"1315219","formEdgeID":null},{"edgeID":"1726621","fromID":"1315219","toID":"1315064","formEdgeID":null},{"edgeID":"1726622","fromID":"1315063","toID":"1315220","formEdgeID":null},{"edgeID":"1726623","fromID":"1315220","toID":"1315060","formEdgeID":null},{"edgeID":"1726624","fromID":"1315219","toID":"1315221","formEdgeID":null},{"edgeID":"1726625","fromID":"1315221","toID":"1315220","formEdgeID":null},{"edgeID":"1726626","fromID":"1315222","toID":"1315067","formEdgeID":null},{"edgeID":"1726627","fromID":"1315068","toID":"1315222","formEdgeID":null},{"edgeID":"1726628","fromID":"1315067","toID":"1315223","formEdgeID":null},{"edgeID":"1726629","fromID":"1315223","toID":"1315066","formEdgeID":null},{"edgeID":"1726630","fromID":"1315224","toID":"1315070","formEdgeID":null},{"edgeID":"1726631","fromID":"1315071","toID":"1315224","formEdgeID":null},{"edgeID":"1726632","fromID":"1315070","toID":"1315225","formEdgeID":null},{"edgeID":"1726633","fromID":"1315225","toID":"1315069","formEdgeID":null},{"edgeID":"1726634","fromID":"1315064","toID":"1315226","formEdgeID":null},{"edgeID":"1726635","fromID":"1315226","toID":"1315070","formEdgeID":null},{"edgeID":"1726636","fromID":"1315067","toID":"1315227","formEdgeID":null},{"edgeID":"1726637","fromID":"1315227","toID":"1315070","formEdgeID":null},{"edgeID":"1726638","fromID":"1315063","toID":"1315228","formEdgeID":null},{"edgeID":"1726639","fromID":"1315228","toID":"1315069","formEdgeID":null},{"edgeID":"1726640","fromID":"1315066","toID":"1315228","formEdgeID":null},{"edgeID":"1726641","fromID":"1315227","toID":"1315229","formEdgeID":null},{"edgeID":"1726642","fromID":"1315229","toID":"1315228","formEdgeID":null},{"edgeID":"1726643","fromID":"1315126","toID":"1315230","formEdgeID":null},{"edgeID":"1726644","fromID":"1315230","toID":"1315120","formEdgeID":null},{"edgeID":"1726645","fromID":"1315131","toID":"1315231","formEdgeID":null},{"edgeID":"1726646","fromID":"1315231","toID":"1315230","formEdgeID":null},{"edgeID":"1726647","fromID":"1315232","toID":"1315072","formEdgeID":null},{"edgeID":"1726648","fromID":"1315073","toID":"1315232","formEdgeID":null},{"edgeID":"1726649","fromID":"1315177","toID":"1315233","formEdgeID":null},{"edgeID":"1726650","fromID":"1315233","toID":"1315072","formEdgeID":null},{"edgeID":"1726651","fromID":"1315072","toID":"1315234","formEdgeID":null},{"edgeID":"1726652","fromID":"1315234","toID":"1315052","formEdgeID":null},{"edgeID":"1726653","fromID":"1315056","toID":"1315235","formEdgeID":null},{"edgeID":"1726654","fromID":"1315235","toID":"1315058","formEdgeID":null},{"edgeID":"1726655","fromID":"1315057","toID":"1315235","formEdgeID":null},{"edgeID":"1726656","fromID":"1315193","toID":"1315236","formEdgeID":null},{"edgeID":"1726657","fromID":"1315236","toID":"1315202","formEdgeID":null},{"edgeID":"1726658","fromID":"1315236","toID":"1315237","formEdgeID":null},{"edgeID":"1726659","fromID":"1315237","toID":"1315235","formEdgeID":null},{"edgeID":"1726660","fromID":"1315060","toID":"1315238","formEdgeID":null},{"edgeID":"1726661","fromID":"1315238","toID":"1315059","formEdgeID":null},{"edgeID":"1726662","fromID":"1315216","toID":"1315239","formEdgeID":null},{"edgeID":"1726663","fromID":"1315239","toID":"1315238","formEdgeID":null}],"locutions":[]}