{"nodes":[{"nodeID":"1313697","text":"you say somebody should be guilty of a very serious crime of killing someone","type":"I","timestamp":"2023-11-09 13:14:47"},{"nodeID":"1313698","text":"Damian Green: you say somebody should be guilty of a very serious crime of killing someone","type":"L","timestamp":"2023-11-09 13:14:47"},{"nodeID":"1313699","text":"Analysing","type":"YA","timestamp":"2023-11-09 13:14:47"},{"nodeID":"1313700","text":"Nicole: Damian Green: you say somebody should be guilty of a very serious crime of killing someone","type":"L","timestamp":"2023-11-09 13:14:47"},{"nodeID":"1313701","text":"Asserting","type":"YA","timestamp":"2023-11-09 13:14:47"},{"nodeID":"1313702","text":"it's sort of appropriate for everyone to say let's get all the facts first, rather than just say whatever happens they think loads of people are guilty of manslaughter","type":"I","timestamp":"2023-11-09 13:14:47"},{"nodeID":"1313703","text":"Damian Green: it's sort of appropriate for everyone to say let's get all the facts first, rather than just say whatever happens I think loads of people are guilty of manslaughter","type":"L","timestamp":"2023-11-09 13:14:47"},{"nodeID":"1313704","text":"Analysing","type":"YA","timestamp":"2023-11-09 13:14:47"},{"nodeID":"1313705","text":"Nicole: Damian Green: it's sort of appropriate for everyone to say let's get all the facts first, rather than just say whatever happens I think loads of people are guilty of manslaughter","type":"L","timestamp":"2023-11-09 13:14:47"},{"nodeID":"1313706","text":"Asserting","type":"YA","timestamp":"2023-11-09 13:14:47"},{"nodeID":"1313707","text":"Default Transition","type":"TA","timestamp":"2023-11-09 13:14:47"},{"nodeID":"1313708","text":"Default Inference","type":"RA","timestamp":"2023-11-09 13:14:47"},{"nodeID":"1313709","text":"Arguing","type":"YA","timestamp":"2023-11-09 13:14:47"},{"nodeID":"1313710","text":"Damian Green doesn't think that's a responsible way to conduct a debate, and we were getting close to that","type":"I","timestamp":"2023-11-09 13:14:48"},{"nodeID":"1313711","text":"Damian Green: I don't think that's a responsible way to conduct a debate, and we were getting close to that","type":"L","timestamp":"2023-11-09 13:14:48"},{"nodeID":"1313712","text":"Analysing","type":"YA","timestamp":"2023-11-09 13:14:48"},{"nodeID":"1313713","text":"Nicole: Damian Green: I don't think that's a responsible way to conduct a debate, and we were getting close to that","type":"L","timestamp":"2023-11-09 13:14:48"},{"nodeID":"1313714","text":"Asserting","type":"YA","timestamp":"2023-11-09 13:14:48"},{"nodeID":"1313715","text":"Default Transition","type":"TA","timestamp":"2023-11-09 13:14:48"},{"nodeID":"1313716","text":"what about the point that's been raised and was raised by the Prime Minister and by the Health Secretary that they were unaware about asymptomatic transmission of disease, even though Patrick Vallance talked about it in a radio interview, Lord Bethell, who was Health Minister, talked about it","type":"I","timestamp":"2023-11-09 13:14:48"},{"nodeID":"1313717","text":"Fiona Bruce: What about the point that's been raised and was raised by the Prime Minister and by the Health Secretary that they were unaware about asymptomatic transmission of disease, even though Patrick Vallance talked about it in a radio interview, Lord Bethell, who was Health Minister, talked about it","type":"L","timestamp":"2023-11-09 13:14:48"},{"nodeID":"1313718","text":"Analysing","type":"YA","timestamp":"2023-11-09 13:14:48"},{"nodeID":"1313719","text":"Nicole: Fiona Bruce: What about the point that's been raised and was raised by the Prime Minister and by the Health Secretary that they were unaware about asymptomatic transmission of disease, even though Patrick Vallance talked about it in a radio interview, Lord Bethell, who was Health Minister, talked about it","type":"L","timestamp":"2023-11-09 13:14:48"},{"nodeID":"1313720","text":"Asserting","type":"YA","timestamp":"2023-11-09 13:14:48"},{"nodeID":"1313721","text":"Default Transition","type":"TA","timestamp":"2023-11-09 13:14:48"},{"nodeID":"1313722","text":"presumably Lord Bethell didn't just tell the public about asymptomatic transmission of disease","type":"I","timestamp":"2023-11-09 13:14:49"},{"nodeID":"1313723","text":"Fiona Bruce: Presumably he didn't just tell the public","type":"L","timestamp":"2023-11-09 13:14:49"},{"nodeID":"1313724","text":"Analysing","type":"YA","timestamp":"2023-11-09 13:14:49"},{"nodeID":"1313725","text":"Nicole: Fiona Bruce: Presumably he didn't just tell the public","type":"L","timestamp":"2023-11-09 13:14:49"},{"nodeID":"1313726","text":"Asserting","type":"YA","timestamp":"2023-11-09 13:14:49"},{"nodeID":"1313727","text":"Default Transition","type":"TA","timestamp":"2023-11-09 13:14:49"},{"nodeID":"1313728","text":"Lord Bethell must have told the government about asymptomatic transmission of disease as well","type":"I","timestamp":"2023-11-09 13:14:50"},{"nodeID":"1313729","text":"Fiona Bruce: he must have told the government as well","type":"L","timestamp":"2023-11-09 13:14:50"},{"nodeID":"1313730","text":"Analysing","type":"YA","timestamp":"2023-11-09 13:14:50"},{"nodeID":"1313731","text":"Nicole: Fiona Bruce: he must have told the government as well","type":"L","timestamp":"2023-11-09 13:14:50"},{"nodeID":"1313732","text":"Asserting","type":"YA","timestamp":"2023-11-09 13:14:50"},{"nodeID":"1313733","text":"Default Transition","type":"TA","timestamp":"2023-11-09 13:14:50"},{"nodeID":"1313734","text":"Default Rephrase","type":"MA","timestamp":"2023-11-09 13:14:50"},{"nodeID":"1313735","text":"Restating","type":"YA","timestamp":"2023-11-09 13:14:50"},{"nodeID":"1313736","text":"who knew what when Damian Green doesn't know","type":"I","timestamp":"2023-11-09 13:14:50"},{"nodeID":"1313737","text":"Damian Green: Who knew what when I don't know","type":"L","timestamp":"2023-11-09 13:14:50"},{"nodeID":"1313738","text":"Analysing","type":"YA","timestamp":"2023-11-09 13:14:50"},{"nodeID":"1313739","text":"Nicole: Damian Green: Who knew what when I don't know","type":"L","timestamp":"2023-11-09 13:14:50"},{"nodeID":"1313740","text":"Asserting","type":"YA","timestamp":"2023-11-09 13:14:50"},{"nodeID":"1313741","text":"Default Transition","type":"TA","timestamp":"2023-11-09 13:14:50"},{"nodeID":"1313742","text":"Damian Green wasn't inside government at the time","type":"I","timestamp":"2023-11-09 13:14:51"},{"nodeID":"1313743","text":"Damian Green: I wasn't inside government at the time","type":"L","timestamp":"2023-11-09 13:14:51"},{"nodeID":"1313744","text":"Analysing","type":"YA","timestamp":"2023-11-09 13:14:51"},{"nodeID":"1313745","text":"Nicole: Damian Green: I wasn't inside government at the time","type":"L","timestamp":"2023-11-09 13:14:51"},{"nodeID":"1313746","text":"Asserting","type":"YA","timestamp":"2023-11-09 13:14:51"},{"nodeID":"1313747","text":"Default Transition","type":"TA","timestamp":"2023-11-09 13:14:51"},{"nodeID":"1313748","text":"Default Inference","type":"RA","timestamp":"2023-11-09 13:14:51"},{"nodeID":"1313749","text":"Arguing","type":"YA","timestamp":"2023-11-09 13:14:51"},{"nodeID":"1313750","text":"that's why we have an enquiry","type":"I","timestamp":"2023-11-09 13:14:52"},{"nodeID":"1313751","text":"Damian Green: that's why we have an enquiry","type":"L","timestamp":"2023-11-09 13:14:52"},{"nodeID":"1313752","text":"Analysing","type":"YA","timestamp":"2023-11-09 13:14:52"},{"nodeID":"1313753","text":"Nicole: Damian Green: that's why we have an enquiry","type":"L","timestamp":"2023-11-09 13:14:52"},{"nodeID":"1313754","text":"Asserting","type":"YA","timestamp":"2023-11-09 13:14:52"},{"nodeID":"1313755","text":"that kind of detail is obviously hugely important, as to when to actually apportion blame","type":"I","timestamp":"2023-11-09 13:14:52"},{"nodeID":"1313756","text":"Damian Green: that kind of detail is obviously hugely important, as to when to actually apportion blame","type":"L","timestamp":"2023-11-09 13:14:52"},{"nodeID":"1313757","text":"Analysing","type":"YA","timestamp":"2023-11-09 13:14:52"},{"nodeID":"1313758","text":"Nicole: Damian Green: that kind of detail is obviously hugely important, as to when to actually apportion blame","type":"L","timestamp":"2023-11-09 13:14:52"},{"nodeID":"1313759","text":"Asserting","type":"YA","timestamp":"2023-11-09 13:14:52"},{"nodeID":"1313760","text":"Default Transition","type":"TA","timestamp":"2023-11-09 13:14:52"},{"nodeID":"1313761","text":"Damian Green's only plea is let's get the facts first and then take decisions","type":"I","timestamp":"2023-11-09 13:14:53"},{"nodeID":"1313762","text":"Damian Green: my only plea is let's get the facts first and then take decisions","type":"L","timestamp":"2023-11-09 13:14:53"},{"nodeID":"1313763","text":"Analysing","type":"YA","timestamp":"2023-11-09 13:14:53"},{"nodeID":"1313764","text":"Nicole: Damian Green: my only plea is let's get the facts first and then take decisions","type":"L","timestamp":"2023-11-09 13:14:53"},{"nodeID":"1313765","text":"Asserting","type":"YA","timestamp":"2023-11-09 13:14:53"},{"nodeID":"1313766","text":"Default Transition","type":"TA","timestamp":"2023-11-09 13:14:53"},{"nodeID":"1313767","text":"Default Rephrase","type":"MA","timestamp":"2023-11-09 13:14:53"},{"nodeID":"1313768","text":"Restating","type":"YA","timestamp":"2023-11-09 13:14:53"},{"nodeID":"1313769","text":"Jack Thorne: Of course","type":"L","timestamp":"2023-11-09 13:14:53"},{"nodeID":"1313770","text":"Analysing","type":"YA","timestamp":"2023-11-09 13:14:53"},{"nodeID":"1313771","text":"Nicole: Jack Thorne: Of course","type":"L","timestamp":"2023-11-09 13:14:53"},{"nodeID":"1313772","text":"Default Transition","type":"TA","timestamp":"2023-11-09 13:14:53"},{"nodeID":"1313773","text":"Agreeing","type":"YA","timestamp":"2023-11-09 13:14:53"},{"nodeID":"1313774","text":"Jack Thorne is not suggesting that people get strung up now","type":"I","timestamp":"2023-11-09 13:14:53"},{"nodeID":"1313775","text":"Jack Thorne: I'm not suggesting that people get strung up now","type":"L","timestamp":"2023-11-09 13:14:53"},{"nodeID":"1313776","text":"Analysing","type":"YA","timestamp":"2023-11-09 13:14:53"},{"nodeID":"1313777","text":"Nicole: Jack Thorne: I'm not suggesting that people get strung up now","type":"L","timestamp":"2023-11-09 13:14:53"},{"nodeID":"1313778","text":"Asserting","type":"YA","timestamp":"2023-11-09 13:14:53"},{"nodeID":"1313779","text":"Default Transition","type":"TA","timestamp":"2023-11-09 13:14:53"},{"nodeID":"1313780","text":"Jack Thorne sounded like he was suggesting that people get strung up now","type":"I","timestamp":"2023-11-09 13:14:54"},{"nodeID":"1313781","text":"Damian Green: You sounded like it, mate, I'm sorry","type":"L","timestamp":"2023-11-09 13:14:54"},{"nodeID":"1313782","text":"Analysing","type":"YA","timestamp":"2023-11-09 13:14:54"},{"nodeID":"1313783","text":"Nicole: Damian Green: You sounded like it, mate, I'm sorry","type":"L","timestamp":"2023-11-09 13:14:54"},{"nodeID":"1313784","text":"Asserting","type":"YA","timestamp":"2023-11-09 13:14:54"},{"nodeID":"1313785","text":"Default Transition","type":"TA","timestamp":"2023-11-09 13:14:54"},{"nodeID":"1313786","text":"Default Conflict","type":"CA","timestamp":"2023-11-09 13:14:54"},{"nodeID":"1313787","text":"Disagreeing","type":"YA","timestamp":"2023-11-09 13:14:54"},{"nodeID":"1313788","text":"what Jack Thorne was saying was there was a number of excess deaths that are really problematic and are particular to this country","type":"I","timestamp":"2023-11-09 13:14:55"},{"nodeID":"1313789","text":"Jack Thorne: What I was saying was there was a number of excess deaths that are really problematic and are particular to this country","type":"L","timestamp":"2023-11-09 13:14:55"},{"nodeID":"1313790","text":"Analysing","type":"YA","timestamp":"2023-11-09 13:14:55"},{"nodeID":"1313791","text":"Nicole: Jack Thorne: What I was saying was there was a number of excess deaths that are really problematic and are particular to this country","type":"L","timestamp":"2023-11-09 13:14:55"},{"nodeID":"1313792","text":"Asserting","type":"YA","timestamp":"2023-11-09 13:14:55"},{"nodeID":"1313793","text":"Default Transition","type":"TA","timestamp":"2023-11-09 13:14:55"},{"nodeID":"1313794","text":"Default Conflict","type":"CA","timestamp":"2023-11-09 13:14:55"},{"nodeID":"1313795","text":"Disagreeing","type":"YA","timestamp":"2023-11-09 13:14:55"},{"nodeID":"1313796","text":"Default Transition","type":"TA","timestamp":"2023-11-09 13:14:55"},{"nodeID":"1313797","text":"Default Inference","type":"RA","timestamp":"2023-11-09 13:14:55"},{"nodeID":"1313798","text":"Arguing","type":"YA","timestamp":"2023-11-09 13:14:55"},{"nodeID":"1313799","text":"Default Inference","type":"RA","timestamp":"2023-11-09 13:14:55"},{"nodeID":"1313800","text":"Arguing","type":"YA","timestamp":"2023-11-09 13:14:55"}],"edges":[{"edgeID":"1724838","fromID":"1313699","toID":"1313698","formEdgeID":null},{"edgeID":"1724839","fromID":"1313700","toID":"1313699","formEdgeID":null},{"edgeID":"1724840","fromID":"1313698","toID":"1313701","formEdgeID":null},{"edgeID":"1724841","fromID":"1313701","toID":"1313697","formEdgeID":null},{"edgeID":"1724842","fromID":"1313704","toID":"1313703","formEdgeID":null},{"edgeID":"1724843","fromID":"1313705","toID":"1313704","formEdgeID":null},{"edgeID":"1724844","fromID":"1313703","toID":"1313706","formEdgeID":null},{"edgeID":"1724845","fromID":"1313706","toID":"1313702","formEdgeID":null},{"edgeID":"1724846","fromID":"1313698","toID":"1313707","formEdgeID":null},{"edgeID":"1724847","fromID":"1313707","toID":"1313703","formEdgeID":null},{"edgeID":"1724848","fromID":"1313697","toID":"1313708","formEdgeID":null},{"edgeID":"1724849","fromID":"1313708","toID":"1313702","formEdgeID":null},{"edgeID":"1724850","fromID":"1313707","toID":"1313709","formEdgeID":null},{"edgeID":"1724851","fromID":"1313709","toID":"1313708","formEdgeID":null},{"edgeID":"1724852","fromID":"1313712","toID":"1313711","formEdgeID":null},{"edgeID":"1724853","fromID":"1313713","toID":"1313712","formEdgeID":null},{"edgeID":"1724854","fromID":"1313711","toID":"1313714","formEdgeID":null},{"edgeID":"1724855","fromID":"1313714","toID":"1313710","formEdgeID":null},{"edgeID":"1724856","fromID":"1313703","toID":"1313715","formEdgeID":null},{"edgeID":"1724857","fromID":"1313715","toID":"1313711","formEdgeID":null},{"edgeID":"1724858","fromID":"1313718","toID":"1313717","formEdgeID":null},{"edgeID":"1724859","fromID":"1313719","toID":"1313718","formEdgeID":null},{"edgeID":"1724860","fromID":"1313717","toID":"1313720","formEdgeID":null},{"edgeID":"1724861","fromID":"1313720","toID":"1313716","formEdgeID":null},{"edgeID":"1724862","fromID":"1313711","toID":"1313721","formEdgeID":null},{"edgeID":"1724863","fromID":"1313721","toID":"1313717","formEdgeID":null},{"edgeID":"1724864","fromID":"1313724","toID":"1313723","formEdgeID":null},{"edgeID":"1724865","fromID":"1313725","toID":"1313724","formEdgeID":null},{"edgeID":"1724866","fromID":"1313723","toID":"1313726","formEdgeID":null},{"edgeID":"1724867","fromID":"1313726","toID":"1313722","formEdgeID":null},{"edgeID":"1724868","fromID":"1313717","toID":"1313727","formEdgeID":null},{"edgeID":"1724869","fromID":"1313727","toID":"1313723","formEdgeID":null},{"edgeID":"1724870","fromID":"1313730","toID":"1313729","formEdgeID":null},{"edgeID":"1724871","fromID":"1313731","toID":"1313730","formEdgeID":null},{"edgeID":"1724872","fromID":"1313729","toID":"1313732","formEdgeID":null},{"edgeID":"1724873","fromID":"1313732","toID":"1313728","formEdgeID":null},{"edgeID":"1724874","fromID":"1313723","toID":"1313733","formEdgeID":null},{"edgeID":"1724875","fromID":"1313733","toID":"1313729","formEdgeID":null},{"edgeID":"1724876","fromID":"1313728","toID":"1313734","formEdgeID":null},{"edgeID":"1724877","fromID":"1313734","toID":"1313722","formEdgeID":null},{"edgeID":"1724878","fromID":"1313733","toID":"1313735","formEdgeID":null},{"edgeID":"1724879","fromID":"1313735","toID":"1313734","formEdgeID":null},{"edgeID":"1724880","fromID":"1313738","toID":"1313737","formEdgeID":null},{"edgeID":"1724881","fromID":"1313739","toID":"1313738","formEdgeID":null},{"edgeID":"1724882","fromID":"1313737","toID":"1313740","formEdgeID":null},{"edgeID":"1724883","fromID":"1313740","toID":"1313736","formEdgeID":null},{"edgeID":"1724884","fromID":"1313729","toID":"1313741","formEdgeID":null},{"edgeID":"1724885","fromID":"1313741","toID":"1313737","formEdgeID":null},{"edgeID":"1724886","fromID":"1313744","toID":"1313743","formEdgeID":null},{"edgeID":"1724887","fromID":"1313745","toID":"1313744","formEdgeID":null},{"edgeID":"1724888","fromID":"1313743","toID":"1313746","formEdgeID":null},{"edgeID":"1724889","fromID":"1313746","toID":"1313742","formEdgeID":null},{"edgeID":"1724890","fromID":"1313737","toID":"1313747","formEdgeID":null},{"edgeID":"1724891","fromID":"1313747","toID":"1313743","formEdgeID":null},{"edgeID":"1724892","fromID":"1313742","toID":"1313748","formEdgeID":null},{"edgeID":"1724893","fromID":"1313748","toID":"1313736","formEdgeID":null},{"edgeID":"1724894","fromID":"1313747","toID":"1313749","formEdgeID":null},{"edgeID":"1724895","fromID":"1313749","toID":"1313748","formEdgeID":null},{"edgeID":"1724896","fromID":"1313752","toID":"1313751","formEdgeID":null},{"edgeID":"1724897","fromID":"1313753","toID":"1313752","formEdgeID":null},{"edgeID":"1724898","fromID":"1313751","toID":"1313754","formEdgeID":null},{"edgeID":"1724899","fromID":"1313754","toID":"1313750","formEdgeID":null},{"edgeID":"1724900","fromID":"1313757","toID":"1313756","formEdgeID":null},{"edgeID":"1724901","fromID":"1313758","toID":"1313757","formEdgeID":null},{"edgeID":"1724902","fromID":"1313756","toID":"1313759","formEdgeID":null},{"edgeID":"1724903","fromID":"1313759","toID":"1313755","formEdgeID":null},{"edgeID":"1724904","fromID":"1313751","toID":"1313760","formEdgeID":null},{"edgeID":"1724905","fromID":"1313760","toID":"1313756","formEdgeID":null},{"edgeID":"1724906","fromID":"1313763","toID":"1313762","formEdgeID":null},{"edgeID":"1724907","fromID":"1313764","toID":"1313763","formEdgeID":null},{"edgeID":"1724908","fromID":"1313762","toID":"1313765","formEdgeID":null},{"edgeID":"1724909","fromID":"1313765","toID":"1313761","formEdgeID":null},{"edgeID":"1724910","fromID":"1313703","toID":"1313766","formEdgeID":null},{"edgeID":"1724911","fromID":"1313766","toID":"1313762","formEdgeID":null},{"edgeID":"1724912","fromID":"1313761","toID":"1313767","formEdgeID":null},{"edgeID":"1724913","fromID":"1313767","toID":"1313702","formEdgeID":null},{"edgeID":"1724914","fromID":"1313766","toID":"1313768","formEdgeID":null},{"edgeID":"1724915","fromID":"1313768","toID":"1313767","formEdgeID":null},{"edgeID":"1724916","fromID":"1313770","toID":"1313769","formEdgeID":null},{"edgeID":"1724917","fromID":"1313771","toID":"1313770","formEdgeID":null},{"edgeID":"1724918","fromID":"1313762","toID":"1313772","formEdgeID":null},{"edgeID":"1724919","fromID":"1313772","toID":"1313769","formEdgeID":null},{"edgeID":"1724920","fromID":"1313772","toID":"1313773","formEdgeID":null},{"edgeID":"1724921","fromID":"1313773","toID":"1313761","formEdgeID":null},{"edgeID":"1724922","fromID":"1313776","toID":"1313775","formEdgeID":null},{"edgeID":"1724923","fromID":"1313777","toID":"1313776","formEdgeID":null},{"edgeID":"1724924","fromID":"1313775","toID":"1313778","formEdgeID":null},{"edgeID":"1724925","fromID":"1313778","toID":"1313774","formEdgeID":null},{"edgeID":"1724926","fromID":"1313769","toID":"1313779","formEdgeID":null},{"edgeID":"1724927","fromID":"1313779","toID":"1313775","formEdgeID":null},{"edgeID":"1724928","fromID":"1313782","toID":"1313781","formEdgeID":null},{"edgeID":"1724929","fromID":"1313783","toID":"1313782","formEdgeID":null},{"edgeID":"1724930","fromID":"1313781","toID":"1313784","formEdgeID":null},{"edgeID":"1724931","fromID":"1313784","toID":"1313780","formEdgeID":null},{"edgeID":"1724932","fromID":"1313775","toID":"1313785","formEdgeID":null},{"edgeID":"1724933","fromID":"1313785","toID":"1313781","formEdgeID":null},{"edgeID":"1724934","fromID":"1313780","toID":"1313786","formEdgeID":null},{"edgeID":"1724935","fromID":"1313786","toID":"1313774","formEdgeID":null},{"edgeID":"1724936","fromID":"1313785","toID":"1313787","formEdgeID":null},{"edgeID":"1724937","fromID":"1313787","toID":"1313786","formEdgeID":null},{"edgeID":"1724938","fromID":"1313790","toID":"1313789","formEdgeID":null},{"edgeID":"1724939","fromID":"1313791","toID":"1313790","formEdgeID":null},{"edgeID":"1724940","fromID":"1313789","toID":"1313792","formEdgeID":null},{"edgeID":"1724941","fromID":"1313792","toID":"1313788","formEdgeID":null},{"edgeID":"1724942","fromID":"1313781","toID":"1313793","formEdgeID":null},{"edgeID":"1724943","fromID":"1313793","toID":"1313789","formEdgeID":null},{"edgeID":"1724944","fromID":"1313788","toID":"1313794","formEdgeID":null},{"edgeID":"1724945","fromID":"1313794","toID":"1313780","formEdgeID":null},{"edgeID":"1724946","fromID":"1313793","toID":"1313795","formEdgeID":null},{"edgeID":"1724947","fromID":"1313795","toID":"1313794","formEdgeID":null},{"edgeID":"1724948","fromID":"1313743","toID":"1313796","formEdgeID":null},{"edgeID":"1724949","fromID":"1313796","toID":"1313751","formEdgeID":null},{"edgeID":"1724950","fromID":"1313755","toID":"1313797","formEdgeID":null},{"edgeID":"1724951","fromID":"1313797","toID":"1313750","formEdgeID":null},{"edgeID":"1724952","fromID":"1313760","toID":"1313798","formEdgeID":null},{"edgeID":"1724953","fromID":"1313798","toID":"1313797","formEdgeID":null},{"edgeID":"1724954","fromID":"1313742","toID":"1313799","formEdgeID":null},{"edgeID":"1724955","fromID":"1313799","toID":"1313750","formEdgeID":null},{"edgeID":"1724956","fromID":"1313796","toID":"1313800","formEdgeID":null},{"edgeID":"1724957","fromID":"1313800","toID":"1313799","formEdgeID":null}],"locutions":[]}