{"nodes":[{"nodeID":"1310450","text":"xxx is why the government aren't actually thinking about people's health","type":"I","timestamp":"2023-11-09 13:10:06"},{"nodeID":"1310451","text":"AudienceMember 20220512QT08: why aren't the government actually thinking about people's health","type":"L","timestamp":"2023-11-09 13:10:06"},{"nodeID":"1310452","text":"Anon: AudienceMember 20220512QT08: why aren't the government actually thinking about people's health","type":"L","timestamp":"2023-11-09 13:10:06"},{"nodeID":"1310453","text":"Analysing","type":"YA","timestamp":"2023-11-09 13:10:06"},{"nodeID":"1310454","text":"Pure Questioning","type":"YA","timestamp":"2023-11-09 13:10:06"},{"nodeID":"1310455","text":"you've got people with dietary requirements","type":"I","timestamp":"2023-11-09 13:10:07"},{"nodeID":"1310456","text":"Analysing","type":"YA","timestamp":"2023-11-09 13:10:07"},{"nodeID":"1310457","text":"AudienceMember 20220512QT08: You've got people with dietary requirements","type":"L","timestamp":"2023-11-09 13:10:07"},{"nodeID":"1310458","text":"Anon: AudienceMember 20220512QT08: You've got people with dietary requirements","type":"L","timestamp":"2023-11-09 13:10:07"},{"nodeID":"1310459","text":"Asserting","type":"YA","timestamp":"2023-11-09 13:10:07"},{"nodeID":"1310460","text":"you've got the NHS on one point asking us to be as healthy as possible","type":"I","timestamp":"2023-11-09 13:10:07"},{"nodeID":"1310461","text":"Analysing","type":"YA","timestamp":"2023-11-09 13:10:07"},{"nodeID":"1310462","text":"Anon: AudienceMember 20220512QT08: You've got the NHS on one point asking us to be as healthy as possible","type":"L","timestamp":"2023-11-09 13:10:07"},{"nodeID":"1310463","text":"AudienceMember 20220512QT08: You've got the NHS on one point asking us to be as healthy as possible","type":"L","timestamp":"2023-11-09 13:10:07"},{"nodeID":"1310464","text":"Asserting","type":"YA","timestamp":"2023-11-09 13:10:07"},{"nodeID":"1310465","text":"we've got the government saying value brands","type":"I","timestamp":"2023-11-09 13:10:08"},{"nodeID":"1310466","text":"AudienceMember 20220512QT08: we've got the government saying value brands","type":"L","timestamp":"2023-11-09 13:10:08"},{"nodeID":"1310467","text":"Analysing","type":"YA","timestamp":"2023-11-09 13:10:08"},{"nodeID":"1310468","text":"Anon: AudienceMember 20220512QT08: we've got the government saying value brands","type":"L","timestamp":"2023-11-09 13:10:08"},{"nodeID":"1310469","text":"Asserting","type":"YA","timestamp":"2023-11-09 13:10:08"},{"nodeID":"1310470","text":"we know value brands aren't as good for us","type":"I","timestamp":"2023-11-09 13:10:08"},{"nodeID":"1310471","text":"AudienceMember 20220512QT08: We know value brands aren't as good for us","type":"L","timestamp":"2023-11-09 13:10:08"},{"nodeID":"1310472","text":"Anon: AudienceMember 20220512QT08: We know value brands aren't as good for us","type":"L","timestamp":"2023-11-09 13:10:08"},{"nodeID":"1310473","text":"Analysing","type":"YA","timestamp":"2023-11-09 13:10:08"},{"nodeID":"1310474","text":"Asserting","type":"YA","timestamp":"2023-11-09 13:10:08"},{"nodeID":"1310475","text":"the government are telling us to do something that isn't healthy for us","type":"I","timestamp":"2023-11-09 13:10:09"},{"nodeID":"1310476","text":"AudienceMember 20220512QT08: You're telling us to do something that isn't healthy for us","type":"L","timestamp":"2023-11-09 13:10:09"},{"nodeID":"1310477","text":"Analysing","type":"YA","timestamp":"2023-11-09 13:10:09"},{"nodeID":"1310478","text":"Anon: AudienceMember 20220512QT08: You're telling us to do something that isn't healthy for us","type":"L","timestamp":"2023-11-09 13:10:09"},{"nodeID":"1310479","text":"Asserting","type":"YA","timestamp":"2023-11-09 13:10:09"},{"nodeID":"1310480","text":"you've got people, it's either heating or eating","type":"I","timestamp":"2023-11-09 13:10:10"},{"nodeID":"1310481","text":"AudienceMember 20220512QT08: You've got people, it's either heating or eating","type":"L","timestamp":"2023-11-09 13:10:10"},{"nodeID":"1310482","text":"Anon: AudienceMember 20220512QT08: You've got people, it's either heating or eating","type":"L","timestamp":"2023-11-09 13:10:10"},{"nodeID":"1310483","text":"Analysing","type":"YA","timestamp":"2023-11-09 13:10:10"},{"nodeID":"1310484","text":"Asserting","type":"YA","timestamp":"2023-11-09 13:10:10"},{"nodeID":"1310485","text":"at the moment the government doesn't care about our health at all","type":"I","timestamp":"2023-11-09 13:10:10"},{"nodeID":"1310486","text":"Analysing","type":"YA","timestamp":"2023-11-09 13:10:10"},{"nodeID":"1310487","text":"AudienceMember 20220512QT08: At the moment the government doesn't care about our health at all","type":"L","timestamp":"2023-11-09 13:10:10"},{"nodeID":"1310488","text":"Anon: AudienceMember 20220512QT08: At the moment the government doesn't care about our health at all","type":"L","timestamp":"2023-11-09 13:10:10"},{"nodeID":"1310489","text":"Asserting","type":"YA","timestamp":"2023-11-09 13:10:10"},{"nodeID":"1310490","text":"it makes us feel bad when the government are not prioritising our health","type":"I","timestamp":"2023-11-09 13:10:11"},{"nodeID":"1310491","text":"AudienceMember 20220512QT08:  so how does that make us feel when you're not prioritising our health","type":"L","timestamp":"2023-11-09 13:10:11"},{"nodeID":"1310492","text":"Analysing","type":"YA","timestamp":"2023-11-09 13:10:11"},{"nodeID":"1310493","text":"Anon: AudienceMember 20220512QT08:  so how does that make us feel when you're not prioritising our health","type":"L","timestamp":"2023-11-09 13:10:11"},{"nodeID":"1310494","text":"Rhetorical Questioning","type":"YA","timestamp":"2023-11-09 13:10:11"},{"nodeID":"1310495","text":"all the government want us to do is save money when they aren't helping us","type":"I","timestamp":"2023-11-09 13:10:11"},{"nodeID":"1310496","text":"AudienceMember 20220512QT08: all you want us to do is save money when you guys aren't helping us","type":"L","timestamp":"2023-11-09 13:10:11"},{"nodeID":"1310497","text":"Analysing","type":"YA","timestamp":"2023-11-09 13:10:11"},{"nodeID":"1310498","text":"Anon: AudienceMember 20220512QT08: all you want us to do is save money when you guys aren't helping us","type":"L","timestamp":"2023-11-09 13:10:11"},{"nodeID":"1310499","text":"Asserting","type":"YA","timestamp":"2023-11-09 13:10:11"},{"nodeID":"1310500","text":"Default Conflict","type":"CA","timestamp":"2023-11-09 13:10:11"},{"nodeID":"1310501","text":"Default Transition","type":"TA","timestamp":"2023-11-09 13:10:11"},{"nodeID":"1310502","text":"Disagreeing","type":"YA","timestamp":"2023-11-09 13:10:11"},{"nodeID":"1310503","text":"Default Inference","type":"RA","timestamp":"2023-11-09 13:10:11"},{"nodeID":"1310504","text":"Default Transition","type":"TA","timestamp":"2023-11-09 13:10:11"},{"nodeID":"1310505","text":"Arguing","type":"YA","timestamp":"2023-11-09 13:10:11"},{"nodeID":"1310506","text":"Default Rephrase","type":"MA","timestamp":"2023-11-09 13:10:11"},{"nodeID":"1310507","text":"Default Transition","type":"TA","timestamp":"2023-11-09 13:10:11"},{"nodeID":"1310508","text":"Restating","type":"YA","timestamp":"2023-11-09 13:10:11"},{"nodeID":"1310509","text":"Default Transition","type":"TA","timestamp":"2023-11-09 13:10:11"},{"nodeID":"1310510","text":"Default Transition","type":"TA","timestamp":"2023-11-09 13:10:11"},{"nodeID":"1310511","text":"Default Transition","type":"TA","timestamp":"2023-11-09 13:10:11"},{"nodeID":"1310512","text":"Default Rephrase","type":"MA","timestamp":"2023-11-09 13:10:11"},{"nodeID":"1310513","text":"Default Transition","type":"TA","timestamp":"2023-11-09 13:10:11"},{"nodeID":"1310514","text":"Restating","type":"YA","timestamp":"2023-11-09 13:10:11"},{"nodeID":"1310515","text":"Default Transition","type":"TA","timestamp":"2023-11-09 13:10:11"},{"nodeID":"1310516","text":"Default Rephrase","type":"MA","timestamp":"2023-11-09 13:10:11"},{"nodeID":"1310517","text":"Default Transition","type":"TA","timestamp":"2023-11-09 13:10:11"},{"nodeID":"1310518","text":"Restating","type":"YA","timestamp":"2023-11-09 13:10:11"},{"nodeID":"1310519","text":"the makers of some own label brands might take issue with the fact they're not as healthy as others","type":"I","timestamp":"2023-11-09 13:10:12"},{"nodeID":"1310520","text":"Fiona Bruce: the makers of some own label brands might take issue with the fact they're not as healthy as others","type":"L","timestamp":"2023-11-09 13:10:12"},{"nodeID":"1310521","text":"Anon: Fiona Bruce: the makers of some own label brands might take issue with the fact they're not as healthy as others","type":"L","timestamp":"2023-11-09 13:10:12"},{"nodeID":"1310522","text":"Analysing","type":"YA","timestamp":"2023-11-09 13:10:12"},{"nodeID":"1310523","text":"Asserting","type":"YA","timestamp":"2023-11-09 13:10:12"},{"nodeID":"1310524","text":"Default Conflict","type":"CA","timestamp":"2023-11-09 13:10:12"},{"nodeID":"1310525","text":"Default Transition","type":"TA","timestamp":"2023-11-09 13:10:12"},{"nodeID":"1310526","text":"Disagreeing","type":"YA","timestamp":"2023-11-09 13:10:12"},{"nodeID":"1310527","text":"the government are not listening to anything that the public are saying","type":"I","timestamp":"2023-11-09 13:10:13"},{"nodeID":"1310528","text":"AudienceMember 20220512QT09: the government are not listening to anything that the public are saying","type":"L","timestamp":"2023-11-09 13:10:13"},{"nodeID":"1310529","text":"Anon: AudienceMember 20220512QT09: the government are not listening to anything that the public are saying","type":"L","timestamp":"2023-11-09 13:10:13"},{"nodeID":"1310530","text":"Analysing","type":"YA","timestamp":"2023-11-09 13:10:13"},{"nodeID":"1310531","text":"Asserting","type":"YA","timestamp":"2023-11-09 13:10:13"},{"nodeID":"1310532","text":"Default Transition","type":"TA","timestamp":"2023-11-09 13:10:13"},{"nodeID":"1310533","text":"the government have the ability to make lives better","type":"I","timestamp":"2023-11-09 13:10:13"},{"nodeID":"1310534","text":"AudienceMember 20220512QT09: They have the ability to make lives better","type":"L","timestamp":"2023-11-09 13:10:13"},{"nodeID":"1310535","text":"Analysing","type":"YA","timestamp":"2023-11-09 13:10:13"},{"nodeID":"1310536","text":"Anon: AudienceMember 20220512QT09: They have the ability to make lives better","type":"L","timestamp":"2023-11-09 13:10:13"},{"nodeID":"1310537","text":"Asserting","type":"YA","timestamp":"2023-11-09 13:10:13"},{"nodeID":"1310538","text":"Default Transition","type":"TA","timestamp":"2023-11-09 13:10:13"},{"nodeID":"1310539","text":"we have so much more homelessness in this country than we did 12 years ago","type":"I","timestamp":"2023-11-09 13:10:14"},{"nodeID":"1310540","text":"AudienceMember 20220512QT09: We have so much more homelessness in this country than we did 12 years ago","type":"L","timestamp":"2023-11-09 13:10:14"},{"nodeID":"1310541","text":"Analysing","type":"YA","timestamp":"2023-11-09 13:10:14"},{"nodeID":"1310542","text":"Anon: AudienceMember 20220512QT09: We have so much more homelessness in this country than we did 12 years ago","type":"L","timestamp":"2023-11-09 13:10:14"},{"nodeID":"1310543","text":"Asserting","type":"YA","timestamp":"2023-11-09 13:10:14"},{"nodeID":"1310544","text":"Default Transition","type":"TA","timestamp":"2023-11-09 13:10:14"},{"nodeID":"1310545","text":"we've got so many more charity shops","type":"I","timestamp":"2023-11-09 13:10:15"},{"nodeID":"1310546","text":"AudienceMember 20220512QT09: We've got so many more charity shops","type":"L","timestamp":"2023-11-09 13:10:15"},{"nodeID":"1310547","text":"Analysing","type":"YA","timestamp":"2023-11-09 13:10:15"},{"nodeID":"1310548","text":"Anon: AudienceMember 20220512QT09: We've got so many more charity shops","type":"L","timestamp":"2023-11-09 13:10:15"},{"nodeID":"1310549","text":"Asserting","type":"YA","timestamp":"2023-11-09 13:10:15"},{"nodeID":"1310550","text":"Default Transition","type":"TA","timestamp":"2023-11-09 13:10:15"},{"nodeID":"1310551","text":"we've got so much more food banks","type":"I","timestamp":"2023-11-09 13:10:15"},{"nodeID":"1310552","text":"AudienceMember 20220512QT09: We've got so much more food banks","type":"L","timestamp":"2023-11-09 13:10:15"},{"nodeID":"1310553","text":"Analysing","type":"YA","timestamp":"2023-11-09 13:10:15"},{"nodeID":"1310554","text":"Anon: AudienceMember 20220512QT09: We've got so much more food banks","type":"L","timestamp":"2023-11-09 13:10:15"},{"nodeID":"1310555","text":"Asserting","type":"YA","timestamp":"2023-11-09 13:10:15"},{"nodeID":"1310556","text":"xxx is why we are suffering like this when the government could be doing a lot more","type":"I","timestamp":"2023-11-09 13:10:16"},{"nodeID":"1310557","text":"AudienceMember 20220512QT09: Why are we suffering like this when the government could be doing a lot more","type":"L","timestamp":"2023-11-09 13:10:16"},{"nodeID":"1310558","text":"Analysing","type":"YA","timestamp":"2023-11-09 13:10:16"},{"nodeID":"1310559","text":"Anon: AudienceMember 20220512QT09: Why are we suffering like this when the government could be doing a lot more","type":"L","timestamp":"2023-11-09 13:10:16"},{"nodeID":"1310560","text":"Pure Questioning","type":"YA","timestamp":"2023-11-09 13:10:16"},{"nodeID":"1310561","text":"we don't see this in the rest of Europe","type":"I","timestamp":"2023-11-09 13:10:16"},{"nodeID":"1310562","text":"AudienceMember 20220512QT09: we don't see this in the rest of Europe","type":"L","timestamp":"2023-11-09 13:10:16"},{"nodeID":"1310563","text":"Analysing","type":"YA","timestamp":"2023-11-09 13:10:16"},{"nodeID":"1310564","text":"Anon: AudienceMember 20220512QT09: we don't see this in the rest of Europe","type":"L","timestamp":"2023-11-09 13:10:16"},{"nodeID":"1310565","text":"Asserting","type":"YA","timestamp":"2023-11-09 13:10:16"},{"nodeID":"1310566","text":"Default Rephrase","type":"MA","timestamp":"2023-11-09 13:10:16"},{"nodeID":"1310567","text":"Restating","type":"YA","timestamp":"2023-11-09 13:10:16"},{"nodeID":"1310568","text":"Default Rephrase","type":"MA","timestamp":"2023-11-09 13:10:16"},{"nodeID":"1310569","text":"Default Transition","type":"TA","timestamp":"2023-11-09 13:10:16"},{"nodeID":"1310570","text":"Restating","type":"YA","timestamp":"2023-11-09 13:10:16"},{"nodeID":"1310571","text":"Default Conflict","type":"CA","timestamp":"2023-11-09 13:10:16"},{"nodeID":"1310572","text":"Default Transition","type":"TA","timestamp":"2023-11-09 13:10:16"},{"nodeID":"1310573","text":"Disagreeing","type":"YA","timestamp":"2023-11-09 13:10:16"},{"nodeID":"1310574","text":"Default Conflict","type":"CA","timestamp":"2023-11-09 13:10:16"},{"nodeID":"1310575","text":"Disagreeing","type":"YA","timestamp":"2023-11-09 13:10:16"},{"nodeID":"1310576","text":"Default Inference","type":"RA","timestamp":"2023-11-09 13:10:16"},{"nodeID":"1310577","text":"Arguing","type":"YA","timestamp":"2023-11-09 13:10:16"},{"nodeID":"1310578","text":"Default Rephrase","type":"MA","timestamp":"2023-11-09 13:10:16"},{"nodeID":"1310579","text":"Default Transition","type":"TA","timestamp":"2023-11-09 13:10:16"},{"nodeID":"1310580","text":"Restating","type":"YA","timestamp":"2023-11-09 13:10:16"}],"edges":[{"edgeID":"1720902","fromID":"1310453","toID":"1310451","formEdgeID":null},{"edgeID":"1720903","fromID":"1310452","toID":"1310453","formEdgeID":null},{"edgeID":"1720904","fromID":"1310451","toID":"1310454","formEdgeID":null},{"edgeID":"1720905","fromID":"1310454","toID":"1310450","formEdgeID":null},{"edgeID":"1720906","fromID":"1310458","toID":"1310456","formEdgeID":null},{"edgeID":"1720907","fromID":"1310456","toID":"1310457","formEdgeID":null},{"edgeID":"1720908","fromID":"1310459","toID":"1310455","formEdgeID":null},{"edgeID":"1720909","fromID":"1310457","toID":"1310459","formEdgeID":null},{"edgeID":"1720910","fromID":"1310461","toID":"1310463","formEdgeID":null},{"edgeID":"1720911","fromID":"1310462","toID":"1310461","formEdgeID":null},{"edgeID":"1720912","fromID":"1310463","toID":"1310464","formEdgeID":null},{"edgeID":"1720913","fromID":"1310464","toID":"1310460","formEdgeID":null},{"edgeID":"1720914","fromID":"1310468","toID":"1310467","formEdgeID":null},{"edgeID":"1720915","fromID":"1310467","toID":"1310466","formEdgeID":null},{"edgeID":"1720916","fromID":"1310466","toID":"1310469","formEdgeID":null},{"edgeID":"1720917","fromID":"1310469","toID":"1310465","formEdgeID":null},{"edgeID":"1720918","fromID":"1310473","toID":"1310471","formEdgeID":null},{"edgeID":"1720919","fromID":"1310472","toID":"1310473","formEdgeID":null},{"edgeID":"1720920","fromID":"1310471","toID":"1310474","formEdgeID":null},{"edgeID":"1720921","fromID":"1310474","toID":"1310470","formEdgeID":null},{"edgeID":"1720922","fromID":"1310478","toID":"1310477","formEdgeID":null},{"edgeID":"1720923","fromID":"1310477","toID":"1310476","formEdgeID":null},{"edgeID":"1720924","fromID":"1310476","toID":"1310479","formEdgeID":null},{"edgeID":"1720925","fromID":"1310479","toID":"1310475","formEdgeID":null},{"edgeID":"1720926","fromID":"1310483","toID":"1310481","formEdgeID":null},{"edgeID":"1720927","fromID":"1310482","toID":"1310483","formEdgeID":null},{"edgeID":"1720928","fromID":"1310481","toID":"1310484","formEdgeID":null},{"edgeID":"1720929","fromID":"1310484","toID":"1310480","formEdgeID":null},{"edgeID":"1720930","fromID":"1310486","toID":"1310487","formEdgeID":null},{"edgeID":"1720931","fromID":"1310488","toID":"1310486","formEdgeID":null},{"edgeID":"1720932","fromID":"1310489","toID":"1310485","formEdgeID":null},{"edgeID":"1720933","fromID":"1310487","toID":"1310489","formEdgeID":null},{"edgeID":"1720934","fromID":"1310492","toID":"1310491","formEdgeID":null},{"edgeID":"1720935","fromID":"1310493","toID":"1310492","formEdgeID":null},{"edgeID":"1720936","fromID":"1310491","toID":"1310494","formEdgeID":null},{"edgeID":"1720937","fromID":"1310494","toID":"1310490","formEdgeID":null},{"edgeID":"1720938","fromID":"1310498","toID":"1310497","formEdgeID":null},{"edgeID":"1720939","fromID":"1310497","toID":"1310496","formEdgeID":null},{"edgeID":"1720940","fromID":"1310496","toID":"1310499","formEdgeID":null},{"edgeID":"1720941","fromID":"1310499","toID":"1310495","formEdgeID":null},{"edgeID":"1720942","fromID":"1310470","toID":"1310500","formEdgeID":null},{"edgeID":"1720943","fromID":"1310500","toID":"1310465","formEdgeID":null},{"edgeID":"1720944","fromID":"1310466","toID":"1310501","formEdgeID":null},{"edgeID":"1720945","fromID":"1310501","toID":"1310471","formEdgeID":null},{"edgeID":"1720946","fromID":"1310501","toID":"1310502","formEdgeID":null},{"edgeID":"1720947","fromID":"1310502","toID":"1310500","formEdgeID":null},{"edgeID":"1720948","fromID":"1310465","toID":"1310503","formEdgeID":null},{"edgeID":"1720949","fromID":"1310503","toID":"1310475","formEdgeID":null},{"edgeID":"1720950","fromID":"1310470","toID":"1310503","formEdgeID":null},{"edgeID":"1720951","fromID":"1310466","toID":"1310504","formEdgeID":null},{"edgeID":"1720952","fromID":"1310504","toID":"1310476","formEdgeID":null},{"edgeID":"1720953","fromID":"1310504","toID":"1310505","formEdgeID":null},{"edgeID":"1720954","fromID":"1310505","toID":"1310503","formEdgeID":null},{"edgeID":"1720955","fromID":"1310475","toID":"1310506","formEdgeID":null},{"edgeID":"1720956","fromID":"1310506","toID":"1310450","formEdgeID":null},{"edgeID":"1720957","fromID":"1310451","toID":"1310507","formEdgeID":null},{"edgeID":"1720958","fromID":"1310507","toID":"1310476","formEdgeID":null},{"edgeID":"1720959","fromID":"1310507","toID":"1310508","formEdgeID":null},{"edgeID":"1720960","fromID":"1310508","toID":"1310506","formEdgeID":null},{"edgeID":"1720961","fromID":"1310451","toID":"1310509","formEdgeID":null},{"edgeID":"1720962","fromID":"1310509","toID":"1310457","formEdgeID":null},{"edgeID":"1720963","fromID":"1310510","toID":"1310463","formEdgeID":null},{"edgeID":"1720964","fromID":"1310457","toID":"1310510","formEdgeID":null},{"edgeID":"1720965","fromID":"1310511","toID":"1310481","formEdgeID":null},{"edgeID":"1720966","fromID":"1310476","toID":"1310511","formEdgeID":null},{"edgeID":"1720967","fromID":"1310512","toID":"1310475","formEdgeID":null},{"edgeID":"1720968","fromID":"1310485","toID":"1310512","formEdgeID":null},{"edgeID":"1720969","fromID":"1310476","toID":"1310513","formEdgeID":null},{"edgeID":"1720970","fromID":"1310513","toID":"1310487","formEdgeID":null},{"edgeID":"1720971","fromID":"1310513","toID":"1310514","formEdgeID":null},{"edgeID":"1720972","fromID":"1310514","toID":"1310512","formEdgeID":null},{"edgeID":"1720973","fromID":"1310487","toID":"1310515","formEdgeID":null},{"edgeID":"1720974","fromID":"1310515","toID":"1310491","formEdgeID":null},{"edgeID":"1720975","fromID":"1310516","toID":"1310485","formEdgeID":null},{"edgeID":"1720976","fromID":"1310495","toID":"1310516","formEdgeID":null},{"edgeID":"1720977","fromID":"1310487","toID":"1310517","formEdgeID":null},{"edgeID":"1720978","fromID":"1310517","toID":"1310496","formEdgeID":null},{"edgeID":"1720979","fromID":"1310517","toID":"1310518","formEdgeID":null},{"edgeID":"1720980","fromID":"1310518","toID":"1310516","formEdgeID":null},{"edgeID":"1720981","fromID":"1310522","toID":"1310520","formEdgeID":null},{"edgeID":"1720982","fromID":"1310521","toID":"1310522","formEdgeID":null},{"edgeID":"1720983","fromID":"1310520","toID":"1310523","formEdgeID":null},{"edgeID":"1720984","fromID":"1310523","toID":"1310519","formEdgeID":null},{"edgeID":"1720985","fromID":"1310519","toID":"1310524","formEdgeID":null},{"edgeID":"1720986","fromID":"1310524","toID":"1310470","formEdgeID":null},{"edgeID":"1720987","fromID":"1310471","toID":"1310525","formEdgeID":null},{"edgeID":"1720988","fromID":"1310525","toID":"1310520","formEdgeID":null},{"edgeID":"1720989","fromID":"1310525","toID":"1310526","formEdgeID":null},{"edgeID":"1720990","fromID":"1310526","toID":"1310524","formEdgeID":null},{"edgeID":"1720991","fromID":"1310529","toID":"1310530","formEdgeID":null},{"edgeID":"1720992","fromID":"1310530","toID":"1310528","formEdgeID":null},{"edgeID":"1720993","fromID":"1310531","toID":"1310527","formEdgeID":null},{"edgeID":"1720994","fromID":"1310528","toID":"1310531","formEdgeID":null},{"edgeID":"1720995","fromID":"1310520","toID":"1310532","formEdgeID":null},{"edgeID":"1720996","fromID":"1310532","toID":"1310528","formEdgeID":null},{"edgeID":"1720997","fromID":"1310536","toID":"1310535","formEdgeID":null},{"edgeID":"1720998","fromID":"1310535","toID":"1310534","formEdgeID":null},{"edgeID":"1720999","fromID":"1310537","toID":"1310533","formEdgeID":null},{"edgeID":"1721000","fromID":"1310534","toID":"1310537","formEdgeID":null},{"edgeID":"1721001","fromID":"1310528","toID":"1310538","formEdgeID":null},{"edgeID":"1721002","fromID":"1310538","toID":"1310534","formEdgeID":null},{"edgeID":"1721003","fromID":"1310541","toID":"1310540","formEdgeID":null},{"edgeID":"1721004","fromID":"1310542","toID":"1310541","formEdgeID":null},{"edgeID":"1721005","fromID":"1310540","toID":"1310543","formEdgeID":null},{"edgeID":"1721006","fromID":"1310543","toID":"1310539","formEdgeID":null},{"edgeID":"1721007","fromID":"1310534","toID":"1310544","formEdgeID":null},{"edgeID":"1721008","fromID":"1310544","toID":"1310540","formEdgeID":null},{"edgeID":"1721009","fromID":"1310547","toID":"1310546","formEdgeID":null},{"edgeID":"1721010","fromID":"1310548","toID":"1310547","formEdgeID":null},{"edgeID":"1721011","fromID":"1310546","toID":"1310549","formEdgeID":null},{"edgeID":"1721012","fromID":"1310549","toID":"1310545","formEdgeID":null},{"edgeID":"1721013","fromID":"1310540","toID":"1310550","formEdgeID":null},{"edgeID":"1721014","fromID":"1310550","toID":"1310546","formEdgeID":null},{"edgeID":"1721015","fromID":"1310553","toID":"1310552","formEdgeID":null},{"edgeID":"1721016","fromID":"1310554","toID":"1310553","formEdgeID":null},{"edgeID":"1721017","fromID":"1310552","toID":"1310555","formEdgeID":null},{"edgeID":"1721018","fromID":"1310555","toID":"1310551","formEdgeID":null},{"edgeID":"1721019","fromID":"1310558","toID":"1310557","formEdgeID":null},{"edgeID":"1721020","fromID":"1310559","toID":"1310558","formEdgeID":null},{"edgeID":"1721021","fromID":"1310557","toID":"1310560","formEdgeID":null},{"edgeID":"1721022","fromID":"1310560","toID":"1310556","formEdgeID":null},{"edgeID":"1721023","fromID":"1310563","toID":"1310562","formEdgeID":null},{"edgeID":"1721024","fromID":"1310564","toID":"1310563","formEdgeID":null},{"edgeID":"1721025","fromID":"1310562","toID":"1310565","formEdgeID":null},{"edgeID":"1721026","fromID":"1310565","toID":"1310561","formEdgeID":null},{"edgeID":"1721027","fromID":"1310545","toID":"1310566","formEdgeID":null},{"edgeID":"1721028","fromID":"1310566","toID":"1310539","formEdgeID":null},{"edgeID":"1721029","fromID":"1310550","toID":"1310567","formEdgeID":null},{"edgeID":"1721030","fromID":"1310567","toID":"1310566","formEdgeID":null},{"edgeID":"1721031","fromID":"1310551","toID":"1310568","formEdgeID":null},{"edgeID":"1721032","fromID":"1310568","toID":"1310539","formEdgeID":null},{"edgeID":"1721033","fromID":"1310540","toID":"1310569","formEdgeID":null},{"edgeID":"1721034","fromID":"1310569","toID":"1310552","formEdgeID":null},{"edgeID":"1721035","fromID":"1310569","toID":"1310570","formEdgeID":null},{"edgeID":"1721036","fromID":"1310570","toID":"1310568","formEdgeID":null},{"edgeID":"1721037","fromID":"1310561","toID":"1310571","formEdgeID":null},{"edgeID":"1721038","fromID":"1310571","toID":"1310539","formEdgeID":null},{"edgeID":"1721039","fromID":"1310540","toID":"1310572","formEdgeID":null},{"edgeID":"1721040","fromID":"1310572","toID":"1310562","formEdgeID":null},{"edgeID":"1721041","fromID":"1310573","toID":"1310571","formEdgeID":null},{"edgeID":"1721042","fromID":"1310572","toID":"1310573","formEdgeID":null},{"edgeID":"1721043","fromID":"1310539","toID":"1310574","formEdgeID":null},{"edgeID":"1721044","fromID":"1310574","toID":"1310533","formEdgeID":null},{"edgeID":"1721045","fromID":"1310544","toID":"1310575","formEdgeID":null},{"edgeID":"1721046","fromID":"1310575","toID":"1310574","formEdgeID":null},{"edgeID":"1721047","fromID":"1310485","toID":"1310576","formEdgeID":null},{"edgeID":"1721048","fromID":"1310576","toID":"1310490","formEdgeID":null},{"edgeID":"1721049","fromID":"1310515","toID":"1310577","formEdgeID":null},{"edgeID":"1721050","fromID":"1310577","toID":"1310576","formEdgeID":null},{"edgeID":"1721051","fromID":"1310556","toID":"1310578","formEdgeID":null},{"edgeID":"1721052","fromID":"1310578","toID":"1310533","formEdgeID":null},{"edgeID":"1721053","fromID":"1310534","toID":"1310579","formEdgeID":null},{"edgeID":"1721054","fromID":"1310579","toID":"1310557","formEdgeID":null},{"edgeID":"1721055","fromID":"1310579","toID":"1310580","formEdgeID":null},{"edgeID":"1721056","fromID":"1310580","toID":"1310578","formEdgeID":null}],"locutions":[]}