{"nodes":[{"nodeID":"1310859","text":"the Chancellor's hinting that that policy may change","type":"I","timestamp":"2023-11-09 13:10:41"},{"nodeID":"1310860","text":"Fiona Bruce: The Chancellor's hinting that that policy may change","type":"L","timestamp":"2023-11-09 13:10:41"},{"nodeID":"1310861","text":"Analysing","type":"YA","timestamp":"2023-11-09 13:10:41"},{"nodeID":"1310862","text":"Chris: Fiona Bruce: The Chancellor's hinting that that policy may change","type":"L","timestamp":"2023-11-09 13:10:41"},{"nodeID":"1310863","text":"Asserting","type":"YA","timestamp":"2023-11-09 13:10:41"},{"nodeID":"1310864","text":"the government may consider introducing a windfall tax","type":"I","timestamp":"2023-11-09 13:10:42"},{"nodeID":"1310865","text":"Fiona Bruce:  the government may consider introducing a windfall tax","type":"L","timestamp":"2023-11-09 13:10:42"},{"nodeID":"1310866","text":"Analysing","type":"YA","timestamp":"2023-11-09 13:10:42"},{"nodeID":"1310867","text":"Chris: Fiona Bruce:  the government may consider introducing a windfall tax","type":"L","timestamp":"2023-11-09 13:10:42"},{"nodeID":"1310868","text":"Asserting","type":"YA","timestamp":"2023-11-09 13:10:42"},{"nodeID":"1310869","text":"Default Transition","type":"TA","timestamp":"2023-11-09 13:10:42"},{"nodeID":"1310870","text":"Default Rephrase","type":"MA","timestamp":"2023-11-09 13:10:42"},{"nodeID":"1310871","text":"Restating","type":"YA","timestamp":"2023-11-09 13:10:42"},{"nodeID":"1310872","text":"the government take a load of money from oil companies, quite rightly, and there are ways one can take more","type":"I","timestamp":"2023-11-09 13:10:42"},{"nodeID":"1310873","text":"Damian Green: we take a load of money from oil companies, quite rightly, and there are ways you can take more","type":"L","timestamp":"2023-11-09 13:10:42"},{"nodeID":"1310874","text":"Analysing","type":"YA","timestamp":"2023-11-09 13:10:42"},{"nodeID":"1310875","text":"Chris: Damian Green: we take a load of money from oil companies, quite rightly, and there are ways you can take more","type":"L","timestamp":"2023-11-09 13:10:42"},{"nodeID":"1310876","text":"Asserting","type":"YA","timestamp":"2023-11-09 13:10:42"},{"nodeID":"1310877","text":"Default Transition","type":"TA","timestamp":"2023-11-09 13:10:42"},{"nodeID":"1310878","text":"raising additional revenue doesn't necessarily need to be a windfall tax","type":"I","timestamp":"2023-11-09 13:10:43"},{"nodeID":"1310879","text":"Damian Green: it doesn't necessarily need to be a windfall tax","type":"L","timestamp":"2023-11-09 13:10:43"},{"nodeID":"1310880","text":"Analysing","type":"YA","timestamp":"2023-11-09 13:10:43"},{"nodeID":"1310881","text":"Chris: Damian Green: it doesn't necessarily need to be a windfall tax","type":"L","timestamp":"2023-11-09 13:10:43"},{"nodeID":"1310882","text":"Asserting","type":"YA","timestamp":"2023-11-09 13:10:43"},{"nodeID":"1310883","text":"Default Transition","type":"TA","timestamp":"2023-11-09 13:10:43"},{"nodeID":"1310884","text":"Default Rephrase","type":"MA","timestamp":"2023-11-09 13:10:43"},{"nodeID":"1310885","text":"Default Conflict","type":"CA","timestamp":"2023-11-09 13:10:43"},{"nodeID":"1310886","text":"Default Transition","type":"TA","timestamp":"2023-11-09 13:10:43"},{"nodeID":"1310887","text":"Disagreeing","type":"YA","timestamp":"2023-11-09 13:10:43"},{"nodeID":"1310888","text":"Restating","type":"YA","timestamp":"2023-11-09 13:10:43"},{"nodeID":"1310889","text":"Damian Green does or does not think there should be a windfall tax","type":"I","timestamp":"2023-11-09 13:10:43"},{"nodeID":"1310890","text":"Fiona Bruce: Do you think there should be a windfall tax","type":"L","timestamp":"2023-11-09 13:10:43"},{"nodeID":"1310891","text":"Analysing","type":"YA","timestamp":"2023-11-09 13:10:43"},{"nodeID":"1310892","text":"Chris: Fiona Bruce: Do you think there should be a windfall tax","type":"L","timestamp":"2023-11-09 13:10:43"},{"nodeID":"1310893","text":"Pure Questioning","type":"YA","timestamp":"2023-11-09 13:10:43"},{"nodeID":"1310894","text":"Default Transition","type":"TA","timestamp":"2023-11-09 13:10:43"},{"nodeID":"1310895","text":"the problem with windfall tax is they're a one off","type":"I","timestamp":"2023-11-09 13:10:44"},{"nodeID":"1310896","text":"Damian Green: The problem with windfall tax is they're a one off","type":"L","timestamp":"2023-11-09 13:10:44"},{"nodeID":"1310897","text":"Analysing","type":"YA","timestamp":"2023-11-09 13:10:44"},{"nodeID":"1310898","text":"Chris: Damian Green: The problem with windfall tax is they're a one off","type":"L","timestamp":"2023-11-09 13:10:44"},{"nodeID":"1310899","text":"Asserting","type":"YA","timestamp":"2023-11-09 13:10:44"},{"nodeID":"1310900","text":"Default Transition","type":"TA","timestamp":"2023-11-09 13:10:44"},{"nodeID":"1310901","text":"Default Rephrase","type":"MA","timestamp":"2023-11-09 13:10:44"},{"nodeID":"1310902","text":"Default Illocuting","type":"YA","timestamp":"2023-11-09 13:10:44"},{"nodeID":"1310903","text":"windfall taxes make life unpredictable for businesses","type":"I","timestamp":"2023-11-09 13:10:45"},{"nodeID":"1310904","text":"Damian Green: they make life unpredictable for businesses","type":"L","timestamp":"2023-11-09 13:10:45"},{"nodeID":"1310905","text":"Analysing","type":"YA","timestamp":"2023-11-09 13:10:45"},{"nodeID":"1310906","text":"Chris: Damian Green: they make life unpredictable for businesses","type":"L","timestamp":"2023-11-09 13:10:45"},{"nodeID":"1310907","text":"Asserting","type":"YA","timestamp":"2023-11-09 13:10:45"},{"nodeID":"1310908","text":"Default Transition","type":"TA","timestamp":"2023-11-09 13:10:45"},{"nodeID":"1310909","text":"Default Rephrase","type":"MA","timestamp":"2023-11-09 13:10:45"},{"nodeID":"1310910","text":"Default Transition","type":"TA","timestamp":"2023-11-09 13:10:45"},{"nodeID":"1310911","text":"Restating","type":"YA","timestamp":"2023-11-09 13:10:45"},{"nodeID":"1310912","text":"Default Rephrase","type":"MA","timestamp":"2023-11-09 13:10:45"},{"nodeID":"1310913","text":"Restating","type":"YA","timestamp":"2023-11-09 13:10:45"},{"nodeID":"1310914","text":"every business knows they want a degree of predictability","type":"I","timestamp":"2023-11-09 13:10:45"},{"nodeID":"1310915","text":"Damian Green: every business knows they want a degree of predictability","type":"L","timestamp":"2023-11-09 13:10:45"},{"nodeID":"1310916","text":"Analysing","type":"YA","timestamp":"2023-11-09 13:10:45"},{"nodeID":"1310917","text":"Chris: Damian Green: every business knows they want a degree of predictability","type":"L","timestamp":"2023-11-09 13:10:45"},{"nodeID":"1310918","text":"Asserting","type":"YA","timestamp":"2023-11-09 13:10:45"},{"nodeID":"1310919","text":"Default Transition","type":"TA","timestamp":"2023-11-09 13:10:45"},{"nodeID":"1310920","text":"Default Rephrase","type":"MA","timestamp":"2023-11-09 13:10:45"},{"nodeID":"1310921","text":"Restating","type":"YA","timestamp":"2023-11-09 13:10:45"},{"nodeID":"1310922","text":"so the fact that oil companies pay corporation tax","type":"I","timestamp":"2023-11-09 13:10:46"},{"nodeID":"1310923","text":"Damian Green: So the fact that oil companies pay corporation tax","type":"L","timestamp":"2023-11-09 13:10:46"},{"nodeID":"1310924","text":"Analysing","type":"YA","timestamp":"2023-11-09 13:10:46"},{"nodeID":"1310925","text":"Chris: Damian Green: So the fact that oil companies pay corporation tax","type":"L","timestamp":"2023-11-09 13:10:46"},{"nodeID":"1310926","text":"Asserting","type":"YA","timestamp":"2023-11-09 13:10:46"},{"nodeID":"1310927","text":"Default Transition","type":"TA","timestamp":"2023-11-09 13:10:46"},{"nodeID":"1310928","text":"put in a carbon tax","type":"I","timestamp":"2023-11-09 13:10:47"},{"nodeID":"1310929","text":"Jack Thorne: Put in a carbon tax","type":"L","timestamp":"2023-11-09 13:10:47"},{"nodeID":"1310930","text":"Analysing","type":"YA","timestamp":"2023-11-09 13:10:47"},{"nodeID":"1310931","text":"Chris: Jack Thorne: Put in a carbon tax","type":"L","timestamp":"2023-11-09 13:10:47"},{"nodeID":"1310932","text":"Asserting","type":"YA","timestamp":"2023-11-09 13:10:47"},{"nodeID":"1310933","text":"Default Transition","type":"TA","timestamp":"2023-11-09 13:10:47"},{"nodeID":"1310934","text":"oil companies have made unpredictable profits","type":"I","timestamp":"2023-11-09 13:10:47"},{"nodeID":"1310935","text":"Louise Haigh: they have made unpredictable profits","type":"L","timestamp":"2023-11-09 13:10:47"},{"nodeID":"1310936","text":"Analysing","type":"YA","timestamp":"2023-11-09 13:10:47"},{"nodeID":"1310937","text":"Chris: Louise Haigh: they have made unpredictable profits","type":"L","timestamp":"2023-11-09 13:10:47"},{"nodeID":"1310938","text":"Asserting","type":"YA","timestamp":"2023-11-09 13:10:47"},{"nodeID":"1310939","text":"Default Conflict","type":"CA","timestamp":"2023-11-09 13:10:47"},{"nodeID":"1310940","text":"Default Transition","type":"TA","timestamp":"2023-11-09 13:10:47"},{"nodeID":"1310941","text":"Disagreeing","type":"YA","timestamp":"2023-11-09 13:10:47"},{"nodeID":"1310942","text":"you don't need a windfall tax","type":"I","timestamp":"2023-11-09 13:10:48"},{"nodeID":"1310943","text":"Jack Thorne: You don't need a windfall tax","type":"L","timestamp":"2023-11-09 13:10:48"},{"nodeID":"1310944","text":"Analysing","type":"YA","timestamp":"2023-11-09 13:10:48"},{"nodeID":"1310945","text":"Chris: Jack Thorne: You don't need a windfall tax","type":"L","timestamp":"2023-11-09 13:10:48"},{"nodeID":"1310946","text":"Asserting","type":"YA","timestamp":"2023-11-09 13:10:48"},{"nodeID":"1310947","text":"Default Transition","type":"TA","timestamp":"2023-11-09 13:10:48"},{"nodeID":"1310948","text":"Default Rephrase","type":"MA","timestamp":"2023-11-09 13:10:48"},{"nodeID":"1310949","text":"Restating","type":"YA","timestamp":"2023-11-09 13:10:48"},{"nodeID":"1310950","text":"Analysing","type":"YA","timestamp":"2023-11-09 13:10:48"},{"nodeID":"1310951","text":"Asserting","type":"YA","timestamp":"2023-11-09 13:10:48"},{"nodeID":"1310952","text":"Default Inference","type":"RA","timestamp":"2023-11-09 13:10:48"},{"nodeID":"1310953","text":"Default Transition","type":"TA","timestamp":"2023-11-09 13:10:48"},{"nodeID":"1310954","text":"Arguing","type":"YA","timestamp":"2023-11-09 13:10:48"},{"nodeID":"1310955","text":"BP have got more money than they know what to do with","type":"I","timestamp":"2023-11-09 13:10:48"},{"nodeID":"1310956","text":"Louise Haigh: The chief financial officer of BP has said they've got more money than they know what to do with","type":"L","timestamp":"2023-11-09 13:10:48"},{"nodeID":"1310957","text":"Analysing","type":"YA","timestamp":"2023-11-09 13:10:48"},{"nodeID":"1310958","text":"Chris: Louise Haigh: The chief financial officer of BP has said they've got more money than they know what to do with","type":"L","timestamp":"2023-11-09 13:10:48"},{"nodeID":"1310959","text":"Default Transition","type":"TA","timestamp":"2023-11-09 13:10:48"},{"nodeID":"1310960","text":"Chief Financial Officer of BP: we've got more money than we know what to do with","type":"L","timestamp":"2023-11-09 13:10:48"},{"nodeID":"1310961","text":"Analysing","type":"YA","timestamp":"2023-11-09 13:10:48"},{"nodeID":"1310962","text":"Chris: Chief Financial Officer of BP: The chief financial officer of BP has said they've got more money than they know what to do with","type":"L","timestamp":"2023-11-09 13:10:48"},{"nodeID":"1310963","text":"Asserting","type":"YA","timestamp":"2023-11-09 13:10:48"},{"nodeID":"1310964","text":"Asserting","type":"YA","timestamp":"2023-11-09 13:10:48"},{"nodeID":"1310965","text":"the Chief Financial Officer of BP has explicitly said a windfall tax will not deter investment","type":"I","timestamp":"2023-11-09 13:10:49"},{"nodeID":"1310966","text":"Louise Haigh: He has explicitly said it will not deter investment","type":"L","timestamp":"2023-11-09 13:10:49"},{"nodeID":"1310967","text":"Analysing","type":"YA","timestamp":"2023-11-09 13:10:49"},{"nodeID":"1310968","text":"Chris: Louise Haigh: He has explicitly said it will not deter investment","type":"L","timestamp":"2023-11-09 13:10:49"},{"nodeID":"1310969","text":"Asserting","type":"YA","timestamp":"2023-11-09 13:10:49"},{"nodeID":"1310970","text":"Default Transition","type":"TA","timestamp":"2023-11-09 13:10:49"},{"nodeID":"1310971","text":"Default Inference","type":"RA","timestamp":"2023-11-09 13:10:49"},{"nodeID":"1310972","text":"Arguing","type":"YA","timestamp":"2023-11-09 13:10:49"},{"nodeID":"1310973","text":"the windfall tax will not stop BP investing in renewable energy","type":"I","timestamp":"2023-11-09 13:10:50"},{"nodeID":"1310974","text":"Louise Haigh: the windfall tax will not stop them investing in renewable energy","type":"L","timestamp":"2023-11-09 13:10:50"},{"nodeID":"1310975","text":"Analysing","type":"YA","timestamp":"2023-11-09 13:10:50"},{"nodeID":"1310976","text":"Chris: Louise Haigh: the windfall tax will not stop them investing in renewable energy","type":"L","timestamp":"2023-11-09 13:10:50"},{"nodeID":"1310977","text":"Asserting","type":"YA","timestamp":"2023-11-09 13:10:50"},{"nodeID":"1310978","text":"Default Transition","type":"TA","timestamp":"2023-11-09 13:10:50"},{"nodeID":"1310979","text":"Default Rephrase","type":"MA","timestamp":"2023-11-09 13:10:50"},{"nodeID":"1310980","text":"Restating","type":"YA","timestamp":"2023-11-09 13:10:50"},{"nodeID":"1310981","text":"the windfall tax will not stop BP's North Sea oil and gas exploration","type":"I","timestamp":"2023-11-09 13:10:50"},{"nodeID":"1310982","text":"Louise Haigh:  their North Sea oil and gas exploration","type":"L","timestamp":"2023-11-09 13:10:50"},{"nodeID":"1310983","text":"Analysing","type":"YA","timestamp":"2023-11-09 13:10:50"},{"nodeID":"1310984","text":"Chris: Louise Haigh:  their North Sea oil and gas exploration","type":"L","timestamp":"2023-11-09 13:10:50"},{"nodeID":"1310985","text":"Asserting","type":"YA","timestamp":"2023-11-09 13:10:50"},{"nodeID":"1310986","text":"Default Transition","type":"TA","timestamp":"2023-11-09 13:10:50"},{"nodeID":"1310987","text":"Default Rephrase","type":"MA","timestamp":"2023-11-09 13:10:50"},{"nodeID":"1310988","text":"Restating","type":"YA","timestamp":"2023-11-09 13:10:50"},{"nodeID":"1310989","text":"this money is sitting there on BPs balance sheets whilst people are wondering how they're going to heat their homes","type":"I","timestamp":"2023-11-09 13:10:51"},{"nodeID":"1310990","text":"Louise Haigh: This money is sitting there on their balance sheets whilst people are wondering how they're going to heat their homes","type":"L","timestamp":"2023-11-09 13:10:51"},{"nodeID":"1310991","text":"Analysing","type":"YA","timestamp":"2023-11-09 13:10:51"},{"nodeID":"1310992","text":"Chris: Louise Haigh: This money is sitting there on their balance sheets whilst people are wondering how they're going to heat their homes","type":"L","timestamp":"2023-11-09 13:10:51"},{"nodeID":"1310993","text":"Asserting","type":"YA","timestamp":"2023-11-09 13:10:51"},{"nodeID":"1310994","text":"Default Transition","type":"TA","timestamp":"2023-11-09 13:10:51"},{"nodeID":"1310995","text":"the government is deciding to side with the oil and gas companies rather than those pensioners who are struggling to heat their homes","type":"I","timestamp":"2023-11-09 13:10:52"},{"nodeID":"1310996","text":"Louise Haigh: the government is deciding to side with the oil and gas companies rather than those pensioners who are struggling to heat their homes","type":"L","timestamp":"2023-11-09 13:10:52"},{"nodeID":"1310997","text":"Analysing","type":"YA","timestamp":"2023-11-09 13:10:52"},{"nodeID":"1310998","text":"Chris: Louise Haigh: the government is deciding to side with the oil and gas companies rather than those pensioners who are struggling to heat their homes","type":"L","timestamp":"2023-11-09 13:10:52"},{"nodeID":"1310999","text":"Asserting","type":"YA","timestamp":"2023-11-09 13:10:52"},{"nodeID":"1311000","text":"political choices are difficult, Damian Green","type":"I","timestamp":"2023-11-09 13:10:52"},{"nodeID":"1311001","text":"Louise Haigh: political choices are difficult, Damian","type":"L","timestamp":"2023-11-09 13:10:52"},{"nodeID":"1311002","text":"Analysing","type":"YA","timestamp":"2023-11-09 13:10:52"},{"nodeID":"1311003","text":"Chris: Louise Haigh: political choices are difficult, Damian","type":"L","timestamp":"2023-11-09 13:10:52"},{"nodeID":"1311004","text":"Asserting","type":"YA","timestamp":"2023-11-09 13:10:52"},{"nodeID":"1311005","text":"Default Transition","type":"TA","timestamp":"2023-11-09 13:10:52"},{"nodeID":"1311006","text":"Default Transition","type":"TA","timestamp":"2023-11-09 13:10:52"},{"nodeID":"1311007","text":"Default Inference","type":"RA","timestamp":"2023-11-09 13:10:52"},{"nodeID":"1311008","text":"Default Transition","type":"TA","timestamp":"2023-11-09 13:10:52"},{"nodeID":"1311009","text":"Arguing","type":"YA","timestamp":"2023-11-09 13:10:52"},{"nodeID":"1311010","text":"Default Conflict","type":"CA","timestamp":"2023-11-09 13:10:52"},{"nodeID":"1311011","text":"Disagreeing","type":"YA","timestamp":"2023-11-09 13:10:52"},{"nodeID":"1311012","text":"those profits are taxed","type":"I","timestamp":"2023-11-09 13:10:53"},{"nodeID":"1311013","text":"Damian Green: those profits are taxed","type":"L","timestamp":"2023-11-09 13:10:53"},{"nodeID":"1311014","text":"Analysing","type":"YA","timestamp":"2023-11-09 13:10:53"},{"nodeID":"1311015","text":"Chris: Damian Green: those profits are taxed","type":"L","timestamp":"2023-11-09 13:10:53"},{"nodeID":"1311016","text":"Asserting","type":"YA","timestamp":"2023-11-09 13:10:53"},{"nodeID":"1311017","text":"Default Transition","type":"TA","timestamp":"2023-11-09 13:10:53"},{"nodeID":"1311018","text":"Default Conflict","type":"CA","timestamp":"2023-11-09 13:10:53"},{"nodeID":"1311019","text":"Default Transition","type":"TA","timestamp":"2023-11-09 13:10:53"},{"nodeID":"1311020","text":"Disagreeing","type":"YA","timestamp":"2023-11-09 13:10:53"},{"nodeID":"1311021","text":"oil companies pay corporation tax on those unpredictable profits","type":"I","timestamp":"2023-11-09 13:10:53"},{"nodeID":"1311022","text":"Damian Green: They pay corporation tax on those profits","type":"L","timestamp":"2023-11-09 13:10:53"},{"nodeID":"1311023","text":"Analysing","type":"YA","timestamp":"2023-11-09 13:10:53"},{"nodeID":"1311024","text":"Chris: Damian Green: They pay corporation tax on those profits","type":"L","timestamp":"2023-11-09 13:10:53"},{"nodeID":"1311025","text":"Asserting","type":"YA","timestamp":"2023-11-09 13:10:53"},{"nodeID":"1311026","text":"Default Transition","type":"TA","timestamp":"2023-11-09 13:10:53"},{"nodeID":"1311027","text":"Default Rephrase","type":"MA","timestamp":"2023-11-09 13:10:53"},{"nodeID":"1311028","text":"Restating","type":"YA","timestamp":"2023-11-09 13:10:53"},{"nodeID":"1311029","text":"we as a country charge higher rates of corporation tax for oil companies","type":"I","timestamp":"2023-11-09 13:10:54"},{"nodeID":"1311030","text":"Damian Green: we as a country charge higher rates of corporation tax for oil companies","type":"L","timestamp":"2023-11-09 13:10:54"},{"nodeID":"1311031","text":"Analysing","type":"YA","timestamp":"2023-11-09 13:10:54"},{"nodeID":"1311032","text":"Chris: Damian Green: we as a country charge higher rates of corporation tax for oil companies","type":"L","timestamp":"2023-11-09 13:10:54"},{"nodeID":"1311033","text":"Asserting","type":"YA","timestamp":"2023-11-09 13:10:54"},{"nodeID":"1311034","text":"Default Transition","type":"TA","timestamp":"2023-11-09 13:10:54"},{"nodeID":"1311035","text":"oil companies can make shed loads of money","type":"I","timestamp":"2023-11-09 13:10:55"},{"nodeID":"1311036","text":"Damian Green: they can make shed loads of money","type":"L","timestamp":"2023-11-09 13:10:55"},{"nodeID":"1311037","text":"Analysing","type":"YA","timestamp":"2023-11-09 13:10:55"},{"nodeID":"1311038","text":"Chris: Damian Green: they can make shed loads of money","type":"L","timestamp":"2023-11-09 13:10:55"},{"nodeID":"1311039","text":"Asserting","type":"YA","timestamp":"2023-11-09 13:10:55"},{"nodeID":"1311040","text":"Default Transition","type":"TA","timestamp":"2023-11-09 13:10:55"},{"nodeID":"1311041","text":"Default Inference","type":"RA","timestamp":"2023-11-09 13:10:55"},{"nodeID":"1311042","text":"Arguing","type":"YA","timestamp":"2023-11-09 13:10:55"},{"nodeID":"1311043","text":"the high levels of corporation tax on oil companies funds benefits and so on","type":"I","timestamp":"2023-11-09 13:10:55"},{"nodeID":"1311044","text":"Damian Green: that funds benefits and so on","type":"L","timestamp":"2023-11-09 13:10:55"},{"nodeID":"1311045","text":"Analysing","type":"YA","timestamp":"2023-11-09 13:10:55"},{"nodeID":"1311046","text":"Chris: Damian Green: that funds benefits and so on","type":"L","timestamp":"2023-11-09 13:10:55"},{"nodeID":"1311047","text":"Asserting","type":"YA","timestamp":"2023-11-09 13:10:55"},{"nodeID":"1311048","text":"Default Transition","type":"TA","timestamp":"2023-11-09 13:10:55"},{"nodeID":"1311049","text":"Default Inference","type":"RA","timestamp":"2023-11-09 13:10:55"},{"nodeID":"1311050","text":"Arguing","type":"YA","timestamp":"2023-11-09 13:10:55"},{"nodeID":"1311051","text":"if oil companies make more profits they pay more tax","type":"I","timestamp":"2023-11-09 13:10:56"},{"nodeID":"1311052","text":"Damian Green: if they make more profits they pay more tax","type":"L","timestamp":"2023-11-09 13:10:56"},{"nodeID":"1311053","text":"Analysing","type":"YA","timestamp":"2023-11-09 13:10:56"},{"nodeID":"1311054","text":"Chris: Damian Green: if they make more profits they pay more tax","type":"L","timestamp":"2023-11-09 13:10:56"},{"nodeID":"1311055","text":"Asserting","type":"YA","timestamp":"2023-11-09 13:10:56"},{"nodeID":"1311056","text":"Default Transition","type":"TA","timestamp":"2023-11-09 13:10:56"},{"nodeID":"1311057","text":"Default Inference","type":"RA","timestamp":"2023-11-09 13:10:56"},{"nodeID":"1311058","text":"Arguing","type":"YA","timestamp":"2023-11-09 13:10:56"}],"edges":[{"edgeID":"1721388","fromID":"1310861","toID":"1310860","formEdgeID":null},{"edgeID":"1721389","fromID":"1310862","toID":"1310861","formEdgeID":null},{"edgeID":"1721390","fromID":"1310860","toID":"1310863","formEdgeID":null},{"edgeID":"1721391","fromID":"1310863","toID":"1310859","formEdgeID":null},{"edgeID":"1721392","fromID":"1310866","toID":"1310865","formEdgeID":null},{"edgeID":"1721393","fromID":"1310867","toID":"1310866","formEdgeID":null},{"edgeID":"1721394","fromID":"1310865","toID":"1310868","formEdgeID":null},{"edgeID":"1721395","fromID":"1310868","toID":"1310864","formEdgeID":null},{"edgeID":"1721396","fromID":"1310860","toID":"1310869","formEdgeID":null},{"edgeID":"1721397","fromID":"1310869","toID":"1310865","formEdgeID":null},{"edgeID":"1721398","fromID":"1310864","toID":"1310870","formEdgeID":null},{"edgeID":"1721399","fromID":"1310870","toID":"1310859","formEdgeID":null},{"edgeID":"1721400","fromID":"1310869","toID":"1310871","formEdgeID":null},{"edgeID":"1721401","fromID":"1310871","toID":"1310870","formEdgeID":null},{"edgeID":"1721402","fromID":"1310874","toID":"1310873","formEdgeID":null},{"edgeID":"1721403","fromID":"1310875","toID":"1310874","formEdgeID":null},{"edgeID":"1721404","fromID":"1310873","toID":"1310876","formEdgeID":null},{"edgeID":"1721405","fromID":"1310876","toID":"1310872","formEdgeID":null},{"edgeID":"1721406","fromID":"1310865","toID":"1310877","formEdgeID":null},{"edgeID":"1721407","fromID":"1310877","toID":"1310873","formEdgeID":null},{"edgeID":"1721408","fromID":"1310880","toID":"1310879","formEdgeID":null},{"edgeID":"1721409","fromID":"1310881","toID":"1310880","formEdgeID":null},{"edgeID":"1721410","fromID":"1310879","toID":"1310882","formEdgeID":null},{"edgeID":"1721411","fromID":"1310882","toID":"1310878","formEdgeID":null},{"edgeID":"1721412","fromID":"1310873","toID":"1310883","formEdgeID":null},{"edgeID":"1721413","fromID":"1310883","toID":"1310879","formEdgeID":null},{"edgeID":"1721414","fromID":"1310878","toID":"1310884","formEdgeID":null},{"edgeID":"1721415","fromID":"1310884","toID":"1310872","formEdgeID":null},{"edgeID":"1721416","fromID":"1310878","toID":"1310885","formEdgeID":null},{"edgeID":"1721417","fromID":"1310885","toID":"1310864","formEdgeID":null},{"edgeID":"1721418","fromID":"1310865","toID":"1310886","formEdgeID":null},{"edgeID":"1721419","fromID":"1310886","toID":"1310879","formEdgeID":null},{"edgeID":"1721420","fromID":"1310886","toID":"1310887","formEdgeID":null},{"edgeID":"1721421","fromID":"1310887","toID":"1310885","formEdgeID":null},{"edgeID":"1721422","fromID":"1310883","toID":"1310888","formEdgeID":null},{"edgeID":"1721423","fromID":"1310888","toID":"1310884","formEdgeID":null},{"edgeID":"1721424","fromID":"1310891","toID":"1310890","formEdgeID":null},{"edgeID":"1721425","fromID":"1310892","toID":"1310891","formEdgeID":null},{"edgeID":"1721426","fromID":"1310890","toID":"1310893","formEdgeID":null},{"edgeID":"1721427","fromID":"1310893","toID":"1310889","formEdgeID":null},{"edgeID":"1721428","fromID":"1310879","toID":"1310894","formEdgeID":null},{"edgeID":"1721429","fromID":"1310894","toID":"1310890","formEdgeID":null},{"edgeID":"1721430","fromID":"1310897","toID":"1310896","formEdgeID":null},{"edgeID":"1721431","fromID":"1310898","toID":"1310897","formEdgeID":null},{"edgeID":"1721432","fromID":"1310896","toID":"1310899","formEdgeID":null},{"edgeID":"1721433","fromID":"1310899","toID":"1310895","formEdgeID":null},{"edgeID":"1721434","fromID":"1310890","toID":"1310900","formEdgeID":null},{"edgeID":"1721435","fromID":"1310900","toID":"1310896","formEdgeID":null},{"edgeID":"1721436","fromID":"1310895","toID":"1310901","formEdgeID":null},{"edgeID":"1721437","fromID":"1310901","toID":"1310889","formEdgeID":null},{"edgeID":"1721438","fromID":"1310900","toID":"1310902","formEdgeID":null},{"edgeID":"1721439","fromID":"1310902","toID":"1310901","formEdgeID":null},{"edgeID":"1721440","fromID":"1310905","toID":"1310904","formEdgeID":null},{"edgeID":"1721441","fromID":"1310906","toID":"1310905","formEdgeID":null},{"edgeID":"1721442","fromID":"1310904","toID":"1310907","formEdgeID":null},{"edgeID":"1721443","fromID":"1310907","toID":"1310903","formEdgeID":null},{"edgeID":"1721444","fromID":"1310896","toID":"1310908","formEdgeID":null},{"edgeID":"1721445","fromID":"1310908","toID":"1310904","formEdgeID":null},{"edgeID":"1721446","fromID":"1310895","toID":"1310909","formEdgeID":null},{"edgeID":"1721447","fromID":"1310909","toID":"1310878","formEdgeID":null},{"edgeID":"1721448","fromID":"1310879","toID":"1310910","formEdgeID":null},{"edgeID":"1721449","fromID":"1310910","toID":"1310896","formEdgeID":null},{"edgeID":"1721450","fromID":"1310910","toID":"1310911","formEdgeID":null},{"edgeID":"1721451","fromID":"1310911","toID":"1310909","formEdgeID":null},{"edgeID":"1721452","fromID":"1310903","toID":"1310912","formEdgeID":null},{"edgeID":"1721453","fromID":"1310912","toID":"1310895","formEdgeID":null},{"edgeID":"1721454","fromID":"1310908","toID":"1310913","formEdgeID":null},{"edgeID":"1721455","fromID":"1310913","toID":"1310912","formEdgeID":null},{"edgeID":"1721456","fromID":"1310916","toID":"1310915","formEdgeID":null},{"edgeID":"1721457","fromID":"1310917","toID":"1310916","formEdgeID":null},{"edgeID":"1721458","fromID":"1310915","toID":"1310918","formEdgeID":null},{"edgeID":"1721459","fromID":"1310918","toID":"1310914","formEdgeID":null},{"edgeID":"1721460","fromID":"1310904","toID":"1310919","formEdgeID":null},{"edgeID":"1721461","fromID":"1310919","toID":"1310915","formEdgeID":null},{"edgeID":"1721462","fromID":"1310914","toID":"1310920","formEdgeID":null},{"edgeID":"1721463","fromID":"1310920","toID":"1310903","formEdgeID":null},{"edgeID":"1721464","fromID":"1310919","toID":"1310921","formEdgeID":null},{"edgeID":"1721465","fromID":"1310921","toID":"1310920","formEdgeID":null},{"edgeID":"1721466","fromID":"1310924","toID":"1310923","formEdgeID":null},{"edgeID":"1721467","fromID":"1310925","toID":"1310924","formEdgeID":null},{"edgeID":"1721468","fromID":"1310923","toID":"1310926","formEdgeID":null},{"edgeID":"1721469","fromID":"1310926","toID":"1310922","formEdgeID":null},{"edgeID":"1721470","fromID":"1310915","toID":"1310927","formEdgeID":null},{"edgeID":"1721471","fromID":"1310927","toID":"1310923","formEdgeID":null},{"edgeID":"1721472","fromID":"1310930","toID":"1310929","formEdgeID":null},{"edgeID":"1721473","fromID":"1310931","toID":"1310930","formEdgeID":null},{"edgeID":"1721474","fromID":"1310929","toID":"1310932","formEdgeID":null},{"edgeID":"1721475","fromID":"1310932","toID":"1310928","formEdgeID":null},{"edgeID":"1721476","fromID":"1310923","toID":"1310933","formEdgeID":null},{"edgeID":"1721477","fromID":"1310933","toID":"1310929","formEdgeID":null},{"edgeID":"1721478","fromID":"1310936","toID":"1310935","formEdgeID":null},{"edgeID":"1721479","fromID":"1310937","toID":"1310936","formEdgeID":null},{"edgeID":"1721480","fromID":"1310935","toID":"1310938","formEdgeID":null},{"edgeID":"1721481","fromID":"1310938","toID":"1310934","formEdgeID":null},{"edgeID":"1721482","fromID":"1310934","toID":"1310939","formEdgeID":null},{"edgeID":"1721483","fromID":"1310939","toID":"1310914","formEdgeID":null},{"edgeID":"1721484","fromID":"1310915","toID":"1310940","formEdgeID":null},{"edgeID":"1721485","fromID":"1310940","toID":"1310935","formEdgeID":null},{"edgeID":"1721486","fromID":"1310940","toID":"1310941","formEdgeID":null},{"edgeID":"1721487","fromID":"1310941","toID":"1310939","formEdgeID":null},{"edgeID":"1721488","fromID":"1310944","toID":"1310943","formEdgeID":null},{"edgeID":"1721489","fromID":"1310945","toID":"1310944","formEdgeID":null},{"edgeID":"1721490","fromID":"1310943","toID":"1310946","formEdgeID":null},{"edgeID":"1721491","fromID":"1310946","toID":"1310942","formEdgeID":null},{"edgeID":"1721492","fromID":"1310929","toID":"1310947","formEdgeID":null},{"edgeID":"1721493","fromID":"1310947","toID":"1310943","formEdgeID":null},{"edgeID":"1721494","fromID":"1310942","toID":"1310948","formEdgeID":null},{"edgeID":"1721495","fromID":"1310948","toID":"1310928","formEdgeID":null},{"edgeID":"1721496","fromID":"1310947","toID":"1310949","formEdgeID":null},{"edgeID":"1721497","fromID":"1310949","toID":"1310948","formEdgeID":null},{"edgeID":"1721498","fromID":"1310950","toID":"1310929","formEdgeID":null},{"edgeID":"1721499","fromID":"1310931","toID":"1310950","formEdgeID":null},{"edgeID":"1721500","fromID":"1310929","toID":"1310951","formEdgeID":null},{"edgeID":"1721501","fromID":"1310951","toID":"1310928","formEdgeID":null},{"edgeID":"1721502","fromID":"1310928","toID":"1310952","formEdgeID":null},{"edgeID":"1721503","fromID":"1310952","toID":"1310942","formEdgeID":null},{"edgeID":"1721504","fromID":"1310943","toID":"1310953","formEdgeID":null},{"edgeID":"1721505","fromID":"1310953","toID":"1310929","formEdgeID":null},{"edgeID":"1721506","fromID":"1310953","toID":"1310954","formEdgeID":null},{"edgeID":"1721507","fromID":"1310954","toID":"1310952","formEdgeID":null},{"edgeID":"1721508","fromID":"1310957","toID":"1310956","formEdgeID":null},{"edgeID":"1721509","fromID":"1310958","toID":"1310957","formEdgeID":null},{"edgeID":"1721510","fromID":"1310929","toID":"1310959","formEdgeID":null},{"edgeID":"1721511","fromID":"1310959","toID":"1310956","formEdgeID":null},{"edgeID":"1721512","fromID":"1310961","toID":"1310960","formEdgeID":null},{"edgeID":"1721513","fromID":"1310962","toID":"1310961","formEdgeID":null},{"edgeID":"1721514","fromID":"1310960","toID":"1310963","formEdgeID":null},{"edgeID":"1721515","fromID":"1310963","toID":"1310955","formEdgeID":null},{"edgeID":"1721516","fromID":"1310956","toID":"1310964","formEdgeID":null},{"edgeID":"1721517","fromID":"1310964","toID":"1310960","formEdgeID":null},{"edgeID":"1721518","fromID":"1310967","toID":"1310966","formEdgeID":null},{"edgeID":"1721519","fromID":"1310968","toID":"1310967","formEdgeID":null},{"edgeID":"1721520","fromID":"1310966","toID":"1310969","formEdgeID":null},{"edgeID":"1721521","fromID":"1310969","toID":"1310965","formEdgeID":null},{"edgeID":"1721522","fromID":"1310956","toID":"1310970","formEdgeID":null},{"edgeID":"1721523","fromID":"1310970","toID":"1310966","formEdgeID":null},{"edgeID":"1721524","fromID":"1310955","toID":"1310971","formEdgeID":null},{"edgeID":"1721525","fromID":"1310971","toID":"1310965","formEdgeID":null},{"edgeID":"1721526","fromID":"1310970","toID":"1310972","formEdgeID":null},{"edgeID":"1721527","fromID":"1310972","toID":"1310971","formEdgeID":null},{"edgeID":"1721528","fromID":"1310975","toID":"1310974","formEdgeID":null},{"edgeID":"1721529","fromID":"1310976","toID":"1310975","formEdgeID":null},{"edgeID":"1721530","fromID":"1310974","toID":"1310977","formEdgeID":null},{"edgeID":"1721531","fromID":"1310977","toID":"1310973","formEdgeID":null},{"edgeID":"1721532","fromID":"1310966","toID":"1310978","formEdgeID":null},{"edgeID":"1721533","fromID":"1310978","toID":"1310974","formEdgeID":null},{"edgeID":"1721534","fromID":"1310973","toID":"1310979","formEdgeID":null},{"edgeID":"1721535","fromID":"1310979","toID":"1310965","formEdgeID":null},{"edgeID":"1721536","fromID":"1310978","toID":"1310980","formEdgeID":null},{"edgeID":"1721537","fromID":"1310980","toID":"1310979","formEdgeID":null},{"edgeID":"1721538","fromID":"1310983","toID":"1310982","formEdgeID":null},{"edgeID":"1721539","fromID":"1310984","toID":"1310983","formEdgeID":null},{"edgeID":"1721540","fromID":"1310982","toID":"1310985","formEdgeID":null},{"edgeID":"1721541","fromID":"1310985","toID":"1310981","formEdgeID":null},{"edgeID":"1721542","fromID":"1310974","toID":"1310986","formEdgeID":null},{"edgeID":"1721543","fromID":"1310986","toID":"1310982","formEdgeID":null},{"edgeID":"1721544","fromID":"1310981","toID":"1310987","formEdgeID":null},{"edgeID":"1721545","fromID":"1310987","toID":"1310973","formEdgeID":null},{"edgeID":"1721546","fromID":"1310986","toID":"1310988","formEdgeID":null},{"edgeID":"1721547","fromID":"1310988","toID":"1310987","formEdgeID":null},{"edgeID":"1721548","fromID":"1310991","toID":"1310990","formEdgeID":null},{"edgeID":"1721549","fromID":"1310992","toID":"1310991","formEdgeID":null},{"edgeID":"1721550","fromID":"1310990","toID":"1310993","formEdgeID":null},{"edgeID":"1721551","fromID":"1310993","toID":"1310989","formEdgeID":null},{"edgeID":"1721552","fromID":"1310982","toID":"1310994","formEdgeID":null},{"edgeID":"1721553","fromID":"1310994","toID":"1310990","formEdgeID":null},{"edgeID":"1721554","fromID":"1310997","toID":"1310996","formEdgeID":null},{"edgeID":"1721555","fromID":"1310998","toID":"1310997","formEdgeID":null},{"edgeID":"1721556","fromID":"1310996","toID":"1310999","formEdgeID":null},{"edgeID":"1721557","fromID":"1310999","toID":"1310995","formEdgeID":null},{"edgeID":"1721558","fromID":"1311002","toID":"1311001","formEdgeID":null},{"edgeID":"1721559","fromID":"1311003","toID":"1311002","formEdgeID":null},{"edgeID":"1721560","fromID":"1311001","toID":"1311004","formEdgeID":null},{"edgeID":"1721561","fromID":"1311004","toID":"1311000","formEdgeID":null},{"edgeID":"1721562","fromID":"1310990","toID":"1311005","formEdgeID":null},{"edgeID":"1721563","fromID":"1311005","toID":"1311001","formEdgeID":null},{"edgeID":"1721564","fromID":"1311001","toID":"1311006","formEdgeID":null},{"edgeID":"1721565","fromID":"1311006","toID":"1310996","formEdgeID":null},{"edgeID":"1721566","fromID":"1310989","toID":"1311007","formEdgeID":null},{"edgeID":"1721567","fromID":"1311007","toID":"1310995","formEdgeID":null},{"edgeID":"1721568","fromID":"1310990","toID":"1311008","formEdgeID":null},{"edgeID":"1721569","fromID":"1311008","toID":"1310996","formEdgeID":null},{"edgeID":"1721570","fromID":"1311008","toID":"1311009","formEdgeID":null},{"edgeID":"1721571","fromID":"1311009","toID":"1311007","formEdgeID":null},{"edgeID":"1721572","fromID":"1310995","toID":"1311010","formEdgeID":null},{"edgeID":"1721573","fromID":"1311010","toID":"1311000","formEdgeID":null},{"edgeID":"1721574","fromID":"1311006","toID":"1311011","formEdgeID":null},{"edgeID":"1721575","fromID":"1311011","toID":"1311010","formEdgeID":null},{"edgeID":"1721576","fromID":"1311014","toID":"1311013","formEdgeID":null},{"edgeID":"1721577","fromID":"1311015","toID":"1311014","formEdgeID":null},{"edgeID":"1721578","fromID":"1311013","toID":"1311016","formEdgeID":null},{"edgeID":"1721579","fromID":"1311016","toID":"1311012","formEdgeID":null},{"edgeID":"1721580","fromID":"1310996","toID":"1311017","formEdgeID":null},{"edgeID":"1721581","fromID":"1311017","toID":"1311013","formEdgeID":null},{"edgeID":"1721582","fromID":"1311012","toID":"1311018","formEdgeID":null},{"edgeID":"1721583","fromID":"1311018","toID":"1310934","formEdgeID":null},{"edgeID":"1721584","fromID":"1310935","toID":"1311019","formEdgeID":null},{"edgeID":"1721585","fromID":"1311019","toID":"1311013","formEdgeID":null},{"edgeID":"1721586","fromID":"1311019","toID":"1311020","formEdgeID":null},{"edgeID":"1721587","fromID":"1311020","toID":"1311018","formEdgeID":null},{"edgeID":"1721588","fromID":"1311023","toID":"1311022","formEdgeID":null},{"edgeID":"1721589","fromID":"1311024","toID":"1311023","formEdgeID":null},{"edgeID":"1721590","fromID":"1311022","toID":"1311025","formEdgeID":null},{"edgeID":"1721591","fromID":"1311025","toID":"1311021","formEdgeID":null},{"edgeID":"1721592","fromID":"1311013","toID":"1311026","formEdgeID":null},{"edgeID":"1721593","fromID":"1311026","toID":"1311022","formEdgeID":null},{"edgeID":"1721594","fromID":"1311021","toID":"1311027","formEdgeID":null},{"edgeID":"1721595","fromID":"1311027","toID":"1311012","formEdgeID":null},{"edgeID":"1721596","fromID":"1311026","toID":"1311028","formEdgeID":null},{"edgeID":"1721597","fromID":"1311028","toID":"1311027","formEdgeID":null},{"edgeID":"1721598","fromID":"1311031","toID":"1311030","formEdgeID":null},{"edgeID":"1721599","fromID":"1311032","toID":"1311031","formEdgeID":null},{"edgeID":"1721600","fromID":"1311030","toID":"1311033","formEdgeID":null},{"edgeID":"1721601","fromID":"1311033","toID":"1311029","formEdgeID":null},{"edgeID":"1721602","fromID":"1311022","toID":"1311034","formEdgeID":null},{"edgeID":"1721603","fromID":"1311034","toID":"1311030","formEdgeID":null},{"edgeID":"1721604","fromID":"1311037","toID":"1311036","formEdgeID":null},{"edgeID":"1721605","fromID":"1311038","toID":"1311037","formEdgeID":null},{"edgeID":"1721606","fromID":"1311036","toID":"1311039","formEdgeID":null},{"edgeID":"1721607","fromID":"1311039","toID":"1311035","formEdgeID":null},{"edgeID":"1721608","fromID":"1311030","toID":"1311040","formEdgeID":null},{"edgeID":"1721609","fromID":"1311040","toID":"1311036","formEdgeID":null},{"edgeID":"1721610","fromID":"1311035","toID":"1311041","formEdgeID":null},{"edgeID":"1721611","fromID":"1311041","toID":"1311029","formEdgeID":null},{"edgeID":"1721612","fromID":"1311040","toID":"1311042","formEdgeID":null},{"edgeID":"1721613","fromID":"1311042","toID":"1311041","formEdgeID":null},{"edgeID":"1721614","fromID":"1311045","toID":"1311044","formEdgeID":null},{"edgeID":"1721615","fromID":"1311046","toID":"1311045","formEdgeID":null},{"edgeID":"1721616","fromID":"1311044","toID":"1311047","formEdgeID":null},{"edgeID":"1721617","fromID":"1311047","toID":"1311043","formEdgeID":null},{"edgeID":"1721618","fromID":"1311030","toID":"1311048","formEdgeID":null},{"edgeID":"1721619","fromID":"1311048","toID":"1311044","formEdgeID":null},{"edgeID":"1721620","fromID":"1311043","toID":"1311049","formEdgeID":null},{"edgeID":"1721621","fromID":"1311049","toID":"1311029","formEdgeID":null},{"edgeID":"1721622","fromID":"1311048","toID":"1311050","formEdgeID":null},{"edgeID":"1721623","fromID":"1311050","toID":"1311049","formEdgeID":null},{"edgeID":"1721624","fromID":"1311053","toID":"1311052","formEdgeID":null},{"edgeID":"1721625","fromID":"1311054","toID":"1311053","formEdgeID":null},{"edgeID":"1721626","fromID":"1311052","toID":"1311055","formEdgeID":null},{"edgeID":"1721627","fromID":"1311055","toID":"1311051","formEdgeID":null},{"edgeID":"1721628","fromID":"1311022","toID":"1311056","formEdgeID":null},{"edgeID":"1721629","fromID":"1311056","toID":"1311052","formEdgeID":null},{"edgeID":"1721630","fromID":"1311021","toID":"1311057","formEdgeID":null},{"edgeID":"1721631","fromID":"1311057","toID":"1311051","formEdgeID":null},{"edgeID":"1721632","fromID":"1311056","toID":"1311058","formEdgeID":null},{"edgeID":"1721633","fromID":"1311058","toID":"1311057","formEdgeID":null}],"locutions":[]}