{"nodes":[{"nodeID":"1153230","text":"Wilfred Emmanuel-Jones will forgive people making mistakes whilst they deliver","type":"I","timestamp":"2023-04-21 13:30:38"},{"nodeID":"1154510","text":"Wilfred Emmanuel-Jones will forgive anything","type":"I","timestamp":"2023-04-21 13:39:19"},{"nodeID":"1154520","text":"we do get a slight beating","type":"I","timestamp":"2023-04-21 13:39:24"},{"nodeID":"1154526","text":"Wilfred Emmanuel-Jones hopes that when we come to the big election people say we're going to vote on who delivers results","type":"I","timestamp":"2023-04-21 13:39:26"},{"nodeID":"1154531","text":"love him or hate him we have to say that Boris Johnson has delivered","type":"I","timestamp":"2023-04-21 13:39:29"},{"nodeID":"1154536","text":"Charlotte Ivers always thinks local elections are really tricky","type":"I","timestamp":"2023-04-21 13:39:32"},{"nodeID":"1154542","text":"when your votes are counted they don't really know what you're voting for","type":"I","timestamp":"2023-04-21 13:39:34"},{"nodeID":"1154550","text":"you are or are not voting, as you say, to send a message to a national politician or you are or are not just voting to say who you want to be in charge of your bin collections","type":"I","timestamp":"2023-04-21 13:39:37"},{"nodeID":"1154556","text":"it basically comes down to personal choice really","type":"I","timestamp":"2023-04-21 13:39:39"},{"nodeID":"1154561","text":"what you care about is xxx","type":"I","timestamp":"2023-04-21 13:39:42"},{"nodeID":"1154566","text":"you do or don't care about sending a message","type":"I","timestamp":"2023-04-21 13:39:44"},{"nodeID":"1154574","text":"you do or don't care about local services","type":"I","timestamp":"2023-04-21 13:39:47"},{"nodeID":"1154578","text":"you voted today to remove Boris Johnson","type":"I","timestamp":"2023-04-21 13:39:49"},{"nodeID":"1154583","text":"you voted today to send a message to the Tories that they should get rid of Boris Johnson","type":"I","timestamp":"2023-04-21 13:39:52"},{"nodeID":"1154591","text":"you are going to be disappointed","type":"I","timestamp":"2023-04-21 13:39:54"},{"nodeID":"1154599","text":"Charlotte Ivers' sense now from Conservative MPs is the Tories want to move on from all of this","type":"I","timestamp":"2023-04-21 13:39:57"},{"nodeID":"1154607","text":"the Tories don't see someone who is a viable alternative to Boris Johnson","type":"I","timestamp":"2023-04-21 13:39:59"},{"nodeID":"1154615","text":"your aim was to remove Boris Johnson","type":"I","timestamp":"2023-04-21 13:40:02"},{"nodeID":"1154620","text":"probably your aim to remove Boris Johnson won't have worked","type":"I","timestamp":"2023-04-21 13:40:06"},{"nodeID":"1154627","text":"your aim was to get better bin collections","type":"I","timestamp":"2023-04-21 13:40:09"},{"nodeID":"1154633","text":"Charlotte Ivers hopes your aim to get better bin collections does work","type":"I","timestamp":"2023-04-21 13:40:14"},{"nodeID":"1311845","text":"Wilfred Emmanuel-Jones:  I will forgive anything","type":"L","timestamp":"2023-11-09 13:12:03"},{"nodeID":"1311846","text":"Analysing","type":"YA","timestamp":"2023-11-09 13:12:03"},{"nodeID":"1311847","text":"Steffi: Wilfred Emmanuel-Jones:  I will forgive anything","type":"L","timestamp":"2023-11-09 13:12:03"},{"nodeID":"1311848","text":"Asserting","type":"YA","timestamp":"2023-11-09 13:12:03"},{"nodeID":"1311849","text":"Wilfred Emmanuel-Jones: I will forgive people making mistakes whilst they deliver","type":"L","timestamp":"2023-11-09 13:12:04"},{"nodeID":"1311850","text":"Analysing","type":"YA","timestamp":"2023-11-09 13:12:04"},{"nodeID":"1311851","text":"Steffi: Wilfred Emmanuel-Jones: I will forgive people making mistakes whilst they deliver","type":"L","timestamp":"2023-11-09 13:12:04"},{"nodeID":"1311852","text":"Asserting","type":"YA","timestamp":"2023-11-09 13:12:04"},{"nodeID":"1311853","text":"Default Transition","type":"TA","timestamp":"2023-11-09 13:12:04"},{"nodeID":"1311854","text":"Default Rephrase","type":"MA","timestamp":"2023-11-09 13:12:04"},{"nodeID":"1311855","text":"Restating","type":"YA","timestamp":"2023-11-09 13:12:04"},{"nodeID":"1311856","text":"Wilfred Emmanuel-Jones: we do get a slight beating","type":"L","timestamp":"2023-11-09 13:12:05"},{"nodeID":"1311857","text":"Analysing","type":"YA","timestamp":"2023-11-09 13:12:05"},{"nodeID":"1311858","text":"Steffi: Wilfred Emmanuel-Jones: we do get a slight beating","type":"L","timestamp":"2023-11-09 13:12:05"},{"nodeID":"1311859","text":"Asserting","type":"YA","timestamp":"2023-11-09 13:12:05"},{"nodeID":"1311860","text":"Default Transition","type":"TA","timestamp":"2023-11-09 13:12:05"},{"nodeID":"1311861","text":"Wilfred Emmanuel-Jones: I hope that when we come to the big election people say we're going to vote on who delivers results","type":"L","timestamp":"2023-11-09 13:12:05"},{"nodeID":"1311862","text":"Analysing","type":"YA","timestamp":"2023-11-09 13:12:05"},{"nodeID":"1311863","text":"Steffi: Wilfred Emmanuel-Jones: I hope that when we come to the big election people say we're going to vote on who delivers results","type":"L","timestamp":"2023-11-09 13:12:05"},{"nodeID":"1311864","text":"Asserting","type":"YA","timestamp":"2023-11-09 13:12:05"},{"nodeID":"1311865","text":"Wilfred Emmanuel-Jones: love him or hate him we have to say that Boris has delivered","type":"L","timestamp":"2023-11-09 13:12:06"},{"nodeID":"1311866","text":"Analysing","type":"YA","timestamp":"2023-11-09 13:12:06"},{"nodeID":"1311867","text":"Steffi: Wilfred Emmanuel-Jones: love him or hate him we have to say that Boris has delivered","type":"L","timestamp":"2023-11-09 13:12:06"},{"nodeID":"1311868","text":"Asserting","type":"YA","timestamp":"2023-11-09 13:12:06"},{"nodeID":"1311869","text":"Charlotte Ivers: I always think local elections are really tricky","type":"L","timestamp":"2023-11-09 13:12:06"},{"nodeID":"1311870","text":"Analysing","type":"YA","timestamp":"2023-11-09 13:12:06"},{"nodeID":"1311871","text":"Steffi: Charlotte Ivers: I always think local elections are really tricky","type":"L","timestamp":"2023-11-09 13:12:06"},{"nodeID":"1311872","text":"Asserting","type":"YA","timestamp":"2023-11-09 13:12:06"},{"nodeID":"1311873","text":"Default Transition","type":"TA","timestamp":"2023-11-09 13:12:06"},{"nodeID":"1311874","text":"Charlotte Ivers: when your votes are counted they don't really know what you're voting for","type":"L","timestamp":"2023-11-09 13:12:07"},{"nodeID":"1311875","text":"Analysing","type":"YA","timestamp":"2023-11-09 13:12:07"},{"nodeID":"1311876","text":"Steffi: Charlotte Ivers: when your votes are counted they don't really know what you're voting for","type":"L","timestamp":"2023-11-09 13:12:07"},{"nodeID":"1311877","text":"Asserting","type":"YA","timestamp":"2023-11-09 13:12:07"},{"nodeID":"1311878","text":"Default Transition","type":"TA","timestamp":"2023-11-09 13:12:07"},{"nodeID":"1311879","text":"Default Inference","type":"RA","timestamp":"2023-11-09 13:12:07"},{"nodeID":"1311880","text":"Arguing","type":"YA","timestamp":"2023-11-09 13:12:07"},{"nodeID":"1311881","text":"Charlotte Ivers: Are you voting, as you say, to send a message to a national politician or are you just voting to say who you want to be in charge of your bin collections","type":"L","timestamp":"2023-11-09 13:12:08"},{"nodeID":"1311882","text":"Analysing","type":"YA","timestamp":"2023-11-09 13:12:08"},{"nodeID":"1311883","text":"Steffi: Charlotte Ivers: Are you voting, as you say, to send a message to a national politician or are you just voting to say who you want to be in charge of your bin collections","type":"L","timestamp":"2023-11-09 13:12:08"},{"nodeID":"1311884","text":"Rhetorical Questioning","type":"YA","timestamp":"2023-11-09 13:12:08"},{"nodeID":"1311885","text":"Default Transition","type":"TA","timestamp":"2023-11-09 13:12:08"},{"nodeID":"1311886","text":"Charlotte Ivers:  it basically comes down to personal choice really","type":"L","timestamp":"2023-11-09 13:12:08"},{"nodeID":"1311887","text":"Analysing","type":"YA","timestamp":"2023-11-09 13:12:08"},{"nodeID":"1311888","text":"Steffi: Charlotte Ivers:  it basically comes down to personal choice really","type":"L","timestamp":"2023-11-09 13:12:08"},{"nodeID":"1311889","text":"Asserting","type":"YA","timestamp":"2023-11-09 13:12:08"},{"nodeID":"1311890","text":"Charlotte Ivers: what is it that you care about","type":"L","timestamp":"2023-11-09 13:12:09"},{"nodeID":"1311891","text":"Analysing","type":"YA","timestamp":"2023-11-09 13:12:09"},{"nodeID":"1311892","text":"Steffi: Charlotte Ivers: what is it that you care about","type":"L","timestamp":"2023-11-09 13:12:09"},{"nodeID":"1311893","text":"Rhetorical Questioning","type":"YA","timestamp":"2023-11-09 13:12:09"},{"nodeID":"1311894","text":"Charlotte Ivers: Do you care about sending a message","type":"L","timestamp":"2023-11-09 13:12:09"},{"nodeID":"1311895","text":"Analysing","type":"YA","timestamp":"2023-11-09 13:12:09"},{"nodeID":"1311896","text":"Steffi: Charlotte Ivers: Do you care about sending a message","type":"L","timestamp":"2023-11-09 13:12:09"},{"nodeID":"1311897","text":"Rhetorical Questioning","type":"YA","timestamp":"2023-11-09 13:12:09"},{"nodeID":"1311898","text":"Default Rephrase","type":"MA","timestamp":"2023-11-09 13:12:09"},{"nodeID":"1311899","text":"Default Transition","type":"TA","timestamp":"2023-11-09 13:12:09"},{"nodeID":"1311900","text":"Default Transition","type":"TA","timestamp":"2023-11-09 13:12:09"},{"nodeID":"1311901","text":"Charlotte Ivers: Do you care about local services","type":"L","timestamp":"2023-11-09 13:12:10"},{"nodeID":"1311902","text":"Analysing","type":"YA","timestamp":"2023-11-09 13:12:10"},{"nodeID":"1311903","text":"Steffi: Charlotte Ivers: Do you care about local services","type":"L","timestamp":"2023-11-09 13:12:10"},{"nodeID":"1311904","text":"Charlotte Ivers: you voted today to remove Boris Johnson","type":"L","timestamp":"2023-11-09 13:12:10"},{"nodeID":"1311905","text":"Analysing","type":"YA","timestamp":"2023-11-09 13:12:10"},{"nodeID":"1311906","text":"Steffi: Charlotte Ivers: you voted today to remove Boris Johnson","type":"L","timestamp":"2023-11-09 13:12:10"},{"nodeID":"1311907","text":"Asserting","type":"YA","timestamp":"2023-11-09 13:12:10"},{"nodeID":"1311908","text":"Charlotte Ivers: to send a message to the Tories that they should get rid of Boris Johnson","type":"L","timestamp":"2023-11-09 13:12:11"},{"nodeID":"1311909","text":"Analysing","type":"YA","timestamp":"2023-11-09 13:12:11"},{"nodeID":"1311910","text":"Steffi: Charlotte Ivers: to send a message to the Tories that they should get rid of Boris Johnson","type":"L","timestamp":"2023-11-09 13:12:11"},{"nodeID":"1311911","text":"Asserting","type":"YA","timestamp":"2023-11-09 13:12:11"},{"nodeID":"1311912","text":"Default Rephrase","type":"MA","timestamp":"2023-11-09 13:12:11"},{"nodeID":"1311913","text":"Default Transition","type":"TA","timestamp":"2023-11-09 13:12:11"},{"nodeID":"1311914","text":"Restating","type":"YA","timestamp":"2023-11-09 13:12:11"},{"nodeID":"1311915","text":"Charlotte Ivers: you are going to be disappointed","type":"L","timestamp":"2023-11-09 13:12:12"},{"nodeID":"1311916","text":"Analysing","type":"YA","timestamp":"2023-11-09 13:12:12"},{"nodeID":"1311917","text":"Steffi: Charlotte Ivers: you are going to be disappointed","type":"L","timestamp":"2023-11-09 13:12:12"},{"nodeID":"1311918","text":"Asserting","type":"YA","timestamp":"2023-11-09 13:12:12"},{"nodeID":"1311919","text":"Default Inference","type":"RA","timestamp":"2023-11-09 13:12:12"},{"nodeID":"1311920","text":"Default Transition","type":"TA","timestamp":"2023-11-09 13:12:12"},{"nodeID":"1311921","text":"Arguing","type":"YA","timestamp":"2023-11-09 13:12:12"},{"nodeID":"1311922","text":"Charlotte Ivers: my sense now from Conservative MPs is they want to move on from all of this","type":"L","timestamp":"2023-11-09 13:12:12"},{"nodeID":"1311923","text":"Analysing","type":"YA","timestamp":"2023-11-09 13:12:12"},{"nodeID":"1311924","text":"Steffi: Charlotte Ivers: my sense now from Conservative MPs is they want to move on from all of this","type":"L","timestamp":"2023-11-09 13:12:12"},{"nodeID":"1311925","text":"Asserting","type":"YA","timestamp":"2023-11-09 13:12:12"},{"nodeID":"1311926","text":"Default Inference","type":"RA","timestamp":"2023-11-09 13:12:12"},{"nodeID":"1311927","text":"Default Transition","type":"TA","timestamp":"2023-11-09 13:12:12"},{"nodeID":"1311928","text":"Arguing","type":"YA","timestamp":"2023-11-09 13:12:12"},{"nodeID":"1311929","text":"Charlotte Ivers: They don't see someone who is a viable alternative to him","type":"L","timestamp":"2023-11-09 13:12:13"},{"nodeID":"1311930","text":"Analysing","type":"YA","timestamp":"2023-11-09 13:12:13"},{"nodeID":"1311931","text":"Steffi: Charlotte Ivers: They don't see someone who is a viable alternative to him","type":"L","timestamp":"2023-11-09 13:12:13"},{"nodeID":"1311932","text":"Asserting","type":"YA","timestamp":"2023-11-09 13:12:13"},{"nodeID":"1311933","text":"Default Transition","type":"TA","timestamp":"2023-11-09 13:12:13"},{"nodeID":"1311934","text":"Default Rephrase","type":"MA","timestamp":"2023-11-09 13:12:13"},{"nodeID":"1311935","text":"Restating","type":"YA","timestamp":"2023-11-09 13:12:13"},{"nodeID":"1311936","text":"Charlotte Ivers: that was your aim","type":"L","timestamp":"2023-11-09 13:12:13"},{"nodeID":"1311937","text":"Analysing","type":"YA","timestamp":"2023-11-09 13:12:13"},{"nodeID":"1311938","text":"Steffi: Charlotte Ivers: that was your aim","type":"L","timestamp":"2023-11-09 13:12:13"},{"nodeID":"1311939","text":"Asserting","type":"YA","timestamp":"2023-11-09 13:12:13"},{"nodeID":"1311940","text":"Charlotte Ivers: probably that won't have worked","type":"L","timestamp":"2023-11-09 13:12:14"},{"nodeID":"1311941","text":"Analysing","type":"YA","timestamp":"2023-11-09 13:12:14"},{"nodeID":"1311942","text":"Steffi: Charlotte Ivers: probably that won't have worked","type":"L","timestamp":"2023-11-09 13:12:14"},{"nodeID":"1311943","text":"Asserting","type":"YA","timestamp":"2023-11-09 13:12:14"},{"nodeID":"1311944","text":"Default Transition","type":"TA","timestamp":"2023-11-09 13:12:14"},{"nodeID":"1311945","text":"Default Inference","type":"RA","timestamp":"2023-11-09 13:12:14"},{"nodeID":"1311946","text":"Charlotte Ivers: your aim was to get better bin collections","type":"L","timestamp":"2023-11-09 13:12:15"},{"nodeID":"1311947","text":"Analysing","type":"YA","timestamp":"2023-11-09 13:12:15"},{"nodeID":"1311948","text":"Steffi: Charlotte Ivers: your aim was to get better bin collections","type":"L","timestamp":"2023-11-09 13:12:15"},{"nodeID":"1311949","text":"Asserting","type":"YA","timestamp":"2023-11-09 13:12:15"},{"nodeID":"1311950","text":"Default Transition","type":"TA","timestamp":"2023-11-09 13:12:15"},{"nodeID":"1311951","text":"Charlotte Ivers: I hope it does work","type":"L","timestamp":"2023-11-09 13:12:15"},{"nodeID":"1311952","text":"Analysing","type":"YA","timestamp":"2023-11-09 13:12:15"},{"nodeID":"1311953","text":"Steffi: Charlotte Ivers: I hope it does work","type":"L","timestamp":"2023-11-09 13:12:15"},{"nodeID":"1311954","text":"Asserting","type":"YA","timestamp":"2023-11-09 13:12:15"},{"nodeID":"1311955","text":"Default Transition","type":"TA","timestamp":"2023-11-09 13:12:15"},{"nodeID":"1311956","text":"Default Inference","type":"RA","timestamp":"2023-11-09 13:12:15"},{"nodeID":"1311957","text":"Arguing","type":"YA","timestamp":"2023-11-09 13:12:15"},{"nodeID":"1311958","text":"Arguing","type":"YA","timestamp":"2023-11-09 13:12:15"},{"nodeID":"1311959","text":"Default Rephrase","type":"MA","timestamp":"2023-11-09 13:12:15"},{"nodeID":"1311960","text":"Default Transition","type":"TA","timestamp":"2023-11-09 13:12:15"},{"nodeID":"1311961","text":"Restating","type":"YA","timestamp":"2023-11-09 13:12:15"},{"nodeID":"1311962","text":"Default Rephrase","type":"MA","timestamp":"2023-11-09 13:12:15"},{"nodeID":"1311963","text":"Restating","type":"YA","timestamp":"2023-11-09 13:12:15"},{"nodeID":"1311964","text":"Restating","type":"YA","timestamp":"2023-11-09 13:12:15"},{"nodeID":"1311965","text":"Default Rephrase","type":"MA","timestamp":"2023-11-09 13:12:15"},{"nodeID":"1311966","text":"Default Transition","type":"TA","timestamp":"2023-11-09 13:12:15"},{"nodeID":"1311967","text":"Restating","type":"YA","timestamp":"2023-11-09 13:12:15"},{"nodeID":"1311968","text":"indirect speech? complicated sentence structure","type":"EN","timestamp":"2023-11-09 13:12:15"},{"nodeID":"1311969","text":"Default Transition","type":"TA","timestamp":"2023-11-09 13:12:15"},{"nodeID":"1311970","text":"Default Transition","type":"TA","timestamp":"2023-11-09 13:12:15"},{"nodeID":"1311971","text":"Default Inference","type":"RA","timestamp":"2023-11-09 13:12:15"},{"nodeID":"1311972","text":"Arguing","type":"YA","timestamp":"2023-11-09 13:12:15"},{"nodeID":"1311973","text":"Default Inference","type":"RA","timestamp":"2023-11-09 13:12:15"},{"nodeID":"1311974","text":"Arguing","type":"YA","timestamp":"2023-11-09 13:12:15"},{"nodeID":"1311975","text":"Default Transition","type":"TA","timestamp":"2023-11-09 13:12:15"},{"nodeID":"1311976","text":"Default Rephrase","type":"MA","timestamp":"2023-11-09 13:12:15"},{"nodeID":"1311977","text":"Restating","type":"YA","timestamp":"2023-11-09 13:12:15"},{"nodeID":"1311978","text":"Rhetorical Questioning","type":"YA","timestamp":"2023-11-09 13:12:15"},{"nodeID":"1311979","text":"Default Transition","type":"TA","timestamp":"2023-11-09 13:12:15"}],"edges":[{"edgeID":"1722606","fromID":"1311846","toID":"1311845","formEdgeID":null},{"edgeID":"1722607","fromID":"1311847","toID":"1311846","formEdgeID":null},{"edgeID":"1722608","fromID":"1311845","toID":"1311848","formEdgeID":null},{"edgeID":"1722609","fromID":"1311848","toID":"1154510","formEdgeID":null},{"edgeID":"1722610","fromID":"1311850","toID":"1311849","formEdgeID":null},{"edgeID":"1722611","fromID":"1311851","toID":"1311850","formEdgeID":null},{"edgeID":"1722612","fromID":"1311849","toID":"1311852","formEdgeID":null},{"edgeID":"1722613","fromID":"1311852","toID":"1153230","formEdgeID":null},{"edgeID":"1722614","fromID":"1311845","toID":"1311853","formEdgeID":null},{"edgeID":"1722615","fromID":"1311853","toID":"1311849","formEdgeID":null},{"edgeID":"1722616","fromID":"1153230","toID":"1311854","formEdgeID":null},{"edgeID":"1722617","fromID":"1311854","toID":"1154510","formEdgeID":null},{"edgeID":"1722618","fromID":"1311853","toID":"1311855","formEdgeID":null},{"edgeID":"1722619","fromID":"1311855","toID":"1311854","formEdgeID":null},{"edgeID":"1722620","fromID":"1311857","toID":"1311856","formEdgeID":null},{"edgeID":"1722621","fromID":"1311858","toID":"1311857","formEdgeID":null},{"edgeID":"1722622","fromID":"1311856","toID":"1311859","formEdgeID":null},{"edgeID":"1722623","fromID":"1311859","toID":"1154520","formEdgeID":null},{"edgeID":"1722624","fromID":"1311849","toID":"1311860","formEdgeID":null},{"edgeID":"1722625","fromID":"1311860","toID":"1311856","formEdgeID":null},{"edgeID":"1722626","fromID":"1311862","toID":"1311861","formEdgeID":null},{"edgeID":"1722627","fromID":"1311863","toID":"1311862","formEdgeID":null},{"edgeID":"1722628","fromID":"1311861","toID":"1311864","formEdgeID":null},{"edgeID":"1722629","fromID":"1311864","toID":"1154526","formEdgeID":null},{"edgeID":"1722630","fromID":"1311866","toID":"1311865","formEdgeID":null},{"edgeID":"1722631","fromID":"1311867","toID":"1311866","formEdgeID":null},{"edgeID":"1722632","fromID":"1311865","toID":"1311868","formEdgeID":null},{"edgeID":"1722633","fromID":"1311868","toID":"1154531","formEdgeID":null},{"edgeID":"1722634","fromID":"1311870","toID":"1311869","formEdgeID":null},{"edgeID":"1722635","fromID":"1311871","toID":"1311870","formEdgeID":null},{"edgeID":"1722636","fromID":"1311869","toID":"1311872","formEdgeID":null},{"edgeID":"1722637","fromID":"1311872","toID":"1154536","formEdgeID":null},{"edgeID":"1722638","fromID":"1311865","toID":"1311873","formEdgeID":null},{"edgeID":"1722639","fromID":"1311873","toID":"1311869","formEdgeID":null},{"edgeID":"1722640","fromID":"1311875","toID":"1311874","formEdgeID":null},{"edgeID":"1722641","fromID":"1311876","toID":"1311875","formEdgeID":null},{"edgeID":"1722642","fromID":"1311874","toID":"1311877","formEdgeID":null},{"edgeID":"1722643","fromID":"1311877","toID":"1154542","formEdgeID":null},{"edgeID":"1722644","fromID":"1311869","toID":"1311878","formEdgeID":null},{"edgeID":"1722645","fromID":"1311878","toID":"1311874","formEdgeID":null},{"edgeID":"1722646","fromID":"1154542","toID":"1311879","formEdgeID":null},{"edgeID":"1722647","fromID":"1311879","toID":"1154536","formEdgeID":null},{"edgeID":"1722648","fromID":"1311878","toID":"1311880","formEdgeID":null},{"edgeID":"1722649","fromID":"1311880","toID":"1311879","formEdgeID":null},{"edgeID":"1722650","fromID":"1311882","toID":"1311881","formEdgeID":null},{"edgeID":"1722651","fromID":"1311883","toID":"1311882","formEdgeID":null},{"edgeID":"1722652","fromID":"1311881","toID":"1311884","formEdgeID":null},{"edgeID":"1722653","fromID":"1311884","toID":"1154550","formEdgeID":null},{"edgeID":"1722654","fromID":"1311874","toID":"1311885","formEdgeID":null},{"edgeID":"1722655","fromID":"1311885","toID":"1311881","formEdgeID":null},{"edgeID":"1722656","fromID":"1311887","toID":"1311886","formEdgeID":null},{"edgeID":"1722657","fromID":"1311888","toID":"1311887","formEdgeID":null},{"edgeID":"1722658","fromID":"1311886","toID":"1311889","formEdgeID":null},{"edgeID":"1722659","fromID":"1311889","toID":"1154556","formEdgeID":null},{"edgeID":"1722660","fromID":"1311891","toID":"1311890","formEdgeID":null},{"edgeID":"1722661","fromID":"1311892","toID":"1311891","formEdgeID":null},{"edgeID":"1722662","fromID":"1311890","toID":"1311893","formEdgeID":null},{"edgeID":"1722663","fromID":"1311893","toID":"1154561","formEdgeID":null},{"edgeID":"1722664","fromID":"1311895","toID":"1311894","formEdgeID":null},{"edgeID":"1722665","fromID":"1311896","toID":"1311895","formEdgeID":null},{"edgeID":"1722666","fromID":"1311894","toID":"1311897","formEdgeID":null},{"edgeID":"1722667","fromID":"1311897","toID":"1154566","formEdgeID":null},{"edgeID":"1722668","fromID":"1154561","toID":"1311898","formEdgeID":null},{"edgeID":"1722669","fromID":"1311898","toID":"1154556","formEdgeID":null},{"edgeID":"1722670","fromID":"1311886","toID":"1311899","formEdgeID":null},{"edgeID":"1722671","fromID":"1311899","toID":"1311890","formEdgeID":null},{"edgeID":"1722672","fromID":"1311890","toID":"1311900","formEdgeID":null},{"edgeID":"1722673","fromID":"1311900","toID":"1311894","formEdgeID":null},{"edgeID":"1722674","fromID":"1311902","toID":"1311901","formEdgeID":null},{"edgeID":"1722675","fromID":"1311903","toID":"1311902","formEdgeID":null},{"edgeID":"1722676","fromID":"1311905","toID":"1311904","formEdgeID":null},{"edgeID":"1722677","fromID":"1311906","toID":"1311905","formEdgeID":null},{"edgeID":"1722678","fromID":"1311904","toID":"1311907","formEdgeID":null},{"edgeID":"1722679","fromID":"1311907","toID":"1154578","formEdgeID":null},{"edgeID":"1722680","fromID":"1311909","toID":"1311908","formEdgeID":null},{"edgeID":"1722681","fromID":"1311910","toID":"1311909","formEdgeID":null},{"edgeID":"1722682","fromID":"1311908","toID":"1311911","formEdgeID":null},{"edgeID":"1722683","fromID":"1311911","toID":"1154583","formEdgeID":null},{"edgeID":"1722684","fromID":"1154583","toID":"1311912","formEdgeID":null},{"edgeID":"1722685","fromID":"1311912","toID":"1154578","formEdgeID":null},{"edgeID":"1722686","fromID":"1311904","toID":"1311913","formEdgeID":null},{"edgeID":"1722687","fromID":"1311913","toID":"1311908","formEdgeID":null},{"edgeID":"1722688","fromID":"1311913","toID":"1311914","formEdgeID":null},{"edgeID":"1722689","fromID":"1311914","toID":"1311912","formEdgeID":null},{"edgeID":"1722690","fromID":"1311916","toID":"1311915","formEdgeID":null},{"edgeID":"1722691","fromID":"1311917","toID":"1311916","formEdgeID":null},{"edgeID":"1722692","fromID":"1311915","toID":"1311918","formEdgeID":null},{"edgeID":"1722693","fromID":"1311918","toID":"1154591","formEdgeID":null},{"edgeID":"1722694","fromID":"1154583","toID":"1311919","formEdgeID":null},{"edgeID":"1722695","fromID":"1311919","toID":"1154591","formEdgeID":null},{"edgeID":"1722696","fromID":"1311908","toID":"1311920","formEdgeID":null},{"edgeID":"1722697","fromID":"1311920","toID":"1311915","formEdgeID":null},{"edgeID":"1722698","fromID":"1311920","toID":"1311921","formEdgeID":null},{"edgeID":"1722699","fromID":"1311921","toID":"1311919","formEdgeID":null},{"edgeID":"1722700","fromID":"1311923","toID":"1311922","formEdgeID":null},{"edgeID":"1722701","fromID":"1311924","toID":"1311923","formEdgeID":null},{"edgeID":"1722702","fromID":"1311922","toID":"1311925","formEdgeID":null},{"edgeID":"1722703","fromID":"1311925","toID":"1154599","formEdgeID":null},{"edgeID":"1722704","fromID":"1154591","toID":"1311926","formEdgeID":null},{"edgeID":"1722705","fromID":"1311926","toID":"1154599","formEdgeID":null},{"edgeID":"1722706","fromID":"1311915","toID":"1311927","formEdgeID":null},{"edgeID":"1722707","fromID":"1311927","toID":"1311922","formEdgeID":null},{"edgeID":"1722708","fromID":"1311927","toID":"1311928","formEdgeID":null},{"edgeID":"1722709","fromID":"1311928","toID":"1311926","formEdgeID":null},{"edgeID":"1722710","fromID":"1311930","toID":"1311929","formEdgeID":null},{"edgeID":"1722711","fromID":"1311931","toID":"1311930","formEdgeID":null},{"edgeID":"1722712","fromID":"1311929","toID":"1311932","formEdgeID":null},{"edgeID":"1722713","fromID":"1311932","toID":"1154607","formEdgeID":null},{"edgeID":"1722714","fromID":"1311922","toID":"1311933","formEdgeID":null},{"edgeID":"1722715","fromID":"1311933","toID":"1311929","formEdgeID":null},{"edgeID":"1722716","fromID":"1154607","toID":"1311934","formEdgeID":null},{"edgeID":"1722717","fromID":"1311934","toID":"1154599","formEdgeID":null},{"edgeID":"1722718","fromID":"1311933","toID":"1311935","formEdgeID":null},{"edgeID":"1722719","fromID":"1311935","toID":"1311934","formEdgeID":null},{"edgeID":"1722720","fromID":"1311937","toID":"1311936","formEdgeID":null},{"edgeID":"1722721","fromID":"1311938","toID":"1311937","formEdgeID":null},{"edgeID":"1722722","fromID":"1311936","toID":"1311939","formEdgeID":null},{"edgeID":"1722723","fromID":"1311939","toID":"1154615","formEdgeID":null},{"edgeID":"1722724","fromID":"1311941","toID":"1311940","formEdgeID":null},{"edgeID":"1722725","fromID":"1311942","toID":"1311941","formEdgeID":null},{"edgeID":"1722726","fromID":"1311940","toID":"1311943","formEdgeID":null},{"edgeID":"1722727","fromID":"1311943","toID":"1154620","formEdgeID":null},{"edgeID":"1722728","fromID":"1311936","toID":"1311944","formEdgeID":null},{"edgeID":"1722729","fromID":"1311944","toID":"1311940","formEdgeID":null},{"edgeID":"1722730","fromID":"1154615","toID":"1311945","formEdgeID":null},{"edgeID":"1722731","fromID":"1311945","toID":"1154620","formEdgeID":null},{"edgeID":"1722732","fromID":"1311947","toID":"1311946","formEdgeID":null},{"edgeID":"1722733","fromID":"1311948","toID":"1311947","formEdgeID":null},{"edgeID":"1722734","fromID":"1311946","toID":"1311949","formEdgeID":null},{"edgeID":"1722735","fromID":"1311949","toID":"1154627","formEdgeID":null},{"edgeID":"1722736","fromID":"1311940","toID":"1311950","formEdgeID":null},{"edgeID":"1722737","fromID":"1311950","toID":"1311946","formEdgeID":null},{"edgeID":"1722738","fromID":"1311952","toID":"1311951","formEdgeID":null},{"edgeID":"1722739","fromID":"1311953","toID":"1311952","formEdgeID":null},{"edgeID":"1722740","fromID":"1311951","toID":"1311954","formEdgeID":null},{"edgeID":"1722741","fromID":"1311954","toID":"1154633","formEdgeID":null},{"edgeID":"1722742","fromID":"1311946","toID":"1311955","formEdgeID":null},{"edgeID":"1722743","fromID":"1311955","toID":"1311951","formEdgeID":null},{"edgeID":"1722744","fromID":"1154627","toID":"1311956","formEdgeID":null},{"edgeID":"1722745","fromID":"1311956","toID":"1154633","formEdgeID":null},{"edgeID":"1722746","fromID":"1311955","toID":"1311957","formEdgeID":null},{"edgeID":"1722747","fromID":"1311957","toID":"1311956","formEdgeID":null},{"edgeID":"1722748","fromID":"1311944","toID":"1311958","formEdgeID":null},{"edgeID":"1722749","fromID":"1311958","toID":"1311945","formEdgeID":null},{"edgeID":"1722750","fromID":"1154615","toID":"1311959","formEdgeID":null},{"edgeID":"1722751","fromID":"1311959","toID":"1154578","formEdgeID":null},{"edgeID":"1722752","fromID":"1311904","toID":"1311960","formEdgeID":null},{"edgeID":"1722753","fromID":"1311960","toID":"1311936","formEdgeID":null},{"edgeID":"1722754","fromID":"1311960","toID":"1311961","formEdgeID":null},{"edgeID":"1722755","fromID":"1311961","toID":"1311959","formEdgeID":null},{"edgeID":"1722756","fromID":"1154566","toID":"1311962","formEdgeID":null},{"edgeID":"1722757","fromID":"1311962","toID":"1154561","formEdgeID":null},{"edgeID":"1722758","fromID":"1311900","toID":"1311963","formEdgeID":null},{"edgeID":"1722759","fromID":"1311963","toID":"1311962","formEdgeID":null},{"edgeID":"1722760","fromID":"1311899","toID":"1311964","formEdgeID":null},{"edgeID":"1722761","fromID":"1311964","toID":"1311898","formEdgeID":null},{"edgeID":"1722762","fromID":"1154574","toID":"1311965","formEdgeID":null},{"edgeID":"1722763","fromID":"1311965","toID":"1154561","formEdgeID":null},{"edgeID":"1722764","fromID":"1311890","toID":"1311966","formEdgeID":null},{"edgeID":"1722765","fromID":"1311966","toID":"1311901","formEdgeID":null},{"edgeID":"1722766","fromID":"1311966","toID":"1311967","formEdgeID":null},{"edgeID":"1722767","fromID":"1311967","toID":"1311965","formEdgeID":null},{"edgeID":"1722768","fromID":"1311856","toID":"1311969","formEdgeID":null},{"edgeID":"1722769","fromID":"1311969","toID":"1311861","formEdgeID":null},{"edgeID":"1722770","fromID":"1311861","toID":"1311970","formEdgeID":null},{"edgeID":"1722771","fromID":"1311970","toID":"1311865","formEdgeID":null},{"edgeID":"1722772","fromID":"1154520","toID":"1311971","formEdgeID":null},{"edgeID":"1722773","fromID":"1311971","toID":"1154526","formEdgeID":null},{"edgeID":"1722774","fromID":"1311969","toID":"1311972","formEdgeID":null},{"edgeID":"1722775","fromID":"1311972","toID":"1311971","formEdgeID":null},{"edgeID":"1722776","fromID":"1154526","toID":"1311973","formEdgeID":null},{"edgeID":"1722777","fromID":"1311973","toID":"1154531","formEdgeID":null},{"edgeID":"1722778","fromID":"1311970","toID":"1311974","formEdgeID":null},{"edgeID":"1722779","fromID":"1311974","toID":"1311973","formEdgeID":null},{"edgeID":"1722780","fromID":"1311881","toID":"1311975","formEdgeID":null},{"edgeID":"1722781","fromID":"1311975","toID":"1311886","formEdgeID":null},{"edgeID":"1722782","fromID":"1154550","toID":"1311976","formEdgeID":null},{"edgeID":"1722783","fromID":"1311976","toID":"1154542","formEdgeID":null},{"edgeID":"1722784","fromID":"1311885","toID":"1311977","formEdgeID":null},{"edgeID":"1722785","fromID":"1311977","toID":"1311976","formEdgeID":null},{"edgeID":"1722786","fromID":"1311901","toID":"1311978","formEdgeID":null},{"edgeID":"1722787","fromID":"1311978","toID":"1154574","formEdgeID":null},{"edgeID":"1722788","fromID":"1311901","toID":"1311979","formEdgeID":null},{"edgeID":"1722789","fromID":"1311979","toID":"1311904","formEdgeID":null}],"locutions":[]}