{"nodes":[{"nodeID":"1142850","text":"Durham police have been clear that no laws were broken","type":"I","timestamp":"2023-04-11 20:48:24"},{"nodeID":"1142884","text":"the various parties in Downing Street were prearranged social events","type":"I","timestamp":"2023-04-11 20:48:43"},{"nodeID":"1146043","text":"Keir Starmer having a beer and a curry in Durham is different to a gathering in Downing Street where a birthday cake is brought along, is eaten or not eaten, followed by meeting afterwards because of xxx","type":"I","timestamp":"2023-04-20 10:17:42"},{"nodeID":"1146047","text":"the laws concerning covid were very clear at the time Keir Starmer as investigated and in the different periods of lockdown","type":"I","timestamp":"2023-04-20 10:17:44"},{"nodeID":"1146056","text":"the exact difference between the Durham and the Downing Street incident is xxx","type":"I","timestamp":"2023-04-20 10:17:49"},{"nodeID":"1146073","text":"Louise Haigh is not just talking about the one party with the birthday cake","type":"I","timestamp":"2023-04-20 10:17:54"},{"nodeID":"1146081","text":"the party with the cake was by all accounts prearranged, a social event, no work was involved","type":"I","timestamp":"2023-04-20 10:17:57"},{"nodeID":"1146088","text":"the Metropolitan Police has found that the party was prearranged","type":"I","timestamp":"2023-04-20 10:18:00"},{"nodeID":"1146096","text":"Louise Haigh as a politician is not defending one side over the other in the case of the party with the cake","type":"I","timestamp":"2023-04-20 10:18:02"},{"nodeID":"1146101","text":"the police have investigated both incidents and found that the rules have been broken and in another already, with more likely to come","type":"I","timestamp":"2023-04-20 10:18:05"},{"nodeID":"1146112","text":"50 fines  have been given to Downing Street","type":"I","timestamp":"2023-04-20 10:18:08"},{"nodeID":"1146120","text":"Louise Haigh thinks the investigations are not just raking muck","type":"I","timestamp":"2023-04-20 10:18:11"},{"nodeID":"1311980","text":"Fiona Bruce: how is Keir Starmer having a beer and ac curry we understand in Durham different to a gathering in Downing Street where a birthday cake is brought along, is eaten or not eaten, we can't really be sure, and then a meeting takes place afterwards","type":"L","timestamp":"2023-11-09 13:12:16"},{"nodeID":"1311981","text":"Analysing","type":"YA","timestamp":"2023-11-09 13:12:16"},{"nodeID":"1311982","text":"Rebecca: Fiona Bruce: how is Keir Starmer having a beer and ac curry we understand in Durham different to a gathering in Downing Street where a birthday cake is brought along, is eaten or not eaten, we can't really be sure, and then a meeting takes place afterwards","type":"L","timestamp":"2023-11-09 13:12:16"},{"nodeID":"1311983","text":"Pure Questioning","type":"YA","timestamp":"2023-11-09 13:12:16"},{"nodeID":"1311984","text":"Louise Haigh: the laws were very clear at the time and in the different periods of lockdown","type":"L","timestamp":"2023-11-09 13:12:17"},{"nodeID":"1311985","text":"Analysing","type":"YA","timestamp":"2023-11-09 13:12:17"},{"nodeID":"1311986","text":"Rebecca: Louise Haigh: the laws were very clear at the time and in the different periods of lockdown","type":"L","timestamp":"2023-11-09 13:12:17"},{"nodeID":"1311987","text":"Asserting","type":"YA","timestamp":"2023-11-09 13:12:17"},{"nodeID":"1311988","text":"Default Transition","type":"TA","timestamp":"2023-11-09 13:12:17"},{"nodeID":"1311989","text":"Louise Haigh: Durham police have been clear that no laws were broken","type":"L","timestamp":"2023-11-09 13:12:17"},{"nodeID":"1311990","text":"Analysing","type":"YA","timestamp":"2023-11-09 13:12:17"},{"nodeID":"1311991","text":"Rebecca: Louise Haigh: Durham police have been clear that no laws were broken","type":"L","timestamp":"2023-11-09 13:12:17"},{"nodeID":"1311992","text":"Asserting","type":"YA","timestamp":"2023-11-09 13:12:17"},{"nodeID":"1311993","text":"Fiona Bruce: So what exactly is the difference?","type":"L","timestamp":"2023-11-09 13:12:18"},{"nodeID":"1311994","text":"Analysing","type":"YA","timestamp":"2023-11-09 13:12:18"},{"nodeID":"1311995","text":"Rebecca: Fiona Bruce: So what exactly is the difference?","type":"L","timestamp":"2023-11-09 13:12:18"},{"nodeID":"1311996","text":"Asserting","type":"YA","timestamp":"2023-11-09 13:12:18"},{"nodeID":"1311997","text":"Default Rephrase","type":"MA","timestamp":"2023-11-09 13:12:18"},{"nodeID":"1311998","text":"Default Transition","type":"TA","timestamp":"2023-11-09 13:12:18"},{"nodeID":"1311999","text":"Default Transition","type":"TA","timestamp":"2023-11-09 13:12:18"},{"nodeID":"1312000","text":"Default Inference","type":"RA","timestamp":"2023-11-09 13:12:18"},{"nodeID":"1312001","text":"Arguing","type":"YA","timestamp":"2023-11-09 13:12:18"},{"nodeID":"1312002","text":"Default Illocuting","type":"YA","timestamp":"2023-11-09 13:12:18"},{"nodeID":"1312003","text":"Louise Haigh: the various parties in Downing Street were prearranged social events","type":"L","timestamp":"2023-11-09 13:12:19"},{"nodeID":"1312004","text":"Analysing","type":"YA","timestamp":"2023-11-09 13:12:19"},{"nodeID":"1312005","text":"Rebecca: Louise Haigh: the various parties in Downing Street were prearranged social events","type":"L","timestamp":"2023-11-09 13:12:19"},{"nodeID":"1312006","text":"Asserting","type":"YA","timestamp":"2023-11-09 13:12:19"},{"nodeID":"1312007","text":"Default Transition","type":"TA","timestamp":"2023-11-09 13:12:19"},{"nodeID":"1312008","text":"Default Rephrase","type":"MA","timestamp":"2023-11-09 13:12:19"},{"nodeID":"1312009","text":"Default Illocuting","type":"YA","timestamp":"2023-11-09 13:12:19"},{"nodeID":"1312010","text":"Fiona Bruce: So not just talking about the one with the birthday cake","type":"L","timestamp":"2023-11-09 13:12:19"},{"nodeID":"1312011","text":"Analysing","type":"YA","timestamp":"2023-11-09 13:12:19"},{"nodeID":"1312012","text":"Rebecca: Fiona Bruce: So not just talking about the one with the birthday cake","type":"L","timestamp":"2023-11-09 13:12:19"},{"nodeID":"1312013","text":"Asserting","type":"YA","timestamp":"2023-11-09 13:12:19"},{"nodeID":"1312014","text":"Default Transition","type":"TA","timestamp":"2023-11-09 13:12:19"},{"nodeID":"1312015","text":"Default Inference","type":"RA","timestamp":"2023-11-09 13:12:19"},{"nodeID":"1312016","text":"Arguing","type":"YA","timestamp":"2023-11-09 13:12:19"},{"nodeID":"1312017","text":"Louise Haigh: that was by all accounts prearranged, a social event, no work was involved","type":"L","timestamp":"2023-11-09 13:12:20"},{"nodeID":"1312018","text":"Analysing","type":"YA","timestamp":"2023-11-09 13:12:20"},{"nodeID":"1312019","text":"Rebecca: Louise Haigh: that was by all accounts prearranged, a social event, no work was involved","type":"L","timestamp":"2023-11-09 13:12:20"},{"nodeID":"1312020","text":"Asserting","type":"YA","timestamp":"2023-11-09 13:12:20"},{"nodeID":"1312021","text":"Default Rephrase","type":"MA","timestamp":"2023-11-09 13:12:20"},{"nodeID":"1312022","text":"Default Transition","type":"TA","timestamp":"2023-11-09 13:12:20"},{"nodeID":"1312023","text":"Restating","type":"YA","timestamp":"2023-11-09 13:12:20"},{"nodeID":"1312024","text":"Louise Haigh: the Metropolitan Police has found that","type":"L","timestamp":"2023-11-09 13:12:20"},{"nodeID":"1312025","text":"Analysing","type":"YA","timestamp":"2023-11-09 13:12:20"},{"nodeID":"1312026","text":"Rebecca: Louise Haigh: the Metropolitan Police has found that","type":"L","timestamp":"2023-11-09 13:12:20"},{"nodeID":"1312027","text":"Asserting","type":"YA","timestamp":"2023-11-09 13:12:20"},{"nodeID":"1312028","text":"Default Transition","type":"TA","timestamp":"2023-11-09 13:12:20"},{"nodeID":"1312029","text":"Default Rephrase","type":"MA","timestamp":"2023-11-09 13:12:20"},{"nodeID":"1312030","text":"Restating","type":"YA","timestamp":"2023-11-09 13:12:20"},{"nodeID":"1312031","text":"Louise Haigh: This isn't me as a politician defending one side over the other","type":"L","timestamp":"2023-11-09 13:12:21"},{"nodeID":"1312032","text":"Analysing","type":"YA","timestamp":"2023-11-09 13:12:21"},{"nodeID":"1312033","text":"Rebecca: Louise Haigh: This isn't me as a politician defending one side over the other","type":"L","timestamp":"2023-11-09 13:12:21"},{"nodeID":"1312034","text":"Asserting","type":"YA","timestamp":"2023-11-09 13:12:21"},{"nodeID":"1312035","text":"Default Transition","type":"TA","timestamp":"2023-11-09 13:12:21"},{"nodeID":"1312036","text":"Louise Haigh: the police have investigated both incidents and found to have broken the rules and another already, with more likely to come","type":"L","timestamp":"2023-11-09 13:12:22"},{"nodeID":"1312037","text":"Analysing","type":"YA","timestamp":"2023-11-09 13:12:22"},{"nodeID":"1312038","text":"Rebecca: Louise Haigh: the police have investigated both incidents and found to have broken the rules and another already, with more likely to come","type":"L","timestamp":"2023-11-09 13:12:22"},{"nodeID":"1312039","text":"Asserting","type":"YA","timestamp":"2023-11-09 13:12:22"},{"nodeID":"1312040","text":"Default Transition","type":"TA","timestamp":"2023-11-09 13:12:22"},{"nodeID":"1312041","text":"Default Inference","type":"RA","timestamp":"2023-11-09 13:12:22"},{"nodeID":"1312042","text":"Arguing","type":"YA","timestamp":"2023-11-09 13:12:22"},{"nodeID":"1312043","text":"Default Rephrase","type":"MA","timestamp":"2023-11-09 13:12:22"},{"nodeID":"1312044","text":"Default Transition","type":"TA","timestamp":"2023-11-09 13:12:22"},{"nodeID":"1312045","text":"Restating","type":"YA","timestamp":"2023-11-09 13:12:22"},{"nodeID":"1312046","text":"Louise Haigh: 50 fines given to Downing Street","type":"L","timestamp":"2023-11-09 13:12:22"},{"nodeID":"1312047","text":"Analysing","type":"YA","timestamp":"2023-11-09 13:12:22"},{"nodeID":"1312048","text":"Rebecca: Louise Haigh: 50 fines given to Downing Street","type":"L","timestamp":"2023-11-09 13:12:22"},{"nodeID":"1312049","text":"Asserting","type":"YA","timestamp":"2023-11-09 13:12:22"},{"nodeID":"1312050","text":"Default Transition","type":"TA","timestamp":"2023-11-09 13:12:22"},{"nodeID":"1312051","text":"Default Rephrase","type":"MA","timestamp":"2023-11-09 13:12:22"},{"nodeID":"1312052","text":"Restating","type":"YA","timestamp":"2023-11-09 13:12:22"},{"nodeID":"1312053","text":"Louise Haigh: I think it's not just raking muck though","type":"L","timestamp":"2023-11-09 13:12:23"},{"nodeID":"1312054","text":"Analysing","type":"YA","timestamp":"2023-11-09 13:12:23"},{"nodeID":"1312055","text":"Rebecca: Louise Haigh: I think it's not just raking muck though","type":"L","timestamp":"2023-11-09 13:12:23"},{"nodeID":"1312056","text":"Assertive Questioning","type":"YA","timestamp":"2023-11-09 13:12:23"},{"nodeID":"1312057","text":"Default Transition","type":"TA","timestamp":"2023-11-09 13:12:23"},{"nodeID":"1312058","text":"Default Rephrase","type":"MA","timestamp":"2023-11-09 13:12:23"},{"nodeID":"1312059","text":"Default Transition","type":"TA","timestamp":"2023-11-09 13:12:23"},{"nodeID":"1312060","text":"Restating","type":"YA","timestamp":"2023-11-09 13:12:23"}],"edges":[{"edgeID":"1722790","fromID":"1311981","toID":"1311980","formEdgeID":null},{"edgeID":"1722791","fromID":"1311982","toID":"1311981","formEdgeID":null},{"edgeID":"1722792","fromID":"1311980","toID":"1311983","formEdgeID":null},{"edgeID":"1722793","fromID":"1311983","toID":"1146043","formEdgeID":null},{"edgeID":"1722794","fromID":"1311985","toID":"1311984","formEdgeID":null},{"edgeID":"1722795","fromID":"1311986","toID":"1311985","formEdgeID":null},{"edgeID":"1722796","fromID":"1311984","toID":"1311987","formEdgeID":null},{"edgeID":"1722797","fromID":"1311987","toID":"1146047","formEdgeID":null},{"edgeID":"1722798","fromID":"1311980","toID":"1311988","formEdgeID":null},{"edgeID":"1722799","fromID":"1311988","toID":"1311984","formEdgeID":null},{"edgeID":"1722800","fromID":"1311990","toID":"1311989","formEdgeID":null},{"edgeID":"1722801","fromID":"1311991","toID":"1311990","formEdgeID":null},{"edgeID":"1722802","fromID":"1311989","toID":"1311992","formEdgeID":null},{"edgeID":"1722803","fromID":"1311992","toID":"1142850","formEdgeID":null},{"edgeID":"1722804","fromID":"1311994","toID":"1311993","formEdgeID":null},{"edgeID":"1722805","fromID":"1311995","toID":"1311994","formEdgeID":null},{"edgeID":"1722806","fromID":"1311993","toID":"1311996","formEdgeID":null},{"edgeID":"1722807","fromID":"1311996","toID":"1146056","formEdgeID":null},{"edgeID":"1722808","fromID":"1142850","toID":"1311997","formEdgeID":null},{"edgeID":"1722809","fromID":"1311997","toID":"1146043","formEdgeID":null},{"edgeID":"1722810","fromID":"1311980","toID":"1311998","formEdgeID":null},{"edgeID":"1722811","fromID":"1311998","toID":"1311989","formEdgeID":null},{"edgeID":"1722812","fromID":"1311984","toID":"1311999","formEdgeID":null},{"edgeID":"1722813","fromID":"1311999","toID":"1311989","formEdgeID":null},{"edgeID":"1722814","fromID":"1146047","toID":"1312000","formEdgeID":null},{"edgeID":"1722815","fromID":"1312000","toID":"1142850","formEdgeID":null},{"edgeID":"1722816","fromID":"1311999","toID":"1312001","formEdgeID":null},{"edgeID":"1722817","fromID":"1312001","toID":"1312000","formEdgeID":null},{"edgeID":"1722818","fromID":"1311998","toID":"1312002","formEdgeID":null},{"edgeID":"1722819","fromID":"1312002","toID":"1311997","formEdgeID":null},{"edgeID":"1722820","fromID":"1312004","toID":"1312003","formEdgeID":null},{"edgeID":"1722821","fromID":"1312005","toID":"1312004","formEdgeID":null},{"edgeID":"1722822","fromID":"1312003","toID":"1312006","formEdgeID":null},{"edgeID":"1722823","fromID":"1312006","toID":"1142884","formEdgeID":null},{"edgeID":"1722824","fromID":"1311993","toID":"1312007","formEdgeID":null},{"edgeID":"1722825","fromID":"1312007","toID":"1312003","formEdgeID":null},{"edgeID":"1722826","fromID":"1142884","toID":"1312008","formEdgeID":null},{"edgeID":"1722827","fromID":"1312008","toID":"1146056","formEdgeID":null},{"edgeID":"1722828","fromID":"1312007","toID":"1312009","formEdgeID":null},{"edgeID":"1722829","fromID":"1312009","toID":"1312008","formEdgeID":null},{"edgeID":"1722830","fromID":"1312011","toID":"1312010","formEdgeID":null},{"edgeID":"1722831","fromID":"1312012","toID":"1312011","formEdgeID":null},{"edgeID":"1722832","fromID":"1312010","toID":"1312013","formEdgeID":null},{"edgeID":"1722833","fromID":"1312013","toID":"1146073","formEdgeID":null},{"edgeID":"1722834","fromID":"1312003","toID":"1312014","formEdgeID":null},{"edgeID":"1722835","fromID":"1312014","toID":"1312010","formEdgeID":null},{"edgeID":"1722836","fromID":"1142884","toID":"1312015","formEdgeID":null},{"edgeID":"1722837","fromID":"1312015","toID":"1146073","formEdgeID":null},{"edgeID":"1722838","fromID":"1312014","toID":"1312016","formEdgeID":null},{"edgeID":"1722839","fromID":"1312016","toID":"1312015","formEdgeID":null},{"edgeID":"1722840","fromID":"1312018","toID":"1312017","formEdgeID":null},{"edgeID":"1722841","fromID":"1312019","toID":"1312018","formEdgeID":null},{"edgeID":"1722842","fromID":"1312017","toID":"1312020","formEdgeID":null},{"edgeID":"1722843","fromID":"1312020","toID":"1146081","formEdgeID":null},{"edgeID":"1722844","fromID":"1146081","toID":"1312021","formEdgeID":null},{"edgeID":"1722845","fromID":"1312021","toID":"1142884","formEdgeID":null},{"edgeID":"1722846","fromID":"1312003","toID":"1312022","formEdgeID":null},{"edgeID":"1722847","fromID":"1312022","toID":"1312017","formEdgeID":null},{"edgeID":"1722848","fromID":"1312022","toID":"1312023","formEdgeID":null},{"edgeID":"1722849","fromID":"1312023","toID":"1312021","formEdgeID":null},{"edgeID":"1722850","fromID":"1312025","toID":"1312024","formEdgeID":null},{"edgeID":"1722851","fromID":"1312026","toID":"1312025","formEdgeID":null},{"edgeID":"1722852","fromID":"1312024","toID":"1312027","formEdgeID":null},{"edgeID":"1722853","fromID":"1312027","toID":"1146088","formEdgeID":null},{"edgeID":"1722854","fromID":"1312017","toID":"1312028","formEdgeID":null},{"edgeID":"1722855","fromID":"1312028","toID":"1312024","formEdgeID":null},{"edgeID":"1722856","fromID":"1146088","toID":"1312029","formEdgeID":null},{"edgeID":"1722857","fromID":"1312029","toID":"1146081","formEdgeID":null},{"edgeID":"1722858","fromID":"1312028","toID":"1312030","formEdgeID":null},{"edgeID":"1722859","fromID":"1312030","toID":"1312029","formEdgeID":null},{"edgeID":"1722860","fromID":"1312032","toID":"1312031","formEdgeID":null},{"edgeID":"1722861","fromID":"1312033","toID":"1312032","formEdgeID":null},{"edgeID":"1722862","fromID":"1312031","toID":"1312034","formEdgeID":null},{"edgeID":"1722863","fromID":"1312034","toID":"1146096","formEdgeID":null},{"edgeID":"1722864","fromID":"1312024","toID":"1312035","formEdgeID":null},{"edgeID":"1722865","fromID":"1312035","toID":"1312031","formEdgeID":null},{"edgeID":"1722866","fromID":"1312037","toID":"1312036","formEdgeID":null},{"edgeID":"1722867","fromID":"1312038","toID":"1312037","formEdgeID":null},{"edgeID":"1722868","fromID":"1312036","toID":"1312039","formEdgeID":null},{"edgeID":"1722869","fromID":"1312039","toID":"1146101","formEdgeID":null},{"edgeID":"1722870","fromID":"1312031","toID":"1312040","formEdgeID":null},{"edgeID":"1722871","fromID":"1312040","toID":"1312036","formEdgeID":null},{"edgeID":"1722872","fromID":"1146101","toID":"1312041","formEdgeID":null},{"edgeID":"1722873","fromID":"1312041","toID":"1146096","formEdgeID":null},{"edgeID":"1722874","fromID":"1312040","toID":"1312042","formEdgeID":null},{"edgeID":"1722875","fromID":"1312042","toID":"1312041","formEdgeID":null},{"edgeID":"1722876","fromID":"1146101","toID":"1312043","formEdgeID":null},{"edgeID":"1722877","fromID":"1312043","toID":"1146088","formEdgeID":null},{"edgeID":"1722878","fromID":"1312024","toID":"1312044","formEdgeID":null},{"edgeID":"1722879","fromID":"1312044","toID":"1312036","formEdgeID":null},{"edgeID":"1722880","fromID":"1312044","toID":"1312045","formEdgeID":null},{"edgeID":"1722881","fromID":"1312045","toID":"1312043","formEdgeID":null},{"edgeID":"1722882","fromID":"1312047","toID":"1312046","formEdgeID":null},{"edgeID":"1722883","fromID":"1312048","toID":"1312047","formEdgeID":null},{"edgeID":"1722884","fromID":"1312046","toID":"1312049","formEdgeID":null},{"edgeID":"1722885","fromID":"1312049","toID":"1146112","formEdgeID":null},{"edgeID":"1722886","fromID":"1312036","toID":"1312050","formEdgeID":null},{"edgeID":"1722887","fromID":"1312050","toID":"1312046","formEdgeID":null},{"edgeID":"1722888","fromID":"1146112","toID":"1312051","formEdgeID":null},{"edgeID":"1722889","fromID":"1312051","toID":"1146101","formEdgeID":null},{"edgeID":"1722890","fromID":"1312050","toID":"1312052","formEdgeID":null},{"edgeID":"1722891","fromID":"1312052","toID":"1312051","formEdgeID":null},{"edgeID":"1722892","fromID":"1312054","toID":"1312053","formEdgeID":null},{"edgeID":"1722893","fromID":"1312055","toID":"1312054","formEdgeID":null},{"edgeID":"1722894","fromID":"1312053","toID":"1312056","formEdgeID":null},{"edgeID":"1722895","fromID":"1312056","toID":"1146120","formEdgeID":null},{"edgeID":"1722896","fromID":"1312046","toID":"1312057","formEdgeID":null},{"edgeID":"1722897","fromID":"1312057","toID":"1312053","formEdgeID":null},{"edgeID":"1722898","fromID":"1146056","toID":"1312058","formEdgeID":null},{"edgeID":"1722899","fromID":"1312058","toID":"1146043","formEdgeID":null},{"edgeID":"1722900","fromID":"1311980","toID":"1312059","formEdgeID":null},{"edgeID":"1722901","fromID":"1312059","toID":"1311993","formEdgeID":null},{"edgeID":"1722902","fromID":"1312059","toID":"1312060","formEdgeID":null},{"edgeID":"1722903","fromID":"1312060","toID":"1312058","formEdgeID":null}],"locutions":[]}