{"nodes":[{"nodeID":"1313538","text":"Charlotte Ivers' experience of Westminster has been xxx","type":"I","timestamp":"2023-11-09 13:14:30"},{"nodeID":"1313539","text":"Fiona Bruce: what's your experience been of that","type":"L","timestamp":"2023-11-09 13:14:30"},{"nodeID":"1313540","text":"Analysing","type":"YA","timestamp":"2023-11-09 13:14:30"},{"nodeID":"1313541","text":"Pure Questioning","type":"YA","timestamp":"2023-11-09 13:14:30"},{"nodeID":"1313542","text":"Charlotte Ivers has found Westminster very odd, to be honest","type":"I","timestamp":"2023-11-09 13:14:31"},{"nodeID":"1313543","text":"Charlotte Ivers: I have found it very odd, to be honest","type":"L","timestamp":"2023-11-09 13:14:31"},{"nodeID":"1313544","text":"Analysing","type":"YA","timestamp":"2023-11-09 13:14:31"},{"nodeID":"1313545","text":"Asserting","type":"YA","timestamp":"2023-11-09 13:14:31"},{"nodeID":"1313546","text":"Default Rephrase","type":"MA","timestamp":"2023-11-09 13:14:31"},{"nodeID":"1313547","text":"Default Transition","type":"TA","timestamp":"2023-11-09 13:14:31"},{"nodeID":"1313548","text":"Default Illocuting","type":"YA","timestamp":"2023-11-09 13:14:31"},{"nodeID":"1313549","text":"Charlotte Ivers started in Westminster when she was 21 years old","type":"I","timestamp":"2023-11-09 13:14:32"},{"nodeID":"1313550","text":"Charlotte Ivers: I started in Westminster when I was 21 years old","type":"L","timestamp":"2023-11-09 13:14:32"},{"nodeID":"1313551","text":"Analysing","type":"YA","timestamp":"2023-11-09 13:14:32"},{"nodeID":"1313552","text":"Asserting","type":"YA","timestamp":"2023-11-09 13:14:32"},{"nodeID":"1313553","text":"Default Transition","type":"TA","timestamp":"2023-11-09 13:14:32"},{"nodeID":"1313554","text":"Charlotte Ivers was absolutely an idiot","type":"I","timestamp":"2023-11-09 13:14:32"},{"nodeID":"1313555","text":"Charlotte Ivers: I was absolutely an idiot","type":"L","timestamp":"2023-11-09 13:14:32"},{"nodeID":"1313556","text":"Analysing","type":"YA","timestamp":"2023-11-09 13:14:32"},{"nodeID":"1313557","text":"Asserting","type":"YA","timestamp":"2023-11-09 13:14:32"},{"nodeID":"1313558","text":"Default Transition","type":"TA","timestamp":"2023-11-09 13:14:32"},{"nodeID":"1313559","text":"Charlotte Ivers barely knew how to wash her own clothes","type":"I","timestamp":"2023-11-09 13:14:33"},{"nodeID":"1313560","text":"Charlotte Ivers: I barely knew how to wash my own clothes","type":"L","timestamp":"2023-11-09 13:14:33"},{"nodeID":"1313561","text":"Analysing","type":"YA","timestamp":"2023-11-09 13:14:33"},{"nodeID":"1313562","text":"Asserting","type":"YA","timestamp":"2023-11-09 13:14:33"},{"nodeID":"1313563","text":"Default Transition","type":"TA","timestamp":"2023-11-09 13:14:33"},{"nodeID":"1313564","text":"Default Inference","type":"RA","timestamp":"2023-11-09 13:14:33"},{"nodeID":"1313565","text":"Arguing","type":"YA","timestamp":"2023-11-09 13:14:33"},{"nodeID":"1313566","text":"Charlotte Ivers was bumbling through the world","type":"I","timestamp":"2023-11-09 13:14:33"},{"nodeID":"1313567","text":"Analysing","type":"YA","timestamp":"2023-11-09 13:14:33"},{"nodeID":"1313568","text":"Asserting","type":"YA","timestamp":"2023-11-09 13:14:33"},{"nodeID":"1313569","text":"Charlotte Ivers: I was bumbling through the world","type":"L","timestamp":"2023-11-09 13:14:33"},{"nodeID":"1313570","text":"Default Inference","type":"RA","timestamp":"2023-11-09 13:14:33"},{"nodeID":"1313571","text":"Default Transition","type":"TA","timestamp":"2023-11-09 13:14:33"},{"nodeID":"1313572","text":"Charlotte Ivers was very green","type":"I","timestamp":"2023-11-09 13:14:34"},{"nodeID":"1313573","text":"Charlotte Ivers: I was very green","type":"L","timestamp":"2023-11-09 13:14:34"},{"nodeID":"1313574","text":"Analysing","type":"YA","timestamp":"2023-11-09 13:14:34"},{"nodeID":"1313575","text":"Asserting","type":"YA","timestamp":"2023-11-09 13:14:34"},{"nodeID":"1313576","text":"Default Transition","type":"TA","timestamp":"2023-11-09 13:14:34"},{"nodeID":"1313577","text":"Default Inference","type":"RA","timestamp":"2023-11-09 13:14:34"},{"nodeID":"1313578","text":"Arguing","type":"YA","timestamp":"2023-11-09 13:14:34"},{"nodeID":"1313579","text":"Arguing","type":"YA","timestamp":"2023-11-09 13:14:34"},{"nodeID":"1313580","text":"Charlotte Ivers was very new","type":"I","timestamp":"2023-11-09 13:14:35"},{"nodeID":"1313581","text":"Charlotte Ivers: I was very new","type":"L","timestamp":"2023-11-09 13:14:35"},{"nodeID":"1313582","text":"Asserting","type":"YA","timestamp":"2023-11-09 13:14:35"},{"nodeID":"1313583","text":"Analysing","type":"YA","timestamp":"2023-11-09 13:14:35"},{"nodeID":"1313584","text":"Default Transition","type":"TA","timestamp":"2023-11-09 13:14:35"},{"nodeID":"1313585","text":"Default Rephrase","type":"MA","timestamp":"2023-11-09 13:14:35"},{"nodeID":"1313586","text":"Restating","type":"YA","timestamp":"2023-11-09 13:14:35"},{"nodeID":"1313587","text":"there was so much sexual harassment in Westminster","type":"I","timestamp":"2023-11-09 13:14:35"},{"nodeID":"1313588","text":"Charlotte Ivers: there was so much sexual harassment, so much","type":"L","timestamp":"2023-11-09 13:14:35"},{"nodeID":"1313589","text":"Analysing","type":"YA","timestamp":"2023-11-09 13:14:35"},{"nodeID":"1313590","text":"Asserting","type":"YA","timestamp":"2023-11-09 13:14:35"},{"nodeID":"1313591","text":"Default Transition","type":"TA","timestamp":"2023-11-09 13:14:35"},{"nodeID":"1313592","text":"sexual harassment did or did not come from MPs","type":"I","timestamp":"2023-11-09 13:14:36"},{"nodeID":"1313593","text":"Fiona Bruce: From MPs","type":"L","timestamp":"2023-11-09 13:14:36"},{"nodeID":"1313594","text":"Analysing","type":"YA","timestamp":"2023-11-09 13:14:36"},{"nodeID":"1313595","text":"Pure Questioning","type":"YA","timestamp":"2023-11-09 13:14:36"},{"nodeID":"1313596","text":"Default Transition","type":"TA","timestamp":"2023-11-09 13:14:36"},{"nodeID":"1313597","text":"sexual harassment came from various people","type":"I","timestamp":"2023-11-09 13:14:37"},{"nodeID":"1313598","text":"Charlotte Ivers: From various people","type":"L","timestamp":"2023-11-09 13:14:37"},{"nodeID":"1313599","text":"Analysing","type":"YA","timestamp":"2023-11-09 13:14:37"},{"nodeID":"1313600","text":"Asserting","type":"YA","timestamp":"2023-11-09 13:14:37"},{"nodeID":"1313601","text":"Default Transition","type":"TA","timestamp":"2023-11-09 13:14:37"},{"nodeID":"1313602","text":"Default Rephrase","type":"MA","timestamp":"2023-11-09 13:14:37"},{"nodeID":"1313603","text":"Default Illocuting","type":"YA","timestamp":"2023-11-09 13:14:37"},{"nodeID":"1313604","text":"sexual harassment did not just come from MPs","type":"I","timestamp":"2023-11-09 13:14:37"},{"nodeID":"1313605","text":"Charlotte Ivers: Not just MPs","type":"L","timestamp":"2023-11-09 13:14:37"},{"nodeID":"1313606","text":"Analysing","type":"YA","timestamp":"2023-11-09 13:14:37"},{"nodeID":"1313607","text":"Asserting","type":"YA","timestamp":"2023-11-09 13:14:37"},{"nodeID":"1313608","text":"Default Transition","type":"TA","timestamp":"2023-11-09 13:14:37"},{"nodeID":"1313609","text":"Default Rephrase","type":"MA","timestamp":"2023-11-09 13:14:37"},{"nodeID":"1313610","text":"Restating","type":"YA","timestamp":"2023-11-09 13:14:37"},{"nodeID":"1313611","text":"sexual harassment came from people with power in a way that Charlotte Ivers did not have power","type":"I","timestamp":"2023-11-09 13:14:38"},{"nodeID":"1313612","text":"Charlotte Ivers: People with power in a way that I didn't have power","type":"L","timestamp":"2023-11-09 13:14:38"},{"nodeID":"1313613","text":"Analysing","type":"YA","timestamp":"2023-11-09 13:14:38"},{"nodeID":"1313614","text":"Asserting","type":"YA","timestamp":"2023-11-09 13:14:38"},{"nodeID":"1313615","text":"Default Transition","type":"TA","timestamp":"2023-11-09 13:14:38"},{"nodeID":"1313616","text":"Default Inference","type":"RA","timestamp":"2023-11-09 13:14:38"},{"nodeID":"1313617","text":"Charlotte Ivers kept getting promoted and the sexual harassment started to fall away","type":"I","timestamp":"2023-11-09 13:14:38"},{"nodeID":"1313618","text":"Charlotte Ivers: I kept getting promoted and it started to fall away","type":"L","timestamp":"2023-11-09 13:14:38"},{"nodeID":"1313619","text":"Analysing","type":"YA","timestamp":"2023-11-09 13:14:38"},{"nodeID":"1313620","text":"Asserting","type":"YA","timestamp":"2023-11-09 13:14:38"},{"nodeID":"1313621","text":"Default Transition","type":"TA","timestamp":"2023-11-09 13:14:38"},{"nodeID":"1313622","text":"now Charlotte Ivers has got a column in a national newspaper and she speaks on the radio every day and no one ever sexually harasses her","type":"I","timestamp":"2023-11-09 13:14:39"},{"nodeID":"1313623","text":"Charlotte Ivers: now I've got a column in a national newspaper and I speak on the radio every day and no one ever sexually harasses me","type":"L","timestamp":"2023-11-09 13:14:39"},{"nodeID":"1313624","text":"Analysing","type":"YA","timestamp":"2023-11-09 13:14:39"},{"nodeID":"1313625","text":"Asserting","type":"YA","timestamp":"2023-11-09 13:14:39"},{"nodeID":"1313626","text":"Default Transition","type":"TA","timestamp":"2023-11-09 13:14:39"},{"nodeID":"1313627","text":"nobody ever sexually harasses Charlotte Ivers now","type":"I","timestamp":"2023-11-09 13:14:40"},{"nodeID":"1313628","text":"Analysing","type":"YA","timestamp":"2023-11-09 13:14:40"},{"nodeID":"1313629","text":"Charlotte Ivers: Nobody","type":"L","timestamp":"2023-11-09 13:14:40"},{"nodeID":"1313630","text":"Asserting","type":"YA","timestamp":"2023-11-09 13:14:40"},{"nodeID":"1313631","text":"Default Transition","type":"TA","timestamp":"2023-11-09 13:14:40"},{"nodeID":"1313632","text":"Default Rephrase","type":"MA","timestamp":"2023-11-09 13:14:40"},{"nodeID":"1313633","text":"Restating","type":"YA","timestamp":"2023-11-09 13:14:40"},{"nodeID":"1313634","text":"Charlotte Ivers has got power and can do something about sexual harassment","type":"I","timestamp":"2023-11-09 13:14:40"},{"nodeID":"1313635","text":"Charlotte Ivers: I've got power, I can do something about it","type":"L","timestamp":"2023-11-09 13:14:40"},{"nodeID":"1313636","text":"Analysing","type":"YA","timestamp":"2023-11-09 13:14:40"},{"nodeID":"1313637","text":"Asserting","type":"YA","timestamp":"2023-11-09 13:14:40"},{"nodeID":"1313638","text":"Default Transition","type":"TA","timestamp":"2023-11-09 13:14:40"},{"nodeID":"1313639","text":"Default Inference","type":"RA","timestamp":"2023-11-09 13:14:40"},{"nodeID":"1313640","text":"Arguing","type":"YA","timestamp":"2023-11-09 13:14:40"},{"nodeID":"1313641","text":"the fact that nobody harasses Charlotte Ivers now that she's got power scares her","type":"I","timestamp":"2023-11-09 13:14:41"},{"nodeID":"1313642","text":"Charlotte Ivers: that scares me","type":"L","timestamp":"2023-11-09 13:14:41"},{"nodeID":"1313643","text":"Analysing","type":"YA","timestamp":"2023-11-09 13:14:41"},{"nodeID":"1313644","text":"Asserting","type":"YA","timestamp":"2023-11-09 13:14:41"},{"nodeID":"1313645","text":"Default Transition","type":"TA","timestamp":"2023-11-09 13:14:41"},{"nodeID":"1313646","text":"there are a lot of women who don't have the power to do something about sexual harassment","type":"I","timestamp":"2023-11-09 13:14:41"},{"nodeID":"1313647","text":"Charlotte Ivers: there are a lot of women who don't have that power","type":"L","timestamp":"2023-11-09 13:14:41"},{"nodeID":"1313648","text":"Analysing","type":"YA","timestamp":"2023-11-09 13:14:41"},{"nodeID":"1313649","text":"Asserting","type":"YA","timestamp":"2023-11-09 13:14:41"},{"nodeID":"1313650","text":"the women who do not have power are the women who'll be dealing with everyone's emails","type":"I","timestamp":"2023-11-09 13:14:42"},{"nodeID":"1313651","text":"Charlotte Ivers: those are the women who'll be dealing with your emails","type":"L","timestamp":"2023-11-09 13:14:42"},{"nodeID":"1313652","text":"Analysing","type":"YA","timestamp":"2023-11-09 13:14:42"},{"nodeID":"1313653","text":"Asserting","type":"YA","timestamp":"2023-11-09 13:14:42"},{"nodeID":"1313654","text":"Default Transition","type":"TA","timestamp":"2023-11-09 13:14:42"},{"nodeID":"1313655","text":"Default Inference","type":"RA","timestamp":"2023-11-09 13:14:42"},{"nodeID":"1313656","text":"Arguing","type":"YA","timestamp":"2023-11-09 13:14:42"},{"nodeID":"1313657","text":"Default Transition","type":"TA","timestamp":"2023-11-09 13:14:42"},{"nodeID":"1313658","text":"If you write in with a problem they might not be able to focus because they might be having to deal with sexual harassment","type":"I","timestamp":"2023-11-09 13:14:43"},{"nodeID":"1313659","text":"Charlotte Ivers: If you write in with a problem they might not be able to focus because they might be having to deal with that","type":"L","timestamp":"2023-11-09 13:14:43"},{"nodeID":"1313660","text":"Analysing","type":"YA","timestamp":"2023-11-09 13:14:43"},{"nodeID":"1313661","text":"Asserting","type":"YA","timestamp":"2023-11-09 13:14:43"},{"nodeID":"1313662","text":"Default Transition","type":"TA","timestamp":"2023-11-09 13:14:43"},{"nodeID":"1313663","text":"Default Inference","type":"RA","timestamp":"2023-11-09 13:14:43"},{"nodeID":"1313664","text":"Arguing","type":"YA","timestamp":"2023-11-09 13:14:43"},{"nodeID":"1313665","text":"women having to deal with sexual harassment is horrible","type":"I","timestamp":"2023-11-09 13:14:43"},{"nodeID":"1313666","text":"Charlotte Ivers: it's horrible","type":"L","timestamp":"2023-11-09 13:14:43"},{"nodeID":"1313667","text":"Analysing","type":"YA","timestamp":"2023-11-09 13:14:43"},{"nodeID":"1313668","text":"Asserting","type":"YA","timestamp":"2023-11-09 13:14:43"},{"nodeID":"1313669","text":"Default Transition","type":"TA","timestamp":"2023-11-09 13:14:43"}],"edges":[{"edgeID":"1724653","fromID":"1313540","toID":"1313539","formEdgeID":null},{"edgeID":"1724654","fromID":"1313541","toID":"1313538","formEdgeID":null},{"edgeID":"1724655","fromID":"1313539","toID":"1313541","formEdgeID":null},{"edgeID":"1724656","fromID":"1313544","toID":"1313543","formEdgeID":null},{"edgeID":"1724657","fromID":"1313543","toID":"1313545","formEdgeID":null},{"edgeID":"1724658","fromID":"1313545","toID":"1313542","formEdgeID":null},{"edgeID":"1724659","fromID":"1313542","toID":"1313546","formEdgeID":null},{"edgeID":"1724660","fromID":"1313546","toID":"1313538","formEdgeID":null},{"edgeID":"1724661","fromID":"1313547","toID":"1313543","formEdgeID":null},{"edgeID":"1724662","fromID":"1313539","toID":"1313547","formEdgeID":null},{"edgeID":"1724663","fromID":"1313548","toID":"1313546","formEdgeID":null},{"edgeID":"1724664","fromID":"1313547","toID":"1313548","formEdgeID":null},{"edgeID":"1724665","fromID":"1313551","toID":"1313550","formEdgeID":null},{"edgeID":"1724666","fromID":"1313550","toID":"1313552","formEdgeID":null},{"edgeID":"1724667","fromID":"1313552","toID":"1313549","formEdgeID":null},{"edgeID":"1724668","fromID":"1313543","toID":"1313553","formEdgeID":null},{"edgeID":"1724669","fromID":"1313553","toID":"1313550","formEdgeID":null},{"edgeID":"1724670","fromID":"1313556","toID":"1313555","formEdgeID":null},{"edgeID":"1724671","fromID":"1313555","toID":"1313557","formEdgeID":null},{"edgeID":"1724672","fromID":"1313557","toID":"1313554","formEdgeID":null},{"edgeID":"1724673","fromID":"1313550","toID":"1313558","formEdgeID":null},{"edgeID":"1724674","fromID":"1313558","toID":"1313555","formEdgeID":null},{"edgeID":"1724675","fromID":"1313561","toID":"1313560","formEdgeID":null},{"edgeID":"1724676","fromID":"1313562","toID":"1313559","formEdgeID":null},{"edgeID":"1724677","fromID":"1313560","toID":"1313562","formEdgeID":null},{"edgeID":"1724678","fromID":"1313555","toID":"1313563","formEdgeID":null},{"edgeID":"1724679","fromID":"1313563","toID":"1313560","formEdgeID":null},{"edgeID":"1724680","fromID":"1313559","toID":"1313564","formEdgeID":null},{"edgeID":"1724681","fromID":"1313564","toID":"1313554","formEdgeID":null},{"edgeID":"1724682","fromID":"1313563","toID":"1313565","formEdgeID":null},{"edgeID":"1724683","fromID":"1313565","toID":"1313564","formEdgeID":null},{"edgeID":"1724684","fromID":"1313569","toID":"1313568","formEdgeID":null},{"edgeID":"1724685","fromID":"1313567","toID":"1313569","formEdgeID":null},{"edgeID":"1724686","fromID":"1313568","toID":"1313566","formEdgeID":null},{"edgeID":"1724687","fromID":"1313566","toID":"1313570","formEdgeID":null},{"edgeID":"1724688","fromID":"1313570","toID":"1313554","formEdgeID":null},{"edgeID":"1724689","fromID":"1313555","toID":"1313571","formEdgeID":null},{"edgeID":"1724690","fromID":"1313571","toID":"1313569","formEdgeID":null},{"edgeID":"1724691","fromID":"1313574","toID":"1313573","formEdgeID":null},{"edgeID":"1724692","fromID":"1313575","toID":"1313572","formEdgeID":null},{"edgeID":"1724693","fromID":"1313573","toID":"1313575","formEdgeID":null},{"edgeID":"1724694","fromID":"1313555","toID":"1313576","formEdgeID":null},{"edgeID":"1724695","fromID":"1313576","toID":"1313573","formEdgeID":null},{"edgeID":"1724696","fromID":"1313572","toID":"1313577","formEdgeID":null},{"edgeID":"1724697","fromID":"1313577","toID":"1313554","formEdgeID":null},{"edgeID":"1724698","fromID":"1313578","toID":"1313570","formEdgeID":null},{"edgeID":"1724699","fromID":"1313571","toID":"1313578","formEdgeID":null},{"edgeID":"1724700","fromID":"1313576","toID":"1313579","formEdgeID":null},{"edgeID":"1724701","fromID":"1313579","toID":"1313577","formEdgeID":null},{"edgeID":"1724702","fromID":"1313581","toID":"1313582","formEdgeID":null},{"edgeID":"1724703","fromID":"1313583","toID":"1313581","formEdgeID":null},{"edgeID":"1724704","fromID":"1313582","toID":"1313580","formEdgeID":null},{"edgeID":"1724705","fromID":"1313573","toID":"1313584","formEdgeID":null},{"edgeID":"1724706","fromID":"1313584","toID":"1313581","formEdgeID":null},{"edgeID":"1724707","fromID":"1313580","toID":"1313585","formEdgeID":null},{"edgeID":"1724708","fromID":"1313585","toID":"1313572","formEdgeID":null},{"edgeID":"1724709","fromID":"1313586","toID":"1313585","formEdgeID":null},{"edgeID":"1724710","fromID":"1313584","toID":"1313586","formEdgeID":null},{"edgeID":"1724711","fromID":"1313589","toID":"1313588","formEdgeID":null},{"edgeID":"1724712","fromID":"1313590","toID":"1313587","formEdgeID":null},{"edgeID":"1724713","fromID":"1313588","toID":"1313590","formEdgeID":null},{"edgeID":"1724714","fromID":"1313591","toID":"1313588","formEdgeID":null},{"edgeID":"1724715","fromID":"1313581","toID":"1313591","formEdgeID":null},{"edgeID":"1724716","fromID":"1313594","toID":"1313593","formEdgeID":null},{"edgeID":"1724717","fromID":"1313595","toID":"1313592","formEdgeID":null},{"edgeID":"1724718","fromID":"1313593","toID":"1313595","formEdgeID":null},{"edgeID":"1724719","fromID":"1313588","toID":"1313596","formEdgeID":null},{"edgeID":"1724720","fromID":"1313596","toID":"1313593","formEdgeID":null},{"edgeID":"1724721","fromID":"1313599","toID":"1313598","formEdgeID":null},{"edgeID":"1724722","fromID":"1313598","toID":"1313600","formEdgeID":null},{"edgeID":"1724723","fromID":"1313600","toID":"1313597","formEdgeID":null},{"edgeID":"1724724","fromID":"1313593","toID":"1313601","formEdgeID":null},{"edgeID":"1724725","fromID":"1313601","toID":"1313598","formEdgeID":null},{"edgeID":"1724726","fromID":"1313597","toID":"1313602","formEdgeID":null},{"edgeID":"1724727","fromID":"1313602","toID":"1313592","formEdgeID":null},{"edgeID":"1724728","fromID":"1313601","toID":"1313603","formEdgeID":null},{"edgeID":"1724729","fromID":"1313603","toID":"1313602","formEdgeID":null},{"edgeID":"1724730","fromID":"1313606","toID":"1313605","formEdgeID":null},{"edgeID":"1724731","fromID":"1313605","toID":"1313607","formEdgeID":null},{"edgeID":"1724732","fromID":"1313607","toID":"1313604","formEdgeID":null},{"edgeID":"1724733","fromID":"1313598","toID":"1313608","formEdgeID":null},{"edgeID":"1724734","fromID":"1313608","toID":"1313605","formEdgeID":null},{"edgeID":"1724735","fromID":"1313604","toID":"1313609","formEdgeID":null},{"edgeID":"1724736","fromID":"1313609","toID":"1313597","formEdgeID":null},{"edgeID":"1724737","fromID":"1313608","toID":"1313610","formEdgeID":null},{"edgeID":"1724738","fromID":"1313610","toID":"1313609","formEdgeID":null},{"edgeID":"1724739","fromID":"1313613","toID":"1313612","formEdgeID":null},{"edgeID":"1724740","fromID":"1313612","toID":"1313614","formEdgeID":null},{"edgeID":"1724741","fromID":"1313614","toID":"1313611","formEdgeID":null},{"edgeID":"1724742","fromID":"1313605","toID":"1313615","formEdgeID":null},{"edgeID":"1724743","fromID":"1313615","toID":"1313612","formEdgeID":null},{"edgeID":"1724744","fromID":"1313611","toID":"1313616","formEdgeID":null},{"edgeID":"1724745","fromID":"1313616","toID":"1313604","formEdgeID":null},{"edgeID":"1724746","fromID":"1313619","toID":"1313618","formEdgeID":null},{"edgeID":"1724747","fromID":"1313618","toID":"1313620","formEdgeID":null},{"edgeID":"1724748","fromID":"1313620","toID":"1313617","formEdgeID":null},{"edgeID":"1724749","fromID":"1313612","toID":"1313621","formEdgeID":null},{"edgeID":"1724750","fromID":"1313621","toID":"1313618","formEdgeID":null},{"edgeID":"1724751","fromID":"1313624","toID":"1313623","formEdgeID":null},{"edgeID":"1724752","fromID":"1313623","toID":"1313625","formEdgeID":null},{"edgeID":"1724753","fromID":"1313625","toID":"1313622","formEdgeID":null},{"edgeID":"1724754","fromID":"1313618","toID":"1313626","formEdgeID":null},{"edgeID":"1724755","fromID":"1313626","toID":"1313623","formEdgeID":null},{"edgeID":"1724756","fromID":"1313628","toID":"1313629","formEdgeID":null},{"edgeID":"1724757","fromID":"1313630","toID":"1313627","formEdgeID":null},{"edgeID":"1724758","fromID":"1313629","toID":"1313630","formEdgeID":null},{"edgeID":"1724759","fromID":"1313623","toID":"1313631","formEdgeID":null},{"edgeID":"1724760","fromID":"1313631","toID":"1313629","formEdgeID":null},{"edgeID":"1724761","fromID":"1313627","toID":"1313632","formEdgeID":null},{"edgeID":"1724762","fromID":"1313632","toID":"1313622","formEdgeID":null},{"edgeID":"1724763","fromID":"1313631","toID":"1313633","formEdgeID":null},{"edgeID":"1724764","fromID":"1313633","toID":"1313632","formEdgeID":null},{"edgeID":"1724765","fromID":"1313636","toID":"1313635","formEdgeID":null},{"edgeID":"1724766","fromID":"1313635","toID":"1313637","formEdgeID":null},{"edgeID":"1724767","fromID":"1313637","toID":"1313634","formEdgeID":null},{"edgeID":"1724768","fromID":"1313629","toID":"1313638","formEdgeID":null},{"edgeID":"1724769","fromID":"1313638","toID":"1313635","formEdgeID":null},{"edgeID":"1724770","fromID":"1313634","toID":"1313639","formEdgeID":null},{"edgeID":"1724771","fromID":"1313639","toID":"1313627","formEdgeID":null},{"edgeID":"1724772","fromID":"1313638","toID":"1313640","formEdgeID":null},{"edgeID":"1724773","fromID":"1313640","toID":"1313639","formEdgeID":null},{"edgeID":"1724774","fromID":"1313643","toID":"1313642","formEdgeID":null},{"edgeID":"1724775","fromID":"1313642","toID":"1313644","formEdgeID":null},{"edgeID":"1724776","fromID":"1313644","toID":"1313641","formEdgeID":null},{"edgeID":"1724777","fromID":"1313635","toID":"1313645","formEdgeID":null},{"edgeID":"1724778","fromID":"1313645","toID":"1313642","formEdgeID":null},{"edgeID":"1724779","fromID":"1313648","toID":"1313647","formEdgeID":null},{"edgeID":"1724780","fromID":"1313647","toID":"1313649","formEdgeID":null},{"edgeID":"1724781","fromID":"1313649","toID":"1313646","formEdgeID":null},{"edgeID":"1724782","fromID":"1313652","toID":"1313651","formEdgeID":null},{"edgeID":"1724783","fromID":"1313651","toID":"1313653","formEdgeID":null},{"edgeID":"1724784","fromID":"1313653","toID":"1313650","formEdgeID":null},{"edgeID":"1724785","fromID":"1313642","toID":"1313654","formEdgeID":null},{"edgeID":"1724786","fromID":"1313654","toID":"1313647","formEdgeID":null},{"edgeID":"1724787","fromID":"1313634","toID":"1313655","formEdgeID":null},{"edgeID":"1724788","fromID":"1313655","toID":"1313641","formEdgeID":null},{"edgeID":"1724789","fromID":"1313646","toID":"1313655","formEdgeID":null},{"edgeID":"1724790","fromID":"1313654","toID":"1313656","formEdgeID":null},{"edgeID":"1724791","fromID":"1313656","toID":"1313655","formEdgeID":null},{"edgeID":"1724792","fromID":"1313647","toID":"1313657","formEdgeID":null},{"edgeID":"1724793","fromID":"1313657","toID":"1313651","formEdgeID":null},{"edgeID":"1724794","fromID":"1313660","toID":"1313659","formEdgeID":null},{"edgeID":"1724795","fromID":"1313661","toID":"1313658","formEdgeID":null},{"edgeID":"1724796","fromID":"1313659","toID":"1313661","formEdgeID":null},{"edgeID":"1724797","fromID":"1313651","toID":"1313662","formEdgeID":null},{"edgeID":"1724798","fromID":"1313662","toID":"1313659","formEdgeID":null},{"edgeID":"1724799","fromID":"1313650","toID":"1313663","formEdgeID":null},{"edgeID":"1724800","fromID":"1313663","toID":"1313658","formEdgeID":null},{"edgeID":"1724801","fromID":"1313662","toID":"1313664","formEdgeID":null},{"edgeID":"1724802","fromID":"1313664","toID":"1313663","formEdgeID":null},{"edgeID":"1724803","fromID":"1313667","toID":"1313666","formEdgeID":null},{"edgeID":"1724804","fromID":"1313666","toID":"1313668","formEdgeID":null},{"edgeID":"1724805","fromID":"1313668","toID":"1313665","formEdgeID":null},{"edgeID":"1724806","fromID":"1313669","toID":"1313666","formEdgeID":null},{"edgeID":"1724807","fromID":"1313659","toID":"1313669","formEdgeID":null}],"locutions":[]}