{"nodes":[{"nodeID":"1313386","text":"it's not just the government who don't care about people with disabilities","type":"I","timestamp":"2023-11-09 13:14:18"},{"nodeID":"1313387","text":"AudienceMember 20220512QT26: it's not just the government who don't care about people with disabilities","type":"L","timestamp":"2023-11-09 13:14:18"},{"nodeID":"1313388","text":"Analysing","type":"YA","timestamp":"2023-11-09 13:14:18"},{"nodeID":"1313389","text":"Calum: AudienceMember 20220512QT26: it's not just the government who don't care about people with disabilities","type":"L","timestamp":"2023-11-09 13:14:18"},{"nodeID":"1313390","text":"Asserting","type":"YA","timestamp":"2023-11-09 13:14:18"},{"nodeID":"1313391","text":"Labour don't care about people with disabilities either","type":"I","timestamp":"2023-11-09 13:14:19"},{"nodeID":"1313392","text":"AudienceMember 20220512QT26: Labour don't either","type":"L","timestamp":"2023-11-09 13:14:19"},{"nodeID":"1313393","text":"Analysing","type":"YA","timestamp":"2023-11-09 13:14:19"},{"nodeID":"1313394","text":"Calum: AudienceMember 20220512QT26: Labour don't either","type":"L","timestamp":"2023-11-09 13:14:19"},{"nodeID":"1313395","text":"Asserting","type":"YA","timestamp":"2023-11-09 13:14:19"},{"nodeID":"1313396","text":"not caring about people with disabilities is systemic in local settings","type":"I","timestamp":"2023-11-09 13:14:19"},{"nodeID":"1313397","text":"AudienceMember 20220512QT26: that's systemic in local settings","type":"L","timestamp":"2023-11-09 13:14:19"},{"nodeID":"1313398","text":"Analysing","type":"YA","timestamp":"2023-11-09 13:14:19"},{"nodeID":"1313399","text":"Calum: AudienceMember 20220512QT26: that's systemic in local settings","type":"L","timestamp":"2023-11-09 13:14:19"},{"nodeID":"1313400","text":"Asserting","type":"YA","timestamp":"2023-11-09 13:14:19"},{"nodeID":"1313401","text":"AudienceMember 20220505QT26's twin sister has Down's Syndrome","type":"I","timestamp":"2023-11-09 13:14:20"},{"nodeID":"1313402","text":"AudienceMember 20220512QT26: my twin sister has Down's Syndrome","type":"L","timestamp":"2023-11-09 13:14:20"},{"nodeID":"1313403","text":"Analysing","type":"YA","timestamp":"2023-11-09 13:14:20"},{"nodeID":"1313404","text":"Calum: AudienceMember 20220512QT26: my twin sister has Down's Syndrome","type":"L","timestamp":"2023-11-09 13:14:20"},{"nodeID":"1313405","text":"Asserting","type":"YA","timestamp":"2023-11-09 13:14:20"},{"nodeID":"1313406","text":"AudienceMember 20220505QT26's twin sister goes to a day centre","type":"I","timestamp":"2023-11-09 13:14:21"},{"nodeID":"1313407","text":"AudienceMember 20220512QT26: She goes to a day centre","type":"L","timestamp":"2023-11-09 13:14:21"},{"nodeID":"1313408","text":"Analysing","type":"YA","timestamp":"2023-11-09 13:14:21"},{"nodeID":"1313409","text":"Calum: AudienceMember 20220512QT26: She goes to a day centre","type":"L","timestamp":"2023-11-09 13:14:21"},{"nodeID":"1313410","text":"Asserting","type":"YA","timestamp":"2023-11-09 13:14:21"},{"nodeID":"1313411","text":"the day centre is by the council","type":"I","timestamp":"2023-11-09 13:14:21"},{"nodeID":"1313412","text":"AudienceMember 20220512QT26: The day centre by the council","type":"L","timestamp":"2023-11-09 13:14:21"},{"nodeID":"1313413","text":"Analysing","type":"YA","timestamp":"2023-11-09 13:14:21"},{"nodeID":"1313414","text":"Calum: AudienceMember 20220512QT26: The day centre by the council","type":"L","timestamp":"2023-11-09 13:14:21"},{"nodeID":"1313415","text":"Asserting","type":"YA","timestamp":"2023-11-09 13:14:21"},{"nodeID":"1313416","text":"AudienceMember 20220512QT26: the council said, lots of vulnerable people, if they do not go they lose their place","type":"L","timestamp":"2023-11-09 13:14:21"},{"nodeID":"1313417","text":"Analysing","type":"YA","timestamp":"2023-11-09 13:14:21"},{"nodeID":"1313418","text":"Calum: AudienceMember 20220512QT26: the council said, lots of vulnerable people, if they do not go they lose their place","type":"L","timestamp":"2023-11-09 13:14:21"},{"nodeID":"1313419","text":"there is no other provision available for vulnerable people","type":"I","timestamp":"2023-11-09 13:14:22"},{"nodeID":"1313420","text":"AudienceMember 20220512QT26: There is no other provision available","type":"L","timestamp":"2023-11-09 13:14:22"},{"nodeID":"1313421","text":"Analysing","type":"YA","timestamp":"2023-11-09 13:14:22"},{"nodeID":"1313422","text":"Calum: AudienceMember 20220512QT26: There is no other provision available","type":"L","timestamp":"2023-11-09 13:14:22"},{"nodeID":"1313423","text":"Asserting","type":"YA","timestamp":"2023-11-09 13:14:22"},{"nodeID":"1313424","text":"on a wider level AudienceMember 20220505QT26's sister and her peers sit at home and do nothing","type":"I","timestamp":"2023-11-09 13:14:22"},{"nodeID":"1313425","text":"AudienceMember 20220512QT26: on a wider level my sister and her peers sit at home and do nothing","type":"L","timestamp":"2023-11-09 13:14:22"},{"nodeID":"1313426","text":"Analysing","type":"YA","timestamp":"2023-11-09 13:14:22"},{"nodeID":"1313427","text":"Calum: AudienceMember 20220512QT26: on a wider level my sister and her peers sit at home and do nothing","type":"L","timestamp":"2023-11-09 13:14:22"},{"nodeID":"1313428","text":"Asserting","type":"YA","timestamp":"2023-11-09 13:14:22"},{"nodeID":"1313429","text":"a Labour council can't afford AudienceMember 20220505QT26's sister's day centre place","type":"I","timestamp":"2023-11-09 13:14:23"},{"nodeID":"1313430","text":"AudienceMember 20220512QT26: a Labour council have said we can't afford that","type":"L","timestamp":"2023-11-09 13:14:23"},{"nodeID":"1313431","text":"Analysing","type":"YA","timestamp":"2023-11-09 13:14:23"},{"nodeID":"1313432","text":"Calum: AudienceMember 20220512QT26: a Labour council have said we can't afford that","type":"L","timestamp":"2023-11-09 13:14:23"},{"nodeID":"1313433","text":"we don't spend money appropriately at a local level","type":"I","timestamp":"2023-11-09 13:14:24"},{"nodeID":"1313434","text":"AudienceMember 20220512QT26: we don't spend money appropriately at a local level","type":"L","timestamp":"2023-11-09 13:14:24"},{"nodeID":"1313435","text":"Analysing","type":"YA","timestamp":"2023-11-09 13:14:24"},{"nodeID":"1313436","text":"Calum: AudienceMember 20220512QT26: we don't spend money appropriately at a local level","type":"L","timestamp":"2023-11-09 13:14:24"},{"nodeID":"1313437","text":"Asserting","type":"YA","timestamp":"2023-11-09 13:14:24"},{"nodeID":"1313438","text":"not caring about disabilities is everywhere, it's systemic","type":"I","timestamp":"2023-11-09 13:14:24"},{"nodeID":"1313439","text":"AudienceMember 20220512QT26: it's everywhere, it's systemic","type":"L","timestamp":"2023-11-09 13:14:24"},{"nodeID":"1313440","text":"Analysing","type":"YA","timestamp":"2023-11-09 13:14:24"},{"nodeID":"1313441","text":"Calum: AudienceMember 20220512QT26: it's everywhere, it's systemic","type":"L","timestamp":"2023-11-09 13:14:24"},{"nodeID":"1313442","text":"Asserting","type":"YA","timestamp":"2023-11-09 13:14:24"},{"nodeID":"1313443","text":"Default Transition","type":"TA","timestamp":"2023-11-09 13:14:24"},{"nodeID":"1313444","text":"Default Inference","type":"RA","timestamp":"2023-11-09 13:14:24"},{"nodeID":"1313445","text":"Arguing","type":"YA","timestamp":"2023-11-09 13:14:24"},{"nodeID":"1313446","text":"Labour Council: we can't afford that","type":"L","timestamp":"2023-11-09 13:14:24"},{"nodeID":"1313447","text":"Analysing","type":"YA","timestamp":"2023-11-09 13:14:24"},{"nodeID":"1313448","text":"Calum: The Council: a Labour council have said we can't afford that","type":"L","timestamp":"2023-11-09 13:14:24"},{"nodeID":"1313449","text":"Asserting","type":"YA","timestamp":"2023-11-09 13:14:24"},{"nodeID":"1313450","text":"Asserting","type":"YA","timestamp":"2023-11-09 13:14:24"},{"nodeID":"1313451","text":"Default Transition","type":"TA","timestamp":"2023-11-09 13:14:24"},{"nodeID":"1313452","text":"Default Transition","type":"TA","timestamp":"2023-11-09 13:14:24"},{"nodeID":"1313453","text":"Default Rephrase","type":"MA","timestamp":"2023-11-09 13:14:24"},{"nodeID":"1313454","text":"Restating","type":"YA","timestamp":"2023-11-09 13:14:24"},{"nodeID":"1313455","text":"Default Transition","type":"TA","timestamp":"2023-11-09 13:14:24"},{"nodeID":"1313456","text":"Default Transition","type":"TA","timestamp":"2023-11-09 13:14:24"},{"nodeID":"1313457","text":"Default Inference","type":"RA","timestamp":"2023-11-09 13:14:24"},{"nodeID":"1313458","text":"Arguing","type":"YA","timestamp":"2023-11-09 13:14:24"},{"nodeID":"1313459","text":"Default Transition","type":"TA","timestamp":"2023-11-09 13:14:24"},{"nodeID":"1313460","text":"Default Transition","type":"TA","timestamp":"2023-11-09 13:14:24"},{"nodeID":"1313461","text":"Default Transition","type":"TA","timestamp":"2023-11-09 13:14:24"},{"nodeID":"1313462","text":"Default Transition","type":"TA","timestamp":"2023-11-09 13:14:24"},{"nodeID":"1313463","text":"Default Transition","type":"TA","timestamp":"2023-11-09 13:14:24"},{"nodeID":"1313464","text":"Default Transition","type":"TA","timestamp":"2023-11-09 13:14:24"},{"nodeID":"1313465","text":"now that COVID's over or effectively on its way out we seem to be suggesting that at the time there was a lot of panic","type":"I","timestamp":"2023-11-09 13:14:25"},{"nodeID":"1313466","text":"AudienceMember 20220512QT27: Now that COVID's over or effectively on its way out we seem to be suggesting that at the time there was a lot of panic","type":"L","timestamp":"2023-11-09 13:14:25"},{"nodeID":"1313467","text":"Analysing","type":"YA","timestamp":"2023-11-09 13:14:25"},{"nodeID":"1313468","text":"Calum: AudienceMember 20220512QT27: Now that COVID's over or effectively on its way out we seem to be suggesting that at the time there was a lot of panic","type":"L","timestamp":"2023-11-09 13:14:25"},{"nodeID":"1313469","text":"Asserting","type":"YA","timestamp":"2023-11-09 13:14:25"},{"nodeID":"1313470","text":"at the time there was a lot of panic","type":"I","timestamp":"2023-11-09 13:14:25"},{"nodeID":"1313471","text":"AudienceMember 20220512QT27:  as the gentleman on the panel suggested","type":"L","timestamp":"2023-11-09 13:14:25"},{"nodeID":"1313472","text":"Analysing","type":"YA","timestamp":"2023-11-09 13:14:25"},{"nodeID":"1313473","text":"Calum: AudienceMember 20220512QT27:  as the gentleman on the panel suggested","type":"L","timestamp":"2023-11-09 13:14:25"},{"nodeID":"1313474","text":"we couldn't make the right decisions","type":"I","timestamp":"2023-11-09 13:14:26"},{"nodeID":"1313475","text":"AudienceMember 20220512QT27: we couldn't make the right decisions","type":"L","timestamp":"2023-11-09 13:14:26"},{"nodeID":"1313476","text":"Analysing","type":"YA","timestamp":"2023-11-09 13:14:26"},{"nodeID":"1313477","text":"Calum: AudienceMember 20220512QT27: we couldn't make the right decisions","type":"L","timestamp":"2023-11-09 13:14:26"},{"nodeID":"1313478","text":"Asserting","type":"YA","timestamp":"2023-11-09 13:14:26"},{"nodeID":"1313479","text":"now that COVID is over we still seem to have a medical system where elderly patients can't get appointments","type":"I","timestamp":"2023-11-09 13:14:27"},{"nodeID":"1313480","text":"AudienceMember 20220512QT27: now that COVID is over we still seem to have a medical system where elderly patients can't get appointments","type":"L","timestamp":"2023-11-09 13:14:27"},{"nodeID":"1313481","text":"Analysing","type":"YA","timestamp":"2023-11-09 13:14:27"},{"nodeID":"1313482","text":"Calum: AudienceMember 20220512QT27: now that COVID is over we still seem to have a medical system where elderly patients can't get appointments","type":"L","timestamp":"2023-11-09 13:14:27"},{"nodeID":"1313483","text":"Asserting","type":"YA","timestamp":"2023-11-09 13:14:27"},{"nodeID":"1313484","text":"elderly patients can't get in to see doctors","type":"I","timestamp":"2023-11-09 13:14:27"},{"nodeID":"1313485","text":"AudienceMember 20220512QT27: they can't get in to see doctors","type":"L","timestamp":"2023-11-09 13:14:27"},{"nodeID":"1313486","text":"Analysing","type":"YA","timestamp":"2023-11-09 13:14:27"},{"nodeID":"1313487","text":"Calum: AudienceMember 20220512QT27: they can't get in to see doctors","type":"L","timestamp":"2023-11-09 13:14:27"},{"nodeID":"1313488","text":"Asserting","type":"YA","timestamp":"2023-11-09 13:14:27"},{"nodeID":"1313489","text":"elderly patients can't get into surgeries","type":"I","timestamp":"2023-11-09 13:14:28"},{"nodeID":"1313490","text":"AudienceMember 20220512QT27: they can't get into surgeries","type":"L","timestamp":"2023-11-09 13:14:28"},{"nodeID":"1313491","text":"Analysing","type":"YA","timestamp":"2023-11-09 13:14:28"},{"nodeID":"1313492","text":"Calum: AudienceMember 20220512QT27: they can't get into surgeries","type":"L","timestamp":"2023-11-09 13:14:28"},{"nodeID":"1313493","text":"Asserting","type":"YA","timestamp":"2023-11-09 13:14:28"},{"nodeID":"1313494","text":"elderly patients are having to wait long times to get into hospitals","type":"I","timestamp":"2023-11-09 13:14:28"},{"nodeID":"1313495","text":"AudienceMember 20220512QT27: they're having to wait long times to get into hospitals","type":"L","timestamp":"2023-11-09 13:14:28"},{"nodeID":"1313496","text":"Analysing","type":"YA","timestamp":"2023-11-09 13:14:28"},{"nodeID":"1313497","text":"Calum: AudienceMember 20220512QT27: they're having to wait long times to get into hospitals","type":"L","timestamp":"2023-11-09 13:14:28"},{"nodeID":"1313498","text":"Asserting","type":"YA","timestamp":"2023-11-09 13:14:28"},{"nodeID":"1313499","text":"the government is or is not really doing anything to protect the elderly","type":"I","timestamp":"2023-11-09 13:14:29"},{"nodeID":"1313500","text":"AudienceMember 20220512QT27:  Is the government really doing anything to protect the elderly","type":"L","timestamp":"2023-11-09 13:14:29"},{"nodeID":"1313501","text":"Analysing","type":"YA","timestamp":"2023-11-09 13:14:29"},{"nodeID":"1313502","text":"Calum: AudienceMember 20220512QT27:  Is the government really doing anything to protect the elderly","type":"L","timestamp":"2023-11-09 13:14:29"},{"nodeID":"1313503","text":"Pure Questioning","type":"YA","timestamp":"2023-11-09 13:14:29"},{"nodeID":"1313504","text":"Default Transition","type":"TA","timestamp":"2023-11-09 13:14:29"},{"nodeID":"1313505","text":"Wilfred Emmanuel-Jones:  at the time there was a lot of panic","type":"L","timestamp":"2023-11-09 13:14:29"},{"nodeID":"1313506","text":"Analysing","type":"YA","timestamp":"2023-11-09 13:14:29"},{"nodeID":"1313507","text":"Calum: Wilfred Emmanuel-Jones:  as the gentleman on the panel suggested","type":"L","timestamp":"2023-11-09 13:14:29"},{"nodeID":"1313508","text":"Asserting","type":"YA","timestamp":"2023-11-09 13:14:29"},{"nodeID":"1313509","text":"Asserting","type":"YA","timestamp":"2023-11-09 13:14:29"},{"nodeID":"1313510","text":"Default Transition","type":"TA","timestamp":"2023-11-09 13:14:29"},{"nodeID":"1313511","text":"Default Rephrase","type":"MA","timestamp":"2023-11-09 13:14:29"},{"nodeID":"1313512","text":"Restating","type":"YA","timestamp":"2023-11-09 13:14:29"},{"nodeID":"1313513","text":"Default Transition","type":"TA","timestamp":"2023-11-09 13:14:29"},{"nodeID":"1313514","text":"Default Transition","type":"TA","timestamp":"2023-11-09 13:14:29"},{"nodeID":"1313515","text":"Default Inference","type":"RA","timestamp":"2023-11-09 13:14:29"},{"nodeID":"1313516","text":"Arguing","type":"YA","timestamp":"2023-11-09 13:14:29"},{"nodeID":"1313517","text":"Default Transition","type":"TA","timestamp":"2023-11-09 13:14:29"},{"nodeID":"1313518","text":"Default Conflict","type":"CA","timestamp":"2023-11-09 13:14:29"},{"nodeID":"1313519","text":"Disagreeing","type":"YA","timestamp":"2023-11-09 13:14:29"},{"nodeID":"1313520","text":"Default Transition","type":"TA","timestamp":"2023-11-09 13:14:29"},{"nodeID":"1313521","text":"Default Transition","type":"TA","timestamp":"2023-11-09 13:14:29"},{"nodeID":"1313522","text":"Default Transition","type":"TA","timestamp":"2023-11-09 13:14:29"},{"nodeID":"1313523","text":"Default Rephrase","type":"MA","timestamp":"2023-11-09 13:14:29"},{"nodeID":"1313524","text":"Default Rephrase","type":"MA","timestamp":"2023-11-09 13:14:29"},{"nodeID":"1313525","text":"Default Rephrase","type":"MA","timestamp":"2023-11-09 13:14:29"},{"nodeID":"1313526","text":"Restating","type":"YA","timestamp":"2023-11-09 13:14:29"},{"nodeID":"1313527","text":"Restating","type":"YA","timestamp":"2023-11-09 13:14:29"},{"nodeID":"1313528","text":"Restating","type":"YA","timestamp":"2023-11-09 13:14:29"},{"nodeID":"1313529","text":"Default Inference","type":"RA","timestamp":"2023-11-09 13:14:29"},{"nodeID":"1313530","text":"Arguing","type":"YA","timestamp":"2023-11-09 13:14:29"},{"nodeID":"1313531","text":"Arguing","type":"YA","timestamp":"2023-11-09 13:14:29"},{"nodeID":"1313532","text":"Default Inference","type":"RA","timestamp":"2023-11-09 13:14:29"},{"nodeID":"1313533","text":"the council said, lots of vulnerable people, if they do not go they lose their place lots of vulnerable people, if they do not go they lose their place at the day centre","type":"I","timestamp":"2023-11-09 13:14:29"},{"nodeID":"1313534","text":"Asserting","type":"YA","timestamp":"2023-11-09 13:14:29"},{"nodeID":"1313535","text":"Default Inference","type":"RA","timestamp":"2023-11-09 13:14:29"},{"nodeID":"1313536","text":"Arguing","type":"YA","timestamp":"2023-11-09 13:14:29"},{"nodeID":"1313537","text":"Arguing","type":"YA","timestamp":"2023-11-09 13:14:30"}],"edges":[{"edgeID":"1724472","fromID":"1313388","toID":"1313387","formEdgeID":null},{"edgeID":"1724473","fromID":"1313389","toID":"1313388","formEdgeID":null},{"edgeID":"1724474","fromID":"1313387","toID":"1313390","formEdgeID":null},{"edgeID":"1724475","fromID":"1313390","toID":"1313386","formEdgeID":null},{"edgeID":"1724476","fromID":"1313393","toID":"1313392","formEdgeID":null},{"edgeID":"1724477","fromID":"1313394","toID":"1313393","formEdgeID":null},{"edgeID":"1724478","fromID":"1313392","toID":"1313395","formEdgeID":null},{"edgeID":"1724479","fromID":"1313395","toID":"1313391","formEdgeID":null},{"edgeID":"1724480","fromID":"1313398","toID":"1313397","formEdgeID":null},{"edgeID":"1724481","fromID":"1313399","toID":"1313398","formEdgeID":null},{"edgeID":"1724482","fromID":"1313397","toID":"1313400","formEdgeID":null},{"edgeID":"1724483","fromID":"1313400","toID":"1313396","formEdgeID":null},{"edgeID":"1724484","fromID":"1313403","toID":"1313402","formEdgeID":null},{"edgeID":"1724485","fromID":"1313404","toID":"1313403","formEdgeID":null},{"edgeID":"1724486","fromID":"1313402","toID":"1313405","formEdgeID":null},{"edgeID":"1724487","fromID":"1313405","toID":"1313401","formEdgeID":null},{"edgeID":"1724488","fromID":"1313408","toID":"1313407","formEdgeID":null},{"edgeID":"1724489","fromID":"1313409","toID":"1313408","formEdgeID":null},{"edgeID":"1724490","fromID":"1313407","toID":"1313410","formEdgeID":null},{"edgeID":"1724491","fromID":"1313410","toID":"1313406","formEdgeID":null},{"edgeID":"1724492","fromID":"1313413","toID":"1313412","formEdgeID":null},{"edgeID":"1724493","fromID":"1313414","toID":"1313413","formEdgeID":null},{"edgeID":"1724494","fromID":"1313412","toID":"1313415","formEdgeID":null},{"edgeID":"1724495","fromID":"1313415","toID":"1313411","formEdgeID":null},{"edgeID":"1724496","fromID":"1313417","toID":"1313416","formEdgeID":null},{"edgeID":"1724497","fromID":"1313418","toID":"1313417","formEdgeID":null},{"edgeID":"1724498","fromID":"1313421","toID":"1313420","formEdgeID":null},{"edgeID":"1724499","fromID":"1313422","toID":"1313421","formEdgeID":null},{"edgeID":"1724500","fromID":"1313420","toID":"1313423","formEdgeID":null},{"edgeID":"1724501","fromID":"1313423","toID":"1313419","formEdgeID":null},{"edgeID":"1724502","fromID":"1313426","toID":"1313425","formEdgeID":null},{"edgeID":"1724503","fromID":"1313427","toID":"1313426","formEdgeID":null},{"edgeID":"1724504","fromID":"1313425","toID":"1313428","formEdgeID":null},{"edgeID":"1724505","fromID":"1313428","toID":"1313424","formEdgeID":null},{"edgeID":"1724506","fromID":"1313431","toID":"1313430","formEdgeID":null},{"edgeID":"1724507","fromID":"1313432","toID":"1313431","formEdgeID":null},{"edgeID":"1724508","fromID":"1313435","toID":"1313434","formEdgeID":null},{"edgeID":"1724509","fromID":"1313436","toID":"1313435","formEdgeID":null},{"edgeID":"1724510","fromID":"1313434","toID":"1313437","formEdgeID":null},{"edgeID":"1724511","fromID":"1313437","toID":"1313433","formEdgeID":null},{"edgeID":"1724512","fromID":"1313440","toID":"1313439","formEdgeID":null},{"edgeID":"1724513","fromID":"1313441","toID":"1313440","formEdgeID":null},{"edgeID":"1724514","fromID":"1313439","toID":"1313442","formEdgeID":null},{"edgeID":"1724515","fromID":"1313442","toID":"1313438","formEdgeID":null},{"edgeID":"1724516","fromID":"1313387","toID":"1313443","formEdgeID":null},{"edgeID":"1724517","fromID":"1313443","toID":"1313392","formEdgeID":null},{"edgeID":"1724518","fromID":"1313391","toID":"1313444","formEdgeID":null},{"edgeID":"1724519","fromID":"1313444","toID":"1313386","formEdgeID":null},{"edgeID":"1724520","fromID":"1313443","toID":"1313445","formEdgeID":null},{"edgeID":"1724521","fromID":"1313445","toID":"1313444","formEdgeID":null},{"edgeID":"1724522","fromID":"1313447","toID":"1313446","formEdgeID":null},{"edgeID":"1724523","fromID":"1313448","toID":"1313447","formEdgeID":null},{"edgeID":"1724524","fromID":"1313446","toID":"1313449","formEdgeID":null},{"edgeID":"1724525","fromID":"1313449","toID":"1313429","formEdgeID":null},{"edgeID":"1724526","fromID":"1313430","toID":"1313450","formEdgeID":null},{"edgeID":"1724527","fromID":"1313450","toID":"1313446","formEdgeID":null},{"edgeID":"1724528","fromID":"1313392","toID":"1313451","formEdgeID":null},{"edgeID":"1724529","fromID":"1313451","toID":"1313397","formEdgeID":null},{"edgeID":"1724530","fromID":"1313397","toID":"1313452","formEdgeID":null},{"edgeID":"1724531","fromID":"1313452","toID":"1313439","formEdgeID":null},{"edgeID":"1724532","fromID":"1313438","toID":"1313453","formEdgeID":null},{"edgeID":"1724533","fromID":"1313453","toID":"1313396","formEdgeID":null},{"edgeID":"1724534","fromID":"1313452","toID":"1313454","formEdgeID":null},{"edgeID":"1724535","fromID":"1313454","toID":"1313453","formEdgeID":null},{"edgeID":"1724536","fromID":"1313425","toID":"1313455","formEdgeID":null},{"edgeID":"1724537","fromID":"1313455","toID":"1313430","formEdgeID":null},{"edgeID":"1724538","fromID":"1313430","toID":"1313456","formEdgeID":null},{"edgeID":"1724539","fromID":"1313456","toID":"1313434","formEdgeID":null},{"edgeID":"1724540","fromID":"1313433","toID":"1313457","formEdgeID":null},{"edgeID":"1724541","fromID":"1313457","toID":"1313429","formEdgeID":null},{"edgeID":"1724542","fromID":"1313456","toID":"1313458","formEdgeID":null},{"edgeID":"1724543","fromID":"1313458","toID":"1313457","formEdgeID":null},{"edgeID":"1724544","fromID":"1313420","toID":"1313459","formEdgeID":null},{"edgeID":"1724545","fromID":"1313459","toID":"1313425","formEdgeID":null},{"edgeID":"1724546","fromID":"1313392","toID":"1313460","formEdgeID":null},{"edgeID":"1724547","fromID":"1313460","toID":"1313402","formEdgeID":null},{"edgeID":"1724548","fromID":"1313392","toID":"1313461","formEdgeID":null},{"edgeID":"1724549","fromID":"1313461","toID":"1313407","formEdgeID":null},{"edgeID":"1724550","fromID":"1313392","toID":"1313462","formEdgeID":null},{"edgeID":"1724551","fromID":"1313462","toID":"1313412","formEdgeID":null},{"edgeID":"1724552","fromID":"1313392","toID":"1313463","formEdgeID":null},{"edgeID":"1724553","fromID":"1313463","toID":"1313416","formEdgeID":null},{"edgeID":"1724554","fromID":"1313392","toID":"1313464","formEdgeID":null},{"edgeID":"1724555","fromID":"1313464","toID":"1313425","formEdgeID":null},{"edgeID":"1724556","fromID":"1313467","toID":"1313466","formEdgeID":null},{"edgeID":"1724557","fromID":"1313468","toID":"1313467","formEdgeID":null},{"edgeID":"1724558","fromID":"1313466","toID":"1313469","formEdgeID":null},{"edgeID":"1724559","fromID":"1313469","toID":"1313465","formEdgeID":null},{"edgeID":"1724560","fromID":"1313472","toID":"1313471","formEdgeID":null},{"edgeID":"1724561","fromID":"1313473","toID":"1313472","formEdgeID":null},{"edgeID":"1724562","fromID":"1313476","toID":"1313475","formEdgeID":null},{"edgeID":"1724563","fromID":"1313477","toID":"1313476","formEdgeID":null},{"edgeID":"1724564","fromID":"1313475","toID":"1313478","formEdgeID":null},{"edgeID":"1724565","fromID":"1313478","toID":"1313474","formEdgeID":null},{"edgeID":"1724566","fromID":"1313481","toID":"1313480","formEdgeID":null},{"edgeID":"1724567","fromID":"1313482","toID":"1313481","formEdgeID":null},{"edgeID":"1724568","fromID":"1313480","toID":"1313483","formEdgeID":null},{"edgeID":"1724569","fromID":"1313483","toID":"1313479","formEdgeID":null},{"edgeID":"1724570","fromID":"1313486","toID":"1313485","formEdgeID":null},{"edgeID":"1724571","fromID":"1313487","toID":"1313486","formEdgeID":null},{"edgeID":"1724572","fromID":"1313485","toID":"1313488","formEdgeID":null},{"edgeID":"1724573","fromID":"1313488","toID":"1313484","formEdgeID":null},{"edgeID":"1724574","fromID":"1313491","toID":"1313490","formEdgeID":null},{"edgeID":"1724575","fromID":"1313492","toID":"1313491","formEdgeID":null},{"edgeID":"1724576","fromID":"1313490","toID":"1313493","formEdgeID":null},{"edgeID":"1724577","fromID":"1313493","toID":"1313489","formEdgeID":null},{"edgeID":"1724578","fromID":"1313496","toID":"1313495","formEdgeID":null},{"edgeID":"1724579","fromID":"1313497","toID":"1313496","formEdgeID":null},{"edgeID":"1724580","fromID":"1313495","toID":"1313498","formEdgeID":null},{"edgeID":"1724581","fromID":"1313498","toID":"1313494","formEdgeID":null},{"edgeID":"1724582","fromID":"1313501","toID":"1313500","formEdgeID":null},{"edgeID":"1724583","fromID":"1313502","toID":"1313501","formEdgeID":null},{"edgeID":"1724584","fromID":"1313500","toID":"1313503","formEdgeID":null},{"edgeID":"1724585","fromID":"1313503","toID":"1313499","formEdgeID":null},{"edgeID":"1724586","fromID":"1313495","toID":"1313504","formEdgeID":null},{"edgeID":"1724587","fromID":"1313504","toID":"1313500","formEdgeID":null},{"edgeID":"1724588","fromID":"1313506","toID":"1313505","formEdgeID":null},{"edgeID":"1724589","fromID":"1313507","toID":"1313506","formEdgeID":null},{"edgeID":"1724590","fromID":"1313505","toID":"1313508","formEdgeID":null},{"edgeID":"1724591","fromID":"1313508","toID":"1313470","formEdgeID":null},{"edgeID":"1724592","fromID":"1313471","toID":"1313509","formEdgeID":null},{"edgeID":"1724593","fromID":"1313509","toID":"1313505","formEdgeID":null},{"edgeID":"1724594","fromID":"1313466","toID":"1313510","formEdgeID":null},{"edgeID":"1724595","fromID":"1313510","toID":"1313471","formEdgeID":null},{"edgeID":"1724596","fromID":"1313470","toID":"1313511","formEdgeID":null},{"edgeID":"1724597","fromID":"1313511","toID":"1313465","formEdgeID":null},{"edgeID":"1724598","fromID":"1313510","toID":"1313512","formEdgeID":null},{"edgeID":"1724599","fromID":"1313512","toID":"1313511","formEdgeID":null},{"edgeID":"1724600","fromID":"1313439","toID":"1313513","formEdgeID":null},{"edgeID":"1724601","fromID":"1313513","toID":"1313466","formEdgeID":null},{"edgeID":"1724602","fromID":"1313471","toID":"1313514","formEdgeID":null},{"edgeID":"1724603","fromID":"1313514","toID":"1313475","formEdgeID":null},{"edgeID":"1724604","fromID":"1313470","toID":"1313515","formEdgeID":null},{"edgeID":"1724605","fromID":"1313515","toID":"1313474","formEdgeID":null},{"edgeID":"1724606","fromID":"1313514","toID":"1313516","formEdgeID":null},{"edgeID":"1724607","fromID":"1313516","toID":"1313515","formEdgeID":null},{"edgeID":"1724608","fromID":"1313475","toID":"1313517","formEdgeID":null},{"edgeID":"1724609","fromID":"1313517","toID":"1313480","formEdgeID":null},{"edgeID":"1724610","fromID":"1313479","toID":"1313518","formEdgeID":null},{"edgeID":"1724611","fromID":"1313518","toID":"1313474","formEdgeID":null},{"edgeID":"1724612","fromID":"1313517","toID":"1313519","formEdgeID":null},{"edgeID":"1724613","fromID":"1313519","toID":"1313518","formEdgeID":null},{"edgeID":"1724614","fromID":"1313480","toID":"1313520","formEdgeID":null},{"edgeID":"1724615","fromID":"1313520","toID":"1313485","formEdgeID":null},{"edgeID":"1724616","fromID":"1313485","toID":"1313521","formEdgeID":null},{"edgeID":"1724617","fromID":"1313521","toID":"1313490","formEdgeID":null},{"edgeID":"1724618","fromID":"1313490","toID":"1313522","formEdgeID":null},{"edgeID":"1724619","fromID":"1313522","toID":"1313495","formEdgeID":null},{"edgeID":"1724620","fromID":"1313484","toID":"1313523","formEdgeID":null},{"edgeID":"1724621","fromID":"1313523","toID":"1313479","formEdgeID":null},{"edgeID":"1724622","fromID":"1313489","toID":"1313524","formEdgeID":null},{"edgeID":"1724623","fromID":"1313524","toID":"1313484","formEdgeID":null},{"edgeID":"1724624","fromID":"1313494","toID":"1313525","formEdgeID":null},{"edgeID":"1724625","fromID":"1313525","toID":"1313489","formEdgeID":null},{"edgeID":"1724626","fromID":"1313520","toID":"1313526","formEdgeID":null},{"edgeID":"1724627","fromID":"1313526","toID":"1313523","formEdgeID":null},{"edgeID":"1724628","fromID":"1313521","toID":"1313527","formEdgeID":null},{"edgeID":"1724629","fromID":"1313527","toID":"1313524","formEdgeID":null},{"edgeID":"1724630","fromID":"1313522","toID":"1313528","formEdgeID":null},{"edgeID":"1724631","fromID":"1313528","toID":"1313525","formEdgeID":null},{"edgeID":"1724632","fromID":"1313391","toID":"1313529","formEdgeID":null},{"edgeID":"1724633","fromID":"1313529","toID":"1313396","formEdgeID":null},{"edgeID":"1724634","fromID":"1313451","toID":"1313530","formEdgeID":null},{"edgeID":"1724635","fromID":"1313530","toID":"1313529","formEdgeID":null},{"edgeID":"1724636","fromID":"1313464","toID":"1313531","formEdgeID":null},{"edgeID":"1724637","fromID":"1313411","toID":"1313532","formEdgeID":null},{"edgeID":"1724638","fromID":"1313531","toID":"1313532","formEdgeID":null},{"edgeID":"1724639","fromID":"1313406","toID":"1313532","formEdgeID":null},{"edgeID":"1724640","fromID":"1313401","toID":"1313532","formEdgeID":null},{"edgeID":"1724641","fromID":"1313532","toID":"1313391","formEdgeID":null},{"edgeID":"1724642","fromID":"1313424","toID":"1313532","formEdgeID":null},{"edgeID":"1724643","fromID":"1313533","toID":"1313532","formEdgeID":null},{"edgeID":"1724644","fromID":"1313416","toID":"1313534","formEdgeID":null},{"edgeID":"1724645","fromID":"1313534","toID":"1313533","formEdgeID":null},{"edgeID":"1724646","fromID":"1313419","toID":"1313535","formEdgeID":null},{"edgeID":"1724647","fromID":"1313535","toID":"1313424","formEdgeID":null},{"edgeID":"1724648","fromID":"1313429","toID":"1313535","formEdgeID":null},{"edgeID":"1724649","fromID":"1313455","toID":"1313536","formEdgeID":null},{"edgeID":"1724650","fromID":"1313536","toID":"1313535","formEdgeID":null},{"edgeID":"1724651","fromID":"1313455","toID":"1313537","formEdgeID":null},{"edgeID":"1724652","fromID":"1313537","toID":"1313535","formEdgeID":null}],"locutions":[]}