{"nodes":[{"nodeID":"1310581","text":"people should manage their budgets better by choosing more value brands","type":"I","timestamp":"2023-11-09 13:10:17"},{"nodeID":"1310582","text":"AudienceMember 20220512QT05: he did actually say that people should manage their budgets better by choosing more value brands","type":"L","timestamp":"2023-11-09 13:10:17"},{"nodeID":"1310583","text":"Analysing","type":"YA","timestamp":"2023-11-09 13:10:17"},{"nodeID":"1310584","text":"George Eustice: people should manage their budgets better by choosing more value brands","type":"L","timestamp":"2023-11-09 13:10:17"},{"nodeID":"1310585","text":"Analysing","type":"YA","timestamp":"2023-11-09 13:10:17"},{"nodeID":"1310586","text":"Asserting","type":"YA","timestamp":"2023-11-09 13:10:17"},{"nodeID":"1310587","text":"Asserting","type":"YA","timestamp":"2023-11-09 13:10:17"},{"nodeID":"1310588","text":"George Eustice wasn't telling people how to live","type":"I","timestamp":"2023-11-09 13:10:18"},{"nodeID":"1310589","text":"AudienceMember 20220512QT05: you've just said obviously that he wasn't telling people how to live","type":"L","timestamp":"2023-11-09 13:10:18"},{"nodeID":"1310590","text":"Analysing","type":"YA","timestamp":"2023-11-09 13:10:18"},{"nodeID":"1310591","text":"Damian Green: George Eustice wasn't telling people how to live","type":"L","timestamp":"2023-11-09 13:10:18"},{"nodeID":"1310592","text":"Analysing","type":"YA","timestamp":"2023-11-09 13:10:18"},{"nodeID":"1310593","text":"Asserting","type":"YA","timestamp":"2023-11-09 13:10:18"},{"nodeID":"1310594","text":"Asserting","type":"YA","timestamp":"2023-11-09 13:10:18"},{"nodeID":"1310595","text":"Default Transition","type":"TA","timestamp":"2023-11-09 13:10:18"},{"nodeID":"1310596","text":"George Eustice was telling people how to live","type":"I","timestamp":"2023-11-09 13:10:18"},{"nodeID":"1310597","text":"AudienceMember 20220512QT05: he was","type":"L","timestamp":"2023-11-09 13:10:18"},{"nodeID":"1310598","text":"Analysing","type":"YA","timestamp":"2023-11-09 13:10:18"},{"nodeID":"1310599","text":"Asserting","type":"YA","timestamp":"2023-11-09 13:10:18"},{"nodeID":"1310600","text":"Default Transition","type":"TA","timestamp":"2023-11-09 13:10:18"},{"nodeID":"1310601","text":"Default Conflict","type":"CA","timestamp":"2023-11-09 13:10:18"},{"nodeID":"1310602","text":"Disagreeing","type":"YA","timestamp":"2023-11-09 13:10:18"},{"nodeID":"1310603","text":"George Eustice was telling people to go cheaper","type":"I","timestamp":"2023-11-09 13:10:19"},{"nodeID":"1310604","text":"AudienceMember 20220512QT05: he was telling them to go cheaper","type":"L","timestamp":"2023-11-09 13:10:19"},{"nodeID":"1310605","text":"Analysing","type":"YA","timestamp":"2023-11-09 13:10:19"},{"nodeID":"1310606","text":"Asserting","type":"YA","timestamp":"2023-11-09 13:10:19"},{"nodeID":"1310607","text":"Default Transition","type":"TA","timestamp":"2023-11-09 13:10:19"},{"nodeID":"1310608","text":"Default Rephrase","type":"MA","timestamp":"2023-11-09 13:10:19"},{"nodeID":"1310609","text":"Restating","type":"YA","timestamp":"2023-11-09 13:10:19"},{"nodeID":"1310610","text":"by going for value brands, own branded products, people can actually contain and manage their household budget","type":"I","timestamp":"2023-11-09 13:10:20"},{"nodeID":"1310611","text":"Fiona Bruce: he said, \"What people find is by going for value brands, own branded products, they can actually contain and manage their household budget.\"","type":"L","timestamp":"2023-11-09 13:10:20"},{"nodeID":"1310612","text":"Analysing","type":"YA","timestamp":"2023-11-09 13:10:20"},{"nodeID":"1310613","text":"George Eustice: What people find is by going for value brands, own branded products, they can actually contain and manage their household budget","type":"L","timestamp":"2023-11-09 13:10:20"},{"nodeID":"1310614","text":"Analysing","type":"YA","timestamp":"2023-11-09 13:10:20"},{"nodeID":"1310615","text":"Asserting","type":"YA","timestamp":"2023-11-09 13:10:20"},{"nodeID":"1310616","text":"Asserting","type":"YA","timestamp":"2023-11-09 13:10:20"},{"nodeID":"1310617","text":"Default Transition","type":"TA","timestamp":"2023-11-09 13:10:20"},{"nodeID":"1310618","text":"Fiona Bruce: That's actually what he said","type":"L","timestamp":"2023-11-09 13:10:20"},{"nodeID":"1310619","text":"Analysing","type":"YA","timestamp":"2023-11-09 13:10:20"},{"nodeID":"1310620","text":"Default Transition","type":"TA","timestamp":"2023-11-09 13:10:20"},{"nodeID":"1310621","text":"Asserting","type":"YA","timestamp":"2023-11-09 13:10:20"},{"nodeID":"1310622","text":"the statement that George Eustice made was descriptive","type":"I","timestamp":"2023-11-09 13:10:20"},{"nodeID":"1310623","text":"Damian Green: Which was descriptive","type":"L","timestamp":"2023-11-09 13:10:20"},{"nodeID":"1310624","text":"Analysing","type":"YA","timestamp":"2023-11-09 13:10:20"},{"nodeID":"1310625","text":"Asserting","type":"YA","timestamp":"2023-11-09 13:10:20"},{"nodeID":"1310626","text":"Default Transition","type":"TA","timestamp":"2023-11-09 13:10:20"},{"nodeID":"1310627","text":"Damian Green: That's what I said he said","type":"L","timestamp":"2023-11-09 13:10:20"},{"nodeID":"1310628","text":"Analysing","type":"YA","timestamp":"2023-11-09 13:10:20"},{"nodeID":"1310629","text":"Damian Green: George Eustice said that by going for value brands, own branded products, people can actually contain and manage their household budget","type":"L","timestamp":"2023-11-09 13:10:20"},{"nodeID":"1310630","text":"Analysing","type":"YA","timestamp":"2023-11-09 13:10:20"},{"nodeID":"1310631","text":"Asserting","type":"YA","timestamp":"2023-11-09 13:10:20"},{"nodeID":"1310632","text":"Default Transition","type":"TA","timestamp":"2023-11-09 13:10:20"},{"nodeID":"1310633","text":"George Eustice: by going for value brands, own branded products, people can actually contain and manage their household budget","type":"L","timestamp":"2023-11-09 13:10:20"},{"nodeID":"1310634","text":"Analysing","type":"YA","timestamp":"2023-11-09 13:10:20"},{"nodeID":"1310635","text":"Asserting","type":"YA","timestamp":"2023-11-09 13:10:20"},{"nodeID":"1310636","text":"Asserting","type":"YA","timestamp":"2023-11-09 13:10:20"},{"nodeID":"1310637","text":"it's unfair to say George Eustice was lecturing","type":"I","timestamp":"2023-11-09 13:10:21"},{"nodeID":"1310638","text":"Damian Green: it's unfair to say he was lecturing","type":"L","timestamp":"2023-11-09 13:10:21"},{"nodeID":"1310639","text":"Analysing","type":"YA","timestamp":"2023-11-09 13:10:21"},{"nodeID":"1310640","text":"Asserting","type":"YA","timestamp":"2023-11-09 13:10:21"},{"nodeID":"1310641","text":"Default Inference","type":"RA","timestamp":"2023-11-09 13:10:21"},{"nodeID":"1310642","text":"Default Transition","type":"TA","timestamp":"2023-11-09 13:10:21"},{"nodeID":"1310643","text":"Arguing","type":"YA","timestamp":"2023-11-09 13:10:21"},{"nodeID":"1310644","text":"what George Eustice said is in a sense a side issue anyway","type":"I","timestamp":"2023-11-09 13:10:21"},{"nodeID":"1310645","text":"Damian Green: in a sense it's a side issue anyway, isn't it","type":"L","timestamp":"2023-11-09 13:10:21"},{"nodeID":"1310646","text":"Analysing","type":"YA","timestamp":"2023-11-09 13:10:21"},{"nodeID":"1310647","text":"Assertive Questioning","type":"YA","timestamp":"2023-11-09 13:10:21"},{"nodeID":"1310648","text":"Default Transition","type":"TA","timestamp":"2023-11-09 13:10:21"},{"nodeID":"1310649","text":"when families are already going cheap, one should xxx","type":"I","timestamp":"2023-11-09 13:10:22"},{"nodeID":"1310650","text":"AudienceMember 20220512QT07: when families are already doing that, where do you go","type":"L","timestamp":"2023-11-09 13:10:22"},{"nodeID":"1310651","text":"Analysing","type":"YA","timestamp":"2023-11-09 13:10:22"},{"nodeID":"1310652","text":"Pure Questioning","type":"YA","timestamp":"2023-11-09 13:10:22"},{"nodeID":"1310653","text":"Default Transition","type":"TA","timestamp":"2023-11-09 13:10:22"},{"nodeID":"1310654","text":"not knowing what to do when the families are already going cheap and still struggling with their budget is why Damian Green went through all those support measures","type":"I","timestamp":"2023-11-09 13:10:23"},{"nodeID":"1310655","text":"Damian Green:  that's why I went through all those support measures","type":"L","timestamp":"2023-11-09 13:10:23"},{"nodeID":"1310656","text":"Analysing","type":"YA","timestamp":"2023-11-09 13:10:23"},{"nodeID":"1310657","text":"Asserting","type":"YA","timestamp":"2023-11-09 13:10:23"},{"nodeID":"1310658","text":"Default Transition","type":"TA","timestamp":"2023-11-09 13:10:23"},{"nodeID":"1310659","text":"Default Rephrase","type":"MA","timestamp":"2023-11-09 13:10:23"},{"nodeID":"1310660","text":"Default Illocuting","type":"YA","timestamp":"2023-11-09 13:10:23"}],"edges":[{"edgeID":"1721057","fromID":"1310583","toID":"1310582","formEdgeID":null},{"edgeID":"1721058","fromID":"1310585","toID":"1310584","formEdgeID":null},{"edgeID":"1721059","fromID":"1310582","toID":"1310586","formEdgeID":null},{"edgeID":"1721060","fromID":"1310586","toID":"1310584","formEdgeID":null},{"edgeID":"1721061","fromID":"1310587","toID":"1310581","formEdgeID":null},{"edgeID":"1721062","fromID":"1310584","toID":"1310587","formEdgeID":null},{"edgeID":"1721063","fromID":"1310590","toID":"1310589","formEdgeID":null},{"edgeID":"1721064","fromID":"1310592","toID":"1310591","formEdgeID":null},{"edgeID":"1721065","fromID":"1310591","toID":"1310593","formEdgeID":null},{"edgeID":"1721066","fromID":"1310593","toID":"1310588","formEdgeID":null},{"edgeID":"1721067","fromID":"1310594","toID":"1310591","formEdgeID":null},{"edgeID":"1721068","fromID":"1310589","toID":"1310594","formEdgeID":null},{"edgeID":"1721069","fromID":"1310582","toID":"1310595","formEdgeID":null},{"edgeID":"1721070","fromID":"1310595","toID":"1310589","formEdgeID":null},{"edgeID":"1721071","fromID":"1310598","toID":"1310597","formEdgeID":null},{"edgeID":"1721072","fromID":"1310597","toID":"1310599","formEdgeID":null},{"edgeID":"1721073","fromID":"1310599","toID":"1310596","formEdgeID":null},{"edgeID":"1721074","fromID":"1310589","toID":"1310600","formEdgeID":null},{"edgeID":"1721075","fromID":"1310600","toID":"1310597","formEdgeID":null},{"edgeID":"1721076","fromID":"1310596","toID":"1310601","formEdgeID":null},{"edgeID":"1721077","fromID":"1310601","toID":"1310588","formEdgeID":null},{"edgeID":"1721078","fromID":"1310600","toID":"1310602","formEdgeID":null},{"edgeID":"1721079","fromID":"1310602","toID":"1310601","formEdgeID":null},{"edgeID":"1721080","fromID":"1310605","toID":"1310604","formEdgeID":null},{"edgeID":"1721081","fromID":"1310604","toID":"1310606","formEdgeID":null},{"edgeID":"1721082","fromID":"1310606","toID":"1310603","formEdgeID":null},{"edgeID":"1721083","fromID":"1310607","toID":"1310604","formEdgeID":null},{"edgeID":"1721084","fromID":"1310597","toID":"1310607","formEdgeID":null},{"edgeID":"1721085","fromID":"1310603","toID":"1310608","formEdgeID":null},{"edgeID":"1721086","fromID":"1310608","toID":"1310596","formEdgeID":null},{"edgeID":"1721087","fromID":"1310609","toID":"1310608","formEdgeID":null},{"edgeID":"1721088","fromID":"1310607","toID":"1310609","formEdgeID":null},{"edgeID":"1721089","fromID":"1310612","toID":"1310611","formEdgeID":null},{"edgeID":"1721090","fromID":"1310614","toID":"1310613","formEdgeID":null},{"edgeID":"1721091","fromID":"1310615","toID":"1310610","formEdgeID":null},{"edgeID":"1721092","fromID":"1310613","toID":"1310615","formEdgeID":null},{"edgeID":"1721093","fromID":"1310616","toID":"1310613","formEdgeID":null},{"edgeID":"1721094","fromID":"1310611","toID":"1310616","formEdgeID":null},{"edgeID":"1721095","fromID":"1310604","toID":"1310617","formEdgeID":null},{"edgeID":"1721096","fromID":"1310617","toID":"1310611","formEdgeID":null},{"edgeID":"1721097","fromID":"1310619","toID":"1310618","formEdgeID":null},{"edgeID":"1721098","fromID":"1310611","toID":"1310620","formEdgeID":null},{"edgeID":"1721099","fromID":"1310620","toID":"1310618","formEdgeID":null},{"edgeID":"1721100","fromID":"1310618","toID":"1310621","formEdgeID":null},{"edgeID":"1721101","fromID":"1310621","toID":"1310613","formEdgeID":null},{"edgeID":"1721102","fromID":"1310624","toID":"1310623","formEdgeID":null},{"edgeID":"1721103","fromID":"1310623","toID":"1310625","formEdgeID":null},{"edgeID":"1721104","fromID":"1310625","toID":"1310622","formEdgeID":null},{"edgeID":"1721105","fromID":"1310626","toID":"1310623","formEdgeID":null},{"edgeID":"1721106","fromID":"1310618","toID":"1310626","formEdgeID":null},{"edgeID":"1721107","fromID":"1310628","toID":"1310627","formEdgeID":null},{"edgeID":"1721108","fromID":"1310630","toID":"1310629","formEdgeID":null},{"edgeID":"1721109","fromID":"1310631","toID":"1310629","formEdgeID":null},{"edgeID":"1721110","fromID":"1310627","toID":"1310631","formEdgeID":null},{"edgeID":"1721111","fromID":"1310623","toID":"1310632","formEdgeID":null},{"edgeID":"1721112","fromID":"1310632","toID":"1310627","formEdgeID":null},{"edgeID":"1721113","fromID":"1310635","toID":"1310610","formEdgeID":null},{"edgeID":"1721114","fromID":"1310633","toID":"1310635","formEdgeID":null},{"edgeID":"1721115","fromID":"1310634","toID":"1310633","formEdgeID":null},{"edgeID":"1721116","fromID":"1310629","toID":"1310636","formEdgeID":null},{"edgeID":"1721117","fromID":"1310636","toID":"1310633","formEdgeID":null},{"edgeID":"1721118","fromID":"1310639","toID":"1310638","formEdgeID":null},{"edgeID":"1721119","fromID":"1310640","toID":"1310637","formEdgeID":null},{"edgeID":"1721120","fromID":"1310638","toID":"1310640","formEdgeID":null},{"edgeID":"1721121","fromID":"1310622","toID":"1310641","formEdgeID":null},{"edgeID":"1721122","fromID":"1310641","toID":"1310637","formEdgeID":null},{"edgeID":"1721123","fromID":"1310623","toID":"1310642","formEdgeID":null},{"edgeID":"1721124","fromID":"1310642","toID":"1310638","formEdgeID":null},{"edgeID":"1721125","fromID":"1310642","toID":"1310643","formEdgeID":null},{"edgeID":"1721126","fromID":"1310643","toID":"1310641","formEdgeID":null},{"edgeID":"1721127","fromID":"1310646","toID":"1310645","formEdgeID":null},{"edgeID":"1721128","fromID":"1310647","toID":"1310644","formEdgeID":null},{"edgeID":"1721129","fromID":"1310645","toID":"1310647","formEdgeID":null},{"edgeID":"1721130","fromID":"1310638","toID":"1310648","formEdgeID":null},{"edgeID":"1721131","fromID":"1310648","toID":"1310645","formEdgeID":null},{"edgeID":"1721132","fromID":"1310651","toID":"1310650","formEdgeID":null},{"edgeID":"1721133","fromID":"1310652","toID":"1310649","formEdgeID":null},{"edgeID":"1721134","fromID":"1310650","toID":"1310652","formEdgeID":null},{"edgeID":"1721135","fromID":"1310645","toID":"1310653","formEdgeID":null},{"edgeID":"1721136","fromID":"1310653","toID":"1310650","formEdgeID":null},{"edgeID":"1721137","fromID":"1310656","toID":"1310655","formEdgeID":null},{"edgeID":"1721138","fromID":"1310655","toID":"1310657","formEdgeID":null},{"edgeID":"1721139","fromID":"1310657","toID":"1310654","formEdgeID":null},{"edgeID":"1721140","fromID":"1310650","toID":"1310658","formEdgeID":null},{"edgeID":"1721141","fromID":"1310658","toID":"1310655","formEdgeID":null},{"edgeID":"1721142","fromID":"1310654","toID":"1310659","formEdgeID":null},{"edgeID":"1721143","fromID":"1310659","toID":"1310649","formEdgeID":null},{"edgeID":"1721144","fromID":"1310658","toID":"1310660","formEdgeID":null},{"edgeID":"1721145","fromID":"1310660","toID":"1310659","formEdgeID":null}],"locutions":[]}