{"nodes":[{"nodeID":"1152037","text":"AudienceMember 20220505QT21 agrees with just what was said about the beergate versus partygate","type":"I","timestamp":"2023-04-21 13:21:40"},{"nodeID":"1152042","text":"it just feels to AudienceMember 20220505QT21 at the moment like every politician, or it feels like that, has actually been doing something maybe that they shouldn't have been","type":"I","timestamp":"2023-04-21 13:21:43"},{"nodeID":"1152048","text":"AudienceMember 20220505QT21 is not saying that we can just forgive and forget","type":"I","timestamp":"2023-04-21 13:21:46"},{"nodeID":"1152054","text":"we do need to probably move on from it","type":"I","timestamp":"2023-04-21 13:21:49"},{"nodeID":"1152060","text":"it would be so much better in AudienceMember 20220505QT21's opinion if they just put their hands up when they've been caught out, rather than trying to say it was a work meeting","type":"I","timestamp":"2023-04-21 13:21:51"},{"nodeID":"1152066","text":"AudienceMember 20220505QT21 doesn't personally have work meetings at ten o'clock at night with beer or birthday cake","type":"I","timestamp":"2023-04-21 13:21:54"},{"nodeID":"1152072","text":"actually just say they are sorry, they got it wrong","type":"I","timestamp":"2023-04-21 13:21:57"},{"nodeID":"1152077","text":"people would probably be a lot more willing to forgive and forget then","type":"I","timestamp":"2023-04-21 13:22:00"},{"nodeID":"1152094","text":"Kier Starmer should or shouldn't be saying sorry","type":"I","timestamp":"2023-04-21 13:22:03"},{"nodeID":"1152100","text":"there was a big difference between the two events","type":"I","timestamp":"2023-04-21 13:22:06"},{"nodeID":"1152106","text":"Keir last year was during the local elections campaigning, he broke to eat and then carried on working afterwards","type":"I","timestamp":"2023-04-21 13:22:09"},{"nodeID":"1152112","text":"Louise Haigh has been campaigning today and for the last few weeks during the local elections","type":"I","timestamp":"2023-04-21 13:22:12"},{"nodeID":"1152118","text":"the Durham police investigated it at the time and found no rules were broken","type":"I","timestamp":"2023-04-21 13:22:15"},{"nodeID":"1152123","text":"compare that to the Metropolitan Police having to investigate Downing Street","type":"I","timestamp":"2023-04-21 13:22:19"},{"nodeID":"1152128","text":"Sue Gray's report found hundreds of pieces of evidence of law breaking that has led to already 50 criminal fines, making number ten Downing Street the most fined workplace in Britain","type":"I","timestamp":"2023-04-21 13:22:22"},{"nodeID":"1311663","text":"AudienceMember 20220512QT21: I agree with just what was said about the beergate versus partygate","type":"L","timestamp":"2023-11-09 13:11:45"},{"nodeID":"1311664","text":"Analysing","type":"YA","timestamp":"2023-11-09 13:11:45"},{"nodeID":"1311665","text":"Nicole: AudienceMember 20220512QT21: I agree with just what was said about the beergate versus partygate","type":"L","timestamp":"2023-11-09 13:11:45"},{"nodeID":"1311666","text":"Asserting","type":"YA","timestamp":"2023-11-09 13:11:45"},{"nodeID":"1311667","text":"AudienceMember 20220512QT21: It just feels to me at the moment like every politician, or it feels like that, has actually been doing something maybe that they shouldn't have been","type":"L","timestamp":"2023-11-09 13:11:45"},{"nodeID":"1311668","text":"Analysing","type":"YA","timestamp":"2023-11-09 13:11:45"},{"nodeID":"1311669","text":"Nicole: AudienceMember 20220512QT21: It just feels to me at the moment like every politician, or it feels like that, has actually been doing something maybe that they shouldn't have been","type":"L","timestamp":"2023-11-09 13:11:45"},{"nodeID":"1311670","text":"Asserting","type":"YA","timestamp":"2023-11-09 13:11:45"},{"nodeID":"1311671","text":"Default Transition","type":"TA","timestamp":"2023-11-09 13:11:45"},{"nodeID":"1311672","text":"AudienceMember 20220512QT21: I'm not saying that we can just forgive and forget","type":"L","timestamp":"2023-11-09 13:11:46"},{"nodeID":"1311673","text":"Analysing","type":"YA","timestamp":"2023-11-09 13:11:46"},{"nodeID":"1311674","text":"Nicole: AudienceMember 20220512QT21: I'm not saying that we can just forgive and forget","type":"L","timestamp":"2023-11-09 13:11:46"},{"nodeID":"1311675","text":"Asserting","type":"YA","timestamp":"2023-11-09 13:11:46"},{"nodeID":"1311676","text":"Default Transition","type":"TA","timestamp":"2023-11-09 13:11:46"},{"nodeID":"1311677","text":"AudienceMember 20220512QT21: we do need to probably move on from it","type":"L","timestamp":"2023-11-09 13:11:47"},{"nodeID":"1311678","text":"Analysing","type":"YA","timestamp":"2023-11-09 13:11:47"},{"nodeID":"1311679","text":"Nicole: AudienceMember 20220512QT21: we do need to probably move on from it","type":"L","timestamp":"2023-11-09 13:11:47"},{"nodeID":"1311680","text":"Asserting","type":"YA","timestamp":"2023-11-09 13:11:47"},{"nodeID":"1311681","text":"Default Transition","type":"TA","timestamp":"2023-11-09 13:11:47"},{"nodeID":"1311682","text":"AudienceMember 20220512QT21: it would be so much better in my opinion if they just put their hands up when they've been caught out, rather than trying to say it was a work meeting","type":"L","timestamp":"2023-11-09 13:11:47"},{"nodeID":"1311683","text":"Analysing","type":"YA","timestamp":"2023-11-09 13:11:47"},{"nodeID":"1311684","text":"Nicole: AudienceMember 20220512QT21: it would be so much better in my opinion if they just put their hands up when they've been caught out, rather than trying to say it was a work meeting","type":"L","timestamp":"2023-11-09 13:11:47"},{"nodeID":"1311685","text":"Asserting","type":"YA","timestamp":"2023-11-09 13:11:47"},{"nodeID":"1311686","text":"Default Transition","type":"TA","timestamp":"2023-11-09 13:11:47"},{"nodeID":"1311687","text":"AudienceMember 20220512QT21: I don't personally have work meetings at ten o'clock at night with beer or birthday cake","type":"L","timestamp":"2023-11-09 13:11:48"},{"nodeID":"1311688","text":"Analysing","type":"YA","timestamp":"2023-11-09 13:11:48"},{"nodeID":"1311689","text":"Nicole: AudienceMember 20220512QT21: I don't personally have work meetings at ten o'clock at night with beer or birthday cake","type":"L","timestamp":"2023-11-09 13:11:48"},{"nodeID":"1311690","text":"Asserting","type":"YA","timestamp":"2023-11-09 13:11:48"},{"nodeID":"1311691","text":"Default Transition","type":"TA","timestamp":"2023-11-09 13:11:48"},{"nodeID":"1311692","text":"AudienceMember 20220512QT21: actually just say I'm sorry, I got it wrong","type":"L","timestamp":"2023-11-09 13:11:48"},{"nodeID":"1311693","text":"Analysing","type":"YA","timestamp":"2023-11-09 13:11:48"},{"nodeID":"1311694","text":"Nicole: AudienceMember 20220512QT21: actually just say I'm sorry, I got it wrong","type":"L","timestamp":"2023-11-09 13:11:48"},{"nodeID":"1311695","text":"Asserting","type":"YA","timestamp":"2023-11-09 13:11:48"},{"nodeID":"1311696","text":"AudienceMember 20220512QT21: people would probably be a lot more willing to forgive and forget then","type":"L","timestamp":"2023-11-09 13:11:49"},{"nodeID":"1311697","text":"Analysing","type":"YA","timestamp":"2023-11-09 13:11:49"},{"nodeID":"1311698","text":"Nicole: AudienceMember 20220512QT21: people would probably be a lot more willing to forgive and forget then","type":"L","timestamp":"2023-11-09 13:11:49"},{"nodeID":"1311699","text":"Asserting","type":"YA","timestamp":"2023-11-09 13:11:49"},{"nodeID":"1311700","text":"Default Transition","type":"TA","timestamp":"2023-11-09 13:11:49"},{"nodeID":"1311701","text":"Default Inference","type":"RA","timestamp":"2023-11-09 13:11:49"},{"nodeID":"1311702","text":"Arguing","type":"YA","timestamp":"2023-11-09 13:11:49"},{"nodeID":"1311703","text":"Default Inference","type":"RA","timestamp":"2023-11-09 13:11:49"},{"nodeID":"1311704","text":"Arguing","type":"YA","timestamp":"2023-11-09 13:11:49"},{"nodeID":"1311705","text":"Default Transition","type":"TA","timestamp":"2023-11-09 13:11:49"},{"nodeID":"1311706","text":"Default Rephrase","type":"MA","timestamp":"2023-11-09 13:11:49"},{"nodeID":"1311707","text":"Restating","type":"YA","timestamp":"2023-11-09 13:11:49"},{"nodeID":"1311708","text":"Default Inference","type":"RA","timestamp":"2023-11-09 13:11:49"},{"nodeID":"1311709","text":"Arguing","type":"YA","timestamp":"2023-11-09 13:11:49"},{"nodeID":"1311710","text":"Default Conflict","type":"CA","timestamp":"2023-11-09 13:11:49"},{"nodeID":"1311711","text":"Disagreeing","type":"YA","timestamp":"2023-11-09 13:11:49"},{"nodeID":"1311712","text":"Fiona Bruce: Should Kier Starmer be saying sorry","type":"L","timestamp":"2023-11-09 13:11:49"},{"nodeID":"1311713","text":"Analysing","type":"YA","timestamp":"2023-11-09 13:11:49"},{"nodeID":"1311714","text":"Nicole: Fiona Bruce: Should Kier Starmer be saying sorry","type":"L","timestamp":"2023-11-09 13:11:49"},{"nodeID":"1311715","text":"Pure Questioning","type":"YA","timestamp":"2023-11-09 13:11:49"},{"nodeID":"1311716","text":"Default Transition","type":"TA","timestamp":"2023-11-09 13:11:49"},{"nodeID":"1311717","text":"Louise Haigh: there was a big difference between the two events","type":"L","timestamp":"2023-11-09 13:11:50"},{"nodeID":"1311718","text":"Analysing","type":"YA","timestamp":"2023-11-09 13:11:50"},{"nodeID":"1311719","text":"Nicole: Louise Haigh: there was a big difference between the two events","type":"L","timestamp":"2023-11-09 13:11:50"},{"nodeID":"1311720","text":"Asserting","type":"YA","timestamp":"2023-11-09 13:11:50"},{"nodeID":"1311721","text":"Default Transition","type":"TA","timestamp":"2023-11-09 13:11:50"},{"nodeID":"1311722","text":"Louise Haigh: Keir last year was during the local elections campaigning, like I've been doing today and for the last few weeks, he broke to eat and then carried on working afterwards","type":"L","timestamp":"2023-11-09 13:11:51"},{"nodeID":"1311723","text":"Analysing","type":"YA","timestamp":"2023-11-09 13:11:51"},{"nodeID":"1311724","text":"Nicole: Louise Haigh: Keir last year was during the local elections campaigning, like I've been doing today and for the last few weeks, he broke to eat and then carried on working afterwards","type":"L","timestamp":"2023-11-09 13:11:51"},{"nodeID":"1311725","text":"Asserting","type":"YA","timestamp":"2023-11-09 13:11:51"},{"nodeID":"1311726","text":"Default Transition","type":"TA","timestamp":"2023-11-09 13:11:51"},{"nodeID":"1311727","text":"Louise Haigh: like I've been doing today and for the last few weeks","type":"L","timestamp":"2023-11-09 13:11:51"},{"nodeID":"1311728","text":"Analysing","type":"YA","timestamp":"2023-11-09 13:11:51"},{"nodeID":"1311729","text":"Nicole: Louise Haigh: like I've been doing today and for the last few weeks","type":"L","timestamp":"2023-11-09 13:11:51"},{"nodeID":"1311730","text":"Asserting","type":"YA","timestamp":"2023-11-09 13:11:51"},{"nodeID":"1311731","text":"Default Transition","type":"TA","timestamp":"2023-11-09 13:11:51"},{"nodeID":"1311732","text":"Louise Haigh: The Durham police investigated it at the time and found no rules were broken","type":"L","timestamp":"2023-11-09 13:11:52"},{"nodeID":"1311733","text":"Analysing","type":"YA","timestamp":"2023-11-09 13:11:52"},{"nodeID":"1311734","text":"Nicole: Louise Haigh: The Durham police investigated it at the time and found no rules were broken","type":"L","timestamp":"2023-11-09 13:11:52"},{"nodeID":"1311735","text":"Asserting","type":"YA","timestamp":"2023-11-09 13:11:52"},{"nodeID":"1311736","text":"Louise Haigh: Compare that to the Metropolitan Police having to investigate Downing Street","type":"L","timestamp":"2023-11-09 13:11:52"},{"nodeID":"1311737","text":"Analysing","type":"YA","timestamp":"2023-11-09 13:11:52"},{"nodeID":"1311738","text":"Nicole: Louise Haigh: Compare that to the Metropolitan Police having to investigate Downing Street","type":"L","timestamp":"2023-11-09 13:11:52"},{"nodeID":"1311739","text":"Asserting","type":"YA","timestamp":"2023-11-09 13:11:52"},{"nodeID":"1311740","text":"Louise Haigh: Sue Gray's report found hundreds of pieces of evidence of law breaking that has led to already 50 criminal fines, making number ten Downing Street the most fined workplace in Britain","type":"L","timestamp":"2023-11-09 13:11:53"},{"nodeID":"1311741","text":"Analysing","type":"YA","timestamp":"2023-11-09 13:11:53"},{"nodeID":"1311742","text":"Nicole: Louise Haigh: Sue Gray's report found hundreds of pieces of evidence of law breaking that has led to already 50 criminal fines, making number ten Downing Street the most fined workplace in Britain","type":"L","timestamp":"2023-11-09 13:11:53"},{"nodeID":"1311743","text":"Asserting","type":"YA","timestamp":"2023-11-09 13:11:53"},{"nodeID":"1311744","text":"Default Transition","type":"TA","timestamp":"2023-11-09 13:11:53"},{"nodeID":"1311745","text":"Default Inference","type":"RA","timestamp":"2023-11-09 13:11:53"},{"nodeID":"1311746","text":"Arguing","type":"YA","timestamp":"2023-11-09 13:11:53"},{"nodeID":"1311747","text":"Default Inference","type":"RA","timestamp":"2023-11-09 13:11:53"},{"nodeID":"1311748","text":"Default Transition","type":"TA","timestamp":"2023-11-09 13:11:53"},{"nodeID":"1311749","text":"Default Transition","type":"TA","timestamp":"2023-11-09 13:11:53"},{"nodeID":"1311750","text":"Arguing","type":"YA","timestamp":"2023-11-09 13:11:53"},{"nodeID":"1311751","text":"Default Rephrase","type":"MA","timestamp":"2023-11-09 13:11:53"},{"nodeID":"1311752","text":"Default Illocuting","type":"YA","timestamp":"2023-11-09 13:11:53"}],"edges":[{"edgeID":"1722359","fromID":"1311664","toID":"1311663","formEdgeID":null},{"edgeID":"1722360","fromID":"1311665","toID":"1311664","formEdgeID":null},{"edgeID":"1722361","fromID":"1311663","toID":"1311666","formEdgeID":null},{"edgeID":"1722362","fromID":"1311666","toID":"1152037","formEdgeID":null},{"edgeID":"1722363","fromID":"1311668","toID":"1311667","formEdgeID":null},{"edgeID":"1722364","fromID":"1311669","toID":"1311668","formEdgeID":null},{"edgeID":"1722365","fromID":"1311667","toID":"1311670","formEdgeID":null},{"edgeID":"1722366","fromID":"1311670","toID":"1152042","formEdgeID":null},{"edgeID":"1722367","fromID":"1311663","toID":"1311671","formEdgeID":null},{"edgeID":"1722368","fromID":"1311671","toID":"1311667","formEdgeID":null},{"edgeID":"1722369","fromID":"1311673","toID":"1311672","formEdgeID":null},{"edgeID":"1722370","fromID":"1311674","toID":"1311673","formEdgeID":null},{"edgeID":"1722371","fromID":"1311672","toID":"1311675","formEdgeID":null},{"edgeID":"1722372","fromID":"1311675","toID":"1152048","formEdgeID":null},{"edgeID":"1722373","fromID":"1311667","toID":"1311676","formEdgeID":null},{"edgeID":"1722374","fromID":"1311676","toID":"1311672","formEdgeID":null},{"edgeID":"1722375","fromID":"1311678","toID":"1311677","formEdgeID":null},{"edgeID":"1722376","fromID":"1311679","toID":"1311678","formEdgeID":null},{"edgeID":"1722377","fromID":"1311677","toID":"1311680","formEdgeID":null},{"edgeID":"1722378","fromID":"1311680","toID":"1152054","formEdgeID":null},{"edgeID":"1722379","fromID":"1311672","toID":"1311681","formEdgeID":null},{"edgeID":"1722380","fromID":"1311681","toID":"1311677","formEdgeID":null},{"edgeID":"1722381","fromID":"1311683","toID":"1311682","formEdgeID":null},{"edgeID":"1722382","fromID":"1311684","toID":"1311683","formEdgeID":null},{"edgeID":"1722383","fromID":"1311682","toID":"1311685","formEdgeID":null},{"edgeID":"1722384","fromID":"1311685","toID":"1152060","formEdgeID":null},{"edgeID":"1722385","fromID":"1311677","toID":"1311686","formEdgeID":null},{"edgeID":"1722386","fromID":"1311686","toID":"1311682","formEdgeID":null},{"edgeID":"1722387","fromID":"1311688","toID":"1311687","formEdgeID":null},{"edgeID":"1722388","fromID":"1311689","toID":"1311688","formEdgeID":null},{"edgeID":"1722389","fromID":"1311687","toID":"1311690","formEdgeID":null},{"edgeID":"1722390","fromID":"1311690","toID":"1152066","formEdgeID":null},{"edgeID":"1722391","fromID":"1311682","toID":"1311691","formEdgeID":null},{"edgeID":"1722392","fromID":"1311691","toID":"1311687","formEdgeID":null},{"edgeID":"1722393","fromID":"1311693","toID":"1311692","formEdgeID":null},{"edgeID":"1722394","fromID":"1311694","toID":"1311693","formEdgeID":null},{"edgeID":"1722395","fromID":"1311692","toID":"1311695","formEdgeID":null},{"edgeID":"1722396","fromID":"1311695","toID":"1152072","formEdgeID":null},{"edgeID":"1722397","fromID":"1311697","toID":"1311696","formEdgeID":null},{"edgeID":"1722398","fromID":"1311698","toID":"1311697","formEdgeID":null},{"edgeID":"1722399","fromID":"1311696","toID":"1311699","formEdgeID":null},{"edgeID":"1722400","fromID":"1311699","toID":"1152077","formEdgeID":null},{"edgeID":"1722401","fromID":"1311692","toID":"1311700","formEdgeID":null},{"edgeID":"1722402","fromID":"1311700","toID":"1311696","formEdgeID":null},{"edgeID":"1722403","fromID":"1152072","toID":"1311701","formEdgeID":null},{"edgeID":"1722404","fromID":"1311701","toID":"1152077","formEdgeID":null},{"edgeID":"1722405","fromID":"1311700","toID":"1311702","formEdgeID":null},{"edgeID":"1722406","fromID":"1311702","toID":"1311701","formEdgeID":null},{"edgeID":"1722407","fromID":"1152066","toID":"1311703","formEdgeID":null},{"edgeID":"1722408","fromID":"1311703","toID":"1152060","formEdgeID":null},{"edgeID":"1722409","fromID":"1311691","toID":"1311704","formEdgeID":null},{"edgeID":"1722410","fromID":"1311704","toID":"1311703","formEdgeID":null},{"edgeID":"1722411","fromID":"1311682","toID":"1311705","formEdgeID":null},{"edgeID":"1722412","fromID":"1311705","toID":"1311692","formEdgeID":null},{"edgeID":"1722413","fromID":"1152072","toID":"1311706","formEdgeID":null},{"edgeID":"1722414","fromID":"1311706","toID":"1152060","formEdgeID":null},{"edgeID":"1722415","fromID":"1311705","toID":"1311707","formEdgeID":null},{"edgeID":"1722416","fromID":"1311707","toID":"1311706","formEdgeID":null},{"edgeID":"1722417","fromID":"1152042","toID":"1311708","formEdgeID":null},{"edgeID":"1722418","fromID":"1311708","toID":"1152037","formEdgeID":null},{"edgeID":"1722419","fromID":"1311671","toID":"1311709","formEdgeID":null},{"edgeID":"1722420","fromID":"1311709","toID":"1311708","formEdgeID":null},{"edgeID":"1722421","fromID":"1152054","toID":"1311710","formEdgeID":null},{"edgeID":"1722422","fromID":"1311710","toID":"1152048","formEdgeID":null},{"edgeID":"1722423","fromID":"1311681","toID":"1311711","formEdgeID":null},{"edgeID":"1722424","fromID":"1311711","toID":"1311710","formEdgeID":null},{"edgeID":"1722425","fromID":"1311713","toID":"1311712","formEdgeID":null},{"edgeID":"1722426","fromID":"1311714","toID":"1311713","formEdgeID":null},{"edgeID":"1722427","fromID":"1311712","toID":"1311715","formEdgeID":null},{"edgeID":"1722428","fromID":"1311715","toID":"1152094","formEdgeID":null},{"edgeID":"1722429","fromID":"1311696","toID":"1311716","formEdgeID":null},{"edgeID":"1722430","fromID":"1311716","toID":"1311712","formEdgeID":null},{"edgeID":"1722431","fromID":"1311718","toID":"1311717","formEdgeID":null},{"edgeID":"1722432","fromID":"1311719","toID":"1311718","formEdgeID":null},{"edgeID":"1722433","fromID":"1311717","toID":"1311720","formEdgeID":null},{"edgeID":"1722434","fromID":"1311720","toID":"1152100","formEdgeID":null},{"edgeID":"1722435","fromID":"1311712","toID":"1311721","formEdgeID":null},{"edgeID":"1722436","fromID":"1311721","toID":"1311717","formEdgeID":null},{"edgeID":"1722437","fromID":"1311723","toID":"1311722","formEdgeID":null},{"edgeID":"1722438","fromID":"1311724","toID":"1311723","formEdgeID":null},{"edgeID":"1722439","fromID":"1311722","toID":"1311725","formEdgeID":null},{"edgeID":"1722440","fromID":"1311725","toID":"1152106","formEdgeID":null},{"edgeID":"1722441","fromID":"1311717","toID":"1311726","formEdgeID":null},{"edgeID":"1722442","fromID":"1311726","toID":"1311722","formEdgeID":null},{"edgeID":"1722443","fromID":"1311728","toID":"1311727","formEdgeID":null},{"edgeID":"1722444","fromID":"1311729","toID":"1311728","formEdgeID":null},{"edgeID":"1722445","fromID":"1311727","toID":"1311730","formEdgeID":null},{"edgeID":"1722446","fromID":"1311730","toID":"1152112","formEdgeID":null},{"edgeID":"1722447","fromID":"1311722","toID":"1311731","formEdgeID":null},{"edgeID":"1722448","fromID":"1311731","toID":"1311727","formEdgeID":null},{"edgeID":"1722449","fromID":"1311733","toID":"1311732","formEdgeID":null},{"edgeID":"1722450","fromID":"1311734","toID":"1311733","formEdgeID":null},{"edgeID":"1722451","fromID":"1311732","toID":"1311735","formEdgeID":null},{"edgeID":"1722452","fromID":"1311735","toID":"1152118","formEdgeID":null},{"edgeID":"1722453","fromID":"1311737","toID":"1311736","formEdgeID":null},{"edgeID":"1722454","fromID":"1311738","toID":"1311737","formEdgeID":null},{"edgeID":"1722455","fromID":"1311736","toID":"1311739","formEdgeID":null},{"edgeID":"1722456","fromID":"1311739","toID":"1152123","formEdgeID":null},{"edgeID":"1722457","fromID":"1311741","toID":"1311740","formEdgeID":null},{"edgeID":"1722458","fromID":"1311742","toID":"1311741","formEdgeID":null},{"edgeID":"1722459","fromID":"1311740","toID":"1311743","formEdgeID":null},{"edgeID":"1722460","fromID":"1311743","toID":"1152128","formEdgeID":null},{"edgeID":"1722461","fromID":"1311736","toID":"1311744","formEdgeID":null},{"edgeID":"1722462","fromID":"1311744","toID":"1311740","formEdgeID":null},{"edgeID":"1722463","fromID":"1152128","toID":"1311745","formEdgeID":null},{"edgeID":"1722464","fromID":"1311745","toID":"1152123","formEdgeID":null},{"edgeID":"1722465","fromID":"1311744","toID":"1311746","formEdgeID":null},{"edgeID":"1722466","fromID":"1311746","toID":"1311745","formEdgeID":null},{"edgeID":"1722467","fromID":"1152118","toID":"1311747","formEdgeID":null},{"edgeID":"1722468","fromID":"1311747","toID":"1152100","formEdgeID":null},{"edgeID":"1722469","fromID":"1152123","toID":"1311747","formEdgeID":null},{"edgeID":"1722470","fromID":"1311717","toID":"1311748","formEdgeID":null},{"edgeID":"1722471","fromID":"1311748","toID":"1311732","formEdgeID":null},{"edgeID":"1722472","fromID":"1311717","toID":"1311749","formEdgeID":null},{"edgeID":"1722473","fromID":"1311749","toID":"1311736","formEdgeID":null},{"edgeID":"1722474","fromID":"1311749","toID":"1311750","formEdgeID":null},{"edgeID":"1722475","fromID":"1311750","toID":"1311747","formEdgeID":null},{"edgeID":"1722476","fromID":"1152100","toID":"1311751","formEdgeID":null},{"edgeID":"1722477","fromID":"1311751","toID":"1152094","formEdgeID":null},{"edgeID":"1722478","fromID":"1311721","toID":"1311752","formEdgeID":null},{"edgeID":"1722479","fromID":"1311752","toID":"1311751","formEdgeID":null}],"locutions":[]}