{"nodes":[{"nodeID":"1313913","text":"Wilfred Emmanuel-Jones makes a really interesting point","type":"I","timestamp":"2023-11-09 13:15:05"},{"nodeID":"1313914","text":"Damian Green: Wilfred makes a really interesting point","type":"L","timestamp":"2023-11-09 13:15:05"},{"nodeID":"1313915","text":"Analysing","type":"YA","timestamp":"2023-11-09 13:15:05"},{"nodeID":"1313916","text":"Steffi: Damian Green: Wilfred makes a really interesting point","type":"L","timestamp":"2023-11-09 13:15:05"},{"nodeID":"1313917","text":"Asserting","type":"YA","timestamp":"2023-11-09 13:15:05"},{"nodeID":"1313918","text":"Damian Green would pick up on Charlotte's point about who makes the decision","type":"I","timestamp":"2023-11-09 13:15:06"},{"nodeID":"1313919","text":"Damian Green: I would pick up on Charlotte's point about who makes the decision","type":"L","timestamp":"2023-11-09 13:15:06"},{"nodeID":"1313920","text":"Analysing","type":"YA","timestamp":"2023-11-09 13:15:06"},{"nodeID":"1313921","text":"Steffi: Damian Green: I would pick up on Charlotte's point about who makes the decision","type":"L","timestamp":"2023-11-09 13:15:06"},{"nodeID":"1313922","text":"Asserting","type":"YA","timestamp":"2023-11-09 13:15:06"},{"nodeID":"1313923","text":"Default Transition","type":"TA","timestamp":"2023-11-09 13:15:06"},{"nodeID":"1313924","text":"all our instincts and emotions would be the same","type":"I","timestamp":"2023-11-09 13:15:07"},{"nodeID":"1313925","text":"Damian Green: all our instincts and emotions would be the same","type":"L","timestamp":"2023-11-09 13:15:07"},{"nodeID":"1313926","text":"Analysing","type":"YA","timestamp":"2023-11-09 13:15:07"},{"nodeID":"1313927","text":"Steffi: Damian Green: all our instincts and emotions would be the same","type":"L","timestamp":"2023-11-09 13:15:07"},{"nodeID":"1313928","text":"Asserting","type":"YA","timestamp":"2023-11-09 13:15:07"},{"nodeID":"1313929","text":"Default Transition","type":"TA","timestamp":"2023-11-09 13:15:07"},{"nodeID":"1313930","text":"Default Inference","type":"RA","timestamp":"2023-11-09 13:15:07"},{"nodeID":"1313931","text":"Arguing","type":"YA","timestamp":"2023-11-09 13:15:07"},{"nodeID":"1313932","text":"Default Conflict","type":"CA","timestamp":"2023-11-09 13:15:07"},{"nodeID":"1313933","text":"Disagreeing","type":"YA","timestamp":"2023-11-09 13:15:07"},{"nodeID":"1313934","text":"it's such a horrible crime","type":"I","timestamp":"2023-11-09 13:15:07"},{"nodeID":"1313935","text":"Damian Green: It's such a horrible crime","type":"L","timestamp":"2023-11-09 13:15:07"},{"nodeID":"1313936","text":"Analysing","type":"YA","timestamp":"2023-11-09 13:15:07"},{"nodeID":"1313937","text":"Steffi: Damian Green: It's such a horrible crime","type":"L","timestamp":"2023-11-09 13:15:07"},{"nodeID":"1313938","text":"Asserting","type":"YA","timestamp":"2023-11-09 13:15:07"},{"nodeID":"1313939","text":"Default Transition","type":"TA","timestamp":"2023-11-09 13:15:07"},{"nodeID":"1313940","text":"is it possible to imagine that this woman could achieve redemption in a way that would allow it to be acceptable for her to lead the rest of her life in as normal a way as possible","type":"I","timestamp":"2023-11-09 13:15:08"},{"nodeID":"1313941","text":"Damian Green: is it possible to imagine that this woman could achieve redemption in a way that would allow it to be acceptable for her to lead the rest of her life in as normal a way as possible","type":"L","timestamp":"2023-11-09 13:15:08"},{"nodeID":"1313942","text":"Analysing","type":"YA","timestamp":"2023-11-09 13:15:08"},{"nodeID":"1313943","text":"Steffi: Damian Green: is it possible to imagine that this woman could achieve redemption in a way that would allow it to be acceptable for her to lead the rest of her life in as normal a way as possible","type":"L","timestamp":"2023-11-09 13:15:08"},{"nodeID":"1313944","text":"Asserting","type":"YA","timestamp":"2023-11-09 13:15:08"},{"nodeID":"1313945","text":"Default Transition","type":"TA","timestamp":"2023-11-09 13:15:08"},{"nodeID":"1313946","text":"Default Inference","type":"RA","timestamp":"2023-11-09 13:15:08"},{"nodeID":"1313947","text":"Arguing","type":"YA","timestamp":"2023-11-09 13:15:08"},{"nodeID":"1313948","text":"Damian Green thinks xxx of the Justice Secretary's suggestion that there could be a ministerial check for the most serious offenders","type":"I","timestamp":"2023-11-09 13:15:08"},{"nodeID":"1313949","text":"Fiona Bruce: what do you think of the Justice Secretary's suggestion that there could be a ministerial check for the most serious offenders","type":"L","timestamp":"2023-11-09 13:15:08"},{"nodeID":"1313950","text":"Analysing","type":"YA","timestamp":"2023-11-09 13:15:08"},{"nodeID":"1313951","text":"Steffi: Fiona Bruce: what do you think of the Justice Secretary's suggestion that there could be a ministerial check for the most serious offenders","type":"L","timestamp":"2023-11-09 13:15:08"},{"nodeID":"1313952","text":"Pure Questioning","type":"YA","timestamp":"2023-11-09 13:15:08"},{"nodeID":"1313953","text":"Default Transition","type":"TA","timestamp":"2023-11-09 13:15:08"}],"edges":[{"edgeID":"1725087","fromID":"1313915","toID":"1313914","formEdgeID":null},{"edgeID":"1725088","fromID":"1313916","toID":"1313915","formEdgeID":null},{"edgeID":"1725089","fromID":"1313914","toID":"1313917","formEdgeID":null},{"edgeID":"1725090","fromID":"1313917","toID":"1313913","formEdgeID":null},{"edgeID":"1725091","fromID":"1313920","toID":"1313919","formEdgeID":null},{"edgeID":"1725092","fromID":"1313921","toID":"1313920","formEdgeID":null},{"edgeID":"1725093","fromID":"1313919","toID":"1313922","formEdgeID":null},{"edgeID":"1725094","fromID":"1313922","toID":"1313918","formEdgeID":null},{"edgeID":"1725095","fromID":"1313914","toID":"1313923","formEdgeID":null},{"edgeID":"1725096","fromID":"1313923","toID":"1313919","formEdgeID":null},{"edgeID":"1725097","fromID":"1313926","toID":"1313925","formEdgeID":null},{"edgeID":"1725098","fromID":"1313927","toID":"1313926","formEdgeID":null},{"edgeID":"1725099","fromID":"1313925","toID":"1313928","formEdgeID":null},{"edgeID":"1725100","fromID":"1313928","toID":"1313924","formEdgeID":null},{"edgeID":"1725101","fromID":"1313919","toID":"1313929","formEdgeID":null},{"edgeID":"1725102","fromID":"1313929","toID":"1313925","formEdgeID":null},{"edgeID":"1725103","fromID":"1313918","toID":"1313930","formEdgeID":null},{"edgeID":"1725104","fromID":"1313930","toID":"1313924","formEdgeID":null},{"edgeID":"1725105","fromID":"1313929","toID":"1313931","formEdgeID":null},{"edgeID":"1725106","fromID":"1313931","toID":"1313930","formEdgeID":null},{"edgeID":"1725107","fromID":"1313918","toID":"1313932","formEdgeID":null},{"edgeID":"1725108","fromID":"1313932","toID":"1313913","formEdgeID":null},{"edgeID":"1725109","fromID":"1313923","toID":"1313933","formEdgeID":null},{"edgeID":"1725110","fromID":"1313933","toID":"1313932","formEdgeID":null},{"edgeID":"1725111","fromID":"1313936","toID":"1313935","formEdgeID":null},{"edgeID":"1725112","fromID":"1313937","toID":"1313936","formEdgeID":null},{"edgeID":"1725113","fromID":"1313935","toID":"1313938","formEdgeID":null},{"edgeID":"1725114","fromID":"1313938","toID":"1313934","formEdgeID":null},{"edgeID":"1725115","fromID":"1313925","toID":"1313939","formEdgeID":null},{"edgeID":"1725116","fromID":"1313939","toID":"1313935","formEdgeID":null},{"edgeID":"1725117","fromID":"1313942","toID":"1313941","formEdgeID":null},{"edgeID":"1725118","fromID":"1313943","toID":"1313942","formEdgeID":null},{"edgeID":"1725119","fromID":"1313941","toID":"1313944","formEdgeID":null},{"edgeID":"1725120","fromID":"1313944","toID":"1313940","formEdgeID":null},{"edgeID":"1725121","fromID":"1313935","toID":"1313945","formEdgeID":null},{"edgeID":"1725122","fromID":"1313945","toID":"1313941","formEdgeID":null},{"edgeID":"1725123","fromID":"1313940","toID":"1313946","formEdgeID":null},{"edgeID":"1725124","fromID":"1313946","toID":"1313934","formEdgeID":null},{"edgeID":"1725125","fromID":"1313945","toID":"1313947","formEdgeID":null},{"edgeID":"1725126","fromID":"1313947","toID":"1313946","formEdgeID":null},{"edgeID":"1725127","fromID":"1313950","toID":"1313949","formEdgeID":null},{"edgeID":"1725128","fromID":"1313951","toID":"1313950","formEdgeID":null},{"edgeID":"1725129","fromID":"1313949","toID":"1313952","formEdgeID":null},{"edgeID":"1725130","fromID":"1313952","toID":"1313948","formEdgeID":null},{"edgeID":"1725131","fromID":"1313941","toID":"1313953","formEdgeID":null},{"edgeID":"1725132","fromID":"1313953","toID":"1313949","formEdgeID":null}],"locutions":[]}