{"nodes":[{"nodeID":"1314526","text":"Fiona Bruce: The Justice Secretary Dominic Raab is saying the decision to release her demonstrates why the parole board needs a fundamental overhaul, including a ministerial check for the most serious offenders","type":"L","timestamp":"2023-11-09 13:15:55"},{"nodeID":"1314527","text":"Analysing","type":"YA","timestamp":"2023-11-09 13:15:55"},{"nodeID":"1314528","text":"Fyfe: Fiona Bruce: The Justice Secretary Dominic Raab is saying the decision to release her demonstrates why the parole board needs a fundamental overhaul, including a ministerial check for the most serious offenders","type":"L","timestamp":"2023-11-09 13:15:55"},{"nodeID":"1314529","text":"the decision to release Baby P's mother demonstrates why the parole board needs a fundamental overhaul, including a ministerial check for the most serious offenders","type":"I","timestamp":"2023-11-09 13:15:55"},{"nodeID":"1314530","text":"Dominic Raab: the decision to release her demonstrates why the parole board needs a fundamental overhaul, including a ministerial check for the most serious offenders","type":"L","timestamp":"2023-11-09 13:15:55"},{"nodeID":"1314531","text":"Analysing","type":"YA","timestamp":"2023-11-09 13:15:55"},{"nodeID":"1314532","text":"Fyfe: Dominic Raab: the decision to release her demonstrates why the parole board needs a fundamental overhaul, including a ministerial check for the most serious offenders","type":"L","timestamp":"2023-11-09 13:15:55"},{"nodeID":"1314533","text":"Asserting","type":"YA","timestamp":"2023-11-09 13:15:55"},{"nodeID":"1314534","text":"Asserting","type":"YA","timestamp":"2023-11-09 13:15:55"},{"nodeID":"1314535","text":"you would or would not agree with Dominic Raab that the decision to release Baby P's mother demonstrates why the parole board needs a fundamental overhaul, including a ministerial check for the most serious offenders","type":"I","timestamp":"2023-11-09 13:15:56"},{"nodeID":"1314536","text":"Fiona Bruce: Would you agree with that","type":"L","timestamp":"2023-11-09 13:15:56"},{"nodeID":"1314537","text":"Analysing","type":"YA","timestamp":"2023-11-09 13:15:56"},{"nodeID":"1314538","text":"Fyfe: Fiona Bruce: Would you agree with that","type":"L","timestamp":"2023-11-09 13:15:56"},{"nodeID":"1314539","text":"Pure Questioning","type":"YA","timestamp":"2023-11-09 13:15:56"},{"nodeID":"1314540","text":"Default Transition","type":"TA","timestamp":"2023-11-09 13:15:56"},{"nodeID":"1314541","text":"Default Rephrase","type":"MA","timestamp":"2023-11-09 13:15:56"},{"nodeID":"1314542","text":"Restating","type":"YA","timestamp":"2023-11-09 13:15:56"},{"nodeID":"1314543","text":"Baby P's mother being released by the parole board is interesting","type":"I","timestamp":"2023-11-09 13:15:56"},{"nodeID":"1314544","text":"Charlotte Ivers:  It's an interesting one","type":"L","timestamp":"2023-11-09 13:15:56"},{"nodeID":"1314545","text":"Analysing","type":"YA","timestamp":"2023-11-09 13:15:56"},{"nodeID":"1314546","text":"Fyfe: Charlotte Ivers:  It's an interesting one","type":"L","timestamp":"2023-11-09 13:15:56"},{"nodeID":"1314547","text":"Asserting","type":"YA","timestamp":"2023-11-09 13:15:56"},{"nodeID":"1314548","text":"Default Transition","type":"TA","timestamp":"2023-11-09 13:15:56"},{"nodeID":"1314549","text":"Charlotte Ivers worries that having a say in the policing of our society could leave it slightly open to populism","type":"I","timestamp":"2023-11-09 13:15:57"},{"nodeID":"1314550","text":"Charlotte Ivers: I worry it could leave it slightly open to populism","type":"L","timestamp":"2023-11-09 13:15:57"},{"nodeID":"1314551","text":"Analysing","type":"YA","timestamp":"2023-11-09 13:15:57"},{"nodeID":"1314552","text":"Fyfe: Charlotte Ivers: I worry it could leave it slightly open to populism","type":"L","timestamp":"2023-11-09 13:15:57"},{"nodeID":"1314553","text":"Asserting","type":"YA","timestamp":"2023-11-09 13:15:57"},{"nodeID":"1314554","text":"there is a case to be made for a fundamental overhaul of the parole board","type":"I","timestamp":"2023-11-09 13:15:58"},{"nodeID":"1314555","text":"Default Transition","type":"TA","timestamp":"2023-11-09 13:15:58"},{"nodeID":"1314556","text":"Asserting","type":"YA","timestamp":"2023-11-09 13:15:58"},{"nodeID":"1314557","text":"Charlotte Ivers: there is a case to be made for it","type":"L","timestamp":"2023-11-09 13:15:58"},{"nodeID":"1314558","text":"Analysing","type":"YA","timestamp":"2023-11-09 13:15:58"},{"nodeID":"1314559","text":"Fyfe: Charlotte Ivers: there is a case to be made for it","type":"L","timestamp":"2023-11-09 13:15:58"},{"nodeID":"1314560","text":"we elect politicians, we should have some say in the policing of our society","type":"I","timestamp":"2023-11-09 13:15:58"},{"nodeID":"1314561","text":"Default Conflict","type":"CA","timestamp":"2023-11-09 13:15:58"},{"nodeID":"1314562","text":"Default Transition","type":"TA","timestamp":"2023-11-09 13:15:58"},{"nodeID":"1314563","text":"Disagreeing","type":"YA","timestamp":"2023-11-09 13:15:58"},{"nodeID":"1314564","text":"Default Transition","type":"TA","timestamp":"2023-11-09 13:15:58"},{"nodeID":"1314565","text":"Asserting","type":"YA","timestamp":"2023-11-09 13:15:58"},{"nodeID":"1314566","text":"Fyfe: Charlotte Ivers: we elect politicians, we should have some say in the policing of our society","type":"L","timestamp":"2023-11-09 13:15:58"},{"nodeID":"1314567","text":"Analysing","type":"YA","timestamp":"2023-11-09 13:15:58"},{"nodeID":"1314568","text":"Charlotte Ivers: we elect politicians, we should have some say in the policing of our society","type":"L","timestamp":"2023-11-09 13:15:58"},{"nodeID":"1314569","text":"Default Inference","type":"RA","timestamp":"2023-11-09 13:15:58"},{"nodeID":"1314570","text":"Arguing","type":"YA","timestamp":"2023-11-09 13:15:58"},{"nodeID":"1314571","text":"you don't want politicians having pressure put on them and then just bending to public opinion","type":"I","timestamp":"2023-11-09 13:15:59"},{"nodeID":"1314572","text":"Charlotte Ivers: You don't want politicians having pressure put on them and then just bending to public opinion","type":"L","timestamp":"2023-11-09 13:15:59"},{"nodeID":"1314573","text":"Analysing","type":"YA","timestamp":"2023-11-09 13:15:59"},{"nodeID":"1314574","text":"Fyfe: Charlotte Ivers: You don't want politicians having pressure put on them and then just bending to public opinion","type":"L","timestamp":"2023-11-09 13:15:59"},{"nodeID":"1314575","text":"Asserting","type":"YA","timestamp":"2023-11-09 13:15:59"},{"nodeID":"1314576","text":"Default Transition","type":"TA","timestamp":"2023-11-09 13:15:59"},{"nodeID":"1314577","text":"Charlotte Ivers fears having a say in the policing of society could lead to people making choices about criminal justice based on wanting to get re-elected, which feels absolutely terrifying to her","type":"I","timestamp":"2023-11-09 13:16:00"},{"nodeID":"1314578","text":"Charlotte Ivers: I fear it could lead to people making choices about criminal justice based on wanting to get re-elected, which really feels absolutely terrifying to me","type":"L","timestamp":"2023-11-09 13:16:00"},{"nodeID":"1314579","text":"Analysing","type":"YA","timestamp":"2023-11-09 13:16:00"},{"nodeID":"1314580","text":"Fyfe: Charlotte Ivers: I fear it could lead to people making choices about criminal justice based on wanting to get re-elected, which really feels absolutely terrifying to me","type":"L","timestamp":"2023-11-09 13:16:00"},{"nodeID":"1314581","text":"Asserting","type":"YA","timestamp":"2023-11-09 13:16:00"},{"nodeID":"1314582","text":"Default Transition","type":"TA","timestamp":"2023-11-09 13:16:00"},{"nodeID":"1314583","text":"Default Rephrase","type":"MA","timestamp":"2023-11-09 13:16:00"},{"nodeID":"1314584","text":"Restating","type":"YA","timestamp":"2023-11-09 13:16:00"},{"nodeID":"1314585","text":"AudienceMember 20220505QT32 is a leader in a primary school and this week they have been on a safeguarding call and they said that there is a national crisis with social workers","type":"I","timestamp":"2023-11-09 13:16:00"},{"nodeID":"1314586","text":"AudienceMember 20220512QT32:  I'm a leader in a primary school and this week I've been on a safeguarding call and they said that there is a national crisis with social workers","type":"L","timestamp":"2023-11-09 13:16:00"},{"nodeID":"1314587","text":"Analysing","type":"YA","timestamp":"2023-11-09 13:16:00"},{"nodeID":"1314588","text":"Fyfe: AudienceMember 20220512QT32:  I'm a leader in a primary school and this week I've been on a safeguarding call and they said that there is a national crisis with social workers","type":"L","timestamp":"2023-11-09 13:16:00"},{"nodeID":"1314589","text":"Asserting","type":"YA","timestamp":"2023-11-09 13:16:00"},{"nodeID":"1314590","text":"Default Transition","type":"TA","timestamp":"2023-11-09 13:16:00"},{"nodeID":"1314591","text":"there is a national crisis as social workers just cannot be employed","type":"I","timestamp":"2023-11-09 13:16:01"},{"nodeID":"1314592","text":"AudienceMember 20220512QT32: They just cannot be employed","type":"L","timestamp":"2023-11-09 13:16:01"},{"nodeID":"1314593","text":"Analysing","type":"YA","timestamp":"2023-11-09 13:16:01"},{"nodeID":"1314594","text":"Fyfe: AudienceMember 20220512QT32: They just cannot be employed","type":"L","timestamp":"2023-11-09 13:16:01"},{"nodeID":"1314595","text":"Asserting","type":"YA","timestamp":"2023-11-09 13:16:01"},{"nodeID":"1314596","text":"Default Transition","type":"TA","timestamp":"2023-11-09 13:16:01"},{"nodeID":"1314597","text":"Default Rephrase","type":"MA","timestamp":"2023-11-09 13:16:01"},{"nodeID":"1314598","text":"Restating","type":"YA","timestamp":"2023-11-09 13:16:01"},{"nodeID":"1314599","text":"so what happened with Baby P, which actually was quite a long time ago, is just going to continue to happen and happen and happen again unless more investment is made into the social care system","type":"I","timestamp":"2023-11-09 13:16:01"},{"nodeID":"1314600","text":"AudienceMember 20220512QT32: So what happened with Baby P, which actually was quite a long time ago, is just going to continue to happen and happen and happen again unless more investment is made into the social care system","type":"L","timestamp":"2023-11-09 13:16:01"},{"nodeID":"1314601","text":"Analysing","type":"YA","timestamp":"2023-11-09 13:16:01"},{"nodeID":"1314602","text":"Fyfe: AudienceMember 20220512QT32: So what happened with Baby P, which actually was quite a long time ago, is just going to continue to happen and happen and happen again unless more investment is made into the social care system","type":"L","timestamp":"2023-11-09 13:16:01"},{"nodeID":"1314603","text":"Asserting","type":"YA","timestamp":"2023-11-09 13:16:01"},{"nodeID":"1314604","text":"Default Transition","type":"TA","timestamp":"2023-11-09 13:16:01"}],"edges":[{"edgeID":"1725826","fromID":"1314527","toID":"1314526","formEdgeID":null},{"edgeID":"1725827","fromID":"1314528","toID":"1314527","formEdgeID":null},{"edgeID":"1725828","fromID":"1314531","toID":"1314530","formEdgeID":null},{"edgeID":"1725829","fromID":"1314532","toID":"1314531","formEdgeID":null},{"edgeID":"1725830","fromID":"1314530","toID":"1314533","formEdgeID":null},{"edgeID":"1725831","fromID":"1314533","toID":"1314529","formEdgeID":null},{"edgeID":"1725832","fromID":"1314526","toID":"1314534","formEdgeID":null},{"edgeID":"1725833","fromID":"1314534","toID":"1314530","formEdgeID":null},{"edgeID":"1725834","fromID":"1314537","toID":"1314536","formEdgeID":null},{"edgeID":"1725835","fromID":"1314538","toID":"1314537","formEdgeID":null},{"edgeID":"1725836","fromID":"1314536","toID":"1314539","formEdgeID":null},{"edgeID":"1725837","fromID":"1314539","toID":"1314535","formEdgeID":null},{"edgeID":"1725838","fromID":"1314526","toID":"1314540","formEdgeID":null},{"edgeID":"1725839","fromID":"1314540","toID":"1314536","formEdgeID":null},{"edgeID":"1725840","fromID":"1314535","toID":"1314541","formEdgeID":null},{"edgeID":"1725841","fromID":"1314541","toID":"1314529","formEdgeID":null},{"edgeID":"1725842","fromID":"1314540","toID":"1314542","formEdgeID":null},{"edgeID":"1725843","fromID":"1314542","toID":"1314541","formEdgeID":null},{"edgeID":"1725844","fromID":"1314545","toID":"1314544","formEdgeID":null},{"edgeID":"1725845","fromID":"1314546","toID":"1314545","formEdgeID":null},{"edgeID":"1725846","fromID":"1314544","toID":"1314547","formEdgeID":null},{"edgeID":"1725847","fromID":"1314547","toID":"1314543","formEdgeID":null},{"edgeID":"1725848","fromID":"1314536","toID":"1314548","formEdgeID":null},{"edgeID":"1725849","fromID":"1314548","toID":"1314544","formEdgeID":null},{"edgeID":"1725850","fromID":"1314551","toID":"1314550","formEdgeID":null},{"edgeID":"1725851","fromID":"1314552","toID":"1314551","formEdgeID":null},{"edgeID":"1725852","fromID":"1314550","toID":"1314553","formEdgeID":null},{"edgeID":"1725853","fromID":"1314553","toID":"1314549","formEdgeID":null},{"edgeID":"1725854","fromID":"1314544","toID":"1314555","formEdgeID":null},{"edgeID":"1725855","fromID":"1314555","toID":"1314557","formEdgeID":null},{"edgeID":"1725856","fromID":"1314556","toID":"1314554","formEdgeID":null},{"edgeID":"1725857","fromID":"1314557","toID":"1314556","formEdgeID":null},{"edgeID":"1725858","fromID":"1314559","toID":"1314558","formEdgeID":null},{"edgeID":"1725859","fromID":"1314558","toID":"1314557","formEdgeID":null},{"edgeID":"1725860","fromID":"1314549","toID":"1314561","formEdgeID":null},{"edgeID":"1725861","fromID":"1314561","toID":"1314560","formEdgeID":null},{"edgeID":"1725862","fromID":"1314563","toID":"1314561","formEdgeID":null},{"edgeID":"1725863","fromID":"1314562","toID":"1314550","formEdgeID":null},{"edgeID":"1725864","fromID":"1314562","toID":"1314563","formEdgeID":null},{"edgeID":"1725865","fromID":"1314568","toID":"1314562","formEdgeID":null},{"edgeID":"1725866","fromID":"1314564","toID":"1314568","formEdgeID":null},{"edgeID":"1725867","fromID":"1314565","toID":"1314560","formEdgeID":null},{"edgeID":"1725868","fromID":"1314557","toID":"1314564","formEdgeID":null},{"edgeID":"1725869","fromID":"1314568","toID":"1314565","formEdgeID":null},{"edgeID":"1725870","fromID":"1314566","toID":"1314567","formEdgeID":null},{"edgeID":"1725871","fromID":"1314567","toID":"1314568","formEdgeID":null},{"edgeID":"1725872","fromID":"1314560","toID":"1314569","formEdgeID":null},{"edgeID":"1725873","fromID":"1314569","toID":"1314554","formEdgeID":null},{"edgeID":"1725874","fromID":"1314564","toID":"1314570","formEdgeID":null},{"edgeID":"1725875","fromID":"1314570","toID":"1314569","formEdgeID":null},{"edgeID":"1725876","fromID":"1314573","toID":"1314572","formEdgeID":null},{"edgeID":"1725877","fromID":"1314574","toID":"1314573","formEdgeID":null},{"edgeID":"1725878","fromID":"1314572","toID":"1314575","formEdgeID":null},{"edgeID":"1725879","fromID":"1314575","toID":"1314571","formEdgeID":null},{"edgeID":"1725880","fromID":"1314550","toID":"1314576","formEdgeID":null},{"edgeID":"1725881","fromID":"1314576","toID":"1314572","formEdgeID":null},{"edgeID":"1725882","fromID":"1314579","toID":"1314578","formEdgeID":null},{"edgeID":"1725883","fromID":"1314580","toID":"1314579","formEdgeID":null},{"edgeID":"1725884","fromID":"1314578","toID":"1314581","formEdgeID":null},{"edgeID":"1725885","fromID":"1314581","toID":"1314577","formEdgeID":null},{"edgeID":"1725886","fromID":"1314572","toID":"1314582","formEdgeID":null},{"edgeID":"1725887","fromID":"1314582","toID":"1314578","formEdgeID":null},{"edgeID":"1725888","fromID":"1314577","toID":"1314583","formEdgeID":null},{"edgeID":"1725889","fromID":"1314583","toID":"1314549","formEdgeID":null},{"edgeID":"1725890","fromID":"1314582","toID":"1314584","formEdgeID":null},{"edgeID":"1725891","fromID":"1314584","toID":"1314583","formEdgeID":null},{"edgeID":"1725892","fromID":"1314587","toID":"1314586","formEdgeID":null},{"edgeID":"1725893","fromID":"1314588","toID":"1314587","formEdgeID":null},{"edgeID":"1725894","fromID":"1314586","toID":"1314589","formEdgeID":null},{"edgeID":"1725895","fromID":"1314589","toID":"1314585","formEdgeID":null},{"edgeID":"1725896","fromID":"1314578","toID":"1314590","formEdgeID":null},{"edgeID":"1725897","fromID":"1314590","toID":"1314586","formEdgeID":null},{"edgeID":"1725898","fromID":"1314593","toID":"1314592","formEdgeID":null},{"edgeID":"1725899","fromID":"1314594","toID":"1314593","formEdgeID":null},{"edgeID":"1725900","fromID":"1314592","toID":"1314595","formEdgeID":null},{"edgeID":"1725901","fromID":"1314595","toID":"1314591","formEdgeID":null},{"edgeID":"1725902","fromID":"1314586","toID":"1314596","formEdgeID":null},{"edgeID":"1725903","fromID":"1314596","toID":"1314592","formEdgeID":null},{"edgeID":"1725904","fromID":"1314591","toID":"1314597","formEdgeID":null},{"edgeID":"1725905","fromID":"1314597","toID":"1314585","formEdgeID":null},{"edgeID":"1725906","fromID":"1314596","toID":"1314598","formEdgeID":null},{"edgeID":"1725907","fromID":"1314598","toID":"1314597","formEdgeID":null},{"edgeID":"1725908","fromID":"1314601","toID":"1314600","formEdgeID":null},{"edgeID":"1725909","fromID":"1314602","toID":"1314601","formEdgeID":null},{"edgeID":"1725910","fromID":"1314600","toID":"1314603","formEdgeID":null},{"edgeID":"1725911","fromID":"1314603","toID":"1314599","formEdgeID":null},{"edgeID":"1725912","fromID":"1314592","toID":"1314604","formEdgeID":null},{"edgeID":"1725913","fromID":"1314604","toID":"1314600","formEdgeID":null}],"locutions":[]}