{"nodes":[{"nodeID":"1312733","text":"Fiona Bruce: No","type":"L","timestamp":"2023-11-09 13:13:21"},{"nodeID":"1312734","text":"Steffi: Fiona Bruce: No","type":"L","timestamp":"2023-11-09 13:13:21"},{"nodeID":"1312735","text":"it was obvious sending elderly people from hospitals without testing into care homes with vulnerable elderly people would kill them","type":"I","timestamp":"2023-11-09 13:13:22"},{"nodeID":"1312736","text":"AudienceMember 20220512QT28: Wasn't it obvious sending elderly people from hospitals without testing into care homes with vulnerable elderly people would kill them","type":"L","timestamp":"2023-11-09 13:13:22"},{"nodeID":"1312737","text":"Analysing","type":"YA","timestamp":"2023-11-09 13:13:22"},{"nodeID":"1312738","text":"Steffi: AudienceMember 20220512QT28: Wasn't it obvious sending elderly people from hospitals without testing into care homes with vulnerable elderly people would kill them","type":"L","timestamp":"2023-11-09 13:13:22"},{"nodeID":"1312739","text":"Assertive Questioning","type":"YA","timestamp":"2023-11-09 13:13:22"},{"nodeID":"1312740","text":"xxx is what was going on sending elderly people from hospitals without testing into care homes with vulnerable elderly people","type":"I","timestamp":"2023-11-09 13:13:22"},{"nodeID":"1312741","text":"AudienceMember 20220512QT28: What was going on","type":"L","timestamp":"2023-11-09 13:13:22"},{"nodeID":"1312742","text":"Analysing","type":"YA","timestamp":"2023-11-09 13:13:22"},{"nodeID":"1312743","text":"Steffi: AudienceMember 20220512QT28: What was going on","type":"L","timestamp":"2023-11-09 13:13:22"},{"nodeID":"1312744","text":"Assertive Questioning","type":"YA","timestamp":"2023-11-09 13:13:22"},{"nodeID":"1312745","text":"the government were thinking xxx sending elderly people from hospitals without testing into care homes with vulnerable elderly people","type":"I","timestamp":"2023-11-09 13:13:23"},{"nodeID":"1312746","text":"AudienceMember 20220512QT28: What were they thinking","type":"L","timestamp":"2023-11-09 13:13:23"},{"nodeID":"1312747","text":"Analysing","type":"YA","timestamp":"2023-11-09 13:13:23"},{"nodeID":"1312748","text":"Steffi: AudienceMember 20220512QT28: What were they thinking","type":"L","timestamp":"2023-11-09 13:13:23"},{"nodeID":"1312749","text":"Pure Questioning","type":"YA","timestamp":"2023-11-09 13:13:23"},{"nodeID":"1312750","text":"they were thinking xxx sending elderly people from hospitals without testing into care homes with vulnerable elderly people, Damian Green","type":"I","timestamp":"2023-11-09 13:13:24"},{"nodeID":"1312751","text":"Fiona Bruce: What were they thinking, Damian","type":"L","timestamp":"2023-11-09 13:13:24"},{"nodeID":"1312752","text":"Analysing","type":"YA","timestamp":"2023-11-09 13:13:24"},{"nodeID":"1312753","text":"Steffi: Fiona Bruce: What were they thinking, Damian","type":"L","timestamp":"2023-11-09 13:13:24"},{"nodeID":"1312754","text":"Pure Questioning","type":"YA","timestamp":"2023-11-09 13:13:24"},{"nodeID":"1312755","text":"Default Transition","type":"TA","timestamp":"2023-11-09 13:13:24"},{"nodeID":"1312756","text":"Default Transition","type":"TA","timestamp":"2023-11-09 13:13:24"},{"nodeID":"1312757","text":"Default Transition","type":"TA","timestamp":"2023-11-09 13:13:24"},{"nodeID":"1312758","text":"Default Rephrase","type":"MA","timestamp":"2023-11-09 13:13:24"},{"nodeID":"1312759","text":"Restating","type":"YA","timestamp":"2023-11-09 13:13:24"},{"nodeID":"1312760","text":"Default Rephrase","type":"MA","timestamp":"2023-11-09 13:13:24"},{"nodeID":"1312761","text":"Restating","type":"YA","timestamp":"2023-11-09 13:13:24"},{"nodeID":"1312762","text":"the idea that oh, it was just simply uncaring because they don't have lived experience is grotesquely unfair on people","type":"I","timestamp":"2023-11-09 13:13:24"},{"nodeID":"1312763","text":"Damian Green: the idea that oh, it was just simply uncaring because they don't have lived experience is grotesquely unfair on people","type":"L","timestamp":"2023-11-09 13:13:24"},{"nodeID":"1312764","text":"Analysing","type":"YA","timestamp":"2023-11-09 13:13:24"},{"nodeID":"1312765","text":"Steffi: Damian Green: the idea that oh, it was just simply uncaring because they don't have lived experience is grotesquely unfair on people","type":"L","timestamp":"2023-11-09 13:13:24"},{"nodeID":"1312766","text":"Asserting","type":"YA","timestamp":"2023-11-09 13:13:24"},{"nodeID":"1312767","text":"Default Transition","type":"TA","timestamp":"2023-11-09 13:13:24"},{"nodeID":"1312768","text":"the idea that it was just simply uncaring because they don't have lived experience is grotesquely unfair not just politicians but officials as well","type":"I","timestamp":"2023-11-09 13:13:25"},{"nodeID":"1312769","text":"Damian Green: not just politicians but officials as well","type":"L","timestamp":"2023-11-09 13:13:25"},{"nodeID":"1312770","text":"Analysing","type":"YA","timestamp":"2023-11-09 13:13:25"},{"nodeID":"1312771","text":"Steffi: Damian Green: not just politicians but officials as well","type":"L","timestamp":"2023-11-09 13:13:25"},{"nodeID":"1312772","text":"Asserting","type":"YA","timestamp":"2023-11-09 13:13:25"},{"nodeID":"1312773","text":"Default Transition","type":"TA","timestamp":"2023-11-09 13:13:25"},{"nodeID":"1312774","text":"officials were taking decisions, facing a crisis of the type we'd not faced before in the modern age very, very quickly","type":"I","timestamp":"2023-11-09 13:13:25"},{"nodeID":"1312775","text":"Damian Green: who were, as Wilfred said, taking decisions, facing a crisis of the type we'd not faced before in the modern age very, very quickly","type":"L","timestamp":"2023-11-09 13:13:25"},{"nodeID":"1312776","text":"Analysing","type":"YA","timestamp":"2023-11-09 13:13:25"},{"nodeID":"1312777","text":"Steffi: Damian Green: who were, as Wilfred said, taking decisions, facing a crisis of the type we'd not faced before in the modern age very, very quickly","type":"L","timestamp":"2023-11-09 13:13:25"},{"nodeID":"1312778","text":"Default Rephrase","type":"MA","timestamp":"2023-11-09 13:13:25"},{"nodeID":"1312779","text":"Restating","type":"YA","timestamp":"2023-11-09 13:13:25"},{"nodeID":"1312780","text":"Default Transition","type":"TA","timestamp":"2023-11-09 13:13:25"},{"nodeID":"1312781","text":"Wilfred Emmanuel-Jones: officials were, as Wilfred said, taking decisions, facing a crisis of the type we'd not faced before in the modern age very, very quickly","type":"L","timestamp":"2023-11-09 13:13:25"},{"nodeID":"1312782","text":"Analysing","type":"YA","timestamp":"2023-11-09 13:13:25"},{"nodeID":"1312783","text":"Steffi: Wilfred Emmanuel-Jones: officials were, as Wilfred said, taking decisions, facing a crisis of the type we'd not faced before in the modern age very, very quickly","type":"L","timestamp":"2023-11-09 13:13:25"},{"nodeID":"1312784","text":"Asserting","type":"YA","timestamp":"2023-11-09 13:13:25"},{"nodeID":"1312785","text":"Asserting","type":"YA","timestamp":"2023-11-09 13:13:25"},{"nodeID":"1312786","text":"you can say you got things wrong and we'll have an enquiry","type":"I","timestamp":"2023-11-09 13:13:26"},{"nodeID":"1312787","text":"Damian Green: you can say you got things wrong and we'll have an enquiry","type":"L","timestamp":"2023-11-09 13:13:26"},{"nodeID":"1312788","text":"Analysing","type":"YA","timestamp":"2023-11-09 13:13:26"},{"nodeID":"1312789","text":"Steffi: Damian Green: you can say you got things wrong and we'll have an enquiry","type":"L","timestamp":"2023-11-09 13:13:26"},{"nodeID":"1312790","text":"Asserting","type":"YA","timestamp":"2023-11-09 13:13:26"},{"nodeID":"1312791","text":"Default Transition","type":"TA","timestamp":"2023-11-09 13:13:26"},{"nodeID":"1312792","text":"to demonise them and say it's just because they don't care that tens of thousands of people died is coarsening a debate in a way that is not fair to individuals across the board","type":"I","timestamp":"2023-11-09 13:13:27"},{"nodeID":"1312793","text":"Damian Green: to demonise them and say it's just because they don't care that tens of thousands of people died is coarsening a debate in a way that is not fair to individuals across the board","type":"L","timestamp":"2023-11-09 13:13:27"},{"nodeID":"1312794","text":"Analysing","type":"YA","timestamp":"2023-11-09 13:13:27"},{"nodeID":"1312795","text":"Steffi: Damian Green: to demonise them and say it's just because they don't care that tens of thousands of people died is coarsening a debate in a way that is not fair to individuals across the board","type":"L","timestamp":"2023-11-09 13:13:27"},{"nodeID":"1312796","text":"Asserting","type":"YA","timestamp":"2023-11-09 13:13:27"},{"nodeID":"1312797","text":"Default Transition","type":"TA","timestamp":"2023-11-09 13:13:27"},{"nodeID":"1312798","text":"Default Conflict","type":"CA","timestamp":"2023-11-09 13:13:27"},{"nodeID":"1312799","text":"Disagreeing","type":"YA","timestamp":"2023-11-09 13:13:27"},{"nodeID":"1312800","text":"Default Rephrase","type":"MA","timestamp":"2023-11-09 13:13:27"},{"nodeID":"1312801","text":"Default Transition","type":"TA","timestamp":"2023-11-09 13:13:27"},{"nodeID":"1312802","text":"Restating","type":"YA","timestamp":"2023-11-09 13:13:27"},{"nodeID":"1312803","text":"the original question was wheter there should or should not be manslaughter","type":"I","timestamp":"2023-11-09 13:13:27"},{"nodeID":"1312804","text":"Damian Green: The original question was should there be manslaughter","type":"L","timestamp":"2023-11-09 13:13:27"},{"nodeID":"1312805","text":"Analysing","type":"YA","timestamp":"2023-11-09 13:13:27"},{"nodeID":"1312806","text":"Steffi: Damian Green: The original question was should there be manslaughter","type":"L","timestamp":"2023-11-09 13:13:27"},{"nodeID":"1312807","text":"Asserting","type":"YA","timestamp":"2023-11-09 13:13:27"},{"nodeID":"1312808","text":"Default Transition","type":"TA","timestamp":"2023-11-09 13:13:27"},{"nodeID":"1312809","text":"it is not for a TV programme to act as a court","type":"I","timestamp":"2023-11-09 13:13:28"},{"nodeID":"1312810","text":"Damian Green: It is not for a TV programme to act as a court","type":"L","timestamp":"2023-11-09 13:13:28"},{"nodeID":"1312811","text":"Analysing","type":"YA","timestamp":"2023-11-09 13:13:28"},{"nodeID":"1312812","text":"Steffi: Damian Green: It is not for a TV programme to act as a court","type":"L","timestamp":"2023-11-09 13:13:28"},{"nodeID":"1312813","text":"Asserting","type":"YA","timestamp":"2023-11-09 13:13:28"},{"nodeID":"1312814","text":"Default Transition","type":"TA","timestamp":"2023-11-09 13:13:28"},{"nodeID":"1312815","text":"there will be an enquiry","type":"I","timestamp":"2023-11-09 13:13:28"},{"nodeID":"1312816","text":"Damian Green: There will be an enquiry","type":"L","timestamp":"2023-11-09 13:13:28"},{"nodeID":"1312817","text":"Analysing","type":"YA","timestamp":"2023-11-09 13:13:28"},{"nodeID":"1312818","text":"Steffi: Damian Green: There will be an enquiry","type":"L","timestamp":"2023-11-09 13:13:28"},{"nodeID":"1312819","text":"Asserting","type":"YA","timestamp":"2023-11-09 13:13:28"},{"nodeID":"1312820","text":"Default Transition","type":"TA","timestamp":"2023-11-09 13:13:28"},{"nodeID":"1312821","text":"Analysing","type":"YA","timestamp":"2023-11-09 13:13:28"},{"nodeID":"1312822","text":"Default Transition","type":"TA","timestamp":"2023-11-09 13:13:28"},{"nodeID":"1312823","text":"Disagreeing","type":"YA","timestamp":"2023-11-09 13:13:28"},{"nodeID":"1312824","text":"Question Time is not acting as a court","type":"I","timestamp":"2023-11-09 13:13:29"},{"nodeID":"1312825","text":"Fiona Bruce: we're not acting as a court","type":"L","timestamp":"2023-11-09 13:13:29"},{"nodeID":"1312826","text":"Analysing","type":"YA","timestamp":"2023-11-09 13:13:29"},{"nodeID":"1312827","text":"Steffi: Fiona Bruce: we're not acting as a court","type":"L","timestamp":"2023-11-09 13:13:29"},{"nodeID":"1312828","text":"Asserting","type":"YA","timestamp":"2023-11-09 13:13:29"},{"nodeID":"1312829","text":"Default Conflict","type":"CA","timestamp":"2023-11-09 13:13:29"},{"nodeID":"1312830","text":"Default Transition","type":"TA","timestamp":"2023-11-09 13:13:29"},{"nodeID":"1312831","text":"Disagreeing","type":"YA","timestamp":"2023-11-09 13:13:29"},{"nodeID":"1312832","text":"people can have their opinion","type":"I","timestamp":"2023-11-09 13:13:30"},{"nodeID":"1312833","text":"Fiona Bruce: people can have their opinion","type":"L","timestamp":"2023-11-09 13:13:30"},{"nodeID":"1312834","text":"Analysing","type":"YA","timestamp":"2023-11-09 13:13:30"},{"nodeID":"1312835","text":"Steffi: Fiona Bruce: people can have their opinion","type":"L","timestamp":"2023-11-09 13:13:30"},{"nodeID":"1312836","text":"Asserting","type":"YA","timestamp":"2023-11-09 13:13:30"},{"nodeID":"1312837","text":"Default Transition","type":"TA","timestamp":"2023-11-09 13:13:30"},{"nodeID":"1312838","text":"Default Inference","type":"RA","timestamp":"2023-11-09 13:13:30"},{"nodeID":"1312839","text":"Arguing","type":"YA","timestamp":"2023-11-09 13:13:30"}],"edges":[{"edgeID":"1723723","fromID":"1312737","toID":"1312736","formEdgeID":null},{"edgeID":"1723724","fromID":"1312738","toID":"1312737","formEdgeID":null},{"edgeID":"1723725","fromID":"1312736","toID":"1312739","formEdgeID":null},{"edgeID":"1723726","fromID":"1312739","toID":"1312735","formEdgeID":null},{"edgeID":"1723727","fromID":"1312742","toID":"1312741","formEdgeID":null},{"edgeID":"1723728","fromID":"1312743","toID":"1312742","formEdgeID":null},{"edgeID":"1723729","fromID":"1312741","toID":"1312744","formEdgeID":null},{"edgeID":"1723730","fromID":"1312744","toID":"1312740","formEdgeID":null},{"edgeID":"1723731","fromID":"1312747","toID":"1312746","formEdgeID":null},{"edgeID":"1723732","fromID":"1312748","toID":"1312747","formEdgeID":null},{"edgeID":"1723733","fromID":"1312746","toID":"1312749","formEdgeID":null},{"edgeID":"1723734","fromID":"1312749","toID":"1312745","formEdgeID":null},{"edgeID":"1723735","fromID":"1312752","toID":"1312751","formEdgeID":null},{"edgeID":"1723736","fromID":"1312753","toID":"1312752","formEdgeID":null},{"edgeID":"1723737","fromID":"1312751","toID":"1312754","formEdgeID":null},{"edgeID":"1723738","fromID":"1312754","toID":"1312750","formEdgeID":null},{"edgeID":"1723739","fromID":"1312736","toID":"1312755","formEdgeID":null},{"edgeID":"1723740","fromID":"1312755","toID":"1312741","formEdgeID":null},{"edgeID":"1723741","fromID":"1312741","toID":"1312756","formEdgeID":null},{"edgeID":"1723742","fromID":"1312756","toID":"1312746","formEdgeID":null},{"edgeID":"1723743","fromID":"1312746","toID":"1312757","formEdgeID":null},{"edgeID":"1723744","fromID":"1312757","toID":"1312751","formEdgeID":null},{"edgeID":"1723745","fromID":"1312745","toID":"1312758","formEdgeID":null},{"edgeID":"1723746","fromID":"1312758","toID":"1312740","formEdgeID":null},{"edgeID":"1723747","fromID":"1312756","toID":"1312759","formEdgeID":null},{"edgeID":"1723748","fromID":"1312759","toID":"1312758","formEdgeID":null},{"edgeID":"1723749","fromID":"1312750","toID":"1312760","formEdgeID":null},{"edgeID":"1723750","fromID":"1312760","toID":"1312745","formEdgeID":null},{"edgeID":"1723751","fromID":"1312757","toID":"1312761","formEdgeID":null},{"edgeID":"1723752","fromID":"1312761","toID":"1312760","formEdgeID":null},{"edgeID":"1723753","fromID":"1312764","toID":"1312763","formEdgeID":null},{"edgeID":"1723754","fromID":"1312765","toID":"1312764","formEdgeID":null},{"edgeID":"1723755","fromID":"1312763","toID":"1312766","formEdgeID":null},{"edgeID":"1723756","fromID":"1312766","toID":"1312762","formEdgeID":null},{"edgeID":"1723757","fromID":"1312751","toID":"1312767","formEdgeID":null},{"edgeID":"1723758","fromID":"1312767","toID":"1312763","formEdgeID":null},{"edgeID":"1723759","fromID":"1312770","toID":"1312769","formEdgeID":null},{"edgeID":"1723760","fromID":"1312771","toID":"1312770","formEdgeID":null},{"edgeID":"1723761","fromID":"1312769","toID":"1312772","formEdgeID":null},{"edgeID":"1723762","fromID":"1312772","toID":"1312768","formEdgeID":null},{"edgeID":"1723763","fromID":"1312763","toID":"1312773","formEdgeID":null},{"edgeID":"1723764","fromID":"1312773","toID":"1312769","formEdgeID":null},{"edgeID":"1723765","fromID":"1312776","toID":"1312775","formEdgeID":null},{"edgeID":"1723766","fromID":"1312777","toID":"1312776","formEdgeID":null},{"edgeID":"1723767","fromID":"1312768","toID":"1312778","formEdgeID":null},{"edgeID":"1723768","fromID":"1312778","toID":"1312762","formEdgeID":null},{"edgeID":"1723769","fromID":"1312773","toID":"1312779","formEdgeID":null},{"edgeID":"1723770","fromID":"1312779","toID":"1312778","formEdgeID":null},{"edgeID":"1723771","fromID":"1312769","toID":"1312780","formEdgeID":null},{"edgeID":"1723772","fromID":"1312780","toID":"1312775","formEdgeID":null},{"edgeID":"1723773","fromID":"1312782","toID":"1312781","formEdgeID":null},{"edgeID":"1723774","fromID":"1312783","toID":"1312782","formEdgeID":null},{"edgeID":"1723775","fromID":"1312781","toID":"1312784","formEdgeID":null},{"edgeID":"1723776","fromID":"1312784","toID":"1312774","formEdgeID":null},{"edgeID":"1723777","fromID":"1312775","toID":"1312785","formEdgeID":null},{"edgeID":"1723778","fromID":"1312785","toID":"1312781","formEdgeID":null},{"edgeID":"1723779","fromID":"1312788","toID":"1312787","formEdgeID":null},{"edgeID":"1723780","fromID":"1312789","toID":"1312788","formEdgeID":null},{"edgeID":"1723781","fromID":"1312787","toID":"1312790","formEdgeID":null},{"edgeID":"1723782","fromID":"1312790","toID":"1312786","formEdgeID":null},{"edgeID":"1723783","fromID":"1312775","toID":"1312791","formEdgeID":null},{"edgeID":"1723784","fromID":"1312791","toID":"1312787","formEdgeID":null},{"edgeID":"1723785","fromID":"1312794","toID":"1312793","formEdgeID":null},{"edgeID":"1723786","fromID":"1312795","toID":"1312794","formEdgeID":null},{"edgeID":"1723787","fromID":"1312793","toID":"1312796","formEdgeID":null},{"edgeID":"1723788","fromID":"1312796","toID":"1312792","formEdgeID":null},{"edgeID":"1723789","fromID":"1312787","toID":"1312797","formEdgeID":null},{"edgeID":"1723790","fromID":"1312797","toID":"1312793","formEdgeID":null},{"edgeID":"1723791","fromID":"1312792","toID":"1312798","formEdgeID":null},{"edgeID":"1723792","fromID":"1312798","toID":"1312786","formEdgeID":null},{"edgeID":"1723793","fromID":"1312797","toID":"1312799","formEdgeID":null},{"edgeID":"1723794","fromID":"1312799","toID":"1312798","formEdgeID":null},{"edgeID":"1723795","fromID":"1312792","toID":"1312800","formEdgeID":null},{"edgeID":"1723796","fromID":"1312800","toID":"1312768","formEdgeID":null},{"edgeID":"1723797","fromID":"1312769","toID":"1312801","formEdgeID":null},{"edgeID":"1723798","fromID":"1312801","toID":"1312793","formEdgeID":null},{"edgeID":"1723799","fromID":"1312801","toID":"1312802","formEdgeID":null},{"edgeID":"1723800","fromID":"1312802","toID":"1312800","formEdgeID":null},{"edgeID":"1723801","fromID":"1312805","toID":"1312804","formEdgeID":null},{"edgeID":"1723802","fromID":"1312806","toID":"1312805","formEdgeID":null},{"edgeID":"1723803","fromID":"1312804","toID":"1312807","formEdgeID":null},{"edgeID":"1723804","fromID":"1312807","toID":"1312803","formEdgeID":null},{"edgeID":"1723805","fromID":"1312793","toID":"1312808","formEdgeID":null},{"edgeID":"1723806","fromID":"1312808","toID":"1312804","formEdgeID":null},{"edgeID":"1723807","fromID":"1312811","toID":"1312810","formEdgeID":null},{"edgeID":"1723808","fromID":"1312812","toID":"1312811","formEdgeID":null},{"edgeID":"1723809","fromID":"1312810","toID":"1312813","formEdgeID":null},{"edgeID":"1723810","fromID":"1312813","toID":"1312809","formEdgeID":null},{"edgeID":"1723811","fromID":"1312804","toID":"1312814","formEdgeID":null},{"edgeID":"1723812","fromID":"1312814","toID":"1312810","formEdgeID":null},{"edgeID":"1723813","fromID":"1312817","toID":"1312816","formEdgeID":null},{"edgeID":"1723814","fromID":"1312818","toID":"1312817","formEdgeID":null},{"edgeID":"1723815","fromID":"1312816","toID":"1312819","formEdgeID":null},{"edgeID":"1723816","fromID":"1312819","toID":"1312815","formEdgeID":null},{"edgeID":"1723817","fromID":"1312810","toID":"1312820","formEdgeID":null},{"edgeID":"1723818","fromID":"1312820","toID":"1312816","formEdgeID":null},{"edgeID":"1723819","fromID":"1312821","toID":"1312733","formEdgeID":null},{"edgeID":"1723820","fromID":"1312734","toID":"1312821","formEdgeID":null},{"edgeID":"1723821","fromID":"1312816","toID":"1312822","formEdgeID":null},{"edgeID":"1723822","fromID":"1312822","toID":"1312733","formEdgeID":null},{"edgeID":"1723823","fromID":"1312822","toID":"1312823","formEdgeID":null},{"edgeID":"1723824","fromID":"1312823","toID":"1312809","formEdgeID":null},{"edgeID":"1723825","fromID":"1312826","toID":"1312825","formEdgeID":null},{"edgeID":"1723826","fromID":"1312827","toID":"1312826","formEdgeID":null},{"edgeID":"1723827","fromID":"1312825","toID":"1312828","formEdgeID":null},{"edgeID":"1723828","fromID":"1312828","toID":"1312824","formEdgeID":null},{"edgeID":"1723829","fromID":"1312824","toID":"1312829","formEdgeID":null},{"edgeID":"1723830","fromID":"1312829","toID":"1312809","formEdgeID":null},{"edgeID":"1723831","fromID":"1312810","toID":"1312830","formEdgeID":null},{"edgeID":"1723832","fromID":"1312830","toID":"1312825","formEdgeID":null},{"edgeID":"1723833","fromID":"1312830","toID":"1312831","formEdgeID":null},{"edgeID":"1723834","fromID":"1312831","toID":"1312829","formEdgeID":null},{"edgeID":"1723835","fromID":"1312834","toID":"1312833","formEdgeID":null},{"edgeID":"1723836","fromID":"1312835","toID":"1312834","formEdgeID":null},{"edgeID":"1723837","fromID":"1312833","toID":"1312836","formEdgeID":null},{"edgeID":"1723838","fromID":"1312836","toID":"1312832","formEdgeID":null},{"edgeID":"1723839","fromID":"1312825","toID":"1312837","formEdgeID":null},{"edgeID":"1723840","fromID":"1312837","toID":"1312833","formEdgeID":null},{"edgeID":"1723841","fromID":"1312735","toID":"1312838","formEdgeID":null},{"edgeID":"1723842","fromID":"1312838","toID":"1312740","formEdgeID":null},{"edgeID":"1723843","fromID":"1312755","toID":"1312839","formEdgeID":null},{"edgeID":"1723844","fromID":"1312839","toID":"1312838","formEdgeID":null}],"locutions":[]}