{"nodes":[{"nodeID":"1310102","text":"we are being too hard on the government","type":"I","timestamp":"2023-11-09 13:09:36"},{"nodeID":"1310103","text":"AudienceMember 20220512QT14: we are","type":"L","timestamp":"2023-11-09 13:09:36"},{"nodeID":"1310104","text":"Analysing","type":"YA","timestamp":"2023-11-09 13:09:36"},{"nodeID":"1310105","text":"Calum: AudienceMember 20220512QT14: we are","type":"L","timestamp":"2023-11-09 13:09:36"},{"nodeID":"1310106","text":"Asserting","type":"YA","timestamp":"2023-11-09 13:09:36"},{"nodeID":"1310107","text":"we mustn't blame the public, we must look at the government","type":"I","timestamp":"2023-11-09 13:09:36"},{"nodeID":"1310108","text":"Calum: AudienceMember 20220512QT14: what you said was we mustn't blame the public, we must look at the government","type":"L","timestamp":"2023-11-09 13:09:36"},{"nodeID":"1310109","text":"Analysing","type":"YA","timestamp":"2023-11-09 13:09:36"},{"nodeID":"1310110","text":"AudienceMember 20220512QT14: what you said was we mustn't blame the public, we must look at the government","type":"L","timestamp":"2023-11-09 13:09:36"},{"nodeID":"1310111","text":"Wilfred Emmanuel-Jones: we mustn't blame the public, we must look at the government","type":"L","timestamp":"2023-11-09 13:09:36"},{"nodeID":"1310112","text":"Analysing","type":"YA","timestamp":"2023-11-09 13:09:36"},{"nodeID":"1310113","text":"Calum: Wilfred Emmanuel-Jones: what you said was we mustn't blame the public, we must look at the government","type":"L","timestamp":"2023-11-09 13:09:36"},{"nodeID":"1310114","text":"Asserting","type":"YA","timestamp":"2023-11-09 13:09:36"},{"nodeID":"1310115","text":"Asserting","type":"YA","timestamp":"2023-11-09 13:09:36"},{"nodeID":"1310116","text":"Default Transition","type":"TA","timestamp":"2023-11-09 13:09:36"},{"nodeID":"1310117","text":"we mustn't look at this government","type":"I","timestamp":"2023-11-09 13:09:37"},{"nodeID":"1310118","text":"Analysing","type":"YA","timestamp":"2023-11-09 13:09:37"},{"nodeID":"1310119","text":"AudienceMember 20220512QT14: We mustn't look at this government","type":"L","timestamp":"2023-11-09 13:09:37"},{"nodeID":"1310120","text":"Calum: AudienceMember 20220512QT14: We mustn't look at this government","type":"L","timestamp":"2023-11-09 13:09:37"},{"nodeID":"1310121","text":"Asserting","type":"YA","timestamp":"2023-11-09 13:09:37"},{"nodeID":"1310122","text":"this government were perfectly honest about who they were and about the money they've got and the way they spend it","type":"I","timestamp":"2023-11-09 13:09:37"},{"nodeID":"1310123","text":"AudienceMember 20220512QT14: This government were perfectly honest about who they were and about the money they've got and the way they spend it","type":"L","timestamp":"2023-11-09 13:09:37"},{"nodeID":"1310124","text":"Analysing","type":"YA","timestamp":"2023-11-09 13:09:37"},{"nodeID":"1310125","text":"Calum: AudienceMember 20220512QT14: This government were perfectly honest about who they were and about the money they've got and the way they spend it","type":"L","timestamp":"2023-11-09 13:09:37"},{"nodeID":"1310126","text":"Asserting","type":"YA","timestamp":"2023-11-09 13:09:37"},{"nodeID":"1310127","text":"it is the public's fault for putting the government there","type":"I","timestamp":"2023-11-09 13:09:38"},{"nodeID":"1310128","text":"Analysing","type":"YA","timestamp":"2023-11-09 13:09:38"},{"nodeID":"1310129","text":"AudienceMember 20220512QT14: It's our fault for putting them there","type":"L","timestamp":"2023-11-09 13:09:38"},{"nodeID":"1310130","text":"Calum: AudienceMember 20220512QT14: It's our fault for putting them there","type":"L","timestamp":"2023-11-09 13:09:38"},{"nodeID":"1310131","text":"Asserting","type":"YA","timestamp":"2023-11-09 13:09:38"},{"nodeID":"1310132","text":"Default Transition","type":"TA","timestamp":"2023-11-09 13:09:38"},{"nodeID":"1310133","text":"Default Inference","type":"RA","timestamp":"2023-11-09 13:09:38"},{"nodeID":"1310134","text":"Arguing","type":"YA","timestamp":"2023-11-09 13:09:38"},{"nodeID":"1310135","text":"Default Transition","type":"TA","timestamp":"2023-11-09 13:09:38"},{"nodeID":"1310136","text":"Default Conflict","type":"CA","timestamp":"2023-11-09 13:09:38"},{"nodeID":"1310137","text":"Disagreeing","type":"YA","timestamp":"2023-11-09 13:09:38"},{"nodeID":"1310138","text":"Default Transition","type":"TA","timestamp":"2023-11-09 13:09:38"},{"nodeID":"1310139","text":"Default Inference","type":"RA","timestamp":"2023-11-09 13:09:38"},{"nodeID":"1310140","text":"Arguing","type":"YA","timestamp":"2023-11-09 13:09:38"},{"nodeID":"1310141","text":"Default Transition","type":"TA","timestamp":"2023-11-09 13:09:38"},{"nodeID":"1310142","text":"it's a really, really worrying time","type":"I","timestamp":"2023-11-09 13:09:39"},{"nodeID":"1310143","text":"Jack Thorne: it's a really, really worrying time","type":"L","timestamp":"2023-11-09 13:09:39"},{"nodeID":"1310144","text":"Analysing","type":"YA","timestamp":"2023-11-09 13:09:39"},{"nodeID":"1310145","text":"Calum: Jack Thorne: it's a really, really worrying time","type":"L","timestamp":"2023-11-09 13:09:39"},{"nodeID":"1310146","text":"Asserting","type":"YA","timestamp":"2023-11-09 13:09:39"},{"nodeID":"1310147","text":"people call it a cost of living crisis","type":"I","timestamp":"2023-11-09 13:09:39"},{"nodeID":"1310148","text":"Jack Thorne: people call it a cost of living crisis","type":"L","timestamp":"2023-11-09 13:09:39"},{"nodeID":"1310149","text":"Analysing","type":"YA","timestamp":"2023-11-09 13:09:39"},{"nodeID":"1310150","text":"Calum: Jack Thorne: people call it a cost of living crisis","type":"L","timestamp":"2023-11-09 13:09:39"},{"nodeID":"1310151","text":"Asserting","type":"YA","timestamp":"2023-11-09 13:09:39"},{"nodeID":"1310152","text":"Default Transition","type":"TA","timestamp":"2023-11-09 13:09:39"},{"nodeID":"1310153","text":"I think it's a cost of living emergency","type":"I","timestamp":"2023-11-09 13:09:40"},{"nodeID":"1310154","text":"Jack Thorne: I think it's a cost of living emergency","type":"L","timestamp":"2023-11-09 13:09:40"},{"nodeID":"1310155","text":"Calum: Jack Thorne: I think it's a cost of living emergency","type":"L","timestamp":"2023-11-09 13:09:40"},{"nodeID":"1310156","text":"Analysing","type":"YA","timestamp":"2023-11-09 13:09:40"},{"nodeID":"1310157","text":"Asserting","type":"YA","timestamp":"2023-11-09 13:09:40"},{"nodeID":"1310158","text":"Default Transition","type":"TA","timestamp":"2023-11-09 13:09:40"},{"nodeID":"1310159","text":"Default Conflict","type":"CA","timestamp":"2023-11-09 13:09:40"},{"nodeID":"1310160","text":"Default Transition","type":"TA","timestamp":"2023-11-09 13:09:40"},{"nodeID":"1310161","text":"Disagreeing","type":"YA","timestamp":"2023-11-09 13:09:40"},{"nodeID":"1310162","text":"we're in real trouble","type":"I","timestamp":"2023-11-09 13:09:40"},{"nodeID":"1310163","text":"Jack Thorne: We're in real trouble","type":"L","timestamp":"2023-11-09 13:09:40"},{"nodeID":"1310164","text":"Calum: Jack Thorne: We're in real trouble","type":"L","timestamp":"2023-11-09 13:09:40"},{"nodeID":"1310165","text":"Analysing","type":"YA","timestamp":"2023-11-09 13:09:40"},{"nodeID":"1310166","text":"Asserting","type":"YA","timestamp":"2023-11-09 13:09:40"},{"nodeID":"1310167","text":"Jack Thorne is really scared about what's going to happen next","type":"I","timestamp":"2023-11-09 13:09:41"},{"nodeID":"1310168","text":"Jack Thorne: I'm really scared about what's going to happen next","type":"L","timestamp":"2023-11-09 13:09:41"},{"nodeID":"1310169","text":"Calum: Jack Thorne: I'm really scared about what's going to happen next","type":"L","timestamp":"2023-11-09 13:09:41"},{"nodeID":"1310170","text":"Analysing","type":"YA","timestamp":"2023-11-09 13:09:41"},{"nodeID":"1310171","text":"Asserting","type":"YA","timestamp":"2023-11-09 13:09:41"},{"nodeID":"1310172","text":"23.5 million people have to make really difficult choices","type":"I","timestamp":"2023-11-09 13:09:42"},{"nodeID":"1310173","text":"Analysing","type":"YA","timestamp":"2023-11-09 13:09:42"},{"nodeID":"1310174","text":"Calum: Jack Thorne: 23.5 million people have to make really difficult choices","type":"L","timestamp":"2023-11-09 13:09:42"},{"nodeID":"1310175","text":"Jack Thorne: 23.5 million people have to make really difficult choices","type":"L","timestamp":"2023-11-09 13:09:42"},{"nodeID":"1310176","text":"Asserting","type":"YA","timestamp":"2023-11-09 13:09:42"},{"nodeID":"1310177","text":"it is the most vulnerable in our society that's going to suffer","type":"I","timestamp":"2023-11-09 13:09:42"},{"nodeID":"1310178","text":"Jack Thorne:  it is the most vulnerable in our society that's going to suffer","type":"L","timestamp":"2023-11-09 13:09:42"},{"nodeID":"1310179","text":"Analysing","type":"YA","timestamp":"2023-11-09 13:09:42"},{"nodeID":"1310180","text":"Calum: Jack Thorne:  it is the most vulnerable in our society that's going to suffer","type":"L","timestamp":"2023-11-09 13:09:42"},{"nodeID":"1310181","text":"Asserting","type":"YA","timestamp":"2023-11-09 13:09:42"},{"nodeID":"1310182","text":"the cost of living emergency is an historical problem","type":"I","timestamp":"2023-11-09 13:09:43"},{"nodeID":"1310183","text":"Analysing","type":"YA","timestamp":"2023-11-09 13:09:43"},{"nodeID":"1310184","text":"Jack Thorne:  it is an historical problem","type":"L","timestamp":"2023-11-09 13:09:43"},{"nodeID":"1310185","text":"Calum: Jack Thorne:  it is an historical problem","type":"L","timestamp":"2023-11-09 13:09:43"},{"nodeID":"1310186","text":"Asserting","type":"YA","timestamp":"2023-11-09 13:09:43"},{"nodeID":"1310187","text":"the cost of living emergency is not just something that's happened in the last 12 months","type":"I","timestamp":"2023-11-09 13:09:43"},{"nodeID":"1310188","text":"Jack Thorne: It's not just something that's happened in the last 12 months","type":"L","timestamp":"2023-11-09 13:09:43"},{"nodeID":"1310189","text":"Analysing","type":"YA","timestamp":"2023-11-09 13:09:43"},{"nodeID":"1310190","text":"Calum: Jack Thorne: It's not just something that's happened in the last 12 months","type":"L","timestamp":"2023-11-09 13:09:43"},{"nodeID":"1310191","text":"Asserting","type":"YA","timestamp":"2023-11-09 13:09:43"},{"nodeID":"1310192","text":"the cost of living emergency is something that's happened since so called austerity where the government made a lot of very political decisions about how they were going to save money","type":"I","timestamp":"2023-11-09 13:09:44"},{"nodeID":"1310193","text":"Jack Thorne: It's something that's happened since so called austerity where the government made a lot of very political decisions about how they were going to save money","type":"L","timestamp":"2023-11-09 13:09:44"},{"nodeID":"1310194","text":"Analysing","type":"YA","timestamp":"2023-11-09 13:09:44"},{"nodeID":"1310195","text":"Calum: Jack Thorne: It's something that's happened since so called austerity where the government made a lot of very political decisions about how they were going to save money","type":"L","timestamp":"2023-11-09 13:09:44"},{"nodeID":"1310196","text":"Asserting","type":"YA","timestamp":"2023-11-09 13:09:44"},{"nodeID":"1310197","text":"the way that they save money generally was by cutting benefits","type":"I","timestamp":"2023-11-09 13:09:44"},{"nodeID":"1310198","text":"Analysing","type":"YA","timestamp":"2023-11-09 13:09:44"},{"nodeID":"1310199","text":"Jack Thorne: the way that they save money generally was by cutting benefits","type":"L","timestamp":"2023-11-09 13:09:44"},{"nodeID":"1310200","text":"Calum: Jack Thorne: the way that they save money generally was by cutting benefits","type":"L","timestamp":"2023-11-09 13:09:44"},{"nodeID":"1310201","text":"Asserting","type":"YA","timestamp":"2023-11-09 13:09:44"},{"nodeID":"1310202","text":"we've got this ridiculous universal credit which doesn't make sense","type":"I","timestamp":"2023-11-09 13:09:45"},{"nodeID":"1310203","text":"Jack Thorne: we've got this ridiculous universal credit which doesn't make sense","type":"L","timestamp":"2023-11-09 13:09:45"},{"nodeID":"1310204","text":"Calum: Jack Thorne: we've got this ridiculous universal credit which doesn't make sense","type":"L","timestamp":"2023-11-09 13:09:45"},{"nodeID":"1310205","text":"Analysing","type":"YA","timestamp":"2023-11-09 13:09:45"},{"nodeID":"1310206","text":"Asserting","type":"YA","timestamp":"2023-11-09 13:09:45"},{"nodeID":"1310207","text":"the loss of legacy benefits and the way that legacy benefits have moved across to universal credit, it's disgraceful","type":"I","timestamp":"2023-11-09 13:09:46"},{"nodeID":"1310208","text":"Jack Thorne: the loss of legacy benefits and the way that legacy benefits have moved across to universal credit, it's disgraceful","type":"L","timestamp":"2023-11-09 13:09:46"},{"nodeID":"1310209","text":"Calum: Jack Thorne: the loss of legacy benefits and the way that legacy benefits have moved across to universal credit, it's disgraceful","type":"L","timestamp":"2023-11-09 13:09:46"},{"nodeID":"1310210","text":"Analysing","type":"YA","timestamp":"2023-11-09 13:09:46"},{"nodeID":"1310211","text":"Asserting","type":"YA","timestamp":"2023-11-09 13:09:46"},{"nodeID":"1310212","text":"the loss of legacy benefits and the way that legacy benefits have moved across to universal credit is disgraceful","type":"I","timestamp":"2023-11-09 13:09:46"},{"nodeID":"1310213","text":"Jack Thorne: It's disgraceful","type":"L","timestamp":"2023-11-09 13:09:46"},{"nodeID":"1310214","text":"Analysing","type":"YA","timestamp":"2023-11-09 13:09:46"},{"nodeID":"1310215","text":"Calum: Jack Thorne: It's disgraceful","type":"L","timestamp":"2023-11-09 13:09:46"},{"nodeID":"1310216","text":"Asserting","type":"YA","timestamp":"2023-11-09 13:09:46"},{"nodeID":"1310217","text":"the loss of legacy benefits and the way that legacy benefits have moved across to universal credit is going to lead to people dying","type":"I","timestamp":"2023-11-09 13:09:47"},{"nodeID":"1310218","text":"Jack Thorne: it's going to lead to people dying","type":"L","timestamp":"2023-11-09 13:09:47"},{"nodeID":"1310219","text":"Calum: Jack Thorne: it's going to lead to people dying","type":"L","timestamp":"2023-11-09 13:09:47"},{"nodeID":"1310220","text":"Analysing","type":"YA","timestamp":"2023-11-09 13:09:47"},{"nodeID":"1310221","text":"Asserting","type":"YA","timestamp":"2023-11-09 13:09:47"},{"nodeID":"1310222","text":"Jack Thorne is really, really scared","type":"I","timestamp":"2023-11-09 13:09:47"},{"nodeID":"1310223","text":"Analysing","type":"YA","timestamp":"2023-11-09 13:09:47"},{"nodeID":"1310224","text":"Jack Thorne: I'm really, really scared","type":"L","timestamp":"2023-11-09 13:09:47"},{"nodeID":"1310225","text":"Calum: Jack Thorne: I'm really, really scared","type":"L","timestamp":"2023-11-09 13:09:47"},{"nodeID":"1310226","text":"Asserting","type":"YA","timestamp":"2023-11-09 13:09:47"},{"nodeID":"1310227","text":"Default Transition","type":"TA","timestamp":"2023-11-09 13:09:47"},{"nodeID":"1310228","text":"Default Transition","type":"TA","timestamp":"2023-11-09 13:09:47"},{"nodeID":"1310229","text":"Default Rephrase","type":"MA","timestamp":"2023-11-09 13:09:47"},{"nodeID":"1310230","text":"Restating","type":"YA","timestamp":"2023-11-09 13:09:47"},{"nodeID":"1310231","text":"Default Transition","type":"TA","timestamp":"2023-11-09 13:09:47"},{"nodeID":"1310232","text":"Default Transition","type":"TA","timestamp":"2023-11-09 13:09:47"},{"nodeID":"1310233","text":"Default Transition","type":"TA","timestamp":"2023-11-09 13:09:47"},{"nodeID":"1310234","text":"Default Rephrase","type":"MA","timestamp":"2023-11-09 13:09:47"},{"nodeID":"1310235","text":"Restating","type":"YA","timestamp":"2023-11-09 13:09:47"},{"nodeID":"1310236","text":"Default Transition","type":"TA","timestamp":"2023-11-09 13:09:47"},{"nodeID":"1310237","text":"Default Inference","type":"RA","timestamp":"2023-11-09 13:09:47"},{"nodeID":"1310238","text":"Default Transition","type":"TA","timestamp":"2023-11-09 13:09:47"},{"nodeID":"1310239","text":"Arguing","type":"YA","timestamp":"2023-11-09 13:09:47"},{"nodeID":"1310240","text":"Default Transition","type":"TA","timestamp":"2023-11-09 13:09:47"},{"nodeID":"1310241","text":"Default Rephrase","type":"MA","timestamp":"2023-11-09 13:09:47"},{"nodeID":"1310242","text":"Restating","type":"YA","timestamp":"2023-11-09 13:09:47"},{"nodeID":"1310243","text":"Default Transition","type":"TA","timestamp":"2023-11-09 13:09:47"},{"nodeID":"1310244","text":"Default Transition","type":"TA","timestamp":"2023-11-09 13:09:47"},{"nodeID":"1310245","text":"Default Transition","type":"TA","timestamp":"2023-11-09 13:09:47"},{"nodeID":"1310246","text":"Default Transition","type":"TA","timestamp":"2023-11-09 13:09:47"},{"nodeID":"1310247","text":"Default Inference","type":"RA","timestamp":"2023-11-09 13:09:47"},{"nodeID":"1310248","text":"Arguing","type":"YA","timestamp":"2023-11-09 13:09:47"},{"nodeID":"1310249","text":"Default Transition","type":"TA","timestamp":"2023-11-09 13:09:47"},{"nodeID":"1310250","text":"Default Rephrase","type":"MA","timestamp":"2023-11-09 13:09:47"},{"nodeID":"1310251","text":"Restating","type":"YA","timestamp":"2023-11-09 13:09:47"},{"nodeID":"1310252","text":"Default Inference","type":"RA","timestamp":"2023-11-09 13:09:47"},{"nodeID":"1310253","text":"Default Transition","type":"TA","timestamp":"2023-11-09 13:09:47"},{"nodeID":"1310254","text":"Arguing","type":"YA","timestamp":"2023-11-09 13:09:47"},{"nodeID":"1310255","text":"Default Inference","type":"RA","timestamp":"2023-11-09 13:09:47"},{"nodeID":"1310256","text":"Arguing","type":"YA","timestamp":"2023-11-09 13:09:47"}],"edges":[{"edgeID":"1720500","fromID":"1310104","toID":"1310103","formEdgeID":null},{"edgeID":"1720501","fromID":"1310105","toID":"1310104","formEdgeID":null},{"edgeID":"1720502","fromID":"1310103","toID":"1310106","formEdgeID":null},{"edgeID":"1720503","fromID":"1310106","toID":"1310102","formEdgeID":null},{"edgeID":"1720504","fromID":"1310109","toID":"1310110","formEdgeID":null},{"edgeID":"1720505","fromID":"1310108","toID":"1310109","formEdgeID":null},{"edgeID":"1720506","fromID":"1310113","toID":"1310112","formEdgeID":null},{"edgeID":"1720507","fromID":"1310112","toID":"1310111","formEdgeID":null},{"edgeID":"1720508","fromID":"1310111","toID":"1310114","formEdgeID":null},{"edgeID":"1720509","fromID":"1310114","toID":"1310107","formEdgeID":null},{"edgeID":"1720510","fromID":"1310110","toID":"1310115","formEdgeID":null},{"edgeID":"1720511","fromID":"1310115","toID":"1310111","formEdgeID":null},{"edgeID":"1720512","fromID":"1310103","toID":"1310116","formEdgeID":null},{"edgeID":"1720513","fromID":"1310116","toID":"1310110","formEdgeID":null},{"edgeID":"1720514","fromID":"1310118","toID":"1310119","formEdgeID":null},{"edgeID":"1720515","fromID":"1310120","toID":"1310118","formEdgeID":null},{"edgeID":"1720516","fromID":"1310119","toID":"1310121","formEdgeID":null},{"edgeID":"1720517","fromID":"1310121","toID":"1310117","formEdgeID":null},{"edgeID":"1720518","fromID":"1310124","toID":"1310123","formEdgeID":null},{"edgeID":"1720519","fromID":"1310125","toID":"1310124","formEdgeID":null},{"edgeID":"1720520","fromID":"1310123","toID":"1310126","formEdgeID":null},{"edgeID":"1720521","fromID":"1310126","toID":"1310122","formEdgeID":null},{"edgeID":"1720522","fromID":"1310130","toID":"1310128","formEdgeID":null},{"edgeID":"1720523","fromID":"1310128","toID":"1310129","formEdgeID":null},{"edgeID":"1720524","fromID":"1310129","toID":"1310131","formEdgeID":null},{"edgeID":"1720525","fromID":"1310131","toID":"1310127","formEdgeID":null},{"edgeID":"1720526","fromID":"1310103","toID":"1310132","formEdgeID":null},{"edgeID":"1720527","fromID":"1310132","toID":"1310129","formEdgeID":null},{"edgeID":"1720528","fromID":"1310127","toID":"1310133","formEdgeID":null},{"edgeID":"1720529","fromID":"1310133","toID":"1310102","formEdgeID":null},{"edgeID":"1720530","fromID":"1310132","toID":"1310134","formEdgeID":null},{"edgeID":"1720531","fromID":"1310134","toID":"1310133","formEdgeID":null},{"edgeID":"1720532","fromID":"1310135","toID":"1310119","formEdgeID":null},{"edgeID":"1720533","fromID":"1310110","toID":"1310135","formEdgeID":null},{"edgeID":"1720534","fromID":"1310117","toID":"1310136","formEdgeID":null},{"edgeID":"1720535","fromID":"1310136","toID":"1310107","formEdgeID":null},{"edgeID":"1720536","fromID":"1310135","toID":"1310137","formEdgeID":null},{"edgeID":"1720537","fromID":"1310137","toID":"1310136","formEdgeID":null},{"edgeID":"1720538","fromID":"1310119","toID":"1310138","formEdgeID":null},{"edgeID":"1720539","fromID":"1310138","toID":"1310123","formEdgeID":null},{"edgeID":"1720540","fromID":"1310122","toID":"1310139","formEdgeID":null},{"edgeID":"1720541","fromID":"1310139","toID":"1310117","formEdgeID":null},{"edgeID":"1720542","fromID":"1310138","toID":"1310140","formEdgeID":null},{"edgeID":"1720543","fromID":"1310140","toID":"1310139","formEdgeID":null},{"edgeID":"1720544","fromID":"1310122","toID":"1310133","formEdgeID":null},{"edgeID":"1720545","fromID":"1310103","toID":"1310141","formEdgeID":null},{"edgeID":"1720546","fromID":"1310141","toID":"1310123","formEdgeID":null},{"edgeID":"1720547","fromID":"1310144","toID":"1310143","formEdgeID":null},{"edgeID":"1720548","fromID":"1310145","toID":"1310144","formEdgeID":null},{"edgeID":"1720549","fromID":"1310143","toID":"1310146","formEdgeID":null},{"edgeID":"1720550","fromID":"1310146","toID":"1310142","formEdgeID":null},{"edgeID":"1720551","fromID":"1310149","toID":"1310148","formEdgeID":null},{"edgeID":"1720552","fromID":"1310150","toID":"1310149","formEdgeID":null},{"edgeID":"1720553","fromID":"1310151","toID":"1310147","formEdgeID":null},{"edgeID":"1720554","fromID":"1310148","toID":"1310151","formEdgeID":null},{"edgeID":"1720555","fromID":"1310152","toID":"1310143","formEdgeID":null},{"edgeID":"1720556","fromID":"1310129","toID":"1310152","formEdgeID":null},{"edgeID":"1720557","fromID":"1310156","toID":"1310154","formEdgeID":null},{"edgeID":"1720558","fromID":"1310155","toID":"1310156","formEdgeID":null},{"edgeID":"1720559","fromID":"1310154","toID":"1310157","formEdgeID":null},{"edgeID":"1720560","fromID":"1310157","toID":"1310153","formEdgeID":null},{"edgeID":"1720561","fromID":"1310148","toID":"1310158","formEdgeID":null},{"edgeID":"1720562","fromID":"1310158","toID":"1310154","formEdgeID":null},{"edgeID":"1720563","fromID":"1310153","toID":"1310159","formEdgeID":null},{"edgeID":"1720564","fromID":"1310159","toID":"1310147","formEdgeID":null},{"edgeID":"1720565","fromID":"1310143","toID":"1310160","formEdgeID":null},{"edgeID":"1720566","fromID":"1310160","toID":"1310148","formEdgeID":null},{"edgeID":"1720567","fromID":"1310161","toID":"1310159","formEdgeID":null},{"edgeID":"1720568","fromID":"1310158","toID":"1310161","formEdgeID":null},{"edgeID":"1720569","fromID":"1310165","toID":"1310163","formEdgeID":null},{"edgeID":"1720570","fromID":"1310164","toID":"1310165","formEdgeID":null},{"edgeID":"1720571","fromID":"1310163","toID":"1310166","formEdgeID":null},{"edgeID":"1720572","fromID":"1310166","toID":"1310162","formEdgeID":null},{"edgeID":"1720573","fromID":"1310170","toID":"1310168","formEdgeID":null},{"edgeID":"1720574","fromID":"1310169","toID":"1310170","formEdgeID":null},{"edgeID":"1720575","fromID":"1310168","toID":"1310171","formEdgeID":null},{"edgeID":"1720576","fromID":"1310171","toID":"1310167","formEdgeID":null},{"edgeID":"1720577","fromID":"1310174","toID":"1310173","formEdgeID":null},{"edgeID":"1720578","fromID":"1310173","toID":"1310175","formEdgeID":null},{"edgeID":"1720579","fromID":"1310175","toID":"1310176","formEdgeID":null},{"edgeID":"1720580","fromID":"1310176","toID":"1310172","formEdgeID":null},{"edgeID":"1720581","fromID":"1310179","toID":"1310178","formEdgeID":null},{"edgeID":"1720582","fromID":"1310180","toID":"1310179","formEdgeID":null},{"edgeID":"1720583","fromID":"1310178","toID":"1310181","formEdgeID":null},{"edgeID":"1720584","fromID":"1310181","toID":"1310177","formEdgeID":null},{"edgeID":"1720585","fromID":"1310183","toID":"1310184","formEdgeID":null},{"edgeID":"1720586","fromID":"1310185","toID":"1310183","formEdgeID":null},{"edgeID":"1720587","fromID":"1310184","toID":"1310186","formEdgeID":null},{"edgeID":"1720588","fromID":"1310186","toID":"1310182","formEdgeID":null},{"edgeID":"1720589","fromID":"1310189","toID":"1310188","formEdgeID":null},{"edgeID":"1720590","fromID":"1310190","toID":"1310189","formEdgeID":null},{"edgeID":"1720591","fromID":"1310188","toID":"1310191","formEdgeID":null},{"edgeID":"1720592","fromID":"1310191","toID":"1310187","formEdgeID":null},{"edgeID":"1720593","fromID":"1310194","toID":"1310193","formEdgeID":null},{"edgeID":"1720594","fromID":"1310195","toID":"1310194","formEdgeID":null},{"edgeID":"1720595","fromID":"1310193","toID":"1310196","formEdgeID":null},{"edgeID":"1720596","fromID":"1310196","toID":"1310192","formEdgeID":null},{"edgeID":"1720597","fromID":"1310200","toID":"1310198","formEdgeID":null},{"edgeID":"1720598","fromID":"1310198","toID":"1310199","formEdgeID":null},{"edgeID":"1720599","fromID":"1310199","toID":"1310201","formEdgeID":null},{"edgeID":"1720600","fromID":"1310201","toID":"1310197","formEdgeID":null},{"edgeID":"1720601","fromID":"1310205","toID":"1310203","formEdgeID":null},{"edgeID":"1720602","fromID":"1310204","toID":"1310205","formEdgeID":null},{"edgeID":"1720603","fromID":"1310203","toID":"1310206","formEdgeID":null},{"edgeID":"1720604","fromID":"1310206","toID":"1310202","formEdgeID":null},{"edgeID":"1720605","fromID":"1310210","toID":"1310208","formEdgeID":null},{"edgeID":"1720606","fromID":"1310209","toID":"1310210","formEdgeID":null},{"edgeID":"1720607","fromID":"1310208","toID":"1310211","formEdgeID":null},{"edgeID":"1720608","fromID":"1310211","toID":"1310207","formEdgeID":null},{"edgeID":"1720609","fromID":"1310214","toID":"1310213","formEdgeID":null},{"edgeID":"1720610","fromID":"1310215","toID":"1310214","formEdgeID":null},{"edgeID":"1720611","fromID":"1310213","toID":"1310216","formEdgeID":null},{"edgeID":"1720612","fromID":"1310216","toID":"1310212","formEdgeID":null},{"edgeID":"1720613","fromID":"1310220","toID":"1310218","formEdgeID":null},{"edgeID":"1720614","fromID":"1310219","toID":"1310220","formEdgeID":null},{"edgeID":"1720615","fromID":"1310218","toID":"1310221","formEdgeID":null},{"edgeID":"1720616","fromID":"1310221","toID":"1310217","formEdgeID":null},{"edgeID":"1720617","fromID":"1310223","toID":"1310224","formEdgeID":null},{"edgeID":"1720618","fromID":"1310225","toID":"1310223","formEdgeID":null},{"edgeID":"1720619","fromID":"1310224","toID":"1310226","formEdgeID":null},{"edgeID":"1720620","fromID":"1310226","toID":"1310222","formEdgeID":null},{"edgeID":"1720621","fromID":"1310154","toID":"1310227","formEdgeID":null},{"edgeID":"1720622","fromID":"1310227","toID":"1310163","formEdgeID":null},{"edgeID":"1720623","fromID":"1310163","toID":"1310228","formEdgeID":null},{"edgeID":"1720624","fromID":"1310228","toID":"1310168","formEdgeID":null},{"edgeID":"1720625","fromID":"1310229","toID":"1310162","formEdgeID":null},{"edgeID":"1720626","fromID":"1310167","toID":"1310229","formEdgeID":null},{"edgeID":"1720627","fromID":"1310228","toID":"1310230","formEdgeID":null},{"edgeID":"1720628","fromID":"1310230","toID":"1310229","formEdgeID":null},{"edgeID":"1720629","fromID":"1310231","toID":"1310175","formEdgeID":null},{"edgeID":"1720630","fromID":"1310168","toID":"1310231","formEdgeID":null},{"edgeID":"1720631","fromID":"1310168","toID":"1310232","formEdgeID":null},{"edgeID":"1720632","fromID":"1310232","toID":"1310178","formEdgeID":null},{"edgeID":"1720633","fromID":"1310184","toID":"1310233","formEdgeID":null},{"edgeID":"1720634","fromID":"1310233","toID":"1310188","formEdgeID":null},{"edgeID":"1720635","fromID":"1310187","toID":"1310234","formEdgeID":null},{"edgeID":"1720636","fromID":"1310234","toID":"1310182","formEdgeID":null},{"edgeID":"1720637","fromID":"1310233","toID":"1310235","formEdgeID":null},{"edgeID":"1720638","fromID":"1310235","toID":"1310234","formEdgeID":null},{"edgeID":"1720639","fromID":"1310236","toID":"1310193","formEdgeID":null},{"edgeID":"1720640","fromID":"1310188","toID":"1310236","formEdgeID":null},{"edgeID":"1720641","fromID":"1310192","toID":"1310237","formEdgeID":null},{"edgeID":"1720642","fromID":"1310237","toID":"1310187","formEdgeID":null},{"edgeID":"1720643","fromID":"1310197","toID":"1310237","formEdgeID":null},{"edgeID":"1720644","fromID":"1310188","toID":"1310238","formEdgeID":null},{"edgeID":"1720645","fromID":"1310238","toID":"1310199","formEdgeID":null},{"edgeID":"1720646","fromID":"1310238","toID":"1310239","formEdgeID":null},{"edgeID":"1720647","fromID":"1310239","toID":"1310237","formEdgeID":null},{"edgeID":"1720648","fromID":"1310240","toID":"1310213","formEdgeID":null},{"edgeID":"1720649","fromID":"1310208","toID":"1310240","formEdgeID":null},{"edgeID":"1720650","fromID":"1310212","toID":"1310241","formEdgeID":null},{"edgeID":"1720651","fromID":"1310241","toID":"1310207","formEdgeID":null},{"edgeID":"1720652","fromID":"1310240","toID":"1310242","formEdgeID":null},{"edgeID":"1720653","fromID":"1310242","toID":"1310241","formEdgeID":null},{"edgeID":"1720654","fromID":"1310243","toID":"1310184","formEdgeID":null},{"edgeID":"1720655","fromID":"1310178","toID":"1310243","formEdgeID":null},{"edgeID":"1720656","fromID":"1310244","toID":"1310218","formEdgeID":null},{"edgeID":"1720657","fromID":"1310168","toID":"1310244","formEdgeID":null},{"edgeID":"1720658","fromID":"1310203","toID":"1310245","formEdgeID":null},{"edgeID":"1720659","fromID":"1310245","toID":"1310208","formEdgeID":null},{"edgeID":"1720660","fromID":"1310213","toID":"1310246","formEdgeID":null},{"edgeID":"1720661","fromID":"1310246","toID":"1310218","formEdgeID":null},{"edgeID":"1720662","fromID":"1310217","toID":"1310247","formEdgeID":null},{"edgeID":"1720663","fromID":"1310247","toID":"1310212","formEdgeID":null},{"edgeID":"1720664","fromID":"1310246","toID":"1310248","formEdgeID":null},{"edgeID":"1720665","fromID":"1310248","toID":"1310247","formEdgeID":null},{"edgeID":"1720666","fromID":"1310168","toID":"1310249","formEdgeID":null},{"edgeID":"1720667","fromID":"1310249","toID":"1310224","formEdgeID":null},{"edgeID":"1720668","fromID":"1310222","toID":"1310250","formEdgeID":null},{"edgeID":"1720669","fromID":"1310250","toID":"1310167","formEdgeID":null},{"edgeID":"1720670","fromID":"1310249","toID":"1310251","formEdgeID":null},{"edgeID":"1720671","fromID":"1310251","toID":"1310250","formEdgeID":null},{"edgeID":"1720672","fromID":"1310217","toID":"1310252","formEdgeID":null},{"edgeID":"1720673","fromID":"1310252","toID":"1310167","formEdgeID":null},{"edgeID":"1720674","fromID":"1310177","toID":"1310252","formEdgeID":null},{"edgeID":"1720675","fromID":"1310202","toID":"1310252","formEdgeID":null},{"edgeID":"1720676","fromID":"1310168","toID":"1310253","formEdgeID":null},{"edgeID":"1720677","fromID":"1310253","toID":"1310203","formEdgeID":null},{"edgeID":"1720678","fromID":"1310244","toID":"1310254","formEdgeID":null},{"edgeID":"1720679","fromID":"1310254","toID":"1310252","formEdgeID":null},{"edgeID":"1720680","fromID":"1310162","toID":"1310255","formEdgeID":null},{"edgeID":"1720681","fromID":"1310255","toID":"1310153","formEdgeID":null},{"edgeID":"1720682","fromID":"1310227","toID":"1310256","formEdgeID":null},{"edgeID":"1720683","fromID":"1310256","toID":"1310255","formEdgeID":null}],"locutions":[]}