{"nodes":[{"nodeID":"1310718","text":"it's a tough job being Chancellor of the Exchequer","type":"I","timestamp":"2023-11-09 13:10:30"},{"nodeID":"1310719","text":"Damian Green: It's a tough job being Chancellor of the Exchequer","type":"L","timestamp":"2023-11-09 13:10:30"},{"nodeID":"1310720","text":"Analysing","type":"YA","timestamp":"2023-11-09 13:10:30"},{"nodeID":"1310721","text":"Ella: Damian Green: It's a tough job being Chancellor of the Exchequer","type":"L","timestamp":"2023-11-09 13:10:30"},{"nodeID":"1310722","text":"Asserting","type":"YA","timestamp":"2023-11-09 13:10:30"},{"nodeID":"1310723","text":"the job of Chancellor of the Exchequer is particularly tough at the time of a global crisis","type":"I","timestamp":"2023-11-09 13:10:30"},{"nodeID":"1310724","text":"Damian Green: it's particularly tough at the time of a global crisis","type":"L","timestamp":"2023-11-09 13:10:30"},{"nodeID":"1310725","text":"Analysing","type":"YA","timestamp":"2023-11-09 13:10:30"},{"nodeID":"1310726","text":"Ella: Damian Green: it's particularly tough at the time of a global crisis","type":"L","timestamp":"2023-11-09 13:10:30"},{"nodeID":"1310727","text":"Asserting","type":"YA","timestamp":"2023-11-09 13:10:30"},{"nodeID":"1310728","text":"Default Rephrase","type":"MA","timestamp":"2023-11-09 13:10:30"},{"nodeID":"1310729","text":"Default Transition","type":"TA","timestamp":"2023-11-09 13:10:30"},{"nodeID":"1310730","text":"Restating","type":"YA","timestamp":"2023-11-09 13:10:30"},{"nodeID":"1310731","text":"the idea that the government can keep spending money","type":"I","timestamp":"2023-11-09 13:10:31"},{"nodeID":"1310732","text":"Damian Green: the idea that the government can keep spending money","type":"L","timestamp":"2023-11-09 13:10:31"},{"nodeID":"1310733","text":"Analysing","type":"YA","timestamp":"2023-11-09 13:10:31"},{"nodeID":"1310734","text":"Ella: Damian Green: the idea that the government can keep spending money","type":"L","timestamp":"2023-11-09 13:10:31"},{"nodeID":"1310735","text":"Asserting","type":"YA","timestamp":"2023-11-09 13:10:31"},{"nodeID":"1310736","text":"the government's money is in the end your money","type":"I","timestamp":"2023-11-09 13:10:31"},{"nodeID":"1310737","text":"Damian Green: in the end your money","type":"L","timestamp":"2023-11-09 13:10:31"},{"nodeID":"1310738","text":"Analysing","type":"YA","timestamp":"2023-11-09 13:10:31"},{"nodeID":"1310739","text":"Ella: Damian Green: in the end your money","type":"L","timestamp":"2023-11-09 13:10:31"},{"nodeID":"1310740","text":"Asserting","type":"YA","timestamp":"2023-11-09 13:10:31"},{"nodeID":"1310741","text":"Default Transition","type":"TA","timestamp":"2023-11-09 13:10:31"},{"nodeID":"1310742","text":"Default Transition","type":"TA","timestamp":"2023-11-09 13:10:31"},{"nodeID":"1310743","text":"governments don't have any money","type":"I","timestamp":"2023-11-09 13:10:32"},{"nodeID":"1310744","text":"Damian Green: governments don't have any money","type":"L","timestamp":"2023-11-09 13:10:32"},{"nodeID":"1310745","text":"Analysing","type":"YA","timestamp":"2023-11-09 13:10:32"},{"nodeID":"1310746","text":"Ella: Damian Green: governments don't have any money","type":"L","timestamp":"2023-11-09 13:10:32"},{"nodeID":"1310747","text":"Asserting","type":"YA","timestamp":"2023-11-09 13:10:32"},{"nodeID":"1310748","text":"all the money governments gets they raise from taxes","type":"I","timestamp":"2023-11-09 13:10:33"},{"nodeID":"1310749","text":"Damian Green: all the money they get they raise from taxes","type":"L","timestamp":"2023-11-09 13:10:33"},{"nodeID":"1310750","text":"Analysing","type":"YA","timestamp":"2023-11-09 13:10:33"},{"nodeID":"1310751","text":"Ella: Damian Green: all the money they get they raise from taxes","type":"L","timestamp":"2023-11-09 13:10:33"},{"nodeID":"1310752","text":"Asserting","type":"YA","timestamp":"2023-11-09 13:10:33"},{"nodeID":"1310753","text":"governments tax businesses","type":"I","timestamp":"2023-11-09 13:10:33"},{"nodeID":"1310754","text":"Damian Green: they tax businesses","type":"L","timestamp":"2023-11-09 13:10:33"},{"nodeID":"1310755","text":"Analysing","type":"YA","timestamp":"2023-11-09 13:10:33"},{"nodeID":"1310756","text":"Ella: Damian Green: they tax businesses","type":"L","timestamp":"2023-11-09 13:10:33"},{"nodeID":"1310757","text":"Asserting","type":"YA","timestamp":"2023-11-09 13:10:33"},{"nodeID":"1310758","text":"businesses respond by laying people off","type":"I","timestamp":"2023-11-09 13:10:34"},{"nodeID":"1310759","text":"Damian Green: businesses respond by laying people off","type":"L","timestamp":"2023-11-09 13:10:34"},{"nodeID":"1310760","text":"Analysing","type":"YA","timestamp":"2023-11-09 13:10:34"},{"nodeID":"1310761","text":"Ella: Damian Green: businesses respond by laying people off","type":"L","timestamp":"2023-11-09 13:10:34"},{"nodeID":"1310762","text":"Asserting","type":"YA","timestamp":"2023-11-09 13:10:34"},{"nodeID":"1310763","text":"Default Rephrase","type":"MA","timestamp":"2023-11-09 13:10:34"},{"nodeID":"1310764","text":"Default Rephrase","type":"MA","timestamp":"2023-11-09 13:10:34"},{"nodeID":"1310765","text":"Default Transition","type":"TA","timestamp":"2023-11-09 13:10:34"},{"nodeID":"1310766","text":"Default Transition","type":"TA","timestamp":"2023-11-09 13:10:34"},{"nodeID":"1310767","text":"Restating","type":"YA","timestamp":"2023-11-09 13:10:34"},{"nodeID":"1310768","text":"Restating","type":"YA","timestamp":"2023-11-09 13:10:34"},{"nodeID":"1310769","text":"Default Transition","type":"TA","timestamp":"2023-11-09 13:10:34"},{"nodeID":"1310770","text":"Default Transition","type":"TA","timestamp":"2023-11-09 13:10:34"},{"nodeID":"1310771","text":"Default Rephrase","type":"MA","timestamp":"2023-11-09 13:10:34"},{"nodeID":"1310772","text":"Restating","type":"YA","timestamp":"2023-11-09 13:10:34"},{"nodeID":"1310773","text":"Default Inference","type":"RA","timestamp":"2023-11-09 13:10:34"},{"nodeID":"1310774","text":"Arguing","type":"YA","timestamp":"2023-11-09 13:10:34"},{"nodeID":"1310775","text":"how governments raise and spend money affects people as well","type":"I","timestamp":"2023-11-09 13:10:34"},{"nodeID":"1310776","text":"Damian Green: it affects people as well","type":"L","timestamp":"2023-11-09 13:10:34"},{"nodeID":"1310777","text":"Analysing","type":"YA","timestamp":"2023-11-09 13:10:34"},{"nodeID":"1310778","text":"Ella: Damian Green: it affects people as well","type":"L","timestamp":"2023-11-09 13:10:34"},{"nodeID":"1310779","text":"Asserting","type":"YA","timestamp":"2023-11-09 13:10:34"},{"nodeID":"1310780","text":"Default Inference","type":"RA","timestamp":"2023-11-09 13:10:34"},{"nodeID":"1310781","text":"Default Transition","type":"TA","timestamp":"2023-11-09 13:10:34"},{"nodeID":"1310782","text":"Arguing","type":"YA","timestamp":"2023-11-09 13:10:34"},{"nodeID":"1310783","text":"however the government gets money it comes from your pockets in the end","type":"I","timestamp":"2023-11-09 13:10:35"},{"nodeID":"1310784","text":"Damian Green: However the government gets money it comes from your pockets in the end","type":"L","timestamp":"2023-11-09 13:10:35"},{"nodeID":"1310785","text":"Analysing","type":"YA","timestamp":"2023-11-09 13:10:35"},{"nodeID":"1310786","text":"Ella: Damian Green: However the government gets money it comes from your pockets in the end","type":"L","timestamp":"2023-11-09 13:10:35"},{"nodeID":"1310787","text":"Asserting","type":"YA","timestamp":"2023-11-09 13:10:35"},{"nodeID":"1310788","text":"Default Inference","type":"RA","timestamp":"2023-11-09 13:10:35"},{"nodeID":"1310789","text":"Default Transition","type":"TA","timestamp":"2023-11-09 13:10:35"},{"nodeID":"1310790","text":"Arguing","type":"YA","timestamp":"2023-11-09 13:10:35"},{"nodeID":"1310791","text":"picking the right level of money to spend in a crisis is really difficult","type":"I","timestamp":"2023-11-09 13:10:35"},{"nodeID":"1310792","text":"Damian Green: picking the right level of money to spend in a crisis is really difficult","type":"L","timestamp":"2023-11-09 13:10:35"},{"nodeID":"1310793","text":"Analysing","type":"YA","timestamp":"2023-11-09 13:10:35"},{"nodeID":"1310794","text":"Ella: Damian Green: picking the right level of money to spend in a crisis is really difficult","type":"L","timestamp":"2023-11-09 13:10:35"},{"nodeID":"1310795","text":"Asserting","type":"YA","timestamp":"2023-11-09 13:10:35"},{"nodeID":"1310796","text":"Default Inference","type":"RA","timestamp":"2023-11-09 13:10:35"},{"nodeID":"1310797","text":"Default Transition","type":"TA","timestamp":"2023-11-09 13:10:35"},{"nodeID":"1310798","text":"Arguing","type":"YA","timestamp":"2023-11-09 13:10:35"},{"nodeID":"1310799","text":"we are in a howling crisis as the moment","type":"I","timestamp":"2023-11-09 13:10:36"},{"nodeID":"1310800","text":"Damian Green: we are in a howling crisis as the moment","type":"L","timestamp":"2023-11-09 13:10:36"},{"nodeID":"1310801","text":"Analysing","type":"YA","timestamp":"2023-11-09 13:10:36"},{"nodeID":"1310802","text":"Ella: Damian Green: we are in a howling crisis as the moment","type":"L","timestamp":"2023-11-09 13:10:36"},{"nodeID":"1310803","text":"Asserting","type":"YA","timestamp":"2023-11-09 13:10:36"},{"nodeID":"1310804","text":"Default Inference","type":"RA","timestamp":"2023-11-09 13:10:36"},{"nodeID":"1310805","text":"Default Transition","type":"TA","timestamp":"2023-11-09 13:10:36"},{"nodeID":"1310806","text":"Arguing","type":"YA","timestamp":"2023-11-09 13:10:36"},{"nodeID":"1310807","text":"we keep talking about how much MPs get paid and everybody else","type":"I","timestamp":"2023-11-09 13:10:37"},{"nodeID":"1310808","text":"AudienceMember 20220512QT17: we keep talking about how much MPs get paid and everybody else","type":"L","timestamp":"2023-11-09 13:10:37"},{"nodeID":"1310809","text":"Analysing","type":"YA","timestamp":"2023-11-09 13:10:37"},{"nodeID":"1310810","text":"Ella: AudienceMember 20220512QT17: we keep talking about how much MPs get paid and everybody else","type":"L","timestamp":"2023-11-09 13:10:37"},{"nodeID":"1310811","text":"Asserting","type":"YA","timestamp":"2023-11-09 13:10:37"},{"nodeID":"1310812","text":"people need to look at their own local authorities","type":"I","timestamp":"2023-11-09 13:10:37"},{"nodeID":"1310813","text":"AudienceMember 20220512QT17: people need to look at their own local authorities","type":"L","timestamp":"2023-11-09 13:10:37"},{"nodeID":"1310814","text":"Analysing","type":"YA","timestamp":"2023-11-09 13:10:37"},{"nodeID":"1310815","text":"Ella: AudienceMember 20220512QT17: people need to look at their own local authorities","type":"L","timestamp":"2023-11-09 13:10:37"},{"nodeID":"1310816","text":"Asserting","type":"YA","timestamp":"2023-11-09 13:10:37"},{"nodeID":"1310817","text":"Default Transition","type":"TA","timestamp":"2023-11-09 13:10:37"},{"nodeID":"1310818","text":"Default Conflict","type":"CA","timestamp":"2023-11-09 13:10:37"},{"nodeID":"1310819","text":"Default Transition","type":"TA","timestamp":"2023-11-09 13:10:37"},{"nodeID":"1310820","text":"Disagreeing","type":"YA","timestamp":"2023-11-09 13:10:37"},{"nodeID":"1310821","text":"people need to see how much directors and senior directors of their local authorities get paid","type":"I","timestamp":"2023-11-09 13:10:38"},{"nodeID":"1310822","text":"AudienceMember 20220512QT17: see how much directors and senior directors of their local authorities get paid","type":"L","timestamp":"2023-11-09 13:10:38"},{"nodeID":"1310823","text":"Analysing","type":"YA","timestamp":"2023-11-09 13:10:38"},{"nodeID":"1310824","text":"Ella: AudienceMember 20220512QT17: see how much directors and senior directors of their local authorities get paid","type":"L","timestamp":"2023-11-09 13:10:38"},{"nodeID":"1310825","text":"Asserting","type":"YA","timestamp":"2023-11-09 13:10:38"},{"nodeID":"1310826","text":"Default Rephrase","type":"MA","timestamp":"2023-11-09 13:10:38"},{"nodeID":"1310827","text":"Default Transition","type":"TA","timestamp":"2023-11-09 13:10:38"},{"nodeID":"1310828","text":"Restating","type":"YA","timestamp":"2023-11-09 13:10:38"},{"nodeID":"1310829","text":"the money directors of local authorities earn is a huge amount","type":"I","timestamp":"2023-11-09 13:10:38"},{"nodeID":"1310830","text":"AudienceMember 20220512QT17: It's a huge amount","type":"L","timestamp":"2023-11-09 13:10:38"},{"nodeID":"1310831","text":"Analysing","type":"YA","timestamp":"2023-11-09 13:10:38"},{"nodeID":"1310832","text":"Ella: AudienceMember 20220512QT17: It's a huge amount","type":"L","timestamp":"2023-11-09 13:10:38"},{"nodeID":"1310833","text":"Asserting","type":"YA","timestamp":"2023-11-09 13:10:38"},{"nodeID":"1310834","text":"Default Inference","type":"RA","timestamp":"2023-11-09 13:10:38"},{"nodeID":"1310835","text":"Default Transition","type":"TA","timestamp":"2023-11-09 13:10:38"},{"nodeID":"1310836","text":"Arguing","type":"YA","timestamp":"2023-11-09 13:10:38"},{"nodeID":"1310837","text":"from what we've seen the directors of local authorities get paid more than the MPs get paid","type":"I","timestamp":"2023-11-09 13:10:39"},{"nodeID":"1310838","text":"AudienceMember 20220512QT17: From what we've seen they get paid more than the MPs get paid","type":"L","timestamp":"2023-11-09 13:10:39"},{"nodeID":"1310839","text":"Analysing","type":"YA","timestamp":"2023-11-09 13:10:39"},{"nodeID":"1310840","text":"Ella: AudienceMember 20220512QT17: From what we've seen they get paid more than the MPs get paid","type":"L","timestamp":"2023-11-09 13:10:39"},{"nodeID":"1310841","text":"Asserting","type":"YA","timestamp":"2023-11-09 13:10:39"},{"nodeID":"1310842","text":"the directors of local authorities are the people who are supposed to support us as local residents","type":"I","timestamp":"2023-11-09 13:10:39"},{"nodeID":"1310843","text":"AudienceMember 20220512QT17: these are the people who are supposed to support us as local residents","type":"L","timestamp":"2023-11-09 13:10:39"},{"nodeID":"1310844","text":"Analysing","type":"YA","timestamp":"2023-11-09 13:10:39"},{"nodeID":"1310845","text":"Ella: AudienceMember 20220512QT17: these are the people who are supposed to support us as local residents","type":"L","timestamp":"2023-11-09 13:10:39"},{"nodeID":"1310846","text":"Asserting","type":"YA","timestamp":"2023-11-09 13:10:40"},{"nodeID":"1310847","text":"Default Transition","type":"TA","timestamp":"2023-11-09 13:10:40"},{"nodeID":"1310848","text":"Default Rephrase","type":"MA","timestamp":"2023-11-09 13:10:40"},{"nodeID":"1310849","text":"Restating","type":"YA","timestamp":"2023-11-09 13:10:40"},{"nodeID":"1310850","text":"Default Transition","type":"TA","timestamp":"2023-11-09 13:10:40"},{"nodeID":"1310851","text":"xxx is how directors of local authorities get paid more than MPs works","type":"I","timestamp":"2023-11-09 13:10:40"},{"nodeID":"1310852","text":"AudienceMember 20220512QT17:  how does that work","type":"L","timestamp":"2023-11-09 13:10:40"},{"nodeID":"1310853","text":"Analysing","type":"YA","timestamp":"2023-11-09 13:10:40"},{"nodeID":"1310854","text":"Ella: AudienceMember 20220512QT17:  how does that work","type":"L","timestamp":"2023-11-09 13:10:40"},{"nodeID":"1310855","text":"Pure Questioning","type":"YA","timestamp":"2023-11-09 13:10:40"},{"nodeID":"1310856","text":"Default Transition","type":"TA","timestamp":"2023-11-09 13:10:40"},{"nodeID":"1310857","text":"Default Inference","type":"RA","timestamp":"2023-11-09 13:10:40"},{"nodeID":"1310858","text":"Arguing","type":"YA","timestamp":"2023-11-09 13:10:40"}],"edges":[{"edgeID":"1721220","fromID":"1310720","toID":"1310719","formEdgeID":null},{"edgeID":"1721221","fromID":"1310721","toID":"1310720","formEdgeID":null},{"edgeID":"1721222","fromID":"1310719","toID":"1310722","formEdgeID":null},{"edgeID":"1721223","fromID":"1310722","toID":"1310718","formEdgeID":null},{"edgeID":"1721224","fromID":"1310725","toID":"1310724","formEdgeID":null},{"edgeID":"1721225","fromID":"1310726","toID":"1310725","formEdgeID":null},{"edgeID":"1721226","fromID":"1310724","toID":"1310727","formEdgeID":null},{"edgeID":"1721227","fromID":"1310727","toID":"1310723","formEdgeID":null},{"edgeID":"1721228","fromID":"1310723","toID":"1310728","formEdgeID":null},{"edgeID":"1721229","fromID":"1310728","toID":"1310718","formEdgeID":null},{"edgeID":"1721230","fromID":"1310719","toID":"1310729","formEdgeID":null},{"edgeID":"1721231","fromID":"1310729","toID":"1310724","formEdgeID":null},{"edgeID":"1721232","fromID":"1310729","toID":"1310730","formEdgeID":null},{"edgeID":"1721233","fromID":"1310730","toID":"1310728","formEdgeID":null},{"edgeID":"1721234","fromID":"1310733","toID":"1310732","formEdgeID":null},{"edgeID":"1721235","fromID":"1310734","toID":"1310733","formEdgeID":null},{"edgeID":"1721236","fromID":"1310732","toID":"1310735","formEdgeID":null},{"edgeID":"1721237","fromID":"1310735","toID":"1310731","formEdgeID":null},{"edgeID":"1721238","fromID":"1310738","toID":"1310737","formEdgeID":null},{"edgeID":"1721239","fromID":"1310739","toID":"1310738","formEdgeID":null},{"edgeID":"1721240","fromID":"1310737","toID":"1310740","formEdgeID":null},{"edgeID":"1721241","fromID":"1310740","toID":"1310736","formEdgeID":null},{"edgeID":"1721242","fromID":"1310724","toID":"1310741","formEdgeID":null},{"edgeID":"1721243","fromID":"1310741","toID":"1310732","formEdgeID":null},{"edgeID":"1721244","fromID":"1310732","toID":"1310742","formEdgeID":null},{"edgeID":"1721245","fromID":"1310742","toID":"1310737","formEdgeID":null},{"edgeID":"1721246","fromID":"1310745","toID":"1310744","formEdgeID":null},{"edgeID":"1721247","fromID":"1310746","toID":"1310745","formEdgeID":null},{"edgeID":"1721248","fromID":"1310744","toID":"1310747","formEdgeID":null},{"edgeID":"1721249","fromID":"1310747","toID":"1310743","formEdgeID":null},{"edgeID":"1721250","fromID":"1310750","toID":"1310749","formEdgeID":null},{"edgeID":"1721251","fromID":"1310751","toID":"1310750","formEdgeID":null},{"edgeID":"1721252","fromID":"1310749","toID":"1310752","formEdgeID":null},{"edgeID":"1721253","fromID":"1310752","toID":"1310748","formEdgeID":null},{"edgeID":"1721254","fromID":"1310755","toID":"1310754","formEdgeID":null},{"edgeID":"1721255","fromID":"1310756","toID":"1310755","formEdgeID":null},{"edgeID":"1721256","fromID":"1310754","toID":"1310757","formEdgeID":null},{"edgeID":"1721257","fromID":"1310757","toID":"1310753","formEdgeID":null},{"edgeID":"1721258","fromID":"1310760","toID":"1310759","formEdgeID":null},{"edgeID":"1721259","fromID":"1310761","toID":"1310760","formEdgeID":null},{"edgeID":"1721260","fromID":"1310759","toID":"1310762","formEdgeID":null},{"edgeID":"1721261","fromID":"1310762","toID":"1310758","formEdgeID":null},{"edgeID":"1721262","fromID":"1310743","toID":"1310763","formEdgeID":null},{"edgeID":"1721263","fromID":"1310763","toID":"1310736","formEdgeID":null},{"edgeID":"1721264","fromID":"1310748","toID":"1310764","formEdgeID":null},{"edgeID":"1721265","fromID":"1310764","toID":"1310743","formEdgeID":null},{"edgeID":"1721266","fromID":"1310737","toID":"1310765","formEdgeID":null},{"edgeID":"1721267","fromID":"1310765","toID":"1310744","formEdgeID":null},{"edgeID":"1721268","fromID":"1310744","toID":"1310766","formEdgeID":null},{"edgeID":"1721269","fromID":"1310766","toID":"1310749","formEdgeID":null},{"edgeID":"1721270","fromID":"1310765","toID":"1310767","formEdgeID":null},{"edgeID":"1721271","fromID":"1310767","toID":"1310763","formEdgeID":null},{"edgeID":"1721272","fromID":"1310766","toID":"1310768","formEdgeID":null},{"edgeID":"1721273","fromID":"1310768","toID":"1310764","formEdgeID":null},{"edgeID":"1721274","fromID":"1310749","toID":"1310769","formEdgeID":null},{"edgeID":"1721275","fromID":"1310769","toID":"1310754","formEdgeID":null},{"edgeID":"1721276","fromID":"1310754","toID":"1310770","formEdgeID":null},{"edgeID":"1721277","fromID":"1310770","toID":"1310759","formEdgeID":null},{"edgeID":"1721278","fromID":"1310753","toID":"1310771","formEdgeID":null},{"edgeID":"1721279","fromID":"1310771","toID":"1310748","formEdgeID":null},{"edgeID":"1721280","fromID":"1310769","toID":"1310772","formEdgeID":null},{"edgeID":"1721281","fromID":"1310772","toID":"1310771","formEdgeID":null},{"edgeID":"1721282","fromID":"1310753","toID":"1310773","formEdgeID":null},{"edgeID":"1721283","fromID":"1310773","toID":"1310758","formEdgeID":null},{"edgeID":"1721284","fromID":"1310770","toID":"1310774","formEdgeID":null},{"edgeID":"1721285","fromID":"1310774","toID":"1310773","formEdgeID":null},{"edgeID":"1721286","fromID":"1310777","toID":"1310776","formEdgeID":null},{"edgeID":"1721287","fromID":"1310778","toID":"1310777","formEdgeID":null},{"edgeID":"1721288","fromID":"1310776","toID":"1310779","formEdgeID":null},{"edgeID":"1721289","fromID":"1310779","toID":"1310775","formEdgeID":null},{"edgeID":"1721290","fromID":"1310758","toID":"1310780","formEdgeID":null},{"edgeID":"1721291","fromID":"1310780","toID":"1310775","formEdgeID":null},{"edgeID":"1721292","fromID":"1310759","toID":"1310781","formEdgeID":null},{"edgeID":"1721293","fromID":"1310781","toID":"1310776","formEdgeID":null},{"edgeID":"1721294","fromID":"1310781","toID":"1310782","formEdgeID":null},{"edgeID":"1721295","fromID":"1310782","toID":"1310780","formEdgeID":null},{"edgeID":"1721296","fromID":"1310785","toID":"1310784","formEdgeID":null},{"edgeID":"1721297","fromID":"1310786","toID":"1310785","formEdgeID":null},{"edgeID":"1721298","fromID":"1310784","toID":"1310787","formEdgeID":null},{"edgeID":"1721299","fromID":"1310787","toID":"1310783","formEdgeID":null},{"edgeID":"1721300","fromID":"1310783","toID":"1310788","formEdgeID":null},{"edgeID":"1721301","fromID":"1310788","toID":"1310736","formEdgeID":null},{"edgeID":"1721302","fromID":"1310737","toID":"1310789","formEdgeID":null},{"edgeID":"1721303","fromID":"1310789","toID":"1310784","formEdgeID":null},{"edgeID":"1721304","fromID":"1310789","toID":"1310790","formEdgeID":null},{"edgeID":"1721305","fromID":"1310790","toID":"1310788","formEdgeID":null},{"edgeID":"1721306","fromID":"1310793","toID":"1310792","formEdgeID":null},{"edgeID":"1721307","fromID":"1310794","toID":"1310793","formEdgeID":null},{"edgeID":"1721308","fromID":"1310792","toID":"1310795","formEdgeID":null},{"edgeID":"1721309","fromID":"1310795","toID":"1310791","formEdgeID":null},{"edgeID":"1721310","fromID":"1310783","toID":"1310796","formEdgeID":null},{"edgeID":"1721311","fromID":"1310796","toID":"1310791","formEdgeID":null},{"edgeID":"1721312","fromID":"1310784","toID":"1310797","formEdgeID":null},{"edgeID":"1721313","fromID":"1310797","toID":"1310792","formEdgeID":null},{"edgeID":"1721314","fromID":"1310797","toID":"1310798","formEdgeID":null},{"edgeID":"1721315","fromID":"1310798","toID":"1310796","formEdgeID":null},{"edgeID":"1721316","fromID":"1310801","toID":"1310800","formEdgeID":null},{"edgeID":"1721317","fromID":"1310802","toID":"1310801","formEdgeID":null},{"edgeID":"1721318","fromID":"1310800","toID":"1310803","formEdgeID":null},{"edgeID":"1721319","fromID":"1310803","toID":"1310799","formEdgeID":null},{"edgeID":"1721320","fromID":"1310799","toID":"1310804","formEdgeID":null},{"edgeID":"1721321","fromID":"1310804","toID":"1310791","formEdgeID":null},{"edgeID":"1721322","fromID":"1310792","toID":"1310805","formEdgeID":null},{"edgeID":"1721323","fromID":"1310805","toID":"1310800","formEdgeID":null},{"edgeID":"1721324","fromID":"1310805","toID":"1310806","formEdgeID":null},{"edgeID":"1721325","fromID":"1310806","toID":"1310804","formEdgeID":null},{"edgeID":"1721326","fromID":"1310809","toID":"1310808","formEdgeID":null},{"edgeID":"1721327","fromID":"1310810","toID":"1310809","formEdgeID":null},{"edgeID":"1721328","fromID":"1310808","toID":"1310811","formEdgeID":null},{"edgeID":"1721329","fromID":"1310811","toID":"1310807","formEdgeID":null},{"edgeID":"1721330","fromID":"1310814","toID":"1310813","formEdgeID":null},{"edgeID":"1721331","fromID":"1310815","toID":"1310814","formEdgeID":null},{"edgeID":"1721332","fromID":"1310813","toID":"1310816","formEdgeID":null},{"edgeID":"1721333","fromID":"1310816","toID":"1310812","formEdgeID":null},{"edgeID":"1721334","fromID":"1310800","toID":"1310817","formEdgeID":null},{"edgeID":"1721335","fromID":"1310817","toID":"1310808","formEdgeID":null},{"edgeID":"1721336","fromID":"1310812","toID":"1310818","formEdgeID":null},{"edgeID":"1721337","fromID":"1310818","toID":"1310807","formEdgeID":null},{"edgeID":"1721338","fromID":"1310808","toID":"1310819","formEdgeID":null},{"edgeID":"1721339","fromID":"1310819","toID":"1310813","formEdgeID":null},{"edgeID":"1721340","fromID":"1310819","toID":"1310820","formEdgeID":null},{"edgeID":"1721341","fromID":"1310820","toID":"1310818","formEdgeID":null},{"edgeID":"1721342","fromID":"1310823","toID":"1310822","formEdgeID":null},{"edgeID":"1721343","fromID":"1310824","toID":"1310823","formEdgeID":null},{"edgeID":"1721344","fromID":"1310822","toID":"1310825","formEdgeID":null},{"edgeID":"1721345","fromID":"1310825","toID":"1310821","formEdgeID":null},{"edgeID":"1721346","fromID":"1310821","toID":"1310826","formEdgeID":null},{"edgeID":"1721347","fromID":"1310826","toID":"1310812","formEdgeID":null},{"edgeID":"1721348","fromID":"1310813","toID":"1310827","formEdgeID":null},{"edgeID":"1721349","fromID":"1310827","toID":"1310822","formEdgeID":null},{"edgeID":"1721350","fromID":"1310827","toID":"1310828","formEdgeID":null},{"edgeID":"1721351","fromID":"1310828","toID":"1310826","formEdgeID":null},{"edgeID":"1721352","fromID":"1310831","toID":"1310830","formEdgeID":null},{"edgeID":"1721353","fromID":"1310832","toID":"1310831","formEdgeID":null},{"edgeID":"1721354","fromID":"1310830","toID":"1310833","formEdgeID":null},{"edgeID":"1721355","fromID":"1310833","toID":"1310829","formEdgeID":null},{"edgeID":"1721356","fromID":"1310829","toID":"1310834","formEdgeID":null},{"edgeID":"1721357","fromID":"1310834","toID":"1310821","formEdgeID":null},{"edgeID":"1721358","fromID":"1310822","toID":"1310835","formEdgeID":null},{"edgeID":"1721359","fromID":"1310835","toID":"1310830","formEdgeID":null},{"edgeID":"1721360","fromID":"1310835","toID":"1310836","formEdgeID":null},{"edgeID":"1721361","fromID":"1310836","toID":"1310834","formEdgeID":null},{"edgeID":"1721362","fromID":"1310839","toID":"1310838","formEdgeID":null},{"edgeID":"1721363","fromID":"1310840","toID":"1310839","formEdgeID":null},{"edgeID":"1721364","fromID":"1310838","toID":"1310841","formEdgeID":null},{"edgeID":"1721365","fromID":"1310841","toID":"1310837","formEdgeID":null},{"edgeID":"1721366","fromID":"1310844","toID":"1310843","formEdgeID":null},{"edgeID":"1721367","fromID":"1310845","toID":"1310844","formEdgeID":null},{"edgeID":"1721368","fromID":"1310843","toID":"1310846","formEdgeID":null},{"edgeID":"1721369","fromID":"1310846","toID":"1310842","formEdgeID":null},{"edgeID":"1721370","fromID":"1310830","toID":"1310847","formEdgeID":null},{"edgeID":"1721371","fromID":"1310847","toID":"1310838","formEdgeID":null},{"edgeID":"1721372","fromID":"1310837","toID":"1310848","formEdgeID":null},{"edgeID":"1721373","fromID":"1310848","toID":"1310829","formEdgeID":null},{"edgeID":"1721374","fromID":"1310847","toID":"1310849","formEdgeID":null},{"edgeID":"1721375","fromID":"1310849","toID":"1310848","formEdgeID":null},{"edgeID":"1721376","fromID":"1310838","toID":"1310850","formEdgeID":null},{"edgeID":"1721377","fromID":"1310850","toID":"1310843","formEdgeID":null},{"edgeID":"1721378","fromID":"1310853","toID":"1310852","formEdgeID":null},{"edgeID":"1721379","fromID":"1310854","toID":"1310853","formEdgeID":null},{"edgeID":"1721380","fromID":"1310852","toID":"1310855","formEdgeID":null},{"edgeID":"1721381","fromID":"1310855","toID":"1310851","formEdgeID":null},{"edgeID":"1721382","fromID":"1310843","toID":"1310856","formEdgeID":null},{"edgeID":"1721383","fromID":"1310856","toID":"1310852","formEdgeID":null},{"edgeID":"1721384","fromID":"1310842","toID":"1310857","formEdgeID":null},{"edgeID":"1721385","fromID":"1310857","toID":"1310851","formEdgeID":null},{"edgeID":"1721386","fromID":"1310856","toID":"1310858","formEdgeID":null},{"edgeID":"1721387","fromID":"1310858","toID":"1310857","formEdgeID":null}],"locutions":[]}