{"nodes":[{"nodeID":"1313954","text":"someone in the government should or should not resign","type":"I","timestamp":"2023-11-09 13:15:09"},{"nodeID":"1313955","text":"Wilfred Emmanuel-Jones: The question was actually should someone resign","type":"L","timestamp":"2023-11-09 13:15:09"},{"nodeID":"1313956","text":"Analysing","type":"YA","timestamp":"2023-11-09 13:15:09"},{"nodeID":"1313957","text":"Anon: Wilfred Emmanuel-Jones: The question was actually should someone resign","type":"L","timestamp":"2023-11-09 13:15:09"},{"nodeID":"1313958","text":"Wilfred Emmanuel-Jones doesn't think anyone in the government should resign","type":"I","timestamp":"2023-11-09 13:15:10"},{"nodeID":"1313959","text":"Wilfred Emmanuel-Jones: I don't think they should","type":"L","timestamp":"2023-11-09 13:15:10"},{"nodeID":"1313960","text":"Analysing","type":"YA","timestamp":"2023-11-09 13:15:10"},{"nodeID":"1313961","text":"Anon: Wilfred Emmanuel-Jones: I don't think they should","type":"L","timestamp":"2023-11-09 13:15:10"},{"nodeID":"1313962","text":"Asserting","type":"YA","timestamp":"2023-11-09 13:15:10"},{"nodeID":"1313963","text":"we've got to get back to content","type":"I","timestamp":"2023-11-09 13:15:10"},{"nodeID":"1313964","text":"Wilfred Emmanuel-Jones: We've got to get back to content","type":"L","timestamp":"2023-11-09 13:15:10"},{"nodeID":"1313965","text":"Analysing","type":"YA","timestamp":"2023-11-09 13:15:10"},{"nodeID":"1313966","text":"Anon: Wilfred Emmanuel-Jones: We've got to get back to content","type":"L","timestamp":"2023-11-09 13:15:10"},{"nodeID":"1313967","text":"Asserting","type":"YA","timestamp":"2023-11-09 13:15:10"},{"nodeID":"1313968","text":"AudienceMember 20220512QT25: someone in the government should or should not resign","type":"L","timestamp":"2023-11-09 13:15:10"},{"nodeID":"1313969","text":"Analysing","type":"YA","timestamp":"2023-11-09 13:15:10"},{"nodeID":"1313970","text":"Anon: AudienceMember 20220512QT25: The question was actually should someone resign","type":"L","timestamp":"2023-11-09 13:15:10"},{"nodeID":"1313971","text":"Asserting","type":"YA","timestamp":"2023-11-09 13:15:10"},{"nodeID":"1313972","text":"Pure Questioning","type":"YA","timestamp":"2023-11-09 13:15:10"},{"nodeID":"1313973","text":"Default Rephrase","type":"MA","timestamp":"2023-11-09 13:15:10"},{"nodeID":"1313974","text":"Default Transition","type":"TA","timestamp":"2023-11-09 13:15:10"},{"nodeID":"1313975","text":"Default Illocuting","type":"YA","timestamp":"2023-11-09 13:15:10"},{"nodeID":"1313976","text":"Default Transition","type":"TA","timestamp":"2023-11-09 13:15:10"},{"nodeID":"1313977","text":"Jack Thorne: No","type":"L","timestamp":"2023-11-09 13:15:10"},{"nodeID":"1313978","text":"Analysing","type":"YA","timestamp":"2023-11-09 13:15:10"},{"nodeID":"1313979","text":"Anon: Jack Thorne: No","type":"L","timestamp":"2023-11-09 13:15:10"},{"nodeID":"1313980","text":"Default Transition","type":"TA","timestamp":"2023-11-09 13:15:10"},{"nodeID":"1313981","text":"Default Conflict","type":"CA","timestamp":"2023-11-09 13:15:10"},{"nodeID":"1313982","text":"somebody in the government should or should not face manslaughter charges","type":"I","timestamp":"2023-11-09 13:15:11"},{"nodeID":"1313983","text":"Jack Thorne:  it was whether somebody should face manslaughter charges","type":"L","timestamp":"2023-11-09 13:15:11"},{"nodeID":"1313984","text":"Analysing","type":"YA","timestamp":"2023-11-09 13:15:11"},{"nodeID":"1313985","text":"Anon: Jack Thorne:  it was whether somebody should face manslaughter charges","type":"L","timestamp":"2023-11-09 13:15:11"},{"nodeID":"1313986","text":"Default Transition","type":"TA","timestamp":"2023-11-09 13:15:11"},{"nodeID":"1313987","text":"AudienceMember 20220512QT25: somebody in the government should or should not face manslaughter charges","type":"L","timestamp":"2023-11-09 13:15:11"},{"nodeID":"1313988","text":"Analysing","type":"YA","timestamp":"2023-11-09 13:15:11"},{"nodeID":"1313989","text":"Anon: AudienceMember 20220512QT25:  it was whether somebody should face manslaughter charges","type":"L","timestamp":"2023-11-09 13:15:11"},{"nodeID":"1313990","text":"Asserting","type":"YA","timestamp":"2023-11-09 13:15:11"},{"nodeID":"1313991","text":"Pure Questioning","type":"YA","timestamp":"2023-11-09 13:15:11"},{"nodeID":"1313992","text":"someone in government should or should no be charged with manslaughter","type":"I","timestamp":"2023-11-09 13:15:12"},{"nodeID":"1313993","text":"Fiona Bruce: the question was should anyone in government be charged with manslaughter","type":"L","timestamp":"2023-11-09 13:15:12"},{"nodeID":"1313994","text":"Analysing","type":"YA","timestamp":"2023-11-09 13:15:12"},{"nodeID":"1313995","text":"Anon: Fiona Bruce: the question was should anyone in government be charged with manslaughter","type":"L","timestamp":"2023-11-09 13:15:12"},{"nodeID":"1313996","text":"AudienceMember 20220512QT25: someone in government should or should no be charged with manslaughter","type":"L","timestamp":"2023-11-09 13:15:12"},{"nodeID":"1313997","text":"Analysing","type":"YA","timestamp":"2023-11-09 13:15:12"},{"nodeID":"1313998","text":"Anon: AudienceMember 20220512QT25: the question was should anyone in government be charged with manslaughter","type":"L","timestamp":"2023-11-09 13:15:12"},{"nodeID":"1313999","text":"Pure Questioning","type":"YA","timestamp":"2023-11-09 13:15:12"},{"nodeID":"1314000","text":"Default Transition","type":"TA","timestamp":"2023-11-09 13:15:12"},{"nodeID":"1314001","text":"Asserting","type":"YA","timestamp":"2023-11-09 13:15:12"},{"nodeID":"1314002","text":"Default Rephrase","type":"MA","timestamp":"2023-11-09 13:15:12"},{"nodeID":"1314003","text":"Restating","type":"YA","timestamp":"2023-11-09 13:15:12"},{"nodeID":"1314004","text":"no one in the government should be charged with manslaughter","type":"I","timestamp":"2023-11-09 13:15:12"},{"nodeID":"1314005","text":"Wilfred Emmanuel-Jones: No, they shouldn't","type":"L","timestamp":"2023-11-09 13:15:12"},{"nodeID":"1314006","text":"Analysing","type":"YA","timestamp":"2023-11-09 13:15:12"},{"nodeID":"1314007","text":"Anon: Wilfred Emmanuel-Jones: No, they shouldn't","type":"L","timestamp":"2023-11-09 13:15:12"},{"nodeID":"1314008","text":"Asserting","type":"YA","timestamp":"2023-11-09 13:15:12"},{"nodeID":"1314009","text":"Default Transition","type":"TA","timestamp":"2023-11-09 13:15:12"},{"nodeID":"1314010","text":"Default Rephrase","type":"MA","timestamp":"2023-11-09 13:15:12"},{"nodeID":"1314011","text":"Default Illocuting","type":"YA","timestamp":"2023-11-09 13:15:12"},{"nodeID":"1314012","text":"Default Rephrase","type":"MA","timestamp":"2023-11-09 13:15:12"},{"nodeID":"1314013","text":"Default Transition","type":"TA","timestamp":"2023-11-09 13:15:12"},{"nodeID":"1314014","text":"Restating","type":"YA","timestamp":"2023-11-09 13:15:12"},{"nodeID":"1314015","text":"we should go back and really try and remember what it was like at the time","type":"I","timestamp":"2023-11-09 13:15:13"},{"nodeID":"1314016","text":"Wilfred Emmanuel-Jones: We should go back and really try and remember what it was like at the time","type":"L","timestamp":"2023-11-09 13:15:13"},{"nodeID":"1314017","text":"Analysing","type":"YA","timestamp":"2023-11-09 13:15:13"},{"nodeID":"1314018","text":"Anon: Wilfred Emmanuel-Jones: We should go back and really try and remember what it was like at the time","type":"L","timestamp":"2023-11-09 13:15:13"},{"nodeID":"1314019","text":"Asserting","type":"YA","timestamp":"2023-11-09 13:15:13"},{"nodeID":"1314020","text":"a lot of mistakes were going to be found to have happened","type":"I","timestamp":"2023-11-09 13:15:13"},{"nodeID":"1314021","text":"Wilfred Emmanuel-Jones: You will find with all the reviews that they will be having that a lot of mistakes were going to be found to have happened","type":"L","timestamp":"2023-11-09 13:15:13"},{"nodeID":"1314022","text":"Analysing","type":"YA","timestamp":"2023-11-09 13:15:13"},{"nodeID":"1314023","text":"Anon: Wilfred Emmanuel-Jones: You will find with all the reviews that they will be having that a lot of mistakes were going to be found to have happened","type":"L","timestamp":"2023-11-09 13:15:13"},{"nodeID":"1314024","text":"Asserting","type":"YA","timestamp":"2023-11-09 13:15:13"},{"nodeID":"1314025","text":"a lot of people got it wrong","type":"I","timestamp":"2023-11-09 13:15:14"},{"nodeID":"1314026","text":"Wilfred Emmanuel-Jones:  we know that a lot of people got it wrong","type":"L","timestamp":"2023-11-09 13:15:14"},{"nodeID":"1314027","text":"Analysing","type":"YA","timestamp":"2023-11-09 13:15:14"},{"nodeID":"1314028","text":"Anon: Wilfred Emmanuel-Jones:  we know that a lot of people got it wrong","type":"L","timestamp":"2023-11-09 13:15:14"},{"nodeID":"1314029","text":"Asserting","type":"YA","timestamp":"2023-11-09 13:15:14"},{"nodeID":"1314030","text":"it was a time of panic","type":"I","timestamp":"2023-11-09 13:15:15"},{"nodeID":"1314031","text":"Wilfred Emmanuel-Jones: it was a time of panic","type":"L","timestamp":"2023-11-09 13:15:15"},{"nodeID":"1314032","text":"Analysing","type":"YA","timestamp":"2023-11-09 13:15:15"},{"nodeID":"1314033","text":"Anon: Wilfred Emmanuel-Jones: it was a time of panic","type":"L","timestamp":"2023-11-09 13:15:15"},{"nodeID":"1314034","text":"Asserting","type":"YA","timestamp":"2023-11-09 13:15:15"},{"nodeID":"1314035","text":"people were trying to make decisions quickly","type":"I","timestamp":"2023-11-09 13:15:15"},{"nodeID":"1314036","text":"Wilfred Emmanuel-Jones: people were trying to make decisions quickly","type":"L","timestamp":"2023-11-09 13:15:15"},{"nodeID":"1314037","text":"Analysing","type":"YA","timestamp":"2023-11-09 13:15:15"},{"nodeID":"1314038","text":"Anon: Wilfred Emmanuel-Jones: people were trying to make decisions quickly","type":"L","timestamp":"2023-11-09 13:15:15"},{"nodeID":"1314039","text":"Asserting","type":"YA","timestamp":"2023-11-09 13:15:15"},{"nodeID":"1314040","text":"it's action","type":"I","timestamp":"2023-11-09 13:15:16"},{"nodeID":"1314041","text":"Wilfred Emmanuel-Jones: It's action","type":"L","timestamp":"2023-11-09 13:15:16"},{"nodeID":"1314042","text":"Analysing","type":"YA","timestamp":"2023-11-09 13:15:16"},{"nodeID":"1314043","text":"Anon: Wilfred Emmanuel-Jones: It's action","type":"L","timestamp":"2023-11-09 13:15:16"},{"nodeID":"1314044","text":"Asserting","type":"YA","timestamp":"2023-11-09 13:15:16"},{"nodeID":"1314045","text":"you could have the time to sit down and analyse data","type":"I","timestamp":"2023-11-09 13:15:17"},{"nodeID":"1314046","text":"Wilfred Emmanuel-Jones: If you have the time to sit down and analyse data","type":"L","timestamp":"2023-11-09 13:15:17"},{"nodeID":"1314047","text":"Analysing","type":"YA","timestamp":"2023-11-09 13:15:17"},{"nodeID":"1314048","text":"Anon: Wilfred Emmanuel-Jones: If you have the time to sit down and analyse data","type":"L","timestamp":"2023-11-09 13:15:17"},{"nodeID":"1314049","text":"Asserting","type":"YA","timestamp":"2023-11-09 13:15:17"},{"nodeID":"1314050","text":"it's very easy to make a decision","type":"I","timestamp":"2023-11-09 13:15:17"},{"nodeID":"1314051","text":"Wilfred Emmanuel-Jones: it's very easy to make a decision","type":"L","timestamp":"2023-11-09 13:15:17"},{"nodeID":"1314052","text":"Analysing","type":"YA","timestamp":"2023-11-09 13:15:17"},{"nodeID":"1314053","text":"Anon: Wilfred Emmanuel-Jones: it's very easy to make a decision","type":"L","timestamp":"2023-11-09 13:15:17"},{"nodeID":"1314054","text":"Asserting","type":"YA","timestamp":"2023-11-09 13:15:17"},{"nodeID":"1314055","text":"when you don't have enough information and you've got to make a decision","type":"I","timestamp":"2023-11-09 13:15:18"},{"nodeID":"1314056","text":"Wilfred Emmanuel-Jones: when you don't have enough information and you've got to make a decision","type":"L","timestamp":"2023-11-09 13:15:18"},{"nodeID":"1314057","text":"Analysing","type":"YA","timestamp":"2023-11-09 13:15:18"},{"nodeID":"1314058","text":"Anon: Wilfred Emmanuel-Jones: when you don't have enough information and you've got to make a decision","type":"L","timestamp":"2023-11-09 13:15:18"},{"nodeID":"1314059","text":"Asserting","type":"YA","timestamp":"2023-11-09 13:15:18"},{"nodeID":"1314060","text":"as a business you know you've got to make decisions without enough information","type":"I","timestamp":"2023-11-09 13:15:18"},{"nodeID":"1314061","text":"Wilfred Emmanuel-Jones: As a business you know you've got to make decisions without enough information","type":"L","timestamp":"2023-11-09 13:15:18"},{"nodeID":"1314062","text":"Analysing","type":"YA","timestamp":"2023-11-09 13:15:18"},{"nodeID":"1314063","text":"Anon: Wilfred Emmanuel-Jones: As a business you know you've got to make decisions without enough information","type":"L","timestamp":"2023-11-09 13:15:18"},{"nodeID":"1314064","text":"Asserting","type":"YA","timestamp":"2023-11-09 13:15:18"},{"nodeID":"1314065","text":"you get it wrong","type":"I","timestamp":"2023-11-09 13:15:19"},{"nodeID":"1314066","text":"Wilfred Emmanuel-Jones: you get it wrong","type":"L","timestamp":"2023-11-09 13:15:19"},{"nodeID":"1314067","text":"Analysing","type":"YA","timestamp":"2023-11-09 13:15:19"},{"nodeID":"1314068","text":"Anon: Wilfred Emmanuel-Jones: you get it wrong","type":"L","timestamp":"2023-11-09 13:15:19"},{"nodeID":"1314069","text":"Asserting","type":"YA","timestamp":"2023-11-09 13:15:19"},{"nodeID":"1314070","text":"the awful tragedy is that vulnerable people died as a consequence of these decisions","type":"I","timestamp":"2023-11-09 13:15:20"},{"nodeID":"1314071","text":"Wilfred Emmanuel-Jones: the awful tragedy is this, and this is why it's so painful, is that vulnerable people died as a consequence of these decisions","type":"L","timestamp":"2023-11-09 13:15:20"},{"nodeID":"1314072","text":"Analysing","type":"YA","timestamp":"2023-11-09 13:15:20"},{"nodeID":"1314073","text":"Anon: Wilfred Emmanuel-Jones: the awful tragedy is this, and this is why it's so painful, is that vulnerable people died as a consequence of these decisions","type":"L","timestamp":"2023-11-09 13:15:20"},{"nodeID":"1314074","text":"Asserting","type":"YA","timestamp":"2023-11-09 13:15:20"},{"nodeID":"1314075","text":"the fact that vulnerable people died is the reason why it's so painful","type":"I","timestamp":"2023-11-09 13:15:20"},{"nodeID":"1314076","text":"Wilfred Emmanuel-Jones: this is why it's so painful","type":"L","timestamp":"2023-11-09 13:15:20"},{"nodeID":"1314077","text":"Analysing","type":"YA","timestamp":"2023-11-09 13:15:20"},{"nodeID":"1314078","text":"Anon: Wilfred Emmanuel-Jones: this is why it's so painful","type":"L","timestamp":"2023-11-09 13:15:20"},{"nodeID":"1314079","text":"Asserting","type":"YA","timestamp":"2023-11-09 13:15:20"},{"nodeID":"1314080","text":"you could learn one thing from all of this","type":"I","timestamp":"2023-11-09 13:15:21"},{"nodeID":"1314081","text":"Wilfred Emmanuel-Jones: if there's one learning from all of this","type":"L","timestamp":"2023-11-09 13:15:21"},{"nodeID":"1314082","text":"Analysing","type":"YA","timestamp":"2023-11-09 13:15:21"},{"nodeID":"1314083","text":"Anon: Wilfred Emmanuel-Jones: if there's one learning from all of this","type":"L","timestamp":"2023-11-09 13:15:21"},{"nodeID":"1314084","text":"Asserting","type":"YA","timestamp":"2023-11-09 13:15:21"},{"nodeID":"1314085","text":"we need to make sure that we protect our vulnerable in future","type":"I","timestamp":"2023-11-09 13:15:22"},{"nodeID":"1314086","text":"Wilfred Emmanuel-Jones: we need to make sure that we protect our vulnerable in future","type":"L","timestamp":"2023-11-09 13:15:22"},{"nodeID":"1314087","text":"Analysing","type":"YA","timestamp":"2023-11-09 13:15:22"},{"nodeID":"1314088","text":"Anon: Wilfred Emmanuel-Jones: we need to make sure that we protect our vulnerable in future","type":"L","timestamp":"2023-11-09 13:15:22"},{"nodeID":"1314089","text":"Asserting","type":"YA","timestamp":"2023-11-09 13:15:22"},{"nodeID":"1314090","text":"it's a big ask to say that at the time","type":"I","timestamp":"2023-11-09 13:15:22"},{"nodeID":"1314091","text":"Wilfred Emmanuel-Jones:  it's a big ask to say that at the time","type":"L","timestamp":"2023-11-09 13:15:22"},{"nodeID":"1314092","text":"Analysing","type":"YA","timestamp":"2023-11-09 13:15:22"},{"nodeID":"1314093","text":"Anon: Wilfred Emmanuel-Jones:  it's a big ask to say that at the time","type":"L","timestamp":"2023-11-09 13:15:22"},{"nodeID":"1314094","text":"Asserting","type":"YA","timestamp":"2023-11-09 13:15:22"},{"nodeID":"1314095","text":"Default Transition","type":"TA","timestamp":"2023-11-09 13:15:22"},{"nodeID":"1314096","text":"Default Inference","type":"RA","timestamp":"2023-11-09 13:15:22"},{"nodeID":"1314097","text":"Arguing","type":"YA","timestamp":"2023-11-09 13:15:22"},{"nodeID":"1314098","text":"Default Transition","type":"TA","timestamp":"2023-11-09 13:15:22"},{"nodeID":"1314099","text":"Default Transition","type":"TA","timestamp":"2023-11-09 13:15:22"},{"nodeID":"1314100","text":"Default Inference","type":"RA","timestamp":"2023-11-09 13:15:22"},{"nodeID":"1314101","text":"Arguing","type":"YA","timestamp":"2023-11-09 13:15:22"},{"nodeID":"1314102","text":"Default Transition","type":"TA","timestamp":"2023-11-09 13:15:22"},{"nodeID":"1314103","text":"Default Inference","type":"RA","timestamp":"2023-11-09 13:15:22"},{"nodeID":"1314104","text":"Arguing","type":"YA","timestamp":"2023-11-09 13:15:22"},{"nodeID":"1314105","text":"Default Transition","type":"TA","timestamp":"2023-11-09 13:15:22"},{"nodeID":"1314106","text":"Default Transition","type":"TA","timestamp":"2023-11-09 13:15:22"},{"nodeID":"1314107","text":"Default Rephrase","type":"MA","timestamp":"2023-11-09 13:15:22"},{"nodeID":"1314108","text":"Restating","type":"YA","timestamp":"2023-11-09 13:15:22"},{"nodeID":"1314109","text":"Default Conflict","type":"CA","timestamp":"2023-11-09 13:15:22"},{"nodeID":"1314110","text":"Default Transition","type":"TA","timestamp":"2023-11-09 13:15:22"},{"nodeID":"1314111","text":"Disagreeing","type":"YA","timestamp":"2023-11-09 13:15:22"},{"nodeID":"1314112","text":"Default Transition","type":"TA","timestamp":"2023-11-09 13:15:22"},{"nodeID":"1314113","text":"Default Inference","type":"RA","timestamp":"2023-11-09 13:15:22"},{"nodeID":"1314114","text":"Arguing","type":"YA","timestamp":"2023-11-09 13:15:22"},{"nodeID":"1314115","text":"Default Conflict","type":"CA","timestamp":"2023-11-09 13:15:22"},{"nodeID":"1314116","text":"Default Transition","type":"TA","timestamp":"2023-11-09 13:15:22"},{"nodeID":"1314117","text":"Disagreeing","type":"YA","timestamp":"2023-11-09 13:15:22"},{"nodeID":"1314118","text":"Default Rephrase","type":"MA","timestamp":"2023-11-09 13:15:22"},{"nodeID":"1314119","text":"Default Transition","type":"TA","timestamp":"2023-11-09 13:15:22"},{"nodeID":"1314120","text":"Restating","type":"YA","timestamp":"2023-11-09 13:15:22"},{"nodeID":"1314121","text":"Default Transition","type":"TA","timestamp":"2023-11-09 13:15:22"},{"nodeID":"1314122","text":"Default Inference","type":"RA","timestamp":"2023-11-09 13:15:22"},{"nodeID":"1314123","text":"Default Transition","type":"TA","timestamp":"2023-11-09 13:15:22"},{"nodeID":"1314124","text":"Arguing","type":"YA","timestamp":"2023-11-09 13:15:22"},{"nodeID":"1314125","text":"Default Transition","type":"TA","timestamp":"2023-11-09 13:15:22"},{"nodeID":"1314126","text":"Default Transition","type":"TA","timestamp":"2023-11-09 13:15:22"},{"nodeID":"1314127","text":"Default Inference","type":"RA","timestamp":"2023-11-09 13:15:22"},{"nodeID":"1314128","text":"Arguing","type":"YA","timestamp":"2023-11-09 13:15:22"},{"nodeID":"1314129","text":"Default Transition","type":"TA","timestamp":"2023-11-09 13:15:22"},{"nodeID":"1314130","text":"Default Transition","type":"TA","timestamp":"2023-11-09 13:15:22"},{"nodeID":"1314131","text":"Default Rephrase","type":"MA","timestamp":"2023-11-09 13:15:22"},{"nodeID":"1314132","text":"Restating","type":"YA","timestamp":"2023-11-09 13:15:22"},{"nodeID":"1314133","text":"Default Inference","type":"RA","timestamp":"2023-11-09 13:15:22"},{"nodeID":"1314134","text":"Arguing","type":"YA","timestamp":"2023-11-09 13:15:22"},{"nodeID":"1314135","text":"Default Rephrase","type":"MA","timestamp":"2023-11-09 13:15:22"},{"nodeID":"1314136","text":"Default Transition","type":"TA","timestamp":"2023-11-09 13:15:22"},{"nodeID":"1314137","text":"Restating","type":"YA","timestamp":"2023-11-09 13:15:22"}],"edges":[{"edgeID":"1725133","fromID":"1313956","toID":"1313955","formEdgeID":null},{"edgeID":"1725134","fromID":"1313957","toID":"1313956","formEdgeID":null},{"edgeID":"1725135","fromID":"1313960","toID":"1313959","formEdgeID":null},{"edgeID":"1725136","fromID":"1313961","toID":"1313960","formEdgeID":null},{"edgeID":"1725137","fromID":"1313959","toID":"1313962","formEdgeID":null},{"edgeID":"1725138","fromID":"1313962","toID":"1313958","formEdgeID":null},{"edgeID":"1725139","fromID":"1313965","toID":"1313964","formEdgeID":null},{"edgeID":"1725140","fromID":"1313966","toID":"1313965","formEdgeID":null},{"edgeID":"1725141","fromID":"1313964","toID":"1313967","formEdgeID":null},{"edgeID":"1725142","fromID":"1313967","toID":"1313963","formEdgeID":null},{"edgeID":"1725143","fromID":"1313969","toID":"1313968","formEdgeID":null},{"edgeID":"1725144","fromID":"1313970","toID":"1313969","formEdgeID":null},{"edgeID":"1725145","fromID":"1313955","toID":"1313971","formEdgeID":null},{"edgeID":"1725146","fromID":"1313971","toID":"1313968","formEdgeID":null},{"edgeID":"1725147","fromID":"1313968","toID":"1313972","formEdgeID":null},{"edgeID":"1725148","fromID":"1313972","toID":"1313954","formEdgeID":null},{"edgeID":"1725149","fromID":"1313958","toID":"1313973","formEdgeID":null},{"edgeID":"1725150","fromID":"1313973","toID":"1313954","formEdgeID":null},{"edgeID":"1725151","fromID":"1313955","toID":"1313974","formEdgeID":null},{"edgeID":"1725152","fromID":"1313974","toID":"1313959","formEdgeID":null},{"edgeID":"1725153","fromID":"1313974","toID":"1313975","formEdgeID":null},{"edgeID":"1725154","fromID":"1313975","toID":"1313973","formEdgeID":null},{"edgeID":"1725155","fromID":"1313959","toID":"1313976","formEdgeID":null},{"edgeID":"1725156","fromID":"1313976","toID":"1313964","formEdgeID":null},{"edgeID":"1725157","fromID":"1313978","toID":"1313977","formEdgeID":null},{"edgeID":"1725158","fromID":"1313979","toID":"1313978","formEdgeID":null},{"edgeID":"1725159","fromID":"1313964","toID":"1313980","formEdgeID":null},{"edgeID":"1725160","fromID":"1313980","toID":"1313977","formEdgeID":null},{"edgeID":"1725161","fromID":"1313977","toID":"1313981","formEdgeID":null},{"edgeID":"1725162","fromID":"1313981","toID":"1313954","formEdgeID":null},{"edgeID":"1725163","fromID":"1313984","toID":"1313983","formEdgeID":null},{"edgeID":"1725164","fromID":"1313985","toID":"1313984","formEdgeID":null},{"edgeID":"1725165","fromID":"1313977","toID":"1313986","formEdgeID":null},{"edgeID":"1725166","fromID":"1313986","toID":"1313983","formEdgeID":null},{"edgeID":"1725167","fromID":"1313988","toID":"1313987","formEdgeID":null},{"edgeID":"1725168","fromID":"1313989","toID":"1313988","formEdgeID":null},{"edgeID":"1725169","fromID":"1313983","toID":"1313990","formEdgeID":null},{"edgeID":"1725170","fromID":"1313990","toID":"1313987","formEdgeID":null},{"edgeID":"1725171","fromID":"1313987","toID":"1313991","formEdgeID":null},{"edgeID":"1725172","fromID":"1313991","toID":"1313982","formEdgeID":null},{"edgeID":"1725173","fromID":"1313994","toID":"1313993","formEdgeID":null},{"edgeID":"1725174","fromID":"1313995","toID":"1313994","formEdgeID":null},{"edgeID":"1725175","fromID":"1313997","toID":"1313996","formEdgeID":null},{"edgeID":"1725176","fromID":"1313998","toID":"1313997","formEdgeID":null},{"edgeID":"1725177","fromID":"1313996","toID":"1313999","formEdgeID":null},{"edgeID":"1725178","fromID":"1313999","toID":"1313992","formEdgeID":null},{"edgeID":"1725179","fromID":"1313983","toID":"1314000","formEdgeID":null},{"edgeID":"1725180","fromID":"1314000","toID":"1313993","formEdgeID":null},{"edgeID":"1725181","fromID":"1313993","toID":"1314001","formEdgeID":null},{"edgeID":"1725182","fromID":"1314001","toID":"1313996","formEdgeID":null},{"edgeID":"1725183","fromID":"1313992","toID":"1314002","formEdgeID":null},{"edgeID":"1725184","fromID":"1314002","toID":"1313982","formEdgeID":null},{"edgeID":"1725185","fromID":"1314000","toID":"1314003","formEdgeID":null},{"edgeID":"1725186","fromID":"1314003","toID":"1314002","formEdgeID":null},{"edgeID":"1725187","fromID":"1314006","toID":"1314005","formEdgeID":null},{"edgeID":"1725188","fromID":"1314007","toID":"1314006","formEdgeID":null},{"edgeID":"1725189","fromID":"1314005","toID":"1314008","formEdgeID":null},{"edgeID":"1725190","fromID":"1314008","toID":"1314004","formEdgeID":null},{"edgeID":"1725191","fromID":"1313993","toID":"1314009","formEdgeID":null},{"edgeID":"1725192","fromID":"1314009","toID":"1314005","formEdgeID":null},{"edgeID":"1725193","fromID":"1314004","toID":"1314010","formEdgeID":null},{"edgeID":"1725194","fromID":"1314010","toID":"1313992","formEdgeID":null},{"edgeID":"1725195","fromID":"1314009","toID":"1314011","formEdgeID":null},{"edgeID":"1725196","fromID":"1314011","toID":"1314010","formEdgeID":null},{"edgeID":"1725197","fromID":"1314004","toID":"1314012","formEdgeID":null},{"edgeID":"1725198","fromID":"1314012","toID":"1313958","formEdgeID":null},{"edgeID":"1725199","fromID":"1313959","toID":"1314013","formEdgeID":null},{"edgeID":"1725200","fromID":"1314013","toID":"1314005","formEdgeID":null},{"edgeID":"1725201","fromID":"1314013","toID":"1314014","formEdgeID":null},{"edgeID":"1725202","fromID":"1314014","toID":"1314012","formEdgeID":null},{"edgeID":"1725203","fromID":"1314017","toID":"1314016","formEdgeID":null},{"edgeID":"1725204","fromID":"1314018","toID":"1314017","formEdgeID":null},{"edgeID":"1725205","fromID":"1314016","toID":"1314019","formEdgeID":null},{"edgeID":"1725206","fromID":"1314019","toID":"1314015","formEdgeID":null},{"edgeID":"1725207","fromID":"1314022","toID":"1314021","formEdgeID":null},{"edgeID":"1725208","fromID":"1314023","toID":"1314022","formEdgeID":null},{"edgeID":"1725209","fromID":"1314021","toID":"1314024","formEdgeID":null},{"edgeID":"1725210","fromID":"1314024","toID":"1314020","formEdgeID":null},{"edgeID":"1725211","fromID":"1314027","toID":"1314026","formEdgeID":null},{"edgeID":"1725212","fromID":"1314028","toID":"1314027","formEdgeID":null},{"edgeID":"1725213","fromID":"1314026","toID":"1314029","formEdgeID":null},{"edgeID":"1725214","fromID":"1314029","toID":"1314025","formEdgeID":null},{"edgeID":"1725215","fromID":"1314032","toID":"1314031","formEdgeID":null},{"edgeID":"1725216","fromID":"1314033","toID":"1314032","formEdgeID":null},{"edgeID":"1725217","fromID":"1314031","toID":"1314034","formEdgeID":null},{"edgeID":"1725218","fromID":"1314034","toID":"1314030","formEdgeID":null},{"edgeID":"1725219","fromID":"1314037","toID":"1314036","formEdgeID":null},{"edgeID":"1725220","fromID":"1314038","toID":"1314037","formEdgeID":null},{"edgeID":"1725221","fromID":"1314036","toID":"1314039","formEdgeID":null},{"edgeID":"1725222","fromID":"1314039","toID":"1314035","formEdgeID":null},{"edgeID":"1725223","fromID":"1314042","toID":"1314041","formEdgeID":null},{"edgeID":"1725224","fromID":"1314043","toID":"1314042","formEdgeID":null},{"edgeID":"1725225","fromID":"1314041","toID":"1314044","formEdgeID":null},{"edgeID":"1725226","fromID":"1314044","toID":"1314040","formEdgeID":null},{"edgeID":"1725227","fromID":"1314047","toID":"1314046","formEdgeID":null},{"edgeID":"1725228","fromID":"1314048","toID":"1314047","formEdgeID":null},{"edgeID":"1725229","fromID":"1314046","toID":"1314049","formEdgeID":null},{"edgeID":"1725230","fromID":"1314049","toID":"1314045","formEdgeID":null},{"edgeID":"1725231","fromID":"1314052","toID":"1314051","formEdgeID":null},{"edgeID":"1725232","fromID":"1314053","toID":"1314052","formEdgeID":null},{"edgeID":"1725233","fromID":"1314051","toID":"1314054","formEdgeID":null},{"edgeID":"1725234","fromID":"1314054","toID":"1314050","formEdgeID":null},{"edgeID":"1725235","fromID":"1314057","toID":"1314056","formEdgeID":null},{"edgeID":"1725236","fromID":"1314058","toID":"1314057","formEdgeID":null},{"edgeID":"1725237","fromID":"1314056","toID":"1314059","formEdgeID":null},{"edgeID":"1725238","fromID":"1314059","toID":"1314055","formEdgeID":null},{"edgeID":"1725239","fromID":"1314062","toID":"1314061","formEdgeID":null},{"edgeID":"1725240","fromID":"1314063","toID":"1314062","formEdgeID":null},{"edgeID":"1725241","fromID":"1314061","toID":"1314064","formEdgeID":null},{"edgeID":"1725242","fromID":"1314064","toID":"1314060","formEdgeID":null},{"edgeID":"1725243","fromID":"1314067","toID":"1314066","formEdgeID":null},{"edgeID":"1725244","fromID":"1314068","toID":"1314067","formEdgeID":null},{"edgeID":"1725245","fromID":"1314066","toID":"1314069","formEdgeID":null},{"edgeID":"1725246","fromID":"1314069","toID":"1314065","formEdgeID":null},{"edgeID":"1725247","fromID":"1314072","toID":"1314071","formEdgeID":null},{"edgeID":"1725248","fromID":"1314073","toID":"1314072","formEdgeID":null},{"edgeID":"1725249","fromID":"1314071","toID":"1314074","formEdgeID":null},{"edgeID":"1725250","fromID":"1314074","toID":"1314070","formEdgeID":null},{"edgeID":"1725251","fromID":"1314077","toID":"1314076","formEdgeID":null},{"edgeID":"1725252","fromID":"1314078","toID":"1314077","formEdgeID":null},{"edgeID":"1725253","fromID":"1314076","toID":"1314079","formEdgeID":null},{"edgeID":"1725254","fromID":"1314079","toID":"1314075","formEdgeID":null},{"edgeID":"1725255","fromID":"1314082","toID":"1314081","formEdgeID":null},{"edgeID":"1725256","fromID":"1314083","toID":"1314082","formEdgeID":null},{"edgeID":"1725257","fromID":"1314081","toID":"1314084","formEdgeID":null},{"edgeID":"1725258","fromID":"1314084","toID":"1314080","formEdgeID":null},{"edgeID":"1725259","fromID":"1314087","toID":"1314086","formEdgeID":null},{"edgeID":"1725260","fromID":"1314088","toID":"1314087","formEdgeID":null},{"edgeID":"1725261","fromID":"1314086","toID":"1314089","formEdgeID":null},{"edgeID":"1725262","fromID":"1314089","toID":"1314085","formEdgeID":null},{"edgeID":"1725263","fromID":"1314092","toID":"1314091","formEdgeID":null},{"edgeID":"1725264","fromID":"1314093","toID":"1314092","formEdgeID":null},{"edgeID":"1725265","fromID":"1314091","toID":"1314094","formEdgeID":null},{"edgeID":"1725266","fromID":"1314094","toID":"1314090","formEdgeID":null},{"edgeID":"1725267","fromID":"1314005","toID":"1314095","formEdgeID":null},{"edgeID":"1725268","fromID":"1314095","toID":"1314016","formEdgeID":null},{"edgeID":"1725269","fromID":"1314015","toID":"1314096","formEdgeID":null},{"edgeID":"1725270","fromID":"1314096","toID":"1314004","formEdgeID":null},{"edgeID":"1725271","fromID":"1314095","toID":"1314097","formEdgeID":null},{"edgeID":"1725272","fromID":"1314097","toID":"1314096","formEdgeID":null},{"edgeID":"1725273","fromID":"1314016","toID":"1314098","formEdgeID":null},{"edgeID":"1725274","fromID":"1314098","toID":"1314021","formEdgeID":null},{"edgeID":"1725275","fromID":"1314021","toID":"1314099","formEdgeID":null},{"edgeID":"1725276","fromID":"1314099","toID":"1314026","formEdgeID":null},{"edgeID":"1725277","fromID":"1314020","toID":"1314100","formEdgeID":null},{"edgeID":"1725278","fromID":"1314100","toID":"1314025","formEdgeID":null},{"edgeID":"1725279","fromID":"1314099","toID":"1314101","formEdgeID":null},{"edgeID":"1725280","fromID":"1314101","toID":"1314100","formEdgeID":null},{"edgeID":"1725281","fromID":"1314026","toID":"1314102","formEdgeID":null},{"edgeID":"1725282","fromID":"1314102","toID":"1314031","formEdgeID":null},{"edgeID":"1725283","fromID":"1314035","toID":"1314103","formEdgeID":null},{"edgeID":"1725284","fromID":"1314103","toID":"1314025","formEdgeID":null},{"edgeID":"1725285","fromID":"1314030","toID":"1314103","formEdgeID":null},{"edgeID":"1725286","fromID":"1314102","toID":"1314104","formEdgeID":null},{"edgeID":"1725287","fromID":"1314104","toID":"1314103","formEdgeID":null},{"edgeID":"1725288","fromID":"1314026","toID":"1314105","formEdgeID":null},{"edgeID":"1725289","fromID":"1314105","toID":"1314036","formEdgeID":null},{"edgeID":"1725290","fromID":"1314036","toID":"1314106","formEdgeID":null},{"edgeID":"1725291","fromID":"1314106","toID":"1314041","formEdgeID":null},{"edgeID":"1725292","fromID":"1314040","toID":"1314107","formEdgeID":null},{"edgeID":"1725293","fromID":"1314107","toID":"1314035","formEdgeID":null},{"edgeID":"1725294","fromID":"1314106","toID":"1314108","formEdgeID":null},{"edgeID":"1725295","fromID":"1314108","toID":"1314107","formEdgeID":null},{"edgeID":"1725296","fromID":"1314045","toID":"1314109","formEdgeID":null},{"edgeID":"1725297","fromID":"1314109","toID":"1314035","formEdgeID":null},{"edgeID":"1725298","fromID":"1314036","toID":"1314110","formEdgeID":null},{"edgeID":"1725299","fromID":"1314110","toID":"1314046","formEdgeID":null},{"edgeID":"1725300","fromID":"1314110","toID":"1314111","formEdgeID":null},{"edgeID":"1725301","fromID":"1314111","toID":"1314109","formEdgeID":null},{"edgeID":"1725302","fromID":"1314046","toID":"1314112","formEdgeID":null},{"edgeID":"1725303","fromID":"1314112","toID":"1314051","formEdgeID":null},{"edgeID":"1725304","fromID":"1314045","toID":"1314113","formEdgeID":null},{"edgeID":"1725305","fromID":"1314113","toID":"1314050","formEdgeID":null},{"edgeID":"1725306","fromID":"1314112","toID":"1314114","formEdgeID":null},{"edgeID":"1725307","fromID":"1314114","toID":"1314113","formEdgeID":null},{"edgeID":"1725308","fromID":"1314055","toID":"1314115","formEdgeID":null},{"edgeID":"1725309","fromID":"1314115","toID":"1314045","formEdgeID":null},{"edgeID":"1725310","fromID":"1314046","toID":"1314116","formEdgeID":null},{"edgeID":"1725311","fromID":"1314116","toID":"1314056","formEdgeID":null},{"edgeID":"1725312","fromID":"1314116","toID":"1314117","formEdgeID":null},{"edgeID":"1725313","fromID":"1314117","toID":"1314115","formEdgeID":null},{"edgeID":"1725314","fromID":"1314055","toID":"1314118","formEdgeID":null},{"edgeID":"1725315","fromID":"1314118","toID":"1314035","formEdgeID":null},{"edgeID":"1725316","fromID":"1314036","toID":"1314119","formEdgeID":null},{"edgeID":"1725317","fromID":"1314119","toID":"1314056","formEdgeID":null},{"edgeID":"1725318","fromID":"1314119","toID":"1314120","formEdgeID":null},{"edgeID":"1725319","fromID":"1314120","toID":"1314118","formEdgeID":null},{"edgeID":"1725320","fromID":"1314056","toID":"1314121","formEdgeID":null},{"edgeID":"1725321","fromID":"1314121","toID":"1314061","formEdgeID":null},{"edgeID":"1725322","fromID":"1314060","toID":"1314122","formEdgeID":null},{"edgeID":"1725323","fromID":"1314122","toID":"1314065","formEdgeID":null},{"edgeID":"1725324","fromID":"1314061","toID":"1314123","formEdgeID":null},{"edgeID":"1725325","fromID":"1314123","toID":"1314066","formEdgeID":null},{"edgeID":"1725326","fromID":"1314123","toID":"1314124","formEdgeID":null},{"edgeID":"1725327","fromID":"1314124","toID":"1314122","formEdgeID":null},{"edgeID":"1725328","fromID":"1314066","toID":"1314125","formEdgeID":null},{"edgeID":"1725329","fromID":"1314125","toID":"1314071","formEdgeID":null},{"edgeID":"1725330","fromID":"1314071","toID":"1314126","formEdgeID":null},{"edgeID":"1725331","fromID":"1314126","toID":"1314076","formEdgeID":null},{"edgeID":"1725332","fromID":"1314070","toID":"1314127","formEdgeID":null},{"edgeID":"1725333","fromID":"1314127","toID":"1314075","formEdgeID":null},{"edgeID":"1725334","fromID":"1314126","toID":"1314128","formEdgeID":null},{"edgeID":"1725335","fromID":"1314128","toID":"1314127","formEdgeID":null},{"edgeID":"1725336","fromID":"1314076","toID":"1314129","formEdgeID":null},{"edgeID":"1725337","fromID":"1314129","toID":"1314081","formEdgeID":null},{"edgeID":"1725338","fromID":"1314081","toID":"1314130","formEdgeID":null},{"edgeID":"1725339","fromID":"1314130","toID":"1314086","formEdgeID":null},{"edgeID":"1725340","fromID":"1314085","toID":"1314131","formEdgeID":null},{"edgeID":"1725341","fromID":"1314131","toID":"1314080","formEdgeID":null},{"edgeID":"1725342","fromID":"1314130","toID":"1314132","formEdgeID":null},{"edgeID":"1725343","fromID":"1314132","toID":"1314131","formEdgeID":null},{"edgeID":"1725344","fromID":"1313963","toID":"1314133","formEdgeID":null},{"edgeID":"1725345","fromID":"1314133","toID":"1313958","formEdgeID":null},{"edgeID":"1725346","fromID":"1313976","toID":"1314134","formEdgeID":null},{"edgeID":"1725347","fromID":"1314134","toID":"1314133","formEdgeID":null},{"edgeID":"1725348","fromID":"1314090","toID":"1314135","formEdgeID":null},{"edgeID":"1725349","fromID":"1314135","toID":"1314055","formEdgeID":null},{"edgeID":"1725350","fromID":"1314056","toID":"1314136","formEdgeID":null},{"edgeID":"1725351","fromID":"1314136","toID":"1314091","formEdgeID":null},{"edgeID":"1725352","fromID":"1314136","toID":"1314137","formEdgeID":null},{"edgeID":"1725353","fromID":"1314137","toID":"1314135","formEdgeID":null}],"locutions":[]}