{"nodes":[{"nodeID":"1309796","text":"Damian Green does or does not think the support measures are enough","type":"I","timestamp":"2023-11-09 13:09:10"},{"nodeID":"1309797","text":"Fiona Bruce: Do you think all this is enough","type":"L","timestamp":"2023-11-09 13:09:10"},{"nodeID":"1309798","text":"Analysing","type":"YA","timestamp":"2023-11-09 13:09:10"},{"nodeID":"1309799","text":"Anna : Fiona Bruce: Do you think all this is enough","type":"L","timestamp":"2023-11-09 13:09:10"},{"nodeID":"1309800","text":"Pure Questioning","type":"YA","timestamp":"2023-11-09 13:09:10"},{"nodeID":"1309801","text":"no, it's never enough","type":"I","timestamp":"2023-11-09 13:09:11"},{"nodeID":"1309802","text":"Damian Green: No, it's never enough","type":"L","timestamp":"2023-11-09 13:09:11"},{"nodeID":"1309803","text":"Analysing","type":"YA","timestamp":"2023-11-09 13:09:11"},{"nodeID":"1309804","text":"Anna : Damian Green: No, it's never enough","type":"L","timestamp":"2023-11-09 13:09:11"},{"nodeID":"1309805","text":"Asserting","type":"YA","timestamp":"2023-11-09 13:09:11"},{"nodeID":"1309806","text":"Default Transition","type":"TA","timestamp":"2023-11-09 13:09:11"},{"nodeID":"1309807","text":"Default Rephrase","type":"MA","timestamp":"2023-11-09 13:09:11"},{"nodeID":"1309808","text":"Default Illocuting","type":"YA","timestamp":"2023-11-09 13:09:11"},{"nodeID":"1309809","text":"ten per cent inflation is going to be very difficult to do enough","type":"I","timestamp":"2023-11-09 13:09:11"},{"nodeID":"1309810","text":"Damian Green: Ten per cent inflation is going to be very difficult to do enough","type":"L","timestamp":"2023-11-09 13:09:11"},{"nodeID":"1309811","text":"Analysing","type":"YA","timestamp":"2023-11-09 13:09:11"},{"nodeID":"1309812","text":"Anna : Damian Green: Ten per cent inflation is going to be very difficult to do enough","type":"L","timestamp":"2023-11-09 13:09:11"},{"nodeID":"1309813","text":"Asserting","type":"YA","timestamp":"2023-11-09 13:09:11"},{"nodeID":"1309814","text":"the light is the way we've come out of the pandemic","type":"I","timestamp":"2023-11-09 13:09:12"},{"nodeID":"1309815","text":"Damian Green: But the light, I think, is the way we've come out of the pandemic","type":"L","timestamp":"2023-11-09 13:09:12"},{"nodeID":"1309816","text":"Analysing","type":"YA","timestamp":"2023-11-09 13:09:12"},{"nodeID":"1309817","text":"Anna : Damian Green: But the light, I think, is the way we've come out of the pandemic","type":"L","timestamp":"2023-11-09 13:09:12"},{"nodeID":"1309818","text":"Asserting","type":"YA","timestamp":"2023-11-09 13:09:12"},{"nodeID":"1309819","text":"where people were predicting that we would have ten per cent inflation","type":"I","timestamp":"2023-11-09 13:09:13"},{"nodeID":"1309820","text":"Damian Green: where people were predicting that we would have ten per cent inflation","type":"L","timestamp":"2023-11-09 13:09:13"},{"nodeID":"1309821","text":"Analysing","type":"YA","timestamp":"2023-11-09 13:09:13"},{"nodeID":"1309822","text":"Anna : Damian Green: where people were predicting that we would have ten per cent inflation","type":"L","timestamp":"2023-11-09 13:09:13"},{"nodeID":"1309823","text":"Asserting","type":"YA","timestamp":"2023-11-09 13:09:13"},{"nodeID":"1309824","text":"where people were predicting ten per cent unemployment","type":"I","timestamp":"2023-11-09 13:09:13"},{"nodeID":"1309825","text":"Damian Green: ten per cent unemployment","type":"L","timestamp":"2023-11-09 13:09:13"},{"nodeID":"1309826","text":"Analysing","type":"YA","timestamp":"2023-11-09 13:09:13"},{"nodeID":"1309827","text":"Anna : Damian Green: ten per cent unemployment","type":"L","timestamp":"2023-11-09 13:09:13"},{"nodeID":"1309828","text":"Asserting","type":"YA","timestamp":"2023-11-09 13:09:13"},{"nodeID":"1309829","text":"in fact unemployment is less than four per cent","type":"I","timestamp":"2023-11-09 13:09:14"},{"nodeID":"1309830","text":"Damian Green: and in fact unemployment is less than four per cent","type":"L","timestamp":"2023-11-09 13:09:14"},{"nodeID":"1309831","text":"Analysing","type":"YA","timestamp":"2023-11-09 13:09:14"},{"nodeID":"1309832","text":"Anna : Damian Green: and in fact unemployment is less than four per cent","type":"L","timestamp":"2023-11-09 13:09:14"},{"nodeID":"1309833","text":"Asserting","type":"YA","timestamp":"2023-11-09 13:09:14"},{"nodeID":"1309834","text":"unemployment is forecast to rise, as well next year","type":"I","timestamp":"2023-11-09 13:09:14"},{"nodeID":"1309835","text":"Fiona Bruce: of course, it is forecast to rise, unemployment, as well next year","type":"L","timestamp":"2023-11-09 13:09:14"},{"nodeID":"1309836","text":"Analysing","type":"YA","timestamp":"2023-11-09 13:09:14"},{"nodeID":"1309837","text":"Anna : Fiona Bruce: of course, it is forecast to rise, unemployment, as well next year","type":"L","timestamp":"2023-11-09 13:09:14"},{"nodeID":"1309838","text":"Asserting","type":"YA","timestamp":"2023-11-09 13:09:14"},{"nodeID":"1309839","text":"unemployment was forecast to rise through the pandemic and didn't","type":"I","timestamp":"2023-11-09 13:09:15"},{"nodeID":"1309840","text":"Damian Green: It was forecast to rise through the pandemic and didn't","type":"L","timestamp":"2023-11-09 13:09:15"},{"nodeID":"1309841","text":"Analysing","type":"YA","timestamp":"2023-11-09 13:09:15"},{"nodeID":"1309842","text":"Anna : Damian Green: It was forecast to rise through the pandemic and didn't","type":"L","timestamp":"2023-11-09 13:09:15"},{"nodeID":"1309843","text":"Asserting","type":"YA","timestamp":"2023-11-09 13:09:15"},{"nodeID":"1309844","text":"that unemployment did not rise was genuinely a huge achievement","type":"I","timestamp":"2023-11-09 13:09:15"},{"nodeID":"1309845","text":"Damian Green: That was genuinely a huge achievement","type":"L","timestamp":"2023-11-09 13:09:15"},{"nodeID":"1309846","text":"Analysing","type":"YA","timestamp":"2023-11-09 13:09:15"},{"nodeID":"1309847","text":"Anna : Damian Green: That was genuinely a huge achievement","type":"L","timestamp":"2023-11-09 13:09:15"},{"nodeID":"1309848","text":"Asserting","type":"YA","timestamp":"2023-11-09 13:09:15"},{"nodeID":"1309849","text":"Default Transition","type":"TA","timestamp":"2023-11-09 13:09:15"},{"nodeID":"1309850","text":"Default Inference","type":"RA","timestamp":"2023-11-09 13:09:15"},{"nodeID":"1309851","text":"Arguing","type":"YA","timestamp":"2023-11-09 13:09:15"},{"nodeID":"1309852","text":"Default Transition","type":"TA","timestamp":"2023-11-09 13:09:15"},{"nodeID":"1309853","text":"Default Transition","type":"TA","timestamp":"2023-11-09 13:09:15"},{"nodeID":"1309854","text":"Default Transition","type":"TA","timestamp":"2023-11-09 13:09:15"},{"nodeID":"1309855","text":"Default Rephrase","type":"MA","timestamp":"2023-11-09 13:09:15"},{"nodeID":"1309856","text":"Restating","type":"YA","timestamp":"2023-11-09 13:09:15"},{"nodeID":"1309857","text":"Default Transition","type":"TA","timestamp":"2023-11-09 13:09:15"},{"nodeID":"1309858","text":"Default Conflict","type":"CA","timestamp":"2023-11-09 13:09:15"},{"nodeID":"1309859","text":"Disagreeing","type":"YA","timestamp":"2023-11-09 13:09:15"},{"nodeID":"1309860","text":"Default Transition","type":"TA","timestamp":"2023-11-09 13:09:15"},{"nodeID":"1309861","text":"Damian Green: Well, maybe","type":"L","timestamp":"2023-11-09 13:09:15"},{"nodeID":"1309862","text":"Analysing","type":"YA","timestamp":"2023-11-09 13:09:15"},{"nodeID":"1309863","text":"Anna : Damian Green: Well, maybe","type":"L","timestamp":"2023-11-09 13:09:15"},{"nodeID":"1309864","text":"Default Transition","type":"TA","timestamp":"2023-11-09 13:09:15"},{"nodeID":"1309865","text":"Default Transition","type":"TA","timestamp":"2023-11-09 13:09:15"},{"nodeID":"1309866","text":"Default Conflict","type":"CA","timestamp":"2023-11-09 13:09:15"},{"nodeID":"1309867","text":"Disagreeing","type":"YA","timestamp":"2023-11-09 13:09:15"},{"nodeID":"1309868","text":"Default Transition","type":"TA","timestamp":"2023-11-09 13:09:15"},{"nodeID":"1309869","text":"Default Rephrase","type":"MA","timestamp":"2023-11-09 13:09:15"},{"nodeID":"1309870","text":"Restating","type":"YA","timestamp":"2023-11-09 13:09:15"},{"nodeID":"1309871","text":"Agreeing","type":"YA","timestamp":"2023-11-09 13:09:15"}],"edges":[{"edgeID":"1720142","fromID":"1309798","toID":"1309797","formEdgeID":null},{"edgeID":"1720143","fromID":"1309799","toID":"1309798","formEdgeID":null},{"edgeID":"1720144","fromID":"1309797","toID":"1309800","formEdgeID":null},{"edgeID":"1720145","fromID":"1309800","toID":"1309796","formEdgeID":null},{"edgeID":"1720146","fromID":"1309803","toID":"1309802","formEdgeID":null},{"edgeID":"1720147","fromID":"1309804","toID":"1309803","formEdgeID":null},{"edgeID":"1720148","fromID":"1309802","toID":"1309805","formEdgeID":null},{"edgeID":"1720149","fromID":"1309805","toID":"1309801","formEdgeID":null},{"edgeID":"1720150","fromID":"1309797","toID":"1309806","formEdgeID":null},{"edgeID":"1720151","fromID":"1309806","toID":"1309802","formEdgeID":null},{"edgeID":"1720152","fromID":"1309801","toID":"1309807","formEdgeID":null},{"edgeID":"1720153","fromID":"1309807","toID":"1309796","formEdgeID":null},{"edgeID":"1720154","fromID":"1309806","toID":"1309808","formEdgeID":null},{"edgeID":"1720155","fromID":"1309808","toID":"1309807","formEdgeID":null},{"edgeID":"1720156","fromID":"1309811","toID":"1309810","formEdgeID":null},{"edgeID":"1720157","fromID":"1309812","toID":"1309811","formEdgeID":null},{"edgeID":"1720158","fromID":"1309810","toID":"1309813","formEdgeID":null},{"edgeID":"1720159","fromID":"1309813","toID":"1309809","formEdgeID":null},{"edgeID":"1720160","fromID":"1309816","toID":"1309815","formEdgeID":null},{"edgeID":"1720161","fromID":"1309817","toID":"1309816","formEdgeID":null},{"edgeID":"1720162","fromID":"1309815","toID":"1309818","formEdgeID":null},{"edgeID":"1720163","fromID":"1309818","toID":"1309814","formEdgeID":null},{"edgeID":"1720164","fromID":"1309821","toID":"1309820","formEdgeID":null},{"edgeID":"1720165","fromID":"1309822","toID":"1309821","formEdgeID":null},{"edgeID":"1720166","fromID":"1309820","toID":"1309823","formEdgeID":null},{"edgeID":"1720167","fromID":"1309823","toID":"1309819","formEdgeID":null},{"edgeID":"1720168","fromID":"1309826","toID":"1309825","formEdgeID":null},{"edgeID":"1720169","fromID":"1309827","toID":"1309826","formEdgeID":null},{"edgeID":"1720170","fromID":"1309825","toID":"1309828","formEdgeID":null},{"edgeID":"1720171","fromID":"1309828","toID":"1309824","formEdgeID":null},{"edgeID":"1720172","fromID":"1309831","toID":"1309830","formEdgeID":null},{"edgeID":"1720173","fromID":"1309832","toID":"1309831","formEdgeID":null},{"edgeID":"1720174","fromID":"1309830","toID":"1309833","formEdgeID":null},{"edgeID":"1720175","fromID":"1309833","toID":"1309829","formEdgeID":null},{"edgeID":"1720176","fromID":"1309836","toID":"1309835","formEdgeID":null},{"edgeID":"1720177","fromID":"1309837","toID":"1309836","formEdgeID":null},{"edgeID":"1720178","fromID":"1309835","toID":"1309838","formEdgeID":null},{"edgeID":"1720179","fromID":"1309838","toID":"1309834","formEdgeID":null},{"edgeID":"1720180","fromID":"1309841","toID":"1309840","formEdgeID":null},{"edgeID":"1720181","fromID":"1309842","toID":"1309841","formEdgeID":null},{"edgeID":"1720182","fromID":"1309840","toID":"1309843","formEdgeID":null},{"edgeID":"1720183","fromID":"1309843","toID":"1309839","formEdgeID":null},{"edgeID":"1720184","fromID":"1309846","toID":"1309845","formEdgeID":null},{"edgeID":"1720185","fromID":"1309847","toID":"1309846","formEdgeID":null},{"edgeID":"1720186","fromID":"1309845","toID":"1309848","formEdgeID":null},{"edgeID":"1720187","fromID":"1309848","toID":"1309844","formEdgeID":null},{"edgeID":"1720188","fromID":"1309802","toID":"1309849","formEdgeID":null},{"edgeID":"1720189","fromID":"1309849","toID":"1309810","formEdgeID":null},{"edgeID":"1720190","fromID":"1309809","toID":"1309850","formEdgeID":null},{"edgeID":"1720191","fromID":"1309850","toID":"1309801","formEdgeID":null},{"edgeID":"1720192","fromID":"1309849","toID":"1309851","formEdgeID":null},{"edgeID":"1720193","fromID":"1309851","toID":"1309850","formEdgeID":null},{"edgeID":"1720194","fromID":"1309810","toID":"1309852","formEdgeID":null},{"edgeID":"1720195","fromID":"1309852","toID":"1309815","formEdgeID":null},{"edgeID":"1720196","fromID":"1309815","toID":"1309853","formEdgeID":null},{"edgeID":"1720197","fromID":"1309853","toID":"1309820","formEdgeID":null},{"edgeID":"1720198","fromID":"1309820","toID":"1309854","formEdgeID":null},{"edgeID":"1720199","fromID":"1309854","toID":"1309825","formEdgeID":null},{"edgeID":"1720200","fromID":"1309824","toID":"1309855","formEdgeID":null},{"edgeID":"1720201","fromID":"1309855","toID":"1309819","formEdgeID":null},{"edgeID":"1720202","fromID":"1309854","toID":"1309856","formEdgeID":null},{"edgeID":"1720203","fromID":"1309856","toID":"1309855","formEdgeID":null},{"edgeID":"1720204","fromID":"1309825","toID":"1309857","formEdgeID":null},{"edgeID":"1720205","fromID":"1309857","toID":"1309830","formEdgeID":null},{"edgeID":"1720206","fromID":"1309829","toID":"1309858","formEdgeID":null},{"edgeID":"1720207","fromID":"1309858","toID":"1309824","formEdgeID":null},{"edgeID":"1720208","fromID":"1309857","toID":"1309859","formEdgeID":null},{"edgeID":"1720209","fromID":"1309859","toID":"1309858","formEdgeID":null},{"edgeID":"1720210","fromID":"1309830","toID":"1309860","formEdgeID":null},{"edgeID":"1720211","fromID":"1309860","toID":"1309835","formEdgeID":null},{"edgeID":"1720212","fromID":"1309862","toID":"1309861","formEdgeID":null},{"edgeID":"1720213","fromID":"1309863","toID":"1309862","formEdgeID":null},{"edgeID":"1720214","fromID":"1309835","toID":"1309864","formEdgeID":null},{"edgeID":"1720215","fromID":"1309864","toID":"1309861","formEdgeID":null},{"edgeID":"1720216","fromID":"1309861","toID":"1309865","formEdgeID":null},{"edgeID":"1720217","fromID":"1309865","toID":"1309840","formEdgeID":null},{"edgeID":"1720218","fromID":"1309839","toID":"1309866","formEdgeID":null},{"edgeID":"1720219","fromID":"1309866","toID":"1309834","formEdgeID":null},{"edgeID":"1720220","fromID":"1309865","toID":"1309867","formEdgeID":null},{"edgeID":"1720221","fromID":"1309867","toID":"1309866","formEdgeID":null},{"edgeID":"1720222","fromID":"1309840","toID":"1309868","formEdgeID":null},{"edgeID":"1720223","fromID":"1309868","toID":"1309845","formEdgeID":null},{"edgeID":"1720224","fromID":"1309844","toID":"1309869","formEdgeID":null},{"edgeID":"1720225","fromID":"1309869","toID":"1309839","formEdgeID":null},{"edgeID":"1720226","fromID":"1309868","toID":"1309870","formEdgeID":null},{"edgeID":"1720227","fromID":"1309870","toID":"1309869","formEdgeID":null},{"edgeID":"1720228","fromID":"1309864","toID":"1309871","formEdgeID":null},{"edgeID":"1720229","fromID":"1309871","toID":"1309834","formEdgeID":null}],"locutions":[]}