{"nodes":[{"nodeID":"1313015","text":"Louise Haigh thought that patients being moved into care homes came earlier than April","type":"I","timestamp":"2023-11-09 13:13:46"},{"nodeID":"1313016","text":"Louise Haigh: I thought that it came earlier than that","type":"L","timestamp":"2023-11-09 13:13:46"},{"nodeID":"1313017","text":"Analysing","type":"YA","timestamp":"2023-11-09 13:13:46"},{"nodeID":"1313018","text":"Clara: Louise Haigh: I thought that it came earlier than that","type":"L","timestamp":"2023-11-09 13:13:46"},{"nodeID":"1313019","text":"Asserting","type":"YA","timestamp":"2023-11-09 13:13:46"},{"nodeID":"1313020","text":"absolutely we were warning about care homes and about social care","type":"I","timestamp":"2023-11-09 13:13:47"},{"nodeID":"1313021","text":"Louise Haigh: absolutely we were warning about care homes and about social care","type":"L","timestamp":"2023-11-09 13:13:47"},{"nodeID":"1313022","text":"Analysing","type":"YA","timestamp":"2023-11-09 13:13:47"},{"nodeID":"1313023","text":"Clara: Louise Haigh: absolutely we were warning about care homes and about social care","type":"L","timestamp":"2023-11-09 13:13:47"},{"nodeID":"1313024","text":"Asserting","type":"YA","timestamp":"2023-11-09 13:13:47"},{"nodeID":"1313025","text":"Default Transition","type":"TA","timestamp":"2023-11-09 13:13:47"},{"nodeID":"1313026","text":"honest mistakes were made","type":"I","timestamp":"2023-11-09 13:13:48"},{"nodeID":"1313027","text":"Louise Haigh: honest mistakes were made","type":"L","timestamp":"2023-11-09 13:13:48"},{"nodeID":"1313028","text":"Analysing","type":"YA","timestamp":"2023-11-09 13:13:48"},{"nodeID":"1313029","text":"Clara: Louise Haigh: honest mistakes were made","type":"L","timestamp":"2023-11-09 13:13:48"},{"nodeID":"1313030","text":"Asserting","type":"YA","timestamp":"2023-11-09 13:13:48"},{"nodeID":"1313031","text":"mistakes were made","type":"I","timestamp":"2023-11-09 13:13:48"},{"nodeID":"1313032","text":"Louise Haigh: mistakes were made","type":"L","timestamp":"2023-11-09 13:13:48"},{"nodeID":"1313033","text":"Analysing","type":"YA","timestamp":"2023-11-09 13:13:48"},{"nodeID":"1313034","text":"Clara: Louise Haigh: mistakes were made","type":"L","timestamp":"2023-11-09 13:13:48"},{"nodeID":"1313035","text":"Asserting","type":"YA","timestamp":"2023-11-09 13:13:48"},{"nodeID":"1313036","text":"Default Rephrase","type":"MA","timestamp":"2023-11-09 13:13:48"},{"nodeID":"1313037","text":"Default Transition","type":"TA","timestamp":"2023-11-09 13:13:48"},{"nodeID":"1313038","text":"Restating","type":"YA","timestamp":"2023-11-09 13:13:48"},{"nodeID":"1313039","text":"Default Transition","type":"TA","timestamp":"2023-11-09 13:13:48"},{"nodeID":"1313040","text":"the problem that people being moved to care homes exposes is that social care has for too long been the poor relation of health generally in our society","type":"I","timestamp":"2023-11-09 13:13:49"},{"nodeID":"1313041","text":"Charlotte Ivers: the problem that this exposes is that social care has for too long been the poor relation of health generally in our society","type":"L","timestamp":"2023-11-09 13:13:49"},{"nodeID":"1313042","text":"Analysing","type":"YA","timestamp":"2023-11-09 13:13:49"},{"nodeID":"1313043","text":"Clara: Charlotte Ivers: the problem that this exposes is that social care has for too long been the poor relation of health generally in our society","type":"L","timestamp":"2023-11-09 13:13:49"},{"nodeID":"1313044","text":"Asserting","type":"YA","timestamp":"2023-11-09 13:13:49"},{"nodeID":"1313045","text":"our society does not value or ask our politicians to value older people and vulnerable people that require care","type":"I","timestamp":"2023-11-09 13:13:49"},{"nodeID":"1313046","text":"Louise Haigh: our society does not value or ask our politicians to value older people and vulnerable people that require care","type":"L","timestamp":"2023-11-09 13:13:49"},{"nodeID":"1313047","text":"Analysing","type":"YA","timestamp":"2023-11-09 13:13:49"},{"nodeID":"1313048","text":"Clara: Louise Haigh: our society does not value or ask our politicians to value older people and vulnerable people that require care","type":"L","timestamp":"2023-11-09 13:13:49"},{"nodeID":"1313049","text":"Asserting","type":"YA","timestamp":"2023-11-09 13:13:49"},{"nodeID":"1313050","text":"Default Transition","type":"TA","timestamp":"2023-11-09 13:13:49"},{"nodeID":"1313051","text":"Default Inference","type":"RA","timestamp":"2023-11-09 13:13:49"},{"nodeID":"1313052","text":"Arguing","type":"YA","timestamp":"2023-11-09 13:13:50"},{"nodeID":"1313053","text":"Default Transition","type":"TA","timestamp":"2023-11-09 13:13:50"},{"nodeID":"1313054","text":"the people who were moved to care homes are the very tragic consequence of our society not valuing older people and vulnerable people","type":"I","timestamp":"2023-11-09 13:13:50"},{"nodeID":"1313055","text":"Louise Haigh:  those people were the very tragic consequence of that","type":"L","timestamp":"2023-11-09 13:13:50"},{"nodeID":"1313056","text":"Analysing","type":"YA","timestamp":"2023-11-09 13:13:50"},{"nodeID":"1313057","text":"Clara: Louise Haigh:  those people were the very tragic consequence of that","type":"L","timestamp":"2023-11-09 13:13:50"},{"nodeID":"1313058","text":"Asserting","type":"YA","timestamp":"2023-11-09 13:13:50"},{"nodeID":"1313059","text":"Default Transition","type":"TA","timestamp":"2023-11-09 13:13:50"},{"nodeID":"1313060","text":"Default Inference","type":"RA","timestamp":"2023-11-09 13:13:50"},{"nodeID":"1313061","text":"we don't have politicians in charge that valued the care system","type":"I","timestamp":"2023-11-09 13:13:51"},{"nodeID":"1313062","text":"Louise Haigh: as Jack says, that we don't have politicians in charge that valued the care system","type":"L","timestamp":"2023-11-09 13:13:51"},{"nodeID":"1313063","text":"Analysing","type":"YA","timestamp":"2023-11-09 13:13:51"},{"nodeID":"1313064","text":"Clara: Louise Haigh: as Jack says, that we don't have politicians in charge that valued the care system","type":"L","timestamp":"2023-11-09 13:13:51"},{"nodeID":"1313065","text":"Jack Thorne: we don't have politicians in charge that valued the care system","type":"L","timestamp":"2023-11-09 13:13:51"},{"nodeID":"1313066","text":"Analysing","type":"YA","timestamp":"2023-11-09 13:13:51"},{"nodeID":"1313067","text":"Clara: Jack Thorne: as Jack says, that we don't have politicians in charge that valued the care system","type":"L","timestamp":"2023-11-09 13:13:51"},{"nodeID":"1313068","text":"Asserting","type":"YA","timestamp":"2023-11-09 13:13:51"},{"nodeID":"1313069","text":"Asserting","type":"YA","timestamp":"2023-11-09 13:13:51"},{"nodeID":"1313070","text":"Default Transition","type":"TA","timestamp":"2023-11-09 13:13:51"},{"nodeID":"1313071","text":"Arguing","type":"YA","timestamp":"2023-11-09 13:13:51"},{"nodeID":"1313072","text":"Default Transition","type":"TA","timestamp":"2023-11-09 13:13:51"},{"nodeID":"1313073","text":"the government cannot claim that they were not warned","type":"I","timestamp":"2023-11-09 13:13:51"},{"nodeID":"1313074","text":"Louise Haigh:  the government cannot claim that they were not warned","type":"L","timestamp":"2023-11-09 13:13:51"},{"nodeID":"1313075","text":"Analysing","type":"YA","timestamp":"2023-11-09 13:13:51"},{"nodeID":"1313076","text":"Clara: Louise Haigh:  the government cannot claim that they were not warned","type":"L","timestamp":"2023-11-09 13:13:51"},{"nodeID":"1313077","text":"Asserting","type":"YA","timestamp":"2023-11-09 13:13:51"},{"nodeID":"1313078","text":"the government cannot claim that the alarm bells were not rung","type":"I","timestamp":"2023-11-09 13:13:52"},{"nodeID":"1313079","text":"Louise Haigh: they cannot claim that the alarm bells were not rung","type":"L","timestamp":"2023-11-09 13:13:52"},{"nodeID":"1313080","text":"Analysing","type":"YA","timestamp":"2023-11-09 13:13:52"},{"nodeID":"1313081","text":"Clara: Louise Haigh: they cannot claim that the alarm bells were not rung","type":"L","timestamp":"2023-11-09 13:13:52"},{"nodeID":"1313082","text":"Asserting","type":"YA","timestamp":"2023-11-09 13:13:52"},{"nodeID":"1313083","text":"Default Rephrase","type":"MA","timestamp":"2023-11-09 13:13:52"},{"nodeID":"1313084","text":"Default Transition","type":"TA","timestamp":"2023-11-09 13:13:52"},{"nodeID":"1313085","text":"Restating","type":"YA","timestamp":"2023-11-09 13:13:52"},{"nodeID":"1313086","text":"throughout the pandemic and from the beginning of COVID colleagues were raising the alarm about care homes","type":"I","timestamp":"2023-11-09 13:13:53"},{"nodeID":"1313087","text":"Louise Haigh: throughout the pandemic and from the beginning of COVID colleagues were raising the alarm about care homes","type":"L","timestamp":"2023-11-09 13:13:53"},{"nodeID":"1313088","text":"Analysing","type":"YA","timestamp":"2023-11-09 13:13:53"},{"nodeID":"1313089","text":"Clara: Louise Haigh: throughout the pandemic and from the beginning of COVID colleagues were raising the alarm about care homes","type":"L","timestamp":"2023-11-09 13:13:53"},{"nodeID":"1313090","text":"Asserting","type":"YA","timestamp":"2023-11-09 13:13:53"},{"nodeID":"1313091","text":"Default Transition","type":"TA","timestamp":"2023-11-09 13:13:53"},{"nodeID":"1313092","text":"Default Inference","type":"RA","timestamp":"2023-11-09 13:13:53"},{"nodeID":"1313093","text":"Arguing","type":"YA","timestamp":"2023-11-09 13:13:53"},{"nodeID":"1313094","text":"bereaved families of all those that lost their lives to learn lessons from the pandemic were raising the alarm about care homes","type":"I","timestamp":"2023-11-09 13:13:53"},{"nodeID":"1313095","text":"Louise Haigh: they owe it to bereaved families of all those that lost their lives to learn lessons from the pandemic","type":"L","timestamp":"2023-11-09 13:13:53"},{"nodeID":"1313096","text":"Analysing","type":"YA","timestamp":"2023-11-09 13:13:53"},{"nodeID":"1313097","text":"Clara: Louise Haigh: they owe it to bereaved families of all those that lost their lives to learn lessons from the pandemic","type":"L","timestamp":"2023-11-09 13:13:53"},{"nodeID":"1313098","text":"Asserting","type":"YA","timestamp":"2023-11-09 13:13:53"},{"nodeID":"1313099","text":"Default Transition","type":"TA","timestamp":"2023-11-09 13:13:53"},{"nodeID":"1313100","text":"Default Transition","type":"TA","timestamp":"2023-11-09 13:13:53"},{"nodeID":"1313101","text":"Default Rephrase","type":"MA","timestamp":"2023-11-09 13:13:53"},{"nodeID":"1313102","text":"Restating","type":"YA","timestamp":"2023-11-09 13:13:53"},{"nodeID":"1313103","text":"sadly, when the Prime Minister made his apology in the Commons last week, he made this claim about not knowing, about asymptomatic transmission","type":"I","timestamp":"2023-11-09 13:13:54"},{"nodeID":"1313104","text":"Louise Haigh: Sadly, when the Prime Minister made his apology in the Commons last week, he made this claim about not knowing, about asymptomatic transmission","type":"L","timestamp":"2023-11-09 13:13:54"},{"nodeID":"1313105","text":"Analysing","type":"YA","timestamp":"2023-11-09 13:13:54"},{"nodeID":"1313106","text":"Clara: Louise Haigh: Sadly, when the Prime Minister made his apology in the Commons last week, he made this claim about not knowing, about asymptomatic transmission","type":"L","timestamp":"2023-11-09 13:13:54"},{"nodeID":"1313107","text":"Asserting","type":"YA","timestamp":"2023-11-09 13:13:54"},{"nodeID":"1313108","text":"Default Transition","type":"TA","timestamp":"2023-11-09 13:13:54"},{"nodeID":"1313109","text":"again, SAGE warned, the Lancet Journal warned, colleagues warned in the House of Commons","type":"I","timestamp":"2023-11-09 13:13:55"},{"nodeID":"1313110","text":"Louise Haigh: again, SAGE warned, the Lancet Journal warned, colleagues warned in the House of Commons","type":"L","timestamp":"2023-11-09 13:13:55"},{"nodeID":"1313111","text":"Analysing","type":"YA","timestamp":"2023-11-09 13:13:55"},{"nodeID":"1313112","text":"Clara: Louise Haigh: again, SAGE warned, the Lancet Journal warned, colleagues warned in the House of Commons","type":"L","timestamp":"2023-11-09 13:13:55"},{"nodeID":"1313113","text":"Asserting","type":"YA","timestamp":"2023-11-09 13:13:55"},{"nodeID":"1313114","text":"Default Conflict","type":"CA","timestamp":"2023-11-09 13:13:55"},{"nodeID":"1313115","text":"Default Transition","type":"TA","timestamp":"2023-11-09 13:13:55"},{"nodeID":"1313116","text":"Disagreeing","type":"YA","timestamp":"2023-11-09 13:13:55"},{"nodeID":"1313117","text":"Default Transition","type":"TA","timestamp":"2023-11-09 13:13:55"},{"nodeID":"1313118","text":"Default Rephrase","type":"MA","timestamp":"2023-11-09 13:13:55"},{"nodeID":"1313119","text":"Restating","type":"YA","timestamp":"2023-11-09 13:13:55"},{"nodeID":"1313120","text":"the government cannot say they did not know","type":"I","timestamp":"2023-11-09 13:13:55"},{"nodeID":"1313121","text":"Louise Haigh: They cannot say they did not know","type":"L","timestamp":"2023-11-09 13:13:55"},{"nodeID":"1313122","text":"Analysing","type":"YA","timestamp":"2023-11-09 13:13:55"},{"nodeID":"1313123","text":"Clara: Louise Haigh: They cannot say they did not know","type":"L","timestamp":"2023-11-09 13:13:55"},{"nodeID":"1313124","text":"Asserting","type":"YA","timestamp":"2023-11-09 13:13:55"},{"nodeID":"1313125","text":"Default Transition","type":"TA","timestamp":"2023-11-09 13:13:55"},{"nodeID":"1313126","text":"Default Inference","type":"RA","timestamp":"2023-11-09 13:13:55"},{"nodeID":"1313127","text":"Default Transition","type":"TA","timestamp":"2023-11-09 13:13:55"},{"nodeID":"1313128","text":"Arguing","type":"YA","timestamp":"2023-11-09 13:13:55"},{"nodeID":"1313129","text":"the government owe it to those bereaved families to prove that they will learn lessons","type":"I","timestamp":"2023-11-09 13:13:56"},{"nodeID":"1313130","text":"Louise Haigh: they owe it to those bereaved families to prove that they will learn lessons","type":"L","timestamp":"2023-11-09 13:13:56"},{"nodeID":"1313131","text":"Analysing","type":"YA","timestamp":"2023-11-09 13:13:56"},{"nodeID":"1313132","text":"Clara: Louise Haigh: they owe it to those bereaved families to prove that they will learn lessons","type":"L","timestamp":"2023-11-09 13:13:56"},{"nodeID":"1313133","text":"Asserting","type":"YA","timestamp":"2023-11-09 13:13:56"},{"nodeID":"1313134","text":"Default Transition","type":"TA","timestamp":"2023-11-09 13:13:56"},{"nodeID":"1313135","text":"Default Inference","type":"RA","timestamp":"2023-11-09 13:13:56"},{"nodeID":"1313136","text":"Arguing","type":"YA","timestamp":"2023-11-09 13:13:56"},{"nodeID":"1313137","text":"sadly, Louise Haigh does not think the government will learn their lessons","type":"I","timestamp":"2023-11-09 13:13:56"},{"nodeID":"1313138","text":"Louise Haigh: Sadly, I do not think they will","type":"L","timestamp":"2023-11-09 13:13:56"},{"nodeID":"1313139","text":"Analysing","type":"YA","timestamp":"2023-11-09 13:13:56"},{"nodeID":"1313140","text":"Clara: Louise Haigh: Sadly, I do not think they will","type":"L","timestamp":"2023-11-09 13:13:56"},{"nodeID":"1313141","text":"Asserting","type":"YA","timestamp":"2023-11-09 13:13:56"},{"nodeID":"1313142","text":"Default Transition","type":"TA","timestamp":"2023-11-09 13:13:56"},{"nodeID":"1313143","text":"Default Conflict","type":"CA","timestamp":"2023-11-09 13:13:56"},{"nodeID":"1313144","text":"Disagreeing","type":"YA","timestamp":"2023-11-09 13:13:56"},{"nodeID":"1313145","text":"Default Inference","type":"RA","timestamp":"2023-11-09 13:13:56"},{"nodeID":"1313146","text":"Arguing","type":"YA","timestamp":"2023-11-09 13:13:56"},{"nodeID":"1313147","text":"Default Transition","type":"TA","timestamp":"2023-11-09 13:13:56"}],"edges":[{"edgeID":"1724035","fromID":"1313017","toID":"1313016","formEdgeID":null},{"edgeID":"1724036","fromID":"1313018","toID":"1313017","formEdgeID":null},{"edgeID":"1724037","fromID":"1313016","toID":"1313019","formEdgeID":null},{"edgeID":"1724038","fromID":"1313019","toID":"1313015","formEdgeID":null},{"edgeID":"1724039","fromID":"1313022","toID":"1313021","formEdgeID":null},{"edgeID":"1724040","fromID":"1313023","toID":"1313022","formEdgeID":null},{"edgeID":"1724041","fromID":"1313021","toID":"1313024","formEdgeID":null},{"edgeID":"1724042","fromID":"1313024","toID":"1313020","formEdgeID":null},{"edgeID":"1724043","fromID":"1313016","toID":"1313025","formEdgeID":null},{"edgeID":"1724044","fromID":"1313025","toID":"1313021","formEdgeID":null},{"edgeID":"1724045","fromID":"1313028","toID":"1313027","formEdgeID":null},{"edgeID":"1724046","fromID":"1313029","toID":"1313028","formEdgeID":null},{"edgeID":"1724047","fromID":"1313027","toID":"1313030","formEdgeID":null},{"edgeID":"1724048","fromID":"1313030","toID":"1313026","formEdgeID":null},{"edgeID":"1724049","fromID":"1313033","toID":"1313032","formEdgeID":null},{"edgeID":"1724050","fromID":"1313034","toID":"1313033","formEdgeID":null},{"edgeID":"1724051","fromID":"1313032","toID":"1313035","formEdgeID":null},{"edgeID":"1724052","fromID":"1313035","toID":"1313031","formEdgeID":null},{"edgeID":"1724053","fromID":"1313026","toID":"1313036","formEdgeID":null},{"edgeID":"1724054","fromID":"1313036","toID":"1313031","formEdgeID":null},{"edgeID":"1724055","fromID":"1313032","toID":"1313037","formEdgeID":null},{"edgeID":"1724056","fromID":"1313037","toID":"1313027","formEdgeID":null},{"edgeID":"1724057","fromID":"1313037","toID":"1313038","formEdgeID":null},{"edgeID":"1724058","fromID":"1313038","toID":"1313036","formEdgeID":null},{"edgeID":"1724059","fromID":"1313021","toID":"1313039","formEdgeID":null},{"edgeID":"1724060","fromID":"1313039","toID":"1313032","formEdgeID":null},{"edgeID":"1724061","fromID":"1313042","toID":"1313041","formEdgeID":null},{"edgeID":"1724062","fromID":"1313043","toID":"1313042","formEdgeID":null},{"edgeID":"1724063","fromID":"1313041","toID":"1313044","formEdgeID":null},{"edgeID":"1724064","fromID":"1313044","toID":"1313040","formEdgeID":null},{"edgeID":"1724065","fromID":"1313047","toID":"1313046","formEdgeID":null},{"edgeID":"1724066","fromID":"1313048","toID":"1313047","formEdgeID":null},{"edgeID":"1724067","fromID":"1313046","toID":"1313049","formEdgeID":null},{"edgeID":"1724068","fromID":"1313049","toID":"1313045","formEdgeID":null},{"edgeID":"1724069","fromID":"1313041","toID":"1313050","formEdgeID":null},{"edgeID":"1724070","fromID":"1313050","toID":"1313046","formEdgeID":null},{"edgeID":"1724071","fromID":"1313045","toID":"1313051","formEdgeID":null},{"edgeID":"1724072","fromID":"1313051","toID":"1313040","formEdgeID":null},{"edgeID":"1724073","fromID":"1313050","toID":"1313052","formEdgeID":null},{"edgeID":"1724074","fromID":"1313052","toID":"1313051","formEdgeID":null},{"edgeID":"1724075","fromID":"1313027","toID":"1313053","formEdgeID":null},{"edgeID":"1724076","fromID":"1313053","toID":"1313041","formEdgeID":null},{"edgeID":"1724077","fromID":"1313056","toID":"1313055","formEdgeID":null},{"edgeID":"1724078","fromID":"1313057","toID":"1313056","formEdgeID":null},{"edgeID":"1724079","fromID":"1313055","toID":"1313058","formEdgeID":null},{"edgeID":"1724080","fromID":"1313058","toID":"1313054","formEdgeID":null},{"edgeID":"1724081","fromID":"1313041","toID":"1313059","formEdgeID":null},{"edgeID":"1724082","fromID":"1313059","toID":"1313055","formEdgeID":null},{"edgeID":"1724083","fromID":"1313040","toID":"1313060","formEdgeID":null},{"edgeID":"1724084","fromID":"1313060","toID":"1313054","formEdgeID":null},{"edgeID":"1724085","fromID":"1313045","toID":"1313060","formEdgeID":null},{"edgeID":"1724086","fromID":"1313063","toID":"1313062","formEdgeID":null},{"edgeID":"1724087","fromID":"1313064","toID":"1313063","formEdgeID":null},{"edgeID":"1724088","fromID":"1313066","toID":"1313065","formEdgeID":null},{"edgeID":"1724089","fromID":"1313067","toID":"1313066","formEdgeID":null},{"edgeID":"1724090","fromID":"1313065","toID":"1313068","formEdgeID":null},{"edgeID":"1724091","fromID":"1313068","toID":"1313061","formEdgeID":null},{"edgeID":"1724092","fromID":"1313062","toID":"1313069","formEdgeID":null},{"edgeID":"1724093","fromID":"1313069","toID":"1313065","formEdgeID":null},{"edgeID":"1724094","fromID":"1313055","toID":"1313070","formEdgeID":null},{"edgeID":"1724095","fromID":"1313070","toID":"1313062","formEdgeID":null},{"edgeID":"1724096","fromID":"1313061","toID":"1313060","formEdgeID":null},{"edgeID":"1724097","fromID":"1313070","toID":"1313071","formEdgeID":null},{"edgeID":"1724098","fromID":"1313071","toID":"1313060","formEdgeID":null},{"edgeID":"1724099","fromID":"1313046","toID":"1313072","formEdgeID":null},{"edgeID":"1724100","fromID":"1313072","toID":"1313055","formEdgeID":null},{"edgeID":"1724101","fromID":"1313075","toID":"1313074","formEdgeID":null},{"edgeID":"1724102","fromID":"1313076","toID":"1313075","formEdgeID":null},{"edgeID":"1724103","fromID":"1313074","toID":"1313077","formEdgeID":null},{"edgeID":"1724104","fromID":"1313077","toID":"1313073","formEdgeID":null},{"edgeID":"1724105","fromID":"1313080","toID":"1313079","formEdgeID":null},{"edgeID":"1724106","fromID":"1313081","toID":"1313080","formEdgeID":null},{"edgeID":"1724107","fromID":"1313079","toID":"1313082","formEdgeID":null},{"edgeID":"1724108","fromID":"1313082","toID":"1313078","formEdgeID":null},{"edgeID":"1724109","fromID":"1313078","toID":"1313083","formEdgeID":null},{"edgeID":"1724110","fromID":"1313083","toID":"1313073","formEdgeID":null},{"edgeID":"1724111","fromID":"1313074","toID":"1313084","formEdgeID":null},{"edgeID":"1724112","fromID":"1313084","toID":"1313079","formEdgeID":null},{"edgeID":"1724113","fromID":"1313084","toID":"1313085","formEdgeID":null},{"edgeID":"1724114","fromID":"1313085","toID":"1313083","formEdgeID":null},{"edgeID":"1724115","fromID":"1313088","toID":"1313087","formEdgeID":null},{"edgeID":"1724116","fromID":"1313089","toID":"1313088","formEdgeID":null},{"edgeID":"1724117","fromID":"1313087","toID":"1313090","formEdgeID":null},{"edgeID":"1724118","fromID":"1313090","toID":"1313086","formEdgeID":null},{"edgeID":"1724119","fromID":"1313079","toID":"1313091","formEdgeID":null},{"edgeID":"1724120","fromID":"1313091","toID":"1313087","formEdgeID":null},{"edgeID":"1724121","fromID":"1313086","toID":"1313092","formEdgeID":null},{"edgeID":"1724122","fromID":"1313092","toID":"1313078","formEdgeID":null},{"edgeID":"1724123","fromID":"1313091","toID":"1313093","formEdgeID":null},{"edgeID":"1724124","fromID":"1313093","toID":"1313092","formEdgeID":null},{"edgeID":"1724125","fromID":"1313096","toID":"1313095","formEdgeID":null},{"edgeID":"1724126","fromID":"1313097","toID":"1313096","formEdgeID":null},{"edgeID":"1724127","fromID":"1313095","toID":"1313098","formEdgeID":null},{"edgeID":"1724128","fromID":"1313098","toID":"1313094","formEdgeID":null},{"edgeID":"1724129","fromID":"1313087","toID":"1313099","formEdgeID":null},{"edgeID":"1724130","fromID":"1313099","toID":"1313095","formEdgeID":null},{"edgeID":"1724131","fromID":"1313021","toID":"1313100","formEdgeID":null},{"edgeID":"1724132","fromID":"1313100","toID":"1313087","formEdgeID":null},{"edgeID":"1724133","fromID":"1313086","toID":"1313101","formEdgeID":null},{"edgeID":"1724134","fromID":"1313101","toID":"1313020","formEdgeID":null},{"edgeID":"1724135","fromID":"1313100","toID":"1313102","formEdgeID":null},{"edgeID":"1724136","fromID":"1313102","toID":"1313101","formEdgeID":null},{"edgeID":"1724137","fromID":"1313105","toID":"1313104","formEdgeID":null},{"edgeID":"1724138","fromID":"1313106","toID":"1313105","formEdgeID":null},{"edgeID":"1724139","fromID":"1313104","toID":"1313107","formEdgeID":null},{"edgeID":"1724140","fromID":"1313107","toID":"1313103","formEdgeID":null},{"edgeID":"1724141","fromID":"1313095","toID":"1313108","formEdgeID":null},{"edgeID":"1724142","fromID":"1313108","toID":"1313104","formEdgeID":null},{"edgeID":"1724143","fromID":"1313111","toID":"1313110","formEdgeID":null},{"edgeID":"1724144","fromID":"1313112","toID":"1313111","formEdgeID":null},{"edgeID":"1724145","fromID":"1313110","toID":"1313113","formEdgeID":null},{"edgeID":"1724146","fromID":"1313113","toID":"1313109","formEdgeID":null},{"edgeID":"1724147","fromID":"1313109","toID":"1313114","formEdgeID":null},{"edgeID":"1724148","fromID":"1313114","toID":"1313103","formEdgeID":null},{"edgeID":"1724149","fromID":"1313104","toID":"1313115","formEdgeID":null},{"edgeID":"1724150","fromID":"1313115","toID":"1313110","formEdgeID":null},{"edgeID":"1724151","fromID":"1313115","toID":"1313116","formEdgeID":null},{"edgeID":"1724152","fromID":"1313116","toID":"1313114","formEdgeID":null},{"edgeID":"1724153","fromID":"1313087","toID":"1313117","formEdgeID":null},{"edgeID":"1724154","fromID":"1313117","toID":"1313110","formEdgeID":null},{"edgeID":"1724155","fromID":"1313109","toID":"1313118","formEdgeID":null},{"edgeID":"1724156","fromID":"1313118","toID":"1313086","formEdgeID":null},{"edgeID":"1724157","fromID":"1313117","toID":"1313119","formEdgeID":null},{"edgeID":"1724158","fromID":"1313119","toID":"1313118","formEdgeID":null},{"edgeID":"1724159","fromID":"1313122","toID":"1313121","formEdgeID":null},{"edgeID":"1724160","fromID":"1313123","toID":"1313122","formEdgeID":null},{"edgeID":"1724161","fromID":"1313121","toID":"1313124","formEdgeID":null},{"edgeID":"1724162","fromID":"1313124","toID":"1313120","formEdgeID":null},{"edgeID":"1724163","fromID":"1313110","toID":"1313125","formEdgeID":null},{"edgeID":"1724164","fromID":"1313125","toID":"1313121","formEdgeID":null},{"edgeID":"1724165","fromID":"1313109","toID":"1313126","formEdgeID":null},{"edgeID":"1724166","fromID":"1313126","toID":"1313120","formEdgeID":null},{"edgeID":"1724167","fromID":"1313087","toID":"1313127","formEdgeID":null},{"edgeID":"1724168","fromID":"1313127","toID":"1313121","formEdgeID":null},{"edgeID":"1724169","fromID":"1313086","toID":"1313126","formEdgeID":null},{"edgeID":"1724170","fromID":"1313125","toID":"1313128","formEdgeID":null},{"edgeID":"1724171","fromID":"1313128","toID":"1313126","formEdgeID":null},{"edgeID":"1724172","fromID":"1313131","toID":"1313130","formEdgeID":null},{"edgeID":"1724173","fromID":"1313132","toID":"1313131","formEdgeID":null},{"edgeID":"1724174","fromID":"1313130","toID":"1313133","formEdgeID":null},{"edgeID":"1724175","fromID":"1313133","toID":"1313129","formEdgeID":null},{"edgeID":"1724176","fromID":"1313121","toID":"1313134","formEdgeID":null},{"edgeID":"1724177","fromID":"1313134","toID":"1313130","formEdgeID":null},{"edgeID":"1724178","fromID":"1313120","toID":"1313135","formEdgeID":null},{"edgeID":"1724179","fromID":"1313135","toID":"1313129","formEdgeID":null},{"edgeID":"1724180","fromID":"1313134","toID":"1313136","formEdgeID":null},{"edgeID":"1724181","fromID":"1313136","toID":"1313135","formEdgeID":null},{"edgeID":"1724182","fromID":"1313139","toID":"1313138","formEdgeID":null},{"edgeID":"1724183","fromID":"1313140","toID":"1313139","formEdgeID":null},{"edgeID":"1724184","fromID":"1313138","toID":"1313141","formEdgeID":null},{"edgeID":"1724185","fromID":"1313141","toID":"1313137","formEdgeID":null},{"edgeID":"1724186","fromID":"1313130","toID":"1313142","formEdgeID":null},{"edgeID":"1724187","fromID":"1313142","toID":"1313138","formEdgeID":null},{"edgeID":"1724188","fromID":"1313137","toID":"1313143","formEdgeID":null},{"edgeID":"1724189","fromID":"1313143","toID":"1313129","formEdgeID":null},{"edgeID":"1724190","fromID":"1313142","toID":"1313144","formEdgeID":null},{"edgeID":"1724191","fromID":"1313144","toID":"1313143","formEdgeID":null},{"edgeID":"1724192","fromID":"1313094","toID":"1313145","formEdgeID":null},{"edgeID":"1724193","fromID":"1313145","toID":"1313086","formEdgeID":null},{"edgeID":"1724194","fromID":"1313099","toID":"1313146","formEdgeID":null},{"edgeID":"1724195","fromID":"1313146","toID":"1313145","formEdgeID":null},{"edgeID":"1724196","fromID":"1313095","toID":"1313147","formEdgeID":null},{"edgeID":"1724197","fromID":"1313147","toID":"1313130","formEdgeID":null},{"edgeID":"1724198","fromID":"1313086","toID":"1313135","formEdgeID":null}],"locutions":[]}