{"nodes":[{"nodeID":"1300950","text":"increasing the universal credit taper is only one of the areas that we're helping","type":"I","timestamp":"2023-11-09 12:56:41"},{"nodeID":"1300951","text":"Maria Caulfield: that is only one of the areas that we're helping","type":"L","timestamp":"2023-11-09 12:56:41"},{"nodeID":"1300952","text":"Analysing","type":"YA","timestamp":"2023-11-09 12:56:41"},{"nodeID":"1300953","text":"Zlata: Maria Caulfield: that is only one of the areas that we're helping","type":"L","timestamp":"2023-11-09 12:56:41"},{"nodeID":"1300954","text":"Asserting","type":"YA","timestamp":"2023-11-09 12:56:41"},{"nodeID":"1300955","text":"we're helping with the national insurance threshold","type":"I","timestamp":"2023-11-09 12:56:41"},{"nodeID":"1300956","text":"Maria Caulfield: We're helping with the national insurance threshold","type":"L","timestamp":"2023-11-09 12:56:41"},{"nodeID":"1300957","text":"Analysing","type":"YA","timestamp":"2023-11-09 12:56:41"},{"nodeID":"1300958","text":"Zlata: Maria Caulfield: We're helping with the national insurance threshold","type":"L","timestamp":"2023-11-09 12:56:41"},{"nodeID":"1300959","text":"Asserting","type":"YA","timestamp":"2023-11-09 12:56:41"},{"nodeID":"1300960","text":"Default Transition","type":"TA","timestamp":"2023-11-09 12:56:41"},{"nodeID":"1300961","text":"Default Rephrase","type":"MA","timestamp":"2023-11-09 12:56:41"},{"nodeID":"1300962","text":"Restating","type":"YA","timestamp":"2023-11-09 12:56:41"},{"nodeID":"1300963","text":"Maria Caulfield: it does","type":"L","timestamp":"2023-11-09 12:56:41"},{"nodeID":"1300964","text":"Analysing","type":"YA","timestamp":"2023-11-09 12:56:41"},{"nodeID":"1300965","text":"Zlata: Maria Caulfield: it does","type":"L","timestamp":"2023-11-09 12:56:41"},{"nodeID":"1300966","text":"some people on benefits are actually working and paying national insurance","type":"I","timestamp":"2023-11-09 12:56:42"},{"nodeID":"1300967","text":"Maria Caulfield: Some people on benefits are actually working and paying national insurance","type":"L","timestamp":"2023-11-09 12:56:42"},{"nodeID":"1300968","text":"Analysing","type":"YA","timestamp":"2023-11-09 12:56:42"},{"nodeID":"1300969","text":"Zlata: Maria Caulfield: Some people on benefits are actually working and paying national insurance","type":"L","timestamp":"2023-11-09 12:56:42"},{"nodeID":"1300970","text":"Asserting","type":"YA","timestamp":"2023-11-09 12:56:42"},{"nodeID":"1300971","text":"it is crucial to understand that some people on benefits are actually working and paying national insurance","type":"I","timestamp":"2023-11-09 12:56:43"},{"nodeID":"1300972","text":"Maria Caulfield: that is crucial to understand","type":"L","timestamp":"2023-11-09 12:56:43"},{"nodeID":"1300973","text":"Analysing","type":"YA","timestamp":"2023-11-09 12:56:43"},{"nodeID":"1300974","text":"Zlata: Maria Caulfield: that is crucial to understand","type":"L","timestamp":"2023-11-09 12:56:43"},{"nodeID":"1300975","text":"Asserting","type":"YA","timestamp":"2023-11-09 12:56:43"},{"nodeID":"1300976","text":"Default Transition","type":"TA","timestamp":"2023-11-09 12:56:43"},{"nodeID":"1300977","text":"Default Rephrase","type":"MA","timestamp":"2023-11-09 12:56:43"},{"nodeID":"1300978","text":"Restating","type":"YA","timestamp":"2023-11-09 12:56:43"},{"nodeID":"1300979","text":"the universal credit is going up by three per cent","type":"I","timestamp":"2023-11-09 12:56:43"},{"nodeID":"1300980","text":"Zanny Minton Beddoes: the universal credit is going up as Victoria says, by three per cent","type":"L","timestamp":"2023-11-09 12:56:43"},{"nodeID":"1300981","text":"Analysing","type":"YA","timestamp":"2023-11-09 12:56:43"},{"nodeID":"1300982","text":"Zlata: Zanny Minton Beddoes: the universal credit is going up as Victoria says, by three per cent","type":"L","timestamp":"2023-11-09 12:56:43"},{"nodeID":"1300983","text":"Victoria Derbyshire: the universal credit is going up by three per cent","type":"L","timestamp":"2023-11-09 12:56:43"},{"nodeID":"1300984","text":"Analysing","type":"YA","timestamp":"2023-11-09 12:56:43"},{"nodeID":"1300985","text":"Zlata: Victoria Derbyshire: the universal credit is going up by three per cent","type":"L","timestamp":"2023-11-09 12:56:43"},{"nodeID":"1300986","text":"Asserting","type":"YA","timestamp":"2023-11-09 12:56:43"},{"nodeID":"1300987","text":"Asserting","type":"YA","timestamp":"2023-11-09 12:56:43"},{"nodeID":"1300988","text":"inflation is much higher than universal credit taper","type":"I","timestamp":"2023-11-09 12:56:44"},{"nodeID":"1300989","text":"Zanny Minton Beddoes: inflation is much, much higher than that","type":"L","timestamp":"2023-11-09 12:56:44"},{"nodeID":"1300990","text":"Analysing","type":"YA","timestamp":"2023-11-09 12:56:44"},{"nodeID":"1300991","text":"Zlata: Zanny Minton Beddoes: inflation is much, much higher than that","type":"L","timestamp":"2023-11-09 12:56:44"},{"nodeID":"1300992","text":"Asserting","type":"YA","timestamp":"2023-11-09 12:56:44"},{"nodeID":"1300993","text":"there was nothing done in the statement last week to expand on universal credit","type":"I","timestamp":"2023-11-09 12:56:44"},{"nodeID":"1300994","text":"Zanny Minton Beddoes: There was nothing done in the statement last week to expand on universal credit","type":"L","timestamp":"2023-11-09 12:56:44"},{"nodeID":"1300995","text":"Analysing","type":"YA","timestamp":"2023-11-09 12:56:44"},{"nodeID":"1300996","text":"Zlata: Zanny Minton Beddoes: There was nothing done in the statement last week to expand on universal credit","type":"L","timestamp":"2023-11-09 12:56:44"},{"nodeID":"1300997","text":"Asserting","type":"YA","timestamp":"2023-11-09 12:56:44"},{"nodeID":"1300998","text":"Default Transition","type":"TA","timestamp":"2023-11-09 12:56:44"},{"nodeID":"1300999","text":"Default Conflict","type":"CA","timestamp":"2023-11-09 12:56:44"},{"nodeID":"1301000","text":"Disagreeing","type":"YA","timestamp":"2023-11-09 12:56:44"},{"nodeID":"1301001","text":"the Chancellor is not doing very much for those who are choosing between eating and heating","type":"I","timestamp":"2023-11-09 12:56:45"},{"nodeID":"1301002","text":"Zanny Minton Beddoes: the Chancellor is not doing very much for those who are choosing between eating and heating","type":"L","timestamp":"2023-11-09 12:56:45"},{"nodeID":"1301003","text":"Analysing","type":"YA","timestamp":"2023-11-09 12:56:45"},{"nodeID":"1301004","text":"Zlata: Zanny Minton Beddoes: the Chancellor is not doing very much for those who are choosing between eating and heating","type":"L","timestamp":"2023-11-09 12:56:45"},{"nodeID":"1301005","text":"Asserting","type":"YA","timestamp":"2023-11-09 12:56:45"},{"nodeID":"1301006","text":"Default Transition","type":"TA","timestamp":"2023-11-09 12:56:45"},{"nodeID":"1301007","text":"Default Inference","type":"RA","timestamp":"2023-11-09 12:56:45"},{"nodeID":"1301008","text":"Arguing","type":"YA","timestamp":"2023-11-09 12:56:45"},{"nodeID":"1301009","text":"the forecast by the OBR before the Chancellor's stuff last week had been that the average person's income was going to go down by three per cent","type":"I","timestamp":"2023-11-09 12:56:45"},{"nodeID":"1301010","text":"Zanny Minton Beddoes: the forecast by the OBR is that with\u2026before the Chancellor's stuff last week the average person income was going to go down by three per cent","type":"L","timestamp":"2023-11-09 12:56:45"},{"nodeID":"1301011","text":"Analysing","type":"YA","timestamp":"2023-11-09 12:56:45"},{"nodeID":"1301012","text":"Zlata: Zanny Minton Beddoes: the forecast by the OBR is that with\u2026before the Chancellor's stuff last week the average person income was going to go down by three per cent","type":"L","timestamp":"2023-11-09 12:56:45"},{"nodeID":"1301013","text":"Asserting","type":"YA","timestamp":"2023-11-09 12:56:45"},{"nodeID":"1301014","text":"the average person's income going down by three per cent is historically the highest on record","type":"I","timestamp":"2023-11-09 12:56:46"},{"nodeID":"1301015","text":"Zanny Minton Beddoes: which is historically the highest on record","type":"L","timestamp":"2023-11-09 12:56:46"},{"nodeID":"1301016","text":"Analysing","type":"YA","timestamp":"2023-11-09 12:56:46"},{"nodeID":"1301017","text":"Zlata: Zanny Minton Beddoes: which is historically the highest on record","type":"L","timestamp":"2023-11-09 12:56:46"},{"nodeID":"1301018","text":"Asserting","type":"YA","timestamp":"2023-11-09 12:56:46"},{"nodeID":"1301019","text":"Default Transition","type":"TA","timestamp":"2023-11-09 12:56:46"},{"nodeID":"1301020","text":"Default Rephrase","type":"MA","timestamp":"2023-11-09 12:56:46"},{"nodeID":"1301021","text":"Restating","type":"YA","timestamp":"2023-11-09 12:56:46"},{"nodeID":"1301022","text":"Default Transition","type":"TA","timestamp":"2023-11-09 12:56:46"},{"nodeID":"1301023","text":"Default Transition","type":"TA","timestamp":"2023-11-09 12:56:46"},{"nodeID":"1301024","text":"helping with national insurance threshold doesn't help people on benefits","type":"I","timestamp":"2023-11-09 12:56:47"},{"nodeID":"1301025","text":"Victoria Derbyshire: It doesn't help people on benefits","type":"L","timestamp":"2023-11-09 12:56:47"},{"nodeID":"1301026","text":"Analysing","type":"YA","timestamp":"2023-11-09 12:56:47"},{"nodeID":"1301027","text":"Zlata: Victoria Derbyshire: It doesn't help people on benefits","type":"L","timestamp":"2023-11-09 12:56:47"},{"nodeID":"1301028","text":"Asserting","type":"YA","timestamp":"2023-11-09 12:56:47"},{"nodeID":"1301029","text":"Default Transition","type":"TA","timestamp":"2023-11-09 12:56:47"},{"nodeID":"1301030","text":"Default Transition","type":"TA","timestamp":"2023-11-09 12:56:47"},{"nodeID":"1301031","text":"Default Conflict","type":"CA","timestamp":"2023-11-09 12:56:47"},{"nodeID":"1301032","text":"Disagreeing","type":"YA","timestamp":"2023-11-09 12:56:47"},{"nodeID":"1301033","text":"Default Conflict","type":"CA","timestamp":"2023-11-09 12:56:47"},{"nodeID":"1301034","text":"Default Transition","type":"TA","timestamp":"2023-11-09 12:56:47"},{"nodeID":"1301035","text":"Disagreeing","type":"YA","timestamp":"2023-11-09 12:56:47"},{"nodeID":"1301036","text":"it's not quite right that increasing the universal credit taper is already making difference to the households","type":"I","timestamp":"2023-11-09 12:56:47"},{"nodeID":"1301037","text":"Zanny Minton Beddoes:  it's not quite right","type":"L","timestamp":"2023-11-09 12:56:47"},{"nodeID":"1301038","text":"Analysing","type":"YA","timestamp":"2023-11-09 12:56:47"},{"nodeID":"1301039","text":"Zlata: Zanny Minton Beddoes:  it's not quite right","type":"L","timestamp":"2023-11-09 12:56:47"},{"nodeID":"1301040","text":"Asserting","type":"YA","timestamp":"2023-11-09 12:56:47"},{"nodeID":"1301041","text":"Default Transition","type":"TA","timestamp":"2023-11-09 12:56:47"},{"nodeID":"1301042","text":"increasing the universal credit taper is already making difference to the households","type":"I","timestamp":"2023-11-09 12:56:48"},{"nodeID":"1301043","text":"Zanny Minton Beddoes: what you're saying","type":"L","timestamp":"2023-11-09 12:56:48"},{"nodeID":"1301044","text":"Analysing","type":"YA","timestamp":"2023-11-09 12:56:48"},{"nodeID":"1301045","text":"Zlata: Zanny Minton Beddoes: what you're saying","type":"L","timestamp":"2023-11-09 12:56:48"},{"nodeID":"1301046","text":"Maria Caulfield: what you're saying","type":"L","timestamp":"2023-11-09 12:56:48"},{"nodeID":"1301047","text":"Analysing","type":"YA","timestamp":"2023-11-09 12:56:48"},{"nodeID":"1301048","text":"Zlata: Maria Caulfield: what you're saying","type":"L","timestamp":"2023-11-09 12:56:48"},{"nodeID":"1301049","text":"Asserting","type":"YA","timestamp":"2023-11-09 12:56:48"},{"nodeID":"1301050","text":"Asserting","type":"YA","timestamp":"2023-11-09 12:56:48"},{"nodeID":"1301051","text":"Default Transition","type":"TA","timestamp":"2023-11-09 12:56:48"},{"nodeID":"1301052","text":"Default Conflict","type":"CA","timestamp":"2023-11-09 12:56:48"},{"nodeID":"1301053","text":"Default Transition","type":"TA","timestamp":"2023-11-09 12:56:48"},{"nodeID":"1301054","text":"Default Inference","type":"RA","timestamp":"2023-11-09 12:56:48"},{"nodeID":"1301055","text":"Arguing","type":"YA","timestamp":"2023-11-09 12:56:48"},{"nodeID":"1301056","text":"Default Transition","type":"TA","timestamp":"2023-11-09 12:56:48"},{"nodeID":"1301057","text":"Disagreeing","type":"YA","timestamp":"2023-11-09 12:56:48"}],"edges":[{"edgeID":"1709470","fromID":"1300952","toID":"1300951","formEdgeID":null},{"edgeID":"1709471","fromID":"1300953","toID":"1300952","formEdgeID":null},{"edgeID":"1709472","fromID":"1300951","toID":"1300954","formEdgeID":null},{"edgeID":"1709473","fromID":"1300954","toID":"1300950","formEdgeID":null},{"edgeID":"1709474","fromID":"1300957","toID":"1300956","formEdgeID":null},{"edgeID":"1709475","fromID":"1300958","toID":"1300957","formEdgeID":null},{"edgeID":"1709476","fromID":"1300956","toID":"1300959","formEdgeID":null},{"edgeID":"1709477","fromID":"1300959","toID":"1300955","formEdgeID":null},{"edgeID":"1709478","fromID":"1300951","toID":"1300960","formEdgeID":null},{"edgeID":"1709479","fromID":"1300960","toID":"1300956","formEdgeID":null},{"edgeID":"1709480","fromID":"1300955","toID":"1300961","formEdgeID":null},{"edgeID":"1709481","fromID":"1300961","toID":"1300950","formEdgeID":null},{"edgeID":"1709482","fromID":"1300960","toID":"1300962","formEdgeID":null},{"edgeID":"1709483","fromID":"1300962","toID":"1300961","formEdgeID":null},{"edgeID":"1709484","fromID":"1300964","toID":"1300963","formEdgeID":null},{"edgeID":"1709485","fromID":"1300965","toID":"1300964","formEdgeID":null},{"edgeID":"1709486","fromID":"1300968","toID":"1300967","formEdgeID":null},{"edgeID":"1709487","fromID":"1300969","toID":"1300968","formEdgeID":null},{"edgeID":"1709488","fromID":"1300967","toID":"1300970","formEdgeID":null},{"edgeID":"1709489","fromID":"1300970","toID":"1300966","formEdgeID":null},{"edgeID":"1709490","fromID":"1300973","toID":"1300972","formEdgeID":null},{"edgeID":"1709491","fromID":"1300974","toID":"1300973","formEdgeID":null},{"edgeID":"1709492","fromID":"1300972","toID":"1300975","formEdgeID":null},{"edgeID":"1709493","fromID":"1300975","toID":"1300971","formEdgeID":null},{"edgeID":"1709494","fromID":"1300967","toID":"1300976","formEdgeID":null},{"edgeID":"1709495","fromID":"1300976","toID":"1300972","formEdgeID":null},{"edgeID":"1709496","fromID":"1300971","toID":"1300977","formEdgeID":null},{"edgeID":"1709497","fromID":"1300977","toID":"1300966","formEdgeID":null},{"edgeID":"1709498","fromID":"1300976","toID":"1300978","formEdgeID":null},{"edgeID":"1709499","fromID":"1300978","toID":"1300977","formEdgeID":null},{"edgeID":"1709500","fromID":"1300981","toID":"1300980","formEdgeID":null},{"edgeID":"1709501","fromID":"1300982","toID":"1300981","formEdgeID":null},{"edgeID":"1709502","fromID":"1300984","toID":"1300983","formEdgeID":null},{"edgeID":"1709503","fromID":"1300985","toID":"1300984","formEdgeID":null},{"edgeID":"1709504","fromID":"1300983","toID":"1300986","formEdgeID":null},{"edgeID":"1709505","fromID":"1300986","toID":"1300979","formEdgeID":null},{"edgeID":"1709506","fromID":"1300980","toID":"1300987","formEdgeID":null},{"edgeID":"1709507","fromID":"1300987","toID":"1300983","formEdgeID":null},{"edgeID":"1709508","fromID":"1300990","toID":"1300989","formEdgeID":null},{"edgeID":"1709509","fromID":"1300991","toID":"1300990","formEdgeID":null},{"edgeID":"1709510","fromID":"1300989","toID":"1300992","formEdgeID":null},{"edgeID":"1709511","fromID":"1300992","toID":"1300988","formEdgeID":null},{"edgeID":"1709512","fromID":"1300995","toID":"1300994","formEdgeID":null},{"edgeID":"1709513","fromID":"1300996","toID":"1300995","formEdgeID":null},{"edgeID":"1709514","fromID":"1300994","toID":"1300997","formEdgeID":null},{"edgeID":"1709515","fromID":"1300997","toID":"1300993","formEdgeID":null},{"edgeID":"1709516","fromID":"1300951","toID":"1300998","formEdgeID":null},{"edgeID":"1709517","fromID":"1300998","toID":"1300994","formEdgeID":null},{"edgeID":"1709518","fromID":"1300993","toID":"1300999","formEdgeID":null},{"edgeID":"1709519","fromID":"1300999","toID":"1300950","formEdgeID":null},{"edgeID":"1709520","fromID":"1300998","toID":"1301000","formEdgeID":null},{"edgeID":"1709521","fromID":"1301000","toID":"1300999","formEdgeID":null},{"edgeID":"1709522","fromID":"1301003","toID":"1301002","formEdgeID":null},{"edgeID":"1709523","fromID":"1301004","toID":"1301003","formEdgeID":null},{"edgeID":"1709524","fromID":"1301002","toID":"1301005","formEdgeID":null},{"edgeID":"1709525","fromID":"1301005","toID":"1301001","formEdgeID":null},{"edgeID":"1709526","fromID":"1300994","toID":"1301006","formEdgeID":null},{"edgeID":"1709527","fromID":"1301006","toID":"1301002","formEdgeID":null},{"edgeID":"1709528","fromID":"1300993","toID":"1301007","formEdgeID":null},{"edgeID":"1709529","fromID":"1301007","toID":"1301001","formEdgeID":null},{"edgeID":"1709530","fromID":"1301006","toID":"1301008","formEdgeID":null},{"edgeID":"1709531","fromID":"1301008","toID":"1301007","formEdgeID":null},{"edgeID":"1709532","fromID":"1301011","toID":"1301010","formEdgeID":null},{"edgeID":"1709533","fromID":"1301012","toID":"1301011","formEdgeID":null},{"edgeID":"1709534","fromID":"1301010","toID":"1301013","formEdgeID":null},{"edgeID":"1709535","fromID":"1301013","toID":"1301009","formEdgeID":null},{"edgeID":"1709536","fromID":"1301016","toID":"1301015","formEdgeID":null},{"edgeID":"1709537","fromID":"1301017","toID":"1301016","formEdgeID":null},{"edgeID":"1709538","fromID":"1301015","toID":"1301018","formEdgeID":null},{"edgeID":"1709539","fromID":"1301018","toID":"1301014","formEdgeID":null},{"edgeID":"1709540","fromID":"1301010","toID":"1301019","formEdgeID":null},{"edgeID":"1709541","fromID":"1301019","toID":"1301015","formEdgeID":null},{"edgeID":"1709542","fromID":"1301014","toID":"1301020","formEdgeID":null},{"edgeID":"1709543","fromID":"1301020","toID":"1301009","formEdgeID":null},{"edgeID":"1709544","fromID":"1301019","toID":"1301021","formEdgeID":null},{"edgeID":"1709545","fromID":"1301021","toID":"1301020","formEdgeID":null},{"edgeID":"1709546","fromID":"1300989","toID":"1301022","formEdgeID":null},{"edgeID":"1709547","fromID":"1301022","toID":"1300994","formEdgeID":null},{"edgeID":"1709548","fromID":"1301002","toID":"1301023","formEdgeID":null},{"edgeID":"1709549","fromID":"1301023","toID":"1301010","formEdgeID":null},{"edgeID":"1709550","fromID":"1301026","toID":"1301025","formEdgeID":null},{"edgeID":"1709551","fromID":"1301027","toID":"1301026","formEdgeID":null},{"edgeID":"1709552","fromID":"1301025","toID":"1301028","formEdgeID":null},{"edgeID":"1709553","fromID":"1301028","toID":"1301024","formEdgeID":null},{"edgeID":"1709554","fromID":"1300956","toID":"1301029","formEdgeID":null},{"edgeID":"1709555","fromID":"1301029","toID":"1301025","formEdgeID":null},{"edgeID":"1709556","fromID":"1301025","toID":"1301030","formEdgeID":null},{"edgeID":"1709557","fromID":"1301030","toID":"1300963","formEdgeID":null},{"edgeID":"1709558","fromID":"1301024","toID":"1301031","formEdgeID":null},{"edgeID":"1709559","fromID":"1301031","toID":"1300955","formEdgeID":null},{"edgeID":"1709560","fromID":"1301029","toID":"1301032","formEdgeID":null},{"edgeID":"1709561","fromID":"1301032","toID":"1301031","formEdgeID":null},{"edgeID":"1709562","fromID":"1300966","toID":"1301033","formEdgeID":null},{"edgeID":"1709563","fromID":"1301033","toID":"1301024","formEdgeID":null},{"edgeID":"1709564","fromID":"1301025","toID":"1301034","formEdgeID":null},{"edgeID":"1709565","fromID":"1301034","toID":"1300967","formEdgeID":null},{"edgeID":"1709566","fromID":"1301034","toID":"1301035","formEdgeID":null},{"edgeID":"1709567","fromID":"1301035","toID":"1301033","formEdgeID":null},{"edgeID":"1709568","fromID":"1301038","toID":"1301037","formEdgeID":null},{"edgeID":"1709569","fromID":"1301039","toID":"1301038","formEdgeID":null},{"edgeID":"1709570","fromID":"1301037","toID":"1301040","formEdgeID":null},{"edgeID":"1709571","fromID":"1301040","toID":"1301036","formEdgeID":null},{"edgeID":"1709572","fromID":"1300972","toID":"1301041","formEdgeID":null},{"edgeID":"1709573","fromID":"1301041","toID":"1301037","formEdgeID":null},{"edgeID":"1709574","fromID":"1301044","toID":"1301043","formEdgeID":null},{"edgeID":"1709575","fromID":"1301045","toID":"1301044","formEdgeID":null},{"edgeID":"1709576","fromID":"1301047","toID":"1301046","formEdgeID":null},{"edgeID":"1709577","fromID":"1301048","toID":"1301047","formEdgeID":null},{"edgeID":"1709578","fromID":"1301046","toID":"1301049","formEdgeID":null},{"edgeID":"1709579","fromID":"1301049","toID":"1301042","formEdgeID":null},{"edgeID":"1709580","fromID":"1301043","toID":"1301050","formEdgeID":null},{"edgeID":"1709581","fromID":"1301050","toID":"1301046","formEdgeID":null},{"edgeID":"1709582","fromID":"1301037","toID":"1301051","formEdgeID":null},{"edgeID":"1709583","fromID":"1301051","toID":"1301043","formEdgeID":null},{"edgeID":"1709584","fromID":"1301042","toID":"1301052","formEdgeID":null},{"edgeID":"1709585","fromID":"1301052","toID":"1301036","formEdgeID":null},{"edgeID":"1709586","fromID":"1301037","toID":"1301053","formEdgeID":null},{"edgeID":"1709587","fromID":"1301053","toID":"1300989","formEdgeID":null},{"edgeID":"1709588","fromID":"1300988","toID":"1301054","formEdgeID":null},{"edgeID":"1709589","fromID":"1301054","toID":"1301036","formEdgeID":null},{"edgeID":"1709590","fromID":"1300979","toID":"1301054","formEdgeID":null},{"edgeID":"1709591","fromID":"1301053","toID":"1301055","formEdgeID":null},{"edgeID":"1709592","fromID":"1301055","toID":"1301054","formEdgeID":null},{"edgeID":"1709593","fromID":"1301037","toID":"1301056","formEdgeID":null},{"edgeID":"1709594","fromID":"1301056","toID":"1300980","formEdgeID":null},{"edgeID":"1709595","fromID":"1301030","toID":"1301057","formEdgeID":null},{"edgeID":"1709596","fromID":"1301057","toID":"1301024","formEdgeID":null}],"locutions":[]}