{"nodes":[{"nodeID":"1142257","text":"it's okay giving Ukrainians defensive weapons","type":"I","timestamp":"2023-04-11 20:09:15"},{"nodeID":"1142276","text":"more should be done to let the Russian people know what's being done in their name","type":"I","timestamp":"2023-04-11 20:09:27"},{"nodeID":"1142382","text":"the mothers of the Russian soldiers who are dying, they might stop Vladimir Putin","type":"I","timestamp":"2023-04-11 20:10:30"},{"nodeID":"1301690","text":"AudienceMember 20220310QT29: it's okay giving Ukrainians defensive weapons","type":"L","timestamp":"2023-11-09 12:57:42"},{"nodeID":"1301691","text":"Analysing","type":"YA","timestamp":"2023-11-09 12:57:42"},{"nodeID":"1301692","text":"Anon: AudienceMember 20220310QT29: it's okay giving Ukrainians defensive weapons","type":"L","timestamp":"2023-11-09 12:57:42"},{"nodeID":"1301693","text":"Asserting","type":"YA","timestamp":"2023-11-09 12:57:42"},{"nodeID":"1301694","text":"AudienceMember 20220310QT29: more should be done to let the Russian people know what's being done in their name","type":"L","timestamp":"2023-11-09 12:57:43"},{"nodeID":"1301695","text":"Analysing","type":"YA","timestamp":"2023-11-09 12:57:43"},{"nodeID":"1301696","text":"Anon: AudienceMember 20220310QT29: more should be done to let the Russian people know what's being done in their name","type":"L","timestamp":"2023-11-09 12:57:43"},{"nodeID":"1301697","text":"Asserting","type":"YA","timestamp":"2023-11-09 12:57:43"},{"nodeID":"1301698","text":"Russian people are obviously not given the true facts","type":"I","timestamp":"2023-11-09 12:57:43"},{"nodeID":"1301699","text":"AudienceMember 20220310QT29: they're obviously not be given the true facts","type":"L","timestamp":"2023-11-09 12:57:43"},{"nodeID":"1301700","text":"Analysing","type":"YA","timestamp":"2023-11-09 12:57:43"},{"nodeID":"1301701","text":"Anon: AudienceMember 20220310QT29: they're obviously not be given the true facts","type":"L","timestamp":"2023-11-09 12:57:43"},{"nodeID":"1301702","text":"Asserting","type":"YA","timestamp":"2023-11-09 12:57:43"},{"nodeID":"1301703","text":"we can let Russian people know what's being done in their name through social media","type":"I","timestamp":"2023-11-09 12:57:44"},{"nodeID":"1301704","text":"AudienceMember 20220310QT29: the social media, somehow we can let them know what's being done in their name","type":"L","timestamp":"2023-11-09 12:57:44"},{"nodeID":"1301705","text":"Analysing","type":"YA","timestamp":"2023-11-09 12:57:44"},{"nodeID":"1301706","text":"Anon: AudienceMember 20220310QT29: the social media, somehow we can let them know what's being done in their name","type":"L","timestamp":"2023-11-09 12:57:44"},{"nodeID":"1301707","text":"Asserting","type":"YA","timestamp":"2023-11-09 12:57:44"},{"nodeID":"1301708","text":"AudienceMember 20220310QT30: The mothers of the Russian soldiers who are dying, they might stop him","type":"L","timestamp":"2023-11-09 12:57:45"},{"nodeID":"1301709","text":"Analysing","type":"YA","timestamp":"2023-11-09 12:57:45"},{"nodeID":"1301710","text":"Anon: AudienceMember 20220310QT30: The mothers of the Russian soldiers who are dying, they might stop him","type":"L","timestamp":"2023-11-09 12:57:45"},{"nodeID":"1301711","text":"Asserting","type":"YA","timestamp":"2023-11-09 12:57:45"},{"nodeID":"1301712","text":"it's very hard though to let Russian people know what's being done in their name through social media","type":"I","timestamp":"2023-11-09 12:57:45"},{"nodeID":"1301713","text":"Zanny Minton Beddoes: it's very hard though","type":"L","timestamp":"2023-11-09 12:57:45"},{"nodeID":"1301714","text":"Analysing","type":"YA","timestamp":"2023-11-09 12:57:45"},{"nodeID":"1301715","text":"Anon: Zanny Minton Beddoes: it's very hard though","type":"L","timestamp":"2023-11-09 12:57:45"},{"nodeID":"1301716","text":"Asserting","type":"YA","timestamp":"2023-11-09 12:57:45"},{"nodeID":"1301717","text":"Vladimir Putin has shut down a lot of social media, he has complete control over domestic media","type":"I","timestamp":"2023-11-09 12:57:46"},{"nodeID":"1301718","text":"Zanny Minton Beddoes: Vladimir Putin has shut down a lot of social media, he has complete control over domestic media","type":"L","timestamp":"2023-11-09 12:57:46"},{"nodeID":"1301719","text":"Analysing","type":"YA","timestamp":"2023-11-09 12:57:46"},{"nodeID":"1301720","text":"Anon: Zanny Minton Beddoes: Vladimir Putin has shut down a lot of social media, he has complete control over domestic media","type":"L","timestamp":"2023-11-09 12:57:46"},{"nodeID":"1301721","text":"Asserting","type":"YA","timestamp":"2023-11-09 12:57:46"},{"nodeID":"1301722","text":"surely we can do something about Vladimir Putin controlling social media","type":"I","timestamp":"2023-11-09 12:57:46"},{"nodeID":"1301723","text":"AudienceMember 20220310QT31: surely we can do something about that","type":"L","timestamp":"2023-11-09 12:57:46"},{"nodeID":"1301724","text":"Analysing","type":"YA","timestamp":"2023-11-09 12:57:46"},{"nodeID":"1301725","text":"Anon: AudienceMember 20220310QT31: surely we can do something about that","type":"L","timestamp":"2023-11-09 12:57:46"},{"nodeID":"1301726","text":"Asserting","type":"YA","timestamp":"2023-11-09 12:57:46"},{"nodeID":"1301727","text":"AudienceMember 20220331QT31 doesn't know how to stop Vladimir Putin from controlling social media","type":"I","timestamp":"2023-11-09 12:57:47"},{"nodeID":"1301728","text":"AudienceMember 20220310QT31: I don't know how","type":"L","timestamp":"2023-11-09 12:57:47"},{"nodeID":"1301729","text":"Analysing","type":"YA","timestamp":"2023-11-09 12:57:47"},{"nodeID":"1301730","text":"Anon: AudienceMember 20220310QT31: I don't know how","type":"L","timestamp":"2023-11-09 12:57:47"},{"nodeID":"1301731","text":"Asserting","type":"YA","timestamp":"2023-11-09 12:57:47"},{"nodeID":"1301732","text":"Default Transition","type":"TA","timestamp":"2023-11-09 12:57:47"},{"nodeID":"1301733","text":"Default Conflict","type":"CA","timestamp":"2023-11-09 12:57:47"},{"nodeID":"1301734","text":"Disagreeing","type":"YA","timestamp":"2023-11-09 12:57:47"},{"nodeID":"1301735","text":"Default Transition","type":"TA","timestamp":"2023-11-09 12:57:47"},{"nodeID":"1301736","text":"Default Inference","type":"RA","timestamp":"2023-11-09 12:57:47"},{"nodeID":"1301737","text":"Arguing","type":"YA","timestamp":"2023-11-09 12:57:47"},{"nodeID":"1301738","text":"Default Transition","type":"TA","timestamp":"2023-11-09 12:57:47"},{"nodeID":"1301739","text":"Default Inference","type":"RA","timestamp":"2023-11-09 12:57:47"},{"nodeID":"1301740","text":"Default Transition","type":"TA","timestamp":"2023-11-09 12:57:47"},{"nodeID":"1301741","text":"Arguing","type":"YA","timestamp":"2023-11-09 12:57:47"},{"nodeID":"1301742","text":"Default Conflict","type":"CA","timestamp":"2023-11-09 12:57:47"},{"nodeID":"1301743","text":"Default Transition","type":"TA","timestamp":"2023-11-09 12:57:47"},{"nodeID":"1301744","text":"Disagreeing","type":"YA","timestamp":"2023-11-09 12:57:47"},{"nodeID":"1301745","text":"Default Conflict","type":"CA","timestamp":"2023-11-09 12:57:47"},{"nodeID":"1301746","text":"Default Transition","type":"TA","timestamp":"2023-11-09 12:57:47"},{"nodeID":"1301747","text":"Disagreeing","type":"YA","timestamp":"2023-11-09 12:57:47"},{"nodeID":"1301748","text":"Default Rephrase","type":"MA","timestamp":"2023-11-09 12:57:47"},{"nodeID":"1301749","text":"Restating","type":"YA","timestamp":"2023-11-09 12:57:47"},{"nodeID":"1301750","text":"people are trying to let Russian people know what's being done in their name","type":"I","timestamp":"2023-11-09 12:57:48"},{"nodeID":"1301751","text":"Victoria Derbyshire:  it's not for the want of trying","type":"L","timestamp":"2023-11-09 12:57:48"},{"nodeID":"1301752","text":"Analysing","type":"YA","timestamp":"2023-11-09 12:57:48"},{"nodeID":"1301753","text":"Anon: Victoria Derbyshire:  it's not for the want of trying","type":"L","timestamp":"2023-11-09 12:57:48"},{"nodeID":"1301754","text":"Asserting","type":"YA","timestamp":"2023-11-09 12:57:48"},{"nodeID":"1301755","text":"Default Transition","type":"TA","timestamp":"2023-11-09 12:57:48"},{"nodeID":"1301756","text":"Default Transition","type":"TA","timestamp":"2023-11-09 12:57:48"},{"nodeID":"1301757","text":"Default Rephrase","type":"MA","timestamp":"2023-11-09 12:57:48"},{"nodeID":"1301758","text":"Default Transition","type":"TA","timestamp":"2023-11-09 12:57:48"},{"nodeID":"1301759","text":"Restating","type":"YA","timestamp":"2023-11-09 12:57:48"},{"nodeID":"1301760","text":"Default Transition","type":"TA","timestamp":"2023-11-09 12:57:48"},{"nodeID":"1301761","text":"Default Inference","type":"RA","timestamp":"2023-11-09 12:57:48"},{"nodeID":"1301762","text":"Arguing","type":"YA","timestamp":"2023-11-09 12:57:48"}],"edges":[{"edgeID":"1710388","fromID":"1301691","toID":"1301690","formEdgeID":null},{"edgeID":"1710389","fromID":"1301692","toID":"1301691","formEdgeID":null},{"edgeID":"1710390","fromID":"1301690","toID":"1301693","formEdgeID":null},{"edgeID":"1710391","fromID":"1301693","toID":"1142257","formEdgeID":null},{"edgeID":"1710392","fromID":"1301695","toID":"1301694","formEdgeID":null},{"edgeID":"1710393","fromID":"1301696","toID":"1301695","formEdgeID":null},{"edgeID":"1710394","fromID":"1301694","toID":"1301697","formEdgeID":null},{"edgeID":"1710395","fromID":"1301697","toID":"1142276","formEdgeID":null},{"edgeID":"1710396","fromID":"1301700","toID":"1301699","formEdgeID":null},{"edgeID":"1710397","fromID":"1301701","toID":"1301700","formEdgeID":null},{"edgeID":"1710398","fromID":"1301699","toID":"1301702","formEdgeID":null},{"edgeID":"1710399","fromID":"1301702","toID":"1301698","formEdgeID":null},{"edgeID":"1710400","fromID":"1301705","toID":"1301704","formEdgeID":null},{"edgeID":"1710401","fromID":"1301706","toID":"1301705","formEdgeID":null},{"edgeID":"1710402","fromID":"1301704","toID":"1301707","formEdgeID":null},{"edgeID":"1710403","fromID":"1301707","toID":"1301703","formEdgeID":null},{"edgeID":"1710404","fromID":"1301709","toID":"1301708","formEdgeID":null},{"edgeID":"1710405","fromID":"1301710","toID":"1301709","formEdgeID":null},{"edgeID":"1710406","fromID":"1301708","toID":"1301711","formEdgeID":null},{"edgeID":"1710407","fromID":"1301711","toID":"1142382","formEdgeID":null},{"edgeID":"1710408","fromID":"1301714","toID":"1301713","formEdgeID":null},{"edgeID":"1710409","fromID":"1301715","toID":"1301714","formEdgeID":null},{"edgeID":"1710410","fromID":"1301713","toID":"1301716","formEdgeID":null},{"edgeID":"1710411","fromID":"1301716","toID":"1301712","formEdgeID":null},{"edgeID":"1710412","fromID":"1301719","toID":"1301718","formEdgeID":null},{"edgeID":"1710413","fromID":"1301720","toID":"1301719","formEdgeID":null},{"edgeID":"1710414","fromID":"1301718","toID":"1301721","formEdgeID":null},{"edgeID":"1710415","fromID":"1301721","toID":"1301717","formEdgeID":null},{"edgeID":"1710416","fromID":"1301724","toID":"1301723","formEdgeID":null},{"edgeID":"1710417","fromID":"1301725","toID":"1301724","formEdgeID":null},{"edgeID":"1710418","fromID":"1301723","toID":"1301726","formEdgeID":null},{"edgeID":"1710419","fromID":"1301726","toID":"1301722","formEdgeID":null},{"edgeID":"1710420","fromID":"1301729","toID":"1301728","formEdgeID":null},{"edgeID":"1710421","fromID":"1301730","toID":"1301729","formEdgeID":null},{"edgeID":"1710422","fromID":"1301728","toID":"1301731","formEdgeID":null},{"edgeID":"1710423","fromID":"1301731","toID":"1301727","formEdgeID":null},{"edgeID":"1710424","fromID":"1301690","toID":"1301732","formEdgeID":null},{"edgeID":"1710425","fromID":"1301732","toID":"1301694","formEdgeID":null},{"edgeID":"1710426","fromID":"1142276","toID":"1301733","formEdgeID":null},{"edgeID":"1710427","fromID":"1301733","toID":"1142257","formEdgeID":null},{"edgeID":"1710428","fromID":"1301732","toID":"1301734","formEdgeID":null},{"edgeID":"1710429","fromID":"1301734","toID":"1301733","formEdgeID":null},{"edgeID":"1710430","fromID":"1301694","toID":"1301735","formEdgeID":null},{"edgeID":"1710431","fromID":"1301735","toID":"1301699","formEdgeID":null},{"edgeID":"1710432","fromID":"1301698","toID":"1301736","formEdgeID":null},{"edgeID":"1710433","fromID":"1301736","toID":"1142276","formEdgeID":null},{"edgeID":"1710434","fromID":"1301735","toID":"1301737","formEdgeID":null},{"edgeID":"1710435","fromID":"1301737","toID":"1301736","formEdgeID":null},{"edgeID":"1710436","fromID":"1301694","toID":"1301738","formEdgeID":null},{"edgeID":"1710437","fromID":"1301738","toID":"1301704","formEdgeID":null},{"edgeID":"1710438","fromID":"1301717","toID":"1301739","formEdgeID":null},{"edgeID":"1710439","fromID":"1301739","toID":"1301712","formEdgeID":null},{"edgeID":"1710440","fromID":"1301713","toID":"1301740","formEdgeID":null},{"edgeID":"1710441","fromID":"1301740","toID":"1301718","formEdgeID":null},{"edgeID":"1710442","fromID":"1301740","toID":"1301741","formEdgeID":null},{"edgeID":"1710443","fromID":"1301741","toID":"1301739","formEdgeID":null},{"edgeID":"1710444","fromID":"1301727","toID":"1301742","formEdgeID":null},{"edgeID":"1710445","fromID":"1301742","toID":"1301722","formEdgeID":null},{"edgeID":"1710446","fromID":"1301723","toID":"1301743","formEdgeID":null},{"edgeID":"1710447","fromID":"1301743","toID":"1301728","formEdgeID":null},{"edgeID":"1710448","fromID":"1301743","toID":"1301744","formEdgeID":null},{"edgeID":"1710449","fromID":"1301744","toID":"1301742","formEdgeID":null},{"edgeID":"1710450","fromID":"1301712","toID":"1301745","formEdgeID":null},{"edgeID":"1710451","fromID":"1301745","toID":"1301703","formEdgeID":null},{"edgeID":"1710452","fromID":"1301704","toID":"1301746","formEdgeID":null},{"edgeID":"1710453","fromID":"1301746","toID":"1301713","formEdgeID":null},{"edgeID":"1710454","fromID":"1301746","toID":"1301747","formEdgeID":null},{"edgeID":"1710455","fromID":"1301747","toID":"1301745","formEdgeID":null},{"edgeID":"1710456","fromID":"1142382","toID":"1301748","formEdgeID":null},{"edgeID":"1710457","fromID":"1301748","toID":"1142276","formEdgeID":null},{"edgeID":"1710458","fromID":"1301703","toID":"1301748","formEdgeID":null},{"edgeID":"1710459","fromID":"1301738","toID":"1301749","formEdgeID":null},{"edgeID":"1710460","fromID":"1301749","toID":"1301748","formEdgeID":null},{"edgeID":"1710461","fromID":"1301752","toID":"1301751","formEdgeID":null},{"edgeID":"1710462","fromID":"1301753","toID":"1301752","formEdgeID":null},{"edgeID":"1710463","fromID":"1301751","toID":"1301754","formEdgeID":null},{"edgeID":"1710464","fromID":"1301754","toID":"1301750","formEdgeID":null},{"edgeID":"1710465","fromID":"1301704","toID":"1301755","formEdgeID":null},{"edgeID":"1710466","fromID":"1301755","toID":"1301751","formEdgeID":null},{"edgeID":"1710467","fromID":"1301751","toID":"1301756","formEdgeID":null},{"edgeID":"1710468","fromID":"1301756","toID":"1301708","formEdgeID":null},{"edgeID":"1710469","fromID":"1301712","toID":"1301757","formEdgeID":null},{"edgeID":"1710470","fromID":"1301757","toID":"1301750","formEdgeID":null},{"edgeID":"1710471","fromID":"1301751","toID":"1301758","formEdgeID":null},{"edgeID":"1710472","fromID":"1301758","toID":"1301713","formEdgeID":null},{"edgeID":"1710473","fromID":"1301758","toID":"1301759","formEdgeID":null},{"edgeID":"1710474","fromID":"1301759","toID":"1301757","formEdgeID":null},{"edgeID":"1710475","fromID":"1301718","toID":"1301760","formEdgeID":null},{"edgeID":"1710476","fromID":"1301760","toID":"1301723","formEdgeID":null},{"edgeID":"1710477","fromID":"1301761","toID":"1301717","formEdgeID":null},{"edgeID":"1710478","fromID":"1301722","toID":"1301761","formEdgeID":null},{"edgeID":"1710479","fromID":"1301760","toID":"1301762","formEdgeID":null},{"edgeID":"1710480","fromID":"1301762","toID":"1301761","formEdgeID":null}],"locutions":[]}