{"nodes":[{"nodeID":"1302890","text":"we already had \u00a395,000 after Donna Ockenden's interim report","type":"I","timestamp":"2023-11-09 12:59:30"},{"nodeID":"1302891","text":"Maria Caulfield: we already had \u00a395,000 after her interim report","type":"L","timestamp":"2023-11-09 12:59:30"},{"nodeID":"1302892","text":"Analysing","type":"YA","timestamp":"2023-11-09 12:59:30"},{"nodeID":"1302893","text":"Anon: Maria Caulfield: we already had \u00a395,000 after her interim report","type":"L","timestamp":"2023-11-09 12:59:30"},{"nodeID":"1302894","text":"Asserting","type":"YA","timestamp":"2023-11-09 12:59:30"},{"nodeID":"1302895","text":"\u00a395m","type":"I","timestamp":"2023-11-09 12:59:31"},{"nodeID":"1302896","text":"Victoria Derbyshire: \u00a395m","type":"L","timestamp":"2023-11-09 12:59:31"},{"nodeID":"1302897","text":"Analysing","type":"YA","timestamp":"2023-11-09 12:59:31"},{"nodeID":"1302898","text":"Anon: Victoria Derbyshire: \u00a395m","type":"L","timestamp":"2023-11-09 12:59:31"},{"nodeID":"1302899","text":"Asserting","type":"YA","timestamp":"2023-11-09 12:59:31"},{"nodeID":"1302900","text":"Default Conflict","type":"CA","timestamp":"2023-11-09 12:59:31"},{"nodeID":"1302901","text":"Default Transition","type":"TA","timestamp":"2023-11-09 12:59:31"},{"nodeID":"1302902","text":"Disagreeing","type":"YA","timestamp":"2023-11-09 12:59:31"},{"nodeID":"1302903","text":"Maria Caulfield: \u00a395m","type":"L","timestamp":"2023-11-09 12:59:31"},{"nodeID":"1302904","text":"Analysing","type":"YA","timestamp":"2023-11-09 12:59:31"},{"nodeID":"1302905","text":"Anon: Maria Caulfield: \u00a395m","type":"L","timestamp":"2023-11-09 12:59:31"},{"nodeID":"1302906","text":"Default Transition","type":"TA","timestamp":"2023-11-09 12:59:31"},{"nodeID":"1302907","text":"Agreeing","type":"YA","timestamp":"2023-11-09 12:59:31"},{"nodeID":"1302908","text":"this week we've announced another \u00a3127m to get us over that \u00a3200m mark","type":"I","timestamp":"2023-11-09 12:59:32"},{"nodeID":"1302909","text":"Maria Caulfield: this week we've announced another \u00a3127m to get us over that \u00a3200m mark","type":"L","timestamp":"2023-11-09 12:59:32"},{"nodeID":"1302910","text":"Analysing","type":"YA","timestamp":"2023-11-09 12:59:32"},{"nodeID":"1302911","text":"Anon: Maria Caulfield: this week we've announced another \u00a3127m to get us over that \u00a3200m mark","type":"L","timestamp":"2023-11-09 12:59:32"},{"nodeID":"1302912","text":"Asserting","type":"YA","timestamp":"2023-11-09 12:59:32"},{"nodeID":"1302913","text":"Default Transition","type":"TA","timestamp":"2023-11-09 12:59:32"},{"nodeID":"1302914","text":"one of Maria Caulfield's absolute priorities is maternity care in her brief","type":"I","timestamp":"2023-11-09 12:59:32"},{"nodeID":"1302915","text":"Maria Caulfield: One of my absolute priorities is maternity care in my brief","type":"L","timestamp":"2023-11-09 12:59:32"},{"nodeID":"1302916","text":"Analysing","type":"YA","timestamp":"2023-11-09 12:59:32"},{"nodeID":"1302917","text":"Anon: Maria Caulfield: One of my absolute priorities is maternity care in my brief","type":"L","timestamp":"2023-11-09 12:59:32"},{"nodeID":"1302918","text":"Asserting","type":"YA","timestamp":"2023-11-09 12:59:32"},{"nodeID":"1302919","text":"Maria Caulfield can say to women, Maria Caulfield can say to midwives up and down that country that we will take maternity care extremely seriously","type":"I","timestamp":"2023-11-09 12:59:33"},{"nodeID":"1302920","text":"Maria Caulfield: I can say to women, I can say to midwives up and down that country that we will take this extremely seriously","type":"L","timestamp":"2023-11-09 12:59:33"},{"nodeID":"1302921","text":"Analysing","type":"YA","timestamp":"2023-11-09 12:59:33"},{"nodeID":"1302922","text":"Anon: Maria Caulfield: I can say to women, I can say to midwives up and down that country that we will take this extremely seriously","type":"L","timestamp":"2023-11-09 12:59:33"},{"nodeID":"1302923","text":"Asserting","type":"YA","timestamp":"2023-11-09 12:59:33"},{"nodeID":"1302924","text":"Default Transition","type":"TA","timestamp":"2023-11-09 12:59:33"},{"nodeID":"1302925","text":"Default Transition","type":"TA","timestamp":"2023-11-09 12:59:33"},{"nodeID":"1302926","text":"Default Inference","type":"RA","timestamp":"2023-11-09 12:59:33"},{"nodeID":"1302927","text":"Arguing","type":"YA","timestamp":"2023-11-09 12:59:33"},{"nodeID":"1302928","text":"it won't be another report that just sits on a shelf","type":"I","timestamp":"2023-11-09 12:59:33"},{"nodeID":"1302929","text":"Maria Caulfield: It won't be another report that just sits on a shelf","type":"L","timestamp":"2023-11-09 12:59:33"},{"nodeID":"1302930","text":"Analysing","type":"YA","timestamp":"2023-11-09 12:59:33"},{"nodeID":"1302931","text":"Anon: Maria Caulfield: It won't be another report that just sits on a shelf","type":"L","timestamp":"2023-11-09 12:59:33"},{"nodeID":"1302932","text":"Asserting","type":"YA","timestamp":"2023-11-09 12:59:33"},{"nodeID":"1302933","text":"Default Transition","type":"TA","timestamp":"2023-11-09 12:59:33"},{"nodeID":"1302934","text":"Default Inference","type":"RA","timestamp":"2023-11-09 12:59:33"},{"nodeID":"1302935","text":"Arguing","type":"YA","timestamp":"2023-11-09 12:59:33"}],"edges":[{"edgeID":"1711964","fromID":"1302892","toID":"1302891","formEdgeID":null},{"edgeID":"1711965","fromID":"1302893","toID":"1302892","formEdgeID":null},{"edgeID":"1711966","fromID":"1302891","toID":"1302894","formEdgeID":null},{"edgeID":"1711967","fromID":"1302894","toID":"1302890","formEdgeID":null},{"edgeID":"1711968","fromID":"1302897","toID":"1302896","formEdgeID":null},{"edgeID":"1711969","fromID":"1302898","toID":"1302897","formEdgeID":null},{"edgeID":"1711970","fromID":"1302896","toID":"1302899","formEdgeID":null},{"edgeID":"1711971","fromID":"1302899","toID":"1302895","formEdgeID":null},{"edgeID":"1711972","fromID":"1302895","toID":"1302900","formEdgeID":null},{"edgeID":"1711973","fromID":"1302900","toID":"1302890","formEdgeID":null},{"edgeID":"1711974","fromID":"1302891","toID":"1302901","formEdgeID":null},{"edgeID":"1711975","fromID":"1302901","toID":"1302896","formEdgeID":null},{"edgeID":"1711976","fromID":"1302901","toID":"1302902","formEdgeID":null},{"edgeID":"1711977","fromID":"1302902","toID":"1302900","formEdgeID":null},{"edgeID":"1711978","fromID":"1302904","toID":"1302903","formEdgeID":null},{"edgeID":"1711979","fromID":"1302905","toID":"1302904","formEdgeID":null},{"edgeID":"1711980","fromID":"1302896","toID":"1302906","formEdgeID":null},{"edgeID":"1711981","fromID":"1302906","toID":"1302903","formEdgeID":null},{"edgeID":"1711982","fromID":"1302906","toID":"1302907","formEdgeID":null},{"edgeID":"1711983","fromID":"1302907","toID":"1302895","formEdgeID":null},{"edgeID":"1711984","fromID":"1302910","toID":"1302909","formEdgeID":null},{"edgeID":"1711985","fromID":"1302911","toID":"1302910","formEdgeID":null},{"edgeID":"1711986","fromID":"1302909","toID":"1302912","formEdgeID":null},{"edgeID":"1711987","fromID":"1302912","toID":"1302908","formEdgeID":null},{"edgeID":"1711988","fromID":"1302903","toID":"1302913","formEdgeID":null},{"edgeID":"1711989","fromID":"1302913","toID":"1302909","formEdgeID":null},{"edgeID":"1711990","fromID":"1302916","toID":"1302915","formEdgeID":null},{"edgeID":"1711991","fromID":"1302917","toID":"1302916","formEdgeID":null},{"edgeID":"1711992","fromID":"1302915","toID":"1302918","formEdgeID":null},{"edgeID":"1711993","fromID":"1302918","toID":"1302914","formEdgeID":null},{"edgeID":"1711994","fromID":"1302921","toID":"1302920","formEdgeID":null},{"edgeID":"1711995","fromID":"1302922","toID":"1302921","formEdgeID":null},{"edgeID":"1711996","fromID":"1302920","toID":"1302923","formEdgeID":null},{"edgeID":"1711997","fromID":"1302923","toID":"1302919","formEdgeID":null},{"edgeID":"1711998","fromID":"1302909","toID":"1302924","formEdgeID":null},{"edgeID":"1711999","fromID":"1302924","toID":"1302915","formEdgeID":null},{"edgeID":"1712000","fromID":"1302915","toID":"1302925","formEdgeID":null},{"edgeID":"1712001","fromID":"1302925","toID":"1302920","formEdgeID":null},{"edgeID":"1712002","fromID":"1302914","toID":"1302926","formEdgeID":null},{"edgeID":"1712003","fromID":"1302926","toID":"1302919","formEdgeID":null},{"edgeID":"1712004","fromID":"1302925","toID":"1302927","formEdgeID":null},{"edgeID":"1712005","fromID":"1302927","toID":"1302926","formEdgeID":null},{"edgeID":"1712006","fromID":"1302930","toID":"1302929","formEdgeID":null},{"edgeID":"1712007","fromID":"1302931","toID":"1302930","formEdgeID":null},{"edgeID":"1712008","fromID":"1302929","toID":"1302932","formEdgeID":null},{"edgeID":"1712009","fromID":"1302932","toID":"1302928","formEdgeID":null},{"edgeID":"1712010","fromID":"1302920","toID":"1302933","formEdgeID":null},{"edgeID":"1712011","fromID":"1302933","toID":"1302929","formEdgeID":null},{"edgeID":"1712012","fromID":"1302928","toID":"1302934","formEdgeID":null},{"edgeID":"1712013","fromID":"1302934","toID":"1302919","formEdgeID":null},{"edgeID":"1712014","fromID":"1302933","toID":"1302935","formEdgeID":null},{"edgeID":"1712015","fromID":"1302935","toID":"1302934","formEdgeID":null}],"locutions":[]}