{"nodes":[{"nodeID":"223560","text":"we need energy","type":"I","timestamp":"2016-11-02 10:52:12"},{"nodeID":"1299105","text":"we have got to start planning for the future","type":"I","timestamp":"2023-11-09 12:54:10"},{"nodeID":"1299106","text":"Julia Hartley-Brewer: We have got to start planning for the future","type":"L","timestamp":"2023-11-09 12:54:10"},{"nodeID":"1299107","text":"Analysing","type":"YA","timestamp":"2023-11-09 12:54:10"},{"nodeID":"1299108","text":"Nicole: Julia Hartley-Brewer: We have got to start planning for the future","type":"L","timestamp":"2023-11-09 12:54:10"},{"nodeID":"1299109","text":"Asserting","type":"YA","timestamp":"2023-11-09 12:54:10"},{"nodeID":"1299110","text":"yes, planning for the future means building nuclear power stations","type":"I","timestamp":"2023-11-09 12:54:10"},{"nodeID":"1299111","text":"Julia Hartley-Brewer: yes, that means building nuclear power stations","type":"L","timestamp":"2023-11-09 12:54:10"},{"nodeID":"1299112","text":"Analysing","type":"YA","timestamp":"2023-11-09 12:54:10"},{"nodeID":"1299113","text":"Nicole: Julia Hartley-Brewer: yes, that means building nuclear power stations","type":"L","timestamp":"2023-11-09 12:54:10"},{"nodeID":"1299114","text":"Asserting","type":"YA","timestamp":"2023-11-09 12:54:10"},{"nodeID":"1299115","text":"Default Transition","type":"TA","timestamp":"2023-11-09 12:54:10"},{"nodeID":"1299116","text":"planning for the future means fracking for the gas under our feet","type":"I","timestamp":"2023-11-09 12:54:11"},{"nodeID":"1299117","text":"Julia Hartley-Brewer: it means fracking for the gas under our feet","type":"L","timestamp":"2023-11-09 12:54:11"},{"nodeID":"1299118","text":"Analysing","type":"YA","timestamp":"2023-11-09 12:54:11"},{"nodeID":"1299119","text":"Nicole: Julia Hartley-Brewer: it means fracking for the gas under our feet","type":"L","timestamp":"2023-11-09 12:54:11"},{"nodeID":"1299120","text":"Asserting","type":"YA","timestamp":"2023-11-09 12:54:11"},{"nodeID":"1299121","text":"Default Transition","type":"TA","timestamp":"2023-11-09 12:54:11"},{"nodeID":"1299122","text":"planning for the future means actually planning for the future","type":"I","timestamp":"2023-11-09 12:54:12"},{"nodeID":"1299123","text":"Julia Hartley-Brewer: It means actually planning for the future","type":"L","timestamp":"2023-11-09 12:54:12"},{"nodeID":"1299124","text":"Analysing","type":"YA","timestamp":"2023-11-09 12:54:12"},{"nodeID":"1299125","text":"Nicole: Julia Hartley-Brewer: It means actually planning for the future","type":"L","timestamp":"2023-11-09 12:54:12"},{"nodeID":"1299126","text":"Asserting","type":"YA","timestamp":"2023-11-09 12:54:12"},{"nodeID":"1299127","text":"Default Transition","type":"TA","timestamp":"2023-11-09 12:54:12"},{"nodeID":"1299128","text":"Julia Hartley-Brewer: We need energy","type":"L","timestamp":"2023-11-09 12:54:12"},{"nodeID":"1299129","text":"Analysing","type":"YA","timestamp":"2023-11-09 12:54:12"},{"nodeID":"1299130","text":"Nicole: Julia Hartley-Brewer: We need energy","type":"L","timestamp":"2023-11-09 12:54:12"},{"nodeID":"1299131","text":"Asserting","type":"YA","timestamp":"2023-11-09 12:54:12"},{"nodeID":"1299132","text":"crucially, more than anything else, we need energy that is affordable, that is reliable and that is secure","type":"I","timestamp":"2023-11-09 12:54:12"},{"nodeID":"1299133","text":"Julia Hartley-Brewer: Crucially, more than anything else, we need energy that is affordable, that is reliable and that is secure","type":"L","timestamp":"2023-11-09 12:54:12"},{"nodeID":"1299134","text":"Analysing","type":"YA","timestamp":"2023-11-09 12:54:12"},{"nodeID":"1299135","text":"Nicole: Julia Hartley-Brewer: Crucially, more than anything else, we need energy that is affordable, that is reliable and that is secure","type":"L","timestamp":"2023-11-09 12:54:12"},{"nodeID":"1299136","text":"Asserting","type":"YA","timestamp":"2023-11-09 12:54:12"},{"nodeID":"1299137","text":"Default Transition","type":"TA","timestamp":"2023-11-09 12:54:12"},{"nodeID":"1299138","text":"Default Rephrase","type":"MA","timestamp":"2023-11-09 12:54:12"},{"nodeID":"1299139","text":"Restating","type":"YA","timestamp":"2023-11-09 12:54:12"},{"nodeID":"1299140","text":"right now we don't have any of those three things, energy that is affordable, that is reliable and that is secure","type":"I","timestamp":"2023-11-09 12:54:13"},{"nodeID":"1299141","text":"Julia Hartley-Brewer: Right now we don't have any of those three things","type":"L","timestamp":"2023-11-09 12:54:13"},{"nodeID":"1299142","text":"Analysing","type":"YA","timestamp":"2023-11-09 12:54:13"},{"nodeID":"1299143","text":"Nicole: Julia Hartley-Brewer: Right now we don't have any of those three things","type":"L","timestamp":"2023-11-09 12:54:13"},{"nodeID":"1299144","text":"Asserting","type":"YA","timestamp":"2023-11-09 12:54:13"},{"nodeID":"1299145","text":"Default Transition","type":"TA","timestamp":"2023-11-09 12:54:13"},{"nodeID":"1299146","text":"we're going to be a serious first world country","type":"I","timestamp":"2023-11-09 12:54:14"},{"nodeID":"1299147","text":"Julia Hartley-Brewer: we're going to be a serious first world country","type":"L","timestamp":"2023-11-09 12:54:14"},{"nodeID":"1299148","text":"Analysing","type":"YA","timestamp":"2023-11-09 12:54:14"},{"nodeID":"1299149","text":"Nicole: Julia Hartley-Brewer: we're going to be a serious first world country","type":"L","timestamp":"2023-11-09 12:54:14"},{"nodeID":"1299150","text":"Asserting","type":"YA","timestamp":"2023-11-09 12:54:14"},{"nodeID":"1299151","text":"Default Transition","type":"TA","timestamp":"2023-11-09 12:54:14"},{"nodeID":"1299152","text":"we're going to prosper","type":"I","timestamp":"2023-11-09 12:54:14"},{"nodeID":"1299153","text":"Julia Hartley-Brewer: we're going to prosper","type":"L","timestamp":"2023-11-09 12:54:14"},{"nodeID":"1299154","text":"Analysing","type":"YA","timestamp":"2023-11-09 12:54:14"},{"nodeID":"1299155","text":"Nicole: Julia Hartley-Brewer: we're going to prosper","type":"L","timestamp":"2023-11-09 12:54:14"},{"nodeID":"1299156","text":"Asserting","type":"YA","timestamp":"2023-11-09 12:54:14"},{"nodeID":"1299157","text":"we need to have all of those three things, energy that is affordable, that is reliable and that is secure","type":"I","timestamp":"2023-11-09 12:54:15"},{"nodeID":"1299158","text":"Julia Hartley-Brewer: we need to have all of those three things","type":"L","timestamp":"2023-11-09 12:54:15"},{"nodeID":"1299159","text":"Analysing","type":"YA","timestamp":"2023-11-09 12:54:15"},{"nodeID":"1299160","text":"Nicole: Julia Hartley-Brewer: we need to have all of those three things","type":"L","timestamp":"2023-11-09 12:54:15"},{"nodeID":"1299161","text":"Asserting","type":"YA","timestamp":"2023-11-09 12:54:15"},{"nodeID":"1299162","text":"Default Transition","type":"TA","timestamp":"2023-11-09 12:54:15"},{"nodeID":"1299163","text":"Default Inference","type":"RA","timestamp":"2023-11-09 12:54:15"},{"nodeID":"1299164","text":"Default Transition","type":"TA","timestamp":"2023-11-09 12:54:15"},{"nodeID":"1299165","text":"Arguing","type":"YA","timestamp":"2023-11-09 12:54:15"},{"nodeID":"1299166","text":"Julia Hartley-Brewer doesn't believe that the so-called energy strategy even exists","type":"I","timestamp":"2023-11-09 12:54:15"},{"nodeID":"1299167","text":"Julia Hartley-Brewer: that I don't believe even exists","type":"L","timestamp":"2023-11-09 12:54:15"},{"nodeID":"1299168","text":"Analysing","type":"YA","timestamp":"2023-11-09 12:54:15"},{"nodeID":"1299169","text":"Nicole: Julia Hartley-Brewer: that I don't believe even exists","type":"L","timestamp":"2023-11-09 12:54:15"},{"nodeID":"1299170","text":"Asserting","type":"YA","timestamp":"2023-11-09 12:54:15"},{"nodeID":"1299171","text":"every single time we see yet another delay in the so-called energy strategy","type":"I","timestamp":"2023-11-09 12:54:16"},{"nodeID":"1299172","text":"Julia Hartley-Brewer: every single time we see yet another delay in the so-called energy strategy","type":"L","timestamp":"2023-11-09 12:54:16"},{"nodeID":"1299173","text":"Analysing","type":"YA","timestamp":"2023-11-09 12:54:16"},{"nodeID":"1299174","text":"Nicole: Julia Hartley-Brewer: every single time we see yet another delay in the so-called energy strategy","type":"L","timestamp":"2023-11-09 12:54:16"},{"nodeID":"1299175","text":"Asserting","type":"YA","timestamp":"2023-11-09 12:54:16"},{"nodeID":"1299176","text":"Default Transition","type":"TA","timestamp":"2023-11-09 12:54:16"},{"nodeID":"1299177","text":"Default Transition","type":"TA","timestamp":"2023-11-09 12:54:16"},{"nodeID":"1299178","text":"we are going to be going and lurching from crisis to crisis to crisis","type":"I","timestamp":"2023-11-09 12:54:17"},{"nodeID":"1299179","text":"Julia Hartley-Brewer: we are going to be going and lurching from crisis to crisis to crisis","type":"L","timestamp":"2023-11-09 12:54:17"},{"nodeID":"1299180","text":"Analysing","type":"YA","timestamp":"2023-11-09 12:54:17"},{"nodeID":"1299181","text":"Nicole: Julia Hartley-Brewer: we are going to be going and lurching from crisis to crisis to crisis","type":"L","timestamp":"2023-11-09 12:54:17"},{"nodeID":"1299182","text":"Asserting","type":"YA","timestamp":"2023-11-09 12:54:17"},{"nodeID":"1299183","text":"Default Transition","type":"TA","timestamp":"2023-11-09 12:54:17"},{"nodeID":"1299184","text":"Default Inference","type":"RA","timestamp":"2023-11-09 12:54:17"},{"nodeID":"1299185","text":"Arguing","type":"YA","timestamp":"2023-11-09 12:54:17"},{"nodeID":"1299186","text":"Default Rephrase","type":"MA","timestamp":"2023-11-09 12:54:17"},{"nodeID":"1299187","text":"Default Rephrase","type":"MA","timestamp":"2023-11-09 12:54:17"},{"nodeID":"1299188","text":"Default Rephrase","type":"MA","timestamp":"2023-11-09 12:54:17"},{"nodeID":"1299189","text":"Restating","type":"YA","timestamp":"2023-11-09 12:54:17"},{"nodeID":"1299190","text":"Restating","type":"YA","timestamp":"2023-11-09 12:54:17"},{"nodeID":"1299191","text":"Restating","type":"YA","timestamp":"2023-11-09 12:54:17"},{"nodeID":"1299192","text":"Default Transition","type":"TA","timestamp":"2023-11-09 12:54:17"},{"nodeID":"1299193","text":"Default Inference","type":"RA","timestamp":"2023-11-09 12:54:17"},{"nodeID":"1299194","text":"Arguing","type":"YA","timestamp":"2023-11-09 12:54:17"},{"nodeID":"1299195","text":"Default Conflict","type":"CA","timestamp":"2023-11-09 12:54:17"},{"nodeID":"1299196","text":"Disagreeing","type":"YA","timestamp":"2023-11-09 12:54:17"},{"nodeID":"1299197","text":"Default Rephrase","type":"MA","timestamp":"2023-11-09 12:54:17"},{"nodeID":"1299198","text":"Default Transition","type":"TA","timestamp":"2023-11-09 12:54:17"},{"nodeID":"1299199","text":"Restating","type":"YA","timestamp":"2023-11-09 12:54:17"}],"edges":[{"edgeID":"1707298","fromID":"1299107","toID":"1299106","formEdgeID":null},{"edgeID":"1707299","fromID":"1299108","toID":"1299107","formEdgeID":null},{"edgeID":"1707300","fromID":"1299106","toID":"1299109","formEdgeID":null},{"edgeID":"1707301","fromID":"1299109","toID":"1299105","formEdgeID":null},{"edgeID":"1707302","fromID":"1299112","toID":"1299111","formEdgeID":null},{"edgeID":"1707303","fromID":"1299113","toID":"1299112","formEdgeID":null},{"edgeID":"1707304","fromID":"1299111","toID":"1299114","formEdgeID":null},{"edgeID":"1707305","fromID":"1299114","toID":"1299110","formEdgeID":null},{"edgeID":"1707306","fromID":"1299106","toID":"1299115","formEdgeID":null},{"edgeID":"1707307","fromID":"1299115","toID":"1299111","formEdgeID":null},{"edgeID":"1707308","fromID":"1299118","toID":"1299117","formEdgeID":null},{"edgeID":"1707309","fromID":"1299119","toID":"1299118","formEdgeID":null},{"edgeID":"1707310","fromID":"1299117","toID":"1299120","formEdgeID":null},{"edgeID":"1707311","fromID":"1299120","toID":"1299116","formEdgeID":null},{"edgeID":"1707312","fromID":"1299111","toID":"1299121","formEdgeID":null},{"edgeID":"1707313","fromID":"1299121","toID":"1299117","formEdgeID":null},{"edgeID":"1707314","fromID":"1299124","toID":"1299123","formEdgeID":null},{"edgeID":"1707315","fromID":"1299125","toID":"1299124","formEdgeID":null},{"edgeID":"1707316","fromID":"1299123","toID":"1299126","formEdgeID":null},{"edgeID":"1707317","fromID":"1299126","toID":"1299122","formEdgeID":null},{"edgeID":"1707318","fromID":"1299117","toID":"1299127","formEdgeID":null},{"edgeID":"1707319","fromID":"1299127","toID":"1299123","formEdgeID":null},{"edgeID":"1707320","fromID":"1299129","toID":"1299128","formEdgeID":null},{"edgeID":"1707321","fromID":"1299130","toID":"1299129","formEdgeID":null},{"edgeID":"1707322","fromID":"1299128","toID":"1299131","formEdgeID":null},{"edgeID":"1707323","fromID":"1299131","toID":"223560","formEdgeID":null},{"edgeID":"1707324","fromID":"1299134","toID":"1299133","formEdgeID":null},{"edgeID":"1707325","fromID":"1299135","toID":"1299134","formEdgeID":null},{"edgeID":"1707326","fromID":"1299133","toID":"1299136","formEdgeID":null},{"edgeID":"1707327","fromID":"1299136","toID":"1299132","formEdgeID":null},{"edgeID":"1707328","fromID":"1299128","toID":"1299137","formEdgeID":null},{"edgeID":"1707329","fromID":"1299137","toID":"1299133","formEdgeID":null},{"edgeID":"1707330","fromID":"1299132","toID":"1299138","formEdgeID":null},{"edgeID":"1707331","fromID":"1299138","toID":"223560","formEdgeID":null},{"edgeID":"1707332","fromID":"1299137","toID":"1299139","formEdgeID":null},{"edgeID":"1707333","fromID":"1299139","toID":"1299138","formEdgeID":null},{"edgeID":"1707334","fromID":"1299142","toID":"1299141","formEdgeID":null},{"edgeID":"1707335","fromID":"1299143","toID":"1299142","formEdgeID":null},{"edgeID":"1707336","fromID":"1299141","toID":"1299144","formEdgeID":null},{"edgeID":"1707337","fromID":"1299144","toID":"1299140","formEdgeID":null},{"edgeID":"1707338","fromID":"1299133","toID":"1299145","formEdgeID":null},{"edgeID":"1707339","fromID":"1299145","toID":"1299141","formEdgeID":null},{"edgeID":"1707340","fromID":"1299148","toID":"1299147","formEdgeID":null},{"edgeID":"1707341","fromID":"1299149","toID":"1299148","formEdgeID":null},{"edgeID":"1707342","fromID":"1299147","toID":"1299150","formEdgeID":null},{"edgeID":"1707343","fromID":"1299150","toID":"1299146","formEdgeID":null},{"edgeID":"1707344","fromID":"1299141","toID":"1299151","formEdgeID":null},{"edgeID":"1707345","fromID":"1299151","toID":"1299147","formEdgeID":null},{"edgeID":"1707346","fromID":"1299154","toID":"1299153","formEdgeID":null},{"edgeID":"1707347","fromID":"1299155","toID":"1299154","formEdgeID":null},{"edgeID":"1707348","fromID":"1299153","toID":"1299156","formEdgeID":null},{"edgeID":"1707349","fromID":"1299156","toID":"1299152","formEdgeID":null},{"edgeID":"1707350","fromID":"1299159","toID":"1299158","formEdgeID":null},{"edgeID":"1707351","fromID":"1299160","toID":"1299159","formEdgeID":null},{"edgeID":"1707352","fromID":"1299158","toID":"1299161","formEdgeID":null},{"edgeID":"1707353","fromID":"1299161","toID":"1299157","formEdgeID":null},{"edgeID":"1707354","fromID":"1299153","toID":"1299162","formEdgeID":null},{"edgeID":"1707355","fromID":"1299162","toID":"1299158","formEdgeID":null},{"edgeID":"1707356","fromID":"1299152","toID":"1299163","formEdgeID":null},{"edgeID":"1707357","fromID":"1299163","toID":"1299157","formEdgeID":null},{"edgeID":"1707358","fromID":"1299146","toID":"1299163","formEdgeID":null},{"edgeID":"1707359","fromID":"1299147","toID":"1299164","formEdgeID":null},{"edgeID":"1707360","fromID":"1299164","toID":"1299158","formEdgeID":null},{"edgeID":"1707361","fromID":"1299162","toID":"1299165","formEdgeID":null},{"edgeID":"1707362","fromID":"1299165","toID":"1299163","formEdgeID":null},{"edgeID":"1707363","fromID":"1299168","toID":"1299167","formEdgeID":null},{"edgeID":"1707364","fromID":"1299169","toID":"1299168","formEdgeID":null},{"edgeID":"1707365","fromID":"1299167","toID":"1299170","formEdgeID":null},{"edgeID":"1707366","fromID":"1299170","toID":"1299166","formEdgeID":null},{"edgeID":"1707367","fromID":"1299173","toID":"1299172","formEdgeID":null},{"edgeID":"1707368","fromID":"1299174","toID":"1299173","formEdgeID":null},{"edgeID":"1707369","fromID":"1299172","toID":"1299175","formEdgeID":null},{"edgeID":"1707370","fromID":"1299175","toID":"1299171","formEdgeID":null},{"edgeID":"1707371","fromID":"1299158","toID":"1299176","formEdgeID":null},{"edgeID":"1707372","fromID":"1299176","toID":"1299172","formEdgeID":null},{"edgeID":"1707373","fromID":"1299172","toID":"1299177","formEdgeID":null},{"edgeID":"1707374","fromID":"1299177","toID":"1299167","formEdgeID":null},{"edgeID":"1707375","fromID":"1299180","toID":"1299179","formEdgeID":null},{"edgeID":"1707376","fromID":"1299181","toID":"1299180","formEdgeID":null},{"edgeID":"1707377","fromID":"1299179","toID":"1299182","formEdgeID":null},{"edgeID":"1707378","fromID":"1299182","toID":"1299178","formEdgeID":null},{"edgeID":"1707379","fromID":"1299172","toID":"1299183","formEdgeID":null},{"edgeID":"1707380","fromID":"1299183","toID":"1299179","formEdgeID":null},{"edgeID":"1707381","fromID":"1299171","toID":"1299184","formEdgeID":null},{"edgeID":"1707382","fromID":"1299184","toID":"1299178","formEdgeID":null},{"edgeID":"1707383","fromID":"1299183","toID":"1299185","formEdgeID":null},{"edgeID":"1707384","fromID":"1299185","toID":"1299184","formEdgeID":null},{"edgeID":"1707385","fromID":"1299110","toID":"1299186","formEdgeID":null},{"edgeID":"1707386","fromID":"1299186","toID":"1299105","formEdgeID":null},{"edgeID":"1707387","fromID":"1299116","toID":"1299187","formEdgeID":null},{"edgeID":"1707388","fromID":"1299187","toID":"1299110","formEdgeID":null},{"edgeID":"1707389","fromID":"1299122","toID":"1299188","formEdgeID":null},{"edgeID":"1707390","fromID":"1299188","toID":"1299116","formEdgeID":null},{"edgeID":"1707391","fromID":"1299127","toID":"1299189","formEdgeID":null},{"edgeID":"1707392","fromID":"1299189","toID":"1299188","formEdgeID":null},{"edgeID":"1707393","fromID":"1299121","toID":"1299190","formEdgeID":null},{"edgeID":"1707394","fromID":"1299190","toID":"1299187","formEdgeID":null},{"edgeID":"1707395","fromID":"1299115","toID":"1299191","formEdgeID":null},{"edgeID":"1707396","fromID":"1299191","toID":"1299186","formEdgeID":null},{"edgeID":"1707397","fromID":"1299123","toID":"1299192","formEdgeID":null},{"edgeID":"1707398","fromID":"1299192","toID":"1299128","formEdgeID":null},{"edgeID":"1707399","fromID":"223560","toID":"1299193","formEdgeID":null},{"edgeID":"1707400","fromID":"1299193","toID":"1299122","formEdgeID":null},{"edgeID":"1707401","fromID":"1299192","toID":"1299194","formEdgeID":null},{"edgeID":"1707402","fromID":"1299194","toID":"1299193","formEdgeID":null},{"edgeID":"1707403","fromID":"1299140","toID":"1299195","formEdgeID":null},{"edgeID":"1707404","fromID":"1299195","toID":"1299132","formEdgeID":null},{"edgeID":"1707405","fromID":"1299145","toID":"1299196","formEdgeID":null},{"edgeID":"1707406","fromID":"1299196","toID":"1299195","formEdgeID":null},{"edgeID":"1707407","fromID":"1299157","toID":"1299197","formEdgeID":null},{"edgeID":"1707408","fromID":"1299197","toID":"1299132","formEdgeID":null},{"edgeID":"1707409","fromID":"1299133","toID":"1299198","formEdgeID":null},{"edgeID":"1707410","fromID":"1299198","toID":"1299158","formEdgeID":null},{"edgeID":"1707411","fromID":"1299198","toID":"1299199","formEdgeID":null},{"edgeID":"1707412","fromID":"1299199","toID":"1299197","formEdgeID":null}],"locutions":[]}