{"nodes":[{"nodeID":"1144879","text":"Boris Johnson has lied through his teeth to the British people again and again and again","type":"I","timestamp":"2023-04-20 10:10:09"},{"nodeID":"1144881","text":"Boris Johnson has showed contempt for the sacrifice of the British people","type":"I","timestamp":"2023-04-20 10:10:11"},{"nodeID":"1144883","text":"people missed the funerals of their loved ones","type":"I","timestamp":"2023-04-20 10:10:13"},{"nodeID":"1144885","text":"Boris Johnson believes he is above the little people","type":"I","timestamp":"2023-04-20 10:10:14"},{"nodeID":"1144887","text":"Boris Johnson should resign","type":"I","timestamp":"2023-04-20 10:10:16"},{"nodeID":"1144889","text":"Keir Starmer was also investigated for a party","type":"I","timestamp":"2023-04-20 10:10:18"},{"nodeID":"1144891","text":"having a drink at lunch is not breaking the lockdown rules","type":"I","timestamp":"2023-04-20 10:10:19"},{"nodeID":"1152231","text":"people were following the rules that the Prime Minster believed the laws are for the little people","type":"I","timestamp":"2023-04-21 13:23:05"},{"nodeID":"1152245","text":"Boris Johnson showed contempt to the British people","type":"I","timestamp":"2023-04-21 13:23:11"},{"nodeID":"1152253","text":"Boris Johnson lied to the British people","type":"I","timestamp":"2023-04-21 13:23:14"},{"nodeID":"1152260","text":"Boris Johnson lied to parliament","type":"I","timestamp":"2023-04-21 13:23:17"},{"nodeID":"1152274","text":"Boris Johnson might have some decency","type":"I","timestamp":"2023-04-21 13:23:22"},{"nodeID":"1152279","text":"Boris Johnson might resign","type":"I","timestamp":"2023-04-21 13:23:25"},{"nodeID":"1152299","text":"there was no investigation.","type":"I","timestamp":"2023-04-21 13:23:33"},{"nodeID":"1152307","text":"there were photos of Keir Starmer having drinks with activists","type":"I","timestamp":"2023-04-21 13:23:36"},{"nodeID":"1152315","text":"Keir Starmer was sat down at a table having lunch at work","type":"I","timestamp":"2023-04-21 13:23:38"},{"nodeID":"1152322","text":"having lunch at work is not a party","type":"I","timestamp":"2023-04-21 13:23:41"},{"nodeID":"1301763","text":"Steve Reed: He has lied through his teeth to the British people again and again and again","type":"L","timestamp":"2023-11-09 12:57:48"},{"nodeID":"1301764","text":"Analysing","type":"YA","timestamp":"2023-11-09 12:57:48"},{"nodeID":"1301765","text":"Clara: Steve Reed: He has lied through his teeth to the British people again and again and again","type":"L","timestamp":"2023-11-09 12:57:48"},{"nodeID":"1301766","text":"Asserting","type":"YA","timestamp":"2023-11-09 12:57:48"},{"nodeID":"1301767","text":"Steve Reed: He has showed contempt for the sacrifice of the British people","type":"L","timestamp":"2023-11-09 12:57:49"},{"nodeID":"1301768","text":"Analysing","type":"YA","timestamp":"2023-11-09 12:57:49"},{"nodeID":"1301769","text":"Clara: Steve Reed: He has showed contempt for the sacrifice of the British people","type":"L","timestamp":"2023-11-09 12:57:49"},{"nodeID":"1301770","text":"Asserting","type":"YA","timestamp":"2023-11-09 12:57:49"},{"nodeID":"1301771","text":"Default Transition","type":"TA","timestamp":"2023-11-09 12:57:49"},{"nodeID":"1301772","text":"Steve Reed:  People missed the funerals of their loved ones","type":"L","timestamp":"2023-11-09 12:57:50"},{"nodeID":"1301773","text":"Analysing","type":"YA","timestamp":"2023-11-09 12:57:50"},{"nodeID":"1301774","text":"Clara: Steve Reed:  People missed the funerals of their loved ones","type":"L","timestamp":"2023-11-09 12:57:50"},{"nodeID":"1301775","text":"Asserting","type":"YA","timestamp":"2023-11-09 12:57:50"},{"nodeID":"1301776","text":"Default Transition","type":"TA","timestamp":"2023-11-09 12:57:50"},{"nodeID":"1301777","text":"Steve Reed: they were following the rules that the Prime Minster believed the laws are for the little people","type":"L","timestamp":"2023-11-09 12:57:50"},{"nodeID":"1301778","text":"Analysing","type":"YA","timestamp":"2023-11-09 12:57:50"},{"nodeID":"1301779","text":"Clara: Steve Reed: they were following the rules that the Prime Minster believed the laws are for the little people","type":"L","timestamp":"2023-11-09 12:57:50"},{"nodeID":"1301780","text":"Asserting","type":"YA","timestamp":"2023-11-09 12:57:50"},{"nodeID":"1301781","text":"Default Transition","type":"TA","timestamp":"2023-11-09 12:57:50"},{"nodeID":"1301782","text":"Default Inference","type":"RA","timestamp":"2023-11-09 12:57:50"},{"nodeID":"1301783","text":"Arguing","type":"YA","timestamp":"2023-11-09 12:57:50"},{"nodeID":"1301784","text":"Steve Reed: He's above them","type":"L","timestamp":"2023-11-09 12:57:51"},{"nodeID":"1301785","text":"Analysing","type":"YA","timestamp":"2023-11-09 12:57:51"},{"nodeID":"1301786","text":"Clara: Steve Reed: He's above them","type":"L","timestamp":"2023-11-09 12:57:51"},{"nodeID":"1301787","text":"Asserting","type":"YA","timestamp":"2023-11-09 12:57:51"},{"nodeID":"1301788","text":"Default Transition","type":"TA","timestamp":"2023-11-09 12:57:51"},{"nodeID":"1301789","text":"Default Inference","type":"RA","timestamp":"2023-11-09 12:57:51"},{"nodeID":"1301790","text":"Arguing","type":"YA","timestamp":"2023-11-09 12:57:51"},{"nodeID":"1301791","text":"Steve Reed: He showed contempt to the British people","type":"L","timestamp":"2023-11-09 12:57:51"},{"nodeID":"1301792","text":"Analysing","type":"YA","timestamp":"2023-11-09 12:57:51"},{"nodeID":"1301793","text":"Clara: Steve Reed: He showed contempt to the British people","type":"L","timestamp":"2023-11-09 12:57:51"},{"nodeID":"1301794","text":"Asserting","type":"YA","timestamp":"2023-11-09 12:57:51"},{"nodeID":"1301795","text":"Default Transition","type":"TA","timestamp":"2023-11-09 12:57:51"},{"nodeID":"1301796","text":"Default Inference","type":"RA","timestamp":"2023-11-09 12:57:51"},{"nodeID":"1301797","text":"Arguing","type":"YA","timestamp":"2023-11-09 12:57:51"},{"nodeID":"1301798","text":"Steve Reed: He lied to the British people","type":"L","timestamp":"2023-11-09 12:57:52"},{"nodeID":"1301799","text":"Analysing","type":"YA","timestamp":"2023-11-09 12:57:52"},{"nodeID":"1301800","text":"Clara: Steve Reed: He lied to the British people","type":"L","timestamp":"2023-11-09 12:57:52"},{"nodeID":"1301801","text":"Asserting","type":"YA","timestamp":"2023-11-09 12:57:52"},{"nodeID":"1301802","text":"Default Transition","type":"TA","timestamp":"2023-11-09 12:57:52"},{"nodeID":"1301803","text":"Default Inference","type":"RA","timestamp":"2023-11-09 12:57:52"},{"nodeID":"1301804","text":"Steve Reed: He lied to parliament","type":"L","timestamp":"2023-11-09 12:57:52"},{"nodeID":"1301805","text":"Analysing","type":"YA","timestamp":"2023-11-09 12:57:52"},{"nodeID":"1301806","text":"Clara: Steve Reed: He lied to parliament","type":"L","timestamp":"2023-11-09 12:57:52"},{"nodeID":"1301807","text":"Asserting","type":"YA","timestamp":"2023-11-09 12:57:52"},{"nodeID":"1301808","text":"Default Transition","type":"TA","timestamp":"2023-11-09 12:57:52"},{"nodeID":"1301809","text":"Arguing","type":"YA","timestamp":"2023-11-09 12:57:52"},{"nodeID":"1301810","text":"Steve Reed: He should resign","type":"L","timestamp":"2023-11-09 12:57:53"},{"nodeID":"1301811","text":"Analysing","type":"YA","timestamp":"2023-11-09 12:57:53"},{"nodeID":"1301812","text":"Clara: Steve Reed: He should resign","type":"L","timestamp":"2023-11-09 12:57:53"},{"nodeID":"1301813","text":"Asserting","type":"YA","timestamp":"2023-11-09 12:57:53"},{"nodeID":"1301814","text":"Default Transition","type":"TA","timestamp":"2023-11-09 12:57:53"},{"nodeID":"1301815","text":"Default Inference","type":"RA","timestamp":"2023-11-09 12:57:53"},{"nodeID":"1301816","text":"Default Transition","type":"TA","timestamp":"2023-11-09 12:57:53"},{"nodeID":"1301817","text":"Arguing","type":"YA","timestamp":"2023-11-09 12:57:53"},{"nodeID":"1301818","text":"Steve Reed: he has any decency","type":"L","timestamp":"2023-11-09 12:57:54"},{"nodeID":"1301819","text":"Analysing","type":"YA","timestamp":"2023-11-09 12:57:54"},{"nodeID":"1301820","text":"Clara: Steve Reed: he has any decency","type":"L","timestamp":"2023-11-09 12:57:54"},{"nodeID":"1301821","text":"Asserting","type":"YA","timestamp":"2023-11-09 12:57:54"},{"nodeID":"1301822","text":"Steve Reed: he would resign","type":"L","timestamp":"2023-11-09 12:57:54"},{"nodeID":"1301823","text":"Analysing","type":"YA","timestamp":"2023-11-09 12:57:54"},{"nodeID":"1301824","text":"Clara: Steve Reed: he would resign","type":"L","timestamp":"2023-11-09 12:57:54"},{"nodeID":"1301825","text":"Asserting","type":"YA","timestamp":"2023-11-09 12:57:54"},{"nodeID":"1301826","text":"Default Transition","type":"TA","timestamp":"2023-11-09 12:57:54"},{"nodeID":"1301827","text":"Default Transition","type":"TA","timestamp":"2023-11-09 12:57:54"},{"nodeID":"1301828","text":"Default Inference","type":"RA","timestamp":"2023-11-09 12:57:54"},{"nodeID":"1301829","text":"Arguing","type":"YA","timestamp":"2023-11-09 12:57:54"},{"nodeID":"1301830","text":"Maria Caulfield: the leader of the Labour Party was also investigated for a party at","type":"L","timestamp":"2023-11-09 12:57:55"},{"nodeID":"1301831","text":"Analysing","type":"YA","timestamp":"2023-11-09 12:57:55"},{"nodeID":"1301832","text":"Clara: Maria Caulfield: the leader of the Labour Party was also investigated for a party at","type":"L","timestamp":"2023-11-09 12:57:55"},{"nodeID":"1301833","text":"Asserting","type":"YA","timestamp":"2023-11-09 12:57:55"},{"nodeID":"1301834","text":"Default Transition","type":"TA","timestamp":"2023-11-09 12:57:55"},{"nodeID":"1301835","text":"Default Conflict","type":"CA","timestamp":"2023-11-09 12:57:55"},{"nodeID":"1301836","text":"Steve Reed:  Having a drink at lunch is not breaking the lockdown rules","type":"L","timestamp":"2023-11-09 12:57:55"},{"nodeID":"1301837","text":"Analysing","type":"YA","timestamp":"2023-11-09 12:57:55"},{"nodeID":"1301838","text":"Clara: Steve Reed:  Having a drink at lunch is not breaking the lockdown rules","type":"L","timestamp":"2023-11-09 12:57:55"},{"nodeID":"1301839","text":"Asserting","type":"YA","timestamp":"2023-11-09 12:57:55"},{"nodeID":"1301840","text":"Default Conflict","type":"CA","timestamp":"2023-11-09 12:57:55"},{"nodeID":"1301841","text":"Default Transition","type":"TA","timestamp":"2023-11-09 12:57:55"},{"nodeID":"1301842","text":"Disagreeing","type":"YA","timestamp":"2023-11-09 12:57:55"},{"nodeID":"1301843","text":"Victoria Derbyshire: There was no investigation.","type":"L","timestamp":"2023-11-09 12:57:56"},{"nodeID":"1301844","text":"Analysing","type":"YA","timestamp":"2023-11-09 12:57:56"},{"nodeID":"1301845","text":"Clara: Victoria Derbyshire: There was no investigation.","type":"L","timestamp":"2023-11-09 12:57:56"},{"nodeID":"1301846","text":"Asserting","type":"YA","timestamp":"2023-11-09 12:57:56"},{"nodeID":"1301847","text":"Default Transition","type":"TA","timestamp":"2023-11-09 12:57:56"},{"nodeID":"1301848","text":"Default Conflict","type":"CA","timestamp":"2023-11-09 12:57:56"},{"nodeID":"1301849","text":"Disagreeing","type":"YA","timestamp":"2023-11-09 12:57:56"},{"nodeID":"1301850","text":"Maria Caulfield: There were photos of him having drinks with activists","type":"L","timestamp":"2023-11-09 12:57:56"},{"nodeID":"1301851","text":"Analysing","type":"YA","timestamp":"2023-11-09 12:57:56"},{"nodeID":"1301852","text":"Clara: Maria Caulfield: There were photos of him having drinks with activists","type":"L","timestamp":"2023-11-09 12:57:56"},{"nodeID":"1301853","text":"Asserting","type":"YA","timestamp":"2023-11-09 12:57:56"},{"nodeID":"1301854","text":"Default Transition","type":"TA","timestamp":"2023-11-09 12:57:56"},{"nodeID":"1301855","text":"Default Inference","type":"RA","timestamp":"2023-11-09 12:57:56"},{"nodeID":"1301856","text":"Arguing","type":"YA","timestamp":"2023-11-09 12:57:56"},{"nodeID":"1301857","text":"Steve Reed: He was sat down at a table having lunch at work","type":"L","timestamp":"2023-11-09 12:57:57"},{"nodeID":"1301858","text":"Analysing","type":"YA","timestamp":"2023-11-09 12:57:57"},{"nodeID":"1301859","text":"Clara: Steve Reed: He was sat down at a table having lunch at work","type":"L","timestamp":"2023-11-09 12:57:57"},{"nodeID":"1301860","text":"Asserting","type":"YA","timestamp":"2023-11-09 12:57:57"},{"nodeID":"1301861","text":"Default Transition","type":"TA","timestamp":"2023-11-09 12:57:57"},{"nodeID":"1301862","text":"Default Inference","type":"RA","timestamp":"2023-11-09 12:57:57"},{"nodeID":"1301863","text":"Steve Reed: That is not a party","type":"L","timestamp":"2023-11-09 12:57:58"},{"nodeID":"1301864","text":"Analysing","type":"YA","timestamp":"2023-11-09 12:57:58"},{"nodeID":"1301865","text":"Clara: Steve Reed: That is not a party","type":"L","timestamp":"2023-11-09 12:57:58"},{"nodeID":"1301866","text":"Asserting","type":"YA","timestamp":"2023-11-09 12:57:58"},{"nodeID":"1301867","text":"Default Transition","type":"TA","timestamp":"2023-11-09 12:57:58"},{"nodeID":"1301868","text":"Arguing","type":"YA","timestamp":"2023-11-09 12:57:58"},{"nodeID":"1301869","text":"Disagreeing","type":"YA","timestamp":"2023-11-09 12:57:58"}],"edges":[{"edgeID":"1710481","fromID":"1301764","toID":"1301763","formEdgeID":null},{"edgeID":"1710482","fromID":"1301765","toID":"1301764","formEdgeID":null},{"edgeID":"1710483","fromID":"1301763","toID":"1301766","formEdgeID":null},{"edgeID":"1710484","fromID":"1301766","toID":"1144879","formEdgeID":null},{"edgeID":"1710485","fromID":"1301768","toID":"1301767","formEdgeID":null},{"edgeID":"1710486","fromID":"1301769","toID":"1301768","formEdgeID":null},{"edgeID":"1710487","fromID":"1301767","toID":"1301770","formEdgeID":null},{"edgeID":"1710488","fromID":"1301770","toID":"1144881","formEdgeID":null},{"edgeID":"1710489","fromID":"1301763","toID":"1301771","formEdgeID":null},{"edgeID":"1710490","fromID":"1301771","toID":"1301767","formEdgeID":null},{"edgeID":"1710491","fromID":"1301773","toID":"1301772","formEdgeID":null},{"edgeID":"1710492","fromID":"1301774","toID":"1301773","formEdgeID":null},{"edgeID":"1710493","fromID":"1301772","toID":"1301775","formEdgeID":null},{"edgeID":"1710494","fromID":"1301775","toID":"1144883","formEdgeID":null},{"edgeID":"1710495","fromID":"1301767","toID":"1301776","formEdgeID":null},{"edgeID":"1710496","fromID":"1301776","toID":"1301772","formEdgeID":null},{"edgeID":"1710497","fromID":"1301778","toID":"1301777","formEdgeID":null},{"edgeID":"1710498","fromID":"1301779","toID":"1301778","formEdgeID":null},{"edgeID":"1710499","fromID":"1301777","toID":"1301780","formEdgeID":null},{"edgeID":"1710500","fromID":"1301780","toID":"1152231","formEdgeID":null},{"edgeID":"1710501","fromID":"1301772","toID":"1301781","formEdgeID":null},{"edgeID":"1710502","fromID":"1301781","toID":"1301777","formEdgeID":null},{"edgeID":"1710503","fromID":"1152231","toID":"1301782","formEdgeID":null},{"edgeID":"1710504","fromID":"1301782","toID":"1144883","formEdgeID":null},{"edgeID":"1710505","fromID":"1301781","toID":"1301783","formEdgeID":null},{"edgeID":"1710506","fromID":"1301783","toID":"1301782","formEdgeID":null},{"edgeID":"1710507","fromID":"1301785","toID":"1301784","formEdgeID":null},{"edgeID":"1710508","fromID":"1301786","toID":"1301785","formEdgeID":null},{"edgeID":"1710509","fromID":"1301784","toID":"1301787","formEdgeID":null},{"edgeID":"1710510","fromID":"1301787","toID":"1144885","formEdgeID":null},{"edgeID":"1710511","fromID":"1301767","toID":"1301788","formEdgeID":null},{"edgeID":"1710512","fromID":"1301788","toID":"1301784","formEdgeID":null},{"edgeID":"1710513","fromID":"1144885","toID":"1301789","formEdgeID":null},{"edgeID":"1710514","fromID":"1301789","toID":"1144881","formEdgeID":null},{"edgeID":"1710515","fromID":"1144883","toID":"1301789","formEdgeID":null},{"edgeID":"1710516","fromID":"1301788","toID":"1301790","formEdgeID":null},{"edgeID":"1710517","fromID":"1301790","toID":"1301789","formEdgeID":null},{"edgeID":"1710518","fromID":"1301792","toID":"1301791","formEdgeID":null},{"edgeID":"1710519","fromID":"1301793","toID":"1301792","formEdgeID":null},{"edgeID":"1710520","fromID":"1301791","toID":"1301794","formEdgeID":null},{"edgeID":"1710521","fromID":"1301794","toID":"1152245","formEdgeID":null},{"edgeID":"1710522","fromID":"1301767","toID":"1301795","formEdgeID":null},{"edgeID":"1710523","fromID":"1301795","toID":"1301791","formEdgeID":null},{"edgeID":"1710524","fromID":"1144881","toID":"1301796","formEdgeID":null},{"edgeID":"1710525","fromID":"1301796","toID":"1152245","formEdgeID":null},{"edgeID":"1710526","fromID":"1301795","toID":"1301797","formEdgeID":null},{"edgeID":"1710527","fromID":"1301797","toID":"1301796","formEdgeID":null},{"edgeID":"1710528","fromID":"1301799","toID":"1301798","formEdgeID":null},{"edgeID":"1710529","fromID":"1301800","toID":"1301799","formEdgeID":null},{"edgeID":"1710530","fromID":"1301798","toID":"1301801","formEdgeID":null},{"edgeID":"1710531","fromID":"1301801","toID":"1152253","formEdgeID":null},{"edgeID":"1710532","fromID":"1301763","toID":"1301802","formEdgeID":null},{"edgeID":"1710533","fromID":"1301802","toID":"1301798","formEdgeID":null},{"edgeID":"1710534","fromID":"1152253","toID":"1301803","formEdgeID":null},{"edgeID":"1710535","fromID":"1301803","toID":"1144879","formEdgeID":null},{"edgeID":"1710536","fromID":"1301805","toID":"1301804","formEdgeID":null},{"edgeID":"1710537","fromID":"1301806","toID":"1301805","formEdgeID":null},{"edgeID":"1710538","fromID":"1301804","toID":"1301807","formEdgeID":null},{"edgeID":"1710539","fromID":"1301807","toID":"1152260","formEdgeID":null},{"edgeID":"1710540","fromID":"1152260","toID":"1301803","formEdgeID":null},{"edgeID":"1710541","fromID":"1301763","toID":"1301808","formEdgeID":null},{"edgeID":"1710542","fromID":"1301808","toID":"1301804","formEdgeID":null},{"edgeID":"1710543","fromID":"1301808","toID":"1301809","formEdgeID":null},{"edgeID":"1710544","fromID":"1301809","toID":"1301803","formEdgeID":null},{"edgeID":"1710545","fromID":"1301811","toID":"1301810","formEdgeID":null},{"edgeID":"1710546","fromID":"1301812","toID":"1301811","formEdgeID":null},{"edgeID":"1710547","fromID":"1301810","toID":"1301813","formEdgeID":null},{"edgeID":"1710548","fromID":"1301813","toID":"1144887","formEdgeID":null},{"edgeID":"1710549","fromID":"1301791","toID":"1301814","formEdgeID":null},{"edgeID":"1710550","fromID":"1301814","toID":"1301810","formEdgeID":null},{"edgeID":"1710551","fromID":"1152245","toID":"1301815","formEdgeID":null},{"edgeID":"1710552","fromID":"1301815","toID":"1144887","formEdgeID":null},{"edgeID":"1710553","fromID":"1144879","toID":"1301815","formEdgeID":null},{"edgeID":"1710554","fromID":"1301763","toID":"1301816","formEdgeID":null},{"edgeID":"1710555","fromID":"1301816","toID":"1301810","formEdgeID":null},{"edgeID":"1710556","fromID":"1301816","toID":"1301817","formEdgeID":null},{"edgeID":"1710557","fromID":"1301817","toID":"1301815","formEdgeID":null},{"edgeID":"1710558","fromID":"1301819","toID":"1301818","formEdgeID":null},{"edgeID":"1710559","fromID":"1301820","toID":"1301819","formEdgeID":null},{"edgeID":"1710560","fromID":"1301818","toID":"1301821","formEdgeID":null},{"edgeID":"1710561","fromID":"1301821","toID":"1152274","formEdgeID":null},{"edgeID":"1710562","fromID":"1301823","toID":"1301822","formEdgeID":null},{"edgeID":"1710563","fromID":"1301824","toID":"1301823","formEdgeID":null},{"edgeID":"1710564","fromID":"1301822","toID":"1301825","formEdgeID":null},{"edgeID":"1710565","fromID":"1301825","toID":"1152279","formEdgeID":null},{"edgeID":"1710566","fromID":"1301810","toID":"1301826","formEdgeID":null},{"edgeID":"1710567","fromID":"1301826","toID":"1301822","formEdgeID":null},{"edgeID":"1710568","fromID":"1301818","toID":"1301827","formEdgeID":null},{"edgeID":"1710569","fromID":"1301827","toID":"1301822","formEdgeID":null},{"edgeID":"1710570","fromID":"1144887","toID":"1301828","formEdgeID":null},{"edgeID":"1710571","fromID":"1301828","toID":"1152279","formEdgeID":null},{"edgeID":"1710572","fromID":"1152274","toID":"1301828","formEdgeID":null},{"edgeID":"1710573","fromID":"1301827","toID":"1301829","formEdgeID":null},{"edgeID":"1710574","fromID":"1301829","toID":"1301828","formEdgeID":null},{"edgeID":"1710575","fromID":"1301831","toID":"1301830","formEdgeID":null},{"edgeID":"1710576","fromID":"1301832","toID":"1301831","formEdgeID":null},{"edgeID":"1710577","fromID":"1301830","toID":"1301833","formEdgeID":null},{"edgeID":"1710578","fromID":"1301833","toID":"1144889","formEdgeID":null},{"edgeID":"1710579","fromID":"1301810","toID":"1301834","formEdgeID":null},{"edgeID":"1710580","fromID":"1301834","toID":"1301830","formEdgeID":null},{"edgeID":"1710581","fromID":"1144889","toID":"1301835","formEdgeID":null},{"edgeID":"1710582","fromID":"1301835","toID":"1144887","formEdgeID":null},{"edgeID":"1710583","fromID":"1301837","toID":"1301836","formEdgeID":null},{"edgeID":"1710584","fromID":"1301838","toID":"1301837","formEdgeID":null},{"edgeID":"1710585","fromID":"1301836","toID":"1301839","formEdgeID":null},{"edgeID":"1710586","fromID":"1301839","toID":"1144891","formEdgeID":null},{"edgeID":"1710587","fromID":"1144891","toID":"1301840","formEdgeID":null},{"edgeID":"1710588","fromID":"1301840","toID":"1144889","formEdgeID":null},{"edgeID":"1710589","fromID":"1301830","toID":"1301841","formEdgeID":null},{"edgeID":"1710590","fromID":"1301841","toID":"1301836","formEdgeID":null},{"edgeID":"1710591","fromID":"1301841","toID":"1301842","formEdgeID":null},{"edgeID":"1710592","fromID":"1301842","toID":"1301840","formEdgeID":null},{"edgeID":"1710593","fromID":"1301844","toID":"1301843","formEdgeID":null},{"edgeID":"1710594","fromID":"1301845","toID":"1301844","formEdgeID":null},{"edgeID":"1710595","fromID":"1301843","toID":"1301846","formEdgeID":null},{"edgeID":"1710596","fromID":"1301846","toID":"1152299","formEdgeID":null},{"edgeID":"1710597","fromID":"1301830","toID":"1301847","formEdgeID":null},{"edgeID":"1710598","fromID":"1301847","toID":"1301843","formEdgeID":null},{"edgeID":"1710599","fromID":"1152299","toID":"1301848","formEdgeID":null},{"edgeID":"1710600","fromID":"1301848","toID":"1144889","formEdgeID":null},{"edgeID":"1710601","fromID":"1301847","toID":"1301849","formEdgeID":null},{"edgeID":"1710602","fromID":"1301849","toID":"1301848","formEdgeID":null},{"edgeID":"1710603","fromID":"1301851","toID":"1301850","formEdgeID":null},{"edgeID":"1710604","fromID":"1301852","toID":"1301851","formEdgeID":null},{"edgeID":"1710605","fromID":"1301850","toID":"1301853","formEdgeID":null},{"edgeID":"1710606","fromID":"1301853","toID":"1152307","formEdgeID":null},{"edgeID":"1710607","fromID":"1301830","toID":"1301854","formEdgeID":null},{"edgeID":"1710608","fromID":"1301854","toID":"1301850","formEdgeID":null},{"edgeID":"1710609","fromID":"1152307","toID":"1301855","formEdgeID":null},{"edgeID":"1710610","fromID":"1301855","toID":"1144889","formEdgeID":null},{"edgeID":"1710611","fromID":"1301854","toID":"1301856","formEdgeID":null},{"edgeID":"1710612","fromID":"1301856","toID":"1301855","formEdgeID":null},{"edgeID":"1710613","fromID":"1301858","toID":"1301857","formEdgeID":null},{"edgeID":"1710614","fromID":"1301859","toID":"1301858","formEdgeID":null},{"edgeID":"1710615","fromID":"1301857","toID":"1301860","formEdgeID":null},{"edgeID":"1710616","fromID":"1301860","toID":"1152315","formEdgeID":null},{"edgeID":"1710617","fromID":"1301836","toID":"1301861","formEdgeID":null},{"edgeID":"1710618","fromID":"1301861","toID":"1301857","formEdgeID":null},{"edgeID":"1710619","fromID":"1152315","toID":"1301862","formEdgeID":null},{"edgeID":"1710620","fromID":"1301862","toID":"1144891","formEdgeID":null},{"edgeID":"1710621","fromID":"1301864","toID":"1301863","formEdgeID":null},{"edgeID":"1710622","fromID":"1301865","toID":"1301864","formEdgeID":null},{"edgeID":"1710623","fromID":"1301863","toID":"1301866","formEdgeID":null},{"edgeID":"1710624","fromID":"1301866","toID":"1152322","formEdgeID":null},{"edgeID":"1710625","fromID":"1301836","toID":"1301867","formEdgeID":null},{"edgeID":"1710626","fromID":"1301867","toID":"1301863","formEdgeID":null},{"edgeID":"1710627","fromID":"1152322","toID":"1301862","formEdgeID":null},{"edgeID":"1710628","fromID":"1301867","toID":"1301868","formEdgeID":null},{"edgeID":"1710629","fromID":"1301868","toID":"1301862","formEdgeID":null},{"edgeID":"1710630","fromID":"1301834","toID":"1301869","formEdgeID":null},{"edgeID":"1710631","fromID":"1301869","toID":"1301835","formEdgeID":null}],"locutions":[]}