{"nodes":[{"nodeID":"1301357","text":"22,800 visas have been issued via the Family Scheme","type":"I","timestamp":"2023-11-09 12:57:14"},{"nodeID":"1301358","text":"Victoria Derbyshire: 22,800 visas have been issued via the Family Scheme","type":"L","timestamp":"2023-11-09 12:57:14"},{"nodeID":"1301359","text":"Analysing","type":"YA","timestamp":"2023-11-09 12:57:14"},{"nodeID":"1301360","text":"Nicole: Victoria Derbyshire: 22,800 visas have been issued via the Family Scheme","type":"L","timestamp":"2023-11-09 12:57:14"},{"nodeID":"1301361","text":"Asserting","type":"YA","timestamp":"2023-11-09 12:57:14"},{"nodeID":"1301362","text":"out of 31,000 submitted","type":"I","timestamp":"2023-11-09 12:57:15"},{"nodeID":"1301363","text":"Victoria Derbyshire: Out of 31,000 submitted","type":"L","timestamp":"2023-11-09 12:57:15"},{"nodeID":"1301364","text":"Analysing","type":"YA","timestamp":"2023-11-09 12:57:15"},{"nodeID":"1301365","text":"Nicole: Victoria Derbyshire: Out of 31,000 submitted","type":"L","timestamp":"2023-11-09 12:57:15"},{"nodeID":"1301366","text":"Asserting","type":"YA","timestamp":"2023-11-09 12:57:15"},{"nodeID":"1301367","text":"Default Transition","type":"TA","timestamp":"2023-11-09 12:57:15"},{"nodeID":"1301368","text":"2,700 visas have been granted through the Homes for Ukraine Scheme out of 28,000 applications","type":"I","timestamp":"2023-11-09 12:57:15"},{"nodeID":"1301369","text":"Victoria Derbyshire: 2,700 visas have been granted through the Homes for Ukraine Scheme out of 28,000 applications","type":"L","timestamp":"2023-11-09 12:57:15"},{"nodeID":"1301370","text":"Analysing","type":"YA","timestamp":"2023-11-09 12:57:15"},{"nodeID":"1301371","text":"Nicole: Victoria Derbyshire: 2,700 visas have been granted through the Homes for Ukraine Scheme out of 28,000 applications","type":"L","timestamp":"2023-11-09 12:57:15"},{"nodeID":"1301372","text":"Asserting","type":"YA","timestamp":"2023-11-09 12:57:15"},{"nodeID":"1301373","text":"Default Transition","type":"TA","timestamp":"2023-11-09 12:57:15"},{"nodeID":"1301374","text":"there's a huge gap between the number of visas that have been granted and the number of applications","type":"I","timestamp":"2023-11-09 12:57:16"},{"nodeID":"1301375","text":"Victoria Derbyshire: there's a huge gap","type":"L","timestamp":"2023-11-09 12:57:16"},{"nodeID":"1301376","text":"Analysing","type":"YA","timestamp":"2023-11-09 12:57:16"},{"nodeID":"1301377","text":"Nicole: Victoria Derbyshire: there's a huge gap","type":"L","timestamp":"2023-11-09 12:57:16"},{"nodeID":"1301378","text":"Asserting","type":"YA","timestamp":"2023-11-09 12:57:16"},{"nodeID":"1301379","text":"Default Transition","type":"TA","timestamp":"2023-11-09 12:57:16"},{"nodeID":"1301380","text":"Default Inference","type":"RA","timestamp":"2023-11-09 12:57:16"},{"nodeID":"1301381","text":"Arguing","type":"YA","timestamp":"2023-11-09 12:57:16"},{"nodeID":"1301382","text":"who would apply when they know how difficult it is","type":"I","timestamp":"2023-11-09 12:57:16"},{"nodeID":"1301383","text":"AudienceMember 20220310QT16: who would apply when they know how difficult it is","type":"L","timestamp":"2023-11-09 12:57:16"},{"nodeID":"1301384","text":"Analysing","type":"YA","timestamp":"2023-11-09 12:57:16"},{"nodeID":"1301385","text":"Nicole: AudienceMember 20220310QT16: who would apply when they know how difficult it is","type":"L","timestamp":"2023-11-09 12:57:16"},{"nodeID":"1301386","text":"Rhetorical Questioning","type":"YA","timestamp":"2023-11-09 12:57:16"},{"nodeID":"1301387","text":"Default Transition","type":"TA","timestamp":"2023-11-09 12:57:16"},{"nodeID":"1301388","text":"xxx is what AudienceMember 20220331QT16 means","type":"I","timestamp":"2023-11-09 12:57:17"},{"nodeID":"1301389","text":"Victoria Derbyshire: what do you mean, madam","type":"L","timestamp":"2023-11-09 12:57:17"},{"nodeID":"1301390","text":"Analysing","type":"YA","timestamp":"2023-11-09 12:57:17"},{"nodeID":"1301391","text":"Nicole: Victoria Derbyshire: what do you mean, madam","type":"L","timestamp":"2023-11-09 12:57:17"},{"nodeID":"1301392","text":"Pure Questioning","type":"YA","timestamp":"2023-11-09 12:57:17"},{"nodeID":"1301393","text":"Default Transition","type":"TA","timestamp":"2023-11-09 12:57:17"},{"nodeID":"1301394","text":"we were hearing about 20 page documents to even apply for sanctuary or be rehomed here","type":"I","timestamp":"2023-11-09 12:57:18"},{"nodeID":"1301395","text":"AudienceMember 20220310QT17: we were hearing about 20 page documents to even apply for sanctuary or be rehomed here","type":"L","timestamp":"2023-11-09 12:57:18"},{"nodeID":"1301396","text":"Analysing","type":"YA","timestamp":"2023-11-09 12:57:18"},{"nodeID":"1301397","text":"Nicole: AudienceMember 20220310QT17: we were hearing about 20 page documents to even apply for sanctuary or be rehomed here","type":"L","timestamp":"2023-11-09 12:57:18"},{"nodeID":"1301398","text":"Asserting","type":"YA","timestamp":"2023-11-09 12:57:18"},{"nodeID":"1301399","text":"Default Transition","type":"TA","timestamp":"2023-11-09 12:57:18"},{"nodeID":"1301400","text":"Default Rephrase","type":"MA","timestamp":"2023-11-09 12:57:18"},{"nodeID":"1301401","text":"Default Illocuting","type":"YA","timestamp":"2023-11-09 12:57:18"},{"nodeID":"1301402","text":"the bureaucracy is absolute madness","type":"I","timestamp":"2023-11-09 12:57:18"},{"nodeID":"1301403","text":"AudienceMember 20220310QT17: The bureaucracy is absolute madness","type":"L","timestamp":"2023-11-09 12:57:18"},{"nodeID":"1301404","text":"Analysing","type":"YA","timestamp":"2023-11-09 12:57:18"},{"nodeID":"1301405","text":"Nicole: AudienceMember 20220310QT17: The bureaucracy is absolute madness","type":"L","timestamp":"2023-11-09 12:57:18"},{"nodeID":"1301406","text":"Asserting","type":"YA","timestamp":"2023-11-09 12:57:18"},{"nodeID":"1301407","text":"Default Transition","type":"TA","timestamp":"2023-11-09 12:57:18"},{"nodeID":"1301408","text":"Default Inference","type":"RA","timestamp":"2023-11-09 12:57:18"},{"nodeID":"1301409","text":"Arguing","type":"YA","timestamp":"2023-11-09 12:57:18"},{"nodeID":"1301410","text":"Default Transition","type":"TA","timestamp":"2023-11-09 12:57:18"},{"nodeID":"1301411","text":"Default Rephrase","type":"MA","timestamp":"2023-11-09 12:57:18"},{"nodeID":"1301412","text":"Restating","type":"YA","timestamp":"2023-11-09 12:57:18"},{"nodeID":"1301413","text":"the reality is thousands are applying","type":"I","timestamp":"2023-11-09 12:57:19"},{"nodeID":"1301414","text":"Victoria Derbyshire: the reality is thousands are applying","type":"L","timestamp":"2023-11-09 12:57:19"},{"nodeID":"1301415","text":"Analysing","type":"YA","timestamp":"2023-11-09 12:57:19"},{"nodeID":"1301416","text":"Nicole: Victoria Derbyshire: the reality is thousands are applying","type":"L","timestamp":"2023-11-09 12:57:19"},{"nodeID":"1301417","text":"Asserting","type":"YA","timestamp":"2023-11-09 12:57:19"},{"nodeID":"1301418","text":"Default Transition","type":"TA","timestamp":"2023-11-09 12:57:19"},{"nodeID":"1301419","text":"Default Conflict","type":"CA","timestamp":"2023-11-09 12:57:19"},{"nodeID":"1301420","text":"Disagreeing","type":"YA","timestamp":"2023-11-09 12:57:19"},{"nodeID":"1301421","text":"how many aren't applying that would apply if they knew that it was easier to get here","type":"I","timestamp":"2023-11-09 12:57:19"},{"nodeID":"1301422","text":"AudienceMember 20220310QT18: how many aren't applying that would apply if they knew that it was easier to get here","type":"L","timestamp":"2023-11-09 12:57:19"},{"nodeID":"1301423","text":"Analysing","type":"YA","timestamp":"2023-11-09 12:57:19"},{"nodeID":"1301424","text":"Nicole: AudienceMember 20220310QT18: how many aren't applying that would apply if they knew that it was easier to get here","type":"L","timestamp":"2023-11-09 12:57:19"},{"nodeID":"1301425","text":"Rhetorical Questioning","type":"YA","timestamp":"2023-11-09 12:57:19"},{"nodeID":"1301426","text":"Default Transition","type":"TA","timestamp":"2023-11-09 12:57:19"},{"nodeID":"1301427","text":"Default Conflict","type":"CA","timestamp":"2023-11-09 12:57:19"},{"nodeID":"1301428","text":"Disagreeing","type":"YA","timestamp":"2023-11-09 12:57:19"},{"nodeID":"1301429","text":"a simple question really after the press release that came out today, and it's a simple yes or no","type":"I","timestamp":"2023-11-09 12:57:20"},{"nodeID":"1301430","text":"AudienceMember 20220310QT19: A simple question really after the press release that came out today, and it's a simple yes or no","type":"L","timestamp":"2023-11-09 12:57:20"},{"nodeID":"1301431","text":"Analysing","type":"YA","timestamp":"2023-11-09 12:57:20"},{"nodeID":"1301432","text":"Nicole: AudienceMember 20220310QT19: A simple question really after the press release that came out today, and it's a simple yes or no","type":"L","timestamp":"2023-11-09 12:57:20"},{"nodeID":"1301433","text":"Asserting","type":"YA","timestamp":"2023-11-09 12:57:20"},{"nodeID":"1301434","text":"Default Transition","type":"TA","timestamp":"2023-11-09 12:57:20"},{"nodeID":"1301435","text":"NATO has or hasn't been defeated","type":"I","timestamp":"2023-11-09 12:57:20"},{"nodeID":"1301436","text":"AudienceMember 20220310QT19: Has NATO been defeated","type":"L","timestamp":"2023-11-09 12:57:20"},{"nodeID":"1301437","text":"Analysing","type":"YA","timestamp":"2023-11-09 12:57:20"},{"nodeID":"1301438","text":"Nicole: AudienceMember 20220310QT19: Has NATO been defeated","type":"L","timestamp":"2023-11-09 12:57:20"},{"nodeID":"1301439","text":"Pure Questioning","type":"YA","timestamp":"2023-11-09 12:57:20"},{"nodeID":"1301440","text":"Default Transition","type":"TA","timestamp":"2023-11-09 12:57:20"},{"nodeID":"1301441","text":"Default Rephrase","type":"MA","timestamp":"2023-11-09 12:57:20"},{"nodeID":"1301442","text":"Restating","type":"YA","timestamp":"2023-11-09 12:57:20"},{"nodeID":"1301443","text":"NATO has xxx","type":"I","timestamp":"2023-11-09 12:57:21"},{"nodeID":"1301444","text":"Victoria Derbyshire: Has NATO, what, sorry","type":"L","timestamp":"2023-11-09 12:57:21"},{"nodeID":"1301445","text":"Analysing","type":"YA","timestamp":"2023-11-09 12:57:21"},{"nodeID":"1301446","text":"Nicole: Victoria Derbyshire: Has NATO, what, sorry","type":"L","timestamp":"2023-11-09 12:57:21"},{"nodeID":"1301447","text":"Pure Questioning","type":"YA","timestamp":"2023-11-09 12:57:21"},{"nodeID":"1301448","text":"Default Transition","type":"TA","timestamp":"2023-11-09 12:57:21"},{"nodeID":"1301449","text":"Default Rephrase","type":"MA","timestamp":"2023-11-09 12:57:21"},{"nodeID":"1301450","text":"Restating","type":"YA","timestamp":"2023-11-09 12:57:21"},{"nodeID":"1301451","text":"AudienceMember 20220310QT20: Has NATO been defeated","type":"L","timestamp":"2023-11-09 12:57:21"},{"nodeID":"1301452","text":"Analysing","type":"YA","timestamp":"2023-11-09 12:57:21"},{"nodeID":"1301453","text":"Nicole: AudienceMember 20220310QT20: Has NATO been defeated","type":"L","timestamp":"2023-11-09 12:57:21"},{"nodeID":"1301454","text":"Default Transition","type":"TA","timestamp":"2023-11-09 12:57:21"},{"nodeID":"1301455","text":"Pure Questioning","type":"YA","timestamp":"2023-11-09 12:57:21"},{"nodeID":"1301456","text":"there was the press release that came out today that said NATO has been defeated","type":"I","timestamp":"2023-11-09 12:57:22"},{"nodeID":"1301457","text":"AudienceMember 20220310QT20: There was the press release that came out today that said NATO has been defeated","type":"L","timestamp":"2023-11-09 12:57:22"},{"nodeID":"1301458","text":"Analysing","type":"YA","timestamp":"2023-11-09 12:57:22"},{"nodeID":"1301459","text":"Nicole: AudienceMember 20220310QT20: There was the press release that came out today that said NATO has been defeated","type":"L","timestamp":"2023-11-09 12:57:22"},{"nodeID":"1301460","text":"Asserting","type":"YA","timestamp":"2023-11-09 12:57:22"},{"nodeID":"1301461","text":"Default Transition","type":"TA","timestamp":"2023-11-09 12:57:22"},{"nodeID":"1301462","text":"Default Inference","type":"RA","timestamp":"2023-11-09 12:57:22"},{"nodeID":"1301463","text":"Arguing","type":"YA","timestamp":"2023-11-09 12:57:22"},{"nodeID":"1301464","text":"NATO has not done anything","type":"I","timestamp":"2023-11-09 12:57:22"},{"nodeID":"1301465","text":"AudienceMember 20220310QT20: It's not done anything","type":"L","timestamp":"2023-11-09 12:57:22"},{"nodeID":"1301466","text":"Analysing","type":"YA","timestamp":"2023-11-09 12:57:22"},{"nodeID":"1301467","text":"Nicole: AudienceMember 20220310QT20: It's not done anything","type":"L","timestamp":"2023-11-09 12:57:22"},{"nodeID":"1301468","text":"Asserting","type":"YA","timestamp":"2023-11-09 12:57:22"},{"nodeID":"1301469","text":"Default Transition","type":"TA","timestamp":"2023-11-09 12:57:22"},{"nodeID":"1301470","text":"NATO has not done enough","type":"I","timestamp":"2023-11-09 12:57:23"},{"nodeID":"1301471","text":"AudienceMember 20220310QT20: It's not done enough","type":"L","timestamp":"2023-11-09 12:57:23"},{"nodeID":"1301472","text":"Analysing","type":"YA","timestamp":"2023-11-09 12:57:23"},{"nodeID":"1301473","text":"Nicole: AudienceMember 20220310QT20: It's not done enough","type":"L","timestamp":"2023-11-09 12:57:23"},{"nodeID":"1301474","text":"Asserting","type":"YA","timestamp":"2023-11-09 12:57:23"},{"nodeID":"1301475","text":"Default Transition","type":"TA","timestamp":"2023-11-09 12:57:23"},{"nodeID":"1301476","text":"Default Rephrase","type":"MA","timestamp":"2023-11-09 12:57:23"},{"nodeID":"1301477","text":"Default Rephrase","type":"MA","timestamp":"2023-11-09 12:57:23"},{"nodeID":"1301478","text":"Restating","type":"YA","timestamp":"2023-11-09 12:57:23"},{"nodeID":"1301479","text":"Restating","type":"YA","timestamp":"2023-11-09 12:57:23"},{"nodeID":"1301480","text":"AudienceMember 20220331QT20 thinks NATO has or hasn't done enough","type":"I","timestamp":"2023-11-09 12:57:23"},{"nodeID":"1301481","text":"Victoria Derbyshire: Do you think it has","type":"L","timestamp":"2023-11-09 12:57:23"},{"nodeID":"1301482","text":"Analysing","type":"YA","timestamp":"2023-11-09 12:57:23"},{"nodeID":"1301483","text":"Nicole: Victoria Derbyshire: Do you think it has","type":"L","timestamp":"2023-11-09 12:57:23"},{"nodeID":"1301484","text":"Pure Questioning","type":"YA","timestamp":"2023-11-09 12:57:23"},{"nodeID":"1301485","text":"Default Transition","type":"TA","timestamp":"2023-11-09 12:57:23"},{"nodeID":"1301486","text":"no, NATO hasn't done enough","type":"I","timestamp":"2023-11-09 12:57:24"},{"nodeID":"1301487","text":"AudienceMember 20220310QT21: No","type":"L","timestamp":"2023-11-09 12:57:24"},{"nodeID":"1301488","text":"Analysing","type":"YA","timestamp":"2023-11-09 12:57:24"},{"nodeID":"1301489","text":"Nicole: AudienceMember 20220310QT21: No","type":"L","timestamp":"2023-11-09 12:57:24"},{"nodeID":"1301490","text":"Asserting","type":"YA","timestamp":"2023-11-09 12:57:24"},{"nodeID":"1301491","text":"Default Transition","type":"TA","timestamp":"2023-11-09 12:57:24"},{"nodeID":"1301492","text":"Default Rephrase","type":"MA","timestamp":"2023-11-09 12:57:24"},{"nodeID":"1301493","text":"Default Illocuting","type":"YA","timestamp":"2023-11-09 12:57:24"},{"nodeID":"1301494","text":"Default Rephrase","type":"MA","timestamp":"2023-11-09 12:57:24"},{"nodeID":"1301495","text":"Restating","type":"YA","timestamp":"2023-11-09 12:57:24"},{"nodeID":"1301496","text":"Default Inference","type":"RA","timestamp":"2023-11-09 12:57:24"},{"nodeID":"1301497","text":"Arguing","type":"YA","timestamp":"2023-11-09 12:57:24"}],"edges":[{"edgeID":"1709966","fromID":"1301359","toID":"1301358","formEdgeID":null},{"edgeID":"1709967","fromID":"1301360","toID":"1301359","formEdgeID":null},{"edgeID":"1709968","fromID":"1301358","toID":"1301361","formEdgeID":null},{"edgeID":"1709969","fromID":"1301361","toID":"1301357","formEdgeID":null},{"edgeID":"1709970","fromID":"1301364","toID":"1301363","formEdgeID":null},{"edgeID":"1709971","fromID":"1301365","toID":"1301364","formEdgeID":null},{"edgeID":"1709972","fromID":"1301363","toID":"1301366","formEdgeID":null},{"edgeID":"1709973","fromID":"1301366","toID":"1301362","formEdgeID":null},{"edgeID":"1709974","fromID":"1301358","toID":"1301367","formEdgeID":null},{"edgeID":"1709975","fromID":"1301367","toID":"1301363","formEdgeID":null},{"edgeID":"1709976","fromID":"1301370","toID":"1301369","formEdgeID":null},{"edgeID":"1709977","fromID":"1301371","toID":"1301370","formEdgeID":null},{"edgeID":"1709978","fromID":"1301369","toID":"1301372","formEdgeID":null},{"edgeID":"1709979","fromID":"1301372","toID":"1301368","formEdgeID":null},{"edgeID":"1709980","fromID":"1301363","toID":"1301373","formEdgeID":null},{"edgeID":"1709981","fromID":"1301373","toID":"1301369","formEdgeID":null},{"edgeID":"1709982","fromID":"1301376","toID":"1301375","formEdgeID":null},{"edgeID":"1709983","fromID":"1301377","toID":"1301376","formEdgeID":null},{"edgeID":"1709984","fromID":"1301375","toID":"1301378","formEdgeID":null},{"edgeID":"1709985","fromID":"1301378","toID":"1301374","formEdgeID":null},{"edgeID":"1709986","fromID":"1301369","toID":"1301379","formEdgeID":null},{"edgeID":"1709987","fromID":"1301379","toID":"1301375","formEdgeID":null},{"edgeID":"1709988","fromID":"1301368","toID":"1301380","formEdgeID":null},{"edgeID":"1709989","fromID":"1301380","toID":"1301374","formEdgeID":null},{"edgeID":"1709990","fromID":"1301379","toID":"1301381","formEdgeID":null},{"edgeID":"1709991","fromID":"1301381","toID":"1301380","formEdgeID":null},{"edgeID":"1709992","fromID":"1301384","toID":"1301383","formEdgeID":null},{"edgeID":"1709993","fromID":"1301385","toID":"1301384","formEdgeID":null},{"edgeID":"1709994","fromID":"1301383","toID":"1301386","formEdgeID":null},{"edgeID":"1709995","fromID":"1301386","toID":"1301382","formEdgeID":null},{"edgeID":"1709996","fromID":"1301375","toID":"1301387","formEdgeID":null},{"edgeID":"1709997","fromID":"1301387","toID":"1301383","formEdgeID":null},{"edgeID":"1709998","fromID":"1301390","toID":"1301389","formEdgeID":null},{"edgeID":"1709999","fromID":"1301391","toID":"1301390","formEdgeID":null},{"edgeID":"1710000","fromID":"1301389","toID":"1301392","formEdgeID":null},{"edgeID":"1710001","fromID":"1301392","toID":"1301388","formEdgeID":null},{"edgeID":"1710002","fromID":"1301383","toID":"1301393","formEdgeID":null},{"edgeID":"1710003","fromID":"1301393","toID":"1301389","formEdgeID":null},{"edgeID":"1710004","fromID":"1301396","toID":"1301395","formEdgeID":null},{"edgeID":"1710005","fromID":"1301397","toID":"1301396","formEdgeID":null},{"edgeID":"1710006","fromID":"1301395","toID":"1301398","formEdgeID":null},{"edgeID":"1710007","fromID":"1301398","toID":"1301394","formEdgeID":null},{"edgeID":"1710008","fromID":"1301389","toID":"1301399","formEdgeID":null},{"edgeID":"1710009","fromID":"1301399","toID":"1301395","formEdgeID":null},{"edgeID":"1710010","fromID":"1301394","toID":"1301400","formEdgeID":null},{"edgeID":"1710011","fromID":"1301400","toID":"1301388","formEdgeID":null},{"edgeID":"1710012","fromID":"1301399","toID":"1301401","formEdgeID":null},{"edgeID":"1710013","fromID":"1301401","toID":"1301400","formEdgeID":null},{"edgeID":"1710014","fromID":"1301404","toID":"1301403","formEdgeID":null},{"edgeID":"1710015","fromID":"1301405","toID":"1301404","formEdgeID":null},{"edgeID":"1710016","fromID":"1301403","toID":"1301406","formEdgeID":null},{"edgeID":"1710017","fromID":"1301406","toID":"1301402","formEdgeID":null},{"edgeID":"1710018","fromID":"1301395","toID":"1301407","formEdgeID":null},{"edgeID":"1710019","fromID":"1301407","toID":"1301403","formEdgeID":null},{"edgeID":"1710020","fromID":"1301394","toID":"1301408","formEdgeID":null},{"edgeID":"1710021","fromID":"1301408","toID":"1301402","formEdgeID":null},{"edgeID":"1710022","fromID":"1301407","toID":"1301409","formEdgeID":null},{"edgeID":"1710023","fromID":"1301409","toID":"1301408","formEdgeID":null},{"edgeID":"1710024","fromID":"1301383","toID":"1301410","formEdgeID":null},{"edgeID":"1710025","fromID":"1301410","toID":"1301403","formEdgeID":null},{"edgeID":"1710026","fromID":"1301402","toID":"1301411","formEdgeID":null},{"edgeID":"1710027","fromID":"1301411","toID":"1301382","formEdgeID":null},{"edgeID":"1710028","fromID":"1301410","toID":"1301412","formEdgeID":null},{"edgeID":"1710029","fromID":"1301412","toID":"1301411","formEdgeID":null},{"edgeID":"1710030","fromID":"1301415","toID":"1301414","formEdgeID":null},{"edgeID":"1710031","fromID":"1301416","toID":"1301415","formEdgeID":null},{"edgeID":"1710032","fromID":"1301414","toID":"1301417","formEdgeID":null},{"edgeID":"1710033","fromID":"1301417","toID":"1301413","formEdgeID":null},{"edgeID":"1710034","fromID":"1301383","toID":"1301418","formEdgeID":null},{"edgeID":"1710035","fromID":"1301418","toID":"1301414","formEdgeID":null},{"edgeID":"1710036","fromID":"1301413","toID":"1301419","formEdgeID":null},{"edgeID":"1710037","fromID":"1301419","toID":"1301382","formEdgeID":null},{"edgeID":"1710038","fromID":"1301418","toID":"1301420","formEdgeID":null},{"edgeID":"1710039","fromID":"1301420","toID":"1301419","formEdgeID":null},{"edgeID":"1710040","fromID":"1301423","toID":"1301422","formEdgeID":null},{"edgeID":"1710041","fromID":"1301424","toID":"1301423","formEdgeID":null},{"edgeID":"1710042","fromID":"1301422","toID":"1301425","formEdgeID":null},{"edgeID":"1710043","fromID":"1301425","toID":"1301421","formEdgeID":null},{"edgeID":"1710044","fromID":"1301414","toID":"1301426","formEdgeID":null},{"edgeID":"1710045","fromID":"1301426","toID":"1301422","formEdgeID":null},{"edgeID":"1710046","fromID":"1301421","toID":"1301427","formEdgeID":null},{"edgeID":"1710047","fromID":"1301427","toID":"1301413","formEdgeID":null},{"edgeID":"1710048","fromID":"1301426","toID":"1301428","formEdgeID":null},{"edgeID":"1710049","fromID":"1301428","toID":"1301427","formEdgeID":null},{"edgeID":"1710050","fromID":"1301431","toID":"1301430","formEdgeID":null},{"edgeID":"1710051","fromID":"1301432","toID":"1301431","formEdgeID":null},{"edgeID":"1710052","fromID":"1301430","toID":"1301433","formEdgeID":null},{"edgeID":"1710053","fromID":"1301433","toID":"1301429","formEdgeID":null},{"edgeID":"1710054","fromID":"1301422","toID":"1301434","formEdgeID":null},{"edgeID":"1710055","fromID":"1301434","toID":"1301430","formEdgeID":null},{"edgeID":"1710056","fromID":"1301437","toID":"1301436","formEdgeID":null},{"edgeID":"1710057","fromID":"1301438","toID":"1301437","formEdgeID":null},{"edgeID":"1710058","fromID":"1301436","toID":"1301439","formEdgeID":null},{"edgeID":"1710059","fromID":"1301439","toID":"1301435","formEdgeID":null},{"edgeID":"1710060","fromID":"1301430","toID":"1301440","formEdgeID":null},{"edgeID":"1710061","fromID":"1301440","toID":"1301436","formEdgeID":null},{"edgeID":"1710062","fromID":"1301435","toID":"1301441","formEdgeID":null},{"edgeID":"1710063","fromID":"1301441","toID":"1301429","formEdgeID":null},{"edgeID":"1710064","fromID":"1301440","toID":"1301442","formEdgeID":null},{"edgeID":"1710065","fromID":"1301442","toID":"1301441","formEdgeID":null},{"edgeID":"1710066","fromID":"1301445","toID":"1301444","formEdgeID":null},{"edgeID":"1710067","fromID":"1301446","toID":"1301445","formEdgeID":null},{"edgeID":"1710068","fromID":"1301444","toID":"1301447","formEdgeID":null},{"edgeID":"1710069","fromID":"1301447","toID":"1301443","formEdgeID":null},{"edgeID":"1710070","fromID":"1301436","toID":"1301448","formEdgeID":null},{"edgeID":"1710071","fromID":"1301448","toID":"1301444","formEdgeID":null},{"edgeID":"1710072","fromID":"1301443","toID":"1301449","formEdgeID":null},{"edgeID":"1710073","fromID":"1301449","toID":"1301435","formEdgeID":null},{"edgeID":"1710074","fromID":"1301448","toID":"1301450","formEdgeID":null},{"edgeID":"1710075","fromID":"1301450","toID":"1301449","formEdgeID":null},{"edgeID":"1710076","fromID":"1301452","toID":"1301451","formEdgeID":null},{"edgeID":"1710077","fromID":"1301453","toID":"1301452","formEdgeID":null},{"edgeID":"1710078","fromID":"1301444","toID":"1301454","formEdgeID":null},{"edgeID":"1710079","fromID":"1301454","toID":"1301451","formEdgeID":null},{"edgeID":"1710080","fromID":"1301451","toID":"1301455","formEdgeID":null},{"edgeID":"1710081","fromID":"1301455","toID":"1301435","formEdgeID":null},{"edgeID":"1710082","fromID":"1301458","toID":"1301457","formEdgeID":null},{"edgeID":"1710083","fromID":"1301459","toID":"1301458","formEdgeID":null},{"edgeID":"1710084","fromID":"1301457","toID":"1301460","formEdgeID":null},{"edgeID":"1710085","fromID":"1301460","toID":"1301456","formEdgeID":null},{"edgeID":"1710086","fromID":"1301451","toID":"1301461","formEdgeID":null},{"edgeID":"1710087","fromID":"1301461","toID":"1301457","formEdgeID":null},{"edgeID":"1710088","fromID":"1301456","toID":"1301462","formEdgeID":null},{"edgeID":"1710089","fromID":"1301462","toID":"1301435","formEdgeID":null},{"edgeID":"1710090","fromID":"1301461","toID":"1301463","formEdgeID":null},{"edgeID":"1710091","fromID":"1301463","toID":"1301462","formEdgeID":null},{"edgeID":"1710092","fromID":"1301466","toID":"1301465","formEdgeID":null},{"edgeID":"1710093","fromID":"1301467","toID":"1301466","formEdgeID":null},{"edgeID":"1710094","fromID":"1301465","toID":"1301468","formEdgeID":null},{"edgeID":"1710095","fromID":"1301468","toID":"1301464","formEdgeID":null},{"edgeID":"1710096","fromID":"1301457","toID":"1301469","formEdgeID":null},{"edgeID":"1710097","fromID":"1301469","toID":"1301465","formEdgeID":null},{"edgeID":"1710098","fromID":"1301472","toID":"1301471","formEdgeID":null},{"edgeID":"1710099","fromID":"1301473","toID":"1301472","formEdgeID":null},{"edgeID":"1710100","fromID":"1301471","toID":"1301474","formEdgeID":null},{"edgeID":"1710101","fromID":"1301474","toID":"1301470","formEdgeID":null},{"edgeID":"1710102","fromID":"1301465","toID":"1301475","formEdgeID":null},{"edgeID":"1710103","fromID":"1301475","toID":"1301471","formEdgeID":null},{"edgeID":"1710104","fromID":"1301464","toID":"1301476","formEdgeID":null},{"edgeID":"1710105","fromID":"1301476","toID":"1301456","formEdgeID":null},{"edgeID":"1710106","fromID":"1301470","toID":"1301477","formEdgeID":null},{"edgeID":"1710107","fromID":"1301477","toID":"1301464","formEdgeID":null},{"edgeID":"1710108","fromID":"1301469","toID":"1301478","formEdgeID":null},{"edgeID":"1710109","fromID":"1301478","toID":"1301476","formEdgeID":null},{"edgeID":"1710110","fromID":"1301475","toID":"1301479","formEdgeID":null},{"edgeID":"1710111","fromID":"1301479","toID":"1301477","formEdgeID":null},{"edgeID":"1710112","fromID":"1301482","toID":"1301481","formEdgeID":null},{"edgeID":"1710113","fromID":"1301483","toID":"1301482","formEdgeID":null},{"edgeID":"1710114","fromID":"1301481","toID":"1301484","formEdgeID":null},{"edgeID":"1710115","fromID":"1301484","toID":"1301480","formEdgeID":null},{"edgeID":"1710116","fromID":"1301471","toID":"1301485","formEdgeID":null},{"edgeID":"1710117","fromID":"1301485","toID":"1301481","formEdgeID":null},{"edgeID":"1710118","fromID":"1301488","toID":"1301487","formEdgeID":null},{"edgeID":"1710119","fromID":"1301489","toID":"1301488","formEdgeID":null},{"edgeID":"1710120","fromID":"1301487","toID":"1301490","formEdgeID":null},{"edgeID":"1710121","fromID":"1301490","toID":"1301486","formEdgeID":null},{"edgeID":"1710122","fromID":"1301481","toID":"1301491","formEdgeID":null},{"edgeID":"1710123","fromID":"1301491","toID":"1301487","formEdgeID":null},{"edgeID":"1710124","fromID":"1301486","toID":"1301492","formEdgeID":null},{"edgeID":"1710125","fromID":"1301492","toID":"1301480","formEdgeID":null},{"edgeID":"1710126","fromID":"1301491","toID":"1301493","formEdgeID":null},{"edgeID":"1710127","fromID":"1301493","toID":"1301492","formEdgeID":null},{"edgeID":"1710128","fromID":"1301480","toID":"1301494","formEdgeID":null},{"edgeID":"1710129","fromID":"1301494","toID":"1301470","formEdgeID":null},{"edgeID":"1710130","fromID":"1301485","toID":"1301495","formEdgeID":null},{"edgeID":"1710131","fromID":"1301495","toID":"1301494","formEdgeID":null},{"edgeID":"1710132","fromID":"1301374","toID":"1301496","formEdgeID":null},{"edgeID":"1710133","fromID":"1301496","toID":"1301382","formEdgeID":null},{"edgeID":"1710134","fromID":"1301387","toID":"1301497","formEdgeID":null},{"edgeID":"1710135","fromID":"1301497","toID":"1301496","formEdgeID":null}],"locutions":[]}