{"nodes":[{"nodeID":"1299734","text":"the one thing that this Government needs to do is focus on people who are hit the hardest","type":"I","timestamp":"2023-11-09 12:55:02"},{"nodeID":"1299735","text":"Zanny Minton Beddoes: the one thing that this Government needs to do is focus on people who are the hardest hit","type":"L","timestamp":"2023-11-09 12:55:02"},{"nodeID":"1299736","text":"Analysing","type":"YA","timestamp":"2023-11-09 12:55:02"},{"nodeID":"1299737","text":"Pawe\u0142: Zanny Minton Beddoes: the one thing that this Government needs to do is focus on people who are the hardest hit","type":"L","timestamp":"2023-11-09 12:55:02"},{"nodeID":"1299738","text":"Asserting","type":"YA","timestamp":"2023-11-09 12:55:02"},{"nodeID":"1299739","text":"the one thing that this Government needs to do is focus on people who are choosing between eating and heating","type":"I","timestamp":"2023-11-09 12:55:02"},{"nodeID":"1299740","text":"Zanny Minton Beddoes:  The people who are choosing between eating and heating","type":"L","timestamp":"2023-11-09 12:55:02"},{"nodeID":"1299741","text":"Analysing","type":"YA","timestamp":"2023-11-09 12:55:02"},{"nodeID":"1299742","text":"Pawe\u0142: Zanny Minton Beddoes:  The people who are choosing between eating and heating","type":"L","timestamp":"2023-11-09 12:55:02"},{"nodeID":"1299743","text":"Asserting","type":"YA","timestamp":"2023-11-09 12:55:02"},{"nodeID":"1299744","text":"there was not nearly enough of the Government focusing on people who are hit the hardest","type":"I","timestamp":"2023-11-09 12:55:03"},{"nodeID":"1299745","text":"Zanny Minton Beddoes: there was not nearly enough of that","type":"L","timestamp":"2023-11-09 12:55:03"},{"nodeID":"1299746","text":"Analysing","type":"YA","timestamp":"2023-11-09 12:55:03"},{"nodeID":"1299747","text":"Pawe\u0142: Zanny Minton Beddoes: there was not nearly enough of that","type":"L","timestamp":"2023-11-09 12:55:03"},{"nodeID":"1299748","text":"Asserting","type":"YA","timestamp":"2023-11-09 12:55:03"},{"nodeID":"1299749","text":"focusing on people who are hit the hardest is expanding universal credit","type":"I","timestamp":"2023-11-09 12:55:03"},{"nodeID":"1299750","text":"Zanny Minton Beddoes: It's expanding universal credit","type":"L","timestamp":"2023-11-09 12:55:03"},{"nodeID":"1299751","text":"Analysing","type":"YA","timestamp":"2023-11-09 12:55:03"},{"nodeID":"1299752","text":"Pawe\u0142: Zanny Minton Beddoes: It's expanding universal credit","type":"L","timestamp":"2023-11-09 12:55:03"},{"nodeID":"1299753","text":"Asserting","type":"YA","timestamp":"2023-11-09 12:55:03"},{"nodeID":"1299754","text":"focusing on people who are hit the hardest is really helping people who are in the toughest spots","type":"I","timestamp":"2023-11-09 12:55:04"},{"nodeID":"1299755","text":"Zanny Minton Beddoes:  It's really helping people who are in the toughest spots","type":"L","timestamp":"2023-11-09 12:55:04"},{"nodeID":"1299756","text":"Analysing","type":"YA","timestamp":"2023-11-09 12:55:04"},{"nodeID":"1299757","text":"Pawe\u0142: Zanny Minton Beddoes:  It's really helping people who are in the toughest spots","type":"L","timestamp":"2023-11-09 12:55:04"},{"nodeID":"1299758","text":"Asserting","type":"YA","timestamp":"2023-11-09 12:55:04"},{"nodeID":"1299759","text":"Zanny Minton Beddoes thinks there's one really important thing to remember","type":"I","timestamp":"2023-11-09 12:55:05"},{"nodeID":"1299760","text":"Zanny Minton Beddoes: I think there's one really important thing to remember","type":"L","timestamp":"2023-11-09 12:55:05"},{"nodeID":"1299761","text":"Analysing","type":"YA","timestamp":"2023-11-09 12:55:05"},{"nodeID":"1299762","text":"Pawe\u0142: Zanny Minton Beddoes: I think there's one really important thing to remember","type":"L","timestamp":"2023-11-09 12:55:05"},{"nodeID":"1299763","text":"Asserting","type":"YA","timestamp":"2023-11-09 12:55:05"},{"nodeID":"1299764","text":"we need to move as fast as possible to a renewables led future","type":"I","timestamp":"2023-11-09 12:55:05"},{"nodeID":"1299765","text":"Zanny Minton Beddoes: we need to move as fast as possible to a renewables led future","type":"L","timestamp":"2023-11-09 12:55:05"},{"nodeID":"1299766","text":"Analysing","type":"YA","timestamp":"2023-11-09 12:55:05"},{"nodeID":"1299767","text":"Pawe\u0142: Zanny Minton Beddoes: we need to move as fast as possible to a renewables led future","type":"L","timestamp":"2023-11-09 12:55:05"},{"nodeID":"1299768","text":"Asserting","type":"YA","timestamp":"2023-11-09 12:55:05"},{"nodeID":"1299769","text":"in the best possible outcome we are going to need fossil fuels for the transition to a renewables led future","type":"I","timestamp":"2023-11-09 12:55:06"},{"nodeID":"1299770","text":"Zanny Minton Beddoes: in the best possible outcome we are going to need fossil fuels for that transition","type":"L","timestamp":"2023-11-09 12:55:06"},{"nodeID":"1299771","text":"Analysing","type":"YA","timestamp":"2023-11-09 12:55:06"},{"nodeID":"1299772","text":"Pawe\u0142: Zanny Minton Beddoes: in the best possible outcome we are going to need fossil fuels for that transition","type":"L","timestamp":"2023-11-09 12:55:06"},{"nodeID":"1299773","text":"Asserting","type":"YA","timestamp":"2023-11-09 12:55:06"},{"nodeID":"1299774","text":"Zanny Minton Beddoes is sure AudienceMember 20220331QT03 knows that in the best possible outcome we are going to need fossil fuels for the transition to a renewables led future","type":"I","timestamp":"2023-11-09 12:55:06"},{"nodeID":"1299775","text":"Zanny Minton Beddoes: I'm sure you know that too","type":"L","timestamp":"2023-11-09 12:55:06"},{"nodeID":"1299776","text":"Analysing","type":"YA","timestamp":"2023-11-09 12:55:06"},{"nodeID":"1299777","text":"Pawe\u0142: Zanny Minton Beddoes: I'm sure you know that too","type":"L","timestamp":"2023-11-09 12:55:06"},{"nodeID":"1299778","text":"Asserting","type":"YA","timestamp":"2023-11-09 12:55:06"},{"nodeID":"1299779","text":"we're going to need particularly natural gas for the transition to a renewables led future","type":"I","timestamp":"2023-11-09 12:55:07"},{"nodeID":"1299780","text":"Zanny Minton Beddoes: We're going to need particularly natural gas","type":"L","timestamp":"2023-11-09 12:55:07"},{"nodeID":"1299781","text":"Analysing","type":"YA","timestamp":"2023-11-09 12:55:07"},{"nodeID":"1299782","text":"Pawe\u0142: Zanny Minton Beddoes: We're going to need particularly natural gas","type":"L","timestamp":"2023-11-09 12:55:07"},{"nodeID":"1299783","text":"Asserting","type":"YA","timestamp":"2023-11-09 12:55:07"},{"nodeID":"1299784","text":"natural gas is a fuel","type":"I","timestamp":"2023-11-09 12:55:08"},{"nodeID":"1299785","text":"Zanny Minton Beddoes: which is a fuel","type":"L","timestamp":"2023-11-09 12:55:08"},{"nodeID":"1299786","text":"Analysing","type":"YA","timestamp":"2023-11-09 12:55:08"},{"nodeID":"1299787","text":"Pawe\u0142: Zanny Minton Beddoes: which is a fuel","type":"L","timestamp":"2023-11-09 12:55:08"},{"nodeID":"1299788","text":"Asserting","type":"YA","timestamp":"2023-11-09 12:55:08"},{"nodeID":"1299789","text":"natural gas is an important transition fuel","type":"I","timestamp":"2023-11-09 12:55:08"},{"nodeID":"1299790","text":"Zanny Minton Beddoes: which is an important transition fuel","type":"L","timestamp":"2023-11-09 12:55:08"},{"nodeID":"1299791","text":"Analysing","type":"YA","timestamp":"2023-11-09 12:55:08"},{"nodeID":"1299792","text":"Pawe\u0142: Zanny Minton Beddoes: which is an important transition fuel","type":"L","timestamp":"2023-11-09 12:55:08"},{"nodeID":"1299793","text":"Asserting","type":"YA","timestamp":"2023-11-09 12:55:08"},{"nodeID":"1299794","text":"we need to invest in natural gas too","type":"I","timestamp":"2023-11-09 12:55:09"},{"nodeID":"1299795","text":"Zanny Minton Beddoes: So we need to invest in some of that too","type":"L","timestamp":"2023-11-09 12:55:09"},{"nodeID":"1299796","text":"Analysing","type":"YA","timestamp":"2023-11-09 12:55:09"},{"nodeID":"1299797","text":"Pawe\u0142: Zanny Minton Beddoes: So we need to invest in some of that too","type":"L","timestamp":"2023-11-09 12:55:09"},{"nodeID":"1299798","text":"Asserting","type":"YA","timestamp":"2023-11-09 12:55:09"},{"nodeID":"1299799","text":"one of the mistakes that we all make is thinking the right thing to do is to do cut investment really, really dramatically in fossil fuels and move everything into renewables","type":"I","timestamp":"2023-11-09 12:55:09"},{"nodeID":"1299800","text":"Zanny Minton Beddoes: one of the mistakes that we all make is thinking the right thing to do is to do cut investment really, really dramatically in fossil fuels and move everything into renewables","type":"L","timestamp":"2023-11-09 12:55:09"},{"nodeID":"1299801","text":"Analysing","type":"YA","timestamp":"2023-11-09 12:55:09"},{"nodeID":"1299802","text":"Pawe\u0142: Zanny Minton Beddoes: one of the mistakes that we all make is thinking the right thing to do is to do cut investment really, really dramatically in fossil fuels and move everything into renewables","type":"L","timestamp":"2023-11-09 12:55:09"},{"nodeID":"1299803","text":"Asserting","type":"YA","timestamp":"2023-11-09 12:55:09"},{"nodeID":"1299804","text":"we need to build up the renewables infrastructure as fast as we can","type":"I","timestamp":"2023-11-09 12:55:10"},{"nodeID":"1299805","text":"Zanny Minton Beddoes: We need to build up the renewables infrastructure as fast as we can","type":"L","timestamp":"2023-11-09 12:55:10"},{"nodeID":"1299806","text":"Analysing","type":"YA","timestamp":"2023-11-09 12:55:10"},{"nodeID":"1299807","text":"Pawe\u0142: Zanny Minton Beddoes: We need to build up the renewables infrastructure as fast as we can","type":"L","timestamp":"2023-11-09 12:55:10"},{"nodeID":"1299808","text":"Asserting","type":"YA","timestamp":"2023-11-09 12:55:10"},{"nodeID":"1299809","text":"we're not doing enough to build up the renewables infrastructure as fast as we can","type":"I","timestamp":"2023-11-09 12:55:10"},{"nodeID":"1299810","text":"Zanny Minton Beddoes: we're not doing enough to do that","type":"L","timestamp":"2023-11-09 12:55:10"},{"nodeID":"1299811","text":"Analysing","type":"YA","timestamp":"2023-11-09 12:55:10"},{"nodeID":"1299812","text":"Pawe\u0142: Zanny Minton Beddoes: we're not doing enough to do that","type":"L","timestamp":"2023-11-09 12:55:10"},{"nodeID":"1299813","text":"Asserting","type":"YA","timestamp":"2023-11-09 12:55:10"},{"nodeID":"1299814","text":"to have a sustainable transition we're going to need to do more investment in fossil fuels as well","type":"I","timestamp":"2023-11-09 12:55:11"},{"nodeID":"1299815","text":"Zanny Minton Beddoes:  to have a sustainable transition we're going to need to do more investment in fossil fuels as well","type":"L","timestamp":"2023-11-09 12:55:11"},{"nodeID":"1299816","text":"Analysing","type":"YA","timestamp":"2023-11-09 12:55:11"},{"nodeID":"1299817","text":"Pawe\u0142: Zanny Minton Beddoes:  to have a sustainable transition we're going to need to do more investment in fossil fuels as well","type":"L","timestamp":"2023-11-09 12:55:11"},{"nodeID":"1299818","text":"Asserting","type":"YA","timestamp":"2023-11-09 12:55:11"},{"nodeID":"1299819","text":"to have a sustainable transition we're going to need to do more investment in natural gas particularly","type":"I","timestamp":"2023-11-09 12:55:12"},{"nodeID":"1299820","text":"Zanny Minton Beddoes: particularly natural gas","type":"L","timestamp":"2023-11-09 12:55:12"},{"nodeID":"1299821","text":"Analysing","type":"YA","timestamp":"2023-11-09 12:55:12"},{"nodeID":"1299822","text":"Pawe\u0142: Zanny Minton Beddoes: particularly natural gas","type":"L","timestamp":"2023-11-09 12:55:12"},{"nodeID":"1299823","text":"Asserting","type":"YA","timestamp":"2023-11-09 12:55:12"},{"nodeID":"1299824","text":"windfall tax is not a good idea","type":"I","timestamp":"2023-11-09 12:55:12"},{"nodeID":"1299825","text":"Zanny Minton Beddoes: I don't actually think a windfall tax is a good idea","type":"L","timestamp":"2023-11-09 12:55:12"},{"nodeID":"1299826","text":"Analysing","type":"YA","timestamp":"2023-11-09 12:55:12"},{"nodeID":"1299827","text":"Pawe\u0142: Zanny Minton Beddoes: I don't actually think a windfall tax is a good idea","type":"L","timestamp":"2023-11-09 12:55:12"},{"nodeID":"1299828","text":"Asserting","type":"YA","timestamp":"2023-11-09 12:55:12"},{"nodeID":"1299829","text":"Default Rephrase","type":"MA","timestamp":"2023-11-09 12:55:12"},{"nodeID":"1299830","text":"Default Transition","type":"TA","timestamp":"2023-11-09 12:55:12"},{"nodeID":"1299831","text":"Restating","type":"YA","timestamp":"2023-11-09 12:55:12"},{"nodeID":"1299832","text":"Default Transition","type":"TA","timestamp":"2023-11-09 12:55:12"},{"nodeID":"1299833","text":"Default Transition","type":"TA","timestamp":"2023-11-09 12:55:12"},{"nodeID":"1299834","text":"Default Transition","type":"TA","timestamp":"2023-11-09 12:55:12"},{"nodeID":"1299835","text":"Default Transition","type":"TA","timestamp":"2023-11-09 12:55:12"},{"nodeID":"1299836","text":"Default Transition","type":"TA","timestamp":"2023-11-09 12:55:12"},{"nodeID":"1299837","text":"Default Transition","type":"TA","timestamp":"2023-11-09 12:55:12"},{"nodeID":"1299838","text":"Default Transition","type":"TA","timestamp":"2023-11-09 12:55:12"},{"nodeID":"1299839","text":"Default Transition","type":"TA","timestamp":"2023-11-09 12:55:12"},{"nodeID":"1299840","text":"Default Transition","type":"TA","timestamp":"2023-11-09 12:55:12"},{"nodeID":"1299841","text":"Default Rephrase","type":"MA","timestamp":"2023-11-09 12:55:12"},{"nodeID":"1299842","text":"Default Transition","type":"TA","timestamp":"2023-11-09 12:55:12"},{"nodeID":"1299843","text":"Restating","type":"YA","timestamp":"2023-11-09 12:55:12"},{"nodeID":"1299844","text":"Default Transition","type":"TA","timestamp":"2023-11-09 12:55:12"},{"nodeID":"1299845","text":"Default Inference","type":"RA","timestamp":"2023-11-09 12:55:12"},{"nodeID":"1299846","text":"Default Transition","type":"TA","timestamp":"2023-11-09 12:55:12"},{"nodeID":"1299847","text":"Arguing","type":"YA","timestamp":"2023-11-09 12:55:12"},{"nodeID":"1299848","text":"Default Inference","type":"RA","timestamp":"2023-11-09 12:55:12"},{"nodeID":"1299849","text":"Default Transition","type":"TA","timestamp":"2023-11-09 12:55:12"},{"nodeID":"1299850","text":"Arguing","type":"YA","timestamp":"2023-11-09 12:55:12"},{"nodeID":"1299851","text":"Default Transition","type":"TA","timestamp":"2023-11-09 12:55:12"},{"nodeID":"1299852","text":"Default Transition","type":"TA","timestamp":"2023-11-09 12:55:12"},{"nodeID":"1299853","text":"Default Transition","type":"TA","timestamp":"2023-11-09 12:55:12"},{"nodeID":"1299854","text":"Default Transition","type":"TA","timestamp":"2023-11-09 12:55:12"},{"nodeID":"1299855","text":"Default Transition","type":"TA","timestamp":"2023-11-09 12:55:12"},{"nodeID":"1299856","text":"Default Transition","type":"TA","timestamp":"2023-11-09 12:55:12"},{"nodeID":"1299857","text":"Default Rephrase","type":"MA","timestamp":"2023-11-09 12:55:12"},{"nodeID":"1299858","text":"Restating","type":"YA","timestamp":"2023-11-09 12:55:12"},{"nodeID":"1299859","text":"Default Inference","type":"RA","timestamp":"2023-11-09 12:55:12"},{"nodeID":"1299860","text":"Default Transition","type":"TA","timestamp":"2023-11-09 12:55:12"},{"nodeID":"1299861","text":"Arguing","type":"YA","timestamp":"2023-11-09 12:55:12"},{"nodeID":"1299862","text":"Default Inference","type":"RA","timestamp":"2023-11-09 12:55:12"},{"nodeID":"1299863","text":"Arguing","type":"YA","timestamp":"2023-11-09 12:55:12"},{"nodeID":"1299864","text":"Default Inference","type":"RA","timestamp":"2023-11-09 12:55:12"},{"nodeID":"1299865","text":"Arguing","type":"YA","timestamp":"2023-11-09 12:55:12"},{"nodeID":"1299866","text":"Default Rephrase","type":"MA","timestamp":"2023-11-09 12:55:12"},{"nodeID":"1299867","text":"Restating","type":"YA","timestamp":"2023-11-09 12:55:12"}],"edges":[{"edgeID":"1708048","fromID":"1299736","toID":"1299735","formEdgeID":null},{"edgeID":"1708049","fromID":"1299737","toID":"1299736","formEdgeID":null},{"edgeID":"1708050","fromID":"1299735","toID":"1299738","formEdgeID":null},{"edgeID":"1708051","fromID":"1299738","toID":"1299734","formEdgeID":null},{"edgeID":"1708052","fromID":"1299741","toID":"1299740","formEdgeID":null},{"edgeID":"1708053","fromID":"1299742","toID":"1299741","formEdgeID":null},{"edgeID":"1708054","fromID":"1299740","toID":"1299743","formEdgeID":null},{"edgeID":"1708055","fromID":"1299743","toID":"1299739","formEdgeID":null},{"edgeID":"1708056","fromID":"1299746","toID":"1299745","formEdgeID":null},{"edgeID":"1708057","fromID":"1299747","toID":"1299746","formEdgeID":null},{"edgeID":"1708058","fromID":"1299745","toID":"1299748","formEdgeID":null},{"edgeID":"1708059","fromID":"1299748","toID":"1299744","formEdgeID":null},{"edgeID":"1708060","fromID":"1299751","toID":"1299750","formEdgeID":null},{"edgeID":"1708061","fromID":"1299752","toID":"1299751","formEdgeID":null},{"edgeID":"1708062","fromID":"1299750","toID":"1299753","formEdgeID":null},{"edgeID":"1708063","fromID":"1299753","toID":"1299749","formEdgeID":null},{"edgeID":"1708064","fromID":"1299756","toID":"1299755","formEdgeID":null},{"edgeID":"1708065","fromID":"1299757","toID":"1299756","formEdgeID":null},{"edgeID":"1708066","fromID":"1299755","toID":"1299758","formEdgeID":null},{"edgeID":"1708067","fromID":"1299758","toID":"1299754","formEdgeID":null},{"edgeID":"1708068","fromID":"1299761","toID":"1299760","formEdgeID":null},{"edgeID":"1708069","fromID":"1299762","toID":"1299761","formEdgeID":null},{"edgeID":"1708070","fromID":"1299760","toID":"1299763","formEdgeID":null},{"edgeID":"1708071","fromID":"1299763","toID":"1299759","formEdgeID":null},{"edgeID":"1708072","fromID":"1299766","toID":"1299765","formEdgeID":null},{"edgeID":"1708073","fromID":"1299767","toID":"1299766","formEdgeID":null},{"edgeID":"1708074","fromID":"1299765","toID":"1299768","formEdgeID":null},{"edgeID":"1708075","fromID":"1299768","toID":"1299764","formEdgeID":null},{"edgeID":"1708076","fromID":"1299771","toID":"1299770","formEdgeID":null},{"edgeID":"1708077","fromID":"1299772","toID":"1299771","formEdgeID":null},{"edgeID":"1708078","fromID":"1299770","toID":"1299773","formEdgeID":null},{"edgeID":"1708079","fromID":"1299773","toID":"1299769","formEdgeID":null},{"edgeID":"1708080","fromID":"1299776","toID":"1299775","formEdgeID":null},{"edgeID":"1708081","fromID":"1299777","toID":"1299776","formEdgeID":null},{"edgeID":"1708082","fromID":"1299775","toID":"1299778","formEdgeID":null},{"edgeID":"1708083","fromID":"1299778","toID":"1299774","formEdgeID":null},{"edgeID":"1708084","fromID":"1299781","toID":"1299780","formEdgeID":null},{"edgeID":"1708085","fromID":"1299782","toID":"1299781","formEdgeID":null},{"edgeID":"1708086","fromID":"1299780","toID":"1299783","formEdgeID":null},{"edgeID":"1708087","fromID":"1299783","toID":"1299779","formEdgeID":null},{"edgeID":"1708088","fromID":"1299786","toID":"1299785","formEdgeID":null},{"edgeID":"1708089","fromID":"1299787","toID":"1299786","formEdgeID":null},{"edgeID":"1708090","fromID":"1299785","toID":"1299788","formEdgeID":null},{"edgeID":"1708091","fromID":"1299788","toID":"1299784","formEdgeID":null},{"edgeID":"1708092","fromID":"1299791","toID":"1299790","formEdgeID":null},{"edgeID":"1708093","fromID":"1299792","toID":"1299791","formEdgeID":null},{"edgeID":"1708094","fromID":"1299790","toID":"1299793","formEdgeID":null},{"edgeID":"1708095","fromID":"1299793","toID":"1299789","formEdgeID":null},{"edgeID":"1708096","fromID":"1299796","toID":"1299795","formEdgeID":null},{"edgeID":"1708097","fromID":"1299797","toID":"1299796","formEdgeID":null},{"edgeID":"1708098","fromID":"1299795","toID":"1299798","formEdgeID":null},{"edgeID":"1708099","fromID":"1299798","toID":"1299794","formEdgeID":null},{"edgeID":"1708100","fromID":"1299801","toID":"1299800","formEdgeID":null},{"edgeID":"1708101","fromID":"1299802","toID":"1299801","formEdgeID":null},{"edgeID":"1708102","fromID":"1299800","toID":"1299803","formEdgeID":null},{"edgeID":"1708103","fromID":"1299803","toID":"1299799","formEdgeID":null},{"edgeID":"1708104","fromID":"1299806","toID":"1299805","formEdgeID":null},{"edgeID":"1708105","fromID":"1299807","toID":"1299806","formEdgeID":null},{"edgeID":"1708106","fromID":"1299805","toID":"1299808","formEdgeID":null},{"edgeID":"1708107","fromID":"1299808","toID":"1299804","formEdgeID":null},{"edgeID":"1708108","fromID":"1299811","toID":"1299810","formEdgeID":null},{"edgeID":"1708109","fromID":"1299812","toID":"1299811","formEdgeID":null},{"edgeID":"1708110","fromID":"1299810","toID":"1299813","formEdgeID":null},{"edgeID":"1708111","fromID":"1299813","toID":"1299809","formEdgeID":null},{"edgeID":"1708112","fromID":"1299816","toID":"1299815","formEdgeID":null},{"edgeID":"1708113","fromID":"1299817","toID":"1299816","formEdgeID":null},{"edgeID":"1708114","fromID":"1299815","toID":"1299818","formEdgeID":null},{"edgeID":"1708115","fromID":"1299818","toID":"1299814","formEdgeID":null},{"edgeID":"1708116","fromID":"1299821","toID":"1299820","formEdgeID":null},{"edgeID":"1708117","fromID":"1299822","toID":"1299821","formEdgeID":null},{"edgeID":"1708118","fromID":"1299820","toID":"1299823","formEdgeID":null},{"edgeID":"1708119","fromID":"1299823","toID":"1299819","formEdgeID":null},{"edgeID":"1708120","fromID":"1299826","toID":"1299825","formEdgeID":null},{"edgeID":"1708121","fromID":"1299827","toID":"1299826","formEdgeID":null},{"edgeID":"1708122","fromID":"1299825","toID":"1299828","formEdgeID":null},{"edgeID":"1708123","fromID":"1299828","toID":"1299824","formEdgeID":null},{"edgeID":"1708124","fromID":"1299739","toID":"1299829","formEdgeID":null},{"edgeID":"1708125","fromID":"1299829","toID":"1299734","formEdgeID":null},{"edgeID":"1708126","fromID":"1299735","toID":"1299830","formEdgeID":null},{"edgeID":"1708127","fromID":"1299830","toID":"1299740","formEdgeID":null},{"edgeID":"1708128","fromID":"1299830","toID":"1299831","formEdgeID":null},{"edgeID":"1708129","fromID":"1299831","toID":"1299829","formEdgeID":null},{"edgeID":"1708130","fromID":"1299740","toID":"1299832","formEdgeID":null},{"edgeID":"1708131","fromID":"1299832","toID":"1299745","formEdgeID":null},{"edgeID":"1708132","fromID":"1299745","toID":"1299833","formEdgeID":null},{"edgeID":"1708133","fromID":"1299833","toID":"1299750","formEdgeID":null},{"edgeID":"1708134","fromID":"1299750","toID":"1299834","formEdgeID":null},{"edgeID":"1708135","fromID":"1299834","toID":"1299755","formEdgeID":null},{"edgeID":"1708136","fromID":"1299755","toID":"1299835","formEdgeID":null},{"edgeID":"1708137","fromID":"1299835","toID":"1299760","formEdgeID":null},{"edgeID":"1708138","fromID":"1299760","toID":"1299836","formEdgeID":null},{"edgeID":"1708139","fromID":"1299836","toID":"1299765","formEdgeID":null},{"edgeID":"1708140","fromID":"1299765","toID":"1299837","formEdgeID":null},{"edgeID":"1708141","fromID":"1299837","toID":"1299770","formEdgeID":null},{"edgeID":"1708142","fromID":"1299770","toID":"1299838","formEdgeID":null},{"edgeID":"1708143","fromID":"1299838","toID":"1299775","formEdgeID":null},{"edgeID":"1708144","fromID":"1299780","toID":"1299839","formEdgeID":null},{"edgeID":"1708145","fromID":"1299839","toID":"1299785","formEdgeID":null},{"edgeID":"1708146","fromID":"1299785","toID":"1299840","formEdgeID":null},{"edgeID":"1708147","fromID":"1299840","toID":"1299790","formEdgeID":null},{"edgeID":"1708148","fromID":"1299779","toID":"1299841","formEdgeID":null},{"edgeID":"1708149","fromID":"1299841","toID":"1299769","formEdgeID":null},{"edgeID":"1708150","fromID":"1299770","toID":"1299842","formEdgeID":null},{"edgeID":"1708151","fromID":"1299842","toID":"1299780","formEdgeID":null},{"edgeID":"1708152","fromID":"1299842","toID":"1299843","formEdgeID":null},{"edgeID":"1708153","fromID":"1299843","toID":"1299841","formEdgeID":null},{"edgeID":"1708154","fromID":"1299790","toID":"1299844","formEdgeID":null},{"edgeID":"1708155","fromID":"1299844","toID":"1299795","formEdgeID":null},{"edgeID":"1708156","fromID":"1299789","toID":"1299845","formEdgeID":null},{"edgeID":"1708157","fromID":"1299845","toID":"1299779","formEdgeID":null},{"edgeID":"1708158","fromID":"1299780","toID":"1299846","formEdgeID":null},{"edgeID":"1708159","fromID":"1299846","toID":"1299790","formEdgeID":null},{"edgeID":"1708160","fromID":"1299846","toID":"1299847","formEdgeID":null},{"edgeID":"1708161","fromID":"1299847","toID":"1299845","formEdgeID":null},{"edgeID":"1708162","fromID":"1299779","toID":"1299848","formEdgeID":null},{"edgeID":"1708163","fromID":"1299848","toID":"1299794","formEdgeID":null},{"edgeID":"1708164","fromID":"1299780","toID":"1299849","formEdgeID":null},{"edgeID":"1708165","fromID":"1299849","toID":"1299795","formEdgeID":null},{"edgeID":"1708166","fromID":"1299849","toID":"1299850","formEdgeID":null},{"edgeID":"1708167","fromID":"1299850","toID":"1299848","formEdgeID":null},{"edgeID":"1708168","fromID":"1299795","toID":"1299851","formEdgeID":null},{"edgeID":"1708169","fromID":"1299851","toID":"1299800","formEdgeID":null},{"edgeID":"1708170","fromID":"1299800","toID":"1299852","formEdgeID":null},{"edgeID":"1708171","fromID":"1299852","toID":"1299805","formEdgeID":null},{"edgeID":"1708172","fromID":"1299805","toID":"1299853","formEdgeID":null},{"edgeID":"1708173","fromID":"1299853","toID":"1299810","formEdgeID":null},{"edgeID":"1708174","fromID":"1299810","toID":"1299854","formEdgeID":null},{"edgeID":"1708175","fromID":"1299854","toID":"1299815","formEdgeID":null},{"edgeID":"1708176","fromID":"1299815","toID":"1299855","formEdgeID":null},{"edgeID":"1708177","fromID":"1299855","toID":"1299820","formEdgeID":null},{"edgeID":"1708178","fromID":"1299820","toID":"1299856","formEdgeID":null},{"edgeID":"1708179","fromID":"1299856","toID":"1299825","formEdgeID":null},{"edgeID":"1708180","fromID":"1299819","toID":"1299857","formEdgeID":null},{"edgeID":"1708181","fromID":"1299857","toID":"1299814","formEdgeID":null},{"edgeID":"1708182","fromID":"1299855","toID":"1299858","formEdgeID":null},{"edgeID":"1708183","fromID":"1299858","toID":"1299857","formEdgeID":null},{"edgeID":"1708184","fromID":"1299814","toID":"1299859","formEdgeID":null},{"edgeID":"1708185","fromID":"1299859","toID":"1299799","formEdgeID":null},{"edgeID":"1708186","fromID":"1299804","toID":"1299859","formEdgeID":null},{"edgeID":"1708187","fromID":"1299800","toID":"1299860","formEdgeID":null},{"edgeID":"1708188","fromID":"1299860","toID":"1299815","formEdgeID":null},{"edgeID":"1708189","fromID":"1299860","toID":"1299861","formEdgeID":null},{"edgeID":"1708190","fromID":"1299861","toID":"1299859","formEdgeID":null},{"edgeID":"1708191","fromID":"1299819","toID":"1299862","formEdgeID":null},{"edgeID":"1708192","fromID":"1299862","toID":"1299824","formEdgeID":null},{"edgeID":"1708193","fromID":"1299856","toID":"1299863","formEdgeID":null},{"edgeID":"1708194","fromID":"1299863","toID":"1299862","formEdgeID":null},{"edgeID":"1708195","fromID":"1299744","toID":"1299864","formEdgeID":null},{"edgeID":"1708196","fromID":"1299864","toID":"1299739","formEdgeID":null},{"edgeID":"1708197","fromID":"1299832","toID":"1299865","formEdgeID":null},{"edgeID":"1708198","fromID":"1299865","toID":"1299864","formEdgeID":null},{"edgeID":"1708199","fromID":"1299789","toID":"1299866","formEdgeID":null},{"edgeID":"1708200","fromID":"1299866","toID":"1299784","formEdgeID":null},{"edgeID":"1708201","fromID":"1299840","toID":"1299867","formEdgeID":null},{"edgeID":"1708202","fromID":"1299867","toID":"1299866","formEdgeID":null}],"locutions":[]}