{"nodes":[{"nodeID":"1302366","text":"in light of the Ockenden Report xxx is how you can reassure pregnant women and their families that all maternity services in the UK are in fact safe","type":"I","timestamp":"2023-11-09 12:58:45"},{"nodeID":"1302367","text":"AudienceMember 20220310QT43: in light of the Ockenden Report how can you reassure pregnant women and their families that all maternity services in the UK are in fact safe","type":"L","timestamp":"2023-11-09 12:58:45"},{"nodeID":"1302368","text":"Analysing","type":"YA","timestamp":"2023-11-09 12:58:45"},{"nodeID":"1302369","text":"Anon: AudienceMember 20220310QT43: in light of the Ockenden Report how can you reassure pregnant women and their families that all maternity services in the UK are in fact safe","type":"L","timestamp":"2023-11-09 12:58:45"},{"nodeID":"1302370","text":"Pure Questioning","type":"YA","timestamp":"2023-11-09 12:58:45"},{"nodeID":"1302371","text":"you can't reassure pregnant women and their families that all maternity services in the UK are in fact safe","type":"I","timestamp":"2023-11-09 12:58:46"},{"nodeID":"1302372","text":"Victoria Derbyshire: You can't","type":"L","timestamp":"2023-11-09 12:58:46"},{"nodeID":"1302373","text":"Analysing","type":"YA","timestamp":"2023-11-09 12:58:46"},{"nodeID":"1302374","text":"Anon: Victoria Derbyshire: You can't","type":"L","timestamp":"2023-11-09 12:58:46"},{"nodeID":"1302375","text":"Asserting","type":"YA","timestamp":"2023-11-09 12:58:46"},{"nodeID":"1302376","text":"Default Transition","type":"TA","timestamp":"2023-11-09 12:58:46"},{"nodeID":"1302377","text":"Default Rephrase","type":"MA","timestamp":"2023-11-09 12:58:46"},{"nodeID":"1302378","text":"Default Illocuting","type":"YA","timestamp":"2023-11-09 12:58:46"},{"nodeID":"1302379","text":"we learnt from that report that you can't reassure pregnant women and their families that all maternity services in the UK are safe","type":"I","timestamp":"2023-11-09 12:58:47"},{"nodeID":"1302380","text":"Julia Hartley-Brewer: That's what we learnt from that report","type":"L","timestamp":"2023-11-09 12:58:47"},{"nodeID":"1302381","text":"Analysing","type":"YA","timestamp":"2023-11-09 12:58:47"},{"nodeID":"1302382","text":"Anon: Julia Hartley-Brewer: That's what we learnt from that report","type":"L","timestamp":"2023-11-09 12:58:47"},{"nodeID":"1302383","text":"Asserting","type":"YA","timestamp":"2023-11-09 12:58:47"},{"nodeID":"1302384","text":"Default Transition","type":"TA","timestamp":"2023-11-09 12:58:47"},{"nodeID":"1302385","text":"Default Inference","type":"RA","timestamp":"2023-11-09 12:58:47"},{"nodeID":"1302386","text":"Arguing","type":"YA","timestamp":"2023-11-09 12:58:47"},{"nodeID":"1302387","text":"the Ockenden Report's not the first report into a scandal at an NHS trust","type":"I","timestamp":"2023-11-09 12:58:47"},{"nodeID":"1302388","text":"Julia Hartley-Brewer: It's not the first report into a scandal at an NHS trust","type":"L","timestamp":"2023-11-09 12:58:47"},{"nodeID":"1302389","text":"Analysing","type":"YA","timestamp":"2023-11-09 12:58:47"},{"nodeID":"1302390","text":"Anon: Julia Hartley-Brewer: It's not the first report into a scandal at an NHS trust","type":"L","timestamp":"2023-11-09 12:58:47"},{"nodeID":"1302391","text":"Asserting","type":"YA","timestamp":"2023-11-09 12:58:47"},{"nodeID":"1302392","text":"Default Transition","type":"TA","timestamp":"2023-11-09 12:58:47"},{"nodeID":"1302393","text":"Default Rephrase","type":"MA","timestamp":"2023-11-09 12:58:47"},{"nodeID":"1302394","text":"Restating","type":"YA","timestamp":"2023-11-09 12:58:47"},{"nodeID":"1302395","text":"the Ockenden Report won't be the last report into a scandal at an NHS trust","type":"I","timestamp":"2023-11-09 12:58:48"},{"nodeID":"1302396","text":"Julia Hartley-Brewer: It won't be the last","type":"L","timestamp":"2023-11-09 12:58:48"},{"nodeID":"1302397","text":"Analysing","type":"YA","timestamp":"2023-11-09 12:58:48"},{"nodeID":"1302398","text":"Anon: Julia Hartley-Brewer: It won't be the last","type":"L","timestamp":"2023-11-09 12:58:48"},{"nodeID":"1302399","text":"Asserting","type":"YA","timestamp":"2023-11-09 12:58:48"},{"nodeID":"1302400","text":"Default Transition","type":"TA","timestamp":"2023-11-09 12:58:48"},{"nodeID":"1302401","text":"Default Rephrase","type":"MA","timestamp":"2023-11-09 12:58:48"},{"nodeID":"1302402","text":"Restating","type":"YA","timestamp":"2023-11-09 12:58:48"},{"nodeID":"1302403","text":"there was of course a scandal in Bristol in the 1990s involving babies at the Bristol Royal Infirmary who were dying as a result of heart surgery when they shouldn't have died","type":"I","timestamp":"2023-11-09 12:58:49"},{"nodeID":"1302404","text":"Julia Hartley-Brewer: there was of course one in Bristol in the 1990s involving babies at the Bristol Royal Infirmary who were dying as a result of heart surgery when they shouldn't have died","type":"L","timestamp":"2023-11-09 12:58:49"},{"nodeID":"1302405","text":"Analysing","type":"YA","timestamp":"2023-11-09 12:58:49"},{"nodeID":"1302406","text":"Anon: Julia Hartley-Brewer: there was of course one in Bristol in the 1990s involving babies at the Bristol Royal Infirmary who were dying as a result of heart surgery when they shouldn't have died","type":"L","timestamp":"2023-11-09 12:58:49"},{"nodeID":"1302407","text":"Asserting","type":"YA","timestamp":"2023-11-09 12:58:49"},{"nodeID":"1302408","text":"Default Inference","type":"RA","timestamp":"2023-11-09 12:58:49"},{"nodeID":"1302409","text":"two hundred and one babies died in a scandal in Bristol in the 1990s","type":"I","timestamp":"2023-11-09 12:58:49"},{"nodeID":"1302410","text":"Julia Hartley-Brewer: Two hundred and one babies died","type":"L","timestamp":"2023-11-09 12:58:49"},{"nodeID":"1302411","text":"Analysing","type":"YA","timestamp":"2023-11-09 12:58:49"},{"nodeID":"1302412","text":"Anon: Julia Hartley-Brewer: Two hundred and one babies died","type":"L","timestamp":"2023-11-09 12:58:49"},{"nodeID":"1302413","text":"Asserting","type":"YA","timestamp":"2023-11-09 12:58:49"},{"nodeID":"1302414","text":"Default Transition","type":"TA","timestamp":"2023-11-09 12:58:49"},{"nodeID":"1302415","text":"Default Rephrase","type":"MA","timestamp":"2023-11-09 12:58:49"},{"nodeID":"1302416","text":"Restating","type":"YA","timestamp":"2023-11-09 12:58:49"},{"nodeID":"1302417","text":"nine mums died in a scandal in Bristol in the 1990s","type":"I","timestamp":"2023-11-09 12:58:50"},{"nodeID":"1302418","text":"Julia Hartley-Brewer: Nine mums died","type":"L","timestamp":"2023-11-09 12:58:50"},{"nodeID":"1302419","text":"Analysing","type":"YA","timestamp":"2023-11-09 12:58:50"},{"nodeID":"1302420","text":"Anon: Julia Hartley-Brewer: Nine mums died","type":"L","timestamp":"2023-11-09 12:58:50"},{"nodeID":"1302421","text":"Asserting","type":"YA","timestamp":"2023-11-09 12:58:50"},{"nodeID":"1302422","text":"Default Transition","type":"TA","timestamp":"2023-11-09 12:58:50"},{"nodeID":"1302423","text":"ninety four babies were brain damaged or suffered other life changing injuries as a result of an ideological policy of not giving women the vital medical treatment of a caesarean section to save mother and baby in a scandal in Bristol in the 1990s","type":"I","timestamp":"2023-11-09 12:58:51"},{"nodeID":"1302424","text":"Julia Hartley-Brewer: Ninety four babies were brain damaged or suffered other life changing injuries as a result of an ideological policy of not giving women the vital medical treatment of a caesarean section to save mother and baby","type":"L","timestamp":"2023-11-09 12:58:51"},{"nodeID":"1302425","text":"Analysing","type":"YA","timestamp":"2023-11-09 12:58:51"},{"nodeID":"1302426","text":"Anon: Julia Hartley-Brewer: Ninety four babies were brain damaged or suffered other life changing injuries as a result of an ideological policy of not giving women the vital medical treatment of a caesarean section to save mother and baby","type":"L","timestamp":"2023-11-09 12:58:51"},{"nodeID":"1302427","text":"Asserting","type":"YA","timestamp":"2023-11-09 12:58:51"},{"nodeID":"1302428","text":"Default Transition","type":"TA","timestamp":"2023-11-09 12:58:51"},{"nodeID":"1302429","text":"the Bristol scandal in the 1990s was a deliberate ideological urge, this mattered more than saving lives","type":"I","timestamp":"2023-11-09 12:58:51"},{"nodeID":"1302430","text":"Julia Hartley-Brewer: It was a deliberate ideological urge, this mattered more than saving lives","type":"L","timestamp":"2023-11-09 12:58:51"},{"nodeID":"1302431","text":"Analysing","type":"YA","timestamp":"2023-11-09 12:58:51"},{"nodeID":"1302432","text":"Anon: Julia Hartley-Brewer: It was a deliberate ideological urge, this mattered more than saving lives","type":"L","timestamp":"2023-11-09 12:58:51"},{"nodeID":"1302433","text":"Asserting","type":"YA","timestamp":"2023-11-09 12:58:51"},{"nodeID":"1302434","text":"Default Transition","type":"TA","timestamp":"2023-11-09 12:58:51"},{"nodeID":"1302435","text":"Default Rephrase","type":"MA","timestamp":"2023-11-09 12:58:51"},{"nodeID":"1302436","text":"Restating","type":"YA","timestamp":"2023-11-09 12:58:51"},{"nodeID":"1302437","text":"Default Rephrase","type":"MA","timestamp":"2023-11-09 12:58:51"},{"nodeID":"1302438","text":"Restating","type":"YA","timestamp":"2023-11-09 12:58:51"},{"nodeID":"1302439","text":"Default Inference","type":"RA","timestamp":"2023-11-09 12:58:51"},{"nodeID":"1302440","text":"Arguing","type":"YA","timestamp":"2023-11-09 12:58:51"},{"nodeID":"1302441","text":"people did speak out about the Bristol scandal in the 1990s","type":"I","timestamp":"2023-11-09 12:58:52"},{"nodeID":"1302442","text":"Julia Hartley-Brewer: people did speak out","type":"L","timestamp":"2023-11-09 12:58:52"},{"nodeID":"1302443","text":"Analysing","type":"YA","timestamp":"2023-11-09 12:58:52"},{"nodeID":"1302444","text":"Anon: Julia Hartley-Brewer: people did speak out","type":"L","timestamp":"2023-11-09 12:58:52"},{"nodeID":"1302445","text":"Asserting","type":"YA","timestamp":"2023-11-09 12:58:52"},{"nodeID":"1302446","text":"Default Transition","type":"TA","timestamp":"2023-11-09 12:58:52"},{"nodeID":"1302447","text":"in every single scandal we've had at a hospital trust, Staffordshire, Bristol, everywhere, and these happen every couple of years, we learn about them","type":"I","timestamp":"2023-11-09 12:58:52"},{"nodeID":"1302448","text":"Julia Hartley-Brewer: In every single scandal we've had at a hospital trust, Staffordshire, Bristol, everywhere, and these happen every couple of years, we learn about them","type":"L","timestamp":"2023-11-09 12:58:52"},{"nodeID":"1302449","text":"Analysing","type":"YA","timestamp":"2023-11-09 12:58:52"},{"nodeID":"1302450","text":"Anon: Julia Hartley-Brewer: In every single scandal we've had at a hospital trust, Staffordshire, Bristol, everywhere, and these happen every couple of years, we learn about them","type":"L","timestamp":"2023-11-09 12:58:52"},{"nodeID":"1302451","text":"Asserting","type":"YA","timestamp":"2023-11-09 12:58:52"},{"nodeID":"1302452","text":"Default Transition","type":"TA","timestamp":"2023-11-09 12:58:52"},{"nodeID":"1302453","text":"the scandals have always gone back for years and years and years","type":"I","timestamp":"2023-11-09 12:58:53"},{"nodeID":"1302454","text":"Julia Hartley-Brewer: They've always gone back for years and years and years","type":"L","timestamp":"2023-11-09 12:58:53"},{"nodeID":"1302455","text":"Analysing","type":"YA","timestamp":"2023-11-09 12:58:53"},{"nodeID":"1302456","text":"Anon: Julia Hartley-Brewer: They've always gone back for years and years and years","type":"L","timestamp":"2023-11-09 12:58:53"},{"nodeID":"1302457","text":"Asserting","type":"YA","timestamp":"2023-11-09 12:58:53"},{"nodeID":"1302458","text":"Default Transition","type":"TA","timestamp":"2023-11-09 12:58:53"},{"nodeID":"1302459","text":"Default Transition","type":"TA","timestamp":"2023-11-09 12:58:53"},{"nodeID":"1302460","text":"Arguing","type":"YA","timestamp":"2023-11-09 12:58:53"},{"nodeID":"1302461","text":"we had the same pattern again and again with the scandals","type":"I","timestamp":"2023-11-09 12:58:54"},{"nodeID":"1302462","text":"Julia Hartley-Brewer: we had the same pattern again and again","type":"L","timestamp":"2023-11-09 12:58:54"},{"nodeID":"1302463","text":"Analysing","type":"YA","timestamp":"2023-11-09 12:58:54"},{"nodeID":"1302464","text":"Anon: Julia Hartley-Brewer: we had the same pattern again and again","type":"L","timestamp":"2023-11-09 12:58:54"},{"nodeID":"1302465","text":"Asserting","type":"YA","timestamp":"2023-11-09 12:58:54"},{"nodeID":"1302466","text":"Default Transition","type":"TA","timestamp":"2023-11-09 12:58:54"},{"nodeID":"1302467","text":"Default Rephrase","type":"MA","timestamp":"2023-11-09 12:58:54"},{"nodeID":"1302468","text":"Restating","type":"YA","timestamp":"2023-11-09 12:58:54"},{"nodeID":"1302469","text":"something goes horribly wrong, lots of people are involved, lots of people don't want to speak out, someone speaks out, their career is over","type":"I","timestamp":"2023-11-09 12:58:54"},{"nodeID":"1302470","text":"Julia Hartley-Brewer: Something goes horribly wrong, lots of people are involved, lots of people don't want to speak out, someone speaks out, their career is over","type":"L","timestamp":"2023-11-09 12:58:54"},{"nodeID":"1302471","text":"Analysing","type":"YA","timestamp":"2023-11-09 12:58:54"},{"nodeID":"1302472","text":"Anon: Julia Hartley-Brewer: Something goes horribly wrong, lots of people are involved, lots of people don't want to speak out, someone speaks out, their career is over","type":"L","timestamp":"2023-11-09 12:58:54"},{"nodeID":"1302473","text":"Asserting","type":"YA","timestamp":"2023-11-09 12:58:54"},{"nodeID":"1302474","text":"Default Transition","type":"TA","timestamp":"2023-11-09 12:58:54"},{"nodeID":"1302475","text":"Default Rephrase","type":"MA","timestamp":"2023-11-09 12:58:54"},{"nodeID":"1302476","text":"Restating","type":"YA","timestamp":"2023-11-09 12:58:54"}],"edges":[{"edgeID":"1711292","fromID":"1302368","toID":"1302367","formEdgeID":null},{"edgeID":"1711293","fromID":"1302369","toID":"1302368","formEdgeID":null},{"edgeID":"1711294","fromID":"1302367","toID":"1302370","formEdgeID":null},{"edgeID":"1711295","fromID":"1302370","toID":"1302366","formEdgeID":null},{"edgeID":"1711296","fromID":"1302373","toID":"1302372","formEdgeID":null},{"edgeID":"1711297","fromID":"1302374","toID":"1302373","formEdgeID":null},{"edgeID":"1711298","fromID":"1302372","toID":"1302375","formEdgeID":null},{"edgeID":"1711299","fromID":"1302375","toID":"1302371","formEdgeID":null},{"edgeID":"1711300","fromID":"1302367","toID":"1302376","formEdgeID":null},{"edgeID":"1711301","fromID":"1302376","toID":"1302372","formEdgeID":null},{"edgeID":"1711302","fromID":"1302371","toID":"1302377","formEdgeID":null},{"edgeID":"1711303","fromID":"1302377","toID":"1302366","formEdgeID":null},{"edgeID":"1711304","fromID":"1302376","toID":"1302378","formEdgeID":null},{"edgeID":"1711305","fromID":"1302378","toID":"1302377","formEdgeID":null},{"edgeID":"1711306","fromID":"1302381","toID":"1302380","formEdgeID":null},{"edgeID":"1711307","fromID":"1302382","toID":"1302381","formEdgeID":null},{"edgeID":"1711308","fromID":"1302380","toID":"1302383","formEdgeID":null},{"edgeID":"1711309","fromID":"1302383","toID":"1302379","formEdgeID":null},{"edgeID":"1711310","fromID":"1302372","toID":"1302384","formEdgeID":null},{"edgeID":"1711311","fromID":"1302384","toID":"1302380","formEdgeID":null},{"edgeID":"1711312","fromID":"1302379","toID":"1302385","formEdgeID":null},{"edgeID":"1711313","fromID":"1302385","toID":"1302371","formEdgeID":null},{"edgeID":"1711314","fromID":"1302384","toID":"1302386","formEdgeID":null},{"edgeID":"1711315","fromID":"1302386","toID":"1302385","formEdgeID":null},{"edgeID":"1711316","fromID":"1302389","toID":"1302388","formEdgeID":null},{"edgeID":"1711317","fromID":"1302390","toID":"1302389","formEdgeID":null},{"edgeID":"1711318","fromID":"1302388","toID":"1302391","formEdgeID":null},{"edgeID":"1711319","fromID":"1302391","toID":"1302387","formEdgeID":null},{"edgeID":"1711320","fromID":"1302380","toID":"1302392","formEdgeID":null},{"edgeID":"1711321","fromID":"1302392","toID":"1302388","formEdgeID":null},{"edgeID":"1711322","fromID":"1302387","toID":"1302393","formEdgeID":null},{"edgeID":"1711323","fromID":"1302393","toID":"1302379","formEdgeID":null},{"edgeID":"1711324","fromID":"1302392","toID":"1302394","formEdgeID":null},{"edgeID":"1711325","fromID":"1302394","toID":"1302393","formEdgeID":null},{"edgeID":"1711326","fromID":"1302397","toID":"1302396","formEdgeID":null},{"edgeID":"1711327","fromID":"1302398","toID":"1302397","formEdgeID":null},{"edgeID":"1711328","fromID":"1302396","toID":"1302399","formEdgeID":null},{"edgeID":"1711329","fromID":"1302399","toID":"1302395","formEdgeID":null},{"edgeID":"1711330","fromID":"1302388","toID":"1302400","formEdgeID":null},{"edgeID":"1711331","fromID":"1302400","toID":"1302396","formEdgeID":null},{"edgeID":"1711332","fromID":"1302395","toID":"1302401","formEdgeID":null},{"edgeID":"1711333","fromID":"1302401","toID":"1302387","formEdgeID":null},{"edgeID":"1711334","fromID":"1302400","toID":"1302402","formEdgeID":null},{"edgeID":"1711335","fromID":"1302402","toID":"1302401","formEdgeID":null},{"edgeID":"1711336","fromID":"1302405","toID":"1302404","formEdgeID":null},{"edgeID":"1711337","fromID":"1302406","toID":"1302405","formEdgeID":null},{"edgeID":"1711338","fromID":"1302404","toID":"1302407","formEdgeID":null},{"edgeID":"1711339","fromID":"1302407","toID":"1302403","formEdgeID":null},{"edgeID":"1711340","fromID":"1302403","toID":"1302408","formEdgeID":null},{"edgeID":"1711341","fromID":"1302408","toID":"1302387","formEdgeID":null},{"edgeID":"1711342","fromID":"1302411","toID":"1302410","formEdgeID":null},{"edgeID":"1711343","fromID":"1302412","toID":"1302411","formEdgeID":null},{"edgeID":"1711344","fromID":"1302410","toID":"1302413","formEdgeID":null},{"edgeID":"1711345","fromID":"1302413","toID":"1302409","formEdgeID":null},{"edgeID":"1711346","fromID":"1302404","toID":"1302414","formEdgeID":null},{"edgeID":"1711347","fromID":"1302414","toID":"1302410","formEdgeID":null},{"edgeID":"1711348","fromID":"1302409","toID":"1302415","formEdgeID":null},{"edgeID":"1711349","fromID":"1302415","toID":"1302403","formEdgeID":null},{"edgeID":"1711350","fromID":"1302414","toID":"1302416","formEdgeID":null},{"edgeID":"1711351","fromID":"1302416","toID":"1302415","formEdgeID":null},{"edgeID":"1711352","fromID":"1302419","toID":"1302418","formEdgeID":null},{"edgeID":"1711353","fromID":"1302420","toID":"1302419","formEdgeID":null},{"edgeID":"1711354","fromID":"1302418","toID":"1302421","formEdgeID":null},{"edgeID":"1711355","fromID":"1302421","toID":"1302417","formEdgeID":null},{"edgeID":"1711356","fromID":"1302410","toID":"1302422","formEdgeID":null},{"edgeID":"1711357","fromID":"1302422","toID":"1302418","formEdgeID":null},{"edgeID":"1711358","fromID":"1302425","toID":"1302424","formEdgeID":null},{"edgeID":"1711359","fromID":"1302426","toID":"1302425","formEdgeID":null},{"edgeID":"1711360","fromID":"1302424","toID":"1302427","formEdgeID":null},{"edgeID":"1711361","fromID":"1302427","toID":"1302423","formEdgeID":null},{"edgeID":"1711362","fromID":"1302418","toID":"1302428","formEdgeID":null},{"edgeID":"1711363","fromID":"1302428","toID":"1302424","formEdgeID":null},{"edgeID":"1711364","fromID":"1302431","toID":"1302430","formEdgeID":null},{"edgeID":"1711365","fromID":"1302432","toID":"1302431","formEdgeID":null},{"edgeID":"1711366","fromID":"1302430","toID":"1302433","formEdgeID":null},{"edgeID":"1711367","fromID":"1302433","toID":"1302429","formEdgeID":null},{"edgeID":"1711368","fromID":"1302424","toID":"1302434","formEdgeID":null},{"edgeID":"1711369","fromID":"1302434","toID":"1302430","formEdgeID":null},{"edgeID":"1711370","fromID":"1302417","toID":"1302435","formEdgeID":null},{"edgeID":"1711371","fromID":"1302435","toID":"1302409","formEdgeID":null},{"edgeID":"1711372","fromID":"1302422","toID":"1302436","formEdgeID":null},{"edgeID":"1711373","fromID":"1302436","toID":"1302435","formEdgeID":null},{"edgeID":"1711374","fromID":"1302423","toID":"1302437","formEdgeID":null},{"edgeID":"1711375","fromID":"1302437","toID":"1302417","formEdgeID":null},{"edgeID":"1711376","fromID":"1302428","toID":"1302438","formEdgeID":null},{"edgeID":"1711377","fromID":"1302438","toID":"1302437","formEdgeID":null},{"edgeID":"1711378","fromID":"1302423","toID":"1302439","formEdgeID":null},{"edgeID":"1711379","fromID":"1302439","toID":"1302429","formEdgeID":null},{"edgeID":"1711380","fromID":"1302434","toID":"1302440","formEdgeID":null},{"edgeID":"1711381","fromID":"1302440","toID":"1302439","formEdgeID":null},{"edgeID":"1711382","fromID":"1302443","toID":"1302442","formEdgeID":null},{"edgeID":"1711383","fromID":"1302444","toID":"1302443","formEdgeID":null},{"edgeID":"1711384","fromID":"1302442","toID":"1302445","formEdgeID":null},{"edgeID":"1711385","fromID":"1302445","toID":"1302441","formEdgeID":null},{"edgeID":"1711386","fromID":"1302430","toID":"1302446","formEdgeID":null},{"edgeID":"1711387","fromID":"1302446","toID":"1302442","formEdgeID":null},{"edgeID":"1711388","fromID":"1302449","toID":"1302448","formEdgeID":null},{"edgeID":"1711389","fromID":"1302450","toID":"1302449","formEdgeID":null},{"edgeID":"1711390","fromID":"1302448","toID":"1302451","formEdgeID":null},{"edgeID":"1711391","fromID":"1302451","toID":"1302447","formEdgeID":null},{"edgeID":"1711392","fromID":"1302442","toID":"1302452","formEdgeID":null},{"edgeID":"1711393","fromID":"1302452","toID":"1302448","formEdgeID":null},{"edgeID":"1711394","fromID":"1302455","toID":"1302454","formEdgeID":null},{"edgeID":"1711395","fromID":"1302456","toID":"1302455","formEdgeID":null},{"edgeID":"1711396","fromID":"1302454","toID":"1302457","formEdgeID":null},{"edgeID":"1711397","fromID":"1302457","toID":"1302453","formEdgeID":null},{"edgeID":"1711398","fromID":"1302448","toID":"1302458","formEdgeID":null},{"edgeID":"1711399","fromID":"1302458","toID":"1302454","formEdgeID":null},{"edgeID":"1711400","fromID":"1302453","toID":"1302408","formEdgeID":null},{"edgeID":"1711401","fromID":"1302396","toID":"1302459","formEdgeID":null},{"edgeID":"1711402","fromID":"1302459","toID":"1302454","formEdgeID":null},{"edgeID":"1711403","fromID":"1302459","toID":"1302460","formEdgeID":null},{"edgeID":"1711404","fromID":"1302460","toID":"1302408","formEdgeID":null},{"edgeID":"1711405","fromID":"1302463","toID":"1302462","formEdgeID":null},{"edgeID":"1711406","fromID":"1302464","toID":"1302463","formEdgeID":null},{"edgeID":"1711407","fromID":"1302462","toID":"1302465","formEdgeID":null},{"edgeID":"1711408","fromID":"1302465","toID":"1302461","formEdgeID":null},{"edgeID":"1711409","fromID":"1302454","toID":"1302466","formEdgeID":null},{"edgeID":"1711410","fromID":"1302466","toID":"1302462","formEdgeID":null},{"edgeID":"1711411","fromID":"1302461","toID":"1302467","formEdgeID":null},{"edgeID":"1711412","fromID":"1302467","toID":"1302453","formEdgeID":null},{"edgeID":"1711413","fromID":"1302466","toID":"1302468","formEdgeID":null},{"edgeID":"1711414","fromID":"1302468","toID":"1302467","formEdgeID":null},{"edgeID":"1711415","fromID":"1302471","toID":"1302470","formEdgeID":null},{"edgeID":"1711416","fromID":"1302472","toID":"1302471","formEdgeID":null},{"edgeID":"1711417","fromID":"1302470","toID":"1302473","formEdgeID":null},{"edgeID":"1711418","fromID":"1302473","toID":"1302469","formEdgeID":null},{"edgeID":"1711419","fromID":"1302462","toID":"1302474","formEdgeID":null},{"edgeID":"1711420","fromID":"1302474","toID":"1302470","formEdgeID":null},{"edgeID":"1711421","fromID":"1302469","toID":"1302475","formEdgeID":null},{"edgeID":"1711422","fromID":"1302475","toID":"1302461","formEdgeID":null},{"edgeID":"1711423","fromID":"1302474","toID":"1302476","formEdgeID":null},{"edgeID":"1711424","fromID":"1302476","toID":"1302475","formEdgeID":null}],"locutions":[]}