{"nodes":[{"nodeID":"1302567","text":"if women were listened to many of those babies could have been saved","type":"I","timestamp":"2023-11-09 12:59:03"},{"nodeID":"1302568","text":"Maria Caulfield:  If they were listened to many of those babies could have been saved","type":"L","timestamp":"2023-11-09 12:59:03"},{"nodeID":"1302569","text":"Analysing","type":"YA","timestamp":"2023-11-09 12:59:03"},{"nodeID":"1302570","text":"Anon: Maria Caulfield:  If they were listened to many of those babies could have been saved","type":"L","timestamp":"2023-11-09 12:59:03"},{"nodeID":"1302571","text":"Asserting","type":"YA","timestamp":"2023-11-09 12:59:03"},{"nodeID":"1302572","text":"there's a perfect storm of failures","type":"I","timestamp":"2023-11-09 12:59:03"},{"nodeID":"1302573","text":"Maria Caulfield: there's a perfect storm of failures","type":"L","timestamp":"2023-11-09 12:59:03"},{"nodeID":"1302574","text":"Analysing","type":"YA","timestamp":"2023-11-09 12:59:03"},{"nodeID":"1302575","text":"Anon: Maria Caulfield: there's a perfect storm of failures","type":"L","timestamp":"2023-11-09 12:59:03"},{"nodeID":"1302576","text":"Asserting","type":"YA","timestamp":"2023-11-09 12:59:03"},{"nodeID":"1302577","text":"Default Conflict","type":"CA","timestamp":"2023-11-09 12:59:03"},{"nodeID":"1302578","text":"Default Transition","type":"TA","timestamp":"2023-11-09 12:59:03"},{"nodeID":"1302579","text":"Disagreeing","type":"YA","timestamp":"2023-11-09 12:59:03"},{"nodeID":"1302580","text":"there wasn't just one or two issues in maternity healthcare","type":"I","timestamp":"2023-11-09 12:59:04"},{"nodeID":"1302581","text":"Maria Caulfield: There wasn't just one or two issues","type":"L","timestamp":"2023-11-09 12:59:04"},{"nodeID":"1302582","text":"Analysing","type":"YA","timestamp":"2023-11-09 12:59:04"},{"nodeID":"1302583","text":"Anon: Maria Caulfield: There wasn't just one or two issues","type":"L","timestamp":"2023-11-09 12:59:04"},{"nodeID":"1302584","text":"Asserting","type":"YA","timestamp":"2023-11-09 12:59:04"},{"nodeID":"1302585","text":"Default Transition","type":"TA","timestamp":"2023-11-09 12:59:04"},{"nodeID":"1302586","text":"Default Rephrase","type":"MA","timestamp":"2023-11-09 12:59:04"},{"nodeID":"1302587","text":"Restating","type":"YA","timestamp":"2023-11-09 12:59:04"},{"nodeID":"1302588","text":"the culture of bullying of staff who also tried to speak out and weren't listened to was also brought on by the management themselves","type":"I","timestamp":"2023-11-09 12:59:05"},{"nodeID":"1302589","text":"Maria Caulfield: The culture of bullying of staff who also tried to speak out and weren't listened to, there was also the management themselves","type":"L","timestamp":"2023-11-09 12:59:05"},{"nodeID":"1302590","text":"Analysing","type":"YA","timestamp":"2023-11-09 12:59:05"},{"nodeID":"1302591","text":"Anon: Maria Caulfield: The culture of bullying of staff who also tried to speak out and weren't listened to, there was also the management themselves","type":"L","timestamp":"2023-11-09 12:59:05"},{"nodeID":"1302592","text":"Asserting","type":"YA","timestamp":"2023-11-09 12:59:05"},{"nodeID":"1302593","text":"Default Transition","type":"TA","timestamp":"2023-11-09 12:59:05"},{"nodeID":"1302594","text":"Default Inference","type":"RA","timestamp":"2023-11-09 12:59:05"},{"nodeID":"1302595","text":"Arguing","type":"YA","timestamp":"2023-11-09 12:59:05"},{"nodeID":"1302596","text":"local MPs like Lucy Allan and Philip Dunne raised the issue with maternity healthcare with the management of the trust","type":"I","timestamp":"2023-11-09 12:59:05"},{"nodeID":"1302597","text":"Maria Caulfield: local MPs like Lucy Allan and Philip Dunne raised this with the management of the trust","type":"L","timestamp":"2023-11-09 12:59:05"},{"nodeID":"1302598","text":"Analysing","type":"YA","timestamp":"2023-11-09 12:59:05"},{"nodeID":"1302599","text":"Anon: Maria Caulfield: local MPs like Lucy Allan and Philip Dunne raised this with the management of the trust","type":"L","timestamp":"2023-11-09 12:59:05"},{"nodeID":"1302600","text":"Asserting","type":"YA","timestamp":"2023-11-09 12:59:05"},{"nodeID":"1302601","text":"Default Transition","type":"TA","timestamp":"2023-11-09 12:59:05"},{"nodeID":"1302602","text":"the management of the trust dismiss reported problems as these were problems that were happening in the past","type":"I","timestamp":"2023-11-09 12:59:06"},{"nodeID":"1302603","text":"Maria Caulfield: they dismiss it as these were problems that were happening in the past","type":"L","timestamp":"2023-11-09 12:59:06"},{"nodeID":"1302604","text":"Analysing","type":"YA","timestamp":"2023-11-09 12:59:06"},{"nodeID":"1302605","text":"Anon: Maria Caulfield: they dismiss it as these were problems that were happening in the past","type":"L","timestamp":"2023-11-09 12:59:06"},{"nodeID":"1302606","text":"Asserting","type":"YA","timestamp":"2023-11-09 12:59:06"},{"nodeID":"1302607","text":"the problems were happening right there and then","type":"I","timestamp":"2023-11-09 12:59:06"},{"nodeID":"1302608","text":"Maria Caulfield: they were happening right there and then","type":"L","timestamp":"2023-11-09 12:59:06"},{"nodeID":"1302609","text":"Analysing","type":"YA","timestamp":"2023-11-09 12:59:06"},{"nodeID":"1302610","text":"Anon: Maria Caulfield: they were happening right there and then","type":"L","timestamp":"2023-11-09 12:59:06"},{"nodeID":"1302611","text":"Asserting","type":"YA","timestamp":"2023-11-09 12:59:06"},{"nodeID":"1302612","text":"Default Transition","type":"TA","timestamp":"2023-11-09 12:59:06"},{"nodeID":"1302613","text":"Default Conflict","type":"CA","timestamp":"2023-11-09 12:59:06"},{"nodeID":"1302614","text":"Disagreeing","type":"YA","timestamp":"2023-11-09 12:59:06"},{"nodeID":"1302615","text":"the management of trust dismissed the reported problems out of hand","type":"I","timestamp":"2023-11-09 12:59:07"},{"nodeID":"1302616","text":"Maria Caulfield: dismissed them out of hand","type":"L","timestamp":"2023-11-09 12:59:07"},{"nodeID":"1302617","text":"Analysing","type":"YA","timestamp":"2023-11-09 12:59:07"},{"nodeID":"1302618","text":"Anon: Maria Caulfield: dismissed them out of hand","type":"L","timestamp":"2023-11-09 12:59:07"},{"nodeID":"1302619","text":"Asserting","type":"YA","timestamp":"2023-11-09 12:59:07"},{"nodeID":"1302620","text":"the CQC who are the independent regulator went into that trust and didn't spot the problem","type":"I","timestamp":"2023-11-09 12:59:08"},{"nodeID":"1302621","text":"Maria Caulfield: the CQC who are the independent regulator went into that trust and didn't spot the problem","type":"L","timestamp":"2023-11-09 12:59:08"},{"nodeID":"1302622","text":"Analysing","type":"YA","timestamp":"2023-11-09 12:59:08"},{"nodeID":"1302623","text":"Anon: Maria Caulfield: the CQC who are the independent regulator went into that trust and didn't spot the problem","type":"L","timestamp":"2023-11-09 12:59:08"},{"nodeID":"1302624","text":"Asserting","type":"YA","timestamp":"2023-11-09 12:59:08"},{"nodeID":"1302625","text":"there's fundamental problems across the board","type":"I","timestamp":"2023-11-09 12:59:08"},{"nodeID":"1302626","text":"Maria Caulfield: there's fundamental problems across the board","type":"L","timestamp":"2023-11-09 12:59:08"},{"nodeID":"1302627","text":"Analysing","type":"YA","timestamp":"2023-11-09 12:59:08"},{"nodeID":"1302628","text":"Anon: Maria Caulfield: there's fundamental problems across the board","type":"L","timestamp":"2023-11-09 12:59:08"},{"nodeID":"1302629","text":"Asserting","type":"YA","timestamp":"2023-11-09 12:59:08"},{"nodeID":"1302630","text":"as the minister Maria Caulfield takes the issue very personally that we urgently need to improve things","type":"I","timestamp":"2023-11-09 12:59:09"},{"nodeID":"1302631","text":"Maria Caulfield: as the minister I take it very personally that we urgently need to improve things","type":"L","timestamp":"2023-11-09 12:59:09"},{"nodeID":"1302632","text":"Analysing","type":"YA","timestamp":"2023-11-09 12:59:09"},{"nodeID":"1302633","text":"Anon: Maria Caulfield: as the minister I take it very personally that we urgently need to improve things","type":"L","timestamp":"2023-11-09 12:59:09"},{"nodeID":"1302634","text":"Asserting","type":"YA","timestamp":"2023-11-09 12:59:09"},{"nodeID":"1302635","text":"Default Rephrase","type":"MA","timestamp":"2023-11-09 12:59:09"},{"nodeID":"1302636","text":"Default Transition","type":"TA","timestamp":"2023-11-09 12:59:09"},{"nodeID":"1302637","text":"Restating","type":"YA","timestamp":"2023-11-09 12:59:09"},{"nodeID":"1302638","text":"Default Inference","type":"RA","timestamp":"2023-11-09 12:59:09"},{"nodeID":"1302639","text":"Default Transition","type":"TA","timestamp":"2023-11-09 12:59:09"},{"nodeID":"1302640","text":"Default Transition","type":"TA","timestamp":"2023-11-09 12:59:09"},{"nodeID":"1302641","text":"Arguing","type":"YA","timestamp":"2023-11-09 12:59:09"},{"nodeID":"1302642","text":"Default Rephrase","type":"MA","timestamp":"2023-11-09 12:59:09"},{"nodeID":"1302643","text":"Default Transition","type":"TA","timestamp":"2023-11-09 12:59:09"},{"nodeID":"1302644","text":"Restating","type":"YA","timestamp":"2023-11-09 12:59:09"},{"nodeID":"1302645","text":"Default Transition","type":"TA","timestamp":"2023-11-09 12:59:09"},{"nodeID":"1302646","text":"Default Transition","type":"TA","timestamp":"2023-11-09 12:59:09"},{"nodeID":"1302647","text":"Default Inference","type":"RA","timestamp":"2023-11-09 12:59:09"},{"nodeID":"1302648","text":"Arguing","type":"YA","timestamp":"2023-11-09 12:59:09"}],"edges":[{"edgeID":"1711527","fromID":"1302569","toID":"1302568","formEdgeID":null},{"edgeID":"1711528","fromID":"1302570","toID":"1302569","formEdgeID":null},{"edgeID":"1711529","fromID":"1302568","toID":"1302571","formEdgeID":null},{"edgeID":"1711530","fromID":"1302571","toID":"1302567","formEdgeID":null},{"edgeID":"1711531","fromID":"1302574","toID":"1302573","formEdgeID":null},{"edgeID":"1711532","fromID":"1302575","toID":"1302574","formEdgeID":null},{"edgeID":"1711533","fromID":"1302573","toID":"1302576","formEdgeID":null},{"edgeID":"1711534","fromID":"1302576","toID":"1302572","formEdgeID":null},{"edgeID":"1711535","fromID":"1302572","toID":"1302577","formEdgeID":null},{"edgeID":"1711536","fromID":"1302577","toID":"1302567","formEdgeID":null},{"edgeID":"1711537","fromID":"1302568","toID":"1302578","formEdgeID":null},{"edgeID":"1711538","fromID":"1302578","toID":"1302573","formEdgeID":null},{"edgeID":"1711539","fromID":"1302578","toID":"1302579","formEdgeID":null},{"edgeID":"1711540","fromID":"1302579","toID":"1302577","formEdgeID":null},{"edgeID":"1711541","fromID":"1302582","toID":"1302581","formEdgeID":null},{"edgeID":"1711542","fromID":"1302583","toID":"1302582","formEdgeID":null},{"edgeID":"1711543","fromID":"1302581","toID":"1302584","formEdgeID":null},{"edgeID":"1711544","fromID":"1302584","toID":"1302580","formEdgeID":null},{"edgeID":"1711545","fromID":"1302573","toID":"1302585","formEdgeID":null},{"edgeID":"1711546","fromID":"1302585","toID":"1302581","formEdgeID":null},{"edgeID":"1711547","fromID":"1302580","toID":"1302586","formEdgeID":null},{"edgeID":"1711548","fromID":"1302586","toID":"1302572","formEdgeID":null},{"edgeID":"1711549","fromID":"1302585","toID":"1302587","formEdgeID":null},{"edgeID":"1711550","fromID":"1302587","toID":"1302586","formEdgeID":null},{"edgeID":"1711551","fromID":"1302590","toID":"1302589","formEdgeID":null},{"edgeID":"1711552","fromID":"1302591","toID":"1302590","formEdgeID":null},{"edgeID":"1711553","fromID":"1302589","toID":"1302592","formEdgeID":null},{"edgeID":"1711554","fromID":"1302592","toID":"1302588","formEdgeID":null},{"edgeID":"1711555","fromID":"1302581","toID":"1302593","formEdgeID":null},{"edgeID":"1711556","fromID":"1302593","toID":"1302589","formEdgeID":null},{"edgeID":"1711557","fromID":"1302588","toID":"1302594","formEdgeID":null},{"edgeID":"1711558","fromID":"1302594","toID":"1302580","formEdgeID":null},{"edgeID":"1711559","fromID":"1302593","toID":"1302595","formEdgeID":null},{"edgeID":"1711560","fromID":"1302595","toID":"1302594","formEdgeID":null},{"edgeID":"1711561","fromID":"1302598","toID":"1302597","formEdgeID":null},{"edgeID":"1711562","fromID":"1302599","toID":"1302598","formEdgeID":null},{"edgeID":"1711563","fromID":"1302597","toID":"1302600","formEdgeID":null},{"edgeID":"1711564","fromID":"1302600","toID":"1302596","formEdgeID":null},{"edgeID":"1711565","fromID":"1302589","toID":"1302601","formEdgeID":null},{"edgeID":"1711566","fromID":"1302601","toID":"1302597","formEdgeID":null},{"edgeID":"1711567","fromID":"1302604","toID":"1302603","formEdgeID":null},{"edgeID":"1711568","fromID":"1302605","toID":"1302604","formEdgeID":null},{"edgeID":"1711569","fromID":"1302603","toID":"1302606","formEdgeID":null},{"edgeID":"1711570","fromID":"1302606","toID":"1302602","formEdgeID":null},{"edgeID":"1711571","fromID":"1302609","toID":"1302608","formEdgeID":null},{"edgeID":"1711572","fromID":"1302610","toID":"1302609","formEdgeID":null},{"edgeID":"1711573","fromID":"1302608","toID":"1302611","formEdgeID":null},{"edgeID":"1711574","fromID":"1302611","toID":"1302607","formEdgeID":null},{"edgeID":"1711575","fromID":"1302603","toID":"1302612","formEdgeID":null},{"edgeID":"1711576","fromID":"1302612","toID":"1302608","formEdgeID":null},{"edgeID":"1711577","fromID":"1302607","toID":"1302613","formEdgeID":null},{"edgeID":"1711578","fromID":"1302613","toID":"1302602","formEdgeID":null},{"edgeID":"1711579","fromID":"1302612","toID":"1302614","formEdgeID":null},{"edgeID":"1711580","fromID":"1302614","toID":"1302613","formEdgeID":null},{"edgeID":"1711581","fromID":"1302617","toID":"1302616","formEdgeID":null},{"edgeID":"1711582","fromID":"1302618","toID":"1302617","formEdgeID":null},{"edgeID":"1711583","fromID":"1302616","toID":"1302619","formEdgeID":null},{"edgeID":"1711584","fromID":"1302619","toID":"1302615","formEdgeID":null},{"edgeID":"1711585","fromID":"1302622","toID":"1302621","formEdgeID":null},{"edgeID":"1711586","fromID":"1302623","toID":"1302622","formEdgeID":null},{"edgeID":"1711587","fromID":"1302621","toID":"1302624","formEdgeID":null},{"edgeID":"1711588","fromID":"1302624","toID":"1302620","formEdgeID":null},{"edgeID":"1711589","fromID":"1302627","toID":"1302626","formEdgeID":null},{"edgeID":"1711590","fromID":"1302628","toID":"1302627","formEdgeID":null},{"edgeID":"1711591","fromID":"1302626","toID":"1302629","formEdgeID":null},{"edgeID":"1711592","fromID":"1302629","toID":"1302625","formEdgeID":null},{"edgeID":"1711593","fromID":"1302632","toID":"1302631","formEdgeID":null},{"edgeID":"1711594","fromID":"1302633","toID":"1302632","formEdgeID":null},{"edgeID":"1711595","fromID":"1302631","toID":"1302634","formEdgeID":null},{"edgeID":"1711596","fromID":"1302634","toID":"1302630","formEdgeID":null},{"edgeID":"1711597","fromID":"1302615","toID":"1302635","formEdgeID":null},{"edgeID":"1711598","fromID":"1302635","toID":"1302602","formEdgeID":null},{"edgeID":"1711599","fromID":"1302603","toID":"1302636","formEdgeID":null},{"edgeID":"1711600","fromID":"1302636","toID":"1302616","formEdgeID":null},{"edgeID":"1711601","fromID":"1302636","toID":"1302637","formEdgeID":null},{"edgeID":"1711602","fromID":"1302637","toID":"1302635","formEdgeID":null},{"edgeID":"1711603","fromID":"1302620","toID":"1302638","formEdgeID":null},{"edgeID":"1711604","fromID":"1302638","toID":"1302625","formEdgeID":null},{"edgeID":"1711605","fromID":"1302602","toID":"1302638","formEdgeID":null},{"edgeID":"1711606","fromID":"1302616","toID":"1302639","formEdgeID":null},{"edgeID":"1711607","fromID":"1302639","toID":"1302621","formEdgeID":null},{"edgeID":"1711608","fromID":"1302603","toID":"1302640","formEdgeID":null},{"edgeID":"1711609","fromID":"1302640","toID":"1302626","formEdgeID":null},{"edgeID":"1711610","fromID":"1302640","toID":"1302641","formEdgeID":null},{"edgeID":"1711611","fromID":"1302641","toID":"1302638","formEdgeID":null},{"edgeID":"1711612","fromID":"1302602","toID":"1302642","formEdgeID":null},{"edgeID":"1711613","fromID":"1302642","toID":"1302588","formEdgeID":null},{"edgeID":"1711614","fromID":"1302589","toID":"1302643","formEdgeID":null},{"edgeID":"1711615","fromID":"1302643","toID":"1302603","formEdgeID":null},{"edgeID":"1711616","fromID":"1302643","toID":"1302644","formEdgeID":null},{"edgeID":"1711617","fromID":"1302644","toID":"1302642","formEdgeID":null},{"edgeID":"1711618","fromID":"1302597","toID":"1302645","formEdgeID":null},{"edgeID":"1711619","fromID":"1302645","toID":"1302603","formEdgeID":null},{"edgeID":"1711620","fromID":"1302626","toID":"1302646","formEdgeID":null},{"edgeID":"1711621","fromID":"1302646","toID":"1302631","formEdgeID":null},{"edgeID":"1711622","fromID":"1302625","toID":"1302647","formEdgeID":null},{"edgeID":"1711623","fromID":"1302647","toID":"1302630","formEdgeID":null},{"edgeID":"1711624","fromID":"1302646","toID":"1302648","formEdgeID":null},{"edgeID":"1711625","fromID":"1302648","toID":"1302647","formEdgeID":null}],"locutions":[]}