{"nodes":[{"nodeID":"1298756","text":"something the Government could do immediately, to answer AudienceMember 20220331QT01's question on the rise of bills, is impose a windfall tax on the energy companies","type":"I","timestamp":"2023-11-09 12:53:41"},{"nodeID":"1298757","text":"Steve Reed: Something the Government could do immediately to answer your question is impose a windfall tax on the energy companies","type":"L","timestamp":"2023-11-09 12:53:41"},{"nodeID":"1298758","text":"Analysing","type":"YA","timestamp":"2023-11-09 12:53:41"},{"nodeID":"1298759","text":"Ella: Steve Reed: Something the Government could do immediately to answer your question is impose a windfall tax on the energy companies","type":"L","timestamp":"2023-11-09 12:53:41"},{"nodeID":"1298760","text":"Asserting","type":"YA","timestamp":"2023-11-09 12:53:41"},{"nodeID":"1298761","text":"impose a windfall tax on the energy companies are making something like in excess of \u00a33bn surplus profits","type":"I","timestamp":"2023-11-09 12:53:42"},{"nodeID":"1298762","text":"Steve Reed: that are making something like in excess of \u00a33bn surplus profits","type":"L","timestamp":"2023-11-09 12:53:42"},{"nodeID":"1298763","text":"Analysing","type":"YA","timestamp":"2023-11-09 12:53:42"},{"nodeID":"1298764","text":"Ella: Steve Reed: that are making something like in excess of \u00a33bn surplus profits","type":"L","timestamp":"2023-11-09 12:53:42"},{"nodeID":"1298765","text":"Asserting","type":"YA","timestamp":"2023-11-09 12:53:42"},{"nodeID":"1298766","text":"Default Rephrase","type":"MA","timestamp":"2023-11-09 12:53:42"},{"nodeID":"1298767","text":"Default Transition","type":"TA","timestamp":"2023-11-09 12:53:42"},{"nodeID":"1298768","text":"Restating","type":"YA","timestamp":"2023-11-09 12:53:42"},{"nodeID":"1298769","text":"\u00a33bn profits are in excess of what energy companies had planned to be making","type":"I","timestamp":"2023-11-09 12:53:42"},{"nodeID":"1298770","text":"Steve Reed: That's profits in excess of what they had planned to be making","type":"L","timestamp":"2023-11-09 12:53:42"},{"nodeID":"1298771","text":"Analysing","type":"YA","timestamp":"2023-11-09 12:53:42"},{"nodeID":"1298772","text":"Ella: Steve Reed: That's profits in excess of what they had planned to be making","type":"L","timestamp":"2023-11-09 12:53:42"},{"nodeID":"1298773","text":"Asserting","type":"YA","timestamp":"2023-11-09 12:53:42"},{"nodeID":"1298774","text":"\u00a33bn profits wasn't earmarked for investment","type":"I","timestamp":"2023-11-09 12:53:43"},{"nodeID":"1298775","text":"Steve Reed: It wasn't earmarked for investment","type":"L","timestamp":"2023-11-09 12:53:43"},{"nodeID":"1298776","text":"Analysing","type":"YA","timestamp":"2023-11-09 12:53:43"},{"nodeID":"1298777","text":"Ella: Steve Reed: It wasn't earmarked for investment","type":"L","timestamp":"2023-11-09 12:53:43"},{"nodeID":"1298778","text":"Asserting","type":"YA","timestamp":"2023-11-09 12:53:43"},{"nodeID":"1298779","text":"\u00a33bn profits is money energy companies didn't expect to be getting","type":"I","timestamp":"2023-11-09 12:53:43"},{"nodeID":"1298780","text":"Steve Reed: This is money they didn't expect to be getting","type":"L","timestamp":"2023-11-09 12:53:43"},{"nodeID":"1298781","text":"Analysing","type":"YA","timestamp":"2023-11-09 12:53:43"},{"nodeID":"1298782","text":"Ella: Steve Reed: This is money they didn't expect to be getting","type":"L","timestamp":"2023-11-09 12:53:43"},{"nodeID":"1298783","text":"Asserting","type":"YA","timestamp":"2023-11-09 12:53:43"},{"nodeID":"1298784","text":"Default Transition","type":"TA","timestamp":"2023-11-09 12:53:43"},{"nodeID":"1298785","text":"Default Rephrase","type":"MA","timestamp":"2023-11-09 12:53:43"},{"nodeID":"1298786","text":"Default Rephrase","type":"MA","timestamp":"2023-11-09 12:53:43"},{"nodeID":"1298787","text":"Default Transition","type":"TA","timestamp":"2023-11-09 12:53:43"},{"nodeID":"1298788","text":"Default Transition","type":"TA","timestamp":"2023-11-09 12:53:43"},{"nodeID":"1298789","text":"Restating","type":"YA","timestamp":"2023-11-09 12:53:43"},{"nodeID":"1298790","text":"Restating","type":"YA","timestamp":"2023-11-09 12:53:43"},{"nodeID":"1298791","text":"a windfall tax on the \u00a33bn profits energy companies are making could take that money and subsidise household incomes at this crucial moment for family finances","type":"I","timestamp":"2023-11-09 12:53:44"},{"nodeID":"1298792","text":"Steve Reed: A windfall tax on that could take that money and subsidise household incomes at this crucial moment for family finances","type":"L","timestamp":"2023-11-09 12:53:44"},{"nodeID":"1298793","text":"Analysing","type":"YA","timestamp":"2023-11-09 12:53:44"},{"nodeID":"1298794","text":"Ella: Steve Reed: A windfall tax on that could take that money and subsidise household incomes at this crucial moment for family finances","type":"L","timestamp":"2023-11-09 12:53:44"},{"nodeID":"1298795","text":"Asserting","type":"YA","timestamp":"2023-11-09 12:53:44"},{"nodeID":"1298796","text":"a windfall tax subsidising household incomes could mean up to \u00a3600 off your bill for the most vulnerable families","type":"I","timestamp":"2023-11-09 12:53:45"},{"nodeID":"1298797","text":"Steve Reed: up to \u00a3600 off your bill for the most vulnerable families","type":"L","timestamp":"2023-11-09 12:53:45"},{"nodeID":"1298798","text":"Analysing","type":"YA","timestamp":"2023-11-09 12:53:45"},{"nodeID":"1298799","text":"Ella: Steve Reed: up to \u00a3600 off your bill for the most vulnerable families","type":"L","timestamp":"2023-11-09 12:53:45"},{"nodeID":"1298800","text":"Asserting","type":"YA","timestamp":"2023-11-09 12:53:45"},{"nodeID":"1298801","text":"Default Rephrase","type":"MA","timestamp":"2023-11-09 12:53:45"},{"nodeID":"1298802","text":"Default Transition","type":"TA","timestamp":"2023-11-09 12:53:45"},{"nodeID":"1298803","text":"Restating","type":"YA","timestamp":"2023-11-09 12:53:45"},{"nodeID":"1298804","text":"Default Rephrase","type":"MA","timestamp":"2023-11-09 12:53:45"},{"nodeID":"1298805","text":"Default Transition","type":"TA","timestamp":"2023-11-09 12:53:45"},{"nodeID":"1298806","text":"Restating","type":"YA","timestamp":"2023-11-09 12:53:45"},{"nodeID":"1298807","text":"a windfall tax subsidising household incomes would be far more effective than the \u00a3200 loan","type":"I","timestamp":"2023-11-09 12:53:45"},{"nodeID":"1298808","text":"Steve Reed: That would be far more effective than the \u00a3200 loan","type":"L","timestamp":"2023-11-09 12:53:45"},{"nodeID":"1298809","text":"Analysing","type":"YA","timestamp":"2023-11-09 12:53:45"},{"nodeID":"1298810","text":"Ella: Steve Reed: That would be far more effective than the \u00a3200 loan","type":"L","timestamp":"2023-11-09 12:53:45"},{"nodeID":"1298811","text":"Asserting","type":"YA","timestamp":"2023-11-09 12:53:45"},{"nodeID":"1298812","text":"Default Transition","type":"TA","timestamp":"2023-11-09 12:53:45"},{"nodeID":"1298813","text":"the Wonga Chancellor is making everybody take out this \u00a3200 loan and then pay back whether you want it or not","type":"I","timestamp":"2023-11-09 12:53:46"},{"nodeID":"1298814","text":"Steve Reed: that the Wonga Chancellor is making everybody take out and then pay back whether you want it or not","type":"L","timestamp":"2023-11-09 12:53:46"},{"nodeID":"1298815","text":"Analysing","type":"YA","timestamp":"2023-11-09 12:53:46"},{"nodeID":"1298816","text":"Ella: Steve Reed: that the Wonga Chancellor is making everybody take out and then pay back whether you want it or not","type":"L","timestamp":"2023-11-09 12:53:46"},{"nodeID":"1298817","text":"Asserting","type":"YA","timestamp":"2023-11-09 12:53:46"},{"nodeID":"1298818","text":"Default Rephrase","type":"MA","timestamp":"2023-11-09 12:53:46"},{"nodeID":"1298819","text":"Default Transition","type":"TA","timestamp":"2023-11-09 12:53:46"},{"nodeID":"1298820","text":"Restating","type":"YA","timestamp":"2023-11-09 12:53:46"},{"nodeID":"1298821","text":"the Government is choosing not to help when they could","type":"I","timestamp":"2023-11-09 12:53:47"},{"nodeID":"1298822","text":"Steve Reed: The Government is choosing not to help when they could","type":"L","timestamp":"2023-11-09 12:53:47"},{"nodeID":"1298823","text":"Analysing","type":"YA","timestamp":"2023-11-09 12:53:47"},{"nodeID":"1298824","text":"Ella: Steve Reed: The Government is choosing not to help when they could","type":"L","timestamp":"2023-11-09 12:53:47"},{"nodeID":"1298825","text":"Asserting","type":"YA","timestamp":"2023-11-09 12:53:47"},{"nodeID":"1298826","text":"Default Inference","type":"RA","timestamp":"2023-11-09 12:53:47"},{"nodeID":"1298827","text":"Default Transition","type":"TA","timestamp":"2023-11-09 12:53:47"},{"nodeID":"1298828","text":"Arguing","type":"YA","timestamp":"2023-11-09 12:53:47"},{"nodeID":"1298829","text":"Default Inference","type":"RA","timestamp":"2023-11-09 12:53:47"},{"nodeID":"1298830","text":"Arguing","type":"YA","timestamp":"2023-11-09 12:53:47"}],"edges":[{"edgeID":"1706887","fromID":"1298758","toID":"1298757","formEdgeID":null},{"edgeID":"1706888","fromID":"1298759","toID":"1298758","formEdgeID":null},{"edgeID":"1706889","fromID":"1298757","toID":"1298760","formEdgeID":null},{"edgeID":"1706890","fromID":"1298760","toID":"1298756","formEdgeID":null},{"edgeID":"1706891","fromID":"1298763","toID":"1298762","formEdgeID":null},{"edgeID":"1706892","fromID":"1298764","toID":"1298763","formEdgeID":null},{"edgeID":"1706893","fromID":"1298762","toID":"1298765","formEdgeID":null},{"edgeID":"1706894","fromID":"1298765","toID":"1298761","formEdgeID":null},{"edgeID":"1706895","fromID":"1298761","toID":"1298766","formEdgeID":null},{"edgeID":"1706896","fromID":"1298766","toID":"1298756","formEdgeID":null},{"edgeID":"1706897","fromID":"1298757","toID":"1298767","formEdgeID":null},{"edgeID":"1706898","fromID":"1298767","toID":"1298762","formEdgeID":null},{"edgeID":"1706899","fromID":"1298767","toID":"1298768","formEdgeID":null},{"edgeID":"1706900","fromID":"1298768","toID":"1298766","formEdgeID":null},{"edgeID":"1706901","fromID":"1298771","toID":"1298770","formEdgeID":null},{"edgeID":"1706902","fromID":"1298772","toID":"1298771","formEdgeID":null},{"edgeID":"1706903","fromID":"1298770","toID":"1298773","formEdgeID":null},{"edgeID":"1706904","fromID":"1298773","toID":"1298769","formEdgeID":null},{"edgeID":"1706905","fromID":"1298776","toID":"1298775","formEdgeID":null},{"edgeID":"1706906","fromID":"1298777","toID":"1298776","formEdgeID":null},{"edgeID":"1706907","fromID":"1298775","toID":"1298778","formEdgeID":null},{"edgeID":"1706908","fromID":"1298778","toID":"1298774","formEdgeID":null},{"edgeID":"1706909","fromID":"1298781","toID":"1298780","formEdgeID":null},{"edgeID":"1706910","fromID":"1298782","toID":"1298781","formEdgeID":null},{"edgeID":"1706911","fromID":"1298780","toID":"1298783","formEdgeID":null},{"edgeID":"1706912","fromID":"1298783","toID":"1298779","formEdgeID":null},{"edgeID":"1706913","fromID":"1298762","toID":"1298784","formEdgeID":null},{"edgeID":"1706914","fromID":"1298784","toID":"1298770","formEdgeID":null},{"edgeID":"1706915","fromID":"1298774","toID":"1298785","formEdgeID":null},{"edgeID":"1706916","fromID":"1298785","toID":"1298769","formEdgeID":null},{"edgeID":"1706917","fromID":"1298779","toID":"1298786","formEdgeID":null},{"edgeID":"1706918","fromID":"1298786","toID":"1298774","formEdgeID":null},{"edgeID":"1706919","fromID":"1298770","toID":"1298787","formEdgeID":null},{"edgeID":"1706920","fromID":"1298787","toID":"1298775","formEdgeID":null},{"edgeID":"1706921","fromID":"1298775","toID":"1298788","formEdgeID":null},{"edgeID":"1706922","fromID":"1298788","toID":"1298780","formEdgeID":null},{"edgeID":"1706923","fromID":"1298787","toID":"1298789","formEdgeID":null},{"edgeID":"1706924","fromID":"1298789","toID":"1298785","formEdgeID":null},{"edgeID":"1706925","fromID":"1298788","toID":"1298790","formEdgeID":null},{"edgeID":"1706926","fromID":"1298790","toID":"1298786","formEdgeID":null},{"edgeID":"1706927","fromID":"1298793","toID":"1298792","formEdgeID":null},{"edgeID":"1706928","fromID":"1298794","toID":"1298793","formEdgeID":null},{"edgeID":"1706929","fromID":"1298792","toID":"1298795","formEdgeID":null},{"edgeID":"1706930","fromID":"1298795","toID":"1298791","formEdgeID":null},{"edgeID":"1706931","fromID":"1298798","toID":"1298797","formEdgeID":null},{"edgeID":"1706932","fromID":"1298799","toID":"1298798","formEdgeID":null},{"edgeID":"1706933","fromID":"1298797","toID":"1298800","formEdgeID":null},{"edgeID":"1706934","fromID":"1298800","toID":"1298796","formEdgeID":null},{"edgeID":"1706935","fromID":"1298791","toID":"1298801","formEdgeID":null},{"edgeID":"1706936","fromID":"1298801","toID":"1298761","formEdgeID":null},{"edgeID":"1706937","fromID":"1298762","toID":"1298802","formEdgeID":null},{"edgeID":"1706938","fromID":"1298802","toID":"1298792","formEdgeID":null},{"edgeID":"1706939","fromID":"1298802","toID":"1298803","formEdgeID":null},{"edgeID":"1706940","fromID":"1298803","toID":"1298801","formEdgeID":null},{"edgeID":"1706941","fromID":"1298796","toID":"1298804","formEdgeID":null},{"edgeID":"1706942","fromID":"1298804","toID":"1298791","formEdgeID":null},{"edgeID":"1706943","fromID":"1298792","toID":"1298805","formEdgeID":null},{"edgeID":"1706944","fromID":"1298805","toID":"1298797","formEdgeID":null},{"edgeID":"1706945","fromID":"1298805","toID":"1298806","formEdgeID":null},{"edgeID":"1706946","fromID":"1298806","toID":"1298804","formEdgeID":null},{"edgeID":"1706947","fromID":"1298809","toID":"1298808","formEdgeID":null},{"edgeID":"1706948","fromID":"1298810","toID":"1298809","formEdgeID":null},{"edgeID":"1706949","fromID":"1298808","toID":"1298811","formEdgeID":null},{"edgeID":"1706950","fromID":"1298811","toID":"1298807","formEdgeID":null},{"edgeID":"1706951","fromID":"1298797","toID":"1298812","formEdgeID":null},{"edgeID":"1706952","fromID":"1298812","toID":"1298808","formEdgeID":null},{"edgeID":"1706953","fromID":"1298815","toID":"1298814","formEdgeID":null},{"edgeID":"1706954","fromID":"1298816","toID":"1298815","formEdgeID":null},{"edgeID":"1706955","fromID":"1298814","toID":"1298817","formEdgeID":null},{"edgeID":"1706956","fromID":"1298817","toID":"1298813","formEdgeID":null},{"edgeID":"1706957","fromID":"1298813","toID":"1298818","formEdgeID":null},{"edgeID":"1706958","fromID":"1298818","toID":"1298807","formEdgeID":null},{"edgeID":"1706959","fromID":"1298808","toID":"1298819","formEdgeID":null},{"edgeID":"1706960","fromID":"1298819","toID":"1298814","formEdgeID":null},{"edgeID":"1706961","fromID":"1298819","toID":"1298820","formEdgeID":null},{"edgeID":"1706962","fromID":"1298820","toID":"1298818","formEdgeID":null},{"edgeID":"1706963","fromID":"1298823","toID":"1298822","formEdgeID":null},{"edgeID":"1706964","fromID":"1298824","toID":"1298823","formEdgeID":null},{"edgeID":"1706965","fromID":"1298822","toID":"1298825","formEdgeID":null},{"edgeID":"1706966","fromID":"1298825","toID":"1298821","formEdgeID":null},{"edgeID":"1706967","fromID":"1298807","toID":"1298826","formEdgeID":null},{"edgeID":"1706968","fromID":"1298826","toID":"1298821","formEdgeID":null},{"edgeID":"1706969","fromID":"1298808","toID":"1298827","formEdgeID":null},{"edgeID":"1706970","fromID":"1298827","toID":"1298822","formEdgeID":null},{"edgeID":"1706971","fromID":"1298827","toID":"1298828","formEdgeID":null},{"edgeID":"1706972","fromID":"1298828","toID":"1298826","formEdgeID":null},{"edgeID":"1706973","fromID":"1298796","toID":"1298829","formEdgeID":null},{"edgeID":"1706974","fromID":"1298829","toID":"1298807","formEdgeID":null},{"edgeID":"1706975","fromID":"1298812","toID":"1298830","formEdgeID":null},{"edgeID":"1706976","fromID":"1298830","toID":"1298829","formEdgeID":null}],"locutions":[]}