{"nodes":[{"nodeID":"1303879","text":"AudienceMember 20220331QT45 is a mum of three as well, and has been a mum over the last 12 years","type":"I","timestamp":"2023-11-09 13:00:57"},{"nodeID":"1303880","text":"AudienceMember 20220310QT45: I'm a mum of three as well, and I've been a mum over the last 12 years","type":"L","timestamp":"2023-11-09 13:00:57"},{"nodeID":"1303881","text":"Analysing","type":"YA","timestamp":"2023-11-09 13:00:57"},{"nodeID":"1303882","text":"Anon: AudienceMember 20220310QT45: I'm a mum of three as well, and I've been a mum over the last 12 years","type":"L","timestamp":"2023-11-09 13:00:57"},{"nodeID":"1303883","text":"Asserting","type":"YA","timestamp":"2023-11-09 13:00:57"},{"nodeID":"1303884","text":"AudienceMember 20220331QT45 has watched the system go down","type":"I","timestamp":"2023-11-09 13:00:57"},{"nodeID":"1303885","text":"AudienceMember 20220310QT45: I have watched the system go down","type":"L","timestamp":"2023-11-09 13:00:57"},{"nodeID":"1303886","text":"Analysing","type":"YA","timestamp":"2023-11-09 13:00:57"},{"nodeID":"1303887","text":"Anon: AudienceMember 20220310QT45: I have watched the system go down","type":"L","timestamp":"2023-11-09 13:00:57"},{"nodeID":"1303888","text":"Asserting","type":"YA","timestamp":"2023-11-09 13:00:57"},{"nodeID":"1303889","text":"Default Transition","type":"TA","timestamp":"2023-11-09 13:00:57"},{"nodeID":"1303890","text":"Default Inference","type":"RA","timestamp":"2023-11-09 13:00:57"},{"nodeID":"1303891","text":"Arguing","type":"YA","timestamp":"2023-11-09 13:00:57"},{"nodeID":"1303892","text":"Every time AudienceMember 20220331QT45 has a child she thinks gosh, this is worse, this is worse","type":"I","timestamp":"2023-11-09 13:00:58"},{"nodeID":"1303893","text":"AudienceMember 20220310QT45: Every time I have a child I think gosh, this is worse, this is worse","type":"L","timestamp":"2023-11-09 13:00:58"},{"nodeID":"1303894","text":"Analysing","type":"YA","timestamp":"2023-11-09 13:00:58"},{"nodeID":"1303895","text":"Anon: AudienceMember 20220310QT45: Every time I have a child I think gosh, this is worse, this is worse","type":"L","timestamp":"2023-11-09 13:00:58"},{"nodeID":"1303896","text":"Asserting","type":"YA","timestamp":"2023-11-09 13:00:58"},{"nodeID":"1303897","text":"Default Transition","type":"TA","timestamp":"2023-11-09 13:00:58"},{"nodeID":"1303898","text":"Default Rephrase","type":"MA","timestamp":"2023-11-09 13:00:58"},{"nodeID":"1303899","text":"Restating","type":"YA","timestamp":"2023-11-09 13:00:58"},{"nodeID":"1303900","text":"AudienceMember 20220331QT45 also hears lots of people who are midwives","type":"I","timestamp":"2023-11-09 13:00:58"},{"nodeID":"1303901","text":"AudienceMember 20220310QT45: I also hear lots of people who are midwives","type":"L","timestamp":"2023-11-09 13:00:58"},{"nodeID":"1303902","text":"Analysing","type":"YA","timestamp":"2023-11-09 13:00:58"},{"nodeID":"1303903","text":"Anon: AudienceMember 20220310QT45: I also hear lots of people who are midwives","type":"L","timestamp":"2023-11-09 13:00:58"},{"nodeID":"1303904","text":"Asserting","type":"YA","timestamp":"2023-11-09 13:00:58"},{"nodeID":"1303905","text":"Default Transition","type":"TA","timestamp":"2023-11-09 13:00:58"},{"nodeID":"1303906","text":"hospitals just don't have any of the numbers of staff that when AudienceMember 20220331QT45 started out being pregnant 12 years ago it was a very, very different system","type":"I","timestamp":"2023-11-09 13:00:59"},{"nodeID":"1303907","text":"AudienceMember 20220310QT45: they just don't have any of the numbers of staff that when I started out being pregnant 12 years ago it was a very, very different system","type":"L","timestamp":"2023-11-09 13:00:59"},{"nodeID":"1303908","text":"Analysing","type":"YA","timestamp":"2023-11-09 13:00:59"},{"nodeID":"1303909","text":"Anon: AudienceMember 20220310QT45: they just don't have any of the numbers of staff that when I started out being pregnant 12 years ago it was a very, very different system","type":"L","timestamp":"2023-11-09 13:00:59"},{"nodeID":"1303910","text":"Asserting","type":"YA","timestamp":"2023-11-09 13:00:59"},{"nodeID":"1303911","text":"even if you start now it's going to take many, many years to train up the numbers of people that you need","type":"I","timestamp":"2023-11-09 13:00:59"},{"nodeID":"1303912","text":"AudienceMember 20220310QT45: even if you start now it's going to take many, many years to train up the numbers of people that you need","type":"L","timestamp":"2023-11-09 13:00:59"},{"nodeID":"1303913","text":"Analysing","type":"YA","timestamp":"2023-11-09 13:00:59"},{"nodeID":"1303914","text":"Anon: AudienceMember 20220310QT45: even if you start now it's going to take many, many years to train up the numbers of people that you need","type":"L","timestamp":"2023-11-09 13:00:59"},{"nodeID":"1303915","text":"Asserting","type":"YA","timestamp":"2023-11-09 13:00:59"},{"nodeID":"1303916","text":"Default Transition","type":"TA","timestamp":"2023-11-09 13:00:59"},{"nodeID":"1303917","text":"Default Rephrase","type":"MA","timestamp":"2023-11-09 13:00:59"},{"nodeID":"1303918","text":"Restating","type":"YA","timestamp":"2023-11-09 13:00:59"},{"nodeID":"1303919","text":"two thousand midwives we're short according to the Royal College of Midwives and Health Education England","type":"I","timestamp":"2023-11-09 13:01:00"},{"nodeID":"1303920","text":"AudienceMember 20220310QT45: Two thousand midwives we're short according to the Royal College of Midwives and Health Education England","type":"L","timestamp":"2023-11-09 13:01:00"},{"nodeID":"1303921","text":"Analysing","type":"YA","timestamp":"2023-11-09 13:01:00"},{"nodeID":"1303922","text":"Anon: AudienceMember 20220310QT45: Two thousand midwives we're short according to the Royal College of Midwives and Health Education England","type":"L","timestamp":"2023-11-09 13:01:00"},{"nodeID":"1303923","text":"Asserting","type":"YA","timestamp":"2023-11-09 13:01:00"},{"nodeID":"1303924","text":"Default Rephrase","type":"MA","timestamp":"2023-11-09 13:01:00"},{"nodeID":"1303925","text":"Default Transition","type":"TA","timestamp":"2023-11-09 13:01:00"},{"nodeID":"1303926","text":"Restating","type":"YA","timestamp":"2023-11-09 13:01:00"},{"nodeID":"1303927","text":"Default Inference","type":"RA","timestamp":"2023-11-09 13:01:00"},{"nodeID":"1303928","text":"Default Transition","type":"TA","timestamp":"2023-11-09 13:01:00"},{"nodeID":"1303929","text":"Arguing","type":"YA","timestamp":"2023-11-09 13:01:00"}],"edges":[{"edgeID":"1713201","fromID":"1303881","toID":"1303880","formEdgeID":null},{"edgeID":"1713202","fromID":"1303882","toID":"1303881","formEdgeID":null},{"edgeID":"1713203","fromID":"1303880","toID":"1303883","formEdgeID":null},{"edgeID":"1713204","fromID":"1303883","toID":"1303879","formEdgeID":null},{"edgeID":"1713205","fromID":"1303886","toID":"1303885","formEdgeID":null},{"edgeID":"1713206","fromID":"1303887","toID":"1303886","formEdgeID":null},{"edgeID":"1713207","fromID":"1303885","toID":"1303888","formEdgeID":null},{"edgeID":"1713208","fromID":"1303888","toID":"1303884","formEdgeID":null},{"edgeID":"1713209","fromID":"1303880","toID":"1303889","formEdgeID":null},{"edgeID":"1713210","fromID":"1303889","toID":"1303885","formEdgeID":null},{"edgeID":"1713211","fromID":"1303879","toID":"1303890","formEdgeID":null},{"edgeID":"1713212","fromID":"1303890","toID":"1303884","formEdgeID":null},{"edgeID":"1713213","fromID":"1303889","toID":"1303891","formEdgeID":null},{"edgeID":"1713214","fromID":"1303891","toID":"1303890","formEdgeID":null},{"edgeID":"1713215","fromID":"1303894","toID":"1303893","formEdgeID":null},{"edgeID":"1713216","fromID":"1303895","toID":"1303894","formEdgeID":null},{"edgeID":"1713217","fromID":"1303893","toID":"1303896","formEdgeID":null},{"edgeID":"1713218","fromID":"1303896","toID":"1303892","formEdgeID":null},{"edgeID":"1713219","fromID":"1303885","toID":"1303897","formEdgeID":null},{"edgeID":"1713220","fromID":"1303897","toID":"1303893","formEdgeID":null},{"edgeID":"1713221","fromID":"1303892","toID":"1303898","formEdgeID":null},{"edgeID":"1713222","fromID":"1303898","toID":"1303884","formEdgeID":null},{"edgeID":"1713223","fromID":"1303897","toID":"1303899","formEdgeID":null},{"edgeID":"1713224","fromID":"1303899","toID":"1303898","formEdgeID":null},{"edgeID":"1713225","fromID":"1303902","toID":"1303901","formEdgeID":null},{"edgeID":"1713226","fromID":"1303903","toID":"1303902","formEdgeID":null},{"edgeID":"1713227","fromID":"1303901","toID":"1303904","formEdgeID":null},{"edgeID":"1713228","fromID":"1303904","toID":"1303900","formEdgeID":null},{"edgeID":"1713229","fromID":"1303893","toID":"1303905","formEdgeID":null},{"edgeID":"1713230","fromID":"1303905","toID":"1303901","formEdgeID":null},{"edgeID":"1713231","fromID":"1303908","toID":"1303907","formEdgeID":null},{"edgeID":"1713232","fromID":"1303909","toID":"1303908","formEdgeID":null},{"edgeID":"1713233","fromID":"1303907","toID":"1303910","formEdgeID":null},{"edgeID":"1713234","fromID":"1303910","toID":"1303906","formEdgeID":null},{"edgeID":"1713235","fromID":"1303913","toID":"1303912","formEdgeID":null},{"edgeID":"1713236","fromID":"1303914","toID":"1303913","formEdgeID":null},{"edgeID":"1713237","fromID":"1303912","toID":"1303915","formEdgeID":null},{"edgeID":"1713238","fromID":"1303915","toID":"1303911","formEdgeID":null},{"edgeID":"1713239","fromID":"1303907","toID":"1303916","formEdgeID":null},{"edgeID":"1713240","fromID":"1303916","toID":"1303912","formEdgeID":null},{"edgeID":"1713241","fromID":"1303911","toID":"1303917","formEdgeID":null},{"edgeID":"1713242","fromID":"1303917","toID":"1303906","formEdgeID":null},{"edgeID":"1713243","fromID":"1303916","toID":"1303918","formEdgeID":null},{"edgeID":"1713244","fromID":"1303918","toID":"1303917","formEdgeID":null},{"edgeID":"1713245","fromID":"1303921","toID":"1303920","formEdgeID":null},{"edgeID":"1713246","fromID":"1303922","toID":"1303921","formEdgeID":null},{"edgeID":"1713247","fromID":"1303920","toID":"1303923","formEdgeID":null},{"edgeID":"1713248","fromID":"1303923","toID":"1303919","formEdgeID":null},{"edgeID":"1713249","fromID":"1303919","toID":"1303924","formEdgeID":null},{"edgeID":"1713250","fromID":"1303924","toID":"1303906","formEdgeID":null},{"edgeID":"1713251","fromID":"1303907","toID":"1303925","formEdgeID":null},{"edgeID":"1713252","fromID":"1303925","toID":"1303920","formEdgeID":null},{"edgeID":"1713253","fromID":"1303925","toID":"1303926","formEdgeID":null},{"edgeID":"1713254","fromID":"1303926","toID":"1303924","formEdgeID":null},{"edgeID":"1713255","fromID":"1303906","toID":"1303927","formEdgeID":null},{"edgeID":"1713256","fromID":"1303927","toID":"1303892","formEdgeID":null},{"edgeID":"1713257","fromID":"1303893","toID":"1303928","formEdgeID":null},{"edgeID":"1713258","fromID":"1303928","toID":"1303907","formEdgeID":null},{"edgeID":"1713259","fromID":"1303928","toID":"1303929","formEdgeID":null},{"edgeID":"1713260","fromID":"1303929","toID":"1303927","formEdgeID":null}],"locutions":[]}