{"nodes":[{"nodeID":"1144894","text":"it was nothing of the sort","type":"I","timestamp":"2023-04-20 10:10:22"},{"nodeID":"1144896","text":"there was no comparison","type":"I","timestamp":"2023-04-20 10:10:24"},{"nodeID":"1144898","text":"Boris Johnson wasn't at parties","type":"I","timestamp":"2023-04-20 10:10:25"},{"nodeID":"1144900","text":"Boris Johnson did or did not mislead Parliament","type":"I","timestamp":"2023-04-20 10:10:27"},{"nodeID":"1146386","text":"Boris Johnson denied being at parties he was at","type":"I","timestamp":"2023-04-20 10:19:43"},{"nodeID":"1146394","text":"Boris Johnson lied","type":"I","timestamp":"2023-04-20 10:19:47"},{"nodeID":"1146399","text":"Boris Johnson lied, he lied and he lied again","type":"I","timestamp":"2023-04-20 10:19:50"},{"nodeID":"1146404","text":"it's absolutely wrong to say that Boris Johnson has lied","type":"I","timestamp":"2023-04-20 10:19:52"},{"nodeID":"1146409","text":"the police find that Boris Johnson was at parties","type":"I","timestamp":"2023-04-20 10:19:54"},{"nodeID":"1146414","text":"Boris Johnson told us that he hadn't been to any parties","type":"I","timestamp":"2023-04-20 10:19:57"},{"nodeID":"1146419","text":"Boris Johnson has now admitted that he was at multiple parties","type":"I","timestamp":"2023-04-20 10:19:59"},{"nodeID":"1146424","text":"that is a lie on Boris Johnson's own terms","type":"I","timestamp":"2023-04-20 10:20:02"},{"nodeID":"1146429","text":"Boris Johnson has not said he was at multiple parties at all","type":"I","timestamp":"2023-04-20 10:20:05"},{"nodeID":"1146434","text":"Boris Johnson didn't need to say that he was at any parties","type":"I","timestamp":"2023-04-20 10:20:08"},{"nodeID":"1146439","text":"we know that Boris Johnson was at multiple parties","type":"I","timestamp":"2023-04-20 10:20:10"},{"nodeID":"1146444","text":"there's proof that Boris Johnson was at those parties","type":"I","timestamp":"2023-04-20 10:20:13"},{"nodeID":"1146451","text":"as a result of him misleading the Parliament, should Boris Johnson resign or should he not resign","type":"I","timestamp":"2023-04-20 10:20:17"},{"nodeID":"1146456","text":"as a result of him misleading the Parliament, Boris Johnson should resign","type":"I","timestamp":"2023-04-20 10:20:19"},{"nodeID":"1146501","text":"Boris Johnson did mislead Parliament","type":"I","timestamp":"2023-04-20 10:20:24"},{"nodeID":"1301870","text":"Steve Reed: It was nothing of the sort","type":"L","timestamp":"2023-11-09 12:57:58"},{"nodeID":"1301871","text":"Analysing","type":"YA","timestamp":"2023-11-09 12:57:58"},{"nodeID":"1301872","text":"Anna : Steve Reed: It was nothing of the sort","type":"L","timestamp":"2023-11-09 12:57:58"},{"nodeID":"1301873","text":"Asserting","type":"YA","timestamp":"2023-11-09 12:57:58"},{"nodeID":"1301874","text":"Steve Reed: There was no comparison","type":"L","timestamp":"2023-11-09 12:57:59"},{"nodeID":"1301875","text":"Analysing","type":"YA","timestamp":"2023-11-09 12:57:59"},{"nodeID":"1301876","text":"Anna : Steve Reed: There was no comparison","type":"L","timestamp":"2023-11-09 12:57:59"},{"nodeID":"1301877","text":"Asserting","type":"YA","timestamp":"2023-11-09 12:57:59"},{"nodeID":"1301878","text":"Steve Reed: The Prime Minister denied being at parties he was at","type":"L","timestamp":"2023-11-09 12:58:00"},{"nodeID":"1301879","text":"Analysing","type":"YA","timestamp":"2023-11-09 12:58:00"},{"nodeID":"1301880","text":"Anna : Steve Reed: The Prime Minister denied being at parties he was at","type":"L","timestamp":"2023-11-09 12:58:00"},{"nodeID":"1301881","text":"Asserting","type":"YA","timestamp":"2023-11-09 12:58:00"},{"nodeID":"1301882","text":"Maria Caulfield: He wasn't at parties","type":"L","timestamp":"2023-11-09 12:58:00"},{"nodeID":"1301883","text":"Analysing","type":"YA","timestamp":"2023-11-09 12:58:00"},{"nodeID":"1301884","text":"Anna : Maria Caulfield: He wasn't at parties","type":"L","timestamp":"2023-11-09 12:58:00"},{"nodeID":"1301885","text":"Asserting","type":"YA","timestamp":"2023-11-09 12:58:00"},{"nodeID":"1301886","text":"Steve Reed: He lied","type":"L","timestamp":"2023-11-09 12:58:01"},{"nodeID":"1301887","text":"Analysing","type":"YA","timestamp":"2023-11-09 12:58:01"},{"nodeID":"1301888","text":"Anna : Steve Reed: He lied","type":"L","timestamp":"2023-11-09 12:58:01"},{"nodeID":"1301889","text":"Asserting","type":"YA","timestamp":"2023-11-09 12:58:01"},{"nodeID":"1301890","text":"Steve Reed: He lied, he lied and he lied again","type":"L","timestamp":"2023-11-09 12:58:01"},{"nodeID":"1301891","text":"Analysing","type":"YA","timestamp":"2023-11-09 12:58:01"},{"nodeID":"1301892","text":"Anna : Steve Reed: He lied, he lied and he lied again","type":"L","timestamp":"2023-11-09 12:58:01"},{"nodeID":"1301893","text":"Asserting","type":"YA","timestamp":"2023-11-09 12:58:01"},{"nodeID":"1301894","text":"Maria Caulfield: No, I think that's absolutely wrong to say","type":"L","timestamp":"2023-11-09 12:58:02"},{"nodeID":"1301895","text":"Analysing","type":"YA","timestamp":"2023-11-09 12:58:02"},{"nodeID":"1301896","text":"Anna : Maria Caulfield: No, I think that's absolutely wrong to say","type":"L","timestamp":"2023-11-09 12:58:02"},{"nodeID":"1301897","text":"Asserting","type":"YA","timestamp":"2023-11-09 12:58:02"},{"nodeID":"1301898","text":"Maria Caulfield:  If the police find that he was at parties","type":"L","timestamp":"2023-11-09 12:58:03"},{"nodeID":"1301899","text":"Analysing","type":"YA","timestamp":"2023-11-09 12:58:03"},{"nodeID":"1301900","text":"Anna : Maria Caulfield:  If the police find that he was at parties","type":"L","timestamp":"2023-11-09 12:58:03"},{"nodeID":"1301901","text":"Asserting","type":"YA","timestamp":"2023-11-09 12:58:03"},{"nodeID":"1301902","text":"Steve Reed: He told us, Maria, and you, that he hadn't been to any","type":"L","timestamp":"2023-11-09 12:58:03"},{"nodeID":"1301903","text":"Analysing","type":"YA","timestamp":"2023-11-09 12:58:03"},{"nodeID":"1301904","text":"Anna : Steve Reed: He told us, Maria, and you, that he hadn't been to any","type":"L","timestamp":"2023-11-09 12:58:03"},{"nodeID":"1301905","text":"Asserting","type":"YA","timestamp":"2023-11-09 12:58:03"},{"nodeID":"1301906","text":"Steve Reed: and he's now admitted that he was at multiple parties","type":"L","timestamp":"2023-11-09 12:58:04"},{"nodeID":"1301907","text":"Analysing","type":"YA","timestamp":"2023-11-09 12:58:04"},{"nodeID":"1301908","text":"Anna : Steve Reed: and he's now admitted that he was at multiple parties","type":"L","timestamp":"2023-11-09 12:58:04"},{"nodeID":"1301909","text":"Asserting","type":"YA","timestamp":"2023-11-09 12:58:04"},{"nodeID":"1301910","text":"Steve Reed: That is a lie on his own terms","type":"L","timestamp":"2023-11-09 12:58:05"},{"nodeID":"1301911","text":"Analysing","type":"YA","timestamp":"2023-11-09 12:58:05"},{"nodeID":"1301912","text":"Anna : Steve Reed: That is a lie on his own terms","type":"L","timestamp":"2023-11-09 12:58:05"},{"nodeID":"1301913","text":"Asserting","type":"YA","timestamp":"2023-11-09 12:58:05"},{"nodeID":"1301914","text":"Maria Caulfield: He's not said he was at multiple parties at all","type":"L","timestamp":"2023-11-09 12:58:05"},{"nodeID":"1301915","text":"Analysing","type":"YA","timestamp":"2023-11-09 12:58:05"},{"nodeID":"1301916","text":"Anna : Maria Caulfield: He's not said he was at multiple parties at all","type":"L","timestamp":"2023-11-09 12:58:05"},{"nodeID":"1301917","text":"Asserting","type":"YA","timestamp":"2023-11-09 12:58:05"},{"nodeID":"1301918","text":"Julia Hartley-Brewer: No, he didn't need to say","type":"L","timestamp":"2023-11-09 12:58:06"},{"nodeID":"1301919","text":"Analysing","type":"YA","timestamp":"2023-11-09 12:58:06"},{"nodeID":"1301920","text":"Anna : Julia Hartley-Brewer: No, he didn't need to say","type":"L","timestamp":"2023-11-09 12:58:06"},{"nodeID":"1301921","text":"Asserting","type":"YA","timestamp":"2023-11-09 12:58:06"},{"nodeID":"1301922","text":"Julia Hartley-Brewer:  we know","type":"L","timestamp":"2023-11-09 12:58:06"},{"nodeID":"1301923","text":"Analysing","type":"YA","timestamp":"2023-11-09 12:58:06"},{"nodeID":"1301924","text":"Anna : Julia Hartley-Brewer:  we know","type":"L","timestamp":"2023-11-09 12:58:06"},{"nodeID":"1301925","text":"Asserting","type":"YA","timestamp":"2023-11-09 12:58:06"},{"nodeID":"1301926","text":"Julia Hartley-Brewer:  there's proof that he was at those parties","type":"L","timestamp":"2023-11-09 12:58:07"},{"nodeID":"1301927","text":"Analysing","type":"YA","timestamp":"2023-11-09 12:58:07"},{"nodeID":"1301928","text":"Anna : Julia Hartley-Brewer:  there's proof that he was at those parties","type":"L","timestamp":"2023-11-09 12:58:07"},{"nodeID":"1301929","text":"Asserting","type":"YA","timestamp":"2023-11-09 12:58:07"},{"nodeID":"1301930","text":"Steve Reed: Yes","type":"L","timestamp":"2023-11-09 12:58:07"},{"nodeID":"1301931","text":"Analysing","type":"YA","timestamp":"2023-11-09 12:58:07"},{"nodeID":"1301932","text":"Anna : Steve Reed: Yes","type":"L","timestamp":"2023-11-09 12:58:07"},{"nodeID":"1301933","text":"Julia Hartley-Brewer: And as a result of that, should he resign","type":"L","timestamp":"2023-11-09 12:58:08"},{"nodeID":"1301934","text":"Analysing","type":"YA","timestamp":"2023-11-09 12:58:08"},{"nodeID":"1301935","text":"Anna : Julia Hartley-Brewer: And as a result of that, should he resign","type":"L","timestamp":"2023-11-09 12:58:08"},{"nodeID":"1301936","text":"Pure Questioning","type":"YA","timestamp":"2023-11-09 12:58:08"},{"nodeID":"1301937","text":"Julia Hartley-Brewer: Yes","type":"L","timestamp":"2023-11-09 12:58:08"},{"nodeID":"1301938","text":"Analysing","type":"YA","timestamp":"2023-11-09 12:58:08"},{"nodeID":"1301939","text":"Anna : Julia Hartley-Brewer: Yes","type":"L","timestamp":"2023-11-09 12:58:08"},{"nodeID":"1301940","text":"Asserting","type":"YA","timestamp":"2023-11-09 12:58:08"},{"nodeID":"1301941","text":"Analysing","type":"YA","timestamp":"2023-11-09 12:58:08"},{"nodeID":"1301942","text":"Default Transition","type":"TA","timestamp":"2023-11-09 12:58:08"},{"nodeID":"1301943","text":"Default Rephrase","type":"MA","timestamp":"2023-11-09 12:58:08"},{"nodeID":"1301944","text":"Restating","type":"YA","timestamp":"2023-11-09 12:58:08"},{"nodeID":"1301945","text":"Default Transition","type":"TA","timestamp":"2023-11-09 12:58:08"},{"nodeID":"1301946","text":"Default Conflict","type":"CA","timestamp":"2023-11-09 12:58:08"},{"nodeID":"1301947","text":"Default Transition","type":"TA","timestamp":"2023-11-09 12:58:08"},{"nodeID":"1301948","text":"Disagreeing","type":"YA","timestamp":"2023-11-09 12:58:08"},{"nodeID":"1301949","text":"Default Transition","type":"TA","timestamp":"2023-11-09 12:58:08"},{"nodeID":"1301950","text":"Default Conflict","type":"CA","timestamp":"2023-11-09 12:58:08"},{"nodeID":"1301951","text":"Disagreeing","type":"YA","timestamp":"2023-11-09 12:58:08"},{"nodeID":"1301952","text":"Default Transition","type":"TA","timestamp":"2023-11-09 12:58:08"},{"nodeID":"1301953","text":"Default Rephrase","type":"MA","timestamp":"2023-11-09 12:58:08"},{"nodeID":"1301954","text":"Restating","type":"YA","timestamp":"2023-11-09 12:58:08"},{"nodeID":"1301955","text":"Default Transition","type":"TA","timestamp":"2023-11-09 12:58:08"},{"nodeID":"1301956","text":"Default Conflict","type":"CA","timestamp":"2023-11-09 12:58:08"},{"nodeID":"1301957","text":"Disagreeing","type":"YA","timestamp":"2023-11-09 12:58:08"},{"nodeID":"1301958","text":"Default Transition","type":"TA","timestamp":"2023-11-09 12:58:08"},{"nodeID":"1301959","text":"Default Conflict","type":"CA","timestamp":"2023-11-09 12:58:08"},{"nodeID":"1301960","text":"Default Transition","type":"TA","timestamp":"2023-11-09 12:58:08"},{"nodeID":"1301961","text":"Disagreeing","type":"YA","timestamp":"2023-11-09 12:58:08"},{"nodeID":"1301962","text":"Default Inference","type":"RA","timestamp":"2023-11-09 12:58:08"},{"nodeID":"1301963","text":"Default Transition","type":"TA","timestamp":"2023-11-09 12:58:08"},{"nodeID":"1301964","text":"Default Transition","type":"TA","timestamp":"2023-11-09 12:58:08"},{"nodeID":"1301965","text":"Arguing","type":"YA","timestamp":"2023-11-09 12:58:08"},{"nodeID":"1301966","text":"Default Conflict","type":"CA","timestamp":"2023-11-09 12:58:08"},{"nodeID":"1301967","text":"Default Transition","type":"TA","timestamp":"2023-11-09 12:58:08"},{"nodeID":"1301968","text":"Disagreeing","type":"YA","timestamp":"2023-11-09 12:58:08"},{"nodeID":"1301969","text":"Default Conflict","type":"CA","timestamp":"2023-11-09 12:58:08"},{"nodeID":"1301970","text":"Default Inference","type":"RA","timestamp":"2023-11-09 12:58:08"},{"nodeID":"1301971","text":"Default Transition","type":"TA","timestamp":"2023-11-09 12:58:08"},{"nodeID":"1301972","text":"Arguing","type":"YA","timestamp":"2023-11-09 12:58:08"},{"nodeID":"1301973","text":"Default Transition","type":"TA","timestamp":"2023-11-09 12:58:08"},{"nodeID":"1301974","text":"Disagreeing","type":"YA","timestamp":"2023-11-09 12:58:08"},{"nodeID":"1301975","text":"Default Inference","type":"RA","timestamp":"2023-11-09 12:58:08"},{"nodeID":"1301976","text":"Default Transition","type":"TA","timestamp":"2023-11-09 12:58:08"},{"nodeID":"1301977","text":"Arguing","type":"YA","timestamp":"2023-11-09 12:58:08"},{"nodeID":"1301978","text":"Julia Hartley-Brewer: did he mislead Parliament?","type":"L","timestamp":"2023-11-09 12:58:09"},{"nodeID":"1301979","text":"Analysing","type":"YA","timestamp":"2023-11-09 12:58:09"},{"nodeID":"1301980","text":"Anna : Julia Hartley-Brewer: did he mislead Parliament?","type":"L","timestamp":"2023-11-09 12:58:09"},{"nodeID":"1301981","text":"Pure Questioning","type":"YA","timestamp":"2023-11-09 12:58:09"},{"nodeID":"1301982","text":"Analysing","type":"YA","timestamp":"2023-11-09 12:58:10"},{"nodeID":"1301983","text":"Asserting","type":"YA","timestamp":"2023-11-09 12:58:10"},{"nodeID":"1301984","text":"Default Transition","type":"TA","timestamp":"2023-11-09 12:58:10"},{"nodeID":"1301985","text":"Default Rephrase","type":"MA","timestamp":"2023-11-09 12:58:10"},{"nodeID":"1301986","text":"Default Transition","type":"TA","timestamp":"2023-11-09 12:58:10"},{"nodeID":"1301987","text":"Default Illocuting","type":"YA","timestamp":"2023-11-09 12:58:10"},{"nodeID":"1301988","text":"Default Transition","type":"TA","timestamp":"2023-11-09 12:58:10"},{"nodeID":"1301989","text":"Agreeing","type":"YA","timestamp":"2023-11-09 12:58:10"},{"nodeID":"1301990","text":"Default Transition","type":"TA","timestamp":"2023-11-09 12:58:10"},{"nodeID":"1301991","text":"Default Rephrase","type":"MA","timestamp":"2023-11-09 12:58:10"},{"nodeID":"1301992","text":"Default Transition","type":"TA","timestamp":"2023-11-09 12:58:10"},{"nodeID":"1301993","text":"Default Illocuting","type":"YA","timestamp":"2023-11-09 12:58:10"},{"nodeID":"1301994","text":"Default Transition","type":"TA","timestamp":"2023-11-09 12:58:10"},{"nodeID":"1301995","text":"Agreeing","type":"YA","timestamp":"2023-11-09 12:58:10"}],"edges":[{"edgeID":"1710632","fromID":"1301871","toID":"1301870","formEdgeID":null},{"edgeID":"1710633","fromID":"1301872","toID":"1301871","formEdgeID":null},{"edgeID":"1710634","fromID":"1301870","toID":"1301873","formEdgeID":null},{"edgeID":"1710635","fromID":"1301873","toID":"1144894","formEdgeID":null},{"edgeID":"1710636","fromID":"1301875","toID":"1301874","formEdgeID":null},{"edgeID":"1710637","fromID":"1301876","toID":"1301875","formEdgeID":null},{"edgeID":"1710638","fromID":"1301874","toID":"1301877","formEdgeID":null},{"edgeID":"1710639","fromID":"1301877","toID":"1144896","formEdgeID":null},{"edgeID":"1710640","fromID":"1301879","toID":"1301878","formEdgeID":null},{"edgeID":"1710641","fromID":"1301880","toID":"1301879","formEdgeID":null},{"edgeID":"1710642","fromID":"1301878","toID":"1301881","formEdgeID":null},{"edgeID":"1710643","fromID":"1301881","toID":"1146386","formEdgeID":null},{"edgeID":"1710644","fromID":"1301883","toID":"1301882","formEdgeID":null},{"edgeID":"1710645","fromID":"1301884","toID":"1301883","formEdgeID":null},{"edgeID":"1710646","fromID":"1301882","toID":"1301885","formEdgeID":null},{"edgeID":"1710647","fromID":"1301885","toID":"1144898","formEdgeID":null},{"edgeID":"1710648","fromID":"1301887","toID":"1301886","formEdgeID":null},{"edgeID":"1710649","fromID":"1301888","toID":"1301887","formEdgeID":null},{"edgeID":"1710650","fromID":"1301886","toID":"1301889","formEdgeID":null},{"edgeID":"1710651","fromID":"1301889","toID":"1146394","formEdgeID":null},{"edgeID":"1710652","fromID":"1301891","toID":"1301890","formEdgeID":null},{"edgeID":"1710653","fromID":"1301892","toID":"1301891","formEdgeID":null},{"edgeID":"1710654","fromID":"1301890","toID":"1301893","formEdgeID":null},{"edgeID":"1710655","fromID":"1301893","toID":"1146399","formEdgeID":null},{"edgeID":"1710656","fromID":"1301895","toID":"1301894","formEdgeID":null},{"edgeID":"1710657","fromID":"1301896","toID":"1301895","formEdgeID":null},{"edgeID":"1710658","fromID":"1301894","toID":"1301897","formEdgeID":null},{"edgeID":"1710659","fromID":"1301897","toID":"1146404","formEdgeID":null},{"edgeID":"1710660","fromID":"1301899","toID":"1301898","formEdgeID":null},{"edgeID":"1710661","fromID":"1301900","toID":"1301899","formEdgeID":null},{"edgeID":"1710662","fromID":"1301898","toID":"1301901","formEdgeID":null},{"edgeID":"1710663","fromID":"1301901","toID":"1146409","formEdgeID":null},{"edgeID":"1710664","fromID":"1301903","toID":"1301902","formEdgeID":null},{"edgeID":"1710665","fromID":"1301904","toID":"1301903","formEdgeID":null},{"edgeID":"1710666","fromID":"1301902","toID":"1301905","formEdgeID":null},{"edgeID":"1710667","fromID":"1301905","toID":"1146414","formEdgeID":null},{"edgeID":"1710668","fromID":"1301907","toID":"1301906","formEdgeID":null},{"edgeID":"1710669","fromID":"1301908","toID":"1301907","formEdgeID":null},{"edgeID":"1710670","fromID":"1301906","toID":"1301909","formEdgeID":null},{"edgeID":"1710671","fromID":"1301909","toID":"1146419","formEdgeID":null},{"edgeID":"1710672","fromID":"1301911","toID":"1301910","formEdgeID":null},{"edgeID":"1710673","fromID":"1301912","toID":"1301911","formEdgeID":null},{"edgeID":"1710674","fromID":"1301910","toID":"1301913","formEdgeID":null},{"edgeID":"1710675","fromID":"1301913","toID":"1146424","formEdgeID":null},{"edgeID":"1710676","fromID":"1301915","toID":"1301914","formEdgeID":null},{"edgeID":"1710677","fromID":"1301916","toID":"1301915","formEdgeID":null},{"edgeID":"1710678","fromID":"1301914","toID":"1301917","formEdgeID":null},{"edgeID":"1710679","fromID":"1301917","toID":"1146429","formEdgeID":null},{"edgeID":"1710680","fromID":"1301919","toID":"1301918","formEdgeID":null},{"edgeID":"1710681","fromID":"1301920","toID":"1301919","formEdgeID":null},{"edgeID":"1710682","fromID":"1301918","toID":"1301921","formEdgeID":null},{"edgeID":"1710683","fromID":"1301921","toID":"1146434","formEdgeID":null},{"edgeID":"1710684","fromID":"1301923","toID":"1301922","formEdgeID":null},{"edgeID":"1710685","fromID":"1301924","toID":"1301923","formEdgeID":null},{"edgeID":"1710686","fromID":"1301922","toID":"1301925","formEdgeID":null},{"edgeID":"1710687","fromID":"1301925","toID":"1146439","formEdgeID":null},{"edgeID":"1710688","fromID":"1301927","toID":"1301926","formEdgeID":null},{"edgeID":"1710689","fromID":"1301928","toID":"1301927","formEdgeID":null},{"edgeID":"1710690","fromID":"1301926","toID":"1301929","formEdgeID":null},{"edgeID":"1710691","fromID":"1301929","toID":"1146444","formEdgeID":null},{"edgeID":"1710692","fromID":"1301931","toID":"1301930","formEdgeID":null},{"edgeID":"1710693","fromID":"1301932","toID":"1301931","formEdgeID":null},{"edgeID":"1710694","fromID":"1301934","toID":"1301933","formEdgeID":null},{"edgeID":"1710695","fromID":"1301935","toID":"1301934","formEdgeID":null},{"edgeID":"1710696","fromID":"1301933","toID":"1301936","formEdgeID":null},{"edgeID":"1710697","fromID":"1301936","toID":"1146451","formEdgeID":null},{"edgeID":"1710698","fromID":"1301938","toID":"1301937","formEdgeID":null},{"edgeID":"1710699","fromID":"1301939","toID":"1301938","formEdgeID":null},{"edgeID":"1710700","fromID":"1301937","toID":"1301940","formEdgeID":null},{"edgeID":"1710701","fromID":"1301940","toID":"1146456","formEdgeID":null},{"edgeID":"1710702","fromID":"1301941","toID":"1301930","formEdgeID":null},{"edgeID":"1710703","fromID":"1301932","toID":"1301941","formEdgeID":null},{"edgeID":"1710704","fromID":"1301870","toID":"1301942","formEdgeID":null},{"edgeID":"1710705","fromID":"1301942","toID":"1301874","formEdgeID":null},{"edgeID":"1710706","fromID":"1144896","toID":"1301943","formEdgeID":null},{"edgeID":"1710707","fromID":"1301943","toID":"1144894","formEdgeID":null},{"edgeID":"1710708","fromID":"1301942","toID":"1301944","formEdgeID":null},{"edgeID":"1710709","fromID":"1301944","toID":"1301943","formEdgeID":null},{"edgeID":"1710710","fromID":"1301874","toID":"1301945","formEdgeID":null},{"edgeID":"1710711","fromID":"1301945","toID":"1301878","formEdgeID":null},{"edgeID":"1710712","fromID":"1144898","toID":"1301946","formEdgeID":null},{"edgeID":"1710713","fromID":"1301946","toID":"1146386","formEdgeID":null},{"edgeID":"1710714","fromID":"1301878","toID":"1301947","formEdgeID":null},{"edgeID":"1710715","fromID":"1301947","toID":"1301882","formEdgeID":null},{"edgeID":"1710716","fromID":"1301947","toID":"1301948","formEdgeID":null},{"edgeID":"1710717","fromID":"1301948","toID":"1301946","formEdgeID":null},{"edgeID":"1710718","fromID":"1301882","toID":"1301949","formEdgeID":null},{"edgeID":"1710719","fromID":"1301949","toID":"1301886","formEdgeID":null},{"edgeID":"1710720","fromID":"1146394","toID":"1301950","formEdgeID":null},{"edgeID":"1710721","fromID":"1301950","toID":"1144898","formEdgeID":null},{"edgeID":"1710722","fromID":"1301949","toID":"1301951","formEdgeID":null},{"edgeID":"1710723","fromID":"1301951","toID":"1301950","formEdgeID":null},{"edgeID":"1710724","fromID":"1301886","toID":"1301952","formEdgeID":null},{"edgeID":"1710725","fromID":"1301952","toID":"1301890","formEdgeID":null},{"edgeID":"1710726","fromID":"1146399","toID":"1301953","formEdgeID":null},{"edgeID":"1710727","fromID":"1301953","toID":"1146394","formEdgeID":null},{"edgeID":"1710728","fromID":"1301952","toID":"1301954","formEdgeID":null},{"edgeID":"1710729","fromID":"1301954","toID":"1301953","formEdgeID":null},{"edgeID":"1710730","fromID":"1301890","toID":"1301955","formEdgeID":null},{"edgeID":"1710731","fromID":"1301955","toID":"1301894","formEdgeID":null},{"edgeID":"1710732","fromID":"1146404","toID":"1301956","formEdgeID":null},{"edgeID":"1710733","fromID":"1301956","toID":"1146399","formEdgeID":null},{"edgeID":"1710734","fromID":"1301955","toID":"1301957","formEdgeID":null},{"edgeID":"1710735","fromID":"1301957","toID":"1301956","formEdgeID":null},{"edgeID":"1710736","fromID":"1301894","toID":"1301958","formEdgeID":null},{"edgeID":"1710737","fromID":"1301958","toID":"1301898","formEdgeID":null},{"edgeID":"1710738","fromID":"1146414","toID":"1301959","formEdgeID":null},{"edgeID":"1710739","fromID":"1301959","toID":"1146404","formEdgeID":null},{"edgeID":"1710740","fromID":"1301898","toID":"1301960","formEdgeID":null},{"edgeID":"1710741","fromID":"1301960","toID":"1301902","formEdgeID":null},{"edgeID":"1710742","fromID":"1301960","toID":"1301961","formEdgeID":null},{"edgeID":"1710743","fromID":"1301961","toID":"1301959","formEdgeID":null},{"edgeID":"1710744","fromID":"1146414","toID":"1301962","formEdgeID":null},{"edgeID":"1710745","fromID":"1301962","toID":"1146424","formEdgeID":null},{"edgeID":"1710746","fromID":"1146419","toID":"1301962","formEdgeID":null},{"edgeID":"1710747","fromID":"1301902","toID":"1301963","formEdgeID":null},{"edgeID":"1710748","fromID":"1301963","toID":"1301910","formEdgeID":null},{"edgeID":"1710749","fromID":"1301906","toID":"1301964","formEdgeID":null},{"edgeID":"1710750","fromID":"1301964","toID":"1301910","formEdgeID":null},{"edgeID":"1710751","fromID":"1301963","toID":"1301965","formEdgeID":null},{"edgeID":"1710752","fromID":"1301965","toID":"1301962","formEdgeID":null},{"edgeID":"1710753","fromID":"1146429","toID":"1301966","formEdgeID":null},{"edgeID":"1710754","fromID":"1301966","toID":"1146419","formEdgeID":null},{"edgeID":"1710755","fromID":"1301906","toID":"1301967","formEdgeID":null},{"edgeID":"1710756","fromID":"1301967","toID":"1301914","formEdgeID":null},{"edgeID":"1710757","fromID":"1301967","toID":"1301968","formEdgeID":null},{"edgeID":"1710758","fromID":"1301968","toID":"1301966","formEdgeID":null},{"edgeID":"1710759","fromID":"1146439","toID":"1301969","formEdgeID":null},{"edgeID":"1710760","fromID":"1301969","toID":"1146429","formEdgeID":null},{"edgeID":"1710761","fromID":"1146439","toID":"1301970","formEdgeID":null},{"edgeID":"1710762","fromID":"1301970","toID":"1146434","formEdgeID":null},{"edgeID":"1710763","fromID":"1301918","toID":"1301971","formEdgeID":null},{"edgeID":"1710764","fromID":"1301971","toID":"1301922","formEdgeID":null},{"edgeID":"1710765","fromID":"1301971","toID":"1301972","formEdgeID":null},{"edgeID":"1710766","fromID":"1301972","toID":"1301970","formEdgeID":null},{"edgeID":"1710767","fromID":"1301914","toID":"1301973","formEdgeID":null},{"edgeID":"1710768","fromID":"1301973","toID":"1301922","formEdgeID":null},{"edgeID":"1710769","fromID":"1301973","toID":"1301974","formEdgeID":null},{"edgeID":"1710770","fromID":"1301974","toID":"1301969","formEdgeID":null},{"edgeID":"1710771","fromID":"1146444","toID":"1301975","formEdgeID":null},{"edgeID":"1710772","fromID":"1301975","toID":"1146439","formEdgeID":null},{"edgeID":"1710773","fromID":"1301926","toID":"1301976","formEdgeID":null},{"edgeID":"1710774","fromID":"1301976","toID":"1301922","formEdgeID":null},{"edgeID":"1710775","fromID":"1301976","toID":"1301977","formEdgeID":null},{"edgeID":"1710776","fromID":"1301977","toID":"1301975","formEdgeID":null},{"edgeID":"1710777","fromID":"1301979","toID":"1301978","formEdgeID":null},{"edgeID":"1710778","fromID":"1301980","toID":"1301979","formEdgeID":null},{"edgeID":"1710779","fromID":"1301978","toID":"1301981","formEdgeID":null},{"edgeID":"1710780","fromID":"1301981","toID":"1144900","formEdgeID":null},{"edgeID":"1710781","fromID":"1301982","toID":"1301937","formEdgeID":null},{"edgeID":"1710782","fromID":"1301939","toID":"1301982","formEdgeID":null},{"edgeID":"1710783","fromID":"1301937","toID":"1301983","formEdgeID":null},{"edgeID":"1710784","fromID":"1301983","toID":"1146501","formEdgeID":null},{"edgeID":"1710785","fromID":"1301926","toID":"1301984","formEdgeID":null},{"edgeID":"1710786","fromID":"1301984","toID":"1301978","formEdgeID":null},{"edgeID":"1710787","fromID":"1146501","toID":"1301985","formEdgeID":null},{"edgeID":"1710788","fromID":"1301985","toID":"1144900","formEdgeID":null},{"edgeID":"1710789","fromID":"1301978","toID":"1301986","formEdgeID":null},{"edgeID":"1710790","fromID":"1301986","toID":"1301937","formEdgeID":null},{"edgeID":"1710791","fromID":"1301986","toID":"1301987","formEdgeID":null},{"edgeID":"1710792","fromID":"1301987","toID":"1301985","formEdgeID":null},{"edgeID":"1710793","fromID":"1301937","toID":"1301988","formEdgeID":null},{"edgeID":"1710794","fromID":"1301988","toID":"1301930","formEdgeID":null},{"edgeID":"1710795","fromID":"1301988","toID":"1301989","formEdgeID":null},{"edgeID":"1710796","fromID":"1301989","toID":"1146501","formEdgeID":null},{"edgeID":"1710797","fromID":"1301930","toID":"1301990","formEdgeID":null},{"edgeID":"1710798","fromID":"1301990","toID":"1301933","formEdgeID":null},{"edgeID":"1710799","fromID":"1146456","toID":"1301991","formEdgeID":null},{"edgeID":"1710800","fromID":"1301991","toID":"1146451","formEdgeID":null},{"edgeID":"1710801","fromID":"1301933","toID":"1301992","formEdgeID":null},{"edgeID":"1710802","fromID":"1301992","toID":"1301937","formEdgeID":null},{"edgeID":"1710803","fromID":"1301992","toID":"1301993","formEdgeID":null},{"edgeID":"1710804","fromID":"1301993","toID":"1301991","formEdgeID":null},{"edgeID":"1710805","fromID":"1301937","toID":"1301994","formEdgeID":null},{"edgeID":"1710806","fromID":"1301994","toID":"1301930","formEdgeID":null},{"edgeID":"1710807","fromID":"1301994","toID":"1301995","formEdgeID":null},{"edgeID":"1710808","fromID":"1301995","toID":"1146456","formEdgeID":null}],"locutions":[]}