{"nodes":[{"nodeID":"1142698","text":"what the Ukrainians are negotiating, what they want, is to have a security guarantee as part of their neutrality","type":"I","timestamp":"2023-04-11 20:27:07"},{"nodeID":"1301058","text":"xxx is how hypocritical it is for the Chancellor to say to British companies to uninvest their money out of Russia but for him and his marriage to still have money invested in a company still operating in Russia","type":"I","timestamp":"2023-11-09 12:56:48"},{"nodeID":"1301059","text":"AudienceMember 20220310QT27: how hypocritical is it for the Chancellor to say to British companies to uninvest their money out of Russia but for him and his marriage to still have money invested in a company still operating in Russia","type":"L","timestamp":"2023-11-09 12:56:48"},{"nodeID":"1301060","text":"Analysing","type":"YA","timestamp":"2023-11-09 12:56:48"},{"nodeID":"1301061","text":"Anon: AudienceMember 20220310QT27: how hypocritical is it for the Chancellor to say to British companies to uninvest their money out of Russia but for him and his marriage to still have money invested in a company still operating in Russia","type":"L","timestamp":"2023-11-09 12:56:48"},{"nodeID":"1301062","text":"Pure Questioning","type":"YA","timestamp":"2023-11-09 12:56:48"},{"nodeID":"1301063","text":"it is or is not remotely acceptable for the Chancellor to have money invested in a company still operating in Russia if he's telling his people to uninvest","type":"I","timestamp":"2023-11-09 12:56:49"},{"nodeID":"1301064","text":"AudienceMember 20220310QT27: Is that remotely acceptable if he's telling his people to uninvest","type":"L","timestamp":"2023-11-09 12:56:49"},{"nodeID":"1301065","text":"Analysing","type":"YA","timestamp":"2023-11-09 12:56:49"},{"nodeID":"1301066","text":"Anon: AudienceMember 20220310QT27: Is that remotely acceptable if he's telling his people to uninvest","type":"L","timestamp":"2023-11-09 12:56:49"},{"nodeID":"1301067","text":"Pure Questioning","type":"YA","timestamp":"2023-11-09 12:56:49"},{"nodeID":"1301068","text":"Default Transition","type":"TA","timestamp":"2023-11-09 12:56:49"},{"nodeID":"1301069","text":"Default Rephrase","type":"MA","timestamp":"2023-11-09 12:56:49"},{"nodeID":"1301070","text":"Restating","type":"YA","timestamp":"2023-11-09 12:56:49"},{"nodeID":"1301071","text":"the Chancellor says he has no relationship to any company that works, invests in Russia","type":"I","timestamp":"2023-11-09 12:56:50"},{"nodeID":"1301072","text":"Victoria Derbyshire: He says he has no relationship to any company that works, invests in Russia","type":"L","timestamp":"2023-11-09 12:56:50"},{"nodeID":"1301073","text":"Analysing","type":"YA","timestamp":"2023-11-09 12:56:50"},{"nodeID":"1301074","text":"Anon: Victoria Derbyshire: He says he has no relationship to any company that works, invests in Russia","type":"L","timestamp":"2023-11-09 12:56:50"},{"nodeID":"1301075","text":"Asserting","type":"YA","timestamp":"2023-11-09 12:56:50"},{"nodeID":"1301076","text":"Default Transition","type":"TA","timestamp":"2023-11-09 12:56:50"},{"nodeID":"1301077","text":"Default Rephrase","type":"MA","timestamp":"2023-11-09 12:56:50"},{"nodeID":"1301078","text":"Default Illocuting","type":"YA","timestamp":"2023-11-09 12:56:50"},{"nodeID":"1301079","text":"the Ukrainians are negotiating now to be a neutral country, and are making a commitment not to join NATO","type":"I","timestamp":"2023-11-09 12:56:50"},{"nodeID":"1301080","text":"AudienceMember 20220310QT28: The Ukrainians are negotiating now to be a neutral country, and are making a commitment not to join NATO","type":"L","timestamp":"2023-11-09 12:56:50"},{"nodeID":"1301081","text":"Analysing","type":"YA","timestamp":"2023-11-09 12:56:50"},{"nodeID":"1301082","text":"Anon: AudienceMember 20220310QT28: The Ukrainians are negotiating now to be a neutral country, and are making a commitment not to join NATO","type":"L","timestamp":"2023-11-09 12:56:50"},{"nodeID":"1301083","text":"Asserting","type":"YA","timestamp":"2023-11-09 12:56:50"},{"nodeID":"1301084","text":"Default Transition","type":"TA","timestamp":"2023-11-09 12:56:50"},{"nodeID":"1301085","text":"AudienceMember 20220331QT28 wonders going back to that point about the 20th century, if taking a neutral stance had been taken before the war, whether we would even be in a war now","type":"I","timestamp":"2023-11-09 12:56:51"},{"nodeID":"1301086","text":"AudienceMember 20220310QT28: I just wonder going back to that point about the 20th century, if that stance had been taken before the war, whether we would even be in a war now","type":"L","timestamp":"2023-11-09 12:56:51"},{"nodeID":"1301087","text":"Analysing","type":"YA","timestamp":"2023-11-09 12:56:51"},{"nodeID":"1301088","text":"Anon: AudienceMember 20220310QT28: I just wonder going back to that point about the 20th century, if that stance had been taken before the war, whether we would even be in a war now","type":"L","timestamp":"2023-11-09 12:56:51"},{"nodeID":"1301089","text":"Asserting","type":"YA","timestamp":"2023-11-09 12:56:51"},{"nodeID":"1301090","text":"Default Transition","type":"TA","timestamp":"2023-11-09 12:56:51"},{"nodeID":"1301091","text":"Default Rephrase","type":"MA","timestamp":"2023-11-09 12:56:51"},{"nodeID":"1301092","text":"Restating","type":"YA","timestamp":"2023-11-09 12:56:51"},{"nodeID":"1301093","text":"Ukraine was neutral in 2014 and Russia invaded then","type":"I","timestamp":"2023-11-09 12:56:52"},{"nodeID":"1301094","text":"Julia Hartley-Brewer: They were neutral in 2014 and they invaded then","type":"L","timestamp":"2023-11-09 12:56:52"},{"nodeID":"1301095","text":"Analysing","type":"YA","timestamp":"2023-11-09 12:56:52"},{"nodeID":"1301096","text":"Anon: Julia Hartley-Brewer: They were neutral in 2014 and they invaded then","type":"L","timestamp":"2023-11-09 12:56:52"},{"nodeID":"1301097","text":"Asserting","type":"YA","timestamp":"2023-11-09 12:56:52"},{"nodeID":"1301098","text":"Default Transition","type":"TA","timestamp":"2023-11-09 12:56:52"},{"nodeID":"1301099","text":"Zanny Minton Beddoes: what they are negotiating, what they want, is to have a security guarantee as part of their neutrality","type":"L","timestamp":"2023-11-09 12:56:52"},{"nodeID":"1301100","text":"Analysing","type":"YA","timestamp":"2023-11-09 12:56:52"},{"nodeID":"1301101","text":"Anon: Zanny Minton Beddoes: what they are negotiating, what they want, is to have a security guarantee as part of their neutrality","type":"L","timestamp":"2023-11-09 12:56:52"},{"nodeID":"1301102","text":"Asserting","type":"YA","timestamp":"2023-11-09 12:56:52"},{"nodeID":"1301103","text":"Default Conflict","type":"CA","timestamp":"2023-11-09 12:56:52"},{"nodeID":"1301104","text":"Disagreeing","type":"YA","timestamp":"2023-11-09 12:56:52"},{"nodeID":"1301105","text":"a security guarantee, if it's a real security guarantee means that they're effectively alongside NATO","type":"I","timestamp":"2023-11-09 12:56:53"},{"nodeID":"1301106","text":"Zanny Minton Beddoes: a security guarantee, if it's a real security guarantee means that they're effectively alongside NATO","type":"L","timestamp":"2023-11-09 12:56:53"},{"nodeID":"1301107","text":"Analysing","type":"YA","timestamp":"2023-11-09 12:56:53"},{"nodeID":"1301108","text":"Anon: Zanny Minton Beddoes: a security guarantee, if it's a real security guarantee means that they're effectively alongside NATO","type":"L","timestamp":"2023-11-09 12:56:53"},{"nodeID":"1301109","text":"Asserting","type":"YA","timestamp":"2023-11-09 12:56:53"},{"nodeID":"1301110","text":"Default Rephrase","type":"MA","timestamp":"2023-11-09 12:56:53"},{"nodeID":"1301111","text":"Default Transition","type":"TA","timestamp":"2023-11-09 12:56:53"},{"nodeID":"1301112","text":"Restating","type":"YA","timestamp":"2023-11-09 12:56:53"},{"nodeID":"1301113","text":"Default Conflict","type":"CA","timestamp":"2023-11-09 12:56:53"},{"nodeID":"1301114","text":"Default Transition","type":"TA","timestamp":"2023-11-09 12:56:53"},{"nodeID":"1301115","text":"Disagreeing","type":"YA","timestamp":"2023-11-09 12:56:53"},{"nodeID":"1301116","text":"we need to start moving away from thinking that Ukrainians are somehow not getting something they want by not being part of NATO","type":"I","timestamp":"2023-11-09 12:56:53"},{"nodeID":"1301117","text":"Zanny Minton Beddoes: we need to start moving away from thinking that they are somehow not getting something they want by not being part of NATO","type":"L","timestamp":"2023-11-09 12:56:53"},{"nodeID":"1301118","text":"Analysing","type":"YA","timestamp":"2023-11-09 12:56:53"},{"nodeID":"1301119","text":"Anon: Zanny Minton Beddoes: we need to start moving away from thinking that they are somehow not getting something they want by not being part of NATO","type":"L","timestamp":"2023-11-09 12:56:53"},{"nodeID":"1301120","text":"Asserting","type":"YA","timestamp":"2023-11-09 12:56:53"},{"nodeID":"1301121","text":"Default Transition","type":"TA","timestamp":"2023-11-09 12:56:53"},{"nodeID":"1301122","text":"Default Inference","type":"RA","timestamp":"2023-11-09 12:56:53"},{"nodeID":"1301123","text":"Arguing","type":"YA","timestamp":"2023-11-09 12:56:53"},{"nodeID":"1301124","text":"Ukrainians will want to have some kind of security guarantee","type":"I","timestamp":"2023-11-09 12:56:54"},{"nodeID":"1301125","text":"Zanny Minton Beddoes: They will want to have some kind of security guarantee","type":"L","timestamp":"2023-11-09 12:56:54"},{"nodeID":"1301126","text":"Analysing","type":"YA","timestamp":"2023-11-09 12:56:54"},{"nodeID":"1301127","text":"Anon: Zanny Minton Beddoes: They will want to have some kind of security guarantee","type":"L","timestamp":"2023-11-09 12:56:54"},{"nodeID":"1301128","text":"Asserting","type":"YA","timestamp":"2023-11-09 12:56:54"},{"nodeID":"1301129","text":"Default Transition","type":"TA","timestamp":"2023-11-09 12:56:54"},{"nodeID":"1301130","text":"Default Rephrase","type":"MA","timestamp":"2023-11-09 12:56:54"},{"nodeID":"1301131","text":"Restating","type":"YA","timestamp":"2023-11-09 12:56:54"}],"edges":[{"edgeID":"1709597","fromID":"1301060","toID":"1301059","formEdgeID":null},{"edgeID":"1709598","fromID":"1301061","toID":"1301060","formEdgeID":null},{"edgeID":"1709599","fromID":"1301059","toID":"1301062","formEdgeID":null},{"edgeID":"1709600","fromID":"1301062","toID":"1301058","formEdgeID":null},{"edgeID":"1709601","fromID":"1301065","toID":"1301064","formEdgeID":null},{"edgeID":"1709602","fromID":"1301066","toID":"1301065","formEdgeID":null},{"edgeID":"1709603","fromID":"1301064","toID":"1301067","formEdgeID":null},{"edgeID":"1709604","fromID":"1301067","toID":"1301063","formEdgeID":null},{"edgeID":"1709605","fromID":"1301059","toID":"1301068","formEdgeID":null},{"edgeID":"1709606","fromID":"1301068","toID":"1301064","formEdgeID":null},{"edgeID":"1709607","fromID":"1301063","toID":"1301069","formEdgeID":null},{"edgeID":"1709608","fromID":"1301069","toID":"1301058","formEdgeID":null},{"edgeID":"1709609","fromID":"1301068","toID":"1301070","formEdgeID":null},{"edgeID":"1709610","fromID":"1301070","toID":"1301069","formEdgeID":null},{"edgeID":"1709611","fromID":"1301073","toID":"1301072","formEdgeID":null},{"edgeID":"1709612","fromID":"1301074","toID":"1301073","formEdgeID":null},{"edgeID":"1709613","fromID":"1301072","toID":"1301075","formEdgeID":null},{"edgeID":"1709614","fromID":"1301075","toID":"1301071","formEdgeID":null},{"edgeID":"1709615","fromID":"1301064","toID":"1301076","formEdgeID":null},{"edgeID":"1709616","fromID":"1301076","toID":"1301072","formEdgeID":null},{"edgeID":"1709617","fromID":"1301071","toID":"1301077","formEdgeID":null},{"edgeID":"1709618","fromID":"1301077","toID":"1301063","formEdgeID":null},{"edgeID":"1709619","fromID":"1301076","toID":"1301078","formEdgeID":null},{"edgeID":"1709620","fromID":"1301078","toID":"1301077","formEdgeID":null},{"edgeID":"1709621","fromID":"1301081","toID":"1301080","formEdgeID":null},{"edgeID":"1709622","fromID":"1301082","toID":"1301081","formEdgeID":null},{"edgeID":"1709623","fromID":"1301080","toID":"1301083","formEdgeID":null},{"edgeID":"1709624","fromID":"1301083","toID":"1301079","formEdgeID":null},{"edgeID":"1709625","fromID":"1301072","toID":"1301084","formEdgeID":null},{"edgeID":"1709626","fromID":"1301084","toID":"1301080","formEdgeID":null},{"edgeID":"1709627","fromID":"1301087","toID":"1301086","formEdgeID":null},{"edgeID":"1709628","fromID":"1301088","toID":"1301087","formEdgeID":null},{"edgeID":"1709629","fromID":"1301086","toID":"1301089","formEdgeID":null},{"edgeID":"1709630","fromID":"1301089","toID":"1301085","formEdgeID":null},{"edgeID":"1709631","fromID":"1301080","toID":"1301090","formEdgeID":null},{"edgeID":"1709632","fromID":"1301090","toID":"1301086","formEdgeID":null},{"edgeID":"1709633","fromID":"1301085","toID":"1301091","formEdgeID":null},{"edgeID":"1709634","fromID":"1301091","toID":"1301079","formEdgeID":null},{"edgeID":"1709635","fromID":"1301090","toID":"1301092","formEdgeID":null},{"edgeID":"1709636","fromID":"1301092","toID":"1301091","formEdgeID":null},{"edgeID":"1709637","fromID":"1301095","toID":"1301094","formEdgeID":null},{"edgeID":"1709638","fromID":"1301096","toID":"1301095","formEdgeID":null},{"edgeID":"1709639","fromID":"1301094","toID":"1301097","formEdgeID":null},{"edgeID":"1709640","fromID":"1301097","toID":"1301093","formEdgeID":null},{"edgeID":"1709641","fromID":"1301086","toID":"1301098","formEdgeID":null},{"edgeID":"1709642","fromID":"1301098","toID":"1301094","formEdgeID":null},{"edgeID":"1709643","fromID":"1301100","toID":"1301099","formEdgeID":null},{"edgeID":"1709644","fromID":"1301101","toID":"1301100","formEdgeID":null},{"edgeID":"1709645","fromID":"1301099","toID":"1301102","formEdgeID":null},{"edgeID":"1709646","fromID":"1301102","toID":"1142698","formEdgeID":null},{"edgeID":"1709647","fromID":"1301093","toID":"1301103","formEdgeID":null},{"edgeID":"1709648","fromID":"1301103","toID":"1301085","formEdgeID":null},{"edgeID":"1709649","fromID":"1301098","toID":"1301104","formEdgeID":null},{"edgeID":"1709650","fromID":"1301104","toID":"1301103","formEdgeID":null},{"edgeID":"1709651","fromID":"1301107","toID":"1301106","formEdgeID":null},{"edgeID":"1709652","fromID":"1301108","toID":"1301107","formEdgeID":null},{"edgeID":"1709653","fromID":"1301106","toID":"1301109","formEdgeID":null},{"edgeID":"1709654","fromID":"1301109","toID":"1301105","formEdgeID":null},{"edgeID":"1709655","fromID":"1142698","toID":"1301110","formEdgeID":null},{"edgeID":"1709656","fromID":"1301110","toID":"1301085","formEdgeID":null},{"edgeID":"1709657","fromID":"1301086","toID":"1301111","formEdgeID":null},{"edgeID":"1709658","fromID":"1301111","toID":"1301099","formEdgeID":null},{"edgeID":"1709659","fromID":"1301111","toID":"1301112","formEdgeID":null},{"edgeID":"1709660","fromID":"1301112","toID":"1301110","formEdgeID":null},{"edgeID":"1709661","fromID":"1301105","toID":"1301113","formEdgeID":null},{"edgeID":"1709662","fromID":"1301113","toID":"1301079","formEdgeID":null},{"edgeID":"1709663","fromID":"1301080","toID":"1301114","formEdgeID":null},{"edgeID":"1709664","fromID":"1301114","toID":"1301106","formEdgeID":null},{"edgeID":"1709665","fromID":"1301114","toID":"1301115","formEdgeID":null},{"edgeID":"1709666","fromID":"1301115","toID":"1301113","formEdgeID":null},{"edgeID":"1709667","fromID":"1301118","toID":"1301117","formEdgeID":null},{"edgeID":"1709668","fromID":"1301119","toID":"1301118","formEdgeID":null},{"edgeID":"1709669","fromID":"1301117","toID":"1301120","formEdgeID":null},{"edgeID":"1709670","fromID":"1301120","toID":"1301116","formEdgeID":null},{"edgeID":"1709671","fromID":"1301106","toID":"1301121","formEdgeID":null},{"edgeID":"1709672","fromID":"1301121","toID":"1301117","formEdgeID":null},{"edgeID":"1709673","fromID":"1301105","toID":"1301122","formEdgeID":null},{"edgeID":"1709674","fromID":"1301122","toID":"1301116","formEdgeID":null},{"edgeID":"1709675","fromID":"1301121","toID":"1301123","formEdgeID":null},{"edgeID":"1709676","fromID":"1301123","toID":"1301122","formEdgeID":null},{"edgeID":"1709677","fromID":"1301126","toID":"1301125","formEdgeID":null},{"edgeID":"1709678","fromID":"1301127","toID":"1301126","formEdgeID":null},{"edgeID":"1709679","fromID":"1301125","toID":"1301128","formEdgeID":null},{"edgeID":"1709680","fromID":"1301128","toID":"1301124","formEdgeID":null},{"edgeID":"1709681","fromID":"1301117","toID":"1301129","formEdgeID":null},{"edgeID":"1709682","fromID":"1301129","toID":"1301125","formEdgeID":null},{"edgeID":"1709683","fromID":"1301124","toID":"1301130","formEdgeID":null},{"edgeID":"1709684","fromID":"1301130","toID":"1301116","formEdgeID":null},{"edgeID":"1709685","fromID":"1301129","toID":"1301131","formEdgeID":null},{"edgeID":"1709686","fromID":"1301131","toID":"1301130","formEdgeID":null}],"locutions":[]}