{"nodes":[{"nodeID":"1141987","text":"we can't fight Vladimir Putin with blankets","type":"I","timestamp":"2023-04-11 20:02:29"},{"nodeID":"1142046","text":"Vladimir Putin told us he was going to invade Ukraine","type":"I","timestamp":"2023-04-11 20:03:04"},{"nodeID":"1142062","text":"Vladimir Putin amassed the troops","type":"I","timestamp":"2023-04-11 20:03:13"},{"nodeID":"1142073","text":"in the West we did nothing","type":"I","timestamp":"2023-04-11 20:03:22"},{"nodeID":"1142087","text":"zilch","type":"I","timestamp":"2023-04-11 20:03:33"},{"nodeID":"1142130","text":"if we had said you can come in and you can be an associate member of NATO","type":"I","timestamp":"2023-04-11 20:03:57"},{"nodeID":"1301132","text":"As a Ukrainian MP said to me this week, it's all very well sending us blankets","type":"I","timestamp":"2023-11-09 12:56:55"},{"nodeID":"1301133","text":"Julia Hartley-Brewer: As a Ukrainian MP said to me this week, it's all very well sending us blankets","type":"L","timestamp":"2023-11-09 12:56:55"},{"nodeID":"1301134","text":"Analysing","type":"YA","timestamp":"2023-11-09 12:56:55"},{"nodeID":"1301135","text":"Anon: Julia Hartley-Brewer: As a Ukrainian MP said to me this week, it's all very well sending us blankets","type":"L","timestamp":"2023-11-09 12:56:55"},{"nodeID":"1301136","text":"Asserting","type":"YA","timestamp":"2023-11-09 12:56:55"},{"nodeID":"1301137","text":"Julia Hartley-Brewer: we can't fight Vladimir Putin with blankets","type":"L","timestamp":"2023-11-09 12:56:55"},{"nodeID":"1301138","text":"Analysing","type":"YA","timestamp":"2023-11-09 12:56:55"},{"nodeID":"1301139","text":"Anon: Julia Hartley-Brewer: we can't fight Vladimir Putin with blankets","type":"L","timestamp":"2023-11-09 12:56:55"},{"nodeID":"1301140","text":"Asserting","type":"YA","timestamp":"2023-11-09 12:56:55"},{"nodeID":"1301141","text":"Default Transition","type":"TA","timestamp":"2023-11-09 12:56:55"},{"nodeID":"1301142","text":"Ukraine need anti-tank missiles","type":"I","timestamp":"2023-11-09 12:56:56"},{"nodeID":"1301143","text":"Julia Hartley-Brewer: We need anti-tank missiles","type":"L","timestamp":"2023-11-09 12:56:56"},{"nodeID":"1301144","text":"Analysing","type":"YA","timestamp":"2023-11-09 12:56:56"},{"nodeID":"1301145","text":"Anon: Julia Hartley-Brewer: We need anti-tank missiles","type":"L","timestamp":"2023-11-09 12:56:56"},{"nodeID":"1301146","text":"Asserting","type":"YA","timestamp":"2023-11-09 12:56:56"},{"nodeID":"1301147","text":"Default Transition","type":"TA","timestamp":"2023-11-09 12:56:56"},{"nodeID":"1301148","text":"Default Inference","type":"RA","timestamp":"2023-11-09 12:56:56"},{"nodeID":"1301149","text":"Arguing","type":"YA","timestamp":"2023-11-09 12:56:56"},{"nodeID":"1301150","text":"anti-tank missiles are what the British are sending","type":"I","timestamp":"2023-11-09 12:56:56"},{"nodeID":"1301151","text":"Julia Hartley-Brewer: which is what the British are sending","type":"L","timestamp":"2023-11-09 12:56:56"},{"nodeID":"1301152","text":"Analysing","type":"YA","timestamp":"2023-11-09 12:56:56"},{"nodeID":"1301153","text":"Anon: Julia Hartley-Brewer: which is what the British are sending","type":"L","timestamp":"2023-11-09 12:56:56"},{"nodeID":"1301154","text":"Asserting","type":"YA","timestamp":"2023-11-09 12:56:56"},{"nodeID":"1301155","text":"Default Transition","type":"TA","timestamp":"2023-11-09 12:56:56"},{"nodeID":"1301156","text":"the key thing Jullia Hartley-Brewer thinks we should remember from this is, this war was always going to happen","type":"I","timestamp":"2023-11-09 12:56:57"},{"nodeID":"1301157","text":"Julia Hartley-Brewer: the key thing I think we should remember from this is, this war was always going to happen","type":"L","timestamp":"2023-11-09 12:56:57"},{"nodeID":"1301158","text":"Analysing","type":"YA","timestamp":"2023-11-09 12:56:57"},{"nodeID":"1301159","text":"Anon: Julia Hartley-Brewer: the key thing I think we should remember from this is, this war was always going to happen","type":"L","timestamp":"2023-11-09 12:56:57"},{"nodeID":"1301160","text":"Asserting","type":"YA","timestamp":"2023-11-09 12:56:57"},{"nodeID":"1301161","text":"Default Transition","type":"TA","timestamp":"2023-11-09 12:56:57"},{"nodeID":"1301162","text":"Julia Hartley-Brewer: Vladimir Putin told us he was going to do it","type":"L","timestamp":"2023-11-09 12:56:58"},{"nodeID":"1301163","text":"Analysing","type":"YA","timestamp":"2023-11-09 12:56:58"},{"nodeID":"1301164","text":"Anon: Julia Hartley-Brewer: Vladimir Putin told us he was going to do it","type":"L","timestamp":"2023-11-09 12:56:58"},{"nodeID":"1301165","text":"Asserting","type":"YA","timestamp":"2023-11-09 12:56:58"},{"nodeID":"1301166","text":"Default Inference","type":"RA","timestamp":"2023-11-09 12:56:58"},{"nodeID":"1301167","text":"Default Transition","type":"TA","timestamp":"2023-11-09 12:56:58"},{"nodeID":"1301168","text":"Arguing","type":"YA","timestamp":"2023-11-09 12:56:58"},{"nodeID":"1301169","text":"Julia Hartley-Brewer: he amassed the troops","type":"L","timestamp":"2023-11-09 12:56:58"},{"nodeID":"1301170","text":"Analysing","type":"YA","timestamp":"2023-11-09 12:56:58"},{"nodeID":"1301171","text":"Anon: Julia Hartley-Brewer: he amassed the troops","type":"L","timestamp":"2023-11-09 12:56:58"},{"nodeID":"1301172","text":"Asserting","type":"YA","timestamp":"2023-11-09 12:56:58"},{"nodeID":"1301173","text":"Default Rephrase","type":"MA","timestamp":"2023-11-09 12:56:58"},{"nodeID":"1301174","text":"Default Transition","type":"TA","timestamp":"2023-11-09 12:56:58"},{"nodeID":"1301175","text":"Restating","type":"YA","timestamp":"2023-11-09 12:56:58"},{"nodeID":"1301176","text":"Julia Hartley-Brewer: in the West we did nothing","type":"L","timestamp":"2023-11-09 12:56:59"},{"nodeID":"1301177","text":"Analysing","type":"YA","timestamp":"2023-11-09 12:56:59"},{"nodeID":"1301178","text":"Anon: Julia Hartley-Brewer: in the West we did nothing","type":"L","timestamp":"2023-11-09 12:56:59"},{"nodeID":"1301179","text":"Asserting","type":"YA","timestamp":"2023-11-09 12:56:59"},{"nodeID":"1301180","text":"Default Transition","type":"TA","timestamp":"2023-11-09 12:56:59"},{"nodeID":"1301181","text":"Julia Hartley-Brewer: Zilch","type":"L","timestamp":"2023-11-09 12:56:59"},{"nodeID":"1301182","text":"Analysing","type":"YA","timestamp":"2023-11-09 12:56:59"},{"nodeID":"1301183","text":"Anon: Julia Hartley-Brewer: Zilch","type":"L","timestamp":"2023-11-09 12:56:59"},{"nodeID":"1301184","text":"Asserting","type":"YA","timestamp":"2023-11-09 12:56:59"},{"nodeID":"1301185","text":"Default Transition","type":"TA","timestamp":"2023-11-09 12:56:59"},{"nodeID":"1301186","text":"Default Rephrase","type":"MA","timestamp":"2023-11-09 12:56:59"},{"nodeID":"1301187","text":"Restating","type":"YA","timestamp":"2023-11-09 12:56:59"},{"nodeID":"1301188","text":"nothing in terms of to actually deter Vladimir Putin from invading Ukraine","type":"I","timestamp":"2023-11-09 12:57:00"},{"nodeID":"1301189","text":"Julia Hartley-Brewer: Nothing in terms of to actually deter him from doing that","type":"L","timestamp":"2023-11-09 12:57:00"},{"nodeID":"1301190","text":"Analysing","type":"YA","timestamp":"2023-11-09 12:57:00"},{"nodeID":"1301191","text":"Anon: Julia Hartley-Brewer: Nothing in terms of to actually deter him from doing that","type":"L","timestamp":"2023-11-09 12:57:00"},{"nodeID":"1301192","text":"Asserting","type":"YA","timestamp":"2023-11-09 12:57:00"},{"nodeID":"1301193","text":"Default Rephrase","type":"MA","timestamp":"2023-11-09 12:57:00"},{"nodeID":"1301194","text":"Default Transition","type":"TA","timestamp":"2023-11-09 12:57:00"},{"nodeID":"1301195","text":"Restating","type":"YA","timestamp":"2023-11-09 12:57:00"},{"nodeID":"1301196","text":"if we had acted sooner","type":"I","timestamp":"2023-11-09 12:57:00"},{"nodeID":"1301197","text":"Julia Hartley-Brewer: If we had acted sooner","type":"L","timestamp":"2023-11-09 12:57:00"},{"nodeID":"1301198","text":"Analysing","type":"YA","timestamp":"2023-11-09 12:57:00"},{"nodeID":"1301199","text":"Anon: Julia Hartley-Brewer: If we had acted sooner","type":"L","timestamp":"2023-11-09 12:57:00"},{"nodeID":"1301200","text":"Asserting","type":"YA","timestamp":"2023-11-09 12:57:00"},{"nodeID":"1301201","text":"Default Transition","type":"TA","timestamp":"2023-11-09 12:57:00"},{"nodeID":"1301202","text":"if NATO troops had gone to the border","type":"I","timestamp":"2023-11-09 12:57:01"},{"nodeID":"1301203","text":"Julia Hartley-Brewer: if NATO troops had gone to the border","type":"L","timestamp":"2023-11-09 12:57:01"},{"nodeID":"1301204","text":"Analysing","type":"YA","timestamp":"2023-11-09 12:57:01"},{"nodeID":"1301205","text":"Anon: Julia Hartley-Brewer: if NATO troops had gone to the border","type":"L","timestamp":"2023-11-09 12:57:01"},{"nodeID":"1301206","text":"Asserting","type":"YA","timestamp":"2023-11-09 12:57:01"},{"nodeID":"1301207","text":"Default Transition","type":"TA","timestamp":"2023-11-09 12:57:01"},{"nodeID":"1301208","text":"Julia Hartley-Brewer: if we had said you can come in and you can be an associate member of NATO","type":"L","timestamp":"2023-11-09 12:57:02"},{"nodeID":"1301209","text":"Analysing","type":"YA","timestamp":"2023-11-09 12:57:02"},{"nodeID":"1301210","text":"Anon: Julia Hartley-Brewer: if we had said you can come in and you can be an associate member of NATO","type":"L","timestamp":"2023-11-09 12:57:02"},{"nodeID":"1301211","text":"Asserting","type":"YA","timestamp":"2023-11-09 12:57:02"},{"nodeID":"1301212","text":"Default Transition","type":"TA","timestamp":"2023-11-09 12:57:02"},{"nodeID":"1301213","text":"Default Rephrase","type":"MA","timestamp":"2023-11-09 12:57:02"},{"nodeID":"1301214","text":"Restating","type":"YA","timestamp":"2023-11-09 12:57:02"},{"nodeID":"1301215","text":"Default Rephrase","type":"MA","timestamp":"2023-11-09 12:57:02"},{"nodeID":"1301216","text":"Restating","type":"YA","timestamp":"2023-11-09 12:57:02"},{"nodeID":"1301217","text":"one steel toecap of a Russian soldier into Ukrainian territory and we will act","type":"I","timestamp":"2023-11-09 12:57:02"},{"nodeID":"1301218","text":"Julia Hartley-Brewer: one steel toecap of a Russian soldier into Ukrainian territory and we will act","type":"L","timestamp":"2023-11-09 12:57:02"},{"nodeID":"1301219","text":"Analysing","type":"YA","timestamp":"2023-11-09 12:57:02"},{"nodeID":"1301220","text":"Anon: Julia Hartley-Brewer: one steel toecap of a Russian soldier into Ukrainian territory and we will act","type":"L","timestamp":"2023-11-09 12:57:02"},{"nodeID":"1301221","text":"Asserting","type":"YA","timestamp":"2023-11-09 12:57:02"},{"nodeID":"1301222","text":"Default Transition","type":"TA","timestamp":"2023-11-09 12:57:02"},{"nodeID":"1301223","text":"Default Rephrase","type":"MA","timestamp":"2023-11-09 12:57:02"},{"nodeID":"1301224","text":"Restating","type":"YA","timestamp":"2023-11-09 12:57:02"},{"nodeID":"1301225","text":"we could've acted sooner","type":"I","timestamp":"2023-11-09 12:57:03"},{"nodeID":"1301226","text":"Julia Hartley-Brewer: we could've done that","type":"L","timestamp":"2023-11-09 12:57:03"},{"nodeID":"1301227","text":"Analysing","type":"YA","timestamp":"2023-11-09 12:57:03"},{"nodeID":"1301228","text":"Anon: Julia Hartley-Brewer: we could've done that","type":"L","timestamp":"2023-11-09 12:57:03"},{"nodeID":"1301229","text":"Asserting","type":"YA","timestamp":"2023-11-09 12:57:03"},{"nodeID":"1301230","text":"Default Transition","type":"TA","timestamp":"2023-11-09 12:57:03"},{"nodeID":"1301231","text":"Julia Hartley-Brewer tells you who's watching all this time, Xi Jinping of China","type":"I","timestamp":"2023-11-09 12:57:03"},{"nodeID":"1301232","text":"Julia Hartley-Brewer: I tell you who's watching all this time, Xi Jinping of China","type":"L","timestamp":"2023-11-09 12:57:03"},{"nodeID":"1301233","text":"Analysing","type":"YA","timestamp":"2023-11-09 12:57:03"},{"nodeID":"1301234","text":"Anon: Julia Hartley-Brewer: I tell you who's watching all this time, Xi Jinping of China","type":"L","timestamp":"2023-11-09 12:57:03"},{"nodeID":"1301235","text":"Asserting","type":"YA","timestamp":"2023-11-09 12:57:03"},{"nodeID":"1301236","text":"Default Transition","type":"TA","timestamp":"2023-11-09 12:57:03"},{"nodeID":"1301237","text":"if we don't act, and we don't make sure the Ukrainians are victorious we will look back on these as our halcyon days","type":"I","timestamp":"2023-11-09 12:57:04"},{"nodeID":"1301238","text":"Julia Hartley-Brewer: if we don't act, and we don't make sure the Ukrainians are victorious we will look back on these as our halcyon days","type":"L","timestamp":"2023-11-09 12:57:04"},{"nodeID":"1301239","text":"Analysing","type":"YA","timestamp":"2023-11-09 12:57:04"},{"nodeID":"1301240","text":"Anon: Julia Hartley-Brewer: if we don't act, and we don't make sure the Ukrainians are victorious we will look back on these as our halcyon days","type":"L","timestamp":"2023-11-09 12:57:04"},{"nodeID":"1301241","text":"Asserting","type":"YA","timestamp":"2023-11-09 12:57:04"},{"nodeID":"1301242","text":"Default Transition","type":"TA","timestamp":"2023-11-09 12:57:04"},{"nodeID":"1301243","text":"Default Inference","type":"RA","timestamp":"2023-11-09 12:57:04"},{"nodeID":"1301244","text":"Arguing","type":"YA","timestamp":"2023-11-09 12:57:04"},{"nodeID":"1301245","text":"Default Conflict","type":"CA","timestamp":"2023-11-09 12:57:04"},{"nodeID":"1301246","text":"Disagreeing","type":"YA","timestamp":"2023-11-09 12:57:04"},{"nodeID":"1301247","text":"Default Inference","type":"RA","timestamp":"2023-11-09 12:57:04"},{"nodeID":"1301248","text":"Arguing","type":"YA","timestamp":"2023-11-09 12:57:04"}],"edges":[{"edgeID":"1709687","fromID":"1301134","toID":"1301133","formEdgeID":null},{"edgeID":"1709688","fromID":"1301135","toID":"1301134","formEdgeID":null},{"edgeID":"1709689","fromID":"1301133","toID":"1301136","formEdgeID":null},{"edgeID":"1709690","fromID":"1301136","toID":"1301132","formEdgeID":null},{"edgeID":"1709691","fromID":"1301138","toID":"1301137","formEdgeID":null},{"edgeID":"1709692","fromID":"1301139","toID":"1301138","formEdgeID":null},{"edgeID":"1709693","fromID":"1301137","toID":"1301140","formEdgeID":null},{"edgeID":"1709694","fromID":"1301140","toID":"1141987","formEdgeID":null},{"edgeID":"1709695","fromID":"1301133","toID":"1301141","formEdgeID":null},{"edgeID":"1709696","fromID":"1301141","toID":"1301137","formEdgeID":null},{"edgeID":"1709697","fromID":"1301144","toID":"1301143","formEdgeID":null},{"edgeID":"1709698","fromID":"1301145","toID":"1301144","formEdgeID":null},{"edgeID":"1709699","fromID":"1301143","toID":"1301146","formEdgeID":null},{"edgeID":"1709700","fromID":"1301146","toID":"1301142","formEdgeID":null},{"edgeID":"1709701","fromID":"1301137","toID":"1301147","formEdgeID":null},{"edgeID":"1709702","fromID":"1301147","toID":"1301143","formEdgeID":null},{"edgeID":"1709703","fromID":"1141987","toID":"1301148","formEdgeID":null},{"edgeID":"1709704","fromID":"1301148","toID":"1301142","formEdgeID":null},{"edgeID":"1709705","fromID":"1301147","toID":"1301149","formEdgeID":null},{"edgeID":"1709706","fromID":"1301149","toID":"1301148","formEdgeID":null},{"edgeID":"1709707","fromID":"1301152","toID":"1301151","formEdgeID":null},{"edgeID":"1709708","fromID":"1301153","toID":"1301152","formEdgeID":null},{"edgeID":"1709709","fromID":"1301151","toID":"1301154","formEdgeID":null},{"edgeID":"1709710","fromID":"1301154","toID":"1301150","formEdgeID":null},{"edgeID":"1709711","fromID":"1301143","toID":"1301155","formEdgeID":null},{"edgeID":"1709712","fromID":"1301155","toID":"1301151","formEdgeID":null},{"edgeID":"1709713","fromID":"1301158","toID":"1301157","formEdgeID":null},{"edgeID":"1709714","fromID":"1301159","toID":"1301158","formEdgeID":null},{"edgeID":"1709715","fromID":"1301157","toID":"1301160","formEdgeID":null},{"edgeID":"1709716","fromID":"1301160","toID":"1301156","formEdgeID":null},{"edgeID":"1709717","fromID":"1301151","toID":"1301161","formEdgeID":null},{"edgeID":"1709718","fromID":"1301161","toID":"1301157","formEdgeID":null},{"edgeID":"1709719","fromID":"1301163","toID":"1301162","formEdgeID":null},{"edgeID":"1709720","fromID":"1301164","toID":"1301163","formEdgeID":null},{"edgeID":"1709721","fromID":"1301162","toID":"1301165","formEdgeID":null},{"edgeID":"1709722","fromID":"1301165","toID":"1142046","formEdgeID":null},{"edgeID":"1709723","fromID":"1142046","toID":"1301166","formEdgeID":null},{"edgeID":"1709724","fromID":"1301166","toID":"1301156","formEdgeID":null},{"edgeID":"1709725","fromID":"1301157","toID":"1301167","formEdgeID":null},{"edgeID":"1709726","fromID":"1301167","toID":"1301162","formEdgeID":null},{"edgeID":"1709727","fromID":"1301167","toID":"1301168","formEdgeID":null},{"edgeID":"1709728","fromID":"1301168","toID":"1301166","formEdgeID":null},{"edgeID":"1709729","fromID":"1301170","toID":"1301169","formEdgeID":null},{"edgeID":"1709730","fromID":"1301171","toID":"1301170","formEdgeID":null},{"edgeID":"1709731","fromID":"1301169","toID":"1301172","formEdgeID":null},{"edgeID":"1709732","fromID":"1301172","toID":"1142062","formEdgeID":null},{"edgeID":"1709733","fromID":"1142062","toID":"1301173","formEdgeID":null},{"edgeID":"1709734","fromID":"1301173","toID":"1142046","formEdgeID":null},{"edgeID":"1709735","fromID":"1301162","toID":"1301174","formEdgeID":null},{"edgeID":"1709736","fromID":"1301174","toID":"1301169","formEdgeID":null},{"edgeID":"1709737","fromID":"1301174","toID":"1301175","formEdgeID":null},{"edgeID":"1709738","fromID":"1301175","toID":"1301173","formEdgeID":null},{"edgeID":"1709739","fromID":"1301177","toID":"1301176","formEdgeID":null},{"edgeID":"1709740","fromID":"1301178","toID":"1301177","formEdgeID":null},{"edgeID":"1709741","fromID":"1301176","toID":"1301179","formEdgeID":null},{"edgeID":"1709742","fromID":"1301179","toID":"1142073","formEdgeID":null},{"edgeID":"1709743","fromID":"1301169","toID":"1301180","formEdgeID":null},{"edgeID":"1709744","fromID":"1301180","toID":"1301176","formEdgeID":null},{"edgeID":"1709745","fromID":"1301182","toID":"1301181","formEdgeID":null},{"edgeID":"1709746","fromID":"1301183","toID":"1301182","formEdgeID":null},{"edgeID":"1709747","fromID":"1301181","toID":"1301184","formEdgeID":null},{"edgeID":"1709748","fromID":"1301184","toID":"1142087","formEdgeID":null},{"edgeID":"1709749","fromID":"1301176","toID":"1301185","formEdgeID":null},{"edgeID":"1709750","fromID":"1301185","toID":"1301181","formEdgeID":null},{"edgeID":"1709751","fromID":"1142087","toID":"1301186","formEdgeID":null},{"edgeID":"1709752","fromID":"1301186","toID":"1142073","formEdgeID":null},{"edgeID":"1709753","fromID":"1301185","toID":"1301187","formEdgeID":null},{"edgeID":"1709754","fromID":"1301187","toID":"1301186","formEdgeID":null},{"edgeID":"1709755","fromID":"1301190","toID":"1301189","formEdgeID":null},{"edgeID":"1709756","fromID":"1301191","toID":"1301190","formEdgeID":null},{"edgeID":"1709757","fromID":"1301189","toID":"1301192","formEdgeID":null},{"edgeID":"1709758","fromID":"1301192","toID":"1301188","formEdgeID":null},{"edgeID":"1709759","fromID":"1301188","toID":"1301193","formEdgeID":null},{"edgeID":"1709760","fromID":"1301193","toID":"1142073","formEdgeID":null},{"edgeID":"1709761","fromID":"1301176","toID":"1301194","formEdgeID":null},{"edgeID":"1709762","fromID":"1301194","toID":"1301189","formEdgeID":null},{"edgeID":"1709763","fromID":"1301194","toID":"1301195","formEdgeID":null},{"edgeID":"1709764","fromID":"1301195","toID":"1301193","formEdgeID":null},{"edgeID":"1709765","fromID":"1301198","toID":"1301197","formEdgeID":null},{"edgeID":"1709766","fromID":"1301199","toID":"1301198","formEdgeID":null},{"edgeID":"1709767","fromID":"1301197","toID":"1301200","formEdgeID":null},{"edgeID":"1709768","fromID":"1301200","toID":"1301196","formEdgeID":null},{"edgeID":"1709769","fromID":"1301189","toID":"1301201","formEdgeID":null},{"edgeID":"1709770","fromID":"1301201","toID":"1301197","formEdgeID":null},{"edgeID":"1709771","fromID":"1301204","toID":"1301203","formEdgeID":null},{"edgeID":"1709772","fromID":"1301205","toID":"1301204","formEdgeID":null},{"edgeID":"1709773","fromID":"1301203","toID":"1301206","formEdgeID":null},{"edgeID":"1709774","fromID":"1301206","toID":"1301202","formEdgeID":null},{"edgeID":"1709775","fromID":"1301197","toID":"1301207","formEdgeID":null},{"edgeID":"1709776","fromID":"1301207","toID":"1301203","formEdgeID":null},{"edgeID":"1709777","fromID":"1301209","toID":"1301208","formEdgeID":null},{"edgeID":"1709778","fromID":"1301210","toID":"1301209","formEdgeID":null},{"edgeID":"1709779","fromID":"1301208","toID":"1301211","formEdgeID":null},{"edgeID":"1709780","fromID":"1301211","toID":"1142130","formEdgeID":null},{"edgeID":"1709781","fromID":"1301203","toID":"1301212","formEdgeID":null},{"edgeID":"1709782","fromID":"1301212","toID":"1301208","formEdgeID":null},{"edgeID":"1709783","fromID":"1301202","toID":"1301213","formEdgeID":null},{"edgeID":"1709784","fromID":"1301213","toID":"1301196","formEdgeID":null},{"edgeID":"1709785","fromID":"1301207","toID":"1301214","formEdgeID":null},{"edgeID":"1709786","fromID":"1301214","toID":"1301213","formEdgeID":null},{"edgeID":"1709787","fromID":"1142130","toID":"1301215","formEdgeID":null},{"edgeID":"1709788","fromID":"1301215","toID":"1301202","formEdgeID":null},{"edgeID":"1709789","fromID":"1301212","toID":"1301216","formEdgeID":null},{"edgeID":"1709790","fromID":"1301216","toID":"1301215","formEdgeID":null},{"edgeID":"1709791","fromID":"1301219","toID":"1301218","formEdgeID":null},{"edgeID":"1709792","fromID":"1301220","toID":"1301219","formEdgeID":null},{"edgeID":"1709793","fromID":"1301218","toID":"1301221","formEdgeID":null},{"edgeID":"1709794","fromID":"1301221","toID":"1301217","formEdgeID":null},{"edgeID":"1709795","fromID":"1301208","toID":"1301222","formEdgeID":null},{"edgeID":"1709796","fromID":"1301222","toID":"1301218","formEdgeID":null},{"edgeID":"1709797","fromID":"1301217","toID":"1301223","formEdgeID":null},{"edgeID":"1709798","fromID":"1301223","toID":"1142130","formEdgeID":null},{"edgeID":"1709799","fromID":"1301222","toID":"1301224","formEdgeID":null},{"edgeID":"1709800","fromID":"1301224","toID":"1301223","formEdgeID":null},{"edgeID":"1709801","fromID":"1301227","toID":"1301226","formEdgeID":null},{"edgeID":"1709802","fromID":"1301228","toID":"1301227","formEdgeID":null},{"edgeID":"1709803","fromID":"1301226","toID":"1301229","formEdgeID":null},{"edgeID":"1709804","fromID":"1301229","toID":"1301225","formEdgeID":null},{"edgeID":"1709805","fromID":"1301218","toID":"1301230","formEdgeID":null},{"edgeID":"1709806","fromID":"1301230","toID":"1301226","formEdgeID":null},{"edgeID":"1709807","fromID":"1301233","toID":"1301232","formEdgeID":null},{"edgeID":"1709808","fromID":"1301234","toID":"1301233","formEdgeID":null},{"edgeID":"1709809","fromID":"1301232","toID":"1301235","formEdgeID":null},{"edgeID":"1709810","fromID":"1301235","toID":"1301231","formEdgeID":null},{"edgeID":"1709811","fromID":"1301226","toID":"1301236","formEdgeID":null},{"edgeID":"1709812","fromID":"1301236","toID":"1301232","formEdgeID":null},{"edgeID":"1709813","fromID":"1301239","toID":"1301238","formEdgeID":null},{"edgeID":"1709814","fromID":"1301240","toID":"1301239","formEdgeID":null},{"edgeID":"1709815","fromID":"1301238","toID":"1301241","formEdgeID":null},{"edgeID":"1709816","fromID":"1301241","toID":"1301237","formEdgeID":null},{"edgeID":"1709817","fromID":"1301232","toID":"1301242","formEdgeID":null},{"edgeID":"1709818","fromID":"1301242","toID":"1301238","formEdgeID":null},{"edgeID":"1709819","fromID":"1301231","toID":"1301243","formEdgeID":null},{"edgeID":"1709820","fromID":"1301243","toID":"1301237","formEdgeID":null},{"edgeID":"1709821","fromID":"1301242","toID":"1301244","formEdgeID":null},{"edgeID":"1709822","fromID":"1301244","toID":"1301243","formEdgeID":null},{"edgeID":"1709823","fromID":"1141987","toID":"1301245","formEdgeID":null},{"edgeID":"1709824","fromID":"1301245","toID":"1301132","formEdgeID":null},{"edgeID":"1709825","fromID":"1301141","toID":"1301246","formEdgeID":null},{"edgeID":"1709826","fromID":"1301246","toID":"1301245","formEdgeID":null},{"edgeID":"1709827","fromID":"1301142","toID":"1301247","formEdgeID":null},{"edgeID":"1709828","fromID":"1301247","toID":"1301150","formEdgeID":null},{"edgeID":"1709829","fromID":"1301155","toID":"1301248","formEdgeID":null},{"edgeID":"1709830","fromID":"1301248","toID":"1301247","formEdgeID":null}],"locutions":[]}