{"nodes":[{"nodeID":"1303120","text":"the family members and in this case the parents are demonised, even blamed for the deaths of their babies","type":"I","timestamp":"2023-11-09 12:59:50"},{"nodeID":"1303121","text":"Julia Hartley-Brewer: The family members and in this case the parents are demonised, even blamed for the deaths of their babies","type":"L","timestamp":"2023-11-09 12:59:50"},{"nodeID":"1303122","text":"Analysing","type":"YA","timestamp":"2023-11-09 12:59:50"},{"nodeID":"1303123","text":"Clara: Julia Hartley-Brewer: The family members and in this case the parents are demonised, even blamed for the deaths of their babies","type":"L","timestamp":"2023-11-09 12:59:50"},{"nodeID":"1303124","text":"Asserting","type":"YA","timestamp":"2023-11-09 12:59:50"},{"nodeID":"1303125","text":"no action is taken until it gets into the media, until we find out","type":"I","timestamp":"2023-11-09 12:59:50"},{"nodeID":"1303126","text":"Julia Hartley-Brewer: no action is taken until it gets into the media, until we find out","type":"L","timestamp":"2023-11-09 12:59:50"},{"nodeID":"1303127","text":"Analysing","type":"YA","timestamp":"2023-11-09 12:59:50"},{"nodeID":"1303128","text":"Clara: Julia Hartley-Brewer: no action is taken until it gets into the media, until we find out","type":"L","timestamp":"2023-11-09 12:59:50"},{"nodeID":"1303129","text":"Asserting","type":"YA","timestamp":"2023-11-09 12:59:50"},{"nodeID":"1303130","text":"Default Transition","type":"TA","timestamp":"2023-11-09 12:59:50"},{"nodeID":"1303131","text":"there's a full investigation","type":"I","timestamp":"2023-11-09 12:59:51"},{"nodeID":"1303132","text":"Julia Hartley-Brewer: There's a fully investigating","type":"L","timestamp":"2023-11-09 12:59:51"},{"nodeID":"1303133","text":"Analysing","type":"YA","timestamp":"2023-11-09 12:59:51"},{"nodeID":"1303134","text":"Clara: Julia Hartley-Brewer: There's a fully investigating","type":"L","timestamp":"2023-11-09 12:59:51"},{"nodeID":"1303135","text":"Asserting","type":"YA","timestamp":"2023-11-09 12:59:51"},{"nodeID":"1303136","text":"Default Transition","type":"TA","timestamp":"2023-11-09 12:59:51"},{"nodeID":"1303137","text":"Default Inference","type":"RA","timestamp":"2023-11-09 12:59:51"},{"nodeID":"1303138","text":"Arguing","type":"YA","timestamp":"2023-11-09 12:59:51"},{"nodeID":"1303139","text":"we discover what's actually really gone","type":"I","timestamp":"2023-11-09 12:59:51"},{"nodeID":"1303140","text":"Julia Hartley-Brewer: we discover what's actually really gone","type":"L","timestamp":"2023-11-09 12:59:51"},{"nodeID":"1303141","text":"Analysing","type":"YA","timestamp":"2023-11-09 12:59:51"},{"nodeID":"1303142","text":"Clara: Julia Hartley-Brewer: we discover what's actually really gone","type":"L","timestamp":"2023-11-09 12:59:51"},{"nodeID":"1303143","text":"Asserting","type":"YA","timestamp":"2023-11-09 12:59:51"},{"nodeID":"1303144","text":"Default Transition","type":"TA","timestamp":"2023-11-09 12:59:51"},{"nodeID":"1303145","text":"Default Inference","type":"RA","timestamp":"2023-11-09 12:59:51"},{"nodeID":"1303146","text":"Arguing","type":"YA","timestamp":"2023-11-09 12:59:51"},{"nodeID":"1303147","text":"it happens again and again and again that family members are blamed and once we find out we discover what's actually really gone","type":"I","timestamp":"2023-11-09 12:59:52"},{"nodeID":"1303148","text":"Julia Hartley-Brewer: This happens again and again and again","type":"L","timestamp":"2023-11-09 12:59:52"},{"nodeID":"1303149","text":"Analysing","type":"YA","timestamp":"2023-11-09 12:59:52"},{"nodeID":"1303150","text":"Clara: Julia Hartley-Brewer: This happens again and again and again","type":"L","timestamp":"2023-11-09 12:59:52"},{"nodeID":"1303151","text":"Asserting","type":"YA","timestamp":"2023-11-09 12:59:52"},{"nodeID":"1303152","text":"Default Rephrase","type":"MA","timestamp":"2023-11-09 12:59:52"},{"nodeID":"1303153","text":"Restating","type":"YA","timestamp":"2023-11-09 12:59:52"},{"nodeID":"1303154","text":"Default Transition","type":"TA","timestamp":"2023-11-09 12:59:52"},{"nodeID":"1303155","text":"Default Inference","type":"RA","timestamp":"2023-11-09 12:59:52"},{"nodeID":"1303156","text":"Default Transition","type":"TA","timestamp":"2023-11-09 12:59:52"},{"nodeID":"1303157","text":"Default Transition","type":"TA","timestamp":"2023-11-09 12:59:52"},{"nodeID":"1303158","text":"Arguing","type":"YA","timestamp":"2023-11-09 12:59:52"},{"nodeID":"1303159","text":"we need to have a complete change of culture where people own up to mistakes","type":"I","timestamp":"2023-11-09 12:59:53"},{"nodeID":"1303160","text":"Julia Hartley-Brewer: we need to have a complete change of culture where people own up to mistakes","type":"L","timestamp":"2023-11-09 12:59:53"},{"nodeID":"1303161","text":"Analysing","type":"YA","timestamp":"2023-11-09 12:59:53"},{"nodeID":"1303162","text":"Clara: Julia Hartley-Brewer: we need to have a complete change of culture where people own up to mistakes","type":"L","timestamp":"2023-11-09 12:59:53"},{"nodeID":"1303163","text":"Asserting","type":"YA","timestamp":"2023-11-09 12:59:53"},{"nodeID":"1303164","text":"Default Transition","type":"TA","timestamp":"2023-11-09 12:59:53"},{"nodeID":"1303165","text":"Default Inference","type":"RA","timestamp":"2023-11-09 12:59:53"},{"nodeID":"1303166","text":"Arguing","type":"YA","timestamp":"2023-11-09 12:59:53"},{"nodeID":"1303167","text":"we need to have a complete change of culture where people admit their mistakes","type":"I","timestamp":"2023-11-09 12:59:53"},{"nodeID":"1303168","text":"Julia Hartley-Brewer: they admit them","type":"L","timestamp":"2023-11-09 12:59:53"},{"nodeID":"1303169","text":"Analysing","type":"YA","timestamp":"2023-11-09 12:59:53"},{"nodeID":"1303170","text":"Clara: Julia Hartley-Brewer: they admit them","type":"L","timestamp":"2023-11-09 12:59:53"},{"nodeID":"1303171","text":"Asserting","type":"YA","timestamp":"2023-11-09 12:59:53"},{"nodeID":"1303172","text":"Default Transition","type":"TA","timestamp":"2023-11-09 12:59:53"},{"nodeID":"1303173","text":"Default Rephrase","type":"MA","timestamp":"2023-11-09 12:59:53"},{"nodeID":"1303174","text":"Restating","type":"YA","timestamp":"2023-11-09 12:59:53"},{"nodeID":"1303175","text":"we need to have a culture where we learn and we go with best practice and we don't cover up","type":"I","timestamp":"2023-11-09 12:59:54"},{"nodeID":"1303176","text":"Julia Hartley-Brewer: the culture is one where we learn and we go with best practice and we don't cover up","type":"L","timestamp":"2023-11-09 12:59:54"},{"nodeID":"1303177","text":"Analysing","type":"YA","timestamp":"2023-11-09 12:59:54"},{"nodeID":"1303178","text":"Clara: Julia Hartley-Brewer: the culture is one where we learn and we go with best practice and we don't cover up","type":"L","timestamp":"2023-11-09 12:59:54"},{"nodeID":"1303179","text":"Asserting","type":"YA","timestamp":"2023-11-09 12:59:54"},{"nodeID":"1303180","text":"Default Rephrase","type":"MA","timestamp":"2023-11-09 12:59:54"},{"nodeID":"1303181","text":"Default Transition","type":"TA","timestamp":"2023-11-09 12:59:54"},{"nodeID":"1303182","text":"Restating","type":"YA","timestamp":"2023-11-09 12:59:54"},{"nodeID":"1303183","text":"you are working in a hospital","type":"I","timestamp":"2023-11-09 12:59:54"},{"nodeID":"1303184","text":"Julia Hartley-Brewer: you are working in a hospital","type":"L","timestamp":"2023-11-09 12:59:54"},{"nodeID":"1303185","text":"Analysing","type":"YA","timestamp":"2023-11-09 12:59:54"},{"nodeID":"1303186","text":"Clara: Julia Hartley-Brewer: you are working in a hospital","type":"L","timestamp":"2023-11-09 12:59:54"},{"nodeID":"1303187","text":"Asserting","type":"YA","timestamp":"2023-11-09 12:59:54"},{"nodeID":"1303188","text":"Default Transition","type":"TA","timestamp":"2023-11-09 12:59:54"},{"nodeID":"1303189","text":"you're working in the NHS","type":"I","timestamp":"2023-11-09 12:59:55"},{"nodeID":"1303190","text":"Julia Hartley-Brewer: you're working in the NHS","type":"L","timestamp":"2023-11-09 12:59:55"},{"nodeID":"1303191","text":"Analysing","type":"YA","timestamp":"2023-11-09 12:59:55"},{"nodeID":"1303192","text":"Clara: Julia Hartley-Brewer: you're working in the NHS","type":"L","timestamp":"2023-11-09 12:59:55"},{"nodeID":"1303193","text":"Asserting","type":"YA","timestamp":"2023-11-09 12:59:55"},{"nodeID":"1303194","text":"Default Transition","type":"TA","timestamp":"2023-11-09 12:59:55"},{"nodeID":"1303195","text":"you don't care if more babies or more mums are dying because of your policies","type":"I","timestamp":"2023-11-09 12:59:56"},{"nodeID":"1303196","text":"Julia Hartley-Brewer: you don't care if more babies or more mums are dying because of your policies","type":"L","timestamp":"2023-11-09 12:59:56"},{"nodeID":"1303197","text":"Analysing","type":"YA","timestamp":"2023-11-09 12:59:56"},{"nodeID":"1303198","text":"Clara: Julia Hartley-Brewer: you don't care if more babies or more mums are dying because of your policies","type":"L","timestamp":"2023-11-09 12:59:56"},{"nodeID":"1303199","text":"Asserting","type":"YA","timestamp":"2023-11-09 12:59:56"},{"nodeID":"1303200","text":"you don't try and change that more babies or more mums are dying because of your policies","type":"I","timestamp":"2023-11-09 12:59:56"},{"nodeID":"1303201","text":"Julia Hartley-Brewer: you don't try and change that","type":"L","timestamp":"2023-11-09 12:59:56"},{"nodeID":"1303202","text":"Analysing","type":"YA","timestamp":"2023-11-09 12:59:56"},{"nodeID":"1303203","text":"Clara: Julia Hartley-Brewer: you don't try and change that","type":"L","timestamp":"2023-11-09 12:59:56"},{"nodeID":"1303204","text":"Asserting","type":"YA","timestamp":"2023-11-09 12:59:56"},{"nodeID":"1303205","text":"you've got no business being in a hospital ward or a maternity ward","type":"I","timestamp":"2023-11-09 12:59:57"},{"nodeID":"1303206","text":"Julia Hartley-Brewer: you've got no business being in a hospital ward or a maternity ward","type":"L","timestamp":"2023-11-09 12:59:57"},{"nodeID":"1303207","text":"Analysing","type":"YA","timestamp":"2023-11-09 12:59:57"},{"nodeID":"1303208","text":"Clara: Julia Hartley-Brewer: you've got no business being in a hospital ward or a maternity ward","type":"L","timestamp":"2023-11-09 12:59:57"},{"nodeID":"1303209","text":"Asserting","type":"YA","timestamp":"2023-11-09 12:59:57"},{"nodeID":"1303210","text":"Default Rephrase","type":"MA","timestamp":"2023-11-09 12:59:57"},{"nodeID":"1303211","text":"Restating","type":"YA","timestamp":"2023-11-09 12:59:57"},{"nodeID":"1303212","text":"Default Transition","type":"TA","timestamp":"2023-11-09 12:59:57"},{"nodeID":"1303213","text":"Default Transition","type":"TA","timestamp":"2023-11-09 12:59:57"},{"nodeID":"1303214","text":"Default Transition","type":"TA","timestamp":"2023-11-09 12:59:57"},{"nodeID":"1303215","text":"Default Transition","type":"TA","timestamp":"2023-11-09 12:59:57"},{"nodeID":"1303216","text":"Default Inference","type":"RA","timestamp":"2023-11-09 12:59:57"},{"nodeID":"1303217","text":"Arguing","type":"YA","timestamp":"2023-11-09 12:59:57"},{"nodeID":"1303218","text":"you should probably be in jail","type":"I","timestamp":"2023-11-09 12:59:58"},{"nodeID":"1303219","text":"Julia Hartley-Brewer:  you should probably be in jail","type":"L","timestamp":"2023-11-09 12:59:58"},{"nodeID":"1303220","text":"Analysing","type":"YA","timestamp":"2023-11-09 12:59:58"},{"nodeID":"1303221","text":"Clara: Julia Hartley-Brewer:  you should probably be in jail","type":"L","timestamp":"2023-11-09 12:59:58"},{"nodeID":"1303222","text":"Asserting","type":"YA","timestamp":"2023-11-09 12:59:58"},{"nodeID":"1303223","text":"Default Transition","type":"TA","timestamp":"2023-11-09 12:59:58"},{"nodeID":"1303224","text":"Default Rephrase","type":"MA","timestamp":"2023-11-09 12:59:58"},{"nodeID":"1303225","text":"Restating","type":"YA","timestamp":"2023-11-09 12:59:58"},{"nodeID":"1303226","text":"this obsession with natural birth has got to stop","type":"I","timestamp":"2023-11-09 12:59:58"},{"nodeID":"1303227","text":"Julia Hartley-Brewer: this obsession with natural birth has got to stop","type":"L","timestamp":"2023-11-09 12:59:58"},{"nodeID":"1303228","text":"Analysing","type":"YA","timestamp":"2023-11-09 12:59:58"},{"nodeID":"1303229","text":"Clara: Julia Hartley-Brewer: this obsession with natural birth has got to stop","type":"L","timestamp":"2023-11-09 12:59:58"},{"nodeID":"1303230","text":"Asserting","type":"YA","timestamp":"2023-11-09 12:59:58"},{"nodeID":"1303231","text":"giving birth is a really dangerous thing","type":"I","timestamp":"2023-11-09 12:59:59"},{"nodeID":"1303232","text":"Julia Hartley-Brewer: Giving birth is a really dangerous thing","type":"L","timestamp":"2023-11-09 12:59:59"},{"nodeID":"1303233","text":"Analysing","type":"YA","timestamp":"2023-11-09 12:59:59"},{"nodeID":"1303234","text":"Clara: Julia Hartley-Brewer: Giving birth is a really dangerous thing","type":"L","timestamp":"2023-11-09 12:59:59"},{"nodeID":"1303235","text":"Asserting","type":"YA","timestamp":"2023-11-09 12:59:59"},{"nodeID":"1303236","text":"Default Inference","type":"RA","timestamp":"2023-11-09 12:59:59"},{"nodeID":"1303237","text":"one of the reasons why we medicalised birth was because it made it safer","type":"I","timestamp":"2023-11-09 12:59:59"},{"nodeID":"1303238","text":"Julia Hartley-Brewer:  one of the reasons why we medicalised it was because it made it safer","type":"L","timestamp":"2023-11-09 12:59:59"},{"nodeID":"1303239","text":"Analysing","type":"YA","timestamp":"2023-11-09 12:59:59"},{"nodeID":"1303240","text":"Clara: Julia Hartley-Brewer:  one of the reasons why we medicalised it was because it made it safer","type":"L","timestamp":"2023-11-09 12:59:59"},{"nodeID":"1303241","text":"Asserting","type":"YA","timestamp":"2023-11-09 12:59:59"},{"nodeID":"1303242","text":"Default Transition","type":"TA","timestamp":"2023-11-09 12:59:59"},{"nodeID":"1303243","text":"Default Transition","type":"TA","timestamp":"2023-11-09 12:59:59"},{"nodeID":"1303244","text":"Arguing","type":"YA","timestamp":"2023-11-09 12:59:59"},{"nodeID":"1303245","text":"we need to stop having ideology ruling, whether or not a mum and a baby go home after giving birth","type":"I","timestamp":"2023-11-09 13:00:00"},{"nodeID":"1303246","text":"Julia Hartley-Brewer: we need to stop having ideology ruling, whether or not a mum and a baby go home after giving birth","type":"L","timestamp":"2023-11-09 13:00:00"},{"nodeID":"1303247","text":"Analysing","type":"YA","timestamp":"2023-11-09 13:00:00"},{"nodeID":"1303248","text":"Clara: Julia Hartley-Brewer: we need to stop having ideology ruling, whether or not a mum and a baby go home after giving birth","type":"L","timestamp":"2023-11-09 13:00:00"},{"nodeID":"1303249","text":"Asserting","type":"YA","timestamp":"2023-11-09 13:00:00"},{"nodeID":"1303250","text":"Default Transition","type":"TA","timestamp":"2023-11-09 13:00:00"},{"nodeID":"1303251","text":"Default Inference","type":"RA","timestamp":"2023-11-09 13:00:00"},{"nodeID":"1303252","text":"Arguing","type":"YA","timestamp":"2023-11-09 13:00:00"},{"nodeID":"1303253","text":"Default Transition","type":"TA","timestamp":"2023-11-09 13:00:00"},{"nodeID":"1303254","text":"Default Inference","type":"RA","timestamp":"2023-11-09 13:00:00"},{"nodeID":"1303255","text":"Arguing","type":"YA","timestamp":"2023-11-09 13:00:00"},{"nodeID":"1303256","text":"Default Transition","type":"TA","timestamp":"2023-11-09 13:00:00"},{"nodeID":"1303257","text":"Default Rephrase","type":"MA","timestamp":"2023-11-09 13:00:00"},{"nodeID":"1303258","text":"Restating","type":"YA","timestamp":"2023-11-09 13:00:00"}],"edges":[{"edgeID":"1712246","fromID":"1303122","toID":"1303121","formEdgeID":null},{"edgeID":"1712247","fromID":"1303123","toID":"1303122","formEdgeID":null},{"edgeID":"1712248","fromID":"1303121","toID":"1303124","formEdgeID":null},{"edgeID":"1712249","fromID":"1303124","toID":"1303120","formEdgeID":null},{"edgeID":"1712250","fromID":"1303127","toID":"1303126","formEdgeID":null},{"edgeID":"1712251","fromID":"1303128","toID":"1303127","formEdgeID":null},{"edgeID":"1712252","fromID":"1303126","toID":"1303129","formEdgeID":null},{"edgeID":"1712253","fromID":"1303129","toID":"1303125","formEdgeID":null},{"edgeID":"1712254","fromID":"1303121","toID":"1303130","formEdgeID":null},{"edgeID":"1712255","fromID":"1303130","toID":"1303126","formEdgeID":null},{"edgeID":"1712256","fromID":"1303133","toID":"1303132","formEdgeID":null},{"edgeID":"1712257","fromID":"1303134","toID":"1303133","formEdgeID":null},{"edgeID":"1712258","fromID":"1303132","toID":"1303135","formEdgeID":null},{"edgeID":"1712259","fromID":"1303135","toID":"1303131","formEdgeID":null},{"edgeID":"1712260","fromID":"1303126","toID":"1303136","formEdgeID":null},{"edgeID":"1712261","fromID":"1303136","toID":"1303132","formEdgeID":null},{"edgeID":"1712262","fromID":"1303125","toID":"1303137","formEdgeID":null},{"edgeID":"1712263","fromID":"1303137","toID":"1303131","formEdgeID":null},{"edgeID":"1712264","fromID":"1303136","toID":"1303138","formEdgeID":null},{"edgeID":"1712265","fromID":"1303138","toID":"1303137","formEdgeID":null},{"edgeID":"1712266","fromID":"1303141","toID":"1303140","formEdgeID":null},{"edgeID":"1712267","fromID":"1303142","toID":"1303141","formEdgeID":null},{"edgeID":"1712268","fromID":"1303140","toID":"1303143","formEdgeID":null},{"edgeID":"1712269","fromID":"1303143","toID":"1303139","formEdgeID":null},{"edgeID":"1712270","fromID":"1303132","toID":"1303144","formEdgeID":null},{"edgeID":"1712271","fromID":"1303144","toID":"1303140","formEdgeID":null},{"edgeID":"1712272","fromID":"1303131","toID":"1303145","formEdgeID":null},{"edgeID":"1712273","fromID":"1303145","toID":"1303139","formEdgeID":null},{"edgeID":"1712274","fromID":"1303144","toID":"1303146","formEdgeID":null},{"edgeID":"1712275","fromID":"1303146","toID":"1303145","formEdgeID":null},{"edgeID":"1712276","fromID":"1303149","toID":"1303148","formEdgeID":null},{"edgeID":"1712277","fromID":"1303150","toID":"1303149","formEdgeID":null},{"edgeID":"1712278","fromID":"1303148","toID":"1303151","formEdgeID":null},{"edgeID":"1712279","fromID":"1303151","toID":"1303147","formEdgeID":null},{"edgeID":"1712280","fromID":"1303125","toID":"1303152","formEdgeID":null},{"edgeID":"1712281","fromID":"1303152","toID":"1303120","formEdgeID":null},{"edgeID":"1712282","fromID":"1303130","toID":"1303153","formEdgeID":null},{"edgeID":"1712283","fromID":"1303153","toID":"1303152","formEdgeID":null},{"edgeID":"1712284","fromID":"1303121","toID":"1303154","formEdgeID":null},{"edgeID":"1712285","fromID":"1303154","toID":"1303148","formEdgeID":null},{"edgeID":"1712286","fromID":"1303120","toID":"1303155","formEdgeID":null},{"edgeID":"1712287","fromID":"1303155","toID":"1303147","formEdgeID":null},{"edgeID":"1712288","fromID":"1303125","toID":"1303155","formEdgeID":null},{"edgeID":"1712289","fromID":"1303139","toID":"1303155","formEdgeID":null},{"edgeID":"1712290","fromID":"1303126","toID":"1303156","formEdgeID":null},{"edgeID":"1712291","fromID":"1303156","toID":"1303148","formEdgeID":null},{"edgeID":"1712292","fromID":"1303140","toID":"1303157","formEdgeID":null},{"edgeID":"1712293","fromID":"1303157","toID":"1303148","formEdgeID":null},{"edgeID":"1712294","fromID":"1303157","toID":"1303158","formEdgeID":null},{"edgeID":"1712295","fromID":"1303158","toID":"1303155","formEdgeID":null},{"edgeID":"1712296","fromID":"1303161","toID":"1303160","formEdgeID":null},{"edgeID":"1712297","fromID":"1303162","toID":"1303161","formEdgeID":null},{"edgeID":"1712298","fromID":"1303160","toID":"1303163","formEdgeID":null},{"edgeID":"1712299","fromID":"1303163","toID":"1303159","formEdgeID":null},{"edgeID":"1712300","fromID":"1303148","toID":"1303164","formEdgeID":null},{"edgeID":"1712301","fromID":"1303164","toID":"1303160","formEdgeID":null},{"edgeID":"1712302","fromID":"1303147","toID":"1303165","formEdgeID":null},{"edgeID":"1712303","fromID":"1303165","toID":"1303159","formEdgeID":null},{"edgeID":"1712304","fromID":"1303164","toID":"1303166","formEdgeID":null},{"edgeID":"1712305","fromID":"1303166","toID":"1303165","formEdgeID":null},{"edgeID":"1712306","fromID":"1303169","toID":"1303168","formEdgeID":null},{"edgeID":"1712307","fromID":"1303170","toID":"1303169","formEdgeID":null},{"edgeID":"1712308","fromID":"1303168","toID":"1303171","formEdgeID":null},{"edgeID":"1712309","fromID":"1303171","toID":"1303167","formEdgeID":null},{"edgeID":"1712310","fromID":"1303160","toID":"1303172","formEdgeID":null},{"edgeID":"1712311","fromID":"1303172","toID":"1303168","formEdgeID":null},{"edgeID":"1712312","fromID":"1303167","toID":"1303173","formEdgeID":null},{"edgeID":"1712313","fromID":"1303173","toID":"1303159","formEdgeID":null},{"edgeID":"1712314","fromID":"1303172","toID":"1303174","formEdgeID":null},{"edgeID":"1712315","fromID":"1303174","toID":"1303173","formEdgeID":null},{"edgeID":"1712316","fromID":"1303177","toID":"1303176","formEdgeID":null},{"edgeID":"1712317","fromID":"1303178","toID":"1303177","formEdgeID":null},{"edgeID":"1712318","fromID":"1303176","toID":"1303179","formEdgeID":null},{"edgeID":"1712319","fromID":"1303179","toID":"1303175","formEdgeID":null},{"edgeID":"1712320","fromID":"1303175","toID":"1303180","formEdgeID":null},{"edgeID":"1712321","fromID":"1303180","toID":"1303167","formEdgeID":null},{"edgeID":"1712322","fromID":"1303168","toID":"1303181","formEdgeID":null},{"edgeID":"1712323","fromID":"1303181","toID":"1303176","formEdgeID":null},{"edgeID":"1712324","fromID":"1303181","toID":"1303182","formEdgeID":null},{"edgeID":"1712325","fromID":"1303182","toID":"1303180","formEdgeID":null},{"edgeID":"1712326","fromID":"1303185","toID":"1303184","formEdgeID":null},{"edgeID":"1712327","fromID":"1303186","toID":"1303185","formEdgeID":null},{"edgeID":"1712328","fromID":"1303184","toID":"1303187","formEdgeID":null},{"edgeID":"1712329","fromID":"1303187","toID":"1303183","formEdgeID":null},{"edgeID":"1712330","fromID":"1303176","toID":"1303188","formEdgeID":null},{"edgeID":"1712331","fromID":"1303188","toID":"1303184","formEdgeID":null},{"edgeID":"1712332","fromID":"1303191","toID":"1303190","formEdgeID":null},{"edgeID":"1712333","fromID":"1303192","toID":"1303191","formEdgeID":null},{"edgeID":"1712334","fromID":"1303190","toID":"1303193","formEdgeID":null},{"edgeID":"1712335","fromID":"1303193","toID":"1303189","formEdgeID":null},{"edgeID":"1712336","fromID":"1303184","toID":"1303194","formEdgeID":null},{"edgeID":"1712337","fromID":"1303194","toID":"1303190","formEdgeID":null},{"edgeID":"1712338","fromID":"1303197","toID":"1303196","formEdgeID":null},{"edgeID":"1712339","fromID":"1303198","toID":"1303197","formEdgeID":null},{"edgeID":"1712340","fromID":"1303196","toID":"1303199","formEdgeID":null},{"edgeID":"1712341","fromID":"1303199","toID":"1303195","formEdgeID":null},{"edgeID":"1712342","fromID":"1303202","toID":"1303201","formEdgeID":null},{"edgeID":"1712343","fromID":"1303203","toID":"1303202","formEdgeID":null},{"edgeID":"1712344","fromID":"1303201","toID":"1303204","formEdgeID":null},{"edgeID":"1712345","fromID":"1303204","toID":"1303200","formEdgeID":null},{"edgeID":"1712346","fromID":"1303207","toID":"1303206","formEdgeID":null},{"edgeID":"1712347","fromID":"1303208","toID":"1303207","formEdgeID":null},{"edgeID":"1712348","fromID":"1303206","toID":"1303209","formEdgeID":null},{"edgeID":"1712349","fromID":"1303209","toID":"1303205","formEdgeID":null},{"edgeID":"1712350","fromID":"1303189","toID":"1303210","formEdgeID":null},{"edgeID":"1712351","fromID":"1303210","toID":"1303183","formEdgeID":null},{"edgeID":"1712352","fromID":"1303194","toID":"1303211","formEdgeID":null},{"edgeID":"1712353","fromID":"1303211","toID":"1303210","formEdgeID":null},{"edgeID":"1712354","fromID":"1303190","toID":"1303212","formEdgeID":null},{"edgeID":"1712355","fromID":"1303212","toID":"1303206","formEdgeID":null},{"edgeID":"1712356","fromID":"1303196","toID":"1303213","formEdgeID":null},{"edgeID":"1712357","fromID":"1303213","toID":"1303206","formEdgeID":null},{"edgeID":"1712358","fromID":"1303201","toID":"1303214","formEdgeID":null},{"edgeID":"1712359","fromID":"1303214","toID":"1303206","formEdgeID":null},{"edgeID":"1712360","fromID":"1303201","toID":"1303215","formEdgeID":null},{"edgeID":"1712361","fromID":"1303215","toID":"1303206","formEdgeID":null},{"edgeID":"1712362","fromID":"1303200","toID":"1303216","formEdgeID":null},{"edgeID":"1712363","fromID":"1303216","toID":"1303205","formEdgeID":null},{"edgeID":"1712364","fromID":"1303195","toID":"1303216","formEdgeID":null},{"edgeID":"1712365","fromID":"1303189","toID":"1303216","formEdgeID":null},{"edgeID":"1712366","fromID":"1303215","toID":"1303217","formEdgeID":null},{"edgeID":"1712367","fromID":"1303217","toID":"1303216","formEdgeID":null},{"edgeID":"1712368","fromID":"1303220","toID":"1303219","formEdgeID":null},{"edgeID":"1712369","fromID":"1303221","toID":"1303220","formEdgeID":null},{"edgeID":"1712370","fromID":"1303219","toID":"1303222","formEdgeID":null},{"edgeID":"1712371","fromID":"1303222","toID":"1303218","formEdgeID":null},{"edgeID":"1712372","fromID":"1303206","toID":"1303223","formEdgeID":null},{"edgeID":"1712373","fromID":"1303223","toID":"1303219","formEdgeID":null},{"edgeID":"1712374","fromID":"1303218","toID":"1303224","formEdgeID":null},{"edgeID":"1712375","fromID":"1303224","toID":"1303205","formEdgeID":null},{"edgeID":"1712376","fromID":"1303223","toID":"1303225","formEdgeID":null},{"edgeID":"1712377","fromID":"1303225","toID":"1303224","formEdgeID":null},{"edgeID":"1712378","fromID":"1303228","toID":"1303227","formEdgeID":null},{"edgeID":"1712379","fromID":"1303229","toID":"1303228","formEdgeID":null},{"edgeID":"1712380","fromID":"1303227","toID":"1303230","formEdgeID":null},{"edgeID":"1712381","fromID":"1303230","toID":"1303226","formEdgeID":null},{"edgeID":"1712382","fromID":"1303233","toID":"1303232","formEdgeID":null},{"edgeID":"1712383","fromID":"1303234","toID":"1303233","formEdgeID":null},{"edgeID":"1712384","fromID":"1303232","toID":"1303235","formEdgeID":null},{"edgeID":"1712385","fromID":"1303235","toID":"1303231","formEdgeID":null},{"edgeID":"1712386","fromID":"1303231","toID":"1303236","formEdgeID":null},{"edgeID":"1712387","fromID":"1303236","toID":"1303226","formEdgeID":null},{"edgeID":"1712388","fromID":"1303239","toID":"1303238","formEdgeID":null},{"edgeID":"1712389","fromID":"1303240","toID":"1303239","formEdgeID":null},{"edgeID":"1712390","fromID":"1303238","toID":"1303241","formEdgeID":null},{"edgeID":"1712391","fromID":"1303241","toID":"1303237","formEdgeID":null},{"edgeID":"1712392","fromID":"1303237","toID":"1303236","formEdgeID":null},{"edgeID":"1712393","fromID":"1303227","toID":"1303242","formEdgeID":null},{"edgeID":"1712394","fromID":"1303242","toID":"1303232","formEdgeID":null},{"edgeID":"1712395","fromID":"1303227","toID":"1303243","formEdgeID":null},{"edgeID":"1712396","fromID":"1303243","toID":"1303238","formEdgeID":null},{"edgeID":"1712397","fromID":"1303243","toID":"1303244","formEdgeID":null},{"edgeID":"1712398","fromID":"1303244","toID":"1303236","formEdgeID":null},{"edgeID":"1712399","fromID":"1303247","toID":"1303246","formEdgeID":null},{"edgeID":"1712400","fromID":"1303248","toID":"1303247","formEdgeID":null},{"edgeID":"1712401","fromID":"1303246","toID":"1303249","formEdgeID":null},{"edgeID":"1712402","fromID":"1303249","toID":"1303245","formEdgeID":null},{"edgeID":"1712403","fromID":"1303227","toID":"1303250","formEdgeID":null},{"edgeID":"1712404","fromID":"1303250","toID":"1303246","formEdgeID":null},{"edgeID":"1712405","fromID":"1303226","toID":"1303251","formEdgeID":null},{"edgeID":"1712406","fromID":"1303251","toID":"1303245","formEdgeID":null},{"edgeID":"1712407","fromID":"1303250","toID":"1303252","formEdgeID":null},{"edgeID":"1712408","fromID":"1303252","toID":"1303251","formEdgeID":null},{"edgeID":"1712409","fromID":"1303176","toID":"1303253","formEdgeID":null},{"edgeID":"1712410","fromID":"1303253","toID":"1303246","formEdgeID":null},{"edgeID":"1712411","fromID":"1303175","toID":"1303254","formEdgeID":null},{"edgeID":"1712412","fromID":"1303254","toID":"1303245","formEdgeID":null},{"edgeID":"1712413","fromID":"1303253","toID":"1303255","formEdgeID":null},{"edgeID":"1712414","fromID":"1303255","toID":"1303254","formEdgeID":null},{"edgeID":"1712415","fromID":"1303148","toID":"1303256","formEdgeID":null},{"edgeID":"1712416","fromID":"1303256","toID":"1303219","formEdgeID":null},{"edgeID":"1712417","fromID":"1303218","toID":"1303257","formEdgeID":null},{"edgeID":"1712418","fromID":"1303257","toID":"1303159","formEdgeID":null},{"edgeID":"1712419","fromID":"1303256","toID":"1303258","formEdgeID":null},{"edgeID":"1712420","fromID":"1303258","toID":"1303257","formEdgeID":null}],"locutions":[]}