{"nodes":[{"nodeID":"1303995","text":"the reports of the children dying in the maternity services in the UK are isolated in the sense that it's the absolute worst example","type":"I","timestamp":"2023-11-09 13:01:06"},{"nodeID":"1303996","text":"Zanny Minton Beddoes: it's isolated in the sense that it's the absolute worst example","type":"L","timestamp":"2023-11-09 13:01:06"},{"nodeID":"1303997","text":"Analysing","type":"YA","timestamp":"2023-11-09 13:01:06"},{"nodeID":"1303998","text":"Zlata: Zanny Minton Beddoes: it's isolated in the sense that it's the absolute worst example","type":"L","timestamp":"2023-11-09 13:01:06"},{"nodeID":"1303999","text":"Asserting","type":"YA","timestamp":"2023-11-09 13:01:06"},{"nodeID":"1304000","text":"it is hard to believe that there aren't other examples of similar risky things which result in children's deaths happening in the NHS","type":"I","timestamp":"2023-11-09 13:01:07"},{"nodeID":"1304001","text":"Zanny Minton Beddoes: I find it hard to believe that there aren't other examples of similar risky things happening in the NHS","type":"L","timestamp":"2023-11-09 13:01:07"},{"nodeID":"1304002","text":"Analysing","type":"YA","timestamp":"2023-11-09 13:01:07"},{"nodeID":"1304003","text":"Zlata: Zanny Minton Beddoes: I find it hard to believe that there aren't other examples of similar risky things happening in the NHS","type":"L","timestamp":"2023-11-09 13:01:07"},{"nodeID":"1304004","text":"Asserting","type":"YA","timestamp":"2023-11-09 13:01:07"},{"nodeID":"1304005","text":"Default Transition","type":"TA","timestamp":"2023-11-09 13:01:07"},{"nodeID":"1304006","text":"Default Conflict","type":"CA","timestamp":"2023-11-09 13:01:07"},{"nodeID":"1304007","text":"Disagreeing","type":"YA","timestamp":"2023-11-09 13:01:07"},{"nodeID":"1304008","text":"you have a culture of targets","type":"I","timestamp":"2023-11-09 13:01:08"},{"nodeID":"1304009","text":"Zanny Minton Beddoes: you have a culture of targets","type":"L","timestamp":"2023-11-09 13:01:08"},{"nodeID":"1304010","text":"Analysing","type":"YA","timestamp":"2023-11-09 13:01:08"},{"nodeID":"1304011","text":"Zlata: Zanny Minton Beddoes: you have a culture of targets","type":"L","timestamp":"2023-11-09 13:01:08"},{"nodeID":"1304012","text":"Asserting","type":"YA","timestamp":"2023-11-09 13:01:08"},{"nodeID":"1304013","text":"Default Transition","type":"TA","timestamp":"2023-11-09 13:01:08"},{"nodeID":"1304014","text":"Default Inference","type":"RA","timestamp":"2023-11-09 13:01:08"},{"nodeID":"1304015","text":"Arguing","type":"YA","timestamp":"2023-11-09 13:01:08"},{"nodeID":"1304016","text":"you have a culture of covering things up","type":"I","timestamp":"2023-11-09 13:01:08"},{"nodeID":"1304017","text":"Zanny Minton Beddoes: you have a culture of covering things up","type":"L","timestamp":"2023-11-09 13:01:08"},{"nodeID":"1304018","text":"Analysing","type":"YA","timestamp":"2023-11-09 13:01:08"},{"nodeID":"1304019","text":"Zlata: Zanny Minton Beddoes: you have a culture of covering things up","type":"L","timestamp":"2023-11-09 13:01:08"},{"nodeID":"1304020","text":"Asserting","type":"YA","timestamp":"2023-11-09 13:01:08"},{"nodeID":"1304021","text":"Default Transition","type":"TA","timestamp":"2023-11-09 13:01:08"},{"nodeID":"1304022","text":"Default Inference","type":"RA","timestamp":"2023-11-09 13:01:08"},{"nodeID":"1304023","text":"Arguing","type":"YA","timestamp":"2023-11-09 13:01:08"},{"nodeID":"1304024","text":"you have a bureaucracy that is defensive","type":"I","timestamp":"2023-11-09 13:01:09"},{"nodeID":"1304025","text":"Zanny Minton Beddoes: you have a bureaucracy that is defensive","type":"L","timestamp":"2023-11-09 13:01:09"},{"nodeID":"1304026","text":"Analysing","type":"YA","timestamp":"2023-11-09 13:01:09"},{"nodeID":"1304027","text":"Zlata: Zanny Minton Beddoes: you have a bureaucracy that is defensive","type":"L","timestamp":"2023-11-09 13:01:09"},{"nodeID":"1304028","text":"Asserting","type":"YA","timestamp":"2023-11-09 13:01:09"},{"nodeID":"1304029","text":"Default Transition","type":"TA","timestamp":"2023-11-09 13:01:09"},{"nodeID":"1304030","text":"Default Inference","type":"RA","timestamp":"2023-11-09 13:01:09"},{"nodeID":"1304031","text":"Arguing","type":"YA","timestamp":"2023-11-09 13:01:09"},{"nodeID":"1304032","text":"the democracy is worried about admitting mistakes","type":"I","timestamp":"2023-11-09 13:01:09"},{"nodeID":"1304033","text":"Zanny Minton Beddoes:  that is worried about admitting mistakes","type":"L","timestamp":"2023-11-09 13:01:09"},{"nodeID":"1304034","text":"Analysing","type":"YA","timestamp":"2023-11-09 13:01:09"},{"nodeID":"1304035","text":"Zlata: Zanny Minton Beddoes:  that is worried about admitting mistakes","type":"L","timestamp":"2023-11-09 13:01:09"},{"nodeID":"1304036","text":"Asserting","type":"YA","timestamp":"2023-11-09 13:01:09"},{"nodeID":"1304037","text":"Default Transition","type":"TA","timestamp":"2023-11-09 13:01:09"},{"nodeID":"1304038","text":"Default Inference","type":"RA","timestamp":"2023-11-09 13:01:09"},{"nodeID":"1304039","text":"Arguing","type":"YA","timestamp":"2023-11-09 13:01:09"},{"nodeID":"1304040","text":"Zanny Minton Beddoes absolutely agrees with all of the recommendations","type":"I","timestamp":"2023-11-09 13:01:10"},{"nodeID":"1304041","text":"Zanny Minton Beddoes: I absolutely agree with all of the recommendations","type":"L","timestamp":"2023-11-09 13:01:10"},{"nodeID":"1304042","text":"Analysing","type":"YA","timestamp":"2023-11-09 13:01:10"},{"nodeID":"1304043","text":"Zlata: Zanny Minton Beddoes: I absolutely agree with all of the recommendations","type":"L","timestamp":"2023-11-09 13:01:10"},{"nodeID":"1304044","text":"Asserting","type":"YA","timestamp":"2023-11-09 13:01:10"},{"nodeID":"1304045","text":"Default Inference","type":"RA","timestamp":"2023-11-09 13:01:10"},{"nodeID":"1304046","text":"Default Transition","type":"TA","timestamp":"2023-11-09 13:01:10"},{"nodeID":"1304047","text":"Arguing","type":"YA","timestamp":"2023-11-09 13:01:10"},{"nodeID":"1304048","text":"the NHS will need more funding for maternity care","type":"I","timestamp":"2023-11-09 13:01:10"},{"nodeID":"1304049","text":"Zanny Minton Beddoes: it will need more funding for maternity care","type":"L","timestamp":"2023-11-09 13:01:10"},{"nodeID":"1304050","text":"Analysing","type":"YA","timestamp":"2023-11-09 13:01:10"},{"nodeID":"1304051","text":"Zlata: Zanny Minton Beddoes: it will need more funding for maternity care","type":"L","timestamp":"2023-11-09 13:01:10"},{"nodeID":"1304052","text":"Asserting","type":"YA","timestamp":"2023-11-09 13:01:10"},{"nodeID":"1304053","text":"Default Transition","type":"TA","timestamp":"2023-11-09 13:01:10"},{"nodeID":"1304054","text":"Default Rephrase","type":"MA","timestamp":"2023-11-09 13:01:10"},{"nodeID":"1304055","text":"Restating","type":"YA","timestamp":"2023-11-09 13:01:10"},{"nodeID":"1304056","text":"there has to be a thinking in the NHS about how can you actually have a culture where mistakes are admitted","type":"I","timestamp":"2023-11-09 13:01:11"},{"nodeID":"1304057","text":"Zanny Minton Beddoes: there has to be a thinking in the NHS about how can you actually have a culture where mistakes are admitted","type":"L","timestamp":"2023-11-09 13:01:11"},{"nodeID":"1304058","text":"Analysing","type":"YA","timestamp":"2023-11-09 13:01:11"},{"nodeID":"1304059","text":"Zlata: Zanny Minton Beddoes: there has to be a thinking in the NHS about how can you actually have a culture where mistakes are admitted","type":"L","timestamp":"2023-11-09 13:01:11"},{"nodeID":"1304060","text":"Asserting","type":"YA","timestamp":"2023-11-09 13:01:11"},{"nodeID":"1304061","text":"Default Transition","type":"TA","timestamp":"2023-11-09 13:01:11"},{"nodeID":"1304062","text":"there has to be a thinking in the NHS about how can you actually have a culture where patients are taken seriously","type":"I","timestamp":"2023-11-09 13:01:12"},{"nodeID":"1304063","text":"Zanny Minton Beddoes: where patients are taken seriously","type":"L","timestamp":"2023-11-09 13:01:12"},{"nodeID":"1304064","text":"Analysing","type":"YA","timestamp":"2023-11-09 13:01:12"},{"nodeID":"1304065","text":"Zlata: Zanny Minton Beddoes: where patients are taken seriously","type":"L","timestamp":"2023-11-09 13:01:12"},{"nodeID":"1304066","text":"Asserting","type":"YA","timestamp":"2023-11-09 13:01:12"},{"nodeID":"1304067","text":"Default Transition","type":"TA","timestamp":"2023-11-09 13:01:12"},{"nodeID":"1304068","text":"there has to be a thinking in the NHS about how can you actually have a culture where mothers are taken seriously in maternity cases","type":"I","timestamp":"2023-11-09 13:01:12"},{"nodeID":"1304069","text":"Zanny Minton Beddoes: where mothers are taken seriously in maternity cases","type":"L","timestamp":"2023-11-09 13:01:12"},{"nodeID":"1304070","text":"Analysing","type":"YA","timestamp":"2023-11-09 13:01:12"},{"nodeID":"1304071","text":"Zlata: Zanny Minton Beddoes: where mothers are taken seriously in maternity cases","type":"L","timestamp":"2023-11-09 13:01:12"},{"nodeID":"1304072","text":"Asserting","type":"YA","timestamp":"2023-11-09 13:01:12"},{"nodeID":"1304073","text":"Default Rephrase","type":"MA","timestamp":"2023-11-09 13:01:12"},{"nodeID":"1304074","text":"Restating","type":"YA","timestamp":"2023-11-09 13:01:12"},{"nodeID":"1304075","text":"Default Transition","type":"TA","timestamp":"2023-11-09 13:01:12"},{"nodeID":"1304076","text":"Default Rephrase","type":"MA","timestamp":"2023-11-09 13:01:12"},{"nodeID":"1304077","text":"Restating","type":"YA","timestamp":"2023-11-09 13:01:12"},{"nodeID":"1304078","text":"the really shocking thing is that the issues in the maternity services in the NHS have gone on for two decades","type":"I","timestamp":"2023-11-09 13:01:13"},{"nodeID":"1304079","text":"Zanny Minton Beddoes: the really shocking thing, it's gone on for two decades","type":"L","timestamp":"2023-11-09 13:01:13"},{"nodeID":"1304080","text":"Analysing","type":"YA","timestamp":"2023-11-09 13:01:13"},{"nodeID":"1304081","text":"Zlata: Zanny Minton Beddoes: the really shocking thing, it's gone on for two decades","type":"L","timestamp":"2023-11-09 13:01:13"},{"nodeID":"1304082","text":"Asserting","type":"YA","timestamp":"2023-11-09 13:01:13"},{"nodeID":"1304083","text":"Default Transition","type":"TA","timestamp":"2023-11-09 13:01:13"},{"nodeID":"1304084","text":"Default Transition","type":"TA","timestamp":"2023-11-09 13:01:13"},{"nodeID":"1304085","text":"Default Inference","type":"RA","timestamp":"2023-11-09 13:01:13"},{"nodeID":"1304086","text":"Arguing","type":"YA","timestamp":"2023-11-09 13:01:13"}],"edges":[{"edgeID":"1713337","fromID":"1303997","toID":"1303996","formEdgeID":null},{"edgeID":"1713338","fromID":"1303998","toID":"1303997","formEdgeID":null},{"edgeID":"1713339","fromID":"1303996","toID":"1303999","formEdgeID":null},{"edgeID":"1713340","fromID":"1303999","toID":"1303995","formEdgeID":null},{"edgeID":"1713341","fromID":"1304002","toID":"1304001","formEdgeID":null},{"edgeID":"1713342","fromID":"1304003","toID":"1304002","formEdgeID":null},{"edgeID":"1713343","fromID":"1304001","toID":"1304004","formEdgeID":null},{"edgeID":"1713344","fromID":"1304004","toID":"1304000","formEdgeID":null},{"edgeID":"1713345","fromID":"1303996","toID":"1304005","formEdgeID":null},{"edgeID":"1713346","fromID":"1304005","toID":"1304001","formEdgeID":null},{"edgeID":"1713347","fromID":"1304000","toID":"1304006","formEdgeID":null},{"edgeID":"1713348","fromID":"1304006","toID":"1303995","formEdgeID":null},{"edgeID":"1713349","fromID":"1304005","toID":"1304007","formEdgeID":null},{"edgeID":"1713350","fromID":"1304007","toID":"1304006","formEdgeID":null},{"edgeID":"1713351","fromID":"1304010","toID":"1304009","formEdgeID":null},{"edgeID":"1713352","fromID":"1304011","toID":"1304010","formEdgeID":null},{"edgeID":"1713353","fromID":"1304009","toID":"1304012","formEdgeID":null},{"edgeID":"1713354","fromID":"1304012","toID":"1304008","formEdgeID":null},{"edgeID":"1713355","fromID":"1304001","toID":"1304013","formEdgeID":null},{"edgeID":"1713356","fromID":"1304013","toID":"1304009","formEdgeID":null},{"edgeID":"1713357","fromID":"1304008","toID":"1304014","formEdgeID":null},{"edgeID":"1713358","fromID":"1304014","toID":"1304000","formEdgeID":null},{"edgeID":"1713359","fromID":"1304013","toID":"1304015","formEdgeID":null},{"edgeID":"1713360","fromID":"1304015","toID":"1304014","formEdgeID":null},{"edgeID":"1713361","fromID":"1304018","toID":"1304017","formEdgeID":null},{"edgeID":"1713362","fromID":"1304019","toID":"1304018","formEdgeID":null},{"edgeID":"1713363","fromID":"1304017","toID":"1304020","formEdgeID":null},{"edgeID":"1713364","fromID":"1304020","toID":"1304016","formEdgeID":null},{"edgeID":"1713365","fromID":"1304001","toID":"1304021","formEdgeID":null},{"edgeID":"1713366","fromID":"1304021","toID":"1304017","formEdgeID":null},{"edgeID":"1713367","fromID":"1304016","toID":"1304022","formEdgeID":null},{"edgeID":"1713368","fromID":"1304022","toID":"1304000","formEdgeID":null},{"edgeID":"1713369","fromID":"1304021","toID":"1304023","formEdgeID":null},{"edgeID":"1713370","fromID":"1304023","toID":"1304022","formEdgeID":null},{"edgeID":"1713371","fromID":"1304026","toID":"1304025","formEdgeID":null},{"edgeID":"1713372","fromID":"1304027","toID":"1304026","formEdgeID":null},{"edgeID":"1713373","fromID":"1304025","toID":"1304028","formEdgeID":null},{"edgeID":"1713374","fromID":"1304028","toID":"1304024","formEdgeID":null},{"edgeID":"1713375","fromID":"1304001","toID":"1304029","formEdgeID":null},{"edgeID":"1713376","fromID":"1304029","toID":"1304025","formEdgeID":null},{"edgeID":"1713377","fromID":"1304024","toID":"1304030","formEdgeID":null},{"edgeID":"1713378","fromID":"1304030","toID":"1304000","formEdgeID":null},{"edgeID":"1713379","fromID":"1304029","toID":"1304031","formEdgeID":null},{"edgeID":"1713380","fromID":"1304031","toID":"1304030","formEdgeID":null},{"edgeID":"1713381","fromID":"1304034","toID":"1304033","formEdgeID":null},{"edgeID":"1713382","fromID":"1304035","toID":"1304034","formEdgeID":null},{"edgeID":"1713383","fromID":"1304033","toID":"1304036","formEdgeID":null},{"edgeID":"1713384","fromID":"1304036","toID":"1304032","formEdgeID":null},{"edgeID":"1713385","fromID":"1304025","toID":"1304037","formEdgeID":null},{"edgeID":"1713386","fromID":"1304037","toID":"1304033","formEdgeID":null},{"edgeID":"1713387","fromID":"1304032","toID":"1304038","formEdgeID":null},{"edgeID":"1713388","fromID":"1304038","toID":"1304024","formEdgeID":null},{"edgeID":"1713389","fromID":"1304037","toID":"1304039","formEdgeID":null},{"edgeID":"1713390","fromID":"1304039","toID":"1304038","formEdgeID":null},{"edgeID":"1713391","fromID":"1304042","toID":"1304041","formEdgeID":null},{"edgeID":"1713392","fromID":"1304043","toID":"1304042","formEdgeID":null},{"edgeID":"1713393","fromID":"1304041","toID":"1304044","formEdgeID":null},{"edgeID":"1713394","fromID":"1304044","toID":"1304040","formEdgeID":null},{"edgeID":"1713395","fromID":"1304000","toID":"1304045","formEdgeID":null},{"edgeID":"1713396","fromID":"1304045","toID":"1304040","formEdgeID":null},{"edgeID":"1713397","fromID":"1304001","toID":"1304046","formEdgeID":null},{"edgeID":"1713398","fromID":"1304046","toID":"1304041","formEdgeID":null},{"edgeID":"1713399","fromID":"1304046","toID":"1304047","formEdgeID":null},{"edgeID":"1713400","fromID":"1304047","toID":"1304045","formEdgeID":null},{"edgeID":"1713401","fromID":"1304050","toID":"1304049","formEdgeID":null},{"edgeID":"1713402","fromID":"1304051","toID":"1304050","formEdgeID":null},{"edgeID":"1713403","fromID":"1304049","toID":"1304052","formEdgeID":null},{"edgeID":"1713404","fromID":"1304052","toID":"1304048","formEdgeID":null},{"edgeID":"1713405","fromID":"1304041","toID":"1304053","formEdgeID":null},{"edgeID":"1713406","fromID":"1304053","toID":"1304049","formEdgeID":null},{"edgeID":"1713407","fromID":"1304048","toID":"1304054","formEdgeID":null},{"edgeID":"1713408","fromID":"1304054","toID":"1304040","formEdgeID":null},{"edgeID":"1713409","fromID":"1304053","toID":"1304055","formEdgeID":null},{"edgeID":"1713410","fromID":"1304055","toID":"1304054","formEdgeID":null},{"edgeID":"1713411","fromID":"1304058","toID":"1304057","formEdgeID":null},{"edgeID":"1713412","fromID":"1304059","toID":"1304058","formEdgeID":null},{"edgeID":"1713413","fromID":"1304057","toID":"1304060","formEdgeID":null},{"edgeID":"1713414","fromID":"1304060","toID":"1304056","formEdgeID":null},{"edgeID":"1713415","fromID":"1304049","toID":"1304061","formEdgeID":null},{"edgeID":"1713416","fromID":"1304061","toID":"1304057","formEdgeID":null},{"edgeID":"1713417","fromID":"1304064","toID":"1304063","formEdgeID":null},{"edgeID":"1713418","fromID":"1304065","toID":"1304064","formEdgeID":null},{"edgeID":"1713419","fromID":"1304063","toID":"1304066","formEdgeID":null},{"edgeID":"1713420","fromID":"1304066","toID":"1304062","formEdgeID":null},{"edgeID":"1713421","fromID":"1304057","toID":"1304067","formEdgeID":null},{"edgeID":"1713422","fromID":"1304067","toID":"1304063","formEdgeID":null},{"edgeID":"1713423","fromID":"1304070","toID":"1304069","formEdgeID":null},{"edgeID":"1713424","fromID":"1304071","toID":"1304070","formEdgeID":null},{"edgeID":"1713425","fromID":"1304069","toID":"1304072","formEdgeID":null},{"edgeID":"1713426","fromID":"1304072","toID":"1304068","formEdgeID":null},{"edgeID":"1713427","fromID":"1304062","toID":"1304073","formEdgeID":null},{"edgeID":"1713428","fromID":"1304073","toID":"1304056","formEdgeID":null},{"edgeID":"1713429","fromID":"1304067","toID":"1304074","formEdgeID":null},{"edgeID":"1713430","fromID":"1304074","toID":"1304073","formEdgeID":null},{"edgeID":"1713431","fromID":"1304063","toID":"1304075","formEdgeID":null},{"edgeID":"1713432","fromID":"1304075","toID":"1304069","formEdgeID":null},{"edgeID":"1713433","fromID":"1304068","toID":"1304076","formEdgeID":null},{"edgeID":"1713434","fromID":"1304076","toID":"1304062","formEdgeID":null},{"edgeID":"1713435","fromID":"1304075","toID":"1304077","formEdgeID":null},{"edgeID":"1713436","fromID":"1304077","toID":"1304076","formEdgeID":null},{"edgeID":"1713437","fromID":"1304080","toID":"1304079","formEdgeID":null},{"edgeID":"1713438","fromID":"1304081","toID":"1304080","formEdgeID":null},{"edgeID":"1713439","fromID":"1304079","toID":"1304082","formEdgeID":null},{"edgeID":"1713440","fromID":"1304082","toID":"1304078","formEdgeID":null},{"edgeID":"1713441","fromID":"1304069","toID":"1304083","formEdgeID":null},{"edgeID":"1713442","fromID":"1304083","toID":"1304079","formEdgeID":null},{"edgeID":"1713443","fromID":"1304001","toID":"1304084","formEdgeID":null},{"edgeID":"1713444","fromID":"1304084","toID":"1304057","formEdgeID":null},{"edgeID":"1713445","fromID":"1304056","toID":"1304085","formEdgeID":null},{"edgeID":"1713446","fromID":"1304085","toID":"1304000","formEdgeID":null},{"edgeID":"1713447","fromID":"1304084","toID":"1304086","formEdgeID":null},{"edgeID":"1713448","fromID":"1304086","toID":"1304085","formEdgeID":null}],"locutions":[]}