{"nodes":[{"nodeID":"1299663","text":"in the long term investing in non-renewable sources right now is going to plunge us into an even deeper crisis","type":"I","timestamp":"2023-11-09 12:54:55"},{"nodeID":"1299664","text":"AudienceMember 20220310QT04: investing in non-renewable sources right now, do you seriously not think that in the long term that's going to plunge us into an even deeper crisis","type":"L","timestamp":"2023-11-09 12:54:55"},{"nodeID":"1299665","text":"Analysing","type":"YA","timestamp":"2023-11-09 12:54:55"},{"nodeID":"1299666","text":"Zofia: AudienceMember 20220310QT04: investing in non-renewable sources right now, do you seriously not think that in the long term that's going to plunge us into an even deeper crisis","type":"L","timestamp":"2023-11-09 12:54:55"},{"nodeID":"1299667","text":"Assertive Questioning","type":"YA","timestamp":"2023-11-09 12:54:55"},{"nodeID":"1299668","text":"no, we're not in a crisis right now in terms of investing in non-renewable sources right now","type":"I","timestamp":"2023-11-09 12:54:56"},{"nodeID":"1299669","text":"Julia Hartley-Brewer: No, we're not in a crisis right now in terms of\u2026on that aspect of things","type":"L","timestamp":"2023-11-09 12:54:56"},{"nodeID":"1299670","text":"Analysing","type":"YA","timestamp":"2023-11-09 12:54:56"},{"nodeID":"1299671","text":"Zofia: Julia Hartley-Brewer: No, we're not in a crisis right now in terms of\u2026on that aspect of things","type":"L","timestamp":"2023-11-09 12:54:56"},{"nodeID":"1299672","text":"Asserting","type":"YA","timestamp":"2023-11-09 12:54:56"},{"nodeID":"1299673","text":"Default Transition","type":"TA","timestamp":"2023-11-09 12:54:56"},{"nodeID":"1299674","text":"Default Conflict","type":"CA","timestamp":"2023-11-09 12:54:56"},{"nodeID":"1299675","text":"Disagreeing","type":"YA","timestamp":"2023-11-09 12:54:56"},{"nodeID":"1299676","text":"AudienceMember 20220310QT04 is part of the problem","type":"I","timestamp":"2023-11-09 12:54:57"},{"nodeID":"1299677","text":"Julia Hartley-Brewer: you're part of the problem, madam","type":"L","timestamp":"2023-11-09 12:54:57"},{"nodeID":"1299678","text":"Analysing","type":"YA","timestamp":"2023-11-09 12:54:57"},{"nodeID":"1299679","text":"Zofia: Julia Hartley-Brewer: you're part of the problem, madam","type":"L","timestamp":"2023-11-09 12:54:57"},{"nodeID":"1299680","text":"Asserting","type":"YA","timestamp":"2023-11-09 12:54:57"},{"nodeID":"1299681","text":"Default Transition","type":"TA","timestamp":"2023-11-09 12:54:57"},{"nodeID":"1299682","text":"this move towards net zero in a randomly plucked date in 2050 is utterly ridiculous","type":"I","timestamp":"2023-11-09 12:54:57"},{"nodeID":"1299683","text":"Julia Hartley-Brewer: this move towards net zero in a randomly plucked date in 2050","type":"L","timestamp":"2023-11-09 12:54:57"},{"nodeID":"1299684","text":"Analysing","type":"YA","timestamp":"2023-11-09 12:54:57"},{"nodeID":"1299685","text":"Zofia: Julia Hartley-Brewer: this move towards net zero in a randomly plucked date in 2050","type":"L","timestamp":"2023-11-09 12:54:57"},{"nodeID":"1299686","text":"Asserting","type":"YA","timestamp":"2023-11-09 12:54:57"},{"nodeID":"1299687","text":"Default Transition","type":"TA","timestamp":"2023-11-09 12:54:57"},{"nodeID":"1299688","text":"Default Rephrase","type":"MA","timestamp":"2023-11-09 12:54:57"},{"nodeID":"1299689","text":"Restating","type":"YA","timestamp":"2023-11-09 12:54:57"},{"nodeID":"1299690","text":"the move towards net zero was decided by Parliament after a 90 minute debate","type":"I","timestamp":"2023-11-09 12:54:58"},{"nodeID":"1299691","text":"Julia Hartley-Brewer: which by the way was decided by Parliament after a 90 minute debate","type":"L","timestamp":"2023-11-09 12:54:58"},{"nodeID":"1299692","text":"Analysing","type":"YA","timestamp":"2023-11-09 12:54:58"},{"nodeID":"1299693","text":"Zofia: Julia Hartley-Brewer: which by the way was decided by Parliament after a 90 minute debate","type":"L","timestamp":"2023-11-09 12:54:58"},{"nodeID":"1299694","text":"Asserting","type":"YA","timestamp":"2023-11-09 12:54:58"},{"nodeID":"1299695","text":"Default Transition","type":"TA","timestamp":"2023-11-09 12:54:58"},{"nodeID":"1299696","text":"Default Rephrase","type":"MA","timestamp":"2023-11-09 12:54:58"},{"nodeID":"1299697","text":"Restating","type":"YA","timestamp":"2023-11-09 12:54:58"},{"nodeID":"1299698","text":"Julia Hartley-Brewer spent longer choosing socks than the Parliment spent to decide the move towards net zero","type":"I","timestamp":"2023-11-09 12:54:59"},{"nodeID":"1299699","text":"Julia Hartley-Brewer: I've spent longer choosing socks than that","type":"L","timestamp":"2023-11-09 12:54:59"},{"nodeID":"1299700","text":"Analysing","type":"YA","timestamp":"2023-11-09 12:54:59"},{"nodeID":"1299701","text":"Zofia: Julia Hartley-Brewer: I've spent longer choosing socks than that","type":"L","timestamp":"2023-11-09 12:54:59"},{"nodeID":"1299702","text":"Asserting","type":"YA","timestamp":"2023-11-09 12:54:59"},{"nodeID":"1299703","text":"Default Transition","type":"TA","timestamp":"2023-11-09 12:54:59"},{"nodeID":"1299704","text":"Default Rephrase","type":"MA","timestamp":"2023-11-09 12:54:59"},{"nodeID":"1299705","text":"Restating","type":"YA","timestamp":"2023-11-09 12:54:59"},{"nodeID":"1299706","text":"not investing in non-renewable sources is about a reduction in global atmospheric carbon emissions to reduce a global temperature rise","type":"I","timestamp":"2023-11-09 12:54:59"},{"nodeID":"1299707","text":"AudienceMember 20220310QT05: It's about a reduction in global atmospheric carbon emissions to reduce a global temperature rise","type":"L","timestamp":"2023-11-09 12:54:59"},{"nodeID":"1299708","text":"Analysing","type":"YA","timestamp":"2023-11-09 12:54:59"},{"nodeID":"1299709","text":"Zofia: AudienceMember 20220310QT05: It's about a reduction in global atmospheric carbon emissions to reduce a global temperature rise","type":"L","timestamp":"2023-11-09 12:54:59"},{"nodeID":"1299710","text":"Asserting","type":"YA","timestamp":"2023-11-09 12:54:59"},{"nodeID":"1299711","text":"not investing in non-renewable sources is not about a date","type":"I","timestamp":"2023-11-09 12:55:00"},{"nodeID":"1299712","text":"AudienceMember 20220310QT05: It's not about a date","type":"L","timestamp":"2023-11-09 12:55:00"},{"nodeID":"1299713","text":"Analysing","type":"YA","timestamp":"2023-11-09 12:55:00"},{"nodeID":"1299714","text":"Zofia: AudienceMember 20220310QT05: It's not about a date","type":"L","timestamp":"2023-11-09 12:55:00"},{"nodeID":"1299715","text":"Asserting","type":"YA","timestamp":"2023-11-09 12:55:00"},{"nodeID":"1299716","text":"Default Transition","type":"TA","timestamp":"2023-11-09 12:55:00"},{"nodeID":"1299717","text":"Default Conflict","type":"CA","timestamp":"2023-11-09 12:55:00"},{"nodeID":"1299718","text":"Disagreeing","type":"YA","timestamp":"2023-11-09 12:55:00"},{"nodeID":"1299719","text":"Default Transition","type":"TA","timestamp":"2023-11-09 12:55:00"},{"nodeID":"1299720","text":"Default Rephrase","type":"MA","timestamp":"2023-11-09 12:55:00"},{"nodeID":"1299721","text":"Restating","type":"YA","timestamp":"2023-11-09 12:55:00"},{"nodeID":"1299722","text":"reduction in global atmospheric carbon emissions to reduce a global temperature rise going to achieve is going to achieve xxx","type":"I","timestamp":"2023-11-09 12:55:00"},{"nodeID":"1299723","text":"Julia Hartley-Brewer: And what's that going to achieve","type":"L","timestamp":"2023-11-09 12:55:00"},{"nodeID":"1299724","text":"Analysing","type":"YA","timestamp":"2023-11-09 12:55:00"},{"nodeID":"1299725","text":"Zofia: Julia Hartley-Brewer: And what's that going to achieve","type":"L","timestamp":"2023-11-09 12:55:00"},{"nodeID":"1299726","text":"Pure Questioning","type":"YA","timestamp":"2023-11-09 12:55:00"},{"nodeID":"1299727","text":"Default Transition","type":"TA","timestamp":"2023-11-09 12:55:00"},{"nodeID":"1299728","text":"we're not going to hit net zero, but if we did hit it, it would achieve xxx","type":"I","timestamp":"2023-11-09 12:55:01"},{"nodeID":"1299729","text":"Julia Hartley-Brewer: We're not going to hit it, but if we did hit it what would that achieve","type":"L","timestamp":"2023-11-09 12:55:01"},{"nodeID":"1299730","text":"Analysing","type":"YA","timestamp":"2023-11-09 12:55:01"},{"nodeID":"1299731","text":"Zofia: Julia Hartley-Brewer: We're not going to hit it, but if we did hit it what would that achieve","type":"L","timestamp":"2023-11-09 12:55:01"},{"nodeID":"1299732","text":"Pure Questioning","type":"YA","timestamp":"2023-11-09 12:55:01"},{"nodeID":"1299733","text":"Default Transition","type":"TA","timestamp":"2023-11-09 12:55:01"}],"edges":[{"edgeID":"1707966","fromID":"1299665","toID":"1299664","formEdgeID":null},{"edgeID":"1707967","fromID":"1299666","toID":"1299665","formEdgeID":null},{"edgeID":"1707968","fromID":"1299664","toID":"1299667","formEdgeID":null},{"edgeID":"1707969","fromID":"1299667","toID":"1299663","formEdgeID":null},{"edgeID":"1707970","fromID":"1299670","toID":"1299669","formEdgeID":null},{"edgeID":"1707971","fromID":"1299671","toID":"1299670","formEdgeID":null},{"edgeID":"1707972","fromID":"1299669","toID":"1299672","formEdgeID":null},{"edgeID":"1707973","fromID":"1299672","toID":"1299668","formEdgeID":null},{"edgeID":"1707974","fromID":"1299664","toID":"1299673","formEdgeID":null},{"edgeID":"1707975","fromID":"1299673","toID":"1299669","formEdgeID":null},{"edgeID":"1707976","fromID":"1299668","toID":"1299674","formEdgeID":null},{"edgeID":"1707977","fromID":"1299674","toID":"1299663","formEdgeID":null},{"edgeID":"1707978","fromID":"1299673","toID":"1299675","formEdgeID":null},{"edgeID":"1707979","fromID":"1299675","toID":"1299674","formEdgeID":null},{"edgeID":"1707980","fromID":"1299678","toID":"1299677","formEdgeID":null},{"edgeID":"1707981","fromID":"1299679","toID":"1299678","formEdgeID":null},{"edgeID":"1707982","fromID":"1299677","toID":"1299680","formEdgeID":null},{"edgeID":"1707983","fromID":"1299680","toID":"1299676","formEdgeID":null},{"edgeID":"1707984","fromID":"1299669","toID":"1299681","formEdgeID":null},{"edgeID":"1707985","fromID":"1299681","toID":"1299677","formEdgeID":null},{"edgeID":"1707986","fromID":"1299684","toID":"1299683","formEdgeID":null},{"edgeID":"1707987","fromID":"1299685","toID":"1299684","formEdgeID":null},{"edgeID":"1707988","fromID":"1299683","toID":"1299686","formEdgeID":null},{"edgeID":"1707989","fromID":"1299686","toID":"1299682","formEdgeID":null},{"edgeID":"1707990","fromID":"1299677","toID":"1299687","formEdgeID":null},{"edgeID":"1707991","fromID":"1299687","toID":"1299683","formEdgeID":null},{"edgeID":"1707992","fromID":"1299682","toID":"1299688","formEdgeID":null},{"edgeID":"1707993","fromID":"1299688","toID":"1299668","formEdgeID":null},{"edgeID":"1707994","fromID":"1299687","toID":"1299689","formEdgeID":null},{"edgeID":"1707995","fromID":"1299689","toID":"1299688","formEdgeID":null},{"edgeID":"1707996","fromID":"1299692","toID":"1299691","formEdgeID":null},{"edgeID":"1707997","fromID":"1299693","toID":"1299692","formEdgeID":null},{"edgeID":"1707998","fromID":"1299691","toID":"1299694","formEdgeID":null},{"edgeID":"1707999","fromID":"1299694","toID":"1299690","formEdgeID":null},{"edgeID":"1708000","fromID":"1299683","toID":"1299695","formEdgeID":null},{"edgeID":"1708001","fromID":"1299695","toID":"1299691","formEdgeID":null},{"edgeID":"1708002","fromID":"1299690","toID":"1299696","formEdgeID":null},{"edgeID":"1708003","fromID":"1299696","toID":"1299682","formEdgeID":null},{"edgeID":"1708004","fromID":"1299695","toID":"1299697","formEdgeID":null},{"edgeID":"1708005","fromID":"1299697","toID":"1299696","formEdgeID":null},{"edgeID":"1708006","fromID":"1299700","toID":"1299699","formEdgeID":null},{"edgeID":"1708007","fromID":"1299701","toID":"1299700","formEdgeID":null},{"edgeID":"1708008","fromID":"1299699","toID":"1299702","formEdgeID":null},{"edgeID":"1708009","fromID":"1299702","toID":"1299698","formEdgeID":null},{"edgeID":"1708010","fromID":"1299691","toID":"1299703","formEdgeID":null},{"edgeID":"1708011","fromID":"1299703","toID":"1299699","formEdgeID":null},{"edgeID":"1708012","fromID":"1299698","toID":"1299704","formEdgeID":null},{"edgeID":"1708013","fromID":"1299704","toID":"1299690","formEdgeID":null},{"edgeID":"1708014","fromID":"1299703","toID":"1299705","formEdgeID":null},{"edgeID":"1708015","fromID":"1299705","toID":"1299704","formEdgeID":null},{"edgeID":"1708016","fromID":"1299708","toID":"1299707","formEdgeID":null},{"edgeID":"1708017","fromID":"1299709","toID":"1299708","formEdgeID":null},{"edgeID":"1708018","fromID":"1299707","toID":"1299710","formEdgeID":null},{"edgeID":"1708019","fromID":"1299710","toID":"1299706","formEdgeID":null},{"edgeID":"1708020","fromID":"1299713","toID":"1299712","formEdgeID":null},{"edgeID":"1708021","fromID":"1299714","toID":"1299713","formEdgeID":null},{"edgeID":"1708022","fromID":"1299712","toID":"1299715","formEdgeID":null},{"edgeID":"1708023","fromID":"1299715","toID":"1299711","formEdgeID":null},{"edgeID":"1708024","fromID":"1299683","toID":"1299716","formEdgeID":null},{"edgeID":"1708025","fromID":"1299716","toID":"1299712","formEdgeID":null},{"edgeID":"1708026","fromID":"1299711","toID":"1299717","formEdgeID":null},{"edgeID":"1708027","fromID":"1299717","toID":"1299682","formEdgeID":null},{"edgeID":"1708028","fromID":"1299716","toID":"1299718","formEdgeID":null},{"edgeID":"1708029","fromID":"1299718","toID":"1299717","formEdgeID":null},{"edgeID":"1708030","fromID":"1299712","toID":"1299719","formEdgeID":null},{"edgeID":"1708031","fromID":"1299719","toID":"1299707","formEdgeID":null},{"edgeID":"1708032","fromID":"1299706","toID":"1299720","formEdgeID":null},{"edgeID":"1708033","fromID":"1299720","toID":"1299711","formEdgeID":null},{"edgeID":"1708034","fromID":"1299719","toID":"1299721","formEdgeID":null},{"edgeID":"1708035","fromID":"1299721","toID":"1299720","formEdgeID":null},{"edgeID":"1708036","fromID":"1299724","toID":"1299723","formEdgeID":null},{"edgeID":"1708037","fromID":"1299725","toID":"1299724","formEdgeID":null},{"edgeID":"1708038","fromID":"1299723","toID":"1299726","formEdgeID":null},{"edgeID":"1708039","fromID":"1299726","toID":"1299722","formEdgeID":null},{"edgeID":"1708040","fromID":"1299707","toID":"1299727","formEdgeID":null},{"edgeID":"1708041","fromID":"1299727","toID":"1299723","formEdgeID":null},{"edgeID":"1708042","fromID":"1299730","toID":"1299729","formEdgeID":null},{"edgeID":"1708043","fromID":"1299731","toID":"1299730","formEdgeID":null},{"edgeID":"1708044","fromID":"1299729","toID":"1299732","formEdgeID":null},{"edgeID":"1708045","fromID":"1299732","toID":"1299728","formEdgeID":null},{"edgeID":"1708046","fromID":"1299723","toID":"1299733","formEdgeID":null},{"edgeID":"1708047","fromID":"1299733","toID":"1299729","formEdgeID":null}],"locutions":[]}