{"nodes":[{"nodeID":"1144870","text":"Boris Johnson should or should not resign","type":"I","timestamp":"2023-04-20 10:10:00"},{"nodeID":"1144872","text":"Boris Johnson has apologised for the wrongdoings around partygate","type":"I","timestamp":"2023-04-20 10:10:02"},{"nodeID":"1144874","text":"Maria Caulfield fully understands the anger, the frustration at what happened","type":"I","timestamp":"2023-04-20 10:10:04"},{"nodeID":"1144876","text":"Boris Johnson has held his hands up to say there were wrongdoings","type":"I","timestamp":"2023-04-20 10:10:06"},{"nodeID":"1145554","text":"Boris Johnson has or has not misled Parliament","type":"I","timestamp":"2023-04-20 10:14:53"},{"nodeID":"1147312","text":"in light of the fixed penalty notices issued this week","type":"I","timestamp":"2023-04-20 10:25:00"},{"nodeID":"1147330","text":"misleading Parliament, to be found guilty of that has to be a deliberate misleading, not inadvertently misleading","type":"I","timestamp":"2023-04-20 10:25:08"},{"nodeID":"1147338","text":"Boris Johnson has been very clear there were wrongdoings around the partygate situation","type":"I","timestamp":"2023-04-20 10:25:10"},{"nodeID":"1147350","text":"Boris Johnson hass made changes already to number ten","type":"I","timestamp":"2023-04-20 10:25:15"},{"nodeID":"1147357","text":"Maria Caulfield was someone who did work on the COVID wards during the pandemic","type":"I","timestamp":"2023-04-20 10:25:18"},{"nodeID":"1147362","text":"no one is more angry about events that took place in number ten than Maria Caulfield","type":"I","timestamp":"2023-04-20 10:25:20"},{"nodeID":"1147371","text":"while many of us were working on the wards we weren't having social gatherings after work","type":"I","timestamp":"2023-04-20 10:25:23"},{"nodeID":"1147385","text":"Boris Johnson has held his hands up now","type":"I","timestamp":"2023-04-20 10:25:28"},{"nodeID":"1147391","text":"Boris Johnson was found out","type":"I","timestamp":"2023-04-20 10:25:30"},{"nodeID":"1147399","text":"if Boris Johnson hadn't been called out on it","type":"I","timestamp":"2023-04-20 10:25:33"},{"nodeID":"1147408","text":"Boris Johnson has apologised for that","type":"I","timestamp":"2023-04-20 10:25:37"},{"nodeID":"1147412","text":"Boris Johnson has made changes in number ten","type":"I","timestamp":"2023-04-20 10:25:38"},{"nodeID":"1147422","text":"the lady is suggesting changes were made only because Boris Johnson was found out","type":"I","timestamp":"2023-04-20 10:25:41"},{"nodeID":"1301498","text":"AudienceMember 20220310QT35: In light of the fixed penalty notices issued this week","type":"L","timestamp":"2023-11-09 12:57:25"},{"nodeID":"1301499","text":"Analysing","type":"YA","timestamp":"2023-11-09 12:57:25"},{"nodeID":"1301500","text":"Chris: AudienceMember 20220310QT35: In light of the fixed penalty notices issued this week","type":"L","timestamp":"2023-11-09 12:57:25"},{"nodeID":"1301501","text":"Asserting","type":"YA","timestamp":"2023-11-09 12:57:25"},{"nodeID":"1301502","text":"AudienceMember 20220310QT35: has Boris Johnson misled Parliament","type":"L","timestamp":"2023-11-09 12:57:25"},{"nodeID":"1301503","text":"Analysing","type":"YA","timestamp":"2023-11-09 12:57:25"},{"nodeID":"1301504","text":"Chris: AudienceMember 20220310QT35: has Boris Johnson misled Parliament","type":"L","timestamp":"2023-11-09 12:57:25"},{"nodeID":"1301505","text":"Pure Questioning","type":"YA","timestamp":"2023-11-09 12:57:25"},{"nodeID":"1301506","text":"AudienceMember 20220310QT35: should he resign","type":"L","timestamp":"2023-11-09 12:57:26"},{"nodeID":"1301507","text":"Analysing","type":"YA","timestamp":"2023-11-09 12:57:26"},{"nodeID":"1301508","text":"Chris: AudienceMember 20220310QT35: should he resign","type":"L","timestamp":"2023-11-09 12:57:26"},{"nodeID":"1301509","text":"Pure Questioning","type":"YA","timestamp":"2023-11-09 12:57:26"},{"nodeID":"1301510","text":"Default Transition","type":"TA","timestamp":"2023-11-09 12:57:26"},{"nodeID":"1301511","text":"Default Transition","type":"TA","timestamp":"2023-11-09 12:57:26"},{"nodeID":"1301512","text":"Default Inference","type":"RA","timestamp":"2023-11-09 12:57:26"},{"nodeID":"1301513","text":"Arguing","type":"YA","timestamp":"2023-11-09 12:57:26"},{"nodeID":"1301514","text":"Default Inference","type":"RA","timestamp":"2023-11-09 12:57:26"},{"nodeID":"1301515","text":"Arguing","type":"YA","timestamp":"2023-11-09 12:57:26"},{"nodeID":"1301516","text":"Maria Caulfield: misleading Parliament, to be found guilty of that has to be a deliberate misleading, not inadvertently misleading","type":"L","timestamp":"2023-11-09 12:57:27"},{"nodeID":"1301517","text":"Analysing","type":"YA","timestamp":"2023-11-09 12:57:27"},{"nodeID":"1301518","text":"Chris: Maria Caulfield: misleading Parliament, to be found guilty of that has to be a deliberate misleading, not inadvertently misleading","type":"L","timestamp":"2023-11-09 12:57:27"},{"nodeID":"1301519","text":"Asserting","type":"YA","timestamp":"2023-11-09 12:57:27"},{"nodeID":"1301520","text":"Default Transition","type":"TA","timestamp":"2023-11-09 12:57:27"},{"nodeID":"1301521","text":"Default Rephrase","type":"MA","timestamp":"2023-11-09 12:57:27"},{"nodeID":"1301522","text":"Default Illocuting","type":"YA","timestamp":"2023-11-09 12:57:27"},{"nodeID":"1301523","text":"Maria Caulfield: Boris Johnson has been very clear there were wrongdoings around the partygate situation","type":"L","timestamp":"2023-11-09 12:57:27"},{"nodeID":"1301524","text":"Analysing","type":"YA","timestamp":"2023-11-09 12:57:27"},{"nodeID":"1301525","text":"Chris: Maria Caulfield: Boris Johnson has been very clear there were wrongdoings around the partygate situation","type":"L","timestamp":"2023-11-09 12:57:27"},{"nodeID":"1301526","text":"Asserting","type":"YA","timestamp":"2023-11-09 12:57:27"},{"nodeID":"1301527","text":"Default Transition","type":"TA","timestamp":"2023-11-09 12:57:27"},{"nodeID":"1301528","text":"Maria Caulfield: He's apologised for that","type":"L","timestamp":"2023-11-09 12:57:28"},{"nodeID":"1301529","text":"Analysing","type":"YA","timestamp":"2023-11-09 12:57:28"},{"nodeID":"1301530","text":"Chris: Maria Caulfield: He's apologised for that","type":"L","timestamp":"2023-11-09 12:57:28"},{"nodeID":"1301531","text":"Asserting","type":"YA","timestamp":"2023-11-09 12:57:28"},{"nodeID":"1301532","text":"Default Transition","type":"TA","timestamp":"2023-11-09 12:57:28"},{"nodeID":"1301533","text":"Default Inference","type":"RA","timestamp":"2023-11-09 12:57:28"},{"nodeID":"1301534","text":"Arguing","type":"YA","timestamp":"2023-11-09 12:57:28"},{"nodeID":"1301535","text":"Maria Caulfield: He's made changes already to number ten","type":"L","timestamp":"2023-11-09 12:57:28"},{"nodeID":"1301536","text":"Analysing","type":"YA","timestamp":"2023-11-09 12:57:28"},{"nodeID":"1301537","text":"Chris: Maria Caulfield: He's made changes already to number ten","type":"L","timestamp":"2023-11-09 12:57:28"},{"nodeID":"1301538","text":"Asserting","type":"YA","timestamp":"2023-11-09 12:57:28"},{"nodeID":"1301539","text":"Default Transition","type":"TA","timestamp":"2023-11-09 12:57:28"},{"nodeID":"1301540","text":"Default Inference","type":"RA","timestamp":"2023-11-09 12:57:28"},{"nodeID":"1301541","text":"Maria Caulfield: as someone who did work on the COVID wards during the pandemic","type":"L","timestamp":"2023-11-09 12:57:29"},{"nodeID":"1301542","text":"Analysing","type":"YA","timestamp":"2023-11-09 12:57:29"},{"nodeID":"1301543","text":"Chris: Maria Caulfield: as someone who did work on the COVID wards during the pandemic","type":"L","timestamp":"2023-11-09 12:57:29"},{"nodeID":"1301544","text":"Asserting","type":"YA","timestamp":"2023-11-09 12:57:29"},{"nodeID":"1301545","text":"Maria Caulfield: no one is more angry about events that took place in number ten","type":"L","timestamp":"2023-11-09 12:57:30"},{"nodeID":"1301546","text":"Analysing","type":"YA","timestamp":"2023-11-09 12:57:30"},{"nodeID":"1301547","text":"Chris: Maria Caulfield: no one is more angry about events that took place in number ten","type":"L","timestamp":"2023-11-09 12:57:30"},{"nodeID":"1301548","text":"Asserting","type":"YA","timestamp":"2023-11-09 12:57:30"},{"nodeID":"1301549","text":"Default Inference","type":"RA","timestamp":"2023-11-09 12:57:30"},{"nodeID":"1301550","text":"Default Transition","type":"TA","timestamp":"2023-11-09 12:57:30"},{"nodeID":"1301551","text":"Arguing","type":"YA","timestamp":"2023-11-09 12:57:30"},{"nodeID":"1301552","text":"Default Transition","type":"TA","timestamp":"2023-11-09 12:57:30"},{"nodeID":"1301553","text":"Maria Caulfield: while many of us were working on the wards we weren't having social gatherings after work","type":"L","timestamp":"2023-11-09 12:57:30"},{"nodeID":"1301554","text":"Analysing","type":"YA","timestamp":"2023-11-09 12:57:30"},{"nodeID":"1301555","text":"Chris: Maria Caulfield: while many of us were working on the wards we weren't having social gatherings after work","type":"L","timestamp":"2023-11-09 12:57:30"},{"nodeID":"1301556","text":"Asserting","type":"YA","timestamp":"2023-11-09 12:57:30"},{"nodeID":"1301557","text":"Default Transition","type":"TA","timestamp":"2023-11-09 12:57:30"},{"nodeID":"1301558","text":"Default Inference","type":"RA","timestamp":"2023-11-09 12:57:30"},{"nodeID":"1301559","text":"Arguing","type":"YA","timestamp":"2023-11-09 12:57:30"},{"nodeID":"1301560","text":"Maria Caulfield: I fully understand the anger, the frustration at what happened","type":"L","timestamp":"2023-11-09 12:57:31"},{"nodeID":"1301561","text":"Analysing","type":"YA","timestamp":"2023-11-09 12:57:31"},{"nodeID":"1301562","text":"Chris: Maria Caulfield: I fully understand the anger, the frustration at what happened","type":"L","timestamp":"2023-11-09 12:57:31"},{"nodeID":"1301563","text":"Asserting","type":"YA","timestamp":"2023-11-09 12:57:31"},{"nodeID":"1301564","text":"Default Rephrase","type":"MA","timestamp":"2023-11-09 12:57:31"},{"nodeID":"1301565","text":"Default Transition","type":"TA","timestamp":"2023-11-09 12:57:31"},{"nodeID":"1301566","text":"Restating","type":"YA","timestamp":"2023-11-09 12:57:31"},{"nodeID":"1301567","text":"AudienceMember 20220310QT36:  he's held his hands up now","type":"L","timestamp":"2023-11-09 12:57:32"},{"nodeID":"1301568","text":"Analysing","type":"YA","timestamp":"2023-11-09 12:57:32"},{"nodeID":"1301569","text":"Chris: AudienceMember 20220310QT36:  he's held his hands up now","type":"L","timestamp":"2023-11-09 12:57:32"},{"nodeID":"1301570","text":"Asserting","type":"YA","timestamp":"2023-11-09 12:57:32"},{"nodeID":"1301571","text":"Default Transition","type":"TA","timestamp":"2023-11-09 12:57:32"},{"nodeID":"1301572","text":"AudienceMember 20220310QT36: he was found out","type":"L","timestamp":"2023-11-09 12:57:32"},{"nodeID":"1301573","text":"Analysing","type":"YA","timestamp":"2023-11-09 12:57:32"},{"nodeID":"1301574","text":"Chris: AudienceMember 20220310QT36: he was found out","type":"L","timestamp":"2023-11-09 12:57:32"},{"nodeID":"1301575","text":"Asserting","type":"YA","timestamp":"2023-11-09 12:57:32"},{"nodeID":"1301576","text":"Default Transition","type":"TA","timestamp":"2023-11-09 12:57:32"},{"nodeID":"1301577","text":"Default Inference","type":"RA","timestamp":"2023-11-09 12:57:32"},{"nodeID":"1301578","text":"Arguing","type":"YA","timestamp":"2023-11-09 12:57:32"},{"nodeID":"1301579","text":"AudienceMember 20220310QT36: If he hadn't been called out on it","type":"L","timestamp":"2023-11-09 12:57:33"},{"nodeID":"1301580","text":"Analysing","type":"YA","timestamp":"2023-11-09 12:57:33"},{"nodeID":"1301581","text":"Chris: AudienceMember 20220310QT36: If he hadn't been called out on it","type":"L","timestamp":"2023-11-09 12:57:33"},{"nodeID":"1301582","text":"Asserting","type":"YA","timestamp":"2023-11-09 12:57:33"},{"nodeID":"1301583","text":"Maria Caulfield: he has held his hands up to say there were wrongdoings","type":"L","timestamp":"2023-11-09 12:57:33"},{"nodeID":"1301584","text":"Analysing","type":"YA","timestamp":"2023-11-09 12:57:33"},{"nodeID":"1301585","text":"Chris: Maria Caulfield: he has held his hands up to say there were wrongdoings","type":"L","timestamp":"2023-11-09 12:57:33"},{"nodeID":"1301586","text":"Asserting","type":"YA","timestamp":"2023-11-09 12:57:33"},{"nodeID":"1301587","text":"Default Transition","type":"TA","timestamp":"2023-11-09 12:57:33"},{"nodeID":"1301588","text":"Analysing","type":"YA","timestamp":"2023-11-09 12:57:34"},{"nodeID":"1301589","text":"Asserting","type":"YA","timestamp":"2023-11-09 12:57:34"},{"nodeID":"1301590","text":"Default Transition","type":"TA","timestamp":"2023-11-09 12:57:34"},{"nodeID":"1301591","text":"Maria Caulfield: he's made changes in number ten","type":"L","timestamp":"2023-11-09 12:57:35"},{"nodeID":"1301592","text":"Analysing","type":"YA","timestamp":"2023-11-09 12:57:35"},{"nodeID":"1301593","text":"Chris: Maria Caulfield: he's made changes in number ten","type":"L","timestamp":"2023-11-09 12:57:35"},{"nodeID":"1301594","text":"Asserting","type":"YA","timestamp":"2023-11-09 12:57:35"},{"nodeID":"1301595","text":"Default Transition","type":"TA","timestamp":"2023-11-09 12:57:35"},{"nodeID":"1301596","text":"Default Rephrase","type":"MA","timestamp":"2023-11-09 12:57:35"},{"nodeID":"1301597","text":"Default Rephrase","type":"MA","timestamp":"2023-11-09 12:57:35"},{"nodeID":"1301598","text":"Restating","type":"YA","timestamp":"2023-11-09 12:57:35"},{"nodeID":"1301599","text":"Restating","type":"YA","timestamp":"2023-11-09 12:57:35"},{"nodeID":"1301600","text":"Victoria Derbyshire: the lady is suggesting because he was found out","type":"L","timestamp":"2023-11-09 12:57:35"},{"nodeID":"1301601","text":"Analysing","type":"YA","timestamp":"2023-11-09 12:57:35"},{"nodeID":"1301602","text":"Chris: Victoria Derbyshire: the lady is suggesting because he was found out","type":"L","timestamp":"2023-11-09 12:57:35"},{"nodeID":"1301603","text":"Asserting","type":"YA","timestamp":"2023-11-09 12:57:35"},{"nodeID":"1301604","text":"Default Rephrase","type":"MA","timestamp":"2023-11-09 12:57:35"},{"nodeID":"1301605","text":"Default Transition","type":"TA","timestamp":"2023-11-09 12:57:35"},{"nodeID":"1301606","text":"Restating","type":"YA","timestamp":"2023-11-09 12:57:35"},{"nodeID":"1301607","text":"Default Transition","type":"TA","timestamp":"2023-11-09 12:57:35"},{"nodeID":"1301608","text":"Default Conflict","type":"CA","timestamp":"2023-11-09 12:57:35"},{"nodeID":"1301609","text":"Disagreeing","type":"YA","timestamp":"2023-11-09 12:57:35"},{"nodeID":"1301610","text":"Default Rephrase","type":"MA","timestamp":"2023-11-09 12:57:35"},{"nodeID":"1301611","text":"Default Transition","type":"TA","timestamp":"2023-11-09 12:57:35"},{"nodeID":"1301612","text":"Restating","type":"YA","timestamp":"2023-11-09 12:57:35"},{"nodeID":"1301613","text":"Default Rephrase","type":"MA","timestamp":"2023-11-09 12:57:35"},{"nodeID":"1301614","text":"Default Transition","type":"TA","timestamp":"2023-11-09 12:57:35"},{"nodeID":"1301615","text":"Default Illocuting","type":"YA","timestamp":"2023-11-09 12:57:35"}],"edges":[{"edgeID":"1710136","fromID":"1301499","toID":"1301498","formEdgeID":null},{"edgeID":"1710137","fromID":"1301500","toID":"1301499","formEdgeID":null},{"edgeID":"1710138","fromID":"1301498","toID":"1301501","formEdgeID":null},{"edgeID":"1710139","fromID":"1301501","toID":"1147312","formEdgeID":null},{"edgeID":"1710140","fromID":"1301503","toID":"1301502","formEdgeID":null},{"edgeID":"1710141","fromID":"1301504","toID":"1301503","formEdgeID":null},{"edgeID":"1710142","fromID":"1301502","toID":"1301505","formEdgeID":null},{"edgeID":"1710143","fromID":"1301505","toID":"1145554","formEdgeID":null},{"edgeID":"1710144","fromID":"1301507","toID":"1301506","formEdgeID":null},{"edgeID":"1710145","fromID":"1301508","toID":"1301507","formEdgeID":null},{"edgeID":"1710146","fromID":"1301506","toID":"1301509","formEdgeID":null},{"edgeID":"1710147","fromID":"1301509","toID":"1144870","formEdgeID":null},{"edgeID":"1710148","fromID":"1301498","toID":"1301510","formEdgeID":null},{"edgeID":"1710149","fromID":"1301510","toID":"1301502","formEdgeID":null},{"edgeID":"1710150","fromID":"1301502","toID":"1301511","formEdgeID":null},{"edgeID":"1710151","fromID":"1301511","toID":"1301506","formEdgeID":null},{"edgeID":"1710152","fromID":"1147312","toID":"1301512","formEdgeID":null},{"edgeID":"1710153","fromID":"1301512","toID":"1145554","formEdgeID":null},{"edgeID":"1710154","fromID":"1301510","toID":"1301513","formEdgeID":null},{"edgeID":"1710155","fromID":"1301513","toID":"1301512","formEdgeID":null},{"edgeID":"1710156","fromID":"1145554","toID":"1301514","formEdgeID":null},{"edgeID":"1710157","fromID":"1301514","toID":"1144870","formEdgeID":null},{"edgeID":"1710158","fromID":"1301511","toID":"1301515","formEdgeID":null},{"edgeID":"1710159","fromID":"1301515","toID":"1301514","formEdgeID":null},{"edgeID":"1710160","fromID":"1301517","toID":"1301516","formEdgeID":null},{"edgeID":"1710161","fromID":"1301518","toID":"1301517","formEdgeID":null},{"edgeID":"1710162","fromID":"1301516","toID":"1301519","formEdgeID":null},{"edgeID":"1710163","fromID":"1301519","toID":"1147330","formEdgeID":null},{"edgeID":"1710164","fromID":"1301502","toID":"1301520","formEdgeID":null},{"edgeID":"1710165","fromID":"1301520","toID":"1301516","formEdgeID":null},{"edgeID":"1710166","fromID":"1147330","toID":"1301521","formEdgeID":null},{"edgeID":"1710167","fromID":"1301521","toID":"1145554","formEdgeID":null},{"edgeID":"1710168","fromID":"1301520","toID":"1301522","formEdgeID":null},{"edgeID":"1710169","fromID":"1301522","toID":"1301521","formEdgeID":null},{"edgeID":"1710170","fromID":"1301524","toID":"1301523","formEdgeID":null},{"edgeID":"1710171","fromID":"1301525","toID":"1301524","formEdgeID":null},{"edgeID":"1710172","fromID":"1301523","toID":"1301526","formEdgeID":null},{"edgeID":"1710173","fromID":"1301526","toID":"1147338","formEdgeID":null},{"edgeID":"1710174","fromID":"1301516","toID":"1301527","formEdgeID":null},{"edgeID":"1710175","fromID":"1301527","toID":"1301523","formEdgeID":null},{"edgeID":"1710176","fromID":"1301529","toID":"1301528","formEdgeID":null},{"edgeID":"1710177","fromID":"1301530","toID":"1301529","formEdgeID":null},{"edgeID":"1710178","fromID":"1301528","toID":"1301531","formEdgeID":null},{"edgeID":"1710179","fromID":"1301531","toID":"1144872","formEdgeID":null},{"edgeID":"1710180","fromID":"1301523","toID":"1301532","formEdgeID":null},{"edgeID":"1710181","fromID":"1301532","toID":"1301528","formEdgeID":null},{"edgeID":"1710182","fromID":"1147338","toID":"1301533","formEdgeID":null},{"edgeID":"1710183","fromID":"1301533","toID":"1144872","formEdgeID":null},{"edgeID":"1710184","fromID":"1301532","toID":"1301534","formEdgeID":null},{"edgeID":"1710185","fromID":"1301534","toID":"1301533","formEdgeID":null},{"edgeID":"1710186","fromID":"1301536","toID":"1301535","formEdgeID":null},{"edgeID":"1710187","fromID":"1301537","toID":"1301536","formEdgeID":null},{"edgeID":"1710188","fromID":"1301535","toID":"1301538","formEdgeID":null},{"edgeID":"1710189","fromID":"1301538","toID":"1147350","formEdgeID":null},{"edgeID":"1710190","fromID":"1301528","toID":"1301539","formEdgeID":null},{"edgeID":"1710191","fromID":"1301539","toID":"1301535","formEdgeID":null},{"edgeID":"1710192","fromID":"1147338","toID":"1301540","formEdgeID":null},{"edgeID":"1710193","fromID":"1301540","toID":"1147350","formEdgeID":null},{"edgeID":"1710194","fromID":"1301542","toID":"1301541","formEdgeID":null},{"edgeID":"1710195","fromID":"1301543","toID":"1301542","formEdgeID":null},{"edgeID":"1710196","fromID":"1301541","toID":"1301544","formEdgeID":null},{"edgeID":"1710197","fromID":"1301544","toID":"1147357","formEdgeID":null},{"edgeID":"1710198","fromID":"1301546","toID":"1301545","formEdgeID":null},{"edgeID":"1710199","fromID":"1301547","toID":"1301546","formEdgeID":null},{"edgeID":"1710200","fromID":"1301545","toID":"1301548","formEdgeID":null},{"edgeID":"1710201","fromID":"1301548","toID":"1147362","formEdgeID":null},{"edgeID":"1710202","fromID":"1147357","toID":"1301549","formEdgeID":null},{"edgeID":"1710203","fromID":"1301549","toID":"1147362","formEdgeID":null},{"edgeID":"1710204","fromID":"1301541","toID":"1301550","formEdgeID":null},{"edgeID":"1710205","fromID":"1301550","toID":"1301545","formEdgeID":null},{"edgeID":"1710206","fromID":"1301550","toID":"1301551","formEdgeID":null},{"edgeID":"1710207","fromID":"1301551","toID":"1301549","formEdgeID":null},{"edgeID":"1710208","fromID":"1301535","toID":"1301552","formEdgeID":null},{"edgeID":"1710209","fromID":"1301552","toID":"1301541","formEdgeID":null},{"edgeID":"1710210","fromID":"1301554","toID":"1301553","formEdgeID":null},{"edgeID":"1710211","fromID":"1301555","toID":"1301554","formEdgeID":null},{"edgeID":"1710212","fromID":"1301553","toID":"1301556","formEdgeID":null},{"edgeID":"1710213","fromID":"1301556","toID":"1147371","formEdgeID":null},{"edgeID":"1710214","fromID":"1301545","toID":"1301557","formEdgeID":null},{"edgeID":"1710215","fromID":"1301557","toID":"1301553","formEdgeID":null},{"edgeID":"1710216","fromID":"1147371","toID":"1301558","formEdgeID":null},{"edgeID":"1710217","fromID":"1301558","toID":"1147362","formEdgeID":null},{"edgeID":"1710218","fromID":"1301557","toID":"1301559","formEdgeID":null},{"edgeID":"1710219","fromID":"1301559","toID":"1301558","formEdgeID":null},{"edgeID":"1710220","fromID":"1301561","toID":"1301560","formEdgeID":null},{"edgeID":"1710221","fromID":"1301562","toID":"1301561","formEdgeID":null},{"edgeID":"1710222","fromID":"1301560","toID":"1301563","formEdgeID":null},{"edgeID":"1710223","fromID":"1301563","toID":"1144874","formEdgeID":null},{"edgeID":"1710224","fromID":"1144874","toID":"1301564","formEdgeID":null},{"edgeID":"1710225","fromID":"1301564","toID":"1147362","formEdgeID":null},{"edgeID":"1710226","fromID":"1301545","toID":"1301565","formEdgeID":null},{"edgeID":"1710227","fromID":"1301565","toID":"1301560","formEdgeID":null},{"edgeID":"1710228","fromID":"1301565","toID":"1301566","formEdgeID":null},{"edgeID":"1710229","fromID":"1301566","toID":"1301564","formEdgeID":null},{"edgeID":"1710230","fromID":"1301568","toID":"1301567","formEdgeID":null},{"edgeID":"1710231","fromID":"1301569","toID":"1301568","formEdgeID":null},{"edgeID":"1710232","fromID":"1301567","toID":"1301570","formEdgeID":null},{"edgeID":"1710233","fromID":"1301570","toID":"1147385","formEdgeID":null},{"edgeID":"1710234","fromID":"1301560","toID":"1301571","formEdgeID":null},{"edgeID":"1710235","fromID":"1301571","toID":"1301567","formEdgeID":null},{"edgeID":"1710236","fromID":"1301573","toID":"1301572","formEdgeID":null},{"edgeID":"1710237","fromID":"1301574","toID":"1301573","formEdgeID":null},{"edgeID":"1710238","fromID":"1301572","toID":"1301575","formEdgeID":null},{"edgeID":"1710239","fromID":"1301575","toID":"1147391","formEdgeID":null},{"edgeID":"1710240","fromID":"1301567","toID":"1301576","formEdgeID":null},{"edgeID":"1710241","fromID":"1301576","toID":"1301572","formEdgeID":null},{"edgeID":"1710242","fromID":"1147391","toID":"1301577","formEdgeID":null},{"edgeID":"1710243","fromID":"1301577","toID":"1147385","formEdgeID":null},{"edgeID":"1710244","fromID":"1301576","toID":"1301578","formEdgeID":null},{"edgeID":"1710245","fromID":"1301578","toID":"1301577","formEdgeID":null},{"edgeID":"1710246","fromID":"1301580","toID":"1301579","formEdgeID":null},{"edgeID":"1710247","fromID":"1301581","toID":"1301580","formEdgeID":null},{"edgeID":"1710248","fromID":"1301579","toID":"1301582","formEdgeID":null},{"edgeID":"1710249","fromID":"1301582","toID":"1147399","formEdgeID":null},{"edgeID":"1710250","fromID":"1301584","toID":"1301583","formEdgeID":null},{"edgeID":"1710251","fromID":"1301585","toID":"1301584","formEdgeID":null},{"edgeID":"1710252","fromID":"1301583","toID":"1301586","formEdgeID":null},{"edgeID":"1710253","fromID":"1301586","toID":"1144876","formEdgeID":null},{"edgeID":"1710254","fromID":"1301579","toID":"1301587","formEdgeID":null},{"edgeID":"1710255","fromID":"1301587","toID":"1301583","formEdgeID":null},{"edgeID":"1710256","fromID":"1301588","toID":"1301528","formEdgeID":null},{"edgeID":"1710257","fromID":"1301530","toID":"1301588","formEdgeID":null},{"edgeID":"1710258","fromID":"1301528","toID":"1301589","formEdgeID":null},{"edgeID":"1710259","fromID":"1301589","toID":"1147408","formEdgeID":null},{"edgeID":"1710260","fromID":"1301583","toID":"1301590","formEdgeID":null},{"edgeID":"1710261","fromID":"1301590","toID":"1301528","formEdgeID":null},{"edgeID":"1710262","fromID":"1301592","toID":"1301591","formEdgeID":null},{"edgeID":"1710263","fromID":"1301593","toID":"1301592","formEdgeID":null},{"edgeID":"1710264","fromID":"1301591","toID":"1301594","formEdgeID":null},{"edgeID":"1710265","fromID":"1301594","toID":"1147412","formEdgeID":null},{"edgeID":"1710266","fromID":"1301528","toID":"1301595","formEdgeID":null},{"edgeID":"1710267","fromID":"1301595","toID":"1301591","formEdgeID":null},{"edgeID":"1710268","fromID":"1147408","toID":"1301596","formEdgeID":null},{"edgeID":"1710269","fromID":"1301596","toID":"1144876","formEdgeID":null},{"edgeID":"1710270","fromID":"1147412","toID":"1301597","formEdgeID":null},{"edgeID":"1710271","fromID":"1301597","toID":"1147408","formEdgeID":null},{"edgeID":"1710272","fromID":"1301590","toID":"1301598","formEdgeID":null},{"edgeID":"1710273","fromID":"1301598","toID":"1301596","formEdgeID":null},{"edgeID":"1710274","fromID":"1301595","toID":"1301599","formEdgeID":null},{"edgeID":"1710275","fromID":"1301599","toID":"1301597","formEdgeID":null},{"edgeID":"1710276","fromID":"1301601","toID":"1301600","formEdgeID":null},{"edgeID":"1710277","fromID":"1301602","toID":"1301601","formEdgeID":null},{"edgeID":"1710278","fromID":"1301600","toID":"1301603","formEdgeID":null},{"edgeID":"1710279","fromID":"1301603","toID":"1147422","formEdgeID":null},{"edgeID":"1710280","fromID":"1147422","toID":"1301604","formEdgeID":null},{"edgeID":"1710281","fromID":"1301604","toID":"1147399","formEdgeID":null},{"edgeID":"1710282","fromID":"1301579","toID":"1301605","formEdgeID":null},{"edgeID":"1710283","fromID":"1301605","toID":"1301600","formEdgeID":null},{"edgeID":"1710284","fromID":"1301605","toID":"1301606","formEdgeID":null},{"edgeID":"1710285","fromID":"1301606","toID":"1301604","formEdgeID":null},{"edgeID":"1710286","fromID":"1301591","toID":"1301607","formEdgeID":null},{"edgeID":"1710287","fromID":"1301607","toID":"1301600","formEdgeID":null},{"edgeID":"1710288","fromID":"1147422","toID":"1301608","formEdgeID":null},{"edgeID":"1710289","fromID":"1301608","toID":"1147412","formEdgeID":null},{"edgeID":"1710290","fromID":"1301607","toID":"1301609","formEdgeID":null},{"edgeID":"1710291","fromID":"1301609","toID":"1301608","formEdgeID":null},{"edgeID":"1710292","fromID":"1144876","toID":"1301610","formEdgeID":null},{"edgeID":"1710293","fromID":"1301610","toID":"1147338","formEdgeID":null},{"edgeID":"1710294","fromID":"1301523","toID":"1301611","formEdgeID":null},{"edgeID":"1710295","fromID":"1301611","toID":"1301583","formEdgeID":null},{"edgeID":"1710296","fromID":"1301611","toID":"1301612","formEdgeID":null},{"edgeID":"1710297","fromID":"1301612","toID":"1301610","formEdgeID":null},{"edgeID":"1710298","fromID":"1147399","toID":"1301613","formEdgeID":null},{"edgeID":"1710299","fromID":"1301613","toID":"1147385","formEdgeID":null},{"edgeID":"1710300","fromID":"1301567","toID":"1301614","formEdgeID":null},{"edgeID":"1710301","fromID":"1301614","toID":"1301579","formEdgeID":null},{"edgeID":"1710302","fromID":"1301614","toID":"1301615","formEdgeID":null},{"edgeID":"1710303","fromID":"1301615","toID":"1301613","formEdgeID":null}],"locutions":[]}