{"nodes":[{"nodeID":"1300829","text":"it's quite important, this sense that we have a 20th century war in the 21st century","type":"I","timestamp":"2023-11-09 12:56:30"},{"nodeID":"1300830","text":"Zanny Minton Beddoes: it's quite important, this sense that we have a 20th century war in the 21st century","type":"L","timestamp":"2023-11-09 12:56:30"},{"nodeID":"1300831","text":"Analysing","type":"YA","timestamp":"2023-11-09 12:56:30"},{"nodeID":"1300832","text":"Dominika: Zanny Minton Beddoes: it's quite important, this sense that we have a 20th century war in the 21st century","type":"L","timestamp":"2023-11-09 12:56:30"},{"nodeID":"1300833","text":"Asserting","type":"YA","timestamp":"2023-11-09 12:56:30"},{"nodeID":"1300834","text":"having a 20th century war in the 21st century is something that was so stunning","type":"I","timestamp":"2023-11-09 12:56:31"},{"nodeID":"1300835","text":"Zanny Minton Beddoes: It's something that was so stunning","type":"L","timestamp":"2023-11-09 12:56:31"},{"nodeID":"1300836","text":"Analysing","type":"YA","timestamp":"2023-11-09 12:56:31"},{"nodeID":"1300837","text":"Dominika: Zanny Minton Beddoes: It's something that was so stunning","type":"L","timestamp":"2023-11-09 12:56:31"},{"nodeID":"1300838","text":"Asserting","type":"YA","timestamp":"2023-11-09 12:56:31"},{"nodeID":"1300839","text":"Zanny Minton Beddoes went to Kyiv over lines, he flew to Warsaw, took a car to the border, and then went to Lviv and took the overnight train","type":"I","timestamp":"2023-11-09 12:56:31"},{"nodeID":"1300840","text":"Zanny Minton Beddoes: I went to Kyiv over lines, I flew to Warsaw, took a car to the border, and then went to Lviv and took the overnight train","type":"L","timestamp":"2023-11-09 12:56:31"},{"nodeID":"1300841","text":"Analysing","type":"YA","timestamp":"2023-11-09 12:56:31"},{"nodeID":"1300842","text":"Dominika: Zanny Minton Beddoes: I went to Kyiv over lines, I flew to Warsaw, took a car to the border, and then went to Lviv and took the overnight train","type":"L","timestamp":"2023-11-09 12:56:31"},{"nodeID":"1300843","text":"Asserting","type":"YA","timestamp":"2023-11-09 12:56:31"},{"nodeID":"1300844","text":"when you cross the border and you get to Lviv station you feel as though you've walked into a World War II movie","type":"I","timestamp":"2023-11-09 12:56:32"},{"nodeID":"1300845","text":"Zanny Minton Beddoes: when you cross the border and you get to Lviv station you feel as though you've walked into a World War II movie","type":"L","timestamp":"2023-11-09 12:56:32"},{"nodeID":"1300846","text":"Analysing","type":"YA","timestamp":"2023-11-09 12:56:32"},{"nodeID":"1300847","text":"Dominika: Zanny Minton Beddoes: when you cross the border and you get to Lviv station you feel as though you've walked into a World War II movie","type":"L","timestamp":"2023-11-09 12:56:32"},{"nodeID":"1300848","text":"Asserting","type":"YA","timestamp":"2023-11-09 12:56:32"},{"nodeID":"1300849","text":"Lviv station was dimmed, it was full of people, it had that acrid smell, the smell of people who haven't been able to wash","type":"I","timestamp":"2023-11-09 12:56:33"},{"nodeID":"1300850","text":"Zanny Minton Beddoes: It was dimmed, it was full of people, it had that acrid smell, the smell of people who haven't been able to wash","type":"L","timestamp":"2023-11-09 12:56:33"},{"nodeID":"1300851","text":"Analysing","type":"YA","timestamp":"2023-11-09 12:56:33"},{"nodeID":"1300852","text":"Dominika: Zanny Minton Beddoes: It was dimmed, it was full of people, it had that acrid smell, the smell of people who haven't been able to wash","type":"L","timestamp":"2023-11-09 12:56:33"},{"nodeID":"1300853","text":"Asserting","type":"YA","timestamp":"2023-11-09 12:56:33"},{"nodeID":"1300854","text":"people who have lots and lots of people living in that station","type":"I","timestamp":"2023-11-09 12:56:33"},{"nodeID":"1300855","text":"Zanny Minton Beddoes: People who have lots and lots of people living in that station","type":"L","timestamp":"2023-11-09 12:56:33"},{"nodeID":"1300856","text":"Analysing","type":"YA","timestamp":"2023-11-09 12:56:33"},{"nodeID":"1300857","text":"Dominika: Zanny Minton Beddoes: People who have lots and lots of people living in that station","type":"L","timestamp":"2023-11-09 12:56:33"},{"nodeID":"1300858","text":"Asserting","type":"YA","timestamp":"2023-11-09 12:56:33"},{"nodeID":"1300859","text":"Zanny Minton Beddoes is now back in Great Britain","type":"I","timestamp":"2023-11-09 12:56:34"},{"nodeID":"1300860","text":"Zanny Minton Beddoes: now that I'm back here","type":"L","timestamp":"2023-11-09 12:56:34"},{"nodeID":"1300861","text":"Analysing","type":"YA","timestamp":"2023-11-09 12:56:34"},{"nodeID":"1300862","text":"Dominika: Zanny Minton Beddoes: now that I'm back here","type":"L","timestamp":"2023-11-09 12:56:34"},{"nodeID":"1300863","text":"Asserting","type":"YA","timestamp":"2023-11-09 12:56:34"},{"nodeID":"1300864","text":"Zanny Minton Beddoes was in Lviv last weekend","type":"I","timestamp":"2023-11-09 12:56:34"},{"nodeID":"1300865","text":"Zanny Minton Beddoes: I was there last weekend","type":"L","timestamp":"2023-11-09 12:56:34"},{"nodeID":"1300866","text":"Analysing","type":"YA","timestamp":"2023-11-09 12:56:34"},{"nodeID":"1300867","text":"Dominika: Zanny Minton Beddoes: I was there last weekend","type":"L","timestamp":"2023-11-09 12:56:34"},{"nodeID":"1300868","text":"Asserting","type":"YA","timestamp":"2023-11-09 12:56:34"},{"nodeID":"1300869","text":"Zanny Minton Beddoes: I'm now back here","type":"L","timestamp":"2023-11-09 12:56:34"},{"nodeID":"1300870","text":"Analysing","type":"YA","timestamp":"2023-11-09 12:56:34"},{"nodeID":"1300871","text":"Dominika: Zanny Minton Beddoes: I'm now back here","type":"L","timestamp":"2023-11-09 12:56:34"},{"nodeID":"1300872","text":"Asserting","type":"YA","timestamp":"2023-11-09 12:56:34"},{"nodeID":"1300873","text":"it already feels like Zanny Minton Beddoes' trip to Lviv had been a movie","type":"I","timestamp":"2023-11-09 12:56:35"},{"nodeID":"1300874","text":"Zanny Minton Beddoes: it already feels like it had been in a movie","type":"L","timestamp":"2023-11-09 12:56:35"},{"nodeID":"1300875","text":"Analysing","type":"YA","timestamp":"2023-11-09 12:56:35"},{"nodeID":"1300876","text":"Dominika: Zanny Minton Beddoes: it already feels like it had been in a movie","type":"L","timestamp":"2023-11-09 12:56:35"},{"nodeID":"1300877","text":"Asserting","type":"YA","timestamp":"2023-11-09 12:56:35"},{"nodeID":"1300878","text":"Zanny Minton Beddoes' trip to Lviv was real","type":"I","timestamp":"2023-11-09 12:56:36"},{"nodeID":"1300879","text":"Zanny Minton Beddoes: it was real","type":"L","timestamp":"2023-11-09 12:56:36"},{"nodeID":"1300880","text":"Analysing","type":"YA","timestamp":"2023-11-09 12:56:36"},{"nodeID":"1300881","text":"Dominika: Zanny Minton Beddoes: it was real","type":"L","timestamp":"2023-11-09 12:56:36"},{"nodeID":"1300882","text":"Asserting","type":"YA","timestamp":"2023-11-09 12:56:36"},{"nodeID":"1300883","text":"just one thing on the refugees","type":"I","timestamp":"2023-11-09 12:56:36"},{"nodeID":"1300884","text":"Zanny Minton Beddoes: just one thing on the refugees","type":"L","timestamp":"2023-11-09 12:56:36"},{"nodeID":"1300885","text":"Analysing","type":"YA","timestamp":"2023-11-09 12:56:36"},{"nodeID":"1300886","text":"Dominika: Zanny Minton Beddoes: just one thing on the refugees","type":"L","timestamp":"2023-11-09 12:56:36"},{"nodeID":"1300887","text":"Asserting","type":"YA","timestamp":"2023-11-09 12:56:36"},{"nodeID":"1300888","text":"Zanny Minton Beddoes came back through the same way","type":"I","timestamp":"2023-11-09 12:56:37"},{"nodeID":"1300889","text":"Zanny Minton Beddoes: I came back through the same way","type":"L","timestamp":"2023-11-09 12:56:37"},{"nodeID":"1300890","text":"Analysing","type":"YA","timestamp":"2023-11-09 12:56:37"},{"nodeID":"1300891","text":"Dominika: Zanny Minton Beddoes: I came back through the same way","type":"L","timestamp":"2023-11-09 12:56:37"},{"nodeID":"1300892","text":"Asserting","type":"YA","timestamp":"2023-11-09 12:56:37"},{"nodeID":"1300893","text":"Zanny Minton Beddoes came back from the Ukrainian side into the Polish side","type":"I","timestamp":"2023-11-09 12:56:38"},{"nodeID":"1300894","text":"Zanny Minton Beddoes: I came back from the Ukrainian side into the Polish side","type":"L","timestamp":"2023-11-09 12:56:38"},{"nodeID":"1300895","text":"Analysing","type":"YA","timestamp":"2023-11-09 12:56:38"},{"nodeID":"1300896","text":"Dominika: Zanny Minton Beddoes: I came back from the Ukrainian side into the Polish side","type":"L","timestamp":"2023-11-09 12:56:38"},{"nodeID":"1300897","text":"Asserting","type":"YA","timestamp":"2023-11-09 12:56:38"},{"nodeID":"1300898","text":"on the Ukrainian border there were lots and lots\u2026hundreds of people waiting to go through","type":"I","timestamp":"2023-11-09 12:56:38"},{"nodeID":"1300899","text":"Zanny Minton Beddoes: lots and lots\u2026hundreds of people waiting to go through","type":"L","timestamp":"2023-11-09 12:56:38"},{"nodeID":"1300900","text":"Analysing","type":"YA","timestamp":"2023-11-09 12:56:38"},{"nodeID":"1300901","text":"Dominika: Zanny Minton Beddoes: lots and lots\u2026hundreds of people waiting to go through","type":"L","timestamp":"2023-11-09 12:56:38"},{"nodeID":"1300902","text":"Asserting","type":"YA","timestamp":"2023-11-09 12:56:38"},{"nodeID":"1300903","text":"the woman behind Zanny Minton Beddoes, she came from Mariupol, she left, her apartment had been bombed, she came from Mariupol","type":"I","timestamp":"2023-11-09 12:56:39"},{"nodeID":"1300904","text":"Zanny Minton Beddoes: the woman behind me, she came from Mariupol, she left, her apartment had been bombed, she came from Mariupol","type":"L","timestamp":"2023-11-09 12:56:39"},{"nodeID":"1300905","text":"Analysing","type":"YA","timestamp":"2023-11-09 12:56:39"},{"nodeID":"1300906","text":"Dominika: Zanny Minton Beddoes: the woman behind me, she came from Mariupol, she left, her apartment had been bombed, she came from Mariupol","type":"L","timestamp":"2023-11-09 12:56:39"},{"nodeID":"1300907","text":"Asserting","type":"YA","timestamp":"2023-11-09 12:56:39"},{"nodeID":"1300908","text":"the idea that the woman from Mariupol is able to get together all the amount of paperwork that you need to get a visa to the UK was completely ludicrous","type":"I","timestamp":"2023-11-09 12:56:39"},{"nodeID":"1300909","text":"Zanny Minton Beddoes: the idea that this woman is able to get together all the amount of paperwork that you need to get a visa to the UK was completely ludicrous","type":"L","timestamp":"2023-11-09 12:56:39"},{"nodeID":"1300910","text":"Analysing","type":"YA","timestamp":"2023-11-09 12:56:39"},{"nodeID":"1300911","text":"Dominika: Zanny Minton Beddoes: the idea that this woman is able to get together all the amount of paperwork that you need to get a visa to the UK was completely ludicrous","type":"L","timestamp":"2023-11-09 12:56:39"},{"nodeID":"1300912","text":"Asserting","type":"YA","timestamp":"2023-11-09 12:56:39"},{"nodeID":"1300913","text":"the woman from Mariupol just couldn't be able to get together all the amount of paperwork that you need to get a visa to the UK","type":"I","timestamp":"2023-11-09 12:56:40"},{"nodeID":"1300914","text":"Zanny Minton Beddoes:  She just couldn't","type":"L","timestamp":"2023-11-09 12:56:40"},{"nodeID":"1300915","text":"Analysing","type":"YA","timestamp":"2023-11-09 12:56:40"},{"nodeID":"1300916","text":"Dominika: Zanny Minton Beddoes:  She just couldn't","type":"L","timestamp":"2023-11-09 12:56:40"},{"nodeID":"1300917","text":"Asserting","type":"YA","timestamp":"2023-11-09 12:56:40"},{"nodeID":"1300918","text":"Default Transition","type":"TA","timestamp":"2023-11-09 12:56:40"},{"nodeID":"1300919","text":"Default Rephrase","type":"MA","timestamp":"2023-11-09 12:56:40"},{"nodeID":"1300920","text":"Restating","type":"YA","timestamp":"2023-11-09 12:56:40"},{"nodeID":"1300921","text":"Default Transition","type":"TA","timestamp":"2023-11-09 12:56:40"},{"nodeID":"1300922","text":"Default Inference","type":"RA","timestamp":"2023-11-09 12:56:40"},{"nodeID":"1300923","text":"Arguing","type":"YA","timestamp":"2023-11-09 12:56:40"},{"nodeID":"1300924","text":"Default Transition","type":"TA","timestamp":"2023-11-09 12:56:40"},{"nodeID":"1300925","text":"Default Transition","type":"TA","timestamp":"2023-11-09 12:56:40"},{"nodeID":"1300926","text":"Default Transition","type":"TA","timestamp":"2023-11-09 12:56:40"},{"nodeID":"1300927","text":"Default Rephrase","type":"MA","timestamp":"2023-11-09 12:56:40"},{"nodeID":"1300928","text":"Restating","type":"YA","timestamp":"2023-11-09 12:56:40"},{"nodeID":"1300929","text":"Default Transition","type":"TA","timestamp":"2023-11-09 12:56:40"},{"nodeID":"1300930","text":"Default Transition","type":"TA","timestamp":"2023-11-09 12:56:40"},{"nodeID":"1300931","text":"Default Transition","type":"TA","timestamp":"2023-11-09 12:56:40"},{"nodeID":"1300932","text":"Default Rephrase","type":"MA","timestamp":"2023-11-09 12:56:40"},{"nodeID":"1300933","text":"Restating","type":"YA","timestamp":"2023-11-09 12:56:40"},{"nodeID":"1300934","text":"Default Transition","type":"TA","timestamp":"2023-11-09 12:56:40"},{"nodeID":"1300935","text":"Default Transition","type":"TA","timestamp":"2023-11-09 12:56:40"},{"nodeID":"1300936","text":"Default Transition","type":"TA","timestamp":"2023-11-09 12:56:40"},{"nodeID":"1300937","text":"Default Inference","type":"RA","timestamp":"2023-11-09 12:56:40"},{"nodeID":"1300938","text":"Arguing","type":"YA","timestamp":"2023-11-09 12:56:40"},{"nodeID":"1300939","text":"Default Transition","type":"TA","timestamp":"2023-11-09 12:56:40"},{"nodeID":"1300940","text":"Default Rephrase","type":"MA","timestamp":"2023-11-09 12:56:40"},{"nodeID":"1300941","text":"Restating","type":"YA","timestamp":"2023-11-09 12:56:40"},{"nodeID":"1300942","text":"Default Transition","type":"TA","timestamp":"2023-11-09 12:56:40"},{"nodeID":"1300943","text":"Default Transition","type":"TA","timestamp":"2023-11-09 12:56:40"},{"nodeID":"1300944","text":"Default Transition","type":"TA","timestamp":"2023-11-09 12:56:40"},{"nodeID":"1300945","text":"Default Rephrase","type":"MA","timestamp":"2023-11-09 12:56:40"},{"nodeID":"1300946","text":"Default Transition","type":"TA","timestamp":"2023-11-09 12:56:40"},{"nodeID":"1300947","text":"Restating","type":"YA","timestamp":"2023-11-09 12:56:40"},{"nodeID":"1300948","text":"Default Transition","type":"TA","timestamp":"2023-11-09 12:56:40"},{"nodeID":"1300949","text":"Default Transition","type":"TA","timestamp":"2023-11-09 12:56:40"}],"edges":[{"edgeID":"1709334","fromID":"1300831","toID":"1300830","formEdgeID":null},{"edgeID":"1709335","fromID":"1300832","toID":"1300831","formEdgeID":null},{"edgeID":"1709336","fromID":"1300830","toID":"1300833","formEdgeID":null},{"edgeID":"1709337","fromID":"1300833","toID":"1300829","formEdgeID":null},{"edgeID":"1709338","fromID":"1300836","toID":"1300835","formEdgeID":null},{"edgeID":"1709339","fromID":"1300837","toID":"1300836","formEdgeID":null},{"edgeID":"1709340","fromID":"1300835","toID":"1300838","formEdgeID":null},{"edgeID":"1709341","fromID":"1300838","toID":"1300834","formEdgeID":null},{"edgeID":"1709342","fromID":"1300841","toID":"1300840","formEdgeID":null},{"edgeID":"1709343","fromID":"1300842","toID":"1300841","formEdgeID":null},{"edgeID":"1709344","fromID":"1300840","toID":"1300843","formEdgeID":null},{"edgeID":"1709345","fromID":"1300843","toID":"1300839","formEdgeID":null},{"edgeID":"1709346","fromID":"1300846","toID":"1300845","formEdgeID":null},{"edgeID":"1709347","fromID":"1300847","toID":"1300846","formEdgeID":null},{"edgeID":"1709348","fromID":"1300845","toID":"1300848","formEdgeID":null},{"edgeID":"1709349","fromID":"1300848","toID":"1300844","formEdgeID":null},{"edgeID":"1709350","fromID":"1300851","toID":"1300850","formEdgeID":null},{"edgeID":"1709351","fromID":"1300852","toID":"1300851","formEdgeID":null},{"edgeID":"1709352","fromID":"1300850","toID":"1300853","formEdgeID":null},{"edgeID":"1709353","fromID":"1300853","toID":"1300849","formEdgeID":null},{"edgeID":"1709354","fromID":"1300856","toID":"1300855","formEdgeID":null},{"edgeID":"1709355","fromID":"1300857","toID":"1300856","formEdgeID":null},{"edgeID":"1709356","fromID":"1300855","toID":"1300858","formEdgeID":null},{"edgeID":"1709357","fromID":"1300858","toID":"1300854","formEdgeID":null},{"edgeID":"1709358","fromID":"1300861","toID":"1300860","formEdgeID":null},{"edgeID":"1709359","fromID":"1300862","toID":"1300861","formEdgeID":null},{"edgeID":"1709360","fromID":"1300860","toID":"1300863","formEdgeID":null},{"edgeID":"1709361","fromID":"1300863","toID":"1300859","formEdgeID":null},{"edgeID":"1709362","fromID":"1300866","toID":"1300865","formEdgeID":null},{"edgeID":"1709363","fromID":"1300867","toID":"1300866","formEdgeID":null},{"edgeID":"1709364","fromID":"1300865","toID":"1300868","formEdgeID":null},{"edgeID":"1709365","fromID":"1300868","toID":"1300864","formEdgeID":null},{"edgeID":"1709366","fromID":"1300870","toID":"1300869","formEdgeID":null},{"edgeID":"1709367","fromID":"1300871","toID":"1300870","formEdgeID":null},{"edgeID":"1709368","fromID":"1300869","toID":"1300872","formEdgeID":null},{"edgeID":"1709369","fromID":"1300872","toID":"1300859","formEdgeID":null},{"edgeID":"1709370","fromID":"1300875","toID":"1300874","formEdgeID":null},{"edgeID":"1709371","fromID":"1300876","toID":"1300875","formEdgeID":null},{"edgeID":"1709372","fromID":"1300874","toID":"1300877","formEdgeID":null},{"edgeID":"1709373","fromID":"1300877","toID":"1300873","formEdgeID":null},{"edgeID":"1709374","fromID":"1300880","toID":"1300879","formEdgeID":null},{"edgeID":"1709375","fromID":"1300881","toID":"1300880","formEdgeID":null},{"edgeID":"1709376","fromID":"1300879","toID":"1300882","formEdgeID":null},{"edgeID":"1709377","fromID":"1300882","toID":"1300878","formEdgeID":null},{"edgeID":"1709378","fromID":"1300885","toID":"1300884","formEdgeID":null},{"edgeID":"1709379","fromID":"1300886","toID":"1300885","formEdgeID":null},{"edgeID":"1709380","fromID":"1300884","toID":"1300887","formEdgeID":null},{"edgeID":"1709381","fromID":"1300887","toID":"1300883","formEdgeID":null},{"edgeID":"1709382","fromID":"1300890","toID":"1300889","formEdgeID":null},{"edgeID":"1709383","fromID":"1300891","toID":"1300890","formEdgeID":null},{"edgeID":"1709384","fromID":"1300889","toID":"1300892","formEdgeID":null},{"edgeID":"1709385","fromID":"1300892","toID":"1300888","formEdgeID":null},{"edgeID":"1709386","fromID":"1300895","toID":"1300894","formEdgeID":null},{"edgeID":"1709387","fromID":"1300896","toID":"1300895","formEdgeID":null},{"edgeID":"1709388","fromID":"1300894","toID":"1300897","formEdgeID":null},{"edgeID":"1709389","fromID":"1300897","toID":"1300893","formEdgeID":null},{"edgeID":"1709390","fromID":"1300900","toID":"1300899","formEdgeID":null},{"edgeID":"1709391","fromID":"1300901","toID":"1300900","formEdgeID":null},{"edgeID":"1709392","fromID":"1300899","toID":"1300902","formEdgeID":null},{"edgeID":"1709393","fromID":"1300902","toID":"1300898","formEdgeID":null},{"edgeID":"1709394","fromID":"1300905","toID":"1300904","formEdgeID":null},{"edgeID":"1709395","fromID":"1300906","toID":"1300905","formEdgeID":null},{"edgeID":"1709396","fromID":"1300904","toID":"1300907","formEdgeID":null},{"edgeID":"1709397","fromID":"1300907","toID":"1300903","formEdgeID":null},{"edgeID":"1709398","fromID":"1300910","toID":"1300909","formEdgeID":null},{"edgeID":"1709399","fromID":"1300911","toID":"1300910","formEdgeID":null},{"edgeID":"1709400","fromID":"1300909","toID":"1300912","formEdgeID":null},{"edgeID":"1709401","fromID":"1300912","toID":"1300908","formEdgeID":null},{"edgeID":"1709402","fromID":"1300915","toID":"1300914","formEdgeID":null},{"edgeID":"1709403","fromID":"1300916","toID":"1300915","formEdgeID":null},{"edgeID":"1709404","fromID":"1300914","toID":"1300917","formEdgeID":null},{"edgeID":"1709405","fromID":"1300917","toID":"1300913","formEdgeID":null},{"edgeID":"1709406","fromID":"1300909","toID":"1300918","formEdgeID":null},{"edgeID":"1709407","fromID":"1300918","toID":"1300914","formEdgeID":null},{"edgeID":"1709408","fromID":"1300913","toID":"1300919","formEdgeID":null},{"edgeID":"1709409","fromID":"1300919","toID":"1300908","formEdgeID":null},{"edgeID":"1709410","fromID":"1300918","toID":"1300920","formEdgeID":null},{"edgeID":"1709411","fromID":"1300920","toID":"1300919","formEdgeID":null},{"edgeID":"1709412","fromID":"1300904","toID":"1300921","formEdgeID":null},{"edgeID":"1709413","fromID":"1300921","toID":"1300909","formEdgeID":null},{"edgeID":"1709414","fromID":"1300903","toID":"1300922","formEdgeID":null},{"edgeID":"1709415","fromID":"1300922","toID":"1300908","formEdgeID":null},{"edgeID":"1709416","fromID":"1300921","toID":"1300923","formEdgeID":null},{"edgeID":"1709417","fromID":"1300923","toID":"1300922","formEdgeID":null},{"edgeID":"1709418","fromID":"1300899","toID":"1300924","formEdgeID":null},{"edgeID":"1709419","fromID":"1300924","toID":"1300904","formEdgeID":null},{"edgeID":"1709420","fromID":"1300894","toID":"1300925","formEdgeID":null},{"edgeID":"1709421","fromID":"1300925","toID":"1300899","formEdgeID":null},{"edgeID":"1709422","fromID":"1300889","toID":"1300926","formEdgeID":null},{"edgeID":"1709423","fromID":"1300926","toID":"1300894","formEdgeID":null},{"edgeID":"1709424","fromID":"1300893","toID":"1300927","formEdgeID":null},{"edgeID":"1709425","fromID":"1300927","toID":"1300888","formEdgeID":null},{"edgeID":"1709426","fromID":"1300926","toID":"1300928","formEdgeID":null},{"edgeID":"1709427","fromID":"1300928","toID":"1300927","formEdgeID":null},{"edgeID":"1709428","fromID":"1300884","toID":"1300929","formEdgeID":null},{"edgeID":"1709429","fromID":"1300929","toID":"1300889","formEdgeID":null},{"edgeID":"1709430","fromID":"1300879","toID":"1300930","formEdgeID":null},{"edgeID":"1709431","fromID":"1300930","toID":"1300884","formEdgeID":null},{"edgeID":"1709432","fromID":"1300830","toID":"1300931","formEdgeID":null},{"edgeID":"1709433","fromID":"1300931","toID":"1300835","formEdgeID":null},{"edgeID":"1709434","fromID":"1300834","toID":"1300932","formEdgeID":null},{"edgeID":"1709435","fromID":"1300932","toID":"1300829","formEdgeID":null},{"edgeID":"1709436","fromID":"1300931","toID":"1300933","formEdgeID":null},{"edgeID":"1709437","fromID":"1300933","toID":"1300932","formEdgeID":null},{"edgeID":"1709438","fromID":"1300835","toID":"1300934","formEdgeID":null},{"edgeID":"1709439","fromID":"1300934","toID":"1300840","formEdgeID":null},{"edgeID":"1709440","fromID":"1300840","toID":"1300935","formEdgeID":null},{"edgeID":"1709441","fromID":"1300935","toID":"1300845","formEdgeID":null},{"edgeID":"1709442","fromID":"1300845","toID":"1300936","formEdgeID":null},{"edgeID":"1709443","fromID":"1300936","toID":"1300850","formEdgeID":null},{"edgeID":"1709444","fromID":"1300849","toID":"1300937","formEdgeID":null},{"edgeID":"1709445","fromID":"1300937","toID":"1300844","formEdgeID":null},{"edgeID":"1709446","fromID":"1300936","toID":"1300938","formEdgeID":null},{"edgeID":"1709447","fromID":"1300938","toID":"1300937","formEdgeID":null},{"edgeID":"1709448","fromID":"1300850","toID":"1300939","formEdgeID":null},{"edgeID":"1709449","fromID":"1300939","toID":"1300855","formEdgeID":null},{"edgeID":"1709450","fromID":"1300854","toID":"1300940","formEdgeID":null},{"edgeID":"1709451","fromID":"1300940","toID":"1300849","formEdgeID":null},{"edgeID":"1709452","fromID":"1300939","toID":"1300941","formEdgeID":null},{"edgeID":"1709453","fromID":"1300941","toID":"1300940","formEdgeID":null},{"edgeID":"1709454","fromID":"1300855","toID":"1300942","formEdgeID":null},{"edgeID":"1709455","fromID":"1300942","toID":"1300860","formEdgeID":null},{"edgeID":"1709456","fromID":"1300860","toID":"1300943","formEdgeID":null},{"edgeID":"1709457","fromID":"1300943","toID":"1300865","formEdgeID":null},{"edgeID":"1709458","fromID":"1300865","toID":"1300944","formEdgeID":null},{"edgeID":"1709459","fromID":"1300944","toID":"1300869","formEdgeID":null},{"edgeID":"1709460","fromID":"1300859","toID":"1300945","formEdgeID":null},{"edgeID":"1709461","fromID":"1300945","toID":"1300859","formEdgeID":null},{"edgeID":"1709462","fromID":"1300860","toID":"1300946","formEdgeID":null},{"edgeID":"1709463","fromID":"1300946","toID":"1300869","formEdgeID":null},{"edgeID":"1709464","fromID":"1300946","toID":"1300947","formEdgeID":null},{"edgeID":"1709465","fromID":"1300947","toID":"1300945","formEdgeID":null},{"edgeID":"1709466","fromID":"1300869","toID":"1300948","formEdgeID":null},{"edgeID":"1709467","fromID":"1300948","toID":"1300874","formEdgeID":null},{"edgeID":"1709468","fromID":"1300874","toID":"1300949","formEdgeID":null},{"edgeID":"1709469","fromID":"1300949","toID":"1300879","formEdgeID":null}],"locutions":[]}