{"nodes":[{"nodeID":"1298634","text":"what the Chancellor, what the Prime Minister could do immediately is certainly to offer help to people on the lowest incomes","type":"I","timestamp":"2023-11-09 12:53:30"},{"nodeID":"1298635","text":"Julia Hartley-Brewer: what the Chancellor, what the Prime Minister could do immediately is certainly to offer help to people on the lowest incomes","type":"L","timestamp":"2023-11-09 12:53:30"},{"nodeID":"1298636","text":"Analysing","type":"YA","timestamp":"2023-11-09 12:53:30"},{"nodeID":"1298637","text":"Zlata: Julia Hartley-Brewer: what the Chancellor, what the Prime Minister could do immediately is certainly to offer help to people on the lowest incomes","type":"L","timestamp":"2023-11-09 12:53:30"},{"nodeID":"1298638","text":"Asserting","type":"YA","timestamp":"2023-11-09 12:53:30"},{"nodeID":"1298639","text":"all of us are going to be facing these price rises going up","type":"I","timestamp":"2023-11-09 12:53:31"},{"nodeID":"1298640","text":"Julia Hartley-Brewer:  all of us are going to be facing these price rises going up","type":"L","timestamp":"2023-11-09 12:53:31"},{"nodeID":"1298641","text":"Analysing","type":"YA","timestamp":"2023-11-09 12:53:31"},{"nodeID":"1298642","text":"Zlata: Julia Hartley-Brewer:  all of us are going to be facing these price rises going up","type":"L","timestamp":"2023-11-09 12:53:31"},{"nodeID":"1298643","text":"Asserting","type":"YA","timestamp":"2023-11-09 12:53:31"},{"nodeID":"1298644","text":"Default Transition","type":"TA","timestamp":"2023-11-09 12:53:31"},{"nodeID":"1298645","text":"we're all going to be horrified when our council tax, our energy bills, not just tomorrow, but in October as well, goes sky high","type":"I","timestamp":"2023-11-09 12:53:32"},{"nodeID":"1298646","text":"Julia Hartley-Brewer: We're all going to be horrified when our council tax, our energy bills, not just tomorrow, but in October as well, goes sky high","type":"L","timestamp":"2023-11-09 12:53:32"},{"nodeID":"1298647","text":"Analysing","type":"YA","timestamp":"2023-11-09 12:53:32"},{"nodeID":"1298648","text":"Zlata: Julia Hartley-Brewer: We're all going to be horrified when our council tax, our energy bills, not just tomorrow, but in October as well, goes sky high","type":"L","timestamp":"2023-11-09 12:53:32"},{"nodeID":"1298649","text":"Asserting","type":"YA","timestamp":"2023-11-09 12:53:32"},{"nodeID":"1298650","text":"Default Transition","type":"TA","timestamp":"2023-11-09 12:53:32"},{"nodeID":"1298651","text":"Default Rephrase","type":"MA","timestamp":"2023-11-09 12:53:32"},{"nodeID":"1298652","text":"Restating","type":"YA","timestamp":"2023-11-09 12:53:32"},{"nodeID":"1298653","text":"lots of people are going to be having to mess around with their household budgets","type":"I","timestamp":"2023-11-09 12:53:32"},{"nodeID":"1298654","text":"Julia Hartley-Brewer: Lots of people are going to be having to mess around with their household budgets","type":"L","timestamp":"2023-11-09 12:53:32"},{"nodeID":"1298655","text":"Analysing","type":"YA","timestamp":"2023-11-09 12:53:32"},{"nodeID":"1298656","text":"Zlata: Julia Hartley-Brewer: Lots of people are going to be having to mess around with their household budgets","type":"L","timestamp":"2023-11-09 12:53:32"},{"nodeID":"1298657","text":"Asserting","type":"YA","timestamp":"2023-11-09 12:53:32"},{"nodeID":"1298658","text":"lots of people are going to try and make ends meet","type":"I","timestamp":"2023-11-09 12:53:33"},{"nodeID":"1298659","text":"Julia Hartley-Brewer: to try and make ends meet","type":"L","timestamp":"2023-11-09 12:53:33"},{"nodeID":"1298660","text":"Analysing","type":"YA","timestamp":"2023-11-09 12:53:33"},{"nodeID":"1298661","text":"Zlata: Julia Hartley-Brewer: to try and make ends meet","type":"L","timestamp":"2023-11-09 12:53:33"},{"nodeID":"1298662","text":"Asserting","type":"YA","timestamp":"2023-11-09 12:53:33"},{"nodeID":"1298663","text":"Default Transition","type":"TA","timestamp":"2023-11-09 12:53:33"},{"nodeID":"1298664","text":"Default Inference","type":"RA","timestamp":"2023-11-09 12:53:33"},{"nodeID":"1298665","text":"Arguing","type":"YA","timestamp":"2023-11-09 12:53:33"},{"nodeID":"1298666","text":"Default Inference","type":"RA","timestamp":"2023-11-09 12:53:33"},{"nodeID":"1298667","text":"Default Transition","type":"TA","timestamp":"2023-11-09 12:53:33"},{"nodeID":"1298668","text":"Arguing","type":"YA","timestamp":"2023-11-09 12:53:33"},{"nodeID":"1298669","text":"there are millions of families that don't have the option to mess around with their household budgets to try to make their ends meet","type":"I","timestamp":"2023-11-09 12:53:34"},{"nodeID":"1298670","text":"Julia Hartley-Brewer: there are millions of families that don't have that option","type":"L","timestamp":"2023-11-09 12:53:34"},{"nodeID":"1298671","text":"Analysing","type":"YA","timestamp":"2023-11-09 12:53:34"},{"nodeID":"1298672","text":"Zlata: Julia Hartley-Brewer: there are millions of families that don't have that option","type":"L","timestamp":"2023-11-09 12:53:34"},{"nodeID":"1298673","text":"Asserting","type":"YA","timestamp":"2023-11-09 12:53:34"},{"nodeID":"1298674","text":"there are people who simply do not have the money for when the prices will go up","type":"I","timestamp":"2023-11-09 12:53:34"},{"nodeID":"1298675","text":"Julia Hartley-Brewer: They simply do not have the money","type":"L","timestamp":"2023-11-09 12:53:34"},{"nodeID":"1298676","text":"Analysing","type":"YA","timestamp":"2023-11-09 12:53:34"},{"nodeID":"1298677","text":"Zlata: Julia Hartley-Brewer: They simply do not have the money","type":"L","timestamp":"2023-11-09 12:53:34"},{"nodeID":"1298678","text":"Asserting","type":"YA","timestamp":"2023-11-09 12:53:34"},{"nodeID":"1298679","text":"Default Transition","type":"TA","timestamp":"2023-11-09 12:53:34"},{"nodeID":"1298680","text":"Default Rephrase","type":"MA","timestamp":"2023-11-09 12:53:34"},{"nodeID":"1298681","text":"Restating","type":"YA","timestamp":"2023-11-09 12:53:34"},{"nodeID":"1298682","text":"Default Transition","type":"TA","timestamp":"2023-11-09 12:53:34"},{"nodeID":"1298683","text":"Default Inference","type":"RA","timestamp":"2023-11-09 12:53:34"},{"nodeID":"1298684","text":"Arguing","type":"YA","timestamp":"2023-11-09 12:53:34"}],"edges":[{"edgeID":"1706745","fromID":"1298636","toID":"1298635","formEdgeID":null},{"edgeID":"1706746","fromID":"1298637","toID":"1298636","formEdgeID":null},{"edgeID":"1706747","fromID":"1298635","toID":"1298638","formEdgeID":null},{"edgeID":"1706748","fromID":"1298638","toID":"1298634","formEdgeID":null},{"edgeID":"1706749","fromID":"1298641","toID":"1298640","formEdgeID":null},{"edgeID":"1706750","fromID":"1298642","toID":"1298641","formEdgeID":null},{"edgeID":"1706751","fromID":"1298640","toID":"1298643","formEdgeID":null},{"edgeID":"1706752","fromID":"1298643","toID":"1298639","formEdgeID":null},{"edgeID":"1706753","fromID":"1298635","toID":"1298644","formEdgeID":null},{"edgeID":"1706754","fromID":"1298644","toID":"1298640","formEdgeID":null},{"edgeID":"1706755","fromID":"1298647","toID":"1298646","formEdgeID":null},{"edgeID":"1706756","fromID":"1298648","toID":"1298647","formEdgeID":null},{"edgeID":"1706757","fromID":"1298646","toID":"1298649","formEdgeID":null},{"edgeID":"1706758","fromID":"1298649","toID":"1298645","formEdgeID":null},{"edgeID":"1706759","fromID":"1298640","toID":"1298650","formEdgeID":null},{"edgeID":"1706760","fromID":"1298650","toID":"1298646","formEdgeID":null},{"edgeID":"1706761","fromID":"1298645","toID":"1298651","formEdgeID":null},{"edgeID":"1706762","fromID":"1298651","toID":"1298639","formEdgeID":null},{"edgeID":"1706763","fromID":"1298650","toID":"1298652","formEdgeID":null},{"edgeID":"1706764","fromID":"1298652","toID":"1298651","formEdgeID":null},{"edgeID":"1706765","fromID":"1298655","toID":"1298654","formEdgeID":null},{"edgeID":"1706766","fromID":"1298656","toID":"1298655","formEdgeID":null},{"edgeID":"1706767","fromID":"1298654","toID":"1298657","formEdgeID":null},{"edgeID":"1706768","fromID":"1298657","toID":"1298653","formEdgeID":null},{"edgeID":"1706769","fromID":"1298660","toID":"1298659","formEdgeID":null},{"edgeID":"1706770","fromID":"1298661","toID":"1298660","formEdgeID":null},{"edgeID":"1706771","fromID":"1298659","toID":"1298662","formEdgeID":null},{"edgeID":"1706772","fromID":"1298662","toID":"1298658","formEdgeID":null},{"edgeID":"1706773","fromID":"1298654","toID":"1298663","formEdgeID":null},{"edgeID":"1706774","fromID":"1298663","toID":"1298659","formEdgeID":null},{"edgeID":"1706775","fromID":"1298658","toID":"1298664","formEdgeID":null},{"edgeID":"1706776","fromID":"1298664","toID":"1298653","formEdgeID":null},{"edgeID":"1706777","fromID":"1298663","toID":"1298665","formEdgeID":null},{"edgeID":"1706778","fromID":"1298665","toID":"1298664","formEdgeID":null},{"edgeID":"1706779","fromID":"1298645","toID":"1298666","formEdgeID":null},{"edgeID":"1706780","fromID":"1298666","toID":"1298658","formEdgeID":null},{"edgeID":"1706781","fromID":"1298646","toID":"1298667","formEdgeID":null},{"edgeID":"1706782","fromID":"1298667","toID":"1298659","formEdgeID":null},{"edgeID":"1706783","fromID":"1298667","toID":"1298668","formEdgeID":null},{"edgeID":"1706784","fromID":"1298668","toID":"1298666","formEdgeID":null},{"edgeID":"1706785","fromID":"1298671","toID":"1298670","formEdgeID":null},{"edgeID":"1706786","fromID":"1298672","toID":"1298671","formEdgeID":null},{"edgeID":"1706787","fromID":"1298670","toID":"1298673","formEdgeID":null},{"edgeID":"1706788","fromID":"1298673","toID":"1298669","formEdgeID":null},{"edgeID":"1706789","fromID":"1298676","toID":"1298675","formEdgeID":null},{"edgeID":"1706790","fromID":"1298677","toID":"1298676","formEdgeID":null},{"edgeID":"1706791","fromID":"1298675","toID":"1298678","formEdgeID":null},{"edgeID":"1706792","fromID":"1298678","toID":"1298674","formEdgeID":null},{"edgeID":"1706793","fromID":"1298670","toID":"1298679","formEdgeID":null},{"edgeID":"1706794","fromID":"1298679","toID":"1298675","formEdgeID":null},{"edgeID":"1706795","fromID":"1298674","toID":"1298680","formEdgeID":null},{"edgeID":"1706796","fromID":"1298680","toID":"1298669","formEdgeID":null},{"edgeID":"1706797","fromID":"1298679","toID":"1298681","formEdgeID":null},{"edgeID":"1706798","fromID":"1298681","toID":"1298680","formEdgeID":null},{"edgeID":"1706799","fromID":"1298635","toID":"1298682","formEdgeID":null},{"edgeID":"1706800","fromID":"1298682","toID":"1298670","formEdgeID":null},{"edgeID":"1706801","fromID":"1298669","toID":"1298683","formEdgeID":null},{"edgeID":"1706802","fromID":"1298683","toID":"1298634","formEdgeID":null},{"edgeID":"1706803","fromID":"1298682","toID":"1298684","formEdgeID":null},{"edgeID":"1706804","fromID":"1298684","toID":"1298683","formEdgeID":null}],"locutions":[]}