{"nodes":[{"nodeID":"1299951","text":"we can debate what Ukrainian victory means","type":"I","timestamp":"2023-11-09 12:55:20"},{"nodeID":"1299952","text":"Zanny Minton Beddoes: we can debate what Ukrainian victory means","type":"L","timestamp":"2023-11-09 12:55:20"},{"nodeID":"1299953","text":"Analysing","type":"YA","timestamp":"2023-11-09 12:55:20"},{"nodeID":"1299954","text":"Amelie: Zanny Minton Beddoes: we can debate what Ukrainian victory means","type":"L","timestamp":"2023-11-09 12:55:20"},{"nodeID":"1299955","text":"Asserting","type":"YA","timestamp":"2023-11-09 12:55:20"},{"nodeID":"1299956","text":"Ukrainian victory means that Ukraine has agency","type":"I","timestamp":"2023-11-09 12:55:20"},{"nodeID":"1299957","text":"Zanny Minton Beddoes: it means that Ukraine has agency","type":"L","timestamp":"2023-11-09 12:55:20"},{"nodeID":"1299958","text":"Analysing","type":"YA","timestamp":"2023-11-09 12:55:20"},{"nodeID":"1299959","text":"Amelie: Zanny Minton Beddoes: it means that Ukraine has agency","type":"L","timestamp":"2023-11-09 12:55:20"},{"nodeID":"1299960","text":"Asserting","type":"YA","timestamp":"2023-11-09 12:55:20"},{"nodeID":"1299961","text":"Default Transition","type":"TA","timestamp":"2023-11-09 12:55:20"},{"nodeID":"1299962","text":"what's just stunning when you're there is how the entire Ukrainian country has come together, led by the president","type":"I","timestamp":"2023-11-09 12:55:21"},{"nodeID":"1299963","text":"Zanny Minton Beddoes: what's just stunning when you're there is how this entire country has come together, led by the president","type":"L","timestamp":"2023-11-09 12:55:21"},{"nodeID":"1299964","text":"Analysing","type":"YA","timestamp":"2023-11-09 12:55:21"},{"nodeID":"1299965","text":"Amelie: Zanny Minton Beddoes: what's just stunning when you're there is how this entire country has come together, led by the president","type":"L","timestamp":"2023-11-09 12:55:21"},{"nodeID":"1299966","text":"Asserting","type":"YA","timestamp":"2023-11-09 12:55:21"},{"nodeID":"1299967","text":"Default Transition","type":"TA","timestamp":"2023-11-09 12:55:21"},{"nodeID":"1299968","text":"it's all of the people in the Ukrainian country determined, absolutely determined to face the Russian invasion","type":"I","timestamp":"2023-11-09 12:55:22"},{"nodeID":"1299969","text":"Zanny Minton Beddoes: it's all of the people in the country determined, absolutely determined to face this invasion","type":"L","timestamp":"2023-11-09 12:55:22"},{"nodeID":"1299970","text":"Analysing","type":"YA","timestamp":"2023-11-09 12:55:22"},{"nodeID":"1299971","text":"Amelie: Zanny Minton Beddoes: it's all of the people in the country determined, absolutely determined to face this invasion","type":"L","timestamp":"2023-11-09 12:55:22"},{"nodeID":"1299972","text":"Asserting","type":"YA","timestamp":"2023-11-09 12:55:22"},{"nodeID":"1299973","text":"Default Transition","type":"TA","timestamp":"2023-11-09 12:55:22"},{"nodeID":"1299974","text":"the Ukrainian people really are doing our work for us against the Russian invasion, Putin's aggression","type":"I","timestamp":"2023-11-09 12:55:22"},{"nodeID":"1299975","text":"Zanny Minton Beddoes: they really are doing our work for us in the sense that that invasion, Putin's aggression","type":"L","timestamp":"2023-11-09 12:55:22"},{"nodeID":"1299976","text":"Analysing","type":"YA","timestamp":"2023-11-09 12:55:22"},{"nodeID":"1299977","text":"Amelie: Zanny Minton Beddoes: they really are doing our work for us in the sense that that invasion, Putin's aggression","type":"L","timestamp":"2023-11-09 12:55:22"},{"nodeID":"1299978","text":"Asserting","type":"YA","timestamp":"2023-11-09 12:55:22"},{"nodeID":"1299979","text":"Default Transition","type":"TA","timestamp":"2023-11-09 12:55:22"},{"nodeID":"1299980","text":"Default Rephrase","type":"MA","timestamp":"2023-11-09 12:55:22"},{"nodeID":"1299981","text":"Restating","type":"YA","timestamp":"2023-11-09 12:55:22"},{"nodeID":"1299982","text":"Zanny Minton Beddoes is feeling more optimistic","type":"I","timestamp":"2023-11-09 12:55:23"},{"nodeID":"1299983","text":"Zanny Minton Beddoes: I'm feeling more optimistic","type":"L","timestamp":"2023-11-09 12:55:23"},{"nodeID":"1299984","text":"Analysing","type":"YA","timestamp":"2023-11-09 12:55:23"},{"nodeID":"1299985","text":"Amelie: Zanny Minton Beddoes: I'm feeling more optimistic","type":"L","timestamp":"2023-11-09 12:55:23"},{"nodeID":"1299986","text":"Asserting","type":"YA","timestamp":"2023-11-09 12:55:23"},{"nodeID":"1299987","text":"the Ukrainians need more sanctions on Russia","type":"I","timestamp":"2023-11-09 12:55:23"},{"nodeID":"1299988","text":"Zanny Minton Beddoes: they need more sanctions on Russia","type":"L","timestamp":"2023-11-09 12:55:23"},{"nodeID":"1299989","text":"Analysing","type":"YA","timestamp":"2023-11-09 12:55:23"},{"nodeID":"1299990","text":"Amelie: Zanny Minton Beddoes: they need more sanctions on Russia","type":"L","timestamp":"2023-11-09 12:55:23"},{"nodeID":"1299991","text":"Asserting","type":"YA","timestamp":"2023-11-09 12:55:23"},{"nodeID":"1299992","text":"Default Conflict","type":"CA","timestamp":"2023-11-09 12:55:23"},{"nodeID":"1299993","text":"Default Transition","type":"TA","timestamp":"2023-11-09 12:55:23"},{"nodeID":"1299994","text":"Disagreeing","type":"YA","timestamp":"2023-11-09 12:55:23"},{"nodeID":"1299995","text":"the Ukrainians need more weapons","type":"I","timestamp":"2023-11-09 12:55:24"},{"nodeID":"1299996","text":"Zanny Minton Beddoes: they need more weapons","type":"L","timestamp":"2023-11-09 12:55:24"},{"nodeID":"1299997","text":"Analysing","type":"YA","timestamp":"2023-11-09 12:55:24"},{"nodeID":"1299998","text":"Amelie: Zanny Minton Beddoes: they need more weapons","type":"L","timestamp":"2023-11-09 12:55:24"},{"nodeID":"1299999","text":"Asserting","type":"YA","timestamp":"2023-11-09 12:55:24"},{"nodeID":"1300000","text":"Default Transition","type":"TA","timestamp":"2023-11-09 12:55:24"},{"nodeID":"1300001","text":"Default Conflict","type":"CA","timestamp":"2023-11-09 12:55:24"},{"nodeID":"1300002","text":"Disagreeing","type":"YA","timestamp":"2023-11-09 12:55:24"},{"nodeID":"1300003","text":"they are standing up to it in a way that none of us thought they would be able to","type":"I","timestamp":"2023-11-09 12:55:24"},{"nodeID":"1300004","text":"Zanny Minton Beddoes: they are standing up to it in a way that we\u2026I don't think any of us thought they would be able to","type":"L","timestamp":"2023-11-09 12:55:24"},{"nodeID":"1300005","text":"Analysing","type":"YA","timestamp":"2023-11-09 12:55:24"},{"nodeID":"1300006","text":"Amelie: Zanny Minton Beddoes: they are standing up to it in a way that we\u2026I don't think any of us thought they would be able to","type":"L","timestamp":"2023-11-09 12:55:24"},{"nodeID":"1300007","text":"Asserting","type":"YA","timestamp":"2023-11-09 12:55:24"},{"nodeID":"1300008","text":"it's this huge Russian army that is invading","type":"I","timestamp":"2023-11-09 12:55:25"},{"nodeID":"1300009","text":"Zanny Minton Beddoes: it's this huge Russian army","type":"L","timestamp":"2023-11-09 12:55:25"},{"nodeID":"1300010","text":"Analysing","type":"YA","timestamp":"2023-11-09 12:55:25"},{"nodeID":"1300011","text":"Amelie: Zanny Minton Beddoes: it's this huge Russian army","type":"L","timestamp":"2023-11-09 12:55:25"},{"nodeID":"1300012","text":"Asserting","type":"YA","timestamp":"2023-11-09 12:55:25"},{"nodeID":"1300013","text":"Default Inference","type":"RA","timestamp":"2023-11-09 12:55:25"},{"nodeID":"1300014","text":"Default Transition","type":"TA","timestamp":"2023-11-09 12:55:25"},{"nodeID":"1300015","text":"Arguing","type":"YA","timestamp":"2023-11-09 12:55:25"},{"nodeID":"1300016","text":"Default Inference","type":"RA","timestamp":"2023-11-09 12:55:25"},{"nodeID":"1300017","text":"Default Transition","type":"TA","timestamp":"2023-11-09 12:55:25"},{"nodeID":"1300018","text":"Arguing","type":"YA","timestamp":"2023-11-09 12:55:25"},{"nodeID":"1300019","text":"Default Inference","type":"RA","timestamp":"2023-11-09 12:55:25"},{"nodeID":"1300020","text":"Default Transition","type":"TA","timestamp":"2023-11-09 12:55:25"},{"nodeID":"1300021","text":"Arguing","type":"YA","timestamp":"2023-11-09 12:55:25"},{"nodeID":"1300022","text":"president Zelensky says every single day that the Ukrainians need more weapons","type":"I","timestamp":"2023-11-09 12:55:26"},{"nodeID":"1300023","text":"Zanny Minton Beddoes: that's what President Zelensky says every single day","type":"L","timestamp":"2023-11-09 12:55:26"},{"nodeID":"1300024","text":"Analysing","type":"YA","timestamp":"2023-11-09 12:55:26"},{"nodeID":"1300025","text":"Amelie: Zanny Minton Beddoes: that's what President Zelensky says every single day","type":"L","timestamp":"2023-11-09 12:55:26"},{"nodeID":"1300026","text":"Asserting","type":"YA","timestamp":"2023-11-09 12:55:26"},{"nodeID":"1300027","text":"Default Transition","type":"TA","timestamp":"2023-11-09 12:55:26"},{"nodeID":"1300028","text":"Zanny Minton Beddoes: he's right","type":"L","timestamp":"2023-11-09 12:55:26"},{"nodeID":"1300029","text":"Analysing","type":"YA","timestamp":"2023-11-09 12:55:26"},{"nodeID":"1300030","text":"Amelie: Zanny Minton Beddoes: he's right","type":"L","timestamp":"2023-11-09 12:55:26"},{"nodeID":"1300031","text":"Agreeing","type":"YA","timestamp":"2023-11-09 12:55:26"},{"nodeID":"1300032","text":"Default Transition","type":"TA","timestamp":"2023-11-09 12:55:26"},{"nodeID":"1300033","text":"the Ukrainians need more weapons to be able to face the Russian invasion","type":"I","timestamp":"2023-11-09 12:55:26"},{"nodeID":"1300034","text":"Zanny Minton Beddoes: They need more weapons to be able to do this","type":"L","timestamp":"2023-11-09 12:55:26"},{"nodeID":"1300035","text":"Analysing","type":"YA","timestamp":"2023-11-09 12:55:26"},{"nodeID":"1300036","text":"Amelie: Zanny Minton Beddoes: They need more weapons to be able to do this","type":"L","timestamp":"2023-11-09 12:55:26"},{"nodeID":"1300037","text":"Asserting","type":"YA","timestamp":"2023-11-09 12:55:26"},{"nodeID":"1300038","text":"Default Rephrase","type":"MA","timestamp":"2023-11-09 12:55:26"},{"nodeID":"1300039","text":"Default Transition","type":"TA","timestamp":"2023-11-09 12:55:26"},{"nodeID":"1300040","text":"Restating","type":"YA","timestamp":"2023-11-09 12:55:26"},{"nodeID":"1300041","text":"Default Rephrase","type":"MA","timestamp":"2023-11-09 12:55:26"},{"nodeID":"1300042","text":"Restating","type":"YA","timestamp":"2023-11-09 12:55:26"}],"edges":[{"edgeID":"1708300","fromID":"1299953","toID":"1299952","formEdgeID":null},{"edgeID":"1708301","fromID":"1299954","toID":"1299953","formEdgeID":null},{"edgeID":"1708302","fromID":"1299952","toID":"1299955","formEdgeID":null},{"edgeID":"1708303","fromID":"1299955","toID":"1299951","formEdgeID":null},{"edgeID":"1708304","fromID":"1299958","toID":"1299957","formEdgeID":null},{"edgeID":"1708305","fromID":"1299959","toID":"1299958","formEdgeID":null},{"edgeID":"1708306","fromID":"1299957","toID":"1299960","formEdgeID":null},{"edgeID":"1708307","fromID":"1299960","toID":"1299956","formEdgeID":null},{"edgeID":"1708308","fromID":"1299952","toID":"1299961","formEdgeID":null},{"edgeID":"1708309","fromID":"1299961","toID":"1299957","formEdgeID":null},{"edgeID":"1708310","fromID":"1299964","toID":"1299963","formEdgeID":null},{"edgeID":"1708311","fromID":"1299965","toID":"1299964","formEdgeID":null},{"edgeID":"1708312","fromID":"1299963","toID":"1299966","formEdgeID":null},{"edgeID":"1708313","fromID":"1299966","toID":"1299962","formEdgeID":null},{"edgeID":"1708314","fromID":"1299957","toID":"1299967","formEdgeID":null},{"edgeID":"1708315","fromID":"1299967","toID":"1299963","formEdgeID":null},{"edgeID":"1708316","fromID":"1299970","toID":"1299969","formEdgeID":null},{"edgeID":"1708317","fromID":"1299971","toID":"1299970","formEdgeID":null},{"edgeID":"1708318","fromID":"1299969","toID":"1299972","formEdgeID":null},{"edgeID":"1708319","fromID":"1299972","toID":"1299968","formEdgeID":null},{"edgeID":"1708320","fromID":"1299963","toID":"1299973","formEdgeID":null},{"edgeID":"1708321","fromID":"1299973","toID":"1299969","formEdgeID":null},{"edgeID":"1708322","fromID":"1299976","toID":"1299975","formEdgeID":null},{"edgeID":"1708323","fromID":"1299977","toID":"1299976","formEdgeID":null},{"edgeID":"1708324","fromID":"1299975","toID":"1299978","formEdgeID":null},{"edgeID":"1708325","fromID":"1299978","toID":"1299974","formEdgeID":null},{"edgeID":"1708326","fromID":"1299969","toID":"1299979","formEdgeID":null},{"edgeID":"1708327","fromID":"1299979","toID":"1299975","formEdgeID":null},{"edgeID":"1708328","fromID":"1299968","toID":"1299980","formEdgeID":null},{"edgeID":"1708329","fromID":"1299980","toID":"1299962","formEdgeID":null},{"edgeID":"1708330","fromID":"1299973","toID":"1299981","formEdgeID":null},{"edgeID":"1708331","fromID":"1299981","toID":"1299980","formEdgeID":null},{"edgeID":"1708332","fromID":"1299984","toID":"1299983","formEdgeID":null},{"edgeID":"1708333","fromID":"1299985","toID":"1299984","formEdgeID":null},{"edgeID":"1708334","fromID":"1299983","toID":"1299986","formEdgeID":null},{"edgeID":"1708335","fromID":"1299986","toID":"1299982","formEdgeID":null},{"edgeID":"1708336","fromID":"1299989","toID":"1299988","formEdgeID":null},{"edgeID":"1708337","fromID":"1299990","toID":"1299989","formEdgeID":null},{"edgeID":"1708338","fromID":"1299988","toID":"1299991","formEdgeID":null},{"edgeID":"1708339","fromID":"1299991","toID":"1299987","formEdgeID":null},{"edgeID":"1708340","fromID":"1299987","toID":"1299992","formEdgeID":null},{"edgeID":"1708341","fromID":"1299992","toID":"1299982","formEdgeID":null},{"edgeID":"1708342","fromID":"1299983","toID":"1299993","formEdgeID":null},{"edgeID":"1708343","fromID":"1299993","toID":"1299988","formEdgeID":null},{"edgeID":"1708344","fromID":"1299993","toID":"1299994","formEdgeID":null},{"edgeID":"1708345","fromID":"1299994","toID":"1299992","formEdgeID":null},{"edgeID":"1708346","fromID":"1299997","toID":"1299996","formEdgeID":null},{"edgeID":"1708347","fromID":"1299998","toID":"1299997","formEdgeID":null},{"edgeID":"1708348","fromID":"1299996","toID":"1299999","formEdgeID":null},{"edgeID":"1708349","fromID":"1299999","toID":"1299995","formEdgeID":null},{"edgeID":"1708350","fromID":"1299988","toID":"1300000","formEdgeID":null},{"edgeID":"1708351","fromID":"1300000","toID":"1299996","formEdgeID":null},{"edgeID":"1708352","fromID":"1299995","toID":"1300001","formEdgeID":null},{"edgeID":"1708353","fromID":"1300001","toID":"1299982","formEdgeID":null},{"edgeID":"1708354","fromID":"1300000","toID":"1300002","formEdgeID":null},{"edgeID":"1708355","fromID":"1300002","toID":"1300001","formEdgeID":null},{"edgeID":"1708356","fromID":"1300005","toID":"1300004","formEdgeID":null},{"edgeID":"1708357","fromID":"1300006","toID":"1300005","formEdgeID":null},{"edgeID":"1708358","fromID":"1300004","toID":"1300007","formEdgeID":null},{"edgeID":"1708359","fromID":"1300007","toID":"1300003","formEdgeID":null},{"edgeID":"1708360","fromID":"1300010","toID":"1300009","formEdgeID":null},{"edgeID":"1708361","fromID":"1300011","toID":"1300010","formEdgeID":null},{"edgeID":"1708362","fromID":"1300009","toID":"1300012","formEdgeID":null},{"edgeID":"1708363","fromID":"1300012","toID":"1300008","formEdgeID":null},{"edgeID":"1708364","fromID":"1300008","toID":"1300013","formEdgeID":null},{"edgeID":"1708365","fromID":"1300013","toID":"1300003","formEdgeID":null},{"edgeID":"1708366","fromID":"1300004","toID":"1300014","formEdgeID":null},{"edgeID":"1708367","fromID":"1300014","toID":"1300009","formEdgeID":null},{"edgeID":"1708368","fromID":"1300014","toID":"1300015","formEdgeID":null},{"edgeID":"1708369","fromID":"1300015","toID":"1300013","formEdgeID":null},{"edgeID":"1708370","fromID":"1300003","toID":"1300016","formEdgeID":null},{"edgeID":"1708371","fromID":"1300016","toID":"1299982","formEdgeID":null},{"edgeID":"1708372","fromID":"1300004","toID":"1300017","formEdgeID":null},{"edgeID":"1708373","fromID":"1300017","toID":"1299983","formEdgeID":null},{"edgeID":"1708374","fromID":"1300017","toID":"1300018","formEdgeID":null},{"edgeID":"1708375","fromID":"1300018","toID":"1300016","formEdgeID":null},{"edgeID":"1708376","fromID":"1300003","toID":"1300019","formEdgeID":null},{"edgeID":"1708377","fromID":"1300019","toID":"1299962","formEdgeID":null},{"edgeID":"1708378","fromID":"1299963","toID":"1300020","formEdgeID":null},{"edgeID":"1708379","fromID":"1300020","toID":"1300004","formEdgeID":null},{"edgeID":"1708380","fromID":"1300020","toID":"1300021","formEdgeID":null},{"edgeID":"1708381","fromID":"1300021","toID":"1300019","formEdgeID":null},{"edgeID":"1708382","fromID":"1300024","toID":"1300023","formEdgeID":null},{"edgeID":"1708383","fromID":"1300025","toID":"1300024","formEdgeID":null},{"edgeID":"1708384","fromID":"1300023","toID":"1300026","formEdgeID":null},{"edgeID":"1708385","fromID":"1300026","toID":"1300022","formEdgeID":null},{"edgeID":"1708386","fromID":"1299996","toID":"1300027","formEdgeID":null},{"edgeID":"1708387","fromID":"1300027","toID":"1300023","formEdgeID":null},{"edgeID":"1708388","fromID":"1300029","toID":"1300028","formEdgeID":null},{"edgeID":"1708389","fromID":"1300030","toID":"1300029","formEdgeID":null},{"edgeID":"1708390","fromID":"1300028","toID":"1300031","formEdgeID":null},{"edgeID":"1708391","fromID":"1300031","toID":"1300022","formEdgeID":null},{"edgeID":"1708392","fromID":"1300023","toID":"1300032","formEdgeID":null},{"edgeID":"1708393","fromID":"1300032","toID":"1300028","formEdgeID":null},{"edgeID":"1708394","fromID":"1300035","toID":"1300034","formEdgeID":null},{"edgeID":"1708395","fromID":"1300036","toID":"1300035","formEdgeID":null},{"edgeID":"1708396","fromID":"1300034","toID":"1300037","formEdgeID":null},{"edgeID":"1708397","fromID":"1300037","toID":"1300033","formEdgeID":null},{"edgeID":"1708398","fromID":"1300033","toID":"1300038","formEdgeID":null},{"edgeID":"1708399","fromID":"1300038","toID":"1299995","formEdgeID":null},{"edgeID":"1708400","fromID":"1299996","toID":"1300039","formEdgeID":null},{"edgeID":"1708401","fromID":"1300039","toID":"1300034","formEdgeID":null},{"edgeID":"1708402","fromID":"1300039","toID":"1300040","formEdgeID":null},{"edgeID":"1708403","fromID":"1300040","toID":"1300038","formEdgeID":null},{"edgeID":"1708404","fromID":"1299956","toID":"1300041","formEdgeID":null},{"edgeID":"1708405","fromID":"1300041","toID":"1299951","formEdgeID":null},{"edgeID":"1708406","fromID":"1299961","toID":"1300042","formEdgeID":null},{"edgeID":"1708407","fromID":"1300042","toID":"1300041","formEdgeID":null}],"locutions":[]}