{"nodes":[{"nodeID":"1300043","text":"using renewable energies will stop ecosystem collapse","type":"I","timestamp":"2023-11-09 12:55:27"},{"nodeID":"1300044","text":"AudienceMember 20220310QT07: It will stop ecosystem collapse","type":"L","timestamp":"2023-11-09 12:55:27"},{"nodeID":"1300045","text":"Analysing","type":"YA","timestamp":"2023-11-09 12:55:27"},{"nodeID":"1300046","text":"Anon: AudienceMember 20220310QT07: It will stop ecosystem collapse","type":"L","timestamp":"2023-11-09 12:55:27"},{"nodeID":"1300047","text":"Asserting","type":"YA","timestamp":"2023-11-09 12:55:27"},{"nodeID":"1300048","text":"Julia Hartley-Brewer:  No it won't","type":"L","timestamp":"2023-11-09 12:55:27"},{"nodeID":"1300049","text":"Analysing","type":"YA","timestamp":"2023-11-09 12:55:27"},{"nodeID":"1300050","text":"Anon: Julia Hartley-Brewer:  No it won't","type":"L","timestamp":"2023-11-09 12:55:27"},{"nodeID":"1300051","text":"AudienceMember 20220310QT08: Yes it will","type":"L","timestamp":"2023-11-09 12:55:27"},{"nodeID":"1300052","text":"Analysing","type":"YA","timestamp":"2023-11-09 12:55:27"},{"nodeID":"1300053","text":"Anon: AudienceMember 20220310QT08: Yes it will","type":"L","timestamp":"2023-11-09 12:55:27"},{"nodeID":"1300054","text":"Default Conflict","type":"CA","timestamp":"2023-11-09 12:55:27"},{"nodeID":"1300055","text":"Agreeing","type":"YA","timestamp":"2023-11-09 12:55:27"},{"nodeID":"1300056","text":"Julia Hartley-Brewer can be a climate change denier","type":"I","timestamp":"2023-11-09 12:55:28"},{"nodeID":"1300057","text":"AudienceMember 20220310QT09: You can be a climate change denier, Julia","type":"L","timestamp":"2023-11-09 12:55:28"},{"nodeID":"1300058","text":"Analysing","type":"YA","timestamp":"2023-11-09 12:55:28"},{"nodeID":"1300059","text":"Anon: AudienceMember 20220310QT09: You can be a climate change denier, Julia","type":"L","timestamp":"2023-11-09 12:55:28"},{"nodeID":"1300060","text":"Asserting","type":"YA","timestamp":"2023-11-09 12:55:28"},{"nodeID":"1300061","text":"there is climate change","type":"I","timestamp":"2023-11-09 12:55:28"},{"nodeID":"1300062","text":"AudienceMember 20220310QT09: there are scientists","type":"L","timestamp":"2023-11-09 12:55:28"},{"nodeID":"1300063","text":"Analysing","type":"YA","timestamp":"2023-11-09 12:55:28"},{"nodeID":"1300064","text":"Anon: AudienceMember 20220310QT09: there are scientists","type":"L","timestamp":"2023-11-09 12:55:28"},{"nodeID":"1300065","text":"scientists : there is climate change","type":"L","timestamp":"2023-11-09 12:55:28"},{"nodeID":"1300066","text":"Analysing","type":"YA","timestamp":"2023-11-09 12:55:28"},{"nodeID":"1300067","text":"Anon: scientists : there are scientists","type":"L","timestamp":"2023-11-09 12:55:28"},{"nodeID":"1300068","text":"Asserting","type":"YA","timestamp":"2023-11-09 12:55:28"},{"nodeID":"1300069","text":"Asserting","type":"YA","timestamp":"2023-11-09 12:55:28"},{"nodeID":"1300070","text":"Default Conflict","type":"CA","timestamp":"2023-11-09 12:55:28"},{"nodeID":"1300071","text":"Default Transition","type":"TA","timestamp":"2023-11-09 12:55:28"},{"nodeID":"1300072","text":"Disagreeing","type":"YA","timestamp":"2023-11-09 12:55:28"},{"nodeID":"1300073","text":"Default Transition","type":"TA","timestamp":"2023-11-09 12:55:28"},{"nodeID":"1300074","text":"Default Transition","type":"TA","timestamp":"2023-11-09 12:55:28"},{"nodeID":"1300075","text":"Default Transition","type":"TA","timestamp":"2023-11-09 12:55:28"},{"nodeID":"1300076","text":"Julia Hartley-Brewer asked Audience Member a question and this is their field","type":"I","timestamp":"2023-11-09 12:55:29"},{"nodeID":"1300077","text":"Julia Hartley-Brewer: I asked you a question and this is your field","type":"L","timestamp":"2023-11-09 12:55:29"},{"nodeID":"1300078","text":"Analysing","type":"YA","timestamp":"2023-11-09 12:55:29"},{"nodeID":"1300079","text":"Anon: Julia Hartley-Brewer: I asked you a question and this is your field","type":"L","timestamp":"2023-11-09 12:55:29"},{"nodeID":"1300080","text":"Asserting","type":"YA","timestamp":"2023-11-09 12:55:29"},{"nodeID":"1300081","text":"Default Transition","type":"TA","timestamp":"2023-11-09 12:55:29"},{"nodeID":"1300082","text":"Britain has less than one per cent of impact to global warming","type":"I","timestamp":"2023-11-09 12:55:29"},{"nodeID":"1300083","text":"Julia Hartley-Brewer: It has less than one per cent of impact","type":"L","timestamp":"2023-11-09 12:55:29"},{"nodeID":"1300084","text":"Analysing","type":"YA","timestamp":"2023-11-09 12:55:29"},{"nodeID":"1300085","text":"Anon: Julia Hartley-Brewer: It has less than one per cent of impact","type":"L","timestamp":"2023-11-09 12:55:29"},{"nodeID":"1300086","text":"Asserting","type":"YA","timestamp":"2023-11-09 12:55:29"},{"nodeID":"1300087","text":"Default Transition","type":"TA","timestamp":"2023-11-09 12:55:29"},{"nodeID":"1300088","text":"Audience Member thinks renewable energy use is going to make a big difference in fighting climate change","type":"I","timestamp":"2023-11-09 12:55:30"},{"nodeID":"1300089","text":"Julia Hartley-Brewer: you think that's going to make a big difference","type":"L","timestamp":"2023-11-09 12:55:30"},{"nodeID":"1300090","text":"Analysing","type":"YA","timestamp":"2023-11-09 12:55:30"},{"nodeID":"1300091","text":"Anon: Julia Hartley-Brewer: you think that's going to make a big difference","type":"L","timestamp":"2023-11-09 12:55:30"},{"nodeID":"1300092","text":"Rhetorical Questioning","type":"YA","timestamp":"2023-11-09 12:55:30"},{"nodeID":"1300093","text":"Default Transition","type":"TA","timestamp":"2023-11-09 12:55:30"},{"nodeID":"1300094","text":"Britain contributes or does not contribute by one per cent to xxx","type":"I","timestamp":"2023-11-09 12:55:31"},{"nodeID":"1300095","text":"AudienceMember 20220310QT10: one per cent of what","type":"L","timestamp":"2023-11-09 12:55:31"},{"nodeID":"1300096","text":"Analysing","type":"YA","timestamp":"2023-11-09 12:55:31"},{"nodeID":"1300097","text":"Anon: AudienceMember 20220310QT10: one per cent of what","type":"L","timestamp":"2023-11-09 12:55:31"},{"nodeID":"1300098","text":"Pure Questioning","type":"YA","timestamp":"2023-11-09 12:55:31"},{"nodeID":"1300099","text":"Default Transition","type":"TA","timestamp":"2023-11-09 12:55:31"},{"nodeID":"1300100","text":"our contribution to global warming from our country is one per cent of carbon emissions","type":"I","timestamp":"2023-11-09 12:55:31"},{"nodeID":"1300101","text":"Julia Hartley-Brewer: Our contribution to global warming from our country is one per cent of carbon emissions","type":"L","timestamp":"2023-11-09 12:55:31"},{"nodeID":"1300102","text":"Analysing","type":"YA","timestamp":"2023-11-09 12:55:31"},{"nodeID":"1300103","text":"Anon: Julia Hartley-Brewer: Our contribution to global warming from our country is one per cent of carbon emissions","type":"L","timestamp":"2023-11-09 12:55:31"},{"nodeID":"1300104","text":"Asserting","type":"YA","timestamp":"2023-11-09 12:55:31"},{"nodeID":"1300105","text":"Default Transition","type":"TA","timestamp":"2023-11-09 12:55:31"},{"nodeID":"1300106","text":"Default Rephrase","type":"MA","timestamp":"2023-11-09 12:55:31"},{"nodeID":"1300107","text":"Default Illocuting","type":"YA","timestamp":"2023-11-09 12:55:31"},{"nodeID":"1300108","text":"Default Rephrase","type":"MA","timestamp":"2023-11-09 12:55:31"},{"nodeID":"1300109","text":"Default Transition","type":"TA","timestamp":"2023-11-09 12:55:31"},{"nodeID":"1300110","text":"Restating","type":"YA","timestamp":"2023-11-09 12:55:31"},{"nodeID":"1300111","text":"fighting climate change is a global effort","type":"I","timestamp":"2023-11-09 12:55:32"},{"nodeID":"1300112","text":"AudienceMember 20220310QT11:  It's a global effort","type":"L","timestamp":"2023-11-09 12:55:32"},{"nodeID":"1300113","text":"Analysing","type":"YA","timestamp":"2023-11-09 12:55:32"},{"nodeID":"1300114","text":"Anon: AudienceMember 20220310QT11:  It's a global effort","type":"L","timestamp":"2023-11-09 12:55:32"},{"nodeID":"1300115","text":"Asserting","type":"YA","timestamp":"2023-11-09 12:55:32"},{"nodeID":"1300116","text":"there are global organisations that are emitters of carbon","type":"I","timestamp":"2023-11-09 12:55:32"},{"nodeID":"1300117","text":"AudienceMember 20220310QT11: These are global organisations that are emitters of carbon","type":"L","timestamp":"2023-11-09 12:55:32"},{"nodeID":"1300118","text":"Analysing","type":"YA","timestamp":"2023-11-09 12:55:32"},{"nodeID":"1300119","text":"Anon: AudienceMember 20220310QT11: These are global organisations that are emitters of carbon","type":"L","timestamp":"2023-11-09 12:55:32"},{"nodeID":"1300120","text":"Asserting","type":"YA","timestamp":"2023-11-09 12:55:32"},{"nodeID":"1300121","text":"Default Transition","type":"TA","timestamp":"2023-11-09 12:55:32"},{"nodeID":"1300122","text":"Default Transition","type":"TA","timestamp":"2023-11-09 12:55:32"},{"nodeID":"1300123","text":"climate change is a global problem and it's not about individual targets","type":"I","timestamp":"2023-11-09 12:55:33"},{"nodeID":"1300124","text":"AudienceMember 20220310QT12: This is a global problem and it's not about individual targets","type":"L","timestamp":"2023-11-09 12:55:33"},{"nodeID":"1300125","text":"Analysing","type":"YA","timestamp":"2023-11-09 12:55:33"},{"nodeID":"1300126","text":"Anon: AudienceMember 20220310QT12: This is a global problem and it's not about individual targets","type":"L","timestamp":"2023-11-09 12:55:33"},{"nodeID":"1300127","text":"Asserting","type":"YA","timestamp":"2023-11-09 12:55:33"},{"nodeID":"1300128","text":"fighting climate change is about everyone working together to reduce atmospheric carbon, to reduce the rise in temperature","type":"I","timestamp":"2023-11-09 12:55:34"},{"nodeID":"1300129","text":"AudienceMember 20220310QT12: It's about everyone working together to reduce atmospheric carbon, to reduce the rise in temperature","type":"L","timestamp":"2023-11-09 12:55:34"},{"nodeID":"1300130","text":"Analysing","type":"YA","timestamp":"2023-11-09 12:55:34"},{"nodeID":"1300131","text":"Anon: AudienceMember 20220310QT12: It's about everyone working together to reduce atmospheric carbon, to reduce the rise in temperature","type":"L","timestamp":"2023-11-09 12:55:34"},{"nodeID":"1300132","text":"Asserting","type":"YA","timestamp":"2023-11-09 12:55:34"},{"nodeID":"1300133","text":"we don't see a further escalation of ecosystem collapse around the world, increases in volatility of weather patterns, flooding, forest fires, refugee crises, people moving","type":"I","timestamp":"2023-11-09 12:55:34"},{"nodeID":"1300134","text":"AudienceMember 20220310QT12:  we don't see a further escalation of ecosystem collapse around the world, increases in volatility of weather patterns, flooding, forest fires, refugee crises, people moving","type":"L","timestamp":"2023-11-09 12:55:34"},{"nodeID":"1300135","text":"Analysing","type":"YA","timestamp":"2023-11-09 12:55:34"},{"nodeID":"1300136","text":"Anon: AudienceMember 20220310QT12:  we don't see a further escalation of ecosystem collapse around the world, increases in volatility of weather patterns, flooding, forest fires, refugee crises, people moving","type":"L","timestamp":"2023-11-09 12:55:34"},{"nodeID":"1300137","text":"Asserting","type":"YA","timestamp":"2023-11-09 12:55:34"},{"nodeID":"1300138","text":"climate change is a huge disaster","type":"I","timestamp":"2023-11-09 12:55:35"},{"nodeID":"1300139","text":"AudienceMember 20220310QT12: Climate change is a huge disaster","type":"L","timestamp":"2023-11-09 12:55:35"},{"nodeID":"1300140","text":"Analysing","type":"YA","timestamp":"2023-11-09 12:55:35"},{"nodeID":"1300141","text":"Anon: AudienceMember 20220310QT12: Climate change is a huge disaster","type":"L","timestamp":"2023-11-09 12:55:35"},{"nodeID":"1300142","text":"Asserting","type":"YA","timestamp":"2023-11-09 12:55:35"},{"nodeID":"1300143","text":"Default Conflict","type":"CA","timestamp":"2023-11-09 12:55:35"},{"nodeID":"1300144","text":"Disagreeing","type":"YA","timestamp":"2023-11-09 12:55:35"},{"nodeID":"1300145","text":"Default Rephrase","type":"MA","timestamp":"2023-11-09 12:55:35"},{"nodeID":"1300146","text":"Default Transition","type":"TA","timestamp":"2023-11-09 12:55:35"},{"nodeID":"1300147","text":"Restating","type":"YA","timestamp":"2023-11-09 12:55:35"},{"nodeID":"1300148","text":"Default Rephrase","type":"MA","timestamp":"2023-11-09 12:55:35"},{"nodeID":"1300149","text":"Default Transition","type":"TA","timestamp":"2023-11-09 12:55:35"},{"nodeID":"1300150","text":"Restating","type":"YA","timestamp":"2023-11-09 12:55:35"},{"nodeID":"1300151","text":"Default Transition","type":"TA","timestamp":"2023-11-09 12:55:35"},{"nodeID":"1300152","text":"Default Transition","type":"TA","timestamp":"2023-11-09 12:55:35"},{"nodeID":"1300153","text":"Default Rephrase","type":"MA","timestamp":"2023-11-09 12:55:35"},{"nodeID":"1300154","text":"Restating","type":"YA","timestamp":"2023-11-09 12:55:35"},{"nodeID":"1300155","text":"Default Inference","type":"RA","timestamp":"2023-11-09 12:55:35"},{"nodeID":"1300156","text":"Arguing","type":"YA","timestamp":"2023-11-09 12:55:35"}],"edges":[{"edgeID":"1708408","fromID":"1300045","toID":"1300044","formEdgeID":null},{"edgeID":"1708409","fromID":"1300046","toID":"1300045","formEdgeID":null},{"edgeID":"1708410","fromID":"1300044","toID":"1300047","formEdgeID":null},{"edgeID":"1708411","fromID":"1300047","toID":"1300043","formEdgeID":null},{"edgeID":"1708412","fromID":"1300049","toID":"1300048","formEdgeID":null},{"edgeID":"1708413","fromID":"1300050","toID":"1300049","formEdgeID":null},{"edgeID":"1708414","fromID":"1300052","toID":"1300051","formEdgeID":null},{"edgeID":"1708415","fromID":"1300053","toID":"1300052","formEdgeID":null},{"edgeID":"1708416","fromID":"1300048","toID":"1300054","formEdgeID":null},{"edgeID":"1708417","fromID":"1300054","toID":"1300043","formEdgeID":null},{"edgeID":"1708418","fromID":"1300051","toID":"1300055","formEdgeID":null},{"edgeID":"1708419","fromID":"1300055","toID":"1300043","formEdgeID":null},{"edgeID":"1708420","fromID":"1300058","toID":"1300057","formEdgeID":null},{"edgeID":"1708421","fromID":"1300059","toID":"1300058","formEdgeID":null},{"edgeID":"1708422","fromID":"1300057","toID":"1300060","formEdgeID":null},{"edgeID":"1708423","fromID":"1300060","toID":"1300056","formEdgeID":null},{"edgeID":"1708424","fromID":"1300063","toID":"1300062","formEdgeID":null},{"edgeID":"1708425","fromID":"1300064","toID":"1300063","formEdgeID":null},{"edgeID":"1708426","fromID":"1300066","toID":"1300065","formEdgeID":null},{"edgeID":"1708427","fromID":"1300067","toID":"1300066","formEdgeID":null},{"edgeID":"1708428","fromID":"1300062","toID":"1300068","formEdgeID":null},{"edgeID":"1708429","fromID":"1300068","toID":"1300065","formEdgeID":null},{"edgeID":"1708430","fromID":"1300065","toID":"1300069","formEdgeID":null},{"edgeID":"1708431","fromID":"1300069","toID":"1300061","formEdgeID":null},{"edgeID":"1708432","fromID":"1300061","toID":"1300070","formEdgeID":null},{"edgeID":"1708433","fromID":"1300070","toID":"1300056","formEdgeID":null},{"edgeID":"1708434","fromID":"1300057","toID":"1300071","formEdgeID":null},{"edgeID":"1708435","fromID":"1300071","toID":"1300062","formEdgeID":null},{"edgeID":"1708436","fromID":"1300071","toID":"1300072","formEdgeID":null},{"edgeID":"1708437","fromID":"1300072","toID":"1300070","formEdgeID":null},{"edgeID":"1708438","fromID":"1300051","toID":"1300073","formEdgeID":null},{"edgeID":"1708439","fromID":"1300073","toID":"1300057","formEdgeID":null},{"edgeID":"1708440","fromID":"1300048","toID":"1300074","formEdgeID":null},{"edgeID":"1708441","fromID":"1300074","toID":"1300051","formEdgeID":null},{"edgeID":"1708442","fromID":"1300044","toID":"1300075","formEdgeID":null},{"edgeID":"1708443","fromID":"1300075","toID":"1300048","formEdgeID":null},{"edgeID":"1708444","fromID":"1300078","toID":"1300077","formEdgeID":null},{"edgeID":"1708445","fromID":"1300079","toID":"1300078","formEdgeID":null},{"edgeID":"1708446","fromID":"1300077","toID":"1300080","formEdgeID":null},{"edgeID":"1708447","fromID":"1300080","toID":"1300076","formEdgeID":null},{"edgeID":"1708448","fromID":"1300062","toID":"1300081","formEdgeID":null},{"edgeID":"1708449","fromID":"1300081","toID":"1300077","formEdgeID":null},{"edgeID":"1708450","fromID":"1300084","toID":"1300083","formEdgeID":null},{"edgeID":"1708451","fromID":"1300085","toID":"1300084","formEdgeID":null},{"edgeID":"1708452","fromID":"1300083","toID":"1300086","formEdgeID":null},{"edgeID":"1708453","fromID":"1300086","toID":"1300082","formEdgeID":null},{"edgeID":"1708454","fromID":"1300077","toID":"1300087","formEdgeID":null},{"edgeID":"1708455","fromID":"1300087","toID":"1300083","formEdgeID":null},{"edgeID":"1708456","fromID":"1300090","toID":"1300089","formEdgeID":null},{"edgeID":"1708457","fromID":"1300091","toID":"1300090","formEdgeID":null},{"edgeID":"1708458","fromID":"1300089","toID":"1300092","formEdgeID":null},{"edgeID":"1708459","fromID":"1300092","toID":"1300088","formEdgeID":null},{"edgeID":"1708460","fromID":"1300083","toID":"1300093","formEdgeID":null},{"edgeID":"1708461","fromID":"1300093","toID":"1300089","formEdgeID":null},{"edgeID":"1708462","fromID":"1300096","toID":"1300095","formEdgeID":null},{"edgeID":"1708463","fromID":"1300097","toID":"1300096","formEdgeID":null},{"edgeID":"1708464","fromID":"1300095","toID":"1300098","formEdgeID":null},{"edgeID":"1708465","fromID":"1300098","toID":"1300094","formEdgeID":null},{"edgeID":"1708466","fromID":"1300089","toID":"1300099","formEdgeID":null},{"edgeID":"1708467","fromID":"1300099","toID":"1300095","formEdgeID":null},{"edgeID":"1708468","fromID":"1300102","toID":"1300101","formEdgeID":null},{"edgeID":"1708469","fromID":"1300103","toID":"1300102","formEdgeID":null},{"edgeID":"1708470","fromID":"1300101","toID":"1300104","formEdgeID":null},{"edgeID":"1708471","fromID":"1300104","toID":"1300100","formEdgeID":null},{"edgeID":"1708472","fromID":"1300095","toID":"1300105","formEdgeID":null},{"edgeID":"1708473","fromID":"1300105","toID":"1300101","formEdgeID":null},{"edgeID":"1708474","fromID":"1300100","toID":"1300106","formEdgeID":null},{"edgeID":"1708475","fromID":"1300106","toID":"1300094","formEdgeID":null},{"edgeID":"1708476","fromID":"1300105","toID":"1300107","formEdgeID":null},{"edgeID":"1708477","fromID":"1300107","toID":"1300106","formEdgeID":null},{"edgeID":"1708478","fromID":"1300100","toID":"1300108","formEdgeID":null},{"edgeID":"1708479","fromID":"1300108","toID":"1300082","formEdgeID":null},{"edgeID":"1708480","fromID":"1300083","toID":"1300109","formEdgeID":null},{"edgeID":"1708481","fromID":"1300109","toID":"1300101","formEdgeID":null},{"edgeID":"1708482","fromID":"1300109","toID":"1300110","formEdgeID":null},{"edgeID":"1708483","fromID":"1300110","toID":"1300108","formEdgeID":null},{"edgeID":"1708484","fromID":"1300113","toID":"1300112","formEdgeID":null},{"edgeID":"1708485","fromID":"1300114","toID":"1300113","formEdgeID":null},{"edgeID":"1708486","fromID":"1300112","toID":"1300115","formEdgeID":null},{"edgeID":"1708487","fromID":"1300115","toID":"1300111","formEdgeID":null},{"edgeID":"1708488","fromID":"1300118","toID":"1300117","formEdgeID":null},{"edgeID":"1708489","fromID":"1300119","toID":"1300118","formEdgeID":null},{"edgeID":"1708490","fromID":"1300117","toID":"1300120","formEdgeID":null},{"edgeID":"1708491","fromID":"1300120","toID":"1300116","formEdgeID":null},{"edgeID":"1708492","fromID":"1300101","toID":"1300121","formEdgeID":null},{"edgeID":"1708493","fromID":"1300121","toID":"1300112","formEdgeID":null},{"edgeID":"1708494","fromID":"1300112","toID":"1300122","formEdgeID":null},{"edgeID":"1708495","fromID":"1300122","toID":"1300117","formEdgeID":null},{"edgeID":"1708496","fromID":"1300125","toID":"1300124","formEdgeID":null},{"edgeID":"1708497","fromID":"1300126","toID":"1300125","formEdgeID":null},{"edgeID":"1708498","fromID":"1300124","toID":"1300127","formEdgeID":null},{"edgeID":"1708499","fromID":"1300127","toID":"1300123","formEdgeID":null},{"edgeID":"1708500","fromID":"1300130","toID":"1300129","formEdgeID":null},{"edgeID":"1708501","fromID":"1300131","toID":"1300130","formEdgeID":null},{"edgeID":"1708502","fromID":"1300129","toID":"1300132","formEdgeID":null},{"edgeID":"1708503","fromID":"1300132","toID":"1300128","formEdgeID":null},{"edgeID":"1708504","fromID":"1300135","toID":"1300134","formEdgeID":null},{"edgeID":"1708505","fromID":"1300136","toID":"1300135","formEdgeID":null},{"edgeID":"1708506","fromID":"1300134","toID":"1300137","formEdgeID":null},{"edgeID":"1708507","fromID":"1300137","toID":"1300133","formEdgeID":null},{"edgeID":"1708508","fromID":"1300140","toID":"1300139","formEdgeID":null},{"edgeID":"1708509","fromID":"1300141","toID":"1300140","formEdgeID":null},{"edgeID":"1708510","fromID":"1300139","toID":"1300142","formEdgeID":null},{"edgeID":"1708511","fromID":"1300142","toID":"1300138","formEdgeID":null},{"edgeID":"1708512","fromID":"1300111","toID":"1300143","formEdgeID":null},{"edgeID":"1708513","fromID":"1300143","toID":"1300100","formEdgeID":null},{"edgeID":"1708514","fromID":"1300121","toID":"1300144","formEdgeID":null},{"edgeID":"1708515","fromID":"1300144","toID":"1300143","formEdgeID":null},{"edgeID":"1708516","fromID":"1300123","toID":"1300145","formEdgeID":null},{"edgeID":"1708517","fromID":"1300145","toID":"1300111","formEdgeID":null},{"edgeID":"1708518","fromID":"1300112","toID":"1300146","formEdgeID":null},{"edgeID":"1708519","fromID":"1300146","toID":"1300124","formEdgeID":null},{"edgeID":"1708520","fromID":"1300146","toID":"1300147","formEdgeID":null},{"edgeID":"1708521","fromID":"1300147","toID":"1300145","formEdgeID":null},{"edgeID":"1708522","fromID":"1300128","toID":"1300148","formEdgeID":null},{"edgeID":"1708523","fromID":"1300148","toID":"1300111","formEdgeID":null},{"edgeID":"1708524","fromID":"1300112","toID":"1300149","formEdgeID":null},{"edgeID":"1708525","fromID":"1300149","toID":"1300129","formEdgeID":null},{"edgeID":"1708526","fromID":"1300149","toID":"1300150","formEdgeID":null},{"edgeID":"1708527","fromID":"1300150","toID":"1300148","formEdgeID":null},{"edgeID":"1708528","fromID":"1300129","toID":"1300151","formEdgeID":null},{"edgeID":"1708529","fromID":"1300151","toID":"1300134","formEdgeID":null},{"edgeID":"1708530","fromID":"1300134","toID":"1300152","formEdgeID":null},{"edgeID":"1708531","fromID":"1300152","toID":"1300139","formEdgeID":null},{"edgeID":"1708532","fromID":"1300138","toID":"1300153","formEdgeID":null},{"edgeID":"1708533","fromID":"1300153","toID":"1300133","formEdgeID":null},{"edgeID":"1708534","fromID":"1300152","toID":"1300154","formEdgeID":null},{"edgeID":"1708535","fromID":"1300154","toID":"1300153","formEdgeID":null},{"edgeID":"1708536","fromID":"1300128","toID":"1300155","formEdgeID":null},{"edgeID":"1708537","fromID":"1300155","toID":"1300133","formEdgeID":null},{"edgeID":"1708538","fromID":"1300151","toID":"1300156","formEdgeID":null},{"edgeID":"1708539","fromID":"1300156","toID":"1300155","formEdgeID":null}],"locutions":[]}