{"nodes":[{"nodeID":"1298888","text":"Zanny Minton Beddoes does not think windfall tax is a good idea","type":"I","timestamp":"2023-11-09 12:53:52"},{"nodeID":"1298889","text":"Zanny Minton Beddoes: I don't think it is","type":"L","timestamp":"2023-11-09 12:53:52"},{"nodeID":"1298890","text":"Analysing","type":"YA","timestamp":"2023-11-09 12:53:52"},{"nodeID":"1298891","text":"Kyle: Zanny Minton Beddoes: I don't think it is","type":"L","timestamp":"2023-11-09 12:53:52"},{"nodeID":"1298892","text":"Asserting","type":"YA","timestamp":"2023-11-09 12:53:52"},{"nodeID":"1298893","text":"gas companies need to invest","type":"I","timestamp":"2023-11-09 12:53:53"},{"nodeID":"1298894","text":"Zanny Minton Beddoes: these companies need to invest","type":"L","timestamp":"2023-11-09 12:53:53"},{"nodeID":"1298895","text":"Analysing","type":"YA","timestamp":"2023-11-09 12:53:53"},{"nodeID":"1298896","text":"Kyle: Zanny Minton Beddoes: these companies need to invest","type":"L","timestamp":"2023-11-09 12:53:53"},{"nodeID":"1298897","text":"Asserting","type":"YA","timestamp":"2023-11-09 12:53:53"},{"nodeID":"1298898","text":"Default Transition","type":"TA","timestamp":"2023-11-09 12:53:53"},{"nodeID":"1298899","text":"Default Inference","type":"RA","timestamp":"2023-11-09 12:53:53"},{"nodeID":"1298900","text":"Arguing","type":"YA","timestamp":"2023-11-09 12:53:53"},{"nodeID":"1298901","text":"part of the reason we're in this problem of high energy prices is that we've seen the collapse in investment right now","type":"I","timestamp":"2023-11-09 12:53:53"},{"nodeID":"1298902","text":"Zanny Minton Beddoes:  Part of the reason we're in this problem is that we've seen the collapse in investment right now","type":"L","timestamp":"2023-11-09 12:53:53"},{"nodeID":"1298903","text":"Analysing","type":"YA","timestamp":"2023-11-09 12:53:53"},{"nodeID":"1298904","text":"Kyle: Zanny Minton Beddoes:  Part of the reason we're in this problem is that we've seen the collapse in investment right now","type":"L","timestamp":"2023-11-09 12:53:53"},{"nodeID":"1298905","text":"Asserting","type":"YA","timestamp":"2023-11-09 12:53:53"},{"nodeID":"1298906","text":"Default Transition","type":"TA","timestamp":"2023-11-09 12:53:53"},{"nodeID":"1298907","text":"one of the reasons energy prices have soared is that we haven't been investing enough in energy","type":"I","timestamp":"2023-11-09 12:53:54"},{"nodeID":"1298908","text":"Zanny Minton Beddoes: one of the reasons energy prices have soared is that we haven't been investing enough in energy","type":"L","timestamp":"2023-11-09 12:53:54"},{"nodeID":"1298909","text":"Analysing","type":"YA","timestamp":"2023-11-09 12:53:54"},{"nodeID":"1298910","text":"Kyle: Zanny Minton Beddoes: one of the reasons energy prices have soared is that we haven't been investing enough in energy","type":"L","timestamp":"2023-11-09 12:53:54"},{"nodeID":"1298911","text":"Asserting","type":"YA","timestamp":"2023-11-09 12:53:54"},{"nodeID":"1298912","text":"Default Transition","type":"TA","timestamp":"2023-11-09 12:53:54"},{"nodeID":"1298913","text":"Default Rephrase","type":"MA","timestamp":"2023-11-09 12:53:54"},{"nodeID":"1298914","text":"Restating","type":"YA","timestamp":"2023-11-09 12:53:54"},{"nodeID":"1298915","text":"we need a smooth transition","type":"I","timestamp":"2023-11-09 12:53:55"},{"nodeID":"1298916","text":"Zanny Minton Beddoes: we need a smooth transition","type":"L","timestamp":"2023-11-09 12:53:55"},{"nodeID":"1298917","text":"Analysing","type":"YA","timestamp":"2023-11-09 12:53:55"},{"nodeID":"1298918","text":"Kyle: Zanny Minton Beddoes: we need a smooth transition","type":"L","timestamp":"2023-11-09 12:53:55"},{"nodeID":"1298919","text":"Asserting","type":"YA","timestamp":"2023-11-09 12:53:55"},{"nodeID":"1298920","text":"Default Transition","type":"TA","timestamp":"2023-11-09 12:53:55"},{"nodeID":"1298921","text":"we need as much as possible from the renewables","type":"I","timestamp":"2023-11-09 12:53:55"},{"nodeID":"1298922","text":"Zanny Minton Beddoes: We need as much as possible from the renewables","type":"L","timestamp":"2023-11-09 12:53:55"},{"nodeID":"1298923","text":"Analysing","type":"YA","timestamp":"2023-11-09 12:53:55"},{"nodeID":"1298924","text":"Kyle: Zanny Minton Beddoes: We need as much as possible from the renewables","type":"L","timestamp":"2023-11-09 12:53:55"},{"nodeID":"1298925","text":"Asserting","type":"YA","timestamp":"2023-11-09 12:53:55"},{"nodeID":"1298926","text":"Default Transition","type":"TA","timestamp":"2023-11-09 12:53:55"},{"nodeID":"1298927","text":"we need more investment in renewables, more renewables investment in infrastructure, batteries","type":"I","timestamp":"2023-11-09 12:53:56"},{"nodeID":"1298928","text":"Zanny Minton Beddoes: We need more investment in renewables, more renewables investment in infrastructure, batteries","type":"L","timestamp":"2023-11-09 12:53:56"},{"nodeID":"1298929","text":"Analysing","type":"YA","timestamp":"2023-11-09 12:53:56"},{"nodeID":"1298930","text":"Kyle: Zanny Minton Beddoes: We need more investment in renewables, more renewables investment in infrastructure, batteries","type":"L","timestamp":"2023-11-09 12:53:56"},{"nodeID":"1298931","text":"Asserting","type":"YA","timestamp":"2023-11-09 12:53:56"},{"nodeID":"1298932","text":"all of the things that we need as part of that transition","type":"I","timestamp":"2023-11-09 12:53:56"},{"nodeID":"1298933","text":"Zanny Minton Beddoes: all of the things that we need as part of that transition","type":"L","timestamp":"2023-11-09 12:53:56"},{"nodeID":"1298934","text":"Analysing","type":"YA","timestamp":"2023-11-09 12:53:56"},{"nodeID":"1298935","text":"Kyle: Zanny Minton Beddoes: all of the things that we need as part of that transition","type":"L","timestamp":"2023-11-09 12:53:56"},{"nodeID":"1298936","text":"Asserting","type":"YA","timestamp":"2023-11-09 12:53:56"},{"nodeID":"1298937","text":"Default Transition","type":"TA","timestamp":"2023-11-09 12:53:56"},{"nodeID":"1298938","text":"Default Rephrase","type":"MA","timestamp":"2023-11-09 12:53:56"},{"nodeID":"1298939","text":"Restating","type":"YA","timestamp":"2023-11-09 12:53:56"},{"nodeID":"1298940","text":"Default Inference","type":"RA","timestamp":"2023-11-09 12:53:56"},{"nodeID":"1298941","text":"Default Transition","type":"TA","timestamp":"2023-11-09 12:53:56"},{"nodeID":"1298942","text":"Arguing","type":"YA","timestamp":"2023-11-09 12:53:56"},{"nodeID":"1298943","text":"we are going to need gas for a while as that transition happens","type":"I","timestamp":"2023-11-09 12:53:57"},{"nodeID":"1298944","text":"Zanny Minton Beddoes: we are going to need gas for a while as that transition happens","type":"L","timestamp":"2023-11-09 12:53:57"},{"nodeID":"1298945","text":"Analysing","type":"YA","timestamp":"2023-11-09 12:53:57"},{"nodeID":"1298946","text":"Kyle: Zanny Minton Beddoes: we are going to need gas for a while as that transition happens","type":"L","timestamp":"2023-11-09 12:53:57"},{"nodeID":"1298947","text":"Asserting","type":"YA","timestamp":"2023-11-09 12:53:57"},{"nodeID":"1298948","text":"Default Conflict","type":"CA","timestamp":"2023-11-09 12:53:57"},{"nodeID":"1298949","text":"Default Transition","type":"TA","timestamp":"2023-11-09 12:53:57"},{"nodeID":"1298950","text":"Disagreeing","type":"YA","timestamp":"2023-11-09 12:53:57"},{"nodeID":"1298951","text":"we will need gas fuel for decades","type":"I","timestamp":"2023-11-09 12:53:58"},{"nodeID":"1298952","text":"Julia Hartley-Brewer: \u00a0For decades","type":"L","timestamp":"2023-11-09 12:53:58"},{"nodeID":"1298953","text":"Analysing","type":"YA","timestamp":"2023-11-09 12:53:58"},{"nodeID":"1298954","text":"Kyle: Julia Hartley-Brewer: \u00a0For decades","type":"L","timestamp":"2023-11-09 12:53:58"},{"nodeID":"1298955","text":"Asserting","type":"YA","timestamp":"2023-11-09 12:53:58"},{"nodeID":"1298956","text":"Default Transition","type":"TA","timestamp":"2023-11-09 12:53:58"},{"nodeID":"1298957","text":"Default Rephrase","type":"MA","timestamp":"2023-11-09 12:53:58"},{"nodeID":"1298958","text":"Restating","type":"YA","timestamp":"2023-11-09 12:53:58"},{"nodeID":"1298959","text":"Zanny Minton Beddoes: Yes","type":"L","timestamp":"2023-11-09 12:53:58"},{"nodeID":"1298960","text":"Analysing","type":"YA","timestamp":"2023-11-09 12:53:58"},{"nodeID":"1298961","text":"Kyle: Zanny Minton Beddoes: Yes.","type":"L","timestamp":"2023-11-09 12:53:58"},{"nodeID":"1298962","text":"Agreeing","type":"YA","timestamp":"2023-11-09 12:53:58"},{"nodeID":"1298963","text":"Julia Hartley-Brewer: For decades","type":"L","timestamp":"2023-11-09 12:53:58"},{"nodeID":"1298964","text":"Analysing","type":"YA","timestamp":"2023-11-09 12:53:58"},{"nodeID":"1298965","text":"Kyle: Julia Hartley-Brewer: For decades","type":"L","timestamp":"2023-11-09 12:53:58"},{"nodeID":"1298966","text":"Asserting","type":"YA","timestamp":"2023-11-09 12:53:58"},{"nodeID":"1298967","text":"Default Rephrase","type":"MA","timestamp":"2023-11-09 12:53:58"},{"nodeID":"1298968","text":"Default Transition","type":"TA","timestamp":"2023-11-09 12:53:58"},{"nodeID":"1298969","text":"Default Transition","type":"TA","timestamp":"2023-11-09 12:53:58"},{"nodeID":"1298970","text":"Restating","type":"YA","timestamp":"2023-11-09 12:53:58"},{"nodeID":"1298971","text":"Zanny Minton Beddoes: Yes, absolutely","type":"L","timestamp":"2023-11-09 12:53:58"},{"nodeID":"1298972","text":"Analysing","type":"YA","timestamp":"2023-11-09 12:53:58"},{"nodeID":"1298973","text":"Kyle: Zanny Minton Beddoes: Yes, absolutely","type":"L","timestamp":"2023-11-09 12:53:58"},{"nodeID":"1298974","text":"Default Transition","type":"TA","timestamp":"2023-11-09 12:53:58"},{"nodeID":"1298975","text":"Agreeing","type":"YA","timestamp":"2023-11-09 12:53:58"},{"nodeID":"1298976","text":"there's a short term and there's a long term aspect to the fuel crisis","type":"I","timestamp":"2023-11-09 12:53:58"},{"nodeID":"1298977","text":"Steve Reed: There's a short term and there's a long term aspect to this","type":"L","timestamp":"2023-11-09 12:53:58"},{"nodeID":"1298978","text":"Analysing","type":"YA","timestamp":"2023-11-09 12:53:58"},{"nodeID":"1298979","text":"Kyle: Steve Reed: There's a short term and there's a long term aspect to this","type":"L","timestamp":"2023-11-09 12:53:58"},{"nodeID":"1298980","text":"Asserting","type":"YA","timestamp":"2023-11-09 12:53:58"},{"nodeID":"1298981","text":"Default Transition","type":"TA","timestamp":"2023-11-09 12:53:58"},{"nodeID":"1298982","text":"short term people are really hurting right now","type":"I","timestamp":"2023-11-09 12:53:59"},{"nodeID":"1298983","text":"Steve Reed:  Short term people are really hurting right now","type":"L","timestamp":"2023-11-09 12:53:59"},{"nodeID":"1298984","text":"Analysing","type":"YA","timestamp":"2023-11-09 12:53:59"},{"nodeID":"1298985","text":"Kyle: Steve Reed:  Short term people are really hurting right now","type":"L","timestamp":"2023-11-09 12:53:59"},{"nodeID":"1298986","text":"Asserting","type":"YA","timestamp":"2023-11-09 12:53:59"},{"nodeID":"1298987","text":"Default Transition","type":"TA","timestamp":"2023-11-09 12:53:59"},{"nodeID":"1298988","text":"Steve Reed has genuinely got constituents who cannot afford to put food on the table","type":"I","timestamp":"2023-11-09 12:53:59"},{"nodeID":"1298989","text":"Steve Reed: I've genuinely got constituents who cannot afford to put food on the table","type":"L","timestamp":"2023-11-09 12:53:59"},{"nodeID":"1298990","text":"Analysing","type":"YA","timestamp":"2023-11-09 12:54:00"},{"nodeID":"1298991","text":"Kyle: Steve Reed: I've genuinely got constituents who cannot afford to put food on the table","type":"L","timestamp":"2023-11-09 12:54:00"},{"nodeID":"1298992","text":"Asserting","type":"YA","timestamp":"2023-11-09 12:54:00"},{"nodeID":"1298993","text":"Default Transition","type":"TA","timestamp":"2023-11-09 12:54:00"},{"nodeID":"1298994","text":"Default Inference","type":"RA","timestamp":"2023-11-09 12:54:00"},{"nodeID":"1298995","text":"Arguing","type":"YA","timestamp":"2023-11-09 12:54:00"},{"nodeID":"1298996","text":"Zanny Minton Beddoes started off by saying we should help those who cannot put food on the table","type":"I","timestamp":"2023-11-09 12:54:00"},{"nodeID":"1298997","text":"Zanny Minton Beddoes: I started off by saying we should help them","type":"L","timestamp":"2023-11-09 12:54:00"},{"nodeID":"1298998","text":"Analysing","type":"YA","timestamp":"2023-11-09 12:54:00"},{"nodeID":"1298999","text":"Kyle: Zanny Minton Beddoes: I started off by saying we should help them","type":"L","timestamp":"2023-11-09 12:54:00"},{"nodeID":"1299000","text":"Asserting","type":"YA","timestamp":"2023-11-09 12:54:00"},{"nodeID":"1299001","text":"Default Transition","type":"TA","timestamp":"2023-11-09 12:54:00"},{"nodeID":"1299002","text":"Default Conflict","type":"CA","timestamp":"2023-11-09 12:54:00"},{"nodeID":"1299003","text":"Disagreeing","type":"YA","timestamp":"2023-11-09 12:54:00"}],"edges":[{"edgeID":"1707043","fromID":"1298890","toID":"1298889","formEdgeID":null},{"edgeID":"1707044","fromID":"1298891","toID":"1298890","formEdgeID":null},{"edgeID":"1707045","fromID":"1298889","toID":"1298892","formEdgeID":null},{"edgeID":"1707046","fromID":"1298892","toID":"1298888","formEdgeID":null},{"edgeID":"1707047","fromID":"1298895","toID":"1298894","formEdgeID":null},{"edgeID":"1707048","fromID":"1298896","toID":"1298895","formEdgeID":null},{"edgeID":"1707049","fromID":"1298894","toID":"1298897","formEdgeID":null},{"edgeID":"1707050","fromID":"1298897","toID":"1298893","formEdgeID":null},{"edgeID":"1707051","fromID":"1298889","toID":"1298898","formEdgeID":null},{"edgeID":"1707052","fromID":"1298898","toID":"1298894","formEdgeID":null},{"edgeID":"1707053","fromID":"1298893","toID":"1298899","formEdgeID":null},{"edgeID":"1707054","fromID":"1298899","toID":"1298888","formEdgeID":null},{"edgeID":"1707055","fromID":"1298898","toID":"1298900","formEdgeID":null},{"edgeID":"1707056","fromID":"1298900","toID":"1298899","formEdgeID":null},{"edgeID":"1707057","fromID":"1298903","toID":"1298902","formEdgeID":null},{"edgeID":"1707058","fromID":"1298904","toID":"1298903","formEdgeID":null},{"edgeID":"1707059","fromID":"1298902","toID":"1298905","formEdgeID":null},{"edgeID":"1707060","fromID":"1298905","toID":"1298901","formEdgeID":null},{"edgeID":"1707061","fromID":"1298894","toID":"1298906","formEdgeID":null},{"edgeID":"1707062","fromID":"1298906","toID":"1298902","formEdgeID":null},{"edgeID":"1707063","fromID":"1298909","toID":"1298908","formEdgeID":null},{"edgeID":"1707064","fromID":"1298910","toID":"1298909","formEdgeID":null},{"edgeID":"1707065","fromID":"1298908","toID":"1298911","formEdgeID":null},{"edgeID":"1707066","fromID":"1298911","toID":"1298907","formEdgeID":null},{"edgeID":"1707067","fromID":"1298902","toID":"1298912","formEdgeID":null},{"edgeID":"1707068","fromID":"1298912","toID":"1298908","formEdgeID":null},{"edgeID":"1707069","fromID":"1298907","toID":"1298913","formEdgeID":null},{"edgeID":"1707070","fromID":"1298913","toID":"1298901","formEdgeID":null},{"edgeID":"1707071","fromID":"1298912","toID":"1298914","formEdgeID":null},{"edgeID":"1707072","fromID":"1298914","toID":"1298913","formEdgeID":null},{"edgeID":"1707073","fromID":"1298917","toID":"1298916","formEdgeID":null},{"edgeID":"1707074","fromID":"1298918","toID":"1298917","formEdgeID":null},{"edgeID":"1707075","fromID":"1298916","toID":"1298919","formEdgeID":null},{"edgeID":"1707076","fromID":"1298919","toID":"1298915","formEdgeID":null},{"edgeID":"1707077","fromID":"1298908","toID":"1298920","formEdgeID":null},{"edgeID":"1707078","fromID":"1298920","toID":"1298916","formEdgeID":null},{"edgeID":"1707079","fromID":"1298923","toID":"1298922","formEdgeID":null},{"edgeID":"1707080","fromID":"1298924","toID":"1298923","formEdgeID":null},{"edgeID":"1707081","fromID":"1298922","toID":"1298925","formEdgeID":null},{"edgeID":"1707082","fromID":"1298925","toID":"1298921","formEdgeID":null},{"edgeID":"1707083","fromID":"1298916","toID":"1298926","formEdgeID":null},{"edgeID":"1707084","fromID":"1298926","toID":"1298922","formEdgeID":null},{"edgeID":"1707085","fromID":"1298929","toID":"1298928","formEdgeID":null},{"edgeID":"1707086","fromID":"1298930","toID":"1298929","formEdgeID":null},{"edgeID":"1707087","fromID":"1298928","toID":"1298931","formEdgeID":null},{"edgeID":"1707088","fromID":"1298931","toID":"1298927","formEdgeID":null},{"edgeID":"1707089","fromID":"1298934","toID":"1298933","formEdgeID":null},{"edgeID":"1707090","fromID":"1298935","toID":"1298934","formEdgeID":null},{"edgeID":"1707091","fromID":"1298933","toID":"1298936","formEdgeID":null},{"edgeID":"1707092","fromID":"1298936","toID":"1298932","formEdgeID":null},{"edgeID":"1707093","fromID":"1298928","toID":"1298937","formEdgeID":null},{"edgeID":"1707094","fromID":"1298937","toID":"1298933","formEdgeID":null},{"edgeID":"1707095","fromID":"1298932","toID":"1298938","formEdgeID":null},{"edgeID":"1707096","fromID":"1298938","toID":"1298927","formEdgeID":null},{"edgeID":"1707097","fromID":"1298937","toID":"1298939","formEdgeID":null},{"edgeID":"1707098","fromID":"1298939","toID":"1298938","formEdgeID":null},{"edgeID":"1707099","fromID":"1298921","toID":"1298940","formEdgeID":null},{"edgeID":"1707100","fromID":"1298940","toID":"1298915","formEdgeID":null},{"edgeID":"1707101","fromID":"1298927","toID":"1298940","formEdgeID":null},{"edgeID":"1707102","fromID":"1298916","toID":"1298941","formEdgeID":null},{"edgeID":"1707103","fromID":"1298941","toID":"1298928","formEdgeID":null},{"edgeID":"1707104","fromID":"1298941","toID":"1298942","formEdgeID":null},{"edgeID":"1707105","fromID":"1298942","toID":"1298940","formEdgeID":null},{"edgeID":"1707106","fromID":"1298945","toID":"1298944","formEdgeID":null},{"edgeID":"1707107","fromID":"1298946","toID":"1298945","formEdgeID":null},{"edgeID":"1707108","fromID":"1298944","toID":"1298947","formEdgeID":null},{"edgeID":"1707109","fromID":"1298947","toID":"1298943","formEdgeID":null},{"edgeID":"1707110","fromID":"1298943","toID":"1298948","formEdgeID":null},{"edgeID":"1707111","fromID":"1298948","toID":"1298921","formEdgeID":null},{"edgeID":"1707112","fromID":"1298922","toID":"1298949","formEdgeID":null},{"edgeID":"1707113","fromID":"1298949","toID":"1298944","formEdgeID":null},{"edgeID":"1707114","fromID":"1298949","toID":"1298950","formEdgeID":null},{"edgeID":"1707115","fromID":"1298950","toID":"1298948","formEdgeID":null},{"edgeID":"1707116","fromID":"1298953","toID":"1298952","formEdgeID":null},{"edgeID":"1707117","fromID":"1298954","toID":"1298953","formEdgeID":null},{"edgeID":"1707118","fromID":"1298952","toID":"1298955","formEdgeID":null},{"edgeID":"1707119","fromID":"1298955","toID":"1298951","formEdgeID":null},{"edgeID":"1707120","fromID":"1298944","toID":"1298956","formEdgeID":null},{"edgeID":"1707121","fromID":"1298956","toID":"1298952","formEdgeID":null},{"edgeID":"1707122","fromID":"1298951","toID":"1298957","formEdgeID":null},{"edgeID":"1707123","fromID":"1298957","toID":"1298943","formEdgeID":null},{"edgeID":"1707124","fromID":"1298956","toID":"1298958","formEdgeID":null},{"edgeID":"1707125","fromID":"1298958","toID":"1298957","formEdgeID":null},{"edgeID":"1707126","fromID":"1298960","toID":"1298959","formEdgeID":null},{"edgeID":"1707127","fromID":"1298961","toID":"1298960","formEdgeID":null},{"edgeID":"1707128","fromID":"1298959","toID":"1298962","formEdgeID":null},{"edgeID":"1707129","fromID":"1298962","toID":"1298951","formEdgeID":null},{"edgeID":"1707130","fromID":"1298964","toID":"1298963","formEdgeID":null},{"edgeID":"1707131","fromID":"1298965","toID":"1298964","formEdgeID":null},{"edgeID":"1707132","fromID":"1298963","toID":"1298966","formEdgeID":null},{"edgeID":"1707133","fromID":"1298966","toID":"1298951","formEdgeID":null},{"edgeID":"1707134","fromID":"1298951","toID":"1298967","formEdgeID":null},{"edgeID":"1707135","fromID":"1298967","toID":"1298951","formEdgeID":null},{"edgeID":"1707136","fromID":"1298952","toID":"1298968","formEdgeID":null},{"edgeID":"1707137","fromID":"1298968","toID":"1298959","formEdgeID":null},{"edgeID":"1707138","fromID":"1298959","toID":"1298969","formEdgeID":null},{"edgeID":"1707139","fromID":"1298969","toID":"1298963","formEdgeID":null},{"edgeID":"1707140","fromID":"1298969","toID":"1298970","formEdgeID":null},{"edgeID":"1707141","fromID":"1298970","toID":"1298967","formEdgeID":null},{"edgeID":"1707142","fromID":"1298972","toID":"1298971","formEdgeID":null},{"edgeID":"1707143","fromID":"1298973","toID":"1298972","formEdgeID":null},{"edgeID":"1707144","fromID":"1298963","toID":"1298974","formEdgeID":null},{"edgeID":"1707145","fromID":"1298974","toID":"1298971","formEdgeID":null},{"edgeID":"1707146","fromID":"1298971","toID":"1298975","formEdgeID":null},{"edgeID":"1707147","fromID":"1298975","toID":"1298951","formEdgeID":null},{"edgeID":"1707148","fromID":"1298978","toID":"1298977","formEdgeID":null},{"edgeID":"1707149","fromID":"1298979","toID":"1298978","formEdgeID":null},{"edgeID":"1707150","fromID":"1298977","toID":"1298980","formEdgeID":null},{"edgeID":"1707151","fromID":"1298980","toID":"1298976","formEdgeID":null},{"edgeID":"1707152","fromID":"1298971","toID":"1298981","formEdgeID":null},{"edgeID":"1707153","fromID":"1298981","toID":"1298977","formEdgeID":null},{"edgeID":"1707154","fromID":"1298984","toID":"1298983","formEdgeID":null},{"edgeID":"1707155","fromID":"1298985","toID":"1298984","formEdgeID":null},{"edgeID":"1707156","fromID":"1298983","toID":"1298986","formEdgeID":null},{"edgeID":"1707157","fromID":"1298986","toID":"1298982","formEdgeID":null},{"edgeID":"1707158","fromID":"1298977","toID":"1298987","formEdgeID":null},{"edgeID":"1707159","fromID":"1298987","toID":"1298983","formEdgeID":null},{"edgeID":"1707160","fromID":"1298990","toID":"1298989","formEdgeID":null},{"edgeID":"1707161","fromID":"1298991","toID":"1298990","formEdgeID":null},{"edgeID":"1707162","fromID":"1298989","toID":"1298992","formEdgeID":null},{"edgeID":"1707163","fromID":"1298992","toID":"1298988","formEdgeID":null},{"edgeID":"1707164","fromID":"1298983","toID":"1298993","formEdgeID":null},{"edgeID":"1707165","fromID":"1298993","toID":"1298989","formEdgeID":null},{"edgeID":"1707166","fromID":"1298988","toID":"1298994","formEdgeID":null},{"edgeID":"1707167","fromID":"1298994","toID":"1298982","formEdgeID":null},{"edgeID":"1707168","fromID":"1298993","toID":"1298995","formEdgeID":null},{"edgeID":"1707169","fromID":"1298995","toID":"1298994","formEdgeID":null},{"edgeID":"1707170","fromID":"1298998","toID":"1298997","formEdgeID":null},{"edgeID":"1707171","fromID":"1298999","toID":"1298998","formEdgeID":null},{"edgeID":"1707172","fromID":"1298997","toID":"1299000","formEdgeID":null},{"edgeID":"1707173","fromID":"1299000","toID":"1298996","formEdgeID":null},{"edgeID":"1707174","fromID":"1298989","toID":"1299001","formEdgeID":null},{"edgeID":"1707175","fromID":"1299001","toID":"1298997","formEdgeID":null},{"edgeID":"1707176","fromID":"1298996","toID":"1299002","formEdgeID":null},{"edgeID":"1707177","fromID":"1299002","toID":"1298988","formEdgeID":null},{"edgeID":"1707178","fromID":"1299001","toID":"1299003","formEdgeID":null},{"edgeID":"1707179","fromID":"1299003","toID":"1299002","formEdgeID":null}],"locutions":[]}