{"nodes":[{"nodeID":"1300361","text":"there are many countries which are being rather quiet on the war in Ukraine and not taking sides","type":"I","timestamp":"2023-11-09 12:55:53"},{"nodeID":"1300362","text":"AudienceMember 20220310QT22: There are many countries which are being rather quiet on this and not taking sides","type":"L","timestamp":"2023-11-09 12:55:53"},{"nodeID":"1300363","text":"Analysing","type":"YA","timestamp":"2023-11-09 12:55:53"},{"nodeID":"1300364","text":"Anna : AudienceMember 20220310QT22: There are many countries which are being rather quiet on this and not taking sides","type":"L","timestamp":"2023-11-09 12:55:53"},{"nodeID":"1300365","text":"Asserting","type":"YA","timestamp":"2023-11-09 12:55:53"},{"nodeID":"1300366","text":"we should be putting pressure on countries that did not take sides to help us close the gap on Putin","type":"I","timestamp":"2023-11-09 12:55:53"},{"nodeID":"1300367","text":"AudienceMember 20220310QT22: Should we not be putting pressure on them to help us close the gap on Putin?","type":"L","timestamp":"2023-11-09 12:55:53"},{"nodeID":"1300368","text":"Analysing","type":"YA","timestamp":"2023-11-09 12:55:53"},{"nodeID":"1300369","text":"Anna : AudienceMember 20220310QT22: Should we not be putting pressure on them to help us close the gap on Putin?","type":"L","timestamp":"2023-11-09 12:55:53"},{"nodeID":"1300370","text":"Assertive Questioning","type":"YA","timestamp":"2023-11-09 12:55:53"},{"nodeID":"1300371","text":"xxx is who AudienceMember 20220310QT22 is referring to","type":"I","timestamp":"2023-11-09 12:55:54"},{"nodeID":"1300372","text":"Victoria Derbyshire: Like who?","type":"L","timestamp":"2023-11-09 12:55:54"},{"nodeID":"1300373","text":"Analysing","type":"YA","timestamp":"2023-11-09 12:55:54"},{"nodeID":"1300374","text":"Anna : Victoria Derbyshire: Like who?","type":"L","timestamp":"2023-11-09 12:55:54"},{"nodeID":"1300375","text":"Pure Questioning","type":"YA","timestamp":"2023-11-09 12:55:54"},{"nodeID":"1300376","text":"xxx are the countries AudienceMember 20220310QT22 is referring to","type":"I","timestamp":"2023-11-09 12:55:55"},{"nodeID":"1300377","text":"Victoria Derbyshire:  Which countries?","type":"L","timestamp":"2023-11-09 12:55:55"},{"nodeID":"1300378","text":"Analysing","type":"YA","timestamp":"2023-11-09 12:55:55"},{"nodeID":"1300379","text":"Anna : Victoria Derbyshire:  Which countries?","type":"L","timestamp":"2023-11-09 12:55:55"},{"nodeID":"1300380","text":"Pure Questioning","type":"YA","timestamp":"2023-11-09 12:55:55"},{"nodeID":"1300381","text":"AudienceMember 20220310QT24 would like to see his Government put more pressure on the UK businesses like Marks and Spencers that still have franchises out in Russia, KFC, places like that","type":"I","timestamp":"2023-11-09 12:55:55"},{"nodeID":"1300382","text":"AudienceMember 20220310QT24: I'd like to see my Government put more pressure on the UK businesses like Marks and Spencers that still have franchises out in Russia, KFC, places like that","type":"L","timestamp":"2023-11-09 12:55:55"},{"nodeID":"1300383","text":"Analysing","type":"YA","timestamp":"2023-11-09 12:55:55"},{"nodeID":"1300384","text":"Anna : AudienceMember 20220310QT24: I'd like to see my Government put more pressure on the UK businesses like Marks and Spencers that still have franchises out in Russia, KFC, places like that","type":"L","timestamp":"2023-11-09 12:55:55"},{"nodeID":"1300385","text":"Asserting","type":"YA","timestamp":"2023-11-09 12:55:55"},{"nodeID":"1300386","text":"you need to put more pressure on them to stop them and close them down over in Russia","type":"I","timestamp":"2023-11-09 12:55:56"},{"nodeID":"1300387","text":"AudienceMember 20220310QT24:  You need to put more pressure on them to stop them and close them down over in Russia","type":"L","timestamp":"2023-11-09 12:55:56"},{"nodeID":"1300388","text":"Analysing","type":"YA","timestamp":"2023-11-09 12:55:56"},{"nodeID":"1300389","text":"Anna : AudienceMember 20220310QT24:  You need to put more pressure on them to stop them and close them down over in Russia","type":"L","timestamp":"2023-11-09 12:55:56"},{"nodeID":"1300390","text":"Asserting","type":"YA","timestamp":"2023-11-09 12:55:56"},{"nodeID":"1300391","text":"businesses who are operating in Russia are still funding this war","type":"I","timestamp":"2023-11-09 12:55:56"},{"nodeID":"1300392","text":"AudienceMember 20220310QT24:  they're still funding this war","type":"L","timestamp":"2023-11-09 12:55:56"},{"nodeID":"1300393","text":"Analysing","type":"YA","timestamp":"2023-11-09 12:55:56"},{"nodeID":"1300394","text":"Anna : AudienceMember 20220310QT24: because they're still funding this war","type":"L","timestamp":"2023-11-09 12:55:56"},{"nodeID":"1300395","text":"Asserting","type":"YA","timestamp":"2023-11-09 12:55:56"},{"nodeID":"1300396","text":"the franchise agreements they say prevent them closing down those outlets in Russia","type":"I","timestamp":"2023-11-09 12:55:57"},{"nodeID":"1300397","text":"Victoria Derbyshire: I mean the franchise agreements they say prevent them closing down those outlets in Russia","type":"L","timestamp":"2023-11-09 12:55:57"},{"nodeID":"1300398","text":"Analysing","type":"YA","timestamp":"2023-11-09 12:55:57"},{"nodeID":"1300399","text":"Anna : Victoria Derbyshire: I mean the franchise agreements they say prevent them closing down those outlets in Russia","type":"L","timestamp":"2023-11-09 12:55:57"},{"nodeID":"1300400","text":"Asserting","type":"YA","timestamp":"2023-11-09 12:55:57"},{"nodeID":"1300401","text":"Default Transition","type":"TA","timestamp":"2023-11-09 12:55:57"},{"nodeID":"1300402","text":"Default Transition","type":"TA","timestamp":"2023-11-09 12:55:57"},{"nodeID":"1300403","text":"Default Transition","type":"TA","timestamp":"2023-11-09 12:55:57"},{"nodeID":"1300404","text":"Default Rephrase","type":"MA","timestamp":"2023-11-09 12:55:57"},{"nodeID":"1300405","text":"Restating","type":"YA","timestamp":"2023-11-09 12:55:57"},{"nodeID":"1300406","text":"India for example","type":"I","timestamp":"2023-11-09 12:55:57"},{"nodeID":"1300407","text":"AudienceMember 20220310QT23: Well India for example","type":"L","timestamp":"2023-11-09 12:55:57"},{"nodeID":"1300408","text":"Analysing","type":"YA","timestamp":"2023-11-09 12:55:57"},{"nodeID":"1300409","text":"Anna : AudienceMember 20220310QT23: Well India for example","type":"L","timestamp":"2023-11-09 12:55:57"},{"nodeID":"1300410","text":"Asserting","type":"YA","timestamp":"2023-11-09 12:55:57"},{"nodeID":"1300411","text":"Default Transition","type":"TA","timestamp":"2023-11-09 12:55:57"},{"nodeID":"1300412","text":"Default Rephrase","type":"MA","timestamp":"2023-11-09 12:55:57"},{"nodeID":"1300413","text":"Default Illocuting","type":"YA","timestamp":"2023-11-09 12:55:57"},{"nodeID":"1300414","text":"Default Transition","type":"TA","timestamp":"2023-11-09 12:55:57"},{"nodeID":"1300415","text":"Default Rephrase","type":"MA","timestamp":"2023-11-09 12:55:57"},{"nodeID":"1300416","text":"Default Transition","type":"TA","timestamp":"2023-11-09 12:55:57"},{"nodeID":"1300417","text":"Restating","type":"YA","timestamp":"2023-11-09 12:55:57"},{"nodeID":"1300418","text":"Default Inference","type":"RA","timestamp":"2023-11-09 12:55:57"},{"nodeID":"1300419","text":"Default Transition","type":"TA","timestamp":"2023-11-09 12:55:57"},{"nodeID":"1300420","text":"Arguing","type":"YA","timestamp":"2023-11-09 12:55:57"},{"nodeID":"1300421","text":"Default Transition","type":"TA","timestamp":"2023-11-09 12:55:57"},{"nodeID":"1300422","text":"Default Conflict","type":"CA","timestamp":"2023-11-09 12:55:57"},{"nodeID":"1300423","text":"Disagreeing","type":"YA","timestamp":"2023-11-09 12:55:57"},{"nodeID":"1300424","text":"Default Rephrase","type":"MA","timestamp":"2023-11-09 12:55:57"},{"nodeID":"1300425","text":"Restating","type":"YA","timestamp":"2023-11-09 12:55:57"}],"edges":[{"edgeID":"1708772","fromID":"1300363","toID":"1300362","formEdgeID":null},{"edgeID":"1708773","fromID":"1300364","toID":"1300363","formEdgeID":null},{"edgeID":"1708774","fromID":"1300362","toID":"1300365","formEdgeID":null},{"edgeID":"1708775","fromID":"1300365","toID":"1300361","formEdgeID":null},{"edgeID":"1708776","fromID":"1300368","toID":"1300367","formEdgeID":null},{"edgeID":"1708777","fromID":"1300369","toID":"1300368","formEdgeID":null},{"edgeID":"1708778","fromID":"1300367","toID":"1300370","formEdgeID":null},{"edgeID":"1708779","fromID":"1300370","toID":"1300366","formEdgeID":null},{"edgeID":"1708780","fromID":"1300373","toID":"1300372","formEdgeID":null},{"edgeID":"1708781","fromID":"1300374","toID":"1300373","formEdgeID":null},{"edgeID":"1708782","fromID":"1300372","toID":"1300375","formEdgeID":null},{"edgeID":"1708783","fromID":"1300375","toID":"1300371","formEdgeID":null},{"edgeID":"1708784","fromID":"1300378","toID":"1300377","formEdgeID":null},{"edgeID":"1708785","fromID":"1300379","toID":"1300378","formEdgeID":null},{"edgeID":"1708786","fromID":"1300377","toID":"1300380","formEdgeID":null},{"edgeID":"1708787","fromID":"1300380","toID":"1300376","formEdgeID":null},{"edgeID":"1708788","fromID":"1300383","toID":"1300382","formEdgeID":null},{"edgeID":"1708789","fromID":"1300384","toID":"1300383","formEdgeID":null},{"edgeID":"1708790","fromID":"1300382","toID":"1300385","formEdgeID":null},{"edgeID":"1708791","fromID":"1300385","toID":"1300381","formEdgeID":null},{"edgeID":"1708792","fromID":"1300388","toID":"1300387","formEdgeID":null},{"edgeID":"1708793","fromID":"1300389","toID":"1300388","formEdgeID":null},{"edgeID":"1708794","fromID":"1300387","toID":"1300390","formEdgeID":null},{"edgeID":"1708795","fromID":"1300390","toID":"1300386","formEdgeID":null},{"edgeID":"1708796","fromID":"1300393","toID":"1300392","formEdgeID":null},{"edgeID":"1708797","fromID":"1300394","toID":"1300393","formEdgeID":null},{"edgeID":"1708798","fromID":"1300392","toID":"1300395","formEdgeID":null},{"edgeID":"1708799","fromID":"1300395","toID":"1300391","formEdgeID":null},{"edgeID":"1708800","fromID":"1300398","toID":"1300397","formEdgeID":null},{"edgeID":"1708801","fromID":"1300399","toID":"1300398","formEdgeID":null},{"edgeID":"1708802","fromID":"1300397","toID":"1300400","formEdgeID":null},{"edgeID":"1708803","fromID":"1300400","toID":"1300396","formEdgeID":null},{"edgeID":"1708804","fromID":"1300362","toID":"1300401","formEdgeID":null},{"edgeID":"1708805","fromID":"1300401","toID":"1300367","formEdgeID":null},{"edgeID":"1708806","fromID":"1300367","toID":"1300402","formEdgeID":null},{"edgeID":"1708807","fromID":"1300402","toID":"1300372","formEdgeID":null},{"edgeID":"1708808","fromID":"1300372","toID":"1300403","formEdgeID":null},{"edgeID":"1708809","fromID":"1300403","toID":"1300377","formEdgeID":null},{"edgeID":"1708810","fromID":"1300376","toID":"1300404","formEdgeID":null},{"edgeID":"1708811","fromID":"1300404","toID":"1300371","formEdgeID":null},{"edgeID":"1708812","fromID":"1300403","toID":"1300405","formEdgeID":null},{"edgeID":"1708813","fromID":"1300405","toID":"1300404","formEdgeID":null},{"edgeID":"1708814","fromID":"1300408","toID":"1300407","formEdgeID":null},{"edgeID":"1708815","fromID":"1300409","toID":"1300408","formEdgeID":null},{"edgeID":"1708816","fromID":"1300407","toID":"1300410","formEdgeID":null},{"edgeID":"1708817","fromID":"1300410","toID":"1300406","formEdgeID":null},{"edgeID":"1708818","fromID":"1300377","toID":"1300411","formEdgeID":null},{"edgeID":"1708819","fromID":"1300411","toID":"1300407","formEdgeID":null},{"edgeID":"1708820","fromID":"1300406","toID":"1300412","formEdgeID":null},{"edgeID":"1708821","fromID":"1300412","toID":"1300376","formEdgeID":null},{"edgeID":"1708822","fromID":"1300411","toID":"1300413","formEdgeID":null},{"edgeID":"1708823","fromID":"1300413","toID":"1300412","formEdgeID":null},{"edgeID":"1708824","fromID":"1300407","toID":"1300414","formEdgeID":null},{"edgeID":"1708825","fromID":"1300414","toID":"1300382","formEdgeID":null},{"edgeID":"1708826","fromID":"1300386","toID":"1300415","formEdgeID":null},{"edgeID":"1708827","fromID":"1300415","toID":"1300381","formEdgeID":null},{"edgeID":"1708828","fromID":"1300382","toID":"1300416","formEdgeID":null},{"edgeID":"1708829","fromID":"1300416","toID":"1300387","formEdgeID":null},{"edgeID":"1708830","fromID":"1300416","toID":"1300417","formEdgeID":null},{"edgeID":"1708831","fromID":"1300417","toID":"1300415","formEdgeID":null},{"edgeID":"1708832","fromID":"1300391","toID":"1300418","formEdgeID":null},{"edgeID":"1708833","fromID":"1300418","toID":"1300386","formEdgeID":null},{"edgeID":"1708834","fromID":"1300387","toID":"1300419","formEdgeID":null},{"edgeID":"1708835","fromID":"1300419","toID":"1300392","formEdgeID":null},{"edgeID":"1708836","fromID":"1300419","toID":"1300420","formEdgeID":null},{"edgeID":"1708837","fromID":"1300420","toID":"1300418","formEdgeID":null},{"edgeID":"1708838","fromID":"1300387","toID":"1300421","formEdgeID":null},{"edgeID":"1708839","fromID":"1300421","toID":"1300397","formEdgeID":null},{"edgeID":"1708840","fromID":"1300396","toID":"1300422","formEdgeID":null},{"edgeID":"1708841","fromID":"1300422","toID":"1300386","formEdgeID":null},{"edgeID":"1708842","fromID":"1300421","toID":"1300423","formEdgeID":null},{"edgeID":"1708843","fromID":"1300423","toID":"1300422","formEdgeID":null},{"edgeID":"1708844","fromID":"1300366","toID":"1300424","formEdgeID":null},{"edgeID":"1708845","fromID":"1300424","toID":"1300361","formEdgeID":null},{"edgeID":"1708846","fromID":"1300401","toID":"1300425","formEdgeID":null},{"edgeID":"1708847","fromID":"1300425","toID":"1300424","formEdgeID":null}],"locutions":[]}