{"nodes":[{"nodeID":"1144915","text":"there weren't any parties, oh, then there were, but they weren't parties, but Boris Johnson wasn't at them, but it turns out Boris Johnson was","type":"I","timestamp":"2023-04-20 10:10:40"},{"nodeID":"1144917","text":"Boris Johnson has been treating us as fools and he thinks that just saying sorry is good enough","type":"I","timestamp":"2023-04-20 10:10:41"},{"nodeID":"1144919","text":"Boris Johnson thinks he can get away with treating us as fools","type":"I","timestamp":"2023-04-20 10:10:43"},{"nodeID":"1144922","text":"Julia Hartley-Brewer thinks the audience tonight tells us the heat hasn't gone out of the Boris party scandal","type":"I","timestamp":"2023-04-20 10:10:46"},{"nodeID":"1153691","text":"anyone who knows Julia Hartley-Brewer would know she is not someone who starts from an 'anti-Boris Johnson' stance for very different reasons","type":"I","timestamp":"2023-04-21 13:34:02"},{"nodeID":"1153704","text":"apologies are not good enough as Julia Hartley-Brewer believes we are not as gullible as his various wives and mistresses over the years","type":"I","timestamp":"2023-04-21 13:34:11"},{"nodeID":"1153719","text":"Julia Hartley-Brewer had so many Tory MPs on my radio show who tell her that the heat has gone out of the Boris party scandal","type":"I","timestamp":"2023-04-21 13:34:16"},{"nodeID":"1153725","text":"this is not just about people missing funerals or missing being with their loved ones the Boris party scandal is about much more than that","type":"I","timestamp":"2023-04-21 13:34:18"},{"nodeID":"1153729","text":"the Boris party scandal is more about fundamentally taking away our civil liberties and we were told it was because it was saving lives","type":"I","timestamp":"2023-04-21 13:34:21"},{"nodeID":"1153741","text":"the heat from the Boris party scandal hasn't gone out for Julia Hartley-Brewer","type":"I","timestamp":"2023-04-21 13:34:25"},{"nodeID":"1302124","text":"Julia Hartley-Brewer: Anyone who knows me would know I'm not someone who starts from an anti-Boris stance for very different reasons","type":"L","timestamp":"2023-11-09 12:58:22"},{"nodeID":"1302125","text":"Analysing","type":"YA","timestamp":"2023-11-09 12:58:22"},{"nodeID":"1302126","text":"Fyfe: Julia Hartley-Brewer: Anyone who knows me would know I'm not someone who starts from an anti-Boris stance for very different reasons","type":"L","timestamp":"2023-11-09 12:58:22"},{"nodeID":"1302127","text":"Asserting","type":"YA","timestamp":"2023-11-09 12:58:22"},{"nodeID":"1302128","text":"Julia Hartley-Brewer: there weren't any parties, oh, then there were, but they weren't parties, but I wasn't at them, but it turns out I was","type":"L","timestamp":"2023-11-09 12:58:23"},{"nodeID":"1302129","text":"Analysing","type":"YA","timestamp":"2023-11-09 12:58:23"},{"nodeID":"1302130","text":"Fyfe: Julia Hartley-Brewer: there weren't any parties, oh, then there were, but they weren't parties, but I wasn't at them, but it turns out I was","type":"L","timestamp":"2023-11-09 12:58:23"},{"nodeID":"1302131","text":"Asserting","type":"YA","timestamp":"2023-11-09 12:58:23"},{"nodeID":"1302132","text":"Default Transition","type":"TA","timestamp":"2023-11-09 12:58:23"},{"nodeID":"1302133","text":"Julia Hartley-Brewer: He's been treating us as fools and he thinks that just saying sorry is good enough","type":"L","timestamp":"2023-11-09 12:58:23"},{"nodeID":"1302134","text":"Analysing","type":"YA","timestamp":"2023-11-09 12:58:23"},{"nodeID":"1302135","text":"Fyfe: Julia Hartley-Brewer: He's been treating us as fools and he thinks that just saying sorry is good enough","type":"L","timestamp":"2023-11-09 12:58:23"},{"nodeID":"1302136","text":"Asserting","type":"YA","timestamp":"2023-11-09 12:58:23"},{"nodeID":"1302137","text":"Default Transition","type":"TA","timestamp":"2023-11-09 12:58:23"},{"nodeID":"1302138","text":"Julia Hartley-Brewer: I'm afraid we're not as gullible as his various wives and mistresses over the years","type":"L","timestamp":"2023-11-09 12:58:24"},{"nodeID":"1302139","text":"Analysing","type":"YA","timestamp":"2023-11-09 12:58:24"},{"nodeID":"1302140","text":"Fyfe: Julia Hartley-Brewer: I'm afraid we're not as gullible as his various wives and mistresses over the years","type":"L","timestamp":"2023-11-09 12:58:24"},{"nodeID":"1302141","text":"Asserting","type":"YA","timestamp":"2023-11-09 12:58:24"},{"nodeID":"1302142","text":"Default Transition","type":"TA","timestamp":"2023-11-09 12:58:24"},{"nodeID":"1302143","text":"Default Rephrase","type":"MA","timestamp":"2023-11-09 12:58:24"},{"nodeID":"1302144","text":"Restating","type":"YA","timestamp":"2023-11-09 12:58:24"},{"nodeID":"1302145","text":"Julia Hartley-Brewer: He thinks he can get away with these things","type":"L","timestamp":"2023-11-09 12:58:25"},{"nodeID":"1302146","text":"Analysing","type":"YA","timestamp":"2023-11-09 12:58:25"},{"nodeID":"1302147","text":"Fyfe: Julia Hartley-Brewer: He thinks he can get away with these things","type":"L","timestamp":"2023-11-09 12:58:25"},{"nodeID":"1302148","text":"Asserting","type":"YA","timestamp":"2023-11-09 12:58:25"},{"nodeID":"1302149","text":"Default Rephrase","type":"MA","timestamp":"2023-11-09 12:58:25"},{"nodeID":"1302150","text":"Default Transition","type":"TA","timestamp":"2023-11-09 12:58:25"},{"nodeID":"1302151","text":"Default Transition","type":"TA","timestamp":"2023-11-09 12:58:25"},{"nodeID":"1302152","text":"Restating","type":"YA","timestamp":"2023-11-09 12:58:25"},{"nodeID":"1302153","text":"Julia Hartley-Brewer: I've had so many Tory MPs on my radio show who tell me that the heat has gone out of this","type":"L","timestamp":"2023-11-09 12:58:25"},{"nodeID":"1302154","text":"Analysing","type":"YA","timestamp":"2023-11-09 12:58:25"},{"nodeID":"1302155","text":"Fyfe: Julia Hartley-Brewer: I've had so many Tory MPs on my radio show who tell me that the heat has gone out of this","type":"L","timestamp":"2023-11-09 12:58:25"},{"nodeID":"1302156","text":"Asserting","type":"YA","timestamp":"2023-11-09 12:58:25"},{"nodeID":"1302157","text":"Default Transition","type":"TA","timestamp":"2023-11-09 12:58:25"},{"nodeID":"1302158","text":"Julia Hartley-Brewer: this is not just about people missing funerals or missing being with their loved ones. It's much more than that","type":"L","timestamp":"2023-11-09 12:58:26"},{"nodeID":"1302159","text":"Analysing","type":"YA","timestamp":"2023-11-09 12:58:26"},{"nodeID":"1302160","text":"Fyfe: Julia Hartley-Brewer: this is not just about people missing funerals or missing being with their loved ones. It's much more than that","type":"L","timestamp":"2023-11-09 12:58:26"},{"nodeID":"1302161","text":"Asserting","type":"YA","timestamp":"2023-11-09 12:58:26"},{"nodeID":"1302162","text":"Julia Hartley-Brewer: It's about fundamentally taking away our civil liberties and we were told it was because it was saving lives","type":"L","timestamp":"2023-11-09 12:58:26"},{"nodeID":"1302163","text":"Analysing","type":"YA","timestamp":"2023-11-09 12:58:26"},{"nodeID":"1302164","text":"Fyfe: Julia Hartley-Brewer: It's about fundamentally taking away our civil liberties and we were told it was because it was saving lives","type":"L","timestamp":"2023-11-09 12:58:26"},{"nodeID":"1302165","text":"Asserting","type":"YA","timestamp":"2023-11-09 12:58:26"},{"nodeID":"1302166","text":"Default Transition","type":"TA","timestamp":"2023-11-09 12:58:26"},{"nodeID":"1302167","text":"Default Rephrase","type":"MA","timestamp":"2023-11-09 12:58:26"},{"nodeID":"1302168","text":"Restating","type":"YA","timestamp":"2023-11-09 12:58:26"},{"nodeID":"1302169","text":"Julia Hartley-Brewer: I think the audience tonight tells us the heat hasn't gone out of it","type":"L","timestamp":"2023-11-09 12:58:27"},{"nodeID":"1302170","text":"Analysing","type":"YA","timestamp":"2023-11-09 12:58:27"},{"nodeID":"1302171","text":"Fyfe: Julia Hartley-Brewer: I think the audience tonight tells us the heat hasn't gone out of it","type":"L","timestamp":"2023-11-09 12:58:27"},{"nodeID":"1302172","text":"Asserting","type":"YA","timestamp":"2023-11-09 12:58:27"},{"nodeID":"1302173","text":"Default Transition","type":"TA","timestamp":"2023-11-09 12:58:27"},{"nodeID":"1302174","text":"Julia Hartley-Brewer: It certainly hasn't for me","type":"L","timestamp":"2023-11-09 12:58:28"},{"nodeID":"1302175","text":"Analysing","type":"YA","timestamp":"2023-11-09 12:58:28"},{"nodeID":"1302176","text":"Fyfe: Julia Hartley-Brewer: It certainly hasn't for me","type":"L","timestamp":"2023-11-09 12:58:28"},{"nodeID":"1302177","text":"Asserting","type":"YA","timestamp":"2023-11-09 12:58:28"},{"nodeID":"1302178","text":"Default Transition","type":"TA","timestamp":"2023-11-09 12:58:28"},{"nodeID":"1302179","text":"Default Inference","type":"RA","timestamp":"2023-11-09 12:58:28"},{"nodeID":"1302180","text":"Default Inference","type":"RA","timestamp":"2023-11-09 12:58:28"},{"nodeID":"1302181","text":"Arguing","type":"YA","timestamp":"2023-11-09 12:58:28"},{"nodeID":"1302182","text":"Arguing","type":"YA","timestamp":"2023-11-09 12:58:28"}],"edges":[{"edgeID":"1710985","fromID":"1302125","toID":"1302124","formEdgeID":null},{"edgeID":"1710986","fromID":"1302126","toID":"1302125","formEdgeID":null},{"edgeID":"1710987","fromID":"1302124","toID":"1302127","formEdgeID":null},{"edgeID":"1710988","fromID":"1302127","toID":"1153691","formEdgeID":null},{"edgeID":"1710989","fromID":"1302129","toID":"1302128","formEdgeID":null},{"edgeID":"1710990","fromID":"1302130","toID":"1302129","formEdgeID":null},{"edgeID":"1710991","fromID":"1302128","toID":"1302131","formEdgeID":null},{"edgeID":"1710992","fromID":"1302131","toID":"1144915","formEdgeID":null},{"edgeID":"1710993","fromID":"1302124","toID":"1302132","formEdgeID":null},{"edgeID":"1710994","fromID":"1302132","toID":"1302128","formEdgeID":null},{"edgeID":"1710995","fromID":"1302134","toID":"1302133","formEdgeID":null},{"edgeID":"1710996","fromID":"1302135","toID":"1302134","formEdgeID":null},{"edgeID":"1710997","fromID":"1302133","toID":"1302136","formEdgeID":null},{"edgeID":"1710998","fromID":"1302136","toID":"1144917","formEdgeID":null},{"edgeID":"1710999","fromID":"1302128","toID":"1302137","formEdgeID":null},{"edgeID":"1711000","fromID":"1302137","toID":"1302133","formEdgeID":null},{"edgeID":"1711001","fromID":"1302139","toID":"1302138","formEdgeID":null},{"edgeID":"1711002","fromID":"1302140","toID":"1302139","formEdgeID":null},{"edgeID":"1711003","fromID":"1302138","toID":"1302141","formEdgeID":null},{"edgeID":"1711004","fromID":"1302141","toID":"1153704","formEdgeID":null},{"edgeID":"1711005","fromID":"1302133","toID":"1302142","formEdgeID":null},{"edgeID":"1711006","fromID":"1302142","toID":"1302138","formEdgeID":null},{"edgeID":"1711007","fromID":"1153704","toID":"1302143","formEdgeID":null},{"edgeID":"1711008","fromID":"1302143","toID":"1144917","formEdgeID":null},{"edgeID":"1711009","fromID":"1302142","toID":"1302144","formEdgeID":null},{"edgeID":"1711010","fromID":"1302144","toID":"1302143","formEdgeID":null},{"edgeID":"1711011","fromID":"1302146","toID":"1302145","formEdgeID":null},{"edgeID":"1711012","fromID":"1302147","toID":"1302146","formEdgeID":null},{"edgeID":"1711013","fromID":"1302145","toID":"1302148","formEdgeID":null},{"edgeID":"1711014","fromID":"1302148","toID":"1144919","formEdgeID":null},{"edgeID":"1711015","fromID":"1144919","toID":"1302149","formEdgeID":null},{"edgeID":"1711016","fromID":"1302149","toID":"1144917","formEdgeID":null},{"edgeID":"1711017","fromID":"1302138","toID":"1302150","formEdgeID":null},{"edgeID":"1711018","fromID":"1302150","toID":"1302145","formEdgeID":null},{"edgeID":"1711019","fromID":"1302133","toID":"1302151","formEdgeID":null},{"edgeID":"1711020","fromID":"1302151","toID":"1302145","formEdgeID":null},{"edgeID":"1711021","fromID":"1302151","toID":"1302152","formEdgeID":null},{"edgeID":"1711022","fromID":"1302152","toID":"1302149","formEdgeID":null},{"edgeID":"1711023","fromID":"1302154","toID":"1302153","formEdgeID":null},{"edgeID":"1711024","fromID":"1302155","toID":"1302154","formEdgeID":null},{"edgeID":"1711025","fromID":"1302153","toID":"1302156","formEdgeID":null},{"edgeID":"1711026","fromID":"1302156","toID":"1153719","formEdgeID":null},{"edgeID":"1711027","fromID":"1302145","toID":"1302157","formEdgeID":null},{"edgeID":"1711028","fromID":"1302157","toID":"1302153","formEdgeID":null},{"edgeID":"1711029","fromID":"1302159","toID":"1302158","formEdgeID":null},{"edgeID":"1711030","fromID":"1302160","toID":"1302159","formEdgeID":null},{"edgeID":"1711031","fromID":"1302158","toID":"1302161","formEdgeID":null},{"edgeID":"1711032","fromID":"1302161","toID":"1153725","formEdgeID":null},{"edgeID":"1711033","fromID":"1302163","toID":"1302162","formEdgeID":null},{"edgeID":"1711034","fromID":"1302164","toID":"1302163","formEdgeID":null},{"edgeID":"1711035","fromID":"1302162","toID":"1302165","formEdgeID":null},{"edgeID":"1711036","fromID":"1302165","toID":"1153729","formEdgeID":null},{"edgeID":"1711037","fromID":"1302158","toID":"1302166","formEdgeID":null},{"edgeID":"1711038","fromID":"1302166","toID":"1302162","formEdgeID":null},{"edgeID":"1711039","fromID":"1153729","toID":"1302167","formEdgeID":null},{"edgeID":"1711040","fromID":"1302167","toID":"1153725","formEdgeID":null},{"edgeID":"1711041","fromID":"1302166","toID":"1302168","formEdgeID":null},{"edgeID":"1711042","fromID":"1302168","toID":"1302167","formEdgeID":null},{"edgeID":"1711043","fromID":"1302170","toID":"1302169","formEdgeID":null},{"edgeID":"1711044","fromID":"1302171","toID":"1302170","formEdgeID":null},{"edgeID":"1711045","fromID":"1302169","toID":"1302172","formEdgeID":null},{"edgeID":"1711046","fromID":"1302172","toID":"1144922","formEdgeID":null},{"edgeID":"1711047","fromID":"1302153","toID":"1302173","formEdgeID":null},{"edgeID":"1711048","fromID":"1302173","toID":"1302169","formEdgeID":null},{"edgeID":"1711049","fromID":"1302175","toID":"1302174","formEdgeID":null},{"edgeID":"1711050","fromID":"1302176","toID":"1302175","formEdgeID":null},{"edgeID":"1711051","fromID":"1302174","toID":"1302177","formEdgeID":null},{"edgeID":"1711052","fromID":"1302177","toID":"1153741","formEdgeID":null},{"edgeID":"1711053","fromID":"1302169","toID":"1302178","formEdgeID":null},{"edgeID":"1711054","fromID":"1302178","toID":"1302174","formEdgeID":null},{"edgeID":"1711055","fromID":"1153741","toID":"1302179","formEdgeID":null},{"edgeID":"1711056","fromID":"1302179","toID":"1144922","formEdgeID":null},{"edgeID":"1711057","fromID":"1144922","toID":"1302180","formEdgeID":null},{"edgeID":"1711058","fromID":"1302180","toID":"1153719","formEdgeID":null},{"edgeID":"1711059","fromID":"1302173","toID":"1302181","formEdgeID":null},{"edgeID":"1711060","fromID":"1302181","toID":"1302180","formEdgeID":null},{"edgeID":"1711061","fromID":"1302178","toID":"1302182","formEdgeID":null},{"edgeID":"1711062","fromID":"1302182","toID":"1302179","formEdgeID":null}],"locutions":[]}