{"nodes":[{"nodeID":"1303385","text":"it's just shocking when you hear the trauma that all these women, the families that have gone through","type":"I","timestamp":"2023-11-09 13:00:11"},{"nodeID":"1303386","text":"Ian Blackford:  I mean it's just shocking when you hear the trauma that all these women, the families that have gone through","type":"L","timestamp":"2023-11-09 13:00:11"},{"nodeID":"1303387","text":"Analysing","type":"YA","timestamp":"2023-11-09 13:00:11"},{"nodeID":"1303388","text":"Anna : Ian Blackford:  I mean it's just shocking when you hear the trauma that all these women, the families that have gone through","type":"L","timestamp":"2023-11-09 13:00:11"},{"nodeID":"1303389","text":"Asserting","type":"YA","timestamp":"2023-11-09 13:00:11"},{"nodeID":"1303390","text":"these kind of things should not be happening in a modern civilised society","type":"I","timestamp":"2023-11-09 13:00:11"},{"nodeID":"1303391","text":"Ian Blackford: and I mean these kind of things should not be happening in a modern civilised society","type":"L","timestamp":"2023-11-09 13:00:11"},{"nodeID":"1303392","text":"Analysing","type":"YA","timestamp":"2023-11-09 13:00:11"},{"nodeID":"1303393","text":"Anna : Ian Blackford: and I mean these kind of things should not be happening in a modern civilised society","type":"L","timestamp":"2023-11-09 13:00:11"},{"nodeID":"1303394","text":"Asserting","type":"YA","timestamp":"2023-11-09 13:00:11"},{"nodeID":"1303395","text":"we absolutely must learn from this","type":"I","timestamp":"2023-11-09 13:00:12"},{"nodeID":"1303396","text":"Ian Blackford: That we absolutely must learn from this","type":"L","timestamp":"2023-11-09 13:00:12"},{"nodeID":"1303397","text":"Analysing","type":"YA","timestamp":"2023-11-09 13:00:12"},{"nodeID":"1303398","text":"Anna : Ian Blackford: That we absolutely must learn from this","type":"L","timestamp":"2023-11-09 13:00:12"},{"nodeID":"1303399","text":"Asserting","type":"YA","timestamp":"2023-11-09 13:00:12"},{"nodeID":"1303400","text":"these are failures of governance","type":"I","timestamp":"2023-11-09 13:00:13"},{"nodeID":"1303401","text":"Ian Blackford: These are failures of governance","type":"L","timestamp":"2023-11-09 13:00:13"},{"nodeID":"1303402","text":"Analysing","type":"YA","timestamp":"2023-11-09 13:00:13"},{"nodeID":"1303403","text":"Anna : Ian Blackford: These are failures of governance","type":"L","timestamp":"2023-11-09 13:00:13"},{"nodeID":"1303404","text":"Asserting","type":"YA","timestamp":"2023-11-09 13:00:13"},{"nodeID":"1303405","text":"we need to ask questions as to what was happening with the leadership in then trust","type":"I","timestamp":"2023-11-09 13:00:13"},{"nodeID":"1303406","text":"Ian Blackford: and we need to ask questions as to what was happening with the leadership in then trust","type":"L","timestamp":"2023-11-09 13:00:13"},{"nodeID":"1303407","text":"Analysing","type":"YA","timestamp":"2023-11-09 13:00:13"},{"nodeID":"1303408","text":"Anna : Ian Blackford: and we need to ask questions as to what was happening with the leadership in then trust","type":"L","timestamp":"2023-11-09 13:00:13"},{"nodeID":"1303409","text":"Asserting","type":"YA","timestamp":"2023-11-09 13:00:13"},{"nodeID":"1303410","text":"we need to ask what was happening in terms of the regulator as well","type":"I","timestamp":"2023-11-09 13:00:14"},{"nodeID":"1303411","text":"Ian Blackford: We need to ask what was happening in terms of the regulator as well","type":"L","timestamp":"2023-11-09 13:00:14"},{"nodeID":"1303412","text":"Analysing","type":"YA","timestamp":"2023-11-09 13:00:14"},{"nodeID":"1303413","text":"Anna : Ian Blackford: We need to ask what was happening in terms of the regulator as well","type":"L","timestamp":"2023-11-09 13:00:14"},{"nodeID":"1303414","text":"Asserting","type":"YA","timestamp":"2023-11-09 13:00:14"},{"nodeID":"1303415","text":"there is no point to us having these reports and this carrying on elsewhere","type":"I","timestamp":"2023-11-09 13:00:15"},{"nodeID":"1303416","text":"Ian Blackford: And there is no point to us having these reports and this carrying on elsewhere","type":"L","timestamp":"2023-11-09 13:00:15"},{"nodeID":"1303417","text":"Analysing","type":"YA","timestamp":"2023-11-09 13:00:15"},{"nodeID":"1303418","text":"Anna : Ian Blackford: And there is no point to us having these reports and this carrying on elsewhere","type":"L","timestamp":"2023-11-09 13:00:15"},{"nodeID":"1303419","text":"Asserting","type":"YA","timestamp":"2023-11-09 13:00:15"},{"nodeID":"1303420","text":"absolutely lessons must be learnt","type":"I","timestamp":"2023-11-09 13:00:15"},{"nodeID":"1303421","text":"Ian Blackford: Absolutely lessons must be learnt","type":"L","timestamp":"2023-11-09 13:00:15"},{"nodeID":"1303422","text":"Analysing","type":"YA","timestamp":"2023-11-09 13:00:15"},{"nodeID":"1303423","text":"Anna : Ian Blackford: Absolutely lessons must be learnt","type":"L","timestamp":"2023-11-09 13:00:15"},{"nodeID":"1303424","text":"Asserting","type":"YA","timestamp":"2023-11-09 13:00:15"},{"nodeID":"1303425","text":"life must be something that we make sure has every chance of being able to be delivered","type":"I","timestamp":"2023-11-09 13:00:16"},{"nodeID":"1303426","text":"Ian Blackford:  Life must be something that we make sure has every chance of being able to be delivered","type":"L","timestamp":"2023-11-09 13:00:16"},{"nodeID":"1303427","text":"Analysing","type":"YA","timestamp":"2023-11-09 13:00:16"},{"nodeID":"1303428","text":"Anna : Ian Blackford:  Life must be something that we make sure has every chance of being able to be delivered","type":"L","timestamp":"2023-11-09 13:00:16"},{"nodeID":"1303429","text":"Asserting","type":"YA","timestamp":"2023-11-09 13:00:16"},{"nodeID":"1303430","text":"to see what these women, what these families have gone through, this can never, ever, ever happen again","type":"I","timestamp":"2023-11-09 13:00:16"},{"nodeID":"1303431","text":"Ian Blackford: and to see what these women, what these families have gone through, this can never, ever, ever happen again","type":"L","timestamp":"2023-11-09 13:00:16"},{"nodeID":"1303432","text":"Analysing","type":"YA","timestamp":"2023-11-09 13:00:16"},{"nodeID":"1303433","text":"Anna : Ian Blackford: and to see what these women, what these families have gone through, this can never, ever, ever happen again","type":"L","timestamp":"2023-11-09 13:00:16"},{"nodeID":"1303434","text":"Asserting","type":"YA","timestamp":"2023-11-09 13:00:16"},{"nodeID":"1303435","text":"let's make sure that we invest correctly in nursing and midwifery","type":"I","timestamp":"2023-11-09 13:00:17"},{"nodeID":"1303436","text":"Ian Blackford: Let's make sure that we invest correctly in nursing and midwifery","type":"L","timestamp":"2023-11-09 13:00:17"},{"nodeID":"1303437","text":"Analysing","type":"YA","timestamp":"2023-11-09 13:00:17"},{"nodeID":"1303438","text":"Anna : Ian Blackford: Let's make sure that we invest correctly in nursing and midwifery","type":"L","timestamp":"2023-11-09 13:00:17"},{"nodeID":"1303439","text":"Asserting","type":"YA","timestamp":"2023-11-09 13:00:17"},{"nodeID":"1303440","text":"let's make sure that we've got the systems that flag up where people are not getting the care and attention that they need","type":"I","timestamp":"2023-11-09 13:00:18"},{"nodeID":"1303441","text":"Ian Blackford:  Let's make sure that we've got the systems that flag up where people are not getting the care and attention that they need","type":"L","timestamp":"2023-11-09 13:00:18"},{"nodeID":"1303442","text":"Analysing","type":"YA","timestamp":"2023-11-09 13:00:18"},{"nodeID":"1303443","text":"Anna : Ian Blackford:  Let's make sure that we've got the systems that flag up where people are not getting the care and attention that they need","type":"L","timestamp":"2023-11-09 13:00:18"},{"nodeID":"1303444","text":"Asserting","type":"YA","timestamp":"2023-11-09 13:00:18"},{"nodeID":"1303445","text":"women need support through pregnancy","type":"I","timestamp":"2023-11-09 13:00:18"},{"nodeID":"1303446","text":"Ian Blackford: Women need support through pregnancy","type":"L","timestamp":"2023-11-09 13:00:18"},{"nodeID":"1303447","text":"Analysing","type":"YA","timestamp":"2023-11-09 13:00:18"},{"nodeID":"1303448","text":"Anna : Ian Blackford: Women need support through pregnancy","type":"L","timestamp":"2023-11-09 13:00:18"},{"nodeID":"1303449","text":"Asserting","type":"YA","timestamp":"2023-11-09 13:00:18"},{"nodeID":"1303450","text":"women need support post-pregnancy as well","type":"I","timestamp":"2023-11-09 13:00:19"},{"nodeID":"1303451","text":"Ian Blackford:  they need support post-pregnancy as well","type":"L","timestamp":"2023-11-09 13:00:19"},{"nodeID":"1303452","text":"Analysing","type":"YA","timestamp":"2023-11-09 13:00:19"},{"nodeID":"1303453","text":"Anna : Ian Blackford:  they need support post-pregnancy as well","type":"L","timestamp":"2023-11-09 13:00:19"},{"nodeID":"1303454","text":"Asserting","type":"YA","timestamp":"2023-11-09 13:00:19"},{"nodeID":"1303455","text":"this must lead to a step change in the support women need","type":"I","timestamp":"2023-11-09 13:00:20"},{"nodeID":"1303456","text":"Ian Blackford: By goodness, this must lead to a step change in the support women need","type":"L","timestamp":"2023-11-09 13:00:20"},{"nodeID":"1303457","text":"Analysing","type":"YA","timestamp":"2023-11-09 13:00:20"},{"nodeID":"1303458","text":"Anna : Ian Blackford: By goodness, this must lead to a step change in the support women need","type":"L","timestamp":"2023-11-09 13:00:20"},{"nodeID":"1303459","text":"Asserting","type":"YA","timestamp":"2023-11-09 13:00:20"},{"nodeID":"1303460","text":"that they can enjoy the childhood that they should expect to see from their young children that they're giving birth to","type":"I","timestamp":"2023-11-09 13:00:20"},{"nodeID":"1303461","text":"Ian Blackford: and that they can enjoy the childhood that they should expect to see from their young children that they're giving birth to","type":"L","timestamp":"2023-11-09 13:00:20"},{"nodeID":"1303462","text":"Analysing","type":"YA","timestamp":"2023-11-09 13:00:20"},{"nodeID":"1303463","text":"Anna : Ian Blackford: and that they can enjoy the childhood that they should expect to see from their young children that they're giving birth to","type":"L","timestamp":"2023-11-09 13:00:20"},{"nodeID":"1303464","text":"Asserting","type":"YA","timestamp":"2023-11-09 13:00:20"},{"nodeID":"1303465","text":"that they can enjoy the childhood that they should expect to see from their young children that they're giving birth to without the fear of this massive loss of life that we've seen in this particular case","type":"I","timestamp":"2023-11-09 13:00:21"},{"nodeID":"1303466","text":"Ian Blackford: Without the fear of this massive loss of life that we've seen in this particular case","type":"L","timestamp":"2023-11-09 13:00:21"},{"nodeID":"1303467","text":"Analysing","type":"YA","timestamp":"2023-11-09 13:00:21"},{"nodeID":"1303468","text":"Anna : Ian Blackford: Without the fear of this massive loss of life that we've seen in this particular case","type":"L","timestamp":"2023-11-09 13:00:21"},{"nodeID":"1303469","text":"Asserting","type":"YA","timestamp":"2023-11-09 13:00:21"},{"nodeID":"1303470","text":"Default Transition","type":"TA","timestamp":"2023-11-09 13:00:21"},{"nodeID":"1303471","text":"Default Transition","type":"TA","timestamp":"2023-11-09 13:00:21"},{"nodeID":"1303472","text":"Default Inference","type":"RA","timestamp":"2023-11-09 13:00:21"},{"nodeID":"1303473","text":"Arguing","type":"YA","timestamp":"2023-11-09 13:00:21"},{"nodeID":"1303474","text":"Default Inference","type":"RA","timestamp":"2023-11-09 13:00:21"},{"nodeID":"1303475","text":"Default Transition","type":"TA","timestamp":"2023-11-09 13:00:21"},{"nodeID":"1303476","text":"Default Transition","type":"TA","timestamp":"2023-11-09 13:00:21"},{"nodeID":"1303477","text":"Arguing","type":"YA","timestamp":"2023-11-09 13:00:21"},{"nodeID":"1303478","text":"Default Inference","type":"RA","timestamp":"2023-11-09 13:00:21"},{"nodeID":"1303479","text":"Default Transition","type":"TA","timestamp":"2023-11-09 13:00:21"},{"nodeID":"1303480","text":"Arguing","type":"YA","timestamp":"2023-11-09 13:00:21"},{"nodeID":"1303481","text":"Default Transition","type":"TA","timestamp":"2023-11-09 13:00:21"},{"nodeID":"1303482","text":"Default Rephrase","type":"MA","timestamp":"2023-11-09 13:00:21"},{"nodeID":"1303483","text":"Default Transition","type":"TA","timestamp":"2023-11-09 13:00:21"},{"nodeID":"1303484","text":"Restating","type":"YA","timestamp":"2023-11-09 13:00:21"},{"nodeID":"1303485","text":"Default Transition","type":"TA","timestamp":"2023-11-09 13:00:21"},{"nodeID":"1303486","text":"Default Rephrase","type":"MA","timestamp":"2023-11-09 13:00:21"},{"nodeID":"1303487","text":"Default Transition","type":"TA","timestamp":"2023-11-09 13:00:21"},{"nodeID":"1303488","text":"Restating","type":"YA","timestamp":"2023-11-09 13:00:21"},{"nodeID":"1303489","text":"Default Transition","type":"TA","timestamp":"2023-11-09 13:00:21"},{"nodeID":"1303490","text":"Default Transition","type":"TA","timestamp":"2023-11-09 13:00:21"},{"nodeID":"1303491","text":"Default Inference","type":"RA","timestamp":"2023-11-09 13:00:21"},{"nodeID":"1303492","text":"Arguing","type":"YA","timestamp":"2023-11-09 13:00:21"},{"nodeID":"1303493","text":"Default Inference","type":"RA","timestamp":"2023-11-09 13:00:21"},{"nodeID":"1303494","text":"Arguing","type":"YA","timestamp":"2023-11-09 13:00:21"},{"nodeID":"1303495","text":"Default Transition","type":"TA","timestamp":"2023-11-09 13:00:21"},{"nodeID":"1303496","text":"Default Rephrase","type":"MA","timestamp":"2023-11-09 13:00:21"},{"nodeID":"1303497","text":"Default Transition","type":"TA","timestamp":"2023-11-09 13:00:21"},{"nodeID":"1303498","text":"Restating","type":"YA","timestamp":"2023-11-09 13:00:21"},{"nodeID":"1303499","text":"Default Transition","type":"TA","timestamp":"2023-11-09 13:00:21"},{"nodeID":"1303500","text":"Default Inference","type":"RA","timestamp":"2023-11-09 13:00:21"},{"nodeID":"1303501","text":"Arguing","type":"YA","timestamp":"2023-11-09 13:00:21"},{"nodeID":"1303502","text":"Default Inference","type":"RA","timestamp":"2023-11-09 13:00:21"},{"nodeID":"1303503","text":"Default Transition","type":"TA","timestamp":"2023-11-09 13:00:21"},{"nodeID":"1303504","text":"Arguing","type":"YA","timestamp":"2023-11-09 13:00:21"},{"nodeID":"1303505","text":"Default Transition","type":"TA","timestamp":"2023-11-09 13:00:21"},{"nodeID":"1303506","text":"Default Rephrase","type":"MA","timestamp":"2023-11-09 13:00:21"},{"nodeID":"1303507","text":"Restating","type":"YA","timestamp":"2023-11-09 13:00:21"}],"edges":[{"edgeID":"1712571","fromID":"1303387","toID":"1303386","formEdgeID":null},{"edgeID":"1712572","fromID":"1303388","toID":"1303387","formEdgeID":null},{"edgeID":"1712573","fromID":"1303386","toID":"1303389","formEdgeID":null},{"edgeID":"1712574","fromID":"1303389","toID":"1303385","formEdgeID":null},{"edgeID":"1712575","fromID":"1303392","toID":"1303391","formEdgeID":null},{"edgeID":"1712576","fromID":"1303393","toID":"1303392","formEdgeID":null},{"edgeID":"1712577","fromID":"1303391","toID":"1303394","formEdgeID":null},{"edgeID":"1712578","fromID":"1303394","toID":"1303390","formEdgeID":null},{"edgeID":"1712579","fromID":"1303397","toID":"1303396","formEdgeID":null},{"edgeID":"1712580","fromID":"1303398","toID":"1303397","formEdgeID":null},{"edgeID":"1712581","fromID":"1303396","toID":"1303399","formEdgeID":null},{"edgeID":"1712582","fromID":"1303399","toID":"1303395","formEdgeID":null},{"edgeID":"1712583","fromID":"1303402","toID":"1303401","formEdgeID":null},{"edgeID":"1712584","fromID":"1303403","toID":"1303402","formEdgeID":null},{"edgeID":"1712585","fromID":"1303401","toID":"1303404","formEdgeID":null},{"edgeID":"1712586","fromID":"1303404","toID":"1303400","formEdgeID":null},{"edgeID":"1712587","fromID":"1303407","toID":"1303406","formEdgeID":null},{"edgeID":"1712588","fromID":"1303408","toID":"1303407","formEdgeID":null},{"edgeID":"1712589","fromID":"1303406","toID":"1303409","formEdgeID":null},{"edgeID":"1712590","fromID":"1303409","toID":"1303405","formEdgeID":null},{"edgeID":"1712591","fromID":"1303412","toID":"1303411","formEdgeID":null},{"edgeID":"1712592","fromID":"1303413","toID":"1303412","formEdgeID":null},{"edgeID":"1712593","fromID":"1303411","toID":"1303414","formEdgeID":null},{"edgeID":"1712594","fromID":"1303414","toID":"1303410","formEdgeID":null},{"edgeID":"1712595","fromID":"1303417","toID":"1303416","formEdgeID":null},{"edgeID":"1712596","fromID":"1303418","toID":"1303417","formEdgeID":null},{"edgeID":"1712597","fromID":"1303416","toID":"1303419","formEdgeID":null},{"edgeID":"1712598","fromID":"1303419","toID":"1303415","formEdgeID":null},{"edgeID":"1712599","fromID":"1303422","toID":"1303421","formEdgeID":null},{"edgeID":"1712600","fromID":"1303423","toID":"1303422","formEdgeID":null},{"edgeID":"1712601","fromID":"1303421","toID":"1303424","formEdgeID":null},{"edgeID":"1712602","fromID":"1303424","toID":"1303420","formEdgeID":null},{"edgeID":"1712603","fromID":"1303427","toID":"1303426","formEdgeID":null},{"edgeID":"1712604","fromID":"1303428","toID":"1303427","formEdgeID":null},{"edgeID":"1712605","fromID":"1303426","toID":"1303429","formEdgeID":null},{"edgeID":"1712606","fromID":"1303429","toID":"1303425","formEdgeID":null},{"edgeID":"1712607","fromID":"1303432","toID":"1303431","formEdgeID":null},{"edgeID":"1712608","fromID":"1303433","toID":"1303432","formEdgeID":null},{"edgeID":"1712609","fromID":"1303431","toID":"1303434","formEdgeID":null},{"edgeID":"1712610","fromID":"1303434","toID":"1303430","formEdgeID":null},{"edgeID":"1712611","fromID":"1303437","toID":"1303436","formEdgeID":null},{"edgeID":"1712612","fromID":"1303438","toID":"1303437","formEdgeID":null},{"edgeID":"1712613","fromID":"1303436","toID":"1303439","formEdgeID":null},{"edgeID":"1712614","fromID":"1303439","toID":"1303435","formEdgeID":null},{"edgeID":"1712615","fromID":"1303442","toID":"1303441","formEdgeID":null},{"edgeID":"1712616","fromID":"1303443","toID":"1303442","formEdgeID":null},{"edgeID":"1712617","fromID":"1303441","toID":"1303444","formEdgeID":null},{"edgeID":"1712618","fromID":"1303444","toID":"1303440","formEdgeID":null},{"edgeID":"1712619","fromID":"1303447","toID":"1303446","formEdgeID":null},{"edgeID":"1712620","fromID":"1303448","toID":"1303447","formEdgeID":null},{"edgeID":"1712621","fromID":"1303446","toID":"1303449","formEdgeID":null},{"edgeID":"1712622","fromID":"1303449","toID":"1303445","formEdgeID":null},{"edgeID":"1712623","fromID":"1303452","toID":"1303451","formEdgeID":null},{"edgeID":"1712624","fromID":"1303453","toID":"1303452","formEdgeID":null},{"edgeID":"1712625","fromID":"1303451","toID":"1303454","formEdgeID":null},{"edgeID":"1712626","fromID":"1303454","toID":"1303450","formEdgeID":null},{"edgeID":"1712627","fromID":"1303457","toID":"1303456","formEdgeID":null},{"edgeID":"1712628","fromID":"1303458","toID":"1303457","formEdgeID":null},{"edgeID":"1712629","fromID":"1303456","toID":"1303459","formEdgeID":null},{"edgeID":"1712630","fromID":"1303459","toID":"1303455","formEdgeID":null},{"edgeID":"1712631","fromID":"1303462","toID":"1303461","formEdgeID":null},{"edgeID":"1712632","fromID":"1303463","toID":"1303462","formEdgeID":null},{"edgeID":"1712633","fromID":"1303461","toID":"1303464","formEdgeID":null},{"edgeID":"1712634","fromID":"1303464","toID":"1303460","formEdgeID":null},{"edgeID":"1712635","fromID":"1303467","toID":"1303466","formEdgeID":null},{"edgeID":"1712636","fromID":"1303468","toID":"1303467","formEdgeID":null},{"edgeID":"1712637","fromID":"1303466","toID":"1303469","formEdgeID":null},{"edgeID":"1712638","fromID":"1303469","toID":"1303465","formEdgeID":null},{"edgeID":"1712639","fromID":"1303391","toID":"1303470","formEdgeID":null},{"edgeID":"1712640","fromID":"1303470","toID":"1303396","formEdgeID":null},{"edgeID":"1712641","fromID":"1303386","toID":"1303471","formEdgeID":null},{"edgeID":"1712642","fromID":"1303471","toID":"1303391","formEdgeID":null},{"edgeID":"1712643","fromID":"1303390","toID":"1303472","formEdgeID":null},{"edgeID":"1712644","fromID":"1303472","toID":"1303395","formEdgeID":null},{"edgeID":"1712645","fromID":"1303470","toID":"1303473","formEdgeID":null},{"edgeID":"1712646","fromID":"1303473","toID":"1303472","formEdgeID":null},{"edgeID":"1712647","fromID":"1303400","toID":"1303474","formEdgeID":null},{"edgeID":"1712648","fromID":"1303474","toID":"1303405","formEdgeID":null},{"edgeID":"1712649","fromID":"1303401","toID":"1303475","formEdgeID":null},{"edgeID":"1712650","fromID":"1303475","toID":"1303406","formEdgeID":null},{"edgeID":"1712651","fromID":"1303396","toID":"1303476","formEdgeID":null},{"edgeID":"1712652","fromID":"1303476","toID":"1303401","formEdgeID":null},{"edgeID":"1712653","fromID":"1303475","toID":"1303477","formEdgeID":null},{"edgeID":"1712654","fromID":"1303477","toID":"1303474","formEdgeID":null},{"edgeID":"1712655","fromID":"1303400","toID":"1303478","formEdgeID":null},{"edgeID":"1712656","fromID":"1303478","toID":"1303410","formEdgeID":null},{"edgeID":"1712657","fromID":"1303401","toID":"1303479","formEdgeID":null},{"edgeID":"1712658","fromID":"1303479","toID":"1303411","formEdgeID":null},{"edgeID":"1712659","fromID":"1303479","toID":"1303480","formEdgeID":null},{"edgeID":"1712660","fromID":"1303480","toID":"1303478","formEdgeID":null},{"edgeID":"1712661","fromID":"1303411","toID":"1303481","formEdgeID":null},{"edgeID":"1712662","fromID":"1303481","toID":"1303416","formEdgeID":null},{"edgeID":"1712663","fromID":"1303420","toID":"1303482","formEdgeID":null},{"edgeID":"1712664","fromID":"1303482","toID":"1303395","formEdgeID":null},{"edgeID":"1712665","fromID":"1303396","toID":"1303483","formEdgeID":null},{"edgeID":"1712666","fromID":"1303483","toID":"1303421","formEdgeID":null},{"edgeID":"1712667","fromID":"1303483","toID":"1303484","formEdgeID":null},{"edgeID":"1712668","fromID":"1303484","toID":"1303482","formEdgeID":null},{"edgeID":"1712669","fromID":"1303421","toID":"1303485","formEdgeID":null},{"edgeID":"1712670","fromID":"1303485","toID":"1303426","formEdgeID":null},{"edgeID":"1712671","fromID":"1303430","toID":"1303486","formEdgeID":null},{"edgeID":"1712672","fromID":"1303486","toID":"1303385","formEdgeID":null},{"edgeID":"1712673","fromID":"1303386","toID":"1303487","formEdgeID":null},{"edgeID":"1712674","fromID":"1303487","toID":"1303431","formEdgeID":null},{"edgeID":"1712675","fromID":"1303487","toID":"1303488","formEdgeID":null},{"edgeID":"1712676","fromID":"1303488","toID":"1303486","formEdgeID":null},{"edgeID":"1712677","fromID":"1303431","toID":"1303489","formEdgeID":null},{"edgeID":"1712678","fromID":"1303489","toID":"1303436","formEdgeID":null},{"edgeID":"1712679","fromID":"1303436","toID":"1303490","formEdgeID":null},{"edgeID":"1712680","fromID":"1303490","toID":"1303441","formEdgeID":null},{"edgeID":"1712681","fromID":"1303430","toID":"1303491","formEdgeID":null},{"edgeID":"1712682","fromID":"1303491","toID":"1303435","formEdgeID":null},{"edgeID":"1712683","fromID":"1303489","toID":"1303492","formEdgeID":null},{"edgeID":"1712684","fromID":"1303492","toID":"1303491","formEdgeID":null},{"edgeID":"1712685","fromID":"1303430","toID":"1303493","formEdgeID":null},{"edgeID":"1712686","fromID":"1303493","toID":"1303440","formEdgeID":null},{"edgeID":"1712687","fromID":"1303490","toID":"1303494","formEdgeID":null},{"edgeID":"1712688","fromID":"1303494","toID":"1303493","formEdgeID":null},{"edgeID":"1712689","fromID":"1303441","toID":"1303495","formEdgeID":null},{"edgeID":"1712690","fromID":"1303495","toID":"1303446","formEdgeID":null},{"edgeID":"1712691","fromID":"1303450","toID":"1303496","formEdgeID":null},{"edgeID":"1712692","fromID":"1303496","toID":"1303445","formEdgeID":null},{"edgeID":"1712693","fromID":"1303446","toID":"1303497","formEdgeID":null},{"edgeID":"1712694","fromID":"1303497","toID":"1303451","formEdgeID":null},{"edgeID":"1712695","fromID":"1303497","toID":"1303498","formEdgeID":null},{"edgeID":"1712696","fromID":"1303498","toID":"1303496","formEdgeID":null},{"edgeID":"1712697","fromID":"1303451","toID":"1303499","formEdgeID":null},{"edgeID":"1712698","fromID":"1303499","toID":"1303456","formEdgeID":null},{"edgeID":"1712699","fromID":"1303450","toID":"1303500","formEdgeID":null},{"edgeID":"1712700","fromID":"1303500","toID":"1303455","formEdgeID":null},{"edgeID":"1712701","fromID":"1303499","toID":"1303501","formEdgeID":null},{"edgeID":"1712702","fromID":"1303501","toID":"1303500","formEdgeID":null},{"edgeID":"1712703","fromID":"1303460","toID":"1303502","formEdgeID":null},{"edgeID":"1712704","fromID":"1303502","toID":"1303455","formEdgeID":null},{"edgeID":"1712705","fromID":"1303456","toID":"1303503","formEdgeID":null},{"edgeID":"1712706","fromID":"1303503","toID":"1303461","formEdgeID":null},{"edgeID":"1712707","fromID":"1303503","toID":"1303504","formEdgeID":null},{"edgeID":"1712708","fromID":"1303504","toID":"1303502","formEdgeID":null},{"edgeID":"1712709","fromID":"1303461","toID":"1303505","formEdgeID":null},{"edgeID":"1712710","fromID":"1303505","toID":"1303466","formEdgeID":null},{"edgeID":"1712711","fromID":"1303465","toID":"1303506","formEdgeID":null},{"edgeID":"1712712","fromID":"1303506","toID":"1303460","formEdgeID":null},{"edgeID":"1712713","fromID":"1303505","toID":"1303507","formEdgeID":null},{"edgeID":"1712714","fromID":"1303507","toID":"1303506","formEdgeID":null}],"locutions":[]}