{"nodes":[{"nodeID":"1301616","text":"130,000 more 18 year old men in Russia are going to be conscripted tomorrow","type":"I","timestamp":"2023-11-09 12:57:36"},{"nodeID":"1301617","text":"Zanny Minton Beddoes: 130,000 more 18 year old men in Russia are going to be conscripted tomorrow","type":"L","timestamp":"2023-11-09 12:57:36"},{"nodeID":"1301618","text":"Analysing","type":"YA","timestamp":"2023-11-09 12:57:36"},{"nodeID":"1301619","text":"Kyle: Zanny Minton Beddoes: 130,000 more 18 year old men in Russia are going to be conscripted tomorrow","type":"L","timestamp":"2023-11-09 12:57:36"},{"nodeID":"1301620","text":"Asserting","type":"YA","timestamp":"2023-11-09 12:57:36"},{"nodeID":"1301621","text":"there's been a massive campaign across Eastern European countries and Germany in particular to try and contact people in Russia and say to mothers do not send your son to the recruitment office","type":"I","timestamp":"2023-11-09 12:57:37"},{"nodeID":"1301622","text":"Zanny Minton Beddoes: there's been a massive campaign across Eastern European countries and Germany in particular to try and contact people in Russia and say to mothers do not send your son to the recruitment office","type":"L","timestamp":"2023-11-09 12:57:37"},{"nodeID":"1301623","text":"Kyle: Zanny Minton Beddoes: there's been a massive campaign across Eastern European countries and Germany in particular to try and contact people in Russia and say to mothers do not send your son to the recruitment office","type":"L","timestamp":"2023-11-09 12:57:37"},{"nodeID":"1301624","text":"Analysing","type":"YA","timestamp":"2023-11-09 12:57:37"},{"nodeID":"1301625","text":"Asserting","type":"YA","timestamp":"2023-11-09 12:57:37"},{"nodeID":"1301626","text":"Default Transition","type":"TA","timestamp":"2023-11-09 12:57:37"},{"nodeID":"1301627","text":"Default Inference","type":"RA","timestamp":"2023-11-09 12:57:37"},{"nodeID":"1301628","text":"Arguing","type":"YA","timestamp":"2023-11-09 12:57:37"},{"nodeID":"1301629","text":"AudienceMember 20220310QT32: Exactly","type":"L","timestamp":"2023-11-09 12:57:37"},{"nodeID":"1301630","text":"Analysing","type":"YA","timestamp":"2023-11-09 12:57:37"},{"nodeID":"1301631","text":"Kyle: AudienceMember 20220310QT32: Exactly","type":"L","timestamp":"2023-11-09 12:57:37"},{"nodeID":"1301632","text":"Default Transition","type":"TA","timestamp":"2023-11-09 12:57:37"},{"nodeID":"1301633","text":"Agreeing","type":"YA","timestamp":"2023-11-09 12:57:37"},{"nodeID":"1301634","text":"the concern for safety should also extend to Scandinavia or Sweden or Finland which aren't in NATO","type":"I","timestamp":"2023-11-09 12:57:37"},{"nodeID":"1301635","text":"Kyle: AudienceMember 20220310QT33: the concern should also extend to Scandinavia or Sweden or Finland which aren't in NATO","type":"L","timestamp":"2023-11-09 12:57:37"},{"nodeID":"1301636","text":"Analysing","type":"YA","timestamp":"2023-11-09 12:57:37"},{"nodeID":"1301637","text":"AudienceMember 20220310QT33: the concern should also extend to Scandinavia or Sweden or Finland which aren't in NATO","type":"L","timestamp":"2023-11-09 12:57:37"},{"nodeID":"1301638","text":"Asserting","type":"YA","timestamp":"2023-11-09 12:57:37"},{"nodeID":"1301639","text":"Default Transition","type":"TA","timestamp":"2023-11-09 12:57:37"},{"nodeID":"1301640","text":"there's been a lot of discussion there whether or not Scandanavia, Sweden, and Finland should join NATO","type":"I","timestamp":"2023-11-09 12:57:38"},{"nodeID":"1301641","text":"Analysing","type":"YA","timestamp":"2023-11-09 12:57:38"},{"nodeID":"1301642","text":"AudienceMember 20220310QT33: There's been a lot of discussion there whether or not they should join","type":"L","timestamp":"2023-11-09 12:57:38"},{"nodeID":"1301643","text":"Kyle: AudienceMember 20220310QT33: There's been a lot of discussion there whether or not they should join","type":"L","timestamp":"2023-11-09 12:57:38"},{"nodeID":"1301644","text":"Asserting","type":"YA","timestamp":"2023-11-09 12:57:38"},{"nodeID":"1301645","text":"Default Transition","type":"TA","timestamp":"2023-11-09 12:57:38"},{"nodeID":"1301646","text":"one of the planes went in Swedish airspace a week ago was actually carrying a nuclear bomb","type":"I","timestamp":"2023-11-09 12:57:38"},{"nodeID":"1301647","text":"Kyle: AudienceMember 20220310QT33: apparently one of the planes went in Swedish airspace, but I think it was a week ago, was actually carrying a nuclear bomb","type":"L","timestamp":"2023-11-09 12:57:38"},{"nodeID":"1301648","text":"Analysing","type":"YA","timestamp":"2023-11-09 12:57:38"},{"nodeID":"1301649","text":"AudienceMember 20220310QT33: apparently one of the planes went in Swedish airspace, but I think it was a week ago, was actually carrying a nuclear bomb","type":"L","timestamp":"2023-11-09 12:57:38"},{"nodeID":"1301650","text":"Asserting","type":"YA","timestamp":"2023-11-09 12:57:38"},{"nodeID":"1301651","text":"Default Transition","type":"TA","timestamp":"2023-11-09 12:57:38"},{"nodeID":"1301652","text":"Default Inference","type":"RA","timestamp":"2023-11-09 12:57:38"},{"nodeID":"1301653","text":"Arguing","type":"YA","timestamp":"2023-11-09 12:57:38"},{"nodeID":"1301654","text":"the plane flying over Swedish airspace holding a nuclear bomb may not be an accurate story","type":"I","timestamp":"2023-11-09 12:57:39"},{"nodeID":"1301655","text":"Kyle: AudienceMember 20220310QT33: I don't know if that's accurate","type":"L","timestamp":"2023-11-09 12:57:39"},{"nodeID":"1301656","text":"AudienceMember 20220310QT33: I don't know if that's accurate","type":"L","timestamp":"2023-11-09 12:57:39"},{"nodeID":"1301657","text":"Analysing","type":"YA","timestamp":"2023-11-09 12:57:39"},{"nodeID":"1301658","text":"Asserting","type":"YA","timestamp":"2023-11-09 12:57:39"},{"nodeID":"1301659","text":"Default Transition","type":"TA","timestamp":"2023-11-09 12:57:39"},{"nodeID":"1301660","text":"Default Conflict","type":"CA","timestamp":"2023-11-09 12:57:39"},{"nodeID":"1301661","text":"Disagreeing","type":"YA","timestamp":"2023-11-09 12:57:39"},{"nodeID":"1301662","text":"the nuclear plane story is what's being reported in Sweden","type":"I","timestamp":"2023-11-09 12:57:40"},{"nodeID":"1301663","text":"Analysing","type":"YA","timestamp":"2023-11-09 12:57:40"},{"nodeID":"1301664","text":"AudienceMember 20220310QT33: that's what's being reported in Sweden","type":"L","timestamp":"2023-11-09 12:57:40"},{"nodeID":"1301665","text":"Kyle: AudienceMember 20220310QT33: that's what's being reported in Sweden","type":"L","timestamp":"2023-11-09 12:57:40"},{"nodeID":"1301666","text":"Asserting","type":"YA","timestamp":"2023-11-09 12:57:40"},{"nodeID":"1301667","text":"Default Transition","type":"TA","timestamp":"2023-11-09 12:57:40"},{"nodeID":"1301668","text":"Default Rephrase","type":"MA","timestamp":"2023-11-09 12:57:40"},{"nodeID":"1301669","text":"Arguing","type":"YA","timestamp":"2023-11-09 12:57:40"},{"nodeID":"1301670","text":"the nuclear plane story just sends chills down AudienceMember 20220331QT33's spine when they think about it","type":"I","timestamp":"2023-11-09 12:57:40"},{"nodeID":"1301671","text":"AudienceMember 20220310QT33: that just sends chills down my spine when I think\u2026","type":"L","timestamp":"2023-11-09 12:57:40"},{"nodeID":"1301672","text":"Analysing","type":"YA","timestamp":"2023-11-09 12:57:40"},{"nodeID":"1301673","text":"Kyle: AudienceMember 20220310QT33: that just sends chills down my spine when I think\u2026","type":"L","timestamp":"2023-11-09 12:57:40"},{"nodeID":"1301674","text":"Asserting","type":"YA","timestamp":"2023-11-09 12:57:40"},{"nodeID":"1301675","text":"Default Transition","type":"TA","timestamp":"2023-11-09 12:57:40"},{"nodeID":"1301676","text":"the nuclear plane story was more recently than a week ago","type":"I","timestamp":"2023-11-09 12:57:41"},{"nodeID":"1301677","text":"Victoria Derbyshire: it was more recently than that","type":"L","timestamp":"2023-11-09 12:57:41"},{"nodeID":"1301678","text":"Analysing","type":"YA","timestamp":"2023-11-09 12:57:41"},{"nodeID":"1301679","text":"Kyle: Victoria Derbyshire: it was more recently than that","type":"L","timestamp":"2023-11-09 12:57:41"},{"nodeID":"1301680","text":"Asserting","type":"YA","timestamp":"2023-11-09 12:57:41"},{"nodeID":"1301681","text":"Default Transition","type":"TA","timestamp":"2023-11-09 12:57:41"},{"nodeID":"1301682","text":"Default Conflict","type":"CA","timestamp":"2023-11-09 12:57:41"},{"nodeID":"1301683","text":"Disagreeing","type":"YA","timestamp":"2023-11-09 12:57:41"},{"nodeID":"1301684","text":"we should have a lot of concern about the potential on nuclear war and nuclear escalation","type":"I","timestamp":"2023-11-09 12:57:41"},{"nodeID":"1301685","text":"AudienceMember 20220310QT34: we should have a lot of concern about the potential on nuclear war and nuclear escalation","type":"L","timestamp":"2023-11-09 12:57:41"},{"nodeID":"1301686","text":"Analysing","type":"YA","timestamp":"2023-11-09 12:57:41"},{"nodeID":"1301687","text":"Kyle: AudienceMember 20220310QT34: we should have a lot of concern about the potential on nuclear war and nuclear escalation","type":"L","timestamp":"2023-11-09 12:57:41"},{"nodeID":"1301688","text":"Asserting","type":"YA","timestamp":"2023-11-09 12:57:41"},{"nodeID":"1301689","text":"Default Transition","type":"TA","timestamp":"2023-11-09 12:57:41"}],"edges":[{"edgeID":"1710304","fromID":"1301619","toID":"1301618","formEdgeID":null},{"edgeID":"1710305","fromID":"1301618","toID":"1301617","formEdgeID":null},{"edgeID":"1710306","fromID":"1301617","toID":"1301620","formEdgeID":null},{"edgeID":"1710307","fromID":"1301620","toID":"1301616","formEdgeID":null},{"edgeID":"1710308","fromID":"1301623","toID":"1301624","formEdgeID":null},{"edgeID":"1710309","fromID":"1301624","toID":"1301622","formEdgeID":null},{"edgeID":"1710310","fromID":"1301622","toID":"1301625","formEdgeID":null},{"edgeID":"1710311","fromID":"1301625","toID":"1301621","formEdgeID":null},{"edgeID":"1710312","fromID":"1301626","toID":"1301622","formEdgeID":null},{"edgeID":"1710313","fromID":"1301617","toID":"1301626","formEdgeID":null},{"edgeID":"1710314","fromID":"1301627","toID":"1301616","formEdgeID":null},{"edgeID":"1710315","fromID":"1301621","toID":"1301627","formEdgeID":null},{"edgeID":"1710316","fromID":"1301626","toID":"1301628","formEdgeID":null},{"edgeID":"1710317","fromID":"1301628","toID":"1301627","formEdgeID":null},{"edgeID":"1710318","fromID":"1301631","toID":"1301630","formEdgeID":null},{"edgeID":"1710319","fromID":"1301630","toID":"1301629","formEdgeID":null},{"edgeID":"1710320","fromID":"1301622","toID":"1301632","formEdgeID":null},{"edgeID":"1710321","fromID":"1301632","toID":"1301629","formEdgeID":null},{"edgeID":"1710322","fromID":"1301633","toID":"1301621","formEdgeID":null},{"edgeID":"1710323","fromID":"1301629","toID":"1301633","formEdgeID":null},{"edgeID":"1710324","fromID":"1301636","toID":"1301637","formEdgeID":null},{"edgeID":"1710325","fromID":"1301635","toID":"1301636","formEdgeID":null},{"edgeID":"1710326","fromID":"1301637","toID":"1301638","formEdgeID":null},{"edgeID":"1710327","fromID":"1301638","toID":"1301634","formEdgeID":null},{"edgeID":"1710328","fromID":"1301629","toID":"1301639","formEdgeID":null},{"edgeID":"1710329","fromID":"1301639","toID":"1301637","formEdgeID":null},{"edgeID":"1710330","fromID":"1301641","toID":"1301642","formEdgeID":null},{"edgeID":"1710331","fromID":"1301643","toID":"1301641","formEdgeID":null},{"edgeID":"1710332","fromID":"1301642","toID":"1301644","formEdgeID":null},{"edgeID":"1710333","fromID":"1301644","toID":"1301640","formEdgeID":null},{"edgeID":"1710334","fromID":"1301645","toID":"1301642","formEdgeID":null},{"edgeID":"1710335","fromID":"1301637","toID":"1301645","formEdgeID":null},{"edgeID":"1710336","fromID":"1301647","toID":"1301648","formEdgeID":null},{"edgeID":"1710337","fromID":"1301648","toID":"1301649","formEdgeID":null},{"edgeID":"1710338","fromID":"1301650","toID":"1301646","formEdgeID":null},{"edgeID":"1710339","fromID":"1301649","toID":"1301650","formEdgeID":null},{"edgeID":"1710340","fromID":"1301642","toID":"1301651","formEdgeID":null},{"edgeID":"1710341","fromID":"1301651","toID":"1301649","formEdgeID":null},{"edgeID":"1710342","fromID":"1301652","toID":"1301640","formEdgeID":null},{"edgeID":"1710343","fromID":"1301646","toID":"1301652","formEdgeID":null},{"edgeID":"1710344","fromID":"1301651","toID":"1301653","formEdgeID":null},{"edgeID":"1710345","fromID":"1301653","toID":"1301652","formEdgeID":null},{"edgeID":"1710346","fromID":"1301657","toID":"1301656","formEdgeID":null},{"edgeID":"1710347","fromID":"1301655","toID":"1301657","formEdgeID":null},{"edgeID":"1710348","fromID":"1301656","toID":"1301658","formEdgeID":null},{"edgeID":"1710349","fromID":"1301658","toID":"1301654","formEdgeID":null},{"edgeID":"1710350","fromID":"1301649","toID":"1301659","formEdgeID":null},{"edgeID":"1710351","fromID":"1301659","toID":"1301656","formEdgeID":null},{"edgeID":"1710352","fromID":"1301654","toID":"1301660","formEdgeID":null},{"edgeID":"1710353","fromID":"1301660","toID":"1301646","formEdgeID":null},{"edgeID":"1710354","fromID":"1301659","toID":"1301661","formEdgeID":null},{"edgeID":"1710355","fromID":"1301661","toID":"1301660","formEdgeID":null},{"edgeID":"1710356","fromID":"1301663","toID":"1301664","formEdgeID":null},{"edgeID":"1710357","fromID":"1301665","toID":"1301663","formEdgeID":null},{"edgeID":"1710358","fromID":"1301666","toID":"1301662","formEdgeID":null},{"edgeID":"1710359","fromID":"1301664","toID":"1301666","formEdgeID":null},{"edgeID":"1710360","fromID":"1301656","toID":"1301667","formEdgeID":null},{"edgeID":"1710361","fromID":"1301667","toID":"1301664","formEdgeID":null},{"edgeID":"1710362","fromID":"1301662","toID":"1301668","formEdgeID":null},{"edgeID":"1710363","fromID":"1301668","toID":"1301654","formEdgeID":null},{"edgeID":"1710364","fromID":"1301669","toID":"1301668","formEdgeID":null},{"edgeID":"1710365","fromID":"1301667","toID":"1301669","formEdgeID":null},{"edgeID":"1710366","fromID":"1301673","toID":"1301672","formEdgeID":null},{"edgeID":"1710367","fromID":"1301672","toID":"1301671","formEdgeID":null},{"edgeID":"1710368","fromID":"1301674","toID":"1301670","formEdgeID":null},{"edgeID":"1710369","fromID":"1301671","toID":"1301674","formEdgeID":null},{"edgeID":"1710370","fromID":"1301675","toID":"1301671","formEdgeID":null},{"edgeID":"1710371","fromID":"1301664","toID":"1301675","formEdgeID":null},{"edgeID":"1710372","fromID":"1301678","toID":"1301677","formEdgeID":null},{"edgeID":"1710373","fromID":"1301679","toID":"1301678","formEdgeID":null},{"edgeID":"1710374","fromID":"1301677","toID":"1301680","formEdgeID":null},{"edgeID":"1710375","fromID":"1301680","toID":"1301676","formEdgeID":null},{"edgeID":"1710376","fromID":"1301649","toID":"1301681","formEdgeID":null},{"edgeID":"1710377","fromID":"1301681","toID":"1301677","formEdgeID":null},{"edgeID":"1710378","fromID":"1301676","toID":"1301682","formEdgeID":null},{"edgeID":"1710379","fromID":"1301682","toID":"1301646","formEdgeID":null},{"edgeID":"1710380","fromID":"1301681","toID":"1301683","formEdgeID":null},{"edgeID":"1710381","fromID":"1301683","toID":"1301682","formEdgeID":null},{"edgeID":"1710382","fromID":"1301686","toID":"1301685","formEdgeID":null},{"edgeID":"1710383","fromID":"1301687","toID":"1301686","formEdgeID":null},{"edgeID":"1710384","fromID":"1301685","toID":"1301688","formEdgeID":null},{"edgeID":"1710385","fromID":"1301688","toID":"1301684","formEdgeID":null},{"edgeID":"1710386","fromID":"1301677","toID":"1301689","formEdgeID":null},{"edgeID":"1710387","fromID":"1301689","toID":"1301685","formEdgeID":null}],"locutions":[]}