{"nodes":[{"nodeID":"1144870","text":"Boris Johnson should or should not resign","type":"I","timestamp":"2023-04-20 10:10:00"},{"nodeID":"1144932","text":"Victoria Derbyshire reminds Zanny Minton Beddoes of Caroline's question in light of the fixed penalty notices issued this week","type":"I","timestamp":"2023-04-20 10:10:54"},{"nodeID":"1144935","text":"Boris Johnson getting a penalty notice will show what we knew all along which was that he was lying to Parliament","type":"I","timestamp":"2023-04-20 10:10:57"},{"nodeID":"1144937","text":"we live in a country where it's acceptable to lie to Parliament","type":"I","timestamp":"2023-04-20 10:10:58"},{"nodeID":"1144939","text":"the very fundamentals of our democracy are shaken","type":"I","timestamp":"2023-04-20 10:11:00"},{"nodeID":"1144941","text":"Tory MPs will decide","type":"I","timestamp":"2023-04-20 10:11:02"},{"nodeID":"1145554","text":"Boris Johnson has or has not misled Parliament","type":"I","timestamp":"2023-04-20 10:14:53"},{"nodeID":"1145572","text":"Zanny Minton Beddoes agrees with Julia that Boris Johnson should resign","type":"I","timestamp":"2023-04-20 10:15:00"},{"nodeID":"1145578","text":"Boris Johnson does get a penalty notice","type":"I","timestamp":"2023-04-20 10:15:03"},{"nodeID":"1145592","text":"it's incredibly corrosive if you allow people to get away with lying to Parliment","type":"I","timestamp":"2023-04-20 10:15:08"},{"nodeID":"1145613","text":"lying to Parliment is nothing new about Boris Johnson","type":"I","timestamp":"2023-04-20 10:15:15"},{"nodeID":"1145622","text":"Boris Johnson has had an incredibly elastic relationship with the truth for his entire life","type":"I","timestamp":"2023-04-20 10:15:18"},{"nodeID":"1145630","text":"Boris Johnson lying to Parliment shouldn't surprise us","type":"I","timestamp":"2023-04-20 10:15:20"},{"nodeID":"1145638","text":"Boris Johnson won't resign","type":"I","timestamp":"2023-04-20 10:15:23"},{"nodeID":"1145647","text":"Boris Johnson is just not the kind of person who will resign for lying to Parliment","type":"I","timestamp":"2023-04-20 10:15:25"},{"nodeID":"1145655","text":"Boris Johnson will brazen lying to Parliment out","type":"I","timestamp":"2023-04-20 10:15:28"},{"nodeID":"1145666","text":"what is very clear now is that Boris Johnson won't be forced to resign","type":"I","timestamp":"2023-04-20 10:15:30"},{"nodeID":"1145674","text":"the ministerial","type":"I","timestamp":"2023-04-20 10:15:33"},{"nodeID":"1145680","text":"Tory MPs have","type":"I","timestamp":"2023-04-20 10:15:35"},{"nodeID":"1302649","text":"Victoria Derbyshire: Let me remind you of Caroline's question in light of the fixed penalty notices issued this week","type":"L","timestamp":"2023-11-09 12:59:11"},{"nodeID":"1302650","text":"Analysing","type":"YA","timestamp":"2023-11-09 12:59:11"},{"nodeID":"1302651","text":"Joanna: Victoria Derbyshire: Let me remind you of Caroline's question in light of the fixed penalty notices issued this week","type":"L","timestamp":"2023-11-09 12:59:11"},{"nodeID":"1302652","text":"Asserting","type":"YA","timestamp":"2023-11-09 12:59:11"},{"nodeID":"1302653","text":"Victoria Derbyshire: Has Boris Johnson misled Parliament","type":"L","timestamp":"2023-11-09 12:59:11"},{"nodeID":"1302654","text":"Analysing","type":"YA","timestamp":"2023-11-09 12:59:11"},{"nodeID":"1302655","text":"Joanna: Victoria Derbyshire: Has Boris Johnson misled Parliament","type":"L","timestamp":"2023-11-09 12:59:11"},{"nodeID":"1302656","text":"Pure Questioning","type":"YA","timestamp":"2023-11-09 12:59:11"},{"nodeID":"1302657","text":"Default Transition","type":"TA","timestamp":"2023-11-09 12:59:11"},{"nodeID":"1302658","text":"Default Rephrase","type":"MA","timestamp":"2023-11-09 12:59:11"},{"nodeID":"1302659","text":"Restating","type":"YA","timestamp":"2023-11-09 12:59:11"},{"nodeID":"1302660","text":"Victoria Derbyshire: should he resign","type":"L","timestamp":"2023-11-09 12:59:11"},{"nodeID":"1302661","text":"Analysing","type":"YA","timestamp":"2023-11-09 12:59:11"},{"nodeID":"1302662","text":"Joanna: Victoria Derbyshire: should he resign","type":"L","timestamp":"2023-11-09 12:59:11"},{"nodeID":"1302663","text":"Pure Questioning","type":"YA","timestamp":"2023-11-09 12:59:11"},{"nodeID":"1302664","text":"Default Transition","type":"TA","timestamp":"2023-11-09 12:59:11"},{"nodeID":"1302665","text":"Default Rephrase","type":"MA","timestamp":"2023-11-09 12:59:11"},{"nodeID":"1302666","text":"Default Transition","type":"TA","timestamp":"2023-11-09 12:59:11"},{"nodeID":"1302667","text":"Restating","type":"YA","timestamp":"2023-11-09 12:59:11"},{"nodeID":"1302668","text":"Zanny Minton Beddoes: So agree with Julia","type":"L","timestamp":"2023-11-09 12:59:11"},{"nodeID":"1302669","text":"Analysing","type":"YA","timestamp":"2023-11-09 12:59:11"},{"nodeID":"1302670","text":"Joanna: Zanny Minton Beddoes: So agree with Julia","type":"L","timestamp":"2023-11-09 12:59:11"},{"nodeID":"1302671","text":"Asserting","type":"YA","timestamp":"2023-11-09 12:59:11"},{"nodeID":"1302672","text":"Default Transition","type":"TA","timestamp":"2023-11-09 12:59:11"},{"nodeID":"1302673","text":"Zanny Minton Beddoes: he does get a penalty notice","type":"L","timestamp":"2023-11-09 12:59:12"},{"nodeID":"1302674","text":"Analysing","type":"YA","timestamp":"2023-11-09 12:59:12"},{"nodeID":"1302675","text":"Joanna: Zanny Minton Beddoes: he does get a penalty notice","type":"L","timestamp":"2023-11-09 12:59:12"},{"nodeID":"1302676","text":"Asserting","type":"YA","timestamp":"2023-11-09 12:59:12"},{"nodeID":"1302677","text":"Default Transition","type":"TA","timestamp":"2023-11-09 12:59:12"},{"nodeID":"1302678","text":"Zanny Minton Beddoes: it will show what we knew all along which was that he was lying to Parliament","type":"L","timestamp":"2023-11-09 12:59:12"},{"nodeID":"1302679","text":"Analysing","type":"YA","timestamp":"2023-11-09 12:59:12"},{"nodeID":"1302680","text":"Joanna: Zanny Minton Beddoes: it will show what we knew all along which was that he was lying to Parliament","type":"L","timestamp":"2023-11-09 12:59:12"},{"nodeID":"1302681","text":"Asserting","type":"YA","timestamp":"2023-11-09 12:59:12"},{"nodeID":"1302682","text":"Default Transition","type":"TA","timestamp":"2023-11-09 12:59:12"},{"nodeID":"1302683","text":"Default Inference","type":"RA","timestamp":"2023-11-09 12:59:12"},{"nodeID":"1302684","text":"Default Rephrase","type":"MA","timestamp":"2023-11-09 12:59:12"},{"nodeID":"1302685","text":"Default Transition","type":"TA","timestamp":"2023-11-09 12:59:12"},{"nodeID":"1302686","text":"Default Illocuting","type":"YA","timestamp":"2023-11-09 12:59:12"},{"nodeID":"1302687","text":"Zanny Minton Beddoes: it's incredibly corrosive if you allow people to get away with that","type":"L","timestamp":"2023-11-09 12:59:13"},{"nodeID":"1302688","text":"Analysing","type":"YA","timestamp":"2023-11-09 12:59:13"},{"nodeID":"1302689","text":"Joanna: Zanny Minton Beddoes: it's incredibly corrosive if you allow people to get away with that","type":"L","timestamp":"2023-11-09 12:59:13"},{"nodeID":"1302690","text":"Asserting","type":"YA","timestamp":"2023-11-09 12:59:13"},{"nodeID":"1302691","text":"Default Transition","type":"TA","timestamp":"2023-11-09 12:59:13"},{"nodeID":"1302692","text":"Default Inference","type":"RA","timestamp":"2023-11-09 12:59:13"},{"nodeID":"1302693","text":"Arguing","type":"YA","timestamp":"2023-11-09 12:59:13"},{"nodeID":"1302694","text":"Zanny Minton Beddoes: we live in a country where it's acceptable to lie to Parliament","type":"L","timestamp":"2023-11-09 12:59:14"},{"nodeID":"1302695","text":"Analysing","type":"YA","timestamp":"2023-11-09 12:59:14"},{"nodeID":"1302696","text":"Joanna: Zanny Minton Beddoes: we live in a country where it's acceptable to lie to Parliament","type":"L","timestamp":"2023-11-09 12:59:14"},{"nodeID":"1302697","text":"Asserting","type":"YA","timestamp":"2023-11-09 12:59:14"},{"nodeID":"1302698","text":"Default Transition","type":"TA","timestamp":"2023-11-09 12:59:14"},{"nodeID":"1302699","text":"Zanny Minton Beddoes: the very fundamentals of our democracy are shaken","type":"L","timestamp":"2023-11-09 12:59:14"},{"nodeID":"1302700","text":"Analysing","type":"YA","timestamp":"2023-11-09 12:59:14"},{"nodeID":"1302701","text":"Joanna: Zanny Minton Beddoes: the very fundamentals of our democracy are shaken","type":"L","timestamp":"2023-11-09 12:59:14"},{"nodeID":"1302702","text":"Asserting","type":"YA","timestamp":"2023-11-09 12:59:14"},{"nodeID":"1302703","text":"Default Transition","type":"TA","timestamp":"2023-11-09 12:59:14"},{"nodeID":"1302704","text":"Default Inference","type":"RA","timestamp":"2023-11-09 12:59:14"},{"nodeID":"1302705","text":"Arguing","type":"YA","timestamp":"2023-11-09 12:59:14"},{"nodeID":"1302706","text":"Default Rephrase","type":"MA","timestamp":"2023-11-09 12:59:14"},{"nodeID":"1302707","text":"Default Transition","type":"TA","timestamp":"2023-11-09 12:59:14"},{"nodeID":"1302708","text":"Restating","type":"YA","timestamp":"2023-11-09 12:59:14"},{"nodeID":"1302709","text":"Zanny Minton Beddoes: It's nothing new about Boris Johnson","type":"L","timestamp":"2023-11-09 12:59:15"},{"nodeID":"1302710","text":"Analysing","type":"YA","timestamp":"2023-11-09 12:59:15"},{"nodeID":"1302711","text":"Joanna: Zanny Minton Beddoes: It's nothing new about Boris Johnson","type":"L","timestamp":"2023-11-09 12:59:15"},{"nodeID":"1302712","text":"Asserting","type":"YA","timestamp":"2023-11-09 12:59:15"},{"nodeID":"1302713","text":"Default Transition","type":"TA","timestamp":"2023-11-09 12:59:15"},{"nodeID":"1302714","text":"Default Rephrase","type":"MA","timestamp":"2023-11-09 12:59:15"},{"nodeID":"1302715","text":"Default Transition","type":"TA","timestamp":"2023-11-09 12:59:15"},{"nodeID":"1302716","text":"Restating","type":"YA","timestamp":"2023-11-09 12:59:15"},{"nodeID":"1302717","text":"Zanny Minton Beddoes: he's had an incredibly elastic relationship with the truth for his entire life","type":"L","timestamp":"2023-11-09 12:59:15"},{"nodeID":"1302718","text":"Analysing","type":"YA","timestamp":"2023-11-09 12:59:15"},{"nodeID":"1302719","text":"Joanna: Zanny Minton Beddoes: he's had an incredibly elastic relationship with the truth for his entire life","type":"L","timestamp":"2023-11-09 12:59:15"},{"nodeID":"1302720","text":"Asserting","type":"YA","timestamp":"2023-11-09 12:59:15"},{"nodeID":"1302721","text":"Default Transition","type":"TA","timestamp":"2023-11-09 12:59:15"},{"nodeID":"1302722","text":"Default Inference","type":"RA","timestamp":"2023-11-09 12:59:15"},{"nodeID":"1302723","text":"Arguing","type":"YA","timestamp":"2023-11-09 12:59:15"},{"nodeID":"1302724","text":"Zanny Minton Beddoes: it shouldn't surprise us","type":"L","timestamp":"2023-11-09 12:59:16"},{"nodeID":"1302725","text":"Analysing","type":"YA","timestamp":"2023-11-09 12:59:16"},{"nodeID":"1302726","text":"Joanna: Zanny Minton Beddoes: it shouldn't surprise us","type":"L","timestamp":"2023-11-09 12:59:16"},{"nodeID":"1302727","text":"Asserting","type":"YA","timestamp":"2023-11-09 12:59:16"},{"nodeID":"1302728","text":"Default Transition","type":"TA","timestamp":"2023-11-09 12:59:16"},{"nodeID":"1302729","text":"Default Inference","type":"RA","timestamp":"2023-11-09 12:59:16"},{"nodeID":"1302730","text":"Arguing","type":"YA","timestamp":"2023-11-09 12:59:16"},{"nodeID":"1302731","text":"Zanny Minton Beddoes: he won't resign","type":"L","timestamp":"2023-11-09 12:59:17"},{"nodeID":"1302732","text":"Analysing","type":"YA","timestamp":"2023-11-09 12:59:17"},{"nodeID":"1302733","text":"Joanna: Zanny Minton Beddoes: he won't resign","type":"L","timestamp":"2023-11-09 12:59:17"},{"nodeID":"1302734","text":"Asserting","type":"YA","timestamp":"2023-11-09 12:59:17"},{"nodeID":"1302735","text":"Default Transition","type":"TA","timestamp":"2023-11-09 12:59:17"},{"nodeID":"1302736","text":"Default Rephrase","type":"MA","timestamp":"2023-11-09 12:59:17"},{"nodeID":"1302737","text":"Default Transition","type":"TA","timestamp":"2023-11-09 12:59:17"},{"nodeID":"1302738","text":"Restating","type":"YA","timestamp":"2023-11-09 12:59:17"},{"nodeID":"1302739","text":"Zanny Minton Beddoes:  he's just not the kind of person who will resign for that","type":"L","timestamp":"2023-11-09 12:59:17"},{"nodeID":"1302740","text":"Analysing","type":"YA","timestamp":"2023-11-09 12:59:17"},{"nodeID":"1302741","text":"Joanna: Zanny Minton Beddoes:  he's just not the kind of person who will resign for that","type":"L","timestamp":"2023-11-09 12:59:17"},{"nodeID":"1302742","text":"Asserting","type":"YA","timestamp":"2023-11-09 12:59:17"},{"nodeID":"1302743","text":"Default Transition","type":"TA","timestamp":"2023-11-09 12:59:17"},{"nodeID":"1302744","text":"Default Rephrase","type":"MA","timestamp":"2023-11-09 12:59:17"},{"nodeID":"1302745","text":"Restating","type":"YA","timestamp":"2023-11-09 12:59:17"},{"nodeID":"1302746","text":"Zanny Minton Beddoes: He will brazen it out","type":"L","timestamp":"2023-11-09 12:59:18"},{"nodeID":"1302747","text":"Analysing","type":"YA","timestamp":"2023-11-09 12:59:18"},{"nodeID":"1302748","text":"Joanna: Zanny Minton Beddoes: He will brazen it out","type":"L","timestamp":"2023-11-09 12:59:18"},{"nodeID":"1302749","text":"Asserting","type":"YA","timestamp":"2023-11-09 12:59:18"},{"nodeID":"1302750","text":"Default Transition","type":"TA","timestamp":"2023-11-09 12:59:18"},{"nodeID":"1302751","text":"Default Inference","type":"RA","timestamp":"2023-11-09 12:59:18"},{"nodeID":"1302752","text":"Default Transition","type":"TA","timestamp":"2023-11-09 12:59:18"},{"nodeID":"1302753","text":"Arguing","type":"YA","timestamp":"2023-11-09 12:59:18"},{"nodeID":"1302754","text":"Default Inference","type":"RA","timestamp":"2023-11-09 12:59:18"},{"nodeID":"1302755","text":"Arguing","type":"YA","timestamp":"2023-11-09 12:59:18"},{"nodeID":"1302756","text":"Zanny Minton Beddoes: what is very clear now is that he won't be forced to resign","type":"L","timestamp":"2023-11-09 12:59:18"},{"nodeID":"1302757","text":"Analysing","type":"YA","timestamp":"2023-11-09 12:59:18"},{"nodeID":"1302758","text":"Joanna: Zanny Minton Beddoes: what is very clear now is that he won't be forced to resign","type":"L","timestamp":"2023-11-09 12:59:18"},{"nodeID":"1302759","text":"Asserting","type":"YA","timestamp":"2023-11-09 12:59:18"},{"nodeID":"1302760","text":"Default Transition","type":"TA","timestamp":"2023-11-09 12:59:18"},{"nodeID":"1302761","text":"Default Inference","type":"RA","timestamp":"2023-11-09 12:59:18"},{"nodeID":"1302762","text":"Arguing","type":"YA","timestamp":"2023-11-09 12:59:18"},{"nodeID":"1302763","text":"Victoria Derbyshire: The ministerial","type":"L","timestamp":"2023-11-09 12:59:19"},{"nodeID":"1302764","text":"Analysing","type":"YA","timestamp":"2023-11-09 12:59:19"},{"nodeID":"1302765","text":"Joanna: Victoria Derbyshire: The ministerial","type":"L","timestamp":"2023-11-09 12:59:19"},{"nodeID":"1302766","text":"Asserting","type":"YA","timestamp":"2023-11-09 12:59:19"},{"nodeID":"1302767","text":"Default Transition","type":"TA","timestamp":"2023-11-09 12:59:19"},{"nodeID":"1302768","text":"Zanny Minton Beddoes: Tory MPs have","type":"L","timestamp":"2023-11-09 12:59:20"},{"nodeID":"1302769","text":"Analysing","type":"YA","timestamp":"2023-11-09 12:59:20"},{"nodeID":"1302770","text":"Joanna: Zanny Minton Beddoes: Tory MPs have","type":"L","timestamp":"2023-11-09 12:59:20"},{"nodeID":"1302771","text":"Asserting","type":"YA","timestamp":"2023-11-09 12:59:20"},{"nodeID":"1302772","text":"Default Transition","type":"TA","timestamp":"2023-11-09 12:59:20"},{"nodeID":"1302773","text":"Steve Reed: Tory MPs will decide","type":"L","timestamp":"2023-11-09 12:59:20"},{"nodeID":"1302774","text":"Analysing","type":"YA","timestamp":"2023-11-09 12:59:20"},{"nodeID":"1302775","text":"Joanna: Steve Reed: Tory MPs will decide","type":"L","timestamp":"2023-11-09 12:59:20"},{"nodeID":"1302776","text":"Asserting","type":"YA","timestamp":"2023-11-09 12:59:20"},{"nodeID":"1302777","text":"Default Transition","type":"TA","timestamp":"2023-11-09 12:59:20"},{"nodeID":"1302778","text":"Default Rephrase","type":"MA","timestamp":"2023-11-09 12:59:20"},{"nodeID":"1302779","text":"Restating","type":"YA","timestamp":"2023-11-09 12:59:20"},{"nodeID":"1302780","text":"Default Rephrase","type":"MA","timestamp":"2023-11-09 12:59:20"},{"nodeID":"1302781","text":"Restating","type":"YA","timestamp":"2023-11-09 12:59:20"},{"nodeID":"1302782","text":"Default Conflict","type":"CA","timestamp":"2023-11-09 12:59:20"},{"nodeID":"1302783","text":"Default Transition","type":"TA","timestamp":"2023-11-09 12:59:20"},{"nodeID":"1302784","text":"Disagreeing","type":"YA","timestamp":"2023-11-09 12:59:20"},{"nodeID":"1302785","text":"Default Rephrase","type":"MA","timestamp":"2023-11-09 12:59:20"},{"nodeID":"1302786","text":"Default Illocuting","type":"YA","timestamp":"2023-11-09 12:59:20"}],"edges":[{"edgeID":"1711626","fromID":"1302650","toID":"1302649","formEdgeID":null},{"edgeID":"1711627","fromID":"1302651","toID":"1302650","formEdgeID":null},{"edgeID":"1711628","fromID":"1302649","toID":"1302652","formEdgeID":null},{"edgeID":"1711629","fromID":"1302652","toID":"1144932","formEdgeID":null},{"edgeID":"1711630","fromID":"1302654","toID":"1302653","formEdgeID":null},{"edgeID":"1711631","fromID":"1302655","toID":"1302654","formEdgeID":null},{"edgeID":"1711632","fromID":"1302653","toID":"1302656","formEdgeID":null},{"edgeID":"1711633","fromID":"1302656","toID":"1145554","formEdgeID":null},{"edgeID":"1711634","fromID":"1302649","toID":"1302657","formEdgeID":null},{"edgeID":"1711635","fromID":"1302657","toID":"1302653","formEdgeID":null},{"edgeID":"1711636","fromID":"1145554","toID":"1302658","formEdgeID":null},{"edgeID":"1711637","fromID":"1302658","toID":"1144932","formEdgeID":null},{"edgeID":"1711638","fromID":"1302657","toID":"1302659","formEdgeID":null},{"edgeID":"1711639","fromID":"1302659","toID":"1302658","formEdgeID":null},{"edgeID":"1711640","fromID":"1302661","toID":"1302660","formEdgeID":null},{"edgeID":"1711641","fromID":"1302662","toID":"1302661","formEdgeID":null},{"edgeID":"1711642","fromID":"1302660","toID":"1302663","formEdgeID":null},{"edgeID":"1711643","fromID":"1302663","toID":"1144870","formEdgeID":null},{"edgeID":"1711644","fromID":"1302653","toID":"1302664","formEdgeID":null},{"edgeID":"1711645","fromID":"1302664","toID":"1302660","formEdgeID":null},{"edgeID":"1711646","fromID":"1144870","toID":"1302665","formEdgeID":null},{"edgeID":"1711647","fromID":"1302665","toID":"1144932","formEdgeID":null},{"edgeID":"1711648","fromID":"1302649","toID":"1302666","formEdgeID":null},{"edgeID":"1711649","fromID":"1302666","toID":"1302660","formEdgeID":null},{"edgeID":"1711650","fromID":"1302666","toID":"1302667","formEdgeID":null},{"edgeID":"1711651","fromID":"1302667","toID":"1302665","formEdgeID":null},{"edgeID":"1711652","fromID":"1302669","toID":"1302668","formEdgeID":null},{"edgeID":"1711653","fromID":"1302670","toID":"1302669","formEdgeID":null},{"edgeID":"1711654","fromID":"1302668","toID":"1302671","formEdgeID":null},{"edgeID":"1711655","fromID":"1302671","toID":"1145572","formEdgeID":null},{"edgeID":"1711656","fromID":"1302660","toID":"1302672","formEdgeID":null},{"edgeID":"1711657","fromID":"1302672","toID":"1302668","formEdgeID":null},{"edgeID":"1711658","fromID":"1302674","toID":"1302673","formEdgeID":null},{"edgeID":"1711659","fromID":"1302675","toID":"1302674","formEdgeID":null},{"edgeID":"1711660","fromID":"1302673","toID":"1302676","formEdgeID":null},{"edgeID":"1711661","fromID":"1302676","toID":"1145578","formEdgeID":null},{"edgeID":"1711662","fromID":"1302668","toID":"1302677","formEdgeID":null},{"edgeID":"1711663","fromID":"1302677","toID":"1302673","formEdgeID":null},{"edgeID":"1711664","fromID":"1302679","toID":"1302678","formEdgeID":null},{"edgeID":"1711665","fromID":"1302680","toID":"1302679","formEdgeID":null},{"edgeID":"1711666","fromID":"1302678","toID":"1302681","formEdgeID":null},{"edgeID":"1711667","fromID":"1302681","toID":"1144935","formEdgeID":null},{"edgeID":"1711668","fromID":"1302673","toID":"1302682","formEdgeID":null},{"edgeID":"1711669","fromID":"1302682","toID":"1302678","formEdgeID":null},{"edgeID":"1711670","fromID":"1145578","toID":"1302683","formEdgeID":null},{"edgeID":"1711671","fromID":"1302683","toID":"1144935","formEdgeID":null},{"edgeID":"1711672","fromID":"1144935","toID":"1302684","formEdgeID":null},{"edgeID":"1711673","fromID":"1302684","toID":"1145554","formEdgeID":null},{"edgeID":"1711674","fromID":"1302653","toID":"1302685","formEdgeID":null},{"edgeID":"1711675","fromID":"1302685","toID":"1302678","formEdgeID":null},{"edgeID":"1711676","fromID":"1302685","toID":"1302686","formEdgeID":null},{"edgeID":"1711677","fromID":"1302686","toID":"1302684","formEdgeID":null},{"edgeID":"1711678","fromID":"1302688","toID":"1302687","formEdgeID":null},{"edgeID":"1711679","fromID":"1302689","toID":"1302688","formEdgeID":null},{"edgeID":"1711680","fromID":"1302687","toID":"1302690","formEdgeID":null},{"edgeID":"1711681","fromID":"1302690","toID":"1145592","formEdgeID":null},{"edgeID":"1711682","fromID":"1302678","toID":"1302691","formEdgeID":null},{"edgeID":"1711683","fromID":"1302691","toID":"1302687","formEdgeID":null},{"edgeID":"1711684","fromID":"1145592","toID":"1302692","formEdgeID":null},{"edgeID":"1711685","fromID":"1302692","toID":"1144935","formEdgeID":null},{"edgeID":"1711686","fromID":"1302691","toID":"1302693","formEdgeID":null},{"edgeID":"1711687","fromID":"1302693","toID":"1302692","formEdgeID":null},{"edgeID":"1711688","fromID":"1302695","toID":"1302694","formEdgeID":null},{"edgeID":"1711689","fromID":"1302696","toID":"1302695","formEdgeID":null},{"edgeID":"1711690","fromID":"1302694","toID":"1302697","formEdgeID":null},{"edgeID":"1711691","fromID":"1302697","toID":"1144937","formEdgeID":null},{"edgeID":"1711692","fromID":"1302687","toID":"1302698","formEdgeID":null},{"edgeID":"1711693","fromID":"1302698","toID":"1302694","formEdgeID":null},{"edgeID":"1711694","fromID":"1302700","toID":"1302699","formEdgeID":null},{"edgeID":"1711695","fromID":"1302701","toID":"1302700","formEdgeID":null},{"edgeID":"1711696","fromID":"1302699","toID":"1302702","formEdgeID":null},{"edgeID":"1711697","fromID":"1302702","toID":"1144939","formEdgeID":null},{"edgeID":"1711698","fromID":"1302694","toID":"1302703","formEdgeID":null},{"edgeID":"1711699","fromID":"1302703","toID":"1302699","formEdgeID":null},{"edgeID":"1711700","fromID":"1144937","toID":"1302704","formEdgeID":null},{"edgeID":"1711701","fromID":"1302704","toID":"1144939","formEdgeID":null},{"edgeID":"1711702","fromID":"1302703","toID":"1302705","formEdgeID":null},{"edgeID":"1711703","fromID":"1302705","toID":"1302704","formEdgeID":null},{"edgeID":"1711704","fromID":"1144939","toID":"1302706","formEdgeID":null},{"edgeID":"1711705","fromID":"1302706","toID":"1145592","formEdgeID":null},{"edgeID":"1711706","fromID":"1302687","toID":"1302707","formEdgeID":null},{"edgeID":"1711707","fromID":"1302707","toID":"1302699","formEdgeID":null},{"edgeID":"1711708","fromID":"1302707","toID":"1302708","formEdgeID":null},{"edgeID":"1711709","fromID":"1302708","toID":"1302706","formEdgeID":null},{"edgeID":"1711710","fromID":"1302710","toID":"1302709","formEdgeID":null},{"edgeID":"1711711","fromID":"1302711","toID":"1302710","formEdgeID":null},{"edgeID":"1711712","fromID":"1302709","toID":"1302712","formEdgeID":null},{"edgeID":"1711713","fromID":"1302712","toID":"1145613","formEdgeID":null},{"edgeID":"1711714","fromID":"1302699","toID":"1302713","formEdgeID":null},{"edgeID":"1711715","fromID":"1302713","toID":"1302709","formEdgeID":null},{"edgeID":"1711716","fromID":"1145613","toID":"1302714","formEdgeID":null},{"edgeID":"1711717","fromID":"1302714","toID":"1144935","formEdgeID":null},{"edgeID":"1711718","fromID":"1302678","toID":"1302715","formEdgeID":null},{"edgeID":"1711719","fromID":"1302715","toID":"1302709","formEdgeID":null},{"edgeID":"1711720","fromID":"1302715","toID":"1302716","formEdgeID":null},{"edgeID":"1711721","fromID":"1302716","toID":"1302714","formEdgeID":null},{"edgeID":"1711722","fromID":"1302718","toID":"1302717","formEdgeID":null},{"edgeID":"1711723","fromID":"1302719","toID":"1302718","formEdgeID":null},{"edgeID":"1711724","fromID":"1302717","toID":"1302720","formEdgeID":null},{"edgeID":"1711725","fromID":"1302720","toID":"1145622","formEdgeID":null},{"edgeID":"1711726","fromID":"1302709","toID":"1302721","formEdgeID":null},{"edgeID":"1711727","fromID":"1302721","toID":"1302717","formEdgeID":null},{"edgeID":"1711728","fromID":"1145622","toID":"1302722","formEdgeID":null},{"edgeID":"1711729","fromID":"1302722","toID":"1145613","formEdgeID":null},{"edgeID":"1711730","fromID":"1302721","toID":"1302723","formEdgeID":null},{"edgeID":"1711731","fromID":"1302723","toID":"1302722","formEdgeID":null},{"edgeID":"1711732","fromID":"1302725","toID":"1302724","formEdgeID":null},{"edgeID":"1711733","fromID":"1302726","toID":"1302725","formEdgeID":null},{"edgeID":"1711734","fromID":"1302724","toID":"1302727","formEdgeID":null},{"edgeID":"1711735","fromID":"1302727","toID":"1145630","formEdgeID":null},{"edgeID":"1711736","fromID":"1302717","toID":"1302728","formEdgeID":null},{"edgeID":"1711737","fromID":"1302728","toID":"1302724","formEdgeID":null},{"edgeID":"1711738","fromID":"1145622","toID":"1302729","formEdgeID":null},{"edgeID":"1711739","fromID":"1302729","toID":"1145630","formEdgeID":null},{"edgeID":"1711740","fromID":"1302728","toID":"1302730","formEdgeID":null},{"edgeID":"1711741","fromID":"1302730","toID":"1302729","formEdgeID":null},{"edgeID":"1711742","fromID":"1302732","toID":"1302731","formEdgeID":null},{"edgeID":"1711743","fromID":"1302733","toID":"1302732","formEdgeID":null},{"edgeID":"1711744","fromID":"1302731","toID":"1302734","formEdgeID":null},{"edgeID":"1711745","fromID":"1302734","toID":"1145638","formEdgeID":null},{"edgeID":"1711746","fromID":"1302724","toID":"1302735","formEdgeID":null},{"edgeID":"1711747","fromID":"1302735","toID":"1302731","formEdgeID":null},{"edgeID":"1711748","fromID":"1145638","toID":"1302736","formEdgeID":null},{"edgeID":"1711749","fromID":"1302736","toID":"1144870","formEdgeID":null},{"edgeID":"1711750","fromID":"1302660","toID":"1302737","formEdgeID":null},{"edgeID":"1711751","fromID":"1302737","toID":"1302731","formEdgeID":null},{"edgeID":"1711752","fromID":"1302737","toID":"1302738","formEdgeID":null},{"edgeID":"1711753","fromID":"1302738","toID":"1302736","formEdgeID":null},{"edgeID":"1711754","fromID":"1302740","toID":"1302739","formEdgeID":null},{"edgeID":"1711755","fromID":"1302741","toID":"1302740","formEdgeID":null},{"edgeID":"1711756","fromID":"1302739","toID":"1302742","formEdgeID":null},{"edgeID":"1711757","fromID":"1302742","toID":"1145647","formEdgeID":null},{"edgeID":"1711758","fromID":"1302731","toID":"1302743","formEdgeID":null},{"edgeID":"1711759","fromID":"1302743","toID":"1302739","formEdgeID":null},{"edgeID":"1711760","fromID":"1145647","toID":"1302744","formEdgeID":null},{"edgeID":"1711761","fromID":"1302744","toID":"1145638","formEdgeID":null},{"edgeID":"1711762","fromID":"1302743","toID":"1302745","formEdgeID":null},{"edgeID":"1711763","fromID":"1302745","toID":"1302744","formEdgeID":null},{"edgeID":"1711764","fromID":"1302747","toID":"1302746","formEdgeID":null},{"edgeID":"1711765","fromID":"1302748","toID":"1302747","formEdgeID":null},{"edgeID":"1711766","fromID":"1302746","toID":"1302749","formEdgeID":null},{"edgeID":"1711767","fromID":"1302749","toID":"1145655","formEdgeID":null},{"edgeID":"1711768","fromID":"1302739","toID":"1302750","formEdgeID":null},{"edgeID":"1711769","fromID":"1302750","toID":"1302746","formEdgeID":null},{"edgeID":"1711770","fromID":"1145613","toID":"1302751","formEdgeID":null},{"edgeID":"1711771","fromID":"1302751","toID":"1145630","formEdgeID":null},{"edgeID":"1711772","fromID":"1302709","toID":"1302752","formEdgeID":null},{"edgeID":"1711773","fromID":"1302752","toID":"1302724","formEdgeID":null},{"edgeID":"1711774","fromID":"1302752","toID":"1302753","formEdgeID":null},{"edgeID":"1711775","fromID":"1302753","toID":"1302751","formEdgeID":null},{"edgeID":"1711776","fromID":"1145655","toID":"1302754","formEdgeID":null},{"edgeID":"1711777","fromID":"1302754","toID":"1145647","formEdgeID":null},{"edgeID":"1711778","fromID":"1302750","toID":"1302755","formEdgeID":null},{"edgeID":"1711779","fromID":"1302755","toID":"1302754","formEdgeID":null},{"edgeID":"1711780","fromID":"1302757","toID":"1302756","formEdgeID":null},{"edgeID":"1711781","fromID":"1302758","toID":"1302757","formEdgeID":null},{"edgeID":"1711782","fromID":"1302756","toID":"1302759","formEdgeID":null},{"edgeID":"1711783","fromID":"1302759","toID":"1145666","formEdgeID":null},{"edgeID":"1711784","fromID":"1302746","toID":"1302760","formEdgeID":null},{"edgeID":"1711785","fromID":"1302760","toID":"1302756","formEdgeID":null},{"edgeID":"1711786","fromID":"1145655","toID":"1302761","formEdgeID":null},{"edgeID":"1711787","fromID":"1302761","toID":"1145666","formEdgeID":null},{"edgeID":"1711788","fromID":"1302760","toID":"1302762","formEdgeID":null},{"edgeID":"1711789","fromID":"1302762","toID":"1302761","formEdgeID":null},{"edgeID":"1711790","fromID":"1302764","toID":"1302763","formEdgeID":null},{"edgeID":"1711791","fromID":"1302765","toID":"1302764","formEdgeID":null},{"edgeID":"1711792","fromID":"1302763","toID":"1302766","formEdgeID":null},{"edgeID":"1711793","fromID":"1302766","toID":"1145674","formEdgeID":null},{"edgeID":"1711794","fromID":"1302756","toID":"1302767","formEdgeID":null},{"edgeID":"1711795","fromID":"1302767","toID":"1302763","formEdgeID":null},{"edgeID":"1711796","fromID":"1302769","toID":"1302768","formEdgeID":null},{"edgeID":"1711797","fromID":"1302770","toID":"1302769","formEdgeID":null},{"edgeID":"1711798","fromID":"1302768","toID":"1302771","formEdgeID":null},{"edgeID":"1711799","fromID":"1302771","toID":"1145680","formEdgeID":null},{"edgeID":"1711800","fromID":"1302763","toID":"1302772","formEdgeID":null},{"edgeID":"1711801","fromID":"1302772","toID":"1302768","formEdgeID":null},{"edgeID":"1711802","fromID":"1302774","toID":"1302773","formEdgeID":null},{"edgeID":"1711803","fromID":"1302775","toID":"1302774","formEdgeID":null},{"edgeID":"1711804","fromID":"1302773","toID":"1302776","formEdgeID":null},{"edgeID":"1711805","fromID":"1302776","toID":"1144941","formEdgeID":null},{"edgeID":"1711806","fromID":"1302768","toID":"1302777","formEdgeID":null},{"edgeID":"1711807","fromID":"1302777","toID":"1302773","formEdgeID":null},{"edgeID":"1711808","fromID":"1144941","toID":"1302778","formEdgeID":null},{"edgeID":"1711809","fromID":"1302778","toID":"1145680","formEdgeID":null},{"edgeID":"1711810","fromID":"1302777","toID":"1302779","formEdgeID":null},{"edgeID":"1711811","fromID":"1302779","toID":"1302778","formEdgeID":null},{"edgeID":"1711812","fromID":"1145680","toID":"1302780","formEdgeID":null},{"edgeID":"1711813","fromID":"1302780","toID":"1145674","formEdgeID":null},{"edgeID":"1711814","fromID":"1302772","toID":"1302781","formEdgeID":null},{"edgeID":"1711815","fromID":"1302781","toID":"1302780","formEdgeID":null},{"edgeID":"1711816","fromID":"1144941","toID":"1302782","formEdgeID":null},{"edgeID":"1711817","fromID":"1302782","toID":"1145666","formEdgeID":null},{"edgeID":"1711818","fromID":"1302756","toID":"1302783","formEdgeID":null},{"edgeID":"1711819","fromID":"1302783","toID":"1302773","formEdgeID":null},{"edgeID":"1711820","fromID":"1302783","toID":"1302784","formEdgeID":null},{"edgeID":"1711821","fromID":"1302784","toID":"1302782","formEdgeID":null},{"edgeID":"1711822","fromID":"1145572","toID":"1302785","formEdgeID":null},{"edgeID":"1711823","fromID":"1302785","toID":"1144870","formEdgeID":null},{"edgeID":"1711824","fromID":"1302672","toID":"1302786","formEdgeID":null},{"edgeID":"1711825","fromID":"1302786","toID":"1302785","formEdgeID":null}],"locutions":[]}