{"nodes":[{"nodeID":"1144945","text":"the ministerial code says ministers who knowingly mislead Parliament will be expected to offer their resignation","type":"I","timestamp":"2023-04-20 10:11:14"},{"nodeID":"1155713","text":"Zanny Minton Beddoes is hesitant to say Boris Johnson should resign now","type":"I","timestamp":"2023-04-21 13:47:47"},{"nodeID":"1155722","text":"now we've got into this process","type":"I","timestamp":"2023-04-21 13:47:51"},{"nodeID":"1155728","text":"Boris Johnson is playing for time","type":"I","timestamp":"2023-04-21 13:47:54"},{"nodeID":"1155734","text":"Boris Johnson hopes everyone will forget about the fixed penalty notice issue","type":"I","timestamp":"2023-04-21 13:47:56"},{"nodeID":"1155742","text":"Boris Johnson hopes he'll get away with it","type":"I","timestamp":"2023-04-21 13:47:59"},{"nodeID":"1155750","text":"in an ideal world Boris Johnson would have resigned","type":"I","timestamp":"2023-04-21 13:48:02"},{"nodeID":"1155756","text":"you cannot have a prime minster that sets rules for everyone else to follow and breaks them himself","type":"I","timestamp":"2023-04-21 13:48:05"},{"nodeID":"1155761","text":"a prime minster that sets rules for everyone else to follow and breaks them himself fundamentally undermines democracy","type":"I","timestamp":"2023-04-21 13:48:08"},{"nodeID":"1155782","text":"Boris Johnson knew he was at the parties","type":"I","timestamp":"2023-04-21 13:48:15"},{"nodeID":"1155788","text":"the country has moved on from the issue with the old story about Boris Johnson attending parties","type":"I","timestamp":"2023-04-21 13:48:18"},{"nodeID":"1155794","text":"people aren't interested in someone having a few drinks and a piece of cake two years ago","type":"I","timestamp":"2023-04-21 13:48:21"},{"nodeID":"1155802","text":"there's a Labour Party getting itself into a lather","type":"I","timestamp":"2023-04-21 13:48:23"},{"nodeID":"1155813","text":"the Labour party can't even decide what a woman is","type":"I","timestamp":"2023-04-21 13:48:27"},{"nodeID":"1155819","text":"most people have moved on from the issue with the old story about Boris Johnson attending parties","type":"I","timestamp":"2023-04-21 13:48:30"},{"nodeID":"1155829","text":"it is or isn't fair to say that most of the people have moved on from the issue with the old story about Boris Johnson attending parties","type":"I","timestamp":"2023-04-21 13:48:34"},{"nodeID":"1302936","text":"Victoria Derbyshire: you're hesitant to say he should resign now","type":"L","timestamp":"2023-11-09 12:59:34"},{"nodeID":"1302937","text":"Analysing","type":"YA","timestamp":"2023-11-09 12:59:34"},{"nodeID":"1302938","text":"Zlata: Victoria Derbyshire: you're hesitant to say he should resign now","type":"L","timestamp":"2023-11-09 12:59:34"},{"nodeID":"1302939","text":"Asserting","type":"YA","timestamp":"2023-11-09 12:59:34"},{"nodeID":"1302940","text":"Zanny Minton Beddoes: Yeah, I'm hesitant","type":"L","timestamp":"2023-11-09 12:59:34"},{"nodeID":"1302941","text":"Analysing","type":"YA","timestamp":"2023-11-09 12:59:34"},{"nodeID":"1302942","text":"Zlata: Zanny Minton Beddoes: Yeah, I'm hesitant","type":"L","timestamp":"2023-11-09 12:59:34"},{"nodeID":"1302943","text":"Default Transition","type":"TA","timestamp":"2023-11-09 12:59:34"},{"nodeID":"1302944","text":"Agreeing","type":"YA","timestamp":"2023-11-09 12:59:34"},{"nodeID":"1302945","text":"Zanny Minton Beddoes: now we've got into this process","type":"L","timestamp":"2023-11-09 12:59:35"},{"nodeID":"1302946","text":"Analysing","type":"YA","timestamp":"2023-11-09 12:59:35"},{"nodeID":"1302947","text":"Zlata: Zanny Minton Beddoes: now we've got into this process","type":"L","timestamp":"2023-11-09 12:59:35"},{"nodeID":"1302948","text":"Asserting","type":"YA","timestamp":"2023-11-09 12:59:35"},{"nodeID":"1302949","text":"Default Transition","type":"TA","timestamp":"2023-11-09 12:59:35"},{"nodeID":"1302950","text":"Steve Reed: He's playing for time","type":"L","timestamp":"2023-11-09 12:59:35"},{"nodeID":"1302951","text":"Analysing","type":"YA","timestamp":"2023-11-09 12:59:35"},{"nodeID":"1302952","text":"Zlata: Steve Reed: He's playing for time","type":"L","timestamp":"2023-11-09 12:59:35"},{"nodeID":"1302953","text":"Asserting","type":"YA","timestamp":"2023-11-09 12:59:35"},{"nodeID":"1302954","text":"Default Transition","type":"TA","timestamp":"2023-11-09 12:59:35"},{"nodeID":"1302955","text":"Steve Reed: He hopes everyone will forget","type":"L","timestamp":"2023-11-09 12:59:36"},{"nodeID":"1302956","text":"Analysing","type":"YA","timestamp":"2023-11-09 12:59:36"},{"nodeID":"1302957","text":"Zlata: Steve Reed: He hopes everyone will forget","type":"L","timestamp":"2023-11-09 12:59:36"},{"nodeID":"1302958","text":"Asserting","type":"YA","timestamp":"2023-11-09 12:59:36"},{"nodeID":"1302959","text":"Default Transition","type":"TA","timestamp":"2023-11-09 12:59:36"},{"nodeID":"1302960","text":"Default Inference","type":"RA","timestamp":"2023-11-09 12:59:36"},{"nodeID":"1302961","text":"Arguing","type":"YA","timestamp":"2023-11-09 12:59:36"},{"nodeID":"1302962","text":"Steve Reed: he'll get away with it","type":"L","timestamp":"2023-11-09 12:59:37"},{"nodeID":"1302963","text":"Analysing","type":"YA","timestamp":"2023-11-09 12:59:37"},{"nodeID":"1302964","text":"Zlata: Steve Reed: he'll get away with it","type":"L","timestamp":"2023-11-09 12:59:37"},{"nodeID":"1302965","text":"Asserting","type":"YA","timestamp":"2023-11-09 12:59:37"},{"nodeID":"1302966","text":"Default Transition","type":"TA","timestamp":"2023-11-09 12:59:37"},{"nodeID":"1302967","text":"Default Rephrase","type":"MA","timestamp":"2023-11-09 12:59:37"},{"nodeID":"1302968","text":"Restating","type":"YA","timestamp":"2023-11-09 12:59:37"},{"nodeID":"1302969","text":"Zanny Minton Beddoes: In an ideal world he would have resigned","type":"L","timestamp":"2023-11-09 12:59:37"},{"nodeID":"1302970","text":"Analysing","type":"YA","timestamp":"2023-11-09 12:59:37"},{"nodeID":"1302971","text":"Zlata: Zanny Minton Beddoes: In an ideal world he would have resigned","type":"L","timestamp":"2023-11-09 12:59:37"},{"nodeID":"1302972","text":"Asserting","type":"YA","timestamp":"2023-11-09 12:59:37"},{"nodeID":"1302973","text":"Default Transition","type":"TA","timestamp":"2023-11-09 12:59:37"},{"nodeID":"1302974","text":"Steve Reed: you cannot have a prime minster that sets rules for everyone else to follow and breaks them himself","type":"L","timestamp":"2023-11-09 12:59:38"},{"nodeID":"1302975","text":"Analysing","type":"YA","timestamp":"2023-11-09 12:59:38"},{"nodeID":"1302976","text":"Zlata: Steve Reed: you cannot have a prime minster that sets rules for everyone else to follow and breaks them himself","type":"L","timestamp":"2023-11-09 12:59:38"},{"nodeID":"1302977","text":"Asserting","type":"YA","timestamp":"2023-11-09 12:59:38"},{"nodeID":"1302978","text":"Steve Reed: It fundamentally undermines democracy","type":"L","timestamp":"2023-11-09 12:59:38"},{"nodeID":"1302979","text":"Analysing","type":"YA","timestamp":"2023-11-09 12:59:38"},{"nodeID":"1302980","text":"Zlata: Steve Reed: It fundamentally undermines democracy","type":"L","timestamp":"2023-11-09 12:59:38"},{"nodeID":"1302981","text":"Asserting","type":"YA","timestamp":"2023-11-09 12:59:38"},{"nodeID":"1302982","text":"Default Transition","type":"TA","timestamp":"2023-11-09 12:59:38"},{"nodeID":"1302983","text":"Default Inference","type":"RA","timestamp":"2023-11-09 12:59:38"},{"nodeID":"1302984","text":"Arguing","type":"YA","timestamp":"2023-11-09 12:59:38"},{"nodeID":"1302985","text":"Zanny Minton Beddoes: Yes, I agree with that","type":"L","timestamp":"2023-11-09 12:59:38"},{"nodeID":"1302986","text":"Analysing","type":"YA","timestamp":"2023-11-09 12:59:38"},{"nodeID":"1302987","text":"Zlata: Zanny Minton Beddoes: Yes, I agree with that","type":"L","timestamp":"2023-11-09 12:59:38"},{"nodeID":"1302988","text":"Default Transition","type":"TA","timestamp":"2023-11-09 12:59:38"},{"nodeID":"1302989","text":"Agreeing","type":"YA","timestamp":"2023-11-09 12:59:38"},{"nodeID":"1302990","text":"Victoria Derbyshire: The ministerial code says ministers who knowingly mislead Parliament will be expected to offer their resignation","type":"L","timestamp":"2023-11-09 12:59:39"},{"nodeID":"1302991","text":"Analysing","type":"YA","timestamp":"2023-11-09 12:59:39"},{"nodeID":"1302992","text":"Zlata: Victoria Derbyshire: The ministerial code says ministers who knowingly mislead Parliament will be expected to offer their resignation","type":"L","timestamp":"2023-11-09 12:59:39"},{"nodeID":"1302993","text":"Asserting","type":"YA","timestamp":"2023-11-09 12:59:39"},{"nodeID":"1302994","text":"Default Transition","type":"TA","timestamp":"2023-11-09 12:59:39"},{"nodeID":"1302995","text":"Default Inference","type":"RA","timestamp":"2023-11-09 12:59:39"},{"nodeID":"1302996","text":"Arguing","type":"YA","timestamp":"2023-11-09 12:59:39"},{"nodeID":"1302997","text":"Default Conflict","type":"CA","timestamp":"2023-11-09 12:59:39"},{"nodeID":"1302998","text":"Default Transition","type":"TA","timestamp":"2023-11-09 12:59:39"},{"nodeID":"1302999","text":"Disagreeing","type":"YA","timestamp":"2023-11-09 12:59:39"},{"nodeID":"1303000","text":"Julia Hartley-Brewer: He knew he was at the parties","type":"L","timestamp":"2023-11-09 12:59:40"},{"nodeID":"1303001","text":"Analysing","type":"YA","timestamp":"2023-11-09 12:59:40"},{"nodeID":"1303002","text":"Zlata: Julia Hartley-Brewer: He knew he was at the parties","type":"L","timestamp":"2023-11-09 12:59:40"},{"nodeID":"1303003","text":"Asserting","type":"YA","timestamp":"2023-11-09 12:59:40"},{"nodeID":"1303004","text":"Default Transition","type":"TA","timestamp":"2023-11-09 12:59:40"},{"nodeID":"1303005","text":"AudienceMember 20220310QT38: The country has moved on from this old story","type":"L","timestamp":"2023-11-09 12:59:40"},{"nodeID":"1303006","text":"Analysing","type":"YA","timestamp":"2023-11-09 12:59:40"},{"nodeID":"1303007","text":"Zlata: AudienceMember 20220310QT38: The country has moved on from this old story","type":"L","timestamp":"2023-11-09 12:59:40"},{"nodeID":"1303008","text":"Asserting","type":"YA","timestamp":"2023-11-09 12:59:40"},{"nodeID":"1303009","text":"Default Transition","type":"TA","timestamp":"2023-11-09 12:59:40"},{"nodeID":"1303010","text":"AudienceMember 20220310QT38: People aren't interested in someone having a few drinks and a piece of cake two years ago","type":"L","timestamp":"2023-11-09 12:59:41"},{"nodeID":"1303011","text":"Analysing","type":"YA","timestamp":"2023-11-09 12:59:41"},{"nodeID":"1303012","text":"Zlata: AudienceMember 20220310QT38: People aren't interested in someone having a few drinks and a piece of cake two years ago","type":"L","timestamp":"2023-11-09 12:59:41"},{"nodeID":"1303013","text":"Asserting","type":"YA","timestamp":"2023-11-09 12:59:41"},{"nodeID":"1303014","text":"Default Transition","type":"TA","timestamp":"2023-11-09 12:59:41"},{"nodeID":"1303015","text":"Default Inference","type":"RA","timestamp":"2023-11-09 12:59:41"},{"nodeID":"1303016","text":"Arguing","type":"YA","timestamp":"2023-11-09 12:59:41"},{"nodeID":"1303017","text":"AudienceMember 20220310QT39: There's a Labour Party getting itself into a lather","type":"L","timestamp":"2023-11-09 12:59:42"},{"nodeID":"1303018","text":"Analysing","type":"YA","timestamp":"2023-11-09 12:59:42"},{"nodeID":"1303019","text":"Zlata: AudienceMember 20220310QT39: There's a Labour Party getting itself into a lather","type":"L","timestamp":"2023-11-09 12:59:42"},{"nodeID":"1303020","text":"Asserting","type":"YA","timestamp":"2023-11-09 12:59:42"},{"nodeID":"1303021","text":"Victoria Derbyshire:  they are","type":"L","timestamp":"2023-11-09 12:59:42"},{"nodeID":"1303022","text":"Analysing","type":"YA","timestamp":"2023-11-09 12:59:42"},{"nodeID":"1303023","text":"Zlata: Victoria Derbyshire:  they are","type":"L","timestamp":"2023-11-09 12:59:42"},{"nodeID":"1303024","text":"Default Transition","type":"TA","timestamp":"2023-11-09 12:59:42"},{"nodeID":"1303025","text":"Default Transition","type":"TA","timestamp":"2023-11-09 12:59:42"},{"nodeID":"1303026","text":"Disagreeing","type":"YA","timestamp":"2023-11-09 12:59:42"},{"nodeID":"1303027","text":"AudienceMember 20220310QT39: they can't even decide what a woman is","type":"L","timestamp":"2023-11-09 12:59:42"},{"nodeID":"1303028","text":"Analysing","type":"YA","timestamp":"2023-11-09 12:59:42"},{"nodeID":"1303029","text":"Zlata: AudienceMember 20220310QT39: they can't even decide what a woman is","type":"L","timestamp":"2023-11-09 12:59:42"},{"nodeID":"1303030","text":"Asserting","type":"YA","timestamp":"2023-11-09 12:59:42"},{"nodeID":"1303031","text":"Default Transition","type":"TA","timestamp":"2023-11-09 12:59:42"},{"nodeID":"1303032","text":"Victoria Derbyshire: the gentleman here is suggesting most people have moved on","type":"L","timestamp":"2023-11-09 12:59:43"},{"nodeID":"1303033","text":"Analysing","type":"YA","timestamp":"2023-11-09 12:59:43"},{"nodeID":"1303034","text":"Zlata: Victoria Derbyshire: the gentleman here is suggesting most people have moved on","type":"L","timestamp":"2023-11-09 12:59:43"},{"nodeID":"1303035","text":"AudienceMember 20220310QT39: most people have moved on","type":"L","timestamp":"2023-11-09 12:59:43"},{"nodeID":"1303036","text":"Analysing","type":"YA","timestamp":"2023-11-09 12:59:43"},{"nodeID":"1303037","text":"Zlata: AudienceMember 20220310QT39: the gentleman here is suggesting most people have moved on","type":"L","timestamp":"2023-11-09 12:59:43"},{"nodeID":"1303038","text":"Asserting","type":"YA","timestamp":"2023-11-09 12:59:43"},{"nodeID":"1303039","text":"Asserting","type":"YA","timestamp":"2023-11-09 12:59:43"},{"nodeID":"1303040","text":"Default Transition","type":"TA","timestamp":"2023-11-09 12:59:43"},{"nodeID":"1303041","text":"Victoria Derbyshire: Is that fair","type":"L","timestamp":"2023-11-09 12:59:43"},{"nodeID":"1303042","text":"Analysing","type":"YA","timestamp":"2023-11-09 12:59:43"},{"nodeID":"1303043","text":"Zlata: Victoria Derbyshire: Is that fair","type":"L","timestamp":"2023-11-09 12:59:43"},{"nodeID":"1303044","text":"Pure Questioning","type":"YA","timestamp":"2023-11-09 12:59:43"},{"nodeID":"1303045","text":"Default Transition","type":"TA","timestamp":"2023-11-09 12:59:43"},{"nodeID":"1303046","text":"AudienceMember 20220310QT40: No","type":"L","timestamp":"2023-11-09 12:59:43"},{"nodeID":"1303047","text":"Analysing","type":"YA","timestamp":"2023-11-09 12:59:43"},{"nodeID":"1303048","text":"Zlata: AudienceMember 20220310QT40: No","type":"L","timestamp":"2023-11-09 12:59:43"},{"nodeID":"1303049","text":"Default Transition","type":"TA","timestamp":"2023-11-09 12:59:43"},{"nodeID":"1303050","text":"Disagreeing","type":"YA","timestamp":"2023-11-09 12:59:43"},{"nodeID":"1303051","text":"Default Transition","type":"TA","timestamp":"2023-11-09 12:59:43"},{"nodeID":"1303052","text":"Default Rephrase","type":"MA","timestamp":"2023-11-09 12:59:43"},{"nodeID":"1303053","text":"Restating","type":"YA","timestamp":"2023-11-09 12:59:43"},{"nodeID":"1303054","text":"Default Rephrase","type":"MA","timestamp":"2023-11-09 12:59:43"},{"nodeID":"1303055","text":"Restating","type":"YA","timestamp":"2023-11-09 12:59:43"}],"edges":[{"edgeID":"1712016","fromID":"1302937","toID":"1302936","formEdgeID":null},{"edgeID":"1712017","fromID":"1302938","toID":"1302937","formEdgeID":null},{"edgeID":"1712018","fromID":"1302936","toID":"1302939","formEdgeID":null},{"edgeID":"1712019","fromID":"1302939","toID":"1155713","formEdgeID":null},{"edgeID":"1712020","fromID":"1302941","toID":"1302940","formEdgeID":null},{"edgeID":"1712021","fromID":"1302942","toID":"1302941","formEdgeID":null},{"edgeID":"1712022","fromID":"1302936","toID":"1302943","formEdgeID":null},{"edgeID":"1712023","fromID":"1302943","toID":"1302940","formEdgeID":null},{"edgeID":"1712024","fromID":"1302943","toID":"1302944","formEdgeID":null},{"edgeID":"1712025","fromID":"1302944","toID":"1155713","formEdgeID":null},{"edgeID":"1712026","fromID":"1302946","toID":"1302945","formEdgeID":null},{"edgeID":"1712027","fromID":"1302947","toID":"1302946","formEdgeID":null},{"edgeID":"1712028","fromID":"1302945","toID":"1302948","formEdgeID":null},{"edgeID":"1712029","fromID":"1302948","toID":"1155722","formEdgeID":null},{"edgeID":"1712030","fromID":"1302940","toID":"1302949","formEdgeID":null},{"edgeID":"1712031","fromID":"1302949","toID":"1302945","formEdgeID":null},{"edgeID":"1712032","fromID":"1302951","toID":"1302950","formEdgeID":null},{"edgeID":"1712033","fromID":"1302952","toID":"1302951","formEdgeID":null},{"edgeID":"1712034","fromID":"1302950","toID":"1302953","formEdgeID":null},{"edgeID":"1712035","fromID":"1302953","toID":"1155728","formEdgeID":null},{"edgeID":"1712036","fromID":"1302945","toID":"1302954","formEdgeID":null},{"edgeID":"1712037","fromID":"1302954","toID":"1302950","formEdgeID":null},{"edgeID":"1712038","fromID":"1302956","toID":"1302955","formEdgeID":null},{"edgeID":"1712039","fromID":"1302957","toID":"1302956","formEdgeID":null},{"edgeID":"1712040","fromID":"1302955","toID":"1302958","formEdgeID":null},{"edgeID":"1712041","fromID":"1302958","toID":"1155734","formEdgeID":null},{"edgeID":"1712042","fromID":"1302950","toID":"1302959","formEdgeID":null},{"edgeID":"1712043","fromID":"1302959","toID":"1302955","formEdgeID":null},{"edgeID":"1712044","fromID":"1155734","toID":"1302960","formEdgeID":null},{"edgeID":"1712045","fromID":"1302960","toID":"1155728","formEdgeID":null},{"edgeID":"1712046","fromID":"1302959","toID":"1302961","formEdgeID":null},{"edgeID":"1712047","fromID":"1302961","toID":"1302960","formEdgeID":null},{"edgeID":"1712048","fromID":"1302963","toID":"1302962","formEdgeID":null},{"edgeID":"1712049","fromID":"1302964","toID":"1302963","formEdgeID":null},{"edgeID":"1712050","fromID":"1302962","toID":"1302965","formEdgeID":null},{"edgeID":"1712051","fromID":"1302965","toID":"1155742","formEdgeID":null},{"edgeID":"1712052","fromID":"1302955","toID":"1302966","formEdgeID":null},{"edgeID":"1712053","fromID":"1302966","toID":"1302962","formEdgeID":null},{"edgeID":"1712054","fromID":"1155742","toID":"1302967","formEdgeID":null},{"edgeID":"1712055","fromID":"1302967","toID":"1155734","formEdgeID":null},{"edgeID":"1712056","fromID":"1302966","toID":"1302968","formEdgeID":null},{"edgeID":"1712057","fromID":"1302968","toID":"1302967","formEdgeID":null},{"edgeID":"1712058","fromID":"1302970","toID":"1302969","formEdgeID":null},{"edgeID":"1712059","fromID":"1302971","toID":"1302970","formEdgeID":null},{"edgeID":"1712060","fromID":"1302969","toID":"1302972","formEdgeID":null},{"edgeID":"1712061","fromID":"1302972","toID":"1155750","formEdgeID":null},{"edgeID":"1712062","fromID":"1302962","toID":"1302973","formEdgeID":null},{"edgeID":"1712063","fromID":"1302973","toID":"1302969","formEdgeID":null},{"edgeID":"1712064","fromID":"1302975","toID":"1302974","formEdgeID":null},{"edgeID":"1712065","fromID":"1302976","toID":"1302975","formEdgeID":null},{"edgeID":"1712066","fromID":"1302974","toID":"1302977","formEdgeID":null},{"edgeID":"1712067","fromID":"1302977","toID":"1155756","formEdgeID":null},{"edgeID":"1712068","fromID":"1302979","toID":"1302978","formEdgeID":null},{"edgeID":"1712069","fromID":"1302980","toID":"1302979","formEdgeID":null},{"edgeID":"1712070","fromID":"1302978","toID":"1302981","formEdgeID":null},{"edgeID":"1712071","fromID":"1302981","toID":"1155761","formEdgeID":null},{"edgeID":"1712072","fromID":"1302974","toID":"1302982","formEdgeID":null},{"edgeID":"1712073","fromID":"1302982","toID":"1302978","formEdgeID":null},{"edgeID":"1712074","fromID":"1155761","toID":"1302983","formEdgeID":null},{"edgeID":"1712075","fromID":"1302983","toID":"1155756","formEdgeID":null},{"edgeID":"1712076","fromID":"1302982","toID":"1302984","formEdgeID":null},{"edgeID":"1712077","fromID":"1302984","toID":"1302983","formEdgeID":null},{"edgeID":"1712078","fromID":"1302986","toID":"1302985","formEdgeID":null},{"edgeID":"1712079","fromID":"1302987","toID":"1302986","formEdgeID":null},{"edgeID":"1712080","fromID":"1302978","toID":"1302988","formEdgeID":null},{"edgeID":"1712081","fromID":"1302988","toID":"1302985","formEdgeID":null},{"edgeID":"1712082","fromID":"1302988","toID":"1302989","formEdgeID":null},{"edgeID":"1712083","fromID":"1302989","toID":"1155761","formEdgeID":null},{"edgeID":"1712084","fromID":"1302991","toID":"1302990","formEdgeID":null},{"edgeID":"1712085","fromID":"1302992","toID":"1302991","formEdgeID":null},{"edgeID":"1712086","fromID":"1302990","toID":"1302993","formEdgeID":null},{"edgeID":"1712087","fromID":"1302993","toID":"1144945","formEdgeID":null},{"edgeID":"1712088","fromID":"1302974","toID":"1302994","formEdgeID":null},{"edgeID":"1712089","fromID":"1302994","toID":"1302990","formEdgeID":null},{"edgeID":"1712090","fromID":"1144945","toID":"1302995","formEdgeID":null},{"edgeID":"1712091","fromID":"1302995","toID":"1155756","formEdgeID":null},{"edgeID":"1712092","fromID":"1302994","toID":"1302996","formEdgeID":null},{"edgeID":"1712093","fromID":"1302996","toID":"1302995","formEdgeID":null},{"edgeID":"1712094","fromID":"1155756","toID":"1302997","formEdgeID":null},{"edgeID":"1712095","fromID":"1302997","toID":"1155713","formEdgeID":null},{"edgeID":"1712096","fromID":"1302936","toID":"1302998","formEdgeID":null},{"edgeID":"1712097","fromID":"1302998","toID":"1302974","formEdgeID":null},{"edgeID":"1712098","fromID":"1302998","toID":"1302999","formEdgeID":null},{"edgeID":"1712099","fromID":"1302999","toID":"1302997","formEdgeID":null},{"edgeID":"1712100","fromID":"1303001","toID":"1303000","formEdgeID":null},{"edgeID":"1712101","fromID":"1303002","toID":"1303001","formEdgeID":null},{"edgeID":"1712102","fromID":"1303000","toID":"1303003","formEdgeID":null},{"edgeID":"1712103","fromID":"1303003","toID":"1155782","formEdgeID":null},{"edgeID":"1712104","fromID":"1302990","toID":"1303004","formEdgeID":null},{"edgeID":"1712105","fromID":"1303004","toID":"1303000","formEdgeID":null},{"edgeID":"1712106","fromID":"1303006","toID":"1303005","formEdgeID":null},{"edgeID":"1712107","fromID":"1303007","toID":"1303006","formEdgeID":null},{"edgeID":"1712108","fromID":"1303005","toID":"1303008","formEdgeID":null},{"edgeID":"1712109","fromID":"1303008","toID":"1155788","formEdgeID":null},{"edgeID":"1712110","fromID":"1303000","toID":"1303009","formEdgeID":null},{"edgeID":"1712111","fromID":"1303009","toID":"1303005","formEdgeID":null},{"edgeID":"1712112","fromID":"1303011","toID":"1303010","formEdgeID":null},{"edgeID":"1712113","fromID":"1303012","toID":"1303011","formEdgeID":null},{"edgeID":"1712114","fromID":"1303010","toID":"1303013","formEdgeID":null},{"edgeID":"1712115","fromID":"1303013","toID":"1155794","formEdgeID":null},{"edgeID":"1712116","fromID":"1303005","toID":"1303014","formEdgeID":null},{"edgeID":"1712117","fromID":"1303014","toID":"1303010","formEdgeID":null},{"edgeID":"1712118","fromID":"1155794","toID":"1303015","formEdgeID":null},{"edgeID":"1712119","fromID":"1303015","toID":"1155788","formEdgeID":null},{"edgeID":"1712120","fromID":"1303014","toID":"1303016","formEdgeID":null},{"edgeID":"1712121","fromID":"1303016","toID":"1303015","formEdgeID":null},{"edgeID":"1712122","fromID":"1303018","toID":"1303017","formEdgeID":null},{"edgeID":"1712123","fromID":"1303019","toID":"1303018","formEdgeID":null},{"edgeID":"1712124","fromID":"1303017","toID":"1303020","formEdgeID":null},{"edgeID":"1712125","fromID":"1303020","toID":"1155802","formEdgeID":null},{"edgeID":"1712126","fromID":"1303022","toID":"1303021","formEdgeID":null},{"edgeID":"1712127","fromID":"1303023","toID":"1303022","formEdgeID":null},{"edgeID":"1712128","fromID":"1303010","toID":"1303024","formEdgeID":null},{"edgeID":"1712129","fromID":"1303024","toID":"1303021","formEdgeID":null},{"edgeID":"1712130","fromID":"1303021","toID":"1303025","formEdgeID":null},{"edgeID":"1712131","fromID":"1303025","toID":"1303017","formEdgeID":null},{"edgeID":"1712132","fromID":"1303024","toID":"1303026","formEdgeID":null},{"edgeID":"1712133","fromID":"1303026","toID":"1155794","formEdgeID":null},{"edgeID":"1712134","fromID":"1303028","toID":"1303027","formEdgeID":null},{"edgeID":"1712135","fromID":"1303029","toID":"1303028","formEdgeID":null},{"edgeID":"1712136","fromID":"1303027","toID":"1303030","formEdgeID":null},{"edgeID":"1712137","fromID":"1303030","toID":"1155813","formEdgeID":null},{"edgeID":"1712138","fromID":"1303017","toID":"1303031","formEdgeID":null},{"edgeID":"1712139","fromID":"1303031","toID":"1303027","formEdgeID":null},{"edgeID":"1712140","fromID":"1303033","toID":"1303032","formEdgeID":null},{"edgeID":"1712141","fromID":"1303034","toID":"1303033","formEdgeID":null},{"edgeID":"1712142","fromID":"1303036","toID":"1303035","formEdgeID":null},{"edgeID":"1712143","fromID":"1303037","toID":"1303036","formEdgeID":null},{"edgeID":"1712144","fromID":"1303035","toID":"1303038","formEdgeID":null},{"edgeID":"1712145","fromID":"1303038","toID":"1155819","formEdgeID":null},{"edgeID":"1712146","fromID":"1303032","toID":"1303039","formEdgeID":null},{"edgeID":"1712147","fromID":"1303039","toID":"1303035","formEdgeID":null},{"edgeID":"1712148","fromID":"1303027","toID":"1303040","formEdgeID":null},{"edgeID":"1712149","fromID":"1303040","toID":"1303032","formEdgeID":null},{"edgeID":"1712150","fromID":"1303042","toID":"1303041","formEdgeID":null},{"edgeID":"1712151","fromID":"1303043","toID":"1303042","formEdgeID":null},{"edgeID":"1712152","fromID":"1303041","toID":"1303044","formEdgeID":null},{"edgeID":"1712153","fromID":"1303044","toID":"1155829","formEdgeID":null},{"edgeID":"1712154","fromID":"1303032","toID":"1303045","formEdgeID":null},{"edgeID":"1712155","fromID":"1303045","toID":"1303041","formEdgeID":null},{"edgeID":"1712156","fromID":"1303047","toID":"1303046","formEdgeID":null},{"edgeID":"1712157","fromID":"1303048","toID":"1303047","formEdgeID":null},{"edgeID":"1712158","fromID":"1303041","toID":"1303049","formEdgeID":null},{"edgeID":"1712159","fromID":"1303049","toID":"1303046","formEdgeID":null},{"edgeID":"1712160","fromID":"1303049","toID":"1303050","formEdgeID":null},{"edgeID":"1712161","fromID":"1303050","toID":"1155829","formEdgeID":null},{"edgeID":"1712162","fromID":"1303005","toID":"1303051","formEdgeID":null},{"edgeID":"1712163","fromID":"1303051","toID":"1303032","formEdgeID":null},{"edgeID":"1712164","fromID":"1155819","toID":"1303052","formEdgeID":null},{"edgeID":"1712165","fromID":"1303052","toID":"1155788","formEdgeID":null},{"edgeID":"1712166","fromID":"1303051","toID":"1303053","formEdgeID":null},{"edgeID":"1712167","fromID":"1303053","toID":"1303052","formEdgeID":null},{"edgeID":"1712168","fromID":"1155829","toID":"1303054","formEdgeID":null},{"edgeID":"1712169","fromID":"1303054","toID":"1155819","formEdgeID":null},{"edgeID":"1712170","fromID":"1303045","toID":"1303055","formEdgeID":null},{"edgeID":"1712171","fromID":"1303055","toID":"1303054","formEdgeID":null}],"locutions":[]}