{"nodes":[{"nodeID":"1298591","text":"xxx is what the Government should be doing to help those who are now having to choose between eating or heating","type":"I","timestamp":"2023-11-09 12:53:27"},{"nodeID":"1298592","text":"AudienceMember 20220310QT01:  what more should the Government be doing to help those who are now having to choose between eating or heating","type":"L","timestamp":"2023-11-09 12:53:27"},{"nodeID":"1298593","text":"Analysing","type":"YA","timestamp":"2023-11-09 12:53:27"},{"nodeID":"1298594","text":"Chris: AudienceMember 20220310QT01:  what more should the Government be doing to help those who are now having to choose between eating or heating","type":"L","timestamp":"2023-11-09 12:53:27"},{"nodeID":"1298595","text":"Pure Questioning","type":"YA","timestamp":"2023-11-09 12:53:27"},{"nodeID":"1298596","text":"with the rise in the energy cap due tomorrow","type":"I","timestamp":"2023-11-09 12:53:27"},{"nodeID":"1298597","text":"AudienceMember 20220310QT01: With the rise in the energy cap due tomorrow","type":"L","timestamp":"2023-11-09 12:53:27"},{"nodeID":"1298598","text":"Analysing","type":"YA","timestamp":"2023-11-09 12:53:27"},{"nodeID":"1298599","text":"Chris: AudienceMember 20220310QT01: With the rise in the energy cap due tomorrow","type":"L","timestamp":"2023-11-09 12:53:27"},{"nodeID":"1298600","text":"Asserting","type":"YA","timestamp":"2023-11-09 12:53:27"},{"nodeID":"1298601","text":"people already living in poverty","type":"I","timestamp":"2023-11-09 12:53:28"},{"nodeID":"1298602","text":"AudienceMember 20220310QT01: people already living in poverty","type":"L","timestamp":"2023-11-09 12:53:28"},{"nodeID":"1298603","text":"Analysing","type":"YA","timestamp":"2023-11-09 12:53:28"},{"nodeID":"1298604","text":"Chris: AudienceMember 20220310QT01: people already living in poverty","type":"L","timestamp":"2023-11-09 12:53:28"},{"nodeID":"1298605","text":"Asserting","type":"YA","timestamp":"2023-11-09 12:53:28"},{"nodeID":"1298606","text":"Default Inference","type":"RA","timestamp":"2023-11-09 12:53:28"},{"nodeID":"1298607","text":"Default Transition","type":"TA","timestamp":"2023-11-09 12:53:28"},{"nodeID":"1298608","text":"Default Transition","type":"TA","timestamp":"2023-11-09 12:53:28"},{"nodeID":"1298609","text":"Arguing","type":"YA","timestamp":"2023-11-09 12:53:28"},{"nodeID":"1298610","text":"there's one very obvious thing that the Government should be doing","type":"I","timestamp":"2023-11-09 12:53:29"},{"nodeID":"1298611","text":"Steve Reed: there's one very obvious thing that I think the Government should be doing","type":"L","timestamp":"2023-11-09 12:53:29"},{"nodeID":"1298612","text":"Analysing","type":"YA","timestamp":"2023-11-09 12:53:29"},{"nodeID":"1298613","text":"Chris: Steve Reed: there's one very obvious thing that I think the Government should be doing","type":"L","timestamp":"2023-11-09 12:53:29"},{"nodeID":"1298614","text":"Asserting","type":"YA","timestamp":"2023-11-09 12:53:29"},{"nodeID":"1298615","text":"Default Transition","type":"TA","timestamp":"2023-11-09 12:53:29"},{"nodeID":"1298616","text":"as an MP Steve Reed is getting so many emails and contacts from constituents who just can't make ends meet","type":"I","timestamp":"2023-11-09 12:53:29"},{"nodeID":"1298617","text":"Steve Reed: as an MP I'm getting so many emails and contacts from constituents who just can't make ends meet","type":"L","timestamp":"2023-11-09 12:53:29"},{"nodeID":"1298618","text":"Analysing","type":"YA","timestamp":"2023-11-09 12:53:29"},{"nodeID":"1298619","text":"Chris: Steve Reed: as an MP I'm getting so many emails and contacts from constituents who just can't make ends meet","type":"L","timestamp":"2023-11-09 12:53:29"},{"nodeID":"1298620","text":"Asserting","type":"YA","timestamp":"2023-11-09 12:53:29"},{"nodeID":"1298621","text":"Default Transition","type":"TA","timestamp":"2023-11-09 12:53:29"},{"nodeID":"1298622","text":"right now the whole country is facing a cost of living crisis that stems fundamentally from the damage that Government has done to the economy","type":"I","timestamp":"2023-11-09 12:53:30"},{"nodeID":"1298623","text":"Steve Reed:  right now the whole country is facing a cost of living crisis that stems fundamentally from the damage that Government has done to the economy","type":"L","timestamp":"2023-11-09 12:53:30"},{"nodeID":"1298624","text":"Analysing","type":"YA","timestamp":"2023-11-09 12:53:30"},{"nodeID":"1298625","text":"Chris: Steve Reed:  right now the whole country is facing a cost of living crisis that stems fundamentally from the damage that Government has done to the economy","type":"L","timestamp":"2023-11-09 12:53:30"},{"nodeID":"1298626","text":"Asserting","type":"YA","timestamp":"2023-11-09 12:53:30"},{"nodeID":"1298627","text":"Default Transition","type":"TA","timestamp":"2023-11-09 12:53:30"},{"nodeID":"1298628","text":"Default Inference","type":"RA","timestamp":"2023-11-09 12:53:30"},{"nodeID":"1298629","text":"Default Inference","type":"RA","timestamp":"2023-11-09 12:53:30"},{"nodeID":"1298630","text":"Arguing","type":"YA","timestamp":"2023-11-09 12:53:30"},{"nodeID":"1298631","text":"Arguing","type":"YA","timestamp":"2023-11-09 12:53:30"},{"nodeID":"1298632","text":"Default Rephrase","type":"MA","timestamp":"2023-11-09 12:53:30"},{"nodeID":"1298633","text":"Default Illocuting","type":"YA","timestamp":"2023-11-09 12:53:30"}],"edges":[{"edgeID":"1706694","fromID":"1298593","toID":"1298592","formEdgeID":null},{"edgeID":"1706695","fromID":"1298594","toID":"1298593","formEdgeID":null},{"edgeID":"1706696","fromID":"1298592","toID":"1298595","formEdgeID":null},{"edgeID":"1706697","fromID":"1298595","toID":"1298591","formEdgeID":null},{"edgeID":"1706698","fromID":"1298598","toID":"1298597","formEdgeID":null},{"edgeID":"1706699","fromID":"1298599","toID":"1298598","formEdgeID":null},{"edgeID":"1706700","fromID":"1298597","toID":"1298600","formEdgeID":null},{"edgeID":"1706701","fromID":"1298600","toID":"1298596","formEdgeID":null},{"edgeID":"1706702","fromID":"1298603","toID":"1298602","formEdgeID":null},{"edgeID":"1706703","fromID":"1298604","toID":"1298603","formEdgeID":null},{"edgeID":"1706704","fromID":"1298602","toID":"1298605","formEdgeID":null},{"edgeID":"1706705","fromID":"1298605","toID":"1298601","formEdgeID":null},{"edgeID":"1706706","fromID":"1298601","toID":"1298606","formEdgeID":null},{"edgeID":"1706707","fromID":"1298606","toID":"1298591","formEdgeID":null},{"edgeID":"1706708","fromID":"1298596","toID":"1298606","formEdgeID":null},{"edgeID":"1706709","fromID":"1298602","toID":"1298607","formEdgeID":null},{"edgeID":"1706710","fromID":"1298607","toID":"1298592","formEdgeID":null},{"edgeID":"1706711","fromID":"1298597","toID":"1298608","formEdgeID":null},{"edgeID":"1706712","fromID":"1298608","toID":"1298602","formEdgeID":null},{"edgeID":"1706713","fromID":"1298607","toID":"1298609","formEdgeID":null},{"edgeID":"1706714","fromID":"1298609","toID":"1298606","formEdgeID":null},{"edgeID":"1706715","fromID":"1298612","toID":"1298611","formEdgeID":null},{"edgeID":"1706716","fromID":"1298613","toID":"1298612","formEdgeID":null},{"edgeID":"1706717","fromID":"1298611","toID":"1298614","formEdgeID":null},{"edgeID":"1706718","fromID":"1298614","toID":"1298610","formEdgeID":null},{"edgeID":"1706719","fromID":"1298592","toID":"1298615","formEdgeID":null},{"edgeID":"1706720","fromID":"1298615","toID":"1298611","formEdgeID":null},{"edgeID":"1706721","fromID":"1298618","toID":"1298617","formEdgeID":null},{"edgeID":"1706722","fromID":"1298619","toID":"1298618","formEdgeID":null},{"edgeID":"1706723","fromID":"1298617","toID":"1298620","formEdgeID":null},{"edgeID":"1706724","fromID":"1298620","toID":"1298616","formEdgeID":null},{"edgeID":"1706725","fromID":"1298611","toID":"1298621","formEdgeID":null},{"edgeID":"1706726","fromID":"1298621","toID":"1298617","formEdgeID":null},{"edgeID":"1706727","fromID":"1298624","toID":"1298623","formEdgeID":null},{"edgeID":"1706728","fromID":"1298625","toID":"1298624","formEdgeID":null},{"edgeID":"1706729","fromID":"1298623","toID":"1298626","formEdgeID":null},{"edgeID":"1706730","fromID":"1298626","toID":"1298622","formEdgeID":null},{"edgeID":"1706731","fromID":"1298617","toID":"1298627","formEdgeID":null},{"edgeID":"1706732","fromID":"1298627","toID":"1298623","formEdgeID":null},{"edgeID":"1706733","fromID":"1298616","toID":"1298628","formEdgeID":null},{"edgeID":"1706734","fromID":"1298628","toID":"1298610","formEdgeID":null},{"edgeID":"1706735","fromID":"1298622","toID":"1298629","formEdgeID":null},{"edgeID":"1706736","fromID":"1298629","toID":"1298616","formEdgeID":null},{"edgeID":"1706737","fromID":"1298627","toID":"1298630","formEdgeID":null},{"edgeID":"1706738","fromID":"1298630","toID":"1298629","formEdgeID":null},{"edgeID":"1706739","fromID":"1298621","toID":"1298631","formEdgeID":null},{"edgeID":"1706740","fromID":"1298631","toID":"1298628","formEdgeID":null},{"edgeID":"1706741","fromID":"1298610","toID":"1298632","formEdgeID":null},{"edgeID":"1706742","fromID":"1298632","toID":"1298591","formEdgeID":null},{"edgeID":"1706743","fromID":"1298615","toID":"1298633","formEdgeID":null},{"edgeID":"1706744","fromID":"1298633","toID":"1298632","formEdgeID":null}],"locutions":[]}