{"nodes":[{"nodeID":"1300426","text":"there is or is not any course for hope in light of the reported shift of Russia's military focus within Ukraine","type":"I","timestamp":"2023-11-09 12:55:58"},{"nodeID":"1300427","text":"AudienceMember 20220310QT13: Is there any course for hope in light of the reported shift of Russia's military focus within Ukraine","type":"L","timestamp":"2023-11-09 12:55:58"},{"nodeID":"1300428","text":"Ella: AudienceMember 20220310QT13: Is there any course for hope in light of the reported shift of Russia's military focus within Ukraine","type":"L","timestamp":"2023-11-09 12:55:58"},{"nodeID":"1300429","text":"we do or do not think the reported shift of Russia's military focus within Ukraine is further shadow games from the Kremlin","type":"I","timestamp":"2023-11-09 12:55:59"},{"nodeID":"1300430","text":"AudienceMember 20220310QT13: do we think this is further shadow games from the Kremlin","type":"L","timestamp":"2023-11-09 12:55:59"},{"nodeID":"1300431","text":"Ella: AudienceMember 20220310QT13: do we think this is further shadow games from the Kremlin","type":"L","timestamp":"2023-11-09 12:55:59"},{"nodeID":"1300432","text":"Zanny Minton Beddoes just came back from Ukraine where she interviewed President Zelensky","type":"I","timestamp":"2023-11-09 12:55:59"},{"nodeID":"1300433","text":"Victoria Derbyshire: you've just come back from Ukraine where you interviewed President Zelensky","type":"L","timestamp":"2023-11-09 12:55:59"},{"nodeID":"1300434","text":"Ella: Victoria Derbyshire: you've just come back from Ukraine where you interviewed President Zelensky","type":"L","timestamp":"2023-11-09 12:55:59"},{"nodeID":"1300435","text":"Zanny Minton Beddoes: I have, thank you","type":"L","timestamp":"2023-11-09 12:55:59"},{"nodeID":"1300436","text":"Ella: Zanny Minton Beddoes: I have, thank you","type":"L","timestamp":"2023-11-09 12:55:59"},{"nodeID":"1300437","text":"there is some course for hope in regards to the Russia-Ukraine war","type":"I","timestamp":"2023-11-09 12:56:00"},{"nodeID":"1300438","text":"Zanny Minton Beddoes: there is some course for hope","type":"L","timestamp":"2023-11-09 12:56:00"},{"nodeID":"1300439","text":"Ella: Zanny Minton Beddoes: there is some course for hope","type":"L","timestamp":"2023-11-09 12:56:00"},{"nodeID":"1300440","text":"take what the Russians are saying very, very sceptically","type":"I","timestamp":"2023-11-09 12:56:01"},{"nodeID":"1300441","text":"Zanny Minton Beddoes: take what the Russians are saying very, very sceptically","type":"L","timestamp":"2023-11-09 12:56:01"},{"nodeID":"1300442","text":"Ella: Zanny Minton Beddoes: take what the Russians are saying very, very sceptically","type":"L","timestamp":"2023-11-09 12:56:01"},{"nodeID":"1300443","text":"in Kyiv they're taking what the Russians say very, very sceptically","type":"I","timestamp":"2023-11-09 12:56:01"},{"nodeID":"1300444","text":"Zanny Minton Beddoes: in Kyiv they're taking that very, very sceptically","type":"L","timestamp":"2023-11-09 12:56:01"},{"nodeID":"1300445","text":"Ella: Zanny Minton Beddoes: in Kyiv they're taking that very, very sceptically","type":"L","timestamp":"2023-11-09 12:56:01"},{"nodeID":"1300446","text":"the Russians are saying we're now making a strategic decision to focus on the East of Ukraine","type":"I","timestamp":"2023-11-09 12:56:02"},{"nodeID":"1300447","text":"Zanny Minton Beddoes: The Russians are saying we're now making a strategic decision to focus on the East of Ukraine","type":"L","timestamp":"2023-11-09 12:56:02"},{"nodeID":"1300448","text":"Ella: Zanny Minton Beddoes: The Russians are saying we're now making a strategic decision to focus on the East of Ukraine","type":"L","timestamp":"2023-11-09 12:56:02"},{"nodeID":"1300449","text":"there's still shelling going on in Kyiv","type":"I","timestamp":"2023-11-09 12:56:03"},{"nodeID":"1300450","text":"Zanny Minton Beddoes: There's still shelling going on in Kyiv","type":"L","timestamp":"2023-11-09 12:56:03"},{"nodeID":"1300451","text":"Ella: Zanny Minton Beddoes: There's still shelling going on in Kyiv","type":"L","timestamp":"2023-11-09 12:56:03"},{"nodeID":"1300452","text":"no one really takes the Russians at their word","type":"I","timestamp":"2023-11-09 12:56:03"},{"nodeID":"1300453","text":"Zanny Minton Beddoes: no one really takes the Russians at their word","type":"L","timestamp":"2023-11-09 12:56:03"},{"nodeID":"1300454","text":"Ella: Zanny Minton Beddoes: no one really takes the Russians at their word","type":"L","timestamp":"2023-11-09 12:56:03"},{"nodeID":"1300455","text":"the Russians have clearly, more than a month into this, failed in what they thought they would do and what most people thought they would do","type":"I","timestamp":"2023-11-09 12:56:04"},{"nodeID":"1300456","text":"Zanny Minton Beddoes: they have clearly, more than a month into this, failed in what they thought they would do and what most people thought they would do","type":"L","timestamp":"2023-11-09 12:56:04"},{"nodeID":"1300457","text":"Ella: Zanny Minton Beddoes: they have clearly, more than a month into this, failed in what they thought they would do and what most people thought they would do","type":"L","timestamp":"2023-11-09 12:56:04"},{"nodeID":"1300458","text":"the Russians believed, as well as many others, they would be able to roll into Kyiv within 72 hours","type":"I","timestamp":"2023-11-09 12:56:04"},{"nodeID":"1300459","text":"Zanny Minton Beddoes: was be able to roll into Kyiv within 72 hours.","type":"L","timestamp":"2023-11-09 12:56:04"},{"nodeID":"1300460","text":"Ella: Zanny Minton Beddoes: was be able to roll into Kyiv within 72 hours.","type":"L","timestamp":"2023-11-09 12:56:04"},{"nodeID":"1300461","text":"the Russians failed to roll into Kyiv within 72 hours","type":"I","timestamp":"2023-11-09 12:56:05"},{"nodeID":"1300462","text":"Zanny Minton Beddoes: They have failed","type":"L","timestamp":"2023-11-09 12:56:05"},{"nodeID":"1300463","text":"Ella: Zanny Minton Beddoes: They have failed","type":"L","timestamp":"2023-11-09 12:56:05"},{"nodeID":"1300464","text":"Zanny Minton Beddoes was there in Kyiv","type":"I","timestamp":"2023-11-09 12:56:06"},{"nodeID":"1300465","text":"Zanny Minton Beddoes: I was there","type":"L","timestamp":"2023-11-09 12:56:06"},{"nodeID":"1300466","text":"Ella: Zanny Minton Beddoes: I was there","type":"L","timestamp":"2023-11-09 12:56:06"},{"nodeID":"1300467","text":"they were shelled on the outside of Kyiv","type":"I","timestamp":"2023-11-09 12:56:06"},{"nodeID":"1300468","text":"Zanny Minton Beddoes: they were shelled on the outside of Kyiv","type":"L","timestamp":"2023-11-09 12:56:06"},{"nodeID":"1300469","text":"Ella: Zanny Minton Beddoes: they were shelled on the outside of Kyiv","type":"L","timestamp":"2023-11-09 12:56:06"},{"nodeID":"1300470","text":"the city centre of Kyiv is well fortified","type":"I","timestamp":"2023-11-09 12:56:07"},{"nodeID":"1300471","text":"Zanny Minton Beddoes: the city centre is well fortified","type":"L","timestamp":"2023-11-09 12:56:07"},{"nodeID":"1300472","text":"Ella: Zanny Minton Beddoes: the city centre is well fortified","type":"L","timestamp":"2023-11-09 12:56:07"},{"nodeID":"1300473","text":"what's more important, the people there led by Volodymyr Zelensky are absolutely determined to resist this invasion","type":"I","timestamp":"2023-11-09 12:56:07"},{"nodeID":"1300474","text":"Zanny Minton Beddoes: what's more important, the people there led by Volodymyr Zelensky are absolutely determined to resist this invasion","type":"L","timestamp":"2023-11-09 12:56:07"},{"nodeID":"1300475","text":"Ella: Zanny Minton Beddoes: what's more important, the people there led by Volodymyr Zelensky are absolutely determined to resist this invasion","type":"L","timestamp":"2023-11-09 12:56:07"},{"nodeID":"1300476","text":"not only have the Ukrainians been able to resist the Russian invasion","type":"I","timestamp":"2023-11-09 12:56:08"},{"nodeID":"1300477","text":"Zanny Minton Beddoes: not only have they been able to resist it","type":"L","timestamp":"2023-11-09 12:56:08"},{"nodeID":"1300478","text":"Ella: Zanny Minton Beddoes: not only have they been able to resist it","type":"L","timestamp":"2023-11-09 12:56:08"},{"nodeID":"1300479","text":"in some areas the tide is turning somewhat","type":"I","timestamp":"2023-11-09 12:56:09"},{"nodeID":"1300480","text":"Zanny Minton Beddoes: in some areas the tide is turning somewha","type":"L","timestamp":"2023-11-09 12:56:09"},{"nodeID":"1300481","text":"Ella: Zanny Minton Beddoes: in some areas the tide is turning somewha","type":"L","timestamp":"2023-11-09 12:56:09"},{"nodeID":"1300482","text":"people are now talking about Ukrainian victory","type":"I","timestamp":"2023-11-09 12:56:09"},{"nodeID":"1300483","text":"Zanny Minton Beddoes: people are now talking about Ukrainian victory","type":"L","timestamp":"2023-11-09 12:56:09"},{"nodeID":"1300484","text":"Ella: Zanny Minton Beddoes: people are now talking about Ukrainian victory","type":"L","timestamp":"2023-11-09 12:56:09"},{"nodeID":"1300485","text":"Analysing","type":"YA","timestamp":"2023-11-09 12:56:09"},{"nodeID":"1300486","text":"Pure Questioning","type":"YA","timestamp":"2023-11-09 12:56:09"},{"nodeID":"1300487","text":"Analysing","type":"YA","timestamp":"2023-11-09 12:56:09"},{"nodeID":"1300488","text":"Pure Questioning","type":"YA","timestamp":"2023-11-09 12:56:09"},{"nodeID":"1300489","text":"Default Rephrase","type":"MA","timestamp":"2023-11-09 12:56:09"},{"nodeID":"1300490","text":"Default Transition","type":"TA","timestamp":"2023-11-09 12:56:09"},{"nodeID":"1300491","text":"Restating","type":"YA","timestamp":"2023-11-09 12:56:09"},{"nodeID":"1300492","text":"Analysing","type":"YA","timestamp":"2023-11-09 12:56:09"},{"nodeID":"1300493","text":"Asserting","type":"YA","timestamp":"2023-11-09 12:56:09"},{"nodeID":"1300494","text":"Default Transition","type":"TA","timestamp":"2023-11-09 12:56:09"},{"nodeID":"1300495","text":"Analysing","type":"YA","timestamp":"2023-11-09 12:56:09"},{"nodeID":"1300496","text":"Default Transition","type":"TA","timestamp":"2023-11-09 12:56:09"},{"nodeID":"1300497","text":"Agreeing","type":"YA","timestamp":"2023-11-09 12:56:09"},{"nodeID":"1300498","text":"Analysing","type":"YA","timestamp":"2023-11-09 12:56:09"},{"nodeID":"1300499","text":"Asserting","type":"YA","timestamp":"2023-11-09 12:56:09"},{"nodeID":"1300500","text":"Default Rephrase","type":"MA","timestamp":"2023-11-09 12:56:09"},{"nodeID":"1300501","text":"Default Transition","type":"TA","timestamp":"2023-11-09 12:56:09"},{"nodeID":"1300502","text":"Default Illocuting","type":"YA","timestamp":"2023-11-09 12:56:09"},{"nodeID":"1300503","text":"Analysing","type":"YA","timestamp":"2023-11-09 12:56:09"},{"nodeID":"1300504","text":"Asserting","type":"YA","timestamp":"2023-11-09 12:56:09"},{"nodeID":"1300505","text":"Default Conflict","type":"CA","timestamp":"2023-11-09 12:56:09"},{"nodeID":"1300506","text":"Default Transition","type":"TA","timestamp":"2023-11-09 12:56:09"},{"nodeID":"1300507","text":"Disagreeing","type":"YA","timestamp":"2023-11-09 12:56:09"},{"nodeID":"1300508","text":"Analysing","type":"YA","timestamp":"2023-11-09 12:56:09"},{"nodeID":"1300509","text":"Asserting","type":"YA","timestamp":"2023-11-09 12:56:09"},{"nodeID":"1300510","text":"Analysing","type":"YA","timestamp":"2023-11-09 12:56:09"},{"nodeID":"1300511","text":"Asserting","type":"YA","timestamp":"2023-11-09 12:56:09"},{"nodeID":"1300512","text":"Analysing","type":"YA","timestamp":"2023-11-09 12:56:09"},{"nodeID":"1300513","text":"Asserting","type":"YA","timestamp":"2023-11-09 12:56:09"},{"nodeID":"1300514","text":"Default Rephrase","type":"MA","timestamp":"2023-11-09 12:56:09"},{"nodeID":"1300515","text":"Default Transition","type":"TA","timestamp":"2023-11-09 12:56:09"},{"nodeID":"1300516","text":"Restating","type":"YA","timestamp":"2023-11-09 12:56:09"},{"nodeID":"1300517","text":"Default Transition","type":"TA","timestamp":"2023-11-09 12:56:09"},{"nodeID":"1300518","text":"Analysing","type":"YA","timestamp":"2023-11-09 12:56:09"},{"nodeID":"1300519","text":"Asserting","type":"YA","timestamp":"2023-11-09 12:56:09"},{"nodeID":"1300520","text":"Default Inference","type":"RA","timestamp":"2023-11-09 12:56:09"},{"nodeID":"1300521","text":"Default Transition","type":"TA","timestamp":"2023-11-09 12:56:09"},{"nodeID":"1300522","text":"Default Inference","type":"RA","timestamp":"2023-11-09 12:56:09"},{"nodeID":"1300523","text":"Default Transition","type":"TA","timestamp":"2023-11-09 12:56:09"},{"nodeID":"1300524","text":"Arguing","type":"YA","timestamp":"2023-11-09 12:56:09"},{"nodeID":"1300525","text":"Analysing","type":"YA","timestamp":"2023-11-09 12:56:09"},{"nodeID":"1300526","text":"Asserting","type":"YA","timestamp":"2023-11-09 12:56:09"},{"nodeID":"1300527","text":"Default Transition","type":"TA","timestamp":"2023-11-09 12:56:09"},{"nodeID":"1300528","text":"Analysing","type":"YA","timestamp":"2023-11-09 12:56:09"},{"nodeID":"1300529","text":"Asserting","type":"YA","timestamp":"2023-11-09 12:56:09"},{"nodeID":"1300530","text":"Default Rephrase","type":"MA","timestamp":"2023-11-09 12:56:09"},{"nodeID":"1300531","text":"Default Transition","type":"TA","timestamp":"2023-11-09 12:56:09"},{"nodeID":"1300532","text":"Restating","type":"YA","timestamp":"2023-11-09 12:56:09"},{"nodeID":"1300533","text":"Analysing","type":"YA","timestamp":"2023-11-09 12:56:09"},{"nodeID":"1300534","text":"Asserting","type":"YA","timestamp":"2023-11-09 12:56:09"},{"nodeID":"1300535","text":"Default Conflict","type":"CA","timestamp":"2023-11-09 12:56:09"},{"nodeID":"1300536","text":"Default Transition","type":"TA","timestamp":"2023-11-09 12:56:09"},{"nodeID":"1300537","text":"Disagreeing","type":"YA","timestamp":"2023-11-09 12:56:09"},{"nodeID":"1300538","text":"Analysing","type":"YA","timestamp":"2023-11-09 12:56:09"},{"nodeID":"1300539","text":"Asserting","type":"YA","timestamp":"2023-11-09 12:56:09"},{"nodeID":"1300540","text":"Analysing","type":"YA","timestamp":"2023-11-09 12:56:09"},{"nodeID":"1300541","text":"Asserting","type":"YA","timestamp":"2023-11-09 12:56:09"},{"nodeID":"1300542","text":"Default Transition","type":"TA","timestamp":"2023-11-09 12:56:09"},{"nodeID":"1300543","text":"Analysing","type":"YA","timestamp":"2023-11-09 12:56:09"},{"nodeID":"1300544","text":"Asserting","type":"YA","timestamp":"2023-11-09 12:56:09"},{"nodeID":"1300545","text":"Default Conflict","type":"CA","timestamp":"2023-11-09 12:56:09"},{"nodeID":"1300546","text":"Default Transition","type":"TA","timestamp":"2023-11-09 12:56:09"},{"nodeID":"1300547","text":"Disagreeing","type":"YA","timestamp":"2023-11-09 12:56:09"},{"nodeID":"1300548","text":"Analysing","type":"YA","timestamp":"2023-11-09 12:56:09"},{"nodeID":"1300549","text":"Asserting","type":"YA","timestamp":"2023-11-09 12:56:09"},{"nodeID":"1300550","text":"Default Transition","type":"TA","timestamp":"2023-11-09 12:56:09"},{"nodeID":"1300551","text":"Default Conflict","type":"CA","timestamp":"2023-11-09 12:56:09"},{"nodeID":"1300552","text":"Disagreeing","type":"YA","timestamp":"2023-11-09 12:56:09"},{"nodeID":"1300553","text":"Analysing","type":"YA","timestamp":"2023-11-09 12:56:09"},{"nodeID":"1300554","text":"Asserting","type":"YA","timestamp":"2023-11-09 12:56:09"},{"nodeID":"1300555","text":"Analysing","type":"YA","timestamp":"2023-11-09 12:56:09"},{"nodeID":"1300556","text":"Asserting","type":"YA","timestamp":"2023-11-09 12:56:09"},{"nodeID":"1300557","text":"Analysing","type":"YA","timestamp":"2023-11-09 12:56:09"},{"nodeID":"1300558","text":"Asserting","type":"YA","timestamp":"2023-11-09 12:56:09"},{"nodeID":"1300559","text":"Default Transition","type":"TA","timestamp":"2023-11-09 12:56:09"},{"nodeID":"1300560","text":"Default Transition","type":"TA","timestamp":"2023-11-09 12:56:09"},{"nodeID":"1300561","text":"Default Transition","type":"TA","timestamp":"2023-11-09 12:56:09"},{"nodeID":"1300562","text":"Default Conflict","type":"CA","timestamp":"2023-11-09 12:56:09"},{"nodeID":"1300563","text":"Disagreeing","type":"YA","timestamp":"2023-11-09 12:56:09"},{"nodeID":"1300564","text":"Default Inference","type":"RA","timestamp":"2023-11-09 12:56:09"},{"nodeID":"1300565","text":"Arguing","type":"YA","timestamp":"2023-11-09 12:56:09"},{"nodeID":"1300566","text":"Default Rephrase","type":"MA","timestamp":"2023-11-09 12:56:09"},{"nodeID":"1300567","text":"Default Transition","type":"TA","timestamp":"2023-11-09 12:56:09"},{"nodeID":"1300568","text":"Restating","type":"YA","timestamp":"2023-11-09 12:56:09"},{"nodeID":"1300569","text":"Default Transition","type":"TA","timestamp":"2023-11-09 12:56:09"},{"nodeID":"1300570","text":"Arguing","type":"YA","timestamp":"2023-11-09 12:56:09"}],"edges":[{"edgeID":"1708848","fromID":"1300485","toID":"1300427","formEdgeID":null},{"edgeID":"1708849","fromID":"1300428","toID":"1300485","formEdgeID":null},{"edgeID":"1708850","fromID":"1300486","toID":"1300426","formEdgeID":null},{"edgeID":"1708851","fromID":"1300427","toID":"1300486","formEdgeID":null},{"edgeID":"1708852","fromID":"1300488","toID":"1300429","formEdgeID":null},{"edgeID":"1708853","fromID":"1300430","toID":"1300488","formEdgeID":null},{"edgeID":"1708854","fromID":"1300487","toID":"1300430","formEdgeID":null},{"edgeID":"1708855","fromID":"1300431","toID":"1300487","formEdgeID":null},{"edgeID":"1708856","fromID":"1300489","toID":"1300426","formEdgeID":null},{"edgeID":"1708857","fromID":"1300429","toID":"1300489","formEdgeID":null},{"edgeID":"1708858","fromID":"1300427","toID":"1300490","formEdgeID":null},{"edgeID":"1708859","fromID":"1300490","toID":"1300430","formEdgeID":null},{"edgeID":"1708860","fromID":"1300490","toID":"1300491","formEdgeID":null},{"edgeID":"1708861","fromID":"1300491","toID":"1300489","formEdgeID":null},{"edgeID":"1708862","fromID":"1300434","toID":"1300492","formEdgeID":null},{"edgeID":"1708863","fromID":"1300492","toID":"1300433","formEdgeID":null},{"edgeID":"1708864","fromID":"1300493","toID":"1300432","formEdgeID":null},{"edgeID":"1708865","fromID":"1300433","toID":"1300493","formEdgeID":null},{"edgeID":"1708866","fromID":"1300430","toID":"1300494","formEdgeID":null},{"edgeID":"1708867","fromID":"1300494","toID":"1300433","formEdgeID":null},{"edgeID":"1708868","fromID":"1300436","toID":"1300495","formEdgeID":null},{"edgeID":"1708869","fromID":"1300495","toID":"1300435","formEdgeID":null},{"edgeID":"1708870","fromID":"1300433","toID":"1300496","formEdgeID":null},{"edgeID":"1708871","fromID":"1300496","toID":"1300435","formEdgeID":null},{"edgeID":"1708872","fromID":"1300497","toID":"1300432","formEdgeID":null},{"edgeID":"1708873","fromID":"1300496","toID":"1300497","formEdgeID":null},{"edgeID":"1708874","fromID":"1300498","toID":"1300438","formEdgeID":null},{"edgeID":"1708875","fromID":"1300439","toID":"1300498","formEdgeID":null},{"edgeID":"1708876","fromID":"1300438","toID":"1300499","formEdgeID":null},{"edgeID":"1708877","fromID":"1300499","toID":"1300437","formEdgeID":null},{"edgeID":"1708878","fromID":"1300437","toID":"1300500","formEdgeID":null},{"edgeID":"1708879","fromID":"1300500","toID":"1300429","formEdgeID":null},{"edgeID":"1708880","fromID":"1300427","toID":"1300501","formEdgeID":null},{"edgeID":"1708881","fromID":"1300501","toID":"1300438","formEdgeID":null},{"edgeID":"1708882","fromID":"1300502","toID":"1300500","formEdgeID":null},{"edgeID":"1708883","fromID":"1300501","toID":"1300502","formEdgeID":null},{"edgeID":"1708884","fromID":"1300503","toID":"1300441","formEdgeID":null},{"edgeID":"1708885","fromID":"1300442","toID":"1300503","formEdgeID":null},{"edgeID":"1708886","fromID":"1300441","toID":"1300504","formEdgeID":null},{"edgeID":"1708887","fromID":"1300504","toID":"1300440","formEdgeID":null},{"edgeID":"1708888","fromID":"1300505","toID":"1300437","formEdgeID":null},{"edgeID":"1708889","fromID":"1300440","toID":"1300505","formEdgeID":null},{"edgeID":"1708890","fromID":"1300438","toID":"1300506","formEdgeID":null},{"edgeID":"1708891","fromID":"1300506","toID":"1300441","formEdgeID":null},{"edgeID":"1708892","fromID":"1300506","toID":"1300507","formEdgeID":null},{"edgeID":"1708893","fromID":"1300507","toID":"1300505","formEdgeID":null},{"edgeID":"1708894","fromID":"1300508","toID":"1300444","formEdgeID":null},{"edgeID":"1708895","fromID":"1300445","toID":"1300508","formEdgeID":null},{"edgeID":"1708896","fromID":"1300509","toID":"1300443","formEdgeID":null},{"edgeID":"1708897","fromID":"1300444","toID":"1300509","formEdgeID":null},{"edgeID":"1708898","fromID":"1300510","toID":"1300447","formEdgeID":null},{"edgeID":"1708899","fromID":"1300448","toID":"1300510","formEdgeID":null},{"edgeID":"1708900","fromID":"1300511","toID":"1300446","formEdgeID":null},{"edgeID":"1708901","fromID":"1300447","toID":"1300511","formEdgeID":null},{"edgeID":"1708902","fromID":"1300512","toID":"1300450","formEdgeID":null},{"edgeID":"1708903","fromID":"1300451","toID":"1300512","formEdgeID":null},{"edgeID":"1708904","fromID":"1300450","toID":"1300513","formEdgeID":null},{"edgeID":"1708905","fromID":"1300513","toID":"1300449","formEdgeID":null},{"edgeID":"1708906","fromID":"1300443","toID":"1300514","formEdgeID":null},{"edgeID":"1708907","fromID":"1300514","toID":"1300440","formEdgeID":null},{"edgeID":"1708908","fromID":"1300515","toID":"1300444","formEdgeID":null},{"edgeID":"1708909","fromID":"1300441","toID":"1300515","formEdgeID":null},{"edgeID":"1708910","fromID":"1300516","toID":"1300514","formEdgeID":null},{"edgeID":"1708911","fromID":"1300515","toID":"1300516","formEdgeID":null},{"edgeID":"1708912","fromID":"1300447","toID":"1300517","formEdgeID":null},{"edgeID":"1708913","fromID":"1300517","toID":"1300450","formEdgeID":null},{"edgeID":"1708914","fromID":"1300454","toID":"1300518","formEdgeID":null},{"edgeID":"1708915","fromID":"1300518","toID":"1300453","formEdgeID":null},{"edgeID":"1708916","fromID":"1300453","toID":"1300519","formEdgeID":null},{"edgeID":"1708917","fromID":"1300519","toID":"1300452","formEdgeID":null},{"edgeID":"1708918","fromID":"1300446","toID":"1300520","formEdgeID":null},{"edgeID":"1708919","fromID":"1300520","toID":"1300443","formEdgeID":null},{"edgeID":"1708920","fromID":"1300450","toID":"1300521","formEdgeID":null},{"edgeID":"1708921","fromID":"1300521","toID":"1300453","formEdgeID":null},{"edgeID":"1708922","fromID":"1300446","toID":"1300522","formEdgeID":null},{"edgeID":"1708923","fromID":"1300522","toID":"1300452","formEdgeID":null},{"edgeID":"1708924","fromID":"1300449","toID":"1300522","formEdgeID":null},{"edgeID":"1708925","fromID":"1300447","toID":"1300523","formEdgeID":null},{"edgeID":"1708926","fromID":"1300523","toID":"1300453","formEdgeID":null},{"edgeID":"1708927","fromID":"1300521","toID":"1300524","formEdgeID":null},{"edgeID":"1708928","fromID":"1300524","toID":"1300522","formEdgeID":null},{"edgeID":"1708929","fromID":"1300526","toID":"1300455","formEdgeID":null},{"edgeID":"1708930","fromID":"1300456","toID":"1300526","formEdgeID":null},{"edgeID":"1708931","fromID":"1300525","toID":"1300456","formEdgeID":null},{"edgeID":"1708932","fromID":"1300457","toID":"1300525","formEdgeID":null},{"edgeID":"1708933","fromID":"1300453","toID":"1300527","formEdgeID":null},{"edgeID":"1708934","fromID":"1300527","toID":"1300456","formEdgeID":null},{"edgeID":"1708935","fromID":"1300528","toID":"1300459","formEdgeID":null},{"edgeID":"1708936","fromID":"1300460","toID":"1300528","formEdgeID":null},{"edgeID":"1708937","fromID":"1300459","toID":"1300529","formEdgeID":null},{"edgeID":"1708938","fromID":"1300529","toID":"1300458","formEdgeID":null},{"edgeID":"1708939","fromID":"1300458","toID":"1300530","formEdgeID":null},{"edgeID":"1708940","fromID":"1300530","toID":"1300455","formEdgeID":null},{"edgeID":"1708941","fromID":"1300531","toID":"1300459","formEdgeID":null},{"edgeID":"1708942","fromID":"1300456","toID":"1300531","formEdgeID":null},{"edgeID":"1708943","fromID":"1300532","toID":"1300530","formEdgeID":null},{"edgeID":"1708944","fromID":"1300531","toID":"1300532","formEdgeID":null},{"edgeID":"1708945","fromID":"1300533","toID":"1300462","formEdgeID":null},{"edgeID":"1708946","fromID":"1300463","toID":"1300533","formEdgeID":null},{"edgeID":"1708947","fromID":"1300462","toID":"1300534","formEdgeID":null},{"edgeID":"1708948","fromID":"1300534","toID":"1300461","formEdgeID":null},{"edgeID":"1708949","fromID":"1300461","toID":"1300535","formEdgeID":null},{"edgeID":"1708950","fromID":"1300535","toID":"1300458","formEdgeID":null},{"edgeID":"1708951","fromID":"1300536","toID":"1300462","formEdgeID":null},{"edgeID":"1708952","fromID":"1300459","toID":"1300536","formEdgeID":null},{"edgeID":"1708953","fromID":"1300536","toID":"1300537","formEdgeID":null},{"edgeID":"1708954","fromID":"1300537","toID":"1300535","formEdgeID":null},{"edgeID":"1708955","fromID":"1300466","toID":"1300538","formEdgeID":null},{"edgeID":"1708956","fromID":"1300538","toID":"1300465","formEdgeID":null},{"edgeID":"1708957","fromID":"1300465","toID":"1300539","formEdgeID":null},{"edgeID":"1708958","fromID":"1300539","toID":"1300464","formEdgeID":null},{"edgeID":"1708959","fromID":"1300540","toID":"1300468","formEdgeID":null},{"edgeID":"1708960","fromID":"1300468","toID":"1300541","formEdgeID":null},{"edgeID":"1708961","fromID":"1300469","toID":"1300540","formEdgeID":null},{"edgeID":"1708962","fromID":"1300541","toID":"1300467","formEdgeID":null},{"edgeID":"1708963","fromID":"1300542","toID":"1300468","formEdgeID":null},{"edgeID":"1708964","fromID":"1300465","toID":"1300542","formEdgeID":null},{"edgeID":"1708965","fromID":"1300543","toID":"1300471","formEdgeID":null},{"edgeID":"1708966","fromID":"1300472","toID":"1300543","formEdgeID":null},{"edgeID":"1708967","fromID":"1300544","toID":"1300470","formEdgeID":null},{"edgeID":"1708968","fromID":"1300471","toID":"1300544","formEdgeID":null},{"edgeID":"1708969","fromID":"1300470","toID":"1300545","formEdgeID":null},{"edgeID":"1708970","fromID":"1300545","toID":"1300467","formEdgeID":null},{"edgeID":"1708971","fromID":"1300546","toID":"1300471","formEdgeID":null},{"edgeID":"1708972","fromID":"1300468","toID":"1300546","formEdgeID":null},{"edgeID":"1708973","fromID":"1300546","toID":"1300547","formEdgeID":null},{"edgeID":"1708974","fromID":"1300547","toID":"1300545","formEdgeID":null},{"edgeID":"1708975","fromID":"1300548","toID":"1300474","formEdgeID":null},{"edgeID":"1708976","fromID":"1300475","toID":"1300548","formEdgeID":null},{"edgeID":"1708977","fromID":"1300474","toID":"1300549","formEdgeID":null},{"edgeID":"1708978","fromID":"1300549","toID":"1300473","formEdgeID":null},{"edgeID":"1708979","fromID":"1300471","toID":"1300550","formEdgeID":null},{"edgeID":"1708980","fromID":"1300550","toID":"1300474","formEdgeID":null},{"edgeID":"1708981","fromID":"1300473","toID":"1300551","formEdgeID":null},{"edgeID":"1708982","fromID":"1300551","toID":"1300470","formEdgeID":null},{"edgeID":"1708983","fromID":"1300550","toID":"1300552","formEdgeID":null},{"edgeID":"1708984","fromID":"1300552","toID":"1300551","formEdgeID":null},{"edgeID":"1708985","fromID":"1300478","toID":"1300553","formEdgeID":null},{"edgeID":"1708986","fromID":"1300553","toID":"1300477","formEdgeID":null},{"edgeID":"1708987","fromID":"1300477","toID":"1300554","formEdgeID":null},{"edgeID":"1708988","fromID":"1300554","toID":"1300476","formEdgeID":null},{"edgeID":"1708989","fromID":"1300555","toID":"1300480","formEdgeID":null},{"edgeID":"1708990","fromID":"1300481","toID":"1300555","formEdgeID":null},{"edgeID":"1708991","fromID":"1300480","toID":"1300556","formEdgeID":null},{"edgeID":"1708992","fromID":"1300556","toID":"1300479","formEdgeID":null},{"edgeID":"1708993","fromID":"1300557","toID":"1300483","formEdgeID":null},{"edgeID":"1708994","fromID":"1300484","toID":"1300557","formEdgeID":null},{"edgeID":"1708995","fromID":"1300483","toID":"1300558","formEdgeID":null},{"edgeID":"1708996","fromID":"1300558","toID":"1300482","formEdgeID":null},{"edgeID":"1708997","fromID":"1300474","toID":"1300559","formEdgeID":null},{"edgeID":"1708998","fromID":"1300559","toID":"1300477","formEdgeID":null},{"edgeID":"1708999","fromID":"1300477","toID":"1300560","formEdgeID":null},{"edgeID":"1709000","fromID":"1300560","toID":"1300480","formEdgeID":null},{"edgeID":"1709001","fromID":"1300480","toID":"1300561","formEdgeID":null},{"edgeID":"1709002","fromID":"1300561","toID":"1300483","formEdgeID":null},{"edgeID":"1709003","fromID":"1300479","toID":"1300562","formEdgeID":null},{"edgeID":"1709004","fromID":"1300562","toID":"1300476","formEdgeID":null},{"edgeID":"1709005","fromID":"1300563","toID":"1300562","formEdgeID":null},{"edgeID":"1709006","fromID":"1300560","toID":"1300563","formEdgeID":null},{"edgeID":"1709007","fromID":"1300479","toID":"1300564","formEdgeID":null},{"edgeID":"1709008","fromID":"1300564","toID":"1300482","formEdgeID":null},{"edgeID":"1709009","fromID":"1300565","toID":"1300564","formEdgeID":null},{"edgeID":"1709010","fromID":"1300561","toID":"1300565","formEdgeID":null},{"edgeID":"1709011","fromID":"1300464","toID":"1300566","formEdgeID":null},{"edgeID":"1709012","fromID":"1300566","toID":"1300432","formEdgeID":null},{"edgeID":"1709013","fromID":"1300433","toID":"1300567","formEdgeID":null},{"edgeID":"1709014","fromID":"1300567","toID":"1300465","formEdgeID":null},{"edgeID":"1709015","fromID":"1300567","toID":"1300568","formEdgeID":null},{"edgeID":"1709016","fromID":"1300568","toID":"1300566","formEdgeID":null},{"edgeID":"1709017","fromID":"1300449","toID":"1300520","formEdgeID":null},{"edgeID":"1709018","fromID":"1300444","toID":"1300569","formEdgeID":null},{"edgeID":"1709019","fromID":"1300569","toID":"1300450","formEdgeID":null},{"edgeID":"1709020","fromID":"1300517","toID":"1300570","formEdgeID":null},{"edgeID":"1709021","fromID":"1300570","toID":"1300520","formEdgeID":null}],"locutions":[]}