{"nodes":[{"nodeID":"1144547","text":"Tory MPs will decide but it looks increasingly unclear that they will push Boris Johnson out","type":"I","timestamp":"2023-04-20 10:08:13"},{"nodeID":"1144552","text":"we can debate whether given what's happening in Ukraine and so forth, there'll be all kinds of discussions","type":"I","timestamp":"2023-04-20 10:08:15"},{"nodeID":"1144558","text":"there is a long term cost to allowing this kind of behaviour to be got away with","type":"I","timestamp":"2023-04-20 10:08:18"},{"nodeID":"1144564","text":"that long term cost comes to trust in our Government, trust in our democracy, standards in public life","type":"I","timestamp":"2023-04-20 10:08:20"},{"nodeID":"1144570","text":"trust in our Government, in our democracy and standards in public life really matter","type":"I","timestamp":"2023-04-20 10:08:22"},{"nodeID":"1144578","text":"Boris Johnson should resign now","type":"I","timestamp":"2023-04-20 10:08:25"},{"nodeID":"1144584","text":"no, we haven't had the fixed penalty notice yet","type":"I","timestamp":"2023-04-20 10:08:27"},{"nodeID":"1144592","text":"Boris Johnson's lied and misled Parliament","type":"I","timestamp":"2023-04-20 10:08:29"},{"nodeID":"1144602","text":"we argued that Boris Johnson was fundamentally unsuitable to be prime minster long before this","type":"I","timestamp":"2023-04-20 10:08:33"},{"nodeID":"1144608","text":"Boris Johnson should or shouldn't resign now","type":"I","timestamp":"2023-04-20 10:08:35"},{"nodeID":"1144616","text":"Boris Johnson should resign right this very minute","type":"I","timestamp":"2023-04-20 10:08:38"},{"nodeID":"1144628","text":"let's get the fixed penalty notice","type":"I","timestamp":"2023-04-20 10:08:41"},{"nodeID":"1144636","text":"we know Boris Johnson's lied","type":"I","timestamp":"2023-04-20 10:08:44"},{"nodeID":"1144645","text":"we do know Boris Johnson's lied","type":"I","timestamp":"2023-04-20 10:08:46"},{"nodeID":"1144653","text":"Boris Johnson should've resigned a long time ago","type":"I","timestamp":"2023-04-20 10:08:49"},{"nodeID":"1302787","text":"Steve Reed: Yes","type":"L","timestamp":"2023-11-09 12:59:20"},{"nodeID":"1302788","text":"Zanny Minton Beddoes: They will decide but it looks increasingly unclear that they will push him out","type":"L","timestamp":"2023-11-09 12:59:21"},{"nodeID":"1302789","text":"Analysing","type":"YA","timestamp":"2023-11-09 12:59:21"},{"nodeID":"1302790","text":"Nicole: Zanny Minton Beddoes: They will decide but it looks increasingly unclear that they will push him out","type":"L","timestamp":"2023-11-09 12:59:21"},{"nodeID":"1302791","text":"Asserting","type":"YA","timestamp":"2023-11-09 12:59:21"},{"nodeID":"1302792","text":"Zanny Minton Beddoes: we can debate whether given what's happening in Ukraine and so forth, there'll be all kinds of discussions","type":"L","timestamp":"2023-11-09 12:59:22"},{"nodeID":"1302793","text":"Analysing","type":"YA","timestamp":"2023-11-09 12:59:22"},{"nodeID":"1302794","text":"Nicole: Zanny Minton Beddoes: we can debate whether given what's happening in Ukraine and so forth, there'll be all kinds of discussions","type":"L","timestamp":"2023-11-09 12:59:22"},{"nodeID":"1302795","text":"Asserting","type":"YA","timestamp":"2023-11-09 12:59:22"},{"nodeID":"1302796","text":"Default Transition","type":"TA","timestamp":"2023-11-09 12:59:22"},{"nodeID":"1302797","text":"Zanny Minton Beddoes: there is a long term cost to allowing this kind of behaviour to be got away with","type":"L","timestamp":"2023-11-09 12:59:22"},{"nodeID":"1302798","text":"Analysing","type":"YA","timestamp":"2023-11-09 12:59:22"},{"nodeID":"1302799","text":"Nicole: Zanny Minton Beddoes: there is a long term cost to allowing this kind of behaviour to be got away with","type":"L","timestamp":"2023-11-09 12:59:22"},{"nodeID":"1302800","text":"Asserting","type":"YA","timestamp":"2023-11-09 12:59:22"},{"nodeID":"1302801","text":"Default Transition","type":"TA","timestamp":"2023-11-09 12:59:22"},{"nodeID":"1302802","text":"Zanny Minton Beddoes: that long term cost comes to trust in our Government, trust in our democracy, standards in public life","type":"L","timestamp":"2023-11-09 12:59:23"},{"nodeID":"1302803","text":"Analysing","type":"YA","timestamp":"2023-11-09 12:59:23"},{"nodeID":"1302804","text":"Nicole: Zanny Minton Beddoes: that long term cost comes to trust in our Government, trust in our democracy, standards in public life","type":"L","timestamp":"2023-11-09 12:59:23"},{"nodeID":"1302805","text":"Asserting","type":"YA","timestamp":"2023-11-09 12:59:23"},{"nodeID":"1302806","text":"Default Transition","type":"TA","timestamp":"2023-11-09 12:59:23"},{"nodeID":"1302807","text":"Zanny Minton Beddoes: all of that stuff really matters","type":"L","timestamp":"2023-11-09 12:59:23"},{"nodeID":"1302808","text":"Analysing","type":"YA","timestamp":"2023-11-09 12:59:23"},{"nodeID":"1302809","text":"Nicole: Zanny Minton Beddoes: all of that stuff really matters","type":"L","timestamp":"2023-11-09 12:59:23"},{"nodeID":"1302810","text":"Asserting","type":"YA","timestamp":"2023-11-09 12:59:23"},{"nodeID":"1302811","text":"Default Transition","type":"TA","timestamp":"2023-11-09 12:59:23"},{"nodeID":"1302812","text":"Default Rephrase","type":"MA","timestamp":"2023-11-09 12:59:23"},{"nodeID":"1302813","text":"Restating","type":"YA","timestamp":"2023-11-09 12:59:23"},{"nodeID":"1302814","text":"Victoria Derbyshire: he should resign now","type":"L","timestamp":"2023-11-09 12:59:24"},{"nodeID":"1302815","text":"Analysing","type":"YA","timestamp":"2023-11-09 12:59:24"},{"nodeID":"1302816","text":"Nicole: Victoria Derbyshire: he should resign now","type":"L","timestamp":"2023-11-09 12:59:24"},{"nodeID":"1302817","text":"Assertive Questioning","type":"YA","timestamp":"2023-11-09 12:59:24"},{"nodeID":"1302818","text":"Default Transition","type":"TA","timestamp":"2023-11-09 12:59:24"},{"nodeID":"1302819","text":"Zanny Minton Beddoes: no, we haven't had the fixed penalty notice yet","type":"L","timestamp":"2023-11-09 12:59:25"},{"nodeID":"1302820","text":"Analysing","type":"YA","timestamp":"2023-11-09 12:59:25"},{"nodeID":"1302821","text":"Nicole: Zanny Minton Beddoes: no, we haven't had the fixed penalty notice yet","type":"L","timestamp":"2023-11-09 12:59:25"},{"nodeID":"1302822","text":"Asserting","type":"YA","timestamp":"2023-11-09 12:59:25"},{"nodeID":"1302823","text":"Default Transition","type":"TA","timestamp":"2023-11-09 12:59:25"},{"nodeID":"1302824","text":"Default Conflict","type":"CA","timestamp":"2023-11-09 12:59:25"},{"nodeID":"1302825","text":"Disagreeing","type":"YA","timestamp":"2023-11-09 12:59:25"},{"nodeID":"1302826","text":"Victoria Derbyshire: you've said he's lied and misled Parliament","type":"L","timestamp":"2023-11-09 12:59:25"},{"nodeID":"1302827","text":"Analysing","type":"YA","timestamp":"2023-11-09 12:59:25"},{"nodeID":"1302828","text":"Nicole: Victoria Derbyshire: you've said he's lied and misled Parliament","type":"L","timestamp":"2023-11-09 12:59:25"},{"nodeID":"1302829","text":"Default Transition","type":"TA","timestamp":"2023-11-09 12:59:25"},{"nodeID":"1302830","text":"Zanny Minton Beddoes: Boris Johnson's lied and misled Parliament","type":"L","timestamp":"2023-11-09 12:59:25"},{"nodeID":"1302831","text":"Analysing","type":"YA","timestamp":"2023-11-09 12:59:25"},{"nodeID":"1302832","text":"Nicole: Zanny Minton Beddoes: Boris Johnson's lied and misled Parliament","type":"L","timestamp":"2023-11-09 12:59:25"},{"nodeID":"1302833","text":"Asserting","type":"YA","timestamp":"2023-11-09 12:59:25"},{"nodeID":"1302834","text":"Asserting","type":"YA","timestamp":"2023-11-09 12:59:25"},{"nodeID":"1302835","text":"Zanny Minton Beddoes: We argued that he was fundamentally unsuitable to be prime minster long before this","type":"L","timestamp":"2023-11-09 12:59:26"},{"nodeID":"1302836","text":"Analysing","type":"YA","timestamp":"2023-11-09 12:59:26"},{"nodeID":"1302837","text":"Nicole: Zanny Minton Beddoes: We argued that he was fundamentally unsuitable to be prime minster long before this","type":"L","timestamp":"2023-11-09 12:59:26"},{"nodeID":"1302838","text":"Asserting","type":"YA","timestamp":"2023-11-09 12:59:26"},{"nodeID":"1302839","text":"Default Transition","type":"TA","timestamp":"2023-11-09 12:59:26"},{"nodeID":"1302840","text":"Victoria Derbyshire: should he resign now","type":"L","timestamp":"2023-11-09 12:59:27"},{"nodeID":"1302841","text":"Analysing","type":"YA","timestamp":"2023-11-09 12:59:27"},{"nodeID":"1302842","text":"Nicole: Victoria Derbyshire: should he resign now","type":"L","timestamp":"2023-11-09 12:59:27"},{"nodeID":"1302843","text":"Pure Questioning","type":"YA","timestamp":"2023-11-09 12:59:27"},{"nodeID":"1302844","text":"Default Transition","type":"TA","timestamp":"2023-11-09 12:59:27"},{"nodeID":"1302845","text":"Default Rephrase","type":"MA","timestamp":"2023-11-09 12:59:27"},{"nodeID":"1302846","text":"Restating","type":"YA","timestamp":"2023-11-09 12:59:27"},{"nodeID":"1302847","text":"Zanny Minton Beddoes: Right this very minute","type":"L","timestamp":"2023-11-09 12:59:27"},{"nodeID":"1302848","text":"Analysing","type":"YA","timestamp":"2023-11-09 12:59:27"},{"nodeID":"1302849","text":"Nicole: Zanny Minton Beddoes: Right this very minute","type":"L","timestamp":"2023-11-09 12:59:27"},{"nodeID":"1302850","text":"Asserting","type":"YA","timestamp":"2023-11-09 12:59:27"},{"nodeID":"1302851","text":"Default Transition","type":"TA","timestamp":"2023-11-09 12:59:27"},{"nodeID":"1302852","text":"Default Rephrase","type":"MA","timestamp":"2023-11-09 12:59:27"},{"nodeID":"1302853","text":"Default Illocuting","type":"YA","timestamp":"2023-11-09 12:59:27"},{"nodeID":"1302854","text":"Analysing","type":"YA","timestamp":"2023-11-09 12:59:27"},{"nodeID":"1302855","text":"Nicole: Steve Reed: Yes","type":"L","timestamp":"2023-11-09 12:59:27"},{"nodeID":"1302856","text":"Default Transition","type":"TA","timestamp":"2023-11-09 12:59:27"},{"nodeID":"1302857","text":"Agreeing","type":"YA","timestamp":"2023-11-09 12:59:27"},{"nodeID":"1302858","text":"Zanny Minton Beddoes: Let's get the fixed penalty notice","type":"L","timestamp":"2023-11-09 12:59:28"},{"nodeID":"1302859","text":"Analysing","type":"YA","timestamp":"2023-11-09 12:59:28"},{"nodeID":"1302860","text":"Nicole: Zanny Minton Beddoes: Let's get the fixed penalty notice","type":"L","timestamp":"2023-11-09 12:59:28"},{"nodeID":"1302861","text":"Asserting","type":"YA","timestamp":"2023-11-09 12:59:28"},{"nodeID":"1302862","text":"Default Transition","type":"TA","timestamp":"2023-11-09 12:59:28"},{"nodeID":"1302863","text":"Default Rephrase","type":"MA","timestamp":"2023-11-09 12:59:28"},{"nodeID":"1302864","text":"Restating","type":"YA","timestamp":"2023-11-09 12:59:28"},{"nodeID":"1302865","text":"Steve Reed: we know he's lied","type":"L","timestamp":"2023-11-09 12:59:28"},{"nodeID":"1302866","text":"Analysing","type":"YA","timestamp":"2023-11-09 12:59:28"},{"nodeID":"1302867","text":"Nicole: Steve Reed: we know he's lied","type":"L","timestamp":"2023-11-09 12:59:28"},{"nodeID":"1302868","text":"Asserting","type":"YA","timestamp":"2023-11-09 12:59:28"},{"nodeID":"1302869","text":"Default Transition","type":"TA","timestamp":"2023-11-09 12:59:28"},{"nodeID":"1302870","text":"Default Rephrase","type":"MA","timestamp":"2023-11-09 12:59:28"},{"nodeID":"1302871","text":"Restating","type":"YA","timestamp":"2023-11-09 12:59:28"},{"nodeID":"1302872","text":"Default Transition","type":"TA","timestamp":"2023-11-09 12:59:28"},{"nodeID":"1302873","text":"Zanny Minton Beddoes: We do know he's lied","type":"L","timestamp":"2023-11-09 12:59:29"},{"nodeID":"1302874","text":"Analysing","type":"YA","timestamp":"2023-11-09 12:59:29"},{"nodeID":"1302875","text":"Nicole: Zanny Minton Beddoes: We do know he's lied","type":"L","timestamp":"2023-11-09 12:59:29"},{"nodeID":"1302876","text":"Asserting","type":"YA","timestamp":"2023-11-09 12:59:29"},{"nodeID":"1302877","text":"Default Transition","type":"TA","timestamp":"2023-11-09 12:59:29"},{"nodeID":"1302878","text":"Default Rephrase","type":"MA","timestamp":"2023-11-09 12:59:29"},{"nodeID":"1302879","text":"Restating","type":"YA","timestamp":"2023-11-09 12:59:29"},{"nodeID":"1302880","text":"Zanny Minton Beddoes: he should've resigned a long time ago","type":"L","timestamp":"2023-11-09 12:59:30"},{"nodeID":"1302881","text":"Analysing","type":"YA","timestamp":"2023-11-09 12:59:30"},{"nodeID":"1302882","text":"Nicole: Zanny Minton Beddoes: he should've resigned a long time ago","type":"L","timestamp":"2023-11-09 12:59:30"},{"nodeID":"1302883","text":"Asserting","type":"YA","timestamp":"2023-11-09 12:59:30"},{"nodeID":"1302884","text":"Default Transition","type":"TA","timestamp":"2023-11-09 12:59:30"},{"nodeID":"1302885","text":"Default Inference","type":"RA","timestamp":"2023-11-09 12:59:30"},{"nodeID":"1302886","text":"Arguing","type":"YA","timestamp":"2023-11-09 12:59:30"},{"nodeID":"1302887","text":"Default Transition","type":"TA","timestamp":"2023-11-09 12:59:30"},{"nodeID":"1302888","text":"Default Rephrase","type":"MA","timestamp":"2023-11-09 12:59:30"},{"nodeID":"1302889","text":"Restating","type":"YA","timestamp":"2023-11-09 12:59:30"}],"edges":[{"edgeID":"1711826","fromID":"1302789","toID":"1302788","formEdgeID":null},{"edgeID":"1711827","fromID":"1302790","toID":"1302789","formEdgeID":null},{"edgeID":"1711828","fromID":"1302788","toID":"1302791","formEdgeID":null},{"edgeID":"1711829","fromID":"1302791","toID":"1144547","formEdgeID":null},{"edgeID":"1711830","fromID":"1302793","toID":"1302792","formEdgeID":null},{"edgeID":"1711831","fromID":"1302794","toID":"1302793","formEdgeID":null},{"edgeID":"1711832","fromID":"1302792","toID":"1302795","formEdgeID":null},{"edgeID":"1711833","fromID":"1302795","toID":"1144552","formEdgeID":null},{"edgeID":"1711834","fromID":"1302788","toID":"1302796","formEdgeID":null},{"edgeID":"1711835","fromID":"1302796","toID":"1302792","formEdgeID":null},{"edgeID":"1711836","fromID":"1302798","toID":"1302797","formEdgeID":null},{"edgeID":"1711837","fromID":"1302799","toID":"1302798","formEdgeID":null},{"edgeID":"1711838","fromID":"1302797","toID":"1302800","formEdgeID":null},{"edgeID":"1711839","fromID":"1302800","toID":"1144558","formEdgeID":null},{"edgeID":"1711840","fromID":"1302792","toID":"1302801","formEdgeID":null},{"edgeID":"1711841","fromID":"1302801","toID":"1302797","formEdgeID":null},{"edgeID":"1711842","fromID":"1302803","toID":"1302802","formEdgeID":null},{"edgeID":"1711843","fromID":"1302804","toID":"1302803","formEdgeID":null},{"edgeID":"1711844","fromID":"1302802","toID":"1302805","formEdgeID":null},{"edgeID":"1711845","fromID":"1302805","toID":"1144564","formEdgeID":null},{"edgeID":"1711846","fromID":"1302797","toID":"1302806","formEdgeID":null},{"edgeID":"1711847","fromID":"1302806","toID":"1302802","formEdgeID":null},{"edgeID":"1711848","fromID":"1302808","toID":"1302807","formEdgeID":null},{"edgeID":"1711849","fromID":"1302809","toID":"1302808","formEdgeID":null},{"edgeID":"1711850","fromID":"1302807","toID":"1302810","formEdgeID":null},{"edgeID":"1711851","fromID":"1302810","toID":"1144570","formEdgeID":null},{"edgeID":"1711852","fromID":"1302802","toID":"1302811","formEdgeID":null},{"edgeID":"1711853","fromID":"1302811","toID":"1302807","formEdgeID":null},{"edgeID":"1711854","fromID":"1144570","toID":"1302812","formEdgeID":null},{"edgeID":"1711855","fromID":"1302812","toID":"1144564","formEdgeID":null},{"edgeID":"1711856","fromID":"1302811","toID":"1302813","formEdgeID":null},{"edgeID":"1711857","fromID":"1302813","toID":"1302812","formEdgeID":null},{"edgeID":"1711858","fromID":"1302815","toID":"1302814","formEdgeID":null},{"edgeID":"1711859","fromID":"1302816","toID":"1302815","formEdgeID":null},{"edgeID":"1711860","fromID":"1302814","toID":"1302817","formEdgeID":null},{"edgeID":"1711861","fromID":"1302817","toID":"1144578","formEdgeID":null},{"edgeID":"1711862","fromID":"1302807","toID":"1302818","formEdgeID":null},{"edgeID":"1711863","fromID":"1302818","toID":"1302814","formEdgeID":null},{"edgeID":"1711864","fromID":"1302820","toID":"1302819","formEdgeID":null},{"edgeID":"1711865","fromID":"1302821","toID":"1302820","formEdgeID":null},{"edgeID":"1711866","fromID":"1302819","toID":"1302822","formEdgeID":null},{"edgeID":"1711867","fromID":"1302822","toID":"1144584","formEdgeID":null},{"edgeID":"1711868","fromID":"1302814","toID":"1302823","formEdgeID":null},{"edgeID":"1711869","fromID":"1302823","toID":"1302819","formEdgeID":null},{"edgeID":"1711870","fromID":"1144584","toID":"1302824","formEdgeID":null},{"edgeID":"1711871","fromID":"1302824","toID":"1144578","formEdgeID":null},{"edgeID":"1711872","fromID":"1302823","toID":"1302825","formEdgeID":null},{"edgeID":"1711873","fromID":"1302825","toID":"1302824","formEdgeID":null},{"edgeID":"1711874","fromID":"1302827","toID":"1302826","formEdgeID":null},{"edgeID":"1711875","fromID":"1302828","toID":"1302827","formEdgeID":null},{"edgeID":"1711876","fromID":"1302819","toID":"1302829","formEdgeID":null},{"edgeID":"1711877","fromID":"1302829","toID":"1302826","formEdgeID":null},{"edgeID":"1711878","fromID":"1302831","toID":"1302830","formEdgeID":null},{"edgeID":"1711879","fromID":"1302832","toID":"1302831","formEdgeID":null},{"edgeID":"1711880","fromID":"1302830","toID":"1302833","formEdgeID":null},{"edgeID":"1711881","fromID":"1302833","toID":"1144592","formEdgeID":null},{"edgeID":"1711882","fromID":"1302826","toID":"1302834","formEdgeID":null},{"edgeID":"1711883","fromID":"1302834","toID":"1302830","formEdgeID":null},{"edgeID":"1711884","fromID":"1302836","toID":"1302835","formEdgeID":null},{"edgeID":"1711885","fromID":"1302837","toID":"1302836","formEdgeID":null},{"edgeID":"1711886","fromID":"1302835","toID":"1302838","formEdgeID":null},{"edgeID":"1711887","fromID":"1302838","toID":"1144602","formEdgeID":null},{"edgeID":"1711888","fromID":"1302826","toID":"1302839","formEdgeID":null},{"edgeID":"1711889","fromID":"1302839","toID":"1302835","formEdgeID":null},{"edgeID":"1711890","fromID":"1302841","toID":"1302840","formEdgeID":null},{"edgeID":"1711891","fromID":"1302842","toID":"1302841","formEdgeID":null},{"edgeID":"1711892","fromID":"1302840","toID":"1302843","formEdgeID":null},{"edgeID":"1711893","fromID":"1302843","toID":"1144608","formEdgeID":null},{"edgeID":"1711894","fromID":"1302814","toID":"1302844","formEdgeID":null},{"edgeID":"1711895","fromID":"1302844","toID":"1302840","formEdgeID":null},{"edgeID":"1711896","fromID":"1144608","toID":"1302845","formEdgeID":null},{"edgeID":"1711897","fromID":"1302845","toID":"1144578","formEdgeID":null},{"edgeID":"1711898","fromID":"1302844","toID":"1302846","formEdgeID":null},{"edgeID":"1711899","fromID":"1302846","toID":"1302845","formEdgeID":null},{"edgeID":"1711900","fromID":"1302848","toID":"1302847","formEdgeID":null},{"edgeID":"1711901","fromID":"1302849","toID":"1302848","formEdgeID":null},{"edgeID":"1711902","fromID":"1302847","toID":"1302850","formEdgeID":null},{"edgeID":"1711903","fromID":"1302850","toID":"1144616","formEdgeID":null},{"edgeID":"1711904","fromID":"1302840","toID":"1302851","formEdgeID":null},{"edgeID":"1711905","fromID":"1302851","toID":"1302847","formEdgeID":null},{"edgeID":"1711906","fromID":"1144616","toID":"1302852","formEdgeID":null},{"edgeID":"1711907","fromID":"1302852","toID":"1144608","formEdgeID":null},{"edgeID":"1711908","fromID":"1302851","toID":"1302853","formEdgeID":null},{"edgeID":"1711909","fromID":"1302853","toID":"1302852","formEdgeID":null},{"edgeID":"1711910","fromID":"1302854","toID":"1302787","formEdgeID":null},{"edgeID":"1711911","fromID":"1302855","toID":"1302854","formEdgeID":null},{"edgeID":"1711912","fromID":"1302847","toID":"1302856","formEdgeID":null},{"edgeID":"1711913","fromID":"1302856","toID":"1302787","formEdgeID":null},{"edgeID":"1711914","fromID":"1302856","toID":"1302857","formEdgeID":null},{"edgeID":"1711915","fromID":"1302857","toID":"1144616","formEdgeID":null},{"edgeID":"1711916","fromID":"1302859","toID":"1302858","formEdgeID":null},{"edgeID":"1711917","fromID":"1302860","toID":"1302859","formEdgeID":null},{"edgeID":"1711918","fromID":"1302858","toID":"1302861","formEdgeID":null},{"edgeID":"1711919","fromID":"1302861","toID":"1144628","formEdgeID":null},{"edgeID":"1711920","fromID":"1302819","toID":"1302862","formEdgeID":null},{"edgeID":"1711921","fromID":"1302862","toID":"1302858","formEdgeID":null},{"edgeID":"1711922","fromID":"1144628","toID":"1302863","formEdgeID":null},{"edgeID":"1711923","fromID":"1302863","toID":"1144584","formEdgeID":null},{"edgeID":"1711924","fromID":"1302862","toID":"1302864","formEdgeID":null},{"edgeID":"1711925","fromID":"1302864","toID":"1302863","formEdgeID":null},{"edgeID":"1711926","fromID":"1302866","toID":"1302865","formEdgeID":null},{"edgeID":"1711927","fromID":"1302867","toID":"1302866","formEdgeID":null},{"edgeID":"1711928","fromID":"1302865","toID":"1302868","formEdgeID":null},{"edgeID":"1711929","fromID":"1302868","toID":"1144636","formEdgeID":null},{"edgeID":"1711930","fromID":"1302826","toID":"1302869","formEdgeID":null},{"edgeID":"1711931","fromID":"1302869","toID":"1302865","formEdgeID":null},{"edgeID":"1711932","fromID":"1144636","toID":"1302870","formEdgeID":null},{"edgeID":"1711933","fromID":"1302870","toID":"1144592","formEdgeID":null},{"edgeID":"1711934","fromID":"1302869","toID":"1302871","formEdgeID":null},{"edgeID":"1711935","fromID":"1302871","toID":"1302870","formEdgeID":null},{"edgeID":"1711936","fromID":"1302858","toID":"1302872","formEdgeID":null},{"edgeID":"1711937","fromID":"1302872","toID":"1302865","formEdgeID":null},{"edgeID":"1711938","fromID":"1302874","toID":"1302873","formEdgeID":null},{"edgeID":"1711939","fromID":"1302875","toID":"1302874","formEdgeID":null},{"edgeID":"1711940","fromID":"1302873","toID":"1302876","formEdgeID":null},{"edgeID":"1711941","fromID":"1302876","toID":"1144645","formEdgeID":null},{"edgeID":"1711942","fromID":"1302865","toID":"1302877","formEdgeID":null},{"edgeID":"1711943","fromID":"1302877","toID":"1302873","formEdgeID":null},{"edgeID":"1711944","fromID":"1144645","toID":"1302878","formEdgeID":null},{"edgeID":"1711945","fromID":"1302878","toID":"1144636","formEdgeID":null},{"edgeID":"1711946","fromID":"1302877","toID":"1302879","formEdgeID":null},{"edgeID":"1711947","fromID":"1302879","toID":"1302878","formEdgeID":null},{"edgeID":"1711948","fromID":"1302881","toID":"1302880","formEdgeID":null},{"edgeID":"1711949","fromID":"1302882","toID":"1302881","formEdgeID":null},{"edgeID":"1711950","fromID":"1302880","toID":"1302883","formEdgeID":null},{"edgeID":"1711951","fromID":"1302883","toID":"1144653","formEdgeID":null},{"edgeID":"1711952","fromID":"1302835","toID":"1302884","formEdgeID":null},{"edgeID":"1711953","fromID":"1302884","toID":"1302880","formEdgeID":null},{"edgeID":"1711954","fromID":"1144602","toID":"1302885","formEdgeID":null},{"edgeID":"1711955","fromID":"1302885","toID":"1144653","formEdgeID":null},{"edgeID":"1711956","fromID":"1302884","toID":"1302886","formEdgeID":null},{"edgeID":"1711957","fromID":"1302886","toID":"1302885","formEdgeID":null},{"edgeID":"1711958","fromID":"1302847","toID":"1302887","formEdgeID":null},{"edgeID":"1711959","fromID":"1302887","toID":"1302880","formEdgeID":null},{"edgeID":"1711960","fromID":"1144653","toID":"1302888","formEdgeID":null},{"edgeID":"1711961","fromID":"1302888","toID":"1144616","formEdgeID":null},{"edgeID":"1711962","fromID":"1302887","toID":"1302889","formEdgeID":null},{"edgeID":"1711963","fromID":"1302889","toID":"1302888","formEdgeID":null}],"locutions":[]}