{"nodes":[{"nodeID":"1299623","text":"we've just had the ScotWind round in the last few weeks, and we're green lighting 11Gw of new offshore wind capacity","type":"I","timestamp":"2023-11-09 12:54:52"},{"nodeID":"1299624","text":"Steve Reed: We've just had the ScotWind round in the last few weeks, and we're green lighting 11Gw of new offshore wind capacity","type":"L","timestamp":"2023-11-09 12:54:52"},{"nodeID":"1299625","text":"Analysing","type":"YA","timestamp":"2023-11-09 12:54:52"},{"nodeID":"1299626","text":"Fyfe: Steve Reed: We've just had the ScotWind round in the last few weeks, and we're green lighting 11Gw of new offshore wind capacity","type":"L","timestamp":"2023-11-09 12:54:52"},{"nodeID":"1299627","text":"Asserting","type":"YA","timestamp":"2023-11-09 12:54:52"},{"nodeID":"1299628","text":"we could increase over the next 25 years our green energy in Scotland about fivefold from where we currently are. We can fill that gap","type":"I","timestamp":"2023-11-09 12:54:52"},{"nodeID":"1299629","text":"Steve Reed: We could increase over the next 25 years our green energy in Scotland about fivefold from where we currently are. We can fill that gap","type":"L","timestamp":"2023-11-09 12:54:52"},{"nodeID":"1299630","text":"Analysing","type":"YA","timestamp":"2023-11-09 12:54:52"},{"nodeID":"1299631","text":"Fyfe: Steve Reed: We could increase over the next 25 years our green energy in Scotland about fivefold from where we currently are. We can fill that gap","type":"L","timestamp":"2023-11-09 12:54:52"},{"nodeID":"1299632","text":"Asserting","type":"YA","timestamp":"2023-11-09 12:54:52"},{"nodeID":"1299633","text":"we can provide the energy baseload with tidal power which can reduce that need for nuclear that's been talked about, we can do it off green energy","type":"I","timestamp":"2023-11-09 12:54:53"},{"nodeID":"1299634","text":"Steve Reed: we can also provide the baseload with tidal which can reduce that need for nuclear that's been talked about, we can produce that baseload, we can do it off green energy","type":"L","timestamp":"2023-11-09 12:54:53"},{"nodeID":"1299635","text":"Analysing","type":"YA","timestamp":"2023-11-09 12:54:53"},{"nodeID":"1299636","text":"Fyfe: Steve Reed: we can also provide the baseload with tidal which can reduce that need for nuclear that's been talked about, we can produce that baseload, we can do it off green energy","type":"L","timestamp":"2023-11-09 12:54:53"},{"nodeID":"1299637","text":"Asserting","type":"YA","timestamp":"2023-11-09 12:54:53"},{"nodeID":"1299638","text":"over the next 25 years we can increase our green energy output by making sure that we can deliver safe and cheaply the green energy that we need","type":"I","timestamp":"2023-11-09 12:54:54"},{"nodeID":"1299639","text":"Steve Reed:  We can make sure that we can deliver safe and cheaply the green energy that we need","type":"L","timestamp":"2023-11-09 12:54:54"},{"nodeID":"1299640","text":"Analysing","type":"YA","timestamp":"2023-11-09 12:54:54"},{"nodeID":"1299641","text":"Fyfe: Steve Reed:  We can make sure that we can deliver safe and cheaply the green energy that we need","type":"L","timestamp":"2023-11-09 12:54:54"},{"nodeID":"1299642","text":"Asserting","type":"YA","timestamp":"2023-11-09 12:54:54"},{"nodeID":"1299643","text":"Default Transition","type":"TA","timestamp":"2023-11-09 12:54:54"},{"nodeID":"1299644","text":"Default Transition","type":"TA","timestamp":"2023-11-09 12:54:54"},{"nodeID":"1299645","text":"with the rise in the energy cap due tomorrow and people already living in poverty the Government should be doing xxx to help those who are now having to choose between eating or heating","type":"I","timestamp":"2023-11-09 12:54:54"},{"nodeID":"1299646","text":"Victoria Derbyshire: with the rise in the energy cap due tomorrow and people already living in poverty what more should the Government be doing to help those who are now having to choose between eating or heating","type":"L","timestamp":"2023-11-09 12:54:54"},{"nodeID":"1299647","text":"Analysing","type":"YA","timestamp":"2023-11-09 12:54:54"},{"nodeID":"1299648","text":"Fyfe: Victoria Derbyshire: with the rise in the energy cap due tomorrow and people already living in poverty what more should the Government be doing to help those who are now having to choose between eating or heating","type":"L","timestamp":"2023-11-09 12:54:54"},{"nodeID":"1299649","text":"Pure Questioning","type":"YA","timestamp":"2023-11-09 12:54:54"},{"nodeID":"1299650","text":"Default Transition","type":"TA","timestamp":"2023-11-09 12:54:54"},{"nodeID":"1299651","text":"Default Inference","type":"RA","timestamp":"2023-11-09 12:54:54"},{"nodeID":"1299652","text":"Arguing","type":"YA","timestamp":"2023-11-09 12:54:54"},{"nodeID":"1299653","text":"Default Rephrase","type":"MA","timestamp":"2023-11-09 12:54:54"},{"nodeID":"1299654","text":"Default Transition","type":"TA","timestamp":"2023-11-09 12:54:54"},{"nodeID":"1299655","text":"Restating","type":"YA","timestamp":"2023-11-09 12:54:54"},{"nodeID":"1299656","text":"we have 25 per cent of Scotland's wind capacity off the Scottish shores. We had demand for about 25Gw","type":"I","timestamp":"2023-11-09 12:54:55"},{"nodeID":"1299657","text":"Steve Reed: We have 25 per cent of Scotland's wind capacity off the Scottish shores. We had demand for about 25Gw","type":"L","timestamp":"2023-11-09 12:54:55"},{"nodeID":"1299658","text":"Analysing","type":"YA","timestamp":"2023-11-09 12:54:55"},{"nodeID":"1299659","text":"Fyfe: Steve Reed: We have 25 per cent of Scotland's wind capacity off the Scottish shores. We had demand for about 25Gw","type":"L","timestamp":"2023-11-09 12:54:55"},{"nodeID":"1299660","text":"Asserting","type":"YA","timestamp":"2023-11-09 12:54:55"},{"nodeID":"1299661","text":"Default Transition","type":"TA","timestamp":"2023-11-09 12:54:55"},{"nodeID":"1299662","text":"Default Transition","type":"TA","timestamp":"2023-11-09 12:54:55"}],"edges":[{"edgeID":"1707922","fromID":"1299625","toID":"1299624","formEdgeID":null},{"edgeID":"1707923","fromID":"1299626","toID":"1299625","formEdgeID":null},{"edgeID":"1707924","fromID":"1299624","toID":"1299627","formEdgeID":null},{"edgeID":"1707925","fromID":"1299627","toID":"1299623","formEdgeID":null},{"edgeID":"1707926","fromID":"1299630","toID":"1299629","formEdgeID":null},{"edgeID":"1707927","fromID":"1299631","toID":"1299630","formEdgeID":null},{"edgeID":"1707928","fromID":"1299629","toID":"1299632","formEdgeID":null},{"edgeID":"1707929","fromID":"1299632","toID":"1299628","formEdgeID":null},{"edgeID":"1707930","fromID":"1299635","toID":"1299634","formEdgeID":null},{"edgeID":"1707931","fromID":"1299636","toID":"1299635","formEdgeID":null},{"edgeID":"1707932","fromID":"1299634","toID":"1299637","formEdgeID":null},{"edgeID":"1707933","fromID":"1299637","toID":"1299633","formEdgeID":null},{"edgeID":"1707934","fromID":"1299640","toID":"1299639","formEdgeID":null},{"edgeID":"1707935","fromID":"1299641","toID":"1299640","formEdgeID":null},{"edgeID":"1707936","fromID":"1299639","toID":"1299642","formEdgeID":null},{"edgeID":"1707937","fromID":"1299642","toID":"1299638","formEdgeID":null},{"edgeID":"1707938","fromID":"1299629","toID":"1299643","formEdgeID":null},{"edgeID":"1707939","fromID":"1299643","toID":"1299634","formEdgeID":null},{"edgeID":"1707940","fromID":"1299634","toID":"1299644","formEdgeID":null},{"edgeID":"1707941","fromID":"1299644","toID":"1299639","formEdgeID":null},{"edgeID":"1707942","fromID":"1299647","toID":"1299646","formEdgeID":null},{"edgeID":"1707943","fromID":"1299648","toID":"1299647","formEdgeID":null},{"edgeID":"1707944","fromID":"1299646","toID":"1299649","formEdgeID":null},{"edgeID":"1707945","fromID":"1299649","toID":"1299645","formEdgeID":null},{"edgeID":"1707946","fromID":"1299639","toID":"1299650","formEdgeID":null},{"edgeID":"1707947","fromID":"1299650","toID":"1299646","formEdgeID":null},{"edgeID":"1707948","fromID":"1299633","toID":"1299651","formEdgeID":null},{"edgeID":"1707949","fromID":"1299651","toID":"1299628","formEdgeID":null},{"edgeID":"1707950","fromID":"1299643","toID":"1299652","formEdgeID":null},{"edgeID":"1707951","fromID":"1299652","toID":"1299651","formEdgeID":null},{"edgeID":"1707952","fromID":"1299638","toID":"1299653","formEdgeID":null},{"edgeID":"1707953","fromID":"1299653","toID":"1299628","formEdgeID":null},{"edgeID":"1707954","fromID":"1299629","toID":"1299654","formEdgeID":null},{"edgeID":"1707955","fromID":"1299654","toID":"1299639","formEdgeID":null},{"edgeID":"1707956","fromID":"1299654","toID":"1299655","formEdgeID":null},{"edgeID":"1707957","fromID":"1299655","toID":"1299653","formEdgeID":null},{"edgeID":"1707958","fromID":"1299658","toID":"1299657","formEdgeID":null},{"edgeID":"1707959","fromID":"1299659","toID":"1299658","formEdgeID":null},{"edgeID":"1707960","fromID":"1299657","toID":"1299660","formEdgeID":null},{"edgeID":"1707961","fromID":"1299660","toID":"1299656","formEdgeID":null},{"edgeID":"1707962","fromID":"1299624","toID":"1299661","formEdgeID":null},{"edgeID":"1707963","fromID":"1299661","toID":"1299657","formEdgeID":null},{"edgeID":"1707964","fromID":"1299657","toID":"1299662","formEdgeID":null},{"edgeID":"1707965","fromID":"1299662","toID":"1299629","formEdgeID":null}],"locutions":[]}