{"nodes":[{"nodeID":"601854","text":"people are angry","type":"I","timestamp":"2020-11-26 19:08:40"},{"nodeID":"1144950","text":"the answer to the question of how can we have any trust in anything that the Prime Minister says is actually is really simple","type":"I","timestamp":"2023-04-20 10:11:18"},{"nodeID":"1144954","text":"the Prime Minister has broken the ministerial code and he should've gone","type":"I","timestamp":"2023-04-20 10:11:22"},{"nodeID":"1153456","text":"the Prime Minister came to Parliament in December, he told us that parties didn't take place, he told us that he wasn't at parties","type":"I","timestamp":"2023-04-21 13:32:14"},{"nodeID":"1153462","text":"now the fundamentals of this are that if you wilfully mislead Parliament, there's no ifs, no buts, you resign","type":"I","timestamp":"2023-04-21 13:32:17"},{"nodeID":"1153472","text":"Ian Blackford got himself into a bit of bother in Parliament a few weeks ago","type":"I","timestamp":"2023-04-21 13:32:22"},{"nodeID":"1153478","text":"Ian Blackford was asked in Parlament to withdraw the statement that the Prime Minister was a liar","type":"I","timestamp":"2023-04-21 13:32:24"},{"nodeID":"1153486","text":"Ian Blackford couldn't withdraw the statement that the Prime Minister was a liar","type":"I","timestamp":"2023-04-21 13:32:26"},{"nodeID":"1153492","text":"Ian Blackford didn't withdraw the statement that the Prime Minister was a liar","type":"I","timestamp":"2023-04-21 13:32:29"},{"nodeID":"1153502","text":"that week, Ian Blackford got 14,000 emails from people right across these islands, actually the majority of them were Conservative voters, and they knew, you know, we know, that Boris Johnson has lost the moral authority to lead","type":"I","timestamp":"2023-04-21 13:32:31"},{"nodeID":"1153508","text":"people couldn't be with their loved ones, couldn't be in hospital, couldn't be in care homes, couldn't grieve, couldn't go to funerals","type":"I","timestamp":"2023-04-21 13:32:33"},{"nodeID":"1153514","text":"the Prime Minister that was responsible for these rules, was preceding over a partying culture","type":"I","timestamp":"2023-04-21 13:32:36"},{"nodeID":"1153523","text":"people's anger wouldn't go away","type":"I","timestamp":"2023-04-21 13:32:40"},{"nodeID":"1303586","text":"Ian Blackford: This actually is really simple","type":"L","timestamp":"2023-11-09 13:00:30"},{"nodeID":"1303587","text":"Analysing","type":"YA","timestamp":"2023-11-09 13:00:30"},{"nodeID":"1303588","text":"Zofia: Ian Blackford: This actually is really simple","type":"L","timestamp":"2023-11-09 13:00:30"},{"nodeID":"1303589","text":"Asserting","type":"YA","timestamp":"2023-11-09 13:00:30"},{"nodeID":"1303590","text":"Ian Blackford: The Prime Minister came to Parliament in December, he told us that parties didn't take place, he told us that he wasn't at parties","type":"L","timestamp":"2023-11-09 13:00:30"},{"nodeID":"1303591","text":"Analysing","type":"YA","timestamp":"2023-11-09 13:00:30"},{"nodeID":"1303592","text":"Zofia: Ian Blackford: The Prime Minister came to Parliament in December, he told us that parties didn't take place, he told us that he wasn't at parties","type":"L","timestamp":"2023-11-09 13:00:30"},{"nodeID":"1303593","text":"Asserting","type":"YA","timestamp":"2023-11-09 13:00:30"},{"nodeID":"1303594","text":"Default Transition","type":"TA","timestamp":"2023-11-09 13:00:30"},{"nodeID":"1303595","text":"Ian Blackford: Now the fundamentals of this are that if you wilfully mislead Parliament, there's no ifs, no buts, you resign","type":"L","timestamp":"2023-11-09 13:00:31"},{"nodeID":"1303596","text":"Analysing","type":"YA","timestamp":"2023-11-09 13:00:31"},{"nodeID":"1303597","text":"Zofia: Ian Blackford: Now the fundamentals of this are that if you wilfully mislead Parliament, there's no ifs, no buts, you resign","type":"L","timestamp":"2023-11-09 13:00:31"},{"nodeID":"1303598","text":"Asserting","type":"YA","timestamp":"2023-11-09 13:00:31"},{"nodeID":"1303599","text":"Default Transition","type":"TA","timestamp":"2023-11-09 13:00:31"},{"nodeID":"1303600","text":"Ian Blackford: The Prime Minister has broken the ministerial code and he should've gone","type":"L","timestamp":"2023-11-09 13:00:32"},{"nodeID":"1303601","text":"Analysing","type":"YA","timestamp":"2023-11-09 13:00:32"},{"nodeID":"1303602","text":"Zofia: Ian Blackford: The Prime Minister has broken the ministerial code and he should've gone","type":"L","timestamp":"2023-11-09 13:00:32"},{"nodeID":"1303603","text":"Asserting","type":"YA","timestamp":"2023-11-09 13:00:32"},{"nodeID":"1303604","text":"Default Inference","type":"RA","timestamp":"2023-11-09 13:00:32"},{"nodeID":"1303605","text":"Ian Blackford: I got myself into a bit of bother in Parliament a few weeks ago","type":"L","timestamp":"2023-11-09 13:00:32"},{"nodeID":"1303606","text":"Analysing","type":"YA","timestamp":"2023-11-09 13:00:32"},{"nodeID":"1303607","text":"Zofia: Ian Blackford: I got myself into a bit of bother in Parliament a few weeks ago","type":"L","timestamp":"2023-11-09 13:00:32"},{"nodeID":"1303608","text":"Asserting","type":"YA","timestamp":"2023-11-09 13:00:32"},{"nodeID":"1303609","text":"Default Transition","type":"TA","timestamp":"2023-11-09 13:00:32"},{"nodeID":"1303610","text":"Ian Blackford: I was asked to withdraw [applause] the statement that the Prime Minister was a liar","type":"L","timestamp":"2023-11-09 13:00:33"},{"nodeID":"1303611","text":"Analysing","type":"YA","timestamp":"2023-11-09 13:00:33"},{"nodeID":"1303612","text":"Zofia: Ian Blackford: I was asked to withdraw [applause] the statement that the Prime Minister was a liar","type":"L","timestamp":"2023-11-09 13:00:33"},{"nodeID":"1303613","text":"Asserting","type":"YA","timestamp":"2023-11-09 13:00:33"},{"nodeID":"1303614","text":"Default Transition","type":"TA","timestamp":"2023-11-09 13:00:33"},{"nodeID":"1303615","text":"Default Rephrase","type":"MA","timestamp":"2023-11-09 13:00:33"},{"nodeID":"1303616","text":"Restating","type":"YA","timestamp":"2023-11-09 13:00:33"},{"nodeID":"1303617","text":"Ian Blackford: I couldn't","type":"L","timestamp":"2023-11-09 13:00:34"},{"nodeID":"1303618","text":"Analysing","type":"YA","timestamp":"2023-11-09 13:00:34"},{"nodeID":"1303619","text":"Zofia: Ian Blackford: I couldn't","type":"L","timestamp":"2023-11-09 13:00:34"},{"nodeID":"1303620","text":"Asserting","type":"YA","timestamp":"2023-11-09 13:00:34"},{"nodeID":"1303621","text":"Default Transition","type":"TA","timestamp":"2023-11-09 13:00:34"},{"nodeID":"1303622","text":"Ian Blackford: I didn't do that","type":"L","timestamp":"2023-11-09 13:00:34"},{"nodeID":"1303623","text":"Analysing","type":"YA","timestamp":"2023-11-09 13:00:34"},{"nodeID":"1303624","text":"Zofia: Ian Blackford: I didn't do that","type":"L","timestamp":"2023-11-09 13:00:34"},{"nodeID":"1303625","text":"Asserting","type":"YA","timestamp":"2023-11-09 13:00:34"},{"nodeID":"1303626","text":"Default Transition","type":"TA","timestamp":"2023-11-09 13:00:34"},{"nodeID":"1303627","text":"Default Rephrase","type":"MA","timestamp":"2023-11-09 13:00:34"},{"nodeID":"1303628","text":"Restating","type":"YA","timestamp":"2023-11-09 13:00:34"},{"nodeID":"1303629","text":"Default Rephrase","type":"MA","timestamp":"2023-11-09 13:00:34"},{"nodeID":"1303630","text":"Restating","type":"YA","timestamp":"2023-11-09 13:00:34"},{"nodeID":"1303631","text":"Ian Blackford: that week, I got 14,000 emails from people right across these islands, actually the majority of them were Conservative voters, and they knew, you know, we know, that Boris Johnson has lost the moral authority to lead","type":"L","timestamp":"2023-11-09 13:00:35"},{"nodeID":"1303632","text":"Analysing","type":"YA","timestamp":"2023-11-09 13:00:35"},{"nodeID":"1303633","text":"Zofia: Ian Blackford: that week, I got 14,000 emails from people right across these islands, actually the majority of them were Conservative voters, and they knew, you know, we know, that Boris Johnson has lost the moral authority to lead","type":"L","timestamp":"2023-11-09 13:00:35"},{"nodeID":"1303634","text":"Asserting","type":"YA","timestamp":"2023-11-09 13:00:35"},{"nodeID":"1303635","text":"Default Transition","type":"TA","timestamp":"2023-11-09 13:00:35"},{"nodeID":"1303636","text":"Ian Blackford: people couldn't be with their loved ones, couldn't be in hospital, couldn't be in care homes, couldn't grieve, couldn't go to funerals","type":"L","timestamp":"2023-11-09 13:00:35"},{"nodeID":"1303637","text":"Analysing","type":"YA","timestamp":"2023-11-09 13:00:35"},{"nodeID":"1303638","text":"Zofia: Ian Blackford: people couldn't be with their loved ones, couldn't be in hospital, couldn't be in care homes, couldn't grieve, couldn't go to funerals","type":"L","timestamp":"2023-11-09 13:00:35"},{"nodeID":"1303639","text":"Asserting","type":"YA","timestamp":"2023-11-09 13:00:35"},{"nodeID":"1303640","text":"Default Transition","type":"TA","timestamp":"2023-11-09 13:00:35"},{"nodeID":"1303641","text":"Ian Blackford: the Prime Minister that was responsible for these rules, was preceding over a partying culture","type":"L","timestamp":"2023-11-09 13:00:36"},{"nodeID":"1303642","text":"Analysing","type":"YA","timestamp":"2023-11-09 13:00:36"},{"nodeID":"1303643","text":"Zofia: Ian Blackford: the Prime Minister that was responsible for these rules, was preceding over a partying culture","type":"L","timestamp":"2023-11-09 13:00:36"},{"nodeID":"1303644","text":"Asserting","type":"YA","timestamp":"2023-11-09 13:00:36"},{"nodeID":"1303645","text":"Ian Blackford: people are angry","type":"L","timestamp":"2023-11-09 13:00:36"},{"nodeID":"1303646","text":"Analysing","type":"YA","timestamp":"2023-11-09 13:00:36"},{"nodeID":"1303647","text":"Zofia: Ian Blackford: people are angry","type":"L","timestamp":"2023-11-09 13:00:36"},{"nodeID":"1303648","text":"Asserting","type":"YA","timestamp":"2023-11-09 13:00:36"},{"nodeID":"1303649","text":"Ian Blackford: anger wouldn't go away","type":"L","timestamp":"2023-11-09 13:00:37"},{"nodeID":"1303650","text":"Analysing","type":"YA","timestamp":"2023-11-09 13:00:37"},{"nodeID":"1303651","text":"Zofia: Ian Blackford: anger wouldn't go away","type":"L","timestamp":"2023-11-09 13:00:37"},{"nodeID":"1303652","text":"Asserting","type":"YA","timestamp":"2023-11-09 13:00:37"},{"nodeID":"1303653","text":"Default Inference","type":"RA","timestamp":"2023-11-09 13:00:37"},{"nodeID":"1303654","text":"Default Transition","type":"TA","timestamp":"2023-11-09 13:00:37"},{"nodeID":"1303655","text":"Arguing","type":"YA","timestamp":"2023-11-09 13:00:37"},{"nodeID":"1303656","text":"Default Transition","type":"TA","timestamp":"2023-11-09 13:00:37"},{"nodeID":"1303657","text":"Default Rephrase","type":"MA","timestamp":"2023-11-09 13:00:37"},{"nodeID":"1303658","text":"Default Transition","type":"TA","timestamp":"2023-11-09 13:00:37"},{"nodeID":"1303659","text":"Restating","type":"YA","timestamp":"2023-11-09 13:00:37"},{"nodeID":"1303660","text":"Default Transition","type":"TA","timestamp":"2023-11-09 13:00:37"},{"nodeID":"1303661","text":"Arguing","type":"YA","timestamp":"2023-11-09 13:00:37"},{"nodeID":"1303662","text":"Default Inference","type":"RA","timestamp":"2023-11-09 13:00:37"},{"nodeID":"1303663","text":"Arguing","type":"YA","timestamp":"2023-11-09 13:00:37"}],"edges":[{"edgeID":"1712823","fromID":"1303587","toID":"1303586","formEdgeID":null},{"edgeID":"1712824","fromID":"1303588","toID":"1303587","formEdgeID":null},{"edgeID":"1712825","fromID":"1303586","toID":"1303589","formEdgeID":null},{"edgeID":"1712826","fromID":"1303589","toID":"1144950","formEdgeID":null},{"edgeID":"1712827","fromID":"1303591","toID":"1303590","formEdgeID":null},{"edgeID":"1712828","fromID":"1303592","toID":"1303591","formEdgeID":null},{"edgeID":"1712829","fromID":"1303590","toID":"1303593","formEdgeID":null},{"edgeID":"1712830","fromID":"1303593","toID":"1153456","formEdgeID":null},{"edgeID":"1712831","fromID":"1303586","toID":"1303594","formEdgeID":null},{"edgeID":"1712832","fromID":"1303594","toID":"1303590","formEdgeID":null},{"edgeID":"1712833","fromID":"1303596","toID":"1303595","formEdgeID":null},{"edgeID":"1712834","fromID":"1303597","toID":"1303596","formEdgeID":null},{"edgeID":"1712835","fromID":"1303595","toID":"1303598","formEdgeID":null},{"edgeID":"1712836","fromID":"1303598","toID":"1153462","formEdgeID":null},{"edgeID":"1712837","fromID":"1303590","toID":"1303599","formEdgeID":null},{"edgeID":"1712838","fromID":"1303599","toID":"1303595","formEdgeID":null},{"edgeID":"1712839","fromID":"1303601","toID":"1303600","formEdgeID":null},{"edgeID":"1712840","fromID":"1303602","toID":"1303601","formEdgeID":null},{"edgeID":"1712841","fromID":"1303600","toID":"1303603","formEdgeID":null},{"edgeID":"1712842","fromID":"1303603","toID":"1144954","formEdgeID":null},{"edgeID":"1712843","fromID":"1153456","toID":"1303604","formEdgeID":null},{"edgeID":"1712844","fromID":"1303604","toID":"1144954","formEdgeID":null},{"edgeID":"1712845","fromID":"1153462","toID":"1303604","formEdgeID":null},{"edgeID":"1712846","fromID":"1303606","toID":"1303605","formEdgeID":null},{"edgeID":"1712847","fromID":"1303607","toID":"1303606","formEdgeID":null},{"edgeID":"1712848","fromID":"1303605","toID":"1303608","formEdgeID":null},{"edgeID":"1712849","fromID":"1303608","toID":"1153472","formEdgeID":null},{"edgeID":"1712850","fromID":"1303600","toID":"1303609","formEdgeID":null},{"edgeID":"1712851","fromID":"1303609","toID":"1303605","formEdgeID":null},{"edgeID":"1712852","fromID":"1303611","toID":"1303610","formEdgeID":null},{"edgeID":"1712853","fromID":"1303612","toID":"1303611","formEdgeID":null},{"edgeID":"1712854","fromID":"1303610","toID":"1303613","formEdgeID":null},{"edgeID":"1712855","fromID":"1303613","toID":"1153478","formEdgeID":null},{"edgeID":"1712856","fromID":"1303605","toID":"1303614","formEdgeID":null},{"edgeID":"1712857","fromID":"1303614","toID":"1303610","formEdgeID":null},{"edgeID":"1712858","fromID":"1153478","toID":"1303615","formEdgeID":null},{"edgeID":"1712859","fromID":"1303615","toID":"1153472","formEdgeID":null},{"edgeID":"1712860","fromID":"1303614","toID":"1303616","formEdgeID":null},{"edgeID":"1712861","fromID":"1303616","toID":"1303615","formEdgeID":null},{"edgeID":"1712862","fromID":"1303618","toID":"1303617","formEdgeID":null},{"edgeID":"1712863","fromID":"1303619","toID":"1303618","formEdgeID":null},{"edgeID":"1712864","fromID":"1303617","toID":"1303620","formEdgeID":null},{"edgeID":"1712865","fromID":"1303620","toID":"1153486","formEdgeID":null},{"edgeID":"1712866","fromID":"1303610","toID":"1303621","formEdgeID":null},{"edgeID":"1712867","fromID":"1303621","toID":"1303617","formEdgeID":null},{"edgeID":"1712868","fromID":"1303623","toID":"1303622","formEdgeID":null},{"edgeID":"1712869","fromID":"1303624","toID":"1303623","formEdgeID":null},{"edgeID":"1712870","fromID":"1303622","toID":"1303625","formEdgeID":null},{"edgeID":"1712871","fromID":"1303625","toID":"1153492","formEdgeID":null},{"edgeID":"1712872","fromID":"1303617","toID":"1303626","formEdgeID":null},{"edgeID":"1712873","fromID":"1303626","toID":"1303622","formEdgeID":null},{"edgeID":"1712874","fromID":"1153492","toID":"1303627","formEdgeID":null},{"edgeID":"1712875","fromID":"1303627","toID":"1153486","formEdgeID":null},{"edgeID":"1712876","fromID":"1303626","toID":"1303628","formEdgeID":null},{"edgeID":"1712877","fromID":"1303628","toID":"1303627","formEdgeID":null},{"edgeID":"1712878","fromID":"1153486","toID":"1303629","formEdgeID":null},{"edgeID":"1712879","fromID":"1303629","toID":"1153478","formEdgeID":null},{"edgeID":"1712880","fromID":"1303621","toID":"1303630","formEdgeID":null},{"edgeID":"1712881","fromID":"1303630","toID":"1303629","formEdgeID":null},{"edgeID":"1712882","fromID":"1303632","toID":"1303631","formEdgeID":null},{"edgeID":"1712883","fromID":"1303633","toID":"1303632","formEdgeID":null},{"edgeID":"1712884","fromID":"1303631","toID":"1303634","formEdgeID":null},{"edgeID":"1712885","fromID":"1303634","toID":"1153502","formEdgeID":null},{"edgeID":"1712886","fromID":"1303622","toID":"1303635","formEdgeID":null},{"edgeID":"1712887","fromID":"1303635","toID":"1303631","formEdgeID":null},{"edgeID":"1712888","fromID":"1303637","toID":"1303636","formEdgeID":null},{"edgeID":"1712889","fromID":"1303638","toID":"1303637","formEdgeID":null},{"edgeID":"1712890","fromID":"1303636","toID":"1303639","formEdgeID":null},{"edgeID":"1712891","fromID":"1303639","toID":"1153508","formEdgeID":null},{"edgeID":"1712892","fromID":"1303631","toID":"1303640","formEdgeID":null},{"edgeID":"1712893","fromID":"1303640","toID":"1303636","formEdgeID":null},{"edgeID":"1712894","fromID":"1303642","toID":"1303641","formEdgeID":null},{"edgeID":"1712895","fromID":"1303643","toID":"1303642","formEdgeID":null},{"edgeID":"1712896","fromID":"1303641","toID":"1303644","formEdgeID":null},{"edgeID":"1712897","fromID":"1303644","toID":"1153514","formEdgeID":null},{"edgeID":"1712898","fromID":"1303646","toID":"1303645","formEdgeID":null},{"edgeID":"1712899","fromID":"1303647","toID":"1303646","formEdgeID":null},{"edgeID":"1712900","fromID":"1303645","toID":"1303648","formEdgeID":null},{"edgeID":"1712901","fromID":"1303648","toID":"601854","formEdgeID":null},{"edgeID":"1712902","fromID":"1303650","toID":"1303649","formEdgeID":null},{"edgeID":"1712903","fromID":"1303651","toID":"1303650","formEdgeID":null},{"edgeID":"1712904","fromID":"1303649","toID":"1303652","formEdgeID":null},{"edgeID":"1712905","fromID":"1303652","toID":"1153523","formEdgeID":null},{"edgeID":"1712906","fromID":"1153508","toID":"1303653","formEdgeID":null},{"edgeID":"1712907","fromID":"1303653","toID":"601854","formEdgeID":null},{"edgeID":"1712908","fromID":"1303641","toID":"1303654","formEdgeID":null},{"edgeID":"1712909","fromID":"1303654","toID":"1303645","formEdgeID":null},{"edgeID":"1712910","fromID":"1303654","toID":"1303655","formEdgeID":null},{"edgeID":"1712911","fromID":"1303655","toID":"1303653","formEdgeID":null},{"edgeID":"1712912","fromID":"1153514","toID":"1303653","formEdgeID":null},{"edgeID":"1712913","fromID":"1303636","toID":"1303656","formEdgeID":null},{"edgeID":"1712914","fromID":"1303656","toID":"1303641","formEdgeID":null},{"edgeID":"1712915","fromID":"1153523","toID":"1303657","formEdgeID":null},{"edgeID":"1712916","fromID":"1303657","toID":"601854","formEdgeID":null},{"edgeID":"1712917","fromID":"1303645","toID":"1303658","formEdgeID":null},{"edgeID":"1712918","fromID":"1303658","toID":"1303649","formEdgeID":null},{"edgeID":"1712919","fromID":"1303658","toID":"1303659","formEdgeID":null},{"edgeID":"1712920","fromID":"1303659","toID":"1303657","formEdgeID":null},{"edgeID":"1712921","fromID":"1303590","toID":"1303660","formEdgeID":null},{"edgeID":"1712922","fromID":"1303660","toID":"1303600","formEdgeID":null},{"edgeID":"1712923","fromID":"1303660","toID":"1303661","formEdgeID":null},{"edgeID":"1712924","fromID":"1303661","toID":"1303604","formEdgeID":null},{"edgeID":"1712925","fromID":"1153492","toID":"1303662","formEdgeID":null},{"edgeID":"1712926","fromID":"1303662","toID":"1153502","formEdgeID":null},{"edgeID":"1712927","fromID":"1303635","toID":"1303663","formEdgeID":null},{"edgeID":"1712928","fromID":"1303663","toID":"1303662","formEdgeID":null}],"locutions":[]}