{"nodes":[{"nodeID":"1144924","text":"Boris Johnson has to go","type":"I","timestamp":"2023-04-20 10:10:47"},{"nodeID":"1144926","text":"we should have principles in our Government that if you lie to Parliament, if you make laws that you then break, you have no business in charge of this country","type":"I","timestamp":"2023-04-20 10:10:49"},{"nodeID":"1147135","text":"politicians answered an email","type":"I","timestamp":"2023-04-20 10:23:57"},{"nodeID":"1147140","text":"yeah, we would love to come to a bring your own booze party, and we will bring the sausage rolls, in Downing Street","type":"I","timestamp":"2023-04-20 10:24:00"},{"nodeID":"1147149","text":"those people, those dozens and dozens of people, they weren't going to those parties going gosh, I hope I survive","type":"I","timestamp":"2023-04-20 10:24:05"},{"nodeID":"1147154","text":"politicians went to parties every week by the way","type":"I","timestamp":"2023-04-20 10:24:07"},{"nodeID":"1147159","text":"politicians went to parties when we were all locked in our homes unable to see our family members","type":"I","timestamp":"2023-04-20 10:24:10"},{"nodeID":"1147164","text":"politicians knew going to parties was perfectly safe","type":"I","timestamp":"2023-04-20 10:24:13"},{"nodeID":"1147169","text":"politicians knew going to parties was fine, they were young, they were healthy, they were not worried","type":"I","timestamp":"2023-04-20 10:24:15"},{"nodeID":"1147174","text":"yet politicians imposed those laws on everyone else","type":"I","timestamp":"2023-04-20 10:24:18"},{"nodeID":"1147179","text":"you have a government and you have people working in number ten who think there are us little people who have to obey rules, but they're clever enough to know when they're safe","type":"I","timestamp":"2023-04-20 10:24:20"},{"nodeID":"1147184","text":"you have an arrogant government and an arrogant number ten and an arrogant prime minster who think they're above us","type":"I","timestamp":"2023-04-20 10:24:23"},{"nodeID":"1147189","text":"we shouldn't ever be ruled by people who think they're better than us and know better than us","type":"I","timestamp":"2023-04-20 10:24:25"},{"nodeID":"1302258","text":"Julia Hartley-Brewer: when people answered an email","type":"L","timestamp":"2023-11-09 12:58:35"},{"nodeID":"1302259","text":"Analysing","type":"YA","timestamp":"2023-11-09 12:58:35"},{"nodeID":"1302260","text":"Dominika: Julia Hartley-Brewer: when people answered an email","type":"L","timestamp":"2023-11-09 12:58:35"},{"nodeID":"1302261","text":"Asserting","type":"YA","timestamp":"2023-11-09 12:58:35"},{"nodeID":"1302262","text":"Julia Hartley-Brewer: saying yeah, I'd love to come to a bring your own booze party, and I'll bring the sausage rolls, in Downing Street","type":"L","timestamp":"2023-11-09 12:58:36"},{"nodeID":"1302263","text":"Analysing","type":"YA","timestamp":"2023-11-09 12:58:36"},{"nodeID":"1302264","text":"Dominika: Julia Hartley-Brewer: saying yeah, I'd love to come to a bring your own booze party, and I'll bring the sausage rolls, in Downing Street","type":"L","timestamp":"2023-11-09 12:58:36"},{"nodeID":"1302265","text":"politicians: yeah, I'd love to come to a bring your own booze party, and I'll bring the sausage rolls, in Downing Street","type":"L","timestamp":"2023-11-09 12:58:36"},{"nodeID":"1302266","text":"Analysing","type":"YA","timestamp":"2023-11-09 12:58:36"},{"nodeID":"1302267","text":"Dominika: people :","type":"L","timestamp":"2023-11-09 12:58:36"},{"nodeID":"1302268","text":"Asserting","type":"YA","timestamp":"2023-11-09 12:58:36"},{"nodeID":"1302269","text":"Asserting","type":"YA","timestamp":"2023-11-09 12:58:36"},{"nodeID":"1302270","text":"Julia Hartley-Brewer: those people, those dozens and dozens of people","type":"L","timestamp":"2023-11-09 12:58:36"},{"nodeID":"1302271","text":"Analysing","type":"YA","timestamp":"2023-11-09 12:58:36"},{"nodeID":"1302272","text":"Dominika: Julia Hartley-Brewer: those people, those dozens and dozens of people","type":"L","timestamp":"2023-11-09 12:58:36"},{"nodeID":"1302273","text":"Asserting","type":"YA","timestamp":"2023-11-09 12:58:36"},{"nodeID":"1302274","text":"Julia Hartley-Brewer: they went to parties every week by the way","type":"L","timestamp":"2023-11-09 12:58:37"},{"nodeID":"1302275","text":"Analysing","type":"YA","timestamp":"2023-11-09 12:58:37"},{"nodeID":"1302276","text":"Dominika: Julia Hartley-Brewer: they went to parties every week by the way","type":"L","timestamp":"2023-11-09 12:58:37"},{"nodeID":"1302277","text":"Asserting","type":"YA","timestamp":"2023-11-09 12:58:37"},{"nodeID":"1302278","text":"Julia Hartley-Brewer: when we were all locked in our homes unable to see our family members, they weren't going to those parties going gosh, I hope I survive. I'll probably die, but I'll go anyway","type":"L","timestamp":"2023-11-09 12:58:37"},{"nodeID":"1302279","text":"Analysing","type":"YA","timestamp":"2023-11-09 12:58:37"},{"nodeID":"1302280","text":"Dominika: Julia Hartley-Brewer: when we were all locked in our homes unable to see our family members, they weren't going to those parties going gosh, I hope I survive. I'll probably die, but I'll go anyway","type":"L","timestamp":"2023-11-09 12:58:37"},{"nodeID":"1302281","text":"Asserting","type":"YA","timestamp":"2023-11-09 12:58:37"},{"nodeID":"1302282","text":"Julia Hartley-Brewer: They knew it was perfectly safe","type":"L","timestamp":"2023-11-09 12:58:38"},{"nodeID":"1302283","text":"Analysing","type":"YA","timestamp":"2023-11-09 12:58:38"},{"nodeID":"1302284","text":"Dominika: Julia Hartley-Brewer: They knew it was perfectly safe","type":"L","timestamp":"2023-11-09 12:58:38"},{"nodeID":"1302285","text":"Asserting","type":"YA","timestamp":"2023-11-09 12:58:38"},{"nodeID":"1302286","text":"Julia Hartley-Brewer: They knew it was fine, they were young, they were healthy, they were not worried","type":"L","timestamp":"2023-11-09 12:58:39"},{"nodeID":"1302287","text":"Analysing","type":"YA","timestamp":"2023-11-09 12:58:39"},{"nodeID":"1302288","text":"Dominika: Julia Hartley-Brewer: They knew it was fine, they were young, they were healthy, they were not worried","type":"L","timestamp":"2023-11-09 12:58:39"},{"nodeID":"1302289","text":"Asserting","type":"YA","timestamp":"2023-11-09 12:58:39"},{"nodeID":"1302290","text":"Julia Hartley-Brewer: yet they imposed those laws on everyone else","type":"L","timestamp":"2023-11-09 12:58:39"},{"nodeID":"1302291","text":"Analysing","type":"YA","timestamp":"2023-11-09 12:58:39"},{"nodeID":"1302292","text":"Dominika: Julia Hartley-Brewer: yet they imposed those laws on everyone else","type":"L","timestamp":"2023-11-09 12:58:39"},{"nodeID":"1302293","text":"Asserting","type":"YA","timestamp":"2023-11-09 12:58:39"},{"nodeID":"1302294","text":"Julia Hartley-Brewer: you have a government and when you have people working in number ten who think there are us little people who have to obey rules, but they're clever enough to know when they're safe","type":"L","timestamp":"2023-11-09 12:58:40"},{"nodeID":"1302295","text":"Analysing","type":"YA","timestamp":"2023-11-09 12:58:40"},{"nodeID":"1302296","text":"Dominika: Julia Hartley-Brewer: you have a government and when you have people working in number ten who think there are us little people who have to obey rules, but they're clever enough to know when they're safe","type":"L","timestamp":"2023-11-09 12:58:40"},{"nodeID":"1302297","text":"Asserting","type":"YA","timestamp":"2023-11-09 12:58:40"},{"nodeID":"1302298","text":"Julia Hartley-Brewer: you have an arrogant government and an arrogant number ten and an arrogant prime minster who think they're above us","type":"L","timestamp":"2023-11-09 12:58:40"},{"nodeID":"1302299","text":"Analysing","type":"YA","timestamp":"2023-11-09 12:58:40"},{"nodeID":"1302300","text":"Dominika: Julia Hartley-Brewer: you have an arrogant government and an arrogant number ten and an arrogant prime minster who think they're above us","type":"L","timestamp":"2023-11-09 12:58:40"},{"nodeID":"1302301","text":"Asserting","type":"YA","timestamp":"2023-11-09 12:58:40"},{"nodeID":"1302302","text":"Julia Hartley-Brewer: I don't think we should ever be ruled by people who think they're better than us and know better than us","type":"L","timestamp":"2023-11-09 12:58:41"},{"nodeID":"1302303","text":"Analysing","type":"YA","timestamp":"2023-11-09 12:58:41"},{"nodeID":"1302304","text":"Dominika: Julia Hartley-Brewer: I don't think we should ever be ruled by people who think they're better than us and know better than us","type":"L","timestamp":"2023-11-09 12:58:41"},{"nodeID":"1302305","text":"Asserting","type":"YA","timestamp":"2023-11-09 12:58:41"},{"nodeID":"1302306","text":"Julia Hartley-Brewer: he has to go","type":"L","timestamp":"2023-11-09 12:58:42"},{"nodeID":"1302307","text":"Analysing","type":"YA","timestamp":"2023-11-09 12:58:42"},{"nodeID":"1302308","text":"Dominika: Julia Hartley-Brewer: he has to go","type":"L","timestamp":"2023-11-09 12:58:42"},{"nodeID":"1302309","text":"Asserting","type":"YA","timestamp":"2023-11-09 12:58:42"},{"nodeID":"1302310","text":"Julia Hartley-Brewer: we should have principles in our Government that if you lie to Parliament, if you make laws that you then break, you have no business in charge of this country","type":"L","timestamp":"2023-11-09 12:58:42"},{"nodeID":"1302311","text":"Analysing","type":"YA","timestamp":"2023-11-09 12:58:42"},{"nodeID":"1302312","text":"Dominika: Julia Hartley-Brewer: we should have principles in our Government that if you lie to Parliament, if you make laws that you then break, you have no business in charge of this country","type":"L","timestamp":"2023-11-09 12:58:42"},{"nodeID":"1302313","text":"Asserting","type":"YA","timestamp":"2023-11-09 12:58:42"},{"nodeID":"1302314","text":"Default Transition","type":"TA","timestamp":"2023-11-09 12:58:42"},{"nodeID":"1302315","text":"Default Inference","type":"RA","timestamp":"2023-11-09 12:58:42"},{"nodeID":"1302316","text":"Arguing","type":"YA","timestamp":"2023-11-09 12:58:42"},{"nodeID":"1302317","text":"Default Transition","type":"TA","timestamp":"2023-11-09 12:58:42"},{"nodeID":"1302318","text":"Default Transition","type":"TA","timestamp":"2023-11-09 12:58:42"},{"nodeID":"1302319","text":"Default Inference","type":"RA","timestamp":"2023-11-09 12:58:42"},{"nodeID":"1302320","text":"Arguing","type":"YA","timestamp":"2023-11-09 12:58:42"},{"nodeID":"1302321","text":"Default Transition","type":"TA","timestamp":"2023-11-09 12:58:42"},{"nodeID":"1302322","text":"Default Transition","type":"TA","timestamp":"2023-11-09 12:58:42"},{"nodeID":"1302323","text":"Default Rephrase","type":"MA","timestamp":"2023-11-09 12:58:42"},{"nodeID":"1302324","text":"Restating","type":"YA","timestamp":"2023-11-09 12:58:42"},{"nodeID":"1302325","text":"Default Transition","type":"TA","timestamp":"2023-11-09 12:58:42"},{"nodeID":"1302326","text":"Default Rephrase","type":"MA","timestamp":"2023-11-09 12:58:42"},{"nodeID":"1302327","text":"Restating","type":"YA","timestamp":"2023-11-09 12:58:42"},{"nodeID":"1302328","text":"Default Transition","type":"TA","timestamp":"2023-11-09 12:58:42"},{"nodeID":"1302329","text":"Default Transition","type":"TA","timestamp":"2023-11-09 12:58:42"},{"nodeID":"1302330","text":"Default Transition","type":"TA","timestamp":"2023-11-09 12:58:42"},{"nodeID":"1302331","text":"Default Inference","type":"RA","timestamp":"2023-11-09 12:58:42"},{"nodeID":"1302332","text":"Default Rephrase","type":"MA","timestamp":"2023-11-09 12:58:42"},{"nodeID":"1302333","text":"Default Transition","type":"TA","timestamp":"2023-11-09 12:58:42"},{"nodeID":"1302334","text":"Restating","type":"YA","timestamp":"2023-11-09 12:58:42"},{"nodeID":"1302335","text":"Arguing","type":"YA","timestamp":"2023-11-09 12:58:42"},{"nodeID":"1302336","text":"Default Transition","type":"TA","timestamp":"2023-11-09 12:58:42"},{"nodeID":"1302337","text":"Default Rephrase","type":"MA","timestamp":"2023-11-09 12:58:42"},{"nodeID":"1302338","text":"Restating","type":"YA","timestamp":"2023-11-09 12:58:42"},{"nodeID":"1302339","text":"Default Transition","type":"TA","timestamp":"2023-11-09 12:58:42"},{"nodeID":"1302340","text":"Default Transition","type":"TA","timestamp":"2023-11-09 12:58:42"},{"nodeID":"1302341","text":"Default Rephrase","type":"MA","timestamp":"2023-11-09 12:58:42"},{"nodeID":"1302342","text":"Restating","type":"YA","timestamp":"2023-11-09 12:58:42"},{"nodeID":"1302343","text":"Default Conflict","type":"CA","timestamp":"2023-11-09 12:58:42"},{"nodeID":"1302344","text":"Disagreeing","type":"YA","timestamp":"2023-11-09 12:58:42"}],"edges":[{"edgeID":"1711147","fromID":"1302259","toID":"1302258","formEdgeID":null},{"edgeID":"1711148","fromID":"1302260","toID":"1302259","formEdgeID":null},{"edgeID":"1711149","fromID":"1302258","toID":"1302261","formEdgeID":null},{"edgeID":"1711150","fromID":"1302261","toID":"1147135","formEdgeID":null},{"edgeID":"1711151","fromID":"1302263","toID":"1302262","formEdgeID":null},{"edgeID":"1711152","fromID":"1302264","toID":"1302263","formEdgeID":null},{"edgeID":"1711153","fromID":"1302266","toID":"1302265","formEdgeID":null},{"edgeID":"1711154","fromID":"1302267","toID":"1302266","formEdgeID":null},{"edgeID":"1711155","fromID":"1302262","toID":"1302268","formEdgeID":null},{"edgeID":"1711156","fromID":"1302268","toID":"1302265","formEdgeID":null},{"edgeID":"1711157","fromID":"1302265","toID":"1302269","formEdgeID":null},{"edgeID":"1711158","fromID":"1302269","toID":"1147140","formEdgeID":null},{"edgeID":"1711159","fromID":"1302271","toID":"1302270","formEdgeID":null},{"edgeID":"1711160","fromID":"1302272","toID":"1302271","formEdgeID":null},{"edgeID":"1711161","fromID":"1302270","toID":"1302273","formEdgeID":null},{"edgeID":"1711162","fromID":"1302273","toID":"1147149","formEdgeID":null},{"edgeID":"1711163","fromID":"1302275","toID":"1302274","formEdgeID":null},{"edgeID":"1711164","fromID":"1302276","toID":"1302275","formEdgeID":null},{"edgeID":"1711165","fromID":"1302274","toID":"1302277","formEdgeID":null},{"edgeID":"1711166","fromID":"1302277","toID":"1147154","formEdgeID":null},{"edgeID":"1711167","fromID":"1302279","toID":"1302278","formEdgeID":null},{"edgeID":"1711168","fromID":"1302280","toID":"1302279","formEdgeID":null},{"edgeID":"1711169","fromID":"1302278","toID":"1302281","formEdgeID":null},{"edgeID":"1711170","fromID":"1302281","toID":"1147159","formEdgeID":null},{"edgeID":"1711171","fromID":"1302283","toID":"1302282","formEdgeID":null},{"edgeID":"1711172","fromID":"1302284","toID":"1302283","formEdgeID":null},{"edgeID":"1711173","fromID":"1302282","toID":"1302285","formEdgeID":null},{"edgeID":"1711174","fromID":"1302285","toID":"1147164","formEdgeID":null},{"edgeID":"1711175","fromID":"1302287","toID":"1302286","formEdgeID":null},{"edgeID":"1711176","fromID":"1302288","toID":"1302287","formEdgeID":null},{"edgeID":"1711177","fromID":"1302286","toID":"1302289","formEdgeID":null},{"edgeID":"1711178","fromID":"1302289","toID":"1147169","formEdgeID":null},{"edgeID":"1711179","fromID":"1302291","toID":"1302290","formEdgeID":null},{"edgeID":"1711180","fromID":"1302292","toID":"1302291","formEdgeID":null},{"edgeID":"1711181","fromID":"1302290","toID":"1302293","formEdgeID":null},{"edgeID":"1711182","fromID":"1302293","toID":"1147174","formEdgeID":null},{"edgeID":"1711183","fromID":"1302295","toID":"1302294","formEdgeID":null},{"edgeID":"1711184","fromID":"1302296","toID":"1302295","formEdgeID":null},{"edgeID":"1711185","fromID":"1302294","toID":"1302297","formEdgeID":null},{"edgeID":"1711186","fromID":"1302297","toID":"1147179","formEdgeID":null},{"edgeID":"1711187","fromID":"1302299","toID":"1302298","formEdgeID":null},{"edgeID":"1711188","fromID":"1302300","toID":"1302299","formEdgeID":null},{"edgeID":"1711189","fromID":"1302298","toID":"1302301","formEdgeID":null},{"edgeID":"1711190","fromID":"1302301","toID":"1147184","formEdgeID":null},{"edgeID":"1711191","fromID":"1302303","toID":"1302302","formEdgeID":null},{"edgeID":"1711192","fromID":"1302304","toID":"1302303","formEdgeID":null},{"edgeID":"1711193","fromID":"1302302","toID":"1302305","formEdgeID":null},{"edgeID":"1711194","fromID":"1302305","toID":"1147189","formEdgeID":null},{"edgeID":"1711195","fromID":"1302307","toID":"1302306","formEdgeID":null},{"edgeID":"1711196","fromID":"1302308","toID":"1302307","formEdgeID":null},{"edgeID":"1711197","fromID":"1302306","toID":"1302309","formEdgeID":null},{"edgeID":"1711198","fromID":"1302309","toID":"1144924","formEdgeID":null},{"edgeID":"1711199","fromID":"1302311","toID":"1302310","formEdgeID":null},{"edgeID":"1711200","fromID":"1302312","toID":"1302311","formEdgeID":null},{"edgeID":"1711201","fromID":"1302310","toID":"1302313","formEdgeID":null},{"edgeID":"1711202","fromID":"1302313","toID":"1144926","formEdgeID":null},{"edgeID":"1711203","fromID":"1302306","toID":"1302314","formEdgeID":null},{"edgeID":"1711204","fromID":"1302314","toID":"1302310","formEdgeID":null},{"edgeID":"1711205","fromID":"1144926","toID":"1302315","formEdgeID":null},{"edgeID":"1711206","fromID":"1302315","toID":"1144924","formEdgeID":null},{"edgeID":"1711207","fromID":"1302314","toID":"1302316","formEdgeID":null},{"edgeID":"1711208","fromID":"1302316","toID":"1302315","formEdgeID":null},{"edgeID":"1711209","fromID":"1302302","toID":"1302317","formEdgeID":null},{"edgeID":"1711210","fromID":"1302317","toID":"1302306","formEdgeID":null},{"edgeID":"1711211","fromID":"1302298","toID":"1302318","formEdgeID":null},{"edgeID":"1711212","fromID":"1302318","toID":"1302302","formEdgeID":null},{"edgeID":"1711213","fromID":"1147184","toID":"1302319","formEdgeID":null},{"edgeID":"1711214","fromID":"1302319","toID":"1144924","formEdgeID":null},{"edgeID":"1711215","fromID":"1147189","toID":"1302319","formEdgeID":null},{"edgeID":"1711216","fromID":"1302317","toID":"1302320","formEdgeID":null},{"edgeID":"1711217","fromID":"1302320","toID":"1302319","formEdgeID":null},{"edgeID":"1711218","fromID":"1302294","toID":"1302321","formEdgeID":null},{"edgeID":"1711219","fromID":"1302321","toID":"1302298","formEdgeID":null},{"edgeID":"1711220","fromID":"1302258","toID":"1302322","formEdgeID":null},{"edgeID":"1711221","fromID":"1302322","toID":"1302262","formEdgeID":null},{"edgeID":"1711222","fromID":"1147140","toID":"1302323","formEdgeID":null},{"edgeID":"1711223","fromID":"1302323","toID":"1147135","formEdgeID":null},{"edgeID":"1711224","fromID":"1302322","toID":"1302324","formEdgeID":null},{"edgeID":"1711225","fromID":"1302324","toID":"1302323","formEdgeID":null},{"edgeID":"1711226","fromID":"1302262","toID":"1302325","formEdgeID":null},{"edgeID":"1711227","fromID":"1302325","toID":"1302270","formEdgeID":null},{"edgeID":"1711228","fromID":"1147149","toID":"1302326","formEdgeID":null},{"edgeID":"1711229","fromID":"1302326","toID":"1147140","formEdgeID":null},{"edgeID":"1711230","fromID":"1302325","toID":"1302327","formEdgeID":null},{"edgeID":"1711231","fromID":"1302327","toID":"1302326","formEdgeID":null},{"edgeID":"1711232","fromID":"1302270","toID":"1302328","formEdgeID":null},{"edgeID":"1711233","fromID":"1302328","toID":"1302274","formEdgeID":null},{"edgeID":"1711234","fromID":"1302274","toID":"1302329","formEdgeID":null},{"edgeID":"1711235","fromID":"1302329","toID":"1302278","formEdgeID":null},{"edgeID":"1711236","fromID":"1302278","toID":"1302330","formEdgeID":null},{"edgeID":"1711237","fromID":"1302330","toID":"1302282","formEdgeID":null},{"edgeID":"1711238","fromID":"1147164","toID":"1302331","formEdgeID":null},{"edgeID":"1711239","fromID":"1302331","toID":"1147159","formEdgeID":null},{"edgeID":"1711240","fromID":"1147159","toID":"1302332","formEdgeID":null},{"edgeID":"1711241","fromID":"1302332","toID":"1147149","formEdgeID":null},{"edgeID":"1711242","fromID":"1302270","toID":"1302333","formEdgeID":null},{"edgeID":"1711243","fromID":"1302333","toID":"1302278","formEdgeID":null},{"edgeID":"1711244","fromID":"1302333","toID":"1302334","formEdgeID":null},{"edgeID":"1711245","fromID":"1302334","toID":"1302332","formEdgeID":null},{"edgeID":"1711246","fromID":"1302330","toID":"1302335","formEdgeID":null},{"edgeID":"1711247","fromID":"1302335","toID":"1302331","formEdgeID":null},{"edgeID":"1711248","fromID":"1302282","toID":"1302336","formEdgeID":null},{"edgeID":"1711249","fromID":"1302336","toID":"1302286","formEdgeID":null},{"edgeID":"1711250","fromID":"1147169","toID":"1302337","formEdgeID":null},{"edgeID":"1711251","fromID":"1302337","toID":"1147164","formEdgeID":null},{"edgeID":"1711252","fromID":"1302336","toID":"1302338","formEdgeID":null},{"edgeID":"1711253","fromID":"1302338","toID":"1302337","formEdgeID":null},{"edgeID":"1711254","fromID":"1302286","toID":"1302339","formEdgeID":null},{"edgeID":"1711255","fromID":"1302339","toID":"1302290","formEdgeID":null},{"edgeID":"1711256","fromID":"1302290","toID":"1302340","formEdgeID":null},{"edgeID":"1711257","fromID":"1302340","toID":"1302294","formEdgeID":null},{"edgeID":"1711258","fromID":"1147184","toID":"1302341","formEdgeID":null},{"edgeID":"1711259","fromID":"1302341","toID":"1147179","formEdgeID":null},{"edgeID":"1711260","fromID":"1302321","toID":"1302342","formEdgeID":null},{"edgeID":"1711261","fromID":"1302342","toID":"1302341","formEdgeID":null},{"edgeID":"1711262","fromID":"1147174","toID":"1302343","formEdgeID":null},{"edgeID":"1711263","fromID":"1302343","toID":"1147169","formEdgeID":null},{"edgeID":"1711264","fromID":"1302339","toID":"1302344","formEdgeID":null},{"edgeID":"1711265","fromID":"1302344","toID":"1302343","formEdgeID":null}],"locutions":[]}