{"nodes":[{"nodeID":"1303056","text":"the Royal College of Midwives have dropped that target now for natural births","type":"I","timestamp":"2023-11-09 12:59:44"},{"nodeID":"1303057","text":"Victoria Derbyshire: the Royal College of Midwives have dropped that target now for natural births","type":"L","timestamp":"2023-11-09 12:59:44"},{"nodeID":"1303058","text":"Analysing","type":"YA","timestamp":"2023-11-09 12:59:44"},{"nodeID":"1303059","text":"Chris: Victoria Derbyshire: the Royal College of Midwives have dropped that target now for natural births","type":"L","timestamp":"2023-11-09 12:59:44"},{"nodeID":"1303060","text":"Asserting","type":"YA","timestamp":"2023-11-09 12:59:44"},{"nodeID":"1303061","text":"Maria Caulfield is the minister that was responsible for maternity","type":"I","timestamp":"2023-11-09 12:59:45"},{"nodeID":"1303062","text":"Maria Caulfield:  I'm the minister that was responsible for maternity","type":"L","timestamp":"2023-11-09 12:59:45"},{"nodeID":"1303063","text":"Analysing","type":"YA","timestamp":"2023-11-09 12:59:45"},{"nodeID":"1303064","text":"Chris: Maria Caulfield:  I'm the minister that was responsible for maternity","type":"L","timestamp":"2023-11-09 12:59:45"},{"nodeID":"1303065","text":"Asserting","type":"YA","timestamp":"2023-11-09 12:59:45"},{"nodeID":"1303066","text":"Maria Caulfield met with Donna both before the publication and on the eve of the publication as well","type":"I","timestamp":"2023-11-09 12:59:45"},{"nodeID":"1303067","text":"Maria Caulfield: I've met with Donna both before the publication and on the eve of the publication as well","type":"L","timestamp":"2023-11-09 12:59:45"},{"nodeID":"1303068","text":"Analysing","type":"YA","timestamp":"2023-11-09 12:59:45"},{"nodeID":"1303069","text":"Chris: Maria Caulfield: I've met with Donna both before the publication and on the eve of the publication as well","type":"L","timestamp":"2023-11-09 12:59:45"},{"nodeID":"1303070","text":"Asserting","type":"YA","timestamp":"2023-11-09 12:59:45"},{"nodeID":"1303071","text":"Default Inference","type":"RA","timestamp":"2023-11-09 12:59:45"},{"nodeID":"1303072","text":"Default Transition","type":"TA","timestamp":"2023-11-09 12:59:45"},{"nodeID":"1303073","text":"Default Transition","type":"TA","timestamp":"2023-11-09 12:59:45"},{"nodeID":"1303074","text":"Arguing","type":"YA","timestamp":"2023-11-09 12:59:45"},{"nodeID":"1303075","text":"the stories are absolutely harrowing","type":"I","timestamp":"2023-11-09 12:59:46"},{"nodeID":"1303076","text":"Maria Caulfield: the stories are absolutely harrowing","type":"L","timestamp":"2023-11-09 12:59:46"},{"nodeID":"1303077","text":"Analysing","type":"YA","timestamp":"2023-11-09 12:59:46"},{"nodeID":"1303078","text":"Chris: Maria Caulfield: the stories are absolutely harrowing","type":"L","timestamp":"2023-11-09 12:59:46"},{"nodeID":"1303079","text":"Asserting","type":"YA","timestamp":"2023-11-09 12:59:46"},{"nodeID":"1303080","text":"Default Transition","type":"TA","timestamp":"2023-11-09 12:59:46"},{"nodeID":"1303081","text":"the Secretary of State in the Chamber has said that the only normal birth is a safe birth","type":"I","timestamp":"2023-11-09 12:59:47"},{"nodeID":"1303082","text":"Maria Caulfield: the Secretary of State in the Chamber has said that the only normal birth is a safe birth","type":"L","timestamp":"2023-11-09 12:59:47"},{"nodeID":"1303083","text":"Analysing","type":"YA","timestamp":"2023-11-09 12:59:47"},{"nodeID":"1303084","text":"Chris: Maria Caulfield: the Secretary of State in the Chamber has said that the only normal birth is a safe birth","type":"L","timestamp":"2023-11-09 12:59:47"},{"nodeID":"1303085","text":"Asserting","type":"YA","timestamp":"2023-11-09 12:59:47"},{"nodeID":"1303086","text":"Default Transition","type":"TA","timestamp":"2023-11-09 12:59:47"},{"nodeID":"1303087","text":"we have to move away from this \"natural births\" target","type":"I","timestamp":"2023-11-09 12:59:47"},{"nodeID":"1303088","text":"Maria Caulfield: We have to move away from this target","type":"L","timestamp":"2023-11-09 12:59:47"},{"nodeID":"1303089","text":"Analysing","type":"YA","timestamp":"2023-11-09 12:59:47"},{"nodeID":"1303090","text":"Chris: Maria Caulfield: We have to move away from this target","type":"L","timestamp":"2023-11-09 12:59:47"},{"nodeID":"1303091","text":"Asserting","type":"YA","timestamp":"2023-11-09 12:59:47"},{"nodeID":"1303092","text":"Default Transition","type":"TA","timestamp":"2023-11-09 12:59:47"},{"nodeID":"1303093","text":"Default Rephrase","type":"MA","timestamp":"2023-11-09 12:59:47"},{"nodeID":"1303094","text":"Restating","type":"YA","timestamp":"2023-11-09 12:59:47"},{"nodeID":"1303095","text":"the Royal College has dropped that \"natural births\" target","type":"I","timestamp":"2023-11-09 12:59:48"},{"nodeID":"1303096","text":"Maria Caulfield: the Royal College has dropped that target","type":"L","timestamp":"2023-11-09 12:59:48"},{"nodeID":"1303097","text":"Analysing","type":"YA","timestamp":"2023-11-09 12:59:48"},{"nodeID":"1303098","text":"Chris: Maria Caulfield: the Royal College has dropped that target","type":"L","timestamp":"2023-11-09 12:59:48"},{"nodeID":"1303099","text":"Asserting","type":"YA","timestamp":"2023-11-09 12:59:48"},{"nodeID":"1303100","text":"Default Transition","type":"TA","timestamp":"2023-11-09 12:59:48"},{"nodeID":"1303101","text":"Default Inference","type":"RA","timestamp":"2023-11-09 12:59:48"},{"nodeID":"1303102","text":"it was key in Telford and Shrewsbury that they used to pride themselves on the low number of caesarean sections","type":"I","timestamp":"2023-11-09 12:59:48"},{"nodeID":"1303103","text":"Maria Caulfield: it was key in Telford and Shrewsbury that they used to pride themselves on the low number of caesarean sections","type":"L","timestamp":"2023-11-09 12:59:48"},{"nodeID":"1303104","text":"Analysing","type":"YA","timestamp":"2023-11-09 12:59:48"},{"nodeID":"1303105","text":"Chris: Maria Caulfield: it was key in Telford and Shrewsbury that they used to pride themselves on the low number of caesarean sections","type":"L","timestamp":"2023-11-09 12:59:48"},{"nodeID":"1303106","text":"Asserting","type":"YA","timestamp":"2023-11-09 12:59:48"},{"nodeID":"1303107","text":"Default Transition","type":"TA","timestamp":"2023-11-09 12:59:48"},{"nodeID":"1303108","text":"women were saying there was a problem either during their pregnancy, at the time of their birth and after their pregnancy and they were just dismissed","type":"I","timestamp":"2023-11-09 12:59:49"},{"nodeID":"1303109","text":"Maria Caulfield: women were saying there was a problem either during their pregnancy, at the time of their birth and after their pregnancy and they were just dismissed","type":"L","timestamp":"2023-11-09 12:59:49"},{"nodeID":"1303110","text":"Analysing","type":"YA","timestamp":"2023-11-09 12:59:49"},{"nodeID":"1303111","text":"Chris: Maria Caulfield: women were saying there was a problem either during their pregnancy, at the time of their birth and after their pregnancy and they were just dismissed","type":"L","timestamp":"2023-11-09 12:59:49"},{"nodeID":"1303112","text":"Asserting","type":"YA","timestamp":"2023-11-09 12:59:49"},{"nodeID":"1303113","text":"Default Transition","type":"TA","timestamp":"2023-11-09 12:59:49"},{"nodeID":"1303114","text":"Default Inference","type":"RA","timestamp":"2023-11-09 12:59:49"},{"nodeID":"1303115","text":"Default Transition","type":"TA","timestamp":"2023-11-09 12:59:49"},{"nodeID":"1303116","text":"Arguing","type":"YA","timestamp":"2023-11-09 12:59:49"},{"nodeID":"1303117","text":"Default Rephrase","type":"MA","timestamp":"2023-11-09 12:59:49"},{"nodeID":"1303118","text":"Default Transition","type":"TA","timestamp":"2023-11-09 12:59:49"},{"nodeID":"1303119","text":"Restating","type":"YA","timestamp":"2023-11-09 12:59:49"}],"edges":[{"edgeID":"1712172","fromID":"1303058","toID":"1303057","formEdgeID":null},{"edgeID":"1712173","fromID":"1303059","toID":"1303058","formEdgeID":null},{"edgeID":"1712174","fromID":"1303057","toID":"1303060","formEdgeID":null},{"edgeID":"1712175","fromID":"1303060","toID":"1303056","formEdgeID":null},{"edgeID":"1712176","fromID":"1303063","toID":"1303062","formEdgeID":null},{"edgeID":"1712177","fromID":"1303064","toID":"1303063","formEdgeID":null},{"edgeID":"1712178","fromID":"1303062","toID":"1303065","formEdgeID":null},{"edgeID":"1712179","fromID":"1303065","toID":"1303061","formEdgeID":null},{"edgeID":"1712180","fromID":"1303068","toID":"1303067","formEdgeID":null},{"edgeID":"1712181","fromID":"1303069","toID":"1303068","formEdgeID":null},{"edgeID":"1712182","fromID":"1303067","toID":"1303070","formEdgeID":null},{"edgeID":"1712183","fromID":"1303070","toID":"1303066","formEdgeID":null},{"edgeID":"1712184","fromID":"1303061","toID":"1303071","formEdgeID":null},{"edgeID":"1712185","fromID":"1303071","toID":"1303066","formEdgeID":null},{"edgeID":"1712186","fromID":"1303057","toID":"1303072","formEdgeID":null},{"edgeID":"1712187","fromID":"1303072","toID":"1303062","formEdgeID":null},{"edgeID":"1712188","fromID":"1303062","toID":"1303073","formEdgeID":null},{"edgeID":"1712189","fromID":"1303073","toID":"1303067","formEdgeID":null},{"edgeID":"1712190","fromID":"1303073","toID":"1303074","formEdgeID":null},{"edgeID":"1712191","fromID":"1303074","toID":"1303071","formEdgeID":null},{"edgeID":"1712192","fromID":"1303077","toID":"1303076","formEdgeID":null},{"edgeID":"1712193","fromID":"1303078","toID":"1303077","formEdgeID":null},{"edgeID":"1712194","fromID":"1303076","toID":"1303079","formEdgeID":null},{"edgeID":"1712195","fromID":"1303079","toID":"1303075","formEdgeID":null},{"edgeID":"1712196","fromID":"1303067","toID":"1303080","formEdgeID":null},{"edgeID":"1712197","fromID":"1303080","toID":"1303076","formEdgeID":null},{"edgeID":"1712198","fromID":"1303083","toID":"1303082","formEdgeID":null},{"edgeID":"1712199","fromID":"1303084","toID":"1303083","formEdgeID":null},{"edgeID":"1712200","fromID":"1303082","toID":"1303085","formEdgeID":null},{"edgeID":"1712201","fromID":"1303085","toID":"1303081","formEdgeID":null},{"edgeID":"1712202","fromID":"1303076","toID":"1303086","formEdgeID":null},{"edgeID":"1712203","fromID":"1303086","toID":"1303082","formEdgeID":null},{"edgeID":"1712204","fromID":"1303089","toID":"1303088","formEdgeID":null},{"edgeID":"1712205","fromID":"1303090","toID":"1303089","formEdgeID":null},{"edgeID":"1712206","fromID":"1303088","toID":"1303091","formEdgeID":null},{"edgeID":"1712207","fromID":"1303091","toID":"1303087","formEdgeID":null},{"edgeID":"1712208","fromID":"1303082","toID":"1303092","formEdgeID":null},{"edgeID":"1712209","fromID":"1303092","toID":"1303088","formEdgeID":null},{"edgeID":"1712210","fromID":"1303075","toID":"1303093","formEdgeID":null},{"edgeID":"1712211","fromID":"1303093","toID":"1303066","formEdgeID":null},{"edgeID":"1712212","fromID":"1303080","toID":"1303094","formEdgeID":null},{"edgeID":"1712213","fromID":"1303094","toID":"1303093","formEdgeID":null},{"edgeID":"1712214","fromID":"1303097","toID":"1303096","formEdgeID":null},{"edgeID":"1712215","fromID":"1303098","toID":"1303097","formEdgeID":null},{"edgeID":"1712216","fromID":"1303096","toID":"1303099","formEdgeID":null},{"edgeID":"1712217","fromID":"1303099","toID":"1303095","formEdgeID":null},{"edgeID":"1712218","fromID":"1303088","toID":"1303100","formEdgeID":null},{"edgeID":"1712219","fromID":"1303100","toID":"1303096","formEdgeID":null},{"edgeID":"1712220","fromID":"1303087","toID":"1303101","formEdgeID":null},{"edgeID":"1712221","fromID":"1303101","toID":"1303095","formEdgeID":null},{"edgeID":"1712222","fromID":"1303104","toID":"1303103","formEdgeID":null},{"edgeID":"1712223","fromID":"1303105","toID":"1303104","formEdgeID":null},{"edgeID":"1712224","fromID":"1303103","toID":"1303106","formEdgeID":null},{"edgeID":"1712225","fromID":"1303106","toID":"1303102","formEdgeID":null},{"edgeID":"1712226","fromID":"1303076","toID":"1303107","formEdgeID":null},{"edgeID":"1712227","fromID":"1303107","toID":"1303103","formEdgeID":null},{"edgeID":"1712228","fromID":"1303110","toID":"1303109","formEdgeID":null},{"edgeID":"1712229","fromID":"1303111","toID":"1303110","formEdgeID":null},{"edgeID":"1712230","fromID":"1303109","toID":"1303112","formEdgeID":null},{"edgeID":"1712231","fromID":"1303112","toID":"1303108","formEdgeID":null},{"edgeID":"1712232","fromID":"1303103","toID":"1303113","formEdgeID":null},{"edgeID":"1712233","fromID":"1303113","toID":"1303109","formEdgeID":null},{"edgeID":"1712234","fromID":"1303108","toID":"1303114","formEdgeID":null},{"edgeID":"1712235","fromID":"1303114","toID":"1303075","formEdgeID":null},{"edgeID":"1712236","fromID":"1303082","toID":"1303115","formEdgeID":null},{"edgeID":"1712237","fromID":"1303115","toID":"1303109","formEdgeID":null},{"edgeID":"1712238","fromID":"1303115","toID":"1303116","formEdgeID":null},{"edgeID":"1712239","fromID":"1303116","toID":"1303114","formEdgeID":null},{"edgeID":"1712240","fromID":"1303095","toID":"1303117","formEdgeID":null},{"edgeID":"1712241","fromID":"1303117","toID":"1303056","formEdgeID":null},{"edgeID":"1712242","fromID":"1303057","toID":"1303118","formEdgeID":null},{"edgeID":"1712243","fromID":"1303118","toID":"1303096","formEdgeID":null},{"edgeID":"1712244","fromID":"1303118","toID":"1303119","formEdgeID":null},{"edgeID":"1712245","fromID":"1303119","toID":"1303117","formEdgeID":null}],"locutions":[]}