{"nodes":[{"nodeID":"1302477","text":"it was nearly 300 babies either died or suffered severe brain damage in maternity units in a part of the National Health Service where all of us intrust our safety and the safety of our families","type":"I","timestamp":"2023-11-09 12:58:55"},{"nodeID":"1302478","text":"Steve Reed: it was nearly 300 babies either died or suffered severe brain damage in maternity units in a part of the National Health Service where all of us intrust our safety and the safety of our families","type":"L","timestamp":"2023-11-09 12:58:55"},{"nodeID":"1302479","text":"Analysing","type":"YA","timestamp":"2023-11-09 12:58:55"},{"nodeID":"1302480","text":"Anon: Steve Reed: it was nearly 300 babies either died or suffered severe brain damage in maternity units in a part of the National Health Service where all of us intrust our safety and the safety of our families","type":"L","timestamp":"2023-11-09 12:58:55"},{"nodeID":"1302481","text":"Asserting","type":"YA","timestamp":"2023-11-09 12:58:55"},{"nodeID":"1302482","text":"it's remarkable how some of those parents, despite the grief, the extraordinary unimaginable grief that they suffered turned that into a campaign to stop this from happening","type":"I","timestamp":"2023-11-09 12:58:56"},{"nodeID":"1302483","text":"Steve Reed: it's remarkable how some of those parents, despite the grief, the extraordinary unimaginable grief that they suffered turned that into a campaign to stop this from happening","type":"L","timestamp":"2023-11-09 12:58:56"},{"nodeID":"1302484","text":"Analysing","type":"YA","timestamp":"2023-11-09 12:58:56"},{"nodeID":"1302485","text":"Anon: Steve Reed: it's remarkable how some of those parents, despite the grief, the extraordinary unimaginable grief that they suffered turned that into a campaign to stop this from happening","type":"L","timestamp":"2023-11-09 12:58:56"},{"nodeID":"1302486","text":"Asserting","type":"YA","timestamp":"2023-11-09 12:58:56"},{"nodeID":"1302487","text":"Default Transition","type":"TA","timestamp":"2023-11-09 12:58:56"},{"nodeID":"1302488","text":"it's remarkable how some of those parents, despite the grief, the extraordinary unimaginable grief that they suffered turned that into a campaign to expose what went wrong","type":"I","timestamp":"2023-11-09 12:58:56"},{"nodeID":"1302489","text":"Steve Reed: to expose what went wrong","type":"L","timestamp":"2023-11-09 12:58:56"},{"nodeID":"1302490","text":"Analysing","type":"YA","timestamp":"2023-11-09 12:58:56"},{"nodeID":"1302491","text":"Anon: Steve Reed: to expose what went wrong","type":"L","timestamp":"2023-11-09 12:58:56"},{"nodeID":"1302492","text":"Asserting","type":"YA","timestamp":"2023-11-09 12:58:56"},{"nodeID":"1302493","text":"Default Rephrase","type":"MA","timestamp":"2023-11-09 12:58:56"},{"nodeID":"1302494","text":"Default Transition","type":"TA","timestamp":"2023-11-09 12:58:56"},{"nodeID":"1302495","text":"Restating","type":"YA","timestamp":"2023-11-09 12:58:56"},{"nodeID":"1302496","text":"Steve Reed wants to pay tribute to those parents","type":"I","timestamp":"2023-11-09 12:58:57"},{"nodeID":"1302497","text":"Steve Reed: I want to pay tribute to those parents","type":"L","timestamp":"2023-11-09 12:58:57"},{"nodeID":"1302498","text":"Analysing","type":"YA","timestamp":"2023-11-09 12:58:57"},{"nodeID":"1302499","text":"Anon: Steve Reed: I want to pay tribute to those parents","type":"L","timestamp":"2023-11-09 12:58:57"},{"nodeID":"1302500","text":"Asserting","type":"YA","timestamp":"2023-11-09 12:58:57"},{"nodeID":"1302501","text":"Default Transition","type":"TA","timestamp":"2023-11-09 12:58:57"},{"nodeID":"1302502","text":"as so often when you get failure in an organisation","type":"I","timestamp":"2023-11-09 12:58:57"},{"nodeID":"1302503","text":"Steve Reed: as so often when you get failure in an organisation","type":"L","timestamp":"2023-11-09 12:58:57"},{"nodeID":"1302504","text":"Analysing","type":"YA","timestamp":"2023-11-09 12:58:57"},{"nodeID":"1302505","text":"Anon: Steve Reed: as so often when you get failure in an organisation","type":"L","timestamp":"2023-11-09 12:58:57"},{"nodeID":"1302506","text":"Asserting","type":"YA","timestamp":"2023-11-09 12:58:57"},{"nodeID":"1302507","text":"Donna Ockenden in her report points to the failure in an organisation","type":"I","timestamp":"2023-11-09 12:58:58"},{"nodeID":"1302508","text":"Steve Reed: Donna Ockenden in her report points to this","type":"L","timestamp":"2023-11-09 12:58:58"},{"nodeID":"1302509","text":"Analysing","type":"YA","timestamp":"2023-11-09 12:58:58"},{"nodeID":"1302510","text":"Anon: Steve Reed: Donna Ockenden in her report points to this","type":"L","timestamp":"2023-11-09 12:58:58"},{"nodeID":"1302511","text":"Asserting","type":"YA","timestamp":"2023-11-09 12:58:58"},{"nodeID":"1302512","text":"there was a real failure of leadership at the top and a failure to set a culture that was open, that could learn, that could understand criticism and change things","type":"I","timestamp":"2023-11-09 12:58:58"},{"nodeID":"1302513","text":"Steve Reed: there was a real failure of leadership at the top and a failure to set a culture that was open, that could learn, that could understand criticism and change things","type":"L","timestamp":"2023-11-09 12:58:58"},{"nodeID":"1302514","text":"Analysing","type":"YA","timestamp":"2023-11-09 12:58:58"},{"nodeID":"1302515","text":"Anon: Steve Reed: there was a real failure of leadership at the top and a failure to set a culture that was open, that could learn, that could understand criticism and change things","type":"L","timestamp":"2023-11-09 12:58:58"},{"nodeID":"1302516","text":"Asserting","type":"YA","timestamp":"2023-11-09 12:58:58"},{"nodeID":"1302517","text":"Default Transition","type":"TA","timestamp":"2023-11-09 12:58:58"},{"nodeID":"1302518","text":"Default Transition","type":"TA","timestamp":"2023-11-09 12:58:58"},{"nodeID":"1302519","text":"Default Transition","type":"TA","timestamp":"2023-11-09 12:58:58"},{"nodeID":"1302520","text":"this faillure of leadership went on for nearly two decades","type":"I","timestamp":"2023-11-09 12:58:59"},{"nodeID":"1302521","text":"Steve Reed: this went on for nearly two decades","type":"L","timestamp":"2023-11-09 12:58:59"},{"nodeID":"1302522","text":"Analysing","type":"YA","timestamp":"2023-11-09 12:58:59"},{"nodeID":"1302523","text":"Anon: Steve Reed: this went on for nearly two decades","type":"L","timestamp":"2023-11-09 12:58:59"},{"nodeID":"1302524","text":"Asserting","type":"YA","timestamp":"2023-11-09 12:58:59"},{"nodeID":"1302525","text":"Default Transition","type":"TA","timestamp":"2023-11-09 12:58:59"},{"nodeID":"1302526","text":"the failure of leadership is still going on now","type":"I","timestamp":"2023-11-09 12:59:00"},{"nodeID":"1302527","text":"Julia Hartley-Brewer: It's still going on now","type":"L","timestamp":"2023-11-09 12:59:00"},{"nodeID":"1302528","text":"Analysing","type":"YA","timestamp":"2023-11-09 12:59:00"},{"nodeID":"1302529","text":"Anon: Julia Hartley-Brewer: It's still going on now","type":"L","timestamp":"2023-11-09 12:59:00"},{"nodeID":"1302530","text":"Asserting","type":"YA","timestamp":"2023-11-09 12:59:00"},{"nodeID":"1302531","text":"Default Transition","type":"TA","timestamp":"2023-11-09 12:59:00"},{"nodeID":"1302532","text":"Default Conflict","type":"CA","timestamp":"2023-11-09 12:59:00"},{"nodeID":"1302533","text":"Disagreeing","type":"YA","timestamp":"2023-11-09 12:59:00"},{"nodeID":"1302534","text":"that's how long the failure of leadership went on","type":"I","timestamp":"2023-11-09 12:59:00"},{"nodeID":"1302535","text":"Steve Reed: that's how long it went on","type":"L","timestamp":"2023-11-09 12:59:00"},{"nodeID":"1302536","text":"Analysing","type":"YA","timestamp":"2023-11-09 12:59:00"},{"nodeID":"1302537","text":"Anon: Steve Reed: that's how long it went on","type":"L","timestamp":"2023-11-09 12:59:00"},{"nodeID":"1302538","text":"Asserting","type":"YA","timestamp":"2023-11-09 12:59:00"},{"nodeID":"1302539","text":"Default Conflict","type":"CA","timestamp":"2023-11-09 12:59:00"},{"nodeID":"1302540","text":"Default Transition","type":"TA","timestamp":"2023-11-09 12:59:00"},{"nodeID":"1302541","text":"Disagreeing","type":"YA","timestamp":"2023-11-09 12:59:00"},{"nodeID":"1302542","text":"you have to have new models of openness, accountability, putting patients at the heart of decision making for once in this bureaucracy as in every bureaucracy or organisation","type":"I","timestamp":"2023-11-09 12:59:01"},{"nodeID":"1302543","text":"Steve Reed: you have to have new models of openness, accountability, putting patients at the heart of decision making for once in this bureaucracy as in every bureaucracy or organisation","type":"L","timestamp":"2023-11-09 12:59:01"},{"nodeID":"1302544","text":"Analysing","type":"YA","timestamp":"2023-11-09 12:59:01"},{"nodeID":"1302545","text":"Anon: Steve Reed: you have to have new models of openness, accountability, putting patients at the heart of decision making for once in this bureaucracy as in every bureaucracy or organisation","type":"L","timestamp":"2023-11-09 12:59:01"},{"nodeID":"1302546","text":"Asserting","type":"YA","timestamp":"2023-11-09 12:59:01"},{"nodeID":"1302547","text":"Default Transition","type":"TA","timestamp":"2023-11-09 12:59:01"},{"nodeID":"1302548","text":"the changes that Donna Ockenden recommends are not optional","type":"I","timestamp":"2023-11-09 12:59:01"},{"nodeID":"1302549","text":"Steve Reed: the changes that Donna Ockenden recommends are not optional","type":"L","timestamp":"2023-11-09 12:59:01"},{"nodeID":"1302550","text":"Analysing","type":"YA","timestamp":"2023-11-09 12:59:01"},{"nodeID":"1302551","text":"Anon: Steve Reed: the changes that Donna Ockenden recommends are not optional","type":"L","timestamp":"2023-11-09 12:59:01"},{"nodeID":"1302552","text":"Asserting","type":"YA","timestamp":"2023-11-09 12:59:01"},{"nodeID":"1302553","text":"Default Transition","type":"TA","timestamp":"2023-11-09 12:59:01"},{"nodeID":"1302554","text":"the changes that Donna Ockenden recommends must now happen to restore women's and parents' faith in the maternity services","type":"I","timestamp":"2023-11-09 12:59:02"},{"nodeID":"1302555","text":"Steve Reed: they must now happen to restore women's and parents' faith in the maternity services","type":"L","timestamp":"2023-11-09 12:59:02"},{"nodeID":"1302556","text":"Analysing","type":"YA","timestamp":"2023-11-09 12:59:02"},{"nodeID":"1302557","text":"Anon: Steve Reed: they must now happen to restore women's and parents' faith in the maternity services","type":"L","timestamp":"2023-11-09 12:59:02"},{"nodeID":"1302558","text":"Asserting","type":"YA","timestamp":"2023-11-09 12:59:02"},{"nodeID":"1302559","text":"Default Transition","type":"TA","timestamp":"2023-11-09 12:59:02"},{"nodeID":"1302560","text":"Default Inference","type":"RA","timestamp":"2023-11-09 12:59:02"},{"nodeID":"1302561","text":"Arguing","type":"YA","timestamp":"2023-11-09 12:59:02"},{"nodeID":"1302562","text":"Default Inference","type":"RA","timestamp":"2023-11-09 12:59:02"},{"nodeID":"1302563","text":"Default Transition","type":"TA","timestamp":"2023-11-09 12:59:02"},{"nodeID":"1302564","text":"Arguing","type":"YA","timestamp":"2023-11-09 12:59:02"},{"nodeID":"1302565","text":"Default Inference","type":"RA","timestamp":"2023-11-09 12:59:02"},{"nodeID":"1302566","text":"Arguing","type":"YA","timestamp":"2023-11-09 12:59:02"}],"edges":[{"edgeID":"1711425","fromID":"1302479","toID":"1302478","formEdgeID":null},{"edgeID":"1711426","fromID":"1302480","toID":"1302479","formEdgeID":null},{"edgeID":"1711427","fromID":"1302478","toID":"1302481","formEdgeID":null},{"edgeID":"1711428","fromID":"1302481","toID":"1302477","formEdgeID":null},{"edgeID":"1711429","fromID":"1302484","toID":"1302483","formEdgeID":null},{"edgeID":"1711430","fromID":"1302485","toID":"1302484","formEdgeID":null},{"edgeID":"1711431","fromID":"1302483","toID":"1302486","formEdgeID":null},{"edgeID":"1711432","fromID":"1302486","toID":"1302482","formEdgeID":null},{"edgeID":"1711433","fromID":"1302478","toID":"1302487","formEdgeID":null},{"edgeID":"1711434","fromID":"1302487","toID":"1302483","formEdgeID":null},{"edgeID":"1711435","fromID":"1302490","toID":"1302489","formEdgeID":null},{"edgeID":"1711436","fromID":"1302491","toID":"1302490","formEdgeID":null},{"edgeID":"1711437","fromID":"1302489","toID":"1302492","formEdgeID":null},{"edgeID":"1711438","fromID":"1302492","toID":"1302488","formEdgeID":null},{"edgeID":"1711439","fromID":"1302488","toID":"1302493","formEdgeID":null},{"edgeID":"1711440","fromID":"1302493","toID":"1302482","formEdgeID":null},{"edgeID":"1711441","fromID":"1302483","toID":"1302494","formEdgeID":null},{"edgeID":"1711442","fromID":"1302494","toID":"1302489","formEdgeID":null},{"edgeID":"1711443","fromID":"1302494","toID":"1302495","formEdgeID":null},{"edgeID":"1711444","fromID":"1302495","toID":"1302493","formEdgeID":null},{"edgeID":"1711445","fromID":"1302498","toID":"1302497","formEdgeID":null},{"edgeID":"1711446","fromID":"1302499","toID":"1302498","formEdgeID":null},{"edgeID":"1711447","fromID":"1302497","toID":"1302500","formEdgeID":null},{"edgeID":"1711448","fromID":"1302500","toID":"1302496","formEdgeID":null},{"edgeID":"1711449","fromID":"1302489","toID":"1302501","formEdgeID":null},{"edgeID":"1711450","fromID":"1302501","toID":"1302497","formEdgeID":null},{"edgeID":"1711451","fromID":"1302504","toID":"1302503","formEdgeID":null},{"edgeID":"1711452","fromID":"1302505","toID":"1302504","formEdgeID":null},{"edgeID":"1711453","fromID":"1302503","toID":"1302506","formEdgeID":null},{"edgeID":"1711454","fromID":"1302506","toID":"1302502","formEdgeID":null},{"edgeID":"1711455","fromID":"1302509","toID":"1302508","formEdgeID":null},{"edgeID":"1711456","fromID":"1302510","toID":"1302509","formEdgeID":null},{"edgeID":"1711457","fromID":"1302508","toID":"1302511","formEdgeID":null},{"edgeID":"1711458","fromID":"1302511","toID":"1302507","formEdgeID":null},{"edgeID":"1711459","fromID":"1302514","toID":"1302513","formEdgeID":null},{"edgeID":"1711460","fromID":"1302515","toID":"1302514","formEdgeID":null},{"edgeID":"1711461","fromID":"1302513","toID":"1302516","formEdgeID":null},{"edgeID":"1711462","fromID":"1302516","toID":"1302512","formEdgeID":null},{"edgeID":"1711463","fromID":"1302497","toID":"1302517","formEdgeID":null},{"edgeID":"1711464","fromID":"1302517","toID":"1302503","formEdgeID":null},{"edgeID":"1711465","fromID":"1302503","toID":"1302518","formEdgeID":null},{"edgeID":"1711466","fromID":"1302518","toID":"1302508","formEdgeID":null},{"edgeID":"1711467","fromID":"1302508","toID":"1302519","formEdgeID":null},{"edgeID":"1711468","fromID":"1302519","toID":"1302513","formEdgeID":null},{"edgeID":"1711469","fromID":"1302522","toID":"1302521","formEdgeID":null},{"edgeID":"1711470","fromID":"1302523","toID":"1302522","formEdgeID":null},{"edgeID":"1711471","fromID":"1302521","toID":"1302524","formEdgeID":null},{"edgeID":"1711472","fromID":"1302524","toID":"1302520","formEdgeID":null},{"edgeID":"1711473","fromID":"1302513","toID":"1302525","formEdgeID":null},{"edgeID":"1711474","fromID":"1302525","toID":"1302521","formEdgeID":null},{"edgeID":"1711475","fromID":"1302528","toID":"1302527","formEdgeID":null},{"edgeID":"1711476","fromID":"1302529","toID":"1302528","formEdgeID":null},{"edgeID":"1711477","fromID":"1302527","toID":"1302530","formEdgeID":null},{"edgeID":"1711478","fromID":"1302530","toID":"1302526","formEdgeID":null},{"edgeID":"1711479","fromID":"1302521","toID":"1302531","formEdgeID":null},{"edgeID":"1711480","fromID":"1302531","toID":"1302527","formEdgeID":null},{"edgeID":"1711481","fromID":"1302526","toID":"1302532","formEdgeID":null},{"edgeID":"1711482","fromID":"1302532","toID":"1302520","formEdgeID":null},{"edgeID":"1711483","fromID":"1302531","toID":"1302533","formEdgeID":null},{"edgeID":"1711484","fromID":"1302533","toID":"1302532","formEdgeID":null},{"edgeID":"1711485","fromID":"1302536","toID":"1302535","formEdgeID":null},{"edgeID":"1711486","fromID":"1302537","toID":"1302536","formEdgeID":null},{"edgeID":"1711487","fromID":"1302535","toID":"1302538","formEdgeID":null},{"edgeID":"1711488","fromID":"1302538","toID":"1302534","formEdgeID":null},{"edgeID":"1711489","fromID":"1302534","toID":"1302539","formEdgeID":null},{"edgeID":"1711490","fromID":"1302539","toID":"1302526","formEdgeID":null},{"edgeID":"1711491","fromID":"1302527","toID":"1302540","formEdgeID":null},{"edgeID":"1711492","fromID":"1302540","toID":"1302535","formEdgeID":null},{"edgeID":"1711493","fromID":"1302540","toID":"1302541","formEdgeID":null},{"edgeID":"1711494","fromID":"1302541","toID":"1302539","formEdgeID":null},{"edgeID":"1711495","fromID":"1302544","toID":"1302543","formEdgeID":null},{"edgeID":"1711496","fromID":"1302545","toID":"1302544","formEdgeID":null},{"edgeID":"1711497","fromID":"1302543","toID":"1302546","formEdgeID":null},{"edgeID":"1711498","fromID":"1302546","toID":"1302542","formEdgeID":null},{"edgeID":"1711499","fromID":"1302535","toID":"1302547","formEdgeID":null},{"edgeID":"1711500","fromID":"1302547","toID":"1302543","formEdgeID":null},{"edgeID":"1711501","fromID":"1302550","toID":"1302549","formEdgeID":null},{"edgeID":"1711502","fromID":"1302551","toID":"1302550","formEdgeID":null},{"edgeID":"1711503","fromID":"1302549","toID":"1302552","formEdgeID":null},{"edgeID":"1711504","fromID":"1302552","toID":"1302548","formEdgeID":null},{"edgeID":"1711505","fromID":"1302543","toID":"1302553","formEdgeID":null},{"edgeID":"1711506","fromID":"1302553","toID":"1302549","formEdgeID":null},{"edgeID":"1711507","fromID":"1302556","toID":"1302555","formEdgeID":null},{"edgeID":"1711508","fromID":"1302557","toID":"1302556","formEdgeID":null},{"edgeID":"1711509","fromID":"1302555","toID":"1302558","formEdgeID":null},{"edgeID":"1711510","fromID":"1302558","toID":"1302554","formEdgeID":null},{"edgeID":"1711511","fromID":"1302549","toID":"1302559","formEdgeID":null},{"edgeID":"1711512","fromID":"1302559","toID":"1302555","formEdgeID":null},{"edgeID":"1711513","fromID":"1302548","toID":"1302560","formEdgeID":null},{"edgeID":"1711514","fromID":"1302560","toID":"1302554","formEdgeID":null},{"edgeID":"1711515","fromID":"1302559","toID":"1302561","formEdgeID":null},{"edgeID":"1711516","fromID":"1302561","toID":"1302560","formEdgeID":null},{"edgeID":"1711517","fromID":"1302482","toID":"1302562","formEdgeID":null},{"edgeID":"1711518","fromID":"1302562","toID":"1302496","formEdgeID":null},{"edgeID":"1711519","fromID":"1302483","toID":"1302563","formEdgeID":null},{"edgeID":"1711520","fromID":"1302563","toID":"1302497","formEdgeID":null},{"edgeID":"1711521","fromID":"1302563","toID":"1302564","formEdgeID":null},{"edgeID":"1711522","fromID":"1302564","toID":"1302562","formEdgeID":null},{"edgeID":"1711523","fromID":"1302534","toID":"1302565","formEdgeID":null},{"edgeID":"1711524","fromID":"1302565","toID":"1302542","formEdgeID":null},{"edgeID":"1711525","fromID":"1302547","toID":"1302566","formEdgeID":null},{"edgeID":"1711526","fromID":"1302566","toID":"1302565","formEdgeID":null}],"locutions":[]}