{"nodes":[{"nodeID":"1300157","text":"xxx are the thoughts in Kyiv about now Putin being backed into a corner a bit about the possibly of him going nuclear","type":"I","timestamp":"2023-11-09 12:55:36"},{"nodeID":"1300158","text":"AudienceMember 20220310QT14: What's the thoughts in Kyiv about now Putin being backed into a corner a bit about the possibly of him going nuclear","type":"L","timestamp":"2023-11-09 12:55:36"},{"nodeID":"1300159","text":"Kyle: AudienceMember 20220310QT14: What's the thoughts in Kyiv about now Putin being backed into a corner a bit about the possibly of him going nuclear","type":"L","timestamp":"2023-11-09 12:55:36"},{"nodeID":"1300160","text":"Analysing","type":"YA","timestamp":"2023-11-09 12:55:36"},{"nodeID":"1300161","text":"Pure Questioning","type":"YA","timestamp":"2023-11-09 12:55:36"},{"nodeID":"1300162","text":"Zanny Minton Beddoes asked President Zelensky about the risk of Putin going nuclear and certainly the concern amongst NATO members about the risk of escalation","type":"I","timestamp":"2023-11-09 12:55:36"},{"nodeID":"1300163","text":"Analysing","type":"YA","timestamp":"2023-11-09 12:55:36"},{"nodeID":"1300164","text":"Kyle: Zanny Minton Beddoes: I asked President Zelensky about that and certainly the concern amongst NATO members about the risk of escalation","type":"L","timestamp":"2023-11-09 12:55:36"},{"nodeID":"1300165","text":"Zanny Minton Beddoes: I asked President Zelensky about that and certainly the concern amongst NATO members about the risk of escalation","type":"L","timestamp":"2023-11-09 12:55:36"},{"nodeID":"1300166","text":"Asserting","type":"YA","timestamp":"2023-11-09 12:55:36"},{"nodeID":"1300167","text":"Default Transition","type":"TA","timestamp":"2023-11-09 12:55:36"},{"nodeID":"1300168","text":"Analysing","type":"YA","timestamp":"2023-11-09 12:55:36"},{"nodeID":"1300169","text":"Kyle: Zanny Minton Beddoes: President Macron for example has said that you can't give offensive weapons because it risks escalation","type":"L","timestamp":"2023-11-09 12:55:36"},{"nodeID":"1300170","text":"Zanny Minton Beddoes: President Macron for example has said that you can't give offensive weapons because it risks escalation","type":"L","timestamp":"2023-11-09 12:55:36"},{"nodeID":"1300171","text":"you can't give offensive weapons because it risks escalation","type":"I","timestamp":"2023-11-09 12:55:37"},{"nodeID":"1300172","text":"Analysing","type":"YA","timestamp":"2023-11-09 12:55:37"},{"nodeID":"1300173","text":"Kyle: President Macron: you can't give offensive weapons because it risks escalation","type":"L","timestamp":"2023-11-09 12:55:37"},{"nodeID":"1300174","text":"President Macron: you can't give offensive weapons because it risks escalation","type":"L","timestamp":"2023-11-09 12:55:37"},{"nodeID":"1300175","text":"Asserting","type":"YA","timestamp":"2023-11-09 12:55:37"},{"nodeID":"1300176","text":"Asserting","type":"YA","timestamp":"2023-11-09 12:55:37"},{"nodeID":"1300177","text":"Default Transition","type":"TA","timestamp":"2023-11-09 12:55:37"},{"nodeID":"1300178","text":"Zanny Minton Beddoes:  he said to me they're afraid of Putin","type":"L","timestamp":"2023-11-09 12:55:37"},{"nodeID":"1300179","text":"Analysing","type":"YA","timestamp":"2023-11-09 12:55:37"},{"nodeID":"1300180","text":"Kyle: Zanny Minton Beddoes:  he said to me they're afraid of Putin","type":"L","timestamp":"2023-11-09 12:55:37"},{"nodeID":"1300181","text":"Default Transition","type":"TA","timestamp":"2023-11-09 12:55:37"},{"nodeID":"1300182","text":"NATO members are afraid of Putin","type":"I","timestamp":"2023-11-09 12:55:37"},{"nodeID":"1300183","text":"Analysing","type":"YA","timestamp":"2023-11-09 12:55:37"},{"nodeID":"1300184","text":"President Macron:  they're afraid of Putin","type":"L","timestamp":"2023-11-09 12:55:37"},{"nodeID":"1300185","text":"Kyle: President Macron:  they're afraid of Putin","type":"L","timestamp":"2023-11-09 12:55:37"},{"nodeID":"1300186","text":"Asserting","type":"YA","timestamp":"2023-11-09 12:55:37"},{"nodeID":"1300187","text":"Asserting","type":"YA","timestamp":"2023-11-09 12:55:37"},{"nodeID":"1300188","text":"Default Inference","type":"RA","timestamp":"2023-11-09 12:55:37"},{"nodeID":"1300189","text":"Arguing","type":"YA","timestamp":"2023-11-09 12:55:37"},{"nodeID":"1300190","text":"President Macron was very clear that it was fear of Putin and that NATO members felt that they are being\u2026they are pawns in this war","type":"I","timestamp":"2023-11-09 12:55:38"},{"nodeID":"1300191","text":"Zanny Minton Beddoes: He was very clear that it was fear of Putin and that they felt that they are being\u2026they are pawns in this","type":"L","timestamp":"2023-11-09 12:55:38"},{"nodeID":"1300192","text":"Analysing","type":"YA","timestamp":"2023-11-09 12:55:38"},{"nodeID":"1300193","text":"Kyle: Zanny Minton Beddoes: He was very clear that it was fear of Putin and that they felt that they are being\u2026they are pawns in this","type":"L","timestamp":"2023-11-09 12:55:38"},{"nodeID":"1300194","text":"Asserting","type":"YA","timestamp":"2023-11-09 12:55:38"},{"nodeID":"1300195","text":"Default Transition","type":"TA","timestamp":"2023-11-09 12:55:38"},{"nodeID":"1300196","text":"Default Inference","type":"RA","timestamp":"2023-11-09 12:55:38"},{"nodeID":"1300197","text":"Arguing","type":"YA","timestamp":"2023-11-09 12:55:38"},{"nodeID":"1300198","text":"NATO members feel that they can take the Russians on","type":"I","timestamp":"2023-11-09 12:55:39"},{"nodeID":"1300199","text":"Zanny Minton Beddoes: They feel that they can take the Russians on","type":"L","timestamp":"2023-11-09 12:55:39"},{"nodeID":"1300200","text":"Analysing","type":"YA","timestamp":"2023-11-09 12:55:39"},{"nodeID":"1300201","text":"Kyle: Zanny Minton Beddoes: They feel that they can take the Russians on","type":"L","timestamp":"2023-11-09 12:55:39"},{"nodeID":"1300202","text":"Asserting","type":"YA","timestamp":"2023-11-09 12:55:39"},{"nodeID":"1300203","text":"Default Transition","type":"TA","timestamp":"2023-11-09 12:55:39"},{"nodeID":"1300204","text":"NATO members have withstood the Russians for more than a month","type":"I","timestamp":"2023-11-09 12:55:39"},{"nodeID":"1300205","text":"Analysing","type":"YA","timestamp":"2023-11-09 12:55:39"},{"nodeID":"1300206","text":"Kyle: Zanny Minton Beddoes: they have withstood it for more than a month","type":"L","timestamp":"2023-11-09 12:55:39"},{"nodeID":"1300207","text":"Zanny Minton Beddoes: they have withstood it for more than a month","type":"L","timestamp":"2023-11-09 12:55:39"},{"nodeID":"1300208","text":"Asserting","type":"YA","timestamp":"2023-11-09 12:55:39"},{"nodeID":"1300209","text":"NATO members have wanted to have agency","type":"I","timestamp":"2023-11-09 12:55:40"},{"nodeID":"1300210","text":"Zanny Minton Beddoes: they have wanted to have agency","type":"L","timestamp":"2023-11-09 12:55:40"},{"nodeID":"1300211","text":"Analysing","type":"YA","timestamp":"2023-11-09 12:55:40"},{"nodeID":"1300212","text":"Kyle: Zanny Minton Beddoes: they have wanted to have agency","type":"L","timestamp":"2023-11-09 12:55:40"},{"nodeID":"1300213","text":"Asserting","type":"YA","timestamp":"2023-11-09 12:55:40"},{"nodeID":"1300214","text":"NATO members have agency","type":"I","timestamp":"2023-11-09 12:55:40"},{"nodeID":"1300215","text":"Kyle: Zanny Minton Beddoes: they have agency","type":"L","timestamp":"2023-11-09 12:55:40"},{"nodeID":"1300216","text":"Zanny Minton Beddoes: they have agency","type":"L","timestamp":"2023-11-09 12:55:40"},{"nodeID":"1300217","text":"Analysing","type":"YA","timestamp":"2023-11-09 12:55:40"},{"nodeID":"1300218","text":"Asserting","type":"YA","timestamp":"2023-11-09 12:55:40"},{"nodeID":"1300219","text":"Default Rephrase","type":"MA","timestamp":"2023-11-09 12:55:40"},{"nodeID":"1300220","text":"NATO members think that with the weapons they can really turn this war around","type":"I","timestamp":"2023-11-09 12:55:41"},{"nodeID":"1300221","text":"Zanny Minton Beddoes: they think that with the weapons they can really turn this around","type":"L","timestamp":"2023-11-09 12:55:41"},{"nodeID":"1300222","text":"Kyle: Zanny Minton Beddoes: they think that with the weapons they can really turn this around","type":"L","timestamp":"2023-11-09 12:55:41"},{"nodeID":"1300223","text":"Analysing","type":"YA","timestamp":"2023-11-09 12:55:41"},{"nodeID":"1300224","text":"Asserting","type":"YA","timestamp":"2023-11-09 12:55:41"},{"nodeID":"1300225","text":"Default Inference","type":"RA","timestamp":"2023-11-09 12:55:41"},{"nodeID":"1300226","text":"it seems to Zanny Minton Beddoes that all these debates about only supplying defensive weapons, not offensive weapons, at some level  is somewhat semantic","type":"I","timestamp":"2023-11-09 12:55:41"},{"nodeID":"1300227","text":"Kyle: Zanny Minton Beddoes: it seems to me that all these debates about only supplying defensive weapons, not offensive weapons, at some level this is somewhat semantic","type":"L","timestamp":"2023-11-09 12:55:41"},{"nodeID":"1300228","text":"Zanny Minton Beddoes: it seems to me that all these debates about only supplying defensive weapons, not offensive weapons, at some level this is somewhat semantic","type":"L","timestamp":"2023-11-09 12:55:41"},{"nodeID":"1300229","text":"Analysing","type":"YA","timestamp":"2023-11-09 12:55:41"},{"nodeID":"1300230","text":"Asserting","type":"YA","timestamp":"2023-11-09 12:55:41"},{"nodeID":"1300231","text":"Default Transition","type":"TA","timestamp":"2023-11-09 12:55:41"},{"nodeID":"1300232","text":"NATO need conventional weapons to be able to take on and make progressed against Vladimir Putin","type":"I","timestamp":"2023-11-09 12:55:42"},{"nodeID":"1300233","text":"Analysing","type":"YA","timestamp":"2023-11-09 12:55:42"},{"nodeID":"1300234","text":"Kyle: Zanny Minton Beddoes: They need conventional weapons to be able to take on and make progressed against Vladimir Putin","type":"L","timestamp":"2023-11-09 12:55:42"},{"nodeID":"1300235","text":"Zanny Minton Beddoes: They need conventional weapons to be able to take on and make progressed against Vladimir Putin","type":"L","timestamp":"2023-11-09 12:55:42"},{"nodeID":"1300236","text":"Asserting","type":"YA","timestamp":"2023-11-09 12:55:42"},{"nodeID":"1300237","text":"Default Transition","type":"TA","timestamp":"2023-11-09 12:55:42"},{"nodeID":"1300238","text":"Default Inference","type":"RA","timestamp":"2023-11-09 12:55:42"},{"nodeID":"1300239","text":"Arguing","type":"YA","timestamp":"2023-11-09 12:55:42"},{"nodeID":"1300240","text":"when you're there you are so clear how this country has come together to supply weapons against Putin","type":"I","timestamp":"2023-11-09 12:55:43"},{"nodeID":"1300241","text":"Kyle: Zanny Minton Beddoes: when you're there you are so clear how this country has come together to do that","type":"L","timestamp":"2023-11-09 12:55:43"},{"nodeID":"1300242","text":"Analysing","type":"YA","timestamp":"2023-11-09 12:55:43"},{"nodeID":"1300243","text":"Zanny Minton Beddoes: when you're there you are so clear how this country has come together to do that","type":"L","timestamp":"2023-11-09 12:55:43"},{"nodeID":"1300244","text":"Asserting","type":"YA","timestamp":"2023-11-09 12:55:43"},{"nodeID":"1300245","text":"Default Transition","type":"TA","timestamp":"2023-11-09 12:55:43"},{"nodeID":"1300246","text":"? what did we do?","type":"EN","timestamp":"2023-11-09 12:55:43"},{"nodeID":"1300247","text":"it is just inconceivable to Zanny Minton Beddoes that we wouldn't want to supply weapons and support Ukraine","type":"I","timestamp":"2023-11-09 12:55:43"},{"nodeID":"1300248","text":"Zanny Minton Beddoes: It's just inconceivable to me that we wouldn't want to do that and support them","type":"L","timestamp":"2023-11-09 12:55:43"},{"nodeID":"1300249","text":"Kyle: Zanny Minton Beddoes: It's just inconceivable to me that we wouldn't want to do that and support them","type":"L","timestamp":"2023-11-09 12:55:43"},{"nodeID":"1300250","text":"Analysing","type":"YA","timestamp":"2023-11-09 12:55:43"},{"nodeID":"1300251","text":"Asserting","type":"YA","timestamp":"2023-11-09 12:55:43"},{"nodeID":"1300252","text":"Default Transition","type":"TA","timestamp":"2023-11-09 12:55:43"},{"nodeID":"1300253","text":"Default Inference","type":"RA","timestamp":"2023-11-09 12:55:43"},{"nodeID":"1300254","text":"Arguing","type":"YA","timestamp":"2023-11-09 12:55:43"},{"nodeID":"1300255","text":"Default Transition","type":"TA","timestamp":"2023-11-09 12:55:43"},{"nodeID":"1300256","text":"Default Transition","type":"TA","timestamp":"2023-11-09 12:55:43"},{"nodeID":"1300257","text":"Default Transition","type":"TA","timestamp":"2023-11-09 12:55:43"},{"nodeID":"1300258","text":"Default Transition","type":"TA","timestamp":"2023-11-09 12:55:43"},{"nodeID":"1300259","text":"Arguing","type":"YA","timestamp":"2023-11-09 12:55:43"}],"edges":[{"edgeID":"1708540","fromID":"1300160","toID":"1300158","formEdgeID":null},{"edgeID":"1708541","fromID":"1300159","toID":"1300160","formEdgeID":null},{"edgeID":"1708542","fromID":"1300161","toID":"1300157","formEdgeID":null},{"edgeID":"1708543","fromID":"1300158","toID":"1300161","formEdgeID":null},{"edgeID":"1708544","fromID":"1300163","toID":"1300165","formEdgeID":null},{"edgeID":"1708545","fromID":"1300164","toID":"1300163","formEdgeID":null},{"edgeID":"1708546","fromID":"1300166","toID":"1300162","formEdgeID":null},{"edgeID":"1708547","fromID":"1300165","toID":"1300166","formEdgeID":null},{"edgeID":"1708548","fromID":"1300167","toID":"1300165","formEdgeID":null},{"edgeID":"1708549","fromID":"1300158","toID":"1300167","formEdgeID":null},{"edgeID":"1708550","fromID":"1300169","toID":"1300168","formEdgeID":null},{"edgeID":"1708551","fromID":"1300168","toID":"1300170","formEdgeID":null},{"edgeID":"1708552","fromID":"1300172","toID":"1300174","formEdgeID":null},{"edgeID":"1708553","fromID":"1300173","toID":"1300172","formEdgeID":null},{"edgeID":"1708554","fromID":"1300174","toID":"1300175","formEdgeID":null},{"edgeID":"1708555","fromID":"1300175","toID":"1300171","formEdgeID":null},{"edgeID":"1708556","fromID":"1300176","toID":"1300174","formEdgeID":null},{"edgeID":"1708557","fromID":"1300170","toID":"1300176","formEdgeID":null},{"edgeID":"1708558","fromID":"1300165","toID":"1300177","formEdgeID":null},{"edgeID":"1708559","fromID":"1300177","toID":"1300170","formEdgeID":null},{"edgeID":"1708560","fromID":"1300179","toID":"1300178","formEdgeID":null},{"edgeID":"1708561","fromID":"1300180","toID":"1300179","formEdgeID":null},{"edgeID":"1708562","fromID":"1300170","toID":"1300181","formEdgeID":null},{"edgeID":"1708563","fromID":"1300181","toID":"1300178","formEdgeID":null},{"edgeID":"1708564","fromID":"1300185","toID":"1300183","formEdgeID":null},{"edgeID":"1708565","fromID":"1300183","toID":"1300184","formEdgeID":null},{"edgeID":"1708566","fromID":"1300184","toID":"1300186","formEdgeID":null},{"edgeID":"1708567","fromID":"1300186","toID":"1300182","formEdgeID":null},{"edgeID":"1708568","fromID":"1300178","toID":"1300187","formEdgeID":null},{"edgeID":"1708569","fromID":"1300187","toID":"1300184","formEdgeID":null},{"edgeID":"1708570","fromID":"1300188","toID":"1300182","formEdgeID":null},{"edgeID":"1708571","fromID":"1300171","toID":"1300188","formEdgeID":null},{"edgeID":"1708572","fromID":"1300189","toID":"1300188","formEdgeID":null},{"edgeID":"1708573","fromID":"1300181","toID":"1300189","formEdgeID":null},{"edgeID":"1708574","fromID":"1300192","toID":"1300191","formEdgeID":null},{"edgeID":"1708575","fromID":"1300193","toID":"1300192","formEdgeID":null},{"edgeID":"1708576","fromID":"1300194","toID":"1300190","formEdgeID":null},{"edgeID":"1708577","fromID":"1300191","toID":"1300194","formEdgeID":null},{"edgeID":"1708578","fromID":"1300195","toID":"1300191","formEdgeID":null},{"edgeID":"1708579","fromID":"1300178","toID":"1300195","formEdgeID":null},{"edgeID":"1708580","fromID":"1300190","toID":"1300196","formEdgeID":null},{"edgeID":"1708581","fromID":"1300196","toID":"1300182","formEdgeID":null},{"edgeID":"1708582","fromID":"1300195","toID":"1300197","formEdgeID":null},{"edgeID":"1708583","fromID":"1300197","toID":"1300196","formEdgeID":null},{"edgeID":"1708584","fromID":"1300200","toID":"1300199","formEdgeID":null},{"edgeID":"1708585","fromID":"1300201","toID":"1300200","formEdgeID":null},{"edgeID":"1708586","fromID":"1300199","toID":"1300202","formEdgeID":null},{"edgeID":"1708587","fromID":"1300202","toID":"1300198","formEdgeID":null},{"edgeID":"1708588","fromID":"1300203","toID":"1300199","formEdgeID":null},{"edgeID":"1708589","fromID":"1300191","toID":"1300203","formEdgeID":null},{"edgeID":"1708590","fromID":"1300205","toID":"1300207","formEdgeID":null},{"edgeID":"1708591","fromID":"1300206","toID":"1300205","formEdgeID":null},{"edgeID":"1708592","fromID":"1300207","toID":"1300208","formEdgeID":null},{"edgeID":"1708593","fromID":"1300208","toID":"1300204","formEdgeID":null},{"edgeID":"1708594","fromID":"1300211","toID":"1300210","formEdgeID":null},{"edgeID":"1708595","fromID":"1300212","toID":"1300211","formEdgeID":null},{"edgeID":"1708596","fromID":"1300210","toID":"1300213","formEdgeID":null},{"edgeID":"1708597","fromID":"1300213","toID":"1300209","formEdgeID":null},{"edgeID":"1708598","fromID":"1300217","toID":"1300216","formEdgeID":null},{"edgeID":"1708599","fromID":"1300215","toID":"1300217","formEdgeID":null},{"edgeID":"1708600","fromID":"1300218","toID":"1300214","formEdgeID":null},{"edgeID":"1708601","fromID":"1300216","toID":"1300218","formEdgeID":null},{"edgeID":"1708602","fromID":"1300219","toID":"1300209","formEdgeID":null},{"edgeID":"1708603","fromID":"1300214","toID":"1300219","formEdgeID":null},{"edgeID":"1708604","fromID":"1300222","toID":"1300223","formEdgeID":null},{"edgeID":"1708605","fromID":"1300223","toID":"1300221","formEdgeID":null},{"edgeID":"1708606","fromID":"1300221","toID":"1300224","formEdgeID":null},{"edgeID":"1708607","fromID":"1300224","toID":"1300220","formEdgeID":null},{"edgeID":"1708608","fromID":"1300225","toID":"1300198","formEdgeID":null},{"edgeID":"1708609","fromID":"1300204","toID":"1300225","formEdgeID":null},{"edgeID":"1708610","fromID":"1300209","toID":"1300225","formEdgeID":null},{"edgeID":"1708611","fromID":"1300220","toID":"1300225","formEdgeID":null},{"edgeID":"1708612","fromID":"1300229","toID":"1300228","formEdgeID":null},{"edgeID":"1708613","fromID":"1300227","toID":"1300229","formEdgeID":null},{"edgeID":"1708614","fromID":"1300228","toID":"1300230","formEdgeID":null},{"edgeID":"1708615","fromID":"1300230","toID":"1300226","formEdgeID":null},{"edgeID":"1708616","fromID":"1300231","toID":"1300228","formEdgeID":null},{"edgeID":"1708617","fromID":"1300221","toID":"1300231","formEdgeID":null},{"edgeID":"1708618","fromID":"1300234","toID":"1300233","formEdgeID":null},{"edgeID":"1708619","fromID":"1300233","toID":"1300235","formEdgeID":null},{"edgeID":"1708620","fromID":"1300235","toID":"1300236","formEdgeID":null},{"edgeID":"1708621","fromID":"1300236","toID":"1300232","formEdgeID":null},{"edgeID":"1708622","fromID":"1300228","toID":"1300237","formEdgeID":null},{"edgeID":"1708623","fromID":"1300237","toID":"1300235","formEdgeID":null},{"edgeID":"1708624","fromID":"1300238","toID":"1300226","formEdgeID":null},{"edgeID":"1708625","fromID":"1300232","toID":"1300238","formEdgeID":null},{"edgeID":"1708626","fromID":"1300237","toID":"1300239","formEdgeID":null},{"edgeID":"1708627","fromID":"1300239","toID":"1300238","formEdgeID":null},{"edgeID":"1708628","fromID":"1300241","toID":"1300242","formEdgeID":null},{"edgeID":"1708629","fromID":"1300242","toID":"1300243","formEdgeID":null},{"edgeID":"1708630","fromID":"1300243","toID":"1300244","formEdgeID":null},{"edgeID":"1708631","fromID":"1300244","toID":"1300240","formEdgeID":null},{"edgeID":"1708632","fromID":"1300235","toID":"1300245","formEdgeID":null},{"edgeID":"1708633","fromID":"1300245","toID":"1300243","formEdgeID":null},{"edgeID":"1708634","fromID":"1300249","toID":"1300250","formEdgeID":null},{"edgeID":"1708635","fromID":"1300250","toID":"1300248","formEdgeID":null},{"edgeID":"1708636","fromID":"1300248","toID":"1300251","formEdgeID":null},{"edgeID":"1708637","fromID":"1300251","toID":"1300247","formEdgeID":null},{"edgeID":"1708638","fromID":"1300243","toID":"1300252","formEdgeID":null},{"edgeID":"1708639","fromID":"1300252","toID":"1300248","formEdgeID":null},{"edgeID":"1708640","fromID":"1300240","toID":"1300253","formEdgeID":null},{"edgeID":"1708641","fromID":"1300253","toID":"1300247","formEdgeID":null},{"edgeID":"1708642","fromID":"1300254","toID":"1300253","formEdgeID":null},{"edgeID":"1708643","fromID":"1300252","toID":"1300254","formEdgeID":null},{"edgeID":"1708644","fromID":"1300199","toID":"1300255","formEdgeID":null},{"edgeID":"1708645","fromID":"1300255","toID":"1300221","formEdgeID":null},{"edgeID":"1708646","fromID":"1300207","toID":"1300256","formEdgeID":null},{"edgeID":"1708647","fromID":"1300256","toID":"1300221","formEdgeID":null},{"edgeID":"1708648","fromID":"1300210","toID":"1300257","formEdgeID":null},{"edgeID":"1708649","fromID":"1300257","toID":"1300221","formEdgeID":null},{"edgeID":"1708650","fromID":"1300216","toID":"1300258","formEdgeID":null},{"edgeID":"1708651","fromID":"1300258","toID":"1300221","formEdgeID":null},{"edgeID":"1708652","fromID":"1300258","toID":"1300259","formEdgeID":null},{"edgeID":"1708653","fromID":"1300259","toID":"1300225","formEdgeID":null}],"locutions":[]}