{"nodes":[{"nodeID":"1299448","text":"these are very difficult times","type":"I","timestamp":"2023-11-09 12:54:38"},{"nodeID":"1299449","text":"Maria Caulfield: these are very difficult times","type":"L","timestamp":"2023-11-09 12:54:38"},{"nodeID":"1299450","text":"Analysing","type":"YA","timestamp":"2023-11-09 12:54:38"},{"nodeID":"1299451","text":"Clara: Maria Caulfield: these are very difficult times","type":"L","timestamp":"2023-11-09 12:54:38"},{"nodeID":"1299452","text":"Asserting","type":"YA","timestamp":"2023-11-09 12:54:38"},{"nodeID":"1299453","text":"Maria Caulfield is a constituency MP","type":"I","timestamp":"2023-11-09 12:54:38"},{"nodeID":"1299454","text":"Maria Caulfield: I'm a constituency MP","type":"L","timestamp":"2023-11-09 12:54:38"},{"nodeID":"1299455","text":"Analysing","type":"YA","timestamp":"2023-11-09 12:54:38"},{"nodeID":"1299456","text":"Clara: Maria Caulfield: I'm a constituency MP","type":"L","timestamp":"2023-11-09 12:54:38"},{"nodeID":"1299457","text":"Asserting","type":"YA","timestamp":"2023-11-09 12:54:38"},{"nodeID":"1299458","text":"Maria Caulfield recognises many of the struggles that families in her constituency are facing with the surge in prices","type":"I","timestamp":"2023-11-09 12:54:39"},{"nodeID":"1299459","text":"Maria Caulfield: I recognise many of the struggles that families in my constituency are facing with the surge in prices","type":"L","timestamp":"2023-11-09 12:54:39"},{"nodeID":"1299460","text":"Analysing","type":"YA","timestamp":"2023-11-09 12:54:39"},{"nodeID":"1299461","text":"Clara: Maria Caulfield: I recognise many of the struggles that families in my constituency are facing with the surge in prices","type":"L","timestamp":"2023-11-09 12:54:39"},{"nodeID":"1299462","text":"Asserting","type":"YA","timestamp":"2023-11-09 12:54:39"},{"nodeID":"1299463","text":"Default Transition","type":"TA","timestamp":"2023-11-09 12:54:39"},{"nodeID":"1299464","text":"Default Inference","type":"RA","timestamp":"2023-11-09 12:54:39"},{"nodeID":"1299465","text":"Arguing","type":"YA","timestamp":"2023-11-09 12:54:39"},{"nodeID":"1299466","text":"Maria Caulfield recognises many of the struggles that families in her constituency are facing with the energy price cap","type":"I","timestamp":"2023-11-09 12:54:40"},{"nodeID":"1299467","text":"Maria Caulfield:  the energy price cap","type":"L","timestamp":"2023-11-09 12:54:40"},{"nodeID":"1299468","text":"Analysing","type":"YA","timestamp":"2023-11-09 12:54:40"},{"nodeID":"1299469","text":"Clara: Maria Caulfield:  the energy price cap","type":"L","timestamp":"2023-11-09 12:54:40"},{"nodeID":"1299470","text":"Asserting","type":"YA","timestamp":"2023-11-09 12:54:40"},{"nodeID":"1299471","text":"Default Transition","type":"TA","timestamp":"2023-11-09 12:54:40"},{"nodeID":"1299472","text":"Default Rephrase","type":"MA","timestamp":"2023-11-09 12:54:40"},{"nodeID":"1299473","text":"Restating","type":"YA","timestamp":"2023-11-09 12:54:40"},{"nodeID":"1299474","text":"the energy price cap has up until now saved households around \u00a3700 a year on fuel prices","type":"I","timestamp":"2023-11-09 12:54:40"},{"nodeID":"1299475","text":"Maria Caulfield: which has up until now saved households around \u00a3700 a year on fuel prices","type":"L","timestamp":"2023-11-09 12:54:40"},{"nodeID":"1299476","text":"Analysing","type":"YA","timestamp":"2023-11-09 12:54:40"},{"nodeID":"1299477","text":"Clara: Maria Caulfield: which has up until now saved households around \u00a3700 a year on fuel prices","type":"L","timestamp":"2023-11-09 12:54:40"},{"nodeID":"1299478","text":"Asserting","type":"YA","timestamp":"2023-11-09 12:54:40"},{"nodeID":"1299479","text":"Default Transition","type":"TA","timestamp":"2023-11-09 12:54:40"},{"nodeID":"1299480","text":"Default Rephrase","type":"MA","timestamp":"2023-11-09 12:54:40"},{"nodeID":"1299481","text":"Restating","type":"YA","timestamp":"2023-11-09 12:54:40"},{"nodeID":"1299482","text":"when the energy price cap goes up after tomorrow we will still have significantly lower energy prices than many other European countries","type":"I","timestamp":"2023-11-09 12:54:41"},{"nodeID":"1299483","text":"Maria Caulfield: when that goes up after tomorrow we will still have significantly lower energy prices than many other European countries","type":"L","timestamp":"2023-11-09 12:54:41"},{"nodeID":"1299484","text":"Analysing","type":"YA","timestamp":"2023-11-09 12:54:41"},{"nodeID":"1299485","text":"Clara: Maria Caulfield: when that goes up after tomorrow we will still have significantly lower energy prices than many other European countries","type":"L","timestamp":"2023-11-09 12:54:41"},{"nodeID":"1299486","text":"Asserting","type":"YA","timestamp":"2023-11-09 12:54:41"},{"nodeID":"1299487","text":"the energy price cap is still protecting some of those price rises","type":"I","timestamp":"2023-11-09 12:54:41"},{"nodeID":"1299488","text":"Maria Caulfield: the energy price cap is still protecting some of those price rises","type":"L","timestamp":"2023-11-09 12:54:41"},{"nodeID":"1299489","text":"Analysing","type":"YA","timestamp":"2023-11-09 12:54:41"},{"nodeID":"1299490","text":"Clara: Maria Caulfield: the energy price cap is still protecting some of those price rises","type":"L","timestamp":"2023-11-09 12:54:41"},{"nodeID":"1299491","text":"Asserting","type":"YA","timestamp":"2023-11-09 12:54:41"},{"nodeID":"1299492","text":"Default Transition","type":"TA","timestamp":"2023-11-09 12:54:41"},{"nodeID":"1299493","text":"Default Inference","type":"RA","timestamp":"2023-11-09 12:54:41"},{"nodeID":"1299494","text":"Arguing","type":"YA","timestamp":"2023-11-09 12:54:41"},{"nodeID":"1299495","text":"we are making some significant help to some of the lowest income households","type":"I","timestamp":"2023-11-09 12:54:42"},{"nodeID":"1299496","text":"Maria Caulfield: we are making some significant help to some of the lowest income households","type":"L","timestamp":"2023-11-09 12:54:42"},{"nodeID":"1299497","text":"Analysing","type":"YA","timestamp":"2023-11-09 12:54:42"},{"nodeID":"1299498","text":"Clara: Maria Caulfield: we are making some significant help to some of the lowest income households","type":"L","timestamp":"2023-11-09 12:54:42"},{"nodeID":"1299499","text":"Asserting","type":"YA","timestamp":"2023-11-09 12:54:42"},{"nodeID":"1299500","text":"Default Transition","type":"TA","timestamp":"2023-11-09 12:54:42"},{"nodeID":"1299501","text":"tomorrow the national living wage goes up","type":"I","timestamp":"2023-11-09 12:54:43"},{"nodeID":"1299502","text":"Maria Caulfield: Tomorrow the national living wage goes up","type":"L","timestamp":"2023-11-09 12:54:43"},{"nodeID":"1299503","text":"Analysing","type":"YA","timestamp":"2023-11-09 12:54:43"},{"nodeID":"1299504","text":"Clara: Maria Caulfield: Tomorrow the national living wage goes up","type":"L","timestamp":"2023-11-09 12:54:43"},{"nodeID":"1299505","text":"Asserting","type":"YA","timestamp":"2023-11-09 12:54:43"},{"nodeID":"1299506","text":"the national living wage will increase about \u00a390 a month","type":"I","timestamp":"2023-11-09 12:54:43"},{"nodeID":"1299507","text":"Maria Caulfield: which will increase about \u00a390 a month","type":"L","timestamp":"2023-11-09 12:54:43"},{"nodeID":"1299508","text":"Analysing","type":"YA","timestamp":"2023-11-09 12:54:43"},{"nodeID":"1299509","text":"Clara: Maria Caulfield: which will increase about \u00a390 a month","type":"L","timestamp":"2023-11-09 12:54:43"},{"nodeID":"1299510","text":"Asserting","type":"YA","timestamp":"2023-11-09 12:54:43"},{"nodeID":"1299511","text":"Default Transition","type":"TA","timestamp":"2023-11-09 12:54:43"},{"nodeID":"1299512","text":"Default Rephrase","type":"MA","timestamp":"2023-11-09 12:54:43"},{"nodeID":"1299513","text":"Restating","type":"YA","timestamp":"2023-11-09 12:54:43"},{"nodeID":"1299514","text":"the national living wage will increase over \u00a31,000 a year for the lowest paid earners","type":"I","timestamp":"2023-11-09 12:54:44"},{"nodeID":"1299515","text":"Maria Caulfield: over \u00a31,000 a year for the lowest paid earners","type":"L","timestamp":"2023-11-09 12:54:44"},{"nodeID":"1299516","text":"Analysing","type":"YA","timestamp":"2023-11-09 12:54:44"},{"nodeID":"1299517","text":"Clara: Maria Caulfield: over \u00a31,000 a year for the lowest paid earners","type":"L","timestamp":"2023-11-09 12:54:44"},{"nodeID":"1299518","text":"Asserting","type":"YA","timestamp":"2023-11-09 12:54:44"},{"nodeID":"1299519","text":"Default Inference","type":"RA","timestamp":"2023-11-09 12:54:44"},{"nodeID":"1299520","text":"Default Transition","type":"TA","timestamp":"2023-11-09 12:54:44"},{"nodeID":"1299521","text":"Arguing","type":"YA","timestamp":"2023-11-09 12:54:44"},{"nodeID":"1299522","text":"Default Transition","type":"TA","timestamp":"2023-11-09 12:54:44"},{"nodeID":"1299523","text":"Default Inference","type":"RA","timestamp":"2023-11-09 12:54:44"},{"nodeID":"1299524","text":"we are altering the universal credit taper","type":"I","timestamp":"2023-11-09 12:54:44"},{"nodeID":"1299525","text":"Maria Caulfield: We are altering the universal credit taper","type":"L","timestamp":"2023-11-09 12:54:44"},{"nodeID":"1299526","text":"Analysing","type":"YA","timestamp":"2023-11-09 12:54:44"},{"nodeID":"1299527","text":"Clara: Maria Caulfield: We are altering the universal credit taper","type":"L","timestamp":"2023-11-09 12:54:44"},{"nodeID":"1299528","text":"Asserting","type":"YA","timestamp":"2023-11-09 12:54:44"},{"nodeID":"1299529","text":"Default Transition","type":"TA","timestamp":"2023-11-09 12:54:44"},{"nodeID":"1299530","text":"universal credit taper will bring in around \u00a31,000 a year for the lowest paid households","type":"I","timestamp":"2023-11-09 12:54:45"},{"nodeID":"1299531","text":"Maria Caulfield: which will again bring in around \u00a31,000 a year for the lowest paid households","type":"L","timestamp":"2023-11-09 12:54:45"},{"nodeID":"1299532","text":"Analysing","type":"YA","timestamp":"2023-11-09 12:54:45"},{"nodeID":"1299533","text":"Clara: Maria Caulfield: which will again bring in around \u00a31,000 a year for the lowest paid households","type":"L","timestamp":"2023-11-09 12:54:45"},{"nodeID":"1299534","text":"Asserting","type":"YA","timestamp":"2023-11-09 12:54:45"},{"nodeID":"1299535","text":"Default Transition","type":"TA","timestamp":"2023-11-09 12:54:45"},{"nodeID":"1299536","text":"Default Rephrase","type":"MA","timestamp":"2023-11-09 12:54:45"},{"nodeID":"1299537","text":"Default Transition","type":"TA","timestamp":"2023-11-09 12:54:45"},{"nodeID":"1299538","text":"Restating","type":"YA","timestamp":"2023-11-09 12:54:45"},{"nodeID":"1299539","text":"we have lifted the national insurance threshold","type":"I","timestamp":"2023-11-09 12:54:45"},{"nodeID":"1299540","text":"Maria Caulfield: We have lifted the national insurance threshold","type":"L","timestamp":"2023-11-09 12:54:45"},{"nodeID":"1299541","text":"Analysing","type":"YA","timestamp":"2023-11-09 12:54:45"},{"nodeID":"1299542","text":"Clara: Maria Caulfield: We have lifted the national insurance threshold","type":"L","timestamp":"2023-11-09 12:54:45"},{"nodeID":"1299543","text":"Asserting","type":"YA","timestamp":"2023-11-09 12:54:45"},{"nodeID":"1299544","text":"Default Transition","type":"TA","timestamp":"2023-11-09 12:54:45"},{"nodeID":"1299545","text":"lifting the national insurance threshold will improve the income for about 70% of households by about \u00a3300 a year","type":"I","timestamp":"2023-11-09 12:54:46"},{"nodeID":"1299546","text":"Maria Caulfield:  that will improve the income for about 70% of households by about \u00a3300 a year","type":"L","timestamp":"2023-11-09 12:54:46"},{"nodeID":"1299547","text":"Analysing","type":"YA","timestamp":"2023-11-09 12:54:46"},{"nodeID":"1299548","text":"Clara: Maria Caulfield:  that will improve the income for about 70% of households by about \u00a3300 a year","type":"L","timestamp":"2023-11-09 12:54:46"},{"nodeID":"1299549","text":"Asserting","type":"YA","timestamp":"2023-11-09 12:54:46"},{"nodeID":"1299550","text":"Default Transition","type":"TA","timestamp":"2023-11-09 12:54:46"},{"nodeID":"1299551","text":"Default Rephrase","type":"MA","timestamp":"2023-11-09 12:54:46"},{"nodeID":"1299552","text":"Restating","type":"YA","timestamp":"2023-11-09 12:54:46"},{"nodeID":"1299553","text":"Default Transition","type":"TA","timestamp":"2023-11-09 12:54:46"},{"nodeID":"1299554","text":"Arguing","type":"YA","timestamp":"2023-11-09 12:54:46"},{"nodeID":"1299555","text":"there are a number of policy introductions that we have made specifically targeted at the lowest income amount","type":"I","timestamp":"2023-11-09 12:54:47"},{"nodeID":"1299556","text":"Maria Caulfield: there are a number of policy introductions that we have made specifically targeted at the lowest income amount","type":"L","timestamp":"2023-11-09 12:54:47"},{"nodeID":"1299557","text":"Analysing","type":"YA","timestamp":"2023-11-09 12:54:47"},{"nodeID":"1299558","text":"Clara: Maria Caulfield: there are a number of policy introductions that we have made specifically targeted at the lowest income amount","type":"L","timestamp":"2023-11-09 12:54:47"},{"nodeID":"1299559","text":"Asserting","type":"YA","timestamp":"2023-11-09 12:54:47"},{"nodeID":"1299560","text":"Default Transition","type":"TA","timestamp":"2023-11-09 12:54:47"},{"nodeID":"1299561","text":"Default Rephrase","type":"MA","timestamp":"2023-11-09 12:54:47"},{"nodeID":"1299562","text":"Restating","type":"YA","timestamp":"2023-11-09 12:54:47"},{"nodeID":"1299563","text":"Default Conflict","type":"CA","timestamp":"2023-11-09 12:54:47"},{"nodeID":"1299564","text":"Default Transition","type":"TA","timestamp":"2023-11-09 12:54:47"},{"nodeID":"1299565","text":"Disagreeing","type":"YA","timestamp":"2023-11-09 12:54:47"},{"nodeID":"1299566","text":"Default Transition","type":"TA","timestamp":"2023-11-09 12:54:47"},{"nodeID":"1299567","text":"Default Inference","type":"RA","timestamp":"2023-11-09 12:54:47"},{"nodeID":"1299568","text":"Default Transition","type":"TA","timestamp":"2023-11-09 12:54:47"},{"nodeID":"1299569","text":"Arguing","type":"YA","timestamp":"2023-11-09 12:54:47"},{"nodeID":"1299570","text":"Default Transition","type":"TA","timestamp":"2023-11-09 12:54:47"}],"edges":[{"edgeID":"1707706","fromID":"1299450","toID":"1299449","formEdgeID":null},{"edgeID":"1707707","fromID":"1299451","toID":"1299450","formEdgeID":null},{"edgeID":"1707708","fromID":"1299449","toID":"1299452","formEdgeID":null},{"edgeID":"1707709","fromID":"1299452","toID":"1299448","formEdgeID":null},{"edgeID":"1707710","fromID":"1299455","toID":"1299454","formEdgeID":null},{"edgeID":"1707711","fromID":"1299456","toID":"1299455","formEdgeID":null},{"edgeID":"1707712","fromID":"1299454","toID":"1299457","formEdgeID":null},{"edgeID":"1707713","fromID":"1299457","toID":"1299453","formEdgeID":null},{"edgeID":"1707714","fromID":"1299460","toID":"1299459","formEdgeID":null},{"edgeID":"1707715","fromID":"1299461","toID":"1299460","formEdgeID":null},{"edgeID":"1707716","fromID":"1299459","toID":"1299462","formEdgeID":null},{"edgeID":"1707717","fromID":"1299462","toID":"1299458","formEdgeID":null},{"edgeID":"1707718","fromID":"1299454","toID":"1299463","formEdgeID":null},{"edgeID":"1707719","fromID":"1299463","toID":"1299459","formEdgeID":null},{"edgeID":"1707720","fromID":"1299453","toID":"1299464","formEdgeID":null},{"edgeID":"1707721","fromID":"1299464","toID":"1299458","formEdgeID":null},{"edgeID":"1707722","fromID":"1299463","toID":"1299465","formEdgeID":null},{"edgeID":"1707723","fromID":"1299465","toID":"1299464","formEdgeID":null},{"edgeID":"1707724","fromID":"1299468","toID":"1299467","formEdgeID":null},{"edgeID":"1707725","fromID":"1299469","toID":"1299468","formEdgeID":null},{"edgeID":"1707726","fromID":"1299467","toID":"1299470","formEdgeID":null},{"edgeID":"1707727","fromID":"1299470","toID":"1299466","formEdgeID":null},{"edgeID":"1707728","fromID":"1299459","toID":"1299471","formEdgeID":null},{"edgeID":"1707729","fromID":"1299471","toID":"1299467","formEdgeID":null},{"edgeID":"1707730","fromID":"1299466","toID":"1299472","formEdgeID":null},{"edgeID":"1707731","fromID":"1299472","toID":"1299458","formEdgeID":null},{"edgeID":"1707732","fromID":"1299471","toID":"1299473","formEdgeID":null},{"edgeID":"1707733","fromID":"1299473","toID":"1299472","formEdgeID":null},{"edgeID":"1707734","fromID":"1299476","toID":"1299475","formEdgeID":null},{"edgeID":"1707735","fromID":"1299477","toID":"1299476","formEdgeID":null},{"edgeID":"1707736","fromID":"1299475","toID":"1299478","formEdgeID":null},{"edgeID":"1707737","fromID":"1299478","toID":"1299474","formEdgeID":null},{"edgeID":"1707738","fromID":"1299467","toID":"1299479","formEdgeID":null},{"edgeID":"1707739","fromID":"1299479","toID":"1299475","formEdgeID":null},{"edgeID":"1707740","fromID":"1299474","toID":"1299480","formEdgeID":null},{"edgeID":"1707741","fromID":"1299480","toID":"1299466","formEdgeID":null},{"edgeID":"1707742","fromID":"1299479","toID":"1299481","formEdgeID":null},{"edgeID":"1707743","fromID":"1299481","toID":"1299480","formEdgeID":null},{"edgeID":"1707744","fromID":"1299484","toID":"1299483","formEdgeID":null},{"edgeID":"1707745","fromID":"1299485","toID":"1299484","formEdgeID":null},{"edgeID":"1707746","fromID":"1299483","toID":"1299486","formEdgeID":null},{"edgeID":"1707747","fromID":"1299486","toID":"1299482","formEdgeID":null},{"edgeID":"1707748","fromID":"1299489","toID":"1299488","formEdgeID":null},{"edgeID":"1707749","fromID":"1299490","toID":"1299489","formEdgeID":null},{"edgeID":"1707750","fromID":"1299488","toID":"1299491","formEdgeID":null},{"edgeID":"1707751","fromID":"1299491","toID":"1299487","formEdgeID":null},{"edgeID":"1707752","fromID":"1299483","toID":"1299492","formEdgeID":null},{"edgeID":"1707753","fromID":"1299492","toID":"1299488","formEdgeID":null},{"edgeID":"1707754","fromID":"1299482","toID":"1299493","formEdgeID":null},{"edgeID":"1707755","fromID":"1299493","toID":"1299487","formEdgeID":null},{"edgeID":"1707756","fromID":"1299492","toID":"1299494","formEdgeID":null},{"edgeID":"1707757","fromID":"1299494","toID":"1299493","formEdgeID":null},{"edgeID":"1707758","fromID":"1299497","toID":"1299496","formEdgeID":null},{"edgeID":"1707759","fromID":"1299498","toID":"1299497","formEdgeID":null},{"edgeID":"1707760","fromID":"1299496","toID":"1299499","formEdgeID":null},{"edgeID":"1707761","fromID":"1299499","toID":"1299495","formEdgeID":null},{"edgeID":"1707762","fromID":"1299488","toID":"1299500","formEdgeID":null},{"edgeID":"1707763","fromID":"1299500","toID":"1299496","formEdgeID":null},{"edgeID":"1707764","fromID":"1299503","toID":"1299502","formEdgeID":null},{"edgeID":"1707765","fromID":"1299504","toID":"1299503","formEdgeID":null},{"edgeID":"1707766","fromID":"1299502","toID":"1299505","formEdgeID":null},{"edgeID":"1707767","fromID":"1299505","toID":"1299501","formEdgeID":null},{"edgeID":"1707768","fromID":"1299508","toID":"1299507","formEdgeID":null},{"edgeID":"1707769","fromID":"1299509","toID":"1299508","formEdgeID":null},{"edgeID":"1707770","fromID":"1299507","toID":"1299510","formEdgeID":null},{"edgeID":"1707771","fromID":"1299510","toID":"1299506","formEdgeID":null},{"edgeID":"1707772","fromID":"1299502","toID":"1299511","formEdgeID":null},{"edgeID":"1707773","fromID":"1299511","toID":"1299507","formEdgeID":null},{"edgeID":"1707774","fromID":"1299506","toID":"1299512","formEdgeID":null},{"edgeID":"1707775","fromID":"1299512","toID":"1299501","formEdgeID":null},{"edgeID":"1707776","fromID":"1299511","toID":"1299513","formEdgeID":null},{"edgeID":"1707777","fromID":"1299513","toID":"1299512","formEdgeID":null},{"edgeID":"1707778","fromID":"1299516","toID":"1299515","formEdgeID":null},{"edgeID":"1707779","fromID":"1299517","toID":"1299516","formEdgeID":null},{"edgeID":"1707780","fromID":"1299515","toID":"1299518","formEdgeID":null},{"edgeID":"1707781","fromID":"1299518","toID":"1299514","formEdgeID":null},{"edgeID":"1707782","fromID":"1299506","toID":"1299519","formEdgeID":null},{"edgeID":"1707783","fromID":"1299519","toID":"1299514","formEdgeID":null},{"edgeID":"1707784","fromID":"1299507","toID":"1299520","formEdgeID":null},{"edgeID":"1707785","fromID":"1299520","toID":"1299515","formEdgeID":null},{"edgeID":"1707786","fromID":"1299520","toID":"1299521","formEdgeID":null},{"edgeID":"1707787","fromID":"1299521","toID":"1299519","formEdgeID":null},{"edgeID":"1707788","fromID":"1299496","toID":"1299522","formEdgeID":null},{"edgeID":"1707789","fromID":"1299522","toID":"1299515","formEdgeID":null},{"edgeID":"1707790","fromID":"1299514","toID":"1299523","formEdgeID":null},{"edgeID":"1707791","fromID":"1299523","toID":"1299495","formEdgeID":null},{"edgeID":"1707792","fromID":"1299526","toID":"1299525","formEdgeID":null},{"edgeID":"1707793","fromID":"1299527","toID":"1299526","formEdgeID":null},{"edgeID":"1707794","fromID":"1299525","toID":"1299528","formEdgeID":null},{"edgeID":"1707795","fromID":"1299528","toID":"1299524","formEdgeID":null},{"edgeID":"1707796","fromID":"1299515","toID":"1299529","formEdgeID":null},{"edgeID":"1707797","fromID":"1299529","toID":"1299525","formEdgeID":null},{"edgeID":"1707798","fromID":"1299532","toID":"1299531","formEdgeID":null},{"edgeID":"1707799","fromID":"1299533","toID":"1299532","formEdgeID":null},{"edgeID":"1707800","fromID":"1299531","toID":"1299534","formEdgeID":null},{"edgeID":"1707801","fromID":"1299534","toID":"1299530","formEdgeID":null},{"edgeID":"1707802","fromID":"1299496","toID":"1299535","formEdgeID":null},{"edgeID":"1707803","fromID":"1299535","toID":"1299531","formEdgeID":null},{"edgeID":"1707804","fromID":"1299530","toID":"1299523","formEdgeID":null},{"edgeID":"1707805","fromID":"1299530","toID":"1299536","formEdgeID":null},{"edgeID":"1707806","fromID":"1299536","toID":"1299524","formEdgeID":null},{"edgeID":"1707807","fromID":"1299525","toID":"1299537","formEdgeID":null},{"edgeID":"1707808","fromID":"1299537","toID":"1299531","formEdgeID":null},{"edgeID":"1707809","fromID":"1299537","toID":"1299538","formEdgeID":null},{"edgeID":"1707810","fromID":"1299538","toID":"1299536","formEdgeID":null},{"edgeID":"1707811","fromID":"1299541","toID":"1299540","formEdgeID":null},{"edgeID":"1707812","fromID":"1299542","toID":"1299541","formEdgeID":null},{"edgeID":"1707813","fromID":"1299540","toID":"1299543","formEdgeID":null},{"edgeID":"1707814","fromID":"1299543","toID":"1299539","formEdgeID":null},{"edgeID":"1707815","fromID":"1299531","toID":"1299544","formEdgeID":null},{"edgeID":"1707816","fromID":"1299544","toID":"1299540","formEdgeID":null},{"edgeID":"1707817","fromID":"1299547","toID":"1299546","formEdgeID":null},{"edgeID":"1707818","fromID":"1299548","toID":"1299547","formEdgeID":null},{"edgeID":"1707819","fromID":"1299546","toID":"1299549","formEdgeID":null},{"edgeID":"1707820","fromID":"1299549","toID":"1299545","formEdgeID":null},{"edgeID":"1707821","fromID":"1299540","toID":"1299550","formEdgeID":null},{"edgeID":"1707822","fromID":"1299550","toID":"1299546","formEdgeID":null},{"edgeID":"1707823","fromID":"1299545","toID":"1299551","formEdgeID":null},{"edgeID":"1707824","fromID":"1299551","toID":"1299539","formEdgeID":null},{"edgeID":"1707825","fromID":"1299550","toID":"1299552","formEdgeID":null},{"edgeID":"1707826","fromID":"1299552","toID":"1299551","formEdgeID":null},{"edgeID":"1707827","fromID":"1299545","toID":"1299523","formEdgeID":null},{"edgeID":"1707828","fromID":"1299496","toID":"1299553","formEdgeID":null},{"edgeID":"1707829","fromID":"1299553","toID":"1299546","formEdgeID":null},{"edgeID":"1707830","fromID":"1299553","toID":"1299554","formEdgeID":null},{"edgeID":"1707831","fromID":"1299554","toID":"1299523","formEdgeID":null},{"edgeID":"1707832","fromID":"1299557","toID":"1299556","formEdgeID":null},{"edgeID":"1707833","fromID":"1299558","toID":"1299557","formEdgeID":null},{"edgeID":"1707834","fromID":"1299556","toID":"1299559","formEdgeID":null},{"edgeID":"1707835","fromID":"1299559","toID":"1299555","formEdgeID":null},{"edgeID":"1707836","fromID":"1299496","toID":"1299560","formEdgeID":null},{"edgeID":"1707837","fromID":"1299560","toID":"1299556","formEdgeID":null},{"edgeID":"1707838","fromID":"1299555","toID":"1299561","formEdgeID":null},{"edgeID":"1707839","fromID":"1299561","toID":"1299495","formEdgeID":null},{"edgeID":"1707840","fromID":"1299560","toID":"1299562","formEdgeID":null},{"edgeID":"1707841","fromID":"1299562","toID":"1299561","formEdgeID":null},{"edgeID":"1707842","fromID":"1299482","toID":"1299563","formEdgeID":null},{"edgeID":"1707843","fromID":"1299563","toID":"1299466","formEdgeID":null},{"edgeID":"1707844","fromID":"1299467","toID":"1299564","formEdgeID":null},{"edgeID":"1707845","fromID":"1299564","toID":"1299483","formEdgeID":null},{"edgeID":"1707846","fromID":"1299564","toID":"1299565","formEdgeID":null},{"edgeID":"1707847","fromID":"1299565","toID":"1299563","formEdgeID":null},{"edgeID":"1707848","fromID":"1299459","toID":"1299566","formEdgeID":null},{"edgeID":"1707849","fromID":"1299566","toID":"1299488","formEdgeID":null},{"edgeID":"1707850","fromID":"1299487","toID":"1299567","formEdgeID":null},{"edgeID":"1707851","fromID":"1299567","toID":"1299458","formEdgeID":null},{"edgeID":"1707852","fromID":"1299495","toID":"1299567","formEdgeID":null},{"edgeID":"1707853","fromID":"1299459","toID":"1299568","formEdgeID":null},{"edgeID":"1707854","fromID":"1299568","toID":"1299496","formEdgeID":null},{"edgeID":"1707855","fromID":"1299568","toID":"1299569","formEdgeID":null},{"edgeID":"1707856","fromID":"1299569","toID":"1299567","formEdgeID":null},{"edgeID":"1707857","fromID":"1299449","toID":"1299570","formEdgeID":null},{"edgeID":"1707858","fromID":"1299570","toID":"1299459","formEdgeID":null},{"edgeID":"1707859","fromID":"1299448","toID":"1299464","formEdgeID":null}],"locutions":[]}