{"nodes":[{"nodeID":"1144902","text":"Boris Johnston seems to always apologise and always say 'I'm sorry'","type":"I","timestamp":"2023-04-20 10:10:29"},{"nodeID":"1144904","text":"Boris Johnston is never held accountable","type":"I","timestamp":"2023-04-20 10:10:30"},{"nodeID":"1144906","text":"Boris Johnston has been doing this time and time again","type":"I","timestamp":"2023-04-20 10:10:32"},{"nodeID":"1144908","text":"we're tired of Boris Johnston's actions","type":"I","timestamp":"2023-04-20 10:10:34"},{"nodeID":"1144910","text":"Boris Johnston may still get a fine","type":"I","timestamp":"2023-04-20 10:10:35"},{"nodeID":"1144912","text":"the next day the Prime Minister came to the House of Commons and said he shared the outrage of the British people about a Number Ten party","type":"I","timestamp":"2023-04-20 10:10:37"},{"nodeID":"1154203","text":"we were to do the same","type":"I","timestamp":"2023-04-21 13:37:23"},{"nodeID":"1154208","text":"we would've been fined","type":"I","timestamp":"2023-04-21 13:37:25"},{"nodeID":"1154213","text":"we would've probably got a prison sentence","type":"I","timestamp":"2023-04-21 13:37:28"},{"nodeID":"1154228","text":"Boris Johnston not being held accountable is just ridiculous now","type":"I","timestamp":"2023-04-21 13:37:31"},{"nodeID":"1154248","text":"Victoria Derbyshire doesn't think we'd have gotten a prison sentence necessarily for Boris Johnston's actions","type":"I","timestamp":"2023-04-21 13:37:38"},{"nodeID":"1154258","text":"it's really sad to see Tory MPs like Maria Caulfied wheeled out to defend the indefensible on the actions of Boris Johnston and his colleagues","type":"I","timestamp":"2023-04-21 13:37:43"},{"nodeID":"1154264","text":"two months the police investigated the claims of Tory MPs breaking lockdown","type":"I","timestamp":"2023-04-21 13:37:46"},{"nodeID":"1154269","text":"two months of police time wasted on these claims of Tory MPs breaking lockdown","type":"I","timestamp":"2023-04-21 13:37:49"},{"nodeID":"1154274","text":"twelve parties investigated","type":"I","timestamp":"2023-04-21 13:37:51"},{"nodeID":"1154283","text":"twenty fines issued to people working at the heart of Government in Number Ten Downing Street","type":"I","timestamp":"2023-04-21 13:37:54"},{"nodeID":"1154294","text":"the rot begins at the top","type":"I","timestamp":"2023-04-21 13:37:57"},{"nodeID":"1154302","text":"Maria Caulfield can or cannot just answer Steve Reed's remarks","type":"I","timestamp":"2023-04-21 13:37:59"},{"nodeID":"1154308","text":"you remember when that video came out about the press team at Number Ten laughing about a party during lockdown","type":"I","timestamp":"2023-04-21 13:38:02"},{"nodeID":"1154316","text":"shortly after the Prime Minister said he shared the outrage of the British people, we found he'd been at the Number Ten party","type":"I","timestamp":"2023-04-21 13:38:07"},{"nodeID":"1301996","text":"AudienceMember 20220310QT37: Boris seems to always apologise and always say I'm sorry","type":"L","timestamp":"2023-11-09 12:58:10"},{"nodeID":"1301997","text":"Analysing","type":"YA","timestamp":"2023-11-09 12:58:10"},{"nodeID":"1301998","text":"Ella: AudienceMember 20220310QT37: Boris seems to always apologise and always say I'm sorry","type":"L","timestamp":"2023-11-09 12:58:10"},{"nodeID":"1301999","text":"Asserting","type":"YA","timestamp":"2023-11-09 12:58:10"},{"nodeID":"1302000","text":"AudienceMember 20220310QT37: is never held accountable","type":"L","timestamp":"2023-11-09 12:58:11"},{"nodeID":"1302001","text":"Analysing","type":"YA","timestamp":"2023-11-09 12:58:11"},{"nodeID":"1302002","text":"Ella: AudienceMember 20220310QT37: is never held accountable","type":"L","timestamp":"2023-11-09 12:58:11"},{"nodeID":"1302003","text":"Asserting","type":"YA","timestamp":"2023-11-09 12:58:11"},{"nodeID":"1302004","text":"Default Conflict","type":"CA","timestamp":"2023-11-09 12:58:11"},{"nodeID":"1302005","text":"Default Transition","type":"TA","timestamp":"2023-11-09 12:58:11"},{"nodeID":"1302006","text":"Disagreeing","type":"YA","timestamp":"2023-11-09 12:58:11"},{"nodeID":"1302007","text":"AudienceMember 20220310QT37: we were to do the same","type":"L","timestamp":"2023-11-09 12:58:11"},{"nodeID":"1302008","text":"Analysing","type":"YA","timestamp":"2023-11-09 12:58:11"},{"nodeID":"1302009","text":"Ella: AudienceMember 20220310QT37: we were to do the same","type":"L","timestamp":"2023-11-09 12:58:11"},{"nodeID":"1302010","text":"Asserting","type":"YA","timestamp":"2023-11-09 12:58:11"},{"nodeID":"1302011","text":"AudienceMember 20220310QT37: we would've been fined","type":"L","timestamp":"2023-11-09 12:58:12"},{"nodeID":"1302012","text":"Analysing","type":"YA","timestamp":"2023-11-09 12:58:12"},{"nodeID":"1302013","text":"Ella: AudienceMember 20220310QT37: we would've been fined","type":"L","timestamp":"2023-11-09 12:58:12"},{"nodeID":"1302014","text":"Asserting","type":"YA","timestamp":"2023-11-09 12:58:12"},{"nodeID":"1302015","text":"AudienceMember 20220310QT37: we would've probably got a prison sentence","type":"L","timestamp":"2023-11-09 12:58:13"},{"nodeID":"1302016","text":"Analysing","type":"YA","timestamp":"2023-11-09 12:58:13"},{"nodeID":"1302017","text":"Ella: AudienceMember 20220310QT37: we would've probably got a prison sentence","type":"L","timestamp":"2023-11-09 12:58:13"},{"nodeID":"1302018","text":"Asserting","type":"YA","timestamp":"2023-11-09 12:58:13"},{"nodeID":"1302019","text":"Default Transition","type":"TA","timestamp":"2023-11-09 12:58:13"},{"nodeID":"1302020","text":"Default Transition","type":"TA","timestamp":"2023-11-09 12:58:13"},{"nodeID":"1302021","text":"Default Inference","type":"RA","timestamp":"2023-11-09 12:58:13"},{"nodeID":"1302022","text":"Arguing","type":"YA","timestamp":"2023-11-09 12:58:13"},{"nodeID":"1302023","text":"Default Rephrase","type":"MA","timestamp":"2023-11-09 12:58:13"},{"nodeID":"1302024","text":"Default Transition","type":"TA","timestamp":"2023-11-09 12:58:13"},{"nodeID":"1302025","text":"Restating","type":"YA","timestamp":"2023-11-09 12:58:13"},{"nodeID":"1302026","text":"Default Conflict","type":"CA","timestamp":"2023-11-09 12:58:13"},{"nodeID":"1302027","text":"Default Transition","type":"TA","timestamp":"2023-11-09 12:58:13"},{"nodeID":"1302028","text":"Disagreeing","type":"YA","timestamp":"2023-11-09 12:58:13"},{"nodeID":"1302029","text":"AudienceMember 20220310QT37: It's just ridiculous now","type":"L","timestamp":"2023-11-09 12:58:13"},{"nodeID":"1302030","text":"Analysing","type":"YA","timestamp":"2023-11-09 12:58:13"},{"nodeID":"1302031","text":"Ella: AudienceMember 20220310QT37: It's just ridiculous now","type":"L","timestamp":"2023-11-09 12:58:13"},{"nodeID":"1302032","text":"Asserting","type":"YA","timestamp":"2023-11-09 12:58:13"},{"nodeID":"1302033","text":"Default Inference","type":"RA","timestamp":"2023-11-09 12:58:13"},{"nodeID":"1302034","text":"Default Transition","type":"TA","timestamp":"2023-11-09 12:58:13"},{"nodeID":"1302035","text":"Arguing","type":"YA","timestamp":"2023-11-09 12:58:13"},{"nodeID":"1302036","text":"AudienceMember 20220310QT37: He's been doing this time and time again","type":"L","timestamp":"2023-11-09 12:58:14"},{"nodeID":"1302037","text":"Analysing","type":"YA","timestamp":"2023-11-09 12:58:14"},{"nodeID":"1302038","text":"Ella: AudienceMember 20220310QT37: He's been doing this time and time again","type":"L","timestamp":"2023-11-09 12:58:14"},{"nodeID":"1302039","text":"Asserting","type":"YA","timestamp":"2023-11-09 12:58:14"},{"nodeID":"1302040","text":"AudienceMember 20220310QT37: we're tired of it","type":"L","timestamp":"2023-11-09 12:58:14"},{"nodeID":"1302041","text":"Analysing","type":"YA","timestamp":"2023-11-09 12:58:14"},{"nodeID":"1302042","text":"Ella: AudienceMember 20220310QT37: we're tired of it","type":"L","timestamp":"2023-11-09 12:58:14"},{"nodeID":"1302043","text":"Asserting","type":"YA","timestamp":"2023-11-09 12:58:14"},{"nodeID":"1302044","text":"Default Inference","type":"RA","timestamp":"2023-11-09 12:58:14"},{"nodeID":"1302045","text":"Default Transition","type":"TA","timestamp":"2023-11-09 12:58:14"},{"nodeID":"1302046","text":"Arguing","type":"YA","timestamp":"2023-11-09 12:58:14"},{"nodeID":"1302047","text":"Default Transition","type":"TA","timestamp":"2023-11-09 12:58:14"},{"nodeID":"1302048","text":"Default Inference","type":"RA","timestamp":"2023-11-09 12:58:14"},{"nodeID":"1302049","text":"Arguing","type":"YA","timestamp":"2023-11-09 12:58:14"},{"nodeID":"1302050","text":"Victoria Derbyshire: I don't think we'd have got a prison sentence necessarily","type":"L","timestamp":"2023-11-09 12:58:15"},{"nodeID":"1302051","text":"Analysing","type":"YA","timestamp":"2023-11-09 12:58:15"},{"nodeID":"1302052","text":"Ella: Victoria Derbyshire: I don't think we'd have got a prison sentence necessarily","type":"L","timestamp":"2023-11-09 12:58:15"},{"nodeID":"1302053","text":"Asserting","type":"YA","timestamp":"2023-11-09 12:58:15"},{"nodeID":"1302054","text":"Default Transition","type":"TA","timestamp":"2023-11-09 12:58:15"},{"nodeID":"1302055","text":"Victoria Derbyshire: he may still get a fine","type":"L","timestamp":"2023-11-09 12:58:16"},{"nodeID":"1302056","text":"Analysing","type":"YA","timestamp":"2023-11-09 12:58:16"},{"nodeID":"1302057","text":"Ella: Victoria Derbyshire: he may still get a fine","type":"L","timestamp":"2023-11-09 12:58:16"},{"nodeID":"1302058","text":"Asserting","type":"YA","timestamp":"2023-11-09 12:58:16"},{"nodeID":"1302059","text":"Default Transition","type":"TA","timestamp":"2023-11-09 12:58:16"},{"nodeID":"1302060","text":"Steve Reed: It's really sad to see Tory MPs like Maria wheeled out to defend the indefensible on this","type":"L","timestamp":"2023-11-09 12:58:16"},{"nodeID":"1302061","text":"Analysing","type":"YA","timestamp":"2023-11-09 12:58:16"},{"nodeID":"1302062","text":"Ella: Steve Reed: It's really sad to see Tory MPs like Maria wheeled out to defend the indefensible on this","type":"L","timestamp":"2023-11-09 12:58:16"},{"nodeID":"1302063","text":"Asserting","type":"YA","timestamp":"2023-11-09 12:58:16"},{"nodeID":"1302064","text":"Default Transition","type":"TA","timestamp":"2023-11-09 12:58:16"},{"nodeID":"1302065","text":"Steve Reed: Two months","type":"L","timestamp":"2023-11-09 12:58:17"},{"nodeID":"1302066","text":"Analysing","type":"YA","timestamp":"2023-11-09 12:58:17"},{"nodeID":"1302067","text":"Ella: Steve Reed: Two months","type":"L","timestamp":"2023-11-09 12:58:17"},{"nodeID":"1302068","text":"Asserting","type":"YA","timestamp":"2023-11-09 12:58:17"},{"nodeID":"1302069","text":"Steve Reed: Two months of police time wasted on this","type":"L","timestamp":"2023-11-09 12:58:17"},{"nodeID":"1302070","text":"Analysing","type":"YA","timestamp":"2023-11-09 12:58:17"},{"nodeID":"1302071","text":"Ella: Steve Reed: Two months of police time wasted on this","type":"L","timestamp":"2023-11-09 12:58:17"},{"nodeID":"1302072","text":"Asserting","type":"YA","timestamp":"2023-11-09 12:58:17"},{"nodeID":"1302073","text":"Steve Reed: Twelve parties investigated","type":"L","timestamp":"2023-11-09 12:58:18"},{"nodeID":"1302074","text":"Analysing","type":"YA","timestamp":"2023-11-09 12:58:18"},{"nodeID":"1302075","text":"Ella: Steve Reed: Twelve parties investigated","type":"L","timestamp":"2023-11-09 12:58:18"},{"nodeID":"1302076","text":"Asserting","type":"YA","timestamp":"2023-11-09 12:58:18"},{"nodeID":"1302077","text":"Default Transition","type":"TA","timestamp":"2023-11-09 12:58:18"},{"nodeID":"1302078","text":"Default Rephrase","type":"MA","timestamp":"2023-11-09 12:58:18"},{"nodeID":"1302079","text":"Default Transition","type":"TA","timestamp":"2023-11-09 12:58:18"},{"nodeID":"1302080","text":"Restating","type":"YA","timestamp":"2023-11-09 12:58:18"},{"nodeID":"1302081","text":"Steve Reed: Twenty fines issued to people working at the heart of Government in number ten Downing Street","type":"L","timestamp":"2023-11-09 12:58:18"},{"nodeID":"1302082","text":"Analysing","type":"YA","timestamp":"2023-11-09 12:58:18"},{"nodeID":"1302083","text":"Ella: Steve Reed: Twenty fines issued to people working at the heart of Government in number ten Downing Street","type":"L","timestamp":"2023-11-09 12:58:18"},{"nodeID":"1302084","text":"Asserting","type":"YA","timestamp":"2023-11-09 12:58:18"},{"nodeID":"1302085","text":"Default Rephrase","type":"MA","timestamp":"2023-11-09 12:58:18"},{"nodeID":"1302086","text":"Default Rephrase","type":"MA","timestamp":"2023-11-09 12:58:18"},{"nodeID":"1302087","text":"Default Transition","type":"TA","timestamp":"2023-11-09 12:58:18"},{"nodeID":"1302088","text":"Default Transition","type":"TA","timestamp":"2023-11-09 12:58:18"},{"nodeID":"1302089","text":"Restating","type":"YA","timestamp":"2023-11-09 12:58:18"},{"nodeID":"1302090","text":"Restating","type":"YA","timestamp":"2023-11-09 12:58:18"},{"nodeID":"1302091","text":"Steve Reed: the rot begins at the top","type":"L","timestamp":"2023-11-09 12:58:19"},{"nodeID":"1302092","text":"Analysing","type":"YA","timestamp":"2023-11-09 12:58:19"},{"nodeID":"1302093","text":"Ella: Steve Reed: the rot begins at the top","type":"L","timestamp":"2023-11-09 12:58:19"},{"nodeID":"1302094","text":"Asserting","type":"YA","timestamp":"2023-11-09 12:58:19"},{"nodeID":"1302095","text":"Default Inference","type":"RA","timestamp":"2023-11-09 12:58:19"},{"nodeID":"1302096","text":"Default Transition","type":"TA","timestamp":"2023-11-09 12:58:19"},{"nodeID":"1302097","text":"Arguing","type":"YA","timestamp":"2023-11-09 12:58:19"},{"nodeID":"1302098","text":"Maria Caulfield: Can I just answer that","type":"L","timestamp":"2023-11-09 12:58:20"},{"nodeID":"1302099","text":"Analysing","type":"YA","timestamp":"2023-11-09 12:58:20"},{"nodeID":"1302100","text":"Ella: Maria Caulfield: Can I just answer that","type":"L","timestamp":"2023-11-09 12:58:20"},{"nodeID":"1302101","text":"Pure Questioning","type":"YA","timestamp":"2023-11-09 12:58:20"},{"nodeID":"1302102","text":"Default Transition","type":"TA","timestamp":"2023-11-09 12:58:20"},{"nodeID":"1302103","text":"Steve Reed: Do you remember when that video came out about the press team at number ten laughing about a party during lockdown","type":"L","timestamp":"2023-11-09 12:58:20"},{"nodeID":"1302104","text":"Analysing","type":"YA","timestamp":"2023-11-09 12:58:20"},{"nodeID":"1302105","text":"Ella: Steve Reed: Do you remember when that video came out about the press team at number ten laughing about a party during lockdown","type":"L","timestamp":"2023-11-09 12:58:20"},{"nodeID":"1302106","text":"Rhetorical Questioning","type":"YA","timestamp":"2023-11-09 12:58:20"},{"nodeID":"1302107","text":"Steve Reed: The next day the Prime Minister came to the House of Commons and said he shared the outrage of the British people about that","type":"L","timestamp":"2023-11-09 12:58:21"},{"nodeID":"1302108","text":"Analysing","type":"YA","timestamp":"2023-11-09 12:58:21"},{"nodeID":"1302109","text":"Ella: Steve Reed: The next day the Prime Minister came to the House of Commons and said he shared the outrage of the British people about that","type":"L","timestamp":"2023-11-09 12:58:21"},{"nodeID":"1302110","text":"Asserting","type":"YA","timestamp":"2023-11-09 12:58:21"},{"nodeID":"1302111","text":"Steve Reed: Shortly after we found he'd been at the party","type":"L","timestamp":"2023-11-09 12:58:21"},{"nodeID":"1302112","text":"Analysing","type":"YA","timestamp":"2023-11-09 12:58:21"},{"nodeID":"1302113","text":"Ella: Steve Reed: Shortly after we found he'd been at the party","type":"L","timestamp":"2023-11-09 12:58:21"},{"nodeID":"1302114","text":"Asserting","type":"YA","timestamp":"2023-11-09 12:58:21"},{"nodeID":"1302115","text":"Default Transition","type":"TA","timestamp":"2023-11-09 12:58:21"},{"nodeID":"1302116","text":"Default Transition","type":"TA","timestamp":"2023-11-09 12:58:21"},{"nodeID":"1302117","text":"Default Transition","type":"TA","timestamp":"2023-11-09 12:58:21"},{"nodeID":"1302118","text":"Default Inference","type":"RA","timestamp":"2023-11-09 12:58:21"},{"nodeID":"1302119","text":"Arguing","type":"YA","timestamp":"2023-11-09 12:58:21"},{"nodeID":"1302120","text":"Default Rephrase","type":"MA","timestamp":"2023-11-09 12:58:21"},{"nodeID":"1302121","text":"Restating","type":"YA","timestamp":"2023-11-09 12:58:21"},{"nodeID":"1302122","text":"Default Rephrase","type":"MA","timestamp":"2023-11-09 12:58:21"},{"nodeID":"1302123","text":"Restating","type":"YA","timestamp":"2023-11-09 12:58:21"}],"edges":[{"edgeID":"1710809","fromID":"1301997","toID":"1301996","formEdgeID":null},{"edgeID":"1710810","fromID":"1301998","toID":"1301997","formEdgeID":null},{"edgeID":"1710811","fromID":"1301996","toID":"1301999","formEdgeID":null},{"edgeID":"1710812","fromID":"1301999","toID":"1144902","formEdgeID":null},{"edgeID":"1710813","fromID":"1302001","toID":"1302000","formEdgeID":null},{"edgeID":"1710814","fromID":"1302002","toID":"1302001","formEdgeID":null},{"edgeID":"1710815","fromID":"1302000","toID":"1302003","formEdgeID":null},{"edgeID":"1710816","fromID":"1302003","toID":"1144904","formEdgeID":null},{"edgeID":"1710817","fromID":"1144904","toID":"1302004","formEdgeID":null},{"edgeID":"1710818","fromID":"1302004","toID":"1144902","formEdgeID":null},{"edgeID":"1710819","fromID":"1301996","toID":"1302005","formEdgeID":null},{"edgeID":"1710820","fromID":"1302005","toID":"1302000","formEdgeID":null},{"edgeID":"1710821","fromID":"1302005","toID":"1302006","formEdgeID":null},{"edgeID":"1710822","fromID":"1302006","toID":"1302004","formEdgeID":null},{"edgeID":"1710823","fromID":"1302008","toID":"1302007","formEdgeID":null},{"edgeID":"1710824","fromID":"1302009","toID":"1302008","formEdgeID":null},{"edgeID":"1710825","fromID":"1302007","toID":"1302010","formEdgeID":null},{"edgeID":"1710826","fromID":"1302010","toID":"1154203","formEdgeID":null},{"edgeID":"1710827","fromID":"1302012","toID":"1302011","formEdgeID":null},{"edgeID":"1710828","fromID":"1302013","toID":"1302012","formEdgeID":null},{"edgeID":"1710829","fromID":"1302011","toID":"1302014","formEdgeID":null},{"edgeID":"1710830","fromID":"1302014","toID":"1154208","formEdgeID":null},{"edgeID":"1710831","fromID":"1302016","toID":"1302015","formEdgeID":null},{"edgeID":"1710832","fromID":"1302017","toID":"1302016","formEdgeID":null},{"edgeID":"1710833","fromID":"1302015","toID":"1302018","formEdgeID":null},{"edgeID":"1710834","fromID":"1302018","toID":"1154213","formEdgeID":null},{"edgeID":"1710835","fromID":"1302000","toID":"1302019","formEdgeID":null},{"edgeID":"1710836","fromID":"1302019","toID":"1302007","formEdgeID":null},{"edgeID":"1710837","fromID":"1302007","toID":"1302020","formEdgeID":null},{"edgeID":"1710838","fromID":"1302020","toID":"1302011","formEdgeID":null},{"edgeID":"1710839","fromID":"1154203","toID":"1302021","formEdgeID":null},{"edgeID":"1710840","fromID":"1302021","toID":"1154208","formEdgeID":null},{"edgeID":"1710841","fromID":"1302020","toID":"1302022","formEdgeID":null},{"edgeID":"1710842","fromID":"1302022","toID":"1302021","formEdgeID":null},{"edgeID":"1710843","fromID":"1154213","toID":"1302023","formEdgeID":null},{"edgeID":"1710844","fromID":"1302023","toID":"1154208","formEdgeID":null},{"edgeID":"1710845","fromID":"1302011","toID":"1302024","formEdgeID":null},{"edgeID":"1710846","fromID":"1302024","toID":"1302015","formEdgeID":null},{"edgeID":"1710847","fromID":"1302024","toID":"1302025","formEdgeID":null},{"edgeID":"1710848","fromID":"1302025","toID":"1302023","formEdgeID":null},{"edgeID":"1710849","fromID":"1154208","toID":"1302026","formEdgeID":null},{"edgeID":"1710850","fromID":"1302026","toID":"1144904","formEdgeID":null},{"edgeID":"1710851","fromID":"1302000","toID":"1302027","formEdgeID":null},{"edgeID":"1710852","fromID":"1302027","toID":"1302011","formEdgeID":null},{"edgeID":"1710853","fromID":"1302027","toID":"1302028","formEdgeID":null},{"edgeID":"1710854","fromID":"1302028","toID":"1302026","formEdgeID":null},{"edgeID":"1710855","fromID":"1302030","toID":"1302029","formEdgeID":null},{"edgeID":"1710856","fromID":"1302031","toID":"1302030","formEdgeID":null},{"edgeID":"1710857","fromID":"1302029","toID":"1302032","formEdgeID":null},{"edgeID":"1710858","fromID":"1302032","toID":"1154228","formEdgeID":null},{"edgeID":"1710859","fromID":"1154208","toID":"1302033","formEdgeID":null},{"edgeID":"1710860","fromID":"1302033","toID":"1154228","formEdgeID":null},{"edgeID":"1710861","fromID":"1302011","toID":"1302034","formEdgeID":null},{"edgeID":"1710862","fromID":"1302034","toID":"1302029","formEdgeID":null},{"edgeID":"1710863","fromID":"1302034","toID":"1302035","formEdgeID":null},{"edgeID":"1710864","fromID":"1302035","toID":"1302033","formEdgeID":null},{"edgeID":"1710865","fromID":"1302037","toID":"1302036","formEdgeID":null},{"edgeID":"1710866","fromID":"1302038","toID":"1302037","formEdgeID":null},{"edgeID":"1710867","fromID":"1302036","toID":"1302039","formEdgeID":null},{"edgeID":"1710868","fromID":"1302039","toID":"1144906","formEdgeID":null},{"edgeID":"1710869","fromID":"1302041","toID":"1302040","formEdgeID":null},{"edgeID":"1710870","fromID":"1302042","toID":"1302041","formEdgeID":null},{"edgeID":"1710871","fromID":"1302040","toID":"1302043","formEdgeID":null},{"edgeID":"1710872","fromID":"1302043","toID":"1144908","formEdgeID":null},{"edgeID":"1710873","fromID":"1144906","toID":"1302044","formEdgeID":null},{"edgeID":"1710874","fromID":"1302044","toID":"1154228","formEdgeID":null},{"edgeID":"1710875","fromID":"1302029","toID":"1302045","formEdgeID":null},{"edgeID":"1710876","fromID":"1302045","toID":"1302036","formEdgeID":null},{"edgeID":"1710877","fromID":"1302045","toID":"1302046","formEdgeID":null},{"edgeID":"1710878","fromID":"1302046","toID":"1302044","formEdgeID":null},{"edgeID":"1710879","fromID":"1302036","toID":"1302047","formEdgeID":null},{"edgeID":"1710880","fromID":"1302047","toID":"1302040","formEdgeID":null},{"edgeID":"1710881","fromID":"1144906","toID":"1302048","formEdgeID":null},{"edgeID":"1710882","fromID":"1302048","toID":"1144908","formEdgeID":null},{"edgeID":"1710883","fromID":"1302047","toID":"1302049","formEdgeID":null},{"edgeID":"1710884","fromID":"1302049","toID":"1302048","formEdgeID":null},{"edgeID":"1710885","fromID":"1302051","toID":"1302050","formEdgeID":null},{"edgeID":"1710886","fromID":"1302052","toID":"1302051","formEdgeID":null},{"edgeID":"1710887","fromID":"1302050","toID":"1302053","formEdgeID":null},{"edgeID":"1710888","fromID":"1302053","toID":"1154248","formEdgeID":null},{"edgeID":"1710889","fromID":"1302040","toID":"1302054","formEdgeID":null},{"edgeID":"1710890","fromID":"1302054","toID":"1302050","formEdgeID":null},{"edgeID":"1710891","fromID":"1302056","toID":"1302055","formEdgeID":null},{"edgeID":"1710892","fromID":"1302057","toID":"1302056","formEdgeID":null},{"edgeID":"1710893","fromID":"1302055","toID":"1302058","formEdgeID":null},{"edgeID":"1710894","fromID":"1302058","toID":"1144910","formEdgeID":null},{"edgeID":"1710895","fromID":"1302050","toID":"1302059","formEdgeID":null},{"edgeID":"1710896","fromID":"1302059","toID":"1302055","formEdgeID":null},{"edgeID":"1710897","fromID":"1302061","toID":"1302060","formEdgeID":null},{"edgeID":"1710898","fromID":"1302062","toID":"1302061","formEdgeID":null},{"edgeID":"1710899","fromID":"1302060","toID":"1302063","formEdgeID":null},{"edgeID":"1710900","fromID":"1302063","toID":"1154258","formEdgeID":null},{"edgeID":"1710901","fromID":"1302055","toID":"1302064","formEdgeID":null},{"edgeID":"1710902","fromID":"1302064","toID":"1302060","formEdgeID":null},{"edgeID":"1710903","fromID":"1302066","toID":"1302065","formEdgeID":null},{"edgeID":"1710904","fromID":"1302067","toID":"1302066","formEdgeID":null},{"edgeID":"1710905","fromID":"1302065","toID":"1302068","formEdgeID":null},{"edgeID":"1710906","fromID":"1302068","toID":"1154264","formEdgeID":null},{"edgeID":"1710907","fromID":"1302070","toID":"1302069","formEdgeID":null},{"edgeID":"1710908","fromID":"1302071","toID":"1302070","formEdgeID":null},{"edgeID":"1710909","fromID":"1302069","toID":"1302072","formEdgeID":null},{"edgeID":"1710910","fromID":"1302072","toID":"1154269","formEdgeID":null},{"edgeID":"1710911","fromID":"1302074","toID":"1302073","formEdgeID":null},{"edgeID":"1710912","fromID":"1302075","toID":"1302074","formEdgeID":null},{"edgeID":"1710913","fromID":"1302073","toID":"1302076","formEdgeID":null},{"edgeID":"1710914","fromID":"1302076","toID":"1154274","formEdgeID":null},{"edgeID":"1710915","fromID":"1302060","toID":"1302077","formEdgeID":null},{"edgeID":"1710916","fromID":"1302077","toID":"1302065","formEdgeID":null},{"edgeID":"1710917","fromID":"1154269","toID":"1302078","formEdgeID":null},{"edgeID":"1710918","fromID":"1302078","toID":"1154264","formEdgeID":null},{"edgeID":"1710919","fromID":"1302065","toID":"1302079","formEdgeID":null},{"edgeID":"1710920","fromID":"1302079","toID":"1302069","formEdgeID":null},{"edgeID":"1710921","fromID":"1302079","toID":"1302080","formEdgeID":null},{"edgeID":"1710922","fromID":"1302080","toID":"1302078","formEdgeID":null},{"edgeID":"1710923","fromID":"1302082","toID":"1302081","formEdgeID":null},{"edgeID":"1710924","fromID":"1302083","toID":"1302082","formEdgeID":null},{"edgeID":"1710925","fromID":"1302081","toID":"1302084","formEdgeID":null},{"edgeID":"1710926","fromID":"1302084","toID":"1154283","formEdgeID":null},{"edgeID":"1710927","fromID":"1154274","toID":"1302085","formEdgeID":null},{"edgeID":"1710928","fromID":"1302085","toID":"1154269","formEdgeID":null},{"edgeID":"1710929","fromID":"1154283","toID":"1302086","formEdgeID":null},{"edgeID":"1710930","fromID":"1302086","toID":"1154274","formEdgeID":null},{"edgeID":"1710931","fromID":"1302069","toID":"1302087","formEdgeID":null},{"edgeID":"1710932","fromID":"1302087","toID":"1302073","formEdgeID":null},{"edgeID":"1710933","fromID":"1302073","toID":"1302088","formEdgeID":null},{"edgeID":"1710934","fromID":"1302088","toID":"1302081","formEdgeID":null},{"edgeID":"1710935","fromID":"1302087","toID":"1302089","formEdgeID":null},{"edgeID":"1710936","fromID":"1302089","toID":"1302085","formEdgeID":null},{"edgeID":"1710937","fromID":"1302088","toID":"1302090","formEdgeID":null},{"edgeID":"1710938","fromID":"1302090","toID":"1302086","formEdgeID":null},{"edgeID":"1710939","fromID":"1302092","toID":"1302091","formEdgeID":null},{"edgeID":"1710940","fromID":"1302093","toID":"1302092","formEdgeID":null},{"edgeID":"1710941","fromID":"1302091","toID":"1302094","formEdgeID":null},{"edgeID":"1710942","fromID":"1302094","toID":"1154294","formEdgeID":null},{"edgeID":"1710943","fromID":"1154283","toID":"1302095","formEdgeID":null},{"edgeID":"1710944","fromID":"1302095","toID":"1154294","formEdgeID":null},{"edgeID":"1710945","fromID":"1302081","toID":"1302096","formEdgeID":null},{"edgeID":"1710946","fromID":"1302096","toID":"1302091","formEdgeID":null},{"edgeID":"1710947","fromID":"1302096","toID":"1302097","formEdgeID":null},{"edgeID":"1710948","fromID":"1302097","toID":"1302095","formEdgeID":null},{"edgeID":"1710949","fromID":"1302099","toID":"1302098","formEdgeID":null},{"edgeID":"1710950","fromID":"1302100","toID":"1302099","formEdgeID":null},{"edgeID":"1710951","fromID":"1302098","toID":"1302101","formEdgeID":null},{"edgeID":"1710952","fromID":"1302101","toID":"1154302","formEdgeID":null},{"edgeID":"1710953","fromID":"1302091","toID":"1302102","formEdgeID":null},{"edgeID":"1710954","fromID":"1302102","toID":"1302098","formEdgeID":null},{"edgeID":"1710955","fromID":"1302104","toID":"1302103","formEdgeID":null},{"edgeID":"1710956","fromID":"1302105","toID":"1302104","formEdgeID":null},{"edgeID":"1710957","fromID":"1302103","toID":"1302106","formEdgeID":null},{"edgeID":"1710958","fromID":"1302106","toID":"1154308","formEdgeID":null},{"edgeID":"1710959","fromID":"1302108","toID":"1302107","formEdgeID":null},{"edgeID":"1710960","fromID":"1302109","toID":"1302108","formEdgeID":null},{"edgeID":"1710961","fromID":"1302107","toID":"1302110","formEdgeID":null},{"edgeID":"1710962","fromID":"1302110","toID":"1144912","formEdgeID":null},{"edgeID":"1710963","fromID":"1302112","toID":"1302111","formEdgeID":null},{"edgeID":"1710964","fromID":"1302113","toID":"1302112","formEdgeID":null},{"edgeID":"1710965","fromID":"1302111","toID":"1302114","formEdgeID":null},{"edgeID":"1710966","fromID":"1302114","toID":"1154316","formEdgeID":null},{"edgeID":"1710967","fromID":"1302098","toID":"1302115","formEdgeID":null},{"edgeID":"1710968","fromID":"1302115","toID":"1302103","formEdgeID":null},{"edgeID":"1710969","fromID":"1302103","toID":"1302116","formEdgeID":null},{"edgeID":"1710970","fromID":"1302116","toID":"1302107","formEdgeID":null},{"edgeID":"1710971","fromID":"1302107","toID":"1302117","formEdgeID":null},{"edgeID":"1710972","fromID":"1302117","toID":"1302111","formEdgeID":null},{"edgeID":"1710973","fromID":"1144912","toID":"1302118","formEdgeID":null},{"edgeID":"1710974","fromID":"1302118","toID":"1154308","formEdgeID":null},{"edgeID":"1710975","fromID":"1302116","toID":"1302119","formEdgeID":null},{"edgeID":"1710976","fromID":"1302119","toID":"1302118","formEdgeID":null},{"edgeID":"1710977","fromID":"1144910","toID":"1302120","formEdgeID":null},{"edgeID":"1710978","fromID":"1302120","toID":"1154248","formEdgeID":null},{"edgeID":"1710979","fromID":"1302059","toID":"1302121","formEdgeID":null},{"edgeID":"1710980","fromID":"1302121","toID":"1302120","formEdgeID":null},{"edgeID":"1710981","fromID":"1154316","toID":"1302122","formEdgeID":null},{"edgeID":"1710982","fromID":"1302122","toID":"1144912","formEdgeID":null},{"edgeID":"1710983","fromID":"1302117","toID":"1302123","formEdgeID":null},{"edgeID":"1710984","fromID":"1302123","toID":"1302122","formEdgeID":null}],"locutions":[]}