{"nodes":[{"nodeID":"1299004","text":"AudienceMember 20220331QT02 runs a community trust locally in Bath","type":"I","timestamp":"2023-11-09 12:54:01"},{"nodeID":"1299005","text":"AudienceMember 20220310QT02: I run a community trust locally in Bath","type":"L","timestamp":"2023-11-09 12:54:01"},{"nodeID":"1299006","text":"Analysing","type":"YA","timestamp":"2023-11-09 12:54:01"},{"nodeID":"1299007","text":"Anon: AudienceMember 20220310QT02: I run a community trust locally in Bath","type":"L","timestamp":"2023-11-09 12:54:01"},{"nodeID":"1299008","text":"Asserting","type":"YA","timestamp":"2023-11-09 12:54:01"},{"nodeID":"1299009","text":"this Christmas AudienceMember 20220331QT02's community trust went out and fed 30 families their Christmas dinner","type":"I","timestamp":"2023-11-09 12:54:01"},{"nodeID":"1299010","text":"AudienceMember 20220310QT02: this Christmas we went out and fed 30 families their Christmas dinner","type":"L","timestamp":"2023-11-09 12:54:01"},{"nodeID":"1299011","text":"Analysing","type":"YA","timestamp":"2023-11-09 12:54:01"},{"nodeID":"1299012","text":"Anon: AudienceMember 20220310QT02: this Christmas we went out and fed 30 families their Christmas dinner","type":"L","timestamp":"2023-11-09 12:54:01"},{"nodeID":"1299013","text":"Asserting","type":"YA","timestamp":"2023-11-09 12:54:01"},{"nodeID":"1299014","text":"Default Transition","type":"TA","timestamp":"2023-11-09 12:54:01"},{"nodeID":"1299015","text":"Default Rephrase","type":"MA","timestamp":"2023-11-09 12:54:01"},{"nodeID":"1299016","text":"Restating","type":"YA","timestamp":"2023-11-09 12:54:01"},{"nodeID":"1299017","text":"this is children that are suffering and not having food","type":"I","timestamp":"2023-11-09 12:54:02"},{"nodeID":"1299018","text":"AudienceMember 20220310QT02: This is children that are suffering and not having food","type":"L","timestamp":"2023-11-09 12:54:02"},{"nodeID":"1299019","text":"Analysing","type":"YA","timestamp":"2023-11-09 12:54:02"},{"nodeID":"1299020","text":"Anon: AudienceMember 20220310QT02: This is children that are suffering and not having food","type":"L","timestamp":"2023-11-09 12:54:02"},{"nodeID":"1299021","text":"Asserting","type":"YA","timestamp":"2023-11-09 12:54:02"},{"nodeID":"1299022","text":"Default Transition","type":"TA","timestamp":"2023-11-09 12:54:02"},{"nodeID":"1299023","text":"more and more professional people, nurses, doctors, professional people are using food banks","type":"I","timestamp":"2023-11-09 12:54:03"},{"nodeID":"1299024","text":"AudienceMember 20220310QT02: More and more professional people, nurses, doctors, professional people are using food banks","type":"L","timestamp":"2023-11-09 12:54:03"},{"nodeID":"1299025","text":"Analysing","type":"YA","timestamp":"2023-11-09 12:54:03"},{"nodeID":"1299026","text":"Anon: AudienceMember 20220310QT02: More and more professional people, nurses, doctors, professional people are using food banks","type":"L","timestamp":"2023-11-09 12:54:03"},{"nodeID":"1299027","text":"Asserting","type":"YA","timestamp":"2023-11-09 12:54:03"},{"nodeID":"1299028","text":"Default Transition","type":"TA","timestamp":"2023-11-09 12:54:03"},{"nodeID":"1299029","text":"they can't afford to put food on the table","type":"I","timestamp":"2023-11-09 12:54:03"},{"nodeID":"1299030","text":"AudienceMember 20220310QT02: they can't afford to put food on the table","type":"L","timestamp":"2023-11-09 12:54:03"},{"nodeID":"1299031","text":"Analysing","type":"YA","timestamp":"2023-11-09 12:54:03"},{"nodeID":"1299032","text":"Anon: AudienceMember 20220310QT02: they can't afford to put food on the table","type":"L","timestamp":"2023-11-09 12:54:03"},{"nodeID":"1299033","text":"Asserting","type":"YA","timestamp":"2023-11-09 12:54:03"},{"nodeID":"1299034","text":"Default Transition","type":"TA","timestamp":"2023-11-09 12:54:03"},{"nodeID":"1299035","text":"Default Inference","type":"RA","timestamp":"2023-11-09 12:54:03"},{"nodeID":"1299036","text":"Arguing","type":"YA","timestamp":"2023-11-09 12:54:03"},{"nodeID":"1299037","text":"Default Rephrase","type":"MA","timestamp":"2023-11-09 12:54:03"},{"nodeID":"1299038","text":"Restating","type":"YA","timestamp":"2023-11-09 12:54:03"},{"nodeID":"1299039","text":"we have families that are choosing when they go to food banks and they're offered food","type":"I","timestamp":"2023-11-09 12:54:04"},{"nodeID":"1299040","text":"AudienceMember 20220310QT02: We have families that are choosing when they go to food banks and they're offered food","type":"L","timestamp":"2023-11-09 12:54:04"},{"nodeID":"1299041","text":"Analysing","type":"YA","timestamp":"2023-11-09 12:54:04"},{"nodeID":"1299042","text":"Anon: AudienceMember 20220310QT02: We have families that are choosing when they go to food banks and they're offered food","type":"L","timestamp":"2023-11-09 12:54:04"},{"nodeID":"1299043","text":"Asserting","type":"YA","timestamp":"2023-11-09 12:54:04"},{"nodeID":"1299044","text":"Default Transition","type":"TA","timestamp":"2023-11-09 12:54:04"},{"nodeID":"1299045","text":"families can't afford to cook the food that they may be getting offered","type":"I","timestamp":"2023-11-09 12:54:04"},{"nodeID":"1299046","text":"AudienceMember 20220310QT02: they can't afford to cook the food that they may be getting offered","type":"L","timestamp":"2023-11-09 12:54:04"},{"nodeID":"1299047","text":"Analysing","type":"YA","timestamp":"2023-11-09 12:54:04"},{"nodeID":"1299048","text":"Anon: AudienceMember 20220310QT02: they can't afford to cook the food that they may be getting offered","type":"L","timestamp":"2023-11-09 12:54:04"},{"nodeID":"1299049","text":"Asserting","type":"YA","timestamp":"2023-11-09 12:54:04"},{"nodeID":"1299050","text":"Default Transition","type":"TA","timestamp":"2023-11-09 12:54:04"},{"nodeID":"1299051","text":"Default Inference","type":"RA","timestamp":"2023-11-09 12:54:04"},{"nodeID":"1299052","text":"Arguing","type":"YA","timestamp":"2023-11-09 12:54:04"},{"nodeID":"1299053","text":"the situation is just not acceptable","type":"I","timestamp":"2023-11-09 12:54:05"},{"nodeID":"1299054","text":"AudienceMember 20220310QT02: it's just not acceptable","type":"L","timestamp":"2023-11-09 12:54:05"},{"nodeID":"1299055","text":"Analysing","type":"YA","timestamp":"2023-11-09 12:54:05"},{"nodeID":"1299056","text":"Anon: AudienceMember 20220310QT02: it's just not acceptable","type":"L","timestamp":"2023-11-09 12:54:05"},{"nodeID":"1299057","text":"Asserting","type":"YA","timestamp":"2023-11-09 12:54:05"},{"nodeID":"1299058","text":"Default Transition","type":"TA","timestamp":"2023-11-09 12:54:05"},{"nodeID":"1299059","text":"Default Inference","type":"RA","timestamp":"2023-11-09 12:54:05"},{"nodeID":"1299060","text":"Arguing","type":"YA","timestamp":"2023-11-09 12:54:05"},{"nodeID":"1299061","text":"it's time for change","type":"I","timestamp":"2023-11-09 12:54:06"},{"nodeID":"1299062","text":"AudienceMember 20220310QT02: it's time for change","type":"L","timestamp":"2023-11-09 12:54:06"},{"nodeID":"1299063","text":"Analysing","type":"YA","timestamp":"2023-11-09 12:54:06"},{"nodeID":"1299064","text":"Anon: AudienceMember 20220310QT02: it's time for change","type":"L","timestamp":"2023-11-09 12:54:06"},{"nodeID":"1299065","text":"Asserting","type":"YA","timestamp":"2023-11-09 12:54:06"},{"nodeID":"1299066","text":"Default Transition","type":"TA","timestamp":"2023-11-09 12:54:06"},{"nodeID":"1299067","text":"Default Inference","type":"RA","timestamp":"2023-11-09 12:54:06"},{"nodeID":"1299068","text":"Arguing","type":"YA","timestamp":"2023-11-09 12:54:06"},{"nodeID":"1299069","text":"people need help now","type":"I","timestamp":"2023-11-09 12:54:06"},{"nodeID":"1299070","text":"AudienceMember 20220310QT02: People need help now","type":"L","timestamp":"2023-11-09 12:54:06"},{"nodeID":"1299071","text":"Analysing","type":"YA","timestamp":"2023-11-09 12:54:06"},{"nodeID":"1299072","text":"Anon: AudienceMember 20220310QT02: People need help now","type":"L","timestamp":"2023-11-09 12:54:06"},{"nodeID":"1299073","text":"Asserting","type":"YA","timestamp":"2023-11-09 12:54:06"},{"nodeID":"1299074","text":"Default Transition","type":"TA","timestamp":"2023-11-09 12:54:06"},{"nodeID":"1299075","text":"Default Inference","type":"RA","timestamp":"2023-11-09 12:54:06"},{"nodeID":"1299076","text":"Arguing","type":"YA","timestamp":"2023-11-09 12:54:06"},{"nodeID":"1299077","text":"people don't need help in the future, they need it now, right now","type":"I","timestamp":"2023-11-09 12:54:07"},{"nodeID":"1299078","text":"AudienceMember 20220310QT02: Not in the future, they need it now, right now","type":"L","timestamp":"2023-11-09 12:54:07"},{"nodeID":"1299079","text":"Analysing","type":"YA","timestamp":"2023-11-09 12:54:07"},{"nodeID":"1299080","text":"Anon: AudienceMember 20220310QT02: Not in the future, they need it now, right now","type":"L","timestamp":"2023-11-09 12:54:07"},{"nodeID":"1299081","text":"Asserting","type":"YA","timestamp":"2023-11-09 12:54:07"},{"nodeID":"1299082","text":"Default Transition","type":"TA","timestamp":"2023-11-09 12:54:07"},{"nodeID":"1299083","text":"Default Rephrase","type":"MA","timestamp":"2023-11-09 12:54:07"},{"nodeID":"1299084","text":"Restating","type":"YA","timestamp":"2023-11-09 12:54:07"},{"nodeID":"1299085","text":"with the price rises that we're seeing and the volatility of fossil fuels across the globe, whatever domestic energy in terms of expansion of gas in the North Sea or fracking, it's going to be a drop in the ocean whatever we manage to contribute domestically","type":"I","timestamp":"2023-11-09 12:54:07"},{"nodeID":"1299086","text":"AudienceMember 20220310QT03: with the price rises that we're seeing and the volatility of fossil fuels across the globe, whatever domestic energy in terms of expansion of gas in the North Sea or fracking, it's going to be a drop in the ocean whatever we manage to contribute domestically","type":"L","timestamp":"2023-11-09 12:54:07"},{"nodeID":"1299087","text":"Analysing","type":"YA","timestamp":"2023-11-09 12:54:07"},{"nodeID":"1299088","text":"Anon: AudienceMember 20220310QT03: with the price rises that we're seeing and the volatility of fossil fuels across the globe, whatever domestic energy in terms of expansion of gas in the North Sea or fracking, it's going to be a drop in the ocean whatever we manage to contribute domestically","type":"L","timestamp":"2023-11-09 12:54:07"},{"nodeID":"1299089","text":"Asserting","type":"YA","timestamp":"2023-11-09 12:54:07"},{"nodeID":"1299090","text":"Default Transition","type":"TA","timestamp":"2023-11-09 12:54:07"},{"nodeID":"1299091","text":"we cannot compete with what the big fossil fuel providers are doing for global markets","type":"I","timestamp":"2023-11-09 12:54:08"},{"nodeID":"1299092","text":"AudienceMember 20220310QT03: we cannot compete with what the big fossil fuel providers are doing for global markets","type":"L","timestamp":"2023-11-09 12:54:08"},{"nodeID":"1299093","text":"Analysing","type":"YA","timestamp":"2023-11-09 12:54:08"},{"nodeID":"1299094","text":"Anon: AudienceMember 20220310QT03: we cannot compete with what the big fossil fuel providers are doing for global markets","type":"L","timestamp":"2023-11-09 12:54:08"},{"nodeID":"1299095","text":"Asserting","type":"YA","timestamp":"2023-11-09 12:54:08"},{"nodeID":"1299096","text":"Default Transition","type":"TA","timestamp":"2023-11-09 12:54:08"},{"nodeID":"1299097","text":"Default Inference","type":"RA","timestamp":"2023-11-09 12:54:08"},{"nodeID":"1299098","text":"Arguing","type":"YA","timestamp":"2023-11-09 12:54:08"},{"nodeID":"1299099","text":"in conjunction with net zero targets, and the herculean efforts of sustainability consultants like AudienceMember 20220331QT03 to aid companies to decarbonise their organisations, and to lower global atmospheric carbon emissions, we are still entertaining domestic fossil fuel extraction because xxx","type":"I","timestamp":"2023-11-09 12:54:08"},{"nodeID":"1299100","text":"AudienceMember 20220310QT03: in conjunction with net zero targets, and the herculean efforts of sustainability consultants like me to aid companies to decarbonise their organisations, and to lower global atmospheric carbon emissions, why on earth are we still entertaining domestic fossil fuel extraction","type":"L","timestamp":"2023-11-09 12:54:08"},{"nodeID":"1299101","text":"Analysing","type":"YA","timestamp":"2023-11-09 12:54:08"},{"nodeID":"1299102","text":"Anon: AudienceMember 20220310QT03: in conjunction with net zero targets, and the herculean efforts of sustainability consultants like me to aid companies to decarbonise their organisations, and to lower global atmospheric carbon emissions, why on earth are we still entertaining domestic fossil fuel extraction","type":"L","timestamp":"2023-11-09 12:54:08"},{"nodeID":"1299103","text":"Pure Questioning","type":"YA","timestamp":"2023-11-09 12:54:08"},{"nodeID":"1299104","text":"Default Transition","type":"TA","timestamp":"2023-11-09 12:54:08"}],"edges":[{"edgeID":"1707180","fromID":"1299006","toID":"1299005","formEdgeID":null},{"edgeID":"1707181","fromID":"1299007","toID":"1299006","formEdgeID":null},{"edgeID":"1707182","fromID":"1299005","toID":"1299008","formEdgeID":null},{"edgeID":"1707183","fromID":"1299008","toID":"1299004","formEdgeID":null},{"edgeID":"1707184","fromID":"1299011","toID":"1299010","formEdgeID":null},{"edgeID":"1707185","fromID":"1299012","toID":"1299011","formEdgeID":null},{"edgeID":"1707186","fromID":"1299010","toID":"1299013","formEdgeID":null},{"edgeID":"1707187","fromID":"1299013","toID":"1299009","formEdgeID":null},{"edgeID":"1707188","fromID":"1299005","toID":"1299014","formEdgeID":null},{"edgeID":"1707189","fromID":"1299014","toID":"1299010","formEdgeID":null},{"edgeID":"1707190","fromID":"1299009","toID":"1299015","formEdgeID":null},{"edgeID":"1707191","fromID":"1299015","toID":"1299004","formEdgeID":null},{"edgeID":"1707192","fromID":"1299014","toID":"1299016","formEdgeID":null},{"edgeID":"1707193","fromID":"1299016","toID":"1299015","formEdgeID":null},{"edgeID":"1707194","fromID":"1299019","toID":"1299018","formEdgeID":null},{"edgeID":"1707195","fromID":"1299020","toID":"1299019","formEdgeID":null},{"edgeID":"1707196","fromID":"1299018","toID":"1299021","formEdgeID":null},{"edgeID":"1707197","fromID":"1299021","toID":"1299017","formEdgeID":null},{"edgeID":"1707198","fromID":"1299010","toID":"1299022","formEdgeID":null},{"edgeID":"1707199","fromID":"1299022","toID":"1299018","formEdgeID":null},{"edgeID":"1707200","fromID":"1299025","toID":"1299024","formEdgeID":null},{"edgeID":"1707201","fromID":"1299026","toID":"1299025","formEdgeID":null},{"edgeID":"1707202","fromID":"1299024","toID":"1299027","formEdgeID":null},{"edgeID":"1707203","fromID":"1299027","toID":"1299023","formEdgeID":null},{"edgeID":"1707204","fromID":"1299018","toID":"1299028","formEdgeID":null},{"edgeID":"1707205","fromID":"1299028","toID":"1299024","formEdgeID":null},{"edgeID":"1707206","fromID":"1299031","toID":"1299030","formEdgeID":null},{"edgeID":"1707207","fromID":"1299032","toID":"1299031","formEdgeID":null},{"edgeID":"1707208","fromID":"1299030","toID":"1299033","formEdgeID":null},{"edgeID":"1707209","fromID":"1299033","toID":"1299029","formEdgeID":null},{"edgeID":"1707210","fromID":"1299024","toID":"1299034","formEdgeID":null},{"edgeID":"1707211","fromID":"1299034","toID":"1299030","formEdgeID":null},{"edgeID":"1707212","fromID":"1299029","toID":"1299035","formEdgeID":null},{"edgeID":"1707213","fromID":"1299035","toID":"1299023","formEdgeID":null},{"edgeID":"1707214","fromID":"1299034","toID":"1299036","formEdgeID":null},{"edgeID":"1707215","fromID":"1299036","toID":"1299035","formEdgeID":null},{"edgeID":"1707216","fromID":"1299023","toID":"1299037","formEdgeID":null},{"edgeID":"1707217","fromID":"1299037","toID":"1299017","formEdgeID":null},{"edgeID":"1707218","fromID":"1299028","toID":"1299038","formEdgeID":null},{"edgeID":"1707219","fromID":"1299038","toID":"1299037","formEdgeID":null},{"edgeID":"1707220","fromID":"1299041","toID":"1299040","formEdgeID":null},{"edgeID":"1707221","fromID":"1299042","toID":"1299041","formEdgeID":null},{"edgeID":"1707222","fromID":"1299040","toID":"1299043","formEdgeID":null},{"edgeID":"1707223","fromID":"1299043","toID":"1299039","formEdgeID":null},{"edgeID":"1707224","fromID":"1299030","toID":"1299044","formEdgeID":null},{"edgeID":"1707225","fromID":"1299044","toID":"1299040","formEdgeID":null},{"edgeID":"1707226","fromID":"1299047","toID":"1299046","formEdgeID":null},{"edgeID":"1707227","fromID":"1299048","toID":"1299047","formEdgeID":null},{"edgeID":"1707228","fromID":"1299046","toID":"1299049","formEdgeID":null},{"edgeID":"1707229","fromID":"1299049","toID":"1299045","formEdgeID":null},{"edgeID":"1707230","fromID":"1299040","toID":"1299050","formEdgeID":null},{"edgeID":"1707231","fromID":"1299050","toID":"1299046","formEdgeID":null},{"edgeID":"1707232","fromID":"1299045","toID":"1299051","formEdgeID":null},{"edgeID":"1707233","fromID":"1299051","toID":"1299039","formEdgeID":null},{"edgeID":"1707234","fromID":"1299050","toID":"1299052","formEdgeID":null},{"edgeID":"1707235","fromID":"1299052","toID":"1299051","formEdgeID":null},{"edgeID":"1707236","fromID":"1299055","toID":"1299054","formEdgeID":null},{"edgeID":"1707237","fromID":"1299056","toID":"1299055","formEdgeID":null},{"edgeID":"1707238","fromID":"1299054","toID":"1299057","formEdgeID":null},{"edgeID":"1707239","fromID":"1299057","toID":"1299053","formEdgeID":null},{"edgeID":"1707240","fromID":"1299046","toID":"1299058","formEdgeID":null},{"edgeID":"1707241","fromID":"1299058","toID":"1299054","formEdgeID":null},{"edgeID":"1707242","fromID":"1299045","toID":"1299059","formEdgeID":null},{"edgeID":"1707243","fromID":"1299059","toID":"1299053","formEdgeID":null},{"edgeID":"1707244","fromID":"1299058","toID":"1299060","formEdgeID":null},{"edgeID":"1707245","fromID":"1299060","toID":"1299059","formEdgeID":null},{"edgeID":"1707246","fromID":"1299063","toID":"1299062","formEdgeID":null},{"edgeID":"1707247","fromID":"1299064","toID":"1299063","formEdgeID":null},{"edgeID":"1707248","fromID":"1299062","toID":"1299065","formEdgeID":null},{"edgeID":"1707249","fromID":"1299065","toID":"1299061","formEdgeID":null},{"edgeID":"1707250","fromID":"1299054","toID":"1299066","formEdgeID":null},{"edgeID":"1707251","fromID":"1299066","toID":"1299062","formEdgeID":null},{"edgeID":"1707252","fromID":"1299053","toID":"1299067","formEdgeID":null},{"edgeID":"1707253","fromID":"1299067","toID":"1299061","formEdgeID":null},{"edgeID":"1707254","fromID":"1299066","toID":"1299068","formEdgeID":null},{"edgeID":"1707255","fromID":"1299068","toID":"1299067","formEdgeID":null},{"edgeID":"1707256","fromID":"1299071","toID":"1299070","formEdgeID":null},{"edgeID":"1707257","fromID":"1299072","toID":"1299071","formEdgeID":null},{"edgeID":"1707258","fromID":"1299070","toID":"1299073","formEdgeID":null},{"edgeID":"1707259","fromID":"1299073","toID":"1299069","formEdgeID":null},{"edgeID":"1707260","fromID":"1299062","toID":"1299074","formEdgeID":null},{"edgeID":"1707261","fromID":"1299074","toID":"1299070","formEdgeID":null},{"edgeID":"1707262","fromID":"1299069","toID":"1299075","formEdgeID":null},{"edgeID":"1707263","fromID":"1299075","toID":"1299061","formEdgeID":null},{"edgeID":"1707264","fromID":"1299074","toID":"1299076","formEdgeID":null},{"edgeID":"1707265","fromID":"1299076","toID":"1299075","formEdgeID":null},{"edgeID":"1707266","fromID":"1299079","toID":"1299078","formEdgeID":null},{"edgeID":"1707267","fromID":"1299080","toID":"1299079","formEdgeID":null},{"edgeID":"1707268","fromID":"1299078","toID":"1299081","formEdgeID":null},{"edgeID":"1707269","fromID":"1299081","toID":"1299077","formEdgeID":null},{"edgeID":"1707270","fromID":"1299070","toID":"1299082","formEdgeID":null},{"edgeID":"1707271","fromID":"1299082","toID":"1299078","formEdgeID":null},{"edgeID":"1707272","fromID":"1299077","toID":"1299083","formEdgeID":null},{"edgeID":"1707273","fromID":"1299083","toID":"1299069","formEdgeID":null},{"edgeID":"1707274","fromID":"1299082","toID":"1299084","formEdgeID":null},{"edgeID":"1707275","fromID":"1299084","toID":"1299083","formEdgeID":null},{"edgeID":"1707276","fromID":"1299087","toID":"1299086","formEdgeID":null},{"edgeID":"1707277","fromID":"1299088","toID":"1299087","formEdgeID":null},{"edgeID":"1707278","fromID":"1299086","toID":"1299089","formEdgeID":null},{"edgeID":"1707279","fromID":"1299089","toID":"1299085","formEdgeID":null},{"edgeID":"1707280","fromID":"1299078","toID":"1299090","formEdgeID":null},{"edgeID":"1707281","fromID":"1299090","toID":"1299086","formEdgeID":null},{"edgeID":"1707282","fromID":"1299093","toID":"1299092","formEdgeID":null},{"edgeID":"1707283","fromID":"1299094","toID":"1299093","formEdgeID":null},{"edgeID":"1707284","fromID":"1299092","toID":"1299095","formEdgeID":null},{"edgeID":"1707285","fromID":"1299095","toID":"1299091","formEdgeID":null},{"edgeID":"1707286","fromID":"1299086","toID":"1299096","formEdgeID":null},{"edgeID":"1707287","fromID":"1299096","toID":"1299092","formEdgeID":null},{"edgeID":"1707288","fromID":"1299091","toID":"1299097","formEdgeID":null},{"edgeID":"1707289","fromID":"1299097","toID":"1299085","formEdgeID":null},{"edgeID":"1707290","fromID":"1299096","toID":"1299098","formEdgeID":null},{"edgeID":"1707291","fromID":"1299098","toID":"1299097","formEdgeID":null},{"edgeID":"1707292","fromID":"1299101","toID":"1299100","formEdgeID":null},{"edgeID":"1707293","fromID":"1299102","toID":"1299101","formEdgeID":null},{"edgeID":"1707294","fromID":"1299100","toID":"1299103","formEdgeID":null},{"edgeID":"1707295","fromID":"1299103","toID":"1299099","formEdgeID":null},{"edgeID":"1707296","fromID":"1299092","toID":"1299104","formEdgeID":null},{"edgeID":"1707297","fromID":"1299104","toID":"1299100","formEdgeID":null}],"locutions":[]}