{"nodes":[{"nodeID":"1142226","text":"we can't trust a single world that the Russian generals or Vladimir Putin says","type":"I","timestamp":"2023-04-11 20:08:52"},{"nodeID":"1142306","text":"Vladimir Putin said he didn't recognise that Ukraine was a sovereign territory","type":"I","timestamp":"2023-04-11 20:09:46"},{"nodeID":"1142341","text":"Vladimir Putin invaded Ukraine in 2014","type":"I","timestamp":"2023-04-11 20:10:10"},{"nodeID":"1142423","text":"all this time Vladimir Putin knew, well, pretty sure he thought he knew, he could go in and he could take more of the country","type":"I","timestamp":"2023-04-11 20:10:57"},{"nodeID":"1142475","text":"we all certainly hope that the Ukrainians will be victorious","type":"I","timestamp":"2023-04-11 20:11:20"},{"nodeID":"1142501","text":"we should stop undermining what we have done","type":"I","timestamp":"2023-04-11 20:11:36"},{"nodeID":"1301249","text":"Julia Hartley-Brewer: can we trust a single world that the Russian generals or Vladimir Putin says","type":"L","timestamp":"2023-11-09 12:57:05"},{"nodeID":"1301250","text":"Analysing","type":"YA","timestamp":"2023-11-09 12:57:05"},{"nodeID":"1301251","text":"Zofia: Julia Hartley-Brewer: can we trust a single world that the Russian generals or Vladimir Putin says","type":"L","timestamp":"2023-11-09 12:57:05"},{"nodeID":"1301252","text":"Assertive Questioning","type":"YA","timestamp":"2023-11-09 12:57:05"},{"nodeID":"1301253","text":"Julia Hartley-Brewer: No","type":"L","timestamp":"2023-11-09 12:57:05"},{"nodeID":"1301254","text":"Analysing","type":"YA","timestamp":"2023-11-09 12:57:05"},{"nodeID":"1301255","text":"Zofia: Julia Hartley-Brewer: No","type":"L","timestamp":"2023-11-09 12:57:05"},{"nodeID":"1301256","text":"Default Transition","type":"TA","timestamp":"2023-11-09 12:57:05"},{"nodeID":"1301257","text":"Agreeing","type":"YA","timestamp":"2023-11-09 12:57:05"},{"nodeID":"1301258","text":"Vladimir Putin can't it turns out today trust a single word that his generals say","type":"I","timestamp":"2023-11-09 12:57:05"},{"nodeID":"1301259","text":"Julia Hartley-Brewer: Can Vladimir Putin it turns out today trust a single word that his generals say","type":"L","timestamp":"2023-11-09 12:57:05"},{"nodeID":"1301260","text":"Analysing","type":"YA","timestamp":"2023-11-09 12:57:05"},{"nodeID":"1301261","text":"Zofia: Julia Hartley-Brewer: Can Vladimir Putin it turns out today trust a single word that his generals say","type":"L","timestamp":"2023-11-09 12:57:05"},{"nodeID":"1301262","text":"Assertive Questioning","type":"YA","timestamp":"2023-11-09 12:57:05"},{"nodeID":"1301263","text":"Default Transition","type":"TA","timestamp":"2023-11-09 12:57:05"},{"nodeID":"1301264","text":"the fascinating thing we've learnt here is just the abject failure of Russia's supplies, their planning, their logistics, the morale along the conscripted Russian troops as well","type":"I","timestamp":"2023-11-09 12:57:06"},{"nodeID":"1301265","text":"Julia Hartley-Brewer: the fascinating thing we've learnt here is just the abject failure of their supplies, their planning, their logistics, the morale along the conscripted Russian troops as well","type":"L","timestamp":"2023-11-09 12:57:06"},{"nodeID":"1301266","text":"Analysing","type":"YA","timestamp":"2023-11-09 12:57:06"},{"nodeID":"1301267","text":"Zofia: Julia Hartley-Brewer: the fascinating thing we've learnt here is just the abject failure of their supplies, their planning, their logistics, the morale along the conscripted Russian troops as well","type":"L","timestamp":"2023-11-09 12:57:06"},{"nodeID":"1301268","text":"Asserting","type":"YA","timestamp":"2023-11-09 12:57:06"},{"nodeID":"1301269","text":"Default Transition","type":"TA","timestamp":"2023-11-09 12:57:06"},{"nodeID":"1301270","text":"the key thing we need to remember about what's happened here is that this was always going to happen","type":"I","timestamp":"2023-11-09 12:57:07"},{"nodeID":"1301271","text":"Julia Hartley-Brewer: the key thing we need to remember about what's happened here is that this was always going to happen","type":"L","timestamp":"2023-11-09 12:57:07"},{"nodeID":"1301272","text":"Analysing","type":"YA","timestamp":"2023-11-09 12:57:07"},{"nodeID":"1301273","text":"Zofia: Julia Hartley-Brewer: the key thing we need to remember about what's happened here is that this was always going to happen","type":"L","timestamp":"2023-11-09 12:57:07"},{"nodeID":"1301274","text":"Asserting","type":"YA","timestamp":"2023-11-09 12:57:07"},{"nodeID":"1301275","text":"Default Transition","type":"TA","timestamp":"2023-11-09 12:57:07"},{"nodeID":"1301276","text":"Julia Hartley-Brewer: Vladimir Putin said he didn't recognise that Ukraine was a sovereign territory","type":"L","timestamp":"2023-11-09 12:57:07"},{"nodeID":"1301277","text":"Analysing","type":"YA","timestamp":"2023-11-09 12:57:07"},{"nodeID":"1301278","text":"Zofia: Julia Hartley-Brewer: Vladimir Putin said he didn't recognise that Ukraine was a sovereign territory","type":"L","timestamp":"2023-11-09 12:57:07"},{"nodeID":"1301279","text":"Asserting","type":"YA","timestamp":"2023-11-09 12:57:07"},{"nodeID":"1301280","text":"Julia Hartley-Brewer: He invaded in 2014","type":"L","timestamp":"2023-11-09 12:57:08"},{"nodeID":"1301281","text":"Analysing","type":"YA","timestamp":"2023-11-09 12:57:08"},{"nodeID":"1301282","text":"Zofia: Julia Hartley-Brewer: He invaded in 2014","type":"L","timestamp":"2023-11-09 12:57:08"},{"nodeID":"1301283","text":"Asserting","type":"YA","timestamp":"2023-11-09 12:57:08"},{"nodeID":"1301284","text":"Default Inference","type":"RA","timestamp":"2023-11-09 12:57:08"},{"nodeID":"1301285","text":"Default Transition","type":"TA","timestamp":"2023-11-09 12:57:08"},{"nodeID":"1301286","text":"Arguing","type":"YA","timestamp":"2023-11-09 12:57:08"},{"nodeID":"1301287","text":"Default Transition","type":"TA","timestamp":"2023-11-09 12:57:08"},{"nodeID":"1301288","text":"the West did notice Russia invading Ukraine","type":"I","timestamp":"2023-11-09 12:57:08"},{"nodeID":"1301289","text":"Julia Hartley-Brewer: Did the West not notice","type":"L","timestamp":"2023-11-09 12:57:08"},{"nodeID":"1301290","text":"Analysing","type":"YA","timestamp":"2023-11-09 12:57:08"},{"nodeID":"1301291","text":"Zofia: Julia Hartley-Brewer: Did the West not notice","type":"L","timestamp":"2023-11-09 12:57:08"},{"nodeID":"1301292","text":"Rhetorical Questioning","type":"YA","timestamp":"2023-11-09 12:57:08"},{"nodeID":"1301293","text":"Default Transition","type":"TA","timestamp":"2023-11-09 12:57:08"},{"nodeID":"1301294","text":"we barely acted in the case of the Russian invasion in 2014","type":"I","timestamp":"2023-11-09 12:57:09"},{"nodeID":"1301295","text":"Julia Hartley-Brewer: we barely acted","type":"L","timestamp":"2023-11-09 12:57:09"},{"nodeID":"1301296","text":"Analysing","type":"YA","timestamp":"2023-11-09 12:57:09"},{"nodeID":"1301297","text":"Zofia: Julia Hartley-Brewer: we barely acted","type":"L","timestamp":"2023-11-09 12:57:09"},{"nodeID":"1301298","text":"Asserting","type":"YA","timestamp":"2023-11-09 12:57:09"},{"nodeID":"1301299","text":"the West only introduced a few little sanctions here, a few sanctions there","type":"I","timestamp":"2023-11-09 12:57:10"},{"nodeID":"1301300","text":"Julia Hartley-Brewer: A few little sanctions here, a few sanctions there","type":"L","timestamp":"2023-11-09 12:57:10"},{"nodeID":"1301301","text":"Analysing","type":"YA","timestamp":"2023-11-09 12:57:10"},{"nodeID":"1301302","text":"Zofia: Julia Hartley-Brewer: A few little sanctions here, a few sanctions there","type":"L","timestamp":"2023-11-09 12:57:10"},{"nodeID":"1301303","text":"Asserting","type":"YA","timestamp":"2023-11-09 12:57:10"},{"nodeID":"1301304","text":"the West noticed Russia invading Ukraine","type":"I","timestamp":"2023-11-09 12:57:10"},{"nodeID":"1301305","text":"Julia Hartley-Brewer: Did we just not notice that","type":"L","timestamp":"2023-11-09 12:57:10"},{"nodeID":"1301306","text":"Analysing","type":"YA","timestamp":"2023-11-09 12:57:10"},{"nodeID":"1301307","text":"Zofia: Julia Hartley-Brewer: Did we just not notice that","type":"L","timestamp":"2023-11-09 12:57:10"},{"nodeID":"1301308","text":"Rhetorical Questioning","type":"YA","timestamp":"2023-11-09 12:57:10"},{"nodeID":"1301309","text":"Default Inference","type":"RA","timestamp":"2023-11-09 12:57:10"},{"nodeID":"1301310","text":"Arguing","type":"YA","timestamp":"2023-11-09 12:57:10"},{"nodeID":"1301311","text":"Default Rephrase","type":"MA","timestamp":"2023-11-09 12:57:10"},{"nodeID":"1301312","text":"Default Transition","type":"TA","timestamp":"2023-11-09 12:57:10"},{"nodeID":"1301313","text":"Restating","type":"YA","timestamp":"2023-11-09 12:57:10"},{"nodeID":"1301314","text":"Default Transition","type":"TA","timestamp":"2023-11-09 12:57:10"},{"nodeID":"1301315","text":"Default Rephrase","type":"MA","timestamp":"2023-11-09 12:57:10"},{"nodeID":"1301316","text":"Default Transition","type":"TA","timestamp":"2023-11-09 12:57:10"},{"nodeID":"1301317","text":"Restating","type":"YA","timestamp":"2023-11-09 12:57:10"},{"nodeID":"1301318","text":"Julia Hartley-Brewer: All this time he knew, well, pretty sure he thought he knew, he could go in and he could take more of the country","type":"L","timestamp":"2023-11-09 12:57:11"},{"nodeID":"1301319","text":"Analysing","type":"YA","timestamp":"2023-11-09 12:57:11"},{"nodeID":"1301320","text":"Zofia: Julia Hartley-Brewer: All this time he knew, well, pretty sure he thought he knew, he could go in and he could take more of the country","type":"L","timestamp":"2023-11-09 12:57:11"},{"nodeID":"1301321","text":"Asserting","type":"YA","timestamp":"2023-11-09 12:57:11"},{"nodeID":"1301322","text":"Default Transition","type":"TA","timestamp":"2023-11-09 12:57:11"},{"nodeID":"1301323","text":"Default Rephrase","type":"MA","timestamp":"2023-11-09 12:57:11"},{"nodeID":"1301324","text":"Restating","type":"YA","timestamp":"2023-11-09 12:57:11"},{"nodeID":"1301325","text":"Default Inference","type":"RA","timestamp":"2023-11-09 12:57:11"},{"nodeID":"1301326","text":"Arguing","type":"YA","timestamp":"2023-11-09 12:57:11"},{"nodeID":"1301327","text":"now Vladimir Putin may well be proved wrong","type":"I","timestamp":"2023-11-09 12:57:12"},{"nodeID":"1301328","text":"Julia Hartley-Brewer: Now he may well be proved wrong","type":"L","timestamp":"2023-11-09 12:57:12"},{"nodeID":"1301329","text":"Analysing","type":"YA","timestamp":"2023-11-09 12:57:12"},{"nodeID":"1301330","text":"Zofia: Julia Hartley-Brewer: Now he may well be proved wrong","type":"L","timestamp":"2023-11-09 12:57:12"},{"nodeID":"1301331","text":"Asserting","type":"YA","timestamp":"2023-11-09 12:57:12"},{"nodeID":"1301332","text":"Default Transition","type":"TA","timestamp":"2023-11-09 12:57:12"},{"nodeID":"1301333","text":"Default Conflict","type":"CA","timestamp":"2023-11-09 12:57:12"},{"nodeID":"1301334","text":"Disagreeing","type":"YA","timestamp":"2023-11-09 12:57:12"},{"nodeID":"1301335","text":"Julia Hartley-Brewer: we all certainly hope that the Ukrainians will be victorious","type":"L","timestamp":"2023-11-09 12:57:12"},{"nodeID":"1301336","text":"Analysing","type":"YA","timestamp":"2023-11-09 12:57:12"},{"nodeID":"1301337","text":"Zofia: Julia Hartley-Brewer: we all certainly hope that the Ukrainians will be victorious","type":"L","timestamp":"2023-11-09 12:57:12"},{"nodeID":"1301338","text":"Asserting","type":"YA","timestamp":"2023-11-09 12:57:12"},{"nodeID":"1301339","text":"Default Transition","type":"TA","timestamp":"2023-11-09 12:57:12"},{"nodeID":"1301340","text":"largely actually thanks to help training and military hardware from this country","type":"I","timestamp":"2023-11-09 12:57:13"},{"nodeID":"1301341","text":"Julia Hartley-Brewer: largely actually thanks to help training and military hardware from this country","type":"L","timestamp":"2023-11-09 12:57:13"},{"nodeID":"1301342","text":"Analysing","type":"YA","timestamp":"2023-11-09 12:57:13"},{"nodeID":"1301343","text":"Zofia: Julia Hartley-Brewer: largely actually thanks to help training and military hardware from this country","type":"L","timestamp":"2023-11-09 12:57:13"},{"nodeID":"1301344","text":"Asserting","type":"YA","timestamp":"2023-11-09 12:57:13"},{"nodeID":"1301345","text":"Default Transition","type":"TA","timestamp":"2023-11-09 12:57:13"},{"nodeID":"1301346","text":"Julia Hartley-Brewer: we should stop undermining what we have done","type":"L","timestamp":"2023-11-09 12:57:13"},{"nodeID":"1301347","text":"Analysing","type":"YA","timestamp":"2023-11-09 12:57:13"},{"nodeID":"1301348","text":"Zofia: Julia Hartley-Brewer: we should stop undermining what we have done","type":"L","timestamp":"2023-11-09 12:57:13"},{"nodeID":"1301349","text":"Asserting","type":"YA","timestamp":"2023-11-09 12:57:13"},{"nodeID":"1301350","text":"Default Rephrase","type":"MA","timestamp":"2023-11-09 12:57:13"},{"nodeID":"1301351","text":"Restating","type":"YA","timestamp":"2023-11-09 12:57:13"},{"nodeID":"1301352","text":"Default Transition","type":"TA","timestamp":"2023-11-09 12:57:13"},{"nodeID":"1301353","text":"Default Rephrase","type":"MA","timestamp":"2023-11-09 12:57:13"},{"nodeID":"1301354","text":"Restating","type":"YA","timestamp":"2023-11-09 12:57:13"},{"nodeID":"1301355","text":"Default Rephrase","type":"MA","timestamp":"2023-11-09 12:57:13"},{"nodeID":"1301356","text":"Restating","type":"YA","timestamp":"2023-11-09 12:57:13"}],"edges":[{"edgeID":"1709831","fromID":"1301250","toID":"1301249","formEdgeID":null},{"edgeID":"1709832","fromID":"1301251","toID":"1301250","formEdgeID":null},{"edgeID":"1709833","fromID":"1301249","toID":"1301252","formEdgeID":null},{"edgeID":"1709834","fromID":"1301252","toID":"1142226","formEdgeID":null},{"edgeID":"1709835","fromID":"1301254","toID":"1301253","formEdgeID":null},{"edgeID":"1709836","fromID":"1301255","toID":"1301254","formEdgeID":null},{"edgeID":"1709837","fromID":"1301249","toID":"1301256","formEdgeID":null},{"edgeID":"1709838","fromID":"1301256","toID":"1301253","formEdgeID":null},{"edgeID":"1709839","fromID":"1301253","toID":"1301257","formEdgeID":null},{"edgeID":"1709840","fromID":"1301257","toID":"1142226","formEdgeID":null},{"edgeID":"1709841","fromID":"1301260","toID":"1301259","formEdgeID":null},{"edgeID":"1709842","fromID":"1301261","toID":"1301260","formEdgeID":null},{"edgeID":"1709843","fromID":"1301259","toID":"1301262","formEdgeID":null},{"edgeID":"1709844","fromID":"1301262","toID":"1301258","formEdgeID":null},{"edgeID":"1709845","fromID":"1301253","toID":"1301263","formEdgeID":null},{"edgeID":"1709846","fromID":"1301263","toID":"1301259","formEdgeID":null},{"edgeID":"1709847","fromID":"1301266","toID":"1301265","formEdgeID":null},{"edgeID":"1709848","fromID":"1301267","toID":"1301266","formEdgeID":null},{"edgeID":"1709849","fromID":"1301265","toID":"1301268","formEdgeID":null},{"edgeID":"1709850","fromID":"1301268","toID":"1301264","formEdgeID":null},{"edgeID":"1709851","fromID":"1301259","toID":"1301269","formEdgeID":null},{"edgeID":"1709852","fromID":"1301269","toID":"1301265","formEdgeID":null},{"edgeID":"1709853","fromID":"1301272","toID":"1301271","formEdgeID":null},{"edgeID":"1709854","fromID":"1301273","toID":"1301272","formEdgeID":null},{"edgeID":"1709855","fromID":"1301271","toID":"1301274","formEdgeID":null},{"edgeID":"1709856","fromID":"1301274","toID":"1301270","formEdgeID":null},{"edgeID":"1709857","fromID":"1301265","toID":"1301275","formEdgeID":null},{"edgeID":"1709858","fromID":"1301275","toID":"1301271","formEdgeID":null},{"edgeID":"1709859","fromID":"1301277","toID":"1301276","formEdgeID":null},{"edgeID":"1709860","fromID":"1301278","toID":"1301277","formEdgeID":null},{"edgeID":"1709861","fromID":"1301276","toID":"1301279","formEdgeID":null},{"edgeID":"1709862","fromID":"1301279","toID":"1142306","formEdgeID":null},{"edgeID":"1709863","fromID":"1301281","toID":"1301280","formEdgeID":null},{"edgeID":"1709864","fromID":"1301282","toID":"1301281","formEdgeID":null},{"edgeID":"1709865","fromID":"1301280","toID":"1301283","formEdgeID":null},{"edgeID":"1709866","fromID":"1301283","toID":"1142341","formEdgeID":null},{"edgeID":"1709867","fromID":"1142341","toID":"1301284","formEdgeID":null},{"edgeID":"1709868","fromID":"1301284","toID":"1301270","formEdgeID":null},{"edgeID":"1709869","fromID":"1142306","toID":"1301284","formEdgeID":null},{"edgeID":"1709870","fromID":"1301276","toID":"1301285","formEdgeID":null},{"edgeID":"1709871","fromID":"1301285","toID":"1301280","formEdgeID":null},{"edgeID":"1709872","fromID":"1301285","toID":"1301286","formEdgeID":null},{"edgeID":"1709873","fromID":"1301286","toID":"1301284","formEdgeID":null},{"edgeID":"1709874","fromID":"1301271","toID":"1301287","formEdgeID":null},{"edgeID":"1709875","fromID":"1301287","toID":"1301276","formEdgeID":null},{"edgeID":"1709876","fromID":"1301290","toID":"1301289","formEdgeID":null},{"edgeID":"1709877","fromID":"1301291","toID":"1301290","formEdgeID":null},{"edgeID":"1709878","fromID":"1301289","toID":"1301292","formEdgeID":null},{"edgeID":"1709879","fromID":"1301292","toID":"1301288","formEdgeID":null},{"edgeID":"1709880","fromID":"1301280","toID":"1301293","formEdgeID":null},{"edgeID":"1709881","fromID":"1301293","toID":"1301289","formEdgeID":null},{"edgeID":"1709882","fromID":"1301296","toID":"1301295","formEdgeID":null},{"edgeID":"1709883","fromID":"1301297","toID":"1301296","formEdgeID":null},{"edgeID":"1709884","fromID":"1301295","toID":"1301298","formEdgeID":null},{"edgeID":"1709885","fromID":"1301298","toID":"1301294","formEdgeID":null},{"edgeID":"1709886","fromID":"1301301","toID":"1301300","formEdgeID":null},{"edgeID":"1709887","fromID":"1301302","toID":"1301301","formEdgeID":null},{"edgeID":"1709888","fromID":"1301300","toID":"1301303","formEdgeID":null},{"edgeID":"1709889","fromID":"1301303","toID":"1301299","formEdgeID":null},{"edgeID":"1709890","fromID":"1301306","toID":"1301305","formEdgeID":null},{"edgeID":"1709891","fromID":"1301307","toID":"1301306","formEdgeID":null},{"edgeID":"1709892","fromID":"1301305","toID":"1301308","formEdgeID":null},{"edgeID":"1709893","fromID":"1301308","toID":"1301304","formEdgeID":null},{"edgeID":"1709894","fromID":"1301288","toID":"1301309","formEdgeID":null},{"edgeID":"1709895","fromID":"1301309","toID":"1301270","formEdgeID":null},{"edgeID":"1709896","fromID":"1301293","toID":"1301310","formEdgeID":null},{"edgeID":"1709897","fromID":"1301310","toID":"1301309","formEdgeID":null},{"edgeID":"1709898","fromID":"1301304","toID":"1301311","formEdgeID":null},{"edgeID":"1709899","fromID":"1301311","toID":"1301288","formEdgeID":null},{"edgeID":"1709900","fromID":"1301289","toID":"1301312","formEdgeID":null},{"edgeID":"1709901","fromID":"1301312","toID":"1301305","formEdgeID":null},{"edgeID":"1709902","fromID":"1301312","toID":"1301313","formEdgeID":null},{"edgeID":"1709903","fromID":"1301313","toID":"1301311","formEdgeID":null},{"edgeID":"1709904","fromID":"1301305","toID":"1301314","formEdgeID":null},{"edgeID":"1709905","fromID":"1301314","toID":"1301295","formEdgeID":null},{"edgeID":"1709906","fromID":"1301299","toID":"1301315","formEdgeID":null},{"edgeID":"1709907","fromID":"1301315","toID":"1301294","formEdgeID":null},{"edgeID":"1709908","fromID":"1301295","toID":"1301316","formEdgeID":null},{"edgeID":"1709909","fromID":"1301316","toID":"1301300","formEdgeID":null},{"edgeID":"1709910","fromID":"1301316","toID":"1301317","formEdgeID":null},{"edgeID":"1709911","fromID":"1301317","toID":"1301315","formEdgeID":null},{"edgeID":"1709912","fromID":"1301319","toID":"1301318","formEdgeID":null},{"edgeID":"1709913","fromID":"1301320","toID":"1301319","formEdgeID":null},{"edgeID":"1709914","fromID":"1301318","toID":"1301321","formEdgeID":null},{"edgeID":"1709915","fromID":"1301321","toID":"1142423","formEdgeID":null},{"edgeID":"1709916","fromID":"1301300","toID":"1301322","formEdgeID":null},{"edgeID":"1709917","fromID":"1301322","toID":"1301318","formEdgeID":null},{"edgeID":"1709918","fromID":"1301294","toID":"1301323","formEdgeID":null},{"edgeID":"1709919","fromID":"1301323","toID":"1301304","formEdgeID":null},{"edgeID":"1709920","fromID":"1301314","toID":"1301324","formEdgeID":null},{"edgeID":"1709921","fromID":"1301324","toID":"1301323","formEdgeID":null},{"edgeID":"1709922","fromID":"1301294","toID":"1301325","formEdgeID":null},{"edgeID":"1709923","fromID":"1301325","toID":"1142423","formEdgeID":null},{"edgeID":"1709924","fromID":"1301322","toID":"1301326","formEdgeID":null},{"edgeID":"1709925","fromID":"1301326","toID":"1301325","formEdgeID":null},{"edgeID":"1709926","fromID":"1301329","toID":"1301328","formEdgeID":null},{"edgeID":"1709927","fromID":"1301330","toID":"1301329","formEdgeID":null},{"edgeID":"1709928","fromID":"1301328","toID":"1301331","formEdgeID":null},{"edgeID":"1709929","fromID":"1301331","toID":"1301327","formEdgeID":null},{"edgeID":"1709930","fromID":"1301318","toID":"1301332","formEdgeID":null},{"edgeID":"1709931","fromID":"1301332","toID":"1301328","formEdgeID":null},{"edgeID":"1709932","fromID":"1301327","toID":"1301333","formEdgeID":null},{"edgeID":"1709933","fromID":"1301333","toID":"1142423","formEdgeID":null},{"edgeID":"1709934","fromID":"1301332","toID":"1301334","formEdgeID":null},{"edgeID":"1709935","fromID":"1301334","toID":"1301333","formEdgeID":null},{"edgeID":"1709936","fromID":"1301336","toID":"1301335","formEdgeID":null},{"edgeID":"1709937","fromID":"1301337","toID":"1301336","formEdgeID":null},{"edgeID":"1709938","fromID":"1301335","toID":"1301338","formEdgeID":null},{"edgeID":"1709939","fromID":"1301338","toID":"1142475","formEdgeID":null},{"edgeID":"1709940","fromID":"1301328","toID":"1301339","formEdgeID":null},{"edgeID":"1709941","fromID":"1301339","toID":"1301335","formEdgeID":null},{"edgeID":"1709942","fromID":"1301342","toID":"1301341","formEdgeID":null},{"edgeID":"1709943","fromID":"1301343","toID":"1301342","formEdgeID":null},{"edgeID":"1709944","fromID":"1301341","toID":"1301344","formEdgeID":null},{"edgeID":"1709945","fromID":"1301344","toID":"1301340","formEdgeID":null},{"edgeID":"1709946","fromID":"1301335","toID":"1301345","formEdgeID":null},{"edgeID":"1709947","fromID":"1301345","toID":"1301341","formEdgeID":null},{"edgeID":"1709948","fromID":"1301347","toID":"1301346","formEdgeID":null},{"edgeID":"1709949","fromID":"1301348","toID":"1301347","formEdgeID":null},{"edgeID":"1709950","fromID":"1301346","toID":"1301349","formEdgeID":null},{"edgeID":"1709951","fromID":"1301349","toID":"1142501","formEdgeID":null},{"edgeID":"1709952","fromID":"1301340","toID":"1301350","formEdgeID":null},{"edgeID":"1709953","fromID":"1301350","toID":"1142475","formEdgeID":null},{"edgeID":"1709954","fromID":"1301345","toID":"1301351","formEdgeID":null},{"edgeID":"1709955","fromID":"1301351","toID":"1301350","formEdgeID":null},{"edgeID":"1709956","fromID":"1301341","toID":"1301352","formEdgeID":null},{"edgeID":"1709957","fromID":"1301352","toID":"1301346","formEdgeID":null},{"edgeID":"1709958","fromID":"1142501","toID":"1301353","formEdgeID":null},{"edgeID":"1709959","fromID":"1301353","toID":"1301340","formEdgeID":null},{"edgeID":"1709960","fromID":"1301352","toID":"1301354","formEdgeID":null},{"edgeID":"1709961","fromID":"1301354","toID":"1301353","formEdgeID":null},{"edgeID":"1709962","fromID":"1301258","toID":"1301355","formEdgeID":null},{"edgeID":"1709963","fromID":"1301355","toID":"1142226","formEdgeID":null},{"edgeID":"1709964","fromID":"1301263","toID":"1301356","formEdgeID":null},{"edgeID":"1709965","fromID":"1301356","toID":"1301355","formEdgeID":null}],"locutions":[]}