{"nodes":[{"nodeID":"1298831","text":"there was nothing that we heard in the spring statement to actually help the people who have to mess around with their household budgets to try and make ends meet at this moment in time","type":"I","timestamp":"2023-11-09 12:53:47"},{"nodeID":"1298832","text":"Julia Hartley-Brewer: there was nothing that we heard in the spring statement to actually help those people at this moment in time","type":"L","timestamp":"2023-11-09 12:53:47"},{"nodeID":"1298833","text":"Analysing","type":"YA","timestamp":"2023-11-09 12:53:47"},{"nodeID":"1298834","text":"Amelie: Julia Hartley-Brewer: there was nothing that we heard in the spring statement to actually help those people at this moment in time","type":"L","timestamp":"2023-11-09 12:53:47"},{"nodeID":"1298835","text":"Asserting","type":"YA","timestamp":"2023-11-09 12:53:47"},{"nodeID":"1298836","text":"there needs to be help","type":"I","timestamp":"2023-11-09 12:53:48"},{"nodeID":"1298837","text":"Julia Hartley-Brewer: there needs to be help","type":"L","timestamp":"2023-11-09 12:53:48"},{"nodeID":"1298838","text":"Analysing","type":"YA","timestamp":"2023-11-09 12:53:48"},{"nodeID":"1298839","text":"Amelie: Julia Hartley-Brewer: there needs to be help","type":"L","timestamp":"2023-11-09 12:53:48"},{"nodeID":"1298840","text":"Asserting","type":"YA","timestamp":"2023-11-09 12:53:48"},{"nodeID":"1298841","text":"the people haven't got savings","type":"I","timestamp":"2023-11-09 12:53:48"},{"nodeID":"1298842","text":"Julia Hartley-Brewer: They haven't got savings","type":"L","timestamp":"2023-11-09 12:53:48"},{"nodeID":"1298843","text":"Analysing","type":"YA","timestamp":"2023-11-09 12:53:48"},{"nodeID":"1298844","text":"Amelie: Julia Hartley-Brewer: They haven't got savings","type":"L","timestamp":"2023-11-09 12:53:48"},{"nodeID":"1298845","text":"Asserting","type":"YA","timestamp":"2023-11-09 12:53:48"},{"nodeID":"1298846","text":"the people haven't got the means to make ends meet","type":"I","timestamp":"2023-11-09 12:53:49"},{"nodeID":"1298847","text":"Julia Hartley-Brewer: They haven't got the means to do it","type":"L","timestamp":"2023-11-09 12:53:49"},{"nodeID":"1298848","text":"Analysing","type":"YA","timestamp":"2023-11-09 12:53:49"},{"nodeID":"1298849","text":"Amelie: Julia Hartley-Brewer: They haven't got the means to do it","type":"L","timestamp":"2023-11-09 12:53:49"},{"nodeID":"1298850","text":"Asserting","type":"YA","timestamp":"2023-11-09 12:53:49"},{"nodeID":"1298851","text":"Default Rephrase","type":"MA","timestamp":"2023-11-09 12:53:49"},{"nodeID":"1298852","text":"Default Transition","type":"TA","timestamp":"2023-11-09 12:53:49"},{"nodeID":"1298853","text":"Restating","type":"YA","timestamp":"2023-11-09 12:53:49"},{"nodeID":"1298854","text":"Default Transition","type":"TA","timestamp":"2023-11-09 12:53:49"},{"nodeID":"1298855","text":"Default Inference","type":"RA","timestamp":"2023-11-09 12:53:49"},{"nodeID":"1298856","text":"Default Transition","type":"TA","timestamp":"2023-11-09 12:53:49"},{"nodeID":"1298857","text":"Arguing","type":"YA","timestamp":"2023-11-09 12:53:49"},{"nodeID":"1298858","text":"whether that is just a cut on the tax for people in that circumstance or whether it's extra benefits or it's extra help, just one off payments, something needs to be done","type":"I","timestamp":"2023-11-09 12:53:50"},{"nodeID":"1298859","text":"Julia Hartley-Brewer: whether that is just a cut on the tax for people in that circumstance or whether it's extra benefits or it's extra help, just one off payments, something needs to be done","type":"L","timestamp":"2023-11-09 12:53:50"},{"nodeID":"1298860","text":"Analysing","type":"YA","timestamp":"2023-11-09 12:53:50"},{"nodeID":"1298861","text":"Amelie: Julia Hartley-Brewer: whether that is just a cut on the tax for people in that circumstance or whether it's extra benefits or it's extra help, just one off payments, something needs to be done","type":"L","timestamp":"2023-11-09 12:53:50"},{"nodeID":"1298862","text":"Asserting","type":"YA","timestamp":"2023-11-09 12:53:50"},{"nodeID":"1298863","text":"Default Transition","type":"TA","timestamp":"2023-11-09 12:53:50"},{"nodeID":"1298864","text":"people are not going to make it through that","type":"I","timestamp":"2023-11-09 12:53:50"},{"nodeID":"1298865","text":"Julia Hartley-Brewer:  people are not going to make it through that","type":"L","timestamp":"2023-11-09 12:53:50"},{"nodeID":"1298866","text":"Analysing","type":"YA","timestamp":"2023-11-09 12:53:50"},{"nodeID":"1298867","text":"Amelie: Julia Hartley-Brewer:  people are not going to make it through that","type":"L","timestamp":"2023-11-09 12:53:50"},{"nodeID":"1298868","text":"Asserting","type":"YA","timestamp":"2023-11-09 12:53:50"},{"nodeID":"1298869","text":"that's going to be a crisis","type":"I","timestamp":"2023-11-09 12:53:51"},{"nodeID":"1298870","text":"Julia Hartley-Brewer: That's going to be a crisis","type":"L","timestamp":"2023-11-09 12:53:51"},{"nodeID":"1298871","text":"Analysing","type":"YA","timestamp":"2023-11-09 12:53:51"},{"nodeID":"1298872","text":"Amelie: Julia Hartley-Brewer: That's going to be a crisis","type":"L","timestamp":"2023-11-09 12:53:51"},{"nodeID":"1298873","text":"Asserting","type":"YA","timestamp":"2023-11-09 12:53:51"},{"nodeID":"1298874","text":"long term though, after this immediate crisis we have got to stop living in this country on a day-to-day, week-by-week, coping with the latest crisis","type":"I","timestamp":"2023-11-09 12:53:51"},{"nodeID":"1298875","text":"Julia Hartley-Brewer: Long term though, after this immediate crisis we have got to stop living in this country on a day-to-day, week-by-week, coping with the latest crisis","type":"L","timestamp":"2023-11-09 12:53:51"},{"nodeID":"1298876","text":"Analysing","type":"YA","timestamp":"2023-11-09 12:53:51"},{"nodeID":"1298877","text":"Amelie: Julia Hartley-Brewer: Long term though, and that's where we really should be thinking, after this immediate crisis we have got to stop living in this country on a day-to-day, week-by-week, coping with the latest crisis","type":"L","timestamp":"2023-11-09 12:53:51"},{"nodeID":"1298878","text":"Asserting","type":"YA","timestamp":"2023-11-09 12:53:51"},{"nodeID":"1298879","text":"Default Conflict","type":"CA","timestamp":"2023-11-09 12:53:51"},{"nodeID":"1298880","text":"Default Transition","type":"TA","timestamp":"2023-11-09 12:53:51"},{"nodeID":"1298881","text":"Disagreeing","type":"YA","timestamp":"2023-11-09 12:53:51"},{"nodeID":"1298882","text":"Default Rephrase","type":"MA","timestamp":"2023-11-09 12:53:51"},{"nodeID":"1298883","text":"Restating","type":"YA","timestamp":"2023-11-09 12:53:51"},{"nodeID":"1298884","text":"Default Transition","type":"TA","timestamp":"2023-11-09 12:53:51"},{"nodeID":"1298885","text":"Default Inference","type":"RA","timestamp":"2023-11-09 12:53:51"},{"nodeID":"1298886","text":"Arguing","type":"YA","timestamp":"2023-11-09 12:53:51"},{"nodeID":"1298887","text":"Default Transition","type":"TA","timestamp":"2023-11-09 12:53:51"}],"edges":[{"edgeID":"1706977","fromID":"1298834","toID":"1298833","formEdgeID":null},{"edgeID":"1706978","fromID":"1298833","toID":"1298832","formEdgeID":null},{"edgeID":"1706979","fromID":"1298832","toID":"1298835","formEdgeID":null},{"edgeID":"1706980","fromID":"1298835","toID":"1298831","formEdgeID":null},{"edgeID":"1706981","fromID":"1298839","toID":"1298838","formEdgeID":null},{"edgeID":"1706982","fromID":"1298838","toID":"1298837","formEdgeID":null},{"edgeID":"1706983","fromID":"1298840","toID":"1298836","formEdgeID":null},{"edgeID":"1706984","fromID":"1298837","toID":"1298840","formEdgeID":null},{"edgeID":"1706985","fromID":"1298843","toID":"1298842","formEdgeID":null},{"edgeID":"1706986","fromID":"1298844","toID":"1298843","formEdgeID":null},{"edgeID":"1706987","fromID":"1298842","toID":"1298845","formEdgeID":null},{"edgeID":"1706988","fromID":"1298845","toID":"1298841","formEdgeID":null},{"edgeID":"1706989","fromID":"1298848","toID":"1298847","formEdgeID":null},{"edgeID":"1706990","fromID":"1298849","toID":"1298848","formEdgeID":null},{"edgeID":"1706991","fromID":"1298847","toID":"1298850","formEdgeID":null},{"edgeID":"1706992","fromID":"1298850","toID":"1298846","formEdgeID":null},{"edgeID":"1706993","fromID":"1298841","toID":"1298851","formEdgeID":null},{"edgeID":"1706994","fromID":"1298851","toID":"1298846","formEdgeID":null},{"edgeID":"1706995","fromID":"1298847","toID":"1298852","formEdgeID":null},{"edgeID":"1706996","fromID":"1298852","toID":"1298842","formEdgeID":null},{"edgeID":"1706997","fromID":"1298852","toID":"1298853","formEdgeID":null},{"edgeID":"1706998","fromID":"1298853","toID":"1298851","formEdgeID":null},{"edgeID":"1706999","fromID":"1298832","toID":"1298854","formEdgeID":null},{"edgeID":"1707000","fromID":"1298854","toID":"1298847","formEdgeID":null},{"edgeID":"1707001","fromID":"1298841","toID":"1298855","formEdgeID":null},{"edgeID":"1707002","fromID":"1298855","toID":"1298836","formEdgeID":null},{"edgeID":"1707003","fromID":"1298842","toID":"1298856","formEdgeID":null},{"edgeID":"1707004","fromID":"1298856","toID":"1298837","formEdgeID":null},{"edgeID":"1707005","fromID":"1298856","toID":"1298857","formEdgeID":null},{"edgeID":"1707006","fromID":"1298857","toID":"1298855","formEdgeID":null},{"edgeID":"1707007","fromID":"1298860","toID":"1298859","formEdgeID":null},{"edgeID":"1707008","fromID":"1298861","toID":"1298860","formEdgeID":null},{"edgeID":"1707009","fromID":"1298859","toID":"1298862","formEdgeID":null},{"edgeID":"1707010","fromID":"1298862","toID":"1298858","formEdgeID":null},{"edgeID":"1707011","fromID":"1298837","toID":"1298863","formEdgeID":null},{"edgeID":"1707012","fromID":"1298863","toID":"1298859","formEdgeID":null},{"edgeID":"1707013","fromID":"1298866","toID":"1298865","formEdgeID":null},{"edgeID":"1707014","fromID":"1298867","toID":"1298866","formEdgeID":null},{"edgeID":"1707015","fromID":"1298865","toID":"1298868","formEdgeID":null},{"edgeID":"1707016","fromID":"1298868","toID":"1298864","formEdgeID":null},{"edgeID":"1707017","fromID":"1298871","toID":"1298870","formEdgeID":null},{"edgeID":"1707018","fromID":"1298872","toID":"1298871","formEdgeID":null},{"edgeID":"1707019","fromID":"1298870","toID":"1298873","formEdgeID":null},{"edgeID":"1707020","fromID":"1298873","toID":"1298869","formEdgeID":null},{"edgeID":"1707021","fromID":"1298876","toID":"1298875","formEdgeID":null},{"edgeID":"1707022","fromID":"1298877","toID":"1298876","formEdgeID":null},{"edgeID":"1707023","fromID":"1298875","toID":"1298878","formEdgeID":null},{"edgeID":"1707024","fromID":"1298878","toID":"1298874","formEdgeID":null},{"edgeID":"1707025","fromID":"1298874","toID":"1298879","formEdgeID":null},{"edgeID":"1707026","fromID":"1298879","toID":"1298869","formEdgeID":null},{"edgeID":"1707027","fromID":"1298870","toID":"1298880","formEdgeID":null},{"edgeID":"1707028","fromID":"1298880","toID":"1298875","formEdgeID":null},{"edgeID":"1707029","fromID":"1298880","toID":"1298881","formEdgeID":null},{"edgeID":"1707030","fromID":"1298881","toID":"1298879","formEdgeID":null},{"edgeID":"1707031","fromID":"1298858","toID":"1298882","formEdgeID":null},{"edgeID":"1707032","fromID":"1298882","toID":"1298836","formEdgeID":null},{"edgeID":"1707033","fromID":"1298863","toID":"1298883","formEdgeID":null},{"edgeID":"1707034","fromID":"1298883","toID":"1298882","formEdgeID":null},{"edgeID":"1707035","fromID":"1298837","toID":"1298884","formEdgeID":null},{"edgeID":"1707036","fromID":"1298884","toID":"1298865","formEdgeID":null},{"edgeID":"1707037","fromID":"1298864","toID":"1298885","formEdgeID":null},{"edgeID":"1707038","fromID":"1298885","toID":"1298836","formEdgeID":null},{"edgeID":"1707039","fromID":"1298884","toID":"1298886","formEdgeID":null},{"edgeID":"1707040","fromID":"1298886","toID":"1298885","formEdgeID":null},{"edgeID":"1707041","fromID":"1298865","toID":"1298887","formEdgeID":null},{"edgeID":"1707042","fromID":"1298887","toID":"1298870","formEdgeID":null}],"locutions":[]}