{"nodes":[{"nodeID":"1144928","text":"it's just insane when one say that the Prime Minister was lied to by his advisors and that he just repeated those lies to the Parliament","type":"I","timestamp":"2023-04-20 10:10:51"},{"nodeID":"1144930","text":"we cannot have any trust in anything that he says if he's just happy to repeat the lies that have been said to him by his advisors","type":"I","timestamp":"2023-04-20 10:10:52"},{"nodeID":"1145785","text":"we are setting a XXX example to our children and our young people who have been at home, like everybody else here, for the last two years, missed nine months of their education where their parents were sticking to the rules, when they can see the headlines in the press and on the news in Newsround that at the very heart of our Government people were breaking the rules and not prepared to own up to that","type":"I","timestamp":"2023-04-20 10:16:13"},{"nodeID":"1145794","text":"being told lies and repeating them to the Parliament is not a sign of a good leader","type":"I","timestamp":"2023-04-20 10:16:18"},{"nodeID":"1302345","text":"AudienceMember 20220310QT41: What kind of example are we setting our children and our young people who have been at home, like everybody else here, for the last two years, missed nine months of their education where their parents were sticking to the rules, when they can see the headlines in the press and on the news in Newsround that at the very heart of our Government people were breaking the rules and not prepared to own up to that","type":"L","timestamp":"2023-11-09 12:58:43"},{"nodeID":"1302346","text":"Analysing","type":"YA","timestamp":"2023-11-09 12:58:43"},{"nodeID":"1302347","text":"Pawe\u0142: AudienceMember 20220310QT41: What kind of example are we setting our children and our young people who have been at home, like everybody else here, for the last two years, missed nine months of their education where their parents were sticking to the rules, when they can see the headlines in the press and on the news in Newsround that at the very heart of our Government people were breaking the rules and not prepared to own up to that","type":"L","timestamp":"2023-11-09 12:58:43"},{"nodeID":"1302348","text":"Pure Questioning","type":"YA","timestamp":"2023-11-09 12:58:43"},{"nodeID":"1302349","text":"AudienceMember 20220310QT42: When you say that the Prime Minister was lied to by his advisors and that he just repeated those lies to the Parliament, it's just insane","type":"L","timestamp":"2023-11-09 12:58:44"},{"nodeID":"1302350","text":"Analysing","type":"YA","timestamp":"2023-11-09 12:58:44"},{"nodeID":"1302351","text":"Pawe\u0142: AudienceMember 20220310QT42: When you say that the Prime Minister was lied to by his advisors and that he just repeated those lies to the Parliament, it's just insane","type":"L","timestamp":"2023-11-09 12:58:44"},{"nodeID":"1302352","text":"Asserting","type":"YA","timestamp":"2023-11-09 12:58:44"},{"nodeID":"1302353","text":"Default Transition","type":"TA","timestamp":"2023-11-09 12:58:44"},{"nodeID":"1302354","text":"AudienceMember 20220310QT42: that's not the sign of a good leader","type":"L","timestamp":"2023-11-09 12:58:44"},{"nodeID":"1302355","text":"Analysing","type":"YA","timestamp":"2023-11-09 12:58:44"},{"nodeID":"1302356","text":"Pawe\u0142: AudienceMember 20220310QT42: that's not the sign of a good leader","type":"L","timestamp":"2023-11-09 12:58:44"},{"nodeID":"1302357","text":"Asserting","type":"YA","timestamp":"2023-11-09 12:58:44"},{"nodeID":"1302358","text":"Default Transition","type":"TA","timestamp":"2023-11-09 12:58:44"},{"nodeID":"1302359","text":"AudienceMember 20220310QT42: how can we have any trust in anything that he says if he's just happy to repeat the lies that have been said to him by his advisors","type":"L","timestamp":"2023-11-09 12:58:45"},{"nodeID":"1302360","text":"Analysing","type":"YA","timestamp":"2023-11-09 12:58:45"},{"nodeID":"1302361","text":"Pawe\u0142: AudienceMember 20220310QT42: how can we have any trust in anything that he says if he's just happy to repeat the lies that have been said to him by his advisors","type":"L","timestamp":"2023-11-09 12:58:45"},{"nodeID":"1302362","text":"Assertive Questioning","type":"YA","timestamp":"2023-11-09 12:58:45"},{"nodeID":"1302363","text":"Default Transition","type":"TA","timestamp":"2023-11-09 12:58:45"},{"nodeID":"1302364","text":"Default Rephrase","type":"MA","timestamp":"2023-11-09 12:58:45"},{"nodeID":"1302365","text":"Restating","type":"YA","timestamp":"2023-11-09 12:58:45"}],"edges":[{"edgeID":"1711266","fromID":"1302346","toID":"1302345","formEdgeID":null},{"edgeID":"1711267","fromID":"1302347","toID":"1302346","formEdgeID":null},{"edgeID":"1711268","fromID":"1302345","toID":"1302348","formEdgeID":null},{"edgeID":"1711269","fromID":"1302348","toID":"1145785","formEdgeID":null},{"edgeID":"1711270","fromID":"1302350","toID":"1302349","formEdgeID":null},{"edgeID":"1711271","fromID":"1302351","toID":"1302350","formEdgeID":null},{"edgeID":"1711272","fromID":"1302349","toID":"1302352","formEdgeID":null},{"edgeID":"1711273","fromID":"1302352","toID":"1144928","formEdgeID":null},{"edgeID":"1711274","fromID":"1302345","toID":"1302353","formEdgeID":null},{"edgeID":"1711275","fromID":"1302353","toID":"1302349","formEdgeID":null},{"edgeID":"1711276","fromID":"1302355","toID":"1302354","formEdgeID":null},{"edgeID":"1711277","fromID":"1302356","toID":"1302355","formEdgeID":null},{"edgeID":"1711278","fromID":"1302354","toID":"1302357","formEdgeID":null},{"edgeID":"1711279","fromID":"1302357","toID":"1145794","formEdgeID":null},{"edgeID":"1711280","fromID":"1302349","toID":"1302358","formEdgeID":null},{"edgeID":"1711281","fromID":"1302358","toID":"1302354","formEdgeID":null},{"edgeID":"1711282","fromID":"1302360","toID":"1302359","formEdgeID":null},{"edgeID":"1711283","fromID":"1302361","toID":"1302360","formEdgeID":null},{"edgeID":"1711284","fromID":"1302359","toID":"1302362","formEdgeID":null},{"edgeID":"1711285","fromID":"1302362","toID":"1144930","formEdgeID":null},{"edgeID":"1711286","fromID":"1302354","toID":"1302363","formEdgeID":null},{"edgeID":"1711287","fromID":"1302363","toID":"1302359","formEdgeID":null},{"edgeID":"1711288","fromID":"1145794","toID":"1302364","formEdgeID":null},{"edgeID":"1711289","fromID":"1302364","toID":"1144928","formEdgeID":null},{"edgeID":"1711290","fromID":"1302358","toID":"1302365","formEdgeID":null},{"edgeID":"1711291","fromID":"1302365","toID":"1302364","formEdgeID":null}],"locutions":[]}