{"nodes":[{"nodeID":"1144956","text":"Boris Johnson genuinely did not believe that there was wrongdoing","type":"I","timestamp":"2023-04-20 10:11:23"},{"nodeID":"1144958","text":"Maria Caulfiled fully understands the anger and the frustration of the people","type":"I","timestamp":"2023-04-20 10:11:25"},{"nodeID":"1144960","text":"people made such big sacrifices during that time","type":"I","timestamp":"2023-04-20 10:11:27"},{"nodeID":"1144962","text":"Boris Johnson hasn't received a fixed penalty notice yet","type":"I","timestamp":"2023-04-20 10:11:28"},{"nodeID":"1146693","text":"we will wait for the Sue Gray report","type":"I","timestamp":"2023-04-20 10:21:26"},{"nodeID":"1146699","text":"we don't know the identities of the people who've got fixed penalty notices","type":"I","timestamp":"2023-04-20 10:21:29"},{"nodeID":"1146707","text":"Boris Johnson isn't one of those people that's had a fixed penalty notice this week","type":"I","timestamp":"2023-04-20 10:21:31"},{"nodeID":"1146716","text":"that was laughter","type":"I","timestamp":"2023-04-20 10:21:36"},{"nodeID":"1146721","text":"that was ridicule","type":"I","timestamp":"2023-04-20 10:21:38"},{"nodeID":"1146726","text":"the people don't believe Boris Johnson","type":"I","timestamp":"2023-04-20 10:21:41"},{"nodeID":"1146738","text":"Maria Caulfield understands the reaction of the people","type":"I","timestamp":"2023-04-20 10:21:43"},{"nodeID":"1146748","text":"people are angry that the rules were broken when they didn't see loved ones, when they stuck by the rules themselves","type":"I","timestamp":"2023-04-20 10:21:48"},{"nodeID":"1146753","text":"Boris Johnson gets a fixed penalty notice","type":"I","timestamp":"2023-04-20 10:21:50"},{"nodeID":"1146762","text":"Boris Johnson will make that public","type":"I","timestamp":"2023-04-20 10:21:54"},{"nodeID":"1146771","text":"Boris Johnson has introduced changes at number ten as a result of people receiving a fixed penalty notice","type":"I","timestamp":"2023-04-20 10:21:56"},{"nodeID":"1146776","text":"people have lost their jobs as a result of what happened","type":"I","timestamp":"2023-04-20 10:21:59"},{"nodeID":"1146792","text":"Boris Johnson didn't believe he was at a party","type":"I","timestamp":"2023-04-20 10:22:01"},{"nodeID":"1146796","text":"the fact that people laughed at Boris Johnson saying that he didn't believe he was at a party makes Maria Caufield think xxx","type":"I","timestamp":"2023-04-20 10:22:04"},{"nodeID":"1146814","text":"Maria Caulfield absolutely understand the frustration and anger","type":"I","timestamp":"2023-04-20 10:22:11"},{"nodeID":"1146826","text":"we don't know the identity of those people that have received a fixed penalty notice","type":"I","timestamp":"2023-04-20 10:22:15"},{"nodeID":"1303742","text":"Maria Caulfield: he genuinely did not believe that there was wrongdoing","type":"L","timestamp":"2023-11-09 13:00:44"},{"nodeID":"1303743","text":"Analysing","type":"YA","timestamp":"2023-11-09 13:00:44"},{"nodeID":"1303744","text":"Amelie: Maria Caulfield: he genuinely did not believe that there was wrongdoing","type":"L","timestamp":"2023-11-09 13:00:44"},{"nodeID":"1303745","text":"Asserting","type":"YA","timestamp":"2023-11-09 13:00:44"},{"nodeID":"1303746","text":"Maria Caulfield: what we've said is that we will wait for the Sue Gray report","type":"L","timestamp":"2023-11-09 13:00:45"},{"nodeID":"1303747","text":"Analysing","type":"YA","timestamp":"2023-11-09 13:00:45"},{"nodeID":"1303748","text":"Amelie: Maria Caulfield: what we've said is that we will wait for the Sue Gray report","type":"L","timestamp":"2023-11-09 13:00:45"},{"nodeID":"1303749","text":"Asserting","type":"YA","timestamp":"2023-11-09 13:00:45"},{"nodeID":"1303750","text":"Default Transition","type":"TA","timestamp":"2023-11-09 13:00:45"},{"nodeID":"1303751","text":"Maria Caulfield: We don't know the identities of the people who've got fixed penalty notices","type":"L","timestamp":"2023-11-09 13:00:45"},{"nodeID":"1303752","text":"Analysing","type":"YA","timestamp":"2023-11-09 13:00:45"},{"nodeID":"1303753","text":"Amelie: Maria Caulfield: We don't know the identities of the people who've got fixed penalty notices","type":"L","timestamp":"2023-11-09 13:00:45"},{"nodeID":"1303754","text":"Asserting","type":"YA","timestamp":"2023-11-09 13:00:45"},{"nodeID":"1303755","text":"Default Inference","type":"RA","timestamp":"2023-11-09 13:00:45"},{"nodeID":"1303756","text":"Default Transition","type":"TA","timestamp":"2023-11-09 13:00:45"},{"nodeID":"1303757","text":"Arguing","type":"YA","timestamp":"2023-11-09 13:00:45"},{"nodeID":"1303758","text":"Maria Caulfield: He isn't one of those people that's had a fixed penalty notice this week","type":"L","timestamp":"2023-11-09 13:00:46"},{"nodeID":"1303759","text":"Analysing","type":"YA","timestamp":"2023-11-09 13:00:46"},{"nodeID":"1303760","text":"Amelie: Maria Caulfield: He isn't one of those people that's had a fixed penalty notice this week","type":"L","timestamp":"2023-11-09 13:00:46"},{"nodeID":"1303761","text":"Asserting","type":"YA","timestamp":"2023-11-09 13:00:46"},{"nodeID":"1303762","text":"Default Transition","type":"TA","timestamp":"2023-11-09 13:00:46"},{"nodeID":"1303763","text":"Maria Caulfield: I fully understand the anger and the frustration","type":"L","timestamp":"2023-11-09 13:00:46"},{"nodeID":"1303764","text":"Analysing","type":"YA","timestamp":"2023-11-09 13:00:46"},{"nodeID":"1303765","text":"Amelie: Maria Caulfield: I fully understand the anger and the frustration","type":"L","timestamp":"2023-11-09 13:00:46"},{"nodeID":"1303766","text":"Asserting","type":"YA","timestamp":"2023-11-09 13:00:46"},{"nodeID":"1303767","text":"Victoria Derbyshire: That was laughter","type":"L","timestamp":"2023-11-09 13:00:47"},{"nodeID":"1303768","text":"Analysing","type":"YA","timestamp":"2023-11-09 13:00:47"},{"nodeID":"1303769","text":"Amelie: Victoria Derbyshire: That was laughter","type":"L","timestamp":"2023-11-09 13:00:47"},{"nodeID":"1303770","text":"Asserting","type":"YA","timestamp":"2023-11-09 13:00:47"},{"nodeID":"1303771","text":"Victoria Derbyshire: that was ridicule","type":"L","timestamp":"2023-11-09 13:00:48"},{"nodeID":"1303772","text":"Analysing","type":"YA","timestamp":"2023-11-09 13:00:48"},{"nodeID":"1303773","text":"Amelie: Victoria Derbyshire: that was ridicule","type":"L","timestamp":"2023-11-09 13:00:48"},{"nodeID":"1303774","text":"Asserting","type":"YA","timestamp":"2023-11-09 13:00:48"},{"nodeID":"1303775","text":"Victoria Derbyshire: they don't believe him","type":"L","timestamp":"2023-11-09 13:00:48"},{"nodeID":"1303776","text":"Analysing","type":"YA","timestamp":"2023-11-09 13:00:48"},{"nodeID":"1303777","text":"Amelie: Victoria Derbyshire: they don't believe him","type":"L","timestamp":"2023-11-09 13:00:48"},{"nodeID":"1303778","text":"Asserting","type":"YA","timestamp":"2023-11-09 13:00:48"},{"nodeID":"1303779","text":"Default Transition","type":"TA","timestamp":"2023-11-09 13:00:48"},{"nodeID":"1303780","text":"Default Transition","type":"TA","timestamp":"2023-11-09 13:00:48"},{"nodeID":"1303781","text":"Default Rephrase","type":"MA","timestamp":"2023-11-09 13:00:48"},{"nodeID":"1303782","text":"Restating","type":"YA","timestamp":"2023-11-09 13:00:48"},{"nodeID":"1303783","text":"Default Rephrase","type":"MA","timestamp":"2023-11-09 13:00:48"},{"nodeID":"1303784","text":"Default Transition","type":"TA","timestamp":"2023-11-09 13:00:48"},{"nodeID":"1303785","text":"Restating","type":"YA","timestamp":"2023-11-09 13:00:48"},{"nodeID":"1303786","text":"Maria Caulfield: I understand that","type":"L","timestamp":"2023-11-09 13:00:49"},{"nodeID":"1303787","text":"Analysing","type":"YA","timestamp":"2023-11-09 13:00:49"},{"nodeID":"1303788","text":"Amelie: Maria Caulfield: I understand that","type":"L","timestamp":"2023-11-09 13:00:49"},{"nodeID":"1303789","text":"Asserting","type":"YA","timestamp":"2023-11-09 13:00:49"},{"nodeID":"1303790","text":"Maria Caulfield: people are very\u2026people made such big sacrifices during that time","type":"L","timestamp":"2023-11-09 13:00:50"},{"nodeID":"1303791","text":"Analysing","type":"YA","timestamp":"2023-11-09 13:00:50"},{"nodeID":"1303792","text":"Amelie: Maria Caulfield: people are very\u2026people made such big sacrifices during that time","type":"L","timestamp":"2023-11-09 13:00:50"},{"nodeID":"1303793","text":"Asserting","type":"YA","timestamp":"2023-11-09 13:00:50"},{"nodeID":"1303794","text":"Default Transition","type":"TA","timestamp":"2023-11-09 13:00:50"},{"nodeID":"1303795","text":"Default Transition","type":"TA","timestamp":"2023-11-09 13:00:50"},{"nodeID":"1303796","text":"Maria Caulfield: people are angry that if the rules were broken when they didn't see loved ones, when they were\u2026stuck by the rules themselves","type":"L","timestamp":"2023-11-09 13:00:50"},{"nodeID":"1303797","text":"Analysing","type":"YA","timestamp":"2023-11-09 13:00:50"},{"nodeID":"1303798","text":"Amelie: Maria Caulfield: people are angry that if the rules were broken when they didn't see loved ones, when they were\u2026stuck by the rules themselves","type":"L","timestamp":"2023-11-09 13:00:50"},{"nodeID":"1303799","text":"Asserting","type":"YA","timestamp":"2023-11-09 13:00:50"},{"nodeID":"1303800","text":"Maria Caulfield: the PM has said that if he gets a fixed penalty notice he will make that public","type":"L","timestamp":"2023-11-09 13:00:51"},{"nodeID":"1303801","text":"Analysing","type":"YA","timestamp":"2023-11-09 13:00:51"},{"nodeID":"1303802","text":"Amelie: Maria Caulfield: the PM has said that if he gets a fixed penalty notice he will make that public","type":"L","timestamp":"2023-11-09 13:00:51"},{"nodeID":"1303803","text":"Boris Johnson: if I get a fixed penalty notice","type":"L","timestamp":"2023-11-09 13:00:51"},{"nodeID":"1303804","text":"Analysing","type":"YA","timestamp":"2023-11-09 13:00:51"},{"nodeID":"1303805","text":"Amelie: Boris Johnson: the Prime Minister has said that if he gets a fixed penalty notice he will make that public","type":"L","timestamp":"2023-11-09 13:00:51"},{"nodeID":"1303806","text":"Asserting","type":"YA","timestamp":"2023-11-09 13:00:51"},{"nodeID":"1303807","text":"Asserting","type":"YA","timestamp":"2023-11-09 13:00:51"},{"nodeID":"1303808","text":"Analysing","type":"YA","timestamp":"2023-11-09 13:00:51"},{"nodeID":"1303809","text":"Default Transition","type":"TA","timestamp":"2023-11-09 13:00:51"},{"nodeID":"1303810","text":"Boris Johnson: I will make that public","type":"L","timestamp":"2023-11-09 13:00:51"},{"nodeID":"1303811","text":"Analysing","type":"YA","timestamp":"2023-11-09 13:00:51"},{"nodeID":"1303812","text":"Amelie: Boris Johnson: the PM has said that if he gets a fixed penalty notice he will make that public","type":"L","timestamp":"2023-11-09 13:00:51"},{"nodeID":"1303813","text":"Asserting","type":"YA","timestamp":"2023-11-09 13:00:51"},{"nodeID":"1303814","text":"Asserting","type":"YA","timestamp":"2023-11-09 13:00:51"},{"nodeID":"1303815","text":"Default Inference","type":"RA","timestamp":"2023-11-09 13:00:51"},{"nodeID":"1303816","text":"Maria Caulfield: he has introduced changes at number ten as a result of that","type":"L","timestamp":"2023-11-09 13:00:52"},{"nodeID":"1303817","text":"Analysing","type":"YA","timestamp":"2023-11-09 13:00:52"},{"nodeID":"1303818","text":"Amelie: Maria Caulfield: he has introduced changes at number ten as a result of that","type":"L","timestamp":"2023-11-09 13:00:52"},{"nodeID":"1303819","text":"Asserting","type":"YA","timestamp":"2023-11-09 13:00:52"},{"nodeID":"1303820","text":"Maria Caulfield: People have lost their jobs as a result of what happened","type":"L","timestamp":"2023-11-09 13:00:53"},{"nodeID":"1303821","text":"Analysing","type":"YA","timestamp":"2023-11-09 13:00:53"},{"nodeID":"1303822","text":"Amelie: Maria Caulfield: People have lost their jobs as a result of what happened","type":"L","timestamp":"2023-11-09 13:00:53"},{"nodeID":"1303823","text":"Asserting","type":"YA","timestamp":"2023-11-09 13:00:53"},{"nodeID":"1303824","text":"Default Rephrase","type":"MA","timestamp":"2023-11-09 13:00:53"},{"nodeID":"1303825","text":"Default Transition","type":"TA","timestamp":"2023-11-09 13:00:53"},{"nodeID":"1303826","text":"Restating","type":"YA","timestamp":"2023-11-09 13:00:53"},{"nodeID":"1303827","text":"Default Inference","type":"RA","timestamp":"2023-11-09 13:00:53"},{"nodeID":"1303828","text":"Arguing","type":"YA","timestamp":"2023-11-09 13:00:53"},{"nodeID":"1303829","text":"Default Inference","type":"RA","timestamp":"2023-11-09 13:00:53"},{"nodeID":"1303830","text":"Default Transition","type":"TA","timestamp":"2023-11-09 13:00:53"},{"nodeID":"1303831","text":"Arguing","type":"YA","timestamp":"2023-11-09 13:00:53"},{"nodeID":"1303832","text":"Default Rephrase","type":"MA","timestamp":"2023-11-09 13:00:53"},{"nodeID":"1303833","text":"Default Transition","type":"TA","timestamp":"2023-11-09 13:00:53"},{"nodeID":"1303834","text":"Restating","type":"YA","timestamp":"2023-11-09 13:00:53"},{"nodeID":"1303835","text":"Victoria Derbyshire: people laugh when you say he said he didn't believe he was at a party","type":"L","timestamp":"2023-11-09 13:00:53"},{"nodeID":"1303836","text":"Analysing","type":"YA","timestamp":"2023-11-09 13:00:53"},{"nodeID":"1303837","text":"Amelie: Victoria Derbyshire: people laugh when you say he said he didn't believe he was at a party","type":"L","timestamp":"2023-11-09 13:00:53"},{"nodeID":"1303838","text":"Victoria Derbyshire: what does that make you think","type":"L","timestamp":"2023-11-09 13:00:54"},{"nodeID":"1303839","text":"Zlata: Victoria Derbyshire: what does that make you think","type":"L","timestamp":"2023-11-09 13:00:54"},{"nodeID":"1303840","text":"Analysing","type":"YA","timestamp":"2023-11-09 13:00:54"},{"nodeID":"1303841","text":"Pure Questioning","type":"YA","timestamp":"2023-11-09 13:00:54"},{"nodeID":"1303842","text":"Maria Caulfield: Boris Johnson said he didn't believe he was at a party","type":"L","timestamp":"2023-11-09 13:00:54"},{"nodeID":"1303843","text":"Analysing","type":"YA","timestamp":"2023-11-09 13:00:54"},{"nodeID":"1303844","text":"Amelie: Maria Caulfield: people laugh when you say he said he didn't believe he was at a party","type":"L","timestamp":"2023-11-09 13:00:54"},{"nodeID":"1303845","text":"Asserting","type":"YA","timestamp":"2023-11-09 13:00:54"},{"nodeID":"1303846","text":"Default Transition","type":"TA","timestamp":"2023-11-09 13:00:54"},{"nodeID":"1303847","text":"Boris Johnson:  I didn't believe I was at a party","type":"L","timestamp":"2023-11-09 13:00:54"},{"nodeID":"1303848","text":"Analysing","type":"YA","timestamp":"2023-11-09 13:00:54"},{"nodeID":"1303849","text":"Amelie: Boris Johnson: people laugh when you say he said he didn't believe he was at a party","type":"L","timestamp":"2023-11-09 13:00:54"},{"nodeID":"1303850","text":"Asserting","type":"YA","timestamp":"2023-11-09 13:00:54"},{"nodeID":"1303851","text":"Asserting","type":"YA","timestamp":"2023-11-09 13:00:54"},{"nodeID":"1303852","text":"Default Transition","type":"TA","timestamp":"2023-11-09 13:00:54"},{"nodeID":"1303853","text":"Default Transition","type":"TA","timestamp":"2023-11-09 13:00:54"},{"nodeID":"1303854","text":"Arguing","type":"YA","timestamp":"2023-11-09 13:00:54"},{"nodeID":"1303855","text":"Maria Caulfield: I absolutely understand the frustration and anger","type":"L","timestamp":"2023-11-09 13:00:55"},{"nodeID":"1303856","text":"Analysing","type":"YA","timestamp":"2023-11-09 13:00:55"},{"nodeID":"1303857","text":"Amelie: Maria Caulfield: I absolutely understand the frustration and anger","type":"L","timestamp":"2023-11-09 13:00:55"},{"nodeID":"1303858","text":"Asserting","type":"YA","timestamp":"2023-11-09 13:00:55"},{"nodeID":"1303859","text":"Default Transition","type":"TA","timestamp":"2023-11-09 13:00:55"},{"nodeID":"1303860","text":"Default Rephrase","type":"MA","timestamp":"2023-11-09 13:00:55"},{"nodeID":"1303861","text":"Restating","type":"YA","timestamp":"2023-11-09 13:00:55"},{"nodeID":"1303862","text":"Maria Caulfield: he hasn't received one yet","type":"L","timestamp":"2023-11-09 13:00:55"},{"nodeID":"1303863","text":"Analysing","type":"YA","timestamp":"2023-11-09 13:00:55"},{"nodeID":"1303864","text":"Amelie: Maria Caulfield: he hasn't received one yet","type":"L","timestamp":"2023-11-09 13:00:55"},{"nodeID":"1303865","text":"Asserting","type":"YA","timestamp":"2023-11-09 13:00:55"},{"nodeID":"1303866","text":"Default Transition","type":"TA","timestamp":"2023-11-09 13:00:55"},{"nodeID":"1303867","text":"Maria Caulfield: we don't know the identity of those people that have","type":"L","timestamp":"2023-11-09 13:00:56"},{"nodeID":"1303868","text":"Analysing","type":"YA","timestamp":"2023-11-09 13:00:56"},{"nodeID":"1303869","text":"Amelie: Maria Caulfield: we don't know the identity of those people that have","type":"L","timestamp":"2023-11-09 13:00:56"},{"nodeID":"1303870","text":"Asserting","type":"YA","timestamp":"2023-11-09 13:00:56"},{"nodeID":"1303871","text":"Default Transition","type":"TA","timestamp":"2023-11-09 13:00:56"},{"nodeID":"1303872","text":"Default Transition","type":"TA","timestamp":"2023-11-09 13:00:56"},{"nodeID":"1303873","text":"Default Rephrase","type":"MA","timestamp":"2023-11-09 13:00:56"},{"nodeID":"1303874","text":"Default Transition","type":"TA","timestamp":"2023-11-09 13:00:56"},{"nodeID":"1303875","text":"Restating","type":"YA","timestamp":"2023-11-09 13:00:56"},{"nodeID":"1303876","text":"Default Rephrase","type":"MA","timestamp":"2023-11-09 13:00:56"},{"nodeID":"1303877","text":"Default Transition","type":"TA","timestamp":"2023-11-09 13:00:56"},{"nodeID":"1303878","text":"Restating","type":"YA","timestamp":"2023-11-09 13:00:56"}],"edges":[{"edgeID":"1713019","fromID":"1303743","toID":"1303742","formEdgeID":null},{"edgeID":"1713020","fromID":"1303744","toID":"1303743","formEdgeID":null},{"edgeID":"1713021","fromID":"1303742","toID":"1303745","formEdgeID":null},{"edgeID":"1713022","fromID":"1303745","toID":"1144956","formEdgeID":null},{"edgeID":"1713023","fromID":"1303747","toID":"1303746","formEdgeID":null},{"edgeID":"1713024","fromID":"1303748","toID":"1303747","formEdgeID":null},{"edgeID":"1713025","fromID":"1303746","toID":"1303749","formEdgeID":null},{"edgeID":"1713026","fromID":"1303749","toID":"1146693","formEdgeID":null},{"edgeID":"1713027","fromID":"1303742","toID":"1303750","formEdgeID":null},{"edgeID":"1713028","fromID":"1303750","toID":"1303746","formEdgeID":null},{"edgeID":"1713029","fromID":"1303752","toID":"1303751","formEdgeID":null},{"edgeID":"1713030","fromID":"1303753","toID":"1303752","formEdgeID":null},{"edgeID":"1713031","fromID":"1303751","toID":"1303754","formEdgeID":null},{"edgeID":"1713032","fromID":"1303754","toID":"1146699","formEdgeID":null},{"edgeID":"1713033","fromID":"1146699","toID":"1303755","formEdgeID":null},{"edgeID":"1713034","fromID":"1303755","toID":"1146693","formEdgeID":null},{"edgeID":"1713035","fromID":"1303746","toID":"1303756","formEdgeID":null},{"edgeID":"1713036","fromID":"1303756","toID":"1303751","formEdgeID":null},{"edgeID":"1713037","fromID":"1303756","toID":"1303757","formEdgeID":null},{"edgeID":"1713038","fromID":"1303757","toID":"1303755","formEdgeID":null},{"edgeID":"1713039","fromID":"1303759","toID":"1303758","formEdgeID":null},{"edgeID":"1713040","fromID":"1303760","toID":"1303759","formEdgeID":null},{"edgeID":"1713041","fromID":"1303758","toID":"1303761","formEdgeID":null},{"edgeID":"1713042","fromID":"1303761","toID":"1146707","formEdgeID":null},{"edgeID":"1713043","fromID":"1303751","toID":"1303762","formEdgeID":null},{"edgeID":"1713044","fromID":"1303762","toID":"1303758","formEdgeID":null},{"edgeID":"1713045","fromID":"1303764","toID":"1303763","formEdgeID":null},{"edgeID":"1713046","fromID":"1303765","toID":"1303764","formEdgeID":null},{"edgeID":"1713047","fromID":"1303763","toID":"1303766","formEdgeID":null},{"edgeID":"1713048","fromID":"1303766","toID":"1144958","formEdgeID":null},{"edgeID":"1713049","fromID":"1303768","toID":"1303767","formEdgeID":null},{"edgeID":"1713050","fromID":"1303769","toID":"1303768","formEdgeID":null},{"edgeID":"1713051","fromID":"1303767","toID":"1303770","formEdgeID":null},{"edgeID":"1713052","fromID":"1303770","toID":"1146716","formEdgeID":null},{"edgeID":"1713053","fromID":"1303772","toID":"1303771","formEdgeID":null},{"edgeID":"1713054","fromID":"1303773","toID":"1303772","formEdgeID":null},{"edgeID":"1713055","fromID":"1303771","toID":"1303774","formEdgeID":null},{"edgeID":"1713056","fromID":"1303774","toID":"1146721","formEdgeID":null},{"edgeID":"1713057","fromID":"1303776","toID":"1303775","formEdgeID":null},{"edgeID":"1713058","fromID":"1303777","toID":"1303776","formEdgeID":null},{"edgeID":"1713059","fromID":"1303775","toID":"1303778","formEdgeID":null},{"edgeID":"1713060","fromID":"1303778","toID":"1146726","formEdgeID":null},{"edgeID":"1713061","fromID":"1303763","toID":"1303779","formEdgeID":null},{"edgeID":"1713062","fromID":"1303779","toID":"1303767","formEdgeID":null},{"edgeID":"1713063","fromID":"1303767","toID":"1303780","formEdgeID":null},{"edgeID":"1713064","fromID":"1303780","toID":"1303771","formEdgeID":null},{"edgeID":"1713065","fromID":"1146721","toID":"1303781","formEdgeID":null},{"edgeID":"1713066","fromID":"1303781","toID":"1146716","formEdgeID":null},{"edgeID":"1713067","fromID":"1303780","toID":"1303782","formEdgeID":null},{"edgeID":"1713068","fromID":"1303782","toID":"1303781","formEdgeID":null},{"edgeID":"1713069","fromID":"1146726","toID":"1303783","formEdgeID":null},{"edgeID":"1713070","fromID":"1303783","toID":"1146721","formEdgeID":null},{"edgeID":"1713071","fromID":"1303767","toID":"1303784","formEdgeID":null},{"edgeID":"1713072","fromID":"1303784","toID":"1303775","formEdgeID":null},{"edgeID":"1713073","fromID":"1303784","toID":"1303785","formEdgeID":null},{"edgeID":"1713074","fromID":"1303785","toID":"1303783","formEdgeID":null},{"edgeID":"1713075","fromID":"1303787","toID":"1303786","formEdgeID":null},{"edgeID":"1713076","fromID":"1303788","toID":"1303787","formEdgeID":null},{"edgeID":"1713077","fromID":"1303786","toID":"1303789","formEdgeID":null},{"edgeID":"1713078","fromID":"1303789","toID":"1146738","formEdgeID":null},{"edgeID":"1713079","fromID":"1303791","toID":"1303790","formEdgeID":null},{"edgeID":"1713080","fromID":"1303792","toID":"1303791","formEdgeID":null},{"edgeID":"1713081","fromID":"1303790","toID":"1303793","formEdgeID":null},{"edgeID":"1713082","fromID":"1303793","toID":"1144960","formEdgeID":null},{"edgeID":"1713083","fromID":"1303775","toID":"1303794","formEdgeID":null},{"edgeID":"1713084","fromID":"1303794","toID":"1303786","formEdgeID":null},{"edgeID":"1713085","fromID":"1303786","toID":"1303795","formEdgeID":null},{"edgeID":"1713086","fromID":"1303795","toID":"1303790","formEdgeID":null},{"edgeID":"1713087","fromID":"1303797","toID":"1303796","formEdgeID":null},{"edgeID":"1713088","fromID":"1303798","toID":"1303797","formEdgeID":null},{"edgeID":"1713089","fromID":"1303796","toID":"1303799","formEdgeID":null},{"edgeID":"1713090","fromID":"1303799","toID":"1146748","formEdgeID":null},{"edgeID":"1713091","fromID":"1303801","toID":"1303800","formEdgeID":null},{"edgeID":"1713092","fromID":"1303802","toID":"1303801","formEdgeID":null},{"edgeID":"1713093","fromID":"1303804","toID":"1303803","formEdgeID":null},{"edgeID":"1713094","fromID":"1303805","toID":"1303804","formEdgeID":null},{"edgeID":"1713095","fromID":"1303803","toID":"1303806","formEdgeID":null},{"edgeID":"1713096","fromID":"1303806","toID":"1146753","formEdgeID":null},{"edgeID":"1713097","fromID":"1303800","toID":"1303807","formEdgeID":null},{"edgeID":"1713098","fromID":"1303807","toID":"1303803","formEdgeID":null},{"edgeID":"1713099","fromID":"1303808","toID":"1303800","formEdgeID":null},{"edgeID":"1713100","fromID":"1303802","toID":"1303808","formEdgeID":null},{"edgeID":"1713101","fromID":"1303800","toID":"1303809","formEdgeID":null},{"edgeID":"1713102","fromID":"1303809","toID":"1303800","formEdgeID":null},{"edgeID":"1713103","fromID":"1303811","toID":"1303810","formEdgeID":null},{"edgeID":"1713104","fromID":"1303812","toID":"1303811","formEdgeID":null},{"edgeID":"1713105","fromID":"1303810","toID":"1303813","formEdgeID":null},{"edgeID":"1713106","fromID":"1303813","toID":"1146762","formEdgeID":null},{"edgeID":"1713107","fromID":"1303800","toID":"1303814","formEdgeID":null},{"edgeID":"1713108","fromID":"1303814","toID":"1303810","formEdgeID":null},{"edgeID":"1713109","fromID":"1146753","toID":"1303815","formEdgeID":null},{"edgeID":"1713110","fromID":"1303815","toID":"1146762","formEdgeID":null},{"edgeID":"1713111","fromID":"1303817","toID":"1303816","formEdgeID":null},{"edgeID":"1713112","fromID":"1303818","toID":"1303817","formEdgeID":null},{"edgeID":"1713113","fromID":"1303816","toID":"1303819","formEdgeID":null},{"edgeID":"1713114","fromID":"1303819","toID":"1146771","formEdgeID":null},{"edgeID":"1713115","fromID":"1303821","toID":"1303820","formEdgeID":null},{"edgeID":"1713116","fromID":"1303822","toID":"1303821","formEdgeID":null},{"edgeID":"1713117","fromID":"1303820","toID":"1303823","formEdgeID":null},{"edgeID":"1713118","fromID":"1303823","toID":"1146776","formEdgeID":null},{"edgeID":"1713119","fromID":"1146776","toID":"1303824","formEdgeID":null},{"edgeID":"1713120","fromID":"1303824","toID":"1146771","formEdgeID":null},{"edgeID":"1713121","fromID":"1303816","toID":"1303825","formEdgeID":null},{"edgeID":"1713122","fromID":"1303825","toID":"1303820","formEdgeID":null},{"edgeID":"1713123","fromID":"1303825","toID":"1303826","formEdgeID":null},{"edgeID":"1713124","fromID":"1303826","toID":"1303824","formEdgeID":null},{"edgeID":"1713125","fromID":"1144960","toID":"1303827","formEdgeID":null},{"edgeID":"1713126","fromID":"1303827","toID":"1146738","formEdgeID":null},{"edgeID":"1713127","fromID":"1303795","toID":"1303828","formEdgeID":null},{"edgeID":"1713128","fromID":"1303828","toID":"1303827","formEdgeID":null},{"edgeID":"1713129","fromID":"1146748","toID":"1303829","formEdgeID":null},{"edgeID":"1713130","fromID":"1303829","toID":"1146738","formEdgeID":null},{"edgeID":"1713131","fromID":"1303786","toID":"1303830","formEdgeID":null},{"edgeID":"1713132","fromID":"1303830","toID":"1303796","formEdgeID":null},{"edgeID":"1713133","fromID":"1303830","toID":"1303831","formEdgeID":null},{"edgeID":"1713134","fromID":"1303831","toID":"1303829","formEdgeID":null},{"edgeID":"1713135","fromID":"1146738","toID":"1303832","formEdgeID":null},{"edgeID":"1713136","fromID":"1303832","toID":"1144958","formEdgeID":null},{"edgeID":"1713137","fromID":"1303763","toID":"1303833","formEdgeID":null},{"edgeID":"1713138","fromID":"1303833","toID":"1303786","formEdgeID":null},{"edgeID":"1713139","fromID":"1303833","toID":"1303834","formEdgeID":null},{"edgeID":"1713140","fromID":"1303834","toID":"1303832","formEdgeID":null},{"edgeID":"1713141","fromID":"1303836","toID":"1303835","formEdgeID":null},{"edgeID":"1713142","fromID":"1303837","toID":"1303836","formEdgeID":null},{"edgeID":"1713143","fromID":"1303840","toID":"1303838","formEdgeID":null},{"edgeID":"1713144","fromID":"1303839","toID":"1303840","formEdgeID":null},{"edgeID":"1713145","fromID":"1303838","toID":"1303841","formEdgeID":null},{"edgeID":"1713146","fromID":"1303841","toID":"1146796","formEdgeID":null},{"edgeID":"1713147","fromID":"1303843","toID":"1303842","formEdgeID":null},{"edgeID":"1713148","fromID":"1303844","toID":"1303843","formEdgeID":null},{"edgeID":"1713149","fromID":"1303835","toID":"1303845","formEdgeID":null},{"edgeID":"1713150","fromID":"1303845","toID":"1303842","formEdgeID":null},{"edgeID":"1713151","fromID":"1303838","toID":"1303846","formEdgeID":null},{"edgeID":"1713152","fromID":"1303846","toID":"1303763","formEdgeID":null},{"edgeID":"1713153","fromID":"1303848","toID":"1303847","formEdgeID":null},{"edgeID":"1713154","fromID":"1303849","toID":"1303848","formEdgeID":null},{"edgeID":"1713155","fromID":"1303847","toID":"1303850","formEdgeID":null},{"edgeID":"1713156","fromID":"1303850","toID":"1146792","formEdgeID":null},{"edgeID":"1713157","fromID":"1303842","toID":"1303851","formEdgeID":null},{"edgeID":"1713158","fromID":"1303851","toID":"1303847","formEdgeID":null},{"edgeID":"1713159","fromID":"1303852","toID":"1303838","formEdgeID":null},{"edgeID":"1713160","fromID":"1303835","toID":"1303852","formEdgeID":null},{"edgeID":"1713161","fromID":"1303758","toID":"1303853","formEdgeID":null},{"edgeID":"1713162","fromID":"1303853","toID":"1303835","formEdgeID":null},{"edgeID":"1713163","fromID":"1303809","toID":"1303854","formEdgeID":null},{"edgeID":"1713164","fromID":"1303854","toID":"1303815","formEdgeID":null},{"edgeID":"1713165","fromID":"1303856","toID":"1303855","formEdgeID":null},{"edgeID":"1713166","fromID":"1303857","toID":"1303856","formEdgeID":null},{"edgeID":"1713167","fromID":"1303855","toID":"1303858","formEdgeID":null},{"edgeID":"1713168","fromID":"1303858","toID":"1146814","formEdgeID":null},{"edgeID":"1713169","fromID":"1303763","toID":"1303859","formEdgeID":null},{"edgeID":"1713170","fromID":"1303859","toID":"1303855","formEdgeID":null},{"edgeID":"1713171","fromID":"1146814","toID":"1303860","formEdgeID":null},{"edgeID":"1713172","fromID":"1303860","toID":"1144958","formEdgeID":null},{"edgeID":"1713173","fromID":"1303859","toID":"1303861","formEdgeID":null},{"edgeID":"1713174","fromID":"1303861","toID":"1303860","formEdgeID":null},{"edgeID":"1713175","fromID":"1303863","toID":"1303862","formEdgeID":null},{"edgeID":"1713176","fromID":"1303864","toID":"1303863","formEdgeID":null},{"edgeID":"1713177","fromID":"1303862","toID":"1303865","formEdgeID":null},{"edgeID":"1713178","fromID":"1303865","toID":"1144962","formEdgeID":null},{"edgeID":"1713179","fromID":"1303800","toID":"1303866","formEdgeID":null},{"edgeID":"1713180","fromID":"1303866","toID":"1303862","formEdgeID":null},{"edgeID":"1713181","fromID":"1303868","toID":"1303867","formEdgeID":null},{"edgeID":"1713182","fromID":"1303869","toID":"1303868","formEdgeID":null},{"edgeID":"1713183","fromID":"1303867","toID":"1303870","formEdgeID":null},{"edgeID":"1713184","fromID":"1303870","toID":"1146826","formEdgeID":null},{"edgeID":"1713185","fromID":"1303862","toID":"1303871","formEdgeID":null},{"edgeID":"1713186","fromID":"1303871","toID":"1303867","formEdgeID":null},{"edgeID":"1713187","fromID":"1303867","toID":"1303872","formEdgeID":null},{"edgeID":"1713188","fromID":"1303872","toID":"1303816","formEdgeID":null},{"edgeID":"1713189","fromID":"1144962","toID":"1303873","formEdgeID":null},{"edgeID":"1713190","fromID":"1303873","toID":"1146707","formEdgeID":null},{"edgeID":"1713191","fromID":"1303758","toID":"1303874","formEdgeID":null},{"edgeID":"1713192","fromID":"1303874","toID":"1303862","formEdgeID":null},{"edgeID":"1713193","fromID":"1303874","toID":"1303875","formEdgeID":null},{"edgeID":"1713194","fromID":"1303875","toID":"1303873","formEdgeID":null},{"edgeID":"1713195","fromID":"1146826","toID":"1303876","formEdgeID":null},{"edgeID":"1713196","fromID":"1303876","toID":"1146699","formEdgeID":null},{"edgeID":"1713197","fromID":"1303751","toID":"1303877","formEdgeID":null},{"edgeID":"1713198","fromID":"1303877","toID":"1303867","formEdgeID":null},{"edgeID":"1713199","fromID":"1303877","toID":"1303878","formEdgeID":null},{"edgeID":"1713200","fromID":"1303878","toID":"1303876","formEdgeID":null}],"locutions":[]}