{"nodes":[{"nodeID":"1300718","text":"Ian Blackford would appeal to Tory MPs to recognise that the Chancellor has got to change course","type":"I","timestamp":"2023-11-09 12:56:22"},{"nodeID":"1300719","text":"Ian Blackford: I would appeal to Tory MPs to recognise that the Chancellor has got to change course","type":"L","timestamp":"2023-11-09 12:56:22"},{"nodeID":"1300720","text":"Analysing","type":"YA","timestamp":"2023-11-09 12:56:22"},{"nodeID":"1300721","text":"Joanna: Ian Blackford: I would appeal to Tory MPs to recognise that the Chancellor has got to change course","type":"L","timestamp":"2023-11-09 12:56:22"},{"nodeID":"1300722","text":"Asserting","type":"YA","timestamp":"2023-11-09 12:56:22"},{"nodeID":"1300723","text":"there is no point the Chancellor saying there is a loan coming later this year","type":"I","timestamp":"2023-11-09 12:56:23"},{"nodeID":"1300724","text":"Ian Blackford: There is no point the Chancellor saying there is a loan coming later this year","type":"L","timestamp":"2023-11-09 12:56:23"},{"nodeID":"1300725","text":"Analysing","type":"YA","timestamp":"2023-11-09 12:56:23"},{"nodeID":"1300726","text":"Joanna: Ian Blackford: There is no point the Chancellor saying there is a loan coming later this year","type":"L","timestamp":"2023-11-09 12:56:23"},{"nodeID":"1300727","text":"Asserting","type":"YA","timestamp":"2023-11-09 12:56:23"},{"nodeID":"1300728","text":"Default Transition","type":"TA","timestamp":"2023-11-09 12:56:23"},{"nodeID":"1300729","text":"Default Inference","type":"RA","timestamp":"2023-11-09 12:56:23"},{"nodeID":"1300730","text":"Arguing","type":"YA","timestamp":"2023-11-09 12:56:23"},{"nodeID":"1300731","text":"people need the loan today and they need cash in their pockets","type":"I","timestamp":"2023-11-09 12:56:24"},{"nodeID":"1300732","text":"Ian Blackford: people need it today and they need cash in their pockets","type":"L","timestamp":"2023-11-09 12:56:24"},{"nodeID":"1300733","text":"Analysing","type":"YA","timestamp":"2023-11-09 12:56:24"},{"nodeID":"1300734","text":"Joanna: Ian Blackford: people need it today and they need cash in their pockets","type":"L","timestamp":"2023-11-09 12:56:24"},{"nodeID":"1300735","text":"Asserting","type":"YA","timestamp":"2023-11-09 12:56:24"},{"nodeID":"1300736","text":"Default Transition","type":"TA","timestamp":"2023-11-09 12:56:24"},{"nodeID":"1300737","text":"Default Inference","type":"RA","timestamp":"2023-11-09 12:56:24"},{"nodeID":"1300738","text":"Arguing","type":"YA","timestamp":"2023-11-09 12:56:24"},{"nodeID":"1300739","text":"learn some of the lessons from what we've done in Scotland","type":"I","timestamp":"2023-11-09 12:56:24"},{"nodeID":"1300740","text":"Ian Blackford:  learn some of the lessons from what we've done in Scotland","type":"L","timestamp":"2023-11-09 12:56:24"},{"nodeID":"1300741","text":"Analysing","type":"YA","timestamp":"2023-11-09 12:56:24"},{"nodeID":"1300742","text":"Joanna: Ian Blackford:  learn some of the lessons from what we've done in Scotland","type":"L","timestamp":"2023-11-09 12:56:24"},{"nodeID":"1300743","text":"Asserting","type":"YA","timestamp":"2023-11-09 12:56:24"},{"nodeID":"1300744","text":"Default Transition","type":"TA","timestamp":"2023-11-09 12:56:24"},{"nodeID":"1300745","text":"it's the poorest that are paying the brunt of the course of the Chancellor","type":"I","timestamp":"2023-11-09 12:56:25"},{"nodeID":"1300746","text":"Ian Blackford: it's the poorest that are paying the brunt of this","type":"L","timestamp":"2023-11-09 12:56:25"},{"nodeID":"1300747","text":"Analysing","type":"YA","timestamp":"2023-11-09 12:56:25"},{"nodeID":"1300748","text":"Joanna: Ian Blackford: it's the poorest that are paying the brunt of this","type":"L","timestamp":"2023-11-09 12:56:25"},{"nodeID":"1300749","text":"Asserting","type":"YA","timestamp":"2023-11-09 12:56:25"},{"nodeID":"1300750","text":"Default Transition","type":"TA","timestamp":"2023-11-09 12:56:25"},{"nodeID":"1300751","text":"Default Inference","type":"RA","timestamp":"2023-11-09 12:56:25"},{"nodeID":"1300752","text":"Default Transition","type":"TA","timestamp":"2023-11-09 12:56:25"},{"nodeID":"1300753","text":"Arguing","type":"YA","timestamp":"2023-11-09 12:56:25"},{"nodeID":"1300754","text":"we've increased social security spending where we have control of our spending by six per cent in Scotland","type":"I","timestamp":"2023-11-09 12:56:25"},{"nodeID":"1300755","text":"Ian Blackford: We've increased social security spending where we have control of our spending by six per cent in Scotland","type":"L","timestamp":"2023-11-09 12:56:25"},{"nodeID":"1300756","text":"Analysing","type":"YA","timestamp":"2023-11-09 12:56:25"},{"nodeID":"1300757","text":"Joanna: Ian Blackford: We've increased social security spending where we have control of our spending by six per cent in Scotland","type":"L","timestamp":"2023-11-09 12:56:25"},{"nodeID":"1300758","text":"Asserting","type":"YA","timestamp":"2023-11-09 12:56:25"},{"nodeID":"1300759","text":"Default Transition","type":"TA","timestamp":"2023-11-09 12:56:25"},{"nodeID":"1300760","text":"Default Rephrase","type":"MA","timestamp":"2023-11-09 12:56:25"},{"nodeID":"1300761","text":"Default Transition","type":"TA","timestamp":"2023-11-09 12:56:25"},{"nodeID":"1300762","text":"Restating","type":"YA","timestamp":"2023-11-09 12:56:25"},{"nodeID":"1300763","text":"you contrast that to the \u00a320 a week cut to Universal Credit","type":"I","timestamp":"2023-11-09 12:56:26"},{"nodeID":"1300764","text":"Ian Blackford: you contrast that to the \u00a320 a week cut to Universal Credit","type":"L","timestamp":"2023-11-09 12:56:26"},{"nodeID":"1300765","text":"Analysing","type":"YA","timestamp":"2023-11-09 12:56:26"},{"nodeID":"1300766","text":"Joanna: Ian Blackford: you contrast that to the \u00a320 a week cut to Universal Credit","type":"L","timestamp":"2023-11-09 12:56:26"},{"nodeID":"1300767","text":"Asserting","type":"YA","timestamp":"2023-11-09 12:56:26"},{"nodeID":"1300768","text":"Default Transition","type":"TA","timestamp":"2023-11-09 12:56:26"},{"nodeID":"1300769","text":"Default Conflict","type":"CA","timestamp":"2023-11-09 12:56:26"},{"nodeID":"1300770","text":"Disagreeing","type":"YA","timestamp":"2023-11-09 12:56:26"},{"nodeID":"1300771","text":"people are going to have to make difficult choices of heating or eating","type":"I","timestamp":"2023-11-09 12:56:26"},{"nodeID":"1300772","text":"Ian Blackford: People are going to have to make difficult choices of heating or eating","type":"L","timestamp":"2023-11-09 12:56:26"},{"nodeID":"1300773","text":"Analysing","type":"YA","timestamp":"2023-11-09 12:56:26"},{"nodeID":"1300774","text":"Joanna: Ian Blackford: People are going to have to make difficult choices of heating or eating","type":"L","timestamp":"2023-11-09 12:56:26"},{"nodeID":"1300775","text":"Asserting","type":"YA","timestamp":"2023-11-09 12:56:26"},{"nodeID":"1300776","text":"Default Transition","type":"TA","timestamp":"2023-11-09 12:56:26"},{"nodeID":"1300777","text":"Default Rephrase","type":"MA","timestamp":"2023-11-09 12:56:26"},{"nodeID":"1300778","text":"Default Transition","type":"TA","timestamp":"2023-11-09 12:56:26"},{"nodeID":"1300779","text":"Restating","type":"YA","timestamp":"2023-11-09 12:56:26"},{"nodeID":"1300780","text":"you talk about food banks","type":"I","timestamp":"2023-11-09 12:56:27"},{"nodeID":"1300781","text":"Ian Blackford: you talk about food banks","type":"L","timestamp":"2023-11-09 12:56:27"},{"nodeID":"1300782","text":"Analysing","type":"YA","timestamp":"2023-11-09 12:56:27"},{"nodeID":"1300783","text":"Joanna: Ian Blackford: you talk about food banks","type":"L","timestamp":"2023-11-09 12:56:27"},{"nodeID":"1300784","text":"Asserting","type":"YA","timestamp":"2023-11-09 12:56:27"},{"nodeID":"1300785","text":"Default Transition","type":"TA","timestamp":"2023-11-09 12:56:27"},{"nodeID":"1300786","text":"we know that people are going to food banks","type":"I","timestamp":"2023-11-09 12:56:28"},{"nodeID":"1300787","text":"Ian Blackford: we know that people are going to food banks","type":"L","timestamp":"2023-11-09 12:56:28"},{"nodeID":"1300788","text":"Analysing","type":"YA","timestamp":"2023-11-09 12:56:28"},{"nodeID":"1300789","text":"Joanna: Ian Blackford: we know that people are going to food banks","type":"L","timestamp":"2023-11-09 12:56:28"},{"nodeID":"1300790","text":"Disagreeing","type":"YA","timestamp":"2023-11-09 12:56:28"},{"nodeID":"1300791","text":"Default Transition","type":"TA","timestamp":"2023-11-09 12:56:28"},{"nodeID":"1300792","text":"Default Conflict","type":"CA","timestamp":"2023-11-09 12:56:28"},{"nodeID":"1300793","text":"Disagreeing","type":"YA","timestamp":"2023-11-09 12:56:28"},{"nodeID":"1300794","text":"give us cold food that we can eat, because even if you give us food from that food bank we don't have the necessary funds in order to cook","type":"I","timestamp":"2023-11-09 12:56:28"},{"nodeID":"1300795","text":"Ian Blackford: saying give us cold food that we can eat, because even if you give us food from that food bank we don't have the necessary funds in order to cook","type":"L","timestamp":"2023-11-09 12:56:28"},{"nodeID":"1300796","text":"Analysing","type":"YA","timestamp":"2023-11-09 12:56:28"},{"nodeID":"1300797","text":"Joanna: Ian Blackford: saying give us cold food that we can eat, because even if you give us food from that food bank we don't have the necessary funds in order to cook","type":"L","timestamp":"2023-11-09 12:56:28"},{"nodeID":"1300798","text":"Default Transition","type":"TA","timestamp":"2023-11-09 12:56:28"},{"nodeID":"1300799","text":"The People: give us cold food that we can eat, because even if you give us food from that food bank we don't have the necessary funds in order to cook","type":"L","timestamp":"2023-11-09 12:56:28"},{"nodeID":"1300800","text":"Analysing","type":"YA","timestamp":"2023-11-09 12:56:28"},{"nodeID":"1300801","text":"Joanna: The People: saying give us cold food that we can eat, because even if you give us food from that food bank we don't have the necessary funds in order to cook","type":"L","timestamp":"2023-11-09 12:56:28"},{"nodeID":"1300802","text":"Asserting","type":"YA","timestamp":"2023-11-09 12:56:28"},{"nodeID":"1300803","text":"Asserting","type":"YA","timestamp":"2023-11-09 12:56:28"},{"nodeID":"1300804","text":"Default Inference","type":"RA","timestamp":"2023-11-09 12:56:28"},{"nodeID":"1300805","text":"Arguing","type":"YA","timestamp":"2023-11-09 12:56:28"},{"nodeID":"1300806","text":"people having to make choices between heating or eating is as big a social crisis that we have faced for decades","type":"I","timestamp":"2023-11-09 12:56:29"},{"nodeID":"1300807","text":"Ian Blackford:  This is as big a social crisis that we have faced for decades","type":"L","timestamp":"2023-11-09 12:56:29"},{"nodeID":"1300808","text":"Analysing","type":"YA","timestamp":"2023-11-09 12:56:29"},{"nodeID":"1300809","text":"Joanna: Ian Blackford:  This is as big a social crisis that we have faced for decades","type":"L","timestamp":"2023-11-09 12:56:29"},{"nodeID":"1300810","text":"Asserting","type":"YA","timestamp":"2023-11-09 12:56:29"},{"nodeID":"1300811","text":"Default Transition","type":"TA","timestamp":"2023-11-09 12:56:29"},{"nodeID":"1300812","text":"Default Rephrase","type":"MA","timestamp":"2023-11-09 12:56:29"},{"nodeID":"1300813","text":"Default Transition","type":"TA","timestamp":"2023-11-09 12:56:29"},{"nodeID":"1300814","text":"Restating","type":"YA","timestamp":"2023-11-09 12:56:29"},{"nodeID":"1300815","text":"Default Inference","type":"RA","timestamp":"2023-11-09 12:56:29"},{"nodeID":"1300816","text":"Default Transition","type":"TA","timestamp":"2023-11-09 12:56:29"},{"nodeID":"1300817","text":"Arguing","type":"YA","timestamp":"2023-11-09 12:56:29"},{"nodeID":"1300818","text":"the Government has got to recognise, not later, not six months away, right now, the Government has got to put cash in people's pockets","type":"I","timestamp":"2023-11-09 12:56:29"},{"nodeID":"1300819","text":"Ian Blackford: the Government has got to recognise, not later, not six months away, right now, the Government has got to put cash in people's pockets","type":"L","timestamp":"2023-11-09 12:56:29"},{"nodeID":"1300820","text":"Analysing","type":"YA","timestamp":"2023-11-09 12:56:29"},{"nodeID":"1300821","text":"Joanna: Ian Blackford: the Government has got to recognise, not later, not six months away, right now, the Government has got to put cash in people's pockets","type":"L","timestamp":"2023-11-09 12:56:29"},{"nodeID":"1300822","text":"Asserting","type":"YA","timestamp":"2023-11-09 12:56:29"},{"nodeID":"1300823","text":"Default Transition","type":"TA","timestamp":"2023-11-09 12:56:29"},{"nodeID":"1300824","text":"Default Inference","type":"RA","timestamp":"2023-11-09 12:56:29"},{"nodeID":"1300825","text":"Arguing","type":"YA","timestamp":"2023-11-09 12:56:29"},{"nodeID":"1300826","text":"Default Rephrase","type":"MA","timestamp":"2023-11-09 12:56:29"},{"nodeID":"1300827","text":"Default Transition","type":"TA","timestamp":"2023-11-09 12:56:29"},{"nodeID":"1300828","text":"Restating","type":"YA","timestamp":"2023-11-09 12:56:29"}],"edges":[{"edgeID":"1709194","fromID":"1300720","toID":"1300719","formEdgeID":null},{"edgeID":"1709195","fromID":"1300721","toID":"1300720","formEdgeID":null},{"edgeID":"1709196","fromID":"1300719","toID":"1300722","formEdgeID":null},{"edgeID":"1709197","fromID":"1300722","toID":"1300718","formEdgeID":null},{"edgeID":"1709198","fromID":"1300725","toID":"1300724","formEdgeID":null},{"edgeID":"1709199","fromID":"1300726","toID":"1300725","formEdgeID":null},{"edgeID":"1709200","fromID":"1300724","toID":"1300727","formEdgeID":null},{"edgeID":"1709201","fromID":"1300727","toID":"1300723","formEdgeID":null},{"edgeID":"1709202","fromID":"1300719","toID":"1300728","formEdgeID":null},{"edgeID":"1709203","fromID":"1300728","toID":"1300724","formEdgeID":null},{"edgeID":"1709204","fromID":"1300723","toID":"1300729","formEdgeID":null},{"edgeID":"1709205","fromID":"1300729","toID":"1300718","formEdgeID":null},{"edgeID":"1709206","fromID":"1300728","toID":"1300730","formEdgeID":null},{"edgeID":"1709207","fromID":"1300730","toID":"1300729","formEdgeID":null},{"edgeID":"1709208","fromID":"1300733","toID":"1300732","formEdgeID":null},{"edgeID":"1709209","fromID":"1300734","toID":"1300733","formEdgeID":null},{"edgeID":"1709210","fromID":"1300732","toID":"1300735","formEdgeID":null},{"edgeID":"1709211","fromID":"1300735","toID":"1300731","formEdgeID":null},{"edgeID":"1709212","fromID":"1300724","toID":"1300736","formEdgeID":null},{"edgeID":"1709213","fromID":"1300736","toID":"1300732","formEdgeID":null},{"edgeID":"1709214","fromID":"1300731","toID":"1300737","formEdgeID":null},{"edgeID":"1709215","fromID":"1300737","toID":"1300723","formEdgeID":null},{"edgeID":"1709216","fromID":"1300736","toID":"1300738","formEdgeID":null},{"edgeID":"1709217","fromID":"1300738","toID":"1300737","formEdgeID":null},{"edgeID":"1709218","fromID":"1300741","toID":"1300740","formEdgeID":null},{"edgeID":"1709219","fromID":"1300742","toID":"1300741","formEdgeID":null},{"edgeID":"1709220","fromID":"1300740","toID":"1300743","formEdgeID":null},{"edgeID":"1709221","fromID":"1300743","toID":"1300739","formEdgeID":null},{"edgeID":"1709222","fromID":"1300732","toID":"1300744","formEdgeID":null},{"edgeID":"1709223","fromID":"1300744","toID":"1300740","formEdgeID":null},{"edgeID":"1709224","fromID":"1300747","toID":"1300746","formEdgeID":null},{"edgeID":"1709225","fromID":"1300748","toID":"1300747","formEdgeID":null},{"edgeID":"1709226","fromID":"1300746","toID":"1300749","formEdgeID":null},{"edgeID":"1709227","fromID":"1300749","toID":"1300745","formEdgeID":null},{"edgeID":"1709228","fromID":"1300740","toID":"1300750","formEdgeID":null},{"edgeID":"1709229","fromID":"1300750","toID":"1300746","formEdgeID":null},{"edgeID":"1709230","fromID":"1300745","toID":"1300751","formEdgeID":null},{"edgeID":"1709231","fromID":"1300751","toID":"1300718","formEdgeID":null},{"edgeID":"1709232","fromID":"1300719","toID":"1300752","formEdgeID":null},{"edgeID":"1709233","fromID":"1300752","toID":"1300746","formEdgeID":null},{"edgeID":"1709234","fromID":"1300752","toID":"1300753","formEdgeID":null},{"edgeID":"1709235","fromID":"1300753","toID":"1300751","formEdgeID":null},{"edgeID":"1709236","fromID":"1300756","toID":"1300755","formEdgeID":null},{"edgeID":"1709237","fromID":"1300757","toID":"1300756","formEdgeID":null},{"edgeID":"1709238","fromID":"1300755","toID":"1300758","formEdgeID":null},{"edgeID":"1709239","fromID":"1300758","toID":"1300754","formEdgeID":null},{"edgeID":"1709240","fromID":"1300746","toID":"1300759","formEdgeID":null},{"edgeID":"1709241","fromID":"1300759","toID":"1300755","formEdgeID":null},{"edgeID":"1709242","fromID":"1300754","toID":"1300760","formEdgeID":null},{"edgeID":"1709243","fromID":"1300760","toID":"1300739","formEdgeID":null},{"edgeID":"1709244","fromID":"1300740","toID":"1300761","formEdgeID":null},{"edgeID":"1709245","fromID":"1300761","toID":"1300755","formEdgeID":null},{"edgeID":"1709246","fromID":"1300761","toID":"1300762","formEdgeID":null},{"edgeID":"1709247","fromID":"1300762","toID":"1300760","formEdgeID":null},{"edgeID":"1709248","fromID":"1300765","toID":"1300764","formEdgeID":null},{"edgeID":"1709249","fromID":"1300766","toID":"1300765","formEdgeID":null},{"edgeID":"1709250","fromID":"1300764","toID":"1300767","formEdgeID":null},{"edgeID":"1709251","fromID":"1300767","toID":"1300763","formEdgeID":null},{"edgeID":"1709252","fromID":"1300755","toID":"1300768","formEdgeID":null},{"edgeID":"1709253","fromID":"1300768","toID":"1300764","formEdgeID":null},{"edgeID":"1709254","fromID":"1300763","toID":"1300769","formEdgeID":null},{"edgeID":"1709255","fromID":"1300769","toID":"1300754","formEdgeID":null},{"edgeID":"1709256","fromID":"1300768","toID":"1300770","formEdgeID":null},{"edgeID":"1709257","fromID":"1300770","toID":"1300769","formEdgeID":null},{"edgeID":"1709258","fromID":"1300773","toID":"1300772","formEdgeID":null},{"edgeID":"1709259","fromID":"1300774","toID":"1300773","formEdgeID":null},{"edgeID":"1709260","fromID":"1300772","toID":"1300775","formEdgeID":null},{"edgeID":"1709261","fromID":"1300775","toID":"1300771","formEdgeID":null},{"edgeID":"1709262","fromID":"1300764","toID":"1300776","formEdgeID":null},{"edgeID":"1709263","fromID":"1300776","toID":"1300772","formEdgeID":null},{"edgeID":"1709264","fromID":"1300771","toID":"1300777","formEdgeID":null},{"edgeID":"1709265","fromID":"1300777","toID":"1300745","formEdgeID":null},{"edgeID":"1709266","fromID":"1300746","toID":"1300778","formEdgeID":null},{"edgeID":"1709267","fromID":"1300778","toID":"1300772","formEdgeID":null},{"edgeID":"1709268","fromID":"1300778","toID":"1300779","formEdgeID":null},{"edgeID":"1709269","fromID":"1300779","toID":"1300777","formEdgeID":null},{"edgeID":"1709270","fromID":"1300782","toID":"1300781","formEdgeID":null},{"edgeID":"1709271","fromID":"1300783","toID":"1300782","formEdgeID":null},{"edgeID":"1709272","fromID":"1300781","toID":"1300784","formEdgeID":null},{"edgeID":"1709273","fromID":"1300784","toID":"1300780","formEdgeID":null},{"edgeID":"1709274","fromID":"1300772","toID":"1300785","formEdgeID":null},{"edgeID":"1709275","fromID":"1300785","toID":"1300781","formEdgeID":null},{"edgeID":"1709276","fromID":"1300788","toID":"1300787","formEdgeID":null},{"edgeID":"1709277","fromID":"1300789","toID":"1300788","formEdgeID":null},{"edgeID":"1709278","fromID":"1300787","toID":"1300790","formEdgeID":null},{"edgeID":"1709279","fromID":"1300790","toID":"1300786","formEdgeID":null},{"edgeID":"1709280","fromID":"1300781","toID":"1300791","formEdgeID":null},{"edgeID":"1709281","fromID":"1300791","toID":"1300787","formEdgeID":null},{"edgeID":"1709282","fromID":"1300786","toID":"1300792","formEdgeID":null},{"edgeID":"1709283","fromID":"1300792","toID":"1300780","formEdgeID":null},{"edgeID":"1709284","fromID":"1300791","toID":"1300793","formEdgeID":null},{"edgeID":"1709285","fromID":"1300793","toID":"1300792","formEdgeID":null},{"edgeID":"1709286","fromID":"1300796","toID":"1300795","formEdgeID":null},{"edgeID":"1709287","fromID":"1300797","toID":"1300796","formEdgeID":null},{"edgeID":"1709288","fromID":"1300787","toID":"1300798","formEdgeID":null},{"edgeID":"1709289","fromID":"1300798","toID":"1300795","formEdgeID":null},{"edgeID":"1709290","fromID":"1300800","toID":"1300799","formEdgeID":null},{"edgeID":"1709291","fromID":"1300801","toID":"1300800","formEdgeID":null},{"edgeID":"1709292","fromID":"1300799","toID":"1300802","formEdgeID":null},{"edgeID":"1709293","fromID":"1300802","toID":"1300794","formEdgeID":null},{"edgeID":"1709294","fromID":"1300795","toID":"1300803","formEdgeID":null},{"edgeID":"1709295","fromID":"1300803","toID":"1300799","formEdgeID":null},{"edgeID":"1709296","fromID":"1300794","toID":"1300804","formEdgeID":null},{"edgeID":"1709297","fromID":"1300804","toID":"1300786","formEdgeID":null},{"edgeID":"1709298","fromID":"1300798","toID":"1300805","formEdgeID":null},{"edgeID":"1709299","fromID":"1300805","toID":"1300804","formEdgeID":null},{"edgeID":"1709300","fromID":"1300808","toID":"1300807","formEdgeID":null},{"edgeID":"1709301","fromID":"1300809","toID":"1300808","formEdgeID":null},{"edgeID":"1709302","fromID":"1300807","toID":"1300810","formEdgeID":null},{"edgeID":"1709303","fromID":"1300810","toID":"1300806","formEdgeID":null},{"edgeID":"1709304","fromID":"1300795","toID":"1300811","formEdgeID":null},{"edgeID":"1709305","fromID":"1300811","toID":"1300807","formEdgeID":null},{"edgeID":"1709306","fromID":"1300794","toID":"1300812","formEdgeID":null},{"edgeID":"1709307","fromID":"1300812","toID":"1300771","formEdgeID":null},{"edgeID":"1709308","fromID":"1300772","toID":"1300813","formEdgeID":null},{"edgeID":"1709309","fromID":"1300813","toID":"1300795","formEdgeID":null},{"edgeID":"1709310","fromID":"1300813","toID":"1300814","formEdgeID":null},{"edgeID":"1709311","fromID":"1300814","toID":"1300812","formEdgeID":null},{"edgeID":"1709312","fromID":"1300771","toID":"1300815","formEdgeID":null},{"edgeID":"1709313","fromID":"1300815","toID":"1300806","formEdgeID":null},{"edgeID":"1709314","fromID":"1300772","toID":"1300816","formEdgeID":null},{"edgeID":"1709315","fromID":"1300816","toID":"1300807","formEdgeID":null},{"edgeID":"1709316","fromID":"1300816","toID":"1300817","formEdgeID":null},{"edgeID":"1709317","fromID":"1300817","toID":"1300815","formEdgeID":null},{"edgeID":"1709318","fromID":"1300820","toID":"1300819","formEdgeID":null},{"edgeID":"1709319","fromID":"1300821","toID":"1300820","formEdgeID":null},{"edgeID":"1709320","fromID":"1300819","toID":"1300822","formEdgeID":null},{"edgeID":"1709321","fromID":"1300822","toID":"1300818","formEdgeID":null},{"edgeID":"1709322","fromID":"1300807","toID":"1300823","formEdgeID":null},{"edgeID":"1709323","fromID":"1300823","toID":"1300819","formEdgeID":null},{"edgeID":"1709324","fromID":"1300806","toID":"1300824","formEdgeID":null},{"edgeID":"1709325","fromID":"1300824","toID":"1300818","formEdgeID":null},{"edgeID":"1709326","fromID":"1300823","toID":"1300825","formEdgeID":null},{"edgeID":"1709327","fromID":"1300825","toID":"1300824","formEdgeID":null},{"edgeID":"1709328","fromID":"1300818","toID":"1300826","formEdgeID":null},{"edgeID":"1709329","fromID":"1300826","toID":"1300718","formEdgeID":null},{"edgeID":"1709330","fromID":"1300719","toID":"1300827","formEdgeID":null},{"edgeID":"1709331","fromID":"1300827","toID":"1300819","formEdgeID":null},{"edgeID":"1709332","fromID":"1300827","toID":"1300828","formEdgeID":null},{"edgeID":"1709333","fromID":"1300828","toID":"1300826","formEdgeID":null}],"locutions":[]}