{"nodes":[{"nodeID":"1299571","text":"what the Chancellor is doing is bringing that down to 2.2 per cent","type":"I","timestamp":"2023-11-09 12:54:47"},{"nodeID":"1299572","text":"Zanny Minton Beddoes:  What the Chancellor is doing is bringing that down to 2.2 per cent","type":"L","timestamp":"2023-11-09 12:54:47"},{"nodeID":"1299573","text":"Analysing","type":"YA","timestamp":"2023-11-09 12:54:47"},{"nodeID":"1299574","text":"Anna : Zanny Minton Beddoes:  What the Chancellor is doing is bringing that down to 2.2 per cent","type":"L","timestamp":"2023-11-09 12:54:47"},{"nodeID":"1299575","text":"Asserting","type":"YA","timestamp":"2023-11-09 12:54:47"},{"nodeID":"1299576","text":"a little bit of it has been helped","type":"I","timestamp":"2023-11-09 12:54:48"},{"nodeID":"1299577","text":"Zanny Minton Beddoes: So a little bit of it has been helped","type":"L","timestamp":"2023-11-09 12:54:48"},{"nodeID":"1299578","text":"Analysing","type":"YA","timestamp":"2023-11-09 12:54:48"},{"nodeID":"1299579","text":"Anna : Zanny Minton Beddoes: So a little bit of it has been helped","type":"L","timestamp":"2023-11-09 12:54:48"},{"nodeID":"1299580","text":"Asserting","type":"YA","timestamp":"2023-11-09 12:54:48"},{"nodeID":"1299581","text":"it hasn't really helped that much","type":"I","timestamp":"2023-11-09 12:54:49"},{"nodeID":"1299582","text":"Zanny Minton Beddoes: But really not that much","type":"L","timestamp":"2023-11-09 12:54:49"},{"nodeID":"1299583","text":"Analysing","type":"YA","timestamp":"2023-11-09 12:54:49"},{"nodeID":"1299584","text":"Anna : Zanny Minton Beddoes: But really not that much","type":"L","timestamp":"2023-11-09 12:54:49"},{"nodeID":"1299585","text":"Asserting","type":"YA","timestamp":"2023-11-09 12:54:49"},{"nodeID":"1299586","text":"that's been weighted disproportionately to higher income people","type":"I","timestamp":"2023-11-09 12:54:49"},{"nodeID":"1299587","text":"Zanny Minton Beddoes:  And that's been weighted disproportionately to higher income people","type":"L","timestamp":"2023-11-09 12:54:49"},{"nodeID":"1299588","text":"Analysing","type":"YA","timestamp":"2023-11-09 12:54:49"},{"nodeID":"1299589","text":"Anna : Zanny Minton Beddoes:  And that's been weighted disproportionately to higher income people","type":"L","timestamp":"2023-11-09 12:54:49"},{"nodeID":"1299590","text":"Asserting","type":"YA","timestamp":"2023-11-09 12:54:49"},{"nodeID":"1299591","text":"the bottom line is the Chancellor is not doing as much as he could do","type":"I","timestamp":"2023-11-09 12:54:50"},{"nodeID":"1299592","text":"Zanny Minton Beddoes: So I think the bottom line is the Chancellor is not doing as much as he could do","type":"L","timestamp":"2023-11-09 12:54:50"},{"nodeID":"1299593","text":"Analysing","type":"YA","timestamp":"2023-11-09 12:54:50"},{"nodeID":"1299594","text":"Anna : Zanny Minton Beddoes: So I think the bottom line is the Chancellor is not doing as much as he could do","type":"L","timestamp":"2023-11-09 12:54:50"},{"nodeID":"1299595","text":"Asserting","type":"YA","timestamp":"2023-11-09 12:54:50"},{"nodeID":"1299596","text":"the Chancellor is not doing very much for those at the bottom","type":"I","timestamp":"2023-11-09 12:54:51"},{"nodeID":"1299597","text":"Zanny Minton Beddoes: and he's not doing very much for those at the bottom","type":"L","timestamp":"2023-11-09 12:54:51"},{"nodeID":"1299598","text":"Analysing","type":"YA","timestamp":"2023-11-09 12:54:51"},{"nodeID":"1299599","text":"Anna : Zanny Minton Beddoes: and he's not doing very much for those at the bottom","type":"L","timestamp":"2023-11-09 12:54:51"},{"nodeID":"1299600","text":"Asserting","type":"YA","timestamp":"2023-11-09 12:54:51"},{"nodeID":"1299601","text":"that's just the facts","type":"I","timestamp":"2023-11-09 12:54:51"},{"nodeID":"1299602","text":"Zanny Minton Beddoes: and that's just the facts","type":"L","timestamp":"2023-11-09 12:54:51"},{"nodeID":"1299603","text":"Analysing","type":"YA","timestamp":"2023-11-09 12:54:51"},{"nodeID":"1299604","text":"Anna : Zanny Minton Beddoes: and that's just the facts","type":"L","timestamp":"2023-11-09 12:54:51"},{"nodeID":"1299605","text":"Asserting","type":"YA","timestamp":"2023-11-09 12:54:51"},{"nodeID":"1299606","text":"Default Transition","type":"TA","timestamp":"2023-11-09 12:54:51"},{"nodeID":"1299607","text":"Default Transition","type":"TA","timestamp":"2023-11-09 12:54:51"},{"nodeID":"1299608","text":"Default Conflict","type":"CA","timestamp":"2023-11-09 12:54:51"},{"nodeID":"1299609","text":"Disagreeing","type":"YA","timestamp":"2023-11-09 12:54:51"},{"nodeID":"1299610","text":"Default Transition","type":"TA","timestamp":"2023-11-09 12:54:51"},{"nodeID":"1299611","text":"Default Rephrase","type":"MA","timestamp":"2023-11-09 12:54:51"},{"nodeID":"1299612","text":"Default Transition","type":"TA","timestamp":"2023-11-09 12:54:51"},{"nodeID":"1299613","text":"Restating","type":"YA","timestamp":"2023-11-09 12:54:51"},{"nodeID":"1299614","text":"Default Transition","type":"TA","timestamp":"2023-11-09 12:54:51"},{"nodeID":"1299615","text":"Default Conflict","type":"CA","timestamp":"2023-11-09 12:54:51"},{"nodeID":"1299616","text":"Default Transition","type":"TA","timestamp":"2023-11-09 12:54:51"},{"nodeID":"1299617","text":"Disagreeing","type":"YA","timestamp":"2023-11-09 12:54:51"},{"nodeID":"1299618","text":"Default Inference","type":"RA","timestamp":"2023-11-09 12:54:51"},{"nodeID":"1299619","text":"Default Transition","type":"TA","timestamp":"2023-11-09 12:54:51"},{"nodeID":"1299620","text":"Arguing","type":"YA","timestamp":"2023-11-09 12:54:51"},{"nodeID":"1299621","text":"Default Inference","type":"RA","timestamp":"2023-11-09 12:54:51"},{"nodeID":"1299622","text":"Arguing","type":"YA","timestamp":"2023-11-09 12:54:51"}],"edges":[{"edgeID":"1707860","fromID":"1299573","toID":"1299572","formEdgeID":null},{"edgeID":"1707861","fromID":"1299574","toID":"1299573","formEdgeID":null},{"edgeID":"1707862","fromID":"1299572","toID":"1299575","formEdgeID":null},{"edgeID":"1707863","fromID":"1299575","toID":"1299571","formEdgeID":null},{"edgeID":"1707864","fromID":"1299578","toID":"1299577","formEdgeID":null},{"edgeID":"1707865","fromID":"1299579","toID":"1299578","formEdgeID":null},{"edgeID":"1707866","fromID":"1299577","toID":"1299580","formEdgeID":null},{"edgeID":"1707867","fromID":"1299580","toID":"1299576","formEdgeID":null},{"edgeID":"1707868","fromID":"1299583","toID":"1299582","formEdgeID":null},{"edgeID":"1707869","fromID":"1299584","toID":"1299583","formEdgeID":null},{"edgeID":"1707870","fromID":"1299582","toID":"1299585","formEdgeID":null},{"edgeID":"1707871","fromID":"1299585","toID":"1299581","formEdgeID":null},{"edgeID":"1707872","fromID":"1299588","toID":"1299587","formEdgeID":null},{"edgeID":"1707873","fromID":"1299589","toID":"1299588","formEdgeID":null},{"edgeID":"1707874","fromID":"1299587","toID":"1299590","formEdgeID":null},{"edgeID":"1707875","fromID":"1299590","toID":"1299586","formEdgeID":null},{"edgeID":"1707876","fromID":"1299593","toID":"1299592","formEdgeID":null},{"edgeID":"1707877","fromID":"1299594","toID":"1299593","formEdgeID":null},{"edgeID":"1707878","fromID":"1299592","toID":"1299595","formEdgeID":null},{"edgeID":"1707879","fromID":"1299595","toID":"1299591","formEdgeID":null},{"edgeID":"1707880","fromID":"1299598","toID":"1299597","formEdgeID":null},{"edgeID":"1707881","fromID":"1299599","toID":"1299598","formEdgeID":null},{"edgeID":"1707882","fromID":"1299597","toID":"1299600","formEdgeID":null},{"edgeID":"1707883","fromID":"1299600","toID":"1299596","formEdgeID":null},{"edgeID":"1707884","fromID":"1299603","toID":"1299602","formEdgeID":null},{"edgeID":"1707885","fromID":"1299604","toID":"1299603","formEdgeID":null},{"edgeID":"1707886","fromID":"1299602","toID":"1299605","formEdgeID":null},{"edgeID":"1707887","fromID":"1299605","toID":"1299601","formEdgeID":null},{"edgeID":"1707888","fromID":"1299572","toID":"1299606","formEdgeID":null},{"edgeID":"1707889","fromID":"1299606","toID":"1299577","formEdgeID":null},{"edgeID":"1707890","fromID":"1299577","toID":"1299607","formEdgeID":null},{"edgeID":"1707891","fromID":"1299607","toID":"1299582","formEdgeID":null},{"edgeID":"1707892","fromID":"1299581","toID":"1299608","formEdgeID":null},{"edgeID":"1707893","fromID":"1299608","toID":"1299576","formEdgeID":null},{"edgeID":"1707894","fromID":"1299607","toID":"1299609","formEdgeID":null},{"edgeID":"1707895","fromID":"1299609","toID":"1299608","formEdgeID":null},{"edgeID":"1707896","fromID":"1299582","toID":"1299610","formEdgeID":null},{"edgeID":"1707897","fromID":"1299610","toID":"1299587","formEdgeID":null},{"edgeID":"1707898","fromID":"1299596","toID":"1299611","formEdgeID":null},{"edgeID":"1707899","fromID":"1299611","toID":"1299586","formEdgeID":null},{"edgeID":"1707900","fromID":"1299587","toID":"1299612","formEdgeID":null},{"edgeID":"1707901","fromID":"1299612","toID":"1299597","formEdgeID":null},{"edgeID":"1707902","fromID":"1299612","toID":"1299613","formEdgeID":null},{"edgeID":"1707903","fromID":"1299613","toID":"1299611","formEdgeID":null},{"edgeID":"1707904","fromID":"1299597","toID":"1299614","formEdgeID":null},{"edgeID":"1707905","fromID":"1299614","toID":"1299602","formEdgeID":null},{"edgeID":"1707906","fromID":"1299591","toID":"1299615","formEdgeID":null},{"edgeID":"1707907","fromID":"1299615","toID":"1299571","formEdgeID":null},{"edgeID":"1707908","fromID":"1299572","toID":"1299616","formEdgeID":null},{"edgeID":"1707909","fromID":"1299616","toID":"1299592","formEdgeID":null},{"edgeID":"1707910","fromID":"1299616","toID":"1299617","formEdgeID":null},{"edgeID":"1707911","fromID":"1299617","toID":"1299615","formEdgeID":null},{"edgeID":"1707912","fromID":"1299586","toID":"1299618","formEdgeID":null},{"edgeID":"1707913","fromID":"1299618","toID":"1299591","formEdgeID":null},{"edgeID":"1707914","fromID":"1299587","toID":"1299619","formEdgeID":null},{"edgeID":"1707915","fromID":"1299619","toID":"1299592","formEdgeID":null},{"edgeID":"1707916","fromID":"1299619","toID":"1299620","formEdgeID":null},{"edgeID":"1707917","fromID":"1299620","toID":"1299618","formEdgeID":null},{"edgeID":"1707918","fromID":"1299571","toID":"1299621","formEdgeID":null},{"edgeID":"1707919","fromID":"1299621","toID":"1299576","formEdgeID":null},{"edgeID":"1707920","fromID":"1299606","toID":"1299622","formEdgeID":null},{"edgeID":"1707921","fromID":"1299622","toID":"1299621","formEdgeID":null}],"locutions":[]}