{"nodes":[{"nodeID":"1299332","text":"that \u00a3600 would make a world of difference to people","type":"I","timestamp":"2023-11-09 12:54:28"},{"nodeID":"1299333","text":"Steve Reed: that \u00a3600 would make a world of difference to them","type":"L","timestamp":"2023-11-09 12:54:28"},{"nodeID":"1299334","text":"Analysing","type":"YA","timestamp":"2023-11-09 12:54:28"},{"nodeID":"1299335","text":"Dominika: Steve Reed: that \u00a3600 would make a world of difference to them","type":"L","timestamp":"2023-11-09 12:54:28"},{"nodeID":"1299336","text":"Asserting","type":"YA","timestamp":"2023-11-09 12:54:28"},{"nodeID":"1299337","text":"for the longer term we should be investing in renewables","type":"I","timestamp":"2023-11-09 12:54:28"},{"nodeID":"1299338","text":"Steve Reed: for the longer term we should be investing in renewables","type":"L","timestamp":"2023-11-09 12:54:28"},{"nodeID":"1299339","text":"Analysing","type":"YA","timestamp":"2023-11-09 12:54:28"},{"nodeID":"1299340","text":"Dominika: Steve Reed: for the longer term we should be investing in renewables","type":"L","timestamp":"2023-11-09 12:54:28"},{"nodeID":"1299341","text":"Asserting","type":"YA","timestamp":"2023-11-09 12:54:28"},{"nodeID":"1299342","text":"we should be investing in wind, wave power, retrofitting our homes","type":"I","timestamp":"2023-11-09 12:54:29"},{"nodeID":"1299343","text":"Steve Reed: Wind, wave power, retrofitting our homes","type":"L","timestamp":"2023-11-09 12:54:29"},{"nodeID":"1299344","text":"Analysing","type":"YA","timestamp":"2023-11-09 12:54:29"},{"nodeID":"1299345","text":"Dominika: Steve Reed: Wind, wave power, retrofitting our homes","type":"L","timestamp":"2023-11-09 12:54:29"},{"nodeID":"1299346","text":"Asserting","type":"YA","timestamp":"2023-11-09 12:54:29"},{"nodeID":"1299347","text":"we've got the worst energy efficiency in our housing in the whole of Europe","type":"I","timestamp":"2023-11-09 12:54:30"},{"nodeID":"1299348","text":"Steve Reed: We've got the worst energy efficiency in our housing in the whole of Europe","type":"L","timestamp":"2023-11-09 12:54:30"},{"nodeID":"1299349","text":"Analysing","type":"YA","timestamp":"2023-11-09 12:54:30"},{"nodeID":"1299350","text":"Dominika: Steve Reed: We've got the worst energy efficiency in our housing in the whole of Europe","type":"L","timestamp":"2023-11-09 12:54:30"},{"nodeID":"1299351","text":"Asserting","type":"YA","timestamp":"2023-11-09 12:54:30"},{"nodeID":"1299352","text":"the Government cut the retrofitting programme","type":"I","timestamp":"2023-11-09 12:54:30"},{"nodeID":"1299353","text":"Steve Reed: the Government cut the retrofitting programme","type":"L","timestamp":"2023-11-09 12:54:30"},{"nodeID":"1299354","text":"Analysing","type":"YA","timestamp":"2023-11-09 12:54:30"},{"nodeID":"1299355","text":"Dominika: Steve Reed: the Government cut the retrofitting programme","type":"L","timestamp":"2023-11-09 12:54:30"},{"nodeID":"1299356","text":"Asserting","type":"YA","timestamp":"2023-11-09 12:54:30"},{"nodeID":"1299357","text":"so, so much we could do to really get our sustainability levels up","type":"I","timestamp":"2023-11-09 12:54:31"},{"nodeID":"1299358","text":"Steve Reed: So, so much we could do to really get our sustainability levels up","type":"L","timestamp":"2023-11-09 12:54:31"},{"nodeID":"1299359","text":"Analysing","type":"YA","timestamp":"2023-11-09 12:54:31"},{"nodeID":"1299360","text":"Dominika: Steve Reed: So, so much we could do to really get our sustainability levels up","type":"L","timestamp":"2023-11-09 12:54:31"},{"nodeID":"1299361","text":"Asserting","type":"YA","timestamp":"2023-11-09 12:54:31"},{"nodeID":"1299362","text":"the inflation is a massive crisis","type":"I","timestamp":"2023-11-09 12:54:32"},{"nodeID":"1299363","text":"Ian Blackford: This is a massive crisis","type":"L","timestamp":"2023-11-09 12:54:32"},{"nodeID":"1299364","text":"Analysing","type":"YA","timestamp":"2023-11-09 12:54:32"},{"nodeID":"1299365","text":"Dominika: Ian Blackford: This is a massive crisis","type":"L","timestamp":"2023-11-09 12:54:32"},{"nodeID":"1299366","text":"Asserting","type":"YA","timestamp":"2023-11-09 12:54:32"},{"nodeID":"1299367","text":"most people haven't lived through the kind of inflation that we're seeing unless you were around in the 1970s as some of us were","type":"I","timestamp":"2023-11-09 12:54:32"},{"nodeID":"1299368","text":"Ian Blackford: most people haven't lived through the kind of inflation that we're seeing unless you were around in the 1970s as some of us were","type":"L","timestamp":"2023-11-09 12:54:32"},{"nodeID":"1299369","text":"Analysing","type":"YA","timestamp":"2023-11-09 12:54:32"},{"nodeID":"1299370","text":"Dominika: Ian Blackford: most people haven't lived through the kind of inflation that we're seeing unless you were around in the 1970s as some of us were","type":"L","timestamp":"2023-11-09 12:54:32"},{"nodeID":"1299371","text":"Asserting","type":"YA","timestamp":"2023-11-09 12:54:32"},{"nodeID":"1299372","text":"you're talking about the price cap coming off tomorrow","type":"I","timestamp":"2023-11-09 12:54:33"},{"nodeID":"1299373","text":"Ian Blackford: you're talking about the price cap coming off tomorrow","type":"L","timestamp":"2023-11-09 12:54:33"},{"nodeID":"1299374","text":"Analysing","type":"YA","timestamp":"2023-11-09 12:54:33"},{"nodeID":"1299375","text":"Dominika: Ian Blackford: you're talking about the price cap coming off tomorrow","type":"L","timestamp":"2023-11-09 12:54:33"},{"nodeID":"1299376","text":"Asserting","type":"YA","timestamp":"2023-11-09 12:54:33"},{"nodeID":"1299377","text":"you're talking about people on average seeing a \u00a3700 increase in their energy costs tomorrow","type":"I","timestamp":"2023-11-09 12:54:33"},{"nodeID":"1299378","text":"Ian Blackford: You're talking about people on average seeing a \u00a3700 increase in their energy costs tomorrow","type":"L","timestamp":"2023-11-09 12:54:33"},{"nodeID":"1299379","text":"Analysing","type":"YA","timestamp":"2023-11-09 12:54:33"},{"nodeID":"1299380","text":"Dominika: Ian Blackford: You're talking about people on average seeing a \u00a3700 increase in their energy costs tomorrow","type":"L","timestamp":"2023-11-09 12:54:33"},{"nodeID":"1299381","text":"Asserting","type":"YA","timestamp":"2023-11-09 12:54:33"},{"nodeID":"1299382","text":"you're talking about if you live off grid, which many people do in the North of Scotland for example","type":"I","timestamp":"2023-11-09 12:54:34"},{"nodeID":"1299383","text":"Ian Blackford: You're talking about if you live off grid, which many people do in the North of Scotland for example","type":"L","timestamp":"2023-11-09 12:54:34"},{"nodeID":"1299384","text":"Analysing","type":"YA","timestamp":"2023-11-09 12:54:34"},{"nodeID":"1299385","text":"Dominika: Ian Blackford: You're talking about if you live off grid, which many people do in the North of Scotland for example","type":"L","timestamp":"2023-11-09 12:54:34"},{"nodeID":"1299386","text":"Asserting","type":"YA","timestamp":"2023-11-09 12:54:34"},{"nodeID":"1299387","text":"people in the North of Scotland buy heating oil","type":"I","timestamp":"2023-11-09 12:54:35"},{"nodeID":"1299388","text":"Ian Blackford: They buy heating oil","type":"L","timestamp":"2023-11-09 12:54:35"},{"nodeID":"1299389","text":"Analysing","type":"YA","timestamp":"2023-11-09 12:54:35"},{"nodeID":"1299390","text":"Dominika: Ian Blackford: They buy heating oil","type":"L","timestamp":"2023-11-09 12:54:35"},{"nodeID":"1299391","text":"Asserting","type":"YA","timestamp":"2023-11-09 12:54:35"},{"nodeID":"1299392","text":"Ian Blackford checked the price of heating oil tonight","type":"I","timestamp":"2023-11-09 12:54:35"},{"nodeID":"1299393","text":"Ian Blackford: I checked the price tonight","type":"L","timestamp":"2023-11-09 12:54:35"},{"nodeID":"1299394","text":"Analysing","type":"YA","timestamp":"2023-11-09 12:54:35"},{"nodeID":"1299395","text":"Dominika: Ian Blackford: I checked the price tonight","type":"L","timestamp":"2023-11-09 12:54:35"},{"nodeID":"1299396","text":"Asserting","type":"YA","timestamp":"2023-11-09 12:54:35"},{"nodeID":"1299397","text":"the price of heating oil has gone up from 44p a litre a year ago to \u00a31.18","type":"I","timestamp":"2023-11-09 12:54:36"},{"nodeID":"1299398","text":"Ian Blackford: The price has gone up from 44p a litre a year ago to \u00a31.18","type":"L","timestamp":"2023-11-09 12:54:36"},{"nodeID":"1299399","text":"Analysing","type":"YA","timestamp":"2023-11-09 12:54:36"},{"nodeID":"1299400","text":"Dominika: Ian Blackford: The price has gone up from 44p a litre a year ago to \u00a31.18","type":"L","timestamp":"2023-11-09 12:54:36"},{"nodeID":"1299401","text":"Asserting","type":"YA","timestamp":"2023-11-09 12:54:36"},{"nodeID":"1299402","text":"people are paying almost \u00a31,200 to fill their tank","type":"I","timestamp":"2023-11-09 12:54:37"},{"nodeID":"1299403","text":"Ian Blackford: people are paying almost \u00a31,200 to fill their tank","type":"L","timestamp":"2023-11-09 12:54:37"},{"nodeID":"1299404","text":"Analysing","type":"YA","timestamp":"2023-11-09 12:54:37"},{"nodeID":"1299405","text":"Dominika: Ian Blackford: people are paying almost \u00a31,200 to fill their tank","type":"L","timestamp":"2023-11-09 12:54:37"},{"nodeID":"1299406","text":"Asserting","type":"YA","timestamp":"2023-11-09 12:54:37"},{"nodeID":"1299407","text":"people can't afford paying almost \u00a31,200 to fill their tank","type":"I","timestamp":"2023-11-09 12:54:37"},{"nodeID":"1299408","text":"Ian Blackford: People can't afford this","type":"L","timestamp":"2023-11-09 12:54:37"},{"nodeID":"1299409","text":"Analysing","type":"YA","timestamp":"2023-11-09 12:54:37"},{"nodeID":"1299410","text":"Dominika: Ian Blackford: People can't afford this","type":"L","timestamp":"2023-11-09 12:54:37"},{"nodeID":"1299411","text":"Asserting","type":"YA","timestamp":"2023-11-09 12:54:37"},{"nodeID":"1299412","text":"Default Transition","type":"TA","timestamp":"2023-11-09 12:54:37"},{"nodeID":"1299413","text":"Default Transition","type":"TA","timestamp":"2023-11-09 12:54:37"},{"nodeID":"1299414","text":"Default Rephrase","type":"MA","timestamp":"2023-11-09 12:54:37"},{"nodeID":"1299415","text":"Restating","type":"YA","timestamp":"2023-11-09 12:54:37"},{"nodeID":"1299416","text":"Default Transition","type":"TA","timestamp":"2023-11-09 12:54:37"},{"nodeID":"1299417","text":"Default Transition","type":"TA","timestamp":"2023-11-09 12:54:37"},{"nodeID":"1299418","text":"Default Inference","type":"RA","timestamp":"2023-11-09 12:54:37"},{"nodeID":"1299419","text":"Arguing","type":"YA","timestamp":"2023-11-09 12:54:37"},{"nodeID":"1299420","text":"Default Transition","type":"TA","timestamp":"2023-11-09 12:54:37"},{"nodeID":"1299421","text":"Default Transition","type":"TA","timestamp":"2023-11-09 12:54:37"},{"nodeID":"1299422","text":"Default Transition","type":"TA","timestamp":"2023-11-09 12:54:37"},{"nodeID":"1299423","text":"Default Transition","type":"TA","timestamp":"2023-11-09 12:54:37"},{"nodeID":"1299424","text":"Default Transition","type":"TA","timestamp":"2023-11-09 12:54:37"},{"nodeID":"1299425","text":"Default Transition","type":"TA","timestamp":"2023-11-09 12:54:37"},{"nodeID":"1299426","text":"Default Rephrase","type":"MA","timestamp":"2023-11-09 12:54:37"},{"nodeID":"1299427","text":"Restating","type":"YA","timestamp":"2023-11-09 12:54:37"},{"nodeID":"1299428","text":"Default Transition","type":"TA","timestamp":"2023-11-09 12:54:37"},{"nodeID":"1299429","text":"Default Rephrase","type":"MA","timestamp":"2023-11-09 12:54:37"},{"nodeID":"1299430","text":"Restating","type":"YA","timestamp":"2023-11-09 12:54:37"},{"nodeID":"1299431","text":"Default Transition","type":"TA","timestamp":"2023-11-09 12:54:37"},{"nodeID":"1299432","text":"Default Transition","type":"TA","timestamp":"2023-11-09 12:54:37"},{"nodeID":"1299433","text":"Default Transition","type":"TA","timestamp":"2023-11-09 12:54:37"},{"nodeID":"1299434","text":"Default Inference","type":"RA","timestamp":"2023-11-09 12:54:37"},{"nodeID":"1299435","text":"Arguing","type":"YA","timestamp":"2023-11-09 12:54:37"},{"nodeID":"1299436","text":"Default Transition","type":"TA","timestamp":"2023-11-09 12:54:37"},{"nodeID":"1299437","text":"Default Conflict","type":"CA","timestamp":"2023-11-09 12:54:37"},{"nodeID":"1299438","text":"Disagreeing","type":"YA","timestamp":"2023-11-09 12:54:37"},{"nodeID":"1299439","text":"Default Rephrase","type":"MA","timestamp":"2023-11-09 12:54:37"},{"nodeID":"1299440","text":"Restating","type":"YA","timestamp":"2023-11-09 12:54:37"},{"nodeID":"1299441","text":"Default Rephrase","type":"MA","timestamp":"2023-11-09 12:54:37"},{"nodeID":"1299442","text":"Restating","type":"YA","timestamp":"2023-11-09 12:54:37"},{"nodeID":"1299443","text":"Default Inference","type":"RA","timestamp":"2023-11-09 12:54:37"},{"nodeID":"1299444","text":"Arguing","type":"YA","timestamp":"2023-11-09 12:54:37"},{"nodeID":"1299445","text":"Default Rephrase","type":"MA","timestamp":"2023-11-09 12:54:37"},{"nodeID":"1299446","text":"Default Transition","type":"TA","timestamp":"2023-11-09 12:54:37"},{"nodeID":"1299447","text":"Restating","type":"YA","timestamp":"2023-11-09 12:54:37"}],"edges":[{"edgeID":"1707570","fromID":"1299334","toID":"1299333","formEdgeID":null},{"edgeID":"1707571","fromID":"1299335","toID":"1299334","formEdgeID":null},{"edgeID":"1707572","fromID":"1299333","toID":"1299336","formEdgeID":null},{"edgeID":"1707573","fromID":"1299336","toID":"1299332","formEdgeID":null},{"edgeID":"1707574","fromID":"1299339","toID":"1299338","formEdgeID":null},{"edgeID":"1707575","fromID":"1299340","toID":"1299339","formEdgeID":null},{"edgeID":"1707576","fromID":"1299338","toID":"1299341","formEdgeID":null},{"edgeID":"1707577","fromID":"1299341","toID":"1299337","formEdgeID":null},{"edgeID":"1707578","fromID":"1299344","toID":"1299343","formEdgeID":null},{"edgeID":"1707579","fromID":"1299345","toID":"1299344","formEdgeID":null},{"edgeID":"1707580","fromID":"1299343","toID":"1299346","formEdgeID":null},{"edgeID":"1707581","fromID":"1299346","toID":"1299342","formEdgeID":null},{"edgeID":"1707582","fromID":"1299349","toID":"1299348","formEdgeID":null},{"edgeID":"1707583","fromID":"1299350","toID":"1299349","formEdgeID":null},{"edgeID":"1707584","fromID":"1299348","toID":"1299351","formEdgeID":null},{"edgeID":"1707585","fromID":"1299351","toID":"1299347","formEdgeID":null},{"edgeID":"1707586","fromID":"1299354","toID":"1299353","formEdgeID":null},{"edgeID":"1707587","fromID":"1299355","toID":"1299354","formEdgeID":null},{"edgeID":"1707588","fromID":"1299353","toID":"1299356","formEdgeID":null},{"edgeID":"1707589","fromID":"1299356","toID":"1299352","formEdgeID":null},{"edgeID":"1707590","fromID":"1299359","toID":"1299358","formEdgeID":null},{"edgeID":"1707591","fromID":"1299360","toID":"1299359","formEdgeID":null},{"edgeID":"1707592","fromID":"1299358","toID":"1299361","formEdgeID":null},{"edgeID":"1707593","fromID":"1299361","toID":"1299357","formEdgeID":null},{"edgeID":"1707594","fromID":"1299364","toID":"1299363","formEdgeID":null},{"edgeID":"1707595","fromID":"1299365","toID":"1299364","formEdgeID":null},{"edgeID":"1707596","fromID":"1299363","toID":"1299366","formEdgeID":null},{"edgeID":"1707597","fromID":"1299366","toID":"1299362","formEdgeID":null},{"edgeID":"1707598","fromID":"1299369","toID":"1299368","formEdgeID":null},{"edgeID":"1707599","fromID":"1299370","toID":"1299369","formEdgeID":null},{"edgeID":"1707600","fromID":"1299368","toID":"1299371","formEdgeID":null},{"edgeID":"1707601","fromID":"1299371","toID":"1299367","formEdgeID":null},{"edgeID":"1707602","fromID":"1299374","toID":"1299373","formEdgeID":null},{"edgeID":"1707603","fromID":"1299375","toID":"1299374","formEdgeID":null},{"edgeID":"1707604","fromID":"1299373","toID":"1299376","formEdgeID":null},{"edgeID":"1707605","fromID":"1299376","toID":"1299372","formEdgeID":null},{"edgeID":"1707606","fromID":"1299379","toID":"1299378","formEdgeID":null},{"edgeID":"1707607","fromID":"1299380","toID":"1299379","formEdgeID":null},{"edgeID":"1707608","fromID":"1299378","toID":"1299381","formEdgeID":null},{"edgeID":"1707609","fromID":"1299381","toID":"1299377","formEdgeID":null},{"edgeID":"1707610","fromID":"1299384","toID":"1299383","formEdgeID":null},{"edgeID":"1707611","fromID":"1299385","toID":"1299384","formEdgeID":null},{"edgeID":"1707612","fromID":"1299383","toID":"1299386","formEdgeID":null},{"edgeID":"1707613","fromID":"1299386","toID":"1299382","formEdgeID":null},{"edgeID":"1707614","fromID":"1299389","toID":"1299388","formEdgeID":null},{"edgeID":"1707615","fromID":"1299390","toID":"1299389","formEdgeID":null},{"edgeID":"1707616","fromID":"1299388","toID":"1299391","formEdgeID":null},{"edgeID":"1707617","fromID":"1299391","toID":"1299387","formEdgeID":null},{"edgeID":"1707618","fromID":"1299394","toID":"1299393","formEdgeID":null},{"edgeID":"1707619","fromID":"1299395","toID":"1299394","formEdgeID":null},{"edgeID":"1707620","fromID":"1299393","toID":"1299396","formEdgeID":null},{"edgeID":"1707621","fromID":"1299396","toID":"1299392","formEdgeID":null},{"edgeID":"1707622","fromID":"1299399","toID":"1299398","formEdgeID":null},{"edgeID":"1707623","fromID":"1299400","toID":"1299399","formEdgeID":null},{"edgeID":"1707624","fromID":"1299398","toID":"1299401","formEdgeID":null},{"edgeID":"1707625","fromID":"1299401","toID":"1299397","formEdgeID":null},{"edgeID":"1707626","fromID":"1299404","toID":"1299403","formEdgeID":null},{"edgeID":"1707627","fromID":"1299405","toID":"1299404","formEdgeID":null},{"edgeID":"1707628","fromID":"1299403","toID":"1299406","formEdgeID":null},{"edgeID":"1707629","fromID":"1299406","toID":"1299402","formEdgeID":null},{"edgeID":"1707630","fromID":"1299409","toID":"1299408","formEdgeID":null},{"edgeID":"1707631","fromID":"1299410","toID":"1299409","formEdgeID":null},{"edgeID":"1707632","fromID":"1299408","toID":"1299411","formEdgeID":null},{"edgeID":"1707633","fromID":"1299411","toID":"1299407","formEdgeID":null},{"edgeID":"1707634","fromID":"1299333","toID":"1299412","formEdgeID":null},{"edgeID":"1707635","fromID":"1299412","toID":"1299338","formEdgeID":null},{"edgeID":"1707636","fromID":"1299338","toID":"1299413","formEdgeID":null},{"edgeID":"1707637","fromID":"1299413","toID":"1299343","formEdgeID":null},{"edgeID":"1707638","fromID":"1299342","toID":"1299414","formEdgeID":null},{"edgeID":"1707639","fromID":"1299414","toID":"1299337","formEdgeID":null},{"edgeID":"1707640","fromID":"1299413","toID":"1299415","formEdgeID":null},{"edgeID":"1707641","fromID":"1299415","toID":"1299414","formEdgeID":null},{"edgeID":"1707642","fromID":"1299343","toID":"1299416","formEdgeID":null},{"edgeID":"1707643","fromID":"1299416","toID":"1299348","formEdgeID":null},{"edgeID":"1707644","fromID":"1299348","toID":"1299417","formEdgeID":null},{"edgeID":"1707645","fromID":"1299417","toID":"1299353","formEdgeID":null},{"edgeID":"1707646","fromID":"1299352","toID":"1299418","formEdgeID":null},{"edgeID":"1707647","fromID":"1299418","toID":"1299347","formEdgeID":null},{"edgeID":"1707648","fromID":"1299417","toID":"1299419","formEdgeID":null},{"edgeID":"1707649","fromID":"1299419","toID":"1299418","formEdgeID":null},{"edgeID":"1707650","fromID":"1299353","toID":"1299420","formEdgeID":null},{"edgeID":"1707651","fromID":"1299420","toID":"1299358","formEdgeID":null},{"edgeID":"1707652","fromID":"1299358","toID":"1299421","formEdgeID":null},{"edgeID":"1707653","fromID":"1299421","toID":"1299363","formEdgeID":null},{"edgeID":"1707654","fromID":"1299363","toID":"1299422","formEdgeID":null},{"edgeID":"1707655","fromID":"1299422","toID":"1299368","formEdgeID":null},{"edgeID":"1707656","fromID":"1299368","toID":"1299423","formEdgeID":null},{"edgeID":"1707657","fromID":"1299423","toID":"1299373","formEdgeID":null},{"edgeID":"1707658","fromID":"1299373","toID":"1299424","formEdgeID":null},{"edgeID":"1707659","fromID":"1299424","toID":"1299378","formEdgeID":null},{"edgeID":"1707660","fromID":"1299378","toID":"1299425","formEdgeID":null},{"edgeID":"1707661","fromID":"1299425","toID":"1299383","formEdgeID":null},{"edgeID":"1707662","fromID":"1299377","toID":"1299426","formEdgeID":null},{"edgeID":"1707663","fromID":"1299426","toID":"1299372","formEdgeID":null},{"edgeID":"1707664","fromID":"1299424","toID":"1299427","formEdgeID":null},{"edgeID":"1707665","fromID":"1299427","toID":"1299426","formEdgeID":null},{"edgeID":"1707666","fromID":"1299383","toID":"1299428","formEdgeID":null},{"edgeID":"1707667","fromID":"1299428","toID":"1299388","formEdgeID":null},{"edgeID":"1707668","fromID":"1299387","toID":"1299429","formEdgeID":null},{"edgeID":"1707669","fromID":"1299429","toID":"1299382","formEdgeID":null},{"edgeID":"1707670","fromID":"1299428","toID":"1299430","formEdgeID":null},{"edgeID":"1707671","fromID":"1299430","toID":"1299429","formEdgeID":null},{"edgeID":"1707672","fromID":"1299388","toID":"1299431","formEdgeID":null},{"edgeID":"1707673","fromID":"1299431","toID":"1299393","formEdgeID":null},{"edgeID":"1707674","fromID":"1299393","toID":"1299432","formEdgeID":null},{"edgeID":"1707675","fromID":"1299432","toID":"1299398","formEdgeID":null},{"edgeID":"1707676","fromID":"1299403","toID":"1299433","formEdgeID":null},{"edgeID":"1707677","fromID":"1299433","toID":"1299398","formEdgeID":null},{"edgeID":"1707678","fromID":"1299397","toID":"1299434","formEdgeID":null},{"edgeID":"1707679","fromID":"1299434","toID":"1299402","formEdgeID":null},{"edgeID":"1707680","fromID":"1299433","toID":"1299435","formEdgeID":null},{"edgeID":"1707681","fromID":"1299435","toID":"1299434","formEdgeID":null},{"edgeID":"1707682","fromID":"1299403","toID":"1299436","formEdgeID":null},{"edgeID":"1707683","fromID":"1299436","toID":"1299408","formEdgeID":null},{"edgeID":"1707684","fromID":"1299407","toID":"1299437","formEdgeID":null},{"edgeID":"1707685","fromID":"1299437","toID":"1299402","formEdgeID":null},{"edgeID":"1707686","fromID":"1299436","toID":"1299438","formEdgeID":null},{"edgeID":"1707687","fromID":"1299438","toID":"1299437","formEdgeID":null},{"edgeID":"1707688","fromID":"1299397","toID":"1299439","formEdgeID":null},{"edgeID":"1707689","fromID":"1299439","toID":"1299392","formEdgeID":null},{"edgeID":"1707690","fromID":"1299432","toID":"1299440","formEdgeID":null},{"edgeID":"1707691","fromID":"1299440","toID":"1299439","formEdgeID":null},{"edgeID":"1707692","fromID":"1299367","toID":"1299441","formEdgeID":null},{"edgeID":"1707693","fromID":"1299441","toID":"1299362","formEdgeID":null},{"edgeID":"1707694","fromID":"1299422","toID":"1299442","formEdgeID":null},{"edgeID":"1707695","fromID":"1299442","toID":"1299441","formEdgeID":null},{"edgeID":"1707696","fromID":"1299347","toID":"1299443","formEdgeID":null},{"edgeID":"1707697","fromID":"1299443","toID":"1299342","formEdgeID":null},{"edgeID":"1707698","fromID":"1299416","toID":"1299444","formEdgeID":null},{"edgeID":"1707699","fromID":"1299444","toID":"1299443","formEdgeID":null},{"edgeID":"1707700","fromID":"1299357","toID":"1299445","formEdgeID":null},{"edgeID":"1707701","fromID":"1299445","toID":"1299342","formEdgeID":null},{"edgeID":"1707702","fromID":"1299343","toID":"1299446","formEdgeID":null},{"edgeID":"1707703","fromID":"1299446","toID":"1299358","formEdgeID":null},{"edgeID":"1707704","fromID":"1299446","toID":"1299447","formEdgeID":null},{"edgeID":"1707705","fromID":"1299447","toID":"1299445","formEdgeID":null}],"locutions":[]}