{"nodes":[{"nodeID":"1300260","text":"Ian Blackford, do you or do you not have any cause for hope","type":"I","timestamp":"2023-11-09 12:55:44"},{"nodeID":"1300261","text":"Victoria Derbyshire: Ian Blackford, do you have any cause for hope","type":"L","timestamp":"2023-11-09 12:55:44"},{"nodeID":"1300262","text":"Analysing","type":"YA","timestamp":"2023-11-09 12:55:44"},{"nodeID":"1300263","text":"Chris: Victoria Derbyshire: Ian Blackford, do you have any cause for hope","type":"L","timestamp":"2023-11-09 12:55:44"},{"nodeID":"1300264","text":"Pure Questioning","type":"YA","timestamp":"2023-11-09 12:55:44"},{"nodeID":"1300265","text":"we've got to look at the reality that the Russian bombing, Putin's bombing is going on","type":"I","timestamp":"2023-11-09 12:55:45"},{"nodeID":"1300266","text":"Ian Blackford: we've got to look at the reality that the Russian bombing, Putin's bombing is going on","type":"L","timestamp":"2023-11-09 12:55:45"},{"nodeID":"1300267","text":"Analysing","type":"YA","timestamp":"2023-11-09 12:55:45"},{"nodeID":"1300268","text":"Chris: Ian Blackford: we've got to look at the reality that the Russian bombing, Putin's bombing is going on","type":"L","timestamp":"2023-11-09 12:55:45"},{"nodeID":"1300269","text":"Asserting","type":"YA","timestamp":"2023-11-09 12:55:45"},{"nodeID":"1300270","text":"Default Transition","type":"TA","timestamp":"2023-11-09 12:55:45"},{"nodeID":"1300271","text":"let's not forget out of this, that this is an act of aggression against the Ukrainian people by Putin and his regime","type":"I","timestamp":"2023-11-09 12:55:45"},{"nodeID":"1300272","text":"Ian Blackford: let's not forget out of this, that this is an act of aggression against the Ukrainian people by Putin and his regime","type":"L","timestamp":"2023-11-09 12:55:45"},{"nodeID":"1300273","text":"Analysing","type":"YA","timestamp":"2023-11-09 12:55:45"},{"nodeID":"1300274","text":"Chris: Ian Blackford: let's not forget out of this, that this is an act of aggression against the Ukrainian people by Putin and his regime","type":"L","timestamp":"2023-11-09 12:55:45"},{"nodeID":"1300275","text":"Asserting","type":"YA","timestamp":"2023-11-09 12:55:45"},{"nodeID":"1300276","text":"Default Transition","type":"TA","timestamp":"2023-11-09 12:55:45"},{"nodeID":"1300277","text":"Default Rephrase","type":"MA","timestamp":"2023-11-09 12:55:45"},{"nodeID":"1300278","text":"Restating","type":"YA","timestamp":"2023-11-09 12:55:45"},{"nodeID":"1300279","text":"at the end of this Putin and his regime must face the international court","type":"I","timestamp":"2023-11-09 12:55:46"},{"nodeID":"1300280","text":"Ian Blackford: at the end of this he and his regime must face the international court","type":"L","timestamp":"2023-11-09 12:55:46"},{"nodeID":"1300281","text":"Analysing","type":"YA","timestamp":"2023-11-09 12:55:46"},{"nodeID":"1300282","text":"Chris: Ian Blackford: at the end of this he and his regime must face the international court","type":"L","timestamp":"2023-11-09 12:55:46"},{"nodeID":"1300283","text":"Asserting","type":"YA","timestamp":"2023-11-09 12:55:46"},{"nodeID":"1300284","text":"Default Transition","type":"TA","timestamp":"2023-11-09 12:55:46"},{"nodeID":"1300285","text":"Default Inference","type":"RA","timestamp":"2023-11-09 12:55:46"},{"nodeID":"1300286","text":"Putin et al must be held accountable for the war crimes that are taking place","type":"I","timestamp":"2023-11-09 12:55:46"},{"nodeID":"1300287","text":"Ian Blackford: They must be held accountable for the war crimes that are taking place","type":"L","timestamp":"2023-11-09 12:55:46"},{"nodeID":"1300288","text":"Analysing","type":"YA","timestamp":"2023-11-09 12:55:46"},{"nodeID":"1300289","text":"Chris: Ian Blackford: They must be held accountable for the war crimes that are taking place","type":"L","timestamp":"2023-11-09 12:55:46"},{"nodeID":"1300290","text":"Asserting","type":"YA","timestamp":"2023-11-09 12:55:46"},{"nodeID":"1300291","text":"Default Transition","type":"TA","timestamp":"2023-11-09 12:55:46"},{"nodeID":"1300292","text":"Default Rephrase","type":"MA","timestamp":"2023-11-09 12:55:46"},{"nodeID":"1300293","text":"who would've thought that after the end of the Second World War that we're facing war in Europe","type":"I","timestamp":"2023-11-09 12:55:47"},{"nodeID":"1300294","text":"Ian Blackford: who would've thought that after the end of the Second World War that we're facing war in Europe","type":"L","timestamp":"2023-11-09 12:55:47"},{"nodeID":"1300295","text":"Analysing","type":"YA","timestamp":"2023-11-09 12:55:47"},{"nodeID":"1300296","text":"Chris: Ian Blackford: who would've thought that after the end of the Second World War that we're facing war in Europe","type":"L","timestamp":"2023-11-09 12:55:47"},{"nodeID":"1300297","text":"Rhetorical Questioning","type":"YA","timestamp":"2023-11-09 12:55:47"},{"nodeID":"1300298","text":"Default Transition","type":"TA","timestamp":"2023-11-09 12:55:47"},{"nodeID":"1300299","text":"the scenes that we're seeing nightly on our television screens are completely unacceptable","type":"I","timestamp":"2023-11-09 12:55:48"},{"nodeID":"1300300","text":"Ian Blackford: the scenes that we're seeing nightly on our television screens are completely unacceptable","type":"L","timestamp":"2023-11-09 12:55:48"},{"nodeID":"1300301","text":"Analysing","type":"YA","timestamp":"2023-11-09 12:55:48"},{"nodeID":"1300302","text":"Chris: Ian Blackford: the scenes that we're seeing nightly on our television screens are completely unacceptable","type":"L","timestamp":"2023-11-09 12:55:48"},{"nodeID":"1300303","text":"Asserting","type":"YA","timestamp":"2023-11-09 12:55:48"},{"nodeID":"1300304","text":"Default Transition","type":"TA","timestamp":"2023-11-09 12:55:48"},{"nodeID":"1300305","text":"Default Rephrase","type":"MA","timestamp":"2023-11-09 12:55:48"},{"nodeID":"1300306","text":"Restating","type":"YA","timestamp":"2023-11-09 12:55:48"},{"nodeID":"1300307","text":"there is a cross-party consensus, and Ian Blackford is glad there is, that we must do everything that we can to support Ukraine","type":"I","timestamp":"2023-11-09 12:55:48"},{"nodeID":"1300308","text":"Ian Blackford: there is a cross-party consensus and I'm glad there is, that we must do everything that we can to support Ukraine","type":"L","timestamp":"2023-11-09 12:55:48"},{"nodeID":"1300309","text":"Analysing","type":"YA","timestamp":"2023-11-09 12:55:48"},{"nodeID":"1300310","text":"Chris: Ian Blackford: there is a cross-party consensus and I'm glad there is, that we must do everything that we can to support Ukraine","type":"L","timestamp":"2023-11-09 12:55:48"},{"nodeID":"1300311","text":"Asserting","type":"YA","timestamp":"2023-11-09 12:55:48"},{"nodeID":"1300312","text":"Default Transition","type":"TA","timestamp":"2023-11-09 12:55:48"},{"nodeID":"1300313","text":"the British must make sure that we get defensive weapons into the Ukrainians","type":"I","timestamp":"2023-11-09 12:55:49"},{"nodeID":"1300314","text":"Ian Blackford: We must make sure that we get defensive weapons into them","type":"L","timestamp":"2023-11-09 12:55:49"},{"nodeID":"1300315","text":"Analysing","type":"YA","timestamp":"2023-11-09 12:55:49"},{"nodeID":"1300316","text":"Chris: Ian Blackford: We must make sure that we get defensive weapons into them","type":"L","timestamp":"2023-11-09 12:55:49"},{"nodeID":"1300317","text":"Asserting","type":"YA","timestamp":"2023-11-09 12:55:49"},{"nodeID":"1300318","text":"Default Transition","type":"TA","timestamp":"2023-11-09 12:55:49"},{"nodeID":"1300319","text":"the British must make sure that we're providing humanitarian help","type":"I","timestamp":"2023-11-09 12:55:49"},{"nodeID":"1300320","text":"Ian Blackford: We must make sure that we're providing humanitarian help","type":"L","timestamp":"2023-11-09 12:55:49"},{"nodeID":"1300321","text":"Analysing","type":"YA","timestamp":"2023-11-09 12:55:49"},{"nodeID":"1300322","text":"Chris: Ian Blackford: We must make sure that we're providing humanitarian help","type":"L","timestamp":"2023-11-09 12:55:50"},{"nodeID":"1300323","text":"Asserting","type":"YA","timestamp":"2023-11-09 12:55:50"},{"nodeID":"1300324","text":"Default Transition","type":"TA","timestamp":"2023-11-09 12:55:50"},{"nodeID":"1300325","text":"the British should be saluting Zelensky for the leadership he has given","type":"I","timestamp":"2023-11-09 12:55:50"},{"nodeID":"1300326","text":"Ian Blackford: we should be saluting Zelensky for the leadership he has given","type":"L","timestamp":"2023-11-09 12:55:50"},{"nodeID":"1300327","text":"Analysing","type":"YA","timestamp":"2023-11-09 12:55:50"},{"nodeID":"1300328","text":"Chris: Ian Blackford: we should be saluting Zelensky for the leadership he has given","type":"L","timestamp":"2023-11-09 12:55:50"},{"nodeID":"1300329","text":"Asserting","type":"YA","timestamp":"2023-11-09 12:55:50"},{"nodeID":"1300330","text":"Default Transition","type":"TA","timestamp":"2023-11-09 12:55:50"},{"nodeID":"1300331","text":"the British should be saluting Zelensky for the solidarity that he has had from his people","type":"I","timestamp":"2023-11-09 12:55:51"},{"nodeID":"1300332","text":"Ian Blackford: the solidarity that he has had from his people","type":"L","timestamp":"2023-11-09 12:55:51"},{"nodeID":"1300333","text":"Analysing","type":"YA","timestamp":"2023-11-09 12:55:51"},{"nodeID":"1300334","text":"Chris: Ian Blackford: the solidarity that he has had from his people","type":"L","timestamp":"2023-11-09 12:55:51"},{"nodeID":"1300335","text":"Asserting","type":"YA","timestamp":"2023-11-09 12:55:51"},{"nodeID":"1300336","text":"Default Transition","type":"TA","timestamp":"2023-11-09 12:55:51"},{"nodeID":"1300337","text":"the British should be saluting Zelensky for standing up against the Russians","type":"I","timestamp":"2023-11-09 12:55:51"},{"nodeID":"1300338","text":"Ian Blackford: standing up against the Russians","type":"L","timestamp":"2023-11-09 12:55:51"},{"nodeID":"1300339","text":"Analysing","type":"YA","timestamp":"2023-11-09 12:55:51"},{"nodeID":"1300340","text":"Chris: Ian Blackford: standing up against the Russians","type":"L","timestamp":"2023-11-09 12:55:51"},{"nodeID":"1300341","text":"Asserting","type":"YA","timestamp":"2023-11-09 12:55:51"},{"nodeID":"1300342","text":"Default Transition","type":"TA","timestamp":"2023-11-09 12:55:51"},{"nodeID":"1300343","text":"Default Rephrase","type":"MA","timestamp":"2023-11-09 12:55:51"},{"nodeID":"1300344","text":"Default Rephrase","type":"MA","timestamp":"2023-11-09 12:55:51"},{"nodeID":"1300345","text":"Default Rephrase","type":"MA","timestamp":"2023-11-09 12:55:51"},{"nodeID":"1300346","text":"Default Rephrase","type":"MA","timestamp":"2023-11-09 12:55:51"},{"nodeID":"1300347","text":"Restating","type":"YA","timestamp":"2023-11-09 12:55:51"},{"nodeID":"1300348","text":"Restating","type":"YA","timestamp":"2023-11-09 12:55:51"},{"nodeID":"1300349","text":"Restating","type":"YA","timestamp":"2023-11-09 12:55:51"},{"nodeID":"1300350","text":"Restating","type":"YA","timestamp":"2023-11-09 12:55:51"},{"nodeID":"1300351","text":"it's been the effect of that defence that has pushed Russia back to some extent","type":"I","timestamp":"2023-11-09 12:55:52"},{"nodeID":"1300352","text":"Ian Blackford:  it's been the effect of that defence that has pushed Russia back to some extent","type":"L","timestamp":"2023-11-09 12:55:52"},{"nodeID":"1300353","text":"Analysing","type":"YA","timestamp":"2023-11-09 12:55:52"},{"nodeID":"1300354","text":"Chris: Ian Blackford:  it's been the effect of that defence that has pushed Russia back to some extent","type":"L","timestamp":"2023-11-09 12:55:52"},{"nodeID":"1300355","text":"Asserting","type":"YA","timestamp":"2023-11-09 12:55:52"},{"nodeID":"1300356","text":"Default Transition","type":"TA","timestamp":"2023-11-09 12:55:52"},{"nodeID":"1300357","text":"Default Inference","type":"RA","timestamp":"2023-11-09 12:55:52"},{"nodeID":"1300358","text":"Arguing","type":"YA","timestamp":"2023-11-09 12:55:52"},{"nodeID":"1300359","text":"Arguing","type":"YA","timestamp":"2023-11-09 12:55:52"},{"nodeID":"1300360","text":"Restating","type":"YA","timestamp":"2023-11-09 12:55:52"}],"edges":[{"edgeID":"1708654","fromID":"1300262","toID":"1300261","formEdgeID":null},{"edgeID":"1708655","fromID":"1300263","toID":"1300262","formEdgeID":null},{"edgeID":"1708656","fromID":"1300261","toID":"1300264","formEdgeID":null},{"edgeID":"1708657","fromID":"1300264","toID":"1300260","formEdgeID":null},{"edgeID":"1708658","fromID":"1300267","toID":"1300266","formEdgeID":null},{"edgeID":"1708659","fromID":"1300268","toID":"1300267","formEdgeID":null},{"edgeID":"1708660","fromID":"1300266","toID":"1300269","formEdgeID":null},{"edgeID":"1708661","fromID":"1300269","toID":"1300265","formEdgeID":null},{"edgeID":"1708662","fromID":"1300261","toID":"1300270","formEdgeID":null},{"edgeID":"1708663","fromID":"1300270","toID":"1300266","formEdgeID":null},{"edgeID":"1708664","fromID":"1300273","toID":"1300272","formEdgeID":null},{"edgeID":"1708665","fromID":"1300274","toID":"1300273","formEdgeID":null},{"edgeID":"1708666","fromID":"1300272","toID":"1300275","formEdgeID":null},{"edgeID":"1708667","fromID":"1300275","toID":"1300271","formEdgeID":null},{"edgeID":"1708668","fromID":"1300266","toID":"1300276","formEdgeID":null},{"edgeID":"1708669","fromID":"1300276","toID":"1300272","formEdgeID":null},{"edgeID":"1708670","fromID":"1300271","toID":"1300277","formEdgeID":null},{"edgeID":"1708671","fromID":"1300277","toID":"1300265","formEdgeID":null},{"edgeID":"1708672","fromID":"1300276","toID":"1300278","formEdgeID":null},{"edgeID":"1708673","fromID":"1300278","toID":"1300277","formEdgeID":null},{"edgeID":"1708674","fromID":"1300281","toID":"1300280","formEdgeID":null},{"edgeID":"1708675","fromID":"1300282","toID":"1300281","formEdgeID":null},{"edgeID":"1708676","fromID":"1300280","toID":"1300283","formEdgeID":null},{"edgeID":"1708677","fromID":"1300283","toID":"1300279","formEdgeID":null},{"edgeID":"1708678","fromID":"1300272","toID":"1300284","formEdgeID":null},{"edgeID":"1708679","fromID":"1300284","toID":"1300280","formEdgeID":null},{"edgeID":"1708680","fromID":"1300271","toID":"1300285","formEdgeID":null},{"edgeID":"1708681","fromID":"1300285","toID":"1300279","formEdgeID":null},{"edgeID":"1708682","fromID":"1300288","toID":"1300287","formEdgeID":null},{"edgeID":"1708683","fromID":"1300289","toID":"1300288","formEdgeID":null},{"edgeID":"1708684","fromID":"1300287","toID":"1300290","formEdgeID":null},{"edgeID":"1708685","fromID":"1300290","toID":"1300286","formEdgeID":null},{"edgeID":"1708686","fromID":"1300280","toID":"1300291","formEdgeID":null},{"edgeID":"1708687","fromID":"1300291","toID":"1300287","formEdgeID":null},{"edgeID":"1708688","fromID":"1300286","toID":"1300292","formEdgeID":null},{"edgeID":"1708689","fromID":"1300292","toID":"1300279","formEdgeID":null},{"edgeID":"1708690","fromID":"1300295","toID":"1300294","formEdgeID":null},{"edgeID":"1708691","fromID":"1300296","toID":"1300295","formEdgeID":null},{"edgeID":"1708692","fromID":"1300294","toID":"1300297","formEdgeID":null},{"edgeID":"1708693","fromID":"1300297","toID":"1300293","formEdgeID":null},{"edgeID":"1708694","fromID":"1300287","toID":"1300298","formEdgeID":null},{"edgeID":"1708695","fromID":"1300298","toID":"1300294","formEdgeID":null},{"edgeID":"1708696","fromID":"1300301","toID":"1300300","formEdgeID":null},{"edgeID":"1708697","fromID":"1300302","toID":"1300301","formEdgeID":null},{"edgeID":"1708698","fromID":"1300300","toID":"1300303","formEdgeID":null},{"edgeID":"1708699","fromID":"1300303","toID":"1300299","formEdgeID":null},{"edgeID":"1708700","fromID":"1300294","toID":"1300304","formEdgeID":null},{"edgeID":"1708701","fromID":"1300304","toID":"1300300","formEdgeID":null},{"edgeID":"1708702","fromID":"1300299","toID":"1300305","formEdgeID":null},{"edgeID":"1708703","fromID":"1300305","toID":"1300293","formEdgeID":null},{"edgeID":"1708704","fromID":"1300304","toID":"1300306","formEdgeID":null},{"edgeID":"1708705","fromID":"1300306","toID":"1300305","formEdgeID":null},{"edgeID":"1708706","fromID":"1300309","toID":"1300308","formEdgeID":null},{"edgeID":"1708707","fromID":"1300310","toID":"1300309","formEdgeID":null},{"edgeID":"1708708","fromID":"1300308","toID":"1300311","formEdgeID":null},{"edgeID":"1708709","fromID":"1300311","toID":"1300307","formEdgeID":null},{"edgeID":"1708710","fromID":"1300300","toID":"1300312","formEdgeID":null},{"edgeID":"1708711","fromID":"1300312","toID":"1300308","formEdgeID":null},{"edgeID":"1708712","fromID":"1300315","toID":"1300314","formEdgeID":null},{"edgeID":"1708713","fromID":"1300316","toID":"1300315","formEdgeID":null},{"edgeID":"1708714","fromID":"1300314","toID":"1300317","formEdgeID":null},{"edgeID":"1708715","fromID":"1300317","toID":"1300313","formEdgeID":null},{"edgeID":"1708716","fromID":"1300308","toID":"1300318","formEdgeID":null},{"edgeID":"1708717","fromID":"1300318","toID":"1300314","formEdgeID":null},{"edgeID":"1708718","fromID":"1300321","toID":"1300320","formEdgeID":null},{"edgeID":"1708719","fromID":"1300322","toID":"1300321","formEdgeID":null},{"edgeID":"1708720","fromID":"1300320","toID":"1300323","formEdgeID":null},{"edgeID":"1708721","fromID":"1300323","toID":"1300319","formEdgeID":null},{"edgeID":"1708722","fromID":"1300314","toID":"1300324","formEdgeID":null},{"edgeID":"1708723","fromID":"1300324","toID":"1300320","formEdgeID":null},{"edgeID":"1708724","fromID":"1300327","toID":"1300326","formEdgeID":null},{"edgeID":"1708725","fromID":"1300328","toID":"1300327","formEdgeID":null},{"edgeID":"1708726","fromID":"1300326","toID":"1300329","formEdgeID":null},{"edgeID":"1708727","fromID":"1300329","toID":"1300325","formEdgeID":null},{"edgeID":"1708728","fromID":"1300320","toID":"1300330","formEdgeID":null},{"edgeID":"1708729","fromID":"1300330","toID":"1300326","formEdgeID":null},{"edgeID":"1708730","fromID":"1300333","toID":"1300332","formEdgeID":null},{"edgeID":"1708731","fromID":"1300334","toID":"1300333","formEdgeID":null},{"edgeID":"1708732","fromID":"1300332","toID":"1300335","formEdgeID":null},{"edgeID":"1708733","fromID":"1300335","toID":"1300331","formEdgeID":null},{"edgeID":"1708734","fromID":"1300326","toID":"1300336","formEdgeID":null},{"edgeID":"1708735","fromID":"1300336","toID":"1300332","formEdgeID":null},{"edgeID":"1708736","fromID":"1300339","toID":"1300338","formEdgeID":null},{"edgeID":"1708737","fromID":"1300340","toID":"1300339","formEdgeID":null},{"edgeID":"1708738","fromID":"1300338","toID":"1300341","formEdgeID":null},{"edgeID":"1708739","fromID":"1300341","toID":"1300337","formEdgeID":null},{"edgeID":"1708740","fromID":"1300332","toID":"1300342","formEdgeID":null},{"edgeID":"1708741","fromID":"1300342","toID":"1300338","formEdgeID":null},{"edgeID":"1708742","fromID":"1300313","toID":"1300343","formEdgeID":null},{"edgeID":"1708743","fromID":"1300343","toID":"1300307","formEdgeID":null},{"edgeID":"1708744","fromID":"1300319","toID":"1300344","formEdgeID":null},{"edgeID":"1708745","fromID":"1300344","toID":"1300313","formEdgeID":null},{"edgeID":"1708746","fromID":"1300331","toID":"1300345","formEdgeID":null},{"edgeID":"1708747","fromID":"1300345","toID":"1300325","formEdgeID":null},{"edgeID":"1708748","fromID":"1300337","toID":"1300346","formEdgeID":null},{"edgeID":"1708749","fromID":"1300346","toID":"1300331","formEdgeID":null},{"edgeID":"1708750","fromID":"1300318","toID":"1300347","formEdgeID":null},{"edgeID":"1708751","fromID":"1300347","toID":"1300343","formEdgeID":null},{"edgeID":"1708752","fromID":"1300324","toID":"1300348","formEdgeID":null},{"edgeID":"1708753","fromID":"1300348","toID":"1300344","formEdgeID":null},{"edgeID":"1708754","fromID":"1300336","toID":"1300349","formEdgeID":null},{"edgeID":"1708755","fromID":"1300349","toID":"1300345","formEdgeID":null},{"edgeID":"1708756","fromID":"1300342","toID":"1300350","formEdgeID":null},{"edgeID":"1708757","fromID":"1300350","toID":"1300346","formEdgeID":null},{"edgeID":"1708758","fromID":"1300353","toID":"1300352","formEdgeID":null},{"edgeID":"1708759","fromID":"1300354","toID":"1300353","formEdgeID":null},{"edgeID":"1708760","fromID":"1300352","toID":"1300355","formEdgeID":null},{"edgeID":"1708761","fromID":"1300355","toID":"1300351","formEdgeID":null},{"edgeID":"1708762","fromID":"1300338","toID":"1300356","formEdgeID":null},{"edgeID":"1708763","fromID":"1300356","toID":"1300352","formEdgeID":null},{"edgeID":"1708764","fromID":"1300351","toID":"1300357","formEdgeID":null},{"edgeID":"1708765","fromID":"1300357","toID":"1300337","formEdgeID":null},{"edgeID":"1708766","fromID":"1300356","toID":"1300358","formEdgeID":null},{"edgeID":"1708767","fromID":"1300358","toID":"1300357","formEdgeID":null},{"edgeID":"1708768","fromID":"1300284","toID":"1300359","formEdgeID":null},{"edgeID":"1708769","fromID":"1300359","toID":"1300285","formEdgeID":null},{"edgeID":"1708770","fromID":"1300291","toID":"1300360","formEdgeID":null},{"edgeID":"1708771","fromID":"1300360","toID":"1300292","formEdgeID":null}],"locutions":[]}