{"nodes":[{"nodeID":"1300571","text":"in that desire to achieve consensus we must do more","type":"I","timestamp":"2023-11-09 12:56:10"},{"nodeID":"1300572","text":"Ian Blackford: in that desire to achieve consenus we must do more","type":"L","timestamp":"2023-11-09 12:56:10"},{"nodeID":"1300573","text":"Analysing","type":"YA","timestamp":"2023-11-09 12:56:10"},{"nodeID":"1300574","text":"Clara: Ian Blackford: in that desire to achieve consensus, and I was delighted that working with the UK Government last week, and I've commended the Government on helping to get 50 odd orphans out of Dnipro into Scotland, that we must do more","type":"L","timestamp":"2023-11-09 12:56:10"},{"nodeID":"1300575","text":"Asserting","type":"YA","timestamp":"2023-11-09 12:56:10"},{"nodeID":"1300576","text":"working with the UK Government last week Ian Blackford has commended the Government on helping to get 50 odd orphans out of Dnipro into Scotland","type":"I","timestamp":"2023-11-09 12:56:11"},{"nodeID":"1300577","text":"Ian Blackford: working with the UK Government last week, and I've commended the Government on helping to get 50 odd orphans out of Dnipro into Scotland","type":"L","timestamp":"2023-11-09 12:56:11"},{"nodeID":"1300578","text":"Analysing","type":"YA","timestamp":"2023-11-09 12:56:11"},{"nodeID":"1300579","text":"Clara: Ian Blackford: working with the UK Government last week, and I've commended the Government on helping to get 50 odd orphans out of Dnipro into Scotland","type":"L","timestamp":"2023-11-09 12:56:11"},{"nodeID":"1300580","text":"Asserting","type":"YA","timestamp":"2023-11-09 12:56:11"},{"nodeID":"1300581","text":"Default Transition","type":"TA","timestamp":"2023-11-09 12:56:11"},{"nodeID":"1300582","text":"Default Conflict","type":"CA","timestamp":"2023-11-09 12:56:11"},{"nodeID":"1300583","text":"Disagreeing","type":"YA","timestamp":"2023-11-09 12:56:11"},{"nodeID":"1300584","text":"we must make sure that we open our doors","type":"I","timestamp":"2023-11-09 12:56:11"},{"nodeID":"1300585","text":"Ian Blackford: We must make sure that we open our doors","type":"L","timestamp":"2023-11-09 12:56:11"},{"nodeID":"1300586","text":"Analysing","type":"YA","timestamp":"2023-11-09 12:56:11"},{"nodeID":"1300587","text":"Clara: Ian Blackford: We must make sure that we open our doors","type":"L","timestamp":"2023-11-09 12:56:11"},{"nodeID":"1300588","text":"Asserting","type":"YA","timestamp":"2023-11-09 12:56:11"},{"nodeID":"1300589","text":"we must make sure that we open our hearts","type":"I","timestamp":"2023-11-09 12:56:12"},{"nodeID":"1300590","text":"Ian Blackford: we open our hearts","type":"L","timestamp":"2023-11-09 12:56:12"},{"nodeID":"1300591","text":"Analysing","type":"YA","timestamp":"2023-11-09 12:56:12"},{"nodeID":"1300592","text":"Clara: Ian Blackford: we open our hearts","type":"L","timestamp":"2023-11-09 12:56:12"},{"nodeID":"1300593","text":"Asserting","type":"YA","timestamp":"2023-11-09 12:56:12"},{"nodeID":"1300594","text":"those that need our sanctuary, ten million people have been displaced in Ukraine","type":"I","timestamp":"2023-11-09 12:56:12"},{"nodeID":"1300595","text":"Ian Blackford: those that need our sanctuary, ten million people have been displaced in Ukraine","type":"L","timestamp":"2023-11-09 12:56:12"},{"nodeID":"1300596","text":"Analysing","type":"YA","timestamp":"2023-11-09 12:56:12"},{"nodeID":"1300597","text":"Clara: Ian Blackford: those that need our sanctuary, ten million people have been displaced in Ukraine","type":"L","timestamp":"2023-11-09 12:56:12"},{"nodeID":"1300598","text":"Asserting","type":"YA","timestamp":"2023-11-09 12:56:12"},{"nodeID":"1300599","text":"four and a half million people have left Ukraine","type":"I","timestamp":"2023-11-09 12:56:13"},{"nodeID":"1300600","text":"Ian Blackford: Four and a half million people have left that country","type":"L","timestamp":"2023-11-09 12:56:13"},{"nodeID":"1300601","text":"Analysing","type":"YA","timestamp":"2023-11-09 12:56:13"},{"nodeID":"1300602","text":"Clara: Ian Blackford: Four and a half million people have left that country","type":"L","timestamp":"2023-11-09 12:56:13"},{"nodeID":"1300603","text":"Asserting","type":"YA","timestamp":"2023-11-09 12:56:13"},{"nodeID":"1300604","text":"Default Transition","type":"TA","timestamp":"2023-11-09 12:56:13"},{"nodeID":"1300605","text":"Default Rephrase","type":"MA","timestamp":"2023-11-09 12:56:13"},{"nodeID":"1300606","text":"Restating","type":"YA","timestamp":"2023-11-09 12:56:13"},{"nodeID":"1300607","text":"we need to do our bit to make sure that people can find sanctuary here today","type":"I","timestamp":"2023-11-09 12:56:14"},{"nodeID":"1300608","text":"Ian Blackford: We need to do our bit to make sure that people can find sanctuary here today","type":"L","timestamp":"2023-11-09 12:56:14"},{"nodeID":"1300609","text":"Analysing","type":"YA","timestamp":"2023-11-09 12:56:14"},{"nodeID":"1300610","text":"Clara: Ian Blackford: We need to do our bit to make sure that people can find sanctuary here today","type":"L","timestamp":"2023-11-09 12:56:14"},{"nodeID":"1300611","text":"Asserting","type":"YA","timestamp":"2023-11-09 12:56:14"},{"nodeID":"1300612","text":"Default Transition","type":"TA","timestamp":"2023-11-09 12:56:14"},{"nodeID":"1300613","text":"Default Transition","type":"TA","timestamp":"2023-11-09 12:56:14"},{"nodeID":"1300614","text":"Default Inference","type":"RA","timestamp":"2023-11-09 12:56:14"},{"nodeID":"1300615","text":"Arguing","type":"YA","timestamp":"2023-11-09 12:56:14"},{"nodeID":"1300616","text":"Default Transition","type":"TA","timestamp":"2023-11-09 12:56:14"},{"nodeID":"1300617","text":"Default Inference","type":"RA","timestamp":"2023-11-09 12:56:14"},{"nodeID":"1300618","text":"Arguing","type":"YA","timestamp":"2023-11-09 12:56:14"},{"nodeID":"1300619","text":"Default Inference","type":"RA","timestamp":"2023-11-09 12:56:14"},{"nodeID":"1300620","text":"Arguing","type":"YA","timestamp":"2023-11-09 12:56:14"},{"nodeID":"1300621","text":"Default Transition","type":"TA","timestamp":"2023-11-09 12:56:14"},{"nodeID":"1300622","text":"Default Transition","type":"TA","timestamp":"2023-11-09 12:56:14"},{"nodeID":"1300623","text":"we've got a minister saying that we're going to help Ukraine as much as possible","type":"I","timestamp":"2023-11-09 12:56:14"},{"nodeID":"1300624","text":"AudienceMember 20220310QT15:  We've got a minister saying that we're going to help Ukraine as much as possible","type":"L","timestamp":"2023-11-09 12:56:14"},{"nodeID":"1300625","text":"Analysing","type":"YA","timestamp":"2023-11-09 12:56:14"},{"nodeID":"1300626","text":"Clara: AudienceMember 20220310QT15:  We've got a minister saying that we're going to help Ukraine as much as possible","type":"L","timestamp":"2023-11-09 12:56:14"},{"nodeID":"1300627","text":"Asserting","type":"YA","timestamp":"2023-11-09 12:56:14"},{"nodeID":"1300628","text":"Default Transition","type":"TA","timestamp":"2023-11-09 12:56:14"},{"nodeID":"1300629","text":"we still are seeing really low numbers of refugees being allowed into the UK","type":"I","timestamp":"2023-11-09 12:56:15"},{"nodeID":"1300630","text":"AudienceMember 20220310QT15: we still are seeing really low numbers of refugees being allowed into this country","type":"L","timestamp":"2023-11-09 12:56:15"},{"nodeID":"1300631","text":"Analysing","type":"YA","timestamp":"2023-11-09 12:56:15"},{"nodeID":"1300632","text":"Clara: AudienceMember 20220310QT15: we still are seeing really low numbers of refugees being allowed into this country","type":"L","timestamp":"2023-11-09 12:56:15"},{"nodeID":"1300633","text":"Asserting","type":"YA","timestamp":"2023-11-09 12:56:15"},{"nodeID":"1300634","text":"Default Transition","type":"TA","timestamp":"2023-11-09 12:56:15"},{"nodeID":"1300635","text":"Default Conflict","type":"CA","timestamp":"2023-11-09 12:56:15"},{"nodeID":"1300636","text":"Disagreeing","type":"YA","timestamp":"2023-11-09 12:56:15"},{"nodeID":"1300637","text":"last week there was a lot of talk about yes, we're speeding up the process, we're doing everything we can to help Ukrainian refugees","type":"I","timestamp":"2023-11-09 12:56:15"},{"nodeID":"1300638","text":"AudienceMember 20220310QT15: Last week there was a lot of talk about yes, we're speeding up the process, we're doing everything we can to help them","type":"L","timestamp":"2023-11-09 12:56:15"},{"nodeID":"1300639","text":"Analysing","type":"YA","timestamp":"2023-11-09 12:56:15"},{"nodeID":"1300640","text":"Clara: AudienceMember 20220310QT15: Last week there was a lot of talk about yes, we're speeding up the process, we're doing everything we can to help them","type":"L","timestamp":"2023-11-09 12:56:15"},{"nodeID":"1300641","text":"Asserting","type":"YA","timestamp":"2023-11-09 12:56:15"},{"nodeID":"1300642","text":"Default Transition","type":"TA","timestamp":"2023-11-09 12:56:15"},{"nodeID":"1300643","text":"Default Rephrase","type":"MA","timestamp":"2023-11-09 12:56:15"},{"nodeID":"1300644","text":"Restating","type":"YA","timestamp":"2023-11-09 12:56:15"},{"nodeID":"1300645","text":"we're still seeing disastrous numbers of people actually being allowed into the UK","type":"I","timestamp":"2023-11-09 12:56:16"},{"nodeID":"1300646","text":"AudienceMember 20220310QT15:  we're still seeing disastrous numbers of people actually being allowed","type":"L","timestamp":"2023-11-09 12:56:16"},{"nodeID":"1300647","text":"Analysing","type":"YA","timestamp":"2023-11-09 12:56:16"},{"nodeID":"1300648","text":"Clara: AudienceMember 20220310QT15:  we're still seeing disastrous numbers of people actually being allowed","type":"L","timestamp":"2023-11-09 12:56:16"},{"nodeID":"1300649","text":"Asserting","type":"YA","timestamp":"2023-11-09 12:56:16"},{"nodeID":"1300650","text":"Default Transition","type":"TA","timestamp":"2023-11-09 12:56:16"},{"nodeID":"1300651","text":"Default Rephrase","type":"MA","timestamp":"2023-11-09 12:56:16"},{"nodeID":"1300652","text":"Restating","type":"YA","timestamp":"2023-11-09 12:56:16"},{"nodeID":"1300653","text":"there's been a huge outpouring of goodwill to rehome Ukrainian refugees and support them at their time of need","type":"I","timestamp":"2023-11-09 12:56:16"},{"nodeID":"1300654","text":"AudienceMember 20220310QT15:  there's been a huge outpouring of goodwill to rehome these people and support them at their time of need","type":"L","timestamp":"2023-11-09 12:56:16"},{"nodeID":"1300655","text":"Analysing","type":"YA","timestamp":"2023-11-09 12:56:17"},{"nodeID":"1300656","text":"Clara: AudienceMember 20220310QT15:  there's been a huge outpouring of goodwill to rehome these people and support them at their time of need","type":"L","timestamp":"2023-11-09 12:56:17"},{"nodeID":"1300657","text":"Asserting","type":"YA","timestamp":"2023-11-09 12:56:17"},{"nodeID":"1300658","text":"Default Transition","type":"TA","timestamp":"2023-11-09 12:56:17"},{"nodeID":"1300659","text":"Default Conflict","type":"CA","timestamp":"2023-11-09 12:56:17"},{"nodeID":"1300660","text":"Disagreeing","type":"YA","timestamp":"2023-11-09 12:56:17"}],"edges":[{"edgeID":"1709022","fromID":"1300573","toID":"1300572","formEdgeID":null},{"edgeID":"1709023","fromID":"1300574","toID":"1300573","formEdgeID":null},{"edgeID":"1709024","fromID":"1300572","toID":"1300575","formEdgeID":null},{"edgeID":"1709025","fromID":"1300575","toID":"1300571","formEdgeID":null},{"edgeID":"1709026","fromID":"1300578","toID":"1300577","formEdgeID":null},{"edgeID":"1709027","fromID":"1300579","toID":"1300578","formEdgeID":null},{"edgeID":"1709028","fromID":"1300577","toID":"1300580","formEdgeID":null},{"edgeID":"1709029","fromID":"1300580","toID":"1300576","formEdgeID":null},{"edgeID":"1709030","fromID":"1300572","toID":"1300581","formEdgeID":null},{"edgeID":"1709031","fromID":"1300581","toID":"1300577","formEdgeID":null},{"edgeID":"1709032","fromID":"1300576","toID":"1300582","formEdgeID":null},{"edgeID":"1709033","fromID":"1300582","toID":"1300571","formEdgeID":null},{"edgeID":"1709034","fromID":"1300581","toID":"1300583","formEdgeID":null},{"edgeID":"1709035","fromID":"1300583","toID":"1300582","formEdgeID":null},{"edgeID":"1709036","fromID":"1300586","toID":"1300585","formEdgeID":null},{"edgeID":"1709037","fromID":"1300587","toID":"1300586","formEdgeID":null},{"edgeID":"1709038","fromID":"1300585","toID":"1300588","formEdgeID":null},{"edgeID":"1709039","fromID":"1300588","toID":"1300584","formEdgeID":null},{"edgeID":"1709040","fromID":"1300591","toID":"1300590","formEdgeID":null},{"edgeID":"1709041","fromID":"1300592","toID":"1300591","formEdgeID":null},{"edgeID":"1709042","fromID":"1300590","toID":"1300593","formEdgeID":null},{"edgeID":"1709043","fromID":"1300593","toID":"1300589","formEdgeID":null},{"edgeID":"1709044","fromID":"1300596","toID":"1300595","formEdgeID":null},{"edgeID":"1709045","fromID":"1300597","toID":"1300596","formEdgeID":null},{"edgeID":"1709046","fromID":"1300595","toID":"1300598","formEdgeID":null},{"edgeID":"1709047","fromID":"1300598","toID":"1300594","formEdgeID":null},{"edgeID":"1709048","fromID":"1300601","toID":"1300600","formEdgeID":null},{"edgeID":"1709049","fromID":"1300602","toID":"1300601","formEdgeID":null},{"edgeID":"1709050","fromID":"1300600","toID":"1300603","formEdgeID":null},{"edgeID":"1709051","fromID":"1300603","toID":"1300599","formEdgeID":null},{"edgeID":"1709052","fromID":"1300595","toID":"1300604","formEdgeID":null},{"edgeID":"1709053","fromID":"1300604","toID":"1300600","formEdgeID":null},{"edgeID":"1709054","fromID":"1300599","toID":"1300605","formEdgeID":null},{"edgeID":"1709055","fromID":"1300605","toID":"1300594","formEdgeID":null},{"edgeID":"1709056","fromID":"1300604","toID":"1300606","formEdgeID":null},{"edgeID":"1709057","fromID":"1300606","toID":"1300605","formEdgeID":null},{"edgeID":"1709058","fromID":"1300609","toID":"1300608","formEdgeID":null},{"edgeID":"1709059","fromID":"1300610","toID":"1300609","formEdgeID":null},{"edgeID":"1709060","fromID":"1300608","toID":"1300611","formEdgeID":null},{"edgeID":"1709061","fromID":"1300611","toID":"1300607","formEdgeID":null},{"edgeID":"1709062","fromID":"1300572","toID":"1300612","formEdgeID":null},{"edgeID":"1709063","fromID":"1300612","toID":"1300608","formEdgeID":null},{"edgeID":"1709064","fromID":"1300572","toID":"1300613","formEdgeID":null},{"edgeID":"1709065","fromID":"1300613","toID":"1300585","formEdgeID":null},{"edgeID":"1709066","fromID":"1300571","toID":"1300614","formEdgeID":null},{"edgeID":"1709067","fromID":"1300614","toID":"1300584","formEdgeID":null},{"edgeID":"1709068","fromID":"1300613","toID":"1300615","formEdgeID":null},{"edgeID":"1709069","fromID":"1300615","toID":"1300614","formEdgeID":null},{"edgeID":"1709070","fromID":"1300572","toID":"1300616","formEdgeID":null},{"edgeID":"1709071","fromID":"1300616","toID":"1300590","formEdgeID":null},{"edgeID":"1709072","fromID":"1300571","toID":"1300617","formEdgeID":null},{"edgeID":"1709073","fromID":"1300617","toID":"1300589","formEdgeID":null},{"edgeID":"1709074","fromID":"1300616","toID":"1300618","formEdgeID":null},{"edgeID":"1709075","fromID":"1300618","toID":"1300617","formEdgeID":null},{"edgeID":"1709076","fromID":"1300584","toID":"1300619","formEdgeID":null},{"edgeID":"1709077","fromID":"1300619","toID":"1300607","formEdgeID":null},{"edgeID":"1709078","fromID":"1300589","toID":"1300619","formEdgeID":null},{"edgeID":"1709079","fromID":"1300594","toID":"1300619","formEdgeID":null},{"edgeID":"1709080","fromID":"1300612","toID":"1300620","formEdgeID":null},{"edgeID":"1709081","fromID":"1300620","toID":"1300619","formEdgeID":null},{"edgeID":"1709082","fromID":"1300590","toID":"1300621","formEdgeID":null},{"edgeID":"1709083","fromID":"1300621","toID":"1300608","formEdgeID":null},{"edgeID":"1709084","fromID":"1300585","toID":"1300622","formEdgeID":null},{"edgeID":"1709085","fromID":"1300622","toID":"1300608","formEdgeID":null},{"edgeID":"1709086","fromID":"1300625","toID":"1300624","formEdgeID":null},{"edgeID":"1709087","fromID":"1300626","toID":"1300625","formEdgeID":null},{"edgeID":"1709088","fromID":"1300624","toID":"1300627","formEdgeID":null},{"edgeID":"1709089","fromID":"1300627","toID":"1300623","formEdgeID":null},{"edgeID":"1709090","fromID":"1300608","toID":"1300628","formEdgeID":null},{"edgeID":"1709091","fromID":"1300628","toID":"1300624","formEdgeID":null},{"edgeID":"1709092","fromID":"1300631","toID":"1300630","formEdgeID":null},{"edgeID":"1709093","fromID":"1300632","toID":"1300631","formEdgeID":null},{"edgeID":"1709094","fromID":"1300630","toID":"1300633","formEdgeID":null},{"edgeID":"1709095","fromID":"1300633","toID":"1300629","formEdgeID":null},{"edgeID":"1709096","fromID":"1300624","toID":"1300634","formEdgeID":null},{"edgeID":"1709097","fromID":"1300634","toID":"1300630","formEdgeID":null},{"edgeID":"1709098","fromID":"1300629","toID":"1300635","formEdgeID":null},{"edgeID":"1709099","fromID":"1300635","toID":"1300623","formEdgeID":null},{"edgeID":"1709100","fromID":"1300634","toID":"1300636","formEdgeID":null},{"edgeID":"1709101","fromID":"1300636","toID":"1300635","formEdgeID":null},{"edgeID":"1709102","fromID":"1300639","toID":"1300638","formEdgeID":null},{"edgeID":"1709103","fromID":"1300640","toID":"1300639","formEdgeID":null},{"edgeID":"1709104","fromID":"1300638","toID":"1300641","formEdgeID":null},{"edgeID":"1709105","fromID":"1300641","toID":"1300637","formEdgeID":null},{"edgeID":"1709106","fromID":"1300624","toID":"1300642","formEdgeID":null},{"edgeID":"1709107","fromID":"1300642","toID":"1300638","formEdgeID":null},{"edgeID":"1709108","fromID":"1300637","toID":"1300643","formEdgeID":null},{"edgeID":"1709109","fromID":"1300643","toID":"1300623","formEdgeID":null},{"edgeID":"1709110","fromID":"1300642","toID":"1300644","formEdgeID":null},{"edgeID":"1709111","fromID":"1300644","toID":"1300643","formEdgeID":null},{"edgeID":"1709112","fromID":"1300647","toID":"1300646","formEdgeID":null},{"edgeID":"1709113","fromID":"1300648","toID":"1300647","formEdgeID":null},{"edgeID":"1709114","fromID":"1300646","toID":"1300649","formEdgeID":null},{"edgeID":"1709115","fromID":"1300649","toID":"1300645","formEdgeID":null},{"edgeID":"1709116","fromID":"1300630","toID":"1300650","formEdgeID":null},{"edgeID":"1709117","fromID":"1300650","toID":"1300646","formEdgeID":null},{"edgeID":"1709118","fromID":"1300645","toID":"1300651","formEdgeID":null},{"edgeID":"1709119","fromID":"1300651","toID":"1300629","formEdgeID":null},{"edgeID":"1709120","fromID":"1300650","toID":"1300652","formEdgeID":null},{"edgeID":"1709121","fromID":"1300652","toID":"1300651","formEdgeID":null},{"edgeID":"1709122","fromID":"1300655","toID":"1300654","formEdgeID":null},{"edgeID":"1709123","fromID":"1300656","toID":"1300655","formEdgeID":null},{"edgeID":"1709124","fromID":"1300654","toID":"1300657","formEdgeID":null},{"edgeID":"1709125","fromID":"1300657","toID":"1300653","formEdgeID":null},{"edgeID":"1709126","fromID":"1300646","toID":"1300658","formEdgeID":null},{"edgeID":"1709127","fromID":"1300658","toID":"1300654","formEdgeID":null},{"edgeID":"1709128","fromID":"1300653","toID":"1300659","formEdgeID":null},{"edgeID":"1709129","fromID":"1300659","toID":"1300645","formEdgeID":null},{"edgeID":"1709130","fromID":"1300658","toID":"1300660","formEdgeID":null},{"edgeID":"1709131","fromID":"1300660","toID":"1300659","formEdgeID":null}],"locutions":[]}