{"nodes":[{"nodeID":"1144947","text":"it's about the entitlement of being in office and a way to behave","type":"I","timestamp":"2023-04-20 10:11:16"},{"nodeID":"1144952","text":"Boris Johnson must go","type":"I","timestamp":"2023-04-20 10:11:20"},{"nodeID":"1154424","text":"it's not just about this behaviour of the Tory party partying","type":"I","timestamp":"2023-04-21 13:38:43"},{"nodeID":"1154435","text":"the Prime Minister being at a NATO summit might sound like a small thing","type":"I","timestamp":"2023-04-21 13:38:48"},{"nodeID":"1154441","text":"the Prime Minister was at a NATO summit last week","type":"I","timestamp":"2023-04-21 13:38:51"},{"nodeID":"1154447","text":"it is the perceived wisdom that when a Prime Minister comes back from such a conference they come to Parliament and make a statement","type":"I","timestamp":"2023-04-21 13:38:53"},{"nodeID":"1154453","text":"Boris Johnson didn't give a conference after the NATO summit","type":"I","timestamp":"2023-04-21 13:38:56"},{"nodeID":"1154463","text":"Boris Johnson repeatedly didn't come to Parliament and make COVID statements","type":"I","timestamp":"2023-04-21 13:38:59"},{"nodeID":"1154468","text":"Boris Johnson engaged in press conferences","type":"I","timestamp":"2023-04-21 13:39:02"},{"nodeID":"1154474","text":"we've seen a long list of Tory donors end up in the House of Lords","type":"I","timestamp":"2023-04-21 13:39:05"},{"nodeID":"1154479","text":"we had the scandal of the cash for curtains that takes place","type":"I","timestamp":"2023-04-21 13:39:07"},{"nodeID":"1154484","text":"Boris Johnson is undermining our democracy","type":"I","timestamp":"2023-04-21 13:39:10"},{"nodeID":"1154496","text":"Boris Johnson is a threat to our democracy","type":"I","timestamp":"2023-04-21 13:39:13"},{"nodeID":"1303508","text":"Ian Blackford:  it's not just about this behaviour","type":"L","timestamp":"2023-11-09 13:00:22"},{"nodeID":"1303509","text":"Analysing","type":"YA","timestamp":"2023-11-09 13:00:22"},{"nodeID":"1303510","text":"Kyle: Ian Blackford:  it's not just about this behaviour","type":"L","timestamp":"2023-11-09 13:00:22"},{"nodeID":"1303511","text":"Asserting","type":"YA","timestamp":"2023-11-09 13:00:22"},{"nodeID":"1303512","text":"Ian Blackford: it's about the entitlement of being in office and a way to behave","type":"L","timestamp":"2023-11-09 13:00:22"},{"nodeID":"1303513","text":"Analysing","type":"YA","timestamp":"2023-11-09 13:00:22"},{"nodeID":"1303514","text":"Kyle: Ian Blackford: it's about the entitlement of being in office and a way to behave","type":"L","timestamp":"2023-11-09 13:00:22"},{"nodeID":"1303515","text":"Asserting","type":"YA","timestamp":"2023-11-09 13:00:22"},{"nodeID":"1303516","text":"Default Transition","type":"TA","timestamp":"2023-11-09 13:00:22"},{"nodeID":"1303517","text":"Default Inference","type":"RA","timestamp":"2023-11-09 13:00:22"},{"nodeID":"1303518","text":"Arguing","type":"YA","timestamp":"2023-11-09 13:00:22"},{"nodeID":"1303519","text":"Ian Blackford: this might sound like a small thing","type":"L","timestamp":"2023-11-09 13:00:23"},{"nodeID":"1303520","text":"Analysing","type":"YA","timestamp":"2023-11-09 13:00:23"},{"nodeID":"1303521","text":"Kyle: Ian Blackford: this might sound like a small thing","type":"L","timestamp":"2023-11-09 13:00:23"},{"nodeID":"1303522","text":"Asserting","type":"YA","timestamp":"2023-11-09 13:00:23"},{"nodeID":"1303523","text":"Default Transition","type":"TA","timestamp":"2023-11-09 13:00:23"},{"nodeID":"1303524","text":"Ian Blackford: the Prime Minister was at a NATO summit last week","type":"L","timestamp":"2023-11-09 13:00:23"},{"nodeID":"1303525","text":"Analysing","type":"YA","timestamp":"2023-11-09 13:00:23"},{"nodeID":"1303526","text":"Kyle: Ian Blackford: the Prime Minister was at a NATO summit last week","type":"L","timestamp":"2023-11-09 13:00:23"},{"nodeID":"1303527","text":"Asserting","type":"YA","timestamp":"2023-11-09 13:00:23"},{"nodeID":"1303528","text":"Default Transition","type":"TA","timestamp":"2023-11-09 13:00:23"},{"nodeID":"1303529","text":"Ian Blackford: it is the perceived wisdom that when a Prime Minister comes back from such a conference they come to Parliament and make a statement","type":"L","timestamp":"2023-11-09 13:00:24"},{"nodeID":"1303530","text":"Analysing","type":"YA","timestamp":"2023-11-09 13:00:24"},{"nodeID":"1303531","text":"Kyle: Ian Blackford: it is the perceived wisdom that when a Prime Minister comes back from such a conference they come to Parliament and make a statement","type":"L","timestamp":"2023-11-09 13:00:24"},{"nodeID":"1303532","text":"Asserting","type":"YA","timestamp":"2023-11-09 13:00:24"},{"nodeID":"1303533","text":"Default Transition","type":"TA","timestamp":"2023-11-09 13:00:24"},{"nodeID":"1303534","text":"Ian Blackford: He didn't do so","type":"L","timestamp":"2023-11-09 13:00:24"},{"nodeID":"1303535","text":"Analysing","type":"YA","timestamp":"2023-11-09 13:00:24"},{"nodeID":"1303536","text":"Kyle: Ian Blackford: He didn't do so","type":"L","timestamp":"2023-11-09 13:00:24"},{"nodeID":"1303537","text":"Asserting","type":"YA","timestamp":"2023-11-09 13:00:24"},{"nodeID":"1303538","text":"Default Transition","type":"TA","timestamp":"2023-11-09 13:00:24"},{"nodeID":"1303539","text":"Default Conflict","type":"CA","timestamp":"2023-11-09 13:00:24"},{"nodeID":"1303540","text":"Disagreeing","type":"YA","timestamp":"2023-11-09 13:00:24"},{"nodeID":"1303541","text":"Default Inference","type":"RA","timestamp":"2023-11-09 13:00:24"},{"nodeID":"1303542","text":"Arguing","type":"YA","timestamp":"2023-11-09 13:00:24"},{"nodeID":"1303543","text":"Ian Blackford: He repeatedly didn't come to Parliament and make COVID statements","type":"L","timestamp":"2023-11-09 13:00:25"},{"nodeID":"1303544","text":"Analysing","type":"YA","timestamp":"2023-11-09 13:00:25"},{"nodeID":"1303545","text":"Kyle: Ian Blackford: He repeatedly didn't come to Parliament and make COVID statements","type":"L","timestamp":"2023-11-09 13:00:25"},{"nodeID":"1303546","text":"Asserting","type":"YA","timestamp":"2023-11-09 13:00:25"},{"nodeID":"1303547","text":"Ian Blackford: He engaged in press conferences","type":"L","timestamp":"2023-11-09 13:00:26"},{"nodeID":"1303548","text":"Analysing","type":"YA","timestamp":"2023-11-09 13:00:26"},{"nodeID":"1303549","text":"Kyle: Ian Blackford: He engaged in press conferences","type":"L","timestamp":"2023-11-09 13:00:26"},{"nodeID":"1303550","text":"Asserting","type":"YA","timestamp":"2023-11-09 13:00:26"},{"nodeID":"1303551","text":"Default Inference","type":"RA","timestamp":"2023-11-09 13:00:26"},{"nodeID":"1303552","text":"Ian Blackford: We've seen a long list of Tory donors end up in the House of Lords","type":"L","timestamp":"2023-11-09 13:00:26"},{"nodeID":"1303553","text":"Analysing","type":"YA","timestamp":"2023-11-09 13:00:26"},{"nodeID":"1303554","text":"Kyle: Ian Blackford: We've seen a long list of Tory donors end up in the House of Lords","type":"L","timestamp":"2023-11-09 13:00:26"},{"nodeID":"1303555","text":"Asserting","type":"YA","timestamp":"2023-11-09 13:00:26"},{"nodeID":"1303556","text":"Ian Blackford: We had the scandal of the cash for curtains that takes place","type":"L","timestamp":"2023-11-09 13:00:27"},{"nodeID":"1303557","text":"Analysing","type":"YA","timestamp":"2023-11-09 13:00:27"},{"nodeID":"1303558","text":"Kyle: Ian Blackford: We had the scandal of the cash for curtains that takes place","type":"L","timestamp":"2023-11-09 13:00:27"},{"nodeID":"1303559","text":"Asserting","type":"YA","timestamp":"2023-11-09 13:00:27"},{"nodeID":"1303560","text":"Ian Blackford: This man is undermining our democracy","type":"L","timestamp":"2023-11-09 13:00:27"},{"nodeID":"1303561","text":"Analysing","type":"YA","timestamp":"2023-11-09 13:00:27"},{"nodeID":"1303562","text":"Kyle: Ian Blackford: This man is undermining our democracy","type":"L","timestamp":"2023-11-09 13:00:27"},{"nodeID":"1303563","text":"Asserting","type":"YA","timestamp":"2023-11-09 13:00:27"},{"nodeID":"1303564","text":"Default Transition","type":"TA","timestamp":"2023-11-09 13:00:27"},{"nodeID":"1303565","text":"Default Transition","type":"TA","timestamp":"2023-11-09 13:00:27"},{"nodeID":"1303566","text":"Default Transition","type":"TA","timestamp":"2023-11-09 13:00:27"},{"nodeID":"1303567","text":"Default Transition","type":"TA","timestamp":"2023-11-09 13:00:27"},{"nodeID":"1303568","text":"Arguing","type":"YA","timestamp":"2023-11-09 13:00:27"},{"nodeID":"1303569","text":"Default Transition","type":"TA","timestamp":"2023-11-09 13:00:27"},{"nodeID":"1303570","text":"Default Inference","type":"RA","timestamp":"2023-11-09 13:00:27"},{"nodeID":"1303571","text":"Arguing","type":"YA","timestamp":"2023-11-09 13:00:27"},{"nodeID":"1303572","text":"Ian Blackford: He's a threat to our democracy","type":"L","timestamp":"2023-11-09 13:00:28"},{"nodeID":"1303573","text":"Analysing","type":"YA","timestamp":"2023-11-09 13:00:28"},{"nodeID":"1303574","text":"Kyle: Ian Blackford: He's a threat to our democracy","type":"L","timestamp":"2023-11-09 13:00:28"},{"nodeID":"1303575","text":"Asserting","type":"YA","timestamp":"2023-11-09 13:00:28"},{"nodeID":"1303576","text":"Default Transition","type":"TA","timestamp":"2023-11-09 13:00:28"},{"nodeID":"1303577","text":"Default Rephrase","type":"MA","timestamp":"2023-11-09 13:00:28"},{"nodeID":"1303578","text":"Restating","type":"YA","timestamp":"2023-11-09 13:00:28"},{"nodeID":"1303579","text":"Ian Blackford: He must go","type":"L","timestamp":"2023-11-09 13:00:28"},{"nodeID":"1303580","text":"Analysing","type":"YA","timestamp":"2023-11-09 13:00:28"},{"nodeID":"1303581","text":"Kyle: Ian Blackford: He must go","type":"L","timestamp":"2023-11-09 13:00:28"},{"nodeID":"1303582","text":"Asserting","type":"YA","timestamp":"2023-11-09 13:00:28"},{"nodeID":"1303583","text":"Default Transition","type":"TA","timestamp":"2023-11-09 13:00:28"},{"nodeID":"1303584","text":"Default Inference","type":"RA","timestamp":"2023-11-09 13:00:28"},{"nodeID":"1303585","text":"Arguing","type":"YA","timestamp":"2023-11-09 13:00:28"}],"edges":[{"edgeID":"1712715","fromID":"1303509","toID":"1303508","formEdgeID":null},{"edgeID":"1712716","fromID":"1303510","toID":"1303509","formEdgeID":null},{"edgeID":"1712717","fromID":"1303508","toID":"1303511","formEdgeID":null},{"edgeID":"1712718","fromID":"1303511","toID":"1154424","formEdgeID":null},{"edgeID":"1712719","fromID":"1303513","toID":"1303512","formEdgeID":null},{"edgeID":"1712720","fromID":"1303514","toID":"1303513","formEdgeID":null},{"edgeID":"1712721","fromID":"1303512","toID":"1303515","formEdgeID":null},{"edgeID":"1712722","fromID":"1303515","toID":"1144947","formEdgeID":null},{"edgeID":"1712723","fromID":"1303508","toID":"1303516","formEdgeID":null},{"edgeID":"1712724","fromID":"1303516","toID":"1303512","formEdgeID":null},{"edgeID":"1712725","fromID":"1144947","toID":"1303517","formEdgeID":null},{"edgeID":"1712726","fromID":"1303517","toID":"1154424","formEdgeID":null},{"edgeID":"1712727","fromID":"1303516","toID":"1303518","formEdgeID":null},{"edgeID":"1712728","fromID":"1303518","toID":"1303517","formEdgeID":null},{"edgeID":"1712729","fromID":"1303520","toID":"1303519","formEdgeID":null},{"edgeID":"1712730","fromID":"1303521","toID":"1303520","formEdgeID":null},{"edgeID":"1712731","fromID":"1303519","toID":"1303522","formEdgeID":null},{"edgeID":"1712732","fromID":"1303522","toID":"1154435","formEdgeID":null},{"edgeID":"1712733","fromID":"1303512","toID":"1303523","formEdgeID":null},{"edgeID":"1712734","fromID":"1303523","toID":"1303519","formEdgeID":null},{"edgeID":"1712735","fromID":"1303525","toID":"1303524","formEdgeID":null},{"edgeID":"1712736","fromID":"1303526","toID":"1303525","formEdgeID":null},{"edgeID":"1712737","fromID":"1303524","toID":"1303527","formEdgeID":null},{"edgeID":"1712738","fromID":"1303527","toID":"1154441","formEdgeID":null},{"edgeID":"1712739","fromID":"1303519","toID":"1303528","formEdgeID":null},{"edgeID":"1712740","fromID":"1303528","toID":"1303524","formEdgeID":null},{"edgeID":"1712741","fromID":"1303530","toID":"1303529","formEdgeID":null},{"edgeID":"1712742","fromID":"1303531","toID":"1303530","formEdgeID":null},{"edgeID":"1712743","fromID":"1303529","toID":"1303532","formEdgeID":null},{"edgeID":"1712744","fromID":"1303532","toID":"1154447","formEdgeID":null},{"edgeID":"1712745","fromID":"1303524","toID":"1303533","formEdgeID":null},{"edgeID":"1712746","fromID":"1303533","toID":"1303529","formEdgeID":null},{"edgeID":"1712747","fromID":"1303535","toID":"1303534","formEdgeID":null},{"edgeID":"1712748","fromID":"1303536","toID":"1303535","formEdgeID":null},{"edgeID":"1712749","fromID":"1303534","toID":"1303537","formEdgeID":null},{"edgeID":"1712750","fromID":"1303537","toID":"1154453","formEdgeID":null},{"edgeID":"1712751","fromID":"1303529","toID":"1303538","formEdgeID":null},{"edgeID":"1712752","fromID":"1303538","toID":"1303534","formEdgeID":null},{"edgeID":"1712753","fromID":"1154453","toID":"1303539","formEdgeID":null},{"edgeID":"1712754","fromID":"1303539","toID":"1154447","formEdgeID":null},{"edgeID":"1712755","fromID":"1303538","toID":"1303540","formEdgeID":null},{"edgeID":"1712756","fromID":"1303540","toID":"1303539","formEdgeID":null},{"edgeID":"1712757","fromID":"1154447","toID":"1303541","formEdgeID":null},{"edgeID":"1712758","fromID":"1303541","toID":"1154441","formEdgeID":null},{"edgeID":"1712759","fromID":"1303533","toID":"1303542","formEdgeID":null},{"edgeID":"1712760","fromID":"1303542","toID":"1303541","formEdgeID":null},{"edgeID":"1712761","fromID":"1303544","toID":"1303543","formEdgeID":null},{"edgeID":"1712762","fromID":"1303545","toID":"1303544","formEdgeID":null},{"edgeID":"1712763","fromID":"1303543","toID":"1303546","formEdgeID":null},{"edgeID":"1712764","fromID":"1303546","toID":"1154463","formEdgeID":null},{"edgeID":"1712765","fromID":"1303548","toID":"1303547","formEdgeID":null},{"edgeID":"1712766","fromID":"1303549","toID":"1303548","formEdgeID":null},{"edgeID":"1712767","fromID":"1303547","toID":"1303550","formEdgeID":null},{"edgeID":"1712768","fromID":"1303550","toID":"1154468","formEdgeID":null},{"edgeID":"1712769","fromID":"1154468","toID":"1303551","formEdgeID":null},{"edgeID":"1712770","fromID":"1303551","toID":"1154463","formEdgeID":null},{"edgeID":"1712771","fromID":"1303553","toID":"1303552","formEdgeID":null},{"edgeID":"1712772","fromID":"1303554","toID":"1303553","formEdgeID":null},{"edgeID":"1712773","fromID":"1303552","toID":"1303555","formEdgeID":null},{"edgeID":"1712774","fromID":"1303555","toID":"1154474","formEdgeID":null},{"edgeID":"1712775","fromID":"1303557","toID":"1303556","formEdgeID":null},{"edgeID":"1712776","fromID":"1303558","toID":"1303557","formEdgeID":null},{"edgeID":"1712777","fromID":"1303556","toID":"1303559","formEdgeID":null},{"edgeID":"1712778","fromID":"1303559","toID":"1154479","formEdgeID":null},{"edgeID":"1712779","fromID":"1303561","toID":"1303560","formEdgeID":null},{"edgeID":"1712780","fromID":"1303562","toID":"1303561","formEdgeID":null},{"edgeID":"1712781","fromID":"1303560","toID":"1303563","formEdgeID":null},{"edgeID":"1712782","fromID":"1303563","toID":"1154484","formEdgeID":null},{"edgeID":"1712783","fromID":"1303556","toID":"1303564","formEdgeID":null},{"edgeID":"1712784","fromID":"1303564","toID":"1303560","formEdgeID":null},{"edgeID":"1712785","fromID":"1303552","toID":"1303565","formEdgeID":null},{"edgeID":"1712786","fromID":"1303565","toID":"1303560","formEdgeID":null},{"edgeID":"1712787","fromID":"1303547","toID":"1303566","formEdgeID":null},{"edgeID":"1712788","fromID":"1303566","toID":"1303560","formEdgeID":null},{"edgeID":"1712789","fromID":"1303543","toID":"1303567","formEdgeID":null},{"edgeID":"1712790","fromID":"1303567","toID":"1303560","formEdgeID":null},{"edgeID":"1712791","fromID":"1303567","toID":"1303568","formEdgeID":null},{"edgeID":"1712792","fromID":"1303568","toID":"1303551","formEdgeID":null},{"edgeID":"1712793","fromID":"1303534","toID":"1303569","formEdgeID":null},{"edgeID":"1712794","fromID":"1303569","toID":"1303560","formEdgeID":null},{"edgeID":"1712795","fromID":"1154453","toID":"1303570","formEdgeID":null},{"edgeID":"1712796","fromID":"1303570","toID":"1154484","formEdgeID":null},{"edgeID":"1712797","fromID":"1154463","toID":"1303570","formEdgeID":null},{"edgeID":"1712798","fromID":"1154468","toID":"1303570","formEdgeID":null},{"edgeID":"1712799","fromID":"1154474","toID":"1303570","formEdgeID":null},{"edgeID":"1712800","fromID":"1154479","toID":"1303570","formEdgeID":null},{"edgeID":"1712801","fromID":"1303564","toID":"1303571","formEdgeID":null},{"edgeID":"1712802","fromID":"1303571","toID":"1303570","formEdgeID":null},{"edgeID":"1712803","fromID":"1303573","toID":"1303572","formEdgeID":null},{"edgeID":"1712804","fromID":"1303574","toID":"1303573","formEdgeID":null},{"edgeID":"1712805","fromID":"1303572","toID":"1303575","formEdgeID":null},{"edgeID":"1712806","fromID":"1303575","toID":"1154496","formEdgeID":null},{"edgeID":"1712807","fromID":"1303560","toID":"1303576","formEdgeID":null},{"edgeID":"1712808","fromID":"1303576","toID":"1303572","formEdgeID":null},{"edgeID":"1712809","fromID":"1154496","toID":"1303577","formEdgeID":null},{"edgeID":"1712810","fromID":"1303577","toID":"1154484","formEdgeID":null},{"edgeID":"1712811","fromID":"1303576","toID":"1303578","formEdgeID":null},{"edgeID":"1712812","fromID":"1303578","toID":"1303577","formEdgeID":null},{"edgeID":"1712813","fromID":"1303580","toID":"1303579","formEdgeID":null},{"edgeID":"1712814","fromID":"1303581","toID":"1303580","formEdgeID":null},{"edgeID":"1712815","fromID":"1303579","toID":"1303582","formEdgeID":null},{"edgeID":"1712816","fromID":"1303582","toID":"1144952","formEdgeID":null},{"edgeID":"1712817","fromID":"1303572","toID":"1303583","formEdgeID":null},{"edgeID":"1712818","fromID":"1303583","toID":"1303579","formEdgeID":null},{"edgeID":"1712819","fromID":"1154496","toID":"1303584","formEdgeID":null},{"edgeID":"1712820","fromID":"1303584","toID":"1144952","formEdgeID":null},{"edgeID":"1712821","fromID":"1303583","toID":"1303585","formEdgeID":null},{"edgeID":"1712822","fromID":"1303585","toID":"1303584","formEdgeID":null}],"locutions":[]}