{"nodes":[{"nodeID":"1302183","text":"yesterday Scotland's Health Secretary reversed the downgrading of a maternity unit in Moray to stop mothers having to travel 65 miles to Aberdeen to give birth","type":"I","timestamp":"2023-11-09 12:58:28"},{"nodeID":"1302184","text":"Victoria Derbyshire: Yesterday Scotland's Health Secretary reversed the downgrading of a maternity unit in Moray to stop mothers having to travel 65 miles to Aberdeen to give birth","type":"L","timestamp":"2023-11-09 12:58:28"},{"nodeID":"1302185","text":"Analysing","type":"YA","timestamp":"2023-11-09 12:58:28"},{"nodeID":"1302186","text":"Chris: Victoria Derbyshire: Yesterday Scotland's Health Secretary reversed the downgrading of a maternity unit in Moray to stop mothers having to travel 65 miles to Aberdeen to give birth","type":"L","timestamp":"2023-11-09 12:58:28"},{"nodeID":"1302187","text":"Asserting","type":"YA","timestamp":"2023-11-09 12:58:28"},{"nodeID":"1302188","text":"it's not far from Ian Blackford's own area of delivering maternity healthcare in Moray at Dr Gray's Hospital","type":"I","timestamp":"2023-11-09 12:58:29"},{"nodeID":"1302189","text":"Ian Blackford: it's not far from my own area of delivering maternity healthcare in Moray at Dr Gray's Hospital","type":"L","timestamp":"2023-11-09 12:58:29"},{"nodeID":"1302190","text":"Analysing","type":"YA","timestamp":"2023-11-09 12:58:29"},{"nodeID":"1302191","text":"Chris: Ian Blackford: it's not far from my own area of delivering maternity healthcare in Moray at Dr Gray's Hospital","type":"L","timestamp":"2023-11-09 12:58:29"},{"nodeID":"1302192","text":"Asserting","type":"YA","timestamp":"2023-11-09 12:58:29"},{"nodeID":"1302193","text":"Default Transition","type":"TA","timestamp":"2023-11-09 12:58:29"},{"nodeID":"1302194","text":"in a way though it strikes at the heart of the things that we're talking about","type":"I","timestamp":"2023-11-09 12:58:30"},{"nodeID":"1302195","text":"Ian Blackford: in a way though it strikes at the heart of the things that we're talking about","type":"L","timestamp":"2023-11-09 12:58:30"},{"nodeID":"1302196","text":"Analysing","type":"YA","timestamp":"2023-11-09 12:58:30"},{"nodeID":"1302197","text":"Chris: Ian Blackford: in a way though it strikes at the heart of the things that we're talking about","type":"L","timestamp":"2023-11-09 12:58:30"},{"nodeID":"1302198","text":"Asserting","type":"YA","timestamp":"2023-11-09 12:58:30"},{"nodeID":"1302199","text":"Default Transition","type":"TA","timestamp":"2023-11-09 12:58:30"},{"nodeID":"1302200","text":"what's been done at Dr Gray's is it's going to be consultant led","type":"I","timestamp":"2023-11-09 12:58:30"},{"nodeID":"1302201","text":"Ian Blackford: what's been done at Dr Gray's is it's going to be consultant led","type":"L","timestamp":"2023-11-09 12:58:30"},{"nodeID":"1302202","text":"Analysing","type":"YA","timestamp":"2023-11-09 12:58:30"},{"nodeID":"1302203","text":"Chris: Ian Blackford: what's been done at Dr Gray's is it's going to be consultant led","type":"L","timestamp":"2023-11-09 12:58:30"},{"nodeID":"1302204","text":"Asserting","type":"YA","timestamp":"2023-11-09 12:58:30"},{"nodeID":"1302205","text":"Default Inference","type":"RA","timestamp":"2023-11-09 12:58:30"},{"nodeID":"1302206","text":"Default Transition","type":"TA","timestamp":"2023-11-09 12:58:30"},{"nodeID":"1302207","text":"Arguing","type":"YA","timestamp":"2023-11-09 12:58:30"},{"nodeID":"1302208","text":"we need to make sure that we've got the professional support, guidance and leadership that mothers need","type":"I","timestamp":"2023-11-09 12:58:31"},{"nodeID":"1302209","text":"Ian Blackford: we need to make sure that we've got the professional support, guidance and leadership that mothers need","type":"L","timestamp":"2023-11-09 12:58:31"},{"nodeID":"1302210","text":"Analysing","type":"YA","timestamp":"2023-11-09 12:58:31"},{"nodeID":"1302211","text":"Chris: Ian Blackford: we need to make sure that we've got the professional support, guidance and leadership that mothers need","type":"L","timestamp":"2023-11-09 12:58:31"},{"nodeID":"1302212","text":"Asserting","type":"YA","timestamp":"2023-11-09 12:58:31"},{"nodeID":"1302213","text":"Default Transition","type":"TA","timestamp":"2023-11-09 12:58:31"},{"nodeID":"1302214","text":"you're balancing the required support off against the types of distances some have to travel","type":"I","timestamp":"2023-11-09 12:58:31"},{"nodeID":"1302215","text":"Ian Blackford: you're balancing that off and the types of distances have to travel","type":"L","timestamp":"2023-11-09 12:58:31"},{"nodeID":"1302216","text":"Analysing","type":"YA","timestamp":"2023-11-09 12:58:31"},{"nodeID":"1302217","text":"Chris: Ian Blackford: you're balancing that off and the types of distances have to travel","type":"L","timestamp":"2023-11-09 12:58:31"},{"nodeID":"1302218","text":"Asserting","type":"YA","timestamp":"2023-11-09 12:58:31"},{"nodeID":"1302219","text":"Default Transition","type":"TA","timestamp":"2023-11-09 12:58:31"},{"nodeID":"1302220","text":"Default Rephrase","type":"MA","timestamp":"2023-11-09 12:58:31"},{"nodeID":"1302221","text":"Restating","type":"YA","timestamp":"2023-11-09 12:58:31"},{"nodeID":"1302222","text":"in the Isle of Skye, mothers have to go to Raigmore because it's the right thing to do","type":"I","timestamp":"2023-11-09 12:58:32"},{"nodeID":"1302223","text":"Ian Blackford: in the Isle of Skye, mothers have to go to Raigmore because it's the right thing to do","type":"L","timestamp":"2023-11-09 12:58:32"},{"nodeID":"1302224","text":"Analysing","type":"YA","timestamp":"2023-11-09 12:58:32"},{"nodeID":"1302225","text":"Chris: Ian Blackford: in the Isle of Skye, mothers have to go to Raigmore because it's the right thing to do","type":"L","timestamp":"2023-11-09 12:58:32"},{"nodeID":"1302226","text":"Asserting","type":"YA","timestamp":"2023-11-09 12:58:32"},{"nodeID":"1302227","text":"Default Transition","type":"TA","timestamp":"2023-11-09 12:58:32"},{"nodeID":"1302228","text":"we don't want the kind of outcomes that we're talking about tonight","type":"I","timestamp":"2023-11-09 12:58:32"},{"nodeID":"1302229","text":"Ian Blackford: we don't want the kind of outcomes that we're talking about tonight","type":"L","timestamp":"2023-11-09 12:58:32"},{"nodeID":"1302230","text":"Analysing","type":"YA","timestamp":"2023-11-09 12:58:32"},{"nodeID":"1302231","text":"Chris: Ian Blackford: we don't want the kind of outcomes that we're talking about tonight","type":"L","timestamp":"2023-11-09 12:58:33"},{"nodeID":"1302232","text":"Asserting","type":"YA","timestamp":"2023-11-09 12:58:33"},{"nodeID":"1302233","text":"Default Inference","type":"RA","timestamp":"2023-11-09 12:58:33"},{"nodeID":"1302234","text":"Default Transition","type":"TA","timestamp":"2023-11-09 12:58:33"},{"nodeID":"1302235","text":"Arguing","type":"YA","timestamp":"2023-11-09 12:58:33"},{"nodeID":"1302236","text":"the majority of pregnant women in Caithness are now transferred 100 miles to Inverness","type":"I","timestamp":"2023-11-09 12:58:33"},{"nodeID":"1302237","text":"Victoria Derbyshire: the majority of pregnant women in Caithness are now transferred 100 miles to Inverness","type":"L","timestamp":"2023-11-09 12:58:33"},{"nodeID":"1302238","text":"Analysing","type":"YA","timestamp":"2023-11-09 12:58:33"},{"nodeID":"1302239","text":"Chris: Victoria Derbyshire: the majority of pregnant women in Caithness are now transferred 100 miles to Inverness","type":"L","timestamp":"2023-11-09 12:58:33"},{"nodeID":"1302240","text":"Asserting","type":"YA","timestamp":"2023-11-09 12:58:33"},{"nodeID":"1302241","text":"Default Transition","type":"TA","timestamp":"2023-11-09 12:58:33"},{"nodeID":"1302242","text":"there is a review that's taking place on the 100 miles pregnant women from Caithness are travelling at the moment","type":"I","timestamp":"2023-11-09 12:58:34"},{"nodeID":"1302243","text":"Steve Reed: there is a review that's taking place on that at the moment","type":"L","timestamp":"2023-11-09 12:58:34"},{"nodeID":"1302244","text":"Analysing","type":"YA","timestamp":"2023-11-09 12:58:34"},{"nodeID":"1302245","text":"Chris: Steve Reed: there is a review that's taking place on that at the moment","type":"L","timestamp":"2023-11-09 12:58:34"},{"nodeID":"1302246","text":"Asserting","type":"YA","timestamp":"2023-11-09 12:58:34"},{"nodeID":"1302247","text":"Default Transition","type":"TA","timestamp":"2023-11-09 12:58:34"},{"nodeID":"1302248","text":"Default Rephrase","type":"MA","timestamp":"2023-11-09 12:58:34"},{"nodeID":"1302249","text":"Restating","type":"YA","timestamp":"2023-11-09 12:58:34"},{"nodeID":"1302250","text":"the procedures for pregnant women in Caithness could be changed as well","type":"I","timestamp":"2023-11-09 12:58:34"},{"nodeID":"1302251","text":"Victoria Derbyshire: that could be changed as well","type":"L","timestamp":"2023-11-09 12:58:34"},{"nodeID":"1302252","text":"Analysing","type":"YA","timestamp":"2023-11-09 12:58:34"},{"nodeID":"1302253","text":"Chris: Victoria Derbyshire: that could be changed as well","type":"L","timestamp":"2023-11-09 12:58:34"},{"nodeID":"1302254","text":"Asserting","type":"YA","timestamp":"2023-11-09 12:58:34"},{"nodeID":"1302255","text":"Default Transition","type":"TA","timestamp":"2023-11-09 12:58:34"},{"nodeID":"1302256","text":"Default Rephrase","type":"MA","timestamp":"2023-11-09 12:58:34"},{"nodeID":"1302257","text":"Restating","type":"YA","timestamp":"2023-11-09 12:58:34"}],"edges":[{"edgeID":"1711063","fromID":"1302185","toID":"1302184","formEdgeID":null},{"edgeID":"1711064","fromID":"1302186","toID":"1302185","formEdgeID":null},{"edgeID":"1711065","fromID":"1302184","toID":"1302187","formEdgeID":null},{"edgeID":"1711066","fromID":"1302187","toID":"1302183","formEdgeID":null},{"edgeID":"1711067","fromID":"1302190","toID":"1302189","formEdgeID":null},{"edgeID":"1711068","fromID":"1302191","toID":"1302190","formEdgeID":null},{"edgeID":"1711069","fromID":"1302189","toID":"1302192","formEdgeID":null},{"edgeID":"1711070","fromID":"1302192","toID":"1302188","formEdgeID":null},{"edgeID":"1711071","fromID":"1302184","toID":"1302193","formEdgeID":null},{"edgeID":"1711072","fromID":"1302193","toID":"1302189","formEdgeID":null},{"edgeID":"1711073","fromID":"1302196","toID":"1302195","formEdgeID":null},{"edgeID":"1711074","fromID":"1302197","toID":"1302196","formEdgeID":null},{"edgeID":"1711075","fromID":"1302195","toID":"1302198","formEdgeID":null},{"edgeID":"1711076","fromID":"1302198","toID":"1302194","formEdgeID":null},{"edgeID":"1711077","fromID":"1302189","toID":"1302199","formEdgeID":null},{"edgeID":"1711078","fromID":"1302199","toID":"1302195","formEdgeID":null},{"edgeID":"1711079","fromID":"1302202","toID":"1302201","formEdgeID":null},{"edgeID":"1711080","fromID":"1302203","toID":"1302202","formEdgeID":null},{"edgeID":"1711081","fromID":"1302201","toID":"1302204","formEdgeID":null},{"edgeID":"1711082","fromID":"1302204","toID":"1302200","formEdgeID":null},{"edgeID":"1711083","fromID":"1302200","toID":"1302205","formEdgeID":null},{"edgeID":"1711084","fromID":"1302205","toID":"1302194","formEdgeID":null},{"edgeID":"1711085","fromID":"1302195","toID":"1302206","formEdgeID":null},{"edgeID":"1711086","fromID":"1302206","toID":"1302201","formEdgeID":null},{"edgeID":"1711087","fromID":"1302206","toID":"1302207","formEdgeID":null},{"edgeID":"1711088","fromID":"1302207","toID":"1302205","formEdgeID":null},{"edgeID":"1711089","fromID":"1302210","toID":"1302209","formEdgeID":null},{"edgeID":"1711090","fromID":"1302211","toID":"1302210","formEdgeID":null},{"edgeID":"1711091","fromID":"1302209","toID":"1302212","formEdgeID":null},{"edgeID":"1711092","fromID":"1302212","toID":"1302208","formEdgeID":null},{"edgeID":"1711093","fromID":"1302201","toID":"1302213","formEdgeID":null},{"edgeID":"1711094","fromID":"1302213","toID":"1302209","formEdgeID":null},{"edgeID":"1711095","fromID":"1302216","toID":"1302215","formEdgeID":null},{"edgeID":"1711096","fromID":"1302217","toID":"1302216","formEdgeID":null},{"edgeID":"1711097","fromID":"1302215","toID":"1302218","formEdgeID":null},{"edgeID":"1711098","fromID":"1302218","toID":"1302214","formEdgeID":null},{"edgeID":"1711099","fromID":"1302209","toID":"1302219","formEdgeID":null},{"edgeID":"1711100","fromID":"1302219","toID":"1302215","formEdgeID":null},{"edgeID":"1711101","fromID":"1302208","toID":"1302220","formEdgeID":null},{"edgeID":"1711102","fromID":"1302220","toID":"1302200","formEdgeID":null},{"edgeID":"1711103","fromID":"1302213","toID":"1302221","formEdgeID":null},{"edgeID":"1711104","fromID":"1302221","toID":"1302220","formEdgeID":null},{"edgeID":"1711105","fromID":"1302224","toID":"1302223","formEdgeID":null},{"edgeID":"1711106","fromID":"1302225","toID":"1302224","formEdgeID":null},{"edgeID":"1711107","fromID":"1302223","toID":"1302226","formEdgeID":null},{"edgeID":"1711108","fromID":"1302226","toID":"1302222","formEdgeID":null},{"edgeID":"1711109","fromID":"1302215","toID":"1302227","formEdgeID":null},{"edgeID":"1711110","fromID":"1302227","toID":"1302223","formEdgeID":null},{"edgeID":"1711111","fromID":"1302230","toID":"1302229","formEdgeID":null},{"edgeID":"1711112","fromID":"1302231","toID":"1302230","formEdgeID":null},{"edgeID":"1711113","fromID":"1302229","toID":"1302232","formEdgeID":null},{"edgeID":"1711114","fromID":"1302232","toID":"1302228","formEdgeID":null},{"edgeID":"1711115","fromID":"1302228","toID":"1302233","formEdgeID":null},{"edgeID":"1711116","fromID":"1302233","toID":"1302222","formEdgeID":null},{"edgeID":"1711117","fromID":"1302223","toID":"1302234","formEdgeID":null},{"edgeID":"1711118","fromID":"1302234","toID":"1302229","formEdgeID":null},{"edgeID":"1711119","fromID":"1302234","toID":"1302235","formEdgeID":null},{"edgeID":"1711120","fromID":"1302235","toID":"1302233","formEdgeID":null},{"edgeID":"1711121","fromID":"1302238","toID":"1302237","formEdgeID":null},{"edgeID":"1711122","fromID":"1302239","toID":"1302238","formEdgeID":null},{"edgeID":"1711123","fromID":"1302237","toID":"1302240","formEdgeID":null},{"edgeID":"1711124","fromID":"1302240","toID":"1302236","formEdgeID":null},{"edgeID":"1711125","fromID":"1302229","toID":"1302241","formEdgeID":null},{"edgeID":"1711126","fromID":"1302241","toID":"1302237","formEdgeID":null},{"edgeID":"1711127","fromID":"1302244","toID":"1302243","formEdgeID":null},{"edgeID":"1711128","fromID":"1302245","toID":"1302244","formEdgeID":null},{"edgeID":"1711129","fromID":"1302243","toID":"1302246","formEdgeID":null},{"edgeID":"1711130","fromID":"1302246","toID":"1302242","formEdgeID":null},{"edgeID":"1711131","fromID":"1302237","toID":"1302247","formEdgeID":null},{"edgeID":"1711132","fromID":"1302247","toID":"1302243","formEdgeID":null},{"edgeID":"1711133","fromID":"1302242","toID":"1302248","formEdgeID":null},{"edgeID":"1711134","fromID":"1302248","toID":"1302236","formEdgeID":null},{"edgeID":"1711135","fromID":"1302247","toID":"1302249","formEdgeID":null},{"edgeID":"1711136","fromID":"1302249","toID":"1302248","formEdgeID":null},{"edgeID":"1711137","fromID":"1302252","toID":"1302251","formEdgeID":null},{"edgeID":"1711138","fromID":"1302253","toID":"1302252","formEdgeID":null},{"edgeID":"1711139","fromID":"1302251","toID":"1302254","formEdgeID":null},{"edgeID":"1711140","fromID":"1302254","toID":"1302250","formEdgeID":null},{"edgeID":"1711141","fromID":"1302243","toID":"1302255","formEdgeID":null},{"edgeID":"1711142","fromID":"1302255","toID":"1302251","formEdgeID":null},{"edgeID":"1711143","fromID":"1302250","toID":"1302256","formEdgeID":null},{"edgeID":"1711144","fromID":"1302256","toID":"1302242","formEdgeID":null},{"edgeID":"1711145","fromID":"1302255","toID":"1302257","formEdgeID":null},{"edgeID":"1711146","fromID":"1302257","toID":"1302256","formEdgeID":null}],"locutions":[]}