{"nodes":[{"nodeID":"1057637","text":"the first and only duty of a leader is to make sure the culture of his organisation is right and that the organisation overall is delivering the outcomes that it needs to be doing","type":"I","timestamp":"2022-10-19 21:29:53"},{"nodeID":"1057642","text":"Boris Johnson failed on the first and only duty of a leader","type":"I","timestamp":"2022-10-19 21:29:55"},{"nodeID":"1057648","text":"we learned one really important thing about Boris Johnson by means of his behaviour throughout the pandemic","type":"I","timestamp":"2022-10-19 21:29:58"},{"nodeID":"1057654","text":"we learned that Boris Johnson lies","type":"I","timestamp":"2022-10-19 21:30:00"},{"nodeID":"1057662","text":"Boris Johnson is reckless, and he is incompetent","type":"I","timestamp":"2022-10-19 21:30:10"},{"nodeID":"1057670","text":"the Sue Gray Report has proven that Boris Johnson is reckless, incompetent and a liar","type":"I","timestamp":"2022-10-19 21:30:12"},{"nodeID":"1057678","text":"it is important to acknowledge that Boris Johnson is reckless, incompetent and a liar","type":"I","timestamp":"2022-10-19 21:30:15"},{"nodeID":"1057684","text":"we look at the way our country is run","type":"I","timestamp":"2022-10-19 21:30:17"},{"nodeID":"1057690","text":"our international reputation is being shredded","type":"I","timestamp":"2022-10-19 21:30:20"},{"nodeID":"1057696","text":"the Protocol is not delivering and the negotiations aren't being sorted out","type":"I","timestamp":"2022-10-19 21:30:22"},{"nodeID":"1057701","text":"almost 17 million people are waiting for treatment in the NHS, no more so than here in Northern Ireland","type":"I","timestamp":"2022-10-19 21:30:24"},{"nodeID":"1057706","text":"we have victims of serious crime waiting for their day in court","type":"I","timestamp":"2022-10-19 21:30:27"},{"nodeID":"1057711","text":"we have an economy with low-growth, high-tax, high interest rates","type":"I","timestamp":"2022-10-19 21:30:29"},{"nodeID":"1057716","text":"the person running our country lies, he is reckless, and he is incompetent","type":"I","timestamp":"2022-10-19 21:30:32"},{"nodeID":"1057724","text":"what we see in the Sue Gray Report is actually having a massive impact","type":"I","timestamp":"2022-10-19 21:30:34"},{"nodeID":"1057729","text":"what we now know for fact about the behaviour and the way that our leader of our country works is actually having a massive impact","type":"I","timestamp":"2022-10-19 21:30:36"},{"nodeID":"1057737","text":"the recent acknowledgements are having a massive impact not just on the culture in Number 10","type":"I","timestamp":"2022-10-19 21:30:39"},{"nodeID":"1057743","text":"the recent acknowledgements are having a massive impact also on the way that our country is being run and perceived as a country around the world","type":"I","timestamp":"2022-10-19 21:30:41"},{"nodeID":"1057751","text":"our country deserves better","type":"I","timestamp":"2022-10-19 21:30:43"},{"nodeID":"1057758","text":"we will not get better until Boris Johnson is gone","type":"I","timestamp":"2022-10-19 21:30:46"},{"nodeID":"1338804","text":"Peter Kyle: The first and only duty of a leader is to make sure the culture of his organisation is right and that the organisation overall is delivering the outcomes that it needs to be doing","type":"L","timestamp":"2023-11-09 13:51:19"},{"nodeID":"1338805","text":"Analysing","type":"YA","timestamp":"2023-11-09 13:51:19"},{"nodeID":"1338806","text":"Anon: Peter Kyle: The first and only duty of a leader is to make sure the culture of his organisation is right and that the organisation overall is delivering the outcomes that it needs to be doing","type":"L","timestamp":"2023-11-09 13:51:19"},{"nodeID":"1338807","text":"Asserting","type":"YA","timestamp":"2023-11-09 13:51:19"},{"nodeID":"1338808","text":"Peter Kyle: Boris Johnson failed on that","type":"L","timestamp":"2023-11-09 13:51:19"},{"nodeID":"1338809","text":"Analysing","type":"YA","timestamp":"2023-11-09 13:51:19"},{"nodeID":"1338810","text":"Anon: Peter Kyle: Boris Johnson failed on that","type":"L","timestamp":"2023-11-09 13:51:19"},{"nodeID":"1338811","text":"Asserting","type":"YA","timestamp":"2023-11-09 13:51:19"},{"nodeID":"1338812","text":"Default Transition","type":"TA","timestamp":"2023-11-09 13:51:19"},{"nodeID":"1338813","text":"Peter Kyle: The really important thing about what we learned about Boris Johnson's behaviour throughout the pandemic","type":"L","timestamp":"2023-11-09 13:51:20"},{"nodeID":"1338814","text":"Analysing","type":"YA","timestamp":"2023-11-09 13:51:20"},{"nodeID":"1338815","text":"Anon: Peter Kyle: The really important thing about what we learned about Boris Johnson's behaviour throughout the pandemic","type":"L","timestamp":"2023-11-09 13:51:20"},{"nodeID":"1338816","text":"Asserting","type":"YA","timestamp":"2023-11-09 13:51:20"},{"nodeID":"1338817","text":"Default Transition","type":"TA","timestamp":"2023-11-09 13:51:20"},{"nodeID":"1338818","text":"Peter Kyle: is that he lies","type":"L","timestamp":"2023-11-09 13:51:21"},{"nodeID":"1338819","text":"Analysing","type":"YA","timestamp":"2023-11-09 13:51:21"},{"nodeID":"1338820","text":"Anon: Peter Kyle: is that he lies","type":"L","timestamp":"2023-11-09 13:51:21"},{"nodeID":"1338821","text":"Asserting","type":"YA","timestamp":"2023-11-09 13:51:21"},{"nodeID":"1338822","text":"Default Transition","type":"TA","timestamp":"2023-11-09 13:51:21"},{"nodeID":"1338823","text":"Default Rephrase","type":"MA","timestamp":"2023-11-09 13:51:21"},{"nodeID":"1338824","text":"Restating","type":"YA","timestamp":"2023-11-09 13:51:21"},{"nodeID":"1338825","text":"Peter Kyle: He is reckless, and that he is incompetent","type":"L","timestamp":"2023-11-09 13:51:21"},{"nodeID":"1338826","text":"Analysing","type":"YA","timestamp":"2023-11-09 13:51:21"},{"nodeID":"1338827","text":"Anon: Peter Kyle: He is reckless, and that he is incompetent","type":"L","timestamp":"2023-11-09 13:51:21"},{"nodeID":"1338828","text":"Asserting","type":"YA","timestamp":"2023-11-09 13:51:21"},{"nodeID":"1338829","text":"Default Rephrase","type":"MA","timestamp":"2023-11-09 13:51:21"},{"nodeID":"1338830","text":"Default Transition","type":"TA","timestamp":"2023-11-09 13:51:21"},{"nodeID":"1338831","text":"Restating","type":"YA","timestamp":"2023-11-09 13:51:21"},{"nodeID":"1338832","text":"Peter Kyle: This has now been proven in the Sue Gray Report","type":"L","timestamp":"2023-11-09 13:51:22"},{"nodeID":"1338833","text":"Analysing","type":"YA","timestamp":"2023-11-09 13:51:22"},{"nodeID":"1338834","text":"Anon: Peter Kyle: This has now been proven in the Sue Gray Report","type":"L","timestamp":"2023-11-09 13:51:22"},{"nodeID":"1338835","text":"Asserting","type":"YA","timestamp":"2023-11-09 13:51:22"},{"nodeID":"1338836","text":"Default Transition","type":"TA","timestamp":"2023-11-09 13:51:22"},{"nodeID":"1338837","text":"Default Inference","type":"RA","timestamp":"2023-11-09 13:51:22"},{"nodeID":"1338838","text":"Arguing","type":"YA","timestamp":"2023-11-09 13:51:22"},{"nodeID":"1338839","text":"Peter Kyle: The reason why this is so important","type":"L","timestamp":"2023-11-09 13:51:23"},{"nodeID":"1338840","text":"Analysing","type":"YA","timestamp":"2023-11-09 13:51:23"},{"nodeID":"1338841","text":"Anon: Peter Kyle: The reason why this is so important","type":"L","timestamp":"2023-11-09 13:51:23"},{"nodeID":"1338842","text":"Asserting","type":"YA","timestamp":"2023-11-09 13:51:23"},{"nodeID":"1338843","text":"Default Transition","type":"TA","timestamp":"2023-11-09 13:51:23"},{"nodeID":"1338844","text":"Peter Kyle: we look at the way our country is run","type":"L","timestamp":"2023-11-09 13:51:23"},{"nodeID":"1338845","text":"Analysing","type":"YA","timestamp":"2023-11-09 13:51:23"},{"nodeID":"1338846","text":"Anon: Peter Kyle: we look at the way our country is run","type":"L","timestamp":"2023-11-09 13:51:23"},{"nodeID":"1338847","text":"Asserting","type":"YA","timestamp":"2023-11-09 13:51:23"},{"nodeID":"1338848","text":"Default Transition","type":"TA","timestamp":"2023-11-09 13:51:23"},{"nodeID":"1338849","text":"Peter Kyle: our international reputation is being shredded","type":"L","timestamp":"2023-11-09 13:51:24"},{"nodeID":"1338850","text":"Analysing","type":"YA","timestamp":"2023-11-09 13:51:24"},{"nodeID":"1338851","text":"Anon: Peter Kyle: our international reputation is being shredded","type":"L","timestamp":"2023-11-09 13:51:24"},{"nodeID":"1338852","text":"Asserting","type":"YA","timestamp":"2023-11-09 13:51:24"},{"nodeID":"1338853","text":"Default Transition","type":"TA","timestamp":"2023-11-09 13:51:24"},{"nodeID":"1338854","text":"Peter Kyle: the Protocol is not delivering and the negotiations aren't being sorted out","type":"L","timestamp":"2023-11-09 13:51:24"},{"nodeID":"1338855","text":"Analysing","type":"YA","timestamp":"2023-11-09 13:51:24"},{"nodeID":"1338856","text":"Anon: Peter Kyle: the Protocol is not delivering and the negotiations aren't being sorted out","type":"L","timestamp":"2023-11-09 13:51:24"},{"nodeID":"1338857","text":"Asserting","type":"YA","timestamp":"2023-11-09 13:51:24"},{"nodeID":"1338858","text":"Peter Kyle: almost 17 million people waiting for treatment in the NHS, no more so than here in Northern Ireland","type":"L","timestamp":"2023-11-09 13:51:25"},{"nodeID":"1338859","text":"Analysing","type":"YA","timestamp":"2023-11-09 13:51:25"},{"nodeID":"1338860","text":"Anon: Peter Kyle: almost 17 million people waiting for treatment in the NHS, no more so than here in Northern Ireland","type":"L","timestamp":"2023-11-09 13:51:25"},{"nodeID":"1338861","text":"Asserting","type":"YA","timestamp":"2023-11-09 13:51:25"},{"nodeID":"1338862","text":"Peter Kyle: we have victims of serious crime waiting for their day in court","type":"L","timestamp":"2023-11-09 13:51:26"},{"nodeID":"1338863","text":"Analysing","type":"YA","timestamp":"2023-11-09 13:51:26"},{"nodeID":"1338864","text":"Anon: Peter Kyle: we have victims of serious crime waiting for their day in court","type":"L","timestamp":"2023-11-09 13:51:26"},{"nodeID":"1338865","text":"Asserting","type":"YA","timestamp":"2023-11-09 13:51:26"},{"nodeID":"1338866","text":"Peter Kyle: an economy with low-growth, high-tax, high interest rates","type":"L","timestamp":"2023-11-09 13:51:26"},{"nodeID":"1338867","text":"Analysing","type":"YA","timestamp":"2023-11-09 13:51:26"},{"nodeID":"1338868","text":"Anon: Peter Kyle: an economy with low-growth, high-tax, high interest rates","type":"L","timestamp":"2023-11-09 13:51:26"},{"nodeID":"1338869","text":"Asserting","type":"YA","timestamp":"2023-11-09 13:51:26"},{"nodeID":"1338870","text":"Peter Kyle: the person running our country lies, he is reckless, and he is incompetent","type":"L","timestamp":"2023-11-09 13:51:27"},{"nodeID":"1338871","text":"Analysing","type":"YA","timestamp":"2023-11-09 13:51:27"},{"nodeID":"1338872","text":"Anon: Peter Kyle: the person running our country lies, he is reckless, and he is incompetent","type":"L","timestamp":"2023-11-09 13:51:27"},{"nodeID":"1338873","text":"Asserting","type":"YA","timestamp":"2023-11-09 13:51:27"},{"nodeID":"1338874","text":"Default Transition","type":"TA","timestamp":"2023-11-09 13:51:27"},{"nodeID":"1338875","text":"Default Inference","type":"RA","timestamp":"2023-11-09 13:51:27"},{"nodeID":"1338876","text":"Arguing","type":"YA","timestamp":"2023-11-09 13:51:27"},{"nodeID":"1338877","text":"Peter Kyle: what we see in the Sue Gray Report, what we now know for fact about the behaviour and the way that our leader of our country works, is actually having a massive impact","type":"L","timestamp":"2023-11-09 13:51:28"},{"nodeID":"1338878","text":"Analysing","type":"YA","timestamp":"2023-11-09 13:51:28"},{"nodeID":"1338879","text":"Anon: Peter Kyle: what we see in the Sue Gray Report, what we now know for fact about the behaviour and the way that our leader of our country works, is actually having a massive impact","type":"L","timestamp":"2023-11-09 13:51:28"},{"nodeID":"1338880","text":"Asserting","type":"YA","timestamp":"2023-11-09 13:51:28"},{"nodeID":"1338881","text":"Peter Kyle: what we now know for fact about the behaviour and the way that our leader of our country works, is actually having a massive impact","type":"L","timestamp":"2023-11-09 13:51:28"},{"nodeID":"1338882","text":"Analysing","type":"YA","timestamp":"2023-11-09 13:51:28"},{"nodeID":"1338883","text":"Anon: Peter Kyle: what we now know for fact about the behaviour and the way that our leader of our country works, is actually having a massive impact","type":"L","timestamp":"2023-11-09 13:51:28"},{"nodeID":"1338884","text":"Asserting","type":"YA","timestamp":"2023-11-09 13:51:28"},{"nodeID":"1338885","text":"Default Transition","type":"TA","timestamp":"2023-11-09 13:51:28"},{"nodeID":"1338886","text":"Default Rephrase","type":"MA","timestamp":"2023-11-09 13:51:28"},{"nodeID":"1338887","text":"Restating","type":"YA","timestamp":"2023-11-09 13:51:28"},{"nodeID":"1338888","text":"Peter Kyle: not just on the culture in Number 10","type":"L","timestamp":"2023-11-09 13:51:29"},{"nodeID":"1338889","text":"Analysing","type":"YA","timestamp":"2023-11-09 13:51:29"},{"nodeID":"1338890","text":"Anon: Peter Kyle: not just on the culture in Number 10","type":"L","timestamp":"2023-11-09 13:51:29"},{"nodeID":"1338891","text":"Asserting","type":"YA","timestamp":"2023-11-09 13:51:29"},{"nodeID":"1338892","text":"Default Transition","type":"TA","timestamp":"2023-11-09 13:51:29"},{"nodeID":"1338893","text":"Peter Kyle: the way that our country is being run and perceived as a country around the world","type":"L","timestamp":"2023-11-09 13:51:30"},{"nodeID":"1338894","text":"Analysing","type":"YA","timestamp":"2023-11-09 13:51:30"},{"nodeID":"1338895","text":"Anon: Peter Kyle: the way that our country is being run and perceived as a country around the world","type":"L","timestamp":"2023-11-09 13:51:30"},{"nodeID":"1338896","text":"Asserting","type":"YA","timestamp":"2023-11-09 13:51:30"},{"nodeID":"1338897","text":"Default Transition","type":"TA","timestamp":"2023-11-09 13:51:30"},{"nodeID":"1338898","text":"Default Rephrase","type":"MA","timestamp":"2023-11-09 13:51:30"},{"nodeID":"1338899","text":"Restating","type":"YA","timestamp":"2023-11-09 13:51:30"},{"nodeID":"1338900","text":"Peter Kyle: Our country deserves better","type":"L","timestamp":"2023-11-09 13:51:30"},{"nodeID":"1338901","text":"Analysing","type":"YA","timestamp":"2023-11-09 13:51:30"},{"nodeID":"1338902","text":"Anon: Peter Kyle: Our country deserves better","type":"L","timestamp":"2023-11-09 13:51:30"},{"nodeID":"1338903","text":"Asserting","type":"YA","timestamp":"2023-11-09 13:51:30"},{"nodeID":"1338904","text":"Default Transition","type":"TA","timestamp":"2023-11-09 13:51:30"},{"nodeID":"1338905","text":"Default Transition","type":"TA","timestamp":"2023-11-09 13:51:30"},{"nodeID":"1338906","text":"Peter Kyle: we will not get better until Boris Johnson is gone","type":"L","timestamp":"2023-11-09 13:51:31"},{"nodeID":"1338907","text":"Analysing","type":"YA","timestamp":"2023-11-09 13:51:31"},{"nodeID":"1338908","text":"Anon: Peter Kyle: we will not get better until Boris Johnson is gone","type":"L","timestamp":"2023-11-09 13:51:31"},{"nodeID":"1338909","text":"Asserting","type":"YA","timestamp":"2023-11-09 13:51:31"},{"nodeID":"1338910","text":"Default Transition","type":"TA","timestamp":"2023-11-09 13:51:31"},{"nodeID":"1338911","text":"Default Conflict","type":"CA","timestamp":"2023-11-09 13:51:31"},{"nodeID":"1338912","text":"Disagreeing","type":"YA","timestamp":"2023-11-09 13:51:31"},{"nodeID":"1338913","text":"Default Inference","type":"RA","timestamp":"2023-11-09 13:51:31"},{"nodeID":"1338914","text":"Arguing","type":"YA","timestamp":"2023-11-09 13:51:31"}],"edges":[{"edgeID":"1754940","fromID":"1338805","toID":"1338804","formEdgeID":null},{"edgeID":"1754941","fromID":"1338806","toID":"1338805","formEdgeID":null},{"edgeID":"1754942","fromID":"1338804","toID":"1338807","formEdgeID":null},{"edgeID":"1754943","fromID":"1338807","toID":"1057637","formEdgeID":null},{"edgeID":"1754944","fromID":"1338809","toID":"1338808","formEdgeID":null},{"edgeID":"1754945","fromID":"1338810","toID":"1338809","formEdgeID":null},{"edgeID":"1754946","fromID":"1338808","toID":"1338811","formEdgeID":null},{"edgeID":"1754947","fromID":"1338811","toID":"1057642","formEdgeID":null},{"edgeID":"1754948","fromID":"1338804","toID":"1338812","formEdgeID":null},{"edgeID":"1754949","fromID":"1338812","toID":"1338808","formEdgeID":null},{"edgeID":"1754950","fromID":"1338814","toID":"1338813","formEdgeID":null},{"edgeID":"1754951","fromID":"1338815","toID":"1338814","formEdgeID":null},{"edgeID":"1754952","fromID":"1338813","toID":"1338816","formEdgeID":null},{"edgeID":"1754953","fromID":"1338816","toID":"1057648","formEdgeID":null},{"edgeID":"1754954","fromID":"1338808","toID":"1338817","formEdgeID":null},{"edgeID":"1754955","fromID":"1338817","toID":"1338813","formEdgeID":null},{"edgeID":"1754956","fromID":"1338819","toID":"1338818","formEdgeID":null},{"edgeID":"1754957","fromID":"1338820","toID":"1338819","formEdgeID":null},{"edgeID":"1754958","fromID":"1338818","toID":"1338821","formEdgeID":null},{"edgeID":"1754959","fromID":"1338821","toID":"1057654","formEdgeID":null},{"edgeID":"1754960","fromID":"1338813","toID":"1338822","formEdgeID":null},{"edgeID":"1754961","fromID":"1338822","toID":"1338818","formEdgeID":null},{"edgeID":"1754962","fromID":"1057654","toID":"1338823","formEdgeID":null},{"edgeID":"1754963","fromID":"1338823","toID":"1057648","formEdgeID":null},{"edgeID":"1754964","fromID":"1338822","toID":"1338824","formEdgeID":null},{"edgeID":"1754965","fromID":"1338824","toID":"1338823","formEdgeID":null},{"edgeID":"1754966","fromID":"1338826","toID":"1338825","formEdgeID":null},{"edgeID":"1754967","fromID":"1338827","toID":"1338826","formEdgeID":null},{"edgeID":"1754968","fromID":"1338825","toID":"1338828","formEdgeID":null},{"edgeID":"1754969","fromID":"1338828","toID":"1057662","formEdgeID":null},{"edgeID":"1754970","fromID":"1057662","toID":"1338829","formEdgeID":null},{"edgeID":"1754971","fromID":"1338829","toID":"1057648","formEdgeID":null},{"edgeID":"1754972","fromID":"1338813","toID":"1338830","formEdgeID":null},{"edgeID":"1754973","fromID":"1338830","toID":"1338825","formEdgeID":null},{"edgeID":"1754974","fromID":"1338830","toID":"1338831","formEdgeID":null},{"edgeID":"1754975","fromID":"1338831","toID":"1338829","formEdgeID":null},{"edgeID":"1754976","fromID":"1338833","toID":"1338832","formEdgeID":null},{"edgeID":"1754977","fromID":"1338834","toID":"1338833","formEdgeID":null},{"edgeID":"1754978","fromID":"1338832","toID":"1338835","formEdgeID":null},{"edgeID":"1754979","fromID":"1338835","toID":"1057670","formEdgeID":null},{"edgeID":"1754980","fromID":"1338825","toID":"1338836","formEdgeID":null},{"edgeID":"1754981","fromID":"1338836","toID":"1338832","formEdgeID":null},{"edgeID":"1754982","fromID":"1057670","toID":"1338837","formEdgeID":null},{"edgeID":"1754983","fromID":"1338837","toID":"1057662","formEdgeID":null},{"edgeID":"1754984","fromID":"1338836","toID":"1338838","formEdgeID":null},{"edgeID":"1754985","fromID":"1338838","toID":"1338837","formEdgeID":null},{"edgeID":"1754986","fromID":"1338840","toID":"1338839","formEdgeID":null},{"edgeID":"1754987","fromID":"1338841","toID":"1338840","formEdgeID":null},{"edgeID":"1754988","fromID":"1338839","toID":"1338842","formEdgeID":null},{"edgeID":"1754989","fromID":"1338842","toID":"1057678","formEdgeID":null},{"edgeID":"1754990","fromID":"1338832","toID":"1338843","formEdgeID":null},{"edgeID":"1754991","fromID":"1338843","toID":"1338839","formEdgeID":null},{"edgeID":"1754992","fromID":"1338845","toID":"1338844","formEdgeID":null},{"edgeID":"1754993","fromID":"1338846","toID":"1338845","formEdgeID":null},{"edgeID":"1754994","fromID":"1338844","toID":"1338847","formEdgeID":null},{"edgeID":"1754995","fromID":"1338847","toID":"1057684","formEdgeID":null},{"edgeID":"1754996","fromID":"1338839","toID":"1338848","formEdgeID":null},{"edgeID":"1754997","fromID":"1338848","toID":"1338844","formEdgeID":null},{"edgeID":"1754998","fromID":"1338850","toID":"1338849","formEdgeID":null},{"edgeID":"1754999","fromID":"1338851","toID":"1338850","formEdgeID":null},{"edgeID":"1755000","fromID":"1338849","toID":"1338852","formEdgeID":null},{"edgeID":"1755001","fromID":"1338852","toID":"1057690","formEdgeID":null},{"edgeID":"1755002","fromID":"1338844","toID":"1338853","formEdgeID":null},{"edgeID":"1755003","fromID":"1338853","toID":"1338849","formEdgeID":null},{"edgeID":"1755004","fromID":"1338855","toID":"1338854","formEdgeID":null},{"edgeID":"1755005","fromID":"1338856","toID":"1338855","formEdgeID":null},{"edgeID":"1755006","fromID":"1338854","toID":"1338857","formEdgeID":null},{"edgeID":"1755007","fromID":"1338857","toID":"1057696","formEdgeID":null},{"edgeID":"1755008","fromID":"1338859","toID":"1338858","formEdgeID":null},{"edgeID":"1755009","fromID":"1338860","toID":"1338859","formEdgeID":null},{"edgeID":"1755010","fromID":"1338858","toID":"1338861","formEdgeID":null},{"edgeID":"1755011","fromID":"1338861","toID":"1057701","formEdgeID":null},{"edgeID":"1755012","fromID":"1338863","toID":"1338862","formEdgeID":null},{"edgeID":"1755013","fromID":"1338864","toID":"1338863","formEdgeID":null},{"edgeID":"1755014","fromID":"1338862","toID":"1338865","formEdgeID":null},{"edgeID":"1755015","fromID":"1338865","toID":"1057706","formEdgeID":null},{"edgeID":"1755016","fromID":"1338867","toID":"1338866","formEdgeID":null},{"edgeID":"1755017","fromID":"1338868","toID":"1338867","formEdgeID":null},{"edgeID":"1755018","fromID":"1338866","toID":"1338869","formEdgeID":null},{"edgeID":"1755019","fromID":"1338869","toID":"1057711","formEdgeID":null},{"edgeID":"1755020","fromID":"1338871","toID":"1338870","formEdgeID":null},{"edgeID":"1755021","fromID":"1338872","toID":"1338871","formEdgeID":null},{"edgeID":"1755022","fromID":"1338870","toID":"1338873","formEdgeID":null},{"edgeID":"1755023","fromID":"1338873","toID":"1057716","formEdgeID":null},{"edgeID":"1755024","fromID":"1338866","toID":"1338874","formEdgeID":null},{"edgeID":"1755025","fromID":"1338874","toID":"1338870","formEdgeID":null},{"edgeID":"1755026","fromID":"1057716","toID":"1338875","formEdgeID":null},{"edgeID":"1755027","fromID":"1338875","toID":"1057711","formEdgeID":null},{"edgeID":"1755028","fromID":"1338874","toID":"1338876","formEdgeID":null},{"edgeID":"1755029","fromID":"1338876","toID":"1338875","formEdgeID":null},{"edgeID":"1755030","fromID":"1338875","toID":"1057706","formEdgeID":null},{"edgeID":"1755031","fromID":"1338875","toID":"1057701","formEdgeID":null},{"edgeID":"1755032","fromID":"1338875","toID":"1057696","formEdgeID":null},{"edgeID":"1755033","fromID":"1338875","toID":"1057690","formEdgeID":null},{"edgeID":"1755034","fromID":"1338849","toID":"1338874","formEdgeID":null},{"edgeID":"1755035","fromID":"1338854","toID":"1338874","formEdgeID":null},{"edgeID":"1755036","fromID":"1338858","toID":"1338874","formEdgeID":null},{"edgeID":"1755037","fromID":"1338862","toID":"1338874","formEdgeID":null},{"edgeID":"1755038","fromID":"1338878","toID":"1338877","formEdgeID":null},{"edgeID":"1755039","fromID":"1338879","toID":"1338878","formEdgeID":null},{"edgeID":"1755040","fromID":"1338877","toID":"1338880","formEdgeID":null},{"edgeID":"1755041","fromID":"1338880","toID":"1057724","formEdgeID":null},{"edgeID":"1755042","fromID":"1338882","toID":"1338881","formEdgeID":null},{"edgeID":"1755043","fromID":"1338883","toID":"1338882","formEdgeID":null},{"edgeID":"1755044","fromID":"1338881","toID":"1338884","formEdgeID":null},{"edgeID":"1755045","fromID":"1338884","toID":"1057729","formEdgeID":null},{"edgeID":"1755046","fromID":"1338877","toID":"1338885","formEdgeID":null},{"edgeID":"1755047","fromID":"1338885","toID":"1338881","formEdgeID":null},{"edgeID":"1755048","fromID":"1057729","toID":"1338886","formEdgeID":null},{"edgeID":"1755049","fromID":"1338886","toID":"1057724","formEdgeID":null},{"edgeID":"1755050","fromID":"1338885","toID":"1338887","formEdgeID":null},{"edgeID":"1755051","fromID":"1338887","toID":"1338886","formEdgeID":null},{"edgeID":"1755052","fromID":"1338889","toID":"1338888","formEdgeID":null},{"edgeID":"1755053","fromID":"1338890","toID":"1338889","formEdgeID":null},{"edgeID":"1755054","fromID":"1338888","toID":"1338891","formEdgeID":null},{"edgeID":"1755055","fromID":"1338891","toID":"1057737","formEdgeID":null},{"edgeID":"1755056","fromID":"1338881","toID":"1338892","formEdgeID":null},{"edgeID":"1755057","fromID":"1338892","toID":"1338888","formEdgeID":null},{"edgeID":"1755058","fromID":"1338894","toID":"1338893","formEdgeID":null},{"edgeID":"1755059","fromID":"1338895","toID":"1338894","formEdgeID":null},{"edgeID":"1755060","fromID":"1338893","toID":"1338896","formEdgeID":null},{"edgeID":"1755061","fromID":"1338896","toID":"1057743","formEdgeID":null},{"edgeID":"1755062","fromID":"1338888","toID":"1338897","formEdgeID":null},{"edgeID":"1755063","fromID":"1338897","toID":"1338893","formEdgeID":null},{"edgeID":"1755064","fromID":"1057743","toID":"1338898","formEdgeID":null},{"edgeID":"1755065","fromID":"1338898","toID":"1057737","formEdgeID":null},{"edgeID":"1755066","fromID":"1338897","toID":"1338899","formEdgeID":null},{"edgeID":"1755067","fromID":"1338899","toID":"1338898","formEdgeID":null},{"edgeID":"1755068","fromID":"1338901","toID":"1338900","formEdgeID":null},{"edgeID":"1755069","fromID":"1338902","toID":"1338901","formEdgeID":null},{"edgeID":"1755070","fromID":"1338900","toID":"1338903","formEdgeID":null},{"edgeID":"1755071","fromID":"1338903","toID":"1057751","formEdgeID":null},{"edgeID":"1755072","fromID":"1338893","toID":"1338904","formEdgeID":null},{"edgeID":"1755073","fromID":"1338904","toID":"1338900","formEdgeID":null},{"edgeID":"1755074","fromID":"1338839","toID":"1338905","formEdgeID":null},{"edgeID":"1755075","fromID":"1338905","toID":"1338877","formEdgeID":null},{"edgeID":"1755076","fromID":"1338907","toID":"1338906","formEdgeID":null},{"edgeID":"1755077","fromID":"1338908","toID":"1338907","formEdgeID":null},{"edgeID":"1755078","fromID":"1338906","toID":"1338909","formEdgeID":null},{"edgeID":"1755079","fromID":"1338909","toID":"1057758","formEdgeID":null},{"edgeID":"1755080","fromID":"1338900","toID":"1338910","formEdgeID":null},{"edgeID":"1755081","fromID":"1338910","toID":"1338906","formEdgeID":null},{"edgeID":"1755082","fromID":"1057758","toID":"1338911","formEdgeID":null},{"edgeID":"1755083","fromID":"1338911","toID":"1057751","formEdgeID":null},{"edgeID":"1755084","fromID":"1338910","toID":"1338912","formEdgeID":null},{"edgeID":"1755085","fromID":"1338912","toID":"1338911","formEdgeID":null},{"edgeID":"1755086","fromID":"1057724","toID":"1338913","formEdgeID":null},{"edgeID":"1755087","fromID":"1338913","toID":"1057678","formEdgeID":null},{"edgeID":"1755088","fromID":"1338905","toID":"1338914","formEdgeID":null},{"edgeID":"1755089","fromID":"1338914","toID":"1338913","formEdgeID":null}],"locutions":[]}