{"nodes":[{"nodeID":"1318743","text":"AudienceMember 20220609QT999 feels the Protocol threatens Ireland's position in the United Kingdom","type":"I","timestamp":"2023-11-09 13:21:47"},{"nodeID":"1318744","text":"Fiona Bruce: You feel it threatens your position in the United Kingdom","type":"L","timestamp":"2023-11-09 13:21:47"},{"nodeID":"1318745","text":"Analysing","type":"YA","timestamp":"2023-11-09 13:21:47"},{"nodeID":"1318746","text":"Ella: Fiona Bruce: You feel it threatens your position in the United Kingdom","type":"L","timestamp":"2023-11-09 13:21:47"},{"nodeID":"1318747","text":"Assertive Questioning","type":"YA","timestamp":"2023-11-09 13:21:47"},{"nodeID":"1318748","text":"AudienceMember 20220609QT270: Yes","type":"L","timestamp":"2023-11-09 13:21:47"},{"nodeID":"1318749","text":"Analysing","type":"YA","timestamp":"2023-11-09 13:21:47"},{"nodeID":"1318750","text":"Ella: AudienceMember 20220609QT270: Yes","type":"L","timestamp":"2023-11-09 13:21:47"},{"nodeID":"1318751","text":"we're talking about the question which is about Ireland's position within the United Kingdom","type":"I","timestamp":"2023-11-09 13:21:47"},{"nodeID":"1318752","text":"AudienceMember 20220609QT999: we're talking about the question which is about our position within the United Kingdom","type":"L","timestamp":"2023-11-09 13:21:47"},{"nodeID":"1318753","text":"Analysing","type":"YA","timestamp":"2023-11-09 13:21:47"},{"nodeID":"1318754","text":"Ella: AudienceMember 20220609QT999: we're talking about the question which is about our position within the United Kingdom","type":"L","timestamp":"2023-11-09 13:21:47"},{"nodeID":"1318755","text":"Asserting","type":"YA","timestamp":"2023-11-09 13:21:47"},{"nodeID":"1318756","text":"Ireland's position in the UK is why the DUP and all the other Unionists have a problem with the Protocol","type":"I","timestamp":"2023-11-09 13:21:48"},{"nodeID":"1318757","text":"AudienceMember 20220609QT999: That is why the DUP and all the other Unionists have a problem with the Protocol","type":"L","timestamp":"2023-11-09 13:21:48"},{"nodeID":"1318758","text":"Analysing","type":"YA","timestamp":"2023-11-09 13:21:48"},{"nodeID":"1318759","text":"Ella: AudienceMember 20220609QT999: That is why the DUP and all the other Unionists have a problem with the Protocol","type":"L","timestamp":"2023-11-09 13:21:48"},{"nodeID":"1318760","text":"Asserting","type":"YA","timestamp":"2023-11-09 13:21:48"},{"nodeID":"1318761","text":"Default Transition","type":"TA","timestamp":"2023-11-09 13:21:48"},{"nodeID":"1318762","text":"Ireland's position in the UK isn't a question about Brexit","type":"I","timestamp":"2023-11-09 13:21:48"},{"nodeID":"1318763","text":"AudienceMember 20220609QT999: Not about Brexit","type":"L","timestamp":"2023-11-09 13:21:48"},{"nodeID":"1318764","text":"Analysing","type":"YA","timestamp":"2023-11-09 13:21:48"},{"nodeID":"1318765","text":"Ella: AudienceMember 20220609QT999: Not about Brexit","type":"L","timestamp":"2023-11-09 13:21:48"},{"nodeID":"1318766","text":"Asserting","type":"YA","timestamp":"2023-11-09 13:21:48"},{"nodeID":"1318767","text":"Ireland's position in the UK is a question about our position within the United Kingdom","type":"I","timestamp":"2023-11-09 13:21:49"},{"nodeID":"1318768","text":"AudienceMember 20220609QT999: about our position within the United Kingdom","type":"L","timestamp":"2023-11-09 13:21:49"},{"nodeID":"1318769","text":"Analysing","type":"YA","timestamp":"2023-11-09 13:21:49"},{"nodeID":"1318770","text":"Ella: AudienceMember 20220609QT999: about our position within the United Kingdom","type":"L","timestamp":"2023-11-09 13:21:49"},{"nodeID":"1318771","text":"Asserting","type":"YA","timestamp":"2023-11-09 13:21:49"},{"nodeID":"1318772","text":"Default Rephrase","type":"MA","timestamp":"2023-11-09 13:21:49"},{"nodeID":"1318773","text":"Default Rephrase","type":"MA","timestamp":"2023-11-09 13:21:49"},{"nodeID":"1318774","text":"Default Transition","type":"TA","timestamp":"2023-11-09 13:21:49"},{"nodeID":"1318775","text":"Default Transition","type":"TA","timestamp":"2023-11-09 13:21:49"},{"nodeID":"1318776","text":"Default Transition","type":"TA","timestamp":"2023-11-09 13:21:49"},{"nodeID":"1318777","text":"Restating","type":"YA","timestamp":"2023-11-09 13:21:49"},{"nodeID":"1318778","text":"Restating","type":"YA","timestamp":"2023-11-09 13:21:49"},{"nodeID":"1318779","text":"Default Transition","type":"TA","timestamp":"2023-11-09 13:21:49"},{"nodeID":"1318780","text":"Default Transition","type":"TA","timestamp":"2023-11-09 13:21:49"},{"nodeID":"1318781","text":"Agreeing","type":"YA","timestamp":"2023-11-09 13:21:49"},{"nodeID":"1318782","text":"in reference to the Assembly's collapse previously, it was as a result of a financial scandal squarely at the door of the DUP","type":"I","timestamp":"2023-11-09 13:21:49"},{"nodeID":"1318783","text":"John Finucane: In reference to the Assembly's collapse previously, it was as a result of a financial scandal squarely at the door of the DUP","type":"L","timestamp":"2023-11-09 13:21:49"},{"nodeID":"1318784","text":"Analysing","type":"YA","timestamp":"2023-11-09 13:21:49"},{"nodeID":"1318785","text":"Ella: John Finucane: In reference to the Assembly's collapse previously, it was as a result of a financial scandal squarely at the door of the DUP","type":"L","timestamp":"2023-11-09 13:21:49"},{"nodeID":"1318786","text":"Asserting","type":"YA","timestamp":"2023-11-09 13:21:49"},{"nodeID":"1318787","text":"Default Transition","type":"TA","timestamp":"2023-11-09 13:21:49"},{"nodeID":"1318788","text":"within one year of that financial scandal, we had an agreement to the DUP to go back in and they walked away from that","type":"I","timestamp":"2023-11-09 13:21:50"},{"nodeID":"1318789","text":"John Finucane: Within one year of that, we had an agreement to the DUP to go back in and they walked away from that","type":"L","timestamp":"2023-11-09 13:21:50"},{"nodeID":"1318790","text":"Analysing","type":"YA","timestamp":"2023-11-09 13:21:50"},{"nodeID":"1318791","text":"Ella: John Finucane: Within one year of that, we had an agreement to the DUP to go back in and they walked away from that","type":"L","timestamp":"2023-11-09 13:21:50"},{"nodeID":"1318792","text":"Asserting","type":"YA","timestamp":"2023-11-09 13:21:50"},{"nodeID":"1318793","text":"sometimes we speculate what the people will think","type":"I","timestamp":"2023-11-09 13:21:51"},{"nodeID":"1318794","text":"John Finucane: Sometimes we speculate what the people will think","type":"L","timestamp":"2023-11-09 13:21:51"},{"nodeID":"1318795","text":"Analysing","type":"YA","timestamp":"2023-11-09 13:21:51"},{"nodeID":"1318796","text":"Ella: John Finucane: Sometimes we speculate what the people will think","type":"L","timestamp":"2023-11-09 13:21:51"},{"nodeID":"1318797","text":"Asserting","type":"YA","timestamp":"2023-11-09 13:21:51"},{"nodeID":"1318798","text":"we found out the vast majority of people who cast their vote at the ballot-box returned parties that support and recognise the Protocol as being necessary to protect us from the worst impacts of Brexit","type":"I","timestamp":"2023-11-09 13:21:51"},{"nodeID":"1318799","text":"John Finucane: We found out the vast majority of people who cast their vote at the ballot-box returned parties that support and recognise the Protocol as being necessary to protect us from the worst impacts of Brexit","type":"L","timestamp":"2023-11-09 13:21:51"},{"nodeID":"1318800","text":"Analysing","type":"YA","timestamp":"2023-11-09 13:21:51"},{"nodeID":"1318801","text":"Ella: John Finucane: We found out the vast majority of people who cast their vote at the ballot-box returned parties that support and recognise the Protocol as being necessary to protect us from the worst impacts of Brexit","type":"L","timestamp":"2023-11-09 13:21:51"},{"nodeID":"1318802","text":"Asserting","type":"YA","timestamp":"2023-11-09 13:21:51"},{"nodeID":"1318803","text":"the only thing that is going to change the constitutional basis on this island is when there is a referendum, as legislated for in the Good Friday Agreement","type":"I","timestamp":"2023-11-09 13:21:52"},{"nodeID":"1318804","text":"John Finucane: the only thing that is going to change the constitutional basis on this island is when there is a referendum, as legislated for in the Good Friday Agreement","type":"L","timestamp":"2023-11-09 13:21:52"},{"nodeID":"1318805","text":"Analysing","type":"YA","timestamp":"2023-11-09 13:21:52"},{"nodeID":"1318806","text":"Ella: John Finucane: the only thing that is going to change the constitutional basis on this island is when there is a referendum, as legislated for in the Good Friday Agreement","type":"L","timestamp":"2023-11-09 13:21:52"},{"nodeID":"1318807","text":"Asserting","type":"YA","timestamp":"2023-11-09 13:21:52"},{"nodeID":"1318808","text":"Default Transition","type":"TA","timestamp":"2023-11-09 13:21:52"},{"nodeID":"1318809","text":"Default Transition","type":"TA","timestamp":"2023-11-09 13:21:52"},{"nodeID":"1318810","text":"Default Inference","type":"RA","timestamp":"2023-11-09 13:21:52"},{"nodeID":"1318811","text":"Default Transition","type":"TA","timestamp":"2023-11-09 13:21:52"},{"nodeID":"1318812","text":"Arguing","type":"YA","timestamp":"2023-11-09 13:21:52"},{"nodeID":"1318813","text":"xxx is how you persuade this man, Unknown Unknown, who feels his position is threatened by the protocol","type":"I","timestamp":"2023-11-09 13:21:52"},{"nodeID":"1318814","text":"Fiona Bruce: How do you persuade this man who feels his position is threatened by the protocol","type":"L","timestamp":"2023-11-09 13:21:52"},{"nodeID":"1318815","text":"Analysing","type":"YA","timestamp":"2023-11-09 13:21:52"},{"nodeID":"1318816","text":"Ella: Fiona Bruce: How do you persuade this man who feels his position is threatened by the protocol","type":"L","timestamp":"2023-11-09 13:21:52"},{"nodeID":"1318817","text":"Asserting","type":"YA","timestamp":"2023-11-09 13:21:52"},{"nodeID":"1318818","text":"Default Transition","type":"TA","timestamp":"2023-11-09 13:21:52"},{"nodeID":"1318819","text":"Unknown Unknown has his view","type":"I","timestamp":"2023-11-09 13:21:53"},{"nodeID":"1318820","text":"John Finucane: He has his view","type":"L","timestamp":"2023-11-09 13:21:53"},{"nodeID":"1318821","text":"Analysing","type":"YA","timestamp":"2023-11-09 13:21:53"},{"nodeID":"1318822","text":"Ella: John Finucane: He has his view","type":"L","timestamp":"2023-11-09 13:21:53"},{"nodeID":"1318823","text":"Asserting","type":"YA","timestamp":"2023-11-09 13:21:53"},{"nodeID":"1318824","text":"it's not a case of John Finucane not listening to Unknown Unknown","type":"I","timestamp":"2023-11-09 13:21:54"},{"nodeID":"1318825","text":"John Finucane: It's not a case of me not listening","type":"L","timestamp":"2023-11-09 13:21:54"},{"nodeID":"1318826","text":"Analysing","type":"YA","timestamp":"2023-11-09 13:21:54"},{"nodeID":"1318827","text":"Ella: John Finucane: It's not a case of me not listening","type":"L","timestamp":"2023-11-09 13:21:54"},{"nodeID":"1318828","text":"Asserting","type":"YA","timestamp":"2023-11-09 13:21:54"},{"nodeID":"1318829","text":"Default Transition","type":"TA","timestamp":"2023-11-09 13:21:54"},{"nodeID":"1318830","text":"Default Transition","type":"TA","timestamp":"2023-11-09 13:21:54"},{"nodeID":"1318831","text":"AudienceMember 20220609QT271 is not the only one who feels threatened by the Protocol","type":"I","timestamp":"2023-11-09 13:21:54"},{"nodeID":"1318832","text":"AudienceMember 20220609QT271: It is not just me","type":"L","timestamp":"2023-11-09 13:21:54"},{"nodeID":"1318833","text":"Analysing","type":"YA","timestamp":"2023-11-09 13:21:54"},{"nodeID":"1318834","text":"Ella: AudienceMember 20220609QT271: It is not just me","type":"L","timestamp":"2023-11-09 13:21:54"},{"nodeID":"1318835","text":"Asserting","type":"YA","timestamp":"2023-11-09 13:21:54"},{"nodeID":"1318836","text":"Default Conflict","type":"CA","timestamp":"2023-11-09 13:21:54"},{"nodeID":"1318837","text":"Disagreeing","type":"YA","timestamp":"2023-11-09 13:21:54"},{"nodeID":"1318838","text":"it is every other Unionist that has a problem with the protocol","type":"I","timestamp":"2023-11-09 13:21:55"},{"nodeID":"1318839","text":"AudienceMember 20220609QT272: It is every other Unionist that has a problem with the protocol","type":"L","timestamp":"2023-11-09 13:21:55"},{"nodeID":"1318840","text":"Analysing","type":"YA","timestamp":"2023-11-09 13:21:55"},{"nodeID":"1318841","text":"Ella: AudienceMember 20220609QT272: It is every other Unionist that has a problem with the protocol","type":"L","timestamp":"2023-11-09 13:21:55"},{"nodeID":"1318842","text":"Asserting","type":"YA","timestamp":"2023-11-09 13:21:55"},{"nodeID":"1318843","text":"Default Transition","type":"TA","timestamp":"2023-11-09 13:21:55"},{"nodeID":"1318844","text":"Agreeing","type":"YA","timestamp":"2023-11-09 13:21:55"},{"nodeID":"1318845","text":"not all the Unionists would say we would need to be held to ransom and have no Executive","type":"I","timestamp":"2023-11-09 13:21:55"},{"nodeID":"1318846","text":"John Finucane: Not all the Unionists would say we would need to be held to ransom and have no Executive","type":"L","timestamp":"2023-11-09 13:21:55"},{"nodeID":"1318847","text":"Analysing","type":"YA","timestamp":"2023-11-09 13:21:55"},{"nodeID":"1318848","text":"Ella: John Finucane: Not all the Unionists would say we would need to be held to ransom and have no Executive","type":"L","timestamp":"2023-11-09 13:21:55"},{"nodeID":"1318849","text":"Asserting","type":"YA","timestamp":"2023-11-09 13:21:55"},{"nodeID":"1318850","text":"Default Transition","type":"TA","timestamp":"2023-11-09 13:21:55"},{"nodeID":"1318851","text":"Default Conflict","type":"CA","timestamp":"2023-11-09 13:21:55"},{"nodeID":"1318852","text":"Disagreeing","type":"YA","timestamp":"2023-11-09 13:21:55"},{"nodeID":"1318853","text":"Default Transition","type":"TA","timestamp":"2023-11-09 13:21:55"},{"nodeID":"1318854","text":"Default Conflict","type":"CA","timestamp":"2023-11-09 13:21:55"},{"nodeID":"1318855","text":"Default Transition","type":"TA","timestamp":"2023-11-09 13:21:55"},{"nodeID":"1318856","text":"Disagreeing","type":"YA","timestamp":"2023-11-09 13:21:55"}],"edges":[{"edgeID":"1730901","fromID":"1318745","toID":"1318744","formEdgeID":null},{"edgeID":"1730902","fromID":"1318746","toID":"1318745","formEdgeID":null},{"edgeID":"1730903","fromID":"1318744","toID":"1318747","formEdgeID":null},{"edgeID":"1730904","fromID":"1318747","toID":"1318743","formEdgeID":null},{"edgeID":"1730905","fromID":"1318749","toID":"1318748","formEdgeID":null},{"edgeID":"1730906","fromID":"1318750","toID":"1318749","formEdgeID":null},{"edgeID":"1730907","fromID":"1318753","toID":"1318752","formEdgeID":null},{"edgeID":"1730908","fromID":"1318754","toID":"1318753","formEdgeID":null},{"edgeID":"1730909","fromID":"1318752","toID":"1318755","formEdgeID":null},{"edgeID":"1730910","fromID":"1318755","toID":"1318751","formEdgeID":null},{"edgeID":"1730911","fromID":"1318758","toID":"1318757","formEdgeID":null},{"edgeID":"1730912","fromID":"1318759","toID":"1318758","formEdgeID":null},{"edgeID":"1730913","fromID":"1318757","toID":"1318760","formEdgeID":null},{"edgeID":"1730914","fromID":"1318760","toID":"1318756","formEdgeID":null},{"edgeID":"1730915","fromID":"1318752","toID":"1318761","formEdgeID":null},{"edgeID":"1730916","fromID":"1318761","toID":"1318757","formEdgeID":null},{"edgeID":"1730917","fromID":"1318764","toID":"1318763","formEdgeID":null},{"edgeID":"1730918","fromID":"1318765","toID":"1318764","formEdgeID":null},{"edgeID":"1730919","fromID":"1318763","toID":"1318766","formEdgeID":null},{"edgeID":"1730920","fromID":"1318766","toID":"1318762","formEdgeID":null},{"edgeID":"1730921","fromID":"1318769","toID":"1318768","formEdgeID":null},{"edgeID":"1730922","fromID":"1318770","toID":"1318769","formEdgeID":null},{"edgeID":"1730923","fromID":"1318768","toID":"1318771","formEdgeID":null},{"edgeID":"1730924","fromID":"1318771","toID":"1318767","formEdgeID":null},{"edgeID":"1730925","fromID":"1318767","toID":"1318772","formEdgeID":null},{"edgeID":"1730926","fromID":"1318772","toID":"1318762","formEdgeID":null},{"edgeID":"1730927","fromID":"1318767","toID":"1318773","formEdgeID":null},{"edgeID":"1730928","fromID":"1318773","toID":"1318751","formEdgeID":null},{"edgeID":"1730929","fromID":"1318757","toID":"1318774","formEdgeID":null},{"edgeID":"1730930","fromID":"1318774","toID":"1318763","formEdgeID":null},{"edgeID":"1730931","fromID":"1318763","toID":"1318775","formEdgeID":null},{"edgeID":"1730932","fromID":"1318775","toID":"1318768","formEdgeID":null},{"edgeID":"1730933","fromID":"1318752","toID":"1318776","formEdgeID":null},{"edgeID":"1730934","fromID":"1318776","toID":"1318768","formEdgeID":null},{"edgeID":"1730935","fromID":"1318775","toID":"1318777","formEdgeID":null},{"edgeID":"1730936","fromID":"1318777","toID":"1318772","formEdgeID":null},{"edgeID":"1730937","fromID":"1318776","toID":"1318778","formEdgeID":null},{"edgeID":"1730938","fromID":"1318778","toID":"1318773","formEdgeID":null},{"edgeID":"1730939","fromID":"1318768","toID":"1318779","formEdgeID":null},{"edgeID":"1730940","fromID":"1318779","toID":"1318744","formEdgeID":null},{"edgeID":"1730941","fromID":"1318744","toID":"1318780","formEdgeID":null},{"edgeID":"1730942","fromID":"1318780","toID":"1318748","formEdgeID":null},{"edgeID":"1730943","fromID":"1318780","toID":"1318781","formEdgeID":null},{"edgeID":"1730944","fromID":"1318781","toID":"1318743","formEdgeID":null},{"edgeID":"1730945","fromID":"1318784","toID":"1318783","formEdgeID":null},{"edgeID":"1730946","fromID":"1318785","toID":"1318784","formEdgeID":null},{"edgeID":"1730947","fromID":"1318783","toID":"1318786","formEdgeID":null},{"edgeID":"1730948","fromID":"1318786","toID":"1318782","formEdgeID":null},{"edgeID":"1730949","fromID":"1318748","toID":"1318787","formEdgeID":null},{"edgeID":"1730950","fromID":"1318787","toID":"1318783","formEdgeID":null},{"edgeID":"1730951","fromID":"1318790","toID":"1318789","formEdgeID":null},{"edgeID":"1730952","fromID":"1318791","toID":"1318790","formEdgeID":null},{"edgeID":"1730953","fromID":"1318789","toID":"1318792","formEdgeID":null},{"edgeID":"1730954","fromID":"1318792","toID":"1318788","formEdgeID":null},{"edgeID":"1730955","fromID":"1318795","toID":"1318794","formEdgeID":null},{"edgeID":"1730956","fromID":"1318796","toID":"1318795","formEdgeID":null},{"edgeID":"1730957","fromID":"1318794","toID":"1318797","formEdgeID":null},{"edgeID":"1730958","fromID":"1318797","toID":"1318793","formEdgeID":null},{"edgeID":"1730959","fromID":"1318800","toID":"1318799","formEdgeID":null},{"edgeID":"1730960","fromID":"1318801","toID":"1318800","formEdgeID":null},{"edgeID":"1730961","fromID":"1318799","toID":"1318802","formEdgeID":null},{"edgeID":"1730962","fromID":"1318802","toID":"1318798","formEdgeID":null},{"edgeID":"1730963","fromID":"1318805","toID":"1318804","formEdgeID":null},{"edgeID":"1730964","fromID":"1318806","toID":"1318805","formEdgeID":null},{"edgeID":"1730965","fromID":"1318804","toID":"1318807","formEdgeID":null},{"edgeID":"1730966","fromID":"1318807","toID":"1318803","formEdgeID":null},{"edgeID":"1730967","fromID":"1318789","toID":"1318808","formEdgeID":null},{"edgeID":"1730968","fromID":"1318808","toID":"1318794","formEdgeID":null},{"edgeID":"1730969","fromID":"1318794","toID":"1318809","formEdgeID":null},{"edgeID":"1730970","fromID":"1318809","toID":"1318799","formEdgeID":null},{"edgeID":"1730971","fromID":"1318798","toID":"1318810","formEdgeID":null},{"edgeID":"1730972","fromID":"1318810","toID":"1318803","formEdgeID":null},{"edgeID":"1730973","fromID":"1318799","toID":"1318811","formEdgeID":null},{"edgeID":"1730974","fromID":"1318811","toID":"1318804","formEdgeID":null},{"edgeID":"1730975","fromID":"1318811","toID":"1318812","formEdgeID":null},{"edgeID":"1730976","fromID":"1318812","toID":"1318810","formEdgeID":null},{"edgeID":"1730977","fromID":"1318815","toID":"1318814","formEdgeID":null},{"edgeID":"1730978","fromID":"1318816","toID":"1318815","formEdgeID":null},{"edgeID":"1730979","fromID":"1318814","toID":"1318817","formEdgeID":null},{"edgeID":"1730980","fromID":"1318817","toID":"1318813","formEdgeID":null},{"edgeID":"1730981","fromID":"1318804","toID":"1318818","formEdgeID":null},{"edgeID":"1730982","fromID":"1318818","toID":"1318814","formEdgeID":null},{"edgeID":"1730983","fromID":"1318821","toID":"1318820","formEdgeID":null},{"edgeID":"1730984","fromID":"1318822","toID":"1318821","formEdgeID":null},{"edgeID":"1730985","fromID":"1318820","toID":"1318823","formEdgeID":null},{"edgeID":"1730986","fromID":"1318823","toID":"1318819","formEdgeID":null},{"edgeID":"1730987","fromID":"1318826","toID":"1318825","formEdgeID":null},{"edgeID":"1730988","fromID":"1318827","toID":"1318826","formEdgeID":null},{"edgeID":"1730989","fromID":"1318825","toID":"1318828","formEdgeID":null},{"edgeID":"1730990","fromID":"1318828","toID":"1318824","formEdgeID":null},{"edgeID":"1730991","fromID":"1318814","toID":"1318829","formEdgeID":null},{"edgeID":"1730992","fromID":"1318829","toID":"1318820","formEdgeID":null},{"edgeID":"1730993","fromID":"1318820","toID":"1318830","formEdgeID":null},{"edgeID":"1730994","fromID":"1318830","toID":"1318825","formEdgeID":null},{"edgeID":"1730995","fromID":"1318833","toID":"1318832","formEdgeID":null},{"edgeID":"1730996","fromID":"1318834","toID":"1318833","formEdgeID":null},{"edgeID":"1730997","fromID":"1318832","toID":"1318835","formEdgeID":null},{"edgeID":"1730998","fromID":"1318835","toID":"1318831","formEdgeID":null},{"edgeID":"1730999","fromID":"1318824","toID":"1318836","formEdgeID":null},{"edgeID":"1731000","fromID":"1318836","toID":"1318819","formEdgeID":null},{"edgeID":"1731001","fromID":"1318830","toID":"1318837","formEdgeID":null},{"edgeID":"1731002","fromID":"1318837","toID":"1318836","formEdgeID":null},{"edgeID":"1731003","fromID":"1318840","toID":"1318839","formEdgeID":null},{"edgeID":"1731004","fromID":"1318841","toID":"1318840","formEdgeID":null},{"edgeID":"1731005","fromID":"1318839","toID":"1318842","formEdgeID":null},{"edgeID":"1731006","fromID":"1318842","toID":"1318838","formEdgeID":null},{"edgeID":"1731007","fromID":"1318832","toID":"1318843","formEdgeID":null},{"edgeID":"1731008","fromID":"1318843","toID":"1318839","formEdgeID":null},{"edgeID":"1731009","fromID":"1318843","toID":"1318844","formEdgeID":null},{"edgeID":"1731010","fromID":"1318844","toID":"1318831","formEdgeID":null},{"edgeID":"1731011","fromID":"1318847","toID":"1318846","formEdgeID":null},{"edgeID":"1731012","fromID":"1318848","toID":"1318847","formEdgeID":null},{"edgeID":"1731013","fromID":"1318846","toID":"1318849","formEdgeID":null},{"edgeID":"1731014","fromID":"1318849","toID":"1318845","formEdgeID":null},{"edgeID":"1731015","fromID":"1318839","toID":"1318850","formEdgeID":null},{"edgeID":"1731016","fromID":"1318850","toID":"1318846","formEdgeID":null},{"edgeID":"1731017","fromID":"1318845","toID":"1318851","formEdgeID":null},{"edgeID":"1731018","fromID":"1318851","toID":"1318838","formEdgeID":null},{"edgeID":"1731019","fromID":"1318850","toID":"1318852","formEdgeID":null},{"edgeID":"1731020","fromID":"1318852","toID":"1318851","formEdgeID":null},{"edgeID":"1731021","fromID":"1318783","toID":"1318853","formEdgeID":null},{"edgeID":"1731022","fromID":"1318853","toID":"1318789","formEdgeID":null},{"edgeID":"1731023","fromID":"1318831","toID":"1318854","formEdgeID":null},{"edgeID":"1731024","fromID":"1318854","toID":"1318819","formEdgeID":null},{"edgeID":"1731025","fromID":"1318820","toID":"1318855","formEdgeID":null},{"edgeID":"1731026","fromID":"1318855","toID":"1318832","formEdgeID":null},{"edgeID":"1731027","fromID":"1318855","toID":"1318856","formEdgeID":null},{"edgeID":"1731028","fromID":"1318856","toID":"1318854","formEdgeID":null}],"locutions":[]}