{"nodes":[{"nodeID":"1148976","text":"as a unionist AudienceMember 20220609QT263 agrees with most of what Emma Little-Pengelly said","type":"I","timestamp":"2023-04-20 19:20:21"},{"nodeID":"1148981","text":"Stormont is not going to do anything","type":"I","timestamp":"2023-04-20 19:20:23"},{"nodeID":"1148991","text":"talking to the EU is like talking to a brick wall","type":"I","timestamp":"2023-04-20 19:20:29"},{"nodeID":"1149013","text":"everyone is quick to point to the DUP for bringing down Stormont","type":"I","timestamp":"2023-04-20 19:20:37"},{"nodeID":"1149045","text":"the issue around rigorous implementation was in specific response to the fact that Robert Buckland's government was standing up, the Secretary of State saying they were going to break the law in specific and limited ways","type":"I","timestamp":"2023-04-20 19:20:48"},{"nodeID":"1149057","text":"you can't really complain about the farce that we've seen over the last 48 hours with the government that thinks it is above the law and can do what it wishes","type":"I","timestamp":"2023-04-20 19:20:54"},{"nodeID":"1317265","text":"AudienceMember 20220609QT263: As a unionist I agree with most of what Emma said","type":"L","timestamp":"2023-11-09 13:19:45"},{"nodeID":"1317266","text":"Analysing","type":"YA","timestamp":"2023-11-09 13:19:45"},{"nodeID":"1317267","text":"Nette: AudienceMember 20220609QT263: As a unionist I agree with most of what Emma said","type":"L","timestamp":"2023-11-09 13:19:45"},{"nodeID":"1317268","text":"Asserting","type":"YA","timestamp":"2023-11-09 13:19:45"},{"nodeID":"1317269","text":"AudienceMember 20220609QT263: Stormont is going to do anything","type":"L","timestamp":"2023-11-09 13:19:45"},{"nodeID":"1317270","text":"Analysing","type":"YA","timestamp":"2023-11-09 13:19:45"},{"nodeID":"1317271","text":"Nette: AudienceMember 20220609QT263: Stormont is going to do anything","type":"L","timestamp":"2023-11-09 13:19:45"},{"nodeID":"1317272","text":"Asserting","type":"YA","timestamp":"2023-11-09 13:19:45"},{"nodeID":"1317273","text":"Default Transition","type":"TA","timestamp":"2023-11-09 13:19:45"},{"nodeID":"1317274","text":"Default Conflict","type":"CA","timestamp":"2023-11-09 13:19:45"},{"nodeID":"1317275","text":"we can't trust Boris to act","type":"I","timestamp":"2023-11-09 13:19:46"},{"nodeID":"1317276","text":"AudienceMember 20220609QT263: We can't trust Boris to act","type":"L","timestamp":"2023-11-09 13:19:46"},{"nodeID":"1317277","text":"Analysing","type":"YA","timestamp":"2023-11-09 13:19:46"},{"nodeID":"1317278","text":"Nette: AudienceMember 20220609QT263: We can't trust Boris to act","type":"L","timestamp":"2023-11-09 13:19:46"},{"nodeID":"1317279","text":"Asserting","type":"YA","timestamp":"2023-11-09 13:19:46"},{"nodeID":"1317280","text":"Default Transition","type":"TA","timestamp":"2023-11-09 13:19:46"},{"nodeID":"1317281","text":"AudienceMember 20220609QT263: talking to the EU is like talking to a brick wall","type":"L","timestamp":"2023-11-09 13:19:46"},{"nodeID":"1317282","text":"Analysing","type":"YA","timestamp":"2023-11-09 13:19:46"},{"nodeID":"1317283","text":"Nette: AudienceMember 20220609QT263: talking to the EU is like talking to a brick wall","type":"L","timestamp":"2023-11-09 13:19:46"},{"nodeID":"1317284","text":"Asserting","type":"YA","timestamp":"2023-11-09 13:19:46"},{"nodeID":"1317285","text":"Default Transition","type":"TA","timestamp":"2023-11-09 13:19:46"},{"nodeID":"1317286","text":"there are issues with the Northern Ireland protocol","type":"I","timestamp":"2023-11-09 13:19:47"},{"nodeID":"1317287","text":"AudienceMember 20220609QT264: Emma Little-Pengelly was saying about the protocol and the issues with it","type":"L","timestamp":"2023-11-09 13:19:47"},{"nodeID":"1317288","text":"Analysing","type":"YA","timestamp":"2023-11-09 13:19:47"},{"nodeID":"1317289","text":"Nette: AudienceMember 20220609QT264: Emma Little-Pengelly was saying about the protocol and the issues with it","type":"L","timestamp":"2023-11-09 13:19:47"},{"nodeID":"1317290","text":"Emma Little-Pengelly: there are issues with the Northern Ireland protocol","type":"L","timestamp":"2023-11-09 13:19:47"},{"nodeID":"1317291","text":"Analysing","type":"YA","timestamp":"2023-11-09 13:19:47"},{"nodeID":"1317292","text":"Nette: Emma Little-Pengelly: Emma Little-Pengelly was saying about the protocol and the issues with it","type":"L","timestamp":"2023-11-09 13:19:47"},{"nodeID":"1317293","text":"Asserting","type":"YA","timestamp":"2023-11-09 13:19:47"},{"nodeID":"1317294","text":"Asserting","type":"YA","timestamp":"2023-11-09 13:19:47"},{"nodeID":"1317295","text":"Default Transition","type":"TA","timestamp":"2023-11-09 13:19:47"},{"nodeID":"1317296","text":"it wasn't so long that Emma Little-Pengelly was calling for the rigorous implementation of the Northern Ireland protocol","type":"I","timestamp":"2023-11-09 13:19:48"},{"nodeID":"1317297","text":"AudienceMember 20220609QT264: It wasn't so long that she was calling for the rigorous implementation","type":"L","timestamp":"2023-11-09 13:19:48"},{"nodeID":"1317298","text":"Analysing","type":"YA","timestamp":"2023-11-09 13:19:48"},{"nodeID":"1317299","text":"Nette: AudienceMember 20220609QT264: It wasn't so long that she was calling for the rigorous implementation","type":"L","timestamp":"2023-11-09 13:19:48"},{"nodeID":"1317300","text":"Asserting","type":"YA","timestamp":"2023-11-09 13:19:48"},{"nodeID":"1317301","text":"Default Transition","type":"TA","timestamp":"2023-11-09 13:19:48"},{"nodeID":"1317302","text":"Default Conflict","type":"CA","timestamp":"2023-11-09 13:19:48"},{"nodeID":"1317303","text":"Disagreeing","type":"YA","timestamp":"2023-11-09 13:19:48"},{"nodeID":"1317304","text":"AudienceMember 20220609QT264: everyone is quick to point to the DUP for bringing down Stormont","type":"L","timestamp":"2023-11-09 13:19:48"},{"nodeID":"1317305","text":"Analysing","type":"YA","timestamp":"2023-11-09 13:19:48"},{"nodeID":"1317306","text":"Nette: AudienceMember 20220609QT264: everyone is quick to point to the DUP for bringing down Stormont","type":"L","timestamp":"2023-11-09 13:19:48"},{"nodeID":"1317307","text":"Asserting","type":"YA","timestamp":"2023-11-09 13:19:48"},{"nodeID":"1317308","text":"Default Transition","type":"TA","timestamp":"2023-11-09 13:19:48"},{"nodeID":"1317309","text":"it was another party that brought Stormont down and Michelle O'Neil was the Health Minister at the time","type":"I","timestamp":"2023-11-09 13:19:49"},{"nodeID":"1317310","text":"AudienceMember 20220609QT264: Wasn't it another party that brought Stormont down and Michelle O'Neil was the Health Minister at the time","type":"L","timestamp":"2023-11-09 13:19:49"},{"nodeID":"1317311","text":"Analysing","type":"YA","timestamp":"2023-11-09 13:19:49"},{"nodeID":"1317312","text":"Nette: AudienceMember 20220609QT264: Wasn't it another party that brought Stormont down and Michelle O'Neil was the Health Minister at the time","type":"L","timestamp":"2023-11-09 13:19:49"},{"nodeID":"1317313","text":"Assertive Questioning","type":"YA","timestamp":"2023-11-09 13:19:49"},{"nodeID":"1317314","text":"Default Transition","type":"TA","timestamp":"2023-11-09 13:19:49"},{"nodeID":"1317315","text":"Default Conflict","type":"CA","timestamp":"2023-11-09 13:19:49"},{"nodeID":"1317316","text":"Disagreeing","type":"YA","timestamp":"2023-11-09 13:19:49"},{"nodeID":"1317317","text":"there wasn't much concern with the health of the people of Northern Ireland then","type":"I","timestamp":"2023-11-09 13:19:49"},{"nodeID":"1317318","text":"AudienceMember 20220609QT264: There wasn't much concern with the health of the people of Northern Ireland then","type":"L","timestamp":"2023-11-09 13:19:49"},{"nodeID":"1317319","text":"Analysing","type":"YA","timestamp":"2023-11-09 13:19:49"},{"nodeID":"1317320","text":"Nette: AudienceMember 20220609QT264: There wasn't much concern with the health of the people of Northern Ireland then","type":"L","timestamp":"2023-11-09 13:19:49"},{"nodeID":"1317321","text":"Asserting","type":"YA","timestamp":"2023-11-09 13:19:49"},{"nodeID":"1317322","text":"Default Transition","type":"TA","timestamp":"2023-11-09 13:19:49"},{"nodeID":"1317323","text":"Naomi Long: The issue around rigorous implementation was in specific response to the fact that Robert Buckland's government was standing up, the Secretary of State saying they were going to break the law in specific and limited ways","type":"L","timestamp":"2023-11-09 13:19:50"},{"nodeID":"1317324","text":"Analysing","type":"YA","timestamp":"2023-11-09 13:19:50"},{"nodeID":"1317325","text":"Nette: Naomi Long: The issue around rigorous implementation was in specific response to the fact that Robert Buckland's government was standing up, the Secretary of State saying they were going to break the law in specific and limited ways","type":"L","timestamp":"2023-11-09 13:19:50"},{"nodeID":"1317326","text":"Asserting","type":"YA","timestamp":"2023-11-09 13:19:50"},{"nodeID":"1317327","text":"Default Transition","type":"TA","timestamp":"2023-11-09 13:19:50"},{"nodeID":"1317328","text":"one thinks it's okay for government to break the law","type":"I","timestamp":"2023-11-09 13:19:51"},{"nodeID":"1317329","text":"Naomi Long: you think it's okay for government to break the law","type":"L","timestamp":"2023-11-09 13:19:51"},{"nodeID":"1317330","text":"Analysing","type":"YA","timestamp":"2023-11-09 13:19:51"},{"nodeID":"1317331","text":"Nette: Naomi Long: you think it's okay for government to break the law","type":"L","timestamp":"2023-11-09 13:19:51"},{"nodeID":"1317332","text":"Asserting","type":"YA","timestamp":"2023-11-09 13:19:51"},{"nodeID":"1317333","text":"Default Transition","type":"TA","timestamp":"2023-11-09 13:19:51"},{"nodeID":"1317334","text":"Naomi Long: you can't really complain about the farce that we've seen over the last 48 hours with the government that thinks it is above the law and can do what it wishes","type":"L","timestamp":"2023-11-09 13:19:51"},{"nodeID":"1317335","text":"Analysing","type":"YA","timestamp":"2023-11-09 13:19:51"},{"nodeID":"1317336","text":"Nette: Naomi Long: you can't really complain about the farce that we've seen over the last 48 hours with the government that thinks it is above the law and can do what it wishes","type":"L","timestamp":"2023-11-09 13:19:51"},{"nodeID":"1317337","text":"Asserting","type":"YA","timestamp":"2023-11-09 13:19:51"},{"nodeID":"1317338","text":"Default Transition","type":"TA","timestamp":"2023-11-09 13:19:51"},{"nodeID":"1317339","text":"Default Inference","type":"RA","timestamp":"2023-11-09 13:19:51"},{"nodeID":"1317340","text":"Arguing","type":"YA","timestamp":"2023-11-09 13:19:51"},{"nodeID":"1317341","text":"there were no conditions on rigorous implementation of the Northern Ireland protocol","type":"I","timestamp":"2023-11-09 13:19:52"},{"nodeID":"1317342","text":"Emma Little-Pengelly: There were no conditions on rigorous implementation","type":"L","timestamp":"2023-11-09 13:19:52"},{"nodeID":"1317343","text":"Analysing","type":"YA","timestamp":"2023-11-09 13:19:52"},{"nodeID":"1317344","text":"Nette: Emma Little-Pengelly: There were no conditions on rigorous implementation","type":"L","timestamp":"2023-11-09 13:19:52"},{"nodeID":"1317345","text":"Asserting","type":"YA","timestamp":"2023-11-09 13:19:52"},{"nodeID":"1317346","text":"the Northern Ireland protocol undermines our cherished position of equal citizenship in the United Kingdom","type":"I","timestamp":"2023-11-09 13:19:52"},{"nodeID":"1317347","text":"Fiona Bruce: The Protocol undermines our cherished position of equal citizenship in the United Kingdom","type":"L","timestamp":"2023-11-09 13:19:52"},{"nodeID":"1317348","text":"Analysing","type":"YA","timestamp":"2023-11-09 13:19:52"},{"nodeID":"1317349","text":"Nette: Fiona Bruce: The Protocol undermines our cherished position of equal citizenship in the United Kingdom","type":"L","timestamp":"2023-11-09 13:19:52"},{"nodeID":"1317350","text":"AudienceMember 20220609QT246: The Protocol undermines our cherished position of equal citizenship in the United Kingdom","type":"L","timestamp":"2023-11-09 13:19:52"},{"nodeID":"1317351","text":"Analysing","type":"YA","timestamp":"2023-11-09 13:19:52"},{"nodeID":"1317352","text":"Nette: AudienceMember 20220609QT246: The Protocol undermines our cherished position of equal citizenship in the United Kingdom","type":"L","timestamp":"2023-11-09 13:19:52"},{"nodeID":"1317353","text":"Asserting","type":"YA","timestamp":"2023-11-09 13:19:52"},{"nodeID":"1317354","text":"Asserting","type":"YA","timestamp":"2023-11-09 13:19:52"},{"nodeID":"1317355","text":"Default Transition","type":"TA","timestamp":"2023-11-09 13:19:52"},{"nodeID":"1317356","text":"the Northern Ireland protocol undermining our cherished position of equal citizenship is something that AudienceMember 20220609QT246 clearly feel very strongly about","type":"I","timestamp":"2023-11-09 13:19:53"},{"nodeID":"1317357","text":"Fiona Bruce: is something that you clearly feel very strongly about","type":"L","timestamp":"2023-11-09 13:19:53"},{"nodeID":"1317358","text":"Analysing","type":"YA","timestamp":"2023-11-09 13:19:53"},{"nodeID":"1317359","text":"Nette: Fiona Bruce: is something that you clearly feel very strongly about","type":"L","timestamp":"2023-11-09 13:19:53"},{"nodeID":"1317360","text":"Asserting","type":"YA","timestamp":"2023-11-09 13:19:53"},{"nodeID":"1317361","text":"Default Transition","type":"TA","timestamp":"2023-11-09 13:19:53"},{"nodeID":"1317362","text":"Default Transition","type":"TA","timestamp":"2023-11-09 13:19:53"},{"nodeID":"1317363","text":"Default Rephrase","type":"MA","timestamp":"2023-11-09 13:19:53"},{"nodeID":"1317364","text":"Restating","type":"YA","timestamp":"2023-11-09 13:19:53"}],"edges":[{"edgeID":"1729121","fromID":"1317266","toID":"1317265","formEdgeID":null},{"edgeID":"1729122","fromID":"1317267","toID":"1317266","formEdgeID":null},{"edgeID":"1729123","fromID":"1317265","toID":"1317268","formEdgeID":null},{"edgeID":"1729124","fromID":"1317268","toID":"1148976","formEdgeID":null},{"edgeID":"1729125","fromID":"1317270","toID":"1317269","formEdgeID":null},{"edgeID":"1729126","fromID":"1317271","toID":"1317270","formEdgeID":null},{"edgeID":"1729127","fromID":"1317269","toID":"1317272","formEdgeID":null},{"edgeID":"1729128","fromID":"1317272","toID":"1148981","formEdgeID":null},{"edgeID":"1729129","fromID":"1317265","toID":"1317273","formEdgeID":null},{"edgeID":"1729130","fromID":"1317273","toID":"1317269","formEdgeID":null},{"edgeID":"1729131","fromID":"1148981","toID":"1317274","formEdgeID":null},{"edgeID":"1729132","fromID":"1317274","toID":"1148976","formEdgeID":null},{"edgeID":"1729133","fromID":"1317277","toID":"1317276","formEdgeID":null},{"edgeID":"1729134","fromID":"1317278","toID":"1317277","formEdgeID":null},{"edgeID":"1729135","fromID":"1317276","toID":"1317279","formEdgeID":null},{"edgeID":"1729136","fromID":"1317279","toID":"1317275","formEdgeID":null},{"edgeID":"1729137","fromID":"1317269","toID":"1317280","formEdgeID":null},{"edgeID":"1729138","fromID":"1317280","toID":"1317276","formEdgeID":null},{"edgeID":"1729139","fromID":"1317282","toID":"1317281","formEdgeID":null},{"edgeID":"1729140","fromID":"1317283","toID":"1317282","formEdgeID":null},{"edgeID":"1729141","fromID":"1317281","toID":"1317284","formEdgeID":null},{"edgeID":"1729142","fromID":"1317284","toID":"1148991","formEdgeID":null},{"edgeID":"1729143","fromID":"1317276","toID":"1317285","formEdgeID":null},{"edgeID":"1729144","fromID":"1317285","toID":"1317281","formEdgeID":null},{"edgeID":"1729145","fromID":"1317288","toID":"1317287","formEdgeID":null},{"edgeID":"1729146","fromID":"1317289","toID":"1317288","formEdgeID":null},{"edgeID":"1729147","fromID":"1317291","toID":"1317290","formEdgeID":null},{"edgeID":"1729148","fromID":"1317292","toID":"1317291","formEdgeID":null},{"edgeID":"1729149","fromID":"1317290","toID":"1317293","formEdgeID":null},{"edgeID":"1729150","fromID":"1317293","toID":"1317286","formEdgeID":null},{"edgeID":"1729151","fromID":"1317287","toID":"1317294","formEdgeID":null},{"edgeID":"1729152","fromID":"1317294","toID":"1317290","formEdgeID":null},{"edgeID":"1729153","fromID":"1317281","toID":"1317295","formEdgeID":null},{"edgeID":"1729154","fromID":"1317295","toID":"1317287","formEdgeID":null},{"edgeID":"1729155","fromID":"1317298","toID":"1317297","formEdgeID":null},{"edgeID":"1729156","fromID":"1317299","toID":"1317298","formEdgeID":null},{"edgeID":"1729157","fromID":"1317297","toID":"1317300","formEdgeID":null},{"edgeID":"1729158","fromID":"1317300","toID":"1317296","formEdgeID":null},{"edgeID":"1729159","fromID":"1317287","toID":"1317301","formEdgeID":null},{"edgeID":"1729160","fromID":"1317301","toID":"1317297","formEdgeID":null},{"edgeID":"1729161","fromID":"1317296","toID":"1317302","formEdgeID":null},{"edgeID":"1729162","fromID":"1317302","toID":"1317286","formEdgeID":null},{"edgeID":"1729163","fromID":"1317301","toID":"1317303","formEdgeID":null},{"edgeID":"1729164","fromID":"1317303","toID":"1317302","formEdgeID":null},{"edgeID":"1729165","fromID":"1317305","toID":"1317304","formEdgeID":null},{"edgeID":"1729166","fromID":"1317306","toID":"1317305","formEdgeID":null},{"edgeID":"1729167","fromID":"1317304","toID":"1317307","formEdgeID":null},{"edgeID":"1729168","fromID":"1317307","toID":"1149013","formEdgeID":null},{"edgeID":"1729169","fromID":"1317297","toID":"1317308","formEdgeID":null},{"edgeID":"1729170","fromID":"1317308","toID":"1317304","formEdgeID":null},{"edgeID":"1729171","fromID":"1317311","toID":"1317310","formEdgeID":null},{"edgeID":"1729172","fromID":"1317312","toID":"1317311","formEdgeID":null},{"edgeID":"1729173","fromID":"1317310","toID":"1317313","formEdgeID":null},{"edgeID":"1729174","fromID":"1317313","toID":"1317309","formEdgeID":null},{"edgeID":"1729175","fromID":"1317304","toID":"1317314","formEdgeID":null},{"edgeID":"1729176","fromID":"1317314","toID":"1317310","formEdgeID":null},{"edgeID":"1729177","fromID":"1317309","toID":"1317315","formEdgeID":null},{"edgeID":"1729178","fromID":"1317315","toID":"1149013","formEdgeID":null},{"edgeID":"1729179","fromID":"1317314","toID":"1317316","formEdgeID":null},{"edgeID":"1729180","fromID":"1317316","toID":"1317315","formEdgeID":null},{"edgeID":"1729181","fromID":"1317319","toID":"1317318","formEdgeID":null},{"edgeID":"1729182","fromID":"1317320","toID":"1317319","formEdgeID":null},{"edgeID":"1729183","fromID":"1317318","toID":"1317321","formEdgeID":null},{"edgeID":"1729184","fromID":"1317321","toID":"1317317","formEdgeID":null},{"edgeID":"1729185","fromID":"1317310","toID":"1317322","formEdgeID":null},{"edgeID":"1729186","fromID":"1317322","toID":"1317318","formEdgeID":null},{"edgeID":"1729187","fromID":"1317324","toID":"1317323","formEdgeID":null},{"edgeID":"1729188","fromID":"1317325","toID":"1317324","formEdgeID":null},{"edgeID":"1729189","fromID":"1317323","toID":"1317326","formEdgeID":null},{"edgeID":"1729190","fromID":"1317326","toID":"1149045","formEdgeID":null},{"edgeID":"1729191","fromID":"1317318","toID":"1317327","formEdgeID":null},{"edgeID":"1729192","fromID":"1317327","toID":"1317323","formEdgeID":null},{"edgeID":"1729193","fromID":"1317330","toID":"1317329","formEdgeID":null},{"edgeID":"1729194","fromID":"1317331","toID":"1317330","formEdgeID":null},{"edgeID":"1729195","fromID":"1317329","toID":"1317332","formEdgeID":null},{"edgeID":"1729196","fromID":"1317332","toID":"1317328","formEdgeID":null},{"edgeID":"1729197","fromID":"1317323","toID":"1317333","formEdgeID":null},{"edgeID":"1729198","fromID":"1317333","toID":"1317329","formEdgeID":null},{"edgeID":"1729199","fromID":"1317335","toID":"1317334","formEdgeID":null},{"edgeID":"1729200","fromID":"1317336","toID":"1317335","formEdgeID":null},{"edgeID":"1729201","fromID":"1317334","toID":"1317337","formEdgeID":null},{"edgeID":"1729202","fromID":"1317337","toID":"1149057","formEdgeID":null},{"edgeID":"1729203","fromID":"1317329","toID":"1317338","formEdgeID":null},{"edgeID":"1729204","fromID":"1317338","toID":"1317334","formEdgeID":null},{"edgeID":"1729205","fromID":"1317328","toID":"1317339","formEdgeID":null},{"edgeID":"1729206","fromID":"1317339","toID":"1149057","formEdgeID":null},{"edgeID":"1729207","fromID":"1317338","toID":"1317340","formEdgeID":null},{"edgeID":"1729208","fromID":"1317340","toID":"1317339","formEdgeID":null},{"edgeID":"1729209","fromID":"1317343","toID":"1317342","formEdgeID":null},{"edgeID":"1729210","fromID":"1317344","toID":"1317343","formEdgeID":null},{"edgeID":"1729211","fromID":"1317342","toID":"1317345","formEdgeID":null},{"edgeID":"1729212","fromID":"1317345","toID":"1317341","formEdgeID":null},{"edgeID":"1729213","fromID":"1317348","toID":"1317347","formEdgeID":null},{"edgeID":"1729214","fromID":"1317349","toID":"1317348","formEdgeID":null},{"edgeID":"1729215","fromID":"1317351","toID":"1317350","formEdgeID":null},{"edgeID":"1729216","fromID":"1317352","toID":"1317351","formEdgeID":null},{"edgeID":"1729217","fromID":"1317350","toID":"1317353","formEdgeID":null},{"edgeID":"1729218","fromID":"1317353","toID":"1317346","formEdgeID":null},{"edgeID":"1729219","fromID":"1317347","toID":"1317354","formEdgeID":null},{"edgeID":"1729220","fromID":"1317354","toID":"1317350","formEdgeID":null},{"edgeID":"1729221","fromID":"1317342","toID":"1317355","formEdgeID":null},{"edgeID":"1729222","fromID":"1317355","toID":"1317347","formEdgeID":null},{"edgeID":"1729223","fromID":"1317358","toID":"1317357","formEdgeID":null},{"edgeID":"1729224","fromID":"1317359","toID":"1317358","formEdgeID":null},{"edgeID":"1729225","fromID":"1317357","toID":"1317360","formEdgeID":null},{"edgeID":"1729226","fromID":"1317360","toID":"1317356","formEdgeID":null},{"edgeID":"1729227","fromID":"1317347","toID":"1317361","formEdgeID":null},{"edgeID":"1729228","fromID":"1317361","toID":"1317357","formEdgeID":null},{"edgeID":"1729229","fromID":"1317334","toID":"1317362","formEdgeID":null},{"edgeID":"1729230","fromID":"1317362","toID":"1317342","formEdgeID":null},{"edgeID":"1729231","fromID":"1317356","toID":"1317363","formEdgeID":null},{"edgeID":"1729232","fromID":"1317363","toID":"1317346","formEdgeID":null},{"edgeID":"1729233","fromID":"1317361","toID":"1317364","formEdgeID":null},{"edgeID":"1729234","fromID":"1317364","toID":"1317363","formEdgeID":null}],"locutions":[]}