{"nodes":[{"nodeID":"1319446","text":"the problem we have at the moment is that Northern Ireland is suffering from neglect from this government","type":"I","timestamp":"2023-11-09 13:22:48"},{"nodeID":"1319447","text":"Peter Kyle: The problem we have at the moment is I do believe that Northern Ireland is suffering from neglect from this government","type":"L","timestamp":"2023-11-09 13:22:48"},{"nodeID":"1319448","text":"Analysing","type":"YA","timestamp":"2023-11-09 13:22:48"},{"nodeID":"1319449","text":"Ella: Peter Kyle: The problem we have at the moment is I do believe that Northern Ireland is suffering from neglect from this government","type":"L","timestamp":"2023-11-09 13:22:48"},{"nodeID":"1319450","text":"Asserting","type":"YA","timestamp":"2023-11-09 13:22:48"},{"nodeID":"1319451","text":"we've already heard that in order for Northern Ireland and parties within it to be heard and respected by the government, you've got to act in an extreme way to be noticed","type":"I","timestamp":"2023-11-09 13:22:49"},{"nodeID":"1319452","text":"Peter Kyle: We've already heard that in order for Northern Ireland and parties within it to be heard and respected by the government, you've got to act in an extreme way to be noticed","type":"L","timestamp":"2023-11-09 13:22:49"},{"nodeID":"1319453","text":"Analysing","type":"YA","timestamp":"2023-11-09 13:22:49"},{"nodeID":"1319454","text":"Ella: Peter Kyle: We've already heard that in order for Northern Ireland and parties within it to be heard and respected by the government, you've got to act in an extreme way to be noticed","type":"L","timestamp":"2023-11-09 13:22:49"},{"nodeID":"1319455","text":"Asserting","type":"YA","timestamp":"2023-11-09 13:22:49"},{"nodeID":"1319456","text":"Default Transition","type":"TA","timestamp":"2023-11-09 13:22:49"},{"nodeID":"1319457","text":"we see that kind of behaviour, like breaking the Ministerial Code, of that government regularly, and that is in Westminster","type":"I","timestamp":"2023-11-09 13:22:50"},{"nodeID":"1319458","text":"Peter Kyle: we see the kind of behaviour of that government regularly, and that is in Westminste","type":"L","timestamp":"2023-11-09 13:22:50"},{"nodeID":"1319459","text":"Analysing","type":"YA","timestamp":"2023-11-09 13:22:50"},{"nodeID":"1319460","text":"Ella: Peter Kyle: we see the kind of behaviour of that government regularly, and that is in Westminste","type":"L","timestamp":"2023-11-09 13:22:50"},{"nodeID":"1319461","text":"Asserting","type":"YA","timestamp":"2023-11-09 13:22:50"},{"nodeID":"1319462","text":"we also have only one parliament or Assembly in the whole of the United Kingdom whereby the Ministerial Code can be broken with immunity, where domestic and international law can be broken","type":"I","timestamp":"2023-11-09 13:22:50"},{"nodeID":"1319463","text":"Peter Kyle: We also have only one parliament or Assembly in the whole of the United Kingdom whereby the Ministerial Code can be broken with immunity, where domestic and international law can be broken","type":"L","timestamp":"2023-11-09 13:22:50"},{"nodeID":"1319464","text":"Analysing","type":"YA","timestamp":"2023-11-09 13:22:50"},{"nodeID":"1319465","text":"Ella: Peter Kyle: We also have only one parliament or Assembly in the whole of the United Kingdom whereby the Ministerial Code can be broken with immunity, where domestic and international law can be broken","type":"L","timestamp":"2023-11-09 13:22:50"},{"nodeID":"1319466","text":"Asserting","type":"YA","timestamp":"2023-11-09 13:22:50"},{"nodeID":"1319467","text":"Default Transition","type":"TA","timestamp":"2023-11-09 13:22:50"},{"nodeID":"1319468","text":"Default Transition","type":"TA","timestamp":"2023-11-09 13:22:50"},{"nodeID":"1319469","text":"Default Rephrase","type":"MA","timestamp":"2023-11-09 13:22:50"},{"nodeID":"1319470","text":"Restating","type":"YA","timestamp":"2023-11-09 13:22:50"},{"nodeID":"1319471","text":"Default Inference","type":"RA","timestamp":"2023-11-09 13:22:50"},{"nodeID":"1319472","text":"Arguing","type":"YA","timestamp":"2023-11-09 13:22:50"}],"edges":[{"edgeID":"1731793","fromID":"1319448","toID":"1319447","formEdgeID":null},{"edgeID":"1731794","fromID":"1319449","toID":"1319448","formEdgeID":null},{"edgeID":"1731795","fromID":"1319447","toID":"1319450","formEdgeID":null},{"edgeID":"1731796","fromID":"1319450","toID":"1319446","formEdgeID":null},{"edgeID":"1731797","fromID":"1319453","toID":"1319452","formEdgeID":null},{"edgeID":"1731798","fromID":"1319454","toID":"1319453","formEdgeID":null},{"edgeID":"1731799","fromID":"1319452","toID":"1319455","formEdgeID":null},{"edgeID":"1731800","fromID":"1319455","toID":"1319451","formEdgeID":null},{"edgeID":"1731801","fromID":"1319447","toID":"1319456","formEdgeID":null},{"edgeID":"1731802","fromID":"1319456","toID":"1319452","formEdgeID":null},{"edgeID":"1731803","fromID":"1319459","toID":"1319458","formEdgeID":null},{"edgeID":"1731804","fromID":"1319460","toID":"1319459","formEdgeID":null},{"edgeID":"1731805","fromID":"1319458","toID":"1319461","formEdgeID":null},{"edgeID":"1731806","fromID":"1319461","toID":"1319457","formEdgeID":null},{"edgeID":"1731807","fromID":"1319464","toID":"1319463","formEdgeID":null},{"edgeID":"1731808","fromID":"1319465","toID":"1319464","formEdgeID":null},{"edgeID":"1731809","fromID":"1319463","toID":"1319466","formEdgeID":null},{"edgeID":"1731810","fromID":"1319466","toID":"1319462","formEdgeID":null},{"edgeID":"1731811","fromID":"1319452","toID":"1319467","formEdgeID":null},{"edgeID":"1731812","fromID":"1319467","toID":"1319463","formEdgeID":null},{"edgeID":"1731813","fromID":"1319463","toID":"1319468","formEdgeID":null},{"edgeID":"1731814","fromID":"1319468","toID":"1319458","formEdgeID":null},{"edgeID":"1731815","fromID":"1319457","toID":"1319469","formEdgeID":null},{"edgeID":"1731816","fromID":"1319469","toID":"1319462","formEdgeID":null},{"edgeID":"1731817","fromID":"1319468","toID":"1319470","formEdgeID":null},{"edgeID":"1731818","fromID":"1319470","toID":"1319469","formEdgeID":null},{"edgeID":"1731819","fromID":"1319451","toID":"1319471","formEdgeID":null},{"edgeID":"1731820","fromID":"1319471","toID":"1319446","formEdgeID":null},{"edgeID":"1731821","fromID":"1319456","toID":"1319472","formEdgeID":null},{"edgeID":"1731822","fromID":"1319472","toID":"1319471","formEdgeID":null}],"locutions":[]}