{"nodes":[{"nodeID":"1148469","text":"contained within the Protocol are the mechanisms to identify problems, and then find and implement solutions","type":"I","timestamp":"2023-04-20 19:05:33"},{"nodeID":"1148507","text":"AudienceMember 20220609QT261 is a Unionist","type":"I","timestamp":"2023-04-20 19:05:54"},{"nodeID":"1148543","text":"it's clear when you listen to business that the biggest impediment facing business at the moment is political instability","type":"I","timestamp":"2023-04-20 19:06:14"},{"nodeID":"1148553","text":"the government at times play fast and loose with our political stability here","type":"I","timestamp":"2023-04-20 19:06:20"},{"nodeID":"1148563","text":"there was no consent in Northern Ireland for Brexit","type":"I","timestamp":"2023-04-20 19:06:25"},{"nodeID":"1148568","text":"there was no concern about the impact on the Good Friday Agreement","type":"I","timestamp":"2023-04-20 19:06:27"},{"nodeID":"1148594","text":"the Protocol gave Northern Ireland manufacturers a competitive advantage","type":"I","timestamp":"2023-04-20 19:06:34"},{"nodeID":"1148600","text":"lots of businesses in Northern Ireland were finding the Protocol a big bonus","type":"I","timestamp":"2023-04-20 19:06:37"},{"nodeID":"1318003","text":"Emma Little-Pengelly: Contained within the Protocol are the mechanisms to identify problems, and then find and implement solutions","type":"L","timestamp":"2023-11-09 13:20:46"},{"nodeID":"1318004","text":"Analysing","type":"YA","timestamp":"2023-11-09 13:20:46"},{"nodeID":"1318005","text":"Dominika: Emma Little-Pengelly: Contained within the Protocol are the mechanisms to identify problems, and then find and implement solutions","type":"L","timestamp":"2023-11-09 13:20:46"},{"nodeID":"1318006","text":"Asserting","type":"YA","timestamp":"2023-11-09 13:20:46"},{"nodeID":"1318007","text":"the British government have been found wanting in regard of negotiating in a credible fashion","type":"I","timestamp":"2023-11-09 13:20:46"},{"nodeID":"1318008","text":"Emma Little-Pengelly: the British government have been found wanting in that regard","type":"L","timestamp":"2023-11-09 13:20:46"},{"nodeID":"1318009","text":"Analysing","type":"YA","timestamp":"2023-11-09 13:20:46"},{"nodeID":"1318010","text":"Dominika: Emma Little-Pengelly: the British government have been found wanting in that regard","type":"L","timestamp":"2023-11-09 13:20:46"},{"nodeID":"1318011","text":"Asserting","type":"YA","timestamp":"2023-11-09 13:20:46"},{"nodeID":"1318012","text":"you will identify problems, and then find and implement solutions","type":"I","timestamp":"2023-11-09 13:20:47"},{"nodeID":"1318013","text":"Emma Little-Pengelly: you will only do that","type":"L","timestamp":"2023-11-09 13:20:47"},{"nodeID":"1318014","text":"Analysing","type":"YA","timestamp":"2023-11-09 13:20:47"},{"nodeID":"1318015","text":"Dominika: Emma Little-Pengelly: you will only do that","type":"L","timestamp":"2023-11-09 13:20:47"},{"nodeID":"1318016","text":"Asserting","type":"YA","timestamp":"2023-11-09 13:20:47"},{"nodeID":"1318017","text":"you have two people willing to negotiate with each other in a credible fashion","type":"I","timestamp":"2023-11-09 13:20:48"},{"nodeID":"1318018","text":"Emma Little-Pengelly: you have two people willing to negotiate with each other in a credible fashion","type":"L","timestamp":"2023-11-09 13:20:48"},{"nodeID":"1318019","text":"Analysing","type":"YA","timestamp":"2023-11-09 13:20:48"},{"nodeID":"1318020","text":"Dominika: Emma Little-Pengelly: you have two people willing to negotiate with each other in a credible fashion","type":"L","timestamp":"2023-11-09 13:20:48"},{"nodeID":"1318021","text":"Asserting","type":"YA","timestamp":"2023-11-09 13:20:48"},{"nodeID":"1318022","text":"Default Transition","type":"TA","timestamp":"2023-11-09 13:20:48"},{"nodeID":"1318023","text":"Default Transition","type":"TA","timestamp":"2023-11-09 13:20:48"},{"nodeID":"1318024","text":"Default Transition","type":"TA","timestamp":"2023-11-09 13:20:48"},{"nodeID":"1318025","text":"Default Inference","type":"RA","timestamp":"2023-11-09 13:20:48"},{"nodeID":"1318026","text":"Arguing","type":"YA","timestamp":"2023-11-09 13:20:48"},{"nodeID":"1318027","text":"Democratic Unionist Party wants xxx","type":"I","timestamp":"2023-11-09 13:20:48"},{"nodeID":"1318028","text":"AudienceMember 20220609QT60: what do they want","type":"L","timestamp":"2023-11-09 13:20:48"},{"nodeID":"1318029","text":"Analysing","type":"YA","timestamp":"2023-11-09 13:20:48"},{"nodeID":"1318030","text":"Dominika: AudienceMember 20220609QT60: what do they want","type":"L","timestamp":"2023-11-09 13:20:48"},{"nodeID":"1318031","text":"Pure Questioning","type":"YA","timestamp":"2023-11-09 13:20:48"},{"nodeID":"1318032","text":"Democratic Unionist Party doesn't come up with solutions, just with no, no, no","type":"I","timestamp":"2023-11-09 13:20:49"},{"nodeID":"1318033","text":"AudienceMember 20220609QT60: They don't come up with solutions, just come up with no, no, no","type":"L","timestamp":"2023-11-09 13:20:49"},{"nodeID":"1318034","text":"Analysing","type":"YA","timestamp":"2023-11-09 13:20:49"},{"nodeID":"1318035","text":"Dominika: AudienceMember 20220609QT60: They don't come up with solutions, just come up with no, no, no","type":"L","timestamp":"2023-11-09 13:20:49"},{"nodeID":"1318036","text":"Asserting","type":"YA","timestamp":"2023-11-09 13:20:49"},{"nodeID":"1318037","text":"maybe it's time to get back into the jobs the Democratic Union Party's members paid for","type":"I","timestamp":"2023-11-09 13:20:49"},{"nodeID":"1318038","text":"AudienceMember 20220609QT60: Maybe it's time to get back into the jobs they're paid for","type":"L","timestamp":"2023-11-09 13:20:49"},{"nodeID":"1318039","text":"Analysing","type":"YA","timestamp":"2023-11-09 13:20:49"},{"nodeID":"1318040","text":"Dominika: AudienceMember 20220609QT60: Maybe it's time to get back into the jobs they're paid for","type":"L","timestamp":"2023-11-09 13:20:49"},{"nodeID":"1318041","text":"Asserting","type":"YA","timestamp":"2023-11-09 13:20:49"},{"nodeID":"1318042","text":"Emma Little-Pengelly's not even elected","type":"I","timestamp":"2023-11-09 13:20:50"},{"nodeID":"1318043","text":"AudienceMember 20220609QT60: She's not even elected","type":"L","timestamp":"2023-11-09 13:20:50"},{"nodeID":"1318044","text":"Analysing","type":"YA","timestamp":"2023-11-09 13:20:50"},{"nodeID":"1318045","text":"Dominika: AudienceMember 20220609QT60: She's not even elected","type":"L","timestamp":"2023-11-09 13:20:50"},{"nodeID":"1318046","text":"Asserting","type":"YA","timestamp":"2023-11-09 13:20:50"},{"nodeID":"1318047","text":"the Democratic Unionist Party, no, no, no","type":"I","timestamp":"2023-11-09 13:20:51"},{"nodeID":"1318048","text":"AudienceMember 20220609QT59: The DUP, no, no, no","type":"L","timestamp":"2023-11-09 13:20:51"},{"nodeID":"1318049","text":"Analysing","type":"YA","timestamp":"2023-11-09 13:20:51"},{"nodeID":"1318050","text":"Dominika: AudienceMember 20220609QT59: The DUP, no, no, no","type":"L","timestamp":"2023-11-09 13:20:51"},{"nodeID":"1318051","text":"Asserting","type":"YA","timestamp":"2023-11-09 13:20:51"},{"nodeID":"1318052","text":"Theresa May had a better deal","type":"I","timestamp":"2023-11-09 13:20:51"},{"nodeID":"1318053","text":"AudienceMember 20220609QT59: Theresa May had a better deal","type":"L","timestamp":"2023-11-09 13:20:51"},{"nodeID":"1318054","text":"Analysing","type":"YA","timestamp":"2023-11-09 13:20:51"},{"nodeID":"1318055","text":"Dominika: AudienceMember 20220609QT59: Theresa May had a better deal","type":"L","timestamp":"2023-11-09 13:20:51"},{"nodeID":"1318056","text":"Asserting","type":"YA","timestamp":"2023-11-09 13:20:51"},{"nodeID":"1318057","text":"Default Transition","type":"TA","timestamp":"2023-11-09 13:20:51"},{"nodeID":"1318058","text":"Default Transition","type":"TA","timestamp":"2023-11-09 13:20:51"},{"nodeID":"1318059","text":"Default Inference","type":"RA","timestamp":"2023-11-09 13:20:51"},{"nodeID":"1318060","text":"Arguing","type":"YA","timestamp":"2023-11-09 13:20:51"},{"nodeID":"1318061","text":"Default Transition","type":"TA","timestamp":"2023-11-09 13:20:51"},{"nodeID":"1318062","text":"Default Transition","type":"TA","timestamp":"2023-11-09 13:20:51"},{"nodeID":"1318063","text":"Default Transition","type":"TA","timestamp":"2023-11-09 13:20:51"},{"nodeID":"1318064","text":"Default Inference","type":"RA","timestamp":"2023-11-09 13:20:51"},{"nodeID":"1318065","text":"Arguing","type":"YA","timestamp":"2023-11-09 13:20:51"},{"nodeID":"1318066","text":"Default Transition","type":"TA","timestamp":"2023-11-09 13:20:51"},{"nodeID":"1318067","text":"AudienceMember 20220609QT261: I am a Unionist","type":"L","timestamp":"2023-11-09 13:20:52"},{"nodeID":"1318068","text":"Analysing","type":"YA","timestamp":"2023-11-09 13:20:52"},{"nodeID":"1318069","text":"Dominika: AudienceMember 20220609QT261: I am a Unionist","type":"L","timestamp":"2023-11-09 13:20:52"},{"nodeID":"1318070","text":"Asserting","type":"YA","timestamp":"2023-11-09 13:20:52"},{"nodeID":"1318071","text":"AudienceMember 20220609QT261 finds himself agreeing with John","type":"I","timestamp":"2023-11-09 13:20:52"},{"nodeID":"1318072","text":"AudienceMember 20220609QT261: I find myself agreeing with John","type":"L","timestamp":"2023-11-09 13:20:52"},{"nodeID":"1318073","text":"Analysing","type":"YA","timestamp":"2023-11-09 13:20:52"},{"nodeID":"1318074","text":"Dominika: AudienceMember 20220609QT261: I find myself agreeing with John","type":"L","timestamp":"2023-11-09 13:20:52"},{"nodeID":"1318075","text":"Asserting","type":"YA","timestamp":"2023-11-09 13:20:52"},{"nodeID":"1318076","text":"AudienceMember 20220609QT261 finds himself challenging Emma","type":"I","timestamp":"2023-11-09 13:20:53"},{"nodeID":"1318077","text":"AudienceMember 20220609QT261: challenging Emma","type":"L","timestamp":"2023-11-09 13:20:53"},{"nodeID":"1318078","text":"Analysing","type":"YA","timestamp":"2023-11-09 13:20:53"},{"nodeID":"1318079","text":"Dominika: AudienceMember 20220609QT261: challenging Emma","type":"L","timestamp":"2023-11-09 13:20:53"},{"nodeID":"1318080","text":"Asserting","type":"YA","timestamp":"2023-11-09 13:20:53"},{"nodeID":"1318081","text":"Default Transition","type":"TA","timestamp":"2023-11-09 13:20:53"},{"nodeID":"1318082","text":"Default Transition","type":"TA","timestamp":"2023-11-09 13:20:53"},{"nodeID":"1318083","text":"Default Transition","type":"TA","timestamp":"2023-11-09 13:20:53"},{"nodeID":"1318084","text":"AudienceMember 20220609QT261:  two days ago, the head of the CBI said that this - the Protocol gave Northern Ireland manufacturers a competitive advantage","type":"L","timestamp":"2023-11-09 13:20:53"},{"nodeID":"1318085","text":"Analysing","type":"YA","timestamp":"2023-11-09 13:20:53"},{"nodeID":"1318086","text":"Dominika: AudienceMember 20220609QT261:  two days ago, the head of the CBI said that this - the Protocol gave Northern Ireland manufacturers a competitive advantage","type":"L","timestamp":"2023-11-09 13:20:53"},{"nodeID":"1318087","text":"AudienceMember 20220609QT261: He said that lots of businesses in Northern Ireland were finding it a big bonus","type":"L","timestamp":"2023-11-09 13:20:54"},{"nodeID":"1318088","text":"Analysing","type":"YA","timestamp":"2023-11-09 13:20:54"},{"nodeID":"1318089","text":"Dominika: AudienceMember 20220609QT261: He said that lots of businesses in Northern Ireland were finding it a big bonus","type":"L","timestamp":"2023-11-09 13:20:54"},{"nodeID":"1318090","text":"The head of the CBI: the Protocol gave Northern Ireland manufacturers a competitive advantage","type":"L","timestamp":"2023-11-09 13:20:54"},{"nodeID":"1318091","text":"Analysing","type":"YA","timestamp":"2023-11-09 13:20:54"},{"nodeID":"1318092","text":"Dominika: The head of the CBI:","type":"L","timestamp":"2023-11-09 13:20:54"},{"nodeID":"1318093","text":"Asserting","type":"YA","timestamp":"2023-11-09 13:20:54"},{"nodeID":"1318094","text":"Asserting","type":"YA","timestamp":"2023-11-09 13:20:54"},{"nodeID":"1318095","text":"The head of the CBI: lots of businesses in Northern Ireland were finding the protocol a big bonus","type":"L","timestamp":"2023-11-09 13:20:54"},{"nodeID":"1318096","text":"Analysing","type":"YA","timestamp":"2023-11-09 13:20:54"},{"nodeID":"1318097","text":"Asserting","type":"YA","timestamp":"2023-11-09 13:20:54"},{"nodeID":"1318098","text":"Asserting","type":"YA","timestamp":"2023-11-09 13:20:54"},{"nodeID":"1318099","text":"the lack of an Assembly, the lack of an Executive, is hurting business, and it urgently needs addressed","type":"I","timestamp":"2023-11-09 13:20:55"},{"nodeID":"1318100","text":"AudienceMember 20220609QT261: Both he and the President of the Chamber of Commerce in Northern Ireland have said that the lack of an Assembly, the lack of an Executive, is hurting business, and it urgently needs addressed","type":"L","timestamp":"2023-11-09 13:20:55"},{"nodeID":"1318101","text":"Analysing","type":"YA","timestamp":"2023-11-09 13:20:55"},{"nodeID":"1318102","text":"Dominika: AudienceMember 20220609QT261: Both he and the President of the Chamber of Commerce in Northern Ireland have said that the lack of an Assembly, the lack of an Executive, is hurting business, and it urgently needs addressed","type":"L","timestamp":"2023-11-09 13:20:55"},{"nodeID":"1318103","text":"the head of the CBI and President of the Chamber of Commerce in Northern Ireland: the lack of an Assembly, the lack of an Executive, is hurting business, and it urgently needs addressed","type":"L","timestamp":"2023-11-09 13:20:55"},{"nodeID":"1318104","text":"Analysing","type":"YA","timestamp":"2023-11-09 13:20:55"},{"nodeID":"1318105","text":"Dominika: The head of the CBI and President of the Chamber of Commerce in Northern Ireland:","type":"L","timestamp":"2023-11-09 13:20:55"},{"nodeID":"1318106","text":"Asserting","type":"YA","timestamp":"2023-11-09 13:20:55"},{"nodeID":"1318107","text":"Asserting","type":"YA","timestamp":"2023-11-09 13:20:55"},{"nodeID":"1318108","text":"Democratic Unionist Party are dragging down the Assembly","type":"I","timestamp":"2023-11-09 13:20:55"},{"nodeID":"1318109","text":"AudienceMember 20220609QT261: You're the guys who are dragging down the Assembly","type":"L","timestamp":"2023-11-09 13:20:55"},{"nodeID":"1318110","text":"Analysing","type":"YA","timestamp":"2023-11-09 13:20:55"},{"nodeID":"1318111","text":"Dominika: AudienceMember 20220609QT261: You're the guys who are dragging down the Assembly","type":"L","timestamp":"2023-11-09 13:20:55"},{"nodeID":"1318112","text":"Asserting","type":"YA","timestamp":"2023-11-09 13:20:55"},{"nodeID":"1318113","text":"Democratic Unionist Party are dragging down the Assembly because xxx","type":"I","timestamp":"2023-11-09 13:20:56"},{"nodeID":"1318114","text":"AudienceMember 20220609QT261: Why","type":"L","timestamp":"2023-11-09 13:20:56"},{"nodeID":"1318115","text":"Analysing","type":"YA","timestamp":"2023-11-09 13:20:56"},{"nodeID":"1318116","text":"Dominika: AudienceMember 20220609QT261: Why","type":"L","timestamp":"2023-11-09 13:20:56"},{"nodeID":"1318117","text":"Pure Challenging","type":"YA","timestamp":"2023-11-09 13:20:56"},{"nodeID":"1318118","text":"Default Transition","type":"TA","timestamp":"2023-11-09 13:20:56"},{"nodeID":"1318119","text":"Default Transition","type":"TA","timestamp":"2023-11-09 13:20:56"},{"nodeID":"1318120","text":"Default Transition","type":"TA","timestamp":"2023-11-09 13:20:56"},{"nodeID":"1318121","text":"Default Rephrase","type":"MA","timestamp":"2023-11-09 13:20:56"},{"nodeID":"1318122","text":"Restating","type":"YA","timestamp":"2023-11-09 13:20:56"},{"nodeID":"1318123","text":"Default Inference","type":"RA","timestamp":"2023-11-09 13:20:56"},{"nodeID":"1318124","text":"Default Inference","type":"RA","timestamp":"2023-11-09 13:20:56"},{"nodeID":"1318125","text":"Arguing","type":"YA","timestamp":"2023-11-09 13:20:56"},{"nodeID":"1318126","text":"Default Transition","type":"TA","timestamp":"2023-11-09 13:20:56"},{"nodeID":"1318127","text":"Arguing","type":"YA","timestamp":"2023-11-09 13:20:56"},{"nodeID":"1318128","text":"Default Transition","type":"TA","timestamp":"2023-11-09 13:20:56"},{"nodeID":"1318129","text":"Default Transition","type":"TA","timestamp":"2023-11-09 13:20:56"},{"nodeID":"1318130","text":"Default Rephrase","type":"MA","timestamp":"2023-11-09 13:20:56"},{"nodeID":"1318131","text":"Restating","type":"YA","timestamp":"2023-11-09 13:20:56"},{"nodeID":"1318132","text":"Democratic Unionist Party are dragging down the Assembly because of wages","type":"I","timestamp":"2023-11-09 13:20:56"},{"nodeID":"1318133","text":"AudienceMember 20220609QT262: wages","type":"L","timestamp":"2023-11-09 13:20:56"},{"nodeID":"1318134","text":"Analysing","type":"YA","timestamp":"2023-11-09 13:20:56"},{"nodeID":"1318135","text":"Dominika: AudienceMember 20220609QT262: wages","type":"L","timestamp":"2023-11-09 13:20:56"},{"nodeID":"1318136","text":"Asserting","type":"YA","timestamp":"2023-11-09 13:20:56"},{"nodeID":"1318137","text":"Default Transition","type":"TA","timestamp":"2023-11-09 13:20:56"},{"nodeID":"1318138","text":"Default Rephrase","type":"MA","timestamp":"2023-11-09 13:20:56"},{"nodeID":"1318139","text":"Default Illocuting","type":"YA","timestamp":"2023-11-09 13:20:56"},{"nodeID":"1318140","text":"Naomi Long: it's clear when you listen to business that the biggest impediment facing business at the moment is political instability","type":"L","timestamp":"2023-11-09 13:20:57"},{"nodeID":"1318141","text":"Analysing","type":"YA","timestamp":"2023-11-09 13:20:57"},{"nodeID":"1318142","text":"Dominika: Naomi Long: it's clear when you listen to business that the biggest impediment facing business at the moment is political instability","type":"L","timestamp":"2023-11-09 13:20:57"},{"nodeID":"1318143","text":"Asserting","type":"YA","timestamp":"2023-11-09 13:20:57"},{"nodeID":"1318144","text":"instability being the biggest impediment has always been the case","type":"I","timestamp":"2023-11-09 13:20:58"},{"nodeID":"1318145","text":"Naomi Long: That has always been the case","type":"L","timestamp":"2023-11-09 13:20:58"},{"nodeID":"1318146","text":"Analysing","type":"YA","timestamp":"2023-11-09 13:20:58"},{"nodeID":"1318147","text":"Dominika: Naomi Long: That has always been the case","type":"L","timestamp":"2023-11-09 13:20:58"},{"nodeID":"1318148","text":"Asserting","type":"YA","timestamp":"2023-11-09 13:20:58"},{"nodeID":"1318149","text":"Default Transition","type":"TA","timestamp":"2023-11-09 13:20:58"},{"nodeID":"1318150","text":"Default Transition","type":"TA","timestamp":"2023-11-09 13:20:58"},{"nodeID":"1318151","text":"Naomi Long: the government at times play fast and loose with our political stability here","type":"L","timestamp":"2023-11-09 13:20:58"},{"nodeID":"1318152","text":"Analysing","type":"YA","timestamp":"2023-11-09 13:20:58"},{"nodeID":"1318153","text":"Dominika: Naomi Long: the government at times play fast and loose with our political stability here","type":"L","timestamp":"2023-11-09 13:20:58"},{"nodeID":"1318154","text":"Asserting","type":"YA","timestamp":"2023-11-09 13:20:58"},{"nodeID":"1318155","text":"Naomi Long listened carefully to Robert Buckland saying the importance of consent","type":"I","timestamp":"2023-11-09 13:20:59"},{"nodeID":"1318156","text":"Naomi Long: I listen carefully to Robert saying the importance of consent","type":"L","timestamp":"2023-11-09 13:20:59"},{"nodeID":"1318157","text":"Analysing","type":"YA","timestamp":"2023-11-09 13:20:59"},{"nodeID":"1318158","text":"Dominika: Naomi Long: I listen carefully to Robert saying the importance of consent","type":"L","timestamp":"2023-11-09 13:20:59"},{"nodeID":"1318159","text":"Asserting","type":"YA","timestamp":"2023-11-09 13:20:59"},{"nodeID":"1318160","text":"Naomi Long: Where was consent in Northern Ireland for Brexit","type":"L","timestamp":"2023-11-09 13:20:59"},{"nodeID":"1318161","text":"Analysing","type":"YA","timestamp":"2023-11-09 13:20:59"},{"nodeID":"1318162","text":"Dominika: Naomi Long: Where was consent in Northern Ireland for Brexit","type":"L","timestamp":"2023-11-09 13:20:59"},{"nodeID":"1318163","text":"Rhetorical Questioning","type":"YA","timestamp":"2023-11-09 13:20:59"},{"nodeID":"1318164","text":"Naomi Long: Where was the concern about the impact on the Good Friday Agreement","type":"L","timestamp":"2023-11-09 13:21:00"},{"nodeID":"1318165","text":"Analysing","type":"YA","timestamp":"2023-11-09 13:21:00"},{"nodeID":"1318166","text":"Dominika: Naomi Long: Where was the concern about the impact on the Good Friday Agreement","type":"L","timestamp":"2023-11-09 13:21:00"},{"nodeID":"1318167","text":"Rhetorical Questioning","type":"YA","timestamp":"2023-11-09 13:21:00"},{"nodeID":"1318168","text":"Default Transition","type":"TA","timestamp":"2023-11-09 13:21:00"},{"nodeID":"1318169","text":"Default Transition","type":"TA","timestamp":"2023-11-09 13:21:00"},{"nodeID":"1318170","text":"Default Transition","type":"TA","timestamp":"2023-11-09 13:21:00"},{"nodeID":"1318171","text":"Default Transition","type":"TA","timestamp":"2023-11-09 13:21:00"},{"nodeID":"1318172","text":"Default Rephrase","type":"MA","timestamp":"2023-11-09 13:21:00"},{"nodeID":"1318173","text":"Restating","type":"YA","timestamp":"2023-11-09 13:21:00"},{"nodeID":"1318174","text":"Default Inference","type":"RA","timestamp":"2023-11-09 13:21:00"},{"nodeID":"1318175","text":"Arguing","type":"YA","timestamp":"2023-11-09 13:21:00"},{"nodeID":"1318176","text":"Default Conflict","type":"CA","timestamp":"2023-11-09 13:21:00"},{"nodeID":"1318177","text":"Disagreeing","type":"YA","timestamp":"2023-11-09 13:21:00"},{"nodeID":"1318178","text":"Default Conflict","type":"CA","timestamp":"2023-11-09 13:21:00"},{"nodeID":"1318179","text":"Disagreeing","type":"YA","timestamp":"2023-11-09 13:21:00"},{"nodeID":"1318180","text":"Default Rephrase","type":"MA","timestamp":"2023-11-09 13:21:00"},{"nodeID":"1318181","text":"Default Transition","type":"TA","timestamp":"2023-11-09 13:21:00"},{"nodeID":"1318182","text":"Restating","type":"YA","timestamp":"2023-11-09 13:21:00"},{"nodeID":"1318183","text":"Default Conflict","type":"CA","timestamp":"2023-11-09 13:21:00"},{"nodeID":"1318184","text":"Disagreeing","type":"YA","timestamp":"2023-11-09 13:21:00"},{"nodeID":"1318185","text":"Default Conflict","type":"CA","timestamp":"2023-11-09 13:21:00"},{"nodeID":"1318186","text":"Disagreeing","type":"YA","timestamp":"2023-11-09 13:21:00"}],"edges":[{"edgeID":"1729993","fromID":"1318004","toID":"1318003","formEdgeID":null},{"edgeID":"1729994","fromID":"1318005","toID":"1318004","formEdgeID":null},{"edgeID":"1729995","fromID":"1318003","toID":"1318006","formEdgeID":null},{"edgeID":"1729996","fromID":"1318006","toID":"1148469","formEdgeID":null},{"edgeID":"1729997","fromID":"1318009","toID":"1318008","formEdgeID":null},{"edgeID":"1729998","fromID":"1318010","toID":"1318009","formEdgeID":null},{"edgeID":"1729999","fromID":"1318008","toID":"1318011","formEdgeID":null},{"edgeID":"1730000","fromID":"1318011","toID":"1318007","formEdgeID":null},{"edgeID":"1730001","fromID":"1318014","toID":"1318013","formEdgeID":null},{"edgeID":"1730002","fromID":"1318015","toID":"1318014","formEdgeID":null},{"edgeID":"1730003","fromID":"1318013","toID":"1318016","formEdgeID":null},{"edgeID":"1730004","fromID":"1318016","toID":"1318012","formEdgeID":null},{"edgeID":"1730005","fromID":"1318019","toID":"1318018","formEdgeID":null},{"edgeID":"1730006","fromID":"1318020","toID":"1318019","formEdgeID":null},{"edgeID":"1730007","fromID":"1318018","toID":"1318021","formEdgeID":null},{"edgeID":"1730008","fromID":"1318021","toID":"1318017","formEdgeID":null},{"edgeID":"1730009","fromID":"1318003","toID":"1318022","formEdgeID":null},{"edgeID":"1730010","fromID":"1318022","toID":"1318013","formEdgeID":null},{"edgeID":"1730011","fromID":"1318013","toID":"1318023","formEdgeID":null},{"edgeID":"1730012","fromID":"1318023","toID":"1318018","formEdgeID":null},{"edgeID":"1730013","fromID":"1318018","toID":"1318024","formEdgeID":null},{"edgeID":"1730014","fromID":"1318024","toID":"1318008","formEdgeID":null},{"edgeID":"1730015","fromID":"1318017","toID":"1318025","formEdgeID":null},{"edgeID":"1730016","fromID":"1318025","toID":"1318012","formEdgeID":null},{"edgeID":"1730017","fromID":"1318023","toID":"1318026","formEdgeID":null},{"edgeID":"1730018","fromID":"1318026","toID":"1318025","formEdgeID":null},{"edgeID":"1730019","fromID":"1318029","toID":"1318028","formEdgeID":null},{"edgeID":"1730020","fromID":"1318030","toID":"1318029","formEdgeID":null},{"edgeID":"1730021","fromID":"1318028","toID":"1318031","formEdgeID":null},{"edgeID":"1730022","fromID":"1318031","toID":"1318027","formEdgeID":null},{"edgeID":"1730023","fromID":"1318034","toID":"1318033","formEdgeID":null},{"edgeID":"1730024","fromID":"1318035","toID":"1318034","formEdgeID":null},{"edgeID":"1730025","fromID":"1318033","toID":"1318036","formEdgeID":null},{"edgeID":"1730026","fromID":"1318036","toID":"1318032","formEdgeID":null},{"edgeID":"1730027","fromID":"1318039","toID":"1318038","formEdgeID":null},{"edgeID":"1730028","fromID":"1318040","toID":"1318039","formEdgeID":null},{"edgeID":"1730029","fromID":"1318038","toID":"1318041","formEdgeID":null},{"edgeID":"1730030","fromID":"1318041","toID":"1318037","formEdgeID":null},{"edgeID":"1730031","fromID":"1318044","toID":"1318043","formEdgeID":null},{"edgeID":"1730032","fromID":"1318045","toID":"1318044","formEdgeID":null},{"edgeID":"1730033","fromID":"1318043","toID":"1318046","formEdgeID":null},{"edgeID":"1730034","fromID":"1318046","toID":"1318042","formEdgeID":null},{"edgeID":"1730035","fromID":"1318049","toID":"1318048","formEdgeID":null},{"edgeID":"1730036","fromID":"1318050","toID":"1318049","formEdgeID":null},{"edgeID":"1730037","fromID":"1318048","toID":"1318051","formEdgeID":null},{"edgeID":"1730038","fromID":"1318051","toID":"1318047","formEdgeID":null},{"edgeID":"1730039","fromID":"1318054","toID":"1318053","formEdgeID":null},{"edgeID":"1730040","fromID":"1318055","toID":"1318054","formEdgeID":null},{"edgeID":"1730041","fromID":"1318053","toID":"1318056","formEdgeID":null},{"edgeID":"1730042","fromID":"1318056","toID":"1318052","formEdgeID":null},{"edgeID":"1730043","fromID":"1318008","toID":"1318057","formEdgeID":null},{"edgeID":"1730044","fromID":"1318057","toID":"1318048","formEdgeID":null},{"edgeID":"1730045","fromID":"1318048","toID":"1318058","formEdgeID":null},{"edgeID":"1730046","fromID":"1318058","toID":"1318053","formEdgeID":null},{"edgeID":"1730047","fromID":"1318052","toID":"1318059","formEdgeID":null},{"edgeID":"1730048","fromID":"1318059","toID":"1318047","formEdgeID":null},{"edgeID":"1730049","fromID":"1318058","toID":"1318060","formEdgeID":null},{"edgeID":"1730050","fromID":"1318060","toID":"1318059","formEdgeID":null},{"edgeID":"1730051","fromID":"1318053","toID":"1318061","formEdgeID":null},{"edgeID":"1730052","fromID":"1318061","toID":"1318028","formEdgeID":null},{"edgeID":"1730053","fromID":"1318028","toID":"1318062","formEdgeID":null},{"edgeID":"1730054","fromID":"1318062","toID":"1318033","formEdgeID":null},{"edgeID":"1730055","fromID":"1318033","toID":"1318063","formEdgeID":null},{"edgeID":"1730056","fromID":"1318063","toID":"1318038","formEdgeID":null},{"edgeID":"1730057","fromID":"1318032","toID":"1318064","formEdgeID":null},{"edgeID":"1730058","fromID":"1318064","toID":"1318037","formEdgeID":null},{"edgeID":"1730059","fromID":"1318063","toID":"1318065","formEdgeID":null},{"edgeID":"1730060","fromID":"1318065","toID":"1318064","formEdgeID":null},{"edgeID":"1730061","fromID":"1318038","toID":"1318066","formEdgeID":null},{"edgeID":"1730062","fromID":"1318066","toID":"1318043","formEdgeID":null},{"edgeID":"1730063","fromID":"1318068","toID":"1318067","formEdgeID":null},{"edgeID":"1730064","fromID":"1318069","toID":"1318068","formEdgeID":null},{"edgeID":"1730065","fromID":"1318067","toID":"1318070","formEdgeID":null},{"edgeID":"1730066","fromID":"1318070","toID":"1148507","formEdgeID":null},{"edgeID":"1730067","fromID":"1318073","toID":"1318072","formEdgeID":null},{"edgeID":"1730068","fromID":"1318074","toID":"1318073","formEdgeID":null},{"edgeID":"1730069","fromID":"1318072","toID":"1318075","formEdgeID":null},{"edgeID":"1730070","fromID":"1318075","toID":"1318071","formEdgeID":null},{"edgeID":"1730071","fromID":"1318078","toID":"1318077","formEdgeID":null},{"edgeID":"1730072","fromID":"1318079","toID":"1318078","formEdgeID":null},{"edgeID":"1730073","fromID":"1318077","toID":"1318080","formEdgeID":null},{"edgeID":"1730074","fromID":"1318080","toID":"1318076","formEdgeID":null},{"edgeID":"1730075","fromID":"1318043","toID":"1318081","formEdgeID":null},{"edgeID":"1730076","fromID":"1318081","toID":"1318067","formEdgeID":null},{"edgeID":"1730077","fromID":"1318067","toID":"1318082","formEdgeID":null},{"edgeID":"1730078","fromID":"1318082","toID":"1318072","formEdgeID":null},{"edgeID":"1730079","fromID":"1318072","toID":"1318083","formEdgeID":null},{"edgeID":"1730080","fromID":"1318083","toID":"1318077","formEdgeID":null},{"edgeID":"1730081","fromID":"1318085","toID":"1318084","formEdgeID":null},{"edgeID":"1730082","fromID":"1318086","toID":"1318085","formEdgeID":null},{"edgeID":"1730083","fromID":"1318088","toID":"1318087","formEdgeID":null},{"edgeID":"1730084","fromID":"1318089","toID":"1318088","formEdgeID":null},{"edgeID":"1730085","fromID":"1318091","toID":"1318090","formEdgeID":null},{"edgeID":"1730086","fromID":"1318092","toID":"1318091","formEdgeID":null},{"edgeID":"1730087","fromID":"1318084","toID":"1318093","formEdgeID":null},{"edgeID":"1730088","fromID":"1318093","toID":"1318090","formEdgeID":null},{"edgeID":"1730089","fromID":"1318090","toID":"1318094","formEdgeID":null},{"edgeID":"1730090","fromID":"1318094","toID":"1148594","formEdgeID":null},{"edgeID":"1730091","fromID":"1318096","toID":"1318095","formEdgeID":null},{"edgeID":"1730092","fromID":"1318092","toID":"1318096","formEdgeID":null},{"edgeID":"1730093","fromID":"1318087","toID":"1318097","formEdgeID":null},{"edgeID":"1730094","fromID":"1318097","toID":"1318095","formEdgeID":null},{"edgeID":"1730095","fromID":"1318095","toID":"1318098","formEdgeID":null},{"edgeID":"1730096","fromID":"1318098","toID":"1148600","formEdgeID":null},{"edgeID":"1730097","fromID":"1318101","toID":"1318100","formEdgeID":null},{"edgeID":"1730098","fromID":"1318102","toID":"1318101","formEdgeID":null},{"edgeID":"1730099","fromID":"1318104","toID":"1318103","formEdgeID":null},{"edgeID":"1730100","fromID":"1318105","toID":"1318104","formEdgeID":null},{"edgeID":"1730101","fromID":"1318103","toID":"1318106","formEdgeID":null},{"edgeID":"1730102","fromID":"1318106","toID":"1318099","formEdgeID":null},{"edgeID":"1730103","fromID":"1318100","toID":"1318107","formEdgeID":null},{"edgeID":"1730104","fromID":"1318107","toID":"1318103","formEdgeID":null},{"edgeID":"1730105","fromID":"1318110","toID":"1318109","formEdgeID":null},{"edgeID":"1730106","fromID":"1318111","toID":"1318110","formEdgeID":null},{"edgeID":"1730107","fromID":"1318109","toID":"1318112","formEdgeID":null},{"edgeID":"1730108","fromID":"1318112","toID":"1318108","formEdgeID":null},{"edgeID":"1730109","fromID":"1318115","toID":"1318114","formEdgeID":null},{"edgeID":"1730110","fromID":"1318116","toID":"1318115","formEdgeID":null},{"edgeID":"1730111","fromID":"1318114","toID":"1318117","formEdgeID":null},{"edgeID":"1730112","fromID":"1318117","toID":"1318113","formEdgeID":null},{"edgeID":"1730113","fromID":"1318077","toID":"1318118","formEdgeID":null},{"edgeID":"1730114","fromID":"1318118","toID":"1318084","formEdgeID":null},{"edgeID":"1730115","fromID":"1318084","toID":"1318119","formEdgeID":null},{"edgeID":"1730116","fromID":"1318119","toID":"1318087","formEdgeID":null},{"edgeID":"1730117","fromID":"1318087","toID":"1318120","formEdgeID":null},{"edgeID":"1730118","fromID":"1318120","toID":"1318100","formEdgeID":null},{"edgeID":"1730119","fromID":"1148600","toID":"1318121","formEdgeID":null},{"edgeID":"1730120","fromID":"1318121","toID":"1148594","formEdgeID":null},{"edgeID":"1730121","fromID":"1318119","toID":"1318122","formEdgeID":null},{"edgeID":"1730122","fromID":"1318122","toID":"1318121","formEdgeID":null},{"edgeID":"1730123","fromID":"1148594","toID":"1318123","formEdgeID":null},{"edgeID":"1730124","fromID":"1318123","toID":"1318071","formEdgeID":null},{"edgeID":"1730125","fromID":"1148594","toID":"1318124","formEdgeID":null},{"edgeID":"1730126","fromID":"1318124","toID":"1318076","formEdgeID":null},{"edgeID":"1730127","fromID":"1318118","toID":"1318125","formEdgeID":null},{"edgeID":"1730128","fromID":"1318125","toID":"1318124","formEdgeID":null},{"edgeID":"1730129","fromID":"1318072","toID":"1318126","formEdgeID":null},{"edgeID":"1730130","fromID":"1318126","toID":"1318084","formEdgeID":null},{"edgeID":"1730131","fromID":"1318126","toID":"1318127","formEdgeID":null},{"edgeID":"1730132","fromID":"1318127","toID":"1318123","formEdgeID":null},{"edgeID":"1730133","fromID":"1318100","toID":"1318128","formEdgeID":null},{"edgeID":"1730134","fromID":"1318128","toID":"1318109","formEdgeID":null},{"edgeID":"1730135","fromID":"1318109","toID":"1318129","formEdgeID":null},{"edgeID":"1730136","fromID":"1318129","toID":"1318114","formEdgeID":null},{"edgeID":"1730137","fromID":"1318113","toID":"1318130","formEdgeID":null},{"edgeID":"1730138","fromID":"1318130","toID":"1318108","formEdgeID":null},{"edgeID":"1730139","fromID":"1318129","toID":"1318131","formEdgeID":null},{"edgeID":"1730140","fromID":"1318131","toID":"1318130","formEdgeID":null},{"edgeID":"1730141","fromID":"1318134","toID":"1318133","formEdgeID":null},{"edgeID":"1730142","fromID":"1318135","toID":"1318134","formEdgeID":null},{"edgeID":"1730143","fromID":"1318133","toID":"1318136","formEdgeID":null},{"edgeID":"1730144","fromID":"1318136","toID":"1318132","formEdgeID":null},{"edgeID":"1730145","fromID":"1318114","toID":"1318137","formEdgeID":null},{"edgeID":"1730146","fromID":"1318137","toID":"1318133","formEdgeID":null},{"edgeID":"1730147","fromID":"1318132","toID":"1318138","formEdgeID":null},{"edgeID":"1730148","fromID":"1318138","toID":"1318113","formEdgeID":null},{"edgeID":"1730149","fromID":"1318137","toID":"1318139","formEdgeID":null},{"edgeID":"1730150","fromID":"1318139","toID":"1318138","formEdgeID":null},{"edgeID":"1730151","fromID":"1318141","toID":"1318140","formEdgeID":null},{"edgeID":"1730152","fromID":"1318142","toID":"1318141","formEdgeID":null},{"edgeID":"1730153","fromID":"1318140","toID":"1318143","formEdgeID":null},{"edgeID":"1730154","fromID":"1318143","toID":"1148543","formEdgeID":null},{"edgeID":"1730155","fromID":"1318146","toID":"1318145","formEdgeID":null},{"edgeID":"1730156","fromID":"1318147","toID":"1318146","formEdgeID":null},{"edgeID":"1730157","fromID":"1318145","toID":"1318148","formEdgeID":null},{"edgeID":"1730158","fromID":"1318148","toID":"1318144","formEdgeID":null},{"edgeID":"1730159","fromID":"1318133","toID":"1318149","formEdgeID":null},{"edgeID":"1730160","fromID":"1318149","toID":"1318140","formEdgeID":null},{"edgeID":"1730161","fromID":"1318140","toID":"1318150","formEdgeID":null},{"edgeID":"1730162","fromID":"1318150","toID":"1318145","formEdgeID":null},{"edgeID":"1730163","fromID":"1318152","toID":"1318151","formEdgeID":null},{"edgeID":"1730164","fromID":"1318153","toID":"1318152","formEdgeID":null},{"edgeID":"1730165","fromID":"1318151","toID":"1318154","formEdgeID":null},{"edgeID":"1730166","fromID":"1318154","toID":"1148553","formEdgeID":null},{"edgeID":"1730167","fromID":"1318157","toID":"1318156","formEdgeID":null},{"edgeID":"1730168","fromID":"1318158","toID":"1318157","formEdgeID":null},{"edgeID":"1730169","fromID":"1318156","toID":"1318159","formEdgeID":null},{"edgeID":"1730170","fromID":"1318159","toID":"1318155","formEdgeID":null},{"edgeID":"1730171","fromID":"1318161","toID":"1318160","formEdgeID":null},{"edgeID":"1730172","fromID":"1318162","toID":"1318161","formEdgeID":null},{"edgeID":"1730173","fromID":"1318160","toID":"1318163","formEdgeID":null},{"edgeID":"1730174","fromID":"1318163","toID":"1148563","formEdgeID":null},{"edgeID":"1730175","fromID":"1318165","toID":"1318164","formEdgeID":null},{"edgeID":"1730176","fromID":"1318166","toID":"1318165","formEdgeID":null},{"edgeID":"1730177","fromID":"1318164","toID":"1318167","formEdgeID":null},{"edgeID":"1730178","fromID":"1318167","toID":"1148568","formEdgeID":null},{"edgeID":"1730179","fromID":"1318160","toID":"1318168","formEdgeID":null},{"edgeID":"1730180","fromID":"1318168","toID":"1318164","formEdgeID":null},{"edgeID":"1730181","fromID":"1318156","toID":"1318169","formEdgeID":null},{"edgeID":"1730182","fromID":"1318169","toID":"1318160","formEdgeID":null},{"edgeID":"1730183","fromID":"1318151","toID":"1318170","formEdgeID":null},{"edgeID":"1730184","fromID":"1318170","toID":"1318156","formEdgeID":null},{"edgeID":"1730185","fromID":"1318145","toID":"1318171","formEdgeID":null},{"edgeID":"1730186","fromID":"1318171","toID":"1318151","formEdgeID":null},{"edgeID":"1730187","fromID":"1318144","toID":"1318172","formEdgeID":null},{"edgeID":"1730188","fromID":"1318172","toID":"1148543","formEdgeID":null},{"edgeID":"1730189","fromID":"1318150","toID":"1318173","formEdgeID":null},{"edgeID":"1730190","fromID":"1318173","toID":"1318172","formEdgeID":null},{"edgeID":"1730191","fromID":"1148553","toID":"1318174","formEdgeID":null},{"edgeID":"1730192","fromID":"1318174","toID":"1318144","formEdgeID":null},{"edgeID":"1730193","fromID":"1318171","toID":"1318175","formEdgeID":null},{"edgeID":"1730194","fromID":"1318175","toID":"1318174","formEdgeID":null},{"edgeID":"1730195","fromID":"1318007","toID":"1318176","formEdgeID":null},{"edgeID":"1730196","fromID":"1318176","toID":"1318017","formEdgeID":null},{"edgeID":"1730197","fromID":"1318024","toID":"1318177","formEdgeID":null},{"edgeID":"1730198","fromID":"1318177","toID":"1318176","formEdgeID":null},{"edgeID":"1730199","fromID":"1318047","toID":"1318178","formEdgeID":null},{"edgeID":"1730200","fromID":"1318178","toID":"1318007","formEdgeID":null},{"edgeID":"1730201","fromID":"1318057","toID":"1318179","formEdgeID":null},{"edgeID":"1730202","fromID":"1318179","toID":"1318178","formEdgeID":null},{"edgeID":"1730203","fromID":"1318032","toID":"1318180","formEdgeID":null},{"edgeID":"1730204","fromID":"1318180","toID":"1318047","formEdgeID":null},{"edgeID":"1730205","fromID":"1318048","toID":"1318181","formEdgeID":null},{"edgeID":"1730206","fromID":"1318181","toID":"1318033","formEdgeID":null},{"edgeID":"1730207","fromID":"1318181","toID":"1318182","formEdgeID":null},{"edgeID":"1730208","fromID":"1318182","toID":"1318180","formEdgeID":null},{"edgeID":"1730209","fromID":"1148563","toID":"1318183","formEdgeID":null},{"edgeID":"1730210","fromID":"1318183","toID":"1318155","formEdgeID":null},{"edgeID":"1730211","fromID":"1318169","toID":"1318184","formEdgeID":null},{"edgeID":"1730212","fromID":"1318184","toID":"1318183","formEdgeID":null},{"edgeID":"1730213","fromID":"1148568","toID":"1318185","formEdgeID":null},{"edgeID":"1730214","fromID":"1318185","toID":"1318155","formEdgeID":null},{"edgeID":"1730215","fromID":"1318168","toID":"1318186","formEdgeID":null},{"edgeID":"1730216","fromID":"1318186","toID":"1318185","formEdgeID":null}],"locutions":[]}