{"nodes":[{"nodeID":"1317152","text":"there is another agreement here that is more important","type":"I","timestamp":"2023-11-09 13:19:35"},{"nodeID":"1317153","text":"Robert Buckland: there is another agreement here that is more important","type":"L","timestamp":"2023-11-09 13:19:35"},{"nodeID":"1317154","text":"Analysing","type":"YA","timestamp":"2023-11-09 13:19:35"},{"nodeID":"1317155","text":"Joanne: Robert Buckland: there is another agreement here that is more important","type":"L","timestamp":"2023-11-09 13:19:35"},{"nodeID":"1317156","text":"Asserting","type":"YA","timestamp":"2023-11-09 13:19:35"},{"nodeID":"1317157","text":"the other agreement that is more important is the Good Friday Belfast Agreement","type":"I","timestamp":"2023-11-09 13:19:36"},{"nodeID":"1317158","text":"Robert Buckland: that is the Good Friday Belfast Agreement","type":"L","timestamp":"2023-11-09 13:19:36"},{"nodeID":"1317159","text":"Analysing","type":"YA","timestamp":"2023-11-09 13:19:36"},{"nodeID":"1317160","text":"Joanne: Robert Buckland: that is the Good Friday Belfast Agreement","type":"L","timestamp":"2023-11-09 13:19:36"},{"nodeID":"1317161","text":"Asserting","type":"YA","timestamp":"2023-11-09 13:19:36"},{"nodeID":"1317162","text":"Default Transition","type":"TA","timestamp":"2023-11-09 13:19:36"},{"nodeID":"1317163","text":"Default Rephrase","type":"MA","timestamp":"2023-11-09 13:19:36"},{"nodeID":"1317164","text":"Restating","type":"YA","timestamp":"2023-11-09 13:19:36"},{"nodeID":"1317165","text":"in Robert Buckland's mind the Good Friday Belfast agreement takes precedence over the Protocol","type":"I","timestamp":"2023-11-09 13:19:36"},{"nodeID":"1317166","text":"Robert Buckland: in my mind takes precedence over the Protocol","type":"L","timestamp":"2023-11-09 13:19:36"},{"nodeID":"1317167","text":"Analysing","type":"YA","timestamp":"2023-11-09 13:19:36"},{"nodeID":"1317168","text":"Joanne: Robert Buckland: in my mind takes precedence over the Protocol","type":"L","timestamp":"2023-11-09 13:19:36"},{"nodeID":"1317169","text":"Asserting","type":"YA","timestamp":"2023-11-09 13:19:36"},{"nodeID":"1317170","text":"Default Transition","type":"TA","timestamp":"2023-11-09 13:19:36"},{"nodeID":"1317171","text":"the Protocol should be interpreted without any prejudice to the vitally important process","type":"I","timestamp":"2023-11-09 13:19:37"},{"nodeID":"1317172","text":"Robert Buckland: the Protocol should be interpreted without any prejudice to the vitally important process","type":"L","timestamp":"2023-11-09 13:19:37"},{"nodeID":"1317173","text":"Analysing","type":"YA","timestamp":"2023-11-09 13:19:37"},{"nodeID":"1317174","text":"Joanne: Robert Buckland: the Protocol should be interpreted without any prejudice to the vitally important process","type":"L","timestamp":"2023-11-09 13:19:37"},{"nodeID":"1317175","text":"Asserting","type":"YA","timestamp":"2023-11-09 13:19:37"},{"nodeID":"1317176","text":"Default Transition","type":"TA","timestamp":"2023-11-09 13:19:37"},{"nodeID":"1317177","text":"Default Inference","type":"RA","timestamp":"2023-11-09 13:19:37"},{"nodeID":"1317178","text":"Arguing","type":"YA","timestamp":"2023-11-09 13:19:37"},{"nodeID":"1317179","text":"the Good Friday Belfast Agreement started here with the consent of the people of Northern Ireland and the Republic in 1998","type":"I","timestamp":"2023-11-09 13:19:37"},{"nodeID":"1317180","text":"Robert Buckland: It started here with the consent of the people of Northern Ireland and the Republic in 1998","type":"L","timestamp":"2023-11-09 13:19:37"},{"nodeID":"1317181","text":"Analysing","type":"YA","timestamp":"2023-11-09 13:19:37"},{"nodeID":"1317182","text":"Joanne: Robert Buckland: It started here with the consent of the people of Northern Ireland and the Republic in 1998","type":"L","timestamp":"2023-11-09 13:19:37"},{"nodeID":"1317183","text":"Asserting","type":"YA","timestamp":"2023-11-09 13:19:37"},{"nodeID":"1317184","text":"Default Transition","type":"TA","timestamp":"2023-11-09 13:19:37"},{"nodeID":"1317185","text":"any British government has to work night and day to uphold and maintain the Good Friday Belfast Agreement","type":"I","timestamp":"2023-11-09 13:19:38"},{"nodeID":"1317186","text":"Robert Buckland: any British government has to work night and day to uphold and maintain","type":"L","timestamp":"2023-11-09 13:19:38"},{"nodeID":"1317187","text":"Analysing","type":"YA","timestamp":"2023-11-09 13:19:38"},{"nodeID":"1317188","text":"Joanne: Robert Buckland: any British government has to work night and day to uphold and maintain","type":"L","timestamp":"2023-11-09 13:19:38"},{"nodeID":"1317189","text":"Asserting","type":"YA","timestamp":"2023-11-09 13:19:38"},{"nodeID":"1317190","text":"Default Transition","type":"TA","timestamp":"2023-11-09 13:19:38"},{"nodeID":"1317191","text":"Default Inference","type":"RA","timestamp":"2023-11-09 13:19:38"},{"nodeID":"1317192","text":"Default Transition","type":"TA","timestamp":"2023-11-09 13:19:38"},{"nodeID":"1317193","text":"Arguing","type":"YA","timestamp":"2023-11-09 13:19:38"},{"nodeID":"1317194","text":"Default Inference","type":"RA","timestamp":"2023-11-09 13:19:38"},{"nodeID":"1317195","text":"Default Transition","type":"TA","timestamp":"2023-11-09 13:19:38"},{"nodeID":"1317196","text":"Arguing","type":"YA","timestamp":"2023-11-09 13:19:38"},{"nodeID":"1317197","text":"it is right for the government to signal that it is prepared to take action on the Protocol","type":"I","timestamp":"2023-11-09 13:19:39"},{"nodeID":"1317198","text":"Robert Buckland: it is right for the government to signal that it is prepared to take action on the Protocol","type":"L","timestamp":"2023-11-09 13:19:39"},{"nodeID":"1317199","text":"Analysing","type":"YA","timestamp":"2023-11-09 13:19:39"},{"nodeID":"1317200","text":"Joanne: Robert Buckland: it is right for the government to signal that it is prepared to take action on the Protocol","type":"L","timestamp":"2023-11-09 13:19:39"},{"nodeID":"1317201","text":"Asserting","type":"YA","timestamp":"2023-11-09 13:19:39"},{"nodeID":"1317202","text":"Default Transition","type":"TA","timestamp":"2023-11-09 13:19:39"},{"nodeID":"1317203","text":"Default Inference","type":"RA","timestamp":"2023-11-09 13:19:39"},{"nodeID":"1317204","text":"Arguing","type":"YA","timestamp":"2023-11-09 13:19:39"},{"nodeID":"1317205","text":"Katie Hayward, you're sitting there, a professor of political sociology here at Belfast University","type":"I","timestamp":"2023-11-09 13:19:39"},{"nodeID":"1317206","text":"Fiona Bruce: Katie Hayward, you're sitting there, a professor of political sociology here at Belfast University","type":"L","timestamp":"2023-11-09 13:19:39"},{"nodeID":"1317207","text":"Analysing","type":"YA","timestamp":"2023-11-09 13:19:39"},{"nodeID":"1317208","text":"Joanne: Fiona Bruce: Katie Hayward, you're sitting there, a professor of political sociology here at Belfast University","type":"L","timestamp":"2023-11-09 13:19:39"},{"nodeID":"1317209","text":"Asserting","type":"YA","timestamp":"2023-11-09 13:19:39"},{"nodeID":"1317210","text":"Default Transition","type":"TA","timestamp":"2023-11-09 13:19:39"},{"nodeID":"1317211","text":"we've asked Katie Hayward to be part of our audience","type":"I","timestamp":"2023-11-09 13:19:40"},{"nodeID":"1317212","text":"Fiona Bruce: We've asked you to be part of our audience","type":"L","timestamp":"2023-11-09 13:19:40"},{"nodeID":"1317213","text":"Analysing","type":"YA","timestamp":"2023-11-09 13:19:40"},{"nodeID":"1317214","text":"Joanne: Fiona Bruce: We've asked you to be part of our audience","type":"L","timestamp":"2023-11-09 13:19:40"},{"nodeID":"1317215","text":"Asserting","type":"YA","timestamp":"2023-11-09 13:19:40"},{"nodeID":"1317216","text":"Default Transition","type":"TA","timestamp":"2023-11-09 13:19:40"},{"nodeID":"1317217","text":"unlike many people at home and our panel, Katie Hayward has read every word of the protocol","type":"I","timestamp":"2023-11-09 13:19:40"},{"nodeID":"1317218","text":"Fiona Bruce: Unlike many people at home and our panel, you've read every word of the protocol","type":"L","timestamp":"2023-11-09 13:19:40"},{"nodeID":"1317219","text":"Analysing","type":"YA","timestamp":"2023-11-09 13:19:40"},{"nodeID":"1317220","text":"Joanne: Fiona Bruce: Unlike many people at home and our panel, you've read every word of the protocol","type":"L","timestamp":"2023-11-09 13:19:40"},{"nodeID":"1317221","text":"Asserting","type":"YA","timestamp":"2023-11-09 13:19:40"},{"nodeID":"1317222","text":"Default Transition","type":"TA","timestamp":"2023-11-09 13:19:40"},{"nodeID":"1317223","text":"Default Inference","type":"RA","timestamp":"2023-11-09 13:19:40"},{"nodeID":"1317224","text":"Arguing","type":"YA","timestamp":"2023-11-09 13:19:40"},{"nodeID":"1317225","text":"Katie Hayward's assessment of the protocol is xxx","type":"I","timestamp":"2023-11-09 13:19:41"},{"nodeID":"1317226","text":"Fiona Bruce: What is your assessment","type":"L","timestamp":"2023-11-09 13:19:41"},{"nodeID":"1317227","text":"Analysing","type":"YA","timestamp":"2023-11-09 13:19:41"},{"nodeID":"1317228","text":"Joanne: Fiona Bruce: What is your assessment","type":"L","timestamp":"2023-11-09 13:19:41"},{"nodeID":"1317229","text":"Pure Questioning","type":"YA","timestamp":"2023-11-09 13:19:41"},{"nodeID":"1317230","text":"Default Transition","type":"TA","timestamp":"2023-11-09 13:19:41"},{"nodeID":"1317231","text":"what we are seeing now in Northern Ireland is or is not something we could have expected, given the way the Protocol is worded","type":"I","timestamp":"2023-11-09 13:19:42"},{"nodeID":"1317232","text":"Fiona Bruce: is what we are seeing now in Northern Ireland something we could have expected, given the way the Protocol is worded","type":"L","timestamp":"2023-11-09 13:19:42"},{"nodeID":"1317233","text":"Analysing","type":"YA","timestamp":"2023-11-09 13:19:42"},{"nodeID":"1317234","text":"Joanne: Fiona Bruce: is what we are seeing now in Northern Ireland something we could have expected, given the way the Protocol is worded","type":"L","timestamp":"2023-11-09 13:19:42"},{"nodeID":"1317235","text":"Pure Questioning","type":"YA","timestamp":"2023-11-09 13:19:42"},{"nodeID":"1317236","text":"Default Transition","type":"TA","timestamp":"2023-11-09 13:19:42"},{"nodeID":"1317237","text":"the Protocol is or is not being interpreted in a different way","type":"I","timestamp":"2023-11-09 13:19:42"},{"nodeID":"1317238","text":"Fiona Bruce: is it being interpreted in a different way","type":"L","timestamp":"2023-11-09 13:19:42"},{"nodeID":"1317239","text":"Analysing","type":"YA","timestamp":"2023-11-09 13:19:42"},{"nodeID":"1317240","text":"Joanne: Fiona Bruce: is it being interpreted in a different way","type":"L","timestamp":"2023-11-09 13:19:42"},{"nodeID":"1317241","text":"Pure Questioning","type":"YA","timestamp":"2023-11-09 13:19:42"},{"nodeID":"1317242","text":"Default Transition","type":"TA","timestamp":"2023-11-09 13:19:42"},{"nodeID":"1317243","text":"it is quite clear what the protocol meant that it meant checks and controls down the Irish Sea in order to avoid those on the land border","type":"I","timestamp":"2023-11-09 13:19:43"},{"nodeID":"1317244","text":"AudienceMember 20220609QT247: It is quite clear what the protocol meant that it meant checks and controls down the Irish Sea in order to avoid those on the land border","type":"L","timestamp":"2023-11-09 13:19:43"},{"nodeID":"1317245","text":"Analysing","type":"YA","timestamp":"2023-11-09 13:19:43"},{"nodeID":"1317246","text":"Joanne: AudienceMember 20220609QT247: It is quite clear what the protocol meant that it meant checks and controls down the Irish Sea in order to avoid those on the land border","type":"L","timestamp":"2023-11-09 13:19:43"},{"nodeID":"1317247","text":"Asserting","type":"YA","timestamp":"2023-11-09 13:19:43"},{"nodeID":"1317248","text":"Default Transition","type":"TA","timestamp":"2023-11-09 13:19:43"},{"nodeID":"1317249","text":"we do have the Trader Support Service and other functions supported by the government to facilitate that movement across the Irish Sea","type":"I","timestamp":"2023-11-09 13:19:43"},{"nodeID":"1317250","text":"AudienceMember 20220609QT247: We do have the Trader Support Service and other functions supported by the government to facilitate that movement across the Irish Sea","type":"L","timestamp":"2023-11-09 13:19:43"},{"nodeID":"1317251","text":"Analysing","type":"YA","timestamp":"2023-11-09 13:19:43"},{"nodeID":"1317252","text":"Joanne: AudienceMember 20220609QT247: We do have the Trader Support Service and other functions supported by the government to facilitate that movement across the Irish Sea","type":"L","timestamp":"2023-11-09 13:19:43"},{"nodeID":"1317253","text":"Asserting","type":"YA","timestamp":"2023-11-09 13:19:43"},{"nodeID":"1317254","text":"Default Transition","type":"TA","timestamp":"2023-11-09 13:19:43"},{"nodeID":"1317255","text":"we need to put the Trader Support Service and other functions supported by the government to facilitate movement across the Irish Sea in context","type":"I","timestamp":"2023-11-09 13:19:44"},{"nodeID":"1317256","text":"AudienceMember 20220609QT247: we need to put it in context","type":"L","timestamp":"2023-11-09 13:19:44"},{"nodeID":"1317257","text":"Analysing","type":"YA","timestamp":"2023-11-09 13:19:44"},{"nodeID":"1317258","text":"Joanne: AudienceMember 20220609QT247: we need to put it in context","type":"L","timestamp":"2023-11-09 13:19:44"},{"nodeID":"1317259","text":"Asserting","type":"YA","timestamp":"2023-11-09 13:19:44"},{"nodeID":"1317260","text":"Default Transition","type":"TA","timestamp":"2023-11-09 13:19:44"},{"nodeID":"1317261","text":"Default Rephrase","type":"MA","timestamp":"2023-11-09 13:19:44"},{"nodeID":"1317262","text":"Default Illocuting","type":"YA","timestamp":"2023-11-09 13:19:44"},{"nodeID":"1317263","text":"Default Inference","type":"RA","timestamp":"2023-11-09 13:19:44"},{"nodeID":"1317264","text":"Arguing","type":"YA","timestamp":"2023-11-09 13:19:44"}],"edges":[{"edgeID":"1728990","fromID":"1317154","toID":"1317153","formEdgeID":null},{"edgeID":"1728991","fromID":"1317155","toID":"1317154","formEdgeID":null},{"edgeID":"1728992","fromID":"1317153","toID":"1317156","formEdgeID":null},{"edgeID":"1728993","fromID":"1317156","toID":"1317152","formEdgeID":null},{"edgeID":"1728994","fromID":"1317159","toID":"1317158","formEdgeID":null},{"edgeID":"1728995","fromID":"1317160","toID":"1317159","formEdgeID":null},{"edgeID":"1728996","fromID":"1317158","toID":"1317161","formEdgeID":null},{"edgeID":"1728997","fromID":"1317161","toID":"1317157","formEdgeID":null},{"edgeID":"1728998","fromID":"1317153","toID":"1317162","formEdgeID":null},{"edgeID":"1728999","fromID":"1317162","toID":"1317158","formEdgeID":null},{"edgeID":"1729000","fromID":"1317157","toID":"1317163","formEdgeID":null},{"edgeID":"1729001","fromID":"1317163","toID":"1317152","formEdgeID":null},{"edgeID":"1729002","fromID":"1317162","toID":"1317164","formEdgeID":null},{"edgeID":"1729003","fromID":"1317164","toID":"1317163","formEdgeID":null},{"edgeID":"1729004","fromID":"1317167","toID":"1317166","formEdgeID":null},{"edgeID":"1729005","fromID":"1317168","toID":"1317167","formEdgeID":null},{"edgeID":"1729006","fromID":"1317166","toID":"1317169","formEdgeID":null},{"edgeID":"1729007","fromID":"1317169","toID":"1317165","formEdgeID":null},{"edgeID":"1729008","fromID":"1317158","toID":"1317170","formEdgeID":null},{"edgeID":"1729009","fromID":"1317170","toID":"1317166","formEdgeID":null},{"edgeID":"1729010","fromID":"1317173","toID":"1317172","formEdgeID":null},{"edgeID":"1729011","fromID":"1317174","toID":"1317173","formEdgeID":null},{"edgeID":"1729012","fromID":"1317172","toID":"1317175","formEdgeID":null},{"edgeID":"1729013","fromID":"1317175","toID":"1317171","formEdgeID":null},{"edgeID":"1729014","fromID":"1317166","toID":"1317176","formEdgeID":null},{"edgeID":"1729015","fromID":"1317176","toID":"1317172","formEdgeID":null},{"edgeID":"1729016","fromID":"1317165","toID":"1317177","formEdgeID":null},{"edgeID":"1729017","fromID":"1317177","toID":"1317171","formEdgeID":null},{"edgeID":"1729018","fromID":"1317176","toID":"1317178","formEdgeID":null},{"edgeID":"1729019","fromID":"1317178","toID":"1317177","formEdgeID":null},{"edgeID":"1729020","fromID":"1317181","toID":"1317180","formEdgeID":null},{"edgeID":"1729021","fromID":"1317182","toID":"1317181","formEdgeID":null},{"edgeID":"1729022","fromID":"1317180","toID":"1317183","formEdgeID":null},{"edgeID":"1729023","fromID":"1317183","toID":"1317179","formEdgeID":null},{"edgeID":"1729024","fromID":"1317172","toID":"1317184","formEdgeID":null},{"edgeID":"1729025","fromID":"1317184","toID":"1317180","formEdgeID":null},{"edgeID":"1729026","fromID":"1317187","toID":"1317186","formEdgeID":null},{"edgeID":"1729027","fromID":"1317188","toID":"1317187","formEdgeID":null},{"edgeID":"1729028","fromID":"1317186","toID":"1317189","formEdgeID":null},{"edgeID":"1729029","fromID":"1317189","toID":"1317185","formEdgeID":null},{"edgeID":"1729030","fromID":"1317180","toID":"1317190","formEdgeID":null},{"edgeID":"1729031","fromID":"1317190","toID":"1317186","formEdgeID":null},{"edgeID":"1729032","fromID":"1317185","toID":"1317191","formEdgeID":null},{"edgeID":"1729033","fromID":"1317191","toID":"1317165","formEdgeID":null},{"edgeID":"1729034","fromID":"1317166","toID":"1317192","formEdgeID":null},{"edgeID":"1729035","fromID":"1317192","toID":"1317186","formEdgeID":null},{"edgeID":"1729036","fromID":"1317192","toID":"1317193","formEdgeID":null},{"edgeID":"1729037","fromID":"1317193","toID":"1317191","formEdgeID":null},{"edgeID":"1729038","fromID":"1317179","toID":"1317194","formEdgeID":null},{"edgeID":"1729039","fromID":"1317194","toID":"1317157","formEdgeID":null},{"edgeID":"1729040","fromID":"1317158","toID":"1317195","formEdgeID":null},{"edgeID":"1729041","fromID":"1317195","toID":"1317180","formEdgeID":null},{"edgeID":"1729042","fromID":"1317195","toID":"1317196","formEdgeID":null},{"edgeID":"1729043","fromID":"1317196","toID":"1317194","formEdgeID":null},{"edgeID":"1729044","fromID":"1317199","toID":"1317198","formEdgeID":null},{"edgeID":"1729045","fromID":"1317200","toID":"1317199","formEdgeID":null},{"edgeID":"1729046","fromID":"1317198","toID":"1317201","formEdgeID":null},{"edgeID":"1729047","fromID":"1317201","toID":"1317197","formEdgeID":null},{"edgeID":"1729048","fromID":"1317186","toID":"1317202","formEdgeID":null},{"edgeID":"1729049","fromID":"1317202","toID":"1317198","formEdgeID":null},{"edgeID":"1729050","fromID":"1317185","toID":"1317203","formEdgeID":null},{"edgeID":"1729051","fromID":"1317203","toID":"1317197","formEdgeID":null},{"edgeID":"1729052","fromID":"1317202","toID":"1317204","formEdgeID":null},{"edgeID":"1729053","fromID":"1317204","toID":"1317203","formEdgeID":null},{"edgeID":"1729054","fromID":"1317207","toID":"1317206","formEdgeID":null},{"edgeID":"1729055","fromID":"1317208","toID":"1317207","formEdgeID":null},{"edgeID":"1729056","fromID":"1317206","toID":"1317209","formEdgeID":null},{"edgeID":"1729057","fromID":"1317209","toID":"1317205","formEdgeID":null},{"edgeID":"1729058","fromID":"1317198","toID":"1317210","formEdgeID":null},{"edgeID":"1729059","fromID":"1317210","toID":"1317206","formEdgeID":null},{"edgeID":"1729060","fromID":"1317213","toID":"1317212","formEdgeID":null},{"edgeID":"1729061","fromID":"1317214","toID":"1317213","formEdgeID":null},{"edgeID":"1729062","fromID":"1317212","toID":"1317215","formEdgeID":null},{"edgeID":"1729063","fromID":"1317215","toID":"1317211","formEdgeID":null},{"edgeID":"1729064","fromID":"1317206","toID":"1317216","formEdgeID":null},{"edgeID":"1729065","fromID":"1317216","toID":"1317212","formEdgeID":null},{"edgeID":"1729066","fromID":"1317219","toID":"1317218","formEdgeID":null},{"edgeID":"1729067","fromID":"1317220","toID":"1317219","formEdgeID":null},{"edgeID":"1729068","fromID":"1317218","toID":"1317221","formEdgeID":null},{"edgeID":"1729069","fromID":"1317221","toID":"1317217","formEdgeID":null},{"edgeID":"1729070","fromID":"1317212","toID":"1317222","formEdgeID":null},{"edgeID":"1729071","fromID":"1317222","toID":"1317218","formEdgeID":null},{"edgeID":"1729072","fromID":"1317217","toID":"1317223","formEdgeID":null},{"edgeID":"1729073","fromID":"1317223","toID":"1317211","formEdgeID":null},{"edgeID":"1729074","fromID":"1317205","toID":"1317223","formEdgeID":null},{"edgeID":"1729075","fromID":"1317216","toID":"1317224","formEdgeID":null},{"edgeID":"1729076","fromID":"1317224","toID":"1317223","formEdgeID":null},{"edgeID":"1729077","fromID":"1317227","toID":"1317226","formEdgeID":null},{"edgeID":"1729078","fromID":"1317228","toID":"1317227","formEdgeID":null},{"edgeID":"1729079","fromID":"1317226","toID":"1317229","formEdgeID":null},{"edgeID":"1729080","fromID":"1317229","toID":"1317225","formEdgeID":null},{"edgeID":"1729081","fromID":"1317218","toID":"1317230","formEdgeID":null},{"edgeID":"1729082","fromID":"1317230","toID":"1317226","formEdgeID":null},{"edgeID":"1729083","fromID":"1317233","toID":"1317232","formEdgeID":null},{"edgeID":"1729084","fromID":"1317234","toID":"1317233","formEdgeID":null},{"edgeID":"1729085","fromID":"1317232","toID":"1317235","formEdgeID":null},{"edgeID":"1729086","fromID":"1317235","toID":"1317231","formEdgeID":null},{"edgeID":"1729087","fromID":"1317226","toID":"1317236","formEdgeID":null},{"edgeID":"1729088","fromID":"1317236","toID":"1317232","formEdgeID":null},{"edgeID":"1729089","fromID":"1317239","toID":"1317238","formEdgeID":null},{"edgeID":"1729090","fromID":"1317240","toID":"1317239","formEdgeID":null},{"edgeID":"1729091","fromID":"1317238","toID":"1317241","formEdgeID":null},{"edgeID":"1729092","fromID":"1317241","toID":"1317237","formEdgeID":null},{"edgeID":"1729093","fromID":"1317232","toID":"1317242","formEdgeID":null},{"edgeID":"1729094","fromID":"1317242","toID":"1317238","formEdgeID":null},{"edgeID":"1729095","fromID":"1317245","toID":"1317244","formEdgeID":null},{"edgeID":"1729096","fromID":"1317246","toID":"1317245","formEdgeID":null},{"edgeID":"1729097","fromID":"1317244","toID":"1317247","formEdgeID":null},{"edgeID":"1729098","fromID":"1317247","toID":"1317243","formEdgeID":null},{"edgeID":"1729099","fromID":"1317238","toID":"1317248","formEdgeID":null},{"edgeID":"1729100","fromID":"1317248","toID":"1317244","formEdgeID":null},{"edgeID":"1729101","fromID":"1317251","toID":"1317250","formEdgeID":null},{"edgeID":"1729102","fromID":"1317252","toID":"1317251","formEdgeID":null},{"edgeID":"1729103","fromID":"1317250","toID":"1317253","formEdgeID":null},{"edgeID":"1729104","fromID":"1317253","toID":"1317249","formEdgeID":null},{"edgeID":"1729105","fromID":"1317244","toID":"1317254","formEdgeID":null},{"edgeID":"1729106","fromID":"1317254","toID":"1317250","formEdgeID":null},{"edgeID":"1729107","fromID":"1317257","toID":"1317256","formEdgeID":null},{"edgeID":"1729108","fromID":"1317258","toID":"1317257","formEdgeID":null},{"edgeID":"1729109","fromID":"1317256","toID":"1317259","formEdgeID":null},{"edgeID":"1729110","fromID":"1317259","toID":"1317255","formEdgeID":null},{"edgeID":"1729111","fromID":"1317250","toID":"1317260","formEdgeID":null},{"edgeID":"1729112","fromID":"1317260","toID":"1317256","formEdgeID":null},{"edgeID":"1729113","fromID":"1317243","toID":"1317261","formEdgeID":null},{"edgeID":"1729114","fromID":"1317261","toID":"1317237","formEdgeID":null},{"edgeID":"1729115","fromID":"1317248","toID":"1317262","formEdgeID":null},{"edgeID":"1729116","fromID":"1317262","toID":"1317261","formEdgeID":null},{"edgeID":"1729117","fromID":"1317249","toID":"1317263","formEdgeID":null},{"edgeID":"1729118","fromID":"1317263","toID":"1317255","formEdgeID":null},{"edgeID":"1729119","fromID":"1317260","toID":"1317264","formEdgeID":null},{"edgeID":"1729120","fromID":"1317264","toID":"1317263","formEdgeID":null}],"locutions":[]}