{"nodes":[{"nodeID":"1316264","text":"Fiona Bruce: What do you think","type":"L","timestamp":"2023-11-09 13:18:19"},{"nodeID":"1316265","text":"the Northern Ireland protocol undermines our cherished citizenship in the United Kingdom","type":"I","timestamp":"2023-11-09 13:18:19"},{"nodeID":"1316266","text":"AudienceMember 20220609QT243: The protocol undermines our cherished of citizenship in the United Kingdom","type":"L","timestamp":"2023-11-09 13:18:19"},{"nodeID":"1316267","text":"Analysing","type":"YA","timestamp":"2023-11-09 13:18:19"},{"nodeID":"1316268","text":"Nette: AudienceMember 20220609QT243: The protocol undermines our cherished of citizenship in the United Kingdom","type":"L","timestamp":"2023-11-09 13:18:19"},{"nodeID":"1316269","text":"Asserting","type":"YA","timestamp":"2023-11-09 13:18:19"},{"nodeID":"1316270","text":"AudienceMember 20220609QT243 is referring to the Northern Ireland protocol","type":"I","timestamp":"2023-11-09 13:18:20"},{"nodeID":"1316271","text":"Fiona Bruce: The Northern Ireland protocol there you're referring to","type":"L","timestamp":"2023-11-09 13:18:20"},{"nodeID":"1316272","text":"Analysing","type":"YA","timestamp":"2023-11-09 13:18:20"},{"nodeID":"1316273","text":"Nette: Fiona Bruce: The Northern Ireland protocol there you're referring to","type":"L","timestamp":"2023-11-09 13:18:20"},{"nodeID":"1316274","text":"Asserting","type":"YA","timestamp":"2023-11-09 13:18:20"},{"nodeID":"1316275","text":"Default Transition","type":"TA","timestamp":"2023-11-09 13:18:20"},{"nodeID":"1316276","text":"Default Rephrase","type":"MA","timestamp":"2023-11-09 13:18:20"},{"nodeID":"1316277","text":"Restating","type":"YA","timestamp":"2023-11-09 13:18:20"},{"nodeID":"1316278","text":"AudienceMember 20220609QT243 thinks xxx about the Northern Ireland protocol","type":"I","timestamp":"2023-11-09 13:18:20"},{"nodeID":"1316279","text":"Analysing","type":"YA","timestamp":"2023-11-09 13:18:20"},{"nodeID":"1316280","text":"Nette: Fiona Bruce: What do you think","type":"L","timestamp":"2023-11-09 13:18:20"},{"nodeID":"1316281","text":"Pure Questioning","type":"YA","timestamp":"2023-11-09 13:18:20"},{"nodeID":"1316282","text":"Default Transition","type":"TA","timestamp":"2023-11-09 13:18:20"},{"nodeID":"1316283","text":"AudienceMember 20220609QT243: it does","type":"L","timestamp":"2023-11-09 13:18:20"},{"nodeID":"1316284","text":"Analysing","type":"YA","timestamp":"2023-11-09 13:18:20"},{"nodeID":"1316285","text":"Nette: AudienceMember 20220609QT243: it does","type":"L","timestamp":"2023-11-09 13:18:20"},{"nodeID":"1316286","text":"Asserting","type":"YA","timestamp":"2023-11-09 13:18:20"},{"nodeID":"1316287","text":"Default Transition","type":"TA","timestamp":"2023-11-09 13:18:20"},{"nodeID":"1316288","text":"Default Rephrase","type":"MA","timestamp":"2023-11-09 13:18:20"},{"nodeID":"1316289","text":"Default Illocuting","type":"YA","timestamp":"2023-11-09 13:18:20"},{"nodeID":"1316290","text":"Fiona Bruce: Why do you think think that","type":"L","timestamp":"2023-11-09 13:18:20"},{"nodeID":"1316291","text":"Analysing","type":"YA","timestamp":"2023-11-09 13:18:20"},{"nodeID":"1316292","text":"Nette: Fiona Bruce: Why do you think think that","type":"L","timestamp":"2023-11-09 13:18:20"},{"nodeID":"1316293","text":"Default Transition","type":"TA","timestamp":"2023-11-09 13:18:20"},{"nodeID":"1316294","text":"the basic principle of any state is free trade between the constituent polity of that state","type":"I","timestamp":"2023-11-09 13:18:21"},{"nodeID":"1316295","text":"AudienceMember 20220609QT243: the basic principle of any state is free trade between the constituent polity of that state","type":"L","timestamp":"2023-11-09 13:18:21"},{"nodeID":"1316296","text":"Analysing","type":"YA","timestamp":"2023-11-09 13:18:21"},{"nodeID":"1316297","text":"Nette: AudienceMember 20220609QT243: the basic principle of any state is free trade between the constituent polity of that state","type":"L","timestamp":"2023-11-09 13:18:21"},{"nodeID":"1316298","text":"Asserting","type":"YA","timestamp":"2023-11-09 13:18:21"},{"nodeID":"1316299","text":"Default Transition","type":"TA","timestamp":"2023-11-09 13:18:21"},{"nodeID":"1316300","text":"Default Inference","type":"RA","timestamp":"2023-11-09 13:18:21"},{"nodeID":"1316301","text":"Arguing","type":"YA","timestamp":"2023-11-09 13:18:21"},{"nodeID":"1316302","text":"Northern Ireland and the United Kingdom are one and the same","type":"I","timestamp":"2023-11-09 13:18:22"},{"nodeID":"1316303","text":"AudienceMember 20220609QT243: we are one and the same","type":"L","timestamp":"2023-11-09 13:18:22"},{"nodeID":"1316304","text":"Analysing","type":"YA","timestamp":"2023-11-09 13:18:22"},{"nodeID":"1316305","text":"Nette: AudienceMember 20220609QT243: we are one and the same","type":"L","timestamp":"2023-11-09 13:18:22"},{"nodeID":"1316306","text":"Asserting","type":"YA","timestamp":"2023-11-09 13:18:22"},{"nodeID":"1316307","text":"there needs to be no trade borders between us and the United Kingdom, that is a red line","type":"I","timestamp":"2023-11-09 13:18:22"},{"nodeID":"1316308","text":"AudienceMember 20220609QT243: there needs to be no trade borders between us and the United Kingdom, that is a red line","type":"L","timestamp":"2023-11-09 13:18:22"},{"nodeID":"1316309","text":"Analysing","type":"YA","timestamp":"2023-11-09 13:18:22"},{"nodeID":"1316310","text":"Nette: AudienceMember 20220609QT243: there needs to be no trade borders between us and the United Kingdom, that is a red line","type":"L","timestamp":"2023-11-09 13:18:22"},{"nodeID":"1316311","text":"Asserting","type":"YA","timestamp":"2023-11-09 13:18:22"},{"nodeID":"1316312","text":"Default Transition","type":"TA","timestamp":"2023-11-09 13:18:22"},{"nodeID":"1316313","text":"Default Inference","type":"RA","timestamp":"2023-11-09 13:18:22"},{"nodeID":"1316314","text":"Arguing","type":"YA","timestamp":"2023-11-09 13:18:22"},{"nodeID":"1316315","text":"people are in very different places in relation to the issue whether there needs to be trade borders between Northern Ireland and the United Kingdom","type":"I","timestamp":"2023-11-09 13:18:23"},{"nodeID":"1316316","text":"Emma Little-Pengelly: people are in very different places in relation to this issue","type":"L","timestamp":"2023-11-09 13:18:23"},{"nodeID":"1316317","text":"Analysing","type":"YA","timestamp":"2023-11-09 13:18:23"},{"nodeID":"1316318","text":"Nette: Emma Little-Pengelly: people are in very different places in relation to this issue","type":"L","timestamp":"2023-11-09 13:18:23"},{"nodeID":"1316319","text":"Asserting","type":"YA","timestamp":"2023-11-09 13:18:23"},{"nodeID":"1316320","text":"Default Transition","type":"TA","timestamp":"2023-11-09 13:18:23"},{"nodeID":"1316321","text":"Emma Little-Pengelly: I absolutely agree with you","type":"L","timestamp":"2023-11-09 13:18:23"},{"nodeID":"1316322","text":"Analysing","type":"YA","timestamp":"2023-11-09 13:18:23"},{"nodeID":"1316323","text":"Nette: Emma Little-Pengelly: I absolutely agree with you","type":"L","timestamp":"2023-11-09 13:18:23"},{"nodeID":"1316324","text":"Default Transition","type":"TA","timestamp":"2023-11-09 13:18:23"},{"nodeID":"1316325","text":"Agreeing","type":"YA","timestamp":"2023-11-09 13:18:23"},{"nodeID":"1316326","text":"Challenging","type":"YA","timestamp":"2023-11-09 13:18:23"},{"nodeID":"1316327","text":"for Emma Little-Pengelly as a Unionist, a trade border between Nothern Ireland and the United Kingdom fundamentally fractures the United Kingdom","type":"I","timestamp":"2023-11-09 13:18:24"},{"nodeID":"1316328","text":"Emma Little-Pengelly: For me as a Unionist, it fundamentally fractures the United Kingdom","type":"L","timestamp":"2023-11-09 13:18:24"},{"nodeID":"1316329","text":"Analysing","type":"YA","timestamp":"2023-11-09 13:18:24"},{"nodeID":"1316330","text":"Nette: Emma Little-Pengelly: For me as a Unionist, it fundamentally fractures the United Kingdom","type":"L","timestamp":"2023-11-09 13:18:24"},{"nodeID":"1316331","text":"Asserting","type":"YA","timestamp":"2023-11-09 13:18:24"},{"nodeID":"1316332","text":"Default Transition","type":"TA","timestamp":"2023-11-09 13:18:24"},{"nodeID":"1316333","text":"a trade border between Northern Ireland and the United Kingdom is not good for Northern Ireland","type":"I","timestamp":"2023-11-09 13:18:24"},{"nodeID":"1316334","text":"Emma Little-Pengelly: that is good for Northern Ireland","type":"L","timestamp":"2023-11-09 13:18:24"},{"nodeID":"1316335","text":"Analysing","type":"YA","timestamp":"2023-11-09 13:18:24"},{"nodeID":"1316336","text":"Nette: Emma Little-Pengelly: that is good for Northern Ireland","type":"L","timestamp":"2023-11-09 13:18:24"},{"nodeID":"1316337","text":"Asserting","type":"YA","timestamp":"2023-11-09 13:18:24"},{"nodeID":"1316338","text":"Default Transition","type":"TA","timestamp":"2023-11-09 13:18:24"},{"nodeID":"1316339","text":"a trade border between Northern Ireland and the United Kingdom is not good for the United Kingdom","type":"I","timestamp":"2023-11-09 13:18:25"},{"nodeID":"1316340","text":"Emma Little-Pengelly: that is good for the United Kingdom","type":"L","timestamp":"2023-11-09 13:18:25"},{"nodeID":"1316341","text":"Analysing","type":"YA","timestamp":"2023-11-09 13:18:25"},{"nodeID":"1316342","text":"Nette: Emma Little-Pengelly: that is good for the United Kingdom","type":"L","timestamp":"2023-11-09 13:18:25"},{"nodeID":"1316343","text":"Asserting","type":"YA","timestamp":"2023-11-09 13:18:25"},{"nodeID":"1316344","text":"Default Transition","type":"TA","timestamp":"2023-11-09 13:18:25"},{"nodeID":"1316345","text":"Default Rephrase","type":"MA","timestamp":"2023-11-09 13:18:25"},{"nodeID":"1316346","text":"Default Rephrase","type":"MA","timestamp":"2023-11-09 13:18:25"},{"nodeID":"1316347","text":"Restating","type":"YA","timestamp":"2023-11-09 13:18:25"},{"nodeID":"1316348","text":"Restating","type":"YA","timestamp":"2023-11-09 13:18:25"},{"nodeID":"1316349","text":"Emma Little-Pengelly should explain to people who are not so familiar with the fact that you're refusing to take part in the Assembly because you want the Northern Ireland protocol to be completely changed","type":"I","timestamp":"2023-11-09 13:18:25"},{"nodeID":"1316350","text":"Fiona Bruce: Do you want to explain to people who are not here in the audience not so familiar with the fact that you're refusing to take part in the Assembly because you want the Northern Ireland protocol to be completely changed","type":"L","timestamp":"2023-11-09 13:18:25"},{"nodeID":"1316351","text":"Analysing","type":"YA","timestamp":"2023-11-09 13:18:25"},{"nodeID":"1316352","text":"Nette: Fiona Bruce: Do you want to explain to people who are not here in the audience not so familiar with the fact that you're refusing to take part in the Assembly because you want the Northern Ireland protocol to be completely changed","type":"L","timestamp":"2023-11-09 13:18:25"},{"nodeID":"1316353","text":"Rhetorical Questioning","type":"YA","timestamp":"2023-11-09 13:18:25"},{"nodeID":"1316354","text":"Default Transition","type":"TA","timestamp":"2023-11-09 13:18:25"},{"nodeID":"1316355","text":"explaining why the Northern Ireland protocol needs to be completely changed is a key task of the Democratic Unionist Party","type":"I","timestamp":"2023-11-09 13:18:26"},{"nodeID":"1316356","text":"Emma Little-Pengelly: That is a key ask of the Democratic Unionist Party","type":"L","timestamp":"2023-11-09 13:18:26"},{"nodeID":"1316357","text":"Analysing","type":"YA","timestamp":"2023-11-09 13:18:26"},{"nodeID":"1316358","text":"Nette: Emma Little-Pengelly: That is a key ask of the Democratic Unionist Party","type":"L","timestamp":"2023-11-09 13:18:26"},{"nodeID":"1316359","text":"Asserting","type":"YA","timestamp":"2023-11-09 13:18:26"},{"nodeID":"1316360","text":"Default Transition","type":"TA","timestamp":"2023-11-09 13:18:26"},{"nodeID":"1316361","text":"Default Rephrase","type":"MA","timestamp":"2023-11-09 13:18:26"},{"nodeID":"1316362","text":"Default Illocuting","type":"YA","timestamp":"2023-11-09 13:18:26"},{"nodeID":"1316363","text":"we've listened to people who feel strongly on the issue of whether we need a trade border between Northern Ireland and the United Kingdom","type":"I","timestamp":"2023-11-09 13:18:27"},{"nodeID":"1316364","text":"Emma Little-Pengelly: We've listened to people who feel strongly on this issue","type":"L","timestamp":"2023-11-09 13:18:27"},{"nodeID":"1316365","text":"Analysing","type":"YA","timestamp":"2023-11-09 13:18:27"},{"nodeID":"1316366","text":"Nette: Emma Little-Pengelly: We've listened to people who feel strongly on this issue","type":"L","timestamp":"2023-11-09 13:18:27"},{"nodeID":"1316367","text":"Asserting","type":"YA","timestamp":"2023-11-09 13:18:27"},{"nodeID":"1316368","text":"Default Transition","type":"TA","timestamp":"2023-11-09 13:18:27"},{"nodeID":"1316369","text":"Default Rephrase","type":"MA","timestamp":"2023-11-09 13:18:27"},{"nodeID":"1316370","text":"Restating","type":"YA","timestamp":"2023-11-09 13:18:27"},{"nodeID":"1316371","text":"we need to get the issue of trade borders between Northern Ireland and the United Kingdom addressed","type":"I","timestamp":"2023-11-09 13:18:27"},{"nodeID":"1316372","text":"Emma Little-Pengelly: we need to get this addressed","type":"L","timestamp":"2023-11-09 13:18:27"},{"nodeID":"1316373","text":"Analysing","type":"YA","timestamp":"2023-11-09 13:18:27"},{"nodeID":"1316374","text":"Nette: Emma Little-Pengelly: we need to get this addressed","type":"L","timestamp":"2023-11-09 13:18:27"},{"nodeID":"1316375","text":"Asserting","type":"YA","timestamp":"2023-11-09 13:18:27"},{"nodeID":"1316376","text":"Default Rephrase","type":"MA","timestamp":"2023-11-09 13:18:27"},{"nodeID":"1316377","text":"Default Transition","type":"TA","timestamp":"2023-11-09 13:18:27"},{"nodeID":"1316378","text":"Restating","type":"YA","timestamp":"2023-11-09 13:18:27"},{"nodeID":"1316379","text":"we've been talking about the issue of trade borders between Northern Ireland and the United Kingdom for over two years","type":"I","timestamp":"2023-11-09 13:18:28"},{"nodeID":"1316380","text":"Emma Little-Pengelly: We've been talking about this issue for over two years","type":"L","timestamp":"2023-11-09 13:18:28"},{"nodeID":"1316381","text":"Analysing","type":"YA","timestamp":"2023-11-09 13:18:28"},{"nodeID":"1316382","text":"Nette: Emma Little-Pengelly: We've been talking about this issue for over two years","type":"L","timestamp":"2023-11-09 13:18:28"},{"nodeID":"1316383","text":"Asserting","type":"YA","timestamp":"2023-11-09 13:18:28"},{"nodeID":"1316384","text":"Default Transition","type":"TA","timestamp":"2023-11-09 13:18:28"},{"nodeID":"1316385","text":"Default Rephrase","type":"MA","timestamp":"2023-11-09 13:18:28"},{"nodeID":"1316386","text":"Restating","type":"YA","timestamp":"2023-11-09 13:18:28"},{"nodeID":"1316387","text":"the issue of trade borders between Northern Ireland and the United Kingdom has been ignored by the European Union","type":"I","timestamp":"2023-11-09 13:18:29"},{"nodeID":"1316388","text":"Emma Little-Pengelly: it's been ignored by the European Union","type":"L","timestamp":"2023-11-09 13:18:29"},{"nodeID":"1316389","text":"Analysing","type":"YA","timestamp":"2023-11-09 13:18:29"},{"nodeID":"1316390","text":"Nette: Emma Little-Pengelly: it's been ignored by the European Union","type":"L","timestamp":"2023-11-09 13:18:29"},{"nodeID":"1316391","text":"Asserting","type":"YA","timestamp":"2023-11-09 13:18:29"},{"nodeID":"1316392","text":"Default Transition","type":"TA","timestamp":"2023-11-09 13:18:29"},{"nodeID":"1316393","text":"Default Conflict","type":"CA","timestamp":"2023-11-09 13:18:29"},{"nodeID":"1316394","text":"Disagreeing","type":"YA","timestamp":"2023-11-09 13:18:29"},{"nodeID":"1316395","text":"the issue of trade borders between Northern Ireland and the United Kingdom has been ignored by Brussels","type":"I","timestamp":"2023-11-09 13:18:29"},{"nodeID":"1316396","text":"Emma Little-Pengelly: it's been ignored by Brussels","type":"L","timestamp":"2023-11-09 13:18:29"},{"nodeID":"1316397","text":"Analysing","type":"YA","timestamp":"2023-11-09 13:18:29"},{"nodeID":"1316398","text":"Nette: Emma Little-Pengelly: it's been ignored by Brussels","type":"L","timestamp":"2023-11-09 13:18:29"},{"nodeID":"1316399","text":"Asserting","type":"YA","timestamp":"2023-11-09 13:18:29"},{"nodeID":"1316400","text":"Default Transition","type":"TA","timestamp":"2023-11-09 13:18:29"},{"nodeID":"1316401","text":"Default Rephrase","type":"MA","timestamp":"2023-11-09 13:18:29"},{"nodeID":"1316402","text":"Restating","type":"YA","timestamp":"2023-11-09 13:18:29"},{"nodeID":"1316403","text":"there hasn't been an agreement on the issue of trade borders between Northern Ireland and the United Kingdom for the changes that need to happen","type":"I","timestamp":"2023-11-09 13:18:30"},{"nodeID":"1316404","text":"Emma Little-Pengelly: there hasn't been that agreement for the changes that need to happen","type":"L","timestamp":"2023-11-09 13:18:30"},{"nodeID":"1316405","text":"Analysing","type":"YA","timestamp":"2023-11-09 13:18:30"},{"nodeID":"1316406","text":"Nette: Emma Little-Pengelly: there hasn't been that agreement for the changes that need to happen","type":"L","timestamp":"2023-11-09 13:18:30"},{"nodeID":"1316407","text":"Asserting","type":"YA","timestamp":"2023-11-09 13:18:30"},{"nodeID":"1316408","text":"the issue of trade borders between Northern Ireland and the United Kingdom is not just about the United Kingdom and the union, it is also real issues that will impact on everybody","type":"I","timestamp":"2023-11-09 13:18:30"},{"nodeID":"1316409","text":"Emma Little-Pengelly: It's not just about the United Kingdom and the union, it is also real issues that will impact on everybody","type":"L","timestamp":"2023-11-09 13:18:30"},{"nodeID":"1316410","text":"Analysing","type":"YA","timestamp":"2023-11-09 13:18:30"},{"nodeID":"1316411","text":"Nette: Emma Little-Pengelly: It's not just about the United Kingdom and the union, it is also real issues that will impact on everybody","type":"L","timestamp":"2023-11-09 13:18:30"},{"nodeID":"1316412","text":"Asserting","type":"YA","timestamp":"2023-11-09 13:18:30"},{"nodeID":"1316413","text":"Default Transition","type":"TA","timestamp":"2023-11-09 13:18:30"},{"nodeID":"1316414","text":"we need to remember about 90% of the protocol is not even in place yet","type":"I","timestamp":"2023-11-09 13:18:31"},{"nodeID":"1316415","text":"Emma Little-Pengelly: We need to remember about 90% of the protocol is not even in place yet","type":"L","timestamp":"2023-11-09 13:18:31"},{"nodeID":"1316416","text":"Analysing","type":"YA","timestamp":"2023-11-09 13:18:31"},{"nodeID":"1316417","text":"Nette: Emma Little-Pengelly: We need to remember about 90% of the protocol is not even in place yet","type":"L","timestamp":"2023-11-09 13:18:31"},{"nodeID":"1316418","text":"Asserting","type":"YA","timestamp":"2023-11-09 13:18:31"},{"nodeID":"1316419","text":"Default Rephrase","type":"MA","timestamp":"2023-11-09 13:18:31"},{"nodeID":"1316420","text":"Default Transition","type":"TA","timestamp":"2023-11-09 13:18:31"},{"nodeID":"1316421","text":"Restating","type":"YA","timestamp":"2023-11-09 13:18:31"},{"nodeID":"1316422","text":"the panel does or does not agree that the Northern Ireland protocol undermines the cherished citizenship in the United Kingdom","type":"I","timestamp":"2023-11-09 13:18:32"},{"nodeID":"1316423","text":"AudienceMember 20220609QT243: Do agree","type":"L","timestamp":"2023-11-09 13:18:32"},{"nodeID":"1316424","text":"Analysing","type":"YA","timestamp":"2023-11-09 13:18:32"},{"nodeID":"1316425","text":"Nette: AudienceMember 20220609QT243: Do agree","type":"L","timestamp":"2023-11-09 13:18:32"},{"nodeID":"1316426","text":"Pure Questioning","type":"YA","timestamp":"2023-11-09 13:18:32"},{"nodeID":"1316427","text":"Default Transition","type":"TA","timestamp":"2023-11-09 13:18:32"},{"nodeID":"1316428","text":"Default Transition","type":"TA","timestamp":"2023-11-09 13:18:32"},{"nodeID":"1316429","text":"Default Rephrase","type":"MA","timestamp":"2023-11-09 13:18:32"},{"nodeID":"1316430","text":"Restating","type":"YA","timestamp":"2023-11-09 13:18:32"}],"edges":[{"edgeID":"1727874","fromID":"1316267","toID":"1316266","formEdgeID":null},{"edgeID":"1727875","fromID":"1316268","toID":"1316267","formEdgeID":null},{"edgeID":"1727876","fromID":"1316266","toID":"1316269","formEdgeID":null},{"edgeID":"1727877","fromID":"1316269","toID":"1316265","formEdgeID":null},{"edgeID":"1727878","fromID":"1316272","toID":"1316271","formEdgeID":null},{"edgeID":"1727879","fromID":"1316273","toID":"1316272","formEdgeID":null},{"edgeID":"1727880","fromID":"1316271","toID":"1316274","formEdgeID":null},{"edgeID":"1727881","fromID":"1316274","toID":"1316270","formEdgeID":null},{"edgeID":"1727882","fromID":"1316266","toID":"1316275","formEdgeID":null},{"edgeID":"1727883","fromID":"1316275","toID":"1316271","formEdgeID":null},{"edgeID":"1727884","fromID":"1316270","toID":"1316276","formEdgeID":null},{"edgeID":"1727885","fromID":"1316276","toID":"1316265","formEdgeID":null},{"edgeID":"1727886","fromID":"1316275","toID":"1316277","formEdgeID":null},{"edgeID":"1727887","fromID":"1316277","toID":"1316276","formEdgeID":null},{"edgeID":"1727888","fromID":"1316279","toID":"1316264","formEdgeID":null},{"edgeID":"1727889","fromID":"1316280","toID":"1316279","formEdgeID":null},{"edgeID":"1727890","fromID":"1316264","toID":"1316281","formEdgeID":null},{"edgeID":"1727891","fromID":"1316281","toID":"1316278","formEdgeID":null},{"edgeID":"1727892","fromID":"1316271","toID":"1316282","formEdgeID":null},{"edgeID":"1727893","fromID":"1316282","toID":"1316264","formEdgeID":null},{"edgeID":"1727894","fromID":"1316284","toID":"1316283","formEdgeID":null},{"edgeID":"1727895","fromID":"1316285","toID":"1316284","formEdgeID":null},{"edgeID":"1727896","fromID":"1316283","toID":"1316286","formEdgeID":null},{"edgeID":"1727897","fromID":"1316286","toID":"1316265","formEdgeID":null},{"edgeID":"1727898","fromID":"1316264","toID":"1316287","formEdgeID":null},{"edgeID":"1727899","fromID":"1316287","toID":"1316283","formEdgeID":null},{"edgeID":"1727900","fromID":"1316265","toID":"1316288","formEdgeID":null},{"edgeID":"1727901","fromID":"1316288","toID":"1316278","formEdgeID":null},{"edgeID":"1727902","fromID":"1316287","toID":"1316289","formEdgeID":null},{"edgeID":"1727903","fromID":"1316289","toID":"1316288","formEdgeID":null},{"edgeID":"1727904","fromID":"1316291","toID":"1316290","formEdgeID":null},{"edgeID":"1727905","fromID":"1316292","toID":"1316291","formEdgeID":null},{"edgeID":"1727906","fromID":"1316283","toID":"1316293","formEdgeID":null},{"edgeID":"1727907","fromID":"1316293","toID":"1316290","formEdgeID":null},{"edgeID":"1727908","fromID":"1316296","toID":"1316295","formEdgeID":null},{"edgeID":"1727909","fromID":"1316297","toID":"1316296","formEdgeID":null},{"edgeID":"1727910","fromID":"1316295","toID":"1316298","formEdgeID":null},{"edgeID":"1727911","fromID":"1316298","toID":"1316294","formEdgeID":null},{"edgeID":"1727912","fromID":"1316290","toID":"1316299","formEdgeID":null},{"edgeID":"1727913","fromID":"1316299","toID":"1316295","formEdgeID":null},{"edgeID":"1727914","fromID":"1316294","toID":"1316300","formEdgeID":null},{"edgeID":"1727915","fromID":"1316300","toID":"1316265","formEdgeID":null},{"edgeID":"1727916","fromID":"1316299","toID":"1316301","formEdgeID":null},{"edgeID":"1727917","fromID":"1316301","toID":"1316300","formEdgeID":null},{"edgeID":"1727918","fromID":"1316304","toID":"1316303","formEdgeID":null},{"edgeID":"1727919","fromID":"1316305","toID":"1316304","formEdgeID":null},{"edgeID":"1727920","fromID":"1316303","toID":"1316306","formEdgeID":null},{"edgeID":"1727921","fromID":"1316306","toID":"1316302","formEdgeID":null},{"edgeID":"1727922","fromID":"1316309","toID":"1316308","formEdgeID":null},{"edgeID":"1727923","fromID":"1316310","toID":"1316309","formEdgeID":null},{"edgeID":"1727924","fromID":"1316308","toID":"1316311","formEdgeID":null},{"edgeID":"1727925","fromID":"1316311","toID":"1316307","formEdgeID":null},{"edgeID":"1727926","fromID":"1316303","toID":"1316312","formEdgeID":null},{"edgeID":"1727927","fromID":"1316312","toID":"1316308","formEdgeID":null},{"edgeID":"1727928","fromID":"1316302","toID":"1316313","formEdgeID":null},{"edgeID":"1727929","fromID":"1316313","toID":"1316307","formEdgeID":null},{"edgeID":"1727930","fromID":"1316312","toID":"1316314","formEdgeID":null},{"edgeID":"1727931","fromID":"1316314","toID":"1316313","formEdgeID":null},{"edgeID":"1727932","fromID":"1316317","toID":"1316316","formEdgeID":null},{"edgeID":"1727933","fromID":"1316318","toID":"1316317","formEdgeID":null},{"edgeID":"1727934","fromID":"1316316","toID":"1316319","formEdgeID":null},{"edgeID":"1727935","fromID":"1316319","toID":"1316315","formEdgeID":null},{"edgeID":"1727936","fromID":"1316308","toID":"1316320","formEdgeID":null},{"edgeID":"1727937","fromID":"1316320","toID":"1316316","formEdgeID":null},{"edgeID":"1727938","fromID":"1316322","toID":"1316321","formEdgeID":null},{"edgeID":"1727939","fromID":"1316323","toID":"1316322","formEdgeID":null},{"edgeID":"1727940","fromID":"1316308","toID":"1316324","formEdgeID":null},{"edgeID":"1727941","fromID":"1316324","toID":"1316321","formEdgeID":null},{"edgeID":"1727942","fromID":"1316324","toID":"1316325","formEdgeID":null},{"edgeID":"1727943","fromID":"1316325","toID":"1316307","formEdgeID":null},{"edgeID":"1727944","fromID":"1316293","toID":"1316326","formEdgeID":null},{"edgeID":"1727945","fromID":"1316326","toID":"1316265","formEdgeID":null},{"edgeID":"1727946","fromID":"1316329","toID":"1316328","formEdgeID":null},{"edgeID":"1727947","fromID":"1316330","toID":"1316329","formEdgeID":null},{"edgeID":"1727948","fromID":"1316328","toID":"1316331","formEdgeID":null},{"edgeID":"1727949","fromID":"1316331","toID":"1316327","formEdgeID":null},{"edgeID":"1727950","fromID":"1316321","toID":"1316332","formEdgeID":null},{"edgeID":"1727951","fromID":"1316332","toID":"1316328","formEdgeID":null},{"edgeID":"1727952","fromID":"1316335","toID":"1316334","formEdgeID":null},{"edgeID":"1727953","fromID":"1316336","toID":"1316335","formEdgeID":null},{"edgeID":"1727954","fromID":"1316334","toID":"1316337","formEdgeID":null},{"edgeID":"1727955","fromID":"1316337","toID":"1316333","formEdgeID":null},{"edgeID":"1727956","fromID":"1316328","toID":"1316338","formEdgeID":null},{"edgeID":"1727957","fromID":"1316338","toID":"1316334","formEdgeID":null},{"edgeID":"1727958","fromID":"1316341","toID":"1316340","formEdgeID":null},{"edgeID":"1727959","fromID":"1316342","toID":"1316341","formEdgeID":null},{"edgeID":"1727960","fromID":"1316340","toID":"1316343","formEdgeID":null},{"edgeID":"1727961","fromID":"1316343","toID":"1316339","formEdgeID":null},{"edgeID":"1727962","fromID":"1316328","toID":"1316344","formEdgeID":null},{"edgeID":"1727963","fromID":"1316344","toID":"1316340","formEdgeID":null},{"edgeID":"1727964","fromID":"1316333","toID":"1316345","formEdgeID":null},{"edgeID":"1727965","fromID":"1316345","toID":"1316327","formEdgeID":null},{"edgeID":"1727966","fromID":"1316339","toID":"1316346","formEdgeID":null},{"edgeID":"1727967","fromID":"1316346","toID":"1316327","formEdgeID":null},{"edgeID":"1727968","fromID":"1316344","toID":"1316347","formEdgeID":null},{"edgeID":"1727969","fromID":"1316347","toID":"1316346","formEdgeID":null},{"edgeID":"1727970","fromID":"1316338","toID":"1316348","formEdgeID":null},{"edgeID":"1727971","fromID":"1316348","toID":"1316345","formEdgeID":null},{"edgeID":"1727972","fromID":"1316351","toID":"1316350","formEdgeID":null},{"edgeID":"1727973","fromID":"1316352","toID":"1316351","formEdgeID":null},{"edgeID":"1727974","fromID":"1316350","toID":"1316353","formEdgeID":null},{"edgeID":"1727975","fromID":"1316353","toID":"1316349","formEdgeID":null},{"edgeID":"1727976","fromID":"1316340","toID":"1316354","formEdgeID":null},{"edgeID":"1727977","fromID":"1316354","toID":"1316350","formEdgeID":null},{"edgeID":"1727978","fromID":"1316357","toID":"1316356","formEdgeID":null},{"edgeID":"1727979","fromID":"1316358","toID":"1316357","formEdgeID":null},{"edgeID":"1727980","fromID":"1316356","toID":"1316359","formEdgeID":null},{"edgeID":"1727981","fromID":"1316359","toID":"1316355","formEdgeID":null},{"edgeID":"1727982","fromID":"1316350","toID":"1316360","formEdgeID":null},{"edgeID":"1727983","fromID":"1316360","toID":"1316356","formEdgeID":null},{"edgeID":"1727984","fromID":"1316355","toID":"1316361","formEdgeID":null},{"edgeID":"1727985","fromID":"1316361","toID":"1316349","formEdgeID":null},{"edgeID":"1727986","fromID":"1316360","toID":"1316362","formEdgeID":null},{"edgeID":"1727987","fromID":"1316362","toID":"1316361","formEdgeID":null},{"edgeID":"1727988","fromID":"1316365","toID":"1316364","formEdgeID":null},{"edgeID":"1727989","fromID":"1316366","toID":"1316365","formEdgeID":null},{"edgeID":"1727990","fromID":"1316364","toID":"1316367","formEdgeID":null},{"edgeID":"1727991","fromID":"1316367","toID":"1316363","formEdgeID":null},{"edgeID":"1727992","fromID":"1316356","toID":"1316368","formEdgeID":null},{"edgeID":"1727993","fromID":"1316368","toID":"1316364","formEdgeID":null},{"edgeID":"1727994","fromID":"1316363","toID":"1316369","formEdgeID":null},{"edgeID":"1727995","fromID":"1316369","toID":"1316355","formEdgeID":null},{"edgeID":"1727996","fromID":"1316368","toID":"1316370","formEdgeID":null},{"edgeID":"1727997","fromID":"1316370","toID":"1316369","formEdgeID":null},{"edgeID":"1727998","fromID":"1316373","toID":"1316372","formEdgeID":null},{"edgeID":"1727999","fromID":"1316374","toID":"1316373","formEdgeID":null},{"edgeID":"1728000","fromID":"1316372","toID":"1316375","formEdgeID":null},{"edgeID":"1728001","fromID":"1316375","toID":"1316371","formEdgeID":null},{"edgeID":"1728002","fromID":"1316371","toID":"1316376","formEdgeID":null},{"edgeID":"1728003","fromID":"1316376","toID":"1316363","formEdgeID":null},{"edgeID":"1728004","fromID":"1316364","toID":"1316377","formEdgeID":null},{"edgeID":"1728005","fromID":"1316377","toID":"1316372","formEdgeID":null},{"edgeID":"1728006","fromID":"1316377","toID":"1316378","formEdgeID":null},{"edgeID":"1728007","fromID":"1316378","toID":"1316376","formEdgeID":null},{"edgeID":"1728008","fromID":"1316381","toID":"1316380","formEdgeID":null},{"edgeID":"1728009","fromID":"1316382","toID":"1316381","formEdgeID":null},{"edgeID":"1728010","fromID":"1316380","toID":"1316383","formEdgeID":null},{"edgeID":"1728011","fromID":"1316383","toID":"1316379","formEdgeID":null},{"edgeID":"1728012","fromID":"1316372","toID":"1316384","formEdgeID":null},{"edgeID":"1728013","fromID":"1316384","toID":"1316380","formEdgeID":null},{"edgeID":"1728014","fromID":"1316379","toID":"1316385","formEdgeID":null},{"edgeID":"1728015","fromID":"1316385","toID":"1316371","formEdgeID":null},{"edgeID":"1728016","fromID":"1316384","toID":"1316386","formEdgeID":null},{"edgeID":"1728017","fromID":"1316386","toID":"1316385","formEdgeID":null},{"edgeID":"1728018","fromID":"1316389","toID":"1316388","formEdgeID":null},{"edgeID":"1728019","fromID":"1316390","toID":"1316389","formEdgeID":null},{"edgeID":"1728020","fromID":"1316388","toID":"1316391","formEdgeID":null},{"edgeID":"1728021","fromID":"1316391","toID":"1316387","formEdgeID":null},{"edgeID":"1728022","fromID":"1316380","toID":"1316392","formEdgeID":null},{"edgeID":"1728023","fromID":"1316392","toID":"1316388","formEdgeID":null},{"edgeID":"1728024","fromID":"1316387","toID":"1316393","formEdgeID":null},{"edgeID":"1728025","fromID":"1316393","toID":"1316379","formEdgeID":null},{"edgeID":"1728026","fromID":"1316392","toID":"1316394","formEdgeID":null},{"edgeID":"1728027","fromID":"1316394","toID":"1316393","formEdgeID":null},{"edgeID":"1728028","fromID":"1316397","toID":"1316396","formEdgeID":null},{"edgeID":"1728029","fromID":"1316398","toID":"1316397","formEdgeID":null},{"edgeID":"1728030","fromID":"1316396","toID":"1316399","formEdgeID":null},{"edgeID":"1728031","fromID":"1316399","toID":"1316395","formEdgeID":null},{"edgeID":"1728032","fromID":"1316388","toID":"1316400","formEdgeID":null},{"edgeID":"1728033","fromID":"1316400","toID":"1316396","formEdgeID":null},{"edgeID":"1728034","fromID":"1316395","toID":"1316401","formEdgeID":null},{"edgeID":"1728035","fromID":"1316401","toID":"1316387","formEdgeID":null},{"edgeID":"1728036","fromID":"1316400","toID":"1316402","formEdgeID":null},{"edgeID":"1728037","fromID":"1316402","toID":"1316401","formEdgeID":null},{"edgeID":"1728038","fromID":"1316405","toID":"1316404","formEdgeID":null},{"edgeID":"1728039","fromID":"1316406","toID":"1316405","formEdgeID":null},{"edgeID":"1728040","fromID":"1316404","toID":"1316407","formEdgeID":null},{"edgeID":"1728041","fromID":"1316407","toID":"1316403","formEdgeID":null},{"edgeID":"1728042","fromID":"1316410","toID":"1316409","formEdgeID":null},{"edgeID":"1728043","fromID":"1316411","toID":"1316410","formEdgeID":null},{"edgeID":"1728044","fromID":"1316409","toID":"1316412","formEdgeID":null},{"edgeID":"1728045","fromID":"1316412","toID":"1316408","formEdgeID":null},{"edgeID":"1728046","fromID":"1316404","toID":"1316413","formEdgeID":null},{"edgeID":"1728047","fromID":"1316413","toID":"1316409","formEdgeID":null},{"edgeID":"1728048","fromID":"1316416","toID":"1316415","formEdgeID":null},{"edgeID":"1728049","fromID":"1316417","toID":"1316416","formEdgeID":null},{"edgeID":"1728050","fromID":"1316415","toID":"1316418","formEdgeID":null},{"edgeID":"1728051","fromID":"1316418","toID":"1316414","formEdgeID":null},{"edgeID":"1728052","fromID":"1316414","toID":"1316419","formEdgeID":null},{"edgeID":"1728053","fromID":"1316419","toID":"1316403","formEdgeID":null},{"edgeID":"1728054","fromID":"1316404","toID":"1316420","formEdgeID":null},{"edgeID":"1728055","fromID":"1316420","toID":"1316415","formEdgeID":null},{"edgeID":"1728056","fromID":"1316420","toID":"1316421","formEdgeID":null},{"edgeID":"1728057","fromID":"1316421","toID":"1316419","formEdgeID":null},{"edgeID":"1728058","fromID":"1316424","toID":"1316423","formEdgeID":null},{"edgeID":"1728059","fromID":"1316425","toID":"1316424","formEdgeID":null},{"edgeID":"1728060","fromID":"1316423","toID":"1316426","formEdgeID":null},{"edgeID":"1728061","fromID":"1316426","toID":"1316422","formEdgeID":null},{"edgeID":"1728062","fromID":"1316266","toID":"1316427","formEdgeID":null},{"edgeID":"1728063","fromID":"1316427","toID":"1316423","formEdgeID":null},{"edgeID":"1728064","fromID":"1316294","toID":"1316313","formEdgeID":null},{"edgeID":"1728065","fromID":"1316295","toID":"1316312","formEdgeID":null},{"edgeID":"1728066","fromID":"1316396","toID":"1316428","formEdgeID":null},{"edgeID":"1728067","fromID":"1316428","toID":"1316404","formEdgeID":null},{"edgeID":"1728068","fromID":"1316403","toID":"1316429","formEdgeID":null},{"edgeID":"1728069","fromID":"1316429","toID":"1316395","formEdgeID":null},{"edgeID":"1728070","fromID":"1316428","toID":"1316430","formEdgeID":null},{"edgeID":"1728071","fromID":"1316430","toID":"1316429","formEdgeID":null}],"locutions":[]}