{"nodes":[{"nodeID":"1316037","text":"the lockdowns in China and the war in Ukraine all happened before last week","type":"I","timestamp":"2023-11-09 13:18:01"},{"nodeID":"1316038","text":"Fiona Bruce: This all happened before last week","type":"L","timestamp":"2023-11-09 13:18:01"},{"nodeID":"1316039","text":"Analysing","type":"YA","timestamp":"2023-11-09 13:18:01"},{"nodeID":"1316040","text":"Anna : Fiona Bruce: This all happened before last week","type":"L","timestamp":"2023-11-09 13:18:01"},{"nodeID":"1316041","text":"Asserting","type":"YA","timestamp":"2023-11-09 13:18:01"},{"nodeID":"1316042","text":"xxx is why Robert Buckland voted against the windfall tax last week","type":"I","timestamp":"2023-11-09 13:18:01"},{"nodeID":"1316043","text":"Fiona Bruce: so why did you vote against it last week","type":"L","timestamp":"2023-11-09 13:18:01"},{"nodeID":"1316044","text":"Analysing","type":"YA","timestamp":"2023-11-09 13:18:01"},{"nodeID":"1316045","text":"Anna : Fiona Bruce: so why did you vote against it last week","type":"L","timestamp":"2023-11-09 13:18:01"},{"nodeID":"1316046","text":"Assertive Questioning","type":"YA","timestamp":"2023-11-09 13:18:01"},{"nodeID":"1316047","text":"Robert Buckland is in favour of the windfall tax tonight","type":"I","timestamp":"2023-11-09 13:18:02"},{"nodeID":"1316048","text":"Fiona Bruce: and you're in favour of it tonight","type":"L","timestamp":"2023-11-09 13:18:02"},{"nodeID":"1316049","text":"Analysing","type":"YA","timestamp":"2023-11-09 13:18:02"},{"nodeID":"1316050","text":"Anna : Fiona Bruce: and you're in favour of it tonight","type":"L","timestamp":"2023-11-09 13:18:02"},{"nodeID":"1316051","text":"Assertive Challenging","type":"YA","timestamp":"2023-11-09 13:18:02"},{"nodeID":"1316052","text":"last week, Labour put forward their proposal","type":"I","timestamp":"2023-11-09 13:18:02"},{"nodeID":"1316053","text":"Robert Buckland: Because last week, Labour put forward their proposal","type":"L","timestamp":"2023-11-09 13:18:03"},{"nodeID":"1316054","text":"Analysing","type":"YA","timestamp":"2023-11-09 13:18:03"},{"nodeID":"1316055","text":"Anna : Robert Buckland: Because last week, Labour put forward their proposal","type":"L","timestamp":"2023-11-09 13:18:03"},{"nodeID":"1316056","text":"Asserting","type":"YA","timestamp":"2023-11-09 13:18:03"},{"nodeID":"1316057","text":"what we see today is frankly a windfall tax","type":"I","timestamp":"2023-11-09 13:18:03"},{"nodeID":"1316058","text":"Robert Buckland: what we see today is frankly a windfall tax","type":"L","timestamp":"2023-11-09 13:18:03"},{"nodeID":"1316059","text":"Analysing","type":"YA","timestamp":"2023-11-09 13:18:03"},{"nodeID":"1316060","text":"Anna : Robert Buckland: what we see today is frankly a windfall tax","type":"L","timestamp":"2023-11-09 13:18:03"},{"nodeID":"1316061","text":"Asserting","type":"YA","timestamp":"2023-11-09 13:18:03"},{"nodeID":"1316062","text":"Robert Buckland is  prepared to call it a windfall tax","type":"I","timestamp":"2023-11-09 13:18:04"},{"nodeID":"1316063","text":"Robert Buckland:  I'm prepared to call it that","type":"L","timestamp":"2023-11-09 13:18:04"},{"nodeID":"1316064","text":"Analysing","type":"YA","timestamp":"2023-11-09 13:18:04"},{"nodeID":"1316065","text":"Anna : Robert Buckland:  I'm prepared to call it that","type":"L","timestamp":"2023-11-09 13:18:04"},{"nodeID":"1316066","text":"Asserting","type":"YA","timestamp":"2023-11-09 13:18:04"},{"nodeID":"1316067","text":"the windfall tax is a better and stronger proposal than the one the Labour Party proposed","type":"I","timestamp":"2023-11-09 13:18:04"},{"nodeID":"1316068","text":"Robert Buckland:  but it is a better and stronger proposal than the one the Labour Party","type":"L","timestamp":"2023-11-09 13:18:04"},{"nodeID":"1316069","text":"Analysing","type":"YA","timestamp":"2023-11-09 13:18:04"},{"nodeID":"1316070","text":"Anna : Robert Buckland:  but it is a better and stronger proposal than the one the Labour Party","type":"L","timestamp":"2023-11-09 13:18:04"},{"nodeID":"1316071","text":"Asserting","type":"YA","timestamp":"2023-11-09 13:18:04"},{"nodeID":"1316072","text":"the Tory party's proposal raises \u00a35 billion in a year","type":"I","timestamp":"2023-11-09 13:18:05"},{"nodeID":"1316073","text":"Robert Buckland: This proposal raises \u00a35 billion in a year","type":"L","timestamp":"2023-11-09 13:18:05"},{"nodeID":"1316074","text":"Analysing","type":"YA","timestamp":"2023-11-09 13:18:05"},{"nodeID":"1316075","text":"Anna : Robert Buckland: This proposal raises \u00a35 billion in a year","type":"L","timestamp":"2023-11-09 13:18:05"},{"nodeID":"1316076","text":"Asserting","type":"YA","timestamp":"2023-11-09 13:18:05"},{"nodeID":"1316077","text":"Labour's proposal raises only two billion year","type":"I","timestamp":"2023-11-09 13:18:06"},{"nodeID":"1316078","text":"Robert Buckland: yours only two billion","type":"L","timestamp":"2023-11-09 13:18:06"},{"nodeID":"1316079","text":"Analysing","type":"YA","timestamp":"2023-11-09 13:18:06"},{"nodeID":"1316080","text":"Anna : Robert Buckland: yours only two billion","type":"L","timestamp":"2023-11-09 13:18:06"},{"nodeID":"1316081","text":"Asserting","type":"YA","timestamp":"2023-11-09 13:18:06"},{"nodeID":"1316082","text":"the proposal contains an important incentive on these companies to invest in the future of energy to make it greener","type":"I","timestamp":"2023-11-09 13:18:06"},{"nodeID":"1316083","text":"Robert Buckland:  It contains an important incentive on these companies to invest in the future of energy to make it greener","type":"L","timestamp":"2023-11-09 13:18:06"},{"nodeID":"1316084","text":"Analysing","type":"YA","timestamp":"2023-11-09 13:18:06"},{"nodeID":"1316085","text":"Anna : Robert Buckland:  It contains an important incentive on these companies to invest in the future of energy to make it greener","type":"L","timestamp":"2023-11-09 13:18:06"},{"nodeID":"1316086","text":"Asserting","type":"YA","timestamp":"2023-11-09 13:18:06"},{"nodeID":"1316087","text":"the companies will get a significant tax incentive from making energy greener","type":"I","timestamp":"2023-11-09 13:18:07"},{"nodeID":"1316088","text":"Robert Buckland:  and they will get a significant tax incentive from doing that","type":"L","timestamp":"2023-11-09 13:18:07"},{"nodeID":"1316089","text":"Analysing","type":"YA","timestamp":"2023-11-09 13:18:07"},{"nodeID":"1316090","text":"Anna : Robert Buckland:  and they will get a significant tax incentive from doing that","type":"L","timestamp":"2023-11-09 13:18:07"},{"nodeID":"1316091","text":"Asserting","type":"YA","timestamp":"2023-11-09 13:18:07"},{"nodeID":"1316092","text":"you can call it a windfall tax","type":"I","timestamp":"2023-11-09 13:18:07"},{"nodeID":"1316093","text":"Robert Buckland: whilst you can call it a windfall tax","type":"L","timestamp":"2023-11-09 13:18:07"},{"nodeID":"1316094","text":"Analysing","type":"YA","timestamp":"2023-11-09 13:18:07"},{"nodeID":"1316095","text":"Anna : Robert Buckland: whilst you can call it a windfall tax","type":"L","timestamp":"2023-11-09 13:18:07"},{"nodeID":"1316096","text":"Asserting","type":"YA","timestamp":"2023-11-09 13:18:07"},{"nodeID":"1316097","text":"actually, Robert Buckland doesn't care what you call it","type":"I","timestamp":"2023-11-09 13:18:08"},{"nodeID":"1316098","text":"Robert Buckland: actually, I don't care what you call it","type":"L","timestamp":"2023-11-09 13:18:08"},{"nodeID":"1316099","text":"Analysing","type":"YA","timestamp":"2023-11-09 13:18:08"},{"nodeID":"1316100","text":"Anna : Robert Buckland: actually, I don't care what you call it","type":"L","timestamp":"2023-11-09 13:18:08"},{"nodeID":"1316101","text":"Asserting","type":"YA","timestamp":"2023-11-09 13:18:08"},{"nodeID":"1316102","text":"the Tories' proposal,  it is about the effect it will have","type":"I","timestamp":"2023-11-09 13:18:09"},{"nodeID":"1316103","text":"Robert Buckland: so this proposal, whilst you can call it a windfall tax - actually, I don't care what you call it, it is about the effect it will have","type":"L","timestamp":"2023-11-09 13:18:09"},{"nodeID":"1316104","text":"Analysing","type":"YA","timestamp":"2023-11-09 13:18:09"},{"nodeID":"1316105","text":"Anna : Robert Buckland: so this proposal, whilst you can call it a windfall tax - actually, I don't care what you call it, it is about the effect it will have","type":"L","timestamp":"2023-11-09 13:18:09"},{"nodeID":"1316106","text":"Asserting","type":"YA","timestamp":"2023-11-09 13:18:09"},{"nodeID":"1316107","text":"Default Transition","type":"TA","timestamp":"2023-11-09 13:18:09"},{"nodeID":"1316108","text":"Default Inference","type":"RA","timestamp":"2023-11-09 13:18:09"},{"nodeID":"1316109","text":"Arguing","type":"YA","timestamp":"2023-11-09 13:18:09"},{"nodeID":"1316110","text":"Default Transition","type":"TA","timestamp":"2023-11-09 13:18:09"},{"nodeID":"1316111","text":"Default Inference","type":"RA","timestamp":"2023-11-09 13:18:09"},{"nodeID":"1316112","text":"Arguing","type":"YA","timestamp":"2023-11-09 13:18:09"},{"nodeID":"1316113","text":"Default Rephrase","type":"MA","timestamp":"2023-11-09 13:18:09"},{"nodeID":"1316114","text":"Default Transition","type":"TA","timestamp":"2023-11-09 13:18:09"},{"nodeID":"1316115","text":"Default Illocuting","type":"YA","timestamp":"2023-11-09 13:18:09"},{"nodeID":"1316116","text":"Default Transition","type":"TA","timestamp":"2023-11-09 13:18:09"},{"nodeID":"1316117","text":"Default Rephrase","type":"MA","timestamp":"2023-11-09 13:18:09"},{"nodeID":"1316118","text":"Default Transition","type":"TA","timestamp":"2023-11-09 13:18:09"},{"nodeID":"1316119","text":"Restating","type":"YA","timestamp":"2023-11-09 13:18:09"},{"nodeID":"1316120","text":"Default Inference","type":"RA","timestamp":"2023-11-09 13:18:09"},{"nodeID":"1316121","text":"Default Transition","type":"TA","timestamp":"2023-11-09 13:18:09"},{"nodeID":"1316122","text":"Arguing","type":"YA","timestamp":"2023-11-09 13:18:09"},{"nodeID":"1316123","text":"Default Transition","type":"TA","timestamp":"2023-11-09 13:18:09"},{"nodeID":"1316124","text":"Default Inference","type":"RA","timestamp":"2023-11-09 13:18:09"},{"nodeID":"1316125","text":"Arguing","type":"YA","timestamp":"2023-11-09 13:18:09"},{"nodeID":"1316126","text":"Default Transition","type":"TA","timestamp":"2023-11-09 13:18:09"},{"nodeID":"1316127","text":"Default Transition","type":"TA","timestamp":"2023-11-09 13:18:09"},{"nodeID":"1316128","text":"Default Transition","type":"TA","timestamp":"2023-11-09 13:18:09"},{"nodeID":"1316129","text":"Default Rephrase","type":"MA","timestamp":"2023-11-09 13:18:09"},{"nodeID":"1316130","text":"Restating","type":"YA","timestamp":"2023-11-09 13:18:09"},{"nodeID":"1316131","text":"Default Transition","type":"TA","timestamp":"2023-11-09 13:18:09"},{"nodeID":"1316132","text":"Default Conflict","type":"CA","timestamp":"2023-11-09 13:18:09"},{"nodeID":"1316133","text":"Default Transition","type":"TA","timestamp":"2023-11-09 13:18:09"},{"nodeID":"1316134","text":"Disagreeing","type":"YA","timestamp":"2023-11-09 13:18:09"},{"nodeID":"1316135","text":"Default Transition","type":"TA","timestamp":"2023-11-09 13:18:09"},{"nodeID":"1316136","text":"Default Inference","type":"RA","timestamp":"2023-11-09 13:18:09"},{"nodeID":"1316137","text":"Arguing","type":"YA","timestamp":"2023-11-09 13:18:09"}],"edges":[{"edgeID":"1727603","fromID":"1316039","toID":"1316038","formEdgeID":null},{"edgeID":"1727604","fromID":"1316040","toID":"1316039","formEdgeID":null},{"edgeID":"1727605","fromID":"1316038","toID":"1316041","formEdgeID":null},{"edgeID":"1727606","fromID":"1316041","toID":"1316037","formEdgeID":null},{"edgeID":"1727607","fromID":"1316044","toID":"1316043","formEdgeID":null},{"edgeID":"1727608","fromID":"1316045","toID":"1316044","formEdgeID":null},{"edgeID":"1727609","fromID":"1316043","toID":"1316046","formEdgeID":null},{"edgeID":"1727610","fromID":"1316046","toID":"1316042","formEdgeID":null},{"edgeID":"1727611","fromID":"1316049","toID":"1316048","formEdgeID":null},{"edgeID":"1727612","fromID":"1316050","toID":"1316049","formEdgeID":null},{"edgeID":"1727613","fromID":"1316048","toID":"1316051","formEdgeID":null},{"edgeID":"1727614","fromID":"1316051","toID":"1316047","formEdgeID":null},{"edgeID":"1727615","fromID":"1316054","toID":"1316053","formEdgeID":null},{"edgeID":"1727616","fromID":"1316055","toID":"1316054","formEdgeID":null},{"edgeID":"1727617","fromID":"1316053","toID":"1316056","formEdgeID":null},{"edgeID":"1727618","fromID":"1316056","toID":"1316052","formEdgeID":null},{"edgeID":"1727619","fromID":"1316059","toID":"1316058","formEdgeID":null},{"edgeID":"1727620","fromID":"1316060","toID":"1316059","formEdgeID":null},{"edgeID":"1727621","fromID":"1316058","toID":"1316061","formEdgeID":null},{"edgeID":"1727622","fromID":"1316061","toID":"1316057","formEdgeID":null},{"edgeID":"1727623","fromID":"1316064","toID":"1316063","formEdgeID":null},{"edgeID":"1727624","fromID":"1316065","toID":"1316064","formEdgeID":null},{"edgeID":"1727625","fromID":"1316063","toID":"1316066","formEdgeID":null},{"edgeID":"1727626","fromID":"1316066","toID":"1316062","formEdgeID":null},{"edgeID":"1727627","fromID":"1316069","toID":"1316068","formEdgeID":null},{"edgeID":"1727628","fromID":"1316070","toID":"1316069","formEdgeID":null},{"edgeID":"1727629","fromID":"1316068","toID":"1316071","formEdgeID":null},{"edgeID":"1727630","fromID":"1316071","toID":"1316067","formEdgeID":null},{"edgeID":"1727631","fromID":"1316074","toID":"1316073","formEdgeID":null},{"edgeID":"1727632","fromID":"1316075","toID":"1316074","formEdgeID":null},{"edgeID":"1727633","fromID":"1316073","toID":"1316076","formEdgeID":null},{"edgeID":"1727634","fromID":"1316076","toID":"1316072","formEdgeID":null},{"edgeID":"1727635","fromID":"1316079","toID":"1316078","formEdgeID":null},{"edgeID":"1727636","fromID":"1316080","toID":"1316079","formEdgeID":null},{"edgeID":"1727637","fromID":"1316078","toID":"1316081","formEdgeID":null},{"edgeID":"1727638","fromID":"1316081","toID":"1316077","formEdgeID":null},{"edgeID":"1727639","fromID":"1316084","toID":"1316083","formEdgeID":null},{"edgeID":"1727640","fromID":"1316085","toID":"1316084","formEdgeID":null},{"edgeID":"1727641","fromID":"1316083","toID":"1316086","formEdgeID":null},{"edgeID":"1727642","fromID":"1316086","toID":"1316082","formEdgeID":null},{"edgeID":"1727643","fromID":"1316089","toID":"1316088","formEdgeID":null},{"edgeID":"1727644","fromID":"1316090","toID":"1316089","formEdgeID":null},{"edgeID":"1727645","fromID":"1316088","toID":"1316091","formEdgeID":null},{"edgeID":"1727646","fromID":"1316091","toID":"1316087","formEdgeID":null},{"edgeID":"1727647","fromID":"1316094","toID":"1316093","formEdgeID":null},{"edgeID":"1727648","fromID":"1316095","toID":"1316094","formEdgeID":null},{"edgeID":"1727649","fromID":"1316093","toID":"1316096","formEdgeID":null},{"edgeID":"1727650","fromID":"1316096","toID":"1316092","formEdgeID":null},{"edgeID":"1727651","fromID":"1316099","toID":"1316098","formEdgeID":null},{"edgeID":"1727652","fromID":"1316100","toID":"1316099","formEdgeID":null},{"edgeID":"1727653","fromID":"1316098","toID":"1316101","formEdgeID":null},{"edgeID":"1727654","fromID":"1316101","toID":"1316097","formEdgeID":null},{"edgeID":"1727655","fromID":"1316104","toID":"1316103","formEdgeID":null},{"edgeID":"1727656","fromID":"1316105","toID":"1316104","formEdgeID":null},{"edgeID":"1727657","fromID":"1316103","toID":"1316106","formEdgeID":null},{"edgeID":"1727658","fromID":"1316106","toID":"1316102","formEdgeID":null},{"edgeID":"1727659","fromID":"1316038","toID":"1316107","formEdgeID":null},{"edgeID":"1727660","fromID":"1316107","toID":"1316043","formEdgeID":null},{"edgeID":"1727661","fromID":"1316037","toID":"1316108","formEdgeID":null},{"edgeID":"1727662","fromID":"1316108","toID":"1316042","formEdgeID":null},{"edgeID":"1727663","fromID":"1316107","toID":"1316109","formEdgeID":null},{"edgeID":"1727664","fromID":"1316109","toID":"1316108","formEdgeID":null},{"edgeID":"1727665","fromID":"1316043","toID":"1316110","formEdgeID":null},{"edgeID":"1727666","fromID":"1316110","toID":"1316048","formEdgeID":null},{"edgeID":"1727667","fromID":"1316047","toID":"1316111","formEdgeID":null},{"edgeID":"1727668","fromID":"1316111","toID":"1316042","formEdgeID":null},{"edgeID":"1727669","fromID":"1316110","toID":"1316112","formEdgeID":null},{"edgeID":"1727670","fromID":"1316112","toID":"1316111","formEdgeID":null},{"edgeID":"1727671","fromID":"1316052","toID":"1316113","formEdgeID":null},{"edgeID":"1727672","fromID":"1316113","toID":"1316042","formEdgeID":null},{"edgeID":"1727673","fromID":"1316043","toID":"1316114","formEdgeID":null},{"edgeID":"1727674","fromID":"1316114","toID":"1316053","formEdgeID":null},{"edgeID":"1727675","fromID":"1316114","toID":"1316115","formEdgeID":null},{"edgeID":"1727676","fromID":"1316115","toID":"1316113","formEdgeID":null},{"edgeID":"1727677","fromID":"1316053","toID":"1316116","formEdgeID":null},{"edgeID":"1727678","fromID":"1316116","toID":"1316058","formEdgeID":null},{"edgeID":"1727679","fromID":"1316062","toID":"1316117","formEdgeID":null},{"edgeID":"1727680","fromID":"1316117","toID":"1316057","formEdgeID":null},{"edgeID":"1727681","fromID":"1316058","toID":"1316118","formEdgeID":null},{"edgeID":"1727682","fromID":"1316118","toID":"1316063","formEdgeID":null},{"edgeID":"1727683","fromID":"1316118","toID":"1316119","formEdgeID":null},{"edgeID":"1727684","fromID":"1316119","toID":"1316117","formEdgeID":null},{"edgeID":"1727685","fromID":"1316067","toID":"1316120","formEdgeID":null},{"edgeID":"1727686","fromID":"1316120","toID":"1316047","formEdgeID":null},{"edgeID":"1727687","fromID":"1316048","toID":"1316121","formEdgeID":null},{"edgeID":"1727688","fromID":"1316121","toID":"1316068","formEdgeID":null},{"edgeID":"1727689","fromID":"1316121","toID":"1316122","formEdgeID":null},{"edgeID":"1727690","fromID":"1316122","toID":"1316120","formEdgeID":null},{"edgeID":"1727691","fromID":"1316068","toID":"1316123","formEdgeID":null},{"edgeID":"1727692","fromID":"1316123","toID":"1316073","formEdgeID":null},{"edgeID":"1727693","fromID":"1316072","toID":"1316124","formEdgeID":null},{"edgeID":"1727694","fromID":"1316124","toID":"1316067","formEdgeID":null},{"edgeID":"1727695","fromID":"1316123","toID":"1316125","formEdgeID":null},{"edgeID":"1727696","fromID":"1316125","toID":"1316124","formEdgeID":null},{"edgeID":"1727697","fromID":"1316077","toID":"1316124","formEdgeID":null},{"edgeID":"1727698","fromID":"1316068","toID":"1316126","formEdgeID":null},{"edgeID":"1727699","fromID":"1316126","toID":"1316078","formEdgeID":null},{"edgeID":"1727700","fromID":"1316078","toID":"1316127","formEdgeID":null},{"edgeID":"1727701","fromID":"1316127","toID":"1316083","formEdgeID":null},{"edgeID":"1727702","fromID":"1316083","toID":"1316128","formEdgeID":null},{"edgeID":"1727703","fromID":"1316128","toID":"1316088","formEdgeID":null},{"edgeID":"1727704","fromID":"1316087","toID":"1316129","formEdgeID":null},{"edgeID":"1727705","fromID":"1316129","toID":"1316082","formEdgeID":null},{"edgeID":"1727706","fromID":"1316128","toID":"1316130","formEdgeID":null},{"edgeID":"1727707","fromID":"1316130","toID":"1316129","formEdgeID":null},{"edgeID":"1727708","fromID":"1316088","toID":"1316131","formEdgeID":null},{"edgeID":"1727709","fromID":"1316131","toID":"1316093","formEdgeID":null},{"edgeID":"1727710","fromID":"1316097","toID":"1316132","formEdgeID":null},{"edgeID":"1727711","fromID":"1316132","toID":"1316092","formEdgeID":null},{"edgeID":"1727712","fromID":"1316093","toID":"1316133","formEdgeID":null},{"edgeID":"1727713","fromID":"1316133","toID":"1316098","formEdgeID":null},{"edgeID":"1727714","fromID":"1316133","toID":"1316134","formEdgeID":null},{"edgeID":"1727715","fromID":"1316134","toID":"1316132","formEdgeID":null},{"edgeID":"1727716","fromID":"1316098","toID":"1316135","formEdgeID":null},{"edgeID":"1727717","fromID":"1316135","toID":"1316103","formEdgeID":null},{"edgeID":"1727718","fromID":"1316102","toID":"1316136","formEdgeID":null},{"edgeID":"1727719","fromID":"1316136","toID":"1316097","formEdgeID":null},{"edgeID":"1727720","fromID":"1316135","toID":"1316137","formEdgeID":null},{"edgeID":"1727721","fromID":"1316137","toID":"1316136","formEdgeID":null}],"locutions":[]}