{"nodes":[{"nodeID":"1317777","text":"we hear stories about what we heard tonight","type":"I","timestamp":"2023-11-09 13:20:26"},{"nodeID":"1317778","text":"John Finucane: we hear stories about what we heard tonight","type":"L","timestamp":"2023-11-09 13:20:26"},{"nodeID":"1317779","text":"Analysing","type":"YA","timestamp":"2023-11-09 13:20:26"},{"nodeID":"1317780","text":"Nette: John Finucane: we hear stories about what we heard tonight","type":"L","timestamp":"2023-11-09 13:20:26"},{"nodeID":"1317781","text":"Asserting","type":"YA","timestamp":"2023-11-09 13:20:26"},{"nodeID":"1317782","text":"we look at our Health Service","type":"I","timestamp":"2023-11-09 13:20:27"},{"nodeID":"1317783","text":"John Finucane: we look at our Health Service","type":"L","timestamp":"2023-11-09 13:20:27"},{"nodeID":"1317784","text":"Analysing","type":"YA","timestamp":"2023-11-09 13:20:27"},{"nodeID":"1317785","text":"Nette: John Finucane: we look at our Health Service","type":"L","timestamp":"2023-11-09 13:20:27"},{"nodeID":"1317786","text":"Asserting","type":"YA","timestamp":"2023-11-09 13:20:27"},{"nodeID":"1317787","text":"John Finucane doesn't agree with anybody that says everybody else can just suffer because we have a problem with an agreement that the British government and the European Union","type":"I","timestamp":"2023-11-09 13:20:27"},{"nodeID":"1317788","text":"John Finucane: I don't agree with anybody that says everybody else can just suffer because we have a problem with an agreement that the British government and the European Union","type":"L","timestamp":"2023-11-09 13:20:27"},{"nodeID":"1317789","text":"Analysing","type":"YA","timestamp":"2023-11-09 13:20:27"},{"nodeID":"1317790","text":"Nette: John Finucane: I don't agree with anybody that says everybody else can just suffer because we have a problem with an agreement that the British government and the European Union","type":"L","timestamp":"2023-11-09 13:20:27"},{"nodeID":"1317791","text":"Asserting","type":"YA","timestamp":"2023-11-09 13:20:27"},{"nodeID":"1317792","text":"Default Transition","type":"TA","timestamp":"2023-11-09 13:20:27"},{"nodeID":"1317793","text":"Default Inference","type":"RA","timestamp":"2023-11-09 13:20:27"},{"nodeID":"1317794","text":"Arguing","type":"YA","timestamp":"2023-11-09 13:20:27"},{"nodeID":"1317795","text":"Liz Truss takes the legislation through, or there's a negotiation between the EU and the UK","type":"I","timestamp":"2023-11-09 13:20:28"},{"nodeID":"1317796","text":"AudienceMember 20220609QT273: Liz Truss takes the legislation through, or there's a negotiation between the EU and the UK","type":"L","timestamp":"2023-11-09 13:20:28"},{"nodeID":"1317797","text":"Analysing","type":"YA","timestamp":"2023-11-09 13:20:28"},{"nodeID":"1317798","text":"Nette: AudienceMember 20220609QT273: Liz Truss takes the legislation through, or there's a negotiation between the EU and the UK","type":"L","timestamp":"2023-11-09 13:20:28"},{"nodeID":"1317799","text":"Asserting","type":"YA","timestamp":"2023-11-09 13:20:28"},{"nodeID":"1317800","text":"Default Transition","type":"TA","timestamp":"2023-11-09 13:20:28"},{"nodeID":"1317801","text":"you get the assurances you need for the customs and the movement of goods","type":"I","timestamp":"2023-11-09 13:20:28"},{"nodeID":"1317802","text":"AudienceMember 20220609QT273: you get the assurances you need for the customs and the movement of goods","type":"L","timestamp":"2023-11-09 13:20:28"},{"nodeID":"1317803","text":"Analysing","type":"YA","timestamp":"2023-11-09 13:20:28"},{"nodeID":"1317804","text":"Nette: AudienceMember 20220609QT273: you get the assurances you need for the customs and the movement of goods","type":"L","timestamp":"2023-11-09 13:20:28"},{"nodeID":"1317805","text":"Asserting","type":"YA","timestamp":"2023-11-09 13:20:28"},{"nodeID":"1317806","text":"Emma Little-Pengelly will or will not go back into the Executive","type":"I","timestamp":"2023-11-09 13:20:29"},{"nodeID":"1317807","text":"AudienceMember 20220609QT273: will you go back into the Executive","type":"L","timestamp":"2023-11-09 13:20:29"},{"nodeID":"1317808","text":"Analysing","type":"YA","timestamp":"2023-11-09 13:20:29"},{"nodeID":"1317809","text":"Nette: AudienceMember 20220609QT273: will you go back into the Executive","type":"L","timestamp":"2023-11-09 13:20:29"},{"nodeID":"1317810","text":"Pure Questioning","type":"YA","timestamp":"2023-11-09 13:20:29"},{"nodeID":"1317811","text":"Default Transition","type":"TA","timestamp":"2023-11-09 13:20:29"},{"nodeID":"1317812","text":"Default Inference","type":"RA","timestamp":"2023-11-09 13:20:29"},{"nodeID":"1317813","text":"Arguing","type":"YA","timestamp":"2023-11-09 13:20:29"},{"nodeID":"1317814","text":"the DUP is a party of devolution","type":"I","timestamp":"2023-11-09 13:20:30"},{"nodeID":"1317815","text":"Emma Little-Pengelly: The DUP is a party of devolution","type":"L","timestamp":"2023-11-09 13:20:30"},{"nodeID":"1317816","text":"Analysing","type":"YA","timestamp":"2023-11-09 13:20:30"},{"nodeID":"1317817","text":"Nette: Emma Little-Pengelly: The DUP is a party of devolution","type":"L","timestamp":"2023-11-09 13:20:30"},{"nodeID":"1317818","text":"Asserting","type":"YA","timestamp":"2023-11-09 13:20:30"},{"nodeID":"1317819","text":"Default Transition","type":"TA","timestamp":"2023-11-09 13:20:30"},{"nodeID":"1317820","text":"we want the Northern Ireland Agreement to work","type":"I","timestamp":"2023-11-09 13:20:30"},{"nodeID":"1317821","text":"Emma Little-Pengelly: We want the Northern Ireland Agreement to work","type":"L","timestamp":"2023-11-09 13:20:30"},{"nodeID":"1317822","text":"Analysing","type":"YA","timestamp":"2023-11-09 13:20:30"},{"nodeID":"1317823","text":"Nette: Emma Little-Pengelly: We want the Northern Ireland Agreement to work","type":"L","timestamp":"2023-11-09 13:20:30"},{"nodeID":"1317824","text":"Asserting","type":"YA","timestamp":"2023-11-09 13:20:30"},{"nodeID":"1317825","text":"Default Transition","type":"TA","timestamp":"2023-11-09 13:20:30"},{"nodeID":"1317826","text":"we have the proposals for the Northern Ireland Agreement coming forward","type":"I","timestamp":"2023-11-09 13:20:31"},{"nodeID":"1317827","text":"Emma Little-Pengelly: We have the proposals coming forward","type":"L","timestamp":"2023-11-09 13:20:31"},{"nodeID":"1317828","text":"Analysing","type":"YA","timestamp":"2023-11-09 13:20:31"},{"nodeID":"1317829","text":"Nette: Emma Little-Pengelly: We have the proposals coming forward","type":"L","timestamp":"2023-11-09 13:20:31"},{"nodeID":"1317830","text":"Asserting","type":"YA","timestamp":"2023-11-09 13:20:31"},{"nodeID":"1317831","text":"Default Transition","type":"TA","timestamp":"2023-11-09 13:20:31"},{"nodeID":"1317832","text":"the proposals for the Northern Ireland Agreement meet the seven tests that the DUP have set out","type":"I","timestamp":"2023-11-09 13:20:31"},{"nodeID":"1317833","text":"Emma Little-Pengelly: they meet the seven tests that the DUP have set out","type":"L","timestamp":"2023-11-09 13:20:31"},{"nodeID":"1317834","text":"Analysing","type":"YA","timestamp":"2023-11-09 13:20:31"},{"nodeID":"1317835","text":"Nette: Emma Little-Pengelly: they meet the seven tests that the DUP have set out","type":"L","timestamp":"2023-11-09 13:20:31"},{"nodeID":"1317836","text":"Asserting","type":"YA","timestamp":"2023-11-09 13:20:31"},{"nodeID":"1317837","text":"Default Transition","type":"TA","timestamp":"2023-11-09 13:20:31"},{"nodeID":"1317838","text":"there is a pathway to restoration","type":"I","timestamp":"2023-11-09 13:20:32"},{"nodeID":"1317839","text":"Emma Little-Pengelly: there is a pathway to restoration","type":"L","timestamp":"2023-11-09 13:20:32"},{"nodeID":"1317840","text":"Analysing","type":"YA","timestamp":"2023-11-09 13:20:32"},{"nodeID":"1317841","text":"Nette: Emma Little-Pengelly: there is a pathway to restoration","type":"L","timestamp":"2023-11-09 13:20:32"},{"nodeID":"1317842","text":"Asserting","type":"YA","timestamp":"2023-11-09 13:20:32"},{"nodeID":"1317843","text":"Default Transition","type":"TA","timestamp":"2023-11-09 13:20:32"},{"nodeID":"1317844","text":"Default Inference","type":"RA","timestamp":"2023-11-09 13:20:32"},{"nodeID":"1317845","text":"Arguing","type":"YA","timestamp":"2023-11-09 13:20:32"},{"nodeID":"1317846","text":"we need to be sure that this is going to happen and the Protocol is going to be addressed","type":"I","timestamp":"2023-11-09 13:20:33"},{"nodeID":"1317847","text":"Emma Little-Pengelly: We need to be sure that this is going to happen and the Protocol is going to be addressed","type":"L","timestamp":"2023-11-09 13:20:33"},{"nodeID":"1317848","text":"Analysing","type":"YA","timestamp":"2023-11-09 13:20:33"},{"nodeID":"1317849","text":"Nette: Emma Little-Pengelly: We need to be sure that this is going to happen and the Protocol is going to be addressed","type":"L","timestamp":"2023-11-09 13:20:33"},{"nodeID":"1317850","text":"Asserting","type":"YA","timestamp":"2023-11-09 13:20:33"},{"nodeID":"1317851","text":"Default Transition","type":"TA","timestamp":"2023-11-09 13:20:33"},{"nodeID":"1317852","text":"Sinn Fein collapsed the Executive before and that wasn't great","type":"I","timestamp":"2023-11-09 13:20:33"},{"nodeID":"1317853","text":"AudienceMember 20220609QT274: Sinn Fein collapsed the Executive before and that wasn't great","type":"L","timestamp":"2023-11-09 13:20:33"},{"nodeID":"1317854","text":"Analysing","type":"YA","timestamp":"2023-11-09 13:20:33"},{"nodeID":"1317855","text":"Nette: AudienceMember 20220609QT274: Sinn Fein collapsed the Executive before and that wasn't great","type":"L","timestamp":"2023-11-09 13:20:33"},{"nodeID":"1317856","text":"Asserting","type":"YA","timestamp":"2023-11-09 13:20:33"},{"nodeID":"1317857","text":"Default Transition","type":"TA","timestamp":"2023-11-09 13:20:33"},{"nodeID":"1317858","text":"Sinn Fein collapsing the Executive before is the thing that makes AudienceMember 2020609QT2074 so fed up about politics","type":"I","timestamp":"2023-11-09 13:20:34"},{"nodeID":"1317859","text":"AudienceMember 20220609QT274: that's the thing that makes me so fed up about politics here","type":"L","timestamp":"2023-11-09 13:20:34"},{"nodeID":"1317860","text":"Analysing","type":"YA","timestamp":"2023-11-09 13:20:34"},{"nodeID":"1317861","text":"Nette: AudienceMember 20220609QT274: that's the thing that makes me so fed up about politics here","type":"L","timestamp":"2023-11-09 13:20:34"},{"nodeID":"1317862","text":"Asserting","type":"YA","timestamp":"2023-11-09 13:20:34"},{"nodeID":"1317863","text":"Default Transition","type":"TA","timestamp":"2023-11-09 13:20:34"},{"nodeID":"1317864","text":"Default Rephrase","type":"MA","timestamp":"2023-11-09 13:20:34"},{"nodeID":"1317865","text":"Restating","type":"YA","timestamp":"2023-11-09 13:20:34"},{"nodeID":"1317866","text":"Sinn Fein was the first in collapsing the Executive","type":"I","timestamp":"2023-11-09 13:20:34"},{"nodeID":"1317867","text":"AudienceMember 20220609QT274: they did it first","type":"L","timestamp":"2023-11-09 13:20:34"},{"nodeID":"1317868","text":"Analysing","type":"YA","timestamp":"2023-11-09 13:20:34"},{"nodeID":"1317869","text":"Nette: AudienceMember 20220609QT274: they did it first","type":"L","timestamp":"2023-11-09 13:20:34"},{"nodeID":"1317870","text":"Asserting","type":"YA","timestamp":"2023-11-09 13:20:34"},{"nodeID":"1317871","text":"Default Transition","type":"TA","timestamp":"2023-11-09 13:20:34"},{"nodeID":"1317872","text":"Default Rephrase","type":"MA","timestamp":"2023-11-09 13:20:34"},{"nodeID":"1317873","text":"Restating","type":"YA","timestamp":"2023-11-09 13:20:34"},{"nodeID":"1317874","text":"Sinn Fein collapsing the Executive is not going to get people jobs, houses, and it is just really depressing a lot of the time","type":"I","timestamp":"2023-11-09 13:20:35"},{"nodeID":"1317875","text":"AudienceMember 20220609QT274: It's not going to get people jobs, houses, and it is just really depressing a lot of the time","type":"L","timestamp":"2023-11-09 13:20:35"},{"nodeID":"1317876","text":"Analysing","type":"YA","timestamp":"2023-11-09 13:20:35"},{"nodeID":"1317877","text":"Nette: AudienceMember 20220609QT274: It's not going to get people jobs, houses, and it is just really depressing a lot of the time","type":"L","timestamp":"2023-11-09 13:20:35"},{"nodeID":"1317878","text":"Asserting","type":"YA","timestamp":"2023-11-09 13:20:35"},{"nodeID":"1317879","text":"Default Transition","type":"TA","timestamp":"2023-11-09 13:20:35"},{"nodeID":"1317880","text":"Default Rephrase","type":"MA","timestamp":"2023-11-09 13:20:35"},{"nodeID":"1317881","text":"Restating","type":"YA","timestamp":"2023-11-09 13:20:35"}],"edges":[{"edgeID":"1729716","fromID":"1317779","toID":"1317778","formEdgeID":null},{"edgeID":"1729717","fromID":"1317780","toID":"1317779","formEdgeID":null},{"edgeID":"1729718","fromID":"1317778","toID":"1317781","formEdgeID":null},{"edgeID":"1729719","fromID":"1317781","toID":"1317777","formEdgeID":null},{"edgeID":"1729720","fromID":"1317784","toID":"1317783","formEdgeID":null},{"edgeID":"1729721","fromID":"1317785","toID":"1317784","formEdgeID":null},{"edgeID":"1729722","fromID":"1317783","toID":"1317786","formEdgeID":null},{"edgeID":"1729723","fromID":"1317786","toID":"1317782","formEdgeID":null},{"edgeID":"1729724","fromID":"1317789","toID":"1317788","formEdgeID":null},{"edgeID":"1729725","fromID":"1317790","toID":"1317789","formEdgeID":null},{"edgeID":"1729726","fromID":"1317788","toID":"1317791","formEdgeID":null},{"edgeID":"1729727","fromID":"1317791","toID":"1317787","formEdgeID":null},{"edgeID":"1729728","fromID":"1317778","toID":"1317792","formEdgeID":null},{"edgeID":"1729729","fromID":"1317792","toID":"1317788","formEdgeID":null},{"edgeID":"1729730","fromID":"1317783","toID":"1317792","formEdgeID":null},{"edgeID":"1729731","fromID":"1317777","toID":"1317793","formEdgeID":null},{"edgeID":"1729732","fromID":"1317793","toID":"1317787","formEdgeID":null},{"edgeID":"1729733","fromID":"1317782","toID":"1317793","formEdgeID":null},{"edgeID":"1729734","fromID":"1317792","toID":"1317794","formEdgeID":null},{"edgeID":"1729735","fromID":"1317794","toID":"1317793","formEdgeID":null},{"edgeID":"1729736","fromID":"1317797","toID":"1317796","formEdgeID":null},{"edgeID":"1729737","fromID":"1317798","toID":"1317797","formEdgeID":null},{"edgeID":"1729738","fromID":"1317796","toID":"1317799","formEdgeID":null},{"edgeID":"1729739","fromID":"1317799","toID":"1317795","formEdgeID":null},{"edgeID":"1729740","fromID":"1317788","toID":"1317800","formEdgeID":null},{"edgeID":"1729741","fromID":"1317800","toID":"1317796","formEdgeID":null},{"edgeID":"1729742","fromID":"1317803","toID":"1317802","formEdgeID":null},{"edgeID":"1729743","fromID":"1317804","toID":"1317803","formEdgeID":null},{"edgeID":"1729744","fromID":"1317802","toID":"1317805","formEdgeID":null},{"edgeID":"1729745","fromID":"1317805","toID":"1317801","formEdgeID":null},{"edgeID":"1729746","fromID":"1317808","toID":"1317807","formEdgeID":null},{"edgeID":"1729747","fromID":"1317809","toID":"1317808","formEdgeID":null},{"edgeID":"1729748","fromID":"1317807","toID":"1317810","formEdgeID":null},{"edgeID":"1729749","fromID":"1317810","toID":"1317806","formEdgeID":null},{"edgeID":"1729750","fromID":"1317796","toID":"1317811","formEdgeID":null},{"edgeID":"1729751","fromID":"1317811","toID":"1317807","formEdgeID":null},{"edgeID":"1729752","fromID":"1317802","toID":"1317811","formEdgeID":null},{"edgeID":"1729753","fromID":"1317801","toID":"1317812","formEdgeID":null},{"edgeID":"1729754","fromID":"1317812","toID":"1317806","formEdgeID":null},{"edgeID":"1729755","fromID":"1317795","toID":"1317812","formEdgeID":null},{"edgeID":"1729756","fromID":"1317811","toID":"1317813","formEdgeID":null},{"edgeID":"1729757","fromID":"1317813","toID":"1317812","formEdgeID":null},{"edgeID":"1729758","fromID":"1317816","toID":"1317815","formEdgeID":null},{"edgeID":"1729759","fromID":"1317817","toID":"1317816","formEdgeID":null},{"edgeID":"1729760","fromID":"1317815","toID":"1317818","formEdgeID":null},{"edgeID":"1729761","fromID":"1317818","toID":"1317814","formEdgeID":null},{"edgeID":"1729762","fromID":"1317807","toID":"1317819","formEdgeID":null},{"edgeID":"1729763","fromID":"1317819","toID":"1317815","formEdgeID":null},{"edgeID":"1729764","fromID":"1317822","toID":"1317821","formEdgeID":null},{"edgeID":"1729765","fromID":"1317823","toID":"1317822","formEdgeID":null},{"edgeID":"1729766","fromID":"1317821","toID":"1317824","formEdgeID":null},{"edgeID":"1729767","fromID":"1317824","toID":"1317820","formEdgeID":null},{"edgeID":"1729768","fromID":"1317815","toID":"1317825","formEdgeID":null},{"edgeID":"1729769","fromID":"1317825","toID":"1317821","formEdgeID":null},{"edgeID":"1729770","fromID":"1317828","toID":"1317827","formEdgeID":null},{"edgeID":"1729771","fromID":"1317829","toID":"1317828","formEdgeID":null},{"edgeID":"1729772","fromID":"1317827","toID":"1317830","formEdgeID":null},{"edgeID":"1729773","fromID":"1317830","toID":"1317826","formEdgeID":null},{"edgeID":"1729774","fromID":"1317821","toID":"1317831","formEdgeID":null},{"edgeID":"1729775","fromID":"1317831","toID":"1317827","formEdgeID":null},{"edgeID":"1729776","fromID":"1317834","toID":"1317833","formEdgeID":null},{"edgeID":"1729777","fromID":"1317835","toID":"1317834","formEdgeID":null},{"edgeID":"1729778","fromID":"1317833","toID":"1317836","formEdgeID":null},{"edgeID":"1729779","fromID":"1317836","toID":"1317832","formEdgeID":null},{"edgeID":"1729780","fromID":"1317827","toID":"1317837","formEdgeID":null},{"edgeID":"1729781","fromID":"1317837","toID":"1317833","formEdgeID":null},{"edgeID":"1729782","fromID":"1317840","toID":"1317839","formEdgeID":null},{"edgeID":"1729783","fromID":"1317841","toID":"1317840","formEdgeID":null},{"edgeID":"1729784","fromID":"1317839","toID":"1317842","formEdgeID":null},{"edgeID":"1729785","fromID":"1317842","toID":"1317838","formEdgeID":null},{"edgeID":"1729786","fromID":"1317833","toID":"1317843","formEdgeID":null},{"edgeID":"1729787","fromID":"1317843","toID":"1317839","formEdgeID":null},{"edgeID":"1729788","fromID":"1317832","toID":"1317844","formEdgeID":null},{"edgeID":"1729789","fromID":"1317844","toID":"1317838","formEdgeID":null},{"edgeID":"1729790","fromID":"1317843","toID":"1317845","formEdgeID":null},{"edgeID":"1729791","fromID":"1317845","toID":"1317844","formEdgeID":null},{"edgeID":"1729792","fromID":"1317848","toID":"1317847","formEdgeID":null},{"edgeID":"1729793","fromID":"1317849","toID":"1317848","formEdgeID":null},{"edgeID":"1729794","fromID":"1317847","toID":"1317850","formEdgeID":null},{"edgeID":"1729795","fromID":"1317850","toID":"1317846","formEdgeID":null},{"edgeID":"1729796","fromID":"1317839","toID":"1317851","formEdgeID":null},{"edgeID":"1729797","fromID":"1317851","toID":"1317847","formEdgeID":null},{"edgeID":"1729798","fromID":"1317854","toID":"1317853","formEdgeID":null},{"edgeID":"1729799","fromID":"1317855","toID":"1317854","formEdgeID":null},{"edgeID":"1729800","fromID":"1317853","toID":"1317856","formEdgeID":null},{"edgeID":"1729801","fromID":"1317856","toID":"1317852","formEdgeID":null},{"edgeID":"1729802","fromID":"1317847","toID":"1317857","formEdgeID":null},{"edgeID":"1729803","fromID":"1317857","toID":"1317853","formEdgeID":null},{"edgeID":"1729804","fromID":"1317860","toID":"1317859","formEdgeID":null},{"edgeID":"1729805","fromID":"1317861","toID":"1317860","formEdgeID":null},{"edgeID":"1729806","fromID":"1317859","toID":"1317862","formEdgeID":null},{"edgeID":"1729807","fromID":"1317862","toID":"1317858","formEdgeID":null},{"edgeID":"1729808","fromID":"1317853","toID":"1317863","formEdgeID":null},{"edgeID":"1729809","fromID":"1317863","toID":"1317859","formEdgeID":null},{"edgeID":"1729810","fromID":"1317858","toID":"1317864","formEdgeID":null},{"edgeID":"1729811","fromID":"1317864","toID":"1317852","formEdgeID":null},{"edgeID":"1729812","fromID":"1317863","toID":"1317865","formEdgeID":null},{"edgeID":"1729813","fromID":"1317865","toID":"1317864","formEdgeID":null},{"edgeID":"1729814","fromID":"1317868","toID":"1317867","formEdgeID":null},{"edgeID":"1729815","fromID":"1317869","toID":"1317868","formEdgeID":null},{"edgeID":"1729816","fromID":"1317867","toID":"1317870","formEdgeID":null},{"edgeID":"1729817","fromID":"1317870","toID":"1317866","formEdgeID":null},{"edgeID":"1729818","fromID":"1317859","toID":"1317871","formEdgeID":null},{"edgeID":"1729819","fromID":"1317871","toID":"1317867","formEdgeID":null},{"edgeID":"1729820","fromID":"1317866","toID":"1317872","formEdgeID":null},{"edgeID":"1729821","fromID":"1317872","toID":"1317858","formEdgeID":null},{"edgeID":"1729822","fromID":"1317871","toID":"1317873","formEdgeID":null},{"edgeID":"1729823","fromID":"1317873","toID":"1317872","formEdgeID":null},{"edgeID":"1729824","fromID":"1317876","toID":"1317875","formEdgeID":null},{"edgeID":"1729825","fromID":"1317877","toID":"1317876","formEdgeID":null},{"edgeID":"1729826","fromID":"1317875","toID":"1317878","formEdgeID":null},{"edgeID":"1729827","fromID":"1317878","toID":"1317874","formEdgeID":null},{"edgeID":"1729828","fromID":"1317867","toID":"1317879","formEdgeID":null},{"edgeID":"1729829","fromID":"1317879","toID":"1317875","formEdgeID":null},{"edgeID":"1729830","fromID":"1317874","toID":"1317880","formEdgeID":null},{"edgeID":"1729831","fromID":"1317880","toID":"1317866","formEdgeID":null},{"edgeID":"1729832","fromID":"1317879","toID":"1317881","formEdgeID":null},{"edgeID":"1729833","fromID":"1317881","toID":"1317880","formEdgeID":null}],"locutions":[]}