{"nodes":[{"nodeID":"1145460","text":"Boris Johnson's behaviour is difficult for those families who were not able to have contact with their family","type":"I","timestamp":"2023-04-20 10:14:23"},{"nodeID":"1145465","text":"they were working on the frontline and trying to protect them","type":"I","timestamp":"2023-04-20 10:14:25"},{"nodeID":"1145472","text":"what Boris Johnson's behaviour has exposed is the deep-seated culture of entitlement at the very heart of this government","type":"I","timestamp":"2023-04-20 10:14:28"},{"nodeID":"1145478","text":"deep-seated culture of entitlement is down to Boris's own leadership and approach","type":"I","timestamp":"2023-04-20 10:14:30"},{"nodeID":"1145486","text":"the rest of the rules to apply to everyone else no longer apply to those people in Boris Johnson's circle","type":"I","timestamp":"2023-04-20 10:14:32"},{"nodeID":"1145494","text":"that wasn't just the civil servants and others who reflect how Boris Johnson's circle spoke to the staff who worked in that building","type":"I","timestamp":"2023-04-20 10:14:35"},{"nodeID":"1145500","text":"how Boris Johnson's circle spoke to the staff who worked in that building, who were also working through the pandemic","type":"I","timestamp":"2023-04-20 10:14:37"},{"nodeID":"1145510","text":"the staff who worked in that building, who were also working through the pandemic were disrespected on a routine basis were disrespected on a routine basis","type":"I","timestamp":"2023-04-20 10:14:41"},{"nodeID":"1145518","text":"the staff who worked in that building, who were also working through the pandemic being disrespected on a routine basis just speaks to that elixir of entitlement and disrespect for everyone and everything","type":"I","timestamp":"2023-04-20 10:14:43"},{"nodeID":"1145529","text":"we said goodbye to people during the pandemic in Naomi Long's department","type":"I","timestamp":"2023-04-20 10:14:46"},{"nodeID":"1145535","text":"Naomi Long in her department said goodbye to people during pandemic with cards and emails, or phone calls","type":"I","timestamp":"2023-04-20 10:14:48"},{"nodeID":"1145543","text":"it is quite possible to wish a colleague all the best without having to bring in a karaoke machine, and bottles of wine, and have people, and altercations, and throwing up on the floor","type":"I","timestamp":"2023-04-20 10:14:50"},{"nodeID":"1318857","text":"Naomi Long: It is difficult for those families who were not able to have contact with their family","type":"L","timestamp":"2023-11-09 13:21:56"},{"nodeID":"1318858","text":"Analysing","type":"YA","timestamp":"2023-11-09 13:21:56"},{"nodeID":"1318859","text":"Joanna: Naomi Long: It is difficult for those families who were not able to have contact with their family","type":"L","timestamp":"2023-11-09 13:21:56"},{"nodeID":"1318860","text":"Asserting","type":"YA","timestamp":"2023-11-09 13:21:56"},{"nodeID":"1318861","text":"Naomi Long: they were working on the frontline and trying to protect them","type":"L","timestamp":"2023-11-09 13:21:57"},{"nodeID":"1318862","text":"Analysing","type":"YA","timestamp":"2023-11-09 13:21:57"},{"nodeID":"1318863","text":"Joanna: Naomi Long: they were working on the frontline and trying to protect them","type":"L","timestamp":"2023-11-09 13:21:57"},{"nodeID":"1318864","text":"Asserting","type":"YA","timestamp":"2023-11-09 13:21:57"},{"nodeID":"1318865","text":"Default Transition","type":"TA","timestamp":"2023-11-09 13:21:57"},{"nodeID":"1318866","text":"Default Inference","type":"RA","timestamp":"2023-11-09 13:21:57"},{"nodeID":"1318867","text":"Naomi Long: what it has exposed, I think, is the deep-seated culture of entitlement at the very heart of this government","type":"L","timestamp":"2023-11-09 13:21:57"},{"nodeID":"1318868","text":"Analysing","type":"YA","timestamp":"2023-11-09 13:21:57"},{"nodeID":"1318869","text":"Joanna: Naomi Long: what it has exposed, I think, is the deep-seated culture of entitlement at the very heart of this government","type":"L","timestamp":"2023-11-09 13:21:57"},{"nodeID":"1318870","text":"Asserting","type":"YA","timestamp":"2023-11-09 13:21:57"},{"nodeID":"1318871","text":"Default Transition","type":"TA","timestamp":"2023-11-09 13:21:57"},{"nodeID":"1318872","text":"Naomi Long: that is down to Boris's own leadership and approach","type":"L","timestamp":"2023-11-09 13:21:58"},{"nodeID":"1318873","text":"Analysing","type":"YA","timestamp":"2023-11-09 13:21:58"},{"nodeID":"1318874","text":"Joanna: Naomi Long: that is down to Boris's own leadership and approach","type":"L","timestamp":"2023-11-09 13:21:58"},{"nodeID":"1318875","text":"Asserting","type":"YA","timestamp":"2023-11-09 13:21:58"},{"nodeID":"1318876","text":"Default Transition","type":"TA","timestamp":"2023-11-09 13:21:58"},{"nodeID":"1318877","text":"Default Rephrase","type":"MA","timestamp":"2023-11-09 13:21:58"},{"nodeID":"1318878","text":"Restating","type":"YA","timestamp":"2023-11-09 13:21:58"},{"nodeID":"1318879","text":"Naomi Long: the rest of the rules to apply to everyone else no longer apply to those people in his circle","type":"L","timestamp":"2023-11-09 13:21:59"},{"nodeID":"1318880","text":"Analysing","type":"YA","timestamp":"2023-11-09 13:21:59"},{"nodeID":"1318881","text":"Joanna: Naomi Long: the rest of the rules to apply to everyone else no longer apply to those people in his circle","type":"L","timestamp":"2023-11-09 13:21:59"},{"nodeID":"1318882","text":"Asserting","type":"YA","timestamp":"2023-11-09 13:21:59"},{"nodeID":"1318883","text":"Default Transition","type":"TA","timestamp":"2023-11-09 13:21:59"},{"nodeID":"1318884","text":"Default Inference","type":"RA","timestamp":"2023-11-09 13:21:59"},{"nodeID":"1318885","text":"Arguing","type":"YA","timestamp":"2023-11-09 13:21:59"},{"nodeID":"1318886","text":"Naomi Long: that wasn't just the civil servants and others","type":"L","timestamp":"2023-11-09 13:21:59"},{"nodeID":"1318887","text":"Analysing","type":"YA","timestamp":"2023-11-09 13:21:59"},{"nodeID":"1318888","text":"Joanna: Naomi Long: that wasn't just the civil servants and others","type":"L","timestamp":"2023-11-09 13:21:59"},{"nodeID":"1318889","text":"Asserting","type":"YA","timestamp":"2023-11-09 13:21:59"},{"nodeID":"1318890","text":"Default Transition","type":"TA","timestamp":"2023-11-09 13:21:59"},{"nodeID":"1318891","text":"Naomi Long: Sue Gray reflects how they spoke to the staff who worked in that building, who were also working through the pandemic","type":"L","timestamp":"2023-11-09 13:22:00"},{"nodeID":"1318892","text":"Analysing","type":"YA","timestamp":"2023-11-09 13:22:00"},{"nodeID":"1318893","text":"Joanna: Naomi Long: Sue Gray reflects how they spoke to the staff who worked in that building, who were also working through the pandemic","type":"L","timestamp":"2023-11-09 13:22:00"},{"nodeID":"1318894","text":"Default Transition","type":"TA","timestamp":"2023-11-09 13:22:00"},{"nodeID":"1318895","text":"Sue Gray: how Boris Johnson's circle spoke to the staff who worked in that building, who were also working through the pandemic","type":"L","timestamp":"2023-11-09 13:22:00"},{"nodeID":"1318896","text":"Analysing","type":"YA","timestamp":"2023-11-09 13:22:00"},{"nodeID":"1318897","text":"Joanna: Sue Gray: Sue Gray reflects how they spoke to the staff who worked in that building, who were also working through the pandemic","type":"L","timestamp":"2023-11-09 13:22:00"},{"nodeID":"1318898","text":"Asserting","type":"YA","timestamp":"2023-11-09 13:22:00"},{"nodeID":"1318899","text":"Asserting","type":"YA","timestamp":"2023-11-09 13:22:00"},{"nodeID":"1318900","text":"Naomi Long: were disrespected on a routine basis","type":"L","timestamp":"2023-11-09 13:22:00"},{"nodeID":"1318901","text":"Analysing","type":"YA","timestamp":"2023-11-09 13:22:00"},{"nodeID":"1318902","text":"Joanna: Naomi Long: were disrespected on a routine basis","type":"L","timestamp":"2023-11-09 13:22:00"},{"nodeID":"1318903","text":"Asserting","type":"YA","timestamp":"2023-11-09 13:22:00"},{"nodeID":"1318904","text":"Default Transition","type":"TA","timestamp":"2023-11-09 13:22:00"},{"nodeID":"1318905","text":"Default Inference","type":"RA","timestamp":"2023-11-09 13:22:00"},{"nodeID":"1318906","text":"Arguing","type":"YA","timestamp":"2023-11-09 13:22:00"},{"nodeID":"1318907","text":"Naomi Long: it just speaks to that elixir of entitlement and disrespect for everyone and everything","type":"L","timestamp":"2023-11-09 13:22:01"},{"nodeID":"1318908","text":"Analysing","type":"YA","timestamp":"2023-11-09 13:22:01"},{"nodeID":"1318909","text":"Joanna: Naomi Long: it just speaks to that elixir of entitlement and disrespect for everyone and everything","type":"L","timestamp":"2023-11-09 13:22:01"},{"nodeID":"1318910","text":"Asserting","type":"YA","timestamp":"2023-11-09 13:22:01"},{"nodeID":"1318911","text":"Default Transition","type":"TA","timestamp":"2023-11-09 13:22:01"},{"nodeID":"1318912","text":"Default Rephrase","type":"MA","timestamp":"2023-11-09 13:22:01"},{"nodeID":"1318913","text":"Default Transition","type":"TA","timestamp":"2023-11-09 13:22:01"},{"nodeID":"1318914","text":"Restating","type":"YA","timestamp":"2023-11-09 13:22:01"},{"nodeID":"1318915","text":"Default Inference","type":"RA","timestamp":"2023-11-09 13:22:01"},{"nodeID":"1318916","text":"Arguing","type":"YA","timestamp":"2023-11-09 13:22:01"},{"nodeID":"1318917","text":"Naomi Long: we said goodbye to people during the pandemic in my department","type":"L","timestamp":"2023-11-09 13:22:02"},{"nodeID":"1318918","text":"Analysing","type":"YA","timestamp":"2023-11-09 13:22:02"},{"nodeID":"1318919","text":"Joanna: Naomi Long: we said goodbye to people during the pandemic in my department","type":"L","timestamp":"2023-11-09 13:22:02"},{"nodeID":"1318920","text":"Asserting","type":"YA","timestamp":"2023-11-09 13:22:02"},{"nodeID":"1318921","text":"Default Transition","type":"TA","timestamp":"2023-11-09 13:22:02"},{"nodeID":"1318922","text":"Naomi Long: We did it with cards and emails, or phone calls","type":"L","timestamp":"2023-11-09 13:22:02"},{"nodeID":"1318923","text":"Analysing","type":"YA","timestamp":"2023-11-09 13:22:02"},{"nodeID":"1318924","text":"Joanna: Naomi Long: We did it with cards and emails, or phone calls","type":"L","timestamp":"2023-11-09 13:22:02"},{"nodeID":"1318925","text":"Asserting","type":"YA","timestamp":"2023-11-09 13:22:02"},{"nodeID":"1318926","text":"Default Rephrase","type":"MA","timestamp":"2023-11-09 13:22:02"},{"nodeID":"1318927","text":"Default Transition","type":"TA","timestamp":"2023-11-09 13:22:02"},{"nodeID":"1318928","text":"Restating","type":"YA","timestamp":"2023-11-09 13:22:02"},{"nodeID":"1318929","text":"Naomi Long: It is quite possible to wish a colleague all the best without having to bring in a karaoke machine, and bottles of wine, and have people, and altercations, and throwing up on the floor","type":"L","timestamp":"2023-11-09 13:22:03"},{"nodeID":"1318930","text":"Analysing","type":"YA","timestamp":"2023-11-09 13:22:03"},{"nodeID":"1318931","text":"Joanna: Naomi Long: It is quite possible to wish a colleague all the best without having to bring in a karaoke machine, and bottles of wine, and have people, and altercations, and throwing up on the floor","type":"L","timestamp":"2023-11-09 13:22:03"},{"nodeID":"1318932","text":"Asserting","type":"YA","timestamp":"2023-11-09 13:22:03"},{"nodeID":"1318933","text":"Default Transition","type":"TA","timestamp":"2023-11-09 13:22:03"},{"nodeID":"1318934","text":"Default Inference","type":"RA","timestamp":"2023-11-09 13:22:03"},{"nodeID":"1318935","text":"Arguing","type":"YA","timestamp":"2023-11-09 13:22:03"},{"nodeID":"1318936","text":"Arguing","type":"YA","timestamp":"2023-11-09 13:22:03"},{"nodeID":"1318937","text":"Default Rephrase","type":"MA","timestamp":"2023-11-09 13:22:03"},{"nodeID":"1318938","text":"Restating","type":"YA","timestamp":"2023-11-09 13:22:03"}],"edges":[{"edgeID":"1731029","fromID":"1318858","toID":"1318857","formEdgeID":null},{"edgeID":"1731030","fromID":"1318859","toID":"1318858","formEdgeID":null},{"edgeID":"1731031","fromID":"1318857","toID":"1318860","formEdgeID":null},{"edgeID":"1731032","fromID":"1318860","toID":"1145460","formEdgeID":null},{"edgeID":"1731033","fromID":"1318862","toID":"1318861","formEdgeID":null},{"edgeID":"1731034","fromID":"1318863","toID":"1318862","formEdgeID":null},{"edgeID":"1731035","fromID":"1318861","toID":"1318864","formEdgeID":null},{"edgeID":"1731036","fromID":"1318864","toID":"1145465","formEdgeID":null},{"edgeID":"1731037","fromID":"1318857","toID":"1318865","formEdgeID":null},{"edgeID":"1731038","fromID":"1318865","toID":"1318861","formEdgeID":null},{"edgeID":"1731039","fromID":"1145465","toID":"1318866","formEdgeID":null},{"edgeID":"1731040","fromID":"1318866","toID":"1145460","formEdgeID":null},{"edgeID":"1731041","fromID":"1318868","toID":"1318867","formEdgeID":null},{"edgeID":"1731042","fromID":"1318869","toID":"1318868","formEdgeID":null},{"edgeID":"1731043","fromID":"1318867","toID":"1318870","formEdgeID":null},{"edgeID":"1731044","fromID":"1318870","toID":"1145472","formEdgeID":null},{"edgeID":"1731045","fromID":"1318861","toID":"1318871","formEdgeID":null},{"edgeID":"1731046","fromID":"1318871","toID":"1318867","formEdgeID":null},{"edgeID":"1731047","fromID":"1318873","toID":"1318872","formEdgeID":null},{"edgeID":"1731048","fromID":"1318874","toID":"1318873","formEdgeID":null},{"edgeID":"1731049","fromID":"1318872","toID":"1318875","formEdgeID":null},{"edgeID":"1731050","fromID":"1318875","toID":"1145478","formEdgeID":null},{"edgeID":"1731051","fromID":"1318867","toID":"1318876","formEdgeID":null},{"edgeID":"1731052","fromID":"1318876","toID":"1318872","formEdgeID":null},{"edgeID":"1731053","fromID":"1145478","toID":"1318877","formEdgeID":null},{"edgeID":"1731054","fromID":"1318877","toID":"1145472","formEdgeID":null},{"edgeID":"1731055","fromID":"1318876","toID":"1318878","formEdgeID":null},{"edgeID":"1731056","fromID":"1318878","toID":"1318877","formEdgeID":null},{"edgeID":"1731057","fromID":"1318880","toID":"1318879","formEdgeID":null},{"edgeID":"1731058","fromID":"1318881","toID":"1318880","formEdgeID":null},{"edgeID":"1731059","fromID":"1318879","toID":"1318882","formEdgeID":null},{"edgeID":"1731060","fromID":"1318882","toID":"1145486","formEdgeID":null},{"edgeID":"1731061","fromID":"1318872","toID":"1318883","formEdgeID":null},{"edgeID":"1731062","fromID":"1318883","toID":"1318879","formEdgeID":null},{"edgeID":"1731063","fromID":"1145486","toID":"1318884","formEdgeID":null},{"edgeID":"1731064","fromID":"1318884","toID":"1145478","formEdgeID":null},{"edgeID":"1731065","fromID":"1318883","toID":"1318885","formEdgeID":null},{"edgeID":"1731066","fromID":"1318885","toID":"1318884","formEdgeID":null},{"edgeID":"1731067","fromID":"1318887","toID":"1318886","formEdgeID":null},{"edgeID":"1731068","fromID":"1318888","toID":"1318887","formEdgeID":null},{"edgeID":"1731069","fromID":"1318886","toID":"1318889","formEdgeID":null},{"edgeID":"1731070","fromID":"1318889","toID":"1145494","formEdgeID":null},{"edgeID":"1731071","fromID":"1318879","toID":"1318890","formEdgeID":null},{"edgeID":"1731072","fromID":"1318890","toID":"1318886","formEdgeID":null},{"edgeID":"1731073","fromID":"1318892","toID":"1318891","formEdgeID":null},{"edgeID":"1731074","fromID":"1318893","toID":"1318892","formEdgeID":null},{"edgeID":"1731075","fromID":"1318886","toID":"1318894","formEdgeID":null},{"edgeID":"1731076","fromID":"1318894","toID":"1318891","formEdgeID":null},{"edgeID":"1731077","fromID":"1318896","toID":"1318895","formEdgeID":null},{"edgeID":"1731078","fromID":"1318897","toID":"1318896","formEdgeID":null},{"edgeID":"1731079","fromID":"1318895","toID":"1318898","formEdgeID":null},{"edgeID":"1731080","fromID":"1318898","toID":"1145500","formEdgeID":null},{"edgeID":"1731081","fromID":"1318891","toID":"1318899","formEdgeID":null},{"edgeID":"1731082","fromID":"1318899","toID":"1318895","formEdgeID":null},{"edgeID":"1731083","fromID":"1318901","toID":"1318900","formEdgeID":null},{"edgeID":"1731084","fromID":"1318902","toID":"1318901","formEdgeID":null},{"edgeID":"1731085","fromID":"1318900","toID":"1318903","formEdgeID":null},{"edgeID":"1731086","fromID":"1318903","toID":"1145510","formEdgeID":null},{"edgeID":"1731087","fromID":"1318891","toID":"1318904","formEdgeID":null},{"edgeID":"1731088","fromID":"1318904","toID":"1318900","formEdgeID":null},{"edgeID":"1731089","fromID":"1145500","toID":"1318905","formEdgeID":null},{"edgeID":"1731090","fromID":"1318905","toID":"1145494","formEdgeID":null},{"edgeID":"1731091","fromID":"1318894","toID":"1318906","formEdgeID":null},{"edgeID":"1731092","fromID":"1318906","toID":"1318905","formEdgeID":null},{"edgeID":"1731093","fromID":"1318908","toID":"1318907","formEdgeID":null},{"edgeID":"1731094","fromID":"1318909","toID":"1318908","formEdgeID":null},{"edgeID":"1731095","fromID":"1318907","toID":"1318910","formEdgeID":null},{"edgeID":"1731096","fromID":"1318910","toID":"1145518","formEdgeID":null},{"edgeID":"1731097","fromID":"1318900","toID":"1318911","formEdgeID":null},{"edgeID":"1731098","fromID":"1318911","toID":"1318907","formEdgeID":null},{"edgeID":"1731099","fromID":"1145518","toID":"1318912","formEdgeID":null},{"edgeID":"1731100","fromID":"1318912","toID":"1145478","formEdgeID":null},{"edgeID":"1731101","fromID":"1318872","toID":"1318913","formEdgeID":null},{"edgeID":"1731102","fromID":"1318913","toID":"1318907","formEdgeID":null},{"edgeID":"1731103","fromID":"1318913","toID":"1318914","formEdgeID":null},{"edgeID":"1731104","fromID":"1318914","toID":"1318912","formEdgeID":null},{"edgeID":"1731105","fromID":"1145510","toID":"1318915","formEdgeID":null},{"edgeID":"1731106","fromID":"1318915","toID":"1145518","formEdgeID":null},{"edgeID":"1731107","fromID":"1318911","toID":"1318916","formEdgeID":null},{"edgeID":"1731108","fromID":"1318916","toID":"1318915","formEdgeID":null},{"edgeID":"1731109","fromID":"1318918","toID":"1318917","formEdgeID":null},{"edgeID":"1731110","fromID":"1318919","toID":"1318918","formEdgeID":null},{"edgeID":"1731111","fromID":"1318917","toID":"1318920","formEdgeID":null},{"edgeID":"1731112","fromID":"1318920","toID":"1145529","formEdgeID":null},{"edgeID":"1731113","fromID":"1318907","toID":"1318921","formEdgeID":null},{"edgeID":"1731114","fromID":"1318921","toID":"1318917","formEdgeID":null},{"edgeID":"1731115","fromID":"1318923","toID":"1318922","formEdgeID":null},{"edgeID":"1731116","fromID":"1318924","toID":"1318923","formEdgeID":null},{"edgeID":"1731117","fromID":"1318922","toID":"1318925","formEdgeID":null},{"edgeID":"1731118","fromID":"1318925","toID":"1145535","formEdgeID":null},{"edgeID":"1731119","fromID":"1145535","toID":"1318926","formEdgeID":null},{"edgeID":"1731120","fromID":"1318926","toID":"1145529","formEdgeID":null},{"edgeID":"1731121","fromID":"1318917","toID":"1318927","formEdgeID":null},{"edgeID":"1731122","fromID":"1318927","toID":"1318922","formEdgeID":null},{"edgeID":"1731123","fromID":"1318927","toID":"1318928","formEdgeID":null},{"edgeID":"1731124","fromID":"1318928","toID":"1318926","formEdgeID":null},{"edgeID":"1731125","fromID":"1318930","toID":"1318929","formEdgeID":null},{"edgeID":"1731126","fromID":"1318931","toID":"1318930","formEdgeID":null},{"edgeID":"1731127","fromID":"1318929","toID":"1318932","formEdgeID":null},{"edgeID":"1731128","fromID":"1318932","toID":"1145543","formEdgeID":null},{"edgeID":"1731129","fromID":"1318922","toID":"1318933","formEdgeID":null},{"edgeID":"1731130","fromID":"1318933","toID":"1318929","formEdgeID":null},{"edgeID":"1731131","fromID":"1145535","toID":"1318934","formEdgeID":null},{"edgeID":"1731132","fromID":"1318934","toID":"1145543","formEdgeID":null},{"edgeID":"1731133","fromID":"1318933","toID":"1318935","formEdgeID":null},{"edgeID":"1731134","fromID":"1318935","toID":"1318934","formEdgeID":null},{"edgeID":"1731135","fromID":"1318865","toID":"1318936","formEdgeID":null},{"edgeID":"1731136","fromID":"1318936","toID":"1318866","formEdgeID":null},{"edgeID":"1731137","fromID":"1145510","toID":"1318937","formEdgeID":null},{"edgeID":"1731138","fromID":"1318937","toID":"1145500","formEdgeID":null},{"edgeID":"1731139","fromID":"1318904","toID":"1318938","formEdgeID":null},{"edgeID":"1731140","fromID":"1318938","toID":"1318937","formEdgeID":null}],"locutions":[]}