{"nodes":[{"nodeID":"1317365","text":"we're frankly terrified of how we are going to be able to afford our bills","type":"I","timestamp":"2023-11-09 13:19:54"},{"nodeID":"1317366","text":"AudienceMember 20220609QT231: So we're frankly terrified of how we are going to be able to afford our bills","type":"L","timestamp":"2023-11-09 13:19:54"},{"nodeID":"1317367","text":"Analysing","type":"YA","timestamp":"2023-11-09 13:19:54"},{"nodeID":"1317368","text":"Steffi: AudienceMember 20220609QT231: So we're frankly terrified of how we are going to be able to afford our bills","type":"L","timestamp":"2023-11-09 13:19:54"},{"nodeID":"1317369","text":"Asserting","type":"YA","timestamp":"2023-11-09 13:19:54"},{"nodeID":"1317370","text":"the windfall tax is affecting AudienceMember 20220609QT232's day-to-day by xxx","type":"I","timestamp":"2023-11-09 13:19:54"},{"nodeID":"1317371","text":"Fiona Bruce: how is it affecting you day-to-day","type":"L","timestamp":"2023-11-09 13:19:54"},{"nodeID":"1317372","text":"Analysing","type":"YA","timestamp":"2023-11-09 13:19:54"},{"nodeID":"1317373","text":"Steffi: Fiona Bruce: how is it affecting you day-to-day","type":"L","timestamp":"2023-11-09 13:19:54"},{"nodeID":"1317374","text":"Pure Questioning","type":"YA","timestamp":"2023-11-09 13:19:54"},{"nodeID":"1317375","text":"Default Transition","type":"TA","timestamp":"2023-11-09 13:19:54"},{"nodeID":"1317376","text":"Default Inference","type":"RA","timestamp":"2023-11-09 13:19:54"},{"nodeID":"1317377","text":"AudienceMember 20220609QT232 is ill him-\/herself","type":"I","timestamp":"2023-11-09 13:19:55"},{"nodeID":"1317378","text":"AudienceMember 20220609QT232: I'm ill myself","type":"L","timestamp":"2023-11-09 13:19:55"},{"nodeID":"1317379","text":"Analysing","type":"YA","timestamp":"2023-11-09 13:19:55"},{"nodeID":"1317380","text":"Steffi: AudienceMember 20220609QT231: I'm ill myself","type":"L","timestamp":"2023-11-09 13:19:55"},{"nodeID":"1317381","text":"Asserting","type":"YA","timestamp":"2023-11-09 13:19:55"},{"nodeID":"1317382","text":"Default Transition","type":"TA","timestamp":"2023-11-09 13:19:55"},{"nodeID":"1317383","text":"AudienceMember 20220609QT232 is on Universal Credit","type":"I","timestamp":"2023-11-09 13:19:56"},{"nodeID":"1317384","text":"AudienceMember 20220609QT232: I'm on Universal Credit","type":"L","timestamp":"2023-11-09 13:19:56"},{"nodeID":"1317385","text":"Analysing","type":"YA","timestamp":"2023-11-09 13:19:56"},{"nodeID":"1317386","text":"Steffi: AudienceMember 20220609QT231: I'm on Universal Credit","type":"L","timestamp":"2023-11-09 13:19:56"},{"nodeID":"1317387","text":"Asserting","type":"YA","timestamp":"2023-11-09 13:19:56"},{"nodeID":"1317388","text":"Default Transition","type":"TA","timestamp":"2023-11-09 13:19:56"},{"nodeID":"1317389","text":"Default Inference","type":"RA","timestamp":"2023-11-09 13:19:56"},{"nodeID":"1317390","text":"Arguing","type":"YA","timestamp":"2023-11-09 13:19:56"},{"nodeID":"1317391","text":"AudienceMember 20220609QT232 has to choose whether he\/she puts his\/her heating on, or whether he\/she has dinner","type":"I","timestamp":"2023-11-09 13:19:56"},{"nodeID":"1317392","text":"AudienceMember 20220609QT232:  I have to choose whether I put my heating on, or whether I have dinner","type":"L","timestamp":"2023-11-09 13:19:56"},{"nodeID":"1317393","text":"Analysing","type":"YA","timestamp":"2023-11-09 13:19:56"},{"nodeID":"1317394","text":"Steffi: AudienceMember 20220609QT232:  I have to choose whether I put my heating on, or whether I have dinner","type":"L","timestamp":"2023-11-09 13:19:56"},{"nodeID":"1317395","text":"Asserting","type":"YA","timestamp":"2023-11-09 13:19:56"},{"nodeID":"1317396","text":"Default Transition","type":"TA","timestamp":"2023-11-09 13:19:56"},{"nodeID":"1317397","text":"Default Inference","type":"RA","timestamp":"2023-11-09 13:19:56"},{"nodeID":"1317398","text":"Arguing","type":"YA","timestamp":"2023-11-09 13:19:56"},{"nodeID":"1317399","text":"is choosing whether putting the heating on or having dinner what AudienceMember 20220609QT232 is doing at the moment","type":"I","timestamp":"2023-11-09 13:19:57"},{"nodeID":"1317400","text":"Fiona Bruce: That is what you're doing at the moment","type":"L","timestamp":"2023-11-09 13:19:57"},{"nodeID":"1317401","text":"Analysing","type":"YA","timestamp":"2023-11-09 13:19:57"},{"nodeID":"1317402","text":"Steffi: Fiona Bruce: That is what you're doing at the moment","type":"L","timestamp":"2023-11-09 13:19:57"},{"nodeID":"1317403","text":"Pure Questioning","type":"YA","timestamp":"2023-11-09 13:19:57"},{"nodeID":"1317404","text":"Default Transition","type":"TA","timestamp":"2023-11-09 13:19:57"},{"nodeID":"1317405","text":"AudienceMember 20220609QT233: Yes","type":"L","timestamp":"2023-11-09 13:19:57"},{"nodeID":"1317406","text":"Analysing","type":"YA","timestamp":"2023-11-09 13:19:57"},{"nodeID":"1317407","text":"Steffi: AudienceMember 20220609QT233: Yes","type":"L","timestamp":"2023-11-09 13:19:57"},{"nodeID":"1317408","text":"Default Transition","type":"TA","timestamp":"2023-11-09 13:19:57"},{"nodeID":"1317409","text":"Agreeing","type":"YA","timestamp":"2023-11-09 13:19:57"},{"nodeID":"1317410","text":"Default Rephrase","type":"MA","timestamp":"2023-11-09 13:19:57"},{"nodeID":"1317411","text":"Restating","type":"YA","timestamp":"2023-11-09 13:19:57"},{"nodeID":"1317412","text":"AudienceMember 20220609QT233 is or is not skipping meals as a result","type":"I","timestamp":"2023-11-09 13:19:57"},{"nodeID":"1317413","text":"Fiona Bruce: You're skipping meals as a result","type":"L","timestamp":"2023-11-09 13:19:57"},{"nodeID":"1317414","text":"Analysing","type":"YA","timestamp":"2023-11-09 13:19:57"},{"nodeID":"1317415","text":"Steffi: Fiona Bruce: You're skipping meals as a result","type":"L","timestamp":"2023-11-09 13:19:57"},{"nodeID":"1317416","text":"Pure Questioning","type":"YA","timestamp":"2023-11-09 13:19:57"},{"nodeID":"1317417","text":"Default Transition","type":"TA","timestamp":"2023-11-09 13:19:57"},{"nodeID":"1317418","text":"AudienceMember 20220609QT234: Hmm-hmm","type":"L","timestamp":"2023-11-09 13:19:57"},{"nodeID":"1317419","text":"Analysing","type":"YA","timestamp":"2023-11-09 13:19:57"},{"nodeID":"1317420","text":"Steffi: AudienceMember 20220609QT234: Hmm-hmm","type":"L","timestamp":"2023-11-09 13:19:57"},{"nodeID":"1317421","text":"Default Transition","type":"TA","timestamp":"2023-11-09 13:19:57"},{"nodeID":"1317422","text":"Agreeing","type":"YA","timestamp":"2023-11-09 13:19:57"},{"nodeID":"1317423","text":"having to skip meals as a result to the windfall taxes is a disgrace","type":"I","timestamp":"2023-11-09 13:19:58"},{"nodeID":"1317424","text":"AudienceMember 20220609QT235: That is a disgrace","type":"L","timestamp":"2023-11-09 13:19:58"},{"nodeID":"1317425","text":"Analysing","type":"YA","timestamp":"2023-11-09 13:19:58"},{"nodeID":"1317426","text":"Steffi: AudienceMember 20220609QT235: That is a disgrace","type":"L","timestamp":"2023-11-09 13:19:58"},{"nodeID":"1317427","text":"Asserting","type":"YA","timestamp":"2023-11-09 13:19:58"},{"nodeID":"1317428","text":"Default Transition","type":"TA","timestamp":"2023-11-09 13:19:58"},{"nodeID":"1317429","text":"shame on the Tories","type":"I","timestamp":"2023-11-09 13:19:58"},{"nodeID":"1317430","text":"AudienceMember 20220609QT235: Shame on the Tories","type":"L","timestamp":"2023-11-09 13:19:58"},{"nodeID":"1317431","text":"Analysing","type":"YA","timestamp":"2023-11-09 13:19:58"},{"nodeID":"1317432","text":"Steffi: AudienceMember 20220609QT235: Shame on the Tories","type":"L","timestamp":"2023-11-09 13:19:58"},{"nodeID":"1317433","text":"Asserting","type":"YA","timestamp":"2023-11-09 13:19:58"},{"nodeID":"1317434","text":"Default Transition","type":"TA","timestamp":"2023-11-09 13:19:58"},{"nodeID":"1317435","text":"Default Inference","type":"RA","timestamp":"2023-11-09 13:19:58"},{"nodeID":"1317436","text":"Arguing","type":"YA","timestamp":"2023-11-09 13:19:58"},{"nodeID":"1317437","text":"AudienceMember 20220609QT236: Shame on them","type":"L","timestamp":"2023-11-09 13:19:58"},{"nodeID":"1317438","text":"Analysing","type":"YA","timestamp":"2023-11-09 13:19:58"},{"nodeID":"1317439","text":"Steffi: AudienceMember 20220609QT236: Shame on them","type":"L","timestamp":"2023-11-09 13:19:58"},{"nodeID":"1317440","text":"Asserting","type":"YA","timestamp":"2023-11-09 13:19:58"},{"nodeID":"1317441","text":"Default Transition","type":"TA","timestamp":"2023-11-09 13:19:58"},{"nodeID":"1317442","text":"Default Rephrase","type":"MA","timestamp":"2023-11-09 13:19:58"},{"nodeID":"1317443","text":"Restating","type":"YA","timestamp":"2023-11-09 13:19:58"},{"nodeID":"1317444","text":"Default Rephrase","type":"MA","timestamp":"2023-11-09 13:19:58"},{"nodeID":"1317445","text":"Default Transition","type":"TA","timestamp":"2023-11-09 13:19:58"},{"nodeID":"1317446","text":"Default Illocuting","type":"YA","timestamp":"2023-11-09 13:19:58"},{"nodeID":"1317447","text":"Fiona Bruce is sorry to hear that AudienceMember 20220609QT234 has to skip meals as a result to the windfall taxes","type":"I","timestamp":"2023-11-09 13:19:59"},{"nodeID":"1317448","text":"Fiona Bruce: I'm sorry to hear that","type":"L","timestamp":"2023-11-09 13:19:59"},{"nodeID":"1317449","text":"Analysing","type":"YA","timestamp":"2023-11-09 13:19:59"},{"nodeID":"1317450","text":"Steffi: Fiona Bruce: I'm sorry to hear that","type":"L","timestamp":"2023-11-09 13:19:59"},{"nodeID":"1317451","text":"Asserting","type":"YA","timestamp":"2023-11-09 13:19:59"},{"nodeID":"1317452","text":"Default Transition","type":"TA","timestamp":"2023-11-09 13:19:59"},{"nodeID":"1317453","text":"it is just Boris Johnson's government trying to buy forgiveness from the population","type":"I","timestamp":"2023-11-09 13:20:00"},{"nodeID":"1317454","text":"AudienceMember 20220609QT238: It is just Johnson's government trying to buy forgiveness from the population","type":"L","timestamp":"2023-11-09 13:20:00"},{"nodeID":"1317455","text":"Analysing","type":"YA","timestamp":"2023-11-09 13:20:00"},{"nodeID":"1317456","text":"Steffi: AudienceMember 20220609QT238: It is just Johnson's government trying to buy forgiveness from the population","type":"L","timestamp":"2023-11-09 13:20:00"},{"nodeID":"1317457","text":"Asserting","type":"YA","timestamp":"2023-11-09 13:20:00"},{"nodeID":"1317458","text":"Boris Johnson's government trying to buy forgiveness from the population is all it is","type":"I","timestamp":"2023-11-09 13:20:00"},{"nodeID":"1317459","text":"AudienceMember 20220609QT238: That's all it is","type":"L","timestamp":"2023-11-09 13:20:00"},{"nodeID":"1317460","text":"Analysing","type":"YA","timestamp":"2023-11-09 13:20:00"},{"nodeID":"1317461","text":"Steffi: AudienceMember 20220609QT238: That's all it is","type":"L","timestamp":"2023-11-09 13:20:00"},{"nodeID":"1317462","text":"Asserting","type":"YA","timestamp":"2023-11-09 13:20:00"},{"nodeID":"1317463","text":"Default Transition","type":"TA","timestamp":"2023-11-09 13:20:00"},{"nodeID":"1317464","text":"Default Rephrase","type":"MA","timestamp":"2023-11-09 13:20:00"},{"nodeID":"1317465","text":"Restating","type":"YA","timestamp":"2023-11-09 13:20:00"},{"nodeID":"1317466","text":"Boris Johnson is trying to buy forgiveness for the rotten things while you've been there","type":"I","timestamp":"2023-11-09 13:20:01"},{"nodeID":"1317467","text":"AudienceMember 20220609QT238: He's trying to buy forgiveness for the rotten things while you've been there","type":"L","timestamp":"2023-11-09 13:20:01"},{"nodeID":"1317468","text":"Analysing","type":"YA","timestamp":"2023-11-09 13:20:01"},{"nodeID":"1317469","text":"Steffi: AudienceMember 20220609QT238: He's trying to buy forgiveness for the rotten things while you've been there","type":"L","timestamp":"2023-11-09 13:20:01"},{"nodeID":"1317470","text":"Asserting","type":"YA","timestamp":"2023-11-09 13:20:01"},{"nodeID":"1317471","text":"Default Transition","type":"TA","timestamp":"2023-11-09 13:20:01"},{"nodeID":"1317472","text":"Default Rephrase","type":"MA","timestamp":"2023-11-09 13:20:01"},{"nodeID":"1317473","text":"Restating","type":"YA","timestamp":"2023-11-09 13:20:01"},{"nodeID":"1317474","text":"Boris Johnson is trying to buy forgiveness for the rotten things, all the sleaze, the scandal","type":"I","timestamp":"2023-11-09 13:20:01"},{"nodeID":"1317475","text":"AudienceMember 20220609QT238: All the sleaze, the scandal","type":"L","timestamp":"2023-11-09 13:20:01"},{"nodeID":"1317476","text":"Analysing","type":"YA","timestamp":"2023-11-09 13:20:01"},{"nodeID":"1317477","text":"Steffi: AudienceMember 20220609QT238: All the sleaze, the scandal","type":"L","timestamp":"2023-11-09 13:20:01"},{"nodeID":"1317478","text":"Asserting","type":"YA","timestamp":"2023-11-09 13:20:01"},{"nodeID":"1317479","text":"Default Transition","type":"TA","timestamp":"2023-11-09 13:20:01"},{"nodeID":"1317480","text":"Default Rephrase","type":"MA","timestamp":"2023-11-09 13:20:01"},{"nodeID":"1317481","text":"Restating","type":"YA","timestamp":"2023-11-09 13:20:01"},{"nodeID":"1317482","text":"with 400 billion spent on Covid","type":"I","timestamp":"2023-11-09 13:20:02"},{"nodeID":"1317483","text":"Robert Buckland: With 400 billion spent on Covid","type":"L","timestamp":"2023-11-09 13:20:02"},{"nodeID":"1317484","text":"Analysing","type":"YA","timestamp":"2023-11-09 13:20:02"},{"nodeID":"1317485","text":"Steffi: Robert Buckland: With 400 billion spent on Covid","type":"L","timestamp":"2023-11-09 13:20:02"},{"nodeID":"1317486","text":"Asserting","type":"YA","timestamp":"2023-11-09 13:20:02"},{"nodeID":"1317487","text":"Default Transition","type":"TA","timestamp":"2023-11-09 13:20:02"},{"nodeID":"1317488","text":"200 grand on bloody wallpaper","type":"I","timestamp":"2023-11-09 13:20:03"},{"nodeID":"1317489","text":"AudienceMember 20220609QT239: 200 grand on bloody wallpaper","type":"L","timestamp":"2023-11-09 13:20:03"},{"nodeID":"1317490","text":"Analysing","type":"YA","timestamp":"2023-11-09 13:20:03"},{"nodeID":"1317491","text":"Steffi: AudienceMember 20220609QT239: 200 grand on bloody wallpaper","type":"L","timestamp":"2023-11-09 13:20:03"},{"nodeID":"1317492","text":"Asserting","type":"YA","timestamp":"2023-11-09 13:20:03"},{"nodeID":"1317493","text":"Default Transition","type":"TA","timestamp":"2023-11-09 13:20:03"},{"nodeID":"1317494","text":"the jobs that the government saved you is xxx","type":"I","timestamp":"2023-11-09 13:20:03"},{"nodeID":"1317495","text":"Robert Buckland: What about the jobs that the government saved you","type":"L","timestamp":"2023-11-09 13:20:03"},{"nodeID":"1317496","text":"Analysing","type":"YA","timestamp":"2023-11-09 13:20:03"},{"nodeID":"1317497","text":"Steffi: Robert Buckland: What about the jobs that the government saved you","type":"L","timestamp":"2023-11-09 13:20:03"},{"nodeID":"1317498","text":"Rhetorical Questioning","type":"YA","timestamp":"2023-11-09 13:20:03"},{"nodeID":"1317499","text":"Default Transition","type":"TA","timestamp":"2023-11-09 13:20:03"},{"nodeID":"1317500","text":"400 billion spent by government to save jobs and the economy","type":"I","timestamp":"2023-11-09 13:20:04"},{"nodeID":"1317501","text":"Robert Buckland: 400 billion spent by government to save jobs and the economy","type":"L","timestamp":"2023-11-09 13:20:04"},{"nodeID":"1317502","text":"Analysing","type":"YA","timestamp":"2023-11-09 13:20:04"},{"nodeID":"1317503","text":"Steffi: Robert Buckland: 400 billion spent by government to save jobs and the economy","type":"L","timestamp":"2023-11-09 13:20:04"},{"nodeID":"1317504","text":"Asserting","type":"YA","timestamp":"2023-11-09 13:20:04"},{"nodeID":"1317505","text":"Default Transition","type":"TA","timestamp":"2023-11-09 13:20:04"},{"nodeID":"1317506","text":"Default Rephrase","type":"MA","timestamp":"2023-11-09 13:20:04"},{"nodeID":"1317507","text":"Default Transition","type":"TA","timestamp":"2023-11-09 13:20:04"},{"nodeID":"1317508","text":"Restating","type":"YA","timestamp":"2023-11-09 13:20:04"},{"nodeID":"1317509","text":"Default Inference","type":"RA","timestamp":"2023-11-09 13:20:04"},{"nodeID":"1317510","text":"Arguing","type":"YA","timestamp":"2023-11-09 13:20:04"},{"nodeID":"1317511","text":"the interventions that this Chancellor, this government has made is xxx","type":"I","timestamp":"2023-11-09 13:20:04"},{"nodeID":"1317512","text":"Robert Buckland: What about the interventions that this Chancellor, this government","type":"L","timestamp":"2023-11-09 13:20:04"},{"nodeID":"1317513","text":"Analysing","type":"YA","timestamp":"2023-11-09 13:20:04"},{"nodeID":"1317514","text":"Steffi: Robert Buckland: What about the interventions that this Chancellor, this government","type":"L","timestamp":"2023-11-09 13:20:04"},{"nodeID":"1317515","text":"Rhetorical Questioning","type":"YA","timestamp":"2023-11-09 13:20:04"},{"nodeID":"1317516","text":"Default Transition","type":"TA","timestamp":"2023-11-09 13:20:04"},{"nodeID":"1317517","text":"people have to claim Universal Credit as well","type":"I","timestamp":"2023-11-09 13:20:05"},{"nodeID":"1317518","text":"AudienceMember 20220609QT240: People have to claim Universal Credit as well","type":"L","timestamp":"2023-11-09 13:20:05"},{"nodeID":"1317519","text":"Analysing","type":"YA","timestamp":"2023-11-09 13:20:05"},{"nodeID":"1317520","text":"Steffi: AudienceMember 20220609QT240: People have to claim Universal Credit as well","type":"L","timestamp":"2023-11-09 13:20:05"},{"nodeID":"1317521","text":"Asserting","type":"YA","timestamp":"2023-11-09 13:20:05"},{"nodeID":"1317522","text":"Default Transition","type":"TA","timestamp":"2023-11-09 13:20:05"},{"nodeID":"1317523","text":"Default Rephrase","type":"MA","timestamp":"2023-11-09 13:20:05"},{"nodeID":"1317524","text":"Default Transition","type":"TA","timestamp":"2023-11-09 13:20:05"},{"nodeID":"1317525","text":"Restating","type":"YA","timestamp":"2023-11-09 13:20:05"},{"nodeID":"1317526","text":"you can't ignore what this government has actually done to help people go","type":"I","timestamp":"2023-11-09 13:20:06"},{"nodeID":"1317527","text":"Robert Buckland: You can't ignore what this government has actually done to help people go","type":"L","timestamp":"2023-11-09 13:20:06"},{"nodeID":"1317528","text":"Analysing","type":"YA","timestamp":"2023-11-09 13:20:06"},{"nodeID":"1317529","text":"Steffi: Robert Buckland: You can't ignore what this government has actually done to help people go","type":"L","timestamp":"2023-11-09 13:20:06"},{"nodeID":"1317530","text":"Asserting","type":"YA","timestamp":"2023-11-09 13:20:06"},{"nodeID":"1317531","text":"Default Transition","type":"TA","timestamp":"2023-11-09 13:20:06"},{"nodeID":"1317532","text":"to sit there and to say that we don't care, just stretches credulity","type":"I","timestamp":"2023-11-09 13:20:06"},{"nodeID":"1317533","text":"Robert Buckland: to sit there and to say that we don't care, just - to use Naomi's point stretches credulity","type":"L","timestamp":"2023-11-09 13:20:06"},{"nodeID":"1317534","text":"Analysing","type":"YA","timestamp":"2023-11-09 13:20:06"},{"nodeID":"1317535","text":"Steffi: Robert Buckland: to sit there and to say that we don't care, just - to use Naomi's point stretches credulity","type":"L","timestamp":"2023-11-09 13:20:06"},{"nodeID":"1317536","text":"Asserting","type":"YA","timestamp":"2023-11-09 13:20:06"},{"nodeID":"1317537","text":"Default Transition","type":"TA","timestamp":"2023-11-09 13:20:06"},{"nodeID":"1317538","text":"Default Inference","type":"RA","timestamp":"2023-11-09 13:20:06"},{"nodeID":"1317539","text":"Arguing","type":"YA","timestamp":"2023-11-09 13:20:06"},{"nodeID":"1317540","text":"Robert Buckland voted not to feed hungry children","type":"I","timestamp":"2023-11-09 13:20:07"},{"nodeID":"1317541","text":"AudienceMember 20220609QT241: You voted not to feed hungry children","type":"L","timestamp":"2023-11-09 13:20:07"},{"nodeID":"1317542","text":"Analysing","type":"YA","timestamp":"2023-11-09 13:20:07"},{"nodeID":"1317543","text":"Steffi: AudienceMember 20220609QT241: You voted not to feed hungry children","type":"L","timestamp":"2023-11-09 13:20:07"},{"nodeID":"1317544","text":"Asserting","type":"YA","timestamp":"2023-11-09 13:20:07"},{"nodeID":"1317545","text":"Default Conflict","type":"CA","timestamp":"2023-11-09 13:20:07"},{"nodeID":"1317546","text":"Default Transition","type":"TA","timestamp":"2023-11-09 13:20:07"},{"nodeID":"1317547","text":"Disagreeing","type":"YA","timestamp":"2023-11-09 13:20:07"},{"nodeID":"1317548","text":"voting not to feed hungry children is disgusting","type":"I","timestamp":"2023-11-09 13:20:07"},{"nodeID":"1317549","text":"AudienceMember 20220609QT241: Disgusting","type":"L","timestamp":"2023-11-09 13:20:07"},{"nodeID":"1317550","text":"Analysing","type":"YA","timestamp":"2023-11-09 13:20:07"},{"nodeID":"1317551","text":"Steffi: AudienceMember 20220609QT241: Disgusting","type":"L","timestamp":"2023-11-09 13:20:07"},{"nodeID":"1317552","text":"Asserting","type":"YA","timestamp":"2023-11-09 13:20:07"},{"nodeID":"1317553","text":"Default Transition","type":"TA","timestamp":"2023-11-09 13:20:07"},{"nodeID":"1317554","text":"Default Inference","type":"RA","timestamp":"2023-11-09 13:20:07"},{"nodeID":"1317555","text":"Arguing","type":"YA","timestamp":"2023-11-09 13:20:07"},{"nodeID":"1317556","text":"AudienceMember 20220609QT241 is talking about free school meals","type":"I","timestamp":"2023-11-09 13:20:08"},{"nodeID":"1317557","text":"Fiona Bruce: Talking about free school meals","type":"L","timestamp":"2023-11-09 13:20:08"},{"nodeID":"1317558","text":"Analysing","type":"YA","timestamp":"2023-11-09 13:20:08"},{"nodeID":"1317559","text":"Steffi: Fiona Bruce: Talking about free school meals","type":"L","timestamp":"2023-11-09 13:20:08"},{"nodeID":"1317560","text":"Asserting","type":"YA","timestamp":"2023-11-09 13:20:08"},{"nodeID":"1317561","text":"Default Rephrase","type":"MA","timestamp":"2023-11-09 13:20:08"},{"nodeID":"1317562","text":"Default Transition","type":"TA","timestamp":"2023-11-09 13:20:08"},{"nodeID":"1317563","text":"Restating","type":"YA","timestamp":"2023-11-09 13:20:08"},{"nodeID":"1317564","text":"there was 11.8 billion worth of fraud","type":"I","timestamp":"2023-11-09 13:20:09"},{"nodeID":"1317565","text":"Peter Kyle: There was 11.8 billion worth of fraud","type":"L","timestamp":"2023-11-09 13:20:09"},{"nodeID":"1317566","text":"Analysing","type":"YA","timestamp":"2023-11-09 13:20:09"},{"nodeID":"1317567","text":"Steffi: Peter Kyle: There was 11.8 billion worth of fraud","type":"L","timestamp":"2023-11-09 13:20:09"},{"nodeID":"1317568","text":"Asserting","type":"YA","timestamp":"2023-11-09 13:20:09"},{"nodeID":"1317569","text":"Default Transition","type":"TA","timestamp":"2023-11-09 13:20:09"},{"nodeID":"1317570","text":"there were lax standards in Treasury","type":"I","timestamp":"2023-11-09 13:20:09"},{"nodeID":"1317571","text":"Peter Kyle: lax standards in Treasury","type":"L","timestamp":"2023-11-09 13:20:09"},{"nodeID":"1317572","text":"Analysing","type":"YA","timestamp":"2023-11-09 13:20:09"},{"nodeID":"1317573","text":"Steffi: Peter Kyle: lax standards in Treasury","type":"L","timestamp":"2023-11-09 13:20:09"},{"nodeID":"1317574","text":"Asserting","type":"YA","timestamp":"2023-11-09 13:20:09"},{"nodeID":"1317575","text":"Default Transition","type":"TA","timestamp":"2023-11-09 13:20:09"},{"nodeID":"1317576","text":"Default Inference","type":"RA","timestamp":"2023-11-09 13:20:09"},{"nodeID":"1317577","text":"Arguing","type":"YA","timestamp":"2023-11-09 13:20:09"},{"nodeID":"1317578","text":"rather than writing the 11.8 billion worth of fraud off, try and recover some of that money","type":"I","timestamp":"2023-11-09 13:20:10"},{"nodeID":"1317579","text":"Peter Kyle: Rather than writing that off, try and recover some of that money","type":"L","timestamp":"2023-11-09 13:20:10"},{"nodeID":"1317580","text":"Analysing","type":"YA","timestamp":"2023-11-09 13:20:10"},{"nodeID":"1317581","text":"Steffi: Peter Kyle: Rather than writing that off, try and recover some of that money","type":"L","timestamp":"2023-11-09 13:20:10"},{"nodeID":"1317582","text":"Asserting","type":"YA","timestamp":"2023-11-09 13:20:10"},{"nodeID":"1317583","text":"use some of that money to start helping people in need","type":"I","timestamp":"2023-11-09 13:20:10"},{"nodeID":"1317584","text":"Peter Kyle: use some of that money to start helping people in need","type":"L","timestamp":"2023-11-09 13:20:10"},{"nodeID":"1317585","text":"Analysing","type":"YA","timestamp":"2023-11-09 13:20:10"},{"nodeID":"1317586","text":"Steffi: Peter Kyle: use some of that money to start helping people in need","type":"L","timestamp":"2023-11-09 13:20:10"},{"nodeID":"1317587","text":"Asserting","type":"YA","timestamp":"2023-11-09 13:20:10"},{"nodeID":"1317588","text":"Default Transition","type":"TA","timestamp":"2023-11-09 13:20:10"},{"nodeID":"1317589","text":"Default Transition","type":"TA","timestamp":"2023-11-09 13:20:10"},{"nodeID":"1317590","text":"the other thing you do is cut VAT on energy straightaway and that would help people instantly","type":"I","timestamp":"2023-11-09 13:20:11"},{"nodeID":"1317591","text":"Peter Kyle: The other thing you do is cut VAT on energy straightaway and that would help people instantly","type":"L","timestamp":"2023-11-09 13:20:11"},{"nodeID":"1317592","text":"Analysing","type":"YA","timestamp":"2023-11-09 13:20:11"},{"nodeID":"1317593","text":"Steffi: Peter Kyle: The other thing you do is cut VAT on energy straightaway and that would help people instantly","type":"L","timestamp":"2023-11-09 13:20:11"},{"nodeID":"1317594","text":"Asserting","type":"YA","timestamp":"2023-11-09 13:20:11"},{"nodeID":"1317595","text":"Default Inference","type":"RA","timestamp":"2023-11-09 13:20:11"},{"nodeID":"1317596","text":"Default Inference","type":"RA","timestamp":"2023-11-09 13:20:11"},{"nodeID":"1317597","text":"Arguing","type":"YA","timestamp":"2023-11-09 13:20:11"},{"nodeID":"1317598","text":"Arguing","type":"YA","timestamp":"2023-11-09 13:20:11"},{"nodeID":"1317599","text":"using money to start helping people and cutting the VAT on energy are the things you could do straightaway rather than having overcomplicated, costly schemes that takes you five months to drag it out of government","type":"I","timestamp":"2023-11-09 13:20:12"},{"nodeID":"1317600","text":"Peter Kyle: These are the -- you could do straightaway rather than having overcomplicated, costly schemes that takes you five months to drag it out of government","type":"L","timestamp":"2023-11-09 13:20:12"},{"nodeID":"1317601","text":"Analysing","type":"YA","timestamp":"2023-11-09 13:20:12"},{"nodeID":"1317602","text":"Steffi: Peter Kyle: These are the -- you could do straightaway rather than having overcomplicated, costly schemes that takes you five months to drag it out of government","type":"L","timestamp":"2023-11-09 13:20:12"},{"nodeID":"1317603","text":"Asserting","type":"YA","timestamp":"2023-11-09 13:20:12"},{"nodeID":"1317604","text":"Default Transition","type":"TA","timestamp":"2023-11-09 13:20:12"},{"nodeID":"1317605","text":"get the money to the people that need it","type":"I","timestamp":"2023-11-09 13:20:12"},{"nodeID":"1317606","text":"AudienceMember 20220609QT237: Get the money to the people that need it","type":"L","timestamp":"2023-11-09 13:20:12"},{"nodeID":"1317607","text":"Analysing","type":"YA","timestamp":"2023-11-09 13:20:12"},{"nodeID":"1317608","text":"Steffi: AudienceMember 20220609QT237: Get the money to the people that need it","type":"L","timestamp":"2023-11-09 13:20:12"},{"nodeID":"1317609","text":"Asserting","type":"YA","timestamp":"2023-11-09 13:20:12"},{"nodeID":"1317610","text":"John Finucane sat outside Stormont for three years","type":"I","timestamp":"2023-11-09 13:20:13"},{"nodeID":"1317611","text":"AudienceMember 20220609QT237: you sat outside Stormont for three years","type":"L","timestamp":"2023-11-09 13:20:13"},{"nodeID":"1317612","text":"Analysing","type":"YA","timestamp":"2023-11-09 13:20:13"},{"nodeID":"1317613","text":"Steffi: AudienceMember 20220609QT237: you sat outside Stormont for three years","type":"L","timestamp":"2023-11-09 13:20:13"},{"nodeID":"1317614","text":"John Finucane can't say anything about the DUP","type":"I","timestamp":"2023-11-09 13:20:13"},{"nodeID":"1317615","text":"AudienceMember 20220609QT237: you can't say anything about the DUP","type":"L","timestamp":"2023-11-09 13:20:13"},{"nodeID":"1317616","text":"Analysing","type":"YA","timestamp":"2023-11-09 13:20:13"},{"nodeID":"1317617","text":"Steffi: AudienceMember 20220609QT237: you can't say anything about the DUP","type":"L","timestamp":"2023-11-09 13:20:13"},{"nodeID":"1317618","text":"Default Transition","type":"TA","timestamp":"2023-11-09 13:20:13"},{"nodeID":"1317619","text":"Default Transition","type":"TA","timestamp":"2023-11-09 13:20:13"},{"nodeID":"1317620","text":"Default Inference","type":"RA","timestamp":"2023-11-09 13:20:13"},{"nodeID":"1317621","text":"Arguing","type":"YA","timestamp":"2023-11-09 13:20:13"},{"nodeID":"1317622","text":"whether it is to cover Boris Johnson or not, and whether the Executive are sitting or not, when the money comes across","type":"I","timestamp":"2023-11-09 13:20:14"},{"nodeID":"1317623","text":"AudienceMember 20220609QT237: Whether it is to cover Boris Johnson or not, and whether the Executive are sitting or not, when the money comes across","type":"L","timestamp":"2023-11-09 13:20:14"},{"nodeID":"1317624","text":"Analysing","type":"YA","timestamp":"2023-11-09 13:20:14"},{"nodeID":"1317625","text":"Steffi: AudienceMember 20220609QT237: Whether it is to cover Boris Johnson or not, and whether the Executive are sitting or not, when the money comes across","type":"L","timestamp":"2023-11-09 13:20:14"},{"nodeID":"1317626","text":"Asserting","type":"YA","timestamp":"2023-11-09 13:20:14"},{"nodeID":"1317627","text":"Default Transition","type":"TA","timestamp":"2023-11-09 13:20:14"},{"nodeID":"1317628","text":"Default Transition","type":"TA","timestamp":"2023-11-09 13:20:14"},{"nodeID":"1317629","text":"Default Rephrase","type":"MA","timestamp":"2023-11-09 13:20:14"},{"nodeID":"1317630","text":"Default Rephrase","type":"MA","timestamp":"2023-11-09 13:20:14"},{"nodeID":"1317631","text":"Default Transition","type":"TA","timestamp":"2023-11-09 13:20:14"},{"nodeID":"1317632","text":"Restating","type":"YA","timestamp":"2023-11-09 13:20:14"},{"nodeID":"1317633","text":"Restating","type":"YA","timestamp":"2023-11-09 13:20:14"},{"nodeID":"1317634","text":"Asserting","type":"YA","timestamp":"2023-11-09 13:20:14"},{"nodeID":"1317635","text":"Asserting","type":"YA","timestamp":"2023-11-09 13:20:14"}],"edges":[{"edgeID":"1729235","fromID":"1317367","toID":"1317366","formEdgeID":null},{"edgeID":"1729236","fromID":"1317368","toID":"1317367","formEdgeID":null},{"edgeID":"1729237","fromID":"1317366","toID":"1317369","formEdgeID":null},{"edgeID":"1729238","fromID":"1317369","toID":"1317365","formEdgeID":null},{"edgeID":"1729239","fromID":"1317372","toID":"1317371","formEdgeID":null},{"edgeID":"1729240","fromID":"1317373","toID":"1317372","formEdgeID":null},{"edgeID":"1729241","fromID":"1317371","toID":"1317374","formEdgeID":null},{"edgeID":"1729242","fromID":"1317374","toID":"1317370","formEdgeID":null},{"edgeID":"1729243","fromID":"1317366","toID":"1317375","formEdgeID":null},{"edgeID":"1729244","fromID":"1317375","toID":"1317371","formEdgeID":null},{"edgeID":"1729245","fromID":"1317365","toID":"1317376","formEdgeID":null},{"edgeID":"1729246","fromID":"1317376","toID":"1317370","formEdgeID":null},{"edgeID":"1729247","fromID":"1317379","toID":"1317378","formEdgeID":null},{"edgeID":"1729248","fromID":"1317380","toID":"1317379","formEdgeID":null},{"edgeID":"1729249","fromID":"1317378","toID":"1317381","formEdgeID":null},{"edgeID":"1729250","fromID":"1317381","toID":"1317377","formEdgeID":null},{"edgeID":"1729251","fromID":"1317371","toID":"1317382","formEdgeID":null},{"edgeID":"1729252","fromID":"1317382","toID":"1317378","formEdgeID":null},{"edgeID":"1729253","fromID":"1317385","toID":"1317384","formEdgeID":null},{"edgeID":"1729254","fromID":"1317386","toID":"1317385","formEdgeID":null},{"edgeID":"1729255","fromID":"1317384","toID":"1317387","formEdgeID":null},{"edgeID":"1729256","fromID":"1317387","toID":"1317383","formEdgeID":null},{"edgeID":"1729257","fromID":"1317378","toID":"1317388","formEdgeID":null},{"edgeID":"1729258","fromID":"1317388","toID":"1317384","formEdgeID":null},{"edgeID":"1729259","fromID":"1317377","toID":"1317389","formEdgeID":null},{"edgeID":"1729260","fromID":"1317389","toID":"1317383","formEdgeID":null},{"edgeID":"1729261","fromID":"1317388","toID":"1317390","formEdgeID":null},{"edgeID":"1729262","fromID":"1317390","toID":"1317389","formEdgeID":null},{"edgeID":"1729263","fromID":"1317393","toID":"1317392","formEdgeID":null},{"edgeID":"1729264","fromID":"1317394","toID":"1317393","formEdgeID":null},{"edgeID":"1729265","fromID":"1317392","toID":"1317395","formEdgeID":null},{"edgeID":"1729266","fromID":"1317395","toID":"1317391","formEdgeID":null},{"edgeID":"1729267","fromID":"1317384","toID":"1317396","formEdgeID":null},{"edgeID":"1729268","fromID":"1317396","toID":"1317392","formEdgeID":null},{"edgeID":"1729269","fromID":"1317383","toID":"1317397","formEdgeID":null},{"edgeID":"1729270","fromID":"1317397","toID":"1317391","formEdgeID":null},{"edgeID":"1729271","fromID":"1317396","toID":"1317398","formEdgeID":null},{"edgeID":"1729272","fromID":"1317398","toID":"1317397","formEdgeID":null},{"edgeID":"1729273","fromID":"1317401","toID":"1317400","formEdgeID":null},{"edgeID":"1729274","fromID":"1317402","toID":"1317401","formEdgeID":null},{"edgeID":"1729275","fromID":"1317400","toID":"1317403","formEdgeID":null},{"edgeID":"1729276","fromID":"1317403","toID":"1317399","formEdgeID":null},{"edgeID":"1729277","fromID":"1317392","toID":"1317404","formEdgeID":null},{"edgeID":"1729278","fromID":"1317404","toID":"1317400","formEdgeID":null},{"edgeID":"1729279","fromID":"1317406","toID":"1317405","formEdgeID":null},{"edgeID":"1729280","fromID":"1317407","toID":"1317406","formEdgeID":null},{"edgeID":"1729281","fromID":"1317400","toID":"1317408","formEdgeID":null},{"edgeID":"1729282","fromID":"1317408","toID":"1317405","formEdgeID":null},{"edgeID":"1729283","fromID":"1317408","toID":"1317409","formEdgeID":null},{"edgeID":"1729284","fromID":"1317409","toID":"1317399","formEdgeID":null},{"edgeID":"1729285","fromID":"1317399","toID":"1317410","formEdgeID":null},{"edgeID":"1729286","fromID":"1317410","toID":"1317391","formEdgeID":null},{"edgeID":"1729287","fromID":"1317404","toID":"1317411","formEdgeID":null},{"edgeID":"1729288","fromID":"1317411","toID":"1317410","formEdgeID":null},{"edgeID":"1729289","fromID":"1317414","toID":"1317413","formEdgeID":null},{"edgeID":"1729290","fromID":"1317415","toID":"1317414","formEdgeID":null},{"edgeID":"1729291","fromID":"1317413","toID":"1317416","formEdgeID":null},{"edgeID":"1729292","fromID":"1317416","toID":"1317412","formEdgeID":null},{"edgeID":"1729293","fromID":"1317405","toID":"1317417","formEdgeID":null},{"edgeID":"1729294","fromID":"1317417","toID":"1317413","formEdgeID":null},{"edgeID":"1729295","fromID":"1317419","toID":"1317418","formEdgeID":null},{"edgeID":"1729296","fromID":"1317420","toID":"1317419","formEdgeID":null},{"edgeID":"1729297","fromID":"1317413","toID":"1317421","formEdgeID":null},{"edgeID":"1729298","fromID":"1317421","toID":"1317418","formEdgeID":null},{"edgeID":"1729299","fromID":"1317421","toID":"1317422","formEdgeID":null},{"edgeID":"1729300","fromID":"1317422","toID":"1317412","formEdgeID":null},{"edgeID":"1729301","fromID":"1317425","toID":"1317424","formEdgeID":null},{"edgeID":"1729302","fromID":"1317426","toID":"1317425","formEdgeID":null},{"edgeID":"1729303","fromID":"1317424","toID":"1317427","formEdgeID":null},{"edgeID":"1729304","fromID":"1317427","toID":"1317423","formEdgeID":null},{"edgeID":"1729305","fromID":"1317418","toID":"1317428","formEdgeID":null},{"edgeID":"1729306","fromID":"1317428","toID":"1317424","formEdgeID":null},{"edgeID":"1729307","fromID":"1317431","toID":"1317430","formEdgeID":null},{"edgeID":"1729308","fromID":"1317432","toID":"1317431","formEdgeID":null},{"edgeID":"1729309","fromID":"1317430","toID":"1317433","formEdgeID":null},{"edgeID":"1729310","fromID":"1317433","toID":"1317429","formEdgeID":null},{"edgeID":"1729311","fromID":"1317424","toID":"1317434","formEdgeID":null},{"edgeID":"1729312","fromID":"1317434","toID":"1317430","formEdgeID":null},{"edgeID":"1729313","fromID":"1317423","toID":"1317435","formEdgeID":null},{"edgeID":"1729314","fromID":"1317435","toID":"1317429","formEdgeID":null},{"edgeID":"1729315","fromID":"1317434","toID":"1317436","formEdgeID":null},{"edgeID":"1729316","fromID":"1317436","toID":"1317435","formEdgeID":null},{"edgeID":"1729317","fromID":"1317438","toID":"1317437","formEdgeID":null},{"edgeID":"1729318","fromID":"1317439","toID":"1317438","formEdgeID":null},{"edgeID":"1729319","fromID":"1317437","toID":"1317440","formEdgeID":null},{"edgeID":"1729320","fromID":"1317440","toID":"1317429","formEdgeID":null},{"edgeID":"1729321","fromID":"1317430","toID":"1317441","formEdgeID":null},{"edgeID":"1729322","fromID":"1317441","toID":"1317437","formEdgeID":null},{"edgeID":"1729323","fromID":"1317429","toID":"1317442","formEdgeID":null},{"edgeID":"1729324","fromID":"1317442","toID":"1317429","formEdgeID":null},{"edgeID":"1729325","fromID":"1317441","toID":"1317443","formEdgeID":null},{"edgeID":"1729326","fromID":"1317443","toID":"1317442","formEdgeID":null},{"edgeID":"1729327","fromID":"1317391","toID":"1317444","formEdgeID":null},{"edgeID":"1729328","fromID":"1317444","toID":"1317370","formEdgeID":null},{"edgeID":"1729329","fromID":"1317371","toID":"1317445","formEdgeID":null},{"edgeID":"1729330","fromID":"1317445","toID":"1317392","formEdgeID":null},{"edgeID":"1729331","fromID":"1317445","toID":"1317446","formEdgeID":null},{"edgeID":"1729332","fromID":"1317446","toID":"1317444","formEdgeID":null},{"edgeID":"1729333","fromID":"1317449","toID":"1317448","formEdgeID":null},{"edgeID":"1729334","fromID":"1317450","toID":"1317449","formEdgeID":null},{"edgeID":"1729335","fromID":"1317448","toID":"1317451","formEdgeID":null},{"edgeID":"1729336","fromID":"1317451","toID":"1317447","formEdgeID":null},{"edgeID":"1729337","fromID":"1317437","toID":"1317452","formEdgeID":null},{"edgeID":"1729338","fromID":"1317452","toID":"1317448","formEdgeID":null},{"edgeID":"1729339","fromID":"1317455","toID":"1317454","formEdgeID":null},{"edgeID":"1729340","fromID":"1317456","toID":"1317455","formEdgeID":null},{"edgeID":"1729341","fromID":"1317454","toID":"1317457","formEdgeID":null},{"edgeID":"1729342","fromID":"1317457","toID":"1317453","formEdgeID":null},{"edgeID":"1729343","fromID":"1317460","toID":"1317459","formEdgeID":null},{"edgeID":"1729344","fromID":"1317461","toID":"1317460","formEdgeID":null},{"edgeID":"1729345","fromID":"1317459","toID":"1317462","formEdgeID":null},{"edgeID":"1729346","fromID":"1317462","toID":"1317458","formEdgeID":null},{"edgeID":"1729347","fromID":"1317454","toID":"1317463","formEdgeID":null},{"edgeID":"1729348","fromID":"1317463","toID":"1317459","formEdgeID":null},{"edgeID":"1729349","fromID":"1317458","toID":"1317464","formEdgeID":null},{"edgeID":"1729350","fromID":"1317464","toID":"1317453","formEdgeID":null},{"edgeID":"1729351","fromID":"1317463","toID":"1317465","formEdgeID":null},{"edgeID":"1729352","fromID":"1317465","toID":"1317464","formEdgeID":null},{"edgeID":"1729353","fromID":"1317468","toID":"1317467","formEdgeID":null},{"edgeID":"1729354","fromID":"1317469","toID":"1317468","formEdgeID":null},{"edgeID":"1729355","fromID":"1317467","toID":"1317470","formEdgeID":null},{"edgeID":"1729356","fromID":"1317470","toID":"1317466","formEdgeID":null},{"edgeID":"1729357","fromID":"1317459","toID":"1317471","formEdgeID":null},{"edgeID":"1729358","fromID":"1317471","toID":"1317467","formEdgeID":null},{"edgeID":"1729359","fromID":"1317466","toID":"1317472","formEdgeID":null},{"edgeID":"1729360","fromID":"1317472","toID":"1317458","formEdgeID":null},{"edgeID":"1729361","fromID":"1317471","toID":"1317473","formEdgeID":null},{"edgeID":"1729362","fromID":"1317473","toID":"1317472","formEdgeID":null},{"edgeID":"1729363","fromID":"1317476","toID":"1317475","formEdgeID":null},{"edgeID":"1729364","fromID":"1317477","toID":"1317476","formEdgeID":null},{"edgeID":"1729365","fromID":"1317475","toID":"1317478","formEdgeID":null},{"edgeID":"1729366","fromID":"1317478","toID":"1317474","formEdgeID":null},{"edgeID":"1729367","fromID":"1317467","toID":"1317479","formEdgeID":null},{"edgeID":"1729368","fromID":"1317479","toID":"1317475","formEdgeID":null},{"edgeID":"1729369","fromID":"1317474","toID":"1317480","formEdgeID":null},{"edgeID":"1729370","fromID":"1317480","toID":"1317466","formEdgeID":null},{"edgeID":"1729371","fromID":"1317479","toID":"1317481","formEdgeID":null},{"edgeID":"1729372","fromID":"1317481","toID":"1317480","formEdgeID":null},{"edgeID":"1729373","fromID":"1317484","toID":"1317483","formEdgeID":null},{"edgeID":"1729374","fromID":"1317485","toID":"1317484","formEdgeID":null},{"edgeID":"1729375","fromID":"1317483","toID":"1317486","formEdgeID":null},{"edgeID":"1729376","fromID":"1317486","toID":"1317482","formEdgeID":null},{"edgeID":"1729377","fromID":"1317475","toID":"1317487","formEdgeID":null},{"edgeID":"1729378","fromID":"1317487","toID":"1317483","formEdgeID":null},{"edgeID":"1729379","fromID":"1317490","toID":"1317489","formEdgeID":null},{"edgeID":"1729380","fromID":"1317491","toID":"1317490","formEdgeID":null},{"edgeID":"1729381","fromID":"1317489","toID":"1317492","formEdgeID":null},{"edgeID":"1729382","fromID":"1317492","toID":"1317488","formEdgeID":null},{"edgeID":"1729383","fromID":"1317483","toID":"1317493","formEdgeID":null},{"edgeID":"1729384","fromID":"1317493","toID":"1317489","formEdgeID":null},{"edgeID":"1729385","fromID":"1317496","toID":"1317495","formEdgeID":null},{"edgeID":"1729386","fromID":"1317497","toID":"1317496","formEdgeID":null},{"edgeID":"1729387","fromID":"1317495","toID":"1317498","formEdgeID":null},{"edgeID":"1729388","fromID":"1317498","toID":"1317494","formEdgeID":null},{"edgeID":"1729389","fromID":"1317489","toID":"1317499","formEdgeID":null},{"edgeID":"1729390","fromID":"1317499","toID":"1317495","formEdgeID":null},{"edgeID":"1729391","fromID":"1317502","toID":"1317501","formEdgeID":null},{"edgeID":"1729392","fromID":"1317503","toID":"1317502","formEdgeID":null},{"edgeID":"1729393","fromID":"1317501","toID":"1317504","formEdgeID":null},{"edgeID":"1729394","fromID":"1317504","toID":"1317500","formEdgeID":null},{"edgeID":"1729395","fromID":"1317495","toID":"1317505","formEdgeID":null},{"edgeID":"1729396","fromID":"1317505","toID":"1317501","formEdgeID":null},{"edgeID":"1729397","fromID":"1317500","toID":"1317506","formEdgeID":null},{"edgeID":"1729398","fromID":"1317506","toID":"1317482","formEdgeID":null},{"edgeID":"1729399","fromID":"1317483","toID":"1317507","formEdgeID":null},{"edgeID":"1729400","fromID":"1317507","toID":"1317501","formEdgeID":null},{"edgeID":"1729401","fromID":"1317507","toID":"1317508","formEdgeID":null},{"edgeID":"1729402","fromID":"1317508","toID":"1317506","formEdgeID":null},{"edgeID":"1729403","fromID":"1317494","toID":"1317509","formEdgeID":null},{"edgeID":"1729404","fromID":"1317509","toID":"1317500","formEdgeID":null},{"edgeID":"1729405","fromID":"1317505","toID":"1317510","formEdgeID":null},{"edgeID":"1729406","fromID":"1317510","toID":"1317509","formEdgeID":null},{"edgeID":"1729407","fromID":"1317513","toID":"1317512","formEdgeID":null},{"edgeID":"1729408","fromID":"1317514","toID":"1317513","formEdgeID":null},{"edgeID":"1729409","fromID":"1317512","toID":"1317515","formEdgeID":null},{"edgeID":"1729410","fromID":"1317515","toID":"1317511","formEdgeID":null},{"edgeID":"1729411","fromID":"1317501","toID":"1317516","formEdgeID":null},{"edgeID":"1729412","fromID":"1317516","toID":"1317512","formEdgeID":null},{"edgeID":"1729413","fromID":"1317519","toID":"1317518","formEdgeID":null},{"edgeID":"1729414","fromID":"1317520","toID":"1317519","formEdgeID":null},{"edgeID":"1729415","fromID":"1317518","toID":"1317521","formEdgeID":null},{"edgeID":"1729416","fromID":"1317521","toID":"1317517","formEdgeID":null},{"edgeID":"1729417","fromID":"1317512","toID":"1317522","formEdgeID":null},{"edgeID":"1729418","fromID":"1317522","toID":"1317518","formEdgeID":null},{"edgeID":"1729419","fromID":"1317517","toID":"1317523","formEdgeID":null},{"edgeID":"1729420","fromID":"1317523","toID":"1317383","formEdgeID":null},{"edgeID":"1729421","fromID":"1317384","toID":"1317524","formEdgeID":null},{"edgeID":"1729422","fromID":"1317524","toID":"1317518","formEdgeID":null},{"edgeID":"1729423","fromID":"1317524","toID":"1317525","formEdgeID":null},{"edgeID":"1729424","fromID":"1317525","toID":"1317523","formEdgeID":null},{"edgeID":"1729425","fromID":"1317528","toID":"1317527","formEdgeID":null},{"edgeID":"1729426","fromID":"1317529","toID":"1317528","formEdgeID":null},{"edgeID":"1729427","fromID":"1317527","toID":"1317530","formEdgeID":null},{"edgeID":"1729428","fromID":"1317530","toID":"1317526","formEdgeID":null},{"edgeID":"1729429","fromID":"1317518","toID":"1317531","formEdgeID":null},{"edgeID":"1729430","fromID":"1317531","toID":"1317527","formEdgeID":null},{"edgeID":"1729431","fromID":"1317534","toID":"1317533","formEdgeID":null},{"edgeID":"1729432","fromID":"1317535","toID":"1317534","formEdgeID":null},{"edgeID":"1729433","fromID":"1317533","toID":"1317536","formEdgeID":null},{"edgeID":"1729434","fromID":"1317536","toID":"1317532","formEdgeID":null},{"edgeID":"1729435","fromID":"1317527","toID":"1317537","formEdgeID":null},{"edgeID":"1729436","fromID":"1317537","toID":"1317533","formEdgeID":null},{"edgeID":"1729437","fromID":"1317532","toID":"1317538","formEdgeID":null},{"edgeID":"1729438","fromID":"1317538","toID":"1317526","formEdgeID":null},{"edgeID":"1729439","fromID":"1317537","toID":"1317539","formEdgeID":null},{"edgeID":"1729440","fromID":"1317539","toID":"1317538","formEdgeID":null},{"edgeID":"1729441","fromID":"1317542","toID":"1317541","formEdgeID":null},{"edgeID":"1729442","fromID":"1317543","toID":"1317542","formEdgeID":null},{"edgeID":"1729443","fromID":"1317541","toID":"1317544","formEdgeID":null},{"edgeID":"1729444","fromID":"1317544","toID":"1317540","formEdgeID":null},{"edgeID":"1729445","fromID":"1317540","toID":"1317545","formEdgeID":null},{"edgeID":"1729446","fromID":"1317545","toID":"1317526","formEdgeID":null},{"edgeID":"1729447","fromID":"1317527","toID":"1317546","formEdgeID":null},{"edgeID":"1729448","fromID":"1317546","toID":"1317541","formEdgeID":null},{"edgeID":"1729449","fromID":"1317546","toID":"1317547","formEdgeID":null},{"edgeID":"1729450","fromID":"1317547","toID":"1317545","formEdgeID":null},{"edgeID":"1729451","fromID":"1317550","toID":"1317549","formEdgeID":null},{"edgeID":"1729452","fromID":"1317551","toID":"1317550","formEdgeID":null},{"edgeID":"1729453","fromID":"1317549","toID":"1317552","formEdgeID":null},{"edgeID":"1729454","fromID":"1317552","toID":"1317548","formEdgeID":null},{"edgeID":"1729455","fromID":"1317541","toID":"1317553","formEdgeID":null},{"edgeID":"1729456","fromID":"1317553","toID":"1317549","formEdgeID":null},{"edgeID":"1729457","fromID":"1317540","toID":"1317554","formEdgeID":null},{"edgeID":"1729458","fromID":"1317554","toID":"1317548","formEdgeID":null},{"edgeID":"1729459","fromID":"1317553","toID":"1317555","formEdgeID":null},{"edgeID":"1729460","fromID":"1317555","toID":"1317554","formEdgeID":null},{"edgeID":"1729461","fromID":"1317558","toID":"1317557","formEdgeID":null},{"edgeID":"1729462","fromID":"1317559","toID":"1317558","formEdgeID":null},{"edgeID":"1729463","fromID":"1317557","toID":"1317560","formEdgeID":null},{"edgeID":"1729464","fromID":"1317560","toID":"1317556","formEdgeID":null},{"edgeID":"1729465","fromID":"1317556","toID":"1317561","formEdgeID":null},{"edgeID":"1729466","fromID":"1317561","toID":"1317540","formEdgeID":null},{"edgeID":"1729467","fromID":"1317541","toID":"1317562","formEdgeID":null},{"edgeID":"1729468","fromID":"1317562","toID":"1317557","formEdgeID":null},{"edgeID":"1729469","fromID":"1317562","toID":"1317563","formEdgeID":null},{"edgeID":"1729470","fromID":"1317563","toID":"1317561","formEdgeID":null},{"edgeID":"1729471","fromID":"1317566","toID":"1317565","formEdgeID":null},{"edgeID":"1729472","fromID":"1317567","toID":"1317566","formEdgeID":null},{"edgeID":"1729473","fromID":"1317565","toID":"1317568","formEdgeID":null},{"edgeID":"1729474","fromID":"1317568","toID":"1317564","formEdgeID":null},{"edgeID":"1729475","fromID":"1317557","toID":"1317569","formEdgeID":null},{"edgeID":"1729476","fromID":"1317569","toID":"1317565","formEdgeID":null},{"edgeID":"1729477","fromID":"1317572","toID":"1317571","formEdgeID":null},{"edgeID":"1729478","fromID":"1317573","toID":"1317572","formEdgeID":null},{"edgeID":"1729479","fromID":"1317571","toID":"1317574","formEdgeID":null},{"edgeID":"1729480","fromID":"1317574","toID":"1317570","formEdgeID":null},{"edgeID":"1729481","fromID":"1317565","toID":"1317575","formEdgeID":null},{"edgeID":"1729482","fromID":"1317575","toID":"1317571","formEdgeID":null},{"edgeID":"1729483","fromID":"1317570","toID":"1317576","formEdgeID":null},{"edgeID":"1729484","fromID":"1317576","toID":"1317564","formEdgeID":null},{"edgeID":"1729485","fromID":"1317575","toID":"1317577","formEdgeID":null},{"edgeID":"1729486","fromID":"1317577","toID":"1317576","formEdgeID":null},{"edgeID":"1729487","fromID":"1317580","toID":"1317579","formEdgeID":null},{"edgeID":"1729488","fromID":"1317581","toID":"1317580","formEdgeID":null},{"edgeID":"1729489","fromID":"1317579","toID":"1317582","formEdgeID":null},{"edgeID":"1729490","fromID":"1317582","toID":"1317578","formEdgeID":null},{"edgeID":"1729491","fromID":"1317585","toID":"1317584","formEdgeID":null},{"edgeID":"1729492","fromID":"1317586","toID":"1317585","formEdgeID":null},{"edgeID":"1729493","fromID":"1317584","toID":"1317587","formEdgeID":null},{"edgeID":"1729494","fromID":"1317587","toID":"1317583","formEdgeID":null},{"edgeID":"1729495","fromID":"1317571","toID":"1317588","formEdgeID":null},{"edgeID":"1729496","fromID":"1317588","toID":"1317579","formEdgeID":null},{"edgeID":"1729497","fromID":"1317579","toID":"1317589","formEdgeID":null},{"edgeID":"1729498","fromID":"1317589","toID":"1317584","formEdgeID":null},{"edgeID":"1729499","fromID":"1317592","toID":"1317591","formEdgeID":null},{"edgeID":"1729500","fromID":"1317593","toID":"1317592","formEdgeID":null},{"edgeID":"1729501","fromID":"1317591","toID":"1317594","formEdgeID":null},{"edgeID":"1729502","fromID":"1317594","toID":"1317590","formEdgeID":null},{"edgeID":"1729503","fromID":"1317570","toID":"1317595","formEdgeID":null},{"edgeID":"1729504","fromID":"1317595","toID":"1317578","formEdgeID":null},{"edgeID":"1729505","fromID":"1317578","toID":"1317596","formEdgeID":null},{"edgeID":"1729506","fromID":"1317596","toID":"1317583","formEdgeID":null},{"edgeID":"1729507","fromID":"1317588","toID":"1317597","formEdgeID":null},{"edgeID":"1729508","fromID":"1317597","toID":"1317595","formEdgeID":null},{"edgeID":"1729509","fromID":"1317589","toID":"1317598","formEdgeID":null},{"edgeID":"1729510","fromID":"1317598","toID":"1317596","formEdgeID":null},{"edgeID":"1729511","fromID":"1317601","toID":"1317600","formEdgeID":null},{"edgeID":"1729512","fromID":"1317602","toID":"1317601","formEdgeID":null},{"edgeID":"1729513","fromID":"1317600","toID":"1317603","formEdgeID":null},{"edgeID":"1729514","fromID":"1317603","toID":"1317599","formEdgeID":null},{"edgeID":"1729515","fromID":"1317591","toID":"1317604","formEdgeID":null},{"edgeID":"1729516","fromID":"1317604","toID":"1317600","formEdgeID":null},{"edgeID":"1729517","fromID":"1317607","toID":"1317606","formEdgeID":null},{"edgeID":"1729518","fromID":"1317608","toID":"1317607","formEdgeID":null},{"edgeID":"1729519","fromID":"1317606","toID":"1317609","formEdgeID":null},{"edgeID":"1729520","fromID":"1317609","toID":"1317605","formEdgeID":null},{"edgeID":"1729521","fromID":"1317612","toID":"1317611","formEdgeID":null},{"edgeID":"1729522","fromID":"1317613","toID":"1317612","formEdgeID":null},{"edgeID":"1729523","fromID":"1317616","toID":"1317615","formEdgeID":null},{"edgeID":"1729524","fromID":"1317617","toID":"1317616","formEdgeID":null},{"edgeID":"1729525","fromID":"1317615","toID":"1317618","formEdgeID":null},{"edgeID":"1729526","fromID":"1317618","toID":"1317606","formEdgeID":null},{"edgeID":"1729527","fromID":"1317611","toID":"1317619","formEdgeID":null},{"edgeID":"1729528","fromID":"1317619","toID":"1317615","formEdgeID":null},{"edgeID":"1729529","fromID":"1317610","toID":"1317620","formEdgeID":null},{"edgeID":"1729530","fromID":"1317620","toID":"1317614","formEdgeID":null},{"edgeID":"1729531","fromID":"1317619","toID":"1317621","formEdgeID":null},{"edgeID":"1729532","fromID":"1317621","toID":"1317620","formEdgeID":null},{"edgeID":"1729533","fromID":"1317624","toID":"1317623","formEdgeID":null},{"edgeID":"1729534","fromID":"1317625","toID":"1317624","formEdgeID":null},{"edgeID":"1729535","fromID":"1317623","toID":"1317626","formEdgeID":null},{"edgeID":"1729536","fromID":"1317626","toID":"1317622","formEdgeID":null},{"edgeID":"1729537","fromID":"1317448","toID":"1317627","formEdgeID":null},{"edgeID":"1729538","fromID":"1317627","toID":"1317623","formEdgeID":null},{"edgeID":"1729539","fromID":"1317623","toID":"1317628","formEdgeID":null},{"edgeID":"1729540","fromID":"1317628","toID":"1317611","formEdgeID":null},{"edgeID":"1729541","fromID":"1317599","toID":"1317629","formEdgeID":null},{"edgeID":"1729542","fromID":"1317629","toID":"1317590","formEdgeID":null},{"edgeID":"1729543","fromID":"1317599","toID":"1317630","formEdgeID":null},{"edgeID":"1729544","fromID":"1317630","toID":"1317583","formEdgeID":null},{"edgeID":"1729545","fromID":"1317584","toID":"1317631","formEdgeID":null},{"edgeID":"1729546","fromID":"1317631","toID":"1317600","formEdgeID":null},{"edgeID":"1729547","fromID":"1317631","toID":"1317632","formEdgeID":null},{"edgeID":"1729548","fromID":"1317632","toID":"1317630","formEdgeID":null},{"edgeID":"1729549","fromID":"1317604","toID":"1317633","formEdgeID":null},{"edgeID":"1729550","fromID":"1317633","toID":"1317629","formEdgeID":null},{"edgeID":"1729551","fromID":"1317615","toID":"1317634","formEdgeID":null},{"edgeID":"1729552","fromID":"1317634","toID":"1317614","formEdgeID":null},{"edgeID":"1729553","fromID":"1317611","toID":"1317635","formEdgeID":null},{"edgeID":"1729554","fromID":"1317635","toID":"1317610","formEdgeID":null}],"locutions":[]}