{"nodes":[{"nodeID":"1143094","text":"the Protocol was designed by Robert Buckland's own government as a soft landing zone for Brexit","type":"I","timestamp":"2023-04-11 21:00:59"},{"nodeID":"1143127","text":"what businesses need is an agreed solution","type":"I","timestamp":"2023-04-11 21:01:35"},{"nodeID":"1143132","text":"businesses need an agreed way forward","type":"I","timestamp":"2023-04-11 21:01:43"},{"nodeID":"1143155","text":"what we can't do is throw the Protocol out","type":"I","timestamp":"2023-04-11 21:02:13"},{"nodeID":"1143163","text":"without the Protocol the entire trade and co-operation agreement between the EU and UK is put in jeopardy","type":"I","timestamp":"2023-04-11 21:02:20"},{"nodeID":"1317882","text":"the majority of people in Northern Ireland did not consent to the Northern Ireland Protocol","type":"I","timestamp":"2023-11-09 13:20:36"},{"nodeID":"1317883","text":"Naomi Long: When the majority of people in Northern Ireland did not consent to that change","type":"L","timestamp":"2023-11-09 13:20:36"},{"nodeID":"1317884","text":"Analysing","type":"YA","timestamp":"2023-11-09 13:20:36"},{"nodeID":"1317885","text":"Anon: Naomi Long: When the majority of people in Northern Ireland did not consent to that change","type":"L","timestamp":"2023-11-09 13:20:36"},{"nodeID":"1317886","text":"Rhetorical Questioning","type":"YA","timestamp":"2023-11-09 13:20:36"},{"nodeID":"1317887","text":"the government not only ploughed ahead with Brexit but ploughed ahead with the hardest form of Brexit","type":"I","timestamp":"2023-11-09 13:20:36"},{"nodeID":"1317888","text":"Naomi Long:  the government not only ploughed ahead with Brexit but ploughed ahead with the hardest form of Brexit","type":"L","timestamp":"2023-11-09 13:20:36"},{"nodeID":"1317889","text":"Analysing","type":"YA","timestamp":"2023-11-09 13:20:36"},{"nodeID":"1317890","text":"Anon: Naomi Long:  the government not only ploughed ahead with Brexit but ploughed ahead with the hardest form of Brexit","type":"L","timestamp":"2023-11-09 13:20:36"},{"nodeID":"1317891","text":"Asserting","type":"YA","timestamp":"2023-11-09 13:20:36"},{"nodeID":"1317892","text":"Default Conflict","type":"CA","timestamp":"2023-11-09 13:20:36"},{"nodeID":"1317893","text":"Default Transition","type":"TA","timestamp":"2023-11-09 13:20:36"},{"nodeID":"1317894","text":"Disagreeing","type":"YA","timestamp":"2023-11-09 13:20:36"},{"nodeID":"1317895","text":"Naomi Long: The Protocol was designed by his own government as a soft landing zone for Brexit","type":"L","timestamp":"2023-11-09 13:20:37"},{"nodeID":"1317896","text":"Analysing","type":"YA","timestamp":"2023-11-09 13:20:37"},{"nodeID":"1317897","text":"Anon: Naomi Long: The Protocol was designed - not something that I supported - by his own government as a soft landing zone for Brexit","type":"L","timestamp":"2023-11-09 13:20:37"},{"nodeID":"1317898","text":"Asserting","type":"YA","timestamp":"2023-11-09 13:20:37"},{"nodeID":"1317899","text":"Default Transition","type":"TA","timestamp":"2023-11-09 13:20:37"},{"nodeID":"1317900","text":"Naomi Lang did not support the Protocol having been designed by Robert Buckland's own government as a soft landing zone for Brexit","type":"I","timestamp":"2023-11-09 13:20:37"},{"nodeID":"1317901","text":"Naomi Long: not something that I supported","type":"L","timestamp":"2023-11-09 13:20:37"},{"nodeID":"1317902","text":"Analysing","type":"YA","timestamp":"2023-11-09 13:20:37"},{"nodeID":"1317903","text":"Anon: Naomi Long: not something that I supported","type":"L","timestamp":"2023-11-09 13:20:37"},{"nodeID":"1317904","text":"Asserting","type":"YA","timestamp":"2023-11-09 13:20:37"},{"nodeID":"1317905","text":"the Northern Ireland Protocol having been designed by Robert Buckland's own government as a soft landing zone for Brexit was in order that Northern Ireland would be as insulated from the difficulties that Brexit was going to create in terms of trade friction","type":"I","timestamp":"2023-11-09 13:20:38"},{"nodeID":"1317906","text":"Naomi Long: That was in order that Northern Ireland would be as insulated from the difficulties that Brexit was going to create in terms of trade friction","type":"L","timestamp":"2023-11-09 13:20:38"},{"nodeID":"1317907","text":"Analysing","type":"YA","timestamp":"2023-11-09 13:20:38"},{"nodeID":"1317908","text":"Anon: Naomi Long: That was in order that Northern Ireland would be as insulated from the difficulties that Brexit was going to create in terms of trade friction","type":"L","timestamp":"2023-11-09 13:20:38"},{"nodeID":"1317909","text":"Asserting","type":"YA","timestamp":"2023-11-09 13:20:38"},{"nodeID":"1317910","text":"Default Rephrase","type":"MA","timestamp":"2023-11-09 13:20:38"},{"nodeID":"1317911","text":"Default Transition","type":"TA","timestamp":"2023-11-09 13:20:38"},{"nodeID":"1317912","text":"Restating","type":"YA","timestamp":"2023-11-09 13:20:38"},{"nodeID":"1317913","text":"Default Transition","type":"TA","timestamp":"2023-11-09 13:20:38"},{"nodeID":"1317914","text":"Default Rephrase","type":"MA","timestamp":"2023-11-09 13:20:38"},{"nodeID":"1317915","text":"Restating","type":"YA","timestamp":"2023-11-09 13:20:38"},{"nodeID":"1317916","text":"the Northern Ireland Protocol also presents us with opportunities","type":"I","timestamp":"2023-11-09 13:20:39"},{"nodeID":"1317917","text":"Naomi Long: It also presents us with opportunities","type":"L","timestamp":"2023-11-09 13:20:39"},{"nodeID":"1317918","text":"Analysing","type":"YA","timestamp":"2023-11-09 13:20:39"},{"nodeID":"1317919","text":"Anon: Naomi Long: It also presents us with opportunities","type":"L","timestamp":"2023-11-09 13:20:39"},{"nodeID":"1317920","text":"Asserting","type":"YA","timestamp":"2023-11-09 13:20:39"},{"nodeID":"1317921","text":"Default Conflict","type":"CA","timestamp":"2023-11-09 13:20:39"},{"nodeID":"1317922","text":"Default Transition","type":"TA","timestamp":"2023-11-09 13:20:39"},{"nodeID":"1317923","text":"Disagreeing","type":"YA","timestamp":"2023-11-09 13:20:39"},{"nodeID":"1317924","text":"the only way we can actually exploit those opportunities to balance the negatives is if we get back into government and start working together to deliver for people","type":"I","timestamp":"2023-11-09 13:20:39"},{"nodeID":"1317925","text":"Naomi Long: the only way we can actually exploit those opportunities to balance the negatives is if we get back into government and start working together to deliver for people","type":"L","timestamp":"2023-11-09 13:20:39"},{"nodeID":"1317926","text":"Analysing","type":"YA","timestamp":"2023-11-09 13:20:39"},{"nodeID":"1317927","text":"Anon: Naomi Long: the only way we can actually exploit those opportunities to balance the negatives is if we get back into government and start working together to deliver for people","type":"L","timestamp":"2023-11-09 13:20:39"},{"nodeID":"1317928","text":"Asserting","type":"YA","timestamp":"2023-11-09 13:20:39"},{"nodeID":"1317929","text":"Default Transition","type":"TA","timestamp":"2023-11-09 13:20:39"},{"nodeID":"1317930","text":"Default Rephrase","type":"MA","timestamp":"2023-11-09 13:20:39"},{"nodeID":"1317931","text":"Restating","type":"YA","timestamp":"2023-11-09 13:20:39"},{"nodeID":"1317932","text":"Naomi Long: What businesses need is an agreed solution","type":"L","timestamp":"2023-11-09 13:20:40"},{"nodeID":"1317933","text":"Analysing","type":"YA","timestamp":"2023-11-09 13:20:40"},{"nodeID":"1317934","text":"Anon: Naomi Long: What businesses need is an agreed solution","type":"L","timestamp":"2023-11-09 13:20:40"},{"nodeID":"1317935","text":"Asserting","type":"YA","timestamp":"2023-11-09 13:20:40"},{"nodeID":"1317936","text":"Default Transition","type":"TA","timestamp":"2023-11-09 13:20:40"},{"nodeID":"1317937","text":"Default Inference","type":"RA","timestamp":"2023-11-09 13:20:40"},{"nodeID":"1317938","text":"Arguing","type":"YA","timestamp":"2023-11-09 13:20:40"},{"nodeID":"1317939","text":"Naomi Long:  They need an agreed way forward","type":"L","timestamp":"2023-11-09 13:20:40"},{"nodeID":"1317940","text":"Analysing","type":"YA","timestamp":"2023-11-09 13:20:40"},{"nodeID":"1317941","text":"Anon: Naomi Long:  They need an agreed way forward","type":"L","timestamp":"2023-11-09 13:20:40"},{"nodeID":"1317942","text":"Asserting","type":"YA","timestamp":"2023-11-09 13:20:40"},{"nodeID":"1317943","text":"Default Transition","type":"TA","timestamp":"2023-11-09 13:20:40"},{"nodeID":"1317944","text":"Default Rephrase","type":"MA","timestamp":"2023-11-09 13:20:40"},{"nodeID":"1317945","text":"Restating","type":"YA","timestamp":"2023-11-09 13:20:40"},{"nodeID":"1317946","text":"we are pragmatic around the Northern Ireland Protocol","type":"I","timestamp":"2023-11-09 13:20:41"},{"nodeID":"1317947","text":"Naomi Long: We are pragmatic around the Protocol","type":"L","timestamp":"2023-11-09 13:20:41"},{"nodeID":"1317948","text":"Analysing","type":"YA","timestamp":"2023-11-09 13:20:41"},{"nodeID":"1317949","text":"Anon: Naomi Long: We are pragmatic around the Protocol","type":"L","timestamp":"2023-11-09 13:20:41"},{"nodeID":"1317950","text":"Asserting","type":"YA","timestamp":"2023-11-09 13:20:41"},{"nodeID":"1317951","text":"Default Transition","type":"TA","timestamp":"2023-11-09 13:20:41"},{"nodeID":"1317952","text":"Default Inference","type":"RA","timestamp":"2023-11-09 13:20:41"},{"nodeID":"1317953","text":"there might be ways that the Northern Ireland Protocol can be diminished in terms of its impact","type":"I","timestamp":"2023-11-09 13:20:42"},{"nodeID":"1317954","text":"Naomi Long: there are ways that the Protocol can be diminished in terms of its impact","type":"L","timestamp":"2023-11-09 13:20:42"},{"nodeID":"1317955","text":"Analysing","type":"YA","timestamp":"2023-11-09 13:20:42"},{"nodeID":"1317956","text":"Anon: Naomi Long: there are ways that the Protocol can be diminished in terms of its impact","type":"L","timestamp":"2023-11-09 13:20:42"},{"nodeID":"1317957","text":"Asserting","type":"YA","timestamp":"2023-11-09 13:20:42"},{"nodeID":"1317958","text":"let us grasp with both hands any ways that the Northern Ireland Protocol might be deminished in terms of its impact","type":"I","timestamp":"2023-11-09 13:20:42"},{"nodeID":"1317959","text":"Naomi Long: let us grasp that with both hands","type":"L","timestamp":"2023-11-09 13:20:42"},{"nodeID":"1317960","text":"Analysing","type":"YA","timestamp":"2023-11-09 13:20:42"},{"nodeID":"1317961","text":"Anon: Naomi Long: let us grasp that with both hands","type":"L","timestamp":"2023-11-09 13:20:42"},{"nodeID":"1317962","text":"Asserting","type":"YA","timestamp":"2023-11-09 13:20:42"},{"nodeID":"1317963","text":"Default Inference","type":"RA","timestamp":"2023-11-09 13:20:42"},{"nodeID":"1317964","text":"Default Transition","type":"TA","timestamp":"2023-11-09 13:20:42"},{"nodeID":"1317965","text":"Arguing","type":"YA","timestamp":"2023-11-09 13:20:42"},{"nodeID":"1317966","text":"Naomi Long: What we can't do is throw the Protocol out","type":"L","timestamp":"2023-11-09 13:20:43"},{"nodeID":"1317967","text":"Analysing","type":"YA","timestamp":"2023-11-09 13:20:43"},{"nodeID":"1317968","text":"Anon: Naomi Long: What we can't do is throw the Protocol out","type":"L","timestamp":"2023-11-09 13:20:43"},{"nodeID":"1317969","text":"Asserting","type":"YA","timestamp":"2023-11-09 13:20:43"},{"nodeID":"1317970","text":"Default Transition","type":"TA","timestamp":"2023-11-09 13:20:43"},{"nodeID":"1317971","text":"Default Rephrase","type":"MA","timestamp":"2023-11-09 13:20:43"},{"nodeID":"1317972","text":"Restating","type":"YA","timestamp":"2023-11-09 13:20:43"},{"nodeID":"1317973","text":"Naomi Long: without the Protocol the entire trade and co-operation agreement between the EU and UK is put in jeopardy","type":"L","timestamp":"2023-11-09 13:20:43"},{"nodeID":"1317974","text":"Analysing","type":"YA","timestamp":"2023-11-09 13:20:43"},{"nodeID":"1317975","text":"Anon: Naomi Long: without the Protocol the entire trade and co-operation agreement between the EU and UK is put in jeopardy","type":"L","timestamp":"2023-11-09 13:20:43"},{"nodeID":"1317976","text":"Asserting","type":"YA","timestamp":"2023-11-09 13:20:43"},{"nodeID":"1317977","text":"the entire trade and co-operation agreement between the EU and UK being put in jeopardy will have major impacts for everyone in terms of creating potential trade war and inflationary pressures","type":"I","timestamp":"2023-11-09 13:20:44"},{"nodeID":"1317978","text":"Naomi Long: That will have major impacts for everyone in terms of creating potential trade war and inflationary pressures","type":"L","timestamp":"2023-11-09 13:20:44"},{"nodeID":"1317979","text":"Analysing","type":"YA","timestamp":"2023-11-09 13:20:44"},{"nodeID":"1317980","text":"Anon: Naomi Long: That will have major impacts for everyone in terms of creating potential trade war and inflationary pressures","type":"L","timestamp":"2023-11-09 13:20:44"},{"nodeID":"1317981","text":"Asserting","type":"YA","timestamp":"2023-11-09 13:20:44"},{"nodeID":"1317982","text":"Default Transition","type":"TA","timestamp":"2023-11-09 13:20:44"},{"nodeID":"1317983","text":"Default Inference","type":"RA","timestamp":"2023-11-09 13:20:44"},{"nodeID":"1317984","text":"Arguing","type":"YA","timestamp":"2023-11-09 13:20:44"},{"nodeID":"1317985","text":"we do not want to layer upon layer the challenges that people are facing","type":"I","timestamp":"2023-11-09 13:20:44"},{"nodeID":"1317986","text":"Naomi Long: whether we want to layer upon layer the challenges that people are facing","type":"L","timestamp":"2023-11-09 13:20:44"},{"nodeID":"1317987","text":"Analysing","type":"YA","timestamp":"2023-11-09 13:20:44"},{"nodeID":"1317988","text":"Anon: Naomi Long: whether we want to layer upon layer the challenges that people are facing","type":"L","timestamp":"2023-11-09 13:20:44"},{"nodeID":"1317989","text":"Rhetorical Challenging","type":"YA","timestamp":"2023-11-09 13:20:44"},{"nodeID":"1317990","text":"as politicians, we should be sitting down, rationally looking for solutions to make life easier for the people we represent","type":"I","timestamp":"2023-11-09 13:20:45"},{"nodeID":"1317991","text":"Naomi Long: whether, as politicians, we should be sitting down, rationally looking for solutions to make life easier for the people we represent","type":"L","timestamp":"2023-11-09 13:20:45"},{"nodeID":"1317992","text":"Analysing","type":"YA","timestamp":"2023-11-09 13:20:45"},{"nodeID":"1317993","text":"Anon: Naomi Long: whether, as politicians, we should be sitting down, rationally looking for solutions to make life easier for the people we represent","type":"L","timestamp":"2023-11-09 13:20:45"},{"nodeID":"1317994","text":"Rhetorical Questioning","type":"YA","timestamp":"2023-11-09 13:20:45"},{"nodeID":"1317995","text":"Default Inference","type":"RA","timestamp":"2023-11-09 13:20:45"},{"nodeID":"1317996","text":"Default Transition","type":"TA","timestamp":"2023-11-09 13:20:45"},{"nodeID":"1317997","text":"Arguing","type":"YA","timestamp":"2023-11-09 13:20:45"},{"nodeID":"1317998","text":"Default Transition","type":"TA","timestamp":"2023-11-09 13:20:45"},{"nodeID":"1317999","text":"Default Transition","type":"TA","timestamp":"2023-11-09 13:20:45"},{"nodeID":"1318000","text":"Default Inference","type":"RA","timestamp":"2023-11-09 13:20:45"},{"nodeID":"1318001","text":"Arguing","type":"YA","timestamp":"2023-11-09 13:20:45"},{"nodeID":"1318002","text":"Arguing","type":"YA","timestamp":"2023-11-09 13:20:45"}],"edges":[{"edgeID":"1729834","fromID":"1317884","toID":"1317883","formEdgeID":null},{"edgeID":"1729835","fromID":"1317885","toID":"1317884","formEdgeID":null},{"edgeID":"1729836","fromID":"1317883","toID":"1317886","formEdgeID":null},{"edgeID":"1729837","fromID":"1317886","toID":"1317882","formEdgeID":null},{"edgeID":"1729838","fromID":"1317889","toID":"1317888","formEdgeID":null},{"edgeID":"1729839","fromID":"1317890","toID":"1317889","formEdgeID":null},{"edgeID":"1729840","fromID":"1317888","toID":"1317891","formEdgeID":null},{"edgeID":"1729841","fromID":"1317891","toID":"1317887","formEdgeID":null},{"edgeID":"1729842","fromID":"1317887","toID":"1317892","formEdgeID":null},{"edgeID":"1729843","fromID":"1317892","toID":"1317882","formEdgeID":null},{"edgeID":"1729844","fromID":"1317883","toID":"1317893","formEdgeID":null},{"edgeID":"1729845","fromID":"1317893","toID":"1317888","formEdgeID":null},{"edgeID":"1729846","fromID":"1317893","toID":"1317894","formEdgeID":null},{"edgeID":"1729847","fromID":"1317894","toID":"1317892","formEdgeID":null},{"edgeID":"1729848","fromID":"1317896","toID":"1317895","formEdgeID":null},{"edgeID":"1729849","fromID":"1317897","toID":"1317896","formEdgeID":null},{"edgeID":"1729850","fromID":"1317895","toID":"1317898","formEdgeID":null},{"edgeID":"1729851","fromID":"1317898","toID":"1143094","formEdgeID":null},{"edgeID":"1729852","fromID":"1317888","toID":"1317899","formEdgeID":null},{"edgeID":"1729853","fromID":"1317899","toID":"1317895","formEdgeID":null},{"edgeID":"1729854","fromID":"1317902","toID":"1317901","formEdgeID":null},{"edgeID":"1729855","fromID":"1317903","toID":"1317902","formEdgeID":null},{"edgeID":"1729856","fromID":"1317901","toID":"1317904","formEdgeID":null},{"edgeID":"1729857","fromID":"1317904","toID":"1317900","formEdgeID":null},{"edgeID":"1729858","fromID":"1317907","toID":"1317906","formEdgeID":null},{"edgeID":"1729859","fromID":"1317908","toID":"1317907","formEdgeID":null},{"edgeID":"1729860","fromID":"1317906","toID":"1317909","formEdgeID":null},{"edgeID":"1729861","fromID":"1317909","toID":"1317905","formEdgeID":null},{"edgeID":"1729862","fromID":"1317900","toID":"1317910","formEdgeID":null},{"edgeID":"1729863","fromID":"1317910","toID":"1143094","formEdgeID":null},{"edgeID":"1729864","fromID":"1317895","toID":"1317911","formEdgeID":null},{"edgeID":"1729865","fromID":"1317911","toID":"1317901","formEdgeID":null},{"edgeID":"1729866","fromID":"1317911","toID":"1317912","formEdgeID":null},{"edgeID":"1729867","fromID":"1317912","toID":"1317910","formEdgeID":null},{"edgeID":"1729868","fromID":"1317895","toID":"1317913","formEdgeID":null},{"edgeID":"1729869","fromID":"1317913","toID":"1317906","formEdgeID":null},{"edgeID":"1729870","fromID":"1317905","toID":"1317914","formEdgeID":null},{"edgeID":"1729871","fromID":"1317914","toID":"1143094","formEdgeID":null},{"edgeID":"1729872","fromID":"1317913","toID":"1317915","formEdgeID":null},{"edgeID":"1729873","fromID":"1317915","toID":"1317914","formEdgeID":null},{"edgeID":"1729874","fromID":"1317918","toID":"1317917","formEdgeID":null},{"edgeID":"1729875","fromID":"1317919","toID":"1317918","formEdgeID":null},{"edgeID":"1729876","fromID":"1317917","toID":"1317920","formEdgeID":null},{"edgeID":"1729877","fromID":"1317920","toID":"1317916","formEdgeID":null},{"edgeID":"1729878","fromID":"1317916","toID":"1317921","formEdgeID":null},{"edgeID":"1729879","fromID":"1317921","toID":"1317905","formEdgeID":null},{"edgeID":"1729880","fromID":"1317906","toID":"1317922","formEdgeID":null},{"edgeID":"1729881","fromID":"1317922","toID":"1317917","formEdgeID":null},{"edgeID":"1729882","fromID":"1317922","toID":"1317923","formEdgeID":null},{"edgeID":"1729883","fromID":"1317923","toID":"1317921","formEdgeID":null},{"edgeID":"1729884","fromID":"1317926","toID":"1317925","formEdgeID":null},{"edgeID":"1729885","fromID":"1317927","toID":"1317926","formEdgeID":null},{"edgeID":"1729886","fromID":"1317925","toID":"1317928","formEdgeID":null},{"edgeID":"1729887","fromID":"1317928","toID":"1317924","formEdgeID":null},{"edgeID":"1729888","fromID":"1317917","toID":"1317929","formEdgeID":null},{"edgeID":"1729889","fromID":"1317929","toID":"1317925","formEdgeID":null},{"edgeID":"1729890","fromID":"1317924","toID":"1317930","formEdgeID":null},{"edgeID":"1729891","fromID":"1317930","toID":"1317916","formEdgeID":null},{"edgeID":"1729892","fromID":"1317929","toID":"1317931","formEdgeID":null},{"edgeID":"1729893","fromID":"1317931","toID":"1317930","formEdgeID":null},{"edgeID":"1729894","fromID":"1317933","toID":"1317932","formEdgeID":null},{"edgeID":"1729895","fromID":"1317934","toID":"1317933","formEdgeID":null},{"edgeID":"1729896","fromID":"1317932","toID":"1317935","formEdgeID":null},{"edgeID":"1729897","fromID":"1317935","toID":"1143127","formEdgeID":null},{"edgeID":"1729898","fromID":"1317925","toID":"1317936","formEdgeID":null},{"edgeID":"1729899","fromID":"1317936","toID":"1317932","formEdgeID":null},{"edgeID":"1729900","fromID":"1143127","toID":"1317937","formEdgeID":null},{"edgeID":"1729901","fromID":"1317937","toID":"1317924","formEdgeID":null},{"edgeID":"1729902","fromID":"1317936","toID":"1317938","formEdgeID":null},{"edgeID":"1729903","fromID":"1317938","toID":"1317937","formEdgeID":null},{"edgeID":"1729904","fromID":"1317940","toID":"1317939","formEdgeID":null},{"edgeID":"1729905","fromID":"1317941","toID":"1317940","formEdgeID":null},{"edgeID":"1729906","fromID":"1317939","toID":"1317942","formEdgeID":null},{"edgeID":"1729907","fromID":"1317942","toID":"1143132","formEdgeID":null},{"edgeID":"1729908","fromID":"1317932","toID":"1317943","formEdgeID":null},{"edgeID":"1729909","fromID":"1317943","toID":"1317939","formEdgeID":null},{"edgeID":"1729910","fromID":"1143132","toID":"1317944","formEdgeID":null},{"edgeID":"1729911","fromID":"1317944","toID":"1143127","formEdgeID":null},{"edgeID":"1729912","fromID":"1317943","toID":"1317945","formEdgeID":null},{"edgeID":"1729913","fromID":"1317945","toID":"1317944","formEdgeID":null},{"edgeID":"1729914","fromID":"1317948","toID":"1317947","formEdgeID":null},{"edgeID":"1729915","fromID":"1317949","toID":"1317948","formEdgeID":null},{"edgeID":"1729916","fromID":"1317947","toID":"1317950","formEdgeID":null},{"edgeID":"1729917","fromID":"1317950","toID":"1317946","formEdgeID":null},{"edgeID":"1729918","fromID":"1317925","toID":"1317951","formEdgeID":null},{"edgeID":"1729919","fromID":"1317951","toID":"1317947","formEdgeID":null},{"edgeID":"1729920","fromID":"1317917","toID":"1317951","formEdgeID":null},{"edgeID":"1729921","fromID":"1317924","toID":"1317952","formEdgeID":null},{"edgeID":"1729922","fromID":"1317952","toID":"1317946","formEdgeID":null},{"edgeID":"1729923","fromID":"1317916","toID":"1317952","formEdgeID":null},{"edgeID":"1729924","fromID":"1317955","toID":"1317954","formEdgeID":null},{"edgeID":"1729925","fromID":"1317956","toID":"1317955","formEdgeID":null},{"edgeID":"1729926","fromID":"1317954","toID":"1317957","formEdgeID":null},{"edgeID":"1729927","fromID":"1317957","toID":"1317953","formEdgeID":null},{"edgeID":"1729928","fromID":"1317960","toID":"1317959","formEdgeID":null},{"edgeID":"1729929","fromID":"1317961","toID":"1317960","formEdgeID":null},{"edgeID":"1729930","fromID":"1317959","toID":"1317962","formEdgeID":null},{"edgeID":"1729931","fromID":"1317962","toID":"1317958","formEdgeID":null},{"edgeID":"1729932","fromID":"1317953","toID":"1317963","formEdgeID":null},{"edgeID":"1729933","fromID":"1317963","toID":"1317958","formEdgeID":null},{"edgeID":"1729934","fromID":"1317946","toID":"1317963","formEdgeID":null},{"edgeID":"1729935","fromID":"1317947","toID":"1317964","formEdgeID":null},{"edgeID":"1729936","fromID":"1317964","toID":"1317959","formEdgeID":null},{"edgeID":"1729937","fromID":"1317954","toID":"1317964","formEdgeID":null},{"edgeID":"1729938","fromID":"1317964","toID":"1317965","formEdgeID":null},{"edgeID":"1729939","fromID":"1317965","toID":"1317963","formEdgeID":null},{"edgeID":"1729940","fromID":"1317967","toID":"1317966","formEdgeID":null},{"edgeID":"1729941","fromID":"1317968","toID":"1317967","formEdgeID":null},{"edgeID":"1729942","fromID":"1317966","toID":"1317969","formEdgeID":null},{"edgeID":"1729943","fromID":"1317969","toID":"1143155","formEdgeID":null},{"edgeID":"1729944","fromID":"1317959","toID":"1317970","formEdgeID":null},{"edgeID":"1729945","fromID":"1317970","toID":"1317966","formEdgeID":null},{"edgeID":"1729946","fromID":"1143155","toID":"1317971","formEdgeID":null},{"edgeID":"1729947","fromID":"1317971","toID":"1317958","formEdgeID":null},{"edgeID":"1729948","fromID":"1317970","toID":"1317972","formEdgeID":null},{"edgeID":"1729949","fromID":"1317972","toID":"1317971","formEdgeID":null},{"edgeID":"1729950","fromID":"1317974","toID":"1317973","formEdgeID":null},{"edgeID":"1729951","fromID":"1317975","toID":"1317974","formEdgeID":null},{"edgeID":"1729952","fromID":"1317973","toID":"1317976","formEdgeID":null},{"edgeID":"1729953","fromID":"1317976","toID":"1143163","formEdgeID":null},{"edgeID":"1729954","fromID":"1317979","toID":"1317978","formEdgeID":null},{"edgeID":"1729955","fromID":"1317980","toID":"1317979","formEdgeID":null},{"edgeID":"1729956","fromID":"1317978","toID":"1317981","formEdgeID":null},{"edgeID":"1729957","fromID":"1317981","toID":"1317977","formEdgeID":null},{"edgeID":"1729958","fromID":"1317966","toID":"1317982","formEdgeID":null},{"edgeID":"1729959","fromID":"1317982","toID":"1317978","formEdgeID":null},{"edgeID":"1729960","fromID":"1317973","toID":"1317982","formEdgeID":null},{"edgeID":"1729961","fromID":"1317977","toID":"1317983","formEdgeID":null},{"edgeID":"1729962","fromID":"1317983","toID":"1143155","formEdgeID":null},{"edgeID":"1729963","fromID":"1143163","toID":"1317983","formEdgeID":null},{"edgeID":"1729964","fromID":"1317982","toID":"1317984","formEdgeID":null},{"edgeID":"1729965","fromID":"1317984","toID":"1317983","formEdgeID":null},{"edgeID":"1729966","fromID":"1317987","toID":"1317986","formEdgeID":null},{"edgeID":"1729967","fromID":"1317988","toID":"1317987","formEdgeID":null},{"edgeID":"1729968","fromID":"1317986","toID":"1317989","formEdgeID":null},{"edgeID":"1729969","fromID":"1317989","toID":"1317985","formEdgeID":null},{"edgeID":"1729970","fromID":"1317992","toID":"1317991","formEdgeID":null},{"edgeID":"1729971","fromID":"1317993","toID":"1317992","formEdgeID":null},{"edgeID":"1729972","fromID":"1317991","toID":"1317994","formEdgeID":null},{"edgeID":"1729973","fromID":"1317994","toID":"1317990","formEdgeID":null},{"edgeID":"1729974","fromID":"1317985","toID":"1317995","formEdgeID":null},{"edgeID":"1729975","fromID":"1317995","toID":"1317990","formEdgeID":null},{"edgeID":"1729976","fromID":"1317986","toID":"1317996","formEdgeID":null},{"edgeID":"1729977","fromID":"1317996","toID":"1317991","formEdgeID":null},{"edgeID":"1729978","fromID":"1317996","toID":"1317997","formEdgeID":null},{"edgeID":"1729979","fromID":"1317997","toID":"1317995","formEdgeID":null},{"edgeID":"1729980","fromID":"1317978","toID":"1317998","formEdgeID":null},{"edgeID":"1729981","fromID":"1317998","toID":"1317986","formEdgeID":null},{"edgeID":"1729982","fromID":"1317959","toID":"1317999","formEdgeID":null},{"edgeID":"1729983","fromID":"1317999","toID":"1317991","formEdgeID":null},{"edgeID":"1729984","fromID":"1317958","toID":"1318000","formEdgeID":null},{"edgeID":"1729985","fromID":"1318000","toID":"1317990","formEdgeID":null},{"edgeID":"1729986","fromID":"1317946","toID":"1318000","formEdgeID":null},{"edgeID":"1729987","fromID":"1317999","toID":"1318001","formEdgeID":null},{"edgeID":"1729988","fromID":"1318001","toID":"1318000","formEdgeID":null},{"edgeID":"1729989","fromID":"1317905","toID":"1317952","formEdgeID":null},{"edgeID":"1729990","fromID":"1317906","toID":"1317951","formEdgeID":null},{"edgeID":"1729991","fromID":"1317951","toID":"1318002","formEdgeID":null},{"edgeID":"1729992","fromID":"1318002","toID":"1317952","formEdgeID":null}],"locutions":[]}