{"nodes":[{"nodeID":"707222","text":"Robert Buckland is a proud Welshman","type":"I","timestamp":"2021-05-20 20:21:43"},{"nodeID":"1338600","text":"we have a stake in this society","type":"I","timestamp":"2023-11-09 13:51:01"},{"nodeID":"1338601","text":"Naomi Long: We have a stake in this society","type":"L","timestamp":"2023-11-09 13:51:01"},{"nodeID":"1338602","text":"Analysing","type":"YA","timestamp":"2023-11-09 13:51:01"},{"nodeID":"1338603","text":"Joanna: Naomi Long: We have a stake in this society","type":"L","timestamp":"2023-11-09 13:51:01"},{"nodeID":"1338604","text":"Asserting","type":"YA","timestamp":"2023-11-09 13:51:01"},{"nodeID":"1338605","text":"our passion is about making a better future for all of our people","type":"I","timestamp":"2023-11-09 13:51:01"},{"nodeID":"1338606","text":"Naomi Long:  our passion is about making a better future for all of our people","type":"L","timestamp":"2023-11-09 13:51:01"},{"nodeID":"1338607","text":"Analysing","type":"YA","timestamp":"2023-11-09 13:51:01"},{"nodeID":"1338608","text":"Joanna: Naomi Long:  our passion is about making a better future for all of our people","type":"L","timestamp":"2023-11-09 13:51:01"},{"nodeID":"1338609","text":"Asserting","type":"YA","timestamp":"2023-11-09 13:51:01"},{"nodeID":"1338610","text":"Default Transition","type":"TA","timestamp":"2023-11-09 13:51:01"},{"nodeID":"1338611","text":"United Kingdom or united Ireland, Naomi Long wants to see a united society here in Northern Ireland and one that flourishes","type":"I","timestamp":"2023-11-09 13:51:02"},{"nodeID":"1338612","text":"Naomi Long: United Kingdom or united Ireland, I want to see a united society here in Northern Ireland and one that flourishes","type":"L","timestamp":"2023-11-09 13:51:02"},{"nodeID":"1338613","text":"Analysing","type":"YA","timestamp":"2023-11-09 13:51:02"},{"nodeID":"1338614","text":"Joanna: Naomi Long: United Kingdom or united Ireland, I want to see a united society here in Northern Ireland and one that flourishes","type":"L","timestamp":"2023-11-09 13:51:02"},{"nodeID":"1338615","text":"Asserting","type":"YA","timestamp":"2023-11-09 13:51:02"},{"nodeID":"1338616","text":"Default Transition","type":"TA","timestamp":"2023-11-09 13:51:02"},{"nodeID":"1338617","text":"Default Rephrase","type":"MA","timestamp":"2023-11-09 13:51:02"},{"nodeID":"1338618","text":"Restating","type":"YA","timestamp":"2023-11-09 13:51:02"},{"nodeID":"1338619","text":"Robert Buckland wants to build on Naomi's point about united society in Northern Ireland that flourishes","type":"I","timestamp":"2023-11-09 13:51:03"},{"nodeID":"1338620","text":"Robert Buckland: To build on Naomi's point","type":"L","timestamp":"2023-11-09 13:51:03"},{"nodeID":"1338621","text":"Analysing","type":"YA","timestamp":"2023-11-09 13:51:03"},{"nodeID":"1338622","text":"Joanna: Robert Buckland: To build on Naomi's point","type":"L","timestamp":"2023-11-09 13:51:03"},{"nodeID":"1338623","text":"Asserting","type":"YA","timestamp":"2023-11-09 13:51:03"},{"nodeID":"1338624","text":"Default Transition","type":"TA","timestamp":"2023-11-09 13:51:03"},{"nodeID":"1338625","text":"it is fascinating to see the change in politics in Northern Ireland","type":"I","timestamp":"2023-11-09 13:51:03"},{"nodeID":"1338626","text":"Robert Buckland:  it is fascinating to see the change in politics in Northern Ireland","type":"L","timestamp":"2023-11-09 13:51:03"},{"nodeID":"1338627","text":"Analysing","type":"YA","timestamp":"2023-11-09 13:51:03"},{"nodeID":"1338628","text":"Joanna: Robert Buckland:  it is fascinating to see the change in politics in Northern Ireland","type":"L","timestamp":"2023-11-09 13:51:03"},{"nodeID":"1338629","text":"Asserting","type":"YA","timestamp":"2023-11-09 13:51:03"},{"nodeID":"1338630","text":"Default Transition","type":"TA","timestamp":"2023-11-09 13:51:03"},{"nodeID":"1338631","text":"St Andrew's Agreement or the Good Friday Agreement do or do not reflect the reality of politics of Northern Ireland in this three-way split","type":"I","timestamp":"2023-11-09 13:51:04"},{"nodeID":"1338632","text":"Robert Buckland: We've got to ask ourselves whether the St Andrew's Agreement or the Good Friday Agreement reflects the reality of politics of Northern Ireland in this three-way split","type":"L","timestamp":"2023-11-09 13:51:04"},{"nodeID":"1338633","text":"Analysing","type":"YA","timestamp":"2023-11-09 13:51:04"},{"nodeID":"1338634","text":"Joanna: Robert Buckland: We've got to ask ourselves whether the St Andrew's Agreement or the Good Friday Agreement reflects the reality of politics of Northern Ireland in this three-way split","type":"L","timestamp":"2023-11-09 13:51:04"},{"nodeID":"1338635","text":"Pure Questioning","type":"YA","timestamp":"2023-11-09 13:51:04"},{"nodeID":"1338636","text":"Default Transition","type":"TA","timestamp":"2023-11-09 13:51:04"},{"nodeID":"1338637","text":"whether the St Andrew's Agreement or Good Friday Agreement reflect the reality of politics of Northern Ireland is a really good question","type":"I","timestamp":"2023-11-09 13:51:05"},{"nodeID":"1338638","text":"Robert Buckland: The question is a really good one","type":"L","timestamp":"2023-11-09 13:51:05"},{"nodeID":"1338639","text":"Analysing","type":"YA","timestamp":"2023-11-09 13:51:05"},{"nodeID":"1338640","text":"Joanna: Robert Buckland: The question is a really good one","type":"L","timestamp":"2023-11-09 13:51:05"},{"nodeID":"1338641","text":"Asserting","type":"YA","timestamp":"2023-11-09 13:51:05"},{"nodeID":"1338642","text":"Default Transition","type":"TA","timestamp":"2023-11-09 13:51:05"},{"nodeID":"1338643","text":"Default Rephrase","type":"MA","timestamp":"2023-11-09 13:51:05"},{"nodeID":"1338644","text":"Restating","type":"YA","timestamp":"2023-11-09 13:51:05"},{"nodeID":"1338645","text":"Robert Buckland is not English","type":"I","timestamp":"2023-11-09 13:51:05"},{"nodeID":"1338646","text":"Robert Buckland: I'm not English","type":"L","timestamp":"2023-11-09 13:51:05"},{"nodeID":"1338647","text":"Analysing","type":"YA","timestamp":"2023-11-09 13:51:05"},{"nodeID":"1338648","text":"Joanna: Robert Buckland: I'm not English","type":"L","timestamp":"2023-11-09 13:51:05"},{"nodeID":"1338649","text":"Asserting","type":"YA","timestamp":"2023-11-09 13:51:05"},{"nodeID":"1338650","text":"Default Transition","type":"TA","timestamp":"2023-11-09 13:51:05"},{"nodeID":"1338651","text":"Robert Buckland: I'm a proud Welshman","type":"L","timestamp":"2023-11-09 13:51:05"},{"nodeID":"1338652","text":"Analysing","type":"YA","timestamp":"2023-11-09 13:51:05"},{"nodeID":"1338653","text":"Joanna: Robert Buckland: I'm a proud Welshman","type":"L","timestamp":"2023-11-09 13:51:05"},{"nodeID":"1338654","text":"Asserting","type":"YA","timestamp":"2023-11-09 13:51:05"},{"nodeID":"1338655","text":"Default Transition","type":"TA","timestamp":"2023-11-09 13:51:05"},{"nodeID":"1338656","text":"Robert Buckland is proud to be a part of the UK","type":"I","timestamp":"2023-11-09 13:51:06"},{"nodeID":"1338657","text":"Robert Buckland: proud to be art past UK","type":"L","timestamp":"2023-11-09 13:51:06"},{"nodeID":"1338658","text":"Analysing","type":"YA","timestamp":"2023-11-09 13:51:06"},{"nodeID":"1338659","text":"Joanna: Robert Buckland: proud to be art past UK","type":"L","timestamp":"2023-11-09 13:51:06"},{"nodeID":"1338660","text":"Asserting","type":"YA","timestamp":"2023-11-09 13:51:06"},{"nodeID":"1338661","text":"Default Transition","type":"TA","timestamp":"2023-11-09 13:51:06"},{"nodeID":"1338662","text":"Robert Buckland thinks about the issues of the politics of the Northern Ireland a lot","type":"I","timestamp":"2023-11-09 13:51:07"},{"nodeID":"1338663","text":"Robert Buckland: I think about these issues as a lot","type":"L","timestamp":"2023-11-09 13:51:07"},{"nodeID":"1338664","text":"Analysing","type":"YA","timestamp":"2023-11-09 13:51:07"},{"nodeID":"1338665","text":"Joanna: Robert Buckland: I think about these issues as a lot","type":"L","timestamp":"2023-11-09 13:51:07"},{"nodeID":"1338666","text":"Asserting","type":"YA","timestamp":"2023-11-09 13:51:07"},{"nodeID":"1338667","text":"Default Transition","type":"TA","timestamp":"2023-11-09 13:51:07"},{"nodeID":"1338668","text":"Default Inference","type":"RA","timestamp":"2023-11-09 13:51:07"},{"nodeID":"1338669","text":"Default Transition","type":"TA","timestamp":"2023-11-09 13:51:07"},{"nodeID":"1338670","text":"Arguing","type":"YA","timestamp":"2023-11-09 13:51:07"},{"nodeID":"1338671","text":"you will be thinking about weather United Ireland's health service will work better if there is a united Ireland","type":"I","timestamp":"2023-11-09 13:51:07"},{"nodeID":"1338672","text":"Robert Buckland: you will be thinking about will my health service work better if there is a united Ireland","type":"L","timestamp":"2023-11-09 13:51:07"},{"nodeID":"1338673","text":"Analysing","type":"YA","timestamp":"2023-11-09 13:51:07"},{"nodeID":"1338674","text":"Joanna: Robert Buckland: you will be thinking about will my health service work better if there is a united Ireland","type":"L","timestamp":"2023-11-09 13:51:07"},{"nodeID":"1338675","text":"Asserting","type":"YA","timestamp":"2023-11-09 13:51:07"},{"nodeID":"1338676","text":"Default Inference","type":"RA","timestamp":"2023-11-09 13:51:07"},{"nodeID":"1338677","text":"Arguing","type":"YA","timestamp":"2023-11-09 13:51:07"},{"nodeID":"1338678","text":"you're sitting as a moderate Unionist","type":"I","timestamp":"2023-11-09 13:51:08"},{"nodeID":"1338679","text":"Robert Buckland: you're sitting as a moderate Unionist","type":"L","timestamp":"2023-11-09 13:51:08"},{"nodeID":"1338680","text":"Analysing","type":"YA","timestamp":"2023-11-09 13:51:08"},{"nodeID":"1338681","text":"Joanna: Robert Buckland: you're sitting as a moderate Unionist","type":"L","timestamp":"2023-11-09 13:51:08"},{"nodeID":"1338682","text":"Asserting","type":"YA","timestamp":"2023-11-09 13:51:08"},{"nodeID":"1338683","text":"Default Transition","type":"TA","timestamp":"2023-11-09 13:51:08"},{"nodeID":"1338684","text":"Default Transition","type":"TA","timestamp":"2023-11-09 13:51:08"},{"nodeID":"1338685","text":"Default Inference","type":"RA","timestamp":"2023-11-09 13:51:08"},{"nodeID":"1338686","text":"Arguing","type":"YA","timestamp":"2023-11-09 13:51:08"}],"edges":[{"edgeID":"1754705","fromID":"1338602","toID":"1338601","formEdgeID":null},{"edgeID":"1754706","fromID":"1338603","toID":"1338602","formEdgeID":null},{"edgeID":"1754707","fromID":"1338601","toID":"1338604","formEdgeID":null},{"edgeID":"1754708","fromID":"1338604","toID":"1338600","formEdgeID":null},{"edgeID":"1754709","fromID":"1338607","toID":"1338606","formEdgeID":null},{"edgeID":"1754710","fromID":"1338608","toID":"1338607","formEdgeID":null},{"edgeID":"1754711","fromID":"1338606","toID":"1338609","formEdgeID":null},{"edgeID":"1754712","fromID":"1338609","toID":"1338605","formEdgeID":null},{"edgeID":"1754713","fromID":"1338601","toID":"1338610","formEdgeID":null},{"edgeID":"1754714","fromID":"1338610","toID":"1338606","formEdgeID":null},{"edgeID":"1754715","fromID":"1338613","toID":"1338612","formEdgeID":null},{"edgeID":"1754716","fromID":"1338614","toID":"1338613","formEdgeID":null},{"edgeID":"1754717","fromID":"1338612","toID":"1338615","formEdgeID":null},{"edgeID":"1754718","fromID":"1338615","toID":"1338611","formEdgeID":null},{"edgeID":"1754719","fromID":"1338606","toID":"1338616","formEdgeID":null},{"edgeID":"1754720","fromID":"1338616","toID":"1338612","formEdgeID":null},{"edgeID":"1754721","fromID":"1338611","toID":"1338617","formEdgeID":null},{"edgeID":"1754722","fromID":"1338617","toID":"1338605","formEdgeID":null},{"edgeID":"1754723","fromID":"1338616","toID":"1338618","formEdgeID":null},{"edgeID":"1754724","fromID":"1338618","toID":"1338617","formEdgeID":null},{"edgeID":"1754725","fromID":"1338621","toID":"1338620","formEdgeID":null},{"edgeID":"1754726","fromID":"1338622","toID":"1338621","formEdgeID":null},{"edgeID":"1754727","fromID":"1338620","toID":"1338623","formEdgeID":null},{"edgeID":"1754728","fromID":"1338623","toID":"1338619","formEdgeID":null},{"edgeID":"1754729","fromID":"1338612","toID":"1338624","formEdgeID":null},{"edgeID":"1754730","fromID":"1338624","toID":"1338620","formEdgeID":null},{"edgeID":"1754731","fromID":"1338627","toID":"1338626","formEdgeID":null},{"edgeID":"1754732","fromID":"1338628","toID":"1338627","formEdgeID":null},{"edgeID":"1754733","fromID":"1338626","toID":"1338629","formEdgeID":null},{"edgeID":"1754734","fromID":"1338629","toID":"1338625","formEdgeID":null},{"edgeID":"1754735","fromID":"1338620","toID":"1338630","formEdgeID":null},{"edgeID":"1754736","fromID":"1338630","toID":"1338626","formEdgeID":null},{"edgeID":"1754737","fromID":"1338633","toID":"1338632","formEdgeID":null},{"edgeID":"1754738","fromID":"1338634","toID":"1338633","formEdgeID":null},{"edgeID":"1754739","fromID":"1338632","toID":"1338635","formEdgeID":null},{"edgeID":"1754740","fromID":"1338635","toID":"1338631","formEdgeID":null},{"edgeID":"1754741","fromID":"1338626","toID":"1338636","formEdgeID":null},{"edgeID":"1754742","fromID":"1338636","toID":"1338632","formEdgeID":null},{"edgeID":"1754743","fromID":"1338639","toID":"1338638","formEdgeID":null},{"edgeID":"1754744","fromID":"1338640","toID":"1338639","formEdgeID":null},{"edgeID":"1754745","fromID":"1338638","toID":"1338641","formEdgeID":null},{"edgeID":"1754746","fromID":"1338641","toID":"1338637","formEdgeID":null},{"edgeID":"1754747","fromID":"1338632","toID":"1338642","formEdgeID":null},{"edgeID":"1754748","fromID":"1338642","toID":"1338638","formEdgeID":null},{"edgeID":"1754749","fromID":"1338637","toID":"1338643","formEdgeID":null},{"edgeID":"1754750","fromID":"1338643","toID":"1338631","formEdgeID":null},{"edgeID":"1754751","fromID":"1338642","toID":"1338644","formEdgeID":null},{"edgeID":"1754752","fromID":"1338644","toID":"1338643","formEdgeID":null},{"edgeID":"1754753","fromID":"1338647","toID":"1338646","formEdgeID":null},{"edgeID":"1754754","fromID":"1338648","toID":"1338647","formEdgeID":null},{"edgeID":"1754755","fromID":"1338646","toID":"1338649","formEdgeID":null},{"edgeID":"1754756","fromID":"1338649","toID":"1338645","formEdgeID":null},{"edgeID":"1754757","fromID":"1338638","toID":"1338650","formEdgeID":null},{"edgeID":"1754758","fromID":"1338650","toID":"1338646","formEdgeID":null},{"edgeID":"1754759","fromID":"1338652","toID":"1338651","formEdgeID":null},{"edgeID":"1754760","fromID":"1338653","toID":"1338652","formEdgeID":null},{"edgeID":"1754761","fromID":"1338651","toID":"1338654","formEdgeID":null},{"edgeID":"1754762","fromID":"1338654","toID":"707222","formEdgeID":null},{"edgeID":"1754763","fromID":"1338646","toID":"1338655","formEdgeID":null},{"edgeID":"1754764","fromID":"1338655","toID":"1338651","formEdgeID":null},{"edgeID":"1754765","fromID":"1338658","toID":"1338657","formEdgeID":null},{"edgeID":"1754766","fromID":"1338659","toID":"1338658","formEdgeID":null},{"edgeID":"1754767","fromID":"1338657","toID":"1338660","formEdgeID":null},{"edgeID":"1754768","fromID":"1338660","toID":"1338656","formEdgeID":null},{"edgeID":"1754769","fromID":"1338651","toID":"1338661","formEdgeID":null},{"edgeID":"1754770","fromID":"1338661","toID":"1338657","formEdgeID":null},{"edgeID":"1754771","fromID":"1338664","toID":"1338663","formEdgeID":null},{"edgeID":"1754772","fromID":"1338665","toID":"1338664","formEdgeID":null},{"edgeID":"1754773","fromID":"1338663","toID":"1338666","formEdgeID":null},{"edgeID":"1754774","fromID":"1338666","toID":"1338662","formEdgeID":null},{"edgeID":"1754775","fromID":"1338657","toID":"1338667","formEdgeID":null},{"edgeID":"1754776","fromID":"1338667","toID":"1338663","formEdgeID":null},{"edgeID":"1754777","fromID":"1338645","toID":"1338668","formEdgeID":null},{"edgeID":"1754778","fromID":"1338668","toID":"1338662","formEdgeID":null},{"edgeID":"1754779","fromID":"707222","toID":"1338668","formEdgeID":null},{"edgeID":"1754780","fromID":"1338656","toID":"1338668","formEdgeID":null},{"edgeID":"1754781","fromID":"1338646","toID":"1338669","formEdgeID":null},{"edgeID":"1754782","fromID":"1338669","toID":"1338663","formEdgeID":null},{"edgeID":"1754783","fromID":"1338669","toID":"1338670","formEdgeID":null},{"edgeID":"1754784","fromID":"1338670","toID":"1338668","formEdgeID":null},{"edgeID":"1754785","fromID":"1338673","toID":"1338672","formEdgeID":null},{"edgeID":"1754786","fromID":"1338674","toID":"1338673","formEdgeID":null},{"edgeID":"1754787","fromID":"1338672","toID":"1338675","formEdgeID":null},{"edgeID":"1754788","fromID":"1338675","toID":"1338671","formEdgeID":null},{"edgeID":"1754789","fromID":"1338631","toID":"1338676","formEdgeID":null},{"edgeID":"1754790","fromID":"1338676","toID":"1338625","formEdgeID":null},{"edgeID":"1754791","fromID":"1338636","toID":"1338677","formEdgeID":null},{"edgeID":"1754792","fromID":"1338677","toID":"1338676","formEdgeID":null},{"edgeID":"1754793","fromID":"1338680","toID":"1338679","formEdgeID":null},{"edgeID":"1754794","fromID":"1338681","toID":"1338680","formEdgeID":null},{"edgeID":"1754795","fromID":"1338679","toID":"1338682","formEdgeID":null},{"edgeID":"1754796","fromID":"1338682","toID":"1338678","formEdgeID":null},{"edgeID":"1754797","fromID":"1338663","toID":"1338683","formEdgeID":null},{"edgeID":"1754798","fromID":"1338683","toID":"1338679","formEdgeID":null},{"edgeID":"1754799","fromID":"1338679","toID":"1338684","formEdgeID":null},{"edgeID":"1754800","fromID":"1338684","toID":"1338672","formEdgeID":null},{"edgeID":"1754801","fromID":"1338678","toID":"1338685","formEdgeID":null},{"edgeID":"1754802","fromID":"1338685","toID":"1338671","formEdgeID":null},{"edgeID":"1754803","fromID":"1338684","toID":"1338686","formEdgeID":null},{"edgeID":"1754804","fromID":"1338686","toID":"1338685","formEdgeID":null}],"locutions":[]}