{"nodes":[{"nodeID":"1147852","text":"what we heard today, you know, about that sacrifice of so many thousands and thousands of people on the frontline across the United Kingdom, you know, to keep people safe, to do a job, and to do a duty","type":"I","timestamp":"2023-04-20 10:28:30"},{"nodeID":"1147855","text":"we've got the Boris Johnson situation","type":"I","timestamp":"2023-04-20 10:28:32"},{"nodeID":"1147857","text":"you have to lead by example","type":"I","timestamp":"2023-04-20 10:28:34"},{"nodeID":"1154918","text":"it really genuinely grieves Emma Little-Pengelly to think that there were thousands and thousands of people who passed away with no loved one or family member or friend to hold their hand in those final moments because of those rules and regulations that are put in place to protect people and to try to stop this virus","type":"I","timestamp":"2023-04-21 13:41:49"},{"nodeID":"1154923","text":"people are genuinely upset when they see this type of thing","type":"I","timestamp":"2023-04-21 13:41:52"},{"nodeID":"1154934","text":"with the last comment about integrity in public life, Emma Little-Pengelly believes very, very firmly law-makers should not be law-breakers","type":"I","timestamp":"2023-04-21 13:41:54"},{"nodeID":"1154939","text":"very, very clearly law-makers should not be law-breakers","type":"I","timestamp":"2023-04-21 13:41:57"},{"nodeID":"1154944","text":"we have had too many examples of law-makers being law-breakers","type":"I","timestamp":"2023-04-21 13:41:59"},{"nodeID":"1154952","text":"here in Northern Ireland, you had Michelle O'Neill and Sinn Fein bringing 5,000 people on to the streets when Emma Little-Pengelly knows people - Emma Little-Pengelly knows people - who couldn't even attend their parents' funeral because of the number of restrictions","type":"I","timestamp":"2023-04-21 13:42:05"},{"nodeID":"1154960","text":"we must all do better","type":"I","timestamp":"2023-04-21 13:42:11"},{"nodeID":"1154965","text":"It's not good enough","type":"I","timestamp":"2023-04-21 13:42:14"},{"nodeID":"1319378","text":"Emma Little-Pengelly: what we heard today, you know, about that sacrifice of so many thousands and thousands of people on the frontline across the United Kingdom, you know, to keep people safe, to do a job, and to do a duty","type":"L","timestamp":"2023-11-09 13:22:42"},{"nodeID":"1319379","text":"Analysing","type":"YA","timestamp":"2023-11-09 13:22:42"},{"nodeID":"1319380","text":"Dominika: Emma Little-Pengelly: what we heard today, you know, about that sacrifice of so many thousands and thousands of people on the frontline across the United Kingdom, you know, to keep people safe, to do a job, and to do a duty","type":"L","timestamp":"2023-11-09 13:22:42"},{"nodeID":"1319381","text":"Asserting","type":"YA","timestamp":"2023-11-09 13:22:42"},{"nodeID":"1319382","text":"Emma Little-Pengelly: it really genuinely grieves me to think that there were thousands and thousands of people who passed away with no loved one or family member or friend to hold their hand in those final moments because of those rules and regulations that are put in place to protect people and to try to stop this virus","type":"L","timestamp":"2023-11-09 13:22:42"},{"nodeID":"1319383","text":"Analysing","type":"YA","timestamp":"2023-11-09 13:22:42"},{"nodeID":"1319384","text":"Dominika: Emma Little-Pengelly: it really genuinely grieves me to think that there were thousands and thousands of people who passed away with no loved one or family member or friend to hold their hand in those final moments because of those rules and regulations that are put in place to protect people and to try to stop this virus","type":"L","timestamp":"2023-11-09 13:22:42"},{"nodeID":"1319385","text":"Asserting","type":"YA","timestamp":"2023-11-09 13:22:42"},{"nodeID":"1319386","text":"Emma Little-Pengelly: people are genuinely upset when they see this type of thing","type":"L","timestamp":"2023-11-09 13:22:43"},{"nodeID":"1319387","text":"Analysing","type":"YA","timestamp":"2023-11-09 13:22:43"},{"nodeID":"1319388","text":"Dominika: Emma Little-Pengelly: people are genuinely upset when they see this type of thing","type":"L","timestamp":"2023-11-09 13:22:43"},{"nodeID":"1319389","text":"Asserting","type":"YA","timestamp":"2023-11-09 13:22:43"},{"nodeID":"1319390","text":"Default Transition","type":"TA","timestamp":"2023-11-09 13:22:43"},{"nodeID":"1319391","text":"Default Transition","type":"TA","timestamp":"2023-11-09 13:22:43"},{"nodeID":"1319392","text":"Default Rephrase","type":"MA","timestamp":"2023-11-09 13:22:43"},{"nodeID":"1319393","text":"Restating","type":"YA","timestamp":"2023-11-09 13:22:43"},{"nodeID":"1319394","text":"Default Inference","type":"RA","timestamp":"2023-11-09 13:22:43"},{"nodeID":"1319395","text":"Arguing","type":"YA","timestamp":"2023-11-09 13:22:43"},{"nodeID":"1319396","text":"Emma Little-Pengelly: with the last comment about integrity in public life, I do believe very, very firmly law-makers should not be law-breakers","type":"L","timestamp":"2023-11-09 13:22:44"},{"nodeID":"1319397","text":"Analysing","type":"YA","timestamp":"2023-11-09 13:22:44"},{"nodeID":"1319398","text":"Dominika: Emma Little-Pengelly: with the last comment about integrity in public life, I do believe very, very firmly law-makers should not be law-breakers","type":"L","timestamp":"2023-11-09 13:22:44"},{"nodeID":"1319399","text":"Asserting","type":"YA","timestamp":"2023-11-09 13:22:44"},{"nodeID":"1319400","text":"Emma Little-Pengelly: Very, very clearly","type":"L","timestamp":"2023-11-09 13:22:44"},{"nodeID":"1319401","text":"Analysing","type":"YA","timestamp":"2023-11-09 13:22:44"},{"nodeID":"1319402","text":"Dominika: Emma Little-Pengelly: Very, very clearly","type":"L","timestamp":"2023-11-09 13:22:44"},{"nodeID":"1319403","text":"Asserting","type":"YA","timestamp":"2023-11-09 13:22:44"},{"nodeID":"1319404","text":"Emma Little-Pengelly: we have had too many examples of that","type":"L","timestamp":"2023-11-09 13:22:45"},{"nodeID":"1319405","text":"Analysing","type":"YA","timestamp":"2023-11-09 13:22:45"},{"nodeID":"1319406","text":"Dominika: Emma Little-Pengelly: we have had too many examples of that","type":"L","timestamp":"2023-11-09 13:22:45"},{"nodeID":"1319407","text":"Asserting","type":"YA","timestamp":"2023-11-09 13:22:45"},{"nodeID":"1319408","text":"Emma Little-Pengelly: We've got the Boris Johnson situation","type":"L","timestamp":"2023-11-09 13:22:45"},{"nodeID":"1319409","text":"Analysing","type":"YA","timestamp":"2023-11-09 13:22:45"},{"nodeID":"1319410","text":"Dominika: Emma Little-Pengelly: We've got the Boris Johnson situation","type":"L","timestamp":"2023-11-09 13:22:45"},{"nodeID":"1319411","text":"Asserting","type":"YA","timestamp":"2023-11-09 13:22:45"},{"nodeID":"1319412","text":"Emma Little-Pengelly: Here in Northern Ireland, you had Michelle O'Neill and Sinn Fein bringing 5,000 people on to the streets when I know people - I know people - who couldn't even attend their parents' funeral because of the number of restrictions","type":"L","timestamp":"2023-11-09 13:22:46"},{"nodeID":"1319413","text":"Analysing","type":"YA","timestamp":"2023-11-09 13:22:46"},{"nodeID":"1319414","text":"Dominika: Emma Little-Pengelly: Here in Northern Ireland, you had Michelle O'Neill and Sinn Fein bringing 5,000 people on to the streets when I know people - I know people - who couldn't even attend their parents' funeral because of the number of restrictions","type":"L","timestamp":"2023-11-09 13:22:46"},{"nodeID":"1319415","text":"Asserting","type":"YA","timestamp":"2023-11-09 13:22:46"},{"nodeID":"1319416","text":"Emma Little-Pengelly: You have to lead by example","type":"L","timestamp":"2023-11-09 13:22:47"},{"nodeID":"1319417","text":"Analysing","type":"YA","timestamp":"2023-11-09 13:22:47"},{"nodeID":"1319418","text":"Dominika: Emma Little-Pengelly: You have to lead by example","type":"L","timestamp":"2023-11-09 13:22:47"},{"nodeID":"1319419","text":"Asserting","type":"YA","timestamp":"2023-11-09 13:22:47"},{"nodeID":"1319420","text":"Emma Little-Pengelly: we must all do better","type":"L","timestamp":"2023-11-09 13:22:47"},{"nodeID":"1319421","text":"Analysing","type":"YA","timestamp":"2023-11-09 13:22:47"},{"nodeID":"1319422","text":"Dominika: Emma Little-Pengelly: we must all do better","type":"L","timestamp":"2023-11-09 13:22:47"},{"nodeID":"1319423","text":"Asserting","type":"YA","timestamp":"2023-11-09 13:22:47"},{"nodeID":"1319424","text":"Emma Little-Pengelly: It's not good enough","type":"L","timestamp":"2023-11-09 13:22:48"},{"nodeID":"1319425","text":"Analysing","type":"YA","timestamp":"2023-11-09 13:22:48"},{"nodeID":"1319426","text":"Dominika: Emma Little-Pengelly: It's not good enough","type":"L","timestamp":"2023-11-09 13:22:48"},{"nodeID":"1319427","text":"Asserting","type":"YA","timestamp":"2023-11-09 13:22:48"},{"nodeID":"1319428","text":"Default Transition","type":"TA","timestamp":"2023-11-09 13:22:48"},{"nodeID":"1319429","text":"Default Transition","type":"TA","timestamp":"2023-11-09 13:22:48"},{"nodeID":"1319430","text":"Default Inference","type":"RA","timestamp":"2023-11-09 13:22:48"},{"nodeID":"1319431","text":"Arguing","type":"YA","timestamp":"2023-11-09 13:22:48"},{"nodeID":"1319432","text":"Default Transition","type":"TA","timestamp":"2023-11-09 13:22:48"},{"nodeID":"1319433","text":"Default Transition","type":"TA","timestamp":"2023-11-09 13:22:48"},{"nodeID":"1319434","text":"Default Transition","type":"TA","timestamp":"2023-11-09 13:22:48"},{"nodeID":"1319435","text":"Default Transition","type":"TA","timestamp":"2023-11-09 13:22:48"},{"nodeID":"1319436","text":"Default Transition","type":"TA","timestamp":"2023-11-09 13:22:48"},{"nodeID":"1319437","text":"Default Rephrase","type":"MA","timestamp":"2023-11-09 13:22:48"},{"nodeID":"1319438","text":"Restating","type":"YA","timestamp":"2023-11-09 13:22:48"},{"nodeID":"1319439","text":"Default Conflict","type":"CA","timestamp":"2023-11-09 13:22:48"},{"nodeID":"1319440","text":"Disagreeing","type":"YA","timestamp":"2023-11-09 13:22:48"},{"nodeID":"1319441","text":"Default Inference","type":"RA","timestamp":"2023-11-09 13:22:48"},{"nodeID":"1319442","text":"Default Inference","type":"RA","timestamp":"2023-11-09 13:22:48"},{"nodeID":"1319443","text":"Arguing","type":"YA","timestamp":"2023-11-09 13:22:48"},{"nodeID":"1319444","text":"Default Transition","type":"TA","timestamp":"2023-11-09 13:22:48"},{"nodeID":"1319445","text":"Arguing","type":"YA","timestamp":"2023-11-09 13:22:48"}],"edges":[{"edgeID":"1731701","fromID":"1319379","toID":"1319378","formEdgeID":null},{"edgeID":"1731702","fromID":"1319380","toID":"1319379","formEdgeID":null},{"edgeID":"1731703","fromID":"1319378","toID":"1319381","formEdgeID":null},{"edgeID":"1731704","fromID":"1319381","toID":"1147852","formEdgeID":null},{"edgeID":"1731705","fromID":"1319383","toID":"1319382","formEdgeID":null},{"edgeID":"1731706","fromID":"1319384","toID":"1319383","formEdgeID":null},{"edgeID":"1731707","fromID":"1319382","toID":"1319385","formEdgeID":null},{"edgeID":"1731708","fromID":"1319385","toID":"1154918","formEdgeID":null},{"edgeID":"1731709","fromID":"1319387","toID":"1319386","formEdgeID":null},{"edgeID":"1731710","fromID":"1319388","toID":"1319387","formEdgeID":null},{"edgeID":"1731711","fromID":"1319386","toID":"1319389","formEdgeID":null},{"edgeID":"1731712","fromID":"1319389","toID":"1154923","formEdgeID":null},{"edgeID":"1731713","fromID":"1319378","toID":"1319390","formEdgeID":null},{"edgeID":"1731714","fromID":"1319390","toID":"1319382","formEdgeID":null},{"edgeID":"1731715","fromID":"1319382","toID":"1319391","formEdgeID":null},{"edgeID":"1731716","fromID":"1319391","toID":"1319386","formEdgeID":null},{"edgeID":"1731717","fromID":"1154918","toID":"1319392","formEdgeID":null},{"edgeID":"1731718","fromID":"1319392","toID":"1147852","formEdgeID":null},{"edgeID":"1731719","fromID":"1319390","toID":"1319393","formEdgeID":null},{"edgeID":"1731720","fromID":"1319393","toID":"1319392","formEdgeID":null},{"edgeID":"1731721","fromID":"1154918","toID":"1319394","formEdgeID":null},{"edgeID":"1731722","fromID":"1319394","toID":"1154923","formEdgeID":null},{"edgeID":"1731723","fromID":"1319391","toID":"1319395","formEdgeID":null},{"edgeID":"1731724","fromID":"1319395","toID":"1319394","formEdgeID":null},{"edgeID":"1731725","fromID":"1319397","toID":"1319396","formEdgeID":null},{"edgeID":"1731726","fromID":"1319398","toID":"1319397","formEdgeID":null},{"edgeID":"1731727","fromID":"1319396","toID":"1319399","formEdgeID":null},{"edgeID":"1731728","fromID":"1319399","toID":"1154934","formEdgeID":null},{"edgeID":"1731729","fromID":"1319401","toID":"1319400","formEdgeID":null},{"edgeID":"1731730","fromID":"1319402","toID":"1319401","formEdgeID":null},{"edgeID":"1731731","fromID":"1319400","toID":"1319403","formEdgeID":null},{"edgeID":"1731732","fromID":"1319403","toID":"1154939","formEdgeID":null},{"edgeID":"1731733","fromID":"1319405","toID":"1319404","formEdgeID":null},{"edgeID":"1731734","fromID":"1319406","toID":"1319405","formEdgeID":null},{"edgeID":"1731735","fromID":"1319404","toID":"1319407","formEdgeID":null},{"edgeID":"1731736","fromID":"1319407","toID":"1154944","formEdgeID":null},{"edgeID":"1731737","fromID":"1319409","toID":"1319408","formEdgeID":null},{"edgeID":"1731738","fromID":"1319410","toID":"1319409","formEdgeID":null},{"edgeID":"1731739","fromID":"1319408","toID":"1319411","formEdgeID":null},{"edgeID":"1731740","fromID":"1319411","toID":"1147855","formEdgeID":null},{"edgeID":"1731741","fromID":"1319413","toID":"1319412","formEdgeID":null},{"edgeID":"1731742","fromID":"1319414","toID":"1319413","formEdgeID":null},{"edgeID":"1731743","fromID":"1319412","toID":"1319415","formEdgeID":null},{"edgeID":"1731744","fromID":"1319415","toID":"1154952","formEdgeID":null},{"edgeID":"1731745","fromID":"1319417","toID":"1319416","formEdgeID":null},{"edgeID":"1731746","fromID":"1319418","toID":"1319417","formEdgeID":null},{"edgeID":"1731747","fromID":"1319416","toID":"1319419","formEdgeID":null},{"edgeID":"1731748","fromID":"1319419","toID":"1147857","formEdgeID":null},{"edgeID":"1731749","fromID":"1319421","toID":"1319420","formEdgeID":null},{"edgeID":"1731750","fromID":"1319422","toID":"1319421","formEdgeID":null},{"edgeID":"1731751","fromID":"1319420","toID":"1319423","formEdgeID":null},{"edgeID":"1731752","fromID":"1319423","toID":"1154960","formEdgeID":null},{"edgeID":"1731753","fromID":"1319425","toID":"1319424","formEdgeID":null},{"edgeID":"1731754","fromID":"1319426","toID":"1319425","formEdgeID":null},{"edgeID":"1731755","fromID":"1319424","toID":"1319427","formEdgeID":null},{"edgeID":"1731756","fromID":"1319427","toID":"1154965","formEdgeID":null},{"edgeID":"1731757","fromID":"1319416","toID":"1319428","formEdgeID":null},{"edgeID":"1731758","fromID":"1319428","toID":"1319420","formEdgeID":null},{"edgeID":"1731759","fromID":"1319424","toID":"1319429","formEdgeID":null},{"edgeID":"1731760","fromID":"1319429","toID":"1319416","formEdgeID":null},{"edgeID":"1731761","fromID":"1147857","toID":"1319430","formEdgeID":null},{"edgeID":"1731762","fromID":"1319430","toID":"1154960","formEdgeID":null},{"edgeID":"1731763","fromID":"1319428","toID":"1319431","formEdgeID":null},{"edgeID":"1731764","fromID":"1319431","toID":"1319430","formEdgeID":null},{"edgeID":"1731765","fromID":"1319404","toID":"1319432","formEdgeID":null},{"edgeID":"1731766","fromID":"1319432","toID":"1319408","formEdgeID":null},{"edgeID":"1731767","fromID":"1319412","toID":"1319433","formEdgeID":null},{"edgeID":"1731768","fromID":"1319433","toID":"1319424","formEdgeID":null},{"edgeID":"1731769","fromID":"1319386","toID":"1319434","formEdgeID":null},{"edgeID":"1731770","fromID":"1319434","toID":"1319396","formEdgeID":null},{"edgeID":"1731771","fromID":"1319396","toID":"1319435","formEdgeID":null},{"edgeID":"1731772","fromID":"1319435","toID":"1319400","formEdgeID":null},{"edgeID":"1731773","fromID":"1319400","toID":"1319436","formEdgeID":null},{"edgeID":"1731774","fromID":"1319436","toID":"1319404","formEdgeID":null},{"edgeID":"1731775","fromID":"1154939","toID":"1319437","formEdgeID":null},{"edgeID":"1731776","fromID":"1319437","toID":"1154934","formEdgeID":null},{"edgeID":"1731777","fromID":"1319435","toID":"1319438","formEdgeID":null},{"edgeID":"1731778","fromID":"1319438","toID":"1319437","formEdgeID":null},{"edgeID":"1731779","fromID":"1154944","toID":"1319439","formEdgeID":null},{"edgeID":"1731780","fromID":"1319439","toID":"1154939","formEdgeID":null},{"edgeID":"1731781","fromID":"1319436","toID":"1319440","formEdgeID":null},{"edgeID":"1731782","fromID":"1319440","toID":"1319439","formEdgeID":null},{"edgeID":"1731783","fromID":"1147855","toID":"1319441","formEdgeID":null},{"edgeID":"1731784","fromID":"1319441","toID":"1154944","formEdgeID":null},{"edgeID":"1731785","fromID":"1154952","toID":"1319442","formEdgeID":null},{"edgeID":"1731786","fromID":"1319442","toID":"1154944","formEdgeID":null},{"edgeID":"1731787","fromID":"1319432","toID":"1319443","formEdgeID":null},{"edgeID":"1731788","fromID":"1319443","toID":"1319441","formEdgeID":null},{"edgeID":"1731789","fromID":"1319404","toID":"1319444","formEdgeID":null},{"edgeID":"1731790","fromID":"1319444","toID":"1319412","formEdgeID":null},{"edgeID":"1731791","fromID":"1319444","toID":"1319445","formEdgeID":null},{"edgeID":"1731792","fromID":"1319445","toID":"1319442","formEdgeID":null}],"locutions":[]}