{"nodes":[{"nodeID":"1147840","text":"Robert Buckland does or does not believe the Prime Minister was wrong when he said he felt it was his duty to say farewell to colleagues at the time","type":"I","timestamp":"2023-04-20 10:28:20"},{"nodeID":"1147842","text":"it was wrong","type":"I","timestamp":"2023-04-20 10:28:22"},{"nodeID":"1147844","text":"Robert Buckland should or should not call for Boris Johnson to resign","type":"I","timestamp":"2023-04-20 10:28:24"},{"nodeID":"1147846","text":"Boris Johnson has been asked a direct question by Robert Buckland","type":"I","timestamp":"2023-04-20 10:28:25"},{"nodeID":"1147848","text":"Boris Johnson gave Robert Buckland that direct answer","type":"I","timestamp":"2023-04-20 10:28:27"},{"nodeID":"1147850","text":"Robert Buckland accepts Boris Johnson's answer","type":"I","timestamp":"2023-04-20 10:28:28"},{"nodeID":"1152556","text":"we've seen that report, which was pretty damning","type":"I","timestamp":"2023-04-21 13:25:30"},{"nodeID":"1152561","text":"Sue Gray is an independent-minded person, well known in Northern Ireland as well with her connections here","type":"I","timestamp":"2023-04-21 13:25:32"},{"nodeID":"1152566","text":"Sue Gray produced a very thorough and hard-hitting report","type":"I","timestamp":"2023-04-21 13:25:35"},{"nodeID":"1152571","text":"the question for Robert Buckland, frankly, is  the consequences of the report are xxx","type":"I","timestamp":"2023-04-21 13:25:38"},{"nodeID":"1152576","text":"Robert Buckland has got to make up his mind","type":"I","timestamp":"2023-04-21 13:25:42"},{"nodeID":"1152583","text":"Robert Buckland has given it a lot of anxious thought if he should call for Boris Johnson to resign","type":"I","timestamp":"2023-04-21 13:25:47"},{"nodeID":"1152591","text":"Robert Buckland asked Boris Johnson a direct question on Wednesday whether he deliberately lied to the Commons","type":"I","timestamp":"2023-04-21 13:25:52"},{"nodeID":"1152596","text":"Boris Johnson denied that he deliberately lied to the Commons","type":"I","timestamp":"2023-04-21 13:25:55"},{"nodeID":"1152601","text":"Robert Buckland does or does not believe Boris Johnson","type":"I","timestamp":"2023-04-21 13:25:58"},{"nodeID":"1152606","text":"He gave me a direct answer, and I accept that answer","type":"I","timestamp":"2023-04-21 13:26:00"},{"nodeID":"1152611","text":"Robert Buckland would be interested to see is what happens with the Privileges Committee of course who are going to look at that very issue","type":"I","timestamp":"2023-04-21 13:26:03"},{"nodeID":"1152622","text":"Robert Buckland did or did not believe the answer","type":"I","timestamp":"2023-04-21 13:26:12"},{"nodeID":"1152630","text":"Robert Buckland is or is not happy about the situation","type":"I","timestamp":"2023-04-21 13:26:17"},{"nodeID":"1152635","text":"Robert Buckland is not happy about the situation","type":"I","timestamp":"2023-04-21 13:26:20"},{"nodeID":"1152639","text":"Robert Buckland was in government when the parties happened","type":"I","timestamp":"2023-04-21 13:26:21"},{"nodeID":"1152644","text":"Robert Buckland did not have a Scooby-Doo or any knowledge about what was going on","type":"I","timestamp":"2023-04-21 13:26:24"},{"nodeID":"1152649","text":"Robert Buckland  heard about the parties along with the rest of the country","type":"I","timestamp":"2023-04-21 13:26:26"},{"nodeID":"1152654","text":"Robert Buckland was out of government by the time people heard about the parties","type":"I","timestamp":"2023-04-21 13:26:29"},{"nodeID":"1152659","text":"Robert Buckland was as shocked and appalled as everybody else","type":"I","timestamp":"2023-04-21 13:26:31"},{"nodeID":"1152668","text":"Sue Gray didn't pull her punches at all","type":"I","timestamp":"2023-04-21 13:26:34"},{"nodeID":"1152673","text":"Robert Buckland thought Sue Gray wouldn't pull her punches","type":"I","timestamp":"2023-04-21 13:26:36"},{"nodeID":"1319021","text":"Robert Buckland: No","type":"L","timestamp":"2023-11-09 13:22:12"},{"nodeID":"1319022","text":"Fiona Bruce: So, just to be clear, the Prime Minister was wrong when he said he felt it was his duty to say farewell to colleagues at the time","type":"L","timestamp":"2023-11-09 13:22:13"},{"nodeID":"1319023","text":"Analysing","type":"YA","timestamp":"2023-11-09 13:22:13"},{"nodeID":"1319024","text":"Anna : Fiona Bruce: So, just to be clear, the Prime Minister was wrong when he said he felt it was his duty to say farewell to colleagues at the time?","type":"L","timestamp":"2023-11-09 13:22:13"},{"nodeID":"1319025","text":"Pure Questioning","type":"YA","timestamp":"2023-11-09 13:22:13"},{"nodeID":"1319026","text":"Robert Buckland:  I think it was wrong","type":"L","timestamp":"2023-11-09 13:22:13"},{"nodeID":"1319027","text":"Analysing","type":"YA","timestamp":"2023-11-09 13:22:13"},{"nodeID":"1319028","text":"Anna : Robert Buckland:  I think it was wrong","type":"L","timestamp":"2023-11-09 13:22:13"},{"nodeID":"1319029","text":"Asserting","type":"YA","timestamp":"2023-11-09 13:22:13"},{"nodeID":"1319030","text":"Robert Buckland: I think we've seen that report, which was pretty damning.","type":"L","timestamp":"2023-11-09 13:22:14"},{"nodeID":"1319031","text":"Analysing","type":"YA","timestamp":"2023-11-09 13:22:14"},{"nodeID":"1319032","text":"Anna : Robert Buckland: I think we've seen that report, which was pretty damning.","type":"L","timestamp":"2023-11-09 13:22:14"},{"nodeID":"1319033","text":"Asserting","type":"YA","timestamp":"2023-11-09 13:22:14"},{"nodeID":"1319034","text":"Robert Buckland: She's an independent-minded person, well known in Northern Ireland as well with her connections here","type":"L","timestamp":"2023-11-09 13:22:14"},{"nodeID":"1319035","text":"Analysing","type":"YA","timestamp":"2023-11-09 13:22:14"},{"nodeID":"1319036","text":"Anna : Robert Buckland: She's an independent-minded person, well known in Northern Ireland as well with her connections here","type":"L","timestamp":"2023-11-09 13:22:14"},{"nodeID":"1319037","text":"Asserting","type":"YA","timestamp":"2023-11-09 13:22:14"},{"nodeID":"1319038","text":"Robert Buckland: And she produced a very thorough and hard-hitting report","type":"L","timestamp":"2023-11-09 13:22:15"},{"nodeID":"1319039","text":"Analysing","type":"YA","timestamp":"2023-11-09 13:22:15"},{"nodeID":"1319040","text":"Anna : Robert Buckland: And she produced a very thorough and hard-hitting report","type":"L","timestamp":"2023-11-09 13:22:15"},{"nodeID":"1319041","text":"Asserting","type":"YA","timestamp":"2023-11-09 13:22:15"},{"nodeID":"1319042","text":"Robert Buckland: The question for me, frankly, is what are the consequences of that","type":"L","timestamp":"2023-11-09 13:22:15"},{"nodeID":"1319043","text":"Analysing","type":"YA","timestamp":"2023-11-09 13:22:15"},{"nodeID":"1319044","text":"Anna : Robert Buckland: The question for me, frankly, is what are the consequences of that","type":"L","timestamp":"2023-11-09 13:22:15"},{"nodeID":"1319045","text":"Rhetorical Questioning","type":"YA","timestamp":"2023-11-09 13:22:15"},{"nodeID":"1319046","text":"Robert Buckland:  I know a lot of people are saying, well, come on, Robert, you've got to make up your mind","type":"L","timestamp":"2023-11-09 13:22:16"},{"nodeID":"1319047","text":"Analysing","type":"YA","timestamp":"2023-11-09 13:22:16"},{"nodeID":"1319048","text":"Anna : Robert Buckland:  I know a lot of people are saying, well, come on, Robert, you've got to make up your mind","type":"L","timestamp":"2023-11-09 13:22:16"},{"nodeID":"1319049","text":"Robert Buckland: Should you call for Boris Johnson to resign","type":"L","timestamp":"2023-11-09 13:22:17"},{"nodeID":"1319050","text":"Analysing","type":"YA","timestamp":"2023-11-09 13:22:17"},{"nodeID":"1319051","text":"Anna : Robert Buckland: Should you call for Boris Johnson to resign","type":"L","timestamp":"2023-11-09 13:22:17"},{"nodeID":"1319052","text":"Rhetorical Questioning","type":"YA","timestamp":"2023-11-09 13:22:17"},{"nodeID":"1319053","text":"Robert Buckland: I've given it a lot of anxious thought","type":"L","timestamp":"2023-11-09 13:22:17"},{"nodeID":"1319054","text":"Analysing","type":"YA","timestamp":"2023-11-09 13:22:17"},{"nodeID":"1319055","text":"Anna : Robert Buckland: I've given it a lot of anxious thought","type":"L","timestamp":"2023-11-09 13:22:17"},{"nodeID":"1319056","text":"Asserting","type":"YA","timestamp":"2023-11-09 13:22:17"},{"nodeID":"1319057","text":"AudienceMember 20220609QT277: Yes","type":"L","timestamp":"2023-11-09 13:22:17"},{"nodeID":"1319058","text":"Analysing","type":"YA","timestamp":"2023-11-09 13:22:17"},{"nodeID":"1319059","text":"Anna : AudienceMember 20220609QT277: Yes","type":"L","timestamp":"2023-11-09 13:22:17"},{"nodeID":"1319060","text":"Robert Buckland:  I asked him a direct question on Wednesday whether he deliberately lied to the Commons","type":"L","timestamp":"2023-11-09 13:22:18"},{"nodeID":"1319061","text":"Analysing","type":"YA","timestamp":"2023-11-09 13:22:18"},{"nodeID":"1319062","text":"Anna : Robert Buckland:  I asked him a direct question on Wednesday whether he deliberately lied to the Commons","type":"L","timestamp":"2023-11-09 13:22:18"},{"nodeID":"1319063","text":"Asserting","type":"YA","timestamp":"2023-11-09 13:22:18"},{"nodeID":"1319064","text":"Robert Buckland: He denied that he deliberately lied to the Commons","type":"L","timestamp":"2023-11-09 13:22:18"},{"nodeID":"1319065","text":"Analysing","type":"YA","timestamp":"2023-11-09 13:22:18"},{"nodeID":"1319066","text":"Anna : Robert Buckland: He denied that he deliberately lied to the Commons","type":"L","timestamp":"2023-11-09 13:22:18"},{"nodeID":"1319067","text":"Asserting","type":"YA","timestamp":"2023-11-09 13:22:18"},{"nodeID":"1319068","text":"Fiona Bruce: Do you believe","type":"L","timestamp":"2023-11-09 13:22:19"},{"nodeID":"1319069","text":"Analysing","type":"YA","timestamp":"2023-11-09 13:22:19"},{"nodeID":"1319070","text":"Anna : Fiona Bruce: Do you believe","type":"L","timestamp":"2023-11-09 13:22:19"},{"nodeID":"1319071","text":"Pure Questioning","type":"YA","timestamp":"2023-11-09 13:22:19"},{"nodeID":"1319072","text":"Robert Buckland: He gave me a direct answer, and I accept that answer","type":"L","timestamp":"2023-11-09 13:22:20"},{"nodeID":"1319073","text":"Analysing","type":"YA","timestamp":"2023-11-09 13:22:20"},{"nodeID":"1319074","text":"Anna : Robert Buckland: He gave me a direct answer, and I accept that answer","type":"L","timestamp":"2023-11-09 13:22:20"},{"nodeID":"1319075","text":"Asserting","type":"YA","timestamp":"2023-11-09 13:22:20"},{"nodeID":"1319076","text":"Robert Buckland: What I would be interested to see is what happens with the Privileges Committee of course who are going to look at that very issue","type":"L","timestamp":"2023-11-09 13:22:20"},{"nodeID":"1319077","text":"Analysing","type":"YA","timestamp":"2023-11-09 13:22:20"},{"nodeID":"1319078","text":"Anna : Robert Buckland: What I would be interested to see is what happens with the Privileges Committee of course who are going to look at that very issue","type":"L","timestamp":"2023-11-09 13:22:20"},{"nodeID":"1319079","text":"Asserting","type":"YA","timestamp":"2023-11-09 13:22:20"},{"nodeID":"1319080","text":"Robert Buckland: But he has been asked a direct question by me","type":"L","timestamp":"2023-11-09 13:22:21"},{"nodeID":"1319081","text":"Analysing","type":"YA","timestamp":"2023-11-09 13:22:21"},{"nodeID":"1319082","text":"Anna : Robert Buckland: But he has been asked a direct question by me","type":"L","timestamp":"2023-11-09 13:22:21"},{"nodeID":"1319083","text":"Asserting","type":"YA","timestamp":"2023-11-09 13:22:21"},{"nodeID":"1319084","text":"Robert Buckland: He gave me that direct answer","type":"L","timestamp":"2023-11-09 13:22:21"},{"nodeID":"1319085","text":"Analysing","type":"YA","timestamp":"2023-11-09 13:22:21"},{"nodeID":"1319086","text":"Anna : Robert Buckland: He gave me that direct answer","type":"L","timestamp":"2023-11-09 13:22:21"},{"nodeID":"1319087","text":"Asserting","type":"YA","timestamp":"2023-11-09 13:22:21"},{"nodeID":"1319088","text":"Fiona Bruce: Did you believe the answer","type":"L","timestamp":"2023-11-09 13:22:22"},{"nodeID":"1319089","text":"Analysing","type":"YA","timestamp":"2023-11-09 13:22:22"},{"nodeID":"1319090","text":"Anna : Fiona Bruce: Did you believe the answer","type":"L","timestamp":"2023-11-09 13:22:22"},{"nodeID":"1319091","text":"Pure Questioning","type":"YA","timestamp":"2023-11-09 13:22:22"},{"nodeID":"1319092","text":"Robert Buckland: As I said, I accept that answer","type":"L","timestamp":"2023-11-09 13:22:22"},{"nodeID":"1319093","text":"Analysing","type":"YA","timestamp":"2023-11-09 13:22:22"},{"nodeID":"1319094","text":"Anna : Robert Buckland: As I said, I accept that answer","type":"L","timestamp":"2023-11-09 13:22:22"},{"nodeID":"1319095","text":"Asserting","type":"YA","timestamp":"2023-11-09 13:22:22"},{"nodeID":"1319096","text":"Robert Buckland: Am I happy about the situation","type":"L","timestamp":"2023-11-09 13:22:23"},{"nodeID":"1319097","text":"Analysing","type":"YA","timestamp":"2023-11-09 13:22:23"},{"nodeID":"1319098","text":"Anna : Robert Buckland: Am I happy about the situation","type":"L","timestamp":"2023-11-09 13:22:23"},{"nodeID":"1319099","text":"Rhetorical Questioning","type":"YA","timestamp":"2023-11-09 13:22:23"},{"nodeID":"1319100","text":"Analysing","type":"YA","timestamp":"2023-11-09 13:22:24"},{"nodeID":"1319101","text":"Anna : Robert Buckland: No","type":"L","timestamp":"2023-11-09 13:22:24"},{"nodeID":"1319102","text":"Asserting","type":"YA","timestamp":"2023-11-09 13:22:24"},{"nodeID":"1319103","text":"Robert Buckland:  I was in government at this time","type":"L","timestamp":"2023-11-09 13:22:24"},{"nodeID":"1319104","text":"Analysing","type":"YA","timestamp":"2023-11-09 13:22:24"},{"nodeID":"1319105","text":"Anna : Robert Buckland:  I was in government at this time","type":"L","timestamp":"2023-11-09 13:22:24"},{"nodeID":"1319106","text":"Asserting","type":"YA","timestamp":"2023-11-09 13:22:24"},{"nodeID":"1319107","text":"Robert Buckland:  I can tell you I had not a Scooby-Doo or any knowledge about what was going on","type":"L","timestamp":"2023-11-09 13:22:25"},{"nodeID":"1319108","text":"Analysing","type":"YA","timestamp":"2023-11-09 13:22:25"},{"nodeID":"1319109","text":"Anna : Robert Buckland:  I can tell you I had not a Scooby-Doo or any knowledge about what was going on","type":"L","timestamp":"2023-11-09 13:22:25"},{"nodeID":"1319110","text":"Asserting","type":"YA","timestamp":"2023-11-09 13:22:25"},{"nodeID":"1319111","text":"Robert Buckland: When I heard about it, along with the rest of the country","type":"L","timestamp":"2023-11-09 13:22:25"},{"nodeID":"1319112","text":"Analysing","type":"YA","timestamp":"2023-11-09 13:22:25"},{"nodeID":"1319113","text":"Anna : Robert Buckland: When I heard about it, along with the rest of the country","type":"L","timestamp":"2023-11-09 13:22:25"},{"nodeID":"1319114","text":"Asserting","type":"YA","timestamp":"2023-11-09 13:22:25"},{"nodeID":"1319115","text":"Robert Buckland: because I was out of government by then","type":"L","timestamp":"2023-11-09 13:22:26"},{"nodeID":"1319116","text":"Analysing","type":"YA","timestamp":"2023-11-09 13:22:26"},{"nodeID":"1319117","text":"Anna : Robert Buckland: because I was out of government by then","type":"L","timestamp":"2023-11-09 13:22:26"},{"nodeID":"1319118","text":"Asserting","type":"YA","timestamp":"2023-11-09 13:22:26"},{"nodeID":"1319119","text":"Robert Buckland: I was as shocked and appalled as everybody else","type":"L","timestamp":"2023-11-09 13:22:27"},{"nodeID":"1319120","text":"Analysing","type":"YA","timestamp":"2023-11-09 13:22:27"},{"nodeID":"1319121","text":"Anna : Robert Buckland: I was as shocked and appalled as everybody else","type":"L","timestamp":"2023-11-09 13:22:27"},{"nodeID":"1319122","text":"Asserting","type":"YA","timestamp":"2023-11-09 13:22:27"},{"nodeID":"1319123","text":"Default Transition","type":"TA","timestamp":"2023-11-09 13:22:27"},{"nodeID":"1319124","text":"Default Rephrase","type":"MA","timestamp":"2023-11-09 13:22:27"},{"nodeID":"1319125","text":"Default Illocuting","type":"YA","timestamp":"2023-11-09 13:22:27"},{"nodeID":"1319126","text":"Default Transition","type":"TA","timestamp":"2023-11-09 13:22:27"},{"nodeID":"1319127","text":"Robert Buckland: It was - she didn't pull her punches at all","type":"L","timestamp":"2023-11-09 13:22:27"},{"nodeID":"1319128","text":"Analysing","type":"YA","timestamp":"2023-11-09 13:22:27"},{"nodeID":"1319129","text":"Anna : Robert Buckland: It was - she didn't pull her punches at all","type":"L","timestamp":"2023-11-09 13:22:27"},{"nodeID":"1319130","text":"Asserting","type":"YA","timestamp":"2023-11-09 13:22:27"},{"nodeID":"1319131","text":"Robert Buckland: as I thought she wouldn't","type":"L","timestamp":"2023-11-09 13:22:28"},{"nodeID":"1319132","text":"Analysing","type":"YA","timestamp":"2023-11-09 13:22:28"},{"nodeID":"1319133","text":"Anna : Robert Buckland: as I thought she wouldn't","type":"L","timestamp":"2023-11-09 13:22:28"},{"nodeID":"1319134","text":"Asserting","type":"YA","timestamp":"2023-11-09 13:22:28"},{"nodeID":"1319135","text":"Default Transition","type":"TA","timestamp":"2023-11-09 13:22:28"},{"nodeID":"1319136","text":"Default Rephrase","type":"MA","timestamp":"2023-11-09 13:22:28"},{"nodeID":"1319137","text":"Default Transition","type":"TA","timestamp":"2023-11-09 13:22:28"},{"nodeID":"1319138","text":"Restating","type":"YA","timestamp":"2023-11-09 13:22:28"},{"nodeID":"1319139","text":"Default Inference","type":"RA","timestamp":"2023-11-09 13:22:28"},{"nodeID":"1319140","text":"Arguing","type":"YA","timestamp":"2023-11-09 13:22:28"},{"nodeID":"1319141","text":"Default Transition","type":"TA","timestamp":"2023-11-09 13:22:28"},{"nodeID":"1319142","text":"Default Rephrase","type":"MA","timestamp":"2023-11-09 13:22:28"},{"nodeID":"1319143","text":"Default Transition","type":"TA","timestamp":"2023-11-09 13:22:28"},{"nodeID":"1319144","text":"Restating","type":"YA","timestamp":"2023-11-09 13:22:28"},{"nodeID":"1319145","text":"Default Transition","type":"TA","timestamp":"2023-11-09 13:22:28"},{"nodeID":"1319146","text":"Default Transition","type":"TA","timestamp":"2023-11-09 13:22:28"},{"nodeID":"1319147","text":"Unknown Speaker: well, come on, Robert, you've got to make up your mind","type":"L","timestamp":"2023-11-09 13:22:28"},{"nodeID":"1319148","text":"Analysing","type":"YA","timestamp":"2023-11-09 13:22:28"},{"nodeID":"1319149","text":"Anna : Unknown Speaker:  I know a lot of people are saying, well, come on, Robert, you've got to make up your mind","type":"L","timestamp":"2023-11-09 13:22:28"},{"nodeID":"1319150","text":"Asserting","type":"YA","timestamp":"2023-11-09 13:22:28"},{"nodeID":"1319151","text":"Asserting","type":"YA","timestamp":"2023-11-09 13:22:28"},{"nodeID":"1319152","text":"Default Transition","type":"TA","timestamp":"2023-11-09 13:22:28"},{"nodeID":"1319153","text":"Default Transition","type":"TA","timestamp":"2023-11-09 13:22:28"},{"nodeID":"1319154","text":"Default Transition","type":"TA","timestamp":"2023-11-09 13:22:28"},{"nodeID":"1319155","text":"Agreeing","type":"YA","timestamp":"2023-11-09 13:22:28"},{"nodeID":"1319156","text":"Default Transition","type":"TA","timestamp":"2023-11-09 13:22:28"},{"nodeID":"1319157","text":"Default Transition","type":"TA","timestamp":"2023-11-09 13:22:28"},{"nodeID":"1319158","text":"Default Transition","type":"TA","timestamp":"2023-11-09 13:22:28"},{"nodeID":"1319159","text":"Default Transition","type":"TA","timestamp":"2023-11-09 13:22:28"},{"nodeID":"1319160","text":"Default Rephrase","type":"MA","timestamp":"2023-11-09 13:22:28"},{"nodeID":"1319161","text":"Default Illocuting","type":"YA","timestamp":"2023-11-09 13:22:28"},{"nodeID":"1319162","text":"Default Transition","type":"TA","timestamp":"2023-11-09 13:22:28"},{"nodeID":"1319163","text":"Default Rephrase","type":"MA","timestamp":"2023-11-09 13:22:28"},{"nodeID":"1319164","text":"Default Transition","type":"TA","timestamp":"2023-11-09 13:22:28"},{"nodeID":"1319165","text":"Restating","type":"YA","timestamp":"2023-11-09 13:22:28"},{"nodeID":"1319166","text":"Default Rephrase","type":"MA","timestamp":"2023-11-09 13:22:28"},{"nodeID":"1319167","text":"Default Transition","type":"TA","timestamp":"2023-11-09 13:22:28"},{"nodeID":"1319168","text":"Restating","type":"YA","timestamp":"2023-11-09 13:22:28"},{"nodeID":"1319169","text":"Default Rephrase","type":"MA","timestamp":"2023-11-09 13:22:28"},{"nodeID":"1319170","text":"Default Transition","type":"TA","timestamp":"2023-11-09 13:22:28"},{"nodeID":"1319171","text":"Restating","type":"YA","timestamp":"2023-11-09 13:22:28"},{"nodeID":"1319172","text":"Default Rephrase","type":"MA","timestamp":"2023-11-09 13:22:28"},{"nodeID":"1319173","text":"Default Transition","type":"TA","timestamp":"2023-11-09 13:22:28"},{"nodeID":"1319174","text":"Restating","type":"YA","timestamp":"2023-11-09 13:22:28"},{"nodeID":"1319175","text":"Default Transition","type":"TA","timestamp":"2023-11-09 13:22:28"},{"nodeID":"1319176","text":"Default Transition","type":"TA","timestamp":"2023-11-09 13:22:28"},{"nodeID":"1319177","text":"Default Rephrase","type":"MA","timestamp":"2023-11-09 13:22:28"},{"nodeID":"1319178","text":"Default Illocuting","type":"YA","timestamp":"2023-11-09 13:22:28"},{"nodeID":"1319179","text":"Default Transition","type":"TA","timestamp":"2023-11-09 13:22:28"},{"nodeID":"1319180","text":"Default Transition","type":"TA","timestamp":"2023-11-09 13:22:28"},{"nodeID":"1319181","text":"Default Inference","type":"RA","timestamp":"2023-11-09 13:22:28"},{"nodeID":"1319182","text":"Default Transition","type":"TA","timestamp":"2023-11-09 13:22:28"},{"nodeID":"1319183","text":"Arguing","type":"YA","timestamp":"2023-11-09 13:22:28"},{"nodeID":"1319184","text":"Default Transition","type":"TA","timestamp":"2023-11-09 13:22:28"},{"nodeID":"1319185","text":"Default Inference","type":"RA","timestamp":"2023-11-09 13:22:28"},{"nodeID":"1319186","text":"Arguing","type":"YA","timestamp":"2023-11-09 13:22:28"},{"nodeID":"1319187","text":"Default Inference","type":"RA","timestamp":"2023-11-09 13:22:28"},{"nodeID":"1319188","text":"Default Transition","type":"TA","timestamp":"2023-11-09 13:22:28"},{"nodeID":"1319189","text":"Arguing","type":"YA","timestamp":"2023-11-09 13:22:28"}],"edges":[{"edgeID":"1731255","fromID":"1319023","toID":"1319022","formEdgeID":null},{"edgeID":"1731256","fromID":"1319024","toID":"1319023","formEdgeID":null},{"edgeID":"1731257","fromID":"1319022","toID":"1319025","formEdgeID":null},{"edgeID":"1731258","fromID":"1319025","toID":"1147840","formEdgeID":null},{"edgeID":"1731259","fromID":"1319027","toID":"1319026","formEdgeID":null},{"edgeID":"1731260","fromID":"1319028","toID":"1319027","formEdgeID":null},{"edgeID":"1731261","fromID":"1319026","toID":"1319029","formEdgeID":null},{"edgeID":"1731262","fromID":"1319029","toID":"1147842","formEdgeID":null},{"edgeID":"1731263","fromID":"1319031","toID":"1319030","formEdgeID":null},{"edgeID":"1731264","fromID":"1319032","toID":"1319031","formEdgeID":null},{"edgeID":"1731265","fromID":"1319030","toID":"1319033","formEdgeID":null},{"edgeID":"1731266","fromID":"1319033","toID":"1152556","formEdgeID":null},{"edgeID":"1731267","fromID":"1319035","toID":"1319034","formEdgeID":null},{"edgeID":"1731268","fromID":"1319036","toID":"1319035","formEdgeID":null},{"edgeID":"1731269","fromID":"1319034","toID":"1319037","formEdgeID":null},{"edgeID":"1731270","fromID":"1319037","toID":"1152561","formEdgeID":null},{"edgeID":"1731271","fromID":"1319039","toID":"1319038","formEdgeID":null},{"edgeID":"1731272","fromID":"1319040","toID":"1319039","formEdgeID":null},{"edgeID":"1731273","fromID":"1319038","toID":"1319041","formEdgeID":null},{"edgeID":"1731274","fromID":"1319041","toID":"1152566","formEdgeID":null},{"edgeID":"1731275","fromID":"1319043","toID":"1319042","formEdgeID":null},{"edgeID":"1731276","fromID":"1319044","toID":"1319043","formEdgeID":null},{"edgeID":"1731277","fromID":"1319042","toID":"1319045","formEdgeID":null},{"edgeID":"1731278","fromID":"1319045","toID":"1152571","formEdgeID":null},{"edgeID":"1731279","fromID":"1319047","toID":"1319046","formEdgeID":null},{"edgeID":"1731280","fromID":"1319048","toID":"1319047","formEdgeID":null},{"edgeID":"1731281","fromID":"1319050","toID":"1319049","formEdgeID":null},{"edgeID":"1731282","fromID":"1319051","toID":"1319050","formEdgeID":null},{"edgeID":"1731283","fromID":"1319049","toID":"1319052","formEdgeID":null},{"edgeID":"1731284","fromID":"1319052","toID":"1147844","formEdgeID":null},{"edgeID":"1731285","fromID":"1319054","toID":"1319053","formEdgeID":null},{"edgeID":"1731286","fromID":"1319055","toID":"1319054","formEdgeID":null},{"edgeID":"1731287","fromID":"1319053","toID":"1319056","formEdgeID":null},{"edgeID":"1731288","fromID":"1319056","toID":"1152583","formEdgeID":null},{"edgeID":"1731289","fromID":"1319058","toID":"1319057","formEdgeID":null},{"edgeID":"1731290","fromID":"1319059","toID":"1319058","formEdgeID":null},{"edgeID":"1731291","fromID":"1319061","toID":"1319060","formEdgeID":null},{"edgeID":"1731292","fromID":"1319062","toID":"1319061","formEdgeID":null},{"edgeID":"1731293","fromID":"1319060","toID":"1319063","formEdgeID":null},{"edgeID":"1731294","fromID":"1319063","toID":"1152591","formEdgeID":null},{"edgeID":"1731295","fromID":"1319065","toID":"1319064","formEdgeID":null},{"edgeID":"1731296","fromID":"1319066","toID":"1319065","formEdgeID":null},{"edgeID":"1731297","fromID":"1319064","toID":"1319067","formEdgeID":null},{"edgeID":"1731298","fromID":"1319067","toID":"1152596","formEdgeID":null},{"edgeID":"1731299","fromID":"1319069","toID":"1319068","formEdgeID":null},{"edgeID":"1731300","fromID":"1319070","toID":"1319069","formEdgeID":null},{"edgeID":"1731301","fromID":"1319068","toID":"1319071","formEdgeID":null},{"edgeID":"1731302","fromID":"1319071","toID":"1152601","formEdgeID":null},{"edgeID":"1731303","fromID":"1319073","toID":"1319072","formEdgeID":null},{"edgeID":"1731304","fromID":"1319074","toID":"1319073","formEdgeID":null},{"edgeID":"1731305","fromID":"1319072","toID":"1319075","formEdgeID":null},{"edgeID":"1731306","fromID":"1319075","toID":"1152606","formEdgeID":null},{"edgeID":"1731307","fromID":"1319077","toID":"1319076","formEdgeID":null},{"edgeID":"1731308","fromID":"1319078","toID":"1319077","formEdgeID":null},{"edgeID":"1731309","fromID":"1319076","toID":"1319079","formEdgeID":null},{"edgeID":"1731310","fromID":"1319079","toID":"1152611","formEdgeID":null},{"edgeID":"1731311","fromID":"1319081","toID":"1319080","formEdgeID":null},{"edgeID":"1731312","fromID":"1319082","toID":"1319081","formEdgeID":null},{"edgeID":"1731313","fromID":"1319080","toID":"1319083","formEdgeID":null},{"edgeID":"1731314","fromID":"1319083","toID":"1147846","formEdgeID":null},{"edgeID":"1731315","fromID":"1319085","toID":"1319084","formEdgeID":null},{"edgeID":"1731316","fromID":"1319086","toID":"1319085","formEdgeID":null},{"edgeID":"1731317","fromID":"1319084","toID":"1319087","formEdgeID":null},{"edgeID":"1731318","fromID":"1319087","toID":"1147848","formEdgeID":null},{"edgeID":"1731319","fromID":"1319089","toID":"1319088","formEdgeID":null},{"edgeID":"1731320","fromID":"1319090","toID":"1319089","formEdgeID":null},{"edgeID":"1731321","fromID":"1319088","toID":"1319091","formEdgeID":null},{"edgeID":"1731322","fromID":"1319091","toID":"1152622","formEdgeID":null},{"edgeID":"1731323","fromID":"1319093","toID":"1319092","formEdgeID":null},{"edgeID":"1731324","fromID":"1319094","toID":"1319093","formEdgeID":null},{"edgeID":"1731325","fromID":"1319092","toID":"1319095","formEdgeID":null},{"edgeID":"1731326","fromID":"1319095","toID":"1147850","formEdgeID":null},{"edgeID":"1731327","fromID":"1319097","toID":"1319096","formEdgeID":null},{"edgeID":"1731328","fromID":"1319098","toID":"1319097","formEdgeID":null},{"edgeID":"1731329","fromID":"1319096","toID":"1319099","formEdgeID":null},{"edgeID":"1731330","fromID":"1319099","toID":"1152630","formEdgeID":null},{"edgeID":"1731331","fromID":"1319100","toID":"1319021","formEdgeID":null},{"edgeID":"1731332","fromID":"1319101","toID":"1319100","formEdgeID":null},{"edgeID":"1731333","fromID":"1319021","toID":"1319102","formEdgeID":null},{"edgeID":"1731334","fromID":"1319102","toID":"1152635","formEdgeID":null},{"edgeID":"1731335","fromID":"1319104","toID":"1319103","formEdgeID":null},{"edgeID":"1731336","fromID":"1319105","toID":"1319104","formEdgeID":null},{"edgeID":"1731337","fromID":"1319103","toID":"1319106","formEdgeID":null},{"edgeID":"1731338","fromID":"1319106","toID":"1152639","formEdgeID":null},{"edgeID":"1731339","fromID":"1319108","toID":"1319107","formEdgeID":null},{"edgeID":"1731340","fromID":"1319109","toID":"1319108","formEdgeID":null},{"edgeID":"1731341","fromID":"1319107","toID":"1319110","formEdgeID":null},{"edgeID":"1731342","fromID":"1319110","toID":"1152644","formEdgeID":null},{"edgeID":"1731343","fromID":"1319112","toID":"1319111","formEdgeID":null},{"edgeID":"1731344","fromID":"1319113","toID":"1319112","formEdgeID":null},{"edgeID":"1731345","fromID":"1319111","toID":"1319114","formEdgeID":null},{"edgeID":"1731346","fromID":"1319114","toID":"1152649","formEdgeID":null},{"edgeID":"1731347","fromID":"1319116","toID":"1319115","formEdgeID":null},{"edgeID":"1731348","fromID":"1319117","toID":"1319116","formEdgeID":null},{"edgeID":"1731349","fromID":"1319115","toID":"1319118","formEdgeID":null},{"edgeID":"1731350","fromID":"1319118","toID":"1152654","formEdgeID":null},{"edgeID":"1731351","fromID":"1319120","toID":"1319119","formEdgeID":null},{"edgeID":"1731352","fromID":"1319121","toID":"1319120","formEdgeID":null},{"edgeID":"1731353","fromID":"1319119","toID":"1319122","formEdgeID":null},{"edgeID":"1731354","fromID":"1319122","toID":"1152659","formEdgeID":null},{"edgeID":"1731355","fromID":"1319022","toID":"1319123","formEdgeID":null},{"edgeID":"1731356","fromID":"1319123","toID":"1319026","formEdgeID":null},{"edgeID":"1731357","fromID":"1147842","toID":"1319124","formEdgeID":null},{"edgeID":"1731358","fromID":"1319124","toID":"1147840","formEdgeID":null},{"edgeID":"1731359","fromID":"1319123","toID":"1319125","formEdgeID":null},{"edgeID":"1731360","fromID":"1319125","toID":"1319124","formEdgeID":null},{"edgeID":"1731361","fromID":"1319026","toID":"1319126","formEdgeID":null},{"edgeID":"1731362","fromID":"1319126","toID":"1319030","formEdgeID":null},{"edgeID":"1731363","fromID":"1319128","toID":"1319127","formEdgeID":null},{"edgeID":"1731364","fromID":"1319129","toID":"1319128","formEdgeID":null},{"edgeID":"1731365","fromID":"1319127","toID":"1319130","formEdgeID":null},{"edgeID":"1731366","fromID":"1319130","toID":"1152668","formEdgeID":null},{"edgeID":"1731367","fromID":"1319132","toID":"1319131","formEdgeID":null},{"edgeID":"1731368","fromID":"1319133","toID":"1319132","formEdgeID":null},{"edgeID":"1731369","fromID":"1319131","toID":"1319134","formEdgeID":null},{"edgeID":"1731370","fromID":"1319134","toID":"1152673","formEdgeID":null},{"edgeID":"1731371","fromID":"1319030","toID":"1319135","formEdgeID":null},{"edgeID":"1731372","fromID":"1319135","toID":"1319127","formEdgeID":null},{"edgeID":"1731373","fromID":"1152673","toID":"1319136","formEdgeID":null},{"edgeID":"1731374","fromID":"1319136","toID":"1152668","formEdgeID":null},{"edgeID":"1731375","fromID":"1319127","toID":"1319137","formEdgeID":null},{"edgeID":"1731376","fromID":"1319137","toID":"1319131","formEdgeID":null},{"edgeID":"1731377","fromID":"1319137","toID":"1319138","formEdgeID":null},{"edgeID":"1731378","fromID":"1319138","toID":"1319136","formEdgeID":null},{"edgeID":"1731379","fromID":"1152668","toID":"1319139","formEdgeID":null},{"edgeID":"1731380","fromID":"1319139","toID":"1152556","formEdgeID":null},{"edgeID":"1731381","fromID":"1319135","toID":"1319140","formEdgeID":null},{"edgeID":"1731382","fromID":"1319140","toID":"1319139","formEdgeID":null},{"edgeID":"1731383","fromID":"1319131","toID":"1319141","formEdgeID":null},{"edgeID":"1731384","fromID":"1319141","toID":"1319034","formEdgeID":null},{"edgeID":"1731385","fromID":"1152566","toID":"1319142","formEdgeID":null},{"edgeID":"1731386","fromID":"1319142","toID":"1152556","formEdgeID":null},{"edgeID":"1731387","fromID":"1319030","toID":"1319143","formEdgeID":null},{"edgeID":"1731388","fromID":"1319143","toID":"1319038","formEdgeID":null},{"edgeID":"1731389","fromID":"1319143","toID":"1319144","formEdgeID":null},{"edgeID":"1731390","fromID":"1319144","toID":"1319142","formEdgeID":null},{"edgeID":"1731391","fromID":"1319038","toID":"1319145","formEdgeID":null},{"edgeID":"1731392","fromID":"1319145","toID":"1319042","formEdgeID":null},{"edgeID":"1731393","fromID":"1319042","toID":"1319146","formEdgeID":null},{"edgeID":"1731394","fromID":"1319146","toID":"1319046","formEdgeID":null},{"edgeID":"1731395","fromID":"1319148","toID":"1319147","formEdgeID":null},{"edgeID":"1731396","fromID":"1319149","toID":"1319148","formEdgeID":null},{"edgeID":"1731397","fromID":"1319147","toID":"1319150","formEdgeID":null},{"edgeID":"1731398","fromID":"1319150","toID":"1152576","formEdgeID":null},{"edgeID":"1731399","fromID":"1319046","toID":"1319151","formEdgeID":null},{"edgeID":"1731400","fromID":"1319151","toID":"1319147","formEdgeID":null},{"edgeID":"1731401","fromID":"1319046","toID":"1319152","formEdgeID":null},{"edgeID":"1731402","fromID":"1319152","toID":"1319049","formEdgeID":null},{"edgeID":"1731403","fromID":"1319049","toID":"1319153","formEdgeID":null},{"edgeID":"1731404","fromID":"1319153","toID":"1319053","formEdgeID":null},{"edgeID":"1731405","fromID":"1319053","toID":"1319154","formEdgeID":null},{"edgeID":"1731406","fromID":"1319154","toID":"1319057","formEdgeID":null},{"edgeID":"1731407","fromID":"1319154","toID":"1319155","formEdgeID":null},{"edgeID":"1731408","fromID":"1319155","toID":"1152583","formEdgeID":null},{"edgeID":"1731409","fromID":"1319057","toID":"1319156","formEdgeID":null},{"edgeID":"1731410","fromID":"1319156","toID":"1319060","formEdgeID":null},{"edgeID":"1731411","fromID":"1319060","toID":"1319157","formEdgeID":null},{"edgeID":"1731412","fromID":"1319157","toID":"1319064","formEdgeID":null},{"edgeID":"1731413","fromID":"1319064","toID":"1319158","formEdgeID":null},{"edgeID":"1731414","fromID":"1319158","toID":"1319068","formEdgeID":null},{"edgeID":"1731415","fromID":"1319068","toID":"1319159","formEdgeID":null},{"edgeID":"1731416","fromID":"1319159","toID":"1319072","formEdgeID":null},{"edgeID":"1731417","fromID":"1152606","toID":"1319160","formEdgeID":null},{"edgeID":"1731418","fromID":"1319160","toID":"1152601","formEdgeID":null},{"edgeID":"1731419","fromID":"1319159","toID":"1319161","formEdgeID":null},{"edgeID":"1731420","fromID":"1319161","toID":"1319160","formEdgeID":null},{"edgeID":"1731421","fromID":"1319072","toID":"1319162","formEdgeID":null},{"edgeID":"1731422","fromID":"1319162","toID":"1319076","formEdgeID":null},{"edgeID":"1731423","fromID":"1147846","toID":"1319163","formEdgeID":null},{"edgeID":"1731424","fromID":"1319163","toID":"1152591","formEdgeID":null},{"edgeID":"1731425","fromID":"1319060","toID":"1319164","formEdgeID":null},{"edgeID":"1731426","fromID":"1319164","toID":"1319080","formEdgeID":null},{"edgeID":"1731427","fromID":"1319164","toID":"1319165","formEdgeID":null},{"edgeID":"1731428","fromID":"1319165","toID":"1319163","formEdgeID":null},{"edgeID":"1731429","fromID":"1147848","toID":"1319166","formEdgeID":null},{"edgeID":"1731430","fromID":"1319166","toID":"1152606","formEdgeID":null},{"edgeID":"1731431","fromID":"1319072","toID":"1319167","formEdgeID":null},{"edgeID":"1731432","fromID":"1319167","toID":"1319084","formEdgeID":null},{"edgeID":"1731433","fromID":"1319167","toID":"1319168","formEdgeID":null},{"edgeID":"1731434","fromID":"1319168","toID":"1319166","formEdgeID":null},{"edgeID":"1731435","fromID":"1152622","toID":"1319169","formEdgeID":null},{"edgeID":"1731436","fromID":"1319169","toID":"1152601","formEdgeID":null},{"edgeID":"1731437","fromID":"1319068","toID":"1319170","formEdgeID":null},{"edgeID":"1731438","fromID":"1319170","toID":"1319088","formEdgeID":null},{"edgeID":"1731439","fromID":"1319170","toID":"1319171","formEdgeID":null},{"edgeID":"1731440","fromID":"1319171","toID":"1319169","formEdgeID":null},{"edgeID":"1731441","fromID":"1147850","toID":"1319172","formEdgeID":null},{"edgeID":"1731442","fromID":"1319172","toID":"1152606","formEdgeID":null},{"edgeID":"1731443","fromID":"1319072","toID":"1319173","formEdgeID":null},{"edgeID":"1731444","fromID":"1319173","toID":"1319092","formEdgeID":null},{"edgeID":"1731445","fromID":"1319173","toID":"1319174","formEdgeID":null},{"edgeID":"1731446","fromID":"1319174","toID":"1319172","formEdgeID":null},{"edgeID":"1731447","fromID":"1319092","toID":"1319175","formEdgeID":null},{"edgeID":"1731448","fromID":"1319175","toID":"1319096","formEdgeID":null},{"edgeID":"1731449","fromID":"1319096","toID":"1319176","formEdgeID":null},{"edgeID":"1731450","fromID":"1319176","toID":"1319021","formEdgeID":null},{"edgeID":"1731451","fromID":"1152635","toID":"1319177","formEdgeID":null},{"edgeID":"1731452","fromID":"1319177","toID":"1152630","formEdgeID":null},{"edgeID":"1731453","fromID":"1319176","toID":"1319178","formEdgeID":null},{"edgeID":"1731454","fromID":"1319178","toID":"1319177","formEdgeID":null},{"edgeID":"1731455","fromID":"1319021","toID":"1319179","formEdgeID":null},{"edgeID":"1731456","fromID":"1319179","toID":"1319103","formEdgeID":null},{"edgeID":"1731457","fromID":"1319103","toID":"1319180","formEdgeID":null},{"edgeID":"1731458","fromID":"1319180","toID":"1319107","formEdgeID":null},{"edgeID":"1731459","fromID":"1152654","toID":"1319181","formEdgeID":null},{"edgeID":"1731460","fromID":"1319181","toID":"1152649","formEdgeID":null},{"edgeID":"1731461","fromID":"1319111","toID":"1319182","formEdgeID":null},{"edgeID":"1731462","fromID":"1319182","toID":"1319115","formEdgeID":null},{"edgeID":"1731463","fromID":"1319182","toID":"1319183","formEdgeID":null},{"edgeID":"1731464","fromID":"1319183","toID":"1319181","formEdgeID":null},{"edgeID":"1731465","fromID":"1319107","toID":"1319184","formEdgeID":null},{"edgeID":"1731466","fromID":"1319184","toID":"1319111","formEdgeID":null},{"edgeID":"1731467","fromID":"1152644","toID":"1319185","formEdgeID":null},{"edgeID":"1731468","fromID":"1319185","toID":"1152649","formEdgeID":null},{"edgeID":"1731469","fromID":"1319184","toID":"1319186","formEdgeID":null},{"edgeID":"1731470","fromID":"1319186","toID":"1319185","formEdgeID":null},{"edgeID":"1731471","fromID":"1152649","toID":"1319187","formEdgeID":null},{"edgeID":"1731472","fromID":"1319187","toID":"1152659","formEdgeID":null},{"edgeID":"1731473","fromID":"1319111","toID":"1319188","formEdgeID":null},{"edgeID":"1731474","fromID":"1319188","toID":"1319119","formEdgeID":null},{"edgeID":"1731475","fromID":"1319188","toID":"1319189","formEdgeID":null},{"edgeID":"1731476","fromID":"1319189","toID":"1319187","formEdgeID":null}],"locutions":[]}