{"nodes":[{"nodeID":"1319702","text":"the public services that Robert Buckland expects and pays for will or will not work better with a United Ireland","type":"I","timestamp":"2023-11-09 13:23:13"},{"nodeID":"1319703","text":"Robert Buckland: Will the public services that I expect and pay for work better","type":"L","timestamp":"2023-11-09 13:23:13"},{"nodeID":"1319704","text":"Analysing","type":"YA","timestamp":"2023-11-09 13:23:13"},{"nodeID":"1319705","text":"Joanne: Robert Buckland: Will the public services that I expect and pay for work better","type":"L","timestamp":"2023-11-09 13:23:13"},{"nodeID":"1319706","text":"Pure Questioning","type":"YA","timestamp":"2023-11-09 13:23:13"},{"nodeID":"1319707","text":"Robert Buckland will or will not have opportunities with a United Ireland","type":"I","timestamp":"2023-11-09 13:23:14"},{"nodeID":"1319708","text":"Robert Buckland: Will I have opportunities","type":"L","timestamp":"2023-11-09 13:23:14"},{"nodeID":"1319709","text":"Analysing","type":"YA","timestamp":"2023-11-09 13:23:14"},{"nodeID":"1319710","text":"Joanne: Robert Buckland: Will I have opportunities","type":"L","timestamp":"2023-11-09 13:23:14"},{"nodeID":"1319711","text":"Pure Questioning","type":"YA","timestamp":"2023-11-09 13:23:14"},{"nodeID":"1319712","text":"Default Transition","type":"TA","timestamp":"2023-11-09 13:23:14"},{"nodeID":"1319713","text":"Robert Buckland's kids will or will not have the right opportunities with a United Ireland","type":"I","timestamp":"2023-11-09 13:23:14"},{"nodeID":"1319714","text":"Robert Buckland: Will my kids have the right opportunities","type":"L","timestamp":"2023-11-09 13:23:14"},{"nodeID":"1319715","text":"Analysing","type":"YA","timestamp":"2023-11-09 13:23:14"},{"nodeID":"1319716","text":"Joanne: Robert Buckland: Will my kids have the right opportunities","type":"L","timestamp":"2023-11-09 13:23:14"},{"nodeID":"1319717","text":"Pure Questioning","type":"YA","timestamp":"2023-11-09 13:23:14"},{"nodeID":"1319718","text":"Default Transition","type":"TA","timestamp":"2023-11-09 13:23:14"},{"nodeID":"1319719","text":"Robert Buckland will or will not suddenly be in a different minority position vis-\u00e0-vis the majority with a United Ireland","type":"I","timestamp":"2023-11-09 13:23:15"},{"nodeID":"1319720","text":"Robert Buckland:  Will I suddenly be in a different minority position vis-\u00e0-vis the majority","type":"L","timestamp":"2023-11-09 13:23:15"},{"nodeID":"1319721","text":"Joanne: Robert Buckland:  Will I suddenly be in a different minority position vis-\u00e0-vis the majority","type":"L","timestamp":"2023-11-09 13:23:15"},{"nodeID":"1319722","text":"Analysing","type":"YA","timestamp":"2023-11-09 13:23:15"},{"nodeID":"1319723","text":"Pure Questioning","type":"YA","timestamp":"2023-11-09 13:23:15"},{"nodeID":"1319724","text":"Default Transition","type":"TA","timestamp":"2023-11-09 13:23:15"},{"nodeID":"1319725","text":"a United Ireland will work xxx","type":"I","timestamp":"2023-11-09 13:23:15"},{"nodeID":"1319726","text":"Robert Buckland: How will that work","type":"L","timestamp":"2023-11-09 13:23:15"},{"nodeID":"1319727","text":"Analysing","type":"YA","timestamp":"2023-11-09 13:23:15"},{"nodeID":"1319728","text":"Joanne: Robert Buckland: How will that work","type":"L","timestamp":"2023-11-09 13:23:15"},{"nodeID":"1319729","text":"Pure Questioning","type":"YA","timestamp":"2023-11-09 13:23:15"},{"nodeID":"1319730","text":"Default Transition","type":"TA","timestamp":"2023-11-09 13:23:15"},{"nodeID":"1319731","text":"the electoral system with a United Ireland will be like xxx","type":"I","timestamp":"2023-11-09 13:23:16"},{"nodeID":"1319732","text":"Robert Buckland: What will the electoral system be like","type":"L","timestamp":"2023-11-09 13:23:16"},{"nodeID":"1319733","text":"Analysing","type":"YA","timestamp":"2023-11-09 13:23:16"},{"nodeID":"1319734","text":"Joanne: Robert Buckland: What will the electoral system be like","type":"L","timestamp":"2023-11-09 13:23:16"},{"nodeID":"1319735","text":"Pure Questioning","type":"YA","timestamp":"2023-11-09 13:23:16"},{"nodeID":"1319736","text":"Default Transition","type":"TA","timestamp":"2023-11-09 13:23:16"},{"nodeID":"1319737","text":"you're entitled to ask all these questions about a United Ireland","type":"I","timestamp":"2023-11-09 13:23:16"},{"nodeID":"1319738","text":"Robert Buckland: You're entitled to ask all these questions","type":"L","timestamp":"2023-11-09 13:23:16"},{"nodeID":"1319739","text":"Analysing","type":"YA","timestamp":"2023-11-09 13:23:16"},{"nodeID":"1319740","text":"Joanne: Robert Buckland: You're entitled to ask all these questions","type":"L","timestamp":"2023-11-09 13:23:16"},{"nodeID":"1319741","text":"Asserting","type":"YA","timestamp":"2023-11-09 13:23:16"},{"nodeID":"1319742","text":"Default Transition","type":"TA","timestamp":"2023-11-09 13:23:16"},{"nodeID":"1319743","text":"if and when there was ever to be a border poll, and Robert Buckland takes Naomi Long's point about there is not an inevitable momentum to this, I would certainly be as a friend, as a fellow Celt saying stay with us","type":"I","timestamp":"2023-11-09 13:23:17"},{"nodeID":"1319744","text":"Robert Buckland: If and when there was ever to be a border poll, and I take Naomi's point about there is not an inevitable momentum to this, I would certainly be as a friend, as a fellow Celt saying stay with us","type":"L","timestamp":"2023-11-09 13:23:17"},{"nodeID":"1319745","text":"Analysing","type":"YA","timestamp":"2023-11-09 13:23:17"},{"nodeID":"1319746","text":"Joanne: Robert Buckland: If and when there was ever to be a border poll, and I take Naomi's point about there is not an inevitable momentum to this, I would certainly be as a friend, as a fellow Celt saying stay with us","type":"L","timestamp":"2023-11-09 13:23:17"},{"nodeID":"1319747","text":"Asserting","type":"YA","timestamp":"2023-11-09 13:23:17"},{"nodeID":"1319748","text":"Default Transition","type":"TA","timestamp":"2023-11-09 13:23:17"},{"nodeID":"1319749","text":"Robert Buckland believes that the values that made the UK great are worth protecting and supporting","type":"I","timestamp":"2023-11-09 13:23:18"},{"nodeID":"1319750","text":"Robert Buckland: I believe the values that made the UK great are worth protecting and supporting","type":"L","timestamp":"2023-11-09 13:23:18"},{"nodeID":"1319751","text":"Analysing","type":"YA","timestamp":"2023-11-09 13:23:18"},{"nodeID":"1319752","text":"Joanne: Robert Buckland: I believe the values that made the UK great are worth protecting and supporting","type":"L","timestamp":"2023-11-09 13:23:18"},{"nodeID":"1319753","text":"Asserting","type":"YA","timestamp":"2023-11-09 13:23:18"},{"nodeID":"1319754","text":"Default Transition","type":"TA","timestamp":"2023-11-09 13:23:18"},{"nodeID":"1319755","text":"Default Inference","type":"RA","timestamp":"2023-11-09 13:23:18"},{"nodeID":"1319756","text":"Arguing","type":"YA","timestamp":"2023-11-09 13:23:18"},{"nodeID":"1319757","text":"Default Inference","type":"RA","timestamp":"2023-11-09 13:23:18"},{"nodeID":"1319758","text":"Default Transition","type":"TA","timestamp":"2023-11-09 13:23:18"},{"nodeID":"1319759","text":"Default Transition","type":"TA","timestamp":"2023-11-09 13:23:18"},{"nodeID":"1319760","text":"Default Transition","type":"TA","timestamp":"2023-11-09 13:23:18"},{"nodeID":"1319761","text":"Default Transition","type":"TA","timestamp":"2023-11-09 13:23:18"},{"nodeID":"1319762","text":"Default Transition","type":"TA","timestamp":"2023-11-09 13:23:18"},{"nodeID":"1319763","text":"Arguing","type":"YA","timestamp":"2023-11-09 13:23:18"},{"nodeID":"1319764","text":"Analysing","type":"YA","timestamp":"2023-11-09 13:23:18"},{"nodeID":"1319765","text":"Pure Questioning","type":"YA","timestamp":"2023-11-09 13:23:18"},{"nodeID":"1319766","text":"Analysing","type":"YA","timestamp":"2023-11-09 13:23:18"},{"nodeID":"1319767","text":"Pure Questioning","type":"YA","timestamp":"2023-11-09 13:23:18"},{"nodeID":"1319768","text":"Default Transition","type":"TA","timestamp":"2023-11-09 13:23:18"},{"nodeID":"1319769","text":"Analysing","type":"YA","timestamp":"2023-11-09 13:23:18"},{"nodeID":"1319770","text":"Pure Questioning","type":"YA","timestamp":"2023-11-09 13:23:18"},{"nodeID":"1319771","text":"Default Transition","type":"TA","timestamp":"2023-11-09 13:23:18"},{"nodeID":"1319772","text":"Analysing","type":"YA","timestamp":"2023-11-09 13:23:18"},{"nodeID":"1319773","text":"Pure Questioning","type":"YA","timestamp":"2023-11-09 13:23:18"},{"nodeID":"1319774","text":"Default Transition","type":"TA","timestamp":"2023-11-09 13:23:18"},{"nodeID":"1319775","text":"Analysing","type":"YA","timestamp":"2023-11-09 13:23:18"},{"nodeID":"1319776","text":"Pure Questioning","type":"YA","timestamp":"2023-11-09 13:23:18"},{"nodeID":"1319777","text":"Default Transition","type":"TA","timestamp":"2023-11-09 13:23:18"},{"nodeID":"1319778","text":"Analysing","type":"YA","timestamp":"2023-11-09 13:23:18"},{"nodeID":"1319779","text":"Pure Questioning","type":"YA","timestamp":"2023-11-09 13:23:18"},{"nodeID":"1319780","text":"Default Transition","type":"TA","timestamp":"2023-11-09 13:23:18"},{"nodeID":"1319781","text":"Analysing","type":"YA","timestamp":"2023-11-09 13:23:18"},{"nodeID":"1319782","text":"Asserting","type":"YA","timestamp":"2023-11-09 13:23:18"},{"nodeID":"1319783","text":"Default Transition","type":"TA","timestamp":"2023-11-09 13:23:18"},{"nodeID":"1319784","text":"Analysing","type":"YA","timestamp":"2023-11-09 13:23:18"},{"nodeID":"1319785","text":"Asserting","type":"YA","timestamp":"2023-11-09 13:23:18"},{"nodeID":"1319786","text":"Default Transition","type":"TA","timestamp":"2023-11-09 13:23:18"},{"nodeID":"1319787","text":"Analysing","type":"YA","timestamp":"2023-11-09 13:23:18"},{"nodeID":"1319788","text":"Asserting","type":"YA","timestamp":"2023-11-09 13:23:18"},{"nodeID":"1319789","text":"Default Transition","type":"TA","timestamp":"2023-11-09 13:23:18"},{"nodeID":"1319790","text":"Default Inference","type":"RA","timestamp":"2023-11-09 13:23:18"},{"nodeID":"1319791","text":"Arguing","type":"YA","timestamp":"2023-11-09 13:23:18"},{"nodeID":"1319792","text":"Default Inference","type":"RA","timestamp":"2023-11-09 13:23:18"},{"nodeID":"1319793","text":"Default Transition","type":"TA","timestamp":"2023-11-09 13:23:18"},{"nodeID":"1319794","text":"Default Transition","type":"TA","timestamp":"2023-11-09 13:23:18"},{"nodeID":"1319795","text":"Default Transition","type":"TA","timestamp":"2023-11-09 13:23:18"},{"nodeID":"1319796","text":"Default Transition","type":"TA","timestamp":"2023-11-09 13:23:18"},{"nodeID":"1319797","text":"Default Transition","type":"TA","timestamp":"2023-11-09 13:23:18"},{"nodeID":"1319798","text":"Arguing","type":"YA","timestamp":"2023-11-09 13:23:18"}],"edges":[{"edgeID":"1732129","fromID":"1319764","toID":"1319703","formEdgeID":null},{"edgeID":"1732130","fromID":"1319705","toID":"1319764","formEdgeID":null},{"edgeID":"1732131","fromID":"1319703","toID":"1319765","formEdgeID":null},{"edgeID":"1732132","fromID":"1319765","toID":"1319702","formEdgeID":null},{"edgeID":"1732133","fromID":"1319766","toID":"1319708","formEdgeID":null},{"edgeID":"1732134","fromID":"1319710","toID":"1319766","formEdgeID":null},{"edgeID":"1732135","fromID":"1319708","toID":"1319767","formEdgeID":null},{"edgeID":"1732136","fromID":"1319767","toID":"1319707","formEdgeID":null},{"edgeID":"1732137","fromID":"1319768","toID":"1319708","formEdgeID":null},{"edgeID":"1732138","fromID":"1319703","toID":"1319768","formEdgeID":null},{"edgeID":"1732139","fromID":"1319716","toID":"1319769","formEdgeID":null},{"edgeID":"1732140","fromID":"1319769","toID":"1319714","formEdgeID":null},{"edgeID":"1732141","fromID":"1319714","toID":"1319770","formEdgeID":null},{"edgeID":"1732142","fromID":"1319770","toID":"1319713","formEdgeID":null},{"edgeID":"1732143","fromID":"1319771","toID":"1319714","formEdgeID":null},{"edgeID":"1732144","fromID":"1319708","toID":"1319771","formEdgeID":null},{"edgeID":"1732145","fromID":"1319772","toID":"1319720","formEdgeID":null},{"edgeID":"1732146","fromID":"1319721","toID":"1319772","formEdgeID":null},{"edgeID":"1732147","fromID":"1319720","toID":"1319773","formEdgeID":null},{"edgeID":"1732148","fromID":"1319773","toID":"1319719","formEdgeID":null},{"edgeID":"1732149","fromID":"1319714","toID":"1319774","formEdgeID":null},{"edgeID":"1732150","fromID":"1319774","toID":"1319720","formEdgeID":null},{"edgeID":"1732151","fromID":"1319775","toID":"1319726","formEdgeID":null},{"edgeID":"1732152","fromID":"1319728","toID":"1319775","formEdgeID":null},{"edgeID":"1732153","fromID":"1319776","toID":"1319725","formEdgeID":null},{"edgeID":"1732154","fromID":"1319726","toID":"1319776","formEdgeID":null},{"edgeID":"1732155","fromID":"1319720","toID":"1319777","formEdgeID":null},{"edgeID":"1732156","fromID":"1319777","toID":"1319726","formEdgeID":null},{"edgeID":"1732157","fromID":"1319778","toID":"1319732","formEdgeID":null},{"edgeID":"1732158","fromID":"1319734","toID":"1319778","formEdgeID":null},{"edgeID":"1732159","fromID":"1319732","toID":"1319779","formEdgeID":null},{"edgeID":"1732160","fromID":"1319779","toID":"1319731","formEdgeID":null},{"edgeID":"1732161","fromID":"1319726","toID":"1319780","formEdgeID":null},{"edgeID":"1732162","fromID":"1319780","toID":"1319732","formEdgeID":null},{"edgeID":"1732163","fromID":"1319740","toID":"1319781","formEdgeID":null},{"edgeID":"1732164","fromID":"1319781","toID":"1319738","formEdgeID":null},{"edgeID":"1732165","fromID":"1319738","toID":"1319782","formEdgeID":null},{"edgeID":"1732166","fromID":"1319782","toID":"1319737","formEdgeID":null},{"edgeID":"1732167","fromID":"1319732","toID":"1319783","formEdgeID":null},{"edgeID":"1732168","fromID":"1319783","toID":"1319738","formEdgeID":null},{"edgeID":"1732169","fromID":"1319784","toID":"1319744","formEdgeID":null},{"edgeID":"1732170","fromID":"1319746","toID":"1319784","formEdgeID":null},{"edgeID":"1732171","fromID":"1319744","toID":"1319785","formEdgeID":null},{"edgeID":"1732172","fromID":"1319785","toID":"1319743","formEdgeID":null},{"edgeID":"1732173","fromID":"1319786","toID":"1319744","formEdgeID":null},{"edgeID":"1732174","fromID":"1319738","toID":"1319786","formEdgeID":null},{"edgeID":"1732175","fromID":"1319787","toID":"1319750","formEdgeID":null},{"edgeID":"1732176","fromID":"1319752","toID":"1319787","formEdgeID":null},{"edgeID":"1732177","fromID":"1319788","toID":"1319749","formEdgeID":null},{"edgeID":"1732178","fromID":"1319750","toID":"1319788","formEdgeID":null},{"edgeID":"1732179","fromID":"1319744","toID":"1319789","formEdgeID":null},{"edgeID":"1732180","fromID":"1319789","toID":"1319750","formEdgeID":null},{"edgeID":"1732181","fromID":"1319749","toID":"1319790","formEdgeID":null},{"edgeID":"1732182","fromID":"1319790","toID":"1319743","formEdgeID":null},{"edgeID":"1732183","fromID":"1319789","toID":"1319791","formEdgeID":null},{"edgeID":"1732184","fromID":"1319791","toID":"1319790","formEdgeID":null},{"edgeID":"1732185","fromID":"1319792","toID":"1319737","formEdgeID":null},{"edgeID":"1732186","fromID":"1319702","toID":"1319792","formEdgeID":null},{"edgeID":"1732187","fromID":"1319713","toID":"1319792","formEdgeID":null},{"edgeID":"1732188","fromID":"1319719","toID":"1319792","formEdgeID":null},{"edgeID":"1732189","fromID":"1319725","toID":"1319792","formEdgeID":null},{"edgeID":"1732190","fromID":"1319731","toID":"1319792","formEdgeID":null},{"edgeID":"1732191","fromID":"1319703","toID":"1319793","formEdgeID":null},{"edgeID":"1732192","fromID":"1319793","toID":"1319738","formEdgeID":null},{"edgeID":"1732193","fromID":"1319794","toID":"1319738","formEdgeID":null},{"edgeID":"1732194","fromID":"1319708","toID":"1319794","formEdgeID":null},{"edgeID":"1732195","fromID":"1319707","toID":"1319792","formEdgeID":null},{"edgeID":"1732196","fromID":"1319714","toID":"1319795","formEdgeID":null},{"edgeID":"1732197","fromID":"1319795","toID":"1319738","formEdgeID":null},{"edgeID":"1732198","fromID":"1319720","toID":"1319796","formEdgeID":null},{"edgeID":"1732199","fromID":"1319796","toID":"1319738","formEdgeID":null},{"edgeID":"1732200","fromID":"1319726","toID":"1319797","formEdgeID":null},{"edgeID":"1732201","fromID":"1319797","toID":"1319738","formEdgeID":null},{"edgeID":"1732202","fromID":"1319783","toID":"1319798","formEdgeID":null},{"edgeID":"1732203","fromID":"1319798","toID":"1319792","formEdgeID":null}],"locutions":[]}