{"nodes":[{"nodeID":"1317636","text":"we aren't facing a tsunami","type":"I","timestamp":"2023-11-09 13:20:15"},{"nodeID":"1317637","text":"AudienceMember 20220609QT48: We aren't facing a tsunami, as Emma puts it","type":"L","timestamp":"2023-11-09 13:20:15"},{"nodeID":"1317638","text":"Analysing","type":"YA","timestamp":"2023-11-09 13:20:15"},{"nodeID":"1317639","text":"Anna : AudienceMember 20220609QT48: We aren't facing a tsunami, as Emma puts it","type":"L","timestamp":"2023-11-09 13:20:15"},{"nodeID":"1317640","text":"there are grace periods existing at the moment with the agreement of the UK and the EU","type":"I","timestamp":"2023-11-09 13:20:15"},{"nodeID":"1317641","text":"AudienceMember 20220609QT48: There are grace periods existing at the moment with the agreement of the UK and the EU","type":"L","timestamp":"2023-11-09 13:20:15"},{"nodeID":"1317642","text":"Analysing","type":"YA","timestamp":"2023-11-09 13:20:15"},{"nodeID":"1317643","text":"Anna : AudienceMember 20220609QT48: There are grace periods existing at the moment with the agreement of the UK and the EU","type":"L","timestamp":"2023-11-09 13:20:15"},{"nodeID":"1317644","text":"Asserting","type":"YA","timestamp":"2023-11-09 13:20:15"},{"nodeID":"1317645","text":"that was deliberately first and foremost there to enable people to adapt to these new arrangements","type":"I","timestamp":"2023-11-09 13:20:16"},{"nodeID":"1317646","text":"AudienceMember 20220609QT48: that was deliberately first and foremost there to enable people to adapt to these new arrangements","type":"L","timestamp":"2023-11-09 13:20:16"},{"nodeID":"1317647","text":"Analysing","type":"YA","timestamp":"2023-11-09 13:20:16"},{"nodeID":"1317648","text":"Anna : AudienceMember 20220609QT48: and that was deliberately first and foremost there to enable people to adapt to these new arrangements","type":"L","timestamp":"2023-11-09 13:20:16"},{"nodeID":"1317649","text":"Asserting","type":"YA","timestamp":"2023-11-09 13:20:16"},{"nodeID":"1317650","text":"Emma was saying there will be a tsunami if all the checks come in","type":"I","timestamp":"2023-11-09 13:20:17"},{"nodeID":"1317651","text":"Fiona Bruce: I think Emma was saying there will be a tsunami if all the checks come in","type":"L","timestamp":"2023-11-09 13:20:17"},{"nodeID":"1317652","text":"Analysing","type":"YA","timestamp":"2023-11-09 13:20:17"},{"nodeID":"1317653","text":"Anna : Fiona Bruce: I think Emma was saying there will be a tsunami if all the checks come in","type":"L","timestamp":"2023-11-09 13:20:17"},{"nodeID":"1317654","text":"Asserting","type":"YA","timestamp":"2023-11-09 13:20:17"},{"nodeID":"1317655","text":"the checks are fully enforced","type":"I","timestamp":"2023-11-09 13:20:17"},{"nodeID":"1317656","text":"AudienceMember 20220609QT49: if they were fully enforced","type":"L","timestamp":"2023-11-09 13:20:17"},{"nodeID":"1317657","text":"Analysing","type":"YA","timestamp":"2023-11-09 13:20:17"},{"nodeID":"1317658","text":"Anna : AudienceMember 20220609QT49: if they were fully enforced","type":"L","timestamp":"2023-11-09 13:20:17"},{"nodeID":"1317659","text":"Asserting","type":"YA","timestamp":"2023-11-09 13:20:17"},{"nodeID":"1317660","text":"there would be significant disruption","type":"I","timestamp":"2023-11-09 13:20:18"},{"nodeID":"1317661","text":"AudienceMember 20220609QT49: there would be significant disruption","type":"L","timestamp":"2023-11-09 13:20:18"},{"nodeID":"1317662","text":"Analysing","type":"YA","timestamp":"2023-11-09 13:20:18"},{"nodeID":"1317663","text":"Anna : AudienceMember 20220609QT49: there would be significant disruption","type":"L","timestamp":"2023-11-09 13:20:18"},{"nodeID":"1317664","text":"Asserting","type":"YA","timestamp":"2023-11-09 13:20:18"},{"nodeID":"1317665","text":"disruptions are or are not what we should have expected all along","type":"I","timestamp":"2023-11-09 13:20:18"},{"nodeID":"1317666","text":"Fiona Bruce:  Is this what we should have expected all along, or not?","type":"L","timestamp":"2023-11-09 13:20:18"},{"nodeID":"1317667","text":"Analysing","type":"YA","timestamp":"2023-11-09 13:20:18"},{"nodeID":"1317668","text":"Anna : Fiona Bruce:  Is this what we should have expected all along, or not?","type":"L","timestamp":"2023-11-09 13:20:18"},{"nodeID":"1317669","text":"Pure Questioning","type":"YA","timestamp":"2023-11-09 13:20:18"},{"nodeID":"1317670","text":"we should certainly have expected adjustment to trade","type":"I","timestamp":"2023-11-09 13:20:19"},{"nodeID":"1317671","text":"AudienceMember 20220609QT50: we should certainly have expected adjustment to trade","type":"L","timestamp":"2023-11-09 13:20:19"},{"nodeID":"1317672","text":"Analysing","type":"YA","timestamp":"2023-11-09 13:20:19"},{"nodeID":"1317673","text":"Anna : AudienceMember 20220609QT50: we should certainly have expected adjustment to trade","type":"L","timestamp":"2023-11-09 13:20:19"},{"nodeID":"1317674","text":"Asserting","type":"YA","timestamp":"2023-11-09 13:20:19"},{"nodeID":"1317675","text":"a big part of the problem in January 2021 was there was not proper preparation","type":"I","timestamp":"2023-11-09 13:20:19"},{"nodeID":"1317676","text":"AudienceMember 20220609QT50: and I think a big part of the problem in January 2021 was there was not proper preparation","type":"L","timestamp":"2023-11-09 13:20:19"},{"nodeID":"1317677","text":"Analysing","type":"YA","timestamp":"2023-11-09 13:20:19"},{"nodeID":"1317678","text":"Anna : AudienceMember 20220609QT50: and I think a big part of the problem in January 2021 was there was not proper preparation","type":"L","timestamp":"2023-11-09 13:20:19"},{"nodeID":"1317679","text":"Asserting","type":"YA","timestamp":"2023-11-09 13:20:19"},{"nodeID":"1317680","text":"all the surveys show since January 2021 we have had adaptation","type":"I","timestamp":"2023-11-09 13:20:20"},{"nodeID":"1317681","text":"AudienceMember 20220609QT50: All the surveys show since then we have had adaptation","type":"L","timestamp":"2023-11-09 13:20:20"},{"nodeID":"1317682","text":"Analysing","type":"YA","timestamp":"2023-11-09 13:20:20"},{"nodeID":"1317683","text":"Anna : AudienceMember 20220609QT50: All the surveys show since then we have had adaptation","type":"L","timestamp":"2023-11-09 13:20:20"},{"nodeID":"1317684","text":"Asserting","type":"YA","timestamp":"2023-11-09 13:20:20"},{"nodeID":"1317685","text":"two thirds of businesses according to the Northern Ireland Chamber quarterly survey say they've adapted well to the post-protocol arrangements","type":"I","timestamp":"2023-11-09 13:20:21"},{"nodeID":"1317686","text":"AudienceMember 20220609QT50: and two thirds of businesses according to the Northern Ireland Chamber quarterly survey say they've adapted well to the post-protocol arrangements","type":"L","timestamp":"2023-11-09 13:20:21"},{"nodeID":"1317687","text":"Analysing","type":"YA","timestamp":"2023-11-09 13:20:21"},{"nodeID":"1317688","text":"Anna : AudienceMember 20220609QT50: and two thirds of businesses according to the Northern Ireland Chamber quarterly survey say they've adapted well to the post-protocol arrangements","type":"L","timestamp":"2023-11-09 13:20:21"},{"nodeID":"1317689","text":"Asserting","type":"YA","timestamp":"2023-11-09 13:20:21"},{"nodeID":"1317690","text":"only 8% of businesses say they are finding significant challenges","type":"I","timestamp":"2023-11-09 13:20:21"},{"nodeID":"1317691","text":"AudienceMember 20220609QT50: and only 8% say they are finding significant challenges","type":"L","timestamp":"2023-11-09 13:20:21"},{"nodeID":"1317692","text":"Analysing","type":"YA","timestamp":"2023-11-09 13:20:21"},{"nodeID":"1317693","text":"Anna : AudienceMember 20220609QT50: and only 8% say they are finding significant challenges","type":"L","timestamp":"2023-11-09 13:20:21"},{"nodeID":"1317694","text":"Asserting","type":"YA","timestamp":"2023-11-09 13:20:21"},{"nodeID":"1317695","text":"businesses are saying we need the UK and the EU to talk","type":"I","timestamp":"2023-11-09 13:20:22"},{"nodeID":"1317696","text":"AudienceMember 20220609QT50: which is why businesses are saying we need the UK and the EU to talk","type":"L","timestamp":"2023-11-09 13:20:22"},{"nodeID":"1317697","text":"Analysing","type":"YA","timestamp":"2023-11-09 13:20:22"},{"nodeID":"1317698","text":"Anna : AudienceMember 20220609QT50: which is why businesses are saying we need the UK and the EU to talk","type":"L","timestamp":"2023-11-09 13:20:22"},{"nodeID":"1317699","text":"Asserting","type":"YA","timestamp":"2023-11-09 13:20:22"},{"nodeID":"1317700","text":"we need a negotiated outcome in order for the certainty that businesses have been asking for for such a long time","type":"I","timestamp":"2023-11-09 13:20:22"},{"nodeID":"1317701","text":"AudienceMember 20220609QT50: We need a negotiated outcome in order for the certainty that businesses have been asking for for such a long time","type":"L","timestamp":"2023-11-09 13:20:22"},{"nodeID":"1317702","text":"Analysing","type":"YA","timestamp":"2023-11-09 13:20:22"},{"nodeID":"1317703","text":"Anna : AudienceMember 20220609QT50: We need a negotiated outcome in order for the certainty that businesses have been asking for for such a long time","type":"L","timestamp":"2023-11-09 13:20:22"},{"nodeID":"1317704","text":"Asserting","type":"YA","timestamp":"2023-11-09 13:20:22"},{"nodeID":"1317705","text":"John Finucane does not agree with the premise that the Protocol is an identity issue","type":"I","timestamp":"2023-11-09 13:20:23"},{"nodeID":"1317706","text":"John Finucane: I don't agree with the premise that the Protocol is an identity issue","type":"L","timestamp":"2023-11-09 13:20:23"},{"nodeID":"1317707","text":"Analysing","type":"YA","timestamp":"2023-11-09 13:20:23"},{"nodeID":"1317708","text":"Anna : John Finucane: I don't agree with the premise that the Protocol is an identity issue","type":"L","timestamp":"2023-11-09 13:20:23"},{"nodeID":"1317709","text":"Asserting","type":"YA","timestamp":"2023-11-09 13:20:23"},{"nodeID":"1317710","text":"the protocol is a trading issue","type":"I","timestamp":"2023-11-09 13:20:24"},{"nodeID":"1317711","text":"John Finucane:  It's a trading issue","type":"L","timestamp":"2023-11-09 13:20:24"},{"nodeID":"1317712","text":"Analysing","type":"YA","timestamp":"2023-11-09 13:20:24"},{"nodeID":"1317713","text":"Anna : John Finucane:  It's a trading issue","type":"L","timestamp":"2023-11-09 13:20:24"},{"nodeID":"1317714","text":"Asserting","type":"YA","timestamp":"2023-11-09 13:20:24"},{"nodeID":"1317715","text":"it is worth repeating the fact that the protocol was as a result of a painfully long set of negotiations since the Brexit referendum","type":"I","timestamp":"2023-11-09 13:20:24"},{"nodeID":"1317716","text":"John Finucane: It is worth repeating the fact that the protocol was as a result of a painfully long set of negotiations since the Brexit referendum","type":"L","timestamp":"2023-11-09 13:20:24"},{"nodeID":"1317717","text":"Analysing","type":"YA","timestamp":"2023-11-09 13:20:24"},{"nodeID":"1317718","text":"Anna : John Finucane: It is worth repeating the fact that the protocol was as a result of a painfully long set of negotiations since the Brexit referendum","type":"L","timestamp":"2023-11-09 13:20:24"},{"nodeID":"1317719","text":"Asserting","type":"YA","timestamp":"2023-11-09 13:20:24"},{"nodeID":"1317720","text":"people here didn't vote for Brexit","type":"I","timestamp":"2023-11-09 13:20:25"},{"nodeID":"1317721","text":"John Finucane: which, I will remind people, if they need reminding, people here didn't vote for","type":"L","timestamp":"2023-11-09 13:20:25"},{"nodeID":"1317722","text":"Analysing","type":"YA","timestamp":"2023-11-09 13:20:25"},{"nodeID":"1317723","text":"Anna : John Finucane: which, I will remind people, if they need reminding, people here didn't vote for","type":"L","timestamp":"2023-11-09 13:20:25"},{"nodeID":"1317724","text":"Asserting","type":"YA","timestamp":"2023-11-09 13:20:25"},{"nodeID":"1317725","text":"Emma Little-Pengelly: we aren't facing a tsunami","type":"L","timestamp":"2023-11-09 13:20:25"},{"nodeID":"1317726","text":"Analysing","type":"YA","timestamp":"2023-11-09 13:20:25"},{"nodeID":"1317727","text":"Anna : Emma Little-Pengelly: we aren't facing a tsunami, as Emma puts it","type":"L","timestamp":"2023-11-09 13:20:25"},{"nodeID":"1317728","text":"Asserting","type":"YA","timestamp":"2023-11-09 13:20:25"},{"nodeID":"1317729","text":"Asserting","type":"YA","timestamp":"2023-11-09 13:20:25"},{"nodeID":"1317730","text":"Default Transition","type":"TA","timestamp":"2023-11-09 13:20:25"},{"nodeID":"1317731","text":"Default Inference","type":"RA","timestamp":"2023-11-09 13:20:25"},{"nodeID":"1317732","text":"Arguing","type":"YA","timestamp":"2023-11-09 13:20:25"},{"nodeID":"1317733","text":"Default Inference","type":"RA","timestamp":"2023-11-09 13:20:25"},{"nodeID":"1317734","text":"Default Transition","type":"TA","timestamp":"2023-11-09 13:20:25"},{"nodeID":"1317735","text":"Arguing","type":"YA","timestamp":"2023-11-09 13:20:25"},{"nodeID":"1317736","text":"Default Transition","type":"TA","timestamp":"2023-11-09 13:20:25"},{"nodeID":"1317737","text":"Default Conflict","type":"CA","timestamp":"2023-11-09 13:20:25"},{"nodeID":"1317738","text":"Disagreeing","type":"YA","timestamp":"2023-11-09 13:20:25"},{"nodeID":"1317739","text":"AudienceMember 20220609QT49: Yes","type":"L","timestamp":"2023-11-09 13:20:25"},{"nodeID":"1317740","text":"Analysing","type":"YA","timestamp":"2023-11-09 13:20:25"},{"nodeID":"1317741","text":"Anna : AudienceMember 20220609QT49: Yes","type":"L","timestamp":"2023-11-09 13:20:25"},{"nodeID":"1317742","text":"we come to the end of the grace period with no agreement","type":"I","timestamp":"2023-11-09 13:20:25"},{"nodeID":"1317743","text":"AudienceMember 20220609QT49: so if we come to the end of the grace period with no agreement","type":"L","timestamp":"2023-11-09 13:20:25"},{"nodeID":"1317744","text":"Analysing","type":"YA","timestamp":"2023-11-09 13:20:25"},{"nodeID":"1317745","text":"Anna : AudienceMember 20220609QT49: o if we come to the end of the grace period with no agreement","type":"L","timestamp":"2023-11-09 13:20:25"},{"nodeID":"1317746","text":"Asserting","type":"YA","timestamp":"2023-11-09 13:20:25"},{"nodeID":"1317747","text":"Default Transition","type":"TA","timestamp":"2023-11-09 13:20:25"},{"nodeID":"1317748","text":"Agreeing","type":"YA","timestamp":"2023-11-09 13:20:25"},{"nodeID":"1317749","text":"Default Inference","type":"RA","timestamp":"2023-11-09 13:20:25"},{"nodeID":"1317750","text":"Default Transition","type":"TA","timestamp":"2023-11-09 13:20:25"},{"nodeID":"1317751","text":"Arguing","type":"YA","timestamp":"2023-11-09 13:20:25"},{"nodeID":"1317752","text":"Default Transition","type":"TA","timestamp":"2023-11-09 13:20:25"},{"nodeID":"1317753","text":"Default Transition","type":"TA","timestamp":"2023-11-09 13:20:25"},{"nodeID":"1317754","text":"Default Rephrase","type":"MA","timestamp":"2023-11-09 13:20:25"},{"nodeID":"1317755","text":"Default Transition","type":"TA","timestamp":"2023-11-09 13:20:25"},{"nodeID":"1317756","text":"Default Illocuting","type":"YA","timestamp":"2023-11-09 13:20:25"},{"nodeID":"1317757","text":"Default Transition","type":"TA","timestamp":"2023-11-09 13:20:25"},{"nodeID":"1317758","text":"Default Transition","type":"TA","timestamp":"2023-11-09 13:20:25"},{"nodeID":"1317759","text":"Default Transition","type":"TA","timestamp":"2023-11-09 13:20:25"},{"nodeID":"1317760","text":"Default Inference","type":"RA","timestamp":"2023-11-09 13:20:25"},{"nodeID":"1317761","text":"Default Rephrase","type":"MA","timestamp":"2023-11-09 13:20:25"},{"nodeID":"1317762","text":"Restating","type":"YA","timestamp":"2023-11-09 13:20:25"},{"nodeID":"1317763","text":"Default Transition","type":"TA","timestamp":"2023-11-09 13:20:25"},{"nodeID":"1317764","text":"Default Transition","type":"TA","timestamp":"2023-11-09 13:20:25"},{"nodeID":"1317765","text":"Arguing","type":"YA","timestamp":"2023-11-09 13:20:25"},{"nodeID":"1317766","text":"Default Transition","type":"TA","timestamp":"2023-11-09 13:20:25"},{"nodeID":"1317767","text":"Default Inference","type":"RA","timestamp":"2023-11-09 13:20:25"},{"nodeID":"1317768","text":"Arguing","type":"YA","timestamp":"2023-11-09 13:20:25"},{"nodeID":"1317769","text":"Default Transition","type":"TA","timestamp":"2023-11-09 13:20:25"},{"nodeID":"1317770","text":"Default Transition","type":"TA","timestamp":"2023-11-09 13:20:25"},{"nodeID":"1317771","text":"Default Conflict","type":"CA","timestamp":"2023-11-09 13:20:25"},{"nodeID":"1317772","text":"Disagreeing","type":"YA","timestamp":"2023-11-09 13:20:25"},{"nodeID":"1317773","text":"Default Transition","type":"TA","timestamp":"2023-11-09 13:20:25"},{"nodeID":"1317774","text":"Default Transition","type":"TA","timestamp":"2023-11-09 13:20:25"},{"nodeID":"1317775","text":"Default Transition","type":"TA","timestamp":"2023-11-09 13:20:25"},{"nodeID":"1317776","text":"Default Transition","type":"TA","timestamp":"2023-11-09 13:20:25"}],"edges":[{"edgeID":"1729555","fromID":"1317638","toID":"1317637","formEdgeID":null},{"edgeID":"1729556","fromID":"1317639","toID":"1317638","formEdgeID":null},{"edgeID":"1729557","fromID":"1317642","toID":"1317641","formEdgeID":null},{"edgeID":"1729558","fromID":"1317643","toID":"1317642","formEdgeID":null},{"edgeID":"1729559","fromID":"1317641","toID":"1317644","formEdgeID":null},{"edgeID":"1729560","fromID":"1317644","toID":"1317640","formEdgeID":null},{"edgeID":"1729561","fromID":"1317647","toID":"1317646","formEdgeID":null},{"edgeID":"1729562","fromID":"1317648","toID":"1317647","formEdgeID":null},{"edgeID":"1729563","fromID":"1317646","toID":"1317649","formEdgeID":null},{"edgeID":"1729564","fromID":"1317649","toID":"1317645","formEdgeID":null},{"edgeID":"1729565","fromID":"1317652","toID":"1317651","formEdgeID":null},{"edgeID":"1729566","fromID":"1317653","toID":"1317652","formEdgeID":null},{"edgeID":"1729567","fromID":"1317651","toID":"1317654","formEdgeID":null},{"edgeID":"1729568","fromID":"1317654","toID":"1317650","formEdgeID":null},{"edgeID":"1729569","fromID":"1317657","toID":"1317656","formEdgeID":null},{"edgeID":"1729570","fromID":"1317658","toID":"1317657","formEdgeID":null},{"edgeID":"1729571","fromID":"1317656","toID":"1317659","formEdgeID":null},{"edgeID":"1729572","fromID":"1317659","toID":"1317655","formEdgeID":null},{"edgeID":"1729573","fromID":"1317662","toID":"1317661","formEdgeID":null},{"edgeID":"1729574","fromID":"1317663","toID":"1317662","formEdgeID":null},{"edgeID":"1729575","fromID":"1317661","toID":"1317664","formEdgeID":null},{"edgeID":"1729576","fromID":"1317664","toID":"1317660","formEdgeID":null},{"edgeID":"1729577","fromID":"1317667","toID":"1317666","formEdgeID":null},{"edgeID":"1729578","fromID":"1317668","toID":"1317667","formEdgeID":null},{"edgeID":"1729579","fromID":"1317666","toID":"1317669","formEdgeID":null},{"edgeID":"1729580","fromID":"1317669","toID":"1317665","formEdgeID":null},{"edgeID":"1729581","fromID":"1317672","toID":"1317671","formEdgeID":null},{"edgeID":"1729582","fromID":"1317673","toID":"1317672","formEdgeID":null},{"edgeID":"1729583","fromID":"1317671","toID":"1317674","formEdgeID":null},{"edgeID":"1729584","fromID":"1317674","toID":"1317670","formEdgeID":null},{"edgeID":"1729585","fromID":"1317677","toID":"1317676","formEdgeID":null},{"edgeID":"1729586","fromID":"1317678","toID":"1317677","formEdgeID":null},{"edgeID":"1729587","fromID":"1317676","toID":"1317679","formEdgeID":null},{"edgeID":"1729588","fromID":"1317679","toID":"1317675","formEdgeID":null},{"edgeID":"1729589","fromID":"1317682","toID":"1317681","formEdgeID":null},{"edgeID":"1729590","fromID":"1317683","toID":"1317682","formEdgeID":null},{"edgeID":"1729591","fromID":"1317681","toID":"1317684","formEdgeID":null},{"edgeID":"1729592","fromID":"1317684","toID":"1317680","formEdgeID":null},{"edgeID":"1729593","fromID":"1317687","toID":"1317686","formEdgeID":null},{"edgeID":"1729594","fromID":"1317688","toID":"1317687","formEdgeID":null},{"edgeID":"1729595","fromID":"1317686","toID":"1317689","formEdgeID":null},{"edgeID":"1729596","fromID":"1317689","toID":"1317685","formEdgeID":null},{"edgeID":"1729597","fromID":"1317692","toID":"1317691","formEdgeID":null},{"edgeID":"1729598","fromID":"1317693","toID":"1317692","formEdgeID":null},{"edgeID":"1729599","fromID":"1317691","toID":"1317694","formEdgeID":null},{"edgeID":"1729600","fromID":"1317694","toID":"1317690","formEdgeID":null},{"edgeID":"1729601","fromID":"1317697","toID":"1317696","formEdgeID":null},{"edgeID":"1729602","fromID":"1317698","toID":"1317697","formEdgeID":null},{"edgeID":"1729603","fromID":"1317696","toID":"1317699","formEdgeID":null},{"edgeID":"1729604","fromID":"1317699","toID":"1317695","formEdgeID":null},{"edgeID":"1729605","fromID":"1317702","toID":"1317701","formEdgeID":null},{"edgeID":"1729606","fromID":"1317703","toID":"1317702","formEdgeID":null},{"edgeID":"1729607","fromID":"1317701","toID":"1317704","formEdgeID":null},{"edgeID":"1729608","fromID":"1317704","toID":"1317700","formEdgeID":null},{"edgeID":"1729609","fromID":"1317707","toID":"1317706","formEdgeID":null},{"edgeID":"1729610","fromID":"1317708","toID":"1317707","formEdgeID":null},{"edgeID":"1729611","fromID":"1317706","toID":"1317709","formEdgeID":null},{"edgeID":"1729612","fromID":"1317709","toID":"1317705","formEdgeID":null},{"edgeID":"1729613","fromID":"1317712","toID":"1317711","formEdgeID":null},{"edgeID":"1729614","fromID":"1317713","toID":"1317712","formEdgeID":null},{"edgeID":"1729615","fromID":"1317711","toID":"1317714","formEdgeID":null},{"edgeID":"1729616","fromID":"1317714","toID":"1317710","formEdgeID":null},{"edgeID":"1729617","fromID":"1317717","toID":"1317716","formEdgeID":null},{"edgeID":"1729618","fromID":"1317718","toID":"1317717","formEdgeID":null},{"edgeID":"1729619","fromID":"1317716","toID":"1317719","formEdgeID":null},{"edgeID":"1729620","fromID":"1317719","toID":"1317715","formEdgeID":null},{"edgeID":"1729621","fromID":"1317722","toID":"1317721","formEdgeID":null},{"edgeID":"1729622","fromID":"1317723","toID":"1317722","formEdgeID":null},{"edgeID":"1729623","fromID":"1317721","toID":"1317724","formEdgeID":null},{"edgeID":"1729624","fromID":"1317724","toID":"1317720","formEdgeID":null},{"edgeID":"1729625","fromID":"1317726","toID":"1317725","formEdgeID":null},{"edgeID":"1729626","fromID":"1317727","toID":"1317726","formEdgeID":null},{"edgeID":"1729627","fromID":"1317725","toID":"1317728","formEdgeID":null},{"edgeID":"1729628","fromID":"1317728","toID":"1317636","formEdgeID":null},{"edgeID":"1729629","fromID":"1317637","toID":"1317729","formEdgeID":null},{"edgeID":"1729630","fromID":"1317729","toID":"1317725","formEdgeID":null},{"edgeID":"1729631","fromID":"1317637","toID":"1317730","formEdgeID":null},{"edgeID":"1729632","fromID":"1317730","toID":"1317641","formEdgeID":null},{"edgeID":"1729633","fromID":"1317640","toID":"1317731","formEdgeID":null},{"edgeID":"1729634","fromID":"1317731","toID":"1317636","formEdgeID":null},{"edgeID":"1729635","fromID":"1317730","toID":"1317732","formEdgeID":null},{"edgeID":"1729636","fromID":"1317732","toID":"1317731","formEdgeID":null},{"edgeID":"1729637","fromID":"1317645","toID":"1317733","formEdgeID":null},{"edgeID":"1729638","fromID":"1317733","toID":"1317640","formEdgeID":null},{"edgeID":"1729639","fromID":"1317646","toID":"1317734","formEdgeID":null},{"edgeID":"1729640","fromID":"1317734","toID":"1317641","formEdgeID":null},{"edgeID":"1729641","fromID":"1317734","toID":"1317735","formEdgeID":null},{"edgeID":"1729642","fromID":"1317735","toID":"1317733","formEdgeID":null},{"edgeID":"1729643","fromID":"1317637","toID":"1317736","formEdgeID":null},{"edgeID":"1729644","fromID":"1317736","toID":"1317651","formEdgeID":null},{"edgeID":"1729645","fromID":"1317650","toID":"1317737","formEdgeID":null},{"edgeID":"1729646","fromID":"1317737","toID":"1317725","formEdgeID":null},{"edgeID":"1729647","fromID":"1317736","toID":"1317738","formEdgeID":null},{"edgeID":"1729648","fromID":"1317738","toID":"1317737","formEdgeID":null},{"edgeID":"1729649","fromID":"1317740","toID":"1317739","formEdgeID":null},{"edgeID":"1729650","fromID":"1317741","toID":"1317740","formEdgeID":null},{"edgeID":"1729651","fromID":"1317744","toID":"1317743","formEdgeID":null},{"edgeID":"1729652","fromID":"1317745","toID":"1317744","formEdgeID":null},{"edgeID":"1729653","fromID":"1317743","toID":"1317746","formEdgeID":null},{"edgeID":"1729654","fromID":"1317746","toID":"1317742","formEdgeID":null},{"edgeID":"1729655","fromID":"1317651","toID":"1317747","formEdgeID":null},{"edgeID":"1729656","fromID":"1317747","toID":"1317739","formEdgeID":null},{"edgeID":"1729657","fromID":"1317747","toID":"1317748","formEdgeID":null},{"edgeID":"1729658","fromID":"1317748","toID":"1317650","formEdgeID":null},{"edgeID":"1729659","fromID":"1317655","toID":"1317749","formEdgeID":null},{"edgeID":"1729660","fromID":"1317749","toID":"1317660","formEdgeID":null},{"edgeID":"1729661","fromID":"1317656","toID":"1317750","formEdgeID":null},{"edgeID":"1729662","fromID":"1317750","toID":"1317661","formEdgeID":null},{"edgeID":"1729663","fromID":"1317750","toID":"1317751","formEdgeID":null},{"edgeID":"1729664","fromID":"1317751","toID":"1317749","formEdgeID":null},{"edgeID":"1729665","fromID":"1317743","toID":"1317752","formEdgeID":null},{"edgeID":"1729666","fromID":"1317752","toID":"1317661","formEdgeID":null},{"edgeID":"1729667","fromID":"1317742","toID":"1317749","formEdgeID":null},{"edgeID":"1729668","fromID":"1317661","toID":"1317753","formEdgeID":null},{"edgeID":"1729669","fromID":"1317753","toID":"1317666","formEdgeID":null},{"edgeID":"1729670","fromID":"1317670","toID":"1317754","formEdgeID":null},{"edgeID":"1729671","fromID":"1317754","toID":"1317665","formEdgeID":null},{"edgeID":"1729672","fromID":"1317666","toID":"1317755","formEdgeID":null},{"edgeID":"1729673","fromID":"1317755","toID":"1317671","formEdgeID":null},{"edgeID":"1729674","fromID":"1317755","toID":"1317756","formEdgeID":null},{"edgeID":"1729675","fromID":"1317756","toID":"1317754","formEdgeID":null},{"edgeID":"1729676","fromID":"1317671","toID":"1317757","formEdgeID":null},{"edgeID":"1729677","fromID":"1317757","toID":"1317676","formEdgeID":null},{"edgeID":"1729678","fromID":"1317676","toID":"1317758","formEdgeID":null},{"edgeID":"1729679","fromID":"1317758","toID":"1317681","formEdgeID":null},{"edgeID":"1729680","fromID":"1317681","toID":"1317759","formEdgeID":null},{"edgeID":"1729681","fromID":"1317759","toID":"1317686","formEdgeID":null},{"edgeID":"1729682","fromID":"1317690","toID":"1317760","formEdgeID":null},{"edgeID":"1729683","fromID":"1317760","toID":"1317695","formEdgeID":null},{"edgeID":"1729684","fromID":"1317685","toID":"1317761","formEdgeID":null},{"edgeID":"1729685","fromID":"1317761","toID":"1317680","formEdgeID":null},{"edgeID":"1729686","fromID":"1317759","toID":"1317762","formEdgeID":null},{"edgeID":"1729687","fromID":"1317762","toID":"1317761","formEdgeID":null},{"edgeID":"1729688","fromID":"1317686","toID":"1317763","formEdgeID":null},{"edgeID":"1729689","fromID":"1317763","toID":"1317691","formEdgeID":null},{"edgeID":"1729690","fromID":"1317691","toID":"1317764","formEdgeID":null},{"edgeID":"1729691","fromID":"1317764","toID":"1317696","formEdgeID":null},{"edgeID":"1729692","fromID":"1317764","toID":"1317765","formEdgeID":null},{"edgeID":"1729693","fromID":"1317765","toID":"1317760","formEdgeID":null},{"edgeID":"1729694","fromID":"1317696","toID":"1317766","formEdgeID":null},{"edgeID":"1729695","fromID":"1317766","toID":"1317701","formEdgeID":null},{"edgeID":"1729696","fromID":"1317700","toID":"1317767","formEdgeID":null},{"edgeID":"1729697","fromID":"1317767","toID":"1317695","formEdgeID":null},{"edgeID":"1729698","fromID":"1317766","toID":"1317768","formEdgeID":null},{"edgeID":"1729699","fromID":"1317768","toID":"1317767","formEdgeID":null},{"edgeID":"1729700","fromID":"1317701","toID":"1317769","formEdgeID":null},{"edgeID":"1729701","fromID":"1317769","toID":"1317706","formEdgeID":null},{"edgeID":"1729702","fromID":"1317706","toID":"1317770","formEdgeID":null},{"edgeID":"1729703","fromID":"1317770","toID":"1317711","formEdgeID":null},{"edgeID":"1729704","fromID":"1317710","toID":"1317771","formEdgeID":null},{"edgeID":"1729705","fromID":"1317771","toID":"1317705","formEdgeID":null},{"edgeID":"1729706","fromID":"1317770","toID":"1317772","formEdgeID":null},{"edgeID":"1729707","fromID":"1317772","toID":"1317771","formEdgeID":null},{"edgeID":"1729708","fromID":"1317711","toID":"1317773","formEdgeID":null},{"edgeID":"1729709","fromID":"1317773","toID":"1317716","formEdgeID":null},{"edgeID":"1729710","fromID":"1317716","toID":"1317774","formEdgeID":null},{"edgeID":"1729711","fromID":"1317774","toID":"1317721","formEdgeID":null},{"edgeID":"1729712","fromID":"1317739","toID":"1317775","formEdgeID":null},{"edgeID":"1729713","fromID":"1317775","toID":"1317743","formEdgeID":null},{"edgeID":"1729714","fromID":"1317743","toID":"1317776","formEdgeID":null},{"edgeID":"1729715","fromID":"1317776","toID":"1317656","formEdgeID":null}],"locutions":[]}