{"nodes":[{"nodeID":"1318364","text":"the Northern Ireland Protocol negotiations are negotiations that are failing","type":"I","timestamp":"2023-11-09 13:21:14"},{"nodeID":"1318365","text":"Peter Kyle: These are negotiations that are failing","type":"L","timestamp":"2023-11-09 13:21:14"},{"nodeID":"1318366","text":"Analysing","type":"YA","timestamp":"2023-11-09 13:21:14"},{"nodeID":"1318367","text":"Tuuli: Peter Kyle: These are negotiations that are failing","type":"L","timestamp":"2023-11-09 13:21:14"},{"nodeID":"1318368","text":"Asserting","type":"YA","timestamp":"2023-11-09 13:21:14"},{"nodeID":"1318369","text":"everybody agrees they want progress","type":"I","timestamp":"2023-11-09 13:21:15"},{"nodeID":"1318370","text":"Peter Kyle: everybody agrees they want progress","type":"L","timestamp":"2023-11-09 13:21:15"},{"nodeID":"1318371","text":"Analysing","type":"YA","timestamp":"2023-11-09 13:21:15"},{"nodeID":"1318372","text":"Tuuli: Peter Kyle: everybody agrees they want progress","type":"L","timestamp":"2023-11-09 13:21:15"},{"nodeID":"1318373","text":"Asserting","type":"YA","timestamp":"2023-11-09 13:21:15"},{"nodeID":"1318374","text":"Default Transition","type":"TA","timestamp":"2023-11-09 13:21:15"},{"nodeID":"1318375","text":"Default Inference","type":"RA","timestamp":"2023-11-09 13:21:15"},{"nodeID":"1318376","text":"Arguing","type":"YA","timestamp":"2023-11-09 13:21:15"},{"nodeID":"1318377","text":"it is absurd how everybody agrees they want progress","type":"I","timestamp":"2023-11-09 13:21:16"},{"nodeID":"1318378","text":"Peter Kyle: It is absurd","type":"L","timestamp":"2023-11-09 13:21:16"},{"nodeID":"1318379","text":"Analysing","type":"YA","timestamp":"2023-11-09 13:21:16"},{"nodeID":"1318380","text":"Tuuli: Peter Kyle: It is absurd","type":"L","timestamp":"2023-11-09 13:21:16"},{"nodeID":"1318381","text":"Asserting","type":"YA","timestamp":"2023-11-09 13:21:16"},{"nodeID":"1318382","text":"Default Transition","type":"TA","timestamp":"2023-11-09 13:21:16"},{"nodeID":"1318383","text":"Default Rephrase","type":"MA","timestamp":"2023-11-09 13:21:16"},{"nodeID":"1318384","text":"Restating","type":"YA","timestamp":"2023-11-09 13:21:16"},{"nodeID":"1318385","text":"the way forward is going to be statecraft, diligence, and graft","type":"I","timestamp":"2023-11-09 13:21:16"},{"nodeID":"1318386","text":"Peter Kyle: The way forward is going to be statecraft, diligence, and graft","type":"L","timestamp":"2023-11-09 13:21:16"},{"nodeID":"1318387","text":"Analysing","type":"YA","timestamp":"2023-11-09 13:21:16"},{"nodeID":"1318388","text":"Tuuli: Peter Kyle: The way forward is going to be statecraft, diligence, and graft","type":"L","timestamp":"2023-11-09 13:21:16"},{"nodeID":"1318389","text":"Asserting","type":"YA","timestamp":"2023-11-09 13:21:16"},{"nodeID":"1318390","text":"Default Transition","type":"TA","timestamp":"2023-11-09 13:21:16"},{"nodeID":"1318391","text":"Default Inference","type":"RA","timestamp":"2023-11-09 13:21:16"},{"nodeID":"1318392","text":"Arguing","type":"YA","timestamp":"2023-11-09 13:21:16"},{"nodeID":"1318393","text":"statecraft, diligence, and graft are what Boris Johnson and his government have shown they cannot deliver","type":"I","timestamp":"2023-11-09 13:21:17"},{"nodeID":"1318394","text":"Peter Kyle: All of the things that Boris Johnson and his government have shown they cannot deliver","type":"L","timestamp":"2023-11-09 13:21:17"},{"nodeID":"1318395","text":"Analysing","type":"YA","timestamp":"2023-11-09 13:21:17"},{"nodeID":"1318396","text":"Tuuli: Peter Kyle: All of the things that Boris Johnson and his government have shown they cannot deliver","type":"L","timestamp":"2023-11-09 13:21:17"},{"nodeID":"1318397","text":"Asserting","type":"YA","timestamp":"2023-11-09 13:21:17"},{"nodeID":"1318398","text":"Default Transition","type":"TA","timestamp":"2023-11-09 13:21:17"},{"nodeID":"1318399","text":"Default Conflict","type":"CA","timestamp":"2023-11-09 13:21:17"},{"nodeID":"1318400","text":"Disagreeing","type":"YA","timestamp":"2023-11-09 13:21:17"},{"nodeID":"1318401","text":"consent is an issue because of power-sharing for legislation within Northern Ireland","type":"I","timestamp":"2023-11-09 13:21:17"},{"nodeID":"1318402","text":"Peter Kyle: it's an issue because of power-sharing for legislation within Northern Ireland","type":"L","timestamp":"2023-11-09 13:21:17"},{"nodeID":"1318403","text":"Analysing","type":"YA","timestamp":"2023-11-09 13:21:17"},{"nodeID":"1318404","text":"Tuuli: Peter Kyle: it's an issue because of power-sharing for legislation within Northern Ireland","type":"L","timestamp":"2023-11-09 13:21:17"},{"nodeID":"1318405","text":"Asserting","type":"YA","timestamp":"2023-11-09 13:21:17"},{"nodeID":"1318406","text":"Default Transition","type":"TA","timestamp":"2023-11-09 13:21:17"},{"nodeID":"1318407","text":"consent doesn't apply to Westminster","type":"I","timestamp":"2023-11-09 13:21:18"},{"nodeID":"1318408","text":"Peter Kyle: Consent doesn't apply to Westminster","type":"L","timestamp":"2023-11-09 13:21:18"},{"nodeID":"1318409","text":"Analysing","type":"YA","timestamp":"2023-11-09 13:21:18"},{"nodeID":"1318410","text":"Tuuli: Peter Kyle: Consent doesn't apply to Westminster","type":"L","timestamp":"2023-11-09 13:21:18"},{"nodeID":"1318411","text":"Asserting","type":"YA","timestamp":"2023-11-09 13:21:18"},{"nodeID":"1318412","text":"Default Transition","type":"TA","timestamp":"2023-11-09 13:21:18"},{"nodeID":"1318413","text":"Default Inference","type":"RA","timestamp":"2023-11-09 13:21:18"},{"nodeID":"1318414","text":"Arguing","type":"YA","timestamp":"2023-11-09 13:21:18"},{"nodeID":"1318415","text":"Liz Truss needs to pull out of the Protocol because it now doesn't have consent within Northern Ireland","type":"I","timestamp":"2023-11-09 13:21:19"},{"nodeID":"1318416","text":"Peter Kyle: Liz Truss said that she needs to pull out of the Protocol because it now doesn't have consent within Northern Ireland","type":"L","timestamp":"2023-11-09 13:21:19"},{"nodeID":"1318417","text":"Analysing","type":"YA","timestamp":"2023-11-09 13:21:19"},{"nodeID":"1318418","text":"Tuuli: Peter Kyle: Liz Truss said that she needs to pull out of the Protocol because it now doesn't have consent within Northern Ireland","type":"L","timestamp":"2023-11-09 13:21:19"},{"nodeID":"1318419","text":"Default Transition","type":"TA","timestamp":"2023-11-09 13:21:19"},{"nodeID":"1318420","text":"Liz Truss: I need to pull out of the Protocol because it now doesn't have consent within Northern Ireland","type":"L","timestamp":"2023-11-09 13:21:19"},{"nodeID":"1318421","text":"Analysing","type":"YA","timestamp":"2023-11-09 13:21:19"},{"nodeID":"1318422","text":"Tuuli: Liz Truss: Liz Truss said that she needs to pull out of the Protocol because it now doesn't have consent within Northern Ireland","type":"L","timestamp":"2023-11-09 13:21:19"},{"nodeID":"1318423","text":"Asserting","type":"YA","timestamp":"2023-11-09 13:21:19"},{"nodeID":"1318424","text":"Asserting","type":"YA","timestamp":"2023-11-09 13:21:19"},{"nodeID":"1318425","text":"the DUP, to their credit, did vote against the Protocol in Westminster","type":"I","timestamp":"2023-11-09 13:21:19"},{"nodeID":"1318426","text":"Peter Kyle: the DUP, to their credit, did vote against the Protocol in Westminster","type":"L","timestamp":"2023-11-09 13:21:19"},{"nodeID":"1318427","text":"Analysing","type":"YA","timestamp":"2023-11-09 13:21:19"},{"nodeID":"1318428","text":"Tuuli: Peter Kyle: the DUP, to their credit, did vote against the Protocol in Westminster","type":"L","timestamp":"2023-11-09 13:21:19"},{"nodeID":"1318429","text":"Asserting","type":"YA","timestamp":"2023-11-09 13:21:19"},{"nodeID":"1318430","text":"the Northern Ireland Protocol didn't have consent at the outset","type":"I","timestamp":"2023-11-09 13:21:20"},{"nodeID":"1318431","text":"Peter Kyle: it didn't have consent at the outset","type":"L","timestamp":"2023-11-09 13:21:20"},{"nodeID":"1318432","text":"Analysing","type":"YA","timestamp":"2023-11-09 13:21:20"},{"nodeID":"1318433","text":"Tuuli: Peter Kyle: it didn't have consent at the outset","type":"L","timestamp":"2023-11-09 13:21:20"},{"nodeID":"1318434","text":"Asserting","type":"YA","timestamp":"2023-11-09 13:21:20"},{"nodeID":"1318435","text":"nobody was listening to them then","type":"I","timestamp":"2023-11-09 13:21:20"},{"nodeID":"1318436","text":"Peter Kyle: nobody was listening to them then","type":"L","timestamp":"2023-11-09 13:21:20"},{"nodeID":"1318437","text":"Analysing","type":"YA","timestamp":"2023-11-09 13:21:20"},{"nodeID":"1318438","text":"Tuuli: Peter Kyle: nobody was listening to them then","type":"L","timestamp":"2023-11-09 13:21:20"},{"nodeID":"1318439","text":"Asserting","type":"YA","timestamp":"2023-11-09 13:21:20"},{"nodeID":"1318440","text":"this week in parliament, just two days ago, the government introduced legislation which will grant amnesty to terrorists from the Troubles","type":"I","timestamp":"2023-11-09 13:21:21"},{"nodeID":"1318441","text":"Peter Kyle: This week in parliament, just two days ago, the government introduced legislation which will grant amnesty to terrorists from the Troubles","type":"L","timestamp":"2023-11-09 13:21:21"},{"nodeID":"1318442","text":"Analysing","type":"YA","timestamp":"2023-11-09 13:21:21"},{"nodeID":"1318443","text":"Tuuli: Peter Kyle: This week in parliament, just two days ago, the government introduced legislation which will grant amnesty to terrorists from the Troubles","type":"L","timestamp":"2023-11-09 13:21:21"},{"nodeID":"1318444","text":"Asserting","type":"YA","timestamp":"2023-11-09 13:21:21"},{"nodeID":"1318445","text":"Default Transition","type":"TA","timestamp":"2023-11-09 13:21:21"},{"nodeID":"1318446","text":"every single party in Stormont from both communities have voted against the legislation which will grant amnesty to terrorists from the Troubles and stood up against it","type":"I","timestamp":"2023-11-09 13:21:22"},{"nodeID":"1318447","text":"Peter Kyle: Every single party in Stormont from both communities have voted against it and stood up against it","type":"L","timestamp":"2023-11-09 13:21:22"},{"nodeID":"1318448","text":"Analysing","type":"YA","timestamp":"2023-11-09 13:21:22"},{"nodeID":"1318449","text":"Tuuli: Peter Kyle: Every single party in Stormont from both communities have voted against it and stood up against it","type":"L","timestamp":"2023-11-09 13:21:22"},{"nodeID":"1318450","text":"Asserting","type":"YA","timestamp":"2023-11-09 13:21:22"},{"nodeID":"1318451","text":"Default Transition","type":"TA","timestamp":"2023-11-09 13:21:22"},{"nodeID":"1318452","text":"the government's going ahead","type":"I","timestamp":"2023-11-09 13:21:22"},{"nodeID":"1318453","text":"Peter Kyle: the government's going ahead","type":"L","timestamp":"2023-11-09 13:21:22"},{"nodeID":"1318454","text":"Analysing","type":"YA","timestamp":"2023-11-09 13:21:22"},{"nodeID":"1318455","text":"Tuuli: Peter Kyle: the government's going ahead","type":"L","timestamp":"2023-11-09 13:21:22"},{"nodeID":"1318456","text":"Asserting","type":"YA","timestamp":"2023-11-09 13:21:22"},{"nodeID":"1318457","text":"Default Transition","type":"TA","timestamp":"2023-11-09 13:21:22"},{"nodeID":"1318458","text":"Default Conflict","type":"CA","timestamp":"2023-11-09 13:21:22"},{"nodeID":"1318459","text":"Disagreeing","type":"YA","timestamp":"2023-11-09 13:21:22"},{"nodeID":"1318460","text":"there is no consent as the government is going ahead with the legislation which will grant amnesty to terrorists from the Troubles","type":"I","timestamp":"2023-11-09 13:21:23"},{"nodeID":"1318461","text":"Peter Kyle: Where is consent then","type":"L","timestamp":"2023-11-09 13:21:23"},{"nodeID":"1318462","text":"Analysing","type":"YA","timestamp":"2023-11-09 13:21:23"},{"nodeID":"1318463","text":"Tuuli: Peter Kyle: Where is consent then","type":"L","timestamp":"2023-11-09 13:21:23"},{"nodeID":"1318464","text":"Rhetorical Questioning","type":"YA","timestamp":"2023-11-09 13:21:23"},{"nodeID":"1318465","text":"Default Transition","type":"TA","timestamp":"2023-11-09 13:21:23"},{"nodeID":"1318466","text":"the Government is playing fast and loose with the Good Friday Agreement","type":"I","timestamp":"2023-11-09 13:21:23"},{"nodeID":"1318467","text":"Peter Kyle: They are playing fast and loose with the Good Friday Agreement","type":"L","timestamp":"2023-11-09 13:21:23"},{"nodeID":"1318468","text":"Analysing","type":"YA","timestamp":"2023-11-09 13:21:23"},{"nodeID":"1318469","text":"Tuuli: Peter Kyle: They are playing fast and loose with the Good Friday Agreement","type":"L","timestamp":"2023-11-09 13:21:23"},{"nodeID":"1318470","text":"Asserting","type":"YA","timestamp":"2023-11-09 13:21:23"},{"nodeID":"1318471","text":"Default Transition","type":"TA","timestamp":"2023-11-09 13:21:23"},{"nodeID":"1318472","text":"the Government picks the Good Friday Agreement up when it suits them","type":"I","timestamp":"2023-11-09 13:21:24"},{"nodeID":"1318473","text":"Peter Kyle: They pick it up when it suits them","type":"L","timestamp":"2023-11-09 13:21:24"},{"nodeID":"1318474","text":"Analysing","type":"YA","timestamp":"2023-11-09 13:21:24"},{"nodeID":"1318475","text":"Tuuli: Peter Kyle: They pick it up when it suits them","type":"L","timestamp":"2023-11-09 13:21:24"},{"nodeID":"1318476","text":"Asserting","type":"YA","timestamp":"2023-11-09 13:21:24"},{"nodeID":"1318477","text":"Default Transition","type":"TA","timestamp":"2023-11-09 13:21:24"},{"nodeID":"1318478","text":"the Government puts the Good Friday Agreement down when it suits them","type":"I","timestamp":"2023-11-09 13:21:25"},{"nodeID":"1318479","text":"Peter Kyle: they put it down when it suits them","type":"L","timestamp":"2023-11-09 13:21:25"},{"nodeID":"1318480","text":"Analysing","type":"YA","timestamp":"2023-11-09 13:21:25"},{"nodeID":"1318481","text":"Tuuli: Peter Kyle: they put it down when it suits them","type":"L","timestamp":"2023-11-09 13:21:25"},{"nodeID":"1318482","text":"Asserting","type":"YA","timestamp":"2023-11-09 13:21:25"},{"nodeID":"1318483","text":"Default Transition","type":"TA","timestamp":"2023-11-09 13:21:25"},{"nodeID":"1318484","text":"today Brandon Lewis is in Belfast","type":"I","timestamp":"2023-11-09 13:21:25"},{"nodeID":"1318485","text":"Peter Kyle: today Brandon Lewis is in Belfast","type":"L","timestamp":"2023-11-09 13:21:25"},{"nodeID":"1318486","text":"Analysing","type":"YA","timestamp":"2023-11-09 13:21:25"},{"nodeID":"1318487","text":"Tuuli: Peter Kyle: today Brandon Lewis is in Belfast","type":"L","timestamp":"2023-11-09 13:21:25"},{"nodeID":"1318488","text":"Asserting","type":"YA","timestamp":"2023-11-09 13:21:25"},{"nodeID":"1318489","text":"Brandon Lewis is in xxx","type":"I","timestamp":"2023-11-09 13:21:26"},{"nodeID":"1318490","text":"Peter Kyle: Where is he","type":"L","timestamp":"2023-11-09 13:21:26"},{"nodeID":"1318491","text":"Analysing","type":"YA","timestamp":"2023-11-09 13:21:26"},{"nodeID":"1318492","text":"Tuuli: Peter Kyle: Where is he","type":"L","timestamp":"2023-11-09 13:21:26"},{"nodeID":"1318493","text":"Pure Questioning","type":"YA","timestamp":"2023-11-09 13:21:26"},{"nodeID":"1318494","text":"Default Transition","type":"TA","timestamp":"2023-11-09 13:21:26"},{"nodeID":"1318495","text":"Brandon Lewis is not here to speak to you","type":"I","timestamp":"2023-11-09 13:21:26"},{"nodeID":"1318496","text":"Peter Kyle: He's not here to speak to you","type":"L","timestamp":"2023-11-09 13:21:26"},{"nodeID":"1318497","text":"Analysing","type":"YA","timestamp":"2023-11-09 13:21:26"},{"nodeID":"1318498","text":"Tuuli: Peter Kyle: He's not here to speak to you","type":"L","timestamp":"2023-11-09 13:21:26"},{"nodeID":"1318499","text":"Asserting","type":"YA","timestamp":"2023-11-09 13:21:26"},{"nodeID":"1318500","text":"Default Transition","type":"TA","timestamp":"2023-11-09 13:21:26"},{"nodeID":"1318501","text":"Default Rephrase","type":"MA","timestamp":"2023-11-09 13:21:26"},{"nodeID":"1318502","text":"Default Illocuting","type":"YA","timestamp":"2023-11-09 13:21:26"},{"nodeID":"1318503","text":"Default Rephrase","type":"MA","timestamp":"2023-11-09 13:21:26"},{"nodeID":"1318504","text":"Restating","type":"YA","timestamp":"2023-11-09 13:21:26"},{"nodeID":"1318505","text":"Default Conflict","type":"CA","timestamp":"2023-11-09 13:21:26"},{"nodeID":"1318506","text":"Disagreeing","type":"YA","timestamp":"2023-11-09 13:21:26"},{"nodeID":"1318507","text":"Default Rephrase","type":"MA","timestamp":"2023-11-09 13:21:26"},{"nodeID":"1318508","text":"Restating","type":"YA","timestamp":"2023-11-09 13:21:26"},{"nodeID":"1318509","text":"Default Transition","type":"TA","timestamp":"2023-11-09 13:21:26"},{"nodeID":"1318510","text":"Default Inference","type":"RA","timestamp":"2023-11-09 13:21:26"},{"nodeID":"1318511","text":"Arguing","type":"YA","timestamp":"2023-11-09 13:21:26"},{"nodeID":"1318512","text":"Default Inference","type":"RA","timestamp":"2023-11-09 13:21:26"},{"nodeID":"1318513","text":"Default Transition","type":"TA","timestamp":"2023-11-09 13:21:26"},{"nodeID":"1318514","text":"Default Transition","type":"TA","timestamp":"2023-11-09 13:21:26"},{"nodeID":"1318515","text":"Default Transition","type":"TA","timestamp":"2023-11-09 13:21:26"},{"nodeID":"1318516","text":"Arguing","type":"YA","timestamp":"2023-11-09 13:21:26"}],"edges":[{"edgeID":"1730431","fromID":"1318366","toID":"1318365","formEdgeID":null},{"edgeID":"1730432","fromID":"1318367","toID":"1318366","formEdgeID":null},{"edgeID":"1730433","fromID":"1318365","toID":"1318368","formEdgeID":null},{"edgeID":"1730434","fromID":"1318368","toID":"1318364","formEdgeID":null},{"edgeID":"1730435","fromID":"1318371","toID":"1318370","formEdgeID":null},{"edgeID":"1730436","fromID":"1318372","toID":"1318371","formEdgeID":null},{"edgeID":"1730437","fromID":"1318370","toID":"1318373","formEdgeID":null},{"edgeID":"1730438","fromID":"1318373","toID":"1318369","formEdgeID":null},{"edgeID":"1730439","fromID":"1318365","toID":"1318374","formEdgeID":null},{"edgeID":"1730440","fromID":"1318374","toID":"1318370","formEdgeID":null},{"edgeID":"1730441","fromID":"1318369","toID":"1318375","formEdgeID":null},{"edgeID":"1730442","fromID":"1318375","toID":"1318364","formEdgeID":null},{"edgeID":"1730443","fromID":"1318374","toID":"1318376","formEdgeID":null},{"edgeID":"1730444","fromID":"1318376","toID":"1318375","formEdgeID":null},{"edgeID":"1730445","fromID":"1318379","toID":"1318378","formEdgeID":null},{"edgeID":"1730446","fromID":"1318380","toID":"1318379","formEdgeID":null},{"edgeID":"1730447","fromID":"1318378","toID":"1318381","formEdgeID":null},{"edgeID":"1730448","fromID":"1318381","toID":"1318377","formEdgeID":null},{"edgeID":"1730449","fromID":"1318370","toID":"1318382","formEdgeID":null},{"edgeID":"1730450","fromID":"1318382","toID":"1318378","formEdgeID":null},{"edgeID":"1730451","fromID":"1318377","toID":"1318383","formEdgeID":null},{"edgeID":"1730452","fromID":"1318383","toID":"1318369","formEdgeID":null},{"edgeID":"1730453","fromID":"1318382","toID":"1318384","formEdgeID":null},{"edgeID":"1730454","fromID":"1318384","toID":"1318383","formEdgeID":null},{"edgeID":"1730455","fromID":"1318387","toID":"1318386","formEdgeID":null},{"edgeID":"1730456","fromID":"1318388","toID":"1318387","formEdgeID":null},{"edgeID":"1730457","fromID":"1318386","toID":"1318389","formEdgeID":null},{"edgeID":"1730458","fromID":"1318389","toID":"1318385","formEdgeID":null},{"edgeID":"1730459","fromID":"1318378","toID":"1318390","formEdgeID":null},{"edgeID":"1730460","fromID":"1318390","toID":"1318386","formEdgeID":null},{"edgeID":"1730461","fromID":"1318385","toID":"1318391","formEdgeID":null},{"edgeID":"1730462","fromID":"1318391","toID":"1318377","formEdgeID":null},{"edgeID":"1730463","fromID":"1318390","toID":"1318392","formEdgeID":null},{"edgeID":"1730464","fromID":"1318392","toID":"1318391","formEdgeID":null},{"edgeID":"1730465","fromID":"1318395","toID":"1318394","formEdgeID":null},{"edgeID":"1730466","fromID":"1318396","toID":"1318395","formEdgeID":null},{"edgeID":"1730467","fromID":"1318394","toID":"1318397","formEdgeID":null},{"edgeID":"1730468","fromID":"1318397","toID":"1318393","formEdgeID":null},{"edgeID":"1730469","fromID":"1318386","toID":"1318398","formEdgeID":null},{"edgeID":"1730470","fromID":"1318398","toID":"1318394","formEdgeID":null},{"edgeID":"1730471","fromID":"1318393","toID":"1318399","formEdgeID":null},{"edgeID":"1730472","fromID":"1318399","toID":"1318385","formEdgeID":null},{"edgeID":"1730473","fromID":"1318398","toID":"1318400","formEdgeID":null},{"edgeID":"1730474","fromID":"1318400","toID":"1318399","formEdgeID":null},{"edgeID":"1730475","fromID":"1318403","toID":"1318402","formEdgeID":null},{"edgeID":"1730476","fromID":"1318404","toID":"1318403","formEdgeID":null},{"edgeID":"1730477","fromID":"1318402","toID":"1318405","formEdgeID":null},{"edgeID":"1730478","fromID":"1318405","toID":"1318401","formEdgeID":null},{"edgeID":"1730479","fromID":"1318394","toID":"1318406","formEdgeID":null},{"edgeID":"1730480","fromID":"1318406","toID":"1318402","formEdgeID":null},{"edgeID":"1730481","fromID":"1318409","toID":"1318408","formEdgeID":null},{"edgeID":"1730482","fromID":"1318410","toID":"1318409","formEdgeID":null},{"edgeID":"1730483","fromID":"1318408","toID":"1318411","formEdgeID":null},{"edgeID":"1730484","fromID":"1318411","toID":"1318407","formEdgeID":null},{"edgeID":"1730485","fromID":"1318402","toID":"1318412","formEdgeID":null},{"edgeID":"1730486","fromID":"1318412","toID":"1318408","formEdgeID":null},{"edgeID":"1730487","fromID":"1318407","toID":"1318413","formEdgeID":null},{"edgeID":"1730488","fromID":"1318413","toID":"1318401","formEdgeID":null},{"edgeID":"1730489","fromID":"1318412","toID":"1318414","formEdgeID":null},{"edgeID":"1730490","fromID":"1318414","toID":"1318413","formEdgeID":null},{"edgeID":"1730491","fromID":"1318417","toID":"1318416","formEdgeID":null},{"edgeID":"1730492","fromID":"1318418","toID":"1318417","formEdgeID":null},{"edgeID":"1730493","fromID":"1318408","toID":"1318419","formEdgeID":null},{"edgeID":"1730494","fromID":"1318419","toID":"1318416","formEdgeID":null},{"edgeID":"1730495","fromID":"1318421","toID":"1318420","formEdgeID":null},{"edgeID":"1730496","fromID":"1318422","toID":"1318421","formEdgeID":null},{"edgeID":"1730497","fromID":"1318420","toID":"1318423","formEdgeID":null},{"edgeID":"1730498","fromID":"1318423","toID":"1318415","formEdgeID":null},{"edgeID":"1730499","fromID":"1318416","toID":"1318424","formEdgeID":null},{"edgeID":"1730500","fromID":"1318424","toID":"1318420","formEdgeID":null},{"edgeID":"1730501","fromID":"1318427","toID":"1318426","formEdgeID":null},{"edgeID":"1730502","fromID":"1318428","toID":"1318427","formEdgeID":null},{"edgeID":"1730503","fromID":"1318426","toID":"1318429","formEdgeID":null},{"edgeID":"1730504","fromID":"1318429","toID":"1318425","formEdgeID":null},{"edgeID":"1730505","fromID":"1318432","toID":"1318431","formEdgeID":null},{"edgeID":"1730506","fromID":"1318433","toID":"1318432","formEdgeID":null},{"edgeID":"1730507","fromID":"1318431","toID":"1318434","formEdgeID":null},{"edgeID":"1730508","fromID":"1318434","toID":"1318430","formEdgeID":null},{"edgeID":"1730509","fromID":"1318437","toID":"1318436","formEdgeID":null},{"edgeID":"1730510","fromID":"1318438","toID":"1318437","formEdgeID":null},{"edgeID":"1730511","fromID":"1318436","toID":"1318439","formEdgeID":null},{"edgeID":"1730512","fromID":"1318439","toID":"1318435","formEdgeID":null},{"edgeID":"1730513","fromID":"1318442","toID":"1318441","formEdgeID":null},{"edgeID":"1730514","fromID":"1318443","toID":"1318442","formEdgeID":null},{"edgeID":"1730515","fromID":"1318441","toID":"1318444","formEdgeID":null},{"edgeID":"1730516","fromID":"1318444","toID":"1318440","formEdgeID":null},{"edgeID":"1730517","fromID":"1318436","toID":"1318445","formEdgeID":null},{"edgeID":"1730518","fromID":"1318445","toID":"1318441","formEdgeID":null},{"edgeID":"1730519","fromID":"1318448","toID":"1318447","formEdgeID":null},{"edgeID":"1730520","fromID":"1318449","toID":"1318448","formEdgeID":null},{"edgeID":"1730521","fromID":"1318447","toID":"1318450","formEdgeID":null},{"edgeID":"1730522","fromID":"1318450","toID":"1318446","formEdgeID":null},{"edgeID":"1730523","fromID":"1318441","toID":"1318451","formEdgeID":null},{"edgeID":"1730524","fromID":"1318451","toID":"1318447","formEdgeID":null},{"edgeID":"1730525","fromID":"1318454","toID":"1318453","formEdgeID":null},{"edgeID":"1730526","fromID":"1318455","toID":"1318454","formEdgeID":null},{"edgeID":"1730527","fromID":"1318453","toID":"1318456","formEdgeID":null},{"edgeID":"1730528","fromID":"1318456","toID":"1318452","formEdgeID":null},{"edgeID":"1730529","fromID":"1318447","toID":"1318457","formEdgeID":null},{"edgeID":"1730530","fromID":"1318457","toID":"1318453","formEdgeID":null},{"edgeID":"1730531","fromID":"1318452","toID":"1318458","formEdgeID":null},{"edgeID":"1730532","fromID":"1318458","toID":"1318446","formEdgeID":null},{"edgeID":"1730533","fromID":"1318457","toID":"1318459","formEdgeID":null},{"edgeID":"1730534","fromID":"1318459","toID":"1318458","formEdgeID":null},{"edgeID":"1730535","fromID":"1318462","toID":"1318461","formEdgeID":null},{"edgeID":"1730536","fromID":"1318463","toID":"1318462","formEdgeID":null},{"edgeID":"1730537","fromID":"1318461","toID":"1318464","formEdgeID":null},{"edgeID":"1730538","fromID":"1318464","toID":"1318460","formEdgeID":null},{"edgeID":"1730539","fromID":"1318453","toID":"1318465","formEdgeID":null},{"edgeID":"1730540","fromID":"1318465","toID":"1318461","formEdgeID":null},{"edgeID":"1730541","fromID":"1318468","toID":"1318467","formEdgeID":null},{"edgeID":"1730542","fromID":"1318469","toID":"1318468","formEdgeID":null},{"edgeID":"1730543","fromID":"1318467","toID":"1318470","formEdgeID":null},{"edgeID":"1730544","fromID":"1318470","toID":"1318466","formEdgeID":null},{"edgeID":"1730545","fromID":"1318461","toID":"1318471","formEdgeID":null},{"edgeID":"1730546","fromID":"1318471","toID":"1318467","formEdgeID":null},{"edgeID":"1730547","fromID":"1318474","toID":"1318473","formEdgeID":null},{"edgeID":"1730548","fromID":"1318475","toID":"1318474","formEdgeID":null},{"edgeID":"1730549","fromID":"1318473","toID":"1318476","formEdgeID":null},{"edgeID":"1730550","fromID":"1318476","toID":"1318472","formEdgeID":null},{"edgeID":"1730551","fromID":"1318467","toID":"1318477","formEdgeID":null},{"edgeID":"1730552","fromID":"1318477","toID":"1318473","formEdgeID":null},{"edgeID":"1730553","fromID":"1318480","toID":"1318479","formEdgeID":null},{"edgeID":"1730554","fromID":"1318481","toID":"1318480","formEdgeID":null},{"edgeID":"1730555","fromID":"1318479","toID":"1318482","formEdgeID":null},{"edgeID":"1730556","fromID":"1318482","toID":"1318478","formEdgeID":null},{"edgeID":"1730557","fromID":"1318467","toID":"1318483","formEdgeID":null},{"edgeID":"1730558","fromID":"1318483","toID":"1318479","formEdgeID":null},{"edgeID":"1730559","fromID":"1318486","toID":"1318485","formEdgeID":null},{"edgeID":"1730560","fromID":"1318487","toID":"1318486","formEdgeID":null},{"edgeID":"1730561","fromID":"1318485","toID":"1318488","formEdgeID":null},{"edgeID":"1730562","fromID":"1318488","toID":"1318484","formEdgeID":null},{"edgeID":"1730563","fromID":"1318491","toID":"1318490","formEdgeID":null},{"edgeID":"1730564","fromID":"1318492","toID":"1318491","formEdgeID":null},{"edgeID":"1730565","fromID":"1318490","toID":"1318493","formEdgeID":null},{"edgeID":"1730566","fromID":"1318493","toID":"1318489","formEdgeID":null},{"edgeID":"1730567","fromID":"1318485","toID":"1318494","formEdgeID":null},{"edgeID":"1730568","fromID":"1318494","toID":"1318490","formEdgeID":null},{"edgeID":"1730569","fromID":"1318497","toID":"1318496","formEdgeID":null},{"edgeID":"1730570","fromID":"1318498","toID":"1318497","formEdgeID":null},{"edgeID":"1730571","fromID":"1318496","toID":"1318499","formEdgeID":null},{"edgeID":"1730572","fromID":"1318499","toID":"1318495","formEdgeID":null},{"edgeID":"1730573","fromID":"1318490","toID":"1318500","formEdgeID":null},{"edgeID":"1730574","fromID":"1318500","toID":"1318496","formEdgeID":null},{"edgeID":"1730575","fromID":"1318495","toID":"1318501","formEdgeID":null},{"edgeID":"1730576","fromID":"1318501","toID":"1318489","formEdgeID":null},{"edgeID":"1730577","fromID":"1318500","toID":"1318502","formEdgeID":null},{"edgeID":"1730578","fromID":"1318502","toID":"1318501","formEdgeID":null},{"edgeID":"1730579","fromID":"1318489","toID":"1318503","formEdgeID":null},{"edgeID":"1730580","fromID":"1318503","toID":"1318484","formEdgeID":null},{"edgeID":"1730581","fromID":"1318494","toID":"1318504","formEdgeID":null},{"edgeID":"1730582","fromID":"1318504","toID":"1318503","formEdgeID":null},{"edgeID":"1730583","fromID":"1318446","toID":"1318505","formEdgeID":null},{"edgeID":"1730584","fromID":"1318505","toID":"1318440","formEdgeID":null},{"edgeID":"1730585","fromID":"1318451","toID":"1318506","formEdgeID":null},{"edgeID":"1730586","fromID":"1318506","toID":"1318505","formEdgeID":null},{"edgeID":"1730587","fromID":"1318460","toID":"1318507","formEdgeID":null},{"edgeID":"1730588","fromID":"1318507","toID":"1318452","formEdgeID":null},{"edgeID":"1730589","fromID":"1318465","toID":"1318508","formEdgeID":null},{"edgeID":"1730590","fromID":"1318508","toID":"1318507","formEdgeID":null},{"edgeID":"1730591","fromID":"1318479","toID":"1318509","formEdgeID":null},{"edgeID":"1730592","fromID":"1318509","toID":"1318485","formEdgeID":null},{"edgeID":"1730593","fromID":"1318478","toID":"1318510","formEdgeID":null},{"edgeID":"1730594","fromID":"1318510","toID":"1318466","formEdgeID":null},{"edgeID":"1730595","fromID":"1318472","toID":"1318510","formEdgeID":null},{"edgeID":"1730596","fromID":"1318483","toID":"1318511","formEdgeID":null},{"edgeID":"1730597","fromID":"1318511","toID":"1318510","formEdgeID":null},{"edgeID":"1730598","fromID":"1318435","toID":"1318512","formEdgeID":null},{"edgeID":"1730599","fromID":"1318512","toID":"1318407","formEdgeID":null},{"edgeID":"1730600","fromID":"1318430","toID":"1318512","formEdgeID":null},{"edgeID":"1730601","fromID":"1318425","toID":"1318512","formEdgeID":null},{"edgeID":"1730602","fromID":"1318415","toID":"1318512","formEdgeID":null},{"edgeID":"1730603","fromID":"1318408","toID":"1318513","formEdgeID":null},{"edgeID":"1730604","fromID":"1318513","toID":"1318426","formEdgeID":null},{"edgeID":"1730605","fromID":"1318408","toID":"1318514","formEdgeID":null},{"edgeID":"1730606","fromID":"1318514","toID":"1318431","formEdgeID":null},{"edgeID":"1730607","fromID":"1318408","toID":"1318515","formEdgeID":null},{"edgeID":"1730608","fromID":"1318515","toID":"1318436","formEdgeID":null},{"edgeID":"1730609","fromID":"1318515","toID":"1318516","formEdgeID":null},{"edgeID":"1730610","fromID":"1318516","toID":"1318512","formEdgeID":null}],"locutions":[]}