{"nodes":[{"nodeID":"1147833","text":"for Robert Buckland to try to convince us here this evening that the government package of measures had absolutely nothing to do with the Sue Gray Report and the outcome of it yesterday, really stretches credulity to its limits","type":"I","timestamp":"2023-04-20 10:28:04"},{"nodeID":"1152732","text":"Naomi Long tries hard not to be cynical about these things, like parlimentary recess","type":"I","timestamp":"2023-04-21 13:26:41"},{"nodeID":"1152736","text":"a blind man on a galloping horse would see this for what it is","type":"I","timestamp":"2023-04-21 13:26:44"},{"nodeID":"1152742","text":"what we have here is the government wanting to deflect from a bad news day yesterday","type":"I","timestamp":"2023-04-21 13:26:46"},{"nodeID":"1152749","text":"Naomi Long actually welcomes the package of measures that have been brought forward by the government","type":"I","timestamp":"2023-04-21 13:26:49"},{"nodeID":"1152754","text":"Naomi Long thinks the government package of measures is too little too late in some instances","type":"I","timestamp":"2023-04-21 13:26:51"},{"nodeID":"1152762","text":"Naomi Long does or does not think the government package of measures goes far enough","type":"I","timestamp":"2023-04-21 13:26:54"},{"nodeID":"1152768","text":"Naomi Long doesn't think the government package of measures goes far enough","type":"I","timestamp":"2023-04-21 13:26:57"},{"nodeID":"1152776","text":"windfall tax in comparison to the profits made in this period is 25%","type":"I","timestamp":"2023-04-21 13:26:59"},{"nodeID":"1152781","text":"it's not only the energy companies that have benefited from this windfall","type":"I","timestamp":"2023-04-21 13:27:02"},{"nodeID":"1152787","text":"the Treasury has benefited too from the VAT on the rise","type":"I","timestamp":"2023-04-21 13:27:04"},{"nodeID":"1152795","text":"Naomi Long thinks it is right that the benefits from windfall should be redistributed, and Naomi Long is glad that it has happened","type":"I","timestamp":"2023-04-21 13:27:07"},{"nodeID":"1152804","text":"Northern Ireland isn't protected by the energy price caps","type":"I","timestamp":"2023-04-21 13:27:13"},{"nodeID":"1152809","text":"it is a different system in Northern Irleand","type":"I","timestamp":"2023-04-21 13:27:16"},{"nodeID":"1152817","text":"government is coming forward with a package of measures today","type":"I","timestamp":"2023-04-21 13:27:19"},{"nodeID":"1152823","text":"package of measures will hopefully get government some good publicity","type":"I","timestamp":"2023-04-21 13:27:21"},{"nodeID":"1152840","text":"one compares, for example, what has been done today in terms of the profits that have been made","type":"I","timestamp":"2023-04-21 13:27:24"},{"nodeID":"1152848","text":"it's a relatively light windfall tax in comparison to the profits made in this period","type":"I","timestamp":"2023-04-21 13:27:27"},{"nodeID":"1152862","text":"AudienceMember 20220609QT230's parents are actually disabled","type":"I","timestamp":"2023-04-21 13:27:29"},{"nodeID":"1152868","text":"AudienceMember 20220609QT230's dad is sick","type":"I","timestamp":"2023-04-21 13:27:32"},{"nodeID":"1152876","text":"AudienceMember 20220609QT230's family is all on low incomes","type":"I","timestamp":"2023-04-21 13:27:35"},{"nodeID":"1316860","text":"Naomi Long: I try hard not to be cynical about these things","type":"L","timestamp":"2023-11-09 13:19:09"},{"nodeID":"1316861","text":"Analysing","type":"YA","timestamp":"2023-11-09 13:19:09"},{"nodeID":"1316862","text":"Joanna: Naomi Long: I try hard not to be cynical about these things","type":"L","timestamp":"2023-11-09 13:19:09"},{"nodeID":"1316863","text":"Asserting","type":"YA","timestamp":"2023-11-09 13:19:09"},{"nodeID":"1316864","text":"Naomi Long: A blind man on a galloping horse would see this for what it is","type":"L","timestamp":"2023-11-09 13:19:10"},{"nodeID":"1316865","text":"Analysing","type":"YA","timestamp":"2023-11-09 13:19:10"},{"nodeID":"1316866","text":"Joanna: Naomi Long: A blind man on a galloping horse would see this for what it is","type":"L","timestamp":"2023-11-09 13:19:10"},{"nodeID":"1316867","text":"Asserting","type":"YA","timestamp":"2023-11-09 13:19:10"},{"nodeID":"1316868","text":"Default Transition","type":"TA","timestamp":"2023-11-09 13:19:10"},{"nodeID":"1316869","text":"Naomi Long: what we have here is the government wanting to deflect from a bad news day yesterday","type":"L","timestamp":"2023-11-09 13:19:10"},{"nodeID":"1316870","text":"Analysing","type":"YA","timestamp":"2023-11-09 13:19:10"},{"nodeID":"1316871","text":"Joanna: Naomi Long: what we have here is the government wanting to deflect from a bad news day yesterday","type":"L","timestamp":"2023-11-09 13:19:10"},{"nodeID":"1316872","text":"Asserting","type":"YA","timestamp":"2023-11-09 13:19:10"},{"nodeID":"1316873","text":"Default Transition","type":"TA","timestamp":"2023-11-09 13:19:10"},{"nodeID":"1316874","text":"Default Conflict","type":"CA","timestamp":"2023-11-09 13:19:10"},{"nodeID":"1316875","text":"Disagreeing","type":"YA","timestamp":"2023-11-09 13:19:10"},{"nodeID":"1316876","text":"Naomi Long: I actually welcome the package of measures that have been brought forward","type":"L","timestamp":"2023-11-09 13:19:11"},{"nodeID":"1316877","text":"Analysing","type":"YA","timestamp":"2023-11-09 13:19:11"},{"nodeID":"1316878","text":"Joanna: Naomi Long: I actually welcome the package of measures that have been brought forward","type":"L","timestamp":"2023-11-09 13:19:11"},{"nodeID":"1316879","text":"Asserting","type":"YA","timestamp":"2023-11-09 13:19:11"},{"nodeID":"1316880","text":"Naomi Long: I think it's too little too late in some instances","type":"L","timestamp":"2023-11-09 13:19:12"},{"nodeID":"1316881","text":"Analysing","type":"YA","timestamp":"2023-11-09 13:19:12"},{"nodeID":"1316882","text":"Joanna: Naomi Long: I think it's too little too late in some instances","type":"L","timestamp":"2023-11-09 13:19:12"},{"nodeID":"1316883","text":"Asserting","type":"YA","timestamp":"2023-11-09 13:19:12"},{"nodeID":"1316884","text":"Default Transition","type":"TA","timestamp":"2023-11-09 13:19:12"},{"nodeID":"1316885","text":"Default Conflict","type":"CA","timestamp":"2023-11-09 13:19:12"},{"nodeID":"1316886","text":"Disagreeing","type":"YA","timestamp":"2023-11-09 13:19:12"},{"nodeID":"1316887","text":"Fiona Bruce: You don't think it goes far enough","type":"L","timestamp":"2023-11-09 13:19:12"},{"nodeID":"1316888","text":"Analysing","type":"YA","timestamp":"2023-11-09 13:19:12"},{"nodeID":"1316889","text":"Joanna: Fiona Bruce: You don't think it goes far enough","type":"L","timestamp":"2023-11-09 13:19:12"},{"nodeID":"1316890","text":"Pure Questioning","type":"YA","timestamp":"2023-11-09 13:19:12"},{"nodeID":"1316891","text":"Default Transition","type":"TA","timestamp":"2023-11-09 13:19:12"},{"nodeID":"1316892","text":"Naomi Long: I don't think it goes far enough","type":"L","timestamp":"2023-11-09 13:19:13"},{"nodeID":"1316893","text":"Analysing","type":"YA","timestamp":"2023-11-09 13:19:13"},{"nodeID":"1316894","text":"Joanna: Naomi Long: I don't think it goes far enough","type":"L","timestamp":"2023-11-09 13:19:13"},{"nodeID":"1316895","text":"Asserting","type":"YA","timestamp":"2023-11-09 13:19:13"},{"nodeID":"1316896","text":"Default Transition","type":"TA","timestamp":"2023-11-09 13:19:13"},{"nodeID":"1316897","text":"Default Rephrase","type":"MA","timestamp":"2023-11-09 13:19:13"},{"nodeID":"1316898","text":"Default Illocuting","type":"YA","timestamp":"2023-11-09 13:19:13"},{"nodeID":"1316899","text":"Fiona Bruce: It's 25%","type":"L","timestamp":"2023-11-09 13:19:13"},{"nodeID":"1316900","text":"Analysing","type":"YA","timestamp":"2023-11-09 13:19:13"},{"nodeID":"1316901","text":"Joanna: Fiona Bruce: It's 25%","type":"L","timestamp":"2023-11-09 13:19:13"},{"nodeID":"1316902","text":"Asserting","type":"YA","timestamp":"2023-11-09 13:19:13"},{"nodeID":"1316903","text":"Naomi Long: It's not only the energy companies that have benefited from this windfall","type":"L","timestamp":"2023-11-09 13:19:14"},{"nodeID":"1316904","text":"Analysing","type":"YA","timestamp":"2023-11-09 13:19:14"},{"nodeID":"1316905","text":"Joanna: Naomi Long: It's not only the energy companies that have benefited from this windfall","type":"L","timestamp":"2023-11-09 13:19:14"},{"nodeID":"1316906","text":"Asserting","type":"YA","timestamp":"2023-11-09 13:19:14"},{"nodeID":"1316907","text":"Default Transition","type":"TA","timestamp":"2023-11-09 13:19:14"},{"nodeID":"1316908","text":"Naomi Long: The Treasury has benefited too from the VAT on the rise","type":"L","timestamp":"2023-11-09 13:19:15"},{"nodeID":"1316909","text":"Analysing","type":"YA","timestamp":"2023-11-09 13:19:15"},{"nodeID":"1316910","text":"Joanna: Naomi Long: The Treasury has benefited too from the VAT on the rise","type":"L","timestamp":"2023-11-09 13:19:15"},{"nodeID":"1316911","text":"Asserting","type":"YA","timestamp":"2023-11-09 13:19:15"},{"nodeID":"1316912","text":"Default Transition","type":"TA","timestamp":"2023-11-09 13:19:15"},{"nodeID":"1316913","text":"Default Inference","type":"RA","timestamp":"2023-11-09 13:19:15"},{"nodeID":"1316914","text":"Arguing","type":"YA","timestamp":"2023-11-09 13:19:15"},{"nodeID":"1316915","text":"Naomi Long: It is right that that should be redistributed, and I'm glad that it has happened","type":"L","timestamp":"2023-11-09 13:19:15"},{"nodeID":"1316916","text":"Analysing","type":"YA","timestamp":"2023-11-09 13:19:15"},{"nodeID":"1316917","text":"Joanna: Naomi Long: It is right that that should be redistributed, and I'm glad that it has happened","type":"L","timestamp":"2023-11-09 13:19:15"},{"nodeID":"1316918","text":"Asserting","type":"YA","timestamp":"2023-11-09 13:19:15"},{"nodeID":"1316919","text":"Naomi Long: For Robert to try to convince us here this evening that it had absolutely nothing to do with the Sue Gray Report and the outcome of it yesterday, I think really stretches credulity to its limits","type":"L","timestamp":"2023-11-09 13:19:16"},{"nodeID":"1316920","text":"Analysing","type":"YA","timestamp":"2023-11-09 13:19:16"},{"nodeID":"1316921","text":"Joanna: Naomi Long: For Robert to try to convince us here this evening that it had absolutely nothing to do with the Sue Gray Report and the outcome of it yesterday, I think really stretches credulity to its limits","type":"L","timestamp":"2023-11-09 13:19:16"},{"nodeID":"1316922","text":"Asserting","type":"YA","timestamp":"2023-11-09 13:19:16"},{"nodeID":"1316923","text":"Default Transition","type":"TA","timestamp":"2023-11-09 13:19:16"},{"nodeID":"1316924","text":"AudienceMember 20220609QT230: Northern Ireland isn't protected by the energy price caps","type":"L","timestamp":"2023-11-09 13:19:17"},{"nodeID":"1316925","text":"Analysing","type":"YA","timestamp":"2023-11-09 13:19:17"},{"nodeID":"1316926","text":"Joanna: AudienceMember 20220609QT230: Northern Ireland isn't protected by the energy price caps","type":"L","timestamp":"2023-11-09 13:19:17"},{"nodeID":"1316927","text":"Asserting","type":"YA","timestamp":"2023-11-09 13:19:17"},{"nodeID":"1316928","text":"Fiona Bruce: It is a different system here","type":"L","timestamp":"2023-11-09 13:19:17"},{"nodeID":"1316929","text":"Analysing","type":"YA","timestamp":"2023-11-09 13:19:17"},{"nodeID":"1316930","text":"Joanna: Fiona Bruce: It is a different system here","type":"L","timestamp":"2023-11-09 13:19:17"},{"nodeID":"1316931","text":"Asserting","type":"YA","timestamp":"2023-11-09 13:19:17"},{"nodeID":"1316932","text":"Default Transition","type":"TA","timestamp":"2023-11-09 13:19:17"},{"nodeID":"1316933","text":"Default Rephrase","type":"MA","timestamp":"2023-11-09 13:19:17"},{"nodeID":"1316934","text":"Restating","type":"YA","timestamp":"2023-11-09 13:19:17"},{"nodeID":"1316935","text":"Naomi Long: coming forward with a package of measures today","type":"L","timestamp":"2023-11-09 13:19:18"},{"nodeID":"1316936","text":"Analysing","type":"YA","timestamp":"2023-11-09 13:19:18"},{"nodeID":"1316937","text":"Joanna: Naomi Long: coming forward with a package of measures today","type":"L","timestamp":"2023-11-09 13:19:18"},{"nodeID":"1316938","text":"Asserting","type":"YA","timestamp":"2023-11-09 13:19:18"},{"nodeID":"1316939","text":"Default Transition","type":"TA","timestamp":"2023-11-09 13:19:18"},{"nodeID":"1316940","text":"Naomi Long: will hopefully get them some good publicity","type":"L","timestamp":"2023-11-09 13:19:18"},{"nodeID":"1316941","text":"Analysing","type":"YA","timestamp":"2023-11-09 13:19:18"},{"nodeID":"1316942","text":"Joanna: Naomi Long: will hopefully get them some good publicity","type":"L","timestamp":"2023-11-09 13:19:18"},{"nodeID":"1316943","text":"Asserting","type":"YA","timestamp":"2023-11-09 13:19:18"},{"nodeID":"1316944","text":"Default Transition","type":"TA","timestamp":"2023-11-09 13:19:18"},{"nodeID":"1316945","text":"Default Transition","type":"TA","timestamp":"2023-11-09 13:19:18"},{"nodeID":"1316946","text":"Default Inference","type":"RA","timestamp":"2023-11-09 13:19:19"},{"nodeID":"1316947","text":"Default Rephrase","type":"MA","timestamp":"2023-11-09 13:19:19"},{"nodeID":"1316948","text":"Default Transition","type":"TA","timestamp":"2023-11-09 13:19:19"},{"nodeID":"1316949","text":"Restating","type":"YA","timestamp":"2023-11-09 13:19:19"},{"nodeID":"1316950","text":"Default Rephrase","type":"MA","timestamp":"2023-11-09 13:19:19"},{"nodeID":"1316951","text":"Default Transition","type":"TA","timestamp":"2023-11-09 13:19:19"},{"nodeID":"1316952","text":"Restating","type":"YA","timestamp":"2023-11-09 13:19:19"},{"nodeID":"1316953","text":"Default Rephrase","type":"MA","timestamp":"2023-11-09 13:19:19"},{"nodeID":"1316954","text":"Default Transition","type":"TA","timestamp":"2023-11-09 13:19:19"},{"nodeID":"1316955","text":"Restating","type":"YA","timestamp":"2023-11-09 13:19:19"},{"nodeID":"1316956","text":"Naomi Long: you compare, for example, what has been done today in terms of the profits that have been made","type":"L","timestamp":"2023-11-09 13:19:19"},{"nodeID":"1316957","text":"Analysing","type":"YA","timestamp":"2023-11-09 13:19:19"},{"nodeID":"1316958","text":"Joanna: Naomi Long: you compare, for example, what has been done today in terms of the profits that have been made","type":"L","timestamp":"2023-11-09 13:19:19"},{"nodeID":"1316959","text":"Asserting","type":"YA","timestamp":"2023-11-09 13:19:19"},{"nodeID":"1316960","text":"Default Transition","type":"TA","timestamp":"2023-11-09 13:19:19"},{"nodeID":"1316961","text":"Default Inference","type":"RA","timestamp":"2023-11-09 13:19:19"},{"nodeID":"1316962","text":"Arguing","type":"YA","timestamp":"2023-11-09 13:19:19"},{"nodeID":"1316963","text":"Naomi Long: it's a relatively light - windfall tax in comparison to the profits made in this period","type":"L","timestamp":"2023-11-09 13:19:20"},{"nodeID":"1316964","text":"Analysing","type":"YA","timestamp":"2023-11-09 13:19:20"},{"nodeID":"1316965","text":"Joanna: Naomi Long: it's a relatively light - windfall tax in comparison to the profits made in this period","type":"L","timestamp":"2023-11-09 13:19:20"},{"nodeID":"1316966","text":"Asserting","type":"YA","timestamp":"2023-11-09 13:19:20"},{"nodeID":"1316967","text":"Default Transition","type":"TA","timestamp":"2023-11-09 13:19:20"},{"nodeID":"1316968","text":"Default Rephrase","type":"MA","timestamp":"2023-11-09 13:19:20"},{"nodeID":"1316969","text":"Default Transition","type":"TA","timestamp":"2023-11-09 13:19:20"},{"nodeID":"1316970","text":"Restating","type":"YA","timestamp":"2023-11-09 13:19:20"},{"nodeID":"1316971","text":"Default Inference","type":"RA","timestamp":"2023-11-09 13:19:20"},{"nodeID":"1316972","text":"Arguing","type":"YA","timestamp":"2023-11-09 13:19:20"},{"nodeID":"1316973","text":"Default Rephrase","type":"MA","timestamp":"2023-11-09 13:19:20"},{"nodeID":"1316974","text":"Default Transition","type":"TA","timestamp":"2023-11-09 13:19:20"},{"nodeID":"1316975","text":"Restating","type":"YA","timestamp":"2023-11-09 13:19:20"},{"nodeID":"1316976","text":"AudienceMember 20220609QT230: My parents are actually disabled","type":"L","timestamp":"2023-11-09 13:19:20"},{"nodeID":"1316977","text":"Analysing","type":"YA","timestamp":"2023-11-09 13:19:20"},{"nodeID":"1316978","text":"Joanna: AudienceMember 20220609QT230: My parents are actually disabled","type":"L","timestamp":"2023-11-09 13:19:20"},{"nodeID":"1316979","text":"Asserting","type":"YA","timestamp":"2023-11-09 13:19:20"},{"nodeID":"1316980","text":"Default Transition","type":"TA","timestamp":"2023-11-09 13:19:20"},{"nodeID":"1316981","text":"AudienceMember 20220609QT230: my dad is sick","type":"L","timestamp":"2023-11-09 13:19:21"},{"nodeID":"1316982","text":"Analysing","type":"YA","timestamp":"2023-11-09 13:19:21"},{"nodeID":"1316983","text":"Joanna: AudienceMember 20220609QT230: my dad is sick","type":"L","timestamp":"2023-11-09 13:19:21"},{"nodeID":"1316984","text":"Asserting","type":"YA","timestamp":"2023-11-09 13:19:21"},{"nodeID":"1316985","text":"Default Transition","type":"TA","timestamp":"2023-11-09 13:19:21"},{"nodeID":"1316986","text":"Default Rephrase","type":"MA","timestamp":"2023-11-09 13:19:21"},{"nodeID":"1316987","text":"Restating","type":"YA","timestamp":"2023-11-09 13:19:21"},{"nodeID":"1316988","text":"AudienceMember 20220609QT230: we are all on low incomes","type":"L","timestamp":"2023-11-09 13:19:22"},{"nodeID":"1316989","text":"Analysing","type":"YA","timestamp":"2023-11-09 13:19:22"},{"nodeID":"1316990","text":"Joanna: AudienceMember 20220609QT230: we are all on low incomes","type":"L","timestamp":"2023-11-09 13:19:22"},{"nodeID":"1316991","text":"Asserting","type":"YA","timestamp":"2023-11-09 13:19:22"},{"nodeID":"1316992","text":"Default Transition","type":"TA","timestamp":"2023-11-09 13:19:22"},{"nodeID":"1316993","text":"Default Transition","type":"TA","timestamp":"2023-11-09 13:19:22"}],"edges":[{"edgeID":"1728616","fromID":"1316861","toID":"1316860","formEdgeID":null},{"edgeID":"1728617","fromID":"1316862","toID":"1316861","formEdgeID":null},{"edgeID":"1728618","fromID":"1316860","toID":"1316863","formEdgeID":null},{"edgeID":"1728619","fromID":"1316863","toID":"1152732","formEdgeID":null},{"edgeID":"1728620","fromID":"1316865","toID":"1316864","formEdgeID":null},{"edgeID":"1728621","fromID":"1316866","toID":"1316865","formEdgeID":null},{"edgeID":"1728622","fromID":"1316864","toID":"1316867","formEdgeID":null},{"edgeID":"1728623","fromID":"1316867","toID":"1152736","formEdgeID":null},{"edgeID":"1728624","fromID":"1316860","toID":"1316868","formEdgeID":null},{"edgeID":"1728625","fromID":"1316868","toID":"1316864","formEdgeID":null},{"edgeID":"1728626","fromID":"1316870","toID":"1316869","formEdgeID":null},{"edgeID":"1728627","fromID":"1316871","toID":"1316870","formEdgeID":null},{"edgeID":"1728628","fromID":"1316869","toID":"1316872","formEdgeID":null},{"edgeID":"1728629","fromID":"1316872","toID":"1152742","formEdgeID":null},{"edgeID":"1728630","fromID":"1316864","toID":"1316873","formEdgeID":null},{"edgeID":"1728631","fromID":"1316873","toID":"1316869","formEdgeID":null},{"edgeID":"1728632","fromID":"1152736","toID":"1316874","formEdgeID":null},{"edgeID":"1728633","fromID":"1316874","toID":"1152732","formEdgeID":null},{"edgeID":"1728634","fromID":"1316868","toID":"1316875","formEdgeID":null},{"edgeID":"1728635","fromID":"1316875","toID":"1316874","formEdgeID":null},{"edgeID":"1728636","fromID":"1316877","toID":"1316876","formEdgeID":null},{"edgeID":"1728637","fromID":"1316878","toID":"1316877","formEdgeID":null},{"edgeID":"1728638","fromID":"1316876","toID":"1316879","formEdgeID":null},{"edgeID":"1728639","fromID":"1316879","toID":"1152749","formEdgeID":null},{"edgeID":"1728640","fromID":"1316881","toID":"1316880","formEdgeID":null},{"edgeID":"1728641","fromID":"1316882","toID":"1316881","formEdgeID":null},{"edgeID":"1728642","fromID":"1316880","toID":"1316883","formEdgeID":null},{"edgeID":"1728643","fromID":"1316883","toID":"1152754","formEdgeID":null},{"edgeID":"1728644","fromID":"1316876","toID":"1316884","formEdgeID":null},{"edgeID":"1728645","fromID":"1316884","toID":"1316880","formEdgeID":null},{"edgeID":"1728646","fromID":"1152754","toID":"1316885","formEdgeID":null},{"edgeID":"1728647","fromID":"1316885","toID":"1152749","formEdgeID":null},{"edgeID":"1728648","fromID":"1316884","toID":"1316886","formEdgeID":null},{"edgeID":"1728649","fromID":"1316886","toID":"1316885","formEdgeID":null},{"edgeID":"1728650","fromID":"1316888","toID":"1316887","formEdgeID":null},{"edgeID":"1728651","fromID":"1316889","toID":"1316888","formEdgeID":null},{"edgeID":"1728652","fromID":"1316887","toID":"1316890","formEdgeID":null},{"edgeID":"1728653","fromID":"1316890","toID":"1152762","formEdgeID":null},{"edgeID":"1728654","fromID":"1316880","toID":"1316891","formEdgeID":null},{"edgeID":"1728655","fromID":"1316891","toID":"1316887","formEdgeID":null},{"edgeID":"1728656","fromID":"1316893","toID":"1316892","formEdgeID":null},{"edgeID":"1728657","fromID":"1316894","toID":"1316893","formEdgeID":null},{"edgeID":"1728658","fromID":"1316892","toID":"1316895","formEdgeID":null},{"edgeID":"1728659","fromID":"1316895","toID":"1152768","formEdgeID":null},{"edgeID":"1728660","fromID":"1316887","toID":"1316896","formEdgeID":null},{"edgeID":"1728661","fromID":"1316896","toID":"1316892","formEdgeID":null},{"edgeID":"1728662","fromID":"1152768","toID":"1316897","formEdgeID":null},{"edgeID":"1728663","fromID":"1316897","toID":"1152762","formEdgeID":null},{"edgeID":"1728664","fromID":"1316896","toID":"1316898","formEdgeID":null},{"edgeID":"1728665","fromID":"1316898","toID":"1316897","formEdgeID":null},{"edgeID":"1728666","fromID":"1316900","toID":"1316899","formEdgeID":null},{"edgeID":"1728667","fromID":"1316901","toID":"1316900","formEdgeID":null},{"edgeID":"1728668","fromID":"1316899","toID":"1316902","formEdgeID":null},{"edgeID":"1728669","fromID":"1316902","toID":"1152776","formEdgeID":null},{"edgeID":"1728670","fromID":"1316904","toID":"1316903","formEdgeID":null},{"edgeID":"1728671","fromID":"1316905","toID":"1316904","formEdgeID":null},{"edgeID":"1728672","fromID":"1316903","toID":"1316906","formEdgeID":null},{"edgeID":"1728673","fromID":"1316906","toID":"1152781","formEdgeID":null},{"edgeID":"1728674","fromID":"1316899","toID":"1316907","formEdgeID":null},{"edgeID":"1728675","fromID":"1316907","toID":"1316903","formEdgeID":null},{"edgeID":"1728676","fromID":"1316909","toID":"1316908","formEdgeID":null},{"edgeID":"1728677","fromID":"1316910","toID":"1316909","formEdgeID":null},{"edgeID":"1728678","fromID":"1316908","toID":"1316911","formEdgeID":null},{"edgeID":"1728679","fromID":"1316911","toID":"1152787","formEdgeID":null},{"edgeID":"1728680","fromID":"1316903","toID":"1316912","formEdgeID":null},{"edgeID":"1728681","fromID":"1316912","toID":"1316908","formEdgeID":null},{"edgeID":"1728682","fromID":"1152787","toID":"1316913","formEdgeID":null},{"edgeID":"1728683","fromID":"1316913","toID":"1152781","formEdgeID":null},{"edgeID":"1728684","fromID":"1316912","toID":"1316914","formEdgeID":null},{"edgeID":"1728685","fromID":"1316914","toID":"1316913","formEdgeID":null},{"edgeID":"1728686","fromID":"1316916","toID":"1316915","formEdgeID":null},{"edgeID":"1728687","fromID":"1316917","toID":"1316916","formEdgeID":null},{"edgeID":"1728688","fromID":"1316915","toID":"1316918","formEdgeID":null},{"edgeID":"1728689","fromID":"1316918","toID":"1152795","formEdgeID":null},{"edgeID":"1728690","fromID":"1316920","toID":"1316919","formEdgeID":null},{"edgeID":"1728691","fromID":"1316921","toID":"1316920","formEdgeID":null},{"edgeID":"1728692","fromID":"1316919","toID":"1316922","formEdgeID":null},{"edgeID":"1728693","fromID":"1316922","toID":"1147833","formEdgeID":null},{"edgeID":"1728694","fromID":"1316915","toID":"1316923","formEdgeID":null},{"edgeID":"1728695","fromID":"1316923","toID":"1316919","formEdgeID":null},{"edgeID":"1728696","fromID":"1316925","toID":"1316924","formEdgeID":null},{"edgeID":"1728697","fromID":"1316926","toID":"1316925","formEdgeID":null},{"edgeID":"1728698","fromID":"1316924","toID":"1316927","formEdgeID":null},{"edgeID":"1728699","fromID":"1316927","toID":"1152804","formEdgeID":null},{"edgeID":"1728700","fromID":"1316929","toID":"1316928","formEdgeID":null},{"edgeID":"1728701","fromID":"1316930","toID":"1316929","formEdgeID":null},{"edgeID":"1728702","fromID":"1316928","toID":"1316931","formEdgeID":null},{"edgeID":"1728703","fromID":"1316931","toID":"1152809","formEdgeID":null},{"edgeID":"1728704","fromID":"1316924","toID":"1316932","formEdgeID":null},{"edgeID":"1728705","fromID":"1316932","toID":"1316928","formEdgeID":null},{"edgeID":"1728706","fromID":"1152809","toID":"1316933","formEdgeID":null},{"edgeID":"1728707","fromID":"1316933","toID":"1152804","formEdgeID":null},{"edgeID":"1728708","fromID":"1316932","toID":"1316934","formEdgeID":null},{"edgeID":"1728709","fromID":"1316934","toID":"1316933","formEdgeID":null},{"edgeID":"1728710","fromID":"1316936","toID":"1316935","formEdgeID":null},{"edgeID":"1728711","fromID":"1316937","toID":"1316936","formEdgeID":null},{"edgeID":"1728712","fromID":"1316935","toID":"1316938","formEdgeID":null},{"edgeID":"1728713","fromID":"1316938","toID":"1152817","formEdgeID":null},{"edgeID":"1728714","fromID":"1316869","toID":"1316939","formEdgeID":null},{"edgeID":"1728715","fromID":"1316939","toID":"1316935","formEdgeID":null},{"edgeID":"1728716","fromID":"1316941","toID":"1316940","formEdgeID":null},{"edgeID":"1728717","fromID":"1316942","toID":"1316941","formEdgeID":null},{"edgeID":"1728718","fromID":"1316940","toID":"1316943","formEdgeID":null},{"edgeID":"1728719","fromID":"1316943","toID":"1152823","formEdgeID":null},{"edgeID":"1728720","fromID":"1316935","toID":"1316944","formEdgeID":null},{"edgeID":"1728721","fromID":"1316944","toID":"1316940","formEdgeID":null},{"edgeID":"1728722","fromID":"1316940","toID":"1316945","formEdgeID":null},{"edgeID":"1728723","fromID":"1316945","toID":"1316876","formEdgeID":null},{"edgeID":"1728724","fromID":"1152823","toID":"1316946","formEdgeID":null},{"edgeID":"1728725","fromID":"1316946","toID":"1152817","formEdgeID":null},{"edgeID":"1728726","fromID":"1152823","toID":"1316947","formEdgeID":null},{"edgeID":"1728727","fromID":"1316947","toID":"1152736","formEdgeID":null},{"edgeID":"1728728","fromID":"1316864","toID":"1316948","formEdgeID":null},{"edgeID":"1728729","fromID":"1316948","toID":"1316940","formEdgeID":null},{"edgeID":"1728730","fromID":"1316948","toID":"1316949","formEdgeID":null},{"edgeID":"1728731","fromID":"1316949","toID":"1316947","formEdgeID":null},{"edgeID":"1728732","fromID":"1147833","toID":"1316950","formEdgeID":null},{"edgeID":"1728733","fromID":"1316950","toID":"1152823","formEdgeID":null},{"edgeID":"1728734","fromID":"1316940","toID":"1316951","formEdgeID":null},{"edgeID":"1728735","fromID":"1316951","toID":"1316919","formEdgeID":null},{"edgeID":"1728736","fromID":"1316951","toID":"1316952","formEdgeID":null},{"edgeID":"1728737","fromID":"1316952","toID":"1316950","formEdgeID":null},{"edgeID":"1728738","fromID":"1152768","toID":"1316953","formEdgeID":null},{"edgeID":"1728739","fromID":"1316953","toID":"1152754","formEdgeID":null},{"edgeID":"1728740","fromID":"1316880","toID":"1316954","formEdgeID":null},{"edgeID":"1728741","fromID":"1316954","toID":"1316892","formEdgeID":null},{"edgeID":"1728742","fromID":"1316954","toID":"1316955","formEdgeID":null},{"edgeID":"1728743","fromID":"1316955","toID":"1316953","formEdgeID":null},{"edgeID":"1728744","fromID":"1316957","toID":"1316956","formEdgeID":null},{"edgeID":"1728745","fromID":"1316958","toID":"1316957","formEdgeID":null},{"edgeID":"1728746","fromID":"1316956","toID":"1316959","formEdgeID":null},{"edgeID":"1728747","fromID":"1316959","toID":"1152840","formEdgeID":null},{"edgeID":"1728748","fromID":"1316892","toID":"1316960","formEdgeID":null},{"edgeID":"1728749","fromID":"1316960","toID":"1316956","formEdgeID":null},{"edgeID":"1728750","fromID":"1152840","toID":"1316961","formEdgeID":null},{"edgeID":"1728751","fromID":"1316961","toID":"1152768","formEdgeID":null},{"edgeID":"1728752","fromID":"1316960","toID":"1316962","formEdgeID":null},{"edgeID":"1728753","fromID":"1316962","toID":"1316961","formEdgeID":null},{"edgeID":"1728754","fromID":"1316964","toID":"1316963","formEdgeID":null},{"edgeID":"1728755","fromID":"1316965","toID":"1316964","formEdgeID":null},{"edgeID":"1728756","fromID":"1316963","toID":"1316966","formEdgeID":null},{"edgeID":"1728757","fromID":"1316966","toID":"1152848","formEdgeID":null},{"edgeID":"1728758","fromID":"1316956","toID":"1316967","formEdgeID":null},{"edgeID":"1728759","fromID":"1316967","toID":"1316963","formEdgeID":null},{"edgeID":"1728760","fromID":"1152776","toID":"1316968","formEdgeID":null},{"edgeID":"1728761","fromID":"1316968","toID":"1152848","formEdgeID":null},{"edgeID":"1728762","fromID":"1316963","toID":"1316969","formEdgeID":null},{"edgeID":"1728763","fromID":"1316969","toID":"1316899","formEdgeID":null},{"edgeID":"1728764","fromID":"1316969","toID":"1316970","formEdgeID":null},{"edgeID":"1728765","fromID":"1316970","toID":"1316968","formEdgeID":null},{"edgeID":"1728766","fromID":"1152840","toID":"1316971","formEdgeID":null},{"edgeID":"1728767","fromID":"1316971","toID":"1152848","formEdgeID":null},{"edgeID":"1728768","fromID":"1316967","toID":"1316972","formEdgeID":null},{"edgeID":"1728769","fromID":"1316972","toID":"1316971","formEdgeID":null},{"edgeID":"1728770","fromID":"1152795","toID":"1316973","formEdgeID":null},{"edgeID":"1728771","fromID":"1316973","toID":"1152848","formEdgeID":null},{"edgeID":"1728772","fromID":"1316963","toID":"1316974","formEdgeID":null},{"edgeID":"1728773","fromID":"1316974","toID":"1316915","formEdgeID":null},{"edgeID":"1728774","fromID":"1316974","toID":"1316975","formEdgeID":null},{"edgeID":"1728775","fromID":"1316975","toID":"1316973","formEdgeID":null},{"edgeID":"1728776","fromID":"1316977","toID":"1316976","formEdgeID":null},{"edgeID":"1728777","fromID":"1316978","toID":"1316977","formEdgeID":null},{"edgeID":"1728778","fromID":"1316976","toID":"1316979","formEdgeID":null},{"edgeID":"1728779","fromID":"1316979","toID":"1152862","formEdgeID":null},{"edgeID":"1728780","fromID":"1316919","toID":"1316980","formEdgeID":null},{"edgeID":"1728781","fromID":"1316980","toID":"1316976","formEdgeID":null},{"edgeID":"1728782","fromID":"1316982","toID":"1316981","formEdgeID":null},{"edgeID":"1728783","fromID":"1316983","toID":"1316982","formEdgeID":null},{"edgeID":"1728784","fromID":"1316981","toID":"1316984","formEdgeID":null},{"edgeID":"1728785","fromID":"1316984","toID":"1152868","formEdgeID":null},{"edgeID":"1728786","fromID":"1316976","toID":"1316985","formEdgeID":null},{"edgeID":"1728787","fromID":"1316985","toID":"1316981","formEdgeID":null},{"edgeID":"1728788","fromID":"1152868","toID":"1316986","formEdgeID":null},{"edgeID":"1728789","fromID":"1316986","toID":"1152862","formEdgeID":null},{"edgeID":"1728790","fromID":"1316985","toID":"1316987","formEdgeID":null},{"edgeID":"1728791","fromID":"1316987","toID":"1316986","formEdgeID":null},{"edgeID":"1728792","fromID":"1316989","toID":"1316988","formEdgeID":null},{"edgeID":"1728793","fromID":"1316990","toID":"1316989","formEdgeID":null},{"edgeID":"1728794","fromID":"1316988","toID":"1316991","formEdgeID":null},{"edgeID":"1728795","fromID":"1316991","toID":"1152876","formEdgeID":null},{"edgeID":"1728796","fromID":"1316981","toID":"1316992","formEdgeID":null},{"edgeID":"1728797","fromID":"1316992","toID":"1316988","formEdgeID":null},{"edgeID":"1728798","fromID":"1316988","toID":"1316993","formEdgeID":null},{"edgeID":"1728799","fromID":"1316993","toID":"1316924","formEdgeID":null}],"locutions":[]}