{"nodes":[{"nodeID":"1316679","text":"Emma Little-Pengelly: we need to get this addressed","type":"L","timestamp":"2023-11-09 13:18:54"},{"nodeID":"1316680","text":"the kinds of checks that should be happening are xxx","type":"I","timestamp":"2023-11-09 13:18:55"},{"nodeID":"1316681","text":"Fiona Bruce: The kinds of checks that should be happening","type":"L","timestamp":"2023-11-09 13:18:55"},{"nodeID":"1316682","text":"Analysing","type":"YA","timestamp":"2023-11-09 13:18:55"},{"nodeID":"1316683","text":"Tuuli: Fiona Bruce: The kinds of checks that should be happening","type":"L","timestamp":"2023-11-09 13:18:55"},{"nodeID":"1316684","text":"Pure Questioning","type":"YA","timestamp":"2023-11-09 13:18:55"},{"nodeID":"1316685","text":"checks that should be happening are grace periods, suspensions of that","type":"I","timestamp":"2023-11-09 13:18:55"},{"nodeID":"1316686","text":"Emma Little-Pengelly: Grace periods, suspensions of that","type":"L","timestamp":"2023-11-09 13:18:55"},{"nodeID":"1316687","text":"Analysing","type":"YA","timestamp":"2023-11-09 13:18:55"},{"nodeID":"1316688","text":"Tuuli: Emma Little-Pengelly: Grace periods, suspensions of that","type":"L","timestamp":"2023-11-09 13:18:55"},{"nodeID":"1316689","text":"Asserting","type":"YA","timestamp":"2023-11-09 13:18:55"},{"nodeID":"1316690","text":"Default Transition","type":"TA","timestamp":"2023-11-09 13:18:55"},{"nodeID":"1316691","text":"Default Rephrase","type":"MA","timestamp":"2023-11-09 13:18:55"},{"nodeID":"1316692","text":"Default Illocuting","type":"YA","timestamp":"2023-11-09 13:18:55"},{"nodeID":"1316693","text":"one looks at what this means if there were to be full implementation of the Northern Ireland Protocol","type":"I","timestamp":"2023-11-09 13:18:56"},{"nodeID":"1316694","text":"Emma Little-Pengelly: you look at what this means if there were to be full implementation","type":"L","timestamp":"2023-11-09 13:18:56"},{"nodeID":"1316695","text":"Analysing","type":"YA","timestamp":"2023-11-09 13:18:56"},{"nodeID":"1316696","text":"Tuuli: Emma Little-Pengelly: you look at what this means if there were to be full implementation","type":"L","timestamp":"2023-11-09 13:18:56"},{"nodeID":"1316697","text":"Asserting","type":"YA","timestamp":"2023-11-09 13:18:56"},{"nodeID":"1316698","text":"Default Transition","type":"TA","timestamp":"2023-11-09 13:18:56"},{"nodeID":"1316699","text":"one can look at the EU report from June of 2021, and that sets out what full implementation of the Northern Ireland Protocol would mean","type":"I","timestamp":"2023-11-09 13:18:56"},{"nodeID":"1316700","text":"Emma Little-Pengelly: you can look at the EU report from June of 2021, and that sets it out","type":"L","timestamp":"2023-11-09 13:18:56"},{"nodeID":"1316701","text":"Analysing","type":"YA","timestamp":"2023-11-09 13:18:56"},{"nodeID":"1316702","text":"Tuuli: Emma Little-Pengelly: you can look at the EU report from June of 2021, and that sets it out","type":"L","timestamp":"2023-11-09 13:18:56"},{"nodeID":"1316703","text":"Asserting","type":"YA","timestamp":"2023-11-09 13:18:56"},{"nodeID":"1316704","text":"Default Transition","type":"TA","timestamp":"2023-11-09 13:18:56"},{"nodeID":"1316705","text":"full implementation of the Northern Ireland Protocol would mean that personal luggage would be checked","type":"I","timestamp":"2023-11-09 13:18:57"},{"nodeID":"1316706","text":"Emma Little-Pengelly: Personal luggage would be checked","type":"L","timestamp":"2023-11-09 13:18:57"},{"nodeID":"1316707","text":"Analysing","type":"YA","timestamp":"2023-11-09 13:18:57"},{"nodeID":"1316708","text":"Tuuli: Emma Little-Pengelly: Personal luggage would be checked","type":"L","timestamp":"2023-11-09 13:18:57"},{"nodeID":"1316709","text":"Asserting","type":"YA","timestamp":"2023-11-09 13:18:57"},{"nodeID":"1316710","text":"Default Transition","type":"TA","timestamp":"2023-11-09 13:18:57"},{"nodeID":"1316711","text":"full implementation of the Northern Ireland Protocol would mean that huge amounts of goods would not be able to to come here without huge swathes of paperwork and cost","type":"I","timestamp":"2023-11-09 13:18:58"},{"nodeID":"1316712","text":"Emma Little-Pengelly: huge amounts of goods would not be able to to come here without huge swathes of paperwork and cost","type":"L","timestamp":"2023-11-09 13:18:58"},{"nodeID":"1316713","text":"Analysing","type":"YA","timestamp":"2023-11-09 13:18:58"},{"nodeID":"1316714","text":"Tuuli: Emma Little-Pengelly: huge amounts of goods would not be able to to come here without huge swathes of paperwork and cost","type":"L","timestamp":"2023-11-09 13:18:58"},{"nodeID":"1316715","text":"Asserting","type":"YA","timestamp":"2023-11-09 13:18:58"},{"nodeID":"1316716","text":"Default Transition","type":"TA","timestamp":"2023-11-09 13:18:58"},{"nodeID":"1316717","text":"Default Rephrase","type":"MA","timestamp":"2023-11-09 13:18:58"},{"nodeID":"1316718","text":"Default Rephrase","type":"MA","timestamp":"2023-11-09 13:18:58"},{"nodeID":"1316719","text":"Restating","type":"YA","timestamp":"2023-11-09 13:18:58"},{"nodeID":"1316720","text":"Restating","type":"YA","timestamp":"2023-11-09 13:18:58"},{"nodeID":"1316721","text":"huge cost from bringing goods in the Northern Ireland is going to be passed on to the consumer","type":"I","timestamp":"2023-11-09 13:18:58"},{"nodeID":"1316722","text":"Emma Little-Pengelly: That cost is going to be passed on to the consumer","type":"L","timestamp":"2023-11-09 13:18:58"},{"nodeID":"1316723","text":"Analysing","type":"YA","timestamp":"2023-11-09 13:18:58"},{"nodeID":"1316724","text":"Tuuli: Emma Little-Pengelly: That cost is going to be passed on to the consumer","type":"L","timestamp":"2023-11-09 13:18:58"},{"nodeID":"1316725","text":"Asserting","type":"YA","timestamp":"2023-11-09 13:18:58"},{"nodeID":"1316726","text":"Default Transition","type":"TA","timestamp":"2023-11-09 13:18:58"},{"nodeID":"1316727","text":"Default Rephrase","type":"MA","timestamp":"2023-11-09 13:18:58"},{"nodeID":"1316728","text":"Restating","type":"YA","timestamp":"2023-11-09 13:18:58"},{"nodeID":"1316729","text":"huge cost from bringing goods in the Northern Ireland is going to be passed on to the consumer in a cost-of-living crisis","type":"I","timestamp":"2023-11-09 13:18:59"},{"nodeID":"1316730","text":"Emma Little-Pengelly: In a cost-of-living crisis","type":"L","timestamp":"2023-11-09 13:18:59"},{"nodeID":"1316731","text":"Analysing","type":"YA","timestamp":"2023-11-09 13:18:59"},{"nodeID":"1316732","text":"Tuuli: Emma Little-Pengelly: In a cost-of-living crisis","type":"L","timestamp":"2023-11-09 13:18:59"},{"nodeID":"1316733","text":"Asserting","type":"YA","timestamp":"2023-11-09 13:18:59"},{"nodeID":"1316734","text":"Default Transition","type":"TA","timestamp":"2023-11-09 13:18:59"},{"nodeID":"1316735","text":"Default Rephrase","type":"MA","timestamp":"2023-11-09 13:18:59"},{"nodeID":"1316736","text":"Restating","type":"YA","timestamp":"2023-11-09 13:18:59"},{"nodeID":"1316737","text":"people say get back into Stormont now and sort out cost of living","type":"I","timestamp":"2023-11-09 13:18:59"},{"nodeID":"1316738","text":"Emma Little-Pengelly: People say get back into Stormont now and sort out cost of living","type":"L","timestamp":"2023-11-09 13:18:59"},{"nodeID":"1316739","text":"Analysing","type":"YA","timestamp":"2023-11-09 13:18:59"},{"nodeID":"1316740","text":"Tuuli: Emma Little-Pengelly: People say get back into Stormont now and sort out cost of living","type":"L","timestamp":"2023-11-09 13:18:59"},{"nodeID":"1316741","text":"Asserting","type":"YA","timestamp":"2023-11-09 13:18:59"},{"nodeID":"1316742","text":"Default Transition","type":"TA","timestamp":"2023-11-09 13:18:59"},{"nodeID":"1316743","text":"huge cost being passed on to the consumer is something that is going to happen","type":"I","timestamp":"2023-11-09 13:19:00"},{"nodeID":"1316744","text":"Emma Little-Pengelly: this is something that is going to happen","type":"L","timestamp":"2023-11-09 13:19:00"},{"nodeID":"1316745","text":"Analysing","type":"YA","timestamp":"2023-11-09 13:19:00"},{"nodeID":"1316746","text":"Tuuli: Emma Little-Pengelly: this is something that is going to happen","type":"L","timestamp":"2023-11-09 13:19:00"},{"nodeID":"1316747","text":"Asserting","type":"YA","timestamp":"2023-11-09 13:19:00"},{"nodeID":"1316748","text":"Default Transition","type":"TA","timestamp":"2023-11-09 13:19:00"},{"nodeID":"1316749","text":"huge cost being passed on to the consumer is going to hit like a tsunami in the autumn","type":"I","timestamp":"2023-11-09 13:19:01"},{"nodeID":"1316750","text":"Emma Little-Pengelly: it is going to hit like a tsunami in the autumn","type":"L","timestamp":"2023-11-09 13:19:01"},{"nodeID":"1316751","text":"Analysing","type":"YA","timestamp":"2023-11-09 13:19:01"},{"nodeID":"1316752","text":"Tuuli: Emma Little-Pengelly: it is going to hit like a tsunami in the autumn","type":"L","timestamp":"2023-11-09 13:19:01"},{"nodeID":"1316753","text":"Asserting","type":"YA","timestamp":"2023-11-09 13:19:01"},{"nodeID":"1316754","text":"Default Transition","type":"TA","timestamp":"2023-11-09 13:19:01"},{"nodeID":"1316755","text":"we don't get the Northern Ireland Protocol addressed","type":"I","timestamp":"2023-11-09 13:19:01"},{"nodeID":"1316756","text":"Emma Little-Pengelly: we don't get this addressed","type":"L","timestamp":"2023-11-09 13:19:01"},{"nodeID":"1316757","text":"Analysing","type":"YA","timestamp":"2023-11-09 13:19:01"},{"nodeID":"1316758","text":"Tuuli: Emma Little-Pengelly: we don't get this addressed","type":"L","timestamp":"2023-11-09 13:19:01"},{"nodeID":"1316759","text":"Asserting","type":"YA","timestamp":"2023-11-09 13:19:01"},{"nodeID":"1316760","text":"Default Transition","type":"TA","timestamp":"2023-11-09 13:19:01"},{"nodeID":"1316761","text":"Default Conflict","type":"CA","timestamp":"2023-11-09 13:19:01"},{"nodeID":"1316762","text":"Disagreeing","type":"YA","timestamp":"2023-11-09 13:19:01"},{"nodeID":"1316763","text":"Default Rephrase","type":"MA","timestamp":"2023-11-09 13:19:01"},{"nodeID":"1316764","text":"Restating","type":"YA","timestamp":"2023-11-09 13:19:01"},{"nodeID":"1316765","text":"Default Inference","type":"RA","timestamp":"2023-11-09 13:19:01"},{"nodeID":"1316766","text":"Arguing","type":"YA","timestamp":"2023-11-09 13:19:01"},{"nodeID":"1316767","text":"the issue of the Northern Ireland Protocol is really serious","type":"I","timestamp":"2023-11-09 13:19:02"},{"nodeID":"1316768","text":"Emma Little-Pengelly: It is really serious","type":"L","timestamp":"2023-11-09 13:19:02"},{"nodeID":"1316769","text":"Analysing","type":"YA","timestamp":"2023-11-09 13:19:02"},{"nodeID":"1316770","text":"Tuuli: Emma Little-Pengelly: It is really serious","type":"L","timestamp":"2023-11-09 13:19:02"},{"nodeID":"1316771","text":"Asserting","type":"YA","timestamp":"2023-11-09 13:19:02"},{"nodeID":"1316772","text":"Default Transition","type":"TA","timestamp":"2023-11-09 13:19:02"},{"nodeID":"1316773","text":"the DUP have taken this position now","type":"I","timestamp":"2023-11-09 13:19:02"},{"nodeID":"1316774","text":"Emma Little-Pengelly: the DUP have taken this position now","type":"L","timestamp":"2023-11-09 13:19:02"},{"nodeID":"1316775","text":"Analysing","type":"YA","timestamp":"2023-11-09 13:19:02"},{"nodeID":"1316776","text":"Tuuli: Emma Little-Pengelly: the DUP have taken this position now","type":"L","timestamp":"2023-11-09 13:19:02"},{"nodeID":"1316777","text":"Asserting","type":"YA","timestamp":"2023-11-09 13:19:02"},{"nodeID":"1316778","text":"Default Transition","type":"TA","timestamp":"2023-11-09 13:19:02"},{"nodeID":"1316779","text":"Default Inference","type":"RA","timestamp":"2023-11-09 13:19:02"},{"nodeID":"1316780","text":"we have been dismissed, demeaned, disregarded, as have the views of huge swathes of unionism across Northern Ireland","type":"I","timestamp":"2023-11-09 13:19:03"},{"nodeID":"1316781","text":"Emma Little-Pengelly: we have been dismissed, demeaned, disregarded, as have the views of huge swathes of unionism across Northern Ireland","type":"L","timestamp":"2023-11-09 13:19:03"},{"nodeID":"1316782","text":"Analysing","type":"YA","timestamp":"2023-11-09 13:19:03"},{"nodeID":"1316783","text":"Tuuli: Emma Little-Pengelly: we have been dismissed, demeaned, disregarded, as have the views of huge swathes of unionism across Northern Ireland","type":"L","timestamp":"2023-11-09 13:19:03"},{"nodeID":"1316784","text":"Asserting","type":"YA","timestamp":"2023-11-09 13:19:03"},{"nodeID":"1316785","text":"Default Transition","type":"TA","timestamp":"2023-11-09 13:19:03"},{"nodeID":"1316786","text":"Default Inference","type":"RA","timestamp":"2023-11-09 13:19:03"},{"nodeID":"1316787","text":"Arguing","type":"YA","timestamp":"2023-11-09 13:19:03"},{"nodeID":"1316788","text":"we need to get the issue of Northern Ireland Protocol addressed","type":"I","timestamp":"2023-11-09 13:19:04"},{"nodeID":"1316789","text":"Analysing","type":"YA","timestamp":"2023-11-09 13:19:04"},{"nodeID":"1316790","text":"Tuuli: Emma Little-Pengelly: We need to get this addressed","type":"L","timestamp":"2023-11-09 13:19:04"},{"nodeID":"1316791","text":"Asserting","type":"YA","timestamp":"2023-11-09 13:19:04"},{"nodeID":"1316792","text":"Default Conflict","type":"CA","timestamp":"2023-11-09 13:19:04"},{"nodeID":"1316793","text":"Default Transition","type":"TA","timestamp":"2023-11-09 13:19:04"},{"nodeID":"1316794","text":"Disagreeing","type":"YA","timestamp":"2023-11-09 13:19:04"},{"nodeID":"1316795","text":"all parties have recognised there are some problems with the Nothern Ireland Protocol","type":"I","timestamp":"2023-11-09 13:19:04"},{"nodeID":"1316796","text":"Emma Little-Pengelly: All parties have recognised there are some problems with the Protocol","type":"L","timestamp":"2023-11-09 13:19:04"},{"nodeID":"1316797","text":"Analysing","type":"YA","timestamp":"2023-11-09 13:19:04"},{"nodeID":"1316798","text":"Tuuli: Emma Little-Pengelly: All parties have recognised there are some problems with the Protocol","type":"L","timestamp":"2023-11-09 13:19:04"},{"nodeID":"1316799","text":"Asserting","type":"YA","timestamp":"2023-11-09 13:19:04"},{"nodeID":"1316800","text":"Default Transition","type":"TA","timestamp":"2023-11-09 13:19:04"},{"nodeID":"1316801","text":"it is clear there are already problems with the Northern Ireland Protocol","type":"I","timestamp":"2023-11-09 13:19:05"},{"nodeID":"1316802","text":"Emma Little-Pengelly: It is clear there are already problems","type":"L","timestamp":"2023-11-09 13:19:05"},{"nodeID":"1316803","text":"Analysing","type":"YA","timestamp":"2023-11-09 13:19:05"},{"nodeID":"1316804","text":"Tuuli: Emma Little-Pengelly: It is clear there are already problems","type":"L","timestamp":"2023-11-09 13:19:05"},{"nodeID":"1316805","text":"Asserting","type":"YA","timestamp":"2023-11-09 13:19:05"},{"nodeID":"1316806","text":"Default Transition","type":"TA","timestamp":"2023-11-09 13:19:05"},{"nodeID":"1316807","text":"Default Rephrase","type":"MA","timestamp":"2023-11-09 13:19:05"},{"nodeID":"1316808","text":"Restating","type":"YA","timestamp":"2023-11-09 13:19:05"},{"nodeID":"1316809","text":"500 million a year is being spent on paperwork by the trader support service already","type":"I","timestamp":"2023-11-09 13:19:05"},{"nodeID":"1316810","text":"Emma Little-Pengelly: 500 million a year is being spent on paperwork by the trader support service already","type":"L","timestamp":"2023-11-09 13:19:05"},{"nodeID":"1316811","text":"Analysing","type":"YA","timestamp":"2023-11-09 13:19:05"},{"nodeID":"1316812","text":"Tuuli: Emma Little-Pengelly: 500 million a year is being spent on paperwork by the trader support service already","type":"L","timestamp":"2023-11-09 13:19:05"},{"nodeID":"1316813","text":"Asserting","type":"YA","timestamp":"2023-11-09 13:19:05"},{"nodeID":"1316814","text":"Default Transition","type":"TA","timestamp":"2023-11-09 13:19:05"},{"nodeID":"1316815","text":"Default Inference","type":"RA","timestamp":"2023-11-09 13:19:05"},{"nodeID":"1316816","text":"Arguing","type":"YA","timestamp":"2023-11-09 13:19:05"},{"nodeID":"1316817","text":"problems are just going to grow","type":"I","timestamp":"2023-11-09 13:19:06"},{"nodeID":"1316818","text":"Emma Little-Pengelly: these are just going to grow","type":"L","timestamp":"2023-11-09 13:19:06"},{"nodeID":"1316819","text":"Analysing","type":"YA","timestamp":"2023-11-09 13:19:06"},{"nodeID":"1316820","text":"Tuuli: Emma Little-Pengelly: these are just going to grow","type":"L","timestamp":"2023-11-09 13:19:06"},{"nodeID":"1316821","text":"Asserting","type":"YA","timestamp":"2023-11-09 13:19:06"},{"nodeID":"1316822","text":"Default Transition","type":"TA","timestamp":"2023-11-09 13:19:06"},{"nodeID":"1316823","text":"Default Inference","type":"RA","timestamp":"2023-11-09 13:19:06"},{"nodeID":"1316824","text":"Arguing","type":"YA","timestamp":"2023-11-09 13:19:06"},{"nodeID":"1316825","text":"consumer choice is going to be limited","type":"I","timestamp":"2023-11-09 13:19:06"},{"nodeID":"1316826","text":"Emma Little-Pengelly: Consumer choice is going to be limited","type":"L","timestamp":"2023-11-09 13:19:06"},{"nodeID":"1316827","text":"Analysing","type":"YA","timestamp":"2023-11-09 13:19:06"},{"nodeID":"1316828","text":"Tuuli: Emma Little-Pengelly: Consumer choice is going to be limited","type":"L","timestamp":"2023-11-09 13:19:06"},{"nodeID":"1316829","text":"Asserting","type":"YA","timestamp":"2023-11-09 13:19:06"},{"nodeID":"1316830","text":"Default Transition","type":"TA","timestamp":"2023-11-09 13:19:06"},{"nodeID":"1316831","text":"Default Inference","type":"RA","timestamp":"2023-11-09 13:19:06"},{"nodeID":"1316832","text":"Arguing","type":"YA","timestamp":"2023-11-09 13:19:06"},{"nodeID":"1316833","text":"the medicines issue still isn't even sorted out after two years of talking","type":"I","timestamp":"2023-11-09 13:19:07"},{"nodeID":"1316834","text":"Emma Little-Pengelly: The medicines issue still isn't even sorted out - two years of talking","type":"L","timestamp":"2023-11-09 13:19:07"},{"nodeID":"1316835","text":"Analysing","type":"YA","timestamp":"2023-11-09 13:19:07"},{"nodeID":"1316836","text":"Tuuli: Emma Little-Pengelly: The medicines issue still isn't even sorted out - two years of talking","type":"L","timestamp":"2023-11-09 13:19:07"},{"nodeID":"1316837","text":"Asserting","type":"YA","timestamp":"2023-11-09 13:19:07"},{"nodeID":"1316838","text":"Default Inference","type":"RA","timestamp":"2023-11-09 13:19:07"},{"nodeID":"1316839","text":"Default Transition","type":"TA","timestamp":"2023-11-09 13:19:07"},{"nodeID":"1316840","text":"Arguing","type":"YA","timestamp":"2023-11-09 13:19:07"},{"nodeID":"1316841","text":"enough is enough","type":"I","timestamp":"2023-11-09 13:19:08"},{"nodeID":"1316842","text":"Emma Little-Pengelly: Enough is enough","type":"L","timestamp":"2023-11-09 13:19:08"},{"nodeID":"1316843","text":"Analysing","type":"YA","timestamp":"2023-11-09 13:19:08"},{"nodeID":"1316844","text":"Tuuli: Emma Little-Pengelly: Enough is enough","type":"L","timestamp":"2023-11-09 13:19:08"},{"nodeID":"1316845","text":"Asserting","type":"YA","timestamp":"2023-11-09 13:19:08"},{"nodeID":"1316846","text":"Default Transition","type":"TA","timestamp":"2023-11-09 13:19:08"},{"nodeID":"1316847","text":"we need to get the issue of the Northern Ireland Protocol resolved now","type":"I","timestamp":"2023-11-09 13:19:08"},{"nodeID":"1316848","text":"Emma Little-Pengelly: We need to get this resolved now","type":"L","timestamp":"2023-11-09 13:19:08"},{"nodeID":"1316849","text":"Analysing","type":"YA","timestamp":"2023-11-09 13:19:08"},{"nodeID":"1316850","text":"Tuuli: Emma Little-Pengelly: We need to get this resolved now","type":"L","timestamp":"2023-11-09 13:19:08"},{"nodeID":"1316851","text":"Asserting","type":"YA","timestamp":"2023-11-09 13:19:08"},{"nodeID":"1316852","text":"Default Rephrase","type":"MA","timestamp":"2023-11-09 13:19:08"},{"nodeID":"1316853","text":"Default Transition","type":"TA","timestamp":"2023-11-09 13:19:08"},{"nodeID":"1316854","text":"Restating","type":"YA","timestamp":"2023-11-09 13:19:08"},{"nodeID":"1316855","text":"Default Inference","type":"RA","timestamp":"2023-11-09 13:19:08"},{"nodeID":"1316856","text":"Default Transition","type":"TA","timestamp":"2023-11-09 13:19:08"},{"nodeID":"1316857","text":"Arguing","type":"YA","timestamp":"2023-11-09 13:19:08"},{"nodeID":"1316858","text":"Default Rephrase","type":"MA","timestamp":"2023-11-09 13:19:08"},{"nodeID":"1316859","text":"Restating","type":"YA","timestamp":"2023-11-09 13:19:08"}],"edges":[{"edgeID":"1728398","fromID":"1316682","toID":"1316681","formEdgeID":null},{"edgeID":"1728399","fromID":"1316683","toID":"1316682","formEdgeID":null},{"edgeID":"1728400","fromID":"1316681","toID":"1316684","formEdgeID":null},{"edgeID":"1728401","fromID":"1316684","toID":"1316680","formEdgeID":null},{"edgeID":"1728402","fromID":"1316687","toID":"1316686","formEdgeID":null},{"edgeID":"1728403","fromID":"1316688","toID":"1316687","formEdgeID":null},{"edgeID":"1728404","fromID":"1316686","toID":"1316689","formEdgeID":null},{"edgeID":"1728405","fromID":"1316689","toID":"1316685","formEdgeID":null},{"edgeID":"1728406","fromID":"1316681","toID":"1316690","formEdgeID":null},{"edgeID":"1728407","fromID":"1316690","toID":"1316686","formEdgeID":null},{"edgeID":"1728408","fromID":"1316685","toID":"1316691","formEdgeID":null},{"edgeID":"1728409","fromID":"1316691","toID":"1316680","formEdgeID":null},{"edgeID":"1728410","fromID":"1316690","toID":"1316692","formEdgeID":null},{"edgeID":"1728411","fromID":"1316692","toID":"1316691","formEdgeID":null},{"edgeID":"1728412","fromID":"1316695","toID":"1316694","formEdgeID":null},{"edgeID":"1728413","fromID":"1316696","toID":"1316695","formEdgeID":null},{"edgeID":"1728414","fromID":"1316694","toID":"1316697","formEdgeID":null},{"edgeID":"1728415","fromID":"1316697","toID":"1316693","formEdgeID":null},{"edgeID":"1728416","fromID":"1316686","toID":"1316698","formEdgeID":null},{"edgeID":"1728417","fromID":"1316698","toID":"1316694","formEdgeID":null},{"edgeID":"1728418","fromID":"1316701","toID":"1316700","formEdgeID":null},{"edgeID":"1728419","fromID":"1316702","toID":"1316701","formEdgeID":null},{"edgeID":"1728420","fromID":"1316700","toID":"1316703","formEdgeID":null},{"edgeID":"1728421","fromID":"1316703","toID":"1316699","formEdgeID":null},{"edgeID":"1728422","fromID":"1316694","toID":"1316704","formEdgeID":null},{"edgeID":"1728423","fromID":"1316704","toID":"1316700","formEdgeID":null},{"edgeID":"1728424","fromID":"1316707","toID":"1316706","formEdgeID":null},{"edgeID":"1728425","fromID":"1316708","toID":"1316707","formEdgeID":null},{"edgeID":"1728426","fromID":"1316706","toID":"1316709","formEdgeID":null},{"edgeID":"1728427","fromID":"1316709","toID":"1316705","formEdgeID":null},{"edgeID":"1728428","fromID":"1316700","toID":"1316710","formEdgeID":null},{"edgeID":"1728429","fromID":"1316710","toID":"1316706","formEdgeID":null},{"edgeID":"1728430","fromID":"1316713","toID":"1316712","formEdgeID":null},{"edgeID":"1728431","fromID":"1316714","toID":"1316713","formEdgeID":null},{"edgeID":"1728432","fromID":"1316712","toID":"1316715","formEdgeID":null},{"edgeID":"1728433","fromID":"1316715","toID":"1316711","formEdgeID":null},{"edgeID":"1728434","fromID":"1316706","toID":"1316716","formEdgeID":null},{"edgeID":"1728435","fromID":"1316716","toID":"1316712","formEdgeID":null},{"edgeID":"1728436","fromID":"1316705","toID":"1316717","formEdgeID":null},{"edgeID":"1728437","fromID":"1316717","toID":"1316699","formEdgeID":null},{"edgeID":"1728438","fromID":"1316711","toID":"1316718","formEdgeID":null},{"edgeID":"1728439","fromID":"1316718","toID":"1316705","formEdgeID":null},{"edgeID":"1728440","fromID":"1316710","toID":"1316719","formEdgeID":null},{"edgeID":"1728441","fromID":"1316719","toID":"1316717","formEdgeID":null},{"edgeID":"1728442","fromID":"1316716","toID":"1316720","formEdgeID":null},{"edgeID":"1728443","fromID":"1316720","toID":"1316718","formEdgeID":null},{"edgeID":"1728444","fromID":"1316723","toID":"1316722","formEdgeID":null},{"edgeID":"1728445","fromID":"1316724","toID":"1316723","formEdgeID":null},{"edgeID":"1728446","fromID":"1316722","toID":"1316725","formEdgeID":null},{"edgeID":"1728447","fromID":"1316725","toID":"1316721","formEdgeID":null},{"edgeID":"1728448","fromID":"1316712","toID":"1316726","formEdgeID":null},{"edgeID":"1728449","fromID":"1316726","toID":"1316722","formEdgeID":null},{"edgeID":"1728450","fromID":"1316721","toID":"1316727","formEdgeID":null},{"edgeID":"1728451","fromID":"1316727","toID":"1316711","formEdgeID":null},{"edgeID":"1728452","fromID":"1316726","toID":"1316728","formEdgeID":null},{"edgeID":"1728453","fromID":"1316728","toID":"1316727","formEdgeID":null},{"edgeID":"1728454","fromID":"1316731","toID":"1316730","formEdgeID":null},{"edgeID":"1728455","fromID":"1316732","toID":"1316731","formEdgeID":null},{"edgeID":"1728456","fromID":"1316730","toID":"1316733","formEdgeID":null},{"edgeID":"1728457","fromID":"1316733","toID":"1316729","formEdgeID":null},{"edgeID":"1728458","fromID":"1316722","toID":"1316734","formEdgeID":null},{"edgeID":"1728459","fromID":"1316734","toID":"1316730","formEdgeID":null},{"edgeID":"1728460","fromID":"1316729","toID":"1316735","formEdgeID":null},{"edgeID":"1728461","fromID":"1316735","toID":"1316721","formEdgeID":null},{"edgeID":"1728462","fromID":"1316734","toID":"1316736","formEdgeID":null},{"edgeID":"1728463","fromID":"1316736","toID":"1316735","formEdgeID":null},{"edgeID":"1728464","fromID":"1316739","toID":"1316738","formEdgeID":null},{"edgeID":"1728465","fromID":"1316740","toID":"1316739","formEdgeID":null},{"edgeID":"1728466","fromID":"1316738","toID":"1316741","formEdgeID":null},{"edgeID":"1728467","fromID":"1316741","toID":"1316737","formEdgeID":null},{"edgeID":"1728468","fromID":"1316730","toID":"1316742","formEdgeID":null},{"edgeID":"1728469","fromID":"1316742","toID":"1316738","formEdgeID":null},{"edgeID":"1728470","fromID":"1316745","toID":"1316744","formEdgeID":null},{"edgeID":"1728471","fromID":"1316746","toID":"1316745","formEdgeID":null},{"edgeID":"1728472","fromID":"1316744","toID":"1316747","formEdgeID":null},{"edgeID":"1728473","fromID":"1316747","toID":"1316743","formEdgeID":null},{"edgeID":"1728474","fromID":"1316738","toID":"1316748","formEdgeID":null},{"edgeID":"1728475","fromID":"1316748","toID":"1316744","formEdgeID":null},{"edgeID":"1728476","fromID":"1316751","toID":"1316750","formEdgeID":null},{"edgeID":"1728477","fromID":"1316752","toID":"1316751","formEdgeID":null},{"edgeID":"1728478","fromID":"1316750","toID":"1316753","formEdgeID":null},{"edgeID":"1728479","fromID":"1316753","toID":"1316749","formEdgeID":null},{"edgeID":"1728480","fromID":"1316744","toID":"1316754","formEdgeID":null},{"edgeID":"1728481","fromID":"1316754","toID":"1316750","formEdgeID":null},{"edgeID":"1728482","fromID":"1316757","toID":"1316756","formEdgeID":null},{"edgeID":"1728483","fromID":"1316758","toID":"1316757","formEdgeID":null},{"edgeID":"1728484","fromID":"1316756","toID":"1316759","formEdgeID":null},{"edgeID":"1728485","fromID":"1316759","toID":"1316755","formEdgeID":null},{"edgeID":"1728486","fromID":"1316750","toID":"1316760","formEdgeID":null},{"edgeID":"1728487","fromID":"1316760","toID":"1316756","formEdgeID":null},{"edgeID":"1728488","fromID":"1316743","toID":"1316761","formEdgeID":null},{"edgeID":"1728489","fromID":"1316761","toID":"1316737","formEdgeID":null},{"edgeID":"1728490","fromID":"1316748","toID":"1316762","formEdgeID":null},{"edgeID":"1728491","fromID":"1316762","toID":"1316761","formEdgeID":null},{"edgeID":"1728492","fromID":"1316749","toID":"1316763","formEdgeID":null},{"edgeID":"1728493","fromID":"1316763","toID":"1316743","formEdgeID":null},{"edgeID":"1728494","fromID":"1316754","toID":"1316764","formEdgeID":null},{"edgeID":"1728495","fromID":"1316764","toID":"1316763","formEdgeID":null},{"edgeID":"1728496","fromID":"1316755","toID":"1316765","formEdgeID":null},{"edgeID":"1728497","fromID":"1316765","toID":"1316749","formEdgeID":null},{"edgeID":"1728498","fromID":"1316760","toID":"1316766","formEdgeID":null},{"edgeID":"1728499","fromID":"1316766","toID":"1316765","formEdgeID":null},{"edgeID":"1728500","fromID":"1316769","toID":"1316768","formEdgeID":null},{"edgeID":"1728501","fromID":"1316770","toID":"1316769","formEdgeID":null},{"edgeID":"1728502","fromID":"1316768","toID":"1316771","formEdgeID":null},{"edgeID":"1728503","fromID":"1316771","toID":"1316767","formEdgeID":null},{"edgeID":"1728504","fromID":"1316756","toID":"1316772","formEdgeID":null},{"edgeID":"1728505","fromID":"1316772","toID":"1316768","formEdgeID":null},{"edgeID":"1728506","fromID":"1316775","toID":"1316774","formEdgeID":null},{"edgeID":"1728507","fromID":"1316776","toID":"1316775","formEdgeID":null},{"edgeID":"1728508","fromID":"1316774","toID":"1316777","formEdgeID":null},{"edgeID":"1728509","fromID":"1316777","toID":"1316773","formEdgeID":null},{"edgeID":"1728510","fromID":"1316768","toID":"1316778","formEdgeID":null},{"edgeID":"1728511","fromID":"1316778","toID":"1316774","formEdgeID":null},{"edgeID":"1728512","fromID":"1316767","toID":"1316779","formEdgeID":null},{"edgeID":"1728513","fromID":"1316779","toID":"1316773","formEdgeID":null},{"edgeID":"1728514","fromID":"1316782","toID":"1316781","formEdgeID":null},{"edgeID":"1728515","fromID":"1316783","toID":"1316782","formEdgeID":null},{"edgeID":"1728516","fromID":"1316781","toID":"1316784","formEdgeID":null},{"edgeID":"1728517","fromID":"1316784","toID":"1316780","formEdgeID":null},{"edgeID":"1728518","fromID":"1316774","toID":"1316785","formEdgeID":null},{"edgeID":"1728519","fromID":"1316785","toID":"1316781","formEdgeID":null},{"edgeID":"1728520","fromID":"1316780","toID":"1316786","formEdgeID":null},{"edgeID":"1728521","fromID":"1316786","toID":"1316773","formEdgeID":null},{"edgeID":"1728522","fromID":"1316785","toID":"1316787","formEdgeID":null},{"edgeID":"1728523","fromID":"1316787","toID":"1316786","formEdgeID":null},{"edgeID":"1728524","fromID":"1316789","toID":"1316679","formEdgeID":null},{"edgeID":"1728525","fromID":"1316790","toID":"1316789","formEdgeID":null},{"edgeID":"1728526","fromID":"1316679","toID":"1316791","formEdgeID":null},{"edgeID":"1728527","fromID":"1316791","toID":"1316788","formEdgeID":null},{"edgeID":"1728528","fromID":"1316788","toID":"1316792","formEdgeID":null},{"edgeID":"1728529","fromID":"1316792","toID":"1316755","formEdgeID":null},{"edgeID":"1728530","fromID":"1316756","toID":"1316793","formEdgeID":null},{"edgeID":"1728531","fromID":"1316793","toID":"1316679","formEdgeID":null},{"edgeID":"1728532","fromID":"1316793","toID":"1316794","formEdgeID":null},{"edgeID":"1728533","fromID":"1316794","toID":"1316792","formEdgeID":null},{"edgeID":"1728534","fromID":"1316797","toID":"1316796","formEdgeID":null},{"edgeID":"1728535","fromID":"1316798","toID":"1316797","formEdgeID":null},{"edgeID":"1728536","fromID":"1316796","toID":"1316799","formEdgeID":null},{"edgeID":"1728537","fromID":"1316799","toID":"1316795","formEdgeID":null},{"edgeID":"1728538","fromID":"1316679","toID":"1316800","formEdgeID":null},{"edgeID":"1728539","fromID":"1316800","toID":"1316796","formEdgeID":null},{"edgeID":"1728540","fromID":"1316803","toID":"1316802","formEdgeID":null},{"edgeID":"1728541","fromID":"1316804","toID":"1316803","formEdgeID":null},{"edgeID":"1728542","fromID":"1316802","toID":"1316805","formEdgeID":null},{"edgeID":"1728543","fromID":"1316805","toID":"1316801","formEdgeID":null},{"edgeID":"1728544","fromID":"1316796","toID":"1316806","formEdgeID":null},{"edgeID":"1728545","fromID":"1316806","toID":"1316802","formEdgeID":null},{"edgeID":"1728546","fromID":"1316801","toID":"1316807","formEdgeID":null},{"edgeID":"1728547","fromID":"1316807","toID":"1316795","formEdgeID":null},{"edgeID":"1728548","fromID":"1316806","toID":"1316808","formEdgeID":null},{"edgeID":"1728549","fromID":"1316808","toID":"1316807","formEdgeID":null},{"edgeID":"1728550","fromID":"1316811","toID":"1316810","formEdgeID":null},{"edgeID":"1728551","fromID":"1316812","toID":"1316811","formEdgeID":null},{"edgeID":"1728552","fromID":"1316810","toID":"1316813","formEdgeID":null},{"edgeID":"1728553","fromID":"1316813","toID":"1316809","formEdgeID":null},{"edgeID":"1728554","fromID":"1316802","toID":"1316814","formEdgeID":null},{"edgeID":"1728555","fromID":"1316814","toID":"1316810","formEdgeID":null},{"edgeID":"1728556","fromID":"1316809","toID":"1316815","formEdgeID":null},{"edgeID":"1728557","fromID":"1316815","toID":"1316801","formEdgeID":null},{"edgeID":"1728558","fromID":"1316814","toID":"1316816","formEdgeID":null},{"edgeID":"1728559","fromID":"1316816","toID":"1316815","formEdgeID":null},{"edgeID":"1728560","fromID":"1316819","toID":"1316818","formEdgeID":null},{"edgeID":"1728561","fromID":"1316820","toID":"1316819","formEdgeID":null},{"edgeID":"1728562","fromID":"1316818","toID":"1316821","formEdgeID":null},{"edgeID":"1728563","fromID":"1316821","toID":"1316817","formEdgeID":null},{"edgeID":"1728564","fromID":"1316810","toID":"1316822","formEdgeID":null},{"edgeID":"1728565","fromID":"1316822","toID":"1316818","formEdgeID":null},{"edgeID":"1728566","fromID":"1316809","toID":"1316823","formEdgeID":null},{"edgeID":"1728567","fromID":"1316823","toID":"1316817","formEdgeID":null},{"edgeID":"1728568","fromID":"1316822","toID":"1316824","formEdgeID":null},{"edgeID":"1728569","fromID":"1316824","toID":"1316823","formEdgeID":null},{"edgeID":"1728570","fromID":"1316827","toID":"1316826","formEdgeID":null},{"edgeID":"1728571","fromID":"1316828","toID":"1316827","formEdgeID":null},{"edgeID":"1728572","fromID":"1316826","toID":"1316829","formEdgeID":null},{"edgeID":"1728573","fromID":"1316829","toID":"1316825","formEdgeID":null},{"edgeID":"1728574","fromID":"1316818","toID":"1316830","formEdgeID":null},{"edgeID":"1728575","fromID":"1316830","toID":"1316826","formEdgeID":null},{"edgeID":"1728576","fromID":"1316825","toID":"1316831","formEdgeID":null},{"edgeID":"1728577","fromID":"1316831","toID":"1316817","formEdgeID":null},{"edgeID":"1728578","fromID":"1316830","toID":"1316832","formEdgeID":null},{"edgeID":"1728579","fromID":"1316832","toID":"1316831","formEdgeID":null},{"edgeID":"1728580","fromID":"1316835","toID":"1316834","formEdgeID":null},{"edgeID":"1728581","fromID":"1316836","toID":"1316835","formEdgeID":null},{"edgeID":"1728582","fromID":"1316834","toID":"1316837","formEdgeID":null},{"edgeID":"1728583","fromID":"1316837","toID":"1316833","formEdgeID":null},{"edgeID":"1728584","fromID":"1316833","toID":"1316838","formEdgeID":null},{"edgeID":"1728585","fromID":"1316838","toID":"1316817","formEdgeID":null},{"edgeID":"1728586","fromID":"1316818","toID":"1316839","formEdgeID":null},{"edgeID":"1728587","fromID":"1316839","toID":"1316834","formEdgeID":null},{"edgeID":"1728588","fromID":"1316839","toID":"1316840","formEdgeID":null},{"edgeID":"1728589","fromID":"1316840","toID":"1316838","formEdgeID":null},{"edgeID":"1728590","fromID":"1316843","toID":"1316842","formEdgeID":null},{"edgeID":"1728591","fromID":"1316844","toID":"1316843","formEdgeID":null},{"edgeID":"1728592","fromID":"1316842","toID":"1316845","formEdgeID":null},{"edgeID":"1728593","fromID":"1316845","toID":"1316841","formEdgeID":null},{"edgeID":"1728594","fromID":"1316834","toID":"1316846","formEdgeID":null},{"edgeID":"1728595","fromID":"1316846","toID":"1316842","formEdgeID":null},{"edgeID":"1728596","fromID":"1316849","toID":"1316848","formEdgeID":null},{"edgeID":"1728597","fromID":"1316850","toID":"1316849","formEdgeID":null},{"edgeID":"1728598","fromID":"1316848","toID":"1316851","formEdgeID":null},{"edgeID":"1728599","fromID":"1316851","toID":"1316847","formEdgeID":null},{"edgeID":"1728600","fromID":"1316847","toID":"1316852","formEdgeID":null},{"edgeID":"1728601","fromID":"1316852","toID":"1316788","formEdgeID":null},{"edgeID":"1728602","fromID":"1316679","toID":"1316853","formEdgeID":null},{"edgeID":"1728603","fromID":"1316853","toID":"1316848","formEdgeID":null},{"edgeID":"1728604","fromID":"1316853","toID":"1316854","formEdgeID":null},{"edgeID":"1728605","fromID":"1316854","toID":"1316852","formEdgeID":null},{"edgeID":"1728606","fromID":"1316841","toID":"1316855","formEdgeID":null},{"edgeID":"1728607","fromID":"1316855","toID":"1316847","formEdgeID":null},{"edgeID":"1728608","fromID":"1316842","toID":"1316856","formEdgeID":null},{"edgeID":"1728609","fromID":"1316856","toID":"1316848","formEdgeID":null},{"edgeID":"1728610","fromID":"1316856","toID":"1316857","formEdgeID":null},{"edgeID":"1728611","fromID":"1316857","toID":"1316855","formEdgeID":null},{"edgeID":"1728612","fromID":"1316699","toID":"1316858","formEdgeID":null},{"edgeID":"1728613","fromID":"1316858","toID":"1316693","formEdgeID":null},{"edgeID":"1728614","fromID":"1316859","toID":"1316858","formEdgeID":null},{"edgeID":"1728615","fromID":"1316704","toID":"1316859","formEdgeID":null}],"locutions":[]}