{"nodes":[{"nodeID":"1316994","text":"the government's scheme is more generous than the suggestion by Peter Kyle and others to recover money from fraud and use it to help people","type":"I","timestamp":"2023-11-09 13:19:22"},{"nodeID":"1316995","text":"Fiona Bruce: Their scheme is more generous than what you were suggesting","type":"L","timestamp":"2023-11-09 13:19:22"},{"nodeID":"1316996","text":"Analysing","type":"YA","timestamp":"2023-11-09 13:19:22"},{"nodeID":"1316997","text":"Anon: Fiona Bruce: Their scheme is more generous than what you were suggesting","type":"L","timestamp":"2023-11-09 13:19:22"},{"nodeID":"1316998","text":"Asserting","type":"YA","timestamp":"2023-11-09 13:19:22"},{"nodeID":"1316999","text":"we suggested our scheme five months ago","type":"I","timestamp":"2023-11-09 13:19:23"},{"nodeID":"1317000","text":"Peter Kyle: We suggested it five months ago","type":"L","timestamp":"2023-11-09 13:19:23"},{"nodeID":"1317001","text":"Analysing","type":"YA","timestamp":"2023-11-09 13:19:23"},{"nodeID":"1317002","text":"Anon: Peter Kyle: We suggested it five months ago","type":"L","timestamp":"2023-11-09 13:19:23"},{"nodeID":"1317003","text":"Asserting","type":"YA","timestamp":"2023-11-09 13:19:23"},{"nodeID":"1317004","text":"Default Transition","type":"TA","timestamp":"2023-11-09 13:19:23"},{"nodeID":"1317005","text":"we could have done our suggestion","type":"I","timestamp":"2023-11-09 13:19:23"},{"nodeID":"1317006","text":"Peter Kyle: we done it","type":"L","timestamp":"2023-11-09 13:19:23"},{"nodeID":"1317007","text":"Analysing","type":"YA","timestamp":"2023-11-09 13:19:23"},{"nodeID":"1317008","text":"Anon: Peter Kyle: we done it","type":"L","timestamp":"2023-11-09 13:19:23"},{"nodeID":"1317009","text":"Asserting","type":"YA","timestamp":"2023-11-09 13:19:23"},{"nodeID":"1317010","text":"we wouldn't have got to this point","type":"I","timestamp":"2023-11-09 13:19:24"},{"nodeID":"1317011","text":"Peter Kyle: we wouldn't have got to this point","type":"L","timestamp":"2023-11-09 13:19:24"},{"nodeID":"1317012","text":"Analysing","type":"YA","timestamp":"2023-11-09 13:19:24"},{"nodeID":"1317013","text":"Anon: Peter Kyle: we wouldn't have got to this point","type":"L","timestamp":"2023-11-09 13:19:24"},{"nodeID":"1317014","text":"Asserting","type":"YA","timestamp":"2023-11-09 13:19:24"},{"nodeID":"1317015","text":"Default Transition","type":"TA","timestamp":"2023-11-09 13:19:24"},{"nodeID":"1317016","text":"Default Inference","type":"RA","timestamp":"2023-11-09 13:19:24"},{"nodeID":"1317017","text":"Default Transition","type":"TA","timestamp":"2023-11-09 13:19:24"},{"nodeID":"1317018","text":"Arguing","type":"YA","timestamp":"2023-11-09 13:19:24"},{"nodeID":"1317019","text":"Default Inference","type":"RA","timestamp":"2023-11-09 13:19:24"},{"nodeID":"1317020","text":"Arguing","type":"YA","timestamp":"2023-11-09 13:19:24"},{"nodeID":"1317021","text":"one shouldn't ask for credit for Boris Johnson through the pandemic when we now know what he was doing","type":"I","timestamp":"2023-11-09 13:19:25"},{"nodeID":"1317022","text":"Peter Kyle: Don't ask for credit for Boris Johnson through the pandemic when we now know what he was doing","type":"L","timestamp":"2023-11-09 13:19:25"},{"nodeID":"1317023","text":"Analysing","type":"YA","timestamp":"2023-11-09 13:19:25"},{"nodeID":"1317024","text":"Anon: Peter Kyle: Don't ask for credit for Boris Johnson through the pandemic when we now know what he was doing","type":"L","timestamp":"2023-11-09 13:19:25"},{"nodeID":"1317025","text":"Asserting","type":"YA","timestamp":"2023-11-09 13:19:25"},{"nodeID":"1317026","text":"the culture of Boris Johnson and others is that there were people throwing wine up the walls","type":"I","timestamp":"2023-11-09 13:19:25"},{"nodeID":"1317027","text":"Peter Kyle: The culture: there were people throwing wine up the walls","type":"L","timestamp":"2023-11-09 13:19:25"},{"nodeID":"1317028","text":"Analysing","type":"YA","timestamp":"2023-11-09 13:19:25"},{"nodeID":"1317029","text":"Anon: Peter Kyle: The culture: there were people throwing wine up the walls","type":"L","timestamp":"2023-11-09 13:19:25"},{"nodeID":"1317030","text":"Asserting","type":"YA","timestamp":"2023-11-09 13:19:25"},{"nodeID":"1317031","text":"there was sick and vomit in No 10 Downing Street","type":"I","timestamp":"2023-11-09 13:19:26"},{"nodeID":"1317032","text":"Peter Kyle: Sick and vomit in No 10 Downing Street","type":"L","timestamp":"2023-11-09 13:19:26"},{"nodeID":"1317033","text":"Analysing","type":"YA","timestamp":"2023-11-09 13:19:26"},{"nodeID":"1317034","text":"Anon: Peter Kyle: Sick and vomit in No 10 Downing Street","type":"L","timestamp":"2023-11-09 13:19:26"},{"nodeID":"1317035","text":"Asserting","type":"YA","timestamp":"2023-11-09 13:19:26"},{"nodeID":"1317036","text":"Default Rephrase","type":"MA","timestamp":"2023-11-09 13:19:26"},{"nodeID":"1317037","text":"Default Transition","type":"TA","timestamp":"2023-11-09 13:19:26"},{"nodeID":"1317038","text":"Restating","type":"YA","timestamp":"2023-11-09 13:19:26"},{"nodeID":"1317039","text":"all Robert Buckland is seeking to do is get some balance here","type":"I","timestamp":"2023-11-09 13:19:26"},{"nodeID":"1317040","text":"Robert Buckland: All I'm seeking to do is get some balance here","type":"L","timestamp":"2023-11-09 13:19:26"},{"nodeID":"1317041","text":"Analysing","type":"YA","timestamp":"2023-11-09 13:19:26"},{"nodeID":"1317042","text":"Anon: Robert Buckland: All I'm seeking to do is get some balance here","type":"L","timestamp":"2023-11-09 13:19:26"},{"nodeID":"1317043","text":"Asserting","type":"YA","timestamp":"2023-11-09 13:19:26"},{"nodeID":"1317044","text":"Peter Kyle ignores the point that the government have already announced \u00a322 billion of intervention into the economy to help","type":"I","timestamp":"2023-11-09 13:19:27"},{"nodeID":"1317045","text":"Robert Buckland: you ignore the point that the government have already announced \u00a322 billion of intervention into the economy to help","type":"L","timestamp":"2023-11-09 13:19:27"},{"nodeID":"1317046","text":"Analysing","type":"YA","timestamp":"2023-11-09 13:19:27"},{"nodeID":"1317047","text":"Anon: Robert Buckland: you ignore the point that the government have already announced \u00a322 billion of intervention into the economy to help","type":"L","timestamp":"2023-11-09 13:19:27"},{"nodeID":"1317048","text":"Asserting","type":"YA","timestamp":"2023-11-09 13:19:27"},{"nodeID":"1317049","text":"most of the \u00a322 billion of intervention into the economy was of the national insurance compensation","type":"I","timestamp":"2023-11-09 13:19:28"},{"nodeID":"1317050","text":"Peter Kyle: Most of that of the national insurance compensation","type":"L","timestamp":"2023-11-09 13:19:28"},{"nodeID":"1317051","text":"Analysing","type":"YA","timestamp":"2023-11-09 13:19:28"},{"nodeID":"1317052","text":"Anon: Peter Kyle: Most of that of the national insurance compensation","type":"L","timestamp":"2023-11-09 13:19:28"},{"nodeID":"1317053","text":"Asserting","type":"YA","timestamp":"2023-11-09 13:19:28"},{"nodeID":"1317054","text":"Default Conflict","type":"CA","timestamp":"2023-11-09 13:19:28"},{"nodeID":"1317055","text":"Default Transition","type":"TA","timestamp":"2023-11-09 13:19:28"},{"nodeID":"1317056","text":"Disagreeing","type":"YA","timestamp":"2023-11-09 13:19:28"},{"nodeID":"1317057","text":"most of the \u00a322 billion of intervention was to compensate for the tax rises","type":"I","timestamp":"2023-11-09 13:19:28"},{"nodeID":"1317058","text":"Peter Kyle: Most of that was to compensate for the tax rises","type":"L","timestamp":"2023-11-09 13:19:28"},{"nodeID":"1317059","text":"Analysing","type":"YA","timestamp":"2023-11-09 13:19:28"},{"nodeID":"1317060","text":"Anon: Peter Kyle: Most of that was to compensate for the tax rises","type":"L","timestamp":"2023-11-09 13:19:28"},{"nodeID":"1317061","text":"Asserting","type":"YA","timestamp":"2023-11-09 13:19:28"},{"nodeID":"1317062","text":"Default Rephrase","type":"MA","timestamp":"2023-11-09 13:19:28"},{"nodeID":"1317063","text":"Default Transition","type":"TA","timestamp":"2023-11-09 13:19:28"},{"nodeID":"1317064","text":"Restating","type":"YA","timestamp":"2023-11-09 13:19:28"},{"nodeID":"1317065","text":"loads of people are going to benefit from a national insurance tax cut in July","type":"I","timestamp":"2023-11-09 13:19:29"},{"nodeID":"1317066","text":"Robert Buckland: Loads of people are going to benefit from a national insurance tax cut in July","type":"L","timestamp":"2023-11-09 13:19:29"},{"nodeID":"1317067","text":"Analysing","type":"YA","timestamp":"2023-11-09 13:19:29"},{"nodeID":"1317068","text":"Anon: Robert Buckland: Loads of people are going to benefit from a national insurance tax cut in July","type":"L","timestamp":"2023-11-09 13:19:29"},{"nodeID":"1317069","text":"Asserting","type":"YA","timestamp":"2023-11-09 13:19:29"},{"nodeID":"1317070","text":"something that made the national insurance tax cut necessary was put up by the Tories","type":"I","timestamp":"2023-11-09 13:19:29"},{"nodeID":"1317071","text":"Peter Kyle: Which you put up!","type":"L","timestamp":"2023-11-09 13:19:29"},{"nodeID":"1317072","text":"Analysing","type":"YA","timestamp":"2023-11-09 13:19:29"},{"nodeID":"1317073","text":"Anon: Peter Kyle: Which you put up!","type":"L","timestamp":"2023-11-09 13:19:29"},{"nodeID":"1317074","text":"Asserting","type":"YA","timestamp":"2023-11-09 13:19:29"},{"nodeID":"1317075","text":"the national insurance tax cut in July was not something that was thought out of the air","type":"I","timestamp":"2023-11-09 13:19:30"},{"nodeID":"1317076","text":"Robert Buckland: It was not something that was thought out of the air","type":"L","timestamp":"2023-11-09 13:19:30"},{"nodeID":"1317077","text":"Analysing","type":"YA","timestamp":"2023-11-09 13:19:30"},{"nodeID":"1317078","text":"Anon: Robert Buckland: It was not something that was thought out of the air","type":"L","timestamp":"2023-11-09 13:19:30"},{"nodeID":"1317079","text":"Asserting","type":"YA","timestamp":"2023-11-09 13:19:30"},{"nodeID":"1317080","text":"the national insurance tax cut in July is another stage of a direct intervention that the Chancellor has made again","type":"I","timestamp":"2023-11-09 13:19:31"},{"nodeID":"1317081","text":"Robert Buckland: This is another stage of a direct intervention that the Chancellor has made again","type":"L","timestamp":"2023-11-09 13:19:31"},{"nodeID":"1317082","text":"Analysing","type":"YA","timestamp":"2023-11-09 13:19:31"},{"nodeID":"1317083","text":"Anon: Robert Buckland: This is another stage of a direct intervention that the Chancellor has made again","type":"L","timestamp":"2023-11-09 13:19:31"},{"nodeID":"1317084","text":"Asserting","type":"YA","timestamp":"2023-11-09 13:19:31"},{"nodeID":"1317085","text":"Robert Buckland cannot get away with saying the national insurance is a tax cut","type":"I","timestamp":"2023-11-09 13:19:31"},{"nodeID":"1317086","text":"Peter Kyle: You cannot get away with saying the national insurance is a tax cut","type":"L","timestamp":"2023-11-09 13:19:31"},{"nodeID":"1317087","text":"Analysing","type":"YA","timestamp":"2023-11-09 13:19:31"},{"nodeID":"1317088","text":"Anon: Peter Kyle: You cannot get away with saying the national insurance is a tax cut","type":"L","timestamp":"2023-11-09 13:19:31"},{"nodeID":"1317089","text":"Asserting","type":"YA","timestamp":"2023-11-09 13:19:31"},{"nodeID":"1317090","text":"with national insurance compensation Robert Buckland is reducing what he put up six months ago","type":"I","timestamp":"2023-11-09 13:19:32"},{"nodeID":"1317091","text":"Peter Kyle: you're reducing what you put up six months ago","type":"L","timestamp":"2023-11-09 13:19:32"},{"nodeID":"1317092","text":"Analysing","type":"YA","timestamp":"2023-11-09 13:19:32"},{"nodeID":"1317093","text":"Anon: Peter Kyle: you're reducing what you put up six months ago","type":"L","timestamp":"2023-11-09 13:19:32"},{"nodeID":"1317094","text":"Asserting","type":"YA","timestamp":"2023-11-09 13:19:32"},{"nodeID":"1317095","text":"Default Inference","type":"RA","timestamp":"2023-11-09 13:19:32"},{"nodeID":"1317096","text":"Default Transition","type":"TA","timestamp":"2023-11-09 13:19:32"},{"nodeID":"1317097","text":"Arguing","type":"YA","timestamp":"2023-11-09 13:19:32"},{"nodeID":"1317098","text":"Robert Buckland has already put up the national insurance","type":"I","timestamp":"2023-11-09 13:19:32"},{"nodeID":"1317099","text":"Peter Kyle: You've already put it up","type":"L","timestamp":"2023-11-09 13:19:32"},{"nodeID":"1317100","text":"Analysing","type":"YA","timestamp":"2023-11-09 13:19:32"},{"nodeID":"1317101","text":"Anon: Peter Kyle: You've already put it up","type":"L","timestamp":"2023-11-09 13:19:32"},{"nodeID":"1317102","text":"Asserting","type":"YA","timestamp":"2023-11-09 13:19:32"},{"nodeID":"1317103","text":"Default Rephrase","type":"MA","timestamp":"2023-11-09 13:19:32"},{"nodeID":"1317104","text":"Default Transition","type":"TA","timestamp":"2023-11-09 13:19:32"},{"nodeID":"1317105","text":"Restating","type":"YA","timestamp":"2023-11-09 13:19:32"},{"nodeID":"1317106","text":"rather acting in time, rather than accusing the audience of being cynical, it is absolutely extraordinary that Robert Buckland doesn't see the cynicism in today's announcements","type":"I","timestamp":"2023-11-09 13:19:33"},{"nodeID":"1317107","text":"Peter Kyle: rather acting in time, rather than accusing the audience of being cynical, it is absolutely extraordinary that you don't see the cynicism in today's announcements","type":"L","timestamp":"2023-11-09 13:19:33"},{"nodeID":"1317108","text":"Analysing","type":"YA","timestamp":"2023-11-09 13:19:33"},{"nodeID":"1317109","text":"Anon: Peter Kyle: rather acting in time, rather than accusing the audience of being cynical, it is absolutely extraordinary that you don't see the cynicism in today's announcements","type":"L","timestamp":"2023-11-09 13:19:33"},{"nodeID":"1317110","text":"Asserting","type":"YA","timestamp":"2023-11-09 13:19:33"},{"nodeID":"1317111","text":"right now is straight after a day when Boris Johnson was dragged to his knees","type":"I","timestamp":"2023-11-09 13:19:34"},{"nodeID":"1317112","text":"Peter Kyle: straight after a day when Boris Johnson was dragged to his knees","type":"L","timestamp":"2023-11-09 13:19:34"},{"nodeID":"1317113","text":"Analysing","type":"YA","timestamp":"2023-11-09 13:19:34"},{"nodeID":"1317114","text":"Anon: Peter Kyle: straight after a day when Boris Johnson was dragged to his knees","type":"L","timestamp":"2023-11-09 13:19:34"},{"nodeID":"1317115","text":"Asserting","type":"YA","timestamp":"2023-11-09 13:19:34"},{"nodeID":"1317116","text":"Boris Johnson displayed squalid behaviour throughout the pandemic","type":"I","timestamp":"2023-11-09 13:19:34"},{"nodeID":"1317117","text":"Peter Kyle: his squalid behaviour throughout the pandemic","type":"L","timestamp":"2023-11-09 13:19:34"},{"nodeID":"1317118","text":"Analysing","type":"YA","timestamp":"2023-11-09 13:19:34"},{"nodeID":"1317119","text":"Anon: Peter Kyle: his squalid behaviour throughout the pandemic","type":"L","timestamp":"2023-11-09 13:19:34"},{"nodeID":"1317120","text":"Asserting","type":"YA","timestamp":"2023-11-09 13:19:34"},{"nodeID":"1317121","text":"Default Inference","type":"RA","timestamp":"2023-11-09 13:19:34"},{"nodeID":"1317122","text":"Default Transition","type":"TA","timestamp":"2023-11-09 13:19:34"},{"nodeID":"1317123","text":"Arguing","type":"YA","timestamp":"2023-11-09 13:19:34"},{"nodeID":"1317124","text":"Default Inference","type":"RA","timestamp":"2023-11-09 13:19:34"},{"nodeID":"1317125","text":"Default Inference","type":"RA","timestamp":"2023-11-09 13:19:34"},{"nodeID":"1317126","text":"Default Transition","type":"TA","timestamp":"2023-11-09 13:19:34"},{"nodeID":"1317127","text":"Arguing","type":"YA","timestamp":"2023-11-09 13:19:34"},{"nodeID":"1317128","text":"Default Transition","type":"TA","timestamp":"2023-11-09 13:19:34"},{"nodeID":"1317129","text":"Arguing","type":"YA","timestamp":"2023-11-09 13:19:34"},{"nodeID":"1317130","text":"Default Inference","type":"RA","timestamp":"2023-11-09 13:19:34"},{"nodeID":"1317131","text":"Default Rephrase","type":"MA","timestamp":"2023-11-09 13:19:34"},{"nodeID":"1317132","text":"Default Transition","type":"TA","timestamp":"2023-11-09 13:19:34"},{"nodeID":"1317133","text":"Restating","type":"YA","timestamp":"2023-11-09 13:19:34"},{"nodeID":"1317134","text":"Default Transition","type":"TA","timestamp":"2023-11-09 13:19:34"},{"nodeID":"1317135","text":"Arguing","type":"YA","timestamp":"2023-11-09 13:19:34"},{"nodeID":"1317136","text":"Default Conflict","type":"CA","timestamp":"2023-11-09 13:19:34"},{"nodeID":"1317137","text":"Default Transition","type":"TA","timestamp":"2023-11-09 13:19:34"},{"nodeID":"1317138","text":"Disagreeing","type":"YA","timestamp":"2023-11-09 13:19:34"},{"nodeID":"1317139","text":"Default Transition","type":"TA","timestamp":"2023-11-09 13:19:34"},{"nodeID":"1317140","text":"Default Rephrase","type":"MA","timestamp":"2023-11-09 13:19:34"},{"nodeID":"1317141","text":"Restating","type":"YA","timestamp":"2023-11-09 13:19:34"},{"nodeID":"1317142","text":"Default Transition","type":"TA","timestamp":"2023-11-09 13:19:34"},{"nodeID":"1317143","text":"Default Transition","type":"TA","timestamp":"2023-11-09 13:19:34"},{"nodeID":"1317144","text":"Default Rephrase","type":"MA","timestamp":"2023-11-09 13:19:34"},{"nodeID":"1317145","text":"Default Transition","type":"TA","timestamp":"2023-11-09 13:19:34"},{"nodeID":"1317146","text":"Restating","type":"YA","timestamp":"2023-11-09 13:19:34"},{"nodeID":"1317147","text":"Default Transition","type":"TA","timestamp":"2023-11-09 13:19:34"},{"nodeID":"1317148","text":"Default Transition","type":"TA","timestamp":"2023-11-09 13:19:34"},{"nodeID":"1317149","text":"Default Rephrase","type":"MA","timestamp":"2023-11-09 13:19:34"},{"nodeID":"1317150","text":"Default Transition","type":"TA","timestamp":"2023-11-09 13:19:34"},{"nodeID":"1317151","text":"Restating","type":"YA","timestamp":"2023-11-09 13:19:34"}],"edges":[{"edgeID":"1728800","fromID":"1316996","toID":"1316995","formEdgeID":null},{"edgeID":"1728801","fromID":"1316997","toID":"1316996","formEdgeID":null},{"edgeID":"1728802","fromID":"1316995","toID":"1316998","formEdgeID":null},{"edgeID":"1728803","fromID":"1316998","toID":"1316994","formEdgeID":null},{"edgeID":"1728804","fromID":"1317001","toID":"1317000","formEdgeID":null},{"edgeID":"1728805","fromID":"1317002","toID":"1317001","formEdgeID":null},{"edgeID":"1728806","fromID":"1317000","toID":"1317003","formEdgeID":null},{"edgeID":"1728807","fromID":"1317003","toID":"1316999","formEdgeID":null},{"edgeID":"1728808","fromID":"1316995","toID":"1317004","formEdgeID":null},{"edgeID":"1728809","fromID":"1317004","toID":"1317000","formEdgeID":null},{"edgeID":"1728810","fromID":"1317007","toID":"1317006","formEdgeID":null},{"edgeID":"1728811","fromID":"1317008","toID":"1317007","formEdgeID":null},{"edgeID":"1728812","fromID":"1317006","toID":"1317009","formEdgeID":null},{"edgeID":"1728813","fromID":"1317009","toID":"1317005","formEdgeID":null},{"edgeID":"1728814","fromID":"1317012","toID":"1317011","formEdgeID":null},{"edgeID":"1728815","fromID":"1317013","toID":"1317012","formEdgeID":null},{"edgeID":"1728816","fromID":"1317011","toID":"1317014","formEdgeID":null},{"edgeID":"1728817","fromID":"1317014","toID":"1317010","formEdgeID":null},{"edgeID":"1728818","fromID":"1317000","toID":"1317015","formEdgeID":null},{"edgeID":"1728819","fromID":"1317015","toID":"1317006","formEdgeID":null},{"edgeID":"1728820","fromID":"1317005","toID":"1317016","formEdgeID":null},{"edgeID":"1728821","fromID":"1317016","toID":"1317010","formEdgeID":null},{"edgeID":"1728822","fromID":"1317006","toID":"1317017","formEdgeID":null},{"edgeID":"1728823","fromID":"1317017","toID":"1317011","formEdgeID":null},{"edgeID":"1728824","fromID":"1317017","toID":"1317018","formEdgeID":null},{"edgeID":"1728825","fromID":"1317018","toID":"1317016","formEdgeID":null},{"edgeID":"1728826","fromID":"1316999","toID":"1317019","formEdgeID":null},{"edgeID":"1728827","fromID":"1317019","toID":"1317005","formEdgeID":null},{"edgeID":"1728828","fromID":"1317015","toID":"1317020","formEdgeID":null},{"edgeID":"1728829","fromID":"1317020","toID":"1317019","formEdgeID":null},{"edgeID":"1728830","fromID":"1317023","toID":"1317022","formEdgeID":null},{"edgeID":"1728831","fromID":"1317024","toID":"1317023","formEdgeID":null},{"edgeID":"1728832","fromID":"1317022","toID":"1317025","formEdgeID":null},{"edgeID":"1728833","fromID":"1317025","toID":"1317021","formEdgeID":null},{"edgeID":"1728834","fromID":"1317028","toID":"1317027","formEdgeID":null},{"edgeID":"1728835","fromID":"1317029","toID":"1317028","formEdgeID":null},{"edgeID":"1728836","fromID":"1317027","toID":"1317030","formEdgeID":null},{"edgeID":"1728837","fromID":"1317030","toID":"1317026","formEdgeID":null},{"edgeID":"1728838","fromID":"1317033","toID":"1317032","formEdgeID":null},{"edgeID":"1728839","fromID":"1317034","toID":"1317033","formEdgeID":null},{"edgeID":"1728840","fromID":"1317032","toID":"1317035","formEdgeID":null},{"edgeID":"1728841","fromID":"1317035","toID":"1317031","formEdgeID":null},{"edgeID":"1728842","fromID":"1317031","toID":"1317036","formEdgeID":null},{"edgeID":"1728843","fromID":"1317036","toID":"1317026","formEdgeID":null},{"edgeID":"1728844","fromID":"1317027","toID":"1317037","formEdgeID":null},{"edgeID":"1728845","fromID":"1317037","toID":"1317032","formEdgeID":null},{"edgeID":"1728846","fromID":"1317037","toID":"1317038","formEdgeID":null},{"edgeID":"1728847","fromID":"1317038","toID":"1317036","formEdgeID":null},{"edgeID":"1728848","fromID":"1317041","toID":"1317040","formEdgeID":null},{"edgeID":"1728849","fromID":"1317042","toID":"1317041","formEdgeID":null},{"edgeID":"1728850","fromID":"1317040","toID":"1317043","formEdgeID":null},{"edgeID":"1728851","fromID":"1317043","toID":"1317039","formEdgeID":null},{"edgeID":"1728852","fromID":"1317046","toID":"1317045","formEdgeID":null},{"edgeID":"1728853","fromID":"1317047","toID":"1317046","formEdgeID":null},{"edgeID":"1728854","fromID":"1317045","toID":"1317048","formEdgeID":null},{"edgeID":"1728855","fromID":"1317048","toID":"1317044","formEdgeID":null},{"edgeID":"1728856","fromID":"1317051","toID":"1317050","formEdgeID":null},{"edgeID":"1728857","fromID":"1317052","toID":"1317051","formEdgeID":null},{"edgeID":"1728858","fromID":"1317050","toID":"1317053","formEdgeID":null},{"edgeID":"1728859","fromID":"1317053","toID":"1317049","formEdgeID":null},{"edgeID":"1728860","fromID":"1317049","toID":"1317054","formEdgeID":null},{"edgeID":"1728861","fromID":"1317054","toID":"1317044","formEdgeID":null},{"edgeID":"1728862","fromID":"1317045","toID":"1317055","formEdgeID":null},{"edgeID":"1728863","fromID":"1317055","toID":"1317050","formEdgeID":null},{"edgeID":"1728864","fromID":"1317055","toID":"1317056","formEdgeID":null},{"edgeID":"1728865","fromID":"1317056","toID":"1317054","formEdgeID":null},{"edgeID":"1728866","fromID":"1317059","toID":"1317058","formEdgeID":null},{"edgeID":"1728867","fromID":"1317060","toID":"1317059","formEdgeID":null},{"edgeID":"1728868","fromID":"1317058","toID":"1317061","formEdgeID":null},{"edgeID":"1728869","fromID":"1317061","toID":"1317057","formEdgeID":null},{"edgeID":"1728870","fromID":"1317057","toID":"1317062","formEdgeID":null},{"edgeID":"1728871","fromID":"1317062","toID":"1317049","formEdgeID":null},{"edgeID":"1728872","fromID":"1317050","toID":"1317063","formEdgeID":null},{"edgeID":"1728873","fromID":"1317063","toID":"1317058","formEdgeID":null},{"edgeID":"1728874","fromID":"1317063","toID":"1317064","formEdgeID":null},{"edgeID":"1728875","fromID":"1317064","toID":"1317062","formEdgeID":null},{"edgeID":"1728876","fromID":"1317067","toID":"1317066","formEdgeID":null},{"edgeID":"1728877","fromID":"1317068","toID":"1317067","formEdgeID":null},{"edgeID":"1728878","fromID":"1317066","toID":"1317069","formEdgeID":null},{"edgeID":"1728879","fromID":"1317069","toID":"1317065","formEdgeID":null},{"edgeID":"1728880","fromID":"1317072","toID":"1317071","formEdgeID":null},{"edgeID":"1728881","fromID":"1317073","toID":"1317072","formEdgeID":null},{"edgeID":"1728882","fromID":"1317071","toID":"1317074","formEdgeID":null},{"edgeID":"1728883","fromID":"1317074","toID":"1317070","formEdgeID":null},{"edgeID":"1728884","fromID":"1317077","toID":"1317076","formEdgeID":null},{"edgeID":"1728885","fromID":"1317078","toID":"1317077","formEdgeID":null},{"edgeID":"1728886","fromID":"1317076","toID":"1317079","formEdgeID":null},{"edgeID":"1728887","fromID":"1317079","toID":"1317075","formEdgeID":null},{"edgeID":"1728888","fromID":"1317082","toID":"1317081","formEdgeID":null},{"edgeID":"1728889","fromID":"1317083","toID":"1317082","formEdgeID":null},{"edgeID":"1728890","fromID":"1317081","toID":"1317084","formEdgeID":null},{"edgeID":"1728891","fromID":"1317084","toID":"1317080","formEdgeID":null},{"edgeID":"1728892","fromID":"1317087","toID":"1317086","formEdgeID":null},{"edgeID":"1728893","fromID":"1317088","toID":"1317087","formEdgeID":null},{"edgeID":"1728894","fromID":"1317086","toID":"1317089","formEdgeID":null},{"edgeID":"1728895","fromID":"1317089","toID":"1317085","formEdgeID":null},{"edgeID":"1728896","fromID":"1317092","toID":"1317091","formEdgeID":null},{"edgeID":"1728897","fromID":"1317093","toID":"1317092","formEdgeID":null},{"edgeID":"1728898","fromID":"1317091","toID":"1317094","formEdgeID":null},{"edgeID":"1728899","fromID":"1317094","toID":"1317090","formEdgeID":null},{"edgeID":"1728900","fromID":"1317090","toID":"1317095","formEdgeID":null},{"edgeID":"1728901","fromID":"1317095","toID":"1317085","formEdgeID":null},{"edgeID":"1728902","fromID":"1317086","toID":"1317096","formEdgeID":null},{"edgeID":"1728903","fromID":"1317096","toID":"1317091","formEdgeID":null},{"edgeID":"1728904","fromID":"1317096","toID":"1317097","formEdgeID":null},{"edgeID":"1728905","fromID":"1317097","toID":"1317095","formEdgeID":null},{"edgeID":"1728906","fromID":"1317100","toID":"1317099","formEdgeID":null},{"edgeID":"1728907","fromID":"1317101","toID":"1317100","formEdgeID":null},{"edgeID":"1728908","fromID":"1317099","toID":"1317102","formEdgeID":null},{"edgeID":"1728909","fromID":"1317102","toID":"1317098","formEdgeID":null},{"edgeID":"1728910","fromID":"1317098","toID":"1317103","formEdgeID":null},{"edgeID":"1728911","fromID":"1317103","toID":"1317090","formEdgeID":null},{"edgeID":"1728912","fromID":"1317091","toID":"1317104","formEdgeID":null},{"edgeID":"1728913","fromID":"1317104","toID":"1317099","formEdgeID":null},{"edgeID":"1728914","fromID":"1317104","toID":"1317105","formEdgeID":null},{"edgeID":"1728915","fromID":"1317105","toID":"1317103","formEdgeID":null},{"edgeID":"1728916","fromID":"1317108","toID":"1317107","formEdgeID":null},{"edgeID":"1728917","fromID":"1317109","toID":"1317108","formEdgeID":null},{"edgeID":"1728918","fromID":"1317107","toID":"1317110","formEdgeID":null},{"edgeID":"1728919","fromID":"1317110","toID":"1317106","formEdgeID":null},{"edgeID":"1728920","fromID":"1317113","toID":"1317112","formEdgeID":null},{"edgeID":"1728921","fromID":"1317114","toID":"1317113","formEdgeID":null},{"edgeID":"1728922","fromID":"1317112","toID":"1317115","formEdgeID":null},{"edgeID":"1728923","fromID":"1317115","toID":"1317111","formEdgeID":null},{"edgeID":"1728924","fromID":"1317118","toID":"1317117","formEdgeID":null},{"edgeID":"1728925","fromID":"1317119","toID":"1317118","formEdgeID":null},{"edgeID":"1728926","fromID":"1317117","toID":"1317120","formEdgeID":null},{"edgeID":"1728927","fromID":"1317120","toID":"1317116","formEdgeID":null},{"edgeID":"1728928","fromID":"1317116","toID":"1317121","formEdgeID":null},{"edgeID":"1728929","fromID":"1317121","toID":"1317111","formEdgeID":null},{"edgeID":"1728930","fromID":"1317112","toID":"1317122","formEdgeID":null},{"edgeID":"1728931","fromID":"1317122","toID":"1317117","formEdgeID":null},{"edgeID":"1728932","fromID":"1317122","toID":"1317123","formEdgeID":null},{"edgeID":"1728933","fromID":"1317123","toID":"1317121","formEdgeID":null},{"edgeID":"1728934","fromID":"1317010","toID":"1317124","formEdgeID":null},{"edgeID":"1728935","fromID":"1317124","toID":"1317106","formEdgeID":null},{"edgeID":"1728936","fromID":"1317111","toID":"1317125","formEdgeID":null},{"edgeID":"1728937","fromID":"1317125","toID":"1317106","formEdgeID":null},{"edgeID":"1728938","fromID":"1317107","toID":"1317126","formEdgeID":null},{"edgeID":"1728939","fromID":"1317126","toID":"1317112","formEdgeID":null},{"edgeID":"1728940","fromID":"1317126","toID":"1317127","formEdgeID":null},{"edgeID":"1728941","fromID":"1317127","toID":"1317125","formEdgeID":null},{"edgeID":"1728942","fromID":"1317011","toID":"1317128","formEdgeID":null},{"edgeID":"1728943","fromID":"1317128","toID":"1317107","formEdgeID":null},{"edgeID":"1728944","fromID":"1317128","toID":"1317129","formEdgeID":null},{"edgeID":"1728945","fromID":"1317129","toID":"1317124","formEdgeID":null},{"edgeID":"1728946","fromID":"1317116","toID":"1317130","formEdgeID":null},{"edgeID":"1728947","fromID":"1317130","toID":"1317021","formEdgeID":null},{"edgeID":"1728948","fromID":"1317026","toID":"1317131","formEdgeID":null},{"edgeID":"1728949","fromID":"1317131","toID":"1317116","formEdgeID":null},{"edgeID":"1728950","fromID":"1317117","toID":"1317132","formEdgeID":null},{"edgeID":"1728951","fromID":"1317132","toID":"1317027","formEdgeID":null},{"edgeID":"1728952","fromID":"1317132","toID":"1317133","formEdgeID":null},{"edgeID":"1728953","fromID":"1317133","toID":"1317131","formEdgeID":null},{"edgeID":"1728954","fromID":"1317117","toID":"1317134","formEdgeID":null},{"edgeID":"1728955","fromID":"1317134","toID":"1317022","formEdgeID":null},{"edgeID":"1728956","fromID":"1317134","toID":"1317135","formEdgeID":null},{"edgeID":"1728957","fromID":"1317135","toID":"1317130","formEdgeID":null},{"edgeID":"1728958","fromID":"1317039","toID":"1317136","formEdgeID":null},{"edgeID":"1728959","fromID":"1317136","toID":"1317021","formEdgeID":null},{"edgeID":"1728960","fromID":"1317022","toID":"1317137","formEdgeID":null},{"edgeID":"1728961","fromID":"1317137","toID":"1317040","formEdgeID":null},{"edgeID":"1728962","fromID":"1317137","toID":"1317138","formEdgeID":null},{"edgeID":"1728963","fromID":"1317138","toID":"1317136","formEdgeID":null},{"edgeID":"1728964","fromID":"1317040","toID":"1317139","formEdgeID":null},{"edgeID":"1728965","fromID":"1317139","toID":"1317045","formEdgeID":null},{"edgeID":"1728966","fromID":"1317044","toID":"1317140","formEdgeID":null},{"edgeID":"1728967","fromID":"1317140","toID":"1317039","formEdgeID":null},{"edgeID":"1728968","fromID":"1317139","toID":"1317141","formEdgeID":null},{"edgeID":"1728969","fromID":"1317141","toID":"1317140","formEdgeID":null},{"edgeID":"1728970","fromID":"1317058","toID":"1317142","formEdgeID":null},{"edgeID":"1728971","fromID":"1317142","toID":"1317066","formEdgeID":null},{"edgeID":"1728972","fromID":"1317066","toID":"1317143","formEdgeID":null},{"edgeID":"1728973","fromID":"1317143","toID":"1317071","formEdgeID":null},{"edgeID":"1728974","fromID":"1317080","toID":"1317144","formEdgeID":null},{"edgeID":"1728975","fromID":"1317144","toID":"1317075","formEdgeID":null},{"edgeID":"1728976","fromID":"1317076","toID":"1317145","formEdgeID":null},{"edgeID":"1728977","fromID":"1317145","toID":"1317081","formEdgeID":null},{"edgeID":"1728978","fromID":"1317145","toID":"1317146","formEdgeID":null},{"edgeID":"1728979","fromID":"1317146","toID":"1317144","formEdgeID":null},{"edgeID":"1728980","fromID":"1317071","toID":"1317147","formEdgeID":null},{"edgeID":"1728981","fromID":"1317147","toID":"1317076","formEdgeID":null},{"edgeID":"1728982","fromID":"1317081","toID":"1317148","formEdgeID":null},{"edgeID":"1728983","fromID":"1317148","toID":"1317086","formEdgeID":null},{"edgeID":"1728984","fromID":"1317090","toID":"1317149","formEdgeID":null},{"edgeID":"1728985","fromID":"1317149","toID":"1317070","formEdgeID":null},{"edgeID":"1728986","fromID":"1317076","toID":"1317150","formEdgeID":null},{"edgeID":"1728987","fromID":"1317150","toID":"1317091","formEdgeID":null},{"edgeID":"1728988","fromID":"1317150","toID":"1317151","formEdgeID":null},{"edgeID":"1728989","fromID":"1317151","toID":"1317149","formEdgeID":null}],"locutions":[]}