{"nodes":[{"nodeID":"1318187","text":"Peter Kyle is in the strange position as Labour","type":"I","timestamp":"2023-11-09 13:21:01"},{"nodeID":"1318188","text":"Peter Kyle: I'm in the strange position as Labour","type":"L","timestamp":"2023-11-09 13:21:01"},{"nodeID":"1318189","text":"Analysing","type":"YA","timestamp":"2023-11-09 13:21:01"},{"nodeID":"1318190","text":"Anon: Peter Kyle: I'm in the strange position as Labour","type":"L","timestamp":"2023-11-09 13:21:01"},{"nodeID":"1318191","text":"Asserting","type":"YA","timestamp":"2023-11-09 13:21:01"},{"nodeID":"1318192","text":"we voted against the Protocol","type":"I","timestamp":"2023-11-09 13:21:01"},{"nodeID":"1318193","text":"Peter Kyle: we voted against the Protocol","type":"L","timestamp":"2023-11-09 13:21:01"},{"nodeID":"1318194","text":"Analysing","type":"YA","timestamp":"2023-11-09 13:21:01"},{"nodeID":"1318195","text":"Anon: Peter Kyle: we voted against the Protocol","type":"L","timestamp":"2023-11-09 13:21:01"},{"nodeID":"1318196","text":"Asserting","type":"YA","timestamp":"2023-11-09 13:21:01"},{"nodeID":"1318197","text":"the people couldn't have understood how the Protocol would be implemented","type":"I","timestamp":"2023-11-09 13:21:02"},{"nodeID":"1318198","text":"Peter Kyle: Robert says the people couldn't have understood how it would be implemented","type":"L","timestamp":"2023-11-09 13:21:02"},{"nodeID":"1318199","text":"Analysing","type":"YA","timestamp":"2023-11-09 13:21:02"},{"nodeID":"1318200","text":"Anon: Peter Kyle: Robert says the people couldn't have understood how it would be implemented","type":"L","timestamp":"2023-11-09 13:21:02"},{"nodeID":"1318201","text":"we did understand how the Protocol would be implemented","type":"I","timestamp":"2023-11-09 13:21:03"},{"nodeID":"1318202","text":"Peter Kyle: We did","type":"L","timestamp":"2023-11-09 13:21:03"},{"nodeID":"1318203","text":"Analysing","type":"YA","timestamp":"2023-11-09 13:21:03"},{"nodeID":"1318204","text":"Anon: Peter Kyle: We did","type":"L","timestamp":"2023-11-09 13:21:03"},{"nodeID":"1318205","text":"Asserting","type":"YA","timestamp":"2023-11-09 13:21:03"},{"nodeID":"1318206","text":"we read the Protocol before we voted for it","type":"I","timestamp":"2023-11-09 13:21:03"},{"nodeID":"1318207","text":"Peter Kyle: We read it before we voted for it","type":"L","timestamp":"2023-11-09 13:21:03"},{"nodeID":"1318208","text":"Analysing","type":"YA","timestamp":"2023-11-09 13:21:03"},{"nodeID":"1318209","text":"Anon: Peter Kyle: We read it before we voted for it","type":"L","timestamp":"2023-11-09 13:21:03"},{"nodeID":"1318210","text":"Asserting","type":"YA","timestamp":"2023-11-09 13:21:03"},{"nodeID":"1318211","text":"we saw what the implications would be","type":"I","timestamp":"2023-11-09 13:21:04"},{"nodeID":"1318212","text":"Peter Kyle: We saw what the implications would be","type":"L","timestamp":"2023-11-09 13:21:04"},{"nodeID":"1318213","text":"Analysing","type":"YA","timestamp":"2023-11-09 13:21:04"},{"nodeID":"1318214","text":"Anon: Peter Kyle: We saw what the implications would be","type":"L","timestamp":"2023-11-09 13:21:04"},{"nodeID":"1318215","text":"Asserting","type":"YA","timestamp":"2023-11-09 13:21:04"},{"nodeID":"1318216","text":"we didn't want it to go ahead in that way","type":"I","timestamp":"2023-11-09 13:21:04"},{"nodeID":"1318217","text":"Peter Kyle: we didn't want it to go ahead in that way","type":"L","timestamp":"2023-11-09 13:21:04"},{"nodeID":"1318218","text":"Analysing","type":"YA","timestamp":"2023-11-09 13:21:04"},{"nodeID":"1318219","text":"Anon: Peter Kyle: we didn't want it to go ahead in that way","type":"L","timestamp":"2023-11-09 13:21:04"},{"nodeID":"1318220","text":"Asserting","type":"YA","timestamp":"2023-11-09 13:21:04"},{"nodeID":"1318221","text":"something crucial changed","type":"I","timestamp":"2023-11-09 13:21:05"},{"nodeID":"1318222","text":"Peter Kyle: Something crucial changed","type":"L","timestamp":"2023-11-09 13:21:05"},{"nodeID":"1318223","text":"Analysing","type":"YA","timestamp":"2023-11-09 13:21:05"},{"nodeID":"1318224","text":"Anon: Peter Kyle: Something crucial changed","type":"L","timestamp":"2023-11-09 13:21:05"},{"nodeID":"1318225","text":"Asserting","type":"YA","timestamp":"2023-11-09 13:21:05"},{"nodeID":"1318226","text":"the Protocol was signed into law, international law","type":"I","timestamp":"2023-11-09 13:21:05"},{"nodeID":"1318227","text":"Peter Kyle: It was signed into law, international law","type":"L","timestamp":"2023-11-09 13:21:05"},{"nodeID":"1318228","text":"Analysing","type":"YA","timestamp":"2023-11-09 13:21:05"},{"nodeID":"1318229","text":"Anon: Peter Kyle: It was signed into law, international law","type":"L","timestamp":"2023-11-09 13:21:05"},{"nodeID":"1318230","text":"Asserting","type":"YA","timestamp":"2023-11-09 13:21:05"},{"nodeID":"1318231","text":"now the circumstances have changed","type":"I","timestamp":"2023-11-09 13:21:06"},{"nodeID":"1318232","text":"Peter Kyle:  now the circumstances have changed","type":"L","timestamp":"2023-11-09 13:21:06"},{"nodeID":"1318233","text":"Analysing","type":"YA","timestamp":"2023-11-09 13:21:06"},{"nodeID":"1318234","text":"Anon: Peter Kyle:  now the circumstances have changed","type":"L","timestamp":"2023-11-09 13:21:06"},{"nodeID":"1318235","text":"Asserting","type":"YA","timestamp":"2023-11-09 13:21:06"},{"nodeID":"1318236","text":"we know that Boris Johnson doesn't have a personal regard for the law","type":"I","timestamp":"2023-11-09 13:21:07"},{"nodeID":"1318237","text":"Peter Kyle: We know that Boris Johnson doesn't have a personal regard for the law","type":"L","timestamp":"2023-11-09 13:21:07"},{"nodeID":"1318238","text":"Analysing","type":"YA","timestamp":"2023-11-09 13:21:07"},{"nodeID":"1318239","text":"Anon: Peter Kyle: We know that Boris Johnson doesn't have a personal regard for the law","type":"L","timestamp":"2023-11-09 13:21:07"},{"nodeID":"1318240","text":"Asserting","type":"YA","timestamp":"2023-11-09 13:21:07"},{"nodeID":"1318241","text":"we know that the government breaks the law, both domestic and international","type":"I","timestamp":"2023-11-09 13:21:07"},{"nodeID":"1318242","text":"Peter Kyle: We know that the government breaks the law, both domestic and international","type":"L","timestamp":"2023-11-09 13:21:07"},{"nodeID":"1318243","text":"Analysing","type":"YA","timestamp":"2023-11-09 13:21:07"},{"nodeID":"1318244","text":"Anon: Peter Kyle: We know that the government breaks the law, both domestic and international","type":"L","timestamp":"2023-11-09 13:21:07"},{"nodeID":"1318245","text":"Asserting","type":"YA","timestamp":"2023-11-09 13:21:07"},{"nodeID":"1318246","text":"the only credible way forward is now to negotiate and establish functional negotiations with the EU","type":"I","timestamp":"2023-11-09 13:21:08"},{"nodeID":"1318247","text":"Peter Kyle: the only credible way forward is now to negotiate and establish functional negotiations with the EU","type":"L","timestamp":"2023-11-09 13:21:08"},{"nodeID":"1318248","text":"Analysing","type":"YA","timestamp":"2023-11-09 13:21:08"},{"nodeID":"1318249","text":"Anon: Peter Kyle: the only credible way forward is now to negotiate and establish functional negotiations with the EU","type":"L","timestamp":"2023-11-09 13:21:08"},{"nodeID":"1318250","text":"Asserting","type":"YA","timestamp":"2023-11-09 13:21:08"},{"nodeID":"1318251","text":"we can move forward","type":"I","timestamp":"2023-11-09 13:21:08"},{"nodeID":"1318252","text":"Peter Kyle: we can move forward","type":"L","timestamp":"2023-11-09 13:21:08"},{"nodeID":"1318253","text":"Analysing","type":"YA","timestamp":"2023-11-09 13:21:08"},{"nodeID":"1318254","text":"Anon: Peter Kyle: we can move forward","type":"L","timestamp":"2023-11-09 13:21:08"},{"nodeID":"1318255","text":"Asserting","type":"YA","timestamp":"2023-11-09 13:21:08"},{"nodeID":"1318256","text":"the only way to smooth the challenges we have with the Protocol is to work with the EU","type":"I","timestamp":"2023-11-09 13:21:09"},{"nodeID":"1318257","text":"Peter Kyle: The only way to smooth the challenges we have with the Protocol is to work with the EU","type":"L","timestamp":"2023-11-09 13:21:09"},{"nodeID":"1318258","text":"Analysing","type":"YA","timestamp":"2023-11-09 13:21:09"},{"nodeID":"1318259","text":"Anon: Peter Kyle: The only way to smooth the challenges we have with the Protocol is to work with the EU","type":"L","timestamp":"2023-11-09 13:21:09"},{"nodeID":"1318260","text":"Asserting","type":"YA","timestamp":"2023-11-09 13:21:09"},{"nodeID":"1318261","text":"the EU needs to change the law","type":"I","timestamp":"2023-11-09 13:21:10"},{"nodeID":"1318262","text":"Peter Kyle: the EU changes its law","type":"L","timestamp":"2023-11-09 13:21:10"},{"nodeID":"1318263","text":"Analysing","type":"YA","timestamp":"2023-11-09 13:21:10"},{"nodeID":"1318264","text":"Anon: Peter Kyle: the EU changes its law","type":"L","timestamp":"2023-11-09 13:21:10"},{"nodeID":"1318265","text":"Asserting","type":"YA","timestamp":"2023-11-09 13:21:10"},{"nodeID":"1318266","text":"we can't negotiate, open up negotiations","type":"I","timestamp":"2023-11-09 13:21:10"},{"nodeID":"1318267","text":"Peter Kyle: We can't negotiate, open up negotiations","type":"L","timestamp":"2023-11-09 13:21:10"},{"nodeID":"1318268","text":"Analysing","type":"YA","timestamp":"2023-11-09 13:21:10"},{"nodeID":"1318269","text":"Anon: Peter Kyle: We can't negotiate, open up negotiations","type":"L","timestamp":"2023-11-09 13:21:10"},{"nodeID":"1318270","text":"Asserting","type":"YA","timestamp":"2023-11-09 13:21:10"},{"nodeID":"1318271","text":"you need your partner to agree to doing that","type":"I","timestamp":"2023-11-09 13:21:11"},{"nodeID":"1318272","text":"Peter Kyle: you need your partner to agree to doing that","type":"L","timestamp":"2023-11-09 13:21:11"},{"nodeID":"1318273","text":"Analysing","type":"YA","timestamp":"2023-11-09 13:21:11"},{"nodeID":"1318274","text":"Anon: Peter Kyle: you need your partner to agree to doing that","type":"L","timestamp":"2023-11-09 13:21:11"},{"nodeID":"1318275","text":"Asserting","type":"YA","timestamp":"2023-11-09 13:21:11"},{"nodeID":"1318276","text":"what they've agreed to do is look at ways to change European law to take certain issues out of the Protocol altogether","type":"I","timestamp":"2023-11-09 13:21:11"},{"nodeID":"1318277","text":"Peter Kyle: What they've agreed to do is look at ways to change European law to take certain issues out of the Protocol altogether","type":"L","timestamp":"2023-11-09 13:21:11"},{"nodeID":"1318278","text":"Analysing","type":"YA","timestamp":"2023-11-09 13:21:11"},{"nodeID":"1318279","text":"Anon: Peter Kyle: What they've agreed to do is look at ways to change European law to take certain issues out of the Protocol altogether","type":"L","timestamp":"2023-11-09 13:21:11"},{"nodeID":"1318280","text":"Asserting","type":"YA","timestamp":"2023-11-09 13:21:11"},{"nodeID":"1318281","text":"look at ways to change European law to take certain issues out of the Protocol altogether is on the table","type":"I","timestamp":"2023-11-09 13:21:12"},{"nodeID":"1318282","text":"Peter Kyle:  that is on the table","type":"L","timestamp":"2023-11-09 13:21:12"},{"nodeID":"1318283","text":"Analysing","type":"YA","timestamp":"2023-11-09 13:21:12"},{"nodeID":"1318284","text":"Anon: Peter Kyle:  that is on the table","type":"L","timestamp":"2023-11-09 13:21:12"},{"nodeID":"1318285","text":"Asserting","type":"YA","timestamp":"2023-11-09 13:21:12"},{"nodeID":"1318286","text":"the UK government says it wants to do many of these things","type":"I","timestamp":"2023-11-09 13:21:12"},{"nodeID":"1318287","text":"Peter Kyle: The UK government says it wants to do many of these things","type":"L","timestamp":"2023-11-09 13:21:12"},{"nodeID":"1318288","text":"Analysing","type":"YA","timestamp":"2023-11-09 13:21:12"},{"nodeID":"1318289","text":"Anon: Peter Kyle: The UK government says it wants to do many of these things","type":"L","timestamp":"2023-11-09 13:21:12"},{"nodeID":"1318290","text":"Asserting","type":"YA","timestamp":"2023-11-09 13:21:12"},{"nodeID":"1318291","text":"the DUP and all the parties at Stormont say they want to do these things","type":"I","timestamp":"2023-11-09 13:21:13"},{"nodeID":"1318292","text":"Peter Kyle: The DUP and all the parties at Stormont say they want to do these things","type":"L","timestamp":"2023-11-09 13:21:13"},{"nodeID":"1318293","text":"Analysing","type":"YA","timestamp":"2023-11-09 13:21:13"},{"nodeID":"1318294","text":"Anon: Peter Kyle: The DUP and all the parties at Stormont say they want to do these things","type":"L","timestamp":"2023-11-09 13:21:13"},{"nodeID":"1318295","text":"Asserting","type":"YA","timestamp":"2023-11-09 13:21:13"},{"nodeID":"1318296","text":"Default Transition","type":"TA","timestamp":"2023-11-09 13:21:13"},{"nodeID":"1318297","text":"Default Inference","type":"RA","timestamp":"2023-11-09 13:21:13"},{"nodeID":"1318298","text":"Arguing","type":"YA","timestamp":"2023-11-09 13:21:13"},{"nodeID":"1318299","text":"Robert Buckland: the people couldn't have understood how it would be implemented","type":"L","timestamp":"2023-11-09 13:21:13"},{"nodeID":"1318300","text":"Analysing","type":"YA","timestamp":"2023-11-09 13:21:13"},{"nodeID":"1318301","text":"Anon: Robert Buckland: Robert says the people couldn't have understood how it would be implemented","type":"L","timestamp":"2023-11-09 13:21:13"},{"nodeID":"1318302","text":"Asserting","type":"YA","timestamp":"2023-11-09 13:21:13"},{"nodeID":"1318303","text":"Asserting","type":"YA","timestamp":"2023-11-09 13:21:13"},{"nodeID":"1318304","text":"Default Transition","type":"TA","timestamp":"2023-11-09 13:21:13"},{"nodeID":"1318305","text":"Default Transition","type":"TA","timestamp":"2023-11-09 13:21:13"},{"nodeID":"1318306","text":"Default Conflict","type":"CA","timestamp":"2023-11-09 13:21:13"},{"nodeID":"1318307","text":"Disagreeing","type":"YA","timestamp":"2023-11-09 13:21:13"},{"nodeID":"1318308","text":"Default Transition","type":"TA","timestamp":"2023-11-09 13:21:13"},{"nodeID":"1318309","text":"Default Transition","type":"TA","timestamp":"2023-11-09 13:21:13"},{"nodeID":"1318310","text":"Default Inference","type":"RA","timestamp":"2023-11-09 13:21:13"},{"nodeID":"1318311","text":"Arguing","type":"YA","timestamp":"2023-11-09 13:21:13"},{"nodeID":"1318312","text":"Default Inference","type":"RA","timestamp":"2023-11-09 13:21:13"},{"nodeID":"1318313","text":"Default Transition","type":"TA","timestamp":"2023-11-09 13:21:13"},{"nodeID":"1318314","text":"Arguing","type":"YA","timestamp":"2023-11-09 13:21:13"},{"nodeID":"1318315","text":"Default Transition","type":"TA","timestamp":"2023-11-09 13:21:13"},{"nodeID":"1318316","text":"Default Conflict","type":"CA","timestamp":"2023-11-09 13:21:13"},{"nodeID":"1318317","text":"Disagreeing","type":"YA","timestamp":"2023-11-09 13:21:13"},{"nodeID":"1318318","text":"Default Transition","type":"TA","timestamp":"2023-11-09 13:21:13"},{"nodeID":"1318319","text":"Default Rephrase","type":"MA","timestamp":"2023-11-09 13:21:13"},{"nodeID":"1318320","text":"Restating","type":"YA","timestamp":"2023-11-09 13:21:13"},{"nodeID":"1318321","text":"Default Transition","type":"TA","timestamp":"2023-11-09 13:21:13"},{"nodeID":"1318322","text":"Default Transition","type":"TA","timestamp":"2023-11-09 13:21:13"},{"nodeID":"1318323","text":"Default Transition","type":"TA","timestamp":"2023-11-09 13:21:13"},{"nodeID":"1318324","text":"we do have regard for the law","type":"I","timestamp":"2023-11-09 13:21:14"},{"nodeID":"1318325","text":"Peter Kyle: we do","type":"L","timestamp":"2023-11-09 13:21:14"},{"nodeID":"1318326","text":"Analysing","type":"YA","timestamp":"2023-11-09 13:21:14"},{"nodeID":"1318327","text":"Anon: Peter Kyle: we do","type":"L","timestamp":"2023-11-09 13:21:14"},{"nodeID":"1318328","text":"Asserting","type":"YA","timestamp":"2023-11-09 13:21:14"},{"nodeID":"1318329","text":"Default Conflict","type":"CA","timestamp":"2023-11-09 13:21:14"},{"nodeID":"1318330","text":"Default Transition","type":"TA","timestamp":"2023-11-09 13:21:14"},{"nodeID":"1318331","text":"Default Conflict","type":"CA","timestamp":"2023-11-09 13:21:14"},{"nodeID":"1318332","text":"Disagreeing","type":"YA","timestamp":"2023-11-09 13:21:14"},{"nodeID":"1318333","text":"Disagreeing","type":"YA","timestamp":"2023-11-09 13:21:14"},{"nodeID":"1318334","text":"Default Transition","type":"TA","timestamp":"2023-11-09 13:21:14"},{"nodeID":"1318335","text":"Default Transition","type":"TA","timestamp":"2023-11-09 13:21:14"},{"nodeID":"1318336","text":"Default Rephrase","type":"MA","timestamp":"2023-11-09 13:21:14"},{"nodeID":"1318337","text":"Restating","type":"YA","timestamp":"2023-11-09 13:21:14"},{"nodeID":"1318338","text":"Default Rephrase","type":"MA","timestamp":"2023-11-09 13:21:14"},{"nodeID":"1318339","text":"Default Transition","type":"TA","timestamp":"2023-11-09 13:21:14"},{"nodeID":"1318340","text":"Restating","type":"YA","timestamp":"2023-11-09 13:21:14"},{"nodeID":"1318341","text":"Default Transition","type":"TA","timestamp":"2023-11-09 13:21:14"},{"nodeID":"1318342","text":"Default Inference","type":"RA","timestamp":"2023-11-09 13:21:14"},{"nodeID":"1318343","text":"Arguing","type":"YA","timestamp":"2023-11-09 13:21:14"},{"nodeID":"1318344","text":"Default Transition","type":"TA","timestamp":"2023-11-09 13:21:14"},{"nodeID":"1318345","text":"Default Inference","type":"RA","timestamp":"2023-11-09 13:21:14"},{"nodeID":"1318346","text":"Arguing","type":"YA","timestamp":"2023-11-09 13:21:14"},{"nodeID":"1318347","text":"Default Transition","type":"TA","timestamp":"2023-11-09 13:21:14"},{"nodeID":"1318348","text":"Default Transition","type":"TA","timestamp":"2023-11-09 13:21:14"},{"nodeID":"1318349","text":"Default Rephrase","type":"MA","timestamp":"2023-11-09 13:21:14"},{"nodeID":"1318350","text":"Restating","type":"YA","timestamp":"2023-11-09 13:21:14"},{"nodeID":"1318351","text":"Default Transition","type":"TA","timestamp":"2023-11-09 13:21:14"},{"nodeID":"1318352","text":"Default Transition","type":"TA","timestamp":"2023-11-09 13:21:14"},{"nodeID":"1318353","text":"Default Rephrase","type":"MA","timestamp":"2023-11-09 13:21:14"},{"nodeID":"1318354","text":"Restating","type":"YA","timestamp":"2023-11-09 13:21:14"},{"nodeID":"1318355","text":"Default Inference","type":"RA","timestamp":"2023-11-09 13:21:14"},{"nodeID":"1318356","text":"Arguing","type":"YA","timestamp":"2023-11-09 13:21:14"},{"nodeID":"1318357","text":"Default Inference","type":"RA","timestamp":"2023-11-09 13:21:14"},{"nodeID":"1318358","text":"Default Transition","type":"TA","timestamp":"2023-11-09 13:21:14"},{"nodeID":"1318359","text":"Arguing","type":"YA","timestamp":"2023-11-09 13:21:14"},{"nodeID":"1318360","text":"Default Rephrase","type":"MA","timestamp":"2023-11-09 13:21:14"},{"nodeID":"1318361","text":"Restating","type":"YA","timestamp":"2023-11-09 13:21:14"},{"nodeID":"1318362","text":"Default Inference","type":"RA","timestamp":"2023-11-09 13:21:14"},{"nodeID":"1318363","text":"Arguing","type":"YA","timestamp":"2023-11-09 13:21:14"}],"edges":[{"edgeID":"1730217","fromID":"1318189","toID":"1318188","formEdgeID":null},{"edgeID":"1730218","fromID":"1318190","toID":"1318189","formEdgeID":null},{"edgeID":"1730219","fromID":"1318188","toID":"1318191","formEdgeID":null},{"edgeID":"1730220","fromID":"1318191","toID":"1318187","formEdgeID":null},{"edgeID":"1730221","fromID":"1318194","toID":"1318193","formEdgeID":null},{"edgeID":"1730222","fromID":"1318195","toID":"1318194","formEdgeID":null},{"edgeID":"1730223","fromID":"1318193","toID":"1318196","formEdgeID":null},{"edgeID":"1730224","fromID":"1318196","toID":"1318192","formEdgeID":null},{"edgeID":"1730225","fromID":"1318199","toID":"1318198","formEdgeID":null},{"edgeID":"1730226","fromID":"1318200","toID":"1318199","formEdgeID":null},{"edgeID":"1730227","fromID":"1318203","toID":"1318202","formEdgeID":null},{"edgeID":"1730228","fromID":"1318204","toID":"1318203","formEdgeID":null},{"edgeID":"1730229","fromID":"1318202","toID":"1318205","formEdgeID":null},{"edgeID":"1730230","fromID":"1318205","toID":"1318201","formEdgeID":null},{"edgeID":"1730231","fromID":"1318208","toID":"1318207","formEdgeID":null},{"edgeID":"1730232","fromID":"1318209","toID":"1318208","formEdgeID":null},{"edgeID":"1730233","fromID":"1318207","toID":"1318210","formEdgeID":null},{"edgeID":"1730234","fromID":"1318210","toID":"1318206","formEdgeID":null},{"edgeID":"1730235","fromID":"1318213","toID":"1318212","formEdgeID":null},{"edgeID":"1730236","fromID":"1318214","toID":"1318213","formEdgeID":null},{"edgeID":"1730237","fromID":"1318212","toID":"1318215","formEdgeID":null},{"edgeID":"1730238","fromID":"1318215","toID":"1318211","formEdgeID":null},{"edgeID":"1730239","fromID":"1318218","toID":"1318217","formEdgeID":null},{"edgeID":"1730240","fromID":"1318219","toID":"1318218","formEdgeID":null},{"edgeID":"1730241","fromID":"1318217","toID":"1318220","formEdgeID":null},{"edgeID":"1730242","fromID":"1318220","toID":"1318216","formEdgeID":null},{"edgeID":"1730243","fromID":"1318223","toID":"1318222","formEdgeID":null},{"edgeID":"1730244","fromID":"1318224","toID":"1318223","formEdgeID":null},{"edgeID":"1730245","fromID":"1318222","toID":"1318225","formEdgeID":null},{"edgeID":"1730246","fromID":"1318225","toID":"1318221","formEdgeID":null},{"edgeID":"1730247","fromID":"1318228","toID":"1318227","formEdgeID":null},{"edgeID":"1730248","fromID":"1318229","toID":"1318228","formEdgeID":null},{"edgeID":"1730249","fromID":"1318227","toID":"1318230","formEdgeID":null},{"edgeID":"1730250","fromID":"1318230","toID":"1318226","formEdgeID":null},{"edgeID":"1730251","fromID":"1318233","toID":"1318232","formEdgeID":null},{"edgeID":"1730252","fromID":"1318234","toID":"1318233","formEdgeID":null},{"edgeID":"1730253","fromID":"1318232","toID":"1318235","formEdgeID":null},{"edgeID":"1730254","fromID":"1318235","toID":"1318231","formEdgeID":null},{"edgeID":"1730255","fromID":"1318238","toID":"1318237","formEdgeID":null},{"edgeID":"1730256","fromID":"1318239","toID":"1318238","formEdgeID":null},{"edgeID":"1730257","fromID":"1318237","toID":"1318240","formEdgeID":null},{"edgeID":"1730258","fromID":"1318240","toID":"1318236","formEdgeID":null},{"edgeID":"1730259","fromID":"1318243","toID":"1318242","formEdgeID":null},{"edgeID":"1730260","fromID":"1318244","toID":"1318243","formEdgeID":null},{"edgeID":"1730261","fromID":"1318242","toID":"1318245","formEdgeID":null},{"edgeID":"1730262","fromID":"1318245","toID":"1318241","formEdgeID":null},{"edgeID":"1730263","fromID":"1318248","toID":"1318247","formEdgeID":null},{"edgeID":"1730264","fromID":"1318249","toID":"1318248","formEdgeID":null},{"edgeID":"1730265","fromID":"1318247","toID":"1318250","formEdgeID":null},{"edgeID":"1730266","fromID":"1318250","toID":"1318246","formEdgeID":null},{"edgeID":"1730267","fromID":"1318253","toID":"1318252","formEdgeID":null},{"edgeID":"1730268","fromID":"1318254","toID":"1318253","formEdgeID":null},{"edgeID":"1730269","fromID":"1318252","toID":"1318255","formEdgeID":null},{"edgeID":"1730270","fromID":"1318255","toID":"1318251","formEdgeID":null},{"edgeID":"1730271","fromID":"1318258","toID":"1318257","formEdgeID":null},{"edgeID":"1730272","fromID":"1318259","toID":"1318258","formEdgeID":null},{"edgeID":"1730273","fromID":"1318257","toID":"1318260","formEdgeID":null},{"edgeID":"1730274","fromID":"1318260","toID":"1318256","formEdgeID":null},{"edgeID":"1730275","fromID":"1318263","toID":"1318262","formEdgeID":null},{"edgeID":"1730276","fromID":"1318264","toID":"1318263","formEdgeID":null},{"edgeID":"1730277","fromID":"1318262","toID":"1318265","formEdgeID":null},{"edgeID":"1730278","fromID":"1318265","toID":"1318261","formEdgeID":null},{"edgeID":"1730279","fromID":"1318268","toID":"1318267","formEdgeID":null},{"edgeID":"1730280","fromID":"1318269","toID":"1318268","formEdgeID":null},{"edgeID":"1730281","fromID":"1318267","toID":"1318270","formEdgeID":null},{"edgeID":"1730282","fromID":"1318270","toID":"1318266","formEdgeID":null},{"edgeID":"1730283","fromID":"1318273","toID":"1318272","formEdgeID":null},{"edgeID":"1730284","fromID":"1318274","toID":"1318273","formEdgeID":null},{"edgeID":"1730285","fromID":"1318272","toID":"1318275","formEdgeID":null},{"edgeID":"1730286","fromID":"1318275","toID":"1318271","formEdgeID":null},{"edgeID":"1730287","fromID":"1318278","toID":"1318277","formEdgeID":null},{"edgeID":"1730288","fromID":"1318279","toID":"1318278","formEdgeID":null},{"edgeID":"1730289","fromID":"1318277","toID":"1318280","formEdgeID":null},{"edgeID":"1730290","fromID":"1318280","toID":"1318276","formEdgeID":null},{"edgeID":"1730291","fromID":"1318283","toID":"1318282","formEdgeID":null},{"edgeID":"1730292","fromID":"1318284","toID":"1318283","formEdgeID":null},{"edgeID":"1730293","fromID":"1318282","toID":"1318285","formEdgeID":null},{"edgeID":"1730294","fromID":"1318285","toID":"1318281","formEdgeID":null},{"edgeID":"1730295","fromID":"1318288","toID":"1318287","formEdgeID":null},{"edgeID":"1730296","fromID":"1318289","toID":"1318288","formEdgeID":null},{"edgeID":"1730297","fromID":"1318287","toID":"1318290","formEdgeID":null},{"edgeID":"1730298","fromID":"1318290","toID":"1318286","formEdgeID":null},{"edgeID":"1730299","fromID":"1318293","toID":"1318292","formEdgeID":null},{"edgeID":"1730300","fromID":"1318294","toID":"1318293","formEdgeID":null},{"edgeID":"1730301","fromID":"1318292","toID":"1318295","formEdgeID":null},{"edgeID":"1730302","fromID":"1318295","toID":"1318291","formEdgeID":null},{"edgeID":"1730303","fromID":"1318188","toID":"1318296","formEdgeID":null},{"edgeID":"1730304","fromID":"1318296","toID":"1318193","formEdgeID":null},{"edgeID":"1730305","fromID":"1318192","toID":"1318297","formEdgeID":null},{"edgeID":"1730306","fromID":"1318297","toID":"1318187","formEdgeID":null},{"edgeID":"1730307","fromID":"1318296","toID":"1318298","formEdgeID":null},{"edgeID":"1730308","fromID":"1318298","toID":"1318297","formEdgeID":null},{"edgeID":"1730309","fromID":"1318300","toID":"1318299","formEdgeID":null},{"edgeID":"1730310","fromID":"1318301","toID":"1318300","formEdgeID":null},{"edgeID":"1730311","fromID":"1318198","toID":"1318302","formEdgeID":null},{"edgeID":"1730312","fromID":"1318302","toID":"1318299","formEdgeID":null},{"edgeID":"1730313","fromID":"1318299","toID":"1318303","formEdgeID":null},{"edgeID":"1730314","fromID":"1318303","toID":"1318197","formEdgeID":null},{"edgeID":"1730315","fromID":"1318193","toID":"1318304","formEdgeID":null},{"edgeID":"1730316","fromID":"1318304","toID":"1318198","formEdgeID":null},{"edgeID":"1730317","fromID":"1318198","toID":"1318305","formEdgeID":null},{"edgeID":"1730318","fromID":"1318305","toID":"1318202","formEdgeID":null},{"edgeID":"1730319","fromID":"1318201","toID":"1318306","formEdgeID":null},{"edgeID":"1730320","fromID":"1318306","toID":"1318197","formEdgeID":null},{"edgeID":"1730321","fromID":"1318305","toID":"1318307","formEdgeID":null},{"edgeID":"1730322","fromID":"1318307","toID":"1318306","formEdgeID":null},{"edgeID":"1730323","fromID":"1318202","toID":"1318308","formEdgeID":null},{"edgeID":"1730324","fromID":"1318308","toID":"1318207","formEdgeID":null},{"edgeID":"1730325","fromID":"1318207","toID":"1318309","formEdgeID":null},{"edgeID":"1730326","fromID":"1318309","toID":"1318212","formEdgeID":null},{"edgeID":"1730327","fromID":"1318206","toID":"1318310","formEdgeID":null},{"edgeID":"1730328","fromID":"1318310","toID":"1318201","formEdgeID":null},{"edgeID":"1730329","fromID":"1318308","toID":"1318311","formEdgeID":null},{"edgeID":"1730330","fromID":"1318311","toID":"1318310","formEdgeID":null},{"edgeID":"1730331","fromID":"1318211","toID":"1318312","formEdgeID":null},{"edgeID":"1730332","fromID":"1318312","toID":"1318216","formEdgeID":null},{"edgeID":"1730333","fromID":"1318212","toID":"1318313","formEdgeID":null},{"edgeID":"1730334","fromID":"1318313","toID":"1318217","formEdgeID":null},{"edgeID":"1730335","fromID":"1318313","toID":"1318314","formEdgeID":null},{"edgeID":"1730336","fromID":"1318314","toID":"1318312","formEdgeID":null},{"edgeID":"1730337","fromID":"1318201","toID":"1318312","formEdgeID":null},{"edgeID":"1730338","fromID":"1318202","toID":"1318313","formEdgeID":null},{"edgeID":"1730339","fromID":"1318217","toID":"1318315","formEdgeID":null},{"edgeID":"1730340","fromID":"1318315","toID":"1318222","formEdgeID":null},{"edgeID":"1730341","fromID":"1318221","toID":"1318316","formEdgeID":null},{"edgeID":"1730342","fromID":"1318316","toID":"1318216","formEdgeID":null},{"edgeID":"1730343","fromID":"1318315","toID":"1318317","formEdgeID":null},{"edgeID":"1730344","fromID":"1318317","toID":"1318316","formEdgeID":null},{"edgeID":"1730345","fromID":"1318222","toID":"1318318","formEdgeID":null},{"edgeID":"1730346","fromID":"1318318","toID":"1318227","formEdgeID":null},{"edgeID":"1730347","fromID":"1318226","toID":"1318319","formEdgeID":null},{"edgeID":"1730348","fromID":"1318319","toID":"1318221","formEdgeID":null},{"edgeID":"1730349","fromID":"1318318","toID":"1318320","formEdgeID":null},{"edgeID":"1730350","fromID":"1318320","toID":"1318319","formEdgeID":null},{"edgeID":"1730351","fromID":"1318227","toID":"1318321","formEdgeID":null},{"edgeID":"1730352","fromID":"1318321","toID":"1318232","formEdgeID":null},{"edgeID":"1730353","fromID":"1318232","toID":"1318322","formEdgeID":null},{"edgeID":"1730354","fromID":"1318322","toID":"1318237","formEdgeID":null},{"edgeID":"1730355","fromID":"1318237","toID":"1318323","formEdgeID":null},{"edgeID":"1730356","fromID":"1318323","toID":"1318242","formEdgeID":null},{"edgeID":"1730357","fromID":"1318326","toID":"1318325","formEdgeID":null},{"edgeID":"1730358","fromID":"1318327","toID":"1318326","formEdgeID":null},{"edgeID":"1730359","fromID":"1318325","toID":"1318328","formEdgeID":null},{"edgeID":"1730360","fromID":"1318328","toID":"1318324","formEdgeID":null},{"edgeID":"1730361","fromID":"1318324","toID":"1318329","formEdgeID":null},{"edgeID":"1730362","fromID":"1318329","toID":"1318236","formEdgeID":null},{"edgeID":"1730363","fromID":"1318237","toID":"1318330","formEdgeID":null},{"edgeID":"1730364","fromID":"1318330","toID":"1318325","formEdgeID":null},{"edgeID":"1730365","fromID":"1318324","toID":"1318331","formEdgeID":null},{"edgeID":"1730366","fromID":"1318331","toID":"1318241","formEdgeID":null},{"edgeID":"1730367","fromID":"1318330","toID":"1318332","formEdgeID":null},{"edgeID":"1730368","fromID":"1318332","toID":"1318331","formEdgeID":null},{"edgeID":"1730369","fromID":"1318323","toID":"1318333","formEdgeID":null},{"edgeID":"1730370","fromID":"1318333","toID":"1318329","formEdgeID":null},{"edgeID":"1730371","fromID":"1318325","toID":"1318334","formEdgeID":null},{"edgeID":"1730372","fromID":"1318334","toID":"1318247","formEdgeID":null},{"edgeID":"1730373","fromID":"1318247","toID":"1318335","formEdgeID":null},{"edgeID":"1730374","fromID":"1318335","toID":"1318252","formEdgeID":null},{"edgeID":"1730375","fromID":"1318251","toID":"1318336","formEdgeID":null},{"edgeID":"1730376","fromID":"1318336","toID":"1318246","formEdgeID":null},{"edgeID":"1730377","fromID":"1318335","toID":"1318337","formEdgeID":null},{"edgeID":"1730378","fromID":"1318337","toID":"1318336","formEdgeID":null},{"edgeID":"1730379","fromID":"1318256","toID":"1318338","formEdgeID":null},{"edgeID":"1730380","fromID":"1318338","toID":"1318246","formEdgeID":null},{"edgeID":"1730381","fromID":"1318247","toID":"1318339","formEdgeID":null},{"edgeID":"1730382","fromID":"1318339","toID":"1318257","formEdgeID":null},{"edgeID":"1730383","fromID":"1318339","toID":"1318340","formEdgeID":null},{"edgeID":"1730384","fromID":"1318340","toID":"1318338","formEdgeID":null},{"edgeID":"1730385","fromID":"1318257","toID":"1318341","formEdgeID":null},{"edgeID":"1730386","fromID":"1318341","toID":"1318262","formEdgeID":null},{"edgeID":"1730387","fromID":"1318261","toID":"1318342","formEdgeID":null},{"edgeID":"1730388","fromID":"1318342","toID":"1318256","formEdgeID":null},{"edgeID":"1730389","fromID":"1318341","toID":"1318343","formEdgeID":null},{"edgeID":"1730390","fromID":"1318343","toID":"1318342","formEdgeID":null},{"edgeID":"1730391","fromID":"1318267","toID":"1318344","formEdgeID":null},{"edgeID":"1730392","fromID":"1318344","toID":"1318272","formEdgeID":null},{"edgeID":"1730393","fromID":"1318271","toID":"1318345","formEdgeID":null},{"edgeID":"1730394","fromID":"1318345","toID":"1318266","formEdgeID":null},{"edgeID":"1730395","fromID":"1318344","toID":"1318346","formEdgeID":null},{"edgeID":"1730396","fromID":"1318346","toID":"1318345","formEdgeID":null},{"edgeID":"1730397","fromID":"1318272","toID":"1318347","formEdgeID":null},{"edgeID":"1730398","fromID":"1318347","toID":"1318277","formEdgeID":null},{"edgeID":"1730399","fromID":"1318277","toID":"1318348","formEdgeID":null},{"edgeID":"1730400","fromID":"1318348","toID":"1318282","formEdgeID":null},{"edgeID":"1730401","fromID":"1318281","toID":"1318349","formEdgeID":null},{"edgeID":"1730402","fromID":"1318349","toID":"1318276","formEdgeID":null},{"edgeID":"1730403","fromID":"1318348","toID":"1318350","formEdgeID":null},{"edgeID":"1730404","fromID":"1318350","toID":"1318349","formEdgeID":null},{"edgeID":"1730405","fromID":"1318282","toID":"1318351","formEdgeID":null},{"edgeID":"1730406","fromID":"1318351","toID":"1318287","formEdgeID":null},{"edgeID":"1730407","fromID":"1318287","toID":"1318352","formEdgeID":null},{"edgeID":"1730408","fromID":"1318352","toID":"1318292","formEdgeID":null},{"edgeID":"1730409","fromID":"1318291","toID":"1318353","formEdgeID":null},{"edgeID":"1730410","fromID":"1318353","toID":"1318286","formEdgeID":null},{"edgeID":"1730411","fromID":"1318352","toID":"1318354","formEdgeID":null},{"edgeID":"1730412","fromID":"1318354","toID":"1318353","formEdgeID":null},{"edgeID":"1730413","fromID":"1318324","toID":"1318355","formEdgeID":null},{"edgeID":"1730414","fromID":"1318355","toID":"1318246","formEdgeID":null},{"edgeID":"1730415","fromID":"1318334","toID":"1318356","formEdgeID":null},{"edgeID":"1730416","fromID":"1318356","toID":"1318355","formEdgeID":null},{"edgeID":"1730417","fromID":"1318266","toID":"1318357","formEdgeID":null},{"edgeID":"1730418","fromID":"1318357","toID":"1318246","formEdgeID":null},{"edgeID":"1730419","fromID":"1318247","toID":"1318358","formEdgeID":null},{"edgeID":"1730420","fromID":"1318358","toID":"1318267","formEdgeID":null},{"edgeID":"1730421","fromID":"1318358","toID":"1318359","formEdgeID":null},{"edgeID":"1730422","fromID":"1318359","toID":"1318357","formEdgeID":null},{"edgeID":"1730423","fromID":"1318286","toID":"1318360","formEdgeID":null},{"edgeID":"1730424","fromID":"1318360","toID":"1318281","formEdgeID":null},{"edgeID":"1730425","fromID":"1318351","toID":"1318361","formEdgeID":null},{"edgeID":"1730426","fromID":"1318361","toID":"1318360","formEdgeID":null},{"edgeID":"1730427","fromID":"1318226","toID":"1318362","formEdgeID":null},{"edgeID":"1730428","fromID":"1318362","toID":"1318231","formEdgeID":null},{"edgeID":"1730429","fromID":"1318321","toID":"1318363","formEdgeID":null},{"edgeID":"1730430","fromID":"1318363","toID":"1318362","formEdgeID":null}],"locutions":[]}