{"nodes":[{"nodeID":"1315534","text":"the windfall tax is Labour putting forward a plan","type":"I","timestamp":"2023-11-09 13:17:16"},{"nodeID":"1315535","text":"Peter Kyle: This is Labour putting forward a plan","type":"L","timestamp":"2023-11-09 13:17:16"},{"nodeID":"1315536","text":"Analysing","type":"YA","timestamp":"2023-11-09 13:17:16"},{"nodeID":"1315537","text":"Ella: Peter Kyle: This is Labour putting forward a plan","type":"L","timestamp":"2023-11-09 13:17:16"},{"nodeID":"1315538","text":"Asserting","type":"YA","timestamp":"2023-11-09 13:17:16"},{"nodeID":"1315539","text":"Labour led the windfall tax","type":"I","timestamp":"2023-11-09 13:17:17"},{"nodeID":"1315540","text":"Peter Kyle: leading","type":"L","timestamp":"2023-11-09 13:17:17"},{"nodeID":"1315541","text":"Analysing","type":"YA","timestamp":"2023-11-09 13:17:17"},{"nodeID":"1315542","text":"Ella: Peter Kyle: leading","type":"L","timestamp":"2023-11-09 13:17:17"},{"nodeID":"1315543","text":"Asserting","type":"YA","timestamp":"2023-11-09 13:17:17"},{"nodeID":"1315544","text":"the government is following Labour","type":"I","timestamp":"2023-11-09 13:17:17"},{"nodeID":"1315545","text":"Peter Kyle: the government following","type":"L","timestamp":"2023-11-09 13:17:17"},{"nodeID":"1315546","text":"Analysing","type":"YA","timestamp":"2023-11-09 13:17:17"},{"nodeID":"1315547","text":"Ella: Peter Kyle: the government following","type":"L","timestamp":"2023-11-09 13:17:17"},{"nodeID":"1315548","text":"Asserting","type":"YA","timestamp":"2023-11-09 13:17:17"},{"nodeID":"1315549","text":"Default Inference","type":"RA","timestamp":"2023-11-09 13:17:17"},{"nodeID":"1315550","text":"Default Inference","type":"RA","timestamp":"2023-11-09 13:17:17"},{"nodeID":"1315551","text":"Default Transition","type":"TA","timestamp":"2023-11-09 13:17:17"},{"nodeID":"1315552","text":"Default Transition","type":"TA","timestamp":"2023-11-09 13:17:17"},{"nodeID":"1315553","text":"Arguing","type":"YA","timestamp":"2023-11-09 13:17:17"},{"nodeID":"1315554","text":"Arguing","type":"YA","timestamp":"2023-11-09 13:17:17"},{"nodeID":"1315555","text":"Boris Johnson's government is a government that is not in control of its own party","type":"I","timestamp":"2023-11-09 13:17:18"},{"nodeID":"1315556","text":"Peter Kyle: This is a government that is not in control of its own party","type":"L","timestamp":"2023-11-09 13:17:18"},{"nodeID":"1315557","text":"Analysing","type":"YA","timestamp":"2023-11-09 13:17:18"},{"nodeID":"1315558","text":"Ella: Peter Kyle: This is a government that is not in control of its own party","type":"L","timestamp":"2023-11-09 13:17:18"},{"nodeID":"1315559","text":"Asserting","type":"YA","timestamp":"2023-11-09 13:17:18"},{"nodeID":"1315560","text":"Boris Johnson's government is not in control of our country","type":"I","timestamp":"2023-11-09 13:17:18"},{"nodeID":"1315561","text":"Peter Kyle: it's not in control of our country","type":"L","timestamp":"2023-11-09 13:17:18"},{"nodeID":"1315562","text":"Analysing","type":"YA","timestamp":"2023-11-09 13:17:18"},{"nodeID":"1315563","text":"Ella: Peter Kyle: it's not in control of our country","type":"L","timestamp":"2023-11-09 13:17:18"},{"nodeID":"1315564","text":"Asserting","type":"YA","timestamp":"2023-11-09 13:17:18"},{"nodeID":"1315565","text":"Default Transition","type":"TA","timestamp":"2023-11-09 13:17:18"},{"nodeID":"1315566","text":"Default Rephrase","type":"MA","timestamp":"2023-11-09 13:17:18"},{"nodeID":"1315567","text":"Default Transition","type":"TA","timestamp":"2023-11-09 13:17:18"},{"nodeID":"1315568","text":"Restating","type":"YA","timestamp":"2023-11-09 13:17:18"},{"nodeID":"1315569","text":"we need the government to go further","type":"I","timestamp":"2023-11-09 13:17:19"},{"nodeID":"1315570","text":"Peter Kyle: We need them to go further","type":"L","timestamp":"2023-11-09 13:17:19"},{"nodeID":"1315571","text":"Analysing","type":"YA","timestamp":"2023-11-09 13:17:19"},{"nodeID":"1315572","text":"Ella: Peter Kyle: We need them to go further","type":"L","timestamp":"2023-11-09 13:17:19"},{"nodeID":"1315573","text":"Asserting","type":"YA","timestamp":"2023-11-09 13:17:19"},{"nodeID":"1315574","text":"we need the government to cap the VAT on energy","type":"I","timestamp":"2023-11-09 13:17:20"},{"nodeID":"1315575","text":"Peter Kyle: cap the VAT on energy","type":"L","timestamp":"2023-11-09 13:17:20"},{"nodeID":"1315576","text":"Analysing","type":"YA","timestamp":"2023-11-09 13:17:20"},{"nodeID":"1315577","text":"Ella: Peter Kyle: cap the VAT on energy","type":"L","timestamp":"2023-11-09 13:17:20"},{"nodeID":"1315578","text":"Asserting","type":"YA","timestamp":"2023-11-09 13:17:20"},{"nodeID":"1315579","text":"we need the government to cut some of the rates on small businesses","type":"I","timestamp":"2023-11-09 13:17:20"},{"nodeID":"1315580","text":"Peter Kyle: We need them to cut some of the rates on small businesses","type":"L","timestamp":"2023-11-09 13:17:20"},{"nodeID":"1315581","text":"Analysing","type":"YA","timestamp":"2023-11-09 13:17:20"},{"nodeID":"1315582","text":"Ella: Peter Kyle: We need them to cut some of the rates on small businesses","type":"L","timestamp":"2023-11-09 13:17:20"},{"nodeID":"1315583","text":"Asserting","type":"YA","timestamp":"2023-11-09 13:17:20"},{"nodeID":"1315584","text":"we need the government to start investing in some of the things that are going to transform our economy","type":"I","timestamp":"2023-11-09 13:17:21"},{"nodeID":"1315585","text":"Peter Kyle: we need to start investing in some of the things that are going to transform our economy","type":"L","timestamp":"2023-11-09 13:17:21"},{"nodeID":"1315586","text":"Analysing","type":"YA","timestamp":"2023-11-09 13:17:21"},{"nodeID":"1315587","text":"Ella: Peter Kyle: we need to start investing in some of the things that are going to transform our economy","type":"L","timestamp":"2023-11-09 13:17:21"},{"nodeID":"1315588","text":"Asserting","type":"YA","timestamp":"2023-11-09 13:17:21"},{"nodeID":"1315589","text":"get the economy going in a strategic way for the future","type":"I","timestamp":"2023-11-09 13:17:21"},{"nodeID":"1315590","text":"Peter Kyle: get it going into a strategic way for the future","type":"L","timestamp":"2023-11-09 13:17:21"},{"nodeID":"1315591","text":"Analysing","type":"YA","timestamp":"2023-11-09 13:17:21"},{"nodeID":"1315592","text":"Ella: Peter Kyle: get it going into a strategic way for the future","type":"L","timestamp":"2023-11-09 13:17:21"},{"nodeID":"1315593","text":"Asserting","type":"YA","timestamp":"2023-11-09 13:17:21"},{"nodeID":"1315594","text":"Default Inference","type":"RA","timestamp":"2023-11-09 13:17:21"},{"nodeID":"1315595","text":"Default Transition","type":"TA","timestamp":"2023-11-09 13:17:21"},{"nodeID":"1315596","text":"Arguing","type":"YA","timestamp":"2023-11-09 13:17:21"},{"nodeID":"1315597","text":"Default Transition","type":"TA","timestamp":"2023-11-09 13:17:21"},{"nodeID":"1315598","text":"Default Rephrase","type":"MA","timestamp":"2023-11-09 13:17:21"},{"nodeID":"1315599","text":"Default Rephrase","type":"MA","timestamp":"2023-11-09 13:17:21"},{"nodeID":"1315600","text":"Default Rephrase","type":"MA","timestamp":"2023-11-09 13:17:21"},{"nodeID":"1315601","text":"Default Transition","type":"TA","timestamp":"2023-11-09 13:17:21"},{"nodeID":"1315602","text":"Default Transition","type":"TA","timestamp":"2023-11-09 13:17:21"},{"nodeID":"1315603","text":"Default Transition","type":"TA","timestamp":"2023-11-09 13:17:21"},{"nodeID":"1315604","text":"Restating","type":"YA","timestamp":"2023-11-09 13:17:21"},{"nodeID":"1315605","text":"Restating","type":"YA","timestamp":"2023-11-09 13:17:21"},{"nodeID":"1315606","text":"Restating","type":"YA","timestamp":"2023-11-09 13:17:21"},{"nodeID":"1315607","text":"wage growth had continued along the lines it had under the last Labour government","type":"I","timestamp":"2023-11-09 13:17:22"},{"nodeID":"1315608","text":"Peter Kyle: wage growth had continued along the lines it had under the last Labour government","type":"L","timestamp":"2023-11-09 13:17:22"},{"nodeID":"1315609","text":"Analysing","type":"YA","timestamp":"2023-11-09 13:17:22"},{"nodeID":"1315610","text":"Ella: Peter Kyle: wage growth had continued along the lines it had under the last Labour government","type":"L","timestamp":"2023-11-09 13:17:22"},{"nodeID":"1315611","text":"Asserting","type":"YA","timestamp":"2023-11-09 13:17:22"},{"nodeID":"1315612","text":"people on average earnings would be earning \u00a311 more today than they are today","type":"I","timestamp":"2023-11-09 13:17:23"},{"nodeID":"1315613","text":"Peter Kyle: people on average earnings would be earning \u00a311 more today than they","type":"L","timestamp":"2023-11-09 13:17:23"},{"nodeID":"1315614","text":"Analysing","type":"YA","timestamp":"2023-11-09 13:17:23"},{"nodeID":"1315615","text":"Ella: Peter Kyle: people on average earnings would be earning \u00a311 more today than they","type":"L","timestamp":"2023-11-09 13:17:23"},{"nodeID":"1315616","text":"Asserting","type":"YA","timestamp":"2023-11-09 13:17:23"},{"nodeID":"1315617","text":"Default Inference","type":"RA","timestamp":"2023-11-09 13:17:23"},{"nodeID":"1315618","text":"Default Transition","type":"TA","timestamp":"2023-11-09 13:17:23"},{"nodeID":"1315619","text":"Default Transition","type":"TA","timestamp":"2023-11-09 13:17:23"},{"nodeID":"1315620","text":"Arguing","type":"YA","timestamp":"2023-11-09 13:17:23"},{"nodeID":"1315621","text":"we had a pandemic as well","type":"I","timestamp":"2023-11-09 13:17:23"},{"nodeID":"1315622","text":"Fiona Bruce: We had a pandemic as well","type":"L","timestamp":"2023-11-09 13:17:23"},{"nodeID":"1315623","text":"Analysing","type":"YA","timestamp":"2023-11-09 13:17:23"},{"nodeID":"1315624","text":"Ella: Fiona Bruce: We had a pandemic as well","type":"L","timestamp":"2023-11-09 13:17:23"},{"nodeID":"1315625","text":"Asserting","type":"YA","timestamp":"2023-11-09 13:17:23"},{"nodeID":"1315626","text":"Default Transition","type":"TA","timestamp":"2023-11-09 13:17:23"}],"edges":[{"edgeID":"1727010","fromID":"1315536","toID":"1315535","formEdgeID":null},{"edgeID":"1727011","fromID":"1315537","toID":"1315536","formEdgeID":null},{"edgeID":"1727012","fromID":"1315535","toID":"1315538","formEdgeID":null},{"edgeID":"1727013","fromID":"1315538","toID":"1315534","formEdgeID":null},{"edgeID":"1727014","fromID":"1315541","toID":"1315540","formEdgeID":null},{"edgeID":"1727015","fromID":"1315542","toID":"1315541","formEdgeID":null},{"edgeID":"1727016","fromID":"1315540","toID":"1315543","formEdgeID":null},{"edgeID":"1727017","fromID":"1315543","toID":"1315539","formEdgeID":null},{"edgeID":"1727018","fromID":"1315546","toID":"1315545","formEdgeID":null},{"edgeID":"1727019","fromID":"1315547","toID":"1315546","formEdgeID":null},{"edgeID":"1727020","fromID":"1315545","toID":"1315548","formEdgeID":null},{"edgeID":"1727021","fromID":"1315548","toID":"1315544","formEdgeID":null},{"edgeID":"1727022","fromID":"1315534","toID":"1315549","formEdgeID":null},{"edgeID":"1727023","fromID":"1315549","toID":"1315539","formEdgeID":null},{"edgeID":"1727024","fromID":"1315539","toID":"1315550","formEdgeID":null},{"edgeID":"1727025","fromID":"1315550","toID":"1315544","formEdgeID":null},{"edgeID":"1727026","fromID":"1315535","toID":"1315551","formEdgeID":null},{"edgeID":"1727027","fromID":"1315551","toID":"1315540","formEdgeID":null},{"edgeID":"1727028","fromID":"1315540","toID":"1315552","formEdgeID":null},{"edgeID":"1727029","fromID":"1315552","toID":"1315545","formEdgeID":null},{"edgeID":"1727030","fromID":"1315551","toID":"1315553","formEdgeID":null},{"edgeID":"1727031","fromID":"1315553","toID":"1315549","formEdgeID":null},{"edgeID":"1727032","fromID":"1315552","toID":"1315554","formEdgeID":null},{"edgeID":"1727033","fromID":"1315554","toID":"1315550","formEdgeID":null},{"edgeID":"1727034","fromID":"1315557","toID":"1315556","formEdgeID":null},{"edgeID":"1727035","fromID":"1315558","toID":"1315557","formEdgeID":null},{"edgeID":"1727036","fromID":"1315556","toID":"1315559","formEdgeID":null},{"edgeID":"1727037","fromID":"1315559","toID":"1315555","formEdgeID":null},{"edgeID":"1727038","fromID":"1315562","toID":"1315561","formEdgeID":null},{"edgeID":"1727039","fromID":"1315563","toID":"1315562","formEdgeID":null},{"edgeID":"1727040","fromID":"1315561","toID":"1315564","formEdgeID":null},{"edgeID":"1727041","fromID":"1315564","toID":"1315560","formEdgeID":null},{"edgeID":"1727042","fromID":"1315545","toID":"1315565","formEdgeID":null},{"edgeID":"1727043","fromID":"1315565","toID":"1315556","formEdgeID":null},{"edgeID":"1727044","fromID":"1315560","toID":"1315566","formEdgeID":null},{"edgeID":"1727045","fromID":"1315566","toID":"1315555","formEdgeID":null},{"edgeID":"1727046","fromID":"1315556","toID":"1315567","formEdgeID":null},{"edgeID":"1727047","fromID":"1315567","toID":"1315561","formEdgeID":null},{"edgeID":"1727048","fromID":"1315567","toID":"1315568","formEdgeID":null},{"edgeID":"1727049","fromID":"1315568","toID":"1315566","formEdgeID":null},{"edgeID":"1727050","fromID":"1315571","toID":"1315570","formEdgeID":null},{"edgeID":"1727051","fromID":"1315572","toID":"1315571","formEdgeID":null},{"edgeID":"1727052","fromID":"1315570","toID":"1315573","formEdgeID":null},{"edgeID":"1727053","fromID":"1315573","toID":"1315569","formEdgeID":null},{"edgeID":"1727054","fromID":"1315576","toID":"1315575","formEdgeID":null},{"edgeID":"1727055","fromID":"1315577","toID":"1315576","formEdgeID":null},{"edgeID":"1727056","fromID":"1315575","toID":"1315578","formEdgeID":null},{"edgeID":"1727057","fromID":"1315578","toID":"1315574","formEdgeID":null},{"edgeID":"1727058","fromID":"1315581","toID":"1315580","formEdgeID":null},{"edgeID":"1727059","fromID":"1315582","toID":"1315581","formEdgeID":null},{"edgeID":"1727060","fromID":"1315580","toID":"1315583","formEdgeID":null},{"edgeID":"1727061","fromID":"1315583","toID":"1315579","formEdgeID":null},{"edgeID":"1727062","fromID":"1315586","toID":"1315585","formEdgeID":null},{"edgeID":"1727063","fromID":"1315587","toID":"1315586","formEdgeID":null},{"edgeID":"1727064","fromID":"1315585","toID":"1315588","formEdgeID":null},{"edgeID":"1727065","fromID":"1315588","toID":"1315584","formEdgeID":null},{"edgeID":"1727066","fromID":"1315591","toID":"1315590","formEdgeID":null},{"edgeID":"1727067","fromID":"1315592","toID":"1315591","formEdgeID":null},{"edgeID":"1727068","fromID":"1315590","toID":"1315593","formEdgeID":null},{"edgeID":"1727069","fromID":"1315593","toID":"1315589","formEdgeID":null},{"edgeID":"1727070","fromID":"1315584","toID":"1315594","formEdgeID":null},{"edgeID":"1727071","fromID":"1315594","toID":"1315589","formEdgeID":null},{"edgeID":"1727072","fromID":"1315585","toID":"1315595","formEdgeID":null},{"edgeID":"1727073","fromID":"1315595","toID":"1315590","formEdgeID":null},{"edgeID":"1727074","fromID":"1315595","toID":"1315596","formEdgeID":null},{"edgeID":"1727075","fromID":"1315596","toID":"1315594","formEdgeID":null},{"edgeID":"1727076","fromID":"1315561","toID":"1315597","formEdgeID":null},{"edgeID":"1727077","fromID":"1315597","toID":"1315570","formEdgeID":null},{"edgeID":"1727078","fromID":"1315574","toID":"1315598","formEdgeID":null},{"edgeID":"1727079","fromID":"1315598","toID":"1315569","formEdgeID":null},{"edgeID":"1727080","fromID":"1315579","toID":"1315599","formEdgeID":null},{"edgeID":"1727081","fromID":"1315599","toID":"1315569","formEdgeID":null},{"edgeID":"1727082","fromID":"1315584","toID":"1315600","formEdgeID":null},{"edgeID":"1727083","fromID":"1315600","toID":"1315569","formEdgeID":null},{"edgeID":"1727084","fromID":"1315570","toID":"1315601","formEdgeID":null},{"edgeID":"1727085","fromID":"1315601","toID":"1315575","formEdgeID":null},{"edgeID":"1727086","fromID":"1315570","toID":"1315602","formEdgeID":null},{"edgeID":"1727087","fromID":"1315602","toID":"1315580","formEdgeID":null},{"edgeID":"1727088","fromID":"1315570","toID":"1315603","formEdgeID":null},{"edgeID":"1727089","fromID":"1315603","toID":"1315585","formEdgeID":null},{"edgeID":"1727090","fromID":"1315601","toID":"1315604","formEdgeID":null},{"edgeID":"1727091","fromID":"1315604","toID":"1315598","formEdgeID":null},{"edgeID":"1727092","fromID":"1315602","toID":"1315605","formEdgeID":null},{"edgeID":"1727093","fromID":"1315605","toID":"1315599","formEdgeID":null},{"edgeID":"1727094","fromID":"1315603","toID":"1315606","formEdgeID":null},{"edgeID":"1727095","fromID":"1315606","toID":"1315600","formEdgeID":null},{"edgeID":"1727096","fromID":"1315609","toID":"1315608","formEdgeID":null},{"edgeID":"1727097","fromID":"1315610","toID":"1315609","formEdgeID":null},{"edgeID":"1727098","fromID":"1315608","toID":"1315611","formEdgeID":null},{"edgeID":"1727099","fromID":"1315611","toID":"1315607","formEdgeID":null},{"edgeID":"1727100","fromID":"1315614","toID":"1315613","formEdgeID":null},{"edgeID":"1727101","fromID":"1315615","toID":"1315614","formEdgeID":null},{"edgeID":"1727102","fromID":"1315613","toID":"1315616","formEdgeID":null},{"edgeID":"1727103","fromID":"1315616","toID":"1315612","formEdgeID":null},{"edgeID":"1727104","fromID":"1315607","toID":"1315617","formEdgeID":null},{"edgeID":"1727105","fromID":"1315617","toID":"1315612","formEdgeID":null},{"edgeID":"1727106","fromID":"1315608","toID":"1315618","formEdgeID":null},{"edgeID":"1727107","fromID":"1315618","toID":"1315613","formEdgeID":null},{"edgeID":"1727108","fromID":"1315590","toID":"1315619","formEdgeID":null},{"edgeID":"1727109","fromID":"1315619","toID":"1315608","formEdgeID":null},{"edgeID":"1727110","fromID":"1315618","toID":"1315620","formEdgeID":null},{"edgeID":"1727111","fromID":"1315620","toID":"1315617","formEdgeID":null},{"edgeID":"1727112","fromID":"1315623","toID":"1315622","formEdgeID":null},{"edgeID":"1727113","fromID":"1315624","toID":"1315623","formEdgeID":null},{"edgeID":"1727114","fromID":"1315622","toID":"1315625","formEdgeID":null},{"edgeID":"1727115","fromID":"1315625","toID":"1315621","formEdgeID":null},{"edgeID":"1727116","fromID":"1315613","toID":"1315626","formEdgeID":null},{"edgeID":"1727117","fromID":"1315626","toID":"1315622","formEdgeID":null}],"locutions":[]}