{"nodes":[{"nodeID":"1147835","text":"Boris Johnson felt it was his duty to say goodbye to work colleagues, whereas other people were not allowed to say goodbye to their nearest and dearest","type":"I","timestamp":"2023-04-20 10:28:05"},{"nodeID":"1147837","text":"from day one Robert Buckland said what happened was wrong","type":"I","timestamp":"2023-04-20 10:28:07"},{"nodeID":"1155979","text":"following the publication of the Sue Gray Report, being able to say goodbye to work colleagues, or loved ones as they die is more important","type":"I","timestamp":"2023-04-21 13:49:33"},{"nodeID":"1155984","text":"being able to say goodbye to loved ones as they die is far more important","type":"I","timestamp":"2023-04-21 13:49:35"},{"nodeID":"1155992","text":"all of my friends and people in this audience and outside who went through that experience will feel it very personally when they see people who make the laws break those laws","type":"I","timestamp":"2023-04-21 13:49:38"},{"nodeID":"1156000","text":"being able to say goodbye to loved ones as they die is far more important is plain and simple","type":"I","timestamp":"2023-04-21 13:49:40"},{"nodeID":"1156008","text":"Boris Johnson felt it was his duty to say farewell to colleagues","type":"I","timestamp":"2023-04-21 13:49:43"},{"nodeID":"1156018","text":"Boris Johnson feeling it was his duty to say farewell to colleagues is at the heart of AudienceMember 20220609QT275's question","type":"I","timestamp":"2023-04-21 13:49:47"},{"nodeID":"1156030","text":"the answer is there to Robert Buckland and a place and that was not it","type":"I","timestamp":"2023-04-21 13:49:52"},{"nodeID":"1156038","text":"we were living under restrictions after you will us in varying degrees at different parts of the country at different times of the crisis","type":"I","timestamp":"2023-04-21 13:49:55"},{"nodeID":"1156044","text":"the restrictions were clear","type":"I","timestamp":"2023-04-21 13:49:57"},{"nodeID":"1156052","text":"the restrictions changed our lives","type":"I","timestamp":"2023-04-21 13:49:59"},{"nodeID":"1156060","text":"Boris Johnson was or was not right to say it was his duty to say farewell to colleagues","type":"I","timestamp":"2023-04-21 13:50:02"},{"nodeID":"1156066","text":"Boris Johnson and the team at Number 10 clearly got it wrong","type":"I","timestamp":"2023-04-21 13:50:05"},{"nodeID":"1156072","text":"Boris Johnson was wrong","type":"I","timestamp":"2023-04-21 13:50:09"},{"nodeID":"1156082","text":"what should have happened is they said now is not the time","type":"I","timestamp":"2023-04-21 13:50:15"},{"nodeID":"1156096","text":"if all is well in a year's time, or however long it takes, then perhaps after the end of the pandemic when the restrictions are gone, we can do it then","type":"I","timestamp":"2023-04-21 13:50:17"},{"nodeID":"1156104","text":"that's what so many other millions of people have done with their lives","type":"I","timestamp":"2023-04-21 13:50:20"},{"nodeID":"1156110","text":"so many other millions of people have postponed weddings, all sorts of events - commemorative events","type":"I","timestamp":"2023-04-21 13:50:22"},{"nodeID":"1318617","text":"AudienceMember 20220609QT275: Following the publication of the Sue Gray Report, which is more important: being able to say goodbye to work colleagues, or loved ones as they die","type":"L","timestamp":"2023-11-09 13:21:35"},{"nodeID":"1318618","text":"Analysing","type":"YA","timestamp":"2023-11-09 13:21:35"},{"nodeID":"1318619","text":"Steffi: AudienceMember 20220609QT275: Following the publication of the Sue Gray Report, which is more important: being able to say goodbye to work colleagues, or loved ones as they die","type":"L","timestamp":"2023-11-09 13:21:35"},{"nodeID":"1318620","text":"Pure Questioning","type":"YA","timestamp":"2023-11-09 13:21:35"},{"nodeID":"1318621","text":"Robert Buckland: Being able to say goodbye to loved ones as they die is far more important","type":"L","timestamp":"2023-11-09 13:21:36"},{"nodeID":"1318622","text":"Analysing","type":"YA","timestamp":"2023-11-09 13:21:36"},{"nodeID":"1318623","text":"Steffi: Robert Buckland: Being able to say goodbye to loved ones as they die is far more important","type":"L","timestamp":"2023-11-09 13:21:36"},{"nodeID":"1318624","text":"Asserting","type":"YA","timestamp":"2023-11-09 13:21:36"},{"nodeID":"1318625","text":"Default Transition","type":"TA","timestamp":"2023-11-09 13:21:36"},{"nodeID":"1318626","text":"Default Rephrase","type":"MA","timestamp":"2023-11-09 13:21:36"},{"nodeID":"1318627","text":"Default Illocuting","type":"YA","timestamp":"2023-11-09 13:21:36"},{"nodeID":"1318628","text":"Robert Buckland: All of my friends and people in this audience and outside who went through that experience will feel it very personally when they see people who make the laws break those laws","type":"L","timestamp":"2023-11-09 13:21:36"},{"nodeID":"1318629","text":"Analysing","type":"YA","timestamp":"2023-11-09 13:21:36"},{"nodeID":"1318630","text":"Steffi: Robert Buckland: All of my friends and people in this audience and outside who went through that experience will feel it very personally when they see people who make the laws break those laws","type":"L","timestamp":"2023-11-09 13:21:36"},{"nodeID":"1318631","text":"Asserting","type":"YA","timestamp":"2023-11-09 13:21:36"},{"nodeID":"1318632","text":"Default Transition","type":"TA","timestamp":"2023-11-09 13:21:36"},{"nodeID":"1318633","text":"Default Inference","type":"RA","timestamp":"2023-11-09 13:21:36"},{"nodeID":"1318634","text":"Arguing","type":"YA","timestamp":"2023-11-09 13:21:36"},{"nodeID":"1318635","text":"Robert Buckland: It's plain and simple","type":"L","timestamp":"2023-11-09 13:21:37"},{"nodeID":"1318636","text":"Analysing","type":"YA","timestamp":"2023-11-09 13:21:37"},{"nodeID":"1318637","text":"Steffi: Robert Buckland: It's plain and simple","type":"L","timestamp":"2023-11-09 13:21:37"},{"nodeID":"1318638","text":"Asserting","type":"YA","timestamp":"2023-11-09 13:21:37"},{"nodeID":"1318639","text":"Default Rephrase","type":"MA","timestamp":"2023-11-09 13:21:37"},{"nodeID":"1318640","text":"Default Transition","type":"TA","timestamp":"2023-11-09 13:21:37"},{"nodeID":"1318641","text":"Restating","type":"YA","timestamp":"2023-11-09 13:21:37"},{"nodeID":"1318642","text":"Fiona Bruce: Boris Johnson said he felt it was his duty to say farewell to colleagues","type":"L","timestamp":"2023-11-09 13:21:37"},{"nodeID":"1318643","text":"Analysing","type":"YA","timestamp":"2023-11-09 13:21:37"},{"nodeID":"1318644","text":"Steffi: Fiona Bruce: Boris Johnson said he felt it was his duty to say farewell to colleagues","type":"L","timestamp":"2023-11-09 13:21:37"},{"nodeID":"1318645","text":"Default Transition","type":"TA","timestamp":"2023-11-09 13:21:37"},{"nodeID":"1318646","text":"Boris Johnson: I felt it was my duty to say farewell to colleagues","type":"L","timestamp":"2023-11-09 13:21:37"},{"nodeID":"1318647","text":"Analysing","type":"YA","timestamp":"2023-11-09 13:21:37"},{"nodeID":"1318648","text":"Steffi: Boris Johnson: Boris Johnson said he felt it was his duty to say farewell to colleagues","type":"L","timestamp":"2023-11-09 13:21:37"},{"nodeID":"1318649","text":"Asserting","type":"YA","timestamp":"2023-11-09 13:21:37"},{"nodeID":"1318650","text":"Asserting","type":"YA","timestamp":"2023-11-09 13:21:37"},{"nodeID":"1318651","text":"Fiona Bruce: is at the heart of your question","type":"L","timestamp":"2023-11-09 13:21:38"},{"nodeID":"1318652","text":"Analysing","type":"YA","timestamp":"2023-11-09 13:21:38"},{"nodeID":"1318653","text":"Steffi: Fiona Bruce: is at the heart of your question","type":"L","timestamp":"2023-11-09 13:21:38"},{"nodeID":"1318654","text":"Asserting","type":"YA","timestamp":"2023-11-09 13:21:38"},{"nodeID":"1318655","text":"Default Transition","type":"TA","timestamp":"2023-11-09 13:21:38"},{"nodeID":"1318656","text":"Fiona Bruce: He felt it was his duty to say goodbye to work colleagues, whereas other people were not allowed to say goodbye to their nearest and dearest","type":"L","timestamp":"2023-11-09 13:21:39"},{"nodeID":"1318657","text":"Analysing","type":"YA","timestamp":"2023-11-09 13:21:39"},{"nodeID":"1318658","text":"Steffi: Fiona Bruce: He felt it was his duty to say goodbye to work colleagues, whereas other people were not allowed to say goodbye to their nearest and dearest","type":"L","timestamp":"2023-11-09 13:21:39"},{"nodeID":"1318659","text":"Asserting","type":"YA","timestamp":"2023-11-09 13:21:39"},{"nodeID":"1318660","text":"Default Transition","type":"TA","timestamp":"2023-11-09 13:21:39"},{"nodeID":"1318661","text":"Default Rephrase","type":"MA","timestamp":"2023-11-09 13:21:39"},{"nodeID":"1318662","text":"Restating","type":"YA","timestamp":"2023-11-09 13:21:39"},{"nodeID":"1318663","text":"Robert Buckland: the answer is there i to me and a place and that was not it","type":"L","timestamp":"2023-11-09 13:21:39"},{"nodeID":"1318664","text":"Analysing","type":"YA","timestamp":"2023-11-09 13:21:39"},{"nodeID":"1318665","text":"Steffi: Robert Buckland: the answer is there i to me and a place and that was not it","type":"L","timestamp":"2023-11-09 13:21:39"},{"nodeID":"1318666","text":"Asserting","type":"YA","timestamp":"2023-11-09 13:21:39"},{"nodeID":"1318667","text":"Default Transition","type":"TA","timestamp":"2023-11-09 13:21:39"},{"nodeID":"1318668","text":"Default Conflict","type":"CA","timestamp":"2023-11-09 13:21:39"},{"nodeID":"1318669","text":"Disagreeing","type":"YA","timestamp":"2023-11-09 13:21:39"},{"nodeID":"1318670","text":"Robert Buckland: we were living under restrictions after you will us in varying degrees at different parts of the country at different times of the crisis","type":"L","timestamp":"2023-11-09 13:21:40"},{"nodeID":"1318671","text":"Analysing","type":"YA","timestamp":"2023-11-09 13:21:40"},{"nodeID":"1318672","text":"Steffi: Robert Buckland: we were living under restrictions after you will us in varying degrees at different parts of the country at different times of the crisis","type":"L","timestamp":"2023-11-09 13:21:40"},{"nodeID":"1318673","text":"Asserting","type":"YA","timestamp":"2023-11-09 13:21:40"},{"nodeID":"1318674","text":"Default Transition","type":"TA","timestamp":"2023-11-09 13:21:40"},{"nodeID":"1318675","text":"Robert Buckland: the restrictions were clear","type":"L","timestamp":"2023-11-09 13:21:40"},{"nodeID":"1318676","text":"Analysing","type":"YA","timestamp":"2023-11-09 13:21:40"},{"nodeID":"1318677","text":"Steffi: Robert Buckland: the restrictions were clear","type":"L","timestamp":"2023-11-09 13:21:40"},{"nodeID":"1318678","text":"Asserting","type":"YA","timestamp":"2023-11-09 13:21:40"},{"nodeID":"1318679","text":"Default Transition","type":"TA","timestamp":"2023-11-09 13:21:40"},{"nodeID":"1318680","text":"Default Rephrase","type":"MA","timestamp":"2023-11-09 13:21:40"},{"nodeID":"1318681","text":"Restating","type":"YA","timestamp":"2023-11-09 13:21:40"},{"nodeID":"1318682","text":"Robert Buckland: They changed our lives","type":"L","timestamp":"2023-11-09 13:21:41"},{"nodeID":"1318683","text":"Analysing","type":"YA","timestamp":"2023-11-09 13:21:41"},{"nodeID":"1318684","text":"Steffi: Robert Buckland: They changed our lives","type":"L","timestamp":"2023-11-09 13:21:41"},{"nodeID":"1318685","text":"Asserting","type":"YA","timestamp":"2023-11-09 13:21:41"},{"nodeID":"1318686","text":"Default Transition","type":"TA","timestamp":"2023-11-09 13:21:41"},{"nodeID":"1318687","text":"Default Rephrase","type":"MA","timestamp":"2023-11-09 13:21:41"},{"nodeID":"1318688","text":"Restating","type":"YA","timestamp":"2023-11-09 13:21:41"},{"nodeID":"1318689","text":"Fiona Bruce: was Boris Johnson right to say it was his duty to say farewell to colleagues","type":"L","timestamp":"2023-11-09 13:21:42"},{"nodeID":"1318690","text":"Analysing","type":"YA","timestamp":"2023-11-09 13:21:42"},{"nodeID":"1318691","text":"Steffi: Fiona Bruce: was Boris Johnson right to say it was his duty to say farewell to colleagues","type":"L","timestamp":"2023-11-09 13:21:42"},{"nodeID":"1318692","text":"Pure Questioning","type":"YA","timestamp":"2023-11-09 13:21:42"},{"nodeID":"1318693","text":"Default Transition","type":"TA","timestamp":"2023-11-09 13:21:42"},{"nodeID":"1318694","text":"Robert Buckland: He and the team at Number 10 clearly got it wrong","type":"L","timestamp":"2023-11-09 13:21:42"},{"nodeID":"1318695","text":"Analysing","type":"YA","timestamp":"2023-11-09 13:21:42"},{"nodeID":"1318696","text":"Steffi: Robert Buckland: He and the team at Number 10 clearly got it wrong","type":"L","timestamp":"2023-11-09 13:21:42"},{"nodeID":"1318697","text":"Asserting","type":"YA","timestamp":"2023-11-09 13:21:42"},{"nodeID":"1318698","text":"Default Transition","type":"TA","timestamp":"2023-11-09 13:21:42"},{"nodeID":"1318699","text":"Fiona Bruce: he was wrong","type":"L","timestamp":"2023-11-09 13:21:43"},{"nodeID":"1318700","text":"Analysing","type":"YA","timestamp":"2023-11-09 13:21:43"},{"nodeID":"1318701","text":"Steffi: Fiona Bruce: he was wrong","type":"L","timestamp":"2023-11-09 13:21:43"},{"nodeID":"1318702","text":"Asserting","type":"YA","timestamp":"2023-11-09 13:21:43"},{"nodeID":"1318703","text":"Default Transition","type":"TA","timestamp":"2023-11-09 13:21:43"},{"nodeID":"1318704","text":"Robert Buckland: From day one I said what happened was wrong","type":"L","timestamp":"2023-11-09 13:21:43"},{"nodeID":"1318705","text":"Analysing","type":"YA","timestamp":"2023-11-09 13:21:43"},{"nodeID":"1318706","text":"Steffi: Robert Buckland: From day one I said what happened was wrong","type":"L","timestamp":"2023-11-09 13:21:43"},{"nodeID":"1318707","text":"Asserting","type":"YA","timestamp":"2023-11-09 13:21:43"},{"nodeID":"1318708","text":"Default Transition","type":"TA","timestamp":"2023-11-09 13:21:43"},{"nodeID":"1318709","text":"Robert Buckland: what should have happened is they said now is not the time","type":"L","timestamp":"2023-11-09 13:21:44"},{"nodeID":"1318710","text":"Analysing","type":"YA","timestamp":"2023-11-09 13:21:44"},{"nodeID":"1318711","text":"Steffi: Robert Buckland: what should have happened is they said now is not the time","type":"L","timestamp":"2023-11-09 13:21:44"},{"nodeID":"1318712","text":"Asserting","type":"YA","timestamp":"2023-11-09 13:21:44"},{"nodeID":"1318713","text":"Default Transition","type":"TA","timestamp":"2023-11-09 13:21:44"},{"nodeID":"1318714","text":"Default Rephrase","type":"MA","timestamp":"2023-11-09 13:21:44"},{"nodeID":"1318715","text":"Restating","type":"YA","timestamp":"2023-11-09 13:21:44"},{"nodeID":"1318716","text":"Default Rephrase","type":"MA","timestamp":"2023-11-09 13:21:44"},{"nodeID":"1318717","text":"Default Illocuting","type":"YA","timestamp":"2023-11-09 13:21:44"},{"nodeID":"1318718","text":"Default Rephrase","type":"MA","timestamp":"2023-11-09 13:21:44"},{"nodeID":"1318719","text":"Restating","type":"YA","timestamp":"2023-11-09 13:21:44"},{"nodeID":"1318720","text":"Default Inference","type":"RA","timestamp":"2023-11-09 13:21:44"},{"nodeID":"1318721","text":"Arguing","type":"YA","timestamp":"2023-11-09 13:21:44"},{"nodeID":"1318722","text":"Robert Buckland: If all is well in a year's time, or however long it takes, then perhaps after the end of the pandemic when the restrictions are gone, we can do it then","type":"L","timestamp":"2023-11-09 13:21:45"},{"nodeID":"1318723","text":"Analysing","type":"YA","timestamp":"2023-11-09 13:21:45"},{"nodeID":"1318724","text":"Steffi: Robert Buckland: If all is well in a year's time, or however long it takes, then perhaps after the end of the pandemic when the restrictions are gone, we can do it then","type":"L","timestamp":"2023-11-09 13:21:45"},{"nodeID":"1318725","text":"Asserting","type":"YA","timestamp":"2023-11-09 13:21:45"},{"nodeID":"1318726","text":"Default Transition","type":"TA","timestamp":"2023-11-09 13:21:45"},{"nodeID":"1318727","text":"Default Rephrase","type":"MA","timestamp":"2023-11-09 13:21:45"},{"nodeID":"1318728","text":"Restating","type":"YA","timestamp":"2023-11-09 13:21:45"},{"nodeID":"1318729","text":"Robert Buckland: That's what so many other millions of people have done with their lives","type":"L","timestamp":"2023-11-09 13:21:45"},{"nodeID":"1318730","text":"Analysing","type":"YA","timestamp":"2023-11-09 13:21:45"},{"nodeID":"1318731","text":"Steffi: Robert Buckland: That's what so many other millions of people have done with their lives","type":"L","timestamp":"2023-11-09 13:21:45"},{"nodeID":"1318732","text":"Asserting","type":"YA","timestamp":"2023-11-09 13:21:45"},{"nodeID":"1318733","text":"Default Transition","type":"TA","timestamp":"2023-11-09 13:21:45"},{"nodeID":"1318734","text":"Robert Buckland: They've postponed weddings, all sorts of events - commemorative events","type":"L","timestamp":"2023-11-09 13:21:46"},{"nodeID":"1318735","text":"Analysing","type":"YA","timestamp":"2023-11-09 13:21:46"},{"nodeID":"1318736","text":"Steffi: Robert Buckland: They've postponed weddings, all sorts of events - commemorative events","type":"L","timestamp":"2023-11-09 13:21:46"},{"nodeID":"1318737","text":"Asserting","type":"YA","timestamp":"2023-11-09 13:21:46"},{"nodeID":"1318738","text":"Default Transition","type":"TA","timestamp":"2023-11-09 13:21:46"},{"nodeID":"1318739","text":"Default Rephrase","type":"MA","timestamp":"2023-11-09 13:21:46"},{"nodeID":"1318740","text":"Restating","type":"YA","timestamp":"2023-11-09 13:21:46"},{"nodeID":"1318741","text":"Default Rephrase","type":"MA","timestamp":"2023-11-09 13:21:46"},{"nodeID":"1318742","text":"Restating","type":"YA","timestamp":"2023-11-09 13:21:46"}],"edges":[{"edgeID":"1730729","fromID":"1318618","toID":"1318617","formEdgeID":null},{"edgeID":"1730730","fromID":"1318619","toID":"1318618","formEdgeID":null},{"edgeID":"1730731","fromID":"1318617","toID":"1318620","formEdgeID":null},{"edgeID":"1730732","fromID":"1318620","toID":"1155979","formEdgeID":null},{"edgeID":"1730733","fromID":"1318622","toID":"1318621","formEdgeID":null},{"edgeID":"1730734","fromID":"1318623","toID":"1318622","formEdgeID":null},{"edgeID":"1730735","fromID":"1318621","toID":"1318624","formEdgeID":null},{"edgeID":"1730736","fromID":"1318624","toID":"1155984","formEdgeID":null},{"edgeID":"1730737","fromID":"1318617","toID":"1318625","formEdgeID":null},{"edgeID":"1730738","fromID":"1318625","toID":"1318621","formEdgeID":null},{"edgeID":"1730739","fromID":"1155984","toID":"1318626","formEdgeID":null},{"edgeID":"1730740","fromID":"1318626","toID":"1155979","formEdgeID":null},{"edgeID":"1730741","fromID":"1318625","toID":"1318627","formEdgeID":null},{"edgeID":"1730742","fromID":"1318627","toID":"1318626","formEdgeID":null},{"edgeID":"1730743","fromID":"1318629","toID":"1318628","formEdgeID":null},{"edgeID":"1730744","fromID":"1318630","toID":"1318629","formEdgeID":null},{"edgeID":"1730745","fromID":"1318628","toID":"1318631","formEdgeID":null},{"edgeID":"1730746","fromID":"1318631","toID":"1155992","formEdgeID":null},{"edgeID":"1730747","fromID":"1318621","toID":"1318632","formEdgeID":null},{"edgeID":"1730748","fromID":"1318632","toID":"1318628","formEdgeID":null},{"edgeID":"1730749","fromID":"1155992","toID":"1318633","formEdgeID":null},{"edgeID":"1730750","fromID":"1318633","toID":"1155984","formEdgeID":null},{"edgeID":"1730751","fromID":"1318632","toID":"1318634","formEdgeID":null},{"edgeID":"1730752","fromID":"1318634","toID":"1318633","formEdgeID":null},{"edgeID":"1730753","fromID":"1318636","toID":"1318635","formEdgeID":null},{"edgeID":"1730754","fromID":"1318637","toID":"1318636","formEdgeID":null},{"edgeID":"1730755","fromID":"1318635","toID":"1318638","formEdgeID":null},{"edgeID":"1730756","fromID":"1318638","toID":"1156000","formEdgeID":null},{"edgeID":"1730757","fromID":"1156000","toID":"1318639","formEdgeID":null},{"edgeID":"1730758","fromID":"1318639","toID":"1155984","formEdgeID":null},{"edgeID":"1730759","fromID":"1318621","toID":"1318640","formEdgeID":null},{"edgeID":"1730760","fromID":"1318640","toID":"1318635","formEdgeID":null},{"edgeID":"1730761","fromID":"1318640","toID":"1318641","formEdgeID":null},{"edgeID":"1730762","fromID":"1318641","toID":"1318639","formEdgeID":null},{"edgeID":"1730763","fromID":"1318643","toID":"1318642","formEdgeID":null},{"edgeID":"1730764","fromID":"1318644","toID":"1318643","formEdgeID":null},{"edgeID":"1730765","fromID":"1318635","toID":"1318645","formEdgeID":null},{"edgeID":"1730766","fromID":"1318645","toID":"1318642","formEdgeID":null},{"edgeID":"1730767","fromID":"1318647","toID":"1318646","formEdgeID":null},{"edgeID":"1730768","fromID":"1318648","toID":"1318647","formEdgeID":null},{"edgeID":"1730769","fromID":"1318646","toID":"1318649","formEdgeID":null},{"edgeID":"1730770","fromID":"1318649","toID":"1156008","formEdgeID":null},{"edgeID":"1730771","fromID":"1318642","toID":"1318650","formEdgeID":null},{"edgeID":"1730772","fromID":"1318650","toID":"1318646","formEdgeID":null},{"edgeID":"1730773","fromID":"1318652","toID":"1318651","formEdgeID":null},{"edgeID":"1730774","fromID":"1318653","toID":"1318652","formEdgeID":null},{"edgeID":"1730775","fromID":"1318651","toID":"1318654","formEdgeID":null},{"edgeID":"1730776","fromID":"1318654","toID":"1156018","formEdgeID":null},{"edgeID":"1730777","fromID":"1318642","toID":"1318655","formEdgeID":null},{"edgeID":"1730778","fromID":"1318655","toID":"1318651","formEdgeID":null},{"edgeID":"1730779","fromID":"1318657","toID":"1318656","formEdgeID":null},{"edgeID":"1730780","fromID":"1318658","toID":"1318657","formEdgeID":null},{"edgeID":"1730781","fromID":"1318656","toID":"1318659","formEdgeID":null},{"edgeID":"1730782","fromID":"1318659","toID":"1147835","formEdgeID":null},{"edgeID":"1730783","fromID":"1318651","toID":"1318660","formEdgeID":null},{"edgeID":"1730784","fromID":"1318660","toID":"1318656","formEdgeID":null},{"edgeID":"1730785","fromID":"1147835","toID":"1318661","formEdgeID":null},{"edgeID":"1730786","fromID":"1318661","toID":"1156018","formEdgeID":null},{"edgeID":"1730787","fromID":"1318660","toID":"1318662","formEdgeID":null},{"edgeID":"1730788","fromID":"1318662","toID":"1318661","formEdgeID":null},{"edgeID":"1730789","fromID":"1318664","toID":"1318663","formEdgeID":null},{"edgeID":"1730790","fromID":"1318665","toID":"1318664","formEdgeID":null},{"edgeID":"1730791","fromID":"1318663","toID":"1318666","formEdgeID":null},{"edgeID":"1730792","fromID":"1318666","toID":"1156030","formEdgeID":null},{"edgeID":"1730793","fromID":"1318656","toID":"1318667","formEdgeID":null},{"edgeID":"1730794","fromID":"1318667","toID":"1318663","formEdgeID":null},{"edgeID":"1730795","fromID":"1156030","toID":"1318668","formEdgeID":null},{"edgeID":"1730796","fromID":"1318668","toID":"1147835","formEdgeID":null},{"edgeID":"1730797","fromID":"1318667","toID":"1318669","formEdgeID":null},{"edgeID":"1730798","fromID":"1318669","toID":"1318668","formEdgeID":null},{"edgeID":"1730799","fromID":"1318671","toID":"1318670","formEdgeID":null},{"edgeID":"1730800","fromID":"1318672","toID":"1318671","formEdgeID":null},{"edgeID":"1730801","fromID":"1318670","toID":"1318673","formEdgeID":null},{"edgeID":"1730802","fromID":"1318673","toID":"1156038","formEdgeID":null},{"edgeID":"1730803","fromID":"1318663","toID":"1318674","formEdgeID":null},{"edgeID":"1730804","fromID":"1318674","toID":"1318670","formEdgeID":null},{"edgeID":"1730805","fromID":"1318676","toID":"1318675","formEdgeID":null},{"edgeID":"1730806","fromID":"1318677","toID":"1318676","formEdgeID":null},{"edgeID":"1730807","fromID":"1318675","toID":"1318678","formEdgeID":null},{"edgeID":"1730808","fromID":"1318678","toID":"1156044","formEdgeID":null},{"edgeID":"1730809","fromID":"1318670","toID":"1318679","formEdgeID":null},{"edgeID":"1730810","fromID":"1318679","toID":"1318675","formEdgeID":null},{"edgeID":"1730811","fromID":"1156044","toID":"1318680","formEdgeID":null},{"edgeID":"1730812","fromID":"1318680","toID":"1156038","formEdgeID":null},{"edgeID":"1730813","fromID":"1318679","toID":"1318681","formEdgeID":null},{"edgeID":"1730814","fromID":"1318681","toID":"1318680","formEdgeID":null},{"edgeID":"1730815","fromID":"1318683","toID":"1318682","formEdgeID":null},{"edgeID":"1730816","fromID":"1318684","toID":"1318683","formEdgeID":null},{"edgeID":"1730817","fromID":"1318682","toID":"1318685","formEdgeID":null},{"edgeID":"1730818","fromID":"1318685","toID":"1156052","formEdgeID":null},{"edgeID":"1730819","fromID":"1318675","toID":"1318686","formEdgeID":null},{"edgeID":"1730820","fromID":"1318686","toID":"1318682","formEdgeID":null},{"edgeID":"1730821","fromID":"1156052","toID":"1318687","formEdgeID":null},{"edgeID":"1730822","fromID":"1318687","toID":"1156044","formEdgeID":null},{"edgeID":"1730823","fromID":"1318686","toID":"1318688","formEdgeID":null},{"edgeID":"1730824","fromID":"1318688","toID":"1318687","formEdgeID":null},{"edgeID":"1730825","fromID":"1318690","toID":"1318689","formEdgeID":null},{"edgeID":"1730826","fromID":"1318691","toID":"1318690","formEdgeID":null},{"edgeID":"1730827","fromID":"1318689","toID":"1318692","formEdgeID":null},{"edgeID":"1730828","fromID":"1318692","toID":"1156060","formEdgeID":null},{"edgeID":"1730829","fromID":"1318682","toID":"1318693","formEdgeID":null},{"edgeID":"1730830","fromID":"1318693","toID":"1318689","formEdgeID":null},{"edgeID":"1730831","fromID":"1318695","toID":"1318694","formEdgeID":null},{"edgeID":"1730832","fromID":"1318696","toID":"1318695","formEdgeID":null},{"edgeID":"1730833","fromID":"1318694","toID":"1318697","formEdgeID":null},{"edgeID":"1730834","fromID":"1318697","toID":"1156066","formEdgeID":null},{"edgeID":"1730835","fromID":"1318689","toID":"1318698","formEdgeID":null},{"edgeID":"1730836","fromID":"1318698","toID":"1318694","formEdgeID":null},{"edgeID":"1730837","fromID":"1318700","toID":"1318699","formEdgeID":null},{"edgeID":"1730838","fromID":"1318701","toID":"1318700","formEdgeID":null},{"edgeID":"1730839","fromID":"1318699","toID":"1318702","formEdgeID":null},{"edgeID":"1730840","fromID":"1318702","toID":"1156072","formEdgeID":null},{"edgeID":"1730841","fromID":"1318694","toID":"1318703","formEdgeID":null},{"edgeID":"1730842","fromID":"1318703","toID":"1318699","formEdgeID":null},{"edgeID":"1730843","fromID":"1318705","toID":"1318704","formEdgeID":null},{"edgeID":"1730844","fromID":"1318706","toID":"1318705","formEdgeID":null},{"edgeID":"1730845","fromID":"1318704","toID":"1318707","formEdgeID":null},{"edgeID":"1730846","fromID":"1318707","toID":"1147837","formEdgeID":null},{"edgeID":"1730847","fromID":"1318699","toID":"1318708","formEdgeID":null},{"edgeID":"1730848","fromID":"1318708","toID":"1318704","formEdgeID":null},{"edgeID":"1730849","fromID":"1318710","toID":"1318709","formEdgeID":null},{"edgeID":"1730850","fromID":"1318711","toID":"1318710","formEdgeID":null},{"edgeID":"1730851","fromID":"1318709","toID":"1318712","formEdgeID":null},{"edgeID":"1730852","fromID":"1318712","toID":"1156082","formEdgeID":null},{"edgeID":"1730853","fromID":"1318704","toID":"1318713","formEdgeID":null},{"edgeID":"1730854","fromID":"1318713","toID":"1318709","formEdgeID":null},{"edgeID":"1730855","fromID":"1147837","toID":"1318714","formEdgeID":null},{"edgeID":"1730856","fromID":"1318714","toID":"1156072","formEdgeID":null},{"edgeID":"1730857","fromID":"1318708","toID":"1318715","formEdgeID":null},{"edgeID":"1730858","fromID":"1318715","toID":"1318714","formEdgeID":null},{"edgeID":"1730859","fromID":"1156066","toID":"1318716","formEdgeID":null},{"edgeID":"1730860","fromID":"1318716","toID":"1156060","formEdgeID":null},{"edgeID":"1730861","fromID":"1318698","toID":"1318717","formEdgeID":null},{"edgeID":"1730862","fromID":"1318717","toID":"1318716","formEdgeID":null},{"edgeID":"1730863","fromID":"1156072","toID":"1318718","formEdgeID":null},{"edgeID":"1730864","fromID":"1318718","toID":"1156066","formEdgeID":null},{"edgeID":"1730865","fromID":"1318703","toID":"1318719","formEdgeID":null},{"edgeID":"1730866","fromID":"1318719","toID":"1318718","formEdgeID":null},{"edgeID":"1730867","fromID":"1156082","toID":"1318720","formEdgeID":null},{"edgeID":"1730868","fromID":"1318720","toID":"1147837","formEdgeID":null},{"edgeID":"1730869","fromID":"1318713","toID":"1318721","formEdgeID":null},{"edgeID":"1730870","fromID":"1318721","toID":"1318720","formEdgeID":null},{"edgeID":"1730871","fromID":"1318723","toID":"1318722","formEdgeID":null},{"edgeID":"1730872","fromID":"1318724","toID":"1318723","formEdgeID":null},{"edgeID":"1730873","fromID":"1318722","toID":"1318725","formEdgeID":null},{"edgeID":"1730874","fromID":"1318725","toID":"1156096","formEdgeID":null},{"edgeID":"1730875","fromID":"1318709","toID":"1318726","formEdgeID":null},{"edgeID":"1730876","fromID":"1318726","toID":"1318722","formEdgeID":null},{"edgeID":"1730877","fromID":"1156096","toID":"1318727","formEdgeID":null},{"edgeID":"1730878","fromID":"1318727","toID":"1156082","formEdgeID":null},{"edgeID":"1730879","fromID":"1318726","toID":"1318728","formEdgeID":null},{"edgeID":"1730880","fromID":"1318728","toID":"1318727","formEdgeID":null},{"edgeID":"1730881","fromID":"1318730","toID":"1318729","formEdgeID":null},{"edgeID":"1730882","fromID":"1318731","toID":"1318730","formEdgeID":null},{"edgeID":"1730883","fromID":"1318729","toID":"1318732","formEdgeID":null},{"edgeID":"1730884","fromID":"1318732","toID":"1156104","formEdgeID":null},{"edgeID":"1730885","fromID":"1318722","toID":"1318733","formEdgeID":null},{"edgeID":"1730886","fromID":"1318733","toID":"1318729","formEdgeID":null},{"edgeID":"1730887","fromID":"1318735","toID":"1318734","formEdgeID":null},{"edgeID":"1730888","fromID":"1318736","toID":"1318735","formEdgeID":null},{"edgeID":"1730889","fromID":"1318734","toID":"1318737","formEdgeID":null},{"edgeID":"1730890","fromID":"1318737","toID":"1156110","formEdgeID":null},{"edgeID":"1730891","fromID":"1318729","toID":"1318738","formEdgeID":null},{"edgeID":"1730892","fromID":"1318738","toID":"1318734","formEdgeID":null},{"edgeID":"1730893","fromID":"1156110","toID":"1318739","formEdgeID":null},{"edgeID":"1730894","fromID":"1318739","toID":"1156104","formEdgeID":null},{"edgeID":"1730895","fromID":"1318738","toID":"1318740","formEdgeID":null},{"edgeID":"1730896","fromID":"1318740","toID":"1318739","formEdgeID":null},{"edgeID":"1730897","fromID":"1156104","toID":"1318741","formEdgeID":null},{"edgeID":"1730898","fromID":"1318741","toID":"1156096","formEdgeID":null},{"edgeID":"1730899","fromID":"1318733","toID":"1318742","formEdgeID":null},{"edgeID":"1730900","fromID":"1318742","toID":"1318741","formEdgeID":null}],"locutions":[]}