{"nodes":[{"nodeID":"1057974","text":"people want to see that the conversation about a united Ireland is informed","type":"I","timestamp":"2022-10-21 17:21:42"},{"nodeID":"1057983","text":"we have called on the Irish Government to convene a Citizens' Assembly which will do just that","type":"I","timestamp":"2022-10-21 17:21:46"},{"nodeID":"1057998","text":"we've called on the British government to clarify that term in the Good Friday Agreement","type":"I","timestamp":"2022-10-21 17:21:49"},{"nodeID":"1058007","text":"we've called on the British government to clarify what would actually trigger referendums for unification of Ireland","type":"I","timestamp":"2022-10-21 17:21:52"},{"nodeID":"1058020","text":"no matter where you are, as you've referenced on the decision, on the question, you might be for, you might be against, or you might be somewhere in between, you need to know what it is you're voting for; you need to know what it is you're voting against","type":"I","timestamp":"2022-10-21 17:21:55"},{"nodeID":"1058039","text":"there is a border poll coming at some stage","type":"I","timestamp":"2022-10-21 17:21:57"},{"nodeID":"1058051","text":"Brexit has been a huge catalyst for what could potentially be the break-up of the union of the United Kingdom as we currently see it","type":"I","timestamp":"2022-10-21 17:22:00"},{"nodeID":"1339041","text":"John Finucane: people want to see that that conversation informed","type":"L","timestamp":"2023-11-09 13:51:44"},{"nodeID":"1339042","text":"Analysing","type":"YA","timestamp":"2023-11-09 13:51:44"},{"nodeID":"1339043","text":"Anon: John Finucane: people want to see that that conversation informed","type":"L","timestamp":"2023-11-09 13:51:44"},{"nodeID":"1339044","text":"Asserting","type":"YA","timestamp":"2023-11-09 13:51:44"},{"nodeID":"1339045","text":"John Finucane: we have called on the Irish Government to convene a Citizens' Assembly which will do just that","type":"L","timestamp":"2023-11-09 13:51:45"},{"nodeID":"1339046","text":"Analysing","type":"YA","timestamp":"2023-11-09 13:51:45"},{"nodeID":"1339047","text":"Anon: John Finucane: we have called on the Irish Government to convene a Citizens' Assembly which will do just that","type":"L","timestamp":"2023-11-09 13:51:45"},{"nodeID":"1339048","text":"Asserting","type":"YA","timestamp":"2023-11-09 13:51:45"},{"nodeID":"1339049","text":"Default Transition","type":"TA","timestamp":"2023-11-09 13:51:45"},{"nodeID":"1339050","text":"Default Inference","type":"RA","timestamp":"2023-11-09 13:51:45"},{"nodeID":"1339051","text":"Arguing","type":"YA","timestamp":"2023-11-09 13:51:45"},{"nodeID":"1339052","text":"John Finucane: We've called on the British government to clarify that term in the Good Friday Agreement","type":"L","timestamp":"2023-11-09 13:51:45"},{"nodeID":"1339053","text":"Analysing","type":"YA","timestamp":"2023-11-09 13:51:45"},{"nodeID":"1339054","text":"Anon: John Finucane: We've called on the British government to clarify that term in the Good Friday Agreement","type":"L","timestamp":"2023-11-09 13:51:45"},{"nodeID":"1339055","text":"Asserting","type":"YA","timestamp":"2023-11-09 13:51:45"},{"nodeID":"1339056","text":"Default Transition","type":"TA","timestamp":"2023-11-09 13:51:45"},{"nodeID":"1339057","text":"John Finucane: what would actually trigger such referendums on this island","type":"L","timestamp":"2023-11-09 13:51:46"},{"nodeID":"1339058","text":"Analysing","type":"YA","timestamp":"2023-11-09 13:51:46"},{"nodeID":"1339059","text":"Anon: John Finucane: what would actually trigger such referendums on this island","type":"L","timestamp":"2023-11-09 13:51:46"},{"nodeID":"1339060","text":"Asserting","type":"YA","timestamp":"2023-11-09 13:51:46"},{"nodeID":"1339061","text":"Default Transition","type":"TA","timestamp":"2023-11-09 13:51:46"},{"nodeID":"1339062","text":"Default Rephrase","type":"MA","timestamp":"2023-11-09 13:51:46"},{"nodeID":"1339063","text":"Restating","type":"YA","timestamp":"2023-11-09 13:51:46"},{"nodeID":"1339064","text":"John Finucane: no matter where you are, as you've referenced on the decision, on the question, you might be for, you might be against, or you might be somewhere in between, you need to know what it is you're voting for; you need to know what it is you're voting against","type":"L","timestamp":"2023-11-09 13:51:46"},{"nodeID":"1339065","text":"Analysing","type":"YA","timestamp":"2023-11-09 13:51:46"},{"nodeID":"1339066","text":"Anon: John Finucane: no matter where you are, as you've referenced on the decision, on the question, you might be for, you might be against, or you might be somewhere in between, you need to know what it is you're voting for; you need to know what it is you're voting against","type":"L","timestamp":"2023-11-09 13:51:46"},{"nodeID":"1339067","text":"Asserting","type":"YA","timestamp":"2023-11-09 13:51:46"},{"nodeID":"1339068","text":"Default Transition","type":"TA","timestamp":"2023-11-09 13:51:46"},{"nodeID":"1339069","text":"Default Inference","type":"RA","timestamp":"2023-11-09 13:51:46"},{"nodeID":"1339070","text":"Arguing","type":"YA","timestamp":"2023-11-09 13:51:46"},{"nodeID":"1339071","text":"John Finucane: there is a border poll coming at some stage","type":"L","timestamp":"2023-11-09 13:51:47"},{"nodeID":"1339072","text":"Analysing","type":"YA","timestamp":"2023-11-09 13:51:47"},{"nodeID":"1339073","text":"Anon: John Finucane: there is a border poll coming at some stage","type":"L","timestamp":"2023-11-09 13:51:47"},{"nodeID":"1339074","text":"Asserting","type":"YA","timestamp":"2023-11-09 13:51:47"},{"nodeID":"1339075","text":"Default Transition","type":"TA","timestamp":"2023-11-09 13:51:47"},{"nodeID":"1339076","text":"John Finucane: Brexit has been a huge catalyst for what could potentially be the break-up of the union of the United Kingdom as we currently see it","type":"L","timestamp":"2023-11-09 13:51:48"},{"nodeID":"1339077","text":"Analysing","type":"YA","timestamp":"2023-11-09 13:51:48"},{"nodeID":"1339078","text":"Anon: John Finucane: Brexit has been a huge catalyst for what could potentially be the break-up of the union of the United Kingdom as we currently see it","type":"L","timestamp":"2023-11-09 13:51:48"},{"nodeID":"1339079","text":"Asserting","type":"YA","timestamp":"2023-11-09 13:51:48"},{"nodeID":"1339080","text":"Default Inference","type":"RA","timestamp":"2023-11-09 13:51:48"},{"nodeID":"1339081","text":"Arguing","type":"YA","timestamp":"2023-11-09 13:51:48"},{"nodeID":"1339082","text":"Default Inference","type":"RA","timestamp":"2023-11-09 13:51:48"},{"nodeID":"1339083","text":"Default Transition","type":"TA","timestamp":"2023-11-09 13:51:48"},{"nodeID":"1339084","text":"Arguing","type":"YA","timestamp":"2023-11-09 13:51:48"}],"edges":[{"edgeID":"1755263","fromID":"1339042","toID":"1339041","formEdgeID":null},{"edgeID":"1755264","fromID":"1339043","toID":"1339042","formEdgeID":null},{"edgeID":"1755265","fromID":"1339041","toID":"1339044","formEdgeID":null},{"edgeID":"1755266","fromID":"1339044","toID":"1057974","formEdgeID":null},{"edgeID":"1755267","fromID":"1339046","toID":"1339045","formEdgeID":null},{"edgeID":"1755268","fromID":"1339047","toID":"1339046","formEdgeID":null},{"edgeID":"1755269","fromID":"1339045","toID":"1339048","formEdgeID":null},{"edgeID":"1755270","fromID":"1339048","toID":"1057983","formEdgeID":null},{"edgeID":"1755271","fromID":"1339041","toID":"1339049","formEdgeID":null},{"edgeID":"1755272","fromID":"1339049","toID":"1339045","formEdgeID":null},{"edgeID":"1755273","fromID":"1057974","toID":"1339050","formEdgeID":null},{"edgeID":"1755274","fromID":"1339050","toID":"1057983","formEdgeID":null},{"edgeID":"1755275","fromID":"1339049","toID":"1339051","formEdgeID":null},{"edgeID":"1755276","fromID":"1339051","toID":"1339050","formEdgeID":null},{"edgeID":"1755277","fromID":"1339053","toID":"1339052","formEdgeID":null},{"edgeID":"1755278","fromID":"1339054","toID":"1339053","formEdgeID":null},{"edgeID":"1755279","fromID":"1339052","toID":"1339055","formEdgeID":null},{"edgeID":"1755280","fromID":"1339055","toID":"1057998","formEdgeID":null},{"edgeID":"1755281","fromID":"1339045","toID":"1339056","formEdgeID":null},{"edgeID":"1755282","fromID":"1339056","toID":"1339052","formEdgeID":null},{"edgeID":"1755283","fromID":"1339058","toID":"1339057","formEdgeID":null},{"edgeID":"1755284","fromID":"1339059","toID":"1339058","formEdgeID":null},{"edgeID":"1755285","fromID":"1339057","toID":"1339060","formEdgeID":null},{"edgeID":"1755286","fromID":"1339060","toID":"1058007","formEdgeID":null},{"edgeID":"1755287","fromID":"1339052","toID":"1339061","formEdgeID":null},{"edgeID":"1755288","fromID":"1339061","toID":"1339057","formEdgeID":null},{"edgeID":"1755289","fromID":"1058007","toID":"1339062","formEdgeID":null},{"edgeID":"1755290","fromID":"1339062","toID":"1057998","formEdgeID":null},{"edgeID":"1755291","fromID":"1339061","toID":"1339063","formEdgeID":null},{"edgeID":"1755292","fromID":"1339063","toID":"1339062","formEdgeID":null},{"edgeID":"1755293","fromID":"1339065","toID":"1339064","formEdgeID":null},{"edgeID":"1755294","fromID":"1339066","toID":"1339065","formEdgeID":null},{"edgeID":"1755295","fromID":"1339064","toID":"1339067","formEdgeID":null},{"edgeID":"1755296","fromID":"1339067","toID":"1058020","formEdgeID":null},{"edgeID":"1755297","fromID":"1339057","toID":"1339068","formEdgeID":null},{"edgeID":"1755298","fromID":"1339068","toID":"1339064","formEdgeID":null},{"edgeID":"1755299","fromID":"1058020","toID":"1339069","formEdgeID":null},{"edgeID":"1755300","fromID":"1339069","toID":"1058007","formEdgeID":null},{"edgeID":"1755301","fromID":"1339068","toID":"1339070","formEdgeID":null},{"edgeID":"1755302","fromID":"1339070","toID":"1339069","formEdgeID":null},{"edgeID":"1755303","fromID":"1339072","toID":"1339071","formEdgeID":null},{"edgeID":"1755304","fromID":"1339073","toID":"1339072","formEdgeID":null},{"edgeID":"1755305","fromID":"1339071","toID":"1339074","formEdgeID":null},{"edgeID":"1755306","fromID":"1339074","toID":"1058039","formEdgeID":null},{"edgeID":"1755307","fromID":"1339064","toID":"1339075","formEdgeID":null},{"edgeID":"1755308","fromID":"1339075","toID":"1339071","formEdgeID":null},{"edgeID":"1755309","fromID":"1339077","toID":"1339076","formEdgeID":null},{"edgeID":"1755310","fromID":"1339078","toID":"1339077","formEdgeID":null},{"edgeID":"1755311","fromID":"1339076","toID":"1339079","formEdgeID":null},{"edgeID":"1755312","fromID":"1339079","toID":"1058051","formEdgeID":null},{"edgeID":"1755313","fromID":"1058039","toID":"1339080","formEdgeID":null},{"edgeID":"1755314","fromID":"1339080","toID":"1058020","formEdgeID":null},{"edgeID":"1755315","fromID":"1339075","toID":"1339081","formEdgeID":null},{"edgeID":"1755316","fromID":"1339081","toID":"1339080","formEdgeID":null},{"edgeID":"1755317","fromID":"1058051","toID":"1339082","formEdgeID":null},{"edgeID":"1755318","fromID":"1339082","toID":"1058007","formEdgeID":null},{"edgeID":"1755319","fromID":"1339057","toID":"1339083","formEdgeID":null},{"edgeID":"1755320","fromID":"1339083","toID":"1339076","formEdgeID":null},{"edgeID":"1755321","fromID":"1339083","toID":"1339084","formEdgeID":null},{"edgeID":"1755322","fromID":"1339084","toID":"1339082","formEdgeID":null}],"locutions":[]}