{"nodes":[{"nodeID":"1147829","text":"this is just something to deflect","type":"I","timestamp":"2023-04-20 10:27:56"},{"nodeID":"1152142","text":"it is right that energy companies should not be able to get these obscene profits at a time where ordinary people are really struggling to pay their bills","type":"I","timestamp":"2023-04-21 13:22:25"},{"nodeID":"1152147","text":"the key thing here, regardless of the history of this, is that now that the tax is happening, that this windfall, the money that is collected from this tax, will be going in the right direction and targeted at the people who need it most","type":"I","timestamp":"2023-04-21 13:22:28"},{"nodeID":"1152153","text":"as we come into the autumn, energy bills are going to go up","type":"I","timestamp":"2023-04-21 13:22:31"},{"nodeID":"1152159","text":"many bills are going to go up as we come into the autumn","type":"I","timestamp":"2023-04-21 13:22:34"},{"nodeID":"1152165","text":"we don't want our pensioners, those who are worst off, having to choose if they want to heat or eat","type":"I","timestamp":"2023-04-21 13:22:37"},{"nodeID":"1152175","text":"our pensioners having to choose if they want to heat or eat is just not acceptable in the United Kingdom in 2022","type":"I","timestamp":"2023-04-21 13:22:40"},{"nodeID":"1152186","text":"we need all to work collectively and make sure that these monies that are raised from the windfall tax measure announced today are going in the right direction","type":"I","timestamp":"2023-04-21 13:22:43"},{"nodeID":"1152194","text":"it's typical Conservatives","type":"I","timestamp":"2023-04-21 13:22:45"},{"nodeID":"1152200","text":"Conservatives have known what was coming with the Sue Gray Report","type":"I","timestamp":"2023-04-21 13:22:48"},{"nodeID":"1152212","text":"Conservatives have to have something better to deflect from Partygate and the disgrace that they are as a government","type":"I","timestamp":"2023-04-21 13:22:53"},{"nodeID":"1315627","text":"Emma Little-Pengelly: it is right that these companies should not be able to get these obscene profits at a time where ordinary people are really struggling to pay their bills","type":"L","timestamp":"2023-11-09 13:17:24"},{"nodeID":"1315628","text":"Analysing","type":"YA","timestamp":"2023-11-09 13:17:24"},{"nodeID":"1315629","text":"Tuuli: Emma Little-Pengelly: it is right that these companies should not be able to get these obscene profits at a time where ordinary people are really struggling to pay their bills","type":"L","timestamp":"2023-11-09 13:17:24"},{"nodeID":"1315630","text":"Asserting","type":"YA","timestamp":"2023-11-09 13:17:24"},{"nodeID":"1315631","text":"Emma Little-Pengelly: the key thing here, regardless of the history of this, is that now that it is happening, that this windfall, the money that is collected from this, will be going in the right direction and targeted at the people who need it most","type":"L","timestamp":"2023-11-09 13:17:24"},{"nodeID":"1315632","text":"Analysing","type":"YA","timestamp":"2023-11-09 13:17:24"},{"nodeID":"1315633","text":"Tuuli: Emma Little-Pengelly: the key thing here, regardless of the history of this, is that now that it is happening, that this windfall, the money that is collected from this, will be going in the right direction and targeted at the people who need it most","type":"L","timestamp":"2023-11-09 13:17:24"},{"nodeID":"1315634","text":"Asserting","type":"YA","timestamp":"2023-11-09 13:17:24"},{"nodeID":"1315635","text":"Default Transition","type":"TA","timestamp":"2023-11-09 13:17:24"},{"nodeID":"1315636","text":"Emma Little-Pengelly: as we come into the autumn, these bills are going to go up","type":"L","timestamp":"2023-11-09 13:17:25"},{"nodeID":"1315637","text":"Analysing","type":"YA","timestamp":"2023-11-09 13:17:25"},{"nodeID":"1315638","text":"Tuuli: Emma Little-Pengelly: as we come into the autumn, these bills are going to go up","type":"L","timestamp":"2023-11-09 13:17:25"},{"nodeID":"1315639","text":"Asserting","type":"YA","timestamp":"2023-11-09 13:17:25"},{"nodeID":"1315640","text":"Default Transition","type":"TA","timestamp":"2023-11-09 13:17:25"},{"nodeID":"1315641","text":"Emma Little-Pengelly: many bills are going to go up","type":"L","timestamp":"2023-11-09 13:17:26"},{"nodeID":"1315642","text":"Analysing","type":"YA","timestamp":"2023-11-09 13:17:26"},{"nodeID":"1315643","text":"Tuuli: Emma Little-Pengelly: many bills are going to go up","type":"L","timestamp":"2023-11-09 13:17:26"},{"nodeID":"1315644","text":"Asserting","type":"YA","timestamp":"2023-11-09 13:17:26"},{"nodeID":"1315645","text":"Default Transition","type":"TA","timestamp":"2023-11-09 13:17:26"},{"nodeID":"1315646","text":"Emma Little-Pengelly: we don't want our pensioners, those who are worst off, having to choose if they want to heat or eat","type":"L","timestamp":"2023-11-09 13:17:26"},{"nodeID":"1315647","text":"Analysing","type":"YA","timestamp":"2023-11-09 13:17:26"},{"nodeID":"1315648","text":"Tuuli: Emma Little-Pengelly: we don't want our pensioners, those who are worst off, having to choose if they want to heat or eat","type":"L","timestamp":"2023-11-09 13:17:26"},{"nodeID":"1315649","text":"Asserting","type":"YA","timestamp":"2023-11-09 13:17:26"},{"nodeID":"1315650","text":"Default Transition","type":"TA","timestamp":"2023-11-09 13:17:26"},{"nodeID":"1315651","text":"Default Rephrase","type":"MA","timestamp":"2023-11-09 13:17:26"},{"nodeID":"1315652","text":"Restating","type":"YA","timestamp":"2023-11-09 13:17:26"},{"nodeID":"1315653","text":"Default Inference","type":"RA","timestamp":"2023-11-09 13:17:26"},{"nodeID":"1315654","text":"Arguing","type":"YA","timestamp":"2023-11-09 13:17:26"},{"nodeID":"1315655","text":"Emma Little-Pengelly: That is just not acceptable in the United Kingdom in 2022","type":"L","timestamp":"2023-11-09 13:17:27"},{"nodeID":"1315656","text":"Analysing","type":"YA","timestamp":"2023-11-09 13:17:27"},{"nodeID":"1315657","text":"Tuuli: Emma Little-Pengelly: That is just not acceptable in the United Kingdom in 2022","type":"L","timestamp":"2023-11-09 13:17:27"},{"nodeID":"1315658","text":"Asserting","type":"YA","timestamp":"2023-11-09 13:17:27"},{"nodeID":"1315659","text":"Default Transition","type":"TA","timestamp":"2023-11-09 13:17:27"},{"nodeID":"1315660","text":"Default Rephrase","type":"MA","timestamp":"2023-11-09 13:17:27"},{"nodeID":"1315661","text":"Restating","type":"YA","timestamp":"2023-11-09 13:17:27"},{"nodeID":"1315662","text":"Default Inference","type":"RA","timestamp":"2023-11-09 13:17:27"},{"nodeID":"1315663","text":"Default Transition","type":"TA","timestamp":"2023-11-09 13:17:27"},{"nodeID":"1315664","text":"Arguing","type":"YA","timestamp":"2023-11-09 13:17:27"},{"nodeID":"1315665","text":"Emma Little-Pengelly: we need all to work collectively and make sure that these monies that are raised from this measure announced today are going in the right direction","type":"L","timestamp":"2023-11-09 13:17:28"},{"nodeID":"1315666","text":"Analysing","type":"YA","timestamp":"2023-11-09 13:17:28"},{"nodeID":"1315667","text":"Tuuli: Emma Little-Pengelly: we need all to work collectively and make sure that these monies that are raised from this measure announced today are going in the right direction","type":"L","timestamp":"2023-11-09 13:17:28"},{"nodeID":"1315668","text":"Asserting","type":"YA","timestamp":"2023-11-09 13:17:28"},{"nodeID":"1315669","text":"Default Transition","type":"TA","timestamp":"2023-11-09 13:17:28"},{"nodeID":"1315670","text":"Default Inference","type":"RA","timestamp":"2023-11-09 13:17:28"},{"nodeID":"1315671","text":"Arguing","type":"YA","timestamp":"2023-11-09 13:17:28"},{"nodeID":"1315672","text":"AudienceMember 20220609QT217: it's typical Conservatives","type":"L","timestamp":"2023-11-09 13:17:28"},{"nodeID":"1315673","text":"Analysing","type":"YA","timestamp":"2023-11-09 13:17:28"},{"nodeID":"1315674","text":"Tuuli: AudienceMember 20220609QT217: it's typical Conservatives","type":"L","timestamp":"2023-11-09 13:17:28"},{"nodeID":"1315675","text":"Asserting","type":"YA","timestamp":"2023-11-09 13:17:28"},{"nodeID":"1315676","text":"Default Transition","type":"TA","timestamp":"2023-11-09 13:17:28"},{"nodeID":"1315677","text":"AudienceMember 20220609QT217: They have known what was coming with the Sue Gray Report","type":"L","timestamp":"2023-11-09 13:17:29"},{"nodeID":"1315678","text":"Analysing","type":"YA","timestamp":"2023-11-09 13:17:29"},{"nodeID":"1315679","text":"Tuuli: AudienceMember 20220609QT217: They have known what was coming with the Sue Gray Report","type":"L","timestamp":"2023-11-09 13:17:29"},{"nodeID":"1315680","text":"Asserting","type":"YA","timestamp":"2023-11-09 13:17:29"},{"nodeID":"1315681","text":"Default Transition","type":"TA","timestamp":"2023-11-09 13:17:29"},{"nodeID":"1315682","text":"AudienceMember 20220609QT217:  this is just something to deflect","type":"L","timestamp":"2023-11-09 13:17:30"},{"nodeID":"1315683","text":"Analysing","type":"YA","timestamp":"2023-11-09 13:17:30"},{"nodeID":"1315684","text":"Tuuli: AudienceMember 20220609QT217:  this is just something to deflect","type":"L","timestamp":"2023-11-09 13:17:30"},{"nodeID":"1315685","text":"Asserting","type":"YA","timestamp":"2023-11-09 13:17:30"},{"nodeID":"1315686","text":"Default Inference","type":"RA","timestamp":"2023-11-09 13:17:30"},{"nodeID":"1315687","text":"Default Transition","type":"TA","timestamp":"2023-11-09 13:17:30"},{"nodeID":"1315688","text":"Arguing","type":"YA","timestamp":"2023-11-09 13:17:30"},{"nodeID":"1315689","text":"AudienceMember 20220609QT217: They have to have something better to deflect from Partygate and the disgrace that they are as a government","type":"L","timestamp":"2023-11-09 13:17:30"},{"nodeID":"1315690","text":"Analysing","type":"YA","timestamp":"2023-11-09 13:17:30"},{"nodeID":"1315691","text":"Tuuli: AudienceMember 20220609QT217: They have to have something better to deflect from Partygate and the disgrace that they are as a government","type":"L","timestamp":"2023-11-09 13:17:30"},{"nodeID":"1315692","text":"Asserting","type":"YA","timestamp":"2023-11-09 13:17:30"},{"nodeID":"1315693","text":"Default Transition","type":"TA","timestamp":"2023-11-09 13:17:30"},{"nodeID":"1315694","text":"Default Rephrase","type":"MA","timestamp":"2023-11-09 13:17:30"},{"nodeID":"1315695","text":"Restating","type":"YA","timestamp":"2023-11-09 13:17:30"}],"edges":[{"edgeID":"1727118","fromID":"1315628","toID":"1315627","formEdgeID":null},{"edgeID":"1727119","fromID":"1315629","toID":"1315628","formEdgeID":null},{"edgeID":"1727120","fromID":"1315627","toID":"1315630","formEdgeID":null},{"edgeID":"1727121","fromID":"1315630","toID":"1152142","formEdgeID":null},{"edgeID":"1727122","fromID":"1315632","toID":"1315631","formEdgeID":null},{"edgeID":"1727123","fromID":"1315633","toID":"1315632","formEdgeID":null},{"edgeID":"1727124","fromID":"1315631","toID":"1315634","formEdgeID":null},{"edgeID":"1727125","fromID":"1315634","toID":"1152147","formEdgeID":null},{"edgeID":"1727126","fromID":"1315627","toID":"1315635","formEdgeID":null},{"edgeID":"1727127","fromID":"1315635","toID":"1315631","formEdgeID":null},{"edgeID":"1727128","fromID":"1315637","toID":"1315636","formEdgeID":null},{"edgeID":"1727129","fromID":"1315638","toID":"1315637","formEdgeID":null},{"edgeID":"1727130","fromID":"1315636","toID":"1315639","formEdgeID":null},{"edgeID":"1727131","fromID":"1315639","toID":"1152153","formEdgeID":null},{"edgeID":"1727132","fromID":"1315631","toID":"1315640","formEdgeID":null},{"edgeID":"1727133","fromID":"1315640","toID":"1315636","formEdgeID":null},{"edgeID":"1727134","fromID":"1315642","toID":"1315641","formEdgeID":null},{"edgeID":"1727135","fromID":"1315643","toID":"1315642","formEdgeID":null},{"edgeID":"1727136","fromID":"1315641","toID":"1315644","formEdgeID":null},{"edgeID":"1727137","fromID":"1315644","toID":"1152159","formEdgeID":null},{"edgeID":"1727138","fromID":"1315636","toID":"1315645","formEdgeID":null},{"edgeID":"1727139","fromID":"1315645","toID":"1315641","formEdgeID":null},{"edgeID":"1727140","fromID":"1315647","toID":"1315646","formEdgeID":null},{"edgeID":"1727141","fromID":"1315648","toID":"1315647","formEdgeID":null},{"edgeID":"1727142","fromID":"1315646","toID":"1315649","formEdgeID":null},{"edgeID":"1727143","fromID":"1315649","toID":"1152165","formEdgeID":null},{"edgeID":"1727144","fromID":"1315641","toID":"1315650","formEdgeID":null},{"edgeID":"1727145","fromID":"1315650","toID":"1315646","formEdgeID":null},{"edgeID":"1727146","fromID":"1152159","toID":"1315651","formEdgeID":null},{"edgeID":"1727147","fromID":"1315651","toID":"1152153","formEdgeID":null},{"edgeID":"1727148","fromID":"1315645","toID":"1315652","formEdgeID":null},{"edgeID":"1727149","fromID":"1315652","toID":"1315651","formEdgeID":null},{"edgeID":"1727150","fromID":"1152159","toID":"1315653","formEdgeID":null},{"edgeID":"1727151","fromID":"1315653","toID":"1152165","formEdgeID":null},{"edgeID":"1727152","fromID":"1315650","toID":"1315654","formEdgeID":null},{"edgeID":"1727153","fromID":"1315654","toID":"1315653","formEdgeID":null},{"edgeID":"1727154","fromID":"1315656","toID":"1315655","formEdgeID":null},{"edgeID":"1727155","fromID":"1315657","toID":"1315656","formEdgeID":null},{"edgeID":"1727156","fromID":"1315655","toID":"1315658","formEdgeID":null},{"edgeID":"1727157","fromID":"1315658","toID":"1152175","formEdgeID":null},{"edgeID":"1727158","fromID":"1315646","toID":"1315659","formEdgeID":null},{"edgeID":"1727159","fromID":"1315659","toID":"1315655","formEdgeID":null},{"edgeID":"1727160","fromID":"1152175","toID":"1315660","formEdgeID":null},{"edgeID":"1727161","fromID":"1315660","toID":"1152165","formEdgeID":null},{"edgeID":"1727162","fromID":"1315659","toID":"1315661","formEdgeID":null},{"edgeID":"1727163","fromID":"1315661","toID":"1315660","formEdgeID":null},{"edgeID":"1727164","fromID":"1152165","toID":"1315662","formEdgeID":null},{"edgeID":"1727165","fromID":"1315662","toID":"1152147","formEdgeID":null},{"edgeID":"1727166","fromID":"1315631","toID":"1315663","formEdgeID":null},{"edgeID":"1727167","fromID":"1315663","toID":"1315646","formEdgeID":null},{"edgeID":"1727168","fromID":"1315663","toID":"1315664","formEdgeID":null},{"edgeID":"1727169","fromID":"1315664","toID":"1315662","formEdgeID":null},{"edgeID":"1727170","fromID":"1315666","toID":"1315665","formEdgeID":null},{"edgeID":"1727171","fromID":"1315667","toID":"1315666","formEdgeID":null},{"edgeID":"1727172","fromID":"1315665","toID":"1315668","formEdgeID":null},{"edgeID":"1727173","fromID":"1315668","toID":"1152186","formEdgeID":null},{"edgeID":"1727174","fromID":"1315655","toID":"1315669","formEdgeID":null},{"edgeID":"1727175","fromID":"1315669","toID":"1315665","formEdgeID":null},{"edgeID":"1727176","fromID":"1152175","toID":"1315670","formEdgeID":null},{"edgeID":"1727177","fromID":"1315670","toID":"1152186","formEdgeID":null},{"edgeID":"1727178","fromID":"1315669","toID":"1315671","formEdgeID":null},{"edgeID":"1727179","fromID":"1315671","toID":"1315670","formEdgeID":null},{"edgeID":"1727180","fromID":"1315673","toID":"1315672","formEdgeID":null},{"edgeID":"1727181","fromID":"1315674","toID":"1315673","formEdgeID":null},{"edgeID":"1727182","fromID":"1315672","toID":"1315675","formEdgeID":null},{"edgeID":"1727183","fromID":"1315675","toID":"1152194","formEdgeID":null},{"edgeID":"1727184","fromID":"1315665","toID":"1315676","formEdgeID":null},{"edgeID":"1727185","fromID":"1315676","toID":"1315672","formEdgeID":null},{"edgeID":"1727186","fromID":"1315678","toID":"1315677","formEdgeID":null},{"edgeID":"1727187","fromID":"1315679","toID":"1315678","formEdgeID":null},{"edgeID":"1727188","fromID":"1315677","toID":"1315680","formEdgeID":null},{"edgeID":"1727189","fromID":"1315680","toID":"1152200","formEdgeID":null},{"edgeID":"1727190","fromID":"1315672","toID":"1315681","formEdgeID":null},{"edgeID":"1727191","fromID":"1315681","toID":"1315677","formEdgeID":null},{"edgeID":"1727192","fromID":"1315683","toID":"1315682","formEdgeID":null},{"edgeID":"1727193","fromID":"1315684","toID":"1315683","formEdgeID":null},{"edgeID":"1727194","fromID":"1315682","toID":"1315685","formEdgeID":null},{"edgeID":"1727195","fromID":"1315685","toID":"1147829","formEdgeID":null},{"edgeID":"1727196","fromID":"1147829","toID":"1315686","formEdgeID":null},{"edgeID":"1727197","fromID":"1315686","toID":"1152194","formEdgeID":null},{"edgeID":"1727198","fromID":"1152200","toID":"1315686","formEdgeID":null},{"edgeID":"1727199","fromID":"1315672","toID":"1315687","formEdgeID":null},{"edgeID":"1727200","fromID":"1315687","toID":"1315682","formEdgeID":null},{"edgeID":"1727201","fromID":"1315687","toID":"1315688","formEdgeID":null},{"edgeID":"1727202","fromID":"1315688","toID":"1315686","formEdgeID":null},{"edgeID":"1727203","fromID":"1315690","toID":"1315689","formEdgeID":null},{"edgeID":"1727204","fromID":"1315691","toID":"1315690","formEdgeID":null},{"edgeID":"1727205","fromID":"1315689","toID":"1315692","formEdgeID":null},{"edgeID":"1727206","fromID":"1315692","toID":"1152212","formEdgeID":null},{"edgeID":"1727207","fromID":"1315682","toID":"1315693","formEdgeID":null},{"edgeID":"1727208","fromID":"1315693","toID":"1315689","formEdgeID":null},{"edgeID":"1727209","fromID":"1152212","toID":"1315694","formEdgeID":null},{"edgeID":"1727210","fromID":"1315694","toID":"1147829","formEdgeID":null},{"edgeID":"1727211","fromID":"1315693","toID":"1315695","formEdgeID":null},{"edgeID":"1727212","fromID":"1315695","toID":"1315694","formEdgeID":null}],"locutions":[]}