{"nodes":[{"nodeID":"1315696","text":"what windfall tax does is help fund a \u00a315 billion package","type":"I","timestamp":"2023-11-09 13:17:31"},{"nodeID":"1315697","text":"Robert Buckland: What it does is help fund a \u00a315 billion package","type":"L","timestamp":"2023-11-09 13:17:31"},{"nodeID":"1315698","text":"Analysing","type":"YA","timestamp":"2023-11-09 13:17:31"},{"nodeID":"1315699","text":"Dominika: Robert Buckland: What it does is help fund a \u00a315 billion package","type":"L","timestamp":"2023-11-09 13:17:31"},{"nodeID":"1315700","text":"Asserting","type":"YA","timestamp":"2023-11-09 13:17:31"},{"nodeID":"1315701","text":"a \u00a315 billion package is real support in terms of real money coming down the line to every family in this country,","type":"I","timestamp":"2023-11-09 13:17:31"},{"nodeID":"1315702","text":"Analysing","type":"YA","timestamp":"2023-11-09 13:17:31"},{"nodeID":"1315703","text":"Robert Buckland: is real support in terms of real money coming down the line to every family in this country,","type":"L","timestamp":"2023-11-09 13:17:31"},{"nodeID":"1315704","text":"Dominika: Robert Buckland: is real support in terms of real money coming down the line to every family in this country,","type":"L","timestamp":"2023-11-09 13:17:31"},{"nodeID":"1315705","text":"Asserting","type":"YA","timestamp":"2023-11-09 13:17:31"},{"nodeID":"1315706","text":"a \u00a315 billion package is real support particularly for those who are most vulnerable and who are going to really feel the effect of this price spike in the months ahead","type":"I","timestamp":"2023-11-09 13:17:32"},{"nodeID":"1315707","text":"Robert Buckland: particularly for those who are most vulnerable and who are going to really feel the effect of this price spike in the months ahead","type":"L","timestamp":"2023-11-09 13:17:32"},{"nodeID":"1315708","text":"Analysing","type":"YA","timestamp":"2023-11-09 13:17:32"},{"nodeID":"1315709","text":"Asserting","type":"YA","timestamp":"2023-11-09 13:17:32"},{"nodeID":"1315710","text":"Dominika: Robert Buckland: particularly for those who are most vulnerable and who are going to really feel the effect of this price spike in the months ahead","type":"L","timestamp":"2023-11-09 13:17:32"},{"nodeID":"1315711","text":"a windfall tax is exactly what we proposed five months ago before winter","type":"I","timestamp":"2023-11-09 13:17:33"},{"nodeID":"1315712","text":"Analysing","type":"YA","timestamp":"2023-11-09 13:17:33"},{"nodeID":"1315713","text":"Peter Kyle: Exactly what we had five months ago before winter","type":"L","timestamp":"2023-11-09 13:17:33"},{"nodeID":"1315714","text":"Dominika: Peter Kyle: Exactly what we had five months ago before winter","type":"L","timestamp":"2023-11-09 13:17:33"},{"nodeID":"1315715","text":"Asserting","type":"YA","timestamp":"2023-11-09 13:17:33"},{"nodeID":"1315716","text":"it wasn't what Peter Kyle said","type":"I","timestamp":"2023-11-09 13:17:33"},{"nodeID":"1315717","text":"Robert Buckland: It wasn't what you said","type":"L","timestamp":"2023-11-09 13:17:33"},{"nodeID":"1315718","text":"Analysing","type":"YA","timestamp":"2023-11-09 13:17:33"},{"nodeID":"1315719","text":"Dominika: Robert Buckland: It wasn't what you said","type":"L","timestamp":"2023-11-09 13:17:33"},{"nodeID":"1315720","text":"Asserting","type":"YA","timestamp":"2023-11-09 13:17:33"},{"nodeID":"1315721","text":"Peter Kyle said something different","type":"I","timestamp":"2023-11-09 13:17:34"},{"nodeID":"1315722","text":"Robert Buckland: You said something different","type":"L","timestamp":"2023-11-09 13:17:34"},{"nodeID":"1315723","text":"Dominika: Robert Buckland: You said something different","type":"L","timestamp":"2023-11-09 13:17:34"},{"nodeID":"1315724","text":"Analysing","type":"YA","timestamp":"2023-11-09 13:17:34"},{"nodeID":"1315725","text":"Asserting","type":"YA","timestamp":"2023-11-09 13:17:34"},{"nodeID":"1315726","text":"regardless of what has happened in the past","type":"I","timestamp":"2023-11-09 13:17:34"},{"nodeID":"1315727","text":"Analysing","type":"YA","timestamp":"2023-11-09 13:17:34"},{"nodeID":"1315728","text":"Emma Little-Pengelly: Regardless of what has happened in the past","type":"L","timestamp":"2023-11-09 13:17:34"},{"nodeID":"1315729","text":"Dominika: Emma Little-Pengelly: Regardless of what has happened in the past","type":"L","timestamp":"2023-11-09 13:17:34"},{"nodeID":"1315730","text":"Asserting","type":"YA","timestamp":"2023-11-09 13:17:34"},{"nodeID":"1315731","text":"we can see there is this squabble about what happened in the past","type":"I","timestamp":"2023-11-09 13:17:35"},{"nodeID":"1315732","text":"Emma Little-Pengelly: we can see there is this squabble about the issue","type":"L","timestamp":"2023-11-09 13:17:35"},{"nodeID":"1315733","text":"Dominika: Emma Little-Pengelly: we can see there is this squabble about the issue","type":"L","timestamp":"2023-11-09 13:17:35"},{"nodeID":"1315734","text":"Analysing","type":"YA","timestamp":"2023-11-09 13:17:35"},{"nodeID":"1315735","text":"Asserting","type":"YA","timestamp":"2023-11-09 13:17:35"},{"nodeID":"1315736","text":"regardless of what has happened in the past, we can welcome that it has finally happened today","type":"I","timestamp":"2023-11-09 13:17:36"},{"nodeID":"1315737","text":"Emma Little-Pengelly: we can welcome that it has finally happened today","type":"L","timestamp":"2023-11-09 13:17:36"},{"nodeID":"1315738","text":"Dominika: Emma Little-Pengelly: we can welcome that it has finally happened today","type":"L","timestamp":"2023-11-09 13:17:36"},{"nodeID":"1315739","text":"Analysing","type":"YA","timestamp":"2023-11-09 13:17:36"},{"nodeID":"1315740","text":"Asserting","type":"YA","timestamp":"2023-11-09 13:17:36"},{"nodeID":"1315741","text":"a windfall tax was something that was in the DUP manifesto","type":"I","timestamp":"2023-11-09 13:17:36"},{"nodeID":"1315742","text":"Dominika: Emma Little-Pengelly: This was something that was in the DUP manifesto","type":"L","timestamp":"2023-11-09 13:17:36"},{"nodeID":"1315743","text":"Analysing","type":"YA","timestamp":"2023-11-09 13:17:36"},{"nodeID":"1315744","text":"Emma Little-Pengelly: This was something that was in the DUP manifesto","type":"L","timestamp":"2023-11-09 13:17:36"},{"nodeID":"1315745","text":"Asserting","type":"YA","timestamp":"2023-11-09 13:17:36"},{"nodeID":"1315746","text":"six weeks ago, we met with the Chancellor","type":"I","timestamp":"2023-11-09 13:17:37"},{"nodeID":"1315747","text":"Emma Little-Pengelly: Six weeks ago, we met with the Chancellor","type":"L","timestamp":"2023-11-09 13:17:37"},{"nodeID":"1315748","text":"Analysing","type":"YA","timestamp":"2023-11-09 13:17:37"},{"nodeID":"1315749","text":"Dominika: Emma Little-Pengelly: Six weeks ago, we met with the Chancellor","type":"L","timestamp":"2023-11-09 13:17:37"},{"nodeID":"1315750","text":"Asserting","type":"YA","timestamp":"2023-11-09 13:17:37"},{"nodeID":"1315751","text":"we emphasised that we felt a windfall tax should happen","type":"I","timestamp":"2023-11-09 13:17:37"},{"nodeID":"1315752","text":"Emma Little-Pengelly: we emphasised that we felt this should happen","type":"L","timestamp":"2023-11-09 13:17:37"},{"nodeID":"1315753","text":"Dominika: Emma Little-Pengelly: we emphasised that we felt this should happen","type":"L","timestamp":"2023-11-09 13:17:37"},{"nodeID":"1315754","text":"Analysing","type":"YA","timestamp":"2023-11-09 13:17:37"},{"nodeID":"1315755","text":"Asserting","type":"YA","timestamp":"2023-11-09 13:17:37"},{"nodeID":"1315756","text":"reality is these companies weren't doing anything to really earn these profits","type":"I","timestamp":"2023-11-09 13:17:38"},{"nodeID":"1315757","text":"Emma Little-Pengelly: reality is these companies weren't doing anything to really earn these profits","type":"L","timestamp":"2023-11-09 13:17:38"},{"nodeID":"1315758","text":"Analysing","type":"YA","timestamp":"2023-11-09 13:17:38"},{"nodeID":"1315759","text":"Dominika: Emma Little-Pengelly: reality is these companies weren't doing anything to really earn these profits","type":"L","timestamp":"2023-11-09 13:17:38"},{"nodeID":"1315760","text":"Asserting","type":"YA","timestamp":"2023-11-09 13:17:38"},{"nodeID":"1315761","text":"a windfall tax was a result of sort of a by-product of the rising cost of energy generally","type":"I","timestamp":"2023-11-09 13:17:39"},{"nodeID":"1315762","text":"Analysing","type":"YA","timestamp":"2023-11-09 13:17:39"},{"nodeID":"1315763","text":"Emma Little-Pengelly: This was a result of sort of a by-product of the rising cost of energy generally","type":"L","timestamp":"2023-11-09 13:17:39"},{"nodeID":"1315764","text":"Dominika: Emma Little-Pengelly: This was a result of sort of a by-product of the rising cost of energy generally","type":"L","timestamp":"2023-11-09 13:17:39"},{"nodeID":"1315765","text":"Asserting","type":"YA","timestamp":"2023-11-09 13:17:39"},{"nodeID":"1315766","text":"Default Transition","type":"TA","timestamp":"2023-11-09 13:17:39"},{"nodeID":"1315767","text":"Default Transition","type":"TA","timestamp":"2023-11-09 13:17:39"},{"nodeID":"1315768","text":"Default Rephrase","type":"MA","timestamp":"2023-11-09 13:17:39"},{"nodeID":"1315769","text":"Restating","type":"YA","timestamp":"2023-11-09 13:17:39"},{"nodeID":"1315770","text":"Default Transition","type":"TA","timestamp":"2023-11-09 13:17:39"},{"nodeID":"1315771","text":"Default Transition","type":"TA","timestamp":"2023-11-09 13:17:39"},{"nodeID":"1315772","text":"Default Transition","type":"TA","timestamp":"2023-11-09 13:17:39"},{"nodeID":"1315773","text":"Default Conflict","type":"CA","timestamp":"2023-11-09 13:17:39"},{"nodeID":"1315774","text":"Disagreeing","type":"YA","timestamp":"2023-11-09 13:17:39"},{"nodeID":"1315775","text":"Default Rephrase","type":"MA","timestamp":"2023-11-09 13:17:39"},{"nodeID":"1315776","text":"Restating","type":"YA","timestamp":"2023-11-09 13:17:39"},{"nodeID":"1315777","text":"Default Transition","type":"TA","timestamp":"2023-11-09 13:17:39"},{"nodeID":"1315778","text":"Default Transition","type":"TA","timestamp":"2023-11-09 13:17:39"},{"nodeID":"1315779","text":"Default Rephrase","type":"MA","timestamp":"2023-11-09 13:17:39"},{"nodeID":"1315780","text":"Default Transition","type":"TA","timestamp":"2023-11-09 13:17:39"},{"nodeID":"1315781","text":"Default Transition","type":"TA","timestamp":"2023-11-09 13:17:39"},{"nodeID":"1315782","text":"Restating","type":"YA","timestamp":"2023-11-09 13:17:39"},{"nodeID":"1315783","text":"Default Transition","type":"TA","timestamp":"2023-11-09 13:17:39"},{"nodeID":"1315784","text":"Default Transition","type":"TA","timestamp":"2023-11-09 13:17:39"},{"nodeID":"1315785","text":"Default Transition","type":"TA","timestamp":"2023-11-09 13:17:39"},{"nodeID":"1315786","text":"Default Transition","type":"TA","timestamp":"2023-11-09 13:17:39"},{"nodeID":"1315787","text":"Default Inference","type":"RA","timestamp":"2023-11-09 13:17:39"},{"nodeID":"1315788","text":"Arguing","type":"YA","timestamp":"2023-11-09 13:17:39"},{"nodeID":"1315789","text":"Default Transition","type":"TA","timestamp":"2023-11-09 13:17:39"}],"edges":[{"edgeID":"1727213","fromID":"1315698","toID":"1315697","formEdgeID":null},{"edgeID":"1727214","fromID":"1315700","toID":"1315696","formEdgeID":null},{"edgeID":"1727215","fromID":"1315697","toID":"1315700","formEdgeID":null},{"edgeID":"1727216","fromID":"1315699","toID":"1315698","formEdgeID":null},{"edgeID":"1727217","fromID":"1315702","toID":"1315703","formEdgeID":null},{"edgeID":"1727218","fromID":"1315704","toID":"1315702","formEdgeID":null},{"edgeID":"1727219","fromID":"1315703","toID":"1315705","formEdgeID":null},{"edgeID":"1727220","fromID":"1315705","toID":"1315701","formEdgeID":null},{"edgeID":"1727221","fromID":"1315708","toID":"1315707","formEdgeID":null},{"edgeID":"1727222","fromID":"1315710","toID":"1315708","formEdgeID":null},{"edgeID":"1727223","fromID":"1315707","toID":"1315709","formEdgeID":null},{"edgeID":"1727224","fromID":"1315709","toID":"1315706","formEdgeID":null},{"edgeID":"1727225","fromID":"1315714","toID":"1315712","formEdgeID":null},{"edgeID":"1727226","fromID":"1315712","toID":"1315713","formEdgeID":null},{"edgeID":"1727227","fromID":"1315713","toID":"1315715","formEdgeID":null},{"edgeID":"1727228","fromID":"1315715","toID":"1315711","formEdgeID":null},{"edgeID":"1727229","fromID":"1315718","toID":"1315717","formEdgeID":null},{"edgeID":"1727230","fromID":"1315719","toID":"1315718","formEdgeID":null},{"edgeID":"1727231","fromID":"1315717","toID":"1315720","formEdgeID":null},{"edgeID":"1727232","fromID":"1315720","toID":"1315716","formEdgeID":null},{"edgeID":"1727233","fromID":"1315723","toID":"1315724","formEdgeID":null},{"edgeID":"1727234","fromID":"1315724","toID":"1315722","formEdgeID":null},{"edgeID":"1727235","fromID":"1315725","toID":"1315721","formEdgeID":null},{"edgeID":"1727236","fromID":"1315722","toID":"1315725","formEdgeID":null},{"edgeID":"1727237","fromID":"1315728","toID":"1315730","formEdgeID":null},{"edgeID":"1727238","fromID":"1315727","toID":"1315728","formEdgeID":null},{"edgeID":"1727239","fromID":"1315729","toID":"1315727","formEdgeID":null},{"edgeID":"1727240","fromID":"1315730","toID":"1315726","formEdgeID":null},{"edgeID":"1727241","fromID":"1315733","toID":"1315734","formEdgeID":null},{"edgeID":"1727242","fromID":"1315734","toID":"1315732","formEdgeID":null},{"edgeID":"1727243","fromID":"1315732","toID":"1315735","formEdgeID":null},{"edgeID":"1727244","fromID":"1315735","toID":"1315731","formEdgeID":null},{"edgeID":"1727245","fromID":"1315739","toID":"1315737","formEdgeID":null},{"edgeID":"1727246","fromID":"1315738","toID":"1315739","formEdgeID":null},{"edgeID":"1727247","fromID":"1315740","toID":"1315736","formEdgeID":null},{"edgeID":"1727248","fromID":"1315737","toID":"1315740","formEdgeID":null},{"edgeID":"1727249","fromID":"1315744","toID":"1315745","formEdgeID":null},{"edgeID":"1727250","fromID":"1315743","toID":"1315744","formEdgeID":null},{"edgeID":"1727251","fromID":"1315745","toID":"1315741","formEdgeID":null},{"edgeID":"1727252","fromID":"1315742","toID":"1315743","formEdgeID":null},{"edgeID":"1727253","fromID":"1315748","toID":"1315747","formEdgeID":null},{"edgeID":"1727254","fromID":"1315749","toID":"1315748","formEdgeID":null},{"edgeID":"1727255","fromID":"1315747","toID":"1315750","formEdgeID":null},{"edgeID":"1727256","fromID":"1315750","toID":"1315746","formEdgeID":null},{"edgeID":"1727257","fromID":"1315753","toID":"1315754","formEdgeID":null},{"edgeID":"1727258","fromID":"1315754","toID":"1315752","formEdgeID":null},{"edgeID":"1727259","fromID":"1315752","toID":"1315755","formEdgeID":null},{"edgeID":"1727260","fromID":"1315755","toID":"1315751","formEdgeID":null},{"edgeID":"1727261","fromID":"1315759","toID":"1315758","formEdgeID":null},{"edgeID":"1727262","fromID":"1315758","toID":"1315757","formEdgeID":null},{"edgeID":"1727263","fromID":"1315757","toID":"1315760","formEdgeID":null},{"edgeID":"1727264","fromID":"1315760","toID":"1315756","formEdgeID":null},{"edgeID":"1727265","fromID":"1315762","toID":"1315763","formEdgeID":null},{"edgeID":"1727266","fromID":"1315765","toID":"1315761","formEdgeID":null},{"edgeID":"1727267","fromID":"1315764","toID":"1315762","formEdgeID":null},{"edgeID":"1727268","fromID":"1315763","toID":"1315765","formEdgeID":null},{"edgeID":"1727269","fromID":"1315766","toID":"1315703","formEdgeID":null},{"edgeID":"1727270","fromID":"1315697","toID":"1315766","formEdgeID":null},{"edgeID":"1727271","fromID":"1315703","toID":"1315767","formEdgeID":null},{"edgeID":"1727272","fromID":"1315767","toID":"1315707","formEdgeID":null},{"edgeID":"1727273","fromID":"1315706","toID":"1315768","formEdgeID":null},{"edgeID":"1727274","fromID":"1315768","toID":"1315701","formEdgeID":null},{"edgeID":"1727275","fromID":"1315767","toID":"1315769","formEdgeID":null},{"edgeID":"1727276","fromID":"1315769","toID":"1315768","formEdgeID":null},{"edgeID":"1727277","fromID":"1315707","toID":"1315770","formEdgeID":null},{"edgeID":"1727278","fromID":"1315770","toID":"1315713","formEdgeID":null},{"edgeID":"1727279","fromID":"1315713","toID":"1315771","formEdgeID":null},{"edgeID":"1727280","fromID":"1315771","toID":"1315717","formEdgeID":null},{"edgeID":"1727281","fromID":"1315717","toID":"1315772","formEdgeID":null},{"edgeID":"1727282","fromID":"1315772","toID":"1315722","formEdgeID":null},{"edgeID":"1727283","fromID":"1315716","toID":"1315773","formEdgeID":null},{"edgeID":"1727284","fromID":"1315773","toID":"1315711","formEdgeID":null},{"edgeID":"1727285","fromID":"1315771","toID":"1315774","formEdgeID":null},{"edgeID":"1727286","fromID":"1315774","toID":"1315773","formEdgeID":null},{"edgeID":"1727287","fromID":"1315721","toID":"1315775","formEdgeID":null},{"edgeID":"1727288","fromID":"1315775","toID":"1315716","formEdgeID":null},{"edgeID":"1727289","fromID":"1315772","toID":"1315776","formEdgeID":null},{"edgeID":"1727290","fromID":"1315776","toID":"1315775","formEdgeID":null},{"edgeID":"1727291","fromID":"1315777","toID":"1315728","formEdgeID":null},{"edgeID":"1727292","fromID":"1315722","toID":"1315777","formEdgeID":null},{"edgeID":"1727293","fromID":"1315728","toID":"1315778","formEdgeID":null},{"edgeID":"1727294","fromID":"1315778","toID":"1315732","formEdgeID":null},{"edgeID":"1727295","fromID":"1315736","toID":"1315779","formEdgeID":null},{"edgeID":"1727296","fromID":"1315779","toID":"1315726","formEdgeID":null},{"edgeID":"1727297","fromID":"1315732","toID":"1315780","formEdgeID":null},{"edgeID":"1727298","fromID":"1315780","toID":"1315737","formEdgeID":null},{"edgeID":"1727299","fromID":"1315728","toID":"1315781","formEdgeID":null},{"edgeID":"1727300","fromID":"1315781","toID":"1315737","formEdgeID":null},{"edgeID":"1727301","fromID":"1315782","toID":"1315779","formEdgeID":null},{"edgeID":"1727302","fromID":"1315781","toID":"1315782","formEdgeID":null},{"edgeID":"1727303","fromID":"1315737","toID":"1315783","formEdgeID":null},{"edgeID":"1727304","fromID":"1315783","toID":"1315744","formEdgeID":null},{"edgeID":"1727305","fromID":"1315784","toID":"1315747","formEdgeID":null},{"edgeID":"1727306","fromID":"1315744","toID":"1315784","formEdgeID":null},{"edgeID":"1727307","fromID":"1315747","toID":"1315785","formEdgeID":null},{"edgeID":"1727308","fromID":"1315785","toID":"1315752","formEdgeID":null},{"edgeID":"1727309","fromID":"1315786","toID":"1315757","formEdgeID":null},{"edgeID":"1727310","fromID":"1315752","toID":"1315786","formEdgeID":null},{"edgeID":"1727311","fromID":"1315756","toID":"1315787","formEdgeID":null},{"edgeID":"1727312","fromID":"1315787","toID":"1315751","formEdgeID":null},{"edgeID":"1727313","fromID":"1315786","toID":"1315788","formEdgeID":null},{"edgeID":"1727314","fromID":"1315788","toID":"1315787","formEdgeID":null},{"edgeID":"1727315","fromID":"1315757","toID":"1315789","formEdgeID":null},{"edgeID":"1727316","fromID":"1315789","toID":"1315763","formEdgeID":null}],"locutions":[]}