{"nodes":[{"nodeID":"1147023","text":"from a personal perspective, I find Boris Johnson's behaviour an absolute disgrace","type":"I","timestamp":"2023-04-20 10:23:20"},{"nodeID":"1147028","text":"from a professional perspective, I'm a frontline nurse, have worked all through the pandemic, as have many of my colleagues","type":"I","timestamp":"2023-04-20 10:23:22"},{"nodeID":"1147034","text":"AudienceMember 20220609QT282 personally did not see her family for three months","type":"I","timestamp":"2023-04-20 10:23:24"},{"nodeID":"1147040","text":"AudienceMember 20220609QT282 sat on Christmas Day on my own","type":"I","timestamp":"2023-04-20 10:23:27"},{"nodeID":"1147046","text":"it makes AudienceMember 20220609QT282 emotive to think about not seeing her family for three months","type":"I","timestamp":"2023-04-20 10:23:29"},{"nodeID":"1147054","text":"AudienceMember 20220609QT282's mum is a vulnerable adult so she had to protect her, so had to stay away from her family","type":"I","timestamp":"2023-04-20 10:23:31"},{"nodeID":"1147059","text":"xxx is why AudienceMember 20220609QT282 didn't see her family for three months","type":"I","timestamp":"2023-04-20 10:23:34"},{"nodeID":"1147068","text":"AudienceMember 20220609QT283 was working frontline in Covid","type":"I","timestamp":"2023-04-20 10:23:36"},{"nodeID":"1147076","text":"listening to the panel tonight, AudienceMember 20220609QT283 thought that this was going to be such a good and positive outcome to a lot of things","type":"I","timestamp":"2023-04-20 10:23:38"},{"nodeID":"1147082","text":"we go back to the same tittle-tattle again","type":"I","timestamp":"2023-04-20 10:23:41"},{"nodeID":"1147093","text":"the bottom line here is the take-home message AudienceMember 20220609QT283 is personally asking people to take home with them is: in a healthcare situation, it doesn't matter what side of the political divide you come from, everybody is equal","type":"I","timestamp":"2023-04-20 10:23:43"},{"nodeID":"1147099","text":"we all agree that the most important thing is the pain of the families who didn't spend those last few minutes with their loved one who was dying, who weren't able to hold their hand and be there when it mattered","type":"I","timestamp":"2023-04-20 10:23:45"},{"nodeID":"1147105","text":"we all have had the experience of losing a loved person at some point in our lives","type":"I","timestamp":"2023-04-20 10:23:48"},{"nodeID":"1147111","text":"it is never easy to lose a loved person","type":"I","timestamp":"2023-04-20 10:23:50"},{"nodeID":"1147121","text":"we can see how the Conservative government make their decisions","type":"I","timestamp":"2023-04-20 10:23:52"},{"nodeID":"1147126","text":"it is kind of like the amnesty we talked about: as long as you believe you're telling the truth, well, then you're telling the truth","type":"I","timestamp":"2023-04-20 10:23:55"},{"nodeID":"1319606","text":"AudienceMember 20220609QT282: from a personal perspective, I find Boris Johnson's behaviour an absolute disgrace","type":"L","timestamp":"2023-11-09 13:23:03"},{"nodeID":"1319607","text":"Analysing","type":"YA","timestamp":"2023-11-09 13:23:03"},{"nodeID":"1319608","text":"Amelie: AudienceMember 20220609QT282: from a personal perspective, I find Boris Johnson's behaviour an absolute disgrace","type":"L","timestamp":"2023-11-09 13:23:03"},{"nodeID":"1319609","text":"Asserting","type":"YA","timestamp":"2023-11-09 13:23:03"},{"nodeID":"1319610","text":"AudienceMember 20220609QT282: From a professional perspective, I'm a frontline nurse, have worked all through the pandemic, as have many of my colleagues","type":"L","timestamp":"2023-11-09 13:23:04"},{"nodeID":"1319611","text":"Analysing","type":"YA","timestamp":"2023-11-09 13:23:04"},{"nodeID":"1319612","text":"Amelie: AudienceMember 20220609QT282: From a professional perspective, I'm a frontline nurse, have worked all through the pandemic, as have many of my colleagues","type":"L","timestamp":"2023-11-09 13:23:04"},{"nodeID":"1319613","text":"Asserting","type":"YA","timestamp":"2023-11-09 13:23:04"},{"nodeID":"1319614","text":"Default Transition","type":"TA","timestamp":"2023-11-09 13:23:04"},{"nodeID":"1319615","text":"AudienceMember 20220609QT282: I personally did not see my family for three months","type":"L","timestamp":"2023-11-09 13:23:05"},{"nodeID":"1319616","text":"Analysing","type":"YA","timestamp":"2023-11-09 13:23:05"},{"nodeID":"1319617","text":"Amelie: AudienceMember 20220609QT282: I personally did not see my family for three months","type":"L","timestamp":"2023-11-09 13:23:05"},{"nodeID":"1319618","text":"Asserting","type":"YA","timestamp":"2023-11-09 13:23:05"},{"nodeID":"1319619","text":"Default Transition","type":"TA","timestamp":"2023-11-09 13:23:05"},{"nodeID":"1319620","text":"AudienceMember 20220609QT282: I sat on Christmas Day on my own","type":"L","timestamp":"2023-11-09 13:23:05"},{"nodeID":"1319621","text":"Analysing","type":"YA","timestamp":"2023-11-09 13:23:05"},{"nodeID":"1319622","text":"Amelie: AudienceMember 20220609QT282: I sat on Christmas Day on my own","type":"L","timestamp":"2023-11-09 13:23:05"},{"nodeID":"1319623","text":"Asserting","type":"YA","timestamp":"2023-11-09 13:23:05"},{"nodeID":"1319624","text":"Default Transition","type":"TA","timestamp":"2023-11-09 13:23:05"},{"nodeID":"1319625","text":"AudienceMember 20220609QT282: It makes me emotive to think about it","type":"L","timestamp":"2023-11-09 13:23:06"},{"nodeID":"1319626","text":"Analysing","type":"YA","timestamp":"2023-11-09 13:23:06"},{"nodeID":"1319627","text":"Amelie: AudienceMember 20220609QT282: It makes me emotive to think about it","type":"L","timestamp":"2023-11-09 13:23:06"},{"nodeID":"1319628","text":"Asserting","type":"YA","timestamp":"2023-11-09 13:23:06"},{"nodeID":"1319629","text":"Default Transition","type":"TA","timestamp":"2023-11-09 13:23:06"},{"nodeID":"1319630","text":"Default Inference","type":"RA","timestamp":"2023-11-09 13:23:06"},{"nodeID":"1319631","text":"Default Inference","type":"RA","timestamp":"2023-11-09 13:23:06"},{"nodeID":"1319632","text":"AudienceMember 20220609QT283: My mum is a vulnerable adult so I had to protect her, so had to stay away from my family","type":"L","timestamp":"2023-11-09 13:23:06"},{"nodeID":"1319633","text":"Analysing","type":"YA","timestamp":"2023-11-09 13:23:06"},{"nodeID":"1319634","text":"Amelie: AudienceMember 20220609QT283: My mum is a vulnerable adult so I had to protect her, so had to stay away from my family","type":"L","timestamp":"2023-11-09 13:23:06"},{"nodeID":"1319635","text":"Asserting","type":"YA","timestamp":"2023-11-09 13:23:06"},{"nodeID":"1319636","text":"Fiona Bruce: Why didn't you see your family for three months","type":"L","timestamp":"2023-11-09 13:23:07"},{"nodeID":"1319637","text":"Analysing","type":"YA","timestamp":"2023-11-09 13:23:07"},{"nodeID":"1319638","text":"Amelie: Fiona Bruce: Why didn't you see your family for three months","type":"L","timestamp":"2023-11-09 13:23:07"},{"nodeID":"1319639","text":"Asserting","type":"YA","timestamp":"2023-11-09 13:23:07"},{"nodeID":"1319640","text":"Default Transition","type":"TA","timestamp":"2023-11-09 13:23:07"},{"nodeID":"1319641","text":"Default Rephrase","type":"MA","timestamp":"2023-11-09 13:23:07"},{"nodeID":"1319642","text":"Default Transition","type":"TA","timestamp":"2023-11-09 13:23:07"},{"nodeID":"1319643","text":"Default Illocuting","type":"YA","timestamp":"2023-11-09 13:23:07"},{"nodeID":"1319644","text":"AudienceMember 20220609QT283: I was working frontline in Covid","type":"L","timestamp":"2023-11-09 13:23:08"},{"nodeID":"1319645","text":"Analysing","type":"YA","timestamp":"2023-11-09 13:23:08"},{"nodeID":"1319646","text":"Amelie: AudienceMember 20220609QT283: I was working frontline in Covid","type":"L","timestamp":"2023-11-09 13:23:08"},{"nodeID":"1319647","text":"Asserting","type":"YA","timestamp":"2023-11-09 13:23:08"},{"nodeID":"1319648","text":"Default Rephrase","type":"MA","timestamp":"2023-11-09 13:23:08"},{"nodeID":"1319649","text":"Default Transition","type":"TA","timestamp":"2023-11-09 13:23:08"},{"nodeID":"1319650","text":"Restating","type":"YA","timestamp":"2023-11-09 13:23:08"},{"nodeID":"1319651","text":"AudienceMember 20220609QT283: listening to the panel tonight, I thought that this was going to be such a good and positive outcome to a lot of things","type":"L","timestamp":"2023-11-09 13:23:08"},{"nodeID":"1319652","text":"Analysing","type":"YA","timestamp":"2023-11-09 13:23:08"},{"nodeID":"1319653","text":"Amelie: AudienceMember 20220609QT283: listening to the panel tonight, I thought that this was going to be such a good and positive outcome to a lot of things","type":"L","timestamp":"2023-11-09 13:23:08"},{"nodeID":"1319654","text":"Asserting","type":"YA","timestamp":"2023-11-09 13:23:08"},{"nodeID":"1319655","text":"Default Transition","type":"TA","timestamp":"2023-11-09 13:23:08"},{"nodeID":"1319656","text":"AudienceMember 20220609QT283: we go back to the same tittle-tattle again","type":"L","timestamp":"2023-11-09 13:23:09"},{"nodeID":"1319657","text":"Analysing","type":"YA","timestamp":"2023-11-09 13:23:09"},{"nodeID":"1319658","text":"Amelie: AudienceMember 20220609QT283: we go back to the same tittle-tattle again","type":"L","timestamp":"2023-11-09 13:23:09"},{"nodeID":"1319659","text":"Asserting","type":"YA","timestamp":"2023-11-09 13:23:09"},{"nodeID":"1319660","text":"Default Conflict","type":"CA","timestamp":"2023-11-09 13:23:09"},{"nodeID":"1319661","text":"Default Transition","type":"TA","timestamp":"2023-11-09 13:23:09"},{"nodeID":"1319662","text":"Disagreeing","type":"YA","timestamp":"2023-11-09 13:23:09"},{"nodeID":"1319663","text":"Default Inference","type":"RA","timestamp":"2023-11-09 13:23:09"},{"nodeID":"1319664","text":"Default Transition","type":"TA","timestamp":"2023-11-09 13:23:09"},{"nodeID":"1319665","text":"Arguing","type":"YA","timestamp":"2023-11-09 13:23:09"},{"nodeID":"1319666","text":"AudienceMember 20220609QT283: the bottom line here is the take-home message I'm personally asking people to take home with them is: in a healthcare situation, it doesn't matter what side of the political divide you come from, everybody is equal","type":"L","timestamp":"2023-11-09 13:23:09"},{"nodeID":"1319667","text":"Analysing","type":"YA","timestamp":"2023-11-09 13:23:09"},{"nodeID":"1319668","text":"Amelie: AudienceMember 20220609QT283: the bottom line here is the take-home message I'm personally asking people to take home with them is: in a healthcare situation, it doesn't matter what side of the political divide you come from, everybody is equal","type":"L","timestamp":"2023-11-09 13:23:09"},{"nodeID":"1319669","text":"Asserting","type":"YA","timestamp":"2023-11-09 13:23:09"},{"nodeID":"1319670","text":"Default Transition","type":"TA","timestamp":"2023-11-09 13:23:09"},{"nodeID":"1319671","text":"Naomi Long: we all agree that the most important thing is the pain of the families who didn't spend those last few minutes with their loved one who was dying, who weren't able to hold their hand and be there when it mattered","type":"L","timestamp":"2023-11-09 13:23:10"},{"nodeID":"1319672","text":"Analysing","type":"YA","timestamp":"2023-11-09 13:23:10"},{"nodeID":"1319673","text":"Amelie: Naomi Long: we all agree that the most important thing is the pain of the families who didn't spend those last few minutes with their loved one who was dying, who weren't able to hold their hand and be there when it mattered","type":"L","timestamp":"2023-11-09 13:23:10"},{"nodeID":"1319674","text":"Asserting","type":"YA","timestamp":"2023-11-09 13:23:10"},{"nodeID":"1319675","text":"Default Transition","type":"TA","timestamp":"2023-11-09 13:23:10"},{"nodeID":"1319676","text":"Naomi Long: we all have had that experience at some point in our lives","type":"L","timestamp":"2023-11-09 13:23:11"},{"nodeID":"1319677","text":"Analysing","type":"YA","timestamp":"2023-11-09 13:23:11"},{"nodeID":"1319678","text":"Amelie: Naomi Long: we all have had that experience at some point in our lives","type":"L","timestamp":"2023-11-09 13:23:11"},{"nodeID":"1319679","text":"Asserting","type":"YA","timestamp":"2023-11-09 13:23:11"},{"nodeID":"1319680","text":"Default Transition","type":"TA","timestamp":"2023-11-09 13:23:11"},{"nodeID":"1319681","text":"Naomi Long: it is never easy","type":"L","timestamp":"2023-11-09 13:23:11"},{"nodeID":"1319682","text":"Analysing","type":"YA","timestamp":"2023-11-09 13:23:11"},{"nodeID":"1319683","text":"Amelie: Naomi Long: it is never easy","type":"L","timestamp":"2023-11-09 13:23:11"},{"nodeID":"1319684","text":"Asserting","type":"YA","timestamp":"2023-11-09 13:23:11"},{"nodeID":"1319685","text":"Default Inference","type":"RA","timestamp":"2023-11-09 13:23:11"},{"nodeID":"1319686","text":"Default Inference","type":"RA","timestamp":"2023-11-09 13:23:11"},{"nodeID":"1319687","text":"Arguing","type":"YA","timestamp":"2023-11-09 13:23:11"},{"nodeID":"1319688","text":"Default Transition","type":"TA","timestamp":"2023-11-09 13:23:11"},{"nodeID":"1319689","text":"Arguing","type":"YA","timestamp":"2023-11-09 13:23:11"},{"nodeID":"1319690","text":"AudienceMember 20220609QT281: we can see how the Conservative government make their decisions","type":"L","timestamp":"2023-11-09 13:23:12"},{"nodeID":"1319691","text":"Analysing","type":"YA","timestamp":"2023-11-09 13:23:12"},{"nodeID":"1319692","text":"Amelie: AudienceMember 20220609QT281: we can see how the Conservative government make their decisions","type":"L","timestamp":"2023-11-09 13:23:12"},{"nodeID":"1319693","text":"Asserting","type":"YA","timestamp":"2023-11-09 13:23:12"},{"nodeID":"1319694","text":"AudienceMember 20220609QT281: It is kind of like the amnesty we talked about: as long as you believe you're telling the truth, well, then you're telling the truth","type":"L","timestamp":"2023-11-09 13:23:12"},{"nodeID":"1319695","text":"Analysing","type":"YA","timestamp":"2023-11-09 13:23:12"},{"nodeID":"1319696","text":"Amelie: AudienceMember 20220609QT281: It is kind of like the amnesty we talked about: as long as you believe you're telling the truth, well, then you're telling the truth","type":"L","timestamp":"2023-11-09 13:23:12"},{"nodeID":"1319697","text":"Asserting","type":"YA","timestamp":"2023-11-09 13:23:12"},{"nodeID":"1319698","text":"Default Rephrase","type":"MA","timestamp":"2023-11-09 13:23:12"},{"nodeID":"1319699","text":"Default Transition","type":"TA","timestamp":"2023-11-09 13:23:12"},{"nodeID":"1319700","text":"Restating","type":"YA","timestamp":"2023-11-09 13:23:12"},{"nodeID":"1319701","text":"Default Transition","type":"TA","timestamp":"2023-11-09 13:23:12"}],"edges":[{"edgeID":"1732001","fromID":"1319607","toID":"1319606","formEdgeID":null},{"edgeID":"1732002","fromID":"1319608","toID":"1319607","formEdgeID":null},{"edgeID":"1732003","fromID":"1319606","toID":"1319609","formEdgeID":null},{"edgeID":"1732004","fromID":"1319609","toID":"1147023","formEdgeID":null},{"edgeID":"1732005","fromID":"1319611","toID":"1319610","formEdgeID":null},{"edgeID":"1732006","fromID":"1319612","toID":"1319611","formEdgeID":null},{"edgeID":"1732007","fromID":"1319610","toID":"1319613","formEdgeID":null},{"edgeID":"1732008","fromID":"1319613","toID":"1147028","formEdgeID":null},{"edgeID":"1732009","fromID":"1319606","toID":"1319614","formEdgeID":null},{"edgeID":"1732010","fromID":"1319614","toID":"1319610","formEdgeID":null},{"edgeID":"1732011","fromID":"1319616","toID":"1319615","formEdgeID":null},{"edgeID":"1732012","fromID":"1319617","toID":"1319616","formEdgeID":null},{"edgeID":"1732013","fromID":"1319615","toID":"1319618","formEdgeID":null},{"edgeID":"1732014","fromID":"1319618","toID":"1147034","formEdgeID":null},{"edgeID":"1732015","fromID":"1319610","toID":"1319619","formEdgeID":null},{"edgeID":"1732016","fromID":"1319619","toID":"1319615","formEdgeID":null},{"edgeID":"1732017","fromID":"1319621","toID":"1319620","formEdgeID":null},{"edgeID":"1732018","fromID":"1319622","toID":"1319621","formEdgeID":null},{"edgeID":"1732019","fromID":"1319620","toID":"1319623","formEdgeID":null},{"edgeID":"1732020","fromID":"1319623","toID":"1147040","formEdgeID":null},{"edgeID":"1732021","fromID":"1319615","toID":"1319624","formEdgeID":null},{"edgeID":"1732022","fromID":"1319624","toID":"1319620","formEdgeID":null},{"edgeID":"1732023","fromID":"1319626","toID":"1319625","formEdgeID":null},{"edgeID":"1732024","fromID":"1319627","toID":"1319626","formEdgeID":null},{"edgeID":"1732025","fromID":"1319625","toID":"1319628","formEdgeID":null},{"edgeID":"1732026","fromID":"1319628","toID":"1147046","formEdgeID":null},{"edgeID":"1732027","fromID":"1319620","toID":"1319629","formEdgeID":null},{"edgeID":"1732028","fromID":"1319629","toID":"1319625","formEdgeID":null},{"edgeID":"1732029","fromID":"1147040","toID":"1319630","formEdgeID":null},{"edgeID":"1732030","fromID":"1319630","toID":"1147023","formEdgeID":null},{"edgeID":"1732031","fromID":"1147034","toID":"1319631","formEdgeID":null},{"edgeID":"1732032","fromID":"1319631","toID":"1147023","formEdgeID":null},{"edgeID":"1732033","fromID":"1319633","toID":"1319632","formEdgeID":null},{"edgeID":"1732034","fromID":"1319634","toID":"1319633","formEdgeID":null},{"edgeID":"1732035","fromID":"1319632","toID":"1319635","formEdgeID":null},{"edgeID":"1732036","fromID":"1319635","toID":"1147054","formEdgeID":null},{"edgeID":"1732037","fromID":"1319637","toID":"1319636","formEdgeID":null},{"edgeID":"1732038","fromID":"1319638","toID":"1319637","formEdgeID":null},{"edgeID":"1732039","fromID":"1319636","toID":"1319639","formEdgeID":null},{"edgeID":"1732040","fromID":"1319639","toID":"1147059","formEdgeID":null},{"edgeID":"1732041","fromID":"1319625","toID":"1319640","formEdgeID":null},{"edgeID":"1732042","fromID":"1319640","toID":"1319636","formEdgeID":null},{"edgeID":"1732043","fromID":"1147054","toID":"1319641","formEdgeID":null},{"edgeID":"1732044","fromID":"1319641","toID":"1147059","formEdgeID":null},{"edgeID":"1732045","fromID":"1319636","toID":"1319642","formEdgeID":null},{"edgeID":"1732046","fromID":"1319642","toID":"1319632","formEdgeID":null},{"edgeID":"1732047","fromID":"1319642","toID":"1319643","formEdgeID":null},{"edgeID":"1732048","fromID":"1319643","toID":"1319641","formEdgeID":null},{"edgeID":"1732049","fromID":"1319645","toID":"1319644","formEdgeID":null},{"edgeID":"1732050","fromID":"1319646","toID":"1319645","formEdgeID":null},{"edgeID":"1732051","fromID":"1319644","toID":"1319647","formEdgeID":null},{"edgeID":"1732052","fromID":"1319647","toID":"1147068","formEdgeID":null},{"edgeID":"1732053","fromID":"1147068","toID":"1319648","formEdgeID":null},{"edgeID":"1732054","fromID":"1319648","toID":"1147028","formEdgeID":null},{"edgeID":"1732055","fromID":"1319606","toID":"1319649","formEdgeID":null},{"edgeID":"1732056","fromID":"1319649","toID":"1319644","formEdgeID":null},{"edgeID":"1732057","fromID":"1319649","toID":"1319650","formEdgeID":null},{"edgeID":"1732058","fromID":"1319650","toID":"1319648","formEdgeID":null},{"edgeID":"1732059","fromID":"1319652","toID":"1319651","formEdgeID":null},{"edgeID":"1732060","fromID":"1319653","toID":"1319652","formEdgeID":null},{"edgeID":"1732061","fromID":"1319651","toID":"1319654","formEdgeID":null},{"edgeID":"1732062","fromID":"1319654","toID":"1147076","formEdgeID":null},{"edgeID":"1732063","fromID":"1319644","toID":"1319655","formEdgeID":null},{"edgeID":"1732064","fromID":"1319655","toID":"1319651","formEdgeID":null},{"edgeID":"1732065","fromID":"1319657","toID":"1319656","formEdgeID":null},{"edgeID":"1732066","fromID":"1319658","toID":"1319657","formEdgeID":null},{"edgeID":"1732067","fromID":"1319656","toID":"1319659","formEdgeID":null},{"edgeID":"1732068","fromID":"1319659","toID":"1147082","formEdgeID":null},{"edgeID":"1732069","fromID":"1147082","toID":"1319660","formEdgeID":null},{"edgeID":"1732070","fromID":"1319660","toID":"1147076","formEdgeID":null},{"edgeID":"1732071","fromID":"1319651","toID":"1319661","formEdgeID":null},{"edgeID":"1732072","fromID":"1319661","toID":"1319656","formEdgeID":null},{"edgeID":"1732073","fromID":"1319661","toID":"1319662","formEdgeID":null},{"edgeID":"1732074","fromID":"1319662","toID":"1319660","formEdgeID":null},{"edgeID":"1732075","fromID":"1147068","toID":"1319663","formEdgeID":null},{"edgeID":"1732076","fromID":"1319663","toID":"1147054","formEdgeID":null},{"edgeID":"1732077","fromID":"1319632","toID":"1319664","formEdgeID":null},{"edgeID":"1732078","fromID":"1319664","toID":"1319644","formEdgeID":null},{"edgeID":"1732079","fromID":"1319664","toID":"1319665","formEdgeID":null},{"edgeID":"1732080","fromID":"1319665","toID":"1319663","formEdgeID":null},{"edgeID":"1732081","fromID":"1319667","toID":"1319666","formEdgeID":null},{"edgeID":"1732082","fromID":"1319668","toID":"1319667","formEdgeID":null},{"edgeID":"1732083","fromID":"1319666","toID":"1319669","formEdgeID":null},{"edgeID":"1732084","fromID":"1319669","toID":"1147093","formEdgeID":null},{"edgeID":"1732085","fromID":"1319656","toID":"1319670","formEdgeID":null},{"edgeID":"1732086","fromID":"1319670","toID":"1319666","formEdgeID":null},{"edgeID":"1732087","fromID":"1319672","toID":"1319671","formEdgeID":null},{"edgeID":"1732088","fromID":"1319673","toID":"1319672","formEdgeID":null},{"edgeID":"1732089","fromID":"1319671","toID":"1319674","formEdgeID":null},{"edgeID":"1732090","fromID":"1319674","toID":"1147099","formEdgeID":null},{"edgeID":"1732091","fromID":"1319666","toID":"1319675","formEdgeID":null},{"edgeID":"1732092","fromID":"1319675","toID":"1319671","formEdgeID":null},{"edgeID":"1732093","fromID":"1319677","toID":"1319676","formEdgeID":null},{"edgeID":"1732094","fromID":"1319678","toID":"1319677","formEdgeID":null},{"edgeID":"1732095","fromID":"1319676","toID":"1319679","formEdgeID":null},{"edgeID":"1732096","fromID":"1319679","toID":"1147105","formEdgeID":null},{"edgeID":"1732097","fromID":"1319671","toID":"1319680","formEdgeID":null},{"edgeID":"1732098","fromID":"1319680","toID":"1319676","formEdgeID":null},{"edgeID":"1732099","fromID":"1319682","toID":"1319681","formEdgeID":null},{"edgeID":"1732100","fromID":"1319683","toID":"1319682","formEdgeID":null},{"edgeID":"1732101","fromID":"1319681","toID":"1319684","formEdgeID":null},{"edgeID":"1732102","fromID":"1319684","toID":"1147111","formEdgeID":null},{"edgeID":"1732103","fromID":"1147111","toID":"1319685","formEdgeID":null},{"edgeID":"1732104","fromID":"1319685","toID":"1147099","formEdgeID":null},{"edgeID":"1732105","fromID":"1147105","toID":"1319686","formEdgeID":null},{"edgeID":"1732106","fromID":"1319686","toID":"1147099","formEdgeID":null},{"edgeID":"1732107","fromID":"1319680","toID":"1319687","formEdgeID":null},{"edgeID":"1732108","fromID":"1319687","toID":"1319686","formEdgeID":null},{"edgeID":"1732109","fromID":"1319671","toID":"1319688","formEdgeID":null},{"edgeID":"1732110","fromID":"1319688","toID":"1319681","formEdgeID":null},{"edgeID":"1732111","fromID":"1319688","toID":"1319689","formEdgeID":null},{"edgeID":"1732112","fromID":"1319689","toID":"1319685","formEdgeID":null},{"edgeID":"1732113","fromID":"1319691","toID":"1319690","formEdgeID":null},{"edgeID":"1732114","fromID":"1319692","toID":"1319691","formEdgeID":null},{"edgeID":"1732115","fromID":"1319690","toID":"1319693","formEdgeID":null},{"edgeID":"1732116","fromID":"1319693","toID":"1147121","formEdgeID":null},{"edgeID":"1732117","fromID":"1319695","toID":"1319694","formEdgeID":null},{"edgeID":"1732118","fromID":"1319696","toID":"1319695","formEdgeID":null},{"edgeID":"1732119","fromID":"1319694","toID":"1319697","formEdgeID":null},{"edgeID":"1732120","fromID":"1319697","toID":"1147126","formEdgeID":null},{"edgeID":"1732121","fromID":"1147126","toID":"1319698","formEdgeID":null},{"edgeID":"1732122","fromID":"1319698","toID":"1147121","formEdgeID":null},{"edgeID":"1732123","fromID":"1319690","toID":"1319699","formEdgeID":null},{"edgeID":"1732124","fromID":"1319699","toID":"1319694","formEdgeID":null},{"edgeID":"1732125","fromID":"1319699","toID":"1319700","formEdgeID":null},{"edgeID":"1732126","fromID":"1319700","toID":"1319698","formEdgeID":null},{"edgeID":"1732127","fromID":"1319694","toID":"1319701","formEdgeID":null},{"edgeID":"1732128","fromID":"1319701","toID":"1319606","formEdgeID":null}],"locutions":[]}