{"nodes":[{"nodeID":"1316138","text":"this is a Northern Ireland protocol agreed by the Conservative government","type":"I","timestamp":"2023-11-09 13:18:09"},{"nodeID":"1316139","text":"Fiona Bruce: this is a Northern Ireland protocol agreed by the Conservative government","type":"L","timestamp":"2023-11-09 13:18:09"},{"nodeID":"1316140","text":"Analysing","type":"YA","timestamp":"2023-11-09 13:18:09"},{"nodeID":"1316141","text":"Chris: Fiona Bruce: this is a Northern Ireland protocol agreed by the Conservative government","type":"L","timestamp":"2023-11-09 13:18:09"},{"nodeID":"1316142","text":"Asserting","type":"YA","timestamp":"2023-11-09 13:18:09"},{"nodeID":"1316143","text":"Robert Buckland: Yes","type":"L","timestamp":"2023-11-09 13:18:09"},{"nodeID":"1316144","text":"Analysing","type":"YA","timestamp":"2023-11-09 13:18:09"},{"nodeID":"1316145","text":"Chris: Robert Buckland: Yes","type":"L","timestamp":"2023-11-09 13:18:09"},{"nodeID":"1316146","text":"Default Transition","type":"TA","timestamp":"2023-11-09 13:18:09"},{"nodeID":"1316147","text":"Agreeing","type":"YA","timestamp":"2023-11-09 13:18:09"},{"nodeID":"1316148","text":"Emma Little-Pengelly has stated already some of the considerable tensions that exist","type":"I","timestamp":"2023-11-09 13:18:10"},{"nodeID":"1316149","text":"Robert Buckland: Emma's stated already some of the considerable tensions that exist","type":"L","timestamp":"2023-11-09 13:18:10"},{"nodeID":"1316150","text":"Analysing","type":"YA","timestamp":"2023-11-09 13:18:10"},{"nodeID":"1316151","text":"Chris: Robert Buckland: Emma's stated already some of the considerable tensions that exist","type":"L","timestamp":"2023-11-09 13:18:10"},{"nodeID":"1316152","text":"Asserting","type":"YA","timestamp":"2023-11-09 13:18:10"},{"nodeID":"1316153","text":"Default Transition","type":"TA","timestamp":"2023-11-09 13:18:10"},{"nodeID":"1316154","text":"it would be irresponsible of the British government to ignore that, to sit on its hands and say, tough, we are going to have to wait and see","type":"I","timestamp":"2023-11-09 13:18:11"},{"nodeID":"1316155","text":"Robert Buckland: it would be irresponsible of the British government to ignore that, to sit on its hands and say, tough, we are going to have to wait and see","type":"L","timestamp":"2023-11-09 13:18:11"},{"nodeID":"1316156","text":"Analysing","type":"YA","timestamp":"2023-11-09 13:18:11"},{"nodeID":"1316157","text":"Chris: Robert Buckland: it would be irresponsible of the British government to ignore that, to sit on its hands and say, tough, we are going to have to wait and see","type":"L","timestamp":"2023-11-09 13:18:11"},{"nodeID":"1316158","text":"Asserting","type":"YA","timestamp":"2023-11-09 13:18:11"},{"nodeID":"1316159","text":"Default Transition","type":"TA","timestamp":"2023-11-09 13:18:11"},{"nodeID":"1316160","text":"what has happened here is that the mechanisms by which were set up in order to negotiate how the protocol could work are just not coming together","type":"I","timestamp":"2023-11-09 13:18:11"},{"nodeID":"1316161","text":"Robert Buckland: what has happened here is that the mechanisms by which were set up in order to negotiate how the protocol could work are just not coming together","type":"L","timestamp":"2023-11-09 13:18:11"},{"nodeID":"1316162","text":"Analysing","type":"YA","timestamp":"2023-11-09 13:18:11"},{"nodeID":"1316163","text":"Chris: Robert Buckland: what has happened here is that the mechanisms by which were set up in order to negotiate how the protocol could work are just not coming together","type":"L","timestamp":"2023-11-09 13:18:11"},{"nodeID":"1316164","text":"Asserting","type":"YA","timestamp":"2023-11-09 13:18:11"},{"nodeID":"1316165","text":"Default Inference","type":"RA","timestamp":"2023-11-09 13:18:11"},{"nodeID":"1316166","text":"Default Transition","type":"TA","timestamp":"2023-11-09 13:18:11"},{"nodeID":"1316167","text":"Arguing","type":"YA","timestamp":"2023-11-09 13:18:11"},{"nodeID":"1316168","text":"Robert Buckland doesn't want to play a blame game tonight","type":"I","timestamp":"2023-11-09 13:18:12"},{"nodeID":"1316169","text":"Robert Buckland: I don't want to play a blame game tonight","type":"L","timestamp":"2023-11-09 13:18:12"},{"nodeID":"1316170","text":"Analysing","type":"YA","timestamp":"2023-11-09 13:18:12"},{"nodeID":"1316171","text":"Chris: Robert Buckland: I don't want to play a blame game tonight","type":"L","timestamp":"2023-11-09 13:18:12"},{"nodeID":"1316172","text":"Asserting","type":"YA","timestamp":"2023-11-09 13:18:12"},{"nodeID":"1316173","text":"Default Transition","type":"TA","timestamp":"2023-11-09 13:18:12"},{"nodeID":"1316174","text":"it's not right to play the blame game","type":"I","timestamp":"2023-11-09 13:18:12"},{"nodeID":"1316175","text":"Robert Buckland: it's not right to do that","type":"L","timestamp":"2023-11-09 13:18:12"},{"nodeID":"1316176","text":"Analysing","type":"YA","timestamp":"2023-11-09 13:18:12"},{"nodeID":"1316177","text":"Chris: Robert Buckland: it's not right to do that","type":"L","timestamp":"2023-11-09 13:18:12"},{"nodeID":"1316178","text":"Asserting","type":"YA","timestamp":"2023-11-09 13:18:12"},{"nodeID":"1316179","text":"Default Transition","type":"TA","timestamp":"2023-11-09 13:18:12"},{"nodeID":"1316180","text":"Default Inference","type":"RA","timestamp":"2023-11-09 13:18:12"},{"nodeID":"1316181","text":"Arguing","type":"YA","timestamp":"2023-11-09 13:18:12"},{"nodeID":"1316182","text":"Robert Buckland doesn't think it's the government's fault","type":"I","timestamp":"2023-11-09 13:18:13"},{"nodeID":"1316183","text":"Fiona Bruce:  you don't think it's the government's fault","type":"L","timestamp":"2023-11-09 13:18:13"},{"nodeID":"1316184","text":"Analysing","type":"YA","timestamp":"2023-11-09 13:18:13"},{"nodeID":"1316185","text":"Chris: Fiona Bruce:  you don't think it's the government's fault","type":"L","timestamp":"2023-11-09 13:18:13"},{"nodeID":"1316186","text":"Assertive Questioning","type":"YA","timestamp":"2023-11-09 13:18:13"},{"nodeID":"1316187","text":"Default Transition","type":"TA","timestamp":"2023-11-09 13:18:13"},{"nodeID":"1316188","text":"the government consistently tried to negotiate","type":"I","timestamp":"2023-11-09 13:18:14"},{"nodeID":"1316189","text":"Robert Buckland: The government consistently tried to negotiate","type":"L","timestamp":"2023-11-09 13:18:14"},{"nodeID":"1316190","text":"Analysing","type":"YA","timestamp":"2023-11-09 13:18:14"},{"nodeID":"1316191","text":"Chris: Robert Buckland: The government consistently tried to negotiate","type":"L","timestamp":"2023-11-09 13:18:14"},{"nodeID":"1316192","text":"Asserting","type":"YA","timestamp":"2023-11-09 13:18:14"},{"nodeID":"1316193","text":"Default Transition","type":"TA","timestamp":"2023-11-09 13:18:14"},{"nodeID":"1316194","text":"Default Rephrase","type":"MA","timestamp":"2023-11-09 13:18:14"},{"nodeID":"1316195","text":"Default Illocuting","type":"YA","timestamp":"2023-11-09 13:18:14"},{"nodeID":"1316196","text":"the government's counterparts in Europe won't change the basis upon which they want to negotiate","type":"I","timestamp":"2023-11-09 13:18:14"},{"nodeID":"1316197","text":"Robert Buckland: our counterparts in Europe won't change the basis upon which they want to negotiate","type":"L","timestamp":"2023-11-09 13:18:14"},{"nodeID":"1316198","text":"Analysing","type":"YA","timestamp":"2023-11-09 13:18:14"},{"nodeID":"1316199","text":"Chris: Robert Buckland: our counterparts in Europe won't change the basis upon which they want to negotiate","type":"L","timestamp":"2023-11-09 13:18:14"},{"nodeID":"1316200","text":"Asserting","type":"YA","timestamp":"2023-11-09 13:18:14"},{"nodeID":"1316201","text":"Default Rephrase","type":"MA","timestamp":"2023-11-09 13:18:14"},{"nodeID":"1316202","text":"Default Conflict","type":"CA","timestamp":"2023-11-09 13:18:14"},{"nodeID":"1316203","text":"Default Transition","type":"TA","timestamp":"2023-11-09 13:18:14"},{"nodeID":"1316204","text":"Disagreeing","type":"YA","timestamp":"2023-11-09 13:18:14"},{"nodeID":"1316205","text":"Default Transition","type":"TA","timestamp":"2023-11-09 13:18:14"},{"nodeID":"1316206","text":"Restating","type":"YA","timestamp":"2023-11-09 13:18:14"},{"nodeID":"1316207","text":"the basis on which the government's counterparts in Europe choose to negotiate is a matter for them","type":"I","timestamp":"2023-11-09 13:18:15"},{"nodeID":"1316208","text":"Robert Buckland: That's a matter for them","type":"L","timestamp":"2023-11-09 13:18:15"},{"nodeID":"1316209","text":"Analysing","type":"YA","timestamp":"2023-11-09 13:18:15"},{"nodeID":"1316210","text":"Chris: Robert Buckland: That's a matter for them","type":"L","timestamp":"2023-11-09 13:18:15"},{"nodeID":"1316211","text":"Asserting","type":"YA","timestamp":"2023-11-09 13:18:15"},{"nodeID":"1316212","text":"Default Transition","type":"TA","timestamp":"2023-11-09 13:18:15"},{"nodeID":"1316213","text":"Default Rephrase","type":"MA","timestamp":"2023-11-09 13:18:15"},{"nodeID":"1316214","text":"the basis on which the government's counterparts in Europe choose to negotiate does lead to a problem, to an impasse here","type":"I","timestamp":"2023-11-09 13:18:15"},{"nodeID":"1316215","text":"Robert Buckland: that does lead to a problem, to an impasse here","type":"L","timestamp":"2023-11-09 13:18:15"},{"nodeID":"1316216","text":"Analysing","type":"YA","timestamp":"2023-11-09 13:18:15"},{"nodeID":"1316217","text":"Chris: Robert Buckland: that does lead to a problem, to an impasse here","type":"L","timestamp":"2023-11-09 13:18:15"},{"nodeID":"1316218","text":"Asserting","type":"YA","timestamp":"2023-11-09 13:18:15"},{"nodeID":"1316219","text":"Default Transition","type":"TA","timestamp":"2023-11-09 13:18:15"},{"nodeID":"1316220","text":"Default Rephrase","type":"MA","timestamp":"2023-11-09 13:18:15"},{"nodeID":"1316221","text":"Restating","type":"YA","timestamp":"2023-11-09 13:18:15"},{"nodeID":"1316222","text":"Restating","type":"YA","timestamp":"2023-11-09 13:18:15"},{"nodeID":"1316223","text":"there is evidence that the impasse as a result of the basis on which the government's counterparts in Europe choose to negotiate is leading to a problem","type":"I","timestamp":"2023-11-09 13:18:16"},{"nodeID":"1316224","text":"Robert Buckland: there is evidence that this is leading to a problem","type":"L","timestamp":"2023-11-09 13:18:16"},{"nodeID":"1316225","text":"Analysing","type":"YA","timestamp":"2023-11-09 13:18:16"},{"nodeID":"1316226","text":"Chris: Robert Buckland: there is evidence that this is leading to a problem","type":"L","timestamp":"2023-11-09 13:18:16"},{"nodeID":"1316227","text":"Asserting","type":"YA","timestamp":"2023-11-09 13:18:16"},{"nodeID":"1316228","text":"Default Transition","type":"TA","timestamp":"2023-11-09 13:18:16"},{"nodeID":"1316229","text":"Default Rephrase","type":"MA","timestamp":"2023-11-09 13:18:16"},{"nodeID":"1316230","text":"Restating","type":"YA","timestamp":"2023-11-09 13:18:16"},{"nodeID":"1316231","text":"the impasse is leading to a direct challenge to east-west trade, and to the sort of dislocation Robert Buckland doesn't think was in anybody's minds when this agreement was reached","type":"I","timestamp":"2023-11-09 13:18:17"},{"nodeID":"1316232","text":"Robert Buckland: it is leading to a direct challenge to east-west trade, and to the sort of dislocation I don't think was in anybody's minds when this agreement was reached","type":"L","timestamp":"2023-11-09 13:18:17"},{"nodeID":"1316233","text":"Analysing","type":"YA","timestamp":"2023-11-09 13:18:17"},{"nodeID":"1316234","text":"Chris: Robert Buckland: it is leading to a direct challenge to east-west trade, and to the sort of dislocation I don't think was in anybody's minds when this agreement was reached","type":"L","timestamp":"2023-11-09 13:18:17"},{"nodeID":"1316235","text":"Asserting","type":"YA","timestamp":"2023-11-09 13:18:17"},{"nodeID":"1316236","text":"Default Transition","type":"TA","timestamp":"2023-11-09 13:18:17"},{"nodeID":"1316237","text":"Default Rephrase","type":"MA","timestamp":"2023-11-09 13:18:17"},{"nodeID":"1316238","text":"Restating","type":"YA","timestamp":"2023-11-09 13:18:17"},{"nodeID":"1316239","text":"it is the duty of the British government, as Robert Buckland did last week, to signal that it would be prepared to take action to legislate at Westminster in order to deal with this problem","type":"I","timestamp":"2023-11-09 13:18:17"},{"nodeID":"1316240","text":"Robert Buckland: it is the duty of the British government, and I did last week, to signal that it would be prepared to take action to legislate at Westminster in order to deal with this problem","type":"L","timestamp":"2023-11-09 13:18:17"},{"nodeID":"1316241","text":"Analysing","type":"YA","timestamp":"2023-11-09 13:18:17"},{"nodeID":"1316242","text":"Chris: Robert Buckland: it is the duty of the British government, and I did last week, to signal that it would be prepared to take action to legislate at Westminster in order to deal with this problem","type":"L","timestamp":"2023-11-09 13:18:17"},{"nodeID":"1316243","text":"Asserting","type":"YA","timestamp":"2023-11-09 13:18:17"},{"nodeID":"1316244","text":"Default Transition","type":"TA","timestamp":"2023-11-09 13:18:17"},{"nodeID":"1316245","text":"Default Inference","type":"RA","timestamp":"2023-11-09 13:18:17"},{"nodeID":"1316246","text":"Arguing","type":"YA","timestamp":"2023-11-09 13:18:17"},{"nodeID":"1316247","text":"unilateral legislative action in Westminster should be a last resort","type":"I","timestamp":"2023-11-09 13:18:18"},{"nodeID":"1316248","text":"Robert Buckland: that that should be a last resort","type":"L","timestamp":"2023-11-09 13:18:18"},{"nodeID":"1316249","text":"Analysing","type":"YA","timestamp":"2023-11-09 13:18:18"},{"nodeID":"1316250","text":"Chris: Robert Buckland: that that should be a last resort","type":"L","timestamp":"2023-11-09 13:18:18"},{"nodeID":"1316251","text":"Asserting","type":"YA","timestamp":"2023-11-09 13:18:18"},{"nodeID":"1316252","text":"Default Transition","type":"TA","timestamp":"2023-11-09 13:18:18"},{"nodeID":"1316253","text":"Default Rephrase","type":"MA","timestamp":"2023-11-09 13:18:18"},{"nodeID":"1316254","text":"Restating","type":"YA","timestamp":"2023-11-09 13:18:18"},{"nodeID":"1316255","text":"Robert Buckland still believes in the power of negotiation","type":"I","timestamp":"2023-11-09 13:18:18"},{"nodeID":"1316256","text":"Robert Buckland: I still believe in the power of negotiation","type":"L","timestamp":"2023-11-09 13:18:18"},{"nodeID":"1316257","text":"Analysing","type":"YA","timestamp":"2023-11-09 13:18:18"},{"nodeID":"1316258","text":"Chris: Robert Buckland: I still believe in the power of negotiation","type":"L","timestamp":"2023-11-09 13:18:18"},{"nodeID":"1316259","text":"Asserting","type":"YA","timestamp":"2023-11-09 13:18:18"},{"nodeID":"1316260","text":"Default Transition","type":"TA","timestamp":"2023-11-09 13:18:18"},{"nodeID":"1316261","text":"Default Inference","type":"RA","timestamp":"2023-11-09 13:18:18"},{"nodeID":"1316262","text":"Default Rephrase","type":"MA","timestamp":"2023-11-09 13:18:18"},{"nodeID":"1316263","text":"Restating","type":"YA","timestamp":"2023-11-09 13:18:18"}],"edges":[{"edgeID":"1727722","fromID":"1316140","toID":"1316139","formEdgeID":null},{"edgeID":"1727723","fromID":"1316141","toID":"1316140","formEdgeID":null},{"edgeID":"1727724","fromID":"1316139","toID":"1316142","formEdgeID":null},{"edgeID":"1727725","fromID":"1316142","toID":"1316138","formEdgeID":null},{"edgeID":"1727726","fromID":"1316144","toID":"1316143","formEdgeID":null},{"edgeID":"1727727","fromID":"1316145","toID":"1316144","formEdgeID":null},{"edgeID":"1727728","fromID":"1316139","toID":"1316146","formEdgeID":null},{"edgeID":"1727729","fromID":"1316146","toID":"1316143","formEdgeID":null},{"edgeID":"1727730","fromID":"1316146","toID":"1316147","formEdgeID":null},{"edgeID":"1727731","fromID":"1316147","toID":"1316138","formEdgeID":null},{"edgeID":"1727732","fromID":"1316150","toID":"1316149","formEdgeID":null},{"edgeID":"1727733","fromID":"1316151","toID":"1316150","formEdgeID":null},{"edgeID":"1727734","fromID":"1316149","toID":"1316152","formEdgeID":null},{"edgeID":"1727735","fromID":"1316152","toID":"1316148","formEdgeID":null},{"edgeID":"1727736","fromID":"1316143","toID":"1316153","formEdgeID":null},{"edgeID":"1727737","fromID":"1316153","toID":"1316149","formEdgeID":null},{"edgeID":"1727738","fromID":"1316156","toID":"1316155","formEdgeID":null},{"edgeID":"1727739","fromID":"1316157","toID":"1316156","formEdgeID":null},{"edgeID":"1727740","fromID":"1316155","toID":"1316158","formEdgeID":null},{"edgeID":"1727741","fromID":"1316158","toID":"1316154","formEdgeID":null},{"edgeID":"1727742","fromID":"1316149","toID":"1316159","formEdgeID":null},{"edgeID":"1727743","fromID":"1316159","toID":"1316155","formEdgeID":null},{"edgeID":"1727744","fromID":"1316162","toID":"1316161","formEdgeID":null},{"edgeID":"1727745","fromID":"1316163","toID":"1316162","formEdgeID":null},{"edgeID":"1727746","fromID":"1316161","toID":"1316164","formEdgeID":null},{"edgeID":"1727747","fromID":"1316164","toID":"1316160","formEdgeID":null},{"edgeID":"1727748","fromID":"1316160","toID":"1316165","formEdgeID":null},{"edgeID":"1727749","fromID":"1316165","toID":"1316154","formEdgeID":null},{"edgeID":"1727750","fromID":"1316155","toID":"1316166","formEdgeID":null},{"edgeID":"1727751","fromID":"1316166","toID":"1316161","formEdgeID":null},{"edgeID":"1727752","fromID":"1316166","toID":"1316167","formEdgeID":null},{"edgeID":"1727753","fromID":"1316167","toID":"1316165","formEdgeID":null},{"edgeID":"1727754","fromID":"1316170","toID":"1316169","formEdgeID":null},{"edgeID":"1727755","fromID":"1316171","toID":"1316170","formEdgeID":null},{"edgeID":"1727756","fromID":"1316169","toID":"1316172","formEdgeID":null},{"edgeID":"1727757","fromID":"1316172","toID":"1316168","formEdgeID":null},{"edgeID":"1727758","fromID":"1316161","toID":"1316173","formEdgeID":null},{"edgeID":"1727759","fromID":"1316173","toID":"1316169","formEdgeID":null},{"edgeID":"1727760","fromID":"1316176","toID":"1316175","formEdgeID":null},{"edgeID":"1727761","fromID":"1316177","toID":"1316176","formEdgeID":null},{"edgeID":"1727762","fromID":"1316175","toID":"1316178","formEdgeID":null},{"edgeID":"1727763","fromID":"1316178","toID":"1316174","formEdgeID":null},{"edgeID":"1727764","fromID":"1316169","toID":"1316179","formEdgeID":null},{"edgeID":"1727765","fromID":"1316179","toID":"1316175","formEdgeID":null},{"edgeID":"1727766","fromID":"1316174","toID":"1316180","formEdgeID":null},{"edgeID":"1727767","fromID":"1316180","toID":"1316168","formEdgeID":null},{"edgeID":"1727768","fromID":"1316179","toID":"1316181","formEdgeID":null},{"edgeID":"1727769","fromID":"1316181","toID":"1316180","formEdgeID":null},{"edgeID":"1727770","fromID":"1316184","toID":"1316183","formEdgeID":null},{"edgeID":"1727771","fromID":"1316185","toID":"1316184","formEdgeID":null},{"edgeID":"1727772","fromID":"1316183","toID":"1316186","formEdgeID":null},{"edgeID":"1727773","fromID":"1316186","toID":"1316182","formEdgeID":null},{"edgeID":"1727774","fromID":"1316175","toID":"1316187","formEdgeID":null},{"edgeID":"1727775","fromID":"1316187","toID":"1316183","formEdgeID":null},{"edgeID":"1727776","fromID":"1316190","toID":"1316189","formEdgeID":null},{"edgeID":"1727777","fromID":"1316191","toID":"1316190","formEdgeID":null},{"edgeID":"1727778","fromID":"1316189","toID":"1316192","formEdgeID":null},{"edgeID":"1727779","fromID":"1316192","toID":"1316188","formEdgeID":null},{"edgeID":"1727780","fromID":"1316183","toID":"1316193","formEdgeID":null},{"edgeID":"1727781","fromID":"1316193","toID":"1316189","formEdgeID":null},{"edgeID":"1727782","fromID":"1316188","toID":"1316194","formEdgeID":null},{"edgeID":"1727783","fromID":"1316194","toID":"1316182","formEdgeID":null},{"edgeID":"1727784","fromID":"1316193","toID":"1316195","formEdgeID":null},{"edgeID":"1727785","fromID":"1316195","toID":"1316194","formEdgeID":null},{"edgeID":"1727786","fromID":"1316198","toID":"1316197","formEdgeID":null},{"edgeID":"1727787","fromID":"1316199","toID":"1316198","formEdgeID":null},{"edgeID":"1727788","fromID":"1316197","toID":"1316200","formEdgeID":null},{"edgeID":"1727789","fromID":"1316200","toID":"1316196","formEdgeID":null},{"edgeID":"1727790","fromID":"1316196","toID":"1316201","formEdgeID":null},{"edgeID":"1727791","fromID":"1316201","toID":"1316182","formEdgeID":null},{"edgeID":"1727792","fromID":"1316196","toID":"1316202","formEdgeID":null},{"edgeID":"1727793","fromID":"1316202","toID":"1316188","formEdgeID":null},{"edgeID":"1727794","fromID":"1316189","toID":"1316203","formEdgeID":null},{"edgeID":"1727795","fromID":"1316203","toID":"1316197","formEdgeID":null},{"edgeID":"1727796","fromID":"1316203","toID":"1316204","formEdgeID":null},{"edgeID":"1727797","fromID":"1316204","toID":"1316202","formEdgeID":null},{"edgeID":"1727798","fromID":"1316183","toID":"1316205","formEdgeID":null},{"edgeID":"1727799","fromID":"1316205","toID":"1316197","formEdgeID":null},{"edgeID":"1727800","fromID":"1316205","toID":"1316206","formEdgeID":null},{"edgeID":"1727801","fromID":"1316206","toID":"1316201","formEdgeID":null},{"edgeID":"1727802","fromID":"1316209","toID":"1316208","formEdgeID":null},{"edgeID":"1727803","fromID":"1316210","toID":"1316209","formEdgeID":null},{"edgeID":"1727804","fromID":"1316208","toID":"1316211","formEdgeID":null},{"edgeID":"1727805","fromID":"1316211","toID":"1316207","formEdgeID":null},{"edgeID":"1727806","fromID":"1316197","toID":"1316212","formEdgeID":null},{"edgeID":"1727807","fromID":"1316212","toID":"1316208","formEdgeID":null},{"edgeID":"1727808","fromID":"1316207","toID":"1316213","formEdgeID":null},{"edgeID":"1727809","fromID":"1316213","toID":"1316196","formEdgeID":null},{"edgeID":"1727810","fromID":"1316216","toID":"1316215","formEdgeID":null},{"edgeID":"1727811","fromID":"1316217","toID":"1316216","formEdgeID":null},{"edgeID":"1727812","fromID":"1316215","toID":"1316218","formEdgeID":null},{"edgeID":"1727813","fromID":"1316218","toID":"1316214","formEdgeID":null},{"edgeID":"1727814","fromID":"1316208","toID":"1316219","formEdgeID":null},{"edgeID":"1727815","fromID":"1316219","toID":"1316215","formEdgeID":null},{"edgeID":"1727816","fromID":"1316214","toID":"1316220","formEdgeID":null},{"edgeID":"1727817","fromID":"1316220","toID":"1316207","formEdgeID":null},{"edgeID":"1727818","fromID":"1316212","toID":"1316221","formEdgeID":null},{"edgeID":"1727819","fromID":"1316221","toID":"1316213","formEdgeID":null},{"edgeID":"1727820","fromID":"1316219","toID":"1316222","formEdgeID":null},{"edgeID":"1727821","fromID":"1316222","toID":"1316220","formEdgeID":null},{"edgeID":"1727822","fromID":"1316225","toID":"1316224","formEdgeID":null},{"edgeID":"1727823","fromID":"1316226","toID":"1316225","formEdgeID":null},{"edgeID":"1727824","fromID":"1316224","toID":"1316227","formEdgeID":null},{"edgeID":"1727825","fromID":"1316227","toID":"1316223","formEdgeID":null},{"edgeID":"1727826","fromID":"1316215","toID":"1316228","formEdgeID":null},{"edgeID":"1727827","fromID":"1316228","toID":"1316224","formEdgeID":null},{"edgeID":"1727828","fromID":"1316223","toID":"1316229","formEdgeID":null},{"edgeID":"1727829","fromID":"1316229","toID":"1316214","formEdgeID":null},{"edgeID":"1727830","fromID":"1316228","toID":"1316230","formEdgeID":null},{"edgeID":"1727831","fromID":"1316230","toID":"1316229","formEdgeID":null},{"edgeID":"1727832","fromID":"1316233","toID":"1316232","formEdgeID":null},{"edgeID":"1727833","fromID":"1316234","toID":"1316233","formEdgeID":null},{"edgeID":"1727834","fromID":"1316232","toID":"1316235","formEdgeID":null},{"edgeID":"1727835","fromID":"1316235","toID":"1316231","formEdgeID":null},{"edgeID":"1727836","fromID":"1316224","toID":"1316236","formEdgeID":null},{"edgeID":"1727837","fromID":"1316236","toID":"1316232","formEdgeID":null},{"edgeID":"1727838","fromID":"1316231","toID":"1316237","formEdgeID":null},{"edgeID":"1727839","fromID":"1316237","toID":"1316223","formEdgeID":null},{"edgeID":"1727840","fromID":"1316236","toID":"1316238","formEdgeID":null},{"edgeID":"1727841","fromID":"1316238","toID":"1316237","formEdgeID":null},{"edgeID":"1727842","fromID":"1316241","toID":"1316240","formEdgeID":null},{"edgeID":"1727843","fromID":"1316242","toID":"1316241","formEdgeID":null},{"edgeID":"1727844","fromID":"1316240","toID":"1316243","formEdgeID":null},{"edgeID":"1727845","fromID":"1316243","toID":"1316239","formEdgeID":null},{"edgeID":"1727846","fromID":"1316232","toID":"1316244","formEdgeID":null},{"edgeID":"1727847","fromID":"1316244","toID":"1316240","formEdgeID":null},{"edgeID":"1727848","fromID":"1316239","toID":"1316245","formEdgeID":null},{"edgeID":"1727849","fromID":"1316245","toID":"1316231","formEdgeID":null},{"edgeID":"1727850","fromID":"1316244","toID":"1316246","formEdgeID":null},{"edgeID":"1727851","fromID":"1316246","toID":"1316245","formEdgeID":null},{"edgeID":"1727852","fromID":"1316249","toID":"1316248","formEdgeID":null},{"edgeID":"1727853","fromID":"1316250","toID":"1316249","formEdgeID":null},{"edgeID":"1727854","fromID":"1316248","toID":"1316251","formEdgeID":null},{"edgeID":"1727855","fromID":"1316251","toID":"1316247","formEdgeID":null},{"edgeID":"1727856","fromID":"1316240","toID":"1316252","formEdgeID":null},{"edgeID":"1727857","fromID":"1316252","toID":"1316248","formEdgeID":null},{"edgeID":"1727858","fromID":"1316247","toID":"1316253","formEdgeID":null},{"edgeID":"1727859","fromID":"1316253","toID":"1316239","formEdgeID":null},{"edgeID":"1727860","fromID":"1316252","toID":"1316254","formEdgeID":null},{"edgeID":"1727861","fromID":"1316254","toID":"1316253","formEdgeID":null},{"edgeID":"1727862","fromID":"1316257","toID":"1316256","formEdgeID":null},{"edgeID":"1727863","fromID":"1316258","toID":"1316257","formEdgeID":null},{"edgeID":"1727864","fromID":"1316256","toID":"1316259","formEdgeID":null},{"edgeID":"1727865","fromID":"1316259","toID":"1316255","formEdgeID":null},{"edgeID":"1727866","fromID":"1316248","toID":"1316260","formEdgeID":null},{"edgeID":"1727867","fromID":"1316260","toID":"1316256","formEdgeID":null},{"edgeID":"1727868","fromID":"1316255","toID":"1316261","formEdgeID":null},{"edgeID":"1727869","fromID":"1316261","toID":"1316247","formEdgeID":null},{"edgeID":"1727870","fromID":"1316154","toID":"1316262","formEdgeID":null},{"edgeID":"1727871","fromID":"1316262","toID":"1316148","formEdgeID":null},{"edgeID":"1727872","fromID":"1316159","toID":"1316263","formEdgeID":null},{"edgeID":"1727873","fromID":"1316263","toID":"1316262","formEdgeID":null}],"locutions":[]}