{"nodes":[{"nodeID":"1143342","text":"it's a bit rich then to complain about the outworkings of a political movement that you back from the very outset","type":"I","timestamp":"2023-04-11 21:05:14"},{"nodeID":"1143355","text":"the Protocol is not something that was imposed by the European Union upon the United Kingdom","type":"I","timestamp":"2023-04-11 21:05:21"},{"nodeID":"1143361","text":"the Protocol was an agreement that was negotiated","type":"I","timestamp":"2023-04-11 21:05:28"},{"nodeID":"1143367","text":"the Protocol was an agreement then entered into by the two partners","type":"I","timestamp":"2023-04-11 21:05:34"},{"nodeID":"1143377","text":"Boris Johnson won an election solely on getting Brexit done","type":"I","timestamp":"2023-04-11 21:05:42"},{"nodeID":"1143408","text":"the Protocol allows a small jurisdiction unique access to two markets","type":"I","timestamp":"2023-04-11 21:06:17"},{"nodeID":"1143427","text":"there are problems with such a fundamental trading shift","type":"I","timestamp":"2023-04-11 21:06:39"},{"nodeID":"1143438","text":"there is the ability to solve those problems","type":"I","timestamp":"2023-04-11 21:06:51"},{"nodeID":"1316591","text":"when those who championed for Brexit, like the DUP did, and those who rejected every manifestation of Brexit, the way the DUP did","type":"I","timestamp":"2023-11-09 13:18:47"},{"nodeID":"1316592","text":"John Finucane: When those who championed for Brexit, like the DUP did, and those who rejected every manifestation of Brexit, the way the DUP did","type":"L","timestamp":"2023-11-09 13:18:47"},{"nodeID":"1316593","text":"Analysing","type":"YA","timestamp":"2023-11-09 13:18:47"},{"nodeID":"1316594","text":"Chris: John Finucane: When those who championed for Brexit, like the DUP did, and those who rejected every manifestation of Brexit, the way the DUP did","type":"L","timestamp":"2023-11-09 13:18:47"},{"nodeID":"1316595","text":"Asserting","type":"YA","timestamp":"2023-11-09 13:18:47"},{"nodeID":"1316596","text":"John Finucane: it's a bit rich then to complain about the outworkings of a political movement that you back from the very outset","type":"L","timestamp":"2023-11-09 13:18:48"},{"nodeID":"1316597","text":"Analysing","type":"YA","timestamp":"2023-11-09 13:18:48"},{"nodeID":"1316598","text":"Chris: John Finucane: it's a bit rich then to complain about the outworkings of a political movement that you back from the very outset","type":"L","timestamp":"2023-11-09 13:18:48"},{"nodeID":"1316599","text":"Asserting","type":"YA","timestamp":"2023-11-09 13:18:48"},{"nodeID":"1316600","text":"Default Transition","type":"TA","timestamp":"2023-11-09 13:18:48"},{"nodeID":"1316601","text":"Default Rephrase","type":"MA","timestamp":"2023-11-09 13:18:48"},{"nodeID":"1316602","text":"Restating","type":"YA","timestamp":"2023-11-09 13:18:48"},{"nodeID":"1316603","text":"John Finucane: The Protocol is not something that was imposed by the European Union upon the United Kingdom","type":"L","timestamp":"2023-11-09 13:18:48"},{"nodeID":"1316604","text":"Analysing","type":"YA","timestamp":"2023-11-09 13:18:48"},{"nodeID":"1316605","text":"Chris: John Finucane: The Protocol is not something that was imposed by the European Union upon the United Kingdom","type":"L","timestamp":"2023-11-09 13:18:48"},{"nodeID":"1316606","text":"Asserting","type":"YA","timestamp":"2023-11-09 13:18:48"},{"nodeID":"1316607","text":"Default Transition","type":"TA","timestamp":"2023-11-09 13:18:48"},{"nodeID":"1316608","text":"John Finucane: it was an agreement that was negotiated","type":"L","timestamp":"2023-11-09 13:18:49"},{"nodeID":"1316609","text":"Analysing","type":"YA","timestamp":"2023-11-09 13:18:49"},{"nodeID":"1316610","text":"Chris: John Finucane: it was an agreement that was negotiated","type":"L","timestamp":"2023-11-09 13:18:49"},{"nodeID":"1316611","text":"Asserting","type":"YA","timestamp":"2023-11-09 13:18:49"},{"nodeID":"1316612","text":"Default Transition","type":"TA","timestamp":"2023-11-09 13:18:49"},{"nodeID":"1316613","text":"Default Rephrase","type":"MA","timestamp":"2023-11-09 13:18:49"},{"nodeID":"1316614","text":"John Finucane: it was an agreement then entered into by the two partners","type":"L","timestamp":"2023-11-09 13:18:50"},{"nodeID":"1316615","text":"Analysing","type":"YA","timestamp":"2023-11-09 13:18:50"},{"nodeID":"1316616","text":"Chris: John Finucane: it was an agreement then entered into by the two partners","type":"L","timestamp":"2023-11-09 13:18:50"},{"nodeID":"1316617","text":"Asserting","type":"YA","timestamp":"2023-11-09 13:18:50"},{"nodeID":"1316618","text":"Default Transition","type":"TA","timestamp":"2023-11-09 13:18:50"},{"nodeID":"1316619","text":"Default Rephrase","type":"MA","timestamp":"2023-11-09 13:18:50"},{"nodeID":"1316620","text":"Restating","type":"YA","timestamp":"2023-11-09 13:18:50"},{"nodeID":"1316621","text":"Restating","type":"YA","timestamp":"2023-11-09 13:18:50"},{"nodeID":"1316622","text":"John Finucane: Boris Johnson won an election solely on getting Brexit done","type":"L","timestamp":"2023-11-09 13:18:50"},{"nodeID":"1316623","text":"Analysing","type":"YA","timestamp":"2023-11-09 13:18:50"},{"nodeID":"1316624","text":"Chris: John Finucane: Boris Johnson won an election solely on getting Brexit done","type":"L","timestamp":"2023-11-09 13:18:50"},{"nodeID":"1316625","text":"Asserting","type":"YA","timestamp":"2023-11-09 13:18:50"},{"nodeID":"1316626","text":"Default Transition","type":"TA","timestamp":"2023-11-09 13:18:50"},{"nodeID":"1316627","text":"John Finucane: If we cast our minds back to 2020, we were told that customs checks in the Irish Sea wouldn't alter the constitutional basis of this jurisdiction one bit. Those are not my words, those are the words of Geoffrey Donaldson","type":"L","timestamp":"2023-11-09 13:18:50"},{"nodeID":"1316628","text":"Analysing","type":"YA","timestamp":"2023-11-09 13:18:50"},{"nodeID":"1316629","text":"Chris: John Finucane: If we cast our minds back to 2020, we were told that customs checks in the Irish Sea wouldn't alter the constitutional basis of this jurisdiction one bit. Those are not my words, those are the words of Geoffrey Donaldson","type":"L","timestamp":"2023-11-09 13:18:50"},{"nodeID":"1316630","text":"customs checks in the Irish Sea won't alter the constitutional basis of this jurisdiction one bit.","type":"I","timestamp":"2023-11-09 13:18:51"},{"nodeID":"1316631","text":"Jeffrey Donaldson: customs checks in the Irish Sea won't alter the constitutional basis of this jurisdiction one bit.","type":"L","timestamp":"2023-11-09 13:18:51"},{"nodeID":"1316632","text":"Analysing","type":"YA","timestamp":"2023-11-09 13:18:51"},{"nodeID":"1316633","text":"Chris: Jeffrey Donaldson: customs checks in the Irish Sea won't alter the constitutional basis of this jurisdiction one bit.","type":"L","timestamp":"2023-11-09 13:18:51"},{"nodeID":"1316634","text":"Asserting","type":"YA","timestamp":"2023-11-09 13:18:51"},{"nodeID":"1316635","text":"Asserting","type":"YA","timestamp":"2023-11-09 13:18:51"},{"nodeID":"1316636","text":"Default Transition","type":"TA","timestamp":"2023-11-09 13:18:51"},{"nodeID":"1316637","text":"we were told this had enormous economic potential by DUP representatives at that time, and that is the truth","type":"I","timestamp":"2023-11-09 13:18:51"},{"nodeID":"1316638","text":"John Finucane: We were told this had enormous economic potential. DUP representatives at that time, and that is the truth","type":"L","timestamp":"2023-11-09 13:18:51"},{"nodeID":"1316639","text":"Analysing","type":"YA","timestamp":"2023-11-09 13:18:51"},{"nodeID":"1316640","text":"Chris: John Finucane: We were told this had enormous economic potential. DUP representatives at that time, and that is the truth","type":"L","timestamp":"2023-11-09 13:18:51"},{"nodeID":"1316641","text":"Asserting","type":"YA","timestamp":"2023-11-09 13:18:51"},{"nodeID":"1316642","text":"Default Transition","type":"TA","timestamp":"2023-11-09 13:18:51"},{"nodeID":"1316643","text":"Default Rephrase","type":"MA","timestamp":"2023-11-09 13:18:51"},{"nodeID":"1316644","text":"Restating","type":"YA","timestamp":"2023-11-09 13:18:51"},{"nodeID":"1316645","text":"John Finucane: This allows a small jurisdiction unique access to two markets","type":"L","timestamp":"2023-11-09 13:18:52"},{"nodeID":"1316646","text":"Analysing","type":"YA","timestamp":"2023-11-09 13:18:52"},{"nodeID":"1316647","text":"Chris: John Finucane: This allows a small jurisdiction unique access to two markets","type":"L","timestamp":"2023-11-09 13:18:52"},{"nodeID":"1316648","text":"Asserting","type":"YA","timestamp":"2023-11-09 13:18:52"},{"nodeID":"1316649","text":"Default Transition","type":"TA","timestamp":"2023-11-09 13:18:52"},{"nodeID":"1316650","text":"Default Rephrase","type":"MA","timestamp":"2023-11-09 13:18:52"},{"nodeID":"1316651","text":"in Westminster, John Finucane talks to Scottish colleagues who say quite literally they would give their right arm for the economic position that we find ourselves in","type":"I","timestamp":"2023-11-09 13:18:53"},{"nodeID":"1316652","text":"John Finucane: in Westminster, I talk to Scottish colleagues who say quite literally they would give their right arm for the economic position that we find ourselves in","type":"L","timestamp":"2023-11-09 13:18:53"},{"nodeID":"1316653","text":"Analysing","type":"YA","timestamp":"2023-11-09 13:18:53"},{"nodeID":"1316654","text":"Chris: John Finucane: in Westminster, I talk to Scottish colleagues who say quite literally they would give their right arm for the economic position that we find ourselves in","type":"L","timestamp":"2023-11-09 13:18:53"},{"nodeID":"1316655","text":"Asserting","type":"YA","timestamp":"2023-11-09 13:18:53"},{"nodeID":"1316656","text":"Default Transition","type":"TA","timestamp":"2023-11-09 13:18:53"},{"nodeID":"1316657","text":"Default Inference","type":"RA","timestamp":"2023-11-09 13:18:53"},{"nodeID":"1316658","text":"Arguing","type":"YA","timestamp":"2023-11-09 13:18:53"},{"nodeID":"1316659","text":"John Finucane: are there problems with such a fundamental trading shift","type":"L","timestamp":"2023-11-09 13:18:53"},{"nodeID":"1316660","text":"Analysing","type":"YA","timestamp":"2023-11-09 13:18:53"},{"nodeID":"1316661","text":"Chris: John Finucane: are there problems with such a fundamental trading shift","type":"L","timestamp":"2023-11-09 13:18:53"},{"nodeID":"1316662","text":"Rhetorical Questioning","type":"YA","timestamp":"2023-11-09 13:18:53"},{"nodeID":"1316663","text":"Default Transition","type":"TA","timestamp":"2023-11-09 13:18:53"},{"nodeID":"1316664","text":"John Finucane: Of course","type":"L","timestamp":"2023-11-09 13:18:53"},{"nodeID":"1316665","text":"Analysing","type":"YA","timestamp":"2023-11-09 13:18:53"},{"nodeID":"1316666","text":"Chris: John Finucane: Of course","type":"L","timestamp":"2023-11-09 13:18:53"},{"nodeID":"1316667","text":"Default Transition","type":"TA","timestamp":"2023-11-09 13:18:53"},{"nodeID":"1316668","text":"Agreeing","type":"YA","timestamp":"2023-11-09 13:18:53"},{"nodeID":"1316669","text":"John Finucane: there is the ability to solve those","type":"L","timestamp":"2023-11-09 13:18:54"},{"nodeID":"1316670","text":"Analysing","type":"YA","timestamp":"2023-11-09 13:18:54"},{"nodeID":"1316671","text":"Chris: John Finucane: there is the ability to solve those","type":"L","timestamp":"2023-11-09 13:18:54"},{"nodeID":"1316672","text":"Rhetorical Questioning","type":"YA","timestamp":"2023-11-09 13:18:54"},{"nodeID":"1316673","text":"Default Transition","type":"TA","timestamp":"2023-11-09 13:18:54"},{"nodeID":"1316674","text":"John Finucane: You had better believe it","type":"L","timestamp":"2023-11-09 13:18:54"},{"nodeID":"1316675","text":"Analysing","type":"YA","timestamp":"2023-11-09 13:18:54"},{"nodeID":"1316676","text":"Chris: John Finucane: You had better believe it","type":"L","timestamp":"2023-11-09 13:18:54"},{"nodeID":"1316677","text":"Default Transition","type":"TA","timestamp":"2023-11-09 13:18:54"},{"nodeID":"1316678","text":"Agreeing","type":"YA","timestamp":"2023-11-09 13:18:54"}],"edges":[{"edgeID":"1728290","fromID":"1316593","toID":"1316592","formEdgeID":null},{"edgeID":"1728291","fromID":"1316594","toID":"1316593","formEdgeID":null},{"edgeID":"1728292","fromID":"1316592","toID":"1316595","formEdgeID":null},{"edgeID":"1728293","fromID":"1316595","toID":"1316591","formEdgeID":null},{"edgeID":"1728294","fromID":"1316597","toID":"1316596","formEdgeID":null},{"edgeID":"1728295","fromID":"1316598","toID":"1316597","formEdgeID":null},{"edgeID":"1728296","fromID":"1316596","toID":"1316599","formEdgeID":null},{"edgeID":"1728297","fromID":"1316599","toID":"1143342","formEdgeID":null},{"edgeID":"1728298","fromID":"1316592","toID":"1316600","formEdgeID":null},{"edgeID":"1728299","fromID":"1316600","toID":"1316596","formEdgeID":null},{"edgeID":"1728300","fromID":"1143342","toID":"1316601","formEdgeID":null},{"edgeID":"1728301","fromID":"1316601","toID":"1316591","formEdgeID":null},{"edgeID":"1728302","fromID":"1316600","toID":"1316602","formEdgeID":null},{"edgeID":"1728303","fromID":"1316602","toID":"1316601","formEdgeID":null},{"edgeID":"1728304","fromID":"1316604","toID":"1316603","formEdgeID":null},{"edgeID":"1728305","fromID":"1316605","toID":"1316604","formEdgeID":null},{"edgeID":"1728306","fromID":"1316603","toID":"1316606","formEdgeID":null},{"edgeID":"1728307","fromID":"1316606","toID":"1143355","formEdgeID":null},{"edgeID":"1728308","fromID":"1316596","toID":"1316607","formEdgeID":null},{"edgeID":"1728309","fromID":"1316607","toID":"1316603","formEdgeID":null},{"edgeID":"1728310","fromID":"1316609","toID":"1316608","formEdgeID":null},{"edgeID":"1728311","fromID":"1316610","toID":"1316609","formEdgeID":null},{"edgeID":"1728312","fromID":"1316608","toID":"1316611","formEdgeID":null},{"edgeID":"1728313","fromID":"1316611","toID":"1143361","formEdgeID":null},{"edgeID":"1728314","fromID":"1316603","toID":"1316612","formEdgeID":null},{"edgeID":"1728315","fromID":"1316612","toID":"1316608","formEdgeID":null},{"edgeID":"1728316","fromID":"1143361","toID":"1316613","formEdgeID":null},{"edgeID":"1728317","fromID":"1316613","toID":"1143355","formEdgeID":null},{"edgeID":"1728318","fromID":"1316615","toID":"1316614","formEdgeID":null},{"edgeID":"1728319","fromID":"1316616","toID":"1316615","formEdgeID":null},{"edgeID":"1728320","fromID":"1316614","toID":"1316617","formEdgeID":null},{"edgeID":"1728321","fromID":"1316617","toID":"1143367","formEdgeID":null},{"edgeID":"1728322","fromID":"1316608","toID":"1316618","formEdgeID":null},{"edgeID":"1728323","fromID":"1316618","toID":"1316614","formEdgeID":null},{"edgeID":"1728324","fromID":"1143367","toID":"1316619","formEdgeID":null},{"edgeID":"1728325","fromID":"1316619","toID":"1143361","formEdgeID":null},{"edgeID":"1728326","fromID":"1316612","toID":"1316620","formEdgeID":null},{"edgeID":"1728327","fromID":"1316620","toID":"1316613","formEdgeID":null},{"edgeID":"1728328","fromID":"1316618","toID":"1316621","formEdgeID":null},{"edgeID":"1728329","fromID":"1316621","toID":"1316619","formEdgeID":null},{"edgeID":"1728330","fromID":"1316623","toID":"1316622","formEdgeID":null},{"edgeID":"1728331","fromID":"1316624","toID":"1316623","formEdgeID":null},{"edgeID":"1728332","fromID":"1316622","toID":"1316625","formEdgeID":null},{"edgeID":"1728333","fromID":"1316625","toID":"1143377","formEdgeID":null},{"edgeID":"1728334","fromID":"1316614","toID":"1316626","formEdgeID":null},{"edgeID":"1728335","fromID":"1316626","toID":"1316622","formEdgeID":null},{"edgeID":"1728336","fromID":"1316628","toID":"1316627","formEdgeID":null},{"edgeID":"1728337","fromID":"1316629","toID":"1316628","formEdgeID":null},{"edgeID":"1728338","fromID":"1316632","toID":"1316631","formEdgeID":null},{"edgeID":"1728339","fromID":"1316633","toID":"1316632","formEdgeID":null},{"edgeID":"1728340","fromID":"1316631","toID":"1316634","formEdgeID":null},{"edgeID":"1728341","fromID":"1316634","toID":"1316630","formEdgeID":null},{"edgeID":"1728342","fromID":"1316627","toID":"1316635","formEdgeID":null},{"edgeID":"1728343","fromID":"1316635","toID":"1316631","formEdgeID":null},{"edgeID":"1728344","fromID":"1316622","toID":"1316636","formEdgeID":null},{"edgeID":"1728345","fromID":"1316636","toID":"1316627","formEdgeID":null},{"edgeID":"1728346","fromID":"1316639","toID":"1316638","formEdgeID":null},{"edgeID":"1728347","fromID":"1316640","toID":"1316639","formEdgeID":null},{"edgeID":"1728348","fromID":"1316638","toID":"1316641","formEdgeID":null},{"edgeID":"1728349","fromID":"1316641","toID":"1316637","formEdgeID":null},{"edgeID":"1728350","fromID":"1316627","toID":"1316642","formEdgeID":null},{"edgeID":"1728351","fromID":"1316642","toID":"1316638","formEdgeID":null},{"edgeID":"1728352","fromID":"1316637","toID":"1316643","formEdgeID":null},{"edgeID":"1728353","fromID":"1316643","toID":"1316630","formEdgeID":null},{"edgeID":"1728354","fromID":"1316642","toID":"1316644","formEdgeID":null},{"edgeID":"1728355","fromID":"1316644","toID":"1316643","formEdgeID":null},{"edgeID":"1728356","fromID":"1316646","toID":"1316645","formEdgeID":null},{"edgeID":"1728357","fromID":"1316647","toID":"1316646","formEdgeID":null},{"edgeID":"1728358","fromID":"1316645","toID":"1316648","formEdgeID":null},{"edgeID":"1728359","fromID":"1316648","toID":"1143408","formEdgeID":null},{"edgeID":"1728360","fromID":"1316638","toID":"1316649","formEdgeID":null},{"edgeID":"1728361","fromID":"1316649","toID":"1316645","formEdgeID":null},{"edgeID":"1728362","fromID":"1143408","toID":"1316650","formEdgeID":null},{"edgeID":"1728363","fromID":"1316650","toID":"1316630","formEdgeID":null},{"edgeID":"1728364","fromID":"1316653","toID":"1316652","formEdgeID":null},{"edgeID":"1728365","fromID":"1316654","toID":"1316653","formEdgeID":null},{"edgeID":"1728366","fromID":"1316652","toID":"1316655","formEdgeID":null},{"edgeID":"1728367","fromID":"1316655","toID":"1316651","formEdgeID":null},{"edgeID":"1728368","fromID":"1316645","toID":"1316656","formEdgeID":null},{"edgeID":"1728369","fromID":"1316656","toID":"1316652","formEdgeID":null},{"edgeID":"1728370","fromID":"1143408","toID":"1316657","formEdgeID":null},{"edgeID":"1728371","fromID":"1316657","toID":"1316651","formEdgeID":null},{"edgeID":"1728372","fromID":"1316656","toID":"1316658","formEdgeID":null},{"edgeID":"1728373","fromID":"1316658","toID":"1316657","formEdgeID":null},{"edgeID":"1728374","fromID":"1316660","toID":"1316659","formEdgeID":null},{"edgeID":"1728375","fromID":"1316661","toID":"1316660","formEdgeID":null},{"edgeID":"1728376","fromID":"1316659","toID":"1316662","formEdgeID":null},{"edgeID":"1728377","fromID":"1316662","toID":"1143427","formEdgeID":null},{"edgeID":"1728378","fromID":"1316652","toID":"1316663","formEdgeID":null},{"edgeID":"1728379","fromID":"1316663","toID":"1316659","formEdgeID":null},{"edgeID":"1728380","fromID":"1316665","toID":"1316664","formEdgeID":null},{"edgeID":"1728381","fromID":"1316666","toID":"1316665","formEdgeID":null},{"edgeID":"1728382","fromID":"1316659","toID":"1316667","formEdgeID":null},{"edgeID":"1728383","fromID":"1316667","toID":"1316664","formEdgeID":null},{"edgeID":"1728384","fromID":"1316667","toID":"1316668","formEdgeID":null},{"edgeID":"1728385","fromID":"1316668","toID":"1143427","formEdgeID":null},{"edgeID":"1728386","fromID":"1316670","toID":"1316669","formEdgeID":null},{"edgeID":"1728387","fromID":"1316671","toID":"1316670","formEdgeID":null},{"edgeID":"1728388","fromID":"1316669","toID":"1316672","formEdgeID":null},{"edgeID":"1728389","fromID":"1316672","toID":"1143438","formEdgeID":null},{"edgeID":"1728390","fromID":"1316664","toID":"1316673","formEdgeID":null},{"edgeID":"1728391","fromID":"1316673","toID":"1316669","formEdgeID":null},{"edgeID":"1728392","fromID":"1316675","toID":"1316674","formEdgeID":null},{"edgeID":"1728393","fromID":"1316676","toID":"1316675","formEdgeID":null},{"edgeID":"1728394","fromID":"1316669","toID":"1316677","formEdgeID":null},{"edgeID":"1728395","fromID":"1316677","toID":"1316674","formEdgeID":null},{"edgeID":"1728396","fromID":"1316677","toID":"1316678","formEdgeID":null},{"edgeID":"1728397","fromID":"1316678","toID":"1143438","formEdgeID":null}],"locutions":[]}