{"nodes":[{"nodeID":"1315882","text":"Northern Ireland will get the money with no Executive in place by xxx","type":"I","timestamp":"2023-11-09 13:17:48"},{"nodeID":"1315883","text":"AudienceMember 20220609QT225: how Northern Ireland will get the money with no Executive in place","type":"L","timestamp":"2023-11-09 13:17:48"},{"nodeID":"1315884","text":"Analysing","type":"YA","timestamp":"2023-11-09 13:17:48"},{"nodeID":"1315885","text":"Pure Questioning","type":"YA","timestamp":"2023-11-09 13:17:48"},{"nodeID":"1315886","text":"Joanne: AudienceMember 20220609QT225: how Northern Ireland will get the money with no Executive in place","type":"L","timestamp":"2023-11-09 13:17:48"},{"nodeID":"1315887","text":"Fiona Bruce will come on to how Northern Ireland will get the money with no Executive in place in a minute","type":"I","timestamp":"2023-11-09 13:17:49"},{"nodeID":"1315888","text":"Fiona Bruce:  I will come on to that in a minute","type":"L","timestamp":"2023-11-09 13:17:49"},{"nodeID":"1315889","text":"Analysing","type":"YA","timestamp":"2023-11-09 13:17:49"},{"nodeID":"1315890","text":"Joanne: Fiona Bruce:  I will come on to that in a minute","type":"L","timestamp":"2023-11-09 13:17:49"},{"nodeID":"1315891","text":"Asserting","type":"YA","timestamp":"2023-11-09 13:17:49"},{"nodeID":"1315892","text":"Default Transition","type":"TA","timestamp":"2023-11-09 13:17:49"},{"nodeID":"1315893","text":"how Northern Ireland will get the money with no Executive in place was AudienceMember 20220609QT226's exact question","type":"I","timestamp":"2023-11-09 13:17:49"},{"nodeID":"1315894","text":"AudienceMember 20220609QT226: That was my exact question","type":"L","timestamp":"2023-11-09 13:17:49"},{"nodeID":"1315895","text":"Analysing","type":"YA","timestamp":"2023-11-09 13:17:49"},{"nodeID":"1315896","text":"Joanne: AudienceMember 20220609QT226: That was my exact question","type":"L","timestamp":"2023-11-09 13:17:49"},{"nodeID":"1315897","text":"Asserting","type":"YA","timestamp":"2023-11-09 13:17:49"},{"nodeID":"1315898","text":"Default Transition","type":"TA","timestamp":"2023-11-09 13:17:49"},{"nodeID":"1315899","text":"Default Rephrase","type":"MA","timestamp":"2023-11-09 13:17:49"},{"nodeID":"1315900","text":"Default Transition","type":"TA","timestamp":"2023-11-09 13:17:49"},{"nodeID":"1315901","text":"Restating","type":"YA","timestamp":"2023-11-09 13:17:49"},{"nodeID":"1315902","text":"at the moment, the money is coming to Northern Ireland","type":"I","timestamp":"2023-11-09 13:17:50"},{"nodeID":"1315903","text":"Fiona Bruce: At the moment, the money is coming to Northern Ireland","type":"L","timestamp":"2023-11-09 13:17:50"},{"nodeID":"1315904","text":"Analysing","type":"YA","timestamp":"2023-11-09 13:17:50"},{"nodeID":"1315905","text":"Joanne: Fiona Bruce: At the moment, the money is coming to Northern Ireland","type":"L","timestamp":"2023-11-09 13:17:50"},{"nodeID":"1315906","text":"Asserting","type":"YA","timestamp":"2023-11-09 13:17:50"},{"nodeID":"1315907","text":"Default Transition","type":"TA","timestamp":"2023-11-09 13:17:50"},{"nodeID":"1315908","text":"there is one aspect of the energy bill support payment which has been doubled from \u00a3200 to \u00a3400","type":"I","timestamp":"2023-11-09 13:17:50"},{"nodeID":"1315909","text":"Fiona Bruce: there is one aspect of the energy bill support payment which has been doubled from \u00a3200 to \u00a3400","type":"L","timestamp":"2023-11-09 13:17:50"},{"nodeID":"1315910","text":"Analysing","type":"YA","timestamp":"2023-11-09 13:17:50"},{"nodeID":"1315911","text":"Joanne: Fiona Bruce: there is one aspect of the energy bill support payment which has been doubled from \u00a3200 to \u00a3400","type":"L","timestamp":"2023-11-09 13:17:50"},{"nodeID":"1315912","text":"Asserting","type":"YA","timestamp":"2023-11-09 13:17:50"},{"nodeID":"1315913","text":"Default Transition","type":"TA","timestamp":"2023-11-09 13:17:50"},{"nodeID":"1315914","text":"at the moment, there are discussions about how the energy bill support payment which has been doubled from \u00a3200 to \u00a3400 is going to get paid to Northern Ireland","type":"I","timestamp":"2023-11-09 13:17:51"},{"nodeID":"1315915","text":"Fiona Bruce: at the moment, there are discussions about how that is going to get paid to Northern Ireland","type":"L","timestamp":"2023-11-09 13:17:51"},{"nodeID":"1315916","text":"Analysing","type":"YA","timestamp":"2023-11-09 13:17:51"},{"nodeID":"1315917","text":"Joanne: Fiona Bruce: at the moment, there are discussions about how that is going to get paid to Northern Ireland","type":"L","timestamp":"2023-11-09 13:17:51"},{"nodeID":"1315918","text":"Asserting","type":"YA","timestamp":"2023-11-09 13:17:51"},{"nodeID":"1315919","text":"Default Transition","type":"TA","timestamp":"2023-11-09 13:17:51"},{"nodeID":"1315920","text":"the energy bill support payment which has been doubled from \u00a3200 to \u00a3400 will not automatically come to Northern Ireland","type":"I","timestamp":"2023-11-09 13:17:52"},{"nodeID":"1315921","text":"Analysing","type":"YA","timestamp":"2023-11-09 13:17:52"},{"nodeID":"1315922","text":"Fiona Bruce: it will not automatically come","type":"L","timestamp":"2023-11-09 13:17:52"},{"nodeID":"1315923","text":"Joanne: Fiona Bruce: it will not automatically come","type":"L","timestamp":"2023-11-09 13:17:52"},{"nodeID":"1315924","text":"Asserting","type":"YA","timestamp":"2023-11-09 13:17:52"},{"nodeID":"1315925","text":"Default Transition","type":"TA","timestamp":"2023-11-09 13:17:52"},{"nodeID":"1315926","text":"Default Inference","type":"RA","timestamp":"2023-11-09 13:17:52"},{"nodeID":"1315927","text":"Arguing","type":"YA","timestamp":"2023-11-09 13:17:52"},{"nodeID":"1315928","text":"the Assembly is not sitting","type":"I","timestamp":"2023-11-09 13:17:52"},{"nodeID":"1315929","text":"Fiona Bruce: the Assembly is not sitting","type":"L","timestamp":"2023-11-09 13:17:52"},{"nodeID":"1315930","text":"Joanne: Fiona Bruce: the Assembly is not sitting","type":"L","timestamp":"2023-11-09 13:17:52"},{"nodeID":"1315931","text":"Analysing","type":"YA","timestamp":"2023-11-09 13:17:52"},{"nodeID":"1315932","text":"Asserting","type":"YA","timestamp":"2023-11-09 13:17:52"},{"nodeID":"1315933","text":"Default Transition","type":"TA","timestamp":"2023-11-09 13:17:52"},{"nodeID":"1315934","text":"Default Inference","type":"RA","timestamp":"2023-11-09 13:17:52"},{"nodeID":"1315935","text":"Arguing","type":"YA","timestamp":"2023-11-09 13:17:52"},{"nodeID":"1315936","text":"there should have been a windfall tax much sooner than today","type":"I","timestamp":"2023-11-09 13:17:53"},{"nodeID":"1315937","text":"John Finucane: there should have been a windfall tax much sooner than today","type":"L","timestamp":"2023-11-09 13:17:53"},{"nodeID":"1315938","text":"Analysing","type":"YA","timestamp":"2023-11-09 13:17:53"},{"nodeID":"1315939","text":"Joanne: John Finucane: there should have been a windfall tax much sooner than today","type":"L","timestamp":"2023-11-09 13:17:53"},{"nodeID":"1315940","text":"Asserting","type":"YA","timestamp":"2023-11-09 13:17:53"},{"nodeID":"1315941","text":"Default Transition","type":"TA","timestamp":"2023-11-09 13:17:53"},{"nodeID":"1315942","text":"the windfall tax is a very belated recognition of what people have been feeling in their pocket and in their homes for a very, very long time","type":"I","timestamp":"2023-11-09 13:17:53"},{"nodeID":"1315943","text":"John Finucane: It's a very belated recognition of what people have been feeling in their pocket and in their homes for a very, very long time","type":"L","timestamp":"2023-11-09 13:17:53"},{"nodeID":"1315944","text":"Analysing","type":"YA","timestamp":"2023-11-09 13:17:53"},{"nodeID":"1315945","text":"Joanne: John Finucane: It's a very belated recognition of what people have been feeling in their pocket and in their homes for a very, very long time","type":"L","timestamp":"2023-11-09 13:17:53"},{"nodeID":"1315946","text":"Asserting","type":"YA","timestamp":"2023-11-09 13:17:53"},{"nodeID":"1315947","text":"Default Transition","type":"TA","timestamp":"2023-11-09 13:17:53"},{"nodeID":"1315948","text":"Default Inference","type":"RA","timestamp":"2023-11-09 13:17:53"},{"nodeID":"1315949","text":"Arguing","type":"YA","timestamp":"2023-11-09 13:17:53"},{"nodeID":"1315950","text":"we have called for a windfall tax","type":"I","timestamp":"2023-11-09 13:17:54"},{"nodeID":"1315951","text":"John Finucane: We have called for a windfall tax","type":"L","timestamp":"2023-11-09 13:17:54"},{"nodeID":"1315952","text":"Analysing","type":"YA","timestamp":"2023-11-09 13:17:54"},{"nodeID":"1315953","text":"Joanne: John Finucane: We have called for a windfall tax","type":"L","timestamp":"2023-11-09 13:17:54"},{"nodeID":"1315954","text":"Asserting","type":"YA","timestamp":"2023-11-09 13:17:54"},{"nodeID":"1315955","text":"Default Transition","type":"TA","timestamp":"2023-11-09 13:17:54"},{"nodeID":"1315956","text":"any mitigation that will help, as announced today, are low-income families, pensioners, those in receipt of disability benefits, is to be welcomed","type":"I","timestamp":"2023-11-09 13:17:55"},{"nodeID":"1315957","text":"John Finucane: any mitigation that will help, as announced today, are low-income families, pensioners, those in receipt of disability benefits, is to be welcomed","type":"L","timestamp":"2023-11-09 13:17:55"},{"nodeID":"1315958","text":"Analysing","type":"YA","timestamp":"2023-11-09 13:17:55"},{"nodeID":"1315959","text":"Joanne: John Finucane: any mitigation that will help, as announced today, are low-income families, pensioners, those in receipt of disability benefits, is to be welcomed","type":"L","timestamp":"2023-11-09 13:17:55"},{"nodeID":"1315960","text":"Asserting","type":"YA","timestamp":"2023-11-09 13:17:55"},{"nodeID":"1315961","text":"Default Transition","type":"TA","timestamp":"2023-11-09 13:17:55"},{"nodeID":"1315962","text":"it's already been touched on from the comments","type":"I","timestamp":"2023-11-09 13:17:55"},{"nodeID":"1315963","text":"John Finucane: it's already been touched on from the comments","type":"L","timestamp":"2023-11-09 13:17:55"},{"nodeID":"1315964","text":"Analysing","type":"YA","timestamp":"2023-11-09 13:17:55"},{"nodeID":"1315965","text":"Joanne: John Finucane: it's already been touched on from the comments","type":"L","timestamp":"2023-11-09 13:17:55"},{"nodeID":"1315966","text":"Asserting","type":"YA","timestamp":"2023-11-09 13:17:55"},{"nodeID":"1315967","text":"Default Transition","type":"TA","timestamp":"2023-11-09 13:17:55"},{"nodeID":"1315968","text":"the reaction from our caretaker Finance Minister today to the Treasury's announcement is to immediately engage with them","type":"I","timestamp":"2023-11-09 13:17:56"},{"nodeID":"1315969","text":"John Finucane: The reaction from our caretaker Finance Minister today to the Treasury's announcement is to immediately engage with them","type":"L","timestamp":"2023-11-09 13:17:56"},{"nodeID":"1315970","text":"Analysing","type":"YA","timestamp":"2023-11-09 13:17:56"},{"nodeID":"1315971","text":"Joanne: John Finucane: The reaction from our caretaker Finance Minister today to the Treasury's announcement is to immediately engage with them","type":"L","timestamp":"2023-11-09 13:17:56"},{"nodeID":"1315972","text":"Asserting","type":"YA","timestamp":"2023-11-09 13:17:56"},{"nodeID":"1315973","text":"Default Transition","type":"TA","timestamp":"2023-11-09 13:17:56"},{"nodeID":"1315974","text":"the reaction from our caretaker Finance Minister today to the Treasury's announcement is to figure out how that money can get into the pockets of people here who need it","type":"I","timestamp":"2023-11-09 13:17:56"},{"nodeID":"1315975","text":"John Finucane: to figure out how that money can get into the pockets of people here who need it","type":"L","timestamp":"2023-11-09 13:17:56"},{"nodeID":"1315976","text":"Analysing","type":"YA","timestamp":"2023-11-09 13:17:56"},{"nodeID":"1315977","text":"Joanne: John Finucane: to figure out how that money can get into the pockets of people here who need it","type":"L","timestamp":"2023-11-09 13:17:56"},{"nodeID":"1315978","text":"Asserting","type":"YA","timestamp":"2023-11-09 13:17:56"},{"nodeID":"1315979","text":"Default Transition","type":"TA","timestamp":"2023-11-09 13:17:56"},{"nodeID":"1315980","text":"Default Rephrase","type":"MA","timestamp":"2023-11-09 13:17:56"},{"nodeID":"1315981","text":"Restating","type":"YA","timestamp":"2023-11-09 13:17:56"},{"nodeID":"1315982","text":"the energy bill support payment can't automatically go into the pockets","type":"I","timestamp":"2023-11-09 13:17:57"},{"nodeID":"1315983","text":"John Finucane: it can't automatically go into the pockets","type":"L","timestamp":"2023-11-09 13:17:57"},{"nodeID":"1315984","text":"Analysing","type":"YA","timestamp":"2023-11-09 13:17:57"},{"nodeID":"1315985","text":"Joanne: John Finucane: it can't automatically go into the pockets","type":"L","timestamp":"2023-11-09 13:17:57"},{"nodeID":"1315986","text":"Asserting","type":"YA","timestamp":"2023-11-09 13:17:57"},{"nodeID":"1315987","text":"Default Transition","type":"TA","timestamp":"2023-11-09 13:17:57"},{"nodeID":"1315988","text":"we have no Executive","type":"I","timestamp":"2023-11-09 13:17:58"},{"nodeID":"1315989","text":"Analysing","type":"YA","timestamp":"2023-11-09 13:17:58"},{"nodeID":"1315990","text":"John Finucane: we have no Executive","type":"L","timestamp":"2023-11-09 13:17:58"},{"nodeID":"1315991","text":"Joanne: John Finucane: we have no Executive","type":"L","timestamp":"2023-11-09 13:17:58"},{"nodeID":"1315992","text":"Asserting","type":"YA","timestamp":"2023-11-09 13:17:58"},{"nodeID":"1315993","text":"Default Transition","type":"TA","timestamp":"2023-11-09 13:17:58"},{"nodeID":"1315994","text":"Default Inference","type":"RA","timestamp":"2023-11-09 13:17:58"},{"nodeID":"1315995","text":"Arguing","type":"YA","timestamp":"2023-11-09 13:17:58"},{"nodeID":"1315996","text":"John Finucane actually was very surprised to hear Emma Little-Pengelly speak about how important cost of living is","type":"I","timestamp":"2023-11-09 13:17:58"},{"nodeID":"1315997","text":"John Finucane: I actually was very surprised to hear Emma speak about how important cost of living is","type":"L","timestamp":"2023-11-09 13:17:58"},{"nodeID":"1315998","text":"Analysing","type":"YA","timestamp":"2023-11-09 13:17:58"},{"nodeID":"1315999","text":"Joanne: John Finucane: I actually was very surprised to hear Emma speak about how important cost of living is","type":"L","timestamp":"2023-11-09 13:17:58"},{"nodeID":"1316000","text":"Asserting","type":"YA","timestamp":"2023-11-09 13:17:58"},{"nodeID":"1316001","text":"Default Transition","type":"TA","timestamp":"2023-11-09 13:17:58"},{"nodeID":"1316002","text":"the cost of living is that important","type":"I","timestamp":"2023-11-09 13:17:59"},{"nodeID":"1316003","text":"John Finucane: it was that important","type":"L","timestamp":"2023-11-09 13:17:59"},{"nodeID":"1316004","text":"Joanne: John Finucane: it was that important","type":"L","timestamp":"2023-11-09 13:17:59"},{"nodeID":"1316005","text":"Analysing","type":"YA","timestamp":"2023-11-09 13:17:59"},{"nodeID":"1316006","text":"Asserting","type":"YA","timestamp":"2023-11-09 13:17:59"},{"nodeID":"1316007","text":"we would have an Executive, we would have ministers around the table","type":"I","timestamp":"2023-11-09 13:17:59"},{"nodeID":"1316008","text":"John Finucane: we would have an Executive, we would have ministers around the table","type":"L","timestamp":"2023-11-09 13:17:59"},{"nodeID":"1316009","text":"Analysing","type":"YA","timestamp":"2023-11-09 13:17:59"},{"nodeID":"1316010","text":"Joanne: John Finucane: we would have an Executive, we would have ministers around the table","type":"L","timestamp":"2023-11-09 13:17:59"},{"nodeID":"1316011","text":"Asserting","type":"YA","timestamp":"2023-11-09 13:17:59"},{"nodeID":"1316012","text":"Default Transition","type":"TA","timestamp":"2023-11-09 13:17:59"},{"nodeID":"1316013","text":"money would be released and going into people's pockets","type":"I","timestamp":"2023-11-09 13:18:00"},{"nodeID":"1316014","text":"John Finucane: money would be released and going into people's pockets","type":"L","timestamp":"2023-11-09 13:18:00"},{"nodeID":"1316015","text":"Analysing","type":"YA","timestamp":"2023-11-09 13:18:00"},{"nodeID":"1316016","text":"Joanne: John Finucane: money would be released and going into people's pockets","type":"L","timestamp":"2023-11-09 13:18:00"},{"nodeID":"1316017","text":"Asserting","type":"YA","timestamp":"2023-11-09 13:18:00"},{"nodeID":"1316018","text":"Default Transition","type":"TA","timestamp":"2023-11-09 13:18:00"},{"nodeID":"1316019","text":"Default Rephrase","type":"MA","timestamp":"2023-11-09 13:18:00"},{"nodeID":"1316020","text":"Default Transition","type":"TA","timestamp":"2023-11-09 13:18:00"},{"nodeID":"1316021","text":"Restating","type":"YA","timestamp":"2023-11-09 13:18:00"},{"nodeID":"1316022","text":"Default Rephrase","type":"MA","timestamp":"2023-11-09 13:18:00"},{"nodeID":"1316023","text":"Default Transition","type":"TA","timestamp":"2023-11-09 13:18:00"},{"nodeID":"1316024","text":"Restating","type":"YA","timestamp":"2023-11-09 13:18:00"},{"nodeID":"1316025","text":"Default Rephrase","type":"MA","timestamp":"2023-11-09 13:18:00"},{"nodeID":"1316026","text":"Default Transition","type":"TA","timestamp":"2023-11-09 13:18:00"},{"nodeID":"1316027","text":"Default Illocuting","type":"YA","timestamp":"2023-11-09 13:18:00"},{"nodeID":"1316028","text":"Default Inference","type":"RA","timestamp":"2023-11-09 13:18:00"},{"nodeID":"1316029","text":"Default Transition","type":"TA","timestamp":"2023-11-09 13:18:00"},{"nodeID":"1316030","text":"Arguing","type":"YA","timestamp":"2023-11-09 13:18:00"},{"nodeID":"1316031","text":"Default Inference","type":"RA","timestamp":"2023-11-09 13:18:00"},{"nodeID":"1316032","text":"Arguing","type":"YA","timestamp":"2023-11-09 13:18:00"},{"nodeID":"1316033","text":"Default Inference","type":"RA","timestamp":"2023-11-09 13:18:00"},{"nodeID":"1316034","text":"Default Transition","type":"TA","timestamp":"2023-11-09 13:18:00"},{"nodeID":"1316035","text":"Default Transition","type":"TA","timestamp":"2023-11-09 13:18:00"},{"nodeID":"1316036","text":"Arguing","type":"YA","timestamp":"2023-11-09 13:18:00"}],"edges":[{"edgeID":"1727417","fromID":"1315886","toID":"1315884","formEdgeID":null},{"edgeID":"1727418","fromID":"1315884","toID":"1315883","formEdgeID":null},{"edgeID":"1727419","fromID":"1315883","toID":"1315885","formEdgeID":null},{"edgeID":"1727420","fromID":"1315885","toID":"1315882","formEdgeID":null},{"edgeID":"1727421","fromID":"1315889","toID":"1315888","formEdgeID":null},{"edgeID":"1727422","fromID":"1315890","toID":"1315889","formEdgeID":null},{"edgeID":"1727423","fromID":"1315891","toID":"1315887","formEdgeID":null},{"edgeID":"1727424","fromID":"1315888","toID":"1315891","formEdgeID":null},{"edgeID":"1727425","fromID":"1315883","toID":"1315892","formEdgeID":null},{"edgeID":"1727426","fromID":"1315892","toID":"1315888","formEdgeID":null},{"edgeID":"1727427","fromID":"1315895","toID":"1315894","formEdgeID":null},{"edgeID":"1727428","fromID":"1315896","toID":"1315895","formEdgeID":null},{"edgeID":"1727429","fromID":"1315894","toID":"1315897","formEdgeID":null},{"edgeID":"1727430","fromID":"1315897","toID":"1315893","formEdgeID":null},{"edgeID":"1727431","fromID":"1315888","toID":"1315898","formEdgeID":null},{"edgeID":"1727432","fromID":"1315898","toID":"1315894","formEdgeID":null},{"edgeID":"1727433","fromID":"1315899","toID":"1315882","formEdgeID":null},{"edgeID":"1727434","fromID":"1315893","toID":"1315899","formEdgeID":null},{"edgeID":"1727435","fromID":"1315883","toID":"1315900","formEdgeID":null},{"edgeID":"1727436","fromID":"1315900","toID":"1315894","formEdgeID":null},{"edgeID":"1727437","fromID":"1315901","toID":"1315899","formEdgeID":null},{"edgeID":"1727438","fromID":"1315900","toID":"1315901","formEdgeID":null},{"edgeID":"1727439","fromID":"1315904","toID":"1315903","formEdgeID":null},{"edgeID":"1727440","fromID":"1315905","toID":"1315904","formEdgeID":null},{"edgeID":"1727441","fromID":"1315903","toID":"1315906","formEdgeID":null},{"edgeID":"1727442","fromID":"1315906","toID":"1315902","formEdgeID":null},{"edgeID":"1727443","fromID":"1315894","toID":"1315907","formEdgeID":null},{"edgeID":"1727444","fromID":"1315907","toID":"1315903","formEdgeID":null},{"edgeID":"1727445","fromID":"1315911","toID":"1315910","formEdgeID":null},{"edgeID":"1727446","fromID":"1315910","toID":"1315909","formEdgeID":null},{"edgeID":"1727447","fromID":"1315912","toID":"1315908","formEdgeID":null},{"edgeID":"1727448","fromID":"1315909","toID":"1315912","formEdgeID":null},{"edgeID":"1727449","fromID":"1315903","toID":"1315913","formEdgeID":null},{"edgeID":"1727450","fromID":"1315913","toID":"1315909","formEdgeID":null},{"edgeID":"1727451","fromID":"1315916","toID":"1315915","formEdgeID":null},{"edgeID":"1727452","fromID":"1315917","toID":"1315916","formEdgeID":null},{"edgeID":"1727453","fromID":"1315918","toID":"1315914","formEdgeID":null},{"edgeID":"1727454","fromID":"1315915","toID":"1315918","formEdgeID":null},{"edgeID":"1727455","fromID":"1315909","toID":"1315919","formEdgeID":null},{"edgeID":"1727456","fromID":"1315919","toID":"1315915","formEdgeID":null},{"edgeID":"1727457","fromID":"1315921","toID":"1315922","formEdgeID":null},{"edgeID":"1727458","fromID":"1315923","toID":"1315921","formEdgeID":null},{"edgeID":"1727459","fromID":"1315922","toID":"1315924","formEdgeID":null},{"edgeID":"1727460","fromID":"1315924","toID":"1315920","formEdgeID":null},{"edgeID":"1727461","fromID":"1315915","toID":"1315925","formEdgeID":null},{"edgeID":"1727462","fromID":"1315925","toID":"1315922","formEdgeID":null},{"edgeID":"1727463","fromID":"1315926","toID":"1315914","formEdgeID":null},{"edgeID":"1727464","fromID":"1315920","toID":"1315926","formEdgeID":null},{"edgeID":"1727465","fromID":"1315925","toID":"1315927","formEdgeID":null},{"edgeID":"1727466","fromID":"1315927","toID":"1315926","formEdgeID":null},{"edgeID":"1727467","fromID":"1315930","toID":"1315931","formEdgeID":null},{"edgeID":"1727468","fromID":"1315931","toID":"1315929","formEdgeID":null},{"edgeID":"1727469","fromID":"1315929","toID":"1315932","formEdgeID":null},{"edgeID":"1727470","fromID":"1315932","toID":"1315928","formEdgeID":null},{"edgeID":"1727471","fromID":"1315922","toID":"1315933","formEdgeID":null},{"edgeID":"1727472","fromID":"1315933","toID":"1315929","formEdgeID":null},{"edgeID":"1727473","fromID":"1315928","toID":"1315934","formEdgeID":null},{"edgeID":"1727474","fromID":"1315934","toID":"1315920","formEdgeID":null},{"edgeID":"1727475","fromID":"1315933","toID":"1315935","formEdgeID":null},{"edgeID":"1727476","fromID":"1315935","toID":"1315934","formEdgeID":null},{"edgeID":"1727477","fromID":"1315938","toID":"1315937","formEdgeID":null},{"edgeID":"1727478","fromID":"1315939","toID":"1315938","formEdgeID":null},{"edgeID":"1727479","fromID":"1315937","toID":"1315940","formEdgeID":null},{"edgeID":"1727480","fromID":"1315940","toID":"1315936","formEdgeID":null},{"edgeID":"1727481","fromID":"1315929","toID":"1315941","formEdgeID":null},{"edgeID":"1727482","fromID":"1315941","toID":"1315937","formEdgeID":null},{"edgeID":"1727483","fromID":"1315944","toID":"1315943","formEdgeID":null},{"edgeID":"1727484","fromID":"1315945","toID":"1315944","formEdgeID":null},{"edgeID":"1727485","fromID":"1315943","toID":"1315946","formEdgeID":null},{"edgeID":"1727486","fromID":"1315946","toID":"1315942","formEdgeID":null},{"edgeID":"1727487","fromID":"1315937","toID":"1315947","formEdgeID":null},{"edgeID":"1727488","fromID":"1315947","toID":"1315943","formEdgeID":null},{"edgeID":"1727489","fromID":"1315942","toID":"1315948","formEdgeID":null},{"edgeID":"1727490","fromID":"1315948","toID":"1315936","formEdgeID":null},{"edgeID":"1727491","fromID":"1315947","toID":"1315949","formEdgeID":null},{"edgeID":"1727492","fromID":"1315949","toID":"1315948","formEdgeID":null},{"edgeID":"1727493","fromID":"1315952","toID":"1315951","formEdgeID":null},{"edgeID":"1727494","fromID":"1315953","toID":"1315952","formEdgeID":null},{"edgeID":"1727495","fromID":"1315954","toID":"1315950","formEdgeID":null},{"edgeID":"1727496","fromID":"1315951","toID":"1315954","formEdgeID":null},{"edgeID":"1727497","fromID":"1315943","toID":"1315955","formEdgeID":null},{"edgeID":"1727498","fromID":"1315955","toID":"1315951","formEdgeID":null},{"edgeID":"1727499","fromID":"1315958","toID":"1315957","formEdgeID":null},{"edgeID":"1727500","fromID":"1315959","toID":"1315958","formEdgeID":null},{"edgeID":"1727501","fromID":"1315960","toID":"1315956","formEdgeID":null},{"edgeID":"1727502","fromID":"1315957","toID":"1315960","formEdgeID":null},{"edgeID":"1727503","fromID":"1315951","toID":"1315961","formEdgeID":null},{"edgeID":"1727504","fromID":"1315961","toID":"1315957","formEdgeID":null},{"edgeID":"1727505","fromID":"1315965","toID":"1315964","formEdgeID":null},{"edgeID":"1727506","fromID":"1315964","toID":"1315963","formEdgeID":null},{"edgeID":"1727507","fromID":"1315963","toID":"1315966","formEdgeID":null},{"edgeID":"1727508","fromID":"1315966","toID":"1315962","formEdgeID":null},{"edgeID":"1727509","fromID":"1315957","toID":"1315967","formEdgeID":null},{"edgeID":"1727510","fromID":"1315967","toID":"1315963","formEdgeID":null},{"edgeID":"1727511","fromID":"1315970","toID":"1315969","formEdgeID":null},{"edgeID":"1727512","fromID":"1315971","toID":"1315970","formEdgeID":null},{"edgeID":"1727513","fromID":"1315969","toID":"1315972","formEdgeID":null},{"edgeID":"1727514","fromID":"1315972","toID":"1315968","formEdgeID":null},{"edgeID":"1727515","fromID":"1315973","toID":"1315969","formEdgeID":null},{"edgeID":"1727516","fromID":"1315963","toID":"1315973","formEdgeID":null},{"edgeID":"1727517","fromID":"1315976","toID":"1315975","formEdgeID":null},{"edgeID":"1727518","fromID":"1315977","toID":"1315976","formEdgeID":null},{"edgeID":"1727519","fromID":"1315975","toID":"1315978","formEdgeID":null},{"edgeID":"1727520","fromID":"1315978","toID":"1315974","formEdgeID":null},{"edgeID":"1727521","fromID":"1315969","toID":"1315979","formEdgeID":null},{"edgeID":"1727522","fromID":"1315979","toID":"1315975","formEdgeID":null},{"edgeID":"1727523","fromID":"1315974","toID":"1315980","formEdgeID":null},{"edgeID":"1727524","fromID":"1315980","toID":"1315968","formEdgeID":null},{"edgeID":"1727525","fromID":"1315981","toID":"1315980","formEdgeID":null},{"edgeID":"1727526","fromID":"1315979","toID":"1315981","formEdgeID":null},{"edgeID":"1727527","fromID":"1315984","toID":"1315983","formEdgeID":null},{"edgeID":"1727528","fromID":"1315985","toID":"1315984","formEdgeID":null},{"edgeID":"1727529","fromID":"1315983","toID":"1315986","formEdgeID":null},{"edgeID":"1727530","fromID":"1315986","toID":"1315982","formEdgeID":null},{"edgeID":"1727531","fromID":"1315975","toID":"1315987","formEdgeID":null},{"edgeID":"1727532","fromID":"1315987","toID":"1315983","formEdgeID":null},{"edgeID":"1727533","fromID":"1315989","toID":"1315990","formEdgeID":null},{"edgeID":"1727534","fromID":"1315991","toID":"1315989","formEdgeID":null},{"edgeID":"1727535","fromID":"1315990","toID":"1315992","formEdgeID":null},{"edgeID":"1727536","fromID":"1315992","toID":"1315988","formEdgeID":null},{"edgeID":"1727537","fromID":"1315993","toID":"1315990","formEdgeID":null},{"edgeID":"1727538","fromID":"1315983","toID":"1315993","formEdgeID":null},{"edgeID":"1727539","fromID":"1315994","toID":"1315982","formEdgeID":null},{"edgeID":"1727540","fromID":"1315988","toID":"1315994","formEdgeID":null},{"edgeID":"1727541","fromID":"1315995","toID":"1315994","formEdgeID":null},{"edgeID":"1727542","fromID":"1315993","toID":"1315995","formEdgeID":null},{"edgeID":"1727543","fromID":"1315998","toID":"1315997","formEdgeID":null},{"edgeID":"1727544","fromID":"1315999","toID":"1315998","formEdgeID":null},{"edgeID":"1727545","fromID":"1315997","toID":"1316000","formEdgeID":null},{"edgeID":"1727546","fromID":"1316000","toID":"1315996","formEdgeID":null},{"edgeID":"1727547","fromID":"1316001","toID":"1315997","formEdgeID":null},{"edgeID":"1727548","fromID":"1315990","toID":"1316001","formEdgeID":null},{"edgeID":"1727549","fromID":"1316005","toID":"1316003","formEdgeID":null},{"edgeID":"1727550","fromID":"1316004","toID":"1316005","formEdgeID":null},{"edgeID":"1727551","fromID":"1316006","toID":"1316002","formEdgeID":null},{"edgeID":"1727552","fromID":"1316003","toID":"1316006","formEdgeID":null},{"edgeID":"1727553","fromID":"1316009","toID":"1316008","formEdgeID":null},{"edgeID":"1727554","fromID":"1316010","toID":"1316009","formEdgeID":null},{"edgeID":"1727555","fromID":"1316008","toID":"1316011","formEdgeID":null},{"edgeID":"1727556","fromID":"1316011","toID":"1316007","formEdgeID":null},{"edgeID":"1727557","fromID":"1316012","toID":"1316008","formEdgeID":null},{"edgeID":"1727558","fromID":"1316003","toID":"1316012","formEdgeID":null},{"edgeID":"1727559","fromID":"1316015","toID":"1316014","formEdgeID":null},{"edgeID":"1727560","fromID":"1316016","toID":"1316015","formEdgeID":null},{"edgeID":"1727561","fromID":"1316014","toID":"1316017","formEdgeID":null},{"edgeID":"1727562","fromID":"1316017","toID":"1316013","formEdgeID":null},{"edgeID":"1727563","fromID":"1316008","toID":"1316018","formEdgeID":null},{"edgeID":"1727564","fromID":"1316018","toID":"1316014","formEdgeID":null},{"edgeID":"1727565","fromID":"1315988","toID":"1316019","formEdgeID":null},{"edgeID":"1727566","fromID":"1316019","toID":"1315928","formEdgeID":null},{"edgeID":"1727567","fromID":"1315929","toID":"1316020","formEdgeID":null},{"edgeID":"1727568","fromID":"1316020","toID":"1315990","formEdgeID":null},{"edgeID":"1727569","fromID":"1316021","toID":"1316019","formEdgeID":null},{"edgeID":"1727570","fromID":"1316020","toID":"1316021","formEdgeID":null},{"edgeID":"1727571","fromID":"1315982","toID":"1316022","formEdgeID":null},{"edgeID":"1727572","fromID":"1316022","toID":"1315920","formEdgeID":null},{"edgeID":"1727573","fromID":"1315922","toID":"1316023","formEdgeID":null},{"edgeID":"1727574","fromID":"1316023","toID":"1315983","formEdgeID":null},{"edgeID":"1727575","fromID":"1316023","toID":"1316024","formEdgeID":null},{"edgeID":"1727576","fromID":"1316024","toID":"1316022","formEdgeID":null},{"edgeID":"1727577","fromID":"1315920","toID":"1316025","formEdgeID":null},{"edgeID":"1727578","fromID":"1316025","toID":"1315882","formEdgeID":null},{"edgeID":"1727579","fromID":"1315883","toID":"1316026","formEdgeID":null},{"edgeID":"1727580","fromID":"1316026","toID":"1315922","formEdgeID":null},{"edgeID":"1727581","fromID":"1316026","toID":"1316027","formEdgeID":null},{"edgeID":"1727582","fromID":"1316027","toID":"1316025","formEdgeID":null},{"edgeID":"1727583","fromID":"1315956","toID":"1316028","formEdgeID":null},{"edgeID":"1727584","fromID":"1316028","toID":"1315968","formEdgeID":null},{"edgeID":"1727585","fromID":"1316029","toID":"1315969","formEdgeID":null},{"edgeID":"1727586","fromID":"1315957","toID":"1316029","formEdgeID":null},{"edgeID":"1727587","fromID":"1316029","toID":"1316030","formEdgeID":null},{"edgeID":"1727588","fromID":"1316030","toID":"1316028","formEdgeID":null},{"edgeID":"1727589","fromID":"1315956","toID":"1316031","formEdgeID":null},{"edgeID":"1727590","fromID":"1316031","toID":"1315950","formEdgeID":null},{"edgeID":"1727591","fromID":"1315961","toID":"1316032","formEdgeID":null},{"edgeID":"1727592","fromID":"1316032","toID":"1316031","formEdgeID":null},{"edgeID":"1727593","fromID":"1316013","toID":"1316033","formEdgeID":null},{"edgeID":"1727594","fromID":"1316033","toID":"1315996","formEdgeID":null},{"edgeID":"1727595","fromID":"1316007","toID":"1316033","formEdgeID":null},{"edgeID":"1727596","fromID":"1316002","toID":"1316033","formEdgeID":null},{"edgeID":"1727597","fromID":"1315997","toID":"1316034","formEdgeID":null},{"edgeID":"1727598","fromID":"1316034","toID":"1316014","formEdgeID":null},{"edgeID":"1727599","fromID":"1315997","toID":"1316035","formEdgeID":null},{"edgeID":"1727600","fromID":"1316035","toID":"1316008","formEdgeID":null},{"edgeID":"1727601","fromID":"1316034","toID":"1316036","formEdgeID":null},{"edgeID":"1727602","fromID":"1316036","toID":"1316033","formEdgeID":null}],"locutions":[]}