{"nodes":[{"nodeID":"1338753","text":"we're going to save the union","type":"I","timestamp":"2023-11-09 13:51:14"},{"nodeID":"1338754","text":"Peter Kyle: we really need to make sure, if we're going to save the union","type":"L","timestamp":"2023-11-09 13:51:14"},{"nodeID":"1338755","text":"Analysing","type":"YA","timestamp":"2023-11-09 13:51:14"},{"nodeID":"1338756","text":"Joanna: Peter Kyle: we really need to make sure, if we're going to save the union","type":"L","timestamp":"2023-11-09 13:51:14"},{"nodeID":"1338757","text":"Asserting","type":"YA","timestamp":"2023-11-09 13:51:14"},{"nodeID":"1338758","text":"we need to make sure that we make Westminster deliver for all parts of the union","type":"I","timestamp":"2023-11-09 13:51:15"},{"nodeID":"1338759","text":"Peter Kyle: that we make Westminster deliver for all parts of the union","type":"L","timestamp":"2023-11-09 13:51:15"},{"nodeID":"1338760","text":"Analysing","type":"YA","timestamp":"2023-11-09 13:51:15"},{"nodeID":"1338761","text":"Joanna: Peter Kyle: that we make Westminster deliver for all parts of the union","type":"L","timestamp":"2023-11-09 13:51:15"},{"nodeID":"1338762","text":"Asserting","type":"YA","timestamp":"2023-11-09 13:51:15"},{"nodeID":"1338763","text":"Default Transition","type":"TA","timestamp":"2023-11-09 13:51:15"},{"nodeID":"1338764","text":"we need to make sure that Westminster becomes a magnetic place where you want to go and solve problems and do business","type":"I","timestamp":"2023-11-09 13:51:15"},{"nodeID":"1338765","text":"Peter Kyle: Westminster becomes a magnetic place where you want to go and solve problems and do business","type":"L","timestamp":"2023-11-09 13:51:15"},{"nodeID":"1338766","text":"Analysing","type":"YA","timestamp":"2023-11-09 13:51:15"},{"nodeID":"1338767","text":"Joanna: Peter Kyle: Westminster becomes a magnetic place where you want to go and solve problems and do business","type":"L","timestamp":"2023-11-09 13:51:15"},{"nodeID":"1338768","text":"Asserting","type":"YA","timestamp":"2023-11-09 13:51:15"},{"nodeID":"1338769","text":"Default Inference","type":"RA","timestamp":"2023-11-09 13:51:15"},{"nodeID":"1338770","text":"Default Transition","type":"TA","timestamp":"2023-11-09 13:51:15"},{"nodeID":"1338771","text":"Arguing","type":"YA","timestamp":"2023-11-09 13:51:15"},{"nodeID":"1338772","text":"Westminster looks quite repulsive","type":"I","timestamp":"2023-11-09 13:51:16"},{"nodeID":"1338773","text":"Peter Kyle: it looks quite repulsive","type":"L","timestamp":"2023-11-09 13:51:16"},{"nodeID":"1338774","text":"Analysing","type":"YA","timestamp":"2023-11-09 13:51:16"},{"nodeID":"1338775","text":"Joanna: Peter Kyle: it looks quite repulsive","type":"L","timestamp":"2023-11-09 13:51:16"},{"nodeID":"1338776","text":"Asserting","type":"YA","timestamp":"2023-11-09 13:51:16"},{"nodeID":"1338777","text":"Default Transition","type":"TA","timestamp":"2023-11-09 13:51:16"},{"nodeID":"1338778","text":"the person and the people running government are repulsive","type":"I","timestamp":"2023-11-09 13:51:17"},{"nodeID":"1338779","text":"Peter Kyle: the person and the people running government are repulsive","type":"L","timestamp":"2023-11-09 13:51:17"},{"nodeID":"1338780","text":"Analysing","type":"YA","timestamp":"2023-11-09 13:51:17"},{"nodeID":"1338781","text":"Joanna: Peter Kyle: the person and the people running government are repulsive","type":"L","timestamp":"2023-11-09 13:51:17"},{"nodeID":"1338782","text":"Asserting","type":"YA","timestamp":"2023-11-09 13:51:17"},{"nodeID":"1338783","text":"Default Transition","type":"TA","timestamp":"2023-11-09 13:51:17"},{"nodeID":"1338784","text":"Default Rephrase","type":"MA","timestamp":"2023-11-09 13:51:17"},{"nodeID":"1338785","text":"Restating","type":"YA","timestamp":"2023-11-09 13:51:17"},{"nodeID":"1338786","text":"Default Inference","type":"RA","timestamp":"2023-11-09 13:51:17"},{"nodeID":"1338787","text":"Arguing","type":"YA","timestamp":"2023-11-09 13:51:17"},{"nodeID":"1338788","text":"we need to make sure that we make Westminster deliver for all parts of the union particularly here in Northern Ireland","type":"I","timestamp":"2023-11-09 13:51:17"},{"nodeID":"1338789","text":"Peter Kyle: particularly here in Northern Ireland","type":"L","timestamp":"2023-11-09 13:51:17"},{"nodeID":"1338790","text":"Analysing","type":"YA","timestamp":"2023-11-09 13:51:17"},{"nodeID":"1338791","text":"Joanna: Peter Kyle: particularly here in Northern Ireland","type":"L","timestamp":"2023-11-09 13:51:17"},{"nodeID":"1338792","text":"Asserting","type":"YA","timestamp":"2023-11-09 13:51:17"},{"nodeID":"1338793","text":"Default Transition","type":"TA","timestamp":"2023-11-09 13:51:17"},{"nodeID":"1338794","text":"Default Rephrase","type":"MA","timestamp":"2023-11-09 13:51:17"},{"nodeID":"1338795","text":"Restating","type":"YA","timestamp":"2023-11-09 13:51:17"},{"nodeID":"1338796","text":"Northern Ireland is suffering from neglect","type":"I","timestamp":"2023-11-09 13:51:18"},{"nodeID":"1338797","text":"Peter Kyle: is suffering from neglect","type":"L","timestamp":"2023-11-09 13:51:18"},{"nodeID":"1338798","text":"Analysing","type":"YA","timestamp":"2023-11-09 13:51:18"},{"nodeID":"1338799","text":"Joanna: Peter Kyle: is suffering from neglect","type":"L","timestamp":"2023-11-09 13:51:18"},{"nodeID":"1338800","text":"Asserting","type":"YA","timestamp":"2023-11-09 13:51:18"},{"nodeID":"1338801","text":"Default Transition","type":"TA","timestamp":"2023-11-09 13:51:18"},{"nodeID":"1338802","text":"Default Inference","type":"RA","timestamp":"2023-11-09 13:51:18"},{"nodeID":"1338803","text":"Arguing","type":"YA","timestamp":"2023-11-09 13:51:18"}],"edges":[{"edgeID":"1754879","fromID":"1338755","toID":"1338754","formEdgeID":null},{"edgeID":"1754880","fromID":"1338756","toID":"1338755","formEdgeID":null},{"edgeID":"1754881","fromID":"1338754","toID":"1338757","formEdgeID":null},{"edgeID":"1754882","fromID":"1338757","toID":"1338753","formEdgeID":null},{"edgeID":"1754883","fromID":"1338760","toID":"1338759","formEdgeID":null},{"edgeID":"1754884","fromID":"1338761","toID":"1338760","formEdgeID":null},{"edgeID":"1754885","fromID":"1338759","toID":"1338762","formEdgeID":null},{"edgeID":"1754886","fromID":"1338762","toID":"1338758","formEdgeID":null},{"edgeID":"1754887","fromID":"1338754","toID":"1338763","formEdgeID":null},{"edgeID":"1754888","fromID":"1338763","toID":"1338759","formEdgeID":null},{"edgeID":"1754889","fromID":"1338766","toID":"1338765","formEdgeID":null},{"edgeID":"1754890","fromID":"1338767","toID":"1338766","formEdgeID":null},{"edgeID":"1754891","fromID":"1338765","toID":"1338768","formEdgeID":null},{"edgeID":"1754892","fromID":"1338768","toID":"1338764","formEdgeID":null},{"edgeID":"1754893","fromID":"1338764","toID":"1338769","formEdgeID":null},{"edgeID":"1754894","fromID":"1338769","toID":"1338753","formEdgeID":null},{"edgeID":"1754895","fromID":"1338758","toID":"1338769","formEdgeID":null},{"edgeID":"1754896","fromID":"1338754","toID":"1338770","formEdgeID":null},{"edgeID":"1754897","fromID":"1338770","toID":"1338765","formEdgeID":null},{"edgeID":"1754898","fromID":"1338770","toID":"1338771","formEdgeID":null},{"edgeID":"1754899","fromID":"1338771","toID":"1338769","formEdgeID":null},{"edgeID":"1754900","fromID":"1338774","toID":"1338773","formEdgeID":null},{"edgeID":"1754901","fromID":"1338775","toID":"1338774","formEdgeID":null},{"edgeID":"1754902","fromID":"1338773","toID":"1338776","formEdgeID":null},{"edgeID":"1754903","fromID":"1338776","toID":"1338772","formEdgeID":null},{"edgeID":"1754904","fromID":"1338765","toID":"1338777","formEdgeID":null},{"edgeID":"1754905","fromID":"1338777","toID":"1338773","formEdgeID":null},{"edgeID":"1754906","fromID":"1338780","toID":"1338779","formEdgeID":null},{"edgeID":"1754907","fromID":"1338781","toID":"1338780","formEdgeID":null},{"edgeID":"1754908","fromID":"1338779","toID":"1338782","formEdgeID":null},{"edgeID":"1754909","fromID":"1338782","toID":"1338778","formEdgeID":null},{"edgeID":"1754910","fromID":"1338773","toID":"1338783","formEdgeID":null},{"edgeID":"1754911","fromID":"1338783","toID":"1338779","formEdgeID":null},{"edgeID":"1754912","fromID":"1338778","toID":"1338784","formEdgeID":null},{"edgeID":"1754913","fromID":"1338784","toID":"1338772","formEdgeID":null},{"edgeID":"1754914","fromID":"1338783","toID":"1338785","formEdgeID":null},{"edgeID":"1754915","fromID":"1338785","toID":"1338784","formEdgeID":null},{"edgeID":"1754916","fromID":"1338772","toID":"1338786","formEdgeID":null},{"edgeID":"1754917","fromID":"1338786","toID":"1338764","formEdgeID":null},{"edgeID":"1754918","fromID":"1338777","toID":"1338787","formEdgeID":null},{"edgeID":"1754919","fromID":"1338787","toID":"1338786","formEdgeID":null},{"edgeID":"1754920","fromID":"1338790","toID":"1338789","formEdgeID":null},{"edgeID":"1754921","fromID":"1338791","toID":"1338790","formEdgeID":null},{"edgeID":"1754922","fromID":"1338789","toID":"1338792","formEdgeID":null},{"edgeID":"1754923","fromID":"1338792","toID":"1338788","formEdgeID":null},{"edgeID":"1754924","fromID":"1338759","toID":"1338793","formEdgeID":null},{"edgeID":"1754925","fromID":"1338793","toID":"1338789","formEdgeID":null},{"edgeID":"1754926","fromID":"1338788","toID":"1338794","formEdgeID":null},{"edgeID":"1754927","fromID":"1338794","toID":"1338758","formEdgeID":null},{"edgeID":"1754928","fromID":"1338793","toID":"1338795","formEdgeID":null},{"edgeID":"1754929","fromID":"1338795","toID":"1338794","formEdgeID":null},{"edgeID":"1754930","fromID":"1338798","toID":"1338797","formEdgeID":null},{"edgeID":"1754931","fromID":"1338799","toID":"1338798","formEdgeID":null},{"edgeID":"1754932","fromID":"1338797","toID":"1338800","formEdgeID":null},{"edgeID":"1754933","fromID":"1338800","toID":"1338796","formEdgeID":null},{"edgeID":"1754934","fromID":"1338789","toID":"1338801","formEdgeID":null},{"edgeID":"1754935","fromID":"1338801","toID":"1338797","formEdgeID":null},{"edgeID":"1754936","fromID":"1338796","toID":"1338802","formEdgeID":null},{"edgeID":"1754937","fromID":"1338802","toID":"1338788","formEdgeID":null},{"edgeID":"1754938","fromID":"1338801","toID":"1338803","formEdgeID":null},{"edgeID":"1754939","fromID":"1338803","toID":"1338802","formEdgeID":null}],"locutions":[]}