{"nodes":[{"nodeID":"1315790","text":"Fiona Bruce needs to stop this being a debate solely between Robert Buckland and Peter Kyle","type":"I","timestamp":"2023-11-09 13:17:39"},{"nodeID":"1315791","text":"Fiona Bruce: I need to stop is this being a debate solely between you two","type":"L","timestamp":"2023-11-09 13:17:39"},{"nodeID":"1315792","text":"Analysing","type":"YA","timestamp":"2023-11-09 13:17:39"},{"nodeID":"1315793","text":"Chris: Fiona Bruce: I need to stop is this being a debate solely between you two","type":"L","timestamp":"2023-11-09 13:17:39"},{"nodeID":"1315794","text":"Asserting","type":"YA","timestamp":"2023-11-09 13:17:39"},{"nodeID":"1315795","text":"we have an audience here, and other people on the panel","type":"I","timestamp":"2023-11-09 13:17:40"},{"nodeID":"1315796","text":"Fiona Bruce: we have an audience here, and other people on the panel","type":"L","timestamp":"2023-11-09 13:17:40"},{"nodeID":"1315797","text":"Analysing","type":"YA","timestamp":"2023-11-09 13:17:40"},{"nodeID":"1315798","text":"Chris: Fiona Bruce: we have an audience here, and other people on the panel","type":"L","timestamp":"2023-11-09 13:17:40"},{"nodeID":"1315799","text":"Asserting","type":"YA","timestamp":"2023-11-09 13:17:40"},{"nodeID":"1315800","text":"Default Transition","type":"TA","timestamp":"2023-11-09 13:17:40"},{"nodeID":"1315801","text":"Default Inference","type":"RA","timestamp":"2023-11-09 13:17:40"},{"nodeID":"1315802","text":"let's hear one more contribution from the audience at the back","type":"I","timestamp":"2023-11-09 13:17:41"},{"nodeID":"1315803","text":"Fiona Bruce: let's hear one more contribution from the audience at the back","type":"L","timestamp":"2023-11-09 13:17:41"},{"nodeID":"1315804","text":"Analysing","type":"YA","timestamp":"2023-11-09 13:17:41"},{"nodeID":"1315805","text":"Chris: Fiona Bruce: let's hear one more contribution from the audience at the back","type":"L","timestamp":"2023-11-09 13:17:41"},{"nodeID":"1315806","text":"Asserting","type":"YA","timestamp":"2023-11-09 13:17:41"},{"nodeID":"1315807","text":"Default Transition","type":"TA","timestamp":"2023-11-09 13:17:41"},{"nodeID":"1315808","text":"2010 to 2014, the price of crude oil is about the same price as it is now","type":"I","timestamp":"2023-11-09 13:17:41"},{"nodeID":"1315809","text":"AudienceMember 20220609QT242: 2010 to 2014, the price of crude oil is about the same price as it is now","type":"L","timestamp":"2023-11-09 13:17:41"},{"nodeID":"1315810","text":"Analysing","type":"YA","timestamp":"2023-11-09 13:17:41"},{"nodeID":"1315811","text":"Chris: AudienceMember 20220609QT242: 2010 to 2014, the price of crude oil is about the same price as it is now","type":"L","timestamp":"2023-11-09 13:17:41"},{"nodeID":"1315812","text":"Asserting","type":"YA","timestamp":"2023-11-09 13:17:41"},{"nodeID":"1315813","text":"Default Transition","type":"TA","timestamp":"2023-11-09 13:17:41"},{"nodeID":"1315814","text":"2010 to 2014, we were paying about \u00a31.30 a litre","type":"I","timestamp":"2023-11-09 13:17:42"},{"nodeID":"1315815","text":"AudienceMember 20220609QT242: 2010 to 2014, we were paying about \u00a31.30 a litre","type":"L","timestamp":"2023-11-09 13:17:42"},{"nodeID":"1315816","text":"Analysing","type":"YA","timestamp":"2023-11-09 13:17:42"},{"nodeID":"1315817","text":"Chris: AudienceMember 20220609QT242: 2010 to 2014, we were paying about \u00a31.30 a litre","type":"L","timestamp":"2023-11-09 13:17:42"},{"nodeID":"1315818","text":"Asserting","type":"YA","timestamp":"2023-11-09 13:17:42"},{"nodeID":"1315819","text":"Default Transition","type":"TA","timestamp":"2023-11-09 13:17:42"},{"nodeID":"1315820","text":"It is now - this is driving tonight, it is \u00a31.70, \u00a31.80 per litre","type":"I","timestamp":"2023-11-09 13:17:42"},{"nodeID":"1315821","text":"AudienceMember 20220609QT242: It is now - this is driving tonight, it is \u00a31.70, \u00a31.80","type":"L","timestamp":"2023-11-09 13:17:42"},{"nodeID":"1315822","text":"Analysing","type":"YA","timestamp":"2023-11-09 13:17:42"},{"nodeID":"1315823","text":"Chris: AudienceMember 20220609QT242: It is now - this is driving tonight, it is \u00a31.70, \u00a31.80","type":"L","timestamp":"2023-11-09 13:17:42"},{"nodeID":"1315824","text":"Asserting","type":"YA","timestamp":"2023-11-09 13:17:42"},{"nodeID":"1315825","text":"Default Transition","type":"TA","timestamp":"2023-11-09 13:17:42"},{"nodeID":"1315826","text":"Default Conflict","type":"CA","timestamp":"2023-11-09 13:17:42"},{"nodeID":"1315827","text":"Disagreeing","type":"YA","timestamp":"2023-11-09 13:17:42"},{"nodeID":"1315828","text":"xxx is why the government let fuel prices rise when it affects everybody","type":"I","timestamp":"2023-11-09 13:17:43"},{"nodeID":"1315829","text":"AudienceMember 20220609QT242: How can you let that happen that affects everybody","type":"L","timestamp":"2023-11-09 13:17:43"},{"nodeID":"1315830","text":"Analysing","type":"YA","timestamp":"2023-11-09 13:17:43"},{"nodeID":"1315831","text":"Chris: AudienceMember 20220609QT242: How can you let that happen that affects everybody","type":"L","timestamp":"2023-11-09 13:17:43"},{"nodeID":"1315832","text":"Pure Questioning","type":"YA","timestamp":"2023-11-09 13:17:43"},{"nodeID":"1315833","text":"Default Transition","type":"TA","timestamp":"2023-11-09 13:17:43"},{"nodeID":"1315834","text":"xxx is what else fuel profiteering is doing to other industries","type":"I","timestamp":"2023-11-09 13:17:44"},{"nodeID":"1315835","text":"AudienceMember 20220609QT242: what else is it doing to other industries","type":"L","timestamp":"2023-11-09 13:17:44"},{"nodeID":"1315836","text":"Analysing","type":"YA","timestamp":"2023-11-09 13:17:44"},{"nodeID":"1315837","text":"Chris: AudienceMember 20220609QT242: what else is it doing to other industries","type":"L","timestamp":"2023-11-09 13:17:44"},{"nodeID":"1315838","text":"Pure Questioning","type":"YA","timestamp":"2023-11-09 13:17:44"},{"nodeID":"1315839","text":"Default Transition","type":"TA","timestamp":"2023-11-09 13:17:44"},{"nodeID":"1315840","text":"Default Rephrase","type":"MA","timestamp":"2023-11-09 13:17:44"},{"nodeID":"1315841","text":"Restating","type":"YA","timestamp":"2023-11-09 13:17:44"},{"nodeID":"1315842","text":"fuel companies have been allowed to put your prices up by 25% and make obscene profits","type":"I","timestamp":"2023-11-09 13:17:44"},{"nodeID":"1315843","text":"AudienceMember 20220609QT242: You're allowed to put your prices up by 25% and make obscene profits","type":"L","timestamp":"2023-11-09 13:17:44"},{"nodeID":"1315844","text":"Analysing","type":"YA","timestamp":"2023-11-09 13:17:44"},{"nodeID":"1315845","text":"Chris: AudienceMember 20220609QT242: You're allowed to put your prices up by 25% and make obscene profits","type":"L","timestamp":"2023-11-09 13:17:44"},{"nodeID":"1315846","text":"Rhetorical Questioning","type":"YA","timestamp":"2023-11-09 13:17:44"},{"nodeID":"1315847","text":"Default Transition","type":"TA","timestamp":"2023-11-09 13:17:44"},{"nodeID":"1315848","text":"there is something fundamentally wrong by government not intervening and doing something about fuel profiteering","type":"I","timestamp":"2023-11-09 13:17:45"},{"nodeID":"1315849","text":"AudienceMember 20220609QT242: There is something fundamentally wrong by you not intervening and doing something about that","type":"L","timestamp":"2023-11-09 13:17:45"},{"nodeID":"1315850","text":"Analysing","type":"YA","timestamp":"2023-11-09 13:17:45"},{"nodeID":"1315851","text":"Chris: AudienceMember 20220609QT242: There is something fundamentally wrong by you not intervening and doing something about that","type":"L","timestamp":"2023-11-09 13:17:45"},{"nodeID":"1315852","text":"Asserting","type":"YA","timestamp":"2023-11-09 13:17:45"},{"nodeID":"1315853","text":"Default Transition","type":"TA","timestamp":"2023-11-09 13:17:45"},{"nodeID":"1315854","text":"Default Rephrase","type":"MA","timestamp":"2023-11-09 13:17:45"},{"nodeID":"1315855","text":"Restating","type":"YA","timestamp":"2023-11-09 13:17:45"},{"nodeID":"1315856","text":"Question Time is taking a break next week of course","type":"I","timestamp":"2023-11-09 13:17:46"},{"nodeID":"1315857","text":"Fiona Bruce: We are taking a break next week of course","type":"L","timestamp":"2023-11-09 13:17:46"},{"nodeID":"1315858","text":"Analysing","type":"YA","timestamp":"2023-11-09 13:17:46"},{"nodeID":"1315859","text":"Chris: Fiona Bruce: We are taking a break next week of course","type":"L","timestamp":"2023-11-09 13:17:46"},{"nodeID":"1315860","text":"Asserting","type":"YA","timestamp":"2023-11-09 13:17:46"},{"nodeID":"1315861","text":"Default Transition","type":"TA","timestamp":"2023-11-09 13:17:46"},{"nodeID":"1315862","text":"it is the Queen's Jubilee","type":"I","timestamp":"2023-11-09 13:17:46"},{"nodeID":"1315863","text":"Fiona Bruce: it is the Queen's Jubilee","type":"L","timestamp":"2023-11-09 13:17:46"},{"nodeID":"1315864","text":"Analysing","type":"YA","timestamp":"2023-11-09 13:17:46"},{"nodeID":"1315865","text":"Chris: Fiona Bruce: it is the Queen's Jubilee","type":"L","timestamp":"2023-11-09 13:17:46"},{"nodeID":"1315866","text":"Asserting","type":"YA","timestamp":"2023-11-09 13:17:46"},{"nodeID":"1315867","text":"Default Transition","type":"TA","timestamp":"2023-11-09 13:17:46"},{"nodeID":"1315868","text":"Default Inference","type":"RA","timestamp":"2023-11-09 13:17:46"},{"nodeID":"1315869","text":"Arguing","type":"YA","timestamp":"2023-11-09 13:17:46"},{"nodeID":"1315870","text":"the programme will be in Dorking on the 9th June, and after that, we are in Newcastle","type":"I","timestamp":"2023-11-09 13:17:47"},{"nodeID":"1315871","text":"Fiona Bruce: the programme will be in Dorking on the 9th June, and after that, we are in Newcastle","type":"L","timestamp":"2023-11-09 13:17:47"},{"nodeID":"1315872","text":"Analysing","type":"YA","timestamp":"2023-11-09 13:17:47"},{"nodeID":"1315873","text":"Chris: Fiona Bruce: the programme will be in Dorking on the 9th June, and after that, we are in Newcastle","type":"L","timestamp":"2023-11-09 13:17:47"},{"nodeID":"1315874","text":"Asserting","type":"YA","timestamp":"2023-11-09 13:17:47"},{"nodeID":"1315875","text":"Default Transition","type":"TA","timestamp":"2023-11-09 13:17:47"},{"nodeID":"1315876","text":"let's take a second question now from Rowan Wise","type":"I","timestamp":"2023-11-09 13:17:47"},{"nodeID":"1315877","text":"Fiona Bruce: Let's take a second question now from Rowan Wise","type":"L","timestamp":"2023-11-09 13:17:47"},{"nodeID":"1315878","text":"Analysing","type":"YA","timestamp":"2023-11-09 13:17:47"},{"nodeID":"1315879","text":"Chris: Fiona Bruce: Let's take a second question now from Rowan Wise","type":"L","timestamp":"2023-11-09 13:17:47"},{"nodeID":"1315880","text":"Asserting","type":"YA","timestamp":"2023-11-09 13:17:47"},{"nodeID":"1315881","text":"Default Transition","type":"TA","timestamp":"2023-11-09 13:17:47"}],"edges":[{"edgeID":"1727317","fromID":"1315792","toID":"1315791","formEdgeID":null},{"edgeID":"1727318","fromID":"1315793","toID":"1315792","formEdgeID":null},{"edgeID":"1727319","fromID":"1315791","toID":"1315794","formEdgeID":null},{"edgeID":"1727320","fromID":"1315794","toID":"1315790","formEdgeID":null},{"edgeID":"1727321","fromID":"1315797","toID":"1315796","formEdgeID":null},{"edgeID":"1727322","fromID":"1315798","toID":"1315797","formEdgeID":null},{"edgeID":"1727323","fromID":"1315796","toID":"1315799","formEdgeID":null},{"edgeID":"1727324","fromID":"1315799","toID":"1315795","formEdgeID":null},{"edgeID":"1727325","fromID":"1315791","toID":"1315800","formEdgeID":null},{"edgeID":"1727326","fromID":"1315800","toID":"1315796","formEdgeID":null},{"edgeID":"1727327","fromID":"1315795","toID":"1315801","formEdgeID":null},{"edgeID":"1727328","fromID":"1315801","toID":"1315790","formEdgeID":null},{"edgeID":"1727329","fromID":"1315804","toID":"1315803","formEdgeID":null},{"edgeID":"1727330","fromID":"1315805","toID":"1315804","formEdgeID":null},{"edgeID":"1727331","fromID":"1315803","toID":"1315806","formEdgeID":null},{"edgeID":"1727332","fromID":"1315806","toID":"1315802","formEdgeID":null},{"edgeID":"1727333","fromID":"1315796","toID":"1315807","formEdgeID":null},{"edgeID":"1727334","fromID":"1315807","toID":"1315803","formEdgeID":null},{"edgeID":"1727335","fromID":"1315810","toID":"1315809","formEdgeID":null},{"edgeID":"1727336","fromID":"1315811","toID":"1315810","formEdgeID":null},{"edgeID":"1727337","fromID":"1315809","toID":"1315812","formEdgeID":null},{"edgeID":"1727338","fromID":"1315812","toID":"1315808","formEdgeID":null},{"edgeID":"1727339","fromID":"1315803","toID":"1315813","formEdgeID":null},{"edgeID":"1727340","fromID":"1315813","toID":"1315809","formEdgeID":null},{"edgeID":"1727341","fromID":"1315816","toID":"1315815","formEdgeID":null},{"edgeID":"1727342","fromID":"1315817","toID":"1315816","formEdgeID":null},{"edgeID":"1727343","fromID":"1315815","toID":"1315818","formEdgeID":null},{"edgeID":"1727344","fromID":"1315818","toID":"1315814","formEdgeID":null},{"edgeID":"1727345","fromID":"1315809","toID":"1315819","formEdgeID":null},{"edgeID":"1727346","fromID":"1315819","toID":"1315815","formEdgeID":null},{"edgeID":"1727347","fromID":"1315822","toID":"1315821","formEdgeID":null},{"edgeID":"1727348","fromID":"1315823","toID":"1315822","formEdgeID":null},{"edgeID":"1727349","fromID":"1315821","toID":"1315824","formEdgeID":null},{"edgeID":"1727350","fromID":"1315824","toID":"1315820","formEdgeID":null},{"edgeID":"1727351","fromID":"1315815","toID":"1315825","formEdgeID":null},{"edgeID":"1727352","fromID":"1315825","toID":"1315821","formEdgeID":null},{"edgeID":"1727353","fromID":"1315820","toID":"1315826","formEdgeID":null},{"edgeID":"1727354","fromID":"1315826","toID":"1315814","formEdgeID":null},{"edgeID":"1727355","fromID":"1315825","toID":"1315827","formEdgeID":null},{"edgeID":"1727356","fromID":"1315827","toID":"1315826","formEdgeID":null},{"edgeID":"1727357","fromID":"1315830","toID":"1315829","formEdgeID":null},{"edgeID":"1727358","fromID":"1315831","toID":"1315830","formEdgeID":null},{"edgeID":"1727359","fromID":"1315829","toID":"1315832","formEdgeID":null},{"edgeID":"1727360","fromID":"1315832","toID":"1315828","formEdgeID":null},{"edgeID":"1727361","fromID":"1315821","toID":"1315833","formEdgeID":null},{"edgeID":"1727362","fromID":"1315833","toID":"1315829","formEdgeID":null},{"edgeID":"1727363","fromID":"1315836","toID":"1315835","formEdgeID":null},{"edgeID":"1727364","fromID":"1315837","toID":"1315836","formEdgeID":null},{"edgeID":"1727365","fromID":"1315835","toID":"1315838","formEdgeID":null},{"edgeID":"1727366","fromID":"1315838","toID":"1315834","formEdgeID":null},{"edgeID":"1727367","fromID":"1315829","toID":"1315839","formEdgeID":null},{"edgeID":"1727368","fromID":"1315839","toID":"1315835","formEdgeID":null},{"edgeID":"1727369","fromID":"1315834","toID":"1315840","formEdgeID":null},{"edgeID":"1727370","fromID":"1315840","toID":"1315828","formEdgeID":null},{"edgeID":"1727371","fromID":"1315839","toID":"1315841","formEdgeID":null},{"edgeID":"1727372","fromID":"1315841","toID":"1315840","formEdgeID":null},{"edgeID":"1727373","fromID":"1315844","toID":"1315843","formEdgeID":null},{"edgeID":"1727374","fromID":"1315845","toID":"1315844","formEdgeID":null},{"edgeID":"1727375","fromID":"1315843","toID":"1315846","formEdgeID":null},{"edgeID":"1727376","fromID":"1315846","toID":"1315842","formEdgeID":null},{"edgeID":"1727377","fromID":"1315835","toID":"1315847","formEdgeID":null},{"edgeID":"1727378","fromID":"1315847","toID":"1315843","formEdgeID":null},{"edgeID":"1727379","fromID":"1315850","toID":"1315849","formEdgeID":null},{"edgeID":"1727380","fromID":"1315851","toID":"1315850","formEdgeID":null},{"edgeID":"1727381","fromID":"1315849","toID":"1315852","formEdgeID":null},{"edgeID":"1727382","fromID":"1315852","toID":"1315848","formEdgeID":null},{"edgeID":"1727383","fromID":"1315843","toID":"1315853","formEdgeID":null},{"edgeID":"1727384","fromID":"1315853","toID":"1315849","formEdgeID":null},{"edgeID":"1727385","fromID":"1315848","toID":"1315854","formEdgeID":null},{"edgeID":"1727386","fromID":"1315854","toID":"1315842","formEdgeID":null},{"edgeID":"1727387","fromID":"1315853","toID":"1315855","formEdgeID":null},{"edgeID":"1727388","fromID":"1315855","toID":"1315854","formEdgeID":null},{"edgeID":"1727389","fromID":"1315858","toID":"1315857","formEdgeID":null},{"edgeID":"1727390","fromID":"1315859","toID":"1315858","formEdgeID":null},{"edgeID":"1727391","fromID":"1315857","toID":"1315860","formEdgeID":null},{"edgeID":"1727392","fromID":"1315860","toID":"1315856","formEdgeID":null},{"edgeID":"1727393","fromID":"1315849","toID":"1315861","formEdgeID":null},{"edgeID":"1727394","fromID":"1315861","toID":"1315857","formEdgeID":null},{"edgeID":"1727395","fromID":"1315864","toID":"1315863","formEdgeID":null},{"edgeID":"1727396","fromID":"1315865","toID":"1315864","formEdgeID":null},{"edgeID":"1727397","fromID":"1315863","toID":"1315866","formEdgeID":null},{"edgeID":"1727398","fromID":"1315866","toID":"1315862","formEdgeID":null},{"edgeID":"1727399","fromID":"1315857","toID":"1315867","formEdgeID":null},{"edgeID":"1727400","fromID":"1315867","toID":"1315863","formEdgeID":null},{"edgeID":"1727401","fromID":"1315862","toID":"1315868","formEdgeID":null},{"edgeID":"1727402","fromID":"1315868","toID":"1315856","formEdgeID":null},{"edgeID":"1727403","fromID":"1315867","toID":"1315869","formEdgeID":null},{"edgeID":"1727404","fromID":"1315869","toID":"1315868","formEdgeID":null},{"edgeID":"1727405","fromID":"1315872","toID":"1315871","formEdgeID":null},{"edgeID":"1727406","fromID":"1315873","toID":"1315872","formEdgeID":null},{"edgeID":"1727407","fromID":"1315871","toID":"1315874","formEdgeID":null},{"edgeID":"1727408","fromID":"1315874","toID":"1315870","formEdgeID":null},{"edgeID":"1727409","fromID":"1315863","toID":"1315875","formEdgeID":null},{"edgeID":"1727410","fromID":"1315875","toID":"1315871","formEdgeID":null},{"edgeID":"1727411","fromID":"1315878","toID":"1315877","formEdgeID":null},{"edgeID":"1727412","fromID":"1315879","toID":"1315878","formEdgeID":null},{"edgeID":"1727413","fromID":"1315877","toID":"1315880","formEdgeID":null},{"edgeID":"1727414","fromID":"1315880","toID":"1315876","formEdgeID":null},{"edgeID":"1727415","fromID":"1315871","toID":"1315881","formEdgeID":null},{"edgeID":"1727416","fromID":"1315881","toID":"1315877","formEdgeID":null}],"locutions":[]}