{"nodes":[{"nodeID":"1319190","text":"issues with the Protocol is a result of Brexit","type":"I","timestamp":"2023-11-09 13:22:29"},{"nodeID":"1319191","text":"Naomi Long: It is a result of Brexit","type":"L","timestamp":"2023-11-09 13:22:29"},{"nodeID":"1319192","text":"Analysing","type":"YA","timestamp":"2023-11-09 13:22:29"},{"nodeID":"1319193","text":"Chris: Naomi Long: It is a result of Brexit","type":"L","timestamp":"2023-11-09 13:22:29"},{"nodeID":"1319194","text":"Asserting","type":"YA","timestamp":"2023-11-09 13:22:29"},{"nodeID":"1319195","text":"Analysing","type":"YA","timestamp":"2023-11-09 13:22:29"},{"nodeID":"1319196","text":"Asserting","type":"YA","timestamp":"2023-11-09 13:22:29"},{"nodeID":"1319197","text":"Default Transition","type":"TA","timestamp":"2023-11-09 13:22:29"},{"nodeID":"1319198","text":"unlike the DUP, The Alliance didn't deliver Brexit","type":"I","timestamp":"2023-11-09 13:22:29"},{"nodeID":"1319199","text":"Naomi Long: unlike your party, we didn't deliver Brexit","type":"L","timestamp":"2023-11-09 13:22:29"},{"nodeID":"1319200","text":"Analysing","type":"YA","timestamp":"2023-11-09 13:22:29"},{"nodeID":"1319201","text":"Chris: Naomi Long: unlike your party, we didn't deliver Brexit","type":"L","timestamp":"2023-11-09 13:22:29"},{"nodeID":"1319202","text":"Asserting","type":"YA","timestamp":"2023-11-09 13:22:29"},{"nodeID":"1319203","text":"Default Transition","type":"TA","timestamp":"2023-11-09 13:22:29"},{"nodeID":"1319204","text":"Default Rephrase","type":"MA","timestamp":"2023-11-09 13:22:29"},{"nodeID":"1319205","text":"Restating","type":"YA","timestamp":"2023-11-09 13:22:29"},{"nodeID":"1319206","text":"we can keep going back to Brexit and having the squabbles that everybody has been having","type":"I","timestamp":"2023-11-09 13:22:30"},{"nodeID":"1319207","text":"Emma Little-Pengelly: We can keep going back to Brexit and having the squabbles that everybody has been having","type":"L","timestamp":"2023-11-09 13:22:30"},{"nodeID":"1319208","text":"Analysing","type":"YA","timestamp":"2023-11-09 13:22:30"},{"nodeID":"1319209","text":"Chris: Emma Little-Pengelly: We can keep going back to Brexit and having the squabbles that everybody has been having","type":"L","timestamp":"2023-11-09 13:22:30"},{"nodeID":"1319210","text":"Asserting","type":"YA","timestamp":"2023-11-09 13:22:30"},{"nodeID":"1319211","text":"Default Transition","type":"TA","timestamp":"2023-11-09 13:22:30"},{"nodeID":"1319212","text":"we can get around the table and try to find solutions because medicines issues, pets, plants, business","type":"I","timestamp":"2023-11-09 13:22:30"},{"nodeID":"1319213","text":"Emma Little-Pengelly: we can get around the table and try to find solutions because medicines issues, pets, plants, business","type":"L","timestamp":"2023-11-09 13:22:30"},{"nodeID":"1319214","text":"Analysing","type":"YA","timestamp":"2023-11-09 13:22:30"},{"nodeID":"1319215","text":"Chris: Emma Little-Pengelly: we can get around the table and try to find solutions because medicines issues, pets, plants, business","type":"L","timestamp":"2023-11-09 13:22:30"},{"nodeID":"1319216","text":"Asserting","type":"YA","timestamp":"2023-11-09 13:22:30"},{"nodeID":"1319217","text":"Default Transition","type":"TA","timestamp":"2023-11-09 13:22:30"},{"nodeID":"1319218","text":"Default Conflict","type":"CA","timestamp":"2023-11-09 13:22:30"},{"nodeID":"1319219","text":"Disagreeing","type":"YA","timestamp":"2023-11-09 13:22:30"},{"nodeID":"1319220","text":"the issues with the Protocol have to be resolved","type":"I","timestamp":"2023-11-09 13:22:31"},{"nodeID":"1319221","text":"Emma Little-Pengelly: this has to be resolved","type":"L","timestamp":"2023-11-09 13:22:31"},{"nodeID":"1319222","text":"Analysing","type":"YA","timestamp":"2023-11-09 13:22:31"},{"nodeID":"1319223","text":"Chris: Emma Little-Pengelly: this has to be resolved","type":"L","timestamp":"2023-11-09 13:22:31"},{"nodeID":"1319224","text":"Asserting","type":"YA","timestamp":"2023-11-09 13:22:31"},{"nodeID":"1319225","text":"Default Transition","type":"TA","timestamp":"2023-11-09 13:22:31"},{"nodeID":"1319226","text":"Default Inference","type":"RA","timestamp":"2023-11-09 13:22:31"},{"nodeID":"1319227","text":"Arguing","type":"YA","timestamp":"2023-11-09 13:22:31"},{"nodeID":"1319228","text":"Default Conflict","type":"CA","timestamp":"2023-11-09 13:22:31"},{"nodeID":"1319229","text":"Disagreeing","type":"YA","timestamp":"2023-11-09 13:22:31"},{"nodeID":"1319230","text":"you need to get back into your job and take your place at the Stormont Assembly","type":"I","timestamp":"2023-11-09 13:22:32"},{"nodeID":"1319231","text":"Fiona Bruce: the general shouting is, \"You need to get back into your job and take your place at the Stormont Assembly","type":"L","timestamp":"2023-11-09 13:22:32"},{"nodeID":"1319232","text":"Analysing","type":"YA","timestamp":"2023-11-09 13:22:32"},{"nodeID":"1319233","text":"Chris: Fiona Bruce: the general shouting is, \"You need to get back into your job and take your place at the Stormont Assembly","type":"L","timestamp":"2023-11-09 13:22:32"},{"nodeID":"1319234","text":"General Audience: you need to get back into your job and take your place at the Stormont Assembly","type":"L","timestamp":"2023-11-09 13:22:32"},{"nodeID":"1319235","text":"Analysing","type":"YA","timestamp":"2023-11-09 13:22:32"},{"nodeID":"1319236","text":"Chris: General Audience: you need to get back into your job and take your place at the Stormont Assembly","type":"L","timestamp":"2023-11-09 13:22:32"},{"nodeID":"1319237","text":"Asserting","type":"YA","timestamp":"2023-11-09 13:22:32"},{"nodeID":"1319238","text":"Asserting","type":"YA","timestamp":"2023-11-09 13:22:32"},{"nodeID":"1319239","text":"Default Transition","type":"TA","timestamp":"2023-11-09 13:22:32"},{"nodeID":"1319240","text":"whenever DUP was in government and we kept that going for two years, issues and concerns were entirely dismissed","type":"I","timestamp":"2023-11-09 13:22:32"},{"nodeID":"1319241","text":"Emma Little-Pengelly: whenever DUP was in government and we kept that going for two years, issues and concerns were entirely dismissed","type":"L","timestamp":"2023-11-09 13:22:32"},{"nodeID":"1319242","text":"Analysing","type":"YA","timestamp":"2023-11-09 13:22:32"},{"nodeID":"1319243","text":"Chris: Emma Little-Pengelly: whenever DUP was in government and we kept that going for two years, issues and concerns were entirely dismissed","type":"L","timestamp":"2023-11-09 13:22:32"},{"nodeID":"1319244","text":"Asserting","type":"YA","timestamp":"2023-11-09 13:22:32"},{"nodeID":"1319245","text":"Default Transition","type":"TA","timestamp":"2023-11-09 13:22:32"},{"nodeID":"1319246","text":"we are still waiting on resolution from the European Union on medicines, life-saving medicines for people of Northern Ireland","type":"I","timestamp":"2023-11-09 13:22:33"},{"nodeID":"1319247","text":"Emma Little-Pengelly: We are still waiting on resolution from the European Union on medicines, life-saving medicines for people of Northern Ireland","type":"L","timestamp":"2023-11-09 13:22:33"},{"nodeID":"1319248","text":"Analysing","type":"YA","timestamp":"2023-11-09 13:22:33"},{"nodeID":"1319249","text":"Chris: Emma Little-Pengelly: We are still waiting on resolution from the European Union on medicines, life-saving medicines for people of Northern Ireland","type":"L","timestamp":"2023-11-09 13:22:33"},{"nodeID":"1319250","text":"Asserting","type":"YA","timestamp":"2023-11-09 13:22:33"},{"nodeID":"1319251","text":"Default Transition","type":"TA","timestamp":"2023-11-09 13:22:33"},{"nodeID":"1319252","text":"Default Inference","type":"RA","timestamp":"2023-11-09 13:22:33"},{"nodeID":"1319253","text":"Arguing","type":"YA","timestamp":"2023-11-09 13:22:33"},{"nodeID":"1319254","text":"Emma Little-Pengelly has already made the point about medicines","type":"I","timestamp":"2023-11-09 13:22:33"},{"nodeID":"1319255","text":"Fiona Bruce: You've already made that point","type":"L","timestamp":"2023-11-09 13:22:33"},{"nodeID":"1319256","text":"Analysing","type":"YA","timestamp":"2023-11-09 13:22:33"},{"nodeID":"1319257","text":"Chris: Fiona Bruce: You've already made that point","type":"L","timestamp":"2023-11-09 13:22:33"},{"nodeID":"1319258","text":"Asserting","type":"YA","timestamp":"2023-11-09 13:22:33"},{"nodeID":"1319259","text":"Default Transition","type":"TA","timestamp":"2023-11-09 13:22:33"},{"nodeID":"1319260","text":"we need to get solutions","type":"I","timestamp":"2023-11-09 13:22:34"},{"nodeID":"1319261","text":"Emma Little-Pengelly: We need to get solutions","type":"L","timestamp":"2023-11-09 13:22:34"},{"nodeID":"1319262","text":"Analysing","type":"YA","timestamp":"2023-11-09 13:22:34"},{"nodeID":"1319263","text":"Chris: Emma Little-Pengelly: We need to get solutions","type":"L","timestamp":"2023-11-09 13:22:34"},{"nodeID":"1319264","text":"Asserting","type":"YA","timestamp":"2023-11-09 13:22:34"},{"nodeID":"1319265","text":"Default Transition","type":"TA","timestamp":"2023-11-09 13:22:34"},{"nodeID":"1319266","text":"don't go back","type":"I","timestamp":"2023-11-09 13:22:35"},{"nodeID":"1319267","text":"AudienceMember 20220609QT265: Don't go back","type":"L","timestamp":"2023-11-09 13:22:35"},{"nodeID":"1319268","text":"Analysing","type":"YA","timestamp":"2023-11-09 13:22:35"},{"nodeID":"1319269","text":"Chris: AudienceMember 20220609QT265: Don't go back","type":"L","timestamp":"2023-11-09 13:22:35"},{"nodeID":"1319270","text":"Asserting","type":"YA","timestamp":"2023-11-09 13:22:35"},{"nodeID":"1319271","text":"Default Transition","type":"TA","timestamp":"2023-11-09 13:22:35"},{"nodeID":"1319272","text":"Fiona Bruce: Don't go back","type":"L","timestamp":"2023-11-09 13:22:35"},{"nodeID":"1319273","text":"Analysing","type":"YA","timestamp":"2023-11-09 13:22:35"},{"nodeID":"1319274","text":"Chris: Fiona Bruce: Don't go back","type":"L","timestamp":"2023-11-09 13:22:35"},{"nodeID":"1319275","text":"Analysing","type":"YA","timestamp":"2023-11-09 13:22:35"},{"nodeID":"1319276","text":"Asserting","type":"YA","timestamp":"2023-11-09 13:22:35"},{"nodeID":"1319277","text":"Pure Questioning","type":"YA","timestamp":"2023-11-09 13:22:35"},{"nodeID":"1319278","text":"Default Transition","type":"TA","timestamp":"2023-11-09 13:22:35"},{"nodeID":"1319279","text":"AudienceMember 20220609QT266: Don't go back","type":"L","timestamp":"2023-11-09 13:22:35"},{"nodeID":"1319280","text":"Analysing","type":"YA","timestamp":"2023-11-09 13:22:35"},{"nodeID":"1319281","text":"Chris: AudienceMember 20220609QT266: Don't go back","type":"L","timestamp":"2023-11-09 13:22:35"},{"nodeID":"1319282","text":"Default Transition","type":"TA","timestamp":"2023-11-09 13:22:35"},{"nodeID":"1319283","text":"20220609QT266 is saying don't go back because lots of people are saying that the DUP should get back","type":"I","timestamp":"2023-11-09 13:22:35"},{"nodeID":"1319284","text":"Fiona Bruce: you're saying don't go back because lots of people are saying that the DUP should get back","type":"L","timestamp":"2023-11-09 13:22:35"},{"nodeID":"1319285","text":"Analysing","type":"YA","timestamp":"2023-11-09 13:22:35"},{"nodeID":"1319286","text":"Chris: Fiona Bruce: you're saying don't go back because lots of people are saying that the DUP should get back","type":"L","timestamp":"2023-11-09 13:22:35"},{"nodeID":"1319287","text":"Asserting","type":"YA","timestamp":"2023-11-09 13:22:35"},{"nodeID":"1319288","text":"hang on, tell you what, John Finucane","type":"I","timestamp":"2023-11-09 13:22:36"},{"nodeID":"1319289","text":"Fiona Bruce: Hang on, tell you what, John","type":"L","timestamp":"2023-11-09 13:22:36"},{"nodeID":"1319290","text":"Analysing","type":"YA","timestamp":"2023-11-09 13:22:36"},{"nodeID":"1319291","text":"Chris: Fiona Bruce: Hang on, tell you what, John","type":"L","timestamp":"2023-11-09 13:22:36"},{"nodeID":"1319292","text":"Asserting","type":"YA","timestamp":"2023-11-09 13:22:36"},{"nodeID":"1319293","text":"Default Transition","type":"TA","timestamp":"2023-11-09 13:22:36"},{"nodeID":"1319294","text":"Default Transition","type":"TA","timestamp":"2023-11-09 13:22:36"},{"nodeID":"1319295","text":"Default Inference","type":"RA","timestamp":"2023-11-09 13:22:36"},{"nodeID":"1319296","text":"Arguing","type":"YA","timestamp":"2023-11-09 13:22:36"},{"nodeID":"1319297","text":"clearly don't have the same political views as I do","type":"I","timestamp":"2023-11-09 13:22:36"},{"nodeID":"1319298","text":"AudienceMember 20220609QT267: Clearly don't have the same political views as I do","type":"L","timestamp":"2023-11-09 13:22:36"},{"nodeID":"1319299","text":"Analysing","type":"YA","timestamp":"2023-11-09 13:22:36"},{"nodeID":"1319300","text":"Chris: AudienceMember 20220609QT267: Clearly don't have the same political views as I do","type":"L","timestamp":"2023-11-09 13:22:36"},{"nodeID":"1319301","text":"Asserting","type":"YA","timestamp":"2023-11-09 13:22:36"},{"nodeID":"1319302","text":"Default Transition","type":"TA","timestamp":"2023-11-09 13:22:36"},{"nodeID":"1319303","text":"Default Rephrase","type":"MA","timestamp":"2023-11-09 13:22:36"},{"nodeID":"1319304","text":"Restating","type":"YA","timestamp":"2023-11-09 13:22:36"},{"nodeID":"1319305","text":"AudienceMember 20220609QT267's place within the United Kingdom is safe","type":"I","timestamp":"2023-11-09 13:22:37"},{"nodeID":"1319306","text":"John Finucane: AudienceMember 20220609QT267's place within the United Kingdom is safe","type":"L","timestamp":"2023-11-09 13:22:37"},{"nodeID":"1319307","text":"Analysing","type":"YA","timestamp":"2023-11-09 13:22:37"},{"nodeID":"1319308","text":"Chris: John Finucane: AudienceMember 20220609QT267's place within the United Kingdom is safe","type":"L","timestamp":"2023-11-09 13:22:37"},{"nodeID":"1319309","text":"Asserting","type":"YA","timestamp":"2023-11-09 13:22:37"},{"nodeID":"1319310","text":"AudienceMember 20220609QT267: When John Finucane tells me that my place within the United Kingdom is safe","type":"L","timestamp":"2023-11-09 13:22:37"},{"nodeID":"1319311","text":"Analysing","type":"YA","timestamp":"2023-11-09 13:22:37"},{"nodeID":"1319312","text":"Chris: AudienceMember 20220609QT267: When John Finucane tells me that my place within the United Kingdom is safe","type":"L","timestamp":"2023-11-09 13:22:37"},{"nodeID":"1319313","text":"Default Transition","type":"TA","timestamp":"2023-11-09 13:22:37"},{"nodeID":"1319314","text":"Asserting","type":"YA","timestamp":"2023-11-09 13:22:37"},{"nodeID":"1319315","text":"AudienceMember 20220609QT267 will go home happy tonight","type":"I","timestamp":"2023-11-09 13:22:38"},{"nodeID":"1319316","text":"AudienceMember 20220609QT267: I will go home happy tonight","type":"L","timestamp":"2023-11-09 13:22:38"},{"nodeID":"1319317","text":"Analysing","type":"YA","timestamp":"2023-11-09 13:22:38"},{"nodeID":"1319318","text":"Chris: AudienceMember 20220609QT267: I will go home happy tonight","type":"L","timestamp":"2023-11-09 13:22:38"},{"nodeID":"1319319","text":"Asserting","type":"YA","timestamp":"2023-11-09 13:22:38"},{"nodeID":"1319320","text":"Default Transition","type":"TA","timestamp":"2023-11-09 13:22:38"},{"nodeID":"1319321","text":"Default Inference","type":"RA","timestamp":"2023-11-09 13:22:38"},{"nodeID":"1319322","text":"AudienceMember 20220609QT267 will not go home happy tonight","type":"I","timestamp":"2023-11-09 13:22:38"},{"nodeID":"1319323","text":"AudienceMember 20220609QT267: not","type":"L","timestamp":"2023-11-09 13:22:38"},{"nodeID":"1319324","text":"Analysing","type":"YA","timestamp":"2023-11-09 13:22:38"},{"nodeID":"1319325","text":"Chris: AudienceMember 20220609QT267: not","type":"L","timestamp":"2023-11-09 13:22:38"},{"nodeID":"1319326","text":"Asserting","type":"YA","timestamp":"2023-11-09 13:22:38"},{"nodeID":"1319327","text":"Default Conflict","type":"CA","timestamp":"2023-11-09 13:22:38"},{"nodeID":"1319328","text":"Default Transition","type":"TA","timestamp":"2023-11-09 13:22:38"},{"nodeID":"1319329","text":"Disagreeing","type":"YA","timestamp":"2023-11-09 13:22:38"},{"nodeID":"1319330","text":"AudienceMember 20220609QT267's place in the UK is safe","type":"I","timestamp":"2023-11-09 13:22:39"},{"nodeID":"1319331","text":"AudienceMember 20220609QT268: It is safe","type":"L","timestamp":"2023-11-09 13:22:39"},{"nodeID":"1319332","text":"Analysing","type":"YA","timestamp":"2023-11-09 13:22:39"},{"nodeID":"1319333","text":"Chris: AudienceMember 20220609QT268: It is safe","type":"L","timestamp":"2023-11-09 13:22:39"},{"nodeID":"1319334","text":"Asserting","type":"YA","timestamp":"2023-11-09 13:22:39"},{"nodeID":"1319335","text":"Default Transition","type":"TA","timestamp":"2023-11-09 13:22:39"},{"nodeID":"1319336","text":"Default Conflict","type":"CA","timestamp":"2023-11-09 13:22:39"},{"nodeID":"1319337","text":"Disagreeing","type":"YA","timestamp":"2023-11-09 13:22:39"},{"nodeID":"1319338","text":"courts have ruled different","type":"I","timestamp":"2023-11-09 13:22:39"},{"nodeID":"1319339","text":"Emma Little-Pengelly: Courts have ruled different","type":"L","timestamp":"2023-11-09 13:22:39"},{"nodeID":"1319340","text":"Analysing","type":"YA","timestamp":"2023-11-09 13:22:39"},{"nodeID":"1319341","text":"Chris: Emma Little-Pengelly: Courts have ruled different","type":"L","timestamp":"2023-11-09 13:22:39"},{"nodeID":"1319342","text":"Asserting","type":"YA","timestamp":"2023-11-09 13:22:39"},{"nodeID":"1319343","text":"Default Transition","type":"TA","timestamp":"2023-11-09 13:22:39"},{"nodeID":"1319344","text":"Default Conflict","type":"CA","timestamp":"2023-11-09 13:22:39"},{"nodeID":"1319345","text":"Disagreeing","type":"YA","timestamp":"2023-11-09 13:22:39"},{"nodeID":"1319346","text":"read the judgment","type":"I","timestamp":"2023-11-09 13:22:40"},{"nodeID":"1319347","text":"Emma Little-Pengelly: Read the judgment","type":"L","timestamp":"2023-11-09 13:22:40"},{"nodeID":"1319348","text":"Analysing","type":"YA","timestamp":"2023-11-09 13:22:40"},{"nodeID":"1319349","text":"Chris: Emma Little-Pengelly: Read the judgment","type":"L","timestamp":"2023-11-09 13:22:40"},{"nodeID":"1319350","text":"Asserting","type":"YA","timestamp":"2023-11-09 13:22:40"},{"nodeID":"1319351","text":"Default Transition","type":"TA","timestamp":"2023-11-09 13:22:40"},{"nodeID":"1319352","text":"tear up the Protocol to save the Agreement","type":"I","timestamp":"2023-11-09 13:22:40"},{"nodeID":"1319353","text":"AudienceMember 20220609QT2671: when David Trimble, the co-author of the Belfast Agreement says \"Tear up the Protocol to save the Agreement\"","type":"L","timestamp":"2023-11-09 13:22:40"},{"nodeID":"1319354","text":"Analysing","type":"YA","timestamp":"2023-11-09 13:22:40"},{"nodeID":"1319355","text":"Chris: AudienceMember 20220609QT2671: when David Trimble, the co-author of the Belfast Agreement says \"Tear up the Protocol to save the Agreement\"","type":"L","timestamp":"2023-11-09 13:22:40"},{"nodeID":"1319356","text":"Default Transition","type":"TA","timestamp":"2023-11-09 13:22:40"},{"nodeID":"1319357","text":"David Trimble: Tear up the Protocol to save the Agreement","type":"L","timestamp":"2023-11-09 13:22:40"},{"nodeID":"1319358","text":"Analysing","type":"YA","timestamp":"2023-11-09 13:22:40"},{"nodeID":"1319359","text":"Chris: David Trimble: Tear up the Protocol to save the Agreement","type":"L","timestamp":"2023-11-09 13:22:40"},{"nodeID":"1319360","text":"Asserting","type":"YA","timestamp":"2023-11-09 13:22:40"},{"nodeID":"1319361","text":"Asserting","type":"YA","timestamp":"2023-11-09 13:22:40"},{"nodeID":"1319362","text":"AudienceMember 20220609QT2671 tends to listen to David Trimble, even though politically he doesn't agree with him all the time","type":"I","timestamp":"2023-11-09 13:22:41"},{"nodeID":"1319363","text":"AudienceMember 20220609QT2671:  I tend to listen to David, even though politically don't agree with him all the time","type":"L","timestamp":"2023-11-09 13:22:41"},{"nodeID":"1319364","text":"Analysing","type":"YA","timestamp":"2023-11-09 13:22:41"},{"nodeID":"1319365","text":"Chris: AudienceMember 20220609QT2671:  I tend to listen to David, even though politically don't agree with him all the time","type":"L","timestamp":"2023-11-09 13:22:41"},{"nodeID":"1319366","text":"Asserting","type":"YA","timestamp":"2023-11-09 13:22:41"},{"nodeID":"1319367","text":"Default Transition","type":"TA","timestamp":"2023-11-09 13:22:41"},{"nodeID":"1319368","text":"Default Rephrase","type":"MA","timestamp":"2023-11-09 13:22:41"},{"nodeID":"1319369","text":"Restating","type":"YA","timestamp":"2023-11-09 13:22:41"},{"nodeID":"1319370","text":"Default Rephrase","type":"MA","timestamp":"2023-11-09 13:22:41"},{"nodeID":"1319371","text":"Restating","type":"YA","timestamp":"2023-11-09 13:22:41"},{"nodeID":"1319372","text":"Default Rephrase","type":"MA","timestamp":"2023-11-09 13:22:41"},{"nodeID":"1319373","text":"Default Transition","type":"TA","timestamp":"2023-11-09 13:22:41"},{"nodeID":"1319374","text":"Restating","type":"YA","timestamp":"2023-11-09 13:22:41"},{"nodeID":"1319375","text":"Agreeing","type":"YA","timestamp":"2023-11-09 13:22:41"},{"nodeID":"1319376","text":"Default Rephrase","type":"MA","timestamp":"2023-11-09 13:22:41"},{"nodeID":"1319377","text":"Restating","type":"YA","timestamp":"2023-11-09 13:22:41"}],"edges":[{"edgeID":"1731477","fromID":"1319192","toID":"1319191","formEdgeID":null},{"edgeID":"1731478","fromID":"1319193","toID":"1319192","formEdgeID":null},{"edgeID":"1731479","fromID":"1319191","toID":"1319194","formEdgeID":null},{"edgeID":"1731480","fromID":"1319194","toID":"1319190","formEdgeID":null},{"edgeID":"1731481","fromID":"1319195","toID":"1319191","formEdgeID":null},{"edgeID":"1731482","fromID":"1319193","toID":"1319195","formEdgeID":null},{"edgeID":"1731483","fromID":"1319191","toID":"1319196","formEdgeID":null},{"edgeID":"1731484","fromID":"1319196","toID":"1319190","formEdgeID":null},{"edgeID":"1731485","fromID":"1319191","toID":"1319197","formEdgeID":null},{"edgeID":"1731486","fromID":"1319197","toID":"1319191","formEdgeID":null},{"edgeID":"1731487","fromID":"1319200","toID":"1319199","formEdgeID":null},{"edgeID":"1731488","fromID":"1319201","toID":"1319200","formEdgeID":null},{"edgeID":"1731489","fromID":"1319199","toID":"1319202","formEdgeID":null},{"edgeID":"1731490","fromID":"1319202","toID":"1319198","formEdgeID":null},{"edgeID":"1731491","fromID":"1319191","toID":"1319203","formEdgeID":null},{"edgeID":"1731492","fromID":"1319203","toID":"1319199","formEdgeID":null},{"edgeID":"1731493","fromID":"1319190","toID":"1319204","formEdgeID":null},{"edgeID":"1731494","fromID":"1319204","toID":"1319190","formEdgeID":null},{"edgeID":"1731495","fromID":"1319197","toID":"1319205","formEdgeID":null},{"edgeID":"1731496","fromID":"1319205","toID":"1319204","formEdgeID":null},{"edgeID":"1731497","fromID":"1319208","toID":"1319207","formEdgeID":null},{"edgeID":"1731498","fromID":"1319209","toID":"1319208","formEdgeID":null},{"edgeID":"1731499","fromID":"1319207","toID":"1319210","formEdgeID":null},{"edgeID":"1731500","fromID":"1319210","toID":"1319206","formEdgeID":null},{"edgeID":"1731501","fromID":"1319199","toID":"1319211","formEdgeID":null},{"edgeID":"1731502","fromID":"1319211","toID":"1319207","formEdgeID":null},{"edgeID":"1731503","fromID":"1319214","toID":"1319213","formEdgeID":null},{"edgeID":"1731504","fromID":"1319215","toID":"1319214","formEdgeID":null},{"edgeID":"1731505","fromID":"1319213","toID":"1319216","formEdgeID":null},{"edgeID":"1731506","fromID":"1319216","toID":"1319212","formEdgeID":null},{"edgeID":"1731507","fromID":"1319207","toID":"1319217","formEdgeID":null},{"edgeID":"1731508","fromID":"1319217","toID":"1319213","formEdgeID":null},{"edgeID":"1731509","fromID":"1319212","toID":"1319218","formEdgeID":null},{"edgeID":"1731510","fromID":"1319218","toID":"1319206","formEdgeID":null},{"edgeID":"1731511","fromID":"1319217","toID":"1319219","formEdgeID":null},{"edgeID":"1731512","fromID":"1319219","toID":"1319218","formEdgeID":null},{"edgeID":"1731513","fromID":"1319222","toID":"1319221","formEdgeID":null},{"edgeID":"1731514","fromID":"1319223","toID":"1319222","formEdgeID":null},{"edgeID":"1731515","fromID":"1319221","toID":"1319224","formEdgeID":null},{"edgeID":"1731516","fromID":"1319224","toID":"1319220","formEdgeID":null},{"edgeID":"1731517","fromID":"1319213","toID":"1319225","formEdgeID":null},{"edgeID":"1731518","fromID":"1319225","toID":"1319221","formEdgeID":null},{"edgeID":"1731519","fromID":"1319190","toID":"1319226","formEdgeID":null},{"edgeID":"1731520","fromID":"1319226","toID":"1319198","formEdgeID":null},{"edgeID":"1731521","fromID":"1319203","toID":"1319227","formEdgeID":null},{"edgeID":"1731522","fromID":"1319227","toID":"1319226","formEdgeID":null},{"edgeID":"1731523","fromID":"1319206","toID":"1319228","formEdgeID":null},{"edgeID":"1731524","fromID":"1319228","toID":"1319198","formEdgeID":null},{"edgeID":"1731525","fromID":"1319211","toID":"1319229","formEdgeID":null},{"edgeID":"1731526","fromID":"1319229","toID":"1319228","formEdgeID":null},{"edgeID":"1731527","fromID":"1319232","toID":"1319231","formEdgeID":null},{"edgeID":"1731528","fromID":"1319233","toID":"1319232","formEdgeID":null},{"edgeID":"1731529","fromID":"1319235","toID":"1319234","formEdgeID":null},{"edgeID":"1731530","fromID":"1319236","toID":"1319235","formEdgeID":null},{"edgeID":"1731531","fromID":"1319234","toID":"1319237","formEdgeID":null},{"edgeID":"1731532","fromID":"1319237","toID":"1319230","formEdgeID":null},{"edgeID":"1731533","fromID":"1319231","toID":"1319238","formEdgeID":null},{"edgeID":"1731534","fromID":"1319238","toID":"1319234","formEdgeID":null},{"edgeID":"1731535","fromID":"1319221","toID":"1319239","formEdgeID":null},{"edgeID":"1731536","fromID":"1319239","toID":"1319231","formEdgeID":null},{"edgeID":"1731537","fromID":"1319242","toID":"1319241","formEdgeID":null},{"edgeID":"1731538","fromID":"1319243","toID":"1319242","formEdgeID":null},{"edgeID":"1731539","fromID":"1319241","toID":"1319244","formEdgeID":null},{"edgeID":"1731540","fromID":"1319244","toID":"1319240","formEdgeID":null},{"edgeID":"1731541","fromID":"1319221","toID":"1319245","formEdgeID":null},{"edgeID":"1731542","fromID":"1319245","toID":"1319241","formEdgeID":null},{"edgeID":"1731543","fromID":"1319248","toID":"1319247","formEdgeID":null},{"edgeID":"1731544","fromID":"1319249","toID":"1319248","formEdgeID":null},{"edgeID":"1731545","fromID":"1319247","toID":"1319250","formEdgeID":null},{"edgeID":"1731546","fromID":"1319250","toID":"1319246","formEdgeID":null},{"edgeID":"1731547","fromID":"1319241","toID":"1319251","formEdgeID":null},{"edgeID":"1731548","fromID":"1319251","toID":"1319247","formEdgeID":null},{"edgeID":"1731549","fromID":"1319240","toID":"1319252","formEdgeID":null},{"edgeID":"1731550","fromID":"1319252","toID":"1319246","formEdgeID":null},{"edgeID":"1731551","fromID":"1319251","toID":"1319253","formEdgeID":null},{"edgeID":"1731552","fromID":"1319253","toID":"1319252","formEdgeID":null},{"edgeID":"1731553","fromID":"1319256","toID":"1319255","formEdgeID":null},{"edgeID":"1731554","fromID":"1319257","toID":"1319256","formEdgeID":null},{"edgeID":"1731555","fromID":"1319255","toID":"1319258","formEdgeID":null},{"edgeID":"1731556","fromID":"1319258","toID":"1319254","formEdgeID":null},{"edgeID":"1731557","fromID":"1319247","toID":"1319259","formEdgeID":null},{"edgeID":"1731558","fromID":"1319259","toID":"1319255","formEdgeID":null},{"edgeID":"1731559","fromID":"1319262","toID":"1319261","formEdgeID":null},{"edgeID":"1731560","fromID":"1319263","toID":"1319262","formEdgeID":null},{"edgeID":"1731561","fromID":"1319261","toID":"1319264","formEdgeID":null},{"edgeID":"1731562","fromID":"1319264","toID":"1319260","formEdgeID":null},{"edgeID":"1731563","fromID":"1319255","toID":"1319265","formEdgeID":null},{"edgeID":"1731564","fromID":"1319265","toID":"1319261","formEdgeID":null},{"edgeID":"1731565","fromID":"1319268","toID":"1319267","formEdgeID":null},{"edgeID":"1731566","fromID":"1319269","toID":"1319268","formEdgeID":null},{"edgeID":"1731567","fromID":"1319267","toID":"1319270","formEdgeID":null},{"edgeID":"1731568","fromID":"1319270","toID":"1319266","formEdgeID":null},{"edgeID":"1731569","fromID":"1319261","toID":"1319271","formEdgeID":null},{"edgeID":"1731570","fromID":"1319271","toID":"1319267","formEdgeID":null},{"edgeID":"1731571","fromID":"1319273","toID":"1319272","formEdgeID":null},{"edgeID":"1731572","fromID":"1319274","toID":"1319273","formEdgeID":null},{"edgeID":"1731573","fromID":"1319275","toID":"1319267","formEdgeID":null},{"edgeID":"1731574","fromID":"1319269","toID":"1319275","formEdgeID":null},{"edgeID":"1731575","fromID":"1319267","toID":"1319276","formEdgeID":null},{"edgeID":"1731576","fromID":"1319276","toID":"1319266","formEdgeID":null},{"edgeID":"1731577","fromID":"1319272","toID":"1319277","formEdgeID":null},{"edgeID":"1731578","fromID":"1319277","toID":"1319267","formEdgeID":null},{"edgeID":"1731579","fromID":"1319267","toID":"1319278","formEdgeID":null},{"edgeID":"1731580","fromID":"1319278","toID":"1319272","formEdgeID":null},{"edgeID":"1731581","fromID":"1319280","toID":"1319279","formEdgeID":null},{"edgeID":"1731582","fromID":"1319281","toID":"1319280","formEdgeID":null},{"edgeID":"1731583","fromID":"1319272","toID":"1319282","formEdgeID":null},{"edgeID":"1731584","fromID":"1319282","toID":"1319279","formEdgeID":null},{"edgeID":"1731585","fromID":"1319285","toID":"1319284","formEdgeID":null},{"edgeID":"1731586","fromID":"1319286","toID":"1319285","formEdgeID":null},{"edgeID":"1731587","fromID":"1319284","toID":"1319287","formEdgeID":null},{"edgeID":"1731588","fromID":"1319287","toID":"1319283","formEdgeID":null},{"edgeID":"1731589","fromID":"1319290","toID":"1319289","formEdgeID":null},{"edgeID":"1731590","fromID":"1319291","toID":"1319290","formEdgeID":null},{"edgeID":"1731591","fromID":"1319289","toID":"1319292","formEdgeID":null},{"edgeID":"1731592","fromID":"1319292","toID":"1319288","formEdgeID":null},{"edgeID":"1731593","fromID":"1319279","toID":"1319293","formEdgeID":null},{"edgeID":"1731594","fromID":"1319293","toID":"1319289","formEdgeID":null},{"edgeID":"1731595","fromID":"1319289","toID":"1319294","formEdgeID":null},{"edgeID":"1731596","fromID":"1319294","toID":"1319284","formEdgeID":null},{"edgeID":"1731597","fromID":"1319283","toID":"1319295","formEdgeID":null},{"edgeID":"1731598","fromID":"1319295","toID":"1319288","formEdgeID":null},{"edgeID":"1731599","fromID":"1319294","toID":"1319296","formEdgeID":null},{"edgeID":"1731600","fromID":"1319296","toID":"1319295","formEdgeID":null},{"edgeID":"1731601","fromID":"1319299","toID":"1319298","formEdgeID":null},{"edgeID":"1731602","fromID":"1319300","toID":"1319299","formEdgeID":null},{"edgeID":"1731603","fromID":"1319298","toID":"1319301","formEdgeID":null},{"edgeID":"1731604","fromID":"1319301","toID":"1319297","formEdgeID":null},{"edgeID":"1731605","fromID":"1319284","toID":"1319302","formEdgeID":null},{"edgeID":"1731606","fromID":"1319302","toID":"1319298","formEdgeID":null},{"edgeID":"1731607","fromID":"1319297","toID":"1319303","formEdgeID":null},{"edgeID":"1731608","fromID":"1319303","toID":"1319283","formEdgeID":null},{"edgeID":"1731609","fromID":"1319302","toID":"1319304","formEdgeID":null},{"edgeID":"1731610","fromID":"1319304","toID":"1319303","formEdgeID":null},{"edgeID":"1731611","fromID":"1319307","toID":"1319306","formEdgeID":null},{"edgeID":"1731612","fromID":"1319308","toID":"1319307","formEdgeID":null},{"edgeID":"1731613","fromID":"1319306","toID":"1319309","formEdgeID":null},{"edgeID":"1731614","fromID":"1319309","toID":"1319305","formEdgeID":null},{"edgeID":"1731615","fromID":"1319311","toID":"1319310","formEdgeID":null},{"edgeID":"1731616","fromID":"1319312","toID":"1319311","formEdgeID":null},{"edgeID":"1731617","fromID":"1319298","toID":"1319313","formEdgeID":null},{"edgeID":"1731618","fromID":"1319313","toID":"1319310","formEdgeID":null},{"edgeID":"1731619","fromID":"1319310","toID":"1319314","formEdgeID":null},{"edgeID":"1731620","fromID":"1319314","toID":"1319306","formEdgeID":null},{"edgeID":"1731621","fromID":"1319317","toID":"1319316","formEdgeID":null},{"edgeID":"1731622","fromID":"1319318","toID":"1319317","formEdgeID":null},{"edgeID":"1731623","fromID":"1319316","toID":"1319319","formEdgeID":null},{"edgeID":"1731624","fromID":"1319319","toID":"1319315","formEdgeID":null},{"edgeID":"1731625","fromID":"1319310","toID":"1319320","formEdgeID":null},{"edgeID":"1731626","fromID":"1319320","toID":"1319316","formEdgeID":null},{"edgeID":"1731627","fromID":"1319305","toID":"1319321","formEdgeID":null},{"edgeID":"1731628","fromID":"1319321","toID":"1319315","formEdgeID":null},{"edgeID":"1731629","fromID":"1319324","toID":"1319323","formEdgeID":null},{"edgeID":"1731630","fromID":"1319325","toID":"1319324","formEdgeID":null},{"edgeID":"1731631","fromID":"1319323","toID":"1319326","formEdgeID":null},{"edgeID":"1731632","fromID":"1319326","toID":"1319322","formEdgeID":null},{"edgeID":"1731633","fromID":"1319322","toID":"1319327","formEdgeID":null},{"edgeID":"1731634","fromID":"1319327","toID":"1319305","formEdgeID":null},{"edgeID":"1731635","fromID":"1319310","toID":"1319328","formEdgeID":null},{"edgeID":"1731636","fromID":"1319328","toID":"1319323","formEdgeID":null},{"edgeID":"1731637","fromID":"1319328","toID":"1319329","formEdgeID":null},{"edgeID":"1731638","fromID":"1319329","toID":"1319327","formEdgeID":null},{"edgeID":"1731639","fromID":"1319332","toID":"1319331","formEdgeID":null},{"edgeID":"1731640","fromID":"1319333","toID":"1319332","formEdgeID":null},{"edgeID":"1731641","fromID":"1319331","toID":"1319334","formEdgeID":null},{"edgeID":"1731642","fromID":"1319334","toID":"1319330","formEdgeID":null},{"edgeID":"1731643","fromID":"1319323","toID":"1319335","formEdgeID":null},{"edgeID":"1731644","fromID":"1319335","toID":"1319331","formEdgeID":null},{"edgeID":"1731645","fromID":"1319330","toID":"1319336","formEdgeID":null},{"edgeID":"1731646","fromID":"1319336","toID":"1319322","formEdgeID":null},{"edgeID":"1731647","fromID":"1319335","toID":"1319337","formEdgeID":null},{"edgeID":"1731648","fromID":"1319337","toID":"1319336","formEdgeID":null},{"edgeID":"1731649","fromID":"1319340","toID":"1319339","formEdgeID":null},{"edgeID":"1731650","fromID":"1319341","toID":"1319340","formEdgeID":null},{"edgeID":"1731651","fromID":"1319339","toID":"1319342","formEdgeID":null},{"edgeID":"1731652","fromID":"1319342","toID":"1319338","formEdgeID":null},{"edgeID":"1731653","fromID":"1319331","toID":"1319343","formEdgeID":null},{"edgeID":"1731654","fromID":"1319343","toID":"1319339","formEdgeID":null},{"edgeID":"1731655","fromID":"1319338","toID":"1319344","formEdgeID":null},{"edgeID":"1731656","fromID":"1319344","toID":"1319330","formEdgeID":null},{"edgeID":"1731657","fromID":"1319343","toID":"1319345","formEdgeID":null},{"edgeID":"1731658","fromID":"1319345","toID":"1319344","formEdgeID":null},{"edgeID":"1731659","fromID":"1319348","toID":"1319347","formEdgeID":null},{"edgeID":"1731660","fromID":"1319349","toID":"1319348","formEdgeID":null},{"edgeID":"1731661","fromID":"1319347","toID":"1319350","formEdgeID":null},{"edgeID":"1731662","fromID":"1319350","toID":"1319346","formEdgeID":null},{"edgeID":"1731663","fromID":"1319339","toID":"1319351","formEdgeID":null},{"edgeID":"1731664","fromID":"1319351","toID":"1319347","formEdgeID":null},{"edgeID":"1731665","fromID":"1319354","toID":"1319353","formEdgeID":null},{"edgeID":"1731666","fromID":"1319355","toID":"1319354","formEdgeID":null},{"edgeID":"1731667","fromID":"1319347","toID":"1319356","formEdgeID":null},{"edgeID":"1731668","fromID":"1319356","toID":"1319353","formEdgeID":null},{"edgeID":"1731669","fromID":"1319358","toID":"1319357","formEdgeID":null},{"edgeID":"1731670","fromID":"1319359","toID":"1319358","formEdgeID":null},{"edgeID":"1731671","fromID":"1319357","toID":"1319360","formEdgeID":null},{"edgeID":"1731672","fromID":"1319360","toID":"1319352","formEdgeID":null},{"edgeID":"1731673","fromID":"1319353","toID":"1319361","formEdgeID":null},{"edgeID":"1731674","fromID":"1319361","toID":"1319357","formEdgeID":null},{"edgeID":"1731675","fromID":"1319364","toID":"1319363","formEdgeID":null},{"edgeID":"1731676","fromID":"1319365","toID":"1319364","formEdgeID":null},{"edgeID":"1731677","fromID":"1319363","toID":"1319366","formEdgeID":null},{"edgeID":"1731678","fromID":"1319366","toID":"1319362","formEdgeID":null},{"edgeID":"1731679","fromID":"1319353","toID":"1319367","formEdgeID":null},{"edgeID":"1731680","fromID":"1319367","toID":"1319363","formEdgeID":null},{"edgeID":"1731681","fromID":"1319362","toID":"1319368","formEdgeID":null},{"edgeID":"1731682","fromID":"1319368","toID":"1319352","formEdgeID":null},{"edgeID":"1731683","fromID":"1319367","toID":"1319369","formEdgeID":null},{"edgeID":"1731684","fromID":"1319369","toID":"1319368","formEdgeID":null},{"edgeID":"1731685","fromID":"1319220","toID":"1319370","formEdgeID":null},{"edgeID":"1731686","fromID":"1319370","toID":"1319212","formEdgeID":null},{"edgeID":"1731687","fromID":"1319225","toID":"1319371","formEdgeID":null},{"edgeID":"1731688","fromID":"1319371","toID":"1319370","formEdgeID":null},{"edgeID":"1731689","fromID":"1319260","toID":"1319372","formEdgeID":null},{"edgeID":"1731690","fromID":"1319372","toID":"1319246","formEdgeID":null},{"edgeID":"1731691","fromID":"1319247","toID":"1319373","formEdgeID":null},{"edgeID":"1731692","fromID":"1319373","toID":"1319261","formEdgeID":null},{"edgeID":"1731693","fromID":"1319373","toID":"1319374","formEdgeID":null},{"edgeID":"1731694","fromID":"1319374","toID":"1319372","formEdgeID":null},{"edgeID":"1731695","fromID":"1319282","toID":"1319375","formEdgeID":null},{"edgeID":"1731696","fromID":"1319375","toID":"1319266","formEdgeID":null},{"edgeID":"1731697","fromID":"1319346","toID":"1319376","formEdgeID":null},{"edgeID":"1731698","fromID":"1319376","toID":"1319338","formEdgeID":null},{"edgeID":"1731699","fromID":"1319351","toID":"1319377","formEdgeID":null},{"edgeID":"1731700","fromID":"1319377","toID":"1319376","formEdgeID":null}],"locutions":[]}