{"nodes":[{"nodeID":"1338687","text":"the way that AudienceMember 20220609QT287 worded the question was really helpful","type":"I","timestamp":"2023-11-09 13:51:09"},{"nodeID":"1338688","text":"Peter Kyle: the way you worded the question was really helpful","type":"L","timestamp":"2023-11-09 13:51:09"},{"nodeID":"1338689","text":"Analysing","type":"YA","timestamp":"2023-11-09 13:51:09"},{"nodeID":"1338690","text":"Joanna: Peter Kyle: the way you worded the question was really helpful","type":"L","timestamp":"2023-11-09 13:51:09"},{"nodeID":"1338691","text":"Asserting","type":"YA","timestamp":"2023-11-09 13:51:09"},{"nodeID":"1338692","text":"you do or don't agree with AudienceMember 20220609QT287's question that one need ti consider what the future might look like after Brexit to decide whether they are for or against it","type":"I","timestamp":"2023-11-09 13:51:09"},{"nodeID":"1338693","text":"Fiona Bruce: do you agree with it or not","type":"L","timestamp":"2023-11-09 13:51:09"},{"nodeID":"1338694","text":"Analysing","type":"YA","timestamp":"2023-11-09 13:51:09"},{"nodeID":"1338695","text":"Joanna: Fiona Bruce: do you agree with it or not","type":"L","timestamp":"2023-11-09 13:51:09"},{"nodeID":"1338696","text":"Pure Questioning","type":"YA","timestamp":"2023-11-09 13:51:09"},{"nodeID":"1338697","text":"Default Transition","type":"TA","timestamp":"2023-11-09 13:51:09"},{"nodeID":"1338698","text":"the question is now the time for us to consider what a future united Ireland should look like","type":"I","timestamp":"2023-11-09 13:51:10"},{"nodeID":"1338699","text":"Fiona Bruce: The question is now the time for us to consider what a future united Ireland should look like","type":"L","timestamp":"2023-11-09 13:51:10"},{"nodeID":"1338700","text":"Analysing","type":"YA","timestamp":"2023-11-09 13:51:10"},{"nodeID":"1338701","text":"Joanna: Fiona Bruce: The question is now the time for us to consider what a future united Ireland should look like","type":"L","timestamp":"2023-11-09 13:51:10"},{"nodeID":"1338702","text":"Pure Questioning","type":"YA","timestamp":"2023-11-09 13:51:10"},{"nodeID":"1338703","text":"every day is the day that people consider what a future of the united Ireland should look like","type":"I","timestamp":"2023-11-09 13:51:10"},{"nodeID":"1338704","text":"Peter Kyle: Every day is the day that people consider these things","type":"L","timestamp":"2023-11-09 13:51:10"},{"nodeID":"1338705","text":"Analysing","type":"YA","timestamp":"2023-11-09 13:51:10"},{"nodeID":"1338706","text":"Joanna: Peter Kyle: Every day is the day that people consider these things","type":"L","timestamp":"2023-11-09 13:51:10"},{"nodeID":"1338707","text":"Asserting","type":"YA","timestamp":"2023-11-09 13:51:10"},{"nodeID":"1338708","text":"Default Transition","type":"TA","timestamp":"2023-11-09 13:51:10"},{"nodeID":"1338709","text":"Default Rephrase","type":"MA","timestamp":"2023-11-09 13:51:10"},{"nodeID":"1338710","text":"Restating","type":"YA","timestamp":"2023-11-09 13:51:10"},{"nodeID":"1338711","text":"the great things about the Good Friday Agreement is that it legislates to give you the specific right to consider what a future of the united Ireland should look like","type":"I","timestamp":"2023-11-09 13:51:11"},{"nodeID":"1338712","text":"Peter Kyle: The great things about the Good Friday Agreement is that it legislates to give you the specific right to consider these things","type":"L","timestamp":"2023-11-09 13:51:11"},{"nodeID":"1338713","text":"Analysing","type":"YA","timestamp":"2023-11-09 13:51:11"},{"nodeID":"1338714","text":"Joanna: Peter Kyle: The great things about the Good Friday Agreement is that it legislates to give you the specific right to consider these things","type":"L","timestamp":"2023-11-09 13:51:11"},{"nodeID":"1338715","text":"Asserting","type":"YA","timestamp":"2023-11-09 13:51:11"},{"nodeID":"1338716","text":"Default Transition","type":"TA","timestamp":"2023-11-09 13:51:11"},{"nodeID":"1338717","text":"the union is a force for good within all parts of the United Kingdom","type":"I","timestamp":"2023-11-09 13:51:12"},{"nodeID":"1338718","text":"Peter Kyle:  the union is a force for good within all parts of the United Kingdom","type":"L","timestamp":"2023-11-09 13:51:12"},{"nodeID":"1338719","text":"Analysing","type":"YA","timestamp":"2023-11-09 13:51:12"},{"nodeID":"1338720","text":"Joanna: Peter Kyle:  the union is a force for good within all parts of the United Kingdom","type":"L","timestamp":"2023-11-09 13:51:12"},{"nodeID":"1338721","text":"Asserting","type":"YA","timestamp":"2023-11-09 13:51:12"},{"nodeID":"1338722","text":"Default Transition","type":"TA","timestamp":"2023-11-09 13:51:12"},{"nodeID":"1338723","text":"the union together is a force for good around the world","type":"I","timestamp":"2023-11-09 13:51:12"},{"nodeID":"1338724","text":"Peter Kyle: together a force for good around the world","type":"L","timestamp":"2023-11-09 13:51:12"},{"nodeID":"1338725","text":"Analysing","type":"YA","timestamp":"2023-11-09 13:51:12"},{"nodeID":"1338726","text":"Joanna: Peter Kyle: together a force for good around the world","type":"L","timestamp":"2023-11-09 13:51:12"},{"nodeID":"1338727","text":"Asserting","type":"YA","timestamp":"2023-11-09 13:51:12"},{"nodeID":"1338728","text":"Default Transition","type":"TA","timestamp":"2023-11-09 13:51:12"},{"nodeID":"1338729","text":"Default Rephrase","type":"MA","timestamp":"2023-11-09 13:51:12"},{"nodeID":"1338730","text":"Restating","type":"YA","timestamp":"2023-11-09 13:51:12"},{"nodeID":"1338731","text":"unions, whether it is ours, the European Union, or the United States of America, only works really when the centre really works and delivers for all parts of any union","type":"I","timestamp":"2023-11-09 13:51:13"},{"nodeID":"1338732","text":"Peter Kyle: Unions, whether it is ours, the European Union, or the United States of America, only works really when the centre really works and delivers for all parts of any union","type":"L","timestamp":"2023-11-09 13:51:13"},{"nodeID":"1338733","text":"Analysing","type":"YA","timestamp":"2023-11-09 13:51:13"},{"nodeID":"1338734","text":"Joanna: Peter Kyle: Unions, whether it is ours, the European Union, or the United States of America, only works really when the centre really works and delivers for all parts of any union","type":"L","timestamp":"2023-11-09 13:51:13"},{"nodeID":"1338735","text":"Asserting","type":"YA","timestamp":"2023-11-09 13:51:13"},{"nodeID":"1338736","text":"Default Transition","type":"TA","timestamp":"2023-11-09 13:51:13"},{"nodeID":"1338737","text":"Peter Kyle: I agree","type":"L","timestamp":"2023-11-09 13:51:13"},{"nodeID":"1338738","text":"Analysing","type":"YA","timestamp":"2023-11-09 13:51:13"},{"nodeID":"1338739","text":"Joanna: Peter Kyle: I agree","type":"L","timestamp":"2023-11-09 13:51:13"},{"nodeID":"1338740","text":"Default Transition","type":"TA","timestamp":"2023-11-09 13:51:13"},{"nodeID":"1338741","text":"Agreeing","type":"YA","timestamp":"2023-11-09 13:51:13"},{"nodeID":"1338742","text":"everybody should have the right and should be considering the position of every aspects of life in the community you live in","type":"I","timestamp":"2023-11-09 13:51:13"},{"nodeID":"1338743","text":"Peter Kyle: everybody should have the right and should be considering the position of every aspects of life in the community you live in","type":"L","timestamp":"2023-11-09 13:51:13"},{"nodeID":"1338744","text":"Analysing","type":"YA","timestamp":"2023-11-09 13:51:13"},{"nodeID":"1338745","text":"Joanna: Peter Kyle: everybody should have the right and should be considering the position of every aspects of life in the community you live in","type":"L","timestamp":"2023-11-09 13:51:13"},{"nodeID":"1338746","text":"Asserting","type":"YA","timestamp":"2023-11-09 13:51:13"},{"nodeID":"1338747","text":"Default Transition","type":"TA","timestamp":"2023-11-09 13:51:13"},{"nodeID":"1338748","text":"Default Transition","type":"TA","timestamp":"2023-11-09 13:51:13"},{"nodeID":"1338749","text":"Default Inference","type":"RA","timestamp":"2023-11-09 13:51:13"},{"nodeID":"1338750","text":"Default Inference","type":"RA","timestamp":"2023-11-09 13:51:13"},{"nodeID":"1338751","text":"Default Transition","type":"TA","timestamp":"2023-11-09 13:51:13"},{"nodeID":"1338752","text":"Arguing","type":"YA","timestamp":"2023-11-09 13:51:13"}],"edges":[{"edgeID":"1754805","fromID":"1338689","toID":"1338688","formEdgeID":null},{"edgeID":"1754806","fromID":"1338690","toID":"1338689","formEdgeID":null},{"edgeID":"1754807","fromID":"1338688","toID":"1338691","formEdgeID":null},{"edgeID":"1754808","fromID":"1338691","toID":"1338687","formEdgeID":null},{"edgeID":"1754809","fromID":"1338694","toID":"1338693","formEdgeID":null},{"edgeID":"1754810","fromID":"1338695","toID":"1338694","formEdgeID":null},{"edgeID":"1754811","fromID":"1338693","toID":"1338696","formEdgeID":null},{"edgeID":"1754812","fromID":"1338696","toID":"1338692","formEdgeID":null},{"edgeID":"1754813","fromID":"1338688","toID":"1338697","formEdgeID":null},{"edgeID":"1754814","fromID":"1338697","toID":"1338693","formEdgeID":null},{"edgeID":"1754815","fromID":"1338700","toID":"1338699","formEdgeID":null},{"edgeID":"1754816","fromID":"1338701","toID":"1338700","formEdgeID":null},{"edgeID":"1754817","fromID":"1338699","toID":"1338702","formEdgeID":null},{"edgeID":"1754818","fromID":"1338702","toID":"1338698","formEdgeID":null},{"edgeID":"1754819","fromID":"1338705","toID":"1338704","formEdgeID":null},{"edgeID":"1754820","fromID":"1338706","toID":"1338705","formEdgeID":null},{"edgeID":"1754821","fromID":"1338704","toID":"1338707","formEdgeID":null},{"edgeID":"1754822","fromID":"1338707","toID":"1338703","formEdgeID":null},{"edgeID":"1754823","fromID":"1338699","toID":"1338708","formEdgeID":null},{"edgeID":"1754824","fromID":"1338708","toID":"1338704","formEdgeID":null},{"edgeID":"1754825","fromID":"1338703","toID":"1338709","formEdgeID":null},{"edgeID":"1754826","fromID":"1338709","toID":"1338698","formEdgeID":null},{"edgeID":"1754827","fromID":"1338708","toID":"1338710","formEdgeID":null},{"edgeID":"1754828","fromID":"1338710","toID":"1338709","formEdgeID":null},{"edgeID":"1754829","fromID":"1338713","toID":"1338712","formEdgeID":null},{"edgeID":"1754830","fromID":"1338714","toID":"1338713","formEdgeID":null},{"edgeID":"1754831","fromID":"1338712","toID":"1338715","formEdgeID":null},{"edgeID":"1754832","fromID":"1338715","toID":"1338711","formEdgeID":null},{"edgeID":"1754833","fromID":"1338704","toID":"1338716","formEdgeID":null},{"edgeID":"1754834","fromID":"1338716","toID":"1338712","formEdgeID":null},{"edgeID":"1754835","fromID":"1338719","toID":"1338718","formEdgeID":null},{"edgeID":"1754836","fromID":"1338720","toID":"1338719","formEdgeID":null},{"edgeID":"1754837","fromID":"1338718","toID":"1338721","formEdgeID":null},{"edgeID":"1754838","fromID":"1338721","toID":"1338717","formEdgeID":null},{"edgeID":"1754839","fromID":"1338712","toID":"1338722","formEdgeID":null},{"edgeID":"1754840","fromID":"1338722","toID":"1338718","formEdgeID":null},{"edgeID":"1754841","fromID":"1338725","toID":"1338724","formEdgeID":null},{"edgeID":"1754842","fromID":"1338726","toID":"1338725","formEdgeID":null},{"edgeID":"1754843","fromID":"1338724","toID":"1338727","formEdgeID":null},{"edgeID":"1754844","fromID":"1338727","toID":"1338723","formEdgeID":null},{"edgeID":"1754845","fromID":"1338718","toID":"1338728","formEdgeID":null},{"edgeID":"1754846","fromID":"1338728","toID":"1338724","formEdgeID":null},{"edgeID":"1754847","fromID":"1338723","toID":"1338729","formEdgeID":null},{"edgeID":"1754848","fromID":"1338729","toID":"1338717","formEdgeID":null},{"edgeID":"1754849","fromID":"1338728","toID":"1338730","formEdgeID":null},{"edgeID":"1754850","fromID":"1338730","toID":"1338729","formEdgeID":null},{"edgeID":"1754851","fromID":"1338733","toID":"1338732","formEdgeID":null},{"edgeID":"1754852","fromID":"1338734","toID":"1338733","formEdgeID":null},{"edgeID":"1754853","fromID":"1338732","toID":"1338735","formEdgeID":null},{"edgeID":"1754854","fromID":"1338735","toID":"1338731","formEdgeID":null},{"edgeID":"1754855","fromID":"1338724","toID":"1338736","formEdgeID":null},{"edgeID":"1754856","fromID":"1338736","toID":"1338732","formEdgeID":null},{"edgeID":"1754857","fromID":"1338738","toID":"1338737","formEdgeID":null},{"edgeID":"1754858","fromID":"1338739","toID":"1338738","formEdgeID":null},{"edgeID":"1754859","fromID":"1338693","toID":"1338740","formEdgeID":null},{"edgeID":"1754860","fromID":"1338740","toID":"1338737","formEdgeID":null},{"edgeID":"1754861","fromID":"1338737","toID":"1338741","formEdgeID":null},{"edgeID":"1754862","fromID":"1338741","toID":"1338692","formEdgeID":null},{"edgeID":"1754863","fromID":"1338744","toID":"1338743","formEdgeID":null},{"edgeID":"1754864","fromID":"1338745","toID":"1338744","formEdgeID":null},{"edgeID":"1754865","fromID":"1338743","toID":"1338746","formEdgeID":null},{"edgeID":"1754866","fromID":"1338746","toID":"1338742","formEdgeID":null},{"edgeID":"1754867","fromID":"1338737","toID":"1338747","formEdgeID":null},{"edgeID":"1754868","fromID":"1338747","toID":"1338743","formEdgeID":null},{"edgeID":"1754869","fromID":"1338743","toID":"1338748","formEdgeID":null},{"edgeID":"1754870","fromID":"1338748","toID":"1338699","formEdgeID":null},{"edgeID":"1754871","fromID":"1338742","toID":"1338749","formEdgeID":null},{"edgeID":"1754872","fromID":"1338749","toID":"1338692","formEdgeID":null},{"edgeID":"1754873","fromID":"1338742","toID":"1338750","formEdgeID":null},{"edgeID":"1754874","fromID":"1338750","toID":"1338711","formEdgeID":null},{"edgeID":"1754875","fromID":"1338743","toID":"1338751","formEdgeID":null},{"edgeID":"1754876","fromID":"1338751","toID":"1338712","formEdgeID":null},{"edgeID":"1754877","fromID":"1338751","toID":"1338752","formEdgeID":null},{"edgeID":"1754878","fromID":"1338752","toID":"1338750","formEdgeID":null}],"locutions":[]}