{"nodes":[{"nodeID":"1147859","text":"Robert Buckland would say publicly if the government should resign","type":"I","timestamp":"2023-04-20 10:28:35"},{"nodeID":"1147861","text":"Boris Johnson gave a direct answer to the people of Northern Ireland","type":"I","timestamp":"2023-04-20 10:28:37"},{"nodeID":"1147863","text":"Robert Buckland asks someone he's working with a direct question","type":"I","timestamp":"2023-04-20 10:28:38"},{"nodeID":"1147865","text":"Robert Buckland got an honest answer from Boris Johnson on Wednesday","type":"I","timestamp":"2023-04-20 10:28:40"},{"nodeID":"1151707","text":"Robert Buckland does not do skulduggery and plotting","type":"I","timestamp":"2023-04-21 13:19:25"},{"nodeID":"1151713","text":"Robert Buckland has come to Belfast, the place that Boris Johnson came and said \"over my dead body would there be a border down the Irish Sea\" and legislated for it, and you said you believed every word he said","type":"I","timestamp":"2023-04-21 13:19:27"},{"nodeID":"1151725","text":"Robert Buckland worked in government with Boris Johnson for the thick end of two and a half years","type":"I","timestamp":"2023-04-21 13:19:33"},{"nodeID":"1151730","text":"there are a lot of things that Robert Buckland and Boris Johnson did together which worked very, very well indeed","type":"I","timestamp":"2023-04-21 13:19:35"},{"nodeID":"1151735","text":"Robert Buckland is not going to list the things that worked well now","type":"I","timestamp":"2023-04-21 13:19:38"},{"nodeID":"1151744","text":"the things that worked well when working with Boris Johnson are there for people to judge","type":"I","timestamp":"2023-04-21 13:19:41"},{"nodeID":"1151756","text":"Robert Buckland expects an honest and direct answer","type":"I","timestamp":"2023-04-21 13:19:46"},{"nodeID":"1151768","text":"the Privileges Committee will look at that direct issue","type":"I","timestamp":"2023-04-21 13:19:52"},{"nodeID":"1151774","text":"the electorate will also look at that direct issue","type":"I","timestamp":"2023-04-21 13:19:55"},{"nodeID":"1151787","text":"the reality is depressing, nobody is really surprised","type":"I","timestamp":"2023-04-21 13:19:59"},{"nodeID":"1151792","text":"Boris Johnson is a man who makes and makes agreements","type":"I","timestamp":"2023-04-21 13:20:03"},{"nodeID":"1151800","text":"Boris Johnson acts in a partisan and unilateral fashion","type":"I","timestamp":"2023-04-21 13:20:08"},{"nodeID":"1151808","text":"the only positive thing that John Finucane can think to say is that Boris Johnson doesn't have a mandate here","type":"I","timestamp":"2023-04-21 13:20:12"},{"nodeID":"1151815","text":"Boris Johnson has no representatives in Northern Ireland","type":"I","timestamp":"2023-04-21 13:20:15"},{"nodeID":"1151822","text":"Boris Johnson is certainly not popular and it was disgraceful behaviour","type":"I","timestamp":"2023-04-21 13:20:19"},{"nodeID":"1151828","text":"Boris Johnson has shattered and lost any ounce of trust that he has from the public, certainly of people here","type":"I","timestamp":"2023-04-21 13:20:22"},{"nodeID":"1151840","text":"Boris Johnson is a man who is devoid of trust, no matter what side of the political spectrum you come from","type":"I","timestamp":"2023-04-21 13:20:24"},{"nodeID":"1319473","text":"Robert Buckland: I would say publicly if they should resign","type":"L","timestamp":"2023-11-09 13:22:51"},{"nodeID":"1319474","text":"Analysing","type":"YA","timestamp":"2023-11-09 13:22:51"},{"nodeID":"1319475","text":"Nette: Robert Buckland: I would say publicly if they should resign","type":"L","timestamp":"2023-11-09 13:22:51"},{"nodeID":"1319476","text":"Asserting","type":"YA","timestamp":"2023-11-09 13:22:51"},{"nodeID":"1319477","text":"Robert Buckland: I don't do skulduggery and plotting","type":"L","timestamp":"2023-11-09 13:22:51"},{"nodeID":"1319478","text":"Analysing","type":"YA","timestamp":"2023-11-09 13:22:51"},{"nodeID":"1319479","text":"Nette: Robert Buckland: I don't do skulduggery and plotting","type":"L","timestamp":"2023-11-09 13:22:51"},{"nodeID":"1319480","text":"Asserting","type":"YA","timestamp":"2023-11-09 13:22:51"},{"nodeID":"1319481","text":"Default Transition","type":"TA","timestamp":"2023-11-09 13:22:51"},{"nodeID":"1319482","text":"Peter Kyle: You've come to Belfast, the place that Boris Johnson came and said \"over my dead body would there be a border down the Irish Sea\" and legislated for it, and you said you believed every word he said","type":"L","timestamp":"2023-11-09 13:22:52"},{"nodeID":"1319483","text":"Analysing","type":"YA","timestamp":"2023-11-09 13:22:52"},{"nodeID":"1319484","text":"Nette: Peter Kyle: You've come to Belfast, the place that Boris Johnson came and said \"over my dead body would there be a border down the Irish Sea\" and legislated for it, and you said you believed every word he said","type":"L","timestamp":"2023-11-09 13:22:52"},{"nodeID":"1319485","text":"Asserting","type":"YA","timestamp":"2023-11-09 13:22:52"},{"nodeID":"1319486","text":"Default Transition","type":"TA","timestamp":"2023-11-09 13:22:52"},{"nodeID":"1319487","text":"Peter Kyle: He gave a direct answer to the people of Northern Ireland","type":"L","timestamp":"2023-11-09 13:22:53"},{"nodeID":"1319488","text":"Analysing","type":"YA","timestamp":"2023-11-09 13:22:53"},{"nodeID":"1319489","text":"Nette: Peter Kyle: He gave a direct answer to the people of Northern Ireland","type":"L","timestamp":"2023-11-09 13:22:53"},{"nodeID":"1319490","text":"Asserting","type":"YA","timestamp":"2023-11-09 13:22:53"},{"nodeID":"1319491","text":"Default Transition","type":"TA","timestamp":"2023-11-09 13:22:53"},{"nodeID":"1319492","text":"Default Rephrase","type":"MA","timestamp":"2023-11-09 13:22:53"},{"nodeID":"1319493","text":"Restating","type":"YA","timestamp":"2023-11-09 13:22:53"},{"nodeID":"1319494","text":"Robert Buckland: I worked in government with him for the thick end of two and a half years","type":"L","timestamp":"2023-11-09 13:22:53"},{"nodeID":"1319495","text":"Analysing","type":"YA","timestamp":"2023-11-09 13:22:53"},{"nodeID":"1319496","text":"Nette: Robert Buckland: I worked in government with him for the thick end of two and a half years","type":"L","timestamp":"2023-11-09 13:22:53"},{"nodeID":"1319497","text":"Asserting","type":"YA","timestamp":"2023-11-09 13:22:53"},{"nodeID":"1319498","text":"Robert Buckland: There are a lot of things that we did together which worked very, very well indeed","type":"L","timestamp":"2023-11-09 13:22:54"},{"nodeID":"1319499","text":"Analysing","type":"YA","timestamp":"2023-11-09 13:22:54"},{"nodeID":"1319500","text":"Nette: Robert Buckland: There are a lot of things that we did together which worked very, very well indeed","type":"L","timestamp":"2023-11-09 13:22:54"},{"nodeID":"1319501","text":"Asserting","type":"YA","timestamp":"2023-11-09 13:22:54"},{"nodeID":"1319502","text":"Robert Buckland: I'm not going to list them now","type":"L","timestamp":"2023-11-09 13:22:54"},{"nodeID":"1319503","text":"Analysing","type":"YA","timestamp":"2023-11-09 13:22:54"},{"nodeID":"1319504","text":"Nette: Robert Buckland: I'm not going to list them now","type":"L","timestamp":"2023-11-09 13:22:54"},{"nodeID":"1319505","text":"Asserting","type":"YA","timestamp":"2023-11-09 13:22:54"},{"nodeID":"1319506","text":"Default Transition","type":"TA","timestamp":"2023-11-09 13:22:54"},{"nodeID":"1319507","text":"Default Transition","type":"TA","timestamp":"2023-11-09 13:22:54"},{"nodeID":"1319508","text":"Default Conflict","type":"CA","timestamp":"2023-11-09 13:22:54"},{"nodeID":"1319509","text":"Disagreeing","type":"YA","timestamp":"2023-11-09 13:22:54"},{"nodeID":"1319510","text":"Robert Buckland: They are there for people to judge","type":"L","timestamp":"2023-11-09 13:22:55"},{"nodeID":"1319511","text":"Analysing","type":"YA","timestamp":"2023-11-09 13:22:55"},{"nodeID":"1319512","text":"Nette: Robert Buckland: They are there for people to judge","type":"L","timestamp":"2023-11-09 13:22:55"},{"nodeID":"1319513","text":"Asserting","type":"YA","timestamp":"2023-11-09 13:22:55"},{"nodeID":"1319514","text":"Default Transition","type":"TA","timestamp":"2023-11-09 13:22:55"},{"nodeID":"1319515","text":"Default Inference","type":"RA","timestamp":"2023-11-09 13:22:55"},{"nodeID":"1319516","text":"Arguing","type":"YA","timestamp":"2023-11-09 13:22:55"},{"nodeID":"1319517","text":"Robert Buckland: I asked them a direct question","type":"L","timestamp":"2023-11-09 13:22:56"},{"nodeID":"1319518","text":"Analysing","type":"YA","timestamp":"2023-11-09 13:22:56"},{"nodeID":"1319519","text":"Nette: Robert Buckland: I asked them a direct question","type":"L","timestamp":"2023-11-09 13:22:56"},{"nodeID":"1319520","text":"Asserting","type":"YA","timestamp":"2023-11-09 13:22:56"},{"nodeID":"1319521","text":"Default Transition","type":"TA","timestamp":"2023-11-09 13:22:56"},{"nodeID":"1319522","text":"Robert Buckland: I expect an honest and direct answer","type":"L","timestamp":"2023-11-09 13:22:56"},{"nodeID":"1319523","text":"Analysing","type":"YA","timestamp":"2023-11-09 13:22:56"},{"nodeID":"1319524","text":"Nette: Robert Buckland: I expect an honest and direct answer","type":"L","timestamp":"2023-11-09 13:22:56"},{"nodeID":"1319525","text":"Asserting","type":"YA","timestamp":"2023-11-09 13:22:56"},{"nodeID":"1319526","text":"Default Transition","type":"TA","timestamp":"2023-11-09 13:22:56"},{"nodeID":"1319527","text":"Default Inference","type":"RA","timestamp":"2023-11-09 13:22:56"},{"nodeID":"1319528","text":"Arguing","type":"YA","timestamp":"2023-11-09 13:22:56"},{"nodeID":"1319529","text":"Robert Buckland: I had that on Wednesday","type":"L","timestamp":"2023-11-09 13:22:57"},{"nodeID":"1319530","text":"Analysing","type":"YA","timestamp":"2023-11-09 13:22:57"},{"nodeID":"1319531","text":"Nette: Robert Buckland: I had that on Wednesday","type":"L","timestamp":"2023-11-09 13:22:57"},{"nodeID":"1319532","text":"Asserting","type":"YA","timestamp":"2023-11-09 13:22:57"},{"nodeID":"1319533","text":"Default Transition","type":"TA","timestamp":"2023-11-09 13:22:57"},{"nodeID":"1319534","text":"Robert Buckland: And the Privileges Committee will look at that direct issue","type":"L","timestamp":"2023-11-09 13:22:57"},{"nodeID":"1319535","text":"Analysing","type":"YA","timestamp":"2023-11-09 13:22:57"},{"nodeID":"1319536","text":"Nette: Robert Buckland: And the Privileges Committee will look at that direct issue","type":"L","timestamp":"2023-11-09 13:22:57"},{"nodeID":"1319537","text":"Asserting","type":"YA","timestamp":"2023-11-09 13:22:57"},{"nodeID":"1319538","text":"Default Transition","type":"TA","timestamp":"2023-11-09 13:22:57"},{"nodeID":"1319539","text":"AudienceMember 20220609QT280: And the electorate","type":"L","timestamp":"2023-11-09 13:22:58"},{"nodeID":"1319540","text":"Analysing","type":"YA","timestamp":"2023-11-09 13:22:58"},{"nodeID":"1319541","text":"Nette: AudienceMember 20220609QT280: And the electorate","type":"L","timestamp":"2023-11-09 13:22:58"},{"nodeID":"1319542","text":"Asserting","type":"YA","timestamp":"2023-11-09 13:22:58"},{"nodeID":"1319543","text":"Default Transition","type":"TA","timestamp":"2023-11-09 13:22:58"},{"nodeID":"1319544","text":"Default Rephrase","type":"MA","timestamp":"2023-11-09 13:22:58"},{"nodeID":"1319545","text":"Restating","type":"YA","timestamp":"2023-11-09 13:22:58"},{"nodeID":"1319546","text":"Robert Buckland: Yes, and the electorate as well","type":"L","timestamp":"2023-11-09 13:22:58"},{"nodeID":"1319547","text":"Analysing","type":"YA","timestamp":"2023-11-09 13:22:58"},{"nodeID":"1319548","text":"Nette: Robert Buckland: Yes, and the electorate as well","type":"L","timestamp":"2023-11-09 13:22:58"},{"nodeID":"1319549","text":"Default Transition","type":"TA","timestamp":"2023-11-09 13:22:58"},{"nodeID":"1319550","text":"Agreeing","type":"YA","timestamp":"2023-11-09 13:22:58"},{"nodeID":"1319551","text":"John Finucane: the reality as well is depressingly, who is really surprised","type":"L","timestamp":"2023-11-09 13:22:59"},{"nodeID":"1319552","text":"Analysing","type":"YA","timestamp":"2023-11-09 13:22:59"},{"nodeID":"1319553","text":"Nette: John Finucane: the reality as well is depressingly, who is really surprised","type":"L","timestamp":"2023-11-09 13:22:59"},{"nodeID":"1319554","text":"Rhetorical Questioning","type":"YA","timestamp":"2023-11-09 13:22:59"},{"nodeID":"1319555","text":"John Finucane: This is a man who makes and makes agreements","type":"L","timestamp":"2023-11-09 13:22:59"},{"nodeID":"1319556","text":"Analysing","type":"YA","timestamp":"2023-11-09 13:22:59"},{"nodeID":"1319557","text":"Nette: John Finucane: This is a man who makes and makes agreements","type":"L","timestamp":"2023-11-09 13:22:59"},{"nodeID":"1319558","text":"Asserting","type":"YA","timestamp":"2023-11-09 13:22:59"},{"nodeID":"1319559","text":"Default Rephrase","type":"MA","timestamp":"2023-11-09 13:22:59"},{"nodeID":"1319560","text":"Default Transition","type":"TA","timestamp":"2023-11-09 13:22:59"},{"nodeID":"1319561","text":"Restating","type":"YA","timestamp":"2023-11-09 13:22:59"},{"nodeID":"1319562","text":"John Finucane: He acts in partisan and unilateral fashion","type":"L","timestamp":"2023-11-09 13:23:00"},{"nodeID":"1319563","text":"Analysing","type":"YA","timestamp":"2023-11-09 13:23:00"},{"nodeID":"1319564","text":"Nette: John Finucane: He acts in partisan and unilateral fashion","type":"L","timestamp":"2023-11-09 13:23:00"},{"nodeID":"1319565","text":"Asserting","type":"YA","timestamp":"2023-11-09 13:23:00"},{"nodeID":"1319566","text":"Default Transition","type":"TA","timestamp":"2023-11-09 13:23:00"},{"nodeID":"1319567","text":"Default Rephrase","type":"MA","timestamp":"2023-11-09 13:23:00"},{"nodeID":"1319568","text":"Restating","type":"YA","timestamp":"2023-11-09 13:23:00"},{"nodeID":"1319569","text":"John Finucane: the only positive thing that I can think to say is that he doesn't have a mandate here","type":"L","timestamp":"2023-11-09 13:23:00"},{"nodeID":"1319570","text":"Analysing","type":"YA","timestamp":"2023-11-09 13:23:00"},{"nodeID":"1319571","text":"Nette: John Finucane: the only positive thing that I can think to say is that he doesn't have a mandate here","type":"L","timestamp":"2023-11-09 13:23:00"},{"nodeID":"1319572","text":"Asserting","type":"YA","timestamp":"2023-11-09 13:23:00"},{"nodeID":"1319573","text":"Default Transition","type":"TA","timestamp":"2023-11-09 13:23:00"},{"nodeID":"1319574","text":"Default Rephrase","type":"MA","timestamp":"2023-11-09 13:23:00"},{"nodeID":"1319575","text":"John Finucane: He has no representatives here","type":"L","timestamp":"2023-11-09 13:23:01"},{"nodeID":"1319576","text":"Analysing","type":"YA","timestamp":"2023-11-09 13:23:01"},{"nodeID":"1319577","text":"Nette: John Finucane: He has no representatives here","type":"L","timestamp":"2023-11-09 13:23:01"},{"nodeID":"1319578","text":"Asserting","type":"YA","timestamp":"2023-11-09 13:23:01"},{"nodeID":"1319579","text":"Default Rephrase","type":"MA","timestamp":"2023-11-09 13:23:01"},{"nodeID":"1319580","text":"Default Transition","type":"TA","timestamp":"2023-11-09 13:23:01"},{"nodeID":"1319581","text":"John Finucane: He is certainly not popular, and, as I said, it was disgraceful behaviour","type":"L","timestamp":"2023-11-09 13:23:01"},{"nodeID":"1319582","text":"Analysing","type":"YA","timestamp":"2023-11-09 13:23:01"},{"nodeID":"1319583","text":"Nette: John Finucane: He is certainly not popular, and, as I said, it was disgraceful behaviour","type":"L","timestamp":"2023-11-09 13:23:01"},{"nodeID":"1319584","text":"Asserting","type":"YA","timestamp":"2023-11-09 13:23:01"},{"nodeID":"1319585","text":"Default Transition","type":"TA","timestamp":"2023-11-09 13:23:01"},{"nodeID":"1319586","text":"John Finucane: he has shattered and lost any ounce of trust that he has from the public, certainly of people here","type":"L","timestamp":"2023-11-09 13:23:02"},{"nodeID":"1319587","text":"Analysing","type":"YA","timestamp":"2023-11-09 13:23:02"},{"nodeID":"1319588","text":"Nette: John Finucane: he has shattered and lost any ounce of trust that he has from the public, certainly of people here","type":"L","timestamp":"2023-11-09 13:23:02"},{"nodeID":"1319589","text":"Asserting","type":"YA","timestamp":"2023-11-09 13:23:02"},{"nodeID":"1319590","text":"Default Rephrase","type":"MA","timestamp":"2023-11-09 13:23:02"},{"nodeID":"1319591","text":"Default Rephrase","type":"MA","timestamp":"2023-11-09 13:23:02"},{"nodeID":"1319592","text":"Default Transition","type":"TA","timestamp":"2023-11-09 13:23:02"},{"nodeID":"1319593","text":"Restating","type":"YA","timestamp":"2023-11-09 13:23:02"},{"nodeID":"1319594","text":"Restating","type":"YA","timestamp":"2023-11-09 13:23:02"},{"nodeID":"1319595","text":"Default Inference","type":"RA","timestamp":"2023-11-09 13:23:02"},{"nodeID":"1319596","text":"Arguing","type":"YA","timestamp":"2023-11-09 13:23:02"},{"nodeID":"1319597","text":"John Finucane: this is a man who is devoid of trust, no matter what side of the political spectrum you come from","type":"L","timestamp":"2023-11-09 13:23:03"},{"nodeID":"1319598","text":"Analysing","type":"YA","timestamp":"2023-11-09 13:23:03"},{"nodeID":"1319599","text":"Nette: John Finucane: this is a man who is devoid of trust, no matter what side of the political spectrum you come from","type":"L","timestamp":"2023-11-09 13:23:03"},{"nodeID":"1319600","text":"Asserting","type":"YA","timestamp":"2023-11-09 13:23:03"},{"nodeID":"1319601","text":"Default Conflict","type":"CA","timestamp":"2023-11-09 13:23:03"},{"nodeID":"1319602","text":"Default Transition","type":"TA","timestamp":"2023-11-09 13:23:03"},{"nodeID":"1319603","text":"Disagreeing","type":"YA","timestamp":"2023-11-09 13:23:03"},{"nodeID":"1319604","text":"Restating","type":"YA","timestamp":"2023-11-09 13:23:03"},{"nodeID":"1319605","text":"Restating","type":"YA","timestamp":"2023-11-09 13:23:03"}],"edges":[{"edgeID":"1731823","fromID":"1319474","toID":"1319473","formEdgeID":null},{"edgeID":"1731824","fromID":"1319475","toID":"1319474","formEdgeID":null},{"edgeID":"1731825","fromID":"1319473","toID":"1319476","formEdgeID":null},{"edgeID":"1731826","fromID":"1319476","toID":"1147859","formEdgeID":null},{"edgeID":"1731827","fromID":"1319478","toID":"1319477","formEdgeID":null},{"edgeID":"1731828","fromID":"1319479","toID":"1319478","formEdgeID":null},{"edgeID":"1731829","fromID":"1319477","toID":"1319480","formEdgeID":null},{"edgeID":"1731830","fromID":"1319480","toID":"1151707","formEdgeID":null},{"edgeID":"1731831","fromID":"1319473","toID":"1319481","formEdgeID":null},{"edgeID":"1731832","fromID":"1319481","toID":"1319477","formEdgeID":null},{"edgeID":"1731833","fromID":"1319483","toID":"1319482","formEdgeID":null},{"edgeID":"1731834","fromID":"1319484","toID":"1319483","formEdgeID":null},{"edgeID":"1731835","fromID":"1319482","toID":"1319485","formEdgeID":null},{"edgeID":"1731836","fromID":"1319485","toID":"1151713","formEdgeID":null},{"edgeID":"1731837","fromID":"1319477","toID":"1319486","formEdgeID":null},{"edgeID":"1731838","fromID":"1319486","toID":"1319482","formEdgeID":null},{"edgeID":"1731839","fromID":"1319488","toID":"1319487","formEdgeID":null},{"edgeID":"1731840","fromID":"1319489","toID":"1319488","formEdgeID":null},{"edgeID":"1731841","fromID":"1319487","toID":"1319490","formEdgeID":null},{"edgeID":"1731842","fromID":"1319490","toID":"1147861","formEdgeID":null},{"edgeID":"1731843","fromID":"1319482","toID":"1319491","formEdgeID":null},{"edgeID":"1731844","fromID":"1319491","toID":"1319487","formEdgeID":null},{"edgeID":"1731845","fromID":"1147861","toID":"1319492","formEdgeID":null},{"edgeID":"1731846","fromID":"1319492","toID":"1151713","formEdgeID":null},{"edgeID":"1731847","fromID":"1319491","toID":"1319493","formEdgeID":null},{"edgeID":"1731848","fromID":"1319493","toID":"1319492","formEdgeID":null},{"edgeID":"1731849","fromID":"1319495","toID":"1319494","formEdgeID":null},{"edgeID":"1731850","fromID":"1319496","toID":"1319495","formEdgeID":null},{"edgeID":"1731851","fromID":"1319494","toID":"1319497","formEdgeID":null},{"edgeID":"1731852","fromID":"1319497","toID":"1151725","formEdgeID":null},{"edgeID":"1731853","fromID":"1319499","toID":"1319498","formEdgeID":null},{"edgeID":"1731854","fromID":"1319500","toID":"1319499","formEdgeID":null},{"edgeID":"1731855","fromID":"1319498","toID":"1319501","formEdgeID":null},{"edgeID":"1731856","fromID":"1319501","toID":"1151730","formEdgeID":null},{"edgeID":"1731857","fromID":"1319503","toID":"1319502","formEdgeID":null},{"edgeID":"1731858","fromID":"1319504","toID":"1319503","formEdgeID":null},{"edgeID":"1731859","fromID":"1319502","toID":"1319505","formEdgeID":null},{"edgeID":"1731860","fromID":"1319505","toID":"1151735","formEdgeID":null},{"edgeID":"1731861","fromID":"1319487","toID":"1319506","formEdgeID":null},{"edgeID":"1731862","fromID":"1319506","toID":"1319494","formEdgeID":null},{"edgeID":"1731863","fromID":"1319498","toID":"1319507","formEdgeID":null},{"edgeID":"1731864","fromID":"1319507","toID":"1319502","formEdgeID":null},{"edgeID":"1731865","fromID":"1151735","toID":"1319508","formEdgeID":null},{"edgeID":"1731866","fromID":"1319508","toID":"1151730","formEdgeID":null},{"edgeID":"1731867","fromID":"1319507","toID":"1319509","formEdgeID":null},{"edgeID":"1731868","fromID":"1319509","toID":"1319508","formEdgeID":null},{"edgeID":"1731869","fromID":"1319511","toID":"1319510","formEdgeID":null},{"edgeID":"1731870","fromID":"1319512","toID":"1319511","formEdgeID":null},{"edgeID":"1731871","fromID":"1319510","toID":"1319513","formEdgeID":null},{"edgeID":"1731872","fromID":"1319513","toID":"1151744","formEdgeID":null},{"edgeID":"1731873","fromID":"1319502","toID":"1319514","formEdgeID":null},{"edgeID":"1731874","fromID":"1319514","toID":"1319510","formEdgeID":null},{"edgeID":"1731875","fromID":"1151744","toID":"1319515","formEdgeID":null},{"edgeID":"1731876","fromID":"1319515","toID":"1151735","formEdgeID":null},{"edgeID":"1731877","fromID":"1319514","toID":"1319516","formEdgeID":null},{"edgeID":"1731878","fromID":"1319516","toID":"1319515","formEdgeID":null},{"edgeID":"1731879","fromID":"1319518","toID":"1319517","formEdgeID":null},{"edgeID":"1731880","fromID":"1319519","toID":"1319518","formEdgeID":null},{"edgeID":"1731881","fromID":"1319517","toID":"1319520","formEdgeID":null},{"edgeID":"1731882","fromID":"1319520","toID":"1147863","formEdgeID":null},{"edgeID":"1731883","fromID":"1319510","toID":"1319521","formEdgeID":null},{"edgeID":"1731884","fromID":"1319521","toID":"1319517","formEdgeID":null},{"edgeID":"1731885","fromID":"1319523","toID":"1319522","formEdgeID":null},{"edgeID":"1731886","fromID":"1319524","toID":"1319523","formEdgeID":null},{"edgeID":"1731887","fromID":"1319522","toID":"1319525","formEdgeID":null},{"edgeID":"1731888","fromID":"1319525","toID":"1151756","formEdgeID":null},{"edgeID":"1731889","fromID":"1319517","toID":"1319526","formEdgeID":null},{"edgeID":"1731890","fromID":"1319526","toID":"1319522","formEdgeID":null},{"edgeID":"1731891","fromID":"1147863","toID":"1319527","formEdgeID":null},{"edgeID":"1731892","fromID":"1319527","toID":"1151756","formEdgeID":null},{"edgeID":"1731893","fromID":"1319526","toID":"1319528","formEdgeID":null},{"edgeID":"1731894","fromID":"1319528","toID":"1319527","formEdgeID":null},{"edgeID":"1731895","fromID":"1319530","toID":"1319529","formEdgeID":null},{"edgeID":"1731896","fromID":"1319531","toID":"1319530","formEdgeID":null},{"edgeID":"1731897","fromID":"1319529","toID":"1319532","formEdgeID":null},{"edgeID":"1731898","fromID":"1319532","toID":"1147865","formEdgeID":null},{"edgeID":"1731899","fromID":"1319522","toID":"1319533","formEdgeID":null},{"edgeID":"1731900","fromID":"1319533","toID":"1319529","formEdgeID":null},{"edgeID":"1731901","fromID":"1319535","toID":"1319534","formEdgeID":null},{"edgeID":"1731902","fromID":"1319536","toID":"1319535","formEdgeID":null},{"edgeID":"1731903","fromID":"1319534","toID":"1319537","formEdgeID":null},{"edgeID":"1731904","fromID":"1319537","toID":"1151768","formEdgeID":null},{"edgeID":"1731905","fromID":"1319529","toID":"1319538","formEdgeID":null},{"edgeID":"1731906","fromID":"1319538","toID":"1319534","formEdgeID":null},{"edgeID":"1731907","fromID":"1319540","toID":"1319539","formEdgeID":null},{"edgeID":"1731908","fromID":"1319541","toID":"1319540","formEdgeID":null},{"edgeID":"1731909","fromID":"1319539","toID":"1319542","formEdgeID":null},{"edgeID":"1731910","fromID":"1319542","toID":"1151774","formEdgeID":null},{"edgeID":"1731911","fromID":"1319534","toID":"1319543","formEdgeID":null},{"edgeID":"1731912","fromID":"1319543","toID":"1319539","formEdgeID":null},{"edgeID":"1731913","fromID":"1151774","toID":"1319544","formEdgeID":null},{"edgeID":"1731914","fromID":"1319544","toID":"1151768","formEdgeID":null},{"edgeID":"1731915","fromID":"1319543","toID":"1319545","formEdgeID":null},{"edgeID":"1731916","fromID":"1319545","toID":"1319544","formEdgeID":null},{"edgeID":"1731917","fromID":"1319547","toID":"1319546","formEdgeID":null},{"edgeID":"1731918","fromID":"1319548","toID":"1319547","formEdgeID":null},{"edgeID":"1731919","fromID":"1319539","toID":"1319549","formEdgeID":null},{"edgeID":"1731920","fromID":"1319549","toID":"1319546","formEdgeID":null},{"edgeID":"1731921","fromID":"1319549","toID":"1319550","formEdgeID":null},{"edgeID":"1731922","fromID":"1319550","toID":"1151774","formEdgeID":null},{"edgeID":"1731923","fromID":"1319552","toID":"1319551","formEdgeID":null},{"edgeID":"1731924","fromID":"1319553","toID":"1319552","formEdgeID":null},{"edgeID":"1731925","fromID":"1319551","toID":"1319554","formEdgeID":null},{"edgeID":"1731926","fromID":"1319554","toID":"1151787","formEdgeID":null},{"edgeID":"1731927","fromID":"1319556","toID":"1319555","formEdgeID":null},{"edgeID":"1731928","fromID":"1319557","toID":"1319556","formEdgeID":null},{"edgeID":"1731929","fromID":"1319555","toID":"1319558","formEdgeID":null},{"edgeID":"1731930","fromID":"1319558","toID":"1151792","formEdgeID":null},{"edgeID":"1731931","fromID":"1151792","toID":"1319559","formEdgeID":null},{"edgeID":"1731932","fromID":"1319559","toID":"1151787","formEdgeID":null},{"edgeID":"1731933","fromID":"1319551","toID":"1319560","formEdgeID":null},{"edgeID":"1731934","fromID":"1319560","toID":"1319555","formEdgeID":null},{"edgeID":"1731935","fromID":"1319560","toID":"1319561","formEdgeID":null},{"edgeID":"1731936","fromID":"1319561","toID":"1319559","formEdgeID":null},{"edgeID":"1731937","fromID":"1319563","toID":"1319562","formEdgeID":null},{"edgeID":"1731938","fromID":"1319564","toID":"1319563","formEdgeID":null},{"edgeID":"1731939","fromID":"1319562","toID":"1319565","formEdgeID":null},{"edgeID":"1731940","fromID":"1319565","toID":"1151800","formEdgeID":null},{"edgeID":"1731941","fromID":"1319555","toID":"1319566","formEdgeID":null},{"edgeID":"1731942","fromID":"1319566","toID":"1319562","formEdgeID":null},{"edgeID":"1731943","fromID":"1151800","toID":"1319567","formEdgeID":null},{"edgeID":"1731944","fromID":"1319567","toID":"1151792","formEdgeID":null},{"edgeID":"1731945","fromID":"1319566","toID":"1319568","formEdgeID":null},{"edgeID":"1731946","fromID":"1319568","toID":"1319567","formEdgeID":null},{"edgeID":"1731947","fromID":"1319570","toID":"1319569","formEdgeID":null},{"edgeID":"1731948","fromID":"1319571","toID":"1319570","formEdgeID":null},{"edgeID":"1731949","fromID":"1319569","toID":"1319572","formEdgeID":null},{"edgeID":"1731950","fromID":"1319572","toID":"1151808","formEdgeID":null},{"edgeID":"1731951","fromID":"1319562","toID":"1319573","formEdgeID":null},{"edgeID":"1731952","fromID":"1319573","toID":"1319569","formEdgeID":null},{"edgeID":"1731953","fromID":"1151808","toID":"1319574","formEdgeID":null},{"edgeID":"1731954","fromID":"1319574","toID":"1151800","formEdgeID":null},{"edgeID":"1731955","fromID":"1319576","toID":"1319575","formEdgeID":null},{"edgeID":"1731956","fromID":"1319577","toID":"1319576","formEdgeID":null},{"edgeID":"1731957","fromID":"1319575","toID":"1319578","formEdgeID":null},{"edgeID":"1731958","fromID":"1319578","toID":"1151815","formEdgeID":null},{"edgeID":"1731959","fromID":"1151815","toID":"1319579","formEdgeID":null},{"edgeID":"1731960","fromID":"1319579","toID":"1151808","formEdgeID":null},{"edgeID":"1731961","fromID":"1319569","toID":"1319580","formEdgeID":null},{"edgeID":"1731962","fromID":"1319580","toID":"1319575","formEdgeID":null},{"edgeID":"1731963","fromID":"1319582","toID":"1319581","formEdgeID":null},{"edgeID":"1731964","fromID":"1319583","toID":"1319582","formEdgeID":null},{"edgeID":"1731965","fromID":"1319581","toID":"1319584","formEdgeID":null},{"edgeID":"1731966","fromID":"1319584","toID":"1151822","formEdgeID":null},{"edgeID":"1731967","fromID":"1319575","toID":"1319585","formEdgeID":null},{"edgeID":"1731968","fromID":"1319585","toID":"1319581","formEdgeID":null},{"edgeID":"1731969","fromID":"1319587","toID":"1319586","formEdgeID":null},{"edgeID":"1731970","fromID":"1319588","toID":"1319587","formEdgeID":null},{"edgeID":"1731971","fromID":"1319586","toID":"1319589","formEdgeID":null},{"edgeID":"1731972","fromID":"1319589","toID":"1151828","formEdgeID":null},{"edgeID":"1731973","fromID":"1151828","toID":"1319590","formEdgeID":null},{"edgeID":"1731974","fromID":"1319590","toID":"1151822","formEdgeID":null},{"edgeID":"1731975","fromID":"1151822","toID":"1319591","formEdgeID":null},{"edgeID":"1731976","fromID":"1319591","toID":"1151815","formEdgeID":null},{"edgeID":"1731977","fromID":"1319581","toID":"1319592","formEdgeID":null},{"edgeID":"1731978","fromID":"1319592","toID":"1319586","formEdgeID":null},{"edgeID":"1731979","fromID":"1319585","toID":"1319593","formEdgeID":null},{"edgeID":"1731980","fromID":"1319593","toID":"1319591","formEdgeID":null},{"edgeID":"1731981","fromID":"1319592","toID":"1319594","formEdgeID":null},{"edgeID":"1731982","fromID":"1319594","toID":"1319590","formEdgeID":null},{"edgeID":"1731983","fromID":"1151707","toID":"1319595","formEdgeID":null},{"edgeID":"1731984","fromID":"1319595","toID":"1147859","formEdgeID":null},{"edgeID":"1731985","fromID":"1319481","toID":"1319596","formEdgeID":null},{"edgeID":"1731986","fromID":"1319596","toID":"1319595","formEdgeID":null},{"edgeID":"1731987","fromID":"1319598","toID":"1319597","formEdgeID":null},{"edgeID":"1731988","fromID":"1319599","toID":"1319598","formEdgeID":null},{"edgeID":"1731989","fromID":"1319597","toID":"1319600","formEdgeID":null},{"edgeID":"1731990","fromID":"1319600","toID":"1151840","formEdgeID":null},{"edgeID":"1731991","fromID":"1151840","toID":"1319601","formEdgeID":null},{"edgeID":"1731992","fromID":"1319601","toID":"1147865","formEdgeID":null},{"edgeID":"1731993","fromID":"1319529","toID":"1319602","formEdgeID":null},{"edgeID":"1731994","fromID":"1319602","toID":"1319597","formEdgeID":null},{"edgeID":"1731995","fromID":"1319602","toID":"1319603","formEdgeID":null},{"edgeID":"1731996","fromID":"1319603","toID":"1319601","formEdgeID":null},{"edgeID":"1731997","fromID":"1319573","toID":"1319604","formEdgeID":null},{"edgeID":"1731998","fromID":"1319604","toID":"1319574","formEdgeID":null},{"edgeID":"1731999","fromID":"1319580","toID":"1319605","formEdgeID":null},{"edgeID":"1732000","fromID":"1319605","toID":"1319579","formEdgeID":null}],"locutions":[]}