{"nodes":[{"nodeID":"1315433","text":"before the pandemic, public services were on their knees","type":"I","timestamp":"2023-11-09 13:17:07"},{"nodeID":"1315434","text":"Peter Kyle: Before the pandemic, public services were on their knees","type":"L","timestamp":"2023-11-09 13:17:07"},{"nodeID":"1315435","text":"Analysing","type":"YA","timestamp":"2023-11-09 13:17:07"},{"nodeID":"1315436","text":"Nette: Peter Kyle: Before the pandemic, public services were on their knees","type":"L","timestamp":"2023-11-09 13:17:07"},{"nodeID":"1315437","text":"Asserting","type":"YA","timestamp":"2023-11-09 13:17:07"},{"nodeID":"1315438","text":"4.5 million people were waiting for the NHS","type":"I","timestamp":"2023-11-09 13:17:08"},{"nodeID":"1315439","text":"Peter Kyle: 4.5 million waiting for the NHS","type":"L","timestamp":"2023-11-09 13:17:08"},{"nodeID":"1315440","text":"Analysing","type":"YA","timestamp":"2023-11-09 13:17:08"},{"nodeID":"1315441","text":"Nette: Peter Kyle: 4.5 million waiting for the NHS","type":"L","timestamp":"2023-11-09 13:17:08"},{"nodeID":"1315442","text":"Asserting","type":"YA","timestamp":"2023-11-09 13:17:08"},{"nodeID":"1315443","text":"Default Transition","type":"TA","timestamp":"2023-11-09 13:17:08"},{"nodeID":"1315444","text":"46,000 people were waiting for their day in court","type":"I","timestamp":"2023-11-09 13:17:08"},{"nodeID":"1315445","text":"Peter Kyle: 46,000 people waiting for their day in court","type":"L","timestamp":"2023-11-09 13:17:08"},{"nodeID":"1315446","text":"Analysing","type":"YA","timestamp":"2023-11-09 13:17:08"},{"nodeID":"1315447","text":"Nette: Peter Kyle: 46,000 people waiting for their day in court","type":"L","timestamp":"2023-11-09 13:17:08"},{"nodeID":"1315448","text":"Asserting","type":"YA","timestamp":"2023-11-09 13:17:08"},{"nodeID":"1315449","text":"Default Transition","type":"TA","timestamp":"2023-11-09 13:17:08"},{"nodeID":"1315450","text":"Default Rephrase","type":"MA","timestamp":"2023-11-09 13:17:08"},{"nodeID":"1315451","text":"Default Rephrase","type":"MA","timestamp":"2023-11-09 13:17:08"},{"nodeID":"1315452","text":"Restating","type":"YA","timestamp":"2023-11-09 13:17:08"},{"nodeID":"1315453","text":"Restating","type":"YA","timestamp":"2023-11-09 13:17:09"},{"nodeID":"1315454","text":"the economy was run poorly","type":"I","timestamp":"2023-11-09 13:17:09"},{"nodeID":"1315455","text":"Peter Kyle: the economy was run poorly","type":"L","timestamp":"2023-11-09 13:17:09"},{"nodeID":"1315456","text":"Analysing","type":"YA","timestamp":"2023-11-09 13:17:09"},{"nodeID":"1315457","text":"Nette: Peter Kyle: the economy was run poorly","type":"L","timestamp":"2023-11-09 13:17:09"},{"nodeID":"1315458","text":"Asserting","type":"YA","timestamp":"2023-11-09 13:17:09"},{"nodeID":"1315459","text":"growth was double under Labour before the pandemic in the years running up to it","type":"I","timestamp":"2023-11-09 13:17:10"},{"nodeID":"1315460","text":"Peter Kyle: growth was double under Labour before the pandemic in the years running up to it","type":"L","timestamp":"2023-11-09 13:17:10"},{"nodeID":"1315461","text":"Analysing","type":"YA","timestamp":"2023-11-09 13:17:10"},{"nodeID":"1315462","text":"Nette: Peter Kyle: growth was double under Labour before the pandemic in the years running up to it","type":"L","timestamp":"2023-11-09 13:17:10"},{"nodeID":"1315463","text":"Asserting","type":"YA","timestamp":"2023-11-09 13:17:10"},{"nodeID":"1315464","text":"growth being halfed is the fundamental challenge that we have","type":"I","timestamp":"2023-11-09 13:17:10"},{"nodeID":"1315465","text":"Peter Kyle: That is the fundamental challenge we have","type":"L","timestamp":"2023-11-09 13:17:10"},{"nodeID":"1315466","text":"Analysing","type":"YA","timestamp":"2023-11-09 13:17:10"},{"nodeID":"1315467","text":"Nette: Peter Kyle: That is the fundamental challenge we have","type":"L","timestamp":"2023-11-09 13:17:10"},{"nodeID":"1315468","text":"Asserting","type":"YA","timestamp":"2023-11-09 13:17:10"},{"nodeID":"1315469","text":"Default Transition","type":"TA","timestamp":"2023-11-09 13:17:10"},{"nodeID":"1315470","text":"Default Transition","type":"TA","timestamp":"2023-11-09 13:17:10"},{"nodeID":"1315471","text":"Rishi Sunak was or was not silly not to introduce a webpack sooner","type":"I","timestamp":"2023-11-09 13:17:11"},{"nodeID":"1315472","text":"Fiona Bruce: Was Rishi Sunak silly not to introduce a webpack sooner","type":"L","timestamp":"2023-11-09 13:17:11"},{"nodeID":"1315473","text":"Analysing","type":"YA","timestamp":"2023-11-09 13:17:11"},{"nodeID":"1315474","text":"Nette: Fiona Bruce: Was Rishi Sunak silly not to introduce a webpack sooner","type":"L","timestamp":"2023-11-09 13:17:11"},{"nodeID":"1315475","text":"Pure Questioning","type":"YA","timestamp":"2023-11-09 13:17:11"},{"nodeID":"1315476","text":"Default Transition","type":"TA","timestamp":"2023-11-09 13:17:11"},{"nodeID":"1315477","text":"Default Transition","type":"TA","timestamp":"2023-11-09 13:17:11"},{"nodeID":"1315478","text":"Rishi Sunak was not silly not to introduce a webpack sooner","type":"I","timestamp":"2023-11-09 13:17:12"},{"nodeID":"1315479","text":"Robert Buckland: No","type":"L","timestamp":"2023-11-09 13:17:12"},{"nodeID":"1315480","text":"Analysing","type":"YA","timestamp":"2023-11-09 13:17:12"},{"nodeID":"1315481","text":"Nette: Robert Buckland: No","type":"L","timestamp":"2023-11-09 13:17:12"},{"nodeID":"1315482","text":"Asserting","type":"YA","timestamp":"2023-11-09 13:17:12"},{"nodeID":"1315483","text":"Default Transition","type":"TA","timestamp":"2023-11-09 13:17:12"},{"nodeID":"1315484","text":"Default Rephrase","type":"MA","timestamp":"2023-11-09 13:17:12"},{"nodeID":"1315485","text":"Default Illocuting","type":"YA","timestamp":"2023-11-09 13:17:12"},{"nodeID":"1315486","text":"Rishi Sunak said he was going to keep reviewing the position","type":"I","timestamp":"2023-11-09 13:17:12"},{"nodeID":"1315487","text":"Robert Buckland: he said he was going to keep reviewing the position","type":"L","timestamp":"2023-11-09 13:17:12"},{"nodeID":"1315488","text":"Analysing","type":"YA","timestamp":"2023-11-09 13:17:12"},{"nodeID":"1315489","text":"Nette: Robert Buckland: he said he was going to keep reviewing the position","type":"L","timestamp":"2023-11-09 13:17:12"},{"nodeID":"1315490","text":"Asserting","type":"YA","timestamp":"2023-11-09 13:17:12"},{"nodeID":"1315491","text":"Default Transition","type":"TA","timestamp":"2023-11-09 13:17:12"},{"nodeID":"1315492","text":"Default Inference","type":"RA","timestamp":"2023-11-09 13:17:12"},{"nodeID":"1315493","text":"Arguing","type":"YA","timestamp":"2023-11-09 13:17:12"},{"nodeID":"1315494","text":"events have intervened in a very dramatic way to make a difficult position even worse","type":"I","timestamp":"2023-11-09 13:17:13"},{"nodeID":"1315495","text":"Robert Buckland: events have intervened in a very dramatic way to make a difficult position even worse","type":"L","timestamp":"2023-11-09 13:17:13"},{"nodeID":"1315496","text":"Analysing","type":"YA","timestamp":"2023-11-09 13:17:13"},{"nodeID":"1315497","text":"Nette: Robert Buckland: events have intervened in a very dramatic way to make a difficult position even worse","type":"L","timestamp":"2023-11-09 13:17:13"},{"nodeID":"1315498","text":"Asserting","type":"YA","timestamp":"2023-11-09 13:17:13"},{"nodeID":"1315499","text":"Default Transition","type":"TA","timestamp":"2023-11-09 13:17:13"},{"nodeID":"1315500","text":"Default Rephrase","type":"MA","timestamp":"2023-11-09 13:17:13"},{"nodeID":"1315501","text":"Restating","type":"YA","timestamp":"2023-11-09 13:17:13"},{"nodeID":"1315502","text":"we know about the increase in the energy price cap, and we see another one coming down the line in October, which has been one of the main drivers for this change","type":"I","timestamp":"2023-11-09 13:17:13"},{"nodeID":"1315503","text":"Robert Buckland: We know about the increase in the energy price cap, and we see another one coming down the line in October, which has been one of the main drivers for this change","type":"L","timestamp":"2023-11-09 13:17:13"},{"nodeID":"1315504","text":"Analysing","type":"YA","timestamp":"2023-11-09 13:17:13"},{"nodeID":"1315505","text":"Nette: Robert Buckland: We know about the increase in the energy price cap, and we see another one coming down the line in October, which has been one of the main drivers for this change","type":"L","timestamp":"2023-11-09 13:17:13"},{"nodeID":"1315506","text":"Asserting","type":"YA","timestamp":"2023-11-09 13:17:13"},{"nodeID":"1315507","text":"we also, between January and now, have had the beginning of a war in Ukraine","type":"I","timestamp":"2023-11-09 13:17:14"},{"nodeID":"1315508","text":"Robert Buckland: we also, between January and now, have had the beginning of a war in Ukraine","type":"L","timestamp":"2023-11-09 13:17:14"},{"nodeID":"1315509","text":"Analysing","type":"YA","timestamp":"2023-11-09 13:17:14"},{"nodeID":"1315510","text":"Nette: Robert Buckland: we also, between January and now, have had the beginning of a war in Ukraine","type":"L","timestamp":"2023-11-09 13:17:14"},{"nodeID":"1315511","text":"Asserting","type":"YA","timestamp":"2023-11-09 13:17:14"},{"nodeID":"1315512","text":"Default Inference","type":"RA","timestamp":"2023-11-09 13:17:14"},{"nodeID":"1315513","text":"Default Inference","type":"RA","timestamp":"2023-11-09 13:17:14"},{"nodeID":"1315514","text":"we have had further the lockdowns in China","type":"I","timestamp":"2023-11-09 13:17:15"},{"nodeID":"1315515","text":"Robert Buckland: we have had further the lockdowns in China","type":"L","timestamp":"2023-11-09 13:17:15"},{"nodeID":"1315516","text":"Analysing","type":"YA","timestamp":"2023-11-09 13:17:15"},{"nodeID":"1315517","text":"Nette: Robert Buckland: we have had further the lockdowns in China","type":"L","timestamp":"2023-11-09 13:17:15"},{"nodeID":"1315518","text":"Asserting","type":"YA","timestamp":"2023-11-09 13:17:15"},{"nodeID":"1315519","text":"Default Inference","type":"RA","timestamp":"2023-11-09 13:17:15"},{"nodeID":"1315520","text":"Default Transition","type":"TA","timestamp":"2023-11-09 13:17:15"},{"nodeID":"1315521","text":"Arguing","type":"YA","timestamp":"2023-11-09 13:17:15"},{"nodeID":"1315522","text":"Default Transition","type":"TA","timestamp":"2023-11-09 13:17:15"},{"nodeID":"1315523","text":"Arguing","type":"YA","timestamp":"2023-11-09 13:17:15"},{"nodeID":"1315524","text":"Default Transition","type":"TA","timestamp":"2023-11-09 13:17:15"},{"nodeID":"1315525","text":"Arguing","type":"YA","timestamp":"2023-11-09 13:17:15"},{"nodeID":"1315526","text":"we have had international impact effects on inflation that have really caused this crisis to get worse","type":"I","timestamp":"2023-11-09 13:17:15"},{"nodeID":"1315527","text":"Robert Buckland: We have had international impact effects on inflation that have really caused this crisis to get worse","type":"L","timestamp":"2023-11-09 13:17:15"},{"nodeID":"1315528","text":"Analysing","type":"YA","timestamp":"2023-11-09 13:17:15"},{"nodeID":"1315529","text":"Nette: Robert Buckland: We have had international impact effects on inflation that have really caused this crisis to get worse","type":"L","timestamp":"2023-11-09 13:17:15"},{"nodeID":"1315530","text":"Asserting","type":"YA","timestamp":"2023-11-09 13:17:15"},{"nodeID":"1315531","text":"Default Inference","type":"RA","timestamp":"2023-11-09 13:17:15"},{"nodeID":"1315532","text":"Default Transition","type":"TA","timestamp":"2023-11-09 13:17:15"},{"nodeID":"1315533","text":"Arguing","type":"YA","timestamp":"2023-11-09 13:17:15"}],"edges":[{"edgeID":"1726892","fromID":"1315435","toID":"1315434","formEdgeID":null},{"edgeID":"1726893","fromID":"1315436","toID":"1315435","formEdgeID":null},{"edgeID":"1726894","fromID":"1315434","toID":"1315437","formEdgeID":null},{"edgeID":"1726895","fromID":"1315437","toID":"1315433","formEdgeID":null},{"edgeID":"1726896","fromID":"1315440","toID":"1315439","formEdgeID":null},{"edgeID":"1726897","fromID":"1315441","toID":"1315440","formEdgeID":null},{"edgeID":"1726898","fromID":"1315439","toID":"1315442","formEdgeID":null},{"edgeID":"1726899","fromID":"1315442","toID":"1315438","formEdgeID":null},{"edgeID":"1726900","fromID":"1315434","toID":"1315443","formEdgeID":null},{"edgeID":"1726901","fromID":"1315443","toID":"1315439","formEdgeID":null},{"edgeID":"1726902","fromID":"1315446","toID":"1315445","formEdgeID":null},{"edgeID":"1726903","fromID":"1315447","toID":"1315446","formEdgeID":null},{"edgeID":"1726904","fromID":"1315445","toID":"1315448","formEdgeID":null},{"edgeID":"1726905","fromID":"1315448","toID":"1315444","formEdgeID":null},{"edgeID":"1726906","fromID":"1315434","toID":"1315449","formEdgeID":null},{"edgeID":"1726907","fromID":"1315449","toID":"1315445","formEdgeID":null},{"edgeID":"1726908","fromID":"1315444","toID":"1315450","formEdgeID":null},{"edgeID":"1726909","fromID":"1315450","toID":"1315433","formEdgeID":null},{"edgeID":"1726910","fromID":"1315438","toID":"1315451","formEdgeID":null},{"edgeID":"1726911","fromID":"1315451","toID":"1315433","formEdgeID":null},{"edgeID":"1726912","fromID":"1315443","toID":"1315452","formEdgeID":null},{"edgeID":"1726913","fromID":"1315452","toID":"1315451","formEdgeID":null},{"edgeID":"1726914","fromID":"1315449","toID":"1315453","formEdgeID":null},{"edgeID":"1726915","fromID":"1315453","toID":"1315450","formEdgeID":null},{"edgeID":"1726916","fromID":"1315456","toID":"1315455","formEdgeID":null},{"edgeID":"1726917","fromID":"1315457","toID":"1315456","formEdgeID":null},{"edgeID":"1726918","fromID":"1315455","toID":"1315458","formEdgeID":null},{"edgeID":"1726919","fromID":"1315458","toID":"1315454","formEdgeID":null},{"edgeID":"1726920","fromID":"1315461","toID":"1315460","formEdgeID":null},{"edgeID":"1726921","fromID":"1315462","toID":"1315461","formEdgeID":null},{"edgeID":"1726922","fromID":"1315460","toID":"1315463","formEdgeID":null},{"edgeID":"1726923","fromID":"1315463","toID":"1315459","formEdgeID":null},{"edgeID":"1726924","fromID":"1315466","toID":"1315465","formEdgeID":null},{"edgeID":"1726925","fromID":"1315467","toID":"1315466","formEdgeID":null},{"edgeID":"1726926","fromID":"1315465","toID":"1315468","formEdgeID":null},{"edgeID":"1726927","fromID":"1315468","toID":"1315464","formEdgeID":null},{"edgeID":"1726928","fromID":"1315445","toID":"1315469","formEdgeID":null},{"edgeID":"1726929","fromID":"1315469","toID":"1315455","formEdgeID":null},{"edgeID":"1726930","fromID":"1315455","toID":"1315470","formEdgeID":null},{"edgeID":"1726931","fromID":"1315470","toID":"1315460","formEdgeID":null},{"edgeID":"1726932","fromID":"1315473","toID":"1315472","formEdgeID":null},{"edgeID":"1726933","fromID":"1315474","toID":"1315473","formEdgeID":null},{"edgeID":"1726934","fromID":"1315472","toID":"1315475","formEdgeID":null},{"edgeID":"1726935","fromID":"1315475","toID":"1315471","formEdgeID":null},{"edgeID":"1726936","fromID":"1315460","toID":"1315476","formEdgeID":null},{"edgeID":"1726937","fromID":"1315476","toID":"1315465","formEdgeID":null},{"edgeID":"1726938","fromID":"1315465","toID":"1315477","formEdgeID":null},{"edgeID":"1726939","fromID":"1315477","toID":"1315472","formEdgeID":null},{"edgeID":"1726940","fromID":"1315480","toID":"1315479","formEdgeID":null},{"edgeID":"1726941","fromID":"1315481","toID":"1315480","formEdgeID":null},{"edgeID":"1726942","fromID":"1315479","toID":"1315482","formEdgeID":null},{"edgeID":"1726943","fromID":"1315482","toID":"1315478","formEdgeID":null},{"edgeID":"1726944","fromID":"1315472","toID":"1315483","formEdgeID":null},{"edgeID":"1726945","fromID":"1315483","toID":"1315479","formEdgeID":null},{"edgeID":"1726946","fromID":"1315478","toID":"1315484","formEdgeID":null},{"edgeID":"1726947","fromID":"1315484","toID":"1315471","formEdgeID":null},{"edgeID":"1726948","fromID":"1315483","toID":"1315485","formEdgeID":null},{"edgeID":"1726949","fromID":"1315485","toID":"1315484","formEdgeID":null},{"edgeID":"1726950","fromID":"1315488","toID":"1315487","formEdgeID":null},{"edgeID":"1726951","fromID":"1315489","toID":"1315488","formEdgeID":null},{"edgeID":"1726952","fromID":"1315487","toID":"1315490","formEdgeID":null},{"edgeID":"1726953","fromID":"1315490","toID":"1315486","formEdgeID":null},{"edgeID":"1726954","fromID":"1315479","toID":"1315491","formEdgeID":null},{"edgeID":"1726955","fromID":"1315491","toID":"1315487","formEdgeID":null},{"edgeID":"1726956","fromID":"1315486","toID":"1315492","formEdgeID":null},{"edgeID":"1726957","fromID":"1315492","toID":"1315478","formEdgeID":null},{"edgeID":"1726958","fromID":"1315491","toID":"1315493","formEdgeID":null},{"edgeID":"1726959","fromID":"1315493","toID":"1315492","formEdgeID":null},{"edgeID":"1726960","fromID":"1315496","toID":"1315495","formEdgeID":null},{"edgeID":"1726961","fromID":"1315497","toID":"1315496","formEdgeID":null},{"edgeID":"1726962","fromID":"1315495","toID":"1315498","formEdgeID":null},{"edgeID":"1726963","fromID":"1315498","toID":"1315494","formEdgeID":null},{"edgeID":"1726964","fromID":"1315487","toID":"1315499","formEdgeID":null},{"edgeID":"1726965","fromID":"1315499","toID":"1315495","formEdgeID":null},{"edgeID":"1726966","fromID":"1315494","toID":"1315500","formEdgeID":null},{"edgeID":"1726967","fromID":"1315500","toID":"1315486","formEdgeID":null},{"edgeID":"1726968","fromID":"1315499","toID":"1315501","formEdgeID":null},{"edgeID":"1726969","fromID":"1315501","toID":"1315500","formEdgeID":null},{"edgeID":"1726970","fromID":"1315504","toID":"1315503","formEdgeID":null},{"edgeID":"1726971","fromID":"1315505","toID":"1315504","formEdgeID":null},{"edgeID":"1726972","fromID":"1315503","toID":"1315506","formEdgeID":null},{"edgeID":"1726973","fromID":"1315506","toID":"1315502","formEdgeID":null},{"edgeID":"1726974","fromID":"1315509","toID":"1315508","formEdgeID":null},{"edgeID":"1726975","fromID":"1315510","toID":"1315509","formEdgeID":null},{"edgeID":"1726976","fromID":"1315508","toID":"1315511","formEdgeID":null},{"edgeID":"1726977","fromID":"1315511","toID":"1315507","formEdgeID":null},{"edgeID":"1726978","fromID":"1315502","toID":"1315512","formEdgeID":null},{"edgeID":"1726979","fromID":"1315512","toID":"1315494","formEdgeID":null},{"edgeID":"1726980","fromID":"1315507","toID":"1315513","formEdgeID":null},{"edgeID":"1726981","fromID":"1315513","toID":"1315494","formEdgeID":null},{"edgeID":"1726982","fromID":"1315516","toID":"1315515","formEdgeID":null},{"edgeID":"1726983","fromID":"1315517","toID":"1315516","formEdgeID":null},{"edgeID":"1726984","fromID":"1315515","toID":"1315518","formEdgeID":null},{"edgeID":"1726985","fromID":"1315518","toID":"1315514","formEdgeID":null},{"edgeID":"1726986","fromID":"1315514","toID":"1315519","formEdgeID":null},{"edgeID":"1726987","fromID":"1315519","toID":"1315494","formEdgeID":null},{"edgeID":"1726988","fromID":"1315495","toID":"1315520","formEdgeID":null},{"edgeID":"1726989","fromID":"1315520","toID":"1315503","formEdgeID":null},{"edgeID":"1726990","fromID":"1315520","toID":"1315521","formEdgeID":null},{"edgeID":"1726991","fromID":"1315521","toID":"1315512","formEdgeID":null},{"edgeID":"1726992","fromID":"1315495","toID":"1315522","formEdgeID":null},{"edgeID":"1726993","fromID":"1315522","toID":"1315508","formEdgeID":null},{"edgeID":"1726994","fromID":"1315522","toID":"1315523","formEdgeID":null},{"edgeID":"1726995","fromID":"1315523","toID":"1315513","formEdgeID":null},{"edgeID":"1726996","fromID":"1315495","toID":"1315524","formEdgeID":null},{"edgeID":"1726997","fromID":"1315524","toID":"1315515","formEdgeID":null},{"edgeID":"1726998","fromID":"1315524","toID":"1315525","formEdgeID":null},{"edgeID":"1726999","fromID":"1315525","toID":"1315519","formEdgeID":null},{"edgeID":"1727000","fromID":"1315528","toID":"1315527","formEdgeID":null},{"edgeID":"1727001","fromID":"1315529","toID":"1315528","formEdgeID":null},{"edgeID":"1727002","fromID":"1315527","toID":"1315530","formEdgeID":null},{"edgeID":"1727003","fromID":"1315530","toID":"1315526","formEdgeID":null},{"edgeID":"1727004","fromID":"1315526","toID":"1315531","formEdgeID":null},{"edgeID":"1727005","fromID":"1315531","toID":"1315494","formEdgeID":null},{"edgeID":"1727006","fromID":"1315495","toID":"1315532","formEdgeID":null},{"edgeID":"1727007","fromID":"1315532","toID":"1315527","formEdgeID":null},{"edgeID":"1727008","fromID":"1315532","toID":"1315533","formEdgeID":null},{"edgeID":"1727009","fromID":"1315533","toID":"1315531","formEdgeID":null}],"locutions":[]}