{"nodes":[{"nodeID":"1318517","text":"the DUP not being at Stormont and not having a functioning Executive rather than the Northern Ireland protocol is not helping business","type":"I","timestamp":"2023-11-09 13:21:27"},{"nodeID":"1318518","text":"Fiona Bruce: what is not helping business is the DUP not being at Stormont and not having a functioning Executive rather than the Northern Ireland protocol","type":"L","timestamp":"2023-11-09 13:21:27"},{"nodeID":"1318519","text":"Analysing","type":"YA","timestamp":"2023-11-09 13:21:27"},{"nodeID":"1318520","text":"Joanne: Fiona Bruce: what is not helping business is the DUP not being at Stormont and not having a functioning Executive rather than the Northern Ireland protocol","type":"L","timestamp":"2023-11-09 13:21:27"},{"nodeID":"1318521","text":"Asserting","type":"YA","timestamp":"2023-11-09 13:21:27"},{"nodeID":"1318522","text":"the DUP has taken the step after many years of trying to talk, trying to negotiate, and trying to get this changed","type":"I","timestamp":"2023-11-09 13:21:28"},{"nodeID":"1318523","text":"Emma Little-Pengelly: The DUP has taken the step after many years of trying to talk, trying to negotiate, and trying to get this changed","type":"L","timestamp":"2023-11-09 13:21:28"},{"nodeID":"1318524","text":"Analysing","type":"YA","timestamp":"2023-11-09 13:21:28"},{"nodeID":"1318525","text":"Joanne: Emma Little-Pengelly: The DUP has taken the step after many years of trying to talk, trying to negotiate, and trying to get this changed","type":"L","timestamp":"2023-11-09 13:21:28"},{"nodeID":"1318526","text":"Asserting","type":"YA","timestamp":"2023-11-09 13:21:28"},{"nodeID":"1318527","text":"Default Transition","type":"TA","timestamp":"2023-11-09 13:21:28"},{"nodeID":"1318528","text":"Sinn Fein brought the Northern Ireland Assembly down and kept it and kept it down for these years","type":"I","timestamp":"2023-11-09 13:21:28"},{"nodeID":"1318529","text":"Emma Little-Pengelly: Sinn Fein brought the Northern Ireland Assembly down and kept it and kept it down for these years","type":"L","timestamp":"2023-11-09 13:21:28"},{"nodeID":"1318530","text":"Analysing","type":"YA","timestamp":"2023-11-09 13:21:28"},{"nodeID":"1318531","text":"Joanne: Emma Little-Pengelly: Sinn Fein brought the Northern Ireland Assembly down and kept it and kept it down for these years","type":"L","timestamp":"2023-11-09 13:21:28"},{"nodeID":"1318532","text":"Asserting","type":"YA","timestamp":"2023-11-09 13:21:28"},{"nodeID":"1318533","text":"Default Transition","type":"TA","timestamp":"2023-11-09 13:21:28"},{"nodeID":"1318534","text":"Default Conflict","type":"CA","timestamp":"2023-11-09 13:21:28"},{"nodeID":"1318535","text":"Default Transition","type":"TA","timestamp":"2023-11-09 13:21:28"},{"nodeID":"1318536","text":"Disagreeing","type":"YA","timestamp":"2023-11-09 13:21:28"},{"nodeID":"1318537","text":"Emma Little-Pengelly understands that the Protocol and Northern Ireland's place in the Union is not important to Sinn Fein","type":"I","timestamp":"2023-11-09 13:21:29"},{"nodeID":"1318538","text":"Emma Little-Pengelly: I understand the Protocol and Northern Ireland's place in the Union is not important to Sinn Fein","type":"L","timestamp":"2023-11-09 13:21:29"},{"nodeID":"1318539","text":"Analysing","type":"YA","timestamp":"2023-11-09 13:21:29"},{"nodeID":"1318540","text":"Joanne: Emma Little-Pengelly: I understand the Protocol and Northern Ireland's place in the Union is not important to Sinn Fein","type":"L","timestamp":"2023-11-09 13:21:29"},{"nodeID":"1318541","text":"Asserting","type":"YA","timestamp":"2023-11-09 13:21:29"},{"nodeID":"1318542","text":"Default Transition","type":"TA","timestamp":"2023-11-09 13:21:29"},{"nodeID":"1318543","text":"the Protocol and Northern Ireland's place in the Union is important to Unionists","type":"I","timestamp":"2023-11-09 13:21:29"},{"nodeID":"1318544","text":"Emma Little-Pengelly:  it is important to Unionists","type":"L","timestamp":"2023-11-09 13:21:29"},{"nodeID":"1318545","text":"Analysing","type":"YA","timestamp":"2023-11-09 13:21:29"},{"nodeID":"1318546","text":"Joanne: Emma Little-Pengelly:  it is important to Unionists","type":"L","timestamp":"2023-11-09 13:21:29"},{"nodeID":"1318547","text":"Asserting","type":"YA","timestamp":"2023-11-09 13:21:29"},{"nodeID":"1318548","text":"Default Transition","type":"TA","timestamp":"2023-11-09 13:21:29"},{"nodeID":"1318549","text":"Default Conflict","type":"CA","timestamp":"2023-11-09 13:21:29"},{"nodeID":"1318550","text":"Disagreeing","type":"YA","timestamp":"2023-11-09 13:21:29"},{"nodeID":"1318551","text":"the Unionist concerns have constantly been dismissed and demeaned by all of the other parties","type":"I","timestamp":"2023-11-09 13:21:30"},{"nodeID":"1318552","text":"Emma Little-Pengelly: the Unionist concerns have constantly been dismissed and demeaned by all of the other parties","type":"L","timestamp":"2023-11-09 13:21:30"},{"nodeID":"1318553","text":"Analysing","type":"YA","timestamp":"2023-11-09 13:21:30"},{"nodeID":"1318554","text":"Joanne: Emma Little-Pengelly: the Unionist concerns have constantly been dismissed and demeaned by all of the other parties","type":"L","timestamp":"2023-11-09 13:21:30"},{"nodeID":"1318555","text":"Asserting","type":"YA","timestamp":"2023-11-09 13:21:30"},{"nodeID":"1318556","text":"Default Transition","type":"TA","timestamp":"2023-11-09 13:21:30"},{"nodeID":"1318557","text":"Default Rephrase","type":"MA","timestamp":"2023-11-09 13:21:30"},{"nodeID":"1318558","text":"Default Transition","type":"TA","timestamp":"2023-11-09 13:21:30"},{"nodeID":"1318559","text":"Restating","type":"YA","timestamp":"2023-11-09 13:21:30"},{"nodeID":"1318560","text":"we are told constantly that we don't actually feel the way that we feel","type":"I","timestamp":"2023-11-09 13:21:31"},{"nodeID":"1318561","text":"Emma Little-Pengelly: We are told constantly that we don't actually feel the way that we feel","type":"L","timestamp":"2023-11-09 13:21:31"},{"nodeID":"1318562","text":"Analysing","type":"YA","timestamp":"2023-11-09 13:21:31"},{"nodeID":"1318563","text":"Joanne: Emma Little-Pengelly: We are told constantly that we don't actually feel the way that we feel","type":"L","timestamp":"2023-11-09 13:21:31"},{"nodeID":"1318564","text":"Asserting","type":"YA","timestamp":"2023-11-09 13:21:31"},{"nodeID":"1318565","text":"Default Transition","type":"TA","timestamp":"2023-11-09 13:21:31"},{"nodeID":"1318566","text":"we are told constantly that Unionists aren't really worried about the Protocol","type":"I","timestamp":"2023-11-09 13:21:31"},{"nodeID":"1318567","text":"Emma Little-Pengelly: that Unionists aren't really worried about this","type":"L","timestamp":"2023-11-09 13:21:31"},{"nodeID":"1318568","text":"Analysing","type":"YA","timestamp":"2023-11-09 13:21:31"},{"nodeID":"1318569","text":"Joanne: Emma Little-Pengelly: that Unionists aren't really worried about this","type":"L","timestamp":"2023-11-09 13:21:31"},{"nodeID":"1318570","text":"Asserting","type":"YA","timestamp":"2023-11-09 13:21:31"},{"nodeID":"1318571","text":"Default Transition","type":"TA","timestamp":"2023-11-09 13:21:31"},{"nodeID":"1318572","text":"Default Rephrase","type":"MA","timestamp":"2023-11-09 13:21:31"},{"nodeID":"1318573","text":"Restating","type":"YA","timestamp":"2023-11-09 13:21:31"},{"nodeID":"1318574","text":"Naomi Long's Alliance party did put out without condition asking for rigorous implementation of the Protocol","type":"I","timestamp":"2023-11-09 13:21:32"},{"nodeID":"1318575","text":"Emma Little-Pengelly: Naomi Long's party did put out without condition asking for rigorous implementation","type":"L","timestamp":"2023-11-09 13:21:32"},{"nodeID":"1318576","text":"Analysing","type":"YA","timestamp":"2023-11-09 13:21:32"},{"nodeID":"1318577","text":"Joanne: Emma Little-Pengelly: Naomi Long's party did put out without condition asking for rigorous implementation","type":"L","timestamp":"2023-11-09 13:21:32"},{"nodeID":"1318578","text":"Asserting","type":"YA","timestamp":"2023-11-09 13:21:32"},{"nodeID":"1318579","text":"Default Transition","type":"TA","timestamp":"2023-11-09 13:21:32"},{"nodeID":"1318580","text":"we read the Protocol document, we knew what was coming down the tracks","type":"I","timestamp":"2023-11-09 13:21:32"},{"nodeID":"1318581","text":"Emma Little-Pengelly: People are saying, \"We read the document, we knew what was coming down the tracks.\"","type":"L","timestamp":"2023-11-09 13:21:32"},{"nodeID":"1318582","text":"Analysing","type":"YA","timestamp":"2023-11-09 13:21:32"},{"nodeID":"1318583","text":"Joanne: Emma Little-Pengelly: People are saying, \"We read the document, we knew what was coming down the tracks.\"","type":"L","timestamp":"2023-11-09 13:21:32"},{"nodeID":"1318584","text":"Unknown Speaker: We read the document, we knew what was coming down the tracks","type":"L","timestamp":"2023-11-09 13:21:32"},{"nodeID":"1318585","text":"Analysing","type":"YA","timestamp":"2023-11-09 13:21:32"},{"nodeID":"1318586","text":"Joanne: Unknown Speaker: People are saying, \"We read the document, we knew what was coming down the tracks.\"","type":"L","timestamp":"2023-11-09 13:21:32"},{"nodeID":"1318587","text":"Asserting","type":"YA","timestamp":"2023-11-09 13:21:32"},{"nodeID":"1318588","text":"Asserting","type":"YA","timestamp":"2023-11-09 13:21:32"},{"nodeID":"1318589","text":"Default Transition","type":"TA","timestamp":"2023-11-09 13:21:32"},{"nodeID":"1318590","text":"Naomi Long cannot really say to the people here today that she knew somebody with a guide dog would not be able to bring that dog from Great Britain to Northern Ireland","type":"I","timestamp":"2023-11-09 13:21:33"},{"nodeID":"1318591","text":"Emma Little-Pengelly: Can Naomi Long really say to the people here today that she knew somebody with a guide dog would not be able to bring that dog from Great Britain to Northern Ireland","type":"L","timestamp":"2023-11-09 13:21:33"},{"nodeID":"1318592","text":"Analysing","type":"YA","timestamp":"2023-11-09 13:21:33"},{"nodeID":"1318593","text":"Joanne: Emma Little-Pengelly: Can Naomi Long really say to the people here today that she knew somebody with a guide dog would not be able to bring that dog from Great Britain to Northern Ireland","type":"L","timestamp":"2023-11-09 13:21:33"},{"nodeID":"1318594","text":"Rhetorical Questioning","type":"YA","timestamp":"2023-11-09 13:21:33"},{"nodeID":"1318595","text":"Default Transition","type":"TA","timestamp":"2023-11-09 13:21:33"},{"nodeID":"1318596","text":"Naomi Long cannot really say that she knew that we would not be able to get access from our biggest medicines market of Great Britain","type":"I","timestamp":"2023-11-09 13:21:34"},{"nodeID":"1318597","text":"Emma Little-Pengelly: that we would not be able to get access from our biggest medicines market of Great Britain","type":"L","timestamp":"2023-11-09 13:21:34"},{"nodeID":"1318598","text":"Analysing","type":"YA","timestamp":"2023-11-09 13:21:34"},{"nodeID":"1318599","text":"Joanne: Emma Little-Pengelly: that we would not be able to get access from our biggest medicines market of Great Britain","type":"L","timestamp":"2023-11-09 13:21:34"},{"nodeID":"1318600","text":"Rhetorical Questioning","type":"YA","timestamp":"2023-11-09 13:21:34"},{"nodeID":"1318601","text":"Default Transition","type":"TA","timestamp":"2023-11-09 13:21:34"},{"nodeID":"1318602","text":"Naomi Long cannot really say that she knew that sausages and chilled goods would be stopped coming across the border","type":"I","timestamp":"2023-11-09 13:21:34"},{"nodeID":"1318603","text":"Emma Little-Pengelly: That sausages and chilled goods would be stopped coming across the border","type":"L","timestamp":"2023-11-09 13:21:34"},{"nodeID":"1318604","text":"Analysing","type":"YA","timestamp":"2023-11-09 13:21:34"},{"nodeID":"1318605","text":"Joanne: Emma Little-Pengelly: That sausages and chilled goods would be stopped coming across the border","type":"L","timestamp":"2023-11-09 13:21:34"},{"nodeID":"1318606","text":"Rhetorical Questioning","type":"YA","timestamp":"2023-11-09 13:21:34"},{"nodeID":"1318607","text":"Default Transition","type":"TA","timestamp":"2023-11-09 13:21:34"},{"nodeID":"1318608","text":"Default Rephrase","type":"MA","timestamp":"2023-11-09 13:21:34"},{"nodeID":"1318609","text":"Default Rephrase","type":"MA","timestamp":"2023-11-09 13:21:34"},{"nodeID":"1318610","text":"Restating","type":"YA","timestamp":"2023-11-09 13:21:34"},{"nodeID":"1318611","text":"Restating","type":"YA","timestamp":"2023-11-09 13:21:34"},{"nodeID":"1318612","text":"Default Inference","type":"RA","timestamp":"2023-11-09 13:21:34"},{"nodeID":"1318613","text":"Arguing","type":"YA","timestamp":"2023-11-09 13:21:34"},{"nodeID":"1318614","text":"Default Inference","type":"RA","timestamp":"2023-11-09 13:21:34"},{"nodeID":"1318615","text":"Default Transition","type":"TA","timestamp":"2023-11-09 13:21:34"},{"nodeID":"1318616","text":"Arguing","type":"YA","timestamp":"2023-11-09 13:21:34"}],"edges":[{"edgeID":"1730611","fromID":"1318519","toID":"1318518","formEdgeID":null},{"edgeID":"1730612","fromID":"1318520","toID":"1318519","formEdgeID":null},{"edgeID":"1730613","fromID":"1318518","toID":"1318521","formEdgeID":null},{"edgeID":"1730614","fromID":"1318521","toID":"1318517","formEdgeID":null},{"edgeID":"1730615","fromID":"1318524","toID":"1318523","formEdgeID":null},{"edgeID":"1730616","fromID":"1318525","toID":"1318524","formEdgeID":null},{"edgeID":"1730617","fromID":"1318523","toID":"1318526","formEdgeID":null},{"edgeID":"1730618","fromID":"1318526","toID":"1318522","formEdgeID":null},{"edgeID":"1730619","fromID":"1318518","toID":"1318527","formEdgeID":null},{"edgeID":"1730620","fromID":"1318527","toID":"1318523","formEdgeID":null},{"edgeID":"1730621","fromID":"1318530","toID":"1318529","formEdgeID":null},{"edgeID":"1730622","fromID":"1318531","toID":"1318530","formEdgeID":null},{"edgeID":"1730623","fromID":"1318529","toID":"1318532","formEdgeID":null},{"edgeID":"1730624","fromID":"1318532","toID":"1318528","formEdgeID":null},{"edgeID":"1730625","fromID":"1318523","toID":"1318533","formEdgeID":null},{"edgeID":"1730626","fromID":"1318533","toID":"1318529","formEdgeID":null},{"edgeID":"1730627","fromID":"1318528","toID":"1318534","formEdgeID":null},{"edgeID":"1730628","fromID":"1318534","toID":"1318517","formEdgeID":null},{"edgeID":"1730629","fromID":"1318518","toID":"1318535","formEdgeID":null},{"edgeID":"1730630","fromID":"1318535","toID":"1318529","formEdgeID":null},{"edgeID":"1730631","fromID":"1318535","toID":"1318536","formEdgeID":null},{"edgeID":"1730632","fromID":"1318536","toID":"1318534","formEdgeID":null},{"edgeID":"1730633","fromID":"1318539","toID":"1318538","formEdgeID":null},{"edgeID":"1730634","fromID":"1318540","toID":"1318539","formEdgeID":null},{"edgeID":"1730635","fromID":"1318538","toID":"1318541","formEdgeID":null},{"edgeID":"1730636","fromID":"1318541","toID":"1318537","formEdgeID":null},{"edgeID":"1730637","fromID":"1318529","toID":"1318542","formEdgeID":null},{"edgeID":"1730638","fromID":"1318542","toID":"1318538","formEdgeID":null},{"edgeID":"1730639","fromID":"1318545","toID":"1318544","formEdgeID":null},{"edgeID":"1730640","fromID":"1318546","toID":"1318545","formEdgeID":null},{"edgeID":"1730641","fromID":"1318544","toID":"1318547","formEdgeID":null},{"edgeID":"1730642","fromID":"1318547","toID":"1318543","formEdgeID":null},{"edgeID":"1730643","fromID":"1318538","toID":"1318548","formEdgeID":null},{"edgeID":"1730644","fromID":"1318548","toID":"1318544","formEdgeID":null},{"edgeID":"1730645","fromID":"1318543","toID":"1318549","formEdgeID":null},{"edgeID":"1730646","fromID":"1318549","toID":"1318537","formEdgeID":null},{"edgeID":"1730647","fromID":"1318548","toID":"1318550","formEdgeID":null},{"edgeID":"1730648","fromID":"1318550","toID":"1318549","formEdgeID":null},{"edgeID":"1730649","fromID":"1318553","toID":"1318552","formEdgeID":null},{"edgeID":"1730650","fromID":"1318554","toID":"1318553","formEdgeID":null},{"edgeID":"1730651","fromID":"1318552","toID":"1318555","formEdgeID":null},{"edgeID":"1730652","fromID":"1318555","toID":"1318551","formEdgeID":null},{"edgeID":"1730653","fromID":"1318544","toID":"1318556","formEdgeID":null},{"edgeID":"1730654","fromID":"1318556","toID":"1318552","formEdgeID":null},{"edgeID":"1730655","fromID":"1318551","toID":"1318557","formEdgeID":null},{"edgeID":"1730656","fromID":"1318557","toID":"1318522","formEdgeID":null},{"edgeID":"1730657","fromID":"1318523","toID":"1318558","formEdgeID":null},{"edgeID":"1730658","fromID":"1318558","toID":"1318552","formEdgeID":null},{"edgeID":"1730659","fromID":"1318558","toID":"1318559","formEdgeID":null},{"edgeID":"1730660","fromID":"1318559","toID":"1318557","formEdgeID":null},{"edgeID":"1730661","fromID":"1318562","toID":"1318561","formEdgeID":null},{"edgeID":"1730662","fromID":"1318563","toID":"1318562","formEdgeID":null},{"edgeID":"1730663","fromID":"1318561","toID":"1318564","formEdgeID":null},{"edgeID":"1730664","fromID":"1318564","toID":"1318560","formEdgeID":null},{"edgeID":"1730665","fromID":"1318552","toID":"1318565","formEdgeID":null},{"edgeID":"1730666","fromID":"1318565","toID":"1318561","formEdgeID":null},{"edgeID":"1730667","fromID":"1318568","toID":"1318567","formEdgeID":null},{"edgeID":"1730668","fromID":"1318569","toID":"1318568","formEdgeID":null},{"edgeID":"1730669","fromID":"1318567","toID":"1318570","formEdgeID":null},{"edgeID":"1730670","fromID":"1318570","toID":"1318566","formEdgeID":null},{"edgeID":"1730671","fromID":"1318561","toID":"1318571","formEdgeID":null},{"edgeID":"1730672","fromID":"1318571","toID":"1318567","formEdgeID":null},{"edgeID":"1730673","fromID":"1318566","toID":"1318572","formEdgeID":null},{"edgeID":"1730674","fromID":"1318572","toID":"1318560","formEdgeID":null},{"edgeID":"1730675","fromID":"1318571","toID":"1318573","formEdgeID":null},{"edgeID":"1730676","fromID":"1318573","toID":"1318572","formEdgeID":null},{"edgeID":"1730677","fromID":"1318576","toID":"1318575","formEdgeID":null},{"edgeID":"1730678","fromID":"1318577","toID":"1318576","formEdgeID":null},{"edgeID":"1730679","fromID":"1318575","toID":"1318578","formEdgeID":null},{"edgeID":"1730680","fromID":"1318578","toID":"1318574","formEdgeID":null},{"edgeID":"1730681","fromID":"1318567","toID":"1318579","formEdgeID":null},{"edgeID":"1730682","fromID":"1318579","toID":"1318575","formEdgeID":null},{"edgeID":"1730683","fromID":"1318582","toID":"1318581","formEdgeID":null},{"edgeID":"1730684","fromID":"1318583","toID":"1318582","formEdgeID":null},{"edgeID":"1730685","fromID":"1318585","toID":"1318584","formEdgeID":null},{"edgeID":"1730686","fromID":"1318586","toID":"1318585","formEdgeID":null},{"edgeID":"1730687","fromID":"1318584","toID":"1318587","formEdgeID":null},{"edgeID":"1730688","fromID":"1318587","toID":"1318580","formEdgeID":null},{"edgeID":"1730689","fromID":"1318581","toID":"1318588","formEdgeID":null},{"edgeID":"1730690","fromID":"1318588","toID":"1318584","formEdgeID":null},{"edgeID":"1730691","fromID":"1318575","toID":"1318589","formEdgeID":null},{"edgeID":"1730692","fromID":"1318589","toID":"1318581","formEdgeID":null},{"edgeID":"1730693","fromID":"1318592","toID":"1318591","formEdgeID":null},{"edgeID":"1730694","fromID":"1318593","toID":"1318592","formEdgeID":null},{"edgeID":"1730695","fromID":"1318591","toID":"1318594","formEdgeID":null},{"edgeID":"1730696","fromID":"1318594","toID":"1318590","formEdgeID":null},{"edgeID":"1730697","fromID":"1318581","toID":"1318595","formEdgeID":null},{"edgeID":"1730698","fromID":"1318595","toID":"1318591","formEdgeID":null},{"edgeID":"1730699","fromID":"1318598","toID":"1318597","formEdgeID":null},{"edgeID":"1730700","fromID":"1318599","toID":"1318598","formEdgeID":null},{"edgeID":"1730701","fromID":"1318597","toID":"1318600","formEdgeID":null},{"edgeID":"1730702","fromID":"1318600","toID":"1318596","formEdgeID":null},{"edgeID":"1730703","fromID":"1318591","toID":"1318601","formEdgeID":null},{"edgeID":"1730704","fromID":"1318601","toID":"1318597","formEdgeID":null},{"edgeID":"1730705","fromID":"1318604","toID":"1318603","formEdgeID":null},{"edgeID":"1730706","fromID":"1318605","toID":"1318604","formEdgeID":null},{"edgeID":"1730707","fromID":"1318603","toID":"1318606","formEdgeID":null},{"edgeID":"1730708","fromID":"1318606","toID":"1318602","formEdgeID":null},{"edgeID":"1730709","fromID":"1318597","toID":"1318607","formEdgeID":null},{"edgeID":"1730710","fromID":"1318607","toID":"1318603","formEdgeID":null},{"edgeID":"1730711","fromID":"1318602","toID":"1318608","formEdgeID":null},{"edgeID":"1730712","fromID":"1318608","toID":"1318596","formEdgeID":null},{"edgeID":"1730713","fromID":"1318596","toID":"1318609","formEdgeID":null},{"edgeID":"1730714","fromID":"1318609","toID":"1318590","formEdgeID":null},{"edgeID":"1730715","fromID":"1318601","toID":"1318610","formEdgeID":null},{"edgeID":"1730716","fromID":"1318610","toID":"1318609","formEdgeID":null},{"edgeID":"1730717","fromID":"1318607","toID":"1318611","formEdgeID":null},{"edgeID":"1730718","fromID":"1318611","toID":"1318608","formEdgeID":null},{"edgeID":"1730719","fromID":"1318560","toID":"1318612","formEdgeID":null},{"edgeID":"1730720","fromID":"1318612","toID":"1318551","formEdgeID":null},{"edgeID":"1730721","fromID":"1318565","toID":"1318613","formEdgeID":null},{"edgeID":"1730722","fromID":"1318613","toID":"1318612","formEdgeID":null},{"edgeID":"1730723","fromID":"1318574","toID":"1318614","formEdgeID":null},{"edgeID":"1730724","fromID":"1318614","toID":"1318590","formEdgeID":null},{"edgeID":"1730725","fromID":"1318575","toID":"1318615","formEdgeID":null},{"edgeID":"1730726","fromID":"1318615","toID":"1318591","formEdgeID":null},{"edgeID":"1730727","fromID":"1318615","toID":"1318616","formEdgeID":null},{"edgeID":"1730728","fromID":"1318616","toID":"1318614","formEdgeID":null}],"locutions":[]}