{"nodes":[{"nodeID":"1144664","text":"it is quite possible in a pandemic to say to somebody, \"I wish you every best\" and send them a card","type":"I","timestamp":"2023-04-20 10:08:52"},{"nodeID":"1144669","text":"maybe the Prime Minister should have been slightly more thoughtful in the way he conducted himself","type":"I","timestamp":"2023-04-20 10:08:54"},{"nodeID":"1144674","text":"how Robert Buckland could believe anything that Boris Johnson says at face value is beyond Naomi Long at this point","type":"I","timestamp":"2023-04-20 10:08:57"},{"nodeID":"1144680","text":"Naomi Long has a lot of respect for Robert Buckland, and they worked together in his previous role","type":"I","timestamp":"2023-04-20 10:08:59"},{"nodeID":"1144688","text":"if Boris Johnson told Naomi Long it was raining, she would have to put her hand out the window to check for herself","type":"I","timestamp":"2023-04-20 10:09:02"},{"nodeID":"1144698","text":"Boris Johnson is completely wrong","type":"I","timestamp":"2023-04-20 10:09:05"},{"nodeID":"1144706","text":"AudienceMember20220609QT284's difficulty having worked in the private sector and the charity sector, they worked every day during Covid, and they brought staff in to look after the children of doctors and nurses","type":"I","timestamp":"2023-04-20 10:09:08"},{"nodeID":"1144712","text":"AudienceMember20220609QT284 won't trust any politician in Northern Ireland, including the panel","type":"I","timestamp":"2023-04-20 10:09:10"},{"nodeID":"1144717","text":"if any politicians in Northern Ireland have told lies on one occasion, they've cheated","type":"I","timestamp":"2023-04-20 10:09:12"},{"nodeID":"1144725","text":"there's an inability to say sorry in your party, unless you follow your line","type":"I","timestamp":"2023-04-20 10:09:15"},{"nodeID":"1144733","text":"there's an inability to think for yourselves as politicians","type":"I","timestamp":"2023-04-20 10:09:17"},{"nodeID":"1144741","text":"we have to get politicians who put their job above the colour of their party","type":"I","timestamp":"2023-04-20 10:09:19"},{"nodeID":"1144747","text":"we haven't got politicians who put their job above the colour of their party","type":"I","timestamp":"2023-04-20 10:09:21"},{"nodeID":"1318939","text":"Naomi Long:  It is quite possible in a pandemic to say to somebody, \"I wish you every best\" and send them a card","type":"L","timestamp":"2023-11-09 13:22:04"},{"nodeID":"1318940","text":"Analysing","type":"YA","timestamp":"2023-11-09 13:22:04"},{"nodeID":"1318941","text":"Clara: Naomi Long:  It is quite possible in a pandemic to say to somebody, \"I wish you every best\" and send them a card","type":"L","timestamp":"2023-11-09 13:22:04"},{"nodeID":"1318942","text":"Asserting","type":"YA","timestamp":"2023-11-09 13:22:04"},{"nodeID":"1318943","text":"Naomi Long: Maybe the Prime Minister should have been slightly more thoughtful in the way he conducted himself","type":"L","timestamp":"2023-11-09 13:22:04"},{"nodeID":"1318944","text":"Analysing","type":"YA","timestamp":"2023-11-09 13:22:04"},{"nodeID":"1318945","text":"Clara: Naomi Long: Maybe the Prime Minister should have been slightly more thoughtful in the way he conducted himself","type":"L","timestamp":"2023-11-09 13:22:04"},{"nodeID":"1318946","text":"Asserting","type":"YA","timestamp":"2023-11-09 13:22:04"},{"nodeID":"1318947","text":"Naomi Long:  have to say, Robert, but how you could believe anything that Boris Johnson says at face value is beyond me at this point","type":"L","timestamp":"2023-11-09 13:22:05"},{"nodeID":"1318948","text":"Analysing","type":"YA","timestamp":"2023-11-09 13:22:05"},{"nodeID":"1318949","text":"Clara: Naomi Long:  have to say, Robert, I have a lot of respect for you, and we worked together in your previous role, but how you could believe anything that Boris Johnson says at face value is beyond me at this point","type":"L","timestamp":"2023-11-09 13:22:05"},{"nodeID":"1318950","text":"Asserting","type":"YA","timestamp":"2023-11-09 13:22:05"},{"nodeID":"1318951","text":"Default Transition","type":"TA","timestamp":"2023-11-09 13:22:05"},{"nodeID":"1318952","text":"Naomi Long: Robert, I have a lot of respect for you, and we worked together in your previous role","type":"L","timestamp":"2023-11-09 13:22:06"},{"nodeID":"1318953","text":"Analysing","type":"YA","timestamp":"2023-11-09 13:22:06"},{"nodeID":"1318954","text":"Clara: Naomi Long: Robert, I have a lot of respect for you, and we worked together in your previous role","type":"L","timestamp":"2023-11-09 13:22:06"},{"nodeID":"1318955","text":"Asserting","type":"YA","timestamp":"2023-11-09 13:22:06"},{"nodeID":"1318956","text":"Default Transition","type":"TA","timestamp":"2023-11-09 13:22:06"},{"nodeID":"1318957","text":"Default Conflict","type":"CA","timestamp":"2023-11-09 13:22:06"},{"nodeID":"1318958","text":"Disagreeing","type":"YA","timestamp":"2023-11-09 13:22:06"},{"nodeID":"1318959","text":"Naomi Long: If he told me it was raining, I would have to put my hand out the window to check for myself","type":"L","timestamp":"2023-11-09 13:22:06"},{"nodeID":"1318960","text":"Analysing","type":"YA","timestamp":"2023-11-09 13:22:06"},{"nodeID":"1318961","text":"Clara: Naomi Long: If he told me it was raining, I would have to put my hand out the window to check for myself","type":"L","timestamp":"2023-11-09 13:22:06"},{"nodeID":"1318962","text":"Asserting","type":"YA","timestamp":"2023-11-09 13:22:06"},{"nodeID":"1318963","text":"Default Transition","type":"TA","timestamp":"2023-11-09 13:22:06"},{"nodeID":"1318964","text":"Default Rephrase","type":"MA","timestamp":"2023-11-09 13:22:06"},{"nodeID":"1318965","text":"Restating","type":"YA","timestamp":"2023-11-09 13:22:06"},{"nodeID":"1318966","text":"Default Inference","type":"RA","timestamp":"2023-11-09 13:22:06"},{"nodeID":"1318967","text":"Arguing","type":"YA","timestamp":"2023-11-09 13:22:06"},{"nodeID":"1318968","text":"AudienceMember20220609QT284 : I agree with Boris Johnson is completely wrong","type":"L","timestamp":"2023-11-09 13:22:07"},{"nodeID":"1318969","text":"Analysing","type":"YA","timestamp":"2023-11-09 13:22:07"},{"nodeID":"1318970","text":"Clara: AudienceMember20220609QT284 : I agree with Boris Johnson is completely wrong","type":"L","timestamp":"2023-11-09 13:22:07"},{"nodeID":"1318971","text":"Asserting","type":"YA","timestamp":"2023-11-09 13:22:07"},{"nodeID":"1318972","text":"Default Rephrase","type":"MA","timestamp":"2023-11-09 13:22:07"},{"nodeID":"1318973","text":"Default Transition","type":"TA","timestamp":"2023-11-09 13:22:07"},{"nodeID":"1318974","text":"Restating","type":"YA","timestamp":"2023-11-09 13:22:07"},{"nodeID":"1318975","text":"AudienceMember20220609QT284 : My difficulty having worked in the private sector and the charity sector, we worked every day during Covid, and I brought staff in to look after the children of doctors and nurses","type":"L","timestamp":"2023-11-09 13:22:08"},{"nodeID":"1318976","text":"Analysing","type":"YA","timestamp":"2023-11-09 13:22:08"},{"nodeID":"1318977","text":"Clara: AudienceMember20220609QT284 : My difficulty having worked in the private sector and the charity sector, we worked every day during Covid, and I brought staff in to look after the children of doctors and nurses","type":"L","timestamp":"2023-11-09 13:22:08"},{"nodeID":"1318978","text":"Asserting","type":"YA","timestamp":"2023-11-09 13:22:08"},{"nodeID":"1318979","text":"Default Transition","type":"TA","timestamp":"2023-11-09 13:22:08"},{"nodeID":"1318980","text":"AudienceMember20220609QT284 :  won't trust any politician in Northern Ireland, including the panel","type":"L","timestamp":"2023-11-09 13:22:09"},{"nodeID":"1318981","text":"Analysing","type":"YA","timestamp":"2023-11-09 13:22:09"},{"nodeID":"1318982","text":"Clara: AudienceMember20220609QT284 :  won't trust any politician in Northern Ireland, including the panel","type":"L","timestamp":"2023-11-09 13:22:09"},{"nodeID":"1318983","text":"Asserting","type":"YA","timestamp":"2023-11-09 13:22:09"},{"nodeID":"1318984","text":"AudienceMember20220609QT284 : if any one of them have told lies on one occasion, they've cheated","type":"L","timestamp":"2023-11-09 13:22:09"},{"nodeID":"1318985","text":"Analysing","type":"YA","timestamp":"2023-11-09 13:22:09"},{"nodeID":"1318986","text":"Clara: AudienceMember20220609QT284 : if any one of them have told lies on one occasion, they've cheated","type":"L","timestamp":"2023-11-09 13:22:09"},{"nodeID":"1318987","text":"Asserting","type":"YA","timestamp":"2023-11-09 13:22:09"},{"nodeID":"1318988","text":"Default Inference","type":"RA","timestamp":"2023-11-09 13:22:09"},{"nodeID":"1318989","text":"Default Transition","type":"TA","timestamp":"2023-11-09 13:22:09"},{"nodeID":"1318990","text":"Arguing","type":"YA","timestamp":"2023-11-09 13:22:09"},{"nodeID":"1318991","text":"AudienceMember20220609QT284 : There's an inability to say sorry in your party, unless you follow your line","type":"L","timestamp":"2023-11-09 13:22:10"},{"nodeID":"1318992","text":"Analysing","type":"YA","timestamp":"2023-11-09 13:22:10"},{"nodeID":"1318993","text":"Clara: AudienceMember20220609QT284 : There's an inability to say sorry in your party, unless you follow your line","type":"L","timestamp":"2023-11-09 13:22:10"},{"nodeID":"1318994","text":"Asserting","type":"YA","timestamp":"2023-11-09 13:22:10"},{"nodeID":"1318995","text":"Default Rephrase","type":"MA","timestamp":"2023-11-09 13:22:10"},{"nodeID":"1318996","text":"Default Transition","type":"TA","timestamp":"2023-11-09 13:22:10"},{"nodeID":"1318997","text":"Restating","type":"YA","timestamp":"2023-11-09 13:22:10"},{"nodeID":"1318998","text":"AudienceMember20220609QT284 : There's an inability to think for yourselves as politicians","type":"L","timestamp":"2023-11-09 13:22:11"},{"nodeID":"1318999","text":"Analysing","type":"YA","timestamp":"2023-11-09 13:22:11"},{"nodeID":"1319000","text":"Clara: AudienceMember20220609QT284 : There's an inability to think for yourselves as politicians","type":"L","timestamp":"2023-11-09 13:22:11"},{"nodeID":"1319001","text":"Asserting","type":"YA","timestamp":"2023-11-09 13:22:11"},{"nodeID":"1319002","text":"Default Rephrase","type":"MA","timestamp":"2023-11-09 13:22:11"},{"nodeID":"1319003","text":"Default Transition","type":"TA","timestamp":"2023-11-09 13:22:11"},{"nodeID":"1319004","text":"Restating","type":"YA","timestamp":"2023-11-09 13:22:11"},{"nodeID":"1319005","text":"AudienceMember20220609QT284 : We have to get politicians who put their job above the colour of their party","type":"L","timestamp":"2023-11-09 13:22:11"},{"nodeID":"1319006","text":"Analysing","type":"YA","timestamp":"2023-11-09 13:22:11"},{"nodeID":"1319007","text":"Clara: AudienceMember20220609QT284 : We have to get politicians who put their job above the colour of their party","type":"L","timestamp":"2023-11-09 13:22:11"},{"nodeID":"1319008","text":"Asserting","type":"YA","timestamp":"2023-11-09 13:22:11"},{"nodeID":"1319009","text":"Default Transition","type":"TA","timestamp":"2023-11-09 13:22:11"},{"nodeID":"1319010","text":"AudienceMember20220609QT284 : we haven't got that","type":"L","timestamp":"2023-11-09 13:22:12"},{"nodeID":"1319011","text":"Analysing","type":"YA","timestamp":"2023-11-09 13:22:12"},{"nodeID":"1319012","text":"Clara: AudienceMember20220609QT284 : we haven't got that","type":"L","timestamp":"2023-11-09 13:22:12"},{"nodeID":"1319013","text":"Asserting","type":"YA","timestamp":"2023-11-09 13:22:12"},{"nodeID":"1319014","text":"Default Transition","type":"TA","timestamp":"2023-11-09 13:22:12"},{"nodeID":"1319015","text":"Default Inference","type":"RA","timestamp":"2023-11-09 13:22:12"},{"nodeID":"1319016","text":"Arguing","type":"YA","timestamp":"2023-11-09 13:22:12"},{"nodeID":"1319017","text":"Default Conflict","type":"CA","timestamp":"2023-11-09 13:22:12"},{"nodeID":"1319018","text":"Default Transition","type":"TA","timestamp":"2023-11-09 13:22:12"},{"nodeID":"1319019","text":"Disagreeing","type":"YA","timestamp":"2023-11-09 13:22:12"},{"nodeID":"1319020","text":"Default Transition","type":"TA","timestamp":"2023-11-09 13:22:12"}],"edges":[{"edgeID":"1731141","fromID":"1318940","toID":"1318939","formEdgeID":null},{"edgeID":"1731142","fromID":"1318941","toID":"1318940","formEdgeID":null},{"edgeID":"1731143","fromID":"1318939","toID":"1318942","formEdgeID":null},{"edgeID":"1731144","fromID":"1318942","toID":"1144664","formEdgeID":null},{"edgeID":"1731145","fromID":"1318944","toID":"1318943","formEdgeID":null},{"edgeID":"1731146","fromID":"1318945","toID":"1318944","formEdgeID":null},{"edgeID":"1731147","fromID":"1318943","toID":"1318946","formEdgeID":null},{"edgeID":"1731148","fromID":"1318946","toID":"1144669","formEdgeID":null},{"edgeID":"1731149","fromID":"1318948","toID":"1318947","formEdgeID":null},{"edgeID":"1731150","fromID":"1318949","toID":"1318948","formEdgeID":null},{"edgeID":"1731151","fromID":"1318947","toID":"1318950","formEdgeID":null},{"edgeID":"1731152","fromID":"1318950","toID":"1144674","formEdgeID":null},{"edgeID":"1731153","fromID":"1318943","toID":"1318951","formEdgeID":null},{"edgeID":"1731154","fromID":"1318951","toID":"1318947","formEdgeID":null},{"edgeID":"1731155","fromID":"1318953","toID":"1318952","formEdgeID":null},{"edgeID":"1731156","fromID":"1318954","toID":"1318953","formEdgeID":null},{"edgeID":"1731157","fromID":"1318952","toID":"1318955","formEdgeID":null},{"edgeID":"1731158","fromID":"1318955","toID":"1144680","formEdgeID":null},{"edgeID":"1731159","fromID":"1318947","toID":"1318956","formEdgeID":null},{"edgeID":"1731160","fromID":"1318956","toID":"1318952","formEdgeID":null},{"edgeID":"1731161","fromID":"1144680","toID":"1318957","formEdgeID":null},{"edgeID":"1731162","fromID":"1318957","toID":"1144674","formEdgeID":null},{"edgeID":"1731163","fromID":"1318956","toID":"1318958","formEdgeID":null},{"edgeID":"1731164","fromID":"1318958","toID":"1318957","formEdgeID":null},{"edgeID":"1731165","fromID":"1318960","toID":"1318959","formEdgeID":null},{"edgeID":"1731166","fromID":"1318961","toID":"1318960","formEdgeID":null},{"edgeID":"1731167","fromID":"1318959","toID":"1318962","formEdgeID":null},{"edgeID":"1731168","fromID":"1318962","toID":"1144688","formEdgeID":null},{"edgeID":"1731169","fromID":"1318947","toID":"1318963","formEdgeID":null},{"edgeID":"1731170","fromID":"1318963","toID":"1318959","formEdgeID":null},{"edgeID":"1731171","fromID":"1144688","toID":"1318964","formEdgeID":null},{"edgeID":"1731172","fromID":"1318964","toID":"1144674","formEdgeID":null},{"edgeID":"1731173","fromID":"1318963","toID":"1318965","formEdgeID":null},{"edgeID":"1731174","fromID":"1318965","toID":"1318964","formEdgeID":null},{"edgeID":"1731175","fromID":"1318939","toID":"1318951","formEdgeID":null},{"edgeID":"1731176","fromID":"1144674","toID":"1318966","formEdgeID":null},{"edgeID":"1731177","fromID":"1318966","toID":"1144669","formEdgeID":null},{"edgeID":"1731178","fromID":"1144664","toID":"1318966","formEdgeID":null},{"edgeID":"1731179","fromID":"1318951","toID":"1318967","formEdgeID":null},{"edgeID":"1731180","fromID":"1318967","toID":"1318966","formEdgeID":null},{"edgeID":"1731181","fromID":"1318969","toID":"1318968","formEdgeID":null},{"edgeID":"1731182","fromID":"1318970","toID":"1318969","formEdgeID":null},{"edgeID":"1731183","fromID":"1318968","toID":"1318971","formEdgeID":null},{"edgeID":"1731184","fromID":"1318971","toID":"1144698","formEdgeID":null},{"edgeID":"1731185","fromID":"1144698","toID":"1318972","formEdgeID":null},{"edgeID":"1731186","fromID":"1318972","toID":"1144688","formEdgeID":null},{"edgeID":"1731187","fromID":"1318959","toID":"1318973","formEdgeID":null},{"edgeID":"1731188","fromID":"1318973","toID":"1318968","formEdgeID":null},{"edgeID":"1731189","fromID":"1318973","toID":"1318974","formEdgeID":null},{"edgeID":"1731190","fromID":"1318974","toID":"1318972","formEdgeID":null},{"edgeID":"1731191","fromID":"1318976","toID":"1318975","formEdgeID":null},{"edgeID":"1731192","fromID":"1318977","toID":"1318976","formEdgeID":null},{"edgeID":"1731193","fromID":"1318975","toID":"1318978","formEdgeID":null},{"edgeID":"1731194","fromID":"1318978","toID":"1144706","formEdgeID":null},{"edgeID":"1731195","fromID":"1318968","toID":"1318979","formEdgeID":null},{"edgeID":"1731196","fromID":"1318979","toID":"1318975","formEdgeID":null},{"edgeID":"1731197","fromID":"1318981","toID":"1318980","formEdgeID":null},{"edgeID":"1731198","fromID":"1318982","toID":"1318981","formEdgeID":null},{"edgeID":"1731199","fromID":"1318980","toID":"1318983","formEdgeID":null},{"edgeID":"1731200","fromID":"1318983","toID":"1144712","formEdgeID":null},{"edgeID":"1731201","fromID":"1318985","toID":"1318984","formEdgeID":null},{"edgeID":"1731202","fromID":"1318986","toID":"1318985","formEdgeID":null},{"edgeID":"1731203","fromID":"1318984","toID":"1318987","formEdgeID":null},{"edgeID":"1731204","fromID":"1318987","toID":"1144717","formEdgeID":null},{"edgeID":"1731205","fromID":"1144717","toID":"1318988","formEdgeID":null},{"edgeID":"1731206","fromID":"1318988","toID":"1144712","formEdgeID":null},{"edgeID":"1731207","fromID":"1318980","toID":"1318989","formEdgeID":null},{"edgeID":"1731208","fromID":"1318989","toID":"1318984","formEdgeID":null},{"edgeID":"1731209","fromID":"1318989","toID":"1318990","formEdgeID":null},{"edgeID":"1731210","fromID":"1318990","toID":"1318988","formEdgeID":null},{"edgeID":"1731211","fromID":"1318992","toID":"1318991","formEdgeID":null},{"edgeID":"1731212","fromID":"1318993","toID":"1318992","formEdgeID":null},{"edgeID":"1731213","fromID":"1318991","toID":"1318994","formEdgeID":null},{"edgeID":"1731214","fromID":"1318994","toID":"1144725","formEdgeID":null},{"edgeID":"1731215","fromID":"1144725","toID":"1318995","formEdgeID":null},{"edgeID":"1731216","fromID":"1318995","toID":"1144717","formEdgeID":null},{"edgeID":"1731217","fromID":"1318984","toID":"1318996","formEdgeID":null},{"edgeID":"1731218","fromID":"1318996","toID":"1318991","formEdgeID":null},{"edgeID":"1731219","fromID":"1318996","toID":"1318997","formEdgeID":null},{"edgeID":"1731220","fromID":"1318997","toID":"1318995","formEdgeID":null},{"edgeID":"1731221","fromID":"1318999","toID":"1318998","formEdgeID":null},{"edgeID":"1731222","fromID":"1319000","toID":"1318999","formEdgeID":null},{"edgeID":"1731223","fromID":"1318998","toID":"1319001","formEdgeID":null},{"edgeID":"1731224","fromID":"1319001","toID":"1144733","formEdgeID":null},{"edgeID":"1731225","fromID":"1144733","toID":"1319002","formEdgeID":null},{"edgeID":"1731226","fromID":"1319002","toID":"1144725","formEdgeID":null},{"edgeID":"1731227","fromID":"1318991","toID":"1319003","formEdgeID":null},{"edgeID":"1731228","fromID":"1319003","toID":"1318998","formEdgeID":null},{"edgeID":"1731229","fromID":"1319003","toID":"1319004","formEdgeID":null},{"edgeID":"1731230","fromID":"1319004","toID":"1319002","formEdgeID":null},{"edgeID":"1731231","fromID":"1319006","toID":"1319005","formEdgeID":null},{"edgeID":"1731232","fromID":"1319007","toID":"1319006","formEdgeID":null},{"edgeID":"1731233","fromID":"1319005","toID":"1319008","formEdgeID":null},{"edgeID":"1731234","fromID":"1319008","toID":"1144741","formEdgeID":null},{"edgeID":"1731235","fromID":"1318998","toID":"1319009","formEdgeID":null},{"edgeID":"1731236","fromID":"1319009","toID":"1319005","formEdgeID":null},{"edgeID":"1731237","fromID":"1319011","toID":"1319010","formEdgeID":null},{"edgeID":"1731238","fromID":"1319012","toID":"1319011","formEdgeID":null},{"edgeID":"1731239","fromID":"1319010","toID":"1319013","formEdgeID":null},{"edgeID":"1731240","fromID":"1319013","toID":"1144747","formEdgeID":null},{"edgeID":"1731241","fromID":"1318980","toID":"1319014","formEdgeID":null},{"edgeID":"1731242","fromID":"1319014","toID":"1319010","formEdgeID":null},{"edgeID":"1731243","fromID":"1144712","toID":"1319015","formEdgeID":null},{"edgeID":"1731244","fromID":"1319015","toID":"1144747","formEdgeID":null},{"edgeID":"1731245","fromID":"1319014","toID":"1319016","formEdgeID":null},{"edgeID":"1731246","fromID":"1319016","toID":"1319015","formEdgeID":null},{"edgeID":"1731247","fromID":"1144747","toID":"1319017","formEdgeID":null},{"edgeID":"1731248","fromID":"1319017","toID":"1144741","formEdgeID":null},{"edgeID":"1731249","fromID":"1319005","toID":"1319018","formEdgeID":null},{"edgeID":"1731250","fromID":"1319018","toID":"1319010","formEdgeID":null},{"edgeID":"1731251","fromID":"1319018","toID":"1319019","formEdgeID":null},{"edgeID":"1731252","fromID":"1319019","toID":"1319017","formEdgeID":null},{"edgeID":"1731253","fromID":"1318975","toID":"1319020","formEdgeID":null},{"edgeID":"1731254","fromID":"1319020","toID":"1318980","formEdgeID":null}],"locutions":[]}